1 3
1 9
3 9
3 10
10 9
2 3
2 8
3 8
10 2
1 18
9 18
8 17
17 16
17 2
16 2
1 5
5 3
9 4
9 31
4 31
8 5
8 6
5 6
10 4
4 7
10 7
17 6
17 64
6 64
16 10
16 7
11 13
11 12
13 12
55 17
55 64
174 13
174 11
183 13
183 174
16 55
14 12
14 13
13 15
15 186
15 14
186 14
15 183
15 198
183 198
37 62
37 38
62 38
36 22
36 61
22 61
9 19
31 19
20 1
20 43
1 43
5 20
33 63
33 76
63 76
22 34
36 34
22 74
34 74
31 21
4 21
49 31
49 21
23 28
23 42
28 42
32 28
32 23
30 32
30 23
80 33
80 76
21 7
21 25
7 25
18 43
29 78
29 63
78 63
35 32
35 27
32 27
29 33
29 227
33 227
34 35
34 222
35 222
33 37
80 37
6 20
20 24
34 226
222 226
226 74
6 24
28 36
36 42
37 83
80 83
35 28
36 35
37 227
39 35
39 27
40 35
40 39
222 40
62 26
42 61
42 277
61 277
249 63
249 260
63 260
70 61
70 22
74 70
59 20
59 43
46 223
46 19
223 19
51 68
51 252
68 252
65 68
65 51
23 238
42 238
71 118
71 224
118 224
31 46
48 69
48 451
69 451
65 85
65 84
85 84
67 62
67 86
62 86
46 49
250 46
250 49
51 72
51 85
72 85
82 27
82 75
27 75
30 47
23 47
80 299
80 236
299 236
49 50
21 50
48 73
73 69
50 25
50 53
25 53
223 69
223 73
60 69
60 223
77 41
77 67
41 67
30 27
47 27
47 75
82 39
83 62
81 48
81 253
48 253
43 81
43 253
255 85
255 72
73 81
74 45
45 70
73 19
41 26
41 62
85 257
67 242
86 242
78 254
78 293
254 293
260 78
260 293
18 81
73 18
65 79
79 68
66 79
66 65
76 299
66 84
86 83
87 54
87 247
54 247
83 236
83 242
236 242
128 125
128 90
125 90
360 128
360 90
88 124
88 401
124 401
116 124
116 88
226 117
222 117
409 145
409 103
145 103
125 396
401 129
401 405
129 405
124 129
60 44
223 44
115 224
115 118
82 225
225 39
225 40
40 122
225 122
129 131
129 101
131 101
101 405
121 115
121 118
91 115
91 121
117 122
117 93
122 93
40 117
239 57
239 16
57 16
57 7
57 25
57 53
116 142
142 124
145 134
134 103
133 116
133 106
116 106
106 391
91 123
91 96
123 96
411 120
411 130
120 130
58 239
58 16
142 133
133 137
123 121
129 142
142 148
130 98
74 52
226 52
226 100
123 99
131 148
129 148
148 153
141 130
141 138
130 138
146 130
146 141
148 137
142 137
137 151
226 105
117 105
105 100
98 155
98 102
155 102
105 93
148 151
55 56
16 56
151 154
151 153
154 153
145 149
409 149
149 152
158 101
158 131
155 146
98 146
145 156
156 134
135 133
135 391
133 391
391 407
71 454
71 126
454 126
454 119
107 134
107 156
156 160
137 135
135 140
162 131
162 153
131 153
158 162
126 127
155 108
155 430
108 430
71 127
127 118
156 152
145 152
152 165
143 135
143 407
135 407
136 119
136 132
119 132
143 147
143 140
147 140
126 119
126 136
87 162
247 162
247 158
156 165
165 172
165 160
172 160
141 169
138 169
169 171
151 140
137 140
140 11
11 151
127 136
136 139
167 153
167 154
162 167
173 141
173 171
141 171
146 173
179 162
179 167
87 179
127 144
144 118
113 182
113 425
182 425
151 12
154 12
68 169
68 176
169 176
150 118
150 144
121 150
107 180
107 113
180 113
179 184
87 184
184 54
79 171
171 68
173 79
147 11
144 139
127 139
182 180
181 146
181 173
155 181
54 454
184 454
150 139
139 157
182 120
120 425
416 143
416 407
108 181
159 143
159 416
164 132
164 161
132 161
136 164
163 143
163 159
147 163
79 181
181 66
139 164
164 168
109 159
109 416
166 159
166 109
181 84
170 159
170 166
163 170
164 200
161 200
200 175
164 175
175 177
175 168
177 168
163 174
163 11
180 160
107 160
160 188
191 180
191 188
180 188
182 191
139 168
168 185
168 157
185 157
178 163
178 170
174 178
172 193
172 188
193 188
195 188
195 193
191 195
178 183
108 84
108 111
84 111
84 257
185 177
177 187
130 182
130 191
167 12
14 167
190 121
190 150
123 190
186 167
179 186
89 123
89 190
138 191
138 195
190 157
150 157
157 194
189 179
189 186
184 189
92 190
92 194
190 194
89 92
201 149
201 110
149 110
110 94
119 184
119 189
89 99
152 201
201 202
192 186
192 15
189 192
203 201
203 94
201 94
97 203
97 94
132 189
132 192
185 197
185 194
197 194
203 205
203 202
205 202
92 197
197 95
165 202
152 202
202 207
197 187
185 187
187 199
172 207
165 207
207 209
183 196
196 198
197 199
199 95
207 205
205 210
192 198
207 210
210 38
210 209
38 209
161 192
161 198
196 200
200 198
175 220
200 220
220 204
203 78
97 78
97 254
177 204
175 204
204 212
112 166
112 109
78 205
204 128
220 128
128 403
205 29
206 166
206 112
170 206
204 403
205 227
227 210
37 210
187 212
177 212
436 206
436 112
214 172
214 209
172 209
193 214
208 170
208 206
178 208
195 214
214 216
211 178
211 208
183 211
104 212
104 403
212 403
187 104
208 114
206 114
214 26
209 26
213 208
213 114
211 213
41 228
228 26
228 214
228 216
442 206
442 436
138 216
195 216
216 217
187 215
215 199
217 169
217 138
213 390
114 390
41 216
77 216
77 217
215 104
169 77
77 176
196 211
211 218
213 219
213 218
219 218
219 125
125 218
200 218
196 218
218 220
220 125
219 390
390 221
125 221
219 221
221 396
67 246
55 230
64 230
230 231
229 247
229 282
247 282
55 231
287 362
287 451
362 451
69 287
245 448
245 235
448 235
60 287
245 287
245 60
58 56
58 233
56 233
60 448
70 277
252 176
252 251
176 251
249 291
260 291
240 23
240 238
298 286
298 272
286 272
176 246
77 246
246 251
301 232
301 253
232 253
47 240
288 47
288 240
301 48
448 44
54 282
292 282
292 54
302 253
302 232
50 250
283 251
283 248
251 248
236 289
289 242
259 224
259 296
224 296
76 249
76 256
249 256
290 47
290 288
256 299
252 283
57 237
261 255
261 300
255 300
239 237
59 253
59 234
253 234
258 292
258 454
292 454
243 257
243 261
257 261
261 244
255 298
72 298
298 303
258 71
258 259
71 259
239 233
286 252
286 283
261 85
472 260
472 293
45 52
24 59
24 234
234 230
230 24
64 24
255 303
286 51
289 262
286 72
242 262
246 262
67 262
262 248
246 248
266 287
266 468
287 468
287 264
264 468
229 263
282 263
472 285
285 260
264 235
264 284
235 284
282 596
230 265
264 245
238 277
238 241
277 241
305 287
305 266
289 267
236 267
254 309
309 293
231 273
231 56
273 56
285 291
233 273
233 270
273 270
277 462
70 462
305 362
283 272
294 289
294 267
267 481
261 774
774 244
268 770
268 232
770 232
309 635
283 271
292 596
294 482
294 297
482 297
70 497
45 497
497 462
256 291
279 497
279 45
472 635
293 635
240 280
238 280
269 284
269 235
276 232
276 770
458 291
458 513
291 513
256 458
269 295
269 474
295 474
298 478
272 478
471 296
471 766
296 766
302 276
275 302
275 276
509 596
509 292
295 235
479 298
479 478
509 259
509 471
259 471
241 280
258 509
278 302
278 275
239 274
274 237
289 297
297 262
290 765
288 765
307 290
307 765
278 253
297 484
297 248
484 248
279 52
279 333
52 333
274 233
274 270
283 484
484 483
234 278
283 483
234 281
278 281
230 281
303 480
303 300
480 300
299 476
256 476
267 299
267 476
480 479
303 479
364 358
364 304
358 304
766 361
766 637
361 637
296 361
637 363
637 313
363 313
361 363
370 306
370 308
306 308
367 370
367 308
368 360
368 90
396 368
396 90
448 295
295 366
448 366
307 75
75 290
310 364
310 304
377 364
377 310
375 377
375 310
82 314
75 314
368 371
371 360
295 633
633 474
224 449
449 296
371 315
371 316
315 316
320 268
320 362
268 362
362 301
268 301
370 381
367 381
381 386
449 361
361 115
449 115
365 82
365 314
295 311
366 311
381 681
381 387
681 387
311 633
91 361
363 91
365 225
377 389
375 389
389 94
414 316
414 732
316 732
250 44
44 46
387 391
387 386
391 386
689 414
689 732
313 369
313 646
369 646
363 369
321 378
321 376
378 376
657 378
657 321
366 44
366 250
250 372
320 305
369 380
369 317
380 317
317 646
88 319
88 318
319 318
94 395
389 395
225 322
365 322
373 225
373 322
122 373
675 673
675 434
673 434
50 450
450 250
122 379
379 93
319 405
319 324
405 324
373 379
384 378
384 657
383 317
383 380
450 372
326 254
326 97
395 326
395 97
301 451
643 373
643 322
675 400
434 400
382 378
382 384
326 309
369 91
372 311
372 366
306 88
306 318
394 382
394 384
390 382
390 394
404 675
404 400
679 675
679 404
379 643
385 379
385 643
96 369
393 369
393 96
380 393
401 319
659 385
659 643
453 452
453 237
452 237
452 53
452 50
452 450
99 393
99 96
450 453
88 370
370 116
397 380
397 393
383 397
89 374
374 99
388 374
388 89
341 333
341 100
333 100
679 701
404 701
274 453
396 390
396 394
394 399
402 752
402 330
752 330
349 374
349 388
334 374
334 349
358 402
358 330
323 397
323 325
397 325
383 323
92 388
105 341
406 752
406 402
402 103
405 327
327 324
388 392
374 393
397 374
411 400
400 120
358 409
409 402
332 399
332 394
334 397
417 400
417 411
404 417
101 327
368 399
396 399
399 337
398 388
398 92
105 674
93 674
341 674
92 95
370 386
370 106
386 106
371 337
368 337
337 315
334 325
398 328
398 392
328 392
337 332
406 103
406 134
98 417
98 411
674 379
674 682
379 682
327 410
327 329
410 329
427 398
427 95
398 95
339 387
339 681
418 404
418 417
379 346
385 346
346 682
410 263
346 659
410 101
158 410
427 328
418 435
418 336
435 336
331 418
331 336
701 418
701 331
391 339
339 407
418 423
417 423
409 364
364 149
229 158
229 410
428 418
428 423
435 428
360 412
360 403
412 403
98 423
102 423
364 110
377 110
428 102
416 339
416 413
339 413
412 371
430 428
430 102
335 424
335 340
424 340
338 424
338 335
406 749
749 752
413 109
340 429
340 343
429 343
424 429
422 413
422 348
413 348
429 432
429 344
432 344
344 343
104 412
412 414
414 104
109 422
437 428
437 430
435 437
316 412
94 377
437 444
437 345
444 345
435 345
415 749
415 406
134 415
426 422
426 348
708 426
708 348
419 95
419 199
215 419
408 415
408 134
107 408
441 437
441 430
108 441
104 420
424 347
338 347
347 440
350 426
350 708
312 426
312 350
444 441
429 440
424 440
440 443
420 419
420 215
433 419
433 420
445 347
445 438
347 438
440 445
427 419
445 446
445 443
446 443
408 431
408 753
431 753
686 328
686 427
421 753
421 431
427 433
111 441
445 351
438 351
447 445
447 351
352 447
352 351
431 107
113 431
455 441
455 111
444 455
425 431
353 447
353 354
447 354
445 353
446 353
420 414
689 420
356 447
356 352
422 112
257 455
257 111
243 455
433 689
421 434
421 355
434 355
431 434
444 456
455 456
426 436
426 112
673 355
429 443
429 357
443 357
432 357
244 456
244 243
456 243
434 425
433 342
689 342
439 426
439 312
436 439
400 425
443 359
446 359
359 357
439 442
359 353
695 433
695 342
427 695
686 695
376 439
376 312
378 439
442 378
378 114
382 114
442 114
487 596
487 509
776 671
776 470
671 470
638 285
638 472
473 482
473 465
482 465
264 498
272 515
671 666
776 666
300 477
300 469
477 469
275 457
278 457
457 281
264 460
460 498
476 458
476 512
458 512
291 475
475 513
671 459
285 475
281 510
281 265
510 265
497 528
279 528
460 284
280 467
514 267
514 476
288 467
240 467
493 265
493 510
512 514
480 477
284 463
493 231
469 774
469 261
269 463
231 461
493 461
273 461
474 463
464 273
464 461
481 482
481 294
274 667
270 667
481 514
270 464
270 769
464 769
480 466
479 466
481 465
482 484
271 483
271 485
483 485
473 484
483 473
485 515
272 271
271 515
487 486
509 486
469 764
764 774
671 511
486 471
486 495
471 495
460 494
481 492
514 492
469 533
533 764
460 463
463 494
241 489
277 489
475 488
462 489
493 1166
1166 461
515 810
515 478
810 478
481 516
516 465
477 533
495 766
495 1335
766 1335
463 496
490 513
490 488
513 488
516 492
477 1095
1095 533
1166 1151
493 1151
490 458
512 492
490 512
516 809
492 809
497 788
528 788
461 1165
491 516
491 809
516 517
517 465
288 501
467 501
464 1165
465 520
520 810
520 515
520 517
517 867
517 491
466 477
498 499
498 468
499 468
502 518
502 876
518 876
876 806
518 519
518 503
519 503
876 503
478 521
473 520
473 485
520 485
479 521
521 466
636 644
636 389
644 389
375 636
1096 641
1096 1091
641 1091
545 639
545 542
639 542
527 633
527 311
526 642
526 524
642 524
644 647
644 395
647 395
655 639
655 545
652 639
652 655
527 522
522 633
650 647
650 812
647 812
812 815
501 765
649 578
649 531
578 531
535 649
535 531
634 649
634 535
307 532
765 532
1335 637
1335 530
637 530
320 767
320 523
767 523
642 320
642 523
645 1224
645 1205
1224 1205
1205 547
632 650
632 815
650 815
815 525
641 321
641 376
312 641
535 1141
637 534
313 534
534 530
532 539
395 650
650 326
556 655
556 545
1333 655
1333 556
665 1163
665 541
1163 541
557 665
557 541
635 632
635 525
632 525
536 527
536 311
372 536
767 468
767 499
499 523
529 645
529 558
645 558
1224 529
326 632
632 309
525 1194
321 548
641 548
314 307
314 539
307 539
654 665
654 557
463 543
305 767
540 635
540 1194
635 1194
638 635
638 540
767 266
670 1163
670 665
551 1163
551 670
548 657
665 673
654 673
675 665
549 314
549 539
365 549
679 665
670 679
671 652
666 652
652 672
450 536
661 536
661 450
474 640
640 463
551 685
670 685
658 1160
658 669
1160 669
640 543
671 672
672 565
672 511
565 511
549 553
658 634
658 1141
634 1141
308 634
308 658
554 645
554 547
645 547
693 670
693 679
640 550
534 646
534 537
646 537
544 638
544 540
768 638
768 544
365 553
306 634
649 306
537 651
537 1123
651 1123
664 661
664 450
453 664
548 1096
646 651
554 653
653 645
546 2016
546 552
2016 552
693 564
693 1220
564 1220
690 652
690 655
672 690
685 693
685 1220
308 669
285 768
561 322
561 553
322 553
643 561
558 653
558 1257
653 1257
274 664
565 690
1171 669
1171 1160
633 640
660 642
660 526
648 660
648 526
768 475
562 643
562 561
384 676
657 676
677 669
677 1171
317 651
640 522
522 550
667 664
653 1282
554 1282
562 659
1123 656
1123 560
656 560
651 656
660 320
701 693
565 777
777 511
1179 677
1179 1171
681 677
681 1179
660 538
648 538
538 770
770 660
698 384
698 676
394 698
331 693
564 331
663 560
663 656
661 555
664 555
657 1107
1107 1110
1107 676
1110 676
677 381
562 964
562 662
964 662
660 268
656 317
383 656
696 655
696 1333
381 669
367 669
690 696
668 562
668 662
659 668
698 1110
1110 559
1303 653
1303 1282
664 1158
667 1158
1158 555
323 656
663 323
690 570
696 570
566 279
566 333
565 570
528 566
538 546
538 276
546 276
653 1305
1303 1305
1305 1257
331 712
331 568
712 568
564 568
566 341
566 506
341 506
323 569
323 1175
569 1175
663 1175
649 692
692 578
546 275
275 552
712 336
579 578
579 692
692 694
1158 769
667 769
332 698
569 325
678 569
678 325
692 318
649 318
552 457
576 341
576 674
319 692
569 575
678 575
435 712
563 698
563 559
698 559
332 563
579 697
579 585
697 585
694 697
694 579
334 678
683 678
683 334
332 704
712 718
712 574
718 574
435 718
575 683
575 1181
683 1181
457 510
510 771
457 771
315 704
337 704
697 319
694 319
346 577
567 332
567 563
345 718
1231 681
1231 1179
688 681
688 1231
700 697
700 324
697 324
682 577
682 576
577 576
573 704
573 567
704 567
500 772
500 502
772 502
502 684
772 684
772 505
718 724
345 724
691 577
691 346
688 339
659 691
585 700
585 706
700 706
688 413
687 684
687 505
684 505
572 687
572 505
680 687
680 572
577 581
691 581
327 700
691 668
668 740
586 688
586 1231
687 519
519 684
519 502
329 700
691 740
740 581
444 724
727 724
727 444
689 735
735 342
680 582
582 687
329 263
329 1243
263 1243
706 329
706 1243
727 1268
586 413
503 687
503 582
695 588
702 668
702 662
1111 702
1111 662
263 592
456 727
600 721
600 1271
721 1271
747 721
747 600
735 695
699 695
699 735
263 596
727 731
456 731
709 702
709 1111
587 709
587 1111
586 348
723 715
723 583
715 583
1271 723
1271 583
695 571
699 571
1174 695
1174 571
584 715
584 723
723 726
349 683
703 683
703 349
707 708
707 348
586 707
733 456
733 244
714 587
714 590
587 590
709 714
723 721
721 728
683 1185
703 1185
1185 1181
723 728
705 703
705 349
349 392
504 773
504 786
773 786
773 335
773 338
338 507
773 507
717 590
717 716
590 716
714 717
774 733
733 508
774 508
708 589
707 589
711 708
711 589
705 1185
711 350
790 775
790 720
775 720
850 775
850 790
710 705
710 392
705 392
328 710
717 719
716 719
719 722
737 584
737 726
584 726
1285 584
1285 737
591 711
591 589
713 711
713 591
786 335
786 775
335 775
340 775
1285 593
737 593
350 713
713 312
719 594
340 720
343 720
764 508
594 597
594 734
597 734
737 739
726 739
790 603
720 603
722 594
722 734
734 730
1091 713
1091 591
742 737
742 739
603 344
603 606
344 606
720 344
597 598
598 734
710 686
710 1207
686 1207
641 713
344 608
432 608
734 738
608 606
593 742
593 745
742 745
588 1207
588 686
740 702
610 338
610 507
347 610
740 601
612 347
612 610
438 612
588 1174
747 749
749 721
740 709
709 743
600 1254
614 351
614 612
351 612
725 351
725 614
315 1239
1239 316
601 743
601 604
743 604
740 743
614 616
743 714
714 746
725 352
604 746
604 607
746 607
743 746
746 717
725 356
728 749
728 415
1239 599
599 316
408 728
726 728
726 408
356 729
356 354
729 354
746 722
717 722
722 748
746 748
746 611
748 611
611 607
580 747
580 1254
747 1254
752 747
752 580
736 725
736 616
725 616
616 619
1239 704
722 750
750 748
1273 736
1273 619
736 619
748 613
750 613
613 611
741 725
741 736
356 741
595 704
595 573
1239 595
580 330
750 730
722 730
356 623
741 623
729 623
622 729
622 623
744 736
744 1273
741 744
726 753
751 730
751 738
730 738
750 751
744 623
755 739
755 753
739 753
742 755
613 751
613 617
751 617
421 755
735 732
620 734
620 598
757 742
757 755
732 599
732 602
599 602
620 621
620 754
621 754
757 654
757 557
745 757
745 557
608 357
608 626
357 626
605 732
605 602
735 605
738 620
738 754
754 756
757 421
355 757
357 627
673 757
754 758
758 756
353 629
354 629
359 629
627 359
627 629
759 754
759 621
621 624
758 759
729 629
609 330
609 580
358 609
759 776
776 758
609 615
609 304
615 304
760 759
760 624
759 624
624 625
636 304
636 615
615 618
760 776
666 760
310 636
761 738
761 756
738 756
751 761
644 618
636 618
618 808
617 761
617 628
761 628
647 808
644 808
808 812
762 756
762 758
761 762
762 763
762 628
763 628
762 470
758 470
763 470
763 630
763 459
470 459
630 459
630 631
459 631
511 631
511 459
777 631
542 760
542 625
760 625
639 760
652 760
490 803
803 512
803 492
872 802
872 779
802 779
882 821
882 800
821 800
846 504
846 1380
504 1380
786 1380
801 780
801 772
780 772
778 241
778 489
1307 1300
1307 804
1300 804
507 504
507 846
802 827
813 827
813 802
867 869
867 520
869 520
782 505
782 780
505 780
872 805
805 802
1342 1307
1342 804
804 896
813 805
810 869
500 801
803 1443
1443 492
804 791
462 2009
462 785
497 785
785 2009
784 863
784 800
863 800
808 1395
1395 812
785 788
785 834
788 834
787 801
787 500
796 805
796 881
805 881
784 791
784 804
810 873
873 478
792 492
792 1443
1423 812
1423 1395
815 1423
792 809
500 806
502 806
807 787
807 806
787 806
811 827
811 813
873 869
490 783
488 783
813 818
821 791
839 506
839 576
506 576
818 793
818 811
793 811
503 814
847 794
847 491
794 491
821 899
816 1333
816 879
1333 879
821 884
818 795
795 793
521 789
789 466
876 807
794 517
820 813
820 805
873 521
1385 521
1385 873
819 1333
819 816
794 867
789 1385
820 796
797 820
797 796
818 820
820 823
819 898
816 898
795 823
818 823
797 824
797 823
824 823
822 819
822 898
851 466
851 789
824 798
797 798
887 910
887 868
910 868
803 871
490 871
778 829
489 829
826 801
826 1361
801 1361
780 826
863 864
863 877
864 877
887 875
868 875
489 2009
2009 829
870 780
870 826
782 870
872 830
779 830
830 1356
1415 508
1415 1489
508 1489
800 877
787 1361
898 1414
898 901
1414 901
803 1363
1363 1443
830 865
779 865
787 833
764 1489
887 1337
887 885
1337 885
827 865
827 779
878 866
878 832
866 832
764 828
828 1489
885 1340
885 781
1340 781
1412 872
1412 1356
872 1356
838 506
838 839
787 874
874 833
1300 866
1300 878
905 897
905 889
897 889
1340 1337
872 881
1412 881
1409 1400
1409 889
1400 889
878 804
874 807
897 892
892 889
839 854
576 854
1337 875
875 895
874 1370
807 1370
896 902
896 1342
902 1342
906 884
906 1393
884 1393
880 837
880 841
837 841
836 888
836 832
888 832
876 1371
1371 807
898 880
898 841
907 900
907 892
900 892
814 1390
814 876
1390 876
875 892
875 900
888 878
847 809
847 792
900 903
907 903
869 1402
1371 1374
876 1374
884 831
1414 841
868 1409
868 889
881 2011
1424 1409
1424 868
842 1396
842 909
1396 909
1390 843
814 843
1385 1402
873 1402
868 892
507 894
846 894
827 840
811 840
786 850
879 883
836 890
836 891
890 891
891 863
863 836
840 845
840 1364
845 1364
811 845
836 784
784 888
848 883
848 879
848 837
837 883
1032 850
1032 790
793 845
850 1380
845 849
793 849
878 784
795 862
795 849
862 849
1423 1384
1423 781
1384 781
885 1384
2011 1383
2011 796
1383 796
797 1383
896 791
896 899
791 899
933 466
933 851
886 799
886 822
799 822
883 880
883 816
880 816
783 871
2010 851
2010 1347
851 1347
897 907
907 1142
897 1142
950 905
950 1397
905 1397
1331 905
1331 950
886 901
822 901
901 835
1400 1397
1400 905
896 904
904 902
764 893
533 893
904 1389
1389 902
828 893
907 908
1142 908
908 909
907 909
904 906
896 906
908 842
906 899
842 2021
908 2021
899 884
891 864
910 1424
1091 1047
1091 1757
1047 1757
911 523
911 924
523 924
280 913
241 913
1178 1103
1178 972
1103 972
781 815
942 1091
942 1757
525 781
528 1328
1328 788
1328 834
1118 1108
1118 1910
1108 1910
1112 1118
1112 1910
526 911
526 927
911 927
524 911
1421 893
1421 1095
893 1095
917 1101
917 912
1101 912
523 524
1118 1130
1130 1108
913 1329
972 1331
972 950
924 499
924 929
499 929
280 1329
1329 467
1329 501
1094 1114
1094 923
1114 923
542 1093
1090 1093
1090 542
501 920
1329 920
1096 942
923 934
817 1095
817 477
498 929
498 931
1103 1331
1100 1093
1100 915
1093 915
915 916
1324 1322
1324 1129
1322 1129
923 1097
1114 1097
862 1330
862 1102
1330 1102
1330 824
918 1421
918 1095
941 1100
941 916
1100 916
1129 1145
1330 823
1330 795
943 526
943 936
526 936
1184 1108
1184 1130
930 1108
930 1184
918 817
918 933
817 933
1100 556
1100 545
1093 545
1106 1097
1106 1114
648 943
1116 1104
1116 1113
1104 1113
532 501
532 920
1098 1096
1098 942
1114 531
538 943
1113 912
1113 1101
1101 1120
920 921
932 1332
932 1102
1332 1102
1332 862
1184 935
1184 1760
935 1760
930 1760
1121 1100
1121 941
1096 1105
532 921
1103 1117
1178 1117
1117 1127
1116 1120
1113 1120
1120 1123
1123 1116
943 944
1129 938
938 1198
938 1145
1198 1145
1331 1127
1103 1127
921 926
921 539
926 539
556 1121
1118 541
1112 541
1163 1118
824 1102
798 1102
546 944
538 944
944 1778
1157 1324
1157 1145
1324 1145
798 1744
1130 1163
551 1130
548 1105
1105 657
1125 1104
1125 1116
1992 1104
1992 1125
798 1383
2016 1778
546 1778
1121 1333
928 1102
928 1744
1102 1744
932 928
1117 1092
1117 970
1092 970
1141 1094
1141 934
1094 934
937 1141
937 934
977 1127
977 970
1127 970
498 494
1145 1161
1125 1126
1125 1994
1126 1994
1992 1994
1105 1098
496 953
496 494
953 494
953 931
549 926
1131 1116
1131 1123
905 1127
1127 1142
1142 905
961 552
961 2016
1169 1157
1169 1161
1157 1161
844 1121
844 941
1125 1131
1105 1107
496 543
496 955
543 955
953 955
1147 1125
1147 1131
948 553
948 926
553 926
1099 553
1099 948
1167 1157
1167 1169
1126 1147
961 457
543 962
982 1335
982 967
1335 967
1198 1212
1198 1161
1212 1161
879 1121
1184 551
1217 1161
1217 1212
1169 1217
1334 856
1334 1357
856 1357
1094 535
1114 535
1885 1127
1885 977
1142 1885
938 957
938 1202
957 1202
982 486
982 495
962 550
962 1109
550 1109
543 550
1885 1336
487 986
486 986
844 879
1198 1202
939 1135
939 852
1135 852
1133 1135
1133 939
957 959
959 1202
1202 1205
1205 1198
1160 937
1160 1793
937 1793
1793 960
855 771
855 457
961 855
1138 1136
1138 777
1136 777
954 1135
954 1133
1137 1135
1137 954
561 1099
565 1138
937 658
1336 908
1336 1142
947 1105
947 1098
951 1138
951 969
1138 969
1136 951
570 1138
974 1160
974 960
1160 960
1148 1105
1148 947
1107 1148
855 857
1212 1205
1224 1212
1139 1334
1139 852
1334 852
1135 1139
1217 1224
956 561
956 1099
562 956
1224 1226
857 1151
857 493
1119 1122
1119 994
1122 994
964 956
1148 1831
947 1831
1150 1148
1150 1831
771 857
771 493
967 530
967 917
530 917
1230 1202
1230 959
959 975
1328 566
1328 966
566 966
1336 2021
1155 1107
1155 1148
1205 1230
978 1160
978 974
1171 978
856 1139
1139 1144
1110 1155
506 966
685 1184
696 1339
1339 570
1156 1110
1156 1155
991 1135
991 1137
1139 991
857 858
965 1151
965 858
1151 858
935 685
1220 935
1119 1115
1119 985
1115 985
1132 1119
1132 985
1101 530
534 1101
1230 547
991 996
991 1144
996 1144
980 1171
980 978
1179 980
1164 1148
1164 1150
1155 1164
1166 965
1204 1138
1204 570
1170 1155
1170 1164
1156 1170
529 1226
1245 1226
1245 529
1122 1132
1340 1152
1337 1152
1337 895
1189 1106
1189 531
1106 531
1177 1150
1177 971
1150 971
1120 534
988 1177
988 971
537 1120
1204 969
940 935
940 1220
1204 1339
558 1245
963 1178
963 972
875 903
1781 935
1781 940
988 1183
1183 1177
1166 1165
1187 856
1187 1144
856 1144
958 856
958 1187
1122 1022
1164 1177
1147 560
1131 560
663 1147
1189 578
1177 1186
854 577
854 968
577 968
1252 1230
1252 975
1230 975
963 958
963 1187
1187 1199
1190 1189
1190 578
579 1190
1170 1186
1164 1186
1126 995
1166 981
965 981
1396 903
1236 940
1236 1220
564 1236
1396 1924
547 1252
1252 554
968 581
968 984
581 984
1186 1191
1203 1190
1203 1215
1190 1215
903 1338
1186 1183
1183 1200
696 819
975 1788
1187 996
1022 1153
1022 1134
1153 1134
1211 1203
1211 1215
1276 1186
1276 1200
1186 1200
1209 1203
1209 1211
875 1338
1338 895
799 1339
1339 822
940 945
1236 945
1339 819
981 946
981 1165
946 1165
568 1236
1156 1208
1156 559
1208 559
1122 1153
1147 1168
1147 995
1168 995
996 1201
1180 895
1180 1338
1152 895
1152 1180
563 1208
1154 1122
1154 1132
1211 1219
1215 1219
1208 1210
1187 1201
1201 1089
1201 1199
1089 1199
1153 1154
1236 1247
1236 949
1247 949
1030 903
1030 1924
903 1924
1002 662
1002 964
1168 663
568 1247
1018 1134
1018 1153
1153 1172
585 1215
1215 579
1175 1168
1111 1002
574 1247
574 568
1338 1030
1010 799
1010 860
799 860
1339 1010
1208 1170
1170 1213
1204 1010
1247 1253
1196 1185
1196 705
1018 1176
1018 952
1176 952
1172 1176
1172 1018
1178 1199
963 1199
1208 1213
1180 1030
1182 1180
1182 1030
1213 1218
1213 1210
1218 1210
1185 998
1003 1111
1003 1002
587 1003
993 1169
993 1795
1169 1795
574 1253
998 989
998 1181
989 1181
1192 1153
1192 1154
1172 1192
1340 525
1175 1193
1175 1009
1193 1009
1168 1009
1176 1192
1192 1195
1167 993
886 860
1340 1194
1196 998
590 1003
1003 1007
1199 1117
1217 1795
569 1193
567 1210
563 1210
1210 1228
716 1007
590 1007
1007 1012
573 1228
567 1228
1228 1006
1209 999
1211 999
985 1027
1217 1014
719 1012
716 1012
1012 1015
1089 914
914 1199
1210 990
1218 990
1228 990
1154 1027
1132 1027
1027 1971
594 1015
719 1015
1117 914
914 1092
710 1196
1033 1196
1033 710
540 1340
540 1152
1193 2005
1259 1253
1259 574
718 1259
575 1193
1259 976
1234 1170
1234 1191
1170 1191
1192 1971
1154 1971
1971 1974
1226 1021
1226 1014
1021 1014
1217 1226
1192 1974
724 1259
1017 594
1017 1015
597 1017
1140 597
1140 1017
1124 1109
1124 550
522 1124
1004 1211
1004 1219
1213 1234
544 1152
544 1180
724 1000
724 997
1000 997
1259 997
1193 1019
575 1019
1019 2005
575 989
989 1019
724 1268
1268 1000
1977 1029
1977 1036
1029 1036
597 1149
1149 598
1140 1149
1021 1245
1218 1234
1234 1235
588 1221
1223 1180
1223 1182
544 1223
1238 1191
1238 1276
1191 1276
1234 1238
581 1031
1031 984
601 1031
601 581
1033 1221
1033 1040
1221 1040
1207 1221
1207 1033
1240 1219
1240 585
1219 585
1004 1240
1026 1179
1026 980
1231 1026
544 1225
1223 1225
1241 1234
1241 1238
1034 1031
1034 601
604 1034
1263 1245
1263 558
1021 1263
768 1225
1225 475
1218 1235
1218 1008
1235 1008
1008 990
706 1240
1021 1024
1263 1024
1026 1233
1008 1241
1008 1864
1241 1864
1235 1241
1159 1034
1159 604
1240 1243
1240 1013
1243 1013
1004 1013
1182 1935
1174 1221
1243 1020
1231 1233
1272 558
1272 1257
1263 1272
1034 1039
1159 1039
1225 1935
1223 1935
488 1225
488 1935
1250 1023
1250 1251
1023 1251
783 1935
731 825
731 861
825 861
1268 731
1268 861
1000 861
1024 1272
1024 1028
1272 1028
1052 1999
1052 1264
1999 1264
1233 1244
1233 586
1244 586
1243 592
592 1020
1173 1159
1173 607
1159 607
611 1173
1999 1062
1062 1264
1277 1252
1277 1788
1252 1788
1788 1824
1408 1251
1408 1023
1254 1251
1254 1408
1415 825
1415 731
731 733
733 1415
1188 1173
1188 611
595 1249
554 1277
1277 1282
592 1025
1254 1341
1408 1341
613 1188
1826 1277
1826 1824
1277 1824
1280 1277
1280 1826
1239 1249
1249 599
1039 1173
1039 1043
1173 1043
1280 1282
1025 487
1025 986
592 487
1188 1043
1269 1264
1269 1062
586 1246
1246 707
1244 1246
580 1341
1097 1269
1097 1062
617 1188
1214 1188
1214 617
599 1256
1249 1256
609 1341
609 1302
1341 1302
1045 1043
1045 1188
1106 1269
1188 1046
1214 1046
1046 1045
1248 589
1248 1246
589 1246
603 1035
790 1035
1029 1925
1029 1255
1925 1255
1222 1149
1222 1049
1149 1049
1255 1274
1248 1042
1248 591
1042 591
1048 1280
1048 1826
1296 1280
1296 1048
1232 1222
1232 1049
1183 1037
988 1037
1037 583
1284 1029
1284 1274
1029 1274
606 1035
598 1222
1222 620
1297 1280
1297 1296
1037 1891
1037 1265
1891 1265
466 817
1265 1271
1265 583
1255 1258
1270 699
1270 735
605 1270
1047 591
1047 1042
1183 583
1297 1300
1296 1300
620 1232
1232 621
1035 608
1035 1041
608 1041
1072 1270
1072 1051
1270 1051
571 1270
571 1072
1282 1297
1297 1303
1200 583
1200 715
599 1278
1278 602
1054 1232
1054 1049
1237 1232
1237 1054
1036 1284
1036 1038
1284 1038
584 1200
1276 584
610 1044
507 1044
605 1278
1250 1265
1250 1891
1284 1288
1307 1297
1303 1307
1232 624
1237 624
599 1053
1256 1053
1278 1053
1044 1262
1044 612
1262 612
1305 1307
1307 1310
1056 1278
1056 1053
1274 1258
1274 1052
1258 1052
1052 1283
1054 1057
1265 1251
1265 600
1251 600
605 1056
1055 605
1055 1056
1270 1055
1284 1283
1274 1283
614 1262
1905 614
1905 1262
1048 866
866 1296
616 1905
1238 1285
1276 1285
1283 1286
595 1006
573 1006
1006 1061
1242 1237
1242 1057
1237 1057
1057 1060
1913 616
1913 1905
1289 1238
1289 1285
1241 1289
1249 1061
595 1061
1061 1063
1090 1242
1090 1060
1242 1060
1059 619
1059 1913
619 1913
1273 1059
623 1267
624 1242
1242 625
1067 1267
1067 623
744 1067
1290 1284
1290 1286
1284 1286
1342 1310
1256 1063
1249 1063
1063 1287
1090 625
1289 1291
1289 1864
1291 1864
1257 1313
1064 1256
1064 1287
1256 1287
1919 1273
1919 1059
1283 1264
1264 1293
628 1214
1272 1313
1313 1028
1275 1273
1275 1919
1919 1079
1283 1293
1066 1046
1066 1214
1313 1305
1273 1279
1291 1112
1291 1910
593 1289
1174 1072
1067 1279
1067 1931
1279 1931
744 1279
1305 1316
1294 1289
1294 593
1291 1294
1069 1174
1069 1072
1221 1069
628 1066
1279 1275
1275 1281
1288 1290
1288 1078
1290 1078
541 1291
541 1294
1313 1316
1313 1058
1316 1058
1058 1028
630 1260
630 1070
1260 1070
628 630
628 1070
1066 1070
745 1294
1931 1281
1931 1068
1281 1068
1279 1281
1260 1075
1316 1310
1305 1310
1290 1082
608 1722
626 1722
1722 1041
557 1294
1269 1301
1269 1293
1301 1293
631 1260
626 627
626 1073
627 1073
1073 1722
1286 1293
1286 1301
1301 1304
1310 902
902 1316
1316 1389
629 1073
1301 1106
1261 1260
1261 631
1189 1301
1389 1058
1260 1076
1261 1076
1076 1075
1189 1304
1190 1304
629 1074
729 1074
1074 1073
1266 1261
1266 631
777 1266
1290 1304
1286 1304
1304 1308
615 1302
615 1050
1302 1050
1076 1266
1076 1077
1266 1077
622 1267
622 1074
1267 1074
1308 1082
1308 1290
1065 877
1065 864
1136 1266
1203 1304
1308 1203
1077 1136
1077 951
1320 882
1320 877
882 877
1209 1308
1060 1081
884 882
882 831
1295 1275
1295 1079
1275 1079
1292 1295
1292 1079
1082 1209
1082 999
1323 877
1323 1065
1093 1081
1090 1081
1081 915
859 615
859 1050
1292 1298
1298 1295
1320 1323
618 859
1309 618
1309 859
1281 1295
1295 1299
1128 1124
1128 522
527 1128
1320 1071
1320 831
1071 831
1068 1299
1068 1084
1299 1084
1281 1299
1299 1298
1320 1327
1323 1327
536 1128
1143 1128
1143 536
1299 1086
808 1309
1309 1395
661 1143
1146 1143
1146 661
1071 1327
1071 1083
1327 1083
853 1343
853 1124
1343 1124
1343 1109
1298 1306
1292 1306
1128 853
1080 1327
1080 1323
1311 1306
1311 1085
1306 1085
1298 1311
1128 2006
1143 2006
1298 1312
1299 1312
1312 1086
1312 1311
1311 1314
1312 1314
1312 1315
1314 1315
1158 919
1317 1085
1317 1087
1085 1087
1311 1317
769 1165
769 1764
1165 1764
1314 1317
1317 1318
922 1162
922 1764
1162 1764
769 1162
1319 1314
1319 1318
1314 1318
1158 1162
1158 925
1162 925
1319 1321
1318 1321
1324 1087
1087 1322
1317 1324
1325 1317
1325 1324
1318 1325
1176 973
973 952
1326 1318
1326 1325
1325 1157
1197 1176
1197 1195
1176 1195
973 1197
1167 1325
1326 1167
1197 979
1319 1088
1321 1088
1088 1326
1088 993
1326 993
1321 1326
983 1195
983 1974
1195 1974
1197 983
987 1197
987 983
1939 1206
1939 992
1206 992
1001 1206
1001 1939
992 1216
992 1005
1216 1005
1206 1216
1005 572
1005 1729
572 1729
1216 572
680 1216
505 1011
782 1011
572 1011
1011 1729
1371 1370
1216 1001
1001 1954
1016 1216
1016 1954
1216 1954
680 1016
1227 680
1227 1016
1227 1229
1227 582
1229 582
582 1960
1229 1960
503 1960
2029 503
2029 1960
2029 814
832 1382
832 1345
1382 1345
910 885
839 2137
854 2137
1360 1393
1360 1346
1393 1346
1401 848
1401 1375
848 1375
1349 1385
1349 1351
1385 1351
1401 837
910 1384
1386 1388
1386 852
1388 852
1334 1386
1344 1501
1344 847
1501 847
789 1349
1393 831
1393 1350
831 1350
1396 1398
842 1398
836 1345
1345 890
1495 1489
1495 828
1367 844
1367 1387
844 1387
1357 1386
853 2006
853 2007
2006 2007
1393 1488
1407 1401
1407 1375
1367 879
1350 1488
1309 1376
1309 1487
1376 1487
1355 1392
1355 1389
1392 1389
1418 1495
1418 828
1405 1401
1405 1407
837 1405
826 1354
1361 1354
1391 1394
1391 867
1394 867
1367 848
783 1497
893 1418
1395 1487
1410 1411
1410 1790
1411 1790
869 1394
2012 1397
2012 1358
1397 1358
1400 1358
1394 2108
1391 2108
869 1353
1353 1402
2037 1408
2037 1368
1408 1368
1348 1432
1348 865
1432 865
1341 2037
1361 833
1361 1468
833 1468
904 1355
1418 1422
893 1422
886 1403
1403 860
1421 1422
1422 1427
827 1348
1360 1355
1360 904
1353 1394
1353 2108
2120 855
2120 2083
855 2083
1360 906
833 1365
874 1365
2120 857
1370 1365
1403 1491
2122 858
2122 2120
858 2120
1419 837
1419 1405
890 1404
1404 891
861 1836
1376 859
1376 2055
859 2055
1502 1491
1502 1403
1363 871
1363 1506
871 1506
1406 1404
1406 1369
1404 1369
891 1406
1406 864
1414 835
1419 1953
1419 841
1953 841
1418 1427
1418 1362
1427 1362
1429 2020
1429 1513
2020 1513
1513 1520
1400 1399
1409 1399
1421 1427
1445 1412
1445 1356
1459 1363
1459 1506
1414 1953
1427 1428
1421 1428
886 835
835 1403
2576 1412
2576 1445
1487 1416
1496 1412
1496 2576
1065 1406
851 1349
1349 1347
1374 1390
1374 1518
1390 1518
1443 2126
1363 2126
1953 1955
1423 1416
1395 1416
1443 1344
1344 792
825 1472
1415 1472
1513 1776
2020 1776
1409 1359
1359 1399
1390 1379
843 1379
1414 1426
1414 1425
1426 1425
2020 1410
1429 1410
1504 1427
1504 1428
1424 1359
2020 1790
1413 1412
1413 1496
835 1502
1413 881
1427 1505
1489 1472
842 1377
2021 1377
1501 794
1425 1502
1425 835
1501 1391
1391 794
1423 2070
1416 2070
2011 1413
850 1381
1032 1381
1377 1398
2070 1384
840 1348
1458 1348
1458 840
840 1461
1364 1461
1458 1461
1359 1417
1424 1417
1382 1048
1382 1514
1048 1514
1514 1469
910 1417
1364 1366
845 1366
866 1382
1429 1520
1429 1362
1520 1362
845 1372
849 1372
1372 1366
862 1420
862 1373
1420 1373
849 1373
1372 1373
1410 1505
1410 1494
1505 1494
1332 1420
1505 1362
1410 1362
1420 2014
1332 2014
1383 1471
2011 1471
2013 1383
2013 1471
1411 1494
2070 910
1492 1367
1492 2086
1367 2086
1430 1360
1430 1346
1377 2102
2102 1398
2010 1433
1347 1433
2208 2010
2208 1433
848 1492
1492 1375
2102 1435
1435 1398
1489 2103
1487 2054
1376 2054
853 1437
1437 1343
1443 1444
1444 1344
2091 2010
2091 2208
1346 1488
1346 2109
1488 2109
1345 1490
1490 890
2084 1490
2084 1345
1434 1492
1434 2086
2100 1344
2100 1444
1434 1375
1448 1352
1448 1386
1352 1386
1411 1439
1494 1439
1432 1440
1440 865
1392 1493
1355 1493
1437 2117
853 2117
1438 1439
1438 1494
1448 1499
1448 2603
1499 2603
1349 1436
1351 1436
1355 1442
1445 1481
1356 1481
1869 1375
1869 1434
1488 1528
1347 2231
2117 2007
2117 1447
2007 1447
1452 1387
1452 2044
1387 2044
871 1497
1448 1357
1367 1452
2100 2106
2106 1344
1358 1462
1358 1453
1462 1453
1499 1357
1425 1508
1426 1508
1347 1436
1500 2023
1500 1498
2023 1498
2012 1606
1358 1606
1355 1430
1430 1442
1501 2106
1439 1431
1351 2062
2110 1501
2110 2106
1503 1500
1503 1498
2110 1391
1439 1446
1462 1400
2110 2108
1503 2096
1498 2096
1399 1462
1399 2592
1359 2592
2107 1508
2107 1450
1508 1450
1462 2592
1404 1451
1451 2104
1451 1369
2104 1369
846 1454
1380 1454
2096 1456
850 1454
1413 2087
1496 2087
1351 1402
1402 2062
2037 1467
1368 1467
1525 1413
1525 2087
2103 1495
2103 1517
1495 1517
1511 1456
1511 2048
1456 2048
1406 2104
1459 2126
1502 2221
855 2080
826 1460
1354 1460
1455 1457
1455 1377
1457 1377
1362 1517
1510 1406
1510 2104
1032 2177
1510 1065
870 1460
2064 870
2064 1460
1457 2102
1364 1463
1366 1463
1353 2062
1378 1065
1378 1510
1341 2024
2037 2024
2107 2221
2107 1502
1510 2025
1354 1468
1354 1465
1468 1465
1372 1466
1373 1466
1366 1466
1451 890
1451 1490
1425 2107
1507 1504
1507 1428
1509 1449
1509 1520
1449 1520
1428 918
1428 1536
918 1536
1536 1512
2593 1469
2593 1514
1507 1512
1428 1512
1468 1470
833 1470
1474 1487
1474 2054
1382 1469
1469 1345
861 2052
1505 1504
1505 1507
1365 1470
1474 2070
1474 1416
1420 2046
2014 2046
1539 1507
1539 1512
861 2095
825 2095
1471 1486
2103 1515
1517 1515
1513 1509
1472 2095
1374 2079
1519 1509
1519 1513
1473 1374
1473 1518
1517 1520
1520 1515
2088 1509
2088 1519
1516 2592
1516 1359
1449 1515
1791 1411
1791 1431
1411 1431
2070 1417
1518 1379
1518 1475
1379 1475
1494 1507
1494 1539
1533 927
1533 1523
927 1523
1750 1902
1750 1108
1902 1108
930 1750
996 1768
1768 1201
1756 1071
1756 1765
1071 1765
1765 1758
1530 1527
1530 1086
1527 1086
1753 1768
1753 996
1526 1531
1526 913
1531 913
1770 1751
1770 1078
1751 1078
1761 1751
1761 1770
1482 2006
1482 1143
2007 1482
1758 1528
1758 1756
1528 1756
1201 1771
1771 1089
1768 1771
913 778
778 1526
915 1698
915 1534
1698 1534
1535 916
1535 1534
916 1534
1754 1750
1754 930
1760 1754
1246 2473
1244 2473
1768 1521
1753 1521
1315 1319
1315 1530
1319 1530
1086 1315
1765 1774
1774 1758
1356 1441
941 1535
1524 1770
1524 1557
1770 1557
1761 1524
936 927
936 1533
2475 936
2475 1533
1542 1768
1542 1521
1771 1542
1770 1779
1078 1779
1387 941
1387 1535
1535 2044
1544 1246
1544 2473
1248 1544
1769 1754
1769 1760
1089 1780
1780 914
1771 1780
1484 2008
1484 1146
2008 1146
1745 1749
1745 1550
1749 1550
2008 1143
1767 1754
1767 1769
2008 1482
1042 1544
1482 2666
2008 2666
1530 1088
1530 1554
1088 1554
1774 1786
1765 1786
1779 1557
2009 2198
914 1794
1794 1092
555 1747
555 1146
1747 1146
1786 1789
1780 1794
1749 1752
1749 2582
1752 2582
1522 1769
1522 1529
1769 1529
1767 1522
834 1553
785 1553
1553 2009
1536 933
2582 1550
919 1747
919 555
1540 1747
1540 919
1440 830
1779 1082
1078 1082
1553 2198
1783 1779
1783 1082
1781 1769
1781 1760
1441 830
1441 1440
1523 911
1523 2485
911 2485
1529 1781
1529 2482
1781 2482
1780 1542
834 1563
1328 1563
1563 1553
1542 1546
1786 1799
1799 1789
1557 1783
1557 1785
1783 1785
1794 1546
1780 1546
920 913
920 1531
1531 1571
1565 1554
1565 1088
999 1783
993 1565
924 1745
924 1545
1745 1545
919 925
919 1532
925 1532
1540 1532
911 1545
921 1571
920 1571
1571 1573
1566 1717
1566 1818
1717 1818
1544 1549
2010 933
933 2091
1749 924
1551 1847
1551 2491
1847 2491
1536 2091
1752 929
1749 929
929 931
1560 1847
1560 1551
940 1792
1781 1792
1566 1872
1566 1570
1872 1570
1818 1872
926 1573
921 1573
2204 926
2204 1573
1748 1042
1748 1549
1042 1549
1590 1793
1590 2499
1793 2499
2482 1792
2482 1548
1792 1548
1817 1809
1817 951
1809 951
2362 936
2362 2475
943 2362
1762 943
1762 2362
1744 1746
922 1538
1764 1538
1537 922
1537 1538
925 922
925 1537
1834 1829
1834 1569
1829 1569
950 1818
1818 972
1872 950
1840 1829
1840 1834
1834 1844
1748 1047
1838 1817
1838 969
1817 969
1525 2011
2491 1834
2491 1569
1847 1834
2204 1576
1576 926
1773 1762
1773 1564
1762 1564
1849 1838
1849 969
1471 1525
1204 1849
945 1792
1804 1792
1804 945
2121 1146
2121 1747
943 1773
1773 944
948 1576
1576 1578
1484 2121
1397 1872
2012 1872
2012 1570
1603 2496
1603 1813
2496 1813
1567 1773
1567 1564
1383 1744
2013 1744
1744 1541
2013 1541
2013 1486
2015 1849
2015 1204
1010 2015
1858 1840
1858 1844
1840 1844
1778 1773
1778 1567
1541 1543
1541 1746
1543 1746
1856 1840
1856 1858
1540 2121
1129 1581
1322 1581
1581 2495
1588 948
1588 1578
948 1578
1786 1856
1786 1858
1858 1863
2001 1813
2001 923
1813 923
1099 1588
1547 1817
1547 1556
1817 1556
1809 1547
1548 1804
1548 1552
1804 1552
1577 1757
1577 1748
1757 1748
2072 2014
2072 1759
2014 1759
2014 932
934 1813
934 2496
2496 2499
1838 1556
938 2495
1129 2495
956 1588
1438 1539
946 1777
946 1558
1777 1558
2495 1575
1580 1757
1580 1577
1592 956
1592 1588
964 1592
1764 946
1764 1558
1555 1764
1555 1558
1097 2001
957 1575
938 1575
2016 1567
1752 1755
1752 1477
1755 1477
1775 957
1775 1575
937 2499
934 2499
1580 942
1804 1815
1477 2582
1849 2227
2015 2227
1560 1873
1873 1847
1775 959
1755 1478
1478 1477
1563 966
1563 1600
966 1600
1589 1775
1589 1575
1844 1847
1844 1873
1873 1876
949 1804
949 945
1784 1775
1784 1589
1759 1559
1491 2015
1491 860
2015 860
1253 1815
1253 949
1815 949
1873 1827
1560 1827
928 1759
1759 932
1827 1879
1815 1562
1253 1562
1782 942
1782 1580
1755 931
1752 931
1873 1879
1879 1943
1879 1876
1943 1876
2017 977
2017 970
1584 1803
1584 1596
1803 1596
952 1803
952 1584
966 838
838 1600
1593 1784
1593 1589
1763 1759
1763 928
1746 1763
1746 928
1788 1784
1788 1593
1794 2017
1794 970
1630 960
1630 1590
960 1590
953 1755
1478 953
1858 1876
1844 1876
1562 2264
1876 1907
1803 1608
959 1784
1784 975
1650 960
1650 1630
974 1650
1480 977
1480 2017
1766 1759
1766 1763
1858 1907
1666 974
1666 1650
978 1666
2017 1546
2041 955
2041 1561
955 1561
1605 2137
1605 968
2137 968
2016 2118
953 2041
1478 2041
1562 1568
1253 1568
1806 1782
1806 2512
1782 2512
1559 1772
1559 2503
1772 2503
1766 1772
1766 1559
1907 1950
1907 1863
1950 1863
1561 962
1561 1582
962 1582
955 962
1098 1782
1098 1806
980 1666
1869 1407
973 1803
1109 1582
1814 1803
1814 973
1253 976
976 1568
1405 1880
1407 1880
1772 1801
1772 2505
1801 2505
1666 1702
2505 2503
1480 2018
2018 977
1343 1582
1608 1814
1608 1611
1814 1611
2018 1885
1595 1806
1595 2512
1795 1565
1560 1574
1574 1827
1814 1821
1821 1611
1586 2088
1586 1519
1810 1806
1810 1595
1921 1827
1921 1574
1889 1869
1889 1884
1869 1884
1880 1869
1880 1889
1602 1810
1602 1595
1816 1810
1816 1602
1574 2507
961 2118
2118 855
2118 2080
979 1814
979 973
1927 1921
1927 2507
1921 2507
976 997
976 1583
997 1583
2019 1885
2019 2018
1336 2019
1802 1572
1802 2511
1572 2511
968 1610
984 1610
1610 1605
1819 1816
1819 1602
1832 1814
1832 979
1821 1832
1801 1802
1801 2511
2505 2511
997 1836
1836 1583
1984 1927
1984 2507
1604 1565
1604 1795
1821 1842
1821 1614
1842 1614
1827 1940
1940 1879
1614 1611
1806 947
1889 1585
1884 1585
1585 1904
1572 1805
1572 1591
1805 1591
1841 1783
1841 999
1616 1610
1616 984
1795 1014
1943 1940
1591 1808
1591 1598
1808 1598
1805 1808
1004 1841
1004 999
1619 964
1619 1592
1002 1619
1806 1831
1810 1831
965 2122
1854 1841
1854 1004
1805 1802
1802 1822
1000 1836
1940 1921
1921 1946
1631 1614
1631 1842
971 1816
1816 988
1810 971
1585 1587
1585 1901
1587 1901
1604 1014
1604 1612
1014 1612
1860 1821
1860 1832
1831 971
1947 1940
1947 1946
1940 1946
1943 1947
1842 1860
1785 1841
1785 1683
1841 1683
1519 1776
1612 1021
1612 1617
1021 1617
1830 1805
1830 1822
1805 1822
1867 1842
1867 1860
1808 1830
1943 1951
1943 1907
1951 1907
1003 1619
1619 1620
1483 2019
1483 2018
1854 1683
1819 988
1787 1519
1787 1776
2030 965
2030 2122
1586 1787
1007 1620
1003 1620
1620 1628
1763 1543
1543 2517
1950 1951
1631 1867
1951 1947
2030 1476
1476 965
990 1845
990 1006
1845 1006
1766 2517
1763 2517
1024 1617
2517 2524
1901 1925
1901 1904
1925 1904
1476 981
1929 1901
1929 1587
1587 2516
1951 1980
1772 2524
1766 2524
2524 1641
1867 1877
1867 1632
1877 1632
1791 1790
1631 1632
1801 1641
1772 1641
1012 1628
1007 1628
1929 1925
1632 1882
1632 1634
1882 1634
1013 1854
981 1777
1476 1777
1845 1008
1008 1853
1796 1628
1796 1623
1628 1623
1647 1801
1647 1641
1685 1683
1685 1854
1635 1796
1635 1623
1798 1796
1798 1635
1955 1426
1955 1414
2019 1911
1877 1882
1927 1959
1927 1946
1959 1946
1508 1963
1426 1963
1020 1866
1020 1687
1866 1687
1624 1617
1624 1024
1807 989
1807 998
1947 1959
1959 1962
1012 1796
1796 1015
1802 1647
1864 1871
1864 1853
1871 1853
1790 1797
1790 1776
1797 1776
1951 1965
1947 1965
1013 1020
1013 1687
1968 1450
1968 1963
1450 1963
1685 1013
1685 1687
1579 1807
1579 2521
1807 2521
1377 1911
2021 1911
1967 1951
1967 1965
1798 1015
989 1579
1787 1797
1797 1800
1947 1962
1962 1969
1962 1965
1969 1965
1453 1606
983 1892
1811 1807
1811 998
1797 1791
1791 1613
1972 1965
1972 1969
1967 1972
1017 1798
1017 1635
1638 1017
1638 1635
1140 1638
1880 1419
983 1637
1974 1637
1797 1613
1613 1812
1613 1800
1812 1800
1799 1863
1786 1863
1863 1975
1811 2521
1149 1638
1953 1880
1637 1639
1637 1892
1639 1892
1196 1811
1594 1811
1594 1196
1811 2414
1594 2414
2057 2022
2057 1025
2022 1025
1025 1020
2022 1020
2022 1866
987 1894
987 979
1894 979
1828 1586
1828 1787
1820 1586
1820 1828
1455 1911
1455 2019
1892 1894
1892 987
1598 1859
1598 1672
1859 1672
1808 1859
1593 1629
1593 1824
1629 1824
1833 1820
1833 1828
1823 1820
1823 1833
1832 1894
1894 1898
1953 1889
1889 1976
1826 1629
1629 1633
1894 1639
1639 1648
1958 1953
1958 1976
1953 1976
1955 1958
1808 2560
1830 2560
1859 2560
1514 1826
1514 1633
1826 1633
1633 2593
1833 1839
1833 1599
1839 1599
1823 1599
1894 1648
1648 1691
1648 1898
1691 1898
1669 1859
1669 2560
1839 1843
1839 2513
1843 2513
1859 1893
1893 1672
1860 1898
1832 1898
1828 1800
1787 1800
1800 1846
1898 1908
1966 1955
1966 1958
1963 1955
1963 1966
1893 2556
1833 1846
1828 1846
1846 1850
1867 1908
1860 1908
1908 1914
1673 1859
1673 1669
1893 1673
1966 1968
1930 1924
1930 1398
1924 1398
1852 1800
1852 1812
1846 1852
1908 1691
1673 1688
1435 1930
2556 1897
2556 1677
1897 1677
1699 1908
1699 1691
1857 1846
1857 1852
1889 1904
1030 1930
1930 1932
1677 1899
1677 1681
1899 1681
1897 1899
1877 1914
1867 1914
1914 1917
1638 1657
1839 1850
1833 1850
1850 1862
1958 1977
1976 1977
1882 1917
1877 1917
1030 1933
1681 1912
1681 1684
1912 1684
1899 1912
1932 1933
1932 1030
1843 1862
1839 1862
1862 1865
1835 1624
1835 1028
1624 1028
1914 1699
1912 1949
1912 2568
1949 2568
2568 1684
1868 1850
1868 1857
1850 1857
1862 1868
1597 1930
1597 1435
1932 1597
1618 1819
1618 1602
1874 1862
1874 1868
1601 1932
1601 1597
1923 1897
1923 2556
1893 1923
1978 1958
1978 1977
1966 1978
2535 1819
2535 1618
1891 1819
1891 2535
1624 1643
1835 1643
984 1644
1031 1644
1616 1644
1837 1033
1837 1040
1651 1966
1651 1978
1968 1651
1835 1653
1644 1034
1644 1645
1034 1645
1899 1923
1923 1926
1594 1033
1594 1607
1033 1607
1182 1933
1058 1835
1861 1835
1861 1058
1651 1979
1978 1979
1039 1645
986 2057
1935 1933
1935 1601
1933 1601
1601 2510
1882 2569
1029 1904
1976 1904
1976 1029
1039 1654
1627 1891
1627 2535
1250 1627
1837 1607
1882 1934
1882 2123
1934 2123
2123 2569
1923 1688
1893 1688
1861 1653
1368 1627
1627 1467
1934 2023
1934 1485
2023 1485
1485 2123
1690 1923
1690 1688
1941 1926
1941 1690
1926 1690
2587 1935
2587 2510
1935 2510
1861 2597
1043 1654
846 2591
2591 894
1837 1615
1040 1615
1250 1368
1368 1023
1912 1926
1899 1926
1043 1655
1485 1500
1058 1392
1392 1861
1045 1655
1949 1926
1926 1938
1861 1493
1655 1046
1655 1656
1046 1656
1036 1978
783 2587
1646 1302
1646 2024
1302 2024
1852 1625
1032 2338
1863 1609
1868 1625
1857 1625
1625 2532
1149 1657
2338 1035
2338 1700
1035 1700
1032 1035
1942 1926
1942 1941
1038 1978
1950 1609
1874 2532
1868 2532
1657 1658
1657 1049
1658 1049
1700 1886
1700 1703
1886 1703
1983 1978
1983 1038
1493 2597
1035 1886
1041 1886
1054 1658
1695 1941
1695 1690
1053 1851
1916 1851
1916 1053
1037 1819
1479 2090
1479 1500
2090 1500
1695 1705
1705 1941
1658 1662
1651 3014
1044 894
1044 2591
2591 1710
1843 1887
1843 2539
1887 2539
2539 2513
1950 1980
1950 1621
1980 1621
1711 1044
1711 1710
1044 1710
1262 1711
2587 1497
1887 1906
1887 2541
1906 2541
1937 2376
1937 1936
2376 1936
1651 1652
1979 1652
1713 1262
1713 1711
1905 1713
1055 1693
1055 1051
1693 1051
1057 1662
1054 1662
1942 1705
1705 1707
2541 2539
1479 1939
1479 1936
1939 1936
1980 1622
1979 1686
1906 1915
1906 1659
1915 1659
1659 2541
1870 1055
1870 1056
1851 1870
1851 1056
1981 1980
1981 1967
1980 1967
1979 1983
1983 1686
1937 1939
1937 992
1660 1659
1660 1915
1693 1870
1913 1713
1713 1715
1887 1865
1843 1865
1882 2599
1917 2599
1910 1871
1910 1864
1949 1388
1388 2568
2568 1352
1388 1352
1006 1875
1875 1061
1845 1875
1057 1825
1825 1060
1662 1825
1887 1115
1865 1115
1906 1115
1119 1906
1061 1881
1881 1063
1875 1881
1622 1981
1622 1626
1981 1626
939 1938
1949 1938
1949 939
1918 1913
1918 1715
1913 1715
1694 1929
1694 2516
1929 2516
1825 1665
1665 1060
1989 1929
1989 1694
1918 1059
1982 1967
1982 1972
1063 1883
1883 1287
2094 1882
2094 2599
1981 1982
1929 1255
1989 1255
1656 1066
1656 1670
1066 1670
1881 1883
1934 2094
852 1949
1626 1982
1626 1649
1982 1649
1378 2025
1378 1697
2025 1697
1890 1064
1890 1287
1883 1890
2055 1050
2055 1646
1050 1646
1115 1874
1874 985
1066 1848
1848 1670
1378 1323
2094 2026
1258 1989
1942 1952
1942 1133
1952 1133
1938 1942
1938 1133
1865 1874
1952 954
1918 1919
1896 1845
1896 1853
1845 1853
1875 1896
1934 2026
2026 2023
2026 1498
2026 2096
1719 1919
1719 1918
994 1906
1984 1985
1985 1927
1915 994
1900 1875
1900 1896
1881 1900
1674 1670
1674 1848
1878 1378
1878 1697
1697 1701
1714 2603
1714 1499
1896 1871
1871 1902
1902 1896
1989 1990
1694 1990
1070 1848
1990 1995
1511 2027
2027 1456
1456 1503
2027 1503
2027 1500
2027 1479
1479 1511
1499 1957
1900 1902
1878 1080
1878 1323
1944 1479
1944 1511
1939 1944
1985 1986
1984 1986
1883 1900
1900 1909
856 1499
1070 1075
1070 1676
1075 1676
1989 1995
1989 1052
1995 1052
1895 1878
1895 1701
1878 1701
1701 1708
1890 1909
1883 1909
1909 1928
1886 1722
1886 1720
1722 1720
1642 1987
1642 1640
1987 1640
1944 1945
1944 1001
1945 1001
958 1499
1995 1991
1990 1991
1888 1878
1888 1895
1080 1888
1674 1070
1674 1676
1915 1022
1915 1661
1022 1661
1661 1660
1986 2595
1986 1988
2595 1988
1722 1725
1073 1725
958 1957
963 1957
1750 1900
1909 1750
1944 1723
1511 1723
1022 1663
1134 1663
1661 1663
1985 1988
1985 912
1988 912
1754 1909
1726 1944
1726 1723
1945 1726
1676 1076
1676 1682
1076 1682
1717 1714
1717 1957
1714 1957
1991 1704
1991 1996
1704 1996
1663 1018
1663 1664
1018 1664
1957 1818
1998 1996
1998 1704
1704 1706
972 1957
1937 1948
1937 1727
1948 1727
1076 1855
1765 1083
1640 1988
1640 2595
1987 1988
917 1988
917 1987
1064 1916
1064 1053
1073 1728
1074 1728
1077 1855
1995 1996
1996 1999
1999 1995
1916 1920
1920 1851
1888 1856
1888 1083
1856 1083
1080 1083
1018 1584
1809 1855
1809 1077
1952 1707
1942 1707
1718 1952
1718 1707
1916 1890
1890 1922
1005 1937
1948 1005
1022 994
1074 1730
1267 1730
1730 1728
1856 1765
954 1970
1952 1970
1718 1970
1916 1922
1916 1636
1922 1636
1920 1636
1732 1730
1732 1267
1999 1998
1959 1985
1998 1062
1870 1920
1959 1104
1104 1962
1718 1721
1067 1733
1931 1733
1732 1067
1732 1733
1464 2028
1464 870
2028 870
2001 1998
2001 1706
1998 1706
1970 1973
1970 991
1973 991
1137 1970
1956 1874
1956 2532
870 1011
2028 1011
1011 1731
2028 1731
1665 1698
1665 1081
1698 1081
1888 1903
1895 1903
1922 1928
1890 1928
1973 1753
1973 996
1706 1603
1603 2001
1961 1874
1961 1956
1922 2553
1928 2553
2553 1636
1973 1721
1970 1721
1721 1724
1931 1734
1068 1734
1734 1733
1992 1962
1969 1992
1767 1928
1928 1754
1829 1895
1829 1708
1895 1708
1708 1569
1753 1724
1973 1724
1993 1969
1993 1992
1972 1993
1829 1903
1840 1903
1737 1079
1737 1719
1079 1719
1292 1737
2553 1767
2553 1522
1961 1667
1956 1667
1856 1903
1737 1739
1735 1945
1735 1726
1954 1945
1954 1735
1961 985
1615 1069
1615 1675
1069 1675
1040 1069
1994 1993
2001 1062
1961 1964
1961 1027
1964 1027
1016 1735
1736 1016
1736 1735
1227 1736
1113 1985
1959 1113
1051 1069
1667 1668
1306 1739
1292 1739
1739 1741
1678 1675
1678 1069
1964 1668
1961 1668
1668 1671
1229 1736
1736 1738
1071 1350
1085 1741
1306 1741
1678 1051
1678 1693
1971 1964
1229 1738
1740 1960
1740 1738
1960 1738
2596 2057
2596 1997
2057 1997
2060 2057
2060 2596
1756 1350
1288 1983
1288 1038
2004 1983
2004 1288
2082 2029
2082 1960
1997 1987
1997 1642
2596 1642
967 1987
967 1997
1742 1085
1742 1741
1087 1742
1902 1910
1528 1350
1971 1671
1964 1671
1671 2558
843 2029
843 2082
982 1997
2082 1740
1751 2004
1751 1288
1743 1087
1743 1742
1322 1743
1997 986
986 982
1983 1712
1743 1581
2004 1712
1679 1971
1679 2558
1971 2558
1974 1679
1084 1734
1637 1679
2000 1972
2000 1993
1982 2000
2004 1716
1716 1712
1084 1086
1084 1527
1527 1734
2000 1649
2002 1993
2002 1994
2000 2002
1761 2004
1716 1761
1716 1524
2000 2566
2002 2566
995 2002
995 1994
2003 2002
2003 995
1168 2003
1009 2003
2566 2003
2566 1680
2003 1680
1680 1009
1680 1689
1009 1689
2005 1689
2005 1009
2005 1692
2005 1696
1019 1696
1696 1692
1019 1579
1579 1696
1026 1702
980 1702
1702 1709
1026 1709
1709 1233
1244 1709
1459 2066
1476 2031
2030 2031
2019 2579
1444 2126
1477 2089
1477 2097
2089 2097
1483 2579
1485 2090
2033 1476
2033 2031
2089 2209
1477 2209
2210 2091
2210 2208
1434 2233
2086 2233
2092 2129
2092 2090
2129 2090
2597 1442
2597 2138
1442 2138
1493 1442
1457 2034
1455 2034
1477 2036
2049 1434
2049 2233
1836 2052
1836 2136
2052 2136
1438 2099
2099 1439
1478 2036
2622 2024
2622 2037
2092 1479
2139 1442
2139 1430
2094 2096
1450 2051
2216 1376
2216 2055
1436 2144
1436 2676
2144 2676
2098 2095
2098 1472
1449 2112
1509 2112
2096 2035
2094 2035
2106 2056
2100 2056
1452 2487
2044 2487
2156 1452
2156 2487
2231 1436
2231 2676
1450 2105
2105 2051
2139 2138
2159 1452
2159 2156
2144 2062
1436 2062
2039 2096
2039 2035
2088 2112
1446 2099
1446 2047
2099 2047
2104 2042
1451 2042
2181 1474
2181 2054
2086 1452
2086 2159
1456 2039
2039 2048
2147 1497
2147 2587
2215 2104
2215 2042
2063 1454
2063 2061
1454 2061
846 2063
2045 1446
2045 2047
1431 1446
1431 2045
1454 2067
850 2067
2067 2061
2518 1431
2518 2045
2050 2586
2050 1437
2586 1437
1510 2215
2068 2106
2068 2056
2103 2098
2103 1472
1449 2237
2237 1515
2112 2237
2117 2050
2110 2068
2147 1506
2050 2053
2117 2053
2108 2058
2070 2119
2067 1381
2067 2174
1381 2174
2070 2186
2186 2119
1353 2058
1353 2113
2058 2113
1516 2119
2110 2111
2111 2108
1417 2119
1417 1516
2053 1447
2053 2225
1447 2225
1346 2139
2064 2226
1460 2226
2239 2593
2239 2183
2593 2183
1464 2064
2064 2065
2109 2139
2098 2073
2103 2073
2111 2222
2222 2108
2059 2225
2059 1447
2114 2110
2114 2068
1469 2239
2058 2222
1482 2059
2666 2059
1447 1482
1468 2155
2015 2069
2069 2227
2111 2114
2109 1528
2109 2224
1528 2224
1345 2239
2084 2239
2073 1515
2073 2074
1515 2074
2226 1354
2226 1465
2113 2062
1491 2221
1491 2069
2221 2069
2114 2116
1468 2157
1470 2157
2157 2155
1481 1441
1481 2229
1441 2229
1490 2042
2124 1481
2124 2078
1481 2078
2237 2074
2071 2123
2071 2214
2123 2214
2118 2075
2016 2075
1485 2214
2090 2214
2081 2649
2081 2576
2649 2576
1481 2081
2081 1445
2124 2081
1370 2079
1370 2232
2079 2232
1365 2232
1371 2079
2032 2093
2032 2134
2093 2134
1496 2672
2576 2672
1473 1475
2212 2134
2212 2093
2115 1462
2115 2170
1462 2170
1453 2115
2112 2130
2088 2130
1463 2032
1463 1461
2032 1461
2093 1463
2101 2093
2101 1463
1366 2101
1379 2082
1466 2101
2085 2030
2085 2122
2212 2101
2212 2038
2101 2038
2040 2038
2040 2101
1466 2040
1466 2043
1373 2043
1420 2043
2046 2043
1352 2077
1448 2077
2077 2076
2603 2077
1480 1483
1483 2223
2223 2125
2223 2579
2125 2579
2032 2131
2134 2131
2037 2685
2597 2127
2138 2127
2129 2214
2209 2213
2209 2604
2213 2604
2668 2208
2668 2665
2208 2665
838 2133
839 2133
1467 2685
3099 2685
3099 1467
2135 2034
2135 2211
2034 2211
2036 2213
2036 2209
2137 2133
2134 2611
2212 2611
1457 2135
2135 2219
2213 2662
2052 2141
2141 2136
2035 2218
2035 2142
2218 2142
2210 2668
2036 2041
2036 2132
2041 2132
2662 2036
2662 2132
2145 2153
2145 2042
2153 2042
2056 1444
2056 2756
1444 2756
2215 2153
2095 2141
2095 2052
2105 2180
2180 2051
2105 2715
2715 2180
2041 2269
2098 2141
2054 2216
2054 2175
2216 2175
2581 2149
2581 2099
2149 2099
2156 2151
2487 2151
2039 2142
2040 2148
2045 2220
2068 2143
2056 2143
2215 2217
2045 2140
2047 2140
2147 2696
2696 2635
2696 1506
2635 1506
2025 2217
1510 2217
2040 2043
2043 2148
1866 2161
2022 2161
2590 1866
2590 2161
2139 2623
2109 2623
2181 2175
2152 2148
2152 2043
2150 2039
2150 2142
2586 2146
2050 2146
2057 2161
2047 2149
2661 2068
2661 2143
2046 2152
2589 2068
2589 2661
3056 2146
3056 2050
2626 2152
2626 2046
2053 3056
1459 2635
2046 2072
2072 2626
2150 2633
2150 2048
2633 2048
2186 1474
2186 2181
2226 2647
2113 2160
2058 2160
2589 2114
2663 2064
2663 2154
2064 2154
846 2238
2063 2238
2109 2162
2077 2163
3056 2225
2051 2221
2051 2107
2186 2188
2064 2647
2647 2154
2228 2058
2228 2222
2224 2162
1381 2177
2069 2165
1459 2648
2228 2160
2664 2073
2664 2176
2073 2176
2098 2664
2077 3053
2651 2596
2651 2650
2596 2650
2113 2669
2592 2119
2592 2191
2119 2191
1465 2155
2161 2060
2161 2651
2060 2651
2075 2667
2172 2069
2172 2221
3049 2239
3049 2183
2124 2195
2078 2195
2074 2176
2173 1480
2173 2167
1480 2167
2666 2164
2164 2059
2074 2178
2644 2229
2644 2196
2229 2196
2583 2118
2583 2667
2118 2667
2237 2178
1483 2173
2157 2158
1470 2158
2078 2229
2078 2644
1484 2168
1484 2666
2168 2666
2171 2168
2171 1484
2221 2180
2080 2631
2080 2083
2631 2083
2121 2171
2081 2195
2195 2649
1470 2230
2230 2158
1365 2230
2173 2223
2631 2235
2071 2179
2214 2179
2193 2239
2193 3049
2084 2193
2236 2178
2236 2237
2115 2169
2170 2169
2222 2116
2111 2116
2116 3054
2083 2235
2236 2185
2237 2185
2193 2194
1490 2194
2084 2194
2672 2128
2672 2087
2128 2087
2145 1490
2145 2194
2122 2235
2120 2235
2230 2232
2230 2166
2232 2166
2129 2179
2237 2190
2190 2185
2085 2235
2116 2234
1433 2665
1473 2187
1475 2187
2190 2112
2190 2192
2112 2192
2116 2577
2089 2234
2089 2577
2234 2577
2232 2182
2079 2182
2030 2670
2085 2670
2130 2192
2182 1473
2182 2187
2079 1473
1475 2082
1475 2184
2082 2184
2184 2189
2209 2234
2189 2187
2189 1475
2144 2669
2062 2669
2234 2604
1433 2612
2352 1523
2352 2340
1523 2340
1533 2352
1753 2252
2479 2441
2479 1524
2441 1524
2244 2249
2244 2473
2249 2473
1557 2479
2474 2224
2474 1528
1758 2474
2252 2240
2252 1521
2240 1521
1527 2243
1530 2243
1526 2248
2248 1531
2242 1532
2242 2245
1532 2245
1540 2242
2119 2188
1785 2479
2476 2474
2476 1758
1774 2476
1542 2240
2240 2259
1526 2748
778 2748
1538 2527
1536 2210
2488 2473
2488 2249
2249 2251
2475 2352
1542 2259
2271 1546
2271 2259
1546 2259
1532 2527
2527 2245
1537 2527
1537 1532
1522 3032
1529 3032
1530 2255
1530 2246
2255 2246
2441 2260
2479 2260
2477 2476
2477 1774
1774 1789
1441 2247
1440 2247
2247 2196
3032 2241
2251 2774
2251 2488
2774 2488
1536 2484
2484 1512
2210 2484
1785 2260
2254 2121
2254 1540
2481 2478
2481 2333
2478 2333
2333 2365
2267 1432
2267 1348
1717 2480
1566 2480
2469 1717
2469 2480
2371 2485
2371 2369
2485 2369
1432 2247
1529 3033
2482 3033
2483 2480
2483 1566
2171 2254
1554 2255
2247 2267
1606 2483
1606 1570
2483 1570
1539 2484
3033 3032
2254 2242
829 2748
2486 2477
2486 1789
2477 1789
1799 2486
1785 3013
1441 2196
2369 2481
2369 2365
2481 2365
1545 2481
1545 2369
2485 1545
1745 2481
2210 2575
2575 2484
1558 2533
829 2198
829 2610
2198 2610
2488 1544
2753 2576
2753 2649
2672 2753
2575 2994
2994 2484
2271 2017
2017 2167
2489 2478
2489 2481
2481 2097
2255 2263
1554 2263
1683 2202
1683 3013
2202 3013
1538 2533
1538 2262
2533 2262
1555 2533
1555 1538
2491 2417
1569 2417
2417 2284
1438 2484
2097 2577
2097 2489
2577 2489
1553 2200
2200 2198
2131 2578
3033 2253
2482 2253
2032 2578
2578 1461
2578 1458
2263 1565
2263 2265
1565 2265
2578 1348
2578 2267
2496 2494
2496 2279
2494 2279
1550 2481
2097 1550
1438 2994
2267 2131
2266 1549
2266 2488
1549 2488
1748 2266
2582 2097
1455 2579
2579 2034
1558 2273
1777 2273
3037 2200
3037 1563
2200 1563
2533 2273
2268 1748
2268 2266
1525 2275
2087 2275
2272 2533
2272 2273
1548 2253
1523 2371
2579 2211
2256 2253
2256 1548
1551 2284
2491 2284
2506 1748
2506 2268
2994 2580
2293 2499
2293 2279
2499 2279
1590 2293
1471 2275
2275 2283
1571 2248
2248 2257
2506 1577
1438 2580
2580 2099
2293 2296
1571 2257
2580 2581
2527 2262
2283 1486
2283 1471
2494 1603
2257 3090
2257 1573
3090 1573
3006 2506
3006 2268
2497 2284
2497 2308
2284 2308
2495 2492
2495 2278
2492 2278
2493 2256
2493 1548
1577 3006
1580 3006
1551 2497
2497 1560
1762 2387
2362 2387
2204 3090
2288 1580
2288 3006
2838 2312
2838 2298
2312 2298
2303 1486
2303 2283
2256 2261
2493 2261
2298 1590
2298 2296
1590 2296
2278 2289
2278 1575
2289 1575
2387 2395
2387 1564
2395 1564
2219 2102
2219 1457
1435 2290
2102 2290
1815 2493
1815 1552
2493 1552
1630 2298
2312 1630
1782 2288
2302 2512
2302 2288
2512 2288
2492 1581
2492 2292
1581 2292
1584 2286
1596 2286
2286 2287
2290 2306
2493 2264
1815 2264
1567 2395
2397 1567
2397 2395
2313 1486
2313 2303
1541 1486
1541 2313
2490 1541
2490 2313
1576 2206
2204 2206
2515 2512
2515 2302
2302 2307
2312 1650
2490 1543
1567 2075
2075 2397
1597 2306
1435 2306
2306 2323
2515 1595
1562 3036
2504 2497
2504 2308
2308 3022
1608 2540
1608 2294
2540 2294
1596 1608
1596 2294
2286 2294
1601 2323
1597 2323
2207 1578
2207 2206
1578 2206
2312 2514
2312 1666
2514 1666
2497 1574
2504 1574
2389 2490
2389 2313
1578 2588
1561 2269
1568 3036
2314 2515
2314 2307
2515 2307
2523 2515
2523 2314
2540 2305
1589 2289
2507 2504
2507 3022
2504 3022
2502 2507
2502 3022
1561 2277
1582 2277
2277 2269
2515 1602
2523 1602
2323 2584
1601 2584
2584 2510
1611 2540
2583 2080
2514 2520
2514 1702
2520 1702
2345 2585
2345 1559
2585 1559
2207 2588
2289 2301
2583 2631
1559 2072
2585 2072
2585 2626
2626 2345
1593 2301
1589 2301
2584 2587
1559 2350
2503 2350
2345 2350
2147 2584
1437 1582
2586 1582
2301 2317
2503 2353
2505 2353
2353 2350
2586 2277
2281 1568
2281 2291
1568 2291
2197 2202
2197 1683
2277 2146
2033 1777
2502 2594
2502 1984
2594 1984
2639 2588
2639 2207
2033 2273
2265 1604
2265 2325
1604 2325
2540 1614
1614 2305
2088 2498
1586 2498
1685 2197
1614 2309
1631 2309
2309 2305
2478 2589
2478 2661
2661 2333
2521 2406
1583 2291
1583 1568
2505 2366
2511 2366
2366 2353
2501 2498
2501 1586
1820 2501
2529 2486
2529 1799
1799 1975
2274 2588
2274 2639
1588 2588
1588 2274
2521 3020
1811 3020
2197 2590
1685 2590
1631 2311
1632 2311
2309 2311
2114 2489
2589 2489
1604 2327
1612 2327
2486 2328
2529 2328
2511 2375
1572 2375
2366 2375
2483 2329
1632 2315
1634 2315
2315 2311
2529 2332
2285 1823
2285 2299
1823 2299
2501 1823
2501 2285
1592 2274
2274 2276
2483 2351
1606 2351
2537 2529
2537 1975
2529 1975
1975 1609
2590 1687
1599 2299
2414 3020
2375 1591
2375 2360
1591 2360
1950 2339
2339 1609
2115 1606
2238 2591
2136 1583
2136 2291
1591 2509
2509 2360
1598 2509
2115 2351
1599 2513
1599 2310
2513 2310
2339 2537
2537 1609
2310 2299
2490 2517
2332 2537
2332 2336
2537 2336
2577 2114
1612 2337
1617 2337
2337 2327
1639 2557
1637 2557
2361 2170
2361 1462
2498 2300
2088 2300
2300 2130
2338 2860
1700 2860
2518 1791
2517 2389
2557 2561
2557 1648
2561 1648
1700 2342
1703 2342
2342 2860
1621 2339
2521 2848
1605 2295
2295 2137
2137 2713
2295 2713
2396 2517
2396 2389
2524 2396
1691 2561
2592 2361
2524 2528
2528 1641
2337 2346
1617 2346
2361 2191
1703 2347
1886 2347
1605 2304
1610 2304
2304 2295
2300 2501
2300 2316
2501 2316
2557 2321
1637 2321
2321 2318
2382 2523
2382 2314
1618 2523
1618 2382
2528 2396
2396 2401
1610 2319
1616 2319
2319 2304
2347 2342
2399 1618
2399 2382
2535 2399
1535 2250
1534 2250
2561 2318
2557 2318
1619 2276
1592 2276
2276 2322
2318 2331
2530 1594
2530 1607
1624 2346
2552 2339
2552 1621
2355 2238
2355 2870
2238 2870
1710 2238
1710 2355
1622 2552
1622 1621
2335 1619
2335 2322
1619 2322
1620 2335
2487 1535
2487 2250
2250 2151
1791 2519
2519 1613
2518 2519
1641 2531
2528 2531
1628 2344
2339 2336
2530 2414
1629 2317
1593 2317
2317 2354
2561 2343
1628 2335
2531 2534
2531 1647
2534 1647
2335 2344
1711 2355
2355 2359
2536 2530
2536 1607
2343 2349
2343 1699
2349 1699
1691 2343
2339 2341
2552 2341
2519 2522
2519 1812
2522 1812
2531 2401
2528 2401
2401 2403
1627 2399
2400 1627
2400 2399
2373 1711
2373 2359
1711 2359
1713 2373
2356 1629
2356 2354
1629 2354
2519 2220
2518 2220
1633 2356
1626 2552
2559 2552
2559 1626
2220 2320
2344 2357
2344 1623
2357 1623
2534 2403
2531 2403
2522 2320
2519 2320
2183 1633
2183 2356
1649 2559
2403 2408
2373 2381
2373 1715
2381 1715
2400 1467
2349 2201
2201 1699
1699 1917
2201 1917
2358 1623
2358 2357
1635 2358
2559 2341
2392 1715
2392 2381
1822 1647
1822 2534
2522 2525
2522 1852
2525 1852
1918 2392
1638 2358
2358 2364
3099 2400
1837 2536
1822 2545
2534 2545
1657 2364
1638 2364
2343 2331
2561 2331
2364 2419
2525 2526
2525 1625
2526 1625
2559 3031
1719 2392
2392 2402
1837 2436
1615 2436
2319 1644
2319 2372
1644 2372
2525 2320
2637 2594
2637 2502
2536 2436
2320 2324
2534 2408
2408 2413
2408 2545
2413 2545
1645 2372
2258 1556
2258 2270
1556 2270
1547 2258
2622 1646
1646 2411
2622 2411
1720 1725
1720 2424
1725 2424
1870 2461
2330 2525
2330 2324
2525 2324
2526 2330
1645 2393
2509 2550
2509 2423
2550 2423
2423 2360
2270 1838
2270 2280
1838 2280
1720 2347
1645 1654
1654 2393
1634 2569
1634 2367
2569 2367
2367 2315
2526 2532
1838 2282
1849 2282
1986 2594
2282 2280
2123 2367
1920 2548
2550 2555
2550 2425
2555 2425
2425 2423
2428 2424
2428 1725
1654 1655
1654 2405
1655 2405
2405 2393
2555 2556
2555 2427
2556 2427
2637 2595
2595 2594
2671 2595
2671 2637
2348 2526
2348 2330
2427 2425
2461 2548
2461 3024
2548 3024
1870 2548
2346 1643
2346 2363
1643 2363
2671 2203
2203 2595
2203 1640
2203 1642
1642 2650
2203 2650
2363 1653
2363 2385
1653 2385
1643 1653
2405 1656
2405 2444
1656 2444
2550 1598
1728 2549
1728 2428
2549 2428
1725 1728
2227 2282
1636 2548
2551 2548
2551 1636
2127 2385
2127 1653
2282 2165
2227 2165
2549 1730
2549 2431
1730 2431
2548 2447
2551 2447
2447 3024
1646 2422
2411 2422
2055 2422
1653 2597
2555 1672
2550 1672
2310 2539
2310 2368
2539 2368
2367 2071
2556 1672
1730 2435
1732 2435
2435 2431
1658 2419
1657 2419
2419 2426
1669 2563
1732 2438
1733 2438
2368 2541
2368 2374
2541 2374
1662 2426
1658 2426
2049 3042
2049 2598
3042 2598
2216 2422
2438 2435
2566 2559
2566 1649
2500 2598
2500 3042
1733 2442
1734 2442
2442 2438
1673 2563
2429 1662
2429 2426
1737 2402
1719 2402
2402 2449
2598 1434
2598 1869
2566 3031
2092 1936
2092 2376
2129 2376
2374 2542
2374 2377
2542 2377
2541 2542
2432 1662
2432 2429
2564 2565
2564 2433
2565 2433
2551 2553
2551 2450
2553 2450
1739 2449
1737 2449
2449 2455
1869 2500
2500 1884
2376 2378
1937 2378
2377 2544
2377 2379
2544 2379
2542 2544
2447 2450
1739 2455
1825 2432
2432 2437
2500 2297
2500 2508
2297 2508
2542 1659
2427 1677
2427 2564
1677 2564
2455 2457
2455 1741
2457 1741
2567 3031
2567 2566
2326 2508
2326 2297
1665 2437
1825 2437
1697 2199
2025 2199
1660 2542
2544 1660
1884 2508
2508 1585
1742 2457
2457 2462
2553 2241
1522 2241
2437 2440
2379 2547
2379 3016
2547 3016
2544 2547
2565 1677
1681 2565
1587 2508
1743 2462
1742 2462
2462 2464
1680 2567
2547 2386
2567 2380
1680 2380
2543 2538
2543 2410
2538 2410
2454 1615
2454 1675
1670 2444
1661 2544
2547 1661
2516 2508
2516 2326
2565 1684
2565 2439
1684 2439
2439 2433
2205 2599
2205 2201
2599 2201
2446 2444
2446 1670
1581 2464
1743 2464
2464 2292
1680 2383
1689 2383
2383 2380
2417 2543
2417 2410
2454 1678
2454 3030
1678 3030
2334 2516
2334 2326
2386 1663
2386 2388
1663 2388
2547 1663
1684 2443
2568 2443
2443 2439
2436 2454
2436 2458
2454 2458
2205 2094
2446 1674
2446 2451
1674 2451
2205 2035
1569 2543
2205 2218
2383 2572
1689 2572
1674 2452
1676 2452
2452 2451
1664 2388
1697 2538
2538 1701
2199 2538
1693 2459
2456 2452
2456 1676
1664 1584
1664 2287
1584 2287
2287 2388
2442 1527
2442 2243
1689 1692
1692 2572
1701 2543
2543 1708
1678 2459
2459 3030
1956 2348
2532 2348
2348 2390
2633 2600
2600 2048
2600 1511
2600 1723
2600 2384
2573 2572
2573 1692
1696 2573
1682 1855
1682 2460
1855 2460
2460 2456
2456 1682
1968 2105
1667 2390
1956 2390
2390 2391
2398 1723
2398 2384
1723 2384
1726 2398
1579 2573
2406 2573
2406 1579
1693 2461
2461 2459
2545 2570
2545 2560
2570 2560
1830 2545
1668 2391
1667 2391
2394 1668
2394 2391
2554 1668
2554 2394
1669 2570
2570 2571
2460 1547
2460 2258
1855 1547
2554 1671
2570 2413
2413 2445
1937 2409
1727 2409
2409 2378
1698 2440
1665 2440
2440 2466
2570 2445
2445 2448
2445 2571
2448 2571
1968 2601
2601 2105
2250 1698
2250 2466
1698 2466
2409 2636
1727 2636
1669 2571
1669 2453
2571 2453
3005 2563
3005 2453
2563 2453
1729 1727
1729 1948
2554 2558
1968 3014
3014 2601
1688 2563
1688 3005
2663 2636
2663 2065
2636 2065
2636 1464
1464 1731
2636 1731
1731 1727
1731 1729
2995 1702
2995 2520
1709 2995
2404 2554
2404 2394
2415 1726
2415 2398
1735 2415
2244 1709
2244 2995
1690 3005
2463 1690
2463 3005
1695 2463
2418 1735
2418 2415
1736 2418
2321 2558
2321 2404
2558 2404
2370 3014
2370 1651
2574 1695
2574 2463
2473 1709
2418 2420
2418 1738
2420 1738
1679 2321
2370 2910
2910 3014
1740 2420
2420 2421
2574 1705
2546 2370
2546 1652
2370 1652
1652 1686
2574 1707
2082 2421
1740 2421
2184 2421
2465 2574
2465 2463
2430 2370
2430 2546
2443 2602
2568 2602
1694 2334
3001 1694
3001 2334
2163 2602
2163 2076
2602 2076
2602 1352
2407 1694
2407 3001
2467 2603
2467 1714
2603 3053
2467 2468
1714 2468
2407 1990
2468 1717
2468 2469
1990 2412
2412 1991
2407 2412
2574 1718
2470 2574
2470 2465
1718 2470
1721 2470
2562 2412
2562 2416
2412 2416
2470 2471
1991 2562
2562 1704
1721 2471
2471 2472
2471 1724
2472 1724
1603 2562
1603 2416
2252 1724
2252 2472
2562 1706
2416 2494
1712 2546
1712 1686
2546 1686
1712 2430
2430 2434
1712 2434
1716 2441
1716 2434
2441 2434
2606 2156
2606 2652
2156 2652
2159 2606
2144 2628
2669 2628
2134 2605
2611 2605
2141 2608
2141 2678
2608 2678
2218 2617
2590 2660
2607 2660
2607 2590
2607 2689
2610 2748
2098 2608
2611 2038
2611 2614
2038 2614
2614 2148
2614 2616
2148 2616
2038 2148
2231 2612
2676 2612
2198 2621
2621 2610
2625 2075
2625 2618
2075 2618
2696 3206
2147 3206
2608 2664
1433 2231
2200 2621
2172 2165
2607 2161
2607 2609
2161 2609
2627 2667
2627 2625
2667 2625
2636 3047
2663 3047
2616 2152
2616 2624
2152 2624
2180 2172
2664 2615
2176 2615
2583 2627
2626 2624
2174 2177
2174 2699
2177 2699
2635 2712
2615 2178
2615 2646
2178 2646
2176 2178
2200 2679
3037 2679
2631 2627
2172 2705
2180 2705
2154 3047
1459 2712
2629 2204
2629 3090
2631 2634
2126 2066
2126 2648
2066 2648
2634 2640
2634 2235
2640 2235
2653 2126
2653 2648
2707 2159
2707 2606
2236 2646
2620 2228
2620 2752
2228 2752
2155 2734
2155 2226
2734 2226
2155 2754
2157 2754
2734 2754
2669 2160
2669 2698
2160 2698
2085 2640
2653 1444
2158 2754
2653 2756
2130 2656
2223 2641
2173 2641
2216 2630
2145 2638
2194 2638
2160 2620
2734 2647
2125 2641
2641 2645
2233 2707
2707 2049
2643 2991
2643 2127
2991 2127
2206 2695
2584 2674
2323 2674
2138 2643
3054 2234
3054 2632
2234 2632
2604 2632
2715 2601
2715 2900
2601 2900
3082 2153
3082 2145
2139 2643
2215 3082
2215 2726
2232 2654
2195 2642
2078 2642
2642 2649
2136 2678
2659 2136
2659 2678
2643 2623
2654 2182
2654 2736
2182 2736
2217 2619
2217 2199
2619 2199
2182 3052
2187 3052
3052 2736
2644 2642
2623 2162
2623 2732
2162 2732
2662 2688
2132 2688
2132 2269
2269 2688
2059 2613
2671 3130
2637 3130
2727 2672
2727 2753
2164 2613
2671 3134
3134 2203
3134 2650
2655 2672
2655 2727
2128 2655
2651 2609
2164 2168
2131 2605
3039 2131
3039 2605
2151 2652
2657 2349
2657 2953
2349 2953
2201 2657
2071 2658
2179 2658
2179 3043
2129 3043
3044 2201
3044 2657
2205 3044
3139 2143
3139 3097
2143 3097
2604 2662
2604 2675
2662 2675
2610 3546
2617 2722
2617 2724
2722 2724
2142 2617
2142 2724
2682 2143
2682 3139
3082 3074
2145 3074
2608 2681
2688 2675
3099 2677
3082 2726
2683 2681
2683 2608
2682 2661
2688 3873
2676 2687
2664 2683
2690 2618
2690 2686
2618 2686
2621 2679
2217 2726
2726 2619
2625 2690
3057 2613
3057 2691
2613 2691
2172 2693
2690 3113
2694 2683
2694 2664
2691 2164
2691 3104
2164 3104
2150 2724
3095 2693
3095 2172
2694 2615
2694 3514
2615 3514
3037 3075
2168 3104
2724 2728
3105 3104
3105 2168
2705 3095
2869 2411
2869 2706
2411 2706
2622 2706
2615 2700
2646 2700
2700 3514
2665 2612
2665 3194
2612 3194
3105 2171
3105 3437
2171 3437
3115 2625
3115 3113
2625 3113
2612 2687
3115 2627
2206 2629
2206 3181
2629 3181
2728 2729
2728 2150
2729 2150
2646 2704
2236 2704
2704 2700
3035 2181
3035 2720
2181 2720
2953 3059
2236 2711
2185 2711
2711 2704
2637 3127
2175 2720
2233 2159
2633 2729
2750 2627
2750 3115
2631 2750
2665 3107
3047 3048
2179 2719
2716 2192
2716 2714
2192 2714
2671 3131
3130 3131
2192 2656
2656 2714
3528 2719
3528 2179
2751 2634
2751 2750
2634 2750
3047 2731
2154 2731
2730 3047
2730 2731
3522 2714
3522 2656
2715 3148
2900 3148
2642 3126
2644 3126
3134 3131
3123 2668
3123 3107
2668 3107
2154 2733
2733 2731
2647 2733
3044 3059
2657 3059
2650 2609
2751 2640
3059 2722
2722 3044
2639 2695
2207 2695
2702 2639
2702 2695
2202 2747
2197 2747
2747 2660
2747 3128
2660 3128
2197 2660
2642 2723
2723 2649
2660 2689
2660 3076
2689 3076
3076 3128
838 3137
2133 3137
2721 2640
2721 2751
2753 2723
3206 2674
3206 3205
2674 3205
2584 3206
2673 2605
2673 3096
2605 3096
2727 2723
2734 2733
3106 3096
3106 2605
2620 3077
2752 3077
2670 2640
2670 2721
2611 2680
2611 3106
2680 3106
2734 3207
2754 3207
2067 2749
2174 2749
2158 3207
2755 2655
2755 2727
2031 2670
2031 2725
2670 2725
2230 3133
2166 3133
3133 2158
2673 3039
2606 3081
2652 3081
2166 2654
2166 2735
2654 2735
3133 2735
2635 3079
2696 3079
2736 2735
2031 3051
2725 3051
2033 3051
3079 2712
2736 2985
3052 2985
2614 2684
2616 2684
2684 2680
2680 2614
2193 2708
3049 2708
2194 2708
2708 3124
2653 3092
2648 3092
2194 3124
2991 2717
2643 2717
3071 2717
3071 2643
2143 2756
2756 3097
2684 2624
2684 2692
2624 2692
2624 2697
2626 2697
2697 2692
2697 2701
2626 2701
2173 2709
2173 2710
2709 2710
2167 2709
2641 2710
2718 2641
2718 2710
2245 2993
2873 2431
2873 2880
2431 2880
2549 2873
2740 2992
2740 2261
2992 2261
2261 2264
2995 2845
2520 2845
2760 2995
2760 2845
2370 2791
2430 2791
3142 1526
3142 3141
1526 3141
2248 3142
2880 2435
2880 2881
2435 2881
3036 2740
3036 2264
2740 2264
2619 3034
3034 2199
3034 2538
2538 2759
3034 2759
2429 2761
2426 2761
2993 2527
2993 2895
2527 2895
2899 2993
2899 2895
2760 2764
2764 2995
2881 2438
2881 2886
2438 2886
2748 3062
1526 3062
3062 3141
3035 2186
2186 2758
3035 2758
3001 2769
2334 2769
2432 3438
2429 3438
2897 3437
2897 2254
3437 2254
2886 2442
2886 2889
2442 2889
2740 3078
3078 2992
2191 2188
2191 2768
2188 2768
3018 2410
3018 2759
2410 2759
2417 3018
2896 2402
2896 2894
2402 2894
2449 2896
2770 3001
2770 2769
2407 2770
2773 2432
2773 3438
2437 2773
2897 2993
2897 2899
2254 2993
2898 2449
2898 2896
2455 2898
2242 2993
2758 2188
2740 3083
3036 3083
2244 2764
2901 2455
2901 2898
3018 2771
2783 2437
2783 2773
2440 2783
2457 2901
3142 2743
2248 2743
2743 2257
2257 3505
2743 3505
2412 2770
3088 3083
3088 2281
3083 2281
2281 3036
2249 2764
2775 2191
2775 2768
2789 2852
2789 2444
2852 2444
3090 3505
2776 2162
2776 2224
3444 2249
3444 2764
2905 2457
2905 2901
2462 2905
2902 2273
2902 2828
2273 2828
2272 2902
2251 3444
2446 2998
2446 2789
2998 2789
2281 2762
2291 2762
2224 2781
2474 2781
2781 2776
2494 3004
2494 2786
3004 2786
2907 2462
2907 2905
2464 2907
2903 2272
2903 2902
2262 2272
2262 2903
2702 2274
2274 2765
2702 2765
2996 2262
2996 2903
2788 2247
2788 2792
2247 2792
2767 2274
2767 2765
2276 2767
2925 2464
2925 2907
2781 2476
2781 2784
2476 2784
2291 3038
2906 2996
2906 3254
2996 3254
2527 2996
2527 2906
2777 2412
2777 2770
2416 2777
3004 2416
3004 2777
2784 2477
2784 2793
2477 2793
2266 2774
2785 2266
2785 2774
2247 3039
3039 2792
2267 3039
2998 2451
2998 3451
2451 3451
2997 3037
2997 1600
3037 1600
2659 3038
3038 2136
2906 2895
2933 2889
2933 2442
2788 2644
2788 2196
2486 2793
2451 2803
2452 2803
2803 3451
2999 2933
2999 2243
2933 2243
2452 2807
2456 2807
2807 2803
2284 2771
2284 2802
2771 2802
2268 2785
3137 1600
2997 3137
2287 2917
2286 2917
2917 2921
2817 2807
2817 2456
2716 2190
2190 2711
2711 2716
2771 2417
2243 2246
2434 2791
2917 2924
2286 2924
2800 2268
2800 2785
3006 2800
2300 3040
3040 2130
3040 2656
3040 3522
2924 2294
2924 2927
2294 2927
2255 2999
2999 2246
2460 3000
2460 2817
3000 2817
3068 2738
3068 2295
2738 2295
2738 2713
2927 2305
2927 2930
2305 2930
2294 2305
2434 2794
2300 2772
2316 2772
2772 3040
2128 2275
2655 2275
2275 2755
3501 2255
3501 2941
2255 2941
2285 2782
2285 2780
2782 2780
2316 2285
2316 2780
2999 3501
2288 2800
2809 2288
2809 2800
2799 2275
2799 2755
2283 2799
3068 2304
3068 2778
2304 2778
2308 2802
2772 2780
2263 2941
2434 2798
2441 2798
2258 3000
2802 3021
2305 2937
2811 2283
2811 2799
2303 2811
2263 2944
2265 2944
2944 2941
2778 2319
2778 2795
2319 2795
2441 2805
2309 2937
2814 2303
2814 2811
2829 2440
2829 2783
2302 2809
2801 2276
2801 2767
2309 2938
2311 2938
2313 2814
2814 2823
2938 2937
2250 2829
2466 2829
2829 2836
2812 2302
2812 2809
2808 2322
2808 2801
2322 2801
2335 2808
2938 2315
2938 2940
2315 2940
2260 3011
2260 2805
3011 2805
2389 2823
2313 2823
2815 2335
2815 2808
2344 2815
2812 2307
2278 3002
2278 2950
3002 2950
2492 3002
3022 3021
3022 2806
3021 2806
2318 2947
2321 2947
2947 2946
2841 2250
2841 2836
2250 2836
2151 2841
3003 2344
3003 2815
3013 3011
3013 2260
2827 2701
2827 2345
2701 2345
2357 3003
2949 2318
2949 2946
2318 2946
2841 2652
2821 3022
2821 2806
2358 3003
2668 2575
2949 2956
2949 2331
2956 2331
2827 2350
2827 2834
2350 2834
3117 3013
3117 2202
2815 2818
2350 2837
2353 2837
2837 2834
2812 3516
2812 2314
3516 2314
3011 3117
2954 2278
2954 2950
2289 2954
3021 2308
2818 2820
2818 3003
2820 3003
2258 2846
2270 2846
2846 3000
3516 2746
2746 2314
2786 3449
2786 2279
3449 2279
2843 2855
2843 2360
2855 2360
2343 2956
3002 2292
3002 2925
2292 2925
2270 2850
2280 2850
2850 2846
2757 2252
2757 2958
2252 2958
2240 2757
2502 2821
2358 2820
2364 2820
2953 2343
2953 2956
3473 2364
3473 2820
2280 2854
2282 2854
2854 2850
2763 2240
2763 2757
2353 2849
2366 2849
2849 2837
2825 2279
2825 3449
2864 2364
2864 3473
2419 2864
2165 2854
2366 2851
2375 2851
2851 2849
2763 2766
2763 2259
2766 2259
2854 2693
2165 2693
2375 2855
2855 2851
2315 2960
2367 2960
2960 2940
2962 2289
2962 2954
2795 2372
2795 2833
2372 2833
2271 2766
2301 2962
2822 2329
2822 2824
2329 2824
2480 2329
2480 2822
2737 2502
2737 2821
2839 2833
2839 2372
2825 2293
2822 2469
2824 2351
2824 2826
2351 2826
2329 2351
2823 2858
2372 2393
2372 2844
2393 2844
2844 2839
3017 2825
3017 2831
2825 2831
2317 2962
2962 2965
2793 2328
2793 3462
2328 3462
2719 3041
2719 2658
3041 2658
3041 2071
3041 2367
3041 2960
2960 2719
2351 2169
2351 2830
2169 2830
2293 3017
3017 2296
2830 2826
2396 2858
2389 2858
2858 2861
2967 2944
2967 2265
2744 3042
2744 2707
3042 2707
2167 2271
2271 2709
2709 2766
2963 3043
2963 2376
3043 2376
2967 2325
2967 3007
2325 3007
2298 3017
2298 2831
2838 2831
2328 2332
2332 3462
2500 2744
2744 2865
2835 2169
2835 2170
2830 2835
2393 2852
2405 2852
2852 2844
2401 2861
2396 2861
2861 2863
2718 2211
2718 2645
2211 2645
2211 2125
2332 3025
2332 2832
3025 2832
2868 2401
2868 2863
2401 2863
3528 3043
3528 2963
2336 3025
2297 2865
2500 2865
2779 2211
2779 2718
2963 2378
2963 2973
2378 2973
3025 3324
2779 2135
2787 2135
2787 2779
2865 3480
2327 3007
2327 2325
2403 2868
3026 3025
3026 2336
2787 2219
2790 2219
2790 2787
2170 2842
2361 2842
2842 2835
2875 2403
2875 2868
2408 2875
3026 3324
2514 2838
2838 2845
3044 2218
3044 2617
2866 2419
2866 2864
2426 2866
2327 2970
2361 2775
2775 2842
2876 2297
2876 3480
2297 3480
2326 2876
2514 2845
3028 3026
3028 2336
2339 3028
2878 2408
2878 2875
2413 2878
2729 3045
2633 3045
2633 2384
3045 2384
2970 2337
2970 2976
2337 2976
2797 2219
2797 2790
2290 2219
2290 2797
2398 3045
3045 2969
2423 2843
3117 2747
3029 3028
3029 2339
2382 2746
2290 2810
2810 2306
2797 2810
2346 2976
2843 2883
2423 2883
3028 2853
3029 2853
2334 2876
2876 2769
2352 2796
2340 2796
2346 2977
2973 3008
2973 2971
3008 2971
2423 2887
2425 2887
2887 2883
3527 2382
3527 2746
2399 3527
2362 2804
2475 2804
2887 2427
2887 2909
2427 2909
2971 3048
2971 2974
3048 2974
3008 3048
2306 3085
3085 2323
2810 3085
3029 2341
3029 2856
2341 2856
2804 2352
2804 2796
2856 2853
2749 3046
2067 3046
3046 2061
3046 2063
3046 2238
3046 2870
3012 2813
3012 3015
2813 3015
3009 2317
3009 2965
2317 2965
3010 3009
3010 2965
2674 3085
2909 2433
2909 2911
2433 2911
2564 2909
3047 2974
2333 3015
3015 2365
3012 2333
3547 2699
3547 2338
2699 2338
2338 2177
2341 3031
3031 2856
3009 2356
3010 2356
2369 3015
2369 2813
2371 2813
2816 2371
2816 2813
2399 3019
3527 3019
2737 3072
2737 2637
3072 2637
3072 3127
2911 2439
2911 2913
2439 2913
2378 3008
2409 3008
3019 3099
3019 2400
2342 2862
2601 2904
3014 2904
2904 2900
2183 3010
2183 2984
3010 2984
2340 2371
2340 2816
2816 2796
2913 2443
2913 3390
2443 3390
2342 2867
2347 2867
2867 2862
2986 2183
2986 2984
2409 3048
2636 3048
2870 2871
2922 2413
2922 2878
2445 2922
2904 2910
2387 2804
2804 2739
2856 3475
3031 3475
3496 2445
3496 2922
2986 3049
2708 2986
2448 3496
2387 2739
2739 2395
2395 2741
2739 2741
2355 2871
2871 2874
2871 2359
2874 2359
2415 2969
2398 2969
2969 3499
2910 2791
2567 3475
2661 3012
3012 2682
2977 2363
2977 2987
2363 2987
2373 2874
2874 2884
3129 2397
3129 2741
2397 2741
2979 2415
2979 3499
2415 3499
2380 3475
2418 2979
2987 2385
2987 2990
2385 2990
2869 2877
2869 2422
2877 2422
2381 2884
2373 2884
2127 2990
2453 2448
2453 3496
2931 2453
2931 3496
2216 2877
2877 2630
3005 2931
3123 2575
2991 2990
3129 2075
3129 2618
3129 2686
2884 2888
3135 2420
3135 2979
2420 2979
2891 2381
2891 2888
2381 2888
2392 2891
2380 2879
2383 2879
2879 3475
2915 2575
2915 3123
2994 2915
2891 2893
2402 2893
2392 2893
2893 2894
2935 3005
2935 2931
2383 2885
2572 2885
2879 2885
1720 3419
2424 3419
2184 3050
3050 2189
2189 2985
3050 2985
3051 2273
3051 2828
2347 2916
1720 2916
2572 2890
2916 2867
2463 2935
2936 2463
2936 2935
2916 3419
2890 2573
2890 2892
2573 2892
2983 2421
2983 3135
2421 3135
2184 2983
3050 2983
2920 2994
2920 2915
2465 2936
2936 2939
2424 2919
2428 2919
2919 3419
2840 3020
2840 2414
2573 2847
2406 2847
2847 2892
2428 2873
2873 2919
2580 2920
2923 2580
2923 2920
2581 2923
2443 2942
2602 2942
2942 3390
3052 2189
2848 2847
2848 2406
2926 2581
2926 2923
2149 2926
2942 2163
2942 2945
2163 2945
2140 2149
2140 2926
2926 2929
2848 2840
2848 3264
2840 3264
2222 3054
3054 2228
3054 2752
2752 2632
2163 3053
3053 2945
3053 2948
2414 2857
2530 2857
2857 2840
2530 2859
2536 2859
2859 2857
3053 2467
3053 2951
2467 2951
2951 2948
2467 2952
2468 2952
2952 2951
2952 2469
2952 2819
2469 2819
3023 2536
3023 2436
2822 2819
3023 2859
2269 2943
2277 2943
2688 2943
2470 2939
2465 2939
2939 2955
2471 2955
2470 2955
2955 2957
2872 3024
2872 2447
2146 2943
2472 2957
2471 2957
2957 2958
2553 3027
3027 2450
2472 2958
2299 2782
2872 2450
2872 3027
2241 3027
2782 2310
2782 2964
2310 2964
2220 2140
2220 2929
2140 2929
3023 2458
3023 2882
2458 2882
2220 2742
2929 2742
2454 2912
3030 2912
2458 2912
2742 2320
2742 3094
3094 2320
3030 2914
2459 2914
2908 3030
2908 2914
3094 3055
3055 2320
3055 2324
2908 2912
2330 3055
3055 2959
2348 2959
2330 2959
2959 2961
2461 2918
3024 2918
2914 2461
2914 2918
2368 2964
2872 2918
2368 2966
2374 2966
2966 2964
2374 2968
2377 2968
2968 2966
2377 3463
2379 3463
3463 2968
2241 2928
3032 2928
2928 3027
3463 3016
3032 2932
3033 2932
2932 2928
2932 2253
2932 2934
2253 2934
2386 2972
2388 2972
3016 2386
3016 2972
2934 2256
2934 3070
2256 3070
2388 2975
2975 2287
2975 2921
2287 2921
2992 2256
2992 3070
2390 2961
2348 2961
2961 2978
2390 2978
2980 2391
2980 2978
2391 2978
2394 2980
2981 2394
2981 2980
2982 2394
2982 2981
2404 2982
2947 2404
2947 2982
3056 2943
3056 2988
2989 2988
2989 3056
2613 2225
3057 2225
3057 3056
3057 2989
3059 3523
2953 3523
2756 3164
2707 3111
2606 3111
2685 2677
2685 3122
2677 3122
3058 3124
3058 2708
3112 2707
3112 3111
2696 3064
3206 3064
3064 3066
3079 3066
2696 3066
2744 3112
2133 2713
2133 3574
2713 3574
3593 3059
3593 3136
3059 3136
2722 3593
3546 3062
3546 2748
2682 3517
3139 3517
3079 3585
2697 3060
3060 2692
2685 3063
3122 3063
2622 2685
2622 3063
2705 2715
2705 3560
2715 3560
3083 3078
2628 2698
2628 3170
2698 3170
2741 3507
2741 3146
3507 3146
3595 2710
3595 3506
2710 3506
2703 2628
2703 3170
3065 2738
3065 3068
2739 3507
3063 2706
2724 3073
2722 3073
2698 3159
2648 3585
2648 3151
3585 3151
3166 2710
3166 3595
3159 3077
3159 3568
3077 3568
2698 3077
2620 2698
2712 3585
2712 2648
3199 2741
3199 3146
3129 3199
3069 2710
3069 3166
3081 3153
2621 3197
2679 3197
2687 2628
2687 2703
2676 2628
3153 3111
3153 2606
3092 3164
2730 3086
2731 3086
2718 3069
3075 3197
3075 2679
2653 3164
2731 3091
2733 3091
3091 3086
3117 3125
2747 3125
3196 2642
3196 3126
2623 3071
3085 3205
3087 2742
3087 3084
2742 3084
2734 3091
3074 2638
3074 3124
2638 3124
3172 3505
3172 2743
3207 3091
3196 2723
3094 3087
2158 3098
3133 3098
2629 3089
3090 3089
3207 3098
3082 3167
3167 2726
3194 2687
3194 3176
2687 3176
3113 3114
3095 3560
3196 3080
3080 2723
3115 3116
2619 3167
2727 3080
2755 3080
3098 2735
3098 3208
2735 3208
3116 3118
3116 2750
3118 2750
2609 2689
3094 3180
3180 3055
2735 3132
3132 3208
2749 3119
2174 3119
2751 3118
3057 3103
2691 3103
3132 2736
3103 3100
3093 3071
3093 2623
3104 3103
3185 2751
3185 3118
2699 3119
3204 2702
3204 2695
2699 3614
2985 3132
3067 3072
3067 2737
3109 2979
3109 3108
2979 3108
3135 3109
2670 3120
2721 3120
3109 3110
3072 3125
3072 2747
2747 3127
2725 3120
3120 3121
3101 2684
3101 3102
2684 3102
3102 2692
3102 3060
3130 2747
3130 3128
3106 3203
2680 3203
3131 3128
3131 3076
2684 3203
3101 3203
2689 3134
2689 3131
3134 2609
2746 2745
3516 2745
3099 3184
3019 3184
3107 3194
3107 3580
3194 3580
3580 3535
3097 3164
3097 3138
3164 3138
3122 3567
2677 3567
3139 3138
3618 3070
3618 3555
3070 3555
2934 3618
3136 3523
3136 3326
3523 3326
3093 2732
3093 3158
2732 3158
3142 3540
3141 3540
3070 3078
3078 3555
3064 3649
3137 3574
3058 4034
4034 3145
4034 3124
3145 3124
3061 3123
3061 3586
3123 3586
3171 3060
3171 3149
3060 3149
3585 3066
2697 3149
3187 3067
3187 3162
3067 3162
3125 3067
3125 3187
3078 3147
3083 3147
2738 3574
3546 3620
2610 3620
3065 3574
3088 3147
3620 2621
3620 3160
2621 3160
3507 3143
3065 3578
3068 3578
3595 3594
3506 3594
3150 3152
3150 3201
3152 3201
3197 3160
3307 3153
3307 3081
3080 3198
3196 3198
3533 2717
3533 3156
2717 3156
3538 2745
3538 3280
2745 3280
2724 3200
3073 3200
3092 3151
3092 3552
3151 3552
3197 3169
3075 3169
2703 3165
3153 3541
3541 3111
3071 3156
2755 3154
3080 3154
3200 3150
3150 2724
3142 3172
3552 3164
3087 3180
3201 2724
2746 3538
2687 3165
3545 3195
3545 3154
3195 3154
2686 3199
2686 3155
3199 3155
2755 3195
2690 3155
3155 4011
3580 3176
3541 3548
3548 3111
3163 3082
3163 3074
3167 3163
2629 3175
3089 3175
3113 4011
2690 4011
3531 3086
3531 3173
3086 3173
3179 3069
3179 3166
2677 3184
3184 3567
3091 3173
3096 3203
3096 3161
3203 3161
4011 3114
3203 4007
4007 3161
3085 3182
4007 3168
3203 3168
3167 3561
3535 3586
3535 3107
3586 3107
3104 3712
3105 3712
3526 3095
3526 3587
3095 3587
3091 3601
3115 3114
3115 3553
3114 3553
3560 3587
3181 3175
3181 3664
3175 3664
3207 3601
3116 3553
3553 3554
3174 3587
3174 3560
3101 3168
3034 3561
2619 3561
3118 3554
3116 3554
3112 3548
3548 3564
3183 2695
3183 3181
2695 3181
3554 3178
3207 3208
3207 3177
3208 3177
3101 3171
3102 3171
3171 3168
3204 3183
3185 3178
3118 3178
3206 3582
3205 3582
3564 3140
3564 3112
3140 3112
2721 3185
3560 3646
2715 3646
3064 3582
3208 3209
3209 3177
3186 2721
3186 3185
3120 3186
3148 3646
4035 3209
4035 3132
3209 3132
3186 3121
3011 3187
3117 3187
3119 3525
3547 3614
3108 3597
3599 3109
3599 3597
3109 3597
4035 3109
4035 3599
4035 3110
3213 2761
3213 3211
2761 3211
2899 3222
2895 3222
3222 3234
3190 3436
3190 3231
3436 3231
2757 3216
2958 3216
3216 3212
2720 3445
3061 2915
2915 3189
3061 3189
3219 2845
3219 3319
2845 3319
2760 3219
2763 3212
2757 3212
3212 3227
3034 3241
3232 2760
3232 3219
2764 3232
3220 2761
3220 3213
3438 2761
3438 3220
3215 2720
3215 2175
2766 3227
2763 3227
3227 3292
2796 3436
2796 3191
3436 3191
3089 3505
3089 3631
3505 3631
3618 3443
2720 3217
3191 3192
3191 2804
3192 2804
3438 3233
3997 3441
3997 3242
3441 3242
2915 3308
3189 3308
2920 3308
3437 3504
3246 2759
3246 3241
2759 3241
3018 3246
3788 3445
3788 3221
3445 3221
3035 3445
3035 3788
2758 3788
3444 3232
3232 3244
3105 3504
3504 3712
3445 3217
4004 2920
4004 3308
2771 3246
3246 3291
2709 3292
2766 3292
3233 3446
3233 2783
3446 2783
2923 4004
3504 2897
3504 3228
2897 3228
2773 3233
4006 3158
4006 2776
3158 2776
2776 2732
3292 3506
3506 2709
2813 4018
3012 4018
4018 3231
3238 3239
3238 2769
3239 2769
3328 2923
3328 4004
2926 3328
2897 3234
2899 3234
3234 3228
2762 3157
2762 3088
3157 3088
4006 2781
4006 3265
2781 3265
2768 2758
2768 3225
2758 3225
3157 3038
3157 3236
3038 3236
2762 3038
3436 2813
2813 3231
2816 3436
3571 2702
3571 3204
2770 3239
3179 2718
3265 2784
3265 3270
2784 3270
2251 3244
3444 3244
3894 2718
3894 3179
2702 3440
3726 2828
3726 3237
2828 3237
3248 2251
3248 3244
3243 2789
3243 3910
2789 3910
2852 3243
2902 3726
3236 3508
3236 3348
3508 3348
3038 3508
2779 3894
3192 3507
3507 2804
2774 3248
3333 2926
3333 3328
2789 3247
2998 3247
3247 3910
2784 3275
3275 3270
2793 3275
2659 3508
3245 2902
3245 3726
2903 3245
2929 3333
2775 3229
2768 3229
3442 2770
3442 3239
3877 2775
3877 3229
2906 3252
3254 3252
3260 2774
3260 3248
2785 3260
2767 3440
2767 3447
3440 3447
2765 3440
3442 2777
3222 2906
3222 3252
3247 3451
3247 3263
3451 3263
4009 3077
4009 2752
3351 3508
3351 2678
3508 2678
3077 3637
3254 2903
3254 3245
3261 2777
3261 3442
3004 3261
3304 2779
3304 3894
2787 3304
3075 2997
3267 2785
3267 3260
3263 3452
3263 3456
3452 3456
3451 3452
3314 2787
3314 3304
2790 3314
2786 3261
3261 3272
2675 3509
2675 2632
3509 2632
3892 2917
3892 3268
2917 3268
2924 3268
3452 2803
3322 2790
3322 3314
2797 3322
3509 2752
3509 4009
2800 3267
2681 3510
2681 2678
3510 2678
3510 3351
3126 3511
3196 3511
3511 3198
3051 3249
2725 3249
2802 3291
2771 3291
3449 3272
2786 3272
2681 3365
2683 3365
3365 3510
2725 3121
2927 3274
2927 3273
3274 3273
2924 3273
3511 2788
3271 2800
3271 3267
2807 3452
2809 3271
2828 3249
3249 3237
2788 3126
2810 3322
3322 3512
3887 2809
3887 3271
3450 3274
3450 2927
3509 3873
2675 3873
3365 2694
3224 2794
3224 3278
2794 3278
2791 2794
2791 3224
2810 3512
3512 3085
2847 3257
2848 3257
3257 3255
3278 2798
3278 3455
2798 3455
2794 2798
3161 3513
3259 3257
3259 2848
2807 3279
2817 3279
3096 3513
3512 3182
3282 2802
3282 3291
3284 2802
3284 3282
2930 2937
2930 3276
2937 3276
3450 2930
3450 3276
3274 3276
2805 3455
2805 2798
2673 3513
2673 2792
3513 2792
3264 3259
3289 3276
3289 2937
3871 3440
3871 3571
3440 3571
3513 2788
3289 2938
3289 3294
2938 3294
2694 3368
3514 3368
3456 2807
3456 3279
3021 3284
3021 3295
3284 3295
3341 3873
3341 2688
3294 2940
3294 3305
2940 3305
3514 3515
3280 2809
3280 3887
2812 3280
3454 3447
3454 3871
3447 3871
3256 3454
3256 3871
2788 3198
3513 3198
3396 2840
3396 2857
2688 3448
2943 3448
2700 3515
3280 3516
3279 3000
3279 3283
3000 3283
3457 3454
3457 3256
3318 3458
3318 3315
3458 3315
3459 3458
3459 3318
3453 3457
3453 3256
3373 3515
3373 2700
3012 3517
3517 4018
2805 3293
3011 3293
3321 3459
3321 3318
3377 2700
3377 2704
3373 3377
3453 3518
3453 2778
3518 2778
2857 3895
2859 3895
3396 3895
3518 3068
3518 3578
2799 3195
3883 2704
3883 2711
3468 3459
3468 3321
3377 3883
3457 2778
2795 3457
2829 3446
2947 3458
2711 3383
2716 3383
3383 3883
2767 3460
2822 3441
3441 2819
2859 3401
3023 3401
3401 3895
3458 2946
3459 2946
3384 3521
3384 2714
3521 2714
3521 2716
3521 3383
3383 3384
3195 3520
2799 3520
2767 3464
3447 3464
3464 3460
3303 2829
3303 3446
3459 2949
2811 3520
2811 3250
3520 3250
3299 3449
3299 3272
2825 3299
3264 3396
3264 3792
3396 3792
2949 3468
3468 2956
3193 3519
3193 2943
3519 2943
3251 2811
3251 3250
2814 3251
2808 3460
2801 3460
3242 2824
3242 3893
2824 3893
3519 3448
3325 3468
3325 3321
2841 3303
2836 3303
3303 3307
3307 2841
2823 3251
3258 2823
3258 3251
3461 2823
3461 3258
3460 3467
3460 2815
3467 2815
2822 3242
3299 3309
3299 2831
3309 2831
3295 3310
3295 2806
3310 2806
3522 3384
3384 3386
3522 3386
2841 3081
2824 3896
2826 3896
3896 3893
3313 2821
3313 3310
2821 3310
2838 3309
3386 3040
3386 3387
3040 3387
3326 3468
3326 3325
2953 3468
2953 3326
2826 3297
2830 3297
3297 3896
3258 3262
3460 3290
3464 3290
3266 3460
3266 3290
3467 3266
3309 3316
3387 2772
3387 3391
2772 3391
3000 3311
3297 2835
3297 3302
2835 3302
2845 3316
2838 3316
3398 2964
3398 3353
2964 3353
2782 3398
3316 3319
2772 3393
2780 3393
3393 3391
3269 3467
3269 3266
2835 3870
3313 3067
3067 2821
2835 3874
2842 3874
3398 3393
3398 2780
3467 3277
3467 2818
3277 2818
3874 3870
3084 2929
3084 3333
3907 3524
3907 3465
3524 3465
3524 2827
3524 2701
3524 2697
3524 3149
3277 3269
2842 3877
3877 3874
2846 3311
2850 3311
3023 3408
2882 3408
3401 3408
3907 3285
3465 3285
2850 3332
2854 3332
3332 3311
3305 2960
3305 3331
2960 3331
3180 2959
2870 2749
2870 3525
2749 3525
3525 3395
2959 3385
3180 3385
3466 3465
3466 2827
3465 2827
2793 3317
3462 3317
3317 3275
2820 3277
2882 2912
2882 3411
2912 3411
2960 3334
3543 3527
3543 3538
3527 3538
2693 3332
2837 3466
3466 2834
3472 3466
3472 2837
3392 2959
3392 3385
2961 3392
3835 3547
3835 2860
3547 2860
2719 3334
3465 3287
3466 3287
3287 3285
3320 3317
3320 3462
3394 2961
3394 3392
2719 3974
3287 3472
3287 3301
3472 3301
2860 2862
3526 2693
3526 3332
3416 2914
3416 3421
2914 3421
2908 3416
3527 3184
3184 3543
2867 3389
3389 3835
3389 2862
3835 2862
3528 3974
2843 3484
3484 2855
2966 3353
3528 3477
3420 3411
3420 2912
3320 2832
3320 3324
2832 3324
3462 2832
3281 2820
3281 3277
3473 3281
2849 3472
2871 3395
2870 3395
3395 3399
3420 2908
3420 3416
3026 3329
2966 3549
2968 3549
3140 2744
3140 2865
2918 3424
2849 3298
2851 3298
3301 2849
3301 3298
3463 3549
2630 3903
2630 2175
3903 2175
3903 3215
3464 3454
3464 3476
3454 3476
2874 3399
2871 3399
3399 3400
3028 3329
3480 3140
3480 3371
3140 3371
2914 3424
3424 3421
3476 3457
3476 3479
3457 3479
3463 3403
3984 2963
3984 3342
2963 3342
3528 3984
3329 2853
3329 3330
2853 3330
3402 2874
3402 3400
2874 3400
2884 3402
2851 3323
2855 3323
3323 3298
3464 3923
3476 3923
2876 3371
2963 3346
2973 3346
3346 3342
3337 2869
3337 2706
3404 2884
3404 3402
3424 2872
3424 3922
2872 3922
3484 3323
2853 3469
2856 3469
2877 3337
3337 3344
3403 3016
3403 3405
3016 3405
3478 3461
3478 3262
3461 3262
3470 3469
3470 2856
3479 3481
3479 3923
3481 3923
3405 2972
3405 3409
2972 3409
3371 3238
3371 2769
3404 3407
3404 2888
3407 2888
3593 3073
2872 3428
3027 3428
2972 2975
2975 3409
3349 2877
3349 3344
2877 3344
3027 3435
3435 3428
2630 3349
3479 2795
3470 3355
2891 3407
3407 3410
3409 2921
3409 3892
2921 3892
3200 3593
3461 2858
3478 2858
2928 3435
3439 3435
3439 2928
3349 3903
3481 2833
3479 2833
2839 3481
2861 3478
3414 2961
3414 3394
3413 2891
3413 3410
2891 3410
2893 3413
3485 3201
3485 3152
3152 3352
2932 3439
3443 3439
3443 2932
3415 2978
3415 3414
2978 3414
3475 3470
3481 3483
3481 3306
3483 3306
3306 3923
2900 3188
3188 3148
2934 3443
3487 3485
3487 3352
3485 3352
3352 3359
2861 3336
3478 3336
3955 2861
3955 3336
2893 3482
3482 2894
3413 3482
2980 3415
2981 3415
3417 2981
3417 3415
2868 3955
2863 3955
3955 3343
3188 2904
3188 4028
2904 4028
3475 3355
2844 3481
3471 2981
3471 3417
3417 3418
3485 2728
2728 3201
3483 2844
3343 3354
3343 2868
3354 2868
4028 2910
4028 3381
2910 3381
2873 3214
2880 3214
3214 3210
2729 3529
2729 3487
3529 3487
3529 3485
3529 2728
2916 3389
2875 3354
3218 2881
3218 3223
2881 3223
2880 3218
3354 3357
3475 3356
3474 3471
3474 3418
3471 3418
3418 3422
3483 3490
3483 3312
3490 3312
3312 3306
2919 3210
2878 3357
2875 3357
3357 4024
3360 3487
3360 3359
3487 3359
3492 3487
3492 3360
2910 3224
3224 3381
3223 2886
3223 3226
2886 3226
2873 3210
3361 3492
3361 3360
3493 3492
3493 3361
3356 2879
3356 3358
2879 3358
3226 2889
3226 3867
2889 3867
3422 3425
3422 3474
3425 3474
3218 3214
2729 3492
3492 3045
3490 2844
3358 2885
3358 3943
2885 3943
2843 3379
2883 3379
3484 3379
3458 3474
3458 3425
3425 3315
2894 3486
3045 3493
3493 2969
3482 3486
2852 3490
2885 2890
2890 3943
2883 3375
2887 3375
3375 3379
3471 2982
3474 2982
3482 3230
3495 3312
3495 3490
3943 2892
3943 3255
2892 3255
2896 3488
3486 3488
3486 2896
2887 3376
2909 3376
3376 3375
2971 3497
2947 3474
2847 3255
3495 2852
3486 3230
3230 3235
3230 3488
3235 3488
2974 3497
3202 3497
3202 2974
3243 3495
3488 3494
3488 2901
3494 2901
2898 3488
2974 3530
3202 3530
3202 3531
3530 3531
3531 2730
3530 2730
2730 2974
3473 3335
3494 3235
2988 3193
2988 2943
2911 3489
3491 3489
3491 2911
3346 3497
3346 3363
3497 3363
2973 3497
2988 3430
2989 3430
3235 3240
3193 3430
3376 3489
3376 3491
2909 3489
3202 3363
3494 3253
3494 2905
3253 2905
3057 3100
3100 2989
3100 3430
2866 3335
2864 3335
3253 3240
3494 3240
3364 3493
3364 3361
3499 3493
3499 3364
3211 2866
3211 3335
2761 2866
3388 2913
3388 3981
2913 3981
2911 3388
3491 3388
3364 3108
3108 3499
3390 3981
3253 3498
3253 2907
3498 2907
3988 3496
3988 3397
3496 3397
2922 4024
2878 4024
3950 2907
3950 3498
2925 3950
2922 3397
3050 3532
3050 3132
3532 3132
3532 4035
3532 3110
3532 3135
3532 2983
2889 3890
2933 3890
3890 3867
2931 3988
3901 3890
3901 2933
3990 2931
3990 3988
2933 3286
2999 3286
3286 3901
3991 2931
3991 3990
2935 3991
3288 3286
3288 2999
3406 2935
3406 3991
2936 3406
3412 2936
3412 3406
2939 3412
3501 3288
3390 3500
2942 3500
3288 3296
3501 3296
3423 3500
3423 2942
3296 2944
3296 3300
2944 3300
2941 3296
2948 3423
2948 2945
3423 2945
3426 3423
3426 2948
2954 3502
2950 3502
3327 2925
3327 3950
2950 2925
2950 3327
2951 3426
3429 3426
3429 2951
3429 2952
3429 3427
2952 3427
2952 3431
2819 3431
3431 3427
3338 2954
3338 3502
3431 3441
3431 3997
3339 2954
3339 3338
2962 3339
3432 2939
3432 3412
2955 3432
3340 2962
3340 3339
3433 2955
3433 3432
2957 3433
3434 2957
3434 3433
2958 3434
3434 3216
2944 3345
2967 3345
3345 3300
2967 3347
3007 3347
3347 3345
3347 3503
3347 3350
3503 3350
3007 3503
2970 3503
2970 3007
3503 3362
2970 3362
2970 3366
2976 3366
3366 3362
2976 2977
2976 3367
2977 3367
3367 3366
3369 2965
3369 3340
2965 3340
3010 3369
3369 3370
3010 3370
3372 2984
3372 3370
2984 3370
2986 3372
3372 3374
3374 3058
3374 2986
3058 2986
4034 3374
2977 3378
2987 3378
3378 3367
2987 3380
2990 3380
3380 3378
3382 3380
3382 2990
3382 2991
3382 3533
2991 3533
3148 4142
3188 4142
3146 3143
3146 3537
3143 3537
3183 3664
3539 3066
3539 3602
3066 3602
3583 3161
3583 3534
3161 3534
3180 3536
3199 3542
3146 3542
3539 3585
3633 3156
3633 3071
3544 3199
3544 3542
3074 3550
3124 3550
3155 3544
3550 3617
3585 3660
3539 3660
3151 3660
3660 3607
3163 3617
3074 3617
3588 4025
3588 3557
4025 3557
3543 3608
3538 3608
3553 4393
3114 4393
3062 3144
3546 3144
3250 3545
3250 3673
3545 3673
3195 3250
3552 3607
3151 3607
3672 3204
3672 3183
3178 3562
3136 3592
3326 3592
3535 3616
3616 3586
3589 3250
3589 3673
3556 3586
3556 3616
3672 3571
3683 3591
3683 4022
3591 4022
4024 3591
4024 3683
3186 3562
3185 3562
3189 3586
3189 3556
3620 3621
3160 3621
3563 3331
3563 3681
3331 3681
3145 3550
4025 3331
4025 3563
3197 3621
3533 4036
3156 4036
3561 3241
3184 3559
3593 3592
3593 3569
3592 3569
3628 3659
3628 3159
3659 3159
3169 2997
3169 3629
2997 3629
3594 3596
3659 3630
3659 3170
3630 3170
3166 3596
3595 3596
2703 3630
3093 3633
3164 4077
3552 4077
3572 3633
3572 3093
3137 3629
3170 3159
3158 3572
3137 3666
3063 3647
3647 2706
3088 3627
3157 3627
3584 3187
3584 3162
4017 3584
4017 3162
4090 3164
4090 4077
3599 4033
3599 3598
4033 3598
3172 3540
3728 3166
3728 3596
3137 3565
3574 3565
3565 3666
4044 3182
4044 4016
3182 4016
4033 3597
3205 3182
3205 4044
3566 2703
3566 3630
3634 3138
3634 3558
3138 3558
3139 3634
3448 3576
3448 4038
3576 4038
3519 3576
3517 3634
3599 3600
3598 3600
4142 3646
3576 3590
3519 3590
3165 3566
3165 3575
3566 3575
3193 3590
3065 3651
3651 3574
3191 3190
3191 3570
3190 3570
3066 3649
3649 3602
3087 3581
3084 3581
3176 3165
3176 3575
3575 3579
3651 3578
3177 3600
3177 3601
3600 3601
3644 3191
3644 3570
3580 3579
3176 3579
3192 3644
3192 3577
3644 3577
3541 4021
3153 4021
3536 3087
3536 3581
3183 3609
3664 3609
3603 3580
3603 3639
3580 3639
3535 3603
3538 3605
3658 3583
3658 3534
3146 4295
3537 4295
4041 4021
4041 3654
4021 3654
3537 4008
3613 3183
3613 3609
3604 3119
3604 3612
3119 3612
3144 3141
3541 4041
3156 3622
3633 3622
3606 3661
3606 3536
3661 3536
3616 3603
3611 3541
3611 4041
3548 3611
3583 3665
3658 3665
3665 3545
3545 3583
3550 4079
3443 3657
3618 3657
3619 3549
3619 3667
3549 3667
3617 4072
3587 3827
3119 3614
3614 3612
3613 3672
3658 3662
3658 3663
3662 3663
3534 3662
3543 4096
3608 4096
4387 4078
4387 3145
4078 3145
3626 3163
3626 4072
3163 4072
3658 3669
3663 3669
3669 3665
3561 3163
3561 3626
3665 3673
3551 3667
3551 3549
3174 3646
3624 3555
3624 3078
3550 4078
4078 4079
3567 3559
3567 4102
3559 4102
3669 3673
4011 4393
3551 3671
3671 3667
3197 4390
3169 4390
4463 3567
4463 4102
3122 4463
4146 3553
4146 4393
3557 3563
3557 3676
3563 3676
3645 3122
3645 4463
3063 3645
3629 3666
3629 4080
3666 4080
4146 3554
3564 3640
3548 3640
3678 3676
3678 3563
3647 3645
3645 4498
3678 3679
3172 3610
3540 3610
3610 4689
3668 3666
3668 3565
4073 3628
4073 3568
3628 3568
3554 3625
4146 3625
3178 3625
3631 3172
3631 4689
3172 4689
3668 4080
4026 3564
4026 3640
3568 3637
3138 4090
4090 3558
3683 3680
4022 3680
3693 3089
3693 3631
3668 3641
3565 3641
3448 3711
4038 3711
4142 4064
4064 3646
3632 3562
3632 3625
3562 3625
3565 4058
3574 4058
4058 3641
3684 3685
3684 3686
3685 3686
4038 4043
3576 4043
3677 3685
3677 3684
3563 3682
3681 3682
3682 3678
3575 3636
3566 3636
3636 3638
3569 3679
3569 3678
3684 3687
3686 3687
3687 3680
3576 3648
3590 3648
3648 4043
3186 3632
3190 3643
4055 3570
4055 3643
3570 3643
3682 3569
3632 4098
3575 3638
3687 3683
3592 3679
3186 4098
3644 4055
4098 3642
4098 3121
3642 3121
3571 3674
3672 3674
3579 3639
3683 3397
3687 3397
3644 4056
3573 3675
3573 3650
3675 3650
3594 3688
3536 3670
3651 4058
3581 3670
3651 3650
3578 3650
3596 3688
3596 3623
3688 3623
3578 3573
3728 3623
4044 4050
4044 3582
4050 3582
3064 4050
4050 3649
3694 3865
3694 3689
3865 3689
3868 3865
3868 3694
3297 4324
3302 4324
4324 3691
4004 3656
3308 3656
3219 3696
3319 3696
3224 3759
3759 3690
3759 3381
3690 3381
3223 3866
3223 3692
3866 3692
3226 3866
3213 3868
3211 3868
3626 3241
3713 3241
3713 3626
3705 3219
3705 3696
3232 3705
3302 3870
3302 3695
3870 3695
3695 4324
4069 4004
4069 3656
3698 3222
3698 3700
3222 3700
3234 3698
3442 3738
3239 3738
3867 3866
3652 3190
3652 3231
3870 3701
3874 3701
3701 3695
3707 3876
3707 3709
3876 3709
3738 3747
3213 3697
3868 3697
3220 3697
3714 3220
3714 3697
3154 4005
3545 4005
4005 3583
4005 3161
3161 3198
4005 3198
4005 3080
3239 3723
3238 3723
3723 3738
3701 3877
3701 3706
3877 3706
3872 3878
3872 3230
3878 3230
3482 3872
3717 3884
3717 3721
3884 3721
3888 3884
3888 3717
3712 3876
3712 3707
3504 3876
4018 3652
4046 3652
4046 4018
3246 3713
3713 3743
3724 3232
3724 3705
3246 3743
3743 3797
3743 3291
3797 3291
3235 3878
3556 3308
3534 4007
3876 3228
3876 3719
3228 3719
3717 3688
3688 3888
3888 3594
3261 3747
3442 3747
3872 3881
3872 3886
3881 3886
3886 3878
3881 3867
3881 3890
4007 3662
3693 3175
4006 3572
3572 4049
4006 4049
3869 3244
3869 3724
3244 3724
3233 3220
3233 3714
3228 3698
3698 3719
4056 4008
4056 3577
4008 3577
3662 3168
4008 3192
3446 3714
3884 3292
3888 3292
3192 3143
4008 3143
3556 3656
3726 3718
3237 3718
3747 3752
3747 3272
3752 3272
3594 3292
3890 3886
3248 3869
3248 3730
3869 3730
3328 4069
3889 3744
3889 3722
3744 3722
3265 4296
3664 3693
3878 3899
3886 3899
4006 4296
4296 4049
3879 3889
3879 3722
4069 3699
3886 3901
3901 3899
3254 3770
3333 3699
3328 3699
3699 3739
3770 3753
3770 3252
3753 3252
3662 3875
3168 3875
3243 3889
3889 3495
3910 3889
3744 3910
3878 3904
3700 3252
3700 3753
3734 3248
3734 3730
3615 3155
3615 3544
3759 3278
3759 3767
3278 3767
3235 3904
3904 3240
4011 3615
3871 3674
3455 3767
3904 3899
3904 3911
3899 3911
3179 3728
3899 3914
3901 3914
3914 3911
3910 3933
3270 4296
3260 3734
3736 3179
3736 3728
3894 3736
3880 4010
3880 3875
4010 3875
4010 3662
4010 3663
4010 3669
3455 3781
3741 3260
3741 3734
3906 3894
3906 3736
3736 3740
3245 3770
3453 4012
3453 3573
4012 3573
4012 3675
3904 3917
3911 3917
3781 3293
3781 3789
3293 3789
3455 3293
3675 3674
4012 3674
4012 3871
4012 3256
3267 3741
3669 3880
3703 4009
3703 3509
3637 4009
3637 3703
3933 3939
3933 3749
3939 3749
3749 3744
3744 3933
3171 4013
3171 3875
4013 3875
3293 3584
3293 3795
3584 3795
4013 3880
3906 3304
3249 3121
3249 3716
3121 3716
3880 3882
4013 3882
4013 3149
3755 3267
3755 3741
3271 3755
3187 3293
3911 3919
3914 3919
3919 3917
3237 3716
3716 3718
3760 3749
3760 3939
3270 3776
3275 3776
4296 3776
3873 3703
3268 3908
3268 3774
3908 3774
3752 3809
3809 3272
3891 3589
3891 3880
3589 3880
3589 3669
3892 3774
3783 3892
3783 3774
3887 3755
3703 3708
3873 3708
3453 3578
3263 3933
3933 3247
3939 3263
3891 3882
3891 3902
3882 3902
3763 3887
3763 3755
3257 3729
3456 3939
3304 3740
3906 3740
3760 3456
3299 3809
3240 3926
3904 3926
3746 3304
3746 3740
3314 3746
3708 3341
3708 3711
3341 3711
3908 3787
3266 3885
3877 3757
3605 3887
3605 3763
3257 3765
3259 3765
3809 3815
3589 3251
3280 3605
3309 3815
3299 3815
3341 3448
4015 3314
4015 3746
3813 3282
3813 3797
3282 3797
3269 3900
3885 3900
3885 3269
3322 4015
3456 3769
3926 3917
3926 3931
3917 3931
3657 4014
3815 3817
3284 3813
3251 3891
3891 3258
3316 3817
3309 3817
3817 3822
3765 3729
3258 3902
3902 3262
3917 3938
3919 3938
3938 3931
3443 4014
4014 3439
3277 3913
3825 3316
3825 3822
3316 3822
3319 3825
3264 3765
3882 3149
3882 3907
3149 3907
3926 3942
3931 3942
3279 3769
3771 3765
3771 3264
3398 3737
3353 3737
3732 3398
3732 3737
3913 3900
3913 3905
3900 3905
3908 3273
3268 3273
3915 3908
3915 3273
3274 3915
3704 3627
3704 3157
3295 3813
3813 4301
3277 3900
3882 3916
3907 3916
3916 3902
3931 3945
3938 3945
3945 3942
4015 3512
3285 3916
3253 3948
3948 3498
3926 3948
3926 3253
3920 3916
3920 3285
3236 3704
3830 3310
3830 3295
3401 3786
3604 3525
3921 3915
3921 3274
3287 3920
3924 3920
3924 3287
3792 3771
3236 3710
3348 3710
3710 3704
4352 3283
4352 4363
3283 4363
3769 3283
3769 4352
4015 4016
4016 3512
3720 3950
3720 3498
3928 3924
3928 3287
3787 3915
3787 3793
3915 3793
3948 3720
3832 3310
3832 3830
3313 3832
3793 3921
3793 3799
3921 3799
3895 3792
3581 3739
4096 3559
3559 3543
3913 3879
3905 3879
3348 3351
3348 3715
3351 3715
3715 3710
3581 3333
3333 3739
3796 3446
3796 3714
3948 3942
3792 3786
3895 3786
3301 3928
3446 3966
3510 3731
3510 3715
3731 3715
3604 3653
3653 3525
3653 3395
3832 4017
4017 3313
3395 3655
3653 3655
3313 3162
4017 3795
3401 3798
3408 3798
3798 3786
3365 3731
3945 3954
3276 3921
3927 3921
3927 3276
3932 3266
3932 3290
3923 3932
3923 3290
3720 3942
3289 3927
3930 3927
3930 3289
3306 3932
3408 3411
3408 3803
3411 3803
3798 3803
3298 3935
3799 3927
3799 3811
3927 3811
3634 4018
3365 3368
3365 3733
3368 3733
3731 3733
3776 3317
3776 3836
3317 3836
3944 3928
3944 3301
3796 3806
3796 3966
3806 3966
3661 3745
3661 3897
3745 3897
3935 3944
3935 3301
3927 4330
4330 3811
3647 3337
3337 4395
3647 4395
3930 4330
3932 3885
3897 3385
3661 3385
3385 3536
4046 3634
3946 3944
3946 3935
3966 3810
3966 3307
3810 3307
3914 3286
3835 3837
3389 3837
3303 3966
3775 3337
3775 4395
3677 3935
3677 3298
3323 3677
3411 3816
3420 3816
3588 3930
3588 3289
3294 3588
3836 3320
3836 3839
3320 3839
3750 3897
3750 3745
3368 3515
3368 3742
3515 3742
3399 3655
3919 3286
3294 4025
3324 3839
3288 3919
3839 3329
3839 3841
3329 3841
3324 3329
3938 3288
3515 4303
3677 3484
3810 3806
3680 4019
3680 3684
4019 3684
3399 3843
4303 3373
4303 3898
3373 3898
3778 3344
3778 3775
3344 3775
3349 3778
3885 3936
3932 3936
3936 3900
3846 3400
3846 3843
3400 3843
3402 3846
3420 3819
3416 3819
3305 4025
3784 3898
3784 3373
3377 3784
3903 3778
3330 3841
3404 3846
3846 4321
3897 3392
3750 3392
3936 3306
4019 3677
4019 3935
3312 3936
3416 3821
3421 3821
4266 3903
4266 3778
3883 3784
3810 4021
4021 3307
3392 3758
4019 3946
3946 3680
3849 3404
3849 4321
3404 4321
3750 3758
3676 4020
3407 3849
3934 3407
3934 3849
3810 3654
3557 4020
3588 4020
4020 3930
3330 3848
3262 3916
3916 3478
3785 3903
3785 3780
3903 3780
3215 3785
3217 3215
3217 3785
3883 4310
3383 4310
4020 4330
3725 3883
3725 4310
3821 3922
3821 3823
3922 3823
3900 3941
3936 3941
4330 3676
3788 4329
3221 4329
3353 3619
3407 3940
3940 3410
3934 3940
3424 3821
3221 3217
3221 3785
3785 4329
3383 3751
3384 3751
3751 4310
3940 3852
3934 3852
3225 3912
3384 3761
3386 3761
3761 3751
3945 3288
3920 3478
3761 3387
3761 3764
3387 3764
3940 3413
3848 3469
3848 3853
3469 3853
3330 3469
3549 3353
3949 3951
3949 3315
3951 3315
3757 3229
3757 3791
3229 3791
3764 3391
3764 3772
3391 3772
3920 3955
3920 3336
3296 3945
3947 3940
3947 3852
3413 3947
3922 3428
3428 3823
3469 3355
3355 3853
3967 3954
3967 3296
3954 3296
3772 3393
3772 3773
3393 3773
3924 3955
3951 3318
3229 3912
3229 3800
3912 3800
3300 3967
3924 3957
3928 3957
3957 3955
3355 3856
2768 3912
3941 3905
3956 3824
3956 3959
3824 3959
3283 3311
3311 4363
3413 3872
3957 3343
3318 3956
3956 3321
3428 3833
3435 3833
3833 3823
3355 3356
3356 3856
3393 3732
3732 3773
3947 3872
3311 3976
3312 3941
3495 3941
3951 3956
3912 3788
3912 4271
3788 4271
3225 3788
3928 3961
3944 3961
3905 3889
3941 3889
3356 4319
3435 4014
4014 3833
3671 3909
3551 3909
3551 3403
3403 3549
3961 3957
3959 3321
3358 4319
3944 3963
3946 3963
3963 3961
3281 3952
3281 3335
3952 3335
3913 3952
3913 3281
3866 3855
3962 3959
3962 3824
3824 3811
3635 3909
3635 4401
3909 4401
3671 3635
3950 3973
3957 3354
3961 3354
3861 4319
3861 3358
3943 3861
3913 3702
3879 3702
3952 3702
3872 3854
3947 3854
3881 3854
3857 3881
3857 3854
3727 3950
3727 3720
3405 3909
3909 3403
3963 3354
4023 3962
4023 3811
3962 3811
4330 4023
3918 3909
3918 3405
3952 4289
4289 3335
3827 3976
3827 3332
3976 3332
3855 3881
3855 3857
3866 3881
3925 3918
3925 3405
3409 3925
4289 3702
3502 3327
3502 3973
3327 3973
4022 3946
4022 3963
3963 3591
3861 3863
3943 3863
3959 3325
3962 3325
4355 3973
4355 3727
3973 3727
3929 3925
3929 3409
3784 3725
3962 3326
4023 3326
3389 3859
2916 3859
3859 3837
3892 3929
3963 3357
3591 3357
3859 3419
3859 3858
3419 3858
3502 4355
3255 3863
3909 3937
3918 3937
3592 4023
4023 3679
4023 3676
3918 3953
3925 3953
3953 3937
3865 3211
3419 3210
3210 3858
3526 3827
3375 3968
3968 3379
3969 3968
3969 3375
3255 3729
3729 3863
3865 3335
3865 4289
3862 3858
3862 3210
3338 3979
3376 3969
3978 3969
3978 3376
3214 3864
3218 3864
3864 3862
3862 3214
3929 3953
3970 3331
3970 3334
3331 3334
3340 3979
3339 3979
3484 3685
3685 3379
4026 3140
3929 3783
3953 3783
3979 3983
3971 3681
3971 3970
3681 3970
3682 3971
3864 3223
3864 3692
3968 3685
4291 3685
4291 3968
3972 3970
3972 3334
3766 3502
3766 4355
3338 3766
3371 4026
3840 3371
3840 4026
3748 4027
3748 4291
4027 4291
4027 3685
4027 3686
4027 3687
3687 3748
3974 3972
3974 3334
3979 3766
3766 3768
3970 3975
3972 3975
3975 3971
3969 4291
3972 3977
3974 3977
3977 3975
3238 3840
3840 3723
3969 3735
3978 3735
3735 4291
3979 3768
3394 4405
3758 4405
3758 3394
3414 3958
4405 3958
4405 3414
3989 3954
3989 3967
3977 3477
3974 3477
3980 3977
3980 3477
3491 3978
3345 3967
3989 3345
4028 4142
4142 4406
4028 4406
3982 3980
3982 3477
3960 3801
3960 3964
3801 3964
3491 3754
3388 3754
3978 3754
4028 3851
3381 3851
3851 4406
3415 3960
3960 3417
3958 3960
3958 3415
3347 3989
3790 3989
3790 3347
3985 3984
3985 3342
3346 3985
3417 3964
3964 3418
3390 3762
3690 3851
3805 3964
3805 3801
3965 3964
3965 3805
3984 3982
3984 3477
3986 3982
3986 3984
3388 3756
3981 3756
3347 3794
3350 3794
3790 3794
3808 3965
3808 3805
3986 3985
3986 3987
3985 3987
3762 3756
3762 3981
3804 3794
3804 3350
3418 3965
3965 3422
3200 4029
3200 3971
4029 3971
4029 3682
4029 3569
4029 3593
3808 3422
3350 3362
3804 3994
3804 3814
3994 3814
3362 3994
3362 3804
3988 4030
3988 3748
4030 3748
4030 3687
4030 3397
3150 3975
3200 3975
2922 3683
3994 3366
3808 3949
3808 3425
3949 3425
3152 4031
3152 3977
4031 3977
4031 3975
4031 3150
3994 4380
4297 3988
4297 3748
3152 3980
3980 3352
3590 3818
3818 3648
3352 3982
3982 3359
3990 4297
3430 3590
3818 3430
3366 4380
3367 4380
3982 3360
3986 3360
3986 3361
3987 3361
3369 3983
3340 3983
3826 3369
3826 3983
3818 3100
3818 4032
3100 4032
3777 3990
3777 4297
3991 3777
3992 3991
3992 3777
3777 3779
3993 3985
3993 3346
3828 4032
3828 3103
4032 3103
3829 3370
3829 3826
3370 3826
3372 3829
3598 3993
3598 3363
3993 3363
3202 3598
3712 3103
3712 3828
3992 3406
3374 3829
3829 4384
3985 3995
3993 3995
3995 3987
3782 3992
3782 3779
3992 3779
4033 3993
4033 3995
3995 3597
4034 4384
3374 4384
4384 4387
4387 4034
3992 3412
3782 3412
3531 3598
3782 3802
3802 3412
3500 3762
3173 3598
3173 3600
3173 3601
3762 3807
3500 3807
3367 3842
3378 3842
3842 4380
4035 3177
4035 3600
3500 3812
3378 3844
3380 3844
3844 3842
3987 3364
3995 3364
3380 4264
3382 4264
4264 3844
3423 3812
3597 3364
3382 3847
3533 3847
3847 4264
3820 3812
3820 3423
3426 3820
4036 3847
3427 3996
3838 3820
3838 3426
3429 3838
3838 3996
3838 3831
3996 3831
3429 3996
3431 3996
3834 3996
3834 3431
3997 3834
3834 3831
3412 3998
3802 3998
3432 3999
3998 3999
3998 3432
3999 3845
3999 4000
3845 4000
4001 4000
4001 3845
3433 4000
3999 3433
3434 4001
4001 3216
3845 3850
4381 4001
4381 3850
4001 3850
4002 4001
4002 4381
4001 3212
3212 4002
4002 3227
4383 4002
4383 4381
4003 4002
4003 4383
3721 4003
3721 4383
3884 4003
3227 4003
4003 3292
3997 4385
3242 4385
3834 4385
3242 4386
3893 4386
4386 3896
4386 3860
3896 3860
3896 3691
3297 3691
3691 3860
3579 3638
3579 4137
3638 4137
4098 4063
3632 4063
4026 4403
3640 4403
3610 4134
3540 4134
3614 4091
4039 3613
4039 4040
3613 4040
3648 4138
3633 4042
3141 4134
3547 4091
4016 4037
3633 4092
3572 4092
4092 4042
4064 4057
4057 3646
4044 4037
4044 4136
4037 4136
3169 4051
4090 4095
4047 3639
4047 4100
3639 4100
3603 4047
3629 4051
3634 4095
3558 4095
4045 4138
4045 3648
4095 4046
4387 4065
4065 4078
4064 4066
4142 4066
4050 4136
4062 3603
4062 4047
4101 3618
4101 3555
3657 4101
3616 4062
3629 4053
4080 4053
4428 3620
4428 3621
4049 4092
4036 3622
4036 4067
3622 4067
4067 4144
3643 3652
3643 4052
3652 4052
4062 3656
3624 4068
4068 3555
4400 3619
4400 4154
3619 4154
4080 4081
4104 3649
4104 4050
4055 4054
3643 4054
4056 4055
4104 4147
4104 3602
4147 3602
3631 4061
4689 4061
3624 3147
3624 4070
3147 4070
4042 4067
4042 3622
3667 4154
3653 4074
3668 4081
3604 4074
3608 3605
3608 4113
3605 4113
4074 4127
4074 3655
4127 3655
4146 4111
4393 4111
3147 3627
3627 4070
3641 4081
3604 4460
3612 4460
3693 4391
3631 4391
3659 4120
3628 4120
4119 3659
4119 4120
3660 4147
3539 4147
3671 4154
4123 3664
4123 4181
3664 4181
3628 4122
3617 4071
3704 4442
4442 3627
4146 4059
4059 3625
4091 4460
4091 3612
4149 3660
4149 4147
4082 4083
4082 3688
4083 3688
4063 3625
4063 4059
4073 4122
4499 3626
4499 4072
4075 3659
4075 4119
4039 3672
4076 3630
4076 4075
3630 4075
3671 4156
3609 4040
3566 4076
4083 4084
4083 3623
4084 3623
4115 3607
4115 4149
3607 4149
3672 4151
4151 3674
4039 4151
4041 4118
3654 4118
3635 4156
4116 3607
4116 4115
3552 4116
4151 4060
4151 4085
4060 4085
4084 4086
4086 3623
3617 4079
4438 3552
4438 4116
3636 4076
3635 4087
4087 4161
4087 4156
4161 4156
3674 4085
3675 4085
3651 4060
3651 4148
4060 4148
3827 4424
3587 4424
4058 4148
4015 4153
3746 4153
3174 4424
3651 4085
3650 4085
4114 4015
4114 4153
4057 4424
4057 3174
4016 4114
4037 4114
3548 4162
3611 4162
3141 4767
4092 4455
4455 4042
4090 4451
4077 4451
3144 4767
4101 4068
4041 4121
4118 4121
3144 4479
4410 4037
4410 4114
4095 4093
4090 4093
4068 4691
3624 4691
3546 4479
4092 4461
4049 4461
3620 4479
4049 4185
4296 4185
4185 4461
4387 4408
4408 4065
4142 4416
4070 4691
4142 4684
4453 3827
4453 4424
3621 4141
3639 4137
3608 4409
4113 4409
3197 4141
4065 4099
4408 4099
4443 4054
4443 4109
4054 4109
4040 4135
4100 4106
3643 4109
4141 4390
4141 4110
4390 4110
4105 4144
4105 4067
4390 4051
4390 4094
4051 4094
4147 4107
4104 4107
4074 4429
3604 4429
4429 4125
4055 4443
4056 4443
4062 4106
4047 4106
4106 4456
4421 4050
4421 4136
4421 4104
4094 4053
4094 4097
4053 4097
4051 4053
4094 4110
4127 4125
4074 4125
4111 4692
4460 4429
4067 4436
4097 4139
4097 4448
4139 4448
4081 4139
4081 4097
4053 4081
4059 4692
4146 4692
4063 4692
4042 4436
4455 4436
3640 4162
4456 3656
4456 4062
4437 4147
4437 4107
4123 4435
4181 4435
4071 4447
4071 4072
4447 4072
4117 3656
4117 4456
4437 4149
4162 4403
3641 4145
3641 4139
4145 4139
4096 4409
4098 4693
4063 4693
4069 4117
4088 3636
4088 4126
3636 4126
4123 4457
4123 3609
4457 3609
4499 4447
4038 4138
4038 4089
4138 4089
4040 4457
4452 4135
4452 4457
4135 4457
4140 4145
4140 4148
4145 4148
4043 4138
4058 4145
4088 3638
4039 4135
4039 4452
4452 4150
4420 4079
4420 4065
4079 4065
4071 4079
4071 4420
4039 4150
4150 4151
4073 4124
4150 4140
4140 4151
4073 4425
4060 4140
4089 4203
4089 3711
4203 3711
4077 4438
4108 4464
4108 4048
4464 4048
4154 4152
3746 4112
4152 4157
4152 4396
4157 4396
4154 4157
4114 4112
4153 4112
4156 4157
4156 4154
4161 4157
4397 4396
4397 4158
4396 4158
4397 4159
4158 4159
4158 4160
4157 4158
4161 4158
4158 4163
4161 4163
3689 4290
4289 4290
4289 3689
4101 4014
4014 4263
4101 4263
4265 4165
4265 3696
4165 3696
4288 4298
4288 4082
4298 4082
4082 3721
3721 4288
4164 4052
4164 4046
4052 4046
4289 4293
4293 4290
3690 4232
3759 4232
4232 4170
4499 4155
4155 3626
4155 3713
3713 4174
4155 4174
3705 4165
3697 4308
3739 4392
3739 4172
4392 4172
3694 4299
4290 4299
4290 3694
4214 3738
4214 4201
3738 4201
4165 4186
4305 4307
4305 4309
4307 4309
3747 4214
4201 3723
4201 4198
3723 4198
4309 4298
4298 4305
4291 4294
3735 4294
3700 4564
3700 4166
4564 4166
3698 4166
4117 4392
4392 4069
3724 4186
3705 4186
4392 3699
4291 4297
4212 3724
4212 4186
4181 3693
4181 4391
3707 4182
3709 4182
4294 4297
4008 4171
4056 4171
3754 4302
4309 4312
4309 4317
4312 4317
3942 4306
4311 4302
4311 3754
3754 3756
4307 4312
4171 4295
3869 4212
4315 4311
4315 3756
4311 3756
3762 4315
3704 4168
3704 4131
4168 4131
3710 4168
4293 4299
4292 3707
4292 4182
4309 4083
4083 4298
3703 4425
4176 3713
4176 4174
4332 4294
4332 3735
3978 4332
3942 3954
4175 4308
4175 3697
4299 4175
4299 3697
3868 4299
3743 4176
3702 4304
4302 4332
4302 3978
4335 4332
4335 4302
3637 4425
3637 4073
4300 3542
4300 4295
3542 4295
3797 4176
4168 3715
4168 4177
3715 4177
4292 3712
3752 4214
4214 4635
4086 4317
4084 4317
4294 4340
4332 4340
4187 4425
4187 3703
4084 4309
4340 4297
4182 3719
4182 4184
3719 4184
3709 3719
4299 4167
4293 4167
4178 4177
4178 3715
3730 4212
3730 4219
4212 4219
4332 4341
4335 4341
4341 4340
4173 4299
4173 4167
4175 4173
4187 3708
4187 4191
3708 4191
3615 4313
3544 4313
3544 4300
4176 4210
4335 4311
4335 4343
4311 4343
4178 3731
4178 4199
3731 4199
3719 4166
4166 4184
3734 4219
4219 4223
4343 4315
4343 4346
4315 4346
3741 4223
3734 4223
4304 4293
4304 4289
3726 4193
3718 4193
4193 4190
4324 4388
4388 3691
4191 3711
4191 4203
3733 4199
3720 4320
3245 4190
3726 4190
4326 4324
4326 3695
4223 4235
4190 4195
3733 4216
4335 4348
4343 4348
4348 4341
4185 4194
4296 4194
4312 4324
4312 4338
4324 4338
4388 4312
4300 4171
4343 4350
4346 4350
4350 4348
4306 4328
4306 3720
4328 3720
3753 4205
3770 4205
4564 3753
4564 4205
3767 4232
4236 4232
4236 3767
4306 3954
4306 4331
3954 4331
4331 4328
4179 4308
4179 4175
3742 4216
3742 3733
4326 4338
4194 3776
4194 4234
3776 4234
4313 4300
4313 4180
4300 4180
3722 3702
3701 4326
4328 4320
4213 4310
4213 4231
4310 4231
3725 4213
4342 4326
4342 3701
4313 4011
4205 3245
4205 4195
3245 4195
4216 4303
4216 4218
4303 4218
4340 3777
3744 3702
4304 3744
4237 3741
4237 4235
3741 4235
3755 4237
3706 4342
4208 4342
4208 3706
4188 4313
4188 4180
4310 4314
4314 4231
3742 4303
4011 4188
4393 4188
3767 3781
3767 4245
3781 4245
4245 4236
4239 3755
4239 4237
3813 4210
3797 4210
4210 4220
3763 4239
4326 4169
4342 4169
4629 4326
4629 4169
4314 4318
4314 4697
4318 4697
4697 4231
3777 4341
4341 3779
3781 4133
3789 4133
4133 4245
3727 4320
4316 3783
4316 3774
4370 3783
4370 4316
3605 4239
4239 4113
3779 4348
4348 3782
4318 4323
4318 4242
4323 4242
4242 4697
4208 4169
4317 4338
4317 4347
4338 4347
4314 3751
3782 4350
4350 3802
4111 4188
3813 4220
4323 4327
4323 4247
4327 4247
4247 4242
4133 3795
4133 4458
3795 4458
3761 4314
4318 3761
4247 3773
4247 4679
3773 4679
4327 3773
3789 3795
3787 4316
3787 3774
4338 4629
3764 4318
4323 3764
4304 4334
3744 4334
4334 4293
3807 4315
4252 3752
4252 4635
3752 4635
3809 4252
3793 4316
4322 4316
4322 3793
4320 4356
4320 4355
4356 4355
3749 4334
3772 4323
4327 3772
3799 4322
3811 4322
4320 4353
4328 4353
4096 4250
4250 3559
4328 4351
4331 4351
4317 4349
4347 4349
4222 4301
4222 4220
4301 4220
4200 3642
4200 4098
4258 3809
4258 4252
3732 4253
3732 4679
4253 4679
3815 4258
4293 4337
4334 4337
4351 4353
4349 4086
4229 4301
4229 4222
3830 4301
3830 4229
3749 4337
3760 4337
4400 4253
4400 3732
4353 4356
4183 4349
4183 4347
3295 4301
4204 3642
4204 4200
3716 3642
3716 4204
4315 4361
3807 4361
4361 4346
3817 4258
4258 4260
4370 3951
4316 3951
3949 4370
4250 4102
4261 3817
4261 4260
3817 4260
4193 3716
4193 4204
3807 3812
3812 4361
4255 4394
4255 4152
4394 4152
4152 4400
4394 4400
4394 4253
4253 4255
3825 4261
3822 4261
4303 4226
4261 4265
4265 3825
4353 4354
4351 4354
4350 4361
4350 4364
4361 4364
3832 4229
4229 4132
3696 3825
4344 4143
4344 4103
4143 4103
4082 3717
4498 4395
4498 3647
4303 4230
3898 4230
4167 4337
4167 4189
4337 4189
4366 4364
4366 4361
3795 3832
3795 4132
3832 4132
4132 4458
4230 3784
4230 4238
3784 4238
4316 3956
4322 3956
4369 4361
4369 3812
4337 4345
4345 4189
3760 4345
4496 4395
4496 4498
4322 3824
3836 4234
3784 4213
4618 4395
4618 4496
3775 4618
4619 4091
4619 3835
4091 3835
4396 4255
4213 4238
4255 4397
3729 4662
3729 4209
4662 4209
3820 4369
4262 3775
4262 4618
3778 4262
3766 4358
4358 3768
4355 4358
4349 3728
3728 4086
4371 4369
4371 3820
4103 4682
4345 4202
4345 4196
4202 4196
4196 4189
4358 4356
4358 4359
4356 4359
4266 4262
3836 4241
3839 4241
4241 4234
4682 4397
4682 4344
4397 4344
3729 4221
3765 4221
4366 4369
4366 4373
4369 4373
4662 4221
4241 4243
3839 4243
4344 4159
4371 4373
4349 4357
4183 4357
4357 3728
3769 4345
3769 3760
4202 3769
4619 4273
3835 4273
4356 4639
4353 4639
3841 4243
3831 4375
4273 3837
4273 4275
3837 4275
4357 3736
4705 3739
4705 4172
4353 4648
4354 4648
4648 4639
4352 4202
4277 3655
4277 4127
3399 4277
4192 4357
4192 4183
4644 4357
4644 4192
3765 4225
3771 4225
4225 4221
4268 3785
4268 3780
4267 4243
4267 3841
4376 4375
4376 3831
3834 4376
4108 3739
4108 4705
3791 4333
4277 4279
4277 3843
4279 3843
3670 3739
3670 4108
3841 3848
3848 4267
4308 4206
4308 3796
4206 3796
3714 4308
4357 3740
4644 3740
4377 4371
4377 3820
3838 4377
3800 4333
3800 3791
4215 4333
4215 3800
4206 4211
4206 3806
4211 3806
3846 4279
4279 4281
3853 4267
3606 3670
3606 4048
3670 4048
4379 4377
4379 3838
4375 4379
4375 3838
3771 4233
3792 4233
4233 4225
4329 4271
4206 4179
3768 4368
3768 3983
4368 3983
4358 4368
4267 4272
3853 4272
4329 4268
4339 4233
4339 3792
4373 4377
4373 3850
4377 3850
3846 4281
4283 4321
4283 4281
4321 4281
4197 4358
4197 4359
4368 4197
4377 4381
4379 4381
3800 4271
3800 4631
4271 4631
4215 4631
3853 3856
3856 4272
4379 4382
4375 4382
4664 3806
4664 4211
3810 4664
3989 4331
4464 4398
4398 4048
4550 3780
4550 4266
3780 4266
4382 4376
4382 4288
4376 4288
3790 4331
3798 4244
4398 3606
4398 3661
4379 4383
4382 4383
4284 4321
4284 4283
3849 4284
3934 4284
3661 4143
4398 4143
4143 4464
3856 4319
3856 4274
4319 4274
4351 3790
3757 4333
3757 4207
4333 4207
3706 3757
3706 4207
4208 4207
4244 4339
4244 3786
4339 3786
4382 3721
4626 3852
4626 4284
3852 4284
4325 3852
4325 4626
3661 4344
4344 3745
3798 4249
3803 4249
3802 4364
4364 3998
4664 3654
4351 4372
3790 4372
4372 4354
4215 4207
3998 4366
4366 3999
4249 4244
4128 4325
4128 4626
4344 3750
4319 4280
4118 4664
4372 3794
3804 4372
4366 3845
4373 3845
4128 4399
4128 4404
4399 4404
3750 4159
4159 3758
3861 4280
4325 3947
4352 4228
4363 4228
4228 4202
4249 3816
4249 4254
3816 4254
3803 3816
4648 4378
4648 4217
4378 4217
4372 4378
4372 4648
4280 3863
4280 4282
3863 4282
3816 3819
3816 4257
3819 4257
4257 4254
4128 4336
4128 3854
4336 3854
4325 3854
4209 4282
4209 3863
4112 3740
4112 4644
4378 3804
3619 3737
4400 3737
4363 4674
4674 4228
4699 3821
4699 4129
3821 4129
3819 3821
3819 4699
4674 3976
4363 3976
3855 4404
3855 3692
4404 3692
4128 3855
4336 3855
3823 4129
3814 4378
4336 3857
4401 4087
4257 4699
4286 4285
4286 3858
4285 3858
4360 4161
4360 4087
3837 4287
3859 4287
4287 4275
3976 4240
3827 4240
4378 4224
4240 4674
3823 4701
4701 4129
3859 4285
4285 4287
4087 4362
4401 4362
4362 4360
4701 3833
4701 4263
3833 4263
4240 4453
3862 4286
4385 4376
4305 4376
4305 4385
4224 4380
4224 4227
4380 4227
3814 4380
3814 4224
4130 4402
4130 3864
4402 3864
4402 3862
4385 4386
4386 4305
4362 3937
4401 3937
4365 4362
4365 3937
4402 4286
4388 4386
4388 3860
3953 4365
4367 4365
4367 3953
4164 4698
4046 4698
4404 3864
4404 4130
4130 4399
4026 4374
4370 4367
4370 3953
4305 4388
4388 4307
4368 3826
4159 4160
4160 3758
4160 4405
4376 4298
3958 4163
4405 4163
4198 3840
4198 4374
3840 4374
4163 4360
4163 3960
4360 3960
4360 3801
4362 3801
3826 4246
4368 4246
3829 4246
3801 4365
4365 3805
4406 4684
4406 4269
3805 4367
4367 3808
4248 3829
4248 4246
4384 4248
3851 4269
3808 4370
4270 4269
4270 3851
4270 3690
4270 4170
3690 4170
3818 4407
4407 3648
4407 4045
4407 4032
4407 4276
4032 4276
4251 4384
4251 4248
4387 4251
4276 3828
4276 4278
3828 4278
4251 4408
4292 4278
4292 3828
4227 4389
4227 4256
4389 4256
4380 4389
4389 4259
4259 4256
4389 3842
3844 4389
4259 3844
4264 4259
4264 4687
3847 4687
4036 4144
4144 3847
4144 4687
4431 4094
4431 4417
4094 4417
4467 4699
4467 4129
4446 4149
4446 4492
4149 4492
4115 4446
4121 4505
4121 3611
4505 3611
4449 4505
4449 4121
4409 4963
4467 4440
4129 4440
4116 4446
4475 4120
4475 4122
4120 4122
4137 4088
4137 4506
4088 4506
4412 4137
4412 4506
4701 4440
4476 4096
4476 4963
4096 4963
4128 4500
4500 4399
4070 4442
4505 4501
4449 4501
4500 4414
4414 4399
4122 4124
4417 4097
4417 4735
4097 4735
4735 4448
4735 4418
4448 4418
4446 4438
3610 4411
4134 4411
4420 4099
4453 4454
4453 4415
4454 4415
4136 4410
4136 4450
4410 4450
4739 4438
4739 4446
4137 4100
4412 4100
4479 4771
4479 4767
4771 4767
4423 4475
4423 4124
4475 4124
4130 4413
4413 4402
4424 4454
4150 4959
4452 4959
4463 4478
4102 4478
4425 4423
4425 4124
4450 4421
4413 4414
4130 4414
4427 4140
4427 4482
4140 4482
4697 4462
4459 4140
4459 4427
4447 4420
4515 4100
4515 4412
4131 4442
4104 4426
4421 4426
4150 4482
4106 4515
4697 4702
4456 4515
4408 4419
4503 4444
4503 4487
4444 4487
4076 4444
4076 4503
4522 4456
4522 4515
4462 4702
4462 4510
4702 4510
4126 4076
4126 4503
4139 4459
4459 4448
4145 4459
4504 4424
4504 4057
4521 4112
4521 4513
4112 4513
4444 4075
4444 4445
4075 4445
4451 4439
4451 4093
4439 4093
4162 4505
4433 4455
4433 4092
4702 4703
4703 4510
4511 4434
4511 4677
4434 4677
4751 4149
4751 4437
4119 4445
4757 4162
4757 4505
4448 4427
4441 4093
4441 4439
4095 4441
4461 4433
4430 4110
4430 4431
4110 4431
4114 4521
4114 4523
4521 4523
4052 4720
4164 4720
4109 4052
4109 4720
4516 4162
4516 4757
4434 4464
4689 4491
4117 4522
4410 4523
4524 4117
4524 4522
4743 4506
4743 4088
4126 4743
4432 4121
4432 4118
4680 4510
4680 4703
4457 4508
4123 4508
4504 4064
4504 4707
4064 4707
4452 4508
4508 4959
4056 4827
4443 4827
4461 4518
4185 4518
4066 4707
4680 4465
4132 4960
4725 4458
4725 4960
4458 4960
4422 4458
4422 4725
4465 4514
4465 4510
4514 4510
4514 4434
4465 4434
4434 4143
4465 4143
4103 4465
4133 4481
4458 4481
4493 4125
4493 4429
4464 4677
4108 4677
4121 4469
4432 4469
4467 4700
4700 4699
4746 4466
4746 4506
4466 4506
4119 4473
4120 4473
4473 4470
4466 4412
4475 4473
4446 4494
4121 4472
4739 4494
4739 4708
4494 4708
4134 4767
4767 4411
4469 4472
4414 4756
4500 4756
4759 4477
4759 4099
4477 4099
4741 4412
4741 4468
4412 4468
4450 4471
4410 4471
4471 4509
4449 4472
4066 4416
4420 4477
4701 4540
4413 4753
4414 4753
4463 4484
4478 4484
4402 4502
4413 4502
5006 4463
5006 4484
3645 5006
4438 4791
4739 4791
4421 4509
4450 4509
4515 4741
4783 4427
4783 4482
4475 4727
4423 4727
4451 4438
4451 4791
4447 4736
4420 4736
4791 4712
4486 4515
4486 4741
4416 4684
4416 4962
4684 4962
4510 4673
4509 4512
4421 4512
4428 4141
4428 4485
4141 4485
4499 4736
4439 4712
4451 4712
4485 4110
4485 4731
4110 4731
4510 4507
4507 4673
4419 4759
4419 4099
4513 4723
4513 4517
4723 4517
4507 4514
4514 4511
4511 4507
4759 4483
4419 4483
4444 4706
4522 4486
4504 4454
4503 4743
4948 4109
4948 4720
4435 4508
4437 4789
4107 4789
4522 4488
4486 4488
4751 4789
4706 4445
4706 4470
4445 4470
4433 4520
4520 4455
4489 4519
4489 4490
4519 4490
4443 4948
4493 4711
4519 4520
4519 4729
4520 4729
4119 4470
4495 4125
4495 4711
4125 4711
4127 4495
5000 4713
5000 4433
4713 4433
4519 4105
4489 4105
4461 5000
4436 4519
4436 4105
4520 4436
4754 4752
4754 4524
4752 4524
4474 4521
4474 4517
4521 4517
5199 5000
5199 4461
4743 4746
4524 4488
5199 4518
4474 4523
4757 4501
4471 4523
4471 4474
4164 4688
4688 4720
4525 4628
4525 4536
4628 4536
4045 4526
4407 4526
4526 4696
4280 4530
4282 4530
4530 4527
4540 4263
4540 4541
4263 4541
4539 4268
4539 4627
4268 4627
4949 4155
4949 4499
4155 4919
4407 4531
4276 4531
4282 4534
4209 4534
4531 4526
4534 4530
4631 4268
4631 4539
4271 4268
4630 4347
4630 4629
4347 4629
4263 4545
4101 4545
4545 4541
4827 4171
4171 4554
4827 4554
4276 4533
4278 4533
4533 4531
4167 4642
4189 4642
4642 4637
4630 4634
4630 4657
4634 4657
4629 4634
4176 4553
4174 4553
4594 4214
4594 4558
4214 4558
4226 4632
4226 4542
4632 4542
4628 4226
4628 4542
4218 4226
4218 4628
4936 4176
4936 4553
4210 4936
4539 4538
4196 4642
4749 4690
4749 4745
4690 4745
4533 4292
4533 4552
4292 4552
4550 4546
4266 4546
4630 4638
4630 4183
4638 4183
4690 4283
4690 4284
4690 4626
4626 4749
4391 4061
4391 4544
4061 4544
4061 4491
4562 4545
4562 4068
4545 4068
4630 4640
4657 4640
4230 4632
4230 4226
4165 4551
4265 4551
4544 4561
4560 4922
4560 4166
4922 4166
4300 4554
4642 4647
4647 4645
4647 4637
4645 4637
4627 3780
4627 4550
4564 4866
4205 4866
4559 4627
4559 4550
4632 4556
4230 4556
4181 4561
4391 4561
4561 4566
4194 4633
4194 4518
4633 4518
4564 4560
4180 4856
4647 4196
4202 4647
4691 4562
4111 4856
4188 4856
4566 4435
4566 4181
4234 4633
4551 4557
4856 4859
4640 4638
4552 4182
4552 4568
4182 4568
4626 4500
4749 4500
4859 4565
4859 4111
4565 4111
4508 4566
4565 4692
4230 4649
4649 4556
4749 4756
4179 4654
4643 4654
4643 4179
4877 4571
4877 4232
4571 4232
4238 4649
4633 4567
4234 4567
4562 4563
4691 4563
4165 4557
4557 4569
4557 4186
4569 4186
4232 4641
4236 4641
4641 4877
4568 4184
4568 4922
4184 4922
4238 4651
4213 4651
4651 4649
4634 4169
4285 4532
4286 4532
4532 4528
4654 4645
4654 4656
4645 4656
4643 4645
4649 4951
4070 4563
4638 4192
4287 4537
4537 4535
4537 4275
4535 4275
4208 4634
4206 4659
4659 4211
4654 4659
4654 4206
4063 4646
4692 4646
4570 4186
4570 4569
4951 4651
4951 4929
4651 4929
4442 4563
4192 4640
4640 4644
4287 4528
4285 4528
4528 4537
4936 4578
4659 4656
4659 4923
4656 4923
4929 4653
4929 4935
4653 4935
4570 4212
4210 4578
4532 4548
4286 4548
4641 4245
4641 4587
4245 4587
4573 4636
4573 4577
4636 4577
4173 4637
4646 4693
4167 4637
4168 4950
4950 4131
4589 4220
4589 4578
4220 4578
4935 4694
4935 4752
4694 4752
4190 4588
4193 4588
4175 4643
4286 4502
4502 4548
4643 4637
4588 4580
4098 4581
4693 4581
4222 4589
4589 4593
4529 4664
4529 4211
4659 4529
4207 4650
4175 4637
4950 4927
4168 4927
4653 4694
4661 4694
4661 4653
4481 4480
4133 4480
4480 4245
4480 4587
4742 4650
4742 4207
4215 4742
4636 4190
4636 4580
4190 4580
4529 4923
4598 4222
4598 4593
4222 4593
4229 4598
4694 4524
4212 4575
4570 4575
4219 4575
4252 4594
4635 4594
4596 4252
4596 4594
4524 4392
4694 4392
4652 4634
4652 4208
4664 4547
4529 4547
4200 4581
4583 4200
4583 4581
4598 4960
4177 4927
4603 4252
4603 4596
4694 4172
4661 4172
4650 4652
4650 4208
4586 4200
4586 4583
4204 4586
4866 4636
4866 4573
4205 4636
4223 4575
4575 4582
4258 4603
4229 4960
4177 4864
4178 4864
4864 4927
4588 4204
4588 4586
4664 4432
4223 4582
4582 4597
4582 4235
4597 4235
4605 4258
4605 4603
4650 4497
4742 4497
4652 4497
4195 4636
4547 4432
4547 4469
4606 4258
4606 4605
4234 4602
4241 4602
4602 4567
4534 4662
4534 4601
4662 4601
4423 4572
4425 4572
4645 4668
4647 4668
4668 4656
4178 4663
4663 4864
4215 4538
4631 4538
4742 4538
4241 4604
4243 4604
4604 4602
4609 4260
4609 4606
4260 4606
4261 4609
4237 4597
4597 4600
4669 4668
4669 4647
4199 4663
4265 4609
4572 4187
4572 4574
4187 4574
4656 4930
4668 4930
4930 4923
4239 4600
4237 4600
4600 4944
4604 4610
4243 4610
4652 4657
4609 4551
4221 4601
4113 4944
4239 4944
4267 4610
4668 4671
4671 4930
4669 4671
4549 4652
4549 4497
4657 4549
4663 4216
4663 4932
4216 4932
4199 4216
4574 4191
4574 4579
4191 4579
4669 4202
4228 4669
4658 4197
4658 4359
4639 4658
4639 4359
4221 4607
4952 4640
4952 4657
4944 4695
4671 4228
4674 4671
4932 4628
4932 4525
4216 4628
4639 4655
4648 4655
4225 4607
4579 4203
4579 4591
4203 4591
4267 4613
4272 4613
4952 4549
4655 4658
4613 4610
4113 4695
4695 4409
4695 4963
4640 4513
4952 4513
4513 4644
4615 4613
4615 4272
4460 4614
4091 4614
4658 4660
4655 4660
4592 4089
4592 4138
4089 4591
4225 4611
4233 4611
4611 4607
4619 4614
4476 4250
4250 4612
4476 4612
4339 4611
4045 4696
4696 4138
4674 4415
4674 4576
4415 4576
4671 4576
4696 4592
4619 4621
4273 4621
4102 4612
4615 4623
4615 4911
4623 4911
4274 4623
4274 4615
4272 4274
4943 4611
4943 4339
4415 4240
4621 4275
4621 4535
4655 4217
4478 4612
4623 4280
4623 4527
4280 4527
4274 4280
4277 4624
4127 4624
4943 4244
4943 4616
4244 4616
4213 4673
4231 4673
4673 4651
4224 4655
4224 4217
4665 4655
4665 4224
4616 4249
4616 4620
4249 4620
4227 4665
4279 4624
4624 4625
4462 4673
4462 4231
4279 4625
4625 4965
4625 4281
4965 4281
4197 4666
4249 4622
4254 4622
4622 4620
4698 4688
4283 4965
4666 4667
4666 4368
4667 4368
4622 4257
4622 4700
4257 4700
4283 4745
4965 4745
4702 4242
4441 4698
4698 4095
4688 4441
4666 4658
4666 4670
4658 4670
4651 4676
4673 4676
4676 4929
4403 4516
4403 4585
4516 4585
4670 4660
4670 4926
4660 4926
4507 4676
4676 4511
4667 4670
4667 4672
4670 4672
4262 5194
4618 5194
4595 4403
4595 4585
4374 4403
4374 4595
4653 4676
4653 4677
4676 4677
4546 4262
4546 5194
4670 4555
4926 4555
4599 4374
4599 4595
4703 4247
4702 4247
4667 4675
4667 4246
4675 4246
4198 4599
4679 4703
4248 4675
4248 4678
4675 4678
4680 4679
4608 4198
4608 4599
4667 4928
4672 4928
4675 4928
4672 4555
4681 4680
4681 4679
4253 4681
4684 4704
4704 4962
4934 4675
4934 4928
4255 4681
4103 4680
4251 4419
4103 4681
4681 4682
4704 4269
4704 4945
4269 4945
4684 4269
4251 4483
4251 4678
4269 4617
4270 4617
4617 4945
4397 4681
4170 4686
4170 4617
4686 4617
4660 4665
4660 4683
4665 4683
4683 4926
4683 4227
4661 4677
4661 4705
4677 4705
4686 4232
4686 4571
4683 4685
4685 4926
4685 4256
4683 4256
4259 4685
4201 4543
4201 4558
4543 4558
4201 4608
4543 4608
4584 4687
4584 4590
4687 4590
4259 4687
4259 4584
4685 4584
4687 4489
4489 4590
4489 4144
4794 5017
4794 4738
5017 4738
4768 4467
4768 4710
4467 4710
4700 4768
4721 4504
4721 4707
4708 4709
4743 4764
4503 4764
4791 4709
4739 4709
4520 4740
4740 4713
4740 4802
4713 4802
4742 4717
4717 4497
4411 4970
5020 4472
5020 4737
4472 4737
4501 4472
4501 5020
4433 4740
4803 4748
4803 4590
4748 4590
4467 4763
4440 4763
4622 4768
4468 4466
4468 4722
4466 4722
4489 4803
4479 4428
4479 5212
4428 5212
4714 4707
4714 4416
4707 4416
4715 4747
4715 4415
4747 4415
4428 4773
4485 4773
4486 4794
4741 4794
4485 4983
4731 4983
4983 4773
4965 4724
4728 4745
4728 4724
4745 4724
4490 4803
4749 4728
4490 4726
4519 4726
4803 4726
4719 4751
4719 4998
4751 4998
4454 4715
4952 4750
4952 4723
4750 4723
4729 4726
4751 4492
4719 4492
4446 4719
4735 4784
4418 4784
4793 4427
4793 4783
4486 4738
4442 4733
4131 4733
4712 4716
4446 4730
4730 4494
4719 4730
4480 4718
4480 4772
4718 4772
4422 4480
4422 4481
4718 4422
4779 4718
4779 4422
4730 4708
4755 4708
4755 4730
4418 4427
4418 4793
4725 4805
4960 4805
4728 4756
4422 4979
4725 4979
4779 4979
4738 5019
4738 4754
5019 4754
4441 4716
4439 4716
4723 4810
4810 4517
4737 4547
4737 4800
4547 4800
4469 4737
4716 4956
4752 5019
4498 4732
3645 4732
5006 4732
4738 4488
4754 4488
4814 4954
4814 4816
4954 4816
4756 4753
4721 4454
4948 5204
4720 5204
4413 4799
4753 4799
4727 4473
4502 4799
4474 4810
4949 4736
4734 4474
4734 4810
4734 4471
4757 4958
4509 4734
4812 4759
4812 4483
4788 4512
4788 4509
4426 4512
4426 4788
4788 4789
4107 4426
4426 4789
4761 4790
4761 4483
4790 4483
4970 4787
4970 3610
4787 3610
4762 5023
4762 4721
5023 4721
4995 4788
4995 4989
4788 4989
4967 4493
4967 4429
4740 4726
4740 4729
4790 4812
4493 4993
4746 4764
4746 5004
4764 5004
4707 4762
4970 5027
4411 5027
4812 4795
4790 4795
4751 4995
4789 4995
4767 5027
4790 4760
4790 4796
4760 4796
4737 4766
4496 4732
4767 5210
4771 5210
4791 4769
4709 4769
4796 4795
4460 4967
5012 4746
5012 5004
5004 5239
4791 4776
4776 4712
4714 4762
4802 4786
4998 5003
5017 5019
4801 4719
4801 5003
4719 5003
5212 4771
4440 4774
4797 4742
4797 4744
4742 4744
4965 5208
5054 4801
5054 5003
4776 4769
4714 4878
4714 4991
4878 4991
4762 4991
4803 4937
4937 4748
4466 5012
5212 4982
4428 4982
4797 4717
4803 4796
4796 4937
4773 4982
4983 4778
4731 4778
4801 4730
4796 4807
4803 4807
4800 4804
4800 4766
4804 4766
4801 4755
4731 4430
4430 4778
5000 4802
4804 4994
4756 4980
4728 4980
4980 4782
4733 4973
5131 4799
5131 4753
4802 4969
5000 4969
4804 4953
4953 4994
4717 4750
4797 4750
4765 4755
4765 4801
4718 5072
5072 4772
4726 4807
4811 4953
4811 4747
4953 4747
4716 4776
4992 4792
4992 4971
4792 4971
4779 5072
4777 4473
4777 4780
4473 4780
4722 4806
4473 4808
4808 4780
4836 4502
4836 4799
4798 4750
4798 4797
4807 5014
4709 4755
4709 4765
4503 4792
4487 4792
4758 4809
4758 4947
4809 4947
4716 5009
4792 4764
4808 4727
5203 4808
5203 4727
4783 5182
4482 5182
4792 4706
4706 4971
4811 4994
4812 4770
4770 4759
4706 4777
4470 4777
4727 4781
4423 4781
5203 4781
4747 4817
4770 4477
4758 4814
4814 4809
4750 4810
4798 4810
4760 4937
4813 4809
4813 4814
4760 4761
4715 4817
4706 4487
4813 4816
4721 4715
4715 5023
4741 4806
4468 4806
4810 5013
4806 4794
5013 4815
5013 4734
4815 4734
5015 4734
5015 4815
5020 5021
4736 4477
4736 4770
4501 4785
5015 4509
4949 4775
4736 4775
4501 5021
4757 4785
4785 4958
4807 4786
4807 4740
4740 4786
4989 5015
4989 4815
4788 5015
4627 4916
4688 4821
4821 4720
4821 5204
4528 4829
4532 4829
4829 4825
4539 4918
4918 4538
4916 4918
4916 4539
4536 4920
4536 4826
4920 4826
4525 4826
4823 4525
4823 4826
4540 5180
4541 5180
5180 4774
4920 4847
4824 4546
4824 4822
4546 4822
4696 4838
4526 4838
4838 4828
4542 4920
4542 4536
4919 4949
4919 4818
4949 4818
5172 4919
5172 4818
4531 4838
4538 4744
4174 4919
4919 4553
4529 4925
4925 4547
4923 4925
4531 4848
4533 4848
4848 4838
4924 4917
4924 4527
4917 4527
4530 4924
4830 4537
4830 4833
4537 4833
4535 4830
4550 4824
4948 4827
5180 4545
5180 4839
4545 4839
4787 4491
4491 3610
4559 4824
4552 4848
4537 4825
4528 4825
4825 4833
4545 4843
4819 4744
4819 4918
4744 4918
4835 4543
4835 4820
4543 4820
4843 4562
4843 4846
4562 4846
4849 4553
4849 5172
4553 5172
4800 4925
4758 4632
4947 4632
4947 4542
4491 4837
4787 4837
4831 4821
4831 4688
4916 4559
4832 4916
4832 4559
4829 4548
4829 4836
4548 4836
4936 4849
4918 4832
4832 5168
4947 4920
4947 4847
4922 4862
4560 4862
4562 4851
4563 4851
4851 4846
4827 4842
4841 4558
4841 4835
4558 4835
4852 4924
4852 4530
4534 4852
4844 4491
4844 4837
4544 4491
4544 4844
4923 4938
4930 4938
4594 4841
4549 4717
4549 4750
4850 4554
4850 4842
4554 4842
4300 4850
4442 4851
4560 4866
4866 4862
4851 4973
4442 4973
4855 4852
4855 4534
4561 4844
4518 5181
4671 4938
4758 4556
4758 4951
4556 4951
4180 4850
4921 4561
4921 4844
4938 4925
4854 4594
4854 4841
4557 4857
4551 4857
4950 4733
4857 4867
4921 4566
4518 4858
4633 4858
4858 5181
4576 4938
4555 4931
4555 4928
4931 4928
4926 4931
4566 4853
4921 4853
4633 4868
4567 4868
4858 4868
4508 4853
4819 5168
4918 5168
4571 4874
4571 4860
4874 4860
4951 4814
4814 4929
4867 4875
4867 4557
4875 4557
4957 4959
4957 4853
4959 4853
4953 4938
4804 4938
4804 4925
4798 5013
4934 4931
4934 4937
4931 4937
4565 4863
4859 4863
4646 4565
4646 4863
4936 4870
4876 4578
4876 4870
4578 4870
4934 4760
4934 4678
4760 4678
4863 4873
4747 4576
4953 4576
4935 4954
4954 4929
4888 4933
4888 4885
4933 4885
4864 4865
4663 4865
4581 4646
4581 4873
4646 4873
4875 4569
4784 4955
4735 4955
4883 4578
4883 4876
4589 4883
4865 4932
4865 4872
4932 4872
4892 4933
4892 4888
4573 4933
4573 4892
4879 4581
4879 4873
4583 4879
4417 4955
4431 4955
4430 4955
4430 4985
4955 4985
4577 4933
4569 4886
4875 4886
4941 4583
4941 4879
4940 4589
4940 4883
4932 4823
4890 4940
4890 4883
4877 4874
4441 4956
4688 4956
4588 4885
4959 4482
4957 4482
4957 5182
4933 4580
4580 4885
4941 4586
4580 4577
4570 4886
4516 4958
4958 4585
4641 4874
4598 4940
4598 4890
4891 4598
4891 4890
4866 4892
4586 4882
4941 4882
4588 4882
4641 4881
4587 4881
4881 4874
4593 4940
4575 4886
4886 5166
4760 4483
4958 4845
4587 4939
4939 4881
5019 4816
4891 4960
4954 4752
4752 4816
4567 4897
4897 4868
4595 4834
4585 4834
4840 4595
4840 4834
4599 4840
4582 5166
4575 5166
4685 4931
4893 4855
4893 4601
4855 4601
4772 4587
4939 4772
4896 4582
4896 5166
4597 4896
4585 4845
4601 4607
4584 4931
4937 4584
4602 4897
4893 4607
4893 4895
4607 4895
4903 4943
4903 4899
4943 4899
4602 4898
4604 4898
4898 4897
4894 4599
4894 4840
4596 4854
4900 4597
4900 4896
4608 4894
4600 4900
4900 4904
4584 4748
4596 4942
4895 4611
4895 4903
4611 4903
4861 4961
4861 4572
4961 4572
4961 4423
4961 4781
4898 4610
4898 5189
4610 5189
4944 4904
4600 4904
4861 4574
4861 4869
4574 4869
5192 4603
5192 4942
4603 4942
4869 4579
4869 4871
4579 4871
4880 4962
4880 4704
4714 4962
4962 4878
4878 4880
4605 5192
4907 4944
4907 4904
4579 4884
4591 4884
4884 4871
4899 4616
4899 4906
4616 4906
4901 4605
4901 5192
4606 4901
4880 4945
4880 4889
4945 4889
4695 4907
4905 5189
4905 4610
4887 4884
4887 4591
4620 4906
4609 4901
4901 4902
4591 4592
4592 4887
4909 4908
4909 4622
4908 4622
4613 4905
4592 4828
4696 4828
4828 4887
4620 4908
4908 4906
4889 4617
4889 4860
4617 4860
4551 4902
4609 4902
4902 4857
4913 4963
4913 4907
4963 4907
4909 4768
4686 4860
4613 4910
4615 4910
4910 4905
4913 4476
4911 4910
4440 4540
4540 4774
5031 4460
5031 4614
4623 4917
4917 4911
4476 4946
4946 4612
4913 4946
5088 5031
5088 4614
4619 4912
4912 5088
4912 4614
4912 4621
4912 4914
4621 4914
4914 4535
4914 4830
4820 4608
4820 4894
4495 4964
4495 4624
4964 4624
4946 4478
5208 4624
5208 4964
4625 5208
4478 4915
4946 4915
5206 5006
5206 4484
4618 5141
4496 5141
5194 4822
5248 4711
5248 5209
4711 5209
5014 4786
5014 5048
4786 5048
4744 4996
5197 4996
5197 4744
4966 4792
4966 4992
4996 4798
4996 4797
4851 5202
4973 5202
4769 4990
4769 4997
4990 4997
4711 4993
4988 5019
4988 5016
5019 5016
5014 4795
5014 4796
4970 5028
5028 4787
4764 4966
4802 5048
4969 5048
5019 4813
4988 4813
5050 4998
5050 4995
4998 4995
4878 5201
4495 5248
5065 4777
5065 5067
4777 5067
4722 5011
5011 4806
5248 5207
5008 4812
5008 4795
5013 5001
5001 4815
4777 4971
4812 4978
4978 4770
5031 4967
4989 5001
4724 5208
4724 4976
5208 4976
5008 4978
5072 4974
4779 4974
4766 4994
4766 5005
4994 5005
4974 5073
5014 5008
4997 4972
4997 4776
4972 4776
4766 5010
4766 5020
5010 5020
4972 5061
4997 5061
5010 5005
5010 5022
5005 5022
4992 5057
4971 5057
4811 5005
5011 4794
4728 5049
4724 5049
4817 5005
4817 4811
4999 5002
4999 5244
5002 5244
5000 5026
5199 5026
4817 5022
4977 4999
4977 5045
4999 5045
5002 4977
4716 4972
5004 4966
5002 5046
5017 5011
4980 5049
4972 5007
4770 4975
4430 4984
4765 5054
4985 4984
5011 5016
5017 5016
5071 5012
5071 5239
5012 5239
4736 4975
5034 5009
5034 5007
5009 5007
4716 5007
4722 5012
4722 5071
4496 4987
4732 4987
4768 5430
4710 5430
5018 4769
5018 4709
4765 5018
4785 5021
4785 4968
5021 4968
4990 5018
4990 4981
5018 4981
4780 5067
5010 5021
5021 5060
5010 5060
5023 5022
5023 4817
5023 5024
5055 5022
5055 5024
5022 5024
4762 5069
4991 5069
5063 4762
5063 5069
5024 4762
5024 5063
4710 4763
4710 5335
4763 5335
4763 5412
4966 5231
4992 5231
4990 5052
4990 5051
5052 5051
5436 5209
5436 4993
5209 4993
5231 5237
5231 5239
5237 5239
5001 5093
5001 5269
5093 5269
4993 4967
4967 5436
5060 4968
4973 5224
5261 5050
5261 5233
5050 5233
5028 5027
5239 4966
4969 5236
5052 5059
5230 5050
5230 5261
5055 5010
5124 5060
5124 5063
5060 5063
5054 5050
5054 5230
4973 5634
5634 5224
5016 5058
5016 5064
5058 5064
5031 5436
5059 5056
5059 5065
5056 5065
5052 5056
5026 5236
5026 4969
5008 5030
5030 4978
5056 4971
4971 5065
4990 5061
5051 5061
4733 5634
5069 5408
5212 5220
4982 5220
5050 5003
5051 5066
5030 4975
4975 4978
4982 5222
4773 5222
5055 5060
4724 5035
4976 5035
4773 5041
4983 5041
5041 5222
5065 5062
5041 4778
5041 5042
4778 5042
5030 5267
5008 5267
5055 5063
4989 5247
5001 5247
4984 5042
4984 4778
5069 5201
4991 5201
4779 5032
4979 5032
5051 5059
5059 5066
5056 5274
5056 5057
5274 5057
4974 5032
5062 5066
5062 5059
5064 4988
4984 5044
4985 5044
5054 5232
5048 5008
4772 5025
5072 5025
4722 5036
5036 5011
5048 5267
5240 4974
5240 5032
4980 5053
5053 4782
5036 5058
5058 5011
5247 5029
5247 4995
5029 4995
5232 5018
5232 4765
5274 4992
4732 5038
5006 5038
5072 5073
5073 5025
5006 5039
5073 5033
5033 5025
4974 5033
5033 5240
5071 5036
5033 5074
5033 5262
5074 5262
5037 5033
5037 5240
5074 5037
5062 5067
5062 5243
5067 5243
4780 5243
5076 5074
5076 5037
5037 5043
5052 4981
5040 5243
5040 4780
4981 5070
4999 5250
5244 5250
5076 4999
5076 5250
5200 5009
5200 5034
5052 5070
5070 5056
5045 5076
5045 5043
5076 5043
4808 5040
5229 4977
5229 5045
4808 4986
4986 5040
4986 5203
5046 4977
5046 5229
5221 5046
5221 5229
4864 5165
5165 4927
5164 4899
5164 5080
4899 5080
4897 5116
5116 5112
5116 4868
5112 4868
4869 5077
4871 5077
4865 5165
5083 5165
5083 4865
5163 5167
5163 4895
5167 4895
4903 5163
5028 4837
5078 4837
5078 5028
4897 5185
5185 5116
5079 5166
5079 5276
5166 5276
4896 5079
5170 4744
5170 4819
5168 5170
4844 5078
5078 5084
4871 5191
5191 5077
4865 5087
4872 5087
5083 5087
5172 5392
4818 5392
5085 5172
5085 5392
4785 5169
4785 4845
5169 4845
5082 4894
5082 5119
4894 5119
5391 4894
5391 5082
4884 5191
4906 5080
5089 4844
5089 5084
4844 5084
4921 5089
5168 5387
5387 5170
5081 4896
5081 5079
4872 4823
4872 5174
4823 5174
4820 5391
5169 4968
5173 5197
5173 5170
5197 5170
4906 5086
4849 5085
5123 4849
5123 5085
5171 4921
5171 5089
5314 5171
5314 5089
4900 5081
4898 5185
5175 5171
5175 5314
5169 5176
5176 4845
5174 5178
5174 5094
5178 5094
4996 5173
4887 5191
5171 4853
5176 4968
5322 5185
5322 4898
5178 4823
5068 4775
5068 4975
4775 4975
4818 4775
4818 5068
5171 4957
5175 4957
5173 5387
5093 5173
5093 5387
5088 5349
4912 5349
4834 5176
4834 5107
5176 5107
5191 5390
4887 5390
5117 4834
5117 5107
4908 5091
4909 5091
5086 4908
5086 5091
5098 4820
5098 5391
4835 5098
5094 5183
5094 5097
5183 5097
5178 5183
5103 4900
5103 5081
5429 5179
5429 5115
5179 5115
5183 4826
5178 4826
4847 5183
4847 4826
4809 5183
4809 4847
5118 5175
5118 5314
5182 5175
5182 5118
5430 5198
4768 5198
4909 5198
5198 5091
4835 5102
5322 5189
5322 5134
5189 5134
4887 5092
4828 5092
5092 5390
5096 5199
5096 5181
5199 5181
5026 5096
5179 5182
5179 5118
4793 5182
4793 5179
5412 5180
5412 5099
5180 5099
4840 5119
4834 5119
4988 5183
5064 5183
5064 5097
5189 5143
5143 5134
5177 4996
5177 5173
5412 4774
5429 4985
4985 5179
5179 4784
4985 4784
4763 4774
4828 5106
4838 5106
5106 5092
5096 5112
5181 5112
4854 5095
4841 5095
5117 5119
5143 4905
4907 5103
4904 5103
5103 5396
4838 5121
4848 5121
5121 5106
4988 4809
5121 4552
5121 5405
4552 5405
5093 5177
4784 4793
4858 5112
5124 4968
4798 5177
5177 5013
4910 5143
5099 4839
5099 5111
4839 5111
4910 5144
4911 5144
5144 5143
4831 5009
4831 5200
5090 4831
5090 5200
5127 4922
5127 5129
4922 5129
4870 5186
5063 5408
4956 5009
4956 4831
4870 4849
4870 5123
5404 4907
5404 5396
4907 5396
5111 4843
5111 5114
4843 5114
4839 4843
5114 4846
5114 5120
4846 5120
4874 5122
4911 5149
4917 5149
5149 5144
5013 5093
4876 5186
4876 5126
5186 5126
4883 5126
5137 5196
5137 5151
5196 5151
5404 4913
5138 4883
5138 5126
4890 5138
4846 5364
4851 5364
5364 5120
4917 5152
4924 5152
4821 5100
5152 5149
5201 5408
5202 5364
5152 4852
5152 5155
4852 5155
5129 4862
5129 5147
4862 5147
5104 5204
5104 5100
5204 5100
4874 5128
5128 5122
5201 4880
5155 4855
5155 5355
4855 5355
5125 4913
5125 5404
4986 5075
5203 5075
4862 5196
4862 5137
4866 5196
4892 5196
4891 5138
5142 4891
5142 5138
4948 5108
5204 5108
4946 5125
5125 5132
4950 5432
5432 4733
5432 5634
5047 5205
5047 4861
5205 4861
4861 4781
5205 4781
5205 5075
5188 5201
5188 4880
5159 4857
5159 5157
4857 5157
4867 5159
4950 5136
4927 5136
5136 5432
5205 5227
4805 4891
4805 5142
4552 5127
5127 5405
4948 5110
5110 4827
4568 5127
4881 5128
4946 5132
5132 5415
5132 4915
5415 4915
5047 4869
5047 5077
5136 5165
5136 5140
5165 5140
5416 4915
5416 5415
4484 4915
4484 5416
5110 5108
4875 5159
5083 5140
5188 4889
4881 5139
4939 5139
5139 5128
5142 4979
4979 4805
4888 5193
4885 5193
5151 4888
5151 5193
4821 5090
5090 5100
5159 5422
5416 5206
4772 5139
5206 5039
4886 5422
4875 5422
4889 5190
4889 5421
5190 5421
5188 5421
5196 4888
4860 5190
5422 5425
5139 5025
5110 5130
5110 4842
5130 4842
5425 5162
5425 4886
5162 4886
4987 5141
5194 5141
5166 5162
5424 4854
5424 5095
5141 5378
5122 5190
5122 4860
4850 5135
4842 5135
5395 4850
5395 5135
5146 4854
5146 5424
4942 4854
4942 5146
5194 5378
4180 5395
5162 5276
5192 5146
4822 5195
5349 4914
5349 5101
4914 5101
4180 5184
5184 4856
5395 5184
4824 5148
5195 5148
5195 4824
5146 5150
5101 4830
5101 5105
4830 5105
5184 4859
4559 5153
5148 5153
5148 4559
4495 5207
5207 4964
4964 5109
5207 5109
4859 5145
5184 5145
4901 5150
5192 5150
4976 4964
4976 5109
5113 4976
5113 5109
5153 5168
5153 4832
4863 5145
5187 4863
5187 5145
5400 5187
5400 5145
4902 5150
5150 5154
4873 5187
4873 5156
5187 5156
5158 4873
5158 5156
4753 4782
5131 4782
5131 5053
4756 4782
4857 5154
4902 5154
5154 5157
4879 5158
5133 4829
5133 5394
4829 5394
4825 5133
5160 4879
5160 5158
4941 5160
5105 4833
5105 5375
4833 5375
4833 5133
5133 5375
5193 4882
5193 5160
4882 5160
4882 4885
4836 5131
4836 5394
5131 5394
4855 5161
4893 5161
4893 5167
5163 5164
4903 5164
4771 5211
5213 5048
5213 5236
5048 5236
5273 5018
5273 5232
5240 5241
5235 5097
5235 5064
5269 5448
5269 5247
5448 5247
5074 5250
5242 5235
5242 5058
5235 5058
5212 5211
5025 5262
5025 5252
5262 5252
5273 4981
5037 5241
5436 5427
5031 5427
5230 5268
5230 5232
5268 5232
5070 5273
5026 5272
5215 5007
5215 5217
5007 5217
5034 5215
5035 5113
5035 5361
5113 5361
5214 5232
5214 5268
5273 5214
5242 5036
5242 5260
5036 5260
4980 5228
5049 5228
5053 5228
5071 5219
5071 5474
5219 5474
5029 5439
5247 5439
5066 5217
5066 5061
5217 5061
5240 5275
5032 5275
5239 5219
5233 5029
5233 5439
5071 5255
5255 5036
5255 5260
5030 5264
5264 4975
5244 5216
5217 5234
5066 5234
5066 5238
5062 5238
5238 5234
5267 5264
5244 5245
5245 5216
5217 4972
5240 5460
5460 5241
5243 5238
4984 5635
5635 5042
5044 5635
5274 5070
5274 5273
5244 5046
5046 5245
5043 5241
5043 5446
5241 5446
5233 4995
5245 5218
5229 5043
5229 5446
5245 5246
5046 5246
5238 5265
5243 5265
5221 5452
5229 5452
5221 5246
5267 5213
4975 5263
5243 5223
5274 5231
5040 5225
5040 5223
5225 5223
5264 5263
5225 4986
4986 5226
5075 5226
5225 5226
5227 5226
5227 5075
5205 5441
5441 5227
5441 5047
5441 5636
5047 5636
5211 5251
5211 5210
5251 5210
5249 5242
5249 5260
5265 5234
5025 5363
5252 5363
5447 5262
5447 5250
5262 5250
5449 5230
5449 5261
5292 5264
5292 5450
5264 5450
5249 5235
5267 5450
5248 5478
5478 5207
5268 5449
5220 5211
5447 5252
5253 5217
5253 5234
5215 5253
5265 5253
5433 5215
5433 5253
5213 5633
5213 5450
5633 5450
5361 5266
5233 5257
5439 5257
5223 5253
5223 5265
5633 5236
5272 5633
5272 5236
5049 5035
5049 5266
5035 5266
5256 5041
5256 5468
5041 5468
5223 5471
5471 5253
5218 5467
5218 5216
5467 5216
5220 5256
4982 5256
5223 5254
5225 5254
5222 5256
5448 5439
5451 5477
5451 5218
5477 5218
5053 5595
5228 5595
5042 5468
5225 5271
5271 5254
5226 5271
5218 5246
5227 5271
5240 5438
5275 5438
5274 5453
5273 5453
5441 5271
5044 5259
5259 5635
5273 5469
5214 5469
5261 5257
5460 5446
5453 5237
5453 5231
5449 5257
5453 5435
5273 5435
5452 5246
5258 5246
5258 5452
5269 5294
5294 5448
5237 5219
5474 5255
5082 5285
5119 5285
5090 5277
5200 5277
5277 5287
5278 5384
5278 5293
5384 5293
5083 5384
5083 5278
5079 5286
5276 5286
5383 5079
5383 5286
5251 5426
5426 5210
5426 5027
5426 5028
5028 5280
5426 5280
5387 5385
5168 5385
5293 5389
5293 5295
5389 5295
5384 5389
5082 5279
5285 5279
5391 5279
5047 5283
5077 5283
5078 5280
5280 5301
5215 5200
5277 5215
5079 5297
5383 5297
5427 5088
5427 5346
5088 5346
5077 5289
5191 5289
5289 5283
4968 5386
5078 5301
5087 5384
5294 5385
5294 5290
5385 5290
5387 5294
5085 5410
5349 5346
5311 5084
5311 5301
5084 5301
5089 5311
5389 5087
5087 5174
5174 5389
5306 5391
5306 5279
5104 5388
5104 5296
5388 5296
5289 5390
5289 5291
5390 5291
5100 5388
5349 5489
5101 5489
5314 5311
5116 5298
5298 5112
5176 5386
5386 5107
5398 5107
5398 5386
5085 5281
5392 5281
5306 5098
5299 5104
5299 5296
5108 5104
5108 5299
5291 5393
5291 5300
5393 5300
5390 5393
5282 5085
5282 5281
5101 5356
5105 5356
5356 5489
5269 5387
5185 5298
5304 5108
5304 5299
5110 5304
5393 5092
5429 5328
5115 5328
5259 5429
5259 5328
5081 5297
5081 5591
5297 5591
5117 5308
5308 5119
5312 5090
5312 5287
5090 5287
5388 5090
5388 5312
5107 5308
5118 5325
5314 5325
5103 5591
5478 5428
5428 5207
5428 5109
5298 5302
5185 5302
5325 5566
5393 5399
5393 5313
5399 5313
5313 5300
5308 5398
5428 5576
5328 5118
5328 5566
5118 5566
5115 5118
5295 5397
5295 5305
5397 5305
5389 5397
4841 5102
5392 5068
5392 5288
5068 5288
5399 5401
5399 5315
5401 5315
5315 5313
5044 5429
5309 5302
5309 5185
5130 5304
5330 5103
5330 5591
5249 5305
5305 5235
5401 5402
5401 5317
5402 5317
5317 5315
5309 5322
5068 5263
5263 5288
5361 5109
5361 5576
5109 5576
5330 5396
5098 5321
5306 5321
5285 5308
5263 5292
5235 5397
5402 5405
5402 5318
5405 5318
5318 5317
5330 5333
5102 5098
5102 5321
5399 5092
5106 5399
5397 5174
5094 5397
5135 5130
5135 5329
5130 5329
5332 5135
5332 5329
5322 5562
5134 5562
5406 5386
5406 4968
5124 5406
5395 5332
5401 5106
5164 5586
5080 5586
5097 5397
5408 5406
5408 5124
5134 5327
5143 5327
5080 5086
5080 5310
5086 5310
5310 5586
5131 5369
5053 5369
5095 5102
5095 5321
5321 5374
5327 5562
5121 5401
5402 5121
5404 5333
5396 5333
5368 5394
5368 5369
5394 5369
5310 5316
5086 5316
5334 5395
5334 5332
5347 5404
5347 5333
5133 5368
5532 5133
5532 5368
5633 5303
5272 5303
5405 5319
5127 5319
5318 5319
5184 5334
5334 5339
5386 5414
5406 5414
5375 5356
5272 5096
5143 5409
5409 5327
5406 5579
5408 5579
5579 5414
5375 5532
5413 5407
5413 5122
5407 5122
5184 5339
5198 5324
5316 5091
5316 5324
5091 5324
5272 5307
5404 5351
5400 5339
5145 5339
5319 5129
5319 5411
5129 5411
5398 5414
5096 5307
5112 5307
5344 5400
5344 5339
5351 5132
5351 5125
5337 5193
5337 5340
5193 5340
5151 5337
5187 5344
5403 5187
5403 5344
5408 5417
5201 5417
5417 5579
5128 5413
5567 5413
5567 5128
5144 5409
5112 5284
5298 5284
5188 5417
5137 5337
5331 5137
5331 5337
5430 5324
5430 5609
5341 5409
5341 5144
5403 5156
5353 5132
5353 5351
5417 5597
5597 5579
5144 5345
5149 5345
5341 5345
5348 5156
5348 5403
5158 5348
5430 5335
5519 5345
5519 5149
5415 5353
5160 5348
5348 5350
5147 5331
5147 5411
5331 5411
5335 5412
5335 5338
5412 5338
5282 5320
5282 5410
5320 5410
5149 5588
5152 5588
5421 5417
5597 5421
5193 5350
5160 5350
5588 5519
5137 5147
5416 5353
5353 5359
5123 5410
5123 5320
5323 5123
5323 5320
5186 5123
5186 5323
5350 5340
5128 5419
5588 5155
5588 5352
5155 5352
5338 5099
5338 5343
5099 5343
5355 5352
5039 5416
5039 5622
5416 5622
5138 5326
5126 5326
5157 5418
5382 5418
5382 5157
5416 5359
5407 5597
5407 5421
5126 5323
5563 5120
5563 5854
5120 5854
5038 5039
5038 5622
5120 5354
5418 5422
5418 5159
5139 5363
5419 5139
5419 5363
5099 5358
5420 5167
5420 5362
5167 5362
5407 5190
5138 5336
5326 5336
5142 5336
5358 5111
5358 5360
5111 5360
5038 5431
4732 5431
5431 4987
5114 5360
5141 5373
4987 5373
5342 5142
5342 5336
5114 5563
5161 5357
5161 5355
5357 5355
5424 5376
5142 5275
5142 5032
5418 5365
5365 5422
5378 5379
5378 4822
5379 4822
5420 5357
5420 5161
5275 5342
5376 5367
5376 5146
5367 5146
5370 5422
5370 5365
5167 5161
5195 5379
5379 5380
5150 5367
5364 5354
5148 5380
5195 5380
5380 5596
5424 5374
5095 5374
5364 5366
5202 5366
5362 5163
5362 5574
5163 5574
5423 5148
5423 5596
5148 5596
5153 5423
5376 5374
5164 5574
5153 5385
5423 5385
5202 5270
5270 5366
5425 5370
5202 5224
5224 5270
5372 5425
5372 5370
5162 5372
5423 5290
5367 5381
5154 5381
5150 5381
5616 5162
5616 5372
5276 5616
5432 5371
5136 5371
5154 5382
5136 5377
5140 5377
5377 5371
5140 5278
5278 5377
5467 5870
5218 5870
5437 5211
5437 5434
5211 5434
5471 5472
5223 5472
5251 5437
5479 5453
5479 5435
5477 5870
5452 5442
5229 5442
5219 5470
5237 5470
5479 5454
5454 5453
5220 5434
5449 5444
5433 5471
5254 5472
5258 5451
5451 5246
5449 5646
5451 5456
5456 5477
5469 5268
5469 5444
5268 5444
5668 5445
5668 5256
5445 5256
5215 5440
5433 5440
5258 5465
5452 5465
5451 5872
5258 5872
5220 5445
5254 5463
5271 5463
5275 5475
5441 5463
5638 5209
5638 5436
5248 5638
5640 5248
5640 5638
5868 5447
5868 5250
5438 5443
5250 5216
5478 5640
5460 5443
5240 5443
5454 5237
5467 5868
5446 5442
5454 5470
5042 5462
5635 5462
5647 5643
5647 5436
5643 5436
5219 5670
5470 5670
5447 5587
5587 5252
5472 5473
5474 5670
5670 5655
5220 5466
5868 5464
5464 5447
5648 5476
5648 5448
5476 5448
5459 5254
5459 5463
5438 5475
5475 5443
5455 5477
5455 5456
5460 5780
5443 5780
5457 5479
5457 5435
5458 5440
5458 5433
5471 5473
5872 5456
5441 5644
5644 5463
5444 5656
5476 5439
5636 5644
5655 5657
5655 5255
5657 5255
5474 5655
5872 5864
5258 5864
5457 5469
5457 5656
5469 5656
5479 5461
5461 5454
5435 5469
5461 5470
5643 5638
5646 5439
5646 5476
5646 5257
5431 5577
5577 4987
5562 5565
5562 5480
5565 5480
5567 5578
5567 5628
5578 5628
5346 5647
5647 5427
5346 5486
5349 5486
5572 5305
5572 5485
5305 5485
5366 5354
5584 5354
5584 5366
5277 5564
5564 5287
5488 5357
5488 5495
5357 5495
5308 5611
5487 4987
5487 5577
5565 5327
5567 5419
5419 5578
5280 5251
5280 5481
5251 5481
5292 5483
5292 5288
5483 5288
5572 5295
5277 5440
5440 5564
5564 5496
5440 5496
5489 5486
5495 5420
5495 5505
5420 5505
5568 5611
5568 5308
5398 5568
5366 5482
5270 5482
5431 5499
5038 5499
5577 5499
5584 5482
5561 5584
5561 5482
5249 5485
5489 5500
5356 5500
5652 5630
5652 5259
5630 5259
5630 5635
5571 5292
5571 5450
5296 5569
5502 5373
5502 5487
5373 5487
5378 5373
5378 5502
5270 5632
5362 5505
5379 5502
5478 5859
5478 5576
5859 5576
5859 5516
5502 5777
5569 5570
5569 5304
5570 5304
5299 5569
5363 5587
5363 5781
5587 5781
5573 5286
5573 5766
5286 5766
5633 5571
5571 5582
5633 5582
5414 5585
5578 5363
5578 5781
5383 5573
5507 5379
5507 5777
5379 5777
5380 5507
5590 5380
5590 5507
5414 5589
5579 5589
5312 5564
5312 5801
5564 5801
5590 5596
5383 5575
5575 5297
5573 5575
5459 5472
5524 5576
5524 5516
5576 5516
5528 5590
5528 5507
5630 5462
5589 5585
5509 5312
5509 5801
5296 5312
5296 5509
5508 5505
5508 5362
5483 5281
5224 5632
5569 5509
5509 5512
5530 5590
5530 5528
5568 5585
5568 5592
5585 5592
5398 5585
5483 5491
5292 5491
5508 5574
5508 5514
5574 5514
5575 5591
5570 5512
5569 5512
5512 5515
5585 5593
5589 5593
5593 5592
5361 5524
5423 5530
5596 5530
5644 5492
5636 5492
5580 5266
5580 5524
5266 5524
5604 5423
5604 5530
5283 5492
5283 5636
5575 5497
5484 5281
5484 5483
5304 5581
5570 5581
5492 5289
5492 5637
5289 5637
5604 5607
5604 5290
5607 5290
5130 5583
5583 5329
5581 5583
5581 5130
5634 5632
5634 5498
5595 5580
5595 5524
5327 5803
5409 5803
5565 5803
5597 5589
5634 5501
5432 5501
5501 5498
5607 5862
5604 5862
5341 5803
5599 5603
5599 5376
5603 5376
5501 5371
5501 5504
5371 5504
5369 5595
5369 5529
5595 5529
5583 5534
5583 5332
5534 5332
5481 5490
5481 5301
5490 5301
5289 5649
5330 5497
5591 5497
5589 5600
5597 5600
5600 5593
5574 5586
5574 5812
5586 5812
5491 5571
5491 5775
5571 5775
5504 5377
5504 5510
5377 5510
5407 5600
5812 5514
5534 5541
5534 5334
5541 5334
5648 5607
5648 5862
5796 5330
5796 5497
5649 5291
5649 5650
5291 5650
5582 5776
5582 5775
5776 5775
5581 5515
5570 5515
5515 5521
5494 5301
5494 5490
5583 5521
5581 5521
5311 5494
5807 5803
5807 5341
5521 5531
5266 5228
5580 5228
5291 5651
5300 5651
5651 5650
5503 5311
5503 5494
5314 5503
5534 5531
5583 5531
5325 5503
5503 5517
5812 5547
5586 5547
5568 5533
5607 5294
5367 5603
5303 5582
5510 5278
5510 5784
5278 5784
5285 5611
5611 5279
5796 5347
5796 5333
5313 5615
5313 5520
5615 5520
5300 5520
5651 5520
5328 5652
5566 5652
5519 5807
5347 5527
5796 5527
5522 5367
5522 5603
5493 5611
5493 5533
5611 5533
5307 5582
5307 5303
5541 5339
5519 5526
5588 5526
5866 5520
5866 5615
5776 5307
5448 5607
5540 5369
5540 5529
5566 5517
5325 5517
5547 5552
5547 5823
5552 5823
5368 5540
5541 5834
5315 5615
5278 5594
5293 5594
5588 5488
5488 5526
5615 5617
5615 5659
5617 5659
5659 5866
5738 5368
5738 5540
5279 5511
5776 5284
5776 5513
5284 5513
5532 5738
5598 5339
5598 5834
5339 5834
5307 5284
5317 5615
5617 5317
5344 5598
5572 5594
5572 5293
5279 5506
5611 5506
5310 5552
5310 5547
5598 5403
5619 5659
5619 5617
5352 5488
5356 5532
5351 5347
5351 5539
5347 5539
5318 5617
5619 5318
5249 5657
5657 5485
5282 5484
5484 5320
5357 5352
5316 5552
5382 5606
5606 5418
5815 5606
5815 5382
5321 5511
5321 5518
5511 5518
5381 5806
5306 5511
5255 5249
5606 5548
5815 5548
5154 5806
5806 5382
5552 5833
5316 5833
5619 5624
5619 5538
5624 5538
5381 5522
5542 5353
5542 5351
5522 5525
5601 5598
5601 5549
5598 5549
5403 5601
5624 5318
5319 5624
5618 5321
5618 5518
5320 5787
5484 5787
5323 5787
5601 5348
5525 5806
5525 5381
5324 5602
5324 5555
5602 5555
5833 5324
5833 5555
5606 5610
5606 5365
5610 5365
5554 5601
5554 5549
5605 5601
5605 5554
5624 5411
5624 5623
5411 5623
5353 5620
5620 5359
5323 5614
5323 5326
5614 5326
5543 5605
5543 5554
5608 5605
5608 5543
5610 5548
5548 5550
5614 5787
5601 5350
5605 5350
5602 5609
5602 5556
5609 5556
5556 5555
5626 5608
5626 5543
5543 5535
5518 5523
5370 5610
5609 5324
5605 5340
5608 5340
5618 5599
5618 5374
5599 5374
5326 5820
5614 5820
5806 5815
5550 5553
5550 5610
5553 5610
5620 5536
5622 5359
5622 5536
5359 5536
5331 5626
5331 5535
5626 5535
5623 5331
5623 5535
5599 5523
5618 5523
5556 5335
5556 5557
5335 5557
5609 5335
5610 5612
5038 5537
5622 5537
5340 5626
5626 5337
5592 5533
5557 5338
5557 5822
5338 5822
5850 5610
5850 5553
5592 5829
5593 5829
5612 5613
5612 5372
5613 5372
5343 5822
5342 5621
5336 5621
5370 5612
5542 5539
5593 5625
5625 5829
5600 5625
5852 5612
5852 5850
5612 5850
5613 5852
5336 5820
5558 5360
5558 5559
5360 5559
5625 5407
5616 5613
5542 5545
5545 5353
5360 5563
5563 5559
5846 5829
5846 5625
5620 5545
5545 5546
5631 5342
5631 5621
5275 5631
5625 5627
5407 5627
5627 5846
5563 5851
5616 5286
5854 5851
5766 5616
5766 5613
5475 5631
5627 5628
5627 5544
5628 5544
5846 5544
5854 5354
5854 5560
5354 5560
5560 5584
5560 5561
5413 5627
5558 5822
5558 5343
5343 5358
5358 5558
5628 5413
5551 5298
5551 5629
5298 5629
5513 5298
5513 5551
5309 5629
5309 5853
5853 5562
5853 5480
5309 5562
5637 5650
5637 5667
5650 5667
5649 5637
5656 5666
5656 5663
5666 5663
5642 5865
5642 5639
5865 5639
5651 5667
5641 5642
5641 5639
5445 5466
5642 5653
5653 5865
5678 5642
5678 5641
5644 5661
5648 5665
5665 5476
5642 5674
5674 5653
5640 5645
5668 5468
5668 5887
5468 5887
5042 5887
5859 5645
5478 5645
5462 5887
5657 5671
5655 5671
5663 5664
5663 5457
5664 5457
5646 5666
5646 5444
5666 5444
5670 5461
5670 5660
5461 5660
5654 5658
5654 5673
5658 5673
5654 5866
5866 5658
5658 5659
5666 5876
5646 5876
5461 5896
5459 5661
5463 5661
5640 5886
5638 5886
5909 5667
5909 5893
5667 5893
5861 5667
5861 5909
5667 5669
5667 5662
5669 5662
5445 5873
5668 5873
5664 5896
5664 5461
5875 5896
5875 5664
5479 5664
5887 5873
5665 5874
5874 5476
5670 5671
5874 5646
5861 5637
5874 5876
5639 5891
5673 5890
5641 5891
5641 5882
5891 5882
5672 5641
5672 5882
5673 5880
5672 5678
5894 5672
5894 5882
5673 5894
5676 5672
5676 5894
5676 5673
5658 5676
5675 5642
5675 5677
5642 5677
5674 5675
5676 5679
5679 5672
5678 5679
5678 5677
5679 5867
5676 5867
5679 5677
5658 5867
5675 5681
5677 5681
5681 5680
5677 5682
5679 5682
5682 5681
5485 5765
5561 5686
5482 5686
5647 5685
5346 5685
5437 5694
5434 5694
5434 5466
5565 5767
5767 5480
5483 5798
5849 5628
5849 5769
5628 5769
5702 5495
5702 6006
5495 6006
5488 5702
5499 5707
5499 5684
5707 5684
5577 5684
5458 5768
5458 5496
5768 5496
5346 5713
5486 5713
5713 5685
5491 5798
5697 5437
5697 5694
5481 5437
5481 5697
5486 5715
5489 5715
5715 5713
5693 5766
5693 6031
5766 6031
5573 5693
5770 5573
5770 5693
5691 5765
5691 5728
5765 5728
5433 5858
5458 5858
5858 5768
5768 5688
5858 5688
5487 5684
5712 5487
5712 5684
5715 5500
5715 5723
5500 5723
5769 5771
5769 6013
5771 6013
5683 5769
5683 6013
5849 5683
5698 5770
5698 5693
5493 5773
5493 5506
5773 5506
5482 5632
5482 5705
5632 5705
5505 5786
5505 5687
5786 5687
5495 5687
5689 5473
5689 5472
5433 5473
5473 5858
5770 5772
5770 5575
5772 5575
5858 5689
5533 5773
5502 5712
5859 5724
5712 5714
5632 5710
5506 5779
5506 5511
5779 5511
5743 6013
5743 5771
5768 5801
5720 5502
5720 5714
5502 5714
5724 5725
5724 5516
5725 5516
5801 5805
5475 5700
5631 5700
5779 5773
5779 5795
5773 5795
5772 5698
5524 5725
5725 5727
5731 5524
5731 5727
5524 5727
5595 5731
5459 5689
5632 5498
5498 5710
5475 5692
5700 5692
5490 5697
5578 5769
5731 5733
5731 5529
5733 5529
5507 5720
5777 5720
5783 5507
5783 5720
5528 5783
5786 5716
5443 5692
5801 5695
5975 5805
5975 5695
5805 5695
5498 5990
5501 5990
5990 5710
5511 5811
5811 5518
5779 5811
5490 5706
5990 5504
5990 5718
5504 5718
5787 5791
5811 5795
5811 5722
5795 5722
5695 5768
5695 5688
5492 5690
5644 5690
5690 5661
5772 5796
5772 5497
5528 5789
5508 5786
5509 5808
5808 5512
5783 5789
5709 5494
5709 5706
5494 5706
5503 5709
5805 5808
5805 5509
5716 5804
5716 6019
5804 6019
5771 5578
5540 5733
5786 5804
6091 5789
6091 5783
5781 5771
5796 5997
5772 5997
5804 5809
5804 6023
5809 6023
6023 6019
5808 5975
5975 5892
5819 5811
5819 5722
5733 5739
5512 5736
5736 5515
5510 5718
5784 5718
5518 5814
5814 5523
5530 5789
5738 5739
5540 5739
5861 5492
5861 5690
5709 5719
5709 5517
5719 5517
5514 5786
5804 5514
5500 5532
5500 5738
5738 5723
5791 5794
5791 5820
5794 5820
5614 5791
5771 5785
5781 5785
5814 5599
5808 5736
5780 5860
5460 5860
5860 5446
6090 5517
6090 5719
5566 6090
5648 6091
5862 6091
5785 5743
5862 5789
5809 5514
5703 5780
5703 5692
5780 5692
5860 5703
6090 5652
5736 5892
5808 5892
5814 5811
5814 5819
5442 5860
5442 5792
5860 5792
5904 5652
5904 6090
5736 5818
5736 5521
5818 5521
5491 5800
5587 5785
5721 5718
5721 5784
6025 6023
6025 5809
5814 5790
5790 5599
5809 5812
5809 5734
5812 5734
5790 5793
5790 5603
5793 5603
5818 5895
5736 5895
5997 5527
5798 5802
5798 5787
5802 5787
5734 6025
5721 5594
5721 5691
5594 5691
5784 5594
5484 5798
5708 5814
5708 5699
5814 5699
5790 5708
5793 5708
5711 5442
5711 5792
5818 5821
5818 5531
5821 5531
5572 5765
5572 5691
5696 5800
5696 5971
5800 5971
5798 5800
5798 5696
5802 5696
5818 5639
5895 5639
5639 5821
5793 5522
5520 5669
5669 5651
5800 5775
5800 5981
5775 5981
5775 5813
5776 5813
5813 5981
5711 5863
5863 5442
5442 5465
5863 5465
5863 5717
5981 5971
5817 5557
5817 5737
5557 5737
5890 5669
5890 5654
5669 5654
5654 5520
5592 5826
5826 5533
5657 5728
5671 5728
5822 5737
5872 5797
5864 5797
5864 5799
5864 5465
5997 5935
5935 5741
5935 5527
5741 5527
5813 6007
5813 5701
6007 5701
5981 5701
5765 5657
5829 5826
5527 5746
5791 5802
5791 5704
5802 5704
5347 5746
5746 5539
5729 5522
5729 5793
5799 5465
5799 5717
5465 5717
5822 6008
5531 5653
5653 5534
5821 5653
5794 5704
5774 5658
5774 5659
5826 5773
5537 5707
5537 5499
5865 5821
5525 5729
5734 5547
5734 5823
5653 5830
5653 5541
5830 5541
5795 5826
5795 5839
5826 5839
5537 5536
5537 5744
5536 5744
5707 5744
5827 5926
5827 5823
5926 5823
5619 5774
5826 5842
5829 5842
5842 5839
6022 5820
6022 5794
5746 5741
5726 5803
5726 5730
5803 5730
5565 5726
5767 5726
5674 5830
5830 5675
5827 5552
5525 5810
5729 5810
5810 5806
6022 5621
5867 5682
5682 5778
5867 5778
5778 5774
5778 5782
5774 5782
5867 5774
5827 5833
5827 5748
5833 5748
5829 5849
5846 5849
5849 5842
5680 5830
5680 5675
5834 5830
5834 5680
5788 5778
5788 5535
5778 5535
5682 5788
5752 5539
5752 5746
5542 5752
5807 5730
5849 5544
5806 5740
5810 5740
5740 5815
5778 5623
5782 5623
5555 5748
5680 5836
5680 5549
5836 5549
5598 5680
5732 5730
5732 5807
5631 6022
5815 5825
5825 5548
5538 5774
5782 5538
5740 5825
5700 6022
5752 5831
5623 5538
5555 5817
5556 5817
5840 5836
5840 5681
5836 5681
5543 5788
5807 5816
5795 5989
5839 5989
5740 5832
5832 5825
5519 5816
5831 5545
5831 5542
5682 5840
5840 5788
5989 5842
5989 5987
5842 5987
5816 5526
5816 5735
5526 5735
5735 5732
5732 5816
5831 5755
5755 5545
5813 5513
5549 5840
5840 5554
5840 5543
5842 5683
5551 5813
6007 5551
5755 5979
5755 5546
5979 5546
5822 5756
5756 6008
5558 5756
5785 5824
5785 6066
5824 6066
6066 5743
5735 5488
5735 5702
5824 5587
5447 5824
5546 5536
5546 5620
5758 5536
5758 5546
5845 5756
5845 5558
5758 5979
5824 5464
5824 5749
5464 5749
5749 6066
5758 5744
5847 6007
5847 5551
5851 5845
5851 5559
5845 5559
5749 5751
5464 5751
5825 5828
5828 5548
5760 5845
5760 5851
5847 5629
5854 5760
5751 5869
5751 5754
5869 5754
5464 5869
5825 5835
5832 5835
5835 5828
5467 5869
5869 5868
5847 5853
5847 6053
5853 6053
5629 5853
5760 5856
5760 5762
5856 5762
5854 5856
5835 5742
5832 5742
5742 6018
5754 5838
5754 6080
5838 6080
5869 5838
5856 5560
5853 5767
5767 6053
5828 5837
5828 5550
5837 5550
5870 5869
5870 5838
5838 5455
5870 5455
5856 5763
5837 5848
5837 5553
5848 5553
5838 5841
5838 6084
5841 6084
6084 6080
5856 5561
5856 5764
5561 5764
5828 5843
5835 5843
5843 5837
5844 5838
5844 5455
5841 5844
5745 5835
5745 6018
5835 6018
5843 5745
6084 5757
5841 5757
5843 5848
5841 5759
5844 5759
5759 5757
5747 5843
5747 5745
5848 5747
5456 5871
5455 5871
5872 5871
5848 5850
5759 5871
5759 5761
5871 5761
5844 5871
5850 5855
5848 5855
5871 5797
5797 5761
5750 5848
5750 5747
5852 5855
5852 5857
5855 5857
5855 5750
5613 5857
5613 5753
5857 5753
6031 5613
6031 5753
5857 5750
5895 5888
5888 5639
5669 5877
5889 5875
5889 5664
5888 5891
5909 5912
5893 5912
5890 5877
5663 5889
5660 5901
5670 5901
5901 5671
5892 5913
5892 5895
5913 5895
5884 5728
5884 5885
5728 5885
5662 5912
5662 5893
5876 5902
5883 5895
5883 5913
5859 6089
5645 6089
5630 5904
5904 5462
5891 5878
5888 5878
5883 5888
5879 5891
5879 5878
5881 5894
5881 5882
5879 5881
5879 5882
5874 6092
5665 6092
5902 5889
5902 5663
5666 5902
5894 5880
5881 5880
5445 5897
5873 5897
5897 6088
5645 5898
5640 5898
5914 5916
5914 6104
5916 6104
5915 5899
5915 5888
5899 5888
5883 5915
5897 5903
5873 5903
5910 6097
5910 5874
6097 5874
5887 5903
5899 5914
5915 5914
5877 5900
5877 6104
5900 6104
5916 5877
5913 5915
6097 5876
5887 6264
6264 5903
5899 5911
5899 5878
5911 5878
5889 6094
6094 5875
5914 5913
5462 6264
6098 5876
6098 6097
5916 5912
5912 5877
5890 5900
6110 5901
6110 5896
5901 5896
5877 5662
5911 5879
5904 6264
6110 5875
6110 6094
5900 5880
5900 5881
5890 5880
6099 5905
6099 5886
5905 5886
5898 5886
5898 5905
5638 6099
5645 6318
6318 6089
5643 6099
5884 6107
5885 6107
6092 5910
5972 5977
5972 5755
5977 5755
5831 5972
5927 5466
5927 5908
5466 5908
5694 5466
5694 5927
6085 5643
6085 5647
5917 5686
5917 6175
5686 6175
5919 5967
5919 5922
5967 5922
6099 6085
5930 5694
5930 5927
5697 5930
5726 5966
5973 5966
5973 5726
5730 5973
5693 5924
6086 5969
6086 5689
5969 5689
5459 6086
5979 5977
5967 5970
5970 5922
5921 5924
5921 5693
5906 5984
5906 6087
5984 6087
5689 5688
6031 5921
5977 6157
5972 6157
6157 5923
6177 5985
6177 5748
5985 5748
6100 6085
6100 5685
6085 5685
5884 6087
5884 5984
5924 5929
5924 5698
5929 5698
5969 5688
5696 5704
5971 5704
5661 6086
5979 5923
5977 5923
5704 6030
5969 5988
6086 5988
5988 5976
5688 5978
6226 5986
6226 6231
5986 6231
5772 5929
5691 5984
5728 5984
5978 5969
5978 5976
5969 5976
5817 5994
5817 6177
5994 6177
5748 5817
6030 5971
6030 5996
5971 5996
5983 5989
5983 6000
5989 6000
5988 5661
5690 5988
5722 5989
5722 5983
5971 6002
5981 6002
5730 6233
5732 6233
6233 5973
5980 5975
5980 5695
5978 5980
5978 5695
5997 5929
5978 5982
5976 5982
5982 5980
5982 5988
5982 5909
5988 5909
5466 6088
6088 5908
6007 6002
6002 5701
5974 5986
5974 6226
5979 5992
5907 6100
5907 5713
6100 5713
5996 6002
5996 6009
6002 6009
5989 6004
5987 6004
6004 6000
5986 5942
5758 5945
5945 5744
5942 5991
5942 6248
5991 6248
5986 5991
6002 6012
6007 6012
5686 5705
5705 6175
5994 5999
5994 5948
5999 5948
5445 6088
6012 6009
5991 5993
5993 6248
5960 5992
5960 6169
5992 6169
5758 5992
5758 5960
5705 5710
5705 5931
5710 5931
5993 5998
5993 6251
5998 6251
6251 6248
6004 5683
5987 5683
6013 6004
6001 6251
6001 5998
5999 5817
5931 5990
5931 5938
5990 5938
6004 6016
6013 6016
5992 5923
5992 6003
5923 6003
5794 6024
5988 5861
5743 6016
5923 6165
5713 5918
5715 5918
5490 5930
5933 5490
5933 5930
5980 5913
5913 5975
5999 6195
6233 5995
6233 5946
5995 5946
5918 5907
5934 5490
5934 5933
5918 5723
5918 5920
5723 5920
5732 5995
5992 5941
6003 5941
5941 6169
5699 6021
5912 5982
5929 6191
5914 5982
5982 5916
5957 6005
5957 6006
6005 6006
5952 6005
5952 5957
5990 5943
5718 5943
5939 5706
5939 5934
5706 5934
5943 5938
5957 6010
5957 5974
6010 5974
6021 5983
6021 6027
5983 6027
5699 5983
5709 5939
6089 5724
5724 5928
6089 5928
6010 6006
6010 5687
6006 5687
5939 5944
6022 6060
5950 5684
5950 5945
5684 5945
5707 5945
5999 6008
6008 6195
5943 6265
5718 6265
5725 5928
5928 5936
6005 5702
5735 5995
5913 5982
5684 5951
5935 6191
5997 6191
5995 5952
5953 5709
5953 5944
5709 5944
5719 5953
5725 5936
5721 5984
5721 5906
6265 5721
6265 5906
6060 6024
6060 6221
6024 6221
6022 6024
6008 5737
5999 5737
5986 6010
5986 6014
6010 6014
5995 6005
5937 5727
5937 5936
5727 5936
5731 5937
6090 5953
5953 6181
5708 6032
5926 5968
5968 5823
6030 6033
5996 6033
5733 5937
5937 5940
6021 6032
6021 5708
6024 6030
6024 6196
6030 6196
5702 5995
5794 6030
5904 6181
6090 6181
5968 5734
5712 6017
6017 5714
5951 6017
5951 5712
6032 6027
6032 6034
6027 6034
5991 6014
5991 5716
6014 5716
5985 5926
5985 5827
6011 6015
6011 5742
6015 5742
5832 6011
6033 6009
6033 6188
6009 6188
5716 5687
6014 5687
5671 5885
5954 5949
5954 6133
5949 6133
5739 5949
5739 5954
5738 5954
5714 6020
6017 6020
6009 6041
6012 6041
6041 6188
6017 5955
5955 6020
5793 6036
6032 6036
6032 5793
5991 6019
6019 5993
5949 5733
5949 5940
5733 5940
5720 6020
6032 6039
6034 6039
6039 6036
5983 5819
6041 6045
5723 5954
5954 5920
5993 6023
6023 5998
6028 6020
6028 5955
5783 6020
5783 6028
6036 6044
6036 5729
6044 5729
6028 6091
5747 6029
5699 5819
5945 5960
5998 6025
6025 6001
6039 6044
5756 6195
5958 6195
5958 5756
5741 6214
6001 5968
6025 5968
6252 6028
6252 5955
6044 6049
6044 5810
6049 5810
5965 6031
5965 5753
6029 5965
6029 5753
5750 6029
5750 5753
5847 6012
6252 6091
6044 6051
6039 6051
6051 6049
6091 5665
6091 6092
6092 6252
6214 5947
6214 5746
5947 5746
5740 6049
6041 5847
6053 6041
5965 5921
6011 6038
6011 6040
6038 6040
6040 6015
5845 5958
5959 5958
5959 5845
5832 6049
6053 6045
5752 5947
6026 5752
6026 5947
6038 6042
6038 6043
6042 6043
6043 6040
5760 5959
6035 5959
6035 5760
6049 6011
6051 6011
5752 5972
6026 5972
6015 6046
6040 6046
6046 6018
5959 6240
6035 6240
6027 6000
6027 6056
6000 6056
6046 6043
6046 6048
6043 6048
6240 6037
6240 6243
6037 6243
6035 6037
6000 6058
6004 6058
6058 6056
6026 6157
6043 6050
6043 6052
6050 6052
6042 6050
6027 6059
6056 6059
6052 6054
6052 5956
6054 5956
6050 6054
6037 5760
6056 6061
6058 6061
6061 6059
6052 6048
5966 6045
5966 6053
6037 6162
6037 5963
6162 5963
6016 6058
5963 6243
5966 5767
5745 6046
5745 6055
6046 6055
6047 6037
6047 5762
6037 5762
5763 6047
5763 5762
6162 6047
6058 6065
6016 6065
6065 6061
5764 6047
5764 5763
6055 6048
6055 6057
6048 6057
6016 6066
6066 6065
6162 6164
6047 6164
5747 6055
5747 5964
6055 5964
6034 6059
6034 6067
6059 6067
5961 6055
5961 6057
6059 6069
6061 6069
6069 6067
5764 5686
5764 5917
6047 5917
6060 6063
6060 5692
6063 5692
5700 6060
6034 6070
6067 6070
6070 6039
6048 6255
6052 6255
6063 6221
6067 6071
6069 6071
6071 6070
6063 5703
6061 6073
6065 6073
6073 6069
6065 6075
6066 6075
6075 6073
6054 6062
6054 6257
6062 6257
5703 5962
6063 5962
6071 6073
6071 6076
6073 6076
6076 6075
6076 5751
6075 5751
5792 5962
5792 6068
5962 6068
5703 5792
5749 6075
5964 6029
5792 6072
5711 6074
5711 5717
6074 5717
6072 6074
6072 5711
6262 6029
6262 5964
6068 6072
6039 6081
6070 6081
6081 6051
5965 6262
6070 6082
6071 6082
6082 6081
6068 6186
6186 6072
6076 5754
5717 6077
6074 6077
6071 6079
6076 6079
6079 6082
6079 5754
6079 6080
5799 5919
5799 6160
5919 6160
5797 5799
5797 6160
6077 5919
6077 5799
5967 6077
6077 6072
6077 6078
6072 6078
6051 6038
6081 6038
6038 6082
6082 6042
6186 6193
6186 6078
6193 6078
6082 6083
6079 6083
5967 6078
6078 5970
6083 6080
6083 6084
5932 6078
5932 6193
5970 5932
6042 6083
6083 6050
6083 6054
6084 6054
5757 6054
6062 5757
5759 6062
6064 6062
6064 5759
5761 6064
5925 6064
5925 5761
5925 5797
5925 6160
5914 6103
6102 5897
6102 6093
5897 6093
6088 6102
6104 6103
6103 6106
6103 5911
6106 5911
5899 6103
6095 5906
6095 6087
5898 6096
5905 6096
5879 6106
5901 6109
6109 5671
6103 6105
6104 6105
6105 6106
5902 6094
6105 5900
5903 6093
5885 6109
6106 5881
6105 5881
5902 6098
5902 6101
6098 6101
5645 6096
6099 6112
6085 6112
6101 6114
6094 6114
5902 6114
5905 6410
6113 6098
6113 6097
6085 6283
6100 6283
5903 6273
6094 6275
5905 6269
6099 6269
6110 6108
6108 5901
6112 6269
5903 6274
6274 6273
6107 6109
6107 6411
6109 6411
6100 6111
5907 6111
6111 6283
5884 6412
6107 6412
6114 6275
6095 5884
6095 6412
6318 6096
6112 6267
6085 6267
6108 6276
6110 6276
6108 6109
6159 6166
6159 6168
6166 6168
6249 6166
6249 6159
5927 6116
5908 6116
6127 6162
6127 6131
6162 6131
6166 6171
6171 6168
5927 6170
6117 6122
6117 5924
6122 5924
5921 6117
6157 6161
6157 6163
6161 6163
6176 6173
6176 6160
6173 6160
5919 6176
6159 6209
6168 6209
6209 6200
6272 6111
6272 5918
6111 5918
6164 6131
5922 6176
6182 6176
6182 5922
6209 6171
6209 6184
6171 6184
6119 6170
6119 6116
6170 6116
6122 6187
6122 5929
6187 5929
5923 6163
6163 6165
6316 6176
6316 6128
6176 6128
6173 6316
6186 6258
6186 6198
6258 6198
6198 6193
6272 5920
6272 6115
5920 6115
5968 6120
5926 6120
6120 6401
5917 6373
6175 6373
6164 5917
6164 6373
6200 6198
6200 6258
6264 6274
6033 6235
6033 6196
6235 6196
6182 6128
6196 6239
6196 6221
6239 6221
5941 6174
6175 6178
6178 6373
6193 6203
6198 6203
6203 5932
6189 6182
6189 5922
5970 6189
6198 6206
6200 6206
6206 6203
5926 6167
6167 6120
6274 6181
6274 6123
6181 6123
6235 6239
6179 6174
6179 5941
6003 6179
6124 5928
6124 6318
5928 6318
6197 6189
6197 5970
5932 6197
6167 5985
6033 6207
6188 6207
6207 6235
6161 6118
6118 6163
6209 6224
6184 6224
6191 6187
6191 6364
6187 6364
6364 6201
6182 6204
6189 6204
6204 6128
6264 6181
6207 6045
6188 6045
6185 6163
6185 6118
6206 6209
6206 6222
6209 6222
6126 5936
6126 6124
5936 6124
5937 6126
6167 6177
6167 6172
6177 6172
6189 6208
6197 6208
6208 6204
5930 6170
6170 5933
6132 6185
6132 6118
6224 6222
6356 6275
6356 6114
6129 5937
6129 6126
5966 6212
5973 6212
6125 6170
6125 6119
5934 6170
5934 6125
6207 6212
6045 6212
6220 6212
6220 5973
5949 6134
6165 6185
6165 6192
6185 6192
6192 6003
6003 6165
6204 6139
6204 6327
6139 6327
5939 6125
6095 6190
6190 5906
6185 6194
6132 6194
6194 6192
6125 6319
6191 6201
6208 6139
6115 5954
6115 6133
6179 6192
6179 6199
6192 6199
6135 5953
6135 6136
5953 6136
6178 5931
6175 5931
6199 6194
6199 6202
6194 6202
6138 5939
6138 6319
5939 6319
6220 6233
6233 6171
6171 6220
6134 5940
6134 6129
5940 6129
5938 6178
6180 6178
6180 5938
6183 5948
6183 6407
5948 6407
6221 6223
6385 6194
6385 6132
6205 6194
6205 6385
6197 6203
6197 6215
6203 6215
6201 5741
6201 5935
6136 5944
6136 6138
5944 6138
6190 6180
6190 5938
5943 6190
6063 6223
6223 5962
6393 6205
6393 6385
6206 6215
5906 5943
6183 6172
6183 6177
5994 6183
6223 6229
6223 6068
6229 6068
6197 6217
6215 6217
6217 6208
6201 6143
6143 5741
6202 6205
6202 6158
6205 6158
6181 6135
6217 6219
6215 6219
6393 6158
6184 6233
6184 5946
6222 6215
5950 6211
5950 5951
6211 5951
6224 5946
6224 5952
5946 5952
6239 6223
6219 6222
6219 6226
6222 6226
6211 6216
6211 6017
6216 6017
6214 6148
6148 5947
5948 6195
5948 6137
6195 6137
6239 6241
6235 6241
6216 6218
6216 5955
6218 5955
6214 6143
6143 6148
6222 5974
6224 5974
6235 6245
6207 6245
6208 6228
6217 6228
6228 6139
6212 6245
6217 6231
6219 6231
6231 6228
6225 5950
6225 5945
5960 6225
6245 6241
6139 6236
6139 6366
6236 6366
6228 6236
6169 6225
6245 6220
6144 6225
6144 6169
6228 6242
6231 6242
5947 6151
6148 6151
6242 6236
6223 6247
6239 6247
6211 6225
6211 6140
6225 6140
6387 6211
6387 6140
6247 6241
6247 6249
6241 6249
6137 6210
6137 6320
6210 6320
6157 6151
6026 6151
6144 6140
5958 6137
6210 5958
5956 6121
5956 6255
6121 6255
6247 6229
6210 6340
6161 6151
6144 6174
6144 6142
6174 6142
6169 6174
6256 5961
6256 6057
6255 6256
6255 6057
5942 6242
5942 6231
6241 6166
6245 6166
6248 6242
6142 6179
6142 6232
6179 6232
6340 6213
6340 6358
6213 6358
6210 6213
6256 6121
6296 6256
6296 6121
6220 6166
6213 5958
5959 6213
6259 6257
6259 6062
6064 6259
6216 6387
6387 6149
6242 6244
6244 6236
6257 6382
6257 5956
6382 5956
6218 6149
6216 6149
6248 6244
6238 6218
6238 6149
6382 6259
6382 6130
6259 6130
6186 6229
6260 6259
6260 6064
5925 6260
6389 6227
6389 6147
6227 6147
6145 6227
6145 6389
6244 6251
6232 6199
6232 6153
6199 6153
6173 6260
6173 5925
6147 6230
6147 6150
6230 6150
6153 6202
6153 6154
6202 6154
6259 6339
6260 6339
6339 6130
6229 6258
6247 6258
6251 6253
6251 6399
6253 6399
6244 6399
6260 6316
6316 6339
6247 6159
6159 6258
6001 6253
6234 6230
6234 6147
6227 6234
6202 6156
6158 6156
6253 5968
6253 6401
5968 6401
6401 6399
6234 6237
6227 6237
6121 6382
6159 6200
6230 6152
6234 6152
5957 6224
6152 6237
6152 6155
6237 6155
5961 6261
5961 5964
6261 5964
6213 6240
6213 6145
6240 6145
6356 6250
6356 6362
6250 6362
6261 6262
6263 6262
6263 6261
6227 6240
6227 6243
6218 6252
6261 6256
6261 6141
6256 6141
6218 6254
6238 6254
6254 6252
6227 6246
6243 6246
6246 6237
6263 6141
6092 6254
6254 5910
5963 6246
6262 6146
6246 6155
6113 6254
6113 6238
6266 6113
6266 6238
6113 6357
6266 6357
5965 6117
6146 6117
6146 5965
5963 6127
6246 6127
6113 5910
6357 6098
6101 6357
6357 6250
6250 6101
6356 6101
6102 6281
6093 6281
6408 6102
6408 6281
5908 6102
5908 6408
6279 6115
6279 6280
6115 6280
6272 6279
6271 6283
6271 6111
6274 6270
6108 6268
6268 6109
6275 6276
6275 6110
6272 6271
6411 6412
6268 6411
6085 6413
6283 6413
6413 6277
6093 6273
6284 6282
6284 6408
6282 6408
6085 6277
6281 6270
6281 6491
6270 6491
6408 6491
6281 6273
6273 6270
6284 6491
6410 6269
6410 6415
6269 6415
6278 6282
6278 6284
6413 6492
6283 6492
6271 6492
6272 6492
6279 6492
6269 6267
6285 6282
6285 6278
6270 6286
6286 6491
6286 6289
6289 6491
6289 6287
6286 6287
6341 6342
6341 6343
6342 6343
6317 6342
6317 6341
6320 6321
6116 6408
6116 6282
6343 6344
6343 6345
6344 6345
6342 6344
6392 6366
6392 6236
6137 6321
6137 6407
6321 6407
6122 6330
6330 6187
6119 6409
6119 6285
6409 6285
6409 6282
6409 6116
6346 6343
6346 6424
6343 6424
6341 6346
6121 6329
6392 6376
6376 6366
6122 6332
6117 6332
6309 6122
6309 6332
6096 6410
6410 6318
6148 6326
6345 6424
6244 6392
6274 6286
6286 6123
6151 6326
6324 6323
6324 6154
6323 6154
6156 6324
6156 6154
6318 6288
6410 6288
6328 6350
6328 6354
6350 6354
6354 6348
6320 6291
6320 6293
6291 6293
6339 6386
6386 6130
6334 6388
6334 6300
6388 6300
6285 6319
6285 6125
6324 6328
6156 6328
6392 6292
6292 6376
6350 6346
6346 6354
6330 6309
6335 6330
6335 6309
6337 6334
6337 6300
6326 6334
6326 6337
6354 6359
6359 6356
6359 6348
6356 6348
6291 6340
6320 6340
6331 6347
6331 6351
6347 6351
6351 6338
6433 6335
6433 6309
6399 6392
6292 6399
6322 6319
6322 6278
6319 6278
6289 6322
6289 6278
6361 6359
6361 6354
6347 6323
6347 6353
6323 6353
6353 6351
6364 6330
6326 6360
6337 6360
6297 6346
6297 6424
6354 6297
6386 6382
6364 6335
6335 6201
6351 6357
6124 6288
6295 6124
6295 6288
6292 6401
6401 6400
6322 6136
6289 6136
6289 6135
6135 6287
6435 6360
6435 6337
6365 6360
6365 6435
6361 6297
6382 6329
6322 6138
6351 6250
6353 6250
6452 6355
6452 6352
6355 6352
6291 6355
6291 6452
6326 6375
6326 6161
6375 6161
6360 6375
6329 6386
6329 6302
6386 6302
6323 6362
6324 6362
6362 6353
6135 6123
6287 6123
6344 6367
6344 6368
6367 6368
6368 6345
6355 6340
6355 6358
6360 6369
6365 6369
6369 6375
6386 6396
6339 6396
6324 6348
6328 6348
6348 6362
6299 6124
6299 6295
6126 6299
6368 6127
6367 6127
6371 6368
6371 6127
6131 6371
6355 6363
6396 6316
6396 6290
6316 6290
6129 6299
6299 6301
6120 6403
6120 6400
6403 6400
6358 6363
6307 6369
6307 6365
6396 6302
6368 6305
6371 6305
6311 6134
6311 6312
6134 6312
6133 6134
6133 6311
6335 6378
6378 6201
6373 6371
6373 6131
6378 6315
6335 6315
6118 6375
6404 6120
6404 6167
6403 6404
6325 6316
6325 6128
6311 6280
6133 6280
6375 6132
6369 6132
6371 6379
6379 6305
6373 6379
6178 6379
6312 6129
6312 6301
6129 6301
6388 6378
6388 6315
6325 6290
6379 6384
6379 6475
6384 6475
6475 6305
6263 6402
6263 6146
6402 6146
6464 6349
6464 6372
6349 6372
6372 6370
6143 6378
6404 6405
6404 6303
6405 6303
6384 6178
6180 6384
6402 6117
6372 6352
6372 6374
6352 6374
6369 6381
6307 6381
6381 6132
6327 6325
6327 6128
6349 6352
6167 6405
6475 6390
6475 6314
6390 6314
6384 6390
6307 6464
6307 6370
6464 6370
6370 6381
6141 6402
6370 6380
6372 6380
6190 6384
6390 6190
6380 6377
6303 6406
6303 6306
6406 6306
6405 6406
6325 6294
6388 6143
6381 6385
6359 6275
6380 6374
6380 6383
6374 6383
6298 6141
6298 6296
6141 6296
6402 6298
6406 6172
6405 6172
6325 6333
6327 6333
6381 6377
6370 6377
6377 6385
6374 6363
6374 6389
6363 6389
6352 6363
6361 6275
6402 6332
6363 6145
6361 6276
6377 6393
6327 6336
6383 6389
6383 6147
6296 6329
6296 6436
6329 6436
6139 6336
6143 6334
6334 6148
6108 6310
6276 6310
6306 6321
6306 6308
6321 6308
6391 6387
6391 6140
6144 6391
6366 6336
6308 6320
6308 6293
6380 6393
6310 6313
6108 6313
6313 6268
6333 6294
6150 6383
6380 6150
6393 6150
6313 6411
6411 6314
6394 6391
6394 6144
6142 6394
6406 6407
6407 6306
6336 6304
6336 6333
6304 6333
6095 6390
6412 6390
6412 6314
6183 6406
6394 6232
6366 6304
6230 6393
6158 6230
6317 6158
6317 6230
6331 6394
6331 6232
6153 6331
6152 6317
6342 6152
6304 6376
6387 6395
6391 6395
6395 6149
6155 6342
6344 6155
6145 6358
6395 6238
6367 6155
6391 6397
6394 6397
6397 6395
6127 6155
6394 6338
6331 6338
6338 6397
6398 6156
6398 6158
6397 6266
6397 6238
6398 6317
6398 6341
6266 6338
6338 6357
6328 6398
6398 6350
6347 6153
6350 6341
6154 6347
6269 6414
6267 6414
6267 6418
6418 6414
6414 6416
6414 6415
6416 6415
6492 6419
6492 6417
6419 6417
6490 6416
6490 6494
6416 6494
6267 6277
6267 6497
6277 6497
6497 6418
6421 6490
6421 6494
6494 6495
6413 6497
6413 6417
6497 6417
6419 6420
6418 6416
6292 6463
6463 6376
6432 6337
6432 6300
6345 6428
6427 6484
6427 6439
6484 6439
6482 6484
6482 6427
6400 6463
6400 6292
6439 6485
6439 6452
6485 6452
6484 6485
6426 6309
6426 6332
6425 6426
6425 6332
6396 6444
6444 6302
6278 6491
6453 6439
6453 6457
6439 6457
6427 6453
6297 6428
6297 6451
6428 6451
6424 6428
6288 6490
6288 6421
6490 6415
6457 6452
6457 6352
6426 6433
6432 6435
6290 6444
6437 6438
6437 6422
6438 6422
6434 6437
6434 6422
6451 6310
6451 6361
6310 6361
6291 6485
6485 6293
6429 6290
6429 6294
6290 6294
6430 6446
6430 6449
6446 6449
6449 6432
6432 6430
6437 6400
6437 6403
6403 6438
6462 6428
6462 6345
6368 6462
6298 6425
6298 6332
6446 6482
6446 6427
6427 6449
6279 6419
6432 6459
6449 6459
6459 6435
6419 6280
6426 6465
6426 6504
6465 6504
6425 6465
6429 6441
6294 6441
6449 6453
6453 6459
6305 6462
6441 6440
6443 6403
6443 6404
6438 6443
6465 6466
6421 6295
6294 6445
6333 6445
6445 6441
6464 6457
6457 6349
6453 6464
6451 6462
6451 6471
6462 6471
6459 6365
6295 6495
6421 6495
6431 6295
6431 6495
6442 6436
6442 6302
6436 6302
6459 6464
6304 6445
6426 6468
6504 6468
6468 6433
6498 6431
6498 6495
6448 6431
6448 6498
6376 6445
6459 6307
6431 6299
6468 6470
6504 6470
6462 6475
6475 6471
6441 6456
6456 6455
6456 6440
6455 6440
6431 6301
6448 6301
6451 6473
6471 6473
6473 6310
6443 6460
6443 6450
6460 6450
6441 6458
6445 6458
6458 6456
6475 6473
6444 6429
6460 6404
6460 6303
6498 6420
6448 6420
6448 6312
6420 6312
6420 6311
6311 6419
6474 6460
6474 6467
6460 6467
6442 6444
6442 6447
6444 6447
6456 6434
6458 6434
6303 6467
6447 6429
6447 6440
6429 6440
6433 6483
6468 6483
6483 6315
6463 6458
6463 6445
6468 6477
6470 6477
6477 6483
6473 6313
6454 6298
6454 6296
6436 6454
6473 6314
6314 6313
6458 6437
6463 6437
6454 6442
6454 6461
6442 6461
6477 6509
6470 6509
6480 6477
6480 6509
6425 6454
6454 6465
6465 6461
6461 6466
6461 6447
6461 6469
6447 6469
6450 6474
6450 6423
6474 6423
6469 6440
6469 6455
6472 6423
6472 6478
6423 6478
6478 6476
6483 6487
6477 6487
6478 6474
6478 6479
6474 6479
6315 6486
6315 6300
6486 6300
6483 6486
6474 6481
6467 6481
6487 6486
6467 6306
6477 6488
6480 6488
6488 6487
6479 6481
6479 6308
6481 6308
6472 6488
6472 6480
6481 6306
6487 6489
6488 6489
6482 6478
6478 6484
6488 6476
6472 6476
6476 6489
6484 6479
6479 6485
6486 6432
6485 6308
6486 6430
6487 6430
6476 6482
6487 6446
6489 6446
6482 6489
6500 6494
6500 6416
6499 6495
6499 6494
6418 6500
6417 6496
6499 6500
6417 6420
6498 6496
6496 6420
6501 6496
6501 6498
6493 6499
6493 6500
6501 6499
6501 6493
6496 6493
6418 6493
6497 6493
6497 6496
6456 6502
6502 6455
6503 6422
6503 6450
6422 6450
6502 6466
6502 6469
6466 6469
6501 6495
6506 6504
6506 6466
6504 6466
6502 6508
6456 6508
6508 6505
6423 6503
6507 6503
6507 6423
6506 6502
6506 6505
6502 6505
6422 6443
6508 6434
6422 6508
6506 6509
6506 6470
6472 6507
6507 6508
6508 6503
6506 6507
6505 6507
6507 6509
6507 6480
