0.747923 0.095544 0.087684 0.068379 0.000470 
0.629986 0.103045 0.026108 0.201703 0.039157 
0.651705 0.133339 0.075301 0.114010 0.025645 
0.475889 0.267665 0.071017 0.092742 0.092688 
0.660829 0.068751 0.084705 0.167936 0.017779 
0.653646 0.035506 0.054291 0.241658 0.014899 
0.431338 0.233355 0.040645 0.152827 0.141836 
0.711055 0.059369 0.016164 0.210100 0.003313 
0.543128 0.209661 0.093048 0.095071 0.059093 
0.506120 0.188577 0.060689 0.161256 0.083357 
0.896555 0.072063 0.012163 0.000784 0.018435 
0.896274 0.072444 0.001841 0.026079 0.003361 
0.835463 0.011288 0.037749 0.029781 0.085719 
0.523176 0.188796 0.000413 0.216151 0.071463 
0.506703 0.131937 0.007293 0.002091 0.351976 
0.505081 0.075064 0.332872 0.086730 0.000253 
0.619996 0.026307 0.000594 0.337821 0.015282 
0.598264 0.232291 0.149909 0.019516 0.000020 
0.363589 0.407512 0.163676 0.011078 0.054145 
0.551109 0.095915 0.119331 0.195786 0.037860 
0.366524 0.302801 0.067888 0.121138 0.141649 
0.687797 0.104878 0.105077 0.095301 0.006947 
0.424995 0.057105 0.428358 0.042336 0.047206 
0.529800 0.034248 0.088137 0.308160 0.039655 
0.344150 0.256504 0.034728 0.189108 0.175509 
0.888784 0.003367 0.029192 0.000914 0.077743 
0.411660 0.201710 0.243068 0.020319 0.123243 
0.495677 0.118199 0.273704 0.082095 0.030325 
0.052590 0.711981 0.207173 0.012768 0.015487 
0.434176 0.110972 0.363763 0.025698 0.065391 
0.389056 0.358617 0.095148 0.047602 0.109577 
0.489243 0.151173 0.268361 0.040434 0.050789 
0.036509 0.743960 0.041535 0.135329 0.042668 
0.700627 0.149344 0.100551 0.046556 0.002923 
0.575457 0.177812 0.197862 0.017819 0.031050 
0.669960 0.103849 0.175437 0.049229 0.001525 
0.286906 0.480423 0.100522 0.088089 0.044060 
0.606467 0.297020 0.092250 0.002635 0.001627 
0.317927 0.478480 0.069357 0.000001 0.134235 
0.384874 0.493468 0.020365 0.002381 0.098912 
0.625268 0.000175 0.000984 0.060272 0.313301 
0.486691 0.067116 0.321516 0.107328 0.017350 
0.485752 0.201020 0.224009 0.068755 0.020465 
0.041100 0.902369 0.011984 0.041283 0.003264 
0.436351 0.100861 0.098522 0.301351 0.062915 
0.267926 0.559000 0.088785 0.004878 0.079412 
0.295457 0.061067 0.538328 0.105076 0.000071 
0.292309 0.294071 0.399453 0.008134 0.006032 
0.289700 0.421827 0.054389 0.056374 0.177709 
0.252082 0.424871 0.032660 0.073712 0.216674 
0.807832 0.079675 0.070178 0.042315 0.000000 
0.486218 0.186498 0.052384 0.188791 0.086110 
0.220147 0.300983 0.007052 0.203183 0.268635 
0.754967 0.067860 0.046294 0.084458 0.046420 
0.328675 0.008555 0.597997 0.027530 0.037243 
0.223079 0.005024 0.689927 0.063745 0.018225 
0.249153 0.198815 0.285855 0.265912 0.000264 
0.282393 0.026800 0.599483 0.091323 0.000000 
0.489223 0.090798 0.181648 0.174080 0.064251 
0.137720 0.620440 0.161922 0.079713 0.000204 
0.606232 0.072333 0.191310 0.128096 0.002028 
0.417886 0.122607 0.001803 0.228027 0.229678 
0.001267 0.734901 0.099456 0.058912 0.105464 
0.536927 0.001979 0.033014 0.397650 0.030430 
0.622857 0.068037 0.290878 0.014742 0.003486 
0.006786 0.420759 0.189433 0.365991 0.017031 
0.351944 0.003254 0.004489 0.051557 0.588757 
0.146650 0.382811 0.140672 0.114780 0.215087 
0.213300 0.480031 0.240181 0.063364 0.003124 
0.482463 0.112543 0.160991 0.209716 0.034288 
0.435710 0.426885 0.074962 0.000466 0.061977 
0.820229 0.089176 0.030621 0.054114 0.005860 
0.344636 0.397621 0.254114 0.000291 0.003338 
0.567151 0.165420 0.092835 0.139066 0.035528 
0.289254 0.244198 0.252991 0.208744 0.004813 
0.656403 0.000035 0.228754 0.114027 0.000781 
0.487452 0.030624 0.037207 0.053061 0.391656 
0.000861 0.657536 0.274513 0.055465 0.011625 
0.024401 0.335568 0.311351 0.280933 0.047746 
0.082181 0.463212 0.355137 0.042787 0.056683 
0.442928 0.253640 0.245480 0.042450 0.015502 
0.240624 0.390772 0.148750 0.002675 0.217180 
0.201271 0.245079 0.394102 0.145147 0.014402 
0.299558 0.139743 0.507545 0.028661 0.024492 
0.657973 0.005910 0.314032 0.002232 0.019854 
0.323979 0.126856 0.260625 0.271626 0.016914 
0.014165 0.809742 0.000667 0.021367 0.154059 
0.830151 0.049600 0.083822 0.032878 0.003550 
0.765476 0.078615 0.088541 0.015758 0.051611 
0.751470 0.010181 0.078459 0.065482 0.094408 
0.000369 0.147664 0.651608 0.200167 0.000192 
0.891006 0.004015 0.024662 0.005708 0.074609 
0.090830 0.743716 0.069689 0.045939 0.049826 
0.077556 0.877834 0.023193 0.004742 0.016675 
0.549926 0.216169 0.004209 0.004096 0.225600 
0.306279 0.376882 0.300933 0.008610 0.007296 
0.237647 0.678299 0.000003 0.013185 0.070865 
0.741040 0.107973 0.054629 0.094008 0.002350 
0.508210 0.175698 0.229917 0.058904 0.027271 
0.349566 0.413595 0.004781 0.078915 0.153144 
0.051908 0.162453 0.269510 0.515614 0.000515 
0.647180 0.182992 0.001817 0.136755 0.031256 
0.059465 0.727062 0.044080 0.111597 0.057796 
0.002991 0.008935 0.892626 0.021071 0.074376 
0.228294 0.722579 0.000001 0.049103 0.000023 
0.067680 0.368142 0.031199 0.524362 0.008617 
0.009282 0.451545 0.352062 0.129782 0.057328 
0.087294 0.228352 0.643942 0.000008 0.040405 
0.114646 0.630401 0.102890 0.080315 0.071749 
0.028508 0.692550 0.162015 0.002935 0.113992 
0.057026 0.092036 0.798261 0.008666 0.044012 
0.046716 0.562799 0.280479 0.005176 0.104830 
0.001609 0.275786 0.569158 0.153248 0.000199 
0.000629 0.021516 0.030347 0.946803 0.000704 
0.051588 0.045233 0.810608 0.071083 0.021489 
0.111419 0.479709 0.018352 0.020254 0.370266 
0.256729 0.683216 0.004051 0.039639 0.016365 
0.091652 0.132192 0.737535 0.025370 0.013251 
0.013134 0.414573 0.090779 0.477341 0.004173 
0.207943 0.009983 0.565358 0.049897 0.166818 
0.021270 0.319248 0.542728 0.004296 0.112458 
0.122808 0.720547 0.023393 0.000000 0.133252 
0.507385 0.319768 0.171172 0.001403 0.000271 
0.101949 0.004087 0.628281 0.130112 0.135570 
0.669356 0.000088 0.200494 0.098061 0.032002 
0.394180 0.036209 0.235427 0.314713 0.019471 
0.215456 0.097015 0.440889 0.246577 0.000064 
0.548738 0.090608 0.087645 0.239533 0.033475 
0.177938 0.082551 0.388806 0.286882 0.063824 
0.064569 0.553963 0.030141 0.343266 0.008060 
0.141357 0.198793 0.246488 0.401545 0.011818 
0.040862 0.224374 0.018790 0.054750 0.661224 
0.231270 0.261609 0.075573 0.000906 0.430642 
0.000102 0.780859 0.114503 0.001251 0.103284 
0.376464 0.120760 0.193935 0.000659 0.308183 
0.221159 0.013710 0.000206 0.170105 0.594820 
0.505407 0.199468 0.035805 0.009130 0.250190 
0.306553 0.257575 0.000096 0.371517 0.064259 
0.093600 0.186357 0.088072 0.299186 0.332784 
0.628269 0.071215 0.137610 0.003144 0.159762 
0.007904 0.742736 0.082754 0.166576 0.000030 
0.276141 0.006967 0.434624 0.080264 0.202003 
0.399588 0.050464 0.337401 0.039006 0.173541 
0.066470 0.266736 0.002496 0.513984 0.150314 
0.000005 0.269304 0.672127 0.051483 0.007082 
0.035018 0.668782 0.216346 0.058590 0.021264 
0.653571 0.020755 0.196897 0.057114 0.071663 
0.387746 0.106697 0.248272 0.170286 0.086998 
0.023614 0.557696 0.298584 0.002016 0.118091 
0.512289 0.012280 0.423071 0.039373 0.012986 
0.861054 0.014238 0.047350 0.008360 0.068998 
0.044150 0.050097 0.516865 0.377948 0.010941 
0.366487 0.289803 0.085853 0.257597 0.000259 
0.780059 0.155111 0.003440 0.059145 0.002245 
0.032900 0.565312 0.370570 0.025697 0.005521 
0.107387 0.003832 0.191931 0.418809 0.278040 
0.458255 0.169159 0.251598 0.120138 0.000850 
0.046616 0.336881 0.102872 0.499614 0.014017 
0.302304 0.000254 0.551622 0.088943 0.056877 
0.258357 0.059432 0.000588 0.193973 0.487651 
0.014277 0.088223 0.065864 0.004295 0.827340 
0.179855 0.427734 0.052653 0.024758 0.314999 
0.489915 0.327986 0.138701 0.002547 0.040851 
0.057376 0.023231 0.008233 0.032234 0.878925 
0.271399 0.073409 0.260848 0.197681 0.196663 
0.170323 0.550402 0.213594 0.030724 0.034957 
0.387130 0.321374 0.005487 0.125158 0.160849 
0.006489 0.156369 0.247102 0.147411 0.442628 
0.337902 0.002808 0.321547 0.124499 0.213243 
0.313786 0.002277 0.416649 0.266487 0.000800 
0.021407 0.056293 0.719492 0.202487 0.000320 
0.535685 0.028563 0.099534 0.058830 0.277387 
0.003016 0.149318 0.515143 0.318104 0.014420 
0.636671 0.002304 0.169684 0.154422 0.036919 
0.016092 0.179446 0.131457 0.004554 0.668451 
0.372751 0.096779 0.036862 0.003106 0.490502 
0.075628 0.060620 0.515114 0.070208 0.278431 
0.372799 0.039943 0.251147 0.302267 0.033843 
0.186350 0.518157 0.023808 0.169075 0.102610 
0.118978 0.018826 0.115728 0.718901 0.027567 
0.170224 0.357818 0.469286 0.002047 0.000624 
0.056975 0.086801 0.053226 0.702718 0.100281 
0.516767 0.050108 0.118551 0.164771 0.149802 
0.029212 0.758965 0.038453 0.152738 0.020633 
0.260556 0.374162 0.136634 0.207583 0.021066 
0.267161 0.323550 0.005683 0.355096 0.048510 
0.179258 0.730295 0.018140 0.069615 0.002692 
0.312511 0.005279 0.046571 0.067711 0.567928 
0.108149 0.442406 0.033226 0.403118 0.013101 
0.685322 0.003543 0.260870 0.000252 0.050013 
0.187560 0.116085 0.005739 0.682812 0.007805 
0.137582 0.253283 0.009943 0.011269 0.587924 
0.628342 0.005707 0.008857 0.354919 0.002175 
0.742206 0.087525 0.167600 0.001763 0.000905 
0.391704 0.109561 0.001488 0.444927 0.052320 
0.218530 0.284129 0.000005 0.141840 0.355495 
0.472138 0.308501 0.075792 0.069989 0.073580 
0.227719 0.077801 0.095971 0.034580 0.563930 
0.287842 0.662029 0.000184 0.002622 0.047323 
0.007595 0.187805 0.003314 0.000288 0.800998 
0.074462 0.174603 0.630929 0.093311 0.026694 
0.198809 0.206368 0.431478 0.139321 0.024024 
0.026798 0.337531 0.624272 0.006571 0.004827 
0.316381 0.303938 0.000126 0.379555 0.000000 
0.165051 0.397337 0.386258 0.049729 0.001625 
0.156932 0.013963 0.338453 0.465571 0.025082 
0.398484 0.181394 0.278754 0.070932 0.070435 
0.214333 0.076907 0.196610 0.508095 0.004054 
0.750478 0.067616 0.108747 0.068164 0.004995 
0.421773 0.312214 0.263514 0.001293 0.001206 
0.196595 0.199158 0.107437 0.432072 0.064738 
0.014368 0.061628 0.823820 0.000187 0.099997 
0.022019 0.239019 0.014957 0.723951 0.000054 
0.772003 0.003706 0.016889 0.157593 0.049808 
0.095511 0.782385 0.036027 0.026290 0.059787 
0.557937 0.003095 0.065454 0.236169 0.137345 
0.481941 0.000680 0.108191 0.200982 0.208207 
0.058924 0.450551 0.003987 0.302708 0.183830 
0.000562 0.499100 0.438164 0.037097 0.025077 
0.001515 0.395513 0.100203 0.036168 0.466600 
0.413134 0.368076 0.031272 0.185036 0.002483 
0.589412 0.353410 0.043902 0.005275 0.008002 
0.257335 0.518662 0.183856 0.008395 0.031752 
0.219996 0.001635 0.722019 0.007883 0.048468 
0.149504 0.624176 0.008096 0.007461 0.210762 
0.466659 0.397437 0.015864 0.044832 0.075207 
0.205318 0.556017 0.205035 0.033623 0.000006 
0.707357 0.003030 0.013607 0.118576 0.157430 
0.360808 0.023519 0.000062 0.569161 0.046450 
0.315955 0.055194 0.519586 0.001278 0.107987 
0.150210 0.000553 0.773936 0.013788 0.061514 
0.127073 0.027999 0.841477 0.000219 0.003232 
0.150418 0.011127 0.690342 0.136361 0.011752 
0.405883 0.055705 0.215114 0.235254 0.088043 
0.000362 0.616084 0.035344 0.312563 0.035647 
0.022755 0.931277 0.027191 0.000088 0.018689 
0.166479 0.180681 0.302219 0.328428 0.022193 
0.343965 0.001470 0.610568 0.040317 0.003680 
0.262223 0.103235 0.442408 0.185826 0.006307 
0.157660 0.793617 0.003984 0.043685 0.001054 
0.172897 0.626236 0.163540 0.000481 0.036846 
0.082433 0.035484 0.435422 0.406240 0.040421 
0.182327 0.008440 0.483084 0.209243 0.116906 
0.081207 0.324450 0.415806 0.178532 0.000005 
0.016761 0.453676 0.209186 0.318374 0.002002 
0.066227 0.059673 0.052707 0.796873 0.024521 
0.000489 0.654409 0.001959 0.301018 0.042125 
0.011549 0.051274 0.861971 0.074774 0.000433 
0.558189 0.122552 0.286186 0.033070 0.000003 
0.145880 0.732465 0.020210 0.001572 0.099875 
0.034937 0.192299 0.025334 0.675378 0.072051 
0.003942 0.461895 0.005659 0.369175 0.159330 
0.389799 0.166980 0.339629 0.071614 0.031980 
0.000487 0.371534 0.345479 0.157802 0.124700 
0.779499 0.146483 0.022242 0.027725 0.024050 
0.177072 0.365274 0.226953 0.010431 0.220269 
0.269719 0.048995 0.544915 0.073031 0.063339 
0.468103 0.240136 0.084781 0.063067 0.143913 
0.400102 0.388750 0.017554 0.016951 0.176642 
0.545017 0.018265 0.424666 0.007692 0.004359 
0.298229 0.345344 0.063518 0.266266 0.026644 
0.005025 0.159387 0.811715 0.017436 0.006437 
0.267075 0.011673 0.630416 0.084371 0.006465 
0.279991 0.108970 0.553831 0.055491 0.001716 
0.179789 0.035105 0.594834 0.188797 0.001475 
0.178288 0.314181 0.334998 0.171712 0.000820 
0.510547 0.005559 0.317708 0.158341 0.007844 
0.060155 0.032134 0.830176 0.059825 0.017710 
0.498231 0.013394 0.396360 0.009959 0.082056 
0.054072 0.001859 0.749836 0.159585 0.034648 
0.037490 0.027738 0.812340 0.117523 0.004909 
0.095153 0.000013 0.901046 0.003540 0.000247 
0.099070 0.817172 0.041910 0.033375 0.008473 
0.088127 0.053468 0.526088 0.280613 0.051704 
0.135960 0.532925 0.041105 0.238886 0.051124 
0.095789 0.002443 0.815028 0.033528 0.053211 
0.436692 0.029355 0.304519 0.222283 0.007150 
0.320170 0.038297 0.331344 0.186216 0.123973 
0.327716 0.063168 0.070372 0.426673 0.112072 
0.095830 0.689608 0.090249 0.045473 0.078840 
0.278685 0.007721 0.170610 0.363594 0.179391 
0.524877 0.065517 0.017254 0.245110 0.147243 
0.178429 0.004332 0.217649 0.542236 0.057355 
0.295164 0.009784 0.680989 0.005977 0.008085 
0.088607 0.009313 0.748133 0.096891 0.057056 
0.515898 0.005344 0.077150 0.306509 0.095099 
0.057993 0.361355 0.287259 0.251605 0.041788 
0.145372 0.014042 0.718594 0.110590 0.011402 
0.001196 0.579837 0.215445 0.033345 0.170176 
0.180798 0.127715 0.431941 0.238668 0.020878 
0.205158 0.191771 0.393483 0.201860 0.007728 
0.527606 0.160278 0.078266 0.102307 0.131543 
0.227676 0.152484 0.404623 0.000862 0.214354 
0.398892 0.139315 0.093731 0.349947 0.018115 
0.584923 0.000513 0.237842 0.035210 0.141511 
0.183422 0.527049 0.042968 0.010901 0.235660 
0.001209 0.282065 0.246336 0.204308 0.266081 
0.457259 0.015791 0.347129 0.177119 0.002702 
0.197524 0.619514 0.093177 0.002141 0.087643 
0.413449 0.173423 0.035184 0.243180 0.134764 
0.175932 0.118017 0.699907 0.004909 0.001235 
0.328838 0.092750 0.489527 0.059380 0.029505 
0.362921 0.000053 0.257247 0.372254 0.007525 
0.151884 0.178626 0.150987 0.489061 0.029441 
0.007324 0.206691 0.430878 0.214464 0.140644 
0.711778 0.002391 0.145963 0.079116 0.060753 
0.147499 0.111962 0.360747 0.340766 0.039026 
0.404401 0.250920 0.084410 0.189621 0.070648 
0.070386 0.103764 0.177161 0.646813 0.001875 
0.364198 0.139479 0.062761 0.427889 0.005673 
0.008187 0.533035 0.090025 0.189287 0.179466 
0.155511 0.221069 0.263520 0.294673 0.065226 
0.011957 0.238633 0.437728 0.229643 0.082040 
0.124560 0.202748 0.188912 0.477460 0.006320 
0.123501 0.450178 0.310910 0.113786 0.001625 
0.019302 0.216099 0.002944 0.139537 0.622118 
0.033208 0.048989 0.900211 0.014764 0.002829 
0.622689 0.074572 0.030161 0.229415 0.043163 
0.614500 0.239993 0.007083 0.136698 0.001727 
0.001384 0.102987 0.601757 0.109152 0.184720 
0.000435 0.269876 0.666900 0.047433 0.015356 
0.009821 0.386662 0.075011 0.438756 0.089751 
0.139232 0.009705 0.442319 0.285207 0.123536 
0.008157 0.360603 0.566013 0.040850 0.024377 
0.176755 0.308365 0.503778 0.000102 0.011000 
0.136815 0.392742 0.014432 0.447988 0.008022 
0.017807 0.096235 0.255141 0.626329 0.004487 
0.177132 0.013143 0.012111 0.000458 0.797156 
0.121538 0.076977 0.728475 0.028087 0.044923 
0.028960 0.313886 0.450263 0.201822 0.005069 
0.079034 0.810490 0.001280 0.037503 0.071694 
0.037374 0.000251 0.901935 0.006855 0.053585 
0.407187 0.203286 0.010526 0.221183 0.157819 
0.347460 0.123818 0.411361 0.115868 0.001493 
0.590292 0.081517 0.126297 0.088580 0.113313 
0.125017 0.013566 0.729779 0.079089 0.052549 
0.205745 0.556709 0.228696 0.008789 0.000062 
0.592450 0.108375 0.086199 0.117765 0.095210 
0.032683 0.035576 0.150218 0.656784 0.124739 
0.527460 0.090842 0.233393 0.032405 0.115900 
0.243322 0.330849 0.004112 0.132208 0.289508 
0.017943 0.309290 0.390062 0.207278 0.075427 
0.439914 0.122310 0.395710 0.041171 0.000895 
0.246693 0.231528 0.502714 0.000000 0.019065 
0.061863 0.172414 0.189179 0.571704 0.004839 
0.483637 0.492570 0.014205 0.001506 0.008082 
0.530325 0.221767 0.002224 0.240981 0.004702 
0.464885 0.079135 0.026014 0.005050 0.424915 
0.377441 0.031355 0.309294 0.281853 0.000058 
0.247576 0.121670 0.150934 0.432483 0.047338 
0.245743 0.335611 0.108060 0.301627 0.008959 
0.178046 0.423730 0.167118 0.230986 0.000120 
0.017470 0.905307 0.060769 0.006004 0.010450 
0.016749 0.867949 0.086655 0.012784 0.015862 
0.001261 0.092222 0.020824 0.740607 0.145086 
0.040077 0.535286 0.287762 0.131902 0.004973 
0.157574 0.479744 0.002521 0.294472 0.065689 
0.152741 0.286413 0.233464 0.301937 0.025444 
0.015872 0.909172 0.010730 0.042919 0.021307 
0.757873 0.100500 0.001328 0.103654 0.036645 
0.005393 0.853788 0.089080 0.002209 0.049529 
0.050950 0.194742 0.509091 0.137253 0.107964 
0.058844 0.478887 0.357721 0.063436 0.041111 
0.010239 0.366997 0.267967 0.091653 0.263144 
0.020820 0.416535 0.006530 0.554925 0.001190 
0.014864 0.706102 0.082393 0.102347 0.094293 
0.297474 0.405267 0.031583 0.143852 0.121825 
0.772335 0.000333 0.045434 0.176085 0.005813 
0.140736 0.300056 0.500579 0.050986 0.007644 
0.633794 0.344454 0.006315 0.014297 0.001139 
0.654714 0.113300 0.159594 0.014298 0.058094 
0.007863 0.590815 0.002233 0.314884 0.084204 
0.025407 0.624858 0.067065 0.265013 0.017657 
0.529578 0.077285 0.198244 0.136450 0.058443 
0.573972 0.029759 0.000161 0.393643 0.002465 
0.047297 0.353366 0.440089 0.140401 0.018848 
0.030392 0.675148 0.143239 0.012353 0.138867 
0.001147 0.010098 0.765300 0.009742 0.213712 
0.005553 0.759174 0.151183 0.027332 0.056758 
0.177939 0.137390 0.665767 0.015030 0.003874 
0.208273 0.002301 0.595099 0.069523 0.124804 
0.129779 0.004785 0.612810 0.161982 0.090644 
0.123902 0.034693 0.702150 0.104081 0.035175 
0.096246 0.228254 0.288919 0.386529 0.000052 
0.593495 0.371347 0.000850 0.024575 0.009734 
0.035798 0.355201 0.019425 0.579356 0.010219 
0.007440 0.063238 0.018972 0.835693 0.074656 
0.687940 0.020284 0.036764 0.072389 0.182623 
0.001047 0.735816 0.047459 0.214815 0.000864 
0.288310 0.008761 0.526469 0.155283 0.021177 
0.146069 0.175924 0.119057 0.513111 0.045838 
0.362939 0.006509 0.153108 0.454833 0.022610 
0.356968 0.205035 0.375836 0.060418 0.001742 
0.195538 0.199146 0.403940 0.177377 0.023999 
0.092320 0.585273 0.206058 0.103081 0.013268 
0.533087 0.216276 0.000175 0.246926 0.003535 
0.365204 0.081759 0.381260 0.169411 0.002367 
0.537118 0.054370 0.000069 0.004587 0.403856 
0.326826 0.129818 0.421884 0.057334 0.064139 
0.263932 0.230789 0.211121 0.272623 0.021535 
0.014531 0.753328 0.196410 0.029334 0.006397 
0.080276 0.517648 0.007107 0.232163 0.162806 
0.284543 0.492401 0.147506 0.000433 0.075117 
0.338996 0.066568 0.455243 0.134909 0.004284 
0.045314 0.046611 0.464797 0.443032 0.000246 
0.000167 0.657805 0.018942 0.295199 0.027887 
0.226670 0.060753 0.346217 0.341671 0.024689 
0.303490 0.093481 0.530708 0.069368 0.002953 
0.217724 0.534663 0.009920 0.099218 0.138476 
0.171838 0.091912 0.706438 0.018819 0.010992 
0.415526 0.009305 0.260146 0.179978 0.135045 
0.194335 0.624907 0.023038 0.002411 0.155310 
0.036596 0.613259 0.011933 0.161488 0.176726 
0.029830 0.660426 0.065712 0.004015 0.240017 
0.457302 0.031126 0.215386 0.270508 0.025678 
0.175253 0.612533 0.029372 0.164706 0.018136 
0.523017 0.002996 0.090759 0.334582 0.048645 
0.392804 0.011098 0.001272 0.582489 0.012337 
0.190702 0.416762 0.154607 0.050330 0.187599 
0.038470 0.689320 0.124253 0.111040 0.036917 
0.024566 0.070823 0.001565 0.721989 0.181058 
0.025693 0.690185 0.122339 0.006245 0.155537 
0.587708 0.091854 0.005176 0.294456 0.020806 
0.585695 0.201464 0.105341 0.081984 0.025515 
0.034646 0.069681 0.538941 0.000555 0.356176 
0.005052 0.432276 0.218137 0.050224 0.294311 
0.217291 0.251776 0.152207 0.004221 0.374504 
0.388397 0.206961 0.267746 0.130781 0.006115 
0.432883 0.313676 0.226730 0.017837 0.008874 
0.004217 0.442869 0.331378 0.094502 0.127034 
0.150960 0.250652 0.528102 0.061245 0.009040 
0.216204 0.312117 0.437904 0.000000 0.033775 
0.091294 0.411551 0.252045 0.124625 0.120485 
0.019891 0.258749 0.008020 0.681091 0.032250 
0.161340 0.128656 0.402963 0.240294 0.066746 
0.051376 0.380594 0.379412 0.053822 0.134797 
0.216714 0.371078 0.142673 0.004647 0.264889 
0.288091 0.308914 0.080924 0.316814 0.005257 
0.000003 0.231957 0.518556 0.145763 0.103720 
0.405249 0.390946 0.023537 0.055213 0.125056 
0.001466 0.162284 0.674367 0.018911 0.142972 
0.003806 0.147376 0.792009 0.052836 0.003972 
0.250603 0.622501 0.000211 0.102145 0.024540 
0.034538 0.385781 0.015728 0.071878 0.492075 
0.225604 0.552551 0.071864 0.002899 0.147082 
0.052792 0.925098 0.008065 0.003943 0.010101 
0.093955 0.581995 0.182245 0.135506 0.006299 
0.001349 0.860625 0.000000 0.128452 0.009574 
0.093516 0.003227 0.769373 0.036538 0.097346 
0.080595 0.401331 0.058506 0.437124 0.022443 
0.171500 0.361672 0.363387 0.090409 0.013033 
0.156322 0.323822 0.000513 0.147851 0.371491 
0.079430 0.188507 0.221445 0.484927 0.025691 
0.564176 0.184239 0.187449 0.021356 0.042780 
0.061536 0.047202 0.583078 0.109711 0.198473 
0.002469 0.413161 0.281261 0.302709 0.000399 
0.075825 0.138940 0.232707 0.446034 0.106494 
0.018819 0.168190 0.181041 0.002137 0.629813 
0.894727 0.049196 0.000069 0.055662 0.000346 
0.161821 0.002112 0.777414 0.017393 0.041261 
0.007630 0.943836 0.040771 0.007630 0.000133 
0.231802 0.192899 0.561724 0.010735 0.002840 
0.173786 0.001548 0.593439 0.123114 0.108113 
0.029760 0.860201 0.041308 0.033837 0.034894 
0.034441 0.103423 0.848210 0.007532 0.006395 
0.000161 0.000817 0.855488 0.080114 0.063420 
0.059322 0.677682 0.047774 0.117141 0.098082 
0.096699 0.181462 0.479822 0.216133 0.025884 
0.154925 0.100029 0.321613 0.394156 0.029277 
0.755227 0.029110 0.022919 0.078028 0.114716 
0.323208 0.266684 0.004933 0.035012 0.370163 
0.198356 0.019420 0.611266 0.040252 0.130706 
0.021267 0.004044 0.312025 0.660144 0.002521 
0.412953 0.427304 0.006674 0.149357 0.003712 
0.045111 0.037820 0.618576 0.277969 0.020524 
0.019095 0.340665 0.056673 0.146024 0.437544 
0.024487 0.890180 0.048773 0.002867 0.033693 
0.013615 0.391075 0.006809 0.287033 0.301467 
0.107407 0.199396 0.000001 0.459465 0.233730 
0.206679 0.003291 0.139015 0.614780 0.036234 
0.251665 0.026317 0.571082 0.101068 0.049868 
0.188784 0.069441 0.130898 0.604560 0.006318 
0.002357 0.060671 0.062509 0.515132 0.359331 
0.032227 0.196632 0.199118 0.293586 0.278437 
0.000413 0.000018 0.717331 0.267014 0.015225 
0.156865 0.096328 0.058585 0.053276 0.634946 
0.253252 0.088489 0.152788 0.031066 0.474405 
0.414118 0.501409 0.009074 0.067298 0.008101 
0.167692 0.296121 0.527720 0.005307 0.003160 
0.003967 0.092263 0.816191 0.004655 0.082924 
0.032522 0.010694 0.755635 0.149685 0.051464 
0.157963 0.314790 0.246124 0.244127 0.036995 
0.062453 0.763678 0.167198 0.001081 0.005590 
0.080288 0.803672 0.014942 0.004339 0.096759 
0.156708 0.163253 0.009373 0.026139 0.644527 
0.112158 0.602494 0.106883 0.003253 0.175212 
0.271353 0.009981 0.134989 0.542551 0.041125 
0.036922 0.000324 0.926456 0.012418 0.023879 
0.042184 0.124947 0.525714 0.243518 0.063638 
0.589233 0.102970 0.109553 0.133117 0.065128 
0.023688 0.659153 0.009935 0.177191 0.130033 
0.527033 0.109180 0.143064 0.174315 0.046406 
0.405206 0.131742 0.162904 0.280624 0.019524 
0.476960 0.028480 0.101745 0.157301 0.235514 
0.481271 0.240558 0.014416 0.172552 0.091203 
0.053116 0.118484 0.155406 0.672751 0.000243 
0.452105 0.029730 0.060722 0.236512 0.220931 
0.002750 0.947216 0.005871 0.036172 0.007991 
0.424285 0.197617 0.008469 0.092942 0.276687 
0.095604 0.040922 0.568428 0.293636 0.001410 
0.375154 0.117010 0.160293 0.345439 0.002103 
0.184254 0.000283 0.146607 0.635960 0.032896 
0.046710 0.055705 0.371007 0.502279 0.024299 
0.319651 0.002749 0.283909 0.313496 0.080196 
0.641643 0.151343 0.026931 0.134593 0.045489 
0.071928 0.004236 0.843697 0.004520 0.075619 
0.004885 0.051359 0.841473 0.052918 0.049365 
0.477888 0.125938 0.140476 0.222087 0.033611 
0.480826 0.152780 0.109007 0.216611 0.040775 
0.361092 0.381165 0.144779 0.001487 0.111478 
0.002056 0.171825 0.412312 0.403138 0.010669 
0.127143 0.125971 0.059254 0.687237 0.000395 
0.025401 0.208654 0.251327 0.422797 0.091821 
0.273073 0.081078 0.599912 0.009698 0.036239 
0.015538 0.066239 0.762021 0.101702 0.054501 
0.328592 0.003709 0.548032 0.118670 0.000998 
0.309001 0.060979 0.256357 0.342396 0.031267 
0.192428 0.001282 0.034682 0.671470 0.100138 
0.862839 0.010693 0.018961 0.019016 0.088491 
0.218070 0.129165 0.328943 0.323531 0.000290 
0.041731 0.849936 0.071647 0.000169 0.036518 
0.033872 0.017119 0.445065 0.394505 0.109439 
0.184839 0.535677 0.214727 0.020181 0.044576 
0.127193 0.281269 0.451212 0.137367 0.002959 
0.125593 0.005651 0.472550 0.381734 0.014472 
0.205056 0.000434 0.483069 0.252608 0.058832 
0.034879 0.502968 0.370278 0.041106 0.050768 
0.013390 0.470160 0.061877 0.210805 0.243769 
0.000061 0.016672 0.222125 0.741503 0.019639 
0.000873 0.342304 0.450576 0.201840 0.004407 
0.130602 0.700988 0.091249 0.000140 0.077020 
0.845039 0.053600 0.008619 0.045144 0.047598 
0.088063 0.460655 0.004900 0.234275 0.212107 
0.383916 0.045291 0.290402 0.202405 0.077986 
0.610454 0.156715 0.047887 0.140946 0.043998 
0.002765 0.354401 0.169243 0.064153 0.409439 
0.359810 0.076749 0.521112 0.021111 0.021219 
0.002079 0.996512 0.000017 0.000151 0.001242 
0.142173 0.045302 0.757377 0.026096 0.029053 
0.119275 0.295803 0.026731 0.444600 0.113591 
0.111389 0.088900 0.410763 0.231657 0.157292 
0.006350 0.148246 0.065950 0.443445 0.336009 
0.127728 0.000011 0.744361 0.094634 0.033265 
0.246275 0.424128 0.126174 0.188563 0.014861 
0.000003 0.970880 0.000109 0.024581 0.004428 
0.418797 0.176637 0.167317 0.211430 0.025819 
0.007474 0.305323 0.640133 0.027969 0.019102 
0.634334 0.074674 0.230571 0.040270 0.020151 
0.711474 0.094670 0.000045 0.108554 0.085257 
0.432704 0.050636 0.107845 0.353465 0.055349 
0.176530 0.053693 0.000251 0.411836 0.357690 
0.157020 0.257831 0.109109 0.136757 0.339283 
0.018592 0.514754 0.027394 0.263177 0.176082 
0.524413 0.000555 0.003175 0.471099 0.000757 
0.092259 0.136831 0.493229 0.276733 0.000947 
0.173557 0.080866 0.408677 0.320423 0.016476 
0.010430 0.380013 0.400836 0.006573 0.202148 
0.004673 0.524313 0.103867 0.362893 0.004254 
0.003242 0.130603 0.681069 0.170812 0.014274 
0.054678 0.699534 0.085211 0.106902 0.053675 
0.965877 0.007660 0.003003 0.015895 0.007565 
0.375167 0.392996 0.000675 0.156047 0.075114 
0.015765 0.216283 0.562981 0.052160 0.152812 
0.435383 0.393305 0.140133 0.000602 0.030577 
0.001963 0.911536 0.009359 0.008778 0.068364 
0.296614 0.155189 0.000305 0.406719 0.141172 
0.231085 0.517727 0.113067 0.000720 0.137402 
0.188971 0.020775 0.702515 0.029015 0.058723 
0.178653 0.127703 0.481991 0.211358 0.000295 
0.094137 0.705935 0.120945 0.077977 0.001007 
0.025446 0.933249 0.005951 0.000742 0.034612 
0.331800 0.218123 0.057999 0.382953 0.009124 
0.932629 0.004886 0.028801 0.022705 0.010979 
0.079485 0.170902 0.010280 0.605241 0.134092 
0.118614 0.485543 0.076406 0.003900 0.315538 
0.298627 0.003128 0.651929 0.005444 0.040871 
0.116272 0.706122 0.020382 0.001259 0.155964 
0.032225 0.499829 0.381264 0.013197 0.073485 
0.046482 0.029822 0.838431 0.072160 0.013105 
0.005367 0.885791 0.049498 0.054800 0.004545 
0.008452 0.003576 0.105829 0.695798 0.186345 
0.141450 0.016592 0.433444 0.379366 0.029147 
0.238085 0.455983 0.119304 0.036609 0.150019 
0.208873 0.566977 0.070637 0.129392 0.024120 
0.085206 0.742088 0.089133 0.083467 0.000105 
0.395842 0.125624 0.012685 0.193134 0.272716 
0.060992 0.853971 0.004586 0.030964 0.049487 
0.011012 0.838890 0.014610 0.005347 0.130142 
0.055735 0.033249 0.103075 0.769153 0.038788 
0.039487 0.382545 0.264168 0.008474 0.305326 
0.797917 0.149140 0.018996 0.000087 0.033859 
0.032345 0.060925 0.029038 0.851906 0.025785 
0.182548 0.008516 0.804165 0.002951 0.001819 
0.492152 0.302240 0.000717 0.167498 0.037394 
0.011817 0.275383 0.576511 0.060255 0.076033 
0.136353 0.017454 0.840325 0.000827 0.005041 
0.195679 0.344350 0.047183 0.412510 0.000279 
0.058448 0.167259 0.652397 0.115405 0.006491 
0.001631 0.082505 0.378913 0.471307 0.065644 
0.421596 0.066431 0.000439 0.414340 0.097194 
0.019509 0.148265 0.155875 0.616489 0.059862 
0.200392 0.148055 0.051712 0.550101 0.049740 
0.064491 0.312529 0.408852 0.214003 0.000125 
0.072585 0.142476 0.136502 0.648234 0.000203 
0.004440 0.007495 0.072805 0.859668 0.055592 
0.191172 0.335951 0.447548 0.007216 0.018113 
0.045491 0.000155 0.202971 0.271221 0.480162 
0.197403 0.081779 0.577641 0.139734 0.003443 
0.097786 0.536139 0.212912 0.091966 0.061197 
0.002427 0.731055 0.136539 0.058089 0.071890 
0.130563 0.286707 0.343511 0.012042 0.227177 
0.455003 0.362483 0.019326 0.046641 0.116547 
0.264234 0.617352 0.023344 0.001448 0.093622 
0.130980 0.123861 0.729523 0.006409 0.009227 
0.000370 0.791217 0.007196 0.130835 0.070381 
0.037655 0.288338 0.004932 0.453653 0.215423 
0.568623 0.069771 0.132072 0.222232 0.007302 
0.438260 0.008729 0.000660 0.526926 0.025426 
0.617341 0.148648 0.024667 0.151935 0.057409 
0.616313 0.080616 0.000857 0.252321 0.049893 
0.692397 0.006592 0.166680 0.079448 0.054882 
0.055927 0.088883 0.852230 0.002247 0.000712 
0.342187 0.204964 0.094708 0.346474 0.011666 
0.315386 0.099753 0.233474 0.340057 0.011330 
0.015660 0.023041 0.316584 0.585108 0.059607 
0.289500 0.000188 0.037781 0.592263 0.080269 
0.032999 0.454297 0.174317 0.117163 0.221224 
0.023190 0.547676 0.010147 0.329868 0.089119 
0.000251 0.862973 0.090805 0.026123 0.019848 
0.186030 0.378025 0.026972 0.322270 0.086703 
0.010317 0.089956 0.556216 0.205837 0.137674 
0.001926 0.535893 0.035797 0.411976 0.014407 
0.431177 0.226590 0.010921 0.203794 0.127519 
0.011525 0.399994 0.153330 0.326358 0.108793 
0.689506 0.000432 0.221289 0.084528 0.004245 
0.030441 0.134917 0.658773 0.165919 0.009950 
0.009620 0.419179 0.336045 0.160549 0.074607 
0.410763 0.013291 0.401373 0.174345 0.000228 
0.321411 0.004385 0.005590 0.484532 0.184083 
0.000001 0.283384 0.000121 0.715756 0.000738 
0.031364 0.046270 0.850238 0.056114 0.016014 
0.060796 0.633770 0.286681 0.004850 0.013903 
0.277412 0.232254 0.311162 0.178707 0.000465 
0.011578 0.042331 0.473586 0.459707 0.012797 
0.544146 0.382264 0.052070 0.000375 0.021146 
0.006088 0.861439 0.025109 0.000358 0.107007 
0.001255 0.087084 0.168365 0.731080 0.012216 
0.176620 0.196236 0.050711 0.431333 0.145100 
0.351648 0.543147 0.000094 0.017250 0.087860 
0.005835 0.717435 0.000067 0.236366 0.040297 
0.061810 0.797749 0.095544 0.002353 0.042544 
0.051664 0.261320 0.258845 0.043058 0.385114 
0.335420 0.238427 0.000072 0.426047 0.000035 
0.007797 0.119143 0.120210 0.702330 0.050520 
0.123426 0.380998 0.424937 0.008784 0.061855 
0.207747 0.514279 0.175672 0.092899 0.009403 
0.051131 0.026440 0.492763 0.307309 0.122357 
0.108912 0.581372 0.102397 0.011075 0.196243 
0.180641 0.326999 0.014007 0.253534 0.224819 
0.230296 0.197292 0.298295 0.081442 0.192675 
0.319607 0.277756 0.190996 0.211280 0.000361 
0.138023 0.344153 0.350865 0.031782 0.135178 
0.001549 0.072049 0.070515 0.671623 0.184264 
0.040925 0.648331 0.103984 0.186613 0.020147 
0.005235 0.223422 0.689098 0.082238 0.000007 
0.005082 0.075306 0.420214 0.489971 0.009427 
0.144445 0.020969 0.416350 0.143933 0.274303 
0.041190 0.044026 0.901752 0.004405 0.008628 
0.053347 0.436192 0.274055 0.110993 0.125414 
0.276570 0.446997 0.000280 0.252577 0.023576 
0.066126 0.037659 0.613538 0.023424 0.259253 
0.501696 0.290526 0.180133 0.005821 0.021823 
0.148132 0.019439 0.650585 0.148033 0.033810 
0.488360 0.192604 0.049560 0.196454 0.073022 
0.279968 0.074749 0.172008 0.117215 0.356061 
0.052130 0.075447 0.233341 0.638111 0.000971 
0.389167 0.216695 0.061636 0.307228 0.025274 
0.000808 0.013241 0.091349 0.652994 0.241608 
0.401410 0.216657 0.003204 0.371559 0.007171 
0.013496 0.263958 0.603649 0.055025 0.063872 
0.145331 0.813516 0.010971 0.009128 0.021054 
0.435367 0.056121 0.411007 0.070347 0.027157 
0.566004 0.071229 0.047149 0.002196 0.313421 
0.406665 0.218394 0.256017 0.028097 0.090826 
0.213056 0.594489 0.067249 0.124589 0.000617 
0.052922 0.706281 0.240130 0.000291 0.000376 
0.000149 0.300300 0.386443 0.197829 0.115279 
0.006395 0.007543 0.826031 0.141019 0.019012 
0.018729 0.796719 0.142043 0.000933 0.041576 
0.029877 0.169489 0.715532 0.016367 0.068736 
0.070764 0.811248 0.044752 0.000054 0.073183 
0.034999 0.519939 0.268673 0.000108 0.176281 
0.202093 0.388828 0.369962 0.027042 0.012075 
0.079284 0.348557 0.407872 0.066903 0.097385 
0.123860 0.198284 0.521082 0.033477 0.123298 
0.061123 0.023803 0.628818 0.094734 0.191523 
0.152010 0.000654 0.815425 0.013596 0.018315 
0.309729 0.082273 0.021058 0.586856 0.000084 
0.375083 0.516387 0.010752 0.030337 0.067440 
0.037131 0.007266 0.026710 0.864518 0.064375 
0.157876 0.049294 0.107966 0.625048 0.059816 
0.035847 0.014622 0.588050 0.197528 0.163953 
0.092371 0.086560 0.231105 0.454927 0.135037 
0.142960 0.685469 0.057368 0.094226 0.019976 
0.025174 0.000250 0.964221 0.010339 0.000016 
0.645176 0.225429 0.010142 0.020632 0.098622 
0.024040 0.712229 0.169727 0.080180 0.013824 
0.004667 0.309157 0.670819 0.015340 0.000016 
0.370367 0.378888 0.080698 0.000583 0.169463 
0.419405 0.066482 0.464711 0.048350 0.001051 
0.048947 0.002594 0.307711 0.482808 0.157939 
0.279834 0.400974 0.250854 0.007845 0.060494 
0.049849 0.028151 0.083072 0.825269 0.013658 
0.047917 0.040459 0.014974 0.825628 0.071022 
0.027111 0.322305 0.320002 0.330295 0.000287 
0.002262 0.289425 0.231372 0.028095 0.448846 
0.003337 0.224516 0.150569 0.579742 0.041836 
0.000588 0.015825 0.000247 0.115556 0.867783 
0.495672 0.343765 0.021054 0.045134 0.094375 
0.058539 0.695737 0.147684 0.095354 0.002687 
0.176504 0.353794 0.286351 0.073708 0.109643 
0.221607 0.157624 0.028457 0.589854 0.002459 
0.127138 0.644051 0.142594 0.060918 0.025300 
0.045491 0.922422 0.006309 0.006880 0.018898 
0.108697 0.556751 0.297626 0.008327 0.028599 
0.122590 0.672137 0.163965 0.030810 0.010497 
0.245699 0.388142 0.000969 0.275953 0.089236 
0.011058 0.651992 0.067994 0.010823 0.258133 
0.007688 0.519531 0.283639 0.183805 0.005336 
0.034825 0.833802 0.066630 0.043676 0.021067 
0.243049 0.614078 0.092731 0.007584 0.042558 
0.003905 0.471809 0.383484 0.086090 0.054711 
0.479321 0.426090 0.088335 0.002206 0.004048 
0.041546 0.875897 0.000390 0.025794 0.056372 
0.437980 0.505439 0.002089 0.004880 0.049613 
0.164998 0.445359 0.089732 0.299116 0.000795 
0.159416 0.648976 0.050624 0.046427 0.094557 
0.004663 0.153289 0.223914 0.601769 0.016365 
0.498822 0.029364 0.462562 0.007982 0.001270 
0.097369 0.382968 0.346360 0.168692 0.004611 
0.034050 0.000807 0.322850 0.213703 0.428591 
0.001405 0.366785 0.536031 0.087839 0.007941 
0.054139 0.105341 0.755582 0.078233 0.006704 
0.200866 0.326373 0.263743 0.042417 0.166602 
0.005662 0.028280 0.689579 0.263523 0.012956 
0.282773 0.415015 0.099719 0.179149 0.023344 
0.029439 0.007031 0.619557 0.341016 0.002957 
0.585175 0.005658 0.039187 0.241674 0.128305 
0.305703 0.086876 0.007183 0.595855 0.004383 
0.024903 0.828938 0.051414 0.068823 0.025921 
0.311818 0.246335 0.074475 0.010518 0.356855 
0.518170 0.055926 0.000081 0.055915 0.369907 
0.665887 0.047535 0.005404 0.256997 0.024176 
0.053624 0.782369 0.133462 0.030397 0.000149 
0.108688 0.064832 0.528850 0.248967 0.048663 
0.162254 0.434493 0.058600 0.028190 0.316464 
0.067585 0.249620 0.280139 0.330812 0.071844 
0.745069 0.026621 0.180646 0.041429 0.006236 
0.001812 0.518315 0.247617 0.228299 0.003957 
0.029005 0.000869 0.894135 0.048244 0.027747 
0.002419 0.009954 0.384355 0.601878 0.001394 
0.575645 0.144072 0.066978 0.123374 0.089931 
0.528307 0.048749 0.095675 0.144990 0.182280 
0.011107 0.050183 0.028699 0.898103 0.011908 
0.516151 0.021894 0.271444 0.029630 0.160882 
0.569162 0.146531 0.000352 0.249271 0.034684 
0.261671 0.038501 0.191733 0.508007 0.000088 
0.048335 0.491706 0.231652 0.177832 0.050474 
0.475078 0.194808 0.043570 0.206397 0.080146 
0.522259 0.174834 0.065776 0.092206 0.144925 
0.007495 0.567899 0.261593 0.000848 0.162165 
0.429246 0.283199 0.004626 0.132748 0.150181 
0.209142 0.548563 0.099412 0.095632 0.047251 
0.919051 0.035955 0.012257 0.028002 0.004734 
0.017067 0.019948 0.940837 0.021849 0.000298 
0.546764 0.003521 0.150826 0.074506 0.224383 
0.495575 0.101960 0.180160 0.104479 0.117826 
0.179438 0.067314 0.681971 0.067650 0.003626 
0.062211 0.494797 0.322835 0.106693 0.013463 
0.324997 0.000456 0.598254 0.071351 0.004941 
0.505343 0.136378 0.023862 0.332784 0.001633 
0.020564 0.399768 0.130117 0.444306 0.005244 
0.300460 0.371419 0.114090 0.062306 0.151725 
0.032528 0.553965 0.169362 0.231202 0.012943 
0.259574 0.425942 0.122144 0.045314 0.147026 
0.331330 0.342411 0.068683 0.215231 0.042346 
0.232608 0.489755 0.104717 0.106528 0.066393 
0.135761 0.620841 0.118301 0.074890 0.050207 
0.384566 0.319840 0.002448 0.075966 0.217179 
0.753207 0.171324 0.003153 0.070881 0.001435 
0.528104 0.137220 0.115270 0.086206 0.133200 
0.450195 0.230962 0.051405 0.178913 0.088525 
0.012031 0.041283 0.658196 0.185244 0.103246 
0.572944 0.026726 0.142507 0.216616 0.041207 
0.396179 0.270973 0.057938 0.202738 0.072172 
0.429867 0.078234 0.236784 0.178985 0.076129 
0.390537 0.073398 0.272377 0.174305 0.089383 
0.185774 0.289767 0.267944 0.249845 0.006671 
0.039483 0.697115 0.040038 0.223282 0.000083 
0.349788 0.191487 0.034067 0.264186 0.160472 
0.397852 0.269924 0.075890 0.116738 0.139596 
0.160340 0.503514 0.112396 0.010918 0.212831 
0.406026 0.274159 0.061019 0.160102 0.098694 
0.310506 0.094634 0.294835 0.284710 0.015315 
0.032856 0.000063 0.835004 0.014055 0.118023 
0.082045 0.781760 0.045426 0.071930 0.018839 
0.612399 0.100967 0.003213 0.064793 0.218628 
0.342718 0.351163 0.086356 0.106079 0.113684 
0.006407 0.290283 0.683790 0.003446 0.016075 
0.319123 0.378480 0.080925 0.149899 0.071573 
0.464157 0.347305 0.015477 0.133120 0.039941 
0.340687 0.470434 0.000078 0.060534 0.128266 
0.237412 0.472744 0.109199 0.073847 0.106798 
0.183878 0.544168 0.125697 0.066562 0.079695 
0.005136 0.444034 0.090675 0.221899 0.238256 
0.501644 0.186039 0.050889 0.053499 0.207929 
0.438605 0.237989 0.063270 0.143752 0.116383 
0.020946 0.388757 0.382286 0.194769 0.013242 
0.165959 0.623954 0.028141 0.000821 0.181125 
0.439421 0.189493 0.040516 0.242446 0.088123 
0.072800 0.789189 0.055799 0.059417 0.022796 
0.569977 0.165250 0.001732 0.027092 0.235949 
0.439996 0.072160 0.242514 0.083603 0.161727 
0.008721 0.900864 0.080313 0.010099 0.000004 
0.108025 0.321518 0.029336 0.337100 0.204022 
0.735031 0.011703 0.008673 0.150053 0.094540 
0.479183 0.362703 0.148523 0.000974 0.008617 
0.167498 0.702526 0.027989 0.100681 0.001307 
0.013702 0.047791 0.844645 0.076802 0.017061 
0.411553 0.238798 0.080864 0.103328 0.165457 
0.321983 0.244097 0.432883 0.000991 0.000046 
0.984276 0.004133 0.008255 0.000008 0.003328 
0.231579 0.056032 0.333622 0.369119 0.009648 
0.010065 0.005208 0.391831 0.547427 0.045470 
0.322799 0.310488 0.112750 0.046565 0.207398 
0.310654 0.073384 0.196614 0.415693 0.003655 
0.387004 0.008547 0.460678 0.108130 0.035641 
0.405417 0.413190 0.058109 0.043598 0.079687 
0.215990 0.381320 0.170351 0.009993 0.222346 
0.381004 0.240477 0.051894 0.304571 0.022053 
0.035133 0.522079 0.222316 0.199217 0.021256 
0.824289 0.000738 0.047628 0.061742 0.065602 
0.000049 0.004496 0.914529 0.039095 0.041831 
0.173056 0.158129 0.411671 0.257060 0.000083 
0.086205 0.815338 0.051085 0.030143 0.017229 
0.502602 0.086154 0.370636 0.027602 0.013006 
0.000507 0.289982 0.587668 0.008862 0.112981 
0.262741 0.549785 0.000103 0.000619 0.186753 
0.009449 0.002494 0.654752 0.211212 0.122093 
0.238799 0.183131 0.045392 0.097949 0.434729 
0.000227 0.382450 0.130632 0.156961 0.329730 
0.143664 0.448452 0.193070 0.001423 0.213391 
0.671553 0.054579 0.000949 0.217366 0.055552 
0.371483 0.101476 0.051329 0.429003 0.046710 
0.457765 0.203871 0.054200 0.171841 0.112323 
0.355856 0.433371 0.031060 0.014597 0.165116 
0.210534 0.495241 0.097739 0.052302 0.144185 
0.002093 0.005877 0.702365 0.002400 0.287265 
0.196612 0.160802 0.009577 0.340429 0.292580 
0.416478 0.269803 0.000633 0.054921 0.258164 
0.042889 0.000186 0.632938 0.049160 0.274827 
0.439493 0.203649 0.043543 0.247311 0.066003 
0.124629 0.021598 0.121584 0.651810 0.080379 
0.413611 0.067596 0.273674 0.123287 0.121832 
0.069338 0.025961 0.857812 0.031161 0.015728 
0.354837 0.082022 0.295053 0.227674 0.040414 
0.413820 0.258285 0.090561 0.001291 0.236042 
0.726987 0.145395 0.063454 0.000308 0.063855 
0.005849 0.793561 0.093776 0.106462 0.000352 
0.008942 0.570455 0.254770 0.165795 0.000037 
0.357340 0.258482 0.049440 0.301542 0.033195 
0.333916 0.438198 0.056006 0.078254 0.093627 
0.037782 0.740778 0.138433 0.030292 0.052715 
0.288813 0.551501 0.150833 0.008851 0.000002 
0.002148 0.330264 0.471181 0.041420 0.154987 
0.220380 0.311591 0.027825 0.210743 0.229460 
0.149339 0.001536 0.772271 0.038216 0.038638 
0.946592 0.008197 0.005025 0.014326 0.025861 
0.068946 0.022452 0.553801 0.354801 0.000000 
0.526734 0.005486 0.033270 0.211878 0.222632 
0.530177 0.023481 0.001386 0.323440 0.121517 
0.290246 0.315837 0.252075 0.141368 0.000473 
0.108137 0.400798 0.363720 0.088623 0.038723 
0.326381 0.003311 0.043550 0.291031 0.335727 
0.014240 0.187993 0.741407 0.000100 0.056260 
0.367827 0.112845 0.000479 0.013444 0.505405 
0.189267 0.036454 0.531619 0.198391 0.044270 
0.064033 0.568988 0.106030 0.229163 0.031787 
0.361464 0.312121 0.007131 0.313574 0.005709 
0.032490 0.103733 0.813007 0.007360 0.043409 
0.100951 0.437795 0.081582 0.275508 0.104164 
0.261993 0.009876 0.084778 0.039005 0.604348 
0.028303 0.161760 0.668159 0.006927 0.134850 
0.190810 0.102005 0.008605 0.683565 0.015014 
0.032298 0.878991 0.000356 0.051743 0.036611 
0.202212 0.289506 0.496956 0.009983 0.001343 
0.458657 0.372673 0.136199 0.027169 0.005302 
0.438918 0.009319 0.406548 0.027325 0.117890 
0.716304 0.191279 0.031314 0.058681 0.002422 
0.158876 0.466650 0.153622 0.175717 0.045136 
0.142603 0.045034 0.744669 0.064586 0.003107 
0.019362 0.874554 0.075642 0.000001 0.030441 
0.006415 0.712434 0.023317 0.032627 0.225207 
0.952832 0.019230 0.016839 0.010804 0.000296 
0.468113 0.012264 0.001685 0.286806 0.231131 
0.321317 0.010914 0.029538 0.543214 0.095017 
0.070776 0.059114 0.443997 0.336466 0.089648 
0.312652 0.127404 0.212868 0.338747 0.008329 
0.013725 0.609559 0.267252 0.061230 0.048233 
0.519441 0.000917 0.214691 0.264884 0.000067 
0.000024 0.322382 0.441159 0.012287 0.224147 
0.128316 0.253323 0.595726 0.002537 0.020098 
0.411997 0.208610 0.000950 0.350235 0.028209 
0.059303 0.212570 0.424699 0.268802 0.034626 
0.093562 0.331750 0.432364 0.028841 0.113483 
0.001356 0.943871 0.010987 0.043324 0.000462 
0.051674 0.872480 0.024889 0.010092 0.040865 
0.003525 0.544930 0.383226 0.000056 0.068263 
0.023664 0.471278 0.243709 0.035759 0.225589 
0.048752 0.915328 0.014914 0.013330 0.007676 
0.722991 0.001613 0.003418 0.242485 0.029493 
0.021452 0.441992 0.377751 0.014659 0.144145 
0.364710 0.002306 0.027706 0.599832 0.005446 
0.003562 0.171676 0.457472 0.228178 0.139112 
0.046489 0.049303 0.309545 0.481672 0.112991 
0.143553 0.650415 0.178923 0.011847 0.015262 
0.042753 0.894155 0.014445 0.016662 0.031984 
0.000012 0.948832 0.006672 0.037776 0.006708 
0.631010 0.062855 0.283023 0.002971 0.020142 
0.093647 0.047884 0.683672 0.117006 0.057790 
0.159693 0.019169 0.092358 0.728397 0.000382 
0.320168 0.107964 0.318013 0.204239 0.049616 
0.183562 0.000066 0.429663 0.364340 0.022370 
0.207526 0.046895 0.217142 0.496580 0.031857 
0.087854 0.014824 0.696775 0.121082 0.079465 
0.487302 0.000159 0.000018 0.339409 0.173112 
0.000721 0.411133 0.053722 0.039370 0.495054 
0.030459 0.632445 0.183932 0.152855 0.000310 
0.137558 0.049470 0.518667 0.101146 0.193159 
0.726748 0.005301 0.011117 0.003915 0.252919 
0.053845 0.127301 0.769000 0.008318 0.041537 
0.798968 0.098776 0.045110 0.005181 0.051966 
0.012036 0.571322 0.092970 0.323607 0.000066 
0.476491 0.020723 0.395562 0.000815 0.106409 
0.016964 0.371049 0.241591 0.363190 0.007205 
0.005977 0.012315 0.207270 0.735912 0.038527 
0.061066 0.634149 0.162287 0.025247 0.117251 
0.319983 0.156102 0.487024 0.007560 0.029330 
0.073614 0.459941 0.367119 0.000735 0.098591 
0.025941 0.505544 0.305047 0.116371 0.047096 
0.014932 0.067490 0.681406 0.234969 0.001204 
0.018936 0.258996 0.385817 0.317091 0.019161 
0.121693 0.005584 0.329513 0.459205 0.084004 
0.070206 0.139526 0.066913 0.720383 0.002972 
0.000788 0.363526 0.296018 0.044160 0.295507 
0.048263 0.011926 0.412746 0.421966 0.105099 
0.044972 0.006209 0.308405 0.574272 0.066142 
0.046201 0.365943 0.180828 0.390133 0.016894 
0.000014 0.311707 0.584431 0.100678 0.003171 
0.229544 0.507152 0.242060 0.000799 0.020447 
0.122506 0.306058 0.002810 0.535618 0.033007 
0.182307 0.196337 0.000328 0.343871 0.277156 
0.464358 0.359650 0.153970 0.008666 0.013356 
0.028795 0.340688 0.520417 0.037632 0.072469 
0.000937 0.004845 0.979015 0.002005 0.013198 
0.052774 0.463825 0.022508 0.322029 0.138864 
0.021788 0.250929 0.276251 0.446179 0.004853 
0.054038 0.151179 0.766990 0.004367 0.023426 
0.230516 0.398783 0.008805 0.255691 0.106205 
0.130566 0.061371 0.708851 0.072743 0.026469 
0.461099 0.107367 0.121441 0.307516 0.002576 
0.024732 0.015441 0.085308 0.873617 0.000902 
0.232275 0.108885 0.581219 0.045190 0.032430 
0.001360 0.665650 0.025469 0.213639 0.093882 
0.883332 0.021964 0.030749 0.015887 0.048068 
0.102279 0.028674 0.080643 0.040822 0.747582 
0.212032 0.240542 0.426663 0.117824 0.002939 
0.022479 0.510484 0.061182 0.293369 0.112486 
0.483157 0.055505 0.004420 0.384070 0.072849 
0.121115 0.031875 0.262988 0.019155 0.564867 
0.373471 0.132969 0.190206 0.048773 0.254581 
0.001018 0.923968 0.057299 0.009448 0.008267 
0.008385 0.948742 0.000779 0.041840 0.000255 
0.075417 0.554976 0.008400 0.361198 0.000010 
0.008603 0.008307 0.862301 0.046711 0.074078 
0.224807 0.276459 0.084411 0.088011 0.326312 
0.000132 0.009166 0.638263 0.347612 0.004827 
0.327332 0.181354 0.306702 0.184612 0.000000 
0.053613 0.008953 0.805344 0.126256 0.005835 
0.008356 0.080527 0.541348 0.009780 0.359989 
0.031169 0.647848 0.162395 0.150773 0.007815 
0.104722 0.373589 0.031313 0.476444 0.013932 
0.055742 0.539869 0.008737 0.345248 0.050403 
0.000169 0.236096 0.033510 0.693691 0.036535 
0.067534 0.872359 0.001148 0.020336 0.038622 
0.062650 0.508144 0.001011 0.018836 0.409360 
0.013071 0.573293 0.072799 0.186897 0.153940 
0.008602 0.058006 0.084487 0.005813 0.843092 
0.009284 0.212073 0.525633 0.242428 0.010581 
0.374474 0.122699 0.101893 0.021094 0.379840 
0.301966 0.453009 0.000171 0.041269 0.203585 
0.415152 0.178051 0.005332 0.085834 0.315630 
0.026278 0.000086 0.356441 0.163319 0.453875 
0.325953 0.000327 0.037377 0.603839 0.032504 
0.215679 0.319595 0.000381 0.001517 0.462827 
0.079866 0.402661 0.078256 0.000124 0.439093 
0.067107 0.594766 0.001622 0.245424 0.091081 
0.972009 0.004513 0.006511 0.013018 0.003949 
0.626207 0.011964 0.035079 0.325134 0.001617 
0.042890 0.383924 0.000984 0.444648 0.127554 
0.440598 0.011212 0.091067 0.313484 0.143640 
0.405276 0.287976 0.017366 0.277896 0.011486 
0.223615 0.150147 0.613584 0.001531 0.011123 
0.253706 0.004085 0.430918 0.092704 0.218586 
0.072427 0.171428 0.001662 0.750868 0.003615 
0.125083 0.024114 0.639125 0.180602 0.031075 
0.009715 0.684819 0.012268 0.249633 0.043564 
0.052432 0.813058 0.014085 0.077828 0.042597 
0.846402 0.087695 0.051720 0.014166 0.000018 
0.051807 0.074220 0.119670 0.350694 0.403609 
0.570902 0.053600 0.092341 0.073749 0.209408 
0.143971 0.532722 0.187845 0.025896 0.109567 
0.124942 0.000011 0.443631 0.263765 0.167651 
0.336028 0.154406 0.256228 0.075797 0.177540 
0.057154 0.822963 0.025288 0.040005 0.054591 
0.701983 0.031465 0.002219 0.213405 0.050928 
0.005972 0.631388 0.102834 0.141300 0.118507 
0.480408 0.056016 0.072625 0.202378 0.188573 
0.078304 0.116148 0.738324 0.008427 0.058797 
0.273488 0.223286 0.103319 0.349766 0.050142 
0.007691 0.032156 0.671860 0.233147 0.055146 
0.014823 0.483021 0.434992 0.019305 0.047860 
0.016032 0.023600 0.837294 0.112799 0.010274 
0.273111 0.026840 0.516096 0.181998 0.001955 
0.001480 0.106827 0.500269 0.365410 0.026014 
0.001175 0.016276 0.327346 0.634223 0.020980 
0.146725 0.392703 0.451049 0.004724 0.004799 
0.050103 0.054491 0.777237 0.097728 0.020441 
0.212524 0.371305 0.003124 0.405766 0.007281 
0.030029 0.631898 0.044104 0.292283 0.001686 
0.451788 0.119032 0.035939 0.100601 0.292640 
0.079209 0.813679 0.004385 0.007828 0.094900 
0.017653 0.117236 0.425118 0.423654 0.016339 
0.011114 0.844889 0.086267 0.024747 0.032983 
0.310957 0.209406 0.162783 0.023554 0.293301 
0.217525 0.002712 0.305410 0.273774 0.200579 
0.183907 0.603348 0.007666 0.171798 0.033281 
0.001702 0.597119 0.003458 0.314448 0.083274 
0.005761 0.360751 0.175766 0.347607 0.110114 
0.389241 0.207935 0.033149 0.364041 0.005635 
0.000138 0.712741 0.021543 0.032154 0.233424 
0.258000 0.227061 0.006023 0.494720 0.014196 
0.447532 0.152475 0.141126 0.143488 0.115378 
0.224527 0.248375 0.085135 0.441550 0.000413 
0.136715 0.051314 0.248860 0.553675 0.009436 
0.038152 0.074666 0.857527 0.026392 0.003264 
0.072303 0.508216 0.087898 0.001057 0.330527 
0.262940 0.001769 0.565167 0.037326 0.132798 
0.444134 0.000663 0.298596 0.255213 0.001394 
0.293249 0.024481 0.503114 0.176117 0.003039 
0.001092 0.674906 0.278548 0.035120 0.010334 
0.657736 0.055732 0.000327 0.156471 0.129733 
0.347729 0.079161 0.112389 0.353118 0.107602 
0.317483 0.228058 0.006869 0.173919 0.273671 
0.352999 0.244683 0.167537 0.221656 0.013124 
0.344383 0.507603 0.022828 0.097959 0.027226 
0.154039 0.048810 0.721753 0.020405 0.054993 
0.097025 0.002756 0.868392 0.004301 0.027526 
0.073439 0.139038 0.074865 0.712308 0.000349 
0.077536 0.733505 0.076867 0.046331 0.065761 
0.424654 0.017116 0.087367 0.164279 0.306584 
0.048411 0.414188 0.005063 0.465225 0.067114 
0.192719 0.585913 0.027880 0.172326 0.021162 
0.062604 0.011744 0.882435 0.004839 0.038378 
0.882663 0.042319 0.031156 0.042911 0.000951 
0.006973 0.036527 0.951581 0.003226 0.001693 
0.054987 0.051181 0.631854 0.001167 0.260810 
0.760320 0.048443 0.159696 0.002515 0.029026 
0.001645 0.849904 0.047047 0.100899 0.000505 
0.617408 0.031903 0.090096 0.071012 0.189581 
0.011812 0.367836 0.297278 0.304615 0.018459 
0.085826 0.818210 0.094618 0.000717 0.000629 
0.582067 0.038683 0.000152 0.230744 0.148353 
0.045615 0.377077 0.351121 0.148155 0.078032 
0.293008 0.296994 0.238424 0.019651 0.151923 
0.004072 0.669799 0.123957 0.128930 0.073241 
0.493510 0.092803 0.039924 0.373394 0.000369 
0.396290 0.001062 0.140303 0.455361 0.006985 
0.032624 0.000561 0.492846 0.400809 0.073161 
0.370812 0.034029 0.040605 0.455020 0.099535 
0.058850 0.197717 0.627289 0.115842 0.000302 
0.093656 0.602790 0.200562 0.015466 0.087526 
0.363715 0.278300 0.086798 0.152768 0.118419 
0.132145 0.303982 0.206326 0.062048 0.295498 
0.036191 0.692711 0.006781 0.026507 0.237810 
0.862030 0.000503 0.016354 0.001166 0.119947 
0.011156 0.243211 0.596461 0.021379 0.127792 
0.243587 0.002892 0.668639 0.011140 0.073742 
0.004151 0.096557 0.750628 0.001540 0.147123 
0.005171 0.543357 0.423850 0.006531 0.021091 
0.002078 0.255490 0.489486 0.000511 0.252435 
0.066721 0.585448 0.154333 0.000346 0.193152 
0.166020 0.744155 0.002397 0.062590 0.024837 
0.007329 0.702260 0.123882 0.000595 0.165934 
0.616799 0.086767 0.094762 0.168929 0.032743 
0.275137 0.378707 0.000504 0.245342 0.100310 
0.175738 0.627838 0.066693 0.082604 0.047127 
0.052853 0.485005 0.281227 0.034530 0.146386 
0.000135 0.830415 0.000619 0.168816 0.000014 
0.025485 0.478231 0.419470 0.031207 0.045606 
0.217296 0.207085 0.218498 0.355575 0.001546 
0.226257 0.479863 0.014425 0.200263 0.079191 
0.000192 0.627810 0.201908 0.167250 0.002840 
0.014102 0.022206 0.010405 0.952952 0.000335 
0.152832 0.003258 0.187772 0.445580 0.210557 
0.019404 0.025276 0.837482 0.110704 0.007133 
0.504394 0.236415 0.216365 0.015157 0.027668 
0.085060 0.012319 0.133408 0.680907 0.088306 
0.731373 0.030892 0.006114 0.220385 0.011237 
0.000916 0.420732 0.428804 0.095409 0.054138 
0.383932 0.044929 0.136287 0.355642 0.079210 
0.022850 0.789677 0.014661 0.162500 0.010312 
0.515866 0.036279 0.426698 0.013956 0.007202 
0.739584 0.119625 0.018513 0.112028 0.010250 
0.787894 0.164235 0.014579 0.025608 0.007685 
0.147241 0.001685 0.168261 0.679238 0.003575 
0.478145 0.030936 0.374559 0.000818 0.115542 
0.024022 0.025053 0.425162 0.473616 0.052147 
0.796954 0.016081 0.034206 0.104076 0.048683 
0.034678 0.614877 0.014259 0.173776 0.162410 
0.071593 0.001368 0.242173 0.665613 0.019254 
0.297386 0.010045 0.495385 0.089286 0.107897 
0.071631 0.000100 0.359762 0.367394 0.201114 
0.419814 0.175796 0.035736 0.209905 0.158751 
0.008326 0.729428 0.192092 0.005299 0.064855 
0.000001 0.635401 0.123187 0.016249 0.225162 
0.180897 0.080465 0.008936 0.713612 0.016090 
0.061890 0.416630 0.173519 0.006379 0.341583 
0.020505 0.468051 0.088841 0.125050 0.297553 
0.007828 0.210837 0.362003 0.032059 0.387273 
0.041302 0.505044 0.307496 0.034479 0.111678 
0.154176 0.354224 0.406837 0.004817 0.079946 
0.504309 0.181179 0.133572 0.068391 0.112549 
0.254207 0.331213 0.125832 0.031138 0.257610 
0.256115 0.270395 0.160721 0.105087 0.207682 
0.698200 0.091473 0.050092 0.148526 0.011709 
0.300135 0.636015 0.007783 0.035488 0.020579 
0.012691 0.098790 0.676667 0.211711 0.000140 
0.167980 0.223159 0.001030 0.589557 0.018274 
0.057476 0.171984 0.448654 0.317980 0.003906 
0.106971 0.413836 0.338253 0.127413 0.013527 
0.196535 0.333620 0.442413 0.001410 0.026022 
0.000010 0.057971 0.874963 0.066526 0.000530 
0.101889 0.185699 0.317404 0.162642 0.232366 
0.543415 0.055371 0.032061 0.269546 0.099607 
0.614351 0.001715 0.116037 0.111272 0.156625 
0.009326 0.092526 0.793788 0.005110 0.099251 
0.067806 0.127653 0.669839 0.015156 0.119546 
0.107503 0.167641 0.466274 0.257417 0.001165 
0.190610 0.028366 0.290417 0.427460 0.063147 
0.043990 0.243261 0.197299 0.514184 0.001266 
0.744848 0.040665 0.012342 0.187623 0.014523 
0.008294 0.055456 0.048994 0.818341 0.068914 
0.000001 0.955247 0.011748 0.022122 0.010883 
0.180782 0.422210 0.370313 0.024061 0.002634 
0.796607 0.068334 0.134696 0.000141 0.000222 
0.068422 0.563473 0.053395 0.313134 0.001576 
0.016177 0.138990 0.414865 0.254139 0.175829 
0.008759 0.340604 0.067267 0.567727 0.015642 
0.173639 0.218675 0.014707 0.390430 0.202549 
0.022453 0.682671 0.124855 0.152877 0.017144 
0.075552 0.089228 0.039468 0.354168 0.441585 
0.001153 0.859391 0.013141 0.122749 0.003566 
0.000004 0.175893 0.617417 0.190930 0.015756 
0.068265 0.421099 0.297454 0.139960 0.073222 
0.032981 0.061643 0.512464 0.206725 0.186187 
0.253082 0.368093 0.266537 0.110497 0.001791 
0.012113 0.162124 0.528434 0.293280 0.004050 
0.003631 0.786037 0.092424 0.082036 0.035871 
0.005996 0.504939 0.314549 0.172615 0.001901 
0.047074 0.011778 0.402439 0.482898 0.055811 
0.450432 0.102612 0.007597 0.329598 0.109761 
0.038023 0.696204 0.117487 0.044670 0.103615 
0.000767 0.175401 0.621334 0.183375 0.019123 
0.530011 0.029473 0.067961 0.333847 0.038707 
0.012808 0.107472 0.521976 0.080015 0.277730 
0.413875 0.163358 0.400763 0.021389 0.000615 
0.134760 0.806807 0.009938 0.029769 0.018726 
0.027933 0.751434 0.208128 0.011772 0.000732 
0.000285 0.826154 0.122896 0.000003 0.050661 
0.088811 0.533130 0.004454 0.092753 0.280853 
0.140573 0.555982 0.225378 0.010048 0.068019 
0.001510 0.011045 0.245049 0.509393 0.233003 
0.008106 0.464130 0.072881 0.204838 0.250046 
0.418767 0.214483 0.309617 0.056887 0.000246 
0.017648 0.811682 0.099635 0.063773 0.007263 
0.001046 0.176372 0.717585 0.078266 0.026731 
0.470946 0.012578 0.037916 0.135456 0.343104 
0.043019 0.109609 0.560127 0.269674 0.017571 
0.362224 0.000386 0.005574 0.232956 0.398860 
0.011288 0.109120 0.091273 0.633313 0.155006 
0.318187 0.364350 0.037310 0.112587 0.167565 
0.213863 0.083007 0.079041 0.619936 0.004153 
0.037701 0.075722 0.222419 0.663339 0.000819 
0.075409 0.107020 0.223183 0.473254 0.121134 
0.137629 0.637128 0.034580 0.179927 0.010736 
0.248558 0.184329 0.002424 0.244791 0.319899 
0.194190 0.021261 0.021654 0.167277 0.595618 
0.042274 0.267783 0.062653 0.563128 0.064163 
0.326864 0.025245 0.008041 0.639790 0.000060 
0.423919 0.353778 0.061152 0.158510 0.002641 
0.447892 0.231309 0.007993 0.056457 0.256349 
0.275425 0.063979 0.170412 0.221988 0.268197 
0.669608 0.090799 0.113437 0.005313 0.120843 
0.447087 0.206183 0.127433 0.068090 0.151207 
0.703855 0.002388 0.008211 0.006808 0.278737 
0.153465 0.306773 0.034407 0.013098 0.492257 
0.222717 0.000322 0.339747 0.004396 0.432817 
0.189791 0.150007 0.011641 0.091599 0.556962 
0.166416 0.142615 0.677462 0.004374 0.009133 
0.007288 0.407483 0.013029 0.517543 0.054656 
0.018341 0.208129 0.452700 0.320291 0.000540 
0.031314 0.118507 0.129698 0.349481 0.370999 
0.056403 0.028439 0.147810 0.027869 0.739478 
0.074565 0.045130 0.028104 0.056047 0.796154 
0.302933 0.024747 0.585304 0.030883 0.056133 
0.030076 0.084451 0.841835 0.019447 0.024192 
0.008866 0.149783 0.322115 0.001230 0.518006 
0.007040 0.006635 0.152649 0.551543 0.282133 
0.007000 0.519371 0.000018 0.006829 0.466783 
0.114669 0.078998 0.004711 0.000274 0.801348 
0.442911 0.000497 0.318333 0.000957 0.237303 
0.140022 0.016656 0.518682 0.180991 0.143649 
0.092986 0.371189 0.145965 0.380620 0.009240 
0.859298 0.001483 0.024745 0.110182 0.004292 
0.040927 0.604435 0.139341 0.164910 0.050387 
0.335438 0.171475 0.375345 0.027398 0.090344 
0.002484 0.676739 0.228495 0.052351 0.039931 
0.008832 0.674333 0.280269 0.010552 0.026014 
0.151385 0.317566 0.399986 0.050386 0.080677 
0.309265 0.212239 0.470243 0.000462 0.007791 
0.052743 0.759049 0.002527 0.146478 0.039202 
0.163401 0.385660 0.194921 0.031865 0.224153 
0.053800 0.697663 0.007790 0.077435 0.163311 
0.473016 0.365557 0.002361 0.049298 0.109769 
0.375831 0.402531 0.035757 0.001836 0.184046 
0.234016 0.105478 0.586024 0.064832 0.009651 
0.338591 0.510463 0.002553 0.019890 0.128503 
0.159343 0.690192 0.028403 0.083448 0.038615 
0.497956 0.199017 0.168270 0.133215 0.001542 
0.630782 0.006334 0.315369 0.024584 0.022931 
0.015811 0.001995 0.001282 0.972910 0.008002 
0.324845 0.026580 0.373554 0.108663 0.166359 
0.219079 0.405886 0.141507 0.195944 0.037584 
0.072264 0.590219 0.198544 0.076923 0.062051 
0.351525 0.088285 0.545990 0.008394 0.005806 
0.272957 0.401242 0.006714 0.043997 0.275091 
0.081141 0.220290 0.505503 0.015009 0.178057 
0.532289 0.001857 0.173497 0.058202 0.234154 
0.473655 0.269345 0.066830 0.017939 0.172231 
0.076838 0.839360 0.079057 0.004024 0.000722 
0.219187 0.000075 0.704904 0.006462 0.069372 
0.003415 0.761977 0.017097 0.208330 0.009181 
0.480366 0.460680 0.033347 0.000178 0.025429 
0.380170 0.066999 0.195701 0.335224 0.021907 
0.005470 0.053917 0.584020 0.319926 0.036667 
0.068240 0.367965 0.019347 0.474942 0.069506 
0.052437 0.017635 0.697783 0.202228 0.029917 
0.027027 0.669453 0.103080 0.086408 0.114033 
0.003073 0.161153 0.809368 0.006305 0.020101 
0.489562 0.023790 0.287328 0.157189 0.042131 
0.081917 0.243290 0.109310 0.564786 0.000696 
0.000790 0.134975 0.738807 0.102118 0.023310 
0.430794 0.363355 0.157741 0.010158 0.037953 
0.096485 0.281593 0.336348 0.018851 0.266722 
0.112985 0.062766 0.236457 0.580131 0.007662 
0.238954 0.258654 0.179020 0.054340 0.269033 
0.226789 0.165219 0.426471 0.029796 0.151725 
0.057212 0.387358 0.138938 0.036860 0.379634 
0.053329 0.150927 0.080741 0.710591 0.004412 
0.086881 0.491871 0.025464 0.105698 0.290085 
0.031136 0.465681 0.143379 0.329113 0.030692 
0.230029 0.004700 0.293269 0.379602 0.092401 
0.217044 0.569111 0.020114 0.055608 0.138123 
0.189098 0.171992 0.329085 0.307925 0.001900 
0.068150 0.037714 0.005498 0.844112 0.044525 
0.115117 0.017679 0.092027 0.770315 0.004862 
0.068146 0.001531 0.399891 0.376362 0.154071 
0.153106 0.157736 0.549793 0.136719 0.002645 
0.459271 0.005322 0.390627 0.097758 0.047022 
0.463516 0.101715 0.096706 0.215314 0.122749 
0.026221 0.181723 0.405291 0.082588 0.304177 
0.067842 0.001659 0.357077 0.565272 0.008149 
0.330571 0.222090 0.068990 0.340733 0.037615 
0.012573 0.045238 0.601110 0.246546 0.094533 
0.682857 0.116588 0.162009 0.018194 0.020352 
0.300546 0.171251 0.343527 0.180466 0.004210 
0.171945 0.405314 0.005592 0.414169 0.002979 
0.032527 0.115993 0.342042 0.490603 0.018835 
0.218924 0.000293 0.255692 0.178911 0.346180 
0.052573 0.621265 0.271571 0.037471 0.017121 
0.043881 0.049291 0.323524 0.546736 0.036568 
0.032394 0.951735 0.000525 0.004974 0.010372 
0.001135 0.154995 0.457915 0.385774 0.000181 
0.000602 0.104589 0.152745 0.711923 0.030142 
0.049328 0.484929 0.056604 0.341511 0.067628 
0.062118 0.237778 0.476662 0.102915 0.120527 
0.031275 0.432333 0.315517 0.176217 0.044659 
0.445696 0.197468 0.339678 0.001145 0.016013 
0.121978 0.605925 0.231105 0.004129 0.036863 
0.734682 0.103735 0.145500 0.000596 0.015486 
0.334154 0.111142 0.185428 0.364692 0.004585 
0.012064 0.163592 0.589755 0.195266 0.039323 
0.398391 0.304781 0.093406 0.010676 0.192746 
0.124897 0.710519 0.146178 0.001490 0.016916 
0.026418 0.879668 0.034570 0.025260 0.034085 
0.002941 0.317795 0.574720 0.076144 0.028400 
0.026639 0.739340 0.195011 0.039007 0.000003 
0.035551 0.712820 0.031340 0.094686 0.125603 
0.198755 0.477693 0.149079 0.028633 0.145841 
0.757367 0.074127 0.040511 0.008067 0.119927 
0.068389 0.455245 0.287949 0.005356 0.183060 
0.165647 0.366467 0.350151 0.117733 0.000003 
0.788274 0.001356 0.005821 0.163372 0.041177 
0.016983 0.184232 0.018750 0.137716 0.642319 
0.361654 0.319189 0.003171 0.299924 0.016063 
0.006637 0.318389 0.647925 0.017705 0.009343 
0.037323 0.082860 0.051636 0.618966 0.209215 
0.007794 0.618972 0.238237 0.016405 0.118592 
0.110496 0.532679 0.307667 0.037812 0.011346 
0.014009 0.580752 0.091555 0.277143 0.036542 
0.414128 0.013232 0.050334 0.123168 0.399138 
0.000163 0.059111 0.782149 0.010614 0.147962 
0.089078 0.003101 0.867853 0.005733 0.034235 
0.341832 0.172537 0.079932 0.403284 0.002415 
0.024472 0.275469 0.462888 0.194290 0.042881 
0.332106 0.350118 0.259271 0.058504 0.000002 
0.428504 0.191590 0.072758 0.123195 0.183955 
0.181831 0.639302 0.015789 0.080030 0.083048 
0.777381 0.050001 0.010438 0.024349 0.137831 
0.041495 0.830479 0.071113 0.007187 0.049726 
0.509582 0.005537 0.154959 0.329479 0.000443 
0.010772 0.028140 0.247815 0.694727 0.018546 
0.503422 0.112710 0.088713 0.012003 0.283152 
0.043944 0.061806 0.847028 0.003858 0.043364 
0.406787 0.183190 0.035176 0.295969 0.078878 
0.587687 0.009788 0.000028 0.328948 0.073549 
0.001091 0.402126 0.259246 0.187189 0.150347 
0.209930 0.033971 0.591371 0.086525 0.078204 
0.059690 0.198934 0.649816 0.058292 0.033268 
0.524583 0.135383 0.104136 0.055233 0.180665 
0.875185 0.046134 0.000249 0.077839 0.000593 
0.039859 0.424532 0.319975 0.215633 0.000001 
0.351135 0.267985 0.106599 0.050655 0.223625 
0.319196 0.030809 0.410343 0.076653 0.162999 
0.281653 0.268657 0.144599 0.017337 0.287755 
0.334882 0.318271 0.016265 0.142228 0.188354 
0.164536 0.060785 0.738492 0.009238 0.026948 
0.163879 0.002471 0.660937 0.168707 0.004006 
0.298572 0.032301 0.427656 0.119292 0.122179 
0.294204 0.049706 0.402404 0.160815 0.092871 
0.239000 0.298754 0.161186 0.004566 0.296494 
0.131927 0.356464 0.224333 0.003423 0.283853 
0.251068 0.050998 0.439831 0.187508 0.070595 
0.073064 0.730985 0.017863 0.098790 0.079298 
0.017251 0.336583 0.434026 0.131308 0.080832 
0.724837 0.024201 0.075451 0.023306 0.152204 
0.024553 0.058836 0.350546 0.424448 0.141618 
0.217827 0.037953 0.415099 0.304621 0.024500 
0.343486 0.129843 0.129446 0.392822 0.004403 
0.177487 0.337686 0.000264 0.365536 0.119028 
0.373880 0.280649 0.001136 0.041034 0.303300 
0.164256 0.577329 0.096895 0.137074 0.024446 
0.293952 0.272069 0.061073 0.326313 0.046594 
0.009981 0.124418 0.853390 0.012032 0.000179 
0.638229 0.012940 0.032704 0.137526 0.178601 
0.011015 0.236048 0.004416 0.635987 0.112536 
0.639096 0.041232 0.050169 0.102345 0.167158 
0.088710 0.027542 0.113166 0.712687 0.057895 
0.277306 0.060696 0.406414 0.228612 0.026972 
0.277895 0.012178 0.108457 0.571296 0.030174 
0.052863 0.022203 0.200883 0.542123 0.181928 
0.126743 0.495348 0.004334 0.306333 0.067242 
0.030149 0.248832 0.150445 0.025094 0.545480 
0.054728 0.285738 0.113976 0.016653 0.528906 
0.436019 0.362282 0.000051 0.185458 0.016190 
0.007078 0.694443 0.124476 0.164614 0.009389 
0.413079 0.181358 0.304706 0.082580 0.018277 
0.033554 0.056224 0.886096 0.021989 0.002137 
0.001785 0.534071 0.423866 0.028120 0.012159 
0.253737 0.692528 0.037415 0.009902 0.006418 
0.044413 0.023454 0.001409 0.627926 0.302798 
0.120380 0.204784 0.000209 0.232705 0.441922 
0.326771 0.000028 0.390900 0.263571 0.018731 
0.110694 0.743702 0.106139 0.039462 0.000003 
0.218953 0.010631 0.022447 0.674527 0.073443 
0.038821 0.809111 0.031026 0.100349 0.020693 
0.444108 0.033081 0.021465 0.470913 0.030434 
0.000012 0.151670 0.161394 0.681813 0.005111 
0.221318 0.561305 0.115240 0.077164 0.024973 
0.090830 0.678026 0.030671 0.136171 0.064302 
0.398484 0.200472 0.038344 0.318756 0.043944 
0.298601 0.250427 0.038666 0.390137 0.022170 
0.261478 0.056050 0.662607 0.002878 0.016987 
0.764748 0.022323 0.000135 0.142881 0.069913 
0.183821 0.009524 0.002109 0.001062 0.803483 
0.048525 0.230809 0.299931 0.261467 0.159268 
0.087926 0.723934 0.002003 0.180335 0.005801 
0.107161 0.617904 0.243937 0.020959 0.010039 
0.097076 0.326930 0.285457 0.018706 0.271831 
0.152529 0.224455 0.435150 0.046394 0.141471 
0.037766 0.196604 0.629010 0.105065 0.031555 
0.034617 0.453646 0.020659 0.093383 0.397695 
0.000568 0.473784 0.003780 0.503673 0.018194 
0.007499 0.169731 0.698442 0.122470 0.001859 
0.083977 0.005271 0.848463 0.043039 0.019251 
0.048434 0.858183 0.000749 0.042492 0.050142 
0.095891 0.015853 0.502055 0.371201 0.015001 
0.228881 0.504833 0.265051 0.000725 0.000510 
0.008814 0.131085 0.649813 0.163881 0.046406 
0.021427 0.565020 0.000886 0.216814 0.195853 
0.436266 0.175665 0.062344 0.165613 0.160112 
0.169693 0.196672 0.510225 0.078755 0.044655 
0.059094 0.666145 0.000555 0.134772 0.139435 
0.199886 0.046227 0.635000 0.061869 0.057019 
0.099872 0.582957 0.055584 0.087427 0.174160 
0.006034 0.706675 0.046724 0.213820 0.026746 
0.108243 0.255359 0.047311 0.588559 0.000529 
0.065840 0.578852 0.001069 0.267820 0.086420 
0.425717 0.176978 0.057485 0.192190 0.147632 
0.415840 0.165783 0.044197 0.239346 0.134833 
0.002690 0.894177 0.001925 0.099710 0.001498 
0.048833 0.193317 0.273272 0.408770 0.075807 
0.000354 0.863511 0.059595 0.020677 0.055864 
0.372582 0.183705 0.035137 0.336573 0.072003 
0.034665 0.480039 0.293251 0.187871 0.004174 
0.047038 0.604820 0.334000 0.009610 0.004532 
0.431915 0.000776 0.333725 0.191958 0.041626 
0.125215 0.149487 0.646219 0.003170 0.075909 
0.021530 0.454976 0.191976 0.089111 0.242408 
0.227218 0.003611 0.359208 0.339932 0.070031 
0.126485 0.127029 0.337395 0.404360 0.004732 
0.282081 0.270271 0.193777 0.007655 0.246216 
0.174059 0.048478 0.067152 0.682769 0.027543 
0.397191 0.004047 0.222594 0.000869 0.375299 
0.123077 0.841480 0.007308 0.019335 0.008799 
0.309709 0.018780 0.161626 0.425703 0.084182 
0.394279 0.221028 0.087921 0.086533 0.210239 
0.001095 0.156514 0.353599 0.433214 0.055578 
0.431557 0.146899 0.031233 0.005050 0.385262 
0.357893 0.247839 0.098586 0.059940 0.235742 
0.000545 0.028047 0.890887 0.063909 0.016611 
0.288805 0.236013 0.127029 0.027085 0.321068 
0.298349 0.248786 0.022370 0.408386 0.022109 
0.431028 0.057783 0.145261 0.000162 0.365766 
0.159516 0.283449 0.181967 0.002114 0.372953 
0.040830 0.000609 0.918151 0.009141 0.031269 
0.449741 0.078977 0.204513 0.036538 0.230231 
0.213739 0.320705 0.016202 0.433334 0.016019 
0.361149 0.032305 0.359622 0.037726 0.209198 
0.234240 0.352817 0.038262 0.371497 0.003184 
0.293763 0.000014 0.004848 0.449729 0.251647 
0.149962 0.013690 0.581684 0.176093 0.078571 
0.028461 0.000895 0.940914 0.021940 0.007790 
0.136290 0.010204 0.544409 0.254643 0.054454 
0.197914 0.026066 0.132432 0.621476 0.022112 
0.313740 0.059251 0.508426 0.116605 0.001977 
0.421285 0.015330 0.003827 0.558200 0.001358 
0.364410 0.509825 0.006221 0.057425 0.062119 
0.016876 0.127501 0.760013 0.006278 0.089332 
0.370365 0.167244 0.031989 0.306415 0.123988 
0.000294 0.182894 0.374016 0.439913 0.002883 
0.010437 0.021817 0.859438 0.044574 0.063734 
0.245599 0.086439 0.052751 0.570478 0.044732 
0.057291 0.332932 0.266297 0.311830 0.031651 
0.099115 0.582486 0.075129 0.236590 0.006679 
0.103731 0.127755 0.742014 0.011356 0.015144 
0.533325 0.017399 0.103866 0.008268 0.337141 
0.519897 0.011013 0.140299 0.213673 0.115118 
0.214466 0.045543 0.229042 0.432743 0.078206 
0.059106 0.014198 0.049227 0.876484 0.000985 
0.152441 0.579139 0.008553 0.037322 0.222546 
0.001466 0.006510 0.052197 0.658243 0.281583 
0.293415 0.364659 0.032051 0.308072 0.001804 
0.190010 0.436642 0.370478 0.001442 0.001429 
0.327360 0.185370 0.025960 0.414646 0.046665 
0.086544 0.374732 0.174743 0.155844 0.208137 
0.062787 0.571515 0.175632 0.187535 0.002530 
0.175837 0.004249 0.797121 0.012033 0.010761 
0.200660 0.577914 0.045549 0.100522 0.075356 
0.000568 0.276568 0.334767 0.247163 0.140935 
0.050434 0.215765 0.324535 0.406453 0.002813 
0.153074 0.744380 0.014739 0.053258 0.034550 
0.000241 0.867011 0.016438 0.075524 0.040786 
0.788736 0.103852 0.025548 0.015445 0.066420 
0.320739 0.098630 0.527091 0.044684 0.008855 
0.003871 0.621197 0.092816 0.144062 0.138054 
0.084554 0.738166 0.018430 0.121166 0.037684 
0.003247 0.006555 0.901336 0.075351 0.013511 
0.011051 0.006645 0.974350 0.007748 0.000205 
0.243539 0.672841 0.046479 0.017311 0.019831 
0.040656 0.348450 0.063241 0.333283 0.214370 
0.079366 0.834160 0.022220 0.000096 0.064158 
0.091732 0.053014 0.565337 0.206988 0.082929 
0.015202 0.500504 0.035433 0.397562 0.051300 
0.004321 0.152838 0.479788 0.184547 0.178507 
0.032178 0.730229 0.005421 0.000161 0.232011 
0.220823 0.040394 0.476740 0.217765 0.044278 
0.070004 0.558213 0.130991 0.044293 0.196499 
0.255586 0.279913 0.393789 0.031654 0.039058 
0.010763 0.247465 0.021975 0.676798 0.042999 
0.206268 0.014782 0.435181 0.223958 0.119811 
0.002108 0.750107 0.010546 0.078575 0.158664 
0.089876 0.410155 0.203272 0.295737 0.000960 
0.259523 0.244593 0.026310 0.441800 0.027774 
0.331801 0.047330 0.034003 0.479491 0.107376 
0.001793 0.002894 0.804592 0.076247 0.114474 
0.374623 0.047690 0.283535 0.261916 0.032236 
0.231474 0.085248 0.230143 0.413710 0.039425 
0.096122 0.042821 0.675195 0.022000 0.163862 
0.390735 0.023604 0.058586 0.455814 0.071262 
0.016983 0.238245 0.459059 0.080471 0.205242 
0.000171 0.858217 0.047732 0.017109 0.076772 
0.232868 0.487634 0.270768 0.005899 0.002831 
0.019051 0.003259 0.917687 0.021495 0.038508 
0.126778 0.157446 0.598831 0.115627 0.001318 
0.007245 0.154464 0.712072 0.016554 0.109665 
0.013522 0.032223 0.930154 0.022712 0.001388 
0.006364 0.294155 0.150629 0.224089 0.324763 
0.296210 0.003165 0.306892 0.198948 0.194786 
0.005994 0.737862 0.172228 0.064891 0.019024 
0.000061 0.430988 0.035622 0.377500 0.155829 
0.506954 0.382371 0.005278 0.005791 0.099606 
0.353468 0.257421 0.193750 0.195349 0.000012 
0.014628 0.058274 0.347024 0.415956 0.164118 
0.003695 0.511084 0.142901 0.162090 0.180230 
0.000146 0.011804 0.841794 0.001560 0.144696 
0.019434 0.396352 0.420345 0.161922 0.001947 
0.248439 0.473467 0.073025 0.191931 0.013138 
0.198330 0.100727 0.002239 0.037182 0.661522 
0.011473 0.712070 0.115633 0.020493 0.140331 
0.005108 0.000054 0.430560 0.260951 0.303327 
0.000047 0.827236 0.089724 0.051867 0.031126 
0.354158 0.251219 0.001526 0.264435 0.128662 
0.074190 0.002880 0.625351 0.152531 0.145049 
0.133504 0.599559 0.118118 0.000437 0.148381 
0.000461 0.223947 0.393832 0.073574 0.308185 
0.137146 0.002276 0.488174 0.239827 0.132577 
0.053227 0.715125 0.127036 0.074431 0.030181 
0.579080 0.374098 0.000865 0.042687 0.003271 
0.195262 0.176027 0.599356 0.001264 0.028092 
0.078375 0.175229 0.000770 0.016457 0.729170 
0.000980 0.554378 0.235448 0.181483 0.027710 
0.050446 0.000182 0.080972 0.778954 0.089445 
0.721609 0.001899 0.169756 0.019871 0.086865 
0.202879 0.021757 0.176384 0.554810 0.044170 
0.014261 0.003332 0.956799 0.007138 0.018470 
0.252537 0.002638 0.322483 0.415346 0.006997 
0.117165 0.687618 0.001128 0.149752 0.044337 
0.295265 0.019101 0.086713 0.493376 0.105545 
0.308176 0.195394 0.003421 0.482982 0.010027 
0.135367 0.650851 0.072899 0.075168 0.065715 
0.153948 0.390768 0.068140 0.376715 0.010429 
0.272534 0.666385 0.013249 0.042992 0.004841 
0.001467 0.449062 0.187737 0.044026 0.317709 
0.638717 0.081258 0.239243 0.040774 0.000007 
0.015637 0.047902 0.800025 0.030352 0.106084 
0.433039 0.238553 0.324921 0.003181 0.000307 
0.225838 0.000138 0.744503 0.029401 0.000121 
0.108282 0.044028 0.507789 0.207877 0.132023 
0.325427 0.043031 0.613418 0.018101 0.000023 
0.130852 0.395179 0.006572 0.376855 0.090542 
0.000289 0.281378 0.000261 0.705336 0.012737 
0.590764 0.149172 0.014928 0.047727 0.197409 
0.184337 0.259386 0.005252 0.001399 0.549627 
0.334248 0.283702 0.050453 0.328977 0.002620 
0.265810 0.057906 0.089268 0.530054 0.056962 
0.000006 0.005130 0.235937 0.544124 0.214803 
0.134476 0.427564 0.000007 0.347383 0.090570 
0.470373 0.076764 0.025179 0.317607 0.110077 
0.031839 0.721897 0.165414 0.016849 0.064001 
0.002684 0.063065 0.033060 0.853084 0.048107 
0.017272 0.349513 0.155911 0.095650 0.381653 
0.169408 0.063507 0.751965 0.014801 0.000318 
0.007135 0.014587 0.916319 0.051121 0.010838 
0.423132 0.329717 0.009831 0.236746 0.000574 
0.031845 0.037000 0.870399 0.038974 0.021781 
0.533935 0.383775 0.014691 0.033255 0.034343 
0.861295 0.061939 0.030384 0.017807 0.028575 
0.000001 0.294229 0.445570 0.000108 0.260092 
0.000909 0.029364 0.856974 0.088421 0.024332 
0.175951 0.076573 0.502236 0.242406 0.002833 
0.002891 0.004052 0.964090 0.020386 0.008581 
0.090196 0.045605 0.814262 0.036043 0.013893 
0.184242 0.164187 0.620231 0.021323 0.010017 
0.310342 0.105121 0.038917 0.358989 0.186631 
0.024377 0.230840 0.401666 0.341876 0.001240 
0.206547 0.681077 0.005173 0.084930 0.022274 
0.743329 0.059223 0.036405 0.116071 0.044973 
0.343591 0.085846 0.431151 0.129350 0.010062 
0.021481 0.924765 0.026764 0.003276 0.023715 
0.166330 0.111970 0.304889 0.414803 0.002008 
0.264992 0.115692 0.013021 0.359071 0.247224 
0.000731 0.638451 0.188062 0.054469 0.118287 
0.143361 0.005991 0.761250 0.087519 0.001880 
0.429570 0.020493 0.004085 0.302049 0.243803 
0.127386 0.221397 0.201747 0.448100 0.001370 
0.202513 0.199240 0.247817 0.346878 0.003552 
0.000240 0.225524 0.738394 0.033852 0.001990 
0.005960 0.369733 0.000890 0.493388 0.130029 
0.010014 0.514082 0.007046 0.175407 0.293451 
0.066162 0.368238 0.027791 0.213575 0.324235 
0.133339 0.180855 0.045242 0.569050 0.071514 
0.040511 0.640836 0.018995 0.298712 0.000945 
0.001314 0.025819 0.970101 0.000069 0.002698 
0.142531 0.137821 0.000975 0.466455 0.252218 
0.011828 0.115377 0.658875 0.031068 0.182852 
0.364466 0.096216 0.203381 0.328636 0.007302 
0.214695 0.355434 0.029558 0.032969 0.367345 
0.364391 0.227855 0.000310 0.222429 0.185015 
0.330238 0.371440 0.114303 0.006364 0.177655 
0.198235 0.535150 0.084094 0.040684 0.141837 
0.001103 0.108720 0.457158 0.089408 0.343610 
0.060787 0.784983 0.004923 0.080668 0.068638 
0.098012 0.335970 0.011494 0.414746 0.139778 
0.014457 0.018391 0.864364 0.060537 0.042251 
0.055969 0.017582 0.721717 0.077507 0.127224 
0.037569 0.348589 0.023384 0.335498 0.254960 
0.061705 0.094307 0.554802 0.226289 0.062898 
0.009278 0.001666 0.370037 0.313314 0.305706 
0.005541 0.405852 0.275584 0.001119 0.311903 
0.005800 0.000100 0.276814 0.506135 0.211151 
0.000555 0.689854 0.001658 0.232870 0.075062 
0.301301 0.007536 0.061063 0.219074 0.411027 
0.175980 0.025330 0.352200 0.072318 0.374171 
0.003484 0.268038 0.004063 0.722621 0.001794 
0.149506 0.439596 0.134271 0.246682 0.029946 
0.014501 0.111025 0.448837 0.425632 0.000004 
0.267795 0.022592 0.428974 0.074847 0.205792 
0.000198 0.265609 0.415291 0.081838 0.237064 
0.001353 0.968062 0.006155 0.002500 0.021930 
0.013437 0.699152 0.175307 0.000136 0.111968 
0.506192 0.115764 0.091707 0.286137 0.000200 
0.003216 0.792037 0.054549 0.111391 0.038807 
0.021943 0.533153 0.346729 0.000283 0.097893 
0.001280 0.281488 0.550356 0.030698 0.136178 
0.211748 0.147797 0.110283 0.496642 0.033530 
0.037182 0.438372 0.383782 0.017763 0.122902 
0.027662 0.207344 0.141997 0.619031 0.003967 
0.118306 0.232312 0.076904 0.569187 0.003292 
0.279593 0.162582 0.015515 0.526180 0.016131 
0.047155 0.465007 0.125322 0.173449 0.189067 
0.501996 0.076470 0.011343 0.327383 0.082807 
0.612757 0.002547 0.056397 0.138983 0.189316 
0.206291 0.106354 0.105413 0.572230 0.009713 
0.071438 0.816078 0.000865 0.001702 0.109917 
0.415173 0.100206 0.179056 0.302393 0.003172 
0.337048 0.012500 0.000181 0.376569 0.273702 
0.059169 0.765933 0.090322 0.082969 0.001607 
0.051579 0.099652 0.588875 0.147457 0.112437 
0.236363 0.061345 0.542436 0.142285 0.017570 
0.078698 0.430041 0.316633 0.031088 0.143540 
0.012422 0.586080 0.214376 0.017001 0.170121 
0.125912 0.012018 0.428962 0.362805 0.070303 
0.263313 0.000299 0.398672 0.280805 0.056911 
0.192679 0.140146 0.180148 0.472684 0.014343 
0.032751 0.932073 0.000000 0.001511 0.033665 
0.166237 0.011208 0.247152 0.554019 0.021385 
0.083544 0.048625 0.525614 0.005523 0.336694 
0.024678 0.360134 0.002503 0.612368 0.000316 
0.019449 0.892284 0.018580 0.069677 0.000009 
0.186966 0.349085 0.029280 0.248271 0.186397 
0.019512 0.788204 0.009964 0.082872 0.099448 
0.204274 0.413748 0.034631 0.337744 0.009602 
0.218461 0.296543 0.366933 0.104370 0.013693 
0.105343 0.016896 0.274954 0.536286 0.066520 
0.008259 0.254816 0.418410 0.276764 0.041751 
0.371158 0.281769 0.095534 0.250141 0.001397 
0.211340 0.211620 0.381984 0.190318 0.004737 
0.179476 0.333317 0.210567 0.276282 0.000358 
0.157326 0.104873 0.108911 0.626393 0.002498 
0.254721 0.096812 0.223337 0.396154 0.028976 
0.109024 0.001075 0.138407 0.026282 0.725211 
0.125495 0.240885 0.023174 0.606391 0.004055 
0.000037 0.064830 0.196780 0.419182 0.319171 
0.396539 0.000028 0.038063 0.562712 0.002658 
0.008278 0.306547 0.433836 0.249166 0.002174 
0.244088 0.038608 0.226139 0.490396 0.000769 
0.130377 0.192257 0.034312 0.623140 0.019914 
0.038221 0.550350 0.057786 0.119017 0.234626 
0.014106 0.408017 0.237675 0.021219 0.318983 
0.045833 0.020573 0.687627 0.135713 0.110253 
0.000132 0.495272 0.000995 0.285426 0.218175 
0.020667 0.210690 0.345025 0.269837 0.153781 
0.019148 0.064584 0.776844 0.126998 0.012427 
0.026110 0.072065 0.623066 0.201551 0.077208 
0.026450 0.000168 0.916778 0.009541 0.047063 
0.390442 0.097075 0.146647 0.002571 0.363265 
0.011825 0.298776 0.688851 0.000522 0.000026 
0.122628 0.420870 0.382597 0.018242 0.055663 
0.064411 0.598659 0.173404 0.068799 0.094726 
0.020521 0.203223 0.036078 0.651221 0.088957 
0.867562 0.007043 0.001344 0.114830 0.009221 
0.046030 0.013742 0.869426 0.070651 0.000152 
0.086825 0.249230 0.233912 0.429549 0.000485 
0.009544 0.326458 0.002064 0.417093 0.244841 
0.003352 0.069383 0.043436 0.407845 0.475984 
0.101328 0.666350 0.161559 0.036422 0.034341 
0.034140 0.011230 0.891544 0.049936 0.013150 
0.015024 0.267969 0.632381 0.079178 0.005448 
0.147470 0.000247 0.469894 0.369514 0.012875 
0.000041 0.114998 0.450625 0.398298 0.036038 
0.366906 0.437553 0.169067 0.001440 0.025034 
0.133313 0.047206 0.260528 0.553109 0.005844 
0.143933 0.106339 0.682077 0.060273 0.007377 
0.011478 0.405642 0.257862 0.298985 0.026034 
0.063509 0.624809 0.004636 0.272081 0.034965 
0.151303 0.084472 0.002326 0.420086 0.341814 
0.284578 0.476633 0.000180 0.037899 0.200711 
0.083561 0.144128 0.000041 0.162199 0.610071 
0.199617 0.332261 0.004095 0.455025 0.009002 
0.007424 0.250228 0.007543 0.011390 0.723416 
0.290741 0.165649 0.000142 0.504235 0.039233 
0.160885 0.516116 0.282415 0.004505 0.036079 
0.011455 0.344919 0.122455 0.517971 0.003200 
0.035984 0.187645 0.030549 0.021745 0.724077 
0.125897 0.000007 0.808865 0.002009 0.063221 
0.085441 0.075329 0.004424 0.088622 0.746184 
0.361621 0.022459 0.480597 0.004225 0.131099 
0.144789 0.040255 0.218475 0.591770 0.004711 
0.474028 0.047182 0.221939 0.107889 0.148962 
0.017613 0.514040 0.006524 0.419732 0.042090 
0.156199 0.003374 0.164714 0.675698 0.000016 
0.060995 0.670045 0.205874 0.033448 0.029638 
0.000086 0.081496 0.279619 0.547051 0.091749 
0.000744 0.620929 0.334895 0.041599 0.001833 
0.532454 0.071160 0.118359 0.225907 0.052120 
0.006124 0.129422 0.792745 0.016720 0.054988 
0.309441 0.197452 0.040069 0.448839 0.004199 
0.069287 0.013636 0.803243 0.057065 0.056769 
0.060137 0.002533 0.759468 0.094488 0.083374 
0.430907 0.100487 0.005485 0.230011 0.233110 
0.059472 0.109570 0.116305 0.712986 0.001668 
0.000680 0.785156 0.002940 0.192876 0.018347 
0.521351 0.006926 0.004633 0.428106 0.038985 
0.402335 0.122148 0.294964 0.161917 0.018636 
0.143145 0.214706 0.542321 0.050975 0.048853 
0.188201 0.165526 0.407115 0.117024 0.122135 
0.264810 0.537587 0.059168 0.127583 0.010851 
0.052407 0.612459 0.151208 0.049642 0.134284 
0.099044 0.001369 0.452145 0.205578 0.241864 
0.083704 0.289169 0.487057 0.022088 0.117981 
0.330931 0.472445 0.058816 0.067712 0.070097 
0.290608 0.126135 0.505762 0.050787 0.026708 
0.159031 0.418377 0.387379 0.005027 0.030187 
0.163947 0.549530 0.127797 0.057196 0.101530 
0.425075 0.062026 0.359325 0.109907 0.043668 
0.015269 0.291243 0.007781 0.664517 0.021190 
0.461919 0.147459 0.165325 0.220321 0.004975 
0.176860 0.001710 0.539020 0.088592 0.193817 
0.539702 0.028352 0.003541 0.336720 0.091684 
0.050585 0.564405 0.204175 0.024109 0.156725 
0.157609 0.033459 0.198832 0.573320 0.036780 
0.046428 0.152345 0.675347 0.009472 0.116408 
0.001217 0.412867 0.374495 0.000708 0.210713 
0.191777 0.679989 0.036267 0.044028 0.047939 
0.188464 0.008023 0.329476 0.360522 0.113515 
0.068819 0.127371 0.075597 0.725810 0.002403 
0.007023 0.296977 0.479646 0.029626 0.186727 
0.655693 0.101976 0.001670 0.147489 0.093171 
0.000257 0.382314 0.288733 0.038063 0.290632 
0.114216 0.349314 0.445449 0.000552 0.090469 
0.018196 0.010058 0.580594 0.292104 0.099048 
0.161742 0.560470 0.000072 0.238035 0.039680 
0.001251 0.471071 0.202974 0.025353 0.299351 
0.002127 0.199458 0.037770 0.760540 0.000105 
0.037371 0.346198 0.251167 0.221154 0.144110 
0.001616 0.603147 0.212811 0.003069 0.179357 
0.031072 0.014663 0.901755 0.052495 0.000015 
0.006354 0.585512 0.276413 0.017932 0.113789 
0.406339 0.086810 0.131012 0.043382 0.332457 
0.018338 0.069968 0.504100 0.301565 0.106028 
0.007765 0.857749 0.050111 0.084324 0.000051 
0.039330 0.566987 0.261176 0.060314 0.072193 
0.130058 0.064782 0.250630 0.549900 0.004630 
0.191192 0.260542 0.020793 0.510551 0.016922 
0.255640 0.404224 0.025432 0.247440 0.067264 
0.105760 0.500319 0.000207 0.329665 0.064049 
0.063724 0.163738 0.664064 0.052620 0.055854 
0.029003 0.124649 0.164800 0.681377 0.000171 
0.318932 0.479422 0.030581 0.163595 0.007470 
0.122090 0.506233 0.140616 0.196576 0.034485 
0.449240 0.415155 0.034563 0.096937 0.004105 
0.047175 0.006424 0.608342 0.197328 0.140732 
0.039123 0.696036 0.175325 0.031964 0.057552 
0.166184 0.074643 0.757475 0.000202 0.001496 
0.276714 0.123730 0.371530 0.211340 0.016685 
0.533267 0.423754 0.007842 0.017177 0.017960 
0.012333 0.047909 0.852669 0.002116 0.084973 
0.036473 0.033948 0.003943 0.907089 0.018547 
0.116343 0.212229 0.284331 0.382534 0.004562 
0.080112 0.013974 0.023574 0.701094 0.181245 
0.153225 0.177021 0.562565 0.001789 0.105400 
0.202788 0.736558 0.001563 0.043573 0.015518 
0.016424 0.037187 0.333970 0.164982 0.447438 
0.013669 0.194916 0.008737 0.658345 0.124333 
0.003792 0.170529 0.643199 0.099260 0.083220 
0.000220 0.163216 0.119318 0.340749 0.376497 
0.008137 0.387071 0.151320 0.240251 0.213221 
0.183718 0.451739 0.116573 0.213548 0.034421 
0.041698 0.821194 0.062480 0.061761 0.012867 
0.043371 0.453998 0.311752 0.164319 0.026560 
0.025419 0.748195 0.106337 0.101101 0.018948 
0.002719 0.373244 0.444621 0.005011 0.174405 
0.215722 0.254139 0.032259 0.433971 0.063909 
0.002884 0.210013 0.620253 0.039153 0.127697 
0.357689 0.593954 0.037836 0.008074 0.002448 
0.006152 0.152780 0.415620 0.312493 0.112955 
0.345402 0.496446 0.068836 0.089279 0.000036 
0.401028 0.551009 0.004311 0.043109 0.000543 
0.263965 0.139362 0.020070 0.574537 0.002066 
0.045228 0.569883 0.063815 0.087948 0.233126 
0.007966 0.026076 0.604104 0.334776 0.027078 
0.093603 0.885515 0.006940 0.001426 0.012516 
0.022331 0.710674 0.025809 0.139461 0.101725 
0.043569 0.189148 0.043246 0.724023 0.000013 
0.072017 0.123857 0.180553 0.611228 0.012345 
0.187885 0.431428 0.283072 0.070538 0.027078 
0.064981 0.663372 0.245732 0.024583 0.001332 
0.389439 0.313959 0.052828 0.224292 0.019483 
0.054428 0.812505 0.065237 0.027393 0.040437 
0.008484 0.534110 0.225590 0.132861 0.098956 
0.213583 0.462173 0.185051 0.133852 0.005342 
0.153339 0.585721 0.109218 0.115038 0.036683 
0.021622 0.027114 0.331353 0.046093 0.573818 
0.014684 0.356479 0.626480 0.000206 0.002152 
0.008844 0.885280 0.000079 0.085119 0.020678 
0.106727 0.043847 0.658018 0.157732 0.033676 
0.289506 0.000208 0.206986 0.477119 0.026181 
0.046721 0.376132 0.577103 0.000035 0.000009 
0.068341 0.024390 0.214771 0.572456 0.120042 
0.000007 0.082295 0.840394 0.065302 0.012002 
0.001842 0.119274 0.174539 0.092578 0.611767 
0.188626 0.025959 0.784456 0.000036 0.000922 
0.100635 0.019688 0.604700 0.071195 0.203782 
0.006651 0.470742 0.059145 0.000212 0.463250 
0.030378 0.131792 0.835178 0.000984 0.001668 
0.133083 0.297115 0.274925 0.282872 0.012005 
0.159727 0.601818 0.151374 0.040768 0.046312 
0.433603 0.190365 0.012522 0.346519 0.016990 
0.421613 0.000071 0.317573 0.027168 0.233576 
0.165611 0.393860 0.380358 0.031782 0.028389 
0.020410 0.108641 0.490275 0.356005 0.024668 
0.224252 0.015965 0.034559 0.063909 0.661316 
0.330215 0.263250 0.242850 0.096469 0.067216 
0.011180 0.267724 0.566376 0.141554 0.013165 
0.270558 0.355337 0.000760 0.285772 0.087573 
0.161987 0.204445 0.575776 0.056192 0.001601 
0.000440 0.707169 0.007696 0.273967 0.010729 
0.051563 0.043066 0.521488 0.334181 0.049702 
0.278443 0.001282 0.098207 0.159564 0.462504 
0.590116 0.004224 0.026212 0.379353 0.000095 
0.621347 0.059463 0.316951 0.001898 0.000341 
0.532150 0.067682 0.272762 0.003074 0.124332 
0.000010 0.463171 0.125391 0.404119 0.007309 
0.463275 0.254207 0.007583 0.261666 0.013269 
0.145867 0.527881 0.257132 0.002224 0.066896 
0.029750 0.555117 0.200411 0.001739 0.212982 
0.339094 0.067946 0.000321 0.487847 0.104793 
0.002551 0.020351 0.756151 0.132171 0.088776 
0.376861 0.030462 0.240987 0.230128 0.121562 
0.014736 0.003623 0.907868 0.040117 0.033656 
0.182165 0.101862 0.319494 0.098906 0.297573 
0.059999 0.454297 0.004034 0.481237 0.000433 
0.122779 0.183772 0.141123 0.527788 0.024538 
0.006103 0.008004 0.533105 0.328643 0.124145 
0.395503 0.262664 0.065838 0.275923 0.000071 
0.010773 0.865921 0.021940 0.073985 0.027380 
0.183968 0.406955 0.090433 0.055549 0.263094 
0.069175 0.083341 0.266213 0.017339 0.563932 
0.091010 0.393521 0.299297 0.109773 0.106400 
0.156307 0.179477 0.505887 0.137002 0.021327 
0.428648 0.439915 0.007942 0.108705 0.014790 
0.109561 0.260376 0.015562 0.344332 0.270168 
0.555872 0.091814 0.076562 0.050980 0.224772 
0.088867 0.233754 0.215379 0.439758 0.022242 
0.045113 0.910306 0.001392 0.010309 0.032879 
0.020512 0.299894 0.061722 0.184888 0.432985 
0.028061 0.001164 0.895329 0.065617 0.009830 
0.035921 0.174685 0.434877 0.290432 0.064085 
0.463750 0.025398 0.113069 0.396459 0.001323 
0.151379 0.077951 0.509984 0.247584 0.013102 
0.634763 0.001825 0.096227 0.222510 0.044676 
0.501290 0.140334 0.008348 0.038096 0.311933 
0.049250 0.119592 0.665260 0.070544 0.095354 
0.000929 0.456033 0.120959 0.018541 0.403539 
0.143243 0.513831 0.034057 0.192278 0.116590 
0.226163 0.159031 0.072759 0.529955 0.012092 
0.000624 0.032137 0.656368 0.107642 0.203229 
0.025637 0.420233 0.017222 0.224746 0.312162 
0.355630 0.068471 0.349246 0.226593 0.000060 
0.234910 0.500182 0.111240 0.010151 0.143517 
0.050758 0.211995 0.305185 0.201599 0.230464 
0.170151 0.238230 0.022701 0.529853 0.039065 
0.093856 0.400216 0.055925 0.000004 0.449999 
0.038541 0.178628 0.031176 0.734613 0.017042 
0.008242 0.047434 0.415267 0.523569 0.005488 
0.158369 0.071156 0.610760 0.156561 0.003153 
0.312950 0.001333 0.021863 0.650265 0.013588 
0.036046 0.003112 0.799626 0.134079 0.027137 
0.042261 0.105752 0.720705 0.087789 0.043493 
0.045059 0.141373 0.799312 0.010922 0.003335 
0.145338 0.646050 0.076549 0.125754 0.006309 
0.005621 0.265715 0.419295 0.305420 0.003949 
0.813119 0.118406 0.003500 0.057526 0.007449 
0.037263 0.020271 0.570879 0.295196 0.076392 
0.183469 0.012650 0.472779 0.193963 0.137139 
0.000836 0.500926 0.015338 0.482837 0.000063 
0.440776 0.236734 0.001911 0.169817 0.150761 
0.211817 0.224788 0.539272 0.012866 0.011257 
0.015914 0.440841 0.278717 0.003718 0.260810 
0.090837 0.152144 0.753865 0.003152 0.000001 
0.010985 0.010990 0.176323 0.791319 0.010382 
0.000003 0.338075 0.439374 0.006163 0.216385 
0.173335 0.071743 0.006876 0.051824 0.696223 
0.472034 0.240294 0.067426 0.010499 0.209747 
0.003212 0.793183 0.071009 0.042569 0.090026 
0.359499 0.127801 0.451746 0.007177 0.053777 
0.641452 0.277959 0.025106 0.000543 0.054940 
0.000496 0.185840 0.028951 0.639474 0.145238 
0.016914 0.031995 0.210977 0.516510 0.223604 
0.194937 0.075556 0.686393 0.003878 0.039236 
0.142137 0.153377 0.000144 0.458666 0.245677 
0.436603 0.417762 0.124758 0.001714 0.019164 
0.024321 0.505515 0.225336 0.238730 0.006098 
0.029597 0.000001 0.732834 0.235527 0.002041 
0.028424 0.000701 0.064470 0.429402 0.477003 
0.075064 0.821085 0.005218 0.096802 0.001831 
0.383770 0.222548 0.243963 0.004342 0.145377 
0.001268 0.763764 0.014390 0.156677 0.063901 
0.000613 0.296918 0.196791 0.498620 0.007058 
0.304070 0.020052 0.586280 0.077489 0.012108 
0.017948 0.000138 0.492369 0.447746 0.041799 
0.069371 0.450700 0.112823 0.365905 0.001201 
0.000763 0.001255 0.119648 0.669620 0.208714 
0.335066 0.014037 0.224366 0.075203 0.351327 
0.055605 0.013528 0.134632 0.598290 0.197945 
0.159450 0.063938 0.335815 0.432651 0.008146 
0.258212 0.010922 0.273960 0.442850 0.014056 
0.237992 0.090760 0.001885 0.172021 0.497342 
0.532377 0.000302 0.085240 0.152363 0.229718 
0.094644 0.065338 0.001597 0.156034 0.682386 
0.001201 0.036729 0.595030 0.286745 0.080295 
0.004855 0.492782 0.029339 0.356554 0.116469 
0.008652 0.030170 0.091432 0.194802 0.674944 
0.020584 0.000736 0.269525 0.630802 0.078354 
0.098475 0.189714 0.121469 0.531505 0.058837 
0.222965 0.476286 0.001039 0.236253 0.063456 
0.026542 0.100628 0.020261 0.069749 0.782820 
0.229735 0.003755 0.475826 0.287757 0.002926 
0.103456 0.302490 0.169330 0.400111 0.024613 
0.161196 0.027103 0.032019 0.768916 0.010766 
0.185688 0.072697 0.261179 0.000800 0.479636 
0.274182 0.038996 0.005656 0.551161 0.130005 
0.485717 0.421098 0.000240 0.000596 0.092348 
0.346827 0.188190 0.138641 0.212539 0.113803 
0.415754 0.037373 0.111848 0.427608 0.007417 
0.218725 0.051879 0.695139 0.027777 0.006481 
0.046784 0.724875 0.142785 0.000141 0.085414 
0.044230 0.374352 0.118092 0.338077 0.125248 
0.155918 0.148904 0.010731 0.463455 0.220992 
0.273072 0.011828 0.575328 0.019228 0.120544 
0.260621 0.079641 0.249980 0.403571 0.006187 
0.231587 0.000849 0.307003 0.065353 0.395208 
0.796139 0.004109 0.044559 0.045054 0.110139 
0.440345 0.099253 0.038342 0.019923 0.402137 
0.030193 0.012782 0.344056 0.425967 0.187002 
0.000005 0.001641 0.664908 0.177013 0.156433 
0.310200 0.418498 0.001627 0.047773 0.221902 
0.045962 0.295858 0.095564 0.503207 0.059410 
0.007155 0.332814 0.216308 0.347047 0.096675 
0.036032 0.121408 0.357987 0.004440 0.480133 
0.018211 0.344684 0.000064 0.626586 0.010455 
0.028654 0.044288 0.627490 0.278893 0.020675 
0.012717 0.666200 0.065397 0.254645 0.001041 
0.023396 0.330253 0.309407 0.228035 0.108909 
0.011255 0.005085 0.105863 0.856583 0.021214 
0.070920 0.212976 0.540480 0.140675 0.034949 
0.039006 0.660317 0.005513 0.183599 0.111565 
0.000145 0.444499 0.394524 0.101909 0.058923 
0.164157 0.015892 0.044002 0.737078 0.038871 
0.000071 0.000510 0.627274 0.257459 0.114687 
0.007291 0.074403 0.528250 0.075936 0.314119 
0.018964 0.004029 0.598497 0.347814 0.030696 
0.000354 0.414467 0.152467 0.212485 0.220227 
0.022825 0.148755 0.563953 0.260756 0.003711 
0.069801 0.687294 0.235446 0.007347 0.000112 
0.310327 0.263653 0.000436 0.425577 0.000007 
0.047426 0.094103 0.817797 0.011761 0.028913 
0.299469 0.115939 0.580451 0.003015 0.001127 
0.290627 0.324088 0.050132 0.324211 0.010942 
0.484735 0.062342 0.021859 0.342245 0.088819 
0.123435 0.617194 0.082691 0.174526 0.002154 
0.021495 0.317163 0.381072 0.022537 0.257732 
0.188022 0.000772 0.034150 0.767730 0.009326 
0.039456 0.312379 0.010881 0.625505 0.011779 
0.049952 0.338010 0.470127 0.008933 0.132977 
0.000093 0.002624 0.017362 0.976560 0.003362 
0.170605 0.065177 0.594545 0.164773 0.004900 
0.056699 0.339709 0.560991 0.034396 0.008205 
0.604047 0.000211 0.155634 0.164772 0.075336 
0.050935 0.256233 0.017452 0.637082 0.038298 
0.081121 0.433672 0.213862 0.253847 0.017498 
0.275656 0.157801 0.314268 0.201148 0.051127 
0.000490 0.182423 0.614522 0.195978 0.006587 
0.033175 0.515131 0.281320 0.015504 0.154870 
0.221096 0.754371 0.000026 0.016905 0.007602 
0.330864 0.342134 0.028377 0.297146 0.001478 
0.271547 0.076783 0.000651 0.200443 0.450576 
0.133784 0.261120 0.003685 0.589642 0.011770 
0.001819 0.006266 0.892418 0.044879 0.054618 
0.338003 0.202035 0.101972 0.078328 0.279662 
0.067091 0.073956 0.733079 0.107446 0.018428 
0.244664 0.186282 0.054914 0.460197 0.053944 
0.012607 0.480144 0.309263 0.112460 0.085526 
0.298990 0.015121 0.684089 0.000000 0.001800 
0.287842 0.027228 0.537427 0.136856 0.010646 
0.159642 0.169370 0.134934 0.047848 0.488206 
0.068350 0.812477 0.069647 0.049117 0.000409 
0.107777 0.220792 0.177341 0.000254 0.493837 
0.246282 0.054183 0.697311 0.001832 0.000392 
0.142581 0.427192 0.281545 0.009161 0.139521 
0.079961 0.239122 0.282096 0.020855 0.377967 
0.088943 0.000753 0.761989 0.147632 0.000684 
0.411195 0.004318 0.190853 0.387201 0.006433 
0.032663 0.254893 0.367033 0.027134 0.318277 
0.012404 0.371922 0.333555 0.247915 0.034203 
0.180440 0.726681 0.045372 0.005219 0.042289 
0.012164 0.496156 0.258122 0.226561 0.006997 
0.000264 0.612695 0.102524 0.212958 0.071559 
0.001588 0.399723 0.044681 0.288650 0.265358 
0.098803 0.021158 0.261795 0.572211 0.046033 
0.001105 0.630172 0.214114 0.078460 0.076148 
0.015345 0.129751 0.648270 0.093488 0.113147 
0.001733 0.417282 0.148604 0.364683 0.067698 
0.690105 0.011148 0.226990 0.000898 0.070859 
0.030692 0.069362 0.053577 0.837171 0.009197 
0.000283 0.061206 0.884340 0.002753 0.051418 
0.047137 0.363022 0.550458 0.008611 0.030772 
0.012517 0.036449 0.119298 0.760413 0.071323 
0.036748 0.018820 0.007613 0.917620 0.019199 
0.002876 0.559772 0.393415 0.036288 0.007649 
0.019632 0.001990 0.026271 0.949976 0.002132 
0.258490 0.134862 0.006072 0.588892 0.011684 
0.178005 0.192472 0.004182 0.573820 0.051521 
0.042629 0.487499 0.334131 0.133587 0.002153 
0.028900 0.074984 0.819482 0.075785 0.000849 
0.011160 0.407679 0.114452 0.451435 0.015274 
0.046371 0.000226 0.011073 0.902752 0.039578 
0.125528 0.141561 0.134251 0.486815 0.111845 
0.074093 0.188657 0.701831 0.000112 0.035308 
0.000047 0.211311 0.505093 0.037341 0.246208 
0.021527 0.212192 0.739873 0.026013 0.000396 
0.293186 0.006325 0.546481 0.153860 0.000148 
0.143550 0.000005 0.509301 0.244611 0.102532 
0.194563 0.015741 0.200198 0.491306 0.098192 
0.274647 0.381906 0.013387 0.222113 0.107946 
0.332650 0.130050 0.017944 0.371240 0.148116 
0.177671 0.007588 0.551536 0.151648 0.111557 
0.017261 0.583319 0.134228 0.029802 0.235390 
0.335702 0.161630 0.020836 0.381326 0.100506 
0.159896 0.037857 0.361980 0.412112 0.028155 
0.036798 0.777531 0.014048 0.105060 0.066563 
0.133495 0.075799 0.135580 0.581635 0.073491 
0.039045 0.303601 0.507552 0.015716 0.134086 
0.096471 0.458615 0.049347 0.033909 0.361659 
0.258625 0.176947 0.017295 0.499826 0.047307 
0.001699 0.611682 0.076506 0.310110 0.000003 
0.080551 0.241198 0.278851 0.359374 0.040026 
0.214806 0.460038 0.028536 0.165082 0.131538 
0.097255 0.011829 0.854216 0.032732 0.003968 
0.265748 0.296042 0.204293 0.013957 0.219960 
0.280671 0.211641 0.115532 0.060001 0.332155 
0.002425 0.447487 0.391063 0.047335 0.111689 
0.140592 0.013289 0.350163 0.441817 0.054140 
0.050488 0.698383 0.139531 0.000778 0.110821 
0.064097 0.013779 0.054931 0.032041 0.835151 
0.015532 0.951219 0.028477 0.000126 0.004646 
0.011572 0.311098 0.598698 0.053537 0.025095 
0.008384 0.868282 0.011198 0.100079 0.012058 
0.225426 0.227486 0.139272 0.019063 0.388754 
0.256163 0.061672 0.377972 0.220724 0.083468 
0.103493 0.292757 0.589292 0.007246 0.007211 
0.081806 0.797765 0.100690 0.002198 0.017541 
0.252083 0.171826 0.066041 0.505975 0.004076 
0.097475 0.458494 0.158634 0.261183 0.024214 
0.071697 0.534762 0.008085 0.322815 0.062640 
0.099031 0.033470 0.065968 0.765344 0.036188 
0.336267 0.111853 0.015622 0.535694 0.000564 
0.056916 0.000347 0.292731 0.419113 0.230893 
0.000187 0.077221 0.653569 0.236305 0.032718 
0.004405 0.008760 0.735769 0.124693 0.126373 
0.003192 0.284996 0.606551 0.015536 0.089725 
0.000397 0.209701 0.340060 0.449292 0.000549 
0.199425 0.253559 0.202808 0.020546 0.323663 
0.087151 0.484628 0.058386 0.304178 0.065657 
0.032148 0.651700 0.182931 0.082921 0.050301 
0.000703 0.491688 0.262001 0.241041 0.004567 
0.019082 0.114991 0.290023 0.289578 0.286326 
0.115616 0.647062 0.003793 0.210847 0.022682 
0.310585 0.043812 0.126552 0.403605 0.115447 
0.118711 0.449203 0.392151 0.012561 0.027374 
0.102070 0.000110 0.553264 0.329215 0.015341 
0.357143 0.151111 0.021890 0.346756 0.123100 
0.151899 0.409517 0.419982 0.017740 0.000862 
0.059892 0.658545 0.024422 0.146113 0.111027 
0.138078 0.199491 0.002295 0.629354 0.030782 
0.217073 0.146002 0.008039 0.564689 0.064197 
0.164260 0.306219 0.001191 0.285622 0.242708 
0.397668 0.027999 0.561947 0.008135 0.004251 
0.318962 0.172097 0.086627 0.132505 0.289808 
0.080405 0.006406 0.881903 0.021747 0.009538 
0.003334 0.344721 0.178527 0.283590 0.189828 
0.254608 0.162821 0.096316 0.126210 0.360046 
0.137260 0.111251 0.062787 0.585454 0.103249 
0.025231 0.061302 0.857770 0.027308 0.028388 
0.013794 0.095660 0.384422 0.501755 0.004369 
0.001673 0.556261 0.036699 0.298124 0.107242 
0.117911 0.416415 0.295764 0.138561 0.031350 
0.258067 0.291191 0.400034 0.000380 0.050327 
0.029656 0.267993 0.581858 0.006275 0.114219 
0.016916 0.884825 0.089778 0.001956 0.006525 
0.503367 0.003099 0.419886 0.000001 0.073647 
0.001147 0.527297 0.045200 0.009541 0.416815 
0.075223 0.327613 0.319053 0.038466 0.239645 
0.001947 0.483863 0.060342 0.336947 0.116902 
0.091661 0.188982 0.319805 0.398449 0.001102 
0.075400 0.173871 0.166016 0.002751 0.581963 
0.003614 0.230357 0.461298 0.218530 0.086202 
0.093179 0.827084 0.000046 0.008515 0.071175 
0.000355 0.551044 0.012832 0.299296 0.136472 
0.025250 0.156600 0.309974 0.016218 0.491958 
0.026200 0.582612 0.184936 0.028221 0.178031 
0.161160 0.115475 0.027986 0.627442 0.067937 
0.370145 0.036552 0.205023 0.388006 0.000275 
0.012733 0.053020 0.259902 0.665517 0.008828 
0.342565 0.024581 0.306044 0.002328 0.324482 
0.175487 0.000977 0.440428 0.006096 0.377011 
0.009281 0.332759 0.027612 0.009062 0.621285 
0.109654 0.694925 0.001081 0.010938 0.183401 
0.056098 0.037775 0.755303 0.008540 0.142284 
0.112101 0.007309 0.867067 0.011615 0.001907 
0.181287 0.014667 0.160377 0.520134 0.123536 
0.009492 0.178788 0.740085 0.003304 0.068331 
0.052351 0.024770 0.723266 0.013459 0.186155 
0.161134 0.555848 0.077953 0.204773 0.000292 
0.130909 0.467501 0.016884 0.381320 0.003385 
0.035139 0.064173 0.777514 0.050925 0.072250 
0.113975 0.165291 0.240122 0.006502 0.474110 
0.639898 0.002129 0.101871 0.255597 0.000504 
0.073168 0.000000 0.829901 0.093317 0.003613 
0.000063 0.057243 0.619586 0.127629 0.195478 
0.036703 0.608265 0.069063 0.237578 0.048391 
0.009586 0.092083 0.640978 0.229968 0.027385 
0.032277 0.492337 0.093631 0.037250 0.344505 
0.165305 0.000229 0.641428 0.160423 0.032614 
0.078326 0.380884 0.229010 0.021531 0.290249 
0.153912 0.103613 0.337456 0.383207 0.021812 
0.035001 0.103165 0.086860 0.607271 0.167704 
0.169562 0.008845 0.375061 0.388183 0.058349 
0.000002 0.000008 0.867347 0.042718 0.089924 
0.144866 0.001240 0.586788 0.149706 0.117401 
0.001401 0.267031 0.301156 0.391583 0.038830 
0.089015 0.001594 0.474512 0.367908 0.066971 
0.016229 0.376968 0.062559 0.102474 0.441770 
0.003955 0.009048 0.077404 0.698824 0.210768 
0.122064 0.002572 0.598460 0.184868 0.092036 
0.001260 0.058684 0.200188 0.341729 0.398138 
0.098453 0.000007 0.580432 0.240665 0.080443 
0.000016 0.515742 0.006285 0.199788 0.278169 
0.008381 0.419854 0.159311 0.411431 0.001023 
0.460853 0.001209 0.317214 0.212290 0.008434 
0.037945 0.059526 0.039288 0.841353 0.021889 
0.127076 0.029198 0.148716 0.564475 0.130534 
0.327248 0.129872 0.009357 0.404828 0.128695 
0.371751 0.133836 0.043160 0.258491 0.192762 
0.025756 0.056689 0.528544 0.283346 0.105665 
0.035565 0.540023 0.018967 0.093862 0.311583 
0.163839 0.341831 0.000437 0.418730 0.075163 
0.002597 0.420741 0.111129 0.277330 0.188203 
0.089168 0.015591 0.311837 0.580027 0.003378 
0.001183 0.000305 0.462113 0.284518 0.251881 
0.004059 0.000070 0.292802 0.354203 0.348867 
0.025508 0.589395 0.027366 0.192117 0.165614 
0.302106 0.000072 0.393795 0.273874 0.030153 
0.314418 0.123480 0.404070 0.077384 0.080648 
0.264475 0.220804 0.441308 0.035495 0.037917 
0.010092 0.965109 0.001293 0.005313 0.018193 
0.113915 0.243740 0.395574 0.136079 0.110692 
0.025023 0.025457 0.684042 0.172239 0.093238 
0.165566 0.217131 0.000180 0.609709 0.007414 
0.224491 0.197598 0.120974 0.058667 0.398269 
0.102287 0.171585 0.564980 0.055269 0.105879 
0.074994 0.239575 0.166825 0.431682 0.086924 
0.007730 0.814245 0.057340 0.039441 0.081244 
0.000006 0.138762 0.375812 0.244343 0.241077 
0.064073 0.522179 0.002124 0.312495 0.099129 
0.508107 0.296877 0.145558 0.048921 0.000537 
0.197688 0.014921 0.153173 0.429285 0.204933 
0.185098 0.061040 0.069991 0.646069 0.037802 
0.016820 0.157148 0.714518 0.069599 0.041915 
0.000606 0.854603 0.007978 0.052216 0.084597 
0.013087 0.778039 0.170941 0.035357 0.002576 
0.184867 0.001276 0.122686 0.533176 0.157995 
0.000001 0.495096 0.485759 0.015152 0.003993 
0.298881 0.083347 0.106890 0.488498 0.022383 
0.141123 0.088078 0.668372 0.002924 0.099503 
0.043366 0.732702 0.040671 0.028809 0.154451 
0.372465 0.148491 0.039587 0.281143 0.158315 
0.206996 0.001056 0.498909 0.046453 0.246586 
0.164150 0.391466 0.269409 0.159220 0.015754 
0.181598 0.003800 0.547668 0.113803 0.153132 
0.004470 0.544040 0.152285 0.296845 0.002361 
0.014665 0.429436 0.235157 0.138654 0.182088 
0.010678 0.506978 0.205228 0.204934 0.072182 
0.048670 0.156500 0.176371 0.006727 0.611732 
0.132055 0.008760 0.268618 0.182182 0.408385 
0.042529 0.122277 0.797537 0.000002 0.037655 
0.106097 0.247204 0.015231 0.625755 0.005712 
0.171907 0.002906 0.018436 0.675500 0.131252 
0.065945 0.000265 0.275063 0.339675 0.319052 
0.128123 0.286144 0.192308 0.390634 0.002791 
0.005349 0.492020 0.141981 0.326039 0.034610 
0.016352 0.066319 0.821511 0.064020 0.031797 
0.122205 0.304421 0.177588 0.393273 0.002513 
0.077764 0.418108 0.011677 0.456051 0.036400 
0.373730 0.140877 0.059595 0.203776 0.222023 
0.182356 0.016055 0.773815 0.023815 0.003958 
0.132049 0.045339 0.441911 0.380053 0.000649 
0.100005 0.414098 0.431649 0.007497 0.046751 
0.016456 0.042074 0.153851 0.765078 0.022541 
0.014528 0.056979 0.068092 0.824547 0.035853 
0.049845 0.907634 0.040921 0.000920 0.000680 
0.139158 0.153469 0.368319 0.332819 0.006235 
0.174842 0.277396 0.001612 0.426156 0.119994 
0.000107 0.200599 0.466521 0.276532 0.056241 
0.090513 0.083492 0.825047 0.000069 0.000879 
0.013776 0.478204 0.031260 0.068762 0.407999 
0.277164 0.119610 0.266471 0.334659 0.002096 
0.071807 0.189499 0.071236 0.003455 0.664003 
0.191647 0.283797 0.452535 0.010906 0.061115 
0.002484 0.627509 0.088445 0.099910 0.181652 
0.303535 0.086549 0.069527 0.232591 0.307799 
0.104089 0.136924 0.734478 0.005111 0.019397 
0.310675 0.294738 0.042930 0.312515 0.039142 
0.056203 0.583222 0.013091 0.224336 0.123148 
0.361106 0.173966 0.075050 0.141176 0.248701 
0.010374 0.713234 0.002370 0.021613 0.252409 
0.059841 0.045327 0.836205 0.014265 0.044362 
0.021070 0.530303 0.149153 0.286819 0.012655 
0.246967 0.290009 0.098803 0.357523 0.006697 
0.040156 0.335632 0.236422 0.044517 0.343273 
0.043119 0.239701 0.419192 0.292731 0.005257 
0.019820 0.117663 0.560131 0.001673 0.300713 
0.184854 0.214317 0.011800 0.532526 0.056503 
0.073746 0.023271 0.730231 0.025269 0.147482 
0.033578 0.259697 0.546189 0.000018 0.160518 
0.264517 0.067299 0.192371 0.426190 0.049622 
0.197423 0.136304 0.614049 0.048348 0.003876 
0.071592 0.258185 0.328953 0.215235 0.126035 
0.033065 0.241873 0.002174 0.510929 0.211959 
0.139245 0.166068 0.479186 0.069365 0.146136 
0.160963 0.279829 0.011075 0.523550 0.024582 
0.551525 0.046328 0.048610 0.353154 0.000383 
0.016211 0.516413 0.000788 0.270679 0.195909 
0.287273 0.271694 0.002282 0.398326 0.040425 
0.449522 0.097532 0.077878 0.374587 0.000481 
0.017308 0.307734 0.309705 0.039870 0.325384 
0.125934 0.156588 0.667070 0.037997 0.012411 
0.064166 0.426542 0.195896 0.011617 0.301779 
0.133822 0.004156 0.616721 0.083847 0.161455 
0.198733 0.034603 0.602733 0.081991 0.081940 
0.189849 0.033213 0.693451 0.083263 0.000225 
0.119794 0.482894 0.023988 0.272621 0.100703 
0.057006 0.092229 0.748017 0.039750 0.062997 
0.251752 0.029169 0.000108 0.490737 0.228235 
0.013046 0.105530 0.864720 0.000994 0.015710 
0.226445 0.090293 0.365927 0.314112 0.003223 
0.621660 0.003815 0.088632 0.107796 0.178097 
0.227609 0.132870 0.553421 0.082288 0.003812 
0.011570 0.195483 0.034290 0.268292 0.490365 
0.000359 0.170472 0.420181 0.106824 0.302164 
0.051636 0.454152 0.021848 0.462411 0.009953 
0.160938 0.050393 0.560518 0.161686 0.066464 
0.002424 0.638393 0.048007 0.030418 0.280758 
0.043822 0.626441 0.046253 0.090654 0.192830 
0.063287 0.569936 0.196011 0.169583 0.001183 
0.426779 0.239657 0.010613 0.219439 0.103513 
0.333294 0.219543 0.016090 0.007335 0.423739 
0.007122 0.594801 0.243954 0.049904 0.104218 
0.182268 0.361978 0.036035 0.102404 0.317316 
0.122090 0.289005 0.006069 0.187454 0.395383 
0.599698 0.176708 0.174943 0.000868 0.047783 
0.030265 0.044326 0.364041 0.502023 0.059345 
0.069121 0.511309 0.008893 0.174871 0.235807 
0.114954 0.285785 0.003206 0.447670 0.148386 
0.160965 0.113341 0.110992 0.614409 0.000292 
0.020669 0.040303 0.527684 0.283977 0.127367 
0.188993 0.002949 0.442687 0.341525 0.023846 
0.059306 0.362365 0.452244 0.007746 0.118339 
0.015785 0.002874 0.560785 0.015666 0.404890 
0.164586 0.612026 0.154741 0.066339 0.002307 
0.000227 0.668754 0.002312 0.195032 0.133675 
0.005115 0.577385 0.187112 0.034162 0.196226 
0.036092 0.788430 0.002812 0.151270 0.021396 
0.046094 0.031699 0.792003 0.098530 0.031674 
0.007582 0.605053 0.297807 0.001297 0.088261 
0.144667 0.358657 0.000407 0.126324 0.369944 
0.159496 0.036028 0.078356 0.533380 0.192740 
0.003277 0.671955 0.044716 0.095404 0.184648 
0.037282 0.003237 0.287835 0.668884 0.002762 
0.316894 0.165285 0.070035 0.032280 0.415505 
0.043368 0.115766 0.006767 0.758180 0.075920 
0.050564 0.026345 0.286631 0.427650 0.208810 
0.217705 0.439574 0.313599 0.008831 0.020291 
0.458152 0.035632 0.280995 0.000051 0.225169 
0.003192 0.015426 0.110469 0.868258 0.002655 
0.028568 0.497926 0.089157 0.086723 0.297626 
0.461866 0.015639 0.450290 0.071750 0.000456 
0.413271 0.016724 0.187349 0.350124 0.032533 
0.147796 0.008250 0.000716 0.832570 0.010667 
0.350512 0.000745 0.238494 0.383531 0.026719 
0.091232 0.073376 0.115525 0.692484 0.027384 
0.233759 0.039085 0.170469 0.539510 0.017177 
0.035611 0.705429 0.055460 0.203404 0.000096 
0.320921 0.009350 0.606028 0.007483 0.056218 
0.002900 0.276609 0.357223 0.297485 0.065783 
0.093336 0.350435 0.008213 0.490299 0.057717 
0.039973 0.079180 0.030588 0.821683 0.028575 
0.778861 0.140870 0.063640 0.002181 0.014447 
0.166432 0.084446 0.013272 0.400134 0.335716 
0.454181 0.069183 0.103683 0.272255 0.100698 
0.481816 0.334452 0.031604 0.009507 0.142621 
0.097389 0.230087 0.035646 0.052387 0.584491 
0.019033 0.337990 0.476307 0.023222 0.143449 
0.037850 0.238884 0.102113 0.604651 0.016502 
0.072879 0.102095 0.043859 0.661357 0.119810 
0.045556 0.188155 0.005832 0.539205 0.221252 
0.015452 0.383036 0.240702 0.122274 0.238536 
0.007894 0.488209 0.084391 0.074764 0.344741 
0.623534 0.016218 0.298022 0.047344 0.014883 
0.054917 0.443335 0.332152 0.062411 0.107184 
0.440626 0.003674 0.336486 0.152960 0.066255 
0.002848 0.208379 0.008019 0.402985 0.377769 
0.004194 0.183004 0.050710 0.558142 0.203950 
0.273052 0.519294 0.006042 0.013217 0.188395 
0.022928 0.019673 0.482429 0.338481 0.136489 
0.060288 0.338347 0.444183 0.015826 0.141355 
0.004258 0.265854 0.024045 0.455920 0.249923 
0.000020 0.403778 0.269421 0.040127 0.286654 
0.371007 0.001926 0.265872 0.352193 0.009002 
0.151706 0.062505 0.240207 0.541218 0.004364 
0.393298 0.016255 0.099307 0.309846 0.181294 
0.103518 0.194777 0.633787 0.001257 0.066662 
0.088890 0.680559 0.020330 0.000204 0.210017 
0.291267 0.144267 0.112454 0.098463 0.353549 
0.000162 0.052188 0.052692 0.894444 0.000515 
0.354161 0.058729 0.036484 0.215958 0.334668 
0.055166 0.082981 0.031397 0.811046 0.019411 
0.099227 0.810667 0.028952 0.040247 0.020907 
0.007391 0.090984 0.163285 0.719806 0.018534 
0.062622 0.150540 0.144590 0.629168 0.013080 
0.051281 0.838567 0.045296 0.032147 0.032709 
0.260600 0.402762 0.178637 0.003471 0.154530 
0.377288 0.036089 0.195483 0.370593 0.020548 
0.330915 0.015052 0.484434 0.147263 0.022335 
0.012467 0.192238 0.376128 0.129181 0.289985 
0.417019 0.022338 0.241580 0.318325 0.000738 
0.259556 0.396712 0.015372 0.001774 0.326586 
0.150787 0.076870 0.062213 0.707047 0.003083 
0.220769 0.039845 0.214573 0.478877 0.045936 
0.010334 0.633281 0.325177 0.026543 0.004665 
0.001003 0.506546 0.000006 0.419578 0.072867 
0.119091 0.042205 0.538025 0.204539 0.096140 
0.027103 0.693492 0.002750 0.004105 0.272550 
0.080763 0.358272 0.106533 0.000132 0.454301 
0.035097 0.002550 0.656611 0.096937 0.208805 
0.319148 0.259602 0.303879 0.000083 0.117288 
0.052473 0.358918 0.082987 0.446909 0.058713 
0.004376 0.625958 0.000077 0.304190 0.065399 
0.004052 0.230396 0.144347 0.605507 0.015698 
0.000831 0.004366 0.731930 0.129912 0.132961 
0.153092 0.250132 0.062485 0.482048 0.052244 
0.055288 0.115908 0.645361 0.092561 0.090882 
0.370684 0.251611 0.004756 0.050615 0.322334 
0.030426 0.000017 0.938291 0.014283 0.016983 
0.089904 0.068511 0.729862 0.090337 0.021385 
0.077414 0.324154 0.114009 0.396119 0.088303 
0.012643 0.346512 0.003690 0.426899 0.210257 
0.136440 0.067964 0.069362 0.697013 0.029221 
0.075629 0.014612 0.863620 0.020757 0.025382 
0.125103 0.174497 0.484060 0.204118 0.012222 
0.224393 0.471947 0.170547 0.047130 0.085983 
0.065527 0.032557 0.812103 0.042455 0.047358 
0.262673 0.117247 0.000797 0.544988 0.074296 
0.075144 0.304860 0.315786 0.012549 0.291660 
0.054890 0.000138 0.322719 0.416404 0.205850 
0.120593 0.001974 0.006812 0.859261 0.011360 
0.096546 0.117162 0.093956 0.621670 0.070666 
0.011495 0.024999 0.083485 0.878521 0.001500 
0.072657 0.010584 0.283711 0.599610 0.033437 
0.188433 0.152302 0.451727 0.016835 0.190704 
0.163725 0.135125 0.171925 0.348696 0.180529 
0.015464 0.052156 0.894413 0.031357 0.006609 
0.020410 0.162596 0.349806 0.442879 0.024309 
0.000127 0.269096 0.450916 0.026917 0.252944 
0.095050 0.540553 0.000212 0.016282 0.347904 
0.016747 0.008246 0.761937 0.207839 0.005232 
0.000505 0.329704 0.149562 0.185245 0.334984 
0.046864 0.886032 0.004151 0.037078 0.025875 
0.002290 0.013643 0.298528 0.682357 0.003182 
0.018075 0.287978 0.014116 0.459478 0.220353 
0.014586 0.600032 0.002167 0.244520 0.138694 
0.025823 0.782318 0.154849 0.007412 0.029597 
0.090664 0.000009 0.036387 0.825967 0.046972 
0.027841 0.045445 0.758582 0.075749 0.092383 
0.035646 0.104437 0.794461 0.063331 0.002125 
0.111687 0.060871 0.010119 0.658514 0.158809 
0.090917 0.402662 0.000476 0.435915 0.070030 
0.023310 0.004618 0.023921 0.941771 0.006380 
0.051767 0.217452 0.239897 0.458457 0.032427 
0.088409 0.272299 0.400138 0.087006 0.152148 
0.167488 0.168406 0.006959 0.651557 0.005589 
0.166133 0.394993 0.102313 0.336561 0.000000 
0.057578 0.801089 0.017455 0.102771 0.021107 
0.000882 0.000125 0.396637 0.337702 0.264654 
0.011580 0.489264 0.003896 0.204339 0.290921 
0.007935 0.710530 0.026997 0.247892 0.006645 
0.131993 0.491570 0.076622 0.295453 0.004362 
0.058687 0.432104 0.059298 0.152290 0.297621 
0.028419 0.233634 0.614869 0.116347 0.006732 
0.006966 0.115543 0.876034 0.000066 0.001393 
0.592726 0.064707 0.009099 0.333104 0.000363 
0.136842 0.005545 0.466781 0.268696 0.122137 
0.344748 0.246151 0.081986 0.000595 0.326519 
0.001338 0.097921 0.768473 0.132210 0.000057 
0.328865 0.095443 0.288946 0.286686 0.000060 
0.103366 0.029788 0.497229 0.203729 0.165888 
0.028143 0.033980 0.933036 0.003974 0.000867 
0.038729 0.000149 0.344939 0.210352 0.405831 
0.010422 0.307886 0.003286 0.503459 0.174947 
0.028634 0.261199 0.625184 0.070241 0.014742 
0.095069 0.133930 0.224872 0.463014 0.083115 
0.076860 0.052361 0.853562 0.000457 0.016760 
0.010429 0.466235 0.052672 0.269166 0.201498 
0.089765 0.192783 0.716953 0.000125 0.000374 
0.067405 0.660590 0.106626 0.061538 0.103841 
0.009992 0.701088 0.262737 0.003703 0.022481 
0.003910 0.456967 0.517060 0.002474 0.019589 
0.044754 0.409548 0.265511 0.107302 0.172885 
0.075381 0.282160 0.507776 0.035032 0.099650 
0.026100 0.003974 0.118022 0.842737 0.009167 
0.276109 0.012901 0.105598 0.392943 0.212449 
0.141353 0.044343 0.261944 0.296642 0.255717 
0.024945 0.538955 0.301946 0.066807 0.067347 
0.000518 0.007778 0.450454 0.096982 0.444268 
0.005021 0.628220 0.016319 0.279852 0.070588 
0.027344 0.101385 0.023170 0.801768 0.046333 
0.132353 0.298523 0.114414 0.454407 0.000302 
0.093519 0.001162 0.139343 0.700207 0.065769 
0.007476 0.100422 0.010725 0.823776 0.057601 
0.169781 0.230079 0.046573 0.528125 0.025442 
0.212599 0.019694 0.075196 0.543683 0.148827 
0.119477 0.007026 0.477210 0.389767 0.006519 
0.004636 0.017035 0.447641 0.302290 0.228398 
0.062645 0.566819 0.001260 0.193409 0.175867 
0.000568 0.881970 0.003734 0.104136 0.009592 
0.174154 0.249560 0.136032 0.438595 0.001659 
0.000879 0.051234 0.107713 0.000759 0.839415 
0.472934 0.362683 0.021937 0.000001 0.142446 
0.016810 0.742862 0.066783 0.029869 0.143676 
0.354399 0.002733 0.431533 0.170350 0.040986 
0.000056 0.320866 0.301296 0.371956 0.005825 
0.006619 0.592468 0.043315 0.142214 0.215384 
0.553508 0.008460 0.277757 0.159924 0.000350 
0.041192 0.299611 0.287202 0.361640 0.010356 
0.500388 0.309106 0.001408 0.135237 0.053862 
0.307089 0.186575 0.024211 0.434779 0.047346 
0.027484 0.440325 0.185362 0.343837 0.002992 
0.003431 0.266638 0.673599 0.047154 0.009177 
0.160236 0.347591 0.016108 0.379628 0.096438 
0.044897 0.004204 0.401469 0.547620 0.001811 
0.006395 0.745242 0.206121 0.017851 0.024391 
0.259116 0.681858 0.000333 0.043657 0.015036 
0.510420 0.428304 0.002394 0.036416 0.022467 
0.000737 0.029583 0.813737 0.006898 0.149046 
0.013078 0.115718 0.731937 0.016630 0.122637 
0.049623 0.150676 0.793897 0.001546 0.004258 
0.431940 0.210655 0.038686 0.128609 0.190110 
0.006815 0.047500 0.728429 0.037877 0.179380 
0.227459 0.548351 0.057283 0.087886 0.079022 
0.065647 0.187448 0.565983 0.063747 0.117174 
0.035222 0.755313 0.040078 0.159128 0.010259 
0.003019 0.577963 0.025092 0.026673 0.367252 
0.000411 0.023169 0.803178 0.121867 0.051376 
0.301752 0.095785 0.361806 0.216248 0.024409 
0.237498 0.483944 0.047292 0.017529 0.213738 
0.280943 0.002760 0.069833 0.031908 0.614556 
0.177095 0.015211 0.290785 0.476202 0.040708 
0.512686 0.188751 0.000697 0.278041 0.019825 
0.127368 0.043471 0.625004 0.176089 0.028069 
0.050210 0.007684 0.494775 0.378318 0.069012 
0.080626 0.027142 0.513578 0.370733 0.007921 
0.120558 0.459705 0.141010 0.033939 0.244789 
0.012324 0.671003 0.165761 0.019296 0.131615 
0.004299 0.881450 0.011302 0.041038 0.061910 
0.052901 0.694080 0.017042 0.214737 0.021240 
0.005736 0.339308 0.230399 0.000936 0.423621 
0.248579 0.343956 0.026537 0.086526 0.294403 
0.043619 0.000039 0.705776 0.250126 0.000441 
0.190920 0.311938 0.056504 0.423192 0.017446 
0.169148 0.066918 0.569487 0.191063 0.003384 
0.066446 0.552289 0.170257 0.008025 0.202983 
0.108221 0.347123 0.121052 0.359271 0.064334 
0.001572 0.160841 0.459445 0.133044 0.245099 
0.020889 0.210525 0.684888 0.016223 0.067474 
0.568724 0.060840 0.208845 0.000603 0.160989 
0.237043 0.176939 0.012419 0.565026 0.008572 
0.161314 0.435188 0.019127 0.351123 0.033247 
0.043241 0.767760 0.038139 0.051213 0.099647 
0.198257 0.244968 0.002060 0.526438 0.028277 
0.009892 0.113413 0.111885 0.760087 0.004722 
0.255226 0.111064 0.123522 0.473879 0.036309 
0.063153 0.100267 0.044364 0.774466 0.017750 
0.265941 0.493496 0.157206 0.034394 0.048963 
0.034951 0.245453 0.628445 0.090103 0.001048 
0.206869 0.030152 0.742416 0.014164 0.006400 
0.009218 0.006357 0.579593 0.282989 0.121843 
0.060537 0.035856 0.430213 0.461222 0.012172 
0.262628 0.234192 0.168815 0.249440 0.084925 
0.013358 0.564386 0.002422 0.167168 0.252666 
0.001166 0.361223 0.077398 0.559130 0.001083 
0.140299 0.654999 0.090243 0.017724 0.096735 
0.147472 0.059056 0.590917 0.150053 0.052502 
0.033506 0.291518 0.424118 0.007045 0.243814 
0.179218 0.680985 0.006097 0.021753 0.111947 
0.046727 0.072213 0.567769 0.209635 0.103656 
0.063259 0.198136 0.709277 0.018818 0.010510 
0.138337 0.081026 0.275263 0.087824 0.417550 
0.231347 0.702036 0.040590 0.006505 0.019521 
0.001950 0.054441 0.009980 0.324643 0.608986 
0.004196 0.126498 0.319728 0.343276 0.206302 
0.010957 0.567849 0.189094 0.024783 0.207317 
0.000558 0.018111 0.681744 0.079061 0.220526 
0.018753 0.771444 0.002786 0.164135 0.042882 
0.456494 0.189195 0.302286 0.050957 0.001069 
0.174274 0.037193 0.558889 0.119787 0.109857 
0.344962 0.197291 0.099319 0.020320 0.338108 
0.011919 0.004453 0.816564 0.159507 0.007558 
0.060456 0.841130 0.008876 0.084081 0.005458 
0.010753 0.717623 0.026256 0.241089 0.004280 
0.070588 0.020667 0.383931 0.430890 0.093924 
0.141584 0.119030 0.642510 0.025102 0.071774 
0.015878 0.709820 0.000026 0.220250 0.054026 
0.020674 0.381412 0.465246 0.128645 0.004023 
0.338650 0.174887 0.024492 0.399675 0.062296 
0.016145 0.353818 0.064111 0.560271 0.005656 
0.370634 0.208097 0.089775 0.085283 0.246212 
0.256084 0.274295 0.001405 0.466970 0.001246 
0.085856 0.006132 0.884918 0.000389 0.022705 
0.193314 0.000933 0.671887 0.059410 0.074456 
0.284430 0.079454 0.020506 0.263230 0.352380 
0.424773 0.158890 0.014314 0.397187 0.004836 
0.033912 0.409931 0.115463 0.379516 0.061178 
0.118960 0.545859 0.075887 0.248798 0.010496 
0.049980 0.448311 0.047778 0.360772 0.093159 
0.002795 0.148986 0.504149 0.132631 0.211439 
0.000797 0.233663 0.399422 0.365988 0.000131 
0.215239 0.082283 0.685862 0.013605 0.003011 
0.001616 0.183934 0.423659 0.200846 0.189944 
0.213369 0.019146 0.245311 0.498904 0.023271 
0.056391 0.001410 0.746472 0.046131 0.149596 
0.102813 0.000009 0.475544 0.364081 0.057554 
0.225656 0.091660 0.088273 0.004279 0.590132 
0.000447 0.376116 0.248932 0.001646 0.372860 
0.001324 0.000041 0.125269 0.798474 0.074893 
0.000718 0.120193 0.438114 0.425981 0.014993 
0.002309 0.424346 0.441100 0.118342 0.013903 
0.190041 0.002487 0.623141 0.161231 0.023101 
0.267033 0.544621 0.115166 0.013250 0.059930 
0.062832 0.232454 0.616927 0.085869 0.001918 
0.252620 0.020438 0.056603 0.637911 0.032428 
0.209966 0.631639 0.009288 0.099448 0.049659 
0.045436 0.268652 0.452570 0.040789 0.192552 
0.224152 0.131943 0.088893 0.171932 0.383080 
0.057035 0.069106 0.698450 0.105815 0.069594 
0.052290 0.096038 0.404376 0.078870 0.368426 
0.509029 0.238399 0.001029 0.000444 0.251099 
0.023677 0.137255 0.454342 0.036863 0.347863 
0.011463 0.268076 0.021854 0.135409 0.563197 
0.173616 0.131384 0.108985 0.116346 0.469669 
0.014970 0.112463 0.383861 0.294908 0.193798 
0.008792 0.229655 0.614900 0.037602 0.109051 
0.096086 0.130312 0.134844 0.057651 0.581108 
0.046072 0.600285 0.007153 0.239422 0.107068 
0.040206 0.118877 0.170433 0.001379 0.669105 
0.639881 0.203594 0.107206 0.037011 0.012308 
0.105472 0.376790 0.320651 0.171168 0.025919 
0.057861 0.339616 0.012211 0.409080 0.181232 
0.055047 0.609275 0.006933 0.014610 0.314136 
0.291656 0.026198 0.293183 0.386478 0.002486 
0.058248 0.002512 0.303025 0.489314 0.146901 
0.085156 0.140922 0.636102 0.013544 0.124276 
0.001805 0.093584 0.291985 0.003933 0.608693 
0.165117 0.286743 0.478316 0.063859 0.005966 
0.120182 0.434377 0.037359 0.406253 0.001829 
0.257360 0.134167 0.005171 0.595494 0.007807 
0.323272 0.191035 0.367206 0.062404 0.056084 
0.234805 0.009933 0.384438 0.281868 0.088955 
0.028811 0.267634 0.169000 0.534424 0.000130 
0.341786 0.078058 0.110093 0.388935 0.081128 
0.010033 0.352850 0.270723 0.057660 0.308733 
0.198899 0.589247 0.074086 0.003710 0.134057 
0.329026 0.021568 0.168535 0.353620 0.127250 
0.044652 0.010545 0.902563 0.020655 0.021585 
0.150451 0.218788 0.000045 0.567891 0.062824 
0.109893 0.042925 0.042466 0.796150 0.008566 
0.038214 0.226201 0.407191 0.001874 0.326520 
0.153953 0.349016 0.483864 0.000171 0.012995 
0.238963 0.415192 0.128550 0.000031 0.217264 
0.017008 0.541604 0.268479 0.117814 0.055095 
0.288004 0.098062 0.019397 0.407590 0.186947 
0.000152 0.331729 0.053403 0.408028 0.206688 
0.347943 0.109064 0.030990 0.314067 0.197936 
0.089228 0.321715 0.514905 0.022854 0.051298 
0.062627 0.027374 0.346318 0.555626 0.008055 
0.197567 0.099022 0.068648 0.596508 0.038254 
0.000745 0.340485 0.457552 0.193858 0.007360 
0.278074 0.124877 0.005520 0.468142 0.123388 
0.007137 0.181857 0.464771 0.010409 0.335826 
0.021963 0.096858 0.705783 0.001224 0.174172 
0.000918 0.444763 0.007579 0.357938 0.188802 
0.005777 0.497191 0.080232 0.164168 0.252631 
0.138710 0.554270 0.117476 0.185159 0.004385 
0.191005 0.150571 0.003980 0.569012 0.085433 
0.209937 0.699771 0.051137 0.017019 0.022137 
0.038946 0.000031 0.234327 0.706837 0.019858 
0.032627 0.118048 0.784744 0.001222 0.063358 
0.016327 0.114212 0.555067 0.157423 0.156971 
0.001221 0.044953 0.325936 0.562960 0.064930 
0.249636 0.025179 0.686526 0.028455 0.010203 
0.036058 0.087082 0.740403 0.136358 0.000099 
0.146249 0.163327 0.010912 0.598749 0.080762 
0.028863 0.745023 0.032747 0.098755 0.094612 
0.000203 0.005116 0.687552 0.164960 0.142169 
0.084856 0.180140 0.719274 0.003465 0.012265 
0.263189 0.291477 0.411626 0.033573 0.000135 
0.002028 0.590501 0.145011 0.034249 0.228210 
0.310776 0.370998 0.145243 0.133047 0.039936 
0.070716 0.634652 0.011638 0.033961 0.249034 
0.241907 0.254590 0.000190 0.503151 0.000161 
0.254976 0.142524 0.008754 0.509991 0.083756 
0.245947 0.102772 0.065812 0.228958 0.356511 
0.396314 0.060379 0.000035 0.395170 0.148100 
0.000625 0.162891 0.438074 0.387722 0.010689 
0.419823 0.005492 0.029982 0.539358 0.005344 
0.360525 0.093108 0.128842 0.195210 0.222315 
0.003693 0.210788 0.424758 0.089722 0.271038 
0.245692 0.075997 0.392269 0.245336 0.040706 
0.121297 0.113798 0.117756 0.111228 0.535921 
0.303357 0.310663 0.000823 0.039481 0.345675 
0.000226 0.308977 0.496060 0.095747 0.098990 
0.398730 0.191714 0.025019 0.002415 0.382122 
0.008255 0.053791 0.162959 0.007016 0.767979 
0.025750 0.500606 0.351612 0.122021 0.000011 
0.048500 0.280968 0.372635 0.233682 0.064215 
0.189204 0.072336 0.685273 0.052204 0.000984 
0.017653 0.009215 0.830708 0.043975 0.098449 
0.082704 0.282093 0.052586 0.574134 0.008484 
0.087815 0.257656 0.445152 0.153929 0.055447 
0.125942 0.589424 0.002580 0.043830 0.238224 
0.069673 0.248869 0.000411 0.678609 0.002438 
0.001695 0.543252 0.028009 0.420936 0.006109 
0.485024 0.073144 0.103542 0.330948 0.007341 
0.073961 0.049812 0.805865 0.000366 0.069997 
0.010219 0.000131 0.617478 0.357903 0.014269 
0.034069 0.332963 0.001206 0.611616 0.020146 
0.134612 0.373631 0.166175 0.234187 0.091393 
0.191163 0.230332 0.549569 0.028772 0.000164 
0.003685 0.288375 0.694696 0.009103 0.004142 
0.022679 0.488547 0.002184 0.475621 0.010970 
0.020630 0.242601 0.700384 0.009885 0.026500 
0.015560 0.013752 0.747829 0.060233 0.162625 
0.097566 0.090991 0.015839 0.777440 0.018165 
0.032491 0.297739 0.497859 0.144461 0.027451 
0.000205 0.030215 0.512916 0.321061 0.135603 
0.205018 0.049976 0.633223 0.014403 0.097380 
0.043384 0.826739 0.015138 0.059309 0.055431 
0.038437 0.368562 0.008995 0.525587 0.058418 
0.007316 0.395831 0.157771 0.266310 0.172771 
0.255137 0.030248 0.095550 0.613927 0.005139 
0.003386 0.096174 0.749638 0.128503 0.022299 
0.010136 0.158645 0.659826 0.032600 0.138793 
0.257302 0.427100 0.243333 0.004104 0.068162 
0.013079 0.032148 0.952332 0.002191 0.000251 
0.322316 0.003912 0.313078 0.323264 0.037430 
0.177800 0.024729 0.432526 0.346041 0.018904 
0.020999 0.285546 0.615822 0.016282 0.061351 
0.017404 0.114946 0.789151 0.012356 0.066143 
0.552396 0.021686 0.077309 0.345792 0.002816 
0.130519 0.381531 0.141930 0.024404 0.321616 
0.459774 0.255823 0.167366 0.095263 0.021773 
0.240269 0.111042 0.011496 0.461539 0.175655 
0.721018 0.032689 0.001240 0.157191 0.087863 
0.001089 0.000402 0.664630 0.128102 0.205777 
0.016112 0.349725 0.039685 0.317980 0.276498 
0.193757 0.129586 0.001097 0.538619 0.136941 
0.047520 0.476077 0.003178 0.173125 0.300099 
0.129166 0.453294 0.071644 0.053842 0.292053 
0.029024 0.058264 0.010371 0.797525 0.104817 
0.061820 0.040702 0.030192 0.794706 0.072579 
0.023631 0.003670 0.903612 0.029528 0.039558 
0.076103 0.024460 0.109833 0.763743 0.025860 
0.147113 0.011795 0.209227 0.626687 0.005178 
0.098900 0.541117 0.087330 0.265721 0.006932 
0.116398 0.558878 0.133031 0.186685 0.005007 
0.126332 0.703207 0.138218 0.020013 0.012229 
0.050247 0.755796 0.008880 0.005911 0.179166 
0.049752 0.326306 0.026717 0.098398 0.498827 
0.038667 0.088369 0.755756 0.044969 0.072239 
0.377346 0.113273 0.023392 0.483059 0.002930 
0.040632 0.020385 0.011179 0.841526 0.086277 
0.007743 0.971390 0.015147 0.004007 0.001713 
0.196116 0.411888 0.223647 0.008773 0.159576 
0.108483 0.635716 0.176226 0.045328 0.034247 
0.024915 0.044119 0.907959 0.014456 0.008551 
0.007729 0.010986 0.117025 0.695838 0.168423 
0.124866 0.241047 0.246731 0.387327 0.000029 
0.021261 0.729244 0.121394 0.019404 0.108697 
0.209073 0.031274 0.062686 0.586139 0.110829 
0.197677 0.007510 0.232142 0.312974 0.249696 
0.000227 0.410145 0.138192 0.008311 0.443124 
0.264145 0.130941 0.005788 0.490874 0.108252 
0.178522 0.002530 0.338322 0.480376 0.000250 
0.143046 0.151460 0.000049 0.580508 0.124937 
0.499269 0.161709 0.092446 0.009860 0.236716 
0.078019 0.004826 0.683507 0.209475 0.024172 
0.056201 0.377683 0.465767 0.045289 0.055061 
0.025672 0.037422 0.918754 0.006705 0.011447 
0.203766 0.274319 0.015949 0.292615 0.213352 
0.179021 0.168015 0.072703 0.565161 0.015100 
0.011311 0.264691 0.305418 0.411897 0.006684 
0.153395 0.044501 0.404601 0.366881 0.030621 
0.020148 0.674647 0.185005 0.000555 0.119645 
0.009206 0.404358 0.000007 0.586268 0.000161 
0.129617 0.121626 0.143250 0.589967 0.015540 
0.000441 0.000172 0.591309 0.357456 0.050623 
0.114427 0.116068 0.756312 0.006628 0.006564 
0.106074 0.415540 0.041802 0.435020 0.001565 
0.003139 0.003657 0.684656 0.165924 0.142624 
0.002947 0.236539 0.271590 0.425975 0.062950 
0.073007 0.112923 0.543542 0.245007 0.025521 
0.003508 0.093686 0.533176 0.265187 0.104442 
0.152872 0.007381 0.803098 0.008881 0.027769 
0.210046 0.033598 0.649803 0.046134 0.060418 
0.018621 0.018346 0.718560 0.242537 0.001936 
0.009154 0.147389 0.299106 0.544232 0.000119 
0.057645 0.512890 0.005516 0.274578 0.149372 
0.044708 0.070291 0.801442 0.069660 0.013899 
0.012017 0.233964 0.015039 0.395761 0.343219 
0.024626 0.134304 0.391187 0.427282 0.022601 
0.002600 0.380215 0.069112 0.232540 0.315534 
0.000942 0.016816 0.804268 0.114834 0.063140 
0.207625 0.170920 0.540068 0.069165 0.012222 
0.001794 0.391921 0.180894 0.325502 0.099890 
0.296420 0.026428 0.181957 0.429978 0.065217 
0.048746 0.023683 0.030573 0.660183 0.236814 
0.303695 0.101948 0.051448 0.257741 0.285168 
0.036223 0.171518 0.241506 0.488543 0.062210 
0.072978 0.073330 0.451600 0.007283 0.394809 
0.083484 0.521814 0.043689 0.185712 0.165301 
0.292666 0.116097 0.054148 0.242130 0.294960 
0.238700 0.006361 0.423354 0.305921 0.025664 
0.001348 0.461144 0.269453 0.084943 0.183113 
0.092258 0.305986 0.010557 0.528112 0.063086 
0.268536 0.039316 0.068013 0.471492 0.152644 
0.040988 0.177519 0.266236 0.060287 0.454970 
0.060895 0.324932 0.432932 0.033789 0.147451 
0.093633 0.210184 0.000101 0.617216 0.078866 
0.293001 0.051891 0.000453 0.653948 0.000707 
0.069611 0.526970 0.111953 0.203324 0.088142 
0.273827 0.090088 0.576299 0.026501 0.033285 
0.034236 0.856527 0.031889 0.041686 0.035661 
0.185627 0.135822 0.006757 0.351879 0.319916 
0.023997 0.012267 0.958598 0.000342 0.004796 
0.059876 0.304313 0.045171 0.291481 0.299158 
0.004049 0.007180 0.739793 0.154810 0.094169 
0.144625 0.299487 0.268470 0.106525 0.180893 
0.122518 0.227866 0.132046 0.472228 0.045343 
0.015361 0.326978 0.113345 0.175920 0.368396 
0.026750 0.354461 0.000213 0.548988 0.069588 
0.061703 0.349212 0.257826 0.289686 0.041573 
0.147895 0.015613 0.394584 0.439530 0.002378 
0.369048 0.068364 0.372024 0.130018 0.060546 
0.104217 0.100312 0.782805 0.004135 0.008530 
0.222483 0.159795 0.562360 0.049839 0.005522 
0.120171 0.000030 0.487453 0.350760 0.041586 
0.013898 0.033869 0.009269 0.867566 0.075398 
0.333486 0.491081 0.004752 0.078103 0.092578 
0.006020 0.117112 0.626104 0.240297 0.010467 
0.189961 0.626316 0.030402 0.002903 0.150418 
0.049130 0.143623 0.618070 0.167273 0.021903 
0.329312 0.177288 0.117043 0.141675 0.234682 
0.067509 0.006249 0.026772 0.492538 0.406932 
0.025963 0.002441 0.934212 0.027698 0.009686 
0.068341 0.015483 0.276055 0.626804 0.013317 
0.636588 0.026744 0.283541 0.036989 0.016139 
0.089357 0.377906 0.000357 0.515522 0.016857 
0.123633 0.848508 0.009434 0.006526 0.011900 
0.003980 0.021023 0.156266 0.817506 0.001226 
0.115076 0.014567 0.505738 0.309769 0.054850 
0.049735 0.045965 0.008980 0.894329 0.000992 
0.055310 0.004645 0.154367 0.773555 0.012123 
0.529400 0.095800 0.139160 0.128812 0.106828 
0.263521 0.020941 0.165149 0.441601 0.108788 
0.000081 0.360667 0.516408 0.000691 0.122153 
0.410320 0.220561 0.060061 0.078896 0.230162 
0.042238 0.071899 0.211004 0.662367 0.012492 
0.040811 0.032721 0.091579 0.830875 0.004014 
0.045285 0.675773 0.001250 0.234748 0.042945 
0.311777 0.115204 0.210636 0.360551 0.001833 
0.298544 0.001278 0.368546 0.191205 0.140427 
0.144991 0.051648 0.089370 0.378626 0.335366 
0.001379 0.250650 0.021737 0.588011 0.138224 
0.218998 0.093722 0.022922 0.524163 0.140195 
0.271646 0.101004 0.021032 0.550907 0.055411 
0.000823 0.000594 0.575078 0.182376 0.241129 
0.004585 0.461214 0.092780 0.334967 0.106454 
0.228022 0.343263 0.071284 0.000168 0.357263 
0.133852 0.258932 0.411176 0.194874 0.001166 
0.069534 0.458435 0.000516 0.012605 0.458911 
0.194716 0.123399 0.030795 0.165261 0.485829 
0.074724 0.805576 0.053609 0.030265 0.035825 
0.006111 0.016675 0.503566 0.152155 0.321493 
0.029239 0.333338 0.036401 0.121306 0.479716 
0.020672 0.025200 0.784626 0.152200 0.017302 
0.001646 0.655945 0.125891 0.099132 0.117385 
0.141801 0.244471 0.026262 0.062176 0.525289 
0.244876 0.571873 0.000099 0.152268 0.030884 
0.302244 0.000648 0.098231 0.584586 0.014291 
0.018572 0.245767 0.037457 0.010941 0.687263 
0.240443 0.129620 0.477833 0.114673 0.037431 
0.000461 0.149680 0.080586 0.734957 0.034316 
0.017873 0.033643 0.095010 0.785404 0.068071 
0.123108 0.639998 0.093165 0.052897 0.090832 
0.000012 0.156762 0.454788 0.010203 0.378235 
0.222884 0.238090 0.313463 0.187558 0.038006 
0.091540 0.131246 0.013263 0.665693 0.098258 
0.024755 0.009247 0.681064 0.098567 0.186368 
0.067980 0.691179 0.000312 0.209729 0.030800 
0.176293 0.324127 0.116247 0.337173 0.046161 
0.259360 0.025503 0.175517 0.538325 0.001296 
0.401245 0.423815 0.036391 0.137247 0.001302 
0.212995 0.141909 0.235268 0.399223 0.010606 
0.170386 0.091973 0.461094 0.003594 0.272953 
0.020348 0.791870 0.037874 0.148481 0.001426 
0.085560 0.119273 0.354763 0.077145 0.363259 
0.085813 0.303932 0.285788 0.078648 0.245819 
0.034249 0.561168 0.047820 0.214713 0.142051 
0.000342 0.210554 0.692368 0.070281 0.026455 
0.038870 0.046482 0.700766 0.212111 0.001771 
0.025250 0.019458 0.468692 0.148750 0.337850 
0.057300 0.039113 0.167779 0.556065 0.179743 
0.192413 0.012203 0.031422 0.509166 0.254796 
0.001858 0.453355 0.140643 0.087395 0.316749 
0.018429 0.027542 0.547156 0.000023 0.406850 
0.000359 0.041227 0.255602 0.665256 0.037557 
0.021689 0.096774 0.760508 0.096147 0.024883 
0.123488 0.384201 0.001589 0.067629 0.423093 
0.000022 0.265336 0.372101 0.000901 0.361640 
0.234788 0.696873 0.005453 0.010005 0.052881 
0.044761 0.109727 0.401370 0.116863 0.327278 
0.000515 0.344122 0.430481 0.102910 0.121971 
0.001396 0.419921 0.239486 0.246836 0.092361 
0.003719 0.430062 0.029586 0.459542 0.077091 
0.049242 0.341100 0.119127 0.424568 0.065963 
0.033771 0.107376 0.267732 0.562959 0.028163 
0.125217 0.186999 0.014422 0.667824 0.005538 
0.012413 0.184245 0.075160 0.724585 0.003597 
0.048558 0.001753 0.871561 0.038285 0.039842 
0.159412 0.087854 0.127512 0.600957 0.024265 
0.167773 0.203262 0.053869 0.575002 0.000094 
0.346296 0.097936 0.189367 0.365271 0.001130 
0.276908 0.014452 0.370388 0.298463 0.039789 
0.152280 0.560003 0.240315 0.001725 0.045676 
0.002561 0.433205 0.006436 0.433520 0.124278 
0.003969 0.020777 0.860475 0.018723 0.096056 
0.002116 0.221333 0.409254 0.063383 0.303914 
0.049353 0.396069 0.118472 0.427686 0.008419 
0.216468 0.083191 0.101498 0.581834 0.017009 
0.014711 0.356103 0.347890 0.280609 0.000687 
0.030681 0.311638 0.281727 0.011634 0.364320 
0.054828 0.237251 0.587928 0.116616 0.003376 
0.103234 0.029751 0.556813 0.239773 0.070429 
0.000091 0.141228 0.533532 0.177750 0.147400 
0.060192 0.369764 0.176165 0.389839 0.004039 
0.195258 0.136097 0.001776 0.631206 0.035663 
0.185802 0.005982 0.433202 0.345636 0.029377 
0.006896 0.684857 0.204435 0.001679 0.102133 
0.000867 0.833730 0.001218 0.003032 0.161152 
0.334693 0.051373 0.032353 0.581156 0.000424 
0.014034 0.549360 0.068028 0.205608 0.162970 
0.074182 0.555264 0.123485 0.001376 0.245693 
0.146590 0.250421 0.003299 0.474092 0.125598 
0.079664 0.000042 0.678367 0.071765 0.170162 
0.112285 0.379136 0.295766 0.000021 0.212793 
0.073250 0.322426 0.017712 0.349092 0.237521 
0.060868 0.476024 0.015936 0.441127 0.006045 
0.135446 0.160359 0.609403 0.023146 0.071647 
0.001394 0.367206 0.042015 0.167575 0.421809 
0.244791 0.019087 0.014077 0.691688 0.030357 
0.007458 0.706550 0.070223 0.169335 0.046434 
0.277896 0.193128 0.027769 0.337450 0.163756 
0.050794 0.497162 0.207530 0.068019 0.176496 
0.085179 0.043824 0.103429 0.673572 0.093995 
0.028378 0.042307 0.146857 0.570737 0.211721 
0.216685 0.152428 0.025253 0.014166 0.591468 
0.120348 0.289811 0.105194 0.000024 0.484624 
0.001891 0.263743 0.082027 0.274060 0.378278 
0.078082 0.357830 0.004360 0.240783 0.318946 
0.168804 0.045274 0.029836 0.385119 0.370967 
0.105322 0.035195 0.024958 0.730657 0.103868 
0.125054 0.000006 0.532622 0.000080 0.342237 
0.116859 0.107043 0.169240 0.589515 0.017344 
0.073386 0.168626 0.001518 0.462953 0.293516 
0.552707 0.243983 0.191533 0.002993 0.008784 
0.487557 0.055005 0.409361 0.004892 0.043186 
0.117295 0.239220 0.052511 0.258665 0.332309 
0.000980 0.412752 0.561400 0.018459 0.006409 
0.178541 0.016342 0.294160 0.302992 0.207964 
0.074128 0.394476 0.109996 0.143692 0.277708 
0.010380 0.508637 0.260887 0.047565 0.172531 
0.015872 0.050854 0.032005 0.752029 0.149240 
0.026655 0.039864 0.821220 0.035185 0.077076 
0.295738 0.247756 0.149141 0.307359 0.000006 
0.042283 0.028216 0.123023 0.715817 0.090660 
0.152277 0.651976 0.032629 0.162968 0.000150 
0.017627 0.938128 0.024132 0.020104 0.000009 
0.000939 0.341750 0.094153 0.230667 0.332490 
0.001192 0.343525 0.483516 0.171694 0.000074 
0.016650 0.137773 0.688715 0.151366 0.005497 
0.053251 0.007733 0.354992 0.561589 0.022435 
0.173948 0.100092 0.142948 0.130259 0.452752 
0.022948 0.308778 0.287014 0.059655 0.321606 
0.011770 0.001059 0.038282 0.944070 0.004818 
0.020166 0.175076 0.615301 0.181854 0.007602 
0.106360 0.309658 0.000038 0.489201 0.094743 
0.025233 0.065819 0.805672 0.068165 0.035111 
0.206555 0.203430 0.287613 0.023800 0.278602 
0.255124 0.448745 0.022629 0.025328 0.248175 
0.000956 0.181555 0.008218 0.498338 0.310933 
0.181167 0.000001 0.393040 0.292812 0.132980 
0.217193 0.022350 0.052259 0.311655 0.396543 
0.033338 0.129246 0.001169 0.612394 0.223854 
0.312361 0.034123 0.194858 0.386018 0.072639 
0.036602 0.031204 0.816363 0.094174 0.021656 
0.141286 0.599194 0.070646 0.188791 0.000083 
0.016484 0.000361 0.018246 0.928727 0.036181 
0.053798 0.000224 0.739620 0.033568 0.172789 
0.107971 0.003093 0.239583 0.506315 0.143037 
0.061407 0.004045 0.334912 0.354577 0.245059 
0.059227 0.086965 0.484206 0.155509 0.214093 
0.019081 0.355851 0.433082 0.178830 0.013156 
0.094035 0.164032 0.563961 0.030284 0.147688 
0.057779 0.531761 0.203808 0.195963 0.010689 
0.058201 0.451260 0.272233 0.001666 0.216639 
0.231596 0.367569 0.229088 0.149430 0.022318 
0.231861 0.156969 0.198698 0.364835 0.047638 
0.260497 0.223538 0.141012 0.292804 0.082149 
0.115351 0.173770 0.677955 0.031355 0.001569 
0.023701 0.066254 0.774268 0.106899 0.028878 
0.100432 0.213127 0.527893 0.022481 0.136067 
0.072236 0.279664 0.158213 0.485157 0.004729 
0.024602 0.133032 0.815738 0.012123 0.014504 
0.337927 0.422578 0.009509 0.161361 0.068626 
0.002211 0.580637 0.081486 0.135405 0.200261 
0.000780 0.953336 0.000576 0.031233 0.014074 
0.000025 0.221357 0.381827 0.339632 0.057160 
0.195818 0.001402 0.001483 0.787063 0.014234 
0.193032 0.182142 0.618429 0.003137 0.003260 
0.020414 0.026956 0.829237 0.015442 0.107951 
0.257565 0.000612 0.424359 0.203453 0.114011 
0.060104 0.086277 0.032478 0.709840 0.111301 
0.009681 0.201339 0.212581 0.023738 0.552662 
0.253391 0.124602 0.115404 0.472132 0.034471 
0.002071 0.000288 0.587636 0.055618 0.354387 
0.015672 0.342350 0.182180 0.221389 0.238408 
0.004405 0.288716 0.003434 0.452189 0.251257 
0.038516 0.060165 0.004636 0.012218 0.884465 
0.080335 0.082868 0.728686 0.019767 0.088345 
0.003535 0.011602 0.031963 0.948691 0.004209 
0.018122 0.092955 0.688929 0.198819 0.001175 
0.273285 0.066599 0.172706 0.486027 0.001383 
0.032141 0.447766 0.084793 0.165021 0.270279 
0.174684 0.037655 0.514990 0.271857 0.000813 
0.051687 0.013244 0.799153 0.032532 0.103384 
0.223060 0.026557 0.526836 0.223161 0.000386 
0.012001 0.070087 0.651952 0.194036 0.071923 
0.401248 0.001299 0.441662 0.000142 0.155648 
0.040917 0.074019 0.315291 0.532535 0.037238 
0.230257 0.094398 0.002449 0.426090 0.246805 
0.182496 0.426175 0.154490 0.148205 0.088634 
0.006243 0.043693 0.650632 0.060532 0.238901 
0.008703 0.320939 0.002744 0.420408 0.247205 
0.250908 0.007553 0.244219 0.001629 0.495691 
0.245331 0.000027 0.421432 0.312383 0.020827 
0.000010 0.153225 0.186500 0.027861 0.632405 
0.202944 0.596744 0.165568 0.015569 0.019176 
0.150495 0.797875 0.030282 0.016543 0.004805 
0.025728 0.000122 0.295997 0.512243 0.165910 
0.140551 0.030126 0.386227 0.356076 0.087021 
0.033093 0.000545 0.108559 0.698116 0.159687 
0.000281 0.018796 0.962514 0.012732 0.005678 
0.036154 0.121895 0.772568 0.000070 0.069313 
0.000393 0.625268 0.187452 0.176586 0.010301 
0.013603 0.001342 0.032726 0.946892 0.005438 
0.301914 0.203083 0.415058 0.079944 0.000000 
0.000029 0.550549 0.014633 0.399036 0.035753 
0.301291 0.146994 0.073991 0.183079 0.294645 
0.055933 0.010024 0.853655 0.070894 0.009494 
0.046923 0.212304 0.665060 0.037010 0.038703 
0.001854 0.340577 0.441703 0.167050 0.048816 
0.167441 0.192778 0.230440 0.032743 0.376597 
0.351816 0.330543 0.253192 0.052458 0.011990 
0.146350 0.396285 0.128230 0.003888 0.325248 
0.002445 0.000023 0.989766 0.002628 0.005138 
0.075438 0.116525 0.012355 0.658848 0.136834 
0.057028 0.181426 0.000479 0.593638 0.167430 
0.016285 0.126666 0.848193 0.008262 0.000595 
0.029587 0.416297 0.368631 0.173982 0.011503 
0.006186 0.055557 0.576132 0.274948 0.087177 
0.102448 0.600175 0.165192 0.130845 0.001340 
0.191658 0.374727 0.052183 0.193063 0.188369 
0.012465 0.583833 0.112609 0.050740 0.240353 
0.000996 0.314350 0.221770 0.132731 0.330152 
0.390978 0.196620 0.147071 0.219583 0.045749 
0.217469 0.424019 0.045307 0.156618 0.156587 
0.032561 0.620487 0.079058 0.075381 0.192513 
0.074944 0.192506 0.590206 0.037724 0.104620 
0.063433 0.240272 0.000870 0.674839 0.020587 
0.226886 0.279166 0.007762 0.310755 0.175431 
0.080598 0.080238 0.337312 0.428681 0.073171 
0.114380 0.254387 0.539412 0.043170 0.048651 
0.010965 0.330974 0.548905 0.000403 0.108752 
0.482908 0.000036 0.002765 0.031117 0.483174 
0.000002 0.655113 0.168359 0.073671 0.102856 
0.040192 0.550646 0.271150 0.077524 0.060488 
0.013105 0.017286 0.693055 0.081818 0.194736 
0.002133 0.239396 0.599306 0.035684 0.123482 
0.053111 0.281449 0.419904 0.003350 0.242186 
0.126412 0.174435 0.251999 0.418717 0.028437 
0.011754 0.778680 0.197692 0.008577 0.003297 
0.395286 0.180306 0.096151 0.241561 0.086696 
0.180756 0.136536 0.047831 0.595299 0.039578 
0.066489 0.016351 0.718115 0.179204 0.019840 
0.104592 0.203671 0.096583 0.544726 0.050429 
0.425441 0.003287 0.009758 0.555759 0.005756 
0.024735 0.103429 0.609190 0.055657 0.206990 
0.002583 0.931884 0.024388 0.039200 0.001946 
0.165944 0.087057 0.027319 0.440044 0.279635 
0.300106 0.018499 0.332037 0.340684 0.008674 
0.002223 0.343760 0.142317 0.132765 0.378934 
0.005509 0.017116 0.764876 0.159293 0.053206 
0.008925 0.019302 0.802213 0.123117 0.046442 
0.001367 0.340709 0.031653 0.297958 0.328313 
0.013682 0.011902 0.010801 0.881315 0.082299 
0.008636 0.041102 0.619272 0.318659 0.012332 
0.109041 0.002785 0.433913 0.377128 0.077132 
0.041505 0.111589 0.460043 0.307736 0.079127 
0.010974 0.155459 0.082867 0.651736 0.098965 
0.045397 0.161273 0.000455 0.783688 0.009187 
0.368799 0.014217 0.248116 0.354229 0.014639 
0.446570 0.027443 0.000779 0.475860 0.049348 
0.018778 0.184649 0.486817 0.047428 0.262329 
0.026977 0.441179 0.127594 0.000348 0.403902 
0.193233 0.074122 0.076486 0.232208 0.423951 
0.425922 0.167653 0.052799 0.046052 0.307573 
0.085222 0.429885 0.035155 0.443844 0.005895 
0.647188 0.062314 0.174895 0.023732 0.091871 
0.078529 0.348550 0.010409 0.320408 0.242104 
0.002007 0.038572 0.145140 0.024105 0.790176 
0.026475 0.150980 0.001713 0.820800 0.000033 
0.067376 0.503471 0.023809 0.104021 0.301322 
0.051077 0.730002 0.048388 0.019103 0.151430 
0.005360 0.017422 0.752549 0.095465 0.129205 
0.168346 0.101151 0.100698 0.164297 0.465508 
0.370669 0.035931 0.129873 0.459977 0.003550 
0.035927 0.001705 0.544964 0.118249 0.299154 
0.004064 0.152165 0.418822 0.290480 0.134469 
0.000171 0.236970 0.351074 0.327295 0.084490 
0.039039 0.020964 0.690005 0.101197 0.148795 
0.105096 0.184843 0.364011 0.009471 0.336578 
0.040441 0.125457 0.782817 0.029778 0.021507 
0.004480 0.021441 0.959455 0.001943 0.012681 
0.157284 0.087480 0.003082 0.728839 0.023316 
0.092430 0.009488 0.006096 0.804422 0.087564 
0.104209 0.387774 0.463120 0.016093 0.028804 
0.116262 0.004996 0.083668 0.571479 0.223595 
0.004861 0.256571 0.359886 0.056336 0.322346 
0.024625 0.454001 0.028306 0.061036 0.432032 
0.468617 0.005215 0.131073 0.394586 0.000508 
0.131890 0.149280 0.000264 0.626398 0.092168 
0.359370 0.237181 0.019620 0.318543 0.065285 
0.000982 0.104362 0.360457 0.516908 0.017290 
0.016993 0.617668 0.338518 0.007319 0.019501 
0.324248 0.078674 0.026724 0.356262 0.214093 
0.028013 0.000002 0.049426 0.838434 0.084125 
0.070151 0.079506 0.140560 0.589860 0.119923 
0.007868 0.420647 0.212981 0.346578 0.011927 
0.088423 0.097792 0.051172 0.704271 0.058341 
0.133768 0.229846 0.056369 0.539207 0.040810 
0.034014 0.456458 0.202238 0.274730 0.032559 
0.138488 0.497857 0.043342 0.317741 0.002573 
0.161964 0.367771 0.012635 0.454771 0.002859 
0.005626 0.242326 0.593305 0.140718 0.018024 
0.053199 0.102932 0.447309 0.127371 0.269189 
0.111612 0.026187 0.580701 0.239582 0.041917 
0.357628 0.080819 0.011664 0.013820 0.536070 
0.379709 0.275796 0.004210 0.101766 0.238520 
0.026234 0.590817 0.097619 0.024548 0.260783 
0.005278 0.548566 0.290075 0.006225 0.149856 
0.028732 0.772966 0.117664 0.014314 0.066324 
0.111453 0.010413 0.102498 0.761248 0.014388 
0.000396 0.000371 0.336686 0.504934 0.157613 
0.048516 0.265617 0.439805 0.236472 0.009589 
0.151434 0.031724 0.080942 0.703053 0.032846 
0.003572 0.320906 0.280960 0.343035 0.051526 
0.022251 0.001879 0.788096 0.077278 0.110495 
0.015758 0.281795 0.657363 0.044957 0.000128 
0.411591 0.001935 0.376662 0.021979 0.187834 
0.114701 0.385667 0.010355 0.368010 0.121268 
0.243958 0.004413 0.416011 0.006918 0.328700 
0.125106 0.357343 0.441121 0.060476 0.015955 
0.114480 0.096980 0.016464 0.482183 0.289894 
0.009308 0.151249 0.457897 0.199703 0.181842 
0.050095 0.018005 0.295659 0.635907 0.000334 
0.135345 0.190911 0.649560 0.010023 0.014161 
0.006471 0.590859 0.195533 0.114550 0.092587 
0.010310 0.190053 0.189871 0.438599 0.171167 
0.067530 0.001251 0.257565 0.567584 0.106070 
0.151000 0.046142 0.071012 0.302204 0.429642 
0.026261 0.422223 0.324362 0.123429 0.103726 
0.110784 0.024662 0.155337 0.676569 0.032648 
0.338460 0.048464 0.112478 0.498019 0.002580 
0.009093 0.900572 0.043584 0.018694 0.028056 
0.227677 0.278650 0.172539 0.320775 0.000360 
0.000324 0.253006 0.048185 0.243316 0.455168 
0.005100 0.020141 0.118041 0.049393 0.807324 
0.006351 0.645443 0.119513 0.036418 0.192275 
0.029040 0.163690 0.351906 0.250328 0.205037 
0.035883 0.177397 0.008729 0.759877 0.018115 
0.000132 0.554811 0.079253 0.154863 0.210941 
0.000079 0.029026 0.014466 0.875775 0.080655 
0.094198 0.264800 0.462807 0.177969 0.000226 
0.061411 0.318130 0.262226 0.316878 0.041354 
0.001613 0.023243 0.800694 0.165494 0.008956 
0.024069 0.233311 0.124919 0.546903 0.070797 
0.028873 0.072988 0.579732 0.312954 0.005453 
0.134735 0.581114 0.003998 0.030648 0.249505 
0.213970 0.210854 0.128891 0.435053 0.011232 
0.100015 0.008547 0.628271 0.039374 0.223794 
0.135327 0.000289 0.432744 0.422873 0.008766 
0.007767 0.006115 0.668130 0.048801 0.269187 
0.210261 0.000243 0.288535 0.064222 0.436739 
0.052616 0.206021 0.314034 0.426596 0.000733 
0.285138 0.047210 0.026210 0.632155 0.009287 
0.001365 0.376415 0.442352 0.073900 0.105968 
0.082730 0.507613 0.208175 0.201455 0.000027 
0.125599 0.299724 0.000078 0.244622 0.329978 
0.039783 0.024337 0.829127 0.075425 0.031329 
0.050972 0.000022 0.687005 0.261550 0.000452 
0.038086 0.037828 0.404162 0.507052 0.012872 
0.069065 0.042512 0.207224 0.657012 0.024187 
0.041004 0.330384 0.344882 0.275344 0.008387 
0.052750 0.157889 0.000019 0.596133 0.193208 
0.253240 0.072117 0.032791 0.378537 0.263315 
0.099712 0.010686 0.352843 0.409604 0.127155 
0.184157 0.063760 0.040094 0.390026 0.321963 
0.000025 0.309473 0.241544 0.399288 0.049669 
0.386044 0.000048 0.541925 0.061426 0.010558 
0.005254 0.332708 0.004442 0.321648 0.335948 
0.002450 0.059106 0.006089 0.634233 0.298122 
0.097430 0.059666 0.102722 0.170810 0.569372 
0.043557 0.097845 0.725827 0.041079 0.091692 
0.143213 0.029232 0.620882 0.200745 0.005928 
0.122738 0.194758 0.593236 0.054360 0.034907 
0.072466 0.334751 0.032868 0.552575 0.007339 
0.057842 0.382819 0.087992 0.441057 0.030291 
0.041862 0.357373 0.148554 0.400381 0.051830 
0.305110 0.219308 0.105872 0.283216 0.086494 
0.038211 0.148289 0.792089 0.013142 0.008269 
0.032988 0.433370 0.355655 0.042832 0.135155 
0.001850 0.002430 0.000617 0.969208 0.025895 
0.202593 0.352169 0.179944 0.181645 0.083649 
0.246345 0.006923 0.003693 0.743035 0.000005 
0.003622 0.580204 0.231464 0.067594 0.117117 
0.358024 0.172365 0.344798 0.092654 0.032159 
0.134541 0.404519 0.255561 0.116403 0.088976 
0.070472 0.120369 0.013031 0.371867 0.424262 
0.013676 0.115476 0.747046 0.122025 0.001778 
0.347571 0.199705 0.304004 0.116092 0.032628 
0.195800 0.008369 0.610548 0.143798 0.041485 
0.015888 0.483805 0.458413 0.013164 0.028730 
0.015331 0.322398 0.008120 0.341917 0.312234 
0.015292 0.196044 0.595705 0.045092 0.147866 
0.262102 0.000051 0.004668 0.718853 0.014325 
0.028377 0.004688 0.242333 0.636624 0.087978 
0.020306 0.213468 0.628081 0.110504 0.027641 
0.012639 0.012497 0.884892 0.046042 0.043931 
0.153380 0.053582 0.604886 0.004767 0.183385 
0.037223 0.132779 0.720793 0.023354 0.085852 
0.408982 0.283258 0.004285 0.266956 0.036519 
0.009646 0.408711 0.327595 0.004688 0.249360 
0.023310 0.020690 0.943498 0.001400 0.011102 
0.003878 0.044063 0.875498 0.050699 0.025863 
0.003280 0.254816 0.024443 0.593988 0.123473 
0.046640 0.216370 0.009044 0.596171 0.131776 
0.085147 0.087518 0.806804 0.005665 0.014866 
0.008784 0.364085 0.173829 0.361037 0.092265 
0.017305 0.004216 0.078271 0.729622 0.170587 
0.014185 0.794003 0.042770 0.074882 0.074160 
0.037613 0.578736 0.373515 0.004312 0.005824 
0.000384 0.029118 0.065885 0.861725 0.042888 
0.032316 0.916838 0.000120 0.020619 0.030108 
0.070492 0.017203 0.167850 0.659782 0.084673 
0.040248 0.343218 0.382481 0.000089 0.233965 
0.099726 0.281902 0.412073 0.007367 0.198931 
0.006751 0.795502 0.040017 0.156631 0.001100 
0.003971 0.035661 0.369811 0.401850 0.188707 
0.008284 0.184644 0.491739 0.308833 0.006500 
0.185875 0.021220 0.343561 0.391186 0.058158 
0.211706 0.000068 0.506835 0.240696 0.040695 
0.013605 0.559739 0.274435 0.041875 0.110347 
0.362026 0.062374 0.265896 0.308763 0.000942 
0.000093 0.013554 0.289216 0.205203 0.491933 
0.009747 0.370800 0.174150 0.205386 0.239917 
0.260004 0.026293 0.462105 0.227144 0.024454 
0.198289 0.096495 0.163760 0.352844 0.188611 
0.211819 0.089808 0.516506 0.113668 0.068199 
0.143433 0.380227 0.219051 0.254710 0.002579 
0.054780 0.097212 0.015982 0.795165 0.036861 
0.137780 0.123294 0.030732 0.389091 0.319104 
0.058394 0.402294 0.248994 0.055508 0.234811 
0.052048 0.376758 0.399838 0.000893 0.170463 
0.065629 0.216754 0.681121 0.023273 0.013223 
0.138593 0.307918 0.006108 0.543310 0.004071 
0.170029 0.123135 0.563541 0.141656 0.001639 
0.080512 0.092200 0.747601 0.063362 0.016324 
0.020198 0.040826 0.554030 0.298792 0.086154 
0.093710 0.074338 0.624523 0.120120 0.087309 
0.089545 0.012633 0.000911 0.883609 0.013302 
0.123867 0.275642 0.347322 0.237941 0.015228 
0.074691 0.174656 0.557108 0.192781 0.000764 
0.028157 0.215387 0.011077 0.419075 0.326305 
0.112769 0.033265 0.476721 0.252394 0.124851 
0.170359 0.048798 0.001321 0.127539 0.651984 
0.029999 0.670535 0.117648 0.032269 0.149549 
0.256272 0.220543 0.128836 0.392381 0.001968 
0.051627 0.291624 0.511165 0.116172 0.029412 
0.005793 0.156858 0.244567 0.444240 0.148543 
0.010733 0.518323 0.206855 0.022562 0.241528 
0.082056 0.029728 0.743565 0.076489 0.068162 
0.013515 0.023609 0.942399 0.000876 0.019601 
0.075445 0.000017 0.754505 0.156743 0.013289 
0.372264 0.023015 0.259889 0.254139 0.090694 
0.039680 0.076621 0.822037 0.018881 0.042781 
0.286081 0.099281 0.149467 0.281615 0.183557 
0.027737 0.076515 0.774050 0.118329 0.003369 
0.085854 0.098636 0.011406 0.026042 0.778062 
0.124852 0.000380 0.122499 0.046170 0.706099 
0.075688 0.153545 0.603213 0.014514 0.153039 
0.014746 0.096148 0.019465 0.799902 0.069740 
0.054196 0.688458 0.107860 0.005441 0.144044 
0.042420 0.178769 0.082959 0.001190 0.694662 
0.029767 0.001961 0.450053 0.516743 0.001477 
0.015811 0.000131 0.382722 0.600935 0.000401 
0.000036 0.009807 0.943056 0.005130 0.041970 
0.077036 0.224049 0.089468 0.064222 0.545224 
0.619404 0.008169 0.163942 0.039841 0.168643 
0.010944 0.029641 0.111493 0.804226 0.043696 
0.140440 0.179199 0.212831 0.001131 0.466399 
0.045482 0.064759 0.714203 0.004894 0.170662 
0.107008 0.371730 0.000505 0.410715 0.110042 
0.000136 0.002646 0.656991 0.325609 0.014618 
0.019674 0.270317 0.000966 0.235376 0.473668 
0.081188 0.000733 0.033328 0.759368 0.125382 
0.147652 0.002669 0.217587 0.625984 0.006109 
0.021134 0.469447 0.001227 0.114896 0.393296 
0.012957 0.001030 0.278548 0.557187 0.150278 
0.040253 0.162693 0.105675 0.606813 0.084567 
0.042600 0.051648 0.688649 0.159561 0.057542 
0.073033 0.025054 0.044690 0.204948 0.652275 
0.194651 0.275617 0.015581 0.373463 0.140688 
0.006616 0.380905 0.002403 0.607900 0.002176 
0.337766 0.106578 0.257526 0.182193 0.115938 
0.033622 0.905415 0.021413 0.039548 0.000002 
0.020871 0.000186 0.213328 0.616365 0.149249 
0.280665 0.438685 0.056439 0.211129 0.013081 
0.073180 0.009683 0.612735 0.301008 0.003395 
0.017785 0.049913 0.856369 0.065498 0.010435 
0.176548 0.512658 0.026556 0.113358 0.170880 
0.085323 0.166037 0.070626 0.667645 0.010369 
0.005620 0.159122 0.016852 0.132851 0.685554 
0.021055 0.133697 0.833385 0.001788 0.010075 
0.002042 0.062862 0.662191 0.015889 0.257016 
0.006178 0.010826 0.618057 0.001011 0.363929 
0.070417 0.299981 0.185678 0.000052 0.443872 
0.028200 0.333848 0.217280 0.000155 0.420517 
0.080622 0.410814 0.398145 0.004310 0.106109 
0.005831 0.647881 0.069344 0.091054 0.185890 
0.000077 0.220033 0.423295 0.332850 0.023744 
0.001142 0.252440 0.155177 0.487442 0.103800 
0.060979 0.215492 0.418891 0.043633 0.261004 
0.008157 0.192489 0.532609 0.176184 0.090561 
0.000003 0.616633 0.326280 0.001249 0.055835 
0.163007 0.002479 0.081055 0.731912 0.021548 
0.003638 0.414179 0.225280 0.356738 0.000165 
0.001656 0.690055 0.065395 0.177169 0.065724 
0.003112 0.508135 0.290417 0.075964 0.122372 
0.003416 0.152831 0.649482 0.168462 0.025808 
0.004134 0.459423 0.131729 0.348509 0.056205 
0.071888 0.021584 0.088270 0.083417 0.734841 
0.070796 0.084792 0.013006 0.681813 0.149592 
0.005203 0.222641 0.072801 0.699170 0.000186 
0.018928 0.113438 0.021003 0.700599 0.146032 
0.060342 0.001451 0.018326 0.199009 0.720872 
0.005035 0.109772 0.037162 0.484977 0.363053 
0.042671 0.330170 0.346041 0.273772 0.007346 
0.086524 0.125448 0.016137 0.747130 0.024761 
0.168942 0.132027 0.259625 0.009804 0.429603 
0.096271 0.267882 0.161951 0.458844 0.015051 
0.020037 0.267227 0.001307 0.212789 0.498640 
0.207504 0.270900 0.048569 0.462128 0.010898 
0.008722 0.035736 0.011320 0.619557 0.324665 
0.186646 0.210778 0.565579 0.000126 0.036871 
0.296604 0.019514 0.553218 0.125083 0.005581 
0.052425 0.058123 0.363023 0.003017 0.523412 
0.382574 0.021559 0.307619 0.285065 0.003182 
0.021788 0.280053 0.012670 0.127214 0.558275 
0.005965 0.167325 0.016191 0.038474 0.772045 
0.022953 0.061108 0.081407 0.041975 0.792556 
0.130104 0.265607 0.057366 0.077385 0.469538 
0.089175 0.014017 0.006878 0.411930 0.478000 
0.028279 0.038209 0.246318 0.197036 0.490158 
0.157777 0.095635 0.000152 0.744375 0.002061 
0.003398 0.011634 0.573490 0.279418 0.132059 
0.015131 0.558730 0.020942 0.391041 0.014156 
0.271697 0.048392 0.158461 0.415220 0.106229 
0.000020 0.029722 0.780436 0.105262 0.084560 
0.010664 0.037627 0.570091 0.124606 0.257012 
0.532545 0.000008 0.354190 0.047879 0.065378 
0.019729 0.188949 0.368535 0.051149 0.371638 
0.116373 0.650233 0.041320 0.116400 0.075675 
0.370957 0.146561 0.006631 0.001323 0.474527 
0.005594 0.110711 0.000025 0.802895 0.080775 
0.000007 0.190609 0.022220 0.767162 0.020003 
0.005783 0.036283 0.870759 0.010207 0.076967 
0.083067 0.338107 0.182002 0.322901 0.073923 
0.075924 0.005556 0.055922 0.475942 0.386655 
0.042247 0.158505 0.445774 0.222576 0.130898 
0.049984 0.019550 0.012956 0.859134 0.058376 
0.011774 0.801394 0.023273 0.036264 0.127296 
0.142562 0.219364 0.484481 0.125034 0.028558 
0.107742 0.418520 0.291294 0.014816 0.167627 
0.203863 0.112620 0.152971 0.526099 0.004446 
0.057209 0.563515 0.118297 0.078879 0.182101 
0.005379 0.745488 0.005651 0.150726 0.092757 
0.000678 0.224586 0.351014 0.391976 0.031746 
0.067086 0.130921 0.374856 0.355168 0.071970 
0.061416 0.062194 0.837138 0.009392 0.029860 
0.009785 0.033233 0.483268 0.393336 0.080378 
0.178311 0.016817 0.372046 0.420021 0.012804 
0.005028 0.114967 0.322024 0.529180 0.028801 
0.064720 0.000371 0.592532 0.261031 0.081347 
0.008668 0.320660 0.027066 0.452089 0.191517 
0.379507 0.021280 0.282245 0.002958 0.314009 
0.257645 0.029040 0.167343 0.116841 0.429131 
0.199278 0.086552 0.154907 0.533783 0.025479 
0.074681 0.010341 0.810348 0.086896 0.017734 
0.061253 0.017814 0.155042 0.756031 0.009859 
0.020870 0.497164 0.432684 0.044474 0.004808 
0.068900 0.016093 0.403414 0.508410 0.003183 
0.002227 0.540280 0.086662 0.035848 0.334983 
0.015950 0.628522 0.344107 0.006606 0.004815 
0.023455 0.385023 0.249193 0.005978 0.336352 
0.004540 0.000081 0.050783 0.612608 0.331988 
0.060611 0.669090 0.154943 0.099700 0.015656 
0.365271 0.043719 0.578780 0.003036 0.009193 
0.122034 0.000143 0.188027 0.470227 0.219569 
0.097624 0.605046 0.013511 0.029732 0.254087 
0.215950 0.133085 0.004086 0.646002 0.000877 
0.144598 0.026704 0.255303 0.561203 0.012191 
0.173310 0.376629 0.136962 0.003628 0.309471 
0.000087 0.008401 0.808023 0.043554 0.139934 
0.028574 0.121653 0.525973 0.018675 0.305126 
0.038185 0.362853 0.207084 0.369860 0.022017 
0.024955 0.225943 0.336220 0.011157 0.401725 
0.013801 0.006340 0.298702 0.216984 0.464173 
0.007041 0.569448 0.034411 0.044667 0.344433 
0.178899 0.176069 0.096621 0.527008 0.021403 
0.043449 0.359254 0.462020 0.090284 0.044993 
0.000053 0.027205 0.498397 0.081262 0.393083 
0.020834 0.089656 0.406491 0.018412 0.464608 
0.090464 0.281770 0.524139 0.067854 0.035774 
0.139627 0.443722 0.029560 0.041971 0.345120 
0.036814 0.179352 0.016700 0.241205 0.525929 
0.352952 0.178946 0.044372 0.002318 0.421412 
0.052053 0.025467 0.032410 0.876838 0.013232 
0.012133 0.304394 0.094500 0.118923 0.470050 
0.077077 0.159974 0.044061 0.613329 0.105560 
0.292845 0.401594 0.000779 0.059564 0.245217 
0.159354 0.146304 0.146779 0.499972 0.047591 
0.094009 0.370597 0.020024 0.437408 0.077961 
0.020737 0.665365 0.081072 0.205594 0.027232 
0.033999 0.129365 0.000017 0.832329 0.004290 
0.159061 0.129009 0.619496 0.075539 0.016896 
0.039565 0.022231 0.508120 0.321222 0.108862 
0.152109 0.018700 0.277673 0.504841 0.046677 
0.000102 0.383675 0.577350 0.038810 0.000063 
0.214020 0.101035 0.578418 0.039761 0.066766 
0.009984 0.172890 0.590661 0.159353 0.067112 
0.030608 0.220258 0.715201 0.032265 0.001669 
0.419905 0.079542 0.289773 0.203105 0.007674 
0.016375 0.000258 0.249014 0.713230 0.021122 
0.442550 0.176192 0.297269 0.073135 0.010853 
0.055409 0.425543 0.166827 0.128483 0.223738 
0.330193 0.078730 0.327360 0.213851 0.049866 
0.018817 0.400489 0.063159 0.478866 0.038669 
0.021705 0.005365 0.908781 0.057528 0.006622 
0.011174 0.270007 0.030894 0.273793 0.414133 
0.117409 0.578034 0.217210 0.003479 0.083869 
0.026603 0.665557 0.094258 0.093321 0.120261 
0.004680 0.443661 0.097775 0.152305 0.301579 
0.129862 0.224999 0.209305 0.325044 0.110790 
0.024694 0.858408 0.006760 0.047922 0.062216 
0.000274 0.460451 0.028115 0.233239 0.277920 
0.012762 0.315069 0.020811 0.562685 0.088673 
0.379434 0.074908 0.311331 0.096348 0.137980 
0.350366 0.464648 0.061642 0.096754 0.026590 
0.079014 0.300035 0.263904 0.094132 0.262915 
0.211409 0.128394 0.036705 0.255502 0.367990 
0.030314 0.066971 0.164943 0.700356 0.037415 
0.011926 0.003021 0.889614 0.003557 0.091882 
0.266944 0.024949 0.035402 0.137950 0.534755 
0.448638 0.018848 0.313208 0.161881 0.057425 
0.412825 0.099461 0.140557 0.185476 0.161680 
0.060810 0.092410 0.677779 0.163723 0.005278 
0.009515 0.002700 0.092961 0.761943 0.132882 
0.000751 0.705742 0.017386 0.140886 0.135235 
0.003010 0.156343 0.423269 0.382354 0.035024 
0.038870 0.026260 0.354074 0.239502 0.341293 
0.305537 0.193960 0.055220 0.142165 0.303119 
0.131017 0.489554 0.321613 0.007595 0.050221 
0.012537 0.061480 0.510577 0.121256 0.294150 
0.029357 0.459510 0.175674 0.326860 0.008598 
0.093422 0.121475 0.074562 0.689922 0.020619 
0.033630 0.046315 0.358350 0.002482 0.559224 
0.050607 0.148386 0.234357 0.554921 0.011729 
0.013934 0.142870 0.000179 0.823741 0.019277 
0.015109 0.833775 0.002614 0.135100 0.013402 
0.009770 0.019011 0.048811 0.921353 0.001055 
0.261953 0.198751 0.315527 0.223076 0.000693 
0.206183 0.011675 0.014800 0.565819 0.201524 
0.140031 0.005576 0.005024 0.299761 0.549608 
0.025574 0.278650 0.003205 0.213491 0.479080 
0.002952 0.244996 0.085018 0.548309 0.118725 
0.025051 0.290073 0.015214 0.122743 0.546920 
0.019417 0.106205 0.853739 0.000688 0.019951 
0.007856 0.321163 0.164943 0.505844 0.000195 
0.105677 0.046234 0.008957 0.224136 0.614996 
0.257144 0.009004 0.198248 0.524444 0.011161 
0.025712 0.221696 0.042911 0.033687 0.675994 
0.116468 0.175756 0.200061 0.039959 0.467755 
0.033475 0.012302 0.040534 0.853353 0.060337 
0.021426 0.000444 0.004453 0.031679 0.941997 
0.536836 0.000260 0.391663 0.011451 0.059790 
0.114967 0.001656 0.007180 0.439891 0.436307 
0.606097 0.081776 0.002596 0.001599 0.307932 
0.138485 0.074269 0.426818 0.065431 0.294997 
0.027639 0.007171 0.656173 0.017720 0.291296 
0.050938 0.088433 0.036064 0.605419 0.219146 
0.000005 0.708276 0.001682 0.277018 0.013019 
0.241292 0.194780 0.235705 0.000276 0.327947 
0.000275 0.000001 0.543127 0.261636 0.194961 
0.006678 0.945571 0.001170 0.039047 0.007534 
0.027120 0.260048 0.064693 0.472490 0.175648 
0.002709 0.182330 0.001016 0.118504 0.695441 
0.082206 0.401088 0.292153 0.223381 0.001172 
0.166192 0.273409 0.537868 0.021418 0.001113 
0.140299 0.193102 0.040472 0.624742 0.001386 
0.284838 0.065570 0.033471 0.347346 0.268776 
0.151599 0.062927 0.235273 0.515238 0.034963 
0.216506 0.069896 0.064329 0.292702 0.356566 
0.002849 0.537765 0.315173 0.138884 0.005329 
0.234915 0.431581 0.157178 0.144551 0.031774 
0.233170 0.589515 0.166923 0.002705 0.007687 
0.218337 0.327894 0.277231 0.126667 0.049870 
0.000689 0.594069 0.015515 0.109897 0.279830 
0.016713 0.003751 0.266039 0.700247 0.013250 
0.039526 0.218284 0.000131 0.559858 0.182201 
0.206145 0.364773 0.345999 0.082215 0.000869 
0.147613 0.690896 0.072294 0.028100 0.061097 
0.000665 0.040508 0.000417 0.763692 0.194719 
0.443006 0.000100 0.512303 0.044478 0.000112 
0.000318 0.354522 0.208119 0.145451 0.291589 
0.258120 0.022275 0.067331 0.614498 0.037776 
0.184191 0.019097 0.646983 0.133134 0.016595 
0.103939 0.124101 0.275354 0.027740 0.468866 
0.096996 0.382641 0.049141 0.114509 0.356713 
0.008666 0.071029 0.000873 0.723440 0.195992 
0.001163 0.020180 0.001263 0.805996 0.171398 
0.003777 0.276289 0.392426 0.282605 0.044902 
0.028660 0.663893 0.193783 0.001069 0.112595 
0.085514 0.030771 0.068384 0.250357 0.564975 
0.086165 0.106794 0.767929 0.001522 0.037590 
0.110747 0.224945 0.054956 0.559882 0.049469 
0.044202 0.001132 0.070921 0.853141 0.030604 
0.003538 0.647065 0.011289 0.181407 0.156701 
0.005079 0.395106 0.134441 0.172008 0.293367 
0.012323 0.455256 0.172465 0.104202 0.255753 
0.001973 0.443831 0.264265 0.251833 0.038098 
0.089813 0.231135 0.003035 0.474339 0.201678 
0.072477 0.457420 0.017142 0.371811 0.081150 
0.108897 0.329372 0.000138 0.314182 0.247411 
0.063925 0.084498 0.007388 0.453727 0.390463 
0.004644 0.040637 0.011198 0.933413 0.010108 
0.058121 0.026992 0.894952 0.009520 0.010415 
0.015551 0.345361 0.071873 0.561603 0.005612 
0.049285 0.626849 0.004868 0.160543 0.158455 
0.069127 0.110790 0.777969 0.000797 0.041318 
0.008969 0.487991 0.026154 0.126928 0.349958 
0.119408 0.153989 0.579941 0.075593 0.071069 
0.020496 0.006064 0.839229 0.079375 0.054836 
0.027759 0.014425 0.760227 0.175482 0.022107 
0.127565 0.237555 0.000649 0.634101 0.000130 
0.070559 0.243882 0.000369 0.283654 0.401536 
0.022749 0.120040 0.062856 0.112409 0.681946 
0.264146 0.025053 0.020612 0.688965 0.001224 
0.062301 0.132034 0.095100 0.681690 0.028876 
0.004313 0.153558 0.356324 0.335435 0.150370 
0.110569 0.363811 0.508305 0.009164 0.008151 
0.007090 0.139638 0.253696 0.594746 0.004830 
0.008515 0.176228 0.038640 0.261094 0.515523 
0.010691 0.114479 0.230814 0.003950 0.640066 
0.054876 0.137551 0.261888 0.534106 0.011578 
0.572702 0.000262 0.034474 0.327495 0.065066 
0.218200 0.051201 0.090594 0.357754 0.282252 
0.158938 0.081865 0.618321 0.126973 0.013903 
0.047794 0.037434 0.069896 0.441243 0.403634 
0.026100 0.648635 0.263637 0.041665 0.019963 
0.062114 0.043313 0.734052 0.149842 0.010679 
0.370872 0.002063 0.092766 0.285350 0.248949 
0.319418 0.125935 0.054719 0.003515 0.496413 
0.113248 0.209415 0.232117 0.441052 0.004169 
0.000292 0.765135 0.079417 0.068830 0.086326 
0.164707 0.797507 0.024628 0.013061 0.000098 
0.005415 0.005314 0.332926 0.620207 0.036138 
0.364886 0.053309 0.026774 0.020278 0.534752 
0.008684 0.503044 0.339498 0.011657 0.137118 
0.104251 0.298573 0.509703 0.002228 0.085245 
0.007020 0.035166 0.630939 0.191452 0.135424 
0.046740 0.071790 0.710084 0.101913 0.069473 
0.110972 0.063117 0.035680 0.361642 0.428589 
0.000640 0.214269 0.435192 0.158345 0.191554 
0.077872 0.512134 0.031287 0.268147 0.110560 
0.147842 0.060604 0.025784 0.679739 0.086031 
0.190149 0.088405 0.708839 0.011830 0.000776 
0.025315 0.133578 0.003699 0.078552 0.758856 
0.110463 0.064038 0.258609 0.497698 0.069193 
0.000092 0.108592 0.860563 0.030213 0.000539 
0.050241 0.055804 0.360240 0.003791 0.529924 
0.002052 0.018226 0.405707 0.091640 0.482375 
0.142368 0.042528 0.217028 0.340865 0.257211 
0.018581 0.222295 0.074032 0.392785 0.292307 
0.007749 0.314091 0.125191 0.287669 0.265300 
0.173919 0.118864 0.255020 0.448619 0.003577 
0.007183 0.033223 0.272517 0.349138 0.337939 
0.017529 0.024253 0.092007 0.554988 0.311223 
0.008046 0.087586 0.191494 0.459159 0.253716 
0.003444 0.115742 0.120038 0.646187 0.114589 
0.008840 0.092448 0.051612 0.775665 0.071436 
0.000742 0.365999 0.219535 0.109557 0.304168 
0.056866 0.114247 0.721407 0.020480 0.087000 
0.116501 0.163471 0.080371 0.639232 0.000425 
0.031232 0.085179 0.516632 0.000982 0.365975 
0.061715 0.169663 0.021167 0.670980 0.076475 
0.011807 0.208201 0.527397 0.242749 0.009846 
0.000365 0.429121 0.021101 0.288155 0.261258 
0.423503 0.017127 0.083989 0.446585 0.028796 
0.179046 0.009786 0.140040 0.627064 0.044064 
0.002187 0.236794 0.164400 0.547365 0.049255 
0.161482 0.349696 0.035580 0.430573 0.022669 
0.025296 0.472374 0.241151 0.238520 0.022660 
0.049911 0.070843 0.737835 0.090700 0.050712 
0.073620 0.404651 0.250218 0.000752 0.270759 
0.020989 0.119498 0.000534 0.568835 0.290144 
0.046594 0.024851 0.038562 0.802057 0.087935 
0.253246 0.215641 0.028848 0.502233 0.000033 
0.082479 0.262821 0.004598 0.536892 0.113210 
0.000150 0.001840 0.083332 0.834786 0.079892 
0.004312 0.164167 0.609895 0.000045 0.221582 
0.037733 0.081788 0.836352 0.003450 0.040677 
0.023563 0.040303 0.075541 0.853784 0.006808 
0.028775 0.280436 0.136955 0.475217 0.078617 
0.010673 0.492050 0.423506 0.051212 0.022560 
0.047180 0.337646 0.413659 0.102382 0.099134 
0.016346 0.120506 0.656155 0.146431 0.060563 
0.088352 0.125173 0.469103 0.249311 0.068061 
0.023293 0.647277 0.009801 0.146777 0.172852 
0.026184 0.400854 0.134119 0.432313 0.006531 
0.027294 0.371240 0.015593 0.334053 0.251819 
0.152962 0.124294 0.004903 0.671074 0.046768 
0.003351 0.233424 0.048058 0.600443 0.114725 
0.144723 0.157796 0.228226 0.342946 0.126309 
0.240090 0.046198 0.016355 0.134847 0.562510 
0.456326 0.050982 0.005589 0.272390 0.214712 
0.022878 0.000936 0.959983 0.002885 0.013317 
0.000211 0.553459 0.091933 0.147161 0.207236 
0.044901 0.306623 0.461664 0.007198 0.179613 
0.028035 0.176467 0.000518 0.790537 0.004443 
0.033376 0.153067 0.802400 0.009893 0.001265 
0.246516 0.007709 0.203941 0.471450 0.070383 
0.000189 0.681167 0.096776 0.173372 0.048495 
0.007723 0.506581 0.434647 0.014466 0.036583 
0.023726 0.838754 0.014594 0.082824 0.040102 
0.018412 0.495465 0.025041 0.125421 0.335661 
0.247766 0.535630 0.211663 0.000374 0.004567 
0.049583 0.829571 0.078680 0.018270 0.023896 
0.302848 0.310755 0.000132 0.061489 0.324776 
0.239870 0.070109 0.000328 0.008004 0.681689 
0.001986 0.188877 0.017239 0.057127 0.734771 
0.037203 0.732929 0.007987 0.218411 0.003470 
0.198280 0.095292 0.287526 0.402110 0.016792 
0.003951 0.095418 0.822613 0.000905 0.077112 
0.134643 0.014533 0.469877 0.322136 0.058811 
0.004482 0.189701 0.178895 0.611671 0.015250 
0.244378 0.091755 0.217983 0.330540 0.115344 
0.022510 0.017121 0.047823 0.217013 0.695533 
0.046920 0.230955 0.273292 0.407168 0.041665 
0.012700 0.289670 0.014357 0.335138 0.348135 
0.055499 0.109585 0.037030 0.759801 0.038085 
0.000516 0.003718 0.083061 0.078170 0.834535 
0.007616 0.075557 0.119274 0.793842 0.003710 
0.002471 0.375270 0.049216 0.000132 0.572911 
0.001506 0.036464 0.024515 0.265872 0.671643 
0.080737 0.033351 0.470230 0.324042 0.091640 
0.002729 0.404856 0.005540 0.261026 0.325848 
0.026672 0.058461 0.337510 0.495413 0.081945 
0.034137 0.068257 0.194218 0.689424 0.013964 
0.502328 0.422754 0.070185 0.001138 0.003595 
0.316721 0.035008 0.010134 0.195336 0.442801 
0.000725 0.049884 0.548292 0.289323 0.111777 
0.098785 0.028814 0.320682 0.532918 0.018801 
0.182469 0.363606 0.008825 0.421223 0.023877 
0.218918 0.229836 0.034607 0.506011 0.010627 
0.015481 0.086542 0.141582 0.116085 0.640311 
0.008220 0.090128 0.067832 0.103890 0.729930 
0.004255 0.139270 0.062227 0.285915 0.508333 
0.000008 0.061595 0.311626 0.165823 0.460948 
0.030497 0.007580 0.168033 0.057674 0.736217 
0.007494 0.155097 0.533327 0.274583 0.029498 
0.007254 0.070382 0.003985 0.500723 0.417656 
0.140837 0.106563 0.080128 0.157756 0.514716 
0.050874 0.000966 0.105004 0.093219 0.749937 
0.011402 0.000322 0.004019 0.400652 0.583605 
0.009801 0.000092 0.022302 0.378085 0.589720 
0.066552 0.032716 0.090825 0.280998 0.528910 
0.078123 0.037185 0.333606 0.003873 0.547213 
0.130198 0.426961 0.053088 0.060582 0.329170 
0.003542 0.000001 0.636424 0.346531 0.013502 
0.029761 0.010446 0.587703 0.173496 0.198594 
0.201871 0.000808 0.659651 0.011818 0.125853 
0.106532 0.252102 0.533760 0.103537 0.004070 
0.068257 0.520187 0.000834 0.112865 0.297858 
0.007055 0.145270 0.313437 0.057965 0.476273 
0.001365 0.319140 0.657782 0.010552 0.011162 
0.000668 0.032209 0.555687 0.301707 0.109728 
0.010621 0.912590 0.004568 0.005363 0.066858 
0.187009 0.178336 0.000155 0.612986 0.021515 
0.085300 0.488579 0.271054 0.000076 0.154991 
0.000312 0.273372 0.112983 0.611050 0.002284 
0.076969 0.009314 0.036629 0.616690 0.260398 
0.127617 0.762512 0.031505 0.039798 0.038568 
0.040500 0.017128 0.899543 0.041661 0.001169 
0.207500 0.142833 0.013011 0.539890 0.096767 
0.014640 0.397222 0.059110 0.410613 0.118415 
0.276958 0.244208 0.000021 0.470124 0.008689 
0.211274 0.344262 0.204743 0.022815 0.216905 
0.275361 0.301514 0.000017 0.373586 0.049522 
0.007723 0.170445 0.423917 0.322072 0.075843 
0.210158 0.148330 0.467492 0.166310 0.007710 
0.007496 0.475533 0.144419 0.031586 0.340966 
0.430911 0.154980 0.051973 0.358402 0.003734 
0.203289 0.269030 0.024129 0.452370 0.051181 
0.015707 0.081448 0.215302 0.634031 0.053513 
0.001484 0.238899 0.405471 0.342301 0.011845 
0.042849 0.007477 0.560009 0.018036 0.371628 
0.001686 0.110469 0.001531 0.689867 0.196446 
0.148038 0.527783 0.002642 0.185305 0.136231 
0.104116 0.001369 0.055715 0.812092 0.026709 
0.037771 0.006199 0.634113 0.073081 0.248836 
0.020746 0.099702 0.007345 0.590862 0.281345 
0.022079 0.030568 0.812732 0.057606 0.077015 
0.156184 0.394686 0.161221 0.087791 0.200118 
0.001389 0.694447 0.095911 0.005697 0.202557 
0.013582 0.075724 0.013352 0.880158 0.017184 
0.032037 0.109480 0.801910 0.000006 0.056566 
0.003905 0.286297 0.013459 0.652112 0.044227 
0.119411 0.458267 0.383113 0.015673 0.023537 
0.003791 0.546834 0.023742 0.292274 0.133359 
0.015870 0.017449 0.017355 0.942883 0.006443 
0.060024 0.004662 0.121591 0.768142 0.045582 
0.090623 0.005645 0.024617 0.683512 0.195603 
0.065934 0.312550 0.115398 0.439595 0.066523 
0.021508 0.115774 0.732958 0.083269 0.046490 
0.011016 0.489667 0.159414 0.288690 0.051212 
0.075272 0.057851 0.048900 0.815824 0.002152 
0.206114 0.188650 0.364202 0.011195 0.229839 
0.041198 0.536888 0.104460 0.316935 0.000519 
0.406340 0.440172 0.090116 0.016038 0.047334 
0.066933 0.113947 0.429211 0.378855 0.011054 
0.081253 0.194143 0.348631 0.313087 0.062887 
0.000070 0.177367 0.341860 0.478580 0.002122 
0.001333 0.124094 0.004412 0.541508 0.328653 
0.071275 0.032192 0.097756 0.797943 0.000834 
0.242108 0.028838 0.609618 0.010748 0.108687 
0.001029 0.019182 0.814275 0.148333 0.017181 
0.093178 0.153022 0.414066 0.323905 0.015829 
0.233580 0.004066 0.232943 0.000696 0.528715 
0.060261 0.227156 0.677875 0.001149 0.033559 
0.240077 0.236639 0.010058 0.503199 0.010027 
0.038025 0.155136 0.230453 0.545098 0.031288 
0.109980 0.359751 0.369074 0.000056 0.161138 
0.073707 0.043195 0.174595 0.547363 0.161140 
0.033607 0.801175 0.059741 0.105457 0.000019 
0.027796 0.417021 0.173137 0.302157 0.079890 
0.000414 0.567538 0.007267 0.195235 0.229545 
0.073059 0.342777 0.366032 0.021730 0.196402 
0.170334 0.029721 0.225346 0.557833 0.016766 
0.216984 0.057795 0.072004 0.003204 0.650013 
0.001288 0.391959 0.067069 0.123973 0.415711 
0.011033 0.400048 0.048323 0.306625 0.233971 
0.000040 0.001034 0.015758 0.744869 0.238299 
0.002120 0.432814 0.019442 0.271167 0.274457 
0.057921 0.036186 0.733808 0.075194 0.096891 
0.374355 0.091376 0.271499 0.255124 0.007647 
0.534559 0.002092 0.262900 0.163910 0.036539 
0.228313 0.311906 0.054684 0.397957 0.007140 
0.060020 0.686300 0.007805 0.124713 0.121162 
0.088364 0.012768 0.278891 0.489681 0.130296 
0.003521 0.192450 0.458347 0.007128 0.338555 
0.026504 0.291682 0.000003 0.502686 0.179124 
0.033588 0.163729 0.001039 0.702432 0.099212 
0.033983 0.041505 0.737997 0.104697 0.081818 
0.004023 0.165735 0.132304 0.615625 0.082314 
0.032463 0.000669 0.444267 0.249737 0.272865 
0.008135 0.000015 0.513246 0.155430 0.323173 
0.027724 0.045630 0.028767 0.806898 0.090981 
0.004911 0.029053 0.391081 0.083504 0.491450 
0.046460 0.078833 0.369764 0.211265 0.293679 
0.546195 0.075740 0.100461 0.225925 0.051680 
0.053951 0.254646 0.004982 0.679208 0.007213 
0.020707 0.002330 0.710438 0.000274 0.266251 
0.002137 0.642212 0.028534 0.065175 0.261942 
0.165081 0.165979 0.333007 0.178964 0.156969 
0.007647 0.239351 0.496838 0.182210 0.073954 
0.008517 0.071090 0.693151 0.213866 0.013374 
0.004461 0.279538 0.421523 0.121342 0.173136 
0.011349 0.497517 0.195938 0.000267 0.294929 
0.017459 0.310410 0.076554 0.000160 0.595416 
0.000141 0.572933 0.005937 0.189533 0.231455 
0.163801 0.018510 0.309123 0.028404 0.480162 
0.001001 0.091811 0.026086 0.486805 0.394297 
0.004493 0.136508 0.000186 0.000224 0.858589 
0.048750 0.388293 0.250673 0.310346 0.001939 
0.250387 0.094727 0.168944 0.485839 0.000103 
0.017362 0.653035 0.036411 0.281236 0.011955 
0.190017 0.000172 0.715086 0.032739 0.061986 
0.083602 0.032693 0.090552 0.273152 0.520002 
0.032760 0.596184 0.000458 0.066787 0.303812 
0.016062 0.111557 0.137596 0.013608 0.721175 
0.047274 0.001815 0.125369 0.791339 0.034203 
0.107519 0.031332 0.829613 0.004713 0.026823 
0.000102 0.050383 0.006430 0.041088 0.901997 
0.019223 0.189247 0.093754 0.053408 0.644368 
0.005647 0.100125 0.550597 0.332314 0.011316 
0.002768 0.377354 0.008712 0.247215 0.363952 
0.008065 0.289363 0.028470 0.089732 0.584370 
0.374500 0.063235 0.073155 0.227955 0.261154 
0.018998 0.066295 0.865278 0.021473 0.027957 
0.051214 0.010721 0.197599 0.103734 0.636731 
0.005303 0.027386 0.305186 0.140269 0.521856 
0.014137 0.517381 0.304005 0.095303 0.069175 
0.328279 0.035101 0.385909 0.244939 0.005772 
0.315715 0.241567 0.042981 0.398621 0.001116 
0.026769 0.002306 0.001401 0.953863 0.015661 
0.115605 0.547768 0.024001 0.267715 0.044911 
0.000004 0.033885 0.663833 0.250212 0.052066 
0.026319 0.152365 0.224355 0.422861 0.174101 
0.047101 0.133782 0.012213 0.038784 0.768120 
0.007465 0.186926 0.392010 0.243396 0.170203 
0.043453 0.620194 0.108935 0.139417 0.088001 
0.032453 0.798359 0.013802 0.153116 0.002271 
0.015007 0.005076 0.274969 0.224778 0.480170 
0.000189 0.661905 0.243310 0.060290 0.034306 
0.004089 0.380517 0.312967 0.302426 0.000000 
0.075219 0.000661 0.019063 0.843048 0.062009 
0.197688 0.026640 0.150666 0.573658 0.051347 
0.081119 0.198077 0.144017 0.574850 0.001937 
0.001943 0.151560 0.107459 0.586519 0.152519 
0.077840 0.142027 0.094974 0.674582 0.010577 
0.061555 0.301647 0.013504 0.377089 0.246204 
0.025057 0.786028 0.053799 0.042193 0.092923 
0.043832 0.478363 0.037109 0.021449 0.419248 
0.011399 0.652807 0.122383 0.025804 0.187606 
0.000003 0.172897 0.490467 0.320439 0.016194 
0.001604 0.068311 0.350998 0.395353 0.183735 
0.067831 0.004960 0.051054 0.049130 0.827024 
0.066482 0.015022 0.664090 0.098436 0.155970 
0.253134 0.485866 0.069357 0.014558 0.177085 
0.001700 0.308995 0.320933 0.003921 0.364451 
0.000164 0.232958 0.028480 0.623204 0.115195 
0.001528 0.059548 0.902645 0.017633 0.018646 
0.087550 0.174649 0.009047 0.424864 0.303890 
0.106716 0.006456 0.098141 0.326587 0.462101 
0.000003 0.244624 0.712256 0.029869 0.013247 
0.002591 0.413063 0.210719 0.073161 0.300466 
0.001038 0.390277 0.071835 0.166265 0.370586 
0.006529 0.458941 0.293346 0.123619 0.117565 
0.162116 0.214078 0.060425 0.563200 0.000181 
0.050996 0.810196 0.056004 0.079551 0.003252 
0.307166 0.001041 0.017438 0.566410 0.107945 
0.030519 0.314355 0.425383 0.215268 0.014475 
0.001137 0.072296 0.068719 0.779274 0.078575 
0.067914 0.022568 0.030906 0.776502 0.102110 
0.039340 0.021259 0.911908 0.011563 0.015931 
0.046210 0.033791 0.036094 0.784314 0.099591 
0.197587 0.024986 0.021702 0.729002 0.026723 
0.191828 0.153265 0.590296 0.059642 0.004969 
0.106470 0.000556 0.564914 0.170954 0.157106 
0.196331 0.017960 0.251148 0.528450 0.006110 
0.132899 0.162279 0.204153 0.312842 0.187828 
0.001166 0.033139 0.046141 0.916119 0.003435 
0.061217 0.201099 0.354532 0.170288 0.212864 
0.006134 0.234522 0.639200 0.008771 0.111373 
0.201613 0.016476 0.008475 0.722818 0.050618 
0.002833 0.126668 0.030073 0.102602 0.737824 
0.000249 0.026468 0.694317 0.147382 0.131584 
0.000784 0.761638 0.000143 0.106526 0.130909 
0.092536 0.214964 0.430619 0.004247 0.257635 
0.065006 0.256489 0.360923 0.113840 0.203741 
0.069143 0.081040 0.310709 0.536036 0.003071 
0.025071 0.468549 0.292398 0.143143 0.070839 
0.118599 0.341354 0.224276 0.285804 0.029967 
0.029184 0.165545 0.029150 0.749473 0.026649 
0.000000 0.318840 0.345886 0.301558 0.033716 
0.047990 0.567759 0.080638 0.229464 0.074149 
0.081303 0.025020 0.557600 0.086826 0.249250 
0.009604 0.007640 0.000004 0.881292 0.101460 
0.026108 0.151149 0.086629 0.669322 0.066792 
0.006490 0.108537 0.002680 0.877687 0.004605 
0.197787 0.001626 0.700091 0.100480 0.000015 
0.056295 0.036572 0.840992 0.012929 0.053212 
0.006516 0.078523 0.009969 0.806651 0.098341 
0.000384 0.014462 0.341722 0.453412 0.190021 
0.000941 0.002421 0.359196 0.132221 0.505221 
0.041419 0.050018 0.050591 0.759564 0.098408 
0.093424 0.000353 0.004432 0.645730 0.256060 
0.001343 0.001348 0.042999 0.836266 0.118044 
0.075427 0.084814 0.176614 0.275407 0.387738 
0.108332 0.108472 0.155765 0.510118 0.117312 
0.094322 0.010272 0.859422 0.000621 0.035364 
0.000859 0.355673 0.641970 0.000215 0.001283 
0.001826 0.069630 0.720563 0.101549 0.106433 
0.227593 0.318984 0.056899 0.215630 0.180893 
0.001683 0.176542 0.751365 0.029053 0.041357 
0.103932 0.034199 0.133345 0.728237 0.000286 
0.018709 0.446319 0.049907 0.243115 0.241950 
0.005300 0.012807 0.359148 0.305243 0.317502 
0.001994 0.417411 0.041133 0.169035 0.370427 
0.068839 0.032760 0.151372 0.503442 0.243587 
0.028322 0.139155 0.016868 0.608534 0.207122 
0.133662 0.062401 0.000001 0.769908 0.034028 
0.004472 0.013773 0.620511 0.323014 0.038230 
0.147322 0.006803 0.006666 0.809183 0.030027 
0.484409 0.394487 0.105980 0.000336 0.014788 
0.379824 0.000361 0.425301 0.168669 0.025846 
0.013699 0.080513 0.680450 0.209628 0.015709 
0.347939 0.001073 0.098549 0.043586 0.508852 
0.004874 0.076760 0.171013 0.596086 0.151267 
0.004914 0.353879 0.467944 0.012865 0.160398 
0.040947 0.683073 0.000394 0.028741 0.246846 
0.336448 0.109247 0.010151 0.506903 0.037251 
0.032917 0.179524 0.681923 0.015663 0.089973 
0.004637 0.111980 0.012726 0.486341 0.384315 
0.004888 0.254092 0.378531 0.333613 0.028875 
0.002766 0.379631 0.549145 0.028671 0.039787 
0.003602 0.303141 0.245467 0.000412 0.447378 
0.019226 0.186271 0.668966 0.094643 0.030895 
0.266971 0.033005 0.180502 0.418106 0.101416 
0.117853 0.033279 0.043072 0.276475 0.529321 
0.070087 0.162804 0.697107 0.023503 0.046499 
0.040886 0.017239 0.010873 0.005968 0.925034 
0.229566 0.079668 0.119940 0.386835 0.183992 
0.092548 0.210486 0.010137 0.407187 0.279643 
0.227481 0.237752 0.247229 0.117425 0.170114 
0.106539 0.045615 0.034788 0.087513 0.725545 
0.145941 0.086766 0.050426 0.448088 0.268778 
0.062725 0.004601 0.079031 0.641016 0.212627 
0.030927 0.041612 0.000021 0.000352 0.927089 
0.031990 0.243189 0.576221 0.125101 0.023500 
0.056186 0.015595 0.126512 0.602412 0.199295 
0.072524 0.254309 0.407915 0.007500 0.257752 
0.016044 0.522802 0.179154 0.190925 0.091076 
0.066630 0.193783 0.131720 0.055547 0.552320 
0.021853 0.001729 0.194861 0.348851 0.432707 
0.114694 0.041456 0.025749 0.098648 0.719454 
0.000035 0.138170 0.706158 0.153238 0.002399 
0.004230 0.323553 0.265868 0.019752 0.386598 
0.024513 0.616670 0.000470 0.005104 0.353243 
0.002576 0.098656 0.047340 0.824351 0.027077 
0.097653 0.066203 0.313291 0.302559 0.220294 
0.209123 0.120886 0.020622 0.103946 0.545424 
0.060151 0.085895 0.346819 0.000004 0.507131 
0.007398 0.049903 0.537117 0.352655 0.052928 
0.004220 0.086684 0.267938 0.019445 0.621714 
0.016275 0.158488 0.074359 0.693833 0.057045 
0.286332 0.091383 0.131751 0.124775 0.365758 
0.041211 0.213124 0.004155 0.243992 0.497518 
0.008495 0.428646 0.026496 0.009202 0.527162 
0.015927 0.012512 0.874208 0.041676 0.055677 
0.071844 0.306830 0.139571 0.288231 0.193524 
0.069424 0.038530 0.001508 0.309418 0.581120 
0.002963 0.272446 0.545872 0.143197 0.035522 
0.127535 0.056476 0.045502 0.674308 0.096179 
0.028395 0.175065 0.517870 0.253485 0.025186 
0.090482 0.075572 0.022764 0.643241 0.167941 
0.004764 0.060391 0.384760 0.068866 0.481218 
0.009665 0.064228 0.415563 0.161499 0.349045 
0.000009 0.099986 0.262260 0.007306 0.630438 
0.036560 0.029823 0.002172 0.614117 0.317329 
0.014227 0.005186 0.465585 0.059779 0.455223 
0.019007 0.014564 0.539946 0.000504 0.425979 
0.003346 0.168046 0.160702 0.002235 0.665671 
0.000356 0.258694 0.092335 0.016121 0.632494 
0.031563 0.198573 0.000025 0.561647 0.208191 
0.000122 0.218515 0.752589 0.007258 0.021516 
0.015229 0.065755 0.004747 0.666582 0.247687 
0.000631 0.088679 0.009250 0.797953 0.103488 
0.016029 0.178283 0.520475 0.188761 0.096452 
0.044664 0.074294 0.656472 0.174709 0.049861 
0.034791 0.127688 0.488950 0.114163 0.234409 
0.074729 0.241974 0.647344 0.010507 0.025446 
0.001210 0.023496 0.652233 0.001273 0.321788 
0.142002 0.082036 0.457267 0.091417 0.227277 
0.006229 0.123702 0.215960 0.399051 0.255058 
0.073911 0.014476 0.537169 0.009682 0.364761 
0.050689 0.108180 0.016749 0.782428 0.041954 
0.293327 0.370495 0.053903 0.275257 0.007019 
0.016721 0.095451 0.340799 0.000749 0.546281 
0.099738 0.656517 0.199065 0.035074 0.009605 
0.024950 0.088768 0.210103 0.018598 0.657581 
0.108378 0.430047 0.000979 0.379294 0.081303 
0.082666 0.054205 0.141024 0.073113 0.648992 
0.042566 0.008394 0.021460 0.164492 0.763089 
0.001607 0.020451 0.052349 0.028497 0.897095 
0.003420 0.050741 0.000353 0.077419 0.868067 
0.278624 0.374312 0.168505 0.158037 0.020521 
0.019076 0.000802 0.440699 0.054010 0.485412 
0.148678 0.000501 0.633237 0.073693 0.143890 
0.038697 0.023812 0.706232 0.009458 0.221800 
0.007206 0.038684 0.494770 0.019434 0.439906 
0.040820 0.062319 0.007902 0.322062 0.566897 
0.008205 0.427742 0.006477 0.287493 0.270083 
0.006362 0.011724 0.178424 0.235984 0.567506 
0.291766 0.158843 0.035130 0.000700 0.513560 
0.110732 0.606354 0.201693 0.080635 0.000585 
0.028119 0.023138 0.074251 0.767719 0.106773 
0.005620 0.106983 0.006247 0.698848 0.182302 
0.015671 0.125524 0.089117 0.423252 0.346436 
0.016044 0.312204 0.300487 0.123784 0.247480 
0.002837 0.000637 0.213131 0.632127 0.151267 
0.048105 0.069713 0.807600 0.036637 0.037946 
0.020428 0.386400 0.071225 0.023483 0.498464 
0.126785 0.060075 0.037033 0.403635 0.372472 
0.000863 0.507355 0.434676 0.032983 0.024123 
0.083320 0.047287 0.088463 0.214301 0.566630 
0.024559 0.186259 0.741737 0.020935 0.026510 
0.139385 0.092741 0.757184 0.001603 0.009088 
0.009622 0.123309 0.109479 0.732573 0.025016 
0.054607 0.590779 0.131905 0.012517 0.210191 
0.350993 0.171702 0.092020 0.384645 0.000639 
0.013907 0.201194 0.009274 0.729877 0.045749 
0.174106 0.471033 0.239601 0.000334 0.114926 
0.050144 0.100923 0.122197 0.642540 0.084197 
0.055778 0.015131 0.308714 0.531004 0.089372 
0.183890 0.319986 0.004035 0.261449 0.230640 
0.028486 0.311575 0.533401 0.029329 0.097209 
0.009037 0.093971 0.138350 0.057262 0.701379 
0.026040 0.097678 0.034529 0.061144 0.780609 
0.048295 0.206227 0.676873 0.018736 0.049869 
0.029839 0.022748 0.310075 0.031348 0.605989 
0.007127 0.398074 0.018659 0.001975 0.574164 
0.206410 0.235819 0.021313 0.034760 0.501698 
0.022712 0.209422 0.012899 0.211685 0.543282 
0.237188 0.014591 0.249052 0.359834 0.139334 
0.010031 0.000079 0.040277 0.382621 0.566993 
0.122816 0.280094 0.475531 0.001617 0.119941 
0.066824 0.010529 0.044200 0.539642 0.338805 
0.155598 0.015832 0.218495 0.236069 0.374005 
0.211054 0.030585 0.438084 0.036456 0.283820 
0.006283 0.141287 0.335376 0.426613 0.090441 
0.006273 0.000002 0.117123 0.403190 0.473412 
0.013602 0.486854 0.045377 0.141993 0.312175 
0.000083 0.203806 0.274650 0.418514 0.102946 
0.000444 0.437941 0.409664 0.003479 0.148472 
0.029932 0.444568 0.367488 0.034567 0.123445 
0.049327 0.001939 0.906806 0.000192 0.041737 
0.030405 0.296938 0.352332 0.231557 0.088768 
0.355088 0.003339 0.185104 0.377002 0.079466 
0.001243 0.279541 0.383552 0.201528 0.134136 
0.130543 0.052119 0.594489 0.007666 0.215182 
0.033879 0.930189 0.014316 0.019588 0.002028 
0.046187 0.685999 0.263316 0.001681 0.002818 
0.025461 0.602812 0.200788 0.043607 0.127332 
0.014225 0.148971 0.427034 0.102633 0.307137 
0.032682 0.105240 0.677941 0.022551 0.161587 
0.022500 0.121341 0.000631 0.709664 0.145864 
0.337334 0.406446 0.067986 0.158423 0.029812 
0.160875 0.498092 0.023423 0.009027 0.308583 
0.506424 0.028501 0.075253 0.389625 0.000197 
0.009406 0.533707 0.028336 0.378061 0.050490 
0.001886 0.500322 0.228603 0.263964 0.005225 
0.000128 0.447679 0.243366 0.180682 0.128145 
0.001453 0.472486 0.336758 0.089175 0.100128 
0.313468 0.500936 0.019126 0.033672 0.132798 
0.015361 0.276643 0.379519 0.314949 0.013528 
0.000647 0.057055 0.001389 0.076027 0.864883 
0.022162 0.375369 0.445792 0.086448 0.070230 
0.087223 0.041536 0.004483 0.865086 0.001672 
0.188235 0.406635 0.372806 0.017693 0.014630 
0.037889 0.000011 0.631019 0.327935 0.003145 
0.074355 0.218743 0.539397 0.033760 0.133745 
0.313661 0.017086 0.088169 0.566810 0.014274 
0.005641 0.019186 0.639571 0.178091 0.157512 
0.129975 0.000053 0.858121 0.010410 0.001441 
0.033424 0.083913 0.740838 0.044243 0.097582 
0.010886 0.052919 0.889891 0.011811 0.034492 
0.175154 0.039068 0.053609 0.687844 0.044325 
0.000286 0.171580 0.292434 0.363124 0.172576 
0.026196 0.010733 0.034991 0.708997 0.219083 
0.039769 0.110682 0.728528 0.009167 0.111855 
0.006234 0.821284 0.078430 0.084657 0.009395 
0.080310 0.112689 0.163628 0.608685 0.034688 
0.040475 0.034861 0.879619 0.045008 0.000037 
0.133269 0.004282 0.825791 0.028513 0.008145 
0.075595 0.052824 0.776450 0.010977 0.084154 
0.039448 0.087150 0.653945 0.137414 0.082043 
0.007666 0.026074 0.869199 0.011539 0.085522 
0.029145 0.010819 0.479233 0.324581 0.156223 
0.000788 0.404054 0.422183 0.169504 0.003472 
0.015325 0.000712 0.508314 0.004687 0.470962 
0.003169 0.167036 0.010723 0.818173 0.000899 
0.005464 0.052325 0.015657 0.908657 0.017897 
0.209103 0.081754 0.011580 0.692872 0.004690 
0.031153 0.024130 0.023167 0.868411 0.053139 
0.115930 0.004697 0.085412 0.072858 0.721103 
0.322940 0.107406 0.188515 0.377790 0.003350 
0.012325 0.000041 0.667471 0.256983 0.063180 
0.080469 0.014505 0.768703 0.120506 0.015817 
0.001124 0.473838 0.017326 0.212938 0.294774 
0.212173 0.063710 0.291051 0.410240 0.022826 
0.033597 0.015923 0.694188 0.134718 0.121575 
0.354323 0.023229 0.103354 0.484589 0.034505 
0.052155 0.024719 0.725636 0.047226 0.150264 
0.144417 0.021137 0.549894 0.222542 0.062010 
0.000525 0.376308 0.275353 0.299323 0.048490 
0.126033 0.045722 0.058916 0.633246 0.136083 
0.001055 0.412540 0.201172 0.000014 0.385220 
0.002109 0.140670 0.567544 0.005226 0.284451 
0.084380 0.035037 0.133028 0.544425 0.203131 
0.001526 0.005171 0.351616 0.577869 0.063818 
0.011554 0.509961 0.231578 0.002480 0.244427 
0.149281 0.239289 0.021048 0.550883 0.039500 
0.000831 0.116821 0.594288 0.227582 0.060477 
0.000063 0.040975 0.770939 0.039941 0.148082 
0.008724 0.048328 0.007519 0.933744 0.001685 
0.320385 0.370678 0.146269 0.064966 0.097702 
0.306252 0.101884 0.350373 0.240319 0.001172 
0.169412 0.214256 0.003566 0.580760 0.032006 
0.471135 0.000026 0.193760 0.261219 0.073860 
0.091180 0.046698 0.543804 0.012751 0.305567 
0.011016 0.262158 0.005491 0.707475 0.013861 
0.001868 0.268531 0.506788 0.001297 0.221517 
0.006891 0.064601 0.323396 0.384361 0.220751 
0.043911 0.085522 0.402291 0.263922 0.204353 
0.050428 0.017581 0.867739 0.000465 0.063788 
0.074887 0.549615 0.086100 0.003511 0.285886 
0.027484 0.168777 0.597291 0.186441 0.020008 
0.050709 0.247398 0.478502 0.210016 0.013376 
0.115291 0.330507 0.224273 0.312970 0.016959 
0.001038 0.009234 0.482632 0.329077 0.178019 
0.218707 0.009158 0.058237 0.615580 0.098317 
0.004129 0.543903 0.133950 0.228439 0.089579 
0.011079 0.024578 0.141738 0.710430 0.112174 
0.254064 0.006187 0.464920 0.274771 0.000058 
0.054557 0.027066 0.341130 0.400643 0.176605 
0.001761 0.015222 0.000225 0.634992 0.347800 
0.048270 0.443756 0.080418 0.382265 0.045291 
0.045947 0.403216 0.129057 0.421275 0.000505 
0.004936 0.666228 0.112858 0.144387 0.071591 
0.163758 0.413060 0.419195 0.002742 0.001244 
0.206171 0.236832 0.007005 0.493786 0.056206 
0.227340 0.066153 0.072336 0.611757 0.022416 
0.269007 0.000129 0.199041 0.406855 0.124967 
0.029512 0.505447 0.174447 0.251651 0.038943 
0.324835 0.183802 0.099346 0.391879 0.000138 
0.021617 0.783495 0.055862 0.088436 0.050590 
0.000931 0.304492 0.413182 0.230089 0.051306 
0.003676 0.020405 0.870765 0.045663 0.059492 
0.177417 0.323926 0.040129 0.424847 0.033681 
0.015992 0.456059 0.171076 0.355494 0.001380 
0.003143 0.032432 0.778883 0.033084 0.152457 
0.263301 0.320245 0.062007 0.330968 0.023478 
0.003113 0.072452 0.870437 0.022897 0.031100 
0.000417 0.504576 0.306663 0.141619 0.046726 
0.160938 0.025087 0.167748 0.601389 0.044838 
0.070591 0.005767 0.033128 0.889963 0.000551 
0.098140 0.005639 0.223546 0.522347 0.150329 
0.000966 0.110769 0.439121 0.260891 0.188253 
0.069792 0.184082 0.637246 0.077492 0.031388 
0.008114 0.082313 0.808405 0.069515 0.031653 
0.009660 0.091041 0.070551 0.653952 0.174795 
0.005070 0.159281 0.004229 0.605032 0.226389 
0.155596 0.273568 0.370665 0.192900 0.007270 
0.180790 0.105744 0.020376 0.204475 0.488615 
0.073751 0.153995 0.119331 0.260617 0.392305 
0.023571 0.251719 0.162856 0.140852 0.421002 
0.247509 0.434667 0.124023 0.193439 0.000362 
0.001294 0.394072 0.240280 0.060844 0.303509 
0.104393 0.153744 0.029224 0.123851 0.588788 
0.073144 0.004156 0.879896 0.022326 0.020478 
0.000812 0.285061 0.011769 0.004045 0.698313 
0.034016 0.281182 0.082795 0.575055 0.026952 
0.006570 0.030013 0.922797 0.003367 0.037254 
0.023606 0.433267 0.034229 0.129975 0.378924 
0.179240 0.005045 0.230964 0.584695 0.000056 
0.098521 0.436332 0.334690 0.130404 0.000054 
0.052584 0.045583 0.009192 0.886019 0.006621 
0.407700 0.414808 0.037575 0.001694 0.138222 
0.008025 0.415464 0.384420 0.181309 0.010782 
0.219081 0.003139 0.625322 0.068809 0.083648 
0.005444 0.199320 0.401095 0.378570 0.015571 
0.215683 0.013325 0.046585 0.709144 0.015263 
0.023900 0.238637 0.471740 0.249201 0.016522 
0.054969 0.197423 0.000595 0.720948 0.026066 
0.025029 0.260081 0.445197 0.019363 0.250330 
0.000040 0.051180 0.758511 0.081035 0.109235 
0.003468 0.061102 0.893563 0.028686 0.013181 
0.001472 0.007123 0.938172 0.008634 0.044599 
0.086125 0.041157 0.798385 0.019217 0.055117 
0.117639 0.245038 0.528208 0.106945 0.002169 
0.114357 0.002222 0.427167 0.416783 0.039471 
0.066643 0.349176 0.005954 0.298168 0.280059 
0.085097 0.537854 0.156069 0.133653 0.087326 
0.060899 0.269524 0.233595 0.088195 0.347787 
0.050866 0.462549 0.056352 0.176267 0.253965 
0.410474 0.041841 0.018135 0.529401 0.000148 
0.067460 0.084150 0.106152 0.721280 0.020957 
0.007489 0.026820 0.739808 0.109217 0.116666 
0.080922 0.203068 0.184110 0.057666 0.474233 
0.167694 0.145786 0.204944 0.311783 0.169794 
0.078956 0.614913 0.276650 0.027492 0.001989 
0.324192 0.105172 0.546183 0.001319 0.023135 
0.015400 0.122518 0.555174 0.017385 0.289522 
0.000335 0.218551 0.204960 0.396408 0.179746 
0.009707 0.851147 0.098125 0.039720 0.001302 
0.009564 0.000006 0.657544 0.149443 0.183443 
0.001771 0.004668 0.796724 0.165869 0.030967 
0.142080 0.006163 0.145577 0.549375 0.156805 
0.057252 0.047056 0.433874 0.446627 0.015192 
0.000039 0.367353 0.155206 0.159831 0.317570 
0.080773 0.044134 0.442386 0.390832 0.041875 
0.145814 0.325550 0.438692 0.009413 0.080531 
0.011743 0.160011 0.488407 0.003179 0.336659 
0.038309 0.016288 0.079932 0.833640 0.031831 
0.303663 0.011714 0.342790 0.272796 0.069038 
0.223729 0.022629 0.517559 0.192470 0.043613 
0.000093 0.017826 0.184786 0.612574 0.184722 
0.008580 0.322722 0.190105 0.329565 0.149028 
0.011226 0.318668 0.535241 0.056371 0.078494 
0.010168 0.407403 0.032292 0.260828 0.289309 
0.285293 0.273679 0.042673 0.395008 0.003347 
0.503228 0.002290 0.347851 0.125207 0.021424 
0.000007 0.289401 0.172450 0.518620 0.019522 
0.008506 0.077832 0.346946 0.531344 0.035372 
0.040431 0.022268 0.114089 0.372837 0.450374 
0.120948 0.122196 0.610224 0.145565 0.001068 
0.000000 0.297349 0.012916 0.466228 0.223507 
0.269660 0.445977 0.090675 0.007288 0.186400 
0.004226 0.737527 0.066771 0.167360 0.024117 
0.078984 0.798586 0.000538 0.047581 0.074311 
0.004512 0.151451 0.072759 0.658147 0.113131 
0.118210 0.134013 0.499998 0.181131 0.066648 
0.074948 0.397587 0.001338 0.521135 0.004992 
0.133572 0.052492 0.519858 0.278574 0.015504 
0.105044 0.096443 0.632630 0.072268 0.093615 
0.336559 0.072539 0.067502 0.043615 0.479786 
0.049042 0.023924 0.680463 0.231391 0.015180 
0.220097 0.005038 0.228427 0.542643 0.003795 
0.040476 0.164121 0.539037 0.005097 0.251268 
0.044368 0.000665 0.105434 0.815881 0.033652 
0.059305 0.244129 0.005655 0.658366 0.032545 
0.185625 0.266533 0.493196 0.037328 0.017319 
0.008469 0.214094 0.767403 0.009944 0.000090 
0.251314 0.047818 0.286010 0.227263 0.187595 
0.004694 0.511450 0.223309 0.194494 0.066053 
0.270277 0.107121 0.111029 0.480850 0.030723 
0.007832 0.443632 0.077436 0.426487 0.044613 
0.031441 0.084815 0.567087 0.280494 0.036163 
0.022912 0.435798 0.368658 0.166820 0.005812 
0.223568 0.000138 0.000507 0.235927 0.539859 
0.047665 0.357472 0.114970 0.473810 0.006083 
0.117970 0.474517 0.144361 0.032070 0.231082 
0.265790 0.102266 0.106926 0.373617 0.151401 
0.101566 0.263801 0.008933 0.561804 0.063896 
0.166344 0.043276 0.411213 0.376253 0.002914 
0.000289 0.000927 0.041603 0.937837 0.019344 
0.032705 0.773495 0.010751 0.057651 0.125399 
0.017711 0.064768 0.831255 0.054849 0.031417 
0.009035 0.047443 0.937335 0.006092 0.000096 
0.175667 0.006493 0.481645 0.323027 0.013168 
0.004653 0.039697 0.050801 0.750046 0.154804 
0.011757 0.003485 0.758782 0.168303 0.057672 
0.000747 0.162793 0.744664 0.060005 0.031791 
0.032255 0.029048 0.710261 0.002566 0.225870 
0.034903 0.100908 0.508628 0.339185 0.016377 
0.109397 0.177325 0.030401 0.679411 0.003466 
0.011403 0.117164 0.013524 0.359449 0.498460 
0.022788 0.371701 0.032916 0.463754 0.108840 
0.033760 0.381378 0.150607 0.236449 0.197805 
0.019349 0.039548 0.698776 0.000871 0.241456 
0.066175 0.359083 0.202216 0.089125 0.283401 
0.022019 0.351804 0.105311 0.200593 0.320273 
0.330019 0.348550 0.159910 0.161521 0.000000 
0.000439 0.001380 0.616232 0.049576 0.332373 
0.220606 0.049442 0.100648 0.624538 0.004765 
0.016735 0.198327 0.208624 0.433467 0.142847 
0.050925 0.430119 0.062200 0.313577 0.143179 
0.018900 0.383361 0.314647 0.102799 0.180292 
0.055269 0.461478 0.049428 0.425031 0.008793 
0.001480 0.064153 0.703915 0.073489 0.156964 
0.001066 0.312548 0.225921 0.014717 0.445748 
0.053881 0.588210 0.129513 0.223111 0.005284 
0.018935 0.171998 0.433048 0.335605 0.040416 
0.071074 0.003525 0.236777 0.507669 0.180955 
0.015142 0.009891 0.537010 0.218022 0.219936 
0.084860 0.022201 0.107659 0.716235 0.069046 
0.074626 0.633655 0.095404 0.031136 0.165178 
0.064191 0.269709 0.433436 0.146988 0.085676 
0.134442 0.664737 0.005725 0.132705 0.062391 
0.010823 0.033704 0.023497 0.772895 0.159081 
0.214899 0.346666 0.083042 0.303051 0.052341 
0.222564 0.195655 0.242281 0.311753 0.027747 
0.003174 0.969529 0.001097 0.005623 0.020577 
0.030732 0.008529 0.821333 0.114279 0.025126 
0.065639 0.096017 0.644294 0.142877 0.051174 
0.018922 0.521505 0.006548 0.179943 0.273082 
0.212390 0.281576 0.113788 0.007014 0.385233 
0.008449 0.000001 0.380819 0.136490 0.474242 
0.006610 0.051139 0.705916 0.230901 0.005434 
0.125759 0.057090 0.007318 0.803422 0.006410 
0.015265 0.143335 0.015068 0.034798 0.791534 
0.001587 0.214594 0.581384 0.101246 0.101189 
0.003229 0.026598 0.001494 0.844547 0.124132 
0.000052 0.193557 0.727603 0.072296 0.006493 
0.058894 0.324027 0.327539 0.086098 0.203443 
0.014111 0.369552 0.051304 0.024592 0.540441 
0.006302 0.001539 0.389022 0.254414 0.348724 
0.093191 0.222256 0.534014 0.085808 0.064731 
0.288353 0.642751 0.006998 0.012666 0.049232 
0.036380 0.081579 0.114055 0.550068 0.217919 
0.034377 0.266328 0.139211 0.384109 0.175975 
0.078505 0.051262 0.121521 0.302505 0.446207 
0.100294 0.186887 0.202518 0.047541 0.462760 
0.043065 0.108757 0.301906 0.459505 0.086766 
0.003343 0.043374 0.319830 0.476727 0.156727 
0.110501 0.252748 0.001204 0.564286 0.071261 
0.001307 0.088169 0.143866 0.683711 0.082946 
0.021653 0.088633 0.444074 0.297640 0.147999 
0.002211 0.304116 0.166316 0.462128 0.065230 
0.004053 0.009701 0.328947 0.415017 0.242282 
0.003856 0.334453 0.131835 0.529843 0.000013 
0.202362 0.204120 0.022963 0.530931 0.039623 
0.001663 0.316317 0.039137 0.408154 0.234729 
0.000291 0.004344 0.795230 0.087634 0.112501 
0.018080 0.031919 0.175383 0.593267 0.181351 
0.271246 0.074856 0.129491 0.514827 0.009580 
0.192112 0.485694 0.255113 0.064450 0.002631 
0.002589 0.115027 0.677659 0.027844 0.176882 
0.277694 0.413711 0.078668 0.205878 0.024049 
0.045262 0.104221 0.414481 0.434362 0.001674 
0.340051 0.021532 0.000329 0.288132 0.349955 
0.003373 0.064337 0.439421 0.141200 0.351668 
0.191445 0.020685 0.016823 0.560847 0.210200 
0.000000 0.119172 0.256296 0.084704 0.539829 
0.006413 0.207323 0.008101 0.501476 0.276688 
0.008274 0.008215 0.102469 0.528351 0.352690 
0.121236 0.374190 0.128178 0.344636 0.031759 
0.001007 0.007121 0.099658 0.000014 0.892200 
0.001703 0.009726 0.275707 0.250718 0.462146 
0.000520 0.305717 0.480462 0.009476 0.203826 
0.000282 0.563074 0.006632 0.190652 0.239359 
0.166062 0.044744 0.165539 0.005129 0.618525 
0.223239 0.043511 0.289641 0.443532 0.000077 
0.051374 0.038218 0.036245 0.759064 0.115100 
0.012452 0.002922 0.001161 0.014250 0.969215 
0.002450 0.043264 0.250831 0.322890 0.380565 
0.110455 0.011773 0.260830 0.379166 0.237775 
0.006837 0.466402 0.231214 0.002713 0.292834 
0.003294 0.355644 0.002447 0.168006 0.470609 
0.174150 0.105734 0.010150 0.689942 0.020023 
0.129991 0.102658 0.117637 0.579737 0.069977 
0.039808 0.818589 0.094738 0.000064 0.046801 
0.039383 0.268771 0.029941 0.628501 0.033403 
0.061313 0.139627 0.033879 0.589714 0.175468 
0.021566 0.115166 0.372320 0.485769 0.005178 
0.225413 0.000290 0.027650 0.740398 0.006248 
0.082799 0.017183 0.002141 0.667352 0.230525 
0.001222 0.098695 0.015691 0.811506 0.072886 
0.089572 0.269411 0.000164 0.016929 0.623924 
0.013651 0.771696 0.000469 0.057516 0.156669 
0.008863 0.002090 0.550467 0.005615 0.432965 
0.005904 0.179478 0.019552 0.070815 0.724250 
0.370784 0.000020 0.521923 0.079991 0.027282 
0.170027 0.410765 0.264132 0.035267 0.119809 
0.377597 0.135055 0.340604 0.130499 0.016245 
0.151771 0.112863 0.072793 0.655090 0.007483 
0.003358 0.036292 0.796329 0.055598 0.108422 
0.018117 0.033326 0.171262 0.006744 0.770551 
0.001390 0.023785 0.189734 0.469936 0.315154 
0.024983 0.066157 0.091977 0.007300 0.809583 
0.000003 0.633463 0.065116 0.012614 0.288805 
0.000124 0.028151 0.050764 0.718972 0.201988 
0.050303 0.140899 0.088960 0.098996 0.620843 
0.022516 0.000992 0.024287 0.529057 0.423147 
0.035026 0.165146 0.040261 0.173514 0.586053 
0.112647 0.655958 0.027086 0.195684 0.008626 
0.000755 0.164738 0.000337 0.190835 0.643335 
0.001322 0.109085 0.476917 0.006579 0.406097 
0.004791 0.067418 0.020919 0.072428 0.834443 
0.020458 0.019504 0.030051 0.056152 0.873835 
0.062655 0.070002 0.069342 0.207912 0.590088 
0.133726 0.304314 0.173889 0.033135 0.354936 
0.031867 0.064734 0.249636 0.593993 0.059770 
0.084518 0.359912 0.043664 0.277839 0.234066 
0.001721 0.006794 0.056475 0.000016 0.934994 
0.088050 0.010464 0.048807 0.290388 0.562292 
0.001725 0.007914 0.302983 0.677428 0.009950 
0.315710 0.015801 0.554422 0.087269 0.026799 
0.118567 0.391177 0.012700 0.425152 0.052403 
0.000824 0.004231 0.470273 0.410396 0.114277 
0.027412 0.079575 0.526742 0.216691 0.149581 
0.142942 0.082553 0.026799 0.048465 0.699242 
0.389337 0.043403 0.351505 0.053992 0.161762 
0.280187 0.006930 0.589347 0.096503 0.027033 
0.266025 0.002453 0.242122 0.482022 0.007377 
0.025613 0.020577 0.505799 0.234515 0.213495 
0.096919 0.010672 0.004437 0.706648 0.181325 
0.001533 0.470480 0.167284 0.005724 0.354980 
0.020747 0.128053 0.654093 0.145346 0.051762 
0.038811 0.062664 0.762382 0.030827 0.105316 
0.002051 0.748707 0.006095 0.092906 0.150242 
0.006162 0.055118 0.839304 0.028218 0.071197 
0.229507 0.276183 0.409556 0.056600 0.028154 
0.089267 0.295930 0.372670 0.231465 0.010668 
0.108073 0.356125 0.300472 0.176186 0.059143 
0.005238 0.070350 0.000272 0.803341 0.120799 
0.068335 0.003303 0.454235 0.090155 0.383972 
0.001052 0.015478 0.000444 0.980844 0.002183 
0.109012 0.000069 0.005613 0.005972 0.879335 
0.003981 0.152892 0.404417 0.438702 0.000008 
0.063579 0.009017 0.069208 0.548360 0.309836 
0.000023 0.112151 0.580957 0.050948 0.255921 
0.001164 0.007355 0.498149 0.148492 0.344840 
0.019230 0.178550 0.453646 0.340720 0.007854 
0.012724 0.443411 0.355839 0.000891 0.187136 
0.065807 0.308036 0.466669 0.021110 0.138379 
0.175264 0.001003 0.293445 0.505590 0.024699 
0.385559 0.323025 0.125213 0.161000 0.005203 
0.024860 0.001268 0.010850 0.899690 0.063332 
0.156493 0.348768 0.021995 0.472137 0.000607 
0.001794 0.188698 0.202159 0.562576 0.044773 
0.002651 0.196689 0.126867 0.644654 0.029139 
0.001615 0.534508 0.000541 0.379427 0.083908 
0.055097 0.020148 0.756426 0.064808 0.103520 
0.254147 0.006967 0.120810 0.520282 0.097794 
0.165836 0.269227 0.053114 0.308724 0.203099 
0.043823 0.243024 0.421402 0.066936 0.224815 
0.000024 0.499729 0.004494 0.493134 0.002618 
0.006523 0.351015 0.635402 0.003087 0.003972 
0.019670 0.122357 0.812664 0.007009 0.038300 
0.000144 0.303170 0.030702 0.425785 0.240200 
0.000019 0.139235 0.596424 0.260765 0.003558 
0.006718 0.596446 0.003368 0.248960 0.144508 
0.064953 0.141001 0.000011 0.710116 0.083919 
0.093135 0.400565 0.079025 0.200055 0.227219 
0.122861 0.366818 0.092610 0.334946 0.082766 
0.013763 0.021278 0.934458 0.010379 0.020123 
0.058740 0.026241 0.861958 0.042622 0.010440 
0.127214 0.022368 0.004020 0.801755 0.044644 
0.007192 0.451035 0.048855 0.000936 0.491981 
0.099425 0.015003 0.232804 0.581840 0.070928 
0.013701 0.431333 0.039196 0.448376 0.067394 
0.071106 0.007862 0.873019 0.000100 0.047913 
0.051054 0.069302 0.611842 0.064333 0.203470 
0.008281 0.001989 0.026832 0.959471 0.003428 
0.018481 0.026145 0.548479 0.114701 0.292194 
0.003697 0.566572 0.189565 0.225410 0.014757 
0.264270 0.020196 0.575844 0.139687 0.000003 
0.097672 0.265899 0.001627 0.616044 0.018758 
0.004223 0.504281 0.116880 0.001718 0.372898 
0.248961 0.265249 0.020555 0.188886 0.276348 
0.013206 0.959755 0.000193 0.006333 0.020513 
0.011200 0.057040 0.769784 0.097576 0.064400 
0.009776 0.307653 0.258894 0.413119 0.010558 
0.074877 0.489360 0.073657 0.348053 0.014053 
0.244136 0.332782 0.022985 0.272129 0.127968 
0.078517 0.249657 0.281933 0.343118 0.046775 
0.259824 0.183050 0.295288 0.196142 0.065695 
0.002888 0.602080 0.033046 0.358490 0.003496 
0.000739 0.190937 0.250331 0.363531 0.194462 
0.014825 0.000121 0.785469 0.188596 0.010989 
0.544025 0.127458 0.201051 0.073708 0.053758 
0.069569 0.011533 0.555679 0.006898 0.356321 
0.027358 0.485604 0.407097 0.036975 0.042965 
0.260781 0.009908 0.167822 0.434322 0.127168 
0.163416 0.305719 0.517121 0.013548 0.000197 
0.066560 0.735969 0.004461 0.088905 0.104104 
0.005900 0.089328 0.000020 0.825301 0.079451 
0.023447 0.170328 0.007028 0.511194 0.288002 
0.020492 0.015162 0.020583 0.852929 0.090833 
0.000522 0.782496 0.178091 0.029587 0.009304 
0.038662 0.615635 0.003340 0.326755 0.015608 
0.002264 0.439318 0.181495 0.370504 0.006419 
0.089862 0.081209 0.044694 0.721272 0.062963 
0.218908 0.076747 0.648291 0.056053 0.000002 
0.014572 0.152519 0.802434 0.023598 0.006877 
0.273203 0.033833 0.006842 0.686094 0.000029 
0.001219 0.030917 0.508123 0.283929 0.175811 
0.149073 0.175274 0.192604 0.344071 0.138979 
0.024306 0.187852 0.184060 0.548719 0.055063 
0.098666 0.214584 0.639624 0.002236 0.044889 
0.094838 0.224366 0.111007 0.455247 0.114542 
0.307266 0.187640 0.421980 0.068574 0.014540 
0.042901 0.019139 0.518846 0.225059 0.194056 
0.354799 0.017597 0.004383 0.600259 0.022962 
0.354840 0.288788 0.109835 0.226594 0.019942 
0.000595 0.541634 0.224592 0.144253 0.088926 
0.070399 0.090314 0.715876 0.117856 0.005555 
0.103681 0.203972 0.597810 0.069676 0.024861 
0.005882 0.339387 0.238323 0.039491 0.376916 
0.116449 0.452522 0.185324 0.005499 0.240207 
0.301006 0.160512 0.246566 0.191397 0.100519 
0.100613 0.211499 0.019699 0.535362 0.132826 
0.382541 0.226535 0.161497 0.227695 0.001732 
0.001543 0.777476 0.022747 0.034030 0.164204 
0.085025 0.525216 0.001965 0.004456 0.383339 
0.097857 0.404405 0.000022 0.440000 0.057716 
0.046217 0.421375 0.002749 0.309458 0.220201 
0.135734 0.267666 0.427975 0.059534 0.109092 
0.005742 0.209889 0.460127 0.323529 0.000713 
0.000283 0.036693 0.886969 0.075201 0.000854 
0.273746 0.164070 0.547803 0.011037 0.003344 
0.185946 0.360350 0.010599 0.431834 0.011272 
0.070220 0.396496 0.264514 0.107533 0.161238 
0.104746 0.000444 0.306172 0.338570 0.250068 
0.073621 0.703557 0.134163 0.009423 0.079236 
0.148251 0.403061 0.146569 0.273962 0.028157 
0.020965 0.011733 0.372627 0.011063 0.583613 
0.003194 0.082420 0.454842 0.294800 0.164743 
0.001288 0.098799 0.375519 0.399008 0.125387 
0.038956 0.814933 0.094408 0.051557 0.000145 
0.103240 0.294021 0.499061 0.101350 0.002329 
0.041384 0.094068 0.638812 0.169020 0.056715 
0.206144 0.123554 0.142420 0.490221 0.037661 
0.019856 0.066095 0.000088 0.540407 0.373555 
0.124694 0.001789 0.072910 0.568899 0.231709 
0.159219 0.060038 0.399281 0.188192 0.193270 
0.034888 0.182008 0.081884 0.603027 0.098194 
0.002837 0.154382 0.004195 0.472995 0.365591 
0.001147 0.207116 0.657608 0.043283 0.090846 
0.009954 0.382955 0.049475 0.000018 0.557598 
0.004428 0.304766 0.033105 0.564710 0.092992 
0.056886 0.584520 0.071969 0.233829 0.052796 
0.003390 0.639304 0.003360 0.289904 0.064042 
0.047248 0.170559 0.005377 0.724559 0.052257 
0.000006 0.167456 0.385465 0.167021 0.280052 
0.000077 0.013870 0.500429 0.201865 0.283759 
0.014310 0.492198 0.032909 0.459640 0.000944 
0.104363 0.285603 0.000401 0.599342 0.010292 
0.005999 0.164554 0.599715 0.008551 0.221181 
0.180860 0.358440 0.037253 0.396279 0.027168 
0.010015 0.002332 0.755753 0.036404 0.195497 
0.012574 0.954606 0.022763 0.003894 0.006164 
0.003632 0.322085 0.239759 0.042251 0.392272 
0.009476 0.170781 0.340872 0.211541 0.267331 
0.003270 0.702564 0.046511 0.071201 0.176454 
0.000060 0.237733 0.273334 0.230214 0.258658 
0.005552 0.032455 0.527037 0.020947 0.414010 
0.009640 0.209285 0.405037 0.005514 0.370523 
0.001054 0.703752 0.054735 0.058145 0.182313 
0.010540 0.070029 0.714013 0.008692 0.196726 
0.119885 0.399952 0.007335 0.455353 0.017475 
0.063417 0.323765 0.544470 0.063898 0.004450 
0.013478 0.868610 0.070528 0.030265 0.017117 
0.005492 0.596535 0.000994 0.228612 0.168368 
0.059256 0.010192 0.916459 0.006252 0.007840 
0.109153 0.029650 0.702730 0.145355 0.013113 
0.197912 0.071062 0.276272 0.443171 0.011583 
0.190533 0.203096 0.065518 0.540823 0.000030 
0.008049 0.646793 0.237413 0.092263 0.015483 
0.000608 0.172526 0.009761 0.787026 0.030079 
0.038558 0.574778 0.200225 0.136069 0.050370 
0.037394 0.528836 0.001219 0.432420 0.000132 
0.359739 0.063183 0.575086 0.001978 0.000013 
0.278582 0.003817 0.073321 0.144992 0.499288 
0.000369 0.008832 0.563887 0.228338 0.198574 
0.048101 0.054572 0.264186 0.206189 0.426951 
0.002862 0.289596 0.205571 0.488441 0.013531 
0.139822 0.438681 0.102491 0.316390 0.002616 
0.002320 0.000964 0.543162 0.182602 0.270952 
0.007157 0.062870 0.815714 0.060901 0.053358 
0.000246 0.281339 0.386167 0.282263 0.049985 
0.000193 0.212727 0.246883 0.185000 0.355198 
0.037210 0.004461 0.175802 0.685666 0.096862 
0.003284 0.748038 0.072232 0.171381 0.005065 
0.265969 0.003999 0.338495 0.279080 0.112457 
0.000323 0.090705 0.254895 0.527281 0.126796 
0.244162 0.030918 0.041042 0.644002 0.039876 
0.003919 0.756571 0.056058 0.179105 0.004347 
0.034736 0.017964 0.664466 0.030934 0.251900 
0.063965 0.134350 0.401335 0.000091 0.400259 
0.008694 0.292000 0.192820 0.010633 0.495853 
0.355506 0.302369 0.163736 0.178096 0.000293 
0.009378 0.760796 0.024106 0.205712 0.000009 
0.022437 0.069511 0.876153 0.001131 0.030767 
0.005866 0.076310 0.286931 0.532563 0.098331 
0.002847 0.145671 0.120989 0.093335 0.637157 
0.004092 0.190629 0.087390 0.212213 0.505675 
0.103873 0.690519 0.130873 0.059879 0.014856 
0.000209 0.323695 0.009605 0.296934 0.369558 
0.058865 0.301320 0.007098 0.555012 0.077707 
0.001181 0.288992 0.023811 0.263892 0.422124 
0.195775 0.001720 0.444627 0.331186 0.026692 
0.021002 0.216836 0.001069 0.633975 0.127118 
0.054917 0.360428 0.019485 0.534824 0.030347 
0.131561 0.284639 0.215206 0.366489 0.002104 
0.074152 0.084952 0.064701 0.775969 0.000227 
0.001372 0.614351 0.090143 0.268355 0.025779 
0.050205 0.015548 0.027587 0.586307 0.320352 
0.023418 0.002206 0.874459 0.093743 0.006174 
0.036153 0.053548 0.573932 0.004468 0.331898 
0.024263 0.012007 0.096801 0.020525 0.846404 
0.005898 0.044383 0.367747 0.480410 0.101562 
0.017849 0.208152 0.607630 0.008571 0.157798 
0.069618 0.006900 0.045672 0.489997 0.387812 
0.000732 0.580491 0.315321 0.070281 0.033174 
0.098288 0.586590 0.044947 0.005277 0.264899 
0.015880 0.252474 0.006077 0.723850 0.001718 
0.000435 0.348024 0.579092 0.072232 0.000218 
0.474965 0.002317 0.248244 0.274473 0.000001 
0.013075 0.784825 0.054008 0.147824 0.000268 
0.021969 0.848674 0.034263 0.067522 0.027572 
0.003358 0.120226 0.149242 0.727165 0.000009 
0.036816 0.566618 0.233402 0.030084 0.133080 
0.104544 0.870986 0.007682 0.012161 0.004626 
0.001413 0.607802 0.272091 0.090250 0.028444 
0.007473 0.380774 0.019952 0.127749 0.464052 
0.280876 0.260680 0.251662 0.197701 0.009082 
0.457159 0.106425 0.201665 0.225517 0.009233 
0.041131 0.181831 0.440511 0.211496 0.125031 
0.005351 0.027102 0.187013 0.649810 0.130725 
0.004184 0.180821 0.230899 0.515927 0.068169 
0.009024 0.000899 0.960253 0.012823 0.017000 
0.140823 0.002944 0.742018 0.111661 0.002555 
0.000908 0.361854 0.621438 0.009382 0.006418 
0.398460 0.435083 0.154230 0.000020 0.012207 
0.215275 0.129709 0.325598 0.328175 0.001243 
0.026626 0.032809 0.012142 0.916228 0.012196 
0.001115 0.128670 0.794124 0.072917 0.003174 
0.144941 0.539682 0.047807 0.010241 0.257328 
0.024343 0.344186 0.283441 0.248793 0.099237 
0.209485 0.029284 0.204108 0.533095 0.024029 
0.467224 0.000555 0.059500 0.457617 0.015103 
0.024695 0.394910 0.149553 0.042140 0.388702 
0.206566 0.271853 0.147155 0.372114 0.002312 
0.049696 0.184839 0.471742 0.252156 0.041567 
0.164667 0.101918 0.090076 0.605722 0.037617 
0.005901 0.498944 0.042451 0.133882 0.318822 
0.128654 0.156372 0.024023 0.680699 0.010252 
0.001201 0.479801 0.001335 0.331806 0.185857 
0.002645 0.373718 0.128057 0.436772 0.058808 
0.005230 0.353411 0.175043 0.031764 0.434551 
0.033281 0.472516 0.088578 0.106458 0.299167 
0.153570 0.129280 0.314873 0.387918 0.014359 
0.075501 0.153193 0.455604 0.281571 0.034130 
0.010683 0.050364 0.901502 0.035427 0.002023 
0.026755 0.045901 0.034781 0.892562 0.000002 
0.000862 0.001042 0.100513 0.802770 0.094814 
0.252123 0.034105 0.030729 0.649137 0.033906 
0.058785 0.470775 0.339566 0.104413 0.026461 
0.099971 0.079957 0.780727 0.029314 0.010031 
0.064405 0.002077 0.766094 0.086353 0.081070 
0.022309 0.060107 0.878237 0.025797 0.013550 
0.099831 0.430792 0.005753 0.452092 0.011533 
0.123911 0.037270 0.467936 0.262932 0.107951 
0.077981 0.062541 0.227474 0.441296 0.190708 
0.025127 0.119672 0.333602 0.196455 0.325145 
0.004020 0.087732 0.040310 0.396380 0.471558 
0.080227 0.000091 0.400013 0.123597 0.396071 
0.049628 0.124087 0.302631 0.357711 0.165943 
0.001366 0.051842 0.822221 0.057803 0.066769 
0.185857 0.271397 0.106673 0.179534 0.256541 
0.025058 0.050107 0.581614 0.113907 0.229314 
0.019169 0.109786 0.468876 0.045432 0.356739 
0.021459 0.166991 0.338997 0.181628 0.290925 
0.025292 0.086001 0.138204 0.228932 0.521571 
0.078190 0.073595 0.056984 0.704965 0.086265 
0.263373 0.015503 0.354575 0.263569 0.102979 
0.068144 0.230713 0.006274 0.663327 0.031542 
0.134682 0.004486 0.398689 0.265270 0.196872 
0.003354 0.231970 0.155400 0.433670 0.175606 
0.002576 0.002427 0.828145 0.160074 0.006777 
0.029175 0.304372 0.469188 0.169432 0.027833 
0.005598 0.524090 0.011515 0.445317 0.013479 
0.000057 0.001871 0.628199 0.050053 0.319819 
0.557142 0.323041 0.023442 0.044620 0.051755 
0.001637 0.129461 0.507765 0.211199 0.149938 
0.003504 0.336337 0.551441 0.030867 0.077852 
0.115958 0.571825 0.008103 0.183087 0.121028 
0.058709 0.424424 0.276222 0.096311 0.144335 
0.000000 0.002183 0.532524 0.363929 0.101364 
0.011343 0.657582 0.079677 0.006828 0.244570 
0.090054 0.144371 0.559249 0.088180 0.118147 
0.036768 0.594024 0.128899 0.168830 0.071480 
0.048517 0.348986 0.122373 0.299980 0.180144 
0.105433 0.288042 0.065329 0.533611 0.007586 
0.244752 0.036592 0.132963 0.053091 0.532602 
0.400373 0.288154 0.119650 0.001186 0.190636 
0.073020 0.072277 0.053587 0.741955 0.059160 
0.003303 0.246838 0.214205 0.215280 0.320373 
0.069035 0.010282 0.522785 0.393175 0.004724 
0.001218 0.197880 0.230766 0.569987 0.000149 
0.042397 0.226267 0.058234 0.453979 0.219122 
0.004476 0.006589 0.447555 0.536451 0.004929 
0.033927 0.062175 0.372656 0.530515 0.000726 
0.001610 0.122467 0.002110 0.661893 0.211920 
0.012052 0.075287 0.087026 0.613656 0.211980 
0.051298 0.270368 0.344237 0.319997 0.014100 
0.003763 0.213271 0.642376 0.011113 0.129476 
0.022379 0.460181 0.332052 0.059880 0.125508 
0.018737 0.105575 0.605051 0.007527 0.263110 
0.158085 0.130097 0.610353 0.005780 0.095686 
0.004746 0.020802 0.224660 0.040196 0.709596 
0.218706 0.647208 0.002034 0.012742 0.119310 
0.202552 0.141258 0.147715 0.003306 0.505169 
0.099509 0.030084 0.837540 0.030721 0.002147 
0.257968 0.002827 0.234728 0.496940 0.007536 
0.104950 0.156329 0.169490 0.498951 0.070279 
0.157370 0.123285 0.549258 0.001104 0.168984 
0.010875 0.324150 0.347030 0.152760 0.165185 
0.034166 0.079381 0.000460 0.682612 0.203382 
0.025442 0.498675 0.009075 0.165948 0.300860 
0.014786 0.014041 0.062424 0.871660 0.037090 
0.007805 0.448407 0.117483 0.120793 0.305513 
0.108486 0.027023 0.058550 0.767859 0.038082 
0.021865 0.189774 0.221892 0.566404 0.000066 
0.065081 0.226906 0.292394 0.412462 0.003158 
0.077646 0.230490 0.688976 0.002885 0.000004 
0.488990 0.000000 0.009074 0.324761 0.177174 
0.127428 0.036722 0.221895 0.591670 0.022285 
0.102633 0.113487 0.289388 0.476543 0.017948 
0.022627 0.177707 0.012237 0.519276 0.268153 
0.289634 0.149648 0.422780 0.043665 0.094273 
0.000903 0.593786 0.006753 0.127278 0.271279 
0.033956 0.055846 0.604974 0.230622 0.074602 
0.232311 0.091558 0.591758 0.060712 0.023660 
0.124488 0.017453 0.724275 0.124195 0.009589 
0.021658 0.005463 0.826257 0.098633 0.047990 
0.048782 0.680004 0.000907 0.237231 0.033075 
0.385028 0.364360 0.225093 0.000143 0.025375 
0.027378 0.097147 0.702370 0.025810 0.147295 
0.026549 0.007647 0.662332 0.125020 0.178451 
0.316933 0.132284 0.232888 0.170999 0.146896 
0.000114 0.222580 0.089797 0.558973 0.128535 
0.042228 0.199641 0.339229 0.406345 0.012557 
0.000932 0.043626 0.835030 0.025827 0.094585 
0.141999 0.297906 0.460389 0.020351 0.079356 
0.203076 0.007201 0.646908 0.135181 0.007635 
0.167562 0.468304 0.019131 0.074878 0.270125 
0.029616 0.500091 0.031501 0.253843 0.184950 
0.072836 0.018652 0.034319 0.824513 0.049681 
0.133338 0.003784 0.383363 0.472251 0.007265 
0.059228 0.246672 0.666048 0.010775 0.017277 
0.319566 0.249296 0.392644 0.038282 0.000211 
0.149739 0.049255 0.633372 0.153369 0.014265 
0.023813 0.021463 0.760252 0.167808 0.026665 
0.344163 0.112483 0.532132 0.000606 0.010615 
0.159843 0.163585 0.641408 0.012061 0.023102 
0.090603 0.123657 0.689108 0.006004 0.090628 
0.341781 0.007182 0.636994 0.000021 0.014021 
0.333202 0.005154 0.226478 0.382080 0.053087 
0.028466 0.055238 0.132388 0.452763 0.331144 
0.188619 0.202337 0.012476 0.422540 0.174028 
0.003147 0.154617 0.077753 0.629193 0.135290 
0.116091 0.043065 0.046413 0.734583 0.059847 
0.085222 0.324290 0.006042 0.579082 0.005365 
0.000714 0.393770 0.079900 0.514589 0.011027 
0.236343 0.031235 0.676332 0.001927 0.054163 
0.005017 0.412444 0.012355 0.479376 0.090808 
0.100914 0.153597 0.583667 0.153467 0.008356 
0.160773 0.001264 0.422915 0.390831 0.024218 
0.001257 0.798513 0.122382 0.009055 0.068792 
0.046918 0.144645 0.083193 0.594716 0.130528 
0.029540 0.000113 0.173003 0.668954 0.128390 
0.274763 0.013873 0.367771 0.286406 0.057188 
0.111024 0.016465 0.085767 0.776805 0.009939 
0.036460 0.074918 0.143749 0.695488 0.049384 
0.003987 0.065254 0.159211 0.716425 0.055123 
0.064336 0.737165 0.149076 0.034602 0.014821 
0.002157 0.450204 0.003843 0.160135 0.383661 
0.088647 0.097787 0.665093 0.017265 0.131207 
0.024980 0.494637 0.061151 0.408709 0.010524 
0.171535 0.106718 0.624983 0.054009 0.042756 
0.089220 0.009382 0.858318 0.016124 0.026956 
0.017374 0.758677 0.052701 0.103215 0.068032 
0.000368 0.228589 0.525735 0.219291 0.026017 
0.236846 0.083804 0.033379 0.640310 0.005661 
0.003197 0.401504 0.534362 0.004030 0.056907 
0.052979 0.376158 0.354649 0.016952 0.199263 
0.003083 0.439957 0.016539 0.438634 0.101787 
0.055608 0.007482 0.643275 0.212543 0.081092 
0.001426 0.490671 0.249327 0.135947 0.122629 
0.053005 0.018575 0.770339 0.116150 0.041931 
0.031630 0.042472 0.046492 0.671626 0.207780 
0.020230 0.033081 0.875569 0.020283 0.050837 
0.009240 0.052115 0.921144 0.006779 0.010722 
0.086539 0.000300 0.717420 0.195736 0.000004 
0.099021 0.003070 0.837024 0.004455 0.056431 
0.178973 0.427669 0.036030 0.270152 0.087175 
0.006286 0.014544 0.698457 0.153695 0.127017 
0.012533 0.084872 0.008685 0.486355 0.407555 
0.084998 0.059145 0.381550 0.376841 0.097465 
0.045583 0.164490 0.374954 0.007586 0.407387 
0.182473 0.520327 0.113010 0.070163 0.114027 
0.000407 0.367829 0.001904 0.230716 0.399144 
0.037075 0.055568 0.631293 0.072855 0.203209 
0.035685 0.776579 0.001762 0.163769 0.022205 
0.028985 0.792966 0.001622 0.082372 0.094055 
0.098261 0.616076 0.283182 0.002461 0.000019 
0.052295 0.018652 0.694072 0.074781 0.160201 
0.004625 0.169120 0.032183 0.286850 0.507222 
0.081410 0.111700 0.002611 0.493004 0.311275 
0.367791 0.055785 0.208173 0.358723 0.009527 
0.047682 0.588296 0.140960 0.220394 0.002667 
0.000369 0.036894 0.714533 0.000141 0.248062 
0.017140 0.477565 0.034669 0.463328 0.007298 
0.000867 0.004900 0.887569 0.042254 0.064410 
0.008539 0.141631 0.098828 0.091408 0.659594 
0.286727 0.025314 0.630582 0.003931 0.053445 
0.571621 0.085219 0.038435 0.280022 0.024704 
0.046222 0.162335 0.015745 0.388668 0.387029 
0.204025 0.038331 0.257646 0.420407 0.079591 
0.011508 0.001439 0.304549 0.664887 0.017616 
0.152188 0.024230 0.229901 0.322056 0.271626 
0.007685 0.079693 0.312625 0.471614 0.128383 
0.031550 0.257286 0.367342 0.322726 0.021096 
0.053875 0.177158 0.544525 0.000078 0.224364 
0.076577 0.002951 0.137948 0.767004 0.015519 
0.107722 0.120876 0.607110 0.058604 0.105687 
0.005049 0.054674 0.672061 0.055237 0.212979 
0.003807 0.179348 0.055379 0.647020 0.114446 
0.041210 0.040528 0.261763 0.622938 0.033562 
0.187968 0.504233 0.063863 0.013198 0.230738 
0.116690 0.508702 0.070262 0.147967 0.156378 
0.245063 0.001442 0.265346 0.392629 0.095521 
0.017541 0.021041 0.879549 0.062897 0.018972 
0.000028 0.260029 0.170158 0.367575 0.202210 
0.033771 0.007010 0.023290 0.714703 0.221225 
0.103868 0.005829 0.173901 0.474037 0.242365 
0.114041 0.039861 0.083004 0.762459 0.000636 
0.039909 0.154093 0.150994 0.486567 0.168437 
0.081976 0.067271 0.432381 0.412214 0.006159 
0.069797 0.072946 0.856793 0.000274 0.000189 
0.083575 0.066132 0.126336 0.647960 0.075997 
0.060130 0.148044 0.039343 0.303844 0.448640 
0.000985 0.032769 0.310782 0.274646 0.380817 
0.706820 0.092929 0.081736 0.075883 0.042632 
0.031350 0.863928 0.011908 0.075710 0.017104 
0.039002 0.802692 0.089204 0.016478 0.052624 
0.066333 0.011495 0.845677 0.023430 0.053064 
0.043539 0.751621 0.024299 0.025674 0.154867 
0.129175 0.106058 0.635424 0.089472 0.039871 
0.405653 0.120663 0.153099 0.317576 0.003009 
0.001504 0.547323 0.061992 0.178280 0.210902 
0.056101 0.119614 0.085938 0.125832 0.612516 
0.212921 0.076060 0.216218 0.453971 0.040830 
0.388705 0.171018 0.106708 0.331470 0.002099 
0.001401 0.204229 0.585069 0.164758 0.044543 
0.003324 0.878657 0.034259 0.048429 0.035331 
0.000126 0.000000 0.519993 0.370702 0.109179 
0.312797 0.051339 0.281287 0.349563 0.005015 
0.050468 0.023484 0.012322 0.910117 0.003608 
0.084486 0.011405 0.124100 0.501176 0.278833 
0.016970 0.224357 0.383335 0.019290 0.356047 
0.000000 0.241711 0.422045 0.089765 0.246478 
0.161805 0.194243 0.076236 0.566492 0.001223 
0.252029 0.033225 0.713955 0.000409 0.000382 
0.174439 0.007744 0.096304 0.712760 0.008753 
0.007389 0.575247 0.050678 0.264038 0.102648 
0.132645 0.361818 0.005287 0.356403 0.143847 
0.334648 0.000071 0.576686 0.080738 0.007857 
0.000926 0.383786 0.227987 0.208359 0.178942 
0.004183 0.338178 0.000184 0.442120 0.215335 
0.000508 0.483995 0.072119 0.400609 0.042769 
0.001949 0.328832 0.143074 0.310299 0.215846 
0.000033 0.070019 0.508357 0.058703 0.362888 
0.054648 0.028576 0.529475 0.296623 0.090678 
0.007744 0.073247 0.608862 0.163332 0.146814 
0.043458 0.295562 0.647942 0.004195 0.008843 
0.043555 0.220889 0.046136 0.669472 0.019948 
0.392169 0.000106 0.600080 0.000076 0.007569 
0.005448 0.532520 0.126846 0.099508 0.235679 
0.121320 0.213109 0.016338 0.568268 0.080965 
0.090461 0.821895 0.000076 0.044246 0.043322 
0.010253 0.233488 0.029017 0.673407 0.053834 
0.002136 0.761251 0.004376 0.224786 0.007450 
0.125092 0.061665 0.454065 0.237663 0.121516 
0.052231 0.458415 0.079232 0.274310 0.135812 
0.120952 0.000728 0.308527 0.547511 0.022282 
0.069171 0.014649 0.001593 0.775104 0.139483 
0.071610 0.227443 0.187281 0.467144 0.046521 
0.082942 0.433529 0.129355 0.352566 0.001609 
0.175019 0.337670 0.403856 0.058335 0.025120 
0.123082 0.175831 0.000264 0.639675 0.061148 
0.406186 0.003515 0.079914 0.381116 0.129269 
0.002374 0.028895 0.785127 0.094617 0.088987 
0.114801 0.003148 0.292838 0.563537 0.025675 
0.016851 0.108223 0.298264 0.573056 0.003606 
0.001030 0.056906 0.929591 0.001707 0.010766 
0.100247 0.551790 0.176231 0.157173 0.014559 
0.008019 0.328432 0.036899 0.625603 0.001045 
0.377122 0.009290 0.525787 0.021885 0.065915 
0.006486 0.382974 0.430991 0.116553 0.062996 
0.041877 0.169634 0.153287 0.616484 0.018718 
0.011437 0.706656 0.006475 0.275414 0.000017 
0.015942 0.025351 0.466201 0.153054 0.339453 
0.005220 0.450016 0.005280 0.534903 0.004582 
0.001466 0.035388 0.404365 0.084918 0.473862 
0.005183 0.137328 0.215059 0.635320 0.007110 
0.179384 0.252497 0.179742 0.264140 0.124236 
0.012015 0.361965 0.020464 0.567975 0.037582 
0.098822 0.018636 0.711293 0.104551 0.066700 
0.214825 0.148465 0.317907 0.156188 0.162615 
0.049368 0.016983 0.112260 0.820316 0.001072 
0.204837 0.000358 0.411852 0.322857 0.060096 
0.214220 0.039518 0.464176 0.089987 0.192099 
0.061069 0.077320 0.192351 0.650968 0.018292 
0.008137 0.471389 0.102668 0.284360 0.133446 
0.001763 0.339253 0.166571 0.257964 0.234448 
0.036172 0.103760 0.645612 0.015244 0.199212 
0.266853 0.019048 0.349979 0.223269 0.140851 
0.201238 0.375784 0.270108 0.035745 0.117126 
0.173857 0.563590 0.087047 0.035150 0.140356 
0.019198 0.677904 0.071179 0.086423 0.145295 
0.042997 0.538020 0.092916 0.005561 0.320505 
0.058169 0.129393 0.570803 0.205149 0.036487 
0.125864 0.234717 0.001314 0.610627 0.027479 
0.089680 0.521602 0.063949 0.259198 0.065572 
0.030897 0.575223 0.304753 0.088053 0.001075 
0.037640 0.081766 0.172039 0.690527 0.018027 
0.030844 0.000026 0.643946 0.293861 0.031323 
0.127877 0.131945 0.298423 0.417830 0.023926 
0.178023 0.338732 0.227903 0.028207 0.227136 
0.221484 0.085109 0.067137 0.599355 0.026915 
0.024963 0.001317 0.670817 0.000832 0.302071 
0.302186 0.018742 0.261279 0.354371 0.063422 
0.279166 0.431196 0.273319 0.000032 0.016287 
0.193177 0.117252 0.542466 0.147080 0.000024 
0.126759 0.002056 0.849059 0.021345 0.000781 
0.026551 0.018395 0.020975 0.866906 0.067174 
0.000001 0.361516 0.217559 0.393338 0.027585 
0.018951 0.037050 0.859632 0.019970 0.064397 
0.242183 0.192117 0.122822 0.358801 0.084077 
0.048606 0.023259 0.597404 0.275587 0.055144 
0.128760 0.148460 0.297059 0.382165 0.043557 
0.841575 0.023294 0.108877 0.007940 0.018313 
0.064997 0.036888 0.638431 0.147084 0.112600 
0.001905 0.594095 0.117474 0.172051 0.114476 
0.466826 0.059108 0.429990 0.039315 0.004760 
0.170664 0.085984 0.639084 0.021447 0.082820 
0.120709 0.002459 0.237068 0.413914 0.225851 
0.000862 0.006891 0.347564 0.086644 0.558039 
0.123812 0.009423 0.057889 0.333066 0.475810 
0.000280 0.175354 0.358930 0.082618 0.382819 
0.153028 0.254648 0.024565 0.564007 0.003751 
0.004205 0.183751 0.135672 0.308813 0.367558 
0.062502 0.075343 0.018661 0.658992 0.184502 
0.007262 0.154960 0.000003 0.811522 0.026253 
0.002002 0.069922 0.150245 0.161479 0.616352 
0.186601 0.668423 0.000910 0.094364 0.049703 
0.321566 0.023917 0.463918 0.044995 0.145604 
0.002080 0.088689 0.039139 0.483361 0.386731 
0.283991 0.044915 0.008331 0.346354 0.316409 
0.124038 0.042294 0.607168 0.225290 0.001209 
0.026825 0.000066 0.019027 0.231668 0.722413 
0.038123 0.078267 0.033095 0.566731 0.283783 
0.020688 0.035038 0.468088 0.455689 0.020497 
0.011786 0.608529 0.071899 0.276644 0.031143 
0.104974 0.356496 0.105261 0.370953 0.062317 
0.000109 0.270540 0.351475 0.004214 0.373663 
0.024332 0.000792 0.168683 0.379463 0.426730 
0.182872 0.002700 0.065375 0.566702 0.182351 
0.005366 0.169569 0.059114 0.372903 0.393048 
0.057783 0.313055 0.077372 0.546501 0.005290 
0.015419 0.365896 0.241562 0.248617 0.128506 
0.056362 0.025176 0.279297 0.635445 0.003720 
0.060590 0.179617 0.218601 0.374305 0.166888 
0.228966 0.098650 0.594003 0.076642 0.001739 
0.001603 0.004271 0.046961 0.757514 0.189652 
0.000005 0.149536 0.137931 0.056996 0.655531 
0.017791 0.138300 0.332381 0.463487 0.048040 
0.243509 0.002115 0.028956 0.296756 0.428664 
0.111622 0.005300 0.057002 0.659628 0.166448 
0.048123 0.000520 0.853057 0.098287 0.000012 
0.064607 0.184889 0.046048 0.697415 0.007042 
0.004611 0.424036 0.007415 0.343345 0.220593 
0.064386 0.170983 0.377462 0.018125 0.369044 
0.059905 0.382976 0.520486 0.013415 0.023218 
0.197390 0.001438 0.436069 0.365081 0.000022 
0.062691 0.051816 0.615992 0.066204 0.203298 
0.094217 0.290896 0.484442 0.121558 0.008887 
0.182590 0.177712 0.067849 0.568607 0.003242 
0.009860 0.373239 0.000000 0.261136 0.355764 
0.278340 0.153238 0.000390 0.347139 0.220893 
0.001022 0.570146 0.129307 0.109656 0.189869 
0.105634 0.000149 0.283246 0.537597 0.073374 
0.000001 0.435155 0.106934 0.452636 0.005274 
0.005744 0.022854 0.711443 0.032787 0.227172 
0.241138 0.020073 0.057263 0.681063 0.000463 
0.313986 0.020018 0.146774 0.037720 0.481502 
0.184877 0.047620 0.082264 0.565986 0.119254 
0.513316 0.080947 0.333620 0.045168 0.026948 
0.035755 0.024425 0.613269 0.054297 0.272253 
0.141425 0.044039 0.157361 0.645451 0.011725 
0.884496 0.060927 0.001178 0.043188 0.010211 
0.070778 0.112940 0.603695 0.119518 0.093068 
0.057654 0.739714 0.000001 0.130219 0.072412 
0.012869 0.031553 0.663591 0.161307 0.130679 
0.000480 0.443531 0.498771 0.006310 0.050908 
0.043349 0.078245 0.274136 0.588781 0.015489 
0.031163 0.088031 0.596924 0.010869 0.273014 
0.019188 0.006717 0.705364 0.160282 0.108449 
0.032747 0.006521 0.758017 0.202703 0.000012 
0.020528 0.007829 0.733947 0.117323 0.120373 
0.051288 0.070418 0.726669 0.000788 0.150837 
0.009935 0.146016 0.079935 0.432649 0.331466 
0.191078 0.025320 0.723873 0.057706 0.002022 
0.027908 0.614766 0.352798 0.000730 0.003799 
0.004980 0.463716 0.003548 0.321861 0.205896 
0.249427 0.003149 0.000326 0.711854 0.035245 
0.019202 0.538050 0.069794 0.214125 0.158830 
0.010360 0.001353 0.091836 0.698895 0.197555 
0.003277 0.298453 0.092594 0.335290 0.270386 
0.008133 0.339375 0.281458 0.342399 0.028635 
0.033701 0.760188 0.004140 0.138083 0.063888 
0.066751 0.305508 0.227186 0.180409 0.220146 
0.875056 0.118968 0.000172 0.005336 0.000468 
0.000011 0.000696 0.607289 0.011243 0.380761 
0.000322 0.016410 0.965516 0.003160 0.014592 
0.871991 0.084403 0.026221 0.003306 0.014078 
0.023761 0.159292 0.399200 0.050124 0.367623 
0.014333 0.189840 0.359324 0.099096 0.337407 
0.003246 0.039281 0.023171 0.436630 0.497672 
0.466971 0.069378 0.319648 0.093952 0.050051 
0.097084 0.045908 0.257181 0.595400 0.004427 
0.048479 0.181341 0.477889 0.188997 0.103294 
0.063226 0.012292 0.534505 0.316972 0.073005 
0.036363 0.055200 0.277302 0.629389 0.001745 
0.025875 0.285845 0.210940 0.097825 0.379515 
0.009637 0.006159 0.076942 0.687841 0.219422 
0.007026 0.071225 0.243326 0.675142 0.003282 
0.000300 0.001466 0.462552 0.402223 0.133458 
0.008031 0.227045 0.191143 0.573475 0.000305 
0.014996 0.033522 0.019122 0.537205 0.395156 
0.071318 0.087747 0.095916 0.573276 0.171744 
0.017781 0.525718 0.351457 0.047060 0.057983 
0.114245 0.009010 0.047026 0.754489 0.075231 
0.032413 0.165110 0.004962 0.493519 0.303995 
0.144383 0.006657 0.163135 0.046746 0.639079 
0.004874 0.104029 0.243231 0.647519 0.000346 
0.034890 0.266397 0.000052 0.195912 0.502750 
0.010633 0.328209 0.074459 0.510767 0.075933 
0.380830 0.044278 0.014787 0.558768 0.001337 
0.036292 0.144647 0.021026 0.773350 0.024685 
0.027350 0.453346 0.017906 0.146791 0.354607 
0.055070 0.403945 0.041121 0.091024 0.408839 
0.088242 0.601632 0.303695 0.006225 0.000206 
0.014379 0.080503 0.510565 0.190316 0.204237 
0.033441 0.216060 0.546944 0.098674 0.104881 
0.536191 0.041624 0.226945 0.126856 0.068383 
0.354658 0.181447 0.403382 0.000701 0.059812 
0.019805 0.002290 0.332744 0.602148 0.043013 
0.045447 0.284668 0.624286 0.044547 0.001053 
0.321334 0.029877 0.235908 0.409930 0.002951 
0.134262 0.366948 0.420950 0.077568 0.000272 
0.036976 0.849522 0.001137 0.077719 0.034646 
0.151934 0.660949 0.072955 0.114105 0.000057 
0.001807 0.674808 0.033037 0.023600 0.266749 
0.010918 0.002725 0.498597 0.003232 0.484528 
0.002232 0.489713 0.112663 0.362761 0.032631 
0.018460 0.729943 0.178898 0.060296 0.012404 
0.006754 0.679555 0.278499 0.034929 0.000263 
0.000234 0.855817 0.112352 0.008983 0.022615 
0.822631 0.041224 0.063983 0.015633 0.056530 
0.015504 0.266476 0.463166 0.006514 0.248341 
0.003739 0.336111 0.254788 0.347254 0.058108 
0.048913 0.418052 0.429208 0.098610 0.005218 
0.000819 0.147685 0.234747 0.116948 0.499802 
0.012288 0.471703 0.020175 0.478117 0.017716 
0.048051 0.250072 0.012964 0.669768 0.019145 
0.009995 0.014775 0.531664 0.128605 0.314961 
0.009858 0.587143 0.010579 0.380020 0.012401 
0.137547 0.093655 0.002065 0.711081 0.055651 
0.079332 0.079706 0.012122 0.828325 0.000515 
0.120330 0.020393 0.003455 0.855768 0.000054 
0.041990 0.019367 0.193025 0.025500 0.720118 
0.085835 0.243186 0.101314 0.526447 0.043217 
0.046637 0.038757 0.002624 0.901649 0.010333 
0.460336 0.050036 0.011527 0.254524 0.223577 
0.115058 0.110648 0.263641 0.320543 0.190109 
0.148708 0.058728 0.005147 0.706507 0.080910 
0.118584 0.001479 0.231109 0.641064 0.007765 
0.166465 0.121401 0.185884 0.486048 0.040203 
0.045518 0.223507 0.166131 0.380196 0.184648 
0.168040 0.027714 0.365745 0.350903 0.087598 
0.001498 0.088098 0.318095 0.027856 0.564453 
0.309417 0.022378 0.002922 0.440454 0.224829 
0.029992 0.230305 0.652209 0.003308 0.084186 
0.000000 0.024261 0.401143 0.464072 0.110524 
0.001745 0.735762 0.003705 0.002382 0.256406 
0.511255 0.071103 0.401233 0.008184 0.008226 
0.141666 0.343592 0.451415 0.053496 0.009832 
0.011089 0.638373 0.239282 0.093587 0.017669 
0.022563 0.707189 0.247469 0.017251 0.005528 
0.003342 0.079632 0.704774 0.047260 0.164993 
0.138644 0.261974 0.142627 0.453290 0.003465 
0.002519 0.336992 0.143287 0.148755 0.368447 
0.051350 0.102412 0.007288 0.719872 0.119077 
0.000079 0.375392 0.026094 0.315665 0.282771 
0.100153 0.350611 0.218904 0.079268 0.251064 
0.067689 0.173048 0.481951 0.136811 0.140501 
0.179760 0.168126 0.244976 0.375791 0.031347 
0.395613 0.006627 0.235135 0.350208 0.012417 
0.152369 0.035795 0.145431 0.498655 0.167750 
0.040505 0.263019 0.269491 0.260232 0.166752 
0.063502 0.059838 0.772914 0.011277 0.092470 
0.243882 0.070063 0.416079 0.173642 0.096334 
0.007685 0.529784 0.098026 0.179488 0.185017 
0.143940 0.376076 0.374814 0.090930 0.014240 
0.114383 0.029373 0.180719 0.559454 0.116071 
0.165892 0.067834 0.000983 0.673660 0.091631 
0.247999 0.077359 0.015125 0.600031 0.059486 
0.244548 0.003857 0.001151 0.342247 0.408198 
0.145645 0.084961 0.733461 0.013176 0.022757 
0.107348 0.083018 0.000004 0.793363 0.016267 
0.054612 0.367080 0.570768 0.000211 0.007328 
0.003419 0.039432 0.100285 0.771181 0.085683 
0.023307 0.479668 0.193399 0.085335 0.218291 
0.030120 0.621999 0.113521 0.000702 0.233658 
0.315727 0.082718 0.442955 0.158257 0.000343 
0.003341 0.018672 0.239077 0.698889 0.040021 
0.004494 0.371882 0.380032 0.007720 0.235872 
0.140558 0.004025 0.373134 0.324626 0.157657 
0.058579 0.079305 0.053833 0.786228 0.022055 
0.001257 0.002799 0.889113 0.078697 0.028134 
0.000099 0.227717 0.660224 0.006068 0.105892 
0.036817 0.034079 0.017241 0.910368 0.001494 
0.031253 0.071350 0.803543 0.054233 0.039621 
0.060662 0.002692 0.934380 0.002257 0.000009 
0.000427 0.432487 0.004538 0.392456 0.170091 
0.105503 0.019744 0.134207 0.732880 0.007666 
0.122951 0.631359 0.130949 0.000914 0.113828 
0.007876 0.046271 0.436371 0.474519 0.034964 
0.009782 0.424753 0.059849 0.128097 0.377519 
0.007418 0.001392 0.932927 0.021011 0.037252 
0.041789 0.025464 0.195830 0.690933 0.045984 
0.065240 0.231338 0.491918 0.002926 0.208578 
0.226919 0.128306 0.413405 0.038392 0.192978 
0.000549 0.298151 0.051630 0.648336 0.001334 
0.002089 0.123104 0.336128 0.219635 0.319044 
0.013658 0.268277 0.663791 0.028092 0.026182 
0.004240 0.012582 0.081307 0.770026 0.131845 
0.170796 0.082296 0.647318 0.093741 0.005850 
0.118979 0.056461 0.729260 0.081522 0.013778 
0.020389 0.186711 0.452884 0.190002 0.150013 
0.036137 0.046237 0.845970 0.064215 0.007441 
0.039491 0.052185 0.609448 0.053661 0.245214 
0.080693 0.007122 0.524667 0.311131 0.076386 
0.012541 0.100308 0.435942 0.056596 0.394613 
0.036879 0.000184 0.868647 0.063040 0.031250 
0.239817 0.078065 0.134880 0.479129 0.068108 
0.463213 0.094161 0.182857 0.258522 0.001246 
0.024046 0.404975 0.185484 0.004681 0.380814 
0.003082 0.012047 0.001572 0.979524 0.003775 
0.010737 0.012379 0.604812 0.031489 0.340582 
0.216281 0.000066 0.027289 0.476475 0.279888 
0.003775 0.423934 0.359280 0.149674 0.063337 
0.074595 0.039983 0.808877 0.009645 0.066900 
0.056288 0.138000 0.211721 0.396228 0.197763 
0.141482 0.215731 0.176305 0.463194 0.003287 
0.048377 0.190554 0.331672 0.010879 0.418517 
0.033200 0.783538 0.050694 0.071257 0.061311 
0.031843 0.070318 0.315346 0.406642 0.175852 
0.094294 0.219214 0.024134 0.644508 0.017850 
0.025323 0.000267 0.724465 0.000387 0.249558 
0.011894 0.098169 0.567509 0.297819 0.024609 
0.014069 0.028330 0.392355 0.441006 0.124240 
0.001665 0.385011 0.312910 0.233998 0.066415 
0.059239 0.002303 0.445128 0.131257 0.362072 
0.104045 0.183523 0.675632 0.002976 0.033823 
0.004007 0.214441 0.370995 0.049721 0.360836 
0.025769 0.042874 0.854092 0.073282 0.003983 
0.028820 0.034987 0.919333 0.015778 0.001082 
0.153984 0.061065 0.727483 0.025965 0.031503 
0.108044 0.013224 0.000019 0.698960 0.179752 
0.160035 0.004006 0.005503 0.790210 0.040246 
0.224547 0.002539 0.098614 0.380652 0.293648 
0.001903 0.116155 0.091995 0.597029 0.192918 
0.061281 0.066540 0.093986 0.436719 0.341473 
0.009688 0.317917 0.512694 0.003470 0.156232 
0.029408 0.460289 0.287725 0.215555 0.007024 
0.018185 0.298539 0.575644 0.025724 0.081908 
0.000800 0.170211 0.111597 0.715090 0.002303 
0.087387 0.416556 0.301666 0.036963 0.157428 
0.075610 0.388239 0.101561 0.101522 0.333068 
0.355359 0.020713 0.190586 0.186679 0.246663 
0.206203 0.001712 0.460777 0.312365 0.018944 
0.343751 0.076797 0.096343 0.306884 0.176225 
0.202044 0.002003 0.710469 0.028713 0.056771 
0.015242 0.570747 0.027642 0.087685 0.298685 
0.268953 0.153409 0.020035 0.461765 0.095837 
0.358783 0.001700 0.077708 0.463644 0.098165 
0.050834 0.037234 0.878461 0.000441 0.033030 
0.000162 0.029114 0.809968 0.154594 0.006162 
0.000009 0.201638 0.227034 0.542419 0.028901 
0.466368 0.007766 0.088846 0.435609 0.001410 
0.014862 0.062531 0.488077 0.424307 0.010223 
0.069259 0.140960 0.150397 0.596228 0.043156 
0.051816 0.236909 0.209918 0.488228 0.013129 
0.075984 0.054261 0.189654 0.651615 0.028486 
0.260580 0.067057 0.230533 0.432584 0.009246 
0.003103 0.539983 0.000903 0.195122 0.260889 
0.268361 0.150577 0.001308 0.579355 0.000398 
0.076979 0.070765 0.793984 0.047176 0.011097 
0.000066 0.073973 0.136690 0.729743 0.059528 
0.000716 0.108871 0.025834 0.807844 0.056735 
0.001084 0.757682 0.021154 0.128865 0.091215 
0.001655 0.162810 0.107308 0.439467 0.288759 
0.049193 0.033737 0.546773 0.159797 0.210500 
0.023954 0.645686 0.104412 0.225945 0.000002 
0.029578 0.037967 0.266996 0.326206 0.339253 
0.005312 0.405609 0.553543 0.031456 0.004080 
0.040014 0.025305 0.712788 0.123079 0.098815 
0.024663 0.071895 0.648202 0.030536 0.224703 
0.450803 0.142033 0.013246 0.336138 0.057779 
0.061744 0.695906 0.229792 0.003221 0.009336 
0.015988 0.081089 0.390170 0.001831 0.510921 
0.003130 0.458821 0.030473 0.317357 0.190220 
0.270421 0.005366 0.225839 0.478707 0.019667 
0.001354 0.033923 0.881058 0.082102 0.001563 
0.059840 0.017275 0.722119 0.157233 0.043533 
0.058859 0.580099 0.250630 0.002572 0.107840 
0.068198 0.427590 0.362933 0.062184 0.079095 
0.296675 0.061899 0.410100 0.102213 0.129114 
0.067958 0.179331 0.004338 0.715622 0.032751 
0.000004 0.263425 0.073120 0.180356 0.483096 
0.000354 0.423041 0.014525 0.357320 0.204760 
0.006820 0.001049 0.372422 0.277672 0.342037 
0.002434 0.155760 0.496547 0.345166 0.000094 
0.108897 0.187042 0.113772 0.500684 0.089604 
0.002975 0.183656 0.141551 0.486308 0.185509 
0.230039 0.186334 0.308872 0.274457 0.000298 
0.008219 0.046462 0.173023 0.690443 0.081853 
0.495549 0.124606 0.056112 0.148717 0.175016 
0.030086 0.198534 0.042549 0.030863 0.697968 
0.360523 0.078540 0.125687 0.181404 0.253846 
0.068723 0.001305 0.869923 0.030952 0.029097 
0.017929 0.051650 0.072631 0.684281 0.173508 
0.827061 0.011185 0.000653 0.114019 0.047082 
0.019318 0.037709 0.362130 0.568937 0.011906 
0.397452 0.028051 0.012524 0.542591 0.019383 
0.005302 0.178965 0.436730 0.378814 0.000189 
0.528318 0.062711 0.003784 0.394987 0.010200 
0.002727 0.535932 0.156243 0.245704 0.059394 
0.023583 0.465638 0.242934 0.169212 0.098634 
0.013189 0.297733 0.350023 0.266383 0.072672 
0.804363 0.042406 0.018762 0.102791 0.031678 
0.293701 0.003913 0.002572 0.641216 0.058598 
0.107532 0.035340 0.426132 0.404681 0.026315 
0.000222 0.426172 0.135547 0.297961 0.140098 
0.051517 0.025839 0.247337 0.670944 0.004364 
0.018833 0.286637 0.026635 0.051794 0.616101 
0.048916 0.053882 0.032957 0.785260 0.078984 
0.017457 0.209001 0.117668 0.536202 0.119673 
0.020821 0.120051 0.784790 0.031320 0.043018 
0.000402 0.005899 0.430954 0.103559 0.459186 
0.096295 0.310678 0.074639 0.515924 0.002464 
0.233103 0.269101 0.311586 0.021431 0.164778 
0.086941 0.417546 0.274639 0.177395 0.043478 
0.065971 0.073115 0.103219 0.726213 0.031482 
0.013507 0.522405 0.011013 0.102652 0.350423 
0.680168 0.148287 0.039067 0.055849 0.076630 
0.618703 0.080585 0.076845 0.087081 0.136787 
0.659451 0.015646 0.149112 0.034070 0.141720 
0.047527 0.012421 0.730822 0.144280 0.064949 
0.026544 0.313432 0.000812 0.492717 0.166496 
0.003160 0.000172 0.186604 0.635568 0.174495 
0.026361 0.502537 0.369677 0.092894 0.008531 
0.000089 0.209033 0.315142 0.473597 0.002138 
0.112525 0.064439 0.000022 0.753345 0.069669 
0.182631 0.016244 0.792494 0.000043 0.008588 
0.385677 0.100266 0.001276 0.428860 0.083920 
0.082264 0.467203 0.317243 0.042952 0.090338 
0.005867 0.019877 0.299979 0.638072 0.036205 
0.013879 0.929348 0.008281 0.047816 0.000676 
0.345051 0.000204 0.430320 0.005453 0.218972 
0.005035 0.449565 0.339252 0.109931 0.096216 
0.043576 0.010345 0.291135 0.519721 0.135222 
0.004916 0.065911 0.098473 0.830654 0.000047 
0.152731 0.228446 0.519024 0.035568 0.064231 
0.017809 0.275040 0.080228 0.626908 0.000014 
0.000058 0.074217 0.307079 0.272699 0.345946 
0.355084 0.000713 0.000109 0.046746 0.597348 
0.015545 0.173018 0.500519 0.208649 0.102268 
0.138681 0.259340 0.347242 0.254075 0.000661 
0.192913 0.058935 0.534916 0.211076 0.002160 
0.031242 0.666336 0.045161 0.254647 0.002614 
0.003217 0.070714 0.577230 0.330091 0.018747 
0.005281 0.474921 0.172515 0.257985 0.089298 
0.028984 0.074931 0.000211 0.849116 0.046758 
0.000003 0.217561 0.374361 0.106121 0.301954 
0.100536 0.027320 0.801083 0.030573 0.040488 
0.258591 0.010377 0.067381 0.384712 0.278939 
0.034237 0.335141 0.272594 0.065594 0.292435 
0.001141 0.314234 0.048075 0.330893 0.305657 
0.042441 0.481085 0.086500 0.368545 0.021429 
0.000009 0.356888 0.075932 0.135889 0.431281 
0.000337 0.199448 0.001579 0.089156 0.709480 
0.222460 0.027708 0.190308 0.424207 0.135318 
0.211395 0.352265 0.249980 0.000988 0.185373 
0.092488 0.448885 0.067778 0.001230 0.389620 
0.217740 0.538388 0.042394 0.192592 0.008886 
0.000463 0.255653 0.150353 0.063510 0.530022 
0.170048 0.117904 0.101577 0.606651 0.003819 
0.001085 0.319605 0.058571 0.314761 0.305978 
0.078163 0.062967 0.010010 0.814743 0.034117 
0.013155 0.029616 0.341948 0.180419 0.434862 
0.016537 0.007828 0.148185 0.825627 0.001824 
0.032777 0.237020 0.299023 0.431001 0.000179 
0.026835 0.125483 0.121021 0.673923 0.052738 
0.114367 0.226281 0.254142 0.394597 0.010613 
0.005322 0.326533 0.055342 0.605982 0.006821 
0.149129 0.074175 0.001343 0.419485 0.355869 
0.270436 0.199707 0.084220 0.023390 0.422246 
0.219992 0.032858 0.356316 0.389771 0.001063 
0.187970 0.020763 0.044829 0.722308 0.024130 
0.178665 0.424080 0.004013 0.065206 0.328036 
0.035340 0.174595 0.513260 0.268083 0.008722 
0.013787 0.055844 0.089801 0.779521 0.061046 
0.104801 0.047623 0.793465 0.051226 0.002885 
0.030939 0.016986 0.826995 0.121114 0.003965 
0.022868 0.080208 0.547445 0.148934 0.200546 
0.026522 0.000746 0.034909 0.695975 0.241848 
0.028081 0.277124 0.520141 0.011244 0.163410 
0.168841 0.000240 0.685709 0.059293 0.085917 
0.029018 0.554582 0.002457 0.354492 0.059451 
0.052301 0.147810 0.534833 0.193401 0.071655 
0.010127 0.012517 0.016714 0.631275 0.329366 
0.115684 0.039341 0.354770 0.280905 0.209300 
0.334556 0.141690 0.155307 0.001770 0.366677 
0.003166 0.039048 0.840023 0.104236 0.013528 
0.059616 0.004626 0.558916 0.121547 0.255295 
0.047079 0.000016 0.868302 0.020809 0.063795 
0.001720 0.155008 0.516369 0.323463 0.003440 
0.127722 0.038288 0.705572 0.051842 0.076575 
0.118212 0.222572 0.328171 0.243652 0.087393 
0.069321 0.389973 0.148509 0.339293 0.052904 
0.153936 0.566817 0.039960 0.016848 0.222439 
0.102650 0.108711 0.639523 0.082067 0.067049 
0.015364 0.386988 0.001025 0.395324 0.201299 
0.001182 0.059810 0.728693 0.030844 0.179471 
0.692335 0.093749 0.022432 0.064537 0.126948 
0.021272 0.076409 0.529511 0.070147 0.302661 
0.077944 0.002840 0.537928 0.340021 0.041267 
0.040756 0.227132 0.004000 0.726285 0.001828 
0.003938 0.308447 0.511223 0.007447 0.168944 
0.187234 0.338354 0.424607 0.019353 0.030453 
0.047444 0.806812 0.033538 0.090875 0.021331 
0.000257 0.413041 0.028853 0.524767 0.033081 
0.258989 0.143496 0.002182 0.582882 0.012451 
0.138208 0.098674 0.453698 0.251938 0.057482 
0.320285 0.082580 0.080416 0.487589 0.029131 
0.506177 0.000219 0.215015 0.000215 0.278375 
0.059996 0.021068 0.325245 0.583189 0.010502 
0.004647 0.317642 0.110879 0.533152 0.033680 
0.000682 0.275993 0.395144 0.325147 0.003034 
0.282817 0.000017 0.234715 0.482445 0.000007 
0.003678 0.196985 0.259482 0.499622 0.040233 
0.001373 0.641907 0.033980 0.135154 0.187586 
0.055135 0.095863 0.110320 0.667322 0.071361 
0.119306 0.584041 0.290684 0.000050 0.005920 
0.006183 0.160452 0.504708 0.315296 0.013361 
0.000971 0.543680 0.218267 0.067130 0.169952 
0.275960 0.000912 0.224835 0.492287 0.006006 
0.001449 0.347941 0.035004 0.572065 0.043541 
0.035151 0.000306 0.783098 0.028832 0.152614 
0.000642 0.483460 0.060794 0.076101 0.379003 
0.021270 0.046009 0.594598 0.337516 0.000607 
0.020831 0.715430 0.212902 0.039662 0.011176 
0.020125 0.074414 0.680102 0.152395 0.072965 
0.000703 0.163866 0.398298 0.406029 0.031104 
0.033238 0.000523 0.488198 0.138639 0.339403 
0.014485 0.059584 0.004112 0.787252 0.134568 
0.065519 0.279186 0.364865 0.001808 0.288622 
0.000996 0.016846 0.468615 0.507949 0.005594 
0.000025 0.021420 0.801437 0.159410 0.017708 
0.023759 0.329794 0.186342 0.459844 0.000261 
0.001039 0.707104 0.105222 0.161195 0.025440 
0.013367 0.052870 0.905990 0.023794 0.003979 
0.193350 0.016096 0.013685 0.776841 0.000027 
0.210003 0.228399 0.387784 0.169184 0.004630 
0.121827 0.006335 0.707898 0.065740 0.098200 
0.021012 0.286216 0.104576 0.465537 0.122659 
0.002868 0.662138 0.248844 0.085659 0.000491 
0.015229 0.145934 0.140103 0.457947 0.240786 
0.040177 0.029157 0.000000 0.911304 0.019362 
0.036254 0.133783 0.032225 0.797228 0.000509 
0.004066 0.542447 0.256443 0.037564 0.159481 
0.846514 0.009858 0.028146 0.055312 0.060171 
0.142573 0.423556 0.057303 0.283136 0.093432 
0.002346 0.002006 0.249332 0.374189 0.372127 
0.130900 0.005152 0.270592 0.565723 0.027634 
0.219943 0.063803 0.162071 0.458754 0.095428 
0.016619 0.053906 0.032049 0.872420 0.025005 
0.000174 0.849485 0.119654 0.000939 0.029747 
0.025081 0.402664 0.168925 0.035961 0.367368 
0.012245 0.473166 0.075365 0.129897 0.309327 
0.003532 0.506868 0.007701 0.280841 0.201058 
0.129308 0.365181 0.188847 0.073188 0.243476 
0.025446 0.007448 0.549760 0.369195 0.048151 
0.173675 0.052522 0.200111 0.568070 0.005623 
0.024793 0.218435 0.267399 0.275801 0.213572 
0.147748 0.096162 0.163140 0.000019 0.592931 
0.641404 0.290973 0.059530 0.003685 0.004408 
0.216525 0.019904 0.056316 0.424417 0.282838 
0.002479 0.421014 0.193293 0.098792 0.284422 
0.260236 0.001309 0.098564 0.454911 0.184981 
0.084320 0.002699 0.318193 0.366233 0.228555 
0.020845 0.570879 0.062423 0.180345 0.165507 
0.284884 0.097677 0.078215 0.529421 0.009804 
0.036997 0.182781 0.537326 0.242015 0.000880 
0.196590 0.170676 0.009531 0.622623 0.000579 
0.003538 0.583999 0.036763 0.066667 0.309032 
0.338993 0.025398 0.574541 0.054613 0.006455 
0.160727 0.035311 0.012873 0.690658 0.100430 
0.451641 0.072751 0.099339 0.193145 0.183125 
0.003454 0.024546 0.916295 0.055522 0.000183 
0.004202 0.043364 0.259661 0.513259 0.179514 
0.082884 0.000147 0.900028 0.004475 0.012465 
0.215785 0.088172 0.588894 0.061071 0.046078 
0.056391 0.038772 0.717780 0.094893 0.092164 
0.122902 0.150532 0.317601 0.119255 0.289710 
0.218935 0.268622 0.366465 0.126608 0.019370 
0.012363 0.037943 0.170768 0.546288 0.232638 
0.021123 0.091120 0.278369 0.011303 0.598084 
0.157862 0.058546 0.378626 0.393948 0.011018 
0.002228 0.665445 0.268939 0.062251 0.001136 
0.002675 0.205299 0.562640 0.129655 0.099731 
0.001676 0.488511 0.027916 0.464595 0.017302 
0.023186 0.020814 0.371770 0.398588 0.185642 
0.000685 0.586946 0.005122 0.319453 0.087794 
0.264852 0.209084 0.291001 0.063708 0.171354 
0.055420 0.029783 0.203096 0.500491 0.211209 
0.109264 0.020607 0.337408 0.245013 0.287708 
0.131077 0.010531 0.135106 0.594106 0.129180 
0.065032 0.038505 0.339234 0.556967 0.000261 
0.229674 0.346730 0.207815 0.024054 0.191727 
0.000594 0.001273 0.096656 0.241997 0.659480 
0.004210 0.071176 0.007341 0.804180 0.113092 
0.122077 0.598286 0.071219 0.191981 0.016436 
0.007066 0.189462 0.010588 0.758860 0.034024 
0.217901 0.032157 0.211919 0.535012 0.003011 
0.030352 0.936181 0.022507 0.008972 0.001988 
0.014984 0.354582 0.008283 0.195391 0.426760 
0.047864 0.302055 0.312477 0.323450 0.014154 
0.004863 0.052539 0.897264 0.041626 0.003709 
0.001941 0.029398 0.521299 0.427101 0.020261 
0.000426 0.836656 0.009046 0.055327 0.098545 
0.037713 0.002638 0.836811 0.063738 0.059101 
0.009124 0.692336 0.108322 0.164380 0.025838 
0.099817 0.048377 0.753788 0.013041 0.084977 
0.094799 0.001480 0.449071 0.422803 0.031847 
0.013283 0.134646 0.001054 0.002037 0.848980 
0.300274 0.084524 0.139936 0.422922 0.052344 
0.132808 0.004888 0.315212 0.502082 0.045010 
0.042337 0.062945 0.090251 0.175014 0.629453 
0.007834 0.270680 0.462551 0.147465 0.111470 
0.033706 0.166312 0.001774 0.614846 0.183363 
0.007008 0.334260 0.261386 0.133464 0.263883 
0.299669 0.000421 0.149407 0.503150 0.047353 
0.000009 0.035870 0.012135 0.145594 0.806392 
0.000337 0.532417 0.340427 0.042650 0.084168 
0.002661 0.091303 0.724397 0.125815 0.055823 
0.000132 0.403018 0.099574 0.312171 0.185104 
0.047889 0.134887 0.557048 0.249083 0.011093 
0.002737 0.298225 0.232024 0.350213 0.116801 
0.011342 0.875961 0.042910 0.067590 0.002198 
0.068470 0.162499 0.356684 0.401763 0.010584 
0.339460 0.022626 0.182734 0.131876 0.323304 
0.595049 0.001274 0.020181 0.301708 0.081788 
0.008571 0.452911 0.150124 0.348105 0.040288 
0.007979 0.112448 0.300738 0.279284 0.299551 
0.159423 0.024520 0.053919 0.267156 0.494981 
0.162860 0.001590 0.108917 0.170809 0.555824 
0.014171 0.021028 0.848532 0.036684 0.079585 
0.042554 0.120848 0.603957 0.001533 0.231108 
0.156805 0.074793 0.390916 0.302424 0.075062 
0.230432 0.063350 0.002052 0.664959 0.039207 
0.005891 0.229372 0.236225 0.519636 0.008876 
0.311840 0.171588 0.296288 0.005785 0.214499 
0.287913 0.158028 0.236667 0.314524 0.002867 
0.030995 0.256970 0.644231 0.064682 0.003122 
0.201812 0.047169 0.603854 0.128051 0.019114 
0.063250 0.020293 0.530489 0.323794 0.062173 
0.211330 0.125523 0.021610 0.357075 0.284461 
0.341535 0.024599 0.629903 0.003536 0.000427 
0.038179 0.133116 0.194864 0.608259 0.025582 
0.015590 0.562157 0.094295 0.318503 0.009456 
0.164557 0.009743 0.764748 0.026970 0.033983 
0.178908 0.004044 0.726333 0.059539 0.031175 
0.106319 0.009605 0.759084 0.028254 0.096738 
0.098635 0.514912 0.231748 0.091133 0.063572 
0.035249 0.024801 0.023191 0.255938 0.660821 
0.096171 0.206636 0.286176 0.000777 0.410239 
0.237819 0.024061 0.105190 0.225735 0.407195 
0.100394 0.615447 0.001625 0.226019 0.056515 
0.076696 0.046536 0.650684 0.172043 0.054041 
0.055617 0.135270 0.638770 0.093536 0.076807 
0.089253 0.009535 0.113427 0.732294 0.055491 
0.005271 0.326686 0.580064 0.075016 0.012963 
0.022020 0.000105 0.010504 0.730134 0.237237 
0.039789 0.283557 0.226764 0.003425 0.446465 
0.022225 0.377062 0.013689 0.584659 0.002366 
0.245055 0.065910 0.105621 0.531198 0.052216 
0.031319 0.319188 0.000317 0.605656 0.043519 
0.007229 0.322827 0.478904 0.186304 0.004736 
0.010893 0.349974 0.190572 0.032579 0.415982 
0.021280 0.059848 0.041992 0.558202 0.318678 
0.001921 0.009925 0.108824 0.515476 0.363854 
0.070520 0.265975 0.059355 0.031144 0.573006 
0.030652 0.002563 0.047989 0.886501 0.032295 
0.050821 0.018867 0.226886 0.290027 0.413399 
0.019848 0.192196 0.641468 0.097131 0.049357 
0.007816 0.197449 0.005981 0.520888 0.267867 
0.634914 0.048413 0.285310 0.000174 0.031189 
0.215321 0.152688 0.000029 0.497600 0.134362 
0.001691 0.598440 0.233457 0.122376 0.044035 
0.006295 0.137502 0.376632 0.476211 0.003361 
0.380964 0.101036 0.051253 0.278489 0.188258 
0.151380 0.122894 0.076005 0.599549 0.050171 
0.019403 0.002735 0.369608 0.134877 0.473377 
0.447246 0.025472 0.130020 0.178886 0.218375 
0.016552 0.054677 0.886121 0.002372 0.040278 
0.095531 0.131007 0.742615 0.029547 0.001301 
0.267791 0.008558 0.328700 0.393616 0.001335 
0.070615 0.045260 0.737746 0.062926 0.083453 
0.146002 0.148777 0.089573 0.037181 0.578467 
0.424771 0.008939 0.285217 0.062562 0.218511 
0.000025 0.084612 0.488512 0.418446 0.008405 
0.070543 0.281511 0.009141 0.091339 0.547467 
0.030729 0.241371 0.486776 0.190612 0.050511 
0.076888 0.148119 0.348339 0.307322 0.119331 
0.019902 0.396420 0.234458 0.010793 0.338426 
0.000067 0.641770 0.084484 0.033814 0.239865 
0.011087 0.144969 0.308750 0.083534 0.451660 
0.000109 0.000778 0.824645 0.006104 0.168364 
0.308307 0.374881 0.010568 0.001137 0.305107 
0.045595 0.409850 0.000007 0.406345 0.138203 
0.022050 0.289622 0.423400 0.069548 0.195379 
0.065632 0.230316 0.000242 0.698741 0.005069 
0.693877 0.232497 0.015309 0.000165 0.058153 
0.086210 0.395794 0.261274 0.004257 0.252464 
0.001789 0.169663 0.083025 0.091384 0.654138 
0.065179 0.275255 0.330914 0.322134 0.006518 
0.108432 0.069152 0.635416 0.131501 0.055499 
0.239993 0.002332 0.445043 0.304024 0.008608 
0.049087 0.085376 0.787716 0.014641 0.063181 
0.123092 0.010546 0.647591 0.150775 0.067996 
0.077390 0.184738 0.510430 0.127662 0.099780 
0.083565 0.010418 0.090301 0.591706 0.224011 
0.015379 0.013099 0.828230 0.143025 0.000268 
0.079543 0.058363 0.800547 0.061412 0.000134 
0.155888 0.000712 0.040323 0.668534 0.134543 
0.321496 0.047981 0.551358 0.014109 0.065057 
0.558389 0.004413 0.319111 0.078769 0.039317 
0.013500 0.204974 0.074572 0.503806 0.203149 
0.002397 0.400113 0.252581 0.119752 0.225157 
0.000052 0.006285 0.893021 0.089451 0.011191 
0.163482 0.044892 0.048637 0.661831 0.081157 
0.036033 0.261917 0.028655 0.427231 0.246163 
0.120790 0.142646 0.019896 0.548703 0.167964 
0.191186 0.022983 0.020107 0.454063 0.311661 
0.049299 0.141509 0.701113 0.107039 0.001040 
0.066243 0.027173 0.881933 0.012228 0.012423 
0.009036 0.000990 0.358022 0.580977 0.050975 
0.102922 0.724263 0.027314 0.076183 0.069318 
0.041920 0.327164 0.211331 0.273253 0.146332 
0.057279 0.000104 0.554830 0.380123 0.007663 
0.040915 0.023657 0.501158 0.150228 0.284043 
0.075788 0.408928 0.436497 0.010135 0.068653 
0.118905 0.319978 0.080439 0.478350 0.002327 
0.035104 0.285712 0.058037 0.481451 0.139697 
0.440444 0.028895 0.000403 0.176840 0.353418 
0.382715 0.071187 0.026508 0.513344 0.006247 
0.219652 0.158816 0.621214 0.000052 0.000266 
0.066602 0.410481 0.364884 0.057723 0.100311 
0.286782 0.023924 0.082932 0.394983 0.211379 
0.005351 0.243238 0.174446 0.489951 0.087014 
0.000251 0.358807 0.311107 0.249365 0.080470 
0.125493 0.000572 0.262002 0.602346 0.009586 
0.019362 0.362113 0.171415 0.428898 0.018213 
0.002929 0.288688 0.056285 0.327054 0.325044 
0.039161 0.008375 0.868522 0.031322 0.052619 
0.000141 0.220790 0.462776 0.008884 0.307408 
0.011745 0.677237 0.005771 0.171490 0.133757 
0.035786 0.197078 0.030345 0.480628 0.256163 
0.114693 0.320708 0.013789 0.100624 0.450187 
0.026757 0.418056 0.229166 0.005048 0.320973 
0.001381 0.038461 0.330590 0.526191 0.103376 
0.048953 0.029746 0.416118 0.505061 0.000121 
0.010199 0.106270 0.846736 0.031393 0.005402 
0.174300 0.275510 0.324921 0.189502 0.035766 
0.029717 0.311499 0.597351 0.020759 0.040674 
0.004829 0.918629 0.010747 0.014494 0.051301 
0.008259 0.545758 0.095228 0.317626 0.033130 
0.087981 0.210505 0.167779 0.028223 0.505512 
0.001858 0.051156 0.088810 0.623209 0.234966 
0.012557 0.177788 0.404303 0.268588 0.136764 
0.013824 0.361407 0.447799 0.029191 0.147779 
0.013502 0.001871 0.657833 0.293174 0.033621 
0.111826 0.236898 0.498578 0.076875 0.075823 
0.000210 0.396828 0.302788 0.231472 0.068702 
0.179027 0.046121 0.166407 0.234389 0.374056 
0.006507 0.099247 0.626401 0.009984 0.257862 
0.030952 0.003946 0.835595 0.019614 0.109893 
0.049241 0.175403 0.509198 0.092693 0.173465 
0.068235 0.025160 0.313622 0.128796 0.464186 
0.285821 0.002648 0.413712 0.295086 0.002733 
0.074596 0.011995 0.572167 0.000374 0.340868 
0.059209 0.033579 0.456187 0.449767 0.001258 
0.007829 0.003519 0.099255 0.213910 0.675488 
0.013782 0.130004 0.175837 0.593619 0.086759 
0.002291 0.152899 0.261185 0.492324 0.091301 
0.000132 0.292493 0.560620 0.145790 0.000965 
0.002391 0.003464 0.599831 0.001236 0.393077 
0.085588 0.408521 0.322685 0.122380 0.060826 
0.027206 0.261236 0.508160 0.047843 0.155554 
0.025765 0.185413 0.088242 0.696932 0.003648 
0.008586 0.608115 0.092456 0.272137 0.018706 
0.462453 0.022628 0.013797 0.138484 0.362638 
0.000022 0.015764 0.659581 0.260833 0.063800 
0.047102 0.040212 0.804577 0.038473 0.069637 
0.028986 0.349321 0.012123 0.535964 0.073606 
0.166309 0.788821 0.000270 0.024713 0.019888 
0.001314 0.158688 0.009791 0.799754 0.030454 
0.149141 0.169558 0.005931 0.537632 0.137738 
0.520506 0.024694 0.144895 0.033375 0.276530 
0.295860 0.017098 0.378217 0.029577 0.279248 
0.151535 0.076881 0.038973 0.665782 0.066829 
0.032188 0.318731 0.194326 0.193590 0.261165 
0.005830 0.072625 0.734119 0.159381 0.028045 
0.001447 0.398638 0.000075 0.238604 0.361236 
0.012663 0.492865 0.048965 0.165402 0.280105 
0.150495 0.305657 0.017501 0.490758 0.035588 
0.000044 0.434283 0.161657 0.002297 0.401719 
0.002461 0.004325 0.774365 0.218658 0.000191 
0.005144 0.147954 0.155995 0.428340 0.262567 
0.179493 0.151541 0.658341 0.007528 0.003096 
0.002048 0.012921 0.082883 0.812729 0.089420 
0.036689 0.606937 0.068239 0.283314 0.004822 
0.210845 0.019384 0.017733 0.608619 0.143419 
0.038578 0.280353 0.123679 0.428886 0.128503 
0.095613 0.082593 0.058978 0.709905 0.052912 
0.000766 0.241652 0.094070 0.583627 0.079884 
0.280422 0.079811 0.013384 0.497318 0.129066 
0.342033 0.009406 0.000668 0.259356 0.388537 
0.001168 0.002250 0.456191 0.106997 0.433395 
0.001448 0.350456 0.248797 0.151316 0.247983 
0.056248 0.022892 0.002397 0.641073 0.277390 
0.067477 0.235965 0.683450 0.003888 0.009220 
0.063064 0.035394 0.667702 0.233814 0.000026 
0.041714 0.329467 0.261670 0.326300 0.040848 
0.002620 0.481055 0.188075 0.242248 0.086002 
0.000070 0.181809 0.358811 0.021905 0.437405 
0.085434 0.024745 0.005264 0.877824 0.006732 
0.022446 0.143717 0.802695 0.025487 0.005655 
0.039242 0.382353 0.002625 0.483209 0.092572 
0.027220 0.291498 0.544879 0.128951 0.007451 
0.007582 0.273853 0.052531 0.633527 0.032507 
0.004290 0.382080 0.040150 0.566154 0.007326 
0.000030 0.893727 0.038719 0.000130 0.067394 
0.207615 0.193515 0.004937 0.121499 0.472435 
0.000215 0.188954 0.363755 0.394778 0.052298 
0.000049 0.597830 0.074568 0.236206 0.091346 
0.021495 0.096262 0.434727 0.346026 0.101489 
0.013359 0.014566 0.564973 0.050575 0.356527 
0.184100 0.091993 0.000139 0.723328 0.000441 
0.004037 0.115921 0.191246 0.641674 0.047123 
0.006750 0.094084 0.308156 0.475658 0.115353 
0.267735 0.315295 0.098727 0.003865 0.314378 
0.022281 0.032234 0.715407 0.221651 0.008428 
0.008176 0.252901 0.055160 0.314084 0.369678 
0.232886 0.155815 0.256281 0.332930 0.022089 
0.011725 0.190123 0.537722 0.055965 0.204464 
0.132556 0.251880 0.120903 0.494225 0.000436 
0.086396 0.028129 0.196218 0.057599 0.631658 
0.012079 0.252287 0.209289 0.010420 0.515924 
0.087844 0.074940 0.668391 0.016056 0.152769 
0.145087 0.089103 0.285400 0.443599 0.036811 
0.002700 0.095788 0.619894 0.249363 0.032255 
0.064756 0.400999 0.000131 0.039423 0.494691 
0.000556 0.659632 0.080598 0.257334 0.001880 
0.003939 0.326000 0.025968 0.638435 0.005657 
0.242127 0.239732 0.203081 0.313540 0.001520 
0.037801 0.108405 0.748031 0.103686 0.002077 
0.224386 0.007223 0.656530 0.041964 0.069897 
0.000004 0.178345 0.006012 0.443671 0.371968 
0.434160 0.001452 0.003100 0.475380 0.085909 
0.118795 0.006974 0.185096 0.613345 0.075791 
0.003443 0.117836 0.122502 0.016512 0.739707 
0.070844 0.043439 0.160897 0.122276 0.602544 
0.000357 0.000110 0.575399 0.002644 0.421491 
0.011301 0.060866 0.381535 0.111133 0.435165 
0.030081 0.093754 0.204340 0.031171 0.640654 
0.003512 0.029859 0.218376 0.218518 0.529735 
0.174429 0.105388 0.005415 0.713340 0.001428 
0.000020 0.096432 0.218822 0.000067 0.684659 
0.040771 0.187250 0.308725 0.178240 0.285014 
0.000263 0.083967 0.193098 0.291900 0.430772 
0.029695 0.059013 0.099762 0.383964 0.427566 
0.009458 0.000002 0.028547 0.947701 0.014292 
0.012352 0.298523 0.100124 0.386199 0.202802 
0.092064 0.011549 0.232971 0.544862 0.118554 
0.126129 0.532138 0.138653 0.153518 0.049562 
0.023055 0.684889 0.014634 0.036816 0.240605 
0.042348 0.052696 0.502676 0.094406 0.307875 
0.076318 0.000054 0.639663 0.131214 0.152751 
0.041052 0.106435 0.142873 0.697773 0.011867 
0.020952 0.097162 0.763709 0.004390 0.113786 
0.012730 0.087092 0.790044 0.101839 0.008297 
0.057132 0.533264 0.098651 0.238190 0.072763 
0.103867 0.006316 0.309858 0.420384 0.159575 
0.060647 0.016569 0.303286 0.043109 0.576390 
0.060071 0.079726 0.007584 0.727237 0.125382 
0.073399 0.015092 0.155961 0.602218 0.153330 
0.162307 0.381985 0.013792 0.219806 0.222110 
0.265472 0.105096 0.026499 0.104289 0.498644 
0.000701 0.000015 0.305888 0.659599 0.033796 
0.004595 0.003941 0.060742 0.510513 0.420209 
0.211973 0.421619 0.263451 0.066201 0.036756 
0.058097 0.022326 0.652065 0.260765 0.006747 
0.081116 0.069000 0.068724 0.670773 0.110387 
0.054244 0.903036 0.000287 0.009667 0.032767 
0.006573 0.111197 0.003558 0.368943 0.509730 
0.386284 0.000919 0.193861 0.240391 0.178545 
0.000305 0.080472 0.190113 0.272919 0.456192 
0.005403 0.007290 0.207805 0.187846 0.591657 
0.034501 0.070926 0.739271 0.003215 0.152087 
0.078783 0.216143 0.682964 0.005158 0.016952 
0.029013 0.139028 0.000740 0.684795 0.146424 
0.124710 0.077025 0.108543 0.584631 0.105091 
0.081990 0.062734 0.042158 0.705810 0.107308 
0.114793 0.132537 0.061443 0.605794 0.085433 
0.000436 0.016750 0.381097 0.185800 0.415918 
0.003149 0.020056 0.971325 0.005195 0.000275 
0.199877 0.225768 0.185590 0.002162 0.386603 
0.068068 0.184512 0.005144 0.156719 0.585557 
0.084343 0.004457 0.111887 0.756669 0.042644 
0.088404 0.033319 0.604860 0.018926 0.254491 
0.199751 0.315841 0.061162 0.326968 0.096277 
0.024890 0.305535 0.636949 0.000025 0.032601 
0.001144 0.357188 0.047019 0.144426 0.450224 
0.025409 0.314753 0.127608 0.065145 0.467085 
0.071905 0.431394 0.114903 0.074904 0.306894 
0.046096 0.258345 0.167644 0.046917 0.480997 
0.036929 0.005052 0.918253 0.017748 0.022017 
0.009005 0.000323 0.946698 0.043406 0.000568 
0.093903 0.223216 0.434490 0.000065 0.248326 
0.053350 0.219049 0.341759 0.007177 0.378665 
0.036346 0.000074 0.957415 0.006078 0.000087 
0.019320 0.074095 0.558531 0.051055 0.296999 
0.127211 0.002658 0.701685 0.021488 0.146958 
0.004746 0.163972 0.267900 0.544113 0.019269 
0.006450 0.220390 0.217944 0.074968 0.480247 
0.068801 0.105006 0.764465 0.025607 0.036121 
0.021169 0.025943 0.632399 0.318378 0.002110 
0.000117 0.718813 0.181743 0.092432 0.006895 
0.076638 0.387679 0.393910 0.005307 0.136467 
0.262892 0.460148 0.103880 0.130498 0.042581 
0.292387 0.051711 0.243811 0.401610 0.010480 
0.001327 0.301485 0.311332 0.249891 0.135965 
0.294274 0.012400 0.349155 0.117540 0.226632 
0.170518 0.571291 0.197064 0.009202 0.051925 
0.082791 0.444463 0.003841 0.467538 0.001368 
0.079097 0.843406 0.048872 0.013584 0.015039 
0.029859 0.003573 0.540226 0.262287 0.164055 
0.161491 0.002706 0.812394 0.009038 0.014371 
0.021898 0.139067 0.687547 0.151202 0.000286 
0.064939 0.861274 0.068493 0.000099 0.005195 
0.071193 0.113753 0.204893 0.602018 0.008142 
0.000051 0.388453 0.344935 0.265042 0.001519 
0.012692 0.032001 0.678347 0.201617 0.075343 
0.003391 0.022573 0.708657 0.229007 0.036373 
0.129481 0.256410 0.249585 0.000001 0.364523 
0.008680 0.145423 0.718898 0.087180 0.039819 
0.087926 0.742903 0.000002 0.001189 0.167979 
0.000275 0.023011 0.040982 0.935038 0.000693 
0.015208 0.028097 0.827040 0.107402 0.022253 
0.011247 0.174874 0.022645 0.769587 0.021648 
0.045219 0.116425 0.650615 0.186395 0.001346 
0.126101 0.259376 0.380362 0.234007 0.000154 
0.144099 0.283452 0.341673 0.229825 0.000952 
0.001471 0.176632 0.000533 0.779474 0.041890 
0.001208 0.017333 0.959278 0.000518 0.021663 
0.013467 0.530212 0.000439 0.240418 0.215464 
0.002171 0.103753 0.531529 0.001837 0.360710 
0.000534 0.047065 0.025164 0.013197 0.914040 
0.120666 0.555863 0.044073 0.144361 0.135037 
0.028460 0.175179 0.734195 0.044703 0.017464 
0.293693 0.001309 0.416113 0.121005 0.167879 
0.038573 0.100420 0.611551 0.166946 0.082510 
0.064686 0.078394 0.419733 0.000209 0.436978 
0.001604 0.296119 0.350598 0.008135 0.343544 
0.053858 0.469431 0.197879 0.087699 0.191133 
0.253781 0.054255 0.225759 0.445543 0.020661 
0.045228 0.000010 0.005670 0.605424 0.343668 
0.012174 0.326634 0.572598 0.023160 0.065434 
0.106957 0.029404 0.080448 0.731646 0.051545 
0.076112 0.110438 0.401111 0.385030 0.027309 
0.138404 0.030077 0.000038 0.582092 0.249389 
0.082994 0.331162 0.448038 0.088018 0.049788 
0.216753 0.077688 0.487968 0.034800 0.182791 
0.009846 0.557670 0.175719 0.237964 0.018801 
0.013161 0.007144 0.600736 0.098057 0.280902 
0.024847 0.338608 0.141599 0.007508 0.487438 
0.092970 0.092191 0.035501 0.524191 0.255147 
0.076400 0.611478 0.211141 0.100768 0.000213 
0.013969 0.134127 0.260905 0.227533 0.363467 
0.177905 0.047093 0.130667 0.611214 0.033121 
0.086481 0.000012 0.428651 0.441878 0.042979 
0.003953 0.002069 0.257939 0.459744 0.276294 
0.103249 0.326868 0.003392 0.444148 0.122342 
0.150070 0.506387 0.110620 0.218824 0.014099 
0.000002 0.432349 0.274803 0.054605 0.238240 
0.076717 0.353984 0.017070 0.423610 0.128618 
0.003608 0.141357 0.241137 0.579888 0.034010 
0.044281 0.005937 0.588456 0.226076 0.135251 
0.005499 0.042511 0.116846 0.787104 0.048041 
0.182865 0.067461 0.215984 0.003207 0.530484 
0.123981 0.108443 0.009755 0.693605 0.064217 
0.257194 0.478551 0.151048 0.000500 0.112707 
0.011513 0.092982 0.340072 0.324916 0.230517 
0.081677 0.084006 0.073807 0.015774 0.744736 
0.001723 0.317800 0.023486 0.259695 0.397296 
0.267653 0.054405 0.142777 0.476041 0.059124 
0.017428 0.122724 0.001880 0.054314 0.803654 
0.276404 0.058101 0.571228 0.052124 0.042143 
0.081124 0.198396 0.611236 0.013326 0.095918 
0.489776 0.004380 0.270949 0.141005 0.093891 
0.392331 0.010778 0.593334 0.000445 0.003112 
0.068912 0.029359 0.188333 0.481727 0.231670 
0.456533 0.269761 0.017080 0.059061 0.197566 
0.271933 0.526743 0.164411 0.000235 0.036678 
0.084495 0.109614 0.025675 0.012901 0.767315 
0.130313 0.062959 0.733912 0.069241 0.003575 
0.019604 0.177543 0.355050 0.188735 0.259068 
0.344618 0.059240 0.142117 0.090180 0.363845 
0.004614 0.360394 0.383913 0.247554 0.003526 
0.040532 0.136707 0.470454 0.220344 0.131964 
0.115829 0.300649 0.559611 0.001161 0.022750 
0.106917 0.697761 0.000562 0.000024 0.194735 
0.011797 0.420758 0.020073 0.533567 0.013805 
0.075868 0.513294 0.124961 0.095771 0.190105 
0.006774 0.039281 0.416733 0.329289 0.207923 
0.056466 0.144214 0.523889 0.068095 0.207336 
0.017376 0.665722 0.000444 0.260406 0.056051 
0.030893 0.019056 0.158651 0.708464 0.082937 
0.053629 0.044949 0.670748 0.000000 0.230674 
0.079627 0.033593 0.464473 0.380742 0.041565 
0.010994 0.381060 0.102631 0.137589 0.367726 
0.255160 0.180697 0.345250 0.138803 0.080089 
0.108482 0.236783 0.529524 0.034676 0.090535 
0.403261 0.002628 0.375533 0.218183 0.000395 
0.019797 0.273932 0.167745 0.333611 0.204915 
0.043356 0.510419 0.000276 0.433940 0.012009 
0.048881 0.006010 0.410561 0.507250 0.027298 
0.058197 0.344155 0.182004 0.402851 0.012793 
0.022487 0.175597 0.066301 0.490185 0.245430 
0.002186 0.195927 0.739671 0.052612 0.009604 
0.019761 0.000149 0.177529 0.199321 0.603241 
0.004316 0.323317 0.567670 0.103262 0.001435 
0.016806 0.022669 0.109314 0.851166 0.000045 
0.113339 0.152659 0.389940 0.004746 0.339316 
0.169678 0.049949 0.075739 0.503645 0.200988 
0.111563 0.114244 0.147587 0.558433 0.068173 
0.000268 0.166038 0.004970 0.818608 0.010116 
0.126726 0.052921 0.175087 0.641953 0.003313 
0.110057 0.192189 0.218195 0.471820 0.007739 
0.096452 0.000200 0.009984 0.736411 0.156953 
0.065113 0.064434 0.530230 0.326744 0.013479 
0.012459 0.346549 0.353290 0.268977 0.018724 
0.094013 0.019654 0.872524 0.013797 0.000012 
0.003631 0.101643 0.121547 0.697922 0.075257 
0.143683 0.152880 0.577160 0.126269 0.000008 
0.002129 0.026861 0.243552 0.577006 0.150452 
0.067460 0.056735 0.549672 0.071572 0.254561 
0.035603 0.684443 0.012623 0.144426 0.122906 
0.252280 0.035737 0.011698 0.497618 0.202666 
0.073796 0.006580 0.012592 0.905895 0.001136 
0.014830 0.008500 0.703109 0.091879 0.181681 
0.148969 0.080579 0.709787 0.060600 0.000066 
0.155557 0.002730 0.533464 0.273264 0.034985 
0.002565 0.034598 0.553636 0.377608 0.031594 
0.000019 0.329704 0.066833 0.153756 0.449688 
0.003561 0.002887 0.023065 0.398294 0.572193 
0.003173 0.187944 0.319227 0.354695 0.134961 
0.075871 0.076118 0.563915 0.265205 0.018892 
0.151921 0.052722 0.013423 0.387246 0.394688 
0.099486 0.111434 0.124044 0.658548 0.006488 
0.215527 0.348899 0.034470 0.375890 0.025214 
0.108538 0.026002 0.625677 0.089929 0.149854 
0.062534 0.075416 0.748441 0.110860 0.002750 
0.396948 0.120092 0.294808 0.119857 0.068295 
0.131228 0.055762 0.005111 0.437784 0.370114 
0.083381 0.000492 0.453499 0.393474 0.069154 
0.005307 0.182784 0.055062 0.604568 0.152280 
0.105111 0.042309 0.111051 0.694078 0.047451 
0.043265 0.041085 0.086670 0.177764 0.651216 
0.033879 0.042422 0.159590 0.758680 0.005428 
0.114527 0.090558 0.025052 0.768892 0.000971 
0.001710 0.037340 0.129191 0.369211 0.462548 
0.002622 0.043903 0.447691 0.185584 0.320200 
0.019152 0.045762 0.662711 0.192884 0.079491 
0.113957 0.662898 0.000006 0.161086 0.062055 
0.186572 0.081740 0.456542 0.053298 0.221848 
0.032200 0.175390 0.061002 0.478090 0.253317 
0.000741 0.320306 0.000000 0.677692 0.001261 
0.120653 0.000070 0.025800 0.353304 0.500173 
0.000278 0.252290 0.009254 0.696781 0.041397 
0.058572 0.024407 0.050902 0.015208 0.850911 
0.001078 0.040768 0.763228 0.169385 0.025541 
0.011190 0.089202 0.143423 0.062167 0.694018 
0.111839 0.217463 0.004822 0.208431 0.457444 
0.000102 0.303728 0.439502 0.089189 0.167479 
0.063613 0.010871 0.571162 0.130361 0.223992 
0.105292 0.453255 0.006447 0.342273 0.092734 
0.000179 0.084539 0.164053 0.557654 0.193574 
0.010166 0.000653 0.321445 0.642514 0.025222 
0.003337 0.000695 0.580452 0.039518 0.375998 
0.000977 0.054664 0.091257 0.806287 0.046815 
0.098857 0.065682 0.414934 0.094704 0.325823 
0.132474 0.155816 0.222077 0.052006 0.437627 
0.059422 0.529180 0.019947 0.259741 0.131709 
0.036276 0.295827 0.055706 0.092224 0.519967 
0.065504 0.054596 0.095551 0.579284 0.205065 
0.026731 0.003427 0.443991 0.306785 0.219066 
0.006556 0.077891 0.772669 0.014585 0.128299 
0.118672 0.002218 0.799988 0.029843 0.049278 
0.119783 0.002774 0.106435 0.658346 0.112662 
0.043254 0.017305 0.619893 0.214679 0.104869 
0.107394 0.009586 0.192279 0.086669 0.604072 
0.024274 0.023992 0.356250 0.294093 0.301391 
0.012635 0.038889 0.238416 0.329925 0.380134 
0.001269 0.014144 0.523670 0.256004 0.204912 
0.062616 0.354006 0.175492 0.325058 0.082828 
0.032808 0.085895 0.032057 0.663851 0.185389 
0.001784 0.413935 0.119152 0.465103 0.000025 
0.000006 0.169156 0.589343 0.035706 0.205788 
0.012433 0.265731 0.134115 0.468318 0.119403 
0.420017 0.034854 0.523882 0.016060 0.005187 
0.373463 0.117499 0.363026 0.060265 0.085746 
0.037603 0.243676 0.031265 0.461698 0.225758 
0.158090 0.000211 0.529845 0.048066 0.263789 
0.014257 0.428741 0.019676 0.536303 0.001024 
0.068764 0.014319 0.309504 0.363175 0.244237 
0.181884 0.034811 0.159311 0.581254 0.042740 
0.061749 0.212422 0.246212 0.471272 0.008345 
0.050411 0.032678 0.156869 0.447301 0.312742 
0.018546 0.013057 0.579041 0.073148 0.316208 
0.437128 0.060929 0.328594 0.156663 0.016688 
0.014829 0.041704 0.074309 0.388972 0.480187 
0.009898 0.048646 0.048689 0.373804 0.518963 
0.266168 0.078635 0.623189 0.004814 0.027194 
0.157473 0.077421 0.035621 0.729000 0.000485 
0.000048 0.074085 0.241077 0.009682 0.675108 
0.060447 0.035926 0.336169 0.050872 0.516586 
0.001542 0.100289 0.013715 0.244799 0.639655 
0.017700 0.369159 0.111583 0.447450 0.054109 
0.247486 0.005812 0.206109 0.265785 0.274808 
0.049321 0.019980 0.828432 0.023661 0.078606 
0.058808 0.104923 0.165731 0.000361 0.670176 
0.000119 0.123206 0.000021 0.126074 0.750581 
0.189869 0.253641 0.161534 0.372713 0.022242 
0.010053 0.080044 0.557529 0.312199 0.040174 
0.103182 0.028606 0.754218 0.042513 0.071481 
0.007007 0.688426 0.007004 0.082710 0.214853 
0.009891 0.430624 0.254903 0.210069 0.094513 
0.154215 0.171257 0.216250 0.410579 0.047698 
0.107762 0.016644 0.000041 0.441548 0.434006 
0.055378 0.214444 0.354577 0.094053 0.281548 
0.020085 0.133427 0.028726 0.118223 0.699539 
0.004872 0.271385 0.458184 0.105570 0.159989 
0.011356 0.137835 0.397920 0.141234 0.311655 
0.019712 0.001559 0.209706 0.196589 0.572434 
0.049982 0.343786 0.143999 0.302261 0.159972 
0.007939 0.116397 0.158594 0.717065 0.000006 
0.646819 0.038885 0.005102 0.303372 0.005822 
0.053766 0.351467 0.033447 0.552539 0.008782 
0.504089 0.084029 0.104057 0.305970 0.001855 
0.009196 0.002224 0.568286 0.258650 0.161644 
0.009368 0.071656 0.333154 0.539376 0.046446 
0.015666 0.636188 0.077253 0.128957 0.141936 
0.216966 0.272872 0.440383 0.020932 0.048845 
0.189729 0.019813 0.149209 0.000347 0.640902 
0.001228 0.506109 0.043540 0.409245 0.039879 
0.029681 0.494464 0.104435 0.370681 0.000739 
0.045366 0.003454 0.482844 0.263339 0.204997 
0.470062 0.005264 0.455448 0.068586 0.000640 
0.029110 0.045192 0.004638 0.731074 0.189987 
0.005544 0.008774 0.331011 0.497380 0.157292 
0.184250 0.137518 0.041601 0.056123 0.580508 
0.331237 0.016779 0.568750 0.080155 0.003079 
0.005641 0.010333 0.125315 0.009742 0.848969 
0.000343 0.324798 0.382299 0.001085 0.291475 
0.007782 0.564370 0.307633 0.118346 0.001870 
0.011066 0.389439 0.156671 0.000577 0.442247 
0.010719 0.750464 0.094175 0.099265 0.045377 
0.000008 0.218247 0.193894 0.025577 0.562273 
0.004494 0.030369 0.029428 0.765470 0.170238 
0.177072 0.000599 0.418300 0.061587 0.342441 
0.034734 0.000138 0.191230 0.002496 0.771402 
0.020720 0.041988 0.693323 0.026712 0.217257 
0.014588 0.358457 0.050020 0.539725 0.037210 
0.245508 0.036830 0.701883 0.000046 0.015733 
0.004573 0.057393 0.031811 0.870485 0.035738 
0.015302 0.026651 0.236827 0.600084 0.121135 
0.096660 0.203471 0.056057 0.512848 0.130965 
0.124702 0.002314 0.039259 0.459336 0.374389 
0.165800 0.103842 0.678384 0.023186 0.028789 
0.002799 0.645034 0.091629 0.233223 0.027316 
0.000067 0.038474 0.233992 0.671515 0.055952 
0.008232 0.625588 0.136675 0.002702 0.226803 
0.000507 0.088821 0.223790 0.602983 0.083899 
0.000495 0.016167 0.487644 0.434456 0.061237 
0.194050 0.194431 0.024541 0.002854 0.584124 
0.014922 0.002032 0.459104 0.370923 0.153020 
0.031521 0.062081 0.787534 0.050962 0.067903 
0.001286 0.381681 0.002123 0.016072 0.598838 
0.039600 0.399766 0.259644 0.285673 0.015317 
0.002108 0.018569 0.560673 0.405956 0.012694 
0.242956 0.028596 0.295270 0.188059 0.245119 
0.033534 0.006581 0.570010 0.057693 0.332182 
0.176877 0.351813 0.283123 0.091493 0.096693 
0.104701 0.549992 0.148160 0.185409 0.011738 
0.113607 0.008461 0.389510 0.473621 0.014801 
0.001115 0.095245 0.752167 0.034922 0.116552 
0.001941 0.027022 0.329173 0.568131 0.073732 
0.517008 0.004776 0.008738 0.462452 0.007027 
0.214130 0.073269 0.091501 0.000069 0.621031 
0.056012 0.068402 0.246730 0.510588 0.118268 
0.040157 0.000506 0.887856 0.008038 0.063444 
0.000146 0.448199 0.091195 0.460411 0.000048 
0.249106 0.031434 0.203291 0.476283 0.039886 
0.168076 0.331822 0.006741 0.205675 0.287686 
0.004971 0.011697 0.680219 0.000087 0.303026 
0.232181 0.017468 0.416509 0.261029 0.072813 
0.063598 0.198496 0.353195 0.362761 0.021949 
0.043376 0.135778 0.665057 0.018664 0.137126 
0.019513 0.089965 0.003680 0.221899 0.664943 
0.044653 0.670619 0.173486 0.089704 0.021537 
0.149420 0.103452 0.453393 0.204134 0.089602 
0.523097 0.252499 0.073184 0.147831 0.003388 
0.145313 0.038224 0.557428 0.100297 0.158737 
0.034257 0.115346 0.735030 0.101224 0.014142 
0.015370 0.033127 0.133570 0.015535 0.802398 
0.030608 0.287436 0.320269 0.203707 0.157981 
0.004940 0.092691 0.664613 0.225776 0.011980 
0.000012 0.088904 0.440899 0.415795 0.054389 
0.042060 0.512218 0.131696 0.257848 0.056179 
0.129514 0.375900 0.006095 0.465561 0.022930 
0.000150 0.039565 0.241654 0.530157 0.188474 
0.050633 0.249272 0.051961 0.606461 0.041672 
0.006970 0.815928 0.140100 0.003890 0.033111 
0.040281 0.628410 0.002603 0.287814 0.040892 
0.040075 0.666468 0.288903 0.004139 0.000416 
0.039873 0.005991 0.021165 0.000110 0.932861 
0.002225 0.431267 0.082067 0.335831 0.148611 
0.073617 0.172907 0.001470 0.722179 0.029828 
0.018527 0.102243 0.114689 0.602352 0.162188 
0.004407 0.008464 0.049104 0.932605 0.005420 
0.008012 0.127231 0.047162 0.686089 0.131506 
0.024543 0.697782 0.000032 0.134882 0.142761 
0.021178 0.121524 0.056956 0.488106 0.312236 
0.090057 0.339387 0.002557 0.428856 0.139144 
0.118985 0.257594 0.363012 0.260238 0.000171 
0.035219 0.272005 0.054944 0.353332 0.284499 
0.024366 0.191460 0.439048 0.049379 0.295746 
0.021633 0.093339 0.248584 0.497481 0.138962 
0.066376 0.365261 0.002025 0.092232 0.474106 
0.099771 0.022788 0.186082 0.396668 0.294690 
0.078792 0.258721 0.024342 0.452044 0.186101 
0.004212 0.126224 0.415832 0.270015 0.183717 
0.059824 0.526651 0.259804 0.025710 0.128011 
0.004674 0.134975 0.069960 0.075848 0.714542 
0.365474 0.005644 0.206799 0.014047 0.408037 
0.065398 0.255267 0.028016 0.191626 0.459692 
0.032617 0.089919 0.093967 0.776901 0.006596 
0.216653 0.711057 0.035156 0.028286 0.008848 
0.007247 0.115246 0.016725 0.249396 0.611386 
0.052249 0.725469 0.104282 0.107369 0.010631 
0.001671 0.030695 0.711510 0.111561 0.144563 
0.003251 0.826192 0.003155 0.097983 0.069419 
0.084341 0.150750 0.000011 0.429915 0.334982 
0.001239 0.250443 0.120091 0.522143 0.106085 
0.002758 0.149762 0.174336 0.611068 0.062076 
0.025725 0.290736 0.394008 0.000835 0.288696 
0.025428 0.042940 0.352456 0.545557 0.033620 
0.000000 0.254034 0.242415 0.296543 0.207009 
0.132933 0.465670 0.017572 0.211538 0.172287 
0.061892 0.711740 0.001313 0.019457 0.205597 
0.022084 0.024943 0.657517 0.291112 0.004345 
0.001531 0.019903 0.974651 0.003070 0.000846 
0.113832 0.015509 0.761363 0.025535 0.083761 
0.001888 0.884516 0.033377 0.031076 0.049143 
0.006876 0.767027 0.082055 0.127179 0.016863 
0.031109 0.536363 0.051189 0.177224 0.204115 
0.458057 0.165187 0.006845 0.368670 0.001241 
0.002857 0.527312 0.318133 0.146255 0.005443 
0.200514 0.024902 0.005432 0.037830 0.731322 
0.030608 0.160016 0.104784 0.000029 0.704562 
0.004784 0.238969 0.284591 0.421491 0.050165 
0.000873 0.274668 0.499865 0.159685 0.064910 
0.003615 0.366151 0.223138 0.040256 0.366840 
0.102100 0.047546 0.394972 0.341381 0.114002 
0.000678 0.000403 0.555510 0.077084 0.366326 
0.032041 0.057792 0.514971 0.280022 0.115173 
0.219598 0.015598 0.249601 0.490685 0.024518 
0.119665 0.238531 0.063503 0.079613 0.498688 
0.010898 0.479900 0.197925 0.270467 0.040810 
0.272416 0.074459 0.561118 0.010191 0.081817 
0.060381 0.032871 0.509652 0.116322 0.280774 
0.088420 0.037899 0.412992 0.217034 0.243656 
0.210039 0.015134 0.211811 0.000435 0.562581 
0.078936 0.346221 0.013203 0.400381 0.161260 
0.001064 0.008737 0.795891 0.183941 0.010367 
0.319923 0.555245 0.000325 0.056558 0.067949 
0.018284 0.655233 0.058318 0.096676 0.171488 
0.052853 0.025617 0.172302 0.504424 0.244803 
0.005324 0.075492 0.637071 0.057462 0.224651 
0.001427 0.012674 0.474844 0.212720 0.298335 
0.002366 0.044948 0.238754 0.570785 0.143147 
0.016726 0.004086 0.345498 0.526463 0.107227 
0.003316 0.003754 0.228035 0.733161 0.031734 
0.056413 0.012430 0.160388 0.699952 0.070817 
0.152391 0.267344 0.331717 0.004713 0.243835 
0.112161 0.003338 0.798005 0.060300 0.026197 
0.003694 0.292984 0.145076 0.453084 0.105163 
0.067224 0.150790 0.199053 0.373167 0.209766 
0.002723 0.009607 0.056634 0.522587 0.408448 
0.011830 0.423942 0.114634 0.159885 0.289709 
0.009760 0.598175 0.226738 0.113638 0.051690 
0.001231 0.449441 0.106110 0.002902 0.440316 
0.130280 0.012878 0.408938 0.131751 0.316154 
0.048937 0.013496 0.298157 0.327508 0.311902 
0.021523 0.005050 0.928577 0.044097 0.000753 
0.025233 0.932526 0.041199 0.000621 0.000421 
0.035309 0.034209 0.184624 0.380915 0.364943 
0.094107 0.855006 0.000270 0.030429 0.020188 
0.008984 0.010218 0.004536 0.921807 0.054455 
0.039688 0.678397 0.201803 0.078832 0.001279 
0.074878 0.120680 0.208358 0.089691 0.506394 
0.051561 0.028363 0.066506 0.791102 0.062467 
0.001752 0.076238 0.063565 0.285480 0.572966 
0.015012 0.075518 0.000555 0.887749 0.021166 
0.065020 0.114127 0.710407 0.082027 0.028419 
0.027816 0.006008 0.000307 0.867304 0.098564 
0.019906 0.182402 0.095371 0.584593 0.117727 
0.234009 0.012851 0.414667 0.219194 0.119279 
0.179226 0.085113 0.606697 0.022791 0.106173 
0.000284 0.652562 0.113217 0.174358 0.059579 
0.215786 0.003107 0.203907 0.343158 0.234042 
0.217294 0.000024 0.181689 0.388889 0.212104 
0.017417 0.115705 0.089023 0.117041 0.660814 
0.007773 0.115050 0.041055 0.135229 0.700892 
0.243833 0.000018 0.479495 0.272313 0.004341 
0.000116 0.114257 0.020317 0.166741 0.698568 
0.017307 0.270392 0.000420 0.311713 0.400168 
0.000488 0.034289 0.098176 0.798929 0.068117 
0.152111 0.000012 0.309639 0.255785 0.282453 
0.011847 0.037100 0.450468 0.496735 0.003849 
0.079776 0.243404 0.103544 0.355423 0.217852 
0.039839 0.028700 0.001109 0.657184 0.273168 
0.270703 0.142237 0.194312 0.178097 0.214651 
0.019236 0.086248 0.888141 0.003622 0.002753 
0.086353 0.155687 0.634438 0.002727 0.120795 
0.025067 0.553970 0.114657 0.302043 0.004264 
0.006553 0.222803 0.075094 0.683214 0.012336 
0.003086 0.065914 0.806522 0.022961 0.101517 
0.030679 0.055689 0.476736 0.272991 0.163904 
0.023335 0.315353 0.577640 0.050618 0.033053 
0.060543 0.061646 0.000004 0.772235 0.105572 
0.013099 0.000190 0.007038 0.714165 0.265509 
0.017216 0.097413 0.664710 0.219721 0.000940 
0.010446 0.044518 0.168109 0.400378 0.376549 
0.004121 0.173046 0.435211 0.337834 0.049788 
0.007971 0.681069 0.082601 0.194195 0.034164 
0.034810 0.094709 0.076150 0.738992 0.055337 
0.003139 0.321785 0.242192 0.002272 0.430613 
0.011222 0.246778 0.659840 0.073628 0.008532 
0.022042 0.097040 0.338880 0.502971 0.039067 
0.090745 0.145747 0.676874 0.065395 0.021239 
0.018233 0.299904 0.145567 0.465605 0.070691 
0.224321 0.058445 0.480805 0.049702 0.186727 
0.000004 0.007835 0.141728 0.623540 0.226893 
0.096831 0.014303 0.697794 0.154249 0.036822 
0.009010 0.049823 0.192836 0.652083 0.096247 
0.002681 0.256967 0.043478 0.558824 0.138051 
0.035309 0.034209 0.184624 0.380915 0.364943 
0.001729 0.001800 0.350161 0.465071 0.181239 
0.131531 0.352070 0.002744 0.510736 0.002920 
0.110317 0.178318 0.050921 0.646605 0.013839 
0.000006 0.146017 0.122736 0.404384 0.326856 
0.031334 0.523128 0.049541 0.214665 0.181332 
0.175489 0.068666 0.022043 0.676026 0.057775 
0.027300 0.113175 0.229241 0.389315 0.240970 
0.001533 0.321758 0.002518 0.232788 0.441404 
0.065272 0.233957 0.198940 0.494555 0.007276 
0.025028 0.154618 0.002755 0.089390 0.728208 
0.095416 0.150374 0.184133 0.075113 0.494964 
0.274373 0.006526 0.000262 0.688286 0.030553 
0.265293 0.203175 0.065872 0.460831 0.004830 
0.004234 0.393254 0.005807 0.539454 0.057250 
0.022688 0.007241 0.748420 0.009325 0.212326 
0.041993 0.482907 0.000891 0.041116 0.433093 
0.009522 0.067462 0.379036 0.390452 0.153527 
0.048163 0.013799 0.148676 0.584971 0.204391 
0.266561 0.056725 0.578919 0.013933 0.083862 
0.070771 0.060211 0.024795 0.004090 0.840132 
0.012353 0.012458 0.033603 0.926532 0.015054 
0.017277 0.484345 0.019401 0.026934 0.452043 
0.500960 0.004031 0.005792 0.109238 0.379979 
0.412931 0.142706 0.396164 0.043758 0.004441 
0.006595 0.647941 0.003770 0.263631 0.078063 
0.254059 0.094258 0.173420 0.375073 0.103189 
0.188698 0.211723 0.323277 0.129743 0.146559 
0.306893 0.002332 0.055480 0.031715 0.603580 
0.238974 0.042523 0.007346 0.681144 0.030012 
0.102863 0.062070 0.017317 0.813498 0.004252 
0.062777 0.053820 0.484173 0.164372 0.234858 
0.202867 0.016300 0.102118 0.530947 0.147768 
0.207038 0.205124 0.159726 0.392572 0.035540 
0.119786 0.106140 0.562303 0.000922 0.210849 
0.265734 0.314327 0.313236 0.047472 0.059230 
0.083260 0.000246 0.257824 0.014135 0.644535 
0.035694 0.011984 0.318175 0.017446 0.616701 
0.103961 0.236085 0.362060 0.054575 0.243320 
0.031548 0.180250 0.016216 0.751572 0.020414 
0.040177 0.060428 0.817533 0.028587 0.053275 
0.015587 0.021745 0.290639 0.661198 0.010832 
0.113800 0.033203 0.155947 0.034603 0.662448 
0.359854 0.107073 0.070197 0.378365 0.084511 
0.177800 0.744494 0.010701 0.061728 0.005277 
0.007436 0.583704 0.060815 0.348043 0.000002 
0.021673 0.396612 0.036735 0.544491 0.000488 
0.034701 0.485867 0.271457 0.073576 0.134399 
0.077797 0.215233 0.228475 0.476243 0.002252 
0.027199 0.701306 0.128445 0.105776 0.037275 
0.088193 0.170677 0.042394 0.274455 0.424281 
0.135722 0.706835 0.005301 0.074753 0.077390 
0.130286 0.000000 0.567302 0.004082 0.298330 
0.007262 0.477301 0.120754 0.338429 0.056254 
0.068775 0.235229 0.102053 0.590473 0.003470 
0.040276 0.122015 0.102991 0.621124 0.113594 
0.132443 0.776647 0.015060 0.024798 0.051052 
0.218682 0.307556 0.349023 0.044129 0.080610 
0.563574 0.000279 0.175780 0.002366 0.258001 
0.174488 0.265528 0.000022 0.525716 0.034247 
0.104419 0.790901 0.001126 0.042635 0.060919 
0.033225 0.855664 0.002522 0.010214 0.098375 
0.006026 0.078507 0.228118 0.622135 0.065214 
0.004639 0.000112 0.654415 0.254021 0.086813 
0.068823 0.280179 0.581583 0.024075 0.045340 
0.001121 0.055668 0.220727 0.146349 0.576135 
0.000022 0.484154 0.048423 0.054478 0.412922 
0.098771 0.503878 0.389742 0.000008 0.007601 
0.055850 0.361788 0.018093 0.516840 0.047429 
0.009625 0.291544 0.054653 0.294819 0.349360 
0.532838 0.172371 0.089022 0.169599 0.036171 
0.048996 0.010206 0.019627 0.411462 0.509708 
0.000049 0.765299 0.032356 0.006481 0.195814 
0.012382 0.428491 0.384516 0.125863 0.048748 
0.050723 0.515687 0.207638 0.001300 0.224652 
0.030529 0.023606 0.079805 0.181576 0.684485 
0.022383 0.209096 0.597536 0.166944 0.004041 
0.211839 0.087751 0.031250 0.509153 0.160008 
0.039787 0.108675 0.670946 0.117584 0.063008 
0.105919 0.027335 0.084465 0.605665 0.176616 
0.009846 0.377560 0.000226 0.203420 0.408948 
0.000038 0.228974 0.463371 0.271448 0.036169 
0.227678 0.195621 0.361752 0.008259 0.206690 
0.294129 0.266015 0.384050 0.053901 0.001905 
0.083213 0.043742 0.635931 0.060750 0.176364 
0.153015 0.077004 0.191803 0.571612 0.006567 
0.204816 0.045691 0.064360 0.622671 0.062462 
0.018088 0.458891 0.105062 0.375612 0.042346 
0.022916 0.226280 0.012160 0.733803 0.004841 
0.436694 0.004197 0.335417 0.206123 0.017568 
0.016759 0.364235 0.170227 0.444374 0.004405 
0.363500 0.019520 0.246174 0.319351 0.051455 
0.071656 0.327555 0.514931 0.083228 0.002631 
0.008362 0.187835 0.550389 0.155887 0.097527 
0.137231 0.114857 0.304629 0.066501 0.376782 
0.069655 0.283388 0.083087 0.065058 0.498812 
0.384100 0.118502 0.279913 0.214484 0.003000 
0.002803 0.231630 0.115024 0.163342 0.487201 
0.058508 0.024092 0.774544 0.142678 0.000178 
0.024845 0.364396 0.074855 0.256923 0.278981 
0.043668 0.045123 0.309861 0.122069 0.479279 
0.006028 0.094210 0.375674 0.005884 0.518203 
0.031609 0.046492 0.451195 0.024279 0.446426 
0.065351 0.054869 0.410173 0.093618 0.375989 
0.097360 0.095522 0.328240 0.074917 0.403960 
0.026886 0.170794 0.391454 0.000020 0.410846 
0.067277 0.035194 0.721768 0.027208 0.148553 
0.001208 0.172184 0.141889 0.076510 0.608210 
0.007182 0.068816 0.144216 0.249723 0.530063 
0.050107 0.072230 0.276362 0.136085 0.465216 
0.089484 0.062691 0.239865 0.204183 0.403778 
0.010667 0.006029 0.364949 0.149393 0.468962 
0.027773 0.030469 0.242946 0.288604 0.410208 
0.002248 0.160219 0.264076 0.016230 0.557227 
0.006755 0.025130 0.264729 0.242817 0.460569 
0.013601 0.058616 0.158511 0.300773 0.468498 
0.051012 0.079959 0.238770 0.134617 0.495642 
0.035366 0.099365 0.169228 0.128548 0.567493 
0.019797 0.157036 0.000053 0.643972 0.179142 
0.001831 0.077172 0.111124 0.200656 0.609217 
0.017280 0.081456 0.469532 0.214748 0.216984 
0.004273 0.622847 0.062895 0.305712 0.004274 
0.002612 0.023113 0.471479 0.418128 0.084668 
0.038228 0.426606 0.352642 0.065688 0.116836 
0.010857 0.371742 0.386952 0.048393 0.182057 
0.035304 0.016421 0.069106 0.744038 0.135131 
0.059374 0.209792 0.302664 0.001065 0.427104 
0.394880 0.080179 0.118350 0.027610 0.378981 
0.022335 0.397371 0.178572 0.008672 0.393051 
0.020733 0.000901 0.000036 0.848078 0.130253 
0.074623 0.009688 0.786846 0.124392 0.004451 
0.000245 0.092293 0.070619 0.593445 0.243398 
0.017391 0.390422 0.087958 0.011157 0.493073 
0.019271 0.234207 0.544131 0.154157 0.048233 
0.021670 0.000039 0.079269 0.869302 0.029720 
0.067817 0.106930 0.582354 0.000232 0.242668 
0.006360 0.030788 0.925054 0.020472 0.017326 
0.284249 0.112927 0.000004 0.054319 0.548500 
0.011249 0.163759 0.600386 0.018890 0.205715 
0.468772 0.002488 0.168656 0.262335 0.097748 
0.044795 0.668501 0.045241 0.121963 0.119500 
0.131387 0.042488 0.187052 0.313884 0.325189 
0.117855 0.002207 0.109206 0.492259 0.278473 
0.003675 0.764321 0.011500 0.219126 0.001378 
0.001252 0.021634 0.420937 0.089462 0.466714 
0.012968 0.045873 0.143511 0.759731 0.037917 
0.012340 0.093010 0.048785 0.828139 0.017725 
0.151965 0.641562 0.020747 0.136310 0.049416 
0.064577 0.000033 0.206862 0.625548 0.102980 
0.001079 0.076649 0.059378 0.277327 0.585568 
0.112240 0.632366 0.211868 0.033925 0.009602 
0.052806 0.001666 0.186557 0.665765 0.093205 
0.001498 0.110978 0.029851 0.179150 0.678522 
0.046498 0.000895 0.010747 0.555076 0.386784 
0.047990 0.000390 0.048509 0.361315 0.541796 
0.000076 0.000249 0.681388 0.270705 0.047582 
0.363045 0.269796 0.363942 0.001397 0.001820 
0.001002 0.023289 0.607150 0.364090 0.004469 
0.017213 0.003564 0.136187 0.207509 0.635527 
0.011368 0.004682 0.657682 0.019263 0.307004 
0.020220 0.426884 0.303087 0.246745 0.003064 
0.003736 0.001161 0.253723 0.677567 0.063813 
0.635078 0.036515 0.040871 0.090019 0.197518 
0.015026 0.226311 0.648288 0.074065 0.036310 
0.261554 0.080850 0.001055 0.571328 0.085212 
0.139378 0.224058 0.067257 0.563566 0.005741 
0.060568 0.307822 0.621173 0.010382 0.000055 
0.152717 0.231356 0.519348 0.036858 0.059721 
0.076118 0.107461 0.228973 0.430280 0.157168 
0.234130 0.251711 0.483577 0.000225 0.030357 
0.056836 0.002537 0.754597 0.016429 0.169601 
0.001678 0.123295 0.601609 0.025809 0.247608 
0.005624 0.369574 0.552107 0.061257 0.011439 
0.050161 0.345684 0.382138 0.004693 0.217324 
0.034598 0.006486 0.615583 0.326211 0.017122 
0.140755 0.585032 0.188225 0.014699 0.071289 
0.109866 0.110634 0.306544 0.050837 0.422119 
0.035001 0.023526 0.101146 0.660994 0.179333 
0.089370 0.051240 0.063559 0.148055 0.647776 
0.030902 0.139764 0.039213 0.003673 0.786448 
0.025192 0.021892 0.256083 0.131461 0.565371 
0.029250 0.118386 0.075930 0.499704 0.276730 
0.017341 0.002008 0.209859 0.118437 0.652355 
0.002562 0.186775 0.020079 0.364340 0.426244 
0.012075 0.074635 0.078086 0.055536 0.779667 
0.048956 0.005415 0.124940 0.359362 0.461327 
0.212291 0.093013 0.005334 0.071402 0.617960 
0.225051 0.278366 0.107304 0.265734 0.123546 
0.171254 0.023718 0.074295 0.483104 0.247628 
0.099964 0.190892 0.020287 0.041027 0.647830 
0.172550 0.445732 0.001031 0.282117 0.098570 
0.647526 0.006929 0.004055 0.013119 0.328371 
0.156362 0.008391 0.013037 0.219118 0.603092 
0.121569 0.056110 0.222699 0.184189 0.415433 
0.008064 0.237414 0.486884 0.001028 0.266610 
0.091728 0.320511 0.027666 0.288504 0.271591 
0.218205 0.063550 0.135436 0.541148 0.041661 
0.024229 0.065497 0.752074 0.155593 0.002608 
0.010309 0.026524 0.908511 0.043805 0.010852 
0.014098 0.591107 0.008569 0.068084 0.318141 
0.188390 0.348484 0.016657 0.002950 0.443518 
0.102090 0.006827 0.000221 0.799408 0.091454 
0.000248 0.053527 0.353998 0.011065 0.581162 
0.301326 0.025708 0.000309 0.477637 0.195021 
0.011747 0.007893 0.498891 0.014062 0.467407 
0.108944 0.662031 0.016294 0.107655 0.105076 
0.062196 0.134292 0.020053 0.640390 0.143069 
0.235483 0.440228 0.068835 0.011744 0.243710 
0.023898 0.107158 0.182624 0.312937 0.373383 
0.183124 0.002063 0.082772 0.359716 0.372325 
0.048569 0.000415 0.600652 0.000404 0.349959 
0.388359 0.210870 0.065165 0.011990 0.323615 
0.174259 0.040751 0.599040 0.106949 0.079000 
0.005665 0.005925 0.032480 0.740003 0.215928 
0.040469 0.137231 0.137268 0.188117 0.496914 
0.392178 0.285460 0.193023 0.010976 0.118363 
0.113747 0.392576 0.156856 0.024732 0.312089 
0.027234 0.130626 0.005487 0.778208 0.058445 
0.000971 0.061429 0.030775 0.646452 0.260373 
0.134244 0.123807 0.379493 0.082431 0.280024 
0.086921 0.038870 0.192023 0.066232 0.615954 
0.009722 0.058081 0.031498 0.680860 0.219839 
0.000402 0.189405 0.263514 0.531018 0.015661 
0.040945 0.776779 0.014608 0.021294 0.146373 
0.008407 0.000005 0.533193 0.451082 0.007314 
0.098782 0.125795 0.663162 0.111414 0.000847 
0.072860 0.220776 0.317193 0.114666 0.274506 
0.081651 0.000193 0.603601 0.298850 0.015706 
0.038141 0.400894 0.137214 0.407232 0.016520 
0.141250 0.170216 0.468398 0.186229 0.033906 
0.012976 0.528808 0.151856 0.067388 0.238972 
0.136638 0.033183 0.776872 0.040589 0.012717 
0.022614 0.623884 0.087835 0.007737 0.257931 
0.018451 0.464751 0.065046 0.178563 0.273189 
0.000927 0.443703 0.000376 0.356988 0.198006 
0.016677 0.351480 0.523983 0.104999 0.002860 
0.062082 0.137984 0.001239 0.781770 0.016926 
0.235527 0.096797 0.101562 0.565636 0.000477 
0.009923 0.002639 0.358126 0.243246 0.386066 
0.034785 0.037193 0.225957 0.335411 0.366655 
0.051355 0.306861 0.047455 0.366704 0.227625 
0.075753 0.076045 0.611370 0.007276 0.229556 
0.038604 0.136382 0.428273 0.010751 0.385991 
0.001774 0.151880 0.208321 0.041233 0.596793 
0.016495 0.232826 0.091149 0.251694 0.407837 
0.030506 0.274008 0.056287 0.298636 0.340562 
0.010908 0.197517 0.060118 0.354814 0.376643 
0.016613 0.127235 0.174518 0.149104 0.532531 
0.001500 0.200973 0.095444 0.246920 0.455163 
0.066795 0.086084 0.211403 0.206838 0.428880 
0.068860 0.077056 0.165440 0.278012 0.410632 
0.005614 0.148528 0.001565 0.563338 0.280956 
0.031030 0.045004 0.031528 0.866267 0.026171 
0.000005 0.207986 0.006779 0.203803 0.581427 
0.184538 0.248701 0.226651 0.003056 0.337054 
0.433909 0.058123 0.000394 0.054795 0.452780 
0.471738 0.023925 0.201771 0.302166 0.000399 
0.019604 0.350667 0.000606 0.350048 0.279075 
0.342755 0.312008 0.098453 0.092891 0.153893 
0.106858 0.210393 0.220004 0.105807 0.356938 
0.017398 0.613398 0.210619 0.024981 0.133603 
0.017250 0.008696 0.004642 0.723885 0.245527 
0.006506 0.050282 0.870847 0.019370 0.052995 
0.213267 0.073199 0.585606 0.091301 0.036627 
0.015154 0.159112 0.000019 0.803934 0.021780 
0.080629 0.286231 0.452190 0.004786 0.176163 
0.003134 0.087691 0.294258 0.001512 0.613406 
0.155294 0.156514 0.025483 0.658982 0.003727 
0.171050 0.067079 0.116045 0.602531 0.043295 
0.110388 0.123403 0.024587 0.572705 0.168917 
0.024966 0.099159 0.228073 0.190494 0.457308 
0.001861 0.111788 0.375914 0.225060 0.285377 
0.001528 0.062701 0.000006 0.002600 0.933164 
0.149820 0.027042 0.221837 0.476635 0.124665 
0.181941 0.124903 0.107078 0.024202 0.561875 
0.008949 0.059952 0.573522 0.247725 0.109851 
0.000738 0.418886 0.114584 0.121983 0.343810 
0.066589 0.050653 0.100045 0.072872 0.709841 
0.085003 0.003239 0.077957 0.519974 0.313827 
0.023190 0.602588 0.032410 0.247126 0.094687 
0.056742 0.006088 0.224918 0.392956 0.319296 
0.545474 0.186053 0.012913 0.094503 0.161056 
0.008426 0.396935 0.000547 0.588648 0.005444 
0.004798 0.000155 0.223978 0.723665 0.047403 
0.169205 0.128964 0.001248 0.024906 0.675677 
0.035701 0.148121 0.390891 0.399520 0.025767 
0.002605 0.217060 0.589709 0.188842 0.001783 
0.026462 0.083868 0.051426 0.813880 0.024364 
0.048680 0.022947 0.365170 0.457652 0.105550 
0.000549 0.110711 0.428113 0.458499 0.002129 
0.135135 0.001989 0.359948 0.333684 0.169244 
0.048220 0.038175 0.010018 0.077441 0.826146 
0.239235 0.570759 0.009749 0.174003 0.006254 
0.143379 0.001367 0.368974 0.468496 0.017784 
0.125880 0.141348 0.010234 0.055279 0.667260 
0.243476 0.022121 0.013844 0.024279 0.696280 
0.036788 0.000980 0.202789 0.729877 0.029566 
0.047171 0.000027 0.585122 0.188098 0.179582 
0.082698 0.592245 0.002160 0.119795 0.203102 
0.001616 0.000003 0.060613 0.235380 0.702388 
0.021890 0.262335 0.179055 0.136396 0.400324 
0.001133 0.439918 0.263305 0.241644 0.054000 
0.043912 0.081299 0.076595 0.079106 0.719089 
0.003149 0.654965 0.061431 0.267552 0.012903 
0.031761 0.009371 0.375556 0.228739 0.354572 
0.006879 0.047330 0.270532 0.254372 0.420888 
0.069437 0.090744 0.060429 0.019494 0.759896 
0.085842 0.432829 0.045269 0.001855 0.434205 
0.000475 0.197142 0.004259 0.019958 0.778165 
0.051725 0.394282 0.020209 0.080613 0.453171 
0.018356 0.001912 0.187552 0.103662 0.688518 
0.007932 0.032132 0.673561 0.096494 0.189882 
0.171890 0.023601 0.004495 0.126328 0.673687 
0.009857 0.175139 0.601385 0.000626 0.212993 
0.083332 0.072481 0.157696 0.235386 0.451104 
0.221234 0.000321 0.315411 0.160868 0.302166 
0.019810 0.002193 0.403484 0.385685 0.188828 
0.000006 0.317711 0.000283 0.299840 0.382160 
0.130315 0.038855 0.184294 0.054904 0.591632 
0.210488 0.024518 0.193795 0.000333 0.570867 
0.013314 0.211376 0.024500 0.433084 0.317725 
0.007552 0.032510 0.234876 0.186209 0.538854 
0.014128 0.112988 0.261013 0.067511 0.544359 
0.015302 0.132121 0.117275 0.244553 0.490749 
0.001932 0.160003 0.026111 0.433909 0.378045 
0.002560 0.070734 0.027442 0.512490 0.386775 
0.024484 0.124239 0.127061 0.237278 0.486938 
0.004525 0.148868 0.139445 0.148248 0.558914 
0.042358 0.049426 0.121754 0.367365 0.419097 
0.002618 0.103705 0.051086 0.385865 0.456726 
0.000854 0.156065 0.076875 0.299318 0.466889 
0.015062 0.066197 0.073031 0.391617 0.454094 
0.001533 0.117164 0.484103 0.304737 0.092462 
0.000986 0.073911 0.644244 0.001972 0.278888 
0.211991 0.161440 0.105857 0.437604 0.083109 
0.026405 0.000268 0.605468 0.162847 0.205013 
0.001073 0.016095 0.439746 0.372851 0.170236 
0.038446 0.047860 0.425423 0.063989 0.424283 
0.028854 0.000003 0.855954 0.034583 0.080607 
0.000002 0.193520 0.244391 0.083979 0.478108 
