0.629705 0.148155 0.140789 0.000506 0.080845 
0.899823 0.034302 0.001383 0.002163 0.062329 
0.064980 0.739185 0.118196 0.024642 0.052997 
0.452287 0.447952 0.002245 0.041001 0.056516 
0.644979 0.036534 0.004182 0.120482 0.193823 
0.024794 0.732356 0.188566 0.000280 0.054004 
0.461557 0.505988 0.031534 0.000050 0.000871 
0.330717 0.572008 0.087576 0.009097 0.000601 
0.194526 0.614608 0.159182 0.000017 0.031666 
0.110226 0.554532 0.318288 0.000223 0.016731 
0.014413 0.270918 0.655796 0.000003 0.058870 
0.000213 0.170320 0.739005 0.002977 0.087485 
0.141194 0.536918 0.087430 0.019226 0.215231 
0.747149 0.034842 0.093586 0.029916 0.094506 
0.695023 0.046151 0.116866 0.024086 0.117874 
0.650128 0.038860 0.152985 0.010582 0.147445 
0.803677 0.022574 0.012692 0.127455 0.033602 
0.802770 0.097027 0.089916 0.000348 0.009938 
0.612500 0.058051 0.099370 0.058678 0.171400 
0.593741 0.114627 0.087619 0.115758 0.088254 
0.017224 0.682101 0.165374 0.134743 0.000557 
0.502809 0.044757 0.392719 0.057953 0.001763 
0.636285 0.152408 0.163950 0.046615 0.000743 
0.406677 0.372756 0.019621 0.072958 0.127987 
0.278637 0.502700 0.062986 0.028887 0.126791 
0.191490 0.625411 0.079104 0.001555 0.102439 
0.159492 0.661757 0.091431 0.086910 0.000411 
0.149213 0.619111 0.140082 0.081309 0.010285 
0.111165 0.549462 0.227963 0.071559 0.039851 
0.259894 0.644260 0.042374 0.000002 0.053470 
0.122460 0.615022 0.138605 0.053469 0.070444 
0.113095 0.567990 0.177806 0.072561 0.068548 
0.231381 0.556793 0.048669 0.161662 0.001495 
0.155306 0.596471 0.002599 0.092467 0.153157 
0.145325 0.599723 0.004848 0.103351 0.146754 
0.123782 0.559290 0.008730 0.146256 0.161943 
0.100855 0.561627 0.005254 0.173902 0.158362 
0.042232 0.560475 0.000497 0.267614 0.129182 
0.248607 0.085632 0.023697 0.589258 0.052805 
0.761265 0.063051 0.021494 0.097304 0.056886 
0.024282 0.934581 0.005376 0.033561 0.002200 
0.051761 0.000867 0.769337 0.007088 0.170947 
0.632976 0.074268 0.066313 0.148378 0.078065 
0.100941 0.787552 0.034589 0.029834 0.047084 
0.075636 0.673306 0.141512 0.003167 0.106380 
0.000005 0.275236 0.629411 0.069517 0.025830 
0.003632 0.170631 0.696584 0.122359 0.006795 
0.003773 0.121572 0.634706 0.231228 0.008721 
0.001118 0.079738 0.496771 0.363946 0.058427 
0.000163 0.038519 0.416825 0.458795 0.085699 
0.234444 0.023109 0.453964 0.288429 0.000054 
0.311081 0.010159 0.326483 0.334299 0.017978 
0.448053 0.175153 0.302819 0.001313 0.072663 
0.542029 0.114367 0.234869 0.010846 0.097890 
0.574812 0.011052 0.289757 0.077312 0.047066 
0.380790 0.020594 0.423657 0.113886 0.061073 
0.085739 0.652854 0.035383 0.015577 0.210447 
0.069378 0.628814 0.093045 0.064248 0.144515 
0.056016 0.574805 0.133439 0.101737 0.134004 
0.046314 0.477380 0.151638 0.172041 0.152627 
0.006055 0.377404 0.242493 0.270070 0.103978 
0.119501 0.469405 0.006806 0.058375 0.345914 
0.091724 0.444409 0.035690 0.123452 0.304725 
0.607065 0.110017 0.178612 0.013778 0.090527 
0.622625 0.068845 0.165343 0.021577 0.121610 
0.424607 0.055217 0.424413 0.057102 0.038661 
0.343592 0.252773 0.275358 0.001890 0.126387 
0.297068 0.002188 0.205999 0.474301 0.020444 
0.510358 0.105557 0.271762 0.001189 0.111135 
0.465842 0.001418 0.095035 0.314678 0.123029 
0.036584 0.028284 0.647145 0.270578 0.017410 
0.112796 0.439965 0.144535 0.207908 0.094796 
0.033294 0.433868 0.035578 0.248327 0.248933 
0.012555 0.475432 0.121489 0.386956 0.003568 
0.215896 0.532137 0.006916 0.243557 0.001493 
0.384078 0.029877 0.152637 0.359303 0.074105 
0.029485 0.834078 0.067629 0.040766 0.028041 
0.176500 0.760895 0.003957 0.057601 0.001047 
0.244529 0.696360 0.047248 0.011854 0.000008 
0.485915 0.321636 0.168242 0.023121 0.001087 
0.342584 0.114670 0.464141 0.039486 0.039120 
0.169401 0.178810 0.001988 0.620400 0.029402 
0.087714 0.429570 0.214887 0.002513 0.265316 
0.273151 0.689829 0.023594 0.001149 0.012277 
0.520166 0.123526 0.249428 0.004878 0.102002 
0.696413 0.080585 0.129806 0.013394 0.079802 
0.060920 0.498608 0.431636 0.002543 0.006293 
0.000062 0.020104 0.283351 0.667496 0.028987 
0.112021 0.748113 0.112622 0.006750 0.020493 
0.547350 0.047028 0.025348 0.320781 0.059493 
0.518708 0.150318 0.017152 0.217053 0.096769 
0.042907 0.450016 0.040482 0.454321 0.012274 
0.000179 0.633991 0.069111 0.295536 0.001183 
0.547540 0.218004 0.140724 0.092923 0.000808 
0.136417 0.566017 0.130893 0.141680 0.024992 
0.159066 0.656655 0.056516 0.018970 0.108793 
0.095318 0.571612 0.157846 0.086402 0.088822 
0.072863 0.529942 0.192915 0.111147 0.093133 
0.164833 0.738401 0.076096 0.000696 0.019974 
0.079478 0.464018 0.033866 0.183823 0.238815 
0.097115 0.750691 0.142656 0.009536 0.000002 
0.076180 0.316701 0.094307 0.510435 0.002377 
0.578249 0.235141 0.003380 0.111221 0.072008 
0.577992 0.045793 0.182908 0.191838 0.001469 
0.058062 0.706858 0.039679 0.093858 0.101544 
0.512382 0.196884 0.055156 0.198522 0.037056 
0.095711 0.503937 0.122179 0.262225 0.015947 
0.009298 0.569233 0.024764 0.294414 0.102292 
0.792846 0.075457 0.013627 0.098460 0.019611 
0.383534 0.001232 0.208679 0.355641 0.050913 
0.364926 0.001788 0.192619 0.387581 0.053086 
0.309553 0.000531 0.253548 0.420351 0.016016 
0.416147 0.007859 0.149410 0.340195 0.086389 
0.385901 0.009784 0.145132 0.385285 0.073898 
0.150483 0.020122 0.030558 0.792351 0.006487 
0.873404 0.068889 0.028614 0.026569 0.002523 
0.367692 0.006923 0.321919 0.291170 0.012296 
0.019637 0.053792 0.136891 0.647954 0.141726 
0.007511 0.064945 0.503918 0.368100 0.055526 
0.333241 0.238985 0.032161 0.339339 0.056274 
0.322310 0.431118 0.003983 0.010815 0.231774 
0.195757 0.512308 0.022354 0.264141 0.005440 
0.154338 0.494801 0.058189 0.261834 0.030837 
0.135757 0.461777 0.092992 0.250229 0.059246 
0.160859 0.633296 0.106454 0.027387 0.072005 
0.040048 0.510123 0.315536 0.097627 0.036666 
0.108798 0.475126 0.025446 0.110519 0.280112 
0.056017 0.488582 0.015321 0.249482 0.190598 
0.129978 0.526703 0.022215 0.122639 0.198465 
0.114151 0.513556 0.022569 0.146213 0.203511 
0.094891 0.479079 0.032881 0.149988 0.243160 
0.013512 0.444997 0.014331 0.354186 0.172975 
0.009009 0.440320 0.441995 0.093493 0.015183 
0.048348 0.860617 0.009858 0.053361 0.027816 
0.235802 0.101473 0.400914 0.249292 0.012520 
0.415670 0.427523 0.002607 0.049831 0.104369 
0.002093 0.054639 0.583627 0.169274 0.190366 
0.160807 0.289508 0.014543 0.531853 0.003289 
0.046935 0.433127 0.353162 0.006220 0.160556 
0.001063 0.551516 0.162743 0.275819 0.008859 
0.008700 0.263307 0.461468 0.021288 0.245238 
0.059732 0.577074 0.134402 0.145247 0.083544 
0.408737 0.404714 0.066960 0.000071 0.119517 
0.400137 0.291012 0.014935 0.293326 0.000590 
0.023335 0.000279 0.772566 0.203707 0.000113 
0.565916 0.341827 0.052608 0.022747 0.016902 
0.067459 0.288504 0.169706 0.006345 0.467986 
0.280470 0.006788 0.332856 0.369191 0.010695 
0.209787 0.001424 0.027871 0.449611 0.311307 
0.157250 0.000256 0.049001 0.514439 0.279054 
0.014404 0.000021 0.220762 0.580905 0.183907 
0.489463 0.214113 0.248399 0.001803 0.046222 
0.096250 0.288251 0.300433 0.066761 0.248306 
0.400962 0.002111 0.321700 0.265270 0.009958 
0.005485 0.109694 0.114098 0.587195 0.183528 
0.004394 0.166395 0.057039 0.537863 0.234310 
0.247029 0.614052 0.117362 0.000024 0.021533 
0.177621 0.602907 0.176657 0.000306 0.042508 
0.120432 0.558011 0.282843 0.003400 0.035314 
0.098174 0.543551 0.335904 0.001078 0.021293 
0.031863 0.382167 0.147901 0.002544 0.435526 
0.028067 0.442387 0.526590 0.000895 0.002061 
0.135887 0.669361 0.023825 0.004395 0.166532 
0.014156 0.197865 0.657242 0.115448 0.015289 
0.001351 0.433501 0.552390 0.002946 0.009812 
0.001001 0.046688 0.447980 0.429698 0.074633 
0.006376 0.091865 0.524968 0.329169 0.047621 
0.090764 0.643905 0.118143 0.000648 0.146540 
0.166774 0.198126 0.034557 0.597472 0.003070 
0.454075 0.014828 0.047743 0.421626 0.061727 
0.371247 0.296559 0.001466 0.318181 0.012547 
0.256420 0.527879 0.049035 0.012477 0.154189 
0.181891 0.635854 0.005847 0.000022 0.176386 
0.116138 0.652441 0.073612 0.038357 0.119452 
0.359724 0.508026 0.003299 0.126626 0.002325 
0.013234 0.458772 0.045746 0.063891 0.418358 
0.328710 0.577196 0.001513 0.001327 0.091254 
0.004455 0.383309 0.045555 0.275620 0.291062 
0.016071 0.364823 0.072080 0.208686 0.338340 
0.535889 0.103646 0.284838 0.005016 0.070611 
0.033755 0.038520 0.010807 0.870625 0.046293 
0.030714 0.051774 0.001044 0.661954 0.254514 
0.465693 0.209897 0.026408 0.253828 0.044173 
0.580278 0.022973 0.187850 0.208885 0.000013 
0.421483 0.060325 0.066302 0.416065 0.035826 
0.626519 0.005796 0.235859 0.131043 0.000782 
0.686096 0.098255 0.058692 0.121385 0.035572 
0.147741 0.023999 0.290593 0.399494 0.138173 
0.151098 0.470122 0.075503 0.302207 0.001069 
0.434034 0.344121 0.001582 0.116698 0.103565 
0.913506 0.006271 0.024349 0.010891 0.044982 
0.528795 0.065651 0.037261 0.212702 0.155590 
0.119655 0.692843 0.001510 0.086334 0.099657 
0.002586 0.449449 0.000242 0.511165 0.036558 
0.261797 0.009449 0.333547 0.388032 0.007175 
0.063371 0.004822 0.126222 0.539674 0.265911 
0.000172 0.050688 0.129144 0.604435 0.215562 
0.000431 0.020373 0.205894 0.601719 0.171582 
0.081106 0.484246 0.097926 0.000660 0.336061 
0.016244 0.122559 0.107224 0.581390 0.172583 
0.012008 0.067051 0.135073 0.617232 0.168636 
0.053100 0.184070 0.038086 0.604648 0.120097 
0.005817 0.051272 0.147262 0.611796 0.183853 
0.014234 0.319628 0.015297 0.457144 0.193698 
0.010123 0.213745 0.051622 0.497440 0.227069 
0.000871 0.556848 0.403421 0.012743 0.026116 
0.006917 0.128498 0.664999 0.196505 0.003080 
0.025260 0.156131 0.665829 0.152119 0.000661 
0.000232 0.295463 0.640630 0.043906 0.019769 
0.005096 0.299302 0.645346 0.050195 0.000061 
0.003689 0.079738 0.491149 0.363114 0.062310 
0.012154 0.026108 0.513933 0.408346 0.039458 
0.001085 0.053148 0.447607 0.437428 0.060732 
0.002130 0.017012 0.199026 0.647806 0.134025 
0.006650 0.019976 0.328351 0.538975 0.106048 
0.010693 0.704725 0.251312 0.000006 0.033264 
0.257633 0.422705 0.027516 0.291129 0.001017 
0.077969 0.669753 0.190251 0.015277 0.046750 
0.362761 0.000008 0.396382 0.234922 0.005928 
0.321213 0.071420 0.000079 0.603225 0.004063 
0.055258 0.378879 0.193688 0.344093 0.028081 
0.032542 0.044278 0.480621 0.060317 0.382241 
0.112137 0.665015 0.001621 0.218283 0.002944 
0.053072 0.444890 0.040500 0.208750 0.252788 
0.235105 0.226551 0.452938 0.080966 0.004439 
0.047768 0.577885 0.246240 0.006849 0.121257 
0.131728 0.742700 0.048478 0.058157 0.018938 
0.354889 0.545506 0.087470 0.011858 0.000277 
0.119125 0.400243 0.046923 0.013692 0.420018 
0.819831 0.151913 0.023631 0.000904 0.003721 
0.766863 0.092094 0.030597 0.057328 0.053119 
0.004579 0.190768 0.430769 0.042361 0.331523 
0.009900 0.149403 0.287429 0.015079 0.538189 
0.222154 0.370721 0.013997 0.393089 0.000040 
0.194117 0.475400 0.272358 0.057685 0.000440 
0.518574 0.204898 0.241206 0.014729 0.020593 
0.167067 0.000650 0.737360 0.049905 0.045018 
0.000008 0.219615 0.509531 0.000306 0.270539 
0.267340 0.006552 0.597713 0.086367 0.042028 
0.036365 0.387296 0.308145 0.266564 0.001629 
0.241312 0.621110 0.002769 0.043921 0.090887 
0.157847 0.015070 0.053041 0.414663 0.359379 
0.002330 0.002819 0.268055 0.555566 0.171231 
0.000678 0.012326 0.352228 0.517009 0.117760 
0.622924 0.252603 0.121585 0.002007 0.000880 
0.000452 0.809499 0.134964 0.008403 0.046681 
0.007785 0.612258 0.263582 0.097938 0.018436 
0.347601 0.576770 0.063339 0.011529 0.000762 
0.237439 0.582586 0.134071 0.003539 0.042365 
0.192427 0.475805 0.135933 0.034480 0.161354 
0.013280 0.131020 0.646977 0.203905 0.004817 
0.000472 0.016910 0.417805 0.478052 0.086761 
0.000085 0.399246 0.523104 0.022789 0.054776 
0.040989 0.309215 0.496043 0.072732 0.081021 
0.024040 0.361292 0.485714 0.034288 0.094666 
0.009330 0.327603 0.548396 0.069466 0.045205 
0.049051 0.015593 0.419434 0.110710 0.405211 
0.183571 0.000767 0.292494 0.131646 0.391522 
0.062947 0.017787 0.711774 0.176064 0.031428 
0.021802 0.114670 0.645284 0.201333 0.016911 
0.003378 0.149765 0.667331 0.176881 0.002645 
0.006815 0.010641 0.302374 0.552410 0.127760 
0.065198 0.036416 0.148962 0.666146 0.083278 
0.091606 0.508824 0.003839 0.009227 0.386503 
0.286089 0.471771 0.003683 0.028405 0.210051 
0.066907 0.411123 0.212727 0.165263 0.143980 
0.491204 0.052794 0.400342 0.042705 0.012955 
0.358497 0.021478 0.603772 0.006812 0.009440 
0.054940 0.560743 0.097820 0.080414 0.206083 
0.070140 0.593379 0.053243 0.041200 0.242038 
0.055124 0.512399 0.062407 0.080134 0.289935 
0.042771 0.487892 0.106479 0.126461 0.236398 
0.077018 0.419481 0.054403 0.161899 0.287199 
0.175837 0.544780 0.029163 0.000212 0.250007 
0.024451 0.631838 0.183151 0.011819 0.148741 
0.378288 0.526227 0.073365 0.001280 0.020840 
0.011634 0.072201 0.475792 0.176685 0.263688 
0.278335 0.447866 0.222345 0.011600 0.039854 
0.027323 0.556407 0.161313 0.104100 0.150856 
0.018660 0.353880 0.528279 0.000444 0.098737 
0.157536 0.004067 0.375135 0.367103 0.096159 
0.029525 0.151517 0.048395 0.664651 0.105912 
0.190965 0.641683 0.159772 0.006123 0.001457 
0.753580 0.166559 0.053944 0.015264 0.010653 
0.465636 0.505450 0.000483 0.017499 0.010932 
0.459406 0.101540 0.258066 0.016888 0.164101 
0.094846 0.054362 0.719105 0.017883 0.113805 
0.531630 0.025551 0.401109 0.000012 0.041697 
0.398666 0.007430 0.581880 0.009854 0.002170 
0.128688 0.097287 0.764545 0.002250 0.007230 
0.494234 0.070495 0.171238 0.028660 0.235373 
0.500116 0.256889 0.006669 0.068489 0.167838 
0.056575 0.015061 0.147561 0.504969 0.275835 
0.003011 0.019145 0.345146 0.517115 0.115583 
0.156295 0.589034 0.161823 0.000827 0.092020 
0.481455 0.347134 0.065148 0.092504 0.013758 
0.010604 0.408566 0.541873 0.004864 0.034092 
0.015202 0.037716 0.504978 0.231838 0.210266 
0.007134 0.000339 0.418199 0.573275 0.001053 
0.915719 0.000059 0.064428 0.019709 0.000085 
0.251551 0.237475 0.000981 0.489516 0.020476 
0.021135 0.433952 0.148167 0.172473 0.224273 
0.018644 0.393325 0.003618 0.010732 0.573681 
0.057062 0.347346 0.006836 0.018436 0.570319 
0.116254 0.179831 0.376819 0.285323 0.041773 
0.276139 0.064752 0.464508 0.194493 0.000109 
0.286002 0.504781 0.134248 0.036998 0.037972 
0.049112 0.740961 0.095987 0.036215 0.077725 
0.096310 0.653979 0.085323 0.031828 0.132561 
0.145301 0.640884 0.037668 0.003673 0.172473 
0.096556 0.732675 0.056823 0.030874 0.083071 
0.022538 0.398862 0.252377 0.055748 0.270475 
0.501566 0.004640 0.349622 0.118711 0.025461 
0.483538 0.395223 0.060274 0.001992 0.058974 
0.357912 0.548595 0.043570 0.005763 0.044160 
0.103063 0.402932 0.059722 0.092983 0.341300 
0.014747 0.662649 0.003190 0.280392 0.039023 
0.447892 0.085006 0.223315 0.009329 0.234458 
0.414186 0.501194 0.001377 0.054308 0.028934 
0.086995 0.080692 0.667618 0.148398 0.016297 
0.038407 0.119248 0.599230 0.239844 0.003272 
0.222291 0.072001 0.526708 0.048137 0.130863 
0.340787 0.558949 0.053174 0.005999 0.041092 
0.047902 0.034746 0.030113 0.134324 0.752915 
0.057346 0.098151 0.095763 0.648354 0.100387 
0.135001 0.027495 0.100105 0.721550 0.015849 
0.069360 0.104335 0.080813 0.667232 0.078261 
0.096627 0.040104 0.120238 0.694174 0.048857 
0.275096 0.216452 0.001160 0.011537 0.495756 
0.075494 0.370325 0.022334 0.453332 0.078516 
0.057996 0.491711 0.009358 0.018908 0.422028 
0.001995 0.285368 0.106766 0.241088 0.364783 
0.598352 0.064452 0.183186 0.022245 0.131764 
0.025684 0.658044 0.014806 0.179954 0.121512 
0.098926 0.001444 0.203338 0.000556 0.695736 
0.045766 0.600984 0.128827 0.000538 0.223884 
0.025283 0.715198 0.168441 0.046412 0.044666 
0.297926 0.619589 0.013388 0.000837 0.068260 
0.074806 0.255791 0.603393 0.000047 0.065963 
0.000941 0.385922 0.484203 0.000578 0.128356 
0.289422 0.173524 0.071327 0.000000 0.465727 
0.549745 0.384557 0.001548 0.006783 0.057368 
0.132955 0.272561 0.024519 0.529967 0.039998 
0.018191 0.039222 0.534871 0.063066 0.344650 
0.203142 0.547003 0.092066 0.001101 0.156688 
0.057081 0.011008 0.785102 0.068229 0.078580 
0.076505 0.031891 0.668063 0.184396 0.039144 
0.063934 0.002544 0.023309 0.097882 0.812332 
0.045678 0.001914 0.406092 0.470313 0.076003 
0.024203 0.347652 0.004298 0.505388 0.118459 
0.248287 0.491769 0.101637 0.026722 0.131586 
0.133623 0.596057 0.131793 0.000681 0.137846 
0.020822 0.068618 0.563022 0.317016 0.030522 
0.165752 0.115129 0.521773 0.047910 0.149436 
0.086502 0.090102 0.076026 0.693185 0.054186 
0.443081 0.031606 0.034963 0.474024 0.016326 
0.294611 0.000677 0.060247 0.001443 0.643022 
0.403541 0.014845 0.019122 0.445224 0.117267 
0.290752 0.104803 0.436098 0.137575 0.030772 
0.350859 0.057836 0.526252 0.063645 0.001408 
0.000277 0.027457 0.506282 0.434618 0.031367 
0.049285 0.724769 0.224063 0.000798 0.001085 
0.049825 0.650420 0.292580 0.007173 0.000003 
0.064457 0.000282 0.570196 0.340515 0.024551 
0.404471 0.042450 0.028876 0.288330 0.235874 
0.340658 0.001500 0.464732 0.168600 0.024511 
0.037997 0.093329 0.000009 0.197289 0.671377 
0.001177 0.153458 0.004119 0.204617 0.636630 
0.110965 0.044622 0.071780 0.371429 0.401203 
0.127126 0.111610 0.020113 0.713856 0.027295 
0.051548 0.045449 0.576766 0.299776 0.026461 
0.069454 0.007070 0.515769 0.359975 0.047732 
0.143297 0.138038 0.601852 0.107785 0.009028 
0.049491 0.016958 0.181832 0.694073 0.057645 
0.084818 0.316801 0.044986 0.551847 0.001547 
0.067911 0.111419 0.730798 0.040416 0.049456 
0.090146 0.349293 0.004458 0.512991 0.043113 
0.077429 0.555102 0.005141 0.001429 0.360899 
0.010751 0.026673 0.000743 0.955626 0.006207 
0.139160 0.324504 0.017499 0.036521 0.482316 
0.183920 0.254476 0.003379 0.557327 0.000898 
0.138163 0.779918 0.014079 0.025373 0.042467 
0.319746 0.627158 0.025848 0.018810 0.008438 
0.035109 0.117406 0.749746 0.059796 0.037944 
0.355051 0.004096 0.218273 0.405907 0.016673 
0.186207 0.207171 0.602100 0.000513 0.004009 
0.041128 0.336873 0.596617 0.022925 0.002457 
0.069896 0.219884 0.650314 0.059802 0.000104 
0.018729 0.019098 0.385976 0.492521 0.083676 
0.095891 0.010690 0.730436 0.139851 0.023133 
0.140101 0.263464 0.151408 0.045807 0.399220 
0.645598 0.285687 0.000010 0.011366 0.057339 
0.643265 0.010810 0.260451 0.000474 0.085000 
0.296895 0.047675 0.409382 0.198317 0.047731 
0.666619 0.030012 0.136507 0.155788 0.011074 
0.020139 0.029317 0.115592 0.493205 0.341747 
0.000003 0.020653 0.208858 0.533660 0.236826 
0.124469 0.135363 0.453267 0.191209 0.095692 
0.000007 0.054644 0.331424 0.041028 0.572897 
0.047462 0.000002 0.372079 0.486407 0.094050 
0.150593 0.319370 0.511541 0.018480 0.000016 
0.018872 0.444403 0.082143 0.182419 0.272163 
0.355911 0.011566 0.228005 0.403364 0.001155 
0.369972 0.106827 0.000960 0.337636 0.184606 
0.201368 0.014246 0.153562 0.612625 0.018199 
0.000000 0.006972 0.470691 0.517255 0.005081 
0.814850 0.070096 0.060448 0.043675 0.010930 
0.599102 0.169363 0.135211 0.038220 0.058105 
0.262058 0.410703 0.027199 0.097880 0.202161 
0.178115 0.279145 0.089577 0.177457 0.275705 
0.058609 0.129218 0.203760 0.328744 0.279670 
0.028216 0.095922 0.101452 0.366613 0.407798 
0.537528 0.441388 0.006465 0.004546 0.010074 
0.629641 0.141467 0.023909 0.031974 0.173009 
0.176731 0.293609 0.122494 0.407059 0.000108 
0.121341 0.651511 0.022840 0.007778 0.196530 
0.004191 0.049215 0.698855 0.183497 0.064242 
0.057716 0.196471 0.293146 0.230473 0.222194 
0.233408 0.035248 0.207185 0.338417 0.185743 
0.170538 0.208799 0.570575 0.043514 0.006573 
0.003625 0.006288 0.365287 0.510962 0.113837 
0.098409 0.000209 0.547881 0.302984 0.050517 
0.014072 0.013222 0.364859 0.075304 0.532544 
0.023300 0.497763 0.008982 0.014387 0.455569 
0.192021 0.252093 0.255911 0.009837 0.290139 
0.273868 0.094627 0.109219 0.514723 0.007563 
0.304872 0.398607 0.244057 0.019297 0.033166 
0.067764 0.137522 0.581408 0.093256 0.120049 
0.032161 0.460720 0.114115 0.172342 0.220662 
0.097493 0.164215 0.670693 0.067566 0.000033 
0.012207 0.275117 0.551344 0.156395 0.004937 
0.294322 0.196684 0.057237 0.132150 0.319606 
0.575867 0.247020 0.020724 0.030963 0.125426 
0.000816 0.237710 0.181768 0.256279 0.323426 
0.077874 0.500296 0.317722 0.000744 0.103364 
0.016381 0.382810 0.118473 0.138089 0.344247 
0.106474 0.198520 0.146803 0.259525 0.288679 
0.012544 0.019025 0.363201 0.480262 0.124968 
0.613595 0.071928 0.056239 0.080501 0.177736 
0.039011 0.265723 0.081249 0.005624 0.608392 
0.227189 0.131859 0.008315 0.028690 0.603948 
0.046511 0.461001 0.021748 0.469311 0.001430 
0.246997 0.033959 0.553100 0.036666 0.129279 
0.093269 0.073978 0.452272 0.085805 0.294676 
0.794222 0.110974 0.020177 0.034867 0.039761 
0.218611 0.005607 0.603998 0.000046 0.171738 
0.036002 0.214850 0.203246 0.020567 0.525334 
0.167651 0.045323 0.020944 0.210328 0.555753 
0.623900 0.168397 0.152769 0.052558 0.002376 
0.139009 0.277567 0.031584 0.000044 0.551796 
0.010876 0.411767 0.000001 0.017674 0.559682 
0.358802 0.012947 0.150874 0.165880 0.311496 
0.265934 0.173246 0.326034 0.007823 0.226964 
0.433318 0.093145 0.267298 0.002388 0.203853 
0.141319 0.007583 0.667389 0.174453 0.009256 
0.253990 0.003849 0.228179 0.160090 0.353893 
0.001012 0.128557 0.277593 0.071371 0.521467 
0.282004 0.041969 0.541099 0.045014 0.089913 
0.220619 0.001942 0.196858 0.106977 0.473605 
0.008796 0.130079 0.215873 0.043263 0.601988 
0.006865 0.053464 0.223303 0.009531 0.706837 
0.027058 0.184304 0.170900 0.050913 0.566825 
0.106591 0.125640 0.061844 0.264509 0.441416 
0.006815 0.239445 0.290530 0.061030 0.402180 
0.078285 0.166687 0.033220 0.625746 0.096062 
0.101270 0.148446 0.027609 0.663321 0.059355 
0.071024 0.001353 0.240671 0.664379 0.022573 
0.038060 0.267620 0.001291 0.638163 0.054866 
0.000001 0.290280 0.099934 0.181671 0.428114 
0.021619 0.110456 0.101448 0.020728 0.745749 
0.059190 0.167591 0.042694 0.725734 0.004791 
0.079589 0.415688 0.030042 0.064486 0.410195 
0.030870 0.356119 0.079150 0.178356 0.355506 
0.063984 0.372420 0.062325 0.095405 0.405867 
0.075967 0.256299 0.063440 0.064005 0.540290 
0.180380 0.266717 0.001102 0.549792 0.002010 
0.063440 0.268741 0.104038 0.104699 0.459082 
0.110518 0.311563 0.014585 0.014844 0.548490 
0.010971 0.206713 0.154638 0.152509 0.475169 
0.117577 0.287516 0.144148 0.450020 0.000738 
0.020019 0.138048 0.130842 0.051536 0.659554 
0.000149 0.129519 0.244762 0.085017 0.540552 
0.000418 0.098897 0.234440 0.056412 0.609833 
0.000047 0.053569 0.202599 0.006536 0.737249 
0.036970 0.211122 0.133797 0.116157 0.501954 
0.002184 0.095697 0.205921 0.036393 0.659805 
0.025376 0.211670 0.744260 0.004208 0.014486 
0.009138 0.042229 0.060302 0.852361 0.035969 
0.020662 0.200982 0.322234 0.004364 0.451758 
0.545521 0.322254 0.015724 0.012710 0.103791 
0.346734 0.518457 0.024614 0.002102 0.108094 
0.189021 0.735141 0.000728 0.003307 0.071804 
0.008355 0.106129 0.275775 0.024584 0.585157 
0.033055 0.021740 0.033131 0.157425 0.754650 
0.031807 0.006426 0.042552 0.146774 0.772441 
0.071562 0.022688 0.065771 0.104283 0.735695 
0.074041 0.047336 0.052193 0.110042 0.716388 
0.011770 0.067390 0.000006 0.145804 0.775031 
0.197941 0.119548 0.020686 0.047007 0.614819 
0.170167 0.181229 0.015731 0.064414 0.568460 
0.051604 0.005913 0.195969 0.711868 0.034646 
0.002166 0.008499 0.427942 0.544797 0.016595 
0.010545 0.000027 0.284813 0.660567 0.044048 
0.002487 0.026429 0.368367 0.600427 0.002291 
0.137658 0.714846 0.014255 0.124404 0.008836 
0.237170 0.708404 0.031269 0.011590 0.011568 
0.127213 0.789914 0.043945 0.035856 0.003072 
0.372818 0.593713 0.003621 0.002328 0.027521 
0.263537 0.696355 0.030277 0.003969 0.005863 
0.000114 0.643702 0.267858 0.012905 0.075421 
0.008686 0.678037 0.231819 0.020091 0.061368 
0.544152 0.347068 0.000622 0.059129 0.049029 
0.536990 0.331304 0.004395 0.010605 0.116706 
0.468893 0.475766 0.001760 0.014698 0.038883 
0.106630 0.765893 0.107936 0.018702 0.000839 
0.285843 0.588978 0.071152 0.042647 0.011380 
0.287988 0.433118 0.091859 0.173481 0.013554 
0.375277 0.098294 0.000128 0.439398 0.086904 
0.331175 0.589838 0.033160 0.031033 0.014793 
0.137744 0.648422 0.000627 0.193844 0.019364 
0.002796 0.624421 0.250348 0.105869 0.016565 
0.153877 0.789238 0.004324 0.044259 0.008302 
0.000239 0.695277 0.124304 0.003028 0.177152 
0.496802 0.273023 0.017070 0.211986 0.001119 
0.421705 0.166902 0.009462 0.358723 0.043208 
0.153373 0.716303 0.125123 0.003949 0.001253 
0.421611 0.435220 0.021908 0.098583 0.022677 
0.418636 0.117336 0.051134 0.390260 0.022634 
0.073133 0.789989 0.000120 0.031170 0.105588 
0.022337 0.578556 0.092865 0.046840 0.259403 
0.031301 0.810738 0.020040 0.017377 0.120545 
0.402489 0.298645 0.012382 0.273206 0.013278 
0.513187 0.143837 0.039311 0.302576 0.001090 
0.000018 0.434341 0.076046 0.097258 0.392337 
0.244523 0.519689 0.132856 0.102402 0.000529 
0.117617 0.571222 0.240170 0.066974 0.004017 
0.293805 0.067626 0.101012 0.495511 0.042047 
0.019027 0.645789 0.012863 0.089941 0.232380 
0.195881 0.025469 0.133035 0.578163 0.067452 
0.347665 0.004901 0.000501 0.227273 0.419661 
0.023009 0.329144 0.085094 0.308753 0.254001 
0.032686 0.485758 0.081494 0.227179 0.172883 
0.145511 0.258860 0.293351 0.222122 0.080156 
0.016337 0.155144 0.418266 0.190345 0.219908 
0.023928 0.073857 0.521594 0.286468 0.094153 
0.176190 0.308663 0.492576 0.000385 0.022187 
0.139329 0.299466 0.533552 0.013666 0.013987 
0.217853 0.215361 0.531086 0.020220 0.015480 
0.007192 0.159678 0.369683 0.412787 0.050661 
0.656602 0.004507 0.071628 0.149613 0.117650 
0.008585 0.359534 0.447656 0.109577 0.074648 
0.000606 0.186119 0.021166 0.784489 0.007620 
0.046094 0.049296 0.840424 0.000542 0.063645 
0.150143 0.037879 0.645786 0.073911 0.092281 
0.006409 0.231830 0.515402 0.189148 0.057210 
0.023214 0.031999 0.431231 0.043880 0.469675 
0.078593 0.189161 0.560664 0.079437 0.092146 
0.001852 0.209955 0.437650 0.291577 0.058967 
0.015134 0.218022 0.562490 0.193346 0.011008 
0.089433 0.022910 0.360899 0.132760 0.393997 
0.020565 0.066510 0.000073 0.390724 0.522128 
0.123425 0.069585 0.460533 0.336042 0.010415 
0.012366 0.000440 0.000270 0.602376 0.384548 
0.066835 0.023097 0.533811 0.373768 0.002489 
0.122502 0.006845 0.727717 0.122203 0.020734 
0.252922 0.035934 0.578711 0.108718 0.023714 
0.046497 0.138570 0.301880 0.511929 0.001124 
0.000813 0.149291 0.001885 0.178655 0.669356 
0.483284 0.394800 0.061484 0.026767 0.033666 
0.234504 0.149916 0.377503 0.216726 0.021352 
0.092126 0.254102 0.229122 0.419637 0.005013 
0.066204 0.180715 0.266870 0.482345 0.003867 
0.060377 0.193703 0.273251 0.471507 0.001162 
0.303902 0.538408 0.046011 0.028744 0.082934 
0.012597 0.231378 0.006786 0.163216 0.586024 
0.004465 0.231430 0.012601 0.086036 0.665468 
0.010333 0.283717 0.000413 0.139609 0.565927 
0.003472 0.001808 0.015396 0.571651 0.407673 
0.008032 0.021050 0.007185 0.485845 0.477888 
0.046597 0.357065 0.072051 0.378746 0.145541 
0.030860 0.089327 0.613061 0.134336 0.132415 
0.015061 0.203461 0.660605 0.116274 0.004599 
0.003237 0.446828 0.150975 0.111212 0.287748 
0.002667 0.107248 0.616346 0.195926 0.077813 
0.000000 0.196385 0.645948 0.157553 0.000114 
0.019104 0.297196 0.131669 0.318337 0.233693 
0.137699 0.003795 0.519302 0.320849 0.018356 
0.043004 0.026142 0.000101 0.811328 0.119425 
0.029376 0.038580 0.838922 0.000172 0.092951 
0.044215 0.180365 0.664057 0.081721 0.029641 
0.034451 0.384027 0.009711 0.001513 0.570297 
0.095463 0.000057 0.004456 0.836681 0.063344 
0.156039 0.494054 0.004241 0.019415 0.326251 
0.309362 0.252139 0.329266 0.000271 0.108962 
0.123611 0.259531 0.343146 0.139359 0.134353 
0.080102 0.009635 0.341853 0.522626 0.045784 
0.290678 0.000313 0.061867 0.458148 0.188995 
0.275110 0.001065 0.014978 0.338588 0.370259 
0.076322 0.041146 0.777583 0.061373 0.043577 
0.302411 0.597684 0.073231 0.006155 0.020519 
0.309116 0.245080 0.072096 0.101085 0.272622 
0.230562 0.182799 0.093390 0.098544 0.394705 
0.251249 0.110281 0.495075 0.085473 0.057923 
0.056290 0.081241 0.138548 0.496156 0.227766 
0.148679 0.058747 0.714299 0.078054 0.000221 
0.235989 0.141892 0.568167 0.047441 0.006511 
0.372818 0.108538 0.515022 0.003077 0.000546 
0.352072 0.033216 0.515272 0.085770 0.013669 
0.374031 0.070681 0.509521 0.042089 0.003678 
0.229940 0.569135 0.191335 0.009180 0.000410 
0.201006 0.500029 0.251978 0.038761 0.008226 
0.005196 0.035382 0.823658 0.021651 0.114113 
0.003261 0.062133 0.256957 0.677210 0.000440 
0.073286 0.003295 0.032555 0.809048 0.081816 
0.312653 0.043686 0.220703 0.289612 0.133346 
0.151226 0.005682 0.234036 0.481385 0.127671 
0.003246 0.115576 0.448210 0.399910 0.033057 
0.026533 0.005504 0.049167 0.914694 0.004102 
0.177688 0.037711 0.180560 0.395309 0.208732 
0.076356 0.148428 0.675417 0.094178 0.005622 
0.030560 0.047688 0.364526 0.547866 0.009361 
0.004936 0.577303 0.365542 0.047355 0.004864 
0.002045 0.017178 0.038437 0.928127 0.014213 
0.001234 0.046061 0.773346 0.165892 0.013467 
0.000049 0.028965 0.679294 0.257340 0.034352 
0.165974 0.003256 0.802796 0.016485 0.011488 
0.004067 0.012558 0.042770 0.889287 0.051318 
0.003727 0.255473 0.036734 0.370051 0.334015 
0.031722 0.324608 0.002377 0.635942 0.005350 
0.072833 0.132834 0.551281 0.072530 0.170522 
0.413914 0.136663 0.274272 0.169253 0.005897 
0.047024 0.181685 0.674554 0.026494 0.070244 
0.127870 0.413972 0.002996 0.414836 0.040326 
0.008413 0.898747 0.071736 0.006878 0.014225 
0.021743 0.027148 0.895026 0.047365 0.008719 
0.034493 0.365190 0.026891 0.003445 0.569981 
0.729078 0.181771 0.058550 0.011747 0.018854 
0.039293 0.013543 0.266000 0.666998 0.014165 
0.021091 0.058919 0.845768 0.055514 0.018707 
0.019799 0.054122 0.391593 0.030632 0.503854 
0.016629 0.016920 0.459306 0.002195 0.504951 
0.057043 0.000169 0.587693 0.000097 0.354998 
0.011463 0.008362 0.433020 0.546489 0.000665 
0.025161 0.007926 0.396247 0.506811 0.063855 
0.040689 0.485234 0.001119 0.423855 0.049103 
0.044011 0.000003 0.545768 0.388986 0.021232 
0.071296 0.432479 0.006091 0.388103 0.102031 
0.040326 0.379351 0.448879 0.000502 0.130942 
0.030341 0.321038 0.462215 0.009857 0.176549 
0.084586 0.622463 0.001188 0.287265 0.004497 
0.001490 0.216005 0.652254 0.000149 0.130102 
0.000505 0.164564 0.626091 0.012424 0.196416 
0.004057 0.019695 0.343765 0.626418 0.006064 
0.028311 0.275056 0.686722 0.000486 0.009424 
0.216253 0.000561 0.386981 0.044011 0.352194 
0.034078 0.124364 0.222023 0.087534 0.532001 
0.030664 0.675827 0.014138 0.249700 0.029671 
0.032819 0.641329 0.026099 0.278453 0.021299 
0.008929 0.468527 0.094078 0.409412 0.019053 
0.143134 0.184032 0.140221 0.400640 0.131973 
0.057749 0.683728 0.005774 0.252393 0.000357 
0.000044 0.364002 0.058580 0.568247 0.009127 
0.069167 0.075418 0.005328 0.708412 0.141675 
0.273481 0.215447 0.470411 0.009838 0.030823 
0.001179 0.074967 0.230222 0.681457 0.012175 
0.075859 0.528020 0.028561 0.009648 0.357913 
0.164350 0.069383 0.655197 0.053165 0.057906 
0.006083 0.357227 0.064520 0.421898 0.150273 
0.063787 0.474201 0.192153 0.056542 0.213317 
0.028608 0.624019 0.096254 0.006983 0.244136 
0.000856 0.026172 0.652867 0.061758 0.258347 
0.392703 0.006704 0.011237 0.526789 0.062566 
0.084024 0.004188 0.050996 0.484039 0.376753 
0.092349 0.567800 0.206878 0.010121 0.122852 
0.028328 0.003559 0.527931 0.418146 0.022036 
0.149951 0.000186 0.537251 0.304769 0.007842 
0.000199 0.109688 0.145921 0.609545 0.134647 
0.010580 0.066403 0.217461 0.599495 0.106061 
0.030014 0.683321 0.119981 0.015543 0.151142 
0.008711 0.655586 0.002874 0.001944 0.330885 
0.001374 0.060378 0.032890 0.678773 0.226585 
0.001118 0.129443 0.028680 0.552342 0.288417 
0.088626 0.390880 0.004917 0.500614 0.014963 
0.079914 0.250767 0.023340 0.556998 0.088980 
0.249101 0.000058 0.015800 0.370304 0.364736 
0.140006 0.100655 0.034358 0.165026 0.559955 
0.000886 0.175188 0.798498 0.017382 0.008046 
0.001596 0.118002 0.529266 0.104931 0.246205 
0.000130 0.313694 0.479204 0.126937 0.080035 
0.029961 0.013815 0.129929 0.818799 0.007496 
0.004959 0.021258 0.398319 0.015130 0.560333 
0.126894 0.000668 0.058515 0.676280 0.137643 
0.022063 0.277161 0.578295 0.114414 0.008068 
0.000123 0.035186 0.368805 0.522342 0.073544 
0.000505 0.548480 0.446174 0.002166 0.002676 
0.346151 0.539932 0.015074 0.034909 0.063933 
0.001252 0.216551 0.675394 0.091534 0.015270 
0.311100 0.537966 0.031001 0.025661 0.094271 
0.208714 0.665867 0.003627 0.088735 0.033057 
0.000316 0.139086 0.707801 0.140836 0.011962 
0.095861 0.706472 0.000587 0.179082 0.017998 
0.173049 0.668436 0.007881 0.110836 0.039798 
0.087519 0.014081 0.747190 0.147919 0.003291 
0.193821 0.691673 0.023281 0.081371 0.009854 
0.168216 0.669589 0.051831 0.081574 0.028790 
0.228747 0.602227 0.108389 0.012718 0.047919 
0.016207 0.416578 0.498446 0.060148 0.008621 
0.035527 0.475292 0.330466 0.143095 0.015620 
0.121263 0.270624 0.201110 0.327833 0.079169 
0.186829 0.314405 0.182073 0.255091 0.061603 
0.314955 0.225048 0.063161 0.324568 0.072268 
0.031250 0.414601 0.313791 0.204376 0.035982 
0.139205 0.032268 0.013855 0.597095 0.217577 
0.249072 0.064169 0.008494 0.519398 0.158868 
0.046162 0.004009 0.010132 0.663011 0.276685 
0.005770 0.144263 0.185730 0.545889 0.118347 
0.054215 0.421268 0.213114 0.285783 0.025620 
0.000049 0.298958 0.359109 0.290704 0.051180 
0.244494 0.188064 0.083507 0.372848 0.111088 
0.112498 0.039259 0.099707 0.439236 0.309300 
0.001231 0.000127 0.620559 0.378083 0.000000 
0.004338 0.033949 0.035494 0.618785 0.307435 
0.033375 0.071238 0.517282 0.373971 0.004134 
0.034238 0.180698 0.055694 0.564268 0.165102 
0.043952 0.152799 0.047095 0.580987 0.175168 
0.045939 0.377027 0.043500 0.483531 0.050003 
0.000960 0.115174 0.119213 0.488616 0.276037 
0.002203 0.339981 0.087454 0.506073 0.064288 
0.009759 0.031669 0.668377 0.050619 0.239576 
0.111948 0.080273 0.360748 0.177147 0.269883 
0.020642 0.006480 0.423298 0.165707 0.383873 
0.332268 0.386387 0.216560 0.015060 0.049725 
0.007485 0.255451 0.248116 0.481048 0.007900 
0.037269 0.152025 0.094248 0.535776 0.180682 
0.012803 0.095380 0.119303 0.589605 0.182910 
0.002696 0.049417 0.388343 0.521355 0.038189 
0.005080 0.159526 0.298366 0.490971 0.046056 
0.001921 0.104239 0.250208 0.553506 0.090126 
0.004057 0.052833 0.198611 0.633069 0.111431 
0.001352 0.059319 0.133226 0.658415 0.147688 
0.005640 0.017490 0.217161 0.639073 0.120636 
0.040080 0.100830 0.832066 0.007923 0.019101 
0.094621 0.572778 0.009781 0.302067 0.020753 
0.082335 0.503874 0.017671 0.346568 0.049553 
0.207631 0.576015 0.062036 0.120973 0.033345 
0.185932 0.516857 0.081584 0.153960 0.061667 
0.164617 0.501478 0.063872 0.189789 0.080244 
0.041129 0.479673 0.020129 0.248596 0.210473 
0.127094 0.483618 0.034237 0.254266 0.100785 
0.075556 0.524258 0.068572 0.154588 0.177026 
0.466996 0.331507 0.199752 0.000555 0.001190 
0.279783 0.468338 0.117415 0.078844 0.055621 
0.402197 0.009478 0.200356 0.000795 0.387174 
0.126661 0.315719 0.117562 0.014606 0.425452 
0.000362 0.002889 0.081034 0.185321 0.730394 
0.035165 0.005384 0.000302 0.146554 0.812595 
0.001244 0.082518 0.000192 0.197086 0.718959 
0.001680 0.098294 0.002774 0.199037 0.698215 
0.000958 0.115499 0.000801 0.176724 0.706018 
0.018842 0.172381 0.000982 0.159279 0.648516 
0.004052 0.043245 0.203240 0.141007 0.608456 
0.001728 0.012372 0.058418 0.393396 0.534086 
0.000714 0.189224 0.056371 0.699521 0.054170 
0.000690 0.159883 0.035007 0.739744 0.064677 
0.144934 0.022154 0.006599 0.598928 0.227385 
0.251671 0.017073 0.128516 0.559782 0.042957 
0.109272 0.001660 0.174295 0.516273 0.198499 
0.013619 0.507039 0.047397 0.431460 0.000485 
0.036124 0.543295 0.057335 0.346647 0.016598 
0.375503 0.376650 0.235363 0.007684 0.004799 
0.001738 0.045360 0.542124 0.410488 0.000291 
0.008644 0.065440 0.001658 0.428839 0.495420 
0.127854 0.158552 0.647752 0.051443 0.014400 
0.058161 0.141906 0.143488 0.574865 0.081580 
0.083380 0.070625 0.280086 0.521792 0.044117 
0.366036 0.181999 0.387352 0.000283 0.064330 
0.012818 0.050357 0.004502 0.818492 0.113831 
0.106603 0.119626 0.079829 0.113679 0.580264 
0.040509 0.253742 0.596042 0.109693 0.000013 
0.005037 0.262357 0.066104 0.391817 0.274684 
0.097901 0.093888 0.000367 0.007238 0.800606 
0.225874 0.334558 0.283661 0.026650 0.129257 
0.078754 0.394285 0.108132 0.379479 0.039350 
0.187514 0.287301 0.411814 0.038993 0.074378 
0.132244 0.488593 0.176835 0.202306 0.000021 
0.002204 0.165817 0.827541 0.001519 0.002920 
0.035422 0.286573 0.237164 0.273011 0.167829 
0.071505 0.401048 0.254330 0.166929 0.106188 
0.010853 0.272215 0.021119 0.656059 0.039754 
0.143141 0.424239 0.130643 0.000092 0.301884 
0.027642 0.239359 0.539913 0.192966 0.000119 
0.039684 0.703048 0.240239 0.014935 0.002095 
0.065118 0.667566 0.219376 0.037916 0.010024 
0.044459 0.734970 0.156164 0.064335 0.000072 
0.001761 0.486261 0.428334 0.029652 0.053992 
0.458966 0.510792 0.005185 0.007274 0.017782 
0.034461 0.608694 0.290633 0.046545 0.019667 
0.226055 0.047400 0.069324 0.479882 0.177339 
0.018159 0.609311 0.262801 0.078138 0.031592 
0.002484 0.381664 0.395683 0.089665 0.130505 
0.263271 0.428033 0.098494 0.000567 0.209634 
0.003032 0.634928 0.207447 0.141891 0.012703 
0.151282 0.634335 0.123587 0.001046 0.089751 
0.048504 0.759893 0.000591 0.040339 0.150672 
0.509217 0.005964 0.097759 0.335354 0.051706 
0.014517 0.031646 0.025748 0.505595 0.422494 
0.001536 0.580668 0.024382 0.029639 0.363776 
0.075983 0.006953 0.824922 0.032771 0.059371 
0.002253 0.136023 0.256842 0.228019 0.376863 
0.007091 0.084808 0.372439 0.166940 0.368722 
0.074675 0.418346 0.273860 0.067340 0.165778 
0.001528 0.511201 0.016232 0.446875 0.024165 
0.424722 0.011173 0.006001 0.552608 0.005496 
0.430509 0.036343 0.025798 0.507349 0.000001 
0.255037 0.000748 0.021124 0.711602 0.011489 
0.001192 0.020261 0.102282 0.644014 0.232252 
0.132387 0.039749 0.000067 0.031064 0.796733 
0.024517 0.534776 0.119454 0.018433 0.302820 
0.021707 0.481378 0.004129 0.072042 0.420744 
0.000570 0.137430 0.091809 0.611893 0.158298 
0.118520 0.001353 0.142048 0.534245 0.203833 
0.040757 0.046871 0.637849 0.000655 0.273867 
0.038078 0.066120 0.522743 0.019334 0.353724 
0.005464 0.004515 0.716210 0.000013 0.273798 
0.007712 0.017010 0.582535 0.018518 0.374224 
0.075220 0.038282 0.641319 0.000011 0.245168 
0.004995 0.053465 0.462744 0.033698 0.445098 
0.004052 0.043366 0.438721 0.057580 0.456281 
0.008307 0.035771 0.488764 0.044033 0.423125 
0.014393 0.041829 0.614889 0.021615 0.307274 
0.004836 0.507832 0.048899 0.438431 0.000003 
0.003512 0.293783 0.131637 0.570123 0.000945 
0.000045 0.304473 0.129416 0.564520 0.001546 
0.000159 0.001758 0.468350 0.052651 0.477081 
0.028482 0.370723 0.124927 0.435867 0.040000 
0.000001 0.008021 0.374208 0.089424 0.528346 
0.000040 0.020256 0.332502 0.105144 0.542058 
0.002973 0.035990 0.279596 0.125516 0.555925 
0.016568 0.322542 0.471924 0.121252 0.067714 
0.194660 0.136466 0.073116 0.222782 0.372976 
0.086866 0.300154 0.112185 0.385697 0.115098 
0.207857 0.217955 0.070088 0.287643 0.216457 
0.393957 0.064458 0.009807 0.066608 0.465170 
0.263629 0.073124 0.026038 0.146997 0.490212 
0.266774 0.006278 0.713547 0.008263 0.005138 
0.106477 0.023343 0.075627 0.690079 0.104475 
0.153867 0.012823 0.794356 0.006772 0.032182 
0.154758 0.486951 0.266251 0.069789 0.022251 
0.127316 0.440817 0.282821 0.105474 0.043572 
0.250319 0.594177 0.140000 0.004196 0.011307 
0.026820 0.209723 0.266495 0.304216 0.192746 
0.046605 0.364441 0.232834 0.238944 0.117176 
0.012198 0.113080 0.270151 0.349632 0.254939 
0.000888 0.162833 0.522184 0.272537 0.041559 
0.047821 0.262011 0.440257 0.203462 0.046450 
0.016563 0.235534 0.234821 0.126533 0.386549 
0.016184 0.127970 0.011054 0.438286 0.406506 
0.018259 0.021512 0.253187 0.000481 0.706561 
0.001360 0.080445 0.009313 0.400808 0.508074 
0.043882 0.028116 0.004866 0.507172 0.415964 
0.037718 0.015230 0.186134 0.025025 0.735893 
0.214840 0.584702 0.032991 0.083094 0.084372 
0.018970 0.034088 0.005900 0.551768 0.389273 
0.022753 0.136891 0.013219 0.353745 0.473392 
0.000002 0.009085 0.008243 0.496576 0.486094 
0.014163 0.018988 0.055133 0.468057 0.443658 
0.015562 0.127977 0.001049 0.640204 0.215208 
0.118333 0.000152 0.245630 0.244172 0.391713 
0.020991 0.089263 0.279254 0.000069 0.610423 
0.000057 0.000063 0.024037 0.312963 0.662879 
0.040731 0.000378 0.127484 0.262914 0.568493 
0.001773 0.163774 0.176317 0.019372 0.638765 
0.000384 0.095903 0.194027 0.019000 0.690686 
0.077475 0.006567 0.175160 0.277216 0.463582 
0.086795 0.186678 0.230566 0.006500 0.489461 
0.227197 0.337462 0.007680 0.254201 0.173460 
0.065455 0.140780 0.198954 0.037474 0.557336 
0.008875 0.061028 0.208122 0.130933 0.591041 
0.071193 0.121801 0.492038 0.002703 0.312264 
0.005705 0.090314 0.462820 0.001209 0.439951 
0.149261 0.083573 0.497048 0.020854 0.249264 
0.017332 0.000007 0.495703 0.485540 0.001418 
0.008028 0.130278 0.190506 0.517842 0.153346 
0.156487 0.053648 0.389608 0.153471 0.246787 
0.005538 0.377170 0.034991 0.170824 0.411477 
0.008557 0.166555 0.332486 0.487546 0.004857 
0.040026 0.015843 0.800957 0.082703 0.060472 
0.102102 0.197789 0.192276 0.376282 0.131551 
0.164124 0.142863 0.256262 0.271788 0.164962 
0.000856 0.063200 0.576680 0.232807 0.126457 
0.016926 0.015843 0.713527 0.101455 0.152249 
0.003418 0.495200 0.021358 0.387916 0.092108 
0.007345 0.191089 0.151506 0.649716 0.000344 
0.000675 0.162589 0.173737 0.661544 0.001455 
0.008763 0.305451 0.161294 0.508970 0.015523 
0.030948 0.002395 0.155355 0.485272 0.326030 
0.008775 0.042641 0.013049 0.279568 0.655966 
0.051813 0.044188 0.374533 0.528144 0.001321 
0.099869 0.010725 0.253667 0.627226 0.008513 
0.000302 0.023720 0.068704 0.453991 0.453283 
0.069077 0.027103 0.306864 0.596766 0.000190 
0.001258 0.048202 0.042542 0.348069 0.559928 
0.004645 0.019771 0.081839 0.455618 0.438127 
0.020438 0.191628 0.576697 0.201490 0.009746 
0.000881 0.047306 0.197188 0.443968 0.310658 
0.006175 0.003257 0.108970 0.538749 0.342849 
0.005553 0.127506 0.622809 0.236368 0.007763 
0.029166 0.028088 0.431266 0.509914 0.001566 
0.015967 0.092434 0.421436 0.375290 0.094872 
0.000065 0.072771 0.596734 0.330430 0.000000 
0.000121 0.097448 0.633093 0.261578 0.007761 
0.004283 0.068101 0.574928 0.349829 0.002859 
0.005029 0.017169 0.549507 0.423249 0.005046 
0.159362 0.000000 0.214127 0.615778 0.010734 
0.079543 0.001689 0.295116 0.611226 0.012426 
0.065973 0.347890 0.535669 0.042950 0.007518 
0.000001 0.080668 0.648000 0.257577 0.013755 
0.082393 0.660020 0.008322 0.209265 0.040000 
0.000772 0.011682 0.615792 0.345969 0.025784 
0.001435 0.085557 0.160483 0.443287 0.309238 
0.000747 0.013961 0.068264 0.374999 0.542029 
0.145544 0.003074 0.054326 0.776702 0.020353 
0.024200 0.185432 0.351519 0.338529 0.100320 
0.137861 0.605833 0.037777 0.108273 0.110255 
0.010915 0.712329 0.010326 0.003906 0.262523 
0.760089 0.063525 0.003689 0.007174 0.165523 
0.011440 0.055467 0.182024 0.053338 0.697731 
0.017865 0.000385 0.142256 0.050817 0.788678 
0.263809 0.004320 0.252608 0.136467 0.342797 
0.113998 0.252078 0.047537 0.334134 0.252253 
0.177042 0.458361 0.190123 0.022996 0.151478 
0.207870 0.449683 0.200720 0.035441 0.106286 
0.199362 0.460096 0.191807 0.024790 0.123946 
0.114139 0.363260 0.200932 0.000734 0.320935 
0.107410 0.557265 0.114736 0.089962 0.130626 
0.042755 0.406579 0.107746 0.028040 0.414880 
0.059862 0.224335 0.131220 0.064829 0.519754 
0.022748 0.159874 0.077670 0.071354 0.668353 
0.037775 0.017229 0.223245 0.144969 0.576781 
0.329604 0.034870 0.549543 0.057382 0.028600 
0.330244 0.204499 0.415310 0.002554 0.047393 
0.094509 0.711131 0.019688 0.023896 0.150777 
0.314293 0.204754 0.414088 0.000003 0.066862 
0.260165 0.234326 0.350621 0.014176 0.140711 
0.240241 0.099621 0.535961 0.000211 0.123966 
0.170628 0.140055 0.327474 0.037917 0.323925 
0.013820 0.077472 0.325739 0.072827 0.510143 
0.005982 0.048503 0.311102 0.102118 0.532295 
0.128655 0.003034 0.318480 0.467026 0.082805 
0.153271 0.000054 0.285462 0.383442 0.177770 
0.002167 0.013505 0.771468 0.169214 0.043646 
0.034307 0.289746 0.097391 0.264733 0.313822 
0.129953 0.029176 0.000096 0.003146 0.837629 
0.030839 0.071136 0.072726 0.002082 0.823216 
0.103622 0.277112 0.452375 0.138877 0.028014 
0.030441 0.561213 0.275177 0.022333 0.110837 
0.010457 0.303105 0.335964 0.184581 0.165893 
0.265540 0.005212 0.183184 0.196684 0.349380 
0.205510 0.010091 0.141772 0.248197 0.394429 
0.000827 0.044820 0.145209 0.649875 0.159269 
0.000044 0.015437 0.170445 0.751802 0.062273 
0.003842 0.106785 0.233287 0.470541 0.185545 
0.007004 0.030019 0.121678 0.127301 0.713998 
0.513351 0.255060 0.138567 0.019879 0.073142 
0.012617 0.007639 0.752430 0.217127 0.010187 
0.304079 0.016641 0.014209 0.106686 0.558385 
0.124387 0.028803 0.187245 0.208095 0.451469 
0.070663 0.017169 0.137169 0.152633 0.622366 
0.051843 0.171856 0.316859 0.003426 0.456015 
0.071550 0.002181 0.180024 0.075365 0.670880 
0.035619 0.022577 0.073145 0.706738 0.161922 
0.020733 0.000710 0.023744 0.828963 0.125851 
0.043581 0.038674 0.423125 0.021710 0.472910 
0.005766 0.015320 0.819598 0.156052 0.003264 
0.083008 0.000091 0.840726 0.044432 0.031741 
0.000338 0.079101 0.700870 0.076417 0.143274 
0.001557 0.000137 0.828638 0.001194 0.168473 
0.002420 0.002250 0.019308 0.703689 0.272333 
0.000434 0.218278 0.141194 0.001383 0.638710 
0.002894 0.336886 0.098022 0.008034 0.554164 
0.221226 0.092973 0.031810 0.079606 0.574385 
0.005586 0.609802 0.006284 0.046512 0.331816 
0.038428 0.111433 0.000009 0.109884 0.740246 
0.136874 0.133173 0.015876 0.133051 0.581027 
0.446867 0.027612 0.105734 0.368798 0.050990 
0.080182 0.005432 0.425121 0.040867 0.448398 
0.016988 0.034938 0.408035 0.004516 0.535524 
0.035979 0.199707 0.177871 0.584558 0.001884 
0.181627 0.033552 0.008297 0.017495 0.759029 
0.149320 0.056434 0.102634 0.211079 0.480533 
0.088077 0.093063 0.024567 0.188439 0.605853 
0.025959 0.032537 0.105416 0.696887 0.139201 
0.000818 0.053512 0.001211 0.297673 0.646786 
0.070802 0.048120 0.076488 0.392159 0.412430 
0.030799 0.016982 0.035101 0.535893 0.381225 
0.016897 0.062286 0.020263 0.326978 0.573576 
0.038520 0.428010 0.032516 0.030986 0.469968 
0.542128 0.158471 0.277738 0.000150 0.021512 
0.127580 0.003163 0.136995 0.403932 0.328330 
0.741215 0.190604 0.025678 0.009261 0.033242 
0.477533 0.470076 0.023658 0.020982 0.007752 
0.307986 0.581659 0.060005 0.048460 0.001890 
0.262378 0.635879 0.065598 0.035328 0.000817 
0.211347 0.660903 0.089064 0.036551 0.002134 
0.133427 0.684440 0.123880 0.053534 0.004719 
0.050723 0.684971 0.236912 0.024283 0.003111 
0.001408 0.541158 0.439951 0.012857 0.004626 
0.261808 0.702379 0.006435 0.010096 0.019281 
0.099114 0.755565 0.080209 0.029870 0.035243 
0.296972 0.646308 0.004378 0.000975 0.051367 
0.209633 0.686608 0.031249 0.004186 0.068324 
0.147741 0.701696 0.069786 0.004732 0.076045 
0.068566 0.761388 0.113241 0.052856 0.003949 
0.050502 0.643608 0.223099 0.068111 0.014680 
0.000310 0.585559 0.373870 0.033337 0.006925 
0.437391 0.522190 0.014092 0.019349 0.006979 
0.289680 0.686451 0.022994 0.000005 0.000870 
0.166080 0.726276 0.086983 0.011524 0.009137 
0.108089 0.717944 0.132605 0.025364 0.015998 
0.035926 0.552318 0.333901 0.064550 0.013305 
0.002129 0.431259 0.515431 0.006510 0.044671 
0.000139 0.246583 0.607725 0.074844 0.070710 
0.169254 0.638054 0.133126 0.000239 0.059326 
0.148128 0.606591 0.183773 0.002798 0.058710 
0.101325 0.577655 0.262014 0.007452 0.051555 
0.053360 0.515028 0.392758 0.010326 0.028528 
0.000961 0.396940 0.595083 0.003768 0.003248 
0.214555 0.739741 0.029827 0.014182 0.001694 
0.085804 0.876501 0.000028 0.036835 0.000832 
0.031791 0.795036 0.045171 0.114426 0.013576 
0.347896 0.004601 0.519900 0.123934 0.003668 
0.607975 0.114154 0.010504 0.148686 0.118681 
0.535720 0.020240 0.012291 0.315393 0.116356 
0.701516 0.112027 0.005640 0.132828 0.047990 
0.373498 0.513622 0.000244 0.017770 0.094866 
0.124124 0.750707 0.079158 0.001661 0.044350 
0.055897 0.550899 0.240238 0.028815 0.124152 
0.001063 0.310725 0.514161 0.025610 0.148442 
0.084530 0.695788 0.000708 0.140176 0.078799 
0.085873 0.000821 0.470061 0.437764 0.005481 
0.088407 0.431336 0.012548 0.146779 0.320930 
0.344441 0.027989 0.089228 0.504966 0.033375 
0.619166 0.142528 0.005153 0.103927 0.129227 
0.520726 0.232676 0.057292 0.189040 0.000265 
0.415080 0.363336 0.009147 0.018837 0.193600 
0.338464 0.441841 0.015490 0.001735 0.202471 
0.142919 0.585220 0.106152 0.050460 0.115249 
0.078499 0.398730 0.265344 0.179155 0.078271 
0.000000 0.136534 0.621581 0.056239 0.185647 
0.109420 0.600686 0.110347 0.177325 0.002223 
0.015749 0.000446 0.027777 0.780119 0.175909 
0.027352 0.002861 0.016561 0.761099 0.192128 
0.059558 0.014728 0.005988 0.696335 0.223392 
0.209848 0.079573 0.495748 0.000415 0.214415 
0.463783 0.192951 0.001151 0.213212 0.128903 
0.533059 0.208143 0.163578 0.095157 0.000063 
0.672990 0.212839 0.067306 0.036203 0.010662 
0.724186 0.204520 0.034873 0.014505 0.021916 
0.085201 0.841385 0.028504 0.038865 0.006045 
0.072381 0.685613 0.110902 0.130846 0.000257 
0.850192 0.038327 0.064064 0.015139 0.032279 
0.259580 0.309179 0.000674 0.429057 0.001511 
0.000150 0.856150 0.000006 0.069943 0.073752 
0.225285 0.304889 0.289825 0.156833 0.023167 
0.718878 0.063924 0.121792 0.023645 0.071761 
0.148785 0.325465 0.015416 0.467274 0.043059 
0.329831 0.138367 0.018403 0.495609 0.017790 
0.559509 0.035058 0.049909 0.029674 0.325851 
0.684481 0.000014 0.084284 0.000028 0.231193 
0.565542 0.046509 0.000003 0.002149 0.385796 
0.193532 0.018639 0.021576 0.689264 0.076990 
0.084813 0.565814 0.002953 0.000139 0.346281 
0.050311 0.590374 0.091333 0.054125 0.213857 
0.096693 0.503515 0.022132 0.364617 0.013042 
0.065943 0.556955 0.027577 0.340731 0.008795 
0.051850 0.643009 0.131027 0.172090 0.002024 
0.534985 0.179384 0.195096 0.074490 0.016045 
0.000079 0.034344 0.637692 0.016425 0.311460 
0.154500 0.121707 0.401118 0.010664 0.312011 
0.145837 0.184099 0.272125 0.007321 0.390618 
0.387681 0.365422 0.016177 0.088099 0.142620 
0.434003 0.359635 0.021307 0.070662 0.114392 
0.531643 0.400323 0.008552 0.011650 0.047832 
0.714619 0.258235 0.011880 0.012190 0.003076 
0.405938 0.480987 0.034194 0.014454 0.064427 
0.602062 0.381799 0.001506 0.014099 0.000535 
0.133715 0.083224 0.061778 0.716449 0.004834 
0.225092 0.721203 0.017858 0.003013 0.032834 
0.584293 0.030952 0.185475 0.001705 0.197576 
0.848044 0.032081 0.000259 0.007467 0.112149 
0.052805 0.027244 0.113044 0.004032 0.802874 
0.593671 0.240437 0.097836 0.067986 0.000069 
0.709192 0.221382 0.037049 0.020105 0.012272 
0.682843 0.247657 0.040019 0.026693 0.002788 
0.584178 0.304173 0.003576 0.049954 0.058119 
0.649851 0.319130 0.000222 0.007068 0.023730 
0.570632 0.345325 0.005218 0.026574 0.052252 
0.530873 0.238443 0.000784 0.128032 0.101867 
0.003421 0.004734 0.617185 0.011834 0.362827 
0.028555 0.408325 0.475525 0.001575 0.086020 
0.110955 0.508129 0.174122 0.101117 0.105676 
0.035413 0.050063 0.821954 0.013017 0.079552 
0.134042 0.110689 0.114859 0.637271 0.003139 
0.542639 0.017809 0.247860 0.191687 0.000005 
0.061717 0.449245 0.003547 0.454235 0.031257 
0.725527 0.052519 0.014730 0.023900 0.183324 
0.610143 0.001204 0.061879 0.001332 0.325442 
0.348161 0.152090 0.315721 0.000355 0.183673 
0.311168 0.219446 0.001057 0.225402 0.242926 
0.440142 0.235521 0.005147 0.174304 0.144886 
0.016868 0.006855 0.000943 0.719486 0.255847 
0.021320 0.024234 0.634715 0.004147 0.315584 
0.010240 0.012296 0.610619 0.010447 0.356398 
0.242845 0.574438 0.069283 0.003767 0.109667 
0.290307 0.588738 0.059027 0.000481 0.061447 
0.381027 0.412078 0.032794 0.059040 0.115061 
0.534762 0.426330 0.008173 0.002711 0.028024 
0.000000 0.231826 0.555874 0.000743 0.211557 
0.063402 0.632828 0.088757 0.213746 0.001267 
0.048464 0.553702 0.262143 0.108537 0.027154 
0.236797 0.526631 0.051404 0.012493 0.172675 
0.143548 0.595650 0.050713 0.008341 0.201748 
0.317185 0.232695 0.061204 0.358924 0.029991 
0.044282 0.500392 0.198836 0.099837 0.156653 
0.040109 0.048226 0.741230 0.041231 0.129203 
0.212543 0.471315 0.178095 0.131290 0.006757 
0.189044 0.676075 0.033248 0.043208 0.058425 
0.109320 0.834944 0.017742 0.026479 0.011515 
0.598816 0.211942 0.089225 0.002816 0.097200 
0.019088 0.442547 0.014802 0.060242 0.463321 
0.685718 0.022247 0.063616 0.187943 0.040478 
0.231940 0.060660 0.229640 0.360427 0.117333 
0.048200 0.548185 0.127202 0.212818 0.063596 
0.664196 0.010457 0.292900 0.004059 0.028388 
0.124794 0.536253 0.017075 0.123429 0.198448 
0.445286 0.440662 0.045590 0.006925 0.061537 
0.549268 0.052458 0.026009 0.010856 0.361410 
0.455115 0.092634 0.038727 0.413381 0.000143 
0.689412 0.071474 0.013904 0.015228 0.209982 
0.722670 0.009434 0.090624 0.000980 0.176293 
0.816518 0.002238 0.052286 0.002734 0.126224 
0.490073 0.303906 0.011885 0.085616 0.108519 
0.565610 0.020355 0.175410 0.021694 0.216931 
0.371125 0.214719 0.002284 0.205175 0.206697 
0.230317 0.161124 0.311471 0.005465 0.291622 
0.424762 0.311415 0.008980 0.112832 0.142011 
0.387142 0.195405 0.001821 0.243410 0.172222 
0.005064 0.000580 0.003129 0.762427 0.228800 
0.000107 0.001812 0.586443 0.018441 0.393198 
0.010024 0.100585 0.688038 0.003743 0.197610 
0.001093 0.472301 0.227378 0.222756 0.076472 
0.347734 0.523735 0.000833 0.075550 0.052148 
0.301316 0.525202 0.060545 0.011754 0.101183 
0.234161 0.634480 0.075548 0.055796 0.000014 
0.377201 0.397019 0.025569 0.068692 0.131520 
0.389842 0.537859 0.034900 0.001622 0.035778 
0.140066 0.668326 0.115774 0.075834 0.000001 
0.092207 0.690021 0.151785 0.065895 0.000091 
0.360495 0.279949 0.002978 0.158909 0.197669 
0.336713 0.328805 0.003497 0.132043 0.198941 
0.000000 0.171356 0.597312 0.024116 0.207216 
0.067625 0.603586 0.183990 0.135329 0.009471 
0.098257 0.595704 0.063079 0.241024 0.001936 
0.033883 0.635272 0.186295 0.131229 0.013320 
0.024170 0.495817 0.353721 0.072860 0.053433 
0.108309 0.610076 0.090797 0.032299 0.158520 
0.350647 0.181226 0.100404 0.327372 0.040351 
0.259858 0.421729 0.001597 0.000817 0.316000 
0.201947 0.504906 0.019541 0.273301 0.000304 
0.005198 0.911478 0.018109 0.001523 0.063692 
0.133323 0.604709 0.174675 0.000013 0.087281 
0.000146 0.566081 0.172486 0.261250 0.000038 
0.005490 0.715037 0.083149 0.196216 0.000109 
0.175664 0.032893 0.673669 0.006192 0.111582 
0.311126 0.006182 0.529464 0.001572 0.151656 
0.093750 0.027876 0.553518 0.065546 0.259309 
0.212056 0.013609 0.520689 0.024248 0.229397 
0.325635 0.584520 0.034602 0.013466 0.041777 
0.514329 0.440296 0.002864 0.008956 0.033555 
0.496722 0.124321 0.016737 0.239445 0.122775 
0.171909 0.029840 0.374643 0.413776 0.009833 
0.404408 0.000581 0.022617 0.539617 0.032777 
0.209804 0.029768 0.052729 0.707302 0.000397 
0.104807 0.037878 0.441728 0.414883 0.000703 
0.289100 0.041597 0.007392 0.627908 0.034004 
0.019462 0.017100 0.932978 0.002212 0.028248 
0.000462 0.010879 0.950980 0.000059 0.037620 
0.628381 0.218743 0.037048 0.000597 0.115231 
0.051923 0.515861 0.006019 0.380014 0.046183 
0.618737 0.002065 0.325872 0.019634 0.033692 
0.536062 0.304238 0.141256 0.006146 0.012298 
0.478538 0.000153 0.074286 0.022145 0.424878 
0.114451 0.276406 0.006298 0.519422 0.083423 
0.677402 0.040269 0.026502 0.045390 0.210437 
0.557302 0.025235 0.061707 0.053645 0.302111 
0.178743 0.008434 0.246062 0.566705 0.000056 
0.147648 0.747407 0.032884 0.069166 0.002894 
0.097450 0.787215 0.069913 0.037104 0.008318 
0.082759 0.087390 0.413813 0.040455 0.375583 
0.004198 0.170238 0.624573 0.003919 0.197072 
0.009010 0.478048 0.010070 0.457156 0.045715 
0.222887 0.524136 0.040798 0.021728 0.190450 
0.192322 0.628308 0.099231 0.000081 0.080058 
0.130081 0.657405 0.114214 0.000316 0.097984 
0.095770 0.621541 0.173984 0.005576 0.103128 
0.105307 0.679472 0.086915 0.000002 0.128305 
0.114548 0.640866 0.069297 0.001273 0.174017 
0.056629 0.549370 0.175126 0.032289 0.186586 
0.087318 0.595137 0.168619 0.012435 0.136490 
0.169734 0.616121 0.071667 0.002866 0.139612 
0.083297 0.604772 0.136277 0.007890 0.167764 
0.066887 0.572749 0.035205 0.000063 0.325096 
0.041359 0.533176 0.080190 0.010589 0.334686 
0.075695 0.602588 0.109130 0.008164 0.204422 
0.014084 0.388990 0.180023 0.090062 0.326840 
0.032635 0.449241 0.232276 0.066991 0.218857 
0.022558 0.425322 0.217865 0.078336 0.255919 
0.055677 0.569271 0.236832 0.021385 0.116835 
0.004035 0.313095 0.240407 0.147380 0.295083 
0.240858 0.288451 0.207126 0.000914 0.262652 
0.000019 0.451767 0.455469 0.035135 0.057609 
0.269965 0.223162 0.000059 0.230770 0.276043 
0.116566 0.434983 0.001192 0.432742 0.014517 
0.079193 0.607219 0.287421 0.017155 0.009012 
0.001047 0.488365 0.293515 0.206702 0.010371 
0.010598 0.662878 0.128033 0.189353 0.009137 
0.016202 0.766708 0.048335 0.168613 0.000143 
0.100816 0.477706 0.218090 0.202357 0.001031 
0.238391 0.027086 0.518348 0.020468 0.195707 
0.015171 0.015320 0.496831 0.095373 0.377306 
0.435509 0.186917 0.000044 0.293044 0.084486 
0.157904 0.021427 0.433873 0.376112 0.010684 
0.433728 0.000197 0.045713 0.484131 0.036231 
0.195437 0.046116 0.089776 0.667870 0.000800 
0.091908 0.177203 0.123556 0.600010 0.007324 
0.094599 0.028255 0.528381 0.334515 0.014251 
0.018809 0.068847 0.000317 0.464083 0.447944 
0.256353 0.443519 0.011648 0.140864 0.147615 
0.361658 0.001632 0.346649 0.239151 0.050909 
0.758067 0.018873 0.147291 0.012361 0.063408 
0.709700 0.000127 0.205178 0.033174 0.051821 
0.001669 0.019847 0.680692 0.262396 0.035396 
0.581873 0.341357 0.059575 0.001460 0.015735 
0.065661 0.705626 0.054209 0.005635 0.168869 
0.128537 0.395959 0.001893 0.460864 0.012747 
0.411301 0.145710 0.095659 0.347210 0.000120 
0.397532 0.010806 0.006071 0.326770 0.258821 
0.271776 0.312807 0.257783 0.140379 0.017254 
0.443245 0.001446 0.076413 0.478314 0.000583 
0.260984 0.154375 0.007595 0.542650 0.034397 
0.350821 0.045398 0.068432 0.511679 0.023670 
0.148684 0.291265 0.013035 0.486932 0.060084 
0.015259 0.521007 0.316357 0.017164 0.130213 
0.023509 0.346666 0.037203 0.112959 0.479662 
0.001679 0.016669 0.725809 0.002214 0.253629 
0.051275 0.613374 0.313280 0.001206 0.020864 
0.024824 0.593685 0.265200 0.114104 0.002187 
0.267747 0.616752 0.015505 0.013915 0.086080 
0.135576 0.785384 0.035507 0.040132 0.003402 
0.260465 0.723449 0.000807 0.012716 0.002564 
0.070935 0.748128 0.108956 0.044480 0.027502 
0.007885 0.010886 0.432729 0.093977 0.454524 
0.129754 0.443302 0.002494 0.420357 0.004093 
0.301257 0.486320 0.042040 0.022885 0.147498 
0.269393 0.476679 0.032683 0.035051 0.186194 
0.022489 0.497147 0.140224 0.044296 0.295843 
0.043527 0.526942 0.165755 0.035436 0.228340 
0.001986 0.362286 0.132167 0.095539 0.408022 
0.022089 0.516012 0.328820 0.027266 0.105814 
0.008849 0.436003 0.358941 0.059490 0.136717 
0.421156 0.193144 0.099075 0.106281 0.180343 
0.229881 0.681900 0.000374 0.042356 0.045489 
0.120463 0.773900 0.001088 0.063040 0.041509 
0.029713 0.496407 0.450134 0.014259 0.009487 
0.079974 0.569172 0.305007 0.014319 0.031527 
0.166520 0.603041 0.168195 0.008608 0.053635 
0.415431 0.097814 0.002345 0.440080 0.044329 
0.002588 0.512962 0.162920 0.310794 0.010736 
0.021783 0.747433 0.067649 0.156786 0.006349 
0.032607 0.853346 0.015241 0.098319 0.000486 
0.062925 0.870697 0.001224 0.060120 0.005033 
0.040587 0.795183 0.019293 0.135774 0.009163 
0.077066 0.532152 0.255710 0.098928 0.036144 
0.565264 0.063208 0.033646 0.254078 0.083804 
0.709037 0.119508 0.008703 0.161684 0.001068 
0.675085 0.167748 0.016727 0.139242 0.001199 
0.679530 0.211100 0.006195 0.100673 0.002502 
0.006072 0.536137 0.050118 0.060034 0.347639 
0.000358 0.465108 0.045938 0.086730 0.401866 
0.002429 0.759480 0.000278 0.070959 0.166855 
0.001083 0.272298 0.100747 0.625872 0.000000 
0.363955 0.152655 0.006111 0.426105 0.051174 
0.005492 0.036971 0.590633 0.363785 0.003119 
0.015962 0.487442 0.368330 0.001917 0.126349 
0.436827 0.239777 0.015972 0.003109 0.304315 
0.253232 0.091822 0.543945 0.106786 0.004215 
0.596438 0.050548 0.010948 0.085595 0.256470 
0.680666 0.164692 0.062812 0.002432 0.089398 
0.617555 0.128832 0.092442 0.025327 0.135845 
0.012948 0.708452 0.192393 0.046728 0.039479 
0.000606 0.750653 0.124914 0.066684 0.057143 
0.003416 0.041916 0.908543 0.013013 0.033112 
0.225781 0.007627 0.058634 0.689263 0.018695 
0.163073 0.322115 0.000174 0.510117 0.004521 
0.009862 0.011662 0.868712 0.065085 0.044679 
0.310237 0.646024 0.000668 0.041884 0.001188 
0.556385 0.028530 0.196963 0.000012 0.218110 
0.543323 0.005107 0.127239 0.004588 0.319744 
0.198243 0.318610 0.039943 0.413591 0.029613 
0.208969 0.133000 0.000028 0.618534 0.039469 
0.195205 0.006466 0.112224 0.625923 0.060182 
0.393272 0.027083 0.065318 0.504277 0.010050 
0.526177 0.054107 0.013678 0.000481 0.405558 
0.166684 0.000023 0.176423 0.574035 0.082835 
0.030366 0.351808 0.484656 0.000483 0.132687 
0.078528 0.276239 0.000356 0.550991 0.093885 
0.043593 0.450796 0.000978 0.429908 0.074725 
0.528773 0.423899 0.002260 0.042152 0.002915 
0.413295 0.527620 0.017674 0.038387 0.003025 
0.264483 0.671662 0.049148 0.014619 0.000087 
0.061831 0.736455 0.131013 0.000178 0.070524 
0.177444 0.639547 0.057108 0.015793 0.110109 
0.601868 0.342530 0.037164 0.017705 0.000733 
0.000815 0.740223 0.244954 0.012519 0.001489 
0.013968 0.782681 0.176826 0.026495 0.000030 
0.271950 0.700281 0.001113 0.023724 0.002931 
0.411833 0.553167 0.009415 0.022467 0.003118 
0.004243 0.023377 0.403797 0.072858 0.495725 
0.009232 0.000138 0.422135 0.079118 0.489377 
0.070884 0.508263 0.067073 0.346738 0.007043 
0.025114 0.425584 0.110527 0.437124 0.001651 
0.180587 0.507572 0.007907 0.014746 0.289189 
0.491453 0.266061 0.124187 0.111945 0.006354 
0.640147 0.047523 0.298840 0.002836 0.010653 
0.082009 0.380111 0.005156 0.489252 0.043473 
0.164180 0.417631 0.414387 0.003271 0.000530 
0.225191 0.181415 0.005278 0.208572 0.379545 
0.008892 0.602451 0.348781 0.002945 0.036931 
0.096472 0.160712 0.285010 0.011965 0.445841 
0.174670 0.760987 0.000418 0.041518 0.022407 
0.281191 0.664743 0.023342 0.030194 0.000529 
0.000023 0.266305 0.628289 0.038309 0.067075 
0.365716 0.620684 0.001370 0.011919 0.000312 
0.021260 0.488795 0.471959 0.013381 0.004605 
0.012438 0.000291 0.441788 0.245977 0.299507 
0.180662 0.482759 0.021472 0.154480 0.160628 
0.391945 0.365977 0.000686 0.241274 0.000117 
0.399399 0.306571 0.004096 0.281645 0.008289 
0.252244 0.438126 0.022332 0.287159 0.000139 
0.136587 0.392913 0.062099 0.408326 0.000076 
0.021071 0.215617 0.624334 0.120965 0.018013 
0.060735 0.175651 0.746435 0.011662 0.005517 
0.067896 0.568975 0.000498 0.325219 0.037413 
0.422432 0.206814 0.231607 0.135109 0.004038 
0.201806 0.318757 0.208188 0.225262 0.045987 
0.106669 0.482800 0.228429 0.142901 0.039201 
0.495190 0.013037 0.094065 0.372414 0.025293 
0.605750 0.086556 0.182105 0.103148 0.022441 
0.379285 0.003688 0.010697 0.540011 0.066319 
0.015780 0.475496 0.500545 0.005196 0.002982 
0.345970 0.314660 0.048801 0.023966 0.266602 
0.371418 0.340241 0.000264 0.116062 0.172015 
0.711918 0.082604 0.008914 0.174310 0.022255 
0.447557 0.397503 0.001243 0.008113 0.145584 
0.380281 0.212109 0.030130 0.055162 0.322318 
0.700269 0.038962 0.092652 0.046666 0.121451 
0.128680 0.002839 0.114040 0.754175 0.000266 
0.150548 0.404456 0.093704 0.330982 0.020310 
0.426716 0.089974 0.020200 0.456062 0.007049 
0.000502 0.250747 0.054672 0.047808 0.646271 
0.000111 0.208101 0.223531 0.006498 0.561759 
0.004893 0.423168 0.518521 0.013028 0.040389 
0.023737 0.553060 0.378699 0.041398 0.003106 
0.079223 0.648637 0.234546 0.031651 0.005943 
0.158979 0.748921 0.080003 0.007005 0.005092 
0.218828 0.723751 0.054793 0.002453 0.000175 
0.113051 0.768120 0.112699 0.005057 0.001073 
0.013661 0.603716 0.302753 0.075838 0.004032 
0.000034 0.474757 0.418543 0.008410 0.098256 
0.299928 0.670778 0.026404 0.002044 0.000845 
0.103162 0.717619 0.087974 0.003165 0.088080 
0.049650 0.679207 0.191955 0.076853 0.002335 
0.284572 0.519687 0.020435 0.053750 0.121556 
0.419700 0.516166 0.019299 0.044815 0.000021 
0.525359 0.411686 0.026502 0.030532 0.005921 
0.478081 0.377814 0.074123 0.069619 0.000363 
0.212033 0.550295 0.040163 0.042980 0.154529 
0.175644 0.548157 0.063640 0.046812 0.165747 
0.144081 0.561550 0.086087 0.037329 0.170953 
0.118651 0.599409 0.100592 0.027231 0.154118 
0.634577 0.339294 0.018382 0.005514 0.002233 
0.013625 0.588926 0.232175 0.122855 0.042419 
0.000610 0.653730 0.272701 0.055835 0.017124 
0.340692 0.432116 0.002938 0.103635 0.120620 
0.069021 0.761791 0.096755 0.064272 0.008161 
0.035418 0.729784 0.154353 0.073483 0.006962 
0.036722 0.040179 0.474744 0.035534 0.412821 
0.015722 0.043433 0.390831 0.072346 0.477668 
0.622213 0.101827 0.243898 0.024549 0.007513 
0.013436 0.658549 0.039670 0.286272 0.002073 
0.045798 0.393036 0.007039 0.489893 0.064234 
0.192461 0.480488 0.014681 0.201670 0.110700 
0.292379 0.407958 0.006394 0.130843 0.162426 
0.266104 0.355470 0.004856 0.163070 0.210501 
0.256860 0.501387 0.010378 0.137606 0.093769 
0.017212 0.570288 0.332107 0.010512 0.069880 
0.224170 0.470493 0.013001 0.046314 0.246023 
0.016081 0.530175 0.075309 0.119630 0.258804 
0.022624 0.556360 0.014621 0.042298 0.364097 
0.166307 0.396447 0.003678 0.414049 0.019519 
0.658344 0.095137 0.160551 0.018946 0.067023 
0.359407 0.027630 0.021199 0.460857 0.130907 
0.303169 0.044743 0.167284 0.012298 0.472506 
0.139702 0.633748 0.191258 0.014322 0.020971 
0.130168 0.588625 0.226335 0.010634 0.044238 
0.000150 0.213063 0.627238 0.104325 0.055224 
0.253943 0.390121 0.294136 0.059106 0.002694 
0.065590 0.302403 0.356841 0.231335 0.043832 
0.228445 0.292055 0.254272 0.188571 0.036657 
0.469313 0.142481 0.178463 0.208990 0.000753 
0.299247 0.001601 0.003205 0.319459 0.376488 
0.722405 0.073412 0.091223 0.103393 0.009567 
0.613355 0.121367 0.035442 0.220233 0.009602 
0.468302 0.499900 0.018302 0.012656 0.000840 
0.525222 0.062044 0.003716 0.234545 0.174473 
0.212864 0.132906 0.134625 0.421605 0.098000 
0.267476 0.245099 0.044453 0.409407 0.033565 
0.003479 0.030946 0.462793 0.490061 0.012721 
0.413594 0.192336 0.032026 0.291203 0.070840 
0.054817 0.747749 0.045630 0.000111 0.151693 
0.562377 0.155849 0.069660 0.029625 0.182490 
0.723641 0.006575 0.064237 0.087754 0.117793 
0.560128 0.080050 0.051680 0.071584 0.236557 
0.008268 0.563982 0.000020 0.404342 0.023387 
0.024538 0.676646 0.003846 0.233514 0.061455 
0.057633 0.426127 0.002430 0.499469 0.014342 
0.661194 0.066351 0.097625 0.164461 0.010368 
0.003456 0.284347 0.046252 0.069613 0.596332 
0.003490 0.301867 0.580563 0.062584 0.051496 
0.062135 0.645516 0.271730 0.019524 0.001095 
0.184445 0.711102 0.091694 0.011288 0.001470 
0.144013 0.708761 0.131301 0.014459 0.001466 
0.010956 0.492592 0.318635 0.007538 0.170279 
0.390492 0.464831 0.039339 0.105072 0.000267 
0.414749 0.474755 0.025816 0.082158 0.002522 
0.369693 0.437868 0.004872 0.081229 0.106337 
0.285908 0.361552 0.016866 0.153417 0.182257 
0.292005 0.394858 0.016305 0.128579 0.168253 
0.185554 0.425880 0.054249 0.099787 0.234531 
0.387140 0.354142 0.000938 0.133213 0.124568 
0.222511 0.191655 0.374477 0.210655 0.000703 
0.210315 0.288025 0.000639 0.244245 0.256775 
0.174598 0.606668 0.038851 0.140419 0.039464 
0.241000 0.614028 0.010371 0.090036 0.044564 
0.039209 0.682349 0.114714 0.158321 0.005408 
0.000665 0.571737 0.111106 0.293694 0.022799 
0.488075 0.060834 0.427160 0.018418 0.005513 
0.003017 0.396352 0.352600 0.083707 0.164324 
0.003493 0.351852 0.319664 0.118375 0.206616 
0.020230 0.430102 0.284168 0.079104 0.186395 
0.158978 0.564521 0.025575 0.183053 0.067873 
0.109262 0.594720 0.033193 0.232859 0.029966 
0.122429 0.544545 0.026047 0.016715 0.290265 
0.041889 0.451356 0.000337 0.015105 0.491312 
0.122307 0.598520 0.038200 0.005575 0.235399 
0.201795 0.244003 0.528526 0.024782 0.000894 
0.430329 0.044331 0.309106 0.203177 0.013057 
0.192418 0.243243 0.017815 0.487373 0.059151 
0.158575 0.074223 0.725645 0.025533 0.016025 
0.412702 0.000213 0.019933 0.376894 0.190259 
0.022273 0.496353 0.434622 0.003754 0.042999 
0.030155 0.385252 0.409047 0.050552 0.124994 
0.011494 0.402823 0.525901 0.014521 0.045262 
0.000218 0.246671 0.600675 0.059852 0.092584 
0.193880 0.613966 0.138567 0.005941 0.047647 
0.190999 0.638837 0.117741 0.000055 0.052368 
0.576323 0.186796 0.192711 0.043987 0.000183 
0.083006 0.319327 0.406370 0.189366 0.001930 
0.054757 0.840358 0.038455 0.037649 0.028781 
0.422030 0.018973 0.249475 0.309486 0.000036 
0.588488 0.037639 0.167696 0.204594 0.001583 
0.215980 0.097088 0.386425 0.229983 0.070525 
0.471766 0.119764 0.143238 0.248864 0.016369 
0.125269 0.376135 0.412338 0.085023 0.001234 
0.001778 0.015783 0.809367 0.037540 0.135532 
0.563609 0.111747 0.074571 0.057022 0.193052 
0.509591 0.200691 0.032329 0.011193 0.246196 
0.007309 0.491768 0.310227 0.017336 0.173360 
0.060229 0.053207 0.617674 0.069530 0.199359 
0.014997 0.225166 0.006795 0.008833 0.744210 
0.009766 0.477940 0.481625 0.005712 0.024957 
0.001772 0.286961 0.588294 0.063421 0.059552 
0.023407 0.555680 0.382351 0.036702 0.001861 
0.075282 0.731895 0.185245 0.007545 0.000033 
0.193381 0.634747 0.117590 0.052969 0.001312 
0.096272 0.695796 0.165929 0.030785 0.011219 
0.000829 0.568224 0.366372 0.000001 0.064574 
0.047017 0.649758 0.192428 0.000481 0.110316 
0.112454 0.689491 0.054860 0.135205 0.007990 
0.389726 0.166869 0.336982 0.104310 0.002113 
0.363190 0.327392 0.000354 0.162641 0.146422 
0.006120 0.455549 0.286000 0.151464 0.100867 
0.147125 0.515686 0.015885 0.250893 0.070411 
0.087883 0.517070 0.011209 0.333113 0.050724 
0.096376 0.436676 0.348543 0.000094 0.118311 
0.065297 0.637868 0.041323 0.246421 0.009091 
0.002431 0.395867 0.000571 0.570422 0.030709 
0.000091 0.271516 0.007657 0.009985 0.710751 
0.084797 0.074602 0.668992 0.046508 0.125101 
0.125068 0.121593 0.643556 0.046707 0.063075 
0.187539 0.250918 0.001715 0.493903 0.065924 
0.230263 0.258712 0.012572 0.447497 0.050956 
0.497142 0.098276 0.056734 0.239606 0.108242 
0.010495 0.012802 0.024442 0.867267 0.084993 
0.434975 0.062339 0.087332 0.414821 0.000534 
0.302621 0.246491 0.178115 0.152323 0.120450 
0.342454 0.575942 0.015908 0.006731 0.058965 
0.366748 0.374468 0.101587 0.078988 0.078209 
0.014507 0.000256 0.406654 0.542134 0.036449 
0.283117 0.173669 0.013081 0.522078 0.008055 
0.300878 0.518775 0.172188 0.001361 0.006797 
0.031314 0.424411 0.448096 0.000378 0.095801 
0.134612 0.286071 0.113344 0.390890 0.075083 
0.015823 0.403942 0.002609 0.239678 0.337948 
0.000670 0.024409 0.473215 0.171786 0.329920 
0.549717 0.018960 0.065545 0.100121 0.265657 
0.060366 0.068041 0.007910 0.756546 0.107137 
0.000336 0.088135 0.023963 0.022996 0.864569 
0.014644 0.510213 0.450557 0.001792 0.022794 
0.023460 0.546962 0.424544 0.002201 0.002833 
0.092653 0.703627 0.194673 0.002631 0.006416 
0.083778 0.636233 0.264040 0.005846 0.010102 
0.100459 0.569124 0.268977 0.045133 0.016307 
0.034961 0.520196 0.224900 0.002618 0.217325 
0.023524 0.569137 0.245388 0.000001 0.161951 
0.012949 0.594915 0.191954 0.169048 0.031133 
0.396829 0.241656 0.243616 0.117426 0.000473 
0.001347 0.499453 0.320691 0.106467 0.072042 
0.063963 0.186569 0.701238 0.042964 0.005265 
0.081118 0.327843 0.407377 0.008526 0.175136 
0.011023 0.460732 0.016315 0.003337 0.508593 
0.044301 0.273149 0.146572 0.006504 0.529475 
0.152309 0.442876 0.001786 0.063851 0.339179 
0.984501 0.001414 0.002202 0.011294 0.000589 
0.009928 0.604396 0.122933 0.004074 0.258669 
0.281505 0.530829 0.047498 0.021124 0.119044 
0.368631 0.224442 0.007627 0.038158 0.361142 
0.063208 0.367735 0.064249 0.383725 0.121083 
0.011302 0.000849 0.176464 0.811039 0.000345 
0.192711 0.192621 0.008034 0.036690 0.569946 
0.270506 0.119350 0.089618 0.519935 0.000591 
0.019242 0.193964 0.003336 0.571038 0.212420 
0.251785 0.593543 0.080309 0.074341 0.000022 
0.227474 0.642269 0.086902 0.043331 0.000024 
0.332535 0.180583 0.335309 0.144297 0.007276 
0.270133 0.095001 0.493458 0.104854 0.036554 
0.065202 0.318942 0.573305 0.041527 0.001024 
0.002027 0.248815 0.643612 0.019489 0.086057 
0.127473 0.264744 0.215292 0.004666 0.387825 
0.002468 0.451231 0.038334 0.019081 0.488886 
0.006204 0.056842 0.239473 0.077335 0.620146 
0.143394 0.116858 0.015259 0.692730 0.031759 
0.009104 0.234800 0.358543 0.087272 0.310281 
0.129182 0.660166 0.182649 0.021983 0.006020 
0.326422 0.531129 0.057453 0.084928 0.000068 
0.310560 0.500944 0.060386 0.128050 0.000060 
0.259874 0.540309 0.089583 0.110210 0.000023 
0.329562 0.463480 0.052540 0.154391 0.000027 
0.011163 0.466174 0.297982 0.004608 0.220074 
0.045304 0.469293 0.202577 0.015053 0.267772 
0.092999 0.471998 0.157277 0.036084 0.241641 
0.144720 0.385233 0.056855 0.112562 0.300630 
0.162133 0.149684 0.439666 0.248495 0.000022 
0.015776 0.094530 0.532133 0.031892 0.325669 
0.033808 0.161954 0.470373 0.056629 0.277235 
0.147291 0.181457 0.294478 0.005142 0.371632 
0.144141 0.076848 0.612792 0.142726 0.023493 
0.209962 0.353955 0.001427 0.145752 0.288904 
0.194230 0.077644 0.022342 0.165739 0.540046 
0.304623 0.087495 0.000617 0.101404 0.505862 
0.613738 0.021433 0.196591 0.032799 0.135439 
0.072198 0.455445 0.047864 0.014223 0.410271 
0.068608 0.207803 0.005275 0.274504 0.443809 
0.082176 0.017716 0.832963 0.033879 0.033266 
0.096369 0.067788 0.151862 0.503483 0.180498 
0.185414 0.001219 0.463928 0.302788 0.046651 
0.077326 0.165080 0.011722 0.606103 0.139769 
0.752868 0.007949 0.170984 0.045475 0.022724 
0.142609 0.609755 0.174957 0.067119 0.005560 
0.230361 0.543350 0.100658 0.124507 0.001123 
0.020899 0.738235 0.111867 0.100052 0.028947 
0.058429 0.000330 0.758765 0.108961 0.073515 
0.072519 0.010278 0.117684 0.129408 0.670111 
0.180225 0.045845 0.743596 0.009388 0.020946 
0.558758 0.240114 0.025154 0.000693 0.175282 
0.080275 0.085080 0.142120 0.476530 0.215995 
0.033026 0.843033 0.082699 0.009453 0.031789 
0.120425 0.747857 0.049622 0.024207 0.057889 
0.104139 0.113656 0.539825 0.226040 0.016339 
0.047555 0.499599 0.231029 0.218882 0.002935 
0.186914 0.026807 0.366128 0.042643 0.377507 
0.044612 0.094876 0.505049 0.000599 0.354864 
0.302444 0.444910 0.063149 0.188768 0.000729 
0.003554 0.380100 0.273767 0.000330 0.342249 
0.087464 0.528593 0.157065 0.027718 0.199161 
0.092708 0.411738 0.144383 0.060348 0.290824 
0.054083 0.028272 0.091381 0.207017 0.619248 
0.036647 0.021791 0.056838 0.267679 0.617044 
0.049069 0.032047 0.058660 0.251863 0.608362 
0.008389 0.007140 0.021095 0.370473 0.592902 
0.021257 0.019164 0.005322 0.404489 0.549769 
0.000236 0.044045 0.593379 0.028996 0.333343 
0.002086 0.428480 0.132923 0.436511 0.000000 
0.171479 0.493336 0.008411 0.150258 0.176516 
0.029470 0.271427 0.586939 0.005512 0.106653 
0.054347 0.157190 0.625171 0.020091 0.143200 
0.121456 0.000598 0.128492 0.088518 0.660936 
0.000556 0.073366 0.045590 0.624170 0.256317 
0.000715 0.264909 0.199772 0.013942 0.520661 
0.000345 0.338450 0.328743 0.003831 0.328632 
0.167742 0.433911 0.097718 0.271625 0.029004 
0.152081 0.461250 0.078866 0.077889 0.229914 
0.162812 0.354172 0.035217 0.156336 0.291463 
0.207482 0.325037 0.011717 0.199229 0.256534 
0.055546 0.127911 0.331170 0.464590 0.020782 
0.123911 0.362986 0.035429 0.124552 0.353121 
0.062064 0.306521 0.027710 0.105389 0.498316 
0.348315 0.007420 0.415676 0.217060 0.011529 
0.005458 0.845849 0.105150 0.040388 0.003155 
0.411088 0.555608 0.025987 0.007285 0.000033 
0.011809 0.320034 0.154516 0.023100 0.490541 
0.032356 0.051451 0.443993 0.000640 0.471560 
0.063485 0.042115 0.025256 0.308376 0.560769 
0.120361 0.105520 0.056147 0.580683 0.137288 
0.012553 0.237916 0.034182 0.540488 0.174861 
0.069759 0.025536 0.436755 0.432640 0.035310 
0.055324 0.033929 0.596374 0.180131 0.134241 
0.001847 0.410104 0.578054 0.009310 0.000684 
0.006495 0.463088 0.525204 0.005037 0.000176 
0.003441 0.340736 0.579323 0.045417 0.031082 
0.265283 0.637550 0.068066 0.000458 0.028643 
0.210267 0.571534 0.144616 0.069189 0.004395 
0.053240 0.115136 0.750741 0.043739 0.037145 
0.031059 0.066441 0.842038 0.024546 0.035915 
0.001412 0.174118 0.019343 0.030387 0.774740 
0.026352 0.102601 0.697677 0.075985 0.097385 
0.038894 0.118553 0.700377 0.075488 0.066688 
0.025886 0.005766 0.014482 0.920798 0.033069 
0.138196 0.066988 0.238907 0.339686 0.216223 
0.113359 0.120145 0.067966 0.592765 0.105766 
0.078147 0.064973 0.378100 0.312732 0.166049 
0.007421 0.144537 0.373330 0.166091 0.308622 
0.126961 0.117332 0.022031 0.357564 0.376112 
0.241859 0.582453 0.119576 0.035941 0.020172 
0.215341 0.610978 0.121222 0.014227 0.038233 
0.003021 0.153188 0.173706 0.669267 0.000818 
0.026333 0.161113 0.474181 0.219902 0.118472 
0.032325 0.165019 0.582090 0.135075 0.085491 
0.020969 0.214904 0.521248 0.174708 0.068171 
0.078980 0.058398 0.195136 0.384692 0.282794 
0.101750 0.179743 0.016339 0.584079 0.118089 
0.004005 0.063673 0.544331 0.386204 0.001787 
0.191939 0.094901 0.008364 0.704268 0.000527 
0.340119 0.039723 0.062408 0.046195 0.511555 
0.046097 0.213141 0.627909 0.076542 0.036312 
0.025167 0.029255 0.502636 0.411399 0.031543 
0.020008 0.215178 0.567565 0.029165 0.168084 
0.000007 0.112842 0.684967 0.048663 0.153521 
0.346828 0.021508 0.316001 0.286282 0.029381 
0.054937 0.340518 0.002546 0.542292 0.059707 
0.026360 0.172458 0.008842 0.582888 0.209453 
0.039143 0.062298 0.001782 0.891276 0.005502 
0.051597 0.194966 0.702839 0.036638 0.013960 
0.154639 0.101912 0.012541 0.710646 0.020262 
0.026935 0.276047 0.567310 0.102318 0.027390 
0.017438 0.308420 0.619067 0.052922 0.002154 
0.000363 0.000947 0.444167 0.445056 0.109468 
0.005107 0.775120 0.197553 0.012740 0.009480 
0.000126 0.420741 0.386348 0.003164 0.189621 
0.112916 0.123692 0.345419 0.331323 0.086649 
0.083702 0.064813 0.399612 0.383304 0.068569 
0.001991 0.281623 0.080699 0.500462 0.135225 
0.002941 0.561545 0.254979 0.045232 0.135303 
0.107933 0.165522 0.339774 0.299207 0.087564 
0.394099 0.210184 0.063192 0.317962 0.014563 
0.285518 0.354041 0.003237 0.321489 0.035715 
0.356952 0.364421 0.003813 0.266127 0.008688 
0.003294 0.628981 0.252772 0.032479 0.082474 
0.000873 0.074397 0.428688 0.423320 0.072722 
0.043344 0.225076 0.470968 0.253189 0.007424 
0.077283 0.043473 0.707117 0.000069 0.172058 
0.001498 0.488189 0.208000 0.079204 0.223109 
0.001846 0.192409 0.536030 0.252446 0.017269 
0.108500 0.329158 0.504074 0.022367 0.035900 
0.000695 0.134276 0.618597 0.026494 0.219939 
0.014359 0.085475 0.389995 0.358486 0.151686 
0.017291 0.119076 0.784242 0.003933 0.075458 
0.004627 0.357859 0.239987 0.370788 0.026739 
0.383871 0.585942 0.009569 0.001699 0.018919 
0.270944 0.712812 0.006499 0.000537 0.009208 
0.214402 0.011212 0.331277 0.442367 0.000741 
0.078774 0.770015 0.009316 0.104742 0.037153 
0.005158 0.170689 0.396509 0.339397 0.088246 
0.081373 0.217504 0.092537 0.608473 0.000113 
0.020404 0.180051 0.190060 0.568278 0.041208 
0.053862 0.013174 0.913901 0.003890 0.015173 
0.000813 0.002101 0.006085 0.970343 0.020657 
0.002915 0.131516 0.737745 0.122593 0.005231 
0.000937 0.096014 0.289040 0.483706 0.130303 
0.007449 0.013053 0.774885 0.144426 0.060187 
0.232613 0.052638 0.653772 0.002317 0.058660 
0.179409 0.476413 0.289604 0.054537 0.000037 
0.019456 0.060024 0.255997 0.663473 0.001050 
0.109790 0.341530 0.494468 0.047676 0.006535 
0.020753 0.042995 0.087090 0.149591 0.699570 
0.015513 0.008012 0.178572 0.062552 0.735352 
0.402098 0.088046 0.003052 0.493488 0.013315 
0.061122 0.051138 0.489232 0.002870 0.395638 
0.011102 0.001711 0.727781 0.068460 0.190945 
0.158148 0.108246 0.397329 0.053150 0.283127 
0.138415 0.601124 0.007791 0.121105 0.131566 
0.236130 0.174469 0.005434 0.309599 0.274368 
0.019923 0.001268 0.175873 0.746737 0.056199 
0.004213 0.000038 0.280780 0.671510 0.043459 
0.355423 0.483755 0.088224 0.021949 0.050649 
0.266138 0.379174 0.205376 0.004284 0.145028 
0.056943 0.015110 0.129167 0.717372 0.081408 
0.123457 0.057083 0.765592 0.053274 0.000594 
0.043473 0.838996 0.064045 0.008865 0.044620 
0.029189 0.177350 0.679509 0.029191 0.084761 
0.162627 0.550508 0.006842 0.118423 0.161601 
0.002598 0.416908 0.036746 0.440195 0.103552 
0.062374 0.369080 0.076551 0.246264 0.245732 
0.486866 0.069838 0.344781 0.029402 0.069113 
0.025247 0.608413 0.036096 0.321348 0.008896 
0.363108 0.007499 0.502301 0.011682 0.115410 
0.484176 0.015375 0.443106 0.000417 0.056927 
0.308296 0.000222 0.562617 0.001129 0.127735 
0.275656 0.436964 0.003528 0.039156 0.244696 
0.040197 0.350047 0.020957 0.097443 0.491356 
0.293468 0.191652 0.435635 0.058926 0.020319 
0.016887 0.456296 0.284534 0.020159 0.222124 
0.091293 0.570132 0.264002 0.012117 0.062456 
0.055788 0.456837 0.328199 0.042415 0.116761 
0.153610 0.562451 0.168368 0.000070 0.115501 
0.212567 0.264074 0.123369 0.396334 0.003656 
0.089445 0.281124 0.240864 0.000942 0.387624 
0.000765 0.113603 0.155046 0.000445 0.730141 
0.159675 0.204042 0.109676 0.498263 0.028344 
0.342458 0.175740 0.009594 0.433267 0.038941 
0.011703 0.267205 0.354107 0.132250 0.234735 
0.121280 0.412501 0.000284 0.204343 0.261591 
0.006871 0.306375 0.385045 0.002120 0.299588 
0.012718 0.207080 0.299903 0.030802 0.449496 
0.039066 0.216874 0.195097 0.000949 0.548014 
0.000545 0.420853 0.000006 0.393000 0.185597 
0.652384 0.148147 0.095588 0.055320 0.048561 
0.112280 0.090079 0.082107 0.039576 0.675958 
0.069706 0.298537 0.053418 0.165293 0.413047 
0.069951 0.092227 0.082575 0.082028 0.673219 
0.201474 0.062690 0.068751 0.000084 0.667001 
0.019556 0.056501 0.061911 0.124015 0.738016 
0.031051 0.017285 0.185382 0.039908 0.726374 
0.051138 0.060758 0.100500 0.115276 0.672329 
0.073607 0.058550 0.119131 0.085028 0.663684 
0.205955 0.139892 0.040607 0.003449 0.610098 
0.006500 0.292088 0.109966 0.052882 0.538563 
0.248074 0.176386 0.029329 0.000995 0.545216 
0.116212 0.348463 0.066494 0.150380 0.318451 
0.273217 0.214548 0.015562 0.000100 0.496573 
0.016737 0.357334 0.165192 0.041195 0.419541 
0.103025 0.458044 0.110769 0.095013 0.233149 
0.231838 0.140355 0.586004 0.041790 0.000014 
0.265667 0.005718 0.000553 0.003012 0.725050 
0.340858 0.008166 0.012410 0.020710 0.617855 
0.054676 0.018677 0.155304 0.001137 0.770207 
0.047393 0.137475 0.038146 0.014056 0.762931 
0.018535 0.079722 0.012628 0.888607 0.000508 
0.043677 0.056402 0.041604 0.856281 0.002037 
0.170598 0.090735 0.078659 0.008232 0.651775 
0.000902 0.328839 0.025331 0.601681 0.043247 
0.028286 0.108813 0.059047 0.778605 0.025250 
0.004058 0.012466 0.201134 0.752798 0.029544 
0.001969 0.117331 0.149334 0.653705 0.077662 
0.002290 0.071960 0.255809 0.537031 0.132910 
0.001227 0.232434 0.160082 0.419942 0.186315 
0.212879 0.000000 0.112501 0.625534 0.049086 
0.035180 0.038596 0.107143 0.798482 0.020600 
0.102549 0.010703 0.049298 0.831829 0.005621 
0.000261 0.177715 0.214447 0.381467 0.226110 
0.002489 0.078757 0.188816 0.647400 0.082539 
0.244651 0.179883 0.281684 0.000791 0.292991 
0.187078 0.237528 0.256625 0.008642 0.310127 
0.049256 0.389527 0.085419 0.281745 0.194053 
0.000010 0.175602 0.246842 0.113864 0.463683 
0.000836 0.217061 0.213426 0.167764 0.400913 
0.136959 0.291696 0.272959 0.011639 0.286746 
0.143539 0.287115 0.144654 0.002304 0.422389 
0.129926 0.296408 0.185299 0.018061 0.370306 
0.090407 0.358988 0.166256 0.031476 0.352872 
0.129851 0.000367 0.279122 0.076570 0.514090 
0.102510 0.000126 0.331030 0.086365 0.479969 
0.055431 0.406806 0.054911 0.000491 0.482361 
0.002808 0.078129 0.018303 0.130438 0.770321 
0.052599 0.014956 0.168050 0.000627 0.763768 
0.104056 0.000554 0.192718 0.010330 0.692342 
0.000954 0.141843 0.169197 0.021440 0.666565 
0.087054 0.004969 0.231293 0.020541 0.656142 
0.005183 0.249850 0.198407 0.162228 0.384332 
0.014461 0.215630 0.093898 0.015681 0.660330 
0.006961 0.108419 0.006324 0.094698 0.783597 
0.045794 0.334449 0.056324 0.071507 0.491925 
0.069475 0.422887 0.031370 0.103427 0.372841 
0.095243 0.302805 0.000215 0.008674 0.593063 
0.107405 0.452700 0.024982 0.117997 0.296917 
0.534493 0.003024 0.002572 0.303141 0.156771 
0.237423 0.030267 0.002815 0.383094 0.346401 
0.112321 0.024197 0.028924 0.718684 0.115874 
0.028837 0.041703 0.246291 0.659318 0.023851 
0.003646 0.105300 0.133620 0.725272 0.032162 
0.000017 0.135385 0.162356 0.689342 0.012901 
0.059469 0.037969 0.001719 0.784974 0.115869 
0.166862 0.030651 0.000163 0.315541 0.486782 
0.000058 0.545925 0.181711 0.106985 0.165320 
0.003683 0.140468 0.340124 0.001256 0.514469 
0.000000 0.002924 0.017781 0.027970 0.951325 
0.028922 0.028884 0.041056 0.032904 0.868234 
0.261939 0.509080 0.008496 0.006888 0.213597 
0.054158 0.007374 0.129256 0.138897 0.670315 
0.375451 0.003236 0.192953 0.373338 0.055022 
0.276296 0.126447 0.462205 0.110868 0.024183 
0.172202 0.511323 0.209100 0.107107 0.000268 
0.130999 0.270752 0.324950 0.232400 0.040900 
0.000030 0.888108 0.003581 0.015962 0.092319 
0.120518 0.051136 0.026378 0.696996 0.104972 
0.000102 0.121536 0.180906 0.084262 0.613195 
0.018123 0.035428 0.020507 0.910587 0.015355 
0.281981 0.046984 0.003011 0.481913 0.186111 
0.053854 0.007980 0.002129 0.679269 0.256767 
0.048320 0.600722 0.051702 0.002658 0.296598 
0.159966 0.001370 0.394533 0.024577 0.419554 
0.016987 0.058737 0.364164 0.196346 0.363766 
0.000057 0.080213 0.306441 0.612721 0.000569 
0.126297 0.039606 0.124459 0.497001 0.212637 
0.133653 0.686450 0.126475 0.025604 0.027818 
0.037988 0.273642 0.645611 0.006449 0.036309 
0.026740 0.002466 0.025613 0.530913 0.414268 
0.058736 0.336784 0.601682 0.002615 0.000183 
0.004686 0.145768 0.709974 0.016704 0.122869 
0.002195 0.037281 0.615134 0.006642 0.338749 
0.024268 0.773475 0.020318 0.000198 0.181740 
0.020308 0.039766 0.522241 0.397815 0.019870 
0.221770 0.206399 0.552533 0.018614 0.000683 
0.103470 0.158619 0.674995 0.005218 0.057699 
0.201733 0.098765 0.661069 0.024341 0.014092 
0.083107 0.058236 0.727967 0.096784 0.033907 
0.089048 0.440941 0.353861 0.108997 0.007153 
0.006070 0.045523 0.631436 0.219878 0.097093 
0.000189 0.000019 0.649111 0.118394 0.232288 
0.104710 0.248501 0.558268 0.040800 0.047721 
0.014675 0.405478 0.244862 0.282860 0.052125 
0.025417 0.060578 0.777241 0.001042 0.135722 
0.061191 0.334205 0.058651 0.545543 0.000410 
0.000553 0.027380 0.879161 0.053427 0.039478 
0.054276 0.031228 0.650986 0.139544 0.123967 
0.001588 0.283312 0.084258 0.630253 0.000589 
0.000134 0.791746 0.203123 0.004430 0.000566 
0.174338 0.393163 0.194757 0.004044 0.233697 
0.044340 0.149851 0.642519 0.037918 0.125372 
0.075666 0.236786 0.290231 0.071555 0.325762 
0.055698 0.093831 0.448420 0.195196 0.206854 
0.074724 0.458423 0.139200 0.000430 0.327222 
0.111929 0.190102 0.108633 0.584360 0.004975 
0.017163 0.083967 0.404846 0.213188 0.280835 
0.029281 0.228656 0.229498 0.068176 0.444389 
0.149502 0.086965 0.060150 0.645622 0.057761 
0.009521 0.428130 0.048337 0.491604 0.022408 
0.004542 0.702060 0.257998 0.030733 0.004668 
0.000976 0.056149 0.352465 0.242414 0.347996 
0.281139 0.019908 0.007285 0.592768 0.098900 
0.000645 0.659975 0.297742 0.041525 0.000113 
0.003145 0.011522 0.495559 0.397785 0.091989 
0.002548 0.018978 0.420247 0.447391 0.110835 
0.000085 0.354462 0.496793 0.079629 0.069032 
0.000077 0.357160 0.448402 0.071872 0.122489 
0.000012 0.361760 0.437449 0.058823 0.141956 
0.112507 0.653392 0.094290 0.056023 0.083788 
0.222993 0.614404 0.154709 0.007884 0.000010 
0.160211 0.597176 0.079999 0.045820 0.116794 
0.197073 0.557133 0.069923 0.038715 0.137157 
0.259231 0.517801 0.014693 0.000022 0.208252 
0.000090 0.189649 0.071308 0.628323 0.110629 
0.019029 0.367921 0.042477 0.523339 0.047234 
0.249696 0.005281 0.659591 0.074723 0.010708 
0.067725 0.013113 0.720185 0.196781 0.002196 
0.384165 0.531261 0.036741 0.036326 0.011506 
0.030941 0.522352 0.428954 0.017751 0.000002 
0.107593 0.576815 0.240635 0.072883 0.002074 
0.137750 0.484350 0.196696 0.163930 0.017274 
0.179679 0.510739 0.137021 0.167987 0.004573 
0.302088 0.527071 0.123449 0.046917 0.000474 
0.579020 0.080497 0.169294 0.002051 0.169137 
0.123210 0.271790 0.281749 0.235165 0.088086 
0.195489 0.403438 0.050715 0.316556 0.033801 
0.091465 0.301238 0.007875 0.515911 0.083511 
0.135244 0.421579 0.117657 0.295285 0.030235 
0.108780 0.001511 0.476743 0.051977 0.360988 
0.000087 0.024096 0.208260 0.482778 0.284779 
0.052775 0.504179 0.208495 0.196774 0.037777 
0.015972 0.227121 0.028110 0.554004 0.174792 
0.015783 0.461717 0.003732 0.031343 0.487425 
0.376689 0.005730 0.156730 0.051581 0.409270 
0.210307 0.200059 0.003758 0.064960 0.520916 
0.153423 0.002132 0.530567 0.011476 0.302401 
0.068374 0.272208 0.003036 0.143264 0.513117 
0.054463 0.472681 0.003534 0.459668 0.009654 
0.004119 0.609806 0.050951 0.294661 0.040463 
0.012152 0.572279 0.016719 0.393124 0.005726 
0.018327 0.647376 0.112463 0.149494 0.072340 
0.016957 0.598973 0.120486 0.156498 0.107086 
0.000494 0.606013 0.051492 0.286214 0.055787 
0.002505 0.550280 0.052001 0.315256 0.079958 
0.001554 0.528201 0.146600 0.114523 0.209122 
0.015693 0.554343 0.139560 0.144837 0.145568 
0.020397 0.470075 0.040510 0.362485 0.106534 
0.005207 0.518246 0.003039 0.469390 0.004118 
0.008622 0.001230 0.103753 0.252318 0.634078 
0.140551 0.299930 0.000160 0.528977 0.030382 
0.002658 0.199766 0.228657 0.559685 0.009234 
0.030514 0.426342 0.008021 0.513354 0.021769 
0.017574 0.230010 0.164121 0.588101 0.000194 
0.028863 0.001994 0.207462 0.170114 0.591567 
0.028360 0.093407 0.110173 0.684242 0.083818 
0.000556 0.600282 0.395136 0.000995 0.003031 
0.019076 0.636898 0.068255 0.257595 0.018176 
0.062650 0.616578 0.031756 0.197649 0.091368 
0.296136 0.188744 0.027144 0.458137 0.029838 
0.267318 0.383499 0.009663 0.187562 0.151958 
0.033393 0.143200 0.007296 0.794932 0.021179 
0.001152 0.422602 0.566643 0.005533 0.004070 
0.004295 0.775681 0.027772 0.043368 0.148885 
0.026500 0.004959 0.798066 0.132616 0.037859 
0.379098 0.139855 0.134822 0.326965 0.019259 
0.000900 0.456028 0.175446 0.167608 0.200018 
0.025756 0.339650 0.472330 0.160391 0.001873 
0.092200 0.590455 0.152689 0.127077 0.037579 
0.047752 0.496388 0.099252 0.254295 0.102314 
0.404599 0.004345 0.326779 0.083742 0.180535 
0.112892 0.004948 0.258689 0.206358 0.417113 
0.123869 0.411458 0.006015 0.066755 0.391903 
0.213695 0.006818 0.173644 0.505481 0.100361 
0.175017 0.003145 0.258169 0.501184 0.062486 
0.269135 0.594255 0.093132 0.035005 0.008474 
0.089674 0.487266 0.071747 0.330463 0.020851 
0.244014 0.023567 0.536185 0.035761 0.160473 
0.228615 0.002759 0.491778 0.013835 0.263013 
0.114259 0.197714 0.005725 0.002143 0.680160 
0.082646 0.516147 0.187138 0.047593 0.166476 
0.348598 0.372847 0.001241 0.008839 0.268474 
0.251804 0.341426 0.005296 0.028741 0.372733 
0.164575 0.321110 0.001550 0.009725 0.503040 
0.074718 0.383150 0.306591 0.019159 0.216382 
0.004614 0.453951 0.389837 0.085111 0.066488 
0.024956 0.067589 0.051350 0.111774 0.744331 
0.106954 0.041833 0.002093 0.609205 0.239914 
0.002076 0.000000 0.177456 0.371386 0.449082 
0.131312 0.490428 0.026848 0.023628 0.327784 
0.085782 0.439188 0.040783 0.035892 0.398356 
0.005866 0.285331 0.588733 0.000252 0.119818 
0.020462 0.205176 0.637804 0.136262 0.000296 
0.016821 0.140889 0.643293 0.148048 0.050948 
0.050939 0.222748 0.615153 0.098936 0.012224 
0.366575 0.018377 0.333264 0.039146 0.242639 
0.205241 0.200458 0.134967 0.007443 0.451891 
0.074205 0.035912 0.337090 0.061911 0.490882 
0.000009 0.330980 0.094874 0.047327 0.526811 
0.000175 0.000513 0.648718 0.002568 0.348026 
0.334947 0.076997 0.000122 0.208000 0.379933 
0.000608 0.059039 0.094518 0.841680 0.004156 
0.035165 0.158095 0.067982 0.002377 0.736380 
0.000467 0.419726 0.025388 0.093669 0.460750 
0.008901 0.428752 0.016026 0.072271 0.474051 
0.000301 0.000196 0.341192 0.622207 0.036105 
0.108003 0.571841 0.226103 0.081368 0.012686 
0.004176 0.256043 0.228251 0.389416 0.122115 
0.041412 0.123880 0.101864 0.576693 0.156152 
0.110980 0.417721 0.033553 0.354754 0.082992 
0.023781 0.864876 0.013052 0.050747 0.047544 
0.009731 0.213923 0.018773 0.714154 0.043419 
0.066451 0.090688 0.689861 0.152930 0.000071 
0.000007 0.101796 0.562112 0.066375 0.269711 
0.000029 0.219506 0.657276 0.004053 0.119136 
0.052022 0.345755 0.105036 0.286306 0.210881 
0.057318 0.221256 0.200655 0.491808 0.028963 
0.030755 0.203925 0.518499 0.004898 0.241923 
0.048002 0.543852 0.002410 0.145502 0.260234 
0.001055 0.028969 0.405091 0.563903 0.000983 
0.014094 0.018419 0.503737 0.448261 0.015488 
0.057739 0.015318 0.052503 0.588223 0.286217 
0.018514 0.000128 0.566015 0.283579 0.131765 
0.021679 0.043529 0.722227 0.038651 0.173915 
0.076622 0.023702 0.780752 0.070711 0.048214 
0.001995 0.587067 0.000267 0.315550 0.095121 
0.000840 0.569562 0.002121 0.364976 0.062500 
0.285332 0.016323 0.005973 0.541839 0.150534 
0.000921 0.352097 0.002461 0.419134 0.225388 
0.002223 0.313173 0.001527 0.394438 0.288638 
0.092871 0.022736 0.019858 0.785806 0.078730 
0.119818 0.016979 0.014541 0.731096 0.117567 
0.006174 0.001898 0.456926 0.296333 0.238670 
0.173864 0.009118 0.007852 0.604541 0.204624 
0.020630 0.052803 0.324427 0.505484 0.096656 
0.003126 0.033557 0.017355 0.066350 0.879612 
0.082928 0.008406 0.771359 0.054467 0.082841 
0.001586 0.287673 0.556045 0.153091 0.001604 
0.291646 0.571564 0.106582 0.000000 0.030208 
0.000389 0.469107 0.087434 0.224727 0.218343 
0.047883 0.009951 0.151902 0.168459 0.621806 
0.003548 0.041798 0.274576 0.103204 0.576874 
0.009490 0.096675 0.321926 0.345190 0.226719 
0.262771 0.243330 0.032504 0.402348 0.059047 
0.017891 0.007204 0.901404 0.070389 0.003112 
0.001057 0.002538 0.261229 0.430440 0.304736 
0.010737 0.147665 0.540944 0.164271 0.136384 
0.235316 0.000987 0.392192 0.367760 0.003745 
0.000465 0.079035 0.040142 0.858410 0.021948 
0.018140 0.077791 0.063465 0.743146 0.097457 
0.145334 0.316606 0.005528 0.053941 0.478591 
0.046964 0.050540 0.385898 0.369519 0.147080 
0.088222 0.001846 0.214909 0.688015 0.007007 
0.018881 0.014972 0.007459 0.024213 0.934475 
0.313744 0.002630 0.512881 0.071845 0.098900 
0.155812 0.001398 0.316651 0.520835 0.005304 
0.015311 0.001506 0.081553 0.900699 0.000930 
0.012949 0.000429 0.000472 0.979803 0.006347 
0.011232 0.119822 0.097977 0.015064 0.755906 
0.417250 0.075406 0.024548 0.037311 0.445484 
0.238089 0.110128 0.000769 0.000402 0.650612 
0.004375 0.000000 0.231952 0.307480 0.456193 
0.098179 0.051565 0.000405 0.841589 0.008261 
0.002736 0.193633 0.135924 0.003372 0.664335 
0.012754 0.414077 0.199824 0.373217 0.000128 
0.002946 0.000929 0.305599 0.216952 0.473574 
0.195969 0.051501 0.612390 0.026318 0.113821 
0.121278 0.077846 0.303902 0.074599 0.422375 
0.013265 0.007076 0.526773 0.284200 0.168686 
0.127981 0.000056 0.559807 0.312051 0.000105 
0.175504 0.050653 0.000354 0.735845 0.037645 
0.289962 0.125421 0.577892 0.005576 0.001149 
0.040966 0.031451 0.731643 0.129140 0.066800 
0.044707 0.020709 0.874335 0.059746 0.000503 
0.054844 0.001261 0.000399 0.807222 0.136274 
0.344889 0.113592 0.501696 0.036709 0.003114 
0.011848 0.062100 0.751563 0.065310 0.109179 
0.168196 0.001053 0.388850 0.157413 0.284488 
0.052366 0.539230 0.244227 0.161399 0.002778 
0.040684 0.274235 0.350152 0.326752 0.008177 
0.118269 0.621961 0.139060 0.085012 0.035698 
0.027196 0.139394 0.267912 0.551691 0.013807 
0.001105 0.017209 0.119083 0.853214 0.009388 
0.000604 0.039021 0.365975 0.466741 0.127658 
0.003772 0.126915 0.697898 0.012232 0.159183 
0.045907 0.161492 0.271739 0.025301 0.495560 
0.021019 0.301316 0.426379 0.003892 0.247394 
0.000637 0.002413 0.165535 0.709423 0.121993 
0.077121 0.426673 0.018869 0.016371 0.460965 
0.002894 0.176435 0.138261 0.067752 0.614658 
0.000050 0.492565 0.007359 0.332023 0.168003 
0.005054 0.014030 0.416649 0.264058 0.300209 
0.285462 0.169385 0.093653 0.440763 0.010736 
0.221242 0.209607 0.020756 0.461358 0.087037 
0.052715 0.063688 0.055220 0.816721 0.011656 
0.211995 0.008641 0.005923 0.770848 0.002593 
0.001571 0.012917 0.382183 0.385951 0.217378 
0.017496 0.371061 0.001126 0.000336 0.609981 
0.005700 0.339696 0.643928 0.006324 0.004352 
0.014397 0.046059 0.092782 0.715819 0.130943 
0.150663 0.532633 0.018535 0.016312 0.281857 
0.002661 0.105129 0.584762 0.256349 0.051099 
0.093396 0.540977 0.000077 0.350944 0.014607 
0.068737 0.493570 0.001350 0.000749 0.435595 
0.145762 0.601210 0.003616 0.002679 0.246733 
0.013608 0.602399 0.000017 0.259400 0.124577 
0.372764 0.022068 0.043250 0.300390 0.261529 
0.104867 0.000001 0.133055 0.136055 0.626022 
0.182956 0.002471 0.123685 0.095284 0.595604 
0.086363 0.524236 0.002133 0.360880 0.026388 
0.000013 0.130667 0.190867 0.345709 0.332744 
0.022938 0.576503 0.012388 0.194081 0.194091 
0.002559 0.050905 0.449158 0.030402 0.466976 
0.068254 0.160004 0.445816 0.000382 0.325543 
0.003776 0.037185 0.419494 0.017220 0.522325 
0.012122 0.042292 0.933557 0.011325 0.000704 
0.011598 0.007139 0.174792 0.351805 0.454666 
0.066066 0.011021 0.078633 0.231864 0.612416 
0.044371 0.002168 0.567026 0.010565 0.375871 
0.005384 0.098672 0.001131 0.733230 0.161583 
0.000839 0.067073 0.603735 0.000242 0.328111 
0.000032 0.034861 0.428422 0.150637 0.386048 
0.000737 0.026959 0.692442 0.048159 0.231702 
0.007961 0.033029 0.865951 0.014100 0.078960 
0.000897 0.013003 0.813042 0.012519 0.160540 
0.015164 0.095055 0.596401 0.121924 0.171456 
0.019860 0.255176 0.027314 0.213373 0.484277 
0.092052 0.000031 0.098020 0.073200 0.736698 
0.188208 0.002541 0.091416 0.046056 0.671780 
0.022976 0.140575 0.413735 0.264492 0.158222 
0.000367 0.147103 0.078609 0.115801 0.658120 
0.000016 0.053491 0.254310 0.439366 0.252817 
0.016162 0.063577 0.111219 0.677291 0.131751 
0.210085 0.004239 0.150741 0.324476 0.310459 
0.003049 0.004482 0.039570 0.906789 0.046110 
0.021281 0.000375 0.225391 0.573878 0.179075 
0.003007 0.000526 0.154381 0.575839 0.266247 
0.030822 0.019407 0.756177 0.000323 0.193271 
0.005540 0.249895 0.386154 0.108945 0.249467 
0.000896 0.180058 0.300444 0.172695 0.345908 
0.144768 0.015226 0.036516 0.000262 0.803228 
0.143996 0.243064 0.203869 0.003464 0.405606 
0.005270 0.096930 0.487494 0.071145 0.339162 
0.001363 0.012130 0.344527 0.001544 0.640436 
0.023712 0.299348 0.134593 0.063514 0.478833 
0.002150 0.231331 0.099527 0.073689 0.593304 
0.040510 0.429035 0.160389 0.010027 0.360038 
0.191307 0.068682 0.068357 0.000013 0.671642 
0.010152 0.272676 0.038092 0.024055 0.655025 
0.117040 0.083344 0.138556 0.029374 0.631686 
0.112736 0.102241 0.165849 0.026002 0.593171 
0.000530 0.129145 0.006680 0.023974 0.839671 
0.000313 0.187123 0.032833 0.039309 0.740423 
0.003170 0.142581 0.006499 0.000788 0.846962 
0.061788 0.000311 0.082847 0.021689 0.833366 
0.032801 0.011983 0.243266 0.005421 0.706529 
0.007995 0.103687 0.000043 0.003275 0.885001 
0.064754 0.055598 0.171529 0.043853 0.664266 
0.112779 0.009546 0.072613 0.015089 0.789973 
0.280389 0.011241 0.168668 0.032362 0.507340 
0.000018 0.014882 0.665565 0.122310 0.197225 
0.081471 0.012447 0.504516 0.074311 0.327254 
0.078317 0.530780 0.040440 0.110348 0.240115 
0.126076 0.485865 0.046368 0.085223 0.256468 
0.035664 0.561155 0.027500 0.172041 0.203640 
0.056371 0.467852 0.004791 0.048249 0.422737 
0.000107 0.037409 0.430042 0.019182 0.513260 
0.373048 0.019866 0.042005 0.554592 0.010488 
0.406725 0.004519 0.129379 0.389059 0.070318 
0.003039 0.132996 0.097812 0.731550 0.034603 
0.008513 0.228948 0.058550 0.692399 0.011590 
0.047287 0.152741 0.041959 0.757509 0.000504 
0.010674 0.437501 0.004651 0.009224 0.537949 
0.089675 0.464203 0.001926 0.021097 0.423100 
0.014499 0.028122 0.312403 0.007209 0.637767 
0.023264 0.004429 0.244065 0.019377 0.708865 
0.114549 0.091642 0.075290 0.449338 0.269181 
0.050237 0.038239 0.259071 0.599551 0.052903 
0.027925 0.139737 0.102676 0.705209 0.024453 
0.083869 0.133671 0.003213 0.655414 0.123833 
0.051830 0.080358 0.198928 0.649137 0.019747 
0.080936 0.061646 0.249939 0.568909 0.038570 
0.046947 0.117889 0.118123 0.696411 0.020630 
0.073632 0.100084 0.144704 0.665559 0.016021 
0.041200 0.032527 0.015489 0.060931 0.849853 
0.028860 0.014000 0.170978 0.061721 0.724441 
0.000008 0.138827 0.031359 0.198963 0.630844 
0.000113 0.004021 0.219392 0.125197 0.651277 
0.084544 0.172048 0.246042 0.004501 0.492865 
0.001844 0.000186 0.080563 0.507275 0.410132 
0.002412 0.019984 0.412008 0.001147 0.564449 
0.198190 0.045306 0.005870 0.013371 0.737263 
0.014686 0.376566 0.558228 0.019228 0.031291 
0.235035 0.003943 0.007403 0.727363 0.026255 
0.144372 0.014703 0.723947 0.106584 0.010394 
0.009188 0.023936 0.066171 0.764106 0.136599 
0.078905 0.015607 0.053302 0.754024 0.098162 
0.203732 0.520288 0.044938 0.019735 0.211307 
0.008134 0.015210 0.171333 0.437902 0.367421 
0.001015 0.106983 0.445995 0.005302 0.440705 
0.016654 0.149369 0.397087 0.001811 0.435079 
0.036609 0.034035 0.260373 0.017006 0.651977 
0.094228 0.046992 0.251032 0.606471 0.001277 
0.011950 0.021587 0.310977 0.000328 0.655158 
0.069870 0.079750 0.284279 0.000282 0.565817 
0.084011 0.039401 0.214481 0.000106 0.662002 
0.096026 0.132391 0.368879 0.000316 0.402388 
0.001058 0.127705 0.130216 0.377919 0.363101 
0.005128 0.195718 0.100986 0.335954 0.362214 
0.195849 0.045302 0.218529 0.022605 0.517715 
0.045121 0.027598 0.567995 0.039930 0.319356 
0.000001 0.311142 0.002912 0.314935 0.371010 
0.069036 0.024519 0.338332 0.453976 0.114137 
0.100699 0.038338 0.052950 0.767811 0.040202 
0.113974 0.036176 0.053108 0.724501 0.072242 
0.155709 0.019413 0.033522 0.736000 0.055356 
0.005733 0.000218 0.020590 0.842874 0.130585 
0.004228 0.007604 0.039103 0.744590 0.204475 
0.044015 0.464967 0.136348 0.174199 0.180471 
0.004280 0.005292 0.262816 0.586482 0.141130 
0.044782 0.065980 0.249872 0.416550 0.222816 
0.019652 0.121750 0.055368 0.256260 0.546970 
0.087980 0.057287 0.254719 0.589484 0.010530 
0.006505 0.178841 0.000111 0.408656 0.405887 
0.117622 0.016421 0.340537 0.521033 0.004386 
0.001177 0.145511 0.003664 0.370835 0.478812 
0.000730 0.136420 0.485342 0.368259 0.009248 
0.013753 0.113079 0.580755 0.290000 0.002413 
0.116761 0.002784 0.446786 0.407829 0.025840 
0.105881 0.003322 0.438883 0.402537 0.049377 
0.012575 0.070432 0.533418 0.343958 0.039615 
0.138333 0.000757 0.409579 0.246021 0.205310 
0.003764 0.640699 0.013686 0.105851 0.236001 
0.079980 0.056871 0.223898 0.009100 0.630153 
0.015752 0.081866 0.270115 0.414641 0.217626 
0.039370 0.165365 0.225713 0.404641 0.164912 
0.271297 0.050879 0.274707 0.129439 0.273678 
0.272901 0.083745 0.205217 0.079601 0.358535 
0.239451 0.011874 0.584667 0.105985 0.058023 
0.057162 0.015471 0.761749 0.138086 0.027532 
0.003036 0.387530 0.452041 0.049325 0.108068 
0.902778 0.001230 0.069732 0.008930 0.017330 
0.648133 0.106516 0.244039 0.001221 0.000091 
0.010975 0.786452 0.032822 0.018391 0.151360 
0.572509 0.132346 0.000891 0.258716 0.035538 
0.494771 0.188053 0.000770 0.243125 0.073281 
0.434904 0.218320 0.000677 0.247203 0.098896 
0.244874 0.366573 0.011204 0.206384 0.170965 
0.070240 0.633385 0.063117 0.048762 0.184497 
0.010976 0.689151 0.117862 0.001967 0.180044 
0.003675 0.621756 0.183499 0.007034 0.184036 
0.053283 0.675307 0.106866 0.164384 0.000160 
0.047684 0.604339 0.146809 0.193793 0.007375 
0.029879 0.515618 0.216557 0.207172 0.030774 
0.007790 0.484035 0.268838 0.201135 0.038204 
0.078777 0.084334 0.633980 0.015574 0.187336 
0.190316 0.032447 0.533347 0.243661 0.000230 
0.006824 0.364901 0.002665 0.411244 0.214365 
0.022273 0.433199 0.000061 0.340277 0.204189 
0.143175 0.573653 0.012953 0.181257 0.088962 
0.223544 0.003253 0.744603 0.004644 0.023957 
0.601690 0.097196 0.161426 0.009895 0.129793 
0.610118 0.129712 0.163590 0.001389 0.095190 
0.108810 0.538409 0.095342 0.136447 0.120991 
0.012182 0.501138 0.006269 0.319366 0.161045 
0.001043 0.423784 0.003770 0.417998 0.153404 
0.252689 0.079296 0.003751 0.573062 0.091202 
0.095674 0.008249 0.732966 0.019114 0.143997 
0.197169 0.044984 0.640435 0.030825 0.086588 
0.348395 0.150338 0.001815 0.493324 0.006128 
0.350405 0.258447 0.013377 0.373135 0.004635 
0.717921 0.205296 0.013936 0.002645 0.060202 
0.677458 0.212248 0.006656 0.002298 0.101341 
0.621215 0.218395 0.000294 0.000180 0.159915 
0.524062 0.200825 0.000019 0.271852 0.003242 
0.373193 0.174697 0.413406 0.017698 0.021005 
0.246289 0.111916 0.527812 0.054763 0.059220 
0.017256 0.000007 0.745590 0.135446 0.101700 
0.458399 0.333171 0.204495 0.001709 0.002226 
0.332563 0.400658 0.000807 0.257211 0.008762 
0.131236 0.606868 0.054143 0.192340 0.015413 
0.094088 0.638550 0.075569 0.180489 0.011304 
0.055894 0.688303 0.109703 0.143426 0.002673 
0.081956 0.674281 0.079010 0.159897 0.004856 
0.044147 0.721707 0.063090 0.166674 0.004383 
0.011942 0.640183 0.135117 0.203502 0.009256 
0.005004 0.512413 0.236091 0.219616 0.026876 
0.025559 0.843166 0.000201 0.094756 0.036319 
0.788522 0.022218 0.017793 0.041531 0.129936 
0.007549 0.937939 0.014085 0.006978 0.033448 
0.020964 0.641767 0.152316 0.048382 0.136571 
0.435832 0.002225 0.405277 0.094996 0.061670 
0.388717 0.016123 0.180598 0.388093 0.026470 
0.206230 0.124394 0.444102 0.213328 0.011946 
0.314588 0.264162 0.099449 0.298944 0.022856 
0.391233 0.241743 0.342887 0.021528 0.002609 
0.315603 0.390280 0.238656 0.055461 0.000000 
0.021174 0.515334 0.000015 0.463366 0.000111 
0.154240 0.001264 0.464176 0.377527 0.002793 
0.202617 0.004803 0.454837 0.331506 0.006237 
0.000035 0.617858 0.003996 0.235593 0.142518 
0.485967 0.015310 0.260839 0.005049 0.232836 
0.453558 0.290832 0.213305 0.001026 0.041280 
0.475434 0.137834 0.000679 0.260092 0.125961 
0.410403 0.362754 0.013904 0.202682 0.010257 
0.483521 0.395606 0.012666 0.001367 0.106840 
0.511780 0.371088 0.023773 0.015688 0.077671 
0.625089 0.349805 0.002800 0.012168 0.010138 
0.079699 0.562561 0.072268 0.264688 0.020783 
0.781183 0.035324 0.160770 0.007728 0.014996 
0.056506 0.000246 0.930046 0.000459 0.012743 
0.622971 0.024075 0.004490 0.100346 0.248119 
0.376591 0.517066 0.028139 0.000426 0.077778 
0.837142 0.005926 0.057337 0.058737 0.040858 
0.069846 0.055667 0.861602 0.009985 0.002900 
0.005347 0.073997 0.898545 0.020365 0.001746 
0.124155 0.852425 0.000844 0.004309 0.018268 
0.709021 0.256583 0.000716 0.002778 0.030901 
0.586630 0.288887 0.004878 0.005390 0.114215 
0.644140 0.307429 0.003170 0.009053 0.036207 
0.000003 0.297023 0.374808 0.321083 0.007084 
0.005435 0.708503 0.140667 0.144543 0.000852 
0.001012 0.414494 0.337948 0.189440 0.057105 
0.098150 0.509453 0.001812 0.066982 0.323603 
0.004998 0.552243 0.062555 0.029936 0.350268 
0.368076 0.293345 0.301232 0.021435 0.015911 
0.224906 0.207533 0.480278 0.013491 0.073792 
0.884932 0.000666 0.016637 0.019308 0.078457 
0.187274 0.585171 0.067790 0.109865 0.049900 
0.190564 0.220536 0.274947 0.000817 0.313136 
0.445726 0.036924 0.071386 0.000173 0.445791 
0.071579 0.367489 0.002162 0.401010 0.157759 
0.241368 0.015273 0.083366 0.453320 0.206673 
0.207846 0.126075 0.556095 0.029776 0.080209 
0.385939 0.535324 0.041040 0.020127 0.017570 
0.258923 0.633341 0.002004 0.005584 0.100148 
0.654197 0.239195 0.000305 0.001309 0.104994 
0.039255 0.211392 0.508821 0.086603 0.153930 
0.167030 0.017468 0.787238 0.007609 0.020656 
0.258626 0.005265 0.419412 0.306310 0.010388 
0.002559 0.442876 0.189613 0.356016 0.008936 
0.772787 0.059216 0.026391 0.141606 0.000000 
0.388702 0.225380 0.002915 0.306009 0.076994 
0.732534 0.052238 0.045874 0.100454 0.068900 
0.159911 0.325375 0.378105 0.052093 0.084516 
0.513452 0.168922 0.023159 0.002691 0.291775 
0.511215 0.196563 0.285852 0.000963 0.005406 
0.836990 0.076339 0.025862 0.040959 0.019850 
0.791713 0.046427 0.059017 0.071038 0.031804 
0.621055 0.148477 0.006091 0.202091 0.022287 
0.028214 0.300703 0.014429 0.552821 0.103832 
0.009490 0.544396 0.000415 0.432226 0.013472 
0.484296 0.003988 0.000214 0.504618 0.006884 
0.021287 0.512252 0.006969 0.073586 0.385906 
0.843935 0.049673 0.014120 0.037109 0.055163 
0.259160 0.019536 0.017466 0.183744 0.520093 
0.457363 0.082633 0.265303 0.160127 0.034574 
0.594615 0.015100 0.169314 0.219327 0.001644 
0.241328 0.294817 0.372876 0.073174 0.017805 
0.048819 0.000333 0.639140 0.289500 0.022208 
0.013513 0.555294 0.335248 0.003518 0.092427 
0.038559 0.536795 0.092599 0.136871 0.195176 
0.005293 0.522175 0.050352 0.380928 0.041253 
0.030353 0.420819 0.194312 0.089359 0.265157 
0.269938 0.528774 0.000757 0.013869 0.186662 
0.019115 0.652673 0.228119 0.089330 0.010763 
0.009469 0.420827 0.407682 0.052704 0.109318 
0.212931 0.509228 0.024587 0.230348 0.022906 
0.373837 0.258869 0.308538 0.027279 0.031477 
0.057706 0.010980 0.728985 0.110525 0.091804 
0.438323 0.215814 0.335644 0.000374 0.009845 
0.490991 0.235251 0.002099 0.266240 0.005418 
0.059939 0.304168 0.445613 0.175699 0.014580 
0.092109 0.569122 0.236592 0.017476 0.084701 
0.377726 0.455511 0.017459 0.146314 0.002990 
0.404298 0.510018 0.041408 0.032042 0.012234 
0.320411 0.599145 0.048187 0.029333 0.002924 
0.018217 0.857205 0.000561 0.039296 0.084720 
0.020489 0.207692 0.227116 0.055267 0.489435 
0.688582 0.079824 0.099169 0.120098 0.012327 
0.420817 0.311835 0.034985 0.001364 0.230999 
0.506573 0.244875 0.060082 0.000803 0.187667 
0.040731 0.304880 0.237890 0.129297 0.287201 
0.902795 0.004270 0.030582 0.035150 0.027204 
0.101364 0.042855 0.818995 0.036783 0.000003 
0.030192 0.039693 0.221102 0.537343 0.171670 
0.023479 0.175012 0.594179 0.200836 0.006495 
0.223068 0.646244 0.009546 0.120756 0.000386 
0.562780 0.256277 0.001801 0.000010 0.179132 
0.029131 0.270176 0.442891 0.130203 0.127600 
0.018790 0.482612 0.166051 0.323239 0.009308 
0.023052 0.549763 0.116786 0.310397 0.000001 
0.043615 0.572915 0.100903 0.277828 0.004739 
0.195145 0.510751 0.077043 0.180778 0.036282 
0.003110 0.459277 0.242728 0.268657 0.026226 
0.361149 0.105972 0.000993 0.406085 0.125802 
0.227057 0.209609 0.331540 0.221451 0.010343 
0.107682 0.642940 0.006654 0.129342 0.113382 
0.068158 0.673138 0.023169 0.084267 0.151268 
0.123055 0.534117 0.050031 0.095868 0.196929 
0.017767 0.475400 0.000686 0.069643 0.436504 
0.476392 0.164977 0.029833 0.227962 0.100836 
0.123473 0.050550 0.642419 0.182636 0.000921 
0.002963 0.501301 0.293384 0.053971 0.148382 
0.536175 0.118778 0.010589 0.012416 0.322043 
0.228346 0.367594 0.175734 0.215808 0.012518 
0.002640 0.008077 0.188529 0.770706 0.030048 
0.307858 0.350353 0.002855 0.040035 0.298899 
0.269841 0.001169 0.321425 0.253353 0.154212 
0.394983 0.089658 0.407646 0.020298 0.087415 
0.037563 0.903082 0.049465 0.006891 0.002998 
0.000194 0.928880 0.010729 0.053798 0.006399 
0.037928 0.017389 0.673144 0.224914 0.046625 
0.161198 0.625994 0.057630 0.070350 0.084829 
0.129370 0.637196 0.055702 0.152024 0.025708 
0.233353 0.672292 0.005577 0.077654 0.011124 
0.331200 0.007130 0.497504 0.108204 0.055962 
0.113034 0.407609 0.411749 0.066364 0.001244 
0.167373 0.173903 0.521432 0.136796 0.000496 
0.373412 0.204684 0.391819 0.005474 0.024611 
0.146702 0.066853 0.615589 0.093333 0.077523 
0.460167 0.193557 0.335092 0.002354 0.008830 
0.432281 0.238637 0.000329 0.321502 0.007250 
0.475177 0.276443 0.009791 0.231422 0.007167 
0.512208 0.334116 0.005444 0.148020 0.000212 
0.525952 0.176401 0.264312 0.005051 0.028285 
0.264449 0.634071 0.060895 0.035791 0.004794 
0.226969 0.694877 0.031782 0.044190 0.002181 
0.437569 0.459167 0.032391 0.015096 0.055777 
0.238351 0.674867 0.068789 0.017955 0.000038 
0.155778 0.000137 0.612318 0.231736 0.000030 
0.006041 0.627792 0.306959 0.000860 0.058348 
0.697080 0.043001 0.168702 0.057882 0.033335 
0.170590 0.027436 0.640831 0.068034 0.093108 
0.587353 0.149178 0.084590 0.177538 0.001342 
0.400275 0.312420 0.029097 0.000413 0.257794 
0.218749 0.741864 0.019791 0.013946 0.005650 
0.020271 0.506944 0.254645 0.140159 0.077981 
0.132776 0.506268 0.088818 0.265836 0.006303 
0.039925 0.456331 0.158364 0.291805 0.053576 
0.002706 0.199587 0.530117 0.067921 0.199668 
0.045684 0.153670 0.180519 0.525161 0.094966 
0.785928 0.047722 0.001223 0.164955 0.000171 
0.453726 0.142736 0.000706 0.325138 0.077694 
0.330253 0.123072 0.469842 0.007139 0.069694 
0.003720 0.005642 0.099340 0.079804 0.811494 
0.352084 0.015120 0.001235 0.576553 0.055008 
0.312701 0.245028 0.241513 0.153058 0.047700 
0.147139 0.426689 0.259666 0.059285 0.107221 
0.208128 0.655689 0.044900 0.022147 0.069135 
0.422828 0.029636 0.454710 0.064906 0.027919 
0.617848 0.040897 0.004895 0.271365 0.064995 
0.769394 0.004350 0.063832 0.089506 0.072917 
0.417399 0.259026 0.002056 0.035242 0.286277 
0.015745 0.103546 0.116600 0.614406 0.149704 
0.016175 0.006994 0.385553 0.503156 0.088121 
0.820833 0.113307 0.001173 0.018513 0.046175 
0.179061 0.484148 0.015808 0.106555 0.214428 
0.529939 0.034302 0.172702 0.031141 0.231916 
0.074391 0.474091 0.051146 0.001115 0.399257 
0.002922 0.041668 0.005557 0.881475 0.068378 
0.015078 0.293017 0.476821 0.102009 0.113075 
0.451822 0.098339 0.038437 0.008664 0.402738 
0.000555 0.035366 0.198472 0.612906 0.152701 
0.426366 0.042649 0.514874 0.015825 0.000286 
0.113363 0.473667 0.379519 0.020176 0.013275 
0.374319 0.261831 0.053164 0.163204 0.147483 
0.047425 0.619986 0.152800 0.164280 0.015509 
0.091916 0.464673 0.194905 0.147789 0.100716 
0.287560 0.388693 0.038248 0.089152 0.196347 
0.127358 0.780409 0.072463 0.001141 0.018628 
0.459261 0.465125 0.000621 0.004170 0.070823 
0.379900 0.585943 0.001220 0.001669 0.031269 
0.447784 0.518230 0.000034 0.001757 0.032195 
0.310011 0.607892 0.013124 0.008069 0.060904 
0.166147 0.652443 0.084565 0.013449 0.083397 
0.038801 0.679943 0.199035 0.006870 0.075351 
0.369673 0.351132 0.007072 0.254285 0.017839 
0.021272 0.591622 0.350737 0.010250 0.026119 
0.021028 0.550851 0.372708 0.009543 0.045869 
0.276096 0.679106 0.040130 0.001755 0.002913 
0.309866 0.561567 0.011593 0.112568 0.004405 
0.138573 0.724699 0.070342 0.042559 0.023828 
0.200119 0.704287 0.014377 0.080646 0.000571 
0.176584 0.704979 0.071347 0.030188 0.016901 
0.178855 0.756573 0.063114 0.000035 0.001424 
0.132083 0.481923 0.000000 0.305079 0.080915 
0.510216 0.413023 0.024098 0.017762 0.034900 
0.278952 0.645921 0.051417 0.022773 0.000937 
0.152104 0.111580 0.018258 0.621763 0.096294 
0.725523 0.046405 0.058044 0.067511 0.102517 
0.669052 0.169505 0.019657 0.016569 0.125216 
0.656930 0.078021 0.020243 0.240358 0.004447 
0.405319 0.095280 0.002111 0.496308 0.000983 
0.487929 0.147769 0.042398 0.315136 0.006768 
0.132815 0.548034 0.188867 0.007536 0.122747 
0.315663 0.671132 0.006021 0.000061 0.007123 
0.137748 0.796909 0.004553 0.036369 0.024420 
0.414608 0.173692 0.033242 0.349440 0.029019 
0.000772 0.503041 0.212993 0.201255 0.081938 
0.026064 0.651811 0.132713 0.143334 0.046078 
0.107203 0.169164 0.107951 0.601113 0.014568 
0.006180 0.391412 0.006428 0.479553 0.116427 
0.035893 0.001312 0.129969 0.586965 0.245860 
0.334255 0.281148 0.000282 0.002341 0.381974 
0.328929 0.518949 0.000050 0.000810 0.151262 
0.304110 0.218635 0.448084 0.000009 0.029162 
0.005178 0.017031 0.597875 0.018060 0.361856 
0.136765 0.357869 0.261636 0.204095 0.039635 
0.208318 0.280583 0.333382 0.148786 0.028931 
0.031421 0.505822 0.073141 0.387027 0.002589 
0.014040 0.448321 0.126027 0.409995 0.001618 
0.067503 0.725178 0.056325 0.082100 0.068893 
0.025059 0.320469 0.000010 0.595824 0.058638 
0.363523 0.068249 0.105741 0.373411 0.089076 
0.485865 0.030091 0.385442 0.053573 0.045028 
0.400358 0.386914 0.006143 0.104046 0.102539 
0.020666 0.509216 0.137614 0.253978 0.078527 
0.051514 0.266956 0.070104 0.060512 0.550914 
0.000292 0.288324 0.191106 0.139799 0.380478 
0.081601 0.000494 0.781099 0.038123 0.098682 
0.001348 0.190214 0.334000 0.382059 0.092379 
0.178869 0.337765 0.000185 0.201469 0.281711 
0.266293 0.528500 0.001193 0.076700 0.127314 
0.000829 0.745522 0.002832 0.000131 0.250687 
0.127495 0.444526 0.000001 0.247719 0.180259 
0.156128 0.007283 0.125215 0.626542 0.084832 
0.012688 0.027226 0.393132 0.433755 0.133199 
0.000111 0.727372 0.057409 0.125306 0.089802 
0.135721 0.637079 0.065940 0.007322 0.153938 
0.665794 0.009218 0.110543 0.003034 0.211412 
0.558970 0.100580 0.200872 0.011031 0.128547 
0.434228 0.297587 0.226827 0.021994 0.019365 
0.005134 0.001550 0.991097 0.001595 0.000624 
0.241810 0.025206 0.655764 0.053055 0.024166 
0.248415 0.012561 0.668627 0.021512 0.048885 
0.441775 0.051173 0.487721 0.018988 0.000343 
0.013687 0.531303 0.003782 0.355853 0.095376 
0.113566 0.780793 0.072599 0.017257 0.015785 
0.166207 0.590925 0.093428 0.068830 0.080610 
0.406926 0.558207 0.001055 0.026410 0.007402 
0.608641 0.367838 0.004819 0.001784 0.016918 
0.250471 0.681412 0.028145 0.033227 0.006745 
0.041704 0.631817 0.252257 0.043396 0.030826 
0.063008 0.126625 0.614961 0.000400 0.195006 
0.268507 0.661990 0.014292 0.008787 0.046424 
0.164611 0.709958 0.063842 0.014634 0.046954 
0.226218 0.662961 0.033081 0.007403 0.070336 
0.077203 0.705986 0.125309 0.025293 0.066209 
0.012449 0.705353 0.243992 0.009250 0.028956 
0.073864 0.650188 0.224526 0.019966 0.031456 
0.133705 0.675122 0.148289 0.000371 0.042513 
0.119886 0.635543 0.185409 0.018478 0.040683 
0.071125 0.683585 0.208290 0.020991 0.016008 
0.159544 0.673367 0.113138 0.041216 0.012735 
0.320958 0.619451 0.036605 0.006686 0.016300 
0.266079 0.674596 0.047517 0.011540 0.000269 
0.190204 0.724386 0.071337 0.007713 0.006360 
0.162861 0.709033 0.105004 0.004966 0.018136 
0.240522 0.694601 0.057063 0.007720 0.000095 
0.193217 0.704455 0.081766 0.010796 0.009766 
0.331755 0.595143 0.045626 0.018668 0.008807 
0.091362 0.482894 0.410671 0.006809 0.008265 
0.281546 0.331131 0.203756 0.081003 0.102564 
0.179280 0.454103 0.187106 0.034856 0.144654 
0.143563 0.238481 0.029907 0.515217 0.072833 
0.092820 0.169675 0.050764 0.578264 0.108477 
0.188034 0.609953 0.059239 0.007953 0.134821 
0.275518 0.524501 0.036097 0.001351 0.162534 
0.932982 0.005241 0.012691 0.049068 0.000018 
0.010204 0.001621 0.941390 0.038390 0.008394 
0.475475 0.057212 0.012270 0.412918 0.042125 
0.489931 0.000711 0.071218 0.302787 0.135354 
0.293057 0.000104 0.586029 0.112185 0.008625 
0.195417 0.615072 0.110700 0.078371 0.000439 
0.052736 0.537705 0.362605 0.000175 0.046779 
0.311430 0.673796 0.009590 0.001725 0.003459 
0.582574 0.166939 0.118326 0.132075 0.000087 
0.059711 0.079947 0.199223 0.075279 0.585841 
0.138444 0.561758 0.090620 0.171851 0.037326 
0.044554 0.784797 0.044499 0.082643 0.043508 
0.252446 0.032627 0.631188 0.071409 0.012330 
0.008832 0.497268 0.282263 0.172744 0.038893 
0.046718 0.746289 0.078835 0.046879 0.081280 
0.198881 0.264808 0.096645 0.037137 0.402530 
0.174874 0.326485 0.174971 0.323392 0.000278 
0.250240 0.434671 0.054798 0.258274 0.002017 
0.486208 0.240255 0.056738 0.207570 0.009229 
0.104860 0.366347 0.040172 0.252761 0.235860 
0.335127 0.127848 0.518479 0.017435 0.001112 
0.494027 0.100902 0.007248 0.397257 0.000566 
0.036494 0.084872 0.159761 0.585087 0.133786 
0.059863 0.227559 0.595112 0.079049 0.038416 
0.313186 0.449111 0.031872 0.027386 0.178444 
0.461173 0.334113 0.001856 0.003669 0.199189 
0.620655 0.048637 0.024965 0.255095 0.050648 
0.202270 0.166395 0.000189 0.274955 0.356191 
0.006961 0.023353 0.245738 0.005295 0.718653 
0.365755 0.083038 0.006132 0.455403 0.089671 
0.071529 0.293710 0.017246 0.015061 0.602454 
0.061316 0.116263 0.046020 0.747762 0.028640 
0.055000 0.180924 0.386795 0.018524 0.358757 
0.011805 0.025297 0.409270 0.479364 0.074265 
0.208723 0.095669 0.088363 0.595970 0.011276 
0.051349 0.037421 0.621768 0.087344 0.202118 
0.077468 0.436289 0.282385 0.000530 0.203328 
0.373419 0.238057 0.000277 0.224771 0.163477 
0.310477 0.195295 0.286883 0.073954 0.133391 
0.200375 0.000722 0.717296 0.013176 0.068431 
0.273901 0.401546 0.060131 0.214884 0.049538 
0.045939 0.595802 0.176305 0.000096 0.181858 
0.157266 0.388172 0.104768 0.346355 0.003439 
0.000026 0.793078 0.077419 0.121575 0.007901 
0.138887 0.587353 0.250455 0.022762 0.000543 
0.565197 0.146651 0.204755 0.001197 0.082200 
0.173217 0.001784 0.190580 0.596557 0.037862 
0.025564 0.000000 0.781376 0.187759 0.005301 
0.097475 0.647449 0.178825 0.052125 0.024127 
0.037456 0.534827 0.311990 0.088979 0.026747 
0.201544 0.267480 0.420224 0.077533 0.033220 
0.102108 0.173993 0.489386 0.151732 0.082781 
0.314973 0.636129 0.007107 0.035694 0.006096 
0.330826 0.592954 0.017317 0.021225 0.037678 
0.197975 0.723967 0.031994 0.000133 0.045930 
0.128756 0.772369 0.074440 0.020826 0.003608 
0.524670 0.426364 0.001632 0.014753 0.032581 
0.073306 0.642726 0.153790 0.017813 0.112365 
0.087675 0.579076 0.150446 0.013118 0.169685 
0.045647 0.735689 0.164360 0.018157 0.036147 
0.119301 0.671671 0.138585 0.016995 0.053447 
0.003126 0.072419 0.004782 0.700035 0.219637 
0.021061 0.154475 0.317939 0.450128 0.056397 
0.225469 0.000051 0.004265 0.627771 0.142445 
0.369768 0.003195 0.331994 0.288391 0.006651 
0.113404 0.137663 0.673838 0.066448 0.008648 
0.472060 0.150734 0.172465 0.189517 0.015225 
0.491505 0.002287 0.223289 0.247282 0.035637 
0.484055 0.242454 0.049136 0.035282 0.189072 
0.303338 0.656439 0.038952 0.001213 0.000057 
0.058216 0.002479 0.714269 0.005222 0.219814 
0.123697 0.606739 0.198225 0.000448 0.070891 
0.063650 0.533633 0.356008 0.005634 0.041075 
0.018029 0.461748 0.498900 0.002639 0.018684 
0.000001 0.363836 0.609188 0.002921 0.024053 
0.138982 0.827295 0.030285 0.000165 0.003272 
0.051081 0.899771 0.001273 0.046995 0.000881 
0.084648 0.823667 0.010008 0.043020 0.038657 
0.211767 0.293640 0.001059 0.493074 0.000460 
0.031966 0.440788 0.042420 0.482495 0.002331 
0.000273 0.355741 0.293696 0.239212 0.111078 
0.000585 0.255037 0.350132 0.040308 0.353938 
0.034786 0.300511 0.333065 0.169190 0.162448 
0.207672 0.029758 0.721913 0.022112 0.018545 
0.530822 0.003469 0.364912 0.100273 0.000524 
0.131459 0.216722 0.484186 0.084665 0.082968 
0.509408 0.067004 0.001872 0.003849 0.417868 
0.019377 0.213758 0.187874 0.549399 0.029592 
0.260319 0.139389 0.428959 0.165407 0.005926 
0.221435 0.333960 0.000002 0.433142 0.011461 
0.021337 0.058194 0.186302 0.605507 0.128659 
0.309987 0.082822 0.455602 0.034180 0.117410 
0.011157 0.342794 0.543584 0.022314 0.080151 
0.053319 0.227775 0.432418 0.171784 0.114703 
0.008925 0.408946 0.316672 0.242655 0.022802 
0.020193 0.017771 0.187002 0.025447 0.749588 
0.042491 0.080687 0.874332 0.000662 0.001829 
0.001260 0.647924 0.024663 0.323161 0.002991 
0.000006 0.155469 0.098717 0.214246 0.531562 
0.034119 0.060427 0.379193 0.489836 0.036425 
0.144988 0.290941 0.267228 0.023369 0.273475 
0.001704 0.212101 0.254580 0.482902 0.048712 
0.134359 0.286961 0.550005 0.026170 0.002505 
0.478156 0.158795 0.292421 0.025318 0.045310 
0.020123 0.016103 0.609088 0.312932 0.041755 
0.442922 0.140155 0.321493 0.001547 0.093884 
0.145218 0.244208 0.134318 0.090283 0.385973 
0.000455 0.105118 0.039438 0.000239 0.854750 
0.078620 0.251879 0.083458 0.048322 0.537722 
0.029940 0.656323 0.036239 0.269320 0.008179 
0.002849 0.586384 0.040270 0.336722 0.033776 
0.088275 0.560100 0.209700 0.088898 0.053027 
0.114818 0.483175 0.163185 0.129351 0.109470 
0.438040 0.503679 0.001104 0.057114 0.000064 
0.005078 0.507458 0.447730 0.038473 0.001261 
0.271060 0.234372 0.368210 0.067936 0.058422 
0.028344 0.355814 0.326916 0.234208 0.054719 
0.126930 0.282756 0.442655 0.009742 0.137917 
0.415940 0.541948 0.000245 0.015941 0.025926 
0.096755 0.762556 0.097589 0.040970 0.002130 
0.075401 0.705928 0.147721 0.049006 0.021944 
0.080876 0.704667 0.133191 0.008396 0.072870 
0.082425 0.705926 0.139539 0.027801 0.044309 
0.057431 0.700762 0.126991 0.000121 0.114695 
0.252574 0.696439 0.018290 0.028843 0.003854 
0.150422 0.724318 0.070762 0.008988 0.045510 
0.168216 0.805379 0.023812 0.002564 0.000029 
0.036604 0.642080 0.251188 0.051513 0.018616 
0.046546 0.664296 0.213143 0.025394 0.050621 
0.010817 0.603327 0.327240 0.015978 0.042637 
0.007544 0.609083 0.283107 0.002044 0.098223 
0.000095 0.579785 0.381647 0.023542 0.014932 
0.427516 0.555062 0.006586 0.002402 0.008433 
0.573978 0.095610 0.301677 0.000192 0.028543 
0.364163 0.197067 0.336920 0.044855 0.056995 
0.188038 0.590336 0.088275 0.012168 0.121182 
0.214431 0.554705 0.058462 0.006014 0.166388 
0.278403 0.589445 0.023167 0.007275 0.101709 
0.240015 0.602811 0.042155 0.006732 0.108287 
0.315235 0.508587 0.017345 0.003385 0.155449 
0.184797 0.448200 0.091824 0.003934 0.271244 
0.211050 0.481829 0.077107 0.005224 0.224790 
0.005223 0.663534 0.288251 0.001458 0.041534 
0.030048 0.594917 0.237874 0.001158 0.136003 
0.113762 0.487076 0.135143 0.007767 0.256252 
0.171236 0.480728 0.114021 0.013075 0.220940 
0.066404 0.544453 0.185732 0.004920 0.198492 
0.408949 0.002551 0.464616 0.053185 0.070699 
0.028204 0.208787 0.312916 0.411553 0.038539 
0.065321 0.026781 0.048010 0.832094 0.027794 
0.081467 0.058724 0.115939 0.511804 0.232066 
0.376292 0.009081 0.279689 0.000039 0.334899 
0.027656 0.582654 0.169136 0.043926 0.176628 
0.272797 0.519638 0.035100 0.162930 0.009535 
0.265148 0.563541 0.050497 0.118947 0.001867 
0.047609 0.474711 0.382671 0.010803 0.084206 
0.005016 0.419732 0.558784 0.002203 0.014265 
0.113916 0.437361 0.002769 0.424089 0.021866 
0.823394 0.052071 0.022920 0.101493 0.000122 
0.000368 0.245884 0.395399 0.322048 0.036301 
0.397847 0.248223 0.165813 0.073790 0.114327 
0.692692 0.102565 0.085966 0.117833 0.000945 
0.395025 0.108613 0.086671 0.158191 0.251500 
0.086828 0.010754 0.458882 0.351486 0.092050 
0.012860 0.171664 0.520628 0.035521 0.259327 
0.270907 0.137921 0.541978 0.040576 0.008618 
0.247027 0.208860 0.411998 0.091074 0.041041 
0.003263 0.315721 0.039474 0.617115 0.024427 
0.000048 0.408017 0.023377 0.568320 0.000239 
0.200878 0.067924 0.594514 0.131923 0.004761 
0.078870 0.265300 0.079451 0.456699 0.119680 
0.002226 0.535463 0.030267 0.188881 0.243163 
0.397393 0.090573 0.109638 0.000129 0.402266 
0.497647 0.170780 0.046210 0.107655 0.177708 
0.478103 0.047790 0.008016 0.421442 0.044649 
0.004769 0.162246 0.401486 0.345601 0.085897 
0.326674 0.196011 0.081481 0.393700 0.002133 
0.268407 0.194733 0.000107 0.308478 0.228276 
0.000467 0.001419 0.516818 0.479966 0.001331 
0.010566 0.647368 0.312195 0.000789 0.029082 
0.759002 0.028998 0.205020 0.000049 0.006931 
0.218138 0.606452 0.000512 0.147434 0.027464 
0.014035 0.799927 0.001420 0.156485 0.028133 
0.007472 0.051437 0.616647 0.283863 0.040582 
0.008646 0.875518 0.016813 0.092991 0.006031 
0.091346 0.073960 0.000578 0.101426 0.732691 
0.342301 0.001595 0.191869 0.082791 0.381444 
0.197391 0.240367 0.172654 0.002921 0.386667 
0.106365 0.000433 0.808040 0.071059 0.014103 
0.236552 0.066756 0.018853 0.108052 0.569787 
0.267029 0.217623 0.473011 0.031759 0.010579 
0.000036 0.144319 0.175096 0.000010 0.680540 
0.133760 0.664927 0.120027 0.042719 0.038567 
0.224129 0.688628 0.053748 0.013392 0.020103 
0.274959 0.585934 0.052671 0.086397 0.000040 
0.235659 0.649797 0.034660 0.052552 0.027333 
0.321979 0.615919 0.005123 0.002767 0.054212 
0.018047 0.517624 0.270485 0.022582 0.171262 
0.046522 0.664396 0.202525 0.006703 0.079854 
0.010921 0.652376 0.265450 0.001559 0.069694 
0.338599 0.574173 0.024518 0.016492 0.046219 
0.151920 0.544997 0.125186 0.019525 0.158372 
0.131458 0.620951 0.118459 0.022247 0.106886 
0.041607 0.488126 0.218081 0.000044 0.252142 
0.282382 0.383858 0.047211 0.005310 0.281239 
0.018452 0.362142 0.502025 0.014280 0.103101 
0.134650 0.799911 0.005479 0.031014 0.028946 
0.036671 0.677280 0.029737 0.004666 0.251646 
0.203443 0.000072 0.560069 0.166946 0.069470 
0.228521 0.519304 0.071722 0.165994 0.014460 
0.093272 0.587153 0.260595 0.001359 0.057620 
0.104675 0.494881 0.249865 0.022963 0.127616 
0.267198 0.044519 0.560190 0.000180 0.127913 
0.005732 0.071077 0.497847 0.392266 0.033078 
0.171967 0.196531 0.609055 0.002089 0.020357 
0.096440 0.116804 0.358829 0.058332 0.369595 
0.067241 0.088619 0.495894 0.015882 0.332364 
0.354934 0.002305 0.273193 0.103409 0.266159 
0.199187 0.015412 0.456344 0.177216 0.151841 
0.412643 0.128676 0.027047 0.005886 0.425749 
0.260233 0.158377 0.525604 0.053118 0.002668 
0.149761 0.064200 0.137731 0.597589 0.050719 
0.030244 0.092034 0.004128 0.343156 0.530438 
0.015573 0.363377 0.022731 0.572380 0.025939 
0.005186 0.528760 0.030885 0.038613 0.396556 
0.128795 0.005750 0.787247 0.075463 0.002746 
0.243202 0.032953 0.638735 0.084001 0.001109 
0.257328 0.000340 0.731783 0.007086 0.003463 
0.333094 0.016133 0.635620 0.004925 0.010228 
0.536013 0.005688 0.010337 0.442682 0.005280 
0.001163 0.003638 0.164842 0.600342 0.230015 
0.009779 0.165552 0.007245 0.058994 0.758430 
0.317367 0.337706 0.007330 0.280003 0.057594 
0.129846 0.560455 0.110580 0.195754 0.003365 
0.471737 0.037707 0.254161 0.025619 0.210776 
0.561077 0.178308 0.250855 0.003915 0.005845 
0.212370 0.058880 0.573204 0.019311 0.136235 
0.190479 0.638700 0.080300 0.040290 0.050231 
0.071860 0.337105 0.512824 0.001694 0.076517 
0.379416 0.359303 0.011489 0.059998 0.189795 
0.028789 0.651360 0.214245 0.000812 0.104793 
0.054093 0.655576 0.174323 0.001035 0.114973 
0.334358 0.529698 0.022781 0.027440 0.085723 
0.372580 0.451301 0.015992 0.035435 0.124691 
0.014246 0.461689 0.280139 0.000045 0.243880 
0.019697 0.495583 0.279558 0.001750 0.203412 
0.084380 0.377875 0.157907 0.361411 0.018427 
0.384496 0.214721 0.003773 0.000008 0.397002 
0.529061 0.295255 0.068920 0.105450 0.001314 
0.151196 0.001387 0.081329 0.668043 0.098045 
0.010697 0.783592 0.080688 0.039106 0.085917 
0.377688 0.177293 0.160948 0.263463 0.020608 
0.682649 0.002062 0.283814 0.005006 0.026469 
0.192082 0.577272 0.109971 0.117607 0.003068 
0.090353 0.809158 0.001693 0.098282 0.000515 
0.132767 0.804650 0.000971 0.019407 0.042205 
0.134894 0.658874 0.001131 0.182333 0.022768 
0.190682 0.698338 0.011061 0.056982 0.042937 
0.648255 0.000459 0.136228 0.210720 0.004337 
0.056881 0.085717 0.657150 0.170940 0.029312 
0.215434 0.087833 0.025782 0.035235 0.635716 
0.479577 0.265787 0.060378 0.003001 0.191258 
0.472055 0.312857 0.191384 0.005186 0.018518 
0.343533 0.154255 0.007895 0.449586 0.044732 
0.257225 0.082593 0.008895 0.487771 0.163516 
0.379149 0.273760 0.174260 0.156053 0.016779 
0.005772 0.010990 0.040911 0.869628 0.072698 
0.055562 0.000064 0.027056 0.875834 0.041484 
0.131655 0.391129 0.156052 0.004173 0.316991 
0.012683 0.008859 0.298299 0.203455 0.476703 
0.466745 0.047177 0.317992 0.017463 0.150622 
0.499034 0.358706 0.000539 0.015439 0.126280 
0.055401 0.444705 0.201422 0.296591 0.001880 
0.045241 0.384662 0.201322 0.354025 0.014750 
0.039872 0.408683 0.398766 0.028990 0.123688 
0.058603 0.392822 0.311326 0.064928 0.172322 
0.053831 0.338834 0.242193 0.103343 0.261799 
0.020295 0.319343 0.389964 0.115502 0.154897 
0.067294 0.394815 0.120929 0.028773 0.388188 
0.010070 0.373417 0.293672 0.322280 0.000561 
0.372079 0.007106 0.195068 0.074176 0.351571 
0.471851 0.101210 0.380759 0.044855 0.001326 
0.031668 0.000255 0.767850 0.183041 0.017186 
0.000467 0.953300 0.014556 0.022612 0.009065 
0.159511 0.555756 0.078238 0.140217 0.066279 
0.000812 0.329341 0.511513 0.038225 0.120109 
0.001483 0.252162 0.683568 0.004600 0.058187 
0.033607 0.394134 0.281200 0.122784 0.168275 
0.343028 0.073768 0.210354 0.368167 0.004684 
0.090870 0.056940 0.081611 0.659033 0.111547 
0.152443 0.180826 0.001691 0.352950 0.312090 
0.018586 0.034352 0.088474 0.597841 0.260747 
0.007951 0.001954 0.145160 0.117898 0.727037 
0.211502 0.598101 0.025008 0.011887 0.153501 
0.076603 0.097167 0.320325 0.163376 0.342529 
0.137009 0.683766 0.012617 0.154727 0.011881 
0.000459 0.381725 0.273461 0.066326 0.278029 
0.023909 0.729487 0.027100 0.012195 0.207309 
0.008517 0.180051 0.310845 0.127317 0.373270 
0.283805 0.271599 0.051909 0.027286 0.365402 
0.788494 0.000000 0.109819 0.061163 0.040524 
0.431286 0.001732 0.337748 0.202443 0.026791 
0.198651 0.002545 0.458792 0.260413 0.079599 
0.158909 0.535449 0.162186 0.012076 0.131380 
0.449648 0.028019 0.089385 0.004918 0.428030 
0.548638 0.047275 0.036015 0.311208 0.056864 
0.595961 0.076134 0.062355 0.233133 0.032417 
0.045713 0.676602 0.135226 0.088513 0.053946 
0.110103 0.646794 0.048733 0.160020 0.034350 
0.321478 0.027436 0.311794 0.334671 0.004620 
0.173372 0.215582 0.028970 0.532780 0.049296 
0.004346 0.473134 0.516417 0.002643 0.003460 
0.008076 0.002807 0.064945 0.427865 0.496307 
0.013323 0.613056 0.145854 0.002886 0.224881 
0.010772 0.621387 0.199479 0.002884 0.165478 
0.004890 0.564499 0.104736 0.027432 0.298442 
0.137743 0.282926 0.013811 0.499743 0.065777 
0.147676 0.038816 0.165965 0.107947 0.539595 
0.148556 0.176206 0.279448 0.038052 0.357739 
0.068194 0.000385 0.003456 0.069228 0.858736 
0.113920 0.023578 0.033906 0.064310 0.764286 
0.100779 0.068515 0.153887 0.117144 0.559674 
0.075692 0.074987 0.152851 0.683181 0.013289 
0.116288 0.047782 0.123004 0.628383 0.084542 
0.100118 0.007748 0.363940 0.502243 0.025951 
0.442717 0.012823 0.007331 0.535688 0.001441 
0.163703 0.051360 0.357168 0.423525 0.004244 
0.045574 0.713972 0.194094 0.035389 0.010971 
0.615680 0.036104 0.111244 0.129332 0.107639 
0.021799 0.033345 0.220408 0.654429 0.070019 
0.432285 0.042595 0.095342 0.035360 0.394418 
0.380203 0.200447 0.369938 0.038348 0.011065 
0.162240 0.054427 0.378232 0.017418 0.387684 
0.080601 0.371948 0.075849 0.051530 0.420072 
0.241944 0.595056 0.002668 0.085248 0.075085 
0.153841 0.485152 0.000214 0.283931 0.076863 
0.120162 0.531901 0.098928 0.000780 0.248229 
0.278655 0.466036 0.022419 0.211552 0.021338 
0.042385 0.165131 0.005032 0.777155 0.010297 
0.036583 0.035580 0.863303 0.040031 0.024503 
0.031189 0.003816 0.375496 0.589240 0.000260 
0.194816 0.055966 0.020025 0.488065 0.241127 
0.010446 0.562745 0.053427 0.094765 0.278617 
0.095276 0.015434 0.426598 0.456439 0.006253 
0.078945 0.639615 0.260182 0.018782 0.002475 
0.003805 0.000024 0.106571 0.004217 0.885382 
0.195672 0.012189 0.471426 0.001032 0.319681 
0.310627 0.160214 0.033795 0.009561 0.485802 
0.389045 0.023946 0.193007 0.142776 0.251225 
0.133414 0.480966 0.159491 0.060421 0.165708 
0.199915 0.323461 0.044958 0.004841 0.426825 
0.103844 0.521289 0.069150 0.011829 0.293888 
0.251420 0.157460 0.187384 0.148360 0.255376 
0.008146 0.279749 0.420069 0.130520 0.161516 
0.095329 0.100415 0.001981 0.733632 0.068642 
0.024734 0.102877 0.461545 0.410302 0.000542 
0.069038 0.013011 0.163482 0.658290 0.096178 
0.000483 0.013223 0.106889 0.724375 0.155030 
0.034277 0.001726 0.130636 0.753878 0.079483 
0.143375 0.086041 0.705264 0.010179 0.055141 
0.130714 0.055713 0.678570 0.053222 0.081781 
0.087808 0.102842 0.393330 0.378788 0.037231 
0.125080 0.709625 0.076381 0.046051 0.042863 
0.133723 0.698938 0.060196 0.032717 0.074426 
0.505760 0.279776 0.003501 0.000058 0.210906 
0.092873 0.002550 0.124389 0.028689 0.751500 
0.000063 0.397650 0.179958 0.024717 0.397612 
0.053757 0.030077 0.005558 0.005741 0.904867 
0.011575 0.046224 0.043643 0.306310 0.592247 
0.615202 0.127207 0.017648 0.002411 0.237531 
0.019431 0.329635 0.268207 0.023616 0.359111 
0.253850 0.606832 0.079621 0.058569 0.001129 
0.063956 0.001469 0.510100 0.089300 0.335174 
0.028400 0.252230 0.335574 0.175793 0.208003 
0.179912 0.328734 0.025689 0.389912 0.075754 
0.002322 0.024841 0.039607 0.529109 0.404120 
0.014858 0.335500 0.559077 0.011379 0.079186 
0.048259 0.457440 0.032418 0.461818 0.000065 
0.238499 0.065072 0.007729 0.505588 0.183112 
0.026667 0.006584 0.132677 0.690090 0.143982 
0.013735 0.057928 0.491448 0.003210 0.433679 
0.078806 0.610960 0.001782 0.022304 0.286148 
0.539210 0.132324 0.082091 0.234160 0.012215 
0.032556 0.609190 0.017648 0.004388 0.336217 
0.027935 0.231339 0.298204 0.217856 0.224666 
0.127428 0.015161 0.046880 0.495411 0.315120 
0.519859 0.159822 0.002783 0.312272 0.005264 
0.284584 0.506470 0.004343 0.089780 0.114824 
0.032515 0.431938 0.119821 0.087171 0.328555 
0.066995 0.502542 0.086590 0.129797 0.214076 
0.296752 0.239920 0.003289 0.000123 0.459917 
0.015055 0.326989 0.292281 0.001011 0.364664 
0.275946 0.083096 0.252531 0.202443 0.185984 
0.000804 0.000231 0.074632 0.777310 0.147023 
0.028608 0.014307 0.174047 0.665775 0.117264 
0.049303 0.159445 0.733317 0.003335 0.054599 
0.013309 0.148566 0.634924 0.019343 0.183858 
0.028543 0.730536 0.192196 0.004841 0.043884 
0.008716 0.753627 0.040231 0.039049 0.158377 
0.002703 0.570408 0.235817 0.174114 0.016958 
0.647760 0.146787 0.119273 0.084917 0.001262 
0.150207 0.683266 0.147915 0.018601 0.000012 
0.057127 0.136788 0.165822 0.086621 0.553642 
0.050557 0.662476 0.033618 0.230631 0.022719 
0.081643 0.164507 0.078025 0.528771 0.147054 
0.304535 0.014145 0.668159 0.008337 0.004824 
0.215828 0.005577 0.744118 0.014418 0.020059 
0.880686 0.015633 0.017213 0.018136 0.068332 
0.219311 0.000661 0.149200 0.003645 0.627184 
0.205557 0.000636 0.310967 0.206316 0.276524 
0.124591 0.094954 0.760244 0.010453 0.009758 
0.013046 0.000074 0.000135 0.039599 0.947146 
0.004627 0.082508 0.003946 0.209371 0.699549 
0.734232 0.009159 0.111938 0.127956 0.016716 
0.034041 0.251921 0.113554 0.187875 0.412609 
0.008603 0.000350 0.770093 0.181686 0.039268 
0.021366 0.418934 0.145816 0.253848 0.160036 
0.022269 0.029568 0.787995 0.085725 0.074442 
0.081180 0.890159 0.002463 0.026198 0.000000 
0.040397 0.000358 0.882391 0.015065 0.061789 
0.210123 0.054191 0.732897 0.001596 0.001192 
0.190807 0.014471 0.652178 0.038726 0.103818 
0.044353 0.019119 0.769614 0.055429 0.111485 
0.319884 0.072961 0.600827 0.001763 0.004565 
0.319054 0.122519 0.431701 0.071716 0.055010 
0.005889 0.412577 0.003587 0.298300 0.279647 
0.175951 0.000480 0.640875 0.014242 0.168452 
0.394007 0.165202 0.031513 0.397184 0.012093 
0.023252 0.526299 0.153535 0.204087 0.092827 
0.341921 0.013350 0.352609 0.277874 0.014247 
0.000160 0.060680 0.123219 0.470154 0.345788 
0.192020 0.073590 0.438843 0.202588 0.092959 
0.267643 0.446863 0.020494 0.264747 0.000252 
0.102325 0.552940 0.000079 0.007116 0.337540 
0.126507 0.008404 0.757313 0.063902 0.043874 
0.078500 0.763547 0.002001 0.113144 0.042808 
0.009586 0.735186 0.001523 0.204170 0.049535 
0.268393 0.070107 0.661214 0.000255 0.000030 
0.140333 0.016804 0.828436 0.008331 0.006096 
0.036258 0.075857 0.482940 0.009128 0.395817 
0.020629 0.722608 0.158290 0.096802 0.001671 
0.077463 0.660114 0.099286 0.148266 0.014871 
0.062602 0.004941 0.312696 0.547299 0.072464 
0.127622 0.002888 0.041677 0.523340 0.304474 
0.275292 0.040955 0.398903 0.280845 0.004005 
0.072912 0.732788 0.110217 0.081679 0.002404 
0.042441 0.052653 0.184087 0.646972 0.073847 
0.193831 0.027601 0.021923 0.308785 0.447860 
0.000709 0.152146 0.257374 0.044314 0.545458 
0.028359 0.676223 0.013239 0.277880 0.004299 
0.034704 0.401723 0.021817 0.018632 0.523123 
0.070243 0.254229 0.213999 0.163254 0.298275 
0.017170 0.529062 0.199757 0.085324 0.168687 
0.000012 0.135856 0.506242 0.357083 0.000807 
0.013339 0.511335 0.159254 0.249466 0.066606 
0.084828 0.105553 0.485457 0.105376 0.218787 
0.000239 0.075891 0.046570 0.259660 0.617640 
0.082606 0.153269 0.007388 0.057415 0.699322 
0.021950 0.032883 0.240957 0.486695 0.217515 
0.499776 0.214348 0.275415 0.006829 0.003631 
0.085344 0.020311 0.008897 0.065596 0.819853 
0.235201 0.025368 0.131891 0.001673 0.605867 
0.114816 0.614030 0.080659 0.176514 0.013981 
0.062580 0.019525 0.371496 0.227732 0.318666 
0.561137 0.054300 0.000054 0.383107 0.001403 
0.059206 0.051504 0.412936 0.171772 0.304582 
0.013060 0.383451 0.236834 0.366075 0.000581 
0.277489 0.033126 0.327339 0.171078 0.190969 
0.041928 0.184048 0.003643 0.084176 0.686205 
0.002333 0.151181 0.025431 0.423781 0.397274 
0.000209 0.884130 0.077813 0.002932 0.034916 
0.023962 0.002560 0.426207 0.330585 0.216686 
0.055993 0.006358 0.493952 0.232351 0.211346 
0.084556 0.259866 0.097771 0.117445 0.440362 
0.392742 0.344282 0.200146 0.000196 0.062634 
0.078879 0.239807 0.121487 0.186128 0.373699 
0.527042 0.027157 0.028440 0.323536 0.093824 
0.005643 0.625034 0.040431 0.327854 0.001038 
0.001420 0.003492 0.383636 0.315863 0.295589 
0.113800 0.017049 0.674059 0.105879 0.089213 
0.284197 0.047039 0.623535 0.036176 0.009053 
0.217844 0.018596 0.616543 0.104845 0.042173 
0.012628 0.049668 0.017683 0.460972 0.459048 
0.198174 0.026218 0.664007 0.099984 0.011617 
0.456537 0.004818 0.147134 0.003308 0.388203 
0.190205 0.063346 0.000351 0.461877 0.284221 
0.049808 0.000533 0.477775 0.310902 0.160983 
0.008574 0.284797 0.075351 0.603415 0.027863 
0.021260 0.408270 0.088682 0.400841 0.080947 
0.009434 0.184513 0.627194 0.177161 0.001698 
0.087673 0.541087 0.031424 0.311838 0.027977 
0.024692 0.135524 0.388332 0.078792 0.372661 
0.001533 0.010199 0.285099 0.122724 0.580446 
0.245402 0.054990 0.003024 0.614510 0.082074 
0.029797 0.004775 0.443692 0.391885 0.129851 
0.087433 0.006411 0.640092 0.160882 0.105182 
0.000227 0.231680 0.454273 0.293051 0.020769 
0.002882 0.239827 0.519546 0.231767 0.005977 
0.054423 0.217603 0.596580 0.130951 0.000444 
0.025155 0.001011 0.911810 0.002600 0.059424 
0.000048 0.188079 0.399466 0.372480 0.039927 
0.001252 0.158010 0.191661 0.578235 0.070842 
0.026707 0.404571 0.166466 0.400966 0.001289 
0.001004 0.736197 0.063296 0.000665 0.198838 
0.001871 0.917048 0.022208 0.058727 0.000147 
0.004052 0.044272 0.084910 0.714742 0.152025 
0.196929 0.470806 0.112729 0.005722 0.213814 
0.028289 0.066170 0.043943 0.728832 0.132765 
0.026002 0.112353 0.520449 0.063302 0.277894 
0.006604 0.000776 0.562990 0.394241 0.035388 
0.018438 0.443604 0.506276 0.031279 0.000403 
0.016718 0.706794 0.258965 0.010279 0.007244 
0.065837 0.528298 0.341946 0.054036 0.009883 
0.004881 0.816009 0.175071 0.002431 0.001608 
0.146681 0.299576 0.458689 0.090277 0.004777 
0.065981 0.318944 0.430421 0.136317 0.048337 
0.066027 0.425835 0.397115 0.089232 0.021791 
0.545987 0.267232 0.081215 0.094851 0.010714 
0.073451 0.072566 0.354643 0.273885 0.225455 
0.171011 0.169679 0.344014 0.116576 0.198720 
0.021245 0.058106 0.201170 0.004444 0.715035 
0.291685 0.500182 0.020997 0.000333 0.186803 
0.065327 0.355811 0.488026 0.085618 0.005219 
0.057299 0.230440 0.484186 0.179375 0.048700 
0.125161 0.097677 0.261403 0.194765 0.320993 
0.008612 0.003753 0.200958 0.410170 0.376507 
0.024385 0.005912 0.115616 0.291403 0.562684 
0.121084 0.357212 0.004055 0.516750 0.000899 
0.034686 0.002601 0.930544 0.020483 0.011687 
0.070954 0.575938 0.002910 0.000007 0.350191 
0.124586 0.001599 0.843148 0.008572 0.022095 
0.525030 0.338807 0.010847 0.002320 0.122995 
0.255037 0.410985 0.032824 0.005441 0.295712 
0.387868 0.010017 0.088292 0.447614 0.066209 
0.000113 0.403339 0.488906 0.001173 0.106469 
0.000650 0.457108 0.479214 0.000438 0.062590 
0.016891 0.498482 0.386744 0.002014 0.095868 
0.051077 0.570794 0.301632 0.009362 0.067134 
0.059001 0.514665 0.281991 0.001475 0.142867 
0.028584 0.417041 0.362514 0.000016 0.191845 
0.013884 0.344825 0.390335 0.004739 0.246216 
0.000755 0.277670 0.470284 0.012338 0.238953 
0.281691 0.498212 0.031107 0.006136 0.182855 
0.251186 0.447805 0.049456 0.004504 0.247049 
0.141517 0.384652 0.058109 0.001247 0.414475 
0.070706 0.390684 0.086372 0.451325 0.000913 
0.193198 0.371683 0.043201 0.007531 0.384387 
0.354811 0.572844 0.005364 0.002287 0.064695 
0.017219 0.385147 0.347022 0.000000 0.250611 
0.188225 0.430191 0.074539 0.000482 0.306563 
0.112591 0.472013 0.104611 0.000249 0.310537 
0.001901 0.510499 0.240361 0.007421 0.239818 
0.045600 0.500774 0.269565 0.006207 0.177854 
0.034822 0.451929 0.298909 0.003179 0.211161 
0.002006 0.348464 0.324989 0.000016 0.324525 
0.251602 0.295242 0.001367 0.014484 0.437305 
0.000475 0.300503 0.388790 0.000583 0.309650 
0.019962 0.832969 0.042028 0.063362 0.041678 
0.038680 0.710529 0.124166 0.031572 0.095053 
0.006389 0.632152 0.172864 0.016246 0.172350 
0.080770 0.585773 0.209659 0.013510 0.110288 
0.377441 0.111281 0.126471 0.153778 0.231030 
0.294508 0.258593 0.019053 0.041559 0.386286 
0.296754 0.568453 0.113516 0.011071 0.010206 
0.221310 0.006232 0.206419 0.551999 0.014041 
0.196599 0.247604 0.490252 0.020606 0.044940 
0.003412 0.274437 0.106743 0.389132 0.226276 
0.000183 0.672127 0.170970 0.136751 0.019969 
0.011802 0.299812 0.112648 0.374536 0.201202 
0.032776 0.149695 0.232275 0.568249 0.017004 
0.135315 0.169702 0.092833 0.079171 0.522979 
0.018158 0.119596 0.004985 0.796577 0.060684 
0.067366 0.040417 0.039178 0.726333 0.126705 
0.001367 0.023431 0.000984 0.523233 0.450985 
0.087815 0.001179 0.000934 0.678601 0.231470 
0.003074 0.012401 0.049401 0.250833 0.684290 
0.048776 0.006355 0.009356 0.279981 0.655532 
0.109368 0.011406 0.017789 0.358873 0.502563 
0.259391 0.054815 0.002109 0.573264 0.110421 
0.148707 0.213139 0.067832 0.290734 0.279587 
0.000054 0.001381 0.179346 0.644711 0.174508 
0.000935 0.520922 0.004618 0.462766 0.010758 
0.248179 0.239017 0.033560 0.465282 0.013962 
0.679523 0.024512 0.209744 0.059735 0.026487 
0.033693 0.000031 0.114115 0.382655 0.469506 
0.071620 0.359645 0.000500 0.395656 0.172579 
0.232447 0.011097 0.473884 0.047787 0.234786 
0.443691 0.008050 0.483527 0.000051 0.064681 
0.284978 0.043987 0.505888 0.041782 0.123365 
0.139009 0.126659 0.490489 0.126280 0.117562 
0.183286 0.099538 0.504573 0.098718 0.113886 
0.078767 0.095340 0.400358 0.234995 0.190540 
0.162126 0.037256 0.446703 0.103533 0.250382 
0.000863 0.044759 0.330002 0.057459 0.566917 
0.180174 0.213724 0.031675 0.497154 0.077272 
0.422488 0.000030 0.456988 0.027511 0.092983 
0.217986 0.000386 0.693428 0.002350 0.085850 
0.410162 0.255678 0.000192 0.054900 0.279069 
0.452604 0.003757 0.406897 0.075080 0.061661 
0.036875 0.379804 0.004243 0.574050 0.005029 
0.228358 0.222757 0.149156 0.005090 0.394639 
0.035745 0.557171 0.054630 0.018023 0.334430 
0.044957 0.054737 0.287148 0.015685 0.597473 
0.068116 0.564244 0.004703 0.212871 0.150065 
0.029933 0.569520 0.097659 0.005610 0.297278 
0.462799 0.000708 0.080363 0.380221 0.075910 
0.325322 0.001188 0.008685 0.657814 0.006991 
0.000977 0.066732 0.807360 0.123012 0.001919 
0.612547 0.096393 0.011669 0.083351 0.196041 
0.520068 0.038492 0.026462 0.371874 0.043104 
0.052074 0.004731 0.737362 0.034035 0.171798 
0.061660 0.548571 0.008459 0.028630 0.352681 
0.043809 0.595454 0.125458 0.085959 0.149320 
0.038369 0.675852 0.098032 0.097566 0.090182 
0.081075 0.645697 0.058054 0.063208 0.151965 
0.044635 0.610227 0.048641 0.029386 0.267111 
0.077218 0.099443 0.010530 0.799253 0.013556 
0.136539 0.656640 0.114727 0.035501 0.056593 
0.014826 0.014132 0.563837 0.358578 0.048627 
0.066429 0.387918 0.529777 0.010033 0.005844 
0.032684 0.042196 0.669858 0.250204 0.005059 
0.187196 0.577293 0.088733 0.054514 0.092264 
0.031437 0.565831 0.286913 0.110486 0.005333 
0.283486 0.358202 0.025421 0.071777 0.261114 
0.300987 0.292051 0.003201 0.052826 0.350935 
0.182478 0.248642 0.003271 0.178923 0.386686 
0.158472 0.177095 0.172970 0.491460 0.000002 
0.262172 0.009405 0.216149 0.068444 0.443831 
0.038166 0.168847 0.688718 0.025176 0.079093 
0.168803 0.443117 0.063693 0.153515 0.170872 
0.005890 0.488012 0.181671 0.282327 0.042100 
0.449188 0.297118 0.120516 0.130780 0.002398 
0.110379 0.355098 0.010862 0.248712 0.274950 
0.274531 0.397382 0.007212 0.106712 0.214163 
0.032271 0.124795 0.701628 0.048423 0.092883 
0.749113 0.007576 0.005033 0.000111 0.238168 
0.375760 0.284830 0.000121 0.132933 0.206355 
0.800355 0.021666 0.166063 0.003682 0.008234 
0.039567 0.040153 0.406224 0.471881 0.042175 
0.135168 0.148438 0.120987 0.009408 0.585998 
0.009154 0.657798 0.000238 0.294388 0.038423 
0.017812 0.214325 0.010806 0.528347 0.228710 
0.319217 0.299544 0.004762 0.094012 0.282465 
0.371089 0.168481 0.095205 0.345131 0.020094 
0.017032 0.660097 0.002605 0.010066 0.310200 
0.075862 0.334393 0.369193 0.198119 0.022433 
0.041657 0.157289 0.493496 0.281197 0.026361 
0.002123 0.114271 0.474018 0.409549 0.000038 
0.183067 0.165200 0.005069 0.438324 0.208340 
0.048329 0.302334 0.603893 0.000242 0.045201 
0.151889 0.824053 0.011756 0.002007 0.010295 
0.640115 0.000613 0.076942 0.245821 0.036509 
0.000315 0.596274 0.355714 0.000691 0.047005 
0.192640 0.027277 0.017915 0.585262 0.176905 
0.042748 0.486061 0.258813 0.146077 0.066300 
0.003684 0.259905 0.232695 0.387506 0.116210 
0.028316 0.124850 0.805764 0.000562 0.040507 
0.040286 0.121142 0.465993 0.159776 0.212803 
0.003622 0.092583 0.365722 0.532649 0.005425 
0.189483 0.006324 0.549023 0.223831 0.031338 
0.000293 0.653226 0.002545 0.330545 0.013392 
0.201575 0.048396 0.206870 0.071778 0.471380 
0.230650 0.067619 0.503455 0.000768 0.197508 
0.026398 0.001319 0.026942 0.445766 0.499575 
0.162440 0.507704 0.163260 0.021571 0.145025 
0.140981 0.501238 0.126887 0.108702 0.122192 
0.225208 0.526625 0.064798 0.071316 0.112053 
0.201596 0.457739 0.080318 0.107491 0.152856 
0.178149 0.396979 0.084177 0.146151 0.194543 
0.162773 0.306391 0.073764 0.204018 0.253054 
0.044961 0.237535 0.112184 0.365085 0.240235 
0.141191 0.442245 0.116424 0.142846 0.157295 
0.074603 0.396111 0.186380 0.198527 0.144378 
0.057712 0.055777 0.000133 0.753718 0.132661 
0.173546 0.179329 0.005588 0.514801 0.126737 
0.200990 0.207688 0.001648 0.475166 0.114508 
0.018390 0.164454 0.146439 0.468446 0.202271 
0.461564 0.418610 0.000022 0.006630 0.113174 
0.000510 0.436216 0.378606 0.001139 0.183528 
0.209134 0.016289 0.631543 0.085065 0.057969 
0.498263 0.245443 0.019110 0.155675 0.081509 
0.320797 0.314910 0.115727 0.244518 0.004047 
0.388251 0.146540 0.057385 0.283245 0.124580 
0.041996 0.536781 0.003741 0.407049 0.010433 
0.003327 0.134625 0.323441 0.510235 0.028372 
0.087928 0.396065 0.090143 0.124327 0.301537 
0.260278 0.243204 0.017894 0.096836 0.381787 
0.051683 0.577125 0.094874 0.175674 0.100644 
0.122866 0.742410 0.009606 0.062750 0.062369 
0.311007 0.003782 0.063385 0.507032 0.114794 
0.000329 0.231091 0.286803 0.393861 0.087916 
0.108809 0.310374 0.289628 0.082099 0.209090 
0.052547 0.192646 0.380390 0.009458 0.364959 
0.013540 0.206363 0.505329 0.140146 0.134622 
0.002540 0.092200 0.640785 0.011298 0.253176 
0.013834 0.347390 0.563774 0.008787 0.066214 
0.136856 0.640468 0.035874 0.000366 0.186436 
0.057743 0.428082 0.275429 0.219079 0.019667 
0.133620 0.422969 0.335086 0.103819 0.004507 
0.143032 0.483472 0.274579 0.089143 0.009774 
0.396444 0.001718 0.483170 0.112728 0.005940 
0.153961 0.184163 0.006025 0.544490 0.111361 
0.281326 0.300470 0.024929 0.123925 0.269351 
0.226030 0.299991 0.045673 0.165573 0.262732 
0.000000 0.032576 0.031697 0.639765 0.295962 
0.029256 0.486534 0.080899 0.374170 0.029141 
0.131301 0.355687 0.327421 0.104550 0.081041 
0.230752 0.199449 0.315717 0.072866 0.181216 
0.052934 0.737957 0.096086 0.087850 0.025174 
0.124784 0.144939 0.460220 0.000193 0.269864 
0.006317 0.546779 0.000782 0.067436 0.378686 
0.041163 0.101140 0.148983 0.004314 0.704400 
0.006113 0.631328 0.334552 0.023894 0.004113 
0.340639 0.044985 0.318880 0.015209 0.280287 
0.260492 0.011106 0.526870 0.006290 0.195242 
0.146726 0.535025 0.042679 0.272729 0.002841 
0.117179 0.318480 0.021504 0.501884 0.040953 
0.182005 0.062499 0.617743 0.011805 0.125949 
0.045213 0.015950 0.925906 0.012267 0.000665 
0.463067 0.006949 0.216234 0.104312 0.209439 
0.474652 0.002245 0.163620 0.201641 0.157842 
0.855648 0.000148 0.035039 0.010560 0.098605 
0.109160 0.036949 0.199437 0.148250 0.506204 
0.028062 0.492239 0.000094 0.049806 0.429799 
0.053002 0.259905 0.632937 0.000077 0.054078 
0.026281 0.011691 0.061036 0.819763 0.081228 
0.188515 0.451950 0.356404 0.002780 0.000350 
0.016031 0.341442 0.297867 0.319610 0.025050 
0.150540 0.593433 0.084550 0.059347 0.112130 
0.142812 0.325800 0.377356 0.151301 0.002731 
0.002784 0.851476 0.090451 0.042204 0.013084 
0.102036 0.046642 0.447843 0.389713 0.013766 
0.038306 0.041862 0.617208 0.283244 0.019380 
0.175389 0.010546 0.384399 0.415522 0.014144 
0.011874 0.034697 0.007688 0.233297 0.712444 
0.012101 0.024333 0.061821 0.058159 0.843587 
0.569299 0.246892 0.000049 0.095144 0.088616 
0.623668 0.131880 0.000038 0.219987 0.024427 
0.326345 0.019981 0.233327 0.002429 0.417919 
0.189413 0.008977 0.370166 0.367940 0.063504 
0.113094 0.016616 0.147669 0.718472 0.004148 
0.550481 0.038336 0.358877 0.036246 0.016060 
0.255954 0.073727 0.341692 0.179944 0.148684 
0.205628 0.035536 0.280120 0.270432 0.208284 
0.409790 0.005651 0.248733 0.244304 0.091522 
0.002307 0.514684 0.196158 0.222734 0.064117 
0.227054 0.066230 0.325893 0.208772 0.172052 
0.003207 0.507955 0.011688 0.001387 0.475763 
0.000007 0.085507 0.012019 0.580057 0.322410 
0.099114 0.000834 0.493106 0.000094 0.406852 
0.042277 0.014708 0.049934 0.702011 0.191070 
0.007672 0.000055 0.224631 0.629725 0.137917 
0.186910 0.003338 0.477214 0.000245 0.332294 
0.211430 0.001746 0.395943 0.006135 0.384746 
0.000795 0.052187 0.000129 0.733085 0.213804 
0.491146 0.082792 0.005528 0.415326 0.005208 
0.259490 0.003731 0.182079 0.391491 0.163210 
0.022529 0.419753 0.129905 0.327749 0.100063 
0.259500 0.017243 0.221243 0.333719 0.168295 
0.206564 0.051528 0.305207 0.246698 0.190004 
0.087226 0.001332 0.295113 0.338063 0.278266 
0.103846 0.086567 0.651358 0.005840 0.152390 
0.398308 0.054963 0.466607 0.005230 0.074893 
0.224340 0.146641 0.572147 0.018220 0.038652 
0.000002 0.224648 0.429073 0.000483 0.345795 
0.033227 0.655626 0.009281 0.071425 0.230441 
0.001728 0.000004 0.463515 0.131183 0.403569 
0.291298 0.207549 0.019225 0.467243 0.014685 
0.235797 0.265744 0.034721 0.454188 0.009550 
0.013557 0.416421 0.172775 0.001165 0.396082 
0.318372 0.138772 0.043166 0.458518 0.041172 
0.385890 0.056489 0.022757 0.483659 0.051206 
0.327927 0.072460 0.034402 0.504882 0.060329 
0.532280 0.014418 0.000328 0.432597 0.020377 
0.195238 0.103453 0.079793 0.549157 0.072359 
0.159205 0.004178 0.031589 0.703752 0.101275 
0.002432 0.198742 0.013974 0.654974 0.129878 
0.221027 0.597332 0.079344 0.096497 0.005800 
0.561030 0.201216 0.061152 0.126666 0.049935 
0.195168 0.264800 0.270511 0.240081 0.029439 
0.226184 0.187328 0.191991 0.318935 0.075562 
0.284542 0.164865 0.158238 0.306312 0.086043 
0.405472 0.120230 0.104026 0.254168 0.116104 
0.154687 0.699349 0.102839 0.036828 0.006297 
0.146554 0.058829 0.062422 0.591781 0.140413 
0.375803 0.324147 0.149799 0.148058 0.002192 
0.087391 0.081069 0.148917 0.665341 0.017282 
0.026873 0.003329 0.031095 0.914937 0.023765 
0.125616 0.282578 0.409614 0.174637 0.007554 
0.000002 0.061335 0.524609 0.389304 0.024750 
0.009337 0.367794 0.609474 0.012836 0.000559 
0.010690 0.099994 0.719245 0.105388 0.064683 
0.049983 0.322463 0.157278 0.435334 0.034942 
0.197933 0.086289 0.180405 0.239615 0.295758 
0.085717 0.063831 0.015970 0.109718 0.724764 
0.035335 0.064659 0.141309 0.487099 0.271597 
0.072970 0.167470 0.493329 0.211509 0.054722 
0.071830 0.009421 0.393564 0.097548 0.427638 
0.106512 0.047301 0.411747 0.151852 0.282587 
0.079724 0.048495 0.386712 0.192199 0.292870 
0.033301 0.000988 0.327962 0.105925 0.531823 
0.001806 0.009824 0.263106 0.187061 0.538203 
0.028821 0.006576 0.176756 0.070655 0.717192 
0.006364 0.000638 0.189981 0.121873 0.681144 
0.199946 0.396906 0.347318 0.026511 0.029318 
0.000035 0.240040 0.276502 0.481938 0.001485 
0.047640 0.041657 0.006988 0.902402 0.001314 
0.000067 0.011295 0.298400 0.574261 0.115977 
0.016117 0.104696 0.129275 0.720820 0.029093 
0.024176 0.003099 0.009948 0.952110 0.010668 
0.019273 0.039315 0.056467 0.861994 0.022950 
0.019150 0.257251 0.662908 0.058075 0.002616 
0.045678 0.572212 0.240050 0.041410 0.100649 
0.130233 0.702130 0.106601 0.007400 0.053636 
0.072009 0.689472 0.024007 0.087211 0.127302 
0.071759 0.381424 0.369357 0.110369 0.067091 
0.000005 0.124205 0.222718 0.652456 0.000615 
0.361544 0.205309 0.404377 0.000193 0.028577 
0.002297 0.158066 0.056206 0.782860 0.000570 
0.232623 0.083983 0.489969 0.179729 0.013696 
0.029956 0.000614 0.469258 0.273601 0.226572 
0.033393 0.025592 0.849516 0.082708 0.008791 
0.038018 0.867838 0.018435 0.075069 0.000640 
0.042786 0.567953 0.044620 0.000114 0.344527 
0.291691 0.097822 0.375469 0.212313 0.022704 
0.458691 0.191351 0.221317 0.031766 0.096875 
0.271289 0.039527 0.369447 0.311008 0.008729 
0.322030 0.001425 0.287324 0.006459 0.382762 
0.012441 0.107117 0.174064 0.000438 0.705941 
0.110763 0.529332 0.168226 0.104498 0.087181 
0.223295 0.627898 0.041661 0.105154 0.001992 
0.211186 0.568866 0.061194 0.108191 0.050563 
0.244936 0.004128 0.461584 0.288846 0.000505 
0.029762 0.206861 0.088649 0.402320 0.272408 
0.118038 0.287012 0.106448 0.236825 0.251678 
0.095523 0.240875 0.070655 0.267535 0.325412 
0.008114 0.280748 0.069592 0.044736 0.596810 
0.001033 0.110926 0.094603 0.582203 0.211236 
0.026779 0.041139 0.818562 0.112258 0.001261 
0.000739 0.073003 0.005073 0.440912 0.480272 
0.045091 0.004819 0.431785 0.476370 0.041936 
0.033549 0.001231 0.440007 0.459969 0.065245 
0.311335 0.438532 0.019601 0.179475 0.051057 
0.380521 0.388585 0.001570 0.216975 0.012349 
0.174677 0.038736 0.351882 0.403004 0.031701 
0.038237 0.614915 0.130645 0.207360 0.008842 
0.048126 0.093489 0.292154 0.548261 0.017971 
0.237155 0.005237 0.401798 0.069052 0.286759 
0.000062 0.125845 0.136074 0.738015 0.000003 
0.059730 0.158350 0.402882 0.206489 0.172550 
0.002284 0.594146 0.269249 0.119739 0.014581 
0.147028 0.648429 0.154920 0.036514 0.013109 
0.085604 0.083548 0.161196 0.002012 0.667639 
0.231865 0.258206 0.019175 0.156790 0.333965 
0.297714 0.182520 0.057963 0.005697 0.456106 
0.074887 0.172993 0.022873 0.278835 0.450412 
0.137174 0.174905 0.028327 0.237254 0.422340 
0.013767 0.114204 0.024745 0.429476 0.417808 
0.037488 0.001231 0.259705 0.626310 0.075266 
0.006512 0.021962 0.109213 0.859922 0.002391 
0.046020 0.076956 0.182818 0.693992 0.000214 
0.024094 0.017378 0.088290 0.010989 0.859250 
0.062142 0.495812 0.096328 0.083070 0.262648 
0.206072 0.126336 0.095743 0.040328 0.531521 
0.000402 0.189541 0.006927 0.246049 0.557080 
0.002411 0.033756 0.063934 0.880407 0.019492 
0.035349 0.007260 0.124941 0.722062 0.110388 
0.155947 0.489755 0.084455 0.116048 0.153794 
0.098575 0.041097 0.046320 0.065696 0.748312 
0.021462 0.002940 0.142559 0.828093 0.004946 
0.088747 0.015765 0.397417 0.494948 0.003123 
0.037005 0.118920 0.018322 0.526026 0.299728 
0.056835 0.163665 0.000581 0.452507 0.326413 
0.070567 0.056607 0.352836 0.489396 0.030594 
0.005317 0.108900 0.004628 0.836510 0.044645 
0.002810 0.016681 0.195290 0.735610 0.049609 
0.005101 0.143351 0.549308 0.298950 0.003290 
0.033841 0.000003 0.349437 0.615684 0.001034 
0.006374 0.112207 0.008830 0.688556 0.184033 
0.079804 0.026809 0.026291 0.449008 0.418088 
0.004778 0.143618 0.004159 0.751757 0.095688 
0.018949 0.257342 0.495011 0.227226 0.001473 
0.027258 0.000959 0.275924 0.513443 0.182416 
0.007603 0.185829 0.376610 0.384785 0.045173 
0.000049 0.006460 0.981502 0.000392 0.011597 
0.010200 0.044097 0.183587 0.761804 0.000311 
0.016581 0.238828 0.462168 0.273224 0.009198 
0.184904 0.243833 0.391788 0.179456 0.000018 
0.000326 0.005415 0.550775 0.009500 0.433983 
0.222190 0.137194 0.457017 0.063655 0.119945 
0.000032 0.049222 0.407833 0.007193 0.535719 
0.000037 0.619838 0.004630 0.026636 0.348858 
0.155924 0.118335 0.033344 0.644715 0.047682 
0.131725 0.017377 0.281413 0.407632 0.161852 
0.013980 0.340999 0.266555 0.193207 0.185259 
0.881461 0.060024 0.039372 0.005003 0.014140 
0.005348 0.045625 0.844124 0.044697 0.060206 
0.030146 0.044538 0.546070 0.309896 0.069350 
0.001816 0.509753 0.055788 0.430196 0.002446 
0.001663 0.006271 0.477177 0.188368 0.326522 
0.067827 0.111640 0.762698 0.003835 0.053999 
0.039480 0.225997 0.704081 0.028689 0.001754 
0.150129 0.722663 0.046827 0.059775 0.020606 
0.190914 0.016691 0.310006 0.475705 0.006684 
0.000588 0.070990 0.857809 0.070031 0.000584 
0.321720 0.317364 0.256810 0.003415 0.100691 
0.028256 0.586958 0.007465 0.104655 0.272666 
0.002267 0.384990 0.199652 0.408455 0.004636 
0.000067 0.962332 0.005215 0.002560 0.029825 
0.230526 0.391876 0.333244 0.036120 0.008235 
0.023009 0.335325 0.007743 0.050312 0.583611 
0.041655 0.770972 0.058354 0.120665 0.008354 
0.198634 0.000137 0.107084 0.679529 0.014616 
0.112161 0.038032 0.068881 0.689766 0.091161 
0.013542 0.214792 0.189653 0.212448 0.369565 
0.027700 0.285298 0.167900 0.104336 0.414766 
0.038572 0.354870 0.091577 0.035441 0.479540 
0.022955 0.172016 0.728626 0.068911 0.007492 
0.001387 0.009524 0.933546 0.033521 0.022023 
0.010131 0.233270 0.430164 0.326300 0.000134 
0.000953 0.473220 0.283638 0.144981 0.097208 
0.119872 0.258987 0.025268 0.014135 0.581737 
0.382118 0.023236 0.004856 0.577384 0.012406 
0.373139 0.021150 0.005852 0.577418 0.022440 
0.307845 0.048496 0.026045 0.617520 0.000094 
0.364155 0.089538 0.034306 0.510423 0.001578 
0.304468 0.001020 0.000914 0.683598 0.010000 
0.140205 0.055564 0.065940 0.735918 0.002373 
0.321566 0.001130 0.001408 0.647539 0.028358 
0.088410 0.116715 0.363607 0.292181 0.139087 
0.246961 0.036683 0.164513 0.053532 0.498311 
0.270547 0.091973 0.246004 0.050836 0.340640 
0.002147 0.308831 0.367015 0.314419 0.007588 
0.015344 0.065897 0.901601 0.008175 0.008983 
0.137228 0.240662 0.603650 0.018187 0.000274 
0.110892 0.193577 0.035482 0.005486 0.654562 
0.169961 0.239819 0.023376 0.013690 0.553154 
0.300017 0.275639 0.000429 0.056215 0.367701 
0.305426 0.000313 0.352904 0.040863 0.300494 
0.160264 0.186134 0.476965 0.002011 0.174626 
0.005089 0.076584 0.637010 0.015472 0.265846 
0.186870 0.324416 0.016453 0.025980 0.446281 
0.216502 0.103991 0.064545 0.022740 0.592223 
0.089328 0.037525 0.131365 0.611885 0.129896 
0.101326 0.027688 0.079483 0.694068 0.097435 
0.145513 0.145050 0.118066 0.515473 0.075898 
0.046318 0.296263 0.213330 0.418122 0.025967 
0.196236 0.026378 0.029081 0.559976 0.188329 
0.282107 0.000078 0.443532 0.271796 0.002486 
0.646436 0.019210 0.005100 0.144153 0.185101 
0.152224 0.354296 0.067766 0.413227 0.012487 
0.002026 0.040973 0.136399 0.579965 0.240637 
0.000801 0.006100 0.127067 0.438727 0.427306 
0.047737 0.084037 0.061028 0.539121 0.268077 
0.000009 0.022242 0.223115 0.446709 0.307925 
0.012696 0.011095 0.317397 0.397573 0.261238 
0.019412 0.045585 0.087170 0.522605 0.325229 
0.086826 0.067506 0.024904 0.577273 0.243491 
0.007837 0.082008 0.380240 0.429469 0.100446 
0.042194 0.068827 0.617744 0.179121 0.092114 
0.020641 0.002466 0.063132 0.312075 0.601685 
0.007688 0.000010 0.115743 0.313282 0.563276 
0.001350 0.000047 0.013560 0.404798 0.580244 
0.035922 0.036745 0.538676 0.248442 0.140216 
0.002914 0.002817 0.515578 0.398172 0.080519 
0.495422 0.092955 0.060550 0.209213 0.141860 
0.009596 0.324423 0.270243 0.357057 0.038681 
0.082838 0.210643 0.017763 0.036782 0.651973 
0.217137 0.359735 0.041238 0.243431 0.138459 
0.073656 0.335849 0.044349 0.001639 0.544508 
0.177280 0.267826 0.020445 0.029784 0.504664 
0.242399 0.421073 0.020292 0.000054 0.316182 
0.090975 0.102764 0.023523 0.192300 0.590438 
0.038834 0.068575 0.382620 0.352369 0.157602 
0.062162 0.284403 0.539597 0.098237 0.015601 
0.000148 0.228358 0.433091 0.312097 0.026306 
0.068709 0.790104 0.000313 0.013540 0.127333 
0.145097 0.014447 0.358990 0.155500 0.325965 
0.000056 0.007080 0.897261 0.087822 0.007781 
0.034818 0.025790 0.015619 0.913063 0.010709 
0.103029 0.059861 0.015046 0.001964 0.820100 
0.029066 0.041488 0.074943 0.762228 0.092274 
0.018977 0.398004 0.540513 0.004166 0.038339 
0.000291 0.041379 0.592176 0.267349 0.098805 
0.407670 0.000635 0.057923 0.153502 0.380270 
0.487754 0.002272 0.182837 0.078613 0.248524 
0.056944 0.066943 0.452405 0.060243 0.363465 
0.062033 0.048514 0.590299 0.294405 0.004749 
0.238718 0.047784 0.630412 0.023216 0.059870 
0.067477 0.408686 0.258098 0.216685 0.049054 
0.050183 0.248165 0.512508 0.178463 0.010681 
0.008519 0.142097 0.009076 0.753133 0.087174 
0.129308 0.083014 0.010201 0.759606 0.017872 
0.005096 0.037105 0.028790 0.924834 0.004175 
0.035152 0.276501 0.363548 0.276113 0.048686 
0.352783 0.514310 0.004791 0.122926 0.005190 
0.258936 0.486193 0.039446 0.142310 0.073114 
0.001145 0.280829 0.307106 0.323375 0.087546 
0.017394 0.340519 0.254543 0.250305 0.137238 
0.060721 0.077257 0.055734 0.502992 0.303296 
0.062176 0.218621 0.239795 0.115699 0.363709 
0.175986 0.357154 0.115270 0.254507 0.097084 
0.000803 0.024055 0.564584 0.410549 0.000009 
0.299557 0.622233 0.004289 0.017501 0.056420 
0.117716 0.004660 0.762831 0.018254 0.096539 
0.012731 0.030568 0.289333 0.590108 0.077260 
0.098920 0.075230 0.540024 0.112294 0.173531 
0.011507 0.508469 0.093694 0.192406 0.193923 
0.037532 0.272533 0.233725 0.206001 0.250209 
0.093424 0.032631 0.005227 0.536503 0.332214 
0.090751 0.161492 0.157188 0.590196 0.000374 
0.195952 0.003292 0.257263 0.421095 0.122398 
0.001964 0.563543 0.083751 0.231388 0.119355 
0.053507 0.591929 0.303411 0.022996 0.028158 
0.005928 0.810228 0.153068 0.029969 0.000807 
0.593356 0.012955 0.230775 0.158248 0.004665 
0.498930 0.000129 0.144559 0.350427 0.005954 
0.221361 0.052856 0.579297 0.146157 0.000330 
0.046326 0.000005 0.563488 0.135328 0.254852 
0.111368 0.073486 0.452703 0.340035 0.022408 
0.273160 0.001892 0.169640 0.508368 0.046940 
0.035940 0.559676 0.090633 0.151831 0.161920 
0.145562 0.491147 0.315585 0.045582 0.002124 
0.431728 0.103228 0.419004 0.006491 0.039549 
0.137913 0.004500 0.643777 0.062057 0.151752 
0.079984 0.231111 0.248741 0.322173 0.117991 
0.004736 0.840928 0.091206 0.061330 0.001800 
0.066905 0.350206 0.177102 0.241004 0.164784 
0.514057 0.081163 0.112749 0.199159 0.092872 
0.046359 0.337952 0.592946 0.017532 0.005212 
0.656174 0.275239 0.004654 0.008567 0.055364 
0.004366 0.005783 0.488652 0.447367 0.053833 
0.000104 0.542014 0.001495 0.381430 0.074957 
0.127503 0.749227 0.029440 0.080865 0.012965 
0.211217 0.491009 0.017412 0.248658 0.031704 
0.601642 0.024981 0.238775 0.122322 0.012280 
0.225726 0.416397 0.347258 0.000554 0.010065 
0.122602 0.000207 0.387108 0.399410 0.090673 
0.206284 0.542055 0.020110 0.203748 0.027802 
0.143254 0.302370 0.523518 0.023648 0.007210 
0.045712 0.042428 0.174158 0.689801 0.047900 
0.000004 0.544922 0.318249 0.031536 0.105290 
0.076128 0.207789 0.663666 0.012036 0.040381 
0.016730 0.291966 0.451650 0.001631 0.238023 
0.100948 0.419838 0.045709 0.262511 0.170994 
0.564556 0.128319 0.031688 0.002629 0.272808 
0.006439 0.103266 0.746429 0.140994 0.002872 
0.037005 0.032939 0.842893 0.073225 0.013939 
0.129885 0.016491 0.076204 0.705945 0.071475 
0.002769 0.735463 0.012087 0.040964 0.208717 
0.230380 0.003934 0.026001 0.736967 0.002717 
0.022867 0.103762 0.805954 0.052054 0.015363 
0.031777 0.023881 0.610051 0.174626 0.159665 
0.000859 0.291338 0.451462 0.163159 0.093182 
0.149170 0.453621 0.021564 0.016818 0.358827 
0.112584 0.543445 0.033079 0.028829 0.282063 
0.318349 0.006050 0.635073 0.006192 0.034335 
0.314807 0.001209 0.540600 0.011888 0.131496 
0.040123 0.087499 0.012481 0.812214 0.047683 
0.004672 0.023916 0.371846 0.565472 0.034094 
0.126673 0.534760 0.075611 0.138352 0.124605 
0.025437 0.446104 0.259139 0.001997 0.267322 
0.021101 0.741931 0.109448 0.115152 0.012368 
0.000359 0.314757 0.222428 0.024544 0.437912 
0.101566 0.046515 0.004983 0.827639 0.019297 
0.324608 0.455963 0.000461 0.003436 0.215532 
0.020698 0.345360 0.125473 0.345839 0.162631 
0.000389 0.275087 0.467161 0.076609 0.180755 
0.005901 0.324631 0.525693 0.024095 0.119680 
0.006145 0.241526 0.417660 0.139270 0.195399 
0.005878 0.393751 0.230503 0.007826 0.362041 
0.000756 0.149756 0.274652 0.254785 0.320051 
0.023826 0.036669 0.311520 0.625695 0.002290 
0.057110 0.027028 0.052920 0.773828 0.089115 
0.006640 0.709585 0.033927 0.127293 0.122554 
0.076096 0.082452 0.016918 0.643174 0.181361 
0.006966 0.440468 0.221364 0.144450 0.186753 
0.382079 0.182903 0.051143 0.064799 0.319077 
0.292186 0.028504 0.081148 0.147563 0.450598 
0.059139 0.519305 0.017413 0.259434 0.144709 
0.137620 0.500810 0.147145 0.113177 0.101248 
0.043960 0.587588 0.000035 0.335243 0.033174 
0.021148 0.033891 0.017852 0.923164 0.003946 
0.075681 0.010000 0.144269 0.755772 0.014278 
0.147286 0.059022 0.058015 0.003009 0.732669 
0.035137 0.231386 0.052766 0.614144 0.066567 
0.051282 0.406756 0.035984 0.500902 0.005077 
0.056847 0.290139 0.049338 0.559416 0.044259 
0.194659 0.233295 0.472990 0.030616 0.068440 
0.174477 0.023497 0.055267 0.656190 0.090569 
0.081005 0.001054 0.049490 0.736434 0.132016 
0.103917 0.005318 0.064052 0.123032 0.703681 
0.234182 0.023975 0.003429 0.047209 0.691205 
0.178441 0.115238 0.023199 0.176440 0.506681 
0.150152 0.013143 0.037191 0.104603 0.694912 
0.102525 0.056059 0.037452 0.217427 0.586536 
0.094666 0.080162 0.011428 0.239017 0.574727 
0.064343 0.130001 0.000024 0.263011 0.542621 
0.174113 0.127138 0.006135 0.506466 0.186149 
0.006337 0.000839 0.209998 0.318541 0.464286 
0.040153 0.291289 0.182026 0.476938 0.009595 
0.087915 0.107272 0.107901 0.696363 0.000548 
0.240733 0.114975 0.018865 0.475136 0.150291 
0.047705 0.437567 0.044187 0.351680 0.118861 
0.000026 0.200782 0.704846 0.064001 0.030345 
0.045342 0.654841 0.028886 0.193218 0.077712 
0.288680 0.586770 0.000778 0.019784 0.103989 
0.001293 0.685557 0.036833 0.246371 0.029946 
0.016684 0.555076 0.122643 0.302620 0.002977 
0.025836 0.078818 0.607588 0.135571 0.152187 
0.107123 0.861339 0.001142 0.029041 0.001353 
0.001879 0.455519 0.106465 0.430835 0.005303 
0.072456 0.006531 0.417654 0.448308 0.055051 
0.023331 0.264691 0.071543 0.627100 0.013336 
0.002137 0.009779 0.047999 0.763487 0.176599 
0.042037 0.062367 0.034587 0.616232 0.244777 
0.071260 0.042168 0.003742 0.728929 0.153902 
0.000836 0.200855 0.142780 0.544679 0.110850 
0.025751 0.192106 0.010427 0.607015 0.164701 
0.097676 0.000816 0.008798 0.676219 0.216491 
0.219171 0.166642 0.002154 0.604192 0.007840 
0.007170 0.345402 0.107993 0.423501 0.115934 
0.057436 0.594457 0.188719 0.117848 0.041541 
0.001057 0.746557 0.028831 0.079292 0.144264 
0.091720 0.000074 0.681378 0.003038 0.223790 
0.011921 0.735031 0.064022 0.066545 0.122481 
0.009057 0.403301 0.071156 0.296313 0.220173 
0.064900 0.626736 0.001590 0.299704 0.007070 
0.005495 0.045245 0.427830 0.478676 0.042754 
0.066870 0.532101 0.001003 0.363621 0.036405 
0.024209 0.109772 0.048938 0.812920 0.004161 
0.008981 0.005679 0.431077 0.463132 0.091132 
0.011050 0.030951 0.004305 0.936996 0.016698 
0.005728 0.519339 0.338680 0.000627 0.135626 
0.000464 0.310780 0.179355 0.369493 0.139908 
0.000592 0.339461 0.111236 0.471628 0.077084 
0.004542 0.913514 0.000767 0.048461 0.032717 
0.000353 0.236250 0.262418 0.280883 0.220095 
0.031387 0.544147 0.195432 0.012128 0.216907 
0.161224 0.376418 0.192819 0.019116 0.250423 
0.001709 0.639743 0.005677 0.102771 0.250101 
0.531777 0.001069 0.013280 0.179307 0.274568 
0.074980 0.412246 0.075525 0.060699 0.376549 
0.084642 0.455412 0.117211 0.032400 0.310335 
0.020154 0.778755 0.032872 0.041312 0.126906 
0.000142 0.353347 0.026544 0.111446 0.508521 
0.282174 0.216050 0.195176 0.000117 0.306483 
0.167509 0.282357 0.107344 0.028915 0.413875 
0.245577 0.232576 0.159542 0.001859 0.360447 
0.002316 0.221868 0.208087 0.020638 0.547090 
0.206380 0.215130 0.473049 0.100718 0.004723 
0.015269 0.034740 0.818416 0.052793 0.078783 
0.008181 0.045675 0.733854 0.171603 0.040686 
0.029278 0.002183 0.436741 0.124136 0.407662 
0.006468 0.073334 0.580213 0.167694 0.172291 
0.004851 0.006601 0.336954 0.224206 0.427388 
0.120548 0.022345 0.523948 0.188037 0.145122 
0.010997 0.000931 0.460441 0.085374 0.442257 
0.002282 0.415425 0.054789 0.527063 0.000440 
0.002732 0.048958 0.006903 0.889959 0.051447 
0.178437 0.130368 0.056999 0.557570 0.076627 
0.018253 0.018170 0.053817 0.704319 0.205440 
0.007372 0.022699 0.002382 0.879862 0.087685 
0.149508 0.064081 0.307580 0.469219 0.009614 
0.080544 0.114681 0.068652 0.521146 0.214977 
0.165719 0.016779 0.316988 0.499504 0.001010 
0.253585 0.312400 0.000202 0.096166 0.337646 
0.173807 0.121785 0.044188 0.640135 0.020086 
0.060787 0.184207 0.001140 0.708435 0.045431 
0.000201 0.017731 0.335141 0.582916 0.064011 
0.003068 0.308695 0.252772 0.353645 0.081820 
0.041130 0.056381 0.864520 0.034542 0.003428 
0.074204 0.016033 0.105791 0.611389 0.192583 
0.002474 0.051135 0.007103 0.848167 0.091120 
0.028334 0.043375 0.016488 0.691221 0.220582 
0.001652 0.291044 0.007637 0.298859 0.400809 
0.096524 0.000059 0.445656 0.255867 0.201894 
0.055723 0.550301 0.013234 0.092469 0.288272 
0.104740 0.021923 0.062099 0.058992 0.752247 
0.008670 0.252479 0.308007 0.324106 0.106737 
0.007363 0.536435 0.019544 0.010930 0.425727 
0.054975 0.145595 0.035153 0.418142 0.346135 
0.250919 0.229193 0.000205 0.423318 0.096364 
0.015203 0.223953 0.006398 0.289981 0.464465 
0.006375 0.036842 0.076908 0.686195 0.193680 
0.182526 0.001866 0.132694 0.006166 0.676748 
0.054074 0.067668 0.140075 0.383567 0.354616 
0.142196 0.004739 0.021595 0.183942 0.647527 
0.137938 0.000650 0.107371 0.599445 0.154595 
0.409737 0.013277 0.012036 0.540342 0.024608 
0.008755 0.168460 0.224957 0.498059 0.099770 
0.052141 0.211861 0.262294 0.129456 0.344248 
0.132550 0.000621 0.033796 0.697161 0.135872 
0.002188 0.018914 0.855554 0.008180 0.115164 
0.338082 0.019554 0.353954 0.272533 0.015877 
0.135131 0.304386 0.545055 0.000002 0.015426 
0.034860 0.233201 0.300542 0.011498 0.419899 
0.022047 0.027235 0.213906 0.393188 0.343624 
0.015671 0.032008 0.107830 0.732358 0.112132 
0.000000 0.148184 0.007481 0.480980 0.363354 
0.002497 0.078168 0.097540 0.477112 0.344683 
0.007711 0.016078 0.048857 0.692946 0.234408 
0.000000 0.135612 0.058977 0.273546 0.531865 
0.003045 0.082827 0.112810 0.331645 0.469674 
0.006774 0.066602 0.024216 0.128080 0.774329 
0.046265 0.030194 0.289166 0.181609 0.452766 
0.035434 0.043851 0.598710 0.233417 0.088588 
0.000569 0.052945 0.855164 0.025747 0.065574 
0.091298 0.000013 0.636315 0.050710 0.221663 
0.016288 0.015958 0.359950 0.200277 0.407527 
0.036830 0.028292 0.614641 0.112461 0.207776 
0.047612 0.002663 0.301339 0.451609 0.196777 
0.185582 0.469240 0.057307 0.012537 0.275334 
0.253662 0.335558 0.040433 0.040631 0.329715 
0.057183 0.000566 0.764608 0.146019 0.031623 
0.080150 0.003722 0.166219 0.075514 0.674395 
0.062728 0.026998 0.242185 0.140288 0.527801 
0.013135 0.229220 0.387833 0.041990 0.327823 
0.060307 0.650051 0.093008 0.082252 0.114381 
0.274393 0.029222 0.036485 0.045897 0.614003 
0.034663 0.165535 0.224241 0.271735 0.303826 
0.013903 0.210236 0.126352 0.182815 0.466694 
0.101763 0.013958 0.030251 0.099803 0.754226 
0.068538 0.008835 0.003839 0.224203 0.694585 
0.193613 0.002937 0.062817 0.010307 0.730326 
0.166381 0.556445 0.000057 0.175839 0.101278 
0.000302 0.003970 0.251099 0.362151 0.382479 
0.162713 0.410289 0.357210 0.060769 0.009020 
0.000057 0.446409 0.209984 0.031186 0.312363 
0.285314 0.290452 0.028361 0.025015 0.370857 
0.239524 0.390887 0.211106 0.000718 0.157766 
0.000082 0.345071 0.276326 0.131665 0.246856 
0.026128 0.821595 0.025346 0.001521 0.125410 
0.245346 0.329199 0.364796 0.022706 0.037954 
0.040092 0.443034 0.158004 0.327874 0.030996 
0.119856 0.583185 0.013541 0.010521 0.272898 
0.012643 0.826876 0.026054 0.041266 0.093161 
0.044824 0.569915 0.074416 0.240758 0.070088 
0.063086 0.500383 0.109758 0.293689 0.033085 
0.102279 0.733712 0.053739 0.100887 0.009383 
0.003274 0.147169 0.121697 0.582028 0.145832 
0.006383 0.371725 0.204776 0.405956 0.011161 
0.014304 0.635186 0.008236 0.283997 0.058278 
0.020602 0.515791 0.000832 0.281517 0.181257 
0.066249 0.497861 0.004466 0.430770 0.000655 
0.006460 0.194456 0.066096 0.005054 0.727933 
0.291470 0.385972 0.004984 0.001498 0.316077 
0.006737 0.060286 0.462378 0.441543 0.029056 
0.053413 0.531890 0.016994 0.153727 0.243976 
0.068244 0.190119 0.414195 0.001422 0.326019 
0.028432 0.015736 0.015128 0.937007 0.003698 
0.018146 0.001898 0.905221 0.010003 0.064732 
0.001381 0.012199 0.917338 0.052901 0.016181 
0.157645 0.255694 0.006878 0.199544 0.380239 
0.479052 0.085933 0.028381 0.343217 0.063417 
0.433055 0.056537 0.028717 0.382521 0.099170 
0.432116 0.030508 0.073838 0.284779 0.178758 
0.068706 0.133845 0.064578 0.000121 0.732749 
0.203982 0.180160 0.029002 0.051847 0.535010 
0.156946 0.233990 0.153791 0.000743 0.454530 
0.113911 0.280137 0.102649 0.392747 0.110556 
0.000035 0.158640 0.015339 0.046988 0.778999 
0.051619 0.004760 0.032080 0.013298 0.898243 
0.076329 0.325652 0.050113 0.423417 0.124489 
0.110760 0.039857 0.006925 0.001241 0.841217 
0.095630 0.311124 0.092771 0.005376 0.495098 
0.009944 0.055072 0.120731 0.053210 0.761043 
0.031273 0.140105 0.596357 0.174365 0.057899 
0.056912 0.320733 0.158481 0.294012 0.169863 
0.000243 0.211192 0.054652 0.700867 0.033046 
0.014168 0.338385 0.004664 0.395874 0.246909 
0.005221 0.119448 0.074884 0.203608 0.596839 
0.132630 0.570614 0.072288 0.036627 0.187842 
0.092843 0.091295 0.045415 0.058453 0.711993 
0.027455 0.013329 0.005486 0.089757 0.863973 
0.223242 0.050670 0.159956 0.055226 0.510906 
0.000655 0.000115 0.001980 0.150690 0.846561 
0.054558 0.499422 0.307020 0.061377 0.077623 
0.003701 0.613071 0.222673 0.016155 0.144400 
0.212693 0.004819 0.472486 0.309911 0.000090 
0.081240 0.005557 0.569062 0.066030 0.278111 
0.641780 0.106640 0.007762 0.239974 0.003844 
0.251214 0.041729 0.073631 0.463021 0.170406 
0.249199 0.109614 0.114444 0.120599 0.406144 
0.048435 0.113500 0.250878 0.512867 0.074320 
0.131754 0.218834 0.261781 0.038010 0.349621 
0.024764 0.094943 0.000001 0.592521 0.287772 
0.070590 0.760462 0.035215 0.115672 0.018061 
0.064363 0.160041 0.309560 0.085780 0.380256 
0.002128 0.153385 0.167855 0.238405 0.438226 
0.034672 0.171008 0.002825 0.791493 0.000002 
0.000287 0.020262 0.083168 0.088711 0.807572 
0.137875 0.044473 0.563722 0.219788 0.034143 
0.003219 0.006740 0.300053 0.680147 0.009841 
0.234680 0.106811 0.350727 0.306478 0.001303 
0.038254 0.147497 0.462797 0.225359 0.126094 
0.002222 0.026350 0.317935 0.593881 0.059613 
0.029783 0.016559 0.283813 0.454311 0.215534 
0.005650 0.321655 0.072087 0.458447 0.142161 
0.011598 0.424461 0.048132 0.423452 0.092357 
0.142409 0.158424 0.002369 0.663888 0.032910 
0.101719 0.000036 0.117360 0.037194 0.743691 
0.314541 0.079858 0.070485 0.018190 0.516926 
0.020846 0.478868 0.236322 0.004440 0.259523 
0.121642 0.057791 0.000537 0.445584 0.374446 
0.012038 0.011973 0.456090 0.232619 0.287279 
0.267343 0.267932 0.002661 0.049161 0.412903 
0.349622 0.004668 0.225469 0.107543 0.312698 
0.351332 0.053683 0.011184 0.194323 0.389478 
0.452179 0.023924 0.136324 0.179521 0.208051 
0.515199 0.030212 0.123627 0.171093 0.159870 
0.377228 0.011837 0.160796 0.153889 0.296249 
0.422658 0.024785 0.220851 0.106382 0.225324 
0.363702 0.010517 0.241693 0.097654 0.286434 
0.228669 0.097492 0.022783 0.051515 0.599540 
0.074492 0.444988 0.072133 0.211228 0.197159 
0.246690 0.010164 0.016180 0.596311 0.130655 
0.138809 0.068492 0.000272 0.274438 0.517989 
0.157738 0.056300 0.066756 0.599303 0.119903 
0.000589 0.451907 0.000161 0.271419 0.275924 
0.112202 0.155080 0.032421 0.307132 0.393165 
0.057387 0.180489 0.029208 0.349025 0.383891 
0.186988 0.054445 0.000881 0.439528 0.318158 
0.271957 0.156876 0.009589 0.080530 0.481048 
0.000020 0.150454 0.149398 0.245154 0.454973 
0.168232 0.062481 0.017173 0.017440 0.734674 
0.008599 0.370004 0.143221 0.358792 0.119384 
0.093631 0.279274 0.045537 0.032166 0.549392 
0.020405 0.170164 0.000936 0.001290 0.807204 
0.324674 0.084782 0.061347 0.006551 0.522646 
0.230932 0.228304 0.136800 0.028931 0.375034 
0.123856 0.027235 0.161681 0.147737 0.539492 
0.045161 0.124366 0.049918 0.274660 0.505894 
0.008677 0.022713 0.074647 0.116432 0.777531 
0.003179 0.005958 0.133602 0.074148 0.783113 
0.005439 0.045336 0.084814 0.163794 0.700617 
0.187156 0.026999 0.005232 0.379025 0.401587 
0.051485 0.019280 0.011379 0.034135 0.883722 
0.113127 0.000309 0.015123 0.306692 0.564749 
0.193228 0.040783 0.077161 0.098385 0.590443 
0.001922 0.032241 0.111047 0.000542 0.854248 
0.001015 0.001517 0.700378 0.191502 0.105587 
0.085148 0.072878 0.045638 0.015580 0.780756 
0.000278 0.017916 0.028622 0.127154 0.826030 
0.030435 0.102515 0.201814 0.105131 0.560106 
0.069914 0.140089 0.055107 0.036748 0.698142 
0.018800 0.071030 0.714494 0.192391 0.003285 
0.120473 0.264735 0.571721 0.001754 0.041317 
0.003485 0.600585 0.029213 0.001671 0.365046 
0.026111 0.048170 0.350796 0.040670 0.534254 
0.081009 0.409617 0.381772 0.089611 0.037990 
0.037069 0.517037 0.023069 0.215226 0.207598 
0.000004 0.204369 0.088041 0.706745 0.000840 
0.070940 0.422732 0.028087 0.423288 0.054953 
0.012276 0.069178 0.153144 0.049292 0.716111 
0.111954 0.368221 0.007135 0.368874 0.143816 
0.099485 0.409082 0.004638 0.409730 0.077065 
0.054190 0.002123 0.130151 0.755240 0.058296 
0.201177 0.255103 0.033305 0.255563 0.254852 
0.024849 0.351154 0.022169 0.011151 0.590677 
0.001045 0.548661 0.069888 0.000231 0.380175 
0.035691 0.276190 0.012037 0.564203 0.111879 
0.173892 0.229581 0.550340 0.030488 0.015698 
