-0.003717 0.169084 0.110442
-0.031405 0.171609 0.110223
-0.055785 0.177297 0.100507
-0.077726 0.189638 0.087800
-0.096307 0.213767 0.072497
-0.109447 0.240084 0.051769
-0.114278 0.264749 0.031908
-0.124122 0.260210 0.038761
-0.136468 0.257329 0.043049
-0.147930 0.248058 0.047787
-0.158674 0.235821 0.050892
-0.170463 0.222742 0.052153
-0.182853 0.209206 0.053081
-0.192057 0.196284 0.044856
-0.203046 0.181558 0.039155
-0.219172 0.161055 0.048701
-0.229856 0.125525 0.043578
-0.236020 0.096861 0.032689
-0.222016 0.078362 0.004568
-0.231616 0.031036 0.004333
-0.206764 -0.015559 0.005996
-0.185754 -0.047470 0.001951
-0.174661 -0.071532 0.000840
-0.167519 -0.096099 -0.000454
-0.166311 -0.123959 0.000724
-0.175574 -0.148836 -0.002515
-0.182408 -0.178075 -0.008523
-0.184580 -0.209057 -0.014569
-0.186657 -0.242071 -0.018944
-0.189831 -0.271621 -0.022203
-0.190608 -0.304201 -0.025312
-0.188295 -0.335398 -0.028114
-0.188111 -0.365730 -0.033563
-0.186960 -0.394370 -0.036807
-0.185524 -0.421467 -0.039546
-0.186237 -0.448635 -0.042359
-0.188305 -0.475980 -0.046056
-0.191702 -0.480353 -0.022244
-0.188609 -0.482741 0.001921
-0.184756 -0.483526 0.024491
-0.179771 -0.482301 0.047460
-0.175289 -0.479589 0.070937
-0.159827 -0.477153 0.089562
-0.137438 -0.474690 0.101297
-0.114365 -0.473773 0.111837
-0.084316 -0.471490 0.116839
-0.053412 -0.467301 0.105241
-0.027855 -0.469941 0.124002
-0.003435 -0.463162 0.101481
0.026166 -0.467192 0.109830
0.050937 -0.467044 0.130097
0.082040 -0.464481 0.126042
0.107932 -0.463216 0.119073
0.134313 -0.466669 0.122352
0.151419 -0.468891 0.104305
0.164162 -0.470895 0.083732
0.183578 -0.470588 0.072033
0.179428 -0.466357 0.049998
0.196934 -0.463655 0.037171
0.191561 -0.435453 0.029851
0.192230 -0.404871 0.031067
0.192966 -0.374358 0.033532
0.195630 -0.343607 0.036245
0.196112 -0.311614 0.039956
0.193106 -0.280805 0.045030
0.187567 -0.248257 0.047337
0.182422 -0.217980 0.051974
0.176361 -0.186745 0.057104
0.168954 -0.157515 0.059869
0.159763 -0.131117 0.060432
0.153645 -0.105096 0.059197
0.162237 -0.079077 0.061425
0.166738 -0.053054 0.057759
0.191226 -0.037810 0.050837
0.215862 -0.007432 0.042446
0.219406 0.019883 0.028633
0.240076 0.103811 0.018398
0.238357 0.113507 0.043574
0.225813 0.125033 0.054453
0.211843 0.144626 0.067946
0.204448 0.170931 0.067833
0.192673 0.190487 0.067047
0.183408 0.209094 0.063061
0.173372 0.223881 0.059400
0.162822 0.238617 0.055653
0.152139 0.251500 0.050874
0.140421 0.263864 0.043017
0.129849 0.270902 0.035273
0.119654 0.273002 0.029843
0.116930 0.252861 0.056193
0.102987 0.223070 0.073743
0.081369 0.201252 0.091919
0.055864 0.184803 0.103555
0.026735 0.174285 0.109035
-0.190695 -0.464306 -0.032434
-0.081890 -0.213462 0.134569
-0.190219 -0.414197 0.017461
-0.076787 0.062021 0.136243
-0.116012 0.170655 0.095110
-0.118939 0.209199 0.069558
0.104287 -0.300687 0.133579
0.172897 -0.398412 0.082103
0.185276 -0.450821 0.039922
0.080775 0.106160 0.157049
0.115994 0.183935 0.099344
0.123900 0.236842 0.061466
-0.140547 -0.344330 0.110649
-0.015723 -0.329998 0.123930
-0.187157 -0.450586 0.014831
-0.189636 -0.455382 -0.009056
-0.177738 -0.425728 0.062350
-0.146299 0.100517 0.093766
-0.025605 0.124727 0.138649
-0.085144 0.175241 0.100859
-0.140377 0.197770 0.073386
-0.114515 0.226635 0.060981
-0.133498 0.234302 0.057616
-0.097420 0.198744 0.081269
0.092077 -0.385400 0.134481
0.171869 -0.436794 0.077824
0.189736 -0.442789 0.062695
0.145761 -0.411193 0.120508
0.147778 0.115180 0.114562
0.145836 0.206283 0.078107
0.084324 0.186295 0.104192
0.130520 0.256259 0.048984
0.115092 0.237043 0.064342
0.136581 0.240074 0.059034
0.121593 0.209002 0.081939
0.126676 0.224454 0.070391
0.106440 0.211697 0.083075
0.138890 0.219006 0.071911
-0.123100 -0.409575 0.113423
-0.041943 -0.400178 0.123391
-0.186408 -0.469844 0.013802
-0.181441 -0.457837 0.036592
-0.168629 -0.446386 0.084056
-0.172148 0.128609 0.056369
-0.021281 0.151316 0.120278
-0.074570 0.179365 0.096652
-0.052358 0.162403 0.108726
-0.058537 0.170599 0.102114
-0.153998 0.214688 0.059589
-0.158120 0.191462 0.065182
-0.138909 0.216813 0.066207
-0.118067 0.243304 0.050117
-0.104972 0.187758 0.085515
0.094724 -0.427687 0.127805
0.173137 -0.457005 0.078695
0.157069 -0.444388 0.095431
0.177922 0.126340 0.091459
0.173056 0.044738 0.096569
0.158647 0.219809 0.066220
0.160695 0.196380 0.077280
0.074896 0.190564 0.100709
0.093737 0.197651 0.094589
0.049086 0.169679 0.113556
0.067767 0.180173 0.107936
0.149228 0.233904 0.060920
-0.123495 -0.443331 0.108013
-0.043204 -0.438728 0.123702
0.015712 -0.411038 0.113369
-0.169318 -0.465541 0.082847
-0.193209 0.146073 0.043808
-0.172200 0.044507 0.045417
-0.018416 0.162491 0.113307
-0.174092 0.184448 0.058683
-0.124217 0.196625 0.078219
-0.100836 0.173582 0.095596
-0.077706 0.138362 0.123957
-0.079806 0.157251 0.112666
0.094850 -0.448067 0.125012
0.121286 -0.440109 0.125467
0.066014 -0.439662 0.132371
0.195684 0.139825 0.079091
0.177214 0.162473 0.084956
0.199844 0.099972 0.077039
0.045001 0.176177 0.108831
-0.126376 -0.461862 0.109409
-0.099031 -0.448126 0.120525
-0.147493 -0.451103 0.097362
-0.043460 -0.457351 0.121088
-0.011345 -0.444214 0.124201
-0.201289 0.108698 0.047413
-0.037483 0.165368 0.111611
0.016022 0.159198 0.119385
0.027251 0.167780 0.113431
-0.180581 0.162872 0.051999
-0.142904 0.147657 0.087786
-0.127797 0.184616 0.085157
-0.134042 0.165488 0.090944
-0.189234 0.125400 0.045996
-0.220537 0.136865 0.052393
-0.229116 0.100025 0.047454
0.003020 0.164136 0.113879
-0.154838 0.169672 0.072371
-0.163125 0.148321 0.070599
-0.145434 0.178547 0.078179
-0.172776 0.146796 0.056792
-0.148536 0.127032 0.085748
-0.158515 0.111506 0.072186
-0.154681 0.071969 0.070244
-0.153719 0.091572 0.076941
-0.169384 0.094449 0.054922
-0.113346 0.119061 0.124347
-0.183407 0.072151 0.044288
-0.131682 0.127665 0.106382
-0.202103 0.058542 0.039467
-0.225614 0.040561 0.031056
-0.164848 0.061336 0.054473
-0.130125 0.103780 0.116400
-0.113442 0.144857 0.110371
-0.231341 0.077863 0.021696
-0.103357 0.087528 0.137781
-0.129982 0.144224 0.102720
-0.120523 0.133148 0.114141
-0.114777 0.102579 0.130117
-0.143199 -0.141725 0.088688
-0.190224 -0.380576 -0.000055
0.164488 -0.291538 0.102416
0.079475 -0.131315 0.148794
0.191206 -0.392189 0.059057
-0.180864 -0.277941 0.063084
-0.189864 -0.432630 0.000139
-0.191906 -0.407007 -0.002110
-0.189742 -0.433795 -0.021278
-0.192202 -0.396329 -0.017925
-0.192049 -0.374821 -0.017614
-0.191166 -0.415887 -0.017023
0.193541 -0.422577 0.047688
0.194730 -0.403116 0.046253
0.187240 -0.417083 0.066758
-0.186021 -0.432644 0.032039
-0.181856 -0.439979 0.047205
-0.175529 -0.459065 0.059342
0.165028 -0.418359 0.094824
0.153829 -0.425844 0.106130
0.142153 -0.435708 0.120316
0.145642 -0.454997 0.116457
0.145246 -0.027787 0.109112
0.185414 0.010377 0.073435
0.139101 0.182341 0.093142
-0.154187 -0.037280 0.060792
-0.052242 0.146373 0.120615
-0.071329 0.164427 0.106965
0.116430 -0.407705 0.129109
0.070064 -0.408668 0.131593
0.173647 0.186225 0.077407
0.152469 0.165714 0.096912
0.158625 0.182329 0.085453
0.167147 0.095998 0.098357
-0.107100 -0.426223 0.119109
-0.073133 -0.421706 0.114786
-0.089735 -0.431132 0.121125
-0.070969 -0.446687 0.109019
-0.060671 -0.433857 0.118342
-0.139799 -0.428095 0.105132
-0.152141 -0.389847 0.102409
-0.140489 -0.406008 0.106105
-0.124696 -0.373649 0.117004
-0.161498 -0.418452 0.092592
-0.155750 -0.436155 0.094099
-0.167483 -0.393130 0.078888
-0.171679 -0.428888 0.078851
-0.158111 -0.400063 0.088865
-0.020734 -0.419694 0.126583
-0.001506 -0.426179 0.117590
0.024676 -0.438803 0.105690
0.014237 -0.454897 0.102127
0.037641 -0.449117 0.122693
0.040571 -0.419311 0.123479
-0.204109 0.010604 0.016216
-0.180562 0.010781 0.034007
-0.184596 0.032806 0.035390
-0.200250 0.013254 0.033004
-0.120112 0.158963 0.100040
-0.099133 0.154838 0.108491
-0.095820 0.140437 0.118664
-0.164762 -0.123708 0.050786
0.185848 -0.293819 0.074843
0.159690 -0.226590 0.095857
0.127853 -0.135914 0.111717
0.189436 -0.360105 0.055780
-0.194295 -0.283231 0.019275
-0.188686 -0.408671 -0.030065
0.175899 -0.418093 0.076603
0.169225 -0.036590 0.085089
0.202032 -0.000927 0.054059
0.224971 0.045443 0.041388
0.184157 -0.012973 0.070170
0.147327 0.194825 0.083229
0.132211 0.192236 0.089556
0.131666 0.204878 0.082202
-0.164146 -0.048014 0.029893
-0.183651 -0.016825 0.029346
-0.190463 -0.013049 0.014203
-0.069562 0.147403 0.118978
-0.051763 0.130023 0.132290
-0.040495 0.153991 0.116318
0.097392 -0.407374 0.131314
0.111266 -0.424955 0.128614
0.130346 -0.356063 0.128423
0.078054 -0.425140 0.132872
0.042752 -0.345886 0.123607
0.161337 0.144142 0.099497
0.162684 0.124537 0.103424
0.180364 0.106369 0.089404
0.131949 0.069591 0.120583
0.186366 0.068523 0.086442
0.195871 0.043418 0.066031
0.208781 0.074933 0.052920
-0.158122 -0.365661 0.093660
-0.184520 -0.391971 0.049619
-0.186301 -0.410825 0.034458
-0.178907 -0.413176 0.049036
0.048514 -0.435133 0.128710
0.029996 -0.422580 0.109115
-0.169458 -0.130789 0.025117
-0.181374 -0.185267 0.037197
0.190941 -0.295271 0.056723
0.182496 -0.262138 0.069293
0.165912 -0.197260 0.082940
0.150188 -0.138070 0.088540
0.147159 -0.086096 0.105503
0.195310 -0.378110 0.048802
0.196151 -0.359906 0.042192
0.190066 -0.326352 0.060954
0.180062 -0.369265 0.076412
-0.194828 -0.285988 -0.004112
-0.196246 -0.323242 0.003877
-0.195113 -0.353437 -0.000460
-0.191238 -0.247902 0.011675
-0.196507 -0.301281 0.006468
-0.190678 -0.357490 0.034773
-0.191366 -0.386712 0.028840
-0.192972 -0.339162 -0.011715
-0.193939 -0.317605 -0.012335
-0.192638 -0.263350 -0.004037
-0.192915 -0.363479 0.014916
-0.194175 -0.332520 0.026484
-0.194715 -0.307742 0.024881
-0.187451 -0.311846 0.050110
-0.189032 -0.282457 0.041912
-0.194546 -0.391366 0.011430
-0.191554 -0.334435 0.043233
-0.173040 -0.331092 0.077564
-0.182528 -0.326565 0.061077
-0.181261 -0.358503 0.060777
-0.172902 -0.298621 0.076561
-0.179902 -0.227441 0.054128
-0.188426 -0.371449 0.044987
-0.188829 -0.254708 0.035185
0.180778 -0.044994 0.071029
0.164309 -0.066275 0.081960
0.164437 -0.001949 0.095112
0.195320 -0.017563 0.054411
-0.174371 -0.053186 0.014215
-0.163172 -0.076797 0.023182
-0.157942 -0.026755 0.041673
-0.172127 -0.008006 0.035043
-0.032186 0.138376 0.127954
-0.077307 0.112083 0.140365
-0.097751 0.109483 0.136724
-0.086193 0.126207 0.130704
-0.067801 0.123776 0.135237
0.117504 -0.378164 0.132073
0.130899 -0.394903 0.126244
0.092775 -0.339768 0.136882
0.100057 -0.365427 0.136092
0.069257 -0.359494 0.132437
0.038287 -0.381661 0.115633
0.147049 0.089266 0.113324
0.152854 0.064807 0.105365
0.134065 0.020140 0.115684
0.166973 0.075670 0.097133
0.150198 0.038108 0.107343
0.127343 0.043750 0.119078
0.156683 0.015283 0.107064
0.086509 0.055469 0.152352
0.140499 -0.005005 0.114854
0.172216 0.015786 0.090338
0.114486 0.055708 0.143910
0.151651 -0.011303 0.106114
0.158635 -0.024542 0.096511
0.084132 -0.023633 0.149581
0.171109 -0.013087 0.084647
0.110564 -0.005492 0.132318
0.124564 0.002403 0.121477
0.111681 0.024526 0.132605
0.124076 -0.029419 0.124094
0.117346 0.041658 0.134962
0.093412 0.006377 0.149046
0.135950 -0.020553 0.117453
0.197009 0.024099 0.061353
-0.148453 -0.368871 0.106383
-0.171540 -0.134285 0.009241
-0.179247 -0.157681 0.017015
0.187988 -0.263866 0.054314
0.176743 -0.228855 0.072154
0.171098 -0.267027 0.090945
0.175059 -0.200002 0.066736
0.162294 -0.167791 0.080118
0.158794 -0.141819 0.072370
0.146161 -0.113381 0.079306
0.177653 -0.319313 0.085323
0.183459 -0.390568 0.072715
0.158507 -0.357539 0.107222
0.151505 -0.382033 0.118219
0.156843 -0.403297 0.108580
0.146792 -0.356918 0.122187
0.151143 -0.316776 0.116097
0.136357 -0.375385 0.123906
-0.188423 -0.222801 0.003939
-0.186496 -0.218421 0.029310
-0.185636 -0.190886 0.011455
-0.157406 -0.331629 0.096927
-0.167608 -0.352024 0.083981
-0.117365 -0.271793 0.111373
-0.161894 -0.308546 0.091123
-0.135464 -0.306303 0.110889
-0.146817 -0.258014 0.096457
-0.144107 -0.326104 0.107361
-0.158749 -0.282756 0.091280
-0.146095 -0.291798 0.102176
-0.165864 -0.258315 0.081267
-0.146266 -0.195630 0.093878
-0.176138 -0.248217 0.065683
-0.150666 -0.230722 0.089976
-0.164365 -0.214807 0.075904
-0.118078 -0.215040 0.116422
-0.132531 -0.230343 0.101929
-0.128858 -0.255162 0.106061
-0.132694 -0.276172 0.106626
-0.129661 -0.199707 0.107003
-0.129566 -0.158990 0.106683
-0.134522 -0.180401 0.103953
-0.146000 -0.168471 0.091617
-0.164340 -0.166450 0.067889
-0.157014 -0.190256 0.082945
-0.153491 -0.159726 0.081696
-0.175820 -0.377843 0.067742
-0.181569 -0.299496 0.063092
-0.192540 -0.263513 0.019322
0.159761 -0.063523 0.067311
0.152470 -0.054854 0.101927
0.145815 -0.086959 0.078119
-0.168267 -0.080852 0.008610
-0.167575 -0.104446 0.020799
-0.154289 -0.065266 0.046869
-0.155492 -0.045939 0.045726
0.069245 -0.382834 0.132190
0.050908 -0.396179 0.130063
0.179878 0.031345 0.084053
0.115055 0.096219 0.143916
0.129272 0.089810 0.129575
0.117574 0.076006 0.142313
0.102538 -0.035828 0.136358
0.097151 -0.010740 0.142705
0.032201 0.004378 0.160626
-0.172249 -0.145567 0.037489
-0.179158 -0.166536 0.030534
-0.170770 -0.160347 0.052725
-0.154640 -0.134474 0.070376
-0.162856 -0.150953 0.064122
0.166730 -0.216170 0.085914
0.172929 -0.241797 0.083082
0.174447 -0.289757 0.088638
0.180268 -0.275280 0.078257
0.138792 -0.246345 0.113822
0.169968 -0.170298 0.066059
0.144363 -0.158312 0.100569
0.155970 -0.116113 0.067890
0.133532 -0.116765 0.098191
0.184400 -0.311989 0.073628
0.182827 -0.344314 0.074944
0.170336 -0.343824 0.095820
0.166434 -0.317349 0.102496
0.158613 -0.336962 0.108693
0.172344 -0.366409 0.093247
0.164661 -0.384210 0.102099
-0.188770 -0.239747 0.027532
-0.179023 -0.201292 0.049411
-0.169607 -0.197410 0.067173
-0.174463 -0.180447 0.053478
-0.188097 -0.206531 0.018615
-0.101510 -0.323329 0.121340
-0.185270 -0.260938 0.050447
-0.164453 -0.236349 0.078491
0.163487 -0.052670 0.091708
0.133796 -0.053783 0.116245
0.156360 -0.072899 0.096531
0.139899 -0.097051 0.090699
-0.160291 -0.109370 0.037133
-0.160699 -0.090318 0.065658
-0.163837 -0.104529 0.053289
-0.150944 -0.112384 0.067101
-0.157421 -0.087737 0.045730
-0.160110 -0.063666 0.034448
0.112417 -0.022441 0.130399
0.074491 -0.081362 0.149955
0.061034 -0.002547 0.158678
0.156806 -0.264824 0.105581
0.159200 -0.245663 0.099598
0.139937 -0.280186 0.120252
0.152264 -0.154410 0.090398
0.139604 -0.139434 0.100254
0.112622 -0.183601 0.128863
0.155743 -0.176309 0.091781
0.136929 -0.185914 0.112102
0.152432 -0.203770 0.099749
0.135406 -0.217271 0.112750
0.144244 -0.122978 0.089448
0.117452 -0.100641 0.119280
-0.110892 -0.298264 0.116904
-0.124188 -0.325143 0.117225
-0.064960 -0.273313 0.125661
-0.124628 -0.348316 0.118251
-0.090829 -0.269260 0.120017
-0.105000 -0.279244 0.114978
-0.088961 -0.295952 0.118009
-0.058178 -0.328511 0.122355
-0.079972 -0.279833 0.123458
-0.067863 -0.302244 0.118061
-0.080328 -0.328857 0.121422
-0.099426 -0.355814 0.123471
-0.102532 -0.387470 0.122976
-0.088218 -0.406433 0.123607
-0.066134 -0.394815 0.119166
-0.046874 -0.364928 0.123488
-0.071381 -0.359397 0.122059
-0.050652 -0.384222 0.123153
0.142536 -0.068408 0.111031
0.127069 -0.078648 0.122363
0.131602 -0.091765 0.111596
0.114887 -0.057384 0.129126
0.143998 -0.044575 0.108119
-0.158506 -0.063087 0.067675
-0.106868 -0.018889 0.110408
-0.140336 -0.035832 0.094260
-0.152495 -0.042299 0.080288
-0.130564 -0.084175 0.091114
-0.142415 -0.062607 0.087908
-0.145902 -0.093402 0.078446
-0.117588 -0.054968 0.104412
-0.138676 -0.113892 0.093478
-0.128550 -0.050545 0.093879
-0.122757 -0.027046 0.101110
-0.142174 0.028348 0.107181
-0.148749 0.037676 0.076801
-0.143306 -0.003638 0.100543
-0.145225 -0.110067 0.081418
-0.133340 0.065545 0.116183
-0.143529 0.079045 0.097178
-0.121386 0.082793 0.126682
-0.142169 0.054491 0.096189
-0.106040 0.053125 0.133581
-0.150870 -0.011136 0.073054
-0.155377 -0.003370 0.051153
-0.134998 0.087790 0.112484
-0.150528 -0.025296 0.084409
-0.153581 -0.019063 0.061019
-0.151272 0.015179 0.066801
-0.148623 0.004534 0.084331
-0.155716 0.033032 0.059100
-0.163648 0.018157 0.047842
-0.162801 -0.089275 0.031643
0.084280 -0.055525 0.145993
0.077469 -0.005211 0.153797
0.154654 -0.298097 0.112773
0.098550 -0.245548 0.127265
0.129526 -0.299485 0.127985
0.117480 -0.269740 0.126464
0.121528 -0.325449 0.132841
0.127982 -0.257537 0.120867
0.094699 -0.272209 0.129485
0.103080 -0.322041 0.136048
0.012202 -0.204079 0.163851
0.053857 -0.232486 0.148236
0.075130 -0.244123 0.132130
0.127696 -0.158629 0.117006
0.105931 -0.136789 0.132763
0.123702 -0.174521 0.122063
0.113861 -0.155007 0.127526
0.116896 -0.138060 0.122146
0.118740 -0.119686 0.117048
0.145375 -0.234570 0.108389
-0.072517 -0.245383 0.127110
-0.031201 -0.229857 0.151198
-0.051553 -0.246877 0.142200
-0.063427 -0.255247 0.133263
-0.061976 -0.222676 0.141464
-0.047027 -0.222416 0.151571
-0.023845 -0.151387 0.168235
-0.032105 -0.190301 0.163299
-0.064734 -0.157924 0.155967
-0.056234 -0.191209 0.155406
-0.100711 -0.239626 0.116540
-0.087474 -0.247080 0.120299
-0.118400 -0.390474 0.117227
-0.056721 -0.348559 0.122534
-0.036308 -0.339902 0.122777
-0.088590 -0.370694 0.123158
-0.081601 -0.387074 0.124803
-0.065994 -0.377636 0.121094
-0.144078 -0.127568 0.082752
-0.124053 -0.129878 0.106807
-0.123831 0.003227 0.113159
-0.129715 -0.010478 0.107477
-0.087933 0.015123 0.124176
-0.119498 0.031466 0.124932
-0.102802 0.003222 0.116672
-0.095447 0.069273 0.137974
-0.146562 0.022493 0.089983
0.051816 -0.049861 0.162341
0.065734 -0.027887 0.157595
0.070857 -0.049839 0.157530
0.097519 -0.078387 0.138655
0.112855 -0.087868 0.133456
0.094592 -0.108689 0.143761
0.104830 -0.114419 0.128710
0.113886 -0.224042 0.123618
0.078072 -0.190818 0.147629
0.050800 -0.290620 0.126581
0.075019 -0.309588 0.132301
0.083960 -0.290300 0.131366
-0.031575 -0.285146 0.126527
-0.031935 -0.311764 0.122138
-0.049781 -0.289076 0.121594
-0.042692 -0.266298 0.131709
-0.023291 -0.258694 0.142764
-0.036774 -0.247946 0.142333
0.003872 -0.288952 0.128249
-0.003270 -0.234832 0.154765
-0.013958 -0.279614 0.132436
-0.011081 -0.304391 0.124168
0.001307 -0.262327 0.143024
-0.017776 -0.239955 0.150806
0.024947 -0.273268 0.133479
0.011549 -0.275006 0.135623
-0.007920 -0.183674 0.168398
-0.075742 -0.185500 0.146677
-0.096800 -0.144555 0.135727
-0.099612 -0.185661 0.133090
-0.115311 -0.173235 0.120214
-0.083445 -0.157733 0.145089
-0.088651 -0.193821 0.138674
-0.098902 -0.211763 0.125171
-0.095631 -0.162860 0.136357
-0.044863 -0.200810 0.156700
-0.043095 -0.163014 0.164081
-0.116600 -0.237763 0.113471
-0.135984 -0.127946 0.097941
-0.133895 -0.143386 0.100480
-0.117786 -0.100212 0.106525
-0.084751 0.040529 0.129554
-0.099876 0.030858 0.126578
-0.028963 0.004910 0.147710
-0.049420 0.034189 0.135809
-0.066389 0.043525 0.137383
-0.064842 0.014178 0.131161
-0.123451 0.049800 0.124096
-0.138405 0.045561 0.113462
0.101043 -0.057298 0.136643
0.085390 -0.072398 0.144083
0.085337 -0.093597 0.144841
0.065458 -0.109321 0.153419
0.093410 -0.126721 0.140836
0.113167 -0.242533 0.123366
0.128686 -0.228811 0.116375
0.118842 -0.205841 0.123281
0.069391 -0.216888 0.143294
0.090670 -0.216148 0.134870
0.101027 -0.198296 0.133881
0.042750 -0.181279 0.163706
0.086315 -0.233962 0.136118
0.054304 -0.206552 0.157046
0.060251 -0.184047 0.156619
0.032922 -0.207663 0.159158
0.074686 -0.158961 0.153401
0.093565 -0.169658 0.141542
0.100199 -0.153239 0.136824
0.021238 -0.239230 0.150119
0.090398 -0.186805 0.141755
0.008319 -0.246904 0.149299
0.056888 -0.263101 0.130395
0.039423 -0.250263 0.140326
0.065612 -0.284843 0.128573
0.038189 -0.228644 0.149867
0.054112 -0.323601 0.131765
0.030210 -0.305992 0.124657
0.009885 -0.323477 0.126636
0.057004 -0.343481 0.128255
0.073316 -0.332955 0.133472
0.038962 -0.325805 0.129614
-0.047688 -0.310261 0.120718
-0.016599 -0.209718 0.161000
-0.001428 -0.213340 0.161193
-0.021122 -0.174407 0.168299
-0.112501 -0.140559 0.120456
-0.107712 -0.153886 0.126065
-0.096243 -0.108327 0.132599
-0.108330 -0.118293 0.120174
-0.075303 -0.119713 0.150576
-0.098871 -0.127475 0.130468
-0.086536 -0.127333 0.140760
-0.105821 -0.100650 0.121202
-0.080746 -0.057345 0.134652
-0.104092 -0.076900 0.114286
-0.093076 -0.081390 0.132673
-0.081350 -0.021860 0.125662
-0.072122 -0.139453 0.150915
-0.044156 -0.113593 0.162628
-0.059481 -0.122358 0.155595
-0.048677 -0.137799 0.161366
-0.032383 -0.129058 0.168228
-0.120936 -0.078733 0.104617
-0.097024 -0.047231 0.116904
-0.075634 -0.096766 0.143217
-0.057109 -0.092465 0.159481
-0.065067 -0.107796 0.157209
0.016247 -0.099091 0.166272
-0.092261 -0.064884 0.123186
-0.076768 -0.077897 0.142498
-0.047949 -0.041342 0.150728
-0.063465 -0.055697 0.144680
-0.015096 -0.088908 0.169875
-0.060876 -0.077363 0.149210
-0.045425 -0.065862 0.159978
-0.061902 -0.021261 0.139936
-0.028342 -0.107011 0.169245
-0.006598 -0.118288 0.168353
-0.033157 -0.083911 0.159318
-0.012709 -0.033629 0.159157
-0.070378 -0.040813 0.138031
-0.018607 -0.130695 0.167876
-0.003045 -0.148719 0.170798
-0.031293 -0.043180 0.158034
0.011532 -0.170675 0.170445
0.013368 -0.127228 0.169706
-0.018705 -0.060611 0.160783
-0.025787 -0.018216 0.153265
0.025986 -0.182323 0.167576
0.034638 -0.145148 0.170954
0.024397 -0.160128 0.171602
0.015189 -0.053425 0.169202
0.000942 0.004335 0.156011
-0.043899 -0.014619 0.146728
0.033532 -0.114923 0.173372
-0.001054 -0.051146 0.161940
-0.010718 -0.012460 0.156074
0.009698 -0.020408 0.159488
-0.045743 0.009056 0.139138
-0.007209 -0.070076 0.168399
0.002832 -0.085833 0.171612
0.020097 -0.076469 0.166721
-0.058157 -0.001762 0.136197
0.007455 -0.069231 0.171758
0.033222 -0.058297 0.164862
0.037414 -0.025319 0.163231
0.042598 -0.084657 0.170351
0.058581 -0.074189 0.165628
0.052495 -0.019961 0.161022
0.028968 -0.090697 0.167739
0.044602 -0.068433 0.165827
0.057964 -0.095598 0.164311
0.050212 -0.115371 0.164546
-0.111794 -0.193718 0.122687
-0.131434 -0.099288 0.100743
0.080304 -0.113093 0.149173
0.086430 -0.149316 0.145888
0.040548 -0.270761 0.130283
0.015087 -0.303924 0.124042
0.005151 -0.362989 0.120074
-0.018573 -0.357382 0.123577
-0.013559 -0.387111 0.127513
-0.075375 -0.000266 0.127400
-0.109585 -0.038931 0.109000
-0.085232 -0.041751 0.125457
-0.083915 -0.112319 0.140187
-0.044249 -0.096692 0.157982
0.053345 -0.153202 0.162654
0.065887 -0.141136 0.156709
0.047034 -0.135135 0.164371
0.041655 -0.160925 0.166544
0.026616 -0.130730 0.169061
0.015694 -0.001080 0.158922
0.024863 -0.015171 0.162754
0.000457 -0.340930 0.123610
0.020715 -0.346915 0.124009
-0.029741 -0.375312 0.126211
0.009808 -0.386472 0.122819
0.106906 0.193130 0.095909
0.076096 0.154801 0.128017
0.073035 0.169011 0.116937
0.094459 0.170957 0.115004
0.114052 0.145072 0.125670
0.094164 0.181592 0.106920
0.114697 0.166812 0.111395
0.137970 0.142254 0.114482
0.095145 0.151932 0.129207
0.124444 0.177650 0.101100
0.133246 0.163878 0.107056
0.069643 0.131341 0.146574
0.093901 0.133588 0.142813
0.078437 0.144131 0.136644
0.081100 0.122240 0.151467
0.115079 0.122118 0.137703
0.101884 0.108716 0.150853
0.089767 0.081653 0.156016
0.130537 0.111646 0.129019
0.130041 0.128214 0.124562
0.031664 0.062751 0.155220
0.018544 0.032823 0.155787
0.099227 0.070005 0.148417
0.060404 0.064390 0.160469
0.078440 0.067242 0.159957
0.068367 0.085172 0.158910
0.048823 0.075278 0.157545
0.017201 0.106025 0.148762
0.030691 0.087788 0.150621
0.051512 0.107751 0.154769
-0.015298 0.070039 0.143574
-0.046871 0.069232 0.141997
-0.060737 0.059912 0.140021
0.046977 0.090495 0.155138
0.039875 0.126162 0.144154
0.055536 0.142055 0.136197
0.021633 0.140292 0.131668
0.036583 0.137346 0.136521
0.014663 0.124969 0.140314
-0.005186 0.137207 0.130842
-0.008271 0.108662 0.143020
0.008614 0.133614 0.134351
0.034360 0.104228 0.150586
0.004768 0.083681 0.145585
0.054049 0.121937 0.149673
0.048344 0.155176 0.124571
0.064086 0.158303 0.124631
0.007551 0.147415 0.125357
-0.017745 0.142673 0.126242
-0.039966 0.099522 0.143477
-0.049179 0.115396 0.140429
-0.006130 0.123963 0.138098
0.001162 0.098193 0.147727
0.005831 0.058132 0.147078
0.034989 0.159216 0.119603
-0.026378 0.110186 0.141292
0.019410 0.071859 0.149275
-0.000914 0.069838 0.144749
-0.018195 0.037711 0.143372
-0.033307 0.025047 0.139761
0.017909 0.050770 0.153621
-0.009791 0.055102 0.143402
-0.074175 0.087540 0.144675
-0.060404 0.100517 0.144339
-0.055899 0.084125 0.144501
0.050361 -0.370584 0.130185
0.076178 0.025881 0.155234
0.099229 0.032490 0.151339
0.066928 0.045362 0.159182
0.041671 0.040081 0.159626
0.044362 0.056936 0.158459
0.031205 0.023319 0.159358
0.051342 0.019381 0.159879
-0.152416 -0.074181 0.078065
0.139471 -0.333336 0.124620
0.131956 -0.110035 0.114130
-0.030552 0.081443 0.144055
-0.017891 0.094944 0.145336
-0.009817 0.083907 0.145339
-0.031083 0.053333 0.140465
-0.012278 0.017452 0.150514
0.002728 0.023668 0.153690
0.261922 0.106463 0.024958
0.301128 0.100960 0.029244
0.338295 0.120123 0.023868
0.365986 0.129849 0.020333
0.358227 0.154975 0.034347
0.355743 0.183938 0.035541
0.359940 0.209139 0.029819
0.364280 0.234432 0.027743
0.373345 0.245913 0.005588
0.379154 0.256984 -0.013657
0.379818 0.258125 -0.032588
0.373846 0.249463 -0.050747
0.370618 0.231245 -0.064509
0.365674 0.204381 -0.066278
0.360932 0.177497 -0.063968
0.358254 0.150678 -0.049490
0.363319 0.131901 -0.027040
0.367497 0.119511 -0.003001
0.242602 0.083523 -0.006786
0.223020 0.052740 -0.047027
0.210436 0.072765 -0.077110
0.184896 0.105888 -0.066596
0.168079 0.135468 -0.065228
0.158742 0.157505 -0.080204
0.147277 0.175421 -0.089709
0.131900 0.188613 -0.088267
0.114838 0.199466 -0.082430
0.103991 0.211133 -0.093587
0.085393 0.218398 -0.093642
0.064563 0.219294 -0.098062
0.088356 0.236016 -0.082238
0.106192 0.255332 -0.057977
0.113337 0.267007 -0.031143
0.119636 0.278069 -0.000901
0.152395 0.261692 -0.028643
0.130341 0.265068 -0.036725
0.118690 0.261337 -0.044828
0.111691 0.234104 -0.069376
0.103228 0.241158 -0.069607
0.350871 0.139143 0.021575
0.295633 0.186699 0.036577
0.256415 0.254792 -0.030762
0.294697 0.120739 -0.041605
0.158431 0.276447 0.015333
0.171268 0.227075 -0.057685
0.127053 0.227652 -0.075544
0.099757 0.220378 -0.082867
0.261526 0.147656 0.050599
0.263549 0.221686 0.033261
0.228221 0.198349 -0.064041
0.222974 0.262417 0.013389
0.254870 0.112896 -0.026711
0.141745 0.279571 0.011799
0.130793 0.272142 -0.013965
0.155173 0.269360 0.034128
0.174188 0.266625 0.034878
0.154977 0.205370 -0.076844
0.117713 0.212509 -0.086672
0.242282 0.120379 0.065678
0.293068 0.130858 0.048691
0.262177 0.119784 0.055668
0.322858 0.142061 0.025513
0.246609 0.167402 0.057939
0.230141 0.215883 0.041871
0.202718 0.155646 -0.063850
0.201851 0.241762 0.041885
0.236826 0.088255 -0.023112
0.233563 0.101351 -0.059323
0.137763 0.275128 0.030138
0.131311 0.279136 0.011612
0.163736 0.253506 0.047218
0.185615 0.250785 0.043020
0.145569 0.190896 -0.085812
0.289242 0.105921 0.045185
0.210990 0.193128 0.057679
0.230478 0.189291 0.048621
0.208873 0.219195 0.048767
0.187699 0.137735 -0.062329
0.180819 0.172833 -0.069521
0.188346 0.225405 0.053767
0.226025 0.078598 -0.062849
0.212443 0.115481 -0.078506
0.198325 0.272736 0.011382
0.195385 0.206672 0.059389
0.169410 0.157088 -0.070913
0.187670 0.266630 0.032527
0.204179 0.260845 0.026714
0.351970 0.116901 0.009851
0.325772 0.189875 0.028407
0.321123 0.233457 0.016838
0.312136 0.249186 -0.033169
0.321798 0.163714 -0.045378
0.129373 0.244819 -0.052793
0.140290 0.260116 -0.036065
0.147046 0.275904 -0.007332
0.144409 0.246017 -0.057509
0.137623 0.271942 -0.016174
0.168392 0.253042 -0.046323
0.139307 0.216075 -0.066994
0.129283 0.199371 -0.076607
0.286769 0.093970 -0.002003
0.317916 0.107264 0.002124
0.340295 0.165853 0.026185
0.272332 0.182432 0.044595
0.290755 0.218254 0.030745
0.260563 0.197110 0.043310
0.275976 0.203280 0.038462
0.250694 0.206818 0.039207
0.252541 0.116937 -0.053882
0.283401 0.168843 -0.054272
0.282889 0.144508 -0.049936
0.299541 0.156748 -0.047047
0.228820 0.170351 0.056364
0.236476 0.245678 0.026857
0.169617 0.189771 -0.078871
0.203044 0.192302 -0.063938
0.225808 0.156744 -0.067958
0.256866 0.157269 -0.060957
0.243241 0.128046 -0.062866
0.176728 0.276912 0.007377
0.162271 0.277531 -0.007865
0.177177 0.268641 -0.023674
0.344266 0.193828 0.031150
0.336051 0.215730 0.026303
0.310197 0.163494 0.030530
0.307461 0.181175 0.031725
0.347448 0.236785 0.014175
0.340966 0.251587 -0.004077
0.330523 0.226302 0.022001
0.312443 0.208326 0.029791
0.337981 0.244164 0.007529
0.346498 0.253242 -0.038352
0.342656 0.163631 -0.053012
0.332587 0.137211 -0.028643
0.334673 0.191061 -0.061591
0.306617 0.188253 -0.060118
0.153995 0.233895 -0.056456
0.157446 0.219154 -0.062769
0.284172 0.099815 0.017496
0.296455 0.104301 -0.023162
0.316550 0.114593 -0.032402
0.342176 0.112131 -0.014470
0.313879 0.137748 -0.042007
0.313779 0.109464 -0.014549
0.296608 0.243446 0.010083
0.318076 0.245094 0.006768
0.301395 0.233810 0.018492
0.282681 0.231518 0.026133
0.318104 0.253357 -0.013759
0.324432 0.250199 -0.004701
0.218965 0.241959 0.035581
0.225330 0.228483 0.038612
0.171632 0.211266 -0.071414
0.198086 0.229826 -0.059389
0.187445 0.202957 -0.068958
0.184532 0.224545 -0.062858
0.193489 0.255245 -0.041266
0.200581 0.210793 -0.063894
0.181156 0.258760 -0.037910
0.214655 0.176298 -0.063434
0.194551 0.174024 -0.064991
0.212587 0.143015 -0.076367
0.252255 0.190719 -0.062305
0.222901 0.135911 -0.063446
0.168858 0.274564 0.021407
0.360923 0.252177 -0.002915
0.356594 0.257482 -0.021583
0.361576 0.256274 -0.032882
0.307524 0.221542 0.025668
0.347176 0.240269 -0.055585
0.350572 0.141652 -0.033921
0.351674 0.190886 -0.065587
0.343645 0.217208 -0.065482
0.319684 0.179007 -0.058876
0.330069 0.253419 -0.026817
0.283994 0.254459 -0.013759
0.266874 0.178192 -0.059108
0.246223 0.172014 -0.062391
0.253036 0.229134 -0.057623
0.224542 0.237144 -0.056727
0.357366 0.249068 -0.047572
0.326536 0.244147 -0.047337
0.286432 0.232938 -0.053250
0.275154 0.209188 -0.062033
0.305320 0.241166 -0.045886
0.314791 0.222338 -0.059706
0.282693 0.249277 -0.035898
0.329128 0.234046 -0.056459
0.336637 0.254610 -0.016661
0.301338 0.251547 -0.019294
0.295976 0.250323 -0.004058
0.268716 0.249836 0.010892
0.275934 0.242042 0.018677
0.308156 0.248608 -0.001728
0.280972 0.252581 -0.000798
0.262543 0.257980 -0.009567
0.244882 0.208886 -0.063671
0.230634 0.219169 -0.062936
0.260674 0.216597 -0.061408
0.215922 0.216747 -0.062985
0.287441 0.193500 -0.060775
0.295035 0.213647 -0.061005
0.322390 0.205319 -0.063190
0.267655 0.239835 -0.048901
0.253535 0.245218 -0.046654
0.237541 0.254125 -0.040004
0.267402 0.250596 -0.037174
0.218442 0.257523 -0.039161
0.228058 0.251882 -0.045115
0.252576 0.253491 0.011762
0.240596 0.262781 -0.011996
0.230112 0.262313 -0.026648
0.217863 0.268346 -0.011352
0.245285 0.259266 -0.026334
0.240941 0.258555 0.009931
0.270517 0.255991 -0.022594
0.229336 0.266175 -0.005966
0.208056 0.263697 -0.029300
0.211908 0.268545 0.007555
0.288214 0.156882 0.043162
0.249416 0.236869 0.028217
0.246571 0.219457 0.035763
0.204478 0.249433 -0.047741
0.193920 0.272087 -0.015579
0.206893 -0.458110 0.016082
0.200825 -0.452449 -0.007218
0.176030 -0.449543 -0.011051
0.173513 -0.448643 -0.036443
0.159046 -0.448862 -0.058380
0.134959 -0.450676 -0.052367
0.120843 -0.453014 -0.071775
0.113286 -0.454400 -0.093658
0.091559 -0.455736 -0.100148
0.069258 -0.456781 -0.107088
0.046968 -0.457509 -0.106699
0.027208 -0.456630 -0.095899
0.014545 -0.455166 -0.077761
-0.005602 -0.460068 -0.083725
-0.026545 -0.464963 -0.087529
-0.048995 -0.468331 -0.088812
-0.071747 -0.467748 -0.086363
-0.095020 -0.467185 -0.080236
-0.118498 -0.465493 -0.068000
-0.145298 -0.468458 -0.060984
-0.171296 -0.472748 -0.066310
-0.225202 0.076571 -0.036478
-0.228837 0.079455 -0.073495
-0.206019 0.099077 -0.092090
-0.188994 0.122241 -0.068304
-0.170811 0.150005 -0.071230
-0.158488 0.173222 -0.080859
-0.146088 0.192484 -0.085486
-0.133552 0.206571 -0.087382
-0.120908 0.219174 -0.088709
-0.106788 0.226741 -0.091307
-0.090152 0.228789 -0.096782
-0.068470 0.225745 -0.103217
-0.047245 0.213997 -0.112265
-0.025112 0.206093 -0.118809
-0.001061 0.205407 -0.117842
0.017550 0.204054 -0.106500
0.041736 0.208339 -0.105450
0.203573 -0.446832 0.026775
0.190913 -0.386150 -0.020906
0.087567 -0.240649 -0.113286
-0.107106 -0.365086 -0.097753
-0.164061 -0.435190 -0.069641
-0.182031 -0.461565 -0.055265
-0.178069 -0.442216 -0.057720
-0.166339 -0.454820 -0.068639
0.189962 -0.420390 -0.013431
0.209784 -0.429337 0.004211
0.163474 -0.397691 -0.054148
0.082609 -0.355848 -0.104411
-0.052626 -0.410496 -0.102119
-0.137125 -0.444961 -0.065306
0.186819 -0.438042 -0.006173
0.169165 -0.424676 -0.028116
0.142185 -0.419475 -0.053227
0.093296 -0.408870 -0.105949
0.026421 -0.384629 -0.100998
-0.008623 -0.416042 -0.094087
-0.047074 -0.441094 -0.099545
-0.096591 -0.424831 -0.090762
-0.114779 -0.449965 -0.077187
-0.133991 -0.458920 -0.063253
0.145774 -0.437530 -0.050942
0.124190 -0.428820 -0.066872
0.097403 -0.432129 -0.098379
0.050021 -0.419593 -0.114649
-0.000342 -0.438903 -0.090222
-0.041617 -0.455933 -0.093803
-0.068159 -0.449596 -0.092791
0.054392 -0.439730 -0.112156
0.027738 -0.428966 -0.100826
0.074671 -0.428683 -0.109691
0.041442 -0.429534 -0.109456
0.033720 -0.445173 -0.104111
0.021831 -0.437592 -0.084050
0.077700 -0.444142 -0.104213
0.013956 -0.416317 -0.085148
0.117798 -0.062060 -0.073603
0.000032 0.084594 -0.115864
-0.013771 0.153674 -0.116327
-0.013170 0.181951 -0.118639
-0.012152 0.195514 -0.119160
0.024162 0.184965 -0.107780
-0.042481 0.195392 -0.113227
0.006712 0.188955 -0.115504
0.027273 0.197196 -0.105740
0.056476 0.198193 -0.107460
-0.138278 -0.050747 -0.081558
0.193204 -0.357232 0.000554
0.153088 -0.168896 -0.047848
-0.155160 -0.355864 -0.076451
-0.124114 -0.245625 -0.101422
-0.173802 -0.407838 -0.061448
0.203333 -0.404609 -0.005975
0.201840 -0.380926 -0.002317
0.206933 -0.410404 0.016642
0.202290 -0.373059 0.015766
0.197845 -0.352215 0.017916
0.205660 -0.390818 0.012545
0.207250 -0.429351 0.019110
0.174127 -0.401147 -0.026098
0.175776 -0.408894 -0.042151
0.169067 -0.427805 -0.053914
-0.125572 -0.417467 -0.074673
0.120967 -0.378988 -0.077123
0.116798 -0.417910 -0.093209
0.120158 -0.437369 -0.088334
-0.023890 -0.432944 -0.100403
-0.025857 -0.448875 -0.094891
-0.091485 -0.451742 -0.086668
-0.105969 -0.438168 -0.085123
-0.083062 -0.437909 -0.090366
-0.074180 -0.417030 -0.095111
0.065568 -0.403719 -0.106391
0.086813 -0.421676 -0.107074
0.008570 -0.429243 -0.086494
0.001671 -0.390266 -0.093418
0.024937 -0.407731 -0.100919
0.015135 -0.400866 -0.087953
0.037816 -0.400281 -0.114272
0.050010 -0.361345 -0.116910
0.053482 -0.406246 -0.114799
0.050931 -0.384397 -0.114640
0.033226 -0.372434 -0.114930
-0.008343 -0.273922 -0.123434
0.020424 -0.317862 -0.102408
0.027768 -0.343836 -0.113008
0.066412 -0.372334 -0.101912
0.090916 -0.383633 -0.106803
0.109007 0.030987 -0.067706
0.174938 -0.021635 -0.048496
0.146873 -0.089095 -0.012690
0.066121 0.129820 -0.114903
-0.098396 0.066418 -0.109063
-0.077162 0.161802 -0.122172
-0.036794 0.173092 -0.116690
-0.067449 0.209828 -0.110120
-0.053417 0.208081 -0.110232
-0.059084 0.189950 -0.117184
-0.058504 0.170376 -0.121115
-0.085658 0.203372 -0.109761
-0.083073 0.214619 -0.105500
0.068894 0.211649 -0.100049
0.079158 0.195348 -0.105347
-0.162895 -0.086753 -0.050134
-0.197462 -0.008183 -0.071907
0.169756 -0.268409 -0.054161
0.173202 -0.155482 0.005743
-0.172172 -0.353730 -0.052140
-0.164678 -0.296249 -0.069148
-0.161018 -0.210094 -0.062364
-0.178638 -0.423533 -0.055762
-0.182309 -0.407701 -0.047553
0.196816 -0.387776 0.024056
0.157286 -0.413229 -0.057012
-0.125453 -0.434662 -0.071416
-0.145837 -0.422427 -0.068502
-0.162526 -0.418150 -0.070521
-0.152794 -0.388778 -0.073736
-0.141695 -0.405248 -0.071505
-0.127970 -0.386919 -0.087439
-0.135260 -0.391267 -0.073706
-0.138359 -0.370949 -0.076104
-0.136681 -0.342587 -0.092912
-0.129998 -0.365534 -0.092825
-0.138407 -0.353347 -0.080383
-0.155209 -0.326952 -0.075955
0.133609 -0.404783 -0.074123
0.140517 -0.395822 -0.056249
0.138777 -0.385889 -0.074593
0.148035 -0.334708 -0.069685
0.140574 -0.357703 -0.079757
0.151216 -0.368878 -0.055334
0.178641 -0.372135 -0.042681
0.176994 -0.390525 -0.044920
0.175513 -0.384106 -0.028618
0.103667 -0.420048 -0.100365
-0.041532 -0.425876 -0.105583
-0.058563 -0.426578 -0.100180
-0.028303 -0.403640 -0.111907
-0.011680 -0.429148 -0.093342
-0.010867 -0.447945 -0.091434
-0.097838 -0.395724 -0.094307
0.001444 -0.352685 -0.100171
0.022471 -0.361836 -0.097838
0.012393 -0.376475 -0.092187
0.065815 -0.299693 -0.119781
0.079997 -0.395837 -0.104293
0.108117 -0.365872 -0.098692
0.104599 -0.397913 -0.091361
0.104165 -0.382283 -0.097258
0.122045 -0.403573 -0.087578
0.150482 0.058058 -0.067308
0.208616 0.018913 -0.034090
0.174865 -0.048852 -0.003780
0.151735 -0.076774 0.024361
0.096071 0.159627 -0.101402
-0.136739 0.115893 -0.095604
-0.115294 0.157721 -0.107558
-0.030486 0.182919 -0.115767
-0.037222 0.154220 -0.121307
-0.018207 0.121279 -0.121018
-0.022409 0.139854 -0.122241
-0.073904 0.186168 -0.117722
-0.103394 0.204263 -0.102288
-0.166085 -0.099947 -0.026042
-0.191476 -0.056197 -0.029980
-0.228058 0.043202 -0.062148
0.184466 -0.234771 -0.004573
0.171799 -0.148214 0.035217
-0.182472 -0.351568 -0.038242
-0.179585 -0.323517 -0.048372
-0.174454 -0.381393 -0.054754
-0.176051 -0.261266 -0.048761
-0.176186 -0.202270 -0.036818
-0.160014 -0.152107 -0.045779
0.129361 -0.415841 -0.062636
0.147276 -0.371644 -0.071114
0.149601 -0.347934 -0.062709
0.184054 -0.317654 -0.040700
0.167663 -0.356330 -0.055441
0.166223 -0.328528 -0.055688
0.179038 -0.346076 -0.035078
0.166663 -0.300680 -0.066609
0.178324 -0.334521 -0.047389
0.172936 -0.307742 -0.051473
-0.011457 -0.399628 -0.103197
-0.024317 -0.366911 -0.117832
-0.009254 -0.379476 -0.108337
-0.023820 -0.386447 -0.114901
-0.009172 -0.360312 -0.112558
-0.030513 -0.317424 -0.124819
-0.008592 -0.331316 -0.116253
-0.022366 -0.417789 -0.104323
-0.089954 -0.411260 -0.092929
-0.072251 -0.390654 -0.097765
-0.052584 -0.372284 -0.106092
0.016520 -0.339130 -0.097973
0.004268 -0.326109 -0.104923
-0.004466 -0.303298 -0.120789
0.041801 -0.317141 -0.121157
0.094554 -0.368111 -0.105136
0.113214 -0.304303 -0.101034
0.118941 -0.355905 -0.081697
0.111990 -0.335964 -0.099251
0.175741 0.072161 -0.067991
0.187677 0.031548 -0.072113
0.144087 0.099759 -0.065040
0.191476 0.053371 -0.075448
0.165001 0.096678 -0.066134
0.223602 0.041080 -0.031218
0.207906 0.043403 -0.054870
0.217063 -0.012524 0.007294
0.194921 -0.035920 0.023440
0.157577 -0.070322 0.044709
0.160689 -0.099623 0.035321
0.170931 -0.058116 0.026990
0.112512 0.178247 -0.090764
0.122625 0.156560 -0.101610
0.091570 0.180744 -0.100362
-0.151052 0.140975 -0.083787
-0.156002 0.071989 -0.067994
-0.128044 0.179365 -0.096269
-0.115486 0.192612 -0.100319
-0.134013 0.154539 -0.095118
-0.096394 0.179979 -0.112788
-0.089518 0.191174 -0.112457
-0.138481 0.174161 -0.090935
-0.095924 0.155161 -0.118109
-0.108802 0.174436 -0.108479
-0.061698 0.107393 -0.124850
-0.047715 0.131690 -0.123918
-0.031780 0.129863 -0.122172
-0.036250 0.102108 -0.121265
-0.101285 0.115074 -0.113986
-0.074260 0.134728 -0.123706
-0.054000 0.151582 -0.123887
-0.103937 0.138872 -0.114745
-0.088475 0.125811 -0.119900
-0.120390 0.128828 -0.104899
-0.067422 0.147547 -0.124640
-0.179009 -0.093562 -0.009072
-0.182539 -0.077561 -0.019100
-0.169242 -0.119169 -0.020412
-0.197227 -0.046786 -0.008371
-0.223595 -0.024241 -0.019279
-0.234084 0.065173 -0.057341
0.187861 -0.233863 0.024637
0.168040 -0.145374 0.051234
0.179173 -0.175799 0.035693
-0.169872 -0.315631 -0.062661
-0.165991 -0.370053 -0.068373
-0.167331 -0.393021 -0.067279
-0.184436 -0.258956 -0.032568
-0.181701 -0.196067 -0.021519
-0.175280 -0.170056 -0.027457
-0.169234 -0.235864 -0.054761
-0.179383 -0.239741 -0.037752
-0.176101 -0.222600 -0.040613
0.194755 -0.296517 -0.001388
0.195720 -0.325884 0.004390
-0.000967 -0.369779 -0.099573
-0.028533 -0.342071 -0.120612
-0.040109 -0.354472 -0.108111
-0.079808 -0.329920 -0.109572
-0.062818 -0.348802 -0.115270
-0.075672 -0.368680 -0.108092
-0.056369 -0.315626 -0.116511
-0.087966 -0.375883 -0.095096
-0.040528 -0.328632 -0.111074
-0.065299 -0.330364 -0.118736
-0.066124 -0.405652 -0.096723
-0.046080 -0.393611 -0.111371
-0.061460 -0.386780 -0.109189
-0.015815 -0.315788 -0.120229
-0.024107 -0.291476 -0.126102
-0.043722 -0.297115 -0.122134
-0.083348 -0.269288 -0.121969
-0.066213 -0.289876 -0.123312
-0.076561 -0.308595 -0.117467
-0.045283 -0.243623 -0.125818
-0.120246 -0.298007 -0.104690
-0.029872 -0.264676 -0.125327
-0.061424 -0.262980 -0.126181
-0.098948 -0.311140 -0.111437
-0.045811 -0.261919 -0.126552
-0.052165 -0.280428 -0.126084
-0.105576 -0.336377 -0.100285
-0.090176 -0.354223 -0.098451
-0.103966 -0.281000 -0.113958
-0.036882 -0.280417 -0.127712
-0.112915 -0.317978 -0.105430
-0.136847 -0.311013 -0.096234
-0.077041 -0.348006 -0.105925
-0.090960 -0.295582 -0.117048
0.019400 -0.283311 -0.114386
0.028947 -0.325958 -0.113859
0.065628 -0.334047 -0.112017
0.064966 -0.352178 -0.101075
0.047010 -0.339226 -0.119660
0.145971 -0.279759 -0.081880
0.098565 -0.349452 -0.101395
0.087165 -0.321112 -0.101609
0.134713 -0.322856 -0.089441
0.136492 -0.346125 -0.085148
0.121382 -0.335505 -0.085122
0.147679 0.128451 -0.076638
0.103537 0.104369 -0.091748
0.137428 0.143618 -0.092247
0.125087 0.109050 -0.079854
0.116496 0.128994 -0.101005
0.122021 0.072376 -0.072960
0.128530 0.125679 -0.091169
0.090168 0.119130 -0.112231
0.103197 0.141734 -0.110191
0.083551 0.143668 -0.113966
0.129844 0.090438 -0.074622
0.219330 0.000804 0.023880
0.228328 0.028113 0.002495
0.194792 -0.035286 0.006099
0.185546 -0.033980 -0.021936
0.162282 -0.094320 0.051616
0.160820 -0.122760 0.040502
0.160857 -0.123779 0.011646
0.158644 -0.116264 0.027157
0.167772 -0.136013 0.022994
0.154179 -0.066024 0.001530
0.176269 -0.051856 0.013387
0.182801 -0.045201 0.034363
0.133816 0.172942 -0.095071
0.050894 0.161501 -0.116074
0.063900 0.149268 -0.116286
0.072343 0.167690 -0.110819
0.060870 0.179159 -0.112175
0.033953 0.171198 -0.112354
0.040554 0.184889 -0.110000
0.018316 0.146578 -0.117550
0.040930 0.142005 -0.117582
0.000639 0.132915 -0.119796
0.005461 0.168613 -0.112378
0.033226 0.157883 -0.116249
0.000440 0.145812 -0.117278
0.007939 0.109052 -0.119120
0.101496 0.196395 -0.090615
-0.158856 0.155392 -0.079053
-0.163473 0.119297 -0.070857
-0.149357 0.114727 -0.082201
-0.155576 0.098111 -0.069953
-0.183744 0.083762 -0.070594
-0.183225 0.039737 -0.086463
-0.199517 0.067466 -0.091336
-0.216686 0.046165 -0.083928
-0.175479 0.059689 -0.073219
-0.139935 0.137040 -0.093187
-0.147514 0.161483 -0.087413
-0.048772 0.114372 -0.123093
-0.015497 0.100268 -0.119810
-0.049842 0.051894 -0.117934
-0.122761 0.147122 -0.103427
-0.183187 -0.068216 -0.003232
-0.178401 -0.075128 -0.036255
-0.168439 -0.091388 -0.035912
-0.172783 -0.114439 -0.004201
-0.149469 -0.123623 -0.040122
-0.149367 -0.105436 -0.048087
-0.221811 -0.005856 -0.003884
-0.229530 0.046383 -0.020576
-0.191231 -0.041724 -0.054920
-0.172377 -0.066782 -0.056559
-0.190055 -0.051661 -0.043877
-0.162670 -0.051910 -0.072630
0.186600 -0.233393 0.040781
0.193638 -0.265447 0.021550
0.177730 -0.167918 0.019158
0.182464 -0.206087 0.008917
0.181134 -0.186690 0.019476
0.183589 -0.207038 0.031879
-0.167803 -0.339468 -0.064569
-0.181431 -0.291416 -0.045875
-0.157073 -0.404485 -0.072357
-0.168995 -0.142708 -0.022484
-0.169527 -0.188021 -0.046461
-0.168184 -0.166413 -0.040934
-0.154487 -0.182588 -0.068899
-0.160587 -0.191717 -0.060209
-0.148809 -0.244316 -0.081084
0.196653 -0.296223 0.022844
0.197460 -0.316154 0.021514
0.192409 -0.338149 -0.017551
0.194429 -0.362734 -0.020673
0.184636 -0.330056 -0.029441
0.190284 -0.307298 -0.020891
0.179697 -0.363811 -0.028599
0.186795 -0.270207 -0.021313
0.184371 -0.290253 -0.036668
0.196033 -0.321182 -0.011217
0.190811 -0.287725 -0.015698
0.192029 -0.269099 -0.000779
0.174105 -0.286931 -0.050653
-0.118965 -0.347616 -0.097632
-0.124267 -0.270409 -0.102911
-0.136298 -0.255364 -0.093314
-0.142451 -0.282621 -0.090319
-0.103163 -0.252840 -0.114123
-0.102897 -0.189796 -0.103748
-0.079491 -0.223324 -0.119507
-0.109261 -0.220758 -0.108305
-0.065438 -0.239687 -0.124758
-0.085692 -0.244424 -0.120660
-0.112540 -0.237243 -0.108526
-0.094707 -0.228695 -0.115732
-0.091822 -0.207075 -0.112862
-0.142131 -0.324788 -0.086689
0.031855 -0.301568 -0.111113
0.047739 -0.274531 -0.119077
0.046095 -0.295927 -0.121623
0.002427 -0.286163 -0.115025
0.059229 -0.318475 -0.121303
0.070339 -0.314255 -0.107119
0.093063 -0.286614 -0.110912
0.156129 -0.281670 -0.072321
0.149589 -0.307802 -0.077314
0.139314 -0.302503 -0.088054
0.077259 -0.337590 -0.099198
0.103450 -0.320772 -0.098562
0.054307 0.066027 -0.104891
0.248075 0.072980 0.008072
0.146702 -0.058982 -0.041005
0.197849 -0.007164 -0.025474
0.220785 0.017291 -0.015010
0.155249 -0.098670 0.011619
0.149747 -0.116838 -0.013636
0.145541 -0.084470 0.006523
0.152975 -0.113808 0.002388
0.144253 -0.100633 -0.001192
0.161443 -0.069144 0.015999
-0.014284 0.168920 -0.117973
0.023308 0.126256 -0.118623
0.044282 0.121897 -0.117060
0.061827 0.097658 -0.114891
0.057914 0.114616 -0.116047
-0.049779 0.080798 -0.120531
-0.024912 0.074773 -0.116591
-0.158432 -0.114648 -0.026865
-0.131673 -0.092734 -0.077255
-0.151635 -0.078731 -0.069010
-0.233539 0.054646 -0.038947
-0.227807 0.000433 -0.047070
-0.223395 -0.020341 -0.036738
-0.179179 -0.034052 -0.070785
0.184944 -0.221273 0.011914
-0.173800 -0.281712 -0.056673
-0.160482 -0.265565 -0.071074
-0.161160 -0.135752 -0.031437
-0.159336 -0.231790 -0.067381
0.189534 -0.247193 0.008093
-0.124640 -0.328367 -0.100853
-0.133565 -0.299084 -0.096828
-0.150308 -0.298821 -0.083627
-0.122985 -0.142444 -0.075844
0.163554 -0.042928 -0.038777
0.169002 -0.047710 -0.022086
0.141888 -0.039129 -0.071161
0.156557 -0.035242 -0.058999
0.139758 -0.000634 -0.078381
0.145865 -0.021482 -0.073613
0.217226 -0.012247 -0.009814
0.030733 0.088323 -0.113994
0.027314 0.108089 -0.117466
0.081295 0.097160 -0.101887
0.097899 0.069913 -0.092130
0.069988 0.079616 -0.107272
-0.049339 0.097478 -0.121981
-0.072741 0.068677 -0.118861
-0.036923 0.086217 -0.119384
0.013434 0.017412 -0.102767
-0.005455 -0.115314 -0.094297
-0.040803 -0.167826 -0.105033
-0.063176 -0.193407 -0.114078
-0.075402 -0.205488 -0.116011
-0.051209 -0.217574 -0.121649
-0.038642 0.065646 -0.117539
-0.013088 0.040336 -0.109612
-0.023574 0.056335 -0.113455
-0.000793 0.059400 -0.112740
0.017574 0.070911 -0.110871
0.007284 0.037920 -0.107662
0.036114 0.070243 -0.108057
0.048553 0.083799 -0.112050
0.038874 0.035917 -0.097927
0.026157 0.051347 -0.105107
0.042973 0.052755 -0.102511
0.074396 0.034322 -0.087609
0.060411 0.047354 -0.096790
0.079746 0.055135 -0.094105
0.096581 0.048123 -0.079408
0.023210 0.031499 -0.102616
0.114044 0.052549 -0.068953
-0.143637 -0.096381 -0.062359
-0.123654 -0.115416 -0.066863
-0.161489 -0.066174 -0.068178
-0.137120 -0.072081 -0.080879
-0.065410 -0.072078 -0.090476
-0.095724 -0.086108 -0.074313
-0.115445 -0.083733 -0.079595
-0.110140 -0.057709 -0.072916
-0.102365 -0.115497 -0.084879
-0.122825 -0.066571 -0.077557
-0.115022 -0.101792 -0.082755
-0.168292 -0.253381 -0.058931
-0.148871 -0.262664 -0.083039
0.150311 -0.057821 -0.018111
0.148533 -0.073150 -0.017004
0.116178 -0.086010 -0.040629
0.131852 -0.083213 -0.025940
0.134774 -0.105716 -0.024450
0.129982 -0.070430 -0.042552
0.138991 -0.066360 -0.028323
0.140991 -0.135618 -0.042469
0.117556 -0.077152 -0.058813
0.133746 -0.059949 -0.059336
0.141848 -0.121323 -0.029370
0.065766 -0.126090 -0.079913
0.080259 -0.089302 -0.082456
0.100680 -0.079884 -0.074657
0.097268 -0.109188 -0.057647
0.088975 -0.092331 -0.065808
0.102112 -0.091225 -0.052078
0.079085 -0.113697 -0.067028
0.014536 0.094020 -0.116205
0.112516 0.085019 -0.087137
-0.057650 0.066774 -0.119883
-0.088812 0.089835 -0.117498
-0.069935 0.088940 -0.122123
-0.040636 -0.193334 -0.114367
-0.003034 -0.223143 -0.119417
-0.011747 -0.247001 -0.123893
-0.028264 -0.245177 -0.124811
-0.138941 -0.130163 -0.060024
-0.088757 -0.063085 -0.084686
-0.123659 0.004581 -0.073708
-0.150704 -0.011935 -0.076800
-0.169890 -0.018859 -0.082220
-0.172754 0.007834 -0.086415
-0.149950 0.020846 -0.067275
-0.157498 0.043078 -0.066467
-0.124535 0.053091 -0.081599
-0.138712 0.041186 -0.071381
-0.137645 0.082707 -0.081364
-0.142742 0.063386 -0.073709
-0.123842 0.077979 -0.102137
-0.120674 0.103476 -0.102637
-0.104240 0.090293 -0.107570
-0.111337 -0.128268 -0.076723
-0.087192 -0.154208 -0.095200
-0.106764 -0.150950 -0.087742
-0.095794 -0.136003 -0.087757
-0.062601 -0.119406 -0.088967
-0.077259 -0.135138 -0.088589
-0.098545 -0.170065 -0.098806
-0.076248 -0.173730 -0.105400
-0.123229 -0.171746 -0.088057
-0.083230 -0.108031 -0.085950
-0.088702 -0.122866 -0.080774
-0.056636 -0.146417 -0.095353
-0.057698 -0.173544 -0.107217
-0.085951 -0.189430 -0.109390
-0.064892 -0.133609 -0.095863
-0.069700 -0.156285 -0.099885
-0.026826 -0.216522 -0.120007
-0.005036 -0.180923 -0.108500
0.020996 -0.246764 -0.122195
0.009813 -0.264693 -0.118650
0.004597 -0.248177 -0.124009
-0.149231 -0.142515 -0.054309
-0.151957 -0.161882 -0.060988
-0.137450 -0.155221 -0.071624
-0.138178 -0.179847 -0.080559
-0.137526 -0.215573 -0.087921
-0.148841 -0.224327 -0.078220
-0.136720 -0.235104 -0.090828
-0.142681 -0.196060 -0.080428
-0.122926 -0.201073 -0.096826
-0.123981 -0.219143 -0.098910
-0.109001 -0.204635 -0.105179
-0.147199 -0.119580 -0.051240
-0.097409 -0.069048 -0.074231
-0.071934 -0.007855 -0.107315
-0.098295 -0.025901 -0.080943
-0.125377 -0.029456 -0.068553
-0.154462 -0.036179 -0.081869
-0.139732 -0.000455 -0.066906
-0.111781 0.045406 -0.101707
-0.079829 0.029494 -0.110289
-0.112165 0.025931 -0.084294
-0.094333 0.043202 -0.107352
-0.097640 0.017586 -0.102533
-0.103850 -0.002161 -0.084545
-0.081332 0.009434 -0.106903
-0.089375 -0.009217 -0.099293
-0.073747 -0.041164 -0.096530
-0.135364 0.094894 -0.096542
-0.094448 -0.104845 -0.075682
-0.080847 -0.085370 -0.087081
-0.061617 -0.095906 -0.086218
-0.029439 -0.078355 -0.102779
-0.037783 -0.110512 -0.097123
-0.049371 -0.082062 -0.099199
-0.050040 -0.107942 -0.087974
-0.044661 -0.129802 -0.088434
-0.052669 -0.053289 -0.106416
-0.037359 -0.093105 -0.101395
-0.018308 -0.096872 -0.093663
-0.022752 -0.128815 -0.090478
-0.038301 -0.148524 -0.096536
-0.019641 -0.161251 -0.101630
-0.042187 -0.067908 -0.105690
-0.014935 -0.022925 -0.104289
-0.031598 -0.042426 -0.106868
0.026993 -0.075538 -0.079148
-0.023499 -0.112291 -0.091985
-0.024208 -0.181432 -0.109768
-0.023665 -0.145382 -0.096366
0.010503 -0.150692 -0.095015
-0.006499 -0.149985 -0.096151
0.001098 -0.134050 -0.094335
0.002909 -0.165233 -0.101853
0.024734 -0.114357 -0.081088
0.055462 -0.187972 -0.105661
0.010865 -0.119734 -0.089568
0.024775 -0.189813 -0.109132
0.008800 -0.087999 -0.093477
0.022437 -0.168280 -0.101103
-0.012737 -0.200423 -0.114805
-0.002301 -0.098636 -0.090939
-0.009431 -0.076201 -0.098347
0.035395 -0.145020 -0.089157
0.022432 -0.132036 -0.085112
0.038214 -0.178550 -0.103836
0.036454 -0.161553 -0.096639
0.066386 -0.158446 -0.091007
0.049879 -0.155263 -0.091961
0.050230 -0.136405 -0.083131
0.058642 -0.171525 -0.098142
0.036355 -0.126905 -0.088751
0.104047 -0.193313 -0.095312
0.043887 -0.099761 -0.086857
0.079908 -0.188320 -0.101603
0.007442 -0.199143 -0.113020
-0.021607 -0.059862 -0.103339
0.008822 -0.059924 -0.093236
0.048987 -0.118161 -0.079708
0.060784 -0.102787 -0.073754
0.028395 -0.219085 -0.116253
-0.017607 -0.230577 -0.121881
-0.038550 -0.227715 -0.123243
-0.151163 -0.204432 -0.073297
-0.116891 -0.187577 -0.096868
-0.097617 -0.046756 -0.076704
-0.124772 -0.047124 -0.072652
-0.114497 -0.015533 -0.074216
-0.067275 0.045358 -0.116435
-0.046240 0.011982 -0.113902
-0.063462 0.009125 -0.112472
-0.053306 0.031926 -0.115795
-0.032797 0.035327 -0.113476
-0.014959 0.009545 -0.106760
-0.019605 0.026326 -0.109653
-0.075030 -0.056854 -0.089594
-0.086562 -0.027727 -0.093692
-0.059666 -0.029767 -0.108557
-0.051497 -0.010208 -0.112548
-0.031065 -0.006599 -0.109746
-0.043451 -0.028230 -0.110903
0.101887 -0.149547 -0.077374
0.027384 -0.095598 -0.079634
0.090067 -0.212986 -0.107366
0.015266 -0.074917 -0.088191
0.037513 -0.029200 -0.087041
0.077556 -0.040865 -0.076108
0.106515 -0.019708 -0.075955
0.126897 -0.013425 -0.079734
0.109826 0.004377 -0.069997
0.095266 -0.057864 -0.082623
0.074129 -0.002137 -0.077768
0.088389 0.017729 -0.073540
0.127459 0.018406 -0.069010
0.149826 0.025268 -0.076671
0.073383 -0.064462 -0.082711
0.097153 -0.037985 -0.078461
0.082463 -0.022244 -0.071841
0.120386 -0.036840 -0.080016
0.059308 -0.023711 -0.081033
0.092279 -0.006027 -0.070705
0.087063 -0.074380 -0.082717
0.053528 -0.077077 -0.085710
0.108783 -0.049884 -0.080938
0.013828 -0.229753 -0.119761
0.041896 -0.202949 -0.111795
0.065360 -0.212794 -0.112432
-0.086705 -0.043792 -0.087686
0.085378 -0.133583 -0.074814
0.103203 -0.130260 -0.066784
0.082713 -0.151667 -0.084327
0.120141 -0.119124 -0.049914
0.115551 -0.101096 -0.049076
0.124892 -0.145929 -0.063449
0.099742 -0.170641 -0.088066
0.067431 -0.143282 -0.083573
0.119139 -0.166110 -0.077259
0.092665 -0.182252 -0.095925
0.137165 -0.165817 -0.063650
0.082055 -0.167385 -0.092002
0.138157 -0.149084 -0.054526
0.143415 -0.219605 -0.074129
0.146053 -0.194248 -0.065081
0.091755 -0.197943 -0.102023
0.026251 -0.049733 -0.085060
0.132645 0.041589 -0.065693
0.133280 0.061281 -0.062724
0.164565 0.041185 -0.075458
0.178374 0.001980 -0.067385
0.054024 -0.048064 -0.074600
0.040949 0.001274 -0.092426
0.067823 -0.078999 -0.083800
0.041336 -0.083465 -0.081352
0.040152 -0.063152 -0.076488
0.069108 -0.197245 -0.107321
0.078066 -0.225044 -0.113335
0.061220 -0.248205 -0.119148
0.116881 -0.131812 -0.060068
0.117671 -0.231053 -0.097882
0.170365 -0.208351 -0.031982
0.176559 -0.187380 -0.008971
0.127354 -0.201808 -0.084246
0.129602 -0.183338 -0.076154
0.114477 -0.182406 -0.086074
0.019607 -0.061806 -0.084266
0.006137 -0.032945 -0.093349
0.195526 0.018133 -0.054476
0.162977 -0.014213 -0.068291
0.153918 0.007048 -0.074152
0.063128 -0.037963 -0.073857
0.057984 -0.062933 -0.081483
0.039542 -0.045414 -0.081109
0.045118 -0.015981 -0.087617
0.057071 -0.003430 -0.085214
0.062834 0.017036 -0.085111
0.078349 -0.267409 -0.116641
0.076914 -0.286071 -0.114943
0.062641 -0.266836 -0.122509
0.040514 -0.252620 -0.119832
0.027066 -0.265604 -0.118867
0.034107 -0.235337 -0.119564
0.100936 -0.228272 -0.106318
0.111260 -0.211431 -0.097107
0.160143 -0.194498 -0.046609
0.167465 -0.170229 -0.025132
0.159523 -0.218833 -0.054413
0.167869 -0.189943 -0.031965
0.150906 -0.208847 -0.063583
0.173821 -0.244208 -0.038834
0.153865 -0.249647 -0.069182
0.168248 -0.225089 -0.042136
0.152635 -0.230149 -0.066237
0.165237 -0.268141 -0.059833
0.178901 -0.216219 -0.013074
0.181272 -0.217696 -0.005379
0.178051 -0.232108 -0.023984
0.183395 -0.248922 -0.018552
0.178539 -0.260375 -0.036391
0.139246 -0.205310 -0.074936
0.129637 -0.219823 -0.086791
0.135100 -0.247889 -0.087033
0.012804 -0.047053 -0.089076
-0.006711 -0.046475 -0.100924
0.000753 -0.008240 -0.099324
0.000168 0.009362 -0.102023
0.018946 -0.018554 -0.094237
-0.002449 0.026290 -0.105638
0.054228 0.032585 -0.092135
0.048435 -0.222004 -0.116117
0.156630 -0.144534 -0.028287
0.160563 -0.132703 -0.007430
0.167030 -0.139557 0.004170
0.173148 -0.169205 -0.009062
0.144659 -0.260652 -0.080891
0.113616 -0.263422 -0.103321
0.129718 -0.274565 -0.093810
0.103184 -0.249209 -0.108193
0.116816 -0.284031 -0.104559
0.094503 -0.266577 -0.112157
0.062263 -0.230491 -0.116954
0.149807 -0.150931 -0.043104
0.122215 -0.248051 -0.097157
0.127130 -0.295401 -0.094966
-0.114361 -0.408494 -0.089886
-0.113516 -0.423357 -0.085395
-0.112426 -0.382391 -0.095111
0.023145 0.000056 -0.097380
-0.236107 0.101418 0.001515
-0.279890 0.111293 0.002292
-0.310303 0.117307 -0.001246
-0.338250 0.122240 -0.005215
-0.338465 0.144706 0.007946
-0.338886 0.176666 0.014986
-0.341622 0.207374 0.018323
-0.348755 0.232319 0.011005
-0.357943 0.249226 -0.007316
-0.365716 0.255389 -0.026356
-0.370804 0.251128 -0.046690
-0.367739 0.240475 -0.063693
-0.362963 0.220774 -0.071564
-0.355228 0.195798 -0.070274
-0.348071 0.169590 -0.080605
-0.341959 0.137922 -0.075451
-0.341039 0.120545 -0.050855
-0.340367 0.113376 -0.026457
-0.090149 0.247527 -0.085762
-0.106973 0.267154 -0.061382
-0.113714 0.282260 -0.026474
-0.115444 0.280398 0.005566
-0.152172 0.272588 -0.029140
-0.130774 0.274218 -0.036613
-0.119683 0.274944 -0.042514
-0.113783 0.252189 -0.073251
-0.274263 0.122037 -0.051999
-0.325161 0.131418 0.000684
-0.280530 0.188813 0.021781
-0.243822 0.257899 -0.045566
-0.154701 0.280292 0.017304
-0.146786 0.246400 -0.062953
-0.104325 0.238149 -0.086557
-0.128407 0.245093 -0.072290
-0.243135 0.098202 -0.046522
-0.236918 0.176523 -0.082323
-0.267957 0.144193 0.024847
-0.300208 0.140114 0.014617
-0.243560 0.189079 0.028629
-0.225990 0.259743 0.013025
-0.147592 0.267927 0.035900
-0.135628 0.279922 0.016113
-0.168893 0.266367 0.032526
-0.126611 0.281656 -0.010606
-0.137228 0.226689 -0.079227
-0.155664 0.222186 -0.074331
-0.119426 0.231173 -0.083887
-0.223139 0.085356 -0.047631
-0.230838 0.112360 -0.078675
-0.196974 0.209671 -0.072012
-0.261559 0.120102 0.013913
-0.229547 0.128250 0.009967
-0.251949 0.162986 0.011131
-0.223415 0.163929 0.034401
-0.227597 0.201821 0.033329
-0.225438 0.155057 0.027328
-0.207875 0.232541 0.037374
-0.131973 0.269425 0.032970
-0.159401 0.252320 0.044530
-0.179202 0.251380 0.040431
-0.124635 0.277239 0.016966
-0.145989 0.208868 -0.082144
-0.164492 0.202780 -0.077493
-0.225194 0.092398 -0.081907
-0.209253 0.131967 -0.082687
-0.218784 0.179242 0.040218
-0.216739 0.210771 0.037675
-0.196027 0.214960 0.045075
-0.198362 0.273907 -0.025558
-0.178415 0.229704 -0.066893
-0.191224 0.274421 0.011508
-0.167358 0.220167 -0.072053
-0.179393 0.207529 -0.073416
-0.181342 0.265240 0.029094
-0.176118 0.180940 -0.074249
-0.323881 0.113701 -0.014877
-0.309704 0.121989 -0.061342
-0.315525 0.107734 -0.036221
-0.294628 0.185304 -0.071278
-0.311747 0.217742 0.019802
-0.302327 0.246710 -0.048407
-0.142569 0.260324 -0.051876
-0.139216 0.269460 -0.040879
-0.142584 0.281295 -0.009912
-0.155501 0.281577 -0.006658
-0.175956 0.275446 -0.023130
-0.172937 0.281175 0.002795
-0.164930 0.277702 -0.020369
-0.158935 0.263162 -0.041873
-0.145079 0.281664 0.009510
-0.183042 0.279624 -0.005409
-0.166172 0.277533 0.020457
-0.164373 0.244896 -0.058913
-0.174063 0.260612 -0.043905
-0.187303 0.268316 -0.035669
-0.185321 0.250020 -0.054383
-0.195933 0.234440 -0.064748
-0.228354 0.229766 -0.068627
-0.203267 0.256991 -0.050592
-0.210329 0.223951 -0.069833
-0.218131 0.198310 -0.073092
-0.217065 0.246839 -0.058818
-0.221982 0.215806 -0.072321
-0.205905 0.241974 -0.061683
-0.233240 0.247256 -0.058304
-0.220502 0.268743 -0.032137
-0.271026 0.225452 -0.069334
-0.214043 0.260993 -0.045786
-0.229665 0.260685 -0.045246
-0.255591 0.241115 -0.060886
-0.248006 0.223023 -0.070897
-0.278780 0.242253 -0.056964
-0.242522 0.236272 -0.065115
-0.264681 0.192334 -0.073393
-0.263024 0.252374 -0.047646
-0.261187 0.212507 -0.073696
-0.243930 0.201805 -0.074799
-0.254577 0.260730 -0.012437
-0.235125 0.214654 -0.072805
-0.253964 0.260933 -0.031438
-0.235628 0.266900 -0.026125
-0.279840 0.256603 -0.032779
-0.226777 0.269885 -0.009761
-0.264463 0.259040 -0.024650
-0.281348 0.242882 0.006789
-0.277682 0.253944 -0.011498
-0.279610 0.251162 -0.045877
-0.238974 0.264510 -0.004898
-0.208009 0.267353 0.013677
-0.194668 0.261834 0.026629
-0.201725 0.249146 0.033358
-0.243744 0.243908 0.019164
-0.212885 0.273702 -0.011772
-0.214344 0.258555 0.020790
-0.187291 0.231355 0.045598
-0.238103 0.253870 0.012634
-0.229415 0.236519 0.027975
-0.234096 0.225751 0.030389
-0.255867 0.226453 0.024284
-0.203382 0.274250 0.001098
-0.208153 0.270184 -0.031595
-0.257665 0.109531 -0.017728
-0.303331 0.176957 0.024853
-0.320565 0.158637 0.011624
-0.248581 0.120398 -0.067625
-0.268153 0.158930 -0.066491
-0.237895 0.145000 -0.080066
-0.265329 0.137952 -0.061710
-0.251787 0.166748 -0.075212
-0.223340 0.153924 -0.081100
-0.250473 0.184760 -0.075851
-0.277309 0.169464 0.015295
-0.259190 0.184813 0.019576
-0.278259 0.219216 0.024054
-0.192161 0.158724 -0.071493
-0.328493 0.124256 -0.062714
-0.321014 0.154513 -0.073254
-0.332800 0.112488 -0.038765
-0.291887 0.105092 -0.044931
-0.268296 0.102025 -0.042770
-0.291713 0.101909 -0.020485
-0.323389 0.209287 -0.072871
-0.330947 0.220329 0.017334
-0.319318 0.198068 0.020170
-0.326254 0.239356 0.004639
-0.336663 0.247248 -0.052575
-0.127172 0.258716 -0.061327
-0.220740 0.245972 0.027233
-0.241981 0.207352 0.029707
-0.261548 0.248306 0.007739
-0.252336 0.255084 0.003371
-0.264348 0.256498 -0.006817
-0.267975 0.239112 0.014210
-0.237233 0.090526 -0.010480
-0.264166 0.098849 -0.005205
-0.293533 0.155625 0.023834
-0.299181 0.196567 0.024503
-0.293604 0.215774 0.023715
-0.260089 0.209693 0.026842
-0.196954 0.136981 -0.070933
-0.198883 0.182688 -0.069920
-0.187174 0.193161 -0.074614
-0.208198 0.165496 -0.074006
-0.224544 0.180503 -0.072994
-0.294905 0.143535 -0.062914
-0.292149 0.123644 -0.057302
-0.305738 0.167767 -0.072250
-0.317118 0.189282 -0.072557
-0.286560 0.165355 -0.067687
-0.335863 0.198671 -0.071995
-0.274835 0.101785 -0.027494
-0.293801 0.110473 -0.008002
-0.309454 0.110703 -0.022761
-0.304432 0.229347 -0.066646
-0.343795 0.241177 0.003218
-0.314740 0.250933 -0.018097
-0.356834 0.247340 -0.054373
-0.342080 0.254677 -0.034759
-0.339239 0.232048 -0.066815
-0.329561 0.175565 -0.075501
-0.295808 0.238925 -0.057921
-0.317921 0.240490 -0.057981
-0.293865 0.249454 -0.010118
-0.300646 0.255287 -0.028007
-0.306594 0.242460 0.000569
-0.293871 0.232533 0.013154
-0.295105 0.252286 -0.037644
-0.320546 0.254014 -0.032021
-0.339058 0.251646 -0.015717
-0.320935 0.223604 -0.069576
-0.342432 0.218241 -0.071953
-0.309382 0.231046 0.013134
-0.284357 0.206955 -0.073673
-0.302845 0.203086 -0.073200
-0.288272 0.222523 -0.069943
-0.319587 0.249046 -0.043682
-0.166842 -0.591993 -0.128094
-0.167631 -0.315405 -0.092857
-0.167407 -0.258804 -0.092765
-0.165754 -0.232424 -0.092187
-0.154752 -0.115647 -0.066261
-0.057140 -0.121827 -0.105550
-0.024256 -0.120130 -0.105915
-0.012528 -0.118524 -0.106413
0.005493 -0.118565 -0.105064
0.027756 -0.115414 -0.102175
0.063296 -0.108933 -0.097331
0.076044 -0.109881 -0.094812
0.078997 -0.129343 -0.096744
0.108956 -0.189187 -0.110509
0.107324 -0.192576 -0.111298
0.107772 -0.200104 -0.111495
0.121562 -0.282160 -0.126805
0.125840 -0.528855 -0.157534
0.116930 -0.735315 -0.160620
0.122714 -0.740789 -0.176159
0.054626 -0.741034 -0.169358
0.033485 -0.740070 -0.159220
-0.046465 -0.736546 -0.137951
-0.072607 -0.733733 -0.139614
-0.080560 -0.737015 -0.152431
-0.089938 -0.736727 -0.148476
-0.091399 -0.736383 -0.144629
-0.093373 -0.735546 -0.139013
-0.096943 -0.734348 -0.128494
-0.067456 -0.732503 -0.111358
-0.059633 -0.732034 -0.097589
-0.064138 -0.734201 -0.096604
-0.102064 -0.742414 -0.100451
-0.103279 -0.742225 -0.111559
-0.104004 -0.742443 -0.113682
-0.107308 -0.742930 -0.120088
-0.109900 -0.743419 -0.124176
-0.119544 -0.745435 -0.130196
-0.128815 -0.304811 -0.123368
-0.037250 -0.292512 -0.145198
0.036180 -0.294596 -0.144539
0.051698 -0.301698 -0.144451
0.113058 -0.299903 -0.128344
-0.161402 -0.206456 -0.090281
-0.109219 -0.203154 -0.122699
-0.062839 -0.204797 -0.134356
-0.050303 -0.204387 -0.135342
-0.036071 -0.203732 -0.135141
-0.021428 -0.203201 -0.134217
-0.011810 -0.203780 -0.133963
0.052458 -0.200539 -0.126985
0.064431 -0.199227 -0.124598
0.084825 -0.199463 -0.119929
0.095158 -0.199352 -0.117041
0.129147 -0.714503 -0.176504
0.033068 -0.717596 -0.157449
-0.061849 -0.708128 -0.101207
-0.063672 -0.714599 -0.096241
-0.067963 -0.716554 -0.093194
-0.076358 -0.715100 -0.091922
-0.090241 -0.714905 -0.086439
-0.108235 -0.723466 -0.101768
-0.111713 -0.722127 -0.114166
0.096342 -0.192236 -0.114232
0.102860 -0.196870 -0.113185
-0.044305 -0.158370 -0.119260
0.090589 -0.311626 -0.134766
0.074458 -0.208062 -0.126843
0.095372 -0.203890 -0.119319
0.097468 -0.207855 -0.121044
-0.035646 -0.177191 -0.127145
-0.095158 -0.711881 -0.137045
-0.119533 -0.726141 -0.128919
-0.154113 -0.177191 -0.091198
-0.153685 -0.277642 -0.106654
-0.132933 -0.324143 -0.116346
-0.141210 -0.380778 -0.110974
-0.163965 -0.215593 -0.090356
-0.145693 -0.737986 -0.131683
0.038734 -0.712191 -0.163311
0.027264 -0.739970 -0.147470
0.008084 -0.740433 -0.153688
0.017014 -0.322177 -0.142013
0.014810 -0.278594 -0.145659
0.092906 -0.201410 -0.118678
0.099082 -0.187332 -0.112253
0.037378 -0.119983 -0.102624
-0.005383 -0.181089 -0.126536
-0.109961 -0.216448 -0.125282
-0.138903 -0.130823 -0.079855
-0.133757 -0.120866 -0.084037
-0.018885 -0.742126 -0.145554
-0.032339 -0.740027 -0.141416
-0.054391 -0.735568 -0.137594
-0.093916 -0.726171 -0.141194
-0.062956 -0.721606 -0.105855
-0.065202 -0.727155 -0.094495
-0.070058 -0.725947 -0.091399
-0.148424 -0.640666 -0.132328
-0.113405 -0.730047 -0.122254
-0.138066 -0.445991 -0.117906
-0.151574 -0.168475 -0.088931
-0.160672 -0.299772 -0.101054
0.116333 -0.721530 -0.180023
0.129570 -0.663136 -0.176706
0.111538 -0.741888 -0.183372
0.068709 -0.740697 -0.175411
0.042329 -0.740786 -0.163616
0.110618 -0.289598 -0.129911
0.078523 -0.201576 -0.122319
0.080149 -0.203737 -0.123059
0.070465 -0.204779 -0.125755
0.087686 -0.206648 -0.122700
0.086809 -0.210034 -0.124670
0.079451 -0.228021 -0.135106
0.093509 -0.174058 -0.109586
0.067594 -0.194382 -0.122313
0.017567 -0.193578 -0.129126
-0.020973 -0.209412 -0.135999
-0.060100 -0.705205 -0.148337
-0.072587 -0.721299 -0.148668
-0.087759 -0.719632 -0.155268
-0.092287 -0.715460 -0.149777
-0.094665 -0.712035 -0.145458
-0.059046 -0.730285 -0.104161
-0.077073 -0.737511 -0.086123
-0.109236 -0.724553 -0.111792
-0.116729 -0.736055 -0.128370
-0.107479 -0.736020 -0.116254
-0.109469 -0.736597 -0.120378
-0.110836 -0.728947 -0.117403
-0.125681 -0.734106 -0.131359
-0.132553 -0.747920 -0.133456
-0.164733 -0.730678 -0.128811
-0.135683 -0.711506 -0.126882
-0.152267 -0.415258 -0.108512
-0.103581 -0.194084 -0.122911
-0.160130 -0.164794 -0.078189
-0.136212 -0.208290 -0.111379
-0.151861 -0.182894 -0.094218
-0.133791 -0.196959 -0.111544
-0.159977 -0.192408 -0.089673
0.136827 -0.703038 -0.170987
0.101246 -0.742052 -0.188921
0.050843 -0.305639 -0.143791
0.085925 -0.289794 -0.137201
0.083990 -0.252065 -0.142217
0.063583 -0.202435 -0.125993
0.051409 -0.203685 -0.128154
0.042482 -0.201224 -0.128378
0.009394 -0.207091 -0.131426
0.081400 -0.191594 -0.118040
0.087190 -0.147053 -0.102996
0.069043 -0.190972 -0.121079
0.029763 -0.198300 -0.129437
0.041379 -0.196337 -0.127366
-0.003044 -0.121677 -0.106271
0.010206 -0.122574 -0.105561
0.024478 -0.122114 -0.104216
0.028638 -0.117845 -0.102744
0.099987 -0.137694 -0.093355
0.045542 -0.115796 -0.100971
0.088382 -0.115924 -0.092563
-0.052818 -0.207507 -0.136440
-0.076947 -0.212941 -0.134515
-0.014898 -0.206202 -0.134759
-0.025378 -0.207194 -0.135939
-0.077014 -0.120013 -0.103139
-0.146947 -0.158021 -0.088080
-0.143738 -0.138743 -0.079567
-0.114000 -0.120892 -0.093489
-0.083838 -0.731021 -0.154452
-0.069320 -0.713935 -0.107635
-0.059917 -0.719870 -0.101132
-0.092654 -0.740948 -0.092123
-0.070527 -0.693705 -0.092021
-0.164335 -0.629635 -0.129204
-0.124204 -0.719279 -0.129231
-0.118601 -0.715265 -0.126565
-0.149109 -0.475947 -0.115839
-0.111259 -0.289406 -0.133575
-0.100395 -0.308054 -0.134908
-0.151024 -0.302784 -0.108443
-0.145806 -0.326187 -0.107944
-0.135595 -0.315103 -0.116100
-0.148749 -0.330963 -0.105632
-0.154842 -0.315026 -0.102935
0.103368 -0.697950 -0.184504
0.078674 -0.741205 -0.179591
0.109022 -0.501892 -0.156276
0.103709 -0.396333 -0.127446
-0.040865 -0.306574 -0.143205
0.027724 -0.307023 -0.143649
0.049836 -0.324436 -0.140312
0.061480 -0.207394 -0.128187
0.024840 -0.206547 -0.131453
0.021982 -0.202184 -0.131882
0.010582 -0.203509 -0.131824
0.090835 -0.134688 -0.093824
0.031032 -0.194586 -0.127923
0.021009 -0.197414 -0.130179
0.039589 -0.179795 -0.121530
0.018361 -0.199424 -0.131270
0.054847 -0.187418 -0.122524
0.046333 -0.195145 -0.126540
0.043784 -0.136125 -0.105821
-0.038913 -0.206748 -0.136350
-0.045779 -0.211583 -0.139066
-0.066459 -0.208900 -0.134986
-0.061744 -0.216763 -0.138404
-0.021934 -0.204778 -0.135111
-0.017215 -0.216815 -0.137766
-0.016465 -0.197764 -0.133058
0.009560 -0.199119 -0.131961
-0.004470 -0.198817 -0.132374
-0.049710 -0.122168 -0.106107
-0.102406 -0.121736 -0.098743
-0.102377 -0.213082 -0.126857
-0.075743 -0.290950 -0.144973
-0.144215 -0.145573 -0.084401
-0.142931 -0.687411 -0.122279
-0.135778 -0.670086 -0.125725
-0.141163 -0.650997 -0.124416
-0.116169 -0.726512 -0.125793
-0.073704 -0.317859 -0.139546
-0.097586 -0.201727 -0.127264
-0.163158 -0.267863 -0.096041
-0.162703 -0.282803 -0.098480
-0.163905 -0.378958 -0.094679
-0.156401 -0.331377 -0.100754
-0.160401 -0.314795 -0.098730
-0.128782 -0.190058 -0.110817
-0.129662 -0.176408 -0.105829
-0.133372 -0.186374 -0.106627
0.116262 -0.688959 -0.183039
0.046127 -0.713540 -0.170549
-0.151551 -0.544261 -0.126249
0.094839 -0.347614 -0.127153
0.043494 -0.336207 -0.139639
0.020397 -0.329009 -0.141098
0.015347 -0.294246 -0.145094
0.045585 -0.208016 -0.130379
0.004893 -0.212173 -0.134858
-0.004154 -0.207455 -0.134033
0.075314 -0.176275 -0.114169
0.083739 -0.164914 -0.109090
0.074447 -0.170928 -0.112724
-0.014612 -0.124754 -0.106969
0.000377 -0.126766 -0.107400
0.070420 -0.136440 -0.100245
-0.039119 -0.209513 -0.137599
-0.009071 -0.210386 -0.135371
-0.074392 -0.200788 -0.131868
-0.067391 -0.187939 -0.131286
-0.073345 -0.188601 -0.129902
-0.066822 -0.197310 -0.132245
-0.097504 -0.170183 -0.117435
-0.078947 -0.164248 -0.118879
-0.043254 -0.173839 -0.125820
-0.042152 -0.186893 -0.133291
-0.044469 -0.197592 -0.133976
-0.000525 -0.202608 -0.132581
0.009250 -0.181820 -0.125708
-0.089480 -0.135872 -0.104116
-0.076079 -0.710496 -0.112273
-0.094728 -0.716361 -0.127187
-0.166222 -0.570446 -0.128600
-0.159375 -0.559219 -0.127859
-0.068221 -0.708945 -0.093620
-0.064583 -0.705444 -0.096794
-0.067420 -0.701592 -0.093977
-0.073131 -0.704777 -0.093370
-0.115075 -0.722027 -0.119981
-0.157228 -0.368348 -0.098680
-0.149271 -0.392736 -0.106366
-0.144100 -0.345643 -0.106846
-0.103959 -0.186410 -0.120654
-0.139684 -0.228551 -0.110161
-0.140380 -0.248191 -0.114013
0.121314 -0.620492 -0.170780
0.110263 -0.696488 -0.183725
0.075646 -0.697424 -0.188099
0.125839 -0.687588 -0.181025
0.119337 -0.520374 -0.159469
0.126519 -0.497161 -0.147674
0.114741 -0.541271 -0.162707
0.122311 -0.467847 -0.142150
0.127836 -0.556162 -0.160915
0.121930 -0.568121 -0.165380
0.133513 -0.593923 -0.162048
-0.030418 -0.705620 -0.145766
-0.012905 -0.299384 -0.145138
0.021824 -0.209485 -0.131956
-0.004576 -0.204593 -0.133427
0.013226 -0.135732 -0.107967
0.049261 -0.138851 -0.103111
-0.075770 -0.223542 -0.137624
-0.096839 -0.188366 -0.124457
-0.015814 -0.179949 -0.127038
-0.045970 -0.279727 -0.146610
-0.102572 -0.706246 -0.092575
-0.080036 -0.704741 -0.092761
-0.069532 -0.687752 -0.098370
-0.167697 -0.503888 -0.114060
-0.110088 -0.332896 -0.124097
-0.119885 -0.322702 -0.122675
-0.130901 -0.346401 -0.113449
-0.146228 -0.382095 -0.107375
-0.148977 -0.377481 -0.104978
-0.151586 -0.370000 -0.102803
-0.144989 -0.373518 -0.107146
-0.159890 -0.402505 -0.100564
-0.146656 -0.336624 -0.106199
-0.150099 -0.342122 -0.103572
-0.146457 -0.350044 -0.105301
-0.137779 -0.263490 -0.117560
0.134006 -0.646188 -0.171692
0.107417 -0.543060 -0.161974
0.102382 -0.435781 -0.137928
0.104830 -0.464426 -0.144683
0.098780 -0.458675 -0.143944
0.023007 -0.716801 -0.148189
-0.008549 -0.134936 -0.109279
-0.116300 -0.160905 -0.106074
0.023907 -0.182292 -0.124850
0.014315 -0.173123 -0.120820
0.025285 -0.179056 -0.122898
0.013240 -0.177688 -0.123442
-0.112745 -0.134549 -0.094672
-0.094415 -0.696553 -0.151774
-0.066924 -0.694528 -0.099343
-0.122806 -0.704798 -0.127337
-0.155461 -0.471559 -0.113139
-0.162667 -0.453533 -0.106388
-0.110070 -0.257912 -0.135324
-0.153901 -0.386969 -0.102503
-0.141902 -0.389942 -0.110934
-0.149326 -0.355318 -0.103687
0.126975 -0.611258 -0.167116
0.115319 -0.622652 -0.173266
0.092238 -0.644824 -0.183791
0.107477 -0.429437 -0.134352
-0.003029 -0.741283 -0.150343
-0.159488 -0.513536 -0.118080
0.016997 -0.306930 -0.143785
0.047901 -0.288638 -0.144443
0.046267 -0.276892 -0.144836
0.066104 -0.230000 -0.136831
0.056475 -0.174369 -0.116661
0.053746 -0.179446 -0.119161
0.001097 -0.142303 -0.111521
0.016537 -0.139802 -0.108682
-0.024111 -0.217441 -0.138487
-0.055439 -0.167774 -0.123194
0.022816 -0.176045 -0.121596
-0.135902 -0.138601 -0.086023
-0.140894 -0.145887 -0.087056
-0.075985 -0.275743 -0.143797
0.109135 -0.582027 -0.168569
0.115263 -0.577188 -0.167282
-0.136623 -0.521777 -0.121463
-0.137198 -0.536455 -0.123254
-0.132274 -0.536661 -0.121300
-0.129083 -0.537938 -0.120169
-0.041712 -0.317677 -0.141892
0.071262 -0.278447 -0.140964
0.051581 -0.232139 -0.138155
0.039623 -0.237354 -0.140275
0.039409 -0.214825 -0.133873
0.029458 -0.170284 -0.118298
-0.025220 -0.226496 -0.139902
-0.016652 -0.228487 -0.140184
-0.044482 -0.229855 -0.141628
0.004305 -0.180778 -0.125652
-0.072157 -0.689152 -0.112227
-0.079627 -0.673940 -0.161126
-0.089621 -0.697229 -0.155400
-0.065120 -0.698804 -0.102084
-0.107213 -0.280246 -0.137594
-0.136815 -0.274595 -0.120424
-0.133403 -0.283541 -0.120895
-0.143227 -0.365643 -0.107556
0.112990 -0.489249 -0.150711
0.110926 -0.457463 -0.141967
0.099455 -0.560457 -0.164935
-0.072164 -0.692169 -0.156600
-0.129124 -0.519541 -0.120487
-0.123507 -0.516138 -0.116695
-0.125526 -0.527410 -0.119731
-0.143615 -0.532344 -0.125788
0.004508 -0.326543 -0.141820
-0.013680 -0.282414 -0.146346
-0.044544 -0.256859 -0.145504
-0.019313 -0.242980 -0.144372
-0.049396 -0.264411 -0.145491
0.022969 -0.221523 -0.137017
0.009214 -0.221219 -0.137467
0.069651 -0.153888 -0.109200
-0.095174 -0.164285 -0.115376
-0.077529 -0.230597 -0.139451
-0.080461 -0.700235 -0.157582
0.113028 -0.645270 -0.179471
-0.015521 -0.700848 -0.151057
-0.046929 -0.687922 -0.144215
-0.033489 -0.671032 -0.150067
-0.133417 -0.524424 -0.120805
-0.038007 -0.270243 -0.145969
-0.017293 -0.259196 -0.145413
0.009723 -0.259976 -0.145599
0.010918 -0.250636 -0.144204
0.007002 -0.234212 -0.140890
0.017641 -0.233926 -0.140453
-0.029494 -0.130173 -0.108471
-0.061498 -0.141992 -0.112435
-0.073696 -0.695760 -0.121655
-0.147711 -0.264058 -0.109214
-0.105114 -0.225824 -0.130366
0.097117 -0.600443 -0.172103
0.093957 -0.484399 -0.152849
-0.126884 -0.506167 -0.118833
-0.123636 -0.530315 -0.117452
-0.018910 -0.233337 -0.141554
0.043354 -0.253348 -0.145052
-0.085198 -0.141256 -0.107306
-0.068183 -0.164992 -0.120810
-0.080055 -0.257563 -0.143082
-0.137324 -0.230016 -0.111806
-0.115052 -0.231206 -0.126342
-0.137021 -0.252780 -0.116975
-0.121336 -0.511104 -0.114402
-0.121345 -0.527993 -0.113322
-0.014419 -0.317607 -0.142799
-0.051946 -0.141986 -0.112766
-0.078049 -0.246433 -0.142483
-0.138889 -0.215047 -0.110935
0.104249 -0.647892 -0.181949
0.010594 -0.241048 -0.142289
-0.003981 -0.223170 -0.138563
-0.061648 -0.151202 -0.115075
-0.094585 -0.148311 -0.108820
-0.117986 -0.140592 -0.096423
0.016356 -0.694021 -0.150641
0.050127 -0.686727 -0.179162
-0.108632 -0.239855 -0.132100
0.095203 -0.414331 -0.134218
0.061975 -0.693356 -0.185186
0.008858 -0.338435 -0.141043
-0.021292 -0.336432 -0.141478
0.098534 -0.277263 -0.135980
-0.103735 -0.143226 -0.103312
-0.088224 -0.144263 -0.108156
-0.067710 -0.157588 -0.116530
-0.061391 -0.163346 -0.120300
-0.056389 -0.160680 -0.118915
-0.040961 -0.166350 -0.121807
-0.073510 -0.161213 -0.117907
-0.088296 -0.161464 -0.115327
-0.050161 -0.164743 -0.121463
-0.079668 -0.157633 -0.114797
-0.092998 -0.159120 -0.112995
-0.102023 -0.161187 -0.111950
-0.090668 -0.154630 -0.111648
0.073653 -0.429089 -0.143698
0.090111 -0.445926 -0.142430
0.035880 -0.176771 -0.120612
0.031940 -0.173428 -0.119498
0.041617 -0.169393 -0.117057
0.045576 -0.173768 -0.118061
0.044954 -0.156297 -0.114022
-0.111871 -0.683293 -0.109003
-0.111784 -0.690669 -0.099328
-0.113441 -0.714774 -0.107123
-0.116704 -0.711509 -0.123478
-0.114784 -0.712323 -0.113164
-0.115720 -0.700445 -0.109868
-0.106660 -0.705708 -0.095933
-0.116596 -0.701297 -0.116327
-0.113490 -0.705340 -0.101882
-0.122247 -0.693547 -0.124450
-0.131000 -0.684186 -0.126987
-0.115745 -0.684511 -0.113127
-0.123006 -0.681885 -0.122174
-0.121812 -0.676431 -0.118664
-0.116327 -0.671647 -0.110709
-0.117391 -0.694541 -0.119016
-0.118731 -0.676058 -0.114564
-0.109867 -0.665082 -0.102663
-0.110121 -0.676053 -0.090511
-0.099363 -0.638517 -0.083224
-0.156429 -0.341615 -0.099398
-0.152745 -0.353032 -0.101615
-0.147097 -0.361405 -0.105157
-0.124220 -0.174957 -0.108279
-0.116029 -0.163268 -0.107005
-0.123539 -0.164189 -0.104426
-0.125947 -0.158491 -0.101653
-0.120121 -0.157457 -0.103423
-0.104972 -0.158491 -0.109544
-0.119767 -0.144445 -0.098487
-0.113396 -0.144216 -0.101008
0.001580 -0.178039 -0.124629
-0.016711 -0.185484 -0.129579
-0.004675 -0.184297 -0.127863
-0.012606 -0.177511 -0.125572
-0.142972 -0.632483 -0.126478
-0.147496 -0.430952 -0.111872
-0.150774 -0.439719 -0.111762
-0.145493 -0.420135 -0.111079
-0.141377 -0.427472 -0.113455
-0.146117 -0.400807 -0.109018
-0.143656 -0.396708 -0.110178
-0.140152 -0.406425 -0.111787
-0.150073 -0.406332 -0.108257
-0.141812 -0.414081 -0.111201
-0.143912 -0.444584 -0.115605
-0.131516 -0.426595 -0.115778
-0.117540 -0.426925 -0.104734
-0.106147 -0.412604 -0.109776
-0.138125 -0.422827 -0.113446
-0.127683 -0.445174 -0.116070
-0.135709 -0.399380 -0.114001
-0.136622 -0.362121 -0.109918
-0.128023 -0.391448 -0.110130
-0.124889 -0.403708 -0.108547
-0.111939 -0.407487 -0.109758
-0.134132 -0.439171 -0.116614
-0.133138 -0.414464 -0.115707
-0.112838 -0.398281 -0.110953
-0.128896 -0.364457 -0.112016
-0.123884 -0.384019 -0.113063
-0.129130 -0.374778 -0.112285
-0.114622 -0.415884 -0.107562
-0.118531 -0.395036 -0.112441
-0.113633 -0.386048 -0.113683
-0.123362 -0.432541 -0.105877
-0.120270 -0.446003 -0.104860
-0.104129 -0.393167 -0.113333
-0.119312 -0.371780 -0.114106
-0.096245 -0.389976 -0.115224
-0.104183 -0.373695 -0.118026
-0.106868 -0.356790 -0.120852
-0.117105 -0.355381 -0.117648
-0.113590 -0.336292 -0.122058
-0.148901 -0.507457 -0.120108
-0.141872 -0.516882 -0.123498
-0.135581 -0.502972 -0.122442
-0.132347 -0.510119 -0.121366
-0.129294 -0.498665 -0.119789
-0.139773 -0.506168 -0.122854
0.109192 -0.383175 -0.122856
0.082340 -0.362428 -0.130592
0.061388 -0.335729 -0.137411
0.057687 -0.351242 -0.137057
0.044840 -0.346527 -0.139720
0.029288 -0.339887 -0.140235
0.035531 -0.377230 -0.140037
0.075935 -0.349429 -0.132480
0.023354 -0.345453 -0.140414
0.065958 -0.367702 -0.135347
0.027455 -0.371454 -0.140807
-0.017076 -0.173513 -0.123545
-0.031836 -0.164893 -0.121330
-0.028658 -0.175232 -0.125637
-0.031420 -0.168928 -0.122376
-0.044447 -0.168247 -0.122844
-0.041798 -0.162353 -0.120805
-0.013980 -0.168203 -0.120306
0.003702 -0.171057 -0.121137
-0.030308 -0.141828 -0.112924
-0.036679 -0.159297 -0.120396
-0.012758 -0.161878 -0.119686
-0.016876 -0.165245 -0.120278
-0.008470 -0.166179 -0.119936
-0.007679 -0.141883 -0.112237
0.001966 -0.166797 -0.119563
0.010496 -0.166962 -0.118849
0.002947 -0.162917 -0.118440
-0.025839 -0.180838 -0.128345
-0.021525 -0.177834 -0.126886
-0.096853 -0.693641 -0.140420
-0.088261 -0.658953 -0.159285
-0.092946 -0.680818 -0.152159
-0.098071 -0.634071 -0.145419
-0.093014 -0.662724 -0.152941
-0.096276 -0.678798 -0.146597
-0.092168 -0.693618 -0.132016
-0.096543 -0.667912 -0.143252
-0.082219 -0.657640 -0.108443
-0.070387 -0.665222 -0.157995
-0.087194 -0.680049 -0.158771
-0.070321 -0.689089 -0.105007
-0.076696 -0.666804 -0.105097
-0.066897 -0.702208 -0.110060
-0.144696 -0.491739 -0.119565
0.104304 -0.602234 -0.172032
0.052079 -0.170385 -0.115967
-0.053118 -0.326106 -0.139921
-0.039458 -0.333292 -0.140567
-0.069858 -0.342685 -0.136188
-0.135085 -0.347261 -0.111366
0.105155 -0.515682 -0.158392
0.096024 -0.524764 -0.154801
-0.048434 -0.236443 -0.143819
0.089058 -0.684526 -0.185212
-0.119164 -0.497501 -0.106519
-0.123245 -0.491285 -0.118086
-0.131039 -0.482230 -0.119547
-0.137462 -0.563697 -0.119853
-0.143861 -0.569366 -0.119678
-0.134005 -0.552700 -0.120518
-0.130506 -0.550095 -0.119378
-0.001262 -0.651461 -0.155284
0.004322 -0.682993 -0.147259
-0.019086 -0.663105 -0.159293
0.077024 -0.400380 -0.134203
0.056238 -0.400313 -0.140306
0.054991 -0.382172 -0.138649
-0.015113 -0.353101 -0.142411
0.063605 -0.409183 -0.138770
0.043636 -0.414876 -0.140389
0.053464 -0.434363 -0.139616
0.043250 -0.444419 -0.138935
0.074596 -0.464527 -0.151464
0.032102 -0.428414 -0.139909
0.036463 -0.436354 -0.139476
0.025907 -0.410001 -0.139462
0.062689 -0.464474 -0.145922
0.018764 -0.445444 -0.148698
0.038231 -0.393327 -0.139530
0.013602 -0.410989 -0.144244
0.025502 -0.458620 -0.148379
0.011615 -0.372771 -0.143060
-0.027010 -0.391015 -0.152452
-0.002089 -0.487251 -0.161361
-0.033873 -0.430776 -0.160057
-0.015898 -0.401250 -0.154592
-0.015249 -0.482533 -0.166475
-0.012491 -0.442258 -0.158814
0.010205 -0.489154 -0.157550
-0.127600 -0.666570 -0.121912
-0.126057 -0.660912 -0.117688
-0.131885 -0.651424 -0.120091
-0.123958 -0.658844 -0.114740
-0.120953 -0.647689 -0.114116
-0.123193 -0.641959 -0.115971
-0.127469 -0.644420 -0.118336
-0.119503 -0.634277 -0.115181
-0.116859 -0.636846 -0.112726
-0.114233 -0.636976 -0.109466
-0.136278 -0.642816 -0.118908
-0.112936 -0.645913 -0.106249
-0.111737 -0.646262 -0.100519
-0.119204 -0.660882 -0.110955
-0.114765 -0.663583 -0.107090
-0.113224 -0.628523 -0.102654
-0.101837 -0.617428 -0.084912
-0.146170 -0.461077 -0.115694
-0.141279 -0.463220 -0.117247
-0.137632 -0.475710 -0.118894
-0.100241 -0.434237 -0.106327
-0.131973 -0.454863 -0.118607
-0.122100 -0.479360 -0.116418
-0.087103 -0.404363 -0.119114
-0.133618 -0.493768 -0.120505
-0.002786 -0.174556 -0.123427
0.015547 -0.152954 -0.115114
-0.057831 -0.673238 -0.149295
-0.055325 -0.633750 -0.162205
-0.096762 -0.645343 -0.149508
-0.090196 -0.641950 -0.157031
-0.084109 -0.646154 -0.159646
-0.070728 -0.630685 -0.161420
-0.106382 -0.325449 -0.127009
0.028529 -0.139391 -0.107218
0.064308 -0.167569 -0.113973
-0.044025 -0.344866 -0.139945
-0.096507 -0.344994 -0.127106
-0.092674 -0.341914 -0.129071
-0.057718 -0.362194 -0.138047
-0.076333 -0.367645 -0.133827
-0.086147 -0.356852 -0.130149
-0.090198 -0.360833 -0.128033
-0.086473 -0.374906 -0.129603
-0.086316 -0.385944 -0.129720
-0.097801 -0.367174 -0.122056
0.084422 -0.519788 -0.147962
0.058568 -0.448463 -0.143005
0.051725 -0.486652 -0.144266
0.048123 -0.460253 -0.142294
0.067809 -0.536013 -0.155468
0.059720 -0.508074 -0.144066
0.083486 -0.568908 -0.159683
-0.098505 -0.527718 -0.093117
-0.104209 -0.523506 -0.093940
-0.101899 -0.509910 -0.093499
-0.092955 -0.514278 -0.097619
-0.091246 -0.526140 -0.094405
-0.089434 -0.512679 -0.101665
-0.090314 -0.525386 -0.099402
-0.089992 -0.534338 -0.097691
-0.087699 -0.541173 -0.101405
-0.089003 -0.527520 -0.102886
-0.110395 -0.493159 -0.101506
-0.110057 -0.477555 -0.100216
-0.105854 -0.473613 -0.099210
-0.102325 -0.464656 -0.100653
-0.115087 -0.460247 -0.102219
-0.109418 -0.451440 -0.103123
-0.104605 -0.439660 -0.104354
-0.109275 -0.435961 -0.104188
-0.108789 -0.422933 -0.107028
-0.104796 -0.450175 -0.102955
-0.094154 -0.421190 -0.110155
-0.100693 -0.416725 -0.109544
-0.086028 -0.425926 -0.112385
-0.091253 -0.446350 -0.107581
-0.090057 -0.464635 -0.107527
-0.098566 -0.453066 -0.102163
-0.105136 -0.425793 -0.106920
-0.087204 -0.477432 -0.120136
-0.084122 -0.424802 -0.124422
-0.082396 -0.416000 -0.131805
-0.078492 -0.418119 -0.137314
-0.081544 -0.396749 -0.132903
-0.084012 -0.399351 -0.129972
-0.079510 -0.379951 -0.132888
-0.076415 -0.406836 -0.139029
-0.071419 -0.384630 -0.136917
-0.046827 -0.419272 -0.143950
-0.060845 -0.407817 -0.142678
-0.062155 -0.418479 -0.143349
-0.045093 -0.384657 -0.141672
-0.069914 -0.424241 -0.143431
-0.063659 -0.452009 -0.146919
-0.069753 -0.454293 -0.141963
-0.081772 -0.433143 -0.133635
-0.072640 -0.431479 -0.141208
-0.076536 -0.440523 -0.137679
-0.081333 -0.449272 -0.134218
-0.073978 -0.453200 -0.138427
-0.087058 -0.452393 -0.130695
0.018520 -0.494410 -0.155722
-0.133163 -0.639810 -0.117411
-0.127164 -0.637653 -0.116365
-0.133622 -0.621801 -0.121678
-0.129368 -0.620609 -0.121366
-0.126051 -0.623233 -0.119790
-0.118349 -0.619622 -0.111543
-0.122958 -0.626875 -0.117339
-0.120641 -0.613905 -0.114684
-0.142987 -0.598295 -0.120739
-0.137512 -0.613633 -0.121438
-0.115743 -0.615634 -0.105811
-0.110667 -0.628380 -0.094059
-0.097242 -0.595600 -0.083909
-0.113569 -0.594902 -0.097124
-0.093351 -0.593121 -0.085908
-0.088581 -0.592458 -0.088202
-0.086844 -0.594034 -0.092945
-0.086576 -0.601653 -0.091188
-0.090800 -0.607039 -0.086348
-0.100092 -0.572706 -0.084968
-0.073260 -0.673422 -0.095334
-0.074199 -0.670378 -0.099889
-0.096803 -0.680183 -0.086920
-0.075764 -0.679310 -0.088799
-0.081750 -0.659314 -0.088545
-0.129120 -0.470142 -0.118841
-0.135186 -0.467304 -0.118622
0.075928 -0.379390 -0.134031
0.046434 -0.378914 -0.139144
-0.093743 -0.321854 -0.132510
-0.075979 -0.328074 -0.136091
-0.080760 -0.672784 -0.117081
-0.082433 -0.669090 -0.132682
-0.139943 -0.486784 -0.119310
0.000846 -0.372336 -0.144551
-0.006603 -0.337402 -0.141357
-0.032125 -0.365735 -0.143336
-0.101042 -0.357724 -0.122979
0.068665 -0.637057 -0.178187
0.036542 -0.472803 -0.147879
0.044676 -0.502041 -0.149919
0.030497 -0.477714 -0.150713
0.042781 -0.485367 -0.145830
0.056671 -0.531617 -0.152416
0.032035 -0.519978 -0.152355
0.028862 -0.506453 -0.149880
0.050958 -0.519752 -0.149800
0.018186 -0.526396 -0.153362
-0.098895 -0.539864 -0.091901
-0.104358 -0.498040 -0.097557
-0.100925 -0.488395 -0.095644
-0.098880 -0.482046 -0.096512
-0.092704 -0.503784 -0.097089
-0.097571 -0.510470 -0.094498
-0.098712 -0.496241 -0.094764
-0.086006 -0.475502 -0.111117
-0.094186 -0.490246 -0.097451
-0.091098 -0.498362 -0.103952
-0.089485 -0.502897 -0.110095
-0.092689 -0.484391 -0.100203
-0.096486 -0.463596 -0.101064
-0.095555 -0.473903 -0.098715
-0.090389 -0.477474 -0.104378
-0.083935 -0.480222 -0.134655
0.002175 -0.621107 -0.152496
-0.063796 -0.594671 -0.161383
-0.030658 -0.620820 -0.169959
-0.022605 -0.627153 -0.163515
-0.092681 -0.646733 -0.143150
-0.077893 -0.633445 -0.160218
-0.084895 -0.626207 -0.158122
-0.091497 -0.624185 -0.154954
-0.085158 -0.609713 -0.157097
-0.080346 -0.648454 -0.120284
-0.010231 -0.581126 -0.155820
-0.093595 -0.637621 -0.154887
-0.010026 -0.619431 -0.155875
-0.074781 -0.662146 -0.095921
-0.078264 -0.658492 -0.091607
-0.078610 -0.646599 -0.097671
-0.079523 -0.641114 -0.091617
-0.083413 -0.641936 -0.102703
-0.081536 -0.635200 -0.097344
-0.078658 -0.651615 -0.100755
-0.084615 -0.631846 -0.087386
-0.083513 -0.627840 -0.089527
-0.081661 -0.630725 -0.092741
-0.081708 -0.636417 -0.113089
-0.082799 -0.625559 -0.107180
-0.081982 -0.610628 -0.098820
-0.083506 -0.610229 -0.103095
-0.081929 -0.624924 -0.100265
-0.091442 -0.616023 -0.112964
-0.081741 -0.618905 -0.095981
-0.083324 -0.617112 -0.092370
-0.085985 -0.613510 -0.089892
-0.086682 -0.640825 -0.134556
-0.096325 -0.611193 -0.143101
-0.098889 -0.610275 -0.128104
-0.097921 -0.618244 -0.136972
-0.094993 -0.621354 -0.151236
-0.094923 -0.608269 -0.147919
-0.078988 -0.614262 -0.158531
-0.079893 -0.590654 -0.156374
-0.072247 -0.604439 -0.158986
-0.125598 -0.551104 -0.117249
-0.122477 -0.551686 -0.115443
-0.126362 -0.560204 -0.118956
-0.116380 -0.557039 -0.105916
-0.118657 -0.559200 -0.112030
-0.114703 -0.551469 -0.098981
-0.118257 -0.531949 -0.104441
-0.120219 -0.542000 -0.111303
-0.000547 -0.413921 -0.149897
0.007711 -0.446764 -0.152532
-0.078736 -0.498307 -0.150024
-0.073415 -0.481811 -0.151239
-0.076427 -0.475704 -0.146285
-0.075460 -0.504658 -0.156623
-0.086986 -0.521513 -0.106447
-0.079318 -0.475634 -0.142764
-0.067927 -0.481952 -0.156064
-0.081715 -0.481006 -0.139383
-0.083644 -0.485072 -0.134782
-0.082851 -0.462587 -0.134817
-0.085289 -0.501871 -0.125401
-0.083367 -0.501111 -0.142001
-0.080812 -0.493484 -0.144769
-0.083877 -0.501658 -0.137770
-0.083413 -0.514380 -0.141115
-0.082396 -0.511640 -0.147352
-0.084426 -0.500032 -0.132744
-0.053657 -0.493954 -0.165842
-0.042829 -0.467682 -0.164545
-0.059401 -0.499486 -0.163821
-0.095003 -0.608909 -0.084129
-0.081899 -0.649205 -0.089141
-0.088247 -0.640048 -0.085734
0.041807 -0.543197 -0.151308
0.070233 -0.585400 -0.156299
0.049196 -0.604836 -0.163983
0.044192 -0.670646 -0.175466
0.021325 -0.609570 -0.163176
0.037990 -0.651439 -0.171431
0.017740 -0.653470 -0.155979
0.031028 -0.680623 -0.157038
0.036259 -0.678436 -0.164329
0.024550 -0.638157 -0.164517
0.010099 -0.641971 -0.153929
-0.061343 -0.638432 -0.161915
-0.084452 -0.601584 -0.096000
-0.084757 -0.597565 -0.099312
-0.087352 -0.609514 -0.107793
-0.098504 -0.554784 -0.090571
-0.115408 -0.577073 -0.103621
-0.088127 -0.574381 -0.093452
-0.089216 -0.587141 -0.096660
-0.090678 -0.567097 -0.092572
-0.090364 -0.581090 -0.089420
-0.094055 -0.577220 -0.087724
-0.094353 -0.566473 -0.089867
-0.092773 -0.540151 -0.092704
-0.104620 -0.554224 -0.089665
-0.091753 -0.557849 -0.090977
-0.088761 -0.547322 -0.095429
-0.086117 -0.571492 -0.098547
-0.112378 -0.529978 -0.094210
-0.088809 -0.556367 -0.094906
-0.087514 -0.550345 -0.098188
-0.086463 -0.557853 -0.098192
-0.085789 -0.564874 -0.105352
-0.088002 -0.595697 -0.105391
-0.086688 -0.584693 -0.103493
-0.088091 -0.580862 -0.113496
-0.086399 -0.550388 -0.101800
-0.085915 -0.544587 -0.105666
-0.085272 -0.559306 -0.111067
-0.096374 -0.595494 -0.137816
-0.094868 -0.591226 -0.141980
-0.089385 -0.598354 -0.152578
-0.094143 -0.574973 -0.136325
-0.082204 -0.529300 -0.111868
0.002829 -0.519421 -0.160325
-0.007759 -0.508573 -0.162351
-0.064456 -0.509689 -0.162803
-0.070247 -0.513432 -0.160456
-0.048801 -0.525729 -0.170803
-0.058291 -0.465954 -0.157727
-0.127684 -0.602391 -0.120464
-0.132062 -0.603340 -0.121085
-0.129785 -0.604341 -0.123930
-0.121475 -0.596976 -0.114493
-0.124221 -0.610418 -0.118309
-0.118959 -0.603797 -0.110457
-0.119084 -0.590442 -0.109550
-0.117457 -0.592294 -0.105951
-0.118859 -0.577241 -0.110425
-0.130298 -0.566318 -0.119562
-0.135239 -0.584394 -0.120684
-0.121915 -0.569864 -0.116436
-0.130950 -0.584986 -0.120041
-0.126238 -0.588713 -0.119279
-0.127564 -0.576168 -0.118518
-0.122210 -0.581892 -0.115641
-0.092869 -0.623718 -0.085168
-0.087844 -0.617572 -0.087016
-0.087327 -0.670440 -0.084730
0.040687 -0.590211 -0.162025
0.049632 -0.566996 -0.154295
0.031680 -0.612291 -0.160085
-0.001237 -0.580506 -0.158426
0.053399 -0.630737 -0.171889
-0.092457 -0.584995 -0.124871
-0.081928 -0.549602 -0.119130
-0.092946 -0.563306 -0.132444
-0.089945 -0.550323 -0.138528
-0.088583 -0.551939 -0.143302
-0.086767 -0.576161 -0.149485
-0.091894 -0.583954 -0.146386
-0.091926 -0.571675 -0.144762
-0.075026 -0.523417 -0.158175
-0.029511 -0.485704 -0.170201
0.057695 -0.571157 -0.154513
0.014975 -0.599018 -0.164801
0.031291 -0.574510 -0.161948
0.017312 -0.561067 -0.157283
0.028187 -0.548742 -0.155110
0.007977 -0.561609 -0.158979
-0.075516 -0.579117 -0.156862
-0.067423 -0.579586 -0.158069
-0.064049 -0.545110 -0.165747
-0.044904 -0.584800 -0.170677
-0.058770 -0.597938 -0.164073
-0.049421 -0.565077 -0.166738
-0.061944 -0.568524 -0.160196
-0.071562 -0.566607 -0.159586
-0.083663 -0.515848 -0.136564
-0.084008 -0.521487 -0.133120
-0.088314 -0.530159 -0.141572
-0.083010 -0.532943 -0.129290
-0.079811 -0.524523 -0.153817
-0.084724 -0.526275 -0.146807
-0.027201 -0.527989 -0.161565
-0.056293 -0.538659 -0.168591
-0.069653 -0.545161 -0.163570
-0.016511 -0.552872 -0.154077
0.008754 -0.585190 -0.162264
-0.086356 -0.544240 -0.147698
-0.082648 -0.532078 -0.151369
-0.082920 -0.580635 -0.153292
-0.073951 -0.537717 -0.161072
-0.080769 -0.551142 -0.155914
-0.076349 -0.557384 -0.157908
-0.078201 -0.541203 -0.157803
0.006044 -0.537434 -0.157150
-0.150990 -0.585770 -0.119842
-0.086075 -0.561827 -0.150229
0.166782 -0.745196 0.075285
0.162886 -0.717400 0.081185
0.162102 -0.706869 0.085783
0.162025 -0.703675 0.087385
0.159775 -0.699888 0.089730
0.155697 -0.693613 0.094569
0.155362 -0.679797 0.095954
0.155950 -0.666541 0.096914
0.157296 -0.649818 0.098475
0.157827 -0.633197 0.099605
0.157886 -0.594205 0.102314
0.159226 -0.588067 0.101753
0.159203 -0.581899 0.103138
0.159418 -0.572125 0.103841
0.159131 -0.562290 0.104622
0.159411 -0.550525 0.105178
0.160630 -0.541202 0.105375
0.161391 -0.532626 0.106633
0.161191 -0.522396 0.106977
0.161534 -0.514877 0.107449
0.163666 -0.497401 0.108756
0.164677 -0.486305 0.109789
0.166023 -0.472966 0.110728
0.165820 -0.462801 0.111504
0.166474 -0.456612 0.111497
0.165736 -0.447622 0.112444
0.167193 -0.437713 0.113439
0.168881 -0.426569 0.114618
0.169963 -0.412697 0.116047
0.170881 -0.402664 0.116942
0.174778 -0.388280 0.119264
0.171823 -0.355444 0.121034
0.169136 -0.266446 0.125234
0.158472 -0.251380 0.124615
0.141389 -0.160610 0.128782
0.142182 -0.128553 0.118784
0.166513 -0.126325 0.082040
0.173922 -0.122008 0.056120
0.177104 -0.119463 0.027175
0.170639 -0.115684 -0.004050
0.154958 -0.110098 -0.043852
0.115089 -0.104907 -0.076839
0.147124 -0.739308 -0.127058
0.193525 -0.732749 -0.055323
0.206995 -0.732411 -0.052330
0.221273 -0.731357 -0.048259
0.229717 -0.730839 -0.048703
0.254167 -0.730254 -0.052151
0.255076 -0.731847 -0.027051
0.280078 -0.730529 0.010493
0.282281 -0.730475 0.021563
0.235160 -0.740894 0.076698
0.232037 -0.741871 0.080477
0.227629 -0.743303 0.086993
0.208446 -0.746005 0.090532
0.177627 -0.747403 0.094996
0.171695 -0.748108 0.096300
0.160968 -0.746531 0.085021
0.163585 -0.744734 0.077821
0.175928 -0.318166 0.116561
0.185558 -0.316748 0.106349
0.206737 -0.300632 -0.034433
0.187550 -0.279429 -0.064849
0.196094 -0.206817 0.067367
0.199479 -0.206120 0.014906
0.188374 -0.202000 -0.029141
0.162237 -0.199867 -0.071214
0.147845 -0.200246 -0.084970
0.133465 -0.200621 -0.096683
0.119357 -0.200561 -0.105267
0.130871 -0.740131 -0.141553
0.149493 -0.715134 -0.125674
0.247843 -0.704245 -0.053303
0.256522 -0.709726 -0.041928
0.277721 -0.709034 0.009217
0.279635 -0.709250 0.015386
0.281464 -0.720831 0.029010
0.269619 -0.709305 0.041106
0.235006 -0.724611 0.069872
0.207232 -0.729300 0.092076
0.199086 -0.719239 0.089636
0.170697 -0.722539 0.098291
0.165112 -0.725759 0.096105
0.161730 -0.725247 0.088121
0.162792 -0.737127 0.078745
0.159169 -0.716503 0.087569
0.161411 -0.725878 0.080947
0.156943 -0.216367 0.118628
0.167435 -0.136661 0.088461
0.110624 -0.205799 -0.112920
0.120434 -0.189376 -0.102284
0.142398 -0.133218 -0.064277
0.166019 -0.743005 0.092878
0.161415 -0.742749 0.080263
0.160021 -0.740465 0.084172
0.162077 -0.735121 0.089992
0.159996 -0.731473 0.083268
0.161466 -0.730965 0.087904
0.169333 -0.743251 0.096734
0.228768 -0.722749 0.081022
0.185489 -0.639345 0.094821
0.256398 -0.731391 -0.041265
0.174058 -0.330586 0.117853
0.161474 -0.212326 0.115443
0.204468 -0.280995 -0.032896
0.121944 -0.156606 -0.094611
0.125017 -0.195713 -0.101381
0.128598 -0.738635 -0.146092
0.190864 -0.746732 0.095215
0.186462 -0.729008 0.094048
0.175182 -0.738893 0.096411
0.228677 -0.735524 0.083166
0.226032 -0.732096 0.087531
0.227885 -0.725095 0.084125
0.158851 -0.703107 0.093882
0.159319 -0.706707 0.088717
0.163649 -0.719155 0.096841
0.159488 -0.723535 0.084886
0.271508 -0.730144 -0.005894
0.280903 -0.715486 0.024037
0.275424 -0.733199 0.035956
0.239970 -0.730122 -0.054321
0.248837 -0.716865 -0.054028
0.217852 -0.710038 -0.052593
0.256202 -0.714566 -0.030765
0.179008 -0.329788 0.112659
0.189840 -0.304367 0.099958
0.172686 -0.310229 0.119887
0.172140 -0.317895 0.120141
0.171305 -0.278073 0.121471
0.154559 -0.186890 0.123649
0.174997 -0.735073 -0.076165
0.195545 -0.687540 -0.055282
0.197933 -0.215842 -0.006079
0.194108 -0.191896 -0.019904
0.179025 -0.127732 0.003473
0.145090 -0.137340 0.115353
0.128204 -0.203777 -0.098704
0.142503 -0.195400 -0.088735
0.125028 -0.198804 -0.101939
0.114697 -0.197164 -0.107050
0.117547 -0.192372 -0.104994
0.166551 -0.733817 0.095713
0.128304 -0.724201 -0.154927
0.183564 -0.733765 0.094652
0.196839 -0.729372 0.090667
0.172759 -0.728935 0.098875
0.183534 -0.742120 0.096291
0.231026 -0.735066 0.079096
0.231151 -0.718963 0.076109
0.236869 -0.740103 0.065006
0.176169 -0.613187 0.092218
0.163535 -0.656090 0.088924
0.156986 -0.709831 0.092326
0.156967 -0.702850 0.087373
0.166888 -0.719893 0.097423
0.159529 -0.712442 0.084823
0.153815 -0.693766 0.089126
0.154293 -0.687744 0.092123
0.180279 -0.724984 0.096469
0.179138 -0.720570 0.095332
0.276166 -0.730445 0.002994
0.280042 -0.727473 0.032098
0.280910 -0.719850 0.017558
0.275943 -0.722694 0.035509
0.269082 -0.736027 0.041339
0.253733 -0.721136 -0.050340
0.210462 -0.711984 -0.056931
0.230708 -0.719180 -0.049651
0.240484 -0.717707 -0.051471
0.216420 -0.308388 0.048721
0.210308 -0.314105 0.064587
0.177605 -0.374308 0.114764
0.177357 -0.382395 0.113999
0.172151 -0.342828 0.120117
0.174375 -0.352922 0.117952
0.185484 -0.336331 0.105543
0.180619 -0.347550 0.110654
0.177455 -0.299661 0.116556
0.180848 -0.288903 0.115470
0.203246 -0.211679 0.039341
0.179867 -0.217064 0.097203
0.157788 -0.238735 0.121703
0.156652 -0.224952 0.119465
0.176615 -0.210162 0.099986
0.141669 -0.717452 -0.135161
0.170420 -0.298945 -0.090502
0.171178 -0.303569 -0.087167
0.179169 -0.207067 -0.045931
0.168917 -0.196060 -0.062197
0.141878 -0.273734 -0.116943
0.136589 -0.291236 -0.116134
0.141217 -0.198572 -0.090125
0.161177 -0.207618 -0.073489
0.127709 -0.193033 -0.099112
0.135294 -0.195399 -0.094668
0.141383 -0.113489 -0.059529
0.159574 -0.641106 0.091287
0.158794 -0.634609 0.093504
0.218022 -0.723528 0.092385
0.241106 -0.739226 0.057364
0.279214 -0.692142 0.022128
0.168410 -0.706142 0.094594
0.154011 -0.699013 0.088708
0.158108 -0.693973 0.087156
0.156593 -0.685890 0.088231
0.163163 -0.693340 0.087479
0.167719 -0.695012 0.088979
0.167908 -0.681513 0.088695
0.160871 -0.685265 0.086983
0.164524 -0.698788 0.091408
0.164482 -0.687657 0.086949
0.175526 -0.694844 0.089298
0.177187 -0.689319 0.089858
0.168074 -0.688385 0.087914
0.179598 -0.676464 0.091560
0.171579 -0.675236 0.089599
0.175218 -0.675512 0.089782
0.160163 -0.677754 0.087701
0.181974 -0.669501 0.093250
0.184031 -0.659499 0.094119
0.158740 -0.662160 0.089631
0.188766 -0.725459 0.093582
0.239969 -0.703758 -0.054010
0.173331 -0.445055 0.103561
0.174520 -0.367317 0.118035
0.174455 -0.379447 0.117444
0.174697 -0.386150 0.114035
0.194151 -0.314922 0.096777
0.177031 -0.348150 0.114780
0.192094 -0.331353 0.097736
0.202377 -0.207949 0.031215
0.183920 -0.219139 0.091432
0.162087 -0.239989 0.118933
0.159977 -0.222810 0.116371
0.158754 -0.205093 0.119133
0.182776 -0.210082 0.092053
0.179423 -0.200767 0.097525
0.139417 -0.676360 -0.167026
0.141963 -0.303946 -0.114414
0.191430 -0.202598 -0.021222
0.179674 -0.200971 -0.046425
0.165345 -0.113706 -0.023038
0.149748 -0.146261 0.114393
0.097309 -0.162547 -0.105476
0.114232 -0.152335 -0.094689
0.145780 -0.190956 -0.085395
0.115467 -0.222854 -0.124072
0.136298 -0.239602 -0.118195
0.141632 -0.202725 -0.090304
0.150528 -0.203797 -0.082977
0.138585 -0.209931 -0.095201
0.161077 -0.203153 -0.072612
0.174632 -0.204095 -0.054219
0.122258 -0.122459 -0.077786
0.233201 -0.731151 0.074751
0.169523 -0.500157 0.096635
0.163312 -0.556833 0.098092
0.158967 -0.591972 0.099291
0.157717 -0.639891 0.095831
0.157561 -0.650212 0.094501
0.158273 -0.629729 0.096170
0.231331 -0.705270 0.073004
0.271026 -0.708746 0.001341
0.163316 -0.710629 0.095983
0.169664 -0.710140 0.093062
0.177272 -0.682776 0.090056
0.172234 -0.682344 0.089382
0.184573 -0.679157 0.092299
0.160831 -0.670487 0.087986
0.165691 -0.666186 0.089331
0.139241 -0.520911 -0.144594
0.173690 -0.414362 0.110633
0.175254 -0.404412 0.111019
0.170769 -0.435073 0.111837
0.168178 -0.444097 0.109255
0.168833 -0.459040 0.108203
0.187268 -0.375067 0.102162
0.180000 -0.374040 0.111053
0.175412 -0.385275 0.116653
0.174027 -0.392365 0.115580
0.173273 -0.399529 0.114471
0.175382 -0.392794 0.112767
0.196652 -0.207427 -0.001932
0.166277 -0.255378 0.121693
0.151042 -0.164735 0.118678
0.154971 -0.160432 0.114885
0.153197 -0.155830 0.117529
0.154397 -0.179125 0.120108
0.161303 -0.181101 0.113698
0.196250 -0.195724 0.068154
0.199046 -0.182408 0.036547
0.201241 -0.196191 0.035290
0.183261 -0.198359 0.092259
0.177852 -0.120206 0.041860
0.137286 -0.700771 -0.150684
0.118016 -0.353244 -0.118644
0.120004 -0.395275 -0.121233
0.181702 -0.203879 -0.041940
0.185244 -0.206780 -0.036759
0.194546 -0.205879 -0.010338
0.194504 -0.209480 -0.014172
0.174296 -0.300668 -0.086523
0.141022 -0.157561 -0.081601
0.115172 -0.148793 -0.091506
0.138482 -0.340831 -0.107343
0.157971 -0.282395 -0.103006
0.111760 -0.209786 -0.115217
0.120773 -0.207664 -0.108146
0.160608 -0.195373 -0.073292
0.150253 -0.207762 -0.084319
0.149339 -0.213515 -0.088053
0.138028 -0.207391 -0.093421
0.128684 -0.207143 -0.101252
0.154276 -0.211005 -0.081618
0.168916 -0.209270 -0.064384
0.163706 -0.210321 -0.071511
0.169292 -0.202063 -0.061959
0.160363 -0.547472 0.103365
0.161042 -0.539912 0.101830
0.162747 -0.529610 0.099639
0.160572 -0.569608 0.099304
0.160130 -0.584206 0.098711
0.160954 -0.610153 0.096191
0.157579 -0.615953 0.097131
0.158324 -0.620782 0.094884
0.158971 -0.650266 0.090798
0.156599 -0.659033 0.094676
0.228122 -0.708992 0.082065
0.229342 -0.706259 0.078401
0.236797 -0.706814 0.060546
0.233098 -0.701016 0.067355
0.245725 -0.711250 0.053041
0.263153 -0.711122 0.045230
0.277019 -0.700590 0.033464
0.273178 -0.694952 0.007980
0.267307 -0.712745 -0.004210
0.189685 -0.668493 0.093470
0.154807 -0.671099 0.092752
0.202956 -0.715269 0.090062
0.171948 -0.410150 0.113448
0.172821 -0.418482 0.113190
0.177151 -0.419905 0.108118
0.171794 -0.425296 0.112506
0.171913 -0.434019 0.111517
0.212773 -0.334341 0.050071
0.220516 -0.308866 0.020795
0.177398 -0.361620 0.114490
0.179609 -0.363331 0.111854
0.182450 -0.353161 0.108256
0.189706 -0.349678 0.099459
0.206769 -0.300643 0.072461
0.204305 -0.288392 0.074907
0.218626 -0.285666 0.029040
0.202388 -0.214559 0.028077
0.200354 -0.214069 0.010904
0.197785 -0.209928 0.000953
0.171157 -0.243400 0.114286
0.191113 -0.257531 0.092675
0.171503 -0.701870 -0.074612
0.137786 -0.629923 -0.165915
0.138806 -0.696070 -0.159485
0.192298 -0.302908 -0.062580
0.203489 -0.313525 -0.041265
0.117814 -0.428960 -0.130777
0.127659 -0.415502 -0.123113
0.191209 -0.209540 -0.025212
0.129715 -0.323723 -0.119063
0.164745 -0.186832 -0.066971
0.130864 -0.211168 -0.103619
0.120419 -0.132833 -0.081882
0.115382 -0.142739 -0.088588
0.165932 -0.485111 0.106522
0.165294 -0.494704 0.105510
0.164328 -0.505976 0.105276
0.161724 -0.522520 0.105370
0.161903 -0.527524 0.102560
0.162341 -0.517456 0.102874
0.160374 -0.554677 0.101071
0.165711 -0.544979 0.097226
0.161552 -0.532636 0.104162
0.159309 -0.576513 0.099318
0.159966 -0.564129 0.100900
0.162517 -0.593159 0.094760
0.158999 -0.600411 0.097366
0.158279 -0.606467 0.097666
0.163811 -0.604511 0.093118
0.163110 -0.587943 0.094615
0.164208 -0.584292 0.093922
0.164875 -0.580100 0.094038
0.164249 -0.576860 0.094792
0.158629 -0.611017 0.098145
0.166999 -0.615971 0.090655
0.162936 -0.613385 0.094201
0.169597 -0.659297 0.089489
0.161051 -0.630082 0.091918
0.162216 -0.622574 0.092086
0.224955 -0.719410 0.088509
0.226262 -0.710078 0.086707
0.275551 -0.706042 0.037246
0.279427 -0.705899 0.027611
0.277585 -0.688143 0.013631
0.173829 -0.647564 0.091399
0.174128 -0.658026 0.090276
0.178565 -0.657328 0.092325
0.169708 -0.652924 0.089126
0.157319 -0.671285 0.090175
0.175658 -0.709288 0.090983
0.256772 -0.699902 -0.035169
0.256301 -0.696909 -0.043039
0.234860 -0.707840 -0.052913
0.134278 -0.535007 -0.152172
0.137092 -0.566417 -0.155652
0.149782 -0.540801 -0.138203
0.172222 -0.454192 0.102543
0.168572 -0.451648 0.109067
0.166774 -0.467295 0.106853
0.196676 -0.288674 0.090702
0.203008 -0.314463 0.082147
0.200184 -0.210334 0.014856
0.203807 -0.219922 0.034729
0.184524 -0.231103 0.097455
0.187546 -0.258013 0.098956
0.155842 -0.168228 0.114186
0.156253 -0.143013 0.104540
0.186112 -0.716594 -0.062171
0.210438 -0.693420 -0.056150
0.222576 -0.707151 -0.050264
0.142286 -0.641844 -0.162200
0.191573 -0.288490 -0.060166
0.172069 -0.310911 -0.082629
0.184896 -0.211207 -0.040110
0.195304 -0.214826 -0.019260
0.191981 -0.218054 -0.030571
0.161448 -0.121946 -0.033882
0.168419 -0.119316 -0.018930
0.155058 -0.119073 -0.042600
0.182514 -0.184446 -0.044180
0.119222 -0.128480 -0.081463
0.166787 -0.476018 0.104418
0.166047 -0.503942 0.101551
0.164125 -0.522999 0.099960
0.167703 -0.518892 0.097178
0.170175 -0.550439 0.094570
0.170446 -0.539645 0.094682
0.165695 -0.540823 0.097436
0.165295 -0.598842 0.092805
0.174638 -0.597137 0.093176
0.171772 -0.596406 0.093535
0.172398 -0.586375 0.093785
0.170339 -0.602500 0.091982
0.189685 -0.607461 0.097772
0.184199 -0.599118 0.096753
0.166159 -0.643095 0.088887
0.165871 -0.649120 0.088810
0.169500 -0.626465 0.089427
0.176992 -0.622179 0.093209
0.181317 -0.624658 0.094974
0.170504 -0.665213 0.089725
0.175596 -0.665280 0.090251
0.169730 -0.670175 0.089763
0.171190 -0.643145 0.089854
0.173010 -0.638474 0.090515
0.175517 -0.700586 0.089368
0.184195 -0.699985 0.092446
0.171672 -0.698504 0.090154
0.255030 -0.697971 -0.012454
0.257556 -0.687982 -0.027449
0.226676 -0.697818 -0.052839
0.142053 -0.594813 -0.154514
0.142736 -0.559616 -0.148791
0.175393 -0.435059 0.103793
0.180457 -0.433158 0.096739
0.176323 -0.428882 0.105310
0.178394 -0.417601 0.106409
0.169609 -0.463041 0.104067
0.166731 -0.465183 0.108592
0.216851 -0.307370 -0.006651
0.209925 -0.335371 0.064057
0.212930 -0.293523 0.059011
0.184200 -0.241254 0.100338
0.187633 -0.249661 0.097290
0.178951 -0.184652 0.095264
0.199593 -0.716234 -0.060801
0.146260 -0.658633 -0.158117
0.165721 -0.309229 -0.087404
0.188646 -0.213702 -0.033627
0.182633 -0.213690 -0.047123
0.176303 -0.209470 -0.053545
0.173731 -0.277739 -0.086797
0.132939 -0.151241 -0.081959
0.166816 -0.488101 0.103341
0.166627 -0.475348 0.107701
0.166396 -0.495358 0.102836
0.165978 -0.510629 0.100126
0.171440 -0.521838 0.093968
0.163011 -0.512031 0.106202
0.161673 -0.549997 0.099910
0.163441 -0.563725 0.097259
0.164675 -0.637150 0.089578
0.181869 -0.616255 0.095247
0.173243 -0.603290 0.091471
0.170647 -0.609346 0.091111
0.176618 -0.644140 0.091684
0.179069 -0.639383 0.092331
0.184110 -0.646089 0.093786
0.172796 -0.634328 0.090545
0.186281 -0.633208 0.095484
0.190718 -0.693822 0.094627
0.151905 -0.609309 -0.142403
0.147152 -0.603834 -0.150536
0.158760 -0.566065 -0.134149
0.217090 -0.329344 0.008716
0.214720 -0.324087 -0.003746
0.210314 -0.280447 0.057338
0.205646 -0.229610 0.034860
0.175688 -0.167643 0.094906
0.168070 -0.146533 0.089920
0.171448 -0.158132 0.092919
0.145939 -0.631500 -0.156613
0.145428 -0.691815 -0.143911
0.153115 -0.648005 -0.147138
0.169925 -0.205631 -0.061822
0.202620 -0.224933 0.007778
0.199404 -0.232667 -0.022781
0.168488 -0.322924 -0.085358
0.135210 -0.188443 -0.095203
0.159117 -0.225922 -0.087311
0.143408 -0.152549 -0.072038
0.169022 -0.490656 0.098104
0.177751 -0.492008 0.090575
0.168591 -0.511064 0.097130
0.170319 -0.505263 0.095679
0.176966 -0.503837 0.091383
0.171916 -0.559129 0.093966
0.167960 -0.557095 0.095377
0.170754 -0.618564 0.090239
0.179228 -0.610162 0.093846
0.166975 -0.608297 0.091789
0.261782 -0.677292 0.002874
0.189579 -0.644731 0.094899
0.182750 -0.692966 0.091540
0.195732 -0.703855 0.091942
0.181607 -0.707411 0.090052
0.210355 -0.314452 -0.022205
0.215122 -0.323486 0.044241
0.172499 -0.151572 0.084830
0.187665 -0.223075 -0.048604
0.202005 -0.226816 -0.000971
0.151205 -0.132846 -0.056198
0.190500 -0.274539 -0.057940
0.194687 -0.277951 -0.051603
0.169416 -0.220371 -0.070100
0.170635 -0.527851 0.094356
0.167801 -0.526901 0.096276
0.183904 -0.613823 0.095836
0.189830 -0.620657 0.097038
0.267241 -0.691151 0.003708
0.192203 -0.634630 0.097035
0.194601 -0.711392 0.089931
0.183947 -0.688860 0.091731
0.219029 -0.700776 0.093257
0.189844 -0.325335 -0.061487
0.162168 -0.338011 -0.088732
0.171750 -0.513363 0.094297
0.168412 -0.534327 0.094861
0.172713 -0.533629 0.093781
0.175420 -0.528177 0.093653
0.174123 -0.536200 0.093705
0.174143 -0.550096 0.093956
0.175767 -0.559826 0.093026
0.173441 -0.568533 0.093636
0.178773 -0.582810 0.095665
0.193798 -0.607150 0.097513
0.208425 -0.651449 0.096707
0.202729 -0.646250 0.097137
0.194277 -0.661256 0.093661
0.197260 -0.617330 0.097718
0.186541 -0.712923 0.090381
0.195629 -0.678375 0.094938
0.188800 -0.680841 0.093147
0.205634 -0.324279 -0.033534
0.217220 -0.326993 0.026812
0.187278 -0.159712 0.062990
0.163996 -0.670866 -0.073252
0.150800 -0.665990 -0.135235
0.134749 -0.362446 -0.108451
0.162659 -0.219295 -0.077932
0.179845 -0.194480 -0.047614
0.177226 -0.512504 0.092313
0.178265 -0.525051 0.093522
0.218116 -0.631441 0.092039
0.206208 -0.629325 0.097534
0.211794 -0.689173 0.097028
0.216189 -0.345977 0.024996
0.195551 -0.273269 0.093188
0.206339 -0.272604 0.065212
0.201277 -0.227775 0.067659
0.201529 -0.236912 0.068191
0.152504 -0.703554 -0.104281
0.168079 -0.736321 -0.090908
0.180693 -0.232462 -0.064002
0.175629 -0.242328 -0.080547
0.178819 -0.535388 0.094987
0.183314 -0.551659 0.095733
0.169134 -0.568724 0.093983
0.178856 -0.568180 0.093618
0.212680 -0.680472 0.096059
0.215882 -0.674037 0.093001
0.213942 -0.675287 0.094697
0.218542 -0.667574 0.091480
0.213382 -0.664976 0.095248
0.215222 -0.651322 0.094395
0.214693 -0.335379 0.039827
0.203945 -0.249664 0.066428
0.149210 -0.670355 -0.093139
0.152197 -0.662026 -0.086131
0.192888 -0.241782 -0.052293
0.172797 -0.235113 -0.077215
0.172554 -0.333715 -0.079474
0.185349 -0.546777 0.096269
0.192970 -0.525660 0.096396
0.171359 -0.581452 0.093637
0.180053 -0.589236 0.096190
0.182344 -0.594959 0.096512
0.204647 -0.597745 0.096479
0.182996 -0.583633 0.096889
0.190465 -0.579697 0.097602
0.149520 -0.577239 -0.144444
0.196887 -0.215577 0.068111
0.183319 -0.479864 0.090260
0.190455 -0.560487 0.098203
0.207465 -0.660824 0.096928
0.210247 -0.670134 0.097344
0.218231 -0.679609 -0.057445
0.245538 -0.672390 -0.046308
0.238819 -0.652831 -0.048133
0.144150 -0.348952 -0.102550
0.177603 -0.482909 0.090853
0.180142 -0.486016 0.090819
0.170954 -0.477118 0.098967
0.170493 -0.471386 0.100498
0.183654 -0.463353 0.090483
0.215570 -0.575771 0.092315
0.215641 -0.568000 0.090483
0.199041 -0.572263 0.094366
0.216149 -0.571519 0.083716
0.216225 -0.574731 0.086882
0.213126 -0.557606 0.091676
0.204883 -0.265692 0.067959
0.204489 -0.278202 0.070165
0.149691 -0.361587 -0.099465
0.159280 -0.349204 -0.090505
0.202411 -0.250926 -0.026490
0.177205 -0.465748 0.093539
0.172494 -0.463424 0.098920
0.202479 -0.584002 0.096782
0.222812 -0.580680 0.074720
0.217905 -0.579167 0.081983
0.219421 -0.587242 0.077841
0.207890 -0.267482 0.060954
0.230575 -0.683464 -0.055950
0.231081 -0.659282 -0.052032
0.143313 -0.393458 -0.105587
0.137089 -0.400046 -0.112834
0.216855 -0.584976 0.087745
0.210250 -0.607209 0.096890
0.153085 -0.468337 -0.111576
0.161813 -0.467127 -0.103132
0.126638 -0.370717 -0.113563
0.242022 -0.690391 -0.053094
0.240178 -0.669909 -0.049683
0.153916 -0.393568 -0.097485
0.216354 -0.584781 0.092768
0.205854 -0.552644 0.097178
0.217318 -0.590066 0.084750
0.217085 -0.593439 0.090121
0.219355 -0.603545 0.088720
0.212281 -0.620843 0.095877
0.221653 -0.606414 0.083514
0.248465 -0.652616 -0.041349
0.243643 -0.651113 -0.044664
0.251384 -0.674710 -0.042208
0.220468 -0.619053 0.084701
0.252292 -0.653735 -0.038088
0.225328 -0.619726 0.071913
0.224184 -0.600867 0.073682
0.223502 -0.604824 0.078212
0.218430 -0.617375 0.088913
0.164291 -0.429960 -0.104817
0.153703 -0.433515 -0.115023
0.130904 -0.466583 -0.138797
0.222840 -0.624075 0.079318
0.171890 -0.415337 -0.090748
0.180774 -0.427948 -0.084378
0.168970 -0.379904 -0.083774
0.177451 -0.403922 -0.081361
0.161233 -0.387381 -0.091246
0.184619 -0.393782 -0.072101
0.149735 -0.134607 0.109348
0.151108 -0.127398 0.105208
0.178189 -0.221890 0.099785
0.177570 -0.398518 0.109685
0.206795 -0.325982 0.074369
0.196719 -0.351389 0.090279
0.203211 -0.341464 0.082909
0.198767 -0.366964 0.084436
0.202654 -0.359385 0.077892
0.206879 -0.351073 0.068269
0.207572 -0.335523 0.071066
0.205392 -0.367925 0.071003
0.194397 -0.374721 0.092235
0.210668 -0.357985 0.056694
0.194520 -0.175915 0.007808
0.198019 -0.191381 0.008242
0.194690 -0.170370 0.019500
0.197755 -0.173584 0.038959
0.199770 -0.190924 0.039814
0.191408 -0.175023 0.065754
0.195542 -0.191280 0.068093
0.186335 -0.171361 0.075244
0.173302 -0.117858 0.003378
0.148599 -0.496592 -0.133514
0.168617 -0.521671 -0.111258
0.171466 -0.509561 -0.103876
0.184815 -0.498839 -0.086015
0.192381 -0.503382 -0.077568
0.165454 -0.528735 -0.119170
0.196241 -0.474467 -0.077392
0.197445 -0.441234 -0.061397
0.188388 -0.428947 -0.074580
0.183317 -0.409186 0.102822
0.169181 -0.133486 -0.034862
0.178526 -0.136479 -0.013659
0.270832 -0.694390 0.037687
0.279883 -0.704115 0.022995
0.271297 -0.682363 0.033292
0.278334 -0.689138 0.027860
0.276340 -0.676018 0.027118
0.265906 -0.673588 0.037069
0.157721 -0.190637 0.120151
0.216704 -0.290795 -0.004939
0.191182 -0.441287 0.088038
0.179314 -0.446490 0.093090
0.182449 -0.439122 0.092127
0.189705 -0.458342 0.088879
0.199865 -0.428896 0.088617
0.198477 -0.408487 0.089016
0.207229 -0.414108 0.078196
0.204870 -0.431813 0.084064
0.202168 -0.448107 0.088847
0.187831 -0.424206 0.090066
0.187125 -0.410034 0.091953
0.197773 -0.396150 0.086914
0.203294 -0.403392 0.080960
0.202445 -0.413108 0.084507
0.190851 -0.392668 0.089985
0.190597 -0.264565 0.096651
0.189236 -0.158110 0.035556
0.183962 -0.150971 0.057299
0.191088 -0.161375 0.027517
0.186985 -0.153777 0.044125
0.193015 -0.166249 0.015721
0.195173 -0.168052 0.041376
0.193722 -0.166820 0.028210
0.192661 -0.164196 0.033885
0.187125 -0.149765 0.036607
0.186049 -0.148731 0.043420
0.187062 -0.146910 0.035158
0.181888 -0.148625 0.062694
0.186086 -0.142895 0.035402
0.185296 -0.144014 0.044932
0.180215 -0.140068 0.062237
0.214943 -0.276988 -0.000070
0.206855 -0.237589 0.030409
0.206507 -0.238020 0.035773
0.143585 -0.129360 -0.061808
0.137239 -0.146668 -0.075913
0.148179 -0.145393 -0.064427
0.147679 -0.150411 -0.066888
0.128068 -0.135749 -0.077606
0.162470 -0.134488 -0.044736
0.152024 -0.149163 -0.061279
0.162194 -0.159191 -0.060190
0.161629 -0.153501 -0.053150
0.167235 -0.159101 -0.051367
0.168800 -0.152784 -0.042730
0.149619 -0.160498 -0.078604
0.153523 -0.154704 -0.063793
0.147058 -0.155514 -0.072252
0.172161 -0.156854 -0.041137
0.163740 -0.156386 -0.053640
0.175818 -0.154260 -0.031908
0.178343 -0.159470 -0.034070
0.176127 -0.135774 -0.021199
0.184622 -0.158849 -0.016516
0.181888 -0.156703 -0.020806
0.176874 -0.162566 -0.039160
0.183859 -0.161721 -0.022675
0.182852 -0.163232 -0.028540
0.184052 -0.168012 -0.031809
0.186960 -0.161638 -0.014089
0.187232 -0.164912 -0.018108
0.189463 -0.170290 -0.019911
0.191281 -0.165024 0.006826
0.191590 -0.167536 0.002789
0.189139 -0.162103 -0.002605
0.187966 -0.159126 -0.003524
0.189792 -0.164977 -0.005202
0.181254 -0.153665 -0.018634
0.188244 -0.153957 0.002632
0.190057 -0.160647 0.008051
0.186547 -0.146883 0.007026
0.183578 -0.140215 0.006457
0.186156 -0.145861 0.019901
0.182438 -0.135577 0.005985
0.207531 -0.283019 -0.027654
0.204705 -0.264367 -0.025854
0.212073 -0.260378 0.002866
0.215220 -0.261461 0.034097
0.209981 -0.251790 0.030307
0.209758 -0.252184 0.036752
0.209248 -0.253934 0.004837
0.201261 -0.260349 -0.031773
0.149708 -0.253648 -0.110282
0.177328 -0.251380 -0.076111
0.190511 -0.254240 -0.053517
0.188604 -0.260970 -0.057264
0.273666 -0.669488 0.030660
0.215756 -0.688418 0.091462
0.259144 -0.679722 -0.034986
0.257356 -0.679020 -0.020969
0.259708 -0.663290 -0.026670
0.255638 -0.658373 -0.033155
0.265607 -0.644811 -0.013095
0.190025 -0.339036 -0.060555
0.172488 -0.347254 -0.078551
0.184637 -0.345368 -0.066844
0.197299 -0.334533 -0.048992
0.196074 -0.355973 -0.055424
0.197852 -0.414367 -0.058605
0.201661 -0.350126 -0.043777
0.172720 -0.266010 -0.082166
0.221709 -0.673579 0.080094
0.201611 -0.671328 -0.051949
0.177007 -0.672193 -0.061382
0.200859 -0.636238 -0.044038
0.208592 -0.654891 -0.050573
0.194887 -0.642895 -0.048820
0.213543 -0.621223 -0.042218
0.158724 -0.642667 -0.082754
0.166789 -0.652543 -0.072849
0.225313 -0.654198 -0.052824
0.215117 -0.351000 0.039283
0.215489 -0.361141 0.037056
0.215811 -0.347649 0.030692
0.217023 -0.359476 0.023476
0.211129 -0.368013 0.056125
0.207345 -0.369704 0.066303
0.207841 -0.381356 0.067754
0.214570 -0.363910 0.042413
0.211805 -0.383813 0.058877
0.216887 -0.370229 0.030677
0.208989 -0.399061 0.069568
0.215867 -0.427261 0.061706
0.216041 -0.423694 0.051867
0.212054 -0.399489 0.061690
0.218095 -0.448995 0.063562
0.216145 -0.391421 0.040762
0.216111 -0.374465 0.036941
0.218875 -0.403312 0.035777
0.216762 -0.422146 0.041610
0.218388 -0.390113 0.033135
0.225013 -0.413015 0.024702
0.221857 -0.422973 0.035291
0.220896 -0.404271 0.030135
0.226251 -0.407357 0.013869
0.220725 -0.389533 0.021743
0.217648 -0.447158 0.057623
0.225354 -0.425255 0.031084
0.223223 -0.395304 0.011135
0.216950 -0.444952 0.051334
0.218950 -0.441392 0.043785
0.221432 -0.440860 0.040023
0.223575 -0.460382 0.044177
0.223984 -0.465719 0.049081
0.224340 -0.468428 0.052883
0.230019 -0.468572 0.028737
0.229219 -0.448575 0.029865
0.228459 -0.473081 0.033487
0.226923 -0.474639 0.037686
0.227180 -0.479039 0.054206
0.207514 -0.453465 0.083404
0.205655 -0.461290 0.085624
0.209175 -0.466405 0.082194
0.214886 -0.454016 0.075994
0.189206 -0.478927 0.089663
0.183185 -0.493846 0.091305
0.182406 -0.506626 0.092329
0.191053 -0.512526 0.094869
0.186714 -0.518126 0.094541
0.200848 -0.478901 0.092219
0.205490 -0.502982 0.089267
0.208923 -0.483624 0.086016
0.193480 -0.531216 0.097039
0.205094 -0.534852 0.094435
0.198099 -0.520752 0.096859
0.212559 -0.520518 0.082009
0.211797 -0.486229 0.071122
0.200099 -0.508961 0.095229
0.207800 -0.523926 0.090524
0.215145 -0.536341 0.073453
0.209362 -0.502695 0.084393
0.211806 -0.504085 0.081284
0.210453 -0.520943 0.085635
0.214265 -0.512202 0.077446
0.247193 -0.697501 -0.052160
0.221868 -0.648962 0.083538
0.220521 -0.654932 0.088878
0.220071 -0.635452 0.087338
0.221591 -0.636679 0.083410
0.223060 -0.649206 0.079249
0.224387 -0.650503 0.074721
0.226462 -0.630739 0.074703
0.223115 -0.635016 0.079820
0.228337 -0.654483 0.067721
0.222250 -0.660388 0.082397
0.220426 -0.678116 0.083306
0.231362 -0.673971 0.069279
0.226337 -0.682697 0.071219
0.223757 -0.662433 0.075618
0.225452 -0.690319 0.077112
0.223832 -0.689791 0.080385
0.242355 -0.610465 0.042372
0.143434 -0.458177 -0.130425
0.180268 -0.385082 0.110045
0.182824 -0.395252 0.104586
0.190583 -0.365696 0.098944
0.180547 -0.523028 -0.086016
0.195561 -0.526658 -0.068279
0.175977 -0.498367 -0.096662
0.200222 -0.450399 -0.049628
0.200173 -0.466551 -0.069795
0.187654 -0.459029 -0.087214
0.181042 -0.455357 -0.091909
0.169453 -0.423687 -0.097273
0.166929 -0.453116 -0.099676
0.176529 -0.468144 -0.094853
0.263197 -0.681964 0.043067
0.258588 -0.672347 0.049730
0.261981 -0.667080 0.042266
0.245498 -0.679379 0.061515
0.237413 -0.676439 0.066406
0.180299 -0.469559 0.091043
0.201583 -0.464699 0.091135
0.197142 -0.383406 0.086914
0.200539 -0.390620 0.085158
0.187335 -0.150183 0.024637
0.177702 -0.130240 0.059056
0.181589 -0.131586 0.033454
0.183622 -0.137241 0.026664
0.185674 -0.143510 0.024665
0.174674 -0.165395 -0.045653
0.168274 -0.170140 -0.060710
0.192299 -0.163828 0.017260
0.207035 -0.253666 -0.009113
0.173114 -0.252468 -0.082772
0.268566 -0.659285 0.034597
0.263188 -0.660441 0.039735
0.278451 -0.674721 0.018328
0.272857 -0.667683 0.014902
0.264009 -0.655771 0.008761
0.268947 -0.673343 0.010008
0.204029 -0.334688 -0.035976
0.208720 -0.347314 -0.027628
0.214317 -0.354645 -0.011585
0.205276 -0.402148 -0.048738
0.158181 -0.620620 -0.130536
0.172274 -0.617363 -0.066739
0.166385 -0.591815 -0.084279
0.166109 -0.606898 -0.087763
0.169284 -0.629162 -0.071203
0.166567 -0.631504 -0.076256
0.216491 -0.640411 -0.048036
0.182208 -0.665415 -0.057137
0.180785 -0.634276 -0.054054
0.177054 -0.583057 -0.068927
0.174951 -0.545889 -0.090031
0.196395 -0.602022 -0.046643
0.169758 -0.575774 -0.082677
0.186891 -0.614939 -0.051061
0.222721 -0.608246 -0.036146
0.221643 -0.628533 -0.044061
0.182050 -0.553967 -0.076083
0.197707 -0.563204 -0.056379
0.237535 -0.624059 -0.039312
0.213288 -0.595196 -0.035297
0.169120 -0.565626 -0.101437
0.144927 -0.671450 -0.114377
0.147305 -0.675766 -0.126338
0.218796 -0.370473 0.011333
0.217461 -0.349056 0.007780
0.217125 -0.355328 0.019506
0.219397 -0.376936 0.014371
0.219696 -0.380226 0.016668
0.223119 -0.393043 0.006533
0.221215 -0.384537 0.005269
0.220738 -0.383112 0.000646
0.227143 -0.410160 0.005448
0.226462 -0.406836 0.003327
0.217990 -0.368887 0.001121
0.225322 -0.400067 -0.000853
0.222495 -0.414078 -0.023243
0.212331 -0.376464 -0.031949
0.200015 -0.373312 0.082044
0.226710 -0.446866 0.034898
0.225239 -0.456762 0.039032
0.231525 -0.642150 0.064199
0.218856 -0.686772 0.086920
0.224117 -0.699776 0.085179
0.232030 -0.583079 0.062003
0.226156 -0.609699 0.065709
0.205751 -0.529100 -0.042395
0.205996 -0.494112 -0.055182
0.208638 -0.550572 -0.032230
0.207400 -0.492638 -0.044577
0.202498 -0.543890 -0.048136
0.200158 -0.523757 -0.062862
0.188297 -0.529877 -0.076198
0.213062 -0.529445 -0.026767
0.213384 -0.494793 -0.027420
0.228469 -0.486148 -0.018073
0.206243 -0.566947 -0.037378
0.210311 -0.498774 -0.035502
0.220931 -0.491602 -0.018966
0.236681 -0.492966 -0.014333
0.233933 -0.474660 -0.015208
0.211220 -0.462385 -0.031056
0.219922 -0.461562 -0.023558
0.237875 -0.454856 -0.006931
0.239560 -0.484886 -0.012012
0.239035 -0.472080 -0.009893
0.240280 -0.465512 0.003369
0.240095 -0.461724 -0.003856
0.247718 -0.496248 -0.004382
0.226880 -0.447439 -0.019306
0.228560 -0.423842 -0.019061
0.225158 -0.399459 -0.008457
0.243062 -0.489049 -0.010419
0.242119 -0.475949 -0.003561
0.231163 -0.420920 -0.009759
0.228695 -0.414304 -0.001814
0.241410 -0.504861 -0.013229
0.244365 -0.480556 0.005488
0.233963 -0.427062 -0.007373
0.254448 -0.515445 0.000148
0.230644 -0.455996 0.011731
0.228569 -0.432411 0.025396
0.232354 -0.461069 0.022743
0.229872 -0.427568 0.014513
0.230175 -0.427053 0.004352
0.232634 -0.440977 0.006162
0.236046 -0.433937 -0.003478
0.235064 -0.454241 -0.013770
0.236903 -0.445183 0.001086
0.208011 -0.238944 0.002876
0.268615 -0.648933 0.035114
0.252018 -0.651195 0.044361
0.236354 -0.652655 0.060365
0.240393 -0.657177 0.057522
0.231196 -0.626857 0.058561
0.227541 -0.607285 0.060285
0.246765 -0.627926 0.046703
0.261307 -0.630662 0.035954
0.261078 -0.574844 0.022064
0.267846 -0.637341 0.031519
0.268635 -0.629290 0.027496
0.247704 -0.601132 0.038852
0.273787 -0.657576 0.028262
0.266437 -0.646126 0.013305
0.270965 -0.645187 0.020105
0.272618 -0.645229 0.027694
0.275103 -0.656808 0.021334
0.264808 -0.630303 0.009959
0.213025 -0.334335 -0.013959
0.168120 -0.601373 -0.099459
0.168001 -0.606800 -0.110611
0.172132 -0.550913 -0.098557
0.186762 -0.566819 -0.064852
0.204337 -0.591323 -0.040500
0.235183 -0.599639 -0.032235
0.242897 -0.621030 -0.034200
0.240018 -0.599314 -0.028616
0.229769 -0.420541 0.000999
0.220494 -0.388616 -0.013424
0.218697 -0.394809 -0.027808
0.214809 -0.538544 0.079560
0.212810 -0.544274 0.088761
0.214243 -0.537632 0.084118
0.224196 -0.555960 0.066791
0.215794 -0.557007 0.078370
0.214771 -0.562589 0.086568
0.214915 -0.556511 0.082934
0.217850 -0.567814 0.077317
0.234495 -0.557201 0.056408
0.234381 -0.536438 0.048863
0.227414 -0.527200 0.061899
0.226720 -0.581514 0.070967
0.232811 -0.541982 0.053436
0.236510 -0.583111 0.049769
0.244369 -0.602198 0.040588
0.212547 -0.431366 -0.028116
0.229324 -0.499432 -0.016903
0.220497 -0.516771 -0.020931
0.227546 -0.519885 -0.016581
0.237050 -0.510522 -0.014865
0.215612 -0.566324 -0.027625
0.221212 -0.557205 -0.021762
0.248630 -0.572977 -0.022137
0.227274 -0.552475 -0.018596
0.230555 -0.606872 -0.035199
0.243794 -0.594258 -0.024245
0.228498 -0.580353 -0.024079
0.232922 -0.572786 -0.021496
0.222691 -0.592140 -0.028404
0.237744 -0.570784 -0.021029
0.239075 -0.583704 -0.025847
0.243596 -0.558580 -0.018749
0.239818 -0.555200 -0.017261
0.253179 -0.575580 -0.021288
0.244632 -0.576028 -0.023012
0.256104 -0.581519 -0.019838
0.257775 -0.558899 -0.013816
0.252681 -0.591221 -0.022538
0.260590 -0.583623 -0.015707
0.246990 -0.549795 -0.016942
0.252341 -0.563564 -0.018903
0.266369 -0.615444 -0.017676
0.231571 -0.431146 -0.015954
0.249272 -0.518517 -0.008880
0.232192 -0.491149 0.024973
0.231526 -0.490175 0.033213
0.232885 -0.497793 0.019705
0.234829 -0.503262 0.031544
0.234176 -0.507031 0.036381
0.238226 -0.521662 0.026326
0.238980 -0.518483 0.016508
0.240670 -0.538377 0.029912
0.238260 -0.529259 0.034522
0.235682 -0.529987 0.042861
0.236205 -0.514601 0.032550
0.230912 -0.500201 0.042459
0.233364 -0.514470 0.043679
0.235944 -0.522363 0.039650
0.252632 -0.545070 0.015178
0.247405 -0.558875 0.030864
0.238378 -0.537526 0.036188
0.245222 -0.546662 0.023246
0.242037 -0.549389 0.036805
0.245097 -0.554837 0.034185
0.237799 -0.540103 0.039118
0.237073 -0.544330 0.042275
0.263515 -0.572107 -0.007136
0.253907 -0.547841 -0.013575
0.264905 -0.561599 0.003682
0.258239 -0.539246 -0.009297
0.233033 -0.544613 -0.016450
0.234361 -0.527793 -0.014622
0.244921 -0.531231 -0.015130
0.256175 -0.638557 0.039962
0.271039 -0.627502 0.022966
0.265181 -0.624015 0.031155
0.265099 -0.609318 0.028643
0.251745 -0.599315 0.036774
0.257706 -0.610139 0.034624
0.227133 -0.480613 0.045225
0.222038 -0.489508 0.063352
0.229475 -0.497846 0.047882
0.227973 -0.495899 0.054202
0.232564 -0.515732 0.048124
0.237109 -0.557055 0.043753
0.248416 -0.596609 -0.023520
0.251895 -0.605632 -0.025116
0.256112 -0.600106 -0.022810
0.246337 -0.615817 -0.030234
0.248572 -0.621088 -0.028777
0.254385 -0.625952 -0.024863
0.260219 -0.612639 -0.021122
0.245258 -0.517837 -0.013725
0.263786 -0.571230 0.013879
0.252527 -0.567138 0.025701
0.252577 -0.622456 0.038163
0.255248 -0.618138 0.036640
0.260364 -0.620330 0.034814
0.257677 -0.597320 0.032891
0.253571 -0.592495 0.035530
0.256104 -0.645305 -0.023717
0.232574 -0.631238 -0.044776
0.246335 -0.637048 -0.038053
0.216919 -0.506671 0.066938
0.239725 -0.556459 0.039854
0.239428 -0.573195 0.043572
0.242735 -0.564063 0.036256
0.241223 -0.568442 0.039531
0.243072 -0.576951 0.036833
0.243444 -0.584913 0.039221
0.244271 -0.573530 0.033056
0.247216 -0.574344 0.029941
0.253312 -0.581482 0.028094
0.266248 -0.592287 0.014791
0.265371 -0.632109 -0.003129
0.230259 -0.511543 0.056317
0.210483 -0.485195 0.077466
0.209870 -0.487873 0.081720
0.268343 -0.604992 0.006356
0.269339 -0.604719 -0.001149
0.265771 -0.608455 0.020979
0.261941 -0.597638 0.026457
0.267461 -0.618524 0.016293
-0.184249 -0.745589 0.131361
-0.200023 -0.743533 0.120008
-0.250919 -0.733463 0.075385
-0.242709 -0.731304 0.061087
-0.246201 -0.734097 0.055972
-0.248593 -0.734043 0.052071
-0.238508 -0.737779 0.033006
-0.219443 -0.740525 0.008014
-0.220900 -0.740195 -0.006610
-0.224161 -0.739910 -0.013065
-0.261429 -0.737667 -0.058215
-0.263249 -0.737023 -0.063534
-0.253824 -0.738132 -0.068167
-0.247870 -0.737391 -0.072470
-0.207337 -0.745502 -0.076912
-0.193932 -0.747785 -0.088382
-0.182977 -0.749511 -0.101600
-0.178941 -0.750413 -0.107435
-0.164670 -0.753122 -0.126639
-0.186892 -0.120928 -0.014776
-0.141346 -0.125124 0.113185
-0.135734 -0.124378 0.119079
-0.079833 -0.131183 0.169007
-0.053716 -0.131680 0.179557
-0.045553 -0.131127 0.182188
-0.024786 -0.134749 0.186700
0.065210 -0.138331 0.178362
0.082995 -0.136702 0.166846
0.105855 -0.135854 0.150744
0.116806 -0.132466 0.141919
0.173225 -0.743288 0.073646
0.174916 -0.742591 0.080415
0.178002 -0.742824 0.088502
0.177356 -0.744938 0.101598
0.184913 -0.746720 0.113811
0.192148 -0.747998 0.124536
0.190704 -0.748664 0.153617
0.169217 -0.749976 0.164663
0.158718 -0.751206 0.162108
0.131626 -0.750962 0.160568
0.122367 -0.753104 0.160899
0.114355 -0.754056 0.160917
0.044341 -0.753570 0.158202
-0.035753 -0.751175 0.155797
-0.048636 -0.751175 0.152135
-0.058889 -0.749464 0.159652
-0.105439 -0.749199 0.167482
-0.137729 -0.326041 0.136168
0.074978 -0.228726 0.163510
-0.012190 -0.227511 0.175941
-0.040419 -0.228134 0.172093
-0.170443 -0.712066 0.149356
-0.236532 -0.704362 0.041611
-0.240666 -0.707107 -0.019139
-0.241205 -0.722694 -0.066132
-0.230929 -0.725735 -0.075093
-0.195549 -0.724690 -0.079864
-0.189635 -0.737793 -0.086939
-0.187418 -0.739077 -0.091484
-0.113240 -0.731725 0.160534
-0.108155 -0.723133 0.159226
-0.064556 -0.749348 0.163753
0.024773 -0.723049 0.161941
0.177545 -0.725513 0.104432
0.172861 -0.724679 0.092389
0.172859 -0.722601 0.084564
0.163929 -0.727387 0.077818
-0.257859 -0.724433 -0.051116
-0.190594 -0.744574 0.126571
-0.131965 -0.164871 0.131500
-0.159647 -0.115236 -0.061567
0.172771 -0.713411 0.098275
-0.092413 -0.271626 0.142306
0.163576 -0.336713 0.129113
0.168767 -0.326698 0.123209
0.165866 -0.322410 0.125773
0.169036 -0.735170 0.074554
0.173151 -0.734555 0.086153
0.169345 -0.730608 0.076611
-0.181778 -0.737926 -0.101976
-0.175821 -0.730026 -0.115389
-0.242030 -0.735705 -0.078120
-0.224446 -0.723439 0.016890
-0.219197 -0.721202 -0.005264
-0.216670 -0.742111 0.108421
-0.218146 -0.720453 0.110576
-0.141337 -0.407148 0.134873
-0.201963 -0.329567 -0.051429
-0.186186 -0.235990 -0.066135
-0.186515 -0.252342 -0.067830
-0.180632 -0.216025 -0.067820
-0.182970 -0.150567 -0.039419
0.194183 -0.738707 0.126453
0.168403 -0.709700 0.084276
0.162306 -0.312360 0.128985
0.174256 -0.739462 0.083967
-0.223371 -0.741431 -0.070023
-0.250662 -0.682157 -0.067637
-0.184250 -0.738534 -0.097343
-0.247497 -0.720482 -0.065210
-0.176116 -0.729814 0.134099
-0.155025 -0.748898 0.153474
-0.172353 -0.747125 0.137070
-0.227917 -0.715725 0.103542
-0.231267 -0.721344 -0.015081
-0.207333 -0.742861 0.114991
-0.206572 -0.346900 0.068962
-0.194096 -0.445186 -0.073405
-0.176345 -0.301506 -0.086742
-0.184164 -0.208984 -0.060440
-0.179283 -0.198587 -0.065556
-0.183176 -0.193175 -0.059288
-0.176803 -0.186780 -0.066532
-0.214010 -0.274429 0.025196
-0.166296 -0.295317 0.113338
-0.168127 -0.147621 -0.063759
-0.159537 -0.130554 -0.063177
-0.146309 -0.750793 0.161140
-0.123494 -0.750772 0.166122
-0.119516 -0.738220 0.162887
-0.095993 -0.730614 0.158090
-0.044408 -0.731482 0.156331
-0.085910 -0.724409 0.158734
0.072587 -0.754108 0.160396
0.101639 -0.753656 0.160703
0.085563 -0.753611 0.159688
0.144239 -0.751876 0.158272
0.170717 -0.734531 0.162937
0.196095 -0.748051 0.146150
0.182383 -0.742011 0.108079
0.178907 -0.740581 0.102177
0.194334 -0.709950 0.125734
0.166682 -0.683157 0.102330
0.175005 -0.718807 0.103910
0.165229 -0.713371 0.084543
0.164314 -0.708116 0.088909
-0.037703 -0.314232 0.146908
0.000863 -0.290965 0.150039
0.128367 -0.163437 0.138989
0.129237 -0.132679 0.132914
0.129557 -0.144004 0.132564
0.160978 -0.444556 0.145930
0.080694 -0.348326 0.159166
0.167316 -0.338376 0.125318
0.105086 -0.224704 0.154217
0.131744 -0.212157 0.140268
0.156823 -0.317005 0.133640
0.178703 -0.739333 0.092210
-0.230306 -0.739114 -0.069763
-0.254448 -0.722531 -0.064078
-0.261449 -0.723024 -0.062477
-0.263346 -0.724324 -0.058193
-0.255686 -0.737565 -0.038712
-0.245876 -0.730089 -0.067479
-0.244147 -0.715784 0.051982
-0.241343 -0.716183 0.037879
-0.241563 -0.736329 0.091556
-0.245262 -0.734851 0.085132
-0.225066 -0.739531 0.015427
-0.217383 -0.713404 0.010708
-0.162105 -0.748001 0.147405
-0.213529 -0.692799 0.112980
-0.233646 -0.739089 -0.015992
-0.226816 -0.722813 -0.011707
-0.247251 -0.714205 -0.021835
-0.189058 -0.488252 -0.099140
-0.167675 -0.361297 -0.090529
-0.214223 -0.295271 -0.010317
-0.186483 -0.304906 -0.074348
-0.208582 -0.216125 0.021787
-0.170653 -0.201841 0.095876
-0.116942 -0.750098 0.166634
-0.094461 -0.751455 0.156610
-0.025925 -0.750832 0.161796
-0.013875 -0.753301 0.166317
0.039860 -0.710846 0.158867
0.141118 -0.728942 0.158095
0.194167 -0.727332 0.125873
0.184270 -0.741307 0.113569
0.195257 -0.748124 0.135726
0.181233 -0.745467 0.106783
0.182474 -0.738919 0.107859
0.179472 -0.734715 0.100309
0.176268 -0.730233 0.093444
0.180822 -0.730317 0.159864
0.177723 -0.705104 0.098788
0.181344 -0.707447 0.103395
0.170826 -0.716273 0.089375
0.161424 -0.703938 0.091814
-0.108152 -0.230142 0.143809
0.045418 -0.222098 0.175748
0.126977 -0.173734 0.142038
0.078827 -0.145546 0.172208
0.126421 -0.151660 0.140036
0.126307 -0.131157 0.134110
0.168976 -0.413874 0.125508
0.168436 -0.372026 0.126156
0.142381 -0.318925 0.142451
-0.177011 -0.716157 -0.113573
-0.165818 -0.692089 -0.129471
-0.182507 -0.712083 -0.101180
-0.248428 -0.734284 0.069304
-0.244852 -0.724289 0.056358
-0.206088 -0.720973 0.114882
-0.182828 -0.501546 -0.108359
-0.236366 -0.700486 0.064565
-0.231843 -0.683312 0.081725
-0.167020 -0.431632 -0.097649
-0.200036 -0.317804 -0.053229
-0.190152 -0.315790 -0.070173
-0.180961 -0.318903 -0.081448
-0.170313 -0.330353 -0.092055
-0.167314 -0.350744 -0.090999
-0.196877 -0.206474 -0.040145
-0.206372 -0.203945 -0.013407
-0.204035 -0.209797 0.042467
-0.189042 -0.209806 0.076894
-0.153560 -0.129161 0.101371
-0.171926 -0.119359 0.078168
-0.119225 -0.227497 0.133670
-0.149912 -0.222563 0.116051
-0.147109 -0.302568 0.129540
-0.086323 -0.214749 0.156784
-0.176822 -0.118317 -0.037425
-0.131894 -0.750271 0.166732
0.011025 -0.727879 0.168619
0.031523 -0.753721 0.161925
0.165656 -0.509305 0.121048
0.172368 -0.537745 0.124363
0.166975 -0.579510 0.113104
0.166203 -0.545252 0.116465
0.157409 -0.657332 0.101032
0.159082 -0.661381 0.102085
0.158863 -0.653702 0.103370
0.160586 -0.639487 0.105785
0.162404 -0.621286 0.106348
0.178998 -0.725939 0.109373
0.157345 -0.671722 0.099855
0.159307 -0.670989 0.101857
0.169852 -0.702457 0.091673
0.178766 -0.713357 0.107942
0.185652 -0.700664 0.107272
0.183522 -0.706349 0.110605
0.182496 -0.702436 0.103776
0.170404 -0.700966 0.099598
0.192692 -0.710302 0.117870
0.168615 -0.720430 0.079839
0.163937 -0.704835 0.088965
-0.012743 -0.143686 0.190610
-0.021342 -0.319684 0.148900
0.050738 -0.231876 0.170032
0.146880 -0.170820 0.123678
0.102875 -0.142187 0.153789
0.114279 -0.144592 0.145214
0.164991 -0.454434 0.123098
0.167892 -0.420632 0.119636
0.170455 -0.405969 0.125154
0.061523 -0.337732 0.158032
0.092032 -0.322863 0.156402
0.171343 -0.381602 0.122723
0.157183 -0.207184 0.120284
0.132293 -0.197316 0.141028
0.103962 -0.232587 0.150401
0.148162 -0.294190 0.139957
0.162644 -0.303354 0.128937
-0.173360 -0.537668 -0.119223
-0.202361 -0.725742 -0.073198
-0.219308 -0.707685 -0.076384
-0.225123 -0.712636 -0.072065
-0.261717 -0.713487 -0.057883
-0.256206 -0.714802 -0.065970
-0.167435 -0.660781 -0.128326
-0.190368 -0.713553 -0.085504
-0.173620 -0.702274 0.142738
-0.191746 -0.724446 0.120695
-0.242838 -0.739339 -0.019679
-0.238550 -0.709224 0.093015
-0.169706 -0.390031 -0.091203
-0.168922 -0.408603 -0.093554
-0.203872 -0.309067 -0.044444
-0.213445 -0.304463 -0.008108
-0.186758 -0.274842 -0.070170
-0.177634 -0.275105 -0.082104
-0.183859 -0.259866 -0.072316
-0.173825 -0.173830 -0.065587
-0.195254 -0.191697 -0.039583
-0.207065 -0.208616 -0.011101
-0.204507 -0.193918 0.025841
-0.191981 -0.119820 0.019469
-0.157691 -0.122339 0.094349
-0.139165 -0.130325 0.117544
-0.118121 -0.123559 0.138477
-0.129908 -0.226605 0.128688
-0.185968 -0.135510 -0.024052
-0.184164 -0.129770 -0.016753
-0.172768 -0.123367 -0.039574
-0.028477 -0.725449 0.159083
-0.053131 -0.695738 0.162463
0.165185 -0.523525 0.115707
0.159498 -0.599481 0.104624
0.160567 -0.610282 0.103545
0.162636 -0.589775 0.107491
0.160657 -0.559916 0.109508
0.195871 -0.720878 0.131789
0.158587 -0.650526 0.102121
0.157870 -0.640480 0.102402
0.159849 -0.647388 0.104876
0.159485 -0.628356 0.103582
0.159274 -0.617743 0.102412
0.159828 -0.682830 0.099896
0.172420 -0.691716 0.100654
0.162492 -0.687957 0.098338
0.157556 -0.682454 0.097933
0.159137 -0.696618 0.096317
0.171121 -0.705623 0.090120
0.173944 -0.703085 0.095039
0.166377 -0.699569 0.097587
0.169278 -0.696077 0.098403
0.165020 -0.703217 0.092316
0.175019 -0.701741 0.102423
0.167673 -0.706352 0.087118
-0.079745 -0.305240 0.141494
-0.093530 -0.308605 0.140529
-0.095185 -0.301731 0.139028
0.003435 -0.135903 0.191694
-0.001743 -0.153617 0.195072
0.014763 -0.226521 0.175609
0.022697 -0.229951 0.174009
0.074781 -0.233701 0.161436
0.075016 -0.216834 0.168460
0.105234 -0.156873 0.156069
0.103400 -0.175687 0.160183
0.088583 -0.162676 0.166859
0.164105 -0.466821 0.115100
0.164806 -0.440477 0.118684
0.168103 -0.420275 0.116634
0.080786 -0.327234 0.157068
0.118382 -0.311079 0.153078
0.147001 -0.325021 0.141278
0.171535 -0.391124 0.123188
0.166506 -0.348031 0.126663
0.171594 -0.369474 0.121863
0.149003 -0.334814 0.143411
0.135317 -0.309537 0.146635
-0.178499 -0.646458 -0.114529
-0.173405 -0.639385 -0.123512
-0.172756 -0.609329 -0.124196
-0.176408 -0.658825 -0.117100
-0.245612 -0.706505 -0.068759
-0.227134 -0.709348 -0.013265
-0.184225 -0.701551 -0.097812
-0.136967 -0.730367 0.165424
-0.121566 -0.713519 0.166049
-0.114994 -0.721054 0.162798
-0.165998 -0.318019 0.116930
-0.170506 -0.482407 -0.108043
-0.172828 -0.510651 -0.114170
-0.245552 -0.711712 0.058179
-0.169639 -0.383206 -0.090496
-0.178791 -0.381769 -0.081450
-0.178475 -0.422999 -0.089609
-0.188486 -0.410775 -0.078299
-0.182038 -0.357602 -0.077248
-0.207434 -0.300709 -0.039092
-0.206841 -0.221684 -0.010835
-0.183033 -0.289129 -0.077269
-0.171554 -0.162245 -0.063697
-0.186555 -0.132201 -0.010509
-0.201690 -0.301298 0.071126
-0.203290 -0.220155 0.052828
-0.202474 -0.231620 0.054407
-0.170398 -0.216841 0.097816
-0.150724 -0.202491 0.116585
-0.131349 -0.128167 0.125235
-0.130444 -0.210232 0.133089
-0.109466 -0.210716 0.145804
0.161198 -0.510852 0.109417
0.164448 -0.498184 0.113046
0.154414 -0.726062 0.158631
0.153555 -0.706951 0.159073
0.160864 -0.594500 0.105770
0.166372 -0.594830 0.107155
0.159627 -0.587006 0.105121
0.160443 -0.579691 0.107996
0.161071 -0.547406 0.111146
0.163728 -0.626924 0.107147
0.168796 -0.628420 0.109490
0.158085 -0.624389 0.101021
0.181616 -0.693996 0.106909
-0.107790 -0.221958 0.141637
-0.089501 -0.226831 0.151182
-0.055020 -0.219904 0.169302
-0.039883 -0.210796 0.175849
0.011893 -0.327413 0.152449
-0.009110 -0.309590 0.148506
0.073128 -0.257979 0.157657
0.043885 -0.240043 0.168899
0.017438 -0.207239 0.186295
0.052862 -0.139762 0.185109
0.165031 -0.453864 0.115972
0.165760 -0.440259 0.115281
0.166918 -0.431669 0.117571
0.167507 -0.426065 0.123209
0.169992 -0.407237 0.119944
0.172920 -0.397487 0.118149
0.170842 -0.399922 0.124732
0.047105 -0.333152 0.155885
0.113490 -0.321914 0.156020
0.082089 -0.314855 0.156177
0.139822 -0.347905 0.149229
0.133802 -0.337725 0.148628
0.162278 -0.346070 0.130929
-0.174243 -0.560557 -0.123479
-0.223958 -0.693948 -0.071161
-0.222938 -0.709549 -0.010707
-0.214681 -0.694309 0.022166
-0.241472 -0.708765 0.046603
-0.173284 -0.689468 -0.118795
-0.187332 -0.700825 -0.091442
-0.199345 -0.713909 0.117006
-0.127748 -0.725489 0.166908
-0.176291 -0.440758 -0.094009
-0.172262 -0.453761 -0.102450
-0.179293 -0.512084 -0.112747
-0.189603 -0.500353 -0.103995
-0.243805 -0.715680 0.083296
-0.174717 -0.404251 -0.088768
-0.183299 -0.413521 -0.083779
-0.173048 -0.419461 -0.092552
-0.214630 -0.307146 -0.001462
-0.213582 -0.313978 -0.006718
-0.211587 -0.319625 0.056451
-0.209436 -0.325728 -0.027927
-0.184460 -0.298206 -0.076424
-0.182733 -0.172796 -0.054564
-0.191668 -0.173857 -0.040667
-0.179644 -0.134084 0.071733
0.042531 -0.738613 0.158323
0.033659 -0.731754 0.159801
0.161970 -0.507850 0.113593
0.166249 -0.514010 0.119924
0.163078 -0.486634 0.114392
0.164454 -0.490966 0.112219
0.162280 -0.724404 0.160445
0.121241 -0.713515 0.157216
0.074000 -0.716466 0.153432
0.163613 -0.600098 0.104766
0.159338 -0.575816 0.105269
0.160982 -0.569814 0.107898
0.169272 -0.572122 0.115539
0.164197 -0.571967 0.112737
0.173616 -0.571159 0.118932
0.171088 -0.590707 0.112129
0.172082 -0.581485 0.115355
0.164664 -0.584883 0.110112
0.159416 -0.559917 0.106632
0.164051 -0.563583 0.112320
0.162475 -0.554246 0.111675
0.168446 -0.555941 0.117017
0.159907 -0.549955 0.108181
0.160568 -0.540209 0.109470
0.187621 -0.722252 0.157087
0.170920 -0.725142 0.162260
0.164360 -0.641132 0.107163
0.168475 -0.646452 0.107424
0.163624 -0.651648 0.105590
0.163440 -0.647793 0.106307
0.169624 -0.656053 0.106537
0.176994 -0.642865 0.111591
0.173465 -0.644810 0.109127
0.162585 -0.614781 0.104371
0.168965 -0.618704 0.110047
0.175643 -0.632562 0.111519
0.174303 -0.639154 0.109740
0.172877 -0.624645 0.110160
-0.041673 -0.232227 0.171691
-0.091165 -0.232441 0.153211
-0.067997 -0.232236 0.164306
-0.015111 -0.165872 0.188767
-0.056279 -0.150636 0.179580
-0.012504 -0.231160 0.173634
0.166507 -0.478325 0.123651
0.164961 -0.475786 0.119343
0.166050 -0.438714 0.125834
0.167546 -0.428394 0.117383
0.119177 -0.327372 0.153839
0.082359 -0.335785 0.159648
0.082775 -0.305825 0.157086
-0.184207 -0.563808 -0.116019
-0.176480 -0.591051 -0.122024
-0.188057 -0.572259 -0.108612
-0.193083 -0.551859 -0.101872
-0.215446 -0.682866 -0.070341
-0.237240 -0.701123 -0.069095
-0.230291 -0.706983 -0.066561
-0.258704 -0.694032 -0.060728
-0.219271 -0.706931 0.003778
-0.240959 -0.698003 0.049940
-0.178681 -0.700380 -0.110218
-0.102824 -0.725286 0.156510
-0.093863 -0.715789 0.157013
-0.115713 -0.314927 0.139179
-0.244526 -0.712641 0.065581
-0.211650 -0.306968 -0.015196
-0.174605 -0.355343 -0.084295
-0.187351 -0.284466 -0.071257
-0.202550 -0.190550 -0.009758
-0.206266 -0.204992 0.004555
-0.216522 -0.294911 0.026332
-0.207920 -0.233946 0.031189
-0.177746 -0.197701 0.088321
-0.182803 -0.191864 0.082863
-0.171035 -0.198553 0.095433
-0.180757 -0.155178 0.075737
-0.161966 -0.139734 0.096017
-0.165825 -0.153960 0.098205
-0.123177 -0.232447 0.135260
-0.155299 -0.289861 0.121151
-0.129764 -0.203821 0.132042
-0.084691 -0.698530 0.151586
0.160854 -0.518568 0.111797
0.161429 -0.528066 0.109543
0.166019 -0.475655 0.114367
0.174316 -0.589757 0.115026
0.170381 -0.595385 0.109890
0.172867 -0.556618 0.120788
0.168657 -0.564979 0.115764
0.166356 -0.557973 0.114841
0.163704 -0.536193 0.114898
0.168572 -0.635657 0.108676
0.162379 -0.634319 0.107100
0.176443 -0.620334 0.111474
-0.110303 -0.300631 0.137068
-0.067198 -0.299362 0.142397
-0.063566 -0.315946 0.145149
0.050157 -0.152371 0.185301
0.077062 -0.162666 0.172491
0.167603 -0.471950 0.127534
0.165551 -0.447987 0.115473
0.167097 -0.448825 0.126010
0.046421 -0.356686 0.157216
0.036123 -0.320681 0.153631
0.041650 -0.339286 0.156481
0.103830 -0.247980 0.147816
0.101967 -0.240246 0.149354
0.135264 -0.247965 0.136130
0.132355 -0.233889 0.136752
0.144450 -0.280597 0.142523
-0.180376 -0.539208 -0.114057
-0.185400 -0.641595 -0.107108
-0.182095 -0.662399 -0.104335
-0.258235 -0.696440 -0.053460
-0.217781 -0.717722 -0.000654
-0.237590 -0.686520 0.052965
-0.237842 -0.696668 0.056959
-0.233858 -0.683553 0.066573
-0.231763 -0.685447 0.070782
-0.240345 -0.709942 0.072759
-0.196268 -0.396566 -0.067577
-0.175226 -0.390435 -0.086116
-0.196695 -0.190460 0.057207
-0.209523 -0.290459 0.054858
-0.147104 -0.138504 0.112010
-0.131443 -0.188853 0.132260
-0.059428 -0.713074 0.158200
0.162461 -0.525141 0.113213
0.066162 -0.719820 0.158250
0.172399 -0.545136 0.123407
0.171999 -0.563043 0.118882
0.171697 -0.567296 0.117886
0.166181 -0.538448 0.116529
0.169427 -0.541467 0.119513
0.176524 -0.613553 0.113592
0.173501 -0.614420 0.111839
0.182576 -0.628830 0.116960
-0.127429 -0.297898 0.131413
-0.069053 -0.289600 0.143235
0.014634 -0.168795 0.193497
0.049159 -0.295208 0.151798
0.104447 -0.189638 0.158837
0.130475 -0.182632 0.141190
0.165274 -0.465345 0.122795
0.164024 -0.406428 0.135754
0.168783 -0.405243 0.130218
0.160450 -0.410246 0.138841
0.167990 -0.416031 0.133166
0.078278 -0.251952 0.157397
0.133743 -0.218800 0.137208
0.127831 -0.289931 0.147510
0.162824 -0.285888 0.128244
-0.178922 -0.556351 -0.120270
-0.182394 -0.623179 -0.117786
-0.191124 -0.614434 -0.110104
-0.231782 -0.685668 0.088998
-0.188816 -0.381559 -0.071065
-0.190909 -0.366696 -0.068317
-0.208011 -0.233199 -0.009473
-0.196792 -0.168277 -0.019497
-0.141996 -0.139259 0.117901
0.169513 -0.549124 0.118844
0.178996 -0.622160 0.113169
0.181769 -0.621417 0.117474
0.167047 -0.436298 0.130530
0.167219 -0.440847 0.134830
0.164492 -0.444578 0.143801
0.166253 -0.431702 0.138839
0.165125 -0.456187 0.143146
0.082847 -0.264091 0.155226
0.136641 -0.254505 0.137571
-0.236840 -0.697562 0.078527
-0.234314 -0.675616 0.042881
-0.196169 -0.324522 0.082206
-0.186466 -0.320798 0.095028
-0.195493 -0.485233 -0.087268
-0.191388 -0.484717 -0.094044
-0.231714 -0.696900 0.099191
-0.184082 -0.345049 -0.074991
-0.216608 -0.333916 0.012391
-0.187065 -0.231849 -0.063743
-0.198575 -0.218050 -0.039784
-0.193950 -0.164665 0.047478
-0.130276 -0.245057 0.129887
-0.152125 -0.243224 0.117790
0.058993 -0.691889 0.164907
0.177529 -0.551334 0.128076
-0.025338 -0.298844 0.146179
0.008110 -0.297393 0.149844
0.031108 -0.252111 0.168439
-0.011300 -0.213832 0.182173
-0.038088 -0.216443 0.173273
0.077070 -0.170945 0.173107
0.067911 -0.162597 0.177018
0.139574 -0.266303 0.140260
-0.187432 -0.597133 -0.113802
-0.182791 -0.597116 -0.117710
-0.234457 -0.666120 0.049491
-0.199652 -0.516873 -0.091897
-0.189939 -0.340564 -0.068653
-0.217762 -0.321970 0.031375
-0.212430 -0.333050 -0.020621
-0.200905 -0.233709 -0.039812
0.178429 -0.566870 0.125179
0.176469 -0.563017 0.123052
0.047561 -0.171949 0.186727
0.168821 -0.479483 0.147461
0.109484 -0.262961 0.150032
0.114024 -0.245720 0.143875
0.112221 -0.282096 0.149451
0.116889 -0.292520 0.149996
0.117106 -0.305152 0.152931
-0.196600 -0.574385 -0.098509
-0.188913 -0.637473 -0.102551
-0.199943 -0.598951 -0.096560
-0.219325 -0.702847 -0.004234
-0.176645 -0.471778 -0.102040
-0.182815 -0.452118 -0.086921
-0.200967 -0.441759 -0.067163
-0.214734 -0.331114 -0.004857
-0.213732 -0.272126 -0.007930
-0.122485 -0.138127 0.136905
-0.035353 -0.168820 0.186342
0.004793 -0.252110 0.169733
0.166554 -0.420408 0.137340
0.155639 -0.415784 0.142682
0.170239 -0.461771 0.136595
0.168215 -0.480219 0.128601
0.162825 -0.472037 0.150116
0.024629 -0.348140 0.155454
-0.203954 -0.624619 -0.081796
-0.195592 -0.614530 -0.102978
-0.232989 -0.648239 0.054138
-0.179858 -0.467380 -0.097269
-0.180168 -0.454150 -0.091325
-0.201252 -0.249798 -0.038346
-0.187332 -0.153476 -0.032184
-0.209847 -0.252208 -0.009556
-0.216441 -0.284009 -0.008082
-0.093789 -0.138580 0.157967
-0.124687 -0.287759 0.131076
0.010212 -0.242405 0.171653
0.045791 -0.256751 0.163782
0.162836 -0.429234 0.141763
0.161607 -0.481818 0.151837
0.079529 -0.293236 0.153603
-0.191234 -0.642990 -0.095374
-0.196024 -0.654561 -0.078800
-0.193119 -0.649264 -0.088591
-0.217305 -0.683857 0.011947
-0.219464 -0.678233 0.001688
-0.226281 -0.690094 0.036505
-0.237060 -0.672243 0.058695
-0.234867 -0.670363 0.063325
-0.195235 -0.469898 -0.078719
-0.196304 -0.251465 -0.048514
-0.200950 -0.179278 0.040650
-0.190330 -0.147436 0.050504
-0.182726 -0.174296 0.076191
-0.212429 -0.264621 0.003621
-0.009819 -0.185014 0.192366
0.047070 -0.195327 0.182576
0.039701 -0.274878 0.157339
0.161111 -0.434645 0.143604
0.171351 -0.481756 0.142216
-0.187105 -0.672429 -0.091020
-0.256707 -0.687604 -0.041455
-0.256013 -0.652384 -0.034361
-0.215333 -0.341006 0.035772
-0.216202 -0.340813 -0.001422
-0.204440 -0.285284 -0.041315
-0.111398 -0.284483 0.135267
-0.011830 -0.196582 0.186228
0.028529 -0.288602 0.154143
0.157198 -0.435507 0.145996
-0.199595 -0.622329 -0.093814
-0.202581 -0.467234 -0.070948
-0.209536 -0.236760 0.020575
-0.084418 -0.152075 0.166819
-0.078483 -0.143748 0.167867
-0.090113 -0.164987 0.164323
-0.130315 -0.261530 0.129745
0.054041 -0.261570 0.160255
-0.213817 -0.593854 -0.080080
-0.210063 -0.586012 -0.089166
-0.219611 -0.616388 -0.076461
-0.217325 -0.382799 0.011675
-0.084446 -0.292909 0.139542
0.039042 -0.296448 0.151649
-0.221715 -0.664159 0.037372
-0.072724 -0.280469 0.145670
-0.050097 -0.302276 0.144573
-0.038267 -0.185784 0.184813
0.049028 -0.314355 0.154064
-0.204326 -0.664032 -0.073710
-0.223104 -0.692258 -0.009994
-0.220360 -0.686191 -0.005148
-0.093449 -0.279475 0.140796
-0.053240 -0.165401 0.182748
0.010615 -0.306847 0.149749
-0.232089 -0.685877 -0.071865
-0.063090 -0.180659 0.176011
-0.061305 -0.192578 0.177833
-0.012104 -0.207986 0.184870
-0.037753 -0.194211 0.184314
0.059450 -0.286328 0.152888
-0.202364 -0.697115 -0.071245
-0.225651 -0.669158 -0.070298
-0.242713 -0.671562 -0.069467
-0.237808 -0.665369 -0.069447
-0.242776 -0.692326 -0.070996
-0.255448 -0.674360 -0.058019
-0.232122 -0.665740 -0.069858
-0.253715 -0.699975 -0.066973
-0.225395 -0.636427 -0.068923
-0.218362 -0.653308 -0.069752
-0.256876 -0.670537 -0.048743
-0.232393 -0.704170 -0.015632
-0.227068 -0.659495 0.044469
-0.215658 -0.353818 0.038004
-0.215240 -0.376755 -0.010628
-0.213441 -0.357665 -0.016276
-0.050554 -0.291191 0.145921
-0.034134 -0.293860 0.147097
-0.250402 -0.667934 -0.066159
-0.245456 -0.660684 -0.067928
-0.240310 -0.650399 -0.067386
-0.248401 -0.698433 -0.069409
-0.246662 -0.680607 -0.068800
-0.216247 -0.382265 -0.004166
-0.244649 -0.649587 -0.063867
-0.252763 -0.653460 -0.059340
-0.217718 -0.367185 0.012125
-0.065082 -0.212427 0.166179
-0.193666 -0.689495 -0.079084
-0.248685 -0.655906 -0.062918
-0.203337 -0.578678 -0.092972
-0.191694 -0.584005 -0.104144
-0.037877 -0.281055 0.152335
-0.218045 -0.584839 -0.071137
-0.208569 -0.382701 -0.045142
-0.211594 -0.372840 -0.030215
-0.112141 -0.264611 0.135846
-0.189945 -0.682478 -0.084353
-0.248090 -0.637827 -0.061032
-0.228867 -0.607851 -0.069122
-0.084446 -0.196207 0.165172
-0.083476 -0.178399 0.165735
-0.090911 -0.210495 0.156472
-0.090340 -0.249320 0.144638
-0.010313 -0.275872 0.162211
-0.026640 -0.264747 0.163791
-0.254925 -0.656303 -0.054981
-0.240203 -0.602146 -0.062703
-0.230852 -0.585513 -0.066360
-0.235210 -0.601396 -0.065529
-0.216383 -0.645277 -0.002994
-0.108652 -0.195704 0.149454
0.010575 -0.265032 0.167190
-0.179912 -0.672381 -0.109343
-0.242006 -0.607081 -0.026104
-0.225763 -0.652182 -0.013454
-0.221726 -0.658233 -0.009214
-0.093796 -0.182605 0.160420
-0.105017 -0.250284 0.138944
-0.047381 -0.270817 0.155144
-0.071165 -0.263475 0.151075
-0.226702 -0.587876 -0.068154
-0.220090 -0.646890 -0.009105
-0.224053 -0.672215 -0.007269
-0.226608 -0.691919 -0.012727
-0.229721 -0.682612 -0.013930
-0.184568 -0.668448 -0.097194
-0.234009 -0.683830 -0.015991
-0.017337 -0.250005 0.170667
-0.043658 -0.250318 0.163441
-0.230542 -0.659402 -0.016377
-0.069571 -0.249135 0.154591
-0.256400 -0.635816 -0.051154
-0.237473 -0.633882 -0.019090
-0.253856 -0.717960 -0.047573
-0.251099 -0.670386 -0.024195
-0.246838 -0.661988 -0.021987
-0.238223 -0.686523 -0.017984
-0.236413 -0.657033 -0.018522
-0.227336 -0.669994 -0.011363
-0.226038 -0.636413 -0.013697
-0.232538 -0.637604 -0.016906
-0.243910 -0.641500 -0.021657
-0.120563 -0.168891 0.140277
-0.221096 -0.630715 -0.007216
-0.211220 -0.625774 0.007439
-0.214070 -0.644375 0.001453
-0.111673 -0.179358 0.147377
-0.131879 -0.177855 0.132811
-0.209332 -0.610987 0.017567
-0.151569 -0.159672 0.115452
-0.210572 -0.616251 0.026999
-0.213454 -0.656892 0.012239
-0.207636 -0.596270 0.029395
-0.204962 -0.579928 0.017478
-0.229350 -0.612329 -0.014076
-0.223916 -0.617731 -0.011825
-0.235166 -0.610905 -0.017003
-0.215112 -0.622036 -0.001672
-0.217113 -0.607676 -0.006290
-0.219700 -0.613634 -0.009883
-0.225488 -0.596149 -0.012365
-0.215515 -0.607712 0.040900
-0.218850 -0.627261 0.039083
-0.221730 -0.600476 0.059253
-0.210166 -0.581424 0.037663
-0.207607 -0.574229 0.008675
-0.212074 -0.605070 0.000343
-0.220534 -0.613372 0.047276
-0.217166 -0.591058 0.046112
-0.220760 -0.599491 0.051828
-0.217371 -0.584267 0.051655
-0.249778 -0.619467 -0.031552
-0.258917 -0.655669 -0.043406
-0.252792 -0.627223 -0.034167
0.173612 -0.729263 0.089576
0.147964 -0.307048 0.138825
-0.176907 -0.135933 -0.042022
0.167185 -0.661090 0.105295
0.162986 -0.663851 0.103755
0.166272 -0.669212 0.103990
0.163418 -0.676150 0.102711
0.174513 -0.677587 0.103523
0.175569 -0.669210 0.105392
0.178843 -0.665205 0.108072
0.175663 -0.659296 0.108074
0.170656 -0.653321 0.107227
0.174938 -0.650838 0.109126
0.184134 -0.644676 0.117746
0.185505 -0.636435 0.118648
0.183224 -0.652751 0.114750
0.160786 -0.656347 0.104104
0.180672 -0.669654 0.108780
0.178983 -0.644739 0.113005
0.178015 -0.635455 0.113373
0.187400 -0.679918 0.111833
0.181039 -0.678809 0.107093
0.179387 -0.674217 0.106686
0.184557 -0.668438 0.112241
0.187698 -0.662977 0.117754
0.182045 -0.663099 0.111293
0.190720 -0.693787 0.113090
0.187431 -0.689556 0.110206
0.188964 -0.684104 0.113027
0.179335 -0.685397 0.105310
0.192675 -0.687595 0.127958
0.190028 -0.673960 0.121963
-0.196385 -0.324856 -0.063282
-0.190346 -0.350727 -0.066966
-0.194801 -0.353381 -0.060288
-0.169693 -0.238614 0.103101
-0.165231 -0.217923 0.102548
-0.170820 -0.237345 0.101098
-0.189375 -0.232350 0.078530
-0.139541 -0.281998 0.125551
-0.181579 -0.244836 0.090222
-0.190564 -0.256104 0.081791
-0.173844 -0.264822 0.101763
-0.187330 -0.269266 0.084437
-0.159417 -0.263882 0.114032
-0.164575 -0.274009 0.109510
-0.176084 -0.284896 0.104108
-0.199617 -0.268468 0.069866
-0.186022 -0.301206 0.096119
-0.193067 -0.277799 0.082923
-0.204828 -0.272552 0.056770
-0.201657 -0.245038 0.055933
0.192914 -0.695688 0.120239
0.188363 -0.685860 0.148951
0.190651 -0.703162 0.143215
0.180990 -0.694800 0.160031
0.187416 -0.708889 0.154555
0.180459 -0.704456 0.160862
0.164144 -0.701561 0.162090
0.169931 -0.703944 0.162704
0.158772 -0.685267 0.161739
0.175542 -0.689485 0.160407
0.182091 -0.671802 0.156593
0.104409 -0.207309 0.156022
0.158668 -0.362177 0.135930
0.155069 -0.351282 0.138704
0.152803 -0.375095 0.139884
0.164059 -0.362130 0.130718
0.147835 -0.402157 0.144459
0.143846 -0.371692 0.145297
0.155322 -0.392995 0.138775
0.126093 -0.367735 0.153056
0.116130 -0.337596 0.153852
0.114479 -0.349805 0.155079
0.092319 -0.374449 0.161628
0.111813 -0.373400 0.156666
-0.142056 -0.715867 0.165528
-0.129586 -0.314125 0.137396
-0.114605 -0.330707 0.144981
-0.204126 -0.302681 -0.045266
-0.193744 -0.136392 0.014913
0.164909 -0.384415 0.130714
0.168183 -0.386244 0.126837
0.166117 -0.393715 0.131453
0.159046 -0.394094 0.136602
-0.185233 -0.522703 -0.109141
-0.135813 -0.705466 0.167623
-0.146844 -0.696181 0.165967
-0.157176 -0.690788 0.163373
-0.151249 -0.712271 0.163450
-0.130053 -0.704792 0.167499
-0.140014 -0.687798 0.168727
-0.116854 -0.707634 0.165031
-0.109478 -0.709140 0.163711
-0.112387 -0.692303 0.163710
-0.105405 -0.689344 0.162052
-0.103040 -0.704001 0.163306
-0.164892 -0.671157 0.157123
-0.124598 -0.693250 0.166615
-0.135154 -0.676562 0.168980
-0.147156 -0.666835 0.168621
-0.118387 -0.683408 0.164907
-0.152249 -0.659170 0.168299
-0.169942 -0.666105 0.151933
-0.153604 -0.318544 0.127491
-0.150099 -0.358942 0.132151
-0.196672 -0.342117 0.083089
-0.186109 -0.352409 0.099429
-0.169411 -0.356716 0.116252
-0.193503 -0.349730 0.087743
-0.193410 -0.373997 0.086043
-0.179143 -0.332168 0.106039
-0.176904 -0.311568 0.105879
-0.208539 -0.277831 0.051030
0.132344 -0.715652 0.157204
0.141199 -0.695128 0.156949
0.131124 -0.690257 0.152271
0.112305 -0.697008 0.155240
0.123030 -0.675714 0.150336
0.130433 -0.658310 0.156270
0.101901 -0.720844 0.156866
0.165445 -0.611013 0.106158
-0.030862 -0.150807 0.188153
0.163531 -0.501075 0.120107
0.173637 -0.495285 0.141268
0.116292 -0.399759 0.155300
-0.072050 -0.327648 0.147078
-0.069958 -0.351783 0.149496
-0.052564 -0.359897 0.151085
-0.040099 -0.332397 0.149885
-0.092265 -0.330887 0.146013
-0.195057 -0.295612 -0.063155
-0.202391 -0.282310 -0.044530
-0.014420 -0.729105 0.171239
0.166743 -0.519625 0.118562
0.167861 -0.530373 0.118948
0.169988 -0.528435 0.122071
0.172335 -0.527344 0.125920
0.176239 -0.528782 0.132705
0.173911 -0.512653 0.144760
0.169243 -0.521222 0.121703
0.169856 -0.507110 0.126511
0.158746 -0.492785 0.153012
0.167440 -0.489174 0.150186
0.169963 -0.490682 0.146511
0.169140 -0.503781 0.148774
0.170138 -0.605650 0.109530
0.175782 -0.607022 0.112618
0.080482 -0.151069 0.171557
-0.179746 -0.712559 0.126249
-0.184833 -0.694170 0.124025
-0.177375 -0.701151 0.132920
-0.201258 -0.674982 0.116926
-0.201724 -0.173882 -0.010876
-0.201989 -0.175849 0.022424
-0.201462 -0.159615 0.019563
-0.194966 -0.155777 -0.008480
-0.194195 -0.142902 -0.010821
-0.183006 -0.143267 -0.036821
-0.201526 -0.172040 -0.003840
-0.150703 -0.178216 0.115540
-0.166649 -0.176001 0.098279
-0.152726 -0.192064 0.114702
-0.169423 -0.186040 0.098118
0.055054 -0.714085 0.165032
0.056273 -0.753751 0.154861
-0.022014 -0.715120 0.163588
-0.025927 -0.687723 0.166751
-0.032734 -0.689307 0.166396
-0.035684 -0.714521 0.159743
-0.012461 -0.685203 0.162412
0.176199 -0.541269 0.129701
0.177040 -0.536125 0.132380
-0.204340 -0.379059 -0.058099
-0.208911 -0.344400 -0.034308
-0.200108 -0.353070 -0.052530
-0.210572 -0.358931 -0.031764
-0.162881 -0.201426 0.103847
-0.066833 -0.710735 0.147847
-0.061666 -0.684725 0.148712
-0.004774 -0.283598 0.155423
0.008706 -0.368515 0.156275
-0.003346 -0.344528 0.153226
0.043881 -0.363855 0.157791
0.036128 -0.371929 0.158372
0.044490 -0.383643 0.158453
0.037709 -0.357139 0.156860
-0.033623 -0.369203 0.152976
0.067017 -0.364569 0.159230
0.076746 -0.371134 0.160271
0.100390 -0.348896 0.158300
0.072265 -0.415761 0.161809
-0.019576 -0.400905 0.155649
-0.011621 -0.371497 0.154728
-0.089114 -0.371986 0.150218
-0.078175 -0.397568 0.150515
-0.063844 -0.393019 0.151580
0.178291 -0.581868 0.120586
0.148973 -0.426188 0.146763
-0.186460 -0.448119 -0.081421
0.075340 -0.282536 0.151630
0.069599 -0.289100 0.152974
0.077922 -0.274186 0.152026
-0.201879 -0.271185 -0.042467
-0.202662 -0.257561 -0.037943
-0.212337 -0.256830 0.021031
-0.209593 -0.260437 0.037895
-0.058986 -0.156387 0.179117
0.074806 -0.179043 0.174968
0.075939 -0.197705 0.171398
-0.234176 -0.642675 -0.068783
-0.230187 -0.624059 -0.066637
-0.240746 -0.617060 -0.063823
-0.240514 -0.631949 -0.064767
-0.244532 -0.636550 -0.063151
-0.235520 -0.620734 -0.065055
-0.207650 -0.376560 -0.047618
-0.202687 -0.388062 -0.058170
-0.204961 -0.391798 -0.053226
-0.196427 -0.372269 -0.062114
-0.190911 -0.399738 -0.073574
-0.202420 -0.398628 -0.060925
-0.204498 -0.402585 -0.057758
-0.195522 -0.386607 -0.061804
-0.234376 -0.584843 -0.064769
-0.248389 -0.621481 -0.059075
-0.252107 -0.635294 -0.056319
-0.245591 -0.621744 -0.062537
-0.238996 -0.618874 -0.065822
-0.246957 -0.605568 -0.058483
-0.256395 -0.614355 -0.044727
-0.136978 -0.142597 0.126138
-0.126906 -0.150091 0.137467
-0.211698 -0.652021 0.026047
-0.244227 -0.586790 -0.035808
-0.237865 -0.590261 -0.063517
-0.241553 -0.581368 -0.060674
-0.246172 -0.581845 -0.056810
-0.242523 -0.594747 -0.061168
-0.236648 -0.575348 -0.062980
-0.229114 -0.568731 -0.066230
-0.232330 -0.567164 -0.064378
-0.223336 -0.573413 -0.069538
-0.240076 -0.564208 -0.061158
-0.230690 -0.550819 -0.065863
-0.227187 -0.548243 -0.069277
-0.208334 -0.570051 0.030328
-0.229728 -0.593001 -0.015855
-0.217037 -0.576248 -0.005427
-0.224769 -0.569840 -0.010326
-0.228540 -0.573237 -0.013142
-0.231302 -0.580128 -0.016527
-0.204477 -0.555420 0.021639
-0.228165 -0.555982 -0.015365
-0.222549 -0.589027 -0.009448
-0.224311 -0.552479 -0.004542
-0.227289 -0.543856 -0.008855
-0.213612 -0.566101 0.001385
-0.217278 -0.536720 0.007502
-0.225214 -0.527785 0.002605
-0.231234 -0.527514 -0.013385
0.185410 -0.624986 0.121971
0.192171 -0.686562 0.137477
-0.150632 -0.277905 0.118585
-0.190869 -0.287843 0.087789
0.147533 -0.700216 0.158235
0.176501 -0.675606 0.158704
0.171244 -0.682365 0.160184
0.166811 -0.678243 0.160454
0.175552 -0.668531 0.158127
0.169843 -0.658136 0.159057
0.182039 -0.655604 0.154857
0.174889 -0.653243 0.156886
0.155337 -0.645196 0.161586
0.163409 -0.652122 0.160845
0.185616 -0.641520 0.148693
0.146499 -0.664124 0.162830
0.171133 -0.638864 0.156911
0.181325 -0.630899 0.151771
0.175870 -0.634302 0.154398
0.136580 -0.665470 0.159110
0.142372 -0.628099 0.155792
0.137916 -0.642855 0.157227
0.123314 -0.640124 0.152072
0.152986 -0.625855 0.159031
0.095362 -0.664841 0.149041
-0.125491 -0.364025 0.144098
0.134250 -0.393354 0.149702
-0.186788 -0.551622 -0.109120
-0.199015 -0.545072 -0.095912
-0.190548 -0.531858 -0.104120
-0.195434 -0.517867 -0.098425
-0.157148 -0.642385 0.165135
-0.140895 -0.653204 0.167922
-0.137502 -0.353920 0.137971
-0.211294 -0.388696 0.051242
-0.200025 -0.385355 0.074842
-0.177413 -0.362221 0.109120
0.164729 -0.513506 0.116960
0.049547 -0.700250 0.163615
0.043743 -0.687929 0.163291
0.029963 -0.696432 0.158930
0.171170 -0.512761 0.147857
0.174869 -0.521387 0.134271
0.176374 -0.522864 0.141908
0.157799 -0.460607 0.151685
0.162962 -0.504303 0.151776
0.151380 -0.488857 0.154523
0.162626 -0.523346 0.152276
0.151095 -0.525903 0.153010
0.143762 -0.521789 0.153368
0.180408 -0.596665 0.120486
0.179869 -0.604610 0.118746
-0.178030 -0.679673 0.135970
-0.172195 -0.650943 0.148672
-0.183279 -0.669002 0.130245
-0.191777 -0.692430 0.119978
-0.187115 -0.662427 0.127225
-0.183663 -0.630940 0.137271
-0.177605 -0.654214 0.139160
-0.043998 -0.695096 0.163589
0.174205 -0.548260 0.147732
0.179565 -0.541226 0.134564
0.181875 -0.555441 0.136794
0.172926 -0.529742 0.147361
0.176944 -0.534955 0.144215
0.166400 -0.522337 0.150504
0.156707 -0.538197 0.153245
0.165167 -0.552806 0.151710
0.169748 -0.544977 0.149689
0.168485 -0.559363 0.150871
0.182677 -0.574582 0.131826
0.180271 -0.559866 0.144216
0.181921 -0.586409 0.147202
0.163614 -0.572645 0.153536
0.158329 -0.582671 0.157691
0.181667 -0.582184 0.125563
0.173564 -0.569650 0.148826
0.168305 -0.579980 0.151584
0.173122 -0.595350 0.151494
0.178877 -0.604944 0.149805
0.184394 -0.600813 0.147067
0.167815 -0.595688 0.153002
0.155410 -0.558141 0.155301
0.163470 -0.586512 0.155032
0.165818 -0.608913 0.154180
0.131098 -0.574273 0.162547
0.146811 -0.565057 0.159265
0.137943 -0.580474 0.162487
0.150274 -0.557649 0.157113
0.143065 -0.543684 0.156916
0.146869 -0.541715 0.155562
0.132155 -0.540136 0.159746
0.105857 -0.567857 0.149656
0.123745 -0.560604 0.161166
0.139922 -0.546144 0.158206
0.121060 -0.523833 0.163699
-0.229513 -0.644950 0.065775
-0.227652 -0.672203 0.073904
-0.226621 -0.643821 0.073113
-0.230914 -0.645677 0.061274
-0.105341 -0.373185 0.147759
-0.094316 -0.420816 0.148050
-0.107245 -0.411774 0.145827
-0.127619 -0.406114 0.140153
-0.071782 -0.431481 0.150411
-0.089775 -0.444130 0.148052
-0.072820 -0.460871 0.155564
-0.084801 -0.463933 0.152087
-0.112881 -0.473916 0.145020
-0.102434 -0.472144 0.147569
-0.097728 -0.493339 0.151709
-0.112746 -0.439070 0.143050
-0.105723 -0.491960 0.145762
-0.137622 -0.366668 0.138914
-0.152270 -0.395195 0.129816
-0.161791 -0.399592 0.122071
-0.135192 -0.402619 0.137605
-0.168021 -0.415490 0.116280
-0.166579 -0.381736 0.119153
-0.168985 -0.446288 0.116591
-0.171386 -0.390283 0.113293
-0.179432 -0.386262 0.104274
0.151391 -0.447355 0.153443
0.159182 -0.452088 0.148955
0.162776 -0.458396 0.146418
0.135910 -0.423536 0.151339
0.143535 -0.478638 0.155413
0.128508 -0.457293 0.151890
0.135944 -0.503281 0.154537
0.116352 -0.468862 0.148495
-0.213304 -0.469420 -0.067463
-0.216325 -0.468613 -0.065993
-0.213267 -0.478751 -0.068388
-0.208820 -0.478907 -0.070695
-0.220668 -0.468002 -0.063398
-0.226028 -0.480402 -0.061104
-0.224152 -0.463821 -0.060941
0.017306 -0.189358 0.189313
-0.226172 -0.629047 0.053446
-0.224126 -0.635596 0.047114
-0.204173 -0.548595 -0.091641
-0.214202 -0.389488 0.027408
-0.215882 -0.373506 0.028321
-0.219291 -0.406592 -0.038498
-0.214518 -0.407370 -0.045041
-0.208932 -0.415403 -0.058485
-0.202783 -0.412025 -0.062444
-0.251167 -0.615283 -0.053358
-0.107110 -0.170497 0.150725
-0.092380 -0.171893 0.159713
-0.076117 -0.166548 0.172049
-0.243785 -0.546378 -0.057293
-0.239194 -0.549419 -0.059522
-0.246172 -0.563300 -0.057023
-0.248441 -0.563423 -0.036875
-0.230734 -0.556308 -0.019922
-0.234955 -0.558650 -0.027001
-0.238729 -0.579839 -0.028560
-0.253060 -0.580366 -0.050011
-0.234953 -0.533893 -0.058847
-0.232177 -0.521174 -0.060125
-0.225517 -0.534090 -0.067041
-0.239887 -0.526877 -0.056156
-0.240777 -0.525103 -0.047210
-0.228746 -0.529971 -0.063682
-0.220855 -0.529844 -0.070363
-0.244789 -0.541887 -0.034648
-0.236378 -0.527885 -0.021619
-0.227118 -0.512401 -0.062456
-0.233003 -0.511625 -0.058532
-0.224071 -0.517771 -0.065182
-0.241657 -0.527798 -0.028286
-0.210185 -0.596152 0.034870
-0.234044 -0.581264 -0.021046
0.184674 -0.612978 0.123730
0.191809 -0.648927 0.129844
0.183675 -0.594269 0.129174
0.187550 -0.641553 0.123196
0.189132 -0.656139 0.122052
0.179840 -0.656585 0.110138
0.191681 -0.671254 0.139443
0.151955 -0.675930 0.162516
0.162804 -0.627380 0.157909
0.158985 -0.608108 0.156294
0.107452 -0.416845 0.157334
0.087171 -0.412444 0.162272
0.078420 -0.476724 0.154991
0.054954 -0.408464 0.159342
0.059512 -0.400058 0.160457
0.047621 -0.415758 0.157988
0.059269 -0.439951 0.158257
0.070910 -0.455180 0.158269
-0.205891 -0.383895 0.063046
-0.202770 -0.374822 0.071495
0.080795 -0.689188 0.150270
0.156002 -0.511779 0.153232
-0.194185 -0.650874 0.123978
-0.041984 -0.669769 0.165164
-0.018348 -0.667597 0.165949
-0.006847 -0.655911 0.160843
-0.052031 -0.633662 0.162654
0.002518 -0.670641 0.154789
-0.030769 -0.658360 0.164668
0.176431 -0.599094 0.114649
0.180327 -0.591971 0.121359
0.151581 -0.604840 0.159131
0.146510 -0.608542 0.159960
0.143951 -0.575384 0.161186
-0.224653 -0.654235 0.081331
-0.230887 -0.671775 0.091154
-0.220672 -0.667131 0.107748
-0.209943 -0.650277 0.111670
-0.201626 -0.639154 0.118148
-0.212618 -0.627082 0.084066
-0.192078 -0.632560 0.129420
-0.056235 -0.668959 0.151495
0.015959 -0.390838 0.157271
0.030300 -0.411301 0.156381
0.005983 -0.409598 0.158029
-0.032573 -0.420786 0.155771
-0.040824 -0.394274 0.153875
-0.114997 -0.395466 0.144632
-0.121239 -0.401504 0.142477
-0.129988 -0.428056 0.138306
-0.135090 -0.440147 0.136552
-0.123310 -0.462622 0.140383
-0.049193 -0.436705 0.155048
-0.101948 -0.439452 0.145634
-0.118882 -0.447998 0.141333
-0.127084 -0.485492 0.139652
-0.079616 -0.499599 0.156558
-0.141322 -0.442807 0.134431
-0.158131 -0.447879 0.124468
-0.142916 -0.479676 0.129991
-0.175225 -0.443674 0.111680
-0.134971 -0.483249 0.134251
-0.192143 -0.452053 0.104523
-0.159946 -0.479478 0.125340
-0.183640 -0.431814 0.104879
-0.169972 -0.472749 0.120241
-0.176577 -0.470503 0.116541
-0.169013 -0.501056 0.128881
-0.182285 -0.493206 0.117824
-0.182681 -0.462473 0.111584
-0.187890 -0.487564 0.112201
-0.200008 -0.449056 0.085163
-0.177923 -0.494235 0.121131
-0.196727 -0.485743 0.103599
-0.150276 -0.520482 0.130975
-0.171037 -0.533843 0.132365
-0.200619 -0.498572 0.099926
-0.195929 -0.522128 0.108935
-0.189094 -0.513717 0.114159
-0.182026 -0.530470 0.124350
-0.145123 -0.541658 0.136905
-0.133949 -0.544341 0.138478
-0.139581 -0.522031 0.135203
-0.121311 -0.494603 0.143054
-0.132555 -0.513024 0.136780
-0.200487 -0.492786 0.084259
-0.210787 -0.530936 0.082001
-0.161512 -0.545170 0.134802
-0.106385 -0.539759 0.145909
-0.110593 -0.544706 0.143966
-0.124215 -0.520016 0.139338
-0.116255 -0.525957 0.141718
0.095881 -0.467717 0.154238
0.092470 -0.516203 0.151653
0.062846 -0.506392 0.161478
0.059787 -0.466023 0.161947
0.067605 -0.488424 0.159216
0.045191 -0.469002 0.165419
0.039875 -0.492477 0.168885
0.076289 -0.529593 0.157251
0.050768 -0.503255 0.166688
0.041537 -0.443802 0.161282
0.049435 -0.440897 0.159873
0.036020 -0.441271 0.161514
0.052619 -0.470622 0.164353
0.030919 -0.452387 0.164076
0.016491 -0.421541 0.158725
-0.006256 -0.436958 0.157252
0.084034 -0.568730 0.150859
-0.018513 -0.436807 0.156163
-0.010477 -0.477477 0.163075
0.071753 -0.547174 0.159480
-0.222447 -0.453002 -0.037539
0.055152 -0.663630 0.163448
0.034498 -0.674399 0.162976
0.066376 -0.673979 0.161239
-0.221781 -0.611515 0.067201
-0.218013 -0.623146 0.074854
-0.227686 -0.620544 0.060214
-0.216999 -0.575888 0.067500
-0.214251 -0.571703 0.053236
-0.216279 -0.575839 0.061394
-0.218063 -0.638060 0.033125
-0.234076 -0.554253 -0.063157
-0.232811 -0.544503 -0.061102
-0.227425 -0.491486 -0.060771
-0.217433 -0.482245 -0.066492
-0.216616 -0.498508 -0.068142
-0.222136 -0.488523 -0.063805
-0.221414 -0.503178 -0.064811
-0.217934 -0.506370 -0.067942
-0.215478 -0.509649 -0.072816
-0.216279 -0.531655 -0.076248
-0.238881 -0.511907 -0.053409
-0.232907 -0.498031 -0.043207
-0.231785 -0.486080 -0.057809
-0.222463 -0.468772 -0.045468
-0.230525 -0.483636 -0.029660
-0.229135 -0.519482 -0.005774
-0.231054 -0.488673 -0.016586
-0.223031 -0.500279 0.005805
-0.232154 -0.491329 -0.023166
-0.234106 -0.507447 -0.026564
-0.231949 -0.518876 -0.019737
-0.229749 -0.499692 -0.007394
-0.233377 -0.501491 -0.033947
-0.214406 -0.556994 -0.079644
0.189550 -0.632198 0.127694
0.171309 -0.616172 0.153373
0.175895 -0.611264 0.151483
0.182281 -0.615477 0.149936
0.188289 -0.617640 0.136095
0.040752 -0.399143 0.157398
0.036802 -0.406735 0.156683
-0.113996 -0.371279 0.146279
-0.129161 -0.671469 0.168137
-0.133520 -0.643080 0.166500
-0.119054 -0.631340 0.160497
-0.126165 -0.657036 0.167410
-0.123661 -0.634734 0.162239
-0.095302 -0.635310 0.159733
-0.121293 -0.657923 0.165123
-0.108104 -0.661728 0.160210
-0.114317 -0.656994 0.161784
-0.148461 -0.598780 0.159506
-0.143535 -0.624356 0.164978
-0.156423 -0.598947 0.156255
-0.137474 -0.623154 0.163723
-0.138240 -0.581526 0.153421
-0.144257 -0.578336 0.153200
-0.127758 -0.552704 0.141591
-0.133921 -0.589073 0.154462
-0.129436 -0.618192 0.160953
-0.128355 -0.600381 0.156640
-0.110400 -0.623369 0.158692
-0.102418 -0.625567 0.158544
-0.113671 -0.606852 0.158039
-0.122342 -0.607885 0.158604
-0.119699 -0.554418 0.143466
-0.097195 -0.608999 0.158267
-0.125150 -0.582999 0.149701
-0.115910 -0.592404 0.151787
-0.119674 -0.582903 0.148394
-0.108402 -0.572170 0.150420
-0.214247 -0.372907 0.038993
-0.211248 -0.400941 0.034482
-0.216634 -0.406352 0.025926
-0.210660 -0.424037 0.041749
-0.219901 -0.401890 0.014759
-0.224670 -0.418945 0.002267
-0.210222 -0.403972 0.046912
-0.213418 -0.426829 0.036929
-0.215592 -0.430975 0.033083
-0.200647 -0.420247 0.068854
-0.202372 -0.400701 0.064152
-0.201912 -0.420291 0.055642
-0.201341 -0.417383 0.063918
-0.197725 -0.399052 0.079918
-0.188321 -0.382143 0.094365
0.017380 -0.692171 0.156829
0.024869 -0.646795 0.165870
-0.080239 -0.657006 0.163563
-0.091877 -0.659556 0.160534
-0.102546 -0.657309 0.159220
-0.045205 -0.654381 0.158908
-0.042499 -0.615721 0.160969
0.153118 -0.584652 0.159483
-0.218116 -0.595964 0.074976
-0.215953 -0.589236 0.086410
-0.206244 -0.590710 0.105622
-0.204356 -0.620454 0.097447
-0.199323 -0.615704 0.111310
-0.192281 -0.578447 0.122806
-0.174697 -0.628514 0.145936
-0.195449 -0.612695 0.121862
-0.175604 -0.600560 0.142033
-0.168867 -0.626857 0.151387
-0.182617 -0.601457 0.134936
-0.167975 -0.589505 0.146404
-0.188658 -0.591645 0.126641
-0.172933 -0.574604 0.137065
-0.182123 -0.587870 0.129256
-0.046751 -0.480626 0.155743
-0.062984 -0.462877 0.159617
-0.037347 -0.466383 0.153339
-0.024759 -0.493083 0.158307
-0.058155 -0.490862 0.158660
-0.117226 -0.487697 0.144467
-0.129586 -0.457496 0.138268
-0.176479 -0.409403 0.109090
-0.195834 -0.414176 0.088778
-0.203443 -0.456504 0.064774
-0.200388 -0.433325 0.071764
-0.202561 -0.432455 0.051423
-0.203624 -0.445964 0.056808
-0.202769 -0.438737 0.062836
-0.203851 -0.447786 0.046229
-0.204856 -0.455320 0.051949
-0.208179 -0.463271 0.035767
-0.208690 -0.477350 0.051407
-0.203195 -0.473351 0.077942
-0.206110 -0.501316 0.077724
-0.211595 -0.497184 0.060799
-0.209294 -0.476340 0.057093
-0.210425 -0.490980 0.069170
-0.201312 -0.451649 0.073992
-0.211156 -0.501965 0.053846
-0.211016 -0.508896 0.049855
-0.210234 -0.522184 0.067688
-0.208219 -0.484986 0.040250
-0.208216 -0.478945 0.045530
-0.199161 -0.528886 0.106998
-0.178692 -0.516507 0.125128
-0.189599 -0.547285 0.119682
-0.176622 -0.562753 0.133646
-0.183742 -0.559118 0.125272
-0.197882 -0.575995 0.117870
-0.202989 -0.568194 0.111287
-0.193776 -0.549537 0.116594
-0.212033 -0.524892 0.059079
-0.213086 -0.549902 0.090135
-0.212789 -0.539934 0.071371
-0.209982 -0.518786 0.042953
-0.210403 -0.510041 0.046172
-0.212508 -0.532498 0.054563
-0.211834 -0.525940 0.049037
-0.204827 -0.529549 0.027728
-0.213210 -0.543419 0.063865
-0.212309 -0.552070 0.052765
-0.207183 -0.564491 0.041639
-0.208040 -0.534525 0.036843
-0.210031 -0.545636 0.043176
-0.211153 -0.550836 0.047659
-0.204670 -0.552543 0.033628
-0.215879 -0.565869 0.076097
-0.213199 -0.551359 0.058522
-0.110380 -0.508317 0.145063
-0.105030 -0.515777 0.147535
-0.151426 -0.561185 0.144982
-0.100106 -0.559649 0.151289
-0.099954 -0.527595 0.149416
-0.025850 -0.455674 0.156851
0.057939 -0.519120 0.164218
0.019132 -0.449630 0.165515
0.029848 -0.485920 0.168421
0.032018 -0.508736 0.171040
0.022327 -0.498796 0.170222
-0.210320 -0.504154 -0.079553
-0.211612 -0.457925 -0.066129
-0.216472 -0.455757 -0.063739
-0.218404 -0.446799 -0.061806
-0.224409 -0.408749 -0.032089
-0.218377 -0.417409 -0.040492
-0.226326 -0.462997 -0.029394
-0.228601 -0.479329 -0.036019
-0.228107 -0.453184 -0.014041
-0.228099 -0.442044 -0.022979
-0.226137 -0.468540 0.008187
-0.225991 -0.436065 -0.029783
-0.227575 -0.463615 -0.022947
-0.227797 -0.423317 -0.016847
-0.066251 -0.619961 0.166768
-0.084467 -0.633535 0.160767
-0.216406 -0.447137 0.029426
-0.219461 -0.423555 0.016551
-0.205063 -0.456110 0.040931
0.014776 -0.639173 0.165421
-0.087198 -0.687944 0.157394
-0.093296 -0.677372 0.159495
-0.095514 -0.700834 0.162792
-0.099539 -0.670720 0.159538
-0.008218 -0.619208 0.161189
0.003101 -0.616606 0.168939
0.107023 -0.604310 0.153364
0.113563 -0.646608 0.144418
0.131544 -0.621652 0.153241
0.124600 -0.602862 0.153251
0.067339 -0.559782 0.162323
0.089987 -0.614397 0.156136
0.055208 -0.538591 0.166371
0.045324 -0.523518 0.170192
-0.089149 -0.501376 0.154806
-0.030611 -0.496671 0.156496
-0.020155 -0.507793 0.164297
-0.032150 -0.536148 0.165126
-0.011848 -0.540709 0.175306
0.004177 -0.500144 0.172476
-0.037353 -0.523855 0.160497
-0.010916 -0.499789 0.167468
-0.073825 -0.515404 0.156998
-0.047187 -0.527615 0.157085
-0.065182 -0.531239 0.156689
-0.047412 -0.568269 0.163769
-0.037896 -0.575877 0.162638
-0.038180 -0.548043 0.163094
-0.207392 -0.486609 0.035140
-0.205589 -0.500939 0.029448
-0.209222 -0.514330 0.015571
-0.212861 -0.575455 0.096250
0.016582 -0.532168 0.170489
-0.210807 -0.412502 -0.056136
-0.210906 -0.423852 -0.059290
-0.217872 -0.447903 -0.044583
-0.212251 -0.438525 -0.062373
-0.207401 -0.440807 -0.064596
-0.216034 -0.431601 -0.056941
-0.202372 -0.427831 -0.064654
-0.207258 -0.423099 -0.061215
-0.222001 -0.438458 -0.037593
0.042947 -0.661273 0.164522
0.071817 -0.644677 0.160223
0.032956 -0.623578 0.170892
0.083638 -0.639906 0.157856
0.077214 -0.584775 0.156193
0.062756 -0.611078 0.160408
0.068815 -0.602949 0.158232
0.058150 -0.628662 0.161829
-0.217082 -0.424472 -0.043866
-0.226957 -0.448287 -0.004356
-0.224327 -0.438239 -0.033260
-0.209966 -0.531169 -0.085990
-0.106659 -0.592705 0.157778
-0.098410 -0.583726 0.157782
-0.090878 -0.597829 0.156961
-0.081359 -0.606726 0.156186
0.059632 -0.570872 0.164589
0.058747 -0.598288 0.161856
0.043470 -0.589414 0.164524
0.035366 -0.581060 0.167616
0.050193 -0.585959 0.163611
0.050296 -0.627796 0.164220
0.028259 -0.599862 0.172026
0.040554 -0.620192 0.167966
0.017644 -0.590998 0.177056
-0.220366 -0.464105 0.026270
-0.052046 -0.594924 0.162969
-0.090101 -0.564627 0.155793
-0.081971 -0.549800 0.156944
-0.080137 -0.576724 0.154197
-0.091502 -0.543673 0.154802
-0.034510 -0.599529 0.160688
-0.028811 -0.626395 0.156391
0.036784 -0.541787 0.173642
0.046816 -0.556359 0.169514
-0.016096 -0.618529 0.157595
-0.061553 -0.590526 0.164566
-0.026963 -0.556990 0.164895
-0.023275 -0.577545 0.163269
-0.021791 -0.537917 0.170819
-0.009877 -0.582406 0.166078
-0.017428 -0.581394 0.163816
0.000904 -0.556146 0.174002
0.000588 -0.584527 0.169437
0.025047 -0.562492 0.172430
0.030150 -0.544882 0.173389
-0.222043 -0.551354 -0.073610
-0.033991 -0.636669 0.157073
