304 789
77 1564
3473 3529
4245 4274
1148 1410
2777 2779
5542 5695
2961 3125
394 453
5987 6045
4796 5316
718 779
138 204
1979 1981
3450 3518
3617 3695
3705 3771
1702 1703
602 604
2221 2268
1421 1424
41 42
3014 3136
4638 5144
5161 5185
3165 3534
4213 4214
63 326
4020 4048
2420 3151
3072 3077
904 905
3932 3935
1227 1824
4410 4499
1590 1647
3030 3080
4009 4155
2741 2977
5055 5432
5077 5191
4989 5078
1359 1485
5882 5884
4724 5332
3134 3137
2905 3085
2191 2281
2268 2501
107 517
5991 6056
382 456
2355 2618
1421 1545
3325 3378
2017 2101
28 1392
2970 3150
2550 2564
5630 5784
241 453
4616 4688
5022 5147
4308 4343
4478 4983
980 1021
3953 4115
4206 4295
2953 2954
1532 1534
5420 5422
3999 4002
4219 4234
4473 5319
1982 1999
822 849
2042 2050
3661 3714
2635 2793
3253 3660
4449 4467
4466 4636
3380 3435
3245 3247
4284 4336
3742 4053
1543 1548
2568 2739
3695 3712
4335 4338
5135 5145
493 566
5715 5720
1007 1016
4560 4685
1026 1029
1284 1553
1886 1887
2991 3101
5115 5432
509 510
2976 2978
2207 2238
2671 2867
4995 5781
6007 6013
389 859
2736 2996
1318 1322
3554 4123
1901 1902
1362 1365
2642 2809
2222 2223
4956 5035
3041 3043
3994 4129
1081 1086
5789 5790
5305 5677
5608 5715
4412 4413
4670 4937
1664 1666
4131 4134
4048 4365
5596 5597
4175 4177
3614 3615
1654 1658
2220 2298
2514 2516
5501 5508
6046 6062
3971 4118
5335 5336
1593 1907
1147 1561
328 475
2260 2599
1716 1718
3915 3957
4173 4252
1439 1440
2760 2922
5888 5890
3906 3908
5516 6018
6039 6059
3697 3734
5596 5718
1069 1089
4801 4989
3108 3110
852 862
2292 2295
4668 5399
1731 1733
1992 2003
1230 1451
1170 1171
5619 5621
2775 2937
1491 1492
2219 2719
3750 3782
1969 2019
1439 1561
933 935
4200 4247
4821 4823
5385 5390
91 131
1536 1908
4865 4866
3449 3790
2883 2884
2303 2309
5983 6019
2234 2475
4751 5289
3240 3387
2306 2314
4427 4640
179 180
2646 2648
2517 2763
2085 2086
5677 5683
4297 4301
708 709
1955 2013
2507 2718
1826 1862
1344 1859
499 535
611 776
1287 1288
2271 2478
3219 3220
3257 3970
3284 3578
4807 5046
6020 6022
2938 2941
2122 2126
1000 1002
4248 4264
2825 3000
2011 2029
2704 2710
5171 5178
5212 5216
133 599
202 204
5795 5796
1480 1575
2488 2597
1127 1982
4134 4135
2018 2153
638 771
5145 5162
2850 2949
5444 5458
1814 1865
1915 1917
1280 1406
3171 3529
65 320
1638 1639
3511 3634
1183 1473
469 669
5806 5810
257 261
3495 3626
496 543
3464 3522
2194 2500
3192 3588
5289 5291
3219 3462
5753 5920
3912 3914
5887 5920
5959 6025
1465 1573
1391 1395
990 1051
830 833
2435 2599
112 553
5774 5979
313 314
4540 4651
4160 4164
552 559
5586 5699
2764 3003
271 317
4204 4207
6031 6049
4830 4898
1695 1742
881 1000
5234 5247
2419 2739
3687 3688
1125 1360
4860 5006
4469 5121
1405 1414
1391 1516
1804 1914
1126 1999
2012 2092
3158 3307
4266 4267
1468 1470
3355 3363
2608 2611
5199 5640
5875 5923
2047 2049
3456 3940
3767 3802
4144 4277
5119 5122
4954 5314
4976 5073
3209 3245
2882 2887
3154 3309
2620 2621
3461 3466
2279 2328
3903 4107
5651 5656
5678 5759
5310 5363
2968 3075
1822 1823
621 672
2792 3078
1006 1008
4034 4038
4526 4729
579 675
4693 4906
4512 4565
725 729
5045 5065
1024 1025
4336 4339
105 792
2956 2957
1139 1537
3269 3417
4948 5132
5196 5197
1672 1771
4469 5134
5467 5468
5871 6046
4985 5953
1757 1815
1523 1648
5370 5535
5750 5756
3109 3135
5189 5194
781 782
5149 6061
304 857
1921 1923
3026 3137
5488 5490
739 785
1360 1361
2239 2269
1384 1489
5009 5263
3011 3014
3871 3872
2321 2567
1889 1890
908 971
6 116
92 156
2733 2740
4560 4619
5761 5770
6000 6052
1652 1654
3230 3317
5425 5592
3515 3715
4375 4573
4683 4689
3473 3718
4968 5087
3891 4231
2745 2979
558 565
2786 2788
4486 5343
4742 5269
3978 4119
4985 5027
535 618
3415 3484
340 342
3368 3372
5555 5557
5047 5087
138 164
570 575
4463 4807
50 51
3477 3544
5502 5667
1861 1885
5708 5772
3941 3944
3366 3713
3361 3369
1193 1197
1967 2052
4094 4186
632 635
4801 4802
5606 5724
1502 1723
5333 5831
4003 4004
3227 3554
5775 5947
1186 1194
2337 2753
5093 5095
4263 4345
1529 1533
4944 4972
5137 5138
94 178
1102 1200
1520 1713
887 1046
2102 2132
3334 3387
5823 5843
4427 4453
4742 5282
4339 4340
2357 2358
2448 2476
2076 2116
3948 3960
3373 3729
1821 1826
2834 2926
3216 3782
699 702
1559 1560
1977 2073
2185 2251
850 871
1342 1562
5731 5732
182 183
2630 2638
4070 4071
2069 2076
1580 1619
324 532
2693 2694
19 2111
5619 5676
4599 5354
5724 5729
2761 3094
5008 5522
2568 2928
1983 2009
2582 2597
4648 4987
4629 4708
4978 5616
4302 4313
1960 2025
518 519
611 710
3725 3780
798 802
2985 2987
3284 3512
4406 4407
4263 4358
5225 5227
302 369
1613 1917
3848 3850
2841 2942
747 756
3608 3609
4386 4428
4783 5296
1643 1796
3470 3675
5218 5224
5586 5620
2241 2654
1288 1339
3442 3576
119 369
3505 3632
1392 1396
1292 1458
3040 3044
4258 4364
5000 5001
1195 1525
1976 2090
3609 3689
314 315
1962 1963
544 777
5853 5856
5490 5804
3377 3568
142 245
3003 3098
1138 1930
1167 1170
2013 2130
5165 5455
366 367
4824 4896
4411 4498
3337 3388
899 1355
5057 5104
434 767
2256 4480
2201 2366
3161 3162
4639 5116
1726 1807
1385 1514
2159 2369
4278 4319
5778 5803
298 842
4269 4270
647 767
1614 1751
5948 5985
2477 2651
4636 5232
4958 5017
5904 5915
2062 2143
3471 3472
35 1142
1501 1581
1487 1683
3168 3471
3875 4087
4076 4077
1624 1917
937 950
4476 4721
4715 5232
5350 5514
3703 3980
5308 5517
2008 2028
5468 5469
974 1017
5915 5929
719 727
760 765
1106 1173
3807 3808
5032 5353
2592 2722
2351 2367
5164 5472
1248 1522
2523 2622
2762 2904
4909 4953
728 732
1748 1808
2388 2434
3009 3010
3355 3418
5760 5762
5359 5418
3726 3819
137 264
1632 1633
3588 3885
4558 4615
255 256
26 396
4921 4963
2142 2149
3821 4093
2785 3009
4724 5321
5426 5593
2752 2832
3664 3880
4777 4955
5785 5940
1064 1068
1864 1875
1924 1926
4164 4203
5890 5993
1363 1364
4403 4448
2388 2555
3814 3824
3413 3480
3666 3697
5859 5862
1406 1936
3582 3703
1815 1875
4444 5159
5333 5523
302 866
4032 4168
5692 5870
1702 1705
2089 2114
2562 2563
1141 1143
220 504
4210 4211
459 786
4227 4343
5667 5813
901 902
1052 1071
3932 3937
4486 5277
4009 4157
3976 3980
4836 4838
3907 4109
5003 5015
4275 4276
5412 5708
658 851
3318 3485
4813 4854
2898 2899
212 276
1358 1491
5365 5367
4964 5023
5645 5650
2374 2633
2100 2101
467 502
5947 5988
486 515
2547 2561
3146 3149
1112 1206
439 440
4006 4007
1258 1260
4663 5031
2443 3672
1576 1606
122 238
2486 2810
4382 4523
3227 3488
1768 1776
3208 3209
5374 5537
1532 1536
2158 4442
4518 4569
915 1079
2300 2576
5754 5943
3325 3501
1033 1034
3746 3760
1189 1547
991 1037
3181 3493
120 286
139 299
3695 3714
4261 4354
2167 2168
6055 6056
78 289
625 687
1098 1136
644 700
1284 1555
1325 1327
2223 3460
3625 3884
2823 2967
1369 1370
2976 2980
5257 5258
2960 2972
2344 2703
1091 1096
571 572
1321 1558
10 1996
2262 3344
4569 4857
3879 4181
3975 4118
3373 3555
4080 4171
4868 4924
1100 1101
4486 4593
3892 4120
592 631
3832 3840
5272 5273
2524 2526
1457 1604
5552 5556
4516 4701
2768 2923
5596 5599
4175 4179
4782 4857
5202 5214
5515 5674
2679 2814
86 944
991 1050
1657 1665
3097 3098
3938 3943
2797 2806
4593 5335
796 811
1436 1437
1214 1324
4561 4888
1716 1720
3115 3152
5828 5841
1766 1837
1807 1838
2815 2860
1867 1889
3266 3550
1232 1378
19 1119
2304 2415
2199 2362
3625 3897
4766 4997
638 639
2837 2878
3501 4090
3950 3953
4590 4808
5837 5846
1501 1502
4534 4647
3820 3843
1445 1607
1230 1453
249 305
4588 4883
4443 4465
2055 2061
4808 4886
1774 1782
4821 4825
3145 3152
803 827
1756 1913
2883 2886
4304 4306
1102 1160
5983 6021
2960 3106
319 485
1814 1854
4023 4027
2885 2932
2324 2370
2945 2946
2690 2693
4297 4303
3550 3551
4476 4534
4720 5123
157 837
3400 3755
5456 5457
96 598
2372 2532
1677 1741
4705 4771
3342 3521
1869 1911
4993 5174
5867 5967
1904 1905
2704 2712
4144 4145
5792 5793
529 601
5215 5223
5234 5236
1106 1107
4392 4661
4865 5110
1176 1580
4815 5289
5510 5814
3163 3411
2136 2147
5164 5177
828 833
1055 1061
93 155
4461 5434
3339 3344
3344 3459
818 825
1119 1985
837 838
2368 2655
109 136
4710 4714
4756 4830
694 789
5855 5970
3035 3118
2928 2992
39 40
4722 5182
350 427
4211 4212
5030 5069
4436 4559
1702 1747
5702 5876
5512 5981
4927 5062
5581 5586
101 625
390 499
832 844
5345 5346
5415 5819
5468 5645
1134 1182
655 659
4827 4831
378 381
4469 5123
1238 1239
1405 1416
1317 1532
68 1387
2886 2887
3290 3465
162 268
828 846
2889 2892
3515 3583
5917 5922
1514 1588
1987 2037
2899 3085
2954 3021
3575 3634
4877 5362
2363 2553
4278 4279
4498 4548
5570 5814
950 957
287 384
2780 2841
5462 5463
4711 4777
3842 4099
5991 5992
4587 4741
3680 3771
612 854
3473 3707
3232 3352
1453 1470
4438 4618
4743 5268
5787 5933
1332 1409
2552 2610
5193 5194
4797 4965
3737 3753
3508 3701
3816 3817
3200 3319
894 954
4934 4970
2986 3067
3244 3591
1818 1827
2079 2097
2678 2685
2318 2379
2719 2723
4104 4220
4123 4233
3018 3019
5769 5771
5395 5530
1641 1642
338 443
5064 5430
222 231
562 565
3986 4349
1427 1538
584 620
3450 3817
45 46
2765 2960
69 403
2471 2513
3073 3076
36 226
5255 5671
55 239
674 742
2682 2696
4861 4963
1379 1497
4746 4747
3085 3086
4451 4570
2455 2919
4733 5451
5196 5212
2766 3040
3948 3949
5599 5602
2851 2855
29 1391
2333 2929
910 911
330 336
2369 2586
3477 3546
2188 2282
5590 5782
987 1094
4268 4341
333 341
3361 3371
3540 3602
4586 4879
1124 1365
4226 4344
1170 1215
2863 2865
4284 4285
2623 2624
2521 2576
4200 4291
2471 2755
284 341
542 865
2304 2349
1743 1787
1342 1443
5392 5393
5997 5998
4521 4642
1828 1831
4295 4299
5026 5043
5008 5632
1543 1618
1008 1045
1269 1315
2195 2298
2816 2874
3948 3962
5154 5457
5649 5665
4615 4691
2681 2686
100 116
45 180
699 704
919 973
2980 2982
5731 5733
5731 5734
3024 3025
3389 3446
4070 4073
1231 1733
2287 4452
761 764
1580 1621
2973 2979
318 460
3833 3837
244 245
3124 3148
5624 5793
5264 5450
5724 5731
5527 5860
312 416
3400 3460
4327 4345
4673 4753
4953 5036
158 178
3845 4076
397 460
4413 5351
1949 2134
4686 4692
517 525
1957 1958
5730 5896
5269 5272
2399 2828
5840 6027
1726 1796
4769 5629
1225 1285
3759 3780
4783 5298
2737 2823
956 1097
2241 2656
3868 3915
427 487
2488 2533
666 769
5561 5565
1738 1806
5860 5861
2293 2294
1677 1796
3449 3739
4483 4484
2822 2823
3240 3336
3806 3976
5554 5562
3685 3686
5364 5401
221 769
5897 5901
2024 2025
5336 5339
2115 2143
4195 4202
1153 1274
1015 1044
2452 2731
2887 2888
1106 1162
4819 4820
1345 1444
366 369
1644 1740
3337 3390
5398 5399
4257 4262
4601 4826
2968 2998
4021 4022
712 713
4177 4269
1871 1904
2470 2492
3588 3874
3970 3976
1241 1471
5110 5117
2584 3008
2799 2896
3444 3866
2859 2947
5734 5735
2711 2783
3752 3753
2273 2557
3806 4218
934 947
4605 4837
221 782
997 1003
1577 1578
601 774
895 955
2156 2157
1953 2094
3620 3984
4088 4089
2761 2762
1340 1342
2947 2952
3365 3694
4420 4562
5228 5230
3318 3353
916 1014
281 503
635 772
2789 3009
308 377
2388 2436
2133 2146
2171 2438
3905 4089
4399 4624
3053 3055
101 572
357 498
3012 3017
1071 1073
2824 2966
3251 3299
730 780
4020 4039
4990 5065
4682 4683
1115 1116
3074 3114
4724 5323
273 275
1672 1707
691 788
2752 2834
3898 4049
1004 1019
1265 1289
1303 1581
2215 2629
1449 1635
3345 3348
4445 4447
1363 1366
4832 4893
3647 3649
3633 3751
3306 3356
3473 3533
5718 5888
417 441
3703 3995
3476 3538
1709 1710
4995 5530
2030 2031
609 611
1989 1993
48 49
1059 1076
3120 3122
372 375
4763 5143
4735 5310
2457 4727
3983 3985
2221 2501
3422 3423
3394 3590
3721 3756
1761 1762
4779 4858
2179 2275
362 855
1745 1754
4486 5279
950 1025
4231 4235
5597 5719
5135 5136
966 969
212 278
2232 2286
102 406
1504 1584
2337 2339
5086 5954
449 450
2424 2456
676 678
748 783
2193 2560
2487 4727
679 683
3127 3138
486 517
2547 2563
3366 3420
1819 1824
1986 2001
2192 2335
1258 1262
1299 1300
3426 3434
5471 5472
4050 4052
4542 4743
4855 4974
2909 2915
1708 1764
4206 4299
2953 2958
3865 4006
205 211
2337 2460
1523 1718
2672 2679
3801 4250
2243 4488
1190 1249
822 853
1761 1775
5754 5945
5186 5195
4718 4861
370 692
3245 3251
5205 5208
4404 4405
796 800
3160 4604
5056 5085
2587 2756
1372 1670
3392 3678
4753 4818
6055 6058
2538 2571
4950 5103
454 807
4664 4746
5810 5961
4562 4698
1649 1655
3283 3893
2772 2923
5559 5561
2758 2759
282 471
5536 5614
5830 5832
5209 5219
54 55
5709 5771
4878 5385
5833 5837
2092 2117
4131 4138
583 584
1369 1493
242 291
121 230
4161 4246
346 348
5638 6012
411 477
3957 3958
1956 1963
5825 5838
1214 1326
3662 3781
3335 3386
4439 4641
86 128
726 754
3159 3160
96 587
2059 2061
3384 3507
5626 5628
1498 1499
5906 5911
3996 4071
4249 4251
641 646
407 479
2361 2362
3567 3628
4740 4983
5707 5967
5559 5574
3358 3491
4984 5343
1491 1496
1138 1866
601 695
16 1991
3495 3496
5962 5964
334 351
413 415
5541 5582
2018 2144
4139 4241
5192 5228
75 356
1350 1456
2697 2698
295 359
1303 1381
522 587
1556 1561
4603 4604
181 257
654 706
2459 2826
1230 1576
170 364
906 927
2066 2077
925 940
5163 5466
2162 2310
288 356
4629 4778
2368 2415
1568 1571
2168 3293
1848 1854
3035 3107
5160 5168
1512 1905
2326 2418
5500 5502
190 198
1630 1631
448 493
3820 4087
3424 4087
814 816
1294 1453
4702 4704
253 254
1860 1864
2586 2722
4708 4778
3668 4218
3630 3697
5792 5795
2382 4649
1623 1628
1282 1335
4489 4596
457 663
1190 1517
4705 4894
5510 5816
2210 2327
5054 5536
4156 4157
589 590
1036 1050
4040 4211
5755 5849
511 670
3900 3908
3919 3921
5340 5341
4044 4330
5037 5074
3447 4111
1678 1685
3569 3808
73 444
1697 1698
2915 3055
4756 4832
3195 3338
5878 5919
6017 6034
3121 3123
320 321
1292 1649
5681 5819
600 604
1460 1462
4132 4150
2518 2601
350 429
1790 1862
3471 3650
1322 1528
3111 3115
4343 4370
62 1194
1946 2146
4514 5420
2033 2034
4885 5067
5171 5195
2036 2039
2896 2897
1695 1746
1903 1924
3030 3126
2467 2491
3021 3077
108 788
2692 2838
3738 4152
378 383
4538 4730
1243 1585
3158 3311
2449 2622
556 655
2889 2894
5208 5464
5917 5924
1328 1400
4609 4610
2893 3013
3232 3233
5639 5650
978 1021
2951 2954
5979 5984
1296 1367
3137 3144
3789 3824
3868 4117
287 386
2348 2395
3986 4338
4431 4725
773 774
97 225
2411 2451
2798 2897
3283 4632
3837 3986
5222 5483
1602 1824
5912 5930
5991 5994
1247 1596
2061 2109
473 512
3542 3543
426 437
5133 5411
2726 2728
3531 3650
623 685
3030 3139
4470 4572
788 789
5275 5494
4676 4677
2035 2056
1887 1929
2675 2682
1565 1649
4772 4910
4445 4515
4469 5138
2098 2112
4104 4222
5030 5434
5539 5540
4016 4109
3878 3879
2916 2973
5189 5198
4048 4061
1360 1365
219 228
1124 1125
5831 5833
2264 2266
2670 2688
4731 4734
2541 2574
4989 5029
4648 4965
5295 5301
999 1093
326 327
3213 3381
4321 4341
2793 2795
5200 5212
1232 1301
4324 4346
456 814
3656 3658
1056 1075
1696 1701
5304 5306
3160 3491
4495 5396
5606 5607
618 620
2858 2860
57 58
4451 4572
6037 6059
2909 3091
5930 5933
4994 5494
636 637
2076 2107
3948 3951
4920 5316
5075 5153
4228 4234
5369 5371
1427 1432
2079 2112
451 857
2812 2929
3087 3097
3326 3379
883 1039
3763 4171
3537 3599
3155 3268
4208 4292
5942 5943
5321 5330
5293 5497
2418 2746
632 639
4226 4346
2500 2519
972 973
4284 4287
2343 2572
5963 6002
1983 2000
4426 4865
3483 3484
2862 2871
3373 3612
5654 5661
284 343
951 1035
1784 1790
2515 2763
4891 5867
4474 4532
2473 2537
1566 1604
2531 2744
3214 3969
731 739
4561 5174
4165 4191
989 1034
5056 5153
510 511
2700 2701
100 118
3739 3790
5132 5148
3279 3280
58 121
490 532
3024 3027
1295 1491
3711 3728
5068 5392
5211 5212
2702 2747
3734 4126
3333 3782
4424 5061
4539 5048
5188 5457
3479 3607
525 526
4864 5104
5793 5796
2992 2994
170 298
1104 1105
3497 3624
4667 5233
5276 5277
4665 5389
288 290
4176 4178
1260 1389
4496 5351
2939 3104
5000 5113
4327 4347
4673 4755
5165 5446
2271 2416
5032 5102
1037 1051
1949 2136
94 195
4928 4981
3075 3113
5059 5464
5568 5570
580 583
346 416
1726 1798
332 481
4509 4997
4989 5634
139 840
4459 5405
63 64
3951 3952
5404 5406
2989 3046
3868 3917
2197 2588
3458 3790
3821 3842
1732 1734
1171 1172
4545 5364
899 1467
5076 5229
2509 2594
4243 4245
1440 1562
3286 3454
5667 5670
1992 2075
2613 2651
3358 3559
4545 4546
1563 1632
2382 2489
5897 5903
4503 4549
4632 4959
2314 3523
3233 3298
1686 1739
3513 3581
108 601
1111 1279
5679 5680
130 131
4018 4019
3342 3470
1270 1272
4837 4839
4823 4941
4021 4024
3014 3116
1120 2001
712 715
2899 2900
4547 5531
3220 3221
1964 2097
3882 4094
5690 5694
5148 5411
4604 5247
2340 2384
3444 3868
3518 3817
724 725
2711 2785
2592 2605
424 433
3796 3798
1022 1062
4229 4323
3267 3417
4578 4965
3814 3815
206 210
2214 2918
2792 2895
3454 3509
5166 5172
2258 2436
2998 3000
2437 2438
4508 4906
3173 3526
3909 4089
5127 5180
526 602
3172 3530
1386 1460
1018 1064
3452 3584
4505 4608
4744 4890
916 1016
2996 3075
542 546
709 723
3193 3589
3661 3694
841 842
5741 5753
132 153
192 204
4784 4962
2349 2446
5050 5081
3670 3699
554 556
774 788
5863 5864
5013 5428
5426 5597
39 110
5780 5866
2215 2631
1602 1879
3644 3646
3303 3353
3007 3062
533 618
827 836
32 336
2207 2218
3919 4110
4526 4788
5806 6003
5718 5890
3605 3654
69 1386
4778 4780
549 562
2030 2033
4437 4450
4635 4960
1708 1753
4626 4911
4220 4223
567 616
2186 2280
331 339
4419 5335
3419 3420
2328 2629
5404 5407
1402 1417
2355 2503
674 678
841 855
4108 4167
1761 1764
5331 5831
2745 2917
2198 2290
3932 3941
1189 1538
5776 5989
2107 2108
686 688
3134 3143
5135 5138
3653 3708
2232 2288
1504 1586
2216 2280
583 681
5863 5898
2957 2958
748 785
2682 2753
5648 5659
2427 2463
5708 5710
1066 1094
5988 5993
3820 3821
4630 4858
4124 4232
3329 3503
461 462
3308 3417
5013 5562
4767 5092
1601 1603
3980 3995
224 226
2254 2922
3197 3320
2691 2694
4002 4242
5576 5675
3229 3272
2735 2737
5763 5767
4732 5027
3273 3315
59 1098
5186 5197
5205 5210
2624 2640
2300 3977
4750 4815
796 802
5264 5265
5219 5788
4448 4450
2318 2570
23 357
2466 2468
3271 3619
3178 3428
4809 5395
2254 2814
578 579
79 932
924 987
454 809
2823 2971
3422 3559
4375 4874
1369 1374
3468 3675
5538 5541
5810 5963
1940 2129
173 301
3089 3090
5840 5842
1712 1713
5600 5601
318 396
282 473
5803 5960
2016 2124
4182 4186
161 183
3280 3331
4945 5377
3381 3383
5041 5085
2092 2119
5552 5560
3425 3426
4433 4936
3674 4130
104 817
5615 5616
121 232
2440 2536
3954 3955
5853 5902
645 646
3843 4087
2196 3344
3156 3157
1735 1737
4522 4641
408 410
2352 3591
1779 1780
946 988
2579 2587
2059 2063
2331 2485
4258 4302
1157 1208
5030 5047
3811 4256
1805 1917
2324 2482
423 425
851 872
2190 2253
4311 4313
4481 4990
3442 3635
4445 5296
2055 2065
4462 4482
5111 5157
4355 4356
40 135
5962 5966
2694 2695
844 869
1635 1856
654 708
2412 2716
2006 2028
3286 3509
1230 1578
4325 4369
5166 5214
2945 2950
2843 2939
4696 4770
2227 4656
5916 5971
3849 3851
2994 3108
5855 5961
2846 2944
5662 5795
4387 4429
2472 2474
5233 5389
4925 5007
5799 5800
1630 1633
4708 4780
2982 2990
253 256
1113 1114
2465 4649
2231 4482
51 270
390 490
3511 3748
2783 3009
923 990
4144 4149
1783 1848
1329 1412
3624 3625
1043 1055
4352 4364
1461 1568
3794 3807
5234 5240
3499 3630
1405 1407
4832 4937
5491 5805
2289 2659
3471 3531
5577 5579
589 592
4460 5065
828 837
5296 5300
3916 3918
1168 1171
3592 3794
5039 5415
5149 5812
4347 4370
4503 4617
3214 3582
821 834
4626 4953
1966 2090
3571 3856
3912 3920
5720 5749
5159 5187
4758 4843
2177 2273
3173 4749
4554 4555
60 103
3133 3135
2033 2036
1398 1525
1692 1706
2203 2447
2036 2041
5905 5916
2189 2283
2450 2553
2896 2899
3429 3628
5449 5636
3241 3577
1161 1289
4120 4219
1243 1587
5766 5986
3106 3123
718 719
2545 2561
6005 6039
2476 2727
437 440
5917 5926
3303 3408
1954 2093
247 316
3234 3308
5584 5982
357 447
2017 2149
4226 4322
458 499
1222 1420
5998 5999
2431 2432
3209 3251
2808 2907
5418 5424
1013 1017
3697 4237
4700 4915
3700 3754
1238 1364
3079 3141
2172 2208
4192 4216
2158 4488
3636 3998
5678 5765
3677 3770
3823 3824
5213 5665
3160 3480
2993 3074
426 439
5873 5940
2253 2281
2726 2730
5193 5198
3025 3026
76 289
3245 3295
623 687
5905 5929
573 866
2675 2684
3566 3875
3774 4053
4041 4168
4791 5383
3304 3609
878 913
3815 4350
4159 4160
3018 3023
850 851
3181 4707
3361 3362
1360 1367
4567 4628
1379 1380
1599 1649
52 53
2230 2684
3080 3083
4506 4618
5050 5270
5831 5835
4659 5385
1703 1706
1422 1427
5162 5188
3213 3383
4214 4217
773 789
3230 3552
5200 5214
2595 3041
1056 1077
1228 1598
388 389
321 399
4586 4991
835 849
1434 1437
2294 2295
3113 3152
752 851
576 625
3396 3440
636 639
4992 5386
2440 3517
3087 3099
3837 4351
4983 5337
3238 3268
29 1395
330 340
4977 5034
2341 2757
4010 4013
3913 4117
1580 1612
1253 1254
1967 2058
2481 2508
3493 3494
1299 1370
2445 2585
2338 2459
4054 4056
4064 4249
4816 5345
5518 5617
3143 3152
2623 2628
455 456
5753 5944
4302 4306
2046 2058
738 744
5612 5895
5636 6023
2336 2534
3829 3830
5716 5723
5735 5736
2168 2169
2366 2413
2531 2746
186 187
2987 2989
4984 5279
4497 5686
516 587
1610 1612
5199 5204
2816 2878
5498 5500
4767 5052
25 1518
4149 4185
133 526
1821 1832
3514 3674
2681 2690
5542 5543
4425 4534
3711 3730
5731 5738
5068 5394
3196 3284
4562 4768
522 523
4128 4247
2514 2698
1366 1373
1280 1333
3343 3977
3415 4082
3217 3572
5273 5274
5834 5836
3497 3626
3896 3897
4176 4180
2392 2708
5060 5166
3425 3494
2004 2074
3098 3099
5266 5271
1116 1117
1957 1962
1721 1722
2366 2655
907 943
3324 3856
31 1309
3291 3679
731 754
3759 3784
5397 5690
2164 3194
1164 1279
4490 4491
2203 2368
3951 3954
4841 5243
2461 2663
642 645
5561 5569
5368 5403
4253 4255
1292 1464
1152 1161
2542 3002
5744 5919
2031 2032
214 612
1248 1394
1215 1217
3663 3672
3221 3290
3921 3967
4086 4263
5667 5672
373 376
2465 2489
3165 3166
4185 4242
5405 5406
596 650
2024 2029
4591 4664
2505 2827
5206 5462
719 720
2367 2368
5679 5682
5959 5965
3791 3793
176 249
1809 1811
2803 2898
3216 3333
360 558
4878 4879
5117 5124
5442 5446
5697 5699
4301 4309
3193 3349
4471 4720
192 193
1505 1585
4653 5434
941 954
793 827
3444 3870
2790 3117
6033 6035
1584 1585
2592 2607
214 854
3263 3300
5785 5933
2724 2726
62 1251
1022 1064
4229 4325
4408 4556
5213 5478
786 787
4509 5133
3858 3860
3297 3298
4102 4220
1502 1637
4444 5152
1920 1921
1474 1575
5808 5809
3406 3470
1639 1642
259 260
2499 2500
3585 3701
4653 4737
138 199
2237 2500
3562 3983
1683 1685
4846 4903
5632 5812
1122 1123
3190 4111
34 1310
679 782
712 730
3179 3427
3053 3059
3633 3634
3913 3917
3483 4104
5873 5874
4212 4213
62 325
3173 3649
3310 3358
3821 4099
774 790
1414 1416
2835 2836
5302 5304
4373 4575
5541 5586
6033 6048
4928 5588
1358 1484
902 1241
1864 1881
2125 2151
5783 5873
4938 5781
1822 1884
55 56
3735 3766
1135 1183
1608 1632
335 339
827 838
3127 3129
379 382
4078 4105
4646 5380
2 166
1970 1984
549 564
3990 3992
5473 6061
2890 2893
5597 5602
5602 5946
2167 2269
4307 4342
3230 3486
1232 1237
5571 5815
671 675
4282 4285
2902 2903
4502 4554
4793 5026
3605 3777
4513 5615
1709 1835
2624 2629
4198 4291
4695 5097
540 865
2802 2901
359 561
2107 2110
727 728
2967 2968
1546 1548
3552 3887
5135 5140
3266 3301
1122 1486
2529 2742
4057 4059
3496 3497
5381 5546
2432 2580
4723 5317
4484 4806
2371 2570
4105 4221
3778 3826
516 629
5471 5476
741 747
5209 5210
1633 1823
4706 4855
4702 5379
382 814
3181 4775
523 524
4411 4412
5763 5769
104 806
2599 3107
5183 5194
3273 3317
5501 5503
1934 1936
2500 2576
1657 1658
4685 4688
5517 5713
502 586
796 804
3635 3669
815 817
3824 3834
5830 5944
3547 3556
5728 5896
1218 1436
3188 3852
745 758
1223 1551
3744 3841
1383 1503
4716 5169
5178 5200
1116 1159
5197 5213
5837 5839
61 62
1069 1084
2287 4390
4885 5392
2459 2696
5241 5256
5559 5565
5600 5603
2228 2534
590 591
4165 4248
2016 2126
5517 5605
1730 1732
4068 4352
3662 3664
2208 2296
1774 1775
3560 3616
2452 2656
3304 3690
6034 6060
237 409
4571 4643
435 653
935 976
3987 4363
1487 1489
3331 4961
1418 1618
1767 1772
2627 2630
2918 3102
626 635
2066 2068
645 648
2586 2592
1505 1506
2519 2602
1164 1213
5677 5678
1642 1740
408 412
4747 4761
2966 2998
96 591
5027 5044
3370 3613
990 1033
1157 1210
2196 2299
3502 3503
902 920
2201 2414
420 422
544 717
5700 5783
299 361
4012 4019
5567 5668
2011 2024
3031 3100
684 697
5108 5642
5732 5735
4063 4250
2829 2885
3648 3742
4892 5529
5215 5216
4074 4079
3177 3568
223 487
5744 5745
3342 3406
5348 5516
107 312
2306 2551
2567 2592
3520 3678
1619 1621
2412 2718
552 662
1058 1059
1899 1904
3539 3691
4265 4320
4415 4493
353 489
614 759
5841 6028
5739 5751
5159 5176
2578 2606
4343 4361
1394 1395
3484 4105
5070 5629
2720 2726
4564 5003
552 554
5045 5047
5171 5186
1329 1414
5341 5863
3063 3065
6015 6036
4442 4488
4838 5242
806 821
5013 5014
825 834
1644 1691
5090 5463
828 839
5337 5340
5669 5813
2567 2605
2479 2721
3699 3922
607 611
5039 5417
538 777
2291 4656
4999 5052
2258 2493
2943 3121
5985 6049
1950 2148
4331 4364
3978 3980
3789 3815
821 836
3761 3982
3508 3573
3551 4172
2527 2654
1180 1183
1271 1530
2881 2886
3571 3858
3719 3756
3884 4089
4672 4842
4758 4845
4479 5430
2043 2046
663 664
3283 4623
5112 5114
5931 5934
1803 1805
2295 4482
5029 5079
5977 6050
3234 3418
5414 5415
426 428
2346 2498
3220 3291
37 1141
2571 2845
5465 5646
5489 6003
5484 5659
169 277
1122 2117
260 395
134 256
4234 4323
2453 2560
3153 3237
1818 1820
4505 4557
5871 6041
3543 3651
377 391
2204 2270
4329 4331
3174 3525
1954 2095
354 444
2441 2442
3320 3579
918 1011
6033 6038
4226 4324
2951 2958
4613 5258
2997 3074
2808 2909
6042 6044
5481 5482
4944 5543
493 495
732 740
212 216
1031 1073
3350 3606
5244 5246
4535 4786
4683 4684
794 837
3201 3254
5675 5698
2253 2283
3306 3307
2330 4718
5773 5775
1709 1890
623 689
3116 3146
3233 3731
3174 4814
4975 4977
5071 5439
5019 5020
831 840
850 853
1710 1711
5170 5189
4564 5379
2014 2122
3361 3364
4221 4222
1967 2047
1060 1077
3426 3493
5251 5262
1302 1364
4750 4751
4459 4804
1422 1429
4706 4910
773 791
2180 2276
2399 3397
4780 4859
5200 5216
64 65
905 910
2223 3400
3092 3095
4881 5436
1242 1498
1696 1705
1916 1937
247 452
3015 3077
4276 4279
539 560
4520 4639
1299 1480
4606 4679
4773 4856
2338 2340
4924 5025
5770 5948
2057 2061
5949 5950
4440 4646
1661 1832
3547 3611
2640 2641
2060 2066
4288 4289
919 966
1098 1197
979 980
3238 3270
4051 4053
849 870
2167 3397
2308 2353
3440 3670
1000 1039
2206 2305
1137 1273
3434 3855
82 176
2055 2109
2181 2248
5627 5791
1315 1316
1960 2020
4066 4068
1853 1894
3725 3775
2178 2179
3384 3445
4548 4751
4622 4700
3034 3103
5095 5149
520 523
1124 1492
2707 2708
3028 3029
1607 1609
4754 4819
4298 4310
5779 5781
1011 1026
5218 5219
230 232
4003 4133
914 1093
372 810
2815 2921
5148 5160
532 533
1373 1378
2598 2923
96 646
4425 4536
490 536
6011 6023
3043 3044
3490 3733
5188 5461
1382 1383
2514 2700
527 603
1659 1920
14 2004
3622 3623
313 351
1445 1668
1366 1375
3415 4084
2245 2246
5273 5276
1269 1442
1656 1851
3003 3093
548 662
2096 2123
5083 5115
5401 5690
5542 5666
587 590
141 244
933 998
347 349
4678 4837
896 1345
5266 5273
70 71
3196 3636
1169 1211
2435 2757
2482 2603
1855 1916
2581 2582
4396 5353
2734 2824
2861 2865
5609 5612
1385 1509
1679 1727
4487 4488
903 1240
1871 1897
2217 2305
362 364
1549 1617
2829 2832
408 480
2607 2719
513 533
4434 4598
3186 3335
5151 5407
2312 2313
2573 2583
2103 2139
1248 1396
2256 2381
4589 4886
3663 3674
3221 3292
4544 5409
1006 1045
3223 3338
936 986
2115 2149
5456 5639
974 1012
3467 3469
4659 5066
5896 5911
545 606
3227 3228
4705 4953
4378 4787
56 149
2163 2311
4890 4935
1569 1572
1052 1053
5224 5225
4061 4329
1788 1875
2662 2668
494 496
3341 3451
3288 3588
2474 2617
3835 3986
4220 4322
254 255
4709 4779
4494 4891
4426 4427
5472 5475
5890 5988
2765 2766
1344 1346
4964 5005
2402 2448
748 763
1627 1634
1286 1341
5534 5535
4517 4959
4985 5064
5446 5459
3858 3862
983 1074
269 270
2717 2725
3297 3300
4157 4158
4541 5087
5229 5461
2868 2894
20 209
5808 5811
3060 3064
1119 1120
3359 3360
138 201
4505 4612
2051 2083
1683 1687
3658 3693
5126 5188
1963 1970
4647 5190
929 959
1402 1408
1982 1983
2221 2265
2410 2430
4435 4553
5081 5091
5769 5819
5870 5871
3053 3061
477 569
3923 4112
4709 5021
2835 2838
3695 3696
5302 5306
1694 1701
3184 4712
1713 1714
4724 5329
5659 5809
2237 2394
1523 1590
4950 5083
2037 2040
1457 1465
215 276
4224 4225
3649 4748
371 789
2207 2222
385 458
1520 1521
2432 2569
3048 3067
5367 5371
4405 4502
403 512
876 961
2610 2612
3761 4171
10 1978
1469 1475
27 1393
1381 1591
1749 1758
4148 4351
4915 5018
2900 3088
3710 4125
4840 4844
4219 4231
5530 5779
671 677
1531 1535
4592 5267
5423 5424
3399 3940
2193 2445
1014 1016
3380 3432
5100 5148
2376 2795
2624 2631
5053 5073
5652 5661
5550 5879
1395 1647
1543 1545
5715 5717
4607 4757
3373 3658
2304 2397
965 1016
1963 2104
2216 2284
2782 2924
1003 1042
4430 4572
5645 5658
5956 6008
5648 5663
2740 2964
5381 5548
4727 4795
2432 2582
692 857
1318 1319
4124 4236
4404 4519
2181 2182
4049 4062
2502 2503
3994 4126
205 217
938 1034
124 292
1084 1088
1190 1255
5271 5272
104 808
5501 5505
733 750
282 585
4325 4347
3723 3784
2797 2801
3764 3785
3096 3097
3206 3265
2280 2282
3887 3892
1232 1373
1719 1720
3744 4072
58 59
1204 1274
5777 6019
4722 4922
1756 1787
168 190
3416 3489
5049 5088
3388 3390
1053 1078
3608 3659
2080 2113
4179 4185
884 1040
3432 3433
3423 3613
1730 1734
4149 4242
5622 5623
634 636
5322 5331
1774 1777
4804 5405
2271 2354
3812 3839
4824 4825
104 821
3163 3164
3509 3572
3235 3269
3880 4239
4529 4648
5422 5683
2297 2757
2066 2070
1505 1508
2217 2239
1233 1574
689 693
3755 3978
4066 4365
3505 3803
4640 4866
4821 4941
4659 4879
5160 5161
4019 4024
4497 4817
3038 3105
4299 4307
4411 4548
457 535
2463 2645
4664 4994
990 1035
190 191
2122 2123
107 422
2394 2545
2941 2943
2168 2239
898 1446
4694 4873
5452 5454
2396 2591
1310 1390
2382 2427
1043 1046
482 484
2321 2417
5267 5408
526 527
4743 5408
144 196
5221 5935
2716 2717
2977 2987
1616 1618
3856 3858
1896 1901
3727 3744
5628 5801
2006 2032
2479 2481
1058 1061
1899 1906
4347 4361
4698 5113
5507 5511
1577 1626
818 820
3175 3645
4047 4365
4429 4430
821 825
1681 1683
614 761
1120 1121
581 584
707 723
6020 6032
32 1308
4192 4194
162 371
473 492
5691 5978
2833 2834
4765 4766
881 997
3195 3223
6015 6038
5335 5525
2486 2497
2252 2330
2546 2548
5063 5591
2826 2831
5491 5809
658 659
3175 4705
5577 5583
4417 4433
4183 4266
1449 1454
3603 3691
1855 1876
3169 3170
5741 5920
2245 2556
593 715
3234 3299
5359 5360
1792 1793
1145 1191
2943 3123
4259 4261
1461 1922
463 605
1296 1360
315 441
3596 3688
4489 4723
2288 2374
994 995
2527 2656
4022 4025
4810 5532
1121 2002
5453 5638
4694 5357
2084 2086
3883 4095
2295 4484
2663 2665
621 669
1247 1589
4435 4608
5414 5417
4034 4035
1286 1288
900 1481
2775 2842
2887 3083
5643 5654
3165 4754
806 836
4099 4100
5692 6041
718 723
3125 3140
556 661
4551 4675
201 204
1135 1240
354 446
4287 4336
3528 3530
3306 3417
3473 3594
4980 5017
5768 5770
3481 4172
3531 3535
3811 3818
3978 3995
263 264
2228 2336
2508 2619
908 968
3179 4773
5481 5484
3590 4115
2344 3450
3252 3302
5805 5810
4697 4850
5222 5489
509 670
795 798
4449 4519
2682 2691
99 277
5095 5125
813 852
5787 5941
5059 5202
558 562
5826 5869
4558 4691
84 154
122 409
2450 2570
1130 1956
815 861
2348 2522
3774 4057
4851 5438
2812 2922
2411 2578
1177 1479
1991 1992
4637 4920
3317 3552
330 331
2269 3397
371 857
1754 1756
5928 6001
99 169
5028 6010
3820 3880
3605 3726
1189 1718
3157 3307
3250 3269
3943 3950
328 406
2213 2455
1100 1151
5594 5603
4145 4350
905 912
3532 3598
3642 3995
2429 2753
1190 1310
2427 2643
388 393
5823 5840
126 127
3737 4003
4298 4299
4385 4453
3203 3315
3423 3547
5949 5952
2494 2589
3225 3562
4463 5046
1839 1840
3131 3146
2317 2404
1295 1484
5290 5498
3201 3619
2069 2073
4381 4455
319 414
1313 1501
2973 2974
4064 4253
225 227
2310 2401
290 356
1403 1431
823 856
4780 5103
279 463
993 1038
193 194
243 540
1960 2022
1872 1909
4365 4366
2565 2590
4480 4582
4379 4530
4686 4687
4323 4369
302 366
5549 5550
5661 5791
5955 6009
5155 5165
1418 1675
3567 3568
4938 5396
2739 2928
645 705
244 361
3759 3775
2190 2191
956 1092
5218 5221
455 810
1090 1092
4003 4135
3841 4073
5262 5493
3808 3896
119 366
900 931
793 805
1392 1393
812 818
3040 3041
177 307
5280 5281
2749 2828
4987 5702
5090 5157
2270 2305
4460 4990
4183 4187
2514 2702
2693 2933
2758 3062
1684 1686
923 1036
4204 4246
3003 3095
3736 3912
1138 1927
2810 2929
2268 3400
5124 5155
5542 5668
4802 4875
5588 5784
1447 1450
1433 1552
67 68
265 312
896 1347
1309 1516
2611 2719
3958 3961
4510 4703
1155 1278
2416 2480
4601 4821
415 485
3441 3442
5908 5910
1679 1729
2019 2026
1162 1173
1148 1275
2643 2644
4250 4254
661 662
3928 3974
707 778
619 665
4548 5345
3884 3904
2062 2140
3178 4910
4035 4036
5356 5518
5103 5109
41 136
2935 2937
2374 2375
1006 1047
1137 1530
1885 1918
1558 1560
5572 5816
2552 2647
4025 4028
4701 5294
3161 4677
4885 4886
5449 5453
3508 3509
1579 1619
1248 1519
2163 2313
2523 2619
308 372
874 1012
2847 2945
2133 2141
3506 3813
5199 5463
4679 4902
1291 1566
1912 1913
5537 5687
4558 4612
4649 4730
4102 4103
3441 4623
521 601
2887 3017
2752 2829
5090 5641
4758 4902
2504 2727
2724 2730
4164 4200
234 315
3441 3576
4982 5061
2558 2963
827 829
3067 3069
5815 5816
266 267
1926 1932
49 269
343 487
964 1063
5690 6050
1148 1409
5578 5580
1129 1130
549 555
2777 2778
922 1066
3016 3023
4289 4316
5017 5018
5655 5800
120 149
5481 5647
3640 3641
1238 1302
1859 1878
3920 3924
5305 5421
5986 6048
3450 3517
281 511
3403 3405
3749 3813
602 603
294 450
165 565
1421 1423
2221 2267
385 568
1245 1463
3272 3888
4435 4555
1833 1862
3053 3063
5101 5133
5161 5184
1745 1749
5474 5644
310 394
1227 1823
3923 4114
5055 5431
4256 4260
3178 3179
4463 4738
2897 2900
1476 1480
5096 5139
2336 2338
3523 3591
371 791
3048 3069
2380 2381
4847 4849
398 399
678 682
2610 2614
4616 4687
2255 2386
5949 5994
4975 5034
4626 5036
952 958
358 448
449 566
743 784
2111 2112
4609 4684
2809 2908
4282 4289
1861 1937
5226 5784
123 810
2974 2975
3877 4240
2311 2402
86 928
5058 5153
115 168
2329 2456
667 681
5355 5376
1007 1015
1026 1028
1284 1552
2433 2513
2598 2617
745 749
4950 5098
5115 5431
3327 4712
25 396
1649 1650
4727 5026
5821 5822
3839 3840
4723 5321
3630 3666
3554 4122
5130 5150
3709 3730
1147 1439
4956 5034
3041 3042
3648 3720
1081 1085
5305 5676
5065 5435
1664 1665
1084 1090
1223 1434
435 644
3623 3663
3 4
3831 3841
4175 4176
2514 2515
3185 3437
4754 4755
4883 5394
1791 1891
5545 5550
4177 4185
5603 5720
629 631
3602 3725
5116 5144
68 69
1716 1717
5369 5553
5844 5846
2815 2857
2280 2284
119 300
1867 1886
2760 2921
4441 5463
5607 5610
4186 4190
3606 3615
5888 5889
6039 6058
1383 1507
2202 2364
3757 3784
3669 3671
73 1352
3328 3378
544 708
3866 3956
2343 2754
1610 1671
1030 1096
2038 2118
3322 3563
4789 4870
2055 2058
4209 4295
5622 5625
5943 5946
721 755
933 934
1774 1779
2634 2637
4821 4822
2018 2139
471 580
1111 1206
4578 5589
163 235
963 1042
3287 3956
696 698
1188 1389
2303 2308
135 136
2616 2768
4023 4024
594 650
4290 4368
4601 4755
2314 2403
585 867
2913 2991
3379 4713
2646 2647
3401 3977
5097 5107
909 927
4720 5120
1246 1515
3257 3969
427 429
6020 6021
5739 5742
4359 4360
2938 2940
990 1037
2702 2929
3156 4560
1050 1051
5188 5639
5222 5223
1841 1846
3193 3395
3561 3562
2140 2142
3712 3731
1324 1327
2184 2185
2788 3117
6031 6035
642 704
3321 3580
3281 4447
1386 1387
144 198
3590 3741
5558 5559
2564 2591
9 10
5475 5790
828 830
2268 2300
5755 5844
3171 3528
3993 4094
1297 1574
1899 1908
2157 2432
5364 5693
5438 5642
5507 5513
469 668
202 553
2203 2319
2915 3050
2428 2666
2194 2499
5289 5290
4709 4715
246 367
5569 5573
707 725
3038 3120
4192 4196
603 604
893 1346
3202 3228
4568 4712
3114 3115
3680 3755
2833 2836
4490 4792
5565 5575
1783 1854
293 792
2877 2879
1043 1061
5905 5909
2440 3844
287 489
1027 1053
655 656
1345 1857
1185 1639
2054 2088
4860 5005
4865 5120
111 263
1317 1529
2318 2363
3256 4632
3985 3987
2015 2096
5461 5639
4965 5701
4029 4030
1987 2034
4996 5014
2047 2048
3220 3403
1107 1167
2652 2653
1145 1193
2786 2882
5157 5642
1110 1172
1222 1413
3770 3806
1755 1876
2868 2951
1961 1981
180 255
567 664
2186 2328
4607 4680
2900 2903
5508 5576
3760 3761
5912 5925
5678 5758
5931 5938
2636 2793
1602 1819
2383 2384
3801 4058
2663 2667
4903 4944
5414 5419
2179 2325
725 728
2385 2430
1585 1586
4646 5547
5465 5650
3264 3301
3610 3709
4649 4798
241 386
2302 2395
208 209
3236 3239
4096 4097
3895 4107
4500 4675
5520 5522
418 433
5488 5489
1921 1922
1019 1067
3011 3013
4635 5021
5251 5253
1123 1124
15 164
3191 4112
1128 1239
2222 2264
3981 4231
3208 3261
5295 5296
92 155
2733 2739
2540 2573
5747 5834
97 233
2999 3124
1652 1653
1311 1589
4043 4328
3730 3831
5244 5250
5824 5825
220 569
2243 2323
2515 2516
3614 3656
71 446
219 344
3113 3145
617 619
77 934
2016 2051
3774 4059
340 341
1988 1989
4228 4229
1320 1530
3225 3322
4419 5517
5604 5943
2851 2852
4463 4806
5879 5882
5318 5320
330 333
5870 6062
4760 5258
2976 3032
209 272
1861 1884
5362 5363
6030 6051
1434 1551
5028 6012
1193 1196
3913 4110
2053 2054
632 634
4207 4291
3517 3844
4539 4801
1557 1887
1151 1199
5243 5671
5284 5672
5606 5723
956 960
3322 3376
5333 5830
4610 4681
1680 1728
2906 2909
5093 5094
2235 2475
1242 1502
4263 4344
1529 1532
2303 2350
968 970
5749 5893
5823 5842
407 408
2347 2393
19 1989
5399 5551
1118 1143
5930 5941
2457 4728
5028 5086
1554 1710
2220 3520
1260 1263
2060 2070
2120 2121
2199 2414
2359 2403
5069 5087
3692 3710
2185 2250
5712 5718
3131 3148
5810 6024
622 683
1231 1730
214 363
4054 4062
5081 5097
511 586
3833 3834
225 229
4179 4242
3124 3145
524 525
1656 1842
2568 2927
4729 4874
4696 4697
5737 5896
3035 3036
119 247
960 1092
633 697
1853 1898
2538 2755
2980 3100
798 801
2391 2705
5225 5226
4600 5403
4889 5277
4911 5036
2482 2594
2289 2465
302 368
2275 2530
4323 4371
1948 2135
2127 2137
2913 3046
860 861
3226 3277
2157 4460
3611 3613
4165 4199
54 239
1389 1390
666 766
5841 5845
812 820
1292 1457
177 309
223 425
591 592
2174 2599
5324 5326
2270 2307
4290 4315
4763 4764
5609 5724
1781 1850
1440 1557
2701 2759
3386 3387
3377 3567
1684 1688
2690 2866
3965 3966
4421 5000
1508 1728
3736 3914
823 871
5088 5463
5553 5563
5897 5898
1167 1169
2013 2129
246 301
1433 1554
2252 2374
1705 1747
3284 3753
3914 3920
4824 4895
911 920
3201 3984
2430 2646
3156 4507
35 1249
3383 3503
4257 4259
4515 4783
4329 4364
129 130
1707 1793
4587 4659
5908 5912
2319 2320
5347 5350
1978 2027
529 774
1678 1735
5391 5393
3569 3629
1148 1277
2082 2084
1614 1750
1521 1522
5261 5283
619 667
2551 2828
691 772
2523 2729
2449 2551
2655 2656
3234 3235
3163 4752
271 371
937 949
923 1051
997 1000
4025 4030
2502 2828
1755 1810
5915 5928
760 764
1620 1622
438 484
5164 5471
138 192
3810 3812
2163 2315
5057 5116
5334 5882
709 718
3570 3571
3749 3802
3355 3417
6021 6031
3012 3014
3619 3692
5460 5469
2330 4643
2230 2490
4558 4614
1241 1481
3429 3568
3486 4102
2082 2097
2228 2380
2775 2778
1395 1396
3802 3813
194 208
5504 5512
5803 5808
553 555
4914 5417
597 598
5590 5700
547 777
500 665
3413 3479
1126 1127
5699 5872
1148 1411
5578 5582
1989 1990
4184 4265
306 799
1994 2105
4201 4205
20 213
4579 4794
162 791
3211 3237
1191 1192
2323 2509
3359 3364
4422 4847
4590 4660
1462 1463
4227 4342
1742 1746
3726 3831
1833 1864
3053 3065
4281 4319
5040 5125
1222 1710
3457 3643
2605 2609
563 613
2044 2047
664 665
222 283
3976 3979
5077 5192
4989 5079
507 681
2453 2511
3846 4098
1974 1988
4813 4853
1845 1874
1430 1595
965 1007
430 434
4038 4039
4697 4907
2897 2902
1421 1546
2336 2340
987 1025
1047 1076
5928 5937
4273 4350
486 514
5451 6012
4539 4735
38 95
1258 1259
2550 2565
1863 1864
4616 4689
122 237
4330 4332
5751 5752
4428 4638
3261 3300
3027 3133
2953 2955
2392 2393
4632 4633
5764 5950
924 1090
4473 5320
4641 4867
6043 6045
1193 1251
3586 3770
4424 4869
733 741
2390 2697
2242 2570
4064 4068
10 117
5223 5488
2642 2918
4767 4979
4711 5313
4653 4877
4799 4931
1232 1364
1886 1888
5093 5149
1325 1326
745 751
5115 5433
3186 5004
2809 3031
3757 3773
5216 5485
302 410
2509 2510
1088 1090
5821 5824
2168 2217
527 528
4503 5283
272 275
1132 1133
3288 3968
5020 5021
3599 3601
4871 5975
2535 2684
334 335
100 168
4859 5103
2524 2525
5552 5555
2804 2808
863 864
3182 3434
5596 5598
5081 5152
1726 1727
5614 5615
626 628
244 297
65 66
1684 1730
4798 4800
5278 5437
3354 3891
5844 5848
4739 5388
54 173
928 929
1716 1719
2175 2233
3915 3958
5828 5840
1867 1888
2087 2120
4000 4002
3625 3896
1199 1200
3439 3440
5607 5612
2837 2877
5371 5372
2202 2366
729 756
4450 4467
2062 2063
5403 5553
73 1354
2160 2369
5370 5376
5950 5951
401 402
1053 1082
81 949
4427 4520
3866 3958
5540 5558
1992 2004
4146 4241
4619 4690
4984 5340
2038 2120
5888 5892
2502 2749
334 348
2354 2356
2634 2639
5681 5682
5533 5555
2312 2359
5142 5633
4469 4867
2864 2872
2117 2120
4304 4305
5016 5036
1155 1214
5444 5446
847 869
4661 4808
179 181
1987 2010
5034 5053
2517 2764
1283 1399
82 248
2690 2692
1876 1913
2129 2130
928 942
4369 4370
4742 4881
3799 4254
2708 2709
1287 1289
5373 5687
2367 2416
4786 4924
545 652
5739 5744
2131 2139
930 988
2518 2585
1303 1499
4483 4657
4004 4134
1869 1910
2822 2996
3787 4136
4362 4367
3842 3843
4897 4940
4850 5353
533 534
1500 1518
2143 2149
5212 5217
1329 1407
1623 1625
5580 5872
4948 5107
5234 5235
4000 4136
3907 3908
4874 4929
4562 5071
5348 5980
5104 5125
264 265
5221 5939
5904 5969
976 996
4436 4437
869 870
3856 3862
365 842
654 716
1688 1690
1674 1792
2393 2711
4757 4758
2006 2036
1973 2088
3900 3905
4569 5232
118 147
202 555
1678 1682
257 262
71 72
5569 5575
3346 3467
600 601
5887 5921
92 131
4772 4773
2131 2152
3631 3865
5978 6039
5785 5873
3051 3061
1597 1693
1943 2101
3111 3112
3911 3919
893 1348
2770 2782
5562 5572
665 666
832 843
2877 2881
3176 3177
5643 5645
2035 2040
5011 5405
378 380
1257 1517
1804 1915
5558 5574
3125 3131
704 779
2476 2722
1495 1803
2015 2098
2889 2891
3515 3582
1748 1754
34 1250
4762 4849
4795 5026
2047 2050
13 144
4458 5606
1769 1813
2780 2840
713 720
5181 5183
498 566
5365 5529
4694 5361
4997 5133
4711 4776
5972 5978
4432 5324
495 497
5754 5755
2483 2738
5891 5989
4377 4378
1120 1488
1629 1631
1961 2104
1068 1069
2255 2322
2821 2962
5643 5658
1766 1865
465 510
3579 3580
831 833
3454 3585
1360 1362
219 225
5210 5483
184 204
2228 2569
3871 3873
2670 2685
3310 3311
543 551
1510 1535
562 564
2222 2266
4036 4169
1 2
400 502
3208 3263
4873 5309
5121 5145
5295 5298
5747 5836
4305 4330
1652 1655
5423 5712
1182 1477
1743 1773
1056 1072
3936 3938
2974 3032
835 844
2413 2507
4861 4962
2514 2559
2839 2844
3228 3888
5886 5887
1263 1550
4850 5032
2455 2918
5932 6003
5605 5608
323 403
25 1500
5088 5089
1867 1930
4537 4986
5318 5322
3370 3419
4516 4634
4760 5260
402 403
209 274
2470 3391
2322 2510
2454 2629
3540 3601
1673 1835
3987 4290
4586 4878
632 636
1418 1545
2913 2914
3352 3550
5380 5382
5339 5610
2904 3094
2288 2633
5855 5966
4047 4048
5934 5941
738 739
504 572
1144 1198
3950 4115
5139 5966
1529 1534
4944 4973
3249 3250
1828 1830
4295 4298
4419 4593
4298 4303
731 736
2305 2398
3745 3831
3778 3779
4652 4801
1030 1032
2038 2054
3270 3309
4058 4062
4715 4857
4357 4358
4495 4817
4624 4702
5154 5456
45 179
2980 2981
979 986
1820 1831
2699 2702
4397 4696
2182 2183
2166 3407
79 177
4699 4768
5254 5256
5619 5677
4693 4694
2448 2827
75 1455
2742 3045
1656 1844
2296 2470
3836 3841
1623 1667
4302 4314
914 978
4486 4889
1941 2013
7 8
5165 5443
2300 3343
2491 2645
3038 3043
5546 5549
5730 5895
589 629
5269 5271
2669 2688
1382 1497
3839 4260
1571 1921
1619 1669
1120 1985
2006 2078
2572 2755
2737 2822
1637 1723
3256 3387
2810 2812
2934 3107
3596 3721
119 370
2488 2532
177 311
872 873
3384 3572
2730 2819
223 427
4151 4239
4493 5400
4183 4191
5609 5726
401 470
1313 1518
74 75
2314 2352
2553 2597
1605 1626
4698 5051
4555 5231
3344 3392
5737 5911
1563 1629
2036 2078
5028 5451
5537 5557
3574 3854
936 979
2868 2874
1447 1454
2252 2376
1579 1610
2205 2301
4641 5190
2650 2651
4257 4261
4601 4825
2309 2358
1509 1514
129 132
2333 2486
3386 3510
2539 2820
5908 5914
2212 2425
3179 3180
1978 2029
3289 3577
5037 5355
4995 5395
2335 2532
4527 5061
475 476
5322 5524
702 704
5690 5691
5855 6024
1290 1857
5261 5285
2472 2537
3573 3750
2986 2987
4013 4022
350 481
1845 1850
4892 4893
1155 1174
3350 3412
4076 4078
4463 4487
3515 3516
1619 1803
2935 2941
4941 5014
46 255
1352 1459
445 489
5042 5591
2258 2433
744 785
3643 3930
5726 5735
2717 2718
1975 2081
554 661
4635 4715
5729 5740
3728 3745
719 728
526 599
760 766
1620 1624
2007 2033
5579 5981
916 1013
1542 1704
4436 4505
3081 3116
261 264
2133 2145
4946 5250
5161 5175
3053 3054
2824 2965
2438 3424
3486 4104
4439 5190
26 397
1180 1473
5603 5719
5474 5645
834 836
3461 3522
273 274
5541 5581
2752 2833
4445 4446
5585 5587
2443 2492
4812 5371
2787 2790
5340 5527
3454 3519
2377 2626
85 159
5859 5863
3457 3524
3195 3753
403 505
5298 5301
2849 2850
5729 5753
5877 5880
5880 5922
1040 1062
1059 1075
30 1391
3519 3584
331 336
551 605
5692 5871
3169 3471
3155 3307
459 787
4946 5492
2281 2285
1539 1648
4281 4321
362 854
577 742
4078 4221
3185 3186
950 1024
2044 2049
3231 3302
4231 4234
1524 1525
5652 5654
4275 4277
1527 1530
1974 1990
212 277
1358 1492
2065 2108
2232 2285
4716 4922
4898 4899
2355 2621
2916 2917
20 1504
2100 2102
5988 5990
539 608
1800 1810
2192 2334
1337 1554
494 865
222 406
917 968
989 1073
2118 2119
2670 2861
2723 2724
3885 3947
3690 3708
4616 4691
2420 2457
5219 5664
2227 2291
878 976
3326 3431
4379 4455
1065 1068
924 1092
5483 5939
4719 4789
2229 2337
5763 5764
5142 5151
3385 3782
1033 1035
5186 5194
5205 5207
6046 6052
1077 1078
5072 5092
4731 4799
3635 3893
796 799
5828 5829
5248 5254
5019 5431
3307 3310
1232 1366
4453 4525
69 470
726 740
4743 5267
2790 2791
302 412
5257 5259
2344 2704
3608 3652
3240 3256
4503 5285
5311 5386
1091 1097
5559 5560
571 573
3599 3603
5839 5843
10 11
1321 1559
4182 4183
4436 5231
2521 2522
5244 5670
399 466
3945 3947
3279 3332
5366 5367
3604 3654
1424 1428
4230 4345
3430 3501
5207 5788
5716 5894
4644 5153
3147 3149
346 347
5614 5617
626 630
1486 1488
244 299
1684 1732
3938 3944
501 864
1716 1721
3956 3961
993 1097
3140 3146
4766 4998
1980 1996
4967 4988
5626 5627
4578 5701
5906 5910
5876 6004
1346 1858
3424 3844
1261 1262
1445 1608
2319 2364
4012 4014
4619 4692
4385 4525
3451 3452
4984 5342
2124 2125
703 705
3662 4130
5023 5041
463 464
4635 4636
2813 2872
5206 5391
3296 3514
1350 1455
2831 2926
4230 4358
5725 5727
1303 1380
2616 2772
1155 1216
3187 4510
4023 4028
4589 4934
5164 5165
6027 6028
2558 2767
3377 3624
1264 1388
5985 6031
2377 2426
123 251
197 200
3256 3334
3569 3794
3863 4012
928 944
2989 2990
3799 4256
5141 5154
5456 5458
2708 2711
1512 1904
4480 4654
3499 3735
5500 5501
3430 3864
214 554
2347 2705
4362 4369
1946 2132
4702 4703
2240 2313
4213 4246
2212 2251
3492 3695
3072 3109
123 372
5565 5566
703 718
1783 1845
16 17
16 2003
2750 2829
3904 3905
5583 5620
1922 1923
3508 3676
4444 5081
108 774
3439 3576
4392 4662
985 1047
5885 5921
1685 1687
2210 2326
976 998
4224 4260
5296 5297
2548 2587
5755 5848
5039 5412
247 300
3919 3920
4765 5109
4610 5235
4044 4329
2244 2324
5850 5856
1788 1815
4986 5522
4513 5073
3121 3122
2969 2994
3346 3469
820 835
3440 4565
2884 2886
83 84
303 316
1103 1160
888 1006
1743 1749
4570 4789
5213 5649
3661 3746
712 780
4927 5063
4476 5127
4999 5168
4514 5419
5004 5017
5905 5913
582 670
2063 2141
1796 1797
2035 2042
655 660
4669 5707
2224 2732
2692 2837
1799 1802
3406 3641
2659 2660
4266 4270
3158 3310
5319 5523
5011 5407
2944 3058
998 999
3290 3466
3488 3710
2856 2945
1328 1399
1001 1004
2479 2729
3367 3420
2047 2052
4328 4330
5584 5979
200 201
978 1020
439 483
5279 5343
5372 5534
2951 2953
4458 5608
1521 1713
3191 3874
3807 4106
3640 3700
820 848
2714 2717
3079 3138
3667 3803
4431 4724
4901 4902
97 224
1630 1885
3851 3883
5678 5762
3388 3893
5752 5940
289 394
1550 1596
215 216
5977 6058
2682 2684
2167 3258
539 542
3693 3711
3591 3929
4966 4967
310 453
4396 4851
2577 2604
2343 2437
5196 5200
342 442
1142 1249
5237 5238
3755 3771
5816 5817
3414 3478
2079 2098
4085 4171
3538 3544
50 270
3018 3020
1130 1131
4158 4161
5722 5889
3881 3883
2380 4655
2781 2784
1967 2042
219 227
184 206
29 332
2264 2265
222 232
125 794
4879 5385
861 862
4154 4163
133 160
1425 1429
1991 2106
2010 2119
284 329
2421 3151
4305 4332
3229 3553
3656 3657
4576 4795
3936 3940
3595 3647
2795 2803
1415 1421
2858 2859
4506 4507
2002 2120
5154 5445
340 345
4388 4451
4407 4464
3708 3709
4272 4276
523 695
638 682
2018 2064
4917 4980
3666 4237
4383 4521
2487 4794
5812 6061
318 448
2396 2397
1983 1999
2442 2513
3082 3139
3313 3560
735 736
3252 3550
205 278
5346 5507
3706 3720
2925 2926
504 574
2763 3093
3604 3709
951 1034
1784 1789
4065 4067
3521 3940
3696 3712
1707 1771
3765 4071
4133 4238
3338 3738
1786 1835
4639 4864
3119 3142
5139 5150
750 751
1376 1671
4638 4639
2038 2056
2816 2875
1269 1316
2169 3293
5383 5547
534 867
5622 5792
897 1444
2681 2687
4374 4529
5033 5168
100 117
96 641
1187 1920
1839 1846
5992 6005
3296 3448
4703 4704
5656 5790
3347 3679
761 765
5807 5959
4699 4999
1041 1048
4974 4975
2825 3045
5793 5795
3580 3621
750 872
170 297
3998 4134
5553 5554
4490 4596
4665 5388
288 289
914 980
1972 2082
3274 3322
3895 3898
4327 4346
3845 4077
6047 6062
397 461
438 462
1152 1266
1176 1623
4598 4809
2936 3034
3378 3379
589 631
3617 3661
3187 4565
2495 2537
5568 5569
580 582
4592 4994
2173 2257
139 839
5331 5333
2241 2657
1203 1204
1356 1446
1609 1626
4802 4989
427 488
4585 4991
5201 5223
5860 5862
2293 2295
3112 3115
3378 3500
591 596
3156 4619
3029 3117
2103 2134
5623 5626
962 997
4202 4206
1022 1048
2600 2711
1440 1561
4243 4244
1113 1166
4740 5279
5667 5669
5334 5523
5903 5909
612 655
2506 2524
5386 5390
221 770
3817 3843
1563 1631
5984 6019
3388 4632
1579 1612
4884 5408
4419 5308
5945 6027
2650 2653
1270 1271
2070 2078
1258 1934
4837 4838
5678 5683
4301 4306
4547 5530
712 714
5625 5793
1964 2096
16 193
4484 4656
3185 4919
4921 5182
2321 2370
1801 1809
2799 2897
2661 2667
3444 3867
5734 5736
3846 3847
350 483
3383 3857
2177 2325
3436 3454
4642 4720
4375 4376
1333 1411
1178 1574
1627 1629
2245 2496
445 491
1351 1465
2717 2720
1736 1801
2761 2763
2200 2201
3323 3698
2784 2895
1729 1798
1748 1811
3902 4048
4597 5364
3869 3871
3339 3642
5082 5113
3220 3462
5291 5673
4440 5380
25 26
3053 3056
2824 2967
131 156
4374 4797
5998 6051
263 312
3203 3229
414 481
3074 3115
3222 3242
1694 1696
1293 1352
3294 3347
1133 1134
553 559
5286 5293
5426 5596
5305 5306
5733 5753
124 153
5309 5425
2207 2217
5235 5247
4839 5247
1126 1360
940 941
4861 5006
3586 3640
5578 5586
5597 5599
535 663
4437 4449
2849 2852
1469 1470
5602 5943
452 857
3524 3930
3519 3586
1518 1591
3538 3599
1191 1196
1177 1298
3911 4110
671 672
2254 2679
3350 3548
3983 3986
4219 4226
3210 3245
3155 3309
4955 5314
674 677
2069 2108
1534 1535
4977 5073
1761 1763
434 436
4639 4785
5721 5756
1764 1768
4045 4046
5652 5656
370 451
3410 3535
5932 5939
5223 5479
2269 2398
4836 4841
2195 2220
359 558
2948 2952
2480 2618
4835 4845
1344 1825
4274 4283
1122 1483
4372 5380
729 734
2916 2919
3776 3777
1567 1604
940 954
1673 1771
2399 2400
2192 2336
4919 4960
678 688
3305 3374
2670 2863
5471 5473
4910 4911
1049 1089
3110 3135
2441 3565
3769 4003
2535 2675
1974 2113
2227 2293
5489 5490
2359 2449
224 225
2672 2680
4093 4100
4112 4113
4052 4062
657 750
4537 5043
3936 4116
803 804
1190 1250
3881 4180
319 462
5754 5946
420 514
370 693
2376 2803
1077 1080
282 580
2637 2807
4177 4178
4564 4624
5603 5713
1656 1659
276 277
2516 2517
2299 2519
2194 2237
5019 5433
4986 5027
3205 3264
4743 5269
454 808
710 734
729 747
2229 2460
4216 4291
4562 4699
1248 1312
5293 5672
341 342
286 406
64 1525
1053 1073
4503 5287
4866 5110
2852 2853
4849 5143
5709 5772
334 339
721 748
2906 3089
5607 5724
1065 1083
3945 3949
72 73
4244 4245
4911 4974
73 1466
3796 3826
3581 3672
3254 3277
1767 1769
3405 3675
2720 2818
332 414
1486 1490
3358 3371
5166 5200
969 971
408 409
4475 4528
4580 4581
4005 4350
366 412
4447 4466
1271 1272
2919 2920
4538 4584
3323 3498
1482 1492
4787 5059
2361 2363
2360 2404
4817 4938
851 871
4311 4312
49 183
4490 4543
3409 3686
5111 5156
5259 5283
4055 4063
3365 3616
2339 2466
3435 4089
1350 1457
3196 3578
5104 5116
5145 5154
295 360
5725 5729
4479 5064
2154 2420
4007 4022
3286 3508
1899 1901
170 365
4621 5413
758 764
925 941
5226 5227
4904 4947
3230 4101
4456 4528
2708 2713
60 1136
1980 2011
4387 4428
2472 2473
4949 5629
5219 5224
3051 3052
1630 1632
1050 1057
4362 4371
1674 1675
2240 2315
4141 4143
3339 3455
3506 3632
13 14
3578 3737
4259 4364
923 989
4190 4264
5690 5977
876 877
1043 1054
2381 4654
4423 4472
4912 5417
1046 1059
4206 4208
405 474
5491 5804
78 79
3335 4918
3323 3632
5697 5872
3436 3509
1168 1170
1192 1527
607 608
3592 3793
3900 3909
5340 5342
4610 5237
4044 4331
384 536
3959 3964
900 1355
4425 5191
2601 2829
1438 1933
1400 1412
1966 2089
1460 1463
2881 2883
102 328
3173 4748
5760 5770
62 1195
294 498
1641 1740
5774 5984
385 616
1245 1511
5873 5926
4273 4275
706 708
832 847
2965 2998
4885 5068
4317 4318
2896 2898
5449 5635
36 1142
1502 1581
134 253
1202 1289
1185 1645
5302 5356
3879 4092
2659 2662
5766 5985
4706 4773
1210 1409
2526 2547
2545 2560
556 656
3851 3993
437 439
36 95
3716 3805
421 431
1107 1173
4405 4552
577 678
5418 5423
2808 2906
2522 2549
309 375
1307 1463
20 272
5661 5801
1873 1874
3244 3702
5613 5864
5360 5418
773 775
5761 5762
570 675
4384 4385
1075 1076
4922 4963
4963 4964
500 616
2993 3073
393 490
3767 3928
3825 4098
112 211
76 288
277 278
2343 2439
3774 4052
2494 2571
2788 2789
147 168
76 1456
2304 2447
3818 3829
5299 5300
2916 2974
6030 6044
569 571
1001 1019
3820 3875
5007 5128
4501 4502
2438 3844
4078 4170
5172 5195
5831 5834
5251 5259
3124 3125
5710 5773
1302 1361
3943 3945
1142 1143
2554 2743
2282 2284
861 864
1427 1541
2220 3392
2714 2732
4818 5377
1425 1431
3966 4114
3725 3759
5346 5496
4394 5049
2183 2278
5139 5957
4516 4517
3936 3942
835 848
1539 1718
2767 2972
2858 2861
3737 3998
3718 3719
5776 5891
4602 4971
5930 5934
2057 2058
4514 4858
1508 1587
4992 5385
5594 5719
2540 2700
680 681
1600 1819
3326 3380
1158 1208
1977 2065
638 684
5992 5994
5431 5432
4383 4523
4054 4055
2633 2635
5532 5780
313 335
4003 4238
2494 2934
4426 4866
73 353
2862 2872
3123 3142
3483 3485
4302 4305
1595 1596
4541 4587
2538 2748
5723 5725
5767 5768
5478 5665
1304 1383
1598 1601
3785 3786
4889 5270
3182 3493
2669 2679
4262 4354
3178 4771
2407 2413
3797 4254
5199 5203
5479 5486
5498 5499
4338 4349
2750 2752
749 757
2189 2190
3228 3316
3514 3673
2101 2114
5294 5440
793 800
2224 2413
490 533
2210 2249
3562 3835
3323 3324
14 15
4680 4759
1946 1947
313 348
1280 1332
2940 3034
3630 3969
5793 5797
5834 5835
5553 5556
3836 3845
1549 1722
2769 2923
4176 4179
5036 5037
3687 3722
1213 1278
3054 3055
3425 3493
438 464
5899 5900
42 235
3557 3612
4238 4239
5241 5671
3075 3114
3487 3553
879 880
2498 2544
3511 3910
4853 5037
4509 4998
2236 2544
1164 1278
1964 2085
4459 5406
5630 5631
1356 1448
4415 4545
3381 3571
81 82
4518 5232
4604 5235
3821 3843
5822 5838
1732 1735
1152 1160
4939 4996
2542 3001
2103 2136
5024 5040
962 999
2355 2357
1775 1782
4086 4262
373 375
596 649
1255 1517
3104 3118
4009 4015
3214 3515
996 997
2314 3524
4456 4475
2381 4480
3346 3405
218 437
2573 2701
2205 2305
4027 4032
4373 4440
3237 4438
1897 1923
3791 3792
5959 5964
5697 5698
1258 1936
2355 2478
5760 5983
4545 4668
2172 3296
4627 4707
1332 1333
4429 4722
4563 4951
5504 5505
5110 5120
7 146
3835 3983
4363 4368
1787 1913
5393 5408
3846 3849
6033 6034
2724 2725
3290 3402
5029 5131
2787 3010
748 760
5175 5185
371 773
5235 5236
1226 1287
233 314
3817 4087
964 1058
3858 3859
2736 2964
2376 2658
3343 3642
1502 1636
3016 3018
3499 3926
1458 1566
1900 1911
5945 6042
2779 2782
2323 4488
2254 2668
4637 4728
5170 5228
5571 5572
3661 3695
679 781
885 886
23 1379
4092 4147
1277 1410
4437 4559
3310 3357
1180 1477
4215 4217
4569 4715
87 88
4261 4333
1293 1354
2210 2746
1358 1483
3515 3991
4029 4212
3127 3128
1506 1583
1800 1801
5367 5368
898 946
69 1387
4635 4961
3368 3419
1900 1924
4579 4800
1752 1760
331 340
759 787
1757 1875
1177 1300
3238 3309
4219 4228
4840 4841
1531 1532
4843 4846
3210 3247
5703 5704
4282 4284
4502 4553
1300 1370
3789 4351
2500 2562
2605 2615
1189 1539
2758 2857
2044 2053
3477 4759
4045 4048
4905 4906
2269 2400
4196 4217
5056 5075
5072 5083
2420 4784
4588 4741
2107 2109
5995 5997
30 1516
3247 3250
5434 5435
3653 3709
726 731
1784 1833
5997 6043
3776 3779
2408 2451
3268 3309
5241 5242
2192 2338
3525 3645
516 628
3671 3699
5517 5820
875 975
961 1015
3022 3024
5756 5836
2461 2462
2227 2295
3414 3548
2507 2578
1738 1838
578 688
1084 1085
5533 5535
4972 4973
657 752
4738 4806
803 806
2515 2698
1663 1664
5183 5193
3987 4349
3474 3535
1934 1935
2192 2459
2426 2626
585 620
5012 5045
2596 3037
5256 5671
4671 4752
3217 3384
5163 5443
2797 2798
5765 5777
2502 2621
3615 3659
5308 5309
1999 2000
2372 2511
3678 3715
5491 5659
949 981
1116 1158
1188 1263
3595 3717
1069 1083
3089 3091
4562 4701
33 228
2287 4389
5596 5712
1146 1266
2259 2341
4492 4871
4451 4870
318 397
2379 2406
2852 2855
4165 4247
1030 1091
3478 3546
3184 3328
2537 3517
4421 4698
5902 5903
3481 3551
3362 3371
1246 1389
353 354
2452 2655
1600 1658
633 637
2906 3091
3243 3679
3541 3602
4945 5378
6034 6059
3084 3097
4911 4976
116 118
4290 4363
5422 5680
9 1978
3727 3728
2440 2537
5595 5608
2226 2285
626 634
2066 2067
5166 5202
543 865
1104 1161
3258 3398
3175 3629
689 690
1494 1612
4522 4642
4613 4760
1268 1269
5141 5145
3379 3432
1531 1908
2059 2064
2859 2871
3370 3612
3779 3780
5030 5048
1943 2081
1270 1315
5136 5444
921 932
3949 3962
4787 5061
4933 5344
46 180
2838 2933
5732 5734
4130 4239
2984 2987
2571 2589
150 237
1329 1400
3390 3446
642 699
4355 4357
5171 5172
513 585
721 763
4055 4065
2467 2468
4948 5100
2694 2696
3365 3618
5280 5344
5547 5688
2977 2984
322 465
1635 1857
2996 2997
248 250
1896 1898
2388 2589
280 468
2412 2717
8 1995
552 661
1899 1903
4232 4371
118 140
1277 1331
3283 3441
1475 1575
2359 2827
2400 2828
614 758
521 530
4719 5169
1727 1796
1579 1669
1400 1401
1939 1975
4387 4430
5662 5796
5841 6027
5799 5801
971 995
4472 4474
23 24
3051 3054
4343 4360
4565 4702
4675 4833
5857 5971
98 612
2465 4650
1692 1694
2783 3010
1203 1274
1736 1737
4423 4474
4912 5419
359 360
5063 5588
4247 4248
405 476
3452 3519
2944 3049
186 846
1149 1159
4776 4777
1168 1172
607 610
1393 1519
2157 4655
2253 2377
4999 5051
5331 5524
4577 5062
5878 5922
2891 2893
90 91
3978 3979
5602 5987
4714 5296
609 656
4425 5193
4532 5319
669 670
2021 2027
1233 1237
1966 2091
4758 4844
2177 2274
1597 1699
3543 3758
98 854
5975 5976
5309 5361
3394 3406
5111 5642
2666 2667
3492 3712
4273 4277
4627 4775
4985 5008
5952 5992
2660 4579
3371 3422
4429 4790
4630 4780
3429 3629
241 381
4733 5430
5643 5651
1353 1460
2186 2215
3898 4107
1229 1653
2318 2371
4379 4380
2545 2562
2944 3062
2529 2554
2787 3078
2009 2030
555 662
421 433
1020 1021
3468 3705
1341 1342
3366 3694
4268 4320
4624 5379
1060 1063
3241 3699
3535 3651
1157 1935
2848 2950
5742 5751
1633 1635
358 498
5764 5769
5805 5807
3057 3060
3174 3645
5244 5245
3229 3315
3542 3775
4562 4622
5675 5697
5042 5784
539 546
219 339
1673 1707
4446 4447
1676 1712
3174 4813
1615 1702
5517 5525
4662 4745
1928 1933
4209 4211
2788 2791
5536 5538
5692 6051
1246 1310
3307 3356
831 839
3768 4239
5299 5302
550 560
1990 1993
899 973
2034 2036
1967 2046
4828 4899
5592 5820
5601 5603
1132 1181
3940 3942
4764 5143
2190 2283
4731 4966
5251 5261
1302 1363
2090 2116
2563 2565
1582 1646
3984 3985
312 395
2306 3397
1872 1893
1144 1191
1765 1767
22 296
3936 3944
388 390
2628 2630
4276 4278
5035 5084
5656 5660
2220 2347
4386 4638
926 968
967 969
3374 3423
4279 4283
4606 4678
1123 1482
2085 2122
3377 3428
3396 3670
3525 3592
3998 4004
3602 3775
4528 4987
988 1028
2060 2065
680 683
5874 6004
2199 2409
1820 1824
3238 3269
471 509
638 686
2570 2581
4051 4052
4010 4014
4856 4974
1415 1546
5482 5665
5293 5500
4620 4697
3169 4832
2642 3100
290 353
4729 4869
2241 2527
2055 2108
2676 2684
5443 5444
5723 5727
279 460
5346 5511
5354 5372
5626 5794
1078 1079
1195 1398
3734 4237
5057 5085
3426 3855
520 522
2841 2936
4146 4181
5479 5488
4338 4351
133 527
4895 5696
3840 3845
4862 5519
5560 5561
490 535
572 574
3490 3732
1377 1496
4744 4746
295 296
322 399
575 579
2600 2931
1418 1793
874 875
4423 5334
2806 2807
4160 4200
5254 5262
5273 5275
5526 5684
5834 5837
923 1033
5470 5789
1370 1493
3643 3681
5556 5563
5902 5971
114 140
320 474
3687 3724
4499 4834
347 348
2546 2587
4805 4877
5899 5902
5338 5340
1957 1963
157 187
3663 3781
3336 3386
3721 3722
1951 2148
5779 6022
2231 2431
2437 2536
4250 4251
2469 2488
5655 5663
4580 4651
60 1193
4253 4256
5113 5114
2370 2482
1210 1332
2031 2033
4763 5001
143 144
17 1991
2075 2076
4067 4251
2479 2654
1006 1044
373 377
538 710
1137 1527
5405 5407
4415 4668
4456 4477
4425 5127
5729 5733
1326 1399
479 480
1771 1786
3705 3754
1542 1697
5117 5125
3575 3910
929 945
1569 1571
2355 2480
2990 2991
679 770
5180 5181
4020 4031
2786 2932
2239 2305
4039 4044
3390 3635
1337 1413
5504 5507
494 495
3783 3795
4382 4383
941 955
4700 4958
6014 6023
4992 5066
350 487
2504 2724
2724 2727
3589 3929
17 18
5175 5187
3767 3972
4880 5010
546 547
964 1060
3646 3682
2211 2327
3016 3020
309 311
4041 4211
5168 5184
4187 4265
4481 4483
3060 3063
3901 3908
3920 3921
5574 5872
5477 5939
6028 6042
2779 2784
1757 1864
4795 5316
4549 4617
5851 5857
3913 3918
5845 6042
1745 1746
4193 4201
5633 5634
1227 1820
1139 1936
62 326
4212 4214
84 85
3723 3757
4575 4791
414 485
4008 4155
4409 4499
4027 4168
892 1012
5706 5883
3593 3647
4928 5589
5659 5808
5972 6039
2037 2039
5717 5749
1135 1184
1608 1633
4774 4856
2468 2491
5648 5649
2693 2838
1800 1803
3526 3593
4405 4501
3797 3827
3341 3584
27 1392
3129 3139
3165 4819
3368 3421
1768 1770
3189 3190
4613 4615
3892 4101
4823 5428
2378 2453
4052 4053
1397 1534
671 676
5571 5816
657 741
1531 1534
5763 5986
4282 4286
4949 5015
374 389
1014 1015
3605 3778
4513 5616
5284 5493
1189 1541
5466 5470
824 854
3525 3526
3783 4050
5757 5942
5913 5930
4588 4743
5080 5434
5682 5768
4388 4389
5849 5945
501 615
2220 3449
1826 1832
358 566
5714 5720
3532 3650
5423 5773
2529 2743
4917 4918
3287 3590
4567 5034
1028 1034
5381 5547
508 510
5688 5704
1072 1077
2206 2238
4446 4515
4105 4222
43 181
2236 2346
3022 3026
4562 5629
6050 6056
2461 2464
1081 1082
3321 3322
3648 3717
1540 1596
205 216
6034 6048
2345 2518
1084 1087
1925 1932
1944 1945
1663 1666
2542 2574
733 749
1643 1724
3358 3362
4177 4182
2797 2800
5517 5714
3657 3658
1057 1075
3970 4118
4662 4934
5281 5437
3744 4071
1218 1437
3188 3853
1419 1427
1383 1504
3623 3781
5610 5612
1482 1483
1869 1892
5155 5446
4229 4234
3028 3083
3374 3491
5600 5604
958 988
4471 4521
5591 5784
3478 3548
1730 1733
5902 5905
5322 5330
5385 5386
4285 4287
4870 5169
3834 4351
2564 2575
3342 3394
5422 5682
4515 4712
3880 4238
4833 5287
4587 4588
3386 3437
4007 4013
2706 2924
4141 4242
4750 5289
4974 5034
4471 4642
1505 1507
2516 2763
5957 5962
2335 2459
707 709
5096 5633
2064 2144
2463 2644
5057 5153
5136 5446
5609 5895
1621 1803
5086 5625
4081 4083
3031 3101
5133 5148
491 532
703 711
1310 1389
150 239
6031 6032
4236 4371
482 483
494 537
4055 4067
4654 4655
545 768
1906 1908
913 935
1126 1982
5838 5839
4422 4763
809 814
2135 2145
2517 3001
5001 5113
3886 3965
4347 4360
5859 5898
2005 2072
1950 2136
5083 5411
1456 1564
2428 2663
3830 3841
2008 2077
1681 1682
5569 5570
1438 1924
581 583
1579 1671
1727 1798
20 21
5693 5865
4132 4142
2131 2147
4744 4935
1444 1446
3216 3389
883 884
2383 4583
3911 3914
2990 3046
84 945
3095 3099
2608 2715
3869 3917
5428 5567
5562 5567
1720 1795
2465 2666
1264 1515
3339 3459
1692 1696
1678 1798
4546 5364
5284 5293
1227 1633
3923 3924
3224 4152
4769 5113
4203 4207
5077 5229
2453 2548
3566 3623
2986 3048
1219 1220
2826 2830
1224 1335
4837 5247
231 325
3125 3126
3584 3640
2015 2093
3243 3347
1168 1174
4867 5126
2028 2032
2888 2890
5878 5924
1511 1513
1461 1921
4916 5018
3453 3867
1942 1965
180 252
5701 5702
1121 2001
4500 4551
5453 5637
4758 4846
971 1010
4324 4325
1891 1919
2663 2664
4605 5247
5414 5416
352 443
3526 3527
4556 4833
5158 5167
444 446
4989 5129
2035 2048
2214 2279
3227 3416
3879 4096
4617 5257
1353 1462
4906 5360
446 492
4859 5019
2999 3000
5217 5481
449 497
2369 2567
3174 3526
2441 2443
2248 2277
701 718
2721 2726
4493 4669
2201 2202
5749 5756
200 207
5826 5976
577 682
2230 2674
3025 3137
2297 2435
4658 4736
1643 1645
2997 3075
2670 2680
2508 2618
3179 4772
1854 1865
3686 4051
6022 6036
1812 1868
3252 3301
2051 2150
3271 3314
3350 3607
5805 5809
5764 5771
4029 4161
3229 3317
5945 6045
2413 2731
2795 2796
99 276
4949 5070
4727 4728
5035 5073
5095 5124
558 561
5826 5868
5017 5433
5523 5830
623 690
84 153
122 408
2517 2559
3750 3928
3069 3072
815 860
3621 3814
128 159
1320 1527
4527 4788
5071 5440
3087 3089
284 443
191 215
1323 1532
4487 5389
5239 5253
473 867
1842 1868
3609 3659
25 448
987 1088
2081 2113
5694 6062
4221 4223
2187 2280
4919 5019
3231 3484
29 338
170 277
2071 2105
4459 5263
3984 3987
4956 5315
4844 4845
842 855
2862 2863
4706 4911
2378 2750
2180 2277
2524 2575
1765 1769
3532 3597
2625 2627
4485 5437
2296 3391
5656 5662
2960 3142
1528 1533
926 970
1552 1890
819 844
4520 4640
5325 5828
5700 5705
2233 3042
3198 3199
1997 2011
2816 2868
3602 3777
66 1509
5382 5544
537 865
380 393
979 981
3678 3772
1823 1831
4271 4286
4128 4237
1602 1603
4353 4355
4905 5097
2011 2067
3198 3320
4113 4114
2642 3102
469 586
2676 2686
3555 3557
279 462
3766 4006
4480 4581
4449 5231
4576 5043
1617 1618
3334 3854
1938 1939
4689 4691
379 814
4933 5280
520 524
3727 3785
1380 1382
3028 3030
3207 3261
4418 4871
1951 2137
2596 3107
4938 5395
1959 1998
5570 5571
5479 5490
4457 4533
892 1564
348 417
1953 1954
3780 3796
4392 4589
292 293
2532 2533
2174 2596
4987 5701
322 401
4183 4186
5043 5044
5862 5901
1244 1908
14 2005
1041 1054
5807 5965
1247 1388
5507 5673
390 535
3946 3950
357 358
2497 2697
1783 1893
892 1456
5737 5906
4747 5167
2008 2011
5401 5691
141 245
2868 2869
1433 1551
3255 3278
886 887
3895 3904
2611 2718
4978 5036
5338 5342
1169 1212
3397 3398
4510 4702
5164 5455
2309 2353
4542 5408
4540 4581
4581 4582
4638 5116
2585 2931
2000 2012
5328 5334
1830 1860
1678 1732
343 352
1143 1159
3242 3460
1356 1452
642 648
1609 1632
1359 1686
1801 1802
5973 5974
171 245
1663 1868
962 1003
17 1993
4315 4318
5175 5176
1333 1404
2654 2657
2552 2646
3161 4676
5726 5730
2156 2380
5349 5514
760 761
111 315
1611 1799
4071 4079
2163 2312
4697 4770
4721 5127
528 603
2847 2944
2133 2140
3153 4448
4946 5245
5741 5745
2091 2143
1645 1797
4503 4675
5998 6044
5141 5457
2436 2555
3341 3452
521 600
5242 5243
5847 5848
5090 5640
4992 5068
4758 4901
6014 6025
2765 2767
1330 1412
2204 2205
3243 3294
3589 3702
1462 1568
2768 2772
3468 3641
3795 3807
2222 3242
4839 5240
211 559
1305 1584
1286 1342
3067 3068
3767 3974
5455 5472
5350 5981
3376 3823
425 488
3770 3979
1717 1794
4981 5589
29 30
829 837
5297 5300
5655 5799
4201 4202
5968 6030
892 893
1859 1877
3304 3654
5305 5420
2254 2672
1963 1971
4535 4721
165 564
3449 3520
841 847
4657 5384
385 567
4765 5412
2561 2563
5721 5749
1745 1748
5738 5918
2605 2606
623 624
1340 1928
3291 3348
3723 3759
2214 2455
5935 5937
2260 2342
2246 2444
4173 4224
5706 5885
430 431
110 224
2037 2041
877 891
1476 1479
2410 2552
2897 2899
3795 4049
1608 1635
5092 5433
1520 1522
2220 2391
959 960
1800 1805
4723 5307
4718 4963
3756 4057
1538 1539
1615 1759
636 684
3737 4004
4643 4789
5013 5554
3664 4239
4049 4050
3648 3706
410 866
3892 4103
5167 5203
358 447
743 783
2155 2383
2809 2907
3361 3420
1014 1017
5186 5189
5129 5850
6046 6047
1404 1431
824 856
5383 5703
2737 2738
2329 2455
5682 5770
2640 2805
2967 2971
5355 5375
1079 1082
2433 2512
4453 4520
3587 3588
3176 4771
5423 5775
5478 5482
77 289
624 687
5956 6009
1828 1880
1659 1842
3374 3480
2080 2101
5048 5080
5688 5706
1412 1413
3819 3830
3630 3665
3050 3090
3769 4238
5584 5585
6050 6058
854 856
5888 5996
1941 1942
3878 4181
5065 5434
3365 3367
2243 2509
2804 2805
5252 5260
1883 1937
104 809
305 799
4243 4279
1814 1837
2426 2630
733 751
404 512
392 458
4091 4181
2544 2585
3764 3786
629 630
1816 1883
3354 3888
3096 3098
3657 3660
3937 3943
348 351
3596 3650
4729 4926
5074 5375
4441 5462
3458 3716
5607 5609
108 635
1419 1429
1806 1838
3265 3550
1677 1724
930 972
3606 3614
1069 1087
4947 5270
1053 1079
1146 1270
2080 2114
2493 2512
4853 4854
884 1041
3217 3509
4984 5337
598 647
3285 4138
3223 3260
334 345
721 754
2488 2582
2813 2867
4055 4056
2073 2074
2018 2138
4332 4364
5646 5658
3812 3840
1257 1259
4285 4289
5326 5976
696 697
3144 3152
594 649
981 1095
1275 1276
2660 2810
4468 4639
1987 2007
4007 4015
5447 5448
2066 2071
2272 2405
137 181
2277 2483
5957 5964
4649 4650
3692 4125
3260 3448
3788 3833
9 117
4768 5052
2495 2598
2853 3060
234 235
2166 3591
4122 4123
4735 4875
2825 2998
4475 5702
2140 2141
4900 4942
37 1118
4985 4986
2689 2814
3281 4446
4669 5689
3673 3738
5541 5618
5214 5223
3005 3050
405 467
1611 1733
5475 5789
809 816
5277 5279
828 829
3455 3515
1896 1902
1855 1864
3221 3348
2393 2708
4716 4717
6008 6023
2157 2431
3339 3340
1778 1846
30 31
238 246
3278 3330
5850 5851
3343 3459
4888 5174
1082 1096
614 762
2541 2542
1438 1926
2367 2655
1147 1225
1441 1443
32 1309
880 881
1666 1790
3631 3862
5398 5690
1979 2021
2165 3194
2237 2545
2578 2609
3911 3916
4436 4555
3202 3227
2608 2717
4254 4255
2764 3001
5565 5574
1692 1698
2910 3055
2170 2262
2877 2878
2314 3933
1156 1166
2596 2599
4148 4273
2035 2037
1185 1638
3222 3290
4593 4889
1133 1182
658 660
1317 1528
2318 2362
5198 5228
267 775
3985 3986
4996 5013
421 424
2341 2494
3220 3402
2277 2738
5224 5631
324 491
4572 4722
5119 5120
5157 5641
5680 5682
950 953
1810 1811
609 660
4602 4830
4714 5300
4989 5010
180 254
567 663
3194 3349
4607 4679
4882 4884
2540 2559
570 668
4324 4327
5184 5185
4604 4610
196 198
2641 2907
2663 2666
1247 1590
2322 2373
2888 3013
3445 3870
4811 5354
945 959
1184 1241
1791 1919
3288 3886
3116 3136
4437 4618
2035 2050
4409 4556
1348 1349
5995 6043
2659 2668
2526 2553
3538 3539
4859 5021
3859 3860
418 432
2438 2440
4205 4268
4103 4220
2721 2728
2141 2153
4980 5018
2230 2676
1624 1634
5251 5252
4781 5303
263 265
3341 3641
2222 2263
3791 4106
5360 5424
3985 4349
6041 6051
845 849
382 859
3183 3432
3744 3765
4540 5362
4862 5147
5032 5070
4774 5034
283 328
775 790
1415 1416
3407 3591
539 550
1418 1421
5657 6061
1698 1704
3176 3429
5523 5832
617 618
1849 1873
815 862
2895 3150
3368 3370
4634 4916
4840 5250
3412 3413
339 344
831 843
2257 2341
1971 1984
4170 4223
5543 5666
3172 4892
3982 4172
2187 2282
1060 1080
1151 1198
404 446
5925 5933
3124 3131
956 959
3442 3669
5047 5435
1422 1432
2862 2865
4794 5026
3722 3723
114 118
155 156
513 618
5934 5938
504 569
2303 2349
541 865
2427 2644
2628 2634
2669 2672
324 867
1814 1892
2380 2569
2347 2392
1547 1548
126 128
4993 5091
5136 5140
5996 5998
2157 2231
4058 4059
4149 4177
4412 4816
2194 2298
1480 1494
4921 4922
1199 1252
1839 1841
638 690
2296 3514
1883 1884
2683 2691
3201 3620
3180 3497
4271 4288
5771 5772
5774 5777
3506 3667
3938 4115
4853 4909
3516 4126
1085 1086
3182 4775
2396 2405
1816 1830
3321 3621
5143 5156
3596 3597
279 464
3766 4008
633 696
2639 2806
3019 3027
2391 2704
3991 4126
4600 5402
2697 2747
4889 5276
5505 5508
2798 2799
503 586
6005 6060
379 816
816 817
1948 2134
1275 1331
5282 5436
3888 3890
4454 4530
1140 1143
5584 5774
5312 5315
2258 2296
4190 4191
174 303
5528 5613
3780 3798
283 475
2043 2078
5324 5325
5774 6019
4482 4484
1440 1556
1734 1737
1605 1623
3946 3952
1563 1626
2423 2484
5489 5806
2268 3401
1115 1207
5401 5693
3816 3842
2505 2819
3728 3729
2919 3102
3184 4568
911 919
4326 4358
2416 2481
4601 4822
2309 2355
5098 5103
5868 5976
2212 2422
5031 5049
1148 1276
1870 1904
994 1038
60 1197
1873 1909
2661 2662
2406 2409
4548 5346
1845 1847
2471 2538
2256 2384
2462 2489
874 892
2102 2146
2935 2938
1333 1406
4075 4079
2198 2379
5572 5817
2418 2419
2698 2702
2464 2535
895 951
1576 1578
1354 1465
5748 5750
4607 4842
760 763
1620 1621
2007 2030
1952 2094
2444 2556
4890 5167
1597 1637
1836 1919
2622 2828
3455 3583
4549 4608
1748 1806
4416 4493
354 489
2995 3073
2133 2142
2427 4538
5634 5850
3012 3013
1291 1567
5460 5468
2132 2146
4558 4613
1129 1239
3429 3567
4442 4667
2854 3070
1307 1511
5173 5640
2200 2317
3000 3124
5803 5807
5090 5642
5286 5288
3625 3627
4189 4194
748 766
5889 5995
500 664
4001 4143
4839 5242
3927 3928
1926 1933
766 783
384 489
2445 2498
4465 4506
5578 5581
117 145
4418 4431
2830 2834
5017 5019
889 890
1381 1581
120 150
3129 3130
2313 2315
1859 1879
4288 4321
1752 1753
1919 1930
243 449
3359 3363
2051 2086
4579 4793
4537 4796
91 92
5203 5640
5640 5641
2429 2675
220 502
1742 1745
954 955
1833 1863
3512 3578
4026 4028
1557 1928
4193 4205
3465 3466
1560 1933
1763 1767
2415 2447
507 680
3530 3595
1895 1923
4873 5361
3846 4097
5935 5939
312 441
3488 4123
1430 1594
965 1006
110 226
2183 2326
2529 2734
1123 2117
335 344
987 1024
3196 3197
5928 5936
217 554
1819 1820
3410 3651
5891 6054
263 441
1538 1541
2357 2398
4330 4331
2241 2452
1955 2095
5470 5472
1408 1431
3027 3132
3225 3376
4940 5014
205 207
3183 3379
743 785
2809 2909
5183 5186
4395 4396
80 175
123 811
2974 2976
4400 4511
4985 5430
6043 6044
733 740
2176 2444
2737 2740
2169 3222
2802 2906
2640 2807
515 517
1232 1363
1710 1890
1187 1849
624 689
710 729
5956 6011
3070 3071
66 398
379 858
3889 3891
5293 5667
3498 4006
4386 4468
392 568
1951 1952
3050 3092
5584 5587
5130 5151
3313 3731
3362 3364
5506 5667
2980 3033
5587 5621
232 286
2790 3138
2804 2807
4736 4968
5376 5557
2408 2578
2688 2861
2287 2288
2094 2122
626 627
2866 2867
906 910
4798 4799
4177 4186
3354 3890
5336 5606
5083 5160
5377 5378
3956 3958
389 391
3555 3614
4000 4001
3573 3668
5906 5907
2339 2340
4414 4809
5057 5144
902 912
3202 3203
1146 1272
81 948
4468 4520
5713 5714
3239 3270
1030 1097
4471 4525
1544 1547
2203 2415
4904 5050
983 985
4537 5522
1774 1780
1027 1028
2634 2638
2813 2869
3279 3571
3494 3496
3239 4438
3435 3855
1556 1557
1155 1213
5444 5445
2182 2248
74 356
3262 3375
654 702
874 934
4023 4025
1319 1321
5207 5209
758 759
2544 2600
1277 1324
1750 1773
1876 1912
3830 3832
4670 5529
5957 5966
3799 4253
1848 1850
2161 2310
521 523
2252 4643
3788 3835
2367 2415
4626 4705
1892 1893
2164 2315
1224 1434
2131 2138
2711 2713
2850 3057
3323 3506
4132 4133
4299 4310
5739 5743
1094 1095
514 520
1374 1378
4361 4370
252 254
4935 5167
642 705
15 2004
2486 2487
2224 2716
5541 5620
5025 5060
4997 4998
5838 5843
186 839
3644 3682
1688 1689
4716 4719
874 947
280 474
1973 2087
27 28
3900 3904
4199 4200
1198 1273
1451 1453
1437 1555
3448 3514
614 764
4397 5353
72 444
719 780
1400 1407
952 988
1377 1689
2131 2151
1444 1450
5912 5913
3911 3918
3510 3574
363 364
4568 4713
1228 1566
643 647
2608 2719
3955 3961
2566 2722
3913 3964
1384 1584
2335 2826
1824 1856
2877 2880
3214 3697
4184 4198
1755 1756
2288 2485
428 429
2035 2039
3222 3292
5643 5644
111 264
4813 4894
3947 3962
1518 1520
3125 3130
5305 5356
3224 3338
1495 1802
1228 1458
2336 2381
4762 4848
574 668
2446 2549
3468 3469
5207 5464
3545 3689
2657 2732
57 149
4458 5605
5979 5980
1211 1225
5866 6039
5360 5413
3760 3762
3436 3867
2851 2948
1872 1873
2636 2794
3804 3805
349 442
1056 1058
3628 3808
495 496
4903 4945
734 778
4383 4384
214 217
2800 2902
3006 3007
1585 1587
2772 2840
3498 3698
5413 5424
5891 5988
4017 4034
1634 1937
5995 6045
1886 1929
5217 5485
3799 3811
4771 4910
3298 3300
3795 4106
4230 4263
2781 3010
33 34
4943 5367
5946 6045
5251 5254
4036 4168
562 563
1403 1408
1582 1639
5295 5297
4873 5308
3667 3813
4887 5206
5181 5195
5747 5835
3013 3023
1425 1426
1853 1873
1311 1590
3073 3074
5313 5314
5423 5711
2836 2838
1291 1877
4507 4692
2275 2276
1294 1357
3787 3814
819 835
1244 1536
1418 1423
2839 2843
898 899
1698 1706
5932 6002
1137 1144
1178 1182
2038 2040
2002 2117
4634 4918
4398 4907
1323 1536
1977 2060
1603 1819
877 961
3991 3994
622 671
882 1039
2712 2923
3792 4050
1189 1721
5380 5381
1151 1200
3957 4117
5531 5779
3805 3989
5292 5497
4443 4505
2676 2677
513 620
155 158
1406 1426
4582 4583
5299 5429
504 571
5371 5534
1018 1021
435 700
2625 2631
3205 3206
3411 3540
61 230
3421 3733
2927 2969
5996 6000
2407 2408
3305 3558
731 735
3217 3445
4657 4878
648 700
288 394
2306 3524
2060 2071
2741 2927
3541 3542
793 795
4681 4683
2680 2688
4120 4121
2699 2701
3162 4677
4197 4341
2454 2641
1244 1899
3754 3771
1366 1367
3773 3784
4905 5101
5254 5255
3998 4131
3630 3735
1945 1946
78 934
3175 3569
422 515
2829 2932
3123 3150
914 977
4747 5158
4456 4457
848 852
1972 2079
172 303
287 290
2166 2359
2980 3101
2491 2644
5041 5147
2265 2301
4326 4347
5546 5548
2287 4571
4329 4352
2801 2806
3427 3497
2006 2077
626 695
70 1460
2572 2754
2157 4461
5779 6015
5644 5790
90 126
2810 2811
169 190
5822 5833
1161 1204
3673 3674
4538 4876
364 365
1611 1669
5324 5327
3997 4000
2316 3407
888 1045
4183 4190
3154 4506
2875 2876
1660 1790
2701 2760
879 996
5400 5551
1605 1625
2833 2879
4421 5001
2690 2867
3564 3623
2984 3048
1217 1220
3965 3967
4830 4940
2096 2128
5327 5975
4766 5413
3236 3269
1027 1096
4621 4766
5915 5916
2845 3118
3282 3910
3406 3451
5319 5333
35 1250
5038 5054
4601 4824
129 131
3847 4096
4301 4303
4712 5298
1940 1965
2413 2414
5037 5354
3039 3105
431 432
4319 4320
2464 2645
4377 4527
2082 2085
755 758
1889 1919
1290 1856
2458 2830
1699 1795
4013 4021
5785 5927
2705 2707
3677 3806
2875 2889
1328 1330
3735 3747
4941 5013
744 784
1005 1054
3376 3814
4317 4368
2978 2987
3537 4671
1755 1811
3857 3858
2601 2771
1040 1048
2480 2481
1059 1061
3860 3863
1477 1574
2444 2558
2411 2610
1578 1626
2490 2674
4670 4900
1103 1104
2457 2497
5747 5756
3749 3803
3790 3804
3902 4045
242 250
354 491
1682 1683
4454 4787
2740 2822
541 546
5274 5280
5854 5855
6021 6032
3872 3873
305 306
5740 5753
4193 4194
2772 2774
2211 2212
2223 2266
2228 2381
115 145
1180 1472
4569 4710
194 209
5283 5285
1233 1298
5099 5464
3244 3523
418 597
2911 3054
36 37
2193 2545
500 666
899 900
3006 3062
4682 5260
3195 3752
3876 4150
189 215
2448 2505
5149 5177
1749 1750
2246 2556
1840 1868
3206 3352
4799 5027
372 373
2612 2613
1191 1193
2051 2088
5170 5465
1512 1514
951 952
4590 4661
660 776
4281 4320
5666 5817
1222 1711
4026 4030
972 1011
3305 3479
2044 2048
5932 5936
4602 4900
158 794
3714 4172
5963 6040
5682 5761
2948 2949
5415 5417
966 967
1974 1989
3488 4125
3257 3704
1430 1596
1958 1981
3716 3989
901 1481
3477 3478
2150 2151
5096 5142
20 1503
168 169
2215 2280
1759 1771
1800 1809
3376 4069
3498 3766
4847 4852
5647 5659
2742 2965
4629 4858
4923 5076
5470 5474
4049 4054
3252 3481
5967 6051
6053 6054
4052 4059
5764 5951
4996 5554
657 747
963 1019
4392 4393
4762 5158
5123 5137
1083 1084
4708 4858
80 177
5255 5256
3295 3299
2734 2737
3594 3595
2217 2218
796 798
4973 5543
3901 4048
3579 3997
1375 1377
4711 5314
5248 5253
5060 5202
1825 1879
22 357
5524 5831
3416 3710
3609 3610
42 43
379 860
2822 2971
3166 3535
3474 3651
1948 1949
2168 2218
3930 3931
4415 5400
1357 1481
1150 1151
928 1038
5883 5885
5709 5769
5244 5669
399 465
3945 3946
3279 3331
5992 6057
402 470
3474 3543
2548 2560
2094 2124
3147 3148
4699 5051
626 629
1605 1667
2866 2869
244 298
4583 4876
109 110
2349 2350
4541 4879
2175 2234
2087 2121
5749 5942
4578 5700
691 694
5016 5374
5771 5950
5950 5952
1781 1785
3226 3562
1987 2119
920 931
2685 2686
2038 2121
1544 1549
3409 3683
1306 1906
6015 6017
2813 2871
1887 1888
466 468
2546 2756
4354 4356
39 135
3793 3794
5142 5634
2831 2925
4398 4399
295 357
1303 1379
2977 2979
47 255
635 691
368 576
2094 2137
2567 2586
4122 4235
1039 1040
2193 2345
4927 4928
1319 1323
739 748
4058 4250
4999 5033
3464 3740
197 199
250 291
3863 4011
1876 1914
4369 4371
1769 1788
2409 2414
3431 4088
3799 4255
4690 4692
5915 5971
1653 1842
3788 3837
1185 1508
2673 2689
2785 2930
4132 4135
5016 5616
4722 5169
5959 6014
350 414
2158 2243
4004 4135
3331 3332
4969 5046
3515 3678
1641 1724
2240 2312
3334 3337
901 931
533 535
1954 1955
3661 3732
2212 2250
4485 4933
4863 5522
5842 5843
2124 2137
3180 4856
5284 5286
3682 3791
5657 5797
494 543
2555 2589
4184 4187
2694 2933
3191 3968
4962 5006
4912 5414
4459 4651
63 1525
3793 3807
3999 4141
5857 5858
5755 5847
588 592
4633 4952
1448 1450
3900 3906
4287 4315
887 888
2547 2590
959 993
1778 1850
4044 4328
5059 5060
5727 5748
3959 3961
3682 3683
72 446
2021 2022
3332 3570
820 834
4032 4210
5398 5694
4491 4724
5752 5926
1669 1799
5516 5686
893 1349
5395 5396
546 716
11 143
4494 5409
4458 5715
3324 3571
5905 5912
2063 2140
2242 2371
3233 3712
4597 4598
4129 4264
3549 3689
428 431
1202 1286
4695 4904
4602 4942
2224 2731
2692 2836
3285 3579
4 140
2939 2942
3851 3990
317 371
2944 3057
4873 4947
3350 3479
3570 3748
4716 4963
2422 2423
3468 3700
421 428
3449 3458
4029 4033
3327 4515
4414 4598
3545 3691
2786 2885
4608 4612
4267 4319
3732 3746
5979 5982
184 192
530 600
549 613
4091 4093
875 1012
1307 1460
2714 2716
639 772
2848 2945
570 672
2237 2562
2636 2796
5538 5687
3403 3463
1056 1060
1355 1356
2888 3017
4815 4834
59 1136
4489 5307
3866 3867
5158 5173
5891 5990
1120 1489
2769 2773
240 393
3755 3770
207 216
1826 1880
97 344
1344 1877
3068 3069
3414 3477
50 269
2345 2445
3458 3520
3818 3826
3859 3864
5179 5195
121 149
2380 4654
2781 2783
3748 3767
3061 3066
5482 5647
893 894
3921 3924
1464 1649
5416 5818
323 512
1181 1297
3681 3942
400 503
4734 4966
2521 2563
5332 5824
3419 3713
2846 2848
5492 5813
845 853
2285 2286
1746 1749
4736 5012
3229 3552
624 625
5357 5359
5636 6006
3015 3071
4641 4923
5601 5719
4792 5321
3727 3765
4489 5320
2839 2845
3226 3254
3305 3547
3138 3141
5930 5931
216 278
5453 6006
5088 5090
4907 5015
5084 5614
4272 4275
5132 5133
2477 2614
4891 5973
3370 3420
209 275
723 725
1415 1541
4334 4335
912 920
2052 2061
3184 3378
3082 3138
501 568
1480 1606
2247 2273
3214 3257
4140 4240
3706 3719
4181 4241
4807 4969
1304 1380
242 802
1765 1775
2372 2453
3604 3708
4065 4066
2470 3513
1317 1319
2688 2689
3828 3830
2687 2693
4652 4802
1376 1670
4058 4063
4844 4972
4357 4359
4496 5686
601 627
4061 4068
1268 1319
1600 1829
4447 4518
3162 4679
4872 5973
2809 3100
75 288
4376 4574
1377 1491
2220 2705
5628 5956
1621 1622
2209 3041
4693 4695
1085 1090
436 644
3550 3714
1373 1493
3895 3897
3186 3437
4884 5394
6006 6023
3038 3044
1176 1622
5546 5550
630 631
2820 2821
860 864
1720 1722
2465 4579
1964 2082
3256 3388
2242 2292
1483 1486
3670 3671
3596 3722
4494 4872
5655 5658
2474 2598
4585 4990
5910 5911
278 364
3433 3435
4579 4650
1611 1671
4897 4996
1416 1432
962 996
2908 3055
2875 2878
275 295
4726 5343
1113 1165
3561 3620
4533 5702
4891 5410
813 873
2833 2881
1489 1681
1222 1337
4143 4241
5984 6018
1796 1838
595 650
2914 2991
460 462
419 424
897 988
4071 4072
2650 2652
2070 2077
2457 2486
910 927
2622 2819
1108 1171
2410 2411
5977 5978
459 762
4485 4880
440 483
3399 3679
99 190
5441 5446
3039 3107
431 434
4300 4309
5410 5867
3192 3874
3802 3803
1290 1858
2661 2666
5692 5967
350 482
3004 3005
3350 3413
3436 3453
5736 5744
3506 3926
187 195
1627 1628
206 208
4075 4083
1346 1349
964 1055
3424 3564
4138 4139
2978 2989
829 830
1202 1341
2007 2034
3570 3803
1280 1934
1237 1298
5530 5531
4848 5174
3561 3983
5791 5801
1682 1685
261 265
3189 4111
5245 5813
2258 2555
362 842
1165 1166
4465 4618
2223 2268
3871 3916
4418 4543
2049 2152
4599 5372
894 1346
5504 5515
5803 5811
3172 3649
4495 4497
2834 2836
1592 1647
4491 4792
5286 5292
5566 5575
2557 2558
1844 1868
3504 3570
896 897
674 784
901 1241
4189 4198
4862 4964
4812 5372
1847 1873
5782 5873
5548 5706
23 1497
3586 3639
4207 4215
5647 5648
2970 3141
3971 3975
43 163
3291 3462
3778 3809
617 664
1615 1752
2849 2851
1 166
2609 2610
3340 3583
3667 3749
100 145
3519 3585
2612 2615
3472 3473
1397 1529
3238 3306
3169 3472
5404 5405
4848 5187
674 676
2069 2107
701 779
1962 1981
2174 2389
2869 2951
3199 3580
4026 4032
2605 2612
4372 4440
3231 3303
1744 1758
2489 2666
2667 2672
1311 1647
2147 2148
523 628
1228 1878
4337 4338
4650 4798
1121 1486
2303 2395
2776 2844
1028 1029
3268 3306
3352 3714
5480 5484
5380 5546
5545 5879
2118 2120
1357 1470
2723 2725
5130 5142
2162 2163
2788 3083
2962 2970
5990 6000
391 859
2593 2615
3326 3432
5786 5941
191 276
578 685
812 852
1065 1069
1925 1927
4093 4099
6053 6056
3936 4115
5252 5253
2229 2338
355 384
4751 5496
3235 3250
319 461
4054 4107
5361 5425
6046 6053
5765 5774
2637 2806
4698 4852
5245 5250
4715 5021
1236 1301
2401 2566
2494 2757
3275 3322
4478 5337
5622 5954
3615 3656
5267 5268
1700 1701
2166 2403
5588 5589
946 973
1419 1422
1187 1853
3606 3607
858 860
624 693
223 349
2229 2459
4170 4174
3963 4110
1188 1260
5178 5196
902 903
3930 3933
3369 3371
64 1524
1726 1838
1371 1610
3592 3645
2286 4390
5240 5256
1997 2072
4973 5666
4517 4632
5883 5887
2741 2984
2495 3517
1194 1196
886 1043
1474 1479
3518 3844
1677 1838
5422 5677
3622 3672
3787 4005
5595 5605
4007 4008
5614 5618
332 413
2539 2742
1025 1094
698 736
2907 2909
5245 5492
5600 5720
1577 1607
2709 2924
2456 2744
2910 2914
3330 3500
5336 5610
4541 4881
3209 3210
955 1035
1980 1997
2386 2648
4280 4288
672 683
4985 6026
1124 2012
2416 2527
3369 3613
107 416
14 188
5136 5441
1261 1263
3545 3546
2124 2126
4732 4799
109 233
3409 3685
4061 4365
1884 1885
3161 4603
922 979
4948 5097
141 185
941 992
4014 4024
4055 4062
4074 4075
1326 1328
4354 4358
5214 5216
765 766
226 229
3435 4088
4653 4654
5206 5392
2789 2930
2701 2817
1899 1900
445 532
2525 2591
3039 3041
11 1997
238 239
197 201
3877 4140
1876 1916
3830 3836
1662 1664
4869 4925
1101 1102
1243 1680
2112 2129
4488 5233
3612 3613
1188 1515
1303 1502
1256 1390
2814 2815
1852 1909
2511 2548
3825 3842
2230 2535
3789 4148
5088 5642
5325 5326
3682 3793
1115 1158
4184 4189
1147 1339
3999 4143
3335 4917
4837 5242
3969 3971
5617 5619
2135 2153
588 594
4867 5121
1448 1452
1226 1339
2100 2132
5727 5750
4610 5236
4825 4895
1110 1164
2417 2482
5877 5923
3668 3750
586 669
3760 3982
1979 2027
2884 2887
1103 1161
3744 3745
1743 1750
3455 3642
5404 5447
84 953
3253 3693
385 615
156 792
11 145
1451 1578
2946 2947
425 428
222 328
36 1141
2417 2603
1942 2081
4681 5237
2274 2554
1202 1288
4316 4321
2274 2325
4920 5519
1121 2117
5316 5519
2659 2661
4233 4323
4706 4772
1229 1650
3851 3992
2944 3059
5227 5935
5428 5696
982 992
2422 2425
4485 5069
4779 5021
3025 3132
3331 4636
184 194
530 602
2371 2379
3811 3812
3241 3925
2016 2151
502 503
3244 3930
5080 5363
4393 4662
1733 1799
5181 5186
4432 5327
3403 3465
1636 1637
3457 3930
1511 1871
819 826
4465 4686
2159 2321
557 560
2769 2775
3230 3887
4840 5243
40 41
1048 1063
4274 4337
4085 4172
5150 5957
76 1455
2304 2446
3818 3828
1187 1895
1691 1694
5239 5248
4158 4162
5703 5877
987 1083
849 853
2160 2401
4741 4742
2528 2568
5062 5063
1413 1420
3061 3068
4644 5075
1860 1880
3080 3081
5881 5883
678 742
2959 3020
6048 6060
590 629
5108 5438
5710 5772
1441 1933
376 377
3583 3638
3943 3944
2843 2845
1422 1425
2074 2105
2282 2283
861 863
1301 1364
2521 2565
2013 2095
2846 2850
2285 2288
905 906
4576 4796
5357 5361
302 576
3936 3941
2468 2675
3595 3648
52 172
1299 1476
2233 3037
3217 3436
2618 2619
2530 2735
3741 4116
3481 3482
2199 2406
3859 4108
380 388
1158 1207
399 401
471 506
3131 3140
383 393
4010 4011
2683 2684
4383 4522
723 727
4510 4563
2361 2404
1022 1023
4334 4337
3838 4170
2632 2638
4311 4353
2363 2450
4973 5492
5083 5098
5723 5724
2975 2977
1194 1251
3252 3551
4480 4805
2352 3523
738 742
1304 1382
6047 6050
5904 6001
4925 4926
3724 3775
4656 4738
4095 4176
3548 3549
3520 3716
3828 3832
5120 5138
4127 4128
925 982
956 1086
2475 3041
5479 5485
6059 6060
2750 2751
4434 4810
114 245
3541 3775
1268 1321
5822 5824
5261 5262
4872 5975
2224 2412
1952 1953
2919 2974
3490 3729
2170 3344
5544 5550
327 474
1380 1498
1244 1903
2374 4571
2553 2587
4452 4571
3418 3560
4333 4354
3836 4073
524 530
2805 2808
4478 5526
3376 3563
1268 1442
1994 2071
3895 3899
4392 4934
306 307
2391 2710
2518 2751
2771 2931
911 912
245 297
4598 4810
2903 3087
5025 5106
2268 2576
5618 5620
4310 4343
2015 2130
1435 1555
1855 1912
5829 5840
4540 4805
3487 3552
1140 1149
2580 2582
2685 2864
3960 3964
2019 2020
5778 6023
2203 2366
3698 3735
1535 1907
21 296
3443 3445
2022 2025
2242 2294
1870 1897
4888 4993
1782 1784
2914 3101
5393 5394
4252 4257
4293 4295
2103 2135
4016 4017
962 998
4573 4874
3446 3635
1128 1970
1343 1858
3282 4961
5093 5812
4308 4310
5149 5155
2439 2471
2573 2700
3392 3520
5945 6028
83 248
2490 2665
3469 3740
5098 5109
2803 2896
5117 5122
1495 1619
2949 2950
588 649
2133 2135
3676 4218
5040 5104
2165 2316
4300 4311
4536 5076
3783 3792
774 775
5302 5518
4851 5353
5577 5982
3846 3848
3383 3858
5131 5407
5733 5741
3510 3633
3004 3007
4449 4555
5796 5797
2341 2434
211 554
1066 1068
2198 2385
1351 1466
3424 3566
1110 1111
5349 5980
3069 3109
428 488
1689 1690
268 270
667 770
1675 1792
3332 3748
3793 4106
5228 5461
138 197
2779 2781
3997 4138
2323 4487
270 316
1280 1936
4900 5366
2823 2824
5082 5114
5290 5292
1861 1918
3287 3453
5694 5870
4968 5012
5768 5819
2025 2026
1445 1451
4492 4494
43 44
3310 3356
2821 3128
4215 4216
194 213
414 482
507 673
4533 4791
1293 1353
4767 4958
5706 5880
606 652
1358 1482
4936 5410
3417 3418
3521 3741
1613 1937
5928 5929
1126 1361
1220 1225
2278 2327
3288 3947
1629 1918
5691 5693
1008 1076
1321 1536
1670 1690
2890 2891
3709 3711
5080 5310
2609 2612
4645 5382
4541 4736
80 986
100 147
2593 2604
4272 4319
5084 5429
3210 3246
5376 5537
3103 3120
4774 4974
314 335
4606 4838
3660 3711
3789 4350
5466 5467
4045 4047
1404 1426
2758 2856
736 738
1510 1593
2269 2399
5369 5534
2948 2953
5355 5370
3247 3249
4033 4158
2686 2687
726 730
2197 4482
5524 5822
2790 3010
4397 4620
4650 4800
1121 1488
1028 1031
2528 2744
2344 2923
4128 4166
4424 4982
3207 3298
1349 1877
5480 5486
4919 4961
5798 6061
2176 2558
3525 3644
4399 4400
4504 4682
2391 3449
2723 2727
221 679
3022 3023
4725 5324
2194 2346
740 749
3601 3602
4537 5044
1925 1929
724 741
1603 1878
5813 5817
803 805
4672 4680
4037 4169
1083 1088
4290 4349
355 386
3474 3534
2894 2959
420 515
3338 3673
5798 5953
3685 3717
137 163
5825 5827
5603 5714
49 50
1057 1072
1835 1891
3187 3440
568 615
4599 4811
2560 2561
2873 3021
5588 5591
657 872
4851 5032
1938 1989
2430 2451
1289 1314
1762 1763
341 343
1160 1200
5595 5715
4993 5152
492 512
1371 1612
2498 2585
3952 3953
4232 4236
4583 4988
5839 5846
3184 3327
3478 3545
4536 4647
334 340
3154 3155
1994 2005
1139 1262
2054 2056
633 636
2813 2862
4420 4701
1438 1558
1565 1599
3917 4117
2905 3094
677 679
3084 3096
4455 4924
116 117
3144 3147
4911 4975
5535 5556
3147 3152
2567 2577
4979 5433
2627 2628
5705 6004
2365 2591
3258 3397
1577 1609
3330 3502
4457 4475
5658 5663
2882 3083
969 972
955 1037
1249 1255
6001 6002
2307 2357
2300 3401
1531 1907
2439 2513
2692 2693
1271 1273
3342 3741
3323 3499
2177 2247
4197 4292
4477 4575
4656 4806
5203 5204
67 1514
2462 2645
3221 3222
4900 4937
1665 1843
4259 4352
1522 1794
4577 4927
2984 2986
1697 1795
150 236
983 991
2423 2424
1788 1913
2744 2745
4236 4368
922 981
5220 5787
4074 4077
3186 3386
70 472
3365 3617
4700 4768
2339 2467
4703 5002
2449 2827
4730 4876
2457 4637
5024 5094
248 249
4315 4368
4573 4929
280 467
3217 3867
593 698
3886 3962
5653 5790
2759 2760
3600 3605
1778 1841
3039 3043
3992 4129
716 768
1961 1962
540 542
820 825
5159 5174
584 585
5752 5917
1210 1276
3051 3053
160 257
822 871
5562 5564
5842 5847
1852 1911
5565 5569
1692 1693
4184 4191
5514 5981
4203 4204
2219 2607
1441 1559
2673 2814
880 997
4206 4209
405 475
3966 3968
4518 4710
1223 1336
1149 1158
1968 1978
4867 5123
247 303
1393 1518
899 946
2014 2094
2277 2733
3199 3274
3234 3295
3459 3642
2891 2892
3218 3287
3665 3747
5105 5180
609 655
4425 5192
5402 5403
4822 4828
1233 1236
2093 2094
4818 5352
993 995
432 433
2290 2379
3186 4917
4693 5357
1641 1741
2083 2086
2399 2551
706 709
1640 1745
1566 1567
4627 4774
4630 4779
609 776
4645 5545
5316 5521
2876 2890
1620 1803
4426 4720
240 384
4906 5357
1353 1459
4940 4941
97 335
1229 1652
685 771
938 951
3878 4097
1177 1233
377 389
4790 5182
4098 4100
5217 5478
421 432
5460 5650
2160 2161
6048 6049
3025 3134
2099 2151
530 604
783 784
4418 4492
4671 4672
2670 2677
2296 2436
4748 4892
1157 1934
1274 1287
2714 2720
2848 2949
1153 1226
3013 3016
2851 2954
4637 4795
3057 3059
3191 3288
6044 6051
27 397
2776 2780
5804 5810
2781 2895
2201 2320
4391 4739
4630 5021
1175 1658
2503 2621
557 562
3616 3696
4404 4449
4569 4782
5341 5527
147 169
4835 4901
900 901
1246 1309
86 159
1592 1717
2832 2833
4038 4328
3837 4338
5299 5301
63 1195
4158 4164
4908 5379
1355 1481
1429 1430
5601 5602
3820 3876
2853 2855
4026 4210
370 857
1860 1882
4828 4898
5922 5923
1192 1194
125 797
3943 3946
1236 1237
3156 3307
3082 3129
3395 3589
1540 1648
5492 5817
363 854
2606 2611
5937 5938
2048 2054
668 672
52 174
967 968
1146 1199
3374 3422
4012 4167
4606 4677
1978 1995
2618 2621
3077 3135
1820 1823
471 508
4939 4971
4581 5263
5431 5433
622 677
2062 2110
2683 2686
4271 4283
4510 4565
1542 1549
5475 5476
6010 6012
4620 4696
3694 3713
5890 5947
879 976
4380 4455
5378 5543
2365 2525
505 506
4311 4355
4677 4678
2382 2465
2676 2683
3882 4178
2695 2696
105 801
2975 2979
3400 3680
3835 3837
2166 2352
5767 5769
3019 3022
5486 5490
4378 4530
4796 5043
1317 1323
2669 2680
4966 5454
3178 4772
3861 4011
4348 4358
4408 4409
800 804
2407 2414
2006 2070
1247 1264
225 344
1099 1100
4735 4804
4867 4923
5811 5960
5358 5426
1370 1371
67 401
241 288
2794 2796
1373 1376
4895 5695
1653 1659
3807 3896
4860 4920
3430 3909
5380 5544
3380 4088
2600 2930
253 527
1435 1436
5323 5324
4437 5231
3998 4137
2451 2578
4333 4356
3624 3896
2170 2299
2483 2530
3002 3095
2601 2751
3687 3723
3148 3149
1727 1729
619 769
4994 5270
3213 3278
1446 1450
5926 6004
1685 1732
350 352
1578 1606
2903 3089
3378 3382
3705 3740
4730 4931
2861 2863
4227 4310
2759 2815
2000 2009
4586 4657
1678 1729
4577 4874
1162 1169
2022 2027
2863 2872
4869 4982
2467 2643
1359 1683
1340 1441
5674 5675
1221 1224
2320 2364
4013 4014
4925 5062
1265 1267
4252 4259
704 705
4016 4019
2703 3822
5024 5041
5463 5640
4628 4775
3427 3624
2355 2358
2575 2590
3993 4264
2594 2603
5551 5689
1351 1455
2225 2248
3214 3516
1755 1804
1340 1562
4308 4312
4786 5105
5448 5453
999 1003
1040 1041
1993 2090
4546 4598
759 762
929 944
5617 5676
660 756
5128 5219
2993 2995
5845 6028
5740 5746
2791 3009
4563 4952
1129 1234
1337 1412
2997 3114
4998 5109
5998 6041
755 764
4373 4791
732 780
2213 2251
3846 3850
4859 4950
1569 1920
2751 2829
3544 4680
5156 5173
1627 1861
2847 3062
4001 4138
1226 1288
5496 5507
233 315
1107 1108
1286 1339
1926 1928
3347 3348
5854 5969
5905 5971
4138 4143
1970 1971
3668 3928
3857 3864
309 310
4041 4210
548 555
4481 4482
3901 3907
4288 4316
4200 4203
2779 2783
1757 1863
2295 4656
4375 4729
5851 5856
1001 1062
4829 4899
4015 4157
4507 4619
3212 3281
1390 1517
1125 2000
263 315
3291 3345
903 904
889 1006
3635 3872
4182 4270
713 780
3574 3633
606 654
3593 3646
4441 5204
4623 4952
1825 1859
4029 4213
1300 1479
2616 2617
4276 4319
5928 5931
1800 1802
4267 4270
5523 5882
3885 3939
3231 3415
1137 1192
3489 3710
4270 4275
2857 2945
4509 5411
469 504
3129 3138
3349 3407
1181 1235
3750 3751
4646 4791
3524 3933
4613 4614
4406 4550
578 676
1397 1533
4511 4566
2952 2953
2372 2378
951 958
3167 4827
2482 2509
2955 2958
1575 1576
4479 5028
374 388
1981 1998
3746 3982
2715 2717
5587 5759
1132 1235
1175 1834
318 493
4377 4788
5466 5469
5913 5929
3783 4049
4344 4345
3404 3464
1763 1775
4923 5190
4868 5025
5355 5372
3472 3598
726 732
4151 4152
5118 5136
5997 6044
209 213
1616 1698
2528 2746
2822 2964
1267 1315
508 509
1566 1877
5241 5243
5477 5483
5647 5665
5259 5260
2642 3033
3022 3025
6050 6055
3882 3883
5888 5993
1540 1595
2551 2622
3084 3085
1663 1665
2167 3679
4243 4276
3622 3663
3875 3880
5255 5262
2426 2627
2734 2743
1992 2106
46 47
1371 1493
1057 1074
909 910
4393 4745
2235 2766
3678 3716
858 864
3664 3781
1188 1264
4389 4451
3028 3082
72 1352
3952 3955
304 692
2291 4738
1338 1437
4793 4800
4492 4872
5839 5848
3423 3611
4443 4687
109 224
3321 3563
1029 1096
2326 2746
2488 2579
4148 4244
447 448
5151 5447
1438 1560
1565 1601
932 934
1938 2112
1004 1039
591 641
2353 2354
3590 3953
1256 1260
148 300
5989 5994
1555 1556
4141 4241
151 305
3311 3491
5778 5959
4429 4644
3573 3676
1985 2079
6019 6021
4997 5101
3230 3273
3187 4623
1270 1316
3037 3107
5623 5792
2853 3057
5483 5489
1894 1897
514 515
4081 4082
4402 4403
4577 4929
2984 2988
4935 5391
150 238
642 700
3348 3679
5693 5972
5660 5795
1906 1907
2692 2816
3153 3211
3738 4130
806 808
4433 5409
171 297
1086 1091
4414 5396
5794 5795
1449 1668
1669 1671
3221 3345
1108 1109
2548 2579
3506 3972
4394 4663
4982 5099
445 536
202 549
2657 2714
3899 3903
310 311
1475 1576
2156 2432
3283 3442
5129 5526
5210 5222
1727 1797
5061 5099
4939 5402
4846 4945
2351 2415
1812 1841
5272 5282
5852 5857
3911 3913
3350 3351
3095 3098
3188 3289
3869 3916
3955 3956
1207 1209
4194 4201
646 647
5861 5862
3385 3574
3113 3115
3333 3384
890 1044
3825 3846
5826 5841
2777 2937
3157 3158
5077 5228
3224 4151
3747 4155
3621 3787
1114 1166
1372 1690
166 195
78 311
405 477
1133 1179
1499 1502
2986 3047
5338 5528
1545 1618
5387 5390
597 647
3584 3639
5576 5814
5741 5918
1393 1520
2014 2096
5460 5639
140 142
3199 3276
2583 3007
852 873
3424 3623
5919 5924
5399 5400
1211 1220
2651 2653
2090 2091
5121 5126
152 381
713 714
5453 5636
5764 5986
2617 2776
17 193
1724 1741
1743 1754
2276 2483
2870 2956
4637 4784
476 478
4922 5182
3301 3408
5532 5865
3445 3867
926 943
3605 3819
112 201
497 537
1620 1805
4665 5233
1334 1411
1628 1629
4080 4085
5047 5069
446 491
3252 3408
5800 5801
5907 5927
745 787
1070 1072
2369 2566
4139 4140
2787 3079
2988 3069
2380 2432
4479 4733
1230 1475
4781 5300
323 505
4956 5301
3736 3871
1138 1886
5508 5814
3686 4050
3994 4166
4154 4155
5742 5752
6022 6035
3472 3532
5079 5142
4304 4328
283 325
3356 3357
5823 5825
3414 4759
47 48
5427 5596
539 547
819 830
5246 5255
5867 5868
3119 3121
1417 1422
1615 1703
1186 1526
4209 4212
1320 1526
4527 4787
3087 3088
1177 1477
4568 5313
3052 3067
4258 4333
5579 5586
383 384
5598 5599
388 499
1009 1075
3029 3083
2850 2852
5601 5604
2034 2037
4026 4212
5301 5312
4960 5019
332 338
3231 3483
1192 1196
3539 3599
5925 5930
5023 5075
1236 1239
4121 4220
2306 3398
2920 3032
4640 4785
4420 4516
1512 1588
2658 2803
3532 3596
4485 5436
2196 2220
2628 2631
995 1032
1036 1070
2048 2056
2707 2924
948 957
1552 1889
967 970
2159 2567
1827 1828
282 867
2479 2508
3014 3081
1123 1483
4592 4744
1104 1204
5999 6000
3602 3776
4338 4339
4799 5451
5649 5658
933 1093
2428 2462
4871 5327
5201 5202
531 790
1176 1494
1570 1650
622 679
5711 5718
3111 3135
3815 4005
2163 2164
47 182
742 744
962 976
3180 3494
640 696
2484 2744
3838 4174
5892 5995
505 508
3817 3822
4935 5204
4042 4169
2621 2749
3555 3556
3876 3877
2345 2585
913 976
2699 2817
3019 3024
1078 1080
5596 5889
1537 1594
6005 6057
322 508
4095 4180
4348 4360
160 180
2300 2519
5268 5269
3847 3849
1080 1089
13 167
4765 4914
2912 3046
2198 2242
2943 3150
4591 4761
5778 6014
582 583
241 290
4322 4344
5528 5610
5762 5777
4659 4932
1304 1507
3093 3094
572 575
5052 5092
85 945
5112 5143
2182 2419
4726 5336
98 655
4731 5451
4531 4868
3946 3949
3836 4077
4806 4807
3464 3680
74 1466
2615 2651
5588 5782
3895 3903
120 121
3327 3382
3406 3675
3566 3664
3277 3561
3585 3677
3213 3280
5319 5328
3636 4137
5126 5162
5338 5341
5899 5903
630 637
2416 2478
649 650
1688 1739
3336 3387
1168 1215
2501 2522
5419 5680
3160 3161
3339 3392
3278 3382
4885 4992
3324 3498
1755 1914
1870 1901
2362 2363
908 995
1340 1443
1854 1893
3225 3226
4703 4951
5112 5156
2125 2127
3216 3443
124 132
690 772
143 145
3386 3854
4491 4543
4315 4317
4628 4777
4015 4025
4075 4076
964 1048
1351 1457
4078 4081
2 142
876 935
1557 1562
2978 2982
5225 5935
2835 2933
2434 2589
1307 1387
218 440
1900 1901
3686 3742
4307 4318
2543 2761
5538 5614
2410 2646
2763 2764
4669 4936
5791 5794
1102 1103
2993 2997
3385 3750
3748 3802
4746 4890
3292 3293
5740 5748
544 546
1731 1799
259 599
3428 3568
3901 4017
3340 3455
4992 5067
1449 1857
1117 1118
1724 1796
2144 2153
5005 5006
4191 4264
4812 5365
3468 3640
3628 3629
2174 2261
85 153
3751 3928
3204 3301
3066 3071
3336 4918
3324 3632
3770 3978
2830 2831
1409 1411
5297 5299
4805 5362
5228 5465
4187 4266
3920 3922
3304 3653
5745 5920
2032 2033
251 307
3683 3686
4161 4213
374 377
2561 2562
3333 3573
30 338
5826 6030
3166 3167
1557 1925
3391 3514
5578 5699
2357 2503
903 1135
1744 1751
2214 2454
3456 3643
562 613
4822 4898
1895 1920
5935 5936
5599 5987
3906 4108
5874 5926
4494 4544
4441 5206
1526 1528
5326 5828
1976 1993
1800 1804
4267 4272
5946 5987
939 950
4270 4277
5949 5992
2962 2963
2549 2565
5990 5993
1284 1887
3271 3489
1158 1253
4406 4552
1397 1535
5373 5536
2952 2955
4230 4326
4290 4340
228 336
4930 4966
6002 6003
2715 2719
3080 3140
733 737
5386 5387
5913 5931
4767 5433
4657 4807
3404 3466
4030 4157
3882 3993
2640 2804
3827 4057
2994 3073
5621 5759
2106 2116
839 840
5118 5138
223 342
3595 3707
4056 4065
3715 3772
3374 3479
5540 5541
4086 4173
3539 3546
5705 5874
3924 4111
3819 3829
1651 1657
854 855
1695 1700
2378 2925
573 576
740 753
3859 4167
3365 3366
5252 5259
1823 1885
56 57
3084 3087
4545 5397
5876 5877
1547 1721
2075 2106
3128 3130
5600 5942
3372 3490
1426 1431
906 907
4784 4861
2184 2278
1816 1882
3657 3659
3166 4819
329 337
501 858
2934 3035
1480 1667
53 173
4280 4281
2859 2861
5464 5788
1869 1893
5370 5372
4809 4810
3484 4081
2061 2063
304 694
2704 2923
937 1095
2231 4460
3478 3549
3285 4137
4011 4012
2063 2109
2574 2584
2813 2866
3200 3275
111 235
932 936
18 1993
2757 2934
5926 5940
1136 1197
2270 2358
5024 5085
1836 1837
74 353
4427 4866
4833 5288
4468 4638
151 307
4347 4348
44 181
2272 2404
4660 4808
2017 2114
1829 1834
2629 2641
141 299
3467 3740
3692 4124
287 353
1458 1598
2172 2173
2485 2633
2370 2417
4672 4818
9 116
1155 1331
1270 1318
1597 1676
2316 3349
5623 5794
2479 2818
4793 5044
3680 3740
5526 5861
4674 4827
4968 5045
4913 5109
5221 5225
1852 1902
3564 3565
4935 5393
4582 5009
3381 3858
5091 5152
4748 4749
1785 1848
1105 1106
2223 3242
4002 4141
3159 4684
2135 2146
2374 4643
8 1998
868 870
1973 2084
3647 3684
1673 1792
3258 3643
3886 3966
3278 3329
595 711
1708 1786
2969 2988
3752 4151
3346 3463
1441 1442
2573 2759
3631 3861
1444 1447
4191 4198
2023 2026
643 644
1388 1515
5342 5528
1506 1507
3292 3348
1692 1697
3973 3975
4539 4652
5072 5115
5325 5332
5416 5679
5077 5230
1156 1165
4017 4018
4382 4439
2411 2552
4518 4714
1218 1225
1256 1517
1495 1799
3584 3641
3215 3515
1842 1843
421 423
82 957
1627 1918
701 706
3996 4080
4309 4311
4980 5004
3333 3507
5224 5630
3259 3292
3632 3803
4580 5263
1348 1456
4841 4845
4882 4883
2134 2136
4398 4770
1177 1574
5079 5131
2870 2958
2510 2652
2930 3009
196 197
4499 4556
4084 4085
1875 1912
4430 4722
8 146
4604 4609
2888 3012
4194 4216
5515 5698
5394 5408
112 203
4458 5723
1184 1240
2844 2942
2665 2674
2706 2712
4556 4834
4017 4031
3530 3647
5061 5464
6037 6039
1909 1910
273 565
708 722
2728 2730
3676 3701
207 211
3813 3972
518 598
4859 5020
5217 5482
449 498
1111 1112
1290 1343
896 958
4139 4142
5694 6050
2081 2101
4056 4107
5749 5757
1327 1410
3586 3700
3751 3767
2252 3151
4781 5302
282 506
5058 5085
722 778
1601 1878
1582 1636
3736 3873
4923 5126
5209 5483
845 848
24 1379
251 375
1705 1706
5593 5594
3604 3690
2289 2666
4304 4330
283 327
756 776
5823 5827
819 832
4465 4692
2412 2507
1175 1662
1698 1703
3783 4106
1178 1179
3516 3991
5663 5811
5415 5709
4209 4214
1320 1528
4840 5249
1306 1593
3087 3090
24 1500
2154 3151
5170 5649
2345 2453
3964 4117
4024 4168
1911 1932
550 563
4636 4961
5030 5080
3982 4171
2020 2104
1385 1593
3754 3755
1753 1760
2572 2617
1772 1773
2379 2451
170 278
3239 3309
4960 5021
469 574
2184 2212
3915 4117
4844 4846
5709 5819
974 975
2873 2959
3126 3139
3279 3381
1971 2104
2625 2628
3411 3537
3485 3486
5598 5722
5016 5074
1036 1072
2108 2109
5996 5997
31 1516
2703 3450
3248 3250
4592 4746
5896 5898
5325 5829
1118 1141
395 517
909 967
66 1510
3780 3784
4060 4067
4920 4962
5412 5424
930 1026
1663 1843
4684 4685
2251 2279
5692 5707
3180 3496
921 977
4749 4814
3028 3139
640 698
4509 5098
5892 5997
3237 3249
804 806
4935 5206
4682 4760
4976 4978
1368 1373
3555 3558
4415 4416
807 811
848 849
6047 6056
1565 1658
2391 2703
5651 5790
6005 6059
322 510
3355 3618
2820 3045
4222 4223
4568 4631
4914 5039
4886 5206
786 873
1660 1666
2479 2523
1140 1142
918 1029
5268 5271
137 235
3258 3456
818 862
5312 5314
5759 5774
615 762
5746 5835
2736 2822
1442 1443
4456 4575
5528 5612
34 228
2541 2583
4461 4653
4561 4591
3093 3096
4459 4580
2532 2534
4457 5702
2812 2817
3562 4069
28 413
410 478
1542 1795
5637 6013
322 402
2729 2819
2273 2539
4482 4483
3902 3908
3155 3156
1734 1736
5307 5320
1866 1892
3946 3951
1778 1779
3385 3389
164 193
596 641
983 1050
1563 1625
3684 3685
5611 5731
595 645
2204 2301
1435 1561
1509 1510
3221 3402
1001 1040
1968 2024
1154 1282
4502 4519
3141 3150
5961 5965
2580 2588
4820 4828
3223 3448
3242 3461
2574 3002
4883 4884
1359 1687
1961 2021
2486 2660
2334 2532
5973 5975
2406 2408
284 352
2323 2373
1330 1400
2424 2425
2842 2938
4356 4357
2515 2543
4755 4820
4504 5238
3394 3451
2167 3294
4075 4078
5548 5688
5736 5739
4536 5190
6016 6022
3877 4093
4078 4083
2343 2473
4423 4532
249 250
4421 4422
1900 1903
1446 1467
4233 4371
2337 2429
2543 2763
3276 3580
4071 4080
5511 5513
2622 2827
1476 1575
528 604
1281 1336
5842 6027
541 543
1940 1975
2602 3343
5274 5277
3259 3347
1731 1801
1404 1406
4850 4949
5509 5817
650 715
3162 3414
5858 5971
5963 6024
89 907
194 206
3485 4104
1114 1115
5847 5849
5286 5287
3625 3626
5865 5866
4189 4193
316 317
4839 5241
1305 1585
766 782
3204 3303
258 312
4850 5070
5798 5812
5297 5301
5742 5917
1408 1417
3772 3989
3304 3655
4637 4962
652 653
251 309
1397 1524
1471 1473
2892 2893
5970 6040
3320 3636
4765 5413
3280 4466
4811 5529
5721 5750
577 738
2605 2607
3704 3976
4704 4908
5418 5712
5476 5653
3363 3417
3530 3594
2456 2484
5935 5938
914 1003
3846 4096
1153 1285
2713 2783
4986 5008
2290 2451
1570 1573
2776 2839
2080 2089
3391 3637
4707 4775
3410 3650
538 608
1538 1540
2291 4487
2530 2554
4863 5022
1582 1583
1200 1252
3261 3298
3648 3707
6034 6038
2161 2162
3739 3825
5473 5476
5373 5538
924 1088
4912 4914
1345 1347
4614 5257
204 210
1023 1067
2155 2384
1976 2116
2403 2449
4722 4790
4704 5379
3534 3541
5960 6008
2352 2403
3014 3017
5383 5704
4803 5129
2396 2446
4443 4557
4720 4865
4687 4688
3587 3589
5827 5829
1837 1930
5832 5944
3889 3890
5936 6001
2789 2791
2512 2513
5705 5876
3800 3818
151 175
3819 3831
3597 3718
1997 2067
3050 3091
3769 4239
5704 5880
5545 5882
4887 5392
1714 1715
900 973
320 398
614 616
2345 2750
2980 3032
53 54
1419 1538
3821 3877
724 747
3812 3828
1477 1479
5711 5775
1083 1094
2564 2565
3603 3654
3787 4000
3988 3990
3427 3428
5336 5605
3937 3944
1769 1772
2901 3089
4458 5336
2920 3102
5096 5852
232 406
4280 4283
2229 2696
1298 1369
930 973
3158 3159
949 986
3719 3721
410 412
3810 3839
3763 3764
2562 2576
454 455
2553 2756
5526 5850
5669 5670
5875 6004
5653 5662
2231 4462
2418 2568
3163 4671
2965 2966
5993 5996
983 984
4011 4014
2469 2533
4014 4019
581 681
3033 3100
3279 3570
3494 3495
5094 5146
4132 4240
3170 4832
4930 5452
1817 1826
1275 1277
6008 6011
1154 1216
5347 5511
2446 2522
5447 5449
1750 1772
3830 3831
922 1095
2008 2067
1901 1904
3788 3834
4409 4410
3430 4089
1252 1266
5140 5154
3032 3033
2595 2766
5502 5506
4227 4369
514 519
3339 3678
4674 4829
4968 5047
519 597
2234 2235
1945 2132
4092 4181
4863 5519
3438 4623
2689 2815
2601 2931
4129 4248
15 2003
218 605
4426 4471
1785 1850
59 60
1205 1275
2172 2296
3626 3627
3438 3576
2416 2656
2543 2697
809 817
4842 5352
5277 5280
1973 2086
5653 5796
3886 3968
885 1041
5859 5901
978 1003
1451 1452
1198 1272
3058 3062
1456 1567
3558 3614
3190 3447
5504 5673
1156 1275
3962 3963
2367 2656
1214 1216
1147 1226
2222 2238
5486 5804
2301 2302
1812 1845
1597 1691
2438 2536
3164 3165
1743 1745
1163 1170
4628 4955
2023 2028
643 646
2300 2602
2608 2718
3255 4515
1341 1442
4581 4651
4531 5059
4751 5291
2385 2646
3746 3786
5826 5845
3825 3850
3288 3874
4764 5001
5416 5681
4017 4020
3714 3982
1007 1044
3500 3501
4854 4894
919 931
518 587
965 1047
418 420
377 382
597 651
643 767
3881 4095
3996 4082
421 425
1281 1283
2888 2893
3287 3393
4309 4313
885 1054
5040 5057
1000 1004
324 492
3259 3294
4424 4788
5265 5404
4031 4039
4198 4216
1620 1917
4228 4324
5701 5705
5742 5743
680 770
1127 1984
2290 2385
2856 3062
1130 1235
4024 4036
1056 1057
4549 4675
4944 4945
2960 3119
3619 3987
2800 2901
3894 3926
219 331
1184 1471
945 960
5807 5808
5707 5870
258 259
3231 3353
3530 3649
5663 5800
2769 2770
5176 5187
279 318
1290 1345
1295 1689
2721 2729
4161 4162
4188 4265
3512 3753
6029 6042
4943 5366
3305 3423
1538 1595
4781 5304
1403 1407
2263 2265
2194 2394
5038 5374
31 337
3926 3972
325 326
1237 1374
3183 3433
4153 4163
4511 4625
4464 4550
5579 5698
5423 5710
4197 4206
775 791
2795 2799
1468 1472
88 90
2836 2837
1294 1356
3421 3490
5076 5077
819 834
5823 5829
3456 3942
1725 1808
1178 1181
2962 3141
4130 4152
5594 5713
2901 2902
3233 3375
3527 3593
380 383
4406 4501
1240 1241
58 103
5412 5413
3798 3827
3430 3431
5238 5260
682 684
3130 3139
4694 4904
3548 3652
2034 2041
1413 1428
3665 4237
2493 2555
1753 1762
249 802
2632 2633
5704 5706
5038 5616
633 684
4843 5377
5483 6003
6006 6007
5285 5493
1018 1020
435 699
5467 5470
457 458
4345 4346
737 741
396 448
2669 2673
415 461
1814 1893
2894 3020
781 784
3553 3888
4435 4505
2226 2332
1951 2127
2687 2690
1266 1270
5479 5480
2530 2743
2196 3392
5009 5265
749 751
1590 1596
1268 1316
793 794
2171 3564
1304 1498
108 691
896 1444
2699 2929
2699 2700
3227 3314
4416 4936
4271 4289
5544 5545
4123 4125
682 697
4257 4354
308 456
3023 3026
1674 1711
2462 2464
3754 3770
4707 4856
571 866
1085 1087
4679 4757
3182 4776
804 808
876 913
1447 1668
1027 1082
5275 5276
3499 3894
5128 5788
916 985
2798 2800
4434 5865
1688 1730
5282 5437
588 631
1020 1042
3828 3840
3100 3101
4454 4531
3189 3853
1544 1722
5644 5789
1143 1149
2230 2464
4042 4294
4563 4703
62 63
2302 2303
3761 3786
1161 1203
4234 4235
4461 4655
3093 3098
5374 5376
3953 3956
4813 4814
28 415
5903 5905
98 659
1660 1789
2668 2811
3334 3389
5342 5343
5307 5322
4765 5039
5092 5168
1778 1781
2638 2639
1217 1219
3240 4959
2316 2359
936 977
2209 2233
3816 3843
3255 3281
3167 3168
2752 2926
5291 5499
850 873
2204 2303
5898 5911
289 311
509 580
220 477
459 759
2028 2077
3153 4438
1553 1555
1773 1787
3199 3322
324 534
711 714
1571 1572
4377 4526
3214 3630
1316 1319
5743 5744
755 757
2623 2637
2334 2534
4082 4083
658 824
1845 1848
2705 2706
2985 2989
1123 2092
3446 3872
2988 2994
4755 4822
5216 5217
1907 1908
3333 3443
5499 5505
2431 2588
2209 2475
134 531
4317 4367
1354 1466
1109 1110
2981 2991
2535 2645
4607 4843
3860 3862
5508 5510
5866 5972
2411 2609
2254 2662
5538 5618
2243 2244
242 249
5634 5851
261 262
1754 1787
2413 2655
3339 3638
4161 4204
1401 1403
30 329
4391 4666
3498 3631
5573 5575
5490 5806
4561 4848
115 144
894 1343
2854 3071
3167 3531
5173 5641
3000 3125
1233 1297
1974 1975
64 327
3653 3690
5516 5980
3350 3652
3589 3934
4779 5421
674 781
2836 2879
3507 3572
5348 5349
1640 1806
4503 5257
167 196
1179 1182
4465 4507
3231 3408
3971 3972
4251 4255
2830 2835
1269 1341
2310 2311
2448 2504
606 768
23 447
3173 3174
666 782
1972 1986
243 450
2832 2881
3257 3582
2185 2279
1512 1513
4697 5015
4917 5018
1751 1758
550 607
1245 1923
443 481
2463 2489
2936 2938
3167 4820
2375 2376
123 799
5684 5685
3218 3590
1234 1239
714 715
4026 4029
1557 1929
972 1010
4473 4489
3410 3531
4886 4887
2904 2905
3437 3634
4593 5308
975 1015
1816 1860
1494 1580
1914 1937
152 453
1153 1287
4703 5439
5415 5416
4274 4279
2851 3015
3164 3475
2238 2263
1837 1919
2155 4480
4037 4043
5054 5373
1308 1309
5480 5481
4666 4739
411 569
3778 3819
1137 1198
2398 2400
4803 5010
4710 4782
529 790
5130 5139
3569 3645
2442 2443
721 731
5786 5938
1065 1066
2216 2625
4996 5553
5211 5478
3796 3809
355 381
5064 5953
267 268
2715 2723
4155 4156
3534 3543
1646 1691
2329 2916
4844 4903
4443 4559
3275 3319
3357 3358
4954 5034
1375 1376
2306 3457
3687 3758
1079 1085
3360 3363
5547 5548
4519 4554
1616 1704
66 399
379 859
816 860
1182 1183
3166 3534
148 172
3889 3892
3921 4110
3226 3319
5760 5777
3372 3373
4478 5684
1162 1204
3610 3659
1862 1881
4594 4849
4379 4924
5046 5387
812 862
1474 1476
171 277
2191 2285
4211 4293
42 163
1776 1777
2968 3145
3988 3992
4160 4247
1338 1551
2866 2868
2525 2575
28 1396
2910 2911
389 392
1249 1250
4444 5174
5096 5854
1438 1903
927 970
1493 1610
3439 3669
3788 3823
2859 2865
1699 1715
5011 5029
1979 1998
1790 1833
5771 5949
451 452
67 1509
3226 3561
1987 2118
2641 2642
4693 5097
1544 1548
2511 2532
3409 3682
1306 1905
4236 4363
4807 5384
48 183
34 285
1027 1029
4014 4021
3033 3102
4294 4304
5220 5782
2389 3037
746 750
4930 5454
1045 1046
2977 2978
1817 1828
3185 3910
129 293
2677 2686
3338 4152
3556 3557
2976 2982
1319 1322
2179 2180
4498 4750
3538 4671
2363 2526
2583 2758
5124 5441
5207 5210
5042 5631
3522 3680
3360 3618
2252 2658
521 524
3728 3785
3907 4016
1768 1791
2673 2688
3373 3557
1952 2137
3277 3620
4132 4134
4 5
2204 2358
616 761
1910 1911
110 135
1330 1336
1495 1669
160 252
2262 2299
4674 4831
87 942
1484 1739
1613 1624
3433 4776
4863 5521
1112 1113
5284 5285
1717 1718
5311 5388
5564 5568
5657 5796
5693 5978
328 479
2200 2360
4187 4191
5885 5919
919 920
1086 1097
4408 4833
4002 4145
3109 3110
4881 5282
275 360
4136 4145
113 298
82 948
4633 4951
885 1043
5620 5621
2170 2602
2311 2312
3959 3960
5339 5342
2219 2723
3962 3965
2969 2992
1513 1514
1463 1922
1812 1847
2865 2871
4043 4304
643 648
3172 4748
4858 5419
2647 2648
2167 3243
4553 4554
2390 2497
4492 4544
222 325
5094 5632
3036 3103
3222 3293
235 264
4316 4318
4868 5060
1334 1404
606 702
1785 1865
4360 4361
3851 3989
418 651
4697 4949
3996 4084
2795 2896
5730 5735
2294 2385
5826 5968
5265 5406
5172 5178
203 204
782 783
2420 2497
1186 1398
4954 4955
2521 2549
5520 5632
5847 6027
1201 1935
3293 3294
1872 1874
5445 5458
1550 1594
1056 1059
5722 5995
935 998
4488 4667
539 540
1184 1473
112 207
1679 1681
258 261
5737 5751
2769 2772
5828 5869
207 215
1700 1740
2538 2839
4274 4334
2658 2904
924 1024
1944 2100
2018 2049
1290 1347
4139 4146
4158 4159
1737 1807
2169 2218
3287 3866
4817 5781
5684 5861
6029 6044
3061 3065
3921 3923
3183 4711
4836 5242
3064 3070
5149 5473
51 52
125 792
2236 2393
3755 4119
4223 4224
1138 1892
3681 3941
842 847
2335 2372
2332 2626
4629 4912
5990 6052
2846 2847
845 852
3126 3130
2026 2031
1837 1866
5357 5358
302 573
3356 3363
3724 3759
4197 4208
5936 5937
3727 3764
948 950
4174 4224
387 388
4064 4352
5120 5122
4896 5377
390 393
610 662
3349 3589
4278 4281
4605 4676
4990 5012
3569 3592
3761 3762
5593 5719
2339 2383
751 786
1804 1810
4958 4979
622 672
1248 1592
5412 5415
682 686
3567 3896
1127 1302
3262 3297
411 866
258 395
1753 1764
1813 1815
4614 4617
2632 2635
5292 5498
4803 5078
5531 5780
1783 1872
4097 4098
5999 6046
1015 1017
3706 3718
1419 1595
2639 2796
4499 4815
242 801
1818 1829
2439 2442
3024 3132
3389 3782
4483 4807
4123 4235
61 231
3529 3533
2641 2805
3553 3890
3828 3829
2407 2409
1827 1834
593 735
3177 4771
519 520
5759 5765
749 753
5635 5958
260 525
5201 5208
1966 2114
4681 4684
5352 5377
1372 1375
4056 4366
4909 5036
5628 5955
2333 2810
3159 4609
855 856
4423 5328
5600 5893
1140 1254
1245 1307
2456 2917
3366 3367
4679 4759
4495 4938
4462 4990
153 291
320 468
1994 2068
3005 3095
3299 3313
2492 3513
4326 4348
570 579
2010 2012
4804 4875
3187 4563
5356 5617
5170 5198
41 235
3556 3612
1720 1721
4094 4190
2912 3052
90 127
2583 2584
3228 3554
5776 5947
1483 1485
74 1351
1870 1894
2443 3513
4851 5108
3433 3434
1611 1670
685 687
2304 2351
1449 1608
3997 4001
4296 4297
4726 5342
3136 3147
5323 5332
4891 5409
2635 2636
173 246
5386 5388
4591 4888
3481 4084
1217 1221
5611 5735
5327 5976
977 980
1008 1047
1254 1517
1340 1557
1541 1547
3236 3270
6009 6010
5407 5447
4796 5522
4027 4028
419 423
460 461
509 582
2253 2426
2487 4579
1484 1686
1986 2082
4300 4308
3324 3504
4630 4708
2049 2138
2854 3060
2981 3101
4481 4585
5527 5862
4942 4943
6 146
5539 5687
5506 5510
5733 5738
1311 1391
3804 3848
2102 2149
2188 2189
1333 1409
627 695
4433 4544
3674 3738
2874 2894
5587 5620
3333 3445
3006 3050
1005 1055
3489 3692
3857 3859
4593 4947
548 550
4445 4783
3901 3902
4785 5117
1738 1808
5019 5055
3790 3805
4208 4318
3103 3104
3922 3924
1121 1122
2614 2647
4658 5012
5554 5564
5633 5857
4864 5117
1445 1448
2223 2267
4676 4837
5056 5058
507 670
2227 2386
18 213
3206 3232
2834 2835
243 560
4441 5199
5566 5574
2345 2378
2911 3055
1457 1458
3186 4980
5096 5130
5348 5351
1566 1859
1511 1923
4852 5184
2039 2042
659 660
134 775
3885 3934
4831 4832
5070 5114
617 663
4550 4553
3170 3171
1969 1983
422 424
1119 1584
3739 3816
5041 5056
2832 2883
578 671
1751 1760
3702 3934
2463 2491
1883 1916
2936 2940
2855 3015
4606 4835
4501 4553
1175 1829
3704 3980
1175 1600
1340 1933
717 722
5746 5747
3764 3765
5476 5657
975 1017
2642 2907
4044 4048
5916 5929
2948 2950
2175 2209
279 496
3887 4101
4195 4217
4286 4335
2966 2967
4244 4338
2150 2152
3903 4045
1589 1590
1188 1246
2528 2741
489 491
1332 1934
4128 4163
2660 2668
1266 1314
411 571
1352 1354
3241 4111
211 217
1849 1931
1508 1638
4756 4900
3462 3521
3228 3354
1540 1590
793 838
1581 1591
2216 2627
1925 1926
4516 4918
3752 3768
4705 4854
963 1020
3411 3475
4782 5303
5598 5889
2504 2505
5772 5776
355 383
3815 3824
2182 2225
2715 2725
1127 1128
3773 3827
3272 3316
2737 2743
2382 4730
4863 5147
4044 4061
2796 2798
1079 1087
5127 5193
5767 5819
5753 5884
2840 2841
108 627
839 846
4046 4107
858 859
3177 3429
4244 4351
21 1382
3930 3932
3369 3370
1053 1071
60 61
3740 3771
1099 1150
3592 3644
4232 4233
1964 2123
3132 3134
5883 5886
2280 2625
2741 2983
4802 5029
1194 1195
3434 3435
5046 5389
1474 1478
4533 4575
4944 5378
5505 5674
5646 5650
4211 4295
5945 5946
21 1503
2375 2633
5365 5371
396 397
3202 3314
5535 5553
3988 3994
3353 3483
2226 2281
1259 1260
1338 1553
2231 2588
4287 4290
3354 4122
1711 1835
5317 5330
2349 2351
5676 5677
2068 2072
4444 5176
3439 3671
4860 4862
4994 5091
5140 5145
2485 2626
1551 1553
4524 4647
5016 5375
1155 1324
5227 5787
4587 4932
98 824
5755 5943
4413 4816
841 868
3501 3502
4674 4820
1761 1777
992 1037
4691 4760
4732 4798
3784 3827
4412 5345
4778 4914
5993 6000
3264 3266
2684 2691
1306 1907
2703 2704
103 121
5220 5784
6012 6013
1027 1031
5868 5968
106 126
1326 1327
1312 1392
4354 4357
5214 5215
1905 1906
4312 4360
2397 2405
2356 2367
4969 5384
1660 1846
4416 4417
2594 2653
2814 2922
3600 3602
5625 5954
178 187
11 1996
2698 2747
1277 1327
5757 5844
5536 5616
1653 1843
2802 2804
139 195
746 873
4516 5294
1119 1384
1458 1604
1224 1437
1248 1794
2158 2244
4675 5287
418 519
3644 3793
1256 1389
349 419
822 868
3661 3733
5502 5510
5961 6024
4194 4196
66 67
2225 2419
5205 5223
5685 5860
1227 1856
2242 2588
3651 3688
5657 5798
5564 5570
4184 4188
1362 1492
595 596
1615 1672
3382 3500
87 126
4767 4768
1785 1854
1205 1279
3502 4090
3505 3570
5346 5347
437 653
2985 3046
3090 3099
2424 2484
4862 5005
3969 3970
1715 1795
5617 5618
4249 4253
2869 2871
1448 1451
2427 2489
2308 2309
3927 3973
4147 4242
2156 4655
4764 5113
3171 3172
5330 5524
5877 5922
2788 2882
5102 5108
5682 5683
152 376
892 940
4305 4306
5752 5927
4642 5123
2870 2951
5337 5685
4024 4027
416 422
182 255
2023 2032
3463 3465
4858 5421
3507 3508
2086 2088
1640 1742
1451 1577
5914 5925
5974 5976
4458 5716
425 427
2665 2667
2517 2540
6018 6019
4602 4943
2176 2247
3401 3755
3036 3105
4803 4933
1202 1287
273 558
1381 1518
3373 3693
551 768
3271 3416
191 196
3398 3457
4898 4941
4736 4879
896 951
982 991
2169 2207
2422 2424
5450 5454
2141 2145
2294 2387
3001 3003
420 433
4267 4320
2099 2148
184 193
1063 1064
2016 2150
4951 4952
1343 1347
1510 1524
4550 4608
3681 3930
202 210
3244 3929
4954 4957
5121 5134
3519 3639
2557 2962
5814 5815
4093 4140
12 2072
3164 3411
4153 4154
4600 5368
3215 3642
5964 6025
4156 4159
1355 1357
2311 2448
5287 5288
3866 3868
2665 2680
717 777
1978 1979
3036 3118
4662 4970
2769 2774
2643 4584
1387 1511
2755 2839
1048 1062
1700 1742
1425 1537
1867 1919
129 792
1826 1881
3964 4110
1187 1894
1691 1693
5703 5876
2831 2834
3609 3653
4660 5311
5513 5981
5427 5712
112 559
5881 5882
2572 2839
1464 1650
2959 3019
4428 5153
5171 5197
4149 4277
1582 1642
2843 2844
4739 5311
4734 4967
4629 4914
5990 6054
1273 1530
4857 5303
3706 3707
2073 2108
5354 5355
5832 5882
2045 2046
3449 3822
5357 5360
3743 3774
668 669
2908 2909
5936 5939
547 608
313 441
5015 5071
2539 2554
5419 5420
3017 3081
3349 3591
4278 4283
2788 3029
4042 4043
2901 2906
3761 3764
153 159
5915 6001
5084 5615
471 505
4464 4675
2298 2347
4271 4280
1262 1263
682 688
4897 4971
5150 5151
1201 1253
4432 4871
939 1024
2552 2614
3168 4832
1783 1874
4097 4100
95 110
105 798
81 175
2975 2976
1027 1073
227 229
4401 4511
4463 5389
6006 6011
1598 1599
1818 1831
5467 5474
4378 4527
5486 5487
2738 2740
5766 5770
2177 2178
281 465
2397 2447
2361 2524
594 696
4966 5451
1361 1363
907 927
4688 4689
5120 5137
2571 2748
2 3
2395 2522
3890 3891
3074 3076
70 403
1372 1377
5637 6006
2043 2070
281 586
2170 3343
4740 5495
5131 5151
1380 1497
2209 3042
3262 3312
1660 1780
813 861
4452 4570
5861 5899
4333 4353
5806 5963
1222 1554
1162 1274
5611 5724
2689 2861
1268 1441
5079 5634
3475 3541
2054 2121
2692 2866
5880 5885
2007 2009
2518 2750
2771 2930
5025 5105
4178 4186
4785 4864
5618 5619
5024 5146
69 70
5189 5213
3795 3896
4227 4307
4521 4525
4526 4869
2685 2863
2580 2581
431 651
2912 3054
3960 3963
123 306
5776 5949
2022 2024
1870 1896
4970 5031
5954 5955
2301 2348
5150 5635
1229 1570
4252 4256
3312 3375
4293 4294
984 985
3136 3149
5156 5157
4600 4939
2635 2638
5226 5630
4533 5703
4314 4353
2198 2371
4410 4815
164 199
4602 4756
2981 2982
5066 5385
2587 2597
5448 5450
152 310
4859 5055
2490 2664
2457 2487
5170 5213
4208 4307
5266 5268
1558 1903
99 191
2960 3044
4694 4695
1986 2084
2165 2315
4300 4310
4778 5103
752 756
5265 5450
2574 3008
1335 1336
2563 2590
1634 1861
3036 3039
3783 3791
1293 1568
4669 5870
1914 1915
5577 5981
2705 2710
4804 5011
965 985
3804 3850
817 821
3004 3006
3076 3111
2322 2649
3215 3455
4755 4826
154 248
5455 5466
1226 1285
4567 4775
4839 5234
3857 4090
2250 2251
175 307
1049 1063
2214 2328
268 269
667 769
875 947
3069 3108
4717 4719
5278 5281
4761 4762
4854 4953
5033 5184
5580 5582
1452 1453
3059 3063
5851 5853
75 76
2289 4579
3963 3964
4889 4947
1174 1216
720 780
5854 5858
1401 1407
3212 3278
1445 1450
4418 4544
5330 5821
5490 5810
4695 5081
956 993
1744 1746
2821 3127
1183 1184
3167 3535
4196 4202
4302 4332
1747 1751
3722 3757
4195 4206
413 485
2433 2493
5060 5179
5516 5984
4585 4657
924 960
4394 5089
1825 1856
4936 5409
5118 5120
3504 3571
1388 1589
4557 4558
2155 2256
1300 1476
1847 1874
3180 3181
4828 4829
4207 4216
5177 5471
1519 1520
939 945
5306 5356
4270 4272
617 665
1615 1753
3574 3751
2593 2603
5566 5697
2832 2885
3458 3805
1977 2105
2059 2144
2257 2388
951 955
1751 1762
3229 3487
2936 2942
228 331
935 947
3796 3800
5983 5985
2674 2676
5185 5187
4624 4625
2186 2629
4596 4792
2208 2388
5229 5230
3247 3248
4033 4157
3233 3313
5681 5768
2892 3020
3499 3698
1018 1066
5758 5759
3117 3138
4431 4432
1336 1412
4018 4034
3268 3307
4400 4624
5480 5485
134 790
2176 2557
3800 3811
101 576
1357 1471
1651 1652
1830 1883
3239 3249
4504 4681
5243 5249
4725 5323
274 275
2920 2974
578 686
1925 1928
1243 1305
5549 5706
1583 1639
4243 4273
5288 5290
1225 1436
5875 5876
5 6
2904 3151
610 611
923 1071
1637 1646
4438 4448
5303 5421
1642 1724
3357 3362
3187 3439
3171 4892
3615 3657
4401 4566
3360 3367
5588 5590
4220 4225
5753 5886
1938 1988
5329 5824
949 979
1124 2000
1542 1722
902 904
2476 2566
5155 5442
4040 4294
3921 4114
2512 2748
387 458
5595 5714
4877 5434
1338 1434
1052 1077
1651 1665
890 1015
3992 3994
4517 4633
3868 3958
4420 4700
1994 2004
5173 5203
1565 1598
1152 1200
2210 2531
2898 2905
3521 4116
5871 5999
2375 2635
1776 1781
4403 4467
2636 2639
1256 1257
1129 1970
3202 3316
3833 4351
5535 5555
3353 3485
4007 4009
786 813
5989 5991
1338 1555
2599 2757
3726 3730
3545 3655
4526 4574
4006 4013
2750 2926
2423 2531
5289 5499
3255 3327
1185 1727
1708 1768
2386 2649
2928 2969
2673 2679
4060 4249
911 966
3865 4010
2210 2423
3801 4254
2493 2748
4227 4362
3721 3773
5526 5856
794 795
753 757
4732 4800
4577 4926
3185 4961
4797 4929
1788 1912
4236 4367
4883 4932
3518 4087
4168 4169
5954 6010
106 128
2186 2187
4906 5101
4653 4655
4892 4937
5258 5260
1650 1655
4002 4136
528 531
4880 5048
4460 4462
11 12
3039 3042
3899 3900
2478 2480
3558 3607
1662 1665
2288 4571
4869 4926
3788 4069
2802 2806
2439 2754
2969 2983
400 467
4428 4429
5780 6015
71 1460
1243 1681
3631 3856
5852 5854
4439 4524
4620 5353
2784 2937
1144 1150
4131 4142
5612 5613
2770 2773
822 870
4175 4185
4342 4362
4908 5002
1852 1910
926 927
3218 3394
236 480
5564 5572
115 190
3155 4506
5514 5980
3332 3910
856 868
1455 1456
87 128
1661 1790
3714 3746
880 996
4173 4260
3593 3685
3579 3787
5052 5168
5627 5628
4422 5001
3966 3967
3565 3623
2197 2295
1218 1220
4002 4149
1223 1335
2097 2128
2317 2360
2529 2539
3394 3741
4249 4255
2014 2093
3927 3975
3168 3169
272 295
2206 2263
2445 2545
5105 5179
5919 5921
5743 5924
2252 2904
142 185
4068 4365
548 607
1262 1936
152 378
1153 1212
1941 1965
993 994
5404 5448
1856 1857
435 437
2083 2085
3504 3505
3463 3467
4323 4325
6002 6040
2067 2077
5914 5927
4367 4368
945 953
2706 2707
2517 2542
2417 2604
5751 5906
4645 5544
6018 6021
3036 3107
428 434
2876 2889
4643 4717
708 717
240 383
6036 6038
133 257
191 198
3878 4096
4098 4099
729 776
1756 1811
1355 1467
4801 5010
5124 5442
3526 3644
3861 3863
5867 5973
1624 1628
4970 5462
502 504
3189 3241
3681 3932
1642 1645
3244 3931
4393 4663
4634 5018
5429 5518
6022 6032
826 830
76 1564
1686 1688
7 1959
2851 2953
1125 1126
545 551
3642 3977
4153 4156
4244 4274
2289 2661
1313 1591
332 443
258 265
1175 1657
4745 4970
1725 1801
557 561
496 551
2516 2559
6017 6038
1387 1513
1461 1462
2373 2510
1306 1588
1246 1308
3049 3059
707 734
3219 3470
3472 3650
5349 5350
3071 3077
3551 3714
3912 3922
710 776
3931 3935
3972 3973
2169 2222
5238 5253
5579 5583
5076 5191
1313 1712
1294 1470
2853 2854
3424 3875
24 448
1385 1588
1132 1179
1860 1881
3174 3175
5881 5884
2190 2281
2272 2320
376 378
4849 5185
3395 3588
3703 3704
5332 5827
3159 3311
2873 2954
4576 5026
5832 5884
2048 2053
1468 1478
2655 2731
1528 1529
3254 3319
3768 3769
5683 5761
387 392
4086 4344
5700 5701
5980 5984
1959 1981
4946 4973
5419 5422
3017 3083
1417 1432
5078 5129
730 731
2349 2395
3302 3481
988 1026
4420 4634
2307 2398
172 174
1892 1927
68 1514
4104 4105
4271 4282
4751 5673
1822 1831
5134 5145
4423 5319
4127 4237
2052 2064
2365 2524
4292 4341
5276 5494
5064 5086
3536 3540
2975 2978
3019 3021
4046 4056
2458 2459
1248 1717
1317 1322
2917 2973
102 236
921 1093
1776 1836
594 698
2361 2526
3276 3320
4348 4357
5122 5441
1973 2121
3993 4129
5548 5549
3251 3263
4171 4172
5358 5425
136 234
5781 6016
134 161
2794 2795
3255 3382
5869 5976
4387 4470
1996 1997
929 1038
5843 5847
327 475
1380 1499
3487 3890
3902 3903
813 863
5245 5669
2239 2398
3693 3729
4333 4355
1198 1199
5861 5901
164 188
5611 5726
403 470
1368 1610
513 867
5951 6060
5836 5844
1994 2072
4547 4809
218 653
1727 1728
273 360
2692 2868
3170 4893
1606 1667
226 285
2771 2932
2098 2129
4584 4876
1991 2003
1578 1605
2051 2054
630 634
2911 2912
2903 3088
1435 1556
4785 4866
4787 5464
588 637
3795 3898
3232 3492
959 1038
4199 4247
692 694
4816 5347
4611 4686
3443 3446
5910 5914
5951 5952
5140 5444
1666 1839
1229 1572
1265 1266
2065 2073
4293 4296
5717 5721
4015 4022
352 481
467 468
2547 2756
5279 5495
3426 3627
4639 4640
2390 2543
296 357
2937 2941
3797 3799
5729 5731
686 771
1821 1834
2420 4637
5448 5452
5728 5735
5747 5748
2180 2181
4546 4597
1325 1401
4670 4892
5167 5173
2204 2309
5291 5505
3730 3745
5263 5406
55 150
1622 1624
2988 3108
4070 4079
3729 3786
1420 1675
4133 4135
525 530
4300 4312
2849 2949
755 763
2195 2196
2329 2425
2854 3064
1293 1570
4672 5352
5443 5458
2774 2775
88 943
64 320
3073 3108
3763 4080
2125 2137
537 540
1311 1395
1397 1398
3004 3008
3510 3634
2202 2320
3683 3791
5285 5286
5846 5848
4963 5006
154 250
5886 5920
3066 3068
1464 1573
3651 3758
3668 3927
189 207
3069 3110
3110 3111
1675 1793
1716 1794
1587 1680
1974 2089
5654 5799
1733 1734
5967 6030
1311 1516
2763 3003
3639 3640
270 317
1237 1301
3711 3745
541 551
2614 2651
2841 2842
5100 5132
5399 5694
3212 3280
4265 4267
1211 1285
1464 1465
1125 1999
5094 5812
1983 2030
2895 3078
161 266
4182 4269
2607 2611
606 653
2648 2649
12 143
2285 2331
3864 4108
1825 1858
3177 3178
4603 4676
4128 4154
4188 4205
5007 5062
4040 4041
2039 2046
2393 2544
5177 5473
1519 1522
5779 6036
1505 1587
1137 1191
2396 2549
4717 4963
221 667
1002 1003
1181 1234
2967 3075
4030 4033
1425 1594
2593 2605
3546 3691
724 729
4612 4617
550 613
1023 1062
5221 5664
4376 4377
2955 2957
673 683
736 739
3404 3463
2437 2442
183 267
5369 5535
3975 4218
2915 3006
3302 3415
4283 4334
4733 5028
2147 2151
4733 4799
3826 3829
5118 5135
3870 3872
3161 3412
2528 2745
5835 5944
728 740
2306 2403
3940 4116
5072 5433
5480 5487
5 116
2773 2778
939 960
4504 4683
3819 3826
5180 5195
1871 1923
68 401
1250 1310
1291 1348
1651 1654
5999 6052
4374 4573
4682 4689
5583 5585
1134 1135
1614 1772
2741 2745
3601 3603
3587 3934
3692 3987
5626 5955
144 167
4741 5269
3977 4119
336 337
3364 3367
33 336
1127 1361
4243 4275
5246 5670
72 1459
2847 2848
70 1386
5209 5788
923 1073
4438 4450
1470 1471
3476 3544
3937 3939
3357 3364
5358 5359
5317 5321
4599 4812
4669 5551
672 673
1176 1667
2265 2348
1718 1721
3211 3246
4925 4982
1501 1723
995 1097
3488 3554
1762 1764
4109 4167
2042 2047
3253 3657
2544 2931
371 452
3800 3826
2198 2294
5653 5657
2385 2386
3330 3382
4443 4686
403 404
1101 1200
1433 1710
941 982
886 1046
2486 2697
4148 4243
4294 4297
3664 4130
4786 5025
1565 1600
4426 4453
1938 2111
4788 4869
5766 5948
916 925
3777 3778
1817 1821
5425 5426
1256 1259
3355 3560
918 971
2671 2864
4125 4232
1019 1023
2736 2993
568 858
5344 5437
4967 5450
122 246
4561 4762
2307 2358
507 582
139 186
4060 4251
4065 4366
2337 2466
5356 5676
1149 1254
915 1087
1894 1896
5782 5784
794 797
3289 3852
1654 1655
3545 3549
4577 4928
4377 4574
4685 4690
241 355
122 367
516 523
4215 4246
1202 1265
2214 2251
5660 5794
3547 3558
106 130
1312 1396
2559 2700
3046 3047
1086 1090
3469 3675
79 936
3004 3050
1369 1378
5474 5789
8 9
3158 4685
3899 3902
3665 3735
5091 5270
3692 4363
4442 4595
1961 1963
2802 2808
5338 5864
5780 6017
73 74
1081 1096
2540 2542
105 292
1812 1840
3145 3147
5958 6023
4633 5294
349 423
1207 1208
4732 5044
3113 3114
2712 2770
3844 4087
3954 3959
4372 4472
5022 5520
3957 3964
4523 4641
5514 5982
3747 4154
1362 1496
5624 5625
2876 2878
1441 1560
2315 2316
2967 2996
1372 1689
2332 2485
4173 4262
4448 4467
1223 1337
2317 2362
266 775
4622 4768
420 424
2344 2495
5812 6026
2758 3007
898 988
4635 5232
3477 4680
1211 1219
2343 2536
4031 4034
4883 5068
1109 1171
4407 4550
1353 1568
2093 2095
5102 5112
2332 2377
5733 5918
4480 4540
2271 2367
2510 2649
5404 5450
2556 2765
476 477
1281 1399
5221 5477
4381 4534
926 942
2946 2950
112 200
4933 5010
2844 2939
4905 4948
3291 3399
4643 4719
2876 2891
4481 4657
5756 5757
1334 1410
133 259
205 364
5299 5518
4895 5428
5519 5521
1070 1071
4724 4792
4581 5009
5694 6047
5563 5564
1506 1638
3526 3646
3861 3865
4608 4617
4919 5004
5578 5872
13 2005
4428 5144
2291 2322
3244 3933
3082 3117
251 372
891 961
1985 1986
3917 3918
4197 4201
715 735
3235 3295
3968 4112
4496 4497
3355 3360
3119 3120
4399 4564
4514 5305
557 563
5023 5182
837 846
5663 5808
1697 1704
4651 5310
2882 2884
4835 4902
2538 2845
320 327
1980 2029
339 340
4568 5312
3606 3652
4258 4332
4511 4512
944 945
710 778
3779 3809
1176 1480
3972 3975
830 843
1009 1074
1869 1932
3029 3082
4947 5308
5002 5015
3801 3827
4823 5013
2154 2330
5881 5886
5922 5924
4086 4225
2319 2397
2613 2615
3372 3421
1178 1297
5567 5696
1472 1478
3170 3472
4849 5187
1236 1238
2036 2045
2335 2378
4121 4219
5332 5829
1939 2112
1254 1255
2546 2561
5426 5427
438 440
5923 6004
3235 3308
3166 3474
5461 5650
1552 1888
1978 1996
2365 2405
169 171
2428 2461
3269 3306
1139 1426
3121 3142
2040 2056
493 497
4101 4102
2790 3079
4060 4064
4851 5088
1663 1840
2683 2687
3111 3134
3161 3480
2963 2970
4749 4811
5131 5142
1261 1537
1201 1257
1569 1653
392 859
5067 5386
5194 5198
6010 6013
5531 6015
1605 1606
4951 5440
579 685
4660 4739
6054 6056
3753 3769
3237 3246
1563 1609
4677 4679
4042 4168
4935 5203
3816 3825
3236 3250
807 808
941 1037
1128 1129
6047 6053
1565 1655
3879 3881
5986 6049
4159 4164
2523 2819
570 572
5785 5787
5623 5954
5802 5956
3897 3898
1361 1367
4348 4359
160 179
800 805
5686 5781
2520 2521
918 1026
1651 1843
4765 4913
2671 2690
2091 2115
3371 3559
1456 1604
5358 5427
5592 5594
5635 5964
2321 2577
5201 5214
65 1524
3654 3655
1166 1276
4233 4234
85 944
2817 2929
2182 2418
1416 1424
2856 2857
253 528
1435 1437
1261 1550
1715 1720
2240 2359
4726 5335
5323 5325
173 239
5307 5317
2778 2937
3946 3948
2619 2621
403 472
2297 2341
76 77
3085 3094
3563 3621
5836 5846
1994 2074
1114 1207
3213 3279
2504 2819
5539 5559
102 480
630 636
2911 2914
5318 5331
5139 5854
1770 1777
1789 1790
5961 5962
2000 2010
4281 4288
4586 4658
4300 4301
2879 2881
5040 5094
2211 2422
4611 4688
1791 1836
991 992
4451 4470
1755 1913
4816 5349
4542 4588
15 188
175 177
908 994
1185 1797
2467 2644
5146 5520
5613 5895
1630 1918
4252 4260
4293 4298
2197 2231
690 771
2603 2653
1844 1847
2842 2935
4296 4303
4628 4776
2102 2142
2575 2591
4600 4943
4147 4180
3218 3451
5499 5500
1005 1048
4317 4362
3517 3518
2937 2943
3797 3801
189 196
3838 3839
3188 4511
5849 6027
1307 1386
2260 2435
5448 5454
5219 5631
5728 5737
4307 4317
4785 5110
5566 5675
5747 5750
12 1997
449 537
5970 6024
2570 2597
3414 4679
3641 3675
5845 6029
3204 3408
2791 3010
4091 4140
2742 2825
3616 3618
3055 3056
4500 4833
307 309
3901 4016
4524 5190
1853 1909
2199 2317
1958 1962
1569 1921
817 825
5032 5108
3076 3115
4394 4851
5266 5275
968 994
2174 2260
5455 5470
5854 5970
2127 2148
1459 1460
3066 3070
2044 2150
3324 3631
82 83
3970 3971
5369 5403
5701 5876
4670 5365
5148 5175
4926 5062
1172 1174
5745 5919
251 306
1111 1164
1383 1586
963 1000
1295 1739
2155 4583
2477 2648
3289 4512
374 376
3581 3637
2841 2844
5826 6029
3080 3126
4133 4150
4592 4664
3391 3513
3599 3691
2398 2503
1725 1737
5383 5688
3635 3873
5350 5511
1816 1855
4791 5547
5897 5909
4835 4836
1526 1527
5698 5699
149 150
1429 1594
4037 4038
2275 2554
2275 2325
2225 2733
2581 2597
3426 3884
137 261
2857 2946
2709 2782
4541 4968
1181 1236
4930 6012
4780 5021
2142 2146
3739 3822
5841 5869
4950 5432
979 1021
5483 5932
113 843
2298 2393
1501 1591
5236 5237
3839 4174
4539 5080
2674 2680
893 954
1813 1863
5746 5753
5166 5178
3404 3465
183 269
5484 5487
114 169
5621 5758
4033 4161
4654 4737
1512 1871
3617 3694
1501 1712
107 395
14 167
3075 3145
3180 3427
3806 4118
65 398
5 118
132 159
3305 3607
5240 5248
5259 5261
3311 3358
1131 1132
35 226
4410 4498
5704 5877
5303 5304
4682 4691
2161 2401
5583 5587
721 739
125 156
5066 5068
3175 4894
3084 3086
1523 1592
5991 6055
3128 3129
3787 3997
2407 2578
1371 1494
2017 2100
5878 5885
3476 3546
909 911
1516 1589
3937 3941
3909 4108
5358 5361
2049 2052
5022 5146
1488 1490
1708 1759
53 172
5660 5662
672 675
3700 3705
4118 4218
4225 4344
3999 4001
3576 3669
3438 3439
5475 5653
3529 3594
4389 4452
3661 3713
2520 2576
1761 1770
4199 4291
937 1094
3390 3893
5073 5084
1162 1212
1263 1264
3200 3274
4335 4337
853 871
4607 4759
4648 4797
2353 2355
111 234
465 466
5384 5390
2273 2820
2402 2476
148 301
1660 1839
5648 5665
132 293
151 306
486 525
5778 5960
2736 2995
801 802
1768 1786
2826 2925
2485 2632
5752 5907
3312 3313
2221 2522
915 1089
5502 5503
1894 1898
2501 2576
2735 2743
2654 2818
4793 5043
1654 1657
2242 2581
1657 1662
260 599
3489 3619
77 892
1202 1267
2255 2291
3327 3328
4261 4364
5863 5896
4753 4826
5868 5974
18 19
1086 1092
3906 3907
1117 1159
4969 5390
3090 3092
5557 5560
2460 2696
4485 5048
868 869
940 974
665 769
4166 4248
852 861
2292 2294
3899 3904
3336 4959
1898 1909
3577 3853
4391 4595
4668 5398
3188 4566
5619 5620
1312 1519
4744 5393
5126 5229
5852 5858
2271 2356
5958 6025
1163 1167
2971 2996
349 425
2023 2025
3332 4961
3444 3445
4721 5180
1575 1606
4194 4202
627 635
319 482
646 648
2067 2068
4039 4328
85 86
3954 3961
3973 3974
4372 4474
4801 4880
4539 4880
5100 5176
5955 5956
4478 5129
2002 2087
2876 2880
5429 5617
2714 2818
3175 3176
1344 1858
1738 1748
1490 1683
1218 1224
1498 1507
982 984
3881 4092
3996 4079
4595 4667
2740 2992
541 716
1231 1688
5326 5869
3218 3519
3512 3737
5031 5463
217 363
2858 2947
202 203
4574 4729
5102 5114
2134 2135
933 947
3178 3568
3677 4218
2166 2316
17 194
2257 2434
397 415
4664 4888
4631 4711
1990 2090
476 479
2556 2767
1336 1337
5309 5592
4567 4955
5983 6031
3619 3984
1055 1058
5532 5866
1640 1748
2946 2952
5707 5867
1851 1931
2728 2729
188 197
5506 5813
1048 1055
2373 4487
3720 3743
5800 5802
518 597
5220 5227
3878 4100
5239 5240
5818 5819
830 832
429 488
5540 5582
4160 4163
3064 3065
323 506
271 316
3855 4089
1403 1404
3860 4167
4830 4897
2249 2327
5575 5576
826 834
2266 2267
3926 3969
3472 3533
5574 5580
4153 4160
4285 4316
2716 2732
283 326
1169 1173
5577 5585
5730 5864
4768 4958
1468 1469
2767 2963
3968 4114
3935 3937
368 370
3391 3581
3119 3122
4578 4797
3979 3980
3578 3636
4932 5066
5415 5708
1186 1527
3720 3756
3181 3182
1760 1762
3052 3068
1804 1805
1971 1982
2771 2789
4170 4221
1009 1076
2850 2853
5310 5362
4529 4797
4431 4491
5969 6001
81 986
3379 4631
1753 1759
1006 1007
249 799
4034 4037
3511 3767
4693 4905
4960 5020
2912 2913
2184 2211
2096 2098
2920 3033
1254 1257
2114 2115
1985 2001
2205 2270
3411 3536
1298 1300
4046 4047
5370 5534
2476 2504
2908 2915
2703 3449
93 178
60 230
1827 1829
459 501
3026 3136
1266 1267
5760 5948
4588 5269
925 974
5572 5668
5584 5759
4111 4112
730 735
909 966
1296 1375
3849 3883
3269 3308
5762 5765
4129 4166
4060 4066
3480 3491
1271 1318
4340 4349
1663 1842
1523 1539
2963 2972
4749 4813
795 800
1454 1668
1201 1259
640 697
1140 1249
579 687
4314 4333
5892 5996
804 805
1296 1496
4298 4300
4508 5101
4976 4977
535 617
2942 3034
3835 4069
807 810
3475 3534
5537 5539
5555 5556
6 7
3686 3717
3106 3142
4565 4625
916 982
3037 3042
2801 2802
160 181
440 464
3891 4122
2912 3047
799 811
978 1042
5312 5313
2230 2461
2003 2004
3011 3026
1368 1493
34 227
342 343
345 348
2898 3085
1205 1206
3672 3674
3092 3099
4150 4238
5824 5838
2221 2348
459 864
1734 1735
887 1045
3201 3271
4572 4870
164 192
3085 3096
1662 1832
3448 3673
1156 1206
521 695
3668 3676
5659 5663
4876 4988
743 744
5318 5333
3255 4446
1001 1039
3389 3443
2207 2305
2069 2075
2649 2650
4820 4827
1272 1273
4300 4303
4971 4996
4611 4690
5144 5153
2761 3093
1782 1789
1035 1037
1961 2020
2458 2826
474 475
2623 2634
1766 1781
2747 2929
4063 4067
4930 5638
3510 3854
3725 3779
3763 4071
2985 2986
4413 5348
984 991
5524 5833
1844 1849
4504 5237
4755 4819
6016 6021
1608 1609
3848 3849
4075 4077
71 472
2874 2889
2187 2188
4704 5002
4783 5295
134 528
4731 4876
810 811
4698 4699
1735 1798
1900 1902
4140 4142
5728 5739
162 775
2139 2147
12 13
2543 2762
1397 1510
3040 3043
1242 1636
3276 3579
2350 2367
4977 5053
2202 2203
1622 1628
113 361
1281 1335
1902 1911
541 542
3748 3803
5274 5276
2481 2527
5633 5852
544 547
5509 5816
361 840
650 714
4163 4247
6057 6058
1138 1929
3208 3300
3197 3636
5060 5172
430 647
1228 1859
4843 4945
877 878
5722 6045
5269 5282
3034 3120
3006 3058
79 80
2044 2152
3066 3072
409 480
3437 3510
1049 1069
942 943
1661 1862
83 953
3772 3988
5745 5921
3453 3454
1471 1472
2477 2650
1677 1806
963 1002
3215 3582
3702 3929
2062 2142
5964 5965
374 378
4589 4661
1234 1236
4847 5185
5122 5124
5573 5814
4864 5125
953 957
1278 1279
4306 4309
5457 5639
5350 5513
1656 1868
975 1012
5897 5911
1895 1921
157 794
2299 2499
3906 4109
4835 4838
5695 5696
3224 3752
1345 1454
2386 2387
657 851
3215 3703
930 946
1570 1572
3669 3873
5458 5460
3314 3416
5461 5465
5908 5925
5760 5761
538 607
2662 2672
1284 1888
2722 2723
1614 1763
4541 4741
4802 5011
6034 6037
5786 5935
5373 5537
5734 5745
2859 2957
2145 2153
3585 3586
531 604
1625 1629
4378 4454
4230 4327
1064 1067
6052 6054
355 378
5236 5239
5334 5545
2894 2951
4435 4436
3814 3823
3170 3529
3827 4058
5542 5696
114 171
1939 1940
3683 4050
223 343
3617 3696
2089 2113
129 156
1141 1142
4320 4341
2773 2782
1099 1145
3630 3894
63 327
3924 4112
1052 1070
4213 4215
4457 4575
4844 5250
1590 1648
4009 4156
2378 2926
3159 3491
614 615
581 667
1359 1486
2854 2855
3821 3876
125 158
2845 3035
985 1016
4873 4904
1477 1478
3084 3088
5365 5366
556 610
5991 6057
1261 1594
3272 3553
679 680
5713 5820
3146 3148
3325 3379
2017 2102
5298 5312
1750 1758
329 338
3536 3599
3166 4820
2796 2806
1208 1209
4203 4291
1152 1314
5338 5613
2499 2519
3719 3720
2232 4390
1979 1995
690 694
915 1078
1402 1425
3484 4082
2061 2064
3081 3140
2921 2922
3372 3612
5493 5672
5595 5720
3325 3500
4732 4793
3245 3248
2063 2110
5891 5947
1543 1549
2362 2406
4335 4339
853 873
3590 3956
4665 4739
4930 5451
3285 3320
4651 4804
4312 4355
5277 5495
5497 5498
5884 5944
148 303
509 511
676 688
294 357
3367 3618
1154 1215
3716 3772
4122 4231
4531 4924
739 744
1305 1384
2258 2470
2566 2586
2017 2115
4405 4519
637 696
57 121
2 185
477 478
2736 2997
4050 4062
922 1094
4967 5454
3430 4088
1661 1662
1458 1599
5833 5834
418 514
1454 1857
5958 6014
368 693
4666 5233
588 696
2341 2589
4175 4178
4674 4828
4896 5695
4092 4180
4880 4933
5113 5629
254 527
15 16
328 476
1221 1282
1202 1269
1381 1500
1766 1836
166 185
2312 2827
2526 2756
97 314
878 879
3906 3909
5351 5686
3950 3952
3389 3390
407 476
868 871
80 81
5900 5901
4668 5400
1731 1734
2550 2591
4599 5529
4731 4931
4938 4995
5858 5904
5743 5917
4588 4882
268 317
2821 2825
3354 3554
4808 4885
1439 1562
2760 2815
1812 1844
5060 5106
611 656
2051 2126
3491 3559
5015 5629
5552 5568
1163 1169
416 417
4812 5529
4834 5288
1388 1516
2883 2885
5496 5673
5340 5685
319 484
1613 1634
2927 2928
1506 1508
1786 1791
5012 5065
5705 5783
5416 5680
5397 5401
2964 2995
4017 4019
1 94
3428 3624
1334 1401
4486 4726
606 699
4412 4548
4673 4818
5967 5968
1242 1583
3 140
5257 5283
5689 5694
1281 1282
1231 1690
2468 2535
1208 1935
3259 3293
4465 4559
4031 4038
483 484
2950 2952
529 600
548 613
4308 4360
4744 5408
2994 2995
2593 2651
2507 2611
3219 3342
638 772
1130 1234
4024 4035
4631 4713
3743 3756
4567 4957
1814 1866
5914 5933
525 602
819 820
3171 3530
4386 4387
4845 4901
2725 2726
2236 2498
2962 3127
2382 4538
109 135
2208 2436
3495 3627
3588 3589
188 199
21 22
33 1308
4756 4829
5157 5173
4139 4143
1276 1409
3504 3632
3669 3699
5563 5568
3333 3750
2306 2449
1413 1414
833 839
3608 3689
1693 1697
313 315
4292 4321
3924 3925
5336 5525
1582 1637
615 616
2263 2264
4830 4899
5594 5820
5415 5818
826 836
3926 3971
3176 4705
1672 1759
4511 4624
4285 4318
1465 1466
402 508
4464 4549
4197 4205
5637 5638
4479 5086
162 267
1468 1471
88 89
2361 2506
1294 1355
3935 3939
2899 3084
2940 3122
1725 1807
4932 5068
2494 3035
3404 3522
670 673
4130 4151
4421 4852
4954 5315
4513 5084
5929 5931
153 154
5368 5369
2620 2622
2472 2495
1985 2111
2664 2665
9 146
3842 4098
3369 3420
382 391
621 673
5134 5138
5301 5315
3193 3194
426 434
1453 1469
1398 1533
2052 2057
3168 4827
274 565
3610 3711
4336 4340
2956 2958
4513 4976
5305 5422
3126 3140
1966 1990
5467 5469
1018 1019
718 727
897 958
737 740
4123 4232
3529 3530
781 783
2226 2331
4108 4109
4287 4340
3473 3598
271 452
2671 2681
5119 5136
2731 2732
3180 4773
4737 4805
5009 5264
95 226
3789 3834
1889 1891
3587 3885
5201 5205
4060 4068
1271 1320
792 797
6009 6013
3230 3318
2471 2512
5425 5593
5255 5670
5824 5827
308 455
5263 5265
4375 4574
2462 2463
2682 2695
478 866
4402 4448
5727 5894
5746 5944
832 869
3325 3326
2786 2789
145 168
78 932
804 807
236 286
2349 2522
1662 1821
3011 3136
4594 5143
5069 5436
5196 5211
3876 3880
1939 2129
172 301
5836 5837
2458 2694
3005 3092
5472 5789
2012 2119
2917 2979
2170 3459
916 984
157 178
1817 1880
5802 5960
4076 4170
3809 3826
918 1030
5040 5085
1544 1721
3638 3678
2555 2748
2863 2864
1433 1890
5781 6022
1101 1151
342 345
120 232
2541 2584
5374 5375
3953 3955
1186 1195
952 1028
2471 2754
2765 2972
4518 4636
4150 4240
4903 4972
3136 3144
4817 5686
2668 2810
3334 3388
4726 5339
407 410
1360 1496
1415 1432
1231 1611
1778 1780
1112 1165
2244 2482
5666 5668
4594 5156
1244 1321
5105 5106
917 926
5661 5799
989 1031
1543 1617
5146 5632
5611 5732
5108 5111
2095 2130
2401 2402
1821 1827
2895 2937
4426 4525
3810 4256
4994 5275
919 972
644 767
1105 1162
850 872
2204 2302
2930 2931
289 310
1108 1167
2350 2356
2460 2753
4070 4072
1154 1283
2649 2652
5961 5966
1286 1439
5441 5442
3199 3321
4073 4077
711 713
4611 4692
1316 1318
1354 1573
3124 3147
5204 5206
5624 5792
1895 1897
5527 5859
658 823
1960 2026
4673 4752
518 520
3768 4151
3544 4672
1844 1851
2281 2377
2740 2928
3848 3851
352 487
467 474
835 870
2927 2983
5007 5042
2192 2534
5095 5155
186 195
4536 5191
1643 1797
3241 3853
2343 2474
189 200
1670 1671
4803 4983
5218 5225
2981 2990
4753 4896
3860 3861
2199 2200
5805 5961
1187 1931
5543 5695
3282 3332
5274 5278
3259 3348
1731 1802
3701 4218
5853 5857
24 25
115 143
3222 3466
5897 5900
3736 3916
1214 1283
3901 4020
4775 4776
114 147
1167 1171
1784 1813
5777 5983
89 90
3337 3389
5689 5870
3595 3684
5909 5910
3034 3122
2581 2588
1179 1181
79 311
5339 5528
22 1497
5111 5112
1802 1803
3772 3990
5038 5536
141 142
1972 1985
2584 3007
2032 2036
4313 4314
1397 1525
2892 2894
2331 2332
963 1004
1245 1922
3702 3931
4825 5428
374 380
4842 4843
4501 4550
165 206
538 717
2138 2139
2871 2956
290 386
997 1002
3302 3408
4195 4214
279 493
1953 2093
3620 3983
927 943
1765 1813
4225 4322
3246 3247
457 499
3743 4053
3715 3991
5067 5311
3286 3585
3847 3881
2171 2437
2825 2961
3267 3306
939 953
3399 3462
101 571
4380 4381
4745 5031
4710 4781
4918 4959
3784 3798
5512 5698
4921 4964
3002 3008
3527 3647
812 848
2873 2894
113 847
2205 2206
5192 5198
4557 4687
5772 5773
4164 4204
4040 4168
1927 1932
506 512
3183 4776
1407 1408
3534 3542
2138 2152
3597 3598
1236 1297
3180 4707
5484 5491
2777 2782
1535 1593
4563 4623
2961 3128
3582 3704
3615 3652
2233 2389
4781 4782
139 166
4576 5316
5099 5128
677 781
3889 4120
1616 1703
1702 1706
4735 5080
5936 6002
4210 4212
2001 2002
5793 5953
1178 1477
4213 4217
151 176
3232 3298
1052 1072
3597 3719
4779 4857
4472 5380
5723 5894
3030 3083
5050 5091
1375 1496
5602 5604
1414 1424
1474 1475
3112 3152
3318 3486
949 1095
2337 2338
556 612
5086 5953
575 625
3603 3655
5613 5730
676 677
3988 3991
4848 4849
247 271
4466 4518
1539 1540
3366 3419
4006 4008
4644 4790
28 1395
4374 4929
3536 3601
1769 1773
4050 4051
2629 2631
4382 4524
2480 2508
4548 5496
1699 1714
1298 1370
1105 1204
1523 1717
3763 3765
3154 4438
915 1080
454 456
934 1093
1123 2012
3993 4190
1761 1774
87 928
5927 5940
2910 3031
2443 3565
3181 3494
48 182
2983 2984
3160 4603
4915 4916
2406 2451
6055 6057
1284 1556
1265 1314
4983 5279
1325 1328
2254 2811
1817 1827
2383 2467
2677 2685
2622 2749
4043 4169
5497 5500
294 359
808 809
1154 1217
2547 2575
5042 5630
38 110
1368 1671
5003 5379
4957 5034
5270 5494
2942 3104
1082 1085
5509 5510
1942 1943
5830 5831
3430 4090
1661 1664
4878 5384
3892 4121
3252 3266
5272 5274
3078 3150
1144 1145
4131 4137
3496 3626
4487 5233
4430 4470
4227 4370
5515 5675
4863 5520
1673 1674
5726 5895
895 1343
19 1938
4124 4363
991 1051
3097 3099
2536 2537
1722 1795
2857 2858
2601 2932
875 876
4445 4714
5527 5685
3283 4952
2765 3040
4749 5354
726 753
2543 2698
4425 4476
2837 2879
4002 4144
4950 5115
77 78
882 1000
2009 2010
641 645
407 478
2988 3048
3328 3382
4572 5169
5754 5849
3586 3677
5900 5903
1712 1723
3899 3908
1731 1736
5504 5674
917 994
1211 1212
631 637
1156 1276
595 714
1689 1739
2219 2722
1587 1728
2074 2075
152 373
2760 2817
413 414
1065 1094
5533 5557
2617 2768
4585 4586
416 419
2603 2604
3043 3105
4834 5290
2468 2645
5016 5038
1341 1443
2067 2072
2366 2368
10 145
3563 3814
115 198
3387 3854
4297 4304
1348 1567
4476 4535
4868 5059
1568 1570
1334 1403
133 252
3500 3502
5575 5675
5179 5180
2579 2597
3878 4091
3157 4560
3499 3506
3 142
4416 4669
3881 4096
3996 4083
701 709
1294 1452
3185 3575
1841 1850
5867 5968
3443 3870
6029 6030
2720 2721
6032 6035
1904 1906
1324 1331
4698 4769
5792 5794
61 1251
2593 2653
4747 4890
1201 1934
2598 2768
4843 5352
4815 5290
5725 5740
5510 5815
5904 5971
2136 2148
3402 3465
2053 2150
1074 1075
5807 5809
203 553
511 669
258 260
1679 1680
3405 3470
5619 5758
2195 2499
3717 3742
5570 5573
4756 4831
4720 5137
4799 5430
33 1310
1628 1634
881 882
1139 1406
2175 2261
5487 5804
5681 5818
4005 4145
3071 3072
1617 1704
3205 3301
3265 3352
5684 5860
1410 1411
2062 2091
3650 3688
3880 4150
2273 2274
1693 1699
2365 2506
5345 5347
119 451
1134 1183
4508 4621
2073 2105
1746 1747
4972 5250
5593 5597
2026 2030
1405 1417
1837 1865
1804 1917
2886 2888
3724 3758
4464 4551
4763 4847
5579 5699
5917 5923
1855 1882
948 949
1748 1756
1987 2038
4174 4223
165 274
4877 5363
1725 1809
610 661
1145 1197
5570 5815
1296 1366
1769 1815
3137 3143
3555 3656
1208 1253
2901 2903
1507 1586
5368 5371
1013 1014
5772 5949
457 567
2375 2793
1253 1935
2801 2901
4795 4920
6035 6036
2553 2570
426 436
3237 3239
35 285
1549 1704
5088 5438
5215 5479
105 795
4513 4978
4444 5107
4915 4958
894 955
2293 2387
4469 5137
1818 1828
4483 4806
1878 1879
2678 2686
4889 5494
2762 3094
2528 2927
5477 5664
3883 3993
4389 4390
5189 5197
786 863
2687 2691
799 802
16 164
909 970
5635 5957
2541 2573
2171 3565
3513 3672
2793 2794
1243 1489
3925 4111
5255 5672
5544 5546
4983 4984
1416 1417
1569 1659
1696 1700
3434 4776
5304 5305
6035 6049
2456 2916
5059 5208
618 619
4317 4342
1368 1376
5196 5213
2076 2106
5555 5560
5720 5893
2458 2696
3373 3490
59 103
2079 2111
3299 3312
5319 5320
5871 6062
229 285
5590 5783
910 912
330 337
3897 3904
3556 3611
4721 5105
3234 3560
5686 6016
4521 4522
5321 5329
5856 5902
5989 6054
918 1032
3600 3654
1420 1428
1365 1492
1618 1672
2860 2861
4226 4345
236 409
3326 4088
3577 3670
4284 4286
1268 1559
1483 1484
3723 3724
4508 4997
342 347
3549 3608
2626 2630
372 455
1339 1439
4252 4253
685 686
644 648
2383 2643
5893 5942
5392 5394
1242 1506
2589 2748
2083 2122
1548 1549
5436 5437
2473 2536
1618 1793
4746 4761
1005 1041
2058 2065
4594 5158
5072 5160
917 928
989 1033
977 979
1008 1046
2209 2234
2195 2299
1541 1546
2200 2414
5154 5458
5099 5788
4796 5521
4431 4871
419 422
1205 1331
4307 4310
2318 2406
298 361
1600 1601
4417 4936
5728 5730
743 748
1309 1388
4848 5159
1968 2027
3468 3740
500 761
4070 4074
5309 5517
1773 1788
1580 1622
5721 5727
3732 3786
1423 1675
4064 4259
361 831
4082 4084
1766 1785
312 417
2194 2195
2392 2705
4603 5247
4126 4127
518 522
4673 4754
4752 4818
5506 5509
2276 2530
817 818
3864 4090
3076 3108
4015 4030
3894 3969
632 772
1327 1334
4553 4608
4508 5360
19 20
2259 2297
3183 4631
645 711
3838 3845
4860 5519
1049 1060
2475 2595
548 549
4140 4146
1719 1794
1738 1807
3059 3060
1174 1213
1313 1520
4434 5532
5554 5563
4391 4667
4864 5116
5399 5689
5573 5576
1445 1447
884 885
4091 4146
1167 1173
587 598
5635 5636
2452 2732
4697 5353
86 87
430 651
605 652
1169 1219
2616 2840
5909 5912
2394 2498
3507 3573
2968 2999
4021 4023
167 197
1220 1221
2039 2041
2880 2886
3460 3461
2706 2770
1969 1982
83 957
3989 3990
620 667
702 706
2340 2383
705 711
2059 2141
223 442
550 608
5376 5533
3263 3297
1976 2106
3796 3797
2316 3194
5702 5703
4501 4552
3164 4752
165 208
5051 5184
5512 5579
3893 4632
2998 2999
2585 2601
4701 5071
279 495
353 444
3620 3985
4286 4334
3398 3643
2419 2568
1526 1533
2529 2965
4714 4781
3246 3249
4244 4337
4455 4786
5054 5374
429 439
3677 3701
709 722
1308 1310
2729 2730
1588 1593
2954 3077
3248 3295
3847 3883
4487 4738
1352 1353
4127 4166
538 611
101 573
5240 5241
1830 1880
450 498
4756 4899
5243 5246
2249 2278
2722 2727
1614 1767
3527 3649
3654 3690
3200 3254
691 789
724 737
3065 3066
1644 1646
3173 4814
1602 1878
1363 1367
1583 1636
3235 3248
2787 2792
2267 2268
4853 4953
5424 5708
3170 3533
5718 5889
4245 4279
890 891
3476 3539
1709 1711
3357 3359
2777 2784
3684 3717
2796 2797
2961 3130
5036 5074
5797 5953
1920 1931
3360 3364
4626 4910
4220 4222
3659 3660
92 93
4519 4555
5329 5821
102 286
1394 1592
915 1069
5889 5892
3721 3757
4793 4794
4478 5685
2179 2276
579 625
3597 3721
1484 1485
1964 2122
3132 3133
5240 5254
384 386
4472 5382
3610 3660
4582 4988
1695 1705
1975 1988
1359 1490
1474 1477
5046 5388
2334 2335
2532 2579
5505 5673
5646 5649
2191 2286
2232 2287
1504 1585
2337 2340
3197 3198
4570 4870
5648 5658
2847 2856
5708 5709
978 980
1986 2002
4006 4010
4331 4332
4976 5036
3329 3502
2068 2071
2386 2646
359 450
2914 3031
3788 3824
4373 4477
5539 5557
1551 1552
5002 5439
4205 4341
5439 5440
2691 2693
4964 5147
4642 4867
5227 5786
5755 5942
2410 2451
4062 4063
5576 5674
5763 5766
2193 2453
753 754
1780 1789
1833 1881
2432 2469
4641 4642
4778 4913
3264 3265
5635 6025
1521 1794
5775 5776
746 751
4560 4690
2466 2467
243 359
4312 4359
745 755
1650 1652
2154 4861
5538 5540
1369 1373
3556 3558
2594 2652
2814 2921
3600 3601
2671 2872
5625 5953
3538 4672
5840 5841
2583 2759
291 292
1898 1902
4179 4180
5803 5959
2821 3045
5536 5615
161 182
746 872
1661 1666
1081 1091
5833 5838
998 1093
2092 2118
4131 4139
2004 2005
242 292
22 23
1209 1276
1981 2021
3094 3096
2344 2598
346 349
1165 1206
2533 2534
5205 5222
5638 6013
29 413
411 478
3957 3959
2909 3050
1362 1491
2274 2539
2857 2860
1119 1504
367 408
4173 4257
2972 3106
1205 1278
446 472
5508 5674
5492 5666
2197 2292
4530 4531
3396 4565
5670 5672
1608 1668
2869 2870
407 480
4147 4241
3732 3733
4764 5112
4012 4016
423 424
3162 3351
1436 1561
4956 5053
1138 1867
3662 3674
4462 4481
4615 4760
5962 5965
152 375
2405 2591
2216 2426
3945 3962
2183 2249
2023 2031
3463 3464
2487 2660
4603 4605
5035 5053
1640 1741
5205 5464
5974 5975
4473 4532
2176 2246
1849 1851
2162 2311
3036 3104
4297 4306
4813 5354
5737 5739
1568 1572
2168 3294
5456 5460
3799 3800
3878 4093
5500 5503
4079 4083
4258 4314
4898 4940
5128 5631
3996 4085
2141 2144
2982 2989
3001 3002
253 255
3713 3733
3443 3872
2099 2147
5172 5179
1230 1469
4698 5000
5512 5513
703 720
1343 1346
5023 5056
529 604
4596 4723
1021 1066
4954 4956
5234 5239
826 827
4516 4959
4600 5367
2389 2596
5054 5537
4156 4158
589 591
715 730
28 29
1036 1051
2394 2445
3056 3059
3916 3917
93 158
5246 5249
1679 1682
557 558
1816 1916
3447 4112
1697 1699
2915 3056
2643 4583
3049 3056
4121 4322
5160 5411
1700 1741
1741 1742
2658 2905
1944 2101
3052 3061
1911 1924
3931 3932
3287 3867
4037 4328
1869 1927
2256 2336
4188 4268
898 1467
833 843
4081 4105
4408 4500
3133 3134
3267 3363
2959 3018
4514 5421
5476 6061
1472 1473
3891 3981
5410 5707
5004 5019
4904 5081
5171 5196
5644 5645
381 453
1475 1478
1695 1747
2189 2282
2400 2502
1125 1365
2873 2951
705 779
5856 5899
2606 2607
2205 2263
2886 2890
1644 1701
4450 4618
4763 4849
2048 2050
1468 1475
26 1393
4606 4902
1808 1809
387 389
1987 2040
2300 2500
2899 3088
3153 4402
4896 5378
51 174
3017 3080
969 1010
1010 1011
3555 3658
1521 1715
3341 3406
3761 3763
2474 2572
2780 2844
6001 6040
1350 1604
2298 2346
751 787
2375 2795
4192 4215
3283 4633
5035 5429
5549 5879
1394 1647
1602 1825
5711 5712
2328 2454
1822 1828
3262 3298
3007 3008
2319 2405
1572 1653
4913 4914
725 734
4486 5335
3168 4831
3536 3537
105 797
134 266
2486 2747
227 228
4676 4678
4115 4116
5027 5430
4120 4231
1152 1252
5030 5435
4978 5016
3018 3022
5249 5250
2322 4487
593 736
1940 1941
4094 4178
4567 4627
5409 5410
2091 2110
5778 6008
843 847
260 526
3209 3263
1120 1384
3967 4110
1966 2115
5314 5315
773 788
1372 1376
971 1032
2595 3040
3598 3718
4324 4347
4909 5037
2276 2277
3487 3887
294 295
321 398
1140 1255
1264 1550
252 527
1379 1500
1995 1998
4797 4981
1676 1723
3737 3769
2443 3622
2689 2860
576 624
4635 4919
1161 1314
1202 1315
3475 3540
4994 5266
883 1040
79 986
2870 2871
5898 5901
3422 3613
220 467
1209 1210
5686 6018
2308 2350
3960 3962
1967 2057
4281 4283
1222 1674
931 973
917 1038
2744 2917
2758 2815
5963 6003
4583 4584
2563 2576
120 236
4528 4648
653 699
5121 5162
2320 2360
2626 2632
3206 3207
1545 1546
1163 1215
4296 4298
5414 5680
127 131
2408 2409
3201 3277
3600 3777
4658 4879
4059 4062
3481 4085
1005 1043
4625 4702
4671 4818
189 191
2551 3397
4621 4997
1541 1548
6009 6011
2167 2239
897 1446
5448 5449
3810 4260
152 309
4472 4645
1600 1603
5351 5516
5211 5213
1968 2029
660 752
1281 1328
3734 4127
5188 5229
4852 5051
2992 2995
3852 3853
2830 2933
4423 4645
2742 2820
2623 2640
5627 5801
5527 5863
2392 2707
7 1998
1098 1099
2290 2430
3637 3672
3076 3110
3396 4512
3655 3689
300 301
4567 4774
4188 4189
580 584
346 417
1965 2081
2206 2207
2173 2259
3047 3052
3503 3857
1464 1570
2811 2812
3185 3282
3838 4076
75 1351
4841 5242
5070 5102
4717 4718
3313 3696
5278 5280
1969 1971
3634 3751
5561 5568
3739 3804
2139 2153
1199 1272
5805 5965
31 32
3191 3447
3103 3105
462 484
3922 3925
4875 5011
1174 1215
1215 1216
4381 4476
4779 5303
3806 3979
1404 1411
4621 5360
2305 2307
3583 3678
4182 4266
2024 2028
2227 2387
2939 3118
647 651
243 561
1972 2097
2433 2492
5764 6048
1345 1447
5679 5681
4258 4261
5118 5119
130 132
176 248
1809 1810
2481 2654
4021 4025
4988 5009
2080 2081
4320 4321
4547 5532
5452 5638
3409 3646
3882 4095
3574 3750
1282 1283
5734 5738
3444 3869
3425 3627
3351 3412
3523 3933
4612 4614
3263 3299
3848 3989
1022 1063
4229 4324
3164 4754
681 770
673 680
4721 4786
165 210
1128 1984
404 492
2319 2447
4905 5132
3939 3943
5746 5748
1131 1235
2437 2439
4770 4907
3285 3997
3173 3527
5074 5355
5468 5474
3021 3133
4286 4336
719 732
526 603
2947 2955
2966 2968
4387 4388
5127 5181
4464 4608
3743 4057
3903 4046
3977 3995
728 737
5521 5522
2226 2377
2171 2441
2773 2775
1266 1315
2825 2965
2212 2213
101 575
4858 4912
5209 5664
4480 4737
3112 3143
985 1009
37 38
4557 4691
902 1240
3263 3312
83 154
4271 4334
1943 1944
1583 1638
1129 1956
3773 4057
827 837
32 337
2329 2919
4512 4625
5424 5710
923 1070
5878 5880
4830 4971
3187 3438
5597 5601
2247 2557
2796 2799
5363 5434
2873 3019
4220 4224
218 463
2840 2842
4493 5551
3939 3945
2762 3151
3419 3421
4988 5264
4040 4293
1641 1700
841 856
2272 2506
3652 3659
4144 4350
904 912
1764 1770
3992 3993
4061 4352
2302 2348
3329 3383
77 874
1414 1428
3549 3652
4855 4856
3313 3375
2678 2864
2425 2455
5871 5998
5150 5447
4057 4058
2636 2638
4485 5030
335 351
3886 3947
3127 3141
486 520
1019 1020
5191 5192
5289 5498
103 230
3995 4119
3308 3418
4428 4644
185 299
3213 3329
1298 1374
2318 2450
2691 2695
3078 3141
1402 1431
2429 2466
841 869
2735 2738
901 920
3081 3146
5763 5768
4913 5103
2657 2818
4737 4877
2624 2641
236 237
2417 2577
4124 4125
5220 5785
2983 2988
815 816
2568 2746
2219 2592
5660 5791
106 127
1312 1393
4744 5267
3225 3275
3887 3889
3758 3775
4809 5396
4964 5041
745 757
5258 5259
454 810
877 913
1949 1950
2245 2766
5837 5838
321 466
1154 1221
1231 1670
1673 1786
3600 3603
4460 4461
2335 2925
1712 1714
1645 1724
4663 5049
3558 3606
5262 5672
2228 2533
4970 5206
2016 2125
3241 3670
1 195
5830 5835
3662 3663
400 466
166 299
5866 6017
71 1459
1680 1681
3304 3689
3832 3845
3431 3501
4439 4523
2092 2120
4752 4754
4043 4294
5272 5278
5552 5561
5717 5894
882 883
1701 1740
2427 4584
3762 3786
1487 1488
3218 3393
1893 1910
4539 4875
5375 5376
895 1347
3957 3961
5564 5571
3456 3679
889 1044
2169 3242
5514 5979
1947 2146
3593 3684
5907 5910
2765 3044
1779 1781
3565 3622
2985 3047
5953 6026
1157 1209
5969 5970
4947 5050
544 716
4764 5114
3198 3276
2255 2649
4311 4314
1002 1042
240 490
1969 2026
40 136
1153 1211
592 649
4809 5530
182 256
435 436
844 870
2136 2139
2616 2776
4928 4929
659 824
4432 4725
4325 4370
5163 5469
1849 1853
2816 2837
708 716
2774 2840
4005 4136
4939 4943
1350 1351
4557 4612
5238 5239
429 483
3861 3862
2720 2725
552 553
5512 5515
5209 5477
3624 3626
1329 1413
823 824
3063 3064
3340 3638
4162 4204
3794 3808
826 829
31 329
1046 1061
1686 1687
2419 2733
4134 4142
4153 4155
3157 4685
1405 1408
2289 2660
2855 3071
3168 3531
4436 4443
6024 6040
888 889
2567 2604
2825 3128
4413 4496
5567 5572
538 547
717 778
1978 1980
3409 3593
2915 3058
5589 5590
6017 6037
3049 3058
174 270
2373 2509
3508 3572
5160 5184
1939 1988
1180 1182
5566 5872
619 620
4571 4789
1911 1926
3931 3934
3163 3537
2043 2045
5238 5252
1702 1752
5076 5190
4928 5063
387 499
24 447
2407 2507
4564 5015
3399 3521
3349 3929
1398 1526
2272 2319
1119 2111
3401 4119
4918 5018
4811 4892
1203 1287
2261 2389
4921 5023
5468 5650
554 612
2606 2609
1818 1819
5558 5580
718 720
157 158
2908 2910
1915 1937
1808 1811
3165 3475
918 1010
2893 3016
4946 4972
4564 4907
2184 2327
4613 5257
5998 6000
1870 1871
6042 6043
172 173
4700 4916
4478 4803
4192 4217
4665 4666
5978 6058
212 215
2043 2058
5549 5881
4790 5075
2154 4784
2908 3031
5010 5078
1201 1254
1822 1830
5755 5757
3814 4005
2330 4717
4719 4870
5952 6005
1709 1889
3882 4176
4723 4792
241 394
4709 4857
81 176
922 1021
3816 3822
4855 4911
4396 4397
2620 2749
4975 4976
4445 4518
281 466
3026 3144
3688 3758
3377 3896
3258 3679
560 561
2800 2801
1379 1381
4688 4690
3811 3828
1423 1424
136 233
67 399
628 695
4929 4981
3329 3330
581 620
1768 1836
3934 3935
3450 3822
4398 4564
5637 6007
284 333
3804 3825
1416 1421
1588 1905
3487 3889
4103 4121
247 451
1780 1846
5326 5327
3693 3728
1451 1607
4773 4855
4226 4228
5606 5610
5861 5900
3665 3666
2076 2110
4528 4529
218 652
3948 3954
2007 2010
4419 5525
1446 1448
2098 2128
2526 2575
3106 3150
2724 2819
2051 2053
4384 4521
3154 4618
5024 5147
330 341
4820 4822
5045 5435
1060 1089
692 693
1299 1371
2390 2421
4824 5695
3855 3884
3566 3781
1766 1776
5286 5497
952 1034
1960 2019
243 537
2999 3145
5033 5051
1163 1217
5717 5720
2083 2126
5156 5158
4548 4750
1847 1849
3385 3854
2366 2414
1607 1608
4682 5238
2431 2580
3797 3798
230 231
4748 4811
875 935
961 975
2895 2943
2420 2421
4734 4876
2227 2255
2079 2128
1320 1322
3192 3395
298 365
5632 6026
1325 1400
3604 3605
1622 1623
4562 4769
500 765
1281 1330
3729 3785
1420 1674
2514 2699
3280 4447
1640 1677
2811 2922
2849 2948
2329 2424
3896 3898
5503 5508
3335 3336
1914 1916
88 942
5800 5960
26 27
4219 4322
1958 1959
2235 2496
2004 2075
2496 2766
2202 2319
297 298
3425 3495
3637 3674
3604 3726
5266 5272
4963 5005
1382 1503
1773 1913
300 303
2201 2360
1160 1161
2734 2823
167 188
346 419
3655 3691
4455 4535
4740 4933
5609 5611
5853 5971
5278 5282
1049 1064
3951 3955
4808 5067
362 363
2461 2664
5075 5182
2299 2602
3285 3636
4434 4597
5668 5696
592 596
1032 1097
1292 1465
1971 2019
3963 3965
3402 3403
3185 3634
3498 3865
93 94
1965 1975
3704 3970
4265 4266
5330 5822
22 1382
3511 3575
1744 1747
1164 1172
2604 2605
3736 3922
5162 5457
5668 5817
1747 1752
4028 4030
3560 3696
4821 4898
3219 3403
545 605
5598 5987
1259 1934
2039 2045
2880 2890
3047 3067
2940 2941
5927 5933
1505 1586
5677 5758
221 666
469 502
2709 2779
348 441
2662 2667
4269 4277
4651 5362
1614 1758
2142 2143
2961 3000
5110 5122
2233 2261
2178 2325
3260 3296
3444 3871
724 728
3351 3414
1751 1763
4032 4041
6033 6036
4897 5014
2421 2497
2674 2677
3220 3345
2437 2441
183 266
3044 3119
3021 3135
1292 1599
2947 2957
5127 5183
1018 1067
259 261
3466 3522
1630 1823
4018 4035
3870 3871
2154 4718
308 382
3627 3884
2221 2264
1146 1252
3594 3707
4449 4450
280 320
2773 2777
3179 3428
4559 4618
4020 4044
1945 2100
3483 4105
1651 1653
1830 1884
3225 4069
4533 5383
1695 1696
4162 4164
554 559
34 35
2274 2275
3021 3027
3898 4054
6033 6049
3065 3070
897 898
1864 1882
5783 5874
1822 1885
1407 1414
1973 2054
385 457
4578 4981
5008 6026
5875 5877
5952 6060
2404 2506
4646 5381
3297 3312
329 333
3357 3363
4766 5109
3171 4893
628 629
227 285
2288 2331
4148 4350
4915 5017
1166 1207
3351 3548
3939 3947
1556 1887
5711 5890
4016 4167
5802 6008
4991 5012
4592 5266
2333 2747
4609 4681
2042 2046
5653 5656
1052 1078
458 568
3204 3205
5652 5660
4943 4971
4836 4845
292 801
1128 1302
5715 5716
4294 4296
2320 2404
18 1989
1117 1143
2304 2396
5150 5449
4389 4570
4189 4216
3540 3541
3707 3718
4627 4856
4727 4794
5028 5954
1819 1829
577 640
4424 4527
6007 6009
2438 3564
4475 4987
62 231
1975 2113
4561 4761
1185 1728
1321 1323
1147 1436
2675 2753
3346 3675
3865 4011
5253 5254
938 1033
224 229
124 291
3298 3375
1149 1253
5636 5958
2429 2468
1894 1895
5763 5770
5782 5783
5202 5208
233 234
1852 1898
2473 2474
3273 3318
4410 4750
4685 4689
282 584
516 522
89 943
815 818
1947 2135
3160 4609
658 871
3206 3264
4 118
5525 5605
1325 1334
745 759
4969 5387
3370 3372
3628 3896
3416 3488
154 291
321 468
3158 4684
2528 2531
5721 5894
4207 4246
324 473
2099 2125
3174 4894
4461 5065
1216 1283
2802 2807
634 635
400 468
4522 4523
4878 5390
353 356
1172 1213
1812 1839
2452 2657
2540 2541
2271 2353
4597 5865
91 127
1144 1151
5552 5563
1682 1729
2721 2818
4908 5003
1487 1490
926 928
1726 1735
2712 2769
3938 3950
4542 4882
5163 5458
3456 3681
3155 4507
3203 3272
5825 5843
689 692
2002 2084
2876 2877
128 130
5429 5614
367 412
4747 4762
5387 5388
3625 3904
4986 5044
3482 4084
1218 1221
4664 4993
2317 2361
4829 4831
1009 1047
701 702
921 934
3729 3732
272 296
4652 4875
3212 3213
5452 5453
3289 3396
4063 4251
2401 2476
501 762
2461 2490
3648 3743
2213 2425
4355 4359
2507 2606
1485 1686
210 549
2180 2248
4893 4937
5585 5982
5981 5982
1157 1332
5722 5987
2509 2652
1616 1617
181 262
5628 5800
4556 5288
5540 5687
2173 2208
3405 3463
1058 1060
4886 4934
5751 5907
3805 3848
1637 1676
3077 3109
2709 2713
4990 4991
4594 4762
2774 2842
205 363
4673 4826
707 722
1612 1619
4568 5298
1631 1632
2284 2426
2210 2211
176 305
3280 4636
3927 4218
1394 1396
5867 5974
4141 4147
552 555
4979 5017
3511 3751
4292 4316
4872 4891
5152 5174
5691 5977
5484 5647
5341 5864
5589 5700
35 36
1642 1646
1461 1571
2472 2598
2546 2547
5049 5463
116 146
5035 5299
5057 5058
3421 3713
1855 1875
4680 4842
19 213
2954 3015
3207 3232
4826 4896
538 778
5106 5179
2819 2827
2943 3122
1656 1931
4144 4273
4421 4847
5102 5111
6017 6039
3596 3687
1387 1514
1461 1463
2882 2883
4420 4622
4936 5707
3215 3995
3972 3974
2771 2786
5651 5652
2084 2085
1050 1074
2256 2340
1313 1713
621 668
4086 4224
426 429
2613 2614
579 671
2019 2104
1472 1477
3492 3714
3442 3893
3588 3947
1203 1289
3476 3477
5124 5125
463 496
2469 2569
4444 5100
1046 1076
2546 2560
572 668
37 95
4326 4327
5558 5582
97 109
5683 5762
201 203
3528 3529
937 1025
4591 4746
2151 2152
730 732
21 272
2970 2972
3302 3482
260 517
1521 1719
5418 5427
908 967
65 1510
347 442
4631 5313
6042 6045
2798 2902
2043 2060
1597 1714
3111 3133
5222 5488
5549 5883
26 1518
795 797
2641 2918
4683 4685
392 858
3253 3711
5526 5899
4452 4789
794 838
4951 5439
2253 2284
3753 3768
2511 2579
5773 5776
384 445
1709 1891
3185 5004
1676 1714
5215 5485
3756 3773
2469 2582
5951 6048
3236 3249
3981 4120
3434 3493
4934 5206
1947 1948
1565 1654
3225 3319
3037 3039
2770 2924
4881 5087
1001 1023
2014 2123
560 563
3679 3940
3316 3888
5592 5593
3011 3023
136 235
2283 2284
5261 5493
3967 4114
3700 3770
4813 5037
1100 1150
1485 1486
1430 1550
3823 4069
1242 1499
1228 1601
1696 1706
5843 5848
1715 1719
5884 5886
1415 1427
173 238
2014 2015
2599 2934
2619 2620
2970 3106
2228 2469
1335 1434
1777 1779
5402 5553
595 641
4547 4810
139 361
2508 2523
5388 5389
639 684
2444 2767
5539 5558
2098 2130
102 479
2911 2913
2350 2351
1770 1776
2630 2634
2501 2520
2308 2354
3440 3671
5293 5502
4658 4991
5040 5093
3223 3673
5100 5107
4816 5348
1552 1553
3212 3255
1791 1835
4064 4252
977 1093
4611 4687
650 698
5724 5725
4588 4932
175 176
2623 2631
5443 5446
5140 5445
4302 4309
754 755
1666 1840
1960 2021
2433 2470
845 873
3725 3776
4047 4056
1765 1782
4950 5055
1163 1219
3265 3266
4263 4354
94 187
4741 4881
6016 6018
1888 1889
3034 3104
2707 2709
2841 2938
747 752
4147 4179
1299 1494
1244 1558
2791 3117
4339 4349
5155 5164
516 590
3797 3800
3841 4072
4388 4470
3280 3281
5728 5736
532 534
96 647
2529 2824
5211 5217
3669 3736
541 768
2296 3296
4517 5294
2292 2588
3374 3559
3806 3970
5081 5107
1366 1376
4391 4660
4993 4994
5509 5813
1684 1685
3396 3577
3222 3461
3616 3617
3736 3911
823 868
2263 2301
5443 5459
5503 5510
114 142
587 591
4195 4196
4678 4838
1309 1515
2045 2078
5285 5287
3683 3792
4724 4725
3342 3462
1616 1672
5288 5292
3696 3731
88 126
4188 4193
5155 5177
2020 2021
3503 4090
1385 1510
1206 1279
1679 1728
3066 3069
3699 3736
5908 5909
1214 1399
362 365
892 1348
2549 2550
2208 2257
2428 2489
513 534
3928 3973
3780 3809
5745 5918
2477 2647
1751 1752
3289 4511
2155 4582
3889 3981
4823 4825
5969 6040
4262 4263
893 940
1175 1821
805 827
4265 4268
1832 1862
2398 2502
1558 1559
1725 1736
703 779
1744 1749
2184 2250
2843 3118
5042 5128
5800 5811
1241 1357
914 999
2008 2024
2648 2650
974 1013
3154 3239
4028 4032
12 144
3219 3405
2713 2779
4195 4209
891 1015
56 150
4018 4024
1976 1991
2160 2566
162 317
5076 5126
4040 4042
2572 2776
2940 2943
925 1013
2396 2550
4808 5311
491 492
5224 5226
3240 4632
494 497
3002 3003
3112 3134
113 842
3005 3008
1625 1626
204 206
1224 1282
1262 1537
4431 4543
2103 2153
5192 5193
448 566
742 784
2342 2435
5472 5476
1022 1067
2820 2962
3286 3701
640 736
4955 4957
2558 2962
4394 4395
13 2072
183 268
463 551
3747 3766
2312 2448
1639 1645
1238 1301
281 510
3161 3413
4035 4169
4730 4731
1982 1984
2221 2266
4435 4554
5101 5132
1426 1537
5359 5427
3965 4110
44 45
1618 1707
1291 1349
3698 3766
4531 4787
329 443
3610 3653
3923 4113
5583 5586
5022 5024
4860 4962
894 895
3184 4713
125 155
1713 1715
4832 4900
5011 5131
5885 5887
5062 5591
2454 2918
107 515
5645 5646
5991 6054
5246 5671
1264 1596
1866 1930
1145 1150
2225 2277
5317 5322
2610 2613
208 274
3747 4008
1488 1489
5660 5661
1166 1209
4777 5314
3999 4000
4840 4845
690 691
4592 5268
1402 1422
4862 4863
3253 3658
3580 3787
500 567
3380 3433
1305 1489
1780 1782
5933 5941
1484 1491
2492 2513
2385 2387
3371 3613
4701 5440
1824 1825
5776 5994
2063 2107
3742 4051
1543 1546
4335 4336
4607 4758
1007 1014
2344 3517
3777 3779
3744 3831
2677 2680
3537 3538
220 405
2460 2682
44 179
486 524
3378 4713
3352 3492
4400 4401
4995 5779
6007 6011
2739 2740
876 975
1318 1320
5757 5836
2049 2064
5517 5595
1708 1771
741 750
507 583
5013 5567
3994 4127
658 752
938 1035
3832 3836
124 293
564 565
1223 1433
3315 3317
2754 2755
5782 5785
1940 2013
1212 1274
5119 5441
2455 3102
3632 3667
5129 5634
1956 1957
796 807
106 131
4154 4237
5071 5629
4547 5780
1098 1145
1232 1374
2557 2820
1158 1159
6039 6057
1223 1554
3090 3091
454 814
3864 3909
5049 5089
4166 4247
4668 5397
2099 2127
3577 3852
623 771
4198 4199
2775 2935
2623 2807
5622 5624
2055 2057
1941 1955
2760 2812
432 651
105 293
3400 3401
2271 2355
4824 4826
2023 2024
4922 5169
4142 4240
1767 1775
1726 1737
2913 2990
3954 3960
3176 3629
1225 1226
5100 5175
4542 4884
4965 4987
5397 5398
1956 1970
2964 2992
3516 3734
5163 5460
689 694
128 132
1532 1908
4066 4366
4541 4659
1826 1860
3400 3522
5907 5914
1784 1863
1190 1390
1498 1506
2122 2124
701 704
921 936
1841 1845
5031 5462
3393 3519
2512 2538
2858 2946
3410 3688
4798 4931
4072 4073
4165 4264
1324 1326
703 713
763 764
1109 1172
1969 2030
548 610
3576 4623
4407 4551
5281 5344
2846 3057
5042 5062
3274 3275
5082 5629
5309 5820
803 836
1990 2089
2556 2766
2616 2780
2564 2590
4137 4138
9 1995
4381 4535
5628 5802
3727 3745
4367 4371
4666 4667
1278 1331
2665 2672
2706 2710
4712 4783
304 371
4951 5294
1656 1920
5507 5512
257 259
1513 1871
2915 3049
2194 2498
157 846
3514 3637
3868 3869
2846 2949
246 366
4047 4366
5141 5162
5160 5175
2658 2898
3052 3054
3038 3119
5220 5226
4557 4616
5002 5003
3460 3522
1693 1694
2393 2600
3267 3356
5581 5582
3905 3909
32 33
4292 4318
2783 2785
983 1009
4149 4269
1227 1635
2442 2492
895 896
2249 2326
3195 3224
4942 5366
210 564
3453 3519
4153 4159
187 846
5491 5810
4285 4315
1644 1694
402 505
5725 5748
4197 4202
5035 5301
1036 1057
2015 2095
2600 2785
3968 4113
368 369
3699 3925
5328 5523
1646 1740
610 656
1637 1691
2882 2885
3742 3743
5734 5918
540 560
2900 2902
930 1011
5651 5654
2084 2087
5931 5937
621 670
5134 5135
473 506
4982 5007
4509 5083
725 727
5465 5649
5644 5651
2483 2735
4577 4729
2096 2097
19 1504
3236 3238
3233 3492
5643 5655
466 503
746 786
2678 2681
1757 1813
5370 5533
1196 1251
4933 5495
4982 5128
5218 5664
3234 3313
2893 3020
2346 2393
3325 3431
2172 3260
2671 2678
2805 2907
3767 3813
2110 2116
3011 3012
1590 1592
1029 1030
4967 5264
908 969
1128 1238
1290 1825
5280 5495
4060 4065
4101 4103
2733 2738
3590 4116
4851 5089
2213 2214
5481 5485
4651 4735
3543 3775
231 232
5711 5947
4403 4404
4757 4902
5244 5249
3578 3998
2745 2977
1673 1711
68 470
3863 4167
38 39
5864 5896
4663 4745
3116 3149
3415 3482
4645 5334
3566 3880
4373 4646
5300 5302
5604 5942
1991 1993
5623 5955
5879 5881
3078 3079
5318 5319
5304 5421
368 624
3355 3616
1861 1883
440 463
3941 3942
333 337
2520 2522
2781 2792
3361 3367
1420 1423
577 697
2091 2116
4649 4931
1423 1428
5657 5953
3143 3144
5715 5894
3934 3939
892 974
345 347
1186 1192
3760 3786
4233 4235
5654 5655
1342 1439
5015 5439
27 415
459 863
3334 3385
5307 5318
1124 1482
2874 2875
2390 2762
2058 2060
3479 3480
2297 2342
277 297
497 566
3214 3734
989 1028
1156 1205
1777 1781
2637 2639
3203 3316
4404 4467
2458 2933
2315 2359
4008 4009
5070 5082
1260 1262
2867 2872
4634 4700
699 700
919 969
5539 5560
1977 2071
2235 2595
4384 4525
4871 4872
5139 5855
3210 3211
1968 2022
4208 4299
462 464
2069 2074
5087 5436
2308 2356
319 415
5040 5095
4073 4074
4740 4803
2973 2975
2211 2423
2412 2413
4998 5098
3876 4240
5008 5520
2310 2402
5163 5165
4734 4988
240 536
5627 5794
18 194
754 757
2626 2638
119 246
4379 4531
5487 5491
1872 1910
4425 4647
798 800
924 939
1765 1784
237 238
4597 5693
4996 5402
1295 1377
5786 5787
6016 6020
1613 1915
3748 3910
4147 4181
3218 3452
5955 6010
3393 3453
5499 5501
5798 6026
5072 5168
3611 3612
4165 4198
3838 3840
189 197
1950 1951
529 531
532 536
666 765
2183 2418
5865 5972
5230 5461
163 181
4485 5344
434 644
5633 5851
404 472
2484 2531
1684 1687
3162 3412
5364 5397
5858 5969
161 256
1293 1573
246 300
3914 3919
3604 3730
2257 2259
369 370
4768 4999
5329 5332
654 768
1707 1792
3665 4154
2154 2252
4174 4260
2880 2881
5347 5349
1503 1504
1049 1068
2494 2845
5391 5392
61 1193
3569 3628
4250 4255
4670 5366
174 316
5948 5983
1631 1918
430 767
4626 4771
5920 5921
113 831
2243 2482
5321 5821
5744 5924
3884 3905
5923 5926
1487 1681
4035 4037
4847 5184
1234 1235
2374 2376
593 650
2272 2365
1725 1738
937 948
3105 3120
5985 5986
5897 5910
4885 4887
436 437
3464 3467
5165 5466
438 483
1429 1595
2523 2620
2196 2262
3810 3811
2710 2712
3715 3988
4661 4886
308 373
2792 3010
5378 5695
137 262
3251 3295
4753 5377
3486 4101
1356 1467
4102 4104
4728 4795
3002 3005
5786 5934
5734 5744
1672 1703
2859 2956
2164 2165
1625 1628
4395 4851
6052 6053
1064 1066
2215 2625
1344 1349
5236 5238
2390 3151
1927 1929
640 738
