1 2 40 51 108 
1 2 44 51 60 
1 2 3 44 60 
1 2 3 44 60 
2 3 4 5 44 
3 4 5 44 232 
3 4 5 223 232 
3 4 5 223 232 
3 4 5 6 232 
3 4 5 6 232 
3 4 5 6 232 
4 5 6 228 232 
5 6 56 228 232 
5 6 7 56 228 
5 6 7 56 228 
5 6 7 56 225 
6 7 8 56 225 
7 8 56 59 215 
7 8 9 143 215 
7 8 9 59 143 
8 9 10 59 67 
9 10 11 67 171 
9 10 11 67 171 
10 11 84 171 183 
10 11 12 171 183 
10 11 12 176 183 
11 12 13 176 183 
12 13 76 176 183 
12 13 14 76 176 
13 14 75 175 176 
13 14 15 75 175 
14 15 75 161 175 
14 15 16 42 161 
15 16 42 161 177 
15 16 17 42 177 
15 16 17 42 177 
16 17 18 42 142 
16 17 18 42 142 
16 17 18 19 42 
16 17 18 19 42 
17 18 19 42 68 
18 19 20 42 68 
18 19 20 54 68 
19 20 21 54 68 
19 20 21 54 55 
19 20 21 54 55 
20 21 22 54 55 
20 21 22 55 58 
21 22 23 55 58 
21 22 23 24 58 
22 23 24 52 58 
22 23 24 52 58 
23 24 25 46 52 
23 24 25 46 52 
23 24 25 26 46 
24 25 26 27 46 
24 25 26 27 46 
25 26 27 46 136 
25 26 27 46 136 
26 27 46 136 149 
26 27 28 46 149 
27 28 46 149 194 
27 28 29 149 194 
27 28 29 62 194 
28 29 30 62 182 
29 30 62 69 182 
29 30 31 69 182 
30 31 69 174 182 
30 31 32 70 174 
31 32 70 73 174 
31 32 33 73 174 
31 32 33 73 167 
32 33 34 73 191 
32 33 34 65 191 
33 34 57 71 191 
34 35 71 116 191 
35 36 71 109 127 
35 36 71 109 127 
35 36 71 127 130 
35 36 37 127 130 
36 37 66 127 130 
36 37 38 66 130 
36 37 38 66 130 
37 38 66 129 130 
37 38 39 66 129 
37 38 39 122 129 
37 38 39 122 134 
37 38 39 122 134 
38 39 121 122 134 
37 38 39 66 122 
38 39 40 66 122 
39 40 66 106 108 
1 39 40 106 108 
1 40 51 106 108 
16 17 18 42 177 
41 82 87 94 98 
16 18 42 68 74 
43 51 60 90 100 
2 3 44 50 60 
2 3 4 5 44 
45 52 62 91 96 
25 27 28 46 80 
25 26 27 46 136 
47 78 106 107 108 
39 40 53 66 106 
37 38 39 66 122 
48 54 68 81 88 
49 55 72 88 97 
16 17 18 19 42 
15 16 17 18 42 
18 19 42 68 74 
44 50 56 59 90 
1 2 51 60 108 
1 2 3 44 60 
3 5 6 44 56 
3 4 5 44 232 
3 4 5 44 232 
2 3 5 44 60 
24 45 52 72 80 
25 26 27 46 80 
25 26 27 28 46 
24 25 46 52 80 
53 57 66 77 106 
37 38 39 66 106 
39 40 66 106 108 
37 38 39 66 122 
37 38 39 66 122 
37 38 39 66 122 
37 38 39 40 66 
37 38 39 40 66 
38 39 40 66 106 
37 38 39 40 66 
19 20 48 54 68 
21 49 55 58 88 
16 17 18 19 42 
16 18 19 42 68 
18 19 20 54 68 
6 7 50 56 59 
1 2 51 60 108 
1 2 3 44 60 
1 2 44 51 60 
1 2 3 44 60 
4 5 6 44 232 
3 5 6 44 56 
3 4 5 6 44 
3 4 5 44 232 
2 3 5 44 60 
23 24 52 58 80 
24 25 26 27 46 
24 25 26 46 80 
36 37 53 57 66 
53 57 65 71 77 
37 38 39 66 130 
37 38 39 66 130 
39 40 66 106 108 
38 39 40 66 106 
1 39 40 106 108 
1 39 40 106 108 
37 38 39 66 122 
19 20 21 54 68 
21 22 54 55 58 
22 23 55 58 72 
18 19 20 54 68 
6 7 44 50 56 
50 56 59 67 90 
1 2 51 60 108 
5 6 7 44 56 
2 3 5 6 44 
2 3 5 44 60 
1 2 44 51 60 
2 3 44 51 60 
23 24 25 52 58 
23 24 25 46 52 
22 23 24 52 58 
36 37 53 66 130 
36 37 53 66 130 
35 36 53 57 71 
1 39 40 106 108 
19 20 21 54 68 
19 20 21 54 55 
18 19 20 54 68 
20 21 22 55 58 
21 22 23 55 58 
7 8 50 56 59 
1 2 44 51 60 
1 2 40 51 108 
1 40 51 106 108 
5 6 7 50 56 
6 44 50 56 60 
2 3 5 44 60 
6 44 50 56 60 
6 7 50 56 59 
6 7 8 56 59 
6 7 8 56 59 
1 2 40 51 108 
5 6 44 50 56 
6 7 44 50 56 
3 5 6 44 56 
6 7 44 50 56 
6 44 50 56 60 
7 44 50 56 59 
7 50 56 59 90 
44 50 56 59 90 
7 50 56 59 90 
43 44 50 51 60 
7 50 56 59 90 
2 44 50 56 60 
7 8 9 56 59 
7 8 9 56 59 
7 50 56 59 90 
43 44 50 60 90 
2 3 44 50 60 
7 8 59 143 215 
43 50 51 60 90 
2 44 50 56 60 
2 44 50 56 60 
43 44 50 60 90 
61 82 84 98 99 
15 16 42 74 75 
29 45 62 69 80 
63 70 85 86 105 
26 27 28 46 80 
48 64 74 75 76 
15 16 17 18 42 
15 16 18 42 74 
15 16 17 18 42 
15 16 42 74 161 
14 15 16 42 74 
15 16 17 18 42 
25 26 27 28 46 
26 27 28 46 149 
25 26 27 28 46 
18 19 42 68 74 
18 19 42 68 74 
18 19 20 42 68 
24 25 27 46 80 
24 25 46 52 80 
24 25 46 52 80 
24 25 46 52 80 
33 57 65 73 77 
33 34 57 65 71 
37 39 53 66 106 
10 67 84 89 90 
1 2 44 51 60 
1 2 3 44 60 
23 24 46 52 80 
23 24 52 58 72 
36 37 38 66 130 
36 37 53 66 106 
37 38 39 53 66 
36 53 57 66 77 
19 20 21 54 55 
20 21 54 55 88 
19 20 21 54 55 
20 21 22 54 55 
20 21 22 54 55 
19 20 48 54 68 
19 48 54 68 88 
19 20 48 54 68 
48 54 55 68 88 
19 20 48 54 68 
18 19 20 54 68 
42 48 54 68 74 
18 19 42 54 68 
19 48 54 68 74 
21 22 49 55 58 
21 22 23 55 58 
22 23 55 58 72 
21 22 23 55 58 
22 23 24 52 58 
22 23 52 58 72 
8 9 10 59 67 
9 10 59 67 90 
8 9 59 67 90 
8 9 10 59 67 
2 3 44 50 60 
2 3 44 50 60 
2 44 50 51 60 
10 11 61 84 99 
28 29 62 69 80 
30 62 69 86 91 
31 63 70 73 86 
27 28 29 46 80 
13 14 64 75 76 
15 16 17 42 161 
25 26 27 46 80 
33 34 65 73 191 
33 34 57 71 191 
34 35 57 71 191 
33 34 57 65 71 
37 38 39 66 106 
37 38 39 66 106 
37 38 39 66 106 
9 10 11 67 84 
9 10 59 67 84 
8 9 10 59 67 
1 2 44 51 60 
1 2 43 51 60 
1 2 51 60 108 
23 24 52 72 80 
23 24 25 52 80 
45 46 52 62 80 
23 24 52 58 72 
49 52 58 72 96 
36 37 53 66 106 
36 53 57 66 106 
36 53 57 66 77 
47 53 57 77 78 
36 53 57 71 77 
34 53 57 71 77 
34 35 36 57 71 
48 54 64 68 74 
42 48 68 74 75 
16 18 42 68 74 
18 19 42 68 74 
22 23 24 52 58 
22 23 52 58 72 
10 11 12 61 84 
11 12 13 76 82 
28 29 30 62 69 
28 29 30 62 69 
30 31 69 70 86 
31 32 70 73 86 
32 33 65 70 73 
27 28 46 80 149 
27 28 46 80 149 
28 29 46 62 80 
27 28 46 62 80 
13 14 64 75 76 
14 15 64 74 75 
14 15 42 74 75 
13 14 64 75 76 
13 14 64 74 75 
15 42 68 74 75 
15 42 68 74 75 
14 15 74 75 175 
13 14 15 74 75 
13 14 64 75 76 
14 15 42 74 75 
14 15 64 74 75 
14 15 64 74 75 
48 64 74 75 76 
14 64 74 75 76 
15 16 42 68 74 
14 64 68 74 75 
48 64 68 74 75 
48 64 68 74 75 
42 48 68 74 75 
48 64 74 75 76 
12 13 64 76 82 
15 42 68 74 75 
13 14 64 75 76 
33 34 65 73 191 
32 33 34 65 73 
33 34 57 65 77 
33 34 65 71 191 
9 10 11 67 84 
9 10 11 67 84 
9 10 59 67 84 
9 10 59 67 90 
1 2 51 60 108 
43 44 50 51 60 
43 44 50 51 60 
2 43 44 51 60 
2 43 44 51 60 
45 46 52 72 80 
24 25 46 52 80 
45 52 72 80 96 
45 52 72 80 96 
45 52 58 72 96 
49 52 55 58 72 
47 53 57 77 78 
53 57 65 77 78 
57 65 77 78 79 
36 53 57 71 77 
53 57 65 77 78 
53 57 65 77 78 
34 57 65 77 79 
47 77 78 83 107 
57 65 73 77 79 
34 57 65 71 77 
47 53 57 77 78 
33 57 65 73 77 
33 57 65 73 77 
65 78 79 83 85 
33 34 57 65 73 
65 77 78 79 83 
57 65 77 78 79 
57 65 77 78 79 
65 73 77 79 85 
47 57 77 78 79 
65 77 78 79 83 
57 65 73 77 79 
33 34 57 65 71 
48 54 68 74 88 
10 11 12 84 183 
11 12 76 84 183 
28 29 30 62 69 
29 30 31 62 69 
29 30 62 69 91 
29 30 31 69 174 
30 31 32 69 70 
31 32 70 73 174 
31 32 33 70 73 
28 29 46 62 80 
25 27 28 46 80 
45 46 52 62 80 
25 46 52 62 80 
24 25 46 52 80 
45 46 52 62 80 
45 46 62 80 91 
45 46 52 62 80 
12 13 75 76 176 
12 13 64 76 82 
11 12 13 76 183 
48 64 68 74 81 
48 54 64 68 74 
41 48 81 87 88 
48 64 74 75 81 
48 64 81 87 88 
48 64 76 81 82 
48 64 68 81 88 
48 64 75 76 81 
48 64 76 81 88 
64 75 76 81 82 
41 61 76 82 98 
64 75 76 81 82 
41 64 76 81 82 
61 64 76 81 82 
41 61 81 82 98 
41 64 76 81 82 
41 64 81 82 87 
48 64 81 82 87 
41 61 81 82 98 
41 61 82 98 99 
41 61 76 82 98 
61 76 82 98 99 
11 61 76 82 84 
61 64 76 82 98 
61 76 82 84 99 
42 48 54 68 74 
48 64 74 75 76 
13 14 64 75 76 
32 33 65 73 191 
32 33 65 70 73 
32 33 65 70 73 
9 10 11 67 84 
10 11 12 67 84 
9 10 11 67 84 
9 10 11 67 84 
23 24 52 58 72 
23 24 52 58 72 
34 57 65 71 77 
47 53 77 78 106 
47 53 57 77 78 
47 53 57 77 78 
65 73 77 79 85 
65 77 78 79 83 
78 79 83 100 107 
10 11 12 61 84 
11 12 61 76 183 
11 12 61 76 84 
11 61 82 84 99 
61 76 82 84 99 
29 30 31 62 69 
29 30 31 62 69 
28 29 62 69 80 
28 29 30 62 69 
45 62 69 86 91 
30 31 32 70 174 
31 32 69 70 86 
31 32 33 70 73 
31 32 70 73 86 
28 29 46 62 80 
28 29 46 62 80 
28 29 46 62 80 
29 45 46 62 80 
45 46 52 62 80 
27 28 46 62 80 
25 27 46 52 80 
12 13 64 75 76 
12 13 64 76 82 
12 61 64 76 82 
11 12 61 76 82 
11 12 13 64 76 
48 49 81 87 88 
13 64 75 76 82 
64 75 76 81 82 
32 33 34 65 73 
33 65 73 79 85 
32 33 65 70 73 
31 32 33 70 73 
10 11 61 67 84 
10 61 67 84 99 
10 11 61 67 84 
11 61 67 84 99 
10 11 61 67 84 
9 10 11 67 84 
65 73 77 79 85 
63 70 79 85 103 
78 79 83 85 107 
30 45 62 69 91 
29 30 62 69 91 
45 62 69 80 91 
31 32 69 70 86 
31 32 70 73 86 
63 69 70 86 91 
30 31 69 70 86 
31 69 70 86 91 
30 31 69 86 91 
62 69 70 86 91 
31 32 33 70 73 
63 65 70 73 85 
41 48 81 87 88 
48 54 81 87 88 
41 81 87 88 97 
48 54 68 81 88 
41 81 87 88 97 
41 48 81 87 88 
48 81 87 88 97 
49 55 87 88 97 
41 81 87 88 97 
49 81 87 88 97 
48 49 81 87 88 
48 54 55 81 88 
48 54 55 68 88 
20 21 54 55 88 
21 49 54 55 88 
49 54 55 58 88 
48 49 54 55 88 
49 54 55 58 88 
32 33 65 70 73 
65 70 73 79 85 
32 63 65 70 73 
65 70 73 79 85 
32 33 65 73 79 
10 67 84 89 99 
67 89 90 99 101 
67 84 89 90 99 
67 84 89 90 99 
61 67 84 99 101 
61 67 84 89 99 
61 67 84 99 101 
67 84 89 99 101 
61 82 84 98 99 
67 84 89 99 101 
67 89 90 99 101 
50 59 67 89 90 
50 59 67 89 90 
59 67 89 90 101 
61 67 84 98 99 
43 50 59 89 90 
43 50 56 59 90 
43 44 50 60 90 
50 56 59 89 90 
43 50 89 90 100 
59 67 84 89 90 
9 59 67 84 90 
43 50 56 60 90 
67 84 89 90 99 
59 67 84 89 90 
50 59 67 89 90 
59 67 84 89 90 
50 56 59 67 90 
9 59 67 89 90 
10 11 61 67 84 
63 65 79 83 85 
77 78 79 83 85 
45 62 69 80 91 
45 69 86 91 93 
45 62 80 91 96 
45 62 69 91 96 
45 52 62 80 96 
45 62 69 86 91 
45 62 91 93 96 
45 52 72 91 96 
92 93 94 95 105 
91 92 93 96 105 
45 86 91 93 96 
63 69 70 73 86 
63 70 73 85 86 
63 69 70 86 91 
63 70 73 86 105 
63 70 73 85 86 
63 70 73 85 86 
30 62 69 86 91 
41 81 87 94 97 
41 87 92 94 97 
41 87 92 94 97 
41 81 87 94 97 
41 87 94 97 98 
41 87 92 94 97 
92 95 102 103 105 
41 92 94 95 102 
41 94 95 98 102 
41 87 94 95 98 
41 81 82 87 88 
41 81 87 88 94 
48 54 55 68 88 
49 55 87 88 97 
49 55 87 88 97 
48 49 54 55 88 
48 49 54 55 88 
48 49 54 55 88 
61 82 84 98 99 
61 82 84 98 99 
43 67 89 90 101 
67 89 90 99 101 
43 89 90 100 101 
43 50 89 90 100 
43 89 90 100 101 
43 50 51 60 90 
50 59 67 89 90 
79 83 85 103 104 
78 79 83 85 103 
63 79 83 85 103 
63 70 73 79 85 
63 65 70 73 85 
63 70 73 85 86 
63 70 73 85 86 
45 69 86 91 93 
63 86 91 93 105 
45 72 91 93 96 
45 52 72 91 96 
45 72 91 93 96 
49 87 88 94 97 
49 72 87 88 97 
49 87 88 94 97 
41 49 87 94 97 
49 87 92 94 97 
41 87 92 94 97 
49 72 94 96 97 
87 92 93 94 97 
49 87 94 96 97 
49 72 87 96 97 
92 93 94 96 97 
41 87 92 94 97 
72 92 93 96 97 
49 93 94 96 97 
92 93 94 95 105 
41 94 95 98 102 
41 61 98 99 102 
41 61 81 82 98 
41 61 82 98 99 
41 95 98 99 102 
41 82 87 94 98 
41 81 82 94 98 
41 82 98 99 102 
41 87 92 94 95 
92 94 95 98 102 
41 76 81 82 87 
61 82 84 98 99 
61 82 84 98 99 
61 84 98 99 101 
43 50 89 90 100 
43 89 90 100 101 
43 83 100 101 104 
43 83 89 100 107 
43 51 89 90 100 
43 89 90 100 101 
43 50 59 89 90 
43 50 59 89 90 
63 65 73 79 85 
63 73 79 85 103 
63 70 79 85 103 
63 70 85 103 105 
63 70 85 86 105 
45 69 86 91 93 
45 62 69 86 91 
69 70 86 91 93 
86 91 92 93 105 
45 69 86 91 93 
63 70 86 91 93 
63 92 93 95 105 
45 86 91 93 96 
63 91 92 93 105 
63 86 92 93 105 
91 92 93 94 105 
63 85 86 93 105 
63 70 86 91 105 
63 70 85 86 105 
92 93 94 96 97 
63 86 91 93 105 
92 93 94 96 97 
45 91 93 96 97 
91 92 93 96 97 
45 72 91 93 96 
91 92 93 96 105 
45 49 52 72 96 
45 49 72 96 97 
49 58 72 96 97 
45 49 52 72 96 
45 49 52 72 96 
49 52 72 96 97 
49 81 87 88 97 
92 94 95 97 105 
92 93 94 95 105 
92 94 95 102 105 
61 82 98 99 102 
41 61 82 98 99 
61 98 99 101 102 
61 98 99 101 102 
95 98 99 101 102 
61 98 99 101 102 
61 98 99 101 102 
61 98 99 101 102 
89 99 101 102 104 
89 98 99 101 102 
89 98 99 101 102 
89 90 100 101 104 
41 95 98 99 102 
95 98 102 103 104 
95 98 101 102 104 
95 98 102 103 104 
95 98 102 103 104 
61 84 89 99 101 
89 90 99 101 102 
98 99 101 102 104 
95 98 101 102 104 
95 98 101 102 104 
85 95 103 104 105 
89 98 99 101 102 
98 99 101 102 104 
89 100 101 102 104 
89 100 101 102 104 
95 101 102 103 104 
98 99 101 102 104 
100 101 102 103 104 
43 89 100 101 104 
95 98 102 103 104 
95 102 103 104 105 
95 101 102 103 104 
83 100 101 103 104 
89 100 101 102 104 
92 95 102 103 104 
92 94 95 103 105 
100 101 102 103 104 
92 94 95 103 105 
92 95 103 104 105 
100 101 102 103 104 
83 89 100 101 104 
63 92 93 95 105 
63 92 95 103 105 
63 92 95 103 105 
83 85 100 103 104 
79 83 100 104 107 
83 89 100 101 104 
63 85 95 103 105 
83 100 102 103 104 
83 100 101 104 107 
79 83 100 103 104 
43 89 100 101 104 
95 100 102 103 104 
85 95 102 103 104 
79 83 85 103 104 
43 89 100 101 104 
83 85 100 103 104 
79 83 85 103 104 
79 83 85 103 104 
63 79 85 103 105 
63 79 83 85 103 
78 79 83 85 104 
63 85 103 104 105 
79 83 85 103 104 
63 79 85 103 105 
63 85 95 103 105 
41 61 81 82 98 
61 84 98 99 101 
63 70 85 103 105 
63 70 85 86 105 
72 91 93 96 97 
49 72 93 96 97 
49 55 58 72 97 
49 55 58 72 88 
22 49 55 58 72 
43 89 90 100 101 
67 89 90 99 101 
89 99 100 101 102 
61 98 99 101 102 
95 101 102 103 104 
63 86 92 103 105 
63 85 86 103 105 
63 85 92 103 105 
63 92 93 103 105 
63 92 95 103 105 
79 83 100 104 107 
79 83 100 103 104 
49 58 72 96 97 
49 58 72 96 97 
49 55 58 72 88 
22 49 55 58 72 
38 39 40 66 106 
40 47 66 106 108 
39 40 66 106 108 
39 40 66 106 108 
47 53 66 106 108 
39 40 66 106 108 
39 40 53 66 106 
37 47 53 66 106 
40 47 66 106 108 
39 40 53 66 106 
37 40 53 66 106 
40 47 106 107 108 
40 47 53 106 108 
40 47 66 106 108 
47 78 106 107 108 
47 53 66 78 106 
47 53 78 106 108 
47 77 78 106 107 
47 53 77 78 106 
47 53 66 77 106 
47 78 83 107 108 
78 79 83 100 107 
47 53 77 78 107 
47 78 83 107 108 
47 77 78 83 107 
47 78 106 107 108 
47 78 83 107 108 
1 47 51 107 108 
47 51 78 107 108 
47 78 106 107 108 
43 51 100 107 108 
43 51 60 100 107 
43 51 60 90 100 
47 78 106 107 108 
47 51 106 107 108 
1 40 47 106 108 
1 40 51 106 108 
40 47 51 106 108 
1 47 51 107 108 
1 2 51 60 108 
1 51 60 107 108 
1 40 51 107 108 
47 51 78 107 108 
43 47 51 107 108 
47 78 106 107 108 
1 40 47 106 108 
1 40 47 106 108 
1 2 40 51 108 
1 2 51 60 108 
43 51 60 107 108 
1 2 43 51 60 
1 51 60 107 108 
43 47 51 107 108 
51 78 83 100 107 
1 40 51 106 108 
43 51 60 107 108 
51 78 83 107 108 
51 83 100 107 108 
43 51 83 100 107 
43 83 100 104 107 
47 78 83 100 107 
43 51 83 100 107 
43 50 51 60 100 
2 43 44 51 60 
43 51 60 100 107 
49 52 58 72 96 
77 78 79 83 107 
47 77 78 79 83 
47 78 79 83 107 
47 78 83 100 107 
47 78 83 107 108 
78 79 83 100 107 
78 79 83 100 107 
61 67 84 89 99 
45 46 52 62 80 
32 63 70 73 86 
43 51 60 100 107 
43 51 60 107 108 
43 51 100 107 108 
43 51 83 100 107 
43 83 100 104 107 
78 83 100 104 107 
35 71 109 125 127 
35 109 110 125 127 
109 110 111 123 125 
109 110 111 115 123 
109 110 111 112 123 
110 111 112 123 135 
110 111 112 123 135 
111 112 113 123 135 
111 112 113 131 135 
112 113 114 131 135 
112 113 114 131 135 
112 113 114 115 131 
113 114 115 131 132 
113 114 115 131 132 
113 114 115 125 132 
110 114 115 125 132 
109 110 114 115 125 
109 110 111 115 125 
35 109 116 125 133 
35 116 117 133 213 
116 117 118 133 213 
116 117 118 133 213 
117 118 119 133 190 
117 118 119 126 190 
117 118 119 126 190 
118 119 120 121 126 
118 119 120 121 126 
118 119 120 121 192 
119 120 121 126 192 
119 120 121 148 192 
119 120 121 122 192 
119 120 121 122 134 
120 121 122 126 134 
38 39 121 122 134 
38 121 122 126 134 
119 121 122 126 134 
120 121 122 126 134 
119 120 121 122 126 
119 120 121 122 126 
109 110 111 115 123 
111 112 123 127 135 
124 128 129 131 135 
109 115 125 132 133 
38 121 122 129 134 
118 119 126 128 134 
119 120 121 126 134 
119 120 121 126 192 
35 36 109 123 127 
123 127 129 130 135 
124 126 128 132 133 
38 124 129 130 134 
35 109 116 125 133 
38 121 122 129 134 
38 121 122 126 134 
37 38 122 129 134 
37 38 122 129 134 
118 119 121 126 128 
118 119 120 121 126 
35 36 71 109 127 
35 109 110 123 127 
35 36 109 123 127 
109 110 111 123 127 
36 37 123 127 130 
36 37 129 130 135 
117 118 126 128 133 
37 38 129 130 134 
35 109 116 125 133 
35 116 117 125 133 
37 38 39 122 134 
38 39 121 122 134 
37 38 39 122 129 
37 38 129 130 134 
118 119 120 126 128 
35 109 110 123 127 
36 37 66 129 130 
36 37 123 127 130 
36 37 38 129 130 
117 118 128 133 190 
117 118 119 126 128 
37 38 66 129 130 
35 116 117 133 213 
116 117 118 128 133 
38 124 129 130 134 
36 37 38 66 130 
117 118 119 126 128 
37 38 122 129 134 
37 38 129 130 134 
109 110 111 115 125 
110 111 112 123 135 
111 112 123 131 135 
113 114 124 131 135 
114 115 125 132 133 
119 121 122 126 134 
119 121 122 126 134 
38 121 122 126 134 
119 121 122 126 134 
38 121 122 126 134 
119 121 122 126 134 
118 119 121 126 134 
118 119 120 121 126 
35 109 110 125 133 
35 109 110 115 125 
109 110 111 112 123 
36 123 127 130 135 
111 123 127 130 135 
36 123 127 130 135 
36 123 127 130 135 
123 127 129 130 135 
116 117 125 132 133 
115 125 128 132 133 
115 125 128 132 133 
115 125 128 132 133 
36 37 123 127 130 
37 124 129 130 135 
117 118 119 126 128 
117 118 126 128 133 
117 118 128 132 133 
117 125 128 132 133 
117 125 128 132 133 
38 122 126 129 134 
38 122 126 129 134 
121 122 126 129 134 
110 111 112 123 135 
111 112 113 123 135 
109 110 111 123 127 
111 112 123 127 135 
111 112 113 131 135 
112 113 124 131 135 
111 112 123 131 135 
111 112 123 127 135 
111 112 113 131 135 
112 113 114 131 135 
110 114 115 125 132 
110 114 115 125 132 
114 115 125 131 132 
114 115 125 131 132 
119 121 122 126 134 
118 119 126 128 134 
35 109 110 125 127 
109 115 125 132 133 
109 110 115 125 132 
109 110 115 125 132 
109 115 125 132 133 
109 110 115 125 132 
112 123 124 131 135 
112 113 124 131 135 
112 123 124 131 135 
123 124 130 131 135 
112 113 124 131 135 
112 113 124 131 135 
37 38 124 129 130 
37 38 129 130 135 
118 119 126 128 134 
118 124 126 128 134 
118 119 126 128 134 
118 119 126 128 134 
124 126 128 129 134 
118 124 126 128 134 
122 124 126 129 134 
117 118 126 128 133 
117 118 126 128 133 
117 118 128 132 133 
124 125 128 132 133 
117 125 128 132 133 
37 38 122 129 134 
111 112 113 131 135 
112 113 114 131 135 
112 113 114 131 135 
111 112 123 131 135 
113 114 115 124 131 
110 114 115 125 132 
113 114 115 131 132 
113 114 115 131 132 
114 115 125 131 132 
112 113 124 131 135 
124 129 130 131 135 
125 128 131 132 133 
124 125 128 132 133 
124 126 128 131 132 
124 126 128 129 134 
112 113 114 131 135 
113 114 124 131 135 
114 124 128 131 132 
124 128 131 132 133 
113 114 124 131 135 
113 114 124 131 132 
124 128 129 131 135 
113 114 124 131 132 
112 113 124 131 135 
112 113 124 131 135 
112 124 129 131 135 
124 129 130 131 135 
123 124 129 130 135 
112 113 124 131 135 
124 129 130 131 135 
124 129 130 131 135 
124 126 128 131 132 
124 126 128 131 132 
124 128 131 132 133 
118 124 126 128 132 
125 128 131 132 133 
114 124 128 131 132 
114 115 125 131 132 
124 128 131 132 135 
124 126 128 129 131 
124 128 129 131 134 
124 128 129 131 135 
124 126 128 129 134 
124 126 128 129 134 
124 129 130 131 135 
124 129 130 131 134 
124 126 128 129 134 
124 126 129 130 134 
124 128 129 131 134 
124 129 130 134 135 
124 128 129 131 135 
124 126 129 130 134 
124 126 128 129 134 
38 124 129 130 134 
109 111 123 127 135 
37 124 129 130 135 
37 123 129 130 135 
124 126 128 129 134 
38 124 126 129 134 
25 26 27 136 149 
26 27 136 137 149 
26 27 136 137 149 
136 137 138 149 178 
136 137 138 149 178 
136 137 138 154 178 
137 138 139 154 178 
137 138 139 154 178 
137 138 139 154 178 
138 139 140 154 155 
138 139 140 154 155 
138 139 140 154 155 
139 140 141 153 155 
139 140 141 153 155 
139 140 141 142 153 
139 140 141 142 153 
140 141 142 153 177 
140 141 142 153 177 
16 17 141 142 177 
16 17 141 142 177 
16 17 18 142 177 
7 8 143 215 224 
8 143 144 186 224 
143 144 186 224 227 
143 144 145 181 186 
144 145 181 227 229 
144 145 146 181 229 
144 145 146 181 229 
145 146 147 222 229 
145 146 147 170 222 
145 146 147 170 222 
146 147 148 170 222 
146 147 148 170 222 
146 147 148 158 170 
147 148 158 170 192 
120 147 148 158 192 
120 147 148 158 192 
119 120 148 158 192 
25 26 27 136 149 
27 28 136 149 194 
150 180 185 208 214 
151 153 161 177 188 
15 16 17 142 177 
16 17 18 142 177 
15 16 17 142 177 
16 17 141 142 177 
26 27 136 137 149 
26 27 136 137 149 
136 137 149 178 179 
152 154 155 180 185 
140 141 151 153 184 
16 17 141 142 177 
26 27 136 137 149 
27 136 137 149 178 
136 137 138 149 178 
138 139 152 154 178 
139 152 155 164 184 
139 140 153 155 184 
140 141 142 153 184 
141 142 151 153 177 
17 141 142 153 177 
16 17 141 142 177 
136 137 138 154 178 
136 137 138 154 178 
138 139 152 154 178 
138 139 152 154 155 
139 140 141 153 155 
140 141 142 153 184 
140 141 142 153 177 
138 139 140 154 155 
138 139 140 154 155 
138 139 154 155 178 
138 139 140 154 155 
138 139 140 154 155 
139 140 153 155 184 
138 139 154 155 178 
139 140 153 155 184 
156 166 167 209 210 
157 187 193 196 197 
148 158 170 187 192 
147 148 158 170 192 
147 148 158 170 192 
120 148 158 168 192 
147 148 158 170 192 
120 147 148 158 192 
120 148 158 168 192 
119 120 148 168 192 
159 171 172 201 204 
27 28 29 149 194 
160 174 210 211 212 
15 151 161 175 177 
162 176 189 195 200 
15 16 17 161 177 
26 27 28 136 149 
27 28 136 149 194 
26 27 28 136 149 
27 28 46 149 194 
27 28 29 149 194 
26 27 28 136 149 
26 27 28 136 149 
136 137 149 178 194 
136 137 149 178 194 
136 137 138 149 178 
141 142 151 161 177 
152 154 178 179 185 
137 138 152 154 178 
137 138 139 154 178 
140 141 153 155 184 
139 140 141 153 184 
140 141 142 153 177 
141 142 151 153 177 
140 141 142 153 177 
141 142 151 153 177 
138 139 152 154 155 
138 139 152 154 178 
139 140 153 155 184 
140 153 155 164 184 
139 140 154 155 184 
139 140 153 155 184 
139 140 152 154 155 
152 154 155 164 180 
138 139 152 154 155 
139 152 154 155 164 
152 154 155 164 184 
163 164 188 189 214 
155 163 164 180 184 
152 155 164 180 184 
152 154 155 164 180 
138 152 154 178 185 
165 190 196 209 213 
156 166 167 191 213 
33 156 167 174 210 
157 168 190 192 196 
169 181 187 193 204 
147 148 158 170 187 
147 148 158 170 192 
146 147 148 158 170 
146 147 148 158 170 
146 147 148 158 170 
147 148 158 170 187 
146 147 148 170 222 
146 147 148 170 222 
119 120 121 168 192 
119 120 121 168 192 
10 159 171 183 201 
143 159 171 172 204 
173 179 182 194 212 
31 32 160 167 174 
14 15 161 175 177 
13 14 161 162 175 
12 13 162 176 183 
15 16 17 161 177 
15 16 17 161 177 
26 27 28 46 149 
136 137 138 149 178 
16 141 142 151 177 
16 17 142 161 177 
15 16 142 161 177 
15 16 151 161 177 
16 142 151 161 177 
142 151 153 161 177 
15 142 151 161 177 
15 151 161 175 177 
15 151 161 175 177 
15 151 161 175 177 
15 151 161 175 177 
14 15 151 161 175 
137 138 154 178 179 
137 149 154 178 179 
137 152 154 178 179 
173 178 179 185 194 
152 154 178 179 185 
137 149 178 179 194 
137 149 178 179 194 
136 137 149 178 194 
136 149 178 179 194 
138 139 152 154 178 
140 141 153 155 184 
140 141 151 153 184 
140 141 153 155 184 
139 140 153 155 184 
139 140 141 153 155 
142 151 153 161 177 
155 163 164 184 188 
152 155 164 180 184 
140 153 155 164 184 
150 152 164 180 185 
138 152 154 155 178 
152 154 178 179 185 
138 152 154 178 179 
138 152 154 178 185 
137 138 152 154 178 
116 117 165 190 213 
34 116 166 191 213 
33 34 166 167 191 
32 33 167 174 191 
119 120 168 190 192 
144 145 169 181 186 
145 146 170 181 187 
147 148 158 170 192 
148 158 170 187 192 
157 158 170 187 192 
157 158 170 187 192 
146 147 148 158 170 
145 146 147 170 222 
10 11 171 183 201 
9 10 11 171 172 
8 143 144 172 186 
29 30 173 174 182 
30 31 32 167 174 
14 15 16 161 175 
13 14 15 161 175 
15 16 42 161 177 
13 14 162 175 176 
11 12 13 176 183 
11 12 176 183 201 
137 138 154 178 179 
149 154 178 179 194 
149 178 179 185 194 
149 173 179 182 194 
149 173 178 179 194 
149 173 179 185 194 
28 149 173 179 194 
173 179 182 185 194 
149 173 178 179 194 
173 179 182 185 194 
140 153 155 164 184 
153 155 164 184 188 
140 153 155 164 184 
140 153 155 184 188 
153 155 164 184 188 
163 164 184 188 189 
155 163 164 184 188 
140 141 153 155 184 
141 142 151 153 177 
141 151 153 184 188 
151 153 155 184 188 
155 163 164 180 184 
155 163 164 180 184 
163 164 184 188 214 
152 155 163 164 180 
152 154 178 179 185 
150 152 179 180 185 
152 154 178 179 185 
152 178 179 180 185 
116 117 118 165 213 
116 117 165 166 213 
117 118 165 190 213 
116 117 165 166 213 
117 118 165 190 213 
34 35 116 166 213 
116 117 133 166 213 
33 34 71 166 191 
33 34 166 167 191 
32 33 73 167 191 
31 32 33 167 174 
32 33 34 167 191 
118 119 120 168 190 
118 119 168 190 192 
118 119 120 168 192 
144 145 181 186 229 
144 169 181 186 204 
145 146 170 181 229 
145 146 147 170 181 
144 145 146 170 181 
145 146 147 148 170 
145 146 147 148 170 
145 146 170 181 229 
145 146 170 181 187 
145 146 170 181 187 
158 169 170 187 193 
157 158 170 187 193 
157 158 170 187 193 
157 158 170 187 193 
169 170 181 187 193 
158 169 170 181 187 
147 148 158 170 187 
145 169 170 181 187 
169 170 181 187 193 
145 169 170 181 187 
147 148 158 170 187 
10 11 171 183 201 
9 10 11 171 201 
10 11 171 183 201 
9 10 11 67 171 
8 9 10 171 172 
8 143 144 172 215 
29 30 31 174 182 
30 31 32 70 174 
30 31 32 174 182 
13 14 15 161 175 
15 16 151 161 177 
15 16 151 161 177 
13 14 75 175 176 
11 12 13 176 183 
11 12 13 176 183 
12 13 162 175 176 
12 13 14 175 176 
12 13 175 176 183 
28 29 173 182 194 
27 28 29 149 194 
153 155 164 184 188 
155 163 164 184 188 
151 153 164 184 188 
151 153 184 188 189 
151 153 184 188 189 
151 153 177 184 188 
151 163 184 188 189 
151 153 177 184 188 
163 164 184 188 189 
151 163 184 188 189 
140 141 151 153 184 
141 151 153 184 188 
141 151 153 184 188 
163 164 184 188 189 
163 164 184 188 189 
163 164 184 188 189 
162 163 188 189 200 
162 163 188 189 200 
151 163 184 188 189 
163 188 189 199 200 
151 162 175 188 189 
163 188 189 200 214 
162 163 188 189 200 
151 162 175 188 189 
162 163 188 189 200 
163 164 188 189 200 
151 161 175 188 189 
151 153 161 184 188 
162 175 188 189 200 
163 164 188 189 200 
151 161 175 188 189 
151 161 162 175 189 
151 153 184 188 189 
151 162 163 188 189 
150 163 164 180 214 
152 155 163 164 180 
152 155 164 180 185 
152 154 155 164 180 
152 154 155 164 180 
150 173 179 185 212 
152 154 178 180 185 
150 152 164 180 185 
152 173 179 185 194 
152 178 179 185 194 
152 178 179 180 185 
117 118 119 168 190 
118 165 168 190 196 
117 118 119 168 190 
117 118 165 168 190 
118 119 168 190 196 
117 165 190 196 213 
117 118 119 168 190 
118 168 190 192 196 
118 119 168 190 192 
119 120 168 190 192 
117 118 165 190 213 
33 34 71 116 191 
34 35 71 116 191 
33 34 166 167 191 
33 34 166 167 191 
31 32 33 73 167 
31 32 33 167 174 
31 32 160 167 174 
31 32 33 167 174 
31 32 160 167 174 
33 156 166 167 191 
33 34 166 167 191 
32 33 34 167 191 
118 119 126 168 190 
119 120 158 168 192 
119 158 168 190 192 
119 120 168 190 192 
119 120 158 168 192 
120 148 158 168 192 
120 148 158 168 192 
148 157 158 168 192 
157 158 168 190 192 
157 158 168 187 192 
120 148 158 168 192 
120 148 158 168 192 
148 157 158 168 192 
157 158 168 187 196 
118 119 120 121 192 
144 145 146 181 229 
144 145 169 181 186 
144 145 169 181 186 
144 145 169 181 186 
143 144 145 181 186 
143 144 172 186 204 
143 144 172 181 186 
8 143 144 172 186 
143 144 181 186 204 
144 145 170 181 186 
144 145 146 181 229 
157 158 170 187 193 
157 158 187 193 196 
157 169 187 193 206 
145 146 170 181 187 
9 10 11 67 171 
10 11 159 171 201 
10 11 171 183 201 
10 11 12 171 183 
10 11 171 183 201 
10 11 171 183 201 
8 9 10 67 172 
7 8 9 143 172 
9 10 159 171 172 
10 159 171 172 201 
9 10 159 171 172 
159 171 172 201 204 
29 30 31 69 182 
28 29 30 173 182 
30 31 160 174 182 
30 31 160 174 182 
30 31 160 174 182 
29 30 31 174 182 
14 15 161 175 177 
13 14 15 161 175 
15 16 142 161 177 
11 12 171 183 201 
11 12 13 176 183 
11 12 176 183 201 
12 162 176 183 195 
12 162 176 183 195 
13 162 175 176 195 
28 29 30 182 194 
27 28 29 182 194 
27 28 149 179 194 
27 28 149 179 194 
28 149 173 179 194 
29 173 179 182 194 
28 136 149 179 194 
29 173 179 182 194 
29 173 179 182 194 
28 29 149 173 194 
28 29 173 182 194 
29 30 173 182 194 
173 179 182 194 212 
151 161 175 177 188 
162 175 176 188 189 
162 175 176 189 195 
161 162 175 176 189 
162 188 189 195 200 
162 195 199 200 205 
162 189 195 199 200 
162 176 189 195 200 
162 163 189 195 200 
162 188 189 195 200 
162 176 189 195 200 
162 176 189 195 200 
162 189 195 199 200 
151 161 162 175 177 
155 163 164 180 214 
150 163 164 180 214 
152 163 164 180 214 
163 164 180 188 214 
150 152 164 180 185 
150 152 164 180 185 
150 152 179 180 185 
173 179 185 194 212 
152 173 179 185 194 
150 173 179 185 194 
152 154 164 180 185 
150 152 179 180 185 
157 168 190 196 197 
34 35 71 109 116 
156 166 167 191 210 
34 116 166 191 213 
34 71 116 166 191 
32 33 167 174 210 
32 160 167 174 210 
32 33 167 191 210 
32 160 167 174 210 
32 33 167 174 210 
32 33 34 167 191 
147 148 158 170 192 
157 158 168 192 196 
157 158 168 192 196 
157 168 190 192 196 
157 168 190 192 196 
157 158 169 187 193 
157 169 187 193 197 
10 11 171 183 201 
159 171 201 202 205 
159 171 172 183 201 
8 9 143 172 215 
8 9 143 171 172 
9 10 159 171 172 
159 171 172 201 204 
29 30 173 174 182 
13 14 162 175 176 
13 14 162 175 176 
11 12 171 183 201 
13 162 175 176 195 
29 30 173 182 194 
151 161 175 188 189 
151 161 162 175 189 
14 151 161 162 175 
171 183 195 201 205 
156 166 167 191 210 
33 156 166 167 191 
156 165 166 167 209 
156 166 167 191 213 
156 165 166 209 213 
156 165 166 209 213 
34 71 116 166 191 
157 168 190 196 197 
157 158 168 192 196 
157 165 168 190 196 
165 168 190 196 213 
157 165 168 190 196 
157 158 169 187 193 
157 169 187 193 206 
157 158 169 187 193 
157 193 196 197 209 
198 199 202 205 207 
195 198 199 200 205 
189 195 199 200 205 
162 189 195 199 200 
163 189 195 199 200 
157 169 187 193 197 
157 193 196 197 206 
157 169 187 193 197 
157 187 193 196 197 
157 168 193 196 197 
157 193 196 197 206 
157 168 190 196 197 
157 168 190 196 197 
157 165 196 197 209 
157 168 193 196 197 
157 168 190 196 197 
165 190 196 197 209 
157 165 190 196 197 
165 168 190 196 197 
165 190 196 209 213 
157 193 196 197 209 
165 190 196 209 213 
11 159 171 183 201 
159 171 183 201 205 
10 159 171 172 201 
159 171 201 202 204 
159 198 202 205 206 
159 171 201 202 205 
159 171 201 202 205 
159 171 201 202 204 
159 171 201 202 205 
159 171 201 202 204 
159 171 183 201 205 
13 14 162 175 176 
13 14 162 175 176 
33 156 166 167 191 
156 166 167 191 210 
156 166 167 203 210 
156 166 167 191 210 
156 160 167 174 210 
156 166 167 191 210 
156 166 167 191 210 
160 167 174 210 211 
156 167 203 209 210 
156 166 167 209 210 
156 160 167 174 210 
203 207 208 210 211 
156 203 207 209 210 
156 203 207 209 210 
156 167 203 210 211 
156 167 203 207 210 
156 167 203 210 211 
156 203 207 210 211 
157 158 168 193 196 
165 168 190 196 213 
157 169 187 193 206 
169 170 181 187 193 
157 169 170 187 193 
163 195 199 200 205 
163 199 200 208 214 
163 164 189 200 214 
163 188 189 200 214 
12 171 183 201 205 
159 201 202 205 206 
159 169 186 204 206 
159 171 172 186 204 
159 171 172 186 204 
143 159 172 186 204 
159 169 172 186 204 
144 172 181 186 204 
169 181 186 193 204 
169 172 181 186 204 
144 169 181 186 204 
144 169 181 186 204 
169 181 186 187 204 
144 169 181 186 187 
169 181 186 187 193 
171 183 195 201 205 
195 199 200 201 205 
183 195 199 201 205 
195 199 201 202 205 
198 199 201 202 205 
195 199 201 202 205 
195 199 200 201 205 
195 199 200 201 205 
176 183 195 201 205 
159 199 201 202 205 
195 199 201 202 205 
195 198 199 200 205 
195 198 199 200 205 
162 195 199 200 205 
198 199 201 202 205 
195 199 200 201 205 
163 189 199 200 214 
198 199 200 208 214 
150 163 164 180 214 
150 163 164 180 214 
163 164 200 208 214 
11 12 171 183 201 
12 176 183 195 201 
176 183 195 201 205 
162 176 183 195 201 
162 176 183 189 195 
13 162 175 176 195 
162 175 176 189 195 
162 176 183 195 201 
162 176 183 195 200 
162 176 189 195 200 
162 176 189 195 200 
11 171 183 201 205 
159 201 202 205 206 
169 193 202 204 206 
159 169 202 204 206 
159 172 202 204 206 
159 171 172 201 204 
159 172 186 204 206 
169 186 193 204 206 
169 187 193 204 206 
169 186 193 204 206 
169 187 193 204 206 
169 186 193 204 206 
159 169 202 204 206 
169 193 202 204 206 
169 193 202 204 206 
159 193 202 204 206 
144 145 169 181 186 
159 171 201 202 205 
159 198 201 202 205 
198 199 201 202 205 
198 202 205 206 207 
198 199 202 205 207 
198 199 202 205 206 
198 199 201 202 205 
195 198 199 202 205 
159 198 202 205 206 
198 199 202 205 207 
198 199 202 205 207 
198 199 202 205 207 
198 199 200 202 205 
198 199 200 205 208 
198 202 205 206 207 
193 197 202 206 207 
197 198 202 206 207 
156 198 203 207 209 
198 199 202 205 207 
195 198 199 200 205 
198 199 200 205 208 
198 199 203 207 208 
198 199 203 205 208 
198 199 203 207 208 
198 199 203 208 214 
198 199 203 207 208 
150 203 208 211 214 
198 199 203 207 208 
150 199 208 211 214 
198 199 202 203 207 
198 199 203 208 214 
163 199 200 208 214 
198 199 202 203 207 
198 202 205 206 207 
198 203 207 208 211 
198 199 203 207 208 
198 203 208 211 214 
198 199 203 208 211 
198 203 208 210 211 
198 203 207 208 211 
198 203 207 208 211 
150 203 208 211 214 
198 203 207 208 211 
150 160 208 211 212 
156 198 203 207 210 
150 203 208 211 214 
163 199 200 208 214 
198 202 205 206 207 
197 198 202 207 209 
198 203 207 208 211 
156 198 203 207 210 
150 163 200 208 214 
163 189 199 200 214 
163 189 199 200 214 
13 162 176 183 195 
162 176 183 195 205 
159 201 202 204 206 
159 171 201 202 204 
159 169 202 204 206 
157 169 187 193 206 
157 169 193 197 206 
169 193 197 204 206 
157 169 193 197 206 
157 187 193 197 206 
157 193 196 197 206 
157 193 196 197 206 
159 202 204 205 206 
159 193 202 204 206 
193 197 202 204 206 
193 197 202 204 206 
193 197 202 206 207 
193 197 202 206 207 
160 203 208 210 211 
198 202 203 207 209 
150 208 211 212 214 
198 202 203 207 209 
165 197 198 207 209 
156 165 203 207 209 
156 165 166 209 213 
156 165 166 209 213 
156 165 166 209 213 
156 203 207 209 210 
156 165 196 197 209 
156 165 190 196 209 
156 165 166 209 213 
116 165 166 209 213 
156 203 207 209 210 
156 165 166 207 209 
156 165 197 207 209 
156 165 166 209 213 
156 165 197 207 209 
156 165 196 209 213 
156 203 207 209 210 
156 198 203 207 209 
156 165 166 207 209 
150 163 200 208 214 
150 163 208 211 214 
150 180 208 211 214 
159 202 204 205 206 
156 203 208 210 211 
156 160 203 210 211 
160 203 208 210 211 
160 167 203 210 211 
156 160 167 203 210 
160 203 210 211 212 
160 203 208 210 211 
198 203 208 210 211 
160 203 210 211 212 
150 203 208 211 212 
160 174 210 211 212 
160 203 208 210 211 
160 167 210 211 212 
150 160 173 211 212 
160 173 210 211 212 
150 208 211 212 214 
197 198 203 207 209 
117 165 190 209 213 
117 165 190 196 213 
116 117 165 166 213 
116 165 166 191 213 
156 197 203 207 209 
165 196 197 207 209 
156 203 207 209 210 
156 198 203 207 209 
156 198 203 207 209 
150 203 208 211 214 
150 208 211 212 214 
150 163 180 208 214 
160 167 203 210 211 
150 185 208 211 212 
160 173 174 182 212 
30 31 160 174 182 
150 160 208 211 212 
150 160 210 211 212 
160 208 210 211 212 
197 198 203 207 209 
197 198 206 207 209 
116 117 166 191 213 
156 165 166 191 213 
156 165 166 209 213 
156 165 197 207 209 
156 198 203 207 209 
156 197 198 207 209 
165 196 197 207 209 
165 196 197 207 209 
165 190 196 197 209 
150 164 180 185 214 
150 152 180 185 214 
150 164 180 185 214 
150 163 180 208 214 
150 163 164 180 214 
150 163 180 208 214 
150 208 211 212 214 
150 160 208 211 212 
160 174 182 211 212 
160 174 182 210 212 
160 173 182 211 212 
160 173 174 182 212 
160 173 182 211 212 
160 173 182 194 212 
150 173 182 185 212 
160 173 174 182 212 
160 173 182 211 212 
173 179 182 185 212 
30 160 173 174 182 
30 160 173 174 182 
30 173 174 182 212 
29 30 173 182 194 
173 179 182 194 212 
150 160 173 211 212 
150 160 173 211 212 
150 173 185 211 212 
197 198 202 207 209 
197 198 202 206 207 
193 197 206 207 209 
157 193 196 197 206 
193 196 197 207 209 
157 193 196 197 206 
157 165 196 197 209 
150 163 180 208 214 
160 167 174 210 211 
32 160 167 174 210 
31 32 160 167 174 
31 160 174 182 212 
150 173 179 185 212 
150 173 180 185 212 
150 173 179 185 212 
150 180 185 208 212 
150 173 179 180 185 
150 180 185 212 214 
150 180 208 211 214 
160 167 174 210 211 
150 173 185 211 212 
150 173 179 180 185 
142 151 153 161 177 
141 142 151 153 177 
142 151 153 161 177 
157 196 197 207 209 
7 8 143 215 224 
8 215 216 217 224 
215 216 217 221 224 
215 216 217 221 224 
215 216 217 218 225 
215 216 217 218 225 
216 217 218 225 233 
217 218 219 225 233 
217 218 219 231 233 
218 219 220 231 233 
218 219 220 231 233 
218 219 220 230 231 
219 220 221 230 231 
219 220 221 230 231 
219 220 221 224 230 
216 220 221 224 230 
215 216 221 224 230 
215 216 217 221 224 
146 147 148 222 223 
4 146 147 222 223 
4 146 222 223 232 
4 5 222 223 232 
4 146 222 223 232 
4 146 222 223 232 
4 146 222 223 232 
145 146 147 222 223 
215 221 224 227 230 
215 216 217 221 225 
215 217 218 225 233 
226 228 229 231 233 
4 5 223 228 232 
145 146 222 223 229 
145 146 147 222 223 
145 146 147 222 223 
8 143 215 224 227 
144 224 227 229 230 
8 215 216 217 225 
8 215 216 217 225 
6 7 225 228 233 
6 226 228 232 233 
3 4 5 223 232 
4 5 222 223 232 
4 5 223 228 232 
4 5 222 223 232 
145 146 222 223 229 
145 146 222 223 229 
145 146 147 222 223 
8 143 144 215 224 
8 143 144 224 227 
145 146 226 227 229 
8 215 216 217 225 
6 7 8 215 225 
7 8 215 225 233 
6 7 8 56 225 
6 7 225 228 233 
6 7 8 56 225 
5 6 228 232 233 
3 4 5 223 232 
3 4 5 6 232 
4 5 6 228 232 
4 5 222 223 232 
145 146 147 222 229 
144 145 146 223 229 
143 144 186 224 227 
143 144 145 227 229 
5 6 7 56 225 
5 6 7 228 233 
5 6 56 228 232 
223 226 228 229 232 
145 146 223 226 229 
5 223 226 228 232 
145 146 222 223 229 
145 146 223 227 229 
4 5 223 228 232 
144 145 146 227 229 
215 216 217 221 224 
215 216 221 224 230 
215 216 221 224 230 
220 221 227 230 231 
217 218 225 231 233 
219 226 230 231 233 
146 222 223 229 232 
4 146 222 223 232 
4 5 222 223 232 
4 5 222 223 232 
223 226 228 229 232 
4 5 223 228 232 
4 222 223 228 232 
146 222 223 229 232 
4 5 222 223 232 
5 223 226 228 232 
4 5 223 228 232 
145 146 222 223 229 
146 223 226 229 232 
223 226 228 229 232 
145 146 223 226 229 
145 223 226 227 229 
226 227 229 230 231 
223 226 228 229 232 
145 223 226 227 229 
145 226 227 229 230 
226 227 228 229 231 
145 226 227 229 230 
145 223 226 227 229 
226 227 228 229 231 
223 226 228 229 232 
226 227 229 230 231 
223 226 228 229 232 
226 228 229 231 233 
226 227 229 230 231 
226 227 229 230 231 
226 227 230 231 233 
226 227 229 230 231 
224 227 229 230 231 
226 228 230 231 233 
226 227 229 230 231 
226 227 229 230 231 
225 226 228 231 233 
226 227 229 230 231 
226 228 229 231 233 
226 228 229 231 233 
226 228 230 231 233 
226 228 231 232 233 
225 226 228 231 233 
225 226 228 231 233 
225 226 228 231 233 
226 228 230 231 233 
225 226 228 231 233 
5 223 226 228 232 
5 6 223 228 232 
5 6 226 228 232 
6 225 226 228 233 
223 226 228 232 233 
5 6 226 228 232 
4 5 6 228 232 
6 226 228 232 233 
5 6 226 228 233 
5 6 225 228 233 
6 225 226 228 233 
5 223 226 228 232 
223 226 228 229 232 
8 143 215 216 224 
216 217 218 225 233 
215 216 217 218 225 
143 144 224 227 230 
220 221 224 227 230 
143 144 224 227 229 
143 221 224 227 230 
144 224 227 229 230 
143 144 224 227 229 
224 226 227 229 230 
215 216 217 225 233 
7 217 225 228 233 
217 218 225 228 233 
144 145 181 227 229 
216 220 221 224 230 
216 220 221 224 230 
215 216 217 221 224 
215 216 221 224 230 
8 143 215 216 224 
8 215 216 221 224 
219 220 221 230 231 
217 218 219 225 233 
216 217 218 225 233 
217 218 219 225 233 
218 219 220 231 233 
145 146 147 222 223 
5 6 228 232 233 
6 7 225 228 233 
225 226 228 231 233 
225 226 228 231 233 
225 226 228 231 233 
225 226 228 231 233 
7 8 143 215 224 
8 143 215 216 224 
215 216 217 218 225 
216 217 218 225 233 
217 218 225 228 233 
6 218 225 228 233 
143 144 145 227 229 
144 145 226 227 229 
144 145 146 227 229 
144 145 224 227 229 
144 145 227 229 230 
220 221 224 227 230 
215 221 224 227 230 
220 221 224 227 230 
220 221 224 230 231 
220 221 224 227 230 
219 220 221 230 231 
8 143 215 216 224 
8 215 216 217 224 
215 216 217 221 224 
219 220 226 230 231 
217 218 219 231 233 
218 219 226 231 233 
218 219 220 230 231 
218 219 220 231 233 
218 219 220 230 231 
220 221 224 230 231 
219 220 226 230 231 
219 220 226 230 231 
218 226 228 231 233 
218 219 226 231 233 
217 218 225 231 233 
217 218 225 231 233 
218 219 226 231 233 
218 219 226 231 233 
217 218 219 231 233 
219 220 226 230 231 
219 220 221 230 231 
217 218 225 231 233 
220 226 227 230 231 
220 221 227 230 231 
220 226 227 230 231 
218 219 226 231 233 
234 242 247 326 341 
240 243 263 319 364 
240 243 246 323 324 
240 243 246 323 324 
240 246 315 323 324 
240 246 256 291 324 
240 246 256 291 324 
240 246 256 291 324 
240 246 256 257 291 
240 246 256 257 291 
240 246 256 290 291 
240 246 256 290 291 
240 246 256 290 291 
246 256 288 290 291 
246 256 288 290 291 
246 256 288 290 291 
256 257 288 290 291 
235 249 250 261 289 
236 237 244 248 281 
236 237 244 248 281 
236 237 248 252 264 
236 237 238 248 252 
237 238 239 251 252 
238 239 241 251 252 
238 239 241 251 268 
238 239 241 251 268 
238 239 241 251 268 
238 239 241 251 268 
238 239 241 251 268 
238 239 241 253 254 
239 241 251 253 254 
239 241 251 253 254 
239 241 245 253 254 
239 241 245 253 254 
241 242 245 253 254 
241 242 245 253 254 
241 242 245 253 254 
241 242 245 253 308 
240 243 246 259 263 
240 246 256 257 259 
246 256 257 258 291 
246 256 257 258 291 
256 257 287 288 291 
240 243 246 323 324 
240 246 256 263 324 
240 246 256 259 291 
240 246 256 259 291 
240 246 256 257 291 
240 246 256 257 291 
240 246 256 257 291 
240 246 256 257 291 
246 256 257 290 291 
246 256 257 290 291 
246 256 257 290 291 
236 237 244 248 281 
237 238 248 252 266 
239 241 251 253 254 
239 241 251 253 254 
239 241 251 253 254 
239 241 251 253 254 
239 241 242 253 254 
241 242 245 253 254 
241 242 245 253 254 
246 256 257 290 291 
246 256 288 290 291 
240 246 256 291 324 
256 257 287 288 291 
246 256 257 290 291 
246 256 257 290 291 
246 256 257 290 291 
240 246 256 257 291 
238 239 241 251 268 
241 242 245 253 254 
240 243 246 323 324 
240 243 246 259 263 
240 243 255 259 263 
240 243 255 263 319 
240 243 246 323 324 
242 245 253 308 321 
237 238 248 252 264 
237 238 248 252 266 
237 238 248 252 266 
246 256 257 258 259 
240 246 256 257 291 
246 256 257 290 291 
246 256 257 290 291 
240 246 256 290 291 
240 246 256 257 291 
240 246 256 263 324 
240 246 315 323 324 
240 246 315 323 324 
237 238 239 251 252 
237 238 239 251 252 
237 238 239 251 252 
238 239 241 251 268 
239 241 251 253 254 
239 241 251 253 254 
239 241 251 253 254 
234 242 253 254 326 
241 242 245 253 254 
243 247 255 262 319 
240 243 246 323 324 
240 243 263 319 364 
236 237 244 248 264 
236 244 248 250 264 
236 237 244 248 281 
236 237 248 252 264 
236 237 238 248 252 
256 257 288 290 291 
246 256 257 290 291 
246 256 257 290 291 
246 256 257 290 291 
246 256 257 290 291 
246 256 257 290 291 
246 256 257 290 291 
246 256 257 290 291 
246 256 257 290 291 
240 246 256 257 291 
240 246 256 257 291 
238 239 251 266 267 
238 239 241 251 268 
238 239 241 251 268 
238 239 241 251 268 
238 239 241 251 268 
238 239 241 253 254 
239 241 245 253 254 
241 242 245 253 254 
241 242 245 253 254 
241 242 245 253 254 
241 242 245 253 254 
241 242 245 253 254 
241 242 245 253 308 
241 242 245 253 308 
242 245 253 308 321 
242 245 253 308 321 
240 243 247 255 319 
240 246 256 263 324 
240 246 315 323 324 
240 243 246 256 324 
240 243 246 323 324 
240 243 246 256 324 
240 243 246 323 324 
236 244 248 250 281 
236 237 244 248 281 
246 256 257 258 291 
246 256 257 288 291 
246 256 257 290 291 
240 246 256 257 291 
240 246 256 257 291 
240 246 256 257 291 
240 246 256 257 291 
246 256 257 290 291 
240 246 256 290 291 
246 256 257 290 291 
240 246 256 257 291 
240 246 256 257 291 
240 246 256 291 324 
240 246 256 257 291 
240 246 256 257 291 
240 246 256 257 291 
246 256 288 290 291 
240 246 256 290 291 
240 246 256 290 291 
240 246 256 259 291 
240 246 256 259 263 
240 246 256 257 291 
240 246 256 257 291 
240 246 256 291 324 
240 246 315 323 324 
240 246 315 323 324 
240 246 256 291 324 
238 239 241 251 268 
239 241 251 253 254 
239 241 251 253 254 
239 241 245 253 254 
239 241 253 254 268 
234 242 253 321 326 
241 242 245 253 321 
241 242 245 253 254 
243 247 255 262 319 
240 243 246 259 263 
240 243 256 259 263 
240 243 259 263 319 
240 243 255 263 319 
240 243 259 263 319 
240 243 255 263 319 
240 243 255 263 319 
236 237 244 248 264 
236 237 248 252 264 
235 249 250 261 287 
249 256 257 287 288 
240 246 256 257 259 
246 256 257 258 259 
256 257 258 259 291 
240 246 256 257 291 
240 246 256 257 291 
240 246 256 257 291 
240 246 256 257 291 
246 256 288 290 291 
240 246 256 257 291 
240 246 256 257 291 
240 246 256 257 291 
240 246 256 257 291 
240 246 256 257 291 
240 246 256 257 291 
240 246 256 290 291 
240 246 256 259 291 
240 246 256 259 291 
240 246 256 259 291 
240 246 256 259 291 
240 246 256 257 291 
240 246 256 257 291 
240 246 256 257 291 
240 246 256 257 291 
240 246 256 257 291 
240 246 256 291 324 
240 246 256 291 324 
240 246 256 263 324 
240 246 256 259 263 
240 246 315 323 324 
234 242 245 253 321 
234 242 245 253 254 
234 242 245 253 254 
241 242 245 253 254 
240 246 256 259 263 
240 246 256 263 324 
240 243 246 323 324 
240 243 246 263 364 
240 243 255 319 364 
240 243 255 263 319 
240 243 263 319 364 
240 243 246 256 324 
240 243 246 256 324 
240 243 246 256 324 
236 244 248 264 281 
237 238 248 252 264 
234 247 255 262 319 
249 256 257 287 288 
256 257 258 259 291 
246 256 257 258 259 
240 246 256 257 259 
240 246 256 257 291 
240 246 256 257 291 
240 246 256 257 291 
246 256 257 290 291 
246 256 257 290 291 
246 256 257 290 291 
240 246 256 291 324 
240 246 256 257 291 
240 246 256 290 291 
240 246 256 259 291 
240 246 256 257 291 
240 246 256 291 324 
240 246 256 291 324 
240 246 256 291 324 
240 246 256 259 291 
240 246 256 291 324 
240 246 256 291 324 
240 246 256 291 324 
240 246 256 259 291 
240 246 256 259 291 
240 246 256 257 291 
240 246 256 257 291 
240 246 256 291 324 
239 241 251 253 254 
238 239 241 251 268 
234 242 247 255 341 
234 242 247 255 341 
239 241 251 253 254 
239 241 251 253 254 
239 241 251 253 254 
239 241 251 253 254 
241 242 245 253 254 
240 243 255 263 319 
240 243 255 263 319 
240 243 255 263 319 
240 246 256 263 324 
240 243 246 263 324 
240 243 246 263 324 
235 244 250 261 264 
236 237 244 248 264 
237 244 248 252 264 
236 244 248 264 281 
235 249 250 261 289 
235 249 261 287 289 
235 249 250 261 270 
235 249 261 287 289 
235 244 249 250 289 
235 244 250 261 289 
235 244 250 264 289 
238 239 251 252 266 
240 246 256 257 259 
240 246 256 257 291 
240 246 256 257 291 
240 246 256 257 291 
240 246 256 290 291 
240 246 256 259 263 
240 246 256 291 324 
240 246 256 257 291 
240 246 256 257 259 
241 242 245 253 254 
239 241 253 254 268 
239 241 253 254 268 
243 247 255 319 341 
240 243 256 259 263 
240 243 256 259 263 
240 243 255 259 263 
240 243 255 263 319 
240 243 255 263 319 
240 243 255 263 319 
240 243 255 263 319 
240 243 255 263 319 
240 243 255 263 319 
240 243 255 263 319 
240 243 255 263 319 
240 243 246 259 263 
236 244 248 250 264 
235 249 250 261 270 
235 249 256 257 287 
235 249 257 261 287 
235 249 257 261 287 
237 238 248 252 266 
240 246 256 291 324 
240 246 256 291 324 
240 246 256 257 291 
240 246 256 257 291 
240 246 256 257 291 
240 246 256 257 291 
240 246 256 291 324 
238 239 241 251 268 
239 241 251 253 254 
241 242 245 253 254 
243 247 255 319 341 
243 247 255 319 341 
240 246 256 259 263 
240 243 255 263 319 
240 243 255 263 319 
240 243 255 263 319 
235 244 250 264 289 
235 244 250 261 264 
244 248 250 264 270 
235 249 256 257 287 
237 238 239 252 266 
234 243 247 255 319 
246 256 257 258 259 
246 256 257 258 291 
246 256 257 258 291 
240 246 256 257 291 
240 246 256 257 291 
240 246 256 257 291 
240 246 256 257 291 
240 246 256 257 291 
240 246 256 259 291 
240 246 256 291 324 
240 246 256 257 291 
240 246 315 323 324 
240 246 315 323 324 
240 246 256 259 263 
235 244 250 261 264 
235 244 250 261 264 
234 243 247 255 262 
234 243 247 255 262 
234 243 247 255 262 
234 243 247 255 262 
240 246 256 259 263 
246 256 257 258 291 
240 246 256 257 291 
240 246 256 257 291 
240 246 256 257 291 
240 246 256 257 291 
240 246 256 259 291 
240 246 256 259 291 
240 246 256 259 291 
240 246 256 257 291 
239 241 251 254 268 
238 239 251 267 268 
238 239 241 251 268 
239 241 251 253 254 
240 243 246 259 263 
240 243 246 259 263 
240 243 246 259 263 
240 243 255 263 319 
235 249 261 287 289 
235 249 257 261 287 
235 250 261 264 270 
238 239 251 267 268 
234 243 247 255 262 
234 243 247 255 262 
234 243 247 255 262 
234 243 247 255 262 
240 256 257 258 259 
240 246 256 257 259 
240 246 256 257 259 
240 246 256 259 291 
240 246 256 257 259 
240 246 256 257 291 
240 246 256 257 291 
240 246 256 290 291 
240 246 256 291 324 
240 246 256 259 263 
238 239 241 251 268 
236 244 248 250 264 
238 239 251 252 266 
238 239 251 266 267 
238 239 251 252 266 
234 243 247 255 262 
240 246 256 257 259 
240 246 256 259 291 
240 246 256 257 291 
240 246 256 257 291 
240 246 256 257 291 
240 246 256 257 291 
240 246 256 291 324 
240 246 256 291 324 
239 241 251 254 268 
240 243 246 263 324 
240 246 256 263 324 
235 244 250 261 264 
235 249 250 257 261 
234 243 247 255 262 
234 243 247 255 262 
240 246 256 259 291 
240 246 256 257 291 
240 246 256 291 324 
240 246 256 291 324 
240 246 256 259 263 
240 243 246 263 324 
240 246 256 263 324 
240 243 246 263 324 
234 243 247 255 262 
234 243 247 255 262 
240 246 256 257 259 
240 246 256 291 324 
240 246 256 259 263 
240 243 246 256 324 
244 248 250 264 270 
240 246 256 257 291 
240 246 256 257 291 
240 246 256 291 324 
240 246 256 291 324 
240 246 256 291 324 
237 238 248 252 266 
237 248 252 264 266 
240 246 256 259 263 
235 249 256 257 287 
237 244 248 252 264 
240 256 257 258 259 
240 256 257 258 259 
246 256 257 288 291 
240 246 256 291 324 
240 246 256 291 324 
240 246 256 291 324 
240 246 256 291 324 
240 246 256 291 324 
240 246 256 291 324 
240 246 256 291 324 
240 246 256 291 324 
240 246 256 291 324 
240 246 256 291 324 
240 246 256 291 324 
240 246 256 291 324 
240 246 256 291 324 
249 256 257 258 261 
235 249 256 257 261 
240 246 256 257 291 
240 246 256 257 291 
240 246 256 257 291 
240 246 256 257 291 
240 246 256 257 291 
241 242 245 253 254 
241 242 245 253 254 
241 242 245 253 254 
241 242 245 253 254 
241 242 245 253 254 
241 242 245 253 254 
241 242 245 253 254 
241 242 245 253 254 
241 242 245 253 254 
241 242 245 253 254 
242 245 253 254 321 
241 242 245 253 254 
241 242 245 253 254 
241 242 245 253 254 
241 242 245 253 254 
241 242 245 253 254 
241 242 245 253 254 
241 242 245 253 254 
241 242 245 253 254 
241 242 253 254 268 
240 243 255 263 319 
240 243 255 263 319 
240 243 255 263 319 
240 243 246 256 324 
240 246 256 291 324 
240 243 246 256 324 
240 243 246 256 324 
240 246 256 291 324 
240 246 256 291 324 
240 246 256 291 324 
240 246 256 291 324 
240 246 256 257 291 
240 246 256 257 291 
240 246 256 257 291 
240 246 256 257 291 
234 242 247 253 254 
243 247 255 262 319 
243 247 255 262 319 
240 243 247 255 319 
243 247 255 263 319 
240 243 255 263 319 
240 243 255 263 319 
240 243 255 263 319 
240 243 255 263 319 
240 243 255 263 319 
243 247 255 262 319 
243 255 262 263 319 
243 255 262 263 269 
240 243 255 263 269 
243 255 262 263 319 
243 247 255 262 263 
240 243 255 263 319 
240 243 255 263 319 
240 243 255 263 319 
240 243 255 263 319 
240 243 255 263 269 
243 247 255 262 319 
240 243 255 263 319 
240 243 255 263 269 
240 243 255 259 263 
240 243 255 259 263 
240 243 255 263 319 
240 243 255 262 263 
240 243 255 263 269 
240 243 255 259 263 
243 255 262 263 269 
243 255 262 263 269 
240 243 255 259 263 
240 243 255 259 263 
240 243 259 263 269 
240 243 255 259 263 
240 243 255 259 263 
240 243 255 259 263 
240 243 255 259 263 
243 247 255 262 319 
234 243 247 255 262 
234 243 247 255 262 
234 243 247 255 262 
234 243 247 255 262 
234 243 247 255 262 
249 256 257 287 288 
249 256 257 258 287 
256 257 258 259 291 
249 256 257 258 259 
249 256 257 258 259 
256 257 258 259 260 
256 257 258 259 260 
249 256 257 258 287 
256 257 258 259 260 
249 256 257 258 287 
256 257 258 259 260 
240 246 256 257 291 
240 246 256 291 324 
240 246 256 257 291 
240 246 256 291 324 
240 246 256 291 324 
240 246 256 291 324 
240 246 256 257 291 
240 246 256 257 291 
240 246 256 291 324 
240 246 256 291 324 
240 246 256 257 291 
240 246 256 257 291 
240 246 256 257 291 
240 246 256 291 324 
240 246 256 257 291 
240 246 256 257 291 
240 246 256 257 291 
240 246 256 257 291 
240 246 256 257 291 
238 239 241 251 268 
238 239 251 267 268 
238 239 241 251 268 
239 251 267 268 271 
239 241 251 267 268 
239 241 251 267 268 
238 239 241 251 268 
239 241 251 267 268 
239 241 251 254 268 
238 239 251 267 268 
238 239 251 267 268 
239 241 251 254 268 
239 241 253 254 268 
239 241 251 253 254 
243 247 255 262 319 
235 244 250 261 264 
240 246 256 257 291 
240 256 258 259 263 
240 256 257 259 263 
240 243 256 259 263 
240 243 255 263 319 
235 249 250 261 270 
235 249 250 261 270 
240 246 256 259 291 
236 237 244 248 264 
243 247 255 262 263 
243 247 255 262 263 
243 247 255 262 263 
234 242 247 255 262 
234 242 247 255 262 
234 242 247 255 262 
234 242 247 255 262 
238 252 264 266 270 
237 238 252 266 270 
238 251 252 266 270 
249 256 257 258 287 
249 256 257 258 265 
249 256 257 258 259 
256 257 258 259 263 
249 256 257 258 265 
256 257 258 260 265 
256 257 258 261 265 
257 258 260 261 265 
235 249 257 261 265 
256 257 258 260 265 
256 257 258 260 265 
256 257 258 259 260 
249 257 258 261 265 
257 258 259 260 265 
256 257 258 259 260 
256 257 258 259 260 
257 258 259 260 265 
256 257 258 259 260 
256 258 259 260 263 
258 259 260 263 265 
258 259 260 263 269 
256 258 259 260 263 
258 259 260 263 265 
258 259 260 263 265 
258 259 260 265 270 
234 242 245 253 254 
234 242 245 253 254 
234 242 245 253 254 
234 242 245 253 254 
234 242 245 253 254 
234 242 247 253 254 
234 242 245 253 254 
234 242 247 253 254 
234 242 247 253 254 
234 242 247 253 254 
234 242 247 253 254 
234 241 242 253 254 
234 241 242 253 254 
234 241 242 253 254 
241 242 245 253 254 
234 242 247 253 254 
242 253 254 262 268 
243 247 255 262 319 
243 247 255 262 319 
243 247 255 262 319 
243 255 262 263 269 
243 247 255 262 319 
243 247 255 262 263 
240 243 259 263 269 
243 247 255 262 319 
240 246 256 257 291 
240 246 256 257 291 
238 239 251 266 267 
251 266 267 268 271 
239 251 267 268 271 
239 251 267 268 271 
239 251 267 268 271 
251 266 267 268 271 
240 243 256 259 263 
240 246 256 257 291 
240 246 256 290 291 
240 256 258 259 263 
240 243 256 259 263 
240 243 256 259 263 
240 256 258 259 263 
240 243 259 263 269 
240 243 256 259 263 
240 243 259 263 269 
240 243 259 263 269 
240 243 259 263 269 
240 243 259 263 269 
235 249 261 265 270 
249 257 258 261 265 
257 258 260 261 265 
257 258 260 261 265 
235 249 261 265 270 
235 258 261 265 270 
235 250 261 264 270 
247 255 262 269 271 
247 255 262 269 271 
255 262 263 269 271 
255 262 263 269 271 
255 262 263 269 271 
255 262 263 269 271 
255 262 263 269 271 
255 262 268 269 271 
255 262 268 269 271 
255 262 263 269 271 
243 247 255 262 263 
243 255 262 263 269 
243 255 262 263 269 
243 255 262 263 269 
243 255 262 263 269 
243 255 262 263 269 
243 255 262 263 269 
243 255 262 263 269 
243 255 262 263 269 
243 255 262 263 269 
243 255 262 263 269 
243 255 262 263 269 
243 255 259 263 269 
243 255 262 263 269 
243 255 262 263 269 
243 255 262 263 269 
243 255 262 263 269 
255 262 263 269 271 
243 255 259 263 269 
243 255 259 263 269 
243 259 260 263 269 
240 243 259 263 269 
240 243 259 263 269 
240 243 259 263 269 
240 259 260 263 269 
240 243 259 263 269 
258 259 260 263 269 
258 259 260 263 269 
258 259 260 263 269 
256 258 259 260 263 
258 259 260 263 269 
259 260 263 269 271 
259 260 263 269 271 
259 260 262 263 269 
258 259 260 263 269 
259 260 262 263 269 
259 260 262 263 269 
259 260 263 269 271 
259 262 263 269 271 
258 259 260 265 270 
234 242 247 253 254 
234 242 247 253 254 
234 242 247 253 254 
234 242 247 253 254 
234 242 247 253 254 
234 242 247 253 254 
234 242 247 253 254 
234 242 247 253 254 
234 242 247 253 254 
234 242 247 253 254 
234 242 247 253 254 
241 242 253 254 268 
253 254 262 268 271 
242 247 253 254 262 
253 254 262 268 271 
253 254 262 268 271 
253 254 262 268 271 
253 254 262 268 271 
253 254 262 268 271 
254 255 262 268 271 
239 241 253 254 268 
239 241 253 254 268 
241 242 253 254 268 
239 241 253 254 268 
239 241 253 254 268 
243 247 255 262 263 
243 247 255 262 319 
249 256 257 258 287 
256 257 258 259 260 
240 243 256 259 263 
240 243 256 259 263 
239 241 251 254 268 
239 241 251 254 268 
243 247 255 262 319 
256 257 258 259 260 
240 256 257 258 259 
256 258 259 260 263 
240 243 259 263 269 
244 248 252 264 270 
257 258 260 261 265 
258 260 261 265 270 
257 258 260 261 265 
257 258 260 261 265 
235 258 261 265 270 
258 260 261 265 270 
258 260 261 265 270 
258 260 261 265 270 
258 260 261 265 270 
247 255 262 268 271 
243 255 262 263 269 
243 255 262 263 269 
243 255 262 263 269 
255 262 263 269 271 
255 262 263 269 271 
255 262 263 269 271 
243 255 262 263 269 
243 255 262 263 269 
255 262 263 269 271 
255 262 263 269 271 
243 255 262 263 269 
243 255 262 263 269 
243 255 262 263 269 
243 255 262 263 269 
259 262 263 269 271 
252 264 265 266 270 
251 267 268 269 271 
251 252 265 266 267 
251 252 266 267 270 
239 251 267 268 271 
251 266 267 268 271 
251 266 267 268 271 
251 266 267 268 271 
251 267 268 269 271 
239 241 251 254 268 
260 265 266 267 270 
239 251 267 268 271 
252 265 266 267 270 
239 241 253 254 268 
239 241 253 254 268 
239 241 253 254 268 
241 253 254 268 271 
241 253 254 268 271 
241 253 254 268 271 
239 241 253 254 268 
241 253 254 268 271 
241 253 254 268 271 
241 253 254 268 271 
241 251 254 268 271 
241 254 262 268 271 
241 254 262 268 271 
241 254 262 268 271 
241 254 262 268 271 
254 262 267 268 271 
241 254 262 268 271 
241 254 262 268 271 
253 254 262 268 271 
241 251 267 268 271 
251 254 267 268 271 
251 254 267 268 271 
251 254 267 268 271 
239 251 267 268 271 
251 254 267 268 271 
251 266 267 268 271 
251 267 268 269 271 
251 267 268 269 271 
234 242 247 255 262 
234 242 247 255 262 
234 242 247 255 262 
234 247 254 255 262 
234 247 254 255 262 
234 247 254 255 262 
234 243 247 255 262 
234 243 247 255 262 
256 257 258 259 260 
257 258 259 260 265 
259 262 263 269 271 
259 260 263 269 271 
259 260 263 269 271 
259 263 267 269 271 
255 262 263 269 271 
259 262 263 269 271 
259 260 263 269 271 
259 262 263 269 271 
259 262 263 269 271 
259 262 263 269 271 
255 262 263 269 271 
262 263 267 269 271 
259 262 263 269 271 
262 263 267 269 271 
262 263 267 269 271 
262 263 267 269 271 
255 262 263 269 271 
259 260 263 269 271 
258 259 260 263 269 
259 260 263 269 271 
253 254 262 268 271 
239 241 253 254 268 
241 242 253 254 268 
258 261 265 266 270 
235 261 264 265 270 
261 264 265 266 270 
237 248 252 264 266 
252 264 265 266 270 
248 252 264 266 270 
248 252 264 266 270 
237 248 252 264 266 
237 248 252 264 266 
248 252 264 266 270 
248 252 264 266 270 
251 266 267 268 271 
253 254 262 268 271 
253 254 262 268 271 
254 262 267 268 271 
254 255 262 268 271 
242 247 254 255 262 
254 262 268 269 271 
254 262 267 268 271 
254 255 262 268 271 
254 255 262 268 271 
254 255 262 268 271 
254 255 262 268 271 
255 262 268 269 271 
247 254 255 262 268 
254 255 262 268 271 
255 262 268 269 271 
254 262 268 269 271 
243 247 255 262 271 
254 255 262 268 271 
255 262 268 269 271 
254 262 268 269 271 
254 262 268 269 271 
254 262 267 268 271 
254 262 267 268 271 
254 262 267 268 271 
255 262 268 269 271 
255 262 268 269 271 
254 262 268 269 271 
251 262 267 268 271 
251 267 268 269 271 
251 267 268 269 271 
262 267 268 269 271 
255 262 263 269 271 
258 260 265 266 270 
258 259 260 265 267 
260 263 267 269 271 
259 263 267 269 271 
260 265 267 269 271 
259 260 263 269 271 
234 242 247 253 254 
234 242 247 253 254 
234 242 247 253 254 
234 242 247 253 254 
234 242 247 253 254 
234 242 247 253 254 
234 242 247 254 262 
234 242 247 254 262 
234 242 247 254 262 
234 242 247 255 262 
234 242 247 254 255 
234 242 247 255 262 
234 242 247 254 262 
234 242 247 254 262 
234 242 247 255 262 
234 242 247 254 262 
241 253 254 262 268 
253 254 262 268 271 
241 242 253 254 268 
261 264 265 266 270 
261 264 265 266 270 
252 264 265 266 270 
260 265 266 267 270 
248 252 264 266 270 
254 262 267 268 271 
262 267 268 269 271 
262 267 268 269 271 
262 267 268 269 271 
262 267 268 269 271 
251 267 268 269 271 
251 267 268 269 271 
262 267 268 269 271 
263 267 268 269 271 
258 259 260 263 269 
235 261 264 265 270 
252 264 265 266 270 
261 264 265 266 270 
260 261 265 266 270 
260 261 265 266 270 
260 261 265 266 270 
251 267 268 269 271 
251 267 268 269 271 
260 267 268 269 271 
251 265 266 267 271 
251 266 267 268 271 
260 267 268 269 271 
260 267 268 269 271 
251 267 268 269 271 
262 263 267 269 271 
262 263 268 269 271 
262 263 267 269 271 
262 263 268 269 271 
263 267 268 269 271 
262 263 267 269 271 
259 260 265 267 269 
260 267 268 269 271 
260 267 268 269 271 
260 265 266 267 270 
261 264 265 266 270 
262 267 268 269 271 
263 267 268 269 271 
251 267 268 269 271 
263 267 268 269 271 
262 267 268 269 271 
262 267 268 269 271 
263 267 268 269 271 
258 260 265 266 270 
234 242 247 326 341 
262 267 268 269 271 
272 273 280 309 332 
272 273 274 309 332 
272 273 274 309 332 
272 273 274 309 332 
272 273 274 309 332 
272 273 274 309 332 
272 273 274 283 332 
272 273 274 283 332 
273 274 275 283 332 
273 274 275 283 332 
274 275 276 286 343 
274 275 276 286 343 
274 275 276 286 343 
274 275 276 286 343 
274 275 276 286 343 
275 276 286 293 343 
275 276 286 293 342 
275 276 286 293 342 
275 276 286 293 342 
275 276 293 317 342 
275 276 293 317 342 
275 276 293 317 342 
275 276 293 317 342 
276 293 317 342 347 
276 293 317 342 347 
276 293 317 342 347 
276 293 317 342 347 
276 293 317 342 347 
276 293 317 342 347 
276 293 317 347 349 
276 293 317 347 349 
276 290 293 317 347 
290 317 337 347 349 
290 317 329 337 349 
290 317 329 337 349 
290 291 317 329 337 
246 290 291 317 329 
246 288 290 291 329 
246 288 290 291 329 
246 256 288 290 291 
246 256 288 290 291 
246 256 288 290 291 
236 244 277 281 284 
277 278 281 284 285 
277 278 284 285 292 
277 278 279 284 285 
277 278 279 284 285 
277 278 279 282 285 
277 278 279 282 285 
278 279 280 282 296 
278 279 280 282 296 
272 279 280 283 296 
272 279 280 283 296 
272 273 280 283 296 
272 273 280 283 296 
272 273 280 283 309 
272 273 280 283 309 
272 273 280 309 332 
272 273 280 309 332 
290 293 317 347 349 
290 293 300 317 349 
287 288 290 291 300 
256 287 288 290 291 
288 290 291 300 317 
287 288 290 291 300 
246 287 288 290 291 
246 256 288 290 291 
246 256 288 290 291 
246 256 288 290 291 
246 256 288 290 291 
236 237 244 277 281 
236 244 277 281 284 
277 278 279 285 292 
277 278 279 282 285 
278 279 280 282 296 
278 279 280 282 296 
278 279 280 282 296 
279 280 282 294 296 
272 279 280 283 296 
272 273 280 283 296 
272 273 280 283 296 
272 273 280 283 309 
272 273 280 309 332 
272 273 274 309 332 
272 273 280 309 332 
272 273 274 309 332 
272 273 274 309 332 
290 317 329 337 349 
290 291 317 329 337 
246 256 288 290 291 
246 256 288 290 291 
246 256 288 290 291 
272 273 280 309 332 
272 273 280 309 332 
272 273 280 309 332 
272 273 280 309 332 
272 273 280 309 332 
272 273 280 309 332 
272 273 280 283 309 
272 273 280 283 296 
273 274 275 283 286 
277 278 279 282 285 
290 293 317 347 349 
290 317 329 337 349 
287 288 290 291 300 
246 256 288 290 291 
246 256 288 290 291 
236 237 244 248 281 
272 273 280 283 309 
272 273 280 283 296 
272 273 280 283 309 
272 273 280 283 296 
272 273 280 283 296 
272 273 280 283 296 
272 273 274 283 332 
272 273 274 309 332 
272 273 280 309 332 
272 273 274 309 332 
278 279 280 282 296 
278 279 280 282 296 
278 279 280 282 296 
277 278 279 282 285 
277 278 279 282 285 
277 278 284 285 292 
277 278 279 282 285 
290 293 317 347 349 
290 293 300 317 349 
290 317 337 347 349 
290 317 337 347 349 
290 300 317 337 349 
290 317 329 337 349 
277 278 281 284 285 
277 278 284 285 292 
246 288 290 291 300 
246 287 288 290 291 
246 287 288 290 291 
290 291 317 329 337 
246 256 288 290 291 
246 256 288 290 291 
246 256 288 290 291 
246 256 288 290 291 
246 256 288 290 291 
272 273 280 309 332 
236 237 244 248 281 
272 273 280 283 309 
272 273 280 283 296 
272 273 280 283 309 
272 273 280 283 309 
272 279 280 283 296 
273 279 280 283 296 
272 279 280 283 296 
273 274 275 283 286 
273 274 275 283 332 
272 273 274 309 332 
272 273 274 309 332 
272 273 280 309 332 
272 273 274 309 332 
272 273 274 283 332 
272 273 274 283 332 
272 273 274 280 283 
272 273 274 280 283 
278 279 280 282 296 
278 279 280 282 296 
278 279 280 282 296 
278 279 280 282 296 
278 279 280 282 296 
277 278 279 282 285 
277 278 284 285 292 
277 278 279 284 285 
277 278 279 285 292 
288 290 291 300 317 
288 290 293 300 317 
276 290 293 317 347 
276 290 293 317 347 
290 293 317 347 349 
276 290 293 317 347 
290 293 300 317 347 
276 290 293 317 347 
290 317 337 347 349 
290 300 317 337 349 
288 290 291 300 317 
290 291 317 337 349 
290 317 329 337 349 
290 317 329 337 349 
290 291 317 337 349 
236 244 277 281 284 
256 287 288 290 291 
256 287 288 290 291 
246 256 288 290 291 
246 256 288 290 291 
256 257 288 290 291 
256 287 288 290 291 
246 256 288 290 291 
246 256 288 290 291 
246 256 288 290 291 
246 256 288 290 291 
246 256 288 290 291 
273 274 275 283 332 
273 274 275 283 332 
272 273 280 283 296 
272 279 280 283 296 
279 280 282 294 296 
272 273 274 280 283 
272 273 274 283 332 
272 273 274 283 332 
272 273 274 283 332 
272 273 274 283 332 
272 273 274 283 332 
272 273 274 283 332 
272 273 274 283 332 
272 273 274 283 332 
272 273 274 283 332 
272 273 274 280 283 
272 273 274 280 283 
272 273 274 283 332 
272 273 274 283 332 
272 273 274 283 332 
272 273 274 283 332 
272 273 274 283 332 
272 273 274 275 283 
273 274 275 283 296 
273 274 275 283 332 
272 273 280 283 296 
277 278 279 285 292 
276 293 317 342 347 
276 290 293 317 347 
276 293 317 347 349 
276 290 293 317 347 
290 293 300 317 349 
276 290 293 317 347 
276 290 293 300 317 
288 290 291 300 317 
290 291 317 337 349 
290 317 329 337 349 
290 317 329 337 349 
290 317 329 337 349 
290 291 317 337 349 
290 291 317 329 337 
236 244 248 250 281 
256 287 288 290 291 
246 287 288 290 291 
246 256 288 290 291 
246 256 288 290 291 
290 291 317 329 337 
246 256 288 290 291 
246 256 288 290 291 
246 256 288 290 291 
246 256 288 290 291 
246 256 288 290 291 
246 256 288 290 291 
246 256 288 290 291 
246 256 288 290 291 
246 256 288 290 291 
246 256 288 290 291 
246 256 288 290 291 
272 279 280 283 296 
275 276 286 293 317 
274 275 276 286 293 
274 275 276 286 343 
273 274 275 283 332 
273 274 275 283 332 
273 274 275 283 343 
273 279 280 283 296 
278 279 282 294 296 
272 273 274 283 332 
272 273 274 280 283 
272 273 274 280 283 
272 273 274 283 332 
272 273 274 280 283 
272 273 274 283 332 
272 273 274 283 332 
235 249 250 287 289 
276 293 317 342 347 
276 293 317 342 347 
276 293 317 342 347 
276 293 317 342 347 
276 293 317 342 347 
276 290 293 317 347 
276 290 293 317 347 
276 293 317 347 349 
276 293 317 347 349 
276 293 317 347 349 
276 293 317 347 349 
246 288 290 291 300 
290 317 329 337 349 
290 291 317 329 337 
290 291 317 329 337 
290 291 317 329 337 
290 291 317 329 337 
290 291 317 329 337 
288 290 291 300 317 
246 288 290 291 300 
288 290 291 300 317 
290 291 317 337 349 
246 288 290 291 329 
236 244 248 250 281 
249 256 257 287 288 
249 256 257 287 288 
246 287 288 290 291 
246 287 288 290 291 
246 287 288 290 291 
246 287 288 290 291 
256 287 288 290 291 
246 256 288 290 291 
246 256 288 290 291 
256 257 287 288 291 
256 287 288 290 291 
246 256 288 290 291 
246 256 288 290 291 
246 256 288 290 291 
246 256 288 290 291 
246 256 288 290 291 
246 256 288 290 291 
246 256 288 290 291 
246 256 288 290 291 
246 256 288 290 291 
246 256 288 290 291 
246 256 288 290 291 
275 276 286 293 343 
275 276 286 293 342 
275 276 286 293 342 
274 275 276 286 343 
274 275 276 286 343 
274 275 283 286 343 
273 274 275 283 343 
273 274 275 283 343 
273 274 275 283 332 
273 274 275 283 332 
272 273 280 283 296 
273 279 280 283 296 
279 280 283 294 296 
279 280 283 294 296 
279 280 282 283 296 
279 280 282 283 296 
279 280 282 294 296 
278 279 282 294 296 
278 279 282 285 296 
273 274 280 283 296 
272 273 274 283 332 
272 273 280 283 296 
276 293 317 342 347 
276 293 317 342 347 
276 293 317 342 347 
276 293 317 342 347 
276 293 317 342 347 
288 290 293 300 317 
287 288 290 291 300 
276 290 293 317 347 
276 290 293 317 347 
276 290 293 317 347 
276 290 293 300 317 
288 290 293 300 317 
288 290 291 300 317 
288 290 291 300 317 
287 288 290 291 300 
287 288 290 291 300 
246 288 290 291 300 
290 291 317 337 349 
290 291 300 317 349 
277 278 281 284 285 
235 244 250 264 281 
236 244 248 250 281 
287 288 290 291 300 
287 288 290 291 300 
235 249 257 287 288 
235 249 257 287 288 
246 287 288 290 291 
256 257 287 288 291 
246 256 288 290 291 
246 256 288 290 291 
246 256 288 290 291 
246 256 288 290 291 
275 276 293 317 342 
275 276 293 317 342 
275 276 293 317 342 
275 276 286 293 342 
275 276 286 293 342 
275 276 286 293 342 
275 276 286 293 343 
275 276 286 293 343 
275 276 286 293 342 
274 275 276 286 343 
274 275 276 286 343 
274 275 276 286 343 
274 275 283 286 343 
274 275 283 286 343 
274 275 283 286 343 
274 275 276 286 343 
274 275 276 286 343 
274 275 276 286 343 
274 275 276 286 343 
274 275 283 286 343 
273 274 275 283 286 
274 275 283 286 343 
273 274 275 283 332 
273 274 275 283 343 
273 274 275 283 286 
272 273 280 283 296 
272 273 280 283 296 
279 280 282 294 296 
278 279 280 282 296 
278 279 282 294 296 
273 274 275 283 332 
273 274 275 283 332 
273 274 275 283 332 
273 274 275 283 332 
272 273 274 283 332 
272 273 274 280 283 
277 278 279 282 285 
277 278 279 282 285 
277 278 279 285 292 
235 249 250 261 289 
235 244 249 250 289 
235 249 250 289 297 
276 293 317 342 347 
276 293 317 342 347 
275 276 293 317 342 
288 290 293 300 317 
288 290 293 300 317 
287 288 290 291 300 
287 288 290 291 300 
290 291 317 337 349 
290 291 317 337 349 
290 291 317 329 337 
290 291 317 329 337 
277 278 281 284 285 
277 278 284 285 292 
277 278 284 285 292 
235 236 244 250 281 
287 288 290 291 300 
256 287 288 290 291 
246 287 288 290 291 
246 287 288 290 291 
246 287 288 290 291 
246 256 288 290 291 
246 256 288 290 291 
246 256 288 290 291 
246 256 288 290 291 
246 256 288 290 291 
275 276 293 317 342 
275 276 293 317 342 
275 276 286 293 342 
275 276 286 293 342 
274 275 276 286 293 
275 276 286 293 342 
275 276 286 293 342 
274 275 283 286 343 
274 275 276 283 286 
274 275 276 283 286 
274 275 276 283 286 
274 275 283 286 343 
274 275 283 286 294 
274 275 276 283 286 
273 274 275 283 332 
273 274 275 283 332 
273 274 275 283 286 
273 274 275 283 286 
273 274 275 283 286 
273 274 275 283 332 
273 274 275 283 332 
272 273 274 283 332 
273 274 275 283 332 
273 274 275 283 286 
272 273 274 280 283 
272 273 274 280 283 
272 273 274 280 283 
278 279 282 285 292 
278 279 282 285 292 
277 278 284 285 292 
235 244 250 289 297 
235 244 249 250 289 
276 293 317 342 347 
276 293 302 317 347 
276 293 317 342 347 
276 293 317 342 347 
275 276 293 317 342 
275 276 293 317 342 
287 288 290 291 300 
288 290 293 300 317 
288 290 291 300 317 
290 291 317 337 349 
290 291 317 337 349 
290 291 317 329 337 
277 278 284 285 292 
236 244 250 281 297 
256 287 288 290 291 
246 287 288 290 291 
246 287 288 290 291 
246 256 288 290 291 
256 287 288 290 291 
246 256 288 290 291 
275 276 293 317 342 
275 276 293 317 342 
275 276 293 317 342 
275 276 293 317 342 
275 276 286 293 342 
275 276 293 317 342 
275 276 286 293 343 
274 275 276 286 343 
273 274 275 283 332 
273 274 275 283 286 
274 275 283 286 343 
274 275 283 286 343 
273 274 275 283 286 
273 274 275 283 286 
273 274 275 283 286 
273 274 275 283 286 
273 274 275 283 286 
272 273 274 280 283 
235 244 250 289 297 
235 244 250 289 297 
235 249 250 289 297 
287 288 290 291 300 
287 288 290 291 300 
288 290 291 300 317 
287 288 290 291 300 
290 291 317 329 337 
290 291 317 329 337 
290 291 317 329 337 
235 236 244 250 281 
236 244 250 281 284 
236 244 250 281 297 
246 256 288 290 291 
287 288 290 291 300 
287 288 290 291 300 
256 287 288 290 291 
246 256 288 290 291 
246 256 288 290 291 
246 256 288 290 291 
275 276 293 317 342 
275 276 286 293 317 
275 276 286 293 317 
275 276 286 293 317 
275 276 286 293 317 
274 275 276 286 293 
274 275 276 286 293 
273 274 275 283 286 
273 274 275 283 286 
274 275 283 286 343 
278 279 282 294 296 
273 274 275 283 286 
272 273 274 280 283 
272 273 280 283 296 
272 273 274 280 283 
287 288 290 291 300 
288 290 293 300 317 
290 291 317 329 337 
246 287 288 290 291 
287 288 290 291 300 
246 256 288 290 291 
256 287 288 290 291 
287 288 290 291 300 
246 256 288 290 291 
275 276 286 293 342 
275 276 286 293 342 
273 274 275 283 286 
273 274 275 283 286 
278 279 282 294 296 
273 274 275 283 286 
272 273 280 283 296 
272 273 274 280 283 
272 273 280 283 296 
287 288 290 291 300 
256 287 288 290 291 
275 276 286 293 317 
275 276 286 293 342 
275 276 286 293 342 
275 276 286 293 342 
274 275 276 286 293 
274 275 276 286 293 
274 275 276 286 293 
274 275 276 286 293 
274 275 276 283 286 
274 275 283 286 294 
273 274 283 286 296 
273 274 283 286 296 
273 274 283 286 296 
274 275 283 286 294 
272 273 274 280 283 
273 274 280 283 296 
272 273 274 280 283 
287 288 290 291 300 
288 290 291 298 300 
288 290 291 317 329 
277 281 284 285 297 
236 244 250 281 284 
249 256 257 287 288 
246 256 288 290 291 
246 256 288 290 291 
275 276 286 293 317 
275 276 286 293 342 
274 283 286 294 296 
274 275 283 286 294 
273 274 280 283 296 
288 290 298 300 301 
290 291 293 300 317 
288 290 291 300 317 
288 290 291 300 317 
288 290 291 300 317 
236 277 281 284 297 
236 277 281 284 285 
246 256 288 290 291 
256 287 288 290 291 
275 276 286 293 302 
274 275 276 286 293 
274 275 276 286 293 
274 275 276 286 293 
273 274 280 283 296 
273 274 280 283 296 
273 274 280 283 296 
273 274 280 283 296 
273 274 280 283 296 
273 274 283 286 296 
288 290 298 300 317 
288 290 291 300 317 
277 281 284 285 297 
277 281 284 285 297 
256 287 288 290 291 
246 256 288 290 291 
256 287 288 290 291 
274 275 276 286 293 
275 276 286 293 302 
274 275 276 283 286 
274 275 276 283 286 
274 275 276 283 286 
274 275 283 286 294 
274 275 276 283 286 
274 275 276 286 293 
235 244 250 289 297 
288 290 291 300 317 
275 276 286 293 317 
274 275 276 286 293 
273 274 283 286 296 
273 274 280 283 296 
277 278 284 285 292 
277 278 282 285 292 
278 282 285 292 303 
249 256 257 287 288 
275 276 286 293 317 
275 276 286 293 317 
275 276 293 317 342 
275 276 293 317 342 
276 286 293 302 317 
275 286 293 294 302 
275 286 293 294 302 
274 275 276 286 293 
275 286 293 294 302 
275 286 293 294 302 
275 276 286 293 302 
288 290 291 300 317 
288 290 291 300 317 
249 256 257 287 288 
256 287 288 290 291 
287 288 290 291 300 
276 286 293 317 342 
275 276 293 317 342 
274 275 276 283 286 
283 286 293 294 302 
275 283 286 294 302 
275 283 286 294 302 
288 290 291 300 317 
277 278 284 285 292 
277 278 285 292 303 
249 256 257 287 288 
249 256 257 287 288 
275 283 286 294 302 
274 275 283 286 294 
235 249 287 289 295 
249 287 288 289 295 
249 256 257 287 288 
277 278 282 285 292 
277 278 282 285 292 
249 257 287 288 289 
275 283 286 294 302 
275 276 286 293 302 
275 283 286 294 302 
275 283 286 294 302 
274 275 283 286 294 
274 275 283 286 294 
275 283 286 294 296 
278 282 285 292 303 
278 282 285 292 303 
277 278 282 285 292 
275 283 286 294 296 
278 282 285 292 303 
283 286 294 296 302 
283 286 294 296 302 
283 286 294 296 302 
275 283 286 294 296 
249 287 288 289 295 
235 249 287 288 289 
235 249 261 287 289 
275 283 286 294 296 
249 287 288 289 295 
249 287 288 295 298 
249 287 288 291 298 
249 287 288 295 298 
249 257 287 288 289 
249 287 288 298 300 
290 291 317 329 337 
290 291 317 329 337 
290 291 317 337 349 
276 293 300 317 347 
288 290 293 300 317 
276 290 293 300 317 
276 290 293 300 317 
276 290 293 300 317 
276 290 293 300 317 
288 290 293 300 317 
288 290 293 300 317 
276 290 293 300 317 
276 290 293 300 317 
288 290 293 300 317 
246 288 290 291 300 
246 288 290 291 300 
246 288 290 291 300 
246 288 290 291 300 
288 290 291 300 317 
288 290 291 300 317 
288 290 291 300 317 
288 290 291 317 329 
246 256 288 290 291 
235 249 250 287 289 
235 287 289 295 297 
235 287 289 295 297 
287 289 295 297 299 
287 289 295 298 299 
235 250 289 295 297 
287 288 289 295 298 
287 288 295 298 300 
287 288 295 298 300 
276 293 300 317 347 
246 256 288 290 291 
246 287 288 290 291 
279 280 282 294 296 
278 279 280 282 296 
279 280 282 294 296 
279 280 282 294 296 
279 280 282 294 296 
279 282 283 294 296 
290 317 329 337 349 
287 288 290 291 300 
276 286 293 302 317 
276 286 293 302 317 
276 286 293 302 317 
276 286 293 302 317 
276 293 300 302 317 
276 293 300 302 317 
276 293 300 302 317 
276 293 300 302 317 
276 286 293 302 317 
276 293 300 302 317 
276 293 300 317 347 
276 293 300 302 317 
276 293 300 302 317 
276 293 300 302 317 
276 290 293 300 317 
290 300 317 337 349 
246 288 290 291 300 
246 288 290 291 329 
246 288 290 291 300 
246 288 290 291 300 
246 288 290 291 300 
246 288 290 291 300 
246 288 290 291 300 
246 288 290 291 300 
246 288 290 291 300 
246 288 290 291 329 
246 288 290 291 300 
246 288 290 291 329 
246 288 290 291 300 
246 288 290 291 329 
246 288 290 291 329 
287 288 290 291 300 
287 288 290 291 300 
288 290 291 300 317 
246 256 288 290 291 
246 256 288 290 291 
246 256 288 290 291 
246 256 288 290 291 
246 256 288 290 291 
246 256 288 290 291 
246 256 288 290 291 
246 256 288 290 291 
246 256 288 290 291 
246 256 288 290 291 
246 256 288 290 291 
246 256 288 290 291 
246 256 288 290 291 
246 256 288 290 291 
246 256 288 290 291 
246 256 288 290 291 
246 256 288 290 291 
246 256 288 290 291 
246 256 288 290 291 
246 287 288 290 291 
246 287 288 290 291 
246 256 288 290 291 
246 287 288 290 291 
246 256 288 290 291 
246 256 288 290 291 
246 287 288 290 291 
246 287 288 290 291 
246 287 288 290 291 
246 288 290 291 300 
246 288 290 291 300 
246 287 288 290 291 
246 287 288 290 291 
246 287 288 290 291 
246 287 288 290 291 
246 287 288 290 291 
246 288 290 291 300 
246 287 288 290 291 
246 287 288 290 291 
246 288 290 291 300 
246 287 288 290 291 
287 288 290 291 300 
287 288 290 291 300 
287 288 290 291 300 
288 290 291 300 317 
288 290 291 300 317 
288 290 291 300 317 
287 288 290 291 300 
287 288 290 291 300 
246 256 288 290 291 
256 287 288 290 291 
256 287 288 290 291 
256 287 288 290 291 
279 282 283 294 296 
273 274 280 283 296 
278 279 282 285 292 
278 279 282 285 292 
278 282 285 292 303 
278 282 285 292 303 
279 282 285 292 303 
287 288 290 291 300 
256 287 288 290 291 
287 288 290 291 300 
287 288 290 291 300 
287 288 290 291 300 
287 288 295 298 300 
287 288 290 291 300 
256 287 288 290 291 
273 280 283 294 296 
277 278 284 285 292 
277 284 285 292 297 
284 285 292 299 303 
277 284 285 292 299 
284 285 292 297 299 
285 292 295 299 303 
277 281 284 292 297 
277 284 285 292 297 
277 278 285 292 299 
288 290 298 300 317 
288 290 293 298 300 
288 290 298 300 317 
288 290 298 300 301 
288 290 293 300 317 
290 293 300 302 317 
290 293 300 302 317 
288 290 293 300 317 
290 293 300 302 317 
288 290 298 300 301 
290 293 300 302 317 
293 300 301 302 317 
293 300 301 302 317 
290 293 300 302 317 
293 300 301 302 317 
290 293 298 300 301 
288 290 298 300 301 
290 293 298 300 301 
293 298 300 301 302 
290 293 298 300 301 
290 298 300 301 302 
293 298 300 301 302 
290 293 298 300 301 
288 290 298 300 301 
288 290 298 300 301 
293 300 301 302 317 
293 298 300 301 302 
288 290 298 300 301 
293 298 300 301 302 
293 298 300 301 302 
293 298 300 301 302 
293 298 300 301 302 
286 293 300 301 302 
286 293 300 301 302 
293 298 300 301 302 
293 298 300 301 302 
293 298 300 301 302 
293 298 300 301 302 
286 293 300 301 302 
276 293 300 302 317 
276 286 293 302 317 
276 286 293 302 317 
276 293 300 302 317 
276 286 293 302 317 
275 276 286 293 317 
275 276 286 293 317 
275 276 286 293 302 
275 276 286 293 302 
276 286 293 302 317 
275 276 286 293 302 
276 286 293 302 317 
275 276 286 293 302 
275 276 286 293 302 
275 276 286 293 302 
276 286 293 294 302 
276 286 293 301 302 
275 276 286 293 302 
275 276 286 293 302 
276 286 293 294 302 
275 276 286 293 302 
275 276 286 293 302 
275 276 286 293 302 
276 286 293 294 302 
277 278 282 285 292 
274 283 286 294 296 
274 283 286 294 296 
274 283 286 294 296 
274 283 286 294 296 
274 283 286 294 296 
280 283 286 294 296 
274 283 286 294 296 
274 283 286 294 296 
280 283 286 294 296 
280 283 286 294 296 
273 274 280 283 296 
280 283 286 294 296 
273 280 283 294 296 
280 283 286 294 296 
273 280 283 294 296 
273 274 280 283 296 
282 286 294 296 302 
235 249 287 288 289 
276 290 293 317 347 
276 293 300 317 347 
276 290 293 300 317 
289 295 297 298 299 
289 295 297 298 299 
249 287 289 295 297 
287 288 295 298 300 
287 288 289 295 298 
287 288 289 295 298 
287 288 289 295 298 
249 287 288 289 295 
249 287 288 289 295 
249 287 288 289 295 
279 282 283 294 296 
279 282 283 294 296 
279 282 283 294 296 
280 282 283 294 296 
280 282 283 294 296 
275 276 286 293 317 
276 286 293 302 317 
276 290 293 300 317 
276 290 293 300 317 
246 288 290 291 300 
246 288 290 291 329 
246 288 290 291 329 
246 288 290 291 300 
246 288 290 291 300 
246 256 288 290 291 
246 256 288 290 291 
246 288 290 291 300 
287 288 290 291 300 
256 287 288 290 291 
279 282 283 294 296 
279 282 283 294 296 
278 279 282 294 296 
278 279 282 294 296 
279 282 294 296 303 
278 279 282 294 296 
287 288 290 291 300 
287 288 290 298 300 
287 288 290 298 300 
287 288 290 298 300 
244 250 281 289 297 
284 285 292 297 299 
284 289 292 295 297 
250 284 289 295 297 
277 284 285 292 297 
281 284 285 292 297 
277 285 292 299 303 
277 284 285 292 297 
284 285 292 297 299 
289 292 295 297 299 
289 292 295 297 299 
285 292 295 299 303 
284 289 292 295 297 
284 285 292 297 299 
285 292 295 299 303 
278 285 292 299 303 
289 292 295 297 299 
289 292 295 297 299 
282 285 292 299 303 
285 292 295 299 303 
235 284 289 295 297 
236 250 281 284 297 
236 244 250 281 284 
288 290 298 300 301 
287 288 290 298 300 
288 290 298 300 301 
288 290 298 300 301 
288 290 298 300 301 
288 290 298 300 301 
288 290 298 300 301 
288 290 298 300 301 
288 290 298 300 301 
288 290 298 300 301 
288 290 298 300 301 
288 290 298 300 301 
288 290 298 300 301 
287 288 290 298 300 
276 290 293 300 317 
293 298 300 301 302 
293 298 300 301 302 
280 283 286 294 296 
273 274 280 283 296 
272 273 280 283 296 
283 286 293 294 302 
283 286 294 296 302 
292 295 297 298 299 
295 298 299 300 301 
292 295 298 299 303 
295 298 299 300 301 
292 295 297 298 299 
289 292 295 298 299 
289 295 297 298 299 
298 299 300 301 303 
295 298 299 300 301 
295 298 299 300 301 
292 295 298 299 303 
295 298 299 300 301 
295 298 299 300 301 
298 299 300 301 303 
298 299 300 301 303 
288 295 298 300 301 
288 295 298 300 301 
298 300 301 302 303 
298 299 300 301 303 
298 300 301 302 303 
298 300 301 302 303 
298 300 301 302 303 
298 300 301 302 303 
288 295 298 300 301 
288 290 298 300 301 
288 290 298 300 301 
298 299 300 301 303 
298 300 301 302 303 
288 290 298 300 301 
288 290 298 300 301 
298 299 300 301 303 
298 300 301 302 303 
288 298 300 301 302 
298 300 301 302 303 
293 298 300 301 302 
293 298 300 301 302 
293 298 300 301 302 
293 298 300 301 302 
288 298 300 301 302 
293 298 300 301 302 
288 298 300 301 302 
298 299 300 301 302 
293 298 300 301 302 
287 288 290 291 300 
279 282 283 294 296 
279 282 283 294 296 
280 283 286 294 296 
280 282 283 294 296 
283 286 294 296 302 
283 286 294 296 302 
282 286 294 296 302 
282 286 294 296 302 
286 294 301 302 303 
279 282 294 296 302 
282 294 296 302 303 
282 286 294 296 302 
279 282 283 294 296 
279 282 294 296 303 
279 282 294 296 303 
279 282 294 296 303 
279 282 283 294 296 
279 282 294 296 303 
287 288 290 291 300 
250 284 289 295 297 
250 281 284 289 297 
289 292 295 297 299 
289 292 295 297 299 
285 292 295 299 303 
285 292 299 301 303 
282 285 292 299 303 
285 292 299 301 303 
288 298 300 301 302 
287 288 290 298 300 
287 288 290 298 300 
276 286 293 294 302 
275 276 286 293 302 
275 276 286 293 302 
275 286 293 294 302 
275 286 293 294 302 
275 286 293 294 302 
275 286 293 294 302 
275 286 293 294 302 
286 293 294 301 302 
286 293 294 301 302 
286 293 294 301 302 
283 286 293 294 302 
286 293 294 301 302 
286 294 296 301 302 
282 286 294 296 302 
287 288 298 300 301 
298 299 300 301 303 
298 299 300 301 303 
298 299 300 301 303 
298 299 300 301 303 
292 298 299 301 303 
292 298 299 301 303 
292 298 299 301 303 
292 298 299 301 303 
285 292 299 301 303 
285 292 299 301 303 
292 298 299 301 303 
292 298 299 301 303 
285 292 295 299 303 
292 298 299 301 303 
292 298 299 301 303 
292 298 299 301 303 
292 298 299 301 303 
292 298 299 301 303 
292 298 299 301 303 
292 298 299 301 303 
292 298 301 302 303 
282 292 299 301 303 
282 292 299 301 303 
292 298 299 301 303 
292 298 299 301 303 
282 292 294 301 303 
288 295 298 300 301 
298 300 301 302 303 
293 298 300 301 302 
293 298 300 301 302 
293 298 300 301 302 
293 298 300 301 302 
286 293 300 301 302 
294 300 301 302 303 
298 300 301 302 303 
293 294 301 302 303 
293 294 301 302 303 
286 293 294 301 302 
293 294 300 301 302 
286 293 300 301 302 
286 293 294 301 302 
286 293 294 301 302 
294 300 301 302 303 
286 294 301 302 303 
286 293 294 301 302 
294 300 301 302 303 
286 293 294 301 302 
286 294 301 302 303 
286 293 294 301 302 
286 293 294 301 302 
292 294 301 302 303 
292 298 301 302 303 
294 298 301 302 303 
298 300 301 302 303 
292 298 299 301 303 
298 299 300 301 303 
298 299 300 301 303 
282 283 286 294 296 
282 294 296 302 303 
282 286 294 296 302 
282 294 296 301 302 
282 286 294 296 302 
282 286 294 296 302 
286 293 300 301 302 
286 293 300 301 302 
286 293 300 301 302 
286 293 300 301 302 
286 293 294 301 302 
286 293 294 301 302 
285 292 299 301 303 
282 285 292 299 303 
282 292 299 301 303 
282 285 292 299 303 
282 285 292 299 303 
282 285 292 299 303 
282 285 292 301 303 
298 299 300 301 303 
282 294 301 302 303 
286 294 301 302 303 
282 286 294 296 302 
282 286 294 296 302 
282 286 294 296 302 
282 286 294 296 302 
286 294 296 301 302 
278 282 285 292 303 
282 285 292 299 303 
282 285 292 299 303 
276 286 293 301 302 
286 293 294 301 302 
286 293 294 301 302 
286 294 301 302 303 
286 293 294 301 302 
286 294 301 302 303 
286 294 296 301 302 
286 294 301 302 303 
286 294 301 302 303 
286 294 301 302 303 
282 294 301 302 303 
279 282 292 294 303 
286 293 294 301 302 
276 286 293 301 302 
276 286 293 301 302 
282 294 301 302 303 
282 294 301 302 303 
282 294 296 302 303 
282 294 301 302 303 
282 294 296 302 303 
304 305 313 318 334 
304 305 318 334 352 
304 305 306 318 322 
305 306 318 322 327 
305 306 318 322 327 
305 306 318 322 327 
305 306 307 322 327 
305 306 307 322 327 
305 306 307 322 327 
305 306 307 314 327 
306 307 308 314 327 
306 307 308 314 321 
306 307 308 314 321 
306 307 308 314 321 
245 307 308 314 321 
245 307 308 321 326 
245 307 308 321 326 
245 307 308 321 326 
242 245 253 308 321 
240 246 315 323 324 
315 323 324 329 345 
315 323 324 329 345 
315 323 324 329 336 
315 324 329 336 337 
315 324 329 336 337 
315 324 329 336 337 
315 329 336 337 349 
290 329 336 337 349 
290 317 329 337 349 
290 291 329 337 349 
272 273 280 309 332 
272 273 280 309 332 
272 273 309 310 332 
272 273 309 310 332 
272 273 309 310 332 
272 273 309 310 332 
309 310 316 332 335 
309 310 316 332 335 
309 310 316 332 335 
309 310 311 316 335 
309 310 311 316 335 
310 311 316 325 335 
311 312 316 325 350 
311 312 313 320 350 
311 312 313 320 350 
311 312 313 320 333 
304 312 313 320 333 
315 323 336 345 346 
329 336 337 349 357 
315 329 336 337 349 
315 329 336 337 345 
304 318 333 334 352 
305 306 322 327 358 
306 307 314 327 330 
307 308 314 321 326 
307 308 314 321 326 
245 307 308 314 321 
245 307 308 321 326 
245 307 308 321 326 
304 312 313 320 333 
312 313 320 333 359 
311 312 313 320 333 
311 312 316 325 350 
272 273 309 310 332 
272 273 274 309 332 
272 273 274 309 332 
272 273 274 309 332 
306 307 308 314 327 
304 305 313 318 334 
315 323 324 329 345 
240 246 315 323 324 
272 273 274 309 332 
315 323 329 336 345 
290 317 337 347 349 
290 317 337 347 349 
290 317 337 347 349 
272 273 280 309 332 
272 273 274 309 332 
272 273 274 309 332 
245 307 308 321 326 
242 245 308 321 326 
245 307 308 314 321 
305 306 307 322 327 
305 306 307 322 327 
304 305 318 322 352 
304 305 318 322 352 
315 323 345 346 354 
240 243 319 323 364 
240 246 315 323 324 
240 243 315 323 324 
240 246 315 323 324 
240 246 315 323 324 
272 273 309 310 332 
272 273 274 309 332 
290 317 337 347 349 
272 273 309 310 332 
245 307 308 314 321 
307 308 314 328 330 
245 307 308 321 326 
306 307 308 314 321 
304 313 318 333 334 
304 313 318 333 334 
304 313 318 333 334 
304 305 318 322 352 
306 307 314 322 327 
304 305 318 334 352 
315 323 345 363 364 
243 319 341 348 364 
240 243 319 323 364 
240 246 315 323 324 
240 246 315 323 324 
240 246 315 323 324 
240 246 315 323 324 
240 315 323 324 363 
315 323 324 336 345 
240 246 315 323 324 
240 246 315 323 324 
304 313 318 333 334 
304 312 313 333 334 
304 312 313 320 333 
312 313 320 333 359 
312 313 320 350 351 
312 313 320 333 351 
310 311 316 325 335 
310 311 316 325 335 
310 311 316 325 335 
309 310 311 316 335 
309 310 316 332 335 
272 309 310 332 335 
272 273 309 310 332 
272 273 309 310 332 
272 273 309 310 332 
272 273 274 309 332 
272 273 274 309 332 
272 273 274 309 332 
272 273 274 309 332 
336 337 345 346 357 
329 336 337 345 349 
290 317 329 337 349 
290 291 329 337 349 
290 317 329 337 349 
276 293 317 342 347 
317 336 337 349 357 
290 293 317 347 349 
290 317 329 337 349 
290 317 329 337 349 
290 317 337 347 349 
272 273 309 310 332 
245 307 308 314 321 
306 307 308 314 321 
306 307 308 314 327 
306 307 308 314 327 
306 307 308 314 327 
306 307 308 314 321 
305 306 322 327 358 
305 306 322 327 358 
304 305 306 318 322 
304 305 306 318 322 
305 306 307 322 327 
305 306 307 322 327 
304 313 318 333 334 
304 305 318 352 358 
305 306 307 314 327 
306 307 314 322 327 
306 307 314 327 330 
243 247 319 341 348 
240 243 255 319 364 
240 315 323 324 364 
240 243 319 323 364 
240 315 323 324 329 
315 323 324 329 345 
304 312 313 320 333 
304 312 313 320 333 
311 312 313 320 350 
311 312 313 320 350 
311 325 350 366 367 
309 310 316 335 340 
272 273 309 310 332 
272 273 309 310 332 
272 273 309 310 332 
272 273 309 310 332 
272 273 309 310 332 
272 273 309 310 332 
272 273 309 310 332 
309 310 316 332 335 
272 273 274 309 332 
272 273 274 309 332 
272 273 274 309 332 
272 273 274 309 332 
315 323 329 336 345 
315 329 336 337 349 
290 317 329 337 349 
290 329 336 337 349 
290 317 329 337 349 
290 291 329 337 349 
276 293 317 342 347 
276 293 317 347 349 
290 317 337 347 349 
242 245 308 321 326 
242 245 253 321 326 
242 245 308 321 326 
304 305 306 318 322 
305 306 318 322 327 
304 305 318 334 352 
243 247 255 319 341 
305 306 322 327 358 
305 318 322 352 358 
243 247 255 319 341 
240 243 319 323 364 
240 243 319 323 364 
240 243 319 323 364 
240 243 263 319 364 
240 243 255 319 364 
240 246 315 323 324 
240 246 315 323 324 
240 315 323 324 329 
315 323 324 329 345 
315 323 324 329 345 
315 323 324 329 345 
315 323 324 329 336 
315 323 324 329 345 
315 323 336 345 346 
315 324 329 336 345 
240 246 315 323 324 
304 312 313 333 334 
311 312 320 325 350 
311 312 316 325 350 
275 276 293 317 342 
275 276 342 343 347 
274 275 276 342 343 
275 276 286 342 343 
273 274 275 283 332 
273 274 275 283 332 
273 274 275 283 332 
273 274 275 283 332 
273 274 275 283 343 
272 273 309 310 332 
272 273 274 283 332 
272 273 274 283 332 
272 273 274 309 332 
272 273 274 309 332 
272 273 274 309 332 
272 273 274 309 332 
272 273 274 309 332 
272 273 274 309 332 
272 273 309 310 332 
272 273 274 309 332 
272 273 274 309 332 
315 324 329 336 337 
336 337 345 346 349 
329 336 337 345 349 
290 317 329 337 349 
290 317 329 337 349 
290 317 329 337 349 
276 293 317 342 347 
276 293 317 342 347 
276 293 317 347 349 
317 336 337 349 357 
317 336 337 349 357 
276 293 317 347 349 
290 317 329 337 349 
290 317 329 337 349 
290 317 329 337 349 
290 317 337 347 349 
290 317 337 347 349 
234 247 319 328 341 
245 307 308 314 321 
307 308 314 321 326 
307 308 314 321 326 
306 307 308 314 327 
306 307 308 314 327 
234 242 245 321 326 
245 308 314 321 326 
304 318 333 334 352 
304 305 318 334 352 
306 307 308 314 327 
304 305 318 322 352 
240 243 255 319 364 
240 243 255 319 341 
240 243 315 323 364 
240 315 323 324 364 
240 243 323 324 364 
240 243 323 324 364 
240 243 246 323 324 
240 246 315 323 324 
240 246 315 323 324 
240 315 323 324 364 
240 315 323 324 329 
240 315 323 324 329 
315 323 324 329 345 
315 323 324 329 345 
315 323 324 329 336 
315 323 324 329 345 
240 246 315 323 324 
240 246 315 323 324 
240 246 315 323 324 
311 312 320 350 351 
312 313 320 350 351 
275 276 293 342 343 
274 275 276 286 343 
274 275 283 286 343 
274 275 276 286 343 
274 275 276 286 343 
272 273 309 310 332 
273 274 275 283 332 
273 274 275 283 332 
273 274 275 283 332 
273 274 275 283 343 
273 274 275 283 343 
272 273 274 283 332 
272 273 274 309 332 
272 273 274 309 332 
272 273 274 283 332 
272 273 274 309 332 
272 273 274 309 332 
272 273 274 309 332 
272 273 274 309 332 
272 273 274 309 332 
272 273 274 309 332 
272 273 274 309 332 
272 273 274 309 332 
315 336 337 345 346 
315 336 337 345 346 
315 323 336 337 345 
315 324 329 336 337 
315 324 329 336 337 
315 329 336 337 349 
315 329 336 337 349 
329 336 337 349 357 
329 336 337 349 357 
290 317 329 337 349 
290 317 329 337 349 
290 329 336 337 349 
276 293 317 342 347 
276 293 317 342 347 
276 293 317 342 347 
317 336 337 349 357 
317 336 337 349 357 
290 317 337 347 349 
276 293 317 347 349 
290 293 317 347 349 
276 290 293 317 347 
290 317 337 347 349 
290 317 337 347 349 
234 242 321 326 328 
234 242 321 326 328 
234 242 247 326 328 
234 242 245 321 326 
307 308 314 321 326 
306 307 314 322 327 
242 245 308 321 326 
304 313 333 334 359 
304 313 333 334 359 
313 320 333 334 359 
315 323 336 345 363 
243 247 255 319 341 
243 247 255 319 341 
305 306 322 327 358 
240 243 255 319 364 
240 243 255 319 364 
243 247 255 319 341 
243 255 319 341 364 
240 243 255 319 364 
240 315 323 324 364 
240 315 323 324 364 
240 243 323 324 364 
240 246 315 323 324 
240 246 315 323 324 
315 323 324 345 363 
315 323 324 329 345 
315 323 324 329 345 
315 323 324 329 345 
315 323 324 329 345 
315 323 324 329 336 
315 323 324 329 345 
315 323 324 329 336 
275 276 293 317 342 
275 276 293 317 342 
309 310 316 335 340 
310 316 332 335 340 
274 275 276 286 343 
274 275 276 286 343 
274 275 276 286 343 
274 275 276 286 343 
275 276 286 342 343 
273 274 275 332 343 
273 274 275 332 343 
273 274 275 283 343 
272 273 274 309 332 
315 323 324 329 336 
315 324 329 336 345 
315 329 336 337 345 
315 329 336 337 345 
336 337 346 349 357 
336 337 345 349 357 
329 336 337 349 357 
329 336 337 345 349 
315 329 336 337 349 
315 329 336 337 349 
276 293 317 342 347 
276 293 317 342 347 
276 293 317 342 347 
276 293 317 342 347 
276 293 317 347 349 
276 293 317 347 349 
276 293 317 347 349 
336 337 346 349 357 
317 336 337 349 357 
317 336 337 349 357 
276 317 337 347 349 
317 337 347 349 357 
290 293 317 347 349 
234 242 247 319 341 
307 308 314 321 326 
306 307 314 322 327 
305 306 322 327 331 
305 306 322 327 358 
242 245 253 321 326 
242 245 308 321 326 
304 305 318 334 352 
304 313 333 334 359 
243 247 255 319 341 
243 247 255 319 341 
234 247 255 319 341 
247 255 319 341 348 
304 305 318 322 352 
240 243 255 319 364 
240 243 255 319 364 
240 243 255 319 341 
240 315 323 324 364 
240 315 323 363 364 
315 323 345 363 364 
240 315 323 363 364 
240 243 319 323 364 
240 246 315 323 324 
240 246 315 323 324 
315 323 324 329 345 
311 312 316 325 350 
311 312 316 325 350 
275 276 293 317 342 
275 276 293 317 342 
275 276 293 317 342 
275 276 293 317 342 
309 310 316 332 335 
310 316 335 340 367 
311 316 325 366 367 
274 275 276 286 343 
274 275 276 286 343 
274 275 276 286 343 
274 275 276 342 343 
274 275 276 342 343 
274 275 276 342 343 
274 275 276 342 343 
274 275 276 342 343 
274 275 276 286 343 
274 275 276 286 343 
274 275 276 342 343 
275 276 286 342 343 
274 275 276 342 343 
275 276 286 342 343 
275 276 293 342 343 
309 310 332 335 340 
309 310 316 332 335 
273 274 275 332 343 
273 274 275 332 343 
273 274 275 283 332 
273 274 275 332 343 
273 274 275 332 343 
273 274 275 332 343 
273 274 275 332 343 
273 274 275 283 343 
273 274 275 332 343 
273 274 275 332 343 
273 274 275 332 343 
273 274 275 332 343 
315 329 336 337 345 
315 323 329 336 345 
315 329 336 337 345 
315 324 329 336 337 
315 324 329 336 337 
315 329 336 337 349 
276 293 317 342 347 
276 293 317 342 347 
276 293 317 342 347 
276 293 317 342 347 
317 337 347 349 357 
317 336 337 349 357 
317 336 337 349 357 
234 247 326 328 341 
234 242 247 326 341 
234 247 326 328 341 
234 319 328 341 348 
307 308 314 321 326 
307 308 314 321 326 
307 308 314 321 326 
306 307 308 314 330 
305 306 322 327 331 
305 306 322 327 358 
242 245 308 321 326 
312 313 320 333 359 
312 313 320 333 359 
315 323 336 345 346 
305 306 318 322 327 
240 315 323 324 364 
240 243 255 319 364 
240 243 323 324 364 
240 246 315 323 324 
240 315 323 324 329 
240 315 323 324 363 
240 315 323 324 345 
315 323 324 329 345 
315 323 324 329 345 
315 323 324 329 345 
315 323 324 329 345 
315 323 324 329 345 
315 323 324 329 345 
315 323 324 329 336 
315 323 324 336 345 
315 323 324 329 345 
312 313 320 333 351 
275 276 293 317 342 
275 276 286 293 342 
275 276 293 317 342 
274 275 276 342 343 
274 275 276 286 343 
274 275 276 342 343 
274 275 276 342 343 
274 275 276 342 343 
275 276 293 342 343 
273 274 275 332 343 
273 274 275 332 343 
273 274 275 332 343 
315 323 329 336 345 
315 329 336 337 345 
315 336 337 345 346 
315 329 336 337 349 
290 329 336 337 349 
276 293 317 342 347 
276 293 317 342 347 
276 293 317 342 347 
336 337 349 356 357 
336 337 346 349 357 
336 337 346 349 357 
317 329 336 337 349 
317 329 336 337 349 
290 317 329 337 349 
290 317 329 337 349 
290 317 337 349 357 
234 247 319 328 341 
234 242 321 326 328 
234 242 245 321 326 
306 307 308 314 330 
305 306 307 322 327 
305 306 322 327 358 
305 306 322 327 358 
305 318 322 331 358 
305 318 322 352 358 
305 306 318 322 352 
240 243 255 319 364 
240 243 255 319 364 
315 323 324 329 345 
315 323 324 345 363 
315 323 324 329 345 
315 323 324 329 345 
312 313 320 350 351 
275 276 293 342 343 
311 316 325 366 367 
275 276 342 343 347 
274 275 276 342 343 
274 275 276 342 343 
275 276 293 342 343 
275 276 293 342 343 
273 274 275 332 343 
273 274 275 332 343 
273 274 275 332 343 
315 323 336 345 346 
315 329 336 337 345 
315 324 329 336 337 
329 336 337 349 357 
290 317 329 337 349 
290 317 329 337 349 
276 293 317 342 347 
276 293 317 347 349 
276 293 317 347 349 
276 293 317 347 349 
276 293 317 342 347 
329 336 337 349 357 
290 317 329 337 349 
290 317 337 349 357 
290 317 337 347 349 
234 247 319 328 341 
234 242 321 326 328 
234 242 326 328 341 
305 318 322 352 358 
240 243 255 319 364 
240 243 255 319 364 
240 315 323 324 364 
240 246 315 323 324 
315 323 324 329 345 
274 275 276 342 343 
273 274 275 332 343 
274 275 332 340 343 
276 293 317 342 347 
276 293 317 342 347 
276 293 317 342 347 
276 293 317 342 347 
276 293 317 342 347 
329 336 337 349 357 
290 317 329 337 349 
305 318 322 352 358 
305 322 327 331 358 
315 323 345 363 364 
315 323 336 345 363 
243 247 319 341 348 
243 247 319 341 348 
304 305 318 322 352 
240 243 255 319 364 
240 315 323 363 364 
240 246 315 323 324 
240 246 315 323 324 
240 315 323 324 329 
315 323 329 336 345 
315 323 324 329 345 
311 316 325 366 367 
275 276 342 343 347 
329 336 337 345 349 
329 336 337 349 357 
329 336 337 345 349 
315 329 336 337 349 
315 329 336 337 345 
290 329 336 337 349 
315 329 336 337 349 
290 317 329 337 349 
234 242 326 328 341 
234 242 247 326 341 
305 322 327 331 358 
234 319 328 341 348 
240 243 319 323 364 
315 323 324 363 364 
240 315 323 363 364 
240 315 323 324 364 
274 275 276 342 343 
274 275 276 342 343 
315 329 336 337 349 
276 293 317 342 347 
317 329 336 337 349 
317 329 336 337 349 
317 336 337 349 357 
317 336 337 349 357 
317 336 337 349 357 
234 319 326 328 341 
234 242 321 326 328 
234 326 328 341 348 
306 307 322 327 331 
243 247 255 319 341 
243 247 255 319 341 
243 319 341 348 364 
240 315 323 363 364 
240 315 323 324 364 
315 323 324 329 336 
315 324 329 336 337 
315 329 336 337 349 
276 293 317 342 347 
276 317 342 347 349 
276 293 317 342 347 
276 293 317 342 347 
276 293 317 342 347 
336 337 346 349 357 
234 314 326 328 341 
234 242 326 328 341 
305 322 327 331 358 
243 247 255 319 341 
243 247 255 319 341 
240 315 323 324 364 
240 246 315 323 324 
240 315 323 324 364 
240 315 323 324 364 
315 323 324 329 336 
315 323 329 336 345 
315 329 336 337 349 
329 336 337 345 349 
276 293 317 342 347 
276 293 317 342 347 
317 336 337 349 357 
234 242 321 326 328 
308 314 321 326 328 
234 314 321 326 328 
306 322 327 330 331 
306 322 327 330 331 
305 306 322 327 331 
305 322 327 331 358 
305 322 327 331 358 
243 319 341 348 364 
240 315 323 324 364 
240 315 323 324 329 
240 315 323 324 329 
315 323 324 329 345 
240 315 323 324 364 
315 324 329 336 337 
315 329 336 337 349 
329 336 337 349 357 
276 317 342 347 349 
276 293 317 342 347 
234 242 308 321 326 
306 307 314 327 330 
307 314 327 330 348 
315 323 324 363 364 
240 315 323 363 364 
240 315 323 324 364 
315 323 329 336 345 
315 329 336 337 349 
329 336 337 349 357 
276 317 342 347 349 
234 321 326 328 341 
319 339 341 348 364 
240 315 323 324 363 
315 323 324 329 336 
315 323 324 329 336 
315 323 324 329 336 
315 323 329 336 345 
329 336 337 349 357 
314 326 328 341 348 
234 326 328 341 348 
314 326 328 341 348 
315 323 339 363 364 
315 329 336 337 345 
329 336 337 349 357 
305 322 327 331 358 
315 329 336 337 345 
315 329 336 337 345 
315 324 329 336 337 
329 336 337 349 357 
308 314 321 326 328 
306 307 327 330 331 
306 322 327 330 331 
315 323 329 336 345 
315 324 329 336 337 
329 336 337 349 357 
307 308 314 321 326 
315 324 329 336 337 
315 324 329 336 337 
315 329 336 337 349 
315 324 329 336 337 
329 336 337 349 357 
307 308 314 321 326 
307 308 314 326 328 
307 308 314 326 328 
307 308 314 326 328 
307 308 314 321 326 
307 308 314 328 330 
307 308 314 326 328 
307 308 314 321 330 
314 326 328 330 348 
308 314 321 326 328 
307 314 327 328 330 
306 307 314 327 330 
305 322 327 331 358 
315 323 345 363 364 
319 323 339 363 364 
240 315 323 363 364 
315 329 336 337 345 
315 329 336 337 345 
307 308 314 328 330 
307 314 326 328 330 
307 314 326 328 330 
307 308 314 321 330 
307 308 314 328 330 
319 323 339 363 364 
307 314 328 330 348 
307 314 328 330 348 
315 323 339 363 364 
315 329 336 337 345 
308 314 321 326 328 
307 314 328 330 348 
234 326 328 341 348 
234 247 326 328 341 
315 329 336 337 345 
326 328 330 341 348 
240 243 319 339 364 
243 319 323 363 364 
315 323 329 336 345 
308 314 321 326 328 
307 314 328 330 348 
314 326 328 330 348 
315 324 329 336 345 
315 324 329 336 345 
315 324 329 336 345 
315 323 329 336 345 
329 336 337 345 349 
315 329 336 337 345 
307 314 328 330 348 
314 328 330 341 348 
328 330 339 341 348 
314 328 330 341 348 
322 327 330 331 338 
315 323 324 329 336 
329 336 337 345 349 
234 242 245 321 326 
327 330 331 339 348 
306 322 327 330 331 
306 322 327 330 331 
315 323 324 329 336 
315 323 329 336 345 
315 329 336 337 345 
315 329 336 337 345 
326 328 330 341 348 
306 322 327 330 331 
306 322 327 330 331 
306 307 327 330 331 
306 307 327 330 331 
234 242 308 321 326 
306 307 327 330 331 
315 329 336 337 349 
315 329 336 337 345 
306 322 327 330 331 
315 329 336 337 345 
307 314 328 330 348 
314 327 330 331 348 
306 307 308 314 327 
306 307 314 327 330 
306 307 314 327 330 
306 307 314 327 330 
306 314 327 330 331 
306 322 327 330 331 
322 327 330 331 338 
314 327 330 331 338 
307 314 327 330 331 
315 323 324 329 336 
322 327 330 331 338 
322 327 330 331 338 
322 327 330 331 338 
315 323 324 329 336 
315 323 324 329 345 
322 327 330 331 338 
315 323 324 329 345 
322 330 331 338 358 
306 322 327 330 331 
322 330 331 338 358 
330 331 338 339 358 
327 330 331 338 339 
327 330 331 338 339 
327 330 331 339 348 
327 330 331 338 339 
327 330 331 338 339 
327 330 331 338 339 
327 330 331 338 339 
322 327 331 338 358 
322 327 331 338 358 
322 331 338 352 358 
331 338 339 355 358 
330 331 338 339 358 
327 330 331 338 339 
322 327 331 338 358 
322 331 338 355 358 
322 331 338 352 358 
331 338 355 358 361 
314 327 330 331 348 
307 314 327 328 330 
314 327 330 331 348 
272 273 274 309 332 
290 317 337 347 349 
240 246 315 323 324 
273 274 283 332 343 
273 274 275 283 332 
272 273 274 283 332 
272 273 274 283 332 
272 273 274 309 332 
272 273 274 332 343 
273 274 275 332 343 
273 274 275 332 343 
273 274 275 332 343 
273 274 275 332 343 
273 274 275 332 343 
273 274 275 332 343 
273 274 275 332 343 
273 274 275 283 332 
273 274 309 332 343 
273 274 275 332 343 
273 274 275 332 343 
273 274 309 332 340 
272 273 274 309 332 
272 273 274 309 332 
273 274 309 332 343 
273 274 332 340 343 
273 274 275 332 343 
272 273 274 309 332 
272 273 274 309 332 
272 273 274 309 332 
272 273 274 309 332 
273 274 309 332 340 
273 274 309 332 340 
240 243 319 323 364 
240 243 319 323 364 
240 243 319 323 364 
315 323 324 329 345 
315 323 324 329 345 
315 323 324 329 345 
315 323 324 329 345 
315 323 329 336 345 
315 323 324 329 345 
315 323 324 329 345 
315 323 324 336 345 
315 323 324 336 345 
315 323 324 336 345 
315 323 324 336 345 
315 323 324 336 345 
315 323 324 329 345 
315 323 324 345 363 
315 323 324 336 345 
315 323 324 345 363 
315 323 324 329 345 
272 273 274 309 332 
309 310 332 335 340 
309 310 332 335 340 
309 310 332 335 340 
309 310 332 335 340 
309 310 332 335 340 
309 310 332 335 340 
309 310 332 335 340 
310 332 335 340 343 
309 310 332 335 340 
310 332 335 340 343 
290 317 329 337 349 
276 293 317 347 349 
293 317 337 347 349 
276 317 337 347 349 
276 293 317 347 349 
276 317 342 347 349 
276 317 337 347 349 
276 293 317 347 349 
317 337 347 349 356 
317 337 347 349 357 
317 337 347 349 357 
317 337 347 349 356 
317 337 347 349 356 
304 313 333 334 359 
315 323 336 345 346 
315 323 336 345 346 
240 315 323 324 364 
240 315 323 324 329 
276 293 317 347 349 
276 293 317 347 349 
276 293 317 347 349 
276 293 317 347 349 
234 247 319 328 341 
304 313 333 334 359 
304 313 333 334 359 
304 313 333 334 359 
304 313 333 334 359 
304 313 333 334 359 
304 313 333 334 359 
304 313 333 334 359 
313 320 333 334 359 
313 320 333 351 359 
313 320 333 351 359 
313 320 333 334 359 
304 333 334 352 360 
304 313 333 334 359 
313 333 334 359 360 
333 334 352 359 360 
313 333 334 359 360 
333 334 352 359 360 
304 333 334 352 360 
315 323 336 345 346 
315 323 336 345 346 
315 323 345 363 364 
315 323 336 345 363 
315 323 336 345 363 
315 323 345 355 363 
315 323 345 355 363 
315 323 336 345 363 
315 323 336 345 363 
315 323 324 345 363 
310 316 335 340 367 
310 316 332 335 340 
310 316 335 340 367 
310 316 335 340 367 
310 316 335 340 367 
335 340 343 344 367 
310 316 325 335 367 
274 275 283 332 343 
315 324 329 336 337 
275 276 293 317 342 
276 293 317 342 347 
317 337 347 349 356 
315 336 337 345 346 
336 337 345 346 357 
336 337 345 346 357 
336 337 345 346 357 
315 336 337 345 346 
240 243 323 324 364 
240 315 323 324 364 
311 312 320 325 350 
275 276 293 317 342 
275 276 293 342 343 
275 276 342 343 347 
275 276 342 343 347 
275 276 342 343 347 
275 276 317 342 347 
275 276 293 342 347 
275 276 317 342 347 
276 317 342 343 347 
276 293 317 342 347 
276 293 317 342 347 
275 276 317 342 347 
274 275 276 286 343 
274 275 276 332 343 
290 329 336 337 349 
304 318 333 334 352 
304 305 318 334 352 
304 318 333 334 352 
304 318 334 352 361 
240 246 315 323 324 
240 315 323 324 329 
240 315 323 324 329 
240 246 315 323 324 
240 246 315 323 324 
240 246 315 323 324 
240 315 323 324 329 
315 323 324 329 345 
315 323 324 329 345 
315 323 324 329 345 
315 323 324 329 345 
311 316 325 366 367 
310 311 312 316 325 
311 312 320 350 351 
311 312 320 350 351 
312 313 320 350 351 
312 313 320 350 351 
312 320 350 351 366 
275 276 342 343 347 
275 276 342 343 347 
240 243 319 339 364 
240 243 323 363 364 
240 243 319 323 364 
240 243 323 363 364 
315 323 324 329 345 
312 313 320 333 351 
312 313 320 350 351 
329 336 337 345 349 
336 337 346 349 357 
336 337 346 349 357 
336 337 349 356 357 
336 337 349 356 357 
336 337 349 356 357 
336 337 349 356 357 
336 337 345 346 357 
317 336 337 349 357 
317 337 349 356 357 
317 337 349 356 357 
317 337 349 356 357 
336 337 346 349 357 
336 337 346 349 357 
315 336 337 345 346 
336 337 345 346 357 
336 337 345 346 357 
274 275 276 342 343 
276 317 342 347 349 
243 255 319 341 364 
329 336 337 349 357 
329 336 337 349 357 
329 336 337 349 357 
240 315 323 324 364 
240 315 323 324 364 
240 315 323 324 363 
315 323 324 345 363 
315 324 329 336 337 
290 329 336 337 349 
329 336 337 349 357 
314 326 328 330 348 
314 326 328 330 348 
314 326 328 330 348 
314 326 328 330 348 
307 314 328 330 348 
314 326 328 330 348 
240 243 319 323 364 
240 243 319 339 364 
240 243 319 339 364 
240 243 255 319 364 
240 243 255 319 364 
240 243 319 339 364 
240 243 319 339 364 
240 243 255 319 364 
328 330 339 341 348 
314 326 328 330 348 
307 314 328 330 348 
314 326 328 330 348 
314 326 328 330 348 
314 328 330 341 348 
314 327 328 330 348 
315 323 324 329 345 
315 323 324 329 336 
306 322 327 331 358 
328 330 331 339 348 
314 328 330 341 348 
328 330 339 341 348 
328 330 339 341 348 
314 328 330 341 348 
328 330 339 341 348 
328 330 339 341 348 
328 330 339 341 348 
328 330 339 341 348 
328 330 339 341 348 
328 330 339 341 348 
319 328 339 341 348 
330 331 338 339 358 
330 331 338 339 348 
330 331 338 339 348 
330 331 338 339 348 
330 331 338 339 348 
330 331 338 339 348 
330 331 338 339 358 
330 331 338 339 348 
327 330 331 338 339 
330 331 338 339 348 
330 331 338 339 348 
330 331 338 339 348 
331 338 339 348 364 
331 338 339 348 364 
330 338 339 348 364 
274 275 332 340 343 
273 274 309 332 340 
315 323 324 336 345 
315 323 324 345 363 
310 316 332 335 340 
310 332 335 340 343 
310 332 335 340 343 
310 332 335 340 343 
310 332 335 340 343 
310 332 335 340 343 
274 332 335 340 343 
274 332 335 340 343 
332 335 340 342 343 
310 332 335 340 343 
274 275 332 340 343 
310 332 335 340 343 
332 335 340 342 343 
274 332 340 342 343 
274 332 335 340 343 
310 335 340 343 367 
335 340 342 343 344 
335 340 342 343 344 
335 340 343 344 367 
335 340 342 343 344 
316 325 335 366 367 
315 323 336 345 346 
276 317 337 347 349 
234 247 319 328 341 
234 319 328 341 348 
234 247 319 328 341 
234 319 328 341 348 
333 334 352 360 361 
313 333 334 359 360 
315 323 336 345 346 
315 323 355 363 364 
315 323 345 355 363 
315 323 336 345 363 
275 276 293 317 342 
311 325 350 366 367 
311 325 350 366 367 
311 312 325 350 366 
276 317 342 343 347 
275 276 342 343 347 
275 276 342 343 347 
276 293 317 342 347 
276 317 342 343 347 
276 317 342 344 347 
276 317 342 343 347 
276 342 343 344 347 
276 317 342 344 347 
274 275 276 342 343 
274 275 276 340 343 
304 318 333 334 352 
333 334 352 360 361 
304 318 334 352 361 
304 305 318 334 352 
304 318 334 352 361 
318 334 352 360 361 
304 318 334 352 361 
312 313 320 350 351 
275 276 342 343 347 
275 276 342 343 347 
275 276 342 343 347 
275 276 342 343 347 
275 276 342 343 347 
276 317 342 343 347 
276 342 343 344 347 
276 342 343 344 347 
275 276 342 343 347 
276 340 342 343 347 
274 275 276 342 343 
275 276 342 343 347 
275 276 340 342 343 
340 342 343 344 347 
340 342 343 344 347 
274 275 276 342 343 
275 276 342 343 347 
275 340 342 343 347 
275 340 342 343 344 
274 275 340 342 343 
274 275 340 342 343 
275 340 342 343 344 
340 342 343 344 347 
340 342 343 344 347 
275 335 340 342 343 
340 342 343 344 347 
340 342 343 344 347 
340 342 343 344 347 
340 342 343 344 347 
276 342 343 344 347 
276 342 343 344 347 
340 342 343 344 347 
342 344 347 356 367 
340 342 343 344 347 
340 342 343 344 347 
317 342 344 347 356 
305 318 322 331 358 
305 318 322 352 358 
305 318 322 352 358 
305 318 322 331 358 
315 336 337 345 346 
336 337 345 346 353 
336 345 346 353 354 
336 345 346 353 354 
336 345 346 353 357 
336 345 346 353 357 
336 346 353 357 362 
345 346 353 362 368 
345 346 353 354 368 
345 346 353 354 368 
346 353 354 360 368 
336 345 346 353 354 
346 353 354 360 368 
315 323 336 345 346 
315 323 345 346 354 
315 323 345 354 363 
315 336 345 346 354 
323 345 354 355 363 
315 323 345 354 363 
345 346 354 355 363 
315 323 345 354 363 
315 323 345 355 363 
276 317 342 347 349 
276 293 317 342 347 
276 293 317 342 347 
276 317 347 349 356 
276 317 342 344 347 
317 342 347 349 356 
276 317 342 344 347 
317 342 344 347 356 
319 339 341 348 364 
319 339 341 348 364 
319 339 341 348 364 
319 339 341 348 364 
319 339 341 348 364 
319 339 341 348 364 
319 339 341 348 364 
315 329 336 337 349 
322 327 331 338 358 
322 327 331 338 358 
234 319 328 341 348 
315 323 339 363 364 
315 323 339 363 364 
243 319 339 348 364 
243 319 339 348 364 
243 319 339 348 364 
243 319 339 348 364 
314 327 328 330 348 
315 323 324 329 336 
315 323 324 329 336 
315 324 329 336 345 
328 330 339 341 348 
328 330 339 341 348 
328 330 339 341 348 
328 330 339 341 348 
330 331 338 339 348 
330 331 338 339 348 
330 331 338 339 348 
328 330 339 341 348 
319 328 339 341 348 
319 328 339 341 348 
319 328 339 341 348 
319 328 339 341 348 
328 330 339 341 348 
319 328 339 341 348 
319 328 339 341 348 
328 330 339 341 348 
330 338 339 348 364 
319 328 339 341 348 
319 328 339 341 348 
319 328 339 341 348 
330 338 339 348 364 
322 330 331 338 358 
330 331 338 339 348 
274 275 332 340 343 
273 274 332 340 343 
274 275 276 342 343 
274 275 332 340 343 
273 274 332 340 343 
273 274 275 332 343 
273 274 332 340 343 
310 332 335 340 343 
332 335 340 342 343 
335 340 342 343 344 
317 337 347 349 356 
317 337 347 349 356 
344 347 349 356 369 
317 337 349 356 357 
317 337 349 356 357 
337 349 356 357 362 
337 349 356 357 362 
347 349 356 357 369 
315 323 355 363 364 
315 323 345 355 363 
311 316 325 366 367 
276 317 342 344 347 
318 334 352 358 361 
312 313 320 350 351 
312 320 350 351 366 
312 320 350 351 366 
320 350 351 359 368 
320 325 350 351 366 
312 320 350 351 368 
274 275 276 342 343 
274 275 276 342 343 
335 340 342 343 344 
335 340 342 343 344 
340 342 343 344 347 
305 318 322 352 358 
305 318 322 352 358 
304 305 318 352 358 
318 334 352 358 361 
318 334 352 358 361 
318 322 352 358 361 
318 334 352 358 361 
312 320 350 351 359 
336 337 349 357 362 
336 337 349 357 362 
336 337 349 357 362 
336 337 346 357 362 
336 337 345 346 357 
315 336 345 346 353 
315 336 345 346 353 
345 346 353 354 355 
345 346 353 354 355 
345 346 353 354 368 
336 346 353 357 362 
336 345 346 353 354 
336 345 346 353 354 
346 353 354 360 368 
346 353 362 365 368 
345 346 354 355 363 
345 346 354 355 363 
353 354 355 360 363 
323 345 354 355 363 
353 354 355 360 368 
323 354 355 361 363 
354 355 360 361 363 
323 345 354 355 363 
354 355 360 361 363 
354 355 360 361 363 
354 355 360 361 363 
354 355 360 361 363 
354 355 360 361 363 
354 355 360 361 363 
323 338 354 355 363 
354 355 360 361 363 
354 355 360 361 363 
354 355 360 361 368 
352 354 355 360 361 
354 355 358 361 363 
354 355 358 361 363 
354 355 360 361 363 
352 354 355 360 361 
354 355 360 361 368 
353 354 355 360 368 
353 354 355 360 368 
346 353 354 360 368 
353 354 355 360 368 
338 354 355 361 363 
338 355 358 361 363 
354 355 360 361 368 
353 354 359 360 368 
353 354 359 360 368 
346 353 354 360 368 
353 354 359 360 368 
317 344 347 349 356 
342 344 347 356 369 
344 347 349 356 369 
347 349 356 357 369 
344 347 349 356 369 
337 349 356 357 369 
349 356 362 365 369 
344 347 356 366 369 
344 349 356 365 369 
337 349 356 357 362 
337 349 356 357 362 
337 349 356 357 362 
337 349 356 357 369 
337 349 356 357 362 
336 337 349 357 362 
337 346 349 357 362 
344 356 366 367 369 
337 346 349 357 362 
346 349 357 362 365 
344 356 366 367 369 
319 338 339 348 364 
311 316 325 366 367 
311 325 350 366 367 
311 316 325 366 367 
322 338 352 358 361 
322 338 352 358 361 
322 331 338 352 358 
331 338 355 358 361 
331 338 355 358 361 
331 338 355 358 361 
322 327 331 338 358 
328 330 339 341 348 
328 330 339 341 348 
319 339 341 348 364 
319 339 341 348 364 
319 328 339 341 348 
319 339 341 348 364 
319 328 339 341 348 
319 328 339 341 348 
319 328 339 341 348 
319 328 339 341 348 
319 339 341 348 364 
319 339 341 348 364 
319 339 341 348 364 
319 339 341 348 364 
319 338 339 348 364 
330 338 339 348 364 
330 338 339 348 364 
338 339 348 363 364 
330 338 339 348 364 
330 338 339 348 364 
330 338 339 348 364 
330 338 339 348 364 
330 338 339 348 364 
319 326 328 341 348 
274 275 332 340 343 
274 275 340 342 343 
274 275 340 342 343 
274 275 340 342 343 
274 275 340 342 343 
337 349 356 357 362 
337 349 356 357 362 
315 323 336 345 346 
313 333 334 359 360 
333 334 359 360 368 
333 351 359 360 368 
313 333 334 359 360 
333 351 359 360 368 
320 351 359 360 368 
313 333 334 359 360 
313 333 351 359 360 
313 333 351 359 360 
334 354 359 360 361 
333 334 359 360 368 
334 352 359 360 361 
333 334 359 360 368 
334 354 359 360 368 
334 354 359 360 368 
353 354 359 360 368 
334 354 359 360 368 
333 334 359 360 368 
333 354 359 360 368 
333 351 359 360 368 
333 351 359 360 368 
333 351 359 360 368 
351 354 359 360 368 
353 354 359 360 368 
351 353 359 360 368 
353 354 359 360 368 
353 354 359 360 368 
353 354 359 360 368 
353 354 359 360 368 
315 323 339 363 364 
315 323 339 363 364 
323 338 339 363 364 
323 338 339 363 364 
323 338 339 363 364 
323 338 339 363 364 
315 323 339 363 364 
323 338 339 363 364 
323 338 339 363 364 
315 323 355 363 364 
315 323 355 363 364 
323 338 355 363 364 
315 323 355 363 364 
315 323 345 355 363 
315 323 345 355 363 
311 312 325 350 366 
325 350 366 367 369 
320 333 351 359 368 
313 320 333 351 359 
313 333 351 359 368 
312 320 350 351 368 
320 350 351 365 368 
340 342 343 344 347 
338 352 355 358 361 
338 352 355 358 361 
318 352 355 358 361 
318 352 355 358 361 
318 352 355 358 361 
352 354 355 358 361 
318 334 352 360 361 
318 334 352 358 361 
334 352 354 360 361 
333 334 352 360 361 
334 352 355 360 361 
334 352 354 360 361 
334 352 354 355 361 
352 354 355 360 361 
352 354 355 360 361 
346 353 357 362 365 
346 353 357 362 368 
346 353 357 362 365 
346 353 357 362 365 
346 353 357 362 368 
346 353 354 360 368 
345 346 353 354 368 
315 323 345 355 363 
315 323 354 355 363 
338 354 355 363 364 
323 338 354 355 363 
323 338 355 363 364 
323 338 355 363 364 
323 338 355 363 364 
323 338 355 363 364 
323 338 355 363 364 
338 339 355 363 364 
338 339 355 363 364 
338 354 355 361 363 
338 355 358 361 363 
338 355 358 363 364 
338 339 355 363 364 
338 355 361 363 364 
323 338 354 355 363 
338 355 358 363 364 
338 355 358 363 364 
338 355 358 361 363 
338 339 355 363 364 
338 339 355 363 364 
354 355 358 361 363 
354 355 360 361 363 
352 354 355 360 361 
352 354 355 360 361 
352 354 355 360 361 
352 354 355 358 361 
352 354 355 358 361 
352 354 355 360 361 
338 355 358 361 363 
338 352 355 358 361 
338 355 358 361 363 
331 338 355 358 363 
338 355 358 363 364 
338 355 358 361 363 
331 338 355 358 363 
331 338 339 358 363 
338 355 358 361 363 
331 338 355 358 363 
331 338 339 355 358 
331 338 339 358 363 
331 338 355 358 363 
331 338 355 358 363 
331 338 339 358 363 
331 338 355 358 361 
331 338 355 358 363 
346 353 354 360 368 
346 353 354 360 368 
354 355 359 360 361 
353 354 359 360 368 
346 353 354 360 368 
346 353 357 362 365 
344 349 356 366 369 
337 349 357 362 365 
356 357 362 365 369 
349 356 362 365 369 
356 357 362 365 369 
319 328 339 341 348 
319 339 341 348 364 
319 339 341 348 364 
319 339 341 348 364 
243 319 339 363 364 
243 319 339 348 364 
319 338 339 348 364 
319 338 339 348 364 
338 339 348 363 364 
319 338 339 348 364 
338 339 348 363 364 
319 338 339 348 364 
319 338 339 348 364 
319 338 339 363 364 
320 350 351 359 368 
320 351 359 360 368 
323 338 339 363 364 
323 338 339 363 364 
338 339 355 363 364 
325 350 365 366 367 
313 320 333 351 359 
313 320 333 351 359 
313 320 333 351 359 
313 320 333 351 359 
320 350 351 365 366 
350 351 365 366 369 
335 340 342 344 367 
325 335 340 344 367 
335 340 343 344 367 
335 340 342 344 367 
344 356 366 367 369 
325 340 344 366 367 
344 356 366 367 369 
344 356 365 366 369 
346 353 354 360 368 
346 353 357 362 365 
346 357 362 365 369 
351 353 362 365 368 
353 362 365 366 369 
356 357 362 365 369 
353 357 362 365 368 
346 357 362 365 369 
346 353 362 365 368 
346 353 362 365 368 
346 353 362 365 368 
351 353 362 365 368 
351 353 362 365 368 
351 353 362 365 368 
338 339 355 363 364 
331 338 339 363 364 
331 338 339 363 364 
338 352 355 358 361 
356 362 365 366 369 
243 319 339 348 364 
243 319 339 348 364 
319 339 341 348 364 
243 319 339 348 364 
243 319 339 348 364 
243 319 339 348 364 
243 319 339 341 364 
243 319 339 348 364 
319 338 339 348 364 
311 325 350 366 367 
325 344 366 367 369 
325 350 366 367 369 
325 344 366 367 369 
344 356 366 367 369 
325 344 366 367 369 
325 344 366 367 369 
325 344 366 367 369 
243 319 339 348 364 
338 339 348 363 364 
319 338 339 348 364 
319 328 339 341 348 
351 353 359 360 368 
351 353 359 360 368 
351 353 359 360 368 
320 351 359 360 368 
344 356 366 367 369 
344 356 366 367 369 
344 356 366 367 369 
356 365 366 367 369 
344 356 366 367 369 
325 344 366 367 369 
350 365 366 367 369 
325 350 366 367 369 
350 365 366 367 369 
338 339 355 363 364 
350 351 359 365 368 
351 353 359 360 368 
353 359 362 365 368 
351 353 359 365 368 
353 359 360 362 368 
320 350 351 365 368 
320 350 351 365 366 
356 362 365 366 369 
356 365 366 367 369 
320 350 351 365 366 
351 353 359 365 368 
351 353 362 365 368 
350 351 362 365 366 
351 353 362 365 368 
350 351 362 365 366 
350 351 362 365 366 
350 362 365 366 369 
350 351 365 366 369 
350 356 365 366 369 
356 362 365 366 369 
319 328 339 341 348 
320 350 351 365 368 
