0.786415 0.102046 0.057280 0.036726 0.017532 
0.421446 0.434599 0.000310 0.087336 0.056309 
0.064613 0.833297 0.026347 0.021835 0.053909 
0.026921 0.421937 0.356770 0.147267 0.047105 
0.104897 0.707793 0.076297 0.019060 0.091952 
0.391555 0.442809 0.107693 0.010060 0.047883 
0.075995 0.700318 0.126806 0.021736 0.075145 
0.078821 0.548757 0.212959 0.017783 0.141680 
0.043961 0.408678 0.333427 0.000065 0.213869 
0.058478 0.228802 0.494934 0.048519 0.169267 
0.003867 0.090162 0.682601 0.115423 0.107947 
0.017751 0.602902 0.326322 0.007451 0.045573 
0.353181 0.607571 0.005449 0.019329 0.014471 
0.150849 0.776301 0.011866 0.046688 0.014296 
0.091149 0.633230 0.140131 0.126805 0.008685 
0.001779 0.329378 0.446554 0.194564 0.027725 
0.039006 0.756441 0.109355 0.091337 0.003861 
0.481292 0.423550 0.055144 0.015226 0.024787 
0.096490 0.779490 0.000813 0.048195 0.075011 
0.018831 0.456514 0.398757 0.069087 0.056811 
0.002984 0.819716 0.128918 0.020549 0.027833 
0.362589 0.528248 0.027601 0.059147 0.022415 
0.031337 0.858646 0.095324 0.000874 0.013818 
0.487196 0.450445 0.008063 0.050447 0.003849 
0.094584 0.757066 0.071408 0.001363 0.075579 
0.019398 0.414997 0.369184 0.004366 0.192056 
0.079085 0.762266 0.040948 0.021729 0.095971 
0.433869 0.408149 0.020929 0.112235 0.024818 
0.042444 0.869393 0.054072 0.001379 0.032711 
0.441251 0.401105 0.099532 0.053652 0.004460 
0.044208 0.824223 0.046146 0.045227 0.040196 
0.464006 0.476609 0.019618 0.015512 0.024256 
0.041119 0.846640 0.074628 0.000600 0.037013 
0.416305 0.441185 0.074313 0.045189 0.023009 
0.084618 0.773145 0.091621 0.023685 0.026931 
0.000611 0.487331 0.481508 0.023362 0.007188 
0.148723 0.771962 0.055069 0.002035 0.022211 
0.149569 0.485628 0.273832 0.084401 0.006571 
0.103742 0.262435 0.476336 0.039372 0.118115 
0.017253 0.084267 0.737148 0.083887 0.077445 
0.001631 0.648616 0.292425 0.057161 0.000167 
0.296371 0.610467 0.069748 0.016840 0.006574 
0.071958 0.687454 0.187578 0.037115 0.015895 
0.467418 0.467609 0.005947 0.058951 0.000074 
0.186400 0.604886 0.117571 0.090131 0.001011 
0.031092 0.466887 0.430443 0.057262 0.014315 
0.103348 0.764614 0.093054 0.001476 0.037508 
0.000185 0.468688 0.439077 0.041125 0.050925 
0.122836 0.584585 0.135019 0.049626 0.107933 
0.011446 0.428117 0.417427 0.025737 0.117272 
0.144881 0.556021 0.166396 0.028988 0.103714 
0.006244 0.451175 0.511528 0.028229 0.002823 
0.176164 0.679177 0.088024 0.001779 0.054857 
0.068070 0.553733 0.311562 0.030197 0.036438 
0.000232 0.282409 0.600259 0.031861 0.085239 
0.089151 0.668251 0.128103 0.030662 0.083832 
0.021807 0.505957 0.300452 0.083133 0.088651 
0.288463 0.495648 0.135216 0.047822 0.032852 
0.101636 0.685463 0.138829 0.001775 0.072297 
0.502902 0.484939 0.005481 0.006200 0.000478 
0.075022 0.779846 0.067651 0.052654 0.024827 
0.417310 0.412283 0.072573 0.095675 0.002158 
0.071864 0.863464 0.060960 0.000957 0.002755 
0.000313 0.459934 0.472270 0.033874 0.033608 
0.057846 0.836194 0.054946 0.019637 0.031377 
0.423516 0.452533 0.008407 0.061281 0.054262 
0.047634 0.804163 0.055538 0.063992 0.028673 
0.423094 0.454910 0.032209 0.084399 0.005389 
0.079826 0.681289 0.122644 0.033955 0.082287 
0.452043 0.472742 0.029459 0.009726 0.036030 
0.082314 0.796892 0.085930 0.032573 0.002291 
0.002444 0.450936 0.463679 0.079973 0.002967 
0.086319 0.856620 0.012734 0.018526 0.025802 
0.003600 0.443672 0.302925 0.006015 0.243788 
0.073518 0.660906 0.011372 0.120389 0.133815 
0.436043 0.016228 0.457720 0.021807 0.068201 
0.846898 0.015991 0.055605 0.064653 0.016853 
0.441043 0.239312 0.094407 0.047153 0.178086 
0.274878 0.545079 0.005648 0.173930 0.000465 
0.015879 0.942704 0.027413 0.010686 0.003319 
0.479001 0.279965 0.023111 0.071172 0.146751 
0.186968 0.519081 0.033323 0.108449 0.152179 
0.018815 0.748435 0.097632 0.052532 0.082587 
0.542439 0.306987 0.054593 0.007068 0.088912 
0.315560 0.668658 0.007089 0.008614 0.000078 
0.117723 0.801582 0.057552 0.022036 0.001107 
0.047115 0.666996 0.102415 0.177339 0.006134 
0.023879 0.470126 0.123052 0.361481 0.021461 
0.343654 0.098343 0.003461 0.547761 0.006781 
0.001243 0.338775 0.482796 0.002341 0.174846 
0.103941 0.729892 0.084088 0.081923 0.000157 
0.412062 0.457615 0.081723 0.048594 0.000006 
0.081939 0.054155 0.740204 0.062308 0.061394 
0.453984 0.445290 0.002802 0.000344 0.097579 
0.252876 0.594372 0.098087 0.054316 0.000349 
0.837700 0.000269 0.057010 0.082551 0.022471 
0.011155 0.002901 0.930487 0.004978 0.050479 
0.977030 0.001328 0.004211 0.001071 0.016360 
0.070784 0.064485 0.753882 0.008828 0.102021 
0.040136 0.359411 0.094515 0.242410 0.263529 
0.738453 0.001008 0.043532 0.111361 0.105645 
0.044475 0.097346 0.019005 0.680285 0.158889 
0.119151 0.616450 0.233663 0.021147 0.009590 
0.772984 0.074252 0.085349 0.042289 0.025126 
0.066500 0.060113 0.000470 0.661578 0.211339 
0.035271 0.415725 0.472963 0.061703 0.014339 
0.823290 0.017556 0.083486 0.022185 0.053482 
0.851641 0.000884 0.036918 0.012267 0.098290 
0.075294 0.072682 0.424941 0.000065 0.427018 
0.010832 0.239000 0.271565 0.259115 0.219488 
0.056729 0.045979 0.285549 0.602319 0.009423 
0.012243 0.806397 0.141419 0.009071 0.030870 
0.051154 0.019983 0.762130 0.110748 0.055984 
0.004147 0.346839 0.157135 0.338475 0.153405 
0.088255 0.326188 0.139159 0.428046 0.018354 
0.603726 0.234040 0.120477 0.040664 0.001093 
0.303780 0.211340 0.401844 0.013942 0.069093 
0.163658 0.632735 0.004556 0.198694 0.000357 
0.018322 0.007343 0.886422 0.075468 0.012445 
0.419720 0.103119 0.085910 0.386973 0.004278 
0.287494 0.306773 0.243926 0.002224 0.159583 
0.143798 0.147988 0.214790 0.217667 0.275758 
0.935899 0.001895 0.012665 0.007914 0.041627 
0.175769 0.172264 0.182160 0.462859 0.006948 
0.168593 0.470546 0.104324 0.236020 0.020516 
0.019936 0.522943 0.288192 0.008221 0.160707 
0.000001 0.303438 0.684663 0.005470 0.006429 
0.107726 0.500326 0.270646 0.083656 0.037646 
0.005366 0.079550 0.518049 0.016865 0.380170 
0.105237 0.341877 0.347369 0.018326 0.187191 
0.059705 0.655929 0.111631 0.169816 0.002919 
0.185727 0.326972 0.209622 0.000366 0.277312 
0.003522 0.035120 0.003739 0.932871 0.024748 
0.007104 0.011236 0.955945 0.025713 0.000002 
0.075770 0.118179 0.594094 0.021336 0.190621 
0.000023 0.608836 0.105906 0.265341 0.019894 
0.021404 0.564559 0.078496 0.099806 0.235735 
0.034235 0.039580 0.133577 0.791361 0.001249 
0.424180 0.122066 0.321082 0.058876 0.073796 
0.020502 0.525060 0.175659 0.211219 0.067560 
0.136334 0.613339 0.015401 0.092453 0.142473 
0.034446 0.859595 0.000365 0.019600 0.085993 
0.000118 0.793516 0.157626 0.045355 0.003385 
0.012732 0.335657 0.378755 0.171900 0.100956 
0.098871 0.036709 0.692474 0.043993 0.127953 
0.265383 0.437088 0.176983 0.013751 0.106795 
0.135857 0.398568 0.025934 0.376138 0.063503 
0.158538 0.428381 0.401275 0.011687 0.000118 
0.017321 0.592558 0.148704 0.072825 0.168592 
0.083138 0.644309 0.001963 0.269160 0.001430 
0.390484 0.009290 0.474354 0.016944 0.108928 
0.007467 0.815208 0.010917 0.020750 0.145658 
0.365546 0.328817 0.055785 0.210483 0.039368 
0.480239 0.082573 0.003586 0.432787 0.000815 
0.179968 0.705831 0.014937 0.097539 0.001724 
0.001580 0.382915 0.334049 0.182373 0.099082 
0.138934 0.000729 0.507412 0.092991 0.259934 
0.011309 0.038956 0.775294 0.132094 0.042346 
0.190700 0.588237 0.144230 0.076831 0.000002 
0.174803 0.374367 0.025828 0.393549 0.031452 
0.389852 0.141036 0.000181 0.409438 0.059494 
0.055550 0.038956 0.043931 0.825994 0.035569 
0.077754 0.797662 0.075990 0.009955 0.038638 
0.206276 0.284261 0.000264 0.045576 0.463622 
0.006372 0.000666 0.968217 0.000810 0.023935 
0.642163 0.210562 0.130610 0.015429 0.001236 
0.144377 0.626810 0.001989 0.059150 0.167675 
0.002001 0.233343 0.160270 0.002275 0.602112 
0.182170 0.172811 0.000053 0.504165 0.140801 
0.000481 0.092150 0.084178 0.095442 0.727749 
0.338895 0.015472 0.193195 0.019895 0.432544 
0.244866 0.564805 0.017045 0.158356 0.014929 
0.062821 0.625643 0.100000 0.038114 0.173421 
0.058316 0.433740 0.242285 0.129952 0.135707 
0.800591 0.040420 0.122358 0.036131 0.000499 
0.305285 0.259072 0.113728 0.313776 0.008139 
0.017455 0.496689 0.120949 0.221747 0.143160 
0.186037 0.010561 0.587890 0.049289 0.166223 
0.251563 0.497241 0.050854 0.189491 0.010851 
0.076767 0.408339 0.183257 0.261836 0.069800 
0.007678 0.410266 0.277242 0.211498 0.093315 
0.022929 0.569827 0.196351 0.170343 0.040549 
0.176362 0.351690 0.045907 0.180211 0.245830 
0.324658 0.038126 0.032802 0.491123 0.113290 
0.329146 0.386731 0.006854 0.159923 0.117346 
0.554452 0.001939 0.165565 0.094670 0.183374 
0.400293 0.379151 0.029281 0.019273 0.172003 
0.010247 0.453491 0.084155 0.008695 0.443412 
0.031939 0.393784 0.276010 0.242279 0.055986 
0.003785 0.051513 0.035177 0.905149 0.004375 
0.000259 0.911146 0.039825 0.022889 0.025880 
0.057859 0.241761 0.073193 0.615162 0.012025 
0.102834 0.632001 0.041799 0.222603 0.000764 
0.000589 0.548481 0.257845 0.131606 0.061479 
0.677403 0.073623 0.110146 0.064894 0.073934 
0.097065 0.244711 0.311901 0.051847 0.294476 
0.108595 0.003847 0.102924 0.172632 0.612002 
0.001899 0.105322 0.137174 0.577720 0.177886 
0.199316 0.088029 0.038239 0.083418 0.590998 
0.005503 0.167184 0.535887 0.266229 0.025196 
0.000185 0.022829 0.471091 0.472803 0.033092 
0.000182 0.332931 0.160994 0.325738 0.180155 
0.007800 0.513729 0.254373 0.152772 0.071327 
0.031756 0.288632 0.432548 0.230874 0.016189 
0.071928 0.174165 0.323050 0.009086 0.421771 
0.076413 0.096690 0.198965 0.607284 0.020648 
0.000124 0.287235 0.468925 0.065511 0.178205 
0.107698 0.021093 0.000161 0.034012 0.837035 
0.094054 0.347924 0.247008 0.000417 0.310596 
0.002089 0.159505 0.126663 0.591367 0.120377 
0.010241 0.019298 0.915100 0.052835 0.002527 
0.046366 0.000164 0.473012 0.112209 0.368249 
0.253536 0.730414 0.000487 0.002381 0.013183 
0.528964 0.169796 0.012289 0.244249 0.044702 
0.003520 0.500948 0.249230 0.066052 0.180249 
0.013338 0.330018 0.307810 0.004187 0.344647 
0.236324 0.027861 0.429106 0.285696 0.021013 
0.649096 0.134522 0.059201 0.070721 0.086460 
0.334381 0.113678 0.294699 0.252843 0.004398 
0.026312 0.033666 0.848497 0.047729 0.043795 
0.687935 0.050970 0.097176 0.039060 0.124859 
0.004855 0.392700 0.153491 0.402687 0.046266 
0.000097 0.715635 0.009413 0.137849 0.137006 
0.000170 0.273628 0.048188 0.100040 0.577975 
0.108468 0.210663 0.000042 0.635718 0.045109 
0.041210 0.516792 0.178167 0.049738 0.214093 
0.286553 0.367172 0.289924 0.054081 0.002270 
0.004809 0.706475 0.127003 0.093678 0.068036 
0.110674 0.477116 0.047155 0.000793 0.364261 
0.069344 0.232886 0.518683 0.021569 0.157519 
0.054251 0.665243 0.087756 0.192595 0.000155 
0.095342 0.070991 0.365276 0.011257 0.457134 
0.197051 0.013160 0.651460 0.106525 0.031804 
0.276261 0.144638 0.360944 0.189229 0.028928 
0.318749 0.447974 0.001225 0.144673 0.087379 
0.002879 0.180311 0.030968 0.659256 0.126586 
0.105605 0.323177 0.469060 0.013610 0.088547 
0.381275 0.241314 0.205114 0.119492 0.052806 
0.451165 0.458693 0.076982 0.013158 0.000002 
0.008716 0.006887 0.889427 0.090176 0.004795 
0.045813 0.328571 0.377596 0.094649 0.153372 
0.069399 0.039193 0.014900 0.823464 0.053043 
0.011315 0.859257 0.123917 0.005492 0.000019 
0.134450 0.254358 0.029770 0.238550 0.342873 
0.000099 0.569917 0.000951 0.099563 0.329470 
0.001817 0.228347 0.007960 0.656767 0.105110 
0.129827 0.128703 0.531055 0.123999 0.086415 
0.057906 0.511548 0.022110 0.370714 0.037722 
0.023617 0.102153 0.123056 0.698364 0.052811 
0.273701 0.005810 0.000065 0.002549 0.717875 
0.061441 0.578661 0.285643 0.003235 0.071021 
0.021171 0.216119 0.069519 0.647063 0.046129 
0.101315 0.260900 0.192048 0.444395 0.001342 
0.018702 0.250694 0.219333 0.323751 0.187520 
0.173351 0.492496 0.034329 0.111475 0.188349 
0.039252 0.381549 0.024666 0.045875 0.508658 
0.192492 0.170805 0.022191 0.462856 0.151657 
0.001048 0.252219 0.337825 0.408813 0.000095 
0.053535 0.041166 0.101601 0.598136 0.205562 
0.328701 0.388102 0.019249 0.119799 0.144150 
0.104563 0.019730 0.020763 0.320117 0.534826 
0.000008 0.301847 0.160189 0.301408 0.236549 
0.033541 0.064436 0.030706 0.828332 0.042985 
0.000491 0.248959 0.065240 0.093103 0.592207 
0.001017 0.070951 0.136382 0.790775 0.000875 
0.087136 0.171526 0.008117 0.460202 0.273020 
0.037512 0.196188 0.033626 0.205077 0.527598 
0.319826 0.235367 0.019504 0.425294 0.000008 
0.035909 0.505959 0.214393 0.021122 0.222618 
0.214550 0.484202 0.042408 0.031789 0.227050 
0.045167 0.177689 0.132061 0.605321 0.039763 
0.096799 0.529456 0.070453 0.225796 0.077496 
0.224200 0.023476 0.481408 0.209386 0.061531 
0.000849 0.125744 0.839857 0.025223 0.008326 
0.019752 0.437641 0.014320 0.447406 0.080882 
0.022969 0.018868 0.734518 0.060661 0.162984 
0.128539 0.027652 0.450312 0.006702 0.386795 
0.037861 0.261037 0.032180 0.029042 0.639881 
0.006332 0.166763 0.324846 0.499012 0.003048 
0.080460 0.420122 0.453368 0.030922 0.015129 
0.075066 0.040417 0.866169 0.008977 0.009370 
0.005805 0.029571 0.814371 0.076275 0.073978 
0.136525 0.559832 0.003109 0.200190 0.100343 
0.014120 0.141918 0.211155 0.613846 0.018960 
0.213465 0.630261 0.023665 0.130573 0.002036 
0.163970 0.017212 0.166213 0.602787 0.049818 
0.387445 0.025222 0.430035 0.157173 0.000126 
0.048684 0.730752 0.032919 0.174105 0.013540 
0.146762 0.122814 0.071207 0.652026 0.007191 
0.282384 0.425583 0.090787 0.192675 0.008571 
0.257519 0.059659 0.065762 0.605557 0.011503 
0.085877 0.016176 0.122507 0.732539 0.042901 
0.027779 0.097892 0.315821 0.557800 0.000708 
0.089010 0.365854 0.013902 0.450754 0.080480 
0.470583 0.177697 0.076188 0.275503 0.000029 
0.001571 0.622295 0.183910 0.047277 0.144947 
0.025632 0.205038 0.086884 0.107781 0.574664 
0.033645 0.091079 0.002536 0.444292 0.428449 
0.249198 0.296516 0.254565 0.197916 0.001805 
0.057591 0.167729 0.769795 0.001771 0.003113 
0.068903 0.441719 0.018222 0.449302 0.021854 
0.168321 0.022309 0.275732 0.034856 0.498783 
0.309205 0.307341 0.322361 0.053713 0.007380 
0.096117 0.059221 0.044604 0.735481 0.064576 
0.102264 0.041659 0.416429 0.359704 0.079943 
0.125547 0.672162 0.034508 0.125516 0.042267 
0.322123 0.489924 0.183269 0.004609 0.000076 
0.029038 0.206525 0.174471 0.451898 0.138067 
0.037818 0.138421 0.664796 0.101479 0.057486 
0.138995 0.000245 0.423329 0.422753 0.014679 
0.012553 0.108074 0.080120 0.163610 0.635643 
0.417215 0.107290 0.000000 0.415726 0.059769 
0.331352 0.001744 0.291915 0.372797 0.002192 
0.007389 0.036497 0.616343 0.173444 0.166327 
0.060235 0.013335 0.406807 0.366843 0.152781 
0.087008 0.403714 0.084626 0.114275 0.310376 
0.149410 0.168780 0.008238 0.656610 0.016963 
0.069974 0.684097 0.111391 0.022845 0.111692 
0.012099 0.435154 0.000166 0.547943 0.004637 
0.145158 0.681792 0.010152 0.162530 0.000368 
0.011913 0.366176 0.173745 0.217204 0.230962 
0.339732 0.155442 0.450853 0.039706 0.014267 
0.319248 0.132824 0.436178 0.108137 0.003613 
0.068461 0.054071 0.089532 0.111972 0.675963 
0.340707 0.393526 0.230800 0.007542 0.027425 
0.208223 0.765034 0.025949 0.000198 0.000595 
0.596864 0.254333 0.009588 0.083876 0.055340 
0.111642 0.156594 0.414035 0.013170 0.304559 
0.189334 0.454011 0.041282 0.314580 0.000792 
0.299066 0.111533 0.010067 0.157459 0.421875 
0.122091 0.283100 0.046873 0.402664 0.145272 
0.612775 0.017102 0.016211 0.089251 0.264661 
0.024845 0.243699 0.022454 0.013741 0.695261 
0.002011 0.071061 0.026643 0.776831 0.123454 
0.033903 0.453306 0.054395 0.452421 0.005975 
0.301083 0.385576 0.112535 0.200184 0.000622 
0.000118 0.621198 0.113964 0.030529 0.234191 
0.588941 0.222091 0.013002 0.122232 0.053734 
0.002102 0.078374 0.152372 0.670014 0.097139 
0.074879 0.002827 0.033030 0.431899 0.457365 
0.059139 0.001684 0.104215 0.122163 0.712800 
0.000016 0.329080 0.198405 0.472409 0.000090 
0.028332 0.469582 0.016469 0.368325 0.117292 
0.158592 0.041121 0.582570 0.000000 0.217717 
0.006605 0.089991 0.019034 0.588344 0.296026 
0.360588 0.230684 0.063102 0.198327 0.147300 
0.089939 0.260836 0.065898 0.289011 0.294315 
0.010690 0.000581 0.340135 0.636579 0.012015 
0.044751 0.835539 0.002527 0.115770 0.001413 
0.001598 0.007278 0.119551 0.797031 0.074542 
0.003419 0.200888 0.117648 0.591255 0.086790 
0.090376 0.028067 0.341966 0.146587 0.393004 
0.869872 0.043244 0.065438 0.017067 0.004379 
0.148812 0.413401 0.000177 0.089163 0.348446 
0.022374 0.028946 0.328223 0.544634 0.075822 
0.227464 0.640744 0.012247 0.043404 0.076141 
0.163557 0.596735 0.040464 0.173456 0.025787 
0.022634 0.432318 0.167625 0.164676 0.212747 
0.107286 0.095351 0.039167 0.719617 0.038579 
0.332957 0.066069 0.194402 0.395140 0.011432 
0.184866 0.126455 0.466416 0.172033 0.050231 
0.252637 0.008051 0.001399 0.232542 0.505371 
0.210627 0.009372 0.122938 0.068742 0.588320 
0.013470 0.018443 0.047773 0.058687 0.861627 
0.016008 0.056003 0.011353 0.266677 0.649959 
0.000776 0.005291 0.821741 0.000128 0.172064 
0.078242 0.007234 0.136599 0.422803 0.355122 
0.354089 0.281666 0.201112 0.047312 0.115821 
0.121800 0.613684 0.130849 0.118565 0.015101 
0.067755 0.428012 0.031863 0.412212 0.060157 
0.031033 0.100776 0.015695 0.424856 0.427640 
0.004649 0.592523 0.177822 0.219217 0.005789 
0.205166 0.412811 0.007792 0.350412 0.023818 
0.217197 0.175808 0.505292 0.049017 0.052686 
0.007826 0.260287 0.489458 0.012740 0.229690 
0.039749 0.429220 0.083729 0.427212 0.020090 
0.022293 0.143829 0.013904 0.720965 0.099009 
0.010875 0.419398 0.307599 0.262093 0.000035 
0.057590 0.065345 0.842160 0.003027 0.031879 
0.137594 0.550139 0.007384 0.257808 0.047075 
0.105201 0.574089 0.208204 0.027981 0.084526 
0.093678 0.010226 0.012977 0.433358 0.449760 
0.022181 0.115478 0.752098 0.023977 0.086266 
0.113282 0.029793 0.805928 0.050407 0.000591 
0.004990 0.014654 0.798594 0.070997 0.110764 
0.140956 0.133736 0.121774 0.594064 0.009470 
0.193545 0.212056 0.025335 0.567079 0.001985 
0.068553 0.384432 0.314273 0.040511 0.192232 
0.034305 0.094699 0.524046 0.246286 0.100664 
0.597629 0.136315 0.043596 0.204525 0.017936 
0.004264 0.035643 0.707704 0.252257 0.000131 
0.016577 0.187684 0.245499 0.435103 0.115138 
0.027384 0.768854 0.067647 0.086523 0.049591 
0.003987 0.318658 0.283410 0.011711 0.382234 
0.525734 0.165476 0.268686 0.018522 0.021582 
0.059959 0.670113 0.192979 0.016013 0.060935 
0.395219 0.511481 0.015769 0.002002 0.075529 
0.004018 0.641748 0.224805 0.059823 0.069605 
0.108356 0.515197 0.037711 0.007612 0.331124 
0.111704 0.113360 0.421935 0.348058 0.004943 
0.002403 0.531373 0.267453 0.172431 0.026339 
0.098176 0.657321 0.045467 0.066442 0.132594 
0.554575 0.274936 0.153054 0.017208 0.000227 
0.149485 0.365625 0.055526 0.172447 0.256917 
0.110313 0.167624 0.021809 0.437150 0.263104 
0.009907 0.214016 0.061293 0.607106 0.107679 
0.000328 0.154422 0.007655 0.067301 0.770295 
0.000538 0.304412 0.134897 0.001950 0.558202 
0.008694 0.101623 0.441858 0.047749 0.400076 
0.093272 0.111092 0.133268 0.100636 0.561732 
0.203922 0.000447 0.450817 0.340670 0.004144 
0.037078 0.161740 0.350291 0.002341 0.448550 
0.201731 0.560068 0.002074 0.223505 0.012622 
0.171313 0.187764 0.032678 0.602511 0.005734 
0.042980 0.670963 0.120919 0.140197 0.024942 
0.859438 0.047727 0.080161 0.002861 0.009813 
0.355727 0.001815 0.012153 0.348111 0.282194 
0.011067 0.024939 0.824702 0.087960 0.051332 
0.389392 0.426102 0.000526 0.016574 0.167406 
0.391150 0.020797 0.412857 0.042289 0.132908 
0.010562 0.260391 0.108186 0.460553 0.160308 
0.664216 0.053515 0.024641 0.151960 0.105668 
0.102887 0.445594 0.005668 0.102415 0.343436 
0.303494 0.114635 0.006523 0.559065 0.016283 
0.471242 0.022485 0.293355 0.114322 0.098595 
0.016908 0.146908 0.103384 0.721903 0.010898 
0.384965 0.054666 0.451516 0.020660 0.088193 
0.000583 0.131334 0.228889 0.088951 0.550243 
0.060023 0.117340 0.414531 0.017317 0.390789 
0.390289 0.011712 0.203928 0.362593 0.031477 
0.158319 0.027567 0.073683 0.418524 0.321907 
0.039591 0.039604 0.890411 0.026918 0.003476 
0.055345 0.013825 0.921109 0.000000 0.009720 
0.094066 0.050271 0.006657 0.821428 0.027578 
0.019682 0.384011 0.263845 0.235044 0.097417 
0.004312 0.245571 0.003073 0.668522 0.078523 
0.468202 0.007749 0.465173 0.040891 0.017985 
0.000964 0.611519 0.154663 0.214163 0.018690 
0.199170 0.003615 0.174012 0.622432 0.000771 
0.659691 0.011674 0.306016 0.022392 0.000228 
0.085937 0.088949 0.000158 0.596943 0.228013 
0.016474 0.569370 0.093346 0.271182 0.049629 
0.234486 0.131647 0.161295 0.275668 0.196905 
0.219053 0.627626 0.005271 0.145881 0.002170 
0.082080 0.132503 0.417870 0.016843 0.350704 
0.464213 0.194101 0.000371 0.037665 0.303651 
0.003892 0.720330 0.213313 0.018847 0.043618 
0.322985 0.526047 0.001155 0.003280 0.146533 
0.000121 0.146726 0.047343 0.480638 0.325172 
0.013383 0.147458 0.000271 0.708833 0.130055 
0.000507 0.000431 0.687091 0.027912 0.284060 
0.026786 0.011538 0.418003 0.217472 0.326200 
0.085727 0.645555 0.062367 0.124793 0.081558 
0.342235 0.254045 0.082004 0.238938 0.082777 
0.115153 0.419088 0.005438 0.337120 0.123201 
0.145278 0.100100 0.009409 0.281672 0.463540 
0.129144 0.007035 0.000023 0.667454 0.196345 
0.031678 0.003213 0.015701 0.927372 0.022036 
0.016200 0.055851 0.858602 0.027601 0.041745 
0.003491 0.449476 0.297873 0.073122 0.176039 
0.333617 0.505440 0.009917 0.149987 0.001038 
0.086711 0.045738 0.686776 0.164369 0.016406 
0.007290 0.623131 0.052635 0.255408 0.061535 
0.658090 0.012914 0.179061 0.149926 0.000009 
0.002397 0.254828 0.006615 0.000873 0.735287 
0.115363 0.294281 0.004547 0.089513 0.496297 
0.011860 0.156006 0.761390 0.058153 0.012591 
0.012625 0.273329 0.069885 0.459507 0.184655 
0.078755 0.174438 0.384883 0.070018 0.291905 
0.153458 0.807055 0.027082 0.007950 0.004455 
0.112826 0.000086 0.000555 0.741541 0.144992 
0.194383 0.639200 0.029332 0.037693 0.099392 
0.042624 0.092096 0.510973 0.352176 0.002130 
0.244566 0.327986 0.008086 0.299916 0.119446 
0.234650 0.035949 0.217950 0.129810 0.381641 
0.029867 0.008786 0.164576 0.193420 0.603351 
0.009067 0.017696 0.000913 0.637897 0.334427 
0.046961 0.057578 0.000512 0.263374 0.631576 
0.040329 0.064571 0.352139 0.062170 0.480791 
0.001964 0.003491 0.505440 0.011588 0.477517 
0.009382 0.236515 0.167704 0.044154 0.542245 
0.045089 0.000644 0.003766 0.785078 0.165422 
0.013883 0.132782 0.024503 0.434824 0.394009 
0.003146 0.135634 0.199765 0.421130 0.240326 
0.002155 0.386234 0.251389 0.001187 0.359034 
0.213226 0.001964 0.164110 0.087411 0.533289 
0.014939 0.489588 0.153390 0.339351 0.002732 
0.307337 0.001606 0.387975 0.024590 0.278491 
0.068628 0.271689 0.006184 0.287687 0.365812 
0.000093 0.541282 0.410524 0.028691 0.019410 
0.156510 0.179430 0.169356 0.051078 0.443627 
0.003308 0.197344 0.048577 0.179653 0.571117 
0.149372 0.296587 0.074642 0.021481 0.457918 
0.000801 0.022069 0.101589 0.866887 0.008654 
0.000227 0.047384 0.033682 0.003350 0.915357 
0.013570 0.261405 0.023378 0.548410 0.153238 
0.127453 0.109766 0.009417 0.174434 0.578930 
0.055790 0.281463 0.100470 0.358759 0.203518 
0.394151 0.033660 0.059004 0.449863 0.063323 
0.121461 0.000215 0.096944 0.746682 0.034697 
0.110849 0.364457 0.465339 0.025003 0.034352 
0.004230 0.022177 0.559383 0.363589 0.050621 
0.000913 0.085367 0.221686 0.676344 0.015689 
0.248861 0.421812 0.115570 0.024830 0.188928 
0.365051 0.078389 0.004389 0.525470 0.026701 
0.106460 0.056412 0.724369 0.099175 0.013583 
0.033902 0.007366 0.097596 0.838381 0.022755 
0.062707 0.362222 0.243351 0.243901 0.087819 
0.040881 0.249688 0.230755 0.462794 0.015883 
0.052068 0.004863 0.862340 0.078534 0.002196 
0.014078 0.491145 0.006862 0.270756 0.217158 
0.178723 0.255936 0.006086 0.328388 0.230867 
0.127894 0.004656 0.386651 0.430222 0.050577 
0.004540 0.174466 0.431273 0.162033 0.227688 
0.564637 0.002705 0.147879 0.001399 0.283380 
0.003421 0.000910 0.975638 0.011896 0.008135 
0.628138 0.126546 0.029308 0.034462 0.181546 
0.121875 0.378224 0.389152 0.110620 0.000131 
0.054012 0.059231 0.532210 0.202108 0.152439 
0.005331 0.301885 0.335308 0.357355 0.000122 
0.226071 0.017768 0.122413 0.591814 0.041934 
0.028625 0.179222 0.654580 0.132115 0.005458 
0.082709 0.094227 0.364700 0.370352 0.088012 
0.025125 0.029958 0.020726 0.078933 0.845258 
0.329554 0.119416 0.031562 0.002461 0.517006 
0.107238 0.584752 0.155525 0.002016 0.150469 
0.058949 0.053340 0.561507 0.321383 0.004822 
0.033126 0.008750 0.163989 0.683901 0.110234 
0.303924 0.001399 0.479928 0.038615 0.176134 
0.052228 0.124351 0.047222 0.219277 0.556923 
0.089434 0.030357 0.755040 0.021905 0.103264 
0.034223 0.049772 0.283263 0.046137 0.586605 
0.200093 0.113998 0.625398 0.008442 0.052070 
0.001678 0.011111 0.051988 0.247114 0.688109 
0.279353 0.000037 0.172735 0.292632 0.255243 
0.004797 0.026669 0.677052 0.290804 0.000678 
0.002440 0.494434 0.488844 0.000130 0.014151 
0.014427 0.742827 0.098451 0.007263 0.137031 
0.390171 0.082123 0.373326 0.097630 0.056751 
0.594555 0.203588 0.137335 0.038080 0.026441 
0.057021 0.026900 0.358759 0.550263 0.007057 
0.003176 0.328920 0.384050 0.110833 0.173021 
0.203322 0.106140 0.523403 0.165923 0.001212 
0.055669 0.051402 0.411805 0.315877 0.165247 
0.368335 0.005650 0.185939 0.067086 0.372991 
0.170764 0.160181 0.391805 0.255742 0.021507 
0.107919 0.774719 0.060454 0.019947 0.036961 
0.025989 0.021456 0.001169 0.099768 0.851618 
0.084706 0.357737 0.028250 0.012956 0.516351 
0.020935 0.195924 0.336487 0.445570 0.001083 
0.382294 0.005648 0.330994 0.002619 0.278446 
0.086449 0.391033 0.002926 0.001497 0.518096 
0.013290 0.592784 0.078050 0.088312 0.227563 
0.329314 0.000034 0.414087 0.065683 0.190883 
0.317022 0.000001 0.093252 0.013117 0.576607 
0.556479 0.062972 0.081071 0.299279 0.000198 
0.100303 0.585786 0.016713 0.063940 0.233258 
0.055367 0.299309 0.540471 0.000281 0.104571 
0.066944 0.755109 0.024945 0.004569 0.148433 
0.645752 0.061823 0.156171 0.136253 0.000000 
0.054063 0.863828 0.037104 0.002793 0.042212 
0.000310 0.376753 0.192690 0.042517 0.387730 
0.156937 0.251754 0.010545 0.190188 0.390575 
0.007657 0.001001 0.669400 0.049972 0.271970 
0.041787 0.573507 0.214404 0.004489 0.165814 
0.262686 0.238794 0.009383 0.128975 0.360163 
0.036508 0.006532 0.445576 0.004707 0.506676 
0.019386 0.102376 0.620735 0.240975 0.016528 
0.154970 0.737770 0.004054 0.094035 0.009170 
0.062191 0.000300 0.007354 0.840618 0.089538 
0.573341 0.280981 0.038004 0.102900 0.004773 
0.396694 0.108693 0.034159 0.457591 0.002862 
0.809856 0.002227 0.054042 0.124145 0.009731 
0.217382 0.149042 0.208127 0.008040 0.417408 
0.371052 0.012434 0.411511 0.080787 0.124215 
0.872100 0.036314 0.004330 0.000991 0.086266 
0.647612 0.080926 0.092284 0.050562 0.128616 
0.110819 0.061707 0.770335 0.048694 0.008445 
0.063946 0.025808 0.425759 0.362355 0.122133 
0.021712 0.000756 0.574611 0.001507 0.401414 
0.359666 0.418929 0.005603 0.030504 0.185298 
0.038271 0.057634 0.288787 0.603434 0.011875 
0.166644 0.380844 0.007591 0.444117 0.000803 
0.162747 0.579758 0.059654 0.006487 0.191355 
0.132964 0.538711 0.216202 0.039660 0.072463 
0.000448 0.095286 0.725963 0.048568 0.129736 
0.381069 0.078600 0.456081 0.075151 0.009099 
0.073070 0.033088 0.070349 0.773627 0.049866 
0.200294 0.324626 0.001128 0.335701 0.138251 
0.172277 0.000088 0.661140 0.130728 0.035767 
0.507308 0.152596 0.335321 0.004768 0.000007 
0.266266 0.059492 0.006766 0.646486 0.020991 
0.034032 0.927867 0.004215 0.033168 0.000718 
0.024626 0.196715 0.401623 0.375312 0.001724 
0.136908 0.019770 0.305484 0.358135 0.179702 
0.287908 0.000696 0.384081 0.258092 0.069222 
0.310719 0.488541 0.028010 0.170429 0.002300 
0.415464 0.230021 0.305115 0.020415 0.028985 
0.138964 0.828451 0.012575 0.009042 0.010969 
0.363199 0.200507 0.028347 0.407914 0.000032 
0.647096 0.069647 0.017157 0.247112 0.018987 
0.177434 0.047469 0.268512 0.217506 0.289079 
0.038751 0.003055 0.335496 0.496641 0.126057 
0.016800 0.082317 0.094655 0.515981 0.290248 
0.554607 0.065933 0.155802 0.042567 0.181091 
0.343797 0.026516 0.020064 0.233144 0.376479 
0.015925 0.056813 0.461536 0.419365 0.046361 
0.084739 0.590226 0.278218 0.002520 0.044296 
0.279997 0.336537 0.142581 0.167071 0.073814 
0.182202 0.034582 0.222768 0.560363 0.000086 
0.088356 0.591905 0.223296 0.022961 0.073481 
0.837774 0.056071 0.002982 0.039815 0.063358 
0.019266 0.151122 0.107150 0.116642 0.605821 
0.334009 0.183491 0.305762 0.141819 0.034920 
0.018786 0.535376 0.245479 0.183474 0.016886 
0.007846 0.454814 0.075882 0.425543 0.035915 
0.138170 0.005384 0.014333 0.088498 0.753615 
0.123255 0.014517 0.205977 0.255298 0.400953 
0.430751 0.129967 0.014904 0.418741 0.005637 
0.342539 0.331169 0.131664 0.157655 0.036973 
0.015121 0.159269 0.325176 0.452381 0.048052 
0.140064 0.290104 0.122875 0.303817 0.143140 
0.062072 0.014446 0.000026 0.032834 0.890622 
0.303098 0.000871 0.128293 0.046942 0.520796 
0.455054 0.017474 0.189220 0.028622 0.309631 
0.159243 0.240263 0.046180 0.073344 0.480969 
0.534660 0.000637 0.113836 0.115959 0.234909 
0.062445 0.508976 0.130232 0.027406 0.270941 
0.005958 0.003200 0.528254 0.224554 0.238034 
0.002557 0.182166 0.004361 0.303136 0.507780 
0.079070 0.200309 0.025469 0.462640 0.232512 
0.212018 0.002306 0.002565 0.084994 0.698115 
0.002646 0.345493 0.055294 0.442509 0.154057 
0.129162 0.077942 0.067194 0.008862 0.716840 
0.474261 0.003730 0.020996 0.031072 0.469942 
0.003378 0.003661 0.221969 0.001699 0.769293 
0.012046 0.036343 0.119960 0.629589 0.202062 
0.000317 0.001221 0.231672 0.526759 0.240030 
0.087004 0.082715 0.089920 0.240752 0.499609 
0.433103 0.000042 0.144492 0.301051 0.121312 
0.586439 0.084741 0.038732 0.286180 0.003908 
0.023886 0.040115 0.755369 0.075942 0.104689 
0.467265 0.026511 0.000257 0.126605 0.379362 
0.148878 0.176751 0.272381 0.390499 0.011491 
0.132735 0.058215 0.677706 0.008587 0.122757 
0.714626 0.020473 0.005827 0.017299 0.241775 
0.829115 0.058559 0.069724 0.004270 0.038332 
0.148166 0.001623 0.843873 0.000031 0.006307 
0.128155 0.000377 0.032478 0.683063 0.155927 
0.043661 0.040574 0.736858 0.069416 0.109491 
0.267322 0.000037 0.539602 0.136621 0.056419 
0.473441 0.067801 0.096145 0.138678 0.223936 
0.495173 0.132039 0.024159 0.162378 0.186252 
0.045023 0.007567 0.066193 0.844338 0.036879 
0.622892 0.000753 0.126101 0.147745 0.102508 
0.387944 0.264480 0.309554 0.037422 0.000600 
0.003488 0.021310 0.945817 0.000085 0.029300 
0.491640 0.006279 0.012632 0.486311 0.003139 
0.698167 0.012894 0.032022 0.043498 0.213419 
0.313435 0.148859 0.016194 0.450666 0.070846 
0.234112 0.170198 0.000469 0.111238 0.483983 
0.067636 0.143941 0.023033 0.069877 0.695513 
0.039192 0.114626 0.064090 0.328327 0.453765 
0.113882 0.000671 0.207997 0.676818 0.000632 
0.306761 0.026863 0.046266 0.620095 0.000016 
0.447000 0.002230 0.404191 0.078251 0.068328 
0.673740 0.153370 0.108710 0.047815 0.016365 
0.057481 0.059066 0.064202 0.796638 0.022613 
0.004505 0.028440 0.350326 0.226924 0.389804 
0.181727 0.048847 0.576913 0.190648 0.001865 
0.073274 0.253599 0.054542 0.593591 0.024993 
0.000001 0.002900 0.313831 0.435258 0.248009 
0.003578 0.000002 0.825752 0.146416 0.024252 
0.064308 0.250563 0.135511 0.006591 0.543028 
0.023743 0.117776 0.574185 0.237382 0.046914 
0.003568 0.050831 0.262509 0.490094 0.192998 
0.151813 0.020497 0.095547 0.255355 0.476789 
0.000205 0.522755 0.281218 0.009683 0.186138 
0.502272 0.000074 0.164252 0.001152 0.332251 
0.310607 0.043898 0.576775 0.001811 0.066909 
0.336132 0.216392 0.024559 0.366674 0.056242 
0.367995 0.411665 0.062531 0.040777 0.117031 
0.163256 0.571640 0.131774 0.098325 0.035005 
0.194104 0.219644 0.230442 0.040480 0.315330 
0.054452 0.168819 0.337419 0.439308 0.000002 
0.030201 0.100151 0.592233 0.266033 0.011383 
0.247125 0.008968 0.075679 0.115317 0.552911 
0.016259 0.214537 0.745979 0.016672 0.006553 
0.045264 0.034960 0.017242 0.433335 0.469198 
0.000004 0.137782 0.240999 0.497052 0.124163 
0.457219 0.000015 0.213609 0.173018 0.156138 
0.002123 0.011248 0.137587 0.700591 0.148451 
0.134643 0.000002 0.148448 0.498406 0.218502 
0.132875 0.003036 0.639668 0.215223 0.009198 
0.290399 0.007516 0.254141 0.257186 0.190758 
0.404066 0.493196 0.095471 0.007241 0.000026 
0.722295 0.006395 0.245166 0.011076 0.015068 
0.263680 0.099372 0.612413 0.000054 0.024481 
0.224164 0.024824 0.525158 0.196379 0.029475 
0.000095 0.045153 0.001657 0.925849 0.027246 
0.032657 0.294691 0.312442 0.150432 0.209779 
0.128567 0.316722 0.432249 0.051729 0.070734 
0.003451 0.295967 0.047003 0.050645 0.602934 
0.056325 0.521897 0.236854 0.025201 0.159723 
0.004790 0.522769 0.110152 0.022465 0.339824 
0.018226 0.152187 0.610310 0.149345 0.069930 
0.109844 0.045745 0.766306 0.060322 0.017783 
0.064120 0.000373 0.542646 0.369259 0.023602 
0.037944 0.061098 0.227117 0.463146 0.210695 
0.535099 0.002888 0.071743 0.390149 0.000121 
0.005197 0.072683 0.406474 0.009541 0.506105 
0.323527 0.041298 0.472647 0.043619 0.118909 
0.066997 0.140971 0.004702 0.774854 0.012475 
0.378025 0.080545 0.529587 0.011177 0.000666 
0.634440 0.003029 0.189293 0.132025 0.041213 
0.009080 0.096213 0.067196 0.706157 0.121353 
0.439491 0.004446 0.146523 0.394144 0.015396 
0.145222 0.095044 0.248062 0.476089 0.035583 
0.013941 0.025589 0.108075 0.696169 0.156225 
0.001494 0.094745 0.050507 0.828349 0.024905 
0.025337 0.043738 0.786859 0.115717 0.028350 
0.173779 0.005585 0.198699 0.553658 0.068279 
0.002285 0.031572 0.648805 0.297653 0.019685 
0.024820 0.221310 0.333963 0.059361 0.360546 
0.027188 0.020097 0.673982 0.114203 0.164530 
0.087810 0.011514 0.128513 0.340368 0.431794 
0.024203 0.016625 0.341655 0.388393 0.229124 
0.030639 0.244629 0.237648 0.016759 0.470325 
0.001839 0.210825 0.319557 0.371389 0.096390 
0.287805 0.000347 0.296244 0.197151 0.218452 
0.331267 0.052829 0.450223 0.112317 0.053365 
0.052916 0.074525 0.293910 0.126043 0.452606 
0.116551 0.296414 0.020616 0.023616 0.542802 
0.160903 0.059409 0.731293 0.013516 0.034879 
0.000067 0.698822 0.045438 0.246764 0.008908 
0.118178 0.000070 0.610021 0.158267 0.113464 
0.201160 0.098382 0.020789 0.009216 0.670454 
0.381476 0.007861 0.210102 0.028148 0.372413 
0.014381 0.230413 0.520757 0.003530 0.230919 
0.032444 0.027828 0.046531 0.115957 0.777241 
0.085607 0.002888 0.576516 0.064167 0.270822 
0.006495 0.457049 0.041121 0.046282 0.449053 
0.117950 0.049112 0.005749 0.137168 0.690020 
0.048320 0.196623 0.076644 0.082185 0.596227 
0.136928 0.038703 0.002034 0.331850 0.490485 
0.000954 0.435726 0.353080 0.103024 0.107216 
0.000287 0.045887 0.718712 0.142362 0.092752 
0.047203 0.040688 0.013084 0.677487 0.221538 
0.061793 0.085870 0.001152 0.142978 0.708207 
0.208452 0.514380 0.011540 0.251582 0.014046 
0.005453 0.460745 0.285780 0.013999 0.234024 
0.112463 0.003504 0.847911 0.035335 0.000788 
0.000032 0.000818 0.006468 0.327098 0.665583 
0.006431 0.042726 0.015602 0.582233 0.353008 
0.000007 0.004407 0.094489 0.639501 0.261595 
0.130321 0.111542 0.529585 0.200651 0.027902 
0.019116 0.015683 0.000252 0.438717 0.526232 
0.108115 0.138856 0.229867 0.327118 0.196044 
0.236720 0.743577 0.004233 0.001801 0.013669 
0.049292 0.000087 0.335969 0.614583 0.000069 
0.062476 0.121576 0.001677 0.607199 0.207072 
0.011678 0.425766 0.498466 0.063404 0.000686 
0.001925 0.111518 0.801001 0.067131 0.018425 
0.058940 0.002882 0.500692 0.412774 0.024711 
0.240652 0.029221 0.447626 0.200075 0.082426 
0.244379 0.234724 0.005265 0.272604 0.243029 
0.382661 0.057583 0.045587 0.329155 0.185014 
0.172107 0.097373 0.020161 0.704885 0.005475 
0.639774 0.025912 0.308878 0.001416 0.024020 
0.523109 0.086039 0.039641 0.201684 0.149527 
0.000017 0.032390 0.235390 0.697254 0.034949 
0.238596 0.137174 0.010153 0.299788 0.314289 
0.334875 0.125856 0.234134 0.305042 0.000093 
0.691110 0.238237 0.020772 0.033352 0.016529 
0.011272 0.168247 0.432826 0.330564 0.057091 
0.120776 0.343691 0.027503 0.295673 0.212357 
0.022373 0.638022 0.022677 0.102843 0.214085 
0.354110 0.040504 0.002180 0.592661 0.010545 
0.000929 0.331118 0.180201 0.114454 0.373298 
0.061131 0.008711 0.672788 0.000672 0.256699 
0.288256 0.003112 0.025738 0.016637 0.666257 
0.557728 0.064724 0.019249 0.019419 0.338880 
0.285502 0.065878 0.019531 0.182495 0.446594 
0.108378 0.100798 0.003624 0.010399 0.776801 
0.022396 0.006923 0.101029 0.361316 0.508336 
0.012846 0.690197 0.171331 0.056399 0.069226 
0.064566 0.783188 0.090545 0.000246 0.061456 
0.754532 0.000037 0.243300 0.000618 0.001513 
0.320447 0.022285 0.639944 0.013421 0.003904 
0.266261 0.522704 0.161152 0.012849 0.037033 
0.000164 0.110876 0.204754 0.574986 0.109219 
0.003743 0.244568 0.202083 0.372090 0.177516 
0.188695 0.057790 0.001033 0.544433 0.208049 
0.000054 0.514389 0.000731 0.351853 0.132973 
0.002080 0.196170 0.132655 0.650280 0.018816 
0.064277 0.210471 0.124359 0.598779 0.002114 
0.094413 0.303831 0.211096 0.364451 0.026208 
0.002034 0.046000 0.045652 0.414650 0.491663 
0.000059 0.015888 0.473751 0.254047 0.256255 
0.000478 0.016372 0.001161 0.975707 0.006282 
0.003735 0.002428 0.020381 0.775873 0.197582 
0.005336 0.000426 0.197947 0.572842 0.223449 
0.018364 0.379611 0.309332 0.003001 0.289692 
0.003070 0.336627 0.042085 0.543695 0.074522 
0.081941 0.155565 0.000604 0.527780 0.234109 
0.611390 0.010269 0.252987 0.000694 0.124661 
0.323794 0.351150 0.003568 0.016977 0.304512 
0.624031 0.072697 0.081174 0.211082 0.011016 
0.544791 0.027085 0.383650 0.000049 0.044426 
0.066579 0.781560 0.035496 0.008348 0.108017 
0.088255 0.539432 0.086465 0.004856 0.280991 
0.042504 0.047946 0.032374 0.871176 0.006000 
0.069787 0.001271 0.380684 0.180699 0.367558 
0.249006 0.024359 0.174237 0.508376 0.044022 
0.217350 0.347782 0.056904 0.375505 0.002459 
0.221101 0.030716 0.554267 0.019748 0.174168 
0.444491 0.294221 0.004966 0.226817 0.029503 
0.223306 0.192508 0.059671 0.454110 0.070404 
0.005813 0.133220 0.184311 0.313450 0.363206 
0.118174 0.019538 0.054710 0.603059 0.204519 
0.439425 0.089228 0.052626 0.164410 0.254310 
0.130093 0.285456 0.122929 0.461096 0.000425 
0.625678 0.154923 0.037455 0.145474 0.036471 
0.766800 0.073555 0.023472 0.000893 0.135281 
0.276120 0.141883 0.000022 0.416590 0.165386 
0.077304 0.038566 0.035407 0.039264 0.809460 
0.009608 0.075563 0.133641 0.229823 0.551365 
0.124203 0.048077 0.160547 0.011754 0.655419 
0.006848 0.000005 0.008420 0.019252 0.965475 
0.054205 0.000597 0.327038 0.049684 0.568476 
0.138591 0.000641 0.601291 0.006120 0.253357 
0.001423 0.627763 0.006516 0.112698 0.251600 
0.156647 0.011066 0.362208 0.014270 0.455810 
0.250764 0.008569 0.004780 0.326776 0.409111 
0.003585 0.002002 0.213183 0.672994 0.108235 
0.287907 0.000303 0.126874 0.034042 0.550873 
0.092250 0.237200 0.019152 0.171620 0.479778 
0.040421 0.245900 0.037005 0.386894 0.289779 
0.291910 0.003668 0.069469 0.262041 0.372912 
0.309169 0.073947 0.403045 0.083327 0.130512 
0.156439 0.633027 0.191047 0.012281 0.007206 
0.002317 0.028017 0.090070 0.563868 0.315729 
0.065762 0.616154 0.042179 0.019595 0.256309 
0.006669 0.039184 0.397424 0.355283 0.201440 
0.056774 0.000908 0.123356 0.086804 0.732159 
0.278359 0.285303 0.028195 0.081038 0.327105 
0.000044 0.921502 0.055019 0.000000 0.023435 
0.002394 0.000061 0.015743 0.961961 0.019841 
0.185162 0.007168 0.023701 0.782652 0.001316 
0.106463 0.004552 0.135187 0.582909 0.170889 
0.191374 0.054644 0.741361 0.002742 0.009879 
0.004962 0.035482 0.193115 0.071049 0.695392 
0.102506 0.103750 0.073956 0.274862 0.444925 
0.620000 0.005428 0.174616 0.198294 0.001662 
0.010943 0.362183 0.000011 0.380059 0.246804 
0.479144 0.319227 0.139774 0.040967 0.020889 
0.003770 0.282852 0.150687 0.542569 0.020123 
0.056515 0.485282 0.209024 0.217655 0.031525 
0.003046 0.291900 0.568916 0.096276 0.039862 
0.044426 0.633913 0.016399 0.140432 0.164830 
0.007453 0.202861 0.335342 0.002215 0.452128 
0.088823 0.171303 0.144159 0.593320 0.002394 
0.082448 0.023643 0.617238 0.063017 0.213655 
0.182568 0.119487 0.522586 0.000697 0.174662 
0.070833 0.265840 0.511910 0.021844 0.129573 
0.300113 0.000095 0.061118 0.233187 0.405487 
0.010190 0.019820 0.513345 0.456121 0.000523 
0.389028 0.450201 0.021021 0.033766 0.105983 
0.090501 0.611393 0.029211 0.164482 0.104413 
0.087516 0.459395 0.012194 0.393421 0.047474 
0.322119 0.099757 0.028013 0.391077 0.159033 
0.038861 0.221068 0.555519 0.056939 0.127613 
0.008463 0.305382 0.404117 0.014037 0.268001 
0.540054 0.010248 0.324139 0.000680 0.124878 
0.113957 0.778174 0.067631 0.007974 0.032265 
0.362869 0.547872 0.066604 0.020560 0.002096 
0.073311 0.751774 0.142454 0.032415 0.000046 
0.023572 0.448394 0.456984 0.042067 0.028983 
0.114711 0.647337 0.155065 0.065502 0.017386 
0.008112 0.448654 0.454403 0.033857 0.054974 
0.149744 0.731156 0.056547 0.004887 0.057666 
0.057427 0.501386 0.324171 0.044736 0.072280 
0.252288 0.636019 0.011385 0.088059 0.012249 
0.119460 0.642242 0.106304 0.112368 0.019627 
0.028919 0.597644 0.263966 0.000010 0.109461 
0.323534 0.500272 0.050888 0.124519 0.000786 
0.114774 0.619967 0.179029 0.066910 0.019321 
0.001273 0.516023 0.473035 0.000336 0.009334 
0.061000 0.174776 0.673502 0.045551 0.045171 
0.014412 0.295029 0.033790 0.613536 0.043234 
0.074876 0.559852 0.065459 0.235086 0.064727 
0.612764 0.095543 0.267661 0.003709 0.020323 
0.024432 0.819444 0.041043 0.034629 0.080451 
0.372058 0.324223 0.002465 0.093292 0.207961 
0.014647 0.817366 0.092934 0.016127 0.058927 
0.441295 0.532527 0.000008 0.002349 0.023821 
0.090978 0.791647 0.077982 0.023901 0.015493 
0.016609 0.569822 0.328731 0.070013 0.014824 
0.296375 0.611643 0.020267 0.001330 0.070385 
0.079933 0.747310 0.101165 0.028092 0.043499 
0.005319 0.585808 0.282578 0.122443 0.003852 
0.294905 0.483163 0.161848 0.000380 0.059704 
0.124315 0.685885 0.083360 0.004827 0.101614 
0.160477 0.432534 0.400367 0.001977 0.004646 
0.043041 0.078555 0.749426 0.109443 0.019535 
0.003996 0.490163 0.455973 0.001502 0.048367 
0.077794 0.003046 0.129537 0.730009 0.059613 
0.001068 0.156393 0.128986 0.200267 0.513286 
0.014301 0.389211 0.301774 0.081079 0.213635 
0.000600 0.685429 0.234619 0.002390 0.076962 
0.227896 0.133376 0.574836 0.005780 0.058111 
0.155127 0.198169 0.583156 0.034683 0.028865 
0.121681 0.620703 0.232393 0.000429 0.024795 
0.037928 0.000404 0.769597 0.078763 0.113308 
0.780270 0.012468 0.082862 0.105402 0.018998 
0.010455 0.017835 0.685477 0.168775 0.117458 
0.325579 0.000117 0.326689 0.046788 0.300827 
0.038220 0.056102 0.713657 0.051917 0.140105 
0.470802 0.063655 0.277058 0.188383 0.000102 
0.380328 0.319520 0.276954 0.020350 0.002848 
0.029950 0.022474 0.011769 0.097058 0.838749 
0.050850 0.002685 0.106494 0.489046 0.350926 
0.017644 0.039052 0.845363 0.084803 0.013138 
0.000006 0.060383 0.852464 0.075566 0.011580 
0.027996 0.011000 0.057879 0.464114 0.439012 
0.233632 0.024397 0.568666 0.001101 0.172204 
0.048624 0.203560 0.562416 0.021265 0.164134 
0.007259 0.770106 0.161540 0.012469 0.048626 
0.071167 0.588742 0.036053 0.205072 0.098966 
0.187277 0.357889 0.001808 0.440543 0.012483 
0.040240 0.629580 0.161593 0.115789 0.052799 
0.248343 0.275130 0.002175 0.056604 0.417748 
0.040079 0.435393 0.014476 0.239749 0.270303 
0.250325 0.068538 0.190399 0.033030 0.457708 
0.284215 0.288563 0.203191 0.184361 0.039669 
0.214741 0.003456 0.154362 0.535420 0.092022 
0.006759 0.105097 0.087073 0.789178 0.011893 
0.256819 0.169379 0.040840 0.317961 0.215001 
0.268637 0.188586 0.293348 0.238035 0.011394 
0.330354 0.019553 0.403161 0.097272 0.149660 
0.000399 0.203642 0.117356 0.072225 0.606378 
0.001293 0.475539 0.033182 0.457482 0.032504 
0.196659 0.011753 0.050600 0.637309 0.103680 
0.150689 0.800502 0.012403 0.009244 0.027162 
0.254160 0.402620 0.226588 0.093863 0.022769 
0.376713 0.434705 0.000022 0.188297 0.000262 
0.188309 0.610649 0.009602 0.031280 0.160161 
0.169007 0.415126 0.003705 0.000000 0.412162 
0.177475 0.158243 0.024114 0.080187 0.559980 
0.022540 0.337761 0.043331 0.123619 0.472750 
0.472581 0.346543 0.077385 0.103228 0.000263 
0.103531 0.569932 0.022934 0.125191 0.178412 
0.550238 0.155944 0.006107 0.063721 0.223991 
0.000088 0.597184 0.121453 0.248220 0.033054 
0.079021 0.566737 0.043425 0.008532 0.302285 
0.051320 0.017645 0.621318 0.000015 0.309701 
0.021958 0.735098 0.027418 0.003765 0.211761 
0.169041 0.739382 0.030247 0.035586 0.025744 
0.082230 0.340817 0.004857 0.442340 0.129757 
0.055418 0.108013 0.734447 0.035076 0.067046 
0.172183 0.660613 0.053124 0.069079 0.045002 
0.009953 0.381290 0.073187 0.387913 0.147657 
0.062947 0.205963 0.076994 0.015633 0.638463 
0.051088 0.009467 0.110471 0.746524 0.082451 
0.097695 0.339515 0.241533 0.318847 0.002409 
0.151095 0.255630 0.103620 0.362551 0.127104 
0.018000 0.273984 0.240382 0.151057 0.316577 
0.053817 0.055283 0.439766 0.010045 0.441088 
0.128825 0.094185 0.071275 0.490737 0.214977 
0.033532 0.183128 0.533982 0.028601 0.220757 
0.011086 0.021196 0.011911 0.480472 0.475334 
0.019009 0.432522 0.077255 0.462310 0.008904 
0.142009 0.592650 0.052361 0.054648 0.158332 
0.143098 0.486531 0.007824 0.347300 0.015247 
0.041090 0.508282 0.217196 0.039073 0.194359 
0.005333 0.251660 0.662568 0.004832 0.075606 
0.011609 0.488569 0.335299 0.088054 0.076469 
0.000228 0.405282 0.000313 0.012118 0.582059 
0.020587 0.364018 0.183628 0.316136 0.115631 
0.000202 0.498072 0.135666 0.104594 0.261466 
0.162206 0.037059 0.016751 0.692184 0.091800 
0.015517 0.000957 0.261640 0.075751 0.646135 
0.014648 0.154048 0.090459 0.638986 0.101859 
0.028325 0.375028 0.045005 0.403981 0.147661 
0.064513 0.344676 0.001008 0.578224 0.011579 
0.409977 0.054306 0.032965 0.273121 0.229631 
0.019168 0.059144 0.541715 0.361350 0.018622 
0.010036 0.429178 0.157233 0.312422 0.091131 
0.000115 0.083322 0.195992 0.717503 0.003068 
0.047670 0.008015 0.418444 0.128547 0.397324 
0.012245 0.145933 0.193733 0.333957 0.314132 
0.000812 0.062368 0.000086 0.057455 0.879279 
0.159323 0.062904 0.006234 0.254805 0.516733 
0.053808 0.183953 0.005866 0.034011 0.722362 
0.004261 0.020072 0.123372 0.028581 0.823714 
0.051140 0.511722 0.202642 0.161046 0.073450 
0.276284 0.333075 0.001531 0.163821 0.225289 
0.005057 0.006244 0.140631 0.697900 0.150168 
0.134052 0.005989 0.658337 0.085881 0.115742 
0.023587 0.734695 0.019742 0.002473 0.219503 
0.238661 0.235053 0.000001 0.286421 0.239864 
0.172179 0.270346 0.149027 0.000003 0.408444 
0.119031 0.111240 0.395497 0.002012 0.372220 
0.004304 0.450902 0.081345 0.120874 0.342574 
0.005050 0.484197 0.078676 0.412056 0.020020 
0.005422 0.239021 0.549193 0.081353 0.125010 
0.034290 0.003669 0.515520 0.344799 0.101722 
0.475897 0.300029 0.021623 0.057860 0.144591 
0.065760 0.132210 0.071970 0.007986 0.722074 
0.111262 0.003725 0.000329 0.705580 0.179104 
0.016614 0.144158 0.804394 0.001847 0.032988 
0.274148 0.585937 0.013366 0.097105 0.029444 
0.124338 0.000793 0.820361 0.044824 0.009684 
0.062479 0.007322 0.076428 0.807385 0.046386 
0.186687 0.319646 0.243573 0.243899 0.006195 
0.004165 0.144486 0.543211 0.290128 0.018010 
0.372216 0.095408 0.040478 0.472768 0.019130 
0.004020 0.029511 0.051443 0.168273 0.746754 
0.133965 0.001232 0.003530 0.085673 0.775600 
0.014285 0.077553 0.000014 0.031685 0.876463 
0.177787 0.002070 0.077755 0.000759 0.741630 
0.057097 0.129294 0.106273 0.421582 0.285754 
0.101000 0.117521 0.031849 0.303656 0.445975 
0.116639 0.063980 0.007751 0.397841 0.413789 
0.142348 0.004163 0.225701 0.627305 0.000482 
0.165362 0.141277 0.519105 0.122127 0.052128 
0.005822 0.068181 0.525601 0.313073 0.087323 
0.187671 0.048650 0.433295 0.324762 0.005622 
0.014170 0.005620 0.817468 0.116486 0.046257 
0.106393 0.338775 0.049387 0.079257 0.426188 
0.071119 0.008426 0.363342 0.550498 0.006614 
0.000001 0.016024 0.339037 0.011716 0.633223 
0.020979 0.086591 0.034969 0.752911 0.104550 
0.111167 0.344710 0.128985 0.374667 0.040471 
0.216063 0.108201 0.190286 0.019775 0.465674 
0.024911 0.001669 0.548419 0.353692 0.071309 
0.139924 0.005979 0.102042 0.056890 0.695165 
0.027839 0.340706 0.202337 0.138171 0.290947 
0.009361 0.353944 0.380062 0.138932 0.117701 
0.139650 0.489471 0.029878 0.263898 0.077103 
0.081414 0.561703 0.090986 0.227404 0.038492 
0.040414 0.066264 0.254828 0.018159 0.620335 
0.311330 0.297345 0.001897 0.002843 0.386586 
0.093295 0.051967 0.731042 0.110491 0.013204 
0.018723 0.620074 0.288329 0.032233 0.040641 
0.086432 0.567122 0.086406 0.195476 0.064565 
0.225318 0.297968 0.125822 0.032289 0.318602 
0.018326 0.199766 0.010835 0.700512 0.070561 
0.379272 0.035276 0.003488 0.337820 0.244144 
0.063464 0.248512 0.000248 0.526703 0.161072 
0.000257 0.052333 0.414190 0.309864 0.223357 
0.450529 0.016530 0.390635 0.087617 0.054689 
0.324463 0.212348 0.433804 0.022563 0.006822 
0.035386 0.494684 0.176094 0.280221 0.013615 
0.167549 0.128195 0.050561 0.632935 0.020760 
0.006071 0.311915 0.093419 0.501799 0.086797 
0.119755 0.297634 0.152712 0.415481 0.014418 
0.016764 0.028419 0.178550 0.759498 0.016770 
0.000150 0.293187 0.018354 0.587477 0.100832 
0.463317 0.009829 0.001610 0.452389 0.072856 
0.113031 0.310107 0.034479 0.528563 0.013821 
0.118949 0.259609 0.011235 0.429262 0.180944 
0.000039 0.022637 0.185491 0.559499 0.232334 
0.001207 0.187166 0.001848 0.370015 0.439765 
0.333655 0.273956 0.085333 0.032656 0.274400 
0.004488 0.048171 0.016363 0.025457 0.905522 
0.052257 0.004848 0.112480 0.282454 0.547961 
0.340241 0.080423 0.012564 0.250253 0.316519 
0.593356 0.163578 0.020589 0.139341 0.083137 
0.123999 0.004524 0.727800 0.000695 0.142982 
0.149978 0.124880 0.656022 0.002868 0.066250 
0.257423 0.455602 0.111351 0.173547 0.002076 
0.000005 0.059242 0.229912 0.707688 0.003152 
0.011035 0.054665 0.001495 0.929484 0.003321 
0.060923 0.102607 0.085141 0.248151 0.503178 
0.355183 0.130114 0.002271 0.216840 0.295593 
0.612728 0.133598 0.252630 0.000741 0.000304 
0.702431 0.004802 0.133079 0.032678 0.127010 
0.854582 0.036053 0.109052 0.000190 0.000123 
0.583843 0.049987 0.060890 0.251523 0.053756 
0.352501 0.126767 0.095303 0.195755 0.229674 
0.568076 0.074413 0.153586 0.124423 0.079502 
0.263912 0.470119 0.167644 0.008745 0.089582 
0.512626 0.421009 0.007010 0.008364 0.050991 
0.571672 0.000116 0.004671 0.337718 0.085823 
0.247319 0.037229 0.410087 0.006366 0.299000 
0.734757 0.003694 0.203483 0.044200 0.013866 
0.203549 0.600199 0.132312 0.031940 0.032000 
0.620357 0.000010 0.056835 0.212227 0.110569 
0.283349 0.000003 0.551158 0.019699 0.145791 
0.185609 0.186689 0.036886 0.229933 0.360884 
0.005934 0.091548 0.754748 0.036558 0.111211 
0.048031 0.014093 0.449709 0.482661 0.005507 
0.007792 0.059653 0.343050 0.487671 0.101834 
0.015539 0.028078 0.097695 0.761265 0.097423 
0.215830 0.265065 0.131832 0.080976 0.306297 
0.005652 0.059140 0.092155 0.180960 0.662093 
0.010349 0.571735 0.139663 0.253367 0.024885 
0.251786 0.110452 0.457604 0.084390 0.095768 
0.076298 0.033910 0.617516 0.183910 0.088366 
0.469329 0.459903 0.000089 0.060346 0.010332 
0.176133 0.651041 0.071468 0.022262 0.079097 
0.065996 0.489638 0.258242 0.022652 0.163472 
0.223174 0.500934 0.007073 0.101929 0.166891 
0.077819 0.611960 0.093291 0.144156 0.072773 
0.009939 0.502643 0.265359 0.195180 0.026880 
0.272012 0.551667 0.015989 0.148040 0.012293 
0.116045 0.586442 0.125190 0.101667 0.070656 
0.028576 0.546437 0.316315 0.030539 0.078134 
0.313396 0.564063 0.037344 0.022721 0.062474 
0.105615 0.713663 0.099642 0.061599 0.019482 
0.024464 0.577429 0.295186 0.006821 0.096100 
0.000510 0.285223 0.491996 0.096683 0.125588 
0.110966 0.550013 0.189439 0.130383 0.019199 
0.017532 0.459580 0.433044 0.052114 0.037731 
0.001711 0.035155 0.190067 0.712922 0.060145 
0.113128 0.231784 0.098800 0.427002 0.129285 
0.145517 0.556543 0.004234 0.230080 0.063626 
0.000009 0.418598 0.467976 0.067399 0.046018 
0.029732 0.910749 0.053112 0.002252 0.004155 
0.442125 0.415470 0.126545 0.000642 0.015217 
0.019638 0.822183 0.067670 0.059028 0.031482 
0.420493 0.520965 0.025986 0.000448 0.032108 
0.093954 0.610367 0.099176 0.076770 0.119734 
0.003825 0.520630 0.332314 0.009804 0.133428 
0.261085 0.703576 0.006067 0.000012 0.029261 
0.070803 0.808135 0.091996 0.001684 0.027382 
0.021009 0.571399 0.260259 0.011489 0.135843 
0.335799 0.470215 0.040745 0.027761 0.125480 
0.111813 0.674300 0.151557 0.017175 0.045154 
0.018480 0.460816 0.480471 0.025292 0.014941 
0.156881 0.678322 0.104885 0.022198 0.037714 
0.068843 0.061312 0.518916 0.169058 0.181871 
0.244248 0.001164 0.297575 0.116874 0.340139 
0.016391 0.604440 0.077004 0.025216 0.276949 
0.005910 0.629521 0.260758 0.098899 0.004913 
0.029541 0.002068 0.032659 0.865463 0.070269 
0.923275 0.020438 0.000308 0.028245 0.027734 
0.767424 0.035119 0.106821 0.065567 0.025069 
0.001060 0.352903 0.154783 0.126990 0.364264 
0.259815 0.675866 0.000266 0.046783 0.017270 
0.007239 0.478423 0.343856 0.050513 0.119969 
0.253712 0.344019 0.000677 0.239402 0.162190 
0.022892 0.101414 0.406165 0.052967 0.416562 
0.187843 0.302032 0.313488 0.000273 0.196365 
0.021562 0.163055 0.282917 0.475624 0.056842 
0.792614 0.109991 0.002522 0.049323 0.045549 
0.044060 0.102304 0.046354 0.709690 0.097592 
0.085045 0.079549 0.052063 0.456924 0.326420 
0.111800 0.102797 0.483068 0.114156 0.188179 
0.003829 0.467170 0.244500 0.269984 0.014517 
0.002968 0.422892 0.061677 0.002078 0.510385 
0.071256 0.014291 0.090701 0.753727 0.070025 
0.001185 0.000303 0.947319 0.028624 0.022570 
0.028612 0.324225 0.207562 0.262367 0.177234 
0.253261 0.308854 0.008485 0.394498 0.034903 
0.195826 0.253520 0.092067 0.240662 0.217926 
0.000000 0.210408 0.635347 0.006593 0.147651 
0.053026 0.112609 0.114739 0.537227 0.182399 
0.047832 0.669784 0.085684 0.000061 0.196639 
0.001863 0.227309 0.265523 0.131614 0.373690 
0.407379 0.103799 0.011741 0.381182 0.095899 
0.021494 0.419138 0.013748 0.212856 0.332765 
0.092070 0.753106 0.003074 0.069766 0.081983 
0.353411 0.378815 0.026122 0.236166 0.005487 
0.099613 0.518729 0.099431 0.272032 0.010195 
0.107743 0.546312 0.035068 0.207904 0.102973 
0.000133 0.460702 0.167956 0.026576 0.344634 
0.154401 0.284497 0.541079 0.020021 0.000002 
0.026645 0.519535 0.052238 0.112767 0.288816 
0.044974 0.530335 0.175512 0.091414 0.157764 
0.400470 0.417600 0.008923 0.173004 0.000002 
0.326777 0.367543 0.281583 0.010419 0.013677 
0.185140 0.285029 0.041798 0.423476 0.064557 
0.845880 0.014800 0.004135 0.118768 0.016417 
0.880176 0.006259 0.049490 0.052481 0.011594 
0.057373 0.812605 0.023180 0.015941 0.090900 
0.027905 0.380564 0.405202 0.034386 0.151944 
0.050504 0.594086 0.245892 0.000439 0.109079 
0.137264 0.142644 0.185898 0.052534 0.481660 
0.252371 0.489912 0.139654 0.112864 0.005199 
0.064984 0.004064 0.340960 0.248557 0.341435 
0.275688 0.149995 0.113153 0.005835 0.455329 
0.071024 0.518613 0.000011 0.016302 0.394050 
0.838820 0.061695 0.016497 0.040450 0.042538 
0.138352 0.320257 0.000796 0.256357 0.284238 
0.692840 0.079127 0.079234 0.062202 0.086597 
0.040514 0.054687 0.796322 0.046767 0.061710 
0.807158 0.040686 0.110785 0.041293 0.000078 
0.131117 0.382891 0.032403 0.110346 0.343244 
0.006890 0.283502 0.005726 0.143801 0.560082 
0.203259 0.128149 0.024629 0.557882 0.086080 
0.105329 0.624044 0.022359 0.059536 0.188732 
0.336594 0.283061 0.011610 0.281828 0.086908 
0.144072 0.620808 0.011194 0.104706 0.119221 
0.005446 0.497806 0.116515 0.002687 0.377545 
0.365835 0.364101 0.003556 0.174899 0.091610 
0.192778 0.108263 0.634223 0.016931 0.047804 
0.215702 0.294209 0.383979 0.098223 0.007887 
0.205050 0.505199 0.016913 0.125735 0.147104 
0.000011 0.133283 0.042162 0.015393 0.809151 
0.092850 0.202301 0.559611 0.144412 0.000825 
0.019738 0.268916 0.020998 0.361369 0.328979 
0.058895 0.525904 0.007980 0.251401 0.155821 
0.419189 0.090595 0.392265 0.024892 0.073058 
0.002431 0.593823 0.199531 0.194811 0.009405 
0.002628 0.527748 0.293566 0.122234 0.053824 
0.275497 0.382195 0.054228 0.092040 0.196040 
0.000216 0.463556 0.164020 0.336525 0.035683 
0.139761 0.020098 0.042287 0.789171 0.008683 
0.031026 0.048307 0.169419 0.584247 0.167001 
0.199406 0.089717 0.027625 0.649524 0.033728 
0.192232 0.467278 0.067048 0.245336 0.028106 
0.044118 0.109981 0.468904 0.019551 0.357445 
0.166828 0.045860 0.009983 0.764201 0.013127 
0.034519 0.089943 0.005734 0.735807 0.133997 
0.111920 0.000008 0.085031 0.143427 0.659614 
0.329280 0.078077 0.353408 0.135633 0.103602 
0.025638 0.205199 0.099920 0.318308 0.350934 
0.030469 0.325204 0.226032 0.414139 0.004155 
0.104342 0.023230 0.773850 0.093192 0.005386 
0.857409 0.070071 0.019615 0.000170 0.052736 
0.033657 0.093755 0.791279 0.072842 0.008468 
0.080694 0.288520 0.487449 0.104016 0.039321 
0.630688 0.270516 0.087758 0.000692 0.010345 
0.003300 0.426122 0.481565 0.086754 0.002259 
0.776814 0.018809 0.039770 0.088860 0.075747 
0.039598 0.820137 0.000328 0.126344 0.013593 
0.000504 0.002174 0.879425 0.001679 0.116218 
0.001550 0.787954 0.099486 0.084782 0.026228 
0.902394 0.019116 0.023417 0.054997 0.000077 
0.000219 0.000699 0.030474 0.889999 0.078609 
0.017985 0.168787 0.529581 0.278625 0.005022 
0.074361 0.604183 0.237874 0.006748 0.076835 
0.029243 0.474793 0.405230 0.053293 0.037441 
0.025739 0.281406 0.292326 0.121409 0.279119 
0.099851 0.107218 0.178211 0.584453 0.030267 
0.317749 0.307636 0.062730 0.311675 0.000210 
0.265427 0.415359 0.130393 0.146981 0.041840 
0.134331 0.669680 0.045405 0.000228 0.150356 
0.292456 0.440102 0.033711 0.035417 0.198314 
0.011537 0.029176 0.858960 0.003943 0.096384 
0.007023 0.067926 0.000337 0.904279 0.020434 
0.883521 0.013711 0.055398 0.009606 0.037763 
0.063242 0.008773 0.051778 0.000059 0.876148 
0.023623 0.433300 0.517412 0.018127 0.007538 
0.000761 0.059438 0.069070 0.000829 0.869902 
0.028875 0.041024 0.053127 0.839157 0.037817 
0.057178 0.671924 0.113130 0.007426 0.150342 
0.173668 0.683289 0.007013 0.017608 0.118423 
0.003739 0.660485 0.205352 0.000383 0.130041 
0.044968 0.452042 0.000809 0.103256 0.398925 
0.006990 0.062360 0.462705 0.005731 0.462215 
0.124707 0.005149 0.136254 0.012897 0.720993 
0.000013 0.375696 0.000518 0.000520 0.623253 
0.082467 0.074127 0.075426 0.246788 0.521192 
0.018917 0.004377 0.019932 0.061911 0.894864 
0.002732 0.342505 0.005704 0.255051 0.394007 
0.000266 0.000017 0.135455 0.225135 0.639127 
0.013159 0.224519 0.464170 0.004678 0.293473 
0.000079 0.367995 0.450119 0.101558 0.080248 
0.000156 0.482053 0.326923 0.019221 0.171647 
0.025404 0.236881 0.499323 0.089243 0.149150 
0.022611 0.022402 0.020675 0.500422 0.433890 
0.036748 0.025405 0.100688 0.821379 0.015780 
0.090845 0.006041 0.000802 0.851173 0.051139 
0.015341 0.023118 0.073844 0.717053 0.170645 
0.035264 0.025263 0.725697 0.112414 0.101363 
0.010764 0.003969 0.192118 0.737775 0.055374 
0.002468 0.113106 0.282088 0.469063 0.133275 
0.006042 0.483630 0.015615 0.157688 0.337025 
0.000444 0.028974 0.857195 0.065328 0.048060 
0.019633 0.852151 0.001218 0.003453 0.123546 
0.234723 0.025040 0.041165 0.530413 0.168659 
0.155786 0.126163 0.616778 0.001819 0.099454 
0.056560 0.244806 0.003167 0.689773 0.005695 
0.076330 0.010533 0.499418 0.054434 0.359284 
0.001715 0.662020 0.237424 0.077126 0.021715 
0.020716 0.772281 0.060295 0.130056 0.016653 
0.005592 0.584372 0.229185 0.018463 0.162388 
0.272177 0.007735 0.311538 0.403197 0.005353 
0.016695 0.549615 0.271301 0.007788 0.154602 
0.005916 0.025284 0.635123 0.118240 0.215436 
0.008738 0.009707 0.025975 0.940908 0.014672 
0.014161 0.248958 0.692095 0.031272 0.013515 
0.485514 0.171615 0.150781 0.083060 0.109030 
0.083544 0.149453 0.467086 0.292049 0.007867 
0.000841 0.434766 0.394093 0.168621 0.001680 
0.000653 0.103262 0.016721 0.261748 0.617615 
0.003020 0.136423 0.245055 0.042304 0.573197 
0.000393 0.559372 0.250779 0.033844 0.155613 
0.107953 0.014842 0.173043 0.130529 0.573633 
0.153648 0.322066 0.402831 0.003219 0.118237 
0.404399 0.022115 0.527476 0.017627 0.028382 
0.050191 0.040022 0.029222 0.843415 0.037149 
0.164932 0.115408 0.413722 0.247920 0.058019 
0.117081 0.330684 0.354709 0.152324 0.045200 
0.030241 0.577986 0.273016 0.112633 0.006124 
0.335244 0.477952 0.008241 0.175552 0.003012 
0.040478 0.778605 0.037558 0.136534 0.006824 
0.054626 0.140723 0.151433 0.016869 0.636349 
0.054955 0.646455 0.090526 0.193480 0.014584 
0.211029 0.182981 0.398089 0.108449 0.099452 
0.214945 0.314799 0.019168 0.443161 0.007926 
0.105197 0.529783 0.001916 0.342885 0.020219 
0.061960 0.065529 0.094881 0.000990 0.776640 
0.012961 0.400700 0.158958 0.010830 0.416550 
0.146077 0.619531 0.021148 0.184844 0.028400 
0.000369 0.353266 0.206993 0.175658 0.263715 
0.378409 0.205152 0.000183 0.261642 0.154614 
0.352777 0.172256 0.026573 0.314319 0.134076 
0.001108 0.309507 0.134055 0.416100 0.139230 
0.046025 0.057520 0.005344 0.842429 0.048682 
0.173967 0.148428 0.074564 0.597977 0.005065 
0.001466 0.011794 0.529679 0.451582 0.005479 
0.009590 0.100297 0.753297 0.037159 0.099657 
0.029726 0.141953 0.216263 0.000722 0.611336 
0.157335 0.001391 0.068536 0.437375 0.335364 
0.014164 0.085726 0.534249 0.006743 0.359119 
0.006859 0.251657 0.000917 0.151661 0.588906 
0.379826 0.333642 0.004158 0.081963 0.200412 
0.112520 0.034250 0.000021 0.302160 0.551049 
0.330101 0.267165 0.002922 0.009413 0.390399 
0.118549 0.301530 0.215694 0.002075 0.362152 
0.085986 0.053625 0.027264 0.763328 0.069796 
0.000189 0.108687 0.211715 0.026606 0.652803 
0.002634 0.283820 0.072570 0.636733 0.004243 
0.016679 0.175631 0.117747 0.627210 0.062734 
0.232195 0.149786 0.232815 0.315788 0.069417 
0.056770 0.120599 0.418122 0.287191 0.117318 
0.244912 0.035109 0.398778 0.097825 0.223376 
0.065867 0.105150 0.234960 0.475463 0.118559 
0.003700 0.341270 0.552533 0.100451 0.002046 
0.121970 0.304173 0.000074 0.442738 0.131046 
0.232705 0.012468 0.602350 0.010721 0.141756 
0.051002 0.104323 0.767109 0.002681 0.074885 
0.451774 0.391964 0.057833 0.079455 0.018973 
0.042840 0.000906 0.006657 0.511564 0.438033 
0.681492 0.268439 0.016733 0.000526 0.032811 
0.008485 0.038118 0.083487 0.049519 0.820391 
0.201966 0.068095 0.222857 0.322469 0.184613 
0.396118 0.000000 0.103052 0.010825 0.490005 
0.097968 0.421835 0.002471 0.039779 0.437947 
0.254611 0.070588 0.061222 0.170276 0.443304 
0.358855 0.171772 0.046840 0.275437 0.147096 
0.327025 0.158032 0.001250 0.029109 0.484584 
0.682159 0.098667 0.001412 0.066962 0.150800 
0.000379 0.015159 0.960708 0.000978 0.022776 
0.686980 0.027718 0.001086 0.039234 0.244983 
0.016692 0.357762 0.081541 0.039007 0.504999 
0.186393 0.259919 0.020511 0.000009 0.533169 
0.289778 0.520040 0.015558 0.101915 0.072709 
0.097127 0.480294 0.189221 0.155300 0.078059 
0.077389 0.472108 0.020883 0.108740 0.320880 
0.123451 0.817615 0.032493 0.026418 0.000024 
0.321797 0.331908 0.120207 0.225989 0.000099 
0.012248 0.455463 0.281923 0.103470 0.146896 
0.181933 0.397524 0.375910 0.043964 0.000668 
0.049538 0.014300 0.065980 0.855506 0.014675 
0.472858 0.298598 0.104899 0.104841 0.018804 
0.211616 0.549998 0.016873 0.209465 0.012048 
0.014319 0.488180 0.049959 0.053630 0.393912 
0.034754 0.214255 0.034406 0.000113 0.716472 
0.002910 0.279114 0.147814 0.055255 0.514907 
0.788653 0.120522 0.000483 0.088414 0.001928 
0.001738 0.021650 0.758763 0.098019 0.119830 
0.186810 0.306964 0.459205 0.046414 0.000607 
0.003430 0.007932 0.043700 0.925747 0.019191 
0.038174 0.241981 0.289049 0.418555 0.012242 
0.096581 0.453767 0.103421 0.345766 0.000466 
0.272193 0.095883 0.004128 0.489236 0.138560 
0.273072 0.128641 0.328105 0.270017 0.000166 
0.058881 0.018415 0.474553 0.013709 0.434442 
0.022565 0.025728 0.289761 0.486882 0.175063 
0.045527 0.042163 0.395072 0.314488 0.202750 
0.100674 0.309433 0.086486 0.501572 0.001836 
0.061634 0.037723 0.122794 0.757337 0.020512 
0.000079 0.000361 0.154922 0.595564 0.249074 
0.485345 0.336959 0.154186 0.022738 0.000771 
0.036884 0.500849 0.160313 0.301632 0.000321 
0.100111 0.502736 0.153633 0.242152 0.001368 
0.421486 0.415925 0.031851 0.029240 0.101498 
0.009809 0.549682 0.223124 0.069528 0.147857 
0.182656 0.721457 0.025105 0.069175 0.001607 
0.144160 0.457158 0.000012 0.000498 0.398172 
0.020539 0.573684 0.207674 0.003192 0.194912 
0.165564 0.437459 0.011142 0.363326 0.022510 
0.006295 0.185749 0.090839 0.212025 0.505093 
0.154092 0.043821 0.014309 0.572768 0.215010 
0.193771 0.180301 0.008516 0.246838 0.370573 
0.635460 0.204169 0.008874 0.095346 0.056151 
0.014579 0.497593 0.192418 0.194662 0.100748 
0.094004 0.455892 0.017460 0.114561 0.318082 
0.026526 0.339093 0.036944 0.066255 0.531182 
0.057816 0.577942 0.057543 0.072541 0.234157 
0.150259 0.351650 0.001127 0.484262 0.012702 
0.178549 0.306276 0.051582 0.098331 0.365262 
0.008346 0.316760 0.123292 0.070339 0.481264 
0.042540 0.402520 0.146030 0.399255 0.009656 
0.004118 0.017095 0.110256 0.564998 0.303533 
0.026942 0.093947 0.018982 0.606281 0.253848 
0.264183 0.013901 0.036885 0.571624 0.113407 
0.216634 0.090043 0.281738 0.401035 0.010550 
0.352669 0.266166 0.005292 0.215709 0.160164 
0.033047 0.073560 0.076748 0.677744 0.138901 
0.788441 0.183241 0.011832 0.015644 0.000842 
0.030017 0.003106 0.258635 0.698394 0.009848 
0.115412 0.002768 0.081478 0.755149 0.045194 
0.000075 0.067545 0.124385 0.759017 0.048978 
0.006998 0.024193 0.666905 0.299797 0.002107 
0.015707 0.160721 0.519881 0.261922 0.041769 
0.300985 0.314981 0.205099 0.178536 0.000400 
0.601098 0.108835 0.005609 0.261207 0.023251 
0.239549 0.004682 0.013102 0.569738 0.172928 
0.122035 0.008909 0.103989 0.741989 0.023078 
0.024575 0.070264 0.427457 0.447805 0.029900 
0.019694 0.000024 0.000188 0.707635 0.272459 
0.130496 0.003305 0.243962 0.001348 0.620890 
0.031133 0.303209 0.235176 0.087714 0.342768 
0.656853 0.089663 0.130302 0.119017 0.004165 
0.023374 0.138631 0.134781 0.519283 0.183930 
0.101076 0.018352 0.003895 0.453572 0.423105 
0.000004 0.316701 0.104195 0.327515 0.251585 
0.189422 0.001958 0.353628 0.343784 0.111208 
0.616275 0.104984 0.013486 0.193369 0.071887 
0.778744 0.043675 0.010149 0.019947 0.147485 
0.245157 0.021986 0.147850 0.585000 0.000007 
0.358423 0.044796 0.341138 0.158570 0.097074 
0.452473 0.020744 0.039649 0.273097 0.214037 
0.163783 0.158664 0.106394 0.545897 0.025262 
0.429615 0.083211 0.127568 0.352439 0.007167 
0.022303 0.092485 0.003770 0.354967 0.526475 
0.018184 0.347334 0.336993 0.135100 0.162389 
0.017868 0.041616 0.008464 0.805138 0.126913 
0.432482 0.002978 0.126435 0.401998 0.036108 
0.882595 0.019099 0.033021 0.009943 0.055342 
0.253173 0.000026 0.114658 0.343664 0.288479 
0.018566 0.466373 0.081722 0.352900 0.080438 
0.758173 0.055891 0.000081 0.012534 0.173321 
0.007740 0.315852 0.000903 0.319449 0.356056 
0.042461 0.020977 0.496552 0.436267 0.003743 
0.056320 0.082678 0.651191 0.193468 0.016343 
0.198560 0.053611 0.339962 0.002827 0.405038 
0.195307 0.569553 0.003142 0.000000 0.231998 
0.014802 0.008174 0.134446 0.782463 0.060115 
0.047243 0.536129 0.126438 0.042418 0.247773 
0.084562 0.151753 0.010409 0.021666 0.731610 
0.212366 0.050248 0.197143 0.540054 0.000189 
0.031505 0.374871 0.386816 0.024988 0.181819 
0.037899 0.319077 0.018923 0.091526 0.532575 
0.012912 0.460193 0.433089 0.016748 0.077058 
0.050275 0.083783 0.483964 0.347209 0.034768 
0.042814 0.000007 0.625211 0.185571 0.146398 
0.199047 0.041863 0.187074 0.477032 0.094984 
0.007679 0.561867 0.232331 0.005185 0.192938 
0.305952 0.022375 0.281369 0.312032 0.078273 
0.085053 0.126902 0.109292 0.012709 0.666044 
0.003648 0.009518 0.457780 0.048550 0.480505 
0.017050 0.751430 0.226724 0.000024 0.004771 
0.280971 0.472721 0.022748 0.034419 0.189140 
0.046409 0.124546 0.003681 0.279424 0.545941 
0.180355 0.340338 0.055045 0.168901 0.255361 
0.215992 0.212438 0.002961 0.084792 0.483817 
0.124957 0.001177 0.009479 0.580248 0.284140 
0.245575 0.049546 0.012702 0.053470 0.638707 
0.017342 0.450211 0.142537 0.024519 0.365391 
0.476813 0.472748 0.008576 0.004007 0.037856 
0.005484 0.056449 0.049564 0.323911 0.564592 
0.001101 0.003277 0.638367 0.019151 0.338104 
0.133472 0.111107 0.381466 0.023249 0.350706 
0.078895 0.237210 0.019253 0.160742 0.503900 
0.068909 0.034846 0.130878 0.107207 0.658160 
0.189012 0.025325 0.056087 0.026628 0.702948 
0.018400 0.057019 0.361097 0.183726 0.379758 
0.030466 0.119607 0.448446 0.003353 0.398128 
0.213970 0.539268 0.057500 0.021969 0.167293 
0.001609 0.125250 0.458247 0.013312 0.401582 
0.010780 0.002375 0.144934 0.208266 0.633645 
0.000078 0.031158 0.813521 0.009922 0.145321 
0.796254 0.153669 0.044455 0.000173 0.005449 
0.006559 0.801750 0.155147 0.029150 0.007394 
0.192481 0.635279 0.008692 0.143899 0.019649 
0.394441 0.139834 0.000197 0.281288 0.184240 
0.213962 0.106493 0.036077 0.453226 0.190241 
0.210546 0.036244 0.027846 0.287202 0.438161 
0.116265 0.345335 0.007528 0.090784 0.440087 
0.201871 0.038385 0.229968 0.482124 0.047653 
0.499423 0.155493 0.052242 0.007469 0.285372 
0.024738 0.529702 0.042370 0.291608 0.111581 
0.096047 0.121006 0.000781 0.761806 0.020360 
0.055195 0.281077 0.015579 0.618167 0.029982 
0.079026 0.646294 0.030636 0.214089 0.029955 
0.066463 0.118829 0.073310 0.707267 0.034130 
0.573242 0.130218 0.190793 0.099898 0.005848 
0.036055 0.042603 0.028706 0.873243 0.019393 
0.295496 0.017467 0.214605 0.441240 0.031193 
0.100763 0.705803 0.092751 0.000719 0.099964 
0.260969 0.026293 0.037190 0.665884 0.009663 
0.121978 0.052963 0.740565 0.009190 0.075304 
0.204118 0.620285 0.038275 0.051943 0.085380 
0.000235 0.070295 0.243204 0.412938 0.273328 
0.003333 0.021335 0.504756 0.131889 0.338688 
0.058909 0.861182 0.076114 0.000818 0.002977 
0.001993 0.547414 0.149105 0.258358 0.043130 
0.019015 0.045002 0.244979 0.335330 0.355674 
0.075861 0.263981 0.592907 0.024626 0.042624 
0.092731 0.156637 0.105116 0.479387 0.166129 
0.542559 0.255937 0.164565 0.022200 0.014739 
0.207211 0.625680 0.007792 0.011376 0.147941 
0.002784 0.542993 0.132543 0.000242 0.321438 
0.044392 0.183619 0.013824 0.755081 0.003085 
0.321090 0.046225 0.000475 0.150602 0.481608 
0.259927 0.215581 0.007101 0.354570 0.162822 
0.006809 0.609722 0.068020 0.078932 0.236517 
0.102248 0.143274 0.531545 0.222673 0.000260 
0.128419 0.510918 0.013519 0.010129 0.337016 
0.051358 0.139607 0.003187 0.088315 0.717534 
0.401319 0.133114 0.003869 0.458163 0.003535 
0.012348 0.211258 0.027249 0.443740 0.305405 
0.085900 0.256115 0.143982 0.485922 0.028080 
0.021320 0.000011 0.546964 0.356685 0.075020 
0.066054 0.003238 0.716781 0.204111 0.009817 
0.021794 0.439411 0.171738 0.343470 0.023587 
0.254737 0.563899 0.014739 0.081971 0.084655 
0.000101 0.538967 0.297804 0.000209 0.162919 
0.002738 0.081510 0.218586 0.030762 0.666405 
0.025886 0.120413 0.536392 0.013391 0.303918 
0.022555 0.096592 0.041817 0.117674 0.721362 
0.022983 0.125764 0.031015 0.002828 0.817409 
0.035780 0.000809 0.534123 0.045699 0.383589 
0.081120 0.393092 0.000043 0.386714 0.139032 
0.010574 0.435798 0.091283 0.122330 0.340016 
0.064086 0.004540 0.058909 0.003158 0.869307 
0.038262 0.110680 0.217787 0.200286 0.432985 
0.302782 0.016108 0.146460 0.452579 0.082071 
0.656660 0.121106 0.051957 0.164780 0.005498 
0.714695 0.217436 0.008007 0.039946 0.019916 
0.662076 0.093862 0.001870 0.001728 0.240464 
0.654225 0.109319 0.118629 0.083000 0.034828 
0.048907 0.386962 0.484588 0.019087 0.060456 
0.453946 0.007011 0.434761 0.051569 0.052713 
0.052746 0.822580 0.018632 0.046545 0.059497 
0.157534 0.204237 0.228635 0.044835 0.364760 
0.374274 0.044396 0.107467 0.377061 0.096801 
0.035724 0.000204 0.260800 0.042358 0.660913 
0.218336 0.005144 0.504072 0.071822 0.200627 
0.505794 0.027289 0.207162 0.181714 0.078041 
0.309334 0.000000 0.237896 0.231448 0.221321 
0.119148 0.044995 0.587889 0.012095 0.235874 
0.197498 0.411026 0.005826 0.375524 0.010127 
0.000086 0.122770 0.538010 0.306228 0.032905 
0.080984 0.092200 0.143672 0.411059 0.272084 
0.000126 0.007973 0.294350 0.631703 0.065847 
0.584257 0.303509 0.017491 0.002553 0.092190 
0.000174 0.132530 0.185894 0.655650 0.025751 
0.023571 0.229834 0.053704 0.546879 0.146012 
0.202808 0.016543 0.000079 0.345635 0.434935 
0.630841 0.182795 0.141908 0.030626 0.013829 
0.005075 0.207308 0.467663 0.246315 0.073640 
0.000279 0.174762 0.333256 0.490624 0.001080 
0.638902 0.011767 0.003599 0.224156 0.121575 
0.003372 0.225715 0.026152 0.144317 0.600444 
0.043683 0.008782 0.013621 0.924777 0.009136 
0.014683 0.785606 0.020336 0.029577 0.149798 
0.336434 0.274447 0.273857 0.058871 0.056390 
0.049094 0.098481 0.569256 0.246584 0.036586 
0.070330 0.058814 0.519320 0.146385 0.205152 
0.163589 0.023484 0.696230 0.109213 0.007484 
0.001177 0.118046 0.397229 0.219238 0.264311 
0.004425 0.046727 0.934423 0.011079 0.003346 
0.017458 0.005773 0.638860 0.253067 0.084843 
0.018697 0.000085 0.806291 0.050626 0.124301 
0.063333 0.281747 0.007486 0.355272 0.292163 
0.001913 0.208021 0.593826 0.042296 0.153944 
0.248905 0.209423 0.292790 0.204496 0.044386 
0.088584 0.001354 0.731834 0.157986 0.020242 
0.058932 0.377468 0.225734 0.014530 0.323336 
0.058628 0.619837 0.096374 0.059674 0.165488 
0.123263 0.000721 0.113951 0.382102 0.379964 
0.460573 0.005763 0.167769 0.350375 0.015521 
0.077595 0.281330 0.247219 0.276128 0.117728 
0.247395 0.232896 0.504685 0.001272 0.013752 
0.280279 0.504978 0.004248 0.001993 0.208502 
0.309103 0.025564 0.591007 0.071355 0.002972 
0.050459 0.106348 0.071872 0.000780 0.770539 
0.449371 0.077488 0.008246 0.041050 0.423845 
0.304549 0.109586 0.521018 0.000129 0.064718 
0.016682 0.258335 0.002082 0.023714 0.699188 
0.070927 0.278450 0.004009 0.646502 0.000112 
0.084010 0.077779 0.202540 0.471376 0.164295 
0.226334 0.030096 0.041780 0.644100 0.057690 
0.147905 0.148920 0.085448 0.616294 0.001433 
0.204755 0.160265 0.078890 0.549121 0.006969 
0.519913 0.280444 0.142980 0.031978 0.024684 
0.031926 0.029616 0.265191 0.556153 0.117115 
0.001649 0.000622 0.142586 0.085985 0.769157 
0.023100 0.155618 0.094256 0.559964 0.167062 
0.123725 0.589339 0.093681 0.192939 0.000316 
0.034108 0.073701 0.334624 0.235203 0.322364 
0.557538 0.005954 0.358060 0.003025 0.075422 
0.236772 0.742263 0.011239 0.009700 0.000025 
0.121433 0.266878 0.220233 0.145487 0.245969 
0.276252 0.121297 0.367524 0.131712 0.103215 
0.212191 0.023590 0.060631 0.193812 0.509775 
0.439592 0.167440 0.000375 0.378410 0.014183 
0.427166 0.059220 0.303321 0.056235 0.154059 
0.007886 0.039348 0.205754 0.459604 0.287409 
0.275740 0.023306 0.455078 0.236843 0.009033 
0.027183 0.021672 0.143061 0.226652 0.581431 
0.063826 0.001496 0.006158 0.793002 0.135517 
0.011690 0.402070 0.242192 0.343198 0.000850 
0.251039 0.026700 0.035295 0.377329 0.309638 
0.059298 0.035614 0.065171 0.837982 0.001935 
0.890453 0.035675 0.004297 0.004369 0.065206 
0.053354 0.068352 0.618555 0.139185 0.120554 
0.004727 0.255663 0.274830 0.418804 0.045976 
0.020926 0.051181 0.324171 0.111965 0.491757 
0.000994 0.012122 0.035009 0.097814 0.854061 
0.214940 0.060227 0.132115 0.582142 0.010576 
0.254274 0.299741 0.014610 0.427420 0.003954 
0.307649 0.001193 0.043181 0.489660 0.158317 
0.456663 0.034558 0.135435 0.131761 0.241582 
0.507460 0.030610 0.019892 0.319466 0.122571 
0.225777 0.107205 0.155415 0.511399 0.000204 
0.266703 0.068202 0.007851 0.533019 0.124225 
0.171233 0.198002 0.073731 0.523525 0.033509 
0.113995 0.013550 0.410218 0.428859 0.033378 
0.264816 0.012347 0.016858 0.367187 0.338792 
0.102414 0.000019 0.000708 0.711965 0.184893 
0.297668 0.049831 0.407965 0.104777 0.139759 
0.000550 0.042735 0.001368 0.905030 0.050316 
0.277758 0.002486 0.152727 0.566908 0.000120 
0.560793 0.150807 0.210729 0.056374 0.021297 
0.126934 0.038097 0.219198 0.608734 0.007037 
0.613250 0.138135 0.080335 0.021010 0.147269 
0.000306 0.077800 0.463056 0.041899 0.416940 
0.036651 0.116550 0.096332 0.672098 0.078369 
0.014947 0.454626 0.350596 0.069699 0.110133 
0.526246 0.252759 0.208141 0.012132 0.000722 
0.011079 0.031487 0.808420 0.075982 0.073031 
0.162625 0.023927 0.165307 0.423525 0.224617 
0.324966 0.121899 0.328330 0.137246 0.087559 
0.811973 0.003962 0.002142 0.181208 0.000715 
0.006387 0.000262 0.453757 0.016228 0.523366 
0.673979 0.126811 0.119612 0.069312 0.010285 
0.085450 0.051733 0.000032 0.713821 0.148964 
0.288765 0.067376 0.070343 0.263124 0.310392 
0.003512 0.002059 0.546836 0.316179 0.131414 
0.000010 0.085434 0.096689 0.614685 0.203182 
0.024166 0.005486 0.890319 0.043332 0.036696 
0.306587 0.004692 0.294354 0.025021 0.369347 
0.130721 0.016673 0.653415 0.002555 0.196637 
0.050505 0.047054 0.481229 0.046843 0.374369 
0.358544 0.089654 0.355040 0.005825 0.190936 
0.194407 0.137543 0.491995 0.088458 0.087597 
0.367604 0.097666 0.008241 0.509924 0.016565 
0.683366 0.112516 0.006151 0.027072 0.170895 
0.654750 0.092760 0.149237 0.049940 0.053313 
0.002421 0.166074 0.309256 0.066827 0.455422 
0.838713 0.021298 0.032090 0.033525 0.074375 
0.323478 0.306395 0.172734 0.060230 0.137163 
0.720422 0.084391 0.003102 0.070209 0.121875 
0.100034 0.022784 0.286991 0.534273 0.055919 
0.353669 0.006570 0.322678 0.005865 0.311217 
0.323658 0.127402 0.117243 0.430209 0.001488 
0.072759 0.590790 0.024366 0.245640 0.066445 
0.769839 0.026906 0.064581 0.004462 0.134212 
0.084651 0.013645 0.877892 0.021710 0.002102 
0.081054 0.217819 0.192471 0.497933 0.010722 
0.462837 0.015553 0.103232 0.296389 0.121989 
0.000352 0.189972 0.001571 0.574765 0.233340 
0.000544 0.081163 0.445529 0.441833 0.030930 
0.225013 0.087777 0.264165 0.039491 0.383555 
0.602817 0.000088 0.004437 0.180030 0.212629 
0.343410 0.018876 0.112158 0.444468 0.081089 
0.000151 0.142308 0.346484 0.504314 0.006743 
0.101765 0.004340 0.788833 0.021083 0.083979 
0.045768 0.012492 0.011185 0.864675 0.065880 
0.302350 0.009105 0.243705 0.022423 0.422417 
0.306816 0.036994 0.439814 0.013985 0.202391 
0.033428 0.140477 0.491185 0.139738 0.195172 
0.031943 0.000032 0.131208 0.262802 0.574014 
0.000567 0.043797 0.002174 0.711100 0.242362 
0.275483 0.062662 0.451841 0.000869 0.209145 
0.081353 0.007782 0.018826 0.447253 0.444786 
0.042138 0.166642 0.293687 0.484101 0.013433 
0.022816 0.071879 0.139079 0.629003 0.137224 
0.495813 0.297136 0.200919 0.005936 0.000197 
0.000330 0.247106 0.652874 0.083981 0.015708 
0.556076 0.278716 0.026013 0.122858 0.016337 
0.026508 0.015100 0.039504 0.606289 0.312598 
0.272649 0.116677 0.021306 0.091089 0.498279 
0.016107 0.295683 0.018892 0.275855 0.393462 
0.099574 0.029130 0.278188 0.029120 0.563988 
0.060548 0.099360 0.002083 0.209550 0.628459 
0.038791 0.064840 0.056595 0.015147 0.824627 
0.593986 0.089194 0.019653 0.034571 0.262596 
0.306594 0.308092 0.154098 0.003717 0.227500 
0.066317 0.055164 0.676470 0.121226 0.080824 
0.000575 0.004581 0.123937 0.310384 0.560523 
0.019164 0.026129 0.172009 0.119906 0.662792 
0.007293 0.034235 0.492011 0.000000 0.466461 
0.144486 0.015539 0.461847 0.180975 0.197154 
0.014943 0.617710 0.118027 0.186846 0.062474 
0.023682 0.211355 0.002418 0.032980 0.729565 
0.119109 0.303655 0.019862 0.000874 0.556499 
0.114518 0.008638 0.175998 0.603573 0.097273 
0.078390 0.520311 0.144810 0.128333 0.128155 
0.013008 0.252911 0.000337 0.003517 0.730226 
0.000826 0.556435 0.110757 0.035959 0.296023 
0.514457 0.016212 0.043087 0.002783 0.423460 
0.000877 0.003419 0.041901 0.692097 0.261707 
0.039888 0.113453 0.779473 0.001960 0.065226 
0.022962 0.534906 0.109681 0.327146 0.005305 
0.011153 0.325392 0.269160 0.378906 0.015390 
0.386449 0.396090 0.005551 0.002198 0.209712 
0.021138 0.332171 0.009919 0.600065 0.036708 
0.555032 0.036100 0.240895 0.049705 0.118268 
0.144801 0.547846 0.123084 0.183413 0.000856 
0.293236 0.147209 0.000859 0.557380 0.001317 
0.445143 0.148435 0.069083 0.314349 0.022990 
0.181911 0.008821 0.000139 0.761194 0.047935 
0.028403 0.293802 0.269587 0.407924 0.000285 
0.346086 0.102619 0.508135 0.036851 0.006309 
0.013181 0.080628 0.056653 0.083629 0.765909 
0.188839 0.002968 0.189357 0.324421 0.294415 
0.562529 0.009614 0.023242 0.365006 0.039609 
0.515117 0.117433 0.199029 0.020502 0.147918 
0.149928 0.074807 0.048525 0.704635 0.022105 
0.734325 0.046436 0.035655 0.168276 0.015308 
0.280392 0.017675 0.321093 0.062492 0.318349 
0.222486 0.081445 0.007353 0.565999 0.122717 
0.644108 0.007167 0.231077 0.024874 0.092774 
0.247139 0.000003 0.125349 0.235153 0.392356 
0.072367 0.021291 0.007176 0.582980 0.316186 
0.121631 0.150356 0.009270 0.102691 0.616052 
0.006645 0.001069 0.024497 0.255419 0.712370 
0.075527 0.001903 0.429768 0.060878 0.431923 
0.044440 0.005948 0.189657 0.521781 0.238175 
0.075849 0.012801 0.326872 0.169690 0.414788 
0.030681 0.000093 0.009081 0.731714 0.228431 
0.097440 0.019528 0.011447 0.581819 0.289767 
0.378228 0.444974 0.055527 0.029822 0.091449 
0.396425 0.147523 0.211796 0.220238 0.024018 
0.155429 0.000027 0.718836 0.098623 0.027085 
0.234416 0.113879 0.001126 0.310798 0.339780 
0.000104 0.264052 0.281692 0.101900 0.352252 
0.000003 0.052464 0.631398 0.003468 0.312667 
0.359394 0.022917 0.447679 0.148381 0.021629 
0.550505 0.058815 0.186788 0.046477 0.157416 
0.540396 0.249799 0.037356 0.154242 0.018206 
0.209902 0.548525 0.027719 0.004648 0.209205 
0.188312 0.649553 0.072762 0.067685 0.021688 
0.217010 0.511841 0.063222 0.171632 0.036296 
0.015628 0.476424 0.108294 0.269359 0.130295 
0.080221 0.065139 0.443362 0.309515 0.101762 
0.000966 0.116069 0.067099 0.767411 0.048456 
0.577443 0.132058 0.138036 0.098445 0.054017 
0.000850 0.013931 0.720472 0.256289 0.008457 
0.398195 0.451048 0.010563 0.139779 0.000415 
0.469014 0.201405 0.142153 0.021138 0.166290 
0.503901 0.446750 0.013226 0.011499 0.024625 
0.839211 0.128535 0.013669 0.016614 0.001971 
0.263428 0.495194 0.007930 0.226990 0.006458 
0.427400 0.002437 0.196568 0.370359 0.003237 
0.083999 0.057705 0.634219 0.123909 0.100167 
0.675532 0.049734 0.087674 0.183170 0.003889 
0.000305 0.039297 0.593056 0.000088 0.367254 
0.435977 0.002427 0.043080 0.052442 0.466073 
0.159824 0.107758 0.046162 0.636371 0.049884 
0.038101 0.405929 0.376893 0.036279 0.142799 
0.656965 0.012860 0.055390 0.001522 0.273262 
0.467811 0.211205 0.001430 0.000347 0.319208 
0.220378 0.533871 0.015141 0.192089 0.038521 
0.514842 0.012022 0.250563 0.181883 0.040689 
0.002057 0.019001 0.842036 0.067202 0.069703 
0.079247 0.001489 0.235960 0.605816 0.077488 
0.004124 0.337733 0.331355 0.009858 0.316931 
0.067732 0.351528 0.001022 0.375438 0.204279 
0.058271 0.683543 0.033537 0.124606 0.100044 
0.009271 0.167704 0.560159 0.245804 0.017061 
0.265075 0.446845 0.186544 0.064396 0.037140 
0.097613 0.002405 0.154954 0.618895 0.126133 
0.000005 0.156648 0.384770 0.456069 0.002508 
0.029646 0.004462 0.530318 0.420463 0.015112 
0.034213 0.168709 0.135619 0.239394 0.422066 
0.336457 0.389575 0.000044 0.092446 0.181478 
0.016496 0.229231 0.025390 0.725688 0.003195 
0.060092 0.738205 0.173276 0.017383 0.011044 
0.027326 0.003941 0.738301 0.178906 0.051525 
0.078125 0.054740 0.002208 0.259155 0.605771 
0.310782 0.024099 0.069035 0.404945 0.191139 
0.068623 0.051730 0.024690 0.849582 0.005375 
0.001307 0.101512 0.787320 0.072349 0.037512 
0.084239 0.016705 0.000695 0.869192 0.029169 
0.370455 0.003847 0.342335 0.128953 0.154410 
0.801933 0.013794 0.011541 0.035761 0.136971 
0.261593 0.001366 0.045838 0.549470 0.141734 
0.018611 0.185836 0.083577 0.602723 0.109252 
0.000793 0.010974 0.390579 0.141644 0.456010 
0.053545 0.265644 0.010613 0.004295 0.665904 
0.000498 0.026043 0.697146 0.016825 0.259487 
0.045691 0.000144 0.688002 0.190692 0.075470 
0.044075 0.217116 0.004643 0.582403 0.151763 
0.129565 0.351990 0.007425 0.408714 0.102306 
0.038848 0.711837 0.020215 0.007228 0.221872 
0.056027 0.002079 0.229364 0.162500 0.550030 
0.017487 0.000368 0.272677 0.007876 0.701592 
0.120869 0.045906 0.053469 0.007160 0.772596 
0.173985 0.294667 0.071486 0.456288 0.003574 
0.047183 0.076541 0.327494 0.545212 0.003570 
0.028999 0.220700 0.010815 0.211300 0.528187 
0.222233 0.000003 0.193005 0.575398 0.009360 
0.326163 0.263044 0.212215 0.098493 0.100085 
0.261692 0.000249 0.031963 0.698343 0.007754 
0.000881 0.229701 0.000610 0.343213 0.425595 
0.241189 0.015958 0.004269 0.099003 0.639582 
0.242568 0.214498 0.019661 0.509827 0.013446 
0.237861 0.218348 0.144363 0.269382 0.130046 
0.048142 0.529757 0.000560 0.348451 0.073090 
0.613328 0.008747 0.041172 0.328462 0.008291 
0.021855 0.245225 0.016112 0.032482 0.684326 
0.000058 0.594018 0.000368 0.082386 0.323170 
0.022253 0.544398 0.044625 0.129619 0.259105 
0.001519 0.262786 0.076725 0.002107 0.656862 
0.286433 0.137025 0.244399 0.313378 0.018764 
0.378208 0.079007 0.014107 0.023449 0.505228 
0.146815 0.091104 0.008263 0.043701 0.710117 
0.517631 0.074384 0.109094 0.287610 0.011282 
0.037760 0.060305 0.120764 0.139213 0.641958 
0.079854 0.262187 0.001243 0.651906 0.004811 
0.424396 0.151064 0.158680 0.194064 0.071796 
0.057671 0.020591 0.247241 0.585591 0.088906 
0.657528 0.002640 0.008322 0.001132 0.330378 
0.004357 0.204039 0.060157 0.102063 0.629384 
0.100736 0.000137 0.564691 0.022814 0.311620 
0.288925 0.000284 0.384976 0.073435 0.252379 
0.160244 0.415998 0.121933 0.002785 0.299039 
0.000656 0.550404 0.035651 0.181166 0.232122 
0.000372 0.013826 0.301035 0.437536 0.247230 
0.006306 0.323688 0.159123 0.084848 0.426035 
0.025750 0.067714 0.009439 0.887490 0.009607 
0.117282 0.003615 0.146569 0.072187 0.660347 
0.264645 0.042511 0.446085 0.243371 0.003387 
0.004071 0.024450 0.050332 0.002069 0.919078 
0.001690 0.569838 0.158681 0.029586 0.240204 
0.216581 0.018731 0.079649 0.611978 0.073061 
0.029699 0.021739 0.272582 0.661240 0.014741 
0.525472 0.002157 0.134486 0.236115 0.101770 
0.000311 0.153383 0.249194 0.002325 0.594786 
0.527031 0.015030 0.336575 0.109237 0.012128 
0.036066 0.098640 0.077739 0.051391 0.736164 
0.433781 0.002184 0.003705 0.123174 0.437157 
0.175889 0.320190 0.424090 0.069686 0.010145 
0.108802 0.085661 0.004914 0.660104 0.140519 
0.004563 0.665559 0.018770 0.007552 0.303555 
0.048526 0.367206 0.178071 0.004576 0.401620 
0.068758 0.083782 0.083905 0.018673 0.744882 
0.062204 0.012088 0.689955 0.000822 0.234931 
0.084999 0.014562 0.027566 0.434850 0.438023 
0.056529 0.131187 0.540622 0.027177 0.244484 
0.169794 0.272025 0.343553 0.180155 0.034472 
0.024114 0.096178 0.199530 0.621338 0.058839 
0.021394 0.021514 0.047250 0.749657 0.160186 
0.138476 0.000702 0.553904 0.194292 0.112625 
0.612211 0.211938 0.041916 0.000680 0.133255 
0.448213 0.015046 0.165264 0.076697 0.294780 
0.090276 0.040260 0.128929 0.580832 0.159703 
0.463491 0.002627 0.000142 0.071733 0.462007 
0.312463 0.093707 0.083761 0.333128 0.176941 
0.032708 0.001683 0.126682 0.598141 0.240787 
0.110265 0.115525 0.023802 0.302422 0.447985 
0.002806 0.262098 0.014943 0.373297 0.346856 
0.050781 0.008902 0.000324 0.801284 0.138710 
0.021133 0.156877 0.014978 0.764702 0.042310 
0.374068 0.009985 0.009098 0.587590 0.019259 
0.369628 0.000676 0.261957 0.012486 0.355253 
0.053465 0.026861 0.813137 0.000860 0.105677 
0.027328 0.163964 0.330455 0.045062 0.433192 
0.121580 0.003789 0.021485 0.235306 0.617841 
0.166581 0.000190 0.115755 0.477867 0.239607 
0.002325 0.037848 0.001286 0.654020 0.304522 
0.023053 0.013540 0.360251 0.131102 0.472054 
0.135498 0.059910 0.262674 0.023579 0.518339 
0.271352 0.000006 0.230970 0.139424 0.358248 
0.469344 0.000429 0.348024 0.083104 0.099098 
0.168515 0.001957 0.625158 0.191436 0.012934 
0.249625 0.010387 0.470840 0.013213 0.255936 
0.143971 0.071038 0.094987 0.000513 0.689491 
0.063436 0.312866 0.137787 0.160809 0.325102 
0.059398 0.078514 0.024358 0.077250 0.760480 
0.759000 0.076842 0.048799 0.112401 0.002958 
0.316266 0.000765 0.084097 0.283902 0.314970 
0.544229 0.064218 0.054959 0.008050 0.328544 
0.531651 0.381957 0.006664 0.030347 0.049381 
0.261105 0.122405 0.059956 0.002044 0.554491 
0.379778 0.012766 0.277294 0.126572 0.203590 
0.243548 0.049058 0.000798 0.038760 0.667837 
0.017646 0.493121 0.353397 0.010324 0.125512 
0.004515 0.527265 0.020293 0.007636 0.440291 
0.122825 0.301407 0.017252 0.211731 0.346785 
0.060017 0.205062 0.000841 0.000050 0.734030 
0.881448 0.006883 0.023460 0.005120 0.083088 
0.016697 0.012414 0.034525 0.030599 0.905765 
0.083411 0.006810 0.032769 0.016787 0.860222 
0.000634 0.262102 0.001343 0.731931 0.003990 
0.052351 0.030537 0.305362 0.585425 0.026326 
0.632222 0.000000 0.320364 0.036308 0.011105 
0.028371 0.215870 0.021501 0.137014 0.597244 
0.125765 0.049842 0.001827 0.105501 0.717066 
0.184252 0.206410 0.101798 0.004021 0.503520 
0.122052 0.124781 0.004677 0.682287 0.066204 
0.119971 0.194979 0.138483 0.069140 0.477427 
0.048598 0.809093 0.024510 0.105169 0.012631 
0.019932 0.054536 0.009854 0.893290 0.022388 
0.002565 0.003724 0.563064 0.245341 0.185306 
0.132747 0.173220 0.081532 0.579757 0.032744 
0.024258 0.082429 0.472801 0.286286 0.134226 
0.211502 0.001000 0.000157 0.234339 0.553003 
0.497980 0.079630 0.180367 0.240888 0.001135 
0.002493 0.173074 0.178589 0.594140 0.051704 
0.041613 0.039500 0.030292 0.051030 0.837565 
0.018706 0.287502 0.652795 0.040684 0.000313 
0.065044 0.472930 0.009098 0.151080 0.301848 
0.423851 0.022355 0.104483 0.354137 0.095173 
0.149368 0.135112 0.001794 0.587555 0.126171 
0.781322 0.060516 0.094092 0.000003 0.064067 
0.109450 0.000097 0.007682 0.091249 0.791521 
0.501123 0.259981 0.215738 0.005448 0.017710 
0.402438 0.058001 0.213646 0.018298 0.307616 
0.731223 0.001605 0.010806 0.244631 0.011735 
0.483906 0.045280 0.145456 0.001613 0.323744 
0.005968 0.043687 0.132196 0.002537 0.815612 
0.038719 0.395178 0.059850 0.018967 0.487286 
0.116600 0.236588 0.130747 0.043399 0.472665 
0.000829 0.612872 0.037917 0.126516 0.221865 
0.004803 0.023918 0.844719 0.029772 0.096787 
0.009437 0.588388 0.044395 0.350505 0.007274 
0.060752 0.783891 0.125902 0.006262 0.023192 
0.455006 0.493666 0.043634 0.000030 0.007665 
0.137116 0.663045 0.143176 0.053210 0.003453 
0.083867 0.483248 0.404555 0.015352 0.012977 
0.004264 0.115000 0.703766 0.119661 0.057309 
0.004261 0.417031 0.470338 0.094457 0.013913 
0.125804 0.768626 0.063239 0.008097 0.034234 
0.050173 0.508579 0.331417 0.055275 0.054557 
0.270569 0.576528 0.021642 0.116386 0.014875 
0.098962 0.717782 0.104871 0.078030 0.000355 
0.029103 0.585212 0.279279 0.010814 0.095593 
0.318416 0.480568 0.036686 0.053932 0.110398 
0.104571 0.590075 0.133748 0.125429 0.046176 
0.012404 0.424980 0.388643 0.019486 0.154487 
0.055393 0.129481 0.661015 0.054923 0.099188 
0.010390 0.308034 0.625895 0.055668 0.000012 
0.133804 0.517617 0.068383 0.217676 0.062521 
0.252892 0.363818 0.015123 0.361620 0.006547 
0.005066 0.095021 0.090108 0.691209 0.118597 
0.206995 0.000680 0.476734 0.236873 0.078719 
0.541486 0.029967 0.091175 0.185507 0.151865 
0.008024 0.000750 0.073319 0.817916 0.099991 
0.064454 0.053235 0.357661 0.446127 0.078523 
0.022168 0.005464 0.610349 0.354162 0.007857 
0.003344 0.221546 0.129793 0.517989 0.127327 
0.005195 0.013057 0.938655 0.026286 0.016808 
0.209515 0.571895 0.200945 0.006440 0.011205 
0.000191 0.072857 0.015124 0.781456 0.130372 
0.748149 0.070992 0.023841 0.106232 0.050785 
0.130132 0.100459 0.193777 0.001745 0.573887 
0.023920 0.326692 0.200892 0.353020 0.095475 
0.001492 0.440482 0.270704 0.279805 0.007516 
0.006494 0.430199 0.040815 0.380023 0.142469 
0.072437 0.380433 0.117816 0.417040 0.012274 
0.009483 0.040342 0.750269 0.114858 0.085048 
0.008362 0.447498 0.041579 0.026033 0.476529 
0.003107 0.356077 0.270270 0.217199 0.153347 
0.105389 0.150736 0.542993 0.071555 0.129326 
0.017259 0.081532 0.821441 0.021313 0.058456 
0.007997 0.245578 0.276671 0.042398 0.427355 
0.357388 0.098390 0.016932 0.200536 0.326754 
0.042239 0.284626 0.001251 0.006795 0.665089 
0.255582 0.015471 0.194556 0.361446 0.172945 
0.060287 0.843429 0.078455 0.000703 0.017127 
0.231950 0.381625 0.035498 0.066568 0.284359 
0.021912 0.726856 0.124238 0.115982 0.011013 
0.248409 0.599515 0.013168 0.026419 0.112490 
0.004628 0.435638 0.154778 0.257126 0.147831 
0.114110 0.003067 0.013509 0.096882 0.772432 
0.182727 0.718362 0.032534 0.000673 0.065704 
0.026247 0.207679 0.370138 0.302076 0.093861 
0.205348 0.003182 0.066409 0.723886 0.001175 
0.315530 0.495367 0.004805 0.083143 0.101154 
0.692430 0.044142 0.075827 0.125563 0.062038 
0.152812 0.727315 0.008544 0.000696 0.110632 
0.180585 0.342340 0.342297 0.115811 0.018968 
0.036069 0.417648 0.209554 0.073800 0.262928 
0.008659 0.130880 0.540533 0.034653 0.285275 
0.030996 0.461455 0.111740 0.052685 0.343124 
0.595951 0.064502 0.002848 0.105153 0.231546 
0.339336 0.465313 0.000324 0.018543 0.176484 
0.001049 0.429200 0.186933 0.001343 0.381475 
0.816167 0.136604 0.001409 0.042769 0.003051 
0.148360 0.604236 0.013262 0.234133 0.000009 
0.007248 0.673953 0.273181 0.040631 0.004987 
0.046446 0.796515 0.000076 0.147040 0.009922 
0.215282 0.588666 0.011335 0.127768 0.056949 
0.207343 0.258982 0.232755 0.056389 0.244531 
0.103482 0.076048 0.097258 0.010703 0.712508 
0.116075 0.170617 0.009807 0.219937 0.483564 
0.261825 0.226170 0.002496 0.068729 0.440780 
0.243880 0.065197 0.000754 0.024008 0.666160 
0.000279 0.225597 0.005441 0.067390 0.701293 
0.058941 0.588149 0.010966 0.000623 0.341321 
0.249579 0.529286 0.070909 0.096805 0.053421 
0.012932 0.022312 0.404899 0.492638 0.067218 
0.241592 0.266578 0.216900 0.269306 0.005624 
0.029956 0.014163 0.026802 0.928843 0.000236 
0.215425 0.285701 0.255703 0.008852 0.234319 
0.014150 0.073840 0.009107 0.867283 0.035619 
0.157309 0.202898 0.608860 0.017556 0.013377 
0.015241 0.052659 0.260049 0.622646 0.049406 
0.147966 0.027906 0.112905 0.451840 0.259383 
0.102678 0.010596 0.027853 0.504678 0.354195 
0.643433 0.008302 0.012972 0.000240 0.335054 
0.022925 0.046699 0.303194 0.035271 0.591911 
0.025028 0.025356 0.663089 0.000346 0.286181 
0.045344 0.046608 0.773343 0.053382 0.081322 
0.230805 0.086080 0.024900 0.248415 0.409800 
0.005942 0.308616 0.017654 0.126997 0.540791 
0.059700 0.127918 0.097793 0.016138 0.698451 
0.015577 0.101639 0.023381 0.510426 0.348978 
0.001688 0.737479 0.027588 0.143766 0.089479 
0.401383 0.172481 0.107436 0.121034 0.197666 
0.000312 0.001512 0.364215 0.190339 0.443622 
0.003161 0.037891 0.137395 0.000211 0.821342 
0.386171 0.158545 0.414014 0.010513 0.030757 
0.126626 0.465053 0.077087 0.309365 0.021869 
0.051097 0.003604 0.160481 0.101041 0.683778 
0.002600 0.010651 0.391924 0.593907 0.000918 
0.592194 0.010210 0.005478 0.391744 0.000375 
0.021004 0.178571 0.212091 0.569276 0.019059 
0.000436 0.019740 0.395530 0.013671 0.570624 
0.772491 0.016357 0.007794 0.150333 0.053026 
0.000716 0.649590 0.334837 0.007987 0.006870 
0.269145 0.116521 0.035643 0.291914 0.286776 
0.009575 0.737442 0.127325 0.124955 0.000702 
0.716105 0.117147 0.089486 0.059780 0.017482 
0.658297 0.030883 0.041874 0.032992 0.235953 
0.279491 0.264050 0.217963 0.137675 0.100821 
0.318656 0.004315 0.085039 0.539133 0.052857 
0.461933 0.133180 0.224568 0.037890 0.142429 
0.012254 0.451971 0.025109 0.498231 0.012434 
0.613358 0.009060 0.000181 0.306652 0.070749 
0.136573 0.318312 0.092385 0.314732 0.137998 
0.062032 0.528605 0.219843 0.183739 0.005781 
0.013098 0.325766 0.294507 0.132043 0.234585 
0.175242 0.338928 0.393513 0.082722 0.009595 
0.517678 0.148100 0.007089 0.141574 0.185559 
0.578705 0.305535 0.008393 0.035046 0.072322 
0.233998 0.046972 0.000010 0.436607 0.282413 
0.341005 0.581405 0.000075 0.016102 0.061413 
0.001031 0.364877 0.155885 0.210492 0.267715 
0.044516 0.004771 0.004560 0.013220 0.932933 
0.002205 0.181687 0.087476 0.156168 0.572464 
0.326378 0.017202 0.025913 0.488642 0.141866 
0.000022 0.277812 0.546318 0.027801 0.148047 
0.050109 0.000528 0.041010 0.708330 0.200023 
0.226952 0.038807 0.010088 0.282614 0.441539 
0.133669 0.164744 0.000280 0.456166 0.245141 
0.056569 0.017313 0.068220 0.589018 0.268881 
0.034703 0.293986 0.543637 0.115053 0.012620 
0.000784 0.026814 0.013789 0.902585 0.056028 
0.009871 0.335280 0.335111 0.155068 0.164670 
0.016565 0.105984 0.718966 0.000432 0.158053 
0.010437 0.199895 0.000188 0.687789 0.101692 
0.000938 0.295489 0.055894 0.414887 0.232792 
0.075654 0.148131 0.010833 0.305280 0.460103 
0.052187 0.125294 0.116016 0.434199 0.272304 
0.101183 0.447958 0.236466 0.081382 0.133010 
0.243309 0.088521 0.364734 0.041562 0.261875 
0.010606 0.288399 0.013354 0.684310 0.003331 
0.124107 0.260859 0.477290 0.035771 0.101973 
0.203158 0.030960 0.554053 0.185955 0.025874 
0.000024 0.013957 0.312967 0.348496 0.324557 
0.053027 0.083951 0.216626 0.646048 0.000347 
0.024418 0.016375 0.615872 0.209620 0.133715 
0.001707 0.181118 0.635830 0.035994 0.145351 
0.000282 0.132879 0.043425 0.751570 0.071844 
0.043336 0.002857 0.649167 0.067723 0.236916 
0.031220 0.002080 0.033720 0.908215 0.024766 
0.044353 0.003231 0.833387 0.003810 0.115219 
0.015030 0.043865 0.448393 0.029159 0.463552 
0.347784 0.253620 0.004539 0.180572 0.213485 
0.089848 0.001470 0.704998 0.171701 0.031982 
0.000169 0.157011 0.441671 0.116496 0.284653 
0.124753 0.439549 0.002322 0.320698 0.112678 
0.204861 0.060678 0.089284 0.632467 0.012710 
0.028580 0.053226 0.119225 0.003170 0.795799 
0.041323 0.446043 0.212206 0.037714 0.262715 
0.043075 0.407334 0.008384 0.343440 0.197767 
0.245746 0.504608 0.018396 0.123222 0.108028 
0.022502 0.387268 0.223913 0.278218 0.088099 
0.035867 0.626524 0.009629 0.017482 0.310498 
0.026875 0.438805 0.108405 0.425905 0.000009 
0.001742 0.253816 0.044208 0.375213 0.325021 
0.007396 0.115696 0.867524 0.003119 0.006265 
0.250574 0.039291 0.265242 0.195693 0.249200 
0.089407 0.106122 0.297775 0.040520 0.466176 
0.030751 0.189931 0.438017 0.028151 0.313150 
0.020736 0.242661 0.261843 0.103376 0.371384 
0.157189 0.023023 0.151803 0.009333 0.658651 
0.019510 0.532353 0.128665 0.257839 0.061632 
0.232573 0.018118 0.551404 0.071101 0.126804 
0.230971 0.141924 0.239993 0.000908 0.386203 
0.002062 0.211642 0.092978 0.537950 0.155368 
0.092347 0.143956 0.418300 0.004966 0.340431 
0.062911 0.000622 0.393745 0.163681 0.379040 
0.002845 0.853972 0.111025 0.025508 0.006650 
0.123157 0.208329 0.000152 0.166953 0.501409 
0.052036 0.332505 0.018166 0.050266 0.547026 
0.258621 0.096202 0.000216 0.378820 0.266141 
0.050191 0.000884 0.665859 0.270671 0.012396 
0.019171 0.176274 0.440333 0.084321 0.279901 
0.039030 0.159345 0.685014 0.005912 0.110698 
0.129541 0.216691 0.119650 0.029053 0.505065 
0.319116 0.051785 0.001249 0.609227 0.018624 
0.037181 0.092003 0.171412 0.146236 0.553167 
0.051069 0.525644 0.070577 0.270337 0.082372 
0.074282 0.001335 0.329725 0.077347 0.517310 
0.007634 0.663359 0.238905 0.000083 0.090019 
0.369080 0.401296 0.008618 0.092042 0.128963 
0.032821 0.095553 0.046091 0.284001 0.541534 
0.055519 0.735033 0.106891 0.007684 0.094872 
0.162568 0.124200 0.011264 0.358522 0.343447 
0.043222 0.646522 0.129604 0.005952 0.174700 
0.192428 0.419859 0.036006 0.295106 0.056601 
0.004266 0.295497 0.314019 0.101354 0.284865 
0.415255 0.238277 0.024578 0.317915 0.003975 
0.000824 0.000003 0.097927 0.067987 0.833259 
0.128669 0.061768 0.003978 0.056666 0.748919 
0.032609 0.045241 0.003855 0.247301 0.670993 
0.019593 0.034194 0.074618 0.562701 0.308894 
0.000555 0.218560 0.038842 0.083656 0.658386 
0.007996 0.067885 0.211436 0.003006 0.709677 
0.000301 0.009252 0.151129 0.681016 0.158302 
0.050741 0.230800 0.008252 0.549754 0.160454 
0.007330 0.438696 0.259291 0.151386 0.143296 
0.136608 0.254386 0.012824 0.262583 0.333599 
0.179370 0.463394 0.034048 0.151144 0.172044 
0.108530 0.227418 0.196720 0.030359 0.436974 
0.030199 0.048046 0.144992 0.577560 0.199203 
0.146744 0.001382 0.025755 0.671083 0.155036 
0.020500 0.102228 0.052679 0.376208 0.448384 
0.000810 0.132197 0.002034 0.825198 0.039761 
0.611354 0.144845 0.147921 0.078168 0.017712 
0.847852 0.124283 0.006899 0.012252 0.008714 
0.857350 0.046409 0.049021 0.003101 0.044119 
0.679079 0.022606 0.132267 0.019459 0.146589 
0.174477 0.287333 0.019918 0.015921 0.502351 
0.185741 0.599329 0.039438 0.076697 0.098795 
0.113023 0.694541 0.046619 0.119997 0.025820 
0.083166 0.721752 0.049416 0.134847 0.010819 
0.045854 0.727530 0.058696 0.000003 0.167917 
0.025456 0.690679 0.061305 0.000155 0.222405 
0.007218 0.650277 0.061185 0.013800 0.267520 
0.006218 0.560251 0.052714 0.043861 0.336955 
0.002096 0.550451 0.052612 0.036889 0.357952 
0.357634 0.060300 0.001264 0.054328 0.526475 
0.353179 0.060718 0.001272 0.054705 0.530126 
0.329948 0.061894 0.002054 0.051941 0.554163 
0.198546 0.017057 0.018041 0.004102 0.762254 
0.610772 0.157270 0.145608 0.032566 0.053783 
0.624001 0.054650 0.096343 0.052257 0.172748 
0.599609 0.111426 0.091959 0.107090 0.089915 
0.026020 0.752920 0.164142 0.054520 0.002397 
0.005107 0.586289 0.069212 0.096782 0.242611 
0.014753 0.681305 0.139787 0.108776 0.055379 
0.453865 0.304864 0.036052 0.194008 0.011212 
0.333443 0.409377 0.073660 0.183498 0.000022 
0.252358 0.440028 0.117536 0.184517 0.005562 
0.228748 0.454006 0.134706 0.173331 0.009209 
0.195350 0.507078 0.150698 0.141814 0.005060 
0.124062 0.600616 0.178497 0.096205 0.000622 
0.002900 0.453482 0.538515 0.004935 0.000168 
0.286097 0.616505 0.000164 0.077493 0.019740 
0.272739 0.587721 0.000157 0.106176 0.033208 
0.036175 0.418982 0.133435 0.386988 0.024420 
0.001154 0.313678 0.250239 0.431204 0.003726 
0.289484 0.000035 0.282444 0.426701 0.001337 
0.210169 0.009955 0.362358 0.406692 0.010825 
0.166331 0.011247 0.424428 0.391226 0.006768 
0.083169 0.018673 0.562832 0.320297 0.015030 
0.936526 0.033280 0.001175 0.008209 0.020810 
0.353262 0.255861 0.342010 0.000143 0.048724 
0.111425 0.733012 0.118481 0.000196 0.036886 
0.048581 0.687638 0.170417 0.007164 0.086200 
0.380960 0.094149 0.000827 0.025227 0.498837 
0.501830 0.006599 0.197906 0.016839 0.276826 
0.449127 0.499485 0.009007 0.001315 0.041066 
0.259551 0.669708 0.054697 0.001428 0.014616 
0.193498 0.721649 0.058768 0.002061 0.024024 
0.147441 0.758227 0.063538 0.000086 0.030708 
0.094638 0.784485 0.074193 0.001342 0.045343 
0.072593 0.790852 0.075553 0.002317 0.058685 
0.007376 0.574163 0.132461 0.018475 0.267524 
0.559578 0.095854 0.003104 0.000136 0.341327 
0.430528 0.102004 0.006851 0.018542 0.442074 
0.391744 0.077142 0.000588 0.023115 0.507410 
0.573923 0.011761 0.287792 0.074918 0.051605 
0.387284 0.012549 0.100505 0.494213 0.005448 
0.205039 0.695867 0.011073 0.039835 0.048185 
0.167725 0.694948 0.007600 0.081063 0.048664 
0.155320 0.657692 0.005964 0.121065 0.059958 
0.124057 0.597298 0.001055 0.179895 0.097696 
0.054635 0.524673 0.000090 0.308559 0.112044 
0.228155 0.031451 0.130090 0.515240 0.095063 
0.145967 0.070892 0.216692 0.482747 0.083702 
0.406896 0.073905 0.000564 0.032518 0.486117 
0.363752 0.064574 0.000214 0.040452 0.531009 
0.144854 0.730671 0.048117 0.060416 0.015942 
0.585213 0.176284 0.012245 0.008562 0.217696 
0.462856 0.135944 0.016166 0.004729 0.380304 
0.375088 0.079494 0.000606 0.021932 0.522880 
0.350220 0.082147 0.000551 0.020326 0.546755 
0.129071 0.754621 0.057873 0.000563 0.057873 
0.104345 0.479113 0.183039 0.213808 0.019695 
0.039355 0.062449 0.446727 0.444877 0.006592 
0.379506 0.001575 0.287648 0.006749 0.324521 
0.899074 0.060877 0.033720 0.000379 0.005950 
0.835327 0.105254 0.000838 0.014592 0.043989 
0.281998 0.495068 0.072244 0.100972 0.049718 
0.559498 0.007358 0.171131 0.018774 0.243239 
0.035717 0.711477 0.137088 0.078287 0.037431 
0.467518 0.000008 0.161361 0.366169 0.004944 
0.450058 0.141978 0.053624 0.352940 0.001400 
0.301837 0.298014 0.009157 0.386359 0.004634 
0.019827 0.708403 0.176733 0.049963 0.045074 
0.001578 0.399358 0.529203 0.047298 0.022562 
0.395224 0.076933 0.000587 0.021225 0.506032 
0.406061 0.068412 0.000185 0.039792 0.485552 
0.012197 0.665415 0.060990 0.000247 0.261151 
0.073335 0.724893 0.087133 0.007683 0.106956 
0.517784 0.454168 0.009238 0.001516 0.017293 
0.236020 0.355417 0.007751 0.005431 0.395382 
0.216611 0.403414 0.003184 0.001737 0.375053 
0.111645 0.664702 0.034153 0.015196 0.174305 
0.041855 0.730478 0.084089 0.055163 0.088415 
0.000817 0.661521 0.176150 0.137326 0.024186 
0.175061 0.492216 0.134977 0.184275 0.013470 
0.298025 0.628592 0.007043 0.041483 0.024856 
0.231340 0.588611 0.003761 0.126427 0.049862 
0.188492 0.597505 0.002989 0.148278 0.062736 
0.160826 0.749683 0.070706 0.000487 0.018298 
0.101948 0.062276 0.347597 0.447501 0.040678 
0.724536 0.015157 0.220349 0.006432 0.033526 
0.344760 0.000114 0.299690 0.002823 0.352612 
0.902699 0.088824 0.006893 0.001209 0.000376 
0.599107 0.045686 0.167553 0.187207 0.000448 
0.058268 0.730342 0.027396 0.091123 0.092871 
0.509128 0.203744 0.053088 0.197283 0.036757 
0.110726 0.537035 0.290186 0.038888 0.023165 
0.012789 0.679160 0.024988 0.128536 0.154528 
0.307592 0.060411 0.009707 0.000007 0.622282 
0.452730 0.116292 0.011270 0.011880 0.407827 
0.433957 0.122929 0.014165 0.014105 0.414844 
0.502244 0.119566 0.009337 0.001666 0.367186 
0.400004 0.106392 0.006786 0.017449 0.469369 
0.400429 0.117988 0.010760 0.016876 0.453947 
0.375875 0.159760 0.021945 0.007852 0.434569 
0.452693 0.063040 0.000170 0.036667 0.447429 
0.563920 0.095064 0.003078 0.000459 0.337480 
0.047112 0.693233 0.104167 0.014383 0.141105 
0.089939 0.803835 0.072032 0.000256 0.033939 
0.401294 0.181520 0.410065 0.003836 0.003285 
0.361044 0.314851 0.030402 0.292989 0.000713 
0.237617 0.363688 0.085299 0.305787 0.007610 
0.182057 0.385812 0.115960 0.302384 0.013787 
0.146720 0.420126 0.141867 0.268596 0.022691 
0.000001 0.334810 0.619319 0.037653 0.008218 
0.190760 0.552934 0.020733 0.179911 0.055662 
0.161027 0.050582 0.212206 0.500244 0.075942 
0.064556 0.027790 0.510148 0.394147 0.003358 
0.200677 0.022331 0.272471 0.473906 0.030615 
0.167934 0.035230 0.316596 0.446976 0.033265 
0.131231 0.060771 0.286674 0.457564 0.063760 
0.024228 0.048599 0.590898 0.326128 0.010146 
0.003310 0.000134 0.780197 0.184134 0.032225 
0.017615 0.768566 0.050256 0.096258 0.067304 
0.131260 0.520918 0.327162 0.001007 0.019653 
0.022079 0.645170 0.004901 0.162514 0.165336 
0.400352 0.525354 0.020640 0.001172 0.052481 
0.303919 0.243849 0.008132 0.011110 0.432990 
0.580592 0.002688 0.313102 0.000045 0.103573 
0.408932 0.001610 0.299851 0.006896 0.282711 
0.507734 0.002351 0.367662 0.001000 0.121252 
0.439496 0.001966 0.246300 0.008423 0.303814 
0.416706 0.398042 0.051412 0.000341 0.133499 
0.386280 0.300514 0.018374 0.291965 0.002867 
0.027608 0.726507 0.180050 0.007569 0.058266 
0.055289 0.432053 0.083928 0.001554 0.427176 
0.226878 0.236147 0.033028 0.000384 0.503564 
0.000052 0.559616 0.101360 0.003995 0.334976 
0.010361 0.566602 0.141003 0.022814 0.259220 
0.020639 0.587851 0.142557 0.027692 0.221261 
0.050220 0.731499 0.100324 0.008967 0.108991 
0.464860 0.095422 0.006295 0.018529 0.414894 
0.000236 0.510015 0.053014 0.030756 0.405979 
0.551646 0.091007 0.002947 0.002124 0.352277 
0.032915 0.659296 0.111298 0.015671 0.180820 
0.020890 0.596728 0.135108 0.025600 0.221674 
0.061795 0.729692 0.053400 0.153624 0.001489 
0.048782 0.697161 0.072194 0.002076 0.179787 
0.027899 0.689867 0.064533 0.000470 0.217232 
0.024367 0.690930 0.059839 0.000068 0.224796 
0.495418 0.046849 0.000515 0.064950 0.392268 
0.007358 0.662932 0.062375 0.000253 0.267082 
0.002065 0.542362 0.051838 0.051043 0.352692 
0.206519 0.711122 0.062723 0.002200 0.017436 
0.347140 0.618667 0.034016 0.000120 0.000057 
0.077693 0.789267 0.080862 0.002479 0.049698 
0.105366 0.790732 0.069979 0.000249 0.033674 
0.193822 0.564536 0.037148 0.050785 0.153709 
0.303477 0.329928 0.000526 0.001647 0.364422 
0.244979 0.334359 0.008359 0.005857 0.406447 
0.258169 0.457665 0.006365 0.004949 0.272851 
0.303255 0.395669 0.077103 0.219775 0.004199 
0.334197 0.617175 0.014177 0.014493 0.019958 
0.243034 0.646094 0.008244 0.065657 0.036971 
0.113218 0.473168 0.073391 0.284253 0.055970 
0.092642 0.667400 0.068915 0.170184 0.000859 
0.322665 0.588711 0.000712 0.000029 0.087882 
0.015689 0.076217 0.445415 0.462477 0.000202 
0.052771 0.105183 0.321461 0.505945 0.014640 
0.372262 0.121574 0.450810 0.011830 0.043525 
0.972077 0.000389 0.021937 0.000413 0.005184 
0.935967 0.013062 0.008654 0.013208 0.029109 
0.895032 0.083670 0.004630 0.015422 0.001246 
0.846758 0.129161 0.000723 0.021443 0.001915 
0.879341 0.078096 0.013328 0.029235 0.000000 
0.794633 0.162583 0.005654 0.027357 0.009774 
0.862440 0.118500 0.000445 0.014950 0.003665 
0.172135 0.034581 0.271078 0.388615 0.133591 
0.162559 0.504071 0.325406 0.006620 0.001344 
0.436618 0.369539 0.030317 0.160199 0.003327 
0.238895 0.205486 0.354896 0.149730 0.050994 
0.454786 0.059309 0.422993 0.000184 0.062728 
0.023898 0.851066 0.116978 0.005003 0.003055 
0.728641 0.227149 0.032217 0.002782 0.009212 
0.001495 0.552770 0.117382 0.008716 0.319636 
0.030981 0.672702 0.124066 0.017131 0.155120 
0.034763 0.687745 0.116184 0.016042 0.145265 
0.048680 0.731372 0.097249 0.008692 0.114007 
0.511484 0.042152 0.000071 0.059698 0.386595 
0.033273 0.647946 0.111738 0.016680 0.190363 
0.041219 0.687208 0.107717 0.014873 0.148983 
0.024488 0.629549 0.113963 0.016311 0.215689 
0.041817 0.697181 0.109280 0.015089 0.136633 
0.003407 0.611286 0.099437 0.005804 0.280066 
0.013954 0.601422 0.123638 0.018042 0.242944 
0.006581 0.663451 0.062424 0.000253 0.267292 
0.165408 0.746357 0.060438 0.000320 0.027477 
0.202186 0.715125 0.064619 0.002266 0.015804 
0.282338 0.652503 0.056090 0.001554 0.007514 
0.293736 0.638493 0.060358 0.001964 0.005449 
0.097487 0.785535 0.072978 0.000953 0.043047 
0.095916 0.791314 0.083850 0.000298 0.028622 
0.083880 0.785434 0.071618 0.002085 0.056982 
0.052310 0.736606 0.092216 0.008242 0.110627 
0.062402 0.788881 0.070176 0.002990 0.075551 
0.181397 0.601812 0.039632 0.092303 0.084856 
0.242313 0.495395 0.020046 0.017608 0.224639 
0.480609 0.499769 0.008821 0.001446 0.009355 
0.793983 0.112490 0.044160 0.025522 0.023845 
0.265836 0.337172 0.003272 0.001738 0.391982 
0.003643 0.369954 0.229493 0.353386 0.043524 
0.031930 0.474959 0.073605 0.387726 0.031779 
0.090057 0.680545 0.000000 0.199895 0.029502 
0.070184 0.071734 0.378077 0.455321 0.024685 
0.843256 0.000001 0.074008 0.042772 0.039962 
0.407834 0.548125 0.022278 0.001227 0.020536 
0.909462 0.049230 0.028512 0.000000 0.012796 
0.924876 0.067285 0.005930 0.001747 0.000162 
0.344610 0.483850 0.042545 0.122628 0.006366 
0.812211 0.163047 0.001360 0.015209 0.008173 
0.872394 0.118470 0.006576 0.002522 0.000038 
0.459892 0.002129 0.398431 0.002059 0.137489 
0.408039 0.001889 0.393868 0.003618 0.192585 
0.454572 0.002105 0.372315 0.000896 0.170112 
0.215193 0.482323 0.243999 0.057734 0.000750 
0.505718 0.000005 0.235067 0.235717 0.023492 
0.150891 0.714476 0.133207 0.001318 0.000108 
0.001452 0.572418 0.381436 0.025644 0.019050 
0.671363 0.241906 0.063871 0.021370 0.001490 
0.008964 0.662561 0.193369 0.070142 0.064964 
0.000339 0.192680 0.732147 0.074266 0.000568 
0.015769 0.570422 0.155915 0.030287 0.227607 
0.056245 0.728263 0.113783 0.010170 0.091540 
0.068787 0.769836 0.086871 0.004114 0.070391 
0.526664 0.078251 0.001650 0.013484 0.379952 
0.509016 0.066416 0.000512 0.025538 0.398518 
0.542402 0.072638 0.000721 0.010707 0.373533 
0.084118 0.730017 0.049982 0.128654 0.007230 
0.054828 0.735854 0.054092 0.000001 0.155225 
0.002134 0.560412 0.053564 0.019461 0.364430 
0.170644 0.742731 0.062313 0.000334 0.023977 
0.076668 0.771143 0.092943 0.003772 0.055474 
0.298897 0.659362 0.038527 0.002935 0.000279 
0.242418 0.699176 0.040052 0.015056 0.003297 
0.270981 0.678338 0.035622 0.008826 0.006232 
0.257246 0.691616 0.041476 0.000001 0.009661 
0.322825 0.572669 0.017666 0.002111 0.084729 
0.259155 0.625874 0.026950 0.023795 0.064226 
0.137586 0.760847 0.050066 0.050066 0.001435 
0.148062 0.759017 0.052944 0.000013 0.039964 
0.162387 0.752403 0.058066 0.000014 0.027130 
0.060917 0.775769 0.076932 0.003644 0.082739 
0.050621 0.712825 0.095028 0.010860 0.130666 
0.220084 0.544142 0.032667 0.029563 0.173544 
0.438266 0.524774 0.028563 0.000099 0.008299 
0.042471 0.571821 0.240429 0.143169 0.002111 
0.525189 0.021234 0.396530 0.000733 0.056314 
0.336685 0.017163 0.544741 0.065309 0.036101 
0.141543 0.697170 0.002202 0.083706 0.075379 
0.166884 0.713484 0.002596 0.047338 0.069698 
0.141944 0.677089 0.000492 0.076017 0.104459 
0.113052 0.667190 0.000000 0.119807 0.099950 
0.113302 0.088509 0.270830 0.467158 0.060201 
0.480957 0.409360 0.030532 0.017706 0.061445 
0.179281 0.577882 0.111324 0.026975 0.104537 
0.722367 0.222175 0.006554 0.038750 0.010155 
0.370492 0.543034 0.018372 0.000224 0.067877 
0.687260 0.009880 0.233896 0.001974 0.066989 
0.829868 0.013373 0.147893 0.003105 0.005762 
0.017494 0.367299 0.525526 0.000014 0.089666 
0.183988 0.007809 0.365004 0.355164 0.088035 
0.104099 0.001351 0.843905 0.000130 0.050514 
0.209809 0.650904 0.130303 0.005747 0.003237 
0.604829 0.207006 0.109092 0.057419 0.021654 
0.471137 0.516193 0.000455 0.001432 0.010784 
0.462047 0.110116 0.250045 0.163974 0.013817 
0.131053 0.787135 0.000088 0.081596 0.000129 
0.525862 0.000018 0.030595 0.400602 0.042923 
0.401231 0.005430 0.585554 0.006406 0.001380 
0.142795 0.109231 0.727689 0.004802 0.015483 
0.543546 0.035279 0.042305 0.307129 0.071740 
0.133624 0.222730 0.567302 0.028939 0.047406 
0.031966 0.680546 0.127444 0.017465 0.142579 
0.065772 0.775069 0.083063 0.003934 0.072163 
0.050272 0.669339 0.084292 0.006784 0.189313 
0.002523 0.662677 0.063338 0.000257 0.271205 
0.380988 0.565993 0.046592 0.003399 0.003028 
0.363192 0.578131 0.019875 0.000002 0.038800 
0.078816 0.779062 0.067294 0.001960 0.072868 
0.453214 0.320855 0.196680 0.000085 0.029166 
0.356794 0.002298 0.001322 0.507911 0.131676 
0.087456 0.594552 0.172932 0.145060 0.000000 
0.117617 0.707359 0.012574 0.162235 0.000216 
0.062847 0.377762 0.150068 0.338164 0.071159 
0.739498 0.099676 0.001287 0.062196 0.097343 
0.811793 0.080235 0.002941 0.039741 0.065291 
0.760404 0.184070 0.001466 0.000840 0.053221 
0.276797 0.477701 0.086451 0.084225 0.074827 
0.327279 0.427181 0.077776 0.074981 0.092783 
0.426863 0.397630 0.052143 0.049693 0.073670 
0.371649 0.417416 0.062275 0.083968 0.064692 
0.093864 0.587681 0.121308 0.000571 0.196576 
0.769991 0.183286 0.006374 0.030840 0.009509 
0.727894 0.212510 0.009356 0.033735 0.016506 
0.675437 0.256523 0.011294 0.040721 0.016024 
0.853624 0.023669 0.105084 0.004071 0.013553 
0.014610 0.697749 0.000086 0.256521 0.031034 
0.447888 0.092121 0.209582 0.230316 0.020092 
0.022980 0.765015 0.000729 0.211000 0.000275 
0.186422 0.576905 0.122891 0.057202 0.056580 
0.155748 0.521743 0.184743 0.100401 0.037364 
0.235999 0.065145 0.041408 0.642745 0.014703 
0.065793 0.749972 0.051348 0.132170 0.000716 
0.339743 0.473701 0.003098 0.000143 0.183315 
0.045844 0.674588 0.101365 0.013996 0.164206 
0.049040 0.690562 0.092060 0.010521 0.157817 
0.045087 0.663437 0.099690 0.013765 0.178022 
0.049694 0.699770 0.093287 0.010661 0.146588 
0.271890 0.464107 0.007339 0.005815 0.250850 
0.080279 0.344681 0.048219 0.492074 0.034747 
0.170983 0.706482 0.000715 0.022655 0.099166 
0.016737 0.140872 0.342064 0.496462 0.003865 
0.425884 0.096185 0.407632 0.069568 0.000730 
0.445786 0.057194 0.242388 0.244947 0.009685 
0.808362 0.188586 0.000567 0.000000 0.002486 
0.236337 0.510157 0.096637 0.026475 0.130394 
0.188582 0.574738 0.102707 0.058692 0.075282 
0.594925 0.295510 0.025598 0.046361 0.037606 
0.078003 0.261489 0.599329 0.060944 0.000235 
0.000401 0.402203 0.478794 0.000019 0.118583 
0.266271 0.178467 0.055111 0.460082 0.040069 
0.026428 0.633524 0.022741 0.278210 0.039096 
0.230911 0.449502 0.003554 0.315055 0.000978 
0.004030 0.010834 0.593576 0.278797 0.112763 
0.078401 0.763300 0.126864 0.013074 0.018360 
0.140006 0.605760 0.137693 0.002513 0.114027 
0.233145 0.501520 0.103323 0.000277 0.161735 
0.000926 0.437758 0.186367 0.029827 0.345122 
0.001079 0.642064 0.075751 0.000486 0.280620 
0.004735 0.635836 0.090318 0.003656 0.265454 
0.059843 0.709697 0.070895 0.002638 0.156927 
0.045173 0.672650 0.086912 0.007711 0.187555 
0.112860 0.792368 0.072217 0.000079 0.022476 
0.184039 0.710547 0.046802 0.042615 0.015997 
0.045021 0.662477 0.099546 0.013745 0.179211 
0.258392 0.378991 0.003115 0.001682 0.357820 
0.279016 0.351924 0.001708 0.001416 0.365936 
0.662757 0.225666 0.076046 0.018369 0.017162 
0.307292 0.065727 0.522839 0.101254 0.002888 
0.351049 0.060182 0.524979 0.062021 0.001769 
0.003118 0.030333 0.357865 0.537627 0.071057 
0.075204 0.014441 0.495753 0.317264 0.097338 
0.084519 0.018165 0.436899 0.326758 0.133659 
0.088747 0.014798 0.412391 0.324091 0.159973 
0.429063 0.003623 0.442242 0.120118 0.004954 
0.146634 0.419240 0.095296 0.001740 0.337090 
0.007015 0.477220 0.214731 0.041712 0.259321 
0.014122 0.507476 0.237212 0.046079 0.195112 
0.016912 0.579158 0.167215 0.032482 0.204233 
0.034057 0.645741 0.105255 0.014511 0.200436 
0.133757 0.765603 0.084522 0.000141 0.015976 
0.102262 0.783763 0.092795 0.000155 0.021025 
0.248019 0.656712 0.081938 0.004057 0.009274 
0.060869 0.705131 0.094002 0.010743 0.129256 
0.233082 0.599898 0.044898 0.088651 0.033472 
0.052428 0.051897 0.824849 0.038235 0.032591 
0.101768 0.279803 0.019827 0.578586 0.020016 
0.206705 0.718305 0.003768 0.008467 0.062755 
0.924419 0.000389 0.069605 0.000412 0.005175 
0.902349 0.025020 0.054002 0.004303 0.014326 
0.931902 0.025839 0.023019 0.004444 0.014795 
0.493065 0.383486 0.031174 0.061742 0.030533 
0.346725 0.581785 0.061339 0.009410 0.000741 
0.127861 0.730844 0.056840 0.012778 0.071677 
0.339084 0.167447 0.406765 0.003861 0.082843 
0.213632 0.132484 0.624106 0.022608 0.007170 
0.013776 0.063887 0.250105 0.510448 0.161782 
0.015780 0.090477 0.192030 0.497520 0.204193 
0.049393 0.048541 0.282764 0.387836 0.231466 
0.090865 0.011565 0.574549 0.281994 0.041027 
0.000143 0.746660 0.135622 0.047925 0.069649 
0.119589 0.425258 0.400722 0.023996 0.030434 
0.338487 0.507322 0.141433 0.000267 0.012490 
0.139649 0.719076 0.126721 0.000212 0.014342 
0.404297 0.433895 0.141904 0.000058 0.019846 
0.028911 0.654654 0.159530 0.021862 0.135042 
0.048259 0.711245 0.136155 0.012169 0.092172 
0.000273 0.589301 0.061255 0.007733 0.341438 
0.295994 0.581525 0.016198 0.006716 0.099567 
0.415239 0.523751 0.052611 0.004419 0.003980 
0.169348 0.212496 0.002045 0.608289 0.007823 
0.005592 0.503817 0.058046 0.163985 0.268560 
0.384077 0.000130 0.000971 0.477444 0.137378 
0.448837 0.056461 0.444779 0.040171 0.009753 
0.325000 0.006319 0.278968 0.105030 0.284683 
0.015739 0.032366 0.332615 0.507429 0.111851 
0.338286 0.431163 0.205247 0.001969 0.023336 
0.144171 0.657409 0.196055 0.000328 0.002037 
0.037887 0.553185 0.315588 0.028206 0.065134 
0.045938 0.597050 0.248997 0.022254 0.085761 
0.044578 0.680841 0.176442 0.015770 0.082369 
0.036900 0.658727 0.173098 0.015471 0.115804 
0.125211 0.695810 0.045822 0.106720 0.026438 
0.197564 0.637481 0.041948 0.046645 0.076362 
0.322670 0.462975 0.127981 0.050489 0.035885 
0.875055 0.041021 0.080184 0.003274 0.000467 
0.548642 0.439319 0.010062 0.001651 0.000326 
0.025717 0.205989 0.311050 0.214232 0.243013 
0.357785 0.300317 0.000846 0.043731 0.297321 
0.003965 0.136035 0.161963 0.561886 0.136151 
0.045573 0.049660 0.260896 0.371387 0.272483 
0.113688 0.763477 0.103163 0.000172 0.019500 
0.001992 0.404297 0.315322 0.061253 0.217136 
0.226214 0.561992 0.033739 0.030532 0.147523 
0.220374 0.679227 0.033625 0.030013 0.036761 
0.583646 0.328370 0.062815 0.013012 0.012157 
0.696143 0.008473 0.240858 0.001458 0.053068 
0.614350 0.371019 0.008744 0.001761 0.004126 
0.833752 0.009137 0.153801 0.003120 0.000189 
0.005665 0.104088 0.155711 0.532180 0.202356 
0.023962 0.047417 0.220319 0.392877 0.315425 
0.050588 0.015616 0.818797 0.043591 0.071409 
0.192562 0.633335 0.041676 0.066723 0.065704 
0.496238 0.407233 0.075128 0.011063 0.010337 
0.619825 0.002870 0.285860 0.000048 0.091397 
0.436720 0.086411 0.090390 0.386393 0.000086 
0.047638 0.653917 0.206563 0.018462 0.073420 
0.073074 0.737302 0.126061 0.007588 0.055974 
0.199845 0.657287 0.043252 0.048094 0.051522 
0.246900 0.553860 0.023386 0.020615 0.155239 
0.290072 0.450086 0.004731 0.002114 0.252997 
0.019444 0.000315 0.002313 0.937037 0.040891 
0.219897 0.541281 0.149436 0.088931 0.000454 
0.641370 0.346986 0.009671 0.000000 0.001972 
0.005240 0.352859 0.139803 0.470330 0.031767 
0.211099 0.004750 0.558904 0.058051 0.167197 
0.000879 0.617819 0.182410 0.092575 0.106318 
0.044468 0.737960 0.017496 0.001911 0.198165 
0.069855 0.310898 0.033823 0.003992 0.581432 
0.258966 0.508924 0.017458 0.015115 0.199537 
0.226214 0.561992 0.033739 0.030532 0.147523 
0.214868 0.645318 0.042506 0.038703 0.058605 
0.195751 0.685060 0.045123 0.041086 0.032980 
0.182825 0.693063 0.045606 0.045826 0.032680 
0.136826 0.750997 0.049456 0.057033 0.005687 
0.235989 0.647247 0.032042 0.028600 0.056122 
0.267228 0.601953 0.019379 0.016679 0.094761 
0.170280 0.718867 0.047304 0.047533 0.016017 
0.233433 0.625345 0.030957 0.027632 0.082633 
0.259836 0.585303 0.018843 0.016217 0.119801 
0.285173 0.554907 0.015402 0.006598 0.137920 
0.246716 0.586159 0.023680 0.020798 0.122647 
0.201921 0.047125 0.729639 0.020530 0.000785 
0.066085 0.513032 0.000428 0.388172 0.032283 
0.027643 0.633958 0.111471 0.015954 0.210973 
0.029443 0.639923 0.108708 0.015048 0.206878 
0.013147 0.652766 0.097200 0.006946 0.229942 
0.013472 0.651466 0.097687 0.007199 0.230176 
0.008168 0.662256 0.079050 0.001832 0.248695 
0.073171 0.121921 0.050791 0.639762 0.114356 
0.145831 0.091578 0.034549 0.529406 0.198635 
0.184615 0.075971 0.129642 0.491331 0.118441 
0.076596 0.111106 0.267744 0.513035 0.031518 
0.150978 0.112007 0.161260 0.478893 0.096861 
0.154294 0.102710 0.112502 0.531506 0.098988 
0.289141 0.018930 0.016173 0.541697 0.134058 
0.123949 0.133854 0.146071 0.524510 0.071616 
0.210535 0.052190 0.060462 0.541744 0.135070 
0.034960 0.181490 0.194634 0.563588 0.025329 
0.316431 0.179765 0.501287 0.001795 0.000723 
0.052375 0.143070 0.069602 0.643657 0.091297 
0.005095 0.267015 0.103769 0.597943 0.026178 
0.002913 0.243999 0.060905 0.644528 0.047655 
0.017284 0.201863 0.020804 0.660324 0.099725 
0.070929 0.152452 0.143005 0.575030 0.058584 
0.013899 0.210003 0.042649 0.660361 0.073088 
0.050684 0.190232 0.001023 0.561865 0.196196 
0.143406 0.104224 0.000098 0.423655 0.328617 
0.036111 0.019674 0.116322 0.773562 0.054331 
0.763213 0.214097 0.001786 0.010172 0.010732 
0.614597 0.281143 0.024455 0.040101 0.039703 
0.540839 0.338889 0.029355 0.053166 0.037750 
0.394403 0.001826 0.422351 0.008466 0.172953 
0.349006 0.477282 0.002606 0.000029 0.171077 
0.360615 0.001308 0.428765 0.007002 0.202312 
0.345215 0.000670 0.416760 0.004475 0.232879 
0.335775 0.453181 0.002380 0.000001 0.208664 
0.290868 0.530275 0.014631 0.006616 0.157610 
0.301118 0.444871 0.002998 0.000918 0.250095 
0.291329 0.473081 0.007330 0.003789 0.224472 
0.065001 0.702028 0.093588 0.010696 0.128687 
0.079257 0.783429 0.067672 0.001971 0.067672 
0.073510 0.726618 0.087341 0.007701 0.104831 
0.077921 0.770223 0.066531 0.001937 0.083387 
0.105579 0.797847 0.000938 0.086833 0.008802 
0.672783 0.014924 0.200748 0.000691 0.110854 
0.614373 0.032467 0.211401 0.004479 0.137279 
0.001629 0.739542 0.001479 0.172938 0.084412 
0.739410 0.003789 0.188338 0.000233 0.068231 
0.091664 0.655073 0.126195 0.020783 0.106286 
0.124564 0.643734 0.117972 0.022086 0.091645 
0.041102 0.753720 0.138129 0.024843 0.042206 
0.056976 0.669103 0.136870 0.004869 0.132183 
0.010798 0.765271 0.159808 0.003690 0.060433 
0.674241 0.026238 0.223224 0.005986 0.070311 
0.786595 0.184562 0.005480 0.008244 0.015119 
0.605394 0.197903 0.048107 0.123588 0.025007 
0.002834 0.396583 0.076521 0.508602 0.015460 
0.775437 0.174152 0.000969 0.002277 0.047165 
0.727807 0.003146 0.253434 0.010416 0.005198 
0.101431 0.680365 0.117068 0.074842 0.026294 
0.612745 0.316130 0.003421 0.064523 0.003182 
0.205620 0.552114 0.068494 0.167012 0.006760 
0.067884 0.725076 0.089636 0.116050 0.001354 
0.028783 0.515514 0.076543 0.371866 0.007294 
0.797054 0.000298 0.194789 0.000807 0.007053 
0.001442 0.829324 0.142698 0.011087 0.015448 
0.100184 0.540295 0.038232 0.321249 0.000039 
0.579117 0.308312 0.007143 0.005373 0.100056 
0.299002 0.490440 0.036183 0.001688 0.172688 
0.459952 0.428843 0.010597 0.100593 0.000015 
0.000205 0.652587 0.121629 0.002625 0.222954 
0.134739 0.586775 0.042850 0.235522 0.000114 
0.256242 0.468601 0.020310 0.009212 0.245635 
0.681522 0.223852 0.040938 0.048583 0.005104 
0.611280 0.273727 0.060829 0.046199 0.007964 
0.161946 0.401574 0.008427 0.015473 0.412580 
0.448376 0.335223 0.015891 0.031452 0.169058 
0.170596 0.245142 0.060518 0.517286 0.006458 
0.407291 0.264065 0.000029 0.060578 0.268037 
0.593490 0.165630 0.000018 0.077597 0.163265 
0.593104 0.211719 0.008856 0.059592 0.126729 
0.736061 0.119954 0.000793 0.046307 0.096886 
0.094789 0.427198 0.441815 0.000118 0.036079 
0.002845 0.026988 0.431418 0.524265 0.014484 
0.001413 0.131551 0.214276 0.604147 0.048613 
0.002748 0.108413 0.210162 0.582160 0.096517 
0.001025 0.159721 0.155386 0.600592 0.083276 
0.001772 0.109688 0.268708 0.597491 0.022341 
0.182314 0.244749 0.280077 0.201356 0.091504 
0.027564 0.464919 0.460770 0.033153 0.013595 
0.665776 0.286220 0.037328 0.000003 0.010673 
0.007339 0.596200 0.327988 0.068410 0.000063 
0.000752 0.665217 0.250542 0.073184 0.010305 
0.643566 0.218421 0.085072 0.052219 0.000722 
0.417203 0.371349 0.177675 0.023848 0.009925 
0.003160 0.600198 0.372150 0.024190 0.000303 
0.570071 0.231167 0.111219 0.080186 0.007357 
0.025329 0.454263 0.438487 0.080900 0.001021 
0.384773 0.342483 0.189210 0.053889 0.029645 
0.087710 0.761801 0.065803 0.001916 0.082770 
0.102751 0.783053 0.051567 0.062003 0.000626 
0.115647 0.747913 0.064604 0.001881 0.069955 
0.102540 0.786006 0.051761 0.059691 0.000002 
0.143475 0.751511 0.049452 0.049452 0.006110 
0.146231 0.737620 0.048575 0.057729 0.009845 
0.085861 0.745743 0.067397 0.002971 0.098028 
0.070366 0.695543 0.082275 0.007878 0.143938 
0.121196 0.725042 0.047747 0.087775 0.018240 
0.126314 0.755664 0.049763 0.063153 0.005105 
0.083145 0.736326 0.065016 0.002517 0.112995 
0.085840 0.745561 0.067380 0.002971 0.098248 
0.083831 0.728115 0.065803 0.002901 0.119350 
0.071657 0.750952 0.049574 0.127604 0.000212 
0.070268 0.694576 0.082160 0.007867 0.145128 
0.057617 0.682488 0.090983 0.010398 0.158513 
0.070823 0.679169 0.087522 0.010002 0.152483 
0.101361 0.764621 0.066047 0.001923 0.066047 
0.093701 0.766473 0.066207 0.001928 0.071691 
0.039897 0.367700 0.167801 0.378577 0.046026 
0.002842 0.032854 0.745503 0.099357 0.119444 
0.004131 0.157488 0.011938 0.775108 0.051335 
0.005783 0.243981 0.166609 0.526118 0.057509 
0.087644 0.014100 0.624928 0.064649 0.208679 
0.206052 0.038452 0.676896 0.000269 0.078331 
0.007162 0.407099 0.248956 0.298504 0.038279 
0.166488 0.071745 0.517076 0.031052 0.213638 
0.036846 0.277644 0.046181 0.343335 0.295994 
0.042526 0.015459 0.817867 0.115904 0.008244 
0.012046 0.082150 0.865321 0.002420 0.038063 
0.136710 0.739875 0.002978 0.120001 0.000437 
0.049456 0.438378 0.005683 0.372154 0.134328 
0.286943 0.671490 0.018865 0.000318 0.022385 
0.247194 0.203941 0.518708 0.012933 0.017224 
0.101525 0.284035 0.370623 0.114235 0.129582 
0.005024 0.655372 0.078903 0.001407 0.259294 
0.534587 0.246755 0.000123 0.171880 0.046655 
0.313489 0.417513 0.004767 0.219751 0.044480 
0.499422 0.025829 0.092526 0.200165 0.182058 
0.758511 0.194059 0.000101 0.047273 0.000057 
0.335146 0.278957 0.094335 0.291256 0.000306 
0.251925 0.190785 0.064287 0.492020 0.000982 
0.286690 0.612273 0.090230 0.006347 0.004459 
0.035709 0.057231 0.094840 0.586163 0.226057 
0.166670 0.059122 0.535862 0.234478 0.003868 
0.210500 0.126545 0.532956 0.127889 0.002110 
0.308800 0.118687 0.485443 0.083586 0.003484 
0.324979 0.042080 0.448666 0.126446 0.057829 
0.365788 0.068545 0.485239 0.060701 0.019727 
0.210259 0.018448 0.402899 0.228423 0.139971 
0.180233 0.007020 0.372820 0.262178 0.177749 
0.006639 0.335554 0.020366 0.570624 0.066817 
0.007230 0.078075 0.733249 0.178429 0.003017 
0.143006 0.075666 0.249991 0.522474 0.008863 
0.144918 0.237728 0.574919 0.039331 0.003104 
0.036596 0.212341 0.645166 0.104477 0.001418 
0.003507 0.338572 0.529608 0.124699 0.003615 
0.506229 0.009393 0.079068 0.383151 0.022160 
0.063715 0.175109 0.697581 0.063010 0.000585 
0.158507 0.641673 0.198149 0.000004 0.001667 
0.039749 0.818468 0.125926 0.002012 0.013845 
0.691537 0.267766 0.003095 0.001471 0.036131 
0.134118 0.267624 0.345610 0.214728 0.037919 
0.047725 0.550798 0.400455 0.000009 0.001012 
0.030206 0.577367 0.359343 0.004654 0.028430 
0.182773 0.257125 0.439930 0.079057 0.041115 
0.042303 0.520507 0.016724 0.264933 0.155534 
0.024266 0.673979 0.132140 0.139146 0.030467 
0.310292 0.384858 0.246046 0.039680 0.019125 
0.102175 0.162868 0.491399 0.154360 0.089198 
0.098254 0.637957 0.080131 0.086316 0.097342 
0.393441 0.090924 0.256078 0.209644 0.049913 
0.003073 0.164362 0.672423 0.056873 0.103270 
0.197168 0.062204 0.548144 0.000194 0.192290 
0.169471 0.542868 0.135692 0.089243 0.062726 
0.003528 0.219007 0.701595 0.075782 0.000088 
0.132066 0.082205 0.724397 0.000256 0.061076 
0.325129 0.406300 0.263627 0.004005 0.000940 
0.262427 0.036981 0.411854 0.288266 0.000473 
0.024134 0.371928 0.043098 0.474779 0.086062 
0.025452 0.413003 0.011446 0.439945 0.110155 
0.066732 0.504282 0.007214 0.316040 0.105732 
0.014183 0.387097 0.002224 0.477051 0.119446 
0.018876 0.325818 0.000028 0.414090 0.241188 
0.042598 0.387050 0.003082 0.337795 0.229474 
0.038754 0.461102 0.000004 0.323104 0.177036 
0.084161 0.304809 0.024403 0.277592 0.309034 
0.057501 0.270512 0.009320 0.306721 0.355945 
0.033684 0.234100 0.001871 0.321812 0.408533 
0.072042 0.564319 0.001650 0.260087 0.101903 
0.017817 0.014076 0.175753 0.426389 0.365965 
0.003776 0.018839 0.128978 0.420106 0.428300 
0.001308 0.001656 0.305043 0.561484 0.130509 
0.015808 0.239633 0.000854 0.595909 0.147797 
0.000261 0.139214 0.000696 0.243961 0.615869 
0.006487 0.088005 0.827475 0.009460 0.068573 
0.535711 0.066195 0.342873 0.017102 0.038119 
0.521550 0.072606 0.340046 0.035954 0.029844 
0.391261 0.109388 0.438120 0.056201 0.005029 
0.321770 0.186977 0.077862 0.332311 0.081079 
0.676913 0.017385 0.294283 0.009847 0.001571 
0.333290 0.072518 0.490294 0.096654 0.007244 
0.028626 0.060410 0.102306 0.739149 0.069509 
0.199129 0.154258 0.588980 0.057591 0.000042 
0.072538 0.717009 0.084576 0.008048 0.117830 
0.052670 0.657159 0.094978 0.012145 0.183047 
0.204349 0.028356 0.670459 0.010242 0.086594 
0.358644 0.151416 0.442189 0.046200 0.001551 
0.021106 0.399406 0.140486 0.429802 0.009200 
0.021989 0.471060 0.190815 0.285268 0.030867 
0.007863 0.565968 0.218656 0.201859 0.005654 
0.320199 0.064576 0.430678 0.134744 0.049803 
0.747222 0.080229 0.013015 0.062748 0.096786 
0.026326 0.678900 0.070702 0.001638 0.222433 
0.000284 0.614636 0.063888 0.001348 0.319843 
0.223676 0.302876 0.018674 0.340685 0.114090 
0.641574 0.099203 0.000443 0.101566 0.157215 
0.635051 0.087412 0.006555 0.113491 0.157491 
0.183774 0.069608 0.016834 0.422758 0.307025 
0.331567 0.028654 0.305732 0.332547 0.001501 
0.505008 0.086362 0.000192 0.171060 0.237378 
0.450945 0.125318 0.162517 0.256803 0.004417 
0.271490 0.097503 0.245776 0.363196 0.022035 
0.164409 0.112744 0.221112 0.450520 0.051216 
0.430523 0.189804 0.142986 0.235551 0.001137 
0.101032 0.054991 0.840136 0.000358 0.003483 
0.004621 0.764966 0.171164 0.024939 0.034309 
0.049116 0.212744 0.034232 0.359440 0.344467 
0.313084 0.310790 0.087427 0.118218 0.170481 
0.010943 0.002309 0.822559 0.058537 0.105652 
0.005815 0.047298 0.724771 0.165662 0.056454 
0.073554 0.014638 0.607324 0.078270 0.226214 
0.002844 0.070464 0.867254 0.008430 0.051008 
0.016132 0.123648 0.831183 0.001911 0.027127 
0.175644 0.766322 0.008293 0.020455 0.029286 
0.108960 0.623317 0.039851 0.106291 0.121581 
0.045677 0.813674 0.003019 0.033757 0.103873 
0.090405 0.538690 0.064416 0.144392 0.162097 
0.039972 0.747705 0.011537 0.056722 0.144064 
0.024606 0.819342 0.006971 0.021297 0.127785 
0.014295 0.705061 0.050323 0.034846 0.195474 
0.016073 0.755284 0.004289 0.044731 0.179623 
0.073884 0.002595 0.496961 0.419637 0.006923 
0.223682 0.437784 0.287725 0.044404 0.006406 
0.205519 0.377976 0.276265 0.107680 0.032559 
0.257160 0.258055 0.194079 0.192037 0.098669 
0.429247 0.414581 0.130377 0.025760 0.000034 
0.454968 0.282762 0.103519 0.114431 0.044320 
0.358236 0.222643 0.101297 0.231893 0.085931 
0.422469 0.234442 0.085829 0.195405 0.061855 
0.446273 0.174579 0.035016 0.319183 0.024950 
0.397099 0.246797 0.112286 0.162969 0.080850 
0.181386 0.052511 0.000029 0.707460 0.058613 
0.282232 0.088576 0.002423 0.584118 0.042651 
0.074479 0.006369 0.005907 0.814345 0.098900 
0.284994 0.142237 0.097582 0.336670 0.138517 
0.136089 0.106813 0.153359 0.395233 0.208506 
0.339042 0.191351 0.126977 0.224301 0.118330 
0.373240 0.182905 0.051528 0.345983 0.046344 
0.000079 0.096979 0.490623 0.378169 0.034151 
0.033097 0.001610 0.076094 0.753870 0.135329 
0.017570 0.000004 0.176451 0.684359 0.121616 
0.004197 0.212550 0.002442 0.643766 0.137044 
0.062966 0.029871 0.255535 0.572741 0.078886 
0.061621 0.036154 0.212408 0.600321 0.089496 
0.177681 0.050487 0.331613 0.419495 0.020725 
0.002229 0.300535 0.001511 0.605714 0.090011 
0.076434 0.000622 0.443652 0.467242 0.012051 
0.122516 0.444660 0.094757 0.249719 0.088349 
0.049716 0.459114 0.026381 0.396870 0.067919 
0.064160 0.393185 0.041420 0.395477 0.105759 
0.002359 0.055359 0.614753 0.001383 0.326146 
0.020684 0.317435 0.030127 0.498457 0.133297 
0.178937 0.107242 0.486541 0.221793 0.005486 
0.111916 0.054673 0.563092 0.261652 0.008667 
0.099929 0.000259 0.000395 0.752153 0.147264 
0.000858 0.238343 0.011206 0.596233 0.153359 
0.134608 0.010256 0.001843 0.672754 0.180540 
0.044993 0.002397 0.002119 0.773660 0.176831 
0.071404 0.025146 0.655205 0.245612 0.002633 
0.028460 0.016525 0.737619 0.215795 0.001602 
0.237737 0.002806 0.347728 0.411054 0.000674 
0.082172 0.508963 0.007366 0.261719 0.139781 
0.072682 0.424944 0.014226 0.294097 0.194051 
0.190471 0.527191 0.057551 0.108214 0.116573 
0.167988 0.464961 0.069843 0.141781 0.155427 
0.149465 0.419297 0.060989 0.173496 0.196753 
0.052437 0.345245 0.031276 0.192554 0.378487 
0.119227 0.380425 0.039995 0.216684 0.243669 
0.076756 0.414000 0.066860 0.137995 0.304389 
0.465851 0.328805 0.202989 0.000684 0.001671 
0.273180 0.454066 0.115785 0.075243 0.081726 
0.006393 0.266483 0.018985 0.147906 0.560233 
0.000120 0.087113 0.217793 0.677906 0.017068 
0.003240 0.587286 0.180250 0.173828 0.055396 
0.057038 0.005996 0.000569 0.813765 0.122632 
0.002940 0.460683 0.206626 0.227400 0.102350 
0.003667 0.375997 0.199671 0.272177 0.148488 
0.002653 0.352033 0.165173 0.302631 0.177511 
0.024769 0.420895 0.120605 0.305650 0.128081 
0.036779 0.571488 0.083985 0.240936 0.066812 
0.223727 0.024846 0.570833 0.114727 0.065868 
0.066005 0.428162 0.081989 0.351048 0.072796 
0.044618 0.434513 0.043046 0.389938 0.087885 
0.263613 0.040624 0.335779 0.354026 0.005958 
0.045273 0.438083 0.141142 0.330702 0.044801 
0.005719 0.223049 0.145321 0.510975 0.114935 
0.450831 0.066717 0.425778 0.056343 0.000331 
0.489400 0.073157 0.388309 0.042716 0.006418 
0.068796 0.361151 0.513552 0.039377 0.017124 
0.406342 0.447189 0.139574 0.006481 0.000415 
0.742909 0.051076 0.038362 0.068691 0.098962 
0.643514 0.030084 0.092126 0.119101 0.115175 
0.163831 0.322370 0.176011 0.140229 0.197559 
0.187280 0.212697 0.325068 0.032355 0.242599 
0.279551 0.149642 0.518068 0.040101 0.012638 
0.373973 0.040240 0.210326 0.333702 0.041760 
0.005981 0.701116 0.105747 0.033677 0.153480 
0.176111 0.059621 0.620821 0.000637 0.142810 
0.551256 0.162175 0.106075 0.180440 0.000054 
0.070323 0.074757 0.002978 0.732211 0.119732 
0.077865 0.444037 0.148135 0.080995 0.248968 
0.096186 0.002919 0.388932 0.489012 0.022951 
0.012278 0.523887 0.174774 0.010245 0.278816 
0.045373 0.276062 0.071519 0.226196 0.380850 
0.000824 0.004329 0.682074 0.132794 0.179979 
0.075040 0.043327 0.135016 0.650928 0.095690 
0.187978 0.044759 0.076222 0.645149 0.045891 
0.040705 0.000002 0.570781 0.255982 0.132529 
0.024588 0.068872 0.023431 0.812816 0.070294 
0.006469 0.100573 0.850163 0.002193 0.040603 
0.014772 0.362649 0.595312 0.023536 0.003731 
0.057205 0.274857 0.535766 0.091513 0.040659 
0.077842 0.230081 0.432256 0.193897 0.065926 
0.146510 0.637789 0.057964 0.094119 0.063618 
0.141960 0.717449 0.027377 0.050568 0.062647 
0.271852 0.682634 0.038426 0.007001 0.000087 
0.003294 0.004687 0.161967 0.543388 0.286665 
0.004972 0.198860 0.569783 0.151018 0.075367 
0.083666 0.534749 0.138463 0.195622 0.047501 
0.054739 0.405149 0.148694 0.274280 0.117137 
0.016464 0.144538 0.441933 0.287576 0.109489 
0.209839 0.210744 0.185914 0.257604 0.135899 
0.132274 0.142228 0.280790 0.295685 0.149023 
0.044322 0.077301 0.268067 0.399534 0.210775 
0.009499 0.052448 0.400571 0.453413 0.084069 
0.066202 0.000554 0.005153 0.855448 0.072643 
0.036209 0.815509 0.043526 0.003386 0.101370 
0.151497 0.002792 0.004352 0.574676 0.266683 
0.053670 0.017433 0.788501 0.135424 0.004972 
0.026469 0.358159 0.096392 0.514024 0.004956 
0.398408 0.027265 0.357555 0.178276 0.038497 
0.287517 0.012140 0.373184 0.240825 0.086333 
0.267357 0.000943 0.318636 0.313214 0.099850 
0.156035 0.433498 0.246458 0.000003 0.164005 
0.029270 0.128045 0.112877 0.124600 0.605208 
0.034143 0.318742 0.477510 0.036703 0.132902 
0.014528 0.409252 0.229315 0.295840 0.051066 
0.057552 0.007712 0.885320 0.015983 0.033433 
0.029166 0.290704 0.088295 0.444816 0.147019 
0.021166 0.230533 0.124250 0.472700 0.151352 
0.002454 0.160840 0.048331 0.501749 0.286627 
0.116106 0.050000 0.568023 0.262573 0.003299 
0.102952 0.008173 0.494797 0.392912 0.001166 
0.076216 0.016708 0.549258 0.343622 0.014195 
0.017750 0.224440 0.035277 0.443518 0.279015 
0.036774 0.028008 0.738038 0.195230 0.001950 
0.015628 0.009592 0.748502 0.222030 0.004248 
0.038009 0.011457 0.674973 0.269648 0.005913 
0.063309 0.025489 0.264502 0.623336 0.023364 
0.016217 0.331943 0.000755 0.604669 0.046416 
0.003256 0.356873 0.059059 0.474521 0.106291 
0.004055 0.296727 0.061194 0.504804 0.133219 
0.024707 0.429140 0.005445 0.498324 0.042384 
0.150181 0.005628 0.001541 0.733934 0.108715 
0.009456 0.512088 0.017953 0.410424 0.050079 
0.000899 0.592503 0.015887 0.352059 0.038652 
0.006256 0.641573 0.034054 0.279143 0.038974 
0.000201 0.200487 0.006604 0.792548 0.000160 
0.080850 0.001629 0.157061 0.592568 0.167893 
0.018358 0.027345 0.029099 0.812291 0.112907 
0.097134 0.021944 0.101801 0.651852 0.127269 
0.000135 0.229015 0.272406 0.371857 0.126587 
0.118618 0.000593 0.200636 0.488171 0.191983 
0.190706 0.009399 0.489679 0.187904 0.122312 
0.072201 0.430295 0.185488 0.038267 0.273750 
0.106754 0.634241 0.104537 0.001737 0.152731 
0.137345 0.003859 0.364291 0.259834 0.234671 
0.106479 0.000284 0.338581 0.266363 0.288293 
0.218700 0.019019 0.384906 0.185540 0.191835 
0.030135 0.218523 0.019498 0.258741 0.473103 
0.045489 0.329864 0.003441 0.244785 0.376421 
0.011347 0.128807 0.013259 0.267015 0.579570 
0.008306 0.009664 0.149366 0.353571 0.479094 
0.056534 0.003751 0.201808 0.347775 0.390132 
0.043151 0.085794 0.406440 0.305623 0.158992 
0.017679 0.491015 0.220519 0.228210 0.042577 
0.010961 0.008919 0.147814 0.705534 0.126772 
0.078720 0.028583 0.278282 0.560119 0.054296 
0.023426 0.000380 0.399259 0.552846 0.024088 
0.012834 0.108967 0.002535 0.720024 0.155640 
0.037475 0.572066 0.034791 0.100161 0.255507 
0.015943 0.005653 0.447507 0.498959 0.031938 
0.143708 0.076610 0.258832 0.471490 0.049360 
0.011986 0.034620 0.373081 0.507132 0.073181 
0.010119 0.078286 0.353674 0.442631 0.115290 
0.014561 0.001834 0.655108 0.316593 0.011904 
0.024417 0.197330 0.191337 0.366592 0.220324 
0.069428 0.180794 0.000341 0.550055 0.199382 
0.009223 0.041096 0.219735 0.593661 0.136285 
0.099385 0.190038 0.000791 0.500025 0.209762 
0.048389 0.097447 0.011737 0.514184 0.328242 
0.023935 0.103246 0.011789 0.595288 0.265741 
0.003505 0.135846 0.209570 0.443994 0.207084 
0.182272 0.182798 0.140297 0.427622 0.067011 
0.012339 0.332446 0.332939 0.167278 0.154999 
0.088842 0.089272 0.082603 0.630296 0.108988 
0.045225 0.683877 0.058793 0.183121 0.028984 
0.001662 0.149473 0.086995 0.594756 0.167114 
0.069769 0.001718 0.069701 0.741067 0.117745 
0.003516 0.276627 0.393645 0.022785 0.303426 
0.000244 0.290370 0.284221 0.008797 0.416368 
0.070730 0.259231 0.019877 0.076721 0.573441 
0.045963 0.374166 0.395785 0.179726 0.004360 
0.021854 0.077224 0.029781 0.397633 0.473507 
0.100067 0.235338 0.383849 0.160967 0.119780 
0.007866 0.372417 0.065969 0.421795 0.131953 
0.021196 0.071805 0.753055 0.044504 0.109439 
0.066150 0.152757 0.654240 0.077379 0.049474 
0.042385 0.189300 0.162584 0.349892 0.255839 
0.008829 0.235338 0.077285 0.538914 0.139634 
0.481361 0.087900 0.378160 0.051445 0.001133 
0.008952 0.365705 0.108804 0.359190 0.157349 
0.000002 0.312344 0.122150 0.377555 0.187950 
0.227893 0.044465 0.000032 0.591124 0.136486 
0.014761 0.036569 0.910487 0.020100 0.018084 
0.020937 0.083234 0.371549 0.007634 0.516645 
0.176545 0.452466 0.211596 0.002915 0.156477 
0.252071 0.213369 0.004283 0.294420 0.235857 
0.128267 0.005059 0.596763 0.143058 0.126852 
0.250939 0.003385 0.325285 0.239423 0.180968 
0.252093 0.015387 0.399438 0.192814 0.140269 
0.147431 0.024510 0.610239 0.115771 0.102050 
0.060367 0.857061 0.010498 0.002900 0.069174 
0.002092 0.004831 0.062918 0.930098 0.000061 
0.053265 0.027073 0.738287 0.092578 0.088797 
0.019445 0.844441 0.038311 0.000136 0.097667 
0.131796 0.425370 0.222091 0.017002 0.203741 
0.008164 0.076749 0.238077 0.664105 0.012904 
0.022922 0.003296 0.752711 0.112787 0.108285 
0.004048 0.809284 0.058006 0.001183 0.127479 
0.016490 0.694957 0.146842 0.000160 0.141551 
0.047885 0.413962 0.252088 0.039540 0.246525 
0.225485 0.124258 0.009594 0.402786 0.237877 
0.167607 0.197637 0.008552 0.323393 0.302811 
0.050804 0.144043 0.015422 0.407340 0.382390 
0.001255 0.722484 0.086666 0.011568 0.178027 
0.002313 0.611760 0.073289 0.059107 0.253530 
0.019098 0.370364 0.204675 0.081445 0.324418 
0.005072 0.006230 0.116349 0.605996 0.266354 
0.008942 0.155182 0.532310 0.000526 0.303039 
0.098458 0.288747 0.337946 0.021144 0.253704 
0.014113 0.165084 0.319717 0.037203 0.463883 
0.000001 0.467217 0.003985 0.122839 0.405958 
0.093263 0.404338 0.499507 0.002042 0.000850 
0.115583 0.043468 0.538847 0.299004 0.003099 
0.000001 0.031823 0.000039 0.816674 0.151463 
0.000001 0.051292 0.016047 0.719713 0.212947 
0.598386 0.000335 0.247231 0.121115 0.032934 
0.274213 0.169843 0.286771 0.269023 0.000151 
0.187871 0.453732 0.185367 0.031455 0.141574 
0.215472 0.444027 0.196846 0.043329 0.100325 
0.207952 0.454625 0.188243 0.032265 0.116916 
0.127886 0.392438 0.211730 0.000235 0.267711 
0.103390 0.479214 0.101772 0.088684 0.226939 
0.059148 0.348066 0.110124 0.048227 0.434436 
0.083365 0.318474 0.174907 0.355577 0.067678 
0.034168 0.252057 0.111476 0.544207 0.058092 
0.073583 0.029609 0.571851 0.090414 0.234543 
0.296415 0.037960 0.456570 0.108933 0.100121 
0.351510 0.188281 0.453791 0.005861 0.000557 
0.147311 0.024641 0.479493 0.121609 0.226946 
0.333247 0.198136 0.447245 0.020515 0.000856 
0.275770 0.249909 0.375976 0.095097 0.003247 
0.268017 0.094515 0.595405 0.010602 0.031462 
0.227671 0.185859 0.474848 0.088969 0.022652 
0.001318 0.029039 0.849734 0.001261 0.118648 
0.009143 0.757248 0.012985 0.209983 0.010642 
0.254745 0.002651 0.224398 0.486892 0.031314 
0.080143 0.124228 0.088666 0.064157 0.642806 
0.294866 0.055673 0.151333 0.008927 0.489201 
0.003682 0.107481 0.001117 0.228686 0.659033 
0.007055 0.309942 0.529591 0.000538 0.152874 
0.014851 0.012634 0.696402 0.001245 0.274869 
0.003322 0.042174 0.055511 0.530425 0.368569 
0.235442 0.016651 0.111505 0.166377 0.470025 
0.043666 0.082852 0.214912 0.072990 0.585579 
0.052162 0.068676 0.093940 0.130048 0.655174 
0.040741 0.101065 0.101141 0.144916 0.612137 
0.001120 0.299266 0.268575 0.044890 0.386149 
0.013173 0.229279 0.375100 0.024232 0.358215 
0.006644 0.222724 0.252534 0.058221 0.459877 
0.044928 0.087447 0.003159 0.519620 0.344846 
0.030580 0.141986 0.825121 0.001923 0.000391 
0.000584 0.404691 0.083582 0.089639 0.421504 
0.016829 0.049716 0.116433 0.508109 0.308913 
0.056546 0.074532 0.217716 0.178942 0.472265 
0.032559 0.081039 0.475005 0.197431 0.213966 
0.010493 0.124906 0.521632 0.051542 0.291426 
0.078291 0.049835 0.477306 0.233275 0.161294 
0.026230 0.449831 0.183797 0.068889 0.271254 
0.023017 0.554441 0.141007 0.060207 0.221328 
0.068146 0.384126 0.012498 0.291199 0.244032 
0.007152 0.038581 0.095821 0.841674 0.016771 
0.048129 0.003276 0.842033 0.026698 0.079865 
0.024037 0.858830 0.012863 0.005619 0.098651 
0.001726 0.658147 0.088993 0.070612 0.180522 
0.000943 0.478061 0.117568 0.123804 0.279624 
0.070904 0.094291 0.003763 0.478789 0.352253 
0.096985 0.054499 0.000478 0.407974 0.440064 
0.006554 0.000416 0.000273 0.357586 0.635171 
0.167241 0.003615 0.009199 0.248268 0.571677 
0.035386 0.059285 0.000844 0.516676 0.387810 
0.004550 0.017389 0.030307 0.466249 0.481505 
0.004461 0.698368 0.214540 0.082631 0.000001 
0.179251 0.382698 0.000171 0.242845 0.195035 
0.024364 0.348263 0.016923 0.331461 0.278989 
0.178800 0.505495 0.130174 0.184699 0.000832 
0.000034 0.003664 0.242924 0.529619 0.223759 
0.008086 0.071113 0.053486 0.233347 0.633969 
0.006724 0.075572 0.004827 0.402334 0.510542 
0.016365 0.376003 0.226548 0.046737 0.334347 
0.001468 0.217733 0.022546 0.409692 0.348561 
0.000034 0.256352 0.097221 0.211467 0.434926 
0.000010 0.357619 0.082451 0.188086 0.371833 
0.008948 0.218312 0.059464 0.342536 0.370741 
0.002391 0.165845 0.791212 0.022818 0.017734 
0.577543 0.140349 0.272873 0.007606 0.001629 
0.026166 0.199407 0.168778 0.124217 0.481431 
0.650487 0.170713 0.019693 0.140682 0.018425 
0.403651 0.401670 0.018328 0.109111 0.067241 
0.282877 0.570627 0.026037 0.040754 0.079706 
0.232991 0.603701 0.032871 0.038872 0.091566 
0.180758 0.661356 0.050105 0.020345 0.087437 
0.077631 0.793943 0.061387 0.000395 0.066643 
0.041578 0.617061 0.206239 0.019325 0.115797 
0.000969 0.487291 0.390732 0.026570 0.094437 
0.232423 0.614037 0.034957 0.061316 0.057267 
0.049697 0.833628 0.088362 0.026950 0.001362 
0.227741 0.661120 0.020347 0.043480 0.047312 
0.164972 0.668560 0.050693 0.055799 0.059976 
0.119975 0.669476 0.088434 0.063178 0.058937 
0.057181 0.699628 0.154648 0.040446 0.048098 
0.012649 0.646020 0.294578 0.025776 0.020977 
0.461103 0.520796 0.013953 0.002548 0.001600 
0.293927 0.667342 0.008320 0.029635 0.000777 
0.181317 0.741359 0.004803 0.064217 0.008304 
0.101475 0.811949 0.001507 0.068726 0.016344 
0.071635 0.803492 0.097150 0.006543 0.021180 
0.030486 0.636625 0.172218 0.117499 0.043172 
0.017925 0.518502 0.199470 0.225918 0.038186 
0.001309 0.410618 0.181030 0.392131 0.014912 
0.327717 0.161054 0.500960 0.010014 0.000254 
0.278424 0.148864 0.559042 0.008508 0.005163 
0.220975 0.129497 0.609609 0.007991 0.031928 
0.192142 0.153741 0.597051 0.012439 0.044627 
0.155937 0.152337 0.603719 0.014453 0.073554 
0.134878 0.139165 0.642088 0.006096 0.077773 
0.097881 0.124622 0.684857 0.092633 0.000007 
0.088404 0.126439 0.681479 0.097231 0.006447 
0.016920 0.021961 0.051105 0.862735 0.047279 
0.461408 0.246869 0.135832 0.001249 0.154642 
0.477822 0.185148 0.005526 0.188656 0.142848 
0.496064 0.000025 0.490798 0.011894 0.001219 
0.441766 0.056731 0.000800 0.497660 0.003043 
0.000123 0.606067 0.243251 0.002194 0.148365 
0.041044 0.012181 0.601235 0.293229 0.052311 
0.102338 0.033161 0.523365 0.335258 0.005878 
0.188957 0.003135 0.042428 0.427900 0.337580 
0.301491 0.023550 0.028054 0.295657 0.351248 
0.498721 0.034686 0.002898 0.149542 0.314153 
0.330190 0.026222 0.106607 0.501923 0.035058 
0.629391 0.136913 0.005434 0.100981 0.127281 
0.520336 0.230252 0.057522 0.191193 0.000697 
0.416978 0.363528 0.007365 0.016088 0.196041 
0.335104 0.438455 0.016955 0.002033 0.207452 
0.139649 0.591438 0.106561 0.045330 0.117023 
0.076231 0.399239 0.270367 0.174567 0.079596 
0.128265 0.586762 0.054101 0.178267 0.052605 
0.095832 0.546830 0.098800 0.161871 0.096666 
0.011427 0.022610 0.826421 0.012590 0.126952 
0.015210 0.006449 0.863103 0.007781 0.107458 
0.043014 0.003601 0.861672 0.009728 0.081985 
0.245620 0.082774 0.583442 0.032652 0.055512 
0.532340 0.201695 0.223823 0.004119 0.038024 
0.595762 0.208467 0.153188 0.000030 0.042554 
0.627232 0.203144 0.057775 0.101767 0.010081 
0.648054 0.184931 0.027785 0.125138 0.014093 
0.428805 0.001173 0.549424 0.000158 0.020440 
0.575977 0.015891 0.010784 0.394382 0.002966 
0.030756 0.189670 0.562981 0.193868 0.022725 
0.002786 0.015855 0.151130 0.396396 0.433833 
0.021558 0.745967 0.209152 0.011142 0.012181 
0.000263 0.059441 0.649839 0.286881 0.003576 
0.025927 0.001236 0.069233 0.482001 0.421603 
0.114248 0.000111 0.044325 0.254951 0.586365 
0.194309 0.009333 0.041522 0.205544 0.549292 
0.259778 0.050052 0.028661 0.141876 0.519633 
0.293496 0.058865 0.008711 0.096259 0.542669 
0.550862 0.000047 0.045827 0.006461 0.396803 
0.195927 0.020141 0.028429 0.681430 0.074073 
0.083781 0.566855 0.004090 0.345227 0.000047 
0.047355 0.594524 0.093885 0.048661 0.215575 
0.058634 0.524857 0.002293 0.359227 0.054989 
0.034489 0.559847 0.007158 0.318698 0.079809 
0.041595 0.559083 0.110448 0.149528 0.139345 
0.398284 0.113081 0.112341 0.004459 0.371835 
0.000041 0.031933 0.621921 0.058623 0.287481 
0.190019 0.153662 0.504879 0.080752 0.070688 
0.203454 0.265114 0.389051 0.099843 0.042538 
0.488939 0.462892 0.046165 0.001981 0.000023 
0.537910 0.429517 0.022434 0.007880 0.002259 
0.540677 0.400403 0.000171 0.045805 0.012943 
0.649129 0.237622 0.008616 0.086525 0.018108 
0.406044 0.505621 0.010600 0.037028 0.040707 
0.530366 0.341048 0.002584 0.093297 0.032705 
0.711186 0.092877 0.053718 0.088222 0.053996 
0.631845 0.208103 0.007455 0.150930 0.001667 
0.299922 0.062552 0.003200 0.057662 0.576663 
0.324837 0.057758 0.007924 0.092349 0.517131 
0.317500 0.034329 0.026678 0.233720 0.387773 
0.605680 0.245560 0.087568 0.056978 0.004214 
0.642777 0.202818 0.030614 0.108335 0.015456 
0.636784 0.235856 0.032505 0.083150 0.011705 
0.615096 0.307204 0.028522 0.041068 0.008109 
0.613353 0.298679 0.003447 0.067217 0.017303 
0.594854 0.344987 0.007701 0.043351 0.009107 
0.609630 0.246744 0.107397 0.000046 0.036184 
0.003879 0.006380 0.724849 0.082080 0.182813 
0.052859 0.351088 0.044297 0.535392 0.016364 
0.107905 0.514033 0.175811 0.094708 0.107544 
0.257046 0.013357 0.702842 0.008724 0.018031 
0.871865 0.053617 0.018397 0.039854 0.016266 
0.021899 0.135049 0.587322 0.239550 0.016181 
0.371811 0.052540 0.013580 0.103342 0.458727 
0.298313 0.057379 0.011634 0.103701 0.528973 
0.613999 0.000112 0.052177 0.000012 0.333701 
0.447345 0.149034 0.397374 0.004253 0.001995 
0.410703 0.264620 0.292304 0.027995 0.004379 
0.538524 0.262702 0.171382 0.007395 0.019996 
0.012220 0.003696 0.832597 0.021698 0.129789 
0.024809 0.030348 0.763005 0.062897 0.118941 
0.011772 0.015660 0.727116 0.081947 0.163505 
0.236577 0.708252 0.030020 0.006381 0.018769 
0.272710 0.622074 0.026669 0.022800 0.055747 
0.463354 0.526160 0.004432 0.003287 0.002767 
0.498524 0.401440 0.004510 0.065977 0.029549 
0.231656 0.552039 0.000684 0.215146 0.000475 
0.044301 0.587153 0.068537 0.186898 0.113111 
0.038789 0.482324 0.226934 0.092701 0.159251 
0.233095 0.532470 0.049817 0.008701 0.175916 
0.139684 0.599847 0.051135 0.005840 0.203494 
0.317284 0.238047 0.055330 0.358199 0.031140 
0.041992 0.499708 0.204747 0.095076 0.158477 
0.351112 0.014603 0.628586 0.002156 0.003543 
0.653728 0.019735 0.030395 0.285412 0.010730 
0.412777 0.508826 0.012832 0.000437 0.065128 
0.370944 0.594186 0.000877 0.000511 0.033482 
0.464502 0.000006 0.277058 0.119102 0.139332 
0.740992 0.022689 0.211255 0.020167 0.004897 
0.689072 0.020086 0.072448 0.179192 0.039202 
0.244810 0.063771 0.210877 0.365547 0.114995 
0.000185 0.051995 0.618148 0.328192 0.001480 
0.020464 0.001423 0.070041 0.512112 0.395961 
0.129759 0.000021 0.046557 0.479663 0.344000 
0.506260 0.067986 0.002827 0.419669 0.003257 
0.259336 0.051570 0.027904 0.138130 0.523060 
0.236565 0.024353 0.037497 0.185620 0.515966 
0.291247 0.058414 0.010464 0.101366 0.538510 
0.318426 0.059733 0.004685 0.082346 0.534811 
0.328945 0.058811 0.004613 0.081075 0.526556 
0.608677 0.335726 0.039645 0.015779 0.000172 
0.577669 0.018421 0.169349 0.016877 0.217684 
0.487029 0.243075 0.250447 0.018058 0.001392 
0.297688 0.194691 0.409166 0.068838 0.029616 
0.533993 0.373035 0.086153 0.006205 0.000614 
0.478433 0.215273 0.281372 0.010685 0.014236 
0.002317 0.000975 0.835435 0.017045 0.144228 
0.000299 0.002232 0.667230 0.091638 0.238602 
0.009439 0.098014 0.682661 0.026727 0.183158 
0.003266 0.414505 0.310333 0.201778 0.070118 
0.302649 0.442194 0.032678 0.199920 0.022559 
0.304923 0.639163 0.016842 0.007265 0.031806 
0.203317 0.701447 0.030071 0.011711 0.053454 
0.466951 0.513321 0.017216 0.001426 0.001086 
0.354737 0.497797 0.021341 0.060906 0.065219 
0.108989 0.756572 0.072801 0.005345 0.056293 
0.069982 0.741149 0.119801 0.013623 0.055445 
0.438777 0.324257 0.002288 0.190666 0.044014 
0.407139 0.379860 0.002813 0.158227 0.051960 
0.166751 0.581052 0.023740 0.205841 0.022616 
0.055262 0.521133 0.155425 0.115789 0.152392 
0.076763 0.577881 0.046246 0.220805 0.078306 
0.024940 0.519494 0.145323 0.106542 0.203700 
0.016484 0.418107 0.300370 0.057780 0.207259 
0.105446 0.615190 0.091516 0.027683 0.160165 
0.352910 0.182526 0.095921 0.326407 0.042236 
0.256080 0.423649 0.000951 0.000006 0.319313 
0.200159 0.499199 0.022959 0.276350 0.001333 
0.049463 0.849202 0.007315 0.077739 0.016281 
0.026354 0.784680 0.009354 0.097538 0.082074 
0.052556 0.009231 0.107252 0.770718 0.060243 
0.067364 0.000750 0.123538 0.737192 0.071156 
0.064913 0.013208 0.908846 0.010799 0.002234 
0.024285 0.058335 0.061950 0.810987 0.044443 
0.337430 0.038528 0.007720 0.615924 0.000399 
0.004929 0.155094 0.047033 0.782696 0.010248 
0.527260 0.398011 0.023442 0.000342 0.050944 
0.590594 0.000790 0.332969 0.031872 0.043777 
0.055385 0.687406 0.242577 0.013870 0.000762 
0.825204 0.078171 0.051789 0.028517 0.016318 
0.560218 0.147744 0.029506 0.150740 0.111792 
0.629797 0.123591 0.046763 0.118639 0.081210 
0.908928 0.056739 0.024787 0.007888 0.001659 
0.286884 0.046031 0.020765 0.610098 0.036222 
0.038324 0.061436 0.236453 0.184700 0.479086 
0.029630 0.074442 0.258328 0.196815 0.440785 
0.041052 0.000055 0.058936 0.411535 0.488421 
0.081041 0.000109 0.043449 0.300620 0.574781 
0.083641 0.001304 0.043630 0.058873 0.812552 
0.189063 0.000120 0.055827 0.010885 0.744105 
0.236068 0.027300 0.036034 0.178375 0.522223 
0.096713 0.000118 0.046892 0.235948 0.620329 
0.294919 0.055368 0.018723 0.120556 0.510435 
0.261601 0.045860 0.030378 0.150378 0.511783 
0.344470 0.032973 0.025623 0.224484 0.372449 
0.143379 0.601667 0.090944 0.148222 0.015789 
0.076912 0.731636 0.111990 0.077802 0.001660 
0.100600 0.109777 0.519807 0.140994 0.128823 
0.004116 0.158567 0.587611 0.026749 0.222956 
0.424102 0.000118 0.395877 0.017068 0.162835 
0.263251 0.708689 0.010723 0.000771 0.016566 
0.148023 0.792187 0.036411 0.000006 0.023372 
0.113524 0.735244 0.084856 0.021480 0.044897 
0.080879 0.673356 0.151800 0.043591 0.050374 
0.109187 0.705698 0.088823 0.053199 0.043093 
0.118832 0.740263 0.067721 0.058334 0.014851 
0.065866 0.564616 0.179802 0.160851 0.028864 
0.085130 0.625643 0.159574 0.082849 0.046804 
0.173720 0.698015 0.061262 0.039764 0.027239 
0.095834 0.626818 0.141871 0.097938 0.037538 
0.114348 0.674764 0.066147 0.007689 0.137052 
0.068775 0.616444 0.113738 0.002778 0.198265 
0.084820 0.658278 0.117178 0.121841 0.017884 
0.017127 0.439476 0.205588 0.337783 0.000026 
0.029203 0.488729 0.245378 0.227902 0.008789 
0.025479 0.455519 0.234796 0.278249 0.005958 
0.056938 0.566632 0.228423 0.109405 0.038603 
0.004822 0.333269 0.260765 0.000323 0.400823 
0.241959 0.293717 0.004790 0.459353 0.000180 
0.420846 0.427792 0.005237 0.119928 0.026195 
0.358887 0.281055 0.310021 0.040585 0.009452 
0.117595 0.432706 0.002677 0.428540 0.018482 
0.220859 0.250126 0.511633 0.004534 0.012849 
0.035444 0.013735 0.079042 0.823807 0.047973 
0.060419 0.106840 0.762878 0.069180 0.000683 
0.076658 0.000005 0.129394 0.718114 0.075829 
0.651967 0.033120 0.046460 0.268401 0.000053 
0.013539 0.110979 0.053072 0.796038 0.026373 
0.000549 0.475935 0.058479 0.048850 0.416187 
0.054476 0.656231 0.279153 0.010140 0.000000 
0.847118 0.095257 0.037677 0.013890 0.006059 
0.582641 0.157649 0.016152 0.139886 0.103672 
0.740892 0.102591 0.019763 0.085114 0.051641 
0.843542 0.041022 0.063547 0.037128 0.014762 
0.822015 0.113093 0.037261 0.018456 0.009176 
0.907831 0.076126 0.013563 0.000177 0.002302 
0.260343 0.449105 0.004964 0.126940 0.158647 
0.181400 0.005622 0.132265 0.000216 0.680495 
0.015617 0.001477 0.072667 0.499431 0.410808 
0.048043 0.000096 0.047697 0.395284 0.508879 
0.231166 0.010436 0.042415 0.378509 0.337474 
0.568368 0.057568 0.004013 0.366804 0.003246 
0.457178 0.056335 0.000009 0.037612 0.448866 
0.414394 0.051063 0.010685 0.093271 0.430587 
0.239683 0.024147 0.037181 0.187376 0.511612 
0.216707 0.061177 0.012327 0.060043 0.649746 
0.089105 0.041081 0.026566 0.089384 0.753864 
0.225285 0.024109 0.035749 0.176964 0.537893 
0.166664 0.003614 0.043262 0.214155 0.572304 
0.208357 0.024910 0.035860 0.177512 0.553361 
0.109703 0.000114 0.045522 0.242458 0.602202 
0.050768 0.000104 0.051220 0.351452 0.546457 
0.428140 0.040487 0.016273 0.156986 0.358115 
0.001613 0.016426 0.743097 0.035138 0.203726 
0.019700 0.611341 0.000540 0.337960 0.030459 
0.001698 0.542969 0.371468 0.076811 0.007054 
0.211740 0.676553 0.022883 0.058672 0.030153 
0.121282 0.689667 0.079559 0.095011 0.014480 
0.239932 0.568671 0.044758 0.097247 0.049393 
0.035059 0.777706 0.140045 0.046886 0.000304 
0.007354 0.011896 0.440414 0.160316 0.380020 
0.113084 0.438026 0.416280 0.000162 0.032448 
0.339067 0.640494 0.005909 0.003645 0.010884 
0.324319 0.655427 0.003650 0.006402 0.010203 
0.031608 0.543947 0.162513 0.000424 0.261508 
0.049407 0.564515 0.180976 0.196280 0.008823 
0.006275 0.423751 0.168290 0.000794 0.400890 
0.013478 0.518446 0.315188 0.118484 0.034404 
0.000141 0.450642 0.362041 0.179493 0.007683 
0.462231 0.224551 0.110667 0.008620 0.193931 
0.143354 0.191966 0.591456 0.009596 0.063627 
0.118787 0.186892 0.628581 0.001067 0.064674 
0.188112 0.185914 0.574304 0.010741 0.040929 
0.212608 0.181483 0.572237 0.006155 0.027517 
0.299251 0.182001 0.511721 0.006811 0.000216 
0.010360 0.022649 0.122024 0.842928 0.002040 
0.041122 0.013477 0.118793 0.782094 0.044514 
0.078284 0.127394 0.707335 0.085049 0.001937 
0.093977 0.143149 0.666841 0.093156 0.002878 
0.097417 0.147824 0.664660 0.089901 0.000197 
0.093767 0.148156 0.671358 0.086253 0.000465 
0.001374 0.054395 0.600789 0.343336 0.000106 
0.523805 0.218392 0.000824 0.125638 0.131340 
0.675117 0.017495 0.001120 0.300787 0.005481 
0.690793 0.051505 0.004878 0.248878 0.003945 
0.640933 0.047788 0.004526 0.303093 0.003661 
0.804590 0.001049 0.007681 0.180553 0.006127 
0.859997 0.015529 0.006621 0.112570 0.005282 
0.019908 0.761942 0.209825 0.003846 0.004479 
0.000285 0.048241 0.636957 0.306472 0.008045 
0.054182 0.652688 0.282195 0.010728 0.000207 
0.857864 0.121190 0.016358 0.004176 0.000412 
0.070824 0.022036 0.570183 0.314378 0.022580 
0.440846 0.225841 0.008012 0.003178 0.322123 
0.020983 0.366458 0.203267 0.215763 0.193529 
0.254354 0.104746 0.221471 0.284590 0.134840 
0.040519 0.000012 0.060344 0.423174 0.475951 
0.025862 0.000737 0.070576 0.441335 0.461489 
0.004277 0.000485 0.064828 0.562714 0.367697 
0.003236 0.000485 0.064896 0.563302 0.368081 
0.031594 0.068184 0.236612 0.212420 0.451190 
0.307385 0.035497 0.028096 0.194392 0.434631 
0.410192 0.050545 0.010576 0.102467 0.426219 
0.176805 0.067453 0.260216 0.465333 0.030193 
0.070520 0.010833 0.123429 0.140544 0.654675 
0.284144 0.060914 0.005751 0.057240 0.591951 
0.273558 0.057054 0.012002 0.104402 0.552983 
0.138465 0.000326 0.043074 0.248313 0.569821 
0.153559 0.003031 0.043976 0.217688 0.581746 
0.141007 0.002048 0.044681 0.221182 0.591082 
0.219599 0.025448 0.035309 0.174785 0.544860 
0.248244 0.050561 0.028133 0.139266 0.533796 
0.116815 0.000115 0.046043 0.227925 0.609101 
0.048252 0.000118 0.047180 0.280313 0.624136 
0.073653 0.000121 0.048089 0.241972 0.636166 
0.065527 0.000113 0.044954 0.294715 0.594691 
0.392090 0.558745 0.028357 0.019448 0.001360 
0.271807 0.636955 0.029626 0.060949 0.000663 
0.163758 0.662979 0.029525 0.137603 0.006135 
0.056597 0.657493 0.185550 0.067659 0.032701 
0.140070 0.669693 0.066951 0.083145 0.040141 
0.493588 0.415784 0.053433 0.014915 0.022280 
0.000799 0.626156 0.337824 0.027134 0.008087 
0.011702 0.681229 0.257880 0.047070 0.002119 
0.243877 0.514313 0.058116 0.139168 0.044526 
0.364075 0.478302 0.017168 0.079167 0.061288 
0.004126 0.026985 0.490862 0.193374 0.284653 
0.011082 0.000456 0.489039 0.159785 0.339639 
0.060046 0.373788 0.083327 0.007504 0.475335 
0.023288 0.376267 0.138126 0.001560 0.460759 
0.121721 0.323763 0.002963 0.026837 0.524716 
0.307339 0.153188 0.048229 0.000120 0.491123 
0.471289 0.034516 0.217641 0.010145 0.266409 
0.055977 0.366099 0.484993 0.022030 0.070901 
0.157430 0.409064 0.408165 0.001059 0.024282 
0.253470 0.206046 0.005524 0.530671 0.004288 
0.016687 0.534140 0.317621 0.061670 0.069882 
0.138755 0.240120 0.430664 0.130410 0.060050 
0.132739 0.170336 0.616411 0.005852 0.074663 
0.152942 0.168615 0.592126 0.014175 0.072142 
0.147594 0.206431 0.587198 0.005169 0.053608 
0.154680 0.174083 0.588894 0.012831 0.069513 
0.185356 0.197839 0.565891 0.010584 0.040330 
0.047846 0.772512 0.006494 0.149063 0.024085 
0.000123 0.085249 0.811386 0.043125 0.060117 
0.032463 0.064776 0.086163 0.773824 0.042774 
0.025655 0.053354 0.094208 0.794945 0.031838 
0.002963 0.160929 0.048803 0.781657 0.005648 
0.002259 0.321840 0.080089 0.031163 0.564649 
0.008774 0.843345 0.001843 0.069544 0.076494 
0.010411 0.887647 0.001278 0.047485 0.053180 
0.069595 0.792467 0.087042 0.048343 0.002552 
0.000206 0.057856 0.649888 0.277028 0.015022 
0.001952 0.068220 0.635798 0.286679 0.007351 
0.001097 0.051948 0.617584 0.327893 0.001478 
0.712903 0.001381 0.145526 0.068180 0.072010 
0.900098 0.015076 0.002136 0.082002 0.000688 
0.392536 0.002775 0.009663 0.531627 0.063399 
0.009475 0.496683 0.489401 0.002109 0.002332 
0.364342 0.298732 0.036025 0.025329 0.275571 
0.046029 0.262837 0.384201 0.301789 0.005144 
0.045203 0.258226 0.507579 0.162757 0.026235 
0.020553 0.739219 0.157828 0.080191 0.002209 
0.000266 0.532295 0.058382 0.312860 0.096197 
0.010741 0.001484 0.073027 0.501905 0.412843 
0.274979 0.087539 0.127307 0.266948 0.243227 
0.128170 0.000103 0.041221 0.285203 0.545303 
0.231065 0.046120 0.029001 0.143560 0.550254 
0.428139 0.040487 0.016273 0.156986 0.358115 
0.412013 0.049961 0.010454 0.106282 0.421290 
0.022251 0.497362 0.242508 0.203516 0.034363 
0.032366 0.582740 0.227297 0.119765 0.037833 
0.046525 0.719789 0.185657 0.039415 0.008614 
0.099836 0.798840 0.004250 0.080995 0.016080 
0.141417 0.728227 0.015668 0.108015 0.006672 
0.068896 0.812291 0.000994 0.113456 0.004363 
0.525210 0.426119 0.039515 0.008852 0.000304 
0.314403 0.491215 0.088725 0.105475 0.000182 
0.184244 0.707428 0.011104 0.089409 0.007815 
0.098963 0.658055 0.121327 0.085926 0.035730 
0.022193 0.656071 0.259676 0.048691 0.013369 
0.230276 0.703936 0.004138 0.059101 0.002549 
0.343947 0.612011 0.000878 0.018759 0.024405 
0.439371 0.482875 0.028301 0.017233 0.032220 
0.429412 0.470654 0.044952 0.044222 0.010761 
0.164676 0.689326 0.030676 0.106492 0.008830 
0.137673 0.667268 0.055929 0.125432 0.013698 
0.121995 0.620638 0.095325 0.151494 0.010548 
0.100223 0.627495 0.120235 0.137067 0.014980 
0.518711 0.414810 0.032467 0.004719 0.029294 
0.001244 0.562408 0.299099 0.123697 0.013553 
0.557430 0.357493 0.069500 0.010496 0.005082 
0.320747 0.411433 0.020655 0.241232 0.005933 
0.057073 0.692043 0.151915 0.098698 0.000271 
0.022800 0.664141 0.223158 0.089123 0.000778 
0.045103 0.051898 0.589247 0.142364 0.171388 
0.018115 0.052887 0.483322 0.200772 0.244904 
0.455975 0.072059 0.172169 0.006861 0.292936 
0.003602 0.566280 0.022097 0.232414 0.175607 
0.020310 0.364337 0.467750 0.034186 0.113417 
0.171981 0.434600 0.044437 0.347878 0.001103 
0.279553 0.396721 0.027293 0.292767 0.003666 
0.261223 0.352028 0.023175 0.361725 0.001848 
0.232458 0.430048 0.055317 0.263057 0.019119 
0.018467 0.532873 0.304994 0.088583 0.055082 
0.280598 0.582568 0.013238 0.057062 0.066533 
0.014329 0.535746 0.078059 0.114551 0.257315 
0.020255 0.565669 0.014307 0.036037 0.363732 
0.166303 0.395844 0.005883 0.408742 0.023228 
0.559417 0.141976 0.188345 0.011511 0.098751 
0.355512 0.029671 0.029835 0.449663 0.135319 
0.281577 0.090685 0.199862 0.406315 0.021561 
0.276052 0.212096 0.506119 0.004253 0.001480 
0.253319 0.154065 0.572710 0.007334 0.012572 
0.001922 0.368379 0.211335 0.405429 0.012935 
0.001005 0.783952 0.006216 0.038924 0.169903 
0.012225 0.711911 0.039132 0.069712 0.167020 
0.001222 0.065372 0.641642 0.285799 0.005964 
0.000092 0.058191 0.681593 0.244369 0.015755 
0.867728 0.054682 0.055746 0.010238 0.011606 
0.913843 0.001469 0.082332 0.000272 0.002084 
0.729513 0.035437 0.005726 0.224755 0.004568 
0.585046 0.139139 0.002959 0.270462 0.002394 
0.537642 0.059068 0.004256 0.228361 0.170674 
0.216748 0.133768 0.125727 0.425637 0.098119 
0.266598 0.248514 0.038032 0.411751 0.035105 
0.002897 0.035876 0.475738 0.468278 0.017210 
0.029135 0.183904 0.430641 0.354110 0.002211 
0.008296 0.088689 0.307769 0.198172 0.397074 
0.021979 0.000747 0.071529 0.438022 0.467722 
0.001332 0.000508 0.067947 0.544826 0.385387 
0.005119 0.001542 0.075856 0.488649 0.428835 
0.250143 0.012632 0.032003 0.334235 0.370988 
0.198466 0.003252 0.044645 0.398415 0.355222 
0.284865 0.024111 0.028722 0.302694 0.359609 
0.059688 0.000090 0.044292 0.423383 0.472548 
0.428139 0.040487 0.016273 0.156986 0.358115 
0.014291 0.417025 0.247983 0.297044 0.023657 
0.031409 0.691510 0.245301 0.029942 0.001838 
0.129410 0.688135 0.024569 0.154239 0.003648 
0.085933 0.690210 0.019201 0.203974 0.000682 
0.003040 0.370472 0.393937 0.145671 0.086880 
0.244684 0.488867 0.091152 0.175193 0.000104 
0.265938 0.543126 0.067755 0.122665 0.000517 
0.333171 0.593540 0.013237 0.055768 0.004284 
0.272974 0.534552 0.003589 0.041604 0.147280 
0.267869 0.591594 0.001337 0.018718 0.120482 
0.142487 0.606503 0.030527 0.005671 0.214812 
0.368248 0.475778 0.063105 0.090075 0.002794 
0.239311 0.285052 0.255295 0.218316 0.002027 
0.212585 0.380440 0.007484 0.142766 0.256725 
0.160311 0.507327 0.091618 0.229597 0.011147 
0.218149 0.467858 0.073401 0.205927 0.034667 
0.054202 0.532832 0.191448 0.207223 0.014295 
0.026864 0.406052 0.211041 0.299613 0.056430 
0.038807 0.344286 0.179672 0.367031 0.070204 
0.399833 0.351959 0.001411 0.243716 0.003080 
0.361034 0.327449 0.001953 0.308943 0.000622 
0.006043 0.472273 0.292342 0.218870 0.010471 
0.140593 0.495320 0.062646 0.300413 0.001027 
0.108824 0.492866 0.089258 0.306811 0.002241 
0.156947 0.713013 0.028865 0.019338 0.081837 
0.111616 0.582701 0.030581 0.072047 0.203054 
0.132606 0.782505 0.027468 0.000199 0.057222 
0.196722 0.250491 0.532855 0.019895 0.000037 
0.424873 0.053308 0.306836 0.199302 0.015682 
0.189135 0.247204 0.013094 0.489716 0.060851 
0.163061 0.079379 0.714671 0.032232 0.010657 
0.383441 0.006095 0.040191 0.368428 0.201844 
0.194579 0.267729 0.516238 0.002713 0.018741 
0.184423 0.332189 0.004017 0.472588 0.006783 
0.169953 0.237703 0.559733 0.002223 0.030388 
0.141223 0.224461 0.589038 0.001748 0.043530 
0.001701 0.325997 0.230056 0.430799 0.011447 
0.001111 0.348390 0.193851 0.443996 0.012652 
0.012428 0.135237 0.742945 0.076267 0.033123 
0.041342 0.667494 0.043730 0.128799 0.118636 
0.034824 0.853750 0.016495 0.060186 0.034745 
0.892777 0.024801 0.070600 0.005345 0.006477 
0.910970 0.009537 0.072038 0.002077 0.005377 
0.848503 0.124564 0.011187 0.013847 0.001899 
0.481828 0.117902 0.135575 0.247971 0.016724 
0.151215 0.376305 0.372865 0.099369 0.000246 
0.011585 0.090259 0.313216 0.165828 0.419112 
0.015193 0.001526 0.075088 0.483701 0.424492 
0.021427 0.000810 0.077493 0.393550 0.506720 
0.043707 0.000101 0.061526 0.361345 0.533321 
0.040544 0.036853 0.143976 0.239100 0.539527 
0.338803 0.047875 0.023686 0.171636 0.418000 
0.024136 0.518226 0.272288 0.156625 0.028725 
0.008251 0.420291 0.216216 0.333352 0.021889 
0.023800 0.590915 0.263487 0.098357 0.023441 
0.035065 0.772012 0.190056 0.002732 0.000134 
0.114268 0.564712 0.054206 0.266256 0.000558 
0.060657 0.781098 0.132716 0.010531 0.014998 
0.422251 0.480196 0.054802 0.042506 0.000245 
0.011618 0.661503 0.253069 0.072403 0.001407 
0.111051 0.569827 0.119424 0.194535 0.005164 
0.014454 0.328142 0.258424 0.279363 0.119617 
0.350423 0.448428 0.091947 0.108390 0.000811 
0.440204 0.377667 0.116794 0.064819 0.000515 
0.138786 0.423348 0.060109 0.375053 0.002704 
0.107798 0.411468 0.077736 0.391047 0.011952 
0.089205 0.352929 0.019065 0.537474 0.001326 
0.084288 0.497766 0.118848 0.290619 0.008478 
0.041927 0.337789 0.086263 0.505537 0.028484 
0.009590 0.531050 0.010198 0.042264 0.406898 
0.064764 0.075954 0.732209 0.032938 0.094135 
0.116507 0.131361 0.674824 0.036280 0.041027 
0.193137 0.017628 0.259588 0.433614 0.096033 
0.000473 0.142865 0.766194 0.006946 0.083522 
0.009667 0.171329 0.737483 0.032728 0.048792 
0.028342 0.852192 0.042205 0.048983 0.028278 
0.000096 0.060704 0.711031 0.211734 0.016435 
0.760121 0.172549 0.009389 0.055842 0.002099 
0.654996 0.210120 0.008003 0.125092 0.001789 
0.734119 0.166647 0.009068 0.088140 0.002027 
0.017773 0.004257 0.412854 0.515649 0.049466 
0.309771 0.170874 0.013261 0.496768 0.009327 
0.001127 0.307352 0.489179 0.201842 0.000500 
0.055629 0.000115 0.045793 0.292681 0.605782 
0.008689 0.084741 0.608459 0.280921 0.017190 
0.006667 0.091544 0.528020 0.370079 0.003689 
0.011354 0.121385 0.421229 0.133799 0.312233 
0.278308 0.044926 0.030599 0.151471 0.494695 
0.062295 0.000123 0.048886 0.241995 0.646702 
0.302860 0.026894 0.029932 0.217815 0.422499 
0.012334 0.531070 0.348376 0.099368 0.008853 
0.015735 0.441990 0.014893 0.481599 0.045784 
0.045506 0.700967 0.002408 0.249577 0.001542 
0.039646 0.610706 0.005506 0.329542 0.014600 
0.046604 0.470990 0.038021 0.425321 0.019064 
0.017300 0.437603 0.299170 0.199186 0.046740 
0.004129 0.503321 0.328434 0.135487 0.028629 
0.008823 0.522070 0.258829 0.189926 0.020352 
0.000245 0.359613 0.329733 0.205639 0.104769 
0.453596 0.404422 0.082824 0.054494 0.004664 
0.031612 0.164891 0.759115 0.018329 0.026054 
0.052877 0.267882 0.003845 0.674571 0.000824 
0.066524 0.582952 0.072917 0.024341 0.253265 
0.066737 0.458396 0.247945 0.217759 0.009163 
0.211142 0.522590 0.021156 0.116337 0.128774 
0.027681 0.200596 0.635862 0.097042 0.038820 
0.066425 0.826867 0.000002 0.101821 0.004886 
0.690109 0.230019 0.006622 0.072081 0.001169 
0.005659 0.000837 0.080165 0.389154 0.524186 
0.004707 0.074785 0.607817 0.301060 0.011629 
0.300208 0.023323 0.029130 0.255210 0.392129 
0.000938 0.014576 0.138935 0.446954 0.398596 
0.016437 0.141034 0.494839 0.347596 0.000094 
0.028020 0.000122 0.048604 0.280278 0.642976 
0.159070 0.506104 0.086428 0.243715 0.004684 
0.148848 0.570657 0.062231 0.212984 0.005281 
0.007895 0.296794 0.267293 0.283542 0.144476 
0.004761 0.267464 0.188809 0.427458 0.111509 
0.051498 0.305511 0.568543 0.026598 0.047850 
0.014432 0.252638 0.039329 0.656605 0.036996 
0.173937 0.379216 0.309035 0.131582 0.006231 
0.037479 0.541222 0.099709 0.019781 0.301809 
0.008152 0.089375 0.376919 0.318171 0.207383 
0.100926 0.435737 0.279117 0.169489 0.014731 
0.018655 0.199446 0.584746 0.027588 0.169564 
0.066555 0.605864 0.020509 0.305797 0.001276 
0.197450 0.529491 0.082661 0.188272 0.002126 
0.190692 0.464557 0.115027 0.228486 0.001238 
0.157381 0.448861 0.104901 0.287154 0.001704 
0.000011 0.211841 0.449482 0.130670 0.207996 
0.007589 0.334327 0.355502 0.196847 0.105735 
0.024878 0.385845 0.257913 0.249599 0.081765 
0.048984 0.512941 0.185618 0.228732 0.023724 
0.110865 0.487131 0.049034 0.023004 0.329965 
0.200382 0.256412 0.271608 0.259685 0.011913 
0.010549 0.075516 0.805112 0.021914 0.086909 
0.009650 0.110464 0.825714 0.021766 0.032406 
0.152574 0.190054 0.641059 0.003415 0.012898 
0.188945 0.176159 0.456443 0.171405 0.007047 
0.264786 0.449728 0.005330 0.193803 0.086352 
0.268443 0.111523 0.033072 0.557562 0.029400 
0.000181 0.406948 0.122820 0.001133 0.468918 
0.046828 0.288786 0.557056 0.076385 0.030946 
0.113765 0.767053 0.005921 0.001582 0.111679 
0.010497 0.707543 0.279766 0.000026 0.002168 
0.087977 0.016863 0.816762 0.031282 0.047116 
0.120284 0.073479 0.137206 0.506100 0.162931 
0.075242 0.152844 0.081398 0.335906 0.354610 
0.054809 0.000123 0.049276 0.243927 0.651865 
0.064601 0.000095 0.046868 0.388408 0.500028 
0.070117 0.500415 0.054042 0.374371 0.001054 
0.130952 0.436906 0.099501 0.332576 0.000066 
0.017104 0.769201 0.158179 0.019057 0.036459 
0.093564 0.020890 0.739185 0.146003 0.000358 
0.119867 0.018931 0.193053 0.483054 0.185094 
0.127404 0.649190 0.017037 0.205656 0.000714 
0.867144 0.002659 0.000001 0.014694 0.115502 
0.024326 0.833950 0.060047 0.043727 0.037950 
0.033778 0.743705 0.169202 0.025914 0.027401 
0.029245 0.772484 0.141673 0.027510 0.029088 
0.105214 0.123848 0.543648 0.214941 0.012348 
0.048551 0.502896 0.247631 0.197561 0.003361 
0.002218 0.000116 0.047003 0.336854 0.613809 
0.000238 0.000017 0.053325 0.258880 0.687540 
0.187076 0.413610 0.155931 0.242989 0.000393 
0.016018 0.248431 0.273075 0.282808 0.179667 
0.042760 0.602939 0.180419 0.170164 0.003719 
0.044892 0.450923 0.166347 0.308934 0.028904 
0.081330 0.043960 0.136483 0.565651 0.172576 
0.051982 0.032712 0.086492 0.673719 0.155095 
0.069697 0.047649 0.086492 0.650260 0.145902 
0.011820 0.010864 0.033250 0.777570 0.166496 
0.026224 0.024809 0.009694 0.854982 0.084290 
0.000462 0.043570 0.785003 0.027980 0.142985 
0.073999 0.762830 0.002072 0.157643 0.003456 
0.034644 0.787902 0.115051 0.032770 0.029634 
0.029418 0.276523 0.589455 0.002908 0.101696 
0.064484 0.159238 0.606451 0.022630 0.147197 
0.001907 0.006890 0.102177 0.405536 0.483490 
0.004604 0.000130 0.051893 0.256883 0.686489 
0.010998 0.171360 0.510376 0.109799 0.197467 
0.003055 0.207362 0.305184 0.261311 0.223087 
0.093163 0.289364 0.187930 0.400080 0.029463 
0.098684 0.634552 0.053807 0.000026 0.212931 
0.135553 0.474241 0.026754 0.055738 0.307714 
0.200931 0.419949 0.013978 0.100643 0.264499 
0.066530 0.189468 0.171915 0.553682 0.018406 
0.098965 0.438247 0.034937 0.032804 0.395048 
0.026565 0.355722 0.022963 0.594737 0.000013 
0.339277 0.011484 0.433240 0.209491 0.006508 
0.021898 0.761792 0.184520 0.015282 0.016508 
0.000298 0.359458 0.004766 0.539054 0.096424 
0.011981 0.262905 0.177576 0.440332 0.107205 
0.031882 0.051743 0.877834 0.000230 0.038311 
0.083525 0.057897 0.035203 0.744989 0.078385 
0.116319 0.102809 0.043850 0.598951 0.138072 
0.004967 0.238495 0.021989 0.560585 0.173964 
0.035634 0.001513 0.471019 0.475570 0.016264 
0.001083 0.090378 0.017198 0.325709 0.565631 
0.003429 0.398097 0.006546 0.473128 0.118800 
0.013269 0.392960 0.021915 0.476921 0.094935 
0.004712 0.433465 0.321720 0.233147 0.006956 
0.004229 0.389063 0.288764 0.308691 0.009252 
0.279983 0.004864 0.468859 0.001589 0.244705 
0.030590 0.951821 0.003434 0.006903 0.007251 
0.033382 0.885353 0.042918 0.011221 0.027126 
0.002248 0.196240 0.037643 0.728592 0.035277 
0.013200 0.840564 0.031146 0.040318 0.074772 
0.015942 0.916748 0.006540 0.030010 0.030760 
0.017869 0.021103 0.775940 0.150763 0.034325 
0.024284 0.834349 0.069230 0.035864 0.036273 
0.022203 0.862251 0.027689 0.042810 0.045047 
0.000250 0.027789 0.000902 0.377718 0.593340 
0.019662 0.258170 0.653165 0.004749 0.064254 
0.012783 0.107193 0.545945 0.325473 0.008607 
0.333043 0.000138 0.371786 0.294824 0.000209 
0.002775 0.328224 0.290577 0.371751 0.006673 
0.003823 0.201260 0.000896 0.039179 0.754841 
0.004919 0.713828 0.000612 0.207704 0.072937 
0.000111 0.000640 0.904920 0.068036 0.026293 
0.001999 0.036738 0.761348 0.166341 0.033574 
0.034385 0.813998 0.082332 0.042184 0.027101 
0.102403 0.185121 0.013833 0.575987 0.122656 
0.003164 0.064596 0.544507 0.385091 0.002642 
0.110540 0.002062 0.030245 0.531382 0.325770 
0.194497 0.008126 0.067359 0.479326 0.250693 
0.035124 0.035688 0.868662 0.045447 0.015079 
0.073574 0.122091 0.281120 0.454447 0.068768 
0.006047 0.353412 0.361512 0.278918 0.000110 
0.191803 0.480811 0.033782 0.256468 0.037136 
0.134477 0.157082 0.141830 0.331764 0.234847 
0.052241 0.344448 0.000923 0.543545 0.058844 
0.016919 0.167717 0.002839 0.601097 0.211428 
0.056437 0.008916 0.515365 0.417202 0.002080 
0.053987 0.028750 0.896435 0.016571 0.004257 
0.105469 0.111802 0.539157 0.224321 0.019252 
0.027435 0.092946 0.760623 0.099139 0.019857 
0.032219 0.117732 0.793520 0.053217 0.003311 
0.006202 0.029400 0.238803 0.581140 0.144455 
0.027700 0.031046 0.592732 0.319713 0.028809 
0.009729 0.219775 0.528907 0.236425 0.005163 
0.090740 0.098822 0.368172 0.356988 0.085278 
0.062860 0.038608 0.422643 0.410467 0.065422 
0.000008 0.289881 0.066640 0.514315 0.129156 
0.000084 0.416683 0.371722 0.177566 0.033944 
0.099772 0.156803 0.346287 0.297692 0.099447 
0.218375 0.247952 0.382546 0.137270 0.013856 
0.108851 0.460945 0.385544 0.012697 0.031964 
0.153833 0.509849 0.326527 0.007692 0.002099 
0.000102 0.505784 0.395366 0.096336 0.002411 
0.116862 0.615256 0.211185 0.047469 0.009228 
0.004391 0.214264 0.580831 0.148413 0.052101 
0.150405 0.663187 0.000074 0.163175 0.023160 
0.000061 0.316639 0.269948 0.296252 0.117100 
0.039277 0.523558 0.430412 0.005750 0.001003 
0.000498 0.499671 0.482709 0.010862 0.006260 
0.013995 0.338025 0.646417 0.000001 0.001563 
0.013721 0.384539 0.599817 0.000003 0.001921 
0.040633 0.004788 0.417053 0.536353 0.001174 
0.003178 0.263767 0.721122 0.011668 0.000264 
0.532940 0.109923 0.002371 0.352033 0.002732 
0.530136 0.125260 0.002091 0.340104 0.002409 
0.812837 0.059885 0.065186 0.038341 0.023751 
0.104077 0.173362 0.000025 0.645387 0.077149 
0.022700 0.669680 0.040522 0.094146 0.172952 
0.004362 0.389747 0.097711 0.080849 0.427332 
0.000930 0.542487 0.073530 0.104586 0.278466 
0.018223 0.261638 0.170488 0.147857 0.401795 
0.008529 0.389178 0.124212 0.181787 0.296293 
0.006595 0.551393 0.077185 0.175838 0.188988 
0.021190 0.650643 0.047664 0.113221 0.167282 
0.000013 0.362893 0.131291 0.252971 0.252832 
0.026461 0.127397 0.198635 0.056496 0.591011 
0.024248 0.594382 0.069156 0.214243 0.097972 
0.013942 0.051632 0.591241 0.342619 0.000566 
0.002181 0.053149 0.608613 0.335475 0.000582 
0.018174 0.051405 0.588644 0.341114 0.000661 
0.003764 0.048074 0.634740 0.305405 0.008017 
0.054182 0.652688 0.282195 0.010728 0.000207 
0.018009 0.717715 0.261029 0.001427 0.001820 
0.019908 0.761942 0.209825 0.003846 0.004479 
0.007207 0.757757 0.230383 0.000854 0.003800 
0.157854 0.000152 0.043843 0.465272 0.332878 
0.310485 0.220212 0.004094 0.073868 0.391341 
0.009595 0.005644 0.890867 0.038721 0.055172 
0.000074 0.056627 0.757345 0.148223 0.037730 
0.100265 0.405070 0.467749 0.013237 0.013680 
0.039308 0.262943 0.628149 0.014387 0.055212 
0.057092 0.018809 0.814945 0.015979 0.093174 
0.165431 0.089598 0.072801 0.514840 0.157330 
0.220621 0.384400 0.080460 0.209699 0.104821 
0.354189 0.523466 0.039975 0.064351 0.018019 
0.117502 0.236718 0.002231 0.620138 0.023410 
0.218669 0.005926 0.033660 0.351544 0.390200 
0.140969 0.000393 0.054560 0.433440 0.370637 
0.343779 0.033131 0.222595 0.035508 0.364987 
0.004955 0.575694 0.011817 0.274551 0.132984 
0.252850 0.005394 0.332854 0.082706 0.326197 
0.374227 0.011461 0.335353 0.044353 0.234606 
0.243868 0.002486 0.414001 0.108780 0.230866 
0.152541 0.226415 0.001447 0.136156 0.483441 
0.835111 0.019456 0.125545 0.016987 0.002901 
0.009018 0.098131 0.758433 0.110383 0.024035 
0.185941 0.003913 0.463045 0.035349 0.311753 
0.217952 0.000017 0.374099 0.000999 0.406933 
0.208504 0.000118 0.394439 0.007646 0.389293 
0.223735 0.007716 0.526781 0.019423 0.222345 
0.138362 0.489408 0.007453 0.043700 0.321077 
0.119120 0.350916 0.082895 0.026027 0.421042 
0.047987 0.440056 0.168169 0.064741 0.279047 
0.089326 0.563278 0.015378 0.074242 0.257775 
0.097315 0.001427 0.660186 0.055567 0.185505 
0.167950 0.376238 0.000416 0.011812 0.443584 
0.111859 0.314204 0.012012 0.561828 0.000097 
0.053541 0.365295 0.063193 0.000467 0.517503 
0.051921 0.430350 0.140542 0.024283 0.352904 
0.103829 0.392013 0.118836 0.046439 0.338883 
0.058159 0.002167 0.282023 0.028680 0.628972 
0.891304 0.001228 0.106370 0.000011 0.001086 
0.026764 0.047276 0.589411 0.329697 0.006852 
0.002449 0.010044 0.668067 0.314547 0.004893 
0.031486 0.050553 0.578882 0.335458 0.003621 
0.012393 0.026289 0.633097 0.328171 0.000051 
0.031944 0.050685 0.580389 0.336331 0.000652 
0.007742 0.047882 0.632206 0.304186 0.007985 
0.020841 0.051109 0.585245 0.339145 0.003661 
0.022164 0.050907 0.582936 0.337807 0.006186 
0.030057 0.035086 0.607028 0.326022 0.001807 
0.019092 0.024395 0.631214 0.324901 0.000399 
0.035072 0.032419 0.607882 0.323516 0.001111 
0.000740 0.009291 0.684679 0.292480 0.012811 
0.035005 0.026714 0.616988 0.321167 0.000126 
0.023302 0.024223 0.626764 0.322611 0.003100 
0.005051 0.009106 0.671036 0.287363 0.027444 
0.008732 0.095015 0.734350 0.138631 0.023272 
0.001268 0.069514 0.703914 0.204439 0.020864 
0.058493 0.725980 0.195156 0.020245 0.000126 
0.317500 0.034329 0.026678 0.233720 0.387773 
0.329616 0.042069 0.026321 0.192901 0.409094 
0.292803 0.022680 0.029477 0.258246 0.396795 
0.288227 0.022276 0.030132 0.253761 0.405605 
0.373795 0.045326 0.023486 0.175181 0.382211 
0.250881 0.013863 0.032380 0.327519 0.375358 
0.275783 0.020229 0.029406 0.285278 0.389304 
0.189383 0.003112 0.035651 0.300239 0.471615 
0.200978 0.003216 0.033255 0.322621 0.439930 
0.174055 0.002860 0.032765 0.356875 0.433445 
0.188546 0.003017 0.035603 0.360117 0.412717 
0.268731 0.024763 0.032967 0.228098 0.445441 
0.249144 0.012413 0.032601 0.274561 0.431280 
0.288166 0.023827 0.031720 0.227699 0.428589 
0.165251 0.001897 0.038713 0.374224 0.419915 
0.186653 0.002956 0.033865 0.328534 0.447993 
0.147445 0.000392 0.038296 0.398479 0.415387 
0.130123 0.000080 0.039088 0.406725 0.423983 
0.157127 0.000170 0.047130 0.420585 0.374989 
0.085530 0.000419 0.058081 0.461412 0.394557 
0.111170 0.000407 0.056453 0.448475 0.383495 
0.128773 0.000083 0.040493 0.391430 0.439221 
0.084597 0.000024 0.052471 0.455120 0.407788 
0.091134 0.000084 0.041322 0.426603 0.440857 
0.081057 0.000085 0.042209 0.426322 0.450327 
0.074328 0.001324 0.065165 0.476464 0.382719 
0.069060 0.001332 0.065536 0.479176 0.384897 
0.055989 0.001351 0.066459 0.485924 0.390278 
0.040166 0.050259 0.575517 0.333507 0.000551 
0.037844 0.050381 0.576910 0.334314 0.000552 
0.060419 0.000571 0.058798 0.513798 0.366415 
0.070828 0.000707 0.059225 0.505347 0.363894 
0.056421 0.000574 0.059048 0.515984 0.367974 
0.110068 0.000408 0.056523 0.449032 0.383970 
0.068416 0.000015 0.050850 0.528462 0.352258 
0.048338 0.049320 0.564761 0.337041 0.000540 
0.076339 0.000014 0.050418 0.523967 0.349261 
0.092903 0.000014 0.049514 0.514571 0.342998 
0.073396 0.048162 0.535769 0.340802 0.001871 
0.106448 0.000014 0.048774 0.506887 0.337877 
0.021761 0.134201 0.618433 0.209526 0.016079 
0.019718 0.123059 0.569516 0.273184 0.014522 
0.009396 0.092858 0.687216 0.188752 0.021778 
0.061530 0.777375 0.133008 0.028020 0.000067 
0.058510 0.732577 0.183500 0.025396 0.000017 
0.059415 0.750656 0.162808 0.027057 0.000064 
0.009145 0.090381 0.668888 0.210388 0.021197 
0.012995 0.111501 0.550232 0.319056 0.006217 
0.014785 0.041982 0.028808 0.096929 0.817496 
0.009483 0.007656 0.081199 0.289832 0.611831 
0.002995 0.012410 0.118296 0.412472 0.453827 
0.003143 0.013024 0.124142 0.417310 0.442382 
0.196535 0.367419 0.001523 0.158411 0.276112 
0.088178 0.013542 0.208096 0.437923 0.252260 
0.380320 0.005278 0.191400 0.364812 0.058190 
0.283460 0.123958 0.479153 0.099953 0.013476 
0.173283 0.532812 0.190252 0.095160 0.008493 
0.130966 0.270229 0.310523 0.223205 0.065076 
0.000217 0.870544 0.001362 0.016730 0.111146 
0.131151 0.514825 0.258023 0.076379 0.019623 
0.010287 0.222467 0.581000 0.085523 0.100723 
0.166571 0.582640 0.172038 0.076439 0.002313 
0.078829 0.407099 0.384906 0.090827 0.038338 
0.158794 0.653019 0.177746 0.002829 0.007613 
0.205868 0.563153 0.030993 0.128887 0.071099 
0.100906 0.529128 0.312515 0.007023 0.050427 
0.026692 0.023770 0.114228 0.266808 0.568502 
0.000552 0.108124 0.478351 0.000874 0.412099 
0.125866 0.030284 0.097621 0.536608 0.209622 
0.150618 0.642812 0.130664 0.031769 0.044136 
0.015282 0.261313 0.657381 0.061935 0.004090 
0.017469 0.005813 0.544557 0.429609 0.002552 
0.050945 0.339340 0.592509 0.000660 0.016546 
0.120929 0.663974 0.000517 0.147041 0.067540 
0.005407 0.029300 0.636197 0.001826 0.327270 
0.032081 0.746861 0.022504 0.000154 0.198400 
0.000581 0.009097 0.578572 0.411663 0.000087 
0.053988 0.694976 0.000459 0.249200 0.001377 
0.033676 0.621136 0.000005 0.003437 0.341745 
0.100809 0.664868 0.009978 0.224169 0.000175 
0.107050 0.536881 0.031275 0.319464 0.005330 
0.003793 0.516130 0.071439 0.308582 0.100056 
0.385342 0.142810 0.283338 0.003088 0.185421 
0.246963 0.221975 0.357163 0.006977 0.166921 
0.017601 0.600600 0.005332 0.371488 0.004979 
0.283308 0.143156 0.502487 0.005165 0.065883 
0.045551 0.474640 0.019022 0.458813 0.001974 
0.015773 0.405273 0.355707 0.011737 0.211510 
0.416653 0.353044 0.029807 0.145970 0.054526 
0.301442 0.570016 0.014898 0.111125 0.002519 
0.073283 0.272575 0.484805 0.039399 0.129938 
0.641831 0.126131 0.012185 0.219545 0.000309 
0.172651 0.016446 0.001541 0.805895 0.003467 
0.008567 0.460336 0.000010 0.530958 0.000130 
0.012173 0.018125 0.005753 0.954645 0.009303 
0.180207 0.030931 0.624448 0.053705 0.110711 
0.171966 0.003535 0.006502 0.809452 0.008545 
0.000678 0.053131 0.882961 0.060867 0.002362 
0.090111 0.047707 0.735500 0.054303 0.072379 
0.033094 0.003131 0.027623 0.902254 0.033898 
0.009589 0.017217 0.103813 0.808394 0.060986 
0.033358 0.218385 0.059833 0.661245 0.027179 
0.518269 0.217316 0.032326 0.231840 0.000250 
0.061409 0.071957 0.709439 0.079169 0.078025 
0.075247 0.124080 0.107764 0.642091 0.050818 
0.397984 0.003293 0.297200 0.078601 0.222922 
0.282241 0.040438 0.374375 0.097845 0.205101 
0.232768 0.065525 0.395660 0.127754 0.178293 
0.278360 0.002885 0.261505 0.148966 0.308285 
0.007224 0.338502 0.185730 0.125772 0.342771 
0.012960 0.363821 0.161860 0.119697 0.341663 
0.137291 0.077998 0.360838 0.200416 0.223457 
0.122535 0.113806 0.410888 0.176342 0.176429 
0.174861 0.043832 0.327296 0.185836 0.268176 
0.206317 0.021483 0.292236 0.187156 0.292807 
0.013680 0.384022 0.130439 0.111226 0.360633 
0.068934 0.785103 0.000057 0.068360 0.077547 
0.118315 0.020502 0.664891 0.103734 0.092558 
0.057004 0.018545 0.761895 0.125005 0.037551 
0.013539 0.822551 0.012026 0.134008 0.017876 
0.289271 0.011536 0.630030 0.005484 0.063680 
0.015986 0.383677 0.031617 0.536623 0.032097 
0.044394 0.415656 0.057189 0.477827 0.004935 
0.053739 0.276677 0.106717 0.549825 0.013041 
0.086568 0.334653 0.120610 0.453631 0.004538 
0.175092 0.036513 0.694768 0.059552 0.034076 
0.020856 0.141084 0.100823 0.642155 0.095083 
0.089853 0.042869 0.761874 0.102108 0.003296 
0.107801 0.273608 0.217458 0.367041 0.034092 
0.042347 0.183830 0.303224 0.406967 0.063632 
0.071804 0.241008 0.183077 0.467960 0.036151 
0.057507 0.194919 0.589025 0.000011 0.158537 
0.011840 0.023867 0.711552 0.008700 0.244041 
0.028727 0.194329 0.112462 0.620695 0.043788 
0.022718 0.122964 0.222676 0.525090 0.106553 
0.023533 0.289805 0.341876 0.033643 0.311144 
0.011161 0.121535 0.101891 0.633675 0.131738 
0.003896 0.102044 0.109516 0.628430 0.156113 
0.004769 0.082846 0.190967 0.591700 0.129718 
0.055469 0.142778 0.580747 0.000877 0.220130 
0.051448 0.480232 0.001286 0.458393 0.008640 
0.002929 0.656972 0.051215 0.040704 0.248180 
0.009833 0.738708 0.013036 0.003609 0.234814 
0.014052 0.631942 0.155643 0.084126 0.114236 
0.011787 0.530058 0.154281 0.135327 0.168547 
0.000023 0.597246 0.048399 0.054648 0.299684 
0.004606 0.499363 0.051166 0.079735 0.365130 
0.002649 0.345301 0.181914 0.262041 0.208095 
0.009863 0.443533 0.170651 0.182231 0.193723 
0.026669 0.367249 0.037230 0.099915 0.468937 
0.007609 0.619843 0.002321 0.003292 0.366934 
0.012851 0.002005 0.143435 0.499662 0.342047 
0.107368 0.270888 0.000647 0.024587 0.596510 
0.003135 0.193343 0.276292 0.008875 0.518355 
0.030766 0.477693 0.006224 0.017911 0.467407 
0.019975 0.270755 0.280536 0.000072 0.428663 
0.036266 0.002990 0.258358 0.317452 0.384934 
0.001210 0.057941 0.854648 0.042834 0.043367 
0.082421 0.484601 0.307472 0.027496 0.098009 
0.070317 0.004751 0.153825 0.708053 0.063054 
0.096139 0.204529 0.006959 0.634196 0.058177 
0.003132 0.137091 0.106518 0.008631 0.744628 
0.223306 0.667183 0.085959 0.000245 0.023307 
0.037239 0.747512 0.002345 0.073767 0.139137 
0.013301 0.131648 0.552495 0.285930 0.016627 
0.096785 0.273562 0.061450 0.360635 0.207567 
0.083935 0.192094 0.025883 0.338908 0.359179 
0.393807 0.207283 0.130483 0.216157 0.052270 
0.528154 0.178152 0.174997 0.114507 0.004190 
0.089979 0.552066 0.306072 0.038725 0.013158 
0.108144 0.549657 0.139314 0.144604 0.058280 
0.037217 0.440945 0.077855 0.269938 0.174045 
0.163861 0.115208 0.000818 0.067903 0.652211 
0.016430 0.038731 0.002569 0.084249 0.858022 
0.051975 0.156735 0.001866 0.165981 0.623443 
0.062903 0.000417 0.082274 0.027612 0.826794 
0.100008 0.000342 0.188883 0.033079 0.677689 
0.000456 0.325166 0.002959 0.436161 0.235257 
0.154761 0.032273 0.614094 0.070927 0.127945 
0.032152 0.066170 0.268414 0.090890 0.542375 
0.031406 0.010966 0.336846 0.124233 0.496549 
0.056024 0.048796 0.558768 0.333465 0.002946 
0.021641 0.012606 0.622198 0.303452 0.040103 
0.060066 0.022794 0.589800 0.325194 0.002146 
0.069204 0.032625 0.557988 0.340162 0.000020 
0.067336 0.042398 0.547008 0.342568 0.000691 
0.124860 0.000084 0.040675 0.393188 0.441194 
0.132867 0.000096 0.038279 0.322374 0.506384 
0.033471 0.050605 0.579473 0.335800 0.000651 
0.017313 0.108045 0.599730 0.258529 0.016383 
0.007072 0.005453 0.077684 0.239013 0.670778 
0.090084 0.319955 0.007653 0.218861 0.363446 
0.050716 0.239360 0.009857 0.231969 0.468099 
0.004680 0.239802 0.487721 0.100438 0.167358 
0.007562 0.176095 0.572313 0.113242 0.130788 
0.104826 0.698611 0.112083 0.058708 0.025771 
0.010661 0.190114 0.675660 0.055087 0.068478 
0.065767 0.372640 0.485993 0.037963 0.037636 
0.040314 0.406972 0.486379 0.000302 0.066032 
0.024013 0.274359 0.481864 0.031063 0.188701 
0.148772 0.636573 0.003805 0.097771 0.113079 
0.007346 0.641235 0.026121 0.000076 0.325221 
0.371067 0.047354 0.169638 0.411285 0.000656 
0.072707 0.093416 0.000006 0.019084 0.814786 
0.013845 0.179168 0.056577 0.001074 0.749335 
0.000811 0.436786 0.018773 0.075980 0.467650 
0.001414 0.479370 0.004375 0.044088 0.470754 
0.000578 0.336832 0.588581 0.060727 0.013282 
0.111709 0.575024 0.220810 0.075705 0.016752 
0.239864 0.204797 0.376627 0.092705 0.086007 
0.030031 0.021193 0.136623 0.792378 0.019776 
0.355756 0.015633 0.293119 0.307558 0.027934 
0.003783 0.605355 0.014507 0.375077 0.001277 
0.000230 0.159899 0.000012 0.037042 0.802818 
0.047248 0.074699 0.497865 0.101511 0.278676 
0.073318 0.493177 0.010417 0.244216 0.178872 
0.000024 0.202668 0.596870 0.123319 0.077120 
0.213404 0.047467 0.487832 0.177946 0.073351 
0.001383 0.131466 0.443318 0.107028 0.316805 
0.026667 0.179889 0.468201 0.114352 0.210892 
0.015020 0.424046 0.027706 0.398811 0.134417 
0.000245 0.008429 0.359250 0.135380 0.496695 
0.012416 0.012698 0.532026 0.430399 0.012460 
0.062933 0.020925 0.051201 0.595656 0.269284 
0.141751 0.420880 0.057523 0.367377 0.012469 
0.002034 0.178159 0.608952 0.017822 0.193033 
0.140602 0.544173 0.035756 0.272743 0.006727 
0.137142 0.344383 0.071296 0.423127 0.024052 
0.108205 0.316007 0.071043 0.479500 0.025246 
0.110014 0.149215 0.123191 0.562585 0.054994 
0.172282 0.223538 0.088366 0.491491 0.024323 
0.199635 0.230429 0.075681 0.485522 0.008732 
0.041179 0.018639 0.150750 0.705278 0.084154 
0.069911 0.037020 0.160970 0.654056 0.078042 
0.168772 0.425673 0.047322 0.356446 0.001787 
0.132009 0.086601 0.158115 0.558976 0.064299 
0.182854 0.000463 0.221556 0.555665 0.039462 
0.056288 0.404058 0.212104 0.068031 0.259519 
0.017035 0.202067 0.194834 0.181112 0.404954 
0.160569 0.088591 0.416337 0.153799 0.180704 
0.230348 0.025986 0.333546 0.153562 0.256557 
0.002748 0.266681 0.088333 0.223375 0.418863 
0.067309 0.014793 0.214825 0.407163 0.295910 
0.003763 0.054892 0.367416 0.282204 0.291725 
0.000599 0.366801 0.004489 0.391506 0.236605 
0.117291 0.268220 0.471700 0.086028 0.056761 
0.017398 0.313717 0.000833 0.230105 0.437946 
0.398216 0.486920 0.085098 0.021342 0.008424 
0.045021 0.040289 0.154167 0.756372 0.004150 
0.255129 0.567140 0.083493 0.057991 0.036247 
0.064321 0.372828 0.032913 0.088774 0.441164 
0.020546 0.000009 0.655022 0.122026 0.202396 
0.098513 0.729659 0.028514 0.042648 0.100665 
0.481460 0.403403 0.008596 0.093779 0.012764 
0.053830 0.721713 0.039649 0.107938 0.076870 
0.002223 0.522072 0.005733 0.310670 0.159302 
0.145877 0.132087 0.059881 0.643693 0.018462 
0.135679 0.615803 0.090830 0.092098 0.065590 
0.014121 0.616925 0.017991 0.198622 0.152341 
0.378506 0.023398 0.307441 0.268334 0.022321 
0.346090 0.000619 0.438306 0.214978 0.000007 
0.046628 0.007220 0.565471 0.363052 0.017629 
0.012202 0.001209 0.472663 0.452068 0.061858 
0.181058 0.661008 0.156199 0.001670 0.000064 
0.278621 0.017223 0.370613 0.313820 0.019723 
0.270812 0.511529 0.217294 0.000269 0.000096 
0.182233 0.547167 0.242823 0.023521 0.004257 
0.205657 0.599017 0.191519 0.003597 0.000210 
0.171370 0.276066 0.492608 0.010279 0.049677 
0.007505 0.000743 0.290712 0.583887 0.117152 
0.104579 0.001039 0.245973 0.547532 0.100877 
0.162756 0.068645 0.155542 0.571680 0.041378 
0.242289 0.003964 0.347678 0.383303 0.022766 
0.226506 0.462514 0.286606 0.016705 0.007669 
0.037937 0.002941 0.229304 0.622750 0.107068 
0.022626 0.005305 0.185155 0.705733 0.081181 
0.275858 0.008259 0.224237 0.409734 0.081912 
0.183779 0.382429 0.342829 0.064557 0.026406 
0.038149 0.213790 0.620843 0.125094 0.002124 
0.097621 0.103376 0.646819 0.052517 0.099667 
0.022873 0.147726 0.532509 0.228750 0.068142 
0.055691 0.110086 0.616185 0.117068 0.100970 
0.091839 0.121260 0.437104 0.187767 0.162030 
0.011128 0.139350 0.656701 0.146909 0.045912 
0.000971 0.152753 0.698950 0.134282 0.013044 
0.010830 0.162425 0.618588 0.168352 0.039805 
0.016375 0.189730 0.637669 0.147887 0.008338 
0.223569 0.000293 0.626752 0.149355 0.000030 
0.000106 0.173902 0.649406 0.165122 0.011463 
0.010606 0.090919 0.627394 0.251200 0.019882 
0.058858 0.295636 0.006602 0.325388 0.313517 
0.003228 0.099668 0.054498 0.362365 0.480240 
0.002056 0.259493 0.004911 0.111602 0.621938 
0.007471 0.007041 0.165956 0.154990 0.664542 
0.125974 0.154827 0.423347 0.282051 0.013801 
0.093571 0.214657 0.503638 0.092635 0.095499 
0.034569 0.027593 0.725002 0.206522 0.006314 
0.152278 0.000280 0.620739 0.226094 0.000608 
0.001736 0.300662 0.201511 0.308635 0.187457 
0.015277 0.282659 0.477257 0.224615 0.000191 
0.263015 0.568758 0.167575 0.000216 0.000436 
0.005409 0.075826 0.759969 0.028587 0.130209 
0.114207 0.390852 0.005842 0.211641 0.277457 
0.084750 0.512969 0.214340 0.147236 0.040704 
0.078245 0.423526 0.279612 0.201380 0.017237 
0.056938 0.366032 0.333208 0.243126 0.000696 
0.113141 0.468358 0.000105 0.197015 0.221382 
0.012455 0.558511 0.237960 0.060420 0.130654 
0.013636 0.241662 0.663916 0.011964 0.068822 
0.086132 0.162393 0.131330 0.015637 0.604508 
0.179870 0.006879 0.143668 0.095273 0.574311 
0.437964 0.005325 0.211587 0.332556 0.012568 
0.084583 0.152460 0.300085 0.269361 0.193511 
0.004145 0.390865 0.064476 0.472005 0.068509 
0.030606 0.422142 0.158520 0.009350 0.379382 
0.064657 0.141368 0.406000 0.083904 0.304072 
0.016947 0.391775 0.130199 0.013451 0.447627 
0.006455 0.169001 0.720712 0.101646 0.002185 
0.000502 0.288371 0.127163 0.086959 0.497006 
0.021508 0.425990 0.024096 0.109749 0.418658 
0.029560 0.364036 0.354896 0.005943 0.245565 
0.002275 0.065789 0.482147 0.339007 0.110783 
0.000059 0.039045 0.355046 0.412848 0.193002 
0.000932 0.387935 0.127261 0.127975 0.355897 
0.000525 0.621423 0.134652 0.032593 0.210806 
0.007224 0.848787 0.081823 0.002645 0.059522 
0.000613 0.704436 0.153051 0.004795 0.137105 
0.004942 0.698959 0.046347 0.089556 0.160197 
0.240903 0.073069 0.196289 0.013051 0.476689 
0.090109 0.075137 0.074972 0.073331 0.686451 
0.162246 0.230238 0.038760 0.004406 0.564349 
0.003938 0.571473 0.002060 0.286368 0.136160 
0.141186 0.102117 0.110967 0.062323 0.583407 
0.252366 0.486175 0.000015 0.003958 0.257486 
0.004085 0.089122 0.748083 0.037493 0.121217 
0.021117 0.317253 0.337207 0.304118 0.020304 
0.491387 0.034425 0.195057 0.267692 0.011439 
0.526245 0.161766 0.066748 0.196298 0.048942 
0.387263 0.119044 0.086367 0.287610 0.119716 
0.323807 0.017475 0.161380 0.414478 0.082860 
0.215133 0.068377 0.580899 0.023856 0.111735 
0.121670 0.160988 0.328532 0.135487 0.253323 
0.121258 0.024811 0.048595 0.137694 0.667642 
0.066304 0.145455 0.235893 0.203675 0.348674 
0.057445 0.480599 0.205127 0.000113 0.256716 
0.003349 0.314103 0.079949 0.030627 0.571972 
0.271560 0.028186 0.215791 0.055408 0.429055 
0.196215 0.050232 0.155919 0.114500 0.483134 
0.000136 0.413036 0.000001 0.329851 0.256977 
0.159992 0.057397 0.125150 0.141164 0.516296 
0.247073 0.003231 0.066172 0.060400 0.623123 
0.049616 0.066094 0.034005 0.222568 0.627717 
0.049185 0.092932 0.053642 0.255486 0.548755 
0.092834 0.012819 0.031116 0.129044 0.734187 
0.160604 0.027495 0.075731 0.120129 0.616041 
0.096852 0.000121 0.007342 0.103292 0.792392 
0.025596 0.028315 0.294855 0.006146 0.645088 
0.006809 0.184996 0.025868 0.056821 0.725506 
0.001325 0.065707 0.000001 0.101626 0.831341 
0.003095 0.053908 0.004561 0.331387 0.607048 
0.053024 0.016134 0.005194 0.211074 0.714574 
0.270050 0.127987 0.010642 0.005238 0.586083 
0.056057 0.000650 0.254341 0.568890 0.120062 
0.152302 0.079200 0.640833 0.006758 0.120907 
0.047721 0.046339 0.224092 0.341587 0.340261 
0.105545 0.031309 0.181774 0.284806 0.396567 
0.005311 0.057833 0.279674 0.426311 0.230871 
0.049441 0.000148 0.093795 0.339065 0.517550 
0.000004 0.063405 0.043438 0.319145 0.574008 
0.005602 0.035564 0.560582 0.398227 0.000025 
0.020005 0.093503 0.630303 0.234943 0.021246 
0.005336 0.068581 0.279279 0.632175 0.014629 
0.036764 0.032833 0.224643 0.705722 0.000038 
0.043488 0.071843 0.041558 0.110166 0.732945 
0.032709 0.010332 0.030026 0.451646 0.475288 
0.000559 0.160361 0.060120 0.255439 0.523521 
0.005557 0.177347 0.002322 0.084145 0.730630 
0.014825 0.085555 0.013537 0.129477 0.756606 
0.022549 0.000180 0.527912 0.307979 0.141380 
0.028947 0.210330 0.215357 0.514835 0.030531 
0.000812 0.011133 0.052327 0.184564 0.751164 
0.091255 0.000477 0.369634 0.458414 0.080219 
0.013232 0.002582 0.155168 0.143981 0.685037 
0.033739 0.213228 0.147780 0.600061 0.005192 
0.010592 0.017253 0.072869 0.152285 0.747002 
0.034821 0.023714 0.108398 0.114754 0.718313 
0.011813 0.006113 0.235805 0.025217 0.721053 
0.000165 0.055724 0.410455 0.012302 0.521353 
0.084984 0.001085 0.327702 0.133082 0.453147 
0.060876 0.020373 0.499316 0.072939 0.346496 
0.003826 0.173638 0.104230 0.283542 0.434764 
0.281480 0.063859 0.065830 0.399742 0.189089 
0.186403 0.021360 0.049421 0.482464 0.260353 
0.132421 0.014296 0.000619 0.523417 0.329246 
0.328907 0.528693 0.133294 0.000321 0.008785 
0.177915 0.002445 0.601540 0.197421 0.020678 
0.093738 0.772811 0.073754 0.000013 0.059685 
0.001617 0.045103 0.808095 0.013576 0.131609 
0.059191 0.034218 0.718623 0.100455 0.087512 
0.000391 0.278189 0.193923 0.145856 0.381640 
0.029985 0.473819 0.017766 0.069655 0.408775 
0.011393 0.219081 0.044411 0.205149 0.519966 
0.037058 0.291896 0.028469 0.161471 0.481106 
0.024392 0.211355 0.008972 0.064549 0.690733 
0.080162 0.030918 0.230983 0.092265 0.565671 
0.000486 0.253691 0.041007 0.020013 0.684802 
0.003331 0.003399 0.216568 0.002486 0.774216 
0.018509 0.139493 0.000000 0.014236 0.827763 
0.065586 0.091585 0.368673 0.040792 0.433364 
0.109851 0.098683 0.360456 0.048194 0.382815 
0.187200 0.068101 0.321509 0.025538 0.397653 
0.160227 0.005746 0.176084 0.008302 0.649642 
0.207377 0.001539 0.087073 0.586717 0.117293 
0.001012 0.219242 0.252610 0.225537 0.301598 
0.049743 0.280243 0.181434 0.384356 0.104224 
0.077358 0.032817 0.696176 0.162229 0.031420 
0.091106 0.036002 0.659400 0.153659 0.059833 
0.118992 0.018634 0.642985 0.175663 0.043727 
0.001658 0.007992 0.862659 0.004009 0.123681 
0.016800 0.782997 0.000459 0.003843 0.195900 
0.040028 0.464752 0.117178 0.168869 0.209174 
0.000093 0.230571 0.574692 0.088507 0.106137 
0.004672 0.221235 0.531843 0.016577 0.225673 
0.014500 0.094520 0.517787 0.002778 0.370414 
0.051870 0.011861 0.225137 0.113197 0.597934 
0.165349 0.003917 0.395212 0.033994 0.401528 
0.084402 0.318252 0.085505 0.511804 0.000036 
0.126536 0.000549 0.350089 0.063493 0.459334 
0.118649 0.464070 0.050131 0.358195 0.008955 
0.088915 0.603005 0.001617 0.018402 0.288061 
0.102941 0.402630 0.089070 0.373662 0.031697 
0.085580 0.385760 0.120795 0.358829 0.049035 
0.026245 0.553027 0.075321 0.329596 0.015813 
0.076954 0.398368 0.116540 0.210153 0.197985 
0.000094 0.659939 0.001081 0.083184 0.255702 
0.082675 0.302953 0.012244 0.045404 0.556725 
0.048294 0.041045 0.724127 0.006421 0.180113 
0.073450 0.055991 0.730876 0.002671 0.137012 
0.274559 0.281597 0.020522 0.060478 0.362844 
0.270023 0.137718 0.017538 0.001340 0.573381 
0.183499 0.748322 0.022656 0.036395 0.009127 
0.019019 0.877687 0.008190 0.090458 0.004646 
0.372353 0.447004 0.073902 0.019203 0.087538 
0.899146 0.005182 0.003102 0.077964 0.014605 
0.618529 0.123893 0.246604 0.008273 0.002701 
0.037894 0.686407 0.061532 0.043499 0.170667 
0.604975 0.131376 0.000291 0.259987 0.003371 
0.517208 0.197514 0.000249 0.258845 0.026184 
0.451660 0.234354 0.000217 0.265367 0.048403 
0.260298 0.388038 0.012420 0.218792 0.120451 
0.077491 0.652035 0.066123 0.054152 0.150199 
0.014459 0.705652 0.122366 0.003378 0.154145 
0.004072 0.645174 0.185201 0.005042 0.160511 
0.052209 0.677362 0.102965 0.161934 0.005529 
0.028319 0.668116 0.126312 0.177227 0.000026 
0.022768 0.537145 0.214374 0.203548 0.022165 
0.009714 0.479580 0.270467 0.200443 0.039796 
0.079521 0.089953 0.621753 0.019188 0.189584 
0.187048 0.032850 0.532769 0.247320 0.000013 
0.356210 0.013097 0.395530 0.230618 0.004545 
0.438902 0.001026 0.344306 0.215406 0.000360 
0.013277 0.579301 0.048561 0.223516 0.135345 
0.020747 0.017229 0.018362 0.006232 0.937429 
0.133813 0.044030 0.515217 0.305919 0.001020 
0.128533 0.040123 0.479622 0.351205 0.000517 
0.048501 0.000042 0.163709 0.783718 0.004029 
0.034003 0.098437 0.856261 0.010853 0.000447 
0.034455 0.085370 0.867667 0.010998 0.001510 
0.020214 0.061229 0.874533 0.027773 0.016251 
0.000002 0.901193 0.019608 0.056824 0.022373 
0.028300 0.788158 0.017690 0.107164 0.058688 
0.087193 0.000261 0.803580 0.065689 0.043277 
0.177611 0.002625 0.730668 0.054379 0.034717 
0.595742 0.173729 0.009958 0.186252 0.034320 
0.552719 0.162484 0.000862 0.234442 0.049494 
0.457926 0.160211 0.303312 0.008445 0.070106 
0.338114 0.130452 0.406042 0.037512 0.087881 
0.220660 0.108370 0.499015 0.081998 0.089956 
0.118241 0.044860 0.622016 0.104311 0.110572 
0.501623 0.443762 0.000273 0.046391 0.007951 
0.180220 0.585698 0.103189 0.046538 0.084355 
0.093182 0.645047 0.134658 0.013738 0.113376 
0.014407 0.410220 0.025812 0.385928 0.163633 
0.005863 0.315069 0.064166 0.465498 0.149403 
0.249196 0.092037 0.555221 0.001659 0.101888 
0.658508 0.053447 0.162975 0.125021 0.000049 
0.066840 0.654229 0.080905 0.177742 0.020284 
0.029702 0.597435 0.154520 0.214088 0.004255 
0.004403 0.504834 0.250836 0.236200 0.003728 
0.042821 0.080123 0.662083 0.039072 0.175901 
0.383510 0.187351 0.105347 0.301480 0.022312 
0.492222 0.069304 0.266659 0.167981 0.003834 
0.005316 0.819355 0.061484 0.113213 0.000633 
0.046538 0.758800 0.105212 0.072395 0.017054 
0.453638 0.006364 0.121966 0.393402 0.024630 
0.215506 0.109125 0.545171 0.129945 0.000252 
0.275875 0.240839 0.084850 0.381583 0.016853 
0.393344 0.245010 0.340585 0.020218 0.000844 
0.315561 0.389785 0.237251 0.057353 0.000050 
0.018135 0.000439 0.518539 0.000564 0.462324 
0.144933 0.002069 0.475843 0.376040 0.001114 
0.195172 0.006908 0.467082 0.326429 0.004409 
0.003337 0.000292 0.617173 0.010229 0.368968 
0.002934 0.511437 0.039999 0.431611 0.014020 
0.000298 0.436849 0.312680 0.235836 0.014337 
0.573794 0.093619 0.016405 0.226684 0.089498 
0.257881 0.235783 0.347028 0.000469 0.158839 
0.337724 0.270506 0.005926 0.249464 0.136381 
0.394291 0.285612 0.013032 0.203818 0.103247 
0.527819 0.306113 0.003741 0.121675 0.040651 
0.078919 0.543433 0.069464 0.259054 0.049130 
0.775336 0.045248 0.002675 0.164147 0.012594 
0.140135 0.025662 0.374464 0.458743 0.000996 
0.160886 0.256878 0.018139 0.014170 0.549926 
0.242571 0.340860 0.027765 0.208465 0.180339 
0.390069 0.006492 0.231414 0.254822 0.117202 
0.044516 0.868997 0.002567 0.019389 0.064530 
0.206759 0.748015 0.000450 0.007891 0.036885 
0.228064 0.653740 0.021459 0.012681 0.084057 
0.595652 0.220169 0.000232 0.155300 0.028647 
0.454482 0.211181 0.000007 0.249573 0.084757 
0.525111 0.257677 0.003387 0.164644 0.049182 
0.301406 0.000003 0.370906 0.321353 0.006333 
0.001369 0.702523 0.144989 0.148416 0.002704 
0.000348 0.415889 0.340273 0.188140 0.055349 
0.105905 0.548352 0.001696 0.071952 0.272095 
0.007429 0.568277 0.067237 0.036682 0.320375 
0.382619 0.296430 0.292911 0.018630 0.009410 
0.229888 0.206973 0.499792 0.006048 0.057299 
0.011844 0.004274 0.844249 0.108858 0.030774 
0.538495 0.070912 0.016618 0.181135 0.192840 
0.560501 0.010774 0.009976 0.076525 0.342224 
0.736341 0.001819 0.003305 0.062502 0.196033 
0.404681 0.073015 0.009602 0.061488 0.451213 
0.138389 0.083121 0.057128 0.049810 0.671551 
0.091195 0.048640 0.614944 0.085527 0.159693 
0.311212 0.433944 0.025057 0.115216 0.114571 
0.233125 0.509874 0.079759 0.009890 0.167353 
0.499482 0.184220 0.248263 0.000363 0.067673 
0.041670 0.213670 0.496118 0.091717 0.156825 
0.173525 0.021144 0.770091 0.010620 0.024620 
0.257404 0.006057 0.416172 0.310040 0.010327 
0.002137 0.446901 0.190276 0.353476 0.007210 
0.799362 0.001669 0.064431 0.003479 0.131059 
0.407819 0.270368 0.022810 0.229801 0.069202 
0.814914 0.063226 0.045580 0.037661 0.038619 
0.153228 0.346998 0.403816 0.032776 0.063181 
0.466354 0.158962 0.018774 0.004607 0.351303 
0.516522 0.198670 0.279162 0.001838 0.003807 
0.246431 0.579805 0.032219 0.128143 0.013402 
0.158691 0.635301 0.062495 0.010325 0.133187 
0.905630 0.079634 0.000837 0.002271 0.011627 
0.344787 0.056679 0.025596 0.056637 0.516300 
0.352394 0.108010 0.020603 0.043529 0.475464 
0.299610 0.087418 0.042013 0.047339 0.523620 
0.310478 0.140557 0.032123 0.038351 0.478491 
0.009313 0.295019 0.464518 0.220908 0.010241 
0.603057 0.287956 0.000413 0.023072 0.085502 
0.219727 0.198868 0.038642 0.033294 0.509469 
0.185304 0.243650 0.030235 0.025426 0.515385 
0.293796 0.352278 0.001110 0.303795 0.049022 
0.105084 0.012121 0.630775 0.251253 0.000767 
0.030876 0.000044 0.604189 0.001490 0.363401 
0.055880 0.552775 0.131018 0.257931 0.002397 
0.576451 0.027545 0.379307 0.015694 0.001003 
0.035421 0.506918 0.252439 0.201850 0.003372 
0.039363 0.408472 0.413476 0.138451 0.000237 
0.156995 0.153950 0.605297 0.026594 0.057165 
0.090814 0.285150 0.531535 0.076797 0.015704 
0.040647 0.540817 0.001336 0.259003 0.158197 
0.108782 0.633486 0.031724 0.068259 0.157748 
0.021022 0.587140 0.300763 0.088778 0.002297 
0.260047 0.135099 0.450757 0.048408 0.105689 
0.321858 0.145283 0.406307 0.028680 0.097872 
0.004804 0.108926 0.345296 0.003044 0.537930 
0.039121 0.531660 0.165194 0.011772 0.252253 
0.221455 0.287871 0.006368 0.277576 0.206730 
0.349871 0.458349 0.020914 0.086436 0.084430 
0.271634 0.526625 0.028674 0.067237 0.105830 
0.597668 0.301718 0.069806 0.021782 0.009026 
0.059151 0.349081 0.537553 0.000157 0.054058 
0.260135 0.021363 0.577490 0.085004 0.056009 
0.272036 0.004447 0.691233 0.023268 0.009015 
0.286884 0.000064 0.670745 0.030016 0.012291 
0.070264 0.003724 0.765270 0.023895 0.136846 
0.049776 0.009706 0.364889 0.535822 0.039807 
0.084188 0.003992 0.850103 0.023168 0.038549 
0.008235 0.001004 0.574553 0.250896 0.165313 
0.290330 0.045824 0.361361 0.182341 0.120143 
0.135357 0.530235 0.109717 0.014104 0.210587 
0.409672 0.172883 0.322878 0.009738 0.084830 
0.029226 0.271017 0.438071 0.132615 0.129071 
0.004923 0.519548 0.148591 0.326607 0.000330 
0.024155 0.546279 0.116801 0.304640 0.008124 
0.044270 0.562058 0.099713 0.271435 0.022525 
0.193242 0.500638 0.075325 0.179710 0.051085 
0.005411 0.451887 0.245697 0.267226 0.029778 
0.384775 0.112113 0.432928 0.069251 0.000932 
0.236276 0.224945 0.386967 0.151809 0.000004 
0.118915 0.633832 0.006371 0.131041 0.109842 
0.075024 0.670328 0.022481 0.084054 0.148112 
0.129322 0.561161 0.050161 0.099881 0.159475 
0.016349 0.524927 0.000092 0.076187 0.382445 
0.537186 0.196416 0.030046 0.157290 0.079062 
0.113285 0.039911 0.677922 0.168862 0.000020 
0.003090 0.489590 0.282584 0.047765 0.176970 
0.522739 0.115351 0.006487 0.013012 0.342412 
0.202070 0.342201 0.159340 0.286948 0.009442 
0.018110 0.016577 0.778753 0.177121 0.009439 
0.552899 0.370221 0.006183 0.068430 0.002268 
0.122442 0.169531 0.583856 0.103932 0.020238 
0.845288 0.061070 0.005409 0.039182 0.049051 
0.026948 0.203888 0.189541 0.576813 0.002811 
0.257776 0.121689 0.490195 0.122570 0.007770 
0.075466 0.032945 0.664873 0.006320 0.220396 
0.021524 0.183657 0.560238 0.096609 0.137972 
0.133323 0.632201 0.052653 0.147159 0.034664 
0.245964 0.649111 0.007603 0.080087 0.017234 
0.353392 0.589500 0.048807 0.005444 0.002857 
0.001335 0.356079 0.216699 0.408319 0.017568 
0.046333 0.058470 0.594272 0.024309 0.276617 
0.215410 0.123351 0.493981 0.064866 0.102392 
0.066770 0.018051 0.623975 0.183349 0.107856 
0.278915 0.123985 0.445022 0.055083 0.096995 
0.255166 0.144687 0.446512 0.040444 0.113191 
0.323741 0.168322 0.381572 0.012973 0.113392 
0.367673 0.222932 0.309375 0.000530 0.099490 
0.220359 0.514818 0.001202 0.154960 0.108661 
0.168834 0.387750 0.050536 0.156963 0.235916 
0.135674 0.345631 0.042210 0.186486 0.289999 
0.327865 0.337786 0.019504 0.182039 0.132806 
0.200841 0.583383 0.046878 0.047674 0.121223 
0.312882 0.000024 0.661359 0.016925 0.008809 
0.000001 0.739917 0.078771 0.142209 0.039102 
0.253390 0.023568 0.567471 0.093780 0.061791 
0.009968 0.803028 0.018024 0.109185 0.059796 
0.263217 0.009164 0.636469 0.057012 0.034138 
0.258254 0.004222 0.706876 0.022090 0.008559 
0.094391 0.079315 0.706434 0.001768 0.118092 
0.034852 0.066060 0.806260 0.082646 0.010182 
0.038013 0.435494 0.204144 0.024435 0.297914 
0.052450 0.449202 0.164405 0.272881 0.061062 
0.218453 0.494419 0.091155 0.193351 0.002621 
0.043011 0.157556 0.186287 0.522282 0.090863 
0.013197 0.701261 0.079959 0.017089 0.188494 
0.476800 0.151927 0.000229 0.336323 0.034721 
0.328200 0.125939 0.464286 0.014826 0.066749 
0.000009 0.062250 0.004036 0.721861 0.211844 
0.357810 0.011416 0.601685 0.014016 0.015073 
0.288247 0.222293 0.221418 0.152085 0.115956 
0.507939 0.022670 0.160088 0.291061 0.018242 
0.659237 0.082558 0.005425 0.134662 0.118118 
0.699106 0.114697 0.029466 0.058140 0.098590 
0.804063 0.132316 0.016547 0.001537 0.045537 
0.798510 0.171432 0.001118 0.016911 0.012030 
0.666668 0.281857 0.001906 0.038687 0.010882 
0.240884 0.021891 0.089563 0.107727 0.539935 
0.107927 0.000008 0.139407 0.147979 0.604678 
0.001744 0.225826 0.175847 0.583136 0.013447 
0.277647 0.189017 0.465901 0.060945 0.006490 
0.125702 0.042381 0.579321 0.251279 0.001317 
0.117736 0.072655 0.631788 0.176432 0.001389 
0.466721 0.028121 0.024896 0.480103 0.000159 
0.446211 0.162836 0.203139 0.177430 0.010384 
0.536290 0.209495 0.078989 0.170093 0.005133 
0.113439 0.017380 0.821638 0.036459 0.011085 
0.087591 0.117486 0.016396 0.011920 0.766607 
0.170452 0.009389 0.488593 0.308485 0.023081 
0.487703 0.292124 0.004555 0.106598 0.109020 
0.561596 0.142994 0.134015 0.144531 0.016863 
0.017059 0.859343 0.017030 0.028772 0.077797 
0.239492 0.461947 0.224092 0.064097 0.010372 
0.089086 0.616484 0.097482 0.008640 0.188309 
0.337785 0.515303 0.000201 0.079702 0.067009 
0.332564 0.514681 0.016342 0.032954 0.103459 
0.387295 0.447615 0.008028 0.020270 0.136792 
0.271265 0.591898 0.016355 0.022692 0.097790 
0.087722 0.827923 0.062281 0.000001 0.022074 
0.002162 0.724537 0.245758 0.000014 0.027527 
0.213330 0.213738 0.389843 0.006197 0.176892 
0.017050 0.514197 0.297341 0.019303 0.152110 
0.008632 0.488278 0.314986 0.010311 0.177792 
0.209627 0.487201 0.040553 0.103078 0.159542 
0.165515 0.301497 0.017135 0.249605 0.266248 
0.088250 0.323606 0.058576 0.145276 0.384292 
0.107937 0.307558 0.027176 0.193104 0.364225 
0.112001 0.350043 0.061575 0.156966 0.319415 
0.136206 0.497572 0.059811 0.094307 0.212105 
0.048753 0.205913 0.336298 0.001066 0.407971 
0.413664 0.340333 0.015529 0.153176 0.077298 
0.233113 0.560163 0.030500 0.058408 0.117816 
0.020399 0.039399 0.886974 0.028168 0.025060 
0.528064 0.458938 0.012788 0.000092 0.000118 
0.617312 0.117757 0.193829 0.003671 0.067431 
0.628617 0.002927 0.358693 0.009413 0.000350 
0.087193 0.000261 0.803580 0.065689 0.043277 
0.178995 0.001868 0.706052 0.068169 0.044916 
0.218736 0.083300 0.634696 0.024204 0.039063 
0.143615 0.127334 0.621176 0.016214 0.091662 
0.081147 0.075374 0.735672 0.104964 0.002843 
0.005276 0.082694 0.453184 0.349854 0.108992 
0.052350 0.033883 0.409881 0.448317 0.055569 
0.070885 0.105934 0.703058 0.105111 0.015012 
0.774459 0.058648 0.084530 0.054776 0.027587 
0.339475 0.032680 0.412124 0.130039 0.085682 
0.000020 0.001213 0.495551 0.303344 0.199871 
0.124350 0.325312 0.258536 0.001984 0.289818 
0.272436 0.444717 0.113980 0.008626 0.160241 
0.243543 0.147816 0.195311 0.008336 0.404994 
0.005929 0.026359 0.585373 0.027234 0.355104 
0.143260 0.354988 0.262826 0.201879 0.037047 
0.209509 0.280340 0.329709 0.149035 0.031407 
0.031305 0.497122 0.071775 0.380270 0.019529 
0.008475 0.459083 0.117288 0.412240 0.002914 
0.065202 0.756476 0.058318 0.063362 0.056641 
0.019346 0.329714 0.000005 0.603286 0.047648 
0.323894 0.074327 0.068627 0.423913 0.109239 
0.451001 0.047029 0.355290 0.090565 0.056115 
0.393844 0.378997 0.004136 0.096494 0.126529 
0.008299 0.576364 0.104820 0.255251 0.055266 
0.203502 0.481518 0.080708 0.210292 0.023980 
0.038103 0.552054 0.108793 0.300856 0.000194 
0.680059 0.016751 0.004068 0.246062 0.053060 
0.077444 0.134219 0.725945 0.030376 0.032016 
0.892240 0.019645 0.042433 0.045417 0.000266 
0.915191 0.039716 0.011450 0.031690 0.001954 
0.814283 0.013784 0.000044 0.034344 0.137545 
0.274266 0.163364 0.026911 0.032128 0.503332 
0.186713 0.042585 0.097701 0.104521 0.568480 
0.112392 0.144345 0.163508 0.578676 0.001079 
0.018369 0.163879 0.129853 0.672348 0.015551 
0.001628 0.056692 0.034143 0.868860 0.038677 
0.117826 0.047027 0.600142 0.233772 0.001233 
0.136625 0.042946 0.499248 0.320558 0.000623 
0.086361 0.012162 0.369160 0.532316 0.000000 
0.516016 0.097747 0.052951 0.328532 0.004754 
0.059629 0.033987 0.034254 0.018193 0.853937 
0.033386 0.017907 0.022884 0.009316 0.916507 
0.099367 0.129519 0.024024 0.018767 0.728324 
0.006845 0.552432 0.343180 0.090860 0.006683 
0.152889 0.032593 0.575939 0.111744 0.126835 
0.110684 0.782821 0.024950 0.081441 0.000105 
0.305224 0.614136 0.001320 0.011156 0.068163 
0.485907 0.433005 0.015659 0.002581 0.062848 
0.178784 0.635684 0.045476 0.026162 0.113894 
0.001315 0.625197 0.337351 0.002628 0.033509 
0.000902 0.025736 0.566068 0.038624 0.368670 
0.230682 0.643997 0.023949 0.031588 0.069783 
0.113471 0.785055 0.065172 0.011253 0.025049 
0.170934 0.741771 0.023560 0.006268 0.057467 
0.018007 0.841050 0.133211 0.006281 0.001451 
0.005065 0.625200 0.321204 0.013867 0.034663 
0.027712 0.650957 0.162324 0.000256 0.158752 
0.089547 0.465810 0.100446 0.061847 0.282351 
0.062889 0.629644 0.119980 0.008918 0.178569 
0.038727 0.665461 0.160722 0.003948 0.131142 
0.106775 0.705427 0.057939 0.013557 0.116303 
0.237790 0.445405 0.031734 0.127687 0.157383 
0.185268 0.446686 0.046110 0.127613 0.194323 
0.139545 0.566609 0.050027 0.060590 0.183229 
0.115639 0.522353 0.075859 0.063679 0.222469 
0.195190 0.550627 0.045225 0.064643 0.144315 
0.130601 0.420464 0.064830 0.126387 0.257718 
0.265570 0.491983 0.028476 0.093062 0.120910 
0.165409 0.619958 0.030953 0.183680 0.000000 
0.266356 0.434776 0.007560 0.282045 0.009264 
0.349951 0.000053 0.406417 0.001254 0.242325 
0.019793 0.043768 0.860651 0.027332 0.048456 
0.015906 0.023218 0.882630 0.026503 0.051743 
0.001737 0.794191 0.072274 0.130481 0.001317 
0.001903 0.773592 0.079181 0.142949 0.002375 
0.447505 0.075407 0.290142 0.182774 0.004172 
0.558007 0.060325 0.232112 0.146218 0.003338 
0.058656 0.000314 0.810912 0.078437 0.051682 
0.042201 0.000383 0.798444 0.095830 0.063142 
0.020516 0.789268 0.013486 0.116763 0.059967 
0.337075 0.136259 0.508354 0.016463 0.001848 
0.182179 0.104466 0.629898 0.022461 0.060996 
0.148334 0.144910 0.608353 0.016224 0.082179 
0.039452 0.044498 0.426859 0.421702 0.067490 
0.216961 0.000628 0.343346 0.425029 0.014036 
0.038453 0.496202 0.149802 0.041657 0.273886 
0.072266 0.103671 0.715248 0.102049 0.006766 
0.007132 0.009006 0.940374 0.034443 0.009045 
0.021494 0.000071 0.058571 0.869245 0.050619 
0.005448 0.597739 0.112051 0.050181 0.234582 
0.007725 0.346273 0.287051 0.000102 0.358849 
0.173297 0.339866 0.160293 0.326459 0.000084 
0.250285 0.445977 0.043244 0.259772 0.000723 
0.512371 0.239775 0.047055 0.199389 0.001410 
0.110333 0.384765 0.036388 0.238994 0.229520 
0.338343 0.128801 0.516867 0.015871 0.000119 
0.423638 0.078784 0.002760 0.000000 0.494818 
0.035107 0.088991 0.162040 0.582257 0.131605 
0.133668 0.280492 0.458368 0.103758 0.023713 
0.004628 0.328459 0.617487 0.014569 0.034857 
0.463049 0.015339 0.498698 0.002686 0.020229 
0.500873 0.336044 0.021349 0.134665 0.007068 
0.220568 0.185966 0.073876 0.456688 0.062901 
0.002728 0.249235 0.048455 0.565888 0.133694 
0.398927 0.072441 0.500733 0.027840 0.000058 
0.264396 0.451841 0.059331 0.181530 0.042902 
0.209242 0.395504 0.053850 0.208049 0.133354 
0.502663 0.000142 0.080206 0.410521 0.006468 
0.486626 0.032121 0.394856 0.000993 0.085404 
0.457787 0.261171 0.014324 0.116051 0.150667 
0.567552 0.026583 0.377467 0.005341 0.023057 
0.120134 0.145060 0.197575 0.533515 0.003715 
0.871582 0.065663 0.032503 0.010192 0.020060 
0.237302 0.176630 0.032887 0.036845 0.516336 
0.015674 0.003821 0.023651 0.009629 0.947225 
0.382033 0.569965 0.007551 0.022001 0.018450 
0.279029 0.223368 0.474745 0.019811 0.003047 
0.321091 0.261400 0.393473 0.014889 0.009148 
0.332888 0.157147 0.402325 0.097606 0.010034 
0.304630 0.111169 0.354942 0.222169 0.007089 
0.117380 0.030275 0.458388 0.393956 0.000000 
0.299218 0.054795 0.182557 0.461304 0.002126 
0.173617 0.000004 0.037699 0.787809 0.000872 
0.067160 0.753301 0.117730 0.028834 0.032975 
0.020423 0.688667 0.126442 0.112026 0.052442 
0.002174 0.556625 0.063941 0.374768 0.002493 
0.242205 0.032214 0.040245 0.581284 0.104052 
0.233380 0.641874 0.021811 0.027474 0.075461 
0.230916 0.553144 0.028635 0.014055 0.173250 
0.155118 0.647148 0.063161 0.048279 0.086293 
0.094028 0.705125 0.092899 0.008683 0.099265 
0.383354 0.593920 0.000246 0.009249 0.013231 
0.008403 0.809942 0.170379 0.001363 0.009914 
0.025836 0.700575 0.180150 0.034241 0.059199 
0.015838 0.739731 0.214217 0.019520 0.010695 
0.081212 0.350291 0.092431 0.103868 0.372197 
0.270191 0.000007 0.007271 0.721175 0.001356 
0.161186 0.002824 0.768435 0.051805 0.015750 
0.058214 0.849409 0.062386 0.022988 0.007002 
0.037404 0.871042 0.055404 0.033430 0.002721 
0.178254 0.574907 0.002523 0.175764 0.068552 
0.434383 0.507655 0.009044 0.040848 0.008070 
0.272127 0.111034 0.367507 0.238569 0.010764 
0.609288 0.120226 0.197893 0.003747 0.068845 
0.003328 0.843528 0.054238 0.097919 0.000988 
0.000013 0.926464 0.019512 0.048418 0.005593 
0.244035 0.120834 0.602756 0.011741 0.020634 
0.194051 0.124313 0.617710 0.014765 0.049162 
0.164685 0.129146 0.617278 0.018192 0.070698 
0.130674 0.106656 0.645862 0.017760 0.099048 
0.096135 0.097848 0.706957 0.098937 0.000122 
0.095016 0.129826 0.677578 0.094656 0.002924 
0.071410 0.070387 0.747691 0.106678 0.003834 
0.115919 0.482459 0.001998 0.295032 0.104591 
0.210242 0.001286 0.345762 0.426370 0.016340 
0.036373 0.061092 0.451522 0.388791 0.062223 
0.001102 0.512387 0.151992 0.071191 0.263329 
0.432607 0.197046 0.047787 0.318641 0.003920 
0.009063 0.005127 0.907572 0.041294 0.036944 
0.482277 0.000930 0.304337 0.009314 0.203143 
0.134036 0.225006 0.490312 0.081894 0.068752 
0.459652 0.055587 0.000463 0.004472 0.479825 
0.023618 0.242061 0.225003 0.469102 0.040216 
0.281286 0.132528 0.488724 0.095121 0.002341 
0.228820 0.347060 0.000371 0.415185 0.008564 
0.018299 0.058318 0.189993 0.610019 0.123371 
0.304456 0.089070 0.434341 0.053018 0.119115 
0.071188 0.360596 0.497603 0.046381 0.024232 
0.392508 0.021782 0.133354 0.414635 0.037722 
0.357474 0.069215 0.194370 0.330586 0.048355 
0.003743 0.142094 0.020046 0.620788 0.213329 
0.030143 0.000263 0.706327 0.261028 0.002238 
0.002664 0.652658 0.020147 0.321196 0.003335 
0.064539 0.528661 0.087377 0.311218 0.008205 
0.000963 0.522563 0.043589 0.410183 0.022701 
0.000022 0.556953 0.109759 0.331742 0.001524 
0.016590 0.151339 0.816553 0.001664 0.013853 
0.039367 0.106311 0.791543 0.001579 0.061201 
0.287131 0.648365 0.005320 0.050629 0.008555 
0.305159 0.021406 0.471609 0.013271 0.188555 
0.888328 0.054312 0.000018 0.033200 0.024142 
0.228659 0.113646 0.047027 0.051924 0.558744 
0.182701 0.066957 0.074120 0.079876 0.596346 
0.127185 0.079807 0.658879 0.131776 0.002353 
0.587386 0.035340 0.130305 0.237351 0.009618 
0.560379 0.035153 0.079557 0.291626 0.033285 
0.047512 0.763611 0.086440 0.048281 0.054156 
0.046820 0.817933 0.016611 0.016565 0.102071 
0.008359 0.530485 0.147048 0.269028 0.045081 
0.017444 0.588204 0.140450 0.209111 0.044792 
0.018323 0.652137 0.018256 0.006605 0.304679 
0.165089 0.254014 0.460530 0.062380 0.057987 
0.235696 0.254402 0.415046 0.000425 0.094431 
0.308103 0.565918 0.005095 0.009322 0.111563 
0.077366 0.703669 0.120503 0.027812 0.070649 
0.028782 0.735235 0.173316 0.011351 0.051316 
0.044298 0.577968 0.164721 0.040207 0.172806 
0.024981 0.715343 0.158837 0.003273 0.097566 
0.047689 0.451791 0.163069 0.092702 0.244749 
0.183931 0.500494 0.038132 0.002108 0.275335 
0.111606 0.496879 0.091835 0.031229 0.268450 
0.131602 0.656159 0.049940 0.002594 0.159705 
0.006356 0.606635 0.341756 0.016475 0.028777 
0.004569 0.646854 0.271311 0.007342 0.069924 
0.501419 0.443706 0.000798 0.016380 0.037698 
0.005345 0.440001 0.343894 0.089761 0.121000 
0.447971 0.540106 0.004832 0.001249 0.005843 
0.268898 0.717740 0.011037 0.002083 0.000243 
0.246933 0.343418 0.276326 0.117273 0.016051 
0.093044 0.628834 0.002943 0.063706 0.211473 
0.122468 0.730747 0.073533 0.061059 0.012194 
0.152821 0.653206 0.038962 0.126026 0.028986 
0.230186 0.650241 0.010096 0.003166 0.106310 
0.177728 0.727025 0.017991 0.076498 0.000758 
0.260176 0.519772 0.003515 0.210115 0.006422 
0.114870 0.464906 0.082222 0.212107 0.125896 
0.148634 0.525115 0.064843 0.178969 0.082439 
0.001700 0.569671 0.361622 0.004457 0.062550 
0.005431 0.570713 0.300668 0.010998 0.112190 
0.056023 0.532568 0.156384 0.107860 0.147165 
0.106400 0.523314 0.111967 0.159489 0.098831 
0.021262 0.576558 0.232555 0.044899 0.124726 
0.050278 0.739416 0.113668 0.078213 0.018425 
0.198788 0.000955 0.701779 0.071775 0.026703 
0.091838 0.766615 0.097367 0.025594 0.018585 
0.015989 0.018105 0.887250 0.026642 0.052014 
0.035450 0.060045 0.892723 0.011315 0.000466 
0.005860 0.800874 0.067774 0.124795 0.000697 
0.387110 0.081387 0.470472 0.047609 0.013422 
0.433241 0.094452 0.442281 0.026913 0.003112 
0.156062 0.074271 0.650656 0.028624 0.090387 
0.153960 0.127091 0.620321 0.017382 0.081246 
0.282517 0.295727 0.006389 0.407163 0.008204 
0.044117 0.026846 0.399014 0.471572 0.058451 
0.036023 0.070117 0.447181 0.385054 0.061624 
0.264524 0.101463 0.003294 0.025579 0.605141 
0.682734 0.094634 0.081091 0.112783 0.028759 
0.211479 0.032748 0.071167 0.146973 0.537633 
0.018090 0.059054 0.119347 0.786283 0.017227 
0.013802 0.182076 0.554102 0.019148 0.230872 
0.273113 0.138293 0.546301 0.037737 0.004556 
0.248365 0.212107 0.418058 0.088581 0.032888 
0.001381 0.317032 0.033419 0.630417 0.017750 
0.000539 0.431437 0.031894 0.534820 0.001309 
0.202694 0.056180 0.672090 0.061765 0.007271 
0.077276 0.283072 0.078229 0.448708 0.112715 
0.018004 0.549122 0.074410 0.351069 0.007394 
0.000293 0.567228 0.142383 0.290078 0.000017 
0.351754 0.043450 0.221555 0.370739 0.012502 
0.508136 0.040941 0.002666 0.440697 0.007560 
0.158611 0.099026 0.680878 0.026115 0.035370 
0.572499 0.291027 0.004860 0.072395 0.059219 
0.849436 0.043162 0.065681 0.029816 0.011904 
0.071415 0.000060 0.129047 0.117727 0.681752 
0.063766 0.173109 0.160928 0.598695 0.003502 
0.000039 0.307116 0.575676 0.100442 0.016728 
0.008205 0.278638 0.238162 0.474729 0.000266 
0.215929 0.131071 0.542658 0.103833 0.006509 
0.209963 0.136233 0.559631 0.088728 0.005445 
0.246732 0.116475 0.504315 0.125041 0.007437 
0.137085 0.086019 0.659782 0.114578 0.002536 
0.126019 0.050297 0.620419 0.201947 0.001319 
0.144340 0.062428 0.594571 0.195409 0.003252 
0.580373 0.015202 0.000470 0.403757 0.000198 
0.607351 0.256326 0.000000 0.036169 0.100154 
0.268100 0.049096 0.212863 0.468035 0.001905 
0.000103 0.394640 0.514270 0.066248 0.024739 
0.090840 0.788822 0.066928 0.007010 0.046400 
0.144924 0.771367 0.002501 0.048490 0.032718 
0.000084 0.455829 0.135330 0.390665 0.018093 
0.159826 0.434904 0.050154 0.016387 0.338728 
0.226664 0.524236 0.020195 0.002596 0.226309 
0.013675 0.362407 0.283006 0.152344 0.188568 
0.019535 0.529711 0.253375 0.049190 0.148189 
0.003581 0.506922 0.347755 0.054754 0.086989 
0.244380 0.676226 0.009317 0.051467 0.018610 
0.080692 0.678331 0.127179 0.079587 0.034212 
0.049697 0.816819 0.111396 0.015817 0.006271 
0.013364 0.479870 0.274505 0.039954 0.192307 
0.429158 0.043417 0.000056 0.220100 0.307269 
0.102254 0.057529 0.577293 0.091973 0.170951 
0.031080 0.593457 0.132954 0.226837 0.015672 
0.003982 0.869122 0.037174 0.072579 0.017144 
0.006399 0.758959 0.026971 0.130931 0.076741 
0.303593 0.061011 0.562743 0.053403 0.019250 
0.210367 0.110662 0.624476 0.013376 0.041118 
0.175711 0.066915 0.651954 0.032228 0.073192 
0.069225 0.437766 0.375546 0.000002 0.117460 
0.144767 0.485068 0.001867 0.282703 0.085595 
0.115919 0.482460 0.001998 0.295032 0.104591 
0.043381 0.254246 0.032613 0.382464 0.287296 
0.025456 0.358696 0.017052 0.346436 0.252361 
0.261172 0.148525 0.045160 0.318817 0.226325 
0.321127 0.070624 0.142068 0.281020 0.185162 
0.125319 0.256941 0.291623 0.325887 0.000231 
0.186731 0.097211 0.222445 0.036733 0.456880 
0.135986 0.049854 0.115267 0.663310 0.035583 
0.032660 0.100383 0.006939 0.327186 0.532831 
0.001906 0.368043 0.004910 0.618089 0.007053 
0.004838 0.556313 0.030158 0.041986 0.366705 
0.114933 0.001359 0.850725 0.019520 0.013464 
0.246353 0.028970 0.677451 0.032932 0.014294 
0.253078 0.003075 0.651965 0.001374 0.090509 
0.316916 0.017270 0.572799 0.001296 0.091719 
0.538329 0.006715 0.008733 0.446116 0.000107 
0.032181 0.319829 0.012491 0.242830 0.392668 
0.184589 0.453618 0.068604 0.244354 0.048834 
0.195091 0.128497 0.627909 0.047012 0.001490 
0.364003 0.570011 0.043372 0.006046 0.016568 
0.143943 0.048531 0.518276 0.287742 0.001508 
0.197113 0.036097 0.312215 0.453175 0.001401 
0.220692 0.076744 0.641826 0.022369 0.038368 
0.133668 0.773241 0.032649 0.059212 0.001231 
0.294680 0.177283 0.463390 0.006792 0.057855 
0.297941 0.400282 0.194037 0.101034 0.006706 
0.022115 0.442133 0.253749 0.088640 0.193364 
0.035179 0.458983 0.212725 0.089568 0.203546 
0.253277 0.605137 0.008338 0.091299 0.041949 
0.288015 0.505023 0.001447 0.135134 0.070381 
0.002635 0.423665 0.312910 0.021246 0.239545 
0.004660 0.452965 0.335322 0.016346 0.190706 
0.005630 0.420709 0.153640 0.078628 0.341392 
0.532730 0.125272 0.118016 0.223936 0.000045 
0.151168 0.173378 0.464089 0.073938 0.137428 
0.011957 0.001760 0.897725 0.029925 0.058633 
0.019065 0.189554 0.480682 0.255959 0.054740 
0.050269 0.000457 0.759909 0.114152 0.075214 
0.284988 0.026507 0.513534 0.105475 0.069497 
0.296246 0.089306 0.562813 0.032781 0.018853 
0.049359 0.017344 0.802871 0.120576 0.009850 
0.059253 0.046274 0.779290 0.111187 0.003996 
0.040089 0.006534 0.814662 0.127133 0.011582 
0.065333 0.032716 0.767796 0.002599 0.131555 
0.304560 0.097648 0.360985 0.229892 0.006914 
0.345793 0.054579 0.239361 0.217174 0.143094 
0.005489 0.158892 0.394544 0.437864 0.003211 
0.316501 0.329166 0.162960 0.006385 0.184989 
0.405005 0.232592 0.034182 0.006516 0.321705 
0.346786 0.148439 0.000581 0.474427 0.029766 
0.242839 0.056158 0.531594 0.135456 0.033953 
0.354079 0.253710 0.161684 0.162179 0.068349 
0.178375 0.314696 0.017734 0.204818 0.284377 
0.318563 0.237213 0.011324 0.152561 0.280339 
0.124787 0.169830 0.231311 0.469723 0.004349 
0.083120 0.009866 0.083983 0.074480 0.748550 
0.140371 0.044124 0.485517 0.329347 0.000640 
0.000274 0.366619 0.385127 0.131271 0.116709 
0.008747 0.463924 0.243716 0.046465 0.237147 
0.418178 0.216054 0.035850 0.001201 0.328717 
0.138934 0.059184 0.662959 0.025483 0.113440 
0.123213 0.042349 0.690486 0.024827 0.119124 
0.093846 0.012711 0.733030 0.029332 0.131081 
0.070058 0.008628 0.775811 0.006799 0.138703 
0.137582 0.026887 0.635306 0.063375 0.136850 
0.172386 0.120408 0.421346 0.273519 0.012341 
0.208377 0.167366 0.009964 0.359259 0.255034 
0.460773 0.088853 0.372446 0.044737 0.033191 
0.026365 0.839718 0.087708 0.010806 0.035404 
0.306792 0.592831 0.046436 0.053432 0.000509 
0.387333 0.508578 0.000984 0.068273 0.034833 
0.001940 0.000684 0.733220 0.202990 0.061166 
0.017379 0.013384 0.747147 0.186248 0.035842 
0.006728 0.473764 0.268948 0.099636 0.150924 
0.573236 0.220267 0.002582 0.074482 0.129434 
0.005650 0.172397 0.583213 0.117153 0.121587 
0.507643 0.009758 0.014535 0.083389 0.384675 
0.259378 0.002461 0.071074 0.129664 0.537423 
0.001171 0.107937 0.065339 0.774762 0.050790 
0.675727 0.091678 0.177985 0.013595 0.041015 
0.655364 0.239162 0.047073 0.043150 0.015251 
0.097602 0.006659 0.742909 0.036422 0.116407 
0.271421 0.281352 0.266223 0.172117 0.008886 
0.011662 0.557364 0.406338 0.023757 0.000879 
0.012572 0.342231 0.562680 0.078636 0.003882 
0.583359 0.146754 0.241558 0.004574 0.023755 
0.009979 0.845901 0.050539 0.093060 0.000520 
0.045107 0.815631 0.077875 0.051736 0.009651 
0.003386 0.746897 0.028704 0.139342 0.081671 
0.000110 0.831420 0.021182 0.096791 0.050496 
0.153970 0.201511 0.001268 0.365252 0.277999 
0.599420 0.001068 0.299305 0.004480 0.095726 
0.709084 0.019519 0.011827 0.206830 0.052740 
0.039271 0.664618 0.059279 0.077241 0.159591 
0.000001 0.360443 0.049601 0.465999 0.123956 
0.569589 0.197150 0.055950 0.004296 0.173015 
0.241041 0.603179 0.022670 0.093006 0.040105 
0.159618 0.054853 0.535021 0.042265 0.208242 
0.281611 0.092259 0.163893 0.461910 0.000327 
0.033737 0.319616 0.161657 0.182937 0.302053 
0.024137 0.352026 0.208726 0.149858 0.265253 
0.007943 0.840883 0.045434 0.082025 0.023714 
0.209024 0.013825 0.503987 0.147875 0.125289 
0.078279 0.100853 0.064884 0.423776 0.332208 
0.006294 0.149730 0.001354 0.503104 0.339518 
0.097811 0.014717 0.495887 0.391271 0.000313 
0.171882 0.016310 0.395425 0.398780 0.017604 
0.182510 0.009676 0.375541 0.409566 0.022707 
0.016394 0.000300 0.070700 0.429222 0.483383 
0.078091 0.015757 0.081318 0.776765 0.048070 
0.058020 0.310627 0.450162 0.175114 0.006078 
0.388587 0.011465 0.011194 0.584801 0.003953 
0.215741 0.104479 0.076551 0.516709 0.086521 
0.233716 0.001773 0.007834 0.715020 0.041657 
0.076909 0.625586 0.007428 0.002397 0.287679 
0.045301 0.111478 0.560167 0.091884 0.191171 
0.117905 0.206124 0.387244 0.279577 0.009150 
0.100681 0.014179 0.384662 0.500478 0.000000 
0.018255 0.020533 0.917264 0.029130 0.014818 
0.000182 0.646111 0.125269 0.226155 0.002282 
0.069105 0.023920 0.767361 0.003689 0.135925 
0.034481 0.787898 0.001202 0.152521 0.023898 
0.191978 0.037517 0.626446 0.061727 0.082332 
0.380778 0.053818 0.473615 0.067469 0.024320 
0.149230 0.009870 0.526893 0.121890 0.192117 
0.132438 0.533225 0.003362 0.239563 0.091412 
0.025060 0.003536 0.370976 0.591382 0.009046 
0.161709 0.018845 0.562652 0.220105 0.036689 
0.010827 0.466397 0.011073 0.077939 0.433764 
0.163668 0.065271 0.042579 0.622685 0.105796 
0.254751 0.020019 0.032287 0.636020 0.056922 
0.315748 0.107030 0.220607 0.352732 0.003884 
0.113291 0.050322 0.061377 0.053514 0.721496 
0.118819 0.185529 0.322253 0.367340 0.006059 
0.114743 0.201728 0.462368 0.207273 0.013889 
0.047780 0.001470 0.210907 0.736059 0.003784 
0.526190 0.136567 0.017152 0.125138 0.194953 
0.002260 0.732189 0.094047 0.169790 0.001714 
0.482213 0.146071 0.275703 0.000001 0.096012 
0.047392 0.001839 0.803299 0.003852 0.143618 
0.172592 0.000363 0.423695 0.158849 0.244501 
0.000352 0.081707 0.500293 0.407084 0.010564 
0.055385 0.006656 0.148138 0.699890 0.089931 
0.001063 0.020610 0.108601 0.700157 0.169570 
0.030729 0.002438 0.121669 0.761974 0.083191 
0.170739 0.108131 0.640092 0.008463 0.072575 
0.111874 0.051342 0.720464 0.038739 0.077581 
0.056698 0.073396 0.540142 0.324686 0.005078 
0.115279 0.687009 0.028151 0.039255 0.130306 
0.125465 0.634711 0.021194 0.030789 0.187841 
0.026679 0.721363 0.163269 0.054188 0.034501 
0.418238 0.072161 0.177501 0.329678 0.002423 
0.004020 0.144723 0.091130 0.727409 0.032718 
0.000391 0.098364 0.057288 0.766614 0.077343 
0.164556 0.106771 0.628828 0.095578 0.004268 
0.059223 0.226773 0.391038 0.322398 0.000568 
0.012174 0.000326 0.898196 0.030249 0.059055 
0.000001 0.815280 0.055517 0.100227 0.028976 
0.206591 0.229718 0.395168 0.162149 0.006374 
0.049958 0.794306 0.005997 0.149454 0.000285 
0.265153 0.019660 0.474766 0.147855 0.092566 
0.001021 0.022878 0.037696 0.529871 0.408534 
0.014341 0.326483 0.533900 0.048582 0.076694 
0.051478 0.432549 0.081170 0.434792 0.000011 
0.205771 0.547187 0.000660 0.159582 0.086800 
0.021395 0.115069 0.489232 0.137198 0.237107 
0.537452 0.050040 0.296495 0.105076 0.010937 
0.472857 0.075685 0.046397 0.180736 0.224325 
0.012591 0.877325 0.038604 0.071083 0.000397 
0.080089 0.266345 0.458174 0.188003 0.007390 
0.047632 0.757617 0.010511 0.178909 0.005332 
0.087011 0.011748 0.556612 0.323485 0.021144 
0.746009 0.003840 0.091867 0.070768 0.087517 
0.028270 0.234494 0.268492 0.466980 0.001763 
0.051889 0.000045 0.105303 0.838453 0.004310 
0.050683 0.000044 0.126098 0.818965 0.004210 
0.059183 0.000052 0.104257 0.831592 0.004916 
0.613022 0.153312 0.065064 0.065798 0.102805 
0.340245 0.190825 0.328262 0.135373 0.005295 
0.000017 0.059268 0.688860 0.131754 0.120102 
0.012202 0.127500 0.552563 0.228628 0.079106 
0.033276 0.136387 0.771927 0.020317 0.038092 
0.002898 0.190145 0.035058 0.288963 0.482935 
0.270560 0.046592 0.480932 0.023960 0.177956 
0.020047 0.239235 0.480614 0.229859 0.030245 
0.001689 0.585185 0.123768 0.173056 0.116301 
0.208559 0.284956 0.342841 0.062120 0.101524 
0.018427 0.006394 0.588362 0.237919 0.148898 
0.017582 0.006119 0.931661 0.029587 0.015051 
0.000271 0.131556 0.494293 0.287474 0.086407 
0.077469 0.171334 0.072186 0.523928 0.155083 
0.241774 0.009488 0.740543 0.003033 0.005162 
0.171865 0.006104 0.790934 0.009824 0.021273 
0.425539 0.004764 0.132063 0.315330 0.122305 
0.028351 0.031195 0.925143 0.014168 0.001142 
0.000105 0.290250 0.583103 0.109595 0.016947 
0.128843 0.095145 0.764606 0.007784 0.003622 
0.028729 0.019439 0.937473 0.014357 0.000001 
0.020620 0.003231 0.956330 0.019344 0.000475 
0.014413 0.859571 0.044191 0.081370 0.000455 
0.018994 0.000015 0.932769 0.031963 0.016260 
0.064344 0.180805 0.458494 0.244144 0.052214 
0.029110 0.431364 0.157471 0.233766 0.148288 
0.034816 0.039185 0.757936 0.080426 0.087637 
0.088398 0.000206 0.885124 0.000487 0.025785 
0.045648 0.000420 0.882815 0.008740 0.062377 
0.213941 0.055812 0.728830 0.001394 0.000023 
0.185467 0.006949 0.688908 0.027336 0.091340 
0.051398 0.021709 0.766205 0.046371 0.114317 
0.323712 0.078173 0.589313 0.002681 0.006121 
0.351167 0.080289 0.510889 0.034982 0.022672 
0.005123 0.418500 0.001059 0.281762 0.293555 
0.174524 0.649617 0.004738 0.010777 0.160343 
0.336953 0.136337 0.019988 0.500681 0.006040 
0.018561 0.507977 0.074289 0.185402 0.213771 
0.175085 0.484598 0.007458 0.205444 0.127415 
0.002834 0.178297 0.022490 0.181251 0.615129 
0.002080 0.001530 0.462560 0.136700 0.397130 
0.051390 0.087523 0.519526 0.210083 0.131477 
0.003415 0.075675 0.487717 0.350548 0.082645 
0.136415 0.013246 0.726305 0.072993 0.051041 
0.080131 0.762541 0.000050 0.113741 0.043538 
0.007923 0.738132 0.000155 0.206140 0.047649 
0.275301 0.077696 0.645768 0.001028 0.000207 
0.149541 0.021941 0.806670 0.012121 0.009728 
0.005864 0.125876 0.054971 0.213654 0.599634 
0.027993 0.705465 0.161428 0.101501 0.003614 
0.085950 0.650171 0.101735 0.146027 0.016118 
0.054313 0.317662 0.025044 0.246168 0.356813 
0.034454 0.932257 0.032390 0.000864 0.000036 
0.281040 0.048680 0.387429 0.277150 0.005701 
0.082075 0.719304 0.112552 0.082655 0.003415 
0.001945 0.096717 0.516553 0.367033 0.017752 
0.112616 0.013746 0.207136 0.311906 0.354595 
0.042990 0.235814 0.372415 0.267675 0.081106 
0.026742 0.558079 0.012539 0.168993 0.233648 
0.006922 0.045239 0.084842 0.002235 0.860762 
0.009281 0.021535 0.116606 0.052703 0.799874 
0.434940 0.084422 0.180646 0.133224 0.166768 
0.137833 0.000037 0.501494 0.359002 0.001633 
0.016782 0.509917 0.160224 0.245575 0.067502 
0.000065 0.003081 0.837245 0.004203 0.155406 
0.067972 0.026899 0.880482 0.019752 0.004896 
0.056028 0.058626 0.876080 0.008730 0.000535 
0.096690 0.027809 0.842203 0.027104 0.006195 
0.275161 0.003172 0.503646 0.154131 0.063890 
0.336420 0.240432 0.395752 0.007494 0.019901 
0.028762 0.574220 0.169437 0.224134 0.003448 
0.121342 0.604524 0.083918 0.174466 0.015749 
0.029181 0.403925 0.218049 0.000462 0.348383 
0.501860 0.052021 0.000373 0.090329 0.355418 
0.003127 0.537123 0.115942 0.000615 0.343194 
0.009952 0.461311 0.190982 0.337107 0.000647 
0.128150 0.000364 0.109393 0.761450 0.000643 
0.474355 0.190455 0.313489 0.005937 0.015764 
0.004215 0.157843 0.034305 0.408975 0.394662 
0.013847 0.880350 0.071120 0.001656 0.033027 
0.020325 0.001772 0.494570 0.276875 0.206457 
0.047439 0.006823 0.554884 0.190609 0.200246 
0.072534 0.000063 0.070371 0.851007 0.006025 
0.363510 0.045251 0.346340 0.131109 0.113790 
0.106773 0.379200 0.265436 0.190783 0.057808 
0.188973 0.503298 0.222034 0.034783 0.050912 
0.002450 0.557228 0.030618 0.119159 0.290544 
0.001679 0.002345 0.470643 0.252067 0.273266 
0.093244 0.016981 0.718026 0.085872 0.085877 
0.229656 0.036109 0.703427 0.022129 0.008679 
0.173476 0.019046 0.674446 0.084998 0.048034 
0.010825 0.050139 0.015470 0.452706 0.470860 
0.152957 0.027242 0.724458 0.078159 0.017184 
0.008851 0.699235 0.102367 0.188493 0.001053 
0.069057 0.603820 0.172621 0.121581 0.032921 
0.041132 0.000906 0.544014 0.262013 0.151935 
0.132632 0.628828 0.155836 0.046971 0.035733 
0.017694 0.425556 0.075975 0.410757 0.070018 
0.008542 0.255929 0.564219 0.169615 0.001696 
0.086183 0.520194 0.030166 0.297789 0.065668 
0.019338 0.130330 0.355571 0.165084 0.329676 
0.000207 0.010332 0.242071 0.249378 0.498013 
0.175900 0.044234 0.000221 0.727134 0.052510 
0.021939 0.002577 0.520952 0.332944 0.121588 
0.070858 0.007030 0.690225 0.130784 0.101102 
0.000025 0.310802 0.392904 0.278098 0.018171 
0.002186 0.313186 0.458350 0.220564 0.005714 
0.000002 0.046039 0.299666 0.534783 0.119510 
0.118563 0.013984 0.279959 0.587116 0.000378 
0.000003 0.262673 0.349967 0.352173 0.035183 
0.002122 0.190702 0.175618 0.563797 0.067761 
0.021676 0.440487 0.142635 0.393556 0.001646 
0.094899 0.001531 0.166159 0.736935 0.000476 
0.168725 0.030898 0.313213 0.485965 0.001199 
0.000009 0.039475 0.058905 0.779807 0.121804 
0.171504 0.057824 0.493592 0.275282 0.001797 
0.000233 0.003801 0.918628 0.077218 0.000121 
0.006400 0.099585 0.500254 0.026392 0.367368 
0.000960 0.002062 0.498342 0.363803 0.134833 
0.010649 0.429578 0.510598 0.024601 0.024574 
0.063168 0.673056 0.245593 0.009410 0.008772 
0.129458 0.484983 0.321636 0.052349 0.011574 
0.039263 0.787321 0.166240 0.004866 0.002310 
0.183398 0.276253 0.450320 0.084559 0.005469 
0.093119 0.301021 0.421925 0.133949 0.049987 
0.111154 0.400890 0.381847 0.084503 0.021607 
0.000101 0.620713 0.259617 0.053261 0.066308 
0.070992 0.031997 0.300492 0.242780 0.353739 
0.163264 0.099629 0.312128 0.101567 0.323411 
0.011292 0.027812 0.138154 0.000773 0.821969 
0.243310 0.443212 0.022212 0.000072 0.291194 
0.047315 0.352559 0.521378 0.072176 0.006572 
0.077034 0.217069 0.483716 0.175166 0.047015 
0.111621 0.044863 0.218422 0.170057 0.455037 
0.006554 0.149822 0.337573 0.005971 0.500080 
0.025327 0.085909 0.227371 0.000622 0.660771 
0.094923 0.311493 0.019888 0.572888 0.000808 
0.038088 0.037828 0.891291 0.020279 0.012514 
0.076216 0.554682 0.027588 0.000017 0.341497 
0.115728 0.013469 0.852692 0.003594 0.014517 
0.391042 0.233204 0.000584 0.268379 0.106791 
0.108722 0.392155 0.214770 0.015864 0.268489 
0.123041 0.112632 0.041128 0.034661 0.688538 
0.341283 0.439021 0.000004 0.219284 0.000408 
0.398735 0.419281 0.000646 0.003752 0.177586 
0.001447 0.432022 0.322172 0.000461 0.243898 
0.011376 0.525776 0.231461 0.000022 0.231364 
0.022743 0.398308 0.197079 0.015006 0.366863 
0.000026 0.334749 0.277107 0.388012 0.000105 
0.267872 0.317366 0.000761 0.404059 0.009943 
0.210334 0.420201 0.008659 0.332783 0.028023 
0.228641 0.542662 0.009956 0.204092 0.014650 
0.193104 0.458318 0.032658 0.256931 0.058989 
0.044010 0.427586 0.022738 0.318284 0.187382 
0.000017 0.495407 0.050776 0.158624 0.295176 
0.094541 0.355118 0.006158 0.455709 0.088473 
0.312948 0.539874 0.007872 0.012463 0.126843 
0.294890 0.258613 0.002059 0.437302 0.007136 
0.115402 0.457086 0.056774 0.260444 0.110294 
0.047197 0.513221 0.114826 0.137085 0.187672 
0.232011 0.101929 0.041872 0.623780 0.000408 
0.011876 0.325798 0.154604 0.025095 0.482627 
0.000442 0.338894 0.191736 0.004611 0.464317 
0.236583 0.217992 0.003966 0.528221 0.013238 
0.163626 0.203636 0.570817 0.009639 0.052283 
0.218604 0.304620 0.000245 0.455643 0.020888 
0.026838 0.235844 0.040290 0.142730 0.554298 
0.033532 0.289421 0.071037 0.108313 0.497697 
0.005578 0.244941 0.074717 0.068494 0.606270 
0.046394 0.366788 0.127653 0.055813 0.403351 
0.096184 0.019742 0.066811 0.799722 0.017541 
0.103436 0.077013 0.001251 0.811133 0.007167 
0.583682 0.141827 0.040250 0.092338 0.141904 
0.495147 0.167151 0.093171 0.013163 0.231368 
0.429891 0.135570 0.093322 0.049048 0.292170 
0.487928 0.230337 0.217000 0.050028 0.014708 
0.346746 0.158295 0.368010 0.119812 0.007137 
0.470378 0.222052 0.240751 0.052640 0.014179 
0.371925 0.255300 0.334142 0.027957 0.010677 
0.573014 0.209617 0.010526 0.070667 0.136176 
0.431646 0.290134 0.235021 0.033595 0.009604 
0.474965 0.330889 0.170867 0.004427 0.018851 
0.588944 0.321991 0.052712 0.001446 0.034908 
0.497392 0.359652 0.103212 0.002087 0.037656 
0.643755 0.313684 0.015344 0.000792 0.026424 
0.589599 0.339397 0.009637 0.008482 0.052885 
0.556827 0.357262 0.014609 0.010381 0.060921 
0.459910 0.386799 0.129884 0.000137 0.023271 
0.488190 0.473511 0.000261 0.036442 0.001597 
0.494276 0.416490 0.062332 0.000054 0.026847 
0.414024 0.443676 0.109767 0.020949 0.011584 
0.370439 0.303970 0.303978 0.006910 0.014703 
0.000338 0.144787 0.009206 0.143800 0.701869 
0.006917 0.001932 0.824725 0.019320 0.147107 
0.112129 0.019131 0.848650 0.016973 0.003117 
0.074007 0.140150 0.415023 0.195772 0.175049 
0.177926 0.167855 0.459231 0.162885 0.032104 
0.112348 0.216102 0.289972 0.277673 0.103906 
0.005765 0.227781 0.106660 0.530515 0.129279 
0.041425 0.251908 0.181128 0.416164 0.109376 
0.118261 0.096125 0.408127 0.371141 0.006346 
0.022194 0.114733 0.344923 0.258161 0.259989 
0.007695 0.418213 0.105537 0.416194 0.052361 
0.013278 0.000660 0.712310 0.165021 0.108731 
0.000321 0.002290 0.897993 0.068442 0.030953 
0.000404 0.836422 0.013341 0.066556 0.083276 
0.012895 0.794895 0.013017 0.110904 0.068289 
0.014562 0.036720 0.839498 0.083644 0.025576 
0.031753 0.725543 0.001401 0.167057 0.074246 
0.011885 0.643078 0.071345 0.119826 0.153866 
0.035760 0.007754 0.776893 0.135235 0.044359 
0.492141 0.153695 0.086387 0.266523 0.001253 
0.297016 0.263699 0.007613 0.426426 0.005246 
0.344644 0.238500 0.008834 0.407848 0.000175 
0.168695 0.302847 0.001236 0.524690 0.002532 
0.368628 0.215169 0.041619 0.372785 0.001799 
0.083751 0.174868 0.509524 0.172555 0.059302 
0.426373 0.114730 0.147887 0.292788 0.018222 
0.234190 0.008087 0.232470 0.489086 0.036167 
0.711320 0.001662 0.274259 0.000047 0.012712 
0.007735 0.076348 0.051669 0.835653 0.028595 
0.051177 0.064520 0.742916 0.111571 0.029816 
0.056550 0.085029 0.732526 0.110011 0.015883 
0.053318 0.042939 0.773998 0.116239 0.013506 
0.041248 0.014085 0.792271 0.123639 0.028758 
0.036406 0.046507 0.516005 0.000827 0.400255 
0.025948 0.166008 0.632739 0.104079 0.071227 
0.067881 0.067408 0.444483 0.318741 0.101486 
0.115312 0.017015 0.355707 0.472798 0.039168 
0.120686 0.132610 0.452084 0.234229 0.060391 
0.015315 0.202368 0.630875 0.074104 0.077339 
0.014258 0.066737 0.573014 0.207845 0.138147 
0.000793 0.334565 0.580625 0.006726 0.077291 
0.377798 0.012893 0.516361 0.002781 0.090167 
0.256249 0.000198 0.490730 0.000220 0.252603 
0.261975 0.015448 0.427108 0.015638 0.279831 
0.368681 0.053004 0.452039 0.000490 0.125786 
0.047150 0.158078 0.758824 0.034253 0.001695 
0.000696 0.185461 0.610473 0.037459 0.165911 
0.051572 0.533032 0.142775 0.265202 0.007419 
0.565750 0.292240 0.000001 0.118520 0.023488 
0.163555 0.514384 0.019475 0.289516 0.013070 
0.390385 0.416587 0.022615 0.102062 0.068350 
0.032190 0.082007 0.833888 0.051715 0.000200 
0.478355 0.264280 0.049178 0.203259 0.004929 
0.300961 0.184211 0.057071 0.438867 0.018889 
0.289609 0.546781 0.066968 0.094278 0.002364 
0.317285 0.462835 0.000413 0.120772 0.098696 
0.361393 0.358198 0.009395 0.251604 0.019410 
0.280346 0.519533 0.085830 0.000245 0.114047 
0.217894 0.483533 0.048693 0.006835 0.243045 
0.392048 0.434622 0.006799 0.118905 0.047626 
0.481510 0.407787 0.008815 0.088634 0.013255 
0.375017 0.500406 0.102223 0.007810 0.014544 
0.212783 0.172820 0.515293 0.084088 0.015017 
0.125911 0.045898 0.020921 0.630681 0.176588 
0.073397 0.048958 0.700802 0.176756 0.000087 
0.067858 0.287679 0.369953 0.060352 0.214159 
0.037458 0.070533 0.609573 0.225434 0.057002 
0.498457 0.474507 0.000211 0.004839 0.021986 
0.029314 0.891953 0.024767 0.044907 0.009060 
0.478630 0.415191 0.004328 0.000004 0.101847 
0.020575 0.039740 0.894648 0.028412 0.016625 
0.004852 0.762827 0.045877 0.111371 0.075073 
0.402615 0.000847 0.289280 0.198107 0.109151 
0.475456 0.066610 0.128033 0.304912 0.024988 
0.027326 0.583841 0.075849 0.265432 0.047553 
0.529972 0.076638 0.304016 0.085516 0.003857 
0.549034 0.147931 0.149720 0.107086 0.046229 
0.579005 0.251865 0.089384 0.048876 0.030870 
0.127089 0.410787 0.041891 0.344903 0.075330 
0.848888 0.014031 0.116722 0.012504 0.007855 
0.585381 0.038038 0.251973 0.117875 0.006734 
0.158491 0.546005 0.144438 0.008362 0.142703 
0.085394 0.764391 0.011662 0.004294 0.134258 
0.171452 0.680387 0.008050 0.123560 0.016552 
0.146690 0.682960 0.164988 0.005240 0.000122 
0.133748 0.584476 0.238945 0.027638 0.015194 
0.101764 0.457073 0.345496 0.049253 0.046413 
0.000335 0.362770 0.066905 0.392055 0.177934 
0.074959 0.747725 0.000339 0.176729 0.000248 
0.001584 0.809485 0.025313 0.157024 0.006594 
0.106390 0.325062 0.219825 0.000050 0.348673 
0.244479 0.000514 0.381577 0.200997 0.172432 
0.292606 0.000616 0.378608 0.198057 0.130113 
0.000031 0.243884 0.213822 0.330180 0.212084 
0.366862 0.454536 0.000766 0.000575 0.177261 
0.350051 0.379692 0.001922 0.005245 0.263090 
0.015106 0.769965 0.023329 0.121593 0.070007 
0.496908 0.235284 0.000433 0.196216 0.071160 
0.296797 0.001366 0.321381 0.152741 0.227715 
0.331294 0.154876 0.049445 0.319086 0.145299 
0.041206 0.562057 0.007886 0.386354 0.002498 
0.054676 0.000417 0.091536 0.081453 0.771919 
0.022647 0.135288 0.107199 0.707322 0.027544 
0.020854 0.113845 0.088243 0.744103 0.032955 
0.032233 0.000304 0.047842 0.038652 0.880970 
0.025029 0.001932 0.041107 0.023032 0.908899 
0.118123 0.077424 0.050015 0.042849 0.711589 
0.042518 0.087237 0.075704 0.792816 0.001725 
0.213397 0.077875 0.455384 0.248378 0.004966 
0.177815 0.076907 0.579883 0.161389 0.004006 
0.253035 0.092340 0.428330 0.220406 0.005889 
0.203663 0.094957 0.548587 0.147422 0.005370 
0.320839 0.062224 0.571702 0.009886 0.035349 
0.013289 0.544480 0.029875 0.258440 0.153916 
0.056806 0.419647 0.260692 0.224699 0.038157 
0.000581 0.146543 0.397499 0.320024 0.135353 
0.153782 0.004375 0.423617 0.252296 0.165930 
0.389579 0.001520 0.457229 0.107726 0.043945 
0.128344 0.141108 0.597070 0.119526 0.013952 
0.222013 0.323067 0.287042 0.117229 0.050649 
0.178230 0.359917 0.306007 0.112673 0.043173 
0.140214 0.160507 0.140854 0.001069 0.557356 
0.249822 0.001082 0.348487 0.000168 0.400441 
0.379346 0.099887 0.077664 0.105931 0.337172 
0.022103 0.000063 0.244785 0.002294 0.730755 
0.255864 0.116806 0.460225 0.161838 0.005267 
0.144087 0.198547 0.596582 0.013735 0.047050 
0.058468 0.048704 0.487044 0.047552 0.358232 
0.176487 0.299365 0.460995 0.016793 0.046359 
0.151779 0.611098 0.003853 0.128508 0.104762 
0.226444 0.625101 0.003206 0.074890 0.070359 
0.080451 0.423395 0.366902 0.001826 0.127426 
0.083868 0.441377 0.341666 0.000252 0.132838 
0.032206 0.352515 0.478660 0.003184 0.133435 
0.085750 0.442687 0.340065 0.000249 0.131250 
0.495197 0.287304 0.044235 0.083479 0.089784 
0.008945 0.016642 0.378394 0.544888 0.051131 
0.032795 0.370508 0.581768 0.000142 0.014788 
0.158599 0.320779 0.511109 0.000168 0.009345 
0.036493 0.126391 0.729532 0.085040 0.022544 
0.208283 0.265804 0.079078 0.000077 0.446758 
0.302880 0.558814 0.007688 0.022394 0.108225 
0.001521 0.276574 0.010817 0.530032 0.181055 
0.255238 0.004767 0.313288 0.424780 0.001927 
0.387373 0.053005 0.173116 0.343400 0.043105 
0.101099 0.372141 0.092552 0.072867 0.361341 
0.029638 0.742027 0.003556 0.183056 0.041724 
0.215064 0.002378 0.712820 0.048357 0.021380 
0.033013 0.129899 0.486774 0.340896 0.009418 
0.026205 0.157635 0.501883 0.290601 0.023676 
0.099932 0.130949 0.458233 0.297464 0.013421 
0.477933 0.081886 0.224417 0.209037 0.006727 
0.332857 0.111906 0.241138 0.309414 0.004685 
0.026350 0.275497 0.354522 0.337343 0.006287 
0.344512 0.440043 0.215283 0.000025 0.000137 
0.036615 0.051466 0.902234 0.009551 0.000133 
0.003418 0.733806 0.030205 0.146630 0.085942 
0.669478 0.040539 0.180150 0.109261 0.000571 
0.559230 0.029905 0.362058 0.033024 0.015782 
0.292466 0.002444 0.481932 0.133704 0.089454 
0.206841 0.001147 0.311538 0.284745 0.195729 
0.426108 0.000920 0.249956 0.240173 0.082843 
0.004610 0.513117 0.197161 0.220125 0.064987 
0.233704 0.001645 0.446903 0.187323 0.130425 
0.042636 0.083737 0.080518 0.001314 0.791796 
0.066034 0.187859 0.168016 0.008395 0.569695 
0.037042 0.130648 0.176735 0.025232 0.630344 
0.246865 0.194871 0.000351 0.139627 0.418286 
0.027108 0.392860 0.023026 0.303181 0.253825 
0.007056 0.227288 0.208350 0.005833 0.551473 
0.000395 0.161321 0.220282 0.016392 0.601610 
0.089047 0.258710 0.002330 0.189070 0.460845 
0.455244 0.073551 0.003865 0.070929 0.396411 
0.267109 0.000655 0.178067 0.396909 0.157260 
0.028199 0.421995 0.130743 0.321029 0.098034 
0.274174 0.000802 0.217849 0.357741 0.149434 
0.198673 0.001398 0.379915 0.255881 0.164132 
0.085938 0.284780 0.343916 0.001322 0.284045 
0.089201 0.003037 0.058542 0.719399 0.129822 
0.124714 0.029735 0.447836 0.396943 0.000772 
0.112689 0.015870 0.348421 0.523020 0.000000 
0.000097 0.246113 0.315218 0.390783 0.047788 
0.031361 0.654292 0.009343 0.070663 0.234341 
0.003228 0.434609 0.127094 0.043248 0.391821 
0.273897 0.201782 0.016587 0.041694 0.466040 
0.220728 0.264278 0.032087 0.023494 0.459413 
0.009825 0.404725 0.164420 0.017195 0.403835 
0.297376 0.131101 0.040362 0.082348 0.448812 
0.354890 0.054875 0.022316 0.116623 0.451296 
0.301706 0.074113 0.037040 0.119916 0.467225 
0.469006 0.013047 0.000278 0.136729 0.380941 
0.183793 0.105632 0.083650 0.109016 0.517908 
0.146942 0.007444 0.034814 0.188040 0.622759 
0.000423 0.170614 0.011713 0.242116 0.575134 
0.000070 0.202980 0.526468 0.084251 0.186231 
0.661208 0.179709 0.033482 0.101568 0.024033 
0.187707 0.278711 0.278881 0.238381 0.016320 
0.217860 0.190853 0.190978 0.326750 0.073560 
0.281345 0.161799 0.153995 0.321235 0.081627 
0.414898 0.114564 0.096298 0.263225 0.111015 
0.007124 0.167841 0.624126 0.130849 0.070060 
0.156534 0.079634 0.079727 0.533754 0.150350 
0.000913 0.378026 0.331560 0.145666 0.143835 
0.083963 0.091148 0.150640 0.654548 0.019701 
0.035072 0.011110 0.041452 0.881017 0.031349 
0.118597 0.277739 0.434134 0.165943 0.003587 
0.057431 0.531468 0.399357 0.000188 0.011556 
0.010537 0.354848 0.567159 0.016959 0.050497 
0.008037 0.101438 0.738527 0.102946 0.049052 
0.319261 0.142066 0.058970 0.015414 0.464289 
0.036764 0.000891 0.015517 0.904992 0.041837 
0.649208 0.237735 0.002624 0.030141 0.080292 
0.493566 0.451157 0.025389 0.029490 0.000398 
0.168040 0.035978 0.027921 0.613349 0.154712 
0.026258 0.328807 0.170004 0.441631 0.033300 
0.060461 0.238144 0.290315 0.408925 0.002155 
0.060274 0.171724 0.275201 0.473231 0.019569 
0.019309 0.289043 0.128882 0.475277 0.087490 
0.003818 0.164203 0.092658 0.602646 0.136675 
0.025125 0.230238 0.052629 0.486487 0.205522 
0.005891 0.155922 0.061915 0.558178 0.218094 
0.024827 0.150453 0.767344 0.000012 0.057364 
0.000023 0.087645 0.131569 0.639993 0.140770 
0.068516 0.000931 0.117557 0.369957 0.443040 
0.021256 0.009096 0.409355 0.541002 0.019292 
0.026611 0.030662 0.604100 0.001227 0.337401 
0.013284 0.004328 0.391916 0.000668 0.589804 
0.000049 0.007385 0.000096 0.515845 0.476624 
0.014679 0.500023 0.480072 0.001806 0.003420 
0.101793 0.695437 0.027479 0.102766 0.072524 
0.327724 0.539396 0.008807 0.058692 0.065381 
0.302379 0.363572 0.005046 0.132107 0.196897 
0.068989 0.671244 0.056461 0.183240 0.020066 
0.006002 0.110053 0.016790 0.001227 0.865927 
0.143368 0.039864 0.147041 0.584342 0.085386 
0.000754 0.683822 0.005864 0.135203 0.174357 
0.074733 0.013401 0.065131 0.063011 0.783724 
0.009525 0.107867 0.111416 0.691052 0.080139 
0.006443 0.004553 0.357617 0.035816 0.595570 
0.000001 0.441893 0.022556 0.477059 0.058492 
0.123155 0.723896 0.079432 0.072353 0.001164 
0.000826 0.373736 0.161460 0.314738 0.149240 
0.258410 0.115679 0.111980 0.449295 0.064636 
0.077374 0.415766 0.000100 0.440332 0.066428 
0.146925 0.450129 0.009577 0.017517 0.375852 
0.312724 0.418234 0.003760 0.202958 0.062323 
0.057501 0.802419 0.036086 0.019322 0.084671 
0.177098 0.762715 0.000718 0.021135 0.038334 
0.156781 0.628440 0.008658 0.160058 0.046063 
0.229873 0.001802 0.400750 0.252612 0.114963 
0.279654 0.078656 0.422081 0.000020 0.219589 
0.024221 0.524420 0.413382 0.001433 0.036544 
0.004533 0.346386 0.567363 0.002934 0.078783 
0.103987 0.008979 0.594326 0.087627 0.205080 
0.172316 0.209454 0.337741 0.001913 0.278576 
0.071133 0.336887 0.177154 0.001798 0.413029 
0.080883 0.015553 0.534095 0.009259 0.360211 
0.004660 0.478775 0.000066 0.002342 0.514157 
0.002629 0.015070 0.339647 0.016700 0.625954 
0.185399 0.335194 0.014890 0.015404 0.449113 
0.277661 0.355146 0.000002 0.000431 0.366761 
0.172383 0.063539 0.000081 0.400077 0.363919 
0.014004 0.821967 0.149584 0.004290 0.010154 
0.098939 0.139192 0.325164 0.402239 0.034465 
0.223137 0.009319 0.402100 0.099333 0.266112 
0.051257 0.175332 0.240660 0.484496 0.048254 
0.052307 0.241593 0.506514 0.017799 0.181787 
0.003830 0.014906 0.660294 0.283908 0.037061 
0.172106 0.027495 0.485854 0.170581 0.143964 
0.042201 0.075024 0.617315 0.179569 0.085890 
0.166805 0.264139 0.345602 0.150426 0.073028 
0.175848 0.167771 0.383961 0.266402 0.006017 
0.010573 0.172243 0.622551 0.029518 0.165114 
0.065122 0.173148 0.535854 0.097110 0.128765 
0.119273 0.016843 0.531933 0.007388 0.324563 
0.016733 0.595372 0.066332 0.045305 0.276257 
0.017701 0.736233 0.143521 0.000756 0.101789 
0.019508 0.073054 0.664825 0.132971 0.109642 
0.003189 0.000110 0.725907 0.213023 0.057770 
0.028309 0.235558 0.071583 0.155188 0.509362 
0.090864 0.084860 0.494498 0.317978 0.011800 
0.061102 0.005300 0.052198 0.295826 0.585575 
0.055655 0.600412 0.291957 0.014467 0.037510 
0.136455 0.432622 0.327342 0.076973 0.026608 
0.091675 0.314540 0.060342 0.086847 0.446595 
0.000632 0.000172 0.630681 0.367959 0.000556 
0.000005 0.066067 0.520356 0.412342 0.001229 
0.023844 0.148375 0.262851 0.564712 0.000219 
0.018517 0.063079 0.119691 0.160529 0.638183 
0.022429 0.073464 0.060497 0.149591 0.694020 
0.017989 0.204038 0.277001 0.490924 0.010049 
0.000577 0.768892 0.113836 0.014697 0.101998 
0.142097 0.417462 0.408663 0.028958 0.002820 
0.000003 0.002959 0.358854 0.173565 0.464619 
0.052994 0.278874 0.047633 0.532444 0.088055 
0.044955 0.551627 0.119756 0.131968 0.151694 
0.132034 0.353575 0.125376 0.320904 0.068111 
0.003542 0.675549 0.100017 0.051479 0.169414 
0.002125 0.457245 0.029539 0.176520 0.334570 
0.004505 0.494394 0.037664 0.127803 0.335633 
0.000780 0.295354 0.012959 0.310246 0.380661 
0.001718 0.941502 0.039111 0.002667 0.015002 
0.015913 0.128287 0.013727 0.644968 0.197105 
0.000060 0.422601 0.018541 0.220060 0.338737 
0.013279 0.166328 0.299766 0.515593 0.005034 
0.004125 0.010595 0.381508 0.011617 0.592156 
0.198858 0.126661 0.359418 0.078576 0.236488 
0.001093 0.039060 0.289274 0.007932 0.662641 
0.005244 0.004862 0.441585 0.033976 0.514333 
0.029646 0.192866 0.004939 0.649079 0.123470 
0.143515 0.000122 0.376799 0.406813 0.072751 
0.102065 0.524850 0.309612 0.058643 0.004831 
0.014943 0.837666 0.145248 0.001062 0.001081 
0.037714 0.022396 0.861915 0.059808 0.018167 
0.028503 0.139121 0.651415 0.167230 0.013730 
0.000341 0.549261 0.421120 0.007046 0.022232 
0.025933 0.570798 0.393065 0.003399 0.006805 
0.020273 0.320107 0.494453 0.124554 0.040614 
0.030605 0.382228 0.491731 0.053525 0.041912 
0.182505 0.608962 0.059674 0.011586 0.137273 
0.021523 0.271744 0.484715 0.171325 0.050693 
0.158974 0.559597 0.112585 0.034839 0.134006 
0.194755 0.099849 0.114918 0.530055 0.060422 
0.179281 0.200292 0.581424 0.031777 0.007227 
0.218971 0.317115 0.391313 0.026620 0.045981 
0.012545 0.004016 0.859666 0.119271 0.004503 
0.135499 0.072517 0.215271 0.103416 0.473297 
0.285667 0.340853 0.325655 0.000546 0.047279 
0.010365 0.000528 0.325221 0.320019 0.343866 
0.223987 0.388363 0.271135 0.000786 0.115728 
0.219051 0.438306 0.131005 0.004435 0.207203 
0.047665 0.639955 0.033093 0.275472 0.003816 
0.078069 0.004465 0.681493 0.046928 0.189045 
0.123474 0.023570 0.606468 0.081519 0.164970 
0.002687 0.681138 0.202580 0.104695 0.008901 
0.020693 0.298390 0.093622 0.014182 0.573113 
0.264867 0.027906 0.574063 0.023301 0.109864 
0.001204 0.068741 0.155487 0.072592 0.701978 
0.088700 0.030912 0.010118 0.686106 0.184165 
0.378792 0.124264 0.132900 0.187127 0.176918 
0.347514 0.149244 0.110306 0.189866 0.203070 
0.437770 0.110629 0.147015 0.229169 0.075416 
0.505819 0.063460 0.177468 0.199858 0.053394 
0.301593 0.197497 0.087566 0.200747 0.212597 
0.177629 0.334156 0.062954 0.336522 0.088738 
0.290440 0.214090 0.067022 0.178830 0.249617 
0.013132 0.862595 0.043942 0.079331 0.000999 
0.199998 0.006188 0.128479 0.040029 0.625307 
0.236614 0.034915 0.206307 0.036182 0.485982 
0.000009 0.065643 0.158558 0.652746 0.123044 
0.014554 0.261275 0.005243 0.381288 0.337640 
0.087788 0.390550 0.003714 0.278806 0.239142 
0.016639 0.084031 0.070028 0.000044 0.829258 
0.061609 0.154685 0.079338 0.006075 0.698293 
0.042117 0.269878 0.025221 0.002649 0.660135 
0.099053 0.305212 0.006305 0.000001 0.589429 
0.160752 0.002097 0.170483 0.496680 0.169988 
0.080311 0.001295 0.174961 0.743029 0.000403 
0.064893 0.000057 0.102112 0.827548 0.005390 
0.046466 0.063329 0.882521 0.007240 0.000444 
0.099400 0.047443 0.144710 0.080958 0.627489 
0.107847 0.035511 0.087994 0.087837 0.680811 
0.144551 0.149997 0.124587 0.081619 0.499246 
0.043881 0.307339 0.211840 0.006422 0.430519 
0.208837 0.060096 0.060175 0.469071 0.201821 
0.286749 0.031018 0.031072 0.372276 0.278885 
0.634776 0.020326 0.005433 0.141417 0.198048 
0.142407 0.362186 0.063508 0.010104 0.421795 
0.000092 0.047801 0.165762 0.070579 0.715765 
0.047304 0.050365 0.224227 0.122327 0.555777 
0.048035 0.103009 0.075961 0.200810 0.572185 
0.001558 0.028932 0.304586 0.046778 0.618146 
0.009971 0.012514 0.423852 0.016204 0.537459 
0.030188 0.077176 0.128237 0.166317 0.598082 
0.103697 0.104126 0.060395 0.276851 0.454932 
0.006322 0.093949 0.414662 0.001584 0.483483 
0.041534 0.070802 0.643371 0.187423 0.056869 
0.129386 0.026511 0.181667 0.098675 0.563761 
0.051130 0.002895 0.254456 0.054230 0.637288 
0.152471 0.070114 0.122255 0.151252 0.503908 
0.043596 0.040612 0.589396 0.280739 0.045657 
0.007197 0.000625 0.435643 0.355690 0.200845 
0.480816 0.097131 0.063366 0.208674 0.150013 
0.245009 0.251343 0.007999 0.019996 0.475652 
0.016984 0.195807 0.410636 0.127187 0.249386 
0.092985 0.224637 0.000549 0.033543 0.648287 
0.366897 0.004825 0.287698 0.001800 0.338781 
0.093511 0.214980 0.551333 0.029182 0.110994 
0.169562 0.369770 0.012406 0.389014 0.059247 
0.018148 0.020169 0.794644 0.156691 0.010347 
0.069448 0.044967 0.411841 0.438843 0.034901 
0.001301 0.055543 0.666023 0.041293 0.235840 
0.013770 0.378514 0.203541 0.386267 0.017907 
0.382829 0.032316 0.166982 0.379725 0.038148 
0.144054 0.059781 0.023138 0.702456 0.070570 
0.058957 0.130747 0.175763 0.546047 0.088485 
0.000004 0.157006 0.678833 0.045424 0.118733 
0.001401 0.200483 0.691213 0.022955 0.083949 
0.143221 0.644335 0.049169 0.163236 0.000038 
0.040213 0.663247 0.237060 0.054967 0.004513 
0.017991 0.492246 0.474745 0.001503 0.013515 
0.126000 0.460133 0.002553 0.390526 0.020788 
0.165264 0.555303 0.001122 0.000000 0.278312 
0.064331 0.166375 0.397906 0.043497 0.327891 
0.062804 0.108534 0.418721 0.000056 0.409884 
0.230545 0.088560 0.628160 0.000071 0.052664 
0.068979 0.000522 0.385845 0.239779 0.304875 
0.052873 0.229077 0.501625 0.209872 0.006553 
0.000378 0.096020 0.812458 0.080530 0.010613 
0.128659 0.096556 0.696477 0.036715 0.041592 
0.008423 0.011960 0.909403 0.002890 0.067324 
0.036733 0.276296 0.364915 0.321895 0.000161 
0.237398 0.410650 0.015638 0.002162 0.334152 
0.158354 0.321890 0.036298 0.031358 0.452100 
0.007269 0.365083 0.243617 0.340688 0.043344 
0.028042 0.427067 0.183299 0.281731 0.079860 
0.111533 0.386917 0.179469 0.218298 0.103784 
0.062718 0.188152 0.187369 0.116748 0.445012 
0.159908 0.327624 0.102243 0.250425 0.159800 
0.000341 0.026258 0.543960 0.419457 0.009984 
0.284510 0.005046 0.606706 0.053458 0.050280 
0.149561 0.058283 0.617368 0.045751 0.129036 
0.011401 0.023760 0.235753 0.661313 0.067772 
0.094037 0.121637 0.603796 0.007041 0.173488 
0.018397 0.489255 0.103718 0.386031 0.002599 
0.090481 0.474212 0.195923 0.238229 0.001155 
0.000855 0.264554 0.433850 0.299359 0.001382 
0.024347 0.324411 0.117219 0.531445 0.002577 
0.048738 0.050270 0.318729 0.521560 0.060704 
0.334888 0.119151 0.039158 0.319586 0.187216 
0.019404 0.102822 0.659546 0.203781 0.014447 
0.001940 0.054112 0.739189 0.191273 0.013486 
0.416644 0.317249 0.120261 0.138079 0.007767 
0.369969 0.224183 0.014093 0.370893 0.020862 
0.134061 0.373382 0.127750 0.347543 0.017263 
0.006084 0.627629 0.086155 0.193508 0.086625 
0.026915 0.224010 0.606132 0.141623 0.001321 
0.000561 0.217889 0.453880 0.211063 0.116607 
0.032382 0.195944 0.696133 0.014872 0.060668 
0.110954 0.748336 0.009703 0.006975 0.124032 
0.241168 0.131102 0.544587 0.069595 0.013548 
0.052000 0.020702 0.446125 0.287526 0.193647 
0.032417 0.873493 0.089515 0.003834 0.000740 
0.004816 0.000810 0.258449 0.335847 0.400077 
0.092975 0.880465 0.015749 0.004879 0.005932 
0.013878 0.167753 0.286024 0.028656 0.503690 
0.670397 0.247292 0.001279 0.008328 0.072704 
0.070273 0.001003 0.124689 0.234783 0.569252 
0.403557 0.378014 0.001872 0.024535 0.192023 
0.320052 0.376112 0.001485 0.039069 0.263282 
0.279587 0.388641 0.107681 0.162552 0.061540 
0.167510 0.527635 0.043253 0.126269 0.135333 
0.251008 0.332468 0.002095 0.041470 0.372960 
0.133134 0.508351 0.027983 0.121654 0.208877 
0.001848 0.000132 0.035357 0.198902 0.763761 
0.189726 0.482688 0.062237 0.141544 0.123804 
0.063358 0.549614 0.001975 0.092143 0.292910 
0.827771 0.035290 0.120724 0.012133 0.004082 
0.000529 0.346538 0.305755 0.176375 0.170803 
0.005666 0.677762 0.000225 0.112967 0.203380 
0.028795 0.779904 0.002244 0.175118 0.013940 
0.097260 0.686377 0.020636 0.164258 0.031469 
0.000723 0.218028 0.428006 0.088750 0.264493 
0.607996 0.052234 0.292338 0.018033 0.029399 
0.000915 0.513896 0.002842 0.415520 0.066828 
0.005300 0.793612 0.007749 0.172263 0.021076 
0.112912 0.286101 0.361873 0.079690 0.159424 
0.066799 0.656951 0.006414 0.164664 0.105172 
0.006743 0.000030 0.544051 0.043265 0.405911 
0.080421 0.537151 0.089772 0.180574 0.112082 
0.499747 0.150215 0.260433 0.089167 0.000437 
0.245962 0.123704 0.024542 0.183351 0.422441 
0.199171 0.170629 0.051478 0.233505 0.345217 
0.001474 0.113552 0.521393 0.198489 0.165091 
0.161029 0.398204 0.000018 0.211613 0.229136 
0.001926 0.007616 0.413940 0.040763 0.535755 
0.031913 0.399260 0.331901 0.153178 0.083748 
0.057912 0.004966 0.033995 0.676736 0.226391 
0.001160 0.354479 0.570702 0.001082 0.072577 
0.051375 0.072323 0.132332 0.564856 0.179114 
0.002554 0.303336 0.597877 0.011344 0.084889 
0.063467 0.356351 0.051407 0.062826 0.465949 
0.297852 0.118194 0.324744 0.000110 0.259101 
0.000647 0.053402 0.599723 0.003819 0.342410 
0.087752 0.539560 0.204829 0.121664 0.046195 
0.052987 0.624345 0.229486 0.072074 0.021108 
0.135012 0.432592 0.173928 0.173705 0.084763 
0.001727 0.283676 0.606228 0.007671 0.100699 
0.054171 0.343055 0.065849 0.356247 0.180678 
0.005844 0.215481 0.251928 0.483948 0.042799 
0.035944 0.018520 0.026883 0.826165 0.092487 
0.735784 0.111531 0.000039 0.079129 0.073517 
0.002945 0.070501 0.000588 0.781765 0.144203 
0.016122 0.000812 0.320940 0.509908 0.152218 
0.300901 0.380752 0.004541 0.003261 0.310546 
0.103552 0.010934 0.201114 0.076554 0.607846 
0.023149 0.000045 0.515719 0.257371 0.203716 
0.109747 0.394746 0.104608 0.312021 0.078878 
0.056675 0.037102 0.485392 0.133231 0.287599 
0.015661 0.025591 0.011087 0.943886 0.003775 
0.059001 0.008008 0.112620 0.807953 0.012418 
0.107631 0.041833 0.041472 0.001874 0.807190 
0.033443 0.257325 0.141258 0.489801 0.078174 
0.049170 0.475379 0.035699 0.434870 0.004882 
0.055055 0.323424 0.103618 0.468270 0.049632 
0.192225 0.142560 0.446624 0.029137 0.189454 
0.166729 0.028553 0.058115 0.141210 0.605393 
0.090394 0.003989 0.060787 0.114118 0.730712 
0.147994 0.304192 0.032907 0.478137 0.036770 
0.357871 0.146293 0.146682 0.291091 0.058062 
0.369915 0.016718 0.081194 0.208927 0.323247 
0.246202 0.227309 0.087373 0.424288 0.014827 
0.280783 0.028525 0.131547 0.150919 0.408226 
0.300172 0.054184 0.096550 0.185512 0.363582 
0.325280 0.071628 0.071304 0.210734 0.321054 
0.120735 0.153025 0.045970 0.333999 0.346271 
0.015516 0.367630 0.017190 0.585854 0.013810 
0.000193 0.515508 0.000374 0.306330 0.177595 
0.101399 0.397275 0.022251 0.369685 0.109391 
0.132395 0.316820 0.000343 0.142850 0.407593 
0.009105 0.038230 0.388743 0.100236 0.463686 
0.000028 0.195900 0.647096 0.060155 0.096821 
0.004966 0.102527 0.393349 0.077464 0.421694 
0.243474 0.482142 0.005041 0.007888 0.261455 
0.002168 0.063621 0.433866 0.099359 0.400987 
0.027058 0.069708 0.510425 0.170634 0.222176 
0.026435 0.085410 0.621831 0.140432 0.125892 
0.000036 0.146995 0.493622 0.046326 0.313022 
0.003210 0.026691 0.540643 0.181016 0.248440 
0.018370 0.005779 0.288920 0.405167 0.281764 
0.253630 0.062354 0.128616 0.079821 0.475579 
0.002794 0.007936 0.259246 0.110665 0.619359 
0.022938 0.033523 0.177442 0.137753 0.628344 
0.030908 0.026767 0.172554 0.078677 0.691094 
0.067246 0.058237 0.058396 0.005143 0.810978 
0.258861 0.525452 0.004020 0.211618 0.000050 
0.213093 0.541305 0.002672 0.242873 0.000057 
0.052845 0.001390 0.170263 0.676631 0.098871 
0.065284 0.429388 0.115014 0.355860 0.034454 
0.236870 0.074333 0.434162 0.229025 0.025609 
0.062784 0.043113 0.629140 0.178250 0.086713 
0.004125 0.294940 0.022645 0.610596 0.067694 
0.081377 0.020946 0.658302 0.180043 0.059333 
0.000618 0.252825 0.605609 0.050145 0.090804 
0.004124 0.252315 0.005304 0.683778 0.054479 
0.009932 0.200026 0.034296 0.738877 0.016868 
0.000402 0.232582 0.003523 0.724086 0.039408 
0.041534 0.003120 0.111258 0.824578 0.019510 
0.059416 0.050305 0.459213 0.392506 0.038560 
0.073395 0.008320 0.032706 0.814472 0.071108 
0.062965 0.035935 0.465474 0.359735 0.075890 
0.001071 0.087854 0.166935 0.701105 0.043036 
0.001476 0.121077 0.126176 0.737087 0.014185 
0.038896 0.314278 0.029468 0.465207 0.152152 
0.000270 0.069153 0.245259 0.590960 0.094359 
0.028884 0.005171 0.516068 0.346097 0.103780 
0.000887 0.023460 0.368171 0.492262 0.115220 
0.028326 0.083041 0.572838 0.178651 0.137145 
0.003041 0.122096 0.591069 0.132193 0.151601 
0.000577 0.018241 0.448390 0.302659 0.230133 
0.000013 0.000003 0.469769 0.381964 0.148250 
0.101812 0.239103 0.067704 0.353931 0.237450 
0.154337 0.001808 0.420260 0.078499 0.345096 
0.019810 0.099772 0.226188 0.475810 0.178420 
0.003558 0.016130 0.322225 0.364610 0.293477 
0.019912 0.070309 0.242534 0.452711 0.214534 
0.077904 0.027923 0.174454 0.205598 0.514121 
0.093224 0.401764 0.001776 0.330339 0.172896 
0.001395 0.225072 0.006996 0.546940 0.219597 
0.132022 0.013582 0.033826 0.388664 0.431906 
0.083466 0.004024 0.014436 0.701147 0.196926 
0.094760 0.016875 0.083055 0.290652 0.514659 
0.007316 0.014303 0.124637 0.156367 0.697377 
0.008338 0.271850 0.000629 0.611982 0.107201 
0.068637 0.014739 0.042030 0.612302 0.262293 
0.040212 0.025213 0.060533 0.553081 0.320960 
0.007921 0.159458 0.071755 0.758476 0.002390 
0.069219 0.339000 0.028669 0.557075 0.006036 
0.145259 0.001502 0.016887 0.819049 0.017303 
0.006565 0.181240 0.049285 0.755320 0.007591 
0.073494 0.351314 0.000943 0.026488 0.547761 
0.203918 0.444786 0.065487 0.009225 0.276585 
0.155008 0.018153 0.261859 0.415922 0.149057 
0.128279 0.169138 0.654117 0.037737 0.010729 
0.393710 0.002946 0.366437 0.236800 0.000107 
0.000456 0.210521 0.061530 0.211872 0.515621 
0.000042 0.145091 0.086558 0.767028 0.001280 
0.004495 0.283748 0.231353 0.480227 0.000177 
0.066824 0.078539 0.730213 0.021252 0.103172 
0.152015 0.379892 0.287443 0.128762 0.051887 
0.047704 0.001215 0.017928 0.824256 0.108897 
0.031851 0.051680 0.099996 0.550348 0.266125 
0.016648 0.292447 0.152526 0.173301 0.365079 
0.078680 0.388377 0.001434 0.355587 0.175922 
0.031251 0.548969 0.000064 0.151833 0.267883 
0.120846 0.002470 0.142304 0.020892 0.713487 
0.006656 0.420591 0.392116 0.059895 0.120742 
0.006119 0.008000 0.514856 0.060988 0.410036 
0.136890 0.213797 0.018382 0.114322 0.516609 
0.008877 0.435127 0.310607 0.118795 0.126594 
0.023357 0.285938 0.000238 0.013698 0.676768 
0.056152 0.088618 0.084911 0.359018 0.411300 
0.000370 0.214811 0.007490 0.048671 0.728659 
0.058461 0.229548 0.080390 0.077412 0.554190 
0.176425 0.034293 0.030130 0.000002 0.759150 
0.264704 0.220863 0.170610 0.303093 0.040729 
0.491879 0.406829 0.036177 0.065110 0.000004 
0.224129 0.081915 0.280683 0.376416 0.036856 
0.010011 0.003046 0.116889 0.689913 0.180141 
0.233897 0.648367 0.010941 0.095711 0.011084 
0.190848 0.334807 0.304078 0.035076 0.135191 
0.105539 0.361619 0.099238 0.428035 0.005568 
0.004972 0.295522 0.027574 0.015610 0.656322 
0.042379 0.202309 0.030479 0.104454 0.620380 
0.016892 0.000196 0.077789 0.894343 0.010780 
0.053601 0.000057 0.000046 0.092643 0.853654 
0.081503 0.031527 0.048346 0.773625 0.065000 
0.019342 0.026805 0.069174 0.855609 0.029070 
0.053675 0.016823 0.068135 0.842754 0.018613 
0.004958 0.041036 0.027247 0.842154 0.084605 
0.000180 0.037523 0.049908 0.871997 0.040393 
0.149591 0.042819 0.025407 0.565811 0.216372 
0.117695 0.022100 0.102570 0.653236 0.104399 
0.048574 0.000151 0.316116 0.017201 0.617957 
0.058613 0.397752 0.026179 0.067349 0.450106 
0.201099 0.188950 0.007143 0.600949 0.001860 
0.084530 0.006943 0.120968 0.718866 0.068693 
0.098906 0.246435 0.005157 0.648094 0.001408 
0.000001 0.000836 0.004156 0.127812 0.867195 
0.291054 0.132143 0.017669 0.552048 0.007086 
0.416148 0.063063 0.013787 0.496870 0.010131 
0.168816 0.319195 0.122727 0.058614 0.330648 
0.200939 0.057668 0.039418 0.519735 0.182240 
0.156414 0.042278 0.080867 0.579067 0.141374 
0.014903 0.729106 0.015240 0.233115 0.007636 
0.251033 0.388075 0.111012 0.234256 0.015623 
0.023725 0.091810 0.419100 0.015779 0.449585 
0.047336 0.302160 0.207430 0.115105 0.327969 
0.078114 0.199866 0.310262 0.076137 0.335621 
0.131595 0.002138 0.185429 0.063489 0.617350 
0.115595 0.000771 0.257944 0.136627 0.489063 
0.017279 0.049001 0.472783 0.001086 0.459851 
0.275851 0.252180 0.137224 0.008852 0.325893 
0.008347 0.002202 0.500274 0.148577 0.340600 
0.191373 0.437981 0.183665 0.097099 0.089882 
0.001215 0.667888 0.052035 0.006906 0.271955 
0.491990 0.042729 0.005737 0.447565 0.011978 
0.376836 0.281711 0.143554 0.002893 0.195006 
0.004313 0.482885 0.172201 0.083098 0.257503 
0.061829 0.837415 0.068523 0.011433 0.020800 
0.302981 0.384826 0.228580 0.032296 0.051317 
0.040814 0.513958 0.169885 0.262706 0.012636 
0.138928 0.556261 0.038358 0.026670 0.239784 
0.025440 0.910365 0.006913 0.027211 0.030071 
0.048478 0.676596 0.071272 0.178654 0.025000 
0.061658 0.596111 0.109502 0.223891 0.008838 
0.119800 0.692494 0.081134 0.105490 0.001082 
0.001289 0.162301 0.268355 0.400650 0.167406 
0.005265 0.464674 0.237757 0.289277 0.003028 
0.075357 0.343697 0.227729 0.118577 0.234640 
0.057240 0.385224 0.154299 0.087923 0.315314 
0.327710 0.044854 0.049368 0.540782 0.037287 
0.116566 0.002454 0.051502 0.060207 0.769271 
0.003196 0.436723 0.045574 0.093533 0.420973 
0.103596 0.012467 0.458309 0.400244 0.025385 
0.022331 0.007488 0.606152 0.006705 0.357325 
0.063043 0.145538 0.453163 0.336938 0.001319 
0.164034 0.003226 0.231104 0.267023 0.334613 
0.003510 0.088887 0.177852 0.192095 0.537656 
0.032097 0.024919 0.317510 0.335715 0.289758 
0.395061 0.062496 0.033787 0.269524 0.239132 
0.554766 0.054594 0.041574 0.078278 0.270787 
0.437023 0.105811 0.030792 0.086860 0.339515 
0.351659 0.078610 0.004523 0.043787 0.521421 
0.005796 0.050069 0.093879 0.010321 0.839935 
0.012655 0.136051 0.109655 0.015175 0.726464 
0.036037 0.026314 0.237690 0.050137 0.649822 
0.028644 0.019546 0.355443 0.164116 0.432251 
0.012248 0.157872 0.003007 0.006869 0.820004 
0.000426 0.000981 0.138550 0.000314 0.859728 
0.118495 0.269800 0.014428 0.104992 0.492285 
0.025302 0.001846 0.145021 0.012291 0.815540 
0.011207 0.028422 0.232337 0.026149 0.701886 
0.000014 0.001827 0.126141 0.045675 0.826342 
0.067954 0.031729 0.614694 0.148356 0.137267 
0.058042 0.396518 0.400713 0.033179 0.111548 
0.002647 0.068037 0.118508 0.418759 0.392049 
0.013230 0.039222 0.116667 0.246364 0.584517 
0.084677 0.007506 0.032805 0.730560 0.144451 
0.074044 0.346173 0.002249 0.568140 0.009394 
0.276736 0.282601 0.285135 0.017036 0.138493 
0.182834 0.163173 0.213904 0.112246 0.327844 
0.379400 0.107219 0.415949 0.005881 0.091551 
0.102983 0.087342 0.254072 0.087964 0.467639 
0.042563 0.580137 0.138436 0.093185 0.145679 
0.589575 0.036454 0.102010 0.268735 0.003226 
0.008635 0.123369 0.004290 0.493583 0.370123 
0.019172 0.303609 0.202556 0.108680 0.365983 
0.038488 0.744455 0.010331 0.203987 0.002740 
0.004320 0.280020 0.036507 0.496686 0.182467 
0.180642 0.243723 0.078772 0.060961 0.435901 
0.003664 0.000096 0.230136 0.001612 0.764493 
0.043797 0.390906 0.024078 0.002797 0.538421 
0.013282 0.347716 0.039994 0.017843 0.581165 
0.100104 0.736535 0.003524 0.001902 0.157935 
0.014638 0.004455 0.078338 0.758399 0.144171 
0.001807 0.101538 0.539879 0.352385 0.004391 
0.002480 0.066652 0.321219 0.571950 0.037699 
0.001078 0.199529 0.781435 0.007293 0.010664 
0.009025 0.122310 0.364286 0.376418 0.127960 
0.130787 0.001799 0.401697 0.378776 0.086941 
0.002121 0.183637 0.432461 0.330749 0.051033 
0.042565 0.617429 0.054205 0.046869 0.238932 
0.003276 0.236776 0.300290 0.281263 0.178395 
0.001324 0.403686 0.139407 0.126957 0.328626 
0.193623 0.109922 0.088373 0.259312 0.348771 
0.274022 0.056184 0.072843 0.349703 0.247248 
0.059983 0.116235 0.244165 0.444548 0.135069 
0.234769 0.067377 0.014667 0.470265 0.212921 
0.008492 0.386811 0.141354 0.301871 0.161471 
0.026826 0.511566 0.270185 0.099497 0.091926 
0.007878 0.145103 0.179574 0.292400 0.375045 
0.024031 0.109102 0.385362 0.039684 0.441821 
0.048197 0.224758 0.038751 0.003955 0.684338 
0.022161 0.301287 0.049346 0.011819 0.615386 
0.168903 0.160520 0.001448 0.057060 0.612069 
0.027451 0.373206 0.047164 0.021018 0.531161 
0.036574 0.497233 0.016215 0.009087 0.440891 
0.015335 0.268840 0.067592 0.019610 0.628623 
0.040248 0.520139 0.001051 0.000047 0.438514 
0.027382 0.372261 0.018526 0.002456 0.579376 
0.076186 0.005457 0.168588 0.053584 0.696185 
0.015849 0.416451 0.008515 0.436160 0.123024 
0.218747 0.018557 0.208415 0.531199 0.023082 
0.020377 0.001299 0.843214 0.090848 0.044262 
0.137701 0.051382 0.129635 0.658547 0.022735 
0.397172 0.077789 0.083882 0.244188 0.196969 
0.056768 0.118609 0.307114 0.311853 0.205656 
0.003866 0.169343 0.184808 0.409738 0.232246 
0.147359 0.047199 0.368717 0.336508 0.100217 
0.008616 0.151049 0.107580 0.016311 0.716443 
0.035166 0.171233 0.002722 0.048487 0.742391 
0.047256 0.002457 0.161109 0.029191 0.759987 
0.180338 0.136389 0.012360 0.433184 0.237729 
0.001300 0.002447 0.325683 0.258387 0.412183 
0.027711 0.046507 0.226878 0.179998 0.518906 
0.234234 0.018513 0.277949 0.029245 0.440059 
0.002656 0.417536 0.198690 0.000066 0.381053 
0.088077 0.136067 0.141709 0.096207 0.537939 
0.084710 0.000006 0.195801 0.312495 0.406988 
0.008089 0.026735 0.398485 0.085216 0.481474 
0.006546 0.018573 0.484437 0.049336 0.441108 
0.032468 0.043368 0.295763 0.135589 0.492812 
0.133155 0.014907 0.472645 0.283979 0.095314 
0.034478 0.101877 0.679657 0.028448 0.155539 
0.051197 0.001018 0.660594 0.173953 0.113238 
0.131977 0.240392 0.500862 0.007027 0.119742 
0.119895 0.183309 0.001473 0.233681 0.461641 
0.000241 0.584871 0.000624 0.041343 0.372921 
0.026094 0.100888 0.065368 0.039211 0.768440 
0.234664 0.003789 0.005569 0.002853 0.753124 
0.090922 0.037431 0.062073 0.000872 0.808703 
0.321990 0.008825 0.012453 0.000368 0.656364 
0.009990 0.054647 0.712425 0.161664 0.061274 
0.169170 0.341074 0.425705 0.054614 0.009438 
0.127351 0.003148 0.107212 0.068495 0.693795 
0.154398 0.000437 0.042408 0.000255 0.802501 
0.097127 0.446438 0.213499 0.138368 0.104568 
0.437609 0.001309 0.028684 0.050061 0.482338 
0.061969 0.021113 0.189642 0.682375 0.044901 
0.040843 0.295437 0.060594 0.513422 0.089703 
0.000158 0.015038 0.271195 0.710240 0.003369 
0.065570 0.101637 0.010032 0.611897 0.210863 
0.087716 0.188406 0.045002 0.535500 0.143376 
0.002709 0.111914 0.685311 0.093662 0.106404 
0.133916 0.023713 0.479904 0.352290 0.010176 
0.005587 0.015636 0.105862 0.298958 0.573957 
0.107146 0.029185 0.176153 0.103795 0.583722 
0.007066 0.221269 0.008964 0.322570 0.440132 
0.224626 0.297076 0.445615 0.012016 0.020668 
