11 1 29
1 10 12
13 12 2
18 12 13
10 8 12
4 8 9
1 12 18
9 10 7
3 8 4
2 12 3
10 9 8
12 8 3
11 7 10
7 11 6
6 11 5
29 59 11
11 10 1
14 19 15
19 18 13
13 16 19
16 15 19
27 1 18
27 18 17
18 19 17
14 17 19
4 64 3
27 29 1
24 7 6
34 26 21
22 26 34
5 28 6
59 29 25
23 21 26
64 30 3
31 2 30
29 27 60
60 20 29
25 29 20
9 26 22
3 30 2
2 31 13
23 7 24
26 7 23
59 5 11
9 22 4
7 26 9
24 6 97
34 37 22
64 4 32
34 21 33
6 28 97
21 23 33
25 20 35
32 22 37
4 22 32
36 33 23
24 36 23
38 20 60
51 48 40
16 13 49
31 49 13
35 59 25
5 59 28
28 59 35
55 48 51
47 15 89
41 47 89
51 56 55
47 52 14
15 47 14
15 49 89
16 49 15
82 56 90
55 56 82
50 47 41
56 51 42
42 90 56
44 50 41
53 50 44
52 47 50
50 54 52
45 60 58
58 60 27
38 60 45
52 54 39
48 53 44
44 40 48
17 58 27
54 50 53
53 57 54
54 57 43
43 39 54
57 53 48
48 55 57
45 58 46
43 55 82
57 55 43
52 58 17
17 14 52
46 52 39
58 52 46
37 34 61
61 62 37
65 99 31
65 30 64
36 24 63
30 65 31
32 37 62
34 33 61
36 61 33
63 67 36
64 32 65
61 36 67
67 66 61
62 61 66
91 87 88
90 87 91
90 91 71
93 88 92
91 88 93
68 32 62
65 32 68
71 93 77
91 93 71
46 39 72
72 70 46
94 92 85
24 97 63
63 97 69
41 89 74
74 76 41
95 92 94
93 92 95
93 95 77
97 35 73
69 97 73
28 35 97
95 94 155
78 95 155
96 95 78
95 96 80
80 77 95
20 98 35
35 98 73
20 38 98
98 38 75
44 41 76
79 44 76
40 44 79
74 31 99
49 31 74
89 49 74
43 72 39
38 45 81
81 75 38
82 124 43
45 46 70
70 81 45
83 40 79
51 40 83
42 51 83
84 42 83
87 42 84
88 87 84
84 85 88
92 88 85
82 90 86
87 90 42
86 90 71
159 185 146
70 72 103
106 161 101
109 144 262
71 77 107
107 102 71
154 144 109
113 147 135
164 146 186
159 146 164
151 147 113
110 193 66
66 193 62
62 193 68
68 193 161
74 147 76
145 112 148
105 142 189
161 193 101
101 193 110
162 109 158
154 109 162
147 151 76
85 148 94
145 148 85
142 152 149
115 151 113
166 174 182
159 164 104
150 148 112
156 142 105
182 174 128
153 157 108
152 142 156
94 150 155
66 67 111
111 110 66
76 151 115
153 332 165
174 166 154
148 150 94
183 172 116
67 63 114
114 111 67
157 153 165
165 185 157
128 174 289
160 150 112
188 172 183
166 156 168
152 156 166
106 118 161
79 76 115
115 121 79
163 150 160
155 150 163
186 188 183
154 175 174
65 68 161
103 72 124
174 175 303
303 289 174
194 161 118
180 149 152
173 149 180
72 43 124
163 160 120
143 163 120
175 154 162
162 178 175
119 183 116
194 65 161
177 173 180
176 108 157
171 108 176
175 178 307
307 303 175
180 152 182
124 82 132
171 176 123
189 183 119
105 189 119
77 80 126
126 107 77
114 69 122
63 69 114
136 79 121
176 157 185
186 183 189
189 190 186
181 162 158
122 73 125
69 73 122
180 182 117
78 167 96
163 167 78
155 163 78
133 181 158
184 181 133
169 79 136
73 98 127
127 125 73
176 185 159
190 189 142
142 149 190
79 169 84
98 75 129
129 127 98
84 83 79
123 159 131
176 159 123
178 162 181
181 187 178
126 167 130
96 167 126
80 96 126
177 180 117
170 194 118
139 169 136
187 307 178
332 137 165
182 152 166
163 143 100
325 163 100
169 139 85
85 84 169
167 163 325
99 194 170
65 194 99
186 191 164
128 117 182
181 184 140
138 181 140
130 167 325
187 181 138
192 164 191
188 165 137
144 168 262
139 145 85
104 164 259
185 165 188
166 168 144
99 170 134
135 99 134
192 259 164
82 86 132
86 71 102
102 132 86
191 186 190
144 154 166
179 99 135
147 179 135
99 179 74
173 190 149
191 190 173
188 146 185
179 147 74
177 191 173
192 191 177
188 137 172
129 81 141
75 81 129
188 186 146
141 70 103
81 70 141
131 159 104
202 240 200
116 511 513
244 248 115
113 244 115
269 241 246
250 241 269
511 116 172
248 329 259
267 247 255
254 247 267
115 248 121
254 267 459
264 246 292
269 246 264
205 520 532
357 363 243
243 363 196
267 255 265
252 116 513
513 203 252
262 520 205
459 267 485
277 256 250
195 357 197
197 357 243
272 268 103
103 124 272
196 198 243
243 198 358
362 198 196
267 265 300
252 105 119
116 252 119
267 300 234
234 485 267
120 277 143
255 247 529
251 255 529
308 252 203
284 250 269
277 250 284
105 252 308
251 217 263
243 358 197
208 268 272
221 263 217
143 277 284
262 205 271
255 251 263
263 265 255
284 287 143
101 258 106
132 272 124
280 272 132
282 263 221
265 263 282
264 292 306
261 258 101
101 110 261
283 280 132
271 205 219
299 264 306
269 264 299
266 261 110
110 111 266
206 242 204
208 280 212
272 280 208
262 271 109
306 292 304
259 192 276
215 245 210
114 266 111
276 291 259
306 310 299
280 283 213
213 212 280
109 271 158
249 242 206
210 249 206
245 249 210
118 258 201
273 118 201
390 273 201
106 258 118
284 269 299
299 314 284
467 253 215
276 286 291
518 282 221
287 284 314
314 321 287
201 261 463
258 261 201
257 253 467
467 471 257
228 282 518
248 259 291
192 177 276
314 299 310
310 319 314
273 274 118
295 248 291
321 314 319
253 245 215
260 245 253
261 266 207
207 463 261
300 265 282
294 246 241
203 592 308
121 248 295
249 245 260
260 270 249
211 207 266
297 128 289
294 128 297
260 253 257
257 153 260
122 266 114
279 266 122
199 100 530
325 100 199
282 305 300
246 294 297
297 292 246
125 279 122
592 317 308
270 260 153
100 143 287
287 330 100
305 234 300
242 275 223
223 204 242
266 279 214
214 211 266
530 330 531
100 330 530
121 295 136
275 278 224
224 223 275
330 287 321
321 209 330
105 308 156
297 289 303
303 311 297
275 242 249
249 281 275
214 127 216
279 127 214
125 127 279
330 209 541
541 531 330
292 297 311
278 275 281
281 285 278
216 129 218
127 129 216
286 312 291
305 282 228
311 303 307
307 315 311
224 278 227
295 291 312
312 316 295
292 311 315
315 304 292
118 288 170
274 288 118
340 304 336
306 304 340
285 290 229
262 317 520
227 285 229
278 285 227
341 306 340
310 306 341
229 290 233
156 317 168
308 317 156
293 302 134
170 293 134
288 293 170
346 336 344
340 336 346
281 249 270
270 296 281
317 262 168
318 271 219
134 302 135
136 316 139
295 316 136
349 340 346
341 340 349
285 281 296
320 318 219
319 310 341
341 350 319
139 316 145
322 276 177
296 270 301
302 293 298
321 319 350
350 352 321
286 276 322
322 328 286
271 318 158
350 341 349
349 353 350
117 322 177
333 322 117
102 283 132
309 285 296
290 285 309
557 353 570
350 353 557
352 350 557
328 322 333
133 318 320
158 318 133
309 273 390
233 309 390
290 309 233
218 141 226
129 141 218
563 346 344
213 283 220
313 296 301
309 296 313
354 346 563
349 346 354
326 283 102
273 309 313
313 274 273
333 241 328
107 326 102
268 226 141
141 103 268
331 133 320
333 117 128
128 294 333
220 326 222
283 326 220
349 354 567
353 349 567
241 333 294
133 331 184
570 353 567
225 331 320
312 286 328
355 331 225
323 257 471
209 321 352
312 335 316
334 331 355
184 331 334
327 298 324
302 298 327
312 328 339
307 187 337
135 327 113
302 327 135
270 153 108
140 342 138
335 312 339
244 324 329
327 324 244
257 323 153
316 335 112
112 145 316
327 244 113
138 337 187
342 337 138
239 323 471
329 248 244
236 607 240
315 307 337
337 345 315
239 332 323
339 328 241
304 315 345
345 336 304
335 339 160
235 337 342
345 337 235
241 250 339
332 153 323
336 345 235
235 344 336
256 339 250
160 339 256
202 236 240
356 236 202
335 160 112
202 411 356
351 342 140
184 351 140
301 270 108
108 171 301
351 230 342
256 277 120
160 256 120
351 184 334
338 301 171
348 326 107
123 338 171
230 351 232
126 348 107
343 301 338
313 301 343
326 348 222
274 313 343
235 342 230
343 288 274
347 338 123
343 338 347
231 348 126
288 343 347
347 293 288
126 130 231
130 325 199
231 130 199
347 123 131
293 347 131
131 298 293
238 334 355
237 238 355
239 137 332
334 238 600
232 334 600
351 334 232
137 239 511
172 137 511
324 131 104
298 131 324
324 104 329
329 104 259
197 358 360
195 197 359
361 195 359
360 359 197
363 609 196
610 363 357
357 195 361
610 357 361
365 360 367
369 359 364
361 359 369
364 360 365
361 369 366
358 367 360
359 360 364
240 453 200
482 453 240
450 913 375
372 450 375
459 455 254
422 506 462
810 465 377
200 453 374
370 200 374
202 200 370
208 462 268
479 454 964
459 385 455
458 452 377
464 372 388
537 199 530
420 203 513
465 458 377
523 199 537
383 474 851
468 474 383
385 459 478
390 457 984
201 457 390
470 462 208
523 537 764
208 212 470
461 454 479
486 468 383
203 420 429
463 457 201
537 530 531
422 470 425
462 470 422
473 461 479
469 461 473
984 457 391
213 470 212
476 470 213
457 463 396
396 391 457
429 592 203
465 483 458
973 479 964
494 459 485
478 459 494
482 474 468
470 476 425
472 463 207
429 432 592
489 516 507
541 209 544
479 974 473
211 472 207
477 472 211
494 485 234
537 531 541
541 549 537
463 472 396
452 458 389
846 452 389
490 468 486
482 468 490
549 764 537
974 479 973
549 541 544
544 552 549
488 469 473
473 492 488
501 542 393
393 395 501
389 458 550
425 476 896
409 477 211
211 214 409
493 476 213
213 220 493
503 501 395
216 409 214
389 550 402
490 486 920
497 488 492
514 592 432
476 493 896
317 592 514
217 501 221
542 501 217
492 473 974
974 404 492
495 871 421
550 458 483
482 498 453
344 561 563
220 222 493
501 503 221
497 492 404
374 498 394
453 498 374
216 218 413
409 216 413
510 421 499
403 503 395
498 482 490
490 500 498
495 421 510
413 218 419
933 497 936
439 497 933
509 503 403
505 493 222
394 500 398
498 500 394
503 518 221
497 404 936
434 493 505
896 493 434
500 490 932
406 465 810
508 465 406
412 508 406
495 517 871
518 503 509
398 500 932
419 226 423
218 226 419
483 465 508
932 490 791
222 348 505
517 521 516
354 572 567
317 514 520
570 567 572
572 573 570
412 416 522
505 519 434
506 423 226
507 515 840
489 507 840
507 516 521
226 268 506
521 515 507
611 512 988
515 528 843
843 840 515
508 412 522
519 505 348
518 509 795
418 518 795
522 524 508
462 506 268
988 512 414
578 209 352
557 578 352
521 517 495
483 508 524
524 247 483
495 527 521
426 518 418
228 518 426
231 519 348
523 519 231
199 523 231
441 437 816
196 609 611
611 609 512
510 533 495
544 209 578
578 787 544
527 495 533
426 418 815
955 523 764
437 441 386
522 529 524
519 523 955
512 609 417
417 414 512
515 521 527
526 515 527
787 552 544
247 524 529
533 538 527
363 610 609
609 610 417
417 610 366
378 386 441
578 557 570
570 582 578
528 515 526
451 386 378
234 305 545
361 366 610
535 527 538
526 527 535
534 522 416
416 424 534
499 906 546
234 551 494
392 582 399
578 582 392
787 578 392
437 386 926
528 526 535
926 613 437
434 519 438
582 570 573
573 585 582
843 528 540
510 499 546
546 555 510
582 585 399
955 438 519
234 545 831
551 234 831
872 843 540
522 534 251
529 522 251
543 528 535
540 528 543
546 556 555
432 772 514
547 540 543
542 534 424
424 393 542
556 565 555
588 561 587
563 561 588
558 545 305
560 546 906
919 456 371
772 525 514
589 563 588
354 563 589
534 542 217
217 251 534
373 560 906
872 540 554
520 514 532
593 587 591
588 587 593
456 215 381
228 558 305
556 546 560
381 371 456
605 588 593
589 588 605
558 431 545
206 204 384
596 354 589
532 514 525
572 354 596
402 550 553
556 560 460
430 540 547
554 540 430
599 572 596
573 572 599
381 210 387
215 210 381
581 556 460
565 556 581
431 831 545
532 525 440
601 589 605
596 589 601
387 206 384
210 206 387
533 510 555
555 571 533
928 456 919
467 456 928
402 553 428
596 601 236
539 440 536
532 440 539
558 433 431
599 596 236
535 538 564
575 555 565
571 555 575
215 456 467
604 591 448
593 591 604
558 228 426
802 467 928
471 467 802
548 539 536
442 548 536
605 593 604
550 483 247
564 566 535
576 533 571
538 533 576
433 558 435
553 550 455
568 569 564
564 538 576
604 448 851
247 254 550
566 564 569
569 584 566
579 571 575
576 571 579
474 604 851
605 604 474
204 223 480
384 204 480
543 535 566
566 574 543
455 550 254
568 576 579
564 576 568
601 605 607
484 480 223
223 224 484
547 543 574
428 455 385
553 455 428
565 581 575
607 236 601
574 566 584
558 426 854
480 484 397
581 487 575
584 586 574
435 558 854
227 484 224
607 605 474
569 568 580
205 532 219
474 482 240
607 474 240
461 569 580
584 569 461
397 491 401
484 491 397
229 491 484
227 229 484
608 573 599
585 573 608
233 491 229
579 575 487
487 496 579
532 539 219
580 568 836
376 580 836
454 580 376
585 608 408
408 399 585
401 491 405
568 579 496
461 580 454
608 599 236
236 356 608
496 487 400
559 539 548
219 539 559
491 390 405
233 390 491
379 560 373
608 356 411
568 496 836
408 608 411
559 548 562
466 560 379
460 560 466
469 584 461
586 584 469
411 202 370
475 460 466
581 460 475
559 562 320
219 559 320
590 547 574
430 547 590
436 430 590
466 379 380
382 466 380
481 466 382
443 562 548
444 562 443
590 574 586
225 562 444
320 562 225
436 590 598
511 504 771
771 427 511
466 481 809
475 466 809
820 475 809
513 511 427
427 420 513
436 598 439
802 410 471
232 597 230
586 595 590
230 577 235
487 581 475
475 820 487
598 590 595
235 561 344
577 561 235
595 586 469
469 488 595
400 487 820
598 595 488
488 497 598
597 577 230
239 471 410
410 504 239
439 598 497
836 496 400
583 225 444
407 502 368
445 583 444
511 239 504
502 611 368
225 583 355
415 502 407
362 502 415
583 237 355
502 362 611
611 362 196
446 583 445
415 612 362
362 612 198
198 612 358
358 612 367
367 612 415
237 583 446
237 464 238
594 237 446
464 237 594
602 597 232
600 602 232
597 603 577
587 577 603
561 577 587
603 597 602
602 606 603
591 603 606
587 603 591
464 600 238
600 868 602
464 388 600
600 388 868
602 868 447
606 602 447
591 606 448
449 594 446
450 594 449
464 594 450
450 372 464
913 450 449
365 640 364
365 367 615
637 364 640
366 369 616
614 366 616
631 611 617
619 611 631
619 618 368
616 364 637
369 364 616
611 619 368
988 617 611
1007 634 632
616 630 614
618 619 993
623 641 635
615 629 624
633 615 624
633 640 365
635 641 620
619 631 996
620 641 623
993 622 618
636 632 634
636 1010 628
1006 635 620
638 630 616
637 638 616
996 993 619
365 615 633
1009 636 639
635 638 637
639 634 621
625 633 1010
639 636 634
1010 636 1009
1009 625 1010
640 633 625
638 635 1006
637 640 635
625 642 640
640 642 635
635 642 623
623 642 625
636 628 632
749 657 758
767 757 763
766 757 767
659 432 649
772 432 659
773 766 767
644 385 653
788 870 709
1340 788 709
652 765 648
762 765 652
761 645 650
650 1246 761
771 758 657
385 478 653
765 829 658
658 648 765
655 761 661
645 761 655
758 771 504
504 410 758
769 667 647
1298 761 1246
653 494 1232
478 494 653
775 760 654
764 549 781
661 761 1298
1221 763 777
767 763 1221
1297 775 654
759 769 647
549 552 781
659 660 772
1226 767 1221
773 767 1226
427 771 666
780 1358 1352
718 780 1352
1354 768 1283
776 772 660
782 773 786
395 393 665
779 419 423
770 646 760
373 646 770
665 669 395
788 1358 780
793 782 786
791 782 793
789 779 423
762 779 789
685 778 678
671 427 666
373 770 379
525 776 440
772 776 525
787 781 552
718 811 780
786 773 1226
1226 1230 786
667 785 730
403 395 669
669 675 403
770 760 775
1238 776 660
787 792 781
793 786 1230
798 793 1230
672 776 1238
678 768 1354
778 768 678
783 768 778
794 789 423
801 392 399
785 667 817
817 819 785
440 776 536
671 420 427
379 775 380
770 775 379
785 800 730
506 794 423
799 794 506
392 805 787
778 452 783
668 730 800
784 403 675
800 807 668
808 791 793
788 780 811
811 814 788
793 812 808
672 442 536
776 672 536
800 785 819
819 516 800
808 812 679
679 1274 808
690 796 685
422 799 506
792 787 805
805 806 792
718 1370 797
790 775 1297
489 800 516
807 800 489
793 798 684
812 793 684
805 392 801
801 864 805
382 775 790
380 775 382
817 667 769
403 784 509
806 805 864
864 1260 806
796 778 685
377 778 796
662 790 1297
824 797 1370
803 790 662
811 718 797
420 671 677
687 795 784
823 762 789
765 762 823
672 1066 804
764 825 821
509 784 795
829 765 823
452 778 377
769 517 817
822 807 489
797 816 811
819 817 517
517 516 819
382 790 803
821 825 656
656 1228 821
377 796 810
834 789 794
823 789 834
814 811 816
816 437 814
865 795 687
844 823 834
829 823 844
825 764 781
720 865 687
813 672 804
1373 796 690
810 796 1373
442 672 813
824 828 797
807 822 1308
418 865 815
795 865 418
1375 810 1373
829 844 680
781 835 825
813 443 548
442 813 548
826 677 1263
884 382 803
481 382 884
1263 1276 826
822 489 840
828 824 832
835 656 825
848 794 799
834 794 848
809 481 884
884 849 809
815 877 426
816 797 828
841 882 1460
781 664 835
677 826 429
429 420 677
837 822 840
494 551 1279
1279 1232 494
844 834 848
1283 818 1337
768 818 1283
664 781 792
681 813 804
686 813 681
1337 818 705
837 840 843
844 848 683
1279 831 698
551 831 1279
649 826 1276
432 826 649
816 828 441
820 833 400
443 813 686
822 837 700
705 818 711
400 376 836
833 376 400
792 806 1248
664 792 1248
831 431 708
827 768 783
818 768 827
683 680 844
856 759 1255
853 856 1255
833 820 830
830 842 833
831 708 698
376 833 842
842 845 376
867 799 422
848 799 867
818 827 711
443 686 838
683 848 867
867 862 683
809 849 820
828 832 847
806 1260 1253
1253 1248 806
431 433 708
432 429 826
830 820 849
849 852 830
846 783 452
827 783 846
837 859 700
769 759 856
856 871 769
867 873 862
839 827 846
711 827 839
847 832 1387
937 847 1387
689 838 686
712 708 433
408 801 399
855 801 408
693 838 689
828 847 441
411 855 408
860 855 411
842 830 852
852 863 842
711 839 715
864 801 855
845 842 863
863 869 845
937 378 441
847 937 441
863 852 898
898 876 863
862 873 688
839 846 850
869 863 876
879 422 425
867 422 879
877 854 426
702 894 853
882 894 702
859 837 872
873 867 879
1358 788 1340
803 662 1323
1323 673 803
444 443 838
856 853 894
894 499 856
855 860 1264
864 855 1264
850 846 389
879 425 887
884 803 673
839 850 715
872 837 843
857 435 854
873 879 887
849 884 682
721 715 850
444 838 445
709 870 733
692 688 873
676 884 673
712 435 1287
433 435 712
402 850 389
682 884 676
370 860 411
875 860 370
870 788 814
859 872 713
445 838 693
886 445 693
856 499 421
421 871 856
857 1287 435
852 849 682
850 402 721
374 875 370
878 875 374
866 858 925
925 674 866
445 861 446
886 861 445
898 852 682
875 1264 860
814 883 870
517 769 871
866 674 1222
643 866 1222
447 880 606
815 865 874
872 554 713
606 880 448
870 883 889
733 870 889
651 876 1227
877 815 874
898 682 691
883 814 437
868 880 447
894 882 841
841 906 894
887 425 896
888 651 890
554 914 713
897 383 892
906 499 894
874 865 720
1307 874 720
1227 898 691
881 874 1307
448 880 851
713 914 719
906 841 1291
876 898 1227
873 887 697
406 810 1375
726 406 1375
887 896 929
903 888 890
900 888 903
885 874 881
877 874 885
697 887 929
929 701 697
613 883 437
912 900 903
908 900 912
383 897 486
901 883 613
889 883 901
696 915 694
723 881 1307
906 1291 646
406 726 412
909 892 904
897 892 909
697 692 873
885 881 891
622 987 618
920 897 909
906 646 373
893 861 886
1317 893 886
918 908 912
901 613 910
912 922 918
719 914 924
895 881 723
694 618 987
925 918 922
766 904 757
909 904 766
889 901 736
915 618 694
407 618 915
368 618 407
914 554 430
921 914 430
446 861 449
899 881 895
891 881 899
773 909 766
736 910 739
929 934 701
412 726 416
924 914 921
704 915 696
629 915 704
449 893 913
861 893 449
434 929 896
725 895 723
905 895 725
938 929 434
901 910 736
920 909 773
375 951 372
704 624 629
911 895 905
899 895 911
934 929 938
938 941 934
707 893 1317
407 629 415
915 629 407
902 893 707
436 921 430
916 905 725
725 727 916
674 925 1267
910 613 926
926 930 910
710 902 707
907 902 710
701 934 706
416 726 731
897 920 486
935 921 436
924 921 935
911 905 916
916 919 911
629 615 415
902 913 893
729 916 727
1267 925 922
934 941 706
782 920 773
415 615 367
945 436 439
935 436 945
734 416 731
1304 933 936
936 1284 1304
438 938 434
949 938 438
910 930 739
782 791 490
923 902 907
913 902 923
928 916 729
919 916 928
941 938 949
949 948 941
739 930 740
920 782 490
375 913 923
923 927 375
424 416 734
394 878 374
695 878 394
936 1293 1284
802 729 931
928 729 802
949 958 948
877 939 854
665 424 734
394 398 1301
695 394 1301
933 945 439
857 854 939
388 942 868
948 706 941
940 937 1387
939 943 857
393 424 665
939 877 885
885 944 939
955 949 438
951 942 388
372 951 388
943 939 944
944 946 943
917 721 402
402 428 917
958 949 955
924 935 950
954 937 940
378 937 954
721 917 737
398 932 703
1301 398 703
880 868 942
942 947 880
764 821 955
728 935 945
626 988 414
617 988 631
631 988 1013
1013 988 626
950 935 728
451 378 954
944 885 891
891 952 944
383 880 947
851 880 383
791 808 932
714 821 1228
955 821 714
958 955 714
735 944 952
946 944 735
703 808 1274
932 808 703
728 945 1378
947 892 383
952 891 899
899 961 952
385 917 428
451 954 960
957 952 961
917 385 644
644 737 917
735 952 957
1378 945 933
933 1304 1378
951 956 942
627 989 417
417 989 414
414 989 626
626 989 1021
1021 989 627
954 940 1394
951 375 927
927 953 951
417 366 699
699 627 417
735 957 738
956 951 953
1015 630 638
961 899 911
614 630 366
366 630 699
699 630 1015
959 942 956
947 942 959
1397 954 1394
904 947 959
376 964 454
892 947 904
961 963 957
747 954 1397
960 954 747
956 962 959
964 376 845
371 911 919
961 911 371
757 959 962
904 959 757
963 961 371
371 381 963
967 926 386
451 967 386
957 741 738
963 741 957
930 926 967
967 970 930
966 845 869
964 845 966
969 964 966
716 965 907
923 907 965
651 869 876
966 869 651
927 923 965
965 968 927
930 970 740
972 990 387
387 990 381
381 990 963
963 990 741
741 990 972
888 966 651
969 966 888
717 965 716
750 740 970
964 969 973
967 451 960
960 981 967
968 965 717
971 968 717
975 387 384
972 387 975
970 967 981
981 1409 970
900 969 888
973 969 900
953 927 968
968 976 953
908 973 900
974 973 908
956 953 976
976 977 956
978 968 971
976 968 978
1409 750 970
972 975 742
977 976 978
978 980 977
480 975 384
962 956 977
977 722 962
981 960 747
979 975 480
751 1409 981
763 962 722
757 962 763
397 979 480
983 979 397
981 747 751
401 983 397
404 974 908
908 918 404
977 980 722
858 404 918
918 925 858
742 982 743
975 982 742
979 982 975
777 763 722
858 866 936
404 858 936
983 982 979
743 982 744
1293 936 866
866 643 1293
984 391 752
748 984 752
724 978 971
982 983 745
745 744 982
752 396 1436
391 396 752
978 724 732
980 978 732
405 983 401
985 983 405
984 985 405
405 390 984
396 986 753
1436 396 753
472 986 396
724 730 732
983 985 746
746 745 983
722 980 732
986 477 754
753 986 754
472 477 986
985 984 748
748 746 985
754 409 755
477 409 754
413 774 663
668 732 730
931 410 802
409 413 663
755 409 663
758 931 749
756 991 779
779 991 419
419 991 413
413 991 774
774 991 670
670 991 756
756 762 652
779 762 756
931 758 410
638 1006 1015
1014 628 1174
621 1008 639
1003 1002 1036
1005 1002 1003
1041 1007 994
623 1026 1012
1012 1026 1009
1009 1026 625
625 1026 623
1002 1005 1000
631 1013 998
1019 1004 1020
1017 621 634
1005 1003 1011
622 993 1039
632 992 1007
1011 1004 1000
1014 999 632
1006 1018 1015
1005 1011 1000
628 1014 632
995 1002 1000
996 631 998
1013 626 998
1024 1012 1009
1022 1453 1016
1006 1016 1018
1041 1017 634
992 632 999
1007 1041 634
628 997 1174
1453 1022 1023
626 1021 998
620 623 1012
1010 997 628
1004 1011 1456
633 997 1010
639 1024 1009
624 997 633
1022 1006 620
1012 1022 620
1008 1024 639
1456 1020 1004
1023 1012 1024
1022 1012 1023
1016 1006 1022
1025 1024 1008
1023 1024 1025
621 1001 1008
1025 1008 1001
1001 621 1017
994 999 1037
1001 1028 1025
993 996 1027
992 999 994
1041 1462 1017
992 994 1007
1033 1029 998
996 998 1029
1029 1027 996
1038 1036 1002
1462 1041 1469
1000 1455 995
1021 1033 998
1038 995 1030
1002 995 1038
1001 1017 1031
1031 1028 1001
1040 1033 1021
995 1455 1030
1039 993 1027
999 1014 1032
1019 1000 1004
1455 1000 1019
1017 1462 1467
1034 994 1037
1031 1017 1467
1041 994 1034
1034 1469 1041
653 1201 644
1225 1220 1223
1223 1237 1225
659 649 1044
1219 1121 1862
1367 1219 1862
1227 1229 651
1043 1014 1174
1032 1014 1043
1025 1453 1023
651 1229 890
1380 1453 1025
1219 1231 1121
1266 1225 1237
1237 667 1266
1049 650 1218
1224 650 1049
1229 1227 1364
1237 1223 1247
1016 1453 1143
709 1343 1340
890 1240 903
1229 1240 890
660 659 1044
1044 1050 660
1053 1219 1233
1231 1219 1053
1234 657 1377
667 1237 647
1343 1350 1914
709 1350 1343
1121 1236 1057
1143 1453 1380
1057 1065 1890
1236 1065 1057
1060 1218 650
1201 653 1055
1050 1782 660
1762 1046 1228
1234 771 657
1240 1056 912
912 903 1240
1245 1242 1042
1042 1252 1245
1359 1350 709
645 1060 650
1028 1454 1025
1025 1454 1380
1380 1454 1733
1236 1121 1231
1231 1249 1236
1733 1454 1028
1229 1364 1734
653 1232 1055
1350 1359 1054
1065 1236 1249
1249 1911 1065
1247 1242 1245
1238 660 1782
1055 1232 1116
1048 1229 1734
1240 1229 1048
771 1234 1880
1880 666 771
655 1064 1060
645 655 1060
1058 656 835
1255 1245 1252
1782 1066 1238
1072 1231 1053
1249 1231 1072
1918 1240 1048
1762 656 1764
1228 656 1762
1352 1365 718
1911 1249 1072
1056 1240 1918
669 665 1069
1080 669 1069
656 1058 1764
759 1245 1255
1247 1245 759
912 1256 922
1244 1065 1911
664 1058 835
1062 1058 664
675 669 1080
1056 1256 912
1370 1365 1059
1059 1070 1370
1237 1247 647
1238 1066 672
1256 1073 922
1166 1385 1767
1382 1385 1166
650 1224 1241
1241 1246 650
647 1247 759
1084 675 1080
1365 1370 718
1880 1885 666
1385 1396 1771
1771 1767 1385
784 675 1084
674 1976 1222
1267 1976 674
1885 1732 671
730 1266 667
1386 1382 1114
1246 1241 1077
1250 1246 1077
1086 1250 1077
671 666 1885
1092 784 1084
687 784 1092
1386 1388 1382
1062 1248 1788
664 1248 1062
922 1073 1267
1254 1250 1086
841 1460 1827
824 1370 1070
1285 841 1827
1092 1098 687
646 1271 760
1267 1073 1923
1976 1267 1923
1788 1253 1104
1248 1253 1788
1091 1254 1086
1259 671 1732
804 1066 1813
1257 804 1813
1265 1254 1091
1285 1291 841
1256 1056 1067
671 1259 677
1076 1257 1813
1261 1257 1076
1142 687 1098
1390 1386 1123
1388 1386 1390
1091 1751 1265
804 1257 681
1071 1256 1067
1073 1256 1071
760 1271 1107
687 1142 720
654 760 1107
1385 1382 1388
1388 1391 1385
1740 1259 1732
681 1261 686
1257 1261 681
1270 1265 1751
1751 1103 1270
1263 1259 1740
1889 832 1083
1396 1385 1391
1113 654 1107
1290 654 1113
1272 1270 1103
864 1269 1260
1263 677 1259
1090 1261 1076
1264 1269 864
1391 1388 1390
1390 1393 1391
654 1290 1297
1291 1285 1847
1148 1263 1740
1261 689 686
832 824 1083
1264 875 1275
1279 698 1106
1269 1264 1275
1275 1292 1269
1281 1272 1103
1283 1272 1281
646 1847 1271
1291 1847 646
1297 1290 1126
1111 1106 698
878 1275 875
1286 1275 878
1293 1299 1284
1292 1275 1286
689 1261 1090
1309 1304 1284
1396 1398 1178
1178 1771 1396
1232 1279 1116
1277 689 1090
1276 1263 1148
1304 1309 1079
1117 1064 655
1180 1178 1398
655 661 1117
1309 1284 1299
1299 1313 1309
689 1277 693
1116 1279 1106
1387 832 1889
1255 1312 853
1246 1250 1298
1252 1312 1255
695 1286 878
1306 1286 695
1399 1396 1391
698 708 1111
1738 1277 1090
1152 1276 1148
1398 1396 1399
733 1359 709
708 712 1130
1130 1111 708
1299 1293 643
1312 702 853
1297 1126 662
661 1298 1110
1117 661 1110
1402 1391 1393
643 1327 1299
1399 1391 1402
1286 1306 1089
1797 1286 1089
1292 1286 1797
1288 1277 1738
1130 1287 1135
1295 1277 1288
693 1277 1295
649 1276 1152
1126 1133 1323
712 1287 1130
1406 1398 1399
1095 1301 1097
1306 1301 1095
695 1301 1306
662 1126 1323
1310 1250 1254
1298 1250 1310
1287 857 1296
1904 1054 1359
1035 1036 1479
1222 1327 643
1089 1306 1095
889 1359 733
1398 1406 1180
1157 649 1152
1135 1296 1138
1287 1296 1135
1302 1295 1288
1110 1310 1122
1298 1310 1110
1406 1399 1402
1402 1407 1406
1035 1003 1036
1011 1003 1736
1736 1003 1035
1105 1302 1288
1136 1323 1133
1315 1254 1265
1310 1254 1315
889 736 1904
1102 1301 703
1359 889 1904
1299 1327 1100
1096 1299 1100
1313 1299 1096
1122 1315 1127
1310 1315 1122
1471 1455 1333
1333 1455 1019
1274 1102 703
1044 649 1157
1335 1323 1136
673 1323 1335
1030 1455 1471
1123 1811 1390
1381 1904 736
1315 1265 1322
1146 720 1142
1307 720 1146
1471 1333 1074
1393 1390 1811
1811 1194 1393
1102 1097 1301
1127 1322 1132
1315 1322 1127
1335 676 673
1222 1976 1327
1295 1317 886
1102 1274 1045
693 1295 886
1736 1456 1011
676 1349 682
1082 1456 1736
1319 1307 1146
1146 1149 1319
1322 1265 1270
1270 1324 1322
1745 1456 1082
1260 1326 1253
1383 1381 736
1874 1328 1165
736 739 1383
1132 1324 1790
1149 1150 1319
1136 1140 1335
1253 1326 1104
1020 1456 1088
1088 1456 1745
1165 1332 1879
1381 1383 1120
1307 1319 723
1317 1295 1302
1302 707 1317
676 1335 1140
1140 1925 676
1328 1332 1165
1094 1020 1088
1326 1260 1269
1349 676 1925
1925 1144 1349
1322 1324 1132
1402 1393 1194
1411 1402 1194
710 1302 1105
707 1302 710
1333 1019 1341
1341 1019 1020
1324 1270 1272
1272 1330 1324
1972 1386 1114
1325 1319 1150
1349 1355 691
691 682 1349
1341 1101 1333
1123 1386 1972
1384 1383 739
739 740 1384
1269 1292 1115
1326 1269 1115
1324 1330 1790
1099 1020 1094
1341 1020 1099
1383 1384 1125
1125 1120 1383
1319 1325 725
725 723 1319
1330 1272 1283
1283 1337 1330
1101 1341 1099
1321 1328 1874
627 1040 1021
1357 1040 699
699 1040 627
1407 1402 1411
1411 1412 1407
1325 1329 727
727 725 1325
1342 1330 1337
1790 1330 1342
1115 1292 1797
1364 1227 691
1355 1364 691
1131 1033 1040
1329 1159 1336
1333 1353 1754
1754 1074 1333
710 1105 1124
1345 710 1124
1754 1353 1108
1339 1336 1159
1131 1357 1134
1040 1357 1131
1147 1349 1144
1889 1137 1387
1159 1162 1339
1354 1281 1145
710 1345 907
1353 1333 1101
1355 1349 1147
1147 1931 1355
727 1336 729
1329 1336 727
1328 1340 1332
699 1018 1357
1128 1345 1124
1015 1018 699
1406 1414 1197
1197 1180 1406
729 1339 931
1353 1101 1112
1112 1108 1353
1336 1339 729
1283 1281 1354
1361 1357 1018
1321 1181 1344
1364 1355 1931
1931 1940 1364
907 1345 716
1145 678 1354
1414 1416 1198
1198 1197 1414
1389 1387 1137
1357 1361 1134
1417 1406 1407
1414 1406 1417
1346 1296 857
857 943 1346
1018 1016 1361
1361 1016 1143
1235 1221 777
1387 1389 940
1419 1414 1417
716 1369 717
1156 1371 1155
1138 1346 1167
1296 1346 1138
1226 1221 1235
1137 1139 1389
1352 1344 1181
1154 685 1151
1155 1371 1158
1365 1352 1181
1416 1414 1419
1351 1346 943
943 946 1351
1235 1239 1226
940 1389 1394
1198 1416 1200
1161 1371 1156
987 1371 1161
1167 1351 1826
1346 1351 1167
1328 1321 1344
1344 1358 1328
685 678 1151
1235 777 668
1243 1235 668
694 987 1161
1163 694 1161
696 694 1163
735 1351 946
1356 1351 735
1419 1421 1200
1362 1345 1128
716 1345 1362
1416 1419 1200
1239 1235 1243
1392 1389 1139
1093 1367 1815
1351 1356 1826
1230 1226 1239
1239 1251 1230
1340 1328 1358
1233 1367 1093
1219 1367 1233
1039 1457 622
622 1457 987
1394 1389 1392
987 1457 1371
1371 1457 1158
1362 1128 1803
1220 1362 1803
1202 1200 1421
1251 798 1230
738 1356 735
690 685 1154
1160 690 1154
1358 1344 1352
1251 1239 1243
1243 1262 1251
1356 738 1830
1830 1826 1356
1369 716 1362
1395 1394 1392
704 696 1163
798 1251 1262
1262 1268 798
1163 1973 704
1274 679 1280
1879 1332 1366
1369 724 971
717 1369 971
1203 1427 1208
1424 1427 1203
738 741 1176
1830 738 1176
1171 704 1973
624 704 1171
1369 1362 1220
1220 1225 1369
972 1368 741
812 1280 679
1052 1280 812
1394 1395 1397
1417 1407 1412
1204 1417 1412
1266 1369 1225
1176 1368 1177
741 1368 1176
724 1369 1266
1397 1401 747
1373 1160 1169
1274 1280 1045
1419 1417 1204
1174 997 1171
1171 997 624
1160 1373 690
1280 1052 1045
1400 1395 1459
1397 1395 1400
1343 1332 1340
1366 1332 1343
1375 1373 1169
1177 742 1179
1401 1397 1400
1366 1343 1914
1205 1419 1204
1421 1419 1205
1368 742 1177
972 742 1368
1294 812 684
798 1294 684
1404 1459 1403
1400 1459 1404
1875 1421 1205
1202 1421 1875
1405 1400 1404
1401 1400 1405
1179 743 1183
742 743 1179
1052 1294 1858
812 1294 1052
1875 1882 1202
1183 744 1185
743 744 1183
1294 798 1268
1268 1300 1294
1424 1202 1882
1342 1337 705
1376 1342 705
724 1266 730
711 1376 705
1206 1424 1882
1300 1858 1294
1185 745 1186
744 745 1185
732 777 722
1342 1376 1170
1408 1384 740
740 750 1408
1170 1790 1342
1427 1424 1206
1428 1427 1206
807 1243 668
1125 1408 1153
1384 1408 1125
1213 1428 1206
1376 711 1172
1172 1170 1376
1186 746 1192
745 746 1186
1308 1243 807
1410 1408 750
750 1409 1410
746 1372 1189
1192 746 1189
748 1372 746
732 668 777
1427 1431 1208
1172 711 1175
1262 1243 1308
1408 1410 1153
1859 1339 1162
1316 1262 1308
1268 1262 1316
1431 1430 1207
1208 1431 1207
1433 1430 1431
1175 715 1831
711 715 1175
1164 1410 1409
1223 1220 1803
1141 1223 1803
1430 1434 1209
1320 1308 822
1410 1164 1721
1141 1042 1242
749 1339 1859
1859 1377 749
1209 1435 1210
1434 1435 1209
1316 1308 1320
1223 1141 1242
1242 1247 1223
700 1320 822
1409 751 1413
1434 1430 1433
1433 1437 1434
721 1831 715
1401 751 747
1435 1434 1437
1437 1439 1435
1278 1258 1282
1273 1258 1278
749 931 1339
1831 721 1184
1273 1278 1047
1435 1700 1211
1211 1210 1435
1334 1268 1316
1300 1268 1334
1409 1413 1164
1212 1435 1439
1700 1435 1212
1377 657 749
1334 1316 1320
1278 1282 1289
1289 1305 1278
1168 1164 1413
1184 721 1199
1047 1305 1051
1278 1305 1047
1320 1348 1068
1334 1320 1068
1431 1427 1428
1401 1415 751
1305 1289 1303
1444 1431 1428
1433 1431 1444
1051 1305 1739
1168 1415 1173
1413 1415 1168
751 1415 1413
1348 1320 700
1314 1303 1311
1305 1303 1314
1214 1428 1213
1444 1428 1214
1415 1401 1405
1405 1418 1415
726 1375 1169
1169 1191 726
1446 1433 1444
1437 1433 1446
1415 1418 1173
1314 1318 1739
1305 1314 1739
731 726 1191
1439 1437 1446
1348 700 859
713 1348 859
1446 1448 1439
648 1311 652
1314 1311 648
1068 1348 1078
1215 1444 1214
1446 1444 1215
1318 1314 648
648 658 1318
1739 1318 1061
1448 1446 1215
1215 1216 1448
1348 1085 1078
713 1085 1348
734 731 1191
1191 1196 734
1182 1422 1420
1217 1448 1910
1439 1448 1217
1212 1439 1217
1318 658 1063
1061 1318 1063
1423 1403 1420
1404 1403 1423
1910 1448 1216
1425 1404 1423
1405 1404 1425
1069 734 1196
665 734 1069
774 1331 663
1423 1420 1422
1422 1426 1423
670 1331 774
721 737 1199
1425 1423 1426
1426 1258 1425
1199 737 1201
829 1063 658
1338 1063 829
719 1085 713
1850 1085 719
1063 1338 1075
737 644 1201
1422 1182 1187
1187 1429 1422
680 1338 829
1347 1338 680
1338 1347 1081
1081 1075 1338
1429 1187 1440
1426 1422 1429
1429 1432 1426
1258 1426 1432
1432 1282 1258
680 683 1347
1850 719 1861
924 1861 719
1081 1347 1087
1360 1347 683
683 862 1360
950 1861 924
1347 1360 1087
1861 950 1867
688 1360 862
1363 1360 688
1188 1436 1190
752 1372 748
1188 1372 752
692 1363 688
950 1119 1867
1436 1188 752
728 1119 950
1883 1119 728
1374 1363 692
1436 753 1193
1190 1436 1193
1193 1438 1195
753 1438 1193
1378 1883 728
697 1374 692
754 1438 753
1883 1378 1888
1109 1374 697
697 701 1109
1187 1968 1440
1378 1304 1888
1440 1441 1429
701 706 1109
1888 1304 1079
1442 1440 1968
1968 1195 1442
1441 1440 1442
1442 1443 1441
1118 1109 706
1432 1429 1441
1441 1445 1432
1282 1432 1445
1445 1289 1282
948 1118 706
1445 1441 1443
1443 1447 1445
1303 1445 1447
1289 1445 1303
948 958 1129
1118 948 1129
1449 1442 1195
1438 1449 1195
1443 1442 1449
1449 1450 1443
1449 1438 754
754 755 1449
958 714 1379
1450 1449 755
663 1450 755
1331 1450 663
1447 1443 1450
1450 1451 1447
714 1228 1046
1379 714 1046
1311 1447 1451
1303 1447 1311
1450 1331 670
1451 1450 670
756 1451 670
652 1451 756
1311 1451 652
1418 1405 1425
1425 1452 1418
1452 1173 1418
1273 1425 1258
1452 1425 1273
702 1312 1458
1458 1312 1252
1392 1459 1395
1458 1460 702
702 1460 882
1827 1460 1458
1835 1285 1827
1462 1461 1467
1029 1984 1027
1470 1984 1029
1462 1469 1487
1036 1038 1466
1036 1466 1479
1030 1471 1465
1481 1479 1466
1479 1486 1035
1463 1470 1029
1038 1468 1466
1030 1468 1038
1484 1487 1469
1469 1034 1484
1033 1463 1029
1468 1030 1464
1464 1030 1465
1478 1461 1462
1473 1467 1461
1483 1476 1482
1482 1485 1483
1982 1467 1473
1487 1478 1462
1472 1466 1474
1489 1483 1485
1486 1481 1606
1487 1484 1480
1485 1482 1465
1465 1471 1485
1486 1479 1481
1487 1480 1475
1478 1487 1475
1466 1468 1474
1468 1464 1988
1988 1474 1468
1986 1466 1472
1481 1466 1986
1988 1464 1477
1464 1465 1482
1477 1464 1482
1486 1611 1035
1488 1837 1493
1978 1051 1492
1489 1476 1483
1078 1837 1068
2391 1732 1683
1845 1837 1078
1731 1218 2285
1051 1739 1499
1499 1492 1051
1497 1080 1870
1084 1080 1497
1467 1982 1031
1031 1982 1028
1884 1847 1599
1599 1631 1884
1498 1732 2391
1740 1732 1498
1495 1738 1490
1502 1084 1497
2293 1485 1074
1074 1485 1471
1489 1485 2293
1847 1884 1271
1493 1837 1845
1049 1731 1496
1224 1049 1496
1028 1982 1473
2289 1028 1473
1733 1028 2289
1092 1084 1502
1501 1740 1498
1148 1740 1501
1499 1061 2400
1739 1061 1499
1887 1884 1631
1218 1731 1049
1501 1505 1148
1288 1738 1495
1742 1736 1616
1741 1735 1380
1733 1741 1380
1509 1092 1502
1098 1092 1509
1218 1060 1503
1503 2285 1218
1850 1845 1078
1085 1850 1078
1631 2399 1887
1500 1288 1495
1061 1063 1506
1514 1098 1509
1142 1098 1514
1503 1060 1507
1741 1515 1735
1506 2400 1061
1736 1742 1082
1884 1887 1107
1271 1884 1107
1741 1733 2289
1508 1506 1063
1060 1064 1510
1510 1507 1060
1747 1288 1500
1111 1744 1106
1516 1510 1064
1288 1747 1105
1893 1887 2399
1521 1224 1496
1523 1742 1511
1508 1075 1518
1745 1742 1523
1082 1742 1745
1063 1075 1508
1241 1224 1521
1534 1525 1116
1113 1887 1893
1845 1850 2323
1152 1148 1505
1518 1081 1520
1075 1081 1518
1077 1241 1521
1526 1077 1521
1086 1077 1526
1106 1744 1534
1116 1106 1534
1861 2323 1850
1157 1152 1505
1755 1758 2320
2320 2317 1755
1903 1893 1640
1113 1893 1903
1088 1745 1533
1530 1088 1533
1526 1532 1086
2323 1861 1528
1520 1087 1531
1081 1087 1520
1760 1747 1500
1500 1524 1760
1758 1166 1536
1536 2320 1758
1887 1113 1107
1505 1519 1157
1094 1088 1530
1113 1903 1290
1752 1744 1111
1111 1130 1752
1087 1360 1531
1105 1760 1124
1747 1760 1105
1749 1086 1532
1544 1094 1530
1099 1094 1544
1382 1755 1114
1758 1755 1382
1861 1867 1528
1532 1542 1749
1044 1157 1519
2369 1760 1524
1360 1363 1540
1540 1531 1360
1551 1099 1544
1101 1099 1551
1756 1752 1130
1130 1135 1756
1166 1758 1382
1086 1749 1091
1533 1745 1523
1649 1903 1640
1540 1363 1555
1602 1756 1135
1135 1138 1602
1166 1767 1541
1541 1536 1166
1765 1760 2369
1124 1760 1765
1751 1749 1542
1767 1771 1546
1546 1541 1767
1363 1374 1555
1074 1754 1557
1557 2293 1074
1903 1912 1290
1649 1912 1903
1775 1765 2369
2369 1543 1775
1290 1912 1126
1528 1867 1538
1557 1759 1561
1754 1759 1557
1549 1775 1543
1779 1775 1549
1374 1109 1563
1563 1555 1374
1784 1779 1549
1549 2393 1784
1656 1912 1649
1913 1912 1656
1546 1785 1559
1771 1785 1546
1772 1777 1539
1567 1142 1514
1773 1142 1567
1109 1118 2420
1108 1759 1754
1763 1759 1108
1749 1751 1091
1913 1915 1133
1912 1913 1133
1126 1912 1133
1538 1867 1548
1785 1564 1559
2420 1563 1109
1781 1772 1535
1567 1570 1773
1662 1913 1656
1759 1766 1561
1547 1751 1542
1119 1548 1867
1103 1751 1547
1535 2421 1781
1146 1142 1773
1793 1784 2393
1252 1784 1793
1915 1913 1662
1662 1666 1915
1178 1785 1771
1564 1785 1178
1575 1773 1570
1777 1772 1781
958 1757 1129
1781 1787 1777
1883 1548 1119
1133 1915 1136
1776 1759 1763
1766 1759 1776
1124 1765 1128
1556 1103 1547
1539 1777 1552
1773 1575 1149
1149 1146 1773
1548 1883 1554
1178 1180 1564
2420 1129 1757
1778 1766 1776
1770 1766 1778
1118 1129 2420
1136 1915 1666
1920 1136 1666
1379 1757 958
1564 1180 1609
1576 1786 1573
1149 1783 1150
1575 1783 1149
1787 1594 1553
1552 1787 1553
1777 1787 1552
1281 1103 1556
1765 1775 1803
1128 1765 1803
2309 1281 1556
1140 1136 1920
1883 1888 1560
1554 1883 1560
1553 1594 2069
1770 1791 1580
1757 1379 1577
1791 1795 1586
1586 1580 1791
1562 1781 2421
1807 1781 1562
1801 1806 1123
1516 1117 1565
1064 1117 1516
1140 1920 1678
1079 1892 1888
1791 1770 1778
1778 1798 1791
1803 1779 1141
1775 1779 1803
1811 1123 1806
1150 1794 1325
1783 1794 1150
1379 1046 1577
1802 1781 1807
1787 1781 1802
1565 1110 1566
1117 1110 1565
1806 1801 1572
1795 1791 1798
1798 1804 1795
1560 1892 1898
1888 1892 1560
1779 1784 1042
1042 1141 1779
1578 1806 1572
1811 1806 1578
1586 1810 2318
1795 1810 1586
1794 1800 1329
1329 1325 1794
1925 1140 1678
1678 1682 1925
1898 1950 1568
1252 1042 1784
2110 1044 1519
1050 1044 2110
1159 1800 1596
1802 1807 1812
1144 1925 1682
1682 2443 1144
1950 1906 1568
1566 1122 2074
1110 1122 1566
1810 1786 1576
2318 1810 1576
1815 1786 1810
1159 1329 1800
1581 1811 1578
1194 1811 1581
1568 1761 2373
1906 1761 1568
1822 1816 1574
1122 1127 2074
1817 1807 1562
1782 1050 2110
1810 1795 1804
1804 1821 1810
1585 1194 1581
1162 1159 1596
1584 1162 1596
1815 1810 1821
1821 1093 1815
1820 1807 1817
1812 1807 1820
1579 1822 1574
1827 1822 1579
1689 1144 2443
1147 1144 1689
1940 1734 1364
1819 1602 1138
1138 1167 1819
1828 1763 1108
1820 1817 1571
1108 1112 1828
1411 1194 1585
1826 1819 1167
1127 1132 2081
2081 2074 1127
1931 1147 1938
1592 1101 1551
1112 1101 1592
1585 1593 1411
1579 1835 1827
1132 1790 1582
1582 2081 1132
1412 1411 1593
1048 1734 1737
1828 1112 1592
1597 1828 1592
1603 1782 2124
1776 1763 1828
1828 1836 1776
1833 1823 1589
1180 1832 1609
1835 1841 1285
1582 1790 1587
1918 1067 1056
1778 1776 1836
1836 1840 1778
1944 1931 1938
1940 1931 1944
1819 1826 1607
1607 1602 1819
1609 1832 1620
1847 1841 1595
1838 1823 1833
2453 1823 1838
1603 2143 1619
1587 1790 1590
1836 1828 1597
1597 1600 1836
1944 1734 1940
1180 1197 1832
1847 1285 1841
1613 1607 1826
1918 1048 1504
1612 1836 1600
1840 1836 1612
1782 1603 1066
1826 1830 1617
1617 1613 1826
1787 1802 1594
2313 1918 1504
1798 1778 1840
1840 1846 1798
1832 1198 1620
1197 1198 1832
1842 1830 1176
1595 1599 1847
1067 1918 2313
1804 1798 1846
1846 1848 1804
1601 1145 2309
1177 1842 1176
1844 1842 1177
1938 1147 1689
1198 1200 1625
1620 1198 1625
1603 1619 1066
1846 1840 1612
1179 1844 1177
1802 1812 1598
1598 1594 1802
1145 1281 2309
1625 1843 1629
1200 1843 1625
1617 1842 1623
1830 1842 1617
1618 1846 1612
1848 1846 1618
1820 1598 1812
1944 2286 1734
1623 1844 1628
1842 1844 1623
1200 1202 1843
1821 1804 1848
1848 1853 1821
2313 1604 1067
1486 1606 1611
1151 1145 1601
1610 1151 1601
1093 1821 1853
1813 1066 1619
1624 1813 1619
1843 1849 1629
1071 1067 1604
1154 1151 1610
1610 1614 1154
1699 1949 1696
1183 1851 1635
1844 1183 1635
1628 1844 1635
1179 1183 1844
2453 1838 1615
1853 1848 1618
1618 1632 1853
678 1145 1151
1071 1927 1073
1635 1851 1641
1616 1983 1611
1611 1983 1035
1035 1983 1736
1736 1983 1616
1818 1813 1624
1701 1949 1699
1155 1949 1701
1156 1155 1701
1185 1851 1183
1696 1158 1704
1949 1158 1696
1849 1843 1202
1923 1073 1927
1608 1923 1927
1813 1818 1076
1160 1154 1614
1704 1158 1709
1927 1071 1604
1604 2202 1927
1424 1849 1202
1852 1849 1424
1851 1186 1641
1185 1186 1851
1786 1862 1573
1158 1949 1155
1852 1855 1643
1648 1372 1646
1634 1160 1614
1621 1833 1589
1189 1372 1648
1932 1892 1079
1079 1309 1932
1855 1895 1647
1647 1643 1855
1866 1873 1650
1641 1192 1651
1186 1192 1641
1935 1932 1309
1309 1313 1935
1855 1852 1424
1424 1203 1855
1709 1748 1513
1158 1748 1709
1457 1748 1158
1169 1160 1634
1651 1189 1648
1192 1189 1651
1833 1857 1838
1713 1960 1712
1208 1855 1203
1895 1855 1208
1100 1943 1096
1634 1636 1169
1090 1076 1818
1490 1090 1818
1738 1090 1490
1573 1862 1866
1121 1866 1862
1621 1860 1833
1584 1663 1859
1712 1156 1701
1161 1156 1712
1960 1161 1712
1590 1170 1645
1790 1170 1590
1096 1935 1313
1943 1935 1096
1873 1866 1121
1962 1960 1713
1713 2454 1962
1857 1833 1860
1860 1863 1857
1170 1172 1645
1161 1962 1163
1864 1859 1663
1663 1667 1864
1653 1412 1593
1204 1412 1653
1367 1786 1815
1869 1621 1630
1960 1962 1161
1172 1825 1655
1645 1172 1655
1175 1825 1172
1677 1864 1667
1100 1637 1943
1653 1660 1204
1862 1786 1367
1874 1869 1630
1630 1644 1874
1947 1892 1932
1898 1892 1947
1831 1825 1175
1584 1859 1162
1457 1039 1748
1748 1039 1027
1860 1621 1869
1869 1878 1860
1950 1898 1947
1825 1831 1657
1737 1734 2286
1657 1655 1825
1953 1932 1935
1947 1932 1953
1863 1860 1878
1878 1879 1863
1205 1204 1660
1048 1737 1504
1956 1947 1953
1950 1947 1956
1924 1053 1233
1859 1864 1377
1875 1205 1660
1660 1665 1875
1831 1184 1657
1873 1886 1658
1658 1650 1873
1970 1491 1043
1165 1869 1874
1878 1869 1165
1657 1184 1668
1658 1890 1664
1886 1890 1658
1973 1962 2454
1513 1748 2333
1879 1878 1165
1880 1864 1677
1906 1950 1956
1057 1873 1121
1886 1873 1057
1962 1973 1163
1670 1875 1665
1184 1199 1668
1956 1789 1906
1890 1886 1057
1882 1875 1670
2333 1984 1470
1027 1984 1748
1748 1984 2333
1885 1880 1677
1677 1683 1885
1664 1894 1669
1890 1894 1664
1953 1935 1943
1943 1965 1953
1718 1973 2454
1171 1973 1718
1321 1874 1644
1732 1885 1683
1956 1953 1965
1965 1967 1956
1669 1897 2304
1894 1897 1669
1191 1169 1636
1864 1880 1234
1234 1377 1864
1470 1463 1527
1674 1882 1670
1206 1882 1674
1644 1661 1181
1965 1943 1637
1637 1652 1965
1890 1065 1894
1718 1970 1174
1174 1171 1718
1636 1698 1191
1967 1965 1652
1644 1181 1321
1680 1206 1674
1043 1174 1970
1213 1206 1680
1897 1894 1065
1244 1897 1065
1942 1897 1244
1527 1463 1753
1686 1891 1684
1789 1956 1967
1967 1824 1789
1527 1753 1537
1069 1196 1688
1687 1647 1895
1072 1908 1911
1652 1834 1967
1083 1070 1633
1638 1083 1633
1207 1430 1690
1687 1207 1690
1032 1043 1491
1491 1494 1032
1895 1207 1687
1196 1191 1698
1824 1967 1834
1774 1761 1906
1906 1769 1774
1954 1942 1244
1911 1954 1244
1743 1032 1494
2461 1181 1661
1365 1181 2461
1688 1196 1698
1207 1895 1208
1690 1209 1693
1430 1209 1690
1976 1977 1327
1668 1199 2359
1889 1083 1638
1642 1889 1638
1954 1911 1908
1908 1722 1954
1209 1891 1686
1693 1209 1686
1210 1891 1209
1769 1906 1789
1923 1627 1976
999 1032 1743
1201 2359 1199
1857 1900 1671
1615 1857 1671
1838 1857 1615
1891 1901 1684
1853 1921 1093
1789 1792 1769
824 1070 1083
1977 1976 1627
1622 1977 1627
1093 1921 1233
1743 1037 999
1211 1891 1210
1901 1891 1211
1900 1857 1863
1796 1774 1769
1769 1799 1796
1921 1853 1632
1632 1673 1921
1100 1977 2418
1327 1977 1100
1743 1987 1037
1037 1987 1034
1034 1987 1484
1673 1679 1921
1637 1100 2418
1676 1671 1900
1805 1796 1799
1799 1809 1805
1211 1700 1697
1901 1211 1697
2359 1201 1715
2418 1977 1622
1921 1924 1233
1700 1212 1703
1904 1654 1054
1627 1923 1608
1799 1769 1792
1715 1055 1719
1201 1055 1715
1905 1863 1879
1900 1863 1905
1762 1577 1046
1680 1707 1213
1809 1799 1792
1676 1905 1681
1900 1905 1676
1924 1921 1679
1214 1213 1707
1707 1711 1214
1577 1762 1522
1679 1685 1924
1055 1116 1525
1525 1719 1055
1215 1214 1711
1366 1905 1879
1072 1053 1924
1924 1685 1072
1659 1654 1904
2379 1215 1711
1216 1215 2379
2382 1069 1688
1870 1069 2382
1829 1789 1824
1792 1789 1829
1908 1685 2356
1072 1685 1908
1839 1824 1834
1522 1764 1529
1762 1764 1522
1905 1366 1909
1217 1910 1716
1703 1217 1716
1212 1217 1703
1764 1058 1768
1681 1905 1909
1069 1870 1080
1829 1824 1839
1659 1381 1672
1904 1381 1659
1764 1768 1529
1717 1216 2379
1910 1216 1717
1716 1910 1717
1780 1768 1058
1058 1062 1780
1722 1908 2356
1381 1120 1672
1914 1909 1366
1934 1517 1512
2304 1934 1512
1897 1934 2304
1591 1829 1839
1517 1937 2308
1934 1937 1517
1909 1914 1692
1672 1125 1714
1120 1125 1672
1934 1897 1942
1937 1934 1942
1062 1788 1550
1780 1062 1550
1917 1889 1642
1708 2308 1937
1545 1809 1558
1805 1809 1545
1104 1550 1788
1692 1350 1694
1914 1350 1692
1942 1948 1937
1809 1871 1558
2397 1937 1948
1708 1937 2397
1097 1814 1095
1350 1054 1654
1694 1350 1654
1808 1797 1089
1095 1808 1089
1814 1808 1095
1954 1957 1942
1865 1809 1792
1871 1809 1865
1097 1102 1814
2366 1558 1871
1814 2300 1808
1137 1889 1917
1954 1722 2375
1957 1954 2375
1045 1814 1102
1854 1814 1045
1710 1922 1705
1070 1922 1710
1871 1876 2366
1948 1942 1957
1957 1963 1948
1917 1691 1137
1633 1070 1710
1814 1854 2300
1881 1871 1865
1139 1137 1691
2397 1948 1963
1876 1871 1881
1963 1957 2375
1059 1365 2461
1705 1059 2461
1104 1326 1569
1059 1922 1070
1705 1922 1059
1139 1691 1695
1392 1139 1695
1865 1792 1829
1829 1896 1865
1708 2397 2387
1569 1115 2347
1326 1115 1569
1702 1392 1695
1896 1829 1591
1591 1902 1896
1115 1583 2347
1928 1392 1702
1702 1706 1928
1881 1865 1896
1797 1583 1115
1392 1928 1459
1896 1899 1881
1930 1928 1706
1706 2319 1930
1797 1808 1588
1583 1797 1588
1459 1930 1403
1928 1930 1459
1907 1896 1902
1899 1896 1907
2300 1588 1808
1125 1153 1714
1153 1410 1720
1720 1714 1153
1856 1854 1045
1045 1052 1856
1721 1720 1410
1868 1856 1052
1858 1868 1052
1858 1872 1868
1721 1164 1723
1877 1858 1300
1300 1334 1877
1068 1877 1334
1488 1858 1877
1872 1858 1488
1723 1173 2330
1168 1173 1723
1164 1168 1723
1605 2366 1876
1837 1877 1068
1488 1877 1837
1876 1916 1605
1919 1876 1881
1951 1724 1955
1916 1876 1919
1725 1955 1724
1958 1955 1725
1951 1930 2319
1420 1930 1951
1926 1916 1919
1420 1403 1930
1946 1916 1926
1420 1955 1182
1951 1955 1420
1919 1881 1899
1899 1929 1919
1955 1958 1187
1187 1182 1955
1929 1939 1919
1929 1899 1907
1907 1933 1929
1726 1958 1725
1968 1958 1726
1939 1929 1933
1933 1936 1939
1195 1968 1726
1726 1727 1195
1926 1919 1939
1939 1941 1926
1372 1188 1646
1936 1945 1939
1646 1190 1728
1188 1190 1646
1941 1939 1945
1728 1193 2354
1190 1193 1728
1193 1195 1727
2354 1193 1727
1946 1959 1626
1968 1187 1958
1926 1952 1946
1959 1946 1952
1952 1961 1959
1173 1452 1975
1639 1626 1959
1452 1273 1975
1959 1755 2317
2317 1639 1959
1173 1975 1729
1729 2330 1173
1730 1729 1975
1047 1975 1273
1978 1975 1047
1755 1959 1961
1961 1114 1755
1975 1978 1730
1964 1926 1941
1952 1926 1964
1492 1730 1978
1966 1952 1964
1961 1952 1966
1969 1941 1945
1964 1941 1969
1051 1978 1047
1971 1964 1969
1966 1964 1971
1972 1961 1966
1961 1972 1114
1974 1966 1971
1972 1966 1974
1972 1974 1123
1675 1974 1971
1801 1974 1675
1123 1974 1801
1753 1463 1033
1131 1753 1033
1979 1753 1131
1753 1979 2435
2435 1537 1753
1134 1979 1131
1979 1134 1980
2435 1979 1980
1361 1980 1134
1981 1980 1361
1143 1981 1361
1746 1981 1143
1750 1746 1143
1380 1735 1143
1143 1735 1515
1750 1143 1515
1994 1480 1987
1476 1985 1474
1988 1476 1474
1985 1472 1474
2465 1606 1986
1481 1986 1606
1476 1988 1482
1993 1480 1994
1473 1461 1990
1482 1988 1477
1484 1987 1480
1475 1480 1993
1991 1986 1992
2465 1986 1991
1472 1985 2226
1990 1478 2472
1461 1478 1990
1475 1993 1989
2473 1994 2474
2480 1475 1989
1993 1994 2473
2472 1475 2480
1478 1475 2472
2295 2287 2292
2292 2298 2295
1995 1999 1731
1493 2288 1488
2118 2464 1489
1489 2464 1476
1476 2464 1985
2297 1515 1741
1870 2382 2000
2298 2292 2280
1985 2464 2226
2226 2464 2118
2289 2302 1741
1495 1490 2004
1737 1997 1504
1497 1870 2000
2000 2005 1497
2012 1495 2004
2291 1495 2012
1995 2285 2001
1731 2285 1995
2300 2305 2104
1494 1491 2290
1489 2293 2201
2118 1489 2201
1496 1731 1999
1999 2006 1496
2832 1494 2290
2011 2104 2305
1495 2291 1500
1737 2286 2299
2299 2303 1737
2297 1741 2302
1502 1497 2005
2005 2013 1502
1498 2391 2002
2002 2018 1498
2295 2298 2019
2306 2295 2019
2008 1494 2832
1743 1494 2008
2026 2306 2019
2285 1503 2014
2305 2310 2822
1997 1737 2303
2822 2011 2305
2296 1743 2008
1746 1750 2009
2009 2857 1746
1512 1517 2023
2028 1512 2023
2304 1512 2028
1501 1498 2018
1507 2294 1503
1509 1502 2013
2314 2822 2310
2325 2316 2437
2322 2316 2325
1510 2294 1507
1504 1997 2007
2024 1509 2013
1514 1509 2024
1742 2130 2141
1616 2130 1742
1517 2308 2031
2023 1517 2031
2009 1515 2016
1750 1515 2009
2313 1504 2007
2007 2017 2313
2325 2437 2306
1510 1516 2027
2294 1510 2027
2527 2294 2027
1511 1742 2141
2141 2148 1511
1743 2296 1987
1987 2296 1994
2031 2311 2035
2308 2311 2031
2306 2331 2325
2018 2021 1501
1994 2296 2559
2034 1496 2006
1521 1496 2034
2340 2322 2325
2334 2322 2340
2154 1511 2148
1523 1511 2154
1526 1521 2034
2035 2315 2037
2311 2315 2035
1515 2297 2016
2343 2334 2340
2340 2368 2343
2307 1534 2040
2885 1523 2154
2315 2321 2042
2042 2037 2315
2039 1526 2034
1532 1526 2039
2340 2325 2331
2331 2349 2340
2041 2313 2017
1530 1533 2178
1493 1845 2033
1522 2312 1577
1542 1532 2039
2039 2046 1542
2352 2340 2349
1501 2021 1505
2307 2301 1525
2368 2340 2352
2042 2327 2054
2321 2327 2042
1544 1530 2178
2178 2182 1544
1551 1544 2182
2182 2193 1551
2323 2033 1845
1519 1505 2021
2289 1473 2025
2025 1473 1990
1547 1542 2046
2046 2056 1547
2054 2332 2854
2312 1522 2837
2853 2306 2026
2331 2306 2853
2058 2309 2056
2326 2329 2049
2029 2326 2049
1533 1523 2885
2033 2323 2036
2885 2178 1533
2349 2331 2853
2853 2865 2349
2302 2289 2025
1522 1529 2837
2021 2891 1519
1525 1534 2307
2327 2332 2054
2032 2326 2029
2352 2349 2865
2050 2352 2865
2360 2352 2050
1529 1768 2842
2842 2837 1529
1556 1547 2056
2309 1556 2056
2854 2335 2061
2332 2335 2854
2049 2329 2052
2201 1557 2206
2293 1557 2201
2421 2044 2045
2329 2326 1513
1557 1561 2210
2210 2206 1557
2333 2329 1513
1534 2059 2040
2061 2344 2864
2335 2344 2061
2183 2320 1536
2323 1528 2036
1561 1766 2213
2374 2343 2368
1516 1565 2068
2052 2337 2827
1768 1780 2842
2191 1541 2038
2329 2337 2052
2183 1541 2191
1536 1541 2183
2333 2337 2329
2213 2210 1561
2068 2027 1516
2316 2341 2070
2344 2316 2070
2864 2344 2070
2059 1534 1744
1535 1772 2426
2044 1535 2426
2368 2376 2374
1541 1546 2043
2043 2038 1541
2213 1770 2217
1766 1770 2213
1566 2068 1565
2613 2842 1780
2381 2368 2352
1744 1752 2059
1546 1559 2047
2047 2043 1546
2426 1539 2843
1772 1539 2426
2376 2368 2381
2381 2383 2376
2053 2047 1559
2059 1756 2067
1752 1756 2059
2044 2421 1535
2333 1470 2337
1576 1573 2223
1559 1564 2053
1550 2324 2055
2322 2341 2316
2348 2341 2322
2613 1550 2055
1780 1550 2613
1756 1602 2067
1539 2430 2063
2351 2348 2322
2843 1539 2063
1552 2430 1539
2221 1576 2223
2318 1576 2221
2385 2374 2376
2053 1564 2060
2337 1527 2831
2827 2337 2831
1470 1527 2337
2072 1514 2024
1567 1514 2072
1104 2324 1550
2831 1527 2833
2060 1609 2115
2063 2430 2066
2376 2388 2385
1564 1609 2060
2055 2324 2336
2217 1580 2225
1770 1580 2217
1553 2430 1552
2390 2385 2388
2388 2394 2390
2081 1582 2084
2075 1567 2072
1570 1567 2075
1572 1801 2073
2073 2071 1572
2225 1586 2231
1580 1586 2225
1528 1538 2048
2036 1528 2048
2430 1553 2069
2066 2430 2069
2334 2351 2322
2357 2351 2334
2388 2376 2383
2383 2395 2388
2084 1587 2089
1582 1587 2084
2078 1570 2075
1575 1570 2078
1537 2076 2833
1527 1537 2833
1578 1572 2071
2071 2077 1578
2434 2421 2045
1586 2318 2221
2231 1586 2221
2394 2388 2395
2198 2357 2334
2089 1590 2096
1587 1590 2089
1783 1575 2078
2434 2702 2438
2078 2080 1783
2334 2343 2198
2336 2324 1104
1104 1569 2336
2395 2399 2394
1581 1578 2077
2077 2083 1581
2234 1551 2193
1592 1551 2234
2102 2309 2058
2421 2434 1562
1558 2358 1545
2838 2048 1538
2090 1584 2086
1585 1581 2083
2381 2352 2360
2362 2358 1558
2238 1592 2234
1597 1592 2238
2434 2438 1562
2404 2381 2360
1524 1500 2291
2383 2381 2404
1601 2309 2102
2102 2109 1601
2366 2362 1558
2091 1585 2083
2342 2336 1569
2347 2342 1569
2440 2438 2702
1794 1783 2080
2080 2098 1794
2241 1597 2238
1600 1597 2241
1548 2345 2065
1593 1585 2091
1800 1794 2098
2098 2107 1800
2243 1600 2241
1610 1601 2109
2109 2120 1610
2106 1524 2291
2369 1524 2106
2877 2360 2050
2404 2360 2877
2062 2404 2877
2838 1548 2065
1596 1800 2107
2107 2112 1596
1614 1610 2120
1612 1600 2243
2441 2440 2082
2406 2383 2404
2395 2383 2406
2086 1596 2112
1584 1596 2086
1538 1548 2838
2399 2395 2406
2406 1893 2399
2067 1602 2123
1562 2440 1817
2438 2440 1562
2106 2111 2369
2101 1593 2091
2836 1614 2120
1554 2345 1548
2246 1612 2243
1839 1834 2378
2441 2444 1571
2378 2389 1839
2412 2404 2062
2406 2404 2412
2139 1614 2836
1543 2369 2111
2111 2117 1543
1634 1614 2139
2416 2406 2412
1893 2406 2416
2440 2441 1571
1817 2440 1571
1618 1612 2246
1599 2394 1631
2390 2394 1599
1571 2445 1820
2444 2445 1571
1609 1620 2115
2093 2378 2087
2389 2378 2093
1602 1607 2123
2399 1631 2394
2675 1634 2139
1636 1634 2675
1549 1543 2117
2117 2122 1549
2446 2441 2082
2250 1618 2246
2123 1613 2132
1591 1839 2389
1632 1618 2250
2345 1554 2844
2079 2342 2347
2448 2446 2082
2082 2094 2448
2115 1625 2129
2096 1645 2155
1620 1625 2115
1607 1613 2123
2444 2441 2446
2446 2450 2444
1893 2416 1640
2129 1629 2133
1625 1629 2129
1583 1588 2085
2347 1583 2085
1590 1645 2096
2127 1549 2122
2393 1549 2127
1613 1617 2132
2445 2444 2450
2450 2451 2445
2093 2105 2389
1629 1849 2138
2138 2133 1629
2160 2155 1645
1554 2355 2844
1560 2355 1554
2450 2446 2448
2448 1823 2450
2138 1852 2146
1849 1852 2138
1645 1655 2160
1617 1623 2142
2142 2132 1617
2453 2450 1823
2451 2450 2453
2355 1568 2847
2847 2844 2355
2085 1588 2092
2134 2393 2127
1898 2355 1560
2389 2396 1591
2146 1643 2153
1852 1643 2146
2160 1655 2176
2079 2347 2085
2100 2448 2094
2455 2448 2100
2223 1573 2258
1568 2355 1898
2153 1647 2159
1643 1647 2153
2142 1628 2147
1623 1628 2142
2881 2412 2062
2422 2412 2881
1588 2300 2092
1655 1657 2176
2165 1593 2101
2172 2455 2100
1653 1593 2165
2147 1635 2156
1628 1635 2147
2416 2412 2422
1793 2393 2134
1902 1591 2396
2258 2328 2256
1573 2328 2258
2448 2455 1589
1823 2448 1589
2396 2389 2105
2175 1653 2165
1660 1653 2175
2851 2847 1568
2140 1793 2134
2416 2427 1640
1866 1650 2261
2328 1866 2261
2256 2328 2261
1635 1641 2161
2161 2156 1635
2261 1650 2264
1657 1668 2196
2196 2176 1657
2422 2427 2416
1866 2328 1573
2396 2402 1902
2166 2161 1641
2092 2300 2104
1646 2346 1648
1568 2373 2088
1665 1660 2175
2175 2180 1665
2088 2851 1568
2179 1574 2171
1640 2427 1649
1902 2402 1907
2237 2196 1668
2099 2092 2104
1670 1665 2180
2264 1658 2338
1650 1658 2264
2069 2457 2113
2166 1651 2169
1641 1651 2166
1594 2457 2069
2180 2190 1670
2422 2887 2427
1664 2338 1658
2300 1854 2305
1579 1574 2179
1605 2371 2366
2386 2371 1605
2169 2346 2177
1648 2346 2169
1651 1648 2169
1598 2457 1594
2459 2457 1598
2429 2427 2887
1669 2338 1664
2401 1579 2179
1663 1584 2090
2090 2185 1663
2200 1670 2190
2392 2386 1605
1605 1916 2392
2219 1636 2675
2457 2459 2113
1674 1670 2200
1649 2427 2429
1698 1636 2219
1854 1856 2305
1916 1946 2392
2205 1674 2200
1680 1674 2205
1820 2459 1598
2353 1663 2185
1649 2429 1656
2267 1632 2250
1673 1632 2267
2407 2401 2188
2310 2305 1856
1545 2358 2866
2103 1545 2866
1805 1545 2103
2215 1684 2212
1686 1684 2215
1626 2392 1946
1856 1868 2310
2398 2392 1626
2410 2407 2188
2188 2192 2410
2270 1673 2267
1679 1673 2270
2889 2429 2887
2363 2353 2204
2159 1687 2218
1647 1687 2159
1872 2310 1868
2314 2310 1872
2358 2362 2114
1663 2363 1667
2353 2363 1663
1687 1690 2873
2873 2218 1687
2114 2866 2358
1820 2445 2128
1662 2429 2889
2436 1662 2889
1656 2429 1662
2204 2209 2363
1488 2314 1872
2288 2314 1488
2362 2366 2119
2119 2114 2362
1662 2436 1666
1639 2398 1626
2262 1698 2219
2873 1693 2875
1690 1693 2873
2271 1679 2270
2119 2371 2125
1685 1679 2271
2366 2371 2119
1677 1667 2363
2875 1686 2215
1693 1686 2875
2459 1820 2128
2125 2386 2131
2371 2386 2125
2203 2198 2343
2343 2374 2203
1688 1698 2262
1907 2409 1933
2402 2409 1907
2131 2386 2144
2273 1685 2271
2367 2363 2209
2212 1901 2227
1684 1901 2212
1933 2414 1936
2409 2414 1933
2386 2392 2144
2209 2220 2367
2356 1685 2273
2227 2361 2235
1697 2361 2227
1901 1697 2227
2445 2451 2136
2136 2128 2445
2424 2410 2192
2419 2424 2192
2151 2144 2392
2363 2367 1677
1666 2436 2095
1668 2359 2237
2895 1666 2095
2385 2203 2374
2419 2203 2385
1920 1666 2895
2414 2409 2149
2392 2398 2151
2356 2277 1722
2136 2453 2867
2451 2453 2136
2424 2419 2385
2385 2390 2424
1936 2417 1945
2414 2417 1936
2365 2361 1697
2108 1920 2895
1678 1920 2108
2401 2407 1835
2237 2359 2244
2163 2151 2398
2380 2367 2220
1697 1700 2365
2453 2460 2867
1835 1579 2401
1678 2442 1682
2398 1639 2167
2167 2163 2398
1703 2365 1700
2370 2365 1703
2407 2410 1841
1841 1835 2407
1677 2380 1683
2367 2380 1677
2108 2442 1678
2867 2460 2162
2273 2275 2356
1639 2317 2174
2174 2167 1639
2361 2365 2239
2239 2235 2361
1841 2424 1595
2410 2424 1841
2417 2414 2149
1615 2460 2453
1671 2460 1615
2442 2443 1682
2002 2380 2220
2391 2380 2002
1595 2390 1599
2424 2390 1595
2174 2320 2183
2317 2320 2174
2277 2356 2275
2157 2417 2149
2460 1671 2162
2380 2391 1683
2365 2370 2239
1945 2425 1969
2417 2425 1945
1606 2465 2216
2216 2465 1991
1707 1680 2205
2425 1675 1971
1971 1969 2425
1621 2455 2172
2205 2249 1707
2442 2108 2121
2425 2417 2157
2157 2164 2425
2308 1708 2311
1638 1633 2228
1711 1707 2249
2126 2442 2121
2443 2442 2126
1472 2466 1986
2244 1715 2824
2359 1715 2244
2233 1638 2228
1986 2466 1992
2170 2425 2164
1675 2425 2170
1630 1621 2172
2315 2311 1708
1689 2443 2126
2137 1689 2126
1589 2455 1621
2253 1711 2249
2379 1711 2253
1611 1606 2216
2216 2222 1611
2242 1638 2233
1642 1638 2242
2255 2379 2253
1963 2408 2397
2447 1689 2137
1938 1689 2447
1715 1719 2824
2313 2041 1604
1616 1611 2222
2130 1616 2222
2375 2415 1963
2145 2447 2137
2172 2184 1630
2257 1716 2260
2370 1716 2257
1703 1716 2370
2447 2449 1944
1944 1938 2447
1644 2184 2211
1927 2413 1608
2415 2408 1963
1801 1675 2170
2073 1801 2170
2247 1659 2251
1654 1659 2247
2379 2384 1717
2286 1944 2449
2466 1472 2226
2184 1644 1630
1719 2301 2824
1604 2041 2202
2387 2315 1708
2321 2315 2387
2435 2076 1537
2260 2384 2265
1716 2384 2260
1717 2384 1716
2449 2447 2145
2152 2449 2145
1659 1672 2251
1719 1525 2301
2299 2449 2152
2286 2449 2299
2384 2379 2255
2255 2265 2384
2251 1672 2252
2076 2435 2181
2208 1927 2202
2413 1927 2208
2181 1980 2189
2252 1672 2272
2435 1980 2181
2403 2321 2387
2327 2321 2403
2382 1688 2262
2189 1981 2195
1980 1981 2189
1661 1644 2211
2211 2214 1661
1672 1714 2272
2195 1746 2857
2000 2382 2262
1981 1746 2195
2405 2387 2397
2403 2387 2405
2199 1661 2214
2461 1661 2199
2186 2454 2819
2418 2423 1637
2003 1998 1492
1492 1499 2003
2405 2287 2403
2259 1642 2242
1917 1642 2259
2197 1696 2194
1699 1696 2197
2207 2456 2732
1622 2230 2418
2263 1917 2259
1691 1917 2263
2400 2003 1499
2456 1699 2197
2732 2456 2197
1701 1699 2456
1695 1691 2263
2408 2411 2397
2003 2400 2010
2423 2230 2880
2418 2230 2423
2194 1704 2452
1696 1704 2194
2162 1676 2229
1671 1676 2162
2413 2883 1627
1627 1608 2413
1506 1508 2015
2400 1506 2015
2010 2400 2015
1709 2452 1704
2326 2452 1709
2032 2452 2326
2266 1695 2263
2408 2415 2821
2411 2408 2821
1676 2462 2229
1681 2462 1676
1513 2326 1709
1622 1627 2883
1909 2462 1681
1702 1695 2266
2405 2397 2411
2883 2413 2208
1712 2456 2207
2819 1712 2207
1713 1712 2819
2015 1518 2020
1508 1518 2015
1706 1702 2266
2266 2268 1706
2287 2405 2411
2411 2292 2287
1701 2456 1712
2020 1520 2022
1518 1520 2020
1909 1692 2236
2462 1909 2236
2229 2462 2236
2269 1706 2268
2319 1706 2269
2230 1622 2883
2280 2411 2821
2454 1713 2819
2292 2411 2280
2022 1531 2030
1520 1531 2022
1637 2433 1652
2224 2454 2186
1718 2454 2224
2423 2433 1637
2277 2830 1722
2236 1692 2463
2030 1540 2626
1531 1540 2030
2232 2423 2880
2433 2423 2232
2375 1722 2830
2626 1555 2051
1540 1555 2626
1694 2463 1692
2458 1718 2224
1970 1718 2458
2463 1694 2245
1652 2439 1834
2433 2439 1652
2274 2272 1714
2458 1996 2290
2439 2378 1834
2415 2375 2830
2830 2283 2415
1714 1720 2274
2458 2290 1491
1491 1970 2458
2240 2433 2232
2439 2433 2240
1694 1654 2247
2245 1694 2247
2057 2051 1555
1720 1721 2276
2276 2274 1720
2087 2439 2240
2378 2439 2087
1555 1563 2057
2248 2461 2199
1705 2461 2248
2821 2415 2283
2064 2057 1563
1721 1723 2278
2278 2276 1721
2332 2327 2403
2403 2432 2332
2420 2064 1563
1710 1705 2248
2248 2254 1710
2335 2332 2432
1633 1710 2254
2254 2228 1633
1723 2330 2279
2278 1723 2279
2432 2403 2287
2287 2295 2432
2437 2335 2432
2344 2335 2437
2316 2344 2437
1951 2319 2269
2281 1951 2269
2437 2432 2295
2295 2306 2437
1757 2428 2420
2431 2428 1757
1724 1951 2281
2281 2282 1724
1577 2431 1757
2312 2431 1577
1725 1724 2282
2339 1725 2282
2428 2064 2420
2339 2350 1726
1726 1725 2339
2338 1669 2097
2354 2350 2284
1669 2304 2028
2028 2097 1669
1726 2354 1727
2350 2354 1726
1728 2346 1646
2364 2346 1728
1519 2891 2110
2346 2364 2177
1782 2110 2116
2124 1782 2116
1728 2354 2284
2364 1728 2284
1603 2124 2135
2143 1603 2135
2372 2330 1729
2330 2372 2279
2150 1619 2143
1730 2372 1729
2377 2372 1730
2158 1619 2150
1619 2158 1624
1998 2377 1730
1730 1492 1998
1624 2158 2168
2173 1624 2168
1818 1624 2173
2187 1818 2173
1490 1818 2187
2004 1490 2187
2001 2285 2467
2467 2285 2014
2468 2469 1774
1774 2469 1761
1761 2469 2373
2373 2469 2088
2088 2469 2468
2103 2470 1805
1805 2470 1796
1796 2470 1774
1774 2470 2468
2468 2470 2103
2140 2171 1816
1816 2171 1574
1458 2471 1816
1816 2471 2140
2140 2471 1793
1793 2471 1252
1252 2471 1458
1816 1822 1458
1458 1822 1827
2472 2477 1990
2474 2559 2476
2480 1989 2478
2477 2475 1990
1993 2473 2478
1994 2559 2474
2473 2474 2479
1989 1993 2478
2478 2473 2479
2472 2481 2477
2481 2472 2480
2479 2474 2476
2049 2820 2029
2493 1995 2001
1999 1995 2493
2132 2142 2497
2497 2490 2132
2237 2244 2506
2506 2486 2237
2350 2339 2484
2484 2495 2350
2492 2207 2482
2819 2207 2492
2172 2724 2494
2475 2025 1990
2284 2350 2495
2495 2503 2284
2006 1999 2493
2493 2508 2006
2052 2820 2049
2825 2820 2052
2827 2825 2052
2216 1991 2485
2485 2489 2216
2578 2585 2177
2709 2116 2701
2025 2475 2743
2497 2147 2505
2142 2147 2497
2014 2294 2520
2514 2014 2520
2244 2824 2512
2177 2364 3176
2578 2177 3176
1503 2294 2014
2506 2244 2512
2507 2224 2511
2505 2156 3240
2147 2156 2505
2302 2025 2746
2116 2709 2124
2825 2827 2491
2491 2483 2825
2876 1992 2466
2519 2284 2503
2364 2284 2519
2184 2172 2494
2527 2520 2294
3240 2161 2515
2156 2161 3240
2746 3175 2302
2224 2186 2511
2519 3176 2364
2746 2025 2743
2527 2027 2533
2709 2927 2720
2499 2904 1992
1992 2904 1991
1991 2904 2485
2485 2904 2499
2494 2500 2184
2491 2831 2498
2827 2831 2491
2279 2372 2534
2534 2529 2279
2709 2720 2135
2499 2876 2504
2537 2512 2824
2211 2184 2500
2500 2536 2211
2542 2006 2508
2034 2006 2542
2517 2224 2507
2372 2377 2541
2541 2534 2372
2135 2124 2709
2515 2166 2823
2161 2166 2515
1992 2876 2499
2191 2038 2760
2829 2191 2760
2544 2034 2542
2757 2829 2760
2824 2301 2537
2509 2216 2489
2222 2216 2509
2596 2823 2166
2166 2169 2596
2039 2034 2544
2544 2552 2039
2760 2043 2764
2038 2043 2760
2541 1998 2548
2377 1998 2541
2537 2301 2611
2130 2222 2509
2509 2550 2130
2458 2224 2517
2046 2039 2552
2552 2557 2046
2043 2047 2764
2585 2596 2169
2169 2177 2585
2831 2833 2510
2498 2831 2510
2726 2135 2720
2143 2135 2726
2226 2876 2466
2878 2876 2226
2538 2090 2532
2185 2090 2538
2047 2053 3192
2729 2143 2726
2150 2143 2729
2548 2003 2562
2214 2211 2536
2557 2567 2046
2764 2047 3192
1998 2003 2548
2525 2458 2517
2739 2150 2729
2158 2150 2739
2545 2185 2538
2353 2185 2545
2510 2833 2518
2056 2046 2567
2504 2878 3232
2876 2878 2504
2522 2214 2536
2562 2010 2566
2003 2010 2562
2199 2214 2522
1996 2458 2525
2204 2353 2545
2545 2553 2204
2168 2158 2739
2058 2056 2581
2010 2015 2573
2573 2566 2010
2518 2835 2523
2076 2835 2518
2209 2204 2553
2553 2560 2209
2833 2076 2518
2741 2168 2739
2226 2528 2878
2878 2528 3232
2523 2835 2530
3182 2162 2546
2000 2262 2555
2555 2565 2000
2220 2209 2560
2528 2118 2535
2226 2118 2528
2053 2060 2769
3192 2053 2769
2539 2290 1996
2832 2290 2539
2581 2056 2567
2162 2229 2546
2573 2020 2600
2060 2115 2773
2769 2060 2773
2118 2201 2535
2015 2020 2573
2533 2068 2589
2027 2068 2533
2560 2569 2220
2020 2022 2600
2008 2832 2539
2539 2547 2008
2005 2000 2565
2565 2572 2005
2549 2087 2543
2093 2087 2549
2068 1566 2595
2595 2589 2068
2569 2582 2220
2071 2073 2625
2625 2774 2071
2600 2022 2605
2168 2741 2173
2556 2093 2549
2105 2093 2556
2002 2220 2582
2546 2229 2564
2013 2005 2572
2572 2588 2013
2605 2030 2617
2022 2030 2605
2077 2071 2774
2774 2776 2077
1566 2074 2595
2141 2130 2550
2550 2558 2141
2561 2105 2556
2173 2741 2747
2187 2173 2747
2229 2236 2564
2083 2077 2776
2595 2074 2603
2296 2008 2547
2563 2141 2558
2148 2141 2563
2574 2105 2561
2396 2105 2574
2603 2081 2610
2074 2081 2603
2776 2777 2083
2154 2148 2563
2885 2154 2563
2236 2463 2580
2559 2296 2547
2024 2013 2588
2588 2594 2024
2568 2885 2563
2626 2617 2030
2091 2083 2777
2610 2084 2615
2081 2084 2610
2756 2187 2747
2004 2187 2756
2580 2564 2236
2777 2782 2091
2301 2307 2611
2615 2089 2622
2084 2089 2615
2463 2245 2586
2586 2580 2463
2402 2396 2574
2101 2091 2782
2620 2611 2307
2089 2096 2623
2575 2885 2568
2574 2583 2402
2586 2245 2591
2782 2783 2101
2307 2040 2620
2582 2604 2002
2245 2247 2591
2178 2885 2575
2623 2622 2089
2018 2002 2604
2628 2620 2040
2575 2576 2178
2606 2199 2522
2248 2199 2606
2632 2058 2581
2102 2058 2632
2409 2402 2583
2583 2597 2409
2618 2018 2604
2182 2178 2576
2576 2584 2182
2612 2248 2606
2635 2102 2632
2109 2102 2635
2773 2115 2785
2004 2756 2761
2012 2004 2761
2627 2018 2618
2193 2182 2584
2584 3256 2193
2254 2248 2612
2149 2409 2597
2763 2012 2761
2642 2109 2635
2120 2109 2642
2628 2059 2650
2040 2059 2628
2785 2115 2787
2597 2602 2149
2624 2254 2612
2228 2254 2624
2021 2018 2627
2652 2120 2642
2051 2057 2638
2291 2012 2763
2157 2149 2602
2602 2608 2157
2577 2571 2312
2115 2129 2787
2201 2206 2598
2846 2787 2129
2164 2157 2608
2608 2616 2164
2700 2023 2767
2028 2023 2700
2129 2133 2846
2312 2837 2577
2836 2120 2652
2170 2164 2616
2535 2201 2598
2233 2228 2624
2624 2637 2233
2639 2021 2627
2649 2064 2656
2057 2064 2649
2767 2031 2768
2598 2210 2607
2206 2210 2598
2023 2031 2767
2836 2657 2139
2242 2233 2637
2637 2645 2242
2577 2837 2590
2650 2059 2067
2031 2035 2770
2770 2768 2031
2787 2846 2789
2657 2836 2652
2837 2842 2590
2607 2213 3267
2035 2037 2771
2616 2625 2170
2852 2846 2133
2133 2138 2852
2210 2213 2607
2771 2770 2035
2891 2021 2639
2073 2170 2625
2072 2024 2594
2594 2666 2072
2146 2852 2138
2856 2852 2146
2213 2217 3269
3269 3267 2213
2247 2251 2662
2662 2591 2247
2064 2428 2667
2667 2656 2064
2037 2042 2772
2772 2771 2037
2599 2613 3151
2842 2613 2599
2674 2072 2666
2075 2072 2674
2846 2852 2791
2791 2789 2846
2672 2662 2251
2428 2431 2667
2772 2042 2775
2659 2840 2654
2044 2840 2659
2181 2835 2076
2845 2835 2181
2679 2075 2674
2078 2075 2679
2139 2657 2670
2675 2139 2670
2852 2856 2791
2571 2667 2431
2045 2044 2659
2845 2530 2835
2631 2223 3275
2080 2078 2679
2679 2684 2080
2055 2336 2619
2619 2613 2055
2153 2856 2146
2042 2054 2775
2861 2856 2153
2251 2252 2683
2683 2672 2251
2644 2845 2181
2426 2840 2044
2842 2599 2590
2431 2312 2571
2699 2850 2710
2181 2189 2644
2890 2223 2631
2153 2159 2792
2861 2153 2792
2221 2223 2890
2096 2155 2680
2680 2623 2096
2856 2861 2791
2775 2054 2848
2252 2272 2694
2694 2683 2252
2532 2850 2699
2090 2850 2532
2086 2850 2090
2633 2619 2336
2155 2160 2685
2685 2680 2155
2217 2225 2636
2636 3269 2217
2848 2854 2778
2165 2101 2783
2783 2794 2165
2098 2080 2684
2684 2705 2098
2843 2063 2677
2336 2342 2633
2195 2644 2189
2225 2231 2641
2641 2636 2225
2338 2097 2696
2854 2061 2779
2779 2778 2854
2797 2165 2794
2175 2165 2797
2107 2098 2705
2705 2710 2107
2063 2066 2682
2682 2677 2063
2644 2195 2648
2097 2028 2700
2700 2696 2097
2854 2848 2054
2685 2160 2692
2682 2069 2690
2066 2069 2682
2645 2704 2242
2798 2175 2797
2180 2175 2798
2850 2107 2710
2112 2107 2850
2195 2857 2653
2641 2890 2631
2221 2890 2641
2231 2221 2641
2259 2242 2704
2704 2708 2259
2112 2850 2086
2190 2180 2798
2633 2342 2646
2653 2648 2195
2434 2045 2698
2779 2864 2780
2061 2864 2779
2692 2849 2697
2160 2849 2692
2263 2259 2708
2800 2190 2798
2862 2342 2079
2702 2434 2698
2297 2302 3175
2070 2341 2781
2200 2190 2800
2646 2862 2655
2708 2719 2263
2849 2160 2176
2780 2070 2781
2864 2070 2780
2863 2857 2009
2803 2200 2800
2205 2200 2803
2067 2123 2716
2716 2650 2067
2342 2862 2646
2266 2263 2719
2702 2707 2440
2653 2863 2671
2857 2863 2653
2660 2193 3256
2234 2193 2660
2116 2891 2639
2639 2701 2116
2082 2440 2707
2707 2715 2082
2123 2132 2490
2490 2716 2123
2719 2723 2266
2218 2873 2807
2863 2016 3203
2238 2234 2660
2116 2110 2891
2009 2016 2863
2849 2859 2697
2268 2266 2723
2723 2728 2268
2807 2875 2808
2873 2875 2807
2671 2863 3203
2085 2092 2870
2196 2849 2176
2859 2849 2196
2269 2268 2728
2665 2238 2660
2241 2238 2665
2786 2784 2869
2016 2297 2687
2687 3203 2016
2094 2082 2715
2715 3282 2094
2215 2212 2809
2875 2215 2809
2808 2875 2809
2488 2822 2501
2011 2822 2488
2243 2241 2665
2665 2673 2243
2687 2297 3175
2869 2872 2786
2100 2094 3282
3282 3286 2100
2712 2859 2196
2822 2314 2826
2085 2870 2663
2655 2085 2663
2079 2085 2655
2862 2079 2655
2272 2274 2738
2738 2694 2272
2246 2243 2673
2786 2874 2804
2872 2874 2786
2159 2218 2792
2822 2826 2501
2663 2870 2669
2196 2237 2712
2274 2276 2744
2744 2738 2274
2348 2869 2784
2341 2348 2784
2724 2100 3286
2172 2100 2724
2781 2341 2784
2099 2870 2092
2828 2826 2314
2314 2288 2828
2691 2246 2673
2250 2246 2691
2348 2351 2869
2069 2113 2730
2730 2690 2069
2695 2250 2691
2826 2828 2501
2276 2278 2744
2872 2869 2351
2351 2357 2872
2113 2459 2735
2735 2730 2113
2516 2828 2288
2288 1493 2516
2731 2675 2670
2219 2675 2731
2099 2104 2678
2874 2872 2357
2357 2198 2874
2278 2279 2754
2754 2744 2278
2809 2227 2810
2212 2227 2809
2733 2219 2731
2223 2258 2703
2703 3275 2223
2033 2516 1493
2529 2754 2279
2227 2235 2811
2811 2810 2227
2870 2099 2688
2688 2669 2870
2788 2291 2763
2688 2099 2678
2703 2899 2714
2258 2899 2703
2256 2899 2258
2281 2269 2728
2728 2759 2281
2735 2128 2745
2262 2219 2733
2516 2033 2524
2459 2128 2735
2811 2239 2812
2235 2239 2811
2282 2281 2759
2759 2765 2282
2714 2261 3298
2899 2261 2714
2256 2261 2899
2555 2262 2733
2239 2370 2813
2813 2812 2239
2033 2036 2524
2106 2788 3207
2790 2106 3207
3204 2678 2104
2339 2282 2765
2814 2205 2803
2249 2205 2814
2291 2788 2106
2128 2136 2745
2765 2484 2339
2261 2264 2727
2727 3298 2261
3204 2011 2488
2104 2011 3204
2111 2106 2790
2814 2815 2249
2486 2712 2237
2136 2867 2748
2748 2745 2136
3216 2111 2790
2117 2111 3216
2264 2338 2727
2253 2249 2815
2815 2816 2253
2255 2253 2816
2122 2117 3216
3216 3220 2122
2338 2696 2727
2867 2162 2751
2748 2867 2751
2260 2882 2257
2036 2048 2554
2524 2036 2554
2127 2122 3220
2793 2127 3220
2751 2162 3182
2882 2265 2818
2817 2882 2818
2260 2265 2882
2134 2793 2795
2267 2250 2695
2554 2048 3186
2736 2267 2695
2270 2267 2736
2813 2882 2817
2257 2882 2813
2370 2257 2813
2140 2134 2795
2796 2140 2795
2048 2838 3186
2740 2270 2736
2265 2255 2816
2816 2818 2265
3186 2838 2570
2793 2134 2127
2271 2270 2740
2740 2742 2271
2487 2277 2496
2830 2277 2487
2273 2271 2742
2742 2749 2273
2799 2179 2802
2502 2830 2487
2570 2065 2841
2838 2065 2570
2345 2841 2065
2801 2179 2799
2401 2179 2801
2753 2273 2749
2275 2273 2753
2830 2834 2283
2496 2275 2753
2277 2275 2496
2844 2841 2345
2179 2171 2802
2844 2847 2579
2841 2844 2579
2834 2830 2502
2502 2513 2834
2847 2851 2593
2593 2579 2847
2874 2892 2805
2805 2804 2874
2851 2855 2593
2283 2834 2526
2521 2283 2526
2188 2401 2801
2806 2188 2801
2893 2188 2806
2821 2283 2521
2531 2821 2521
2805 2896 2893
2892 2896 2805
2855 2851 2088
2526 2834 2513
2188 2896 2192
2893 2896 2188
2280 2821 2531
2531 2540 2280
2103 2866 2614
2203 2874 2198
2892 2874 2203
2551 2280 2540
2866 2621 2614
2896 2892 2203
2203 2419 2896
2192 2896 2419
2621 2866 2114
2298 2280 2551
2551 2839 2298
2621 2119 2629
2114 2119 2621
2119 2125 2634
2634 2629 2119
2125 2131 2640
2640 2634 2125
2839 2026 2019
2298 2839 2019
2131 2144 2647
2647 2640 2131
2839 2858 2026
2647 2151 2658
2144 2151 2647
2658 2163 2668
2151 2163 2658
2668 2167 2676
2163 2167 2668
2167 2174 2689
2689 2676 2167
2860 2026 2858
2853 2026 2860
2174 2183 2689
2191 2829 2757
2183 2191 2757
2689 2183 2757
2868 2853 2860
2865 2853 2868
2865 2871 2050
2868 2871 2865
2208 2202 3179
2717 2208 3179
2883 2208 2717
2883 2884 2230
2860 2587 2868
2721 2230 2884
2880 2230 2721
2871 2868 2587
2587 2592 2871
2884 2883 2717
2871 2877 2050
2888 2734 2240
2240 2232 2888
2877 2871 2592
2601 2877 2592
2087 2240 2734
2543 2087 2734
2737 2880 2721
2232 2880 2737
2877 2879 2062
2601 2879 2877
2888 2232 2737
2737 2734 2888
2879 2601 2609
2879 2881 2062
2303 2894 1997
2017 2897 2750
2007 2897 2017
2630 2879 2609
2881 2879 2630
2881 2886 2422
2630 2886 2881
2752 2894 2755
2007 2894 2752
2897 2007 2752
1997 2894 2007
2750 2897 2752
2299 2900 2303
2898 2900 2299
2886 2630 2643
2887 2422 2886
2900 2894 2303
2901 2894 2900
2900 2898 2032
2029 2900 2032
2820 2900 2029
2887 2886 2643
2901 2900 2820
2820 2825 2901
2894 2901 2758
2758 2755 2894
2651 2887 2643
2889 2887 2651
2901 2825 2483
2483 2758 2901
2762 2017 2750
2041 2017 2762
2766 2041 2762
2661 2889 2651
2436 2889 2661
2202 2041 2766
3179 2202 2766
2095 2436 2661
2664 2095 2661
2664 2895 2095
2895 2664 2681
2108 2895 2681
2686 2108 2681
2121 2108 2686
2686 2693 2121
2126 2121 2693
2693 2706 2126
2137 2126 2706
2711 2137 2706
2145 2137 2711
2902 2145 2711
2713 2902 2711
2145 2902 2152
2718 2902 2713
2902 2903 2152
2718 2903 2902
2903 2898 2299
2299 2152 2903
2903 2722 2452
2718 2722 2903
2032 2903 2452
2898 2903 2032
2725 2819 2492
2186 2819 2725
2511 2186 2725
2194 2722 2732
2197 2194 2732
2207 2732 2482
2452 2722 2194
2480 2478 2905
2905 2906 2480
2479 3301 2478
3301 2905 2478
2906 2905 3726
2905 3301 3725
2485 3217 2489
2921 2486 3181
2925 2484 3595
2495 2484 2925
2494 2724 2914
2914 2919 2494
2911 2908 2477
2477 2908 2475
3221 3217 2485
2909 2491 3173
2485 2499 3221
2920 3172 2915
2493 3172 2920
2001 3172 2493
2487 2496 2913
2916 2701 2910
2709 2701 2916
3181 2486 2506
3224 3221 2499
2499 2504 3224
2503 2495 2925
2483 2491 2909
2918 2487 2913
2502 2487 2918
2488 2501 2907
2508 2493 2920
2920 2928 2508
2927 2709 2916
2917 2475 2908
2743 2475 2917
2932 2494 2919
2500 2494 2932
2924 2502 2918
2509 3217 2912
2489 3217 2509
2498 3173 2491
2513 2502 2924
2514 2520 2939
2933 2503 2925
2519 2503 2933
3564 2907 2501
2929 2513 2924
3173 2498 2926
2935 2519 2933
3176 2519 2935
2921 3181 3720
2526 3177 2521
2520 2527 2947
2923 2509 2912
2938 2509 2923
2550 2509 2938
2940 2500 2932
2536 2500 2940
3564 2828 2931
2947 2939 2520
2926 2510 2937
2498 2510 2926
2501 2828 3564
3217 3221 2930
2930 2912 3217
2941 2534 2951
2529 2534 2941
2726 2720 2927
3175 2746 2922
2936 3175 2922
2947 2533 2950
2510 2518 2937
2534 2541 2951
2931 2516 3577
2828 2516 2931
2531 3177 3662
2521 3177 2531
2527 2533 2947
3221 3224 2934
2934 2930 3221
2746 2743 2917
2917 2922 2746
2951 2541 2956
2518 2523 2942
2942 2937 2518
2960 2508 2928
2542 2508 2960
3181 3185 3720
2956 2548 2962
2541 2548 2956
2526 2513 2929
3177 2526 2929
2942 2530 2948
2523 2530 2942
3662 3177 2929
2516 2524 3577
2946 2536 2940
2964 2542 2960
3185 3181 2506
2544 2542 2964
3232 3224 2504
2552 2544 2964
2964 2968 2552
2506 2512 3185
3593 3179 2959
2949 2531 3662
2540 2531 2949
2962 2562 2972
2548 2562 2962
2522 2536 2946
2557 2552 2968
2968 2973 2557
3235 3232 2528
2957 2522 2946
2729 2726 3391
2952 2729 3391
3185 3191 3723
3723 3720 3185
2954 2540 2949
2551 2540 2954
3577 2524 2944
2567 2557 2973
2973 2978 2567
3237 3235 2528
2528 2535 3237
2562 3180 2972
2566 3180 2562
3191 3185 2512
3178 2757 2945
2983 2567 2978
2739 2729 2952
2974 2543 2969
3183 3180 2566
2566 2573 3183
3224 3232 2943
2943 2934 3224
2970 2551 2954
2549 2543 2974
2966 2945 2757
2757 2760 2966
2943 3235 2953
3232 3235 2943
2839 2551 2970
2537 3191 2512
2524 2554 2955
2944 2524 2955
2980 2549 2974
2556 2549 2980
2958 2739 2952
2741 2739 2958
3187 2966 2760
2760 2764 3187
3235 3237 2953
2955 2554 2961
2981 2839 2970
2581 2567 2983
2988 2581 2983
3190 2596 2585
2585 2578 3190
2561 2556 2980
2980 3410 2561
2858 2839 2981
2747 2741 2958
2975 2747 2958
3182 2546 2977
2965 3182 2977
3191 3233 3617
2966 3187 2971
3617 3723 3191
2953 3237 3243
2535 3243 3237
2598 3243 2535
2977 2564 2984
2546 2564 2977
3233 3191 2537
2632 2581 2988
3193 3190 2578
3176 3193 2578
2981 2986 2858
2969 2543 2985
3000 3617 3233
2950 2589 2994
2533 2589 2950
2993 3190 2990
2596 3190 2993
2860 2858 2986
2554 3186 2961
2991 2984 2564
2611 3233 2537
2589 2595 2997
2997 2994 2589
2756 2747 2975
2558 2938 3647
2550 2938 2558
2587 2860 2986
2574 2561 3410
3410 3425 2574
2963 2967 2555
2986 2992 2587
2961 3186 2976
3193 3195 2996
2990 3193 2996
3190 3193 2990
3192 3187 2764
2580 3189 2991
2564 2580 2991
3003 2997 2595
3193 3176 2935
2935 3455 3193
2563 2558 3647
2586 3189 2580
2979 2756 2975
3184 2587 2992
2592 2587 3184
3003 2603 3008
2595 2603 3003
3195 3193 3455
3455 3007 3195
3002 2574 3425
2583 2574 3002
2982 2563 3647
2568 2563 2982
3187 3198 2971
3192 3198 3187
2603 2610 3015
3015 3008 2603
2976 2570 3596
3186 2570 2976
2761 2756 2979
2987 2761 2979
2967 3206 2565
2565 2555 2967
3015 2615 3021
2610 2615 3015
2592 3184 2601
2570 2841 3596
3021 2622 3028
2615 2622 3021
2586 2591 3005
3189 2586 3005
3183 2600 3022
2622 2623 3028
2573 2600 3183
2769 3198 3192
3010 3005 2591
3018 2583 3002
2597 2583 3018
2575 2568 2982
3249 2575 2982
2601 3184 3012
3024 2597 3018
2841 2579 3604
2971 3198 3201
2609 2601 3012
3596 2841 3604
2602 2597 3024
3024 3030 2602
3653 3022 2600
3035 3040 2635
2635 2632 3035
2572 2565 3206
2575 3249 2576
2957 3017 2606
2606 2522 2957
2608 2602 3030
3035 2632 2988
3249 3247 3254
2600 2605 3200
3653 2600 3200
3188 2609 3012
3201 3214 3640
2612 2606 3017
2998 2767 3001
2700 2767 2998
2572 3215 2588
3206 3215 2572
3202 3200 2605
2609 3188 2630
2605 2617 3202
3198 2769 3205
3017 3716 2612
3604 3196 2995
2579 3196 3604
3205 3201 3198
2767 2768 3001
3020 3188 3012
3036 2608 3030
2616 2608 3036
3256 3254 3247
3215 2989 2588
3205 2769 2773
3209 3205 2773
3040 3046 2642
2642 2635 3040
3196 2579 2593
2768 2770 3006
3006 3001 2768
2576 3254 2584
3249 3254 2576
2624 2612 3716
2642 3049 2652
3046 3049 2642
2630 3188 3020
2995 2593 2999
3196 2593 2995
3254 3256 2584
2643 2630 3020
3194 2643 3020
3036 3197 2616
3013 2614 3019
2989 2594 2588
2770 2771 3011
3011 3006 2770
3259 3243 2598
3201 3205 3214
2607 3259 2598
2771 2772 3016
3016 3011 2771
2614 2621 3019
3194 2651 2643
3205 3209 3214
3049 3055 2652
2625 2616 3197
3243 3259 3263
2772 2775 3023
2652 3668 2657
3055 3668 2652
3023 3016 2772
2621 2629 3025
3025 3019 2621
3263 3247 3243
3228 2594 2989
2651 3194 3038
3259 2607 3265
3265 3263 3259
2774 2625 3004
3004 3652 2774
3004 2625 3197
3033 3023 2775
3025 2634 3031
2629 2634 3025
2776 2774 3652
3716 3210 2637
2637 2624 3716
3033 2848 3027
2775 2848 3033
2948 2845 3067
2530 2845 2948
3031 2640 3037
2634 2640 3031
3043 2651 3038
2607 3267 3271
3271 3265 2607
3200 3202 3042
2845 2644 3071
3071 3067 2845
3037 2647 3044
2640 2647 3037
2620 3233 2611
3027 2778 3050
2848 2778 3027
3271 3269 3272
3267 3269 3271
3043 2661 2651
3071 2648 3086
2644 2648 3071
3050 2779 3053
3000 3233 3244
2778 2779 3050
2670 2657 3668
3704 2670 3668
2647 2658 3056
3056 3044 2647
2648 2653 3086
3053 2780 3045
2779 2780 3053
3652 3223 2776
3278 3269 2636
3202 2617 3047
3042 3202 3047
2776 3223 2777
2641 3278 2636
3279 3278 2641
3244 3233 2620
2620 2628 3244
2645 2637 3210
2780 2781 3045
2661 3043 3052
3047 2626 3051
2617 2626 3047
3272 3278 3280
3269 3278 3272
2653 2671 3090
3090 3086 2653
3210 3212 2645
3223 3640 3230
3051 2051 3057
2626 2051 3051
3054 2661 3052
3056 2668 3060
2658 2668 3056
2664 2661 3054
3280 3279 3283
2623 3085 3621
3028 2623 3621
3278 3279 3280
2680 3085 2623
3057 2638 3058
2051 2638 3057
3045 2784 3063
2781 2784 3045
3089 3085 2680
2680 2685 3089
3060 2676 3646
2668 2676 3060
3285 3279 2641
2641 2631 3285
2671 3203 3094
3090 2671 3094
3063 2786 3073
2784 2786 3063
3058 2057 3066
2638 2057 3058
3089 3227 3095
2628 2650 3026
2681 2664 3054
3054 3059 2681
3244 2628 3026
2676 3178 3646
2689 3178 2676
3066 2649 3075
3214 3230 3640
2631 3275 3009
3227 3229 3095
2057 2649 3066
3094 2687 3104
3073 2804 3133
2786 2804 3073
3285 2631 3009
3203 2687 3094
2686 2681 3059
3059 3064 2686
2757 3178 2689
3223 3230 2777
3227 3089 2685
2685 2692 3227
2649 2656 3075
3660 3026 2650
3210 3441 3212
3279 3285 3014
3283 3279 3014
3069 2686 3064
2693 2686 3069
2777 3230 2782
3229 3227 2692
2692 2697 3229
3075 2656 3565
3104 3175 2936
2687 3175 3104
3014 3285 3009
3095 3229 3698
3660 2650 3041
3074 2693 3069
3229 3236 3698
3256 3263 3288
3247 3263 3256
2656 2667 3565
2706 2693 3074
3230 3214 3238
2591 2662 3010
3578 3565 2667
3263 3265 3288
3228 3251 2666
3236 3229 2697
2697 2859 3236
2662 2672 3061
3061 3010 2662
2666 2594 3228
2667 2571 3093
3093 3578 2667
2782 3238 2783
3230 3238 2782
3074 3077 2706
3256 3288 2660
2717 3179 3593
3719 3061 2672
3207 2788 2763
3083 2717 3593
3242 3698 3236
2785 3209 2773
3245 3209 2785
2711 2706 3077
3081 2711 3077
2672 2683 3719
2859 2712 3236
3265 3271 3291
3291 3288 3265
2884 3211 2721
2787 3245 2785
2674 2666 3251
2711 3081 2713
3271 3272 3291
2884 2717 3083
3091 3329 3216
3242 3236 2712
3209 3245 3248
2683 2694 3098
3098 3719 2683
2700 3219 2696
2998 3219 2700
3248 3214 3209
3288 3291 2665
2665 2660 3288
3207 3091 2790
3062 2674 3251
2679 2674 3062
3211 2884 3083
3087 3211 3083
3245 2787 3250
3250 3248 3245
2713 3213 2718
3081 3213 2713
2673 2665 3291
3065 2679 3062
2684 2679 3065
3216 2790 3091
2701 2639 3109
3109 2910 2701
2704 2645 3212
3272 3280 3291
3099 3216 3329
3220 3216 3099
2699 2710 3088
3088 3076 2699
2718 3218 2722
3213 3218 2718
3252 3250 2787
2737 3211 3087
2721 3211 2737
2708 2704 3111
3280 3283 3292
3292 3291 3280
3080 2699 3076
2532 2699 3080
3107 3220 3099
2793 3220 3107
2789 3252 2787
3255 3252 2789
3722 2708 3111
3106 2737 3087
2734 2737 3106
3096 2492 3559
2725 2492 3096
3084 2684 3065
2705 2684 3084
2719 2708 3722
3291 3292 2673
2791 3255 2789
3258 3255 2791
3105 3174 3100
2670 3253 2731
3088 2705 3084
2710 2705 3088
3294 3292 3283
3253 2670 3704
3120 2719 3722
3704 3129 3253
3174 2725 3096
2792 3261 2861
3100 3174 3096
2511 2725 3174
2985 2734 3106
2543 2734 2985
2795 2793 3107
3112 2795 3107
2796 2795 3112
3029 3294 3283
3041 3103 3466
2650 3103 3041
3300 3294 3029
3262 3258 2791
2791 2861 3262
2733 2731 3253
2723 2719 3120
3292 3294 2691
2691 2673 3292
2755 3226 2752
3114 2796 3112
2722 3225 2732
3218 3225 2722
3261 3262 2861
3294 3300 2695
2695 2691 3294
3103 2650 2716
3264 3262 3261
2728 2723 3120
3253 3260 2733
2752 3226 3113
3222 2752 3113
2750 2752 3222
2482 2732 3225
3559 2482 3225
3238 3248 3266
3214 3248 3238
3145 2728 3120
3260 3253 3129
3129 3135 3260
3297 3275 2703
2758 3226 2755
3116 3226 2758
3266 3250 3268
3248 3250 3266
2716 2490 3687
3119 2802 3231
2799 2802 3119
3103 2716 3687
3113 3116 3326
3134 3098 2694
3226 3116 3113
2783 3266 2794
3238 3266 2783
3297 2714 3048
2703 2714 3297
3688 3687 2490
2492 2482 3559
2694 2738 3134
2794 3268 2797
3266 3268 2794
2758 2483 2909
3116 2758 2909
3260 2963 2555
2555 2733 3260
3268 3252 3273
3250 3252 3268
2801 2799 3119
3234 2801 3119
3125 3234 3119
3068 3298 2727
2963 3260 3135
3134 2744 3137
3252 3255 3273
2738 2744 3134
3118 3174 3105
2507 3174 3118
2511 3174 2507
3133 3239 3128
2714 3298 3048
3268 3273 2797
2762 3222 3122
2750 3222 2762
3137 2744 3140
2797 3273 2798
2517 2507 3118
3118 3123 2517
3298 3068 3048
2766 2762 3122
3122 3127 2766
2804 3239 3133
2805 3239 2804
3255 3258 3277
3277 3273 3255
2525 2517 3123
3123 3126 2525
3297 3009 3275
3140 2754 3143
2744 2754 3140
3127 3130 2766
3281 3277 3258
1996 2525 3126
3143 2529 2941
2754 2529 3143
3242 2712 2486
2486 2921 3242
3273 3277 2798
3128 3234 3125
3239 3234 3128
2806 3234 3239
2893 2806 3239
3179 2766 3130
2959 3179 3130
2801 3234 2806
3277 3281 2800
2800 2798 3277
2759 2728 3145
2893 3239 2805
3132 1996 3126
2539 1996 3132
3258 3262 3281
3241 2759 3145
2765 2759 3241
2490 2497 3115
3115 3688 2490
3072 3068 2727
3136 2539 3132
2547 2539 3136
3262 3264 3284
3284 3281 3262
2497 2505 3495
3495 3115 2497
3072 3219 3078
2696 3219 3072
2727 2696 3072
3281 3284 2803
2803 2800 3281
3495 3240 3124
2505 3240 3495
3219 2998 3078
2484 2765 3241
3595 2484 3241
3139 2547 3136
2559 2547 3139
2807 3287 2218
3034 3287 2807
3240 3246 3124
3101 3300 3029
2476 2559 3139
3139 3142 2476
2823 3240 2515
3246 3240 2823
3034 2808 3032
2807 2808 3034
3131 2532 3080
2538 2532 3131
2808 2809 3039
3039 3032 2808
2736 2695 3300
3108 3300 3101
2545 2538 3131
2792 3287 3667
3261 2792 3667
2218 3287 2792
3142 3301 2476
2476 3301 2479
3725 3301 3142
2736 3300 3108
2740 2736 3108
3110 2740 3108
3287 3034 3667
2742 2740 3110
3264 3261 3667
2553 2545 3670
2906 2481 2480
2477 2481 2911
2911 2481 2906
3117 2742 3110
2749 2742 3117
3138 2553 3670
2560 2553 3138
2809 2810 3289
3039 2809 3289
2571 2577 3146
3146 3093 2571
2753 2749 3117
3117 3121 2753
3290 3289 2810
2810 2811 3290
2496 2753 3121
3121 2913 2496
3141 2560 3138
2569 2560 3141
2577 2590 3147
3147 3146 2577
3144 2569 3141
2582 2569 3144
3289 3290 3295
3295 3293 3289
3070 3295 3296
3293 3295 3070
3246 2823 3691
2613 2619 3148
3151 2613 3148
3295 3290 2811
2811 2812 3295
2590 2599 3150
3150 3147 2590
2813 3295 2812
3296 3295 2813
2596 3257 3691
2823 2596 3691
2599 3151 3150
3079 3284 3264
3257 2596 2993
3284 3079 2814
2814 2803 3284
3079 3082 2814
2619 2633 3153
3153 3148 2619
2604 2582 3144
3144 3149 2604
3155 3153 2633
3152 2604 3149
2815 2814 3082
2633 2646 3155
2618 2604 3152
2646 2655 3157
3157 3155 2646
3154 2618 3152
2627 2618 3154
3092 2815 3082
2816 2815 3092
2663 3199 2655
3296 3299 3097
3156 2627 3154
2639 2627 3156
3157 3199 3158
2655 3199 3157
2818 2816 3092
3092 3102 2818
2669 3199 2663
3109 2639 3156
2817 2818 3102
3299 2817 3102
3097 3299 3102
3299 3296 2813
2813 2817 3299
2669 2688 3159
3199 2669 3159
2045 2659 3160
2678 3204 3161
2688 2678 3161
3159 2688 3161
2677 2682 3162
3162 3703 2677
2682 2690 3163
3163 3162 2682
2488 3208 3204
2907 3208 2488
3204 3208 3161
3160 3270 2698
2698 2045 3160
2698 3270 2702
2702 3274 2707
3270 3274 2702
2707 3276 2715
3274 3276 2707
3276 3164 2715
3282 3164 3165
3164 3282 2715
3286 3282 3165
2914 3286 3165
2724 3286 2914
2690 2730 3166
3166 3163 2690
2730 2735 3167
3167 3166 2730
3167 2735 3168
2735 2745 3169
3169 3168 2735
3169 2748 3170
2745 2748 3169
3170 2751 3171
2748 2751 3170
3171 3182 2965
2751 3182 3171
3302 3172 2467
2467 3172 2001
2915 3172 3302
2939 3306 2514
2514 3306 2014
2014 3306 2467
2467 3306 3302
3302 3306 2939
2840 3307 2654
3304 3308 2843
2843 3308 2426
2426 3308 2840
2840 3308 3307
3307 3308 3304
3572 3309 3114
3114 3309 2796
2796 3309 2140
2140 3309 2171
2171 3309 2802
2802 3309 3231
3231 3309 3572
3303 3310 3305
3305 3310 2855
2855 3310 2593
2593 3310 2999
2999 3310 3303
3703 3311 2677
2677 3311 2843
2843 3311 3304
3304 3311 3703
2468 2855 2088
3305 2855 2468
3013 3312 2614
2614 3312 2103
2103 3312 2468
2468 3312 3305
3305 3312 3303
3303 3312 3013
3029 3558 3101
3556 3558 3029
3326 3317 3113
3315 3074 3958
3077 3074 3315
3323 3207 3316
3091 3207 3323
3713 3568 2967
2967 2963 3713
3086 3090 3320
3320 3520 3086
3558 3563 3101
3557 2947 3319
2939 2947 3557
3081 3077 3315
3315 3328 3081
3459 2545 3457
3670 2545 3459
3329 3091 3323
3206 2967 3568
3090 3094 3325
3325 3320 3090
3956 3140 3562
3137 3140 3956
2947 2950 3327
3327 3319 2947
3326 2909 3331
3116 2909 3326
3213 3081 3328
3328 3333 3213
3322 3713 3959
3568 3713 3322
3313 3587 3108
3563 3313 3108
3101 3563 3108
3325 3104 3336
3218 3213 3333
3333 3339 3218
3329 3337 3099
3075 3565 3321
3321 3314 3075
3094 3104 3325
3122 3561 3342
3338 3122 3342
3138 3670 3459
3459 3465 3138
3222 3561 3122
3346 3559 3969
2960 2928 3566
3344 2960 3566
3108 3587 3110
3568 3574 3206
3359 3567 3353
3107 3099 3337
3560 3107 3337
2964 2960 3344
3344 3347 2964
3336 2936 3365
3104 2936 3336
3569 3562 3140
3140 3143 3569
3122 3570 3127
3338 3570 3122
2968 2964 3347
3347 3352 2968
3321 3565 3330
3574 3568 3322
3322 3332 3574
3348 2911 3354
2908 2911 3348
3096 3559 3346
3567 3096 3346
3353 3567 3346
3112 3560 3351
3127 3576 3130
3570 3576 3127
3318 3587 3313
3107 3560 3112
2973 2968 3352
3352 3962 2973
2941 3569 3143
3573 3569 2941
3141 3138 3465
3360 2908 3348
3364 3567 3359
3100 3567 3364
3592 3587 3318
3576 3581 2959
3114 3112 3351
3574 3586 3215
3105 3100 3364
3487 3141 3465
3215 3206 3574
3330 3578 3334
3117 3110 3587
3366 2973 3962
2917 2908 3360
3575 2973 3366
2959 3130 3576
3096 3567 3100
2978 2973 3575
3586 3590 2989
2989 3215 3586
3358 3145 3967
3587 3592 3117
3351 3369 3114
3225 3218 3339
3339 3969 3225
3360 3365 2922
3565 3578 3330
3241 3145 3358
3586 3574 3332
3144 3141 3487
3373 3572 3369
2909 3173 3345
3331 2909 3345
2936 2922 3365
2978 3580 2983
3575 3580 2978
3584 3578 3093
3362 3241 3358
3559 3225 3969
3345 2926 3965
3173 2926 3345
3375 3572 3373
2922 2917 3360
3334 3584 3340
3578 3584 3334
3590 3598 2989
2926 2937 3357
3357 3965 2926
3231 3572 3375
3592 3601 3121
3121 3117 3592
3246 3503 3496
3124 3246 3496
3588 3584 3093
3119 3231 3375
3691 3503 3246
3375 3382 3119
2913 3121 3601
3349 2989 3598
3228 2989 3349
3363 3357 2937
2983 3585 2988
3580 3585 2983
3340 3588 3343
3584 3588 3340
3363 2942 3368
2937 2942 3363
3595 3241 3362
3620 3609 2998
3580 3387 3585
3367 3595 3362
3118 3105 3364
3125 3119 3382
3503 3691 3508
3364 3383 3118
3582 3125 3382
2942 2948 3515
3515 3368 2942
3620 3623 3988
2998 3623 3620
2945 3571 3178
3585 3589 2988
3123 3118 3383
3383 3388 3123
3977 3620 3341
3609 3620 3977
3371 3963 3607
2959 3581 3593
3593 3581 3380
3572 3114 3369
3508 3257 3813
3691 3257 3508
3361 3109 4008
3126 3123 3388
3589 3585 3387
3594 3589 3387
3571 2945 3583
3386 3593 3380
3988 3341 3620
3388 3398 3126
3607 3617 3627
3627 3371 3607
2993 3626 3516
3257 2993 3516
3813 3257 3516
3583 3579 3571
2910 3109 3361
3403 3128 3979
3133 3128 3403
3367 3379 3595
2950 2994 3393
3393 3327 2950
3623 3630 3355
3988 3623 3355
3595 3379 2925
3403 3408 3133
2994 2997 3396
3396 3393 2994
3394 2969 4050
2974 2969 3394
2966 3583 2945
3521 3144 3487
3374 2910 3361
3404 3126 3398
3132 3126 3404
3149 3144 3521
3372 3355 3630
3396 3003 3400
2997 3003 3396
3394 3401 2974
3415 3132 3404
3136 3132 3415
3524 3149 3521
2980 2974 3401
3401 4031 2980
3152 3149 3524
3400 3008 3405
3003 3008 3400
3627 3617 3000
2916 2910 3374
3591 3583 2966
3410 2980 4031
2933 2925 3379
3524 3528 3152
3128 3582 3979
3125 3582 3128
2971 3591 2966
4050 2985 3542
2969 2985 4050
3378 2916 3374
3154 3152 3528
2927 2916 3378
3405 3015 3420
3008 3015 3405
2933 3379 3395
2935 2933 3395
3860 2935 3395
3385 2927 3378
3627 3636 3376
3371 3627 3376
3601 3644 2913
3422 3136 3415
3015 3416 3420
3021 3416 3015
3391 2927 3385
2726 2927 3391
3579 3583 3599
3599 3597 3579
2913 3644 2918
3529 3154 3528
3156 3154 3529
2912 3602 2923
3389 3376 3636
3436 3610 3440
3139 3136 3422
3654 3644 3381
3381 4024 3654
2912 2930 3602
3529 4062 3156
3444 3610 3436
2951 3573 2941
3416 3613 3608
3392 3654 4024
3657 3654 3392
3142 3139 3422
2934 3602 2930
3606 3602 2934
3422 3432 3142
3603 3599 3583
3636 3627 3000
3000 3244 3636
4008 3156 4062
3109 3156 4008
3002 3425 3440
3610 3002 3440
2918 3654 2924
3644 3654 2918
3602 3611 2938
2923 3602 2938
3432 3439 3142
3597 3599 3612
2952 3391 3406
3430 3594 3387
2924 3657 2929
3654 3657 2924
3611 3606 3616
3618 3594 3430
3608 3618 3430
3599 3603 3615
3615 3612 3599
3701 2654 3531
2659 2654 3701
3636 3645 3389
3397 3657 3392
3662 3657 3397
3725 3142 3439
3411 2952 3406
3583 3591 3603
3618 3613 3621
3608 3613 3618
3651 3389 3645
3602 3606 3611
3160 3701 3534
3417 2952 3411
2958 2952 3417
3613 3416 3021
3021 3028 3613
2951 2956 3994
3994 3573 2951
2659 3701 3160
3426 2958 3417
3622 3606 2934
2975 2958 3426
3621 3613 3028
3645 3636 3244
2934 2943 3622
2956 2962 3424
3424 3994 2956
3402 3662 3397
2988 3628 3035
2953 3622 2943
3637 3622 2953
3589 3628 2988
2905 3725 3449
3433 3424 2962
3591 2971 3624
3657 3662 2929
3624 3603 3591
3703 3162 3537
3536 3703 3537
3589 3594 3632
3434 2975 3426
2962 2972 3438
3438 3433 2962
3026 3645 3244
3632 3628 3589
3162 3163 3893
3606 3622 3629
3629 3616 3606
3893 3537 3162
3035 3628 3040
2972 3180 3443
3449 3726 2905
2949 3662 3402
3402 3407 2949
2906 3726 3453
3453 3726 3449
3270 3160 3534
3622 3637 3633
3633 3629 3622
3534 3539 3270
3628 3632 3639
3641 3643 3478
3474 3641 3478
2979 2975 3434
3354 2906 3453
2954 2949 3407
3615 3624 3640
3040 3642 3046
3628 3642 3040
3407 3412 2954
2911 2906 3354
3443 3438 2972
3643 3649 3482
3445 2979 3434
2987 2979 3445
3639 3642 3628
3243 3637 2953
3482 3478 3643
3603 3624 3615
3651 3645 3026
3512 2987 3445
3046 3650 3049
3642 3650 3046
3641 3646 3656
3656 3643 3641
3541 3270 3539
2970 2954 3412
3443 3183 3452
3180 3183 3443
3274 3270 3541
3642 3639 3655
3655 3650 3642
3247 3633 3637
3623 2998 3001
3412 3421 2970
3146 3588 3093
3600 3588 3146
3178 3656 3646
3571 3656 3178
3049 3658 3055
3650 3658 3049
3201 3624 2971
3276 3274 3541
3541 3543 3276
3247 3637 3243
3006 3623 3001
3630 3623 3006
3643 3656 3659
3659 3649 3643
3026 3660 3409
3651 3026 3409
3631 3626 2993
3650 3655 3661
3661 3658 3650
3647 2938 3611
3011 3630 3006
3372 3630 3011
3656 3571 3579
3579 3659 3656
2993 2990 3631
3588 3600 4003
3429 2970 3421
3055 3658 3668
3611 3616 2982
4003 3343 3588
2982 3647 3611
2996 3631 2990
2981 2970 3429
3011 3016 4028
3372 3011 4028
3409 3041 3754
3660 3041 3409
3545 3276 3543
3164 3276 3545
3482 3664 3492
3455 2935 3860
3016 3023 3458
3458 4028 3016
3442 2981 3429
3605 3600 3146
3546 3164 3545
3165 3164 3546
3007 3455 3864
3649 3664 3482
2986 2981 3442
3419 3228 3349
3251 3228 3419
3624 3201 3640
2982 3629 3249
3626 3631 3462
3616 3629 2982
3547 3165 3546
3023 3033 3461
3461 3458 3023
3548 3165 3547
3442 3446 2986
3492 3666 3634
3664 3666 3492
3147 3605 3146
2992 2986 3446
3446 3454 2992
3629 3633 3249
3027 3471 3461
3033 3027 3461
3423 3251 3419
3666 3664 3669
2996 3638 4027
3462 2996 4027
3631 2996 3462
3195 3638 2996
3004 3612 3652
3664 3659 3597
3649 3659 3664
3658 3661 3678
3165 3548 2914
3247 3249 3633
4027 3638 3468
3470 3605 3147
3659 3579 3597
3456 2992 3454
3184 2992 3456
3668 3658 3682
3682 3704 3668
3652 3615 3223
3612 3615 3652
3471 3050 3476
3027 3050 3471
3062 3251 3423
3423 3431 3062
3664 3597 3669
3012 3184 3456
3456 3463 3012
3893 3166 3549
3163 3166 3893
3473 3007 3864
3638 3007 3473
3195 3007 3638
3050 3053 3476
3658 3678 3682
3062 3673 3065
3549 3167 3550
3468 3638 3473
3632 3618 3692
3594 3618 3632
3612 3669 3597
3166 3167 3549
3020 3012 3463
3673 3062 3431
3431 3778 3673
3470 3150 4025
3147 3150 3470
3053 3045 3481
3481 3476 3053
3498 3610 3444
3676 3610 3498
3167 3168 3551
3556 3283 3014
3615 3640 3223
3085 3618 3621
3692 3618 3085
3463 3469 3020
3009 3556 3014
3551 3550 3167
3481 3045 3485
3632 3692 3639
3194 3020 3469
3551 3169 3552
3168 3169 3551
3501 3676 3498
3150 3151 4025
3089 3692 3085
3679 3676 3501
3452 3022 3480
3183 3022 3452
3485 3063 4063
3448 3065 3673
3084 3065 3448
3045 3063 3485
3283 3556 3029
3490 4025 3151
3002 3676 3018
3610 3676 3002
3480 3653 3491
3022 3653 3480
3038 3194 3469
3469 3483 3038
3169 3170 3553
3553 3552 3169
3063 3073 4063
3803 3084 3448
3088 3084 3803
3048 3672 3297
3018 3679 3024
3676 3679 3018
3043 3038 3483
3095 3692 3089
3032 3663 3034
3170 3171 3554
3554 3553 3170
3148 3635 3490
3151 3148 3490
3408 4063 3073
3653 3200 3491
3655 3692 3694
3639 3692 3655
3665 3663 3032
3032 3039 3665
3684 3679 3501
3501 4073 3684
3171 2965 3350
3073 3133 3408
3491 3042 4064
3696 3672 3048
3048 3068 3696
3350 3554 3171
3076 3088 3803
3200 3042 3491
3153 3635 3148
3634 3684 4073
3036 3684 3634
2914 3710 2919
3548 3710 2914
3009 3297 3680
3667 3034 3671
3500 3155 3514
3153 3155 3500
3635 3153 3500
3694 3692 3095
3047 3505 4067
3024 3684 3030
3679 3684 3024
3042 3047 4067
4064 3042 4067
3683 3680 3297
3672 3683 3297
3502 3043 3483
3684 3036 3030
2761 2987 3512
3316 2761 3512
3655 3694 3661
3155 3157 3514
3052 3043 3502
3502 3506 3052
3667 3671 3675
3675 3264 3667
3556 3680 3558
3009 3680 3556
3051 3505 3047
3510 3505 3051
3710 3555 2919
2761 3316 2763
3634 3666 3036
3663 3671 3034
3677 3671 3663
3558 3683 3563
3051 3057 3510
3054 3052 3506
3506 3511 3054
3095 3698 3694
3680 3683 3558
3157 3158 3523
3523 3514 3157
2919 3555 2932
3663 3665 3681
3681 3677 3663
3517 3054 3511
3059 3054 3517
3661 3694 3698
3683 3672 3689
3525 3523 3158
3036 3669 3197
3666 3669 3036
3519 3510 3057
3057 3058 3519
3207 2763 3316
3672 3696 3689
3159 3648 3199
3466 3687 3472
3103 3687 3466
3671 3677 3685
3064 3059 3517
3683 3689 3313
3313 3563 3683
2932 3324 2940
3555 3324 2932
3685 3675 3671
3698 3678 3661
3472 3688 3477
3199 3648 3525
3158 3199 3525
3687 3688 3472
3066 3519 3058
3494 3064 3517
3489 3064 3494
3069 3064 3489
3674 3519 3066
3669 3612 3004
3685 3681 3686
3677 3681 3685
3159 3161 3527
3648 3159 3527
3678 3698 3702
3519 3674 3522
3289 3665 3039
3069 3489 3497
3074 3069 3497
3958 3074 3497
3698 3242 3702
3068 3072 3693
3669 3004 3197
3075 3674 3066
3324 3335 2940
3688 3486 3477
3293 3665 3289
3681 3665 3293
3674 3075 3314
3314 3522 3674
2948 3067 3515
3688 3115 3486
3686 3681 3293
3070 3686 3293
3690 3686 3070
2940 3335 2946
3696 3693 3697
3068 3693 3696
3067 3071 3518
3518 3515 3067
3296 3690 3070
3115 3495 3486
3071 3086 3520
3520 3518 3071
3682 3678 3706
3700 3693 3072
3072 3078 3700
2946 3705 2957
3335 3705 2946
3708 3682 3709
3704 3682 3708
3079 3675 3082
3264 3675 3079
3609 3700 3078
3078 2998 3609
3682 3706 3709
3697 3700 3427
3693 3700 3697
3704 3708 3129
3675 3685 3082
3708 3712 3129
3131 3080 3507
3427 3609 3977
3700 3609 3427
3457 3131 3507
2545 3131 3457
3350 3707 3356
2965 3707 3350
3685 3686 3695
3695 3082 3685
3356 3707 3993
3689 3696 3435
3708 3709 3712
3082 3695 3092
3697 3435 3696
3709 3706 3717
3707 2977 3993
2965 2977 3707
3686 3690 3699
3699 3695 3686
3313 3689 3435
3129 3712 3135
3097 3690 3296
3699 3690 3097
2977 2984 3370
3370 3993 2977
3712 3713 3135
3092 3699 3102
3695 3699 3092
3377 3370 2984
3712 3709 3714
3102 3699 3097
3717 3714 3709
2984 2991 3377
3712 3714 3713
2991 3189 3384
3384 3377 2991
3161 3208 3747
3747 3527 3161
3208 2907 3747
3135 3713 2963
3005 3010 3390
3384 3005 3390
3189 3005 3384
3713 3714 3959
3714 3717 3963
3963 3959 3714
3747 2907 3413
3413 3564 3418
2907 3564 3413
2957 3711 3017
3705 3711 2957
3705 3399 3711
3702 3706 3678
3242 2921 3702
3706 3702 3721
3564 2931 3418
3721 3702 2921
3017 3715 3716
3711 3715 3017
2931 3577 3428
3428 3418 2931
3715 3414 3716
3577 2944 3437
3428 3577 3437
3721 3717 3706
2944 3447 3437
3720 3721 2921
3716 3718 3210
2955 3447 2944
3718 3716 3414
3721 3720 3723
2955 2961 3980
3447 2955 3980
3441 3210 3718
2961 2976 3464
3717 3721 3607
3607 3963 3717
3723 3607 3721
3464 3596 3467
2976 3596 3464
3010 3450 3390
3607 3723 3617
3467 3604 3475
3596 3604 3467
3061 3450 3010
3719 3450 3061
3475 3604 3484
2995 2999 3493
3604 2995 3493
3484 3604 3493
3450 3719 4094
3614 3303 3513
3504 3614 3513
3303 3013 3513
3719 3098 4094
3513 3013 3625
3019 3625 3013
3212 3111 2704
3625 3019 3526
3019 3025 3526
3025 3031 3526
3479 3212 3441
3111 3212 3479
3037 3619 3451
3031 3037 3451
3526 3031 3451
3037 3044 3619
3722 3111 3479
3479 3488 3722
3460 3619 3044
3044 3056 3460
3474 3460 3056
3722 3724 3120
3641 3474 3056
3056 3060 3641
3646 3641 3060
3724 3967 3145
3145 3120 3724
3488 3499 3722
3724 3722 3499
3570 3338 3530
3499 3509 3724
3532 3570 3530
3576 3570 3532
3967 3724 3509
3581 3576 3532
3532 3533 3581
3098 3134 4094
4095 4094 3134
3380 3581 3533
3083 3593 3386
3535 3083 3386
4095 3137 3956
3134 3137 4095
3538 3083 3535
3087 3083 3538
3540 3087 3538
3106 3087 3540
3540 3542 3106
2985 3106 3542
3342 3561 3544
3544 3113 3317
3561 3113 3544
3222 3113 3561
3728 3961 4428
4085 3961 3728
3727 3319 3733
3557 3319 3727
3317 3326 3739
3739 3735 3317
3323 3316 3919
4451 3562 4454
3956 3562 4451
3733 3327 3736
3319 3327 3733
3315 3958 3730
4314 3315 3730
3739 3331 3743
3326 3331 3739
3930 3323 3919
3329 3323 3930
3959 3963 3966
3964 3968 3734
3961 3964 3734
3902 3320 3935
3520 3320 3902
3342 3960 3338
3731 3747 4178
3328 3315 4314
4314 3738 3328
3337 3329 3930
3930 3933 3337
3318 3971 3592
4428 3961 3734
4454 3562 4307
3740 3344 3566
3959 3972 3322
3333 3328 3738
3738 3741 3333
3743 3345 3751
3592 3971 3601
3562 3569 4309
4309 4307 3562
3937 3560 3933
3935 3325 3939
3320 3325 3935
3339 3333 3741
3331 3345 3743
3741 3749 3339
3527 3747 3731
3560 3337 3933
3569 3573 3744
3744 4309 3569
3321 3964 3314
3959 3966 3972
3978 3964 3321
3977 3341 4005
3325 3336 3940
3940 3939 3325
3347 3344 3753
3753 3761 3347
3351 3560 3937
3937 3942 3351
3345 3965 3759
3751 3345 3759
3972 3981 3332
3332 3322 3972
3352 3347 3761
3983 4005 3341
3341 3988 3983
3967 3973 3358
3346 3969 3755
3764 3346 3755
3981 3966 3982
3972 3966 3981
3369 3351 3942
3768 3352 3761
3962 3352 3768
3336 3932 3940
3747 3413 3752
3362 3358 3973
4143 3362 3973
3989 3988 3355
3355 3372 3989
3365 3932 3336
3745 3978 3756
3964 3978 3745
3968 3964 3745
3774 3962 3768
3413 3418 4188
4323 3362 4143
3367 3362 4323
4188 3752 3413
3944 3369 3942
3373 3369 3944
3759 3363 3765
3965 3363 3759
3357 3363 3965
3348 4252 3943
3992 3983 3988
3359 3353 3780
3375 3373 3944
3944 3946 3375
3765 3975 3772
3368 3975 3765
3988 3989 3992
3366 3962 3774
3575 3366 3774
3970 3575 3774
3948 3375 3946
3382 3375 3948
4313 3970 3774
3363 3368 3765
3353 3346 3764
4188 3428 3769
4005 4002 3977
3949 3382 3948
3582 3382 3949
3990 3978 3321
3321 3330 3990
3418 3428 4188
3764 3780 3353
3575 3974 3580
3970 3974 3575
3515 3975 3368
3973 3967 4134
3354 4252 3348
3334 3990 3330
3332 3991 3586
3981 3991 3332
3784 3359 3780
3364 3359 3784
3769 3437 3776
3428 3437 3769
4002 4005 4010
4010 3971 4002
3387 3580 3974
3360 3348 3943
3943 3945 3360
3991 3982 3997
3978 3990 3756
3981 3982 3991
4154 3367 4323
3379 3367 4154
3437 3447 3781
3781 3776 3437
4016 4010 4005
3932 3360 4296
3586 4001 3590
3991 4001 3586
3408 3403 3950
3365 3360 3932
3785 3781 3447
3763 3756 3990
4001 3997 4020
3991 3997 4001
3983 3992 4021
4021 4005 3983
3327 3393 3788
3788 3736 3327
3755 3339 3749
3969 3339 3755
3792 3379 4154
3996 3990 3334
3334 3340 3996
3598 4007 3349
3785 3980 4346
3447 3980 3785
4023 4021 3992
3590 4014 3598
4001 4014 3590
3788 3396 3794
3393 3396 3788
4016 4021 4024
4005 4021 4016
3343 3996 3340
4296 3360 3945
3950 3979 3951
4001 4020 4014
3795 3364 3784
3395 3379 3792
3860 3395 3792
3403 3979 3950
3763 3996 3771
3990 3996 3763
3794 3400 3806
3396 3400 3794
4021 4023 3392
3392 4024 4021
3383 3364 3795
3791 3999 4348
3786 3999 3791
3996 3343 3777
3777 3771 3996
4007 4014 4336
3598 4014 4007
3979 3582 3952
3405 3985 3797
3400 3405 3797
3806 3400 3797
3798 3383 3795
3800 3744 3573
3388 3383 3798
4028 3989 3372
4035 3989 4028
4014 4020 3737
3949 3952 3582
3737 4336 4014
3814 3970 4313
3980 3464 3805
4346 3980 3805
2961 3464 3980
3951 3979 3952
3802 3388 3798
3398 3388 3802
4028 4041 4035
3800 3573 3807
3963 3371 3966
3985 3420 3814
3802 3808 3398
3992 4035 4038
3989 4035 3992
3361 4008 3787
3787 3796 3361
3805 3984 3817
3464 3984 3805
3467 3984 3464
3970 3814 3998
3998 3974 3970
3573 3994 3807
3404 3398 3808
3808 3812 3404
3376 3966 3371
3982 3966 3376
3998 3814 3420
4300 4035 3748
4038 4035 4300
3416 3998 3420
3415 3404 3812
3812 3820 3415
3994 3816 3807
3420 3985 3405
3982 3376 4026
3374 3361 3796
3796 3801 3374
4035 4041 3748
3816 3994 3424
3376 3389 4026
3986 3415 3820
3833 3986 3820
4041 3779 3748
3984 3475 3823
3817 3984 3823
3467 3475 3984
3435 3697 4000
3394 4050 3847
3839 3394 3847
3823 3475 3828
3974 3998 3608
4026 3997 3982
3430 3974 3608
3387 3974 3430
3435 3318 3313
3324 3957 3335
3415 3986 3422
3816 3433 4349
3424 3433 3816
3608 3998 3416
3992 4038 4049
4049 4023 3992
3435 4000 3318
3957 3976 3335
3401 3394 3839
3433 3438 3831
3831 4349 3433
3836 3986 3833
3422 3986 3836
3378 3374 3801
3997 4026 4036
4036 4020 3997
3697 3427 4000
3947 4424 3957
3828 3484 3995
3475 3484 3828
4049 4038 4300
3758 4049 4300
3438 3443 3837
3837 3831 3438
4029 3839 3859
4036 4026 3389
3389 3651 4036
3840 3422 3836
3432 3422 3840
3976 3957 4424
4424 4364 3976
3841 3995 3484
3484 3493 3841
4023 4049 4053
4053 3392 4023
4002 4000 3427
4031 4029 3859
3977 4002 3427
4020 4036 4039
3335 3976 3705
3439 3432 3840
3385 3378 3819
3401 4029 4031
3839 4029 3401
4058 4053 4049
3837 4004 4223
3443 4004 3837
3971 3318 4000
3824 3385 3819
3391 3385 3824
3976 3399 3705
4042 4036 3651
3830 3391 3824
4000 4002 3971
4223 4004 3846
3406 3391 3830
4039 4036 4042
4058 4049 3758
3762 4058 3758
3770 4058 3762
4034 4031 3859
3859 4378 4034
3858 3725 3439
3449 3725 3858
4011 4004 3443
3443 3452 4011
3399 3976 4364
3737 4039 3746
4020 4039 3737
3459 3457 3729
3729 3732 3459
3862 3449 3858
3453 3449 3862
3834 3406 3830
3746 4042 3750
4039 4042 3746
3971 4010 3644
3644 3601 3971
3465 3459 3732
3732 3757 3465
4011 4017 3850
3846 4011 3850
4004 4011 3846
3410 4034 3425
4031 4034 3410
3409 4042 3651
3841 3504 3851
4010 4016 3381
3766 3987 3350
3350 3356 3766
3381 3644 4010
3850 4017 3855
3411 3406 3834
3834 3845 3411
3866 3453 3862
3354 3453 3866
4252 3354 3866
4015 3080 3742
4042 3754 3750
3409 3754 4042
4024 3381 4016
3851 3504 4012
4007 4047 3419
3419 3349 4007
3825 4034 4378
3440 4034 3825
3356 3993 3773
3766 3356 3773
3436 3440 3825
3392 4053 3397
4047 4052 3423
3423 3419 4047
3860 3864 3455
3417 3411 3845
3849 3417 3845
4053 4058 3402
3402 3397 4053
4019 4012 3504
3504 3513 4019
3436 4022 3444
3825 4022 3436
3773 3370 4392
3993 3370 3773
3760 4007 4336
4047 4007 3760
3854 3417 3849
3425 4034 3440
3426 3417 3854
4003 3600 4009
4392 4006 4399
3370 4006 4392
3767 4047 3760
4052 4047 3767
4058 3770 3407
3407 3402 4058
3343 4003 3874
3874 3777 3343
3821 4027 3868
3462 4027 3821
3626 3462 3821
4348 3999 3451
4043 4348 3451
3465 3757 3775
3487 3465 3775
3874 4009 3876
3434 3426 3854
4003 4009 3874
4052 4059 3431
3431 3423 4052
3770 3783 3412
3412 3407 3770
4012 4019 3782
4018 4009 3600
3600 3605 4018
3619 4043 3451
4006 3370 3377
3778 3431 4059
3470 4018 3605
3887 4018 3470
4045 4043 3619
3869 3434 3854
3445 3434 3869
4399 4006 3793
4059 4052 3767
4019 3786 3782
3775 3838 3487
3512 3445 3869
4006 4013 3793
3810 4043 4055
4348 4043 3810
4027 3883 3868
3468 3883 4027
3876 4018 3879
4009 4018 3876
3625 4019 3513
3673 3789 3448
3496 3503 3790
4043 4045 4055
3790 4355 3496
4018 3887 3879
4013 4006 3377
3377 3384 4013
3786 4019 3625
3460 4045 3619
4060 4045 3460
4041 4028 3458
3789 3673 3778
3421 3412 3783
3793 4076 3799
4013 4076 3793
3526 3786 3625
3461 4041 3458
3999 3786 3526
3503 3508 4304
3783 4072 3421
3474 4060 3460
3478 4060 3474
3471 4041 3461
3779 4041 3471
4045 4060 4065
4065 4055 4045
4076 4013 3384
3384 3390 4076
3470 4025 3887
3429 3421 4072
3804 3429 4072
4060 3478 4066
3468 3473 3877
3883 3468 3877
4066 4065 4060
4365 3883 3877
3442 3429 3804
3742 3076 3803
3080 3076 3742
4054 3471 3476
3887 4025 3894
3815 3442 3804
3446 3442 3815
3451 3999 3526
3399 4030 3711
3754 3041 3811
4022 4388 4069
3822 3446 3815
3454 3446 3822
3466 3811 3041
4033 4025 3490
3516 3626 3821
3813 3516 3821
3871 3960 3872
3480 4011 3452
4046 4011 3480
3822 3826 3454
4075 4069 4388
4073 4069 4075
3809 3399 4364
3894 4033 3900
4025 4033 3894
3456 3454 3826
4055 4065 4075
4044 4011 4046
4037 4033 3490
3826 4375 3456
3490 3635 4037
4017 4011 4044
4075 4066 3492
4065 4066 4075
3521 3487 3838
3779 4054 3882
3471 4054 3779
3809 4030 3399
3811 3472 3818
3466 3472 3811
4389 4032 4387
4037 3900 4033
4073 4075 3634
3835 3456 4375
3463 3456 3835
3480 3491 4046
3827 3521 3838
3524 3521 3827
3832 3524 3827
3477 3818 3472
3882 3481 3888
4054 3481 3882
3476 3481 4054
3835 3842 3463
4075 3492 3634
4044 4046 4051
3338 3960 3871
4032 3338 3871
3481 3485 3888
3844 3857 4048
4044 4056 3891
3852 3463 3842
3469 3463 3852
3855 4044 3891
4017 4044 3855
3477 3486 3843
3482 4066 3478
3891 4056 3895
3524 3844 3528
3832 3844 3524
4032 4389 3530
3530 3338 4032
3715 3711 4030
3843 3486 3853
4037 3635 3909
3844 4048 3528
4056 4044 4051
4051 4061 4056
4030 4057 3414
3414 3715 4030
3852 3856 3469
3895 4061 3901
4056 4061 3895
4066 3482 3492
3863 3469 3856
3483 3469 3863
4180 4048 3857
3529 4048 4180
3500 3514 3916
3909 3500 3916
4064 4046 3491
3635 3500 3909
4389 3884 3532
3532 3530 4389
4063 3408 3904
3124 3486 3495
3884 4040 3533
3533 3532 3884
4051 4046 4064
4048 3529 3528
3514 3924 3916
3867 3494 3870
3950 3904 3408
3853 3496 4355
3486 3496 3853
3124 3496 3486
3865 3529 4180
4062 3529 3865
3444 4069 3498
4022 4069 3444
4030 3809 3829
4068 4064 4067
4051 4064 4068
4402 3489 4408
4057 4030 3829
4008 4062 3865
3865 3787 4008
4069 4073 3501
3501 3498 4069
3888 4063 3904
3485 4063 3888
3875 3489 4402
4061 4051 4071
3080 4015 3507
3898 3533 4040
3380 3533 3898
3924 3523 4319
3514 3523 3924
3901 4071 3905
4061 4071 3901
3457 3507 4015
3729 3457 4015
3489 3494 3867
4408 3489 3867
3523 3525 4319
4057 3848 3718
3718 3414 4057
3903 3380 3898
4071 4051 4068
4068 4074 4071
3386 3380 3903
3535 3386 3903
3873 3531 4345
3701 3531 3873
3912 3512 3869
3772 4089 3889
3975 4089 3772
3525 3648 3928
3928 4319 3525
4071 4074 3908
3908 3905 4071
3316 3512 3912
3497 3489 3875
3958 3497 3875
3878 3958 3875
4089 3975 3515
3848 4057 4432
3903 3907 3535
3534 3701 3873
3873 3880 3534
3912 3919 3316
3730 3958 3878
3928 3527 3731
3648 3527 3928
3538 3535 3907
3907 4409 3538
3885 3537 3890
3536 3537 3885
4078 4068 4067
3505 4078 4067
3502 3483 3863
3863 3881 3502
4089 3518 3892
3889 4089 3892
3515 3518 4089
3848 4070 3718
3537 3893 3890
3510 4078 3505
4079 4078 3510
3886 3502 3881
3506 3502 3886
3847 4050 3915
3718 4092 3441
4070 4092 3718
3518 3520 3897
3897 3892 3518
4074 4068 4078
4078 4082 4074
3511 3506 3886
3886 3896 3511
3539 3534 3880
3880 3906 3539
3921 3538 4409
3897 3520 3902
4074 4082 3911
3911 3908 4074
3517 3511 3896
3540 3538 3921
3921 3915 3540
4082 4078 4079
4079 4084 4082
3910 3539 3906
3541 3539 3910
3870 3517 3896
3494 3517 3870
4082 4084 3911
3543 3541 3910
3910 3913 3543
4085 4079 3510
3861 3799 4076
3542 3540 3915
4050 3542 3915
3519 4085 3510
4076 4080 3861
3920 3543 3913
3545 3543 3920
4077 3545 3920
4079 4085 3918
4084 4079 3918
3923 4077 3920
3342 3544 3927
3960 3342 3927
3872 3960 3927
4080 4076 3390
3390 3450 4080
3545 4077 3546
3728 3918 4085
3927 3317 3735
3544 3317 3927
3522 4085 3519
3961 4085 3522
3546 4077 3547
3964 3961 3522
3522 3314 3964
3925 4077 3923
3547 4077 3925
3548 3547 3925
3925 3926 3548
4086 3861 4080
3893 3549 3929
3549 3550 3929
4086 4080 3450
4271 4081 3931
4094 4086 3450
3550 4081 4271
3929 3550 4271
3551 4081 3550
4081 4083 3934
3934 3931 4081
4083 4081 3551
3551 3552 4083
3934 4083 3936
4437 4086 4094
3936 4087 3938
4083 4087 3936
3553 4083 3552
4087 4083 3553
4087 4088 3938
3479 3441 4092
3554 4087 3553
4088 4087 3554
3987 4088 3554
3554 3350 3987
3899 4092 4070
3710 3548 3926
3941 3710 3926
4092 4093 3488
3488 3479 4092
3710 4090 3555
3941 4090 3710
4093 4092 3899
4090 4091 3555
3914 4093 3899
3555 3957 3324
4091 3957 3555
4093 3917 3499
3499 3488 4093
4090 3947 4091
3917 4093 3914
3957 4091 3947
3509 3499 3917
3509 3917 3922
4134 3509 3922
3967 3509 4134
4094 4095 4437
4095 3956 4451
4451 4437 4095
2915 3302 4096
4096 3955 2915
3954 4100 3953
3953 4100 3566
3566 4100 3740
3740 4100 3954
3955 4101 2915
2915 4101 2920
2920 4101 2928
2928 4101 3566
3566 4101 3953
3953 4101 3955
2999 4102 3493
3493 4102 3841
3841 4102 3504
3504 4102 3614
3614 4102 3303
3303 4102 2999
4096 3557 4097
3302 3557 4096
2939 3557 3302
4097 3557 3727
4098 3531 3307
3307 3531 2654
4345 3531 4098
4098 3304 4099
3307 3304 4098
3885 4103 3536
3536 4103 3703
3703 4103 3304
3304 4103 4099
4099 4103 3885
3895 4116 3891
4299 4115 4107
4133 4303 4610
4300 3762 3758
3790 4304 4110
4113 3790 4110
3503 4304 3790
3953 4733 4114
4300 4308 3762
3954 3953 4114
3881 3863 4105
3894 3900 4115
4301 4303 4133
4118 3954 4114
3740 3954 4118
3869 3854 4104
4109 4307 4309
3900 4037 4119
4119 4115 3900
3886 3881 4617
4110 4304 4117
4610 4305 4613
4303 4305 4610
3955 4733 3953
4104 4129 3869
3895 3901 4122
4116 3895 4122
4305 4401 4140
4140 4613 4305
4736 3733 4474
3727 3733 4736
4304 3508 4123
4117 4304 4123
4124 3886 4617
3779 4368 3748
3901 3905 4125
4125 4122 3901
4121 3744 4701
4309 3744 4121
4474 3736 4135
3733 3736 4474
3896 3886 4124
4109 4309 4121
4123 3813 4127
3508 3813 4123
3779 3882 4306
4368 4306 4327
3779 4306 4368
4119 3909 4126
4037 3909 4119
4125 3908 4131
3905 3908 4125
4139 3740 4118
3344 3740 4139
4124 3870 3896
3888 4332 3882
3789 3778 4155
3753 3344 4139
4139 4150 3753
4127 4311 4479
3813 4311 4127
3789 4320 3448
3821 4311 3813
4131 3911 4136
3908 3911 4131
3909 3916 4126
4368 4327 4308
3761 3753 4150
4310 4314 3730
4320 3789 4155
4161 4320 4155
4317 4306 3882
4332 4317 3882
4132 4310 4128
4314 4310 4132
4306 4317 4275
4327 4306 4275
4155 3778 4168
3916 3924 4138
4138 4126 3916
3911 3918 4145
4136 3911 4145
4084 3918 3911
4153 3761 4150
3768 3761 4153
4276 4275 4317
4326 4322 4316
4627 4326 4316
4158 3768 4153
4176 4320 4175
4134 4328 4130
3738 4314 4132
4132 4141 3738
4278 4327 4275
4308 4327 4278
3803 4320 4176
3448 4320 3803
4145 3918 4151
4165 3904 3950
3827 4326 4627
4159 3827 4627
3832 3827 4159
4175 4320 4161
4338 3762 4308
4130 4328 4112
3741 3738 4141
4144 3741 4141
3888 3904 4332
4634 3803 4176
3742 3803 4634
4340 4338 4308
3774 3768 4158
4164 3774 4158
4313 3774 4164
4322 4326 3838
3973 4134 4137
4629 4332 3904
4151 3728 4166
3918 3728 4151
4162 3928 4148
4319 3928 4162
3838 4326 3827
4329 4330 4195
4195 4192 4329
3770 4338 3783
3762 4338 3770
4149 3741 4144
3749 3741 4149
3928 3731 4152
4317 4332 4147
3844 3832 4159
4338 4340 4072
4072 3783 4338
4135 3788 4171
4143 3973 4137
4330 4334 4195
3750 4334 4330
3728 4428 4166
4152 4148 3928
4332 4629 4147
3736 3788 4135
4167 3857 4159
3764 3755 4157
4157 4163 3764
4166 4428 4635
4340 4308 4278
4171 3794 4174
3788 3794 4171
3811 3750 3754
3924 4319 4156
4138 3924 4156
4334 3750 3811
3857 3844 4159
4156 4319 4162
4324 4313 4164
4164 4187 4324
3734 3968 4637
4635 3734 4637
4428 3734 4635
3811 3818 4334
4165 4629 3904
3780 3764 4163
4340 4353 4072
4169 3780 4163
3797 4324 4187
4321 3797 4187
4631 4321 4187
3985 4324 3797
4334 3818 4211
4335 3857 4167
4167 4173 4335
3912 3869 4129
4129 4179 3912
3792 4154 4160
3968 4455 4637
3747 3752 4178
3745 4455 3968
4281 4340 4278
3784 3780 4169
4169 4181 3784
3806 4321 4174
3794 3806 4174
4172 3792 4160
3860 3792 4172
3818 3477 4211
4640 4335 4173
3755 3749 4149
4149 4157 3755
3797 4321 3806
3919 3912 4179
4353 4340 4281
4313 4324 3814
4180 4335 4640
3857 4335 4180
4179 4184 3919
3814 4324 3985
4360 4353 4281
4186 3784 4181
3795 3784 4186
4211 3477 4221
4202 4455 3756
3756 4455 3745
3930 3919 4184
4184 4190 3930
3744 3800 4177
4196 4301 4133
4177 4701 3744
3865 4180 4185
4198 3930 4190
3933 3930 4198
3798 3795 4186
4186 4191 3798
4183 4177 3800
4189 3865 4185
3787 3865 4189
3937 3933 4198
4221 3477 3843
4336 3737 4329
4072 4353 3804
3802 3798 4191
4191 4197 3802
3873 4345 4201
3800 3807 4183
3808 3802 4197
4197 4200 3808
3746 4329 3737
4330 4329 3746
3843 3853 4683
4221 3843 4683
3756 3763 4206
4206 4202 3756
3944 4347 4214
4657 3944 4214
3942 4347 3944
3750 4330 3746
3880 3873 4201
4201 4545 3880
4642 3769 4199
4188 3769 4642
3812 3808 4200
4200 4205 3812
3946 3944 4657
3853 4355 4237
4683 3853 4237
3763 3771 4213
3885 3890 4210
4353 4360 3815
3815 3804 4353
4213 4206 3763
3820 3812 4205
4205 4209 3820
4228 3946 4657
3948 3946 4228
4199 4341 4203
3769 4341 4199
3776 4341 3769
3890 3893 4216
4360 4655 3822
3822 3815 4360
4336 4343 3760
4203 4341 4557
4232 3948 4228
3949 3948 4232
3771 3777 4220
4242 4301 4196
3807 3816 4194
4183 3807 4194
4220 4213 3771
3781 4341 3776
3833 3820 4209
4343 4329 4192
4336 4329 4343
4222 3880 4545
3906 3880 4222
4283 3822 4655
3826 3822 4283
4375 3826 4283
4219 3833 4209
4222 4226 3906
4343 4207 3767
3767 3760 4343
3910 3906 4226
3836 3833 4219
4219 4224 3836
4231 3787 4189
3781 3785 4212
4341 3781 4212
4557 4341 4212
4207 4343 4192
3816 4349 4204
4194 3816 4204
4367 4247 4566
4226 4233 3910
3796 3787 4231
3840 3836 4224
4165 3951 4246
3950 3951 4165
3785 4346 4218
4218 4212 3785
4372 4367 4566
4284 4375 4283
4204 4349 4208
4351 3910 4233
3913 3910 4351
3801 3796 4231
3767 4207 4215
4059 3767 4215
4374 4372 4566
4566 4258 4374
4344 3840 4224
4235 4344 4224
3439 3840 4344
4238 4351 4233
4218 4346 4225
3952 3949 4232
4358 3952 4232
4254 4358 4232
4239 4344 4235
4375 4284 3835
4243 3801 4231
4380 4374 4258
4258 4262 4380
3819 3801 4243
4208 3831 4723
4349 3831 4208
4168 4059 4215
3778 4059 4168
3913 4351 3920
3951 4358 4257
4246 3951 4257
3952 4358 3951
4270 4380 4262
4384 4380 4270
3801 3819 3378
3835 4284 4286
4257 4358 4254
3842 3835 4286
3831 3837 4217
4217 4723 3831
4676 4351 4238
3920 4351 4676
3923 3920 4676
3858 4344 4239
4659 3858 4239
3439 4344 3858
4225 3805 4656
4346 3805 4225
4243 4249 3819
4289 3842 4286
4248 3858 4659
3862 3858 4248
4223 4217 3837
3805 3817 4240
4240 4656 3805
4391 4301 4242
4303 4301 4391
4363 3923 4676
3866 3862 4248
4252 3866 4248
4223 4356 4227
3846 4356 4223
4400 4303 4391
4305 4303 4400
4240 4352 4244
3817 4352 4240
3852 3842 4289
3850 4356 3846
4398 4242 4247
3823 4352 3817
4391 4242 4398
4261 4363 4676
4263 3819 4249
4227 4356 4230
4244 4357 4250
4400 4391 4398
3777 3874 4259
4259 4220 3777
4364 4361 4370
4352 4357 4244
4256 4377 4261
4369 4377 4256
3850 3855 4236
4356 3850 4236
4230 4356 4236
3824 3819 4263
4379 4394 3987
4401 4305 4400
4259 3876 4266
3874 3876 4259
4357 4352 3823
3828 4357 3823
4359 4357 3828
4363 4382 3925
3925 3923 4363
4368 4300 3748
3995 4359 3828
3876 3879 4266
4267 3824 4263
3830 3824 4267
4401 4403 4634
4140 4401 4634
3766 4379 3987
4382 4386 3926
3926 3925 4382
4291 3852 4289
4300 4368 4308
4245 3860 4172
4400 4407 4401
4250 4362 4253
4357 4362 4250
4383 4379 3766
3773 4383 3766
4363 4261 4390
3879 3887 4269
4269 4266 3879
4390 4382 4363
3856 3852 4291
4292 3856 4291
3863 3856 4292
3864 3860 4245
4357 4359 4366
4366 4362 4357
4274 3830 4267
3834 3830 4274
4403 4407 3729
4015 4403 3729
4401 4407 4403
4390 4377 4394
4261 4377 4390
4253 4362 4665
4395 3773 4392
4383 3773 4395
4292 4105 3863
3868 4311 3821
4398 4247 4367
4367 4414 4398
4277 3834 4274
3845 3834 4277
3894 4299 3887
4115 4299 3894
4382 4390 4397
4397 4386 4382
4362 4366 4672
4672 4665 4362
4412 4398 4414
4373 4359 3995
4400 4398 4412
4269 4299 4107
4395 4392 4399
4390 4394 4397
3887 4299 4269
4311 3868 4251
4414 4367 4372
4366 4359 4373
4293 4402 4295
4106 4381 4111
3893 3929 4216
4479 4311 4251
4414 4416 4412
3849 3845 4277
3841 4373 3995
4251 3883 4268
4277 4279 3849
4376 4373 3841
4405 4402 4293
4293 4700 4405
4395 4399 4361
3868 3883 4251
4111 3872 4628
3871 3872 4111
4381 3871 4111
4407 4400 4412
4412 4419 4407
4295 4408 4705
4216 3929 4271
4120 4387 4106
4260 3864 4245
3473 3864 4260
4407 4419 3732
3732 3729 4407
3854 3849 4279
4705 4124 4695
3870 4124 4705
4389 4387 4120
4376 4302 4146
4373 4376 4146
4366 4373 4146
4419 4412 4416
4416 4422 4419
4361 4399 4406
4273 3931 4666
4271 3931 4273
4393 4389 4120
4104 3854 4279
3732 4422 3757
4419 4422 3732
3851 4376 3841
4385 4376 3851
3867 3870 4705
4408 3867 4705
3877 3473 4260
4265 3877 4260
4365 3877 4265
4406 4399 3793
4012 4385 3851
4403 3742 4634
4015 3742 4403
3934 4369 4241
3931 3934 4241
4666 3931 4241
4376 4385 4302
4361 4406 4410
4402 4408 4295
3799 4406 3793
4410 4406 3799
3934 3936 4369
4302 4385 4012
4312 4302 4012
3782 4312 4012
4387 4381 4106
4032 4381 4387
4426 4372 4374
4268 4365 4272
3883 4365 4268
4377 4369 3936
3936 3938 4377
4361 4410 4370
4405 4413 3875
4402 4405 3875
4272 4365 4265
4615 4312 4315
4394 4377 3938
3938 4088 4394
4414 4372 4426
4302 4312 4615
3875 4413 3878
3871 4381 4032
4416 4414 4426
4426 4425 4416
4088 3987 4394
4708 4405 4700
3891 4116 4236
3855 3891 4236
4389 4393 3884
4426 4374 4380
3926 4386 3941
3884 4396 4040
4393 4396 3884
4425 4426 4431
4370 4421 3809
4364 4370 3809
4413 4405 4708
4417 4413 4708
4709 4417 4708
4318 4312 3782
3786 4318 3782
4315 4312 4318
4397 4411 3941
4386 4397 3941
4298 4417 4709
4146 4302 4615
3757 4425 3775
4422 4425 3757
4416 4425 4422
4411 4394 4379
4397 4394 4411
4417 4310 3730
3878 4417 3730
4413 4417 3878
4425 4431 3775
4411 4415 4090
4090 3941 4411
4128 4417 4298
4310 4417 4128
4315 4318 4325
4325 4280 4315
4430 4380 4384
4426 4380 4430
4411 4379 4383
4383 4415 4411
4625 4337 4282
4421 4427 3829
3809 4421 3829
4431 4426 4430
4404 4040 4396
4415 4423 3947
3947 4090 4415
4432 4057 3829
4040 4404 3898
4430 4384 4270
4142 4430 4270
4415 4383 4395
4395 4423 4415
3829 4427 4432
4282 4333 4331
4337 4333 4282
4316 4430 4142
3898 4404 4170
3903 3898 4170
4710 3903 4170
4322 4430 4316
4431 4430 4322
4280 4337 4625
4409 4182 4193
4432 4427 4429
4337 4325 4339
4280 4325 4337
4431 4322 3838
3838 3775 4431
3907 3903 4710
4182 3907 4710
4424 3947 4423
4333 4337 4342
4182 4409 3907
4342 4339 4378
4337 4339 4342
4423 4395 4361
4361 4424 4423
4237 4113 4591
4355 4113 4237
3848 4433 4070
4432 4433 3848
3791 4318 3786
4193 4713 4418
4432 4429 4433
4696 4420 4713
4113 4355 3790
4361 4364 4424
4370 4410 4434
4434 4421 4370
4318 3791 4350
4350 4325 4318
4696 4331 4420
4434 4410 3799
3799 3861 4434
3791 4348 4354
4354 4350 3791
4421 4434 4435
3915 4418 4713
4420 3915 4713
4435 4434 3861
3847 3915 4420
3810 4354 4348
4055 4354 3810
3921 4409 4193
4435 4427 4421
4339 4350 4371
4325 4350 4339
3921 4418 3915
4193 4418 3921
4350 4354 4371
4427 4435 4436
4339 4371 4378
4436 4435 3861
3861 4086 4436
4628 3927 4714
3872 3927 4628
4436 4429 4427
4714 3735 4715
3927 3735 4714
4388 4371 4354
3735 3739 4229
4229 4715 3735
4354 4055 4388
4429 4436 4449
3739 3743 4234
4234 4229 3739
4371 4388 3825
4378 4371 3825
4449 4436 4086
4234 3751 4719
3743 3751 4234
4022 3825 4388
3751 3759 4719
3839 4420 4331
4606 4719 3759
4437 4449 4086
3759 3765 4255
4255 4606 3759
4331 4333 3839
4255 3772 4264
3765 3772 4255
4420 3839 3847
4433 3899 4070
4333 4342 3859
3859 3839 4333
4342 4378 3859
4433 4429 4438
3899 4433 4439
4433 4438 4439
3899 4440 3914
3899 4439 4440
4439 4438 4441
4075 4388 4055
4440 4439 4442
4442 4441 4443
4439 4441 4442
4440 4444 3914
3772 3889 4285
4285 4264 3772
4444 4445 3917
3917 3914 4444
4444 4442 4446
4440 4442 4444
3889 3892 4287
4287 4285 3889
4446 4443 4447
4442 4443 4446
4445 4446 4448
4444 4446 4445
3892 3897 4288
4288 4287 3892
4448 4447 4675
4446 4447 4448
3897 3902 4288
4445 4108 3922
3922 3917 4445
3922 4328 4134
4328 3922 4108
4112 4328 4108
4445 4448 4670
4108 4445 4670
4448 4675 4670
3940 3932 4290
4449 4438 4429
3943 4252 4294
4438 4449 4450
3945 3943 4294
4294 4522 3945
4437 4450 4449
4290 3932 4296
4297 3945 4522
4296 3945 4297
4450 4441 4438
4450 4437 4451
4441 4450 4452
4452 4443 4441
4452 4451 4454
4450 4451 4452
4443 4452 4453
4453 4447 4443
4454 4453 4452
4447 4453 4109
4109 4675 4447
4453 4454 4307
4307 4109 4453
4110 4609 4113
4114 4733 4456
4456 4463 4114
4465 4613 4918
4610 4613 4465
4611 4592 4107
4584 4612 4587
4617 3881 4105
4467 4114 4463
4118 4114 4467
4461 4117 4458
4609 4117 4461
4110 4117 4609
4457 4614 4857
4116 4614 4457
4236 4116 4457
4275 4276 4616
4611 4115 4466
4460 4611 4466
5022 4472 4104
4625 4621 4615
4133 4610 4468
4619 4133 4468
4458 4123 4618
4117 4123 4458
4466 4119 4473
4622 4626 4132
4132 4128 4622
4963 4612 4584
4122 4614 4116
4115 4119 4466
4129 4104 4472
4472 4475 4129
4470 4619 4468
4625 4615 4315
4280 4625 4315
4127 4618 4123
4474 4135 4477
4616 4278 4275
4464 4132 4626
4115 4611 4107
4479 4618 4127
4141 4132 4464
4278 4616 4639
4122 4125 4614
4139 4118 4467
4918 4624 4923
4636 4625 4282
4621 4625 4636
4626 4622 4980
4613 4624 4918
4612 4623 4981
4981 4587 4612
4119 4476 4473
4126 4476 4119
4487 4139 4467
4150 4139 4487
4624 4630 4480
4480 4923 4624
4629 4165 4632
4614 4620 4869
4869 4857 4614
4141 4633 4144
4612 4963 4106
4111 4612 4106
4623 4612 4111
4613 4140 4624
4500 4150 4487
4620 4614 4125
4125 4131 4620
4316 4142 4485
4639 4648 4281
4278 4639 4281
4629 4739 4147
4636 4282 4331
4696 4636 4331
4630 4624 4140
4633 4141 4464
4739 4632 4481
4150 4500 4153
4620 4136 4486
4486 4869 4620
4629 4632 4739
4634 4630 4140
4623 4628 4902
4902 4981 4623
4476 4138 4482
4126 4138 4476
4490 4316 4485
4627 4316 4490
4136 4620 4131
4628 4623 4111
4153 4500 4506
4179 4129 4475
4482 4138 4901
4136 4145 4486
4495 4627 4490
4158 4153 4506
4144 4633 4478
4638 4496 4161
4161 4155 4638
4159 4627 4495
4158 4506 4164
4149 4144 4478
4595 4925 4120
4145 4151 4486
4155 4644 4484
4638 4155 4484
4488 4638 4484
4168 4644 4155
4179 4475 4489
4477 4171 4514
4135 4171 4477
4151 4166 4998
4998 4486 4151
4503 4159 4495
4106 4595 4120
4963 4595 4106
4514 4174 4528
4171 4174 4514
4162 4148 4507
4501 4162 4507
4281 4648 4360
4264 4285 4462
4462 4459 4264
4506 4524 4631
4166 4635 4497
4998 4166 4497
4148 4152 4512
4512 4507 4148
4496 4638 4488
4184 4179 4489
4489 4493 4184
4163 4157 4483
4483 4494 4163
4639 4645 4648
4167 4159 4503
4528 4631 4524
4321 4631 4528
4393 4120 4925
4925 4931 4393
4190 4184 4493
4493 4498 4190
4497 4637 4504
4502 4163 4494
4138 4156 4901
4506 4631 4187
4641 4393 4931
4169 4163 4502
4176 4175 4508
4285 4649 4462
4501 4901 4156
4630 4176 4508
4480 4630 4508
4156 4162 4501
4516 4169 4502
4931 4597 4641
4515 4167 4503
4173 4167 4515
4187 4164 4506
4635 4637 4497
4198 4190 4498
4498 4651 4198
4181 4169 4516
4161 4496 4508
4175 4161 4508
4653 4648 4645
4287 4649 4285
4518 4173 4515
4640 4173 4518
4393 4641 4396
4634 4176 4630
4152 3731 4521
4521 4512 4152
4174 4321 4528
4360 4648 4655
4483 4149 4478
4157 4149 4483
3731 4178 4526
4526 4521 3731
4637 4455 4510
4504 4637 4510
4185 4640 4518
4518 4914 4185
4909 4647 4599
4195 4643 4192
4133 4619 4196
4530 4526 4178
4186 4181 4516
4185 4180 4640
4649 4288 4469
4188 4642 3752
4648 4653 4655
4287 4288 4649
4510 4202 4523
4455 4202 4510
4647 4658 4600
4599 4647 4600
4665 4658 4647
4643 4195 4661
4657 4668 4228
4525 4186 4516
4191 4186 4525
3752 4642 4530
4178 3752 4530
4288 3902 4887
4887 4469 4288
4669 4658 4665
4189 4185 4914
4534 4189 4914
4668 4673 4232
4232 4228 4668
4192 4643 4207
4334 4661 4195
4529 4191 4525
4197 4191 4529
4674 4600 4658
4201 4345 4540
4214 4347 4519
4657 4214 4519
4762 4657 4519
4658 4669 4678
4678 4674 4658
4642 4541 4530
4545 4201 4540
4643 4661 4650
4643 4650 4215
4207 4643 4215
4887 3935 4499
4200 4197 4529
4529 4535 4200
4762 4668 4657
4669 4672 4682
4663 4653 4491
4655 4653 4663
4661 4334 4667
4541 4199 4203
4215 4644 4168
4665 4672 4669
4642 4199 4541
4205 4200 4535
3902 3935 4887
4210 3890 4553
5004 4663 4491
4523 4206 4533
4202 4206 4523
4553 4549 4210
4644 4215 4650
4682 4672 4146
4615 4682 4146
4650 4661 4957
4553 4216 4556
3890 4216 4553
4206 4213 4533
4246 4693 4165
4669 4682 4621
4646 4205 4535
4667 4680 4957
4468 4610 4465
4283 4663 4284
3935 3939 4499
4661 4667 4957
4545 4562 4222
4655 4663 4283
4209 4205 4646
4621 4678 4669
4533 4220 4536
4213 4220 4533
4232 4685 4254
4673 4685 4232
4226 4222 4562
4562 4568 4226
4334 4211 4667
4682 4615 4621
4663 4677 4286
4284 4663 4286
5004 4677 4663
4688 4693 4246
4246 4257 4688
4680 4667 4211
4499 3940 4505
4233 4226 4568
3939 3940 4499
4212 4218 4565
4565 4557 4212
4231 4189 4534
4571 4233 4568
4674 4678 4689
4689 4687 4674
4254 4685 4539
4688 4254 4539
4257 4254 4688
4209 4646 4548
4219 4209 4548
4218 4225 4567
4567 4565 4218
4509 4677 5004
4290 4505 3940
4690 4632 4165
4534 4550 4231
4652 4219 4548
4224 4219 4652
4567 4656 4572
4225 4656 4567
4108 4664 4112
4294 4252 4517
4517 4513 4294
4691 4689 4694
4687 4689 4691
4221 4680 4211
4693 4690 4165
4677 4686 4289
4572 4656 4898
4689 4621 4636
4678 4621 4689
4286 4677 4289
4509 4686 4677
4522 4294 4513
4243 4231 4550
4550 4654 4243
4660 4233 4571
4958 4660 4571
4238 4233 4660
4632 4690 4547
4481 4632 4547
4296 4297 5178
4680 4221 4903
4956 4666 4578
4527 4686 4509
4249 4243 4654
4235 4652 4563
4224 4652 4235
4898 4240 4588
4656 4240 4898
4290 4296 5178
4671 4660 4958
4670 4664 4108
4679 4664 4670
4690 4693 4926
4221 4683 4542
4903 4221 4542
4926 4547 4690
4694 4636 4696
4958 4581 4671
4689 4636 4694
4670 4675 4681
4681 4679 4670
4693 4688 4564
4239 4235 4563
4659 4239 4563
4570 4659 4563
4683 4899 4542
4578 4671 4581
4241 4671 4578
4666 4241 4578
4369 4671 4241
4558 4688 4539
4564 4688 4558
4899 4683 4237
4240 4244 4588
4698 4641 4597
4676 4238 4660
4564 4926 4693
4588 4250 4590
4244 4250 4588
4196 4619 4552
4242 4196 4552
4910 4242 4552
4248 4659 4570
4249 4654 4569
4263 4249 4569
4676 4671 4261
4660 4671 4676
4590 4253 4909
4250 4253 4590
4291 4686 4527
4531 4291 4527
4289 4686 4291
4641 4699 4396
4698 4699 4641
4247 4242 4910
4910 4559 4247
4517 4248 4570
4252 4248 4517
4256 4671 4369
4261 4671 4256
4569 4573 4263
4566 4247 4559
4291 4531 4292
5016 4699 4698
4702 4699 5016
4253 4647 4909
4665 4647 4253
4220 4259 4576
4576 4536 4220
4267 4263 4573
4573 4580 4267
4259 4266 4576
4258 4566 4921
4274 4267 4580
4292 4531 4894
4105 4292 4894
4575 4258 4921
4262 4258 4575
4146 4672 4366
4691 4704 5011
4576 4266 4585
4556 4216 4684
4681 4675 4109
4121 4681 4109
4701 4681 4121
4538 4695 4544
4583 4274 4580
4662 4274 4583
4277 4274 4662
4585 4269 4592
4266 4269 4585
4692 4262 4575
4270 4262 4692
4707 4702 5016
5011 4707 5016
4704 4707 5011
4684 4273 4589
4271 4273 4684
4617 4105 4894
4894 4546 4617
4271 4684 4216
4707 4704 4193
4592 4611 4460
4460 4959 4592
4396 4699 4404
4552 4619 4470
4124 4617 4546
4544 4124 4546
4273 4666 4956
4279 4277 4662
4695 4124 4544
4589 4273 4956
4269 4107 4592
4664 4706 4130
4702 4710 4170
4404 4702 4170
4112 4664 4130
4699 4702 4404
4662 4593 4279
4137 4134 4130
4104 4279 4593
4593 5022 4104
4702 4707 4182
4710 4702 4182
4137 4130 4706
4893 4137 4706
4295 4697 4561
4554 4295 4561
4193 4182 4707
4142 4692 4485
4270 4692 4142
4554 4913 4700
4664 4679 4900
4471 4664 4900
4706 4664 4471
4703 4700 4913
4704 4694 4713
4900 4681 4908
4679 4681 4900
4691 4694 4704
4899 4237 4591
4554 4700 4293
4295 4554 4293
4591 4609 4594
4113 4609 4591
4137 4492 4143
4713 4193 4704
4594 4609 4461
4492 4137 4893
4705 4695 4538
4697 4705 4538
4713 4694 4696
4323 4143 4492
4705 4697 4295
4160 4154 4323
4628 4714 4601
4601 4902 4628
4708 4703 4577
4160 4716 4172
4714 4715 4602
4602 4601 4714
4700 4703 4708
4520 4323 4492
4715 4717 4602
4160 4323 4520
4709 4708 4577
4711 4709 4577
4952 4711 4577
4717 4715 4229
4962 4711 4952
4716 4160 4520
4603 4234 4604
4717 4234 4603
4229 4234 4717
4711 4712 4298
4709 4711 4298
4681 4701 4718
4718 4908 4681
4712 4622 4128
4128 4298 4712
4701 4177 4718
4604 4719 4605
4234 4719 4604
4970 4711 4962
4712 4711 4970
4718 4720 4532
4908 4718 4532
4980 4712 4970
4622 4712 4980
4720 4718 4177
4177 4183 4720
4605 4719 4606
4537 4532 4720
4606 4255 4607
4194 4720 4183
4537 4720 4194
4607 4264 4459
4255 4264 4607
4537 4194 4543
4543 4204 4551
4194 4204 4543
4208 4723 4555
4204 4208 4555
4551 4204 4555
4560 4723 4217
4979 4723 4560
4555 4723 4979
4560 4721 4574
4217 4721 4560
4574 4721 4579
4721 4217 4223
4721 4227 4579
4223 4227 4721
4227 4230 4582
4582 4579 4227
4230 4236 4586
4586 4582 4230
4716 4969 4245
4245 4172 4716
4479 4251 4722
4268 4722 4251
4596 4245 4969
4260 4245 4596
4598 4260 4596
4265 4260 4598
4722 4272 4982
4268 4272 4722
4982 4265 4598
4272 4265 4982
4457 4586 4236
4456 4733 4727
4726 4731 4724
4096 4732 4725
4727 4096 4725
4733 4096 4727
3955 4096 4733
4511 4734 4651
4651 4734 4198
4198 4734 3937
3937 4734 3942
3942 4734 4347
4347 4734 4519
4519 4734 4511
4608 4735 4726
4726 4735 4098
4098 4735 4345
4345 4735 4540
4540 4735 4608
4729 4097 4730
4096 4097 4729
4732 4096 4729
4098 4731 4726
4099 4731 4098
3727 4736 4097
4097 4736 4730
4724 4731 4728
4549 4737 4210
4210 4737 3885
3885 4737 4099
4099 4737 4731
4731 4737 4728
4728 4737 4549
4639 4738 4739
4739 4738 4147
4147 4738 4317
4317 4738 4276
4276 4738 4616
4616 4738 4639
4639 4739 4645
4645 4739 4481
4830 4969 4825
4596 4969 4830
4895 4899 4748
4748 4742 4895
4744 4456 4740
4463 4456 4744
4892 4897 4849
4834 4596 4830
4525 4859 4745
4529 4525 4745
4751 4495 4846
4503 4495 4751
4907 4503 4751
4891 4896 4746
4746 4741 4891
4749 4529 4745
4903 4542 4895
4966 4974 4550
4550 4534 4966
4767 4463 4744
4467 4463 4767
4849 4905 4853
4897 4905 4849
4902 4905 4897
4896 4901 4752
4752 4746 4896
4899 4895 4542
4550 4978 4654
4974 4978 4550
5240 4474 4757
4535 4529 4749
4736 4474 5240
4749 4766 4535
5150 4938 4747
4757 4477 4760
4474 4477 4757
4891 4906 4473
4753 4938 5150
4974 4966 4743
4985 4974 4743
4905 4902 4601
4559 4917 4566
4759 4985 4743
4602 4905 4601
4476 4891 4473
4853 4905 4602
4921 4566 4917
4503 4907 4515
4753 4754 4913
4487 4467 4767
4985 4978 4974
4482 4891 4476
4896 4891 4482
4774 4487 4767
4500 4487 4774
4901 4896 4482
4915 4913 4754
4754 5161 4915
4774 5151 4500
4457 4986 4586
4991 4986 4457
4515 4911 4518
4907 4911 4515
4602 4717 4867
4861 4602 4867
4853 4602 4861
4857 4991 4457
4506 4500 5151
4911 4907 4771
4752 4901 4756
4763 4915 5161
4867 4603 4871
4717 4603 4867
4911 4914 4518
4789 4528 4797
4646 4535 4766
4769 4915 4763
4978 4990 4654
5184 4911 4771
4925 4920 4755
4871 4604 4874
4985 4990 4978
4603 4604 4871
4927 4915 4769
4552 4470 5044
4914 4911 5184
4646 4776 4548
4931 4925 4755
4761 4552 5044
4910 4552 4761
4990 4985 4759
4756 4501 4758
4901 4501 4756
4652 4548 4776
4760 4514 5084
4477 4514 4760
4936 4931 4755
4604 4605 4875
4875 4874 4604
4559 4910 4761
4761 4765 4559
4991 4857 4862
4990 4992 4569
4569 4654 4990
4758 4507 4764
4501 4507 4758
5155 4940 5149
4944 4940 5155
4747 4934 4775
4784 4652 4776
4938 4934 4747
4857 4869 4862
4992 4990 4759
4507 4512 4768
4768 4764 4507
4514 4528 4789
5084 4514 4789
4563 4652 4784
4784 4791 4563
5157 4944 5155
4947 4944 5157
4772 4559 4765
4917 4559 4772
4919 4914 5184
4796 4563 4791
4570 4563 4796
4938 4753 4554
4534 4914 4919
4921 4917 4772
5180 4869 4486
4940 4944 4955
4955 4951 4940
4524 4506 5151
4768 4521 4773
4512 4521 4768
4804 4570 4796
5180 4998 4878
4955 4947 4587
4944 4947 4955
4934 4938 4561
4942 4934 4561
4697 4942 4561
4875 4606 4876
4605 4606 4875
4992 4995 4573
4573 4569 4992
4797 4528 4524
4773 4526 4778
4521 4526 4773
4963 4947 5157
5157 4780 4963
4772 4782 4921
4876 4607 4879
4606 4607 4876
4561 4938 4554
4608 4935 4792
4801 4608 4792
4778 4530 5183
4526 4530 4778
4726 4935 4608
4770 4992 4759
4995 4992 4770
4575 4921 4782
4486 4998 5180
4913 4554 4753
4570 4804 4809
4517 4570 4809
4806 4540 4801
4995 5002 4580
4580 4573 4995
4607 4459 4880
4880 4879 4607
4595 4963 4780
4998 5008 4878
4913 4915 4703
4540 4608 4801
4788 4575 4782
4692 4575 4788
4995 4770 5005
5005 5002 4995
4819 4918 4814
4538 4942 4697
4806 4812 4540
4947 4963 4584
4587 4947 4584
4814 4923 4826
4530 4929 5183
4918 4923 4814
4998 4497 5008
4545 4540 4812
4812 4817 4545
4826 4923 4831
4459 4462 4882
4882 4880 4459
4951 4955 4976
4485 4692 4788
4497 4504 5008
4549 4553 4841
4844 4465 4838
4468 4465 4844
4976 4972 4951
4882 4649 4884
4462 4649 4882
4577 4703 4915
5002 4583 4580
4924 4585 5219
4553 4556 4841
4976 4587 4981
4955 4587 4976
4465 4918 4819
4838 4465 4819
4530 4541 4929
5002 5005 5012
5012 4583 5002
4927 4952 4577
4972 4976 4897
4924 4821 4536
4881 5018 4883
4897 4892 4972
4562 4545 4817
4817 4850 4562
5044 4468 4844
4470 4468 5044
4541 4203 4798
4884 4469 4886
4649 4469 4884
4881 5008 4504
4504 4510 4881
4748 4950 5193
4536 4576 4924
4929 4541 4798
4899 4950 4748
5018 4881 4510
4510 4523 5018
4591 4950 4899
5012 5014 4583
4469 4887 4886
4585 4924 4576
5193 4950 4811
5113 4562 4850
4948 4562 5113
5014 5017 4662
4662 4583 5014
4568 4562 4948
4976 4981 4902
4902 4897 4976
4883 5018 4885
4811 4594 4818
4591 4594 4811
4950 4591 4811
4858 4948 5113
5219 4585 4836
4831 4480 4851
4923 4480 4831
4915 4927 4577
4864 4956 4868
4836 4953 4842
4594 4461 4827
4827 4818 4594
4662 5020 4593
5017 5020 4662
4484 4933 4488
4461 4458 4833
4780 4920 4595
4833 4827 4461
4939 4290 5178
4836 4585 4953
5005 5227 5012
4523 4533 5018
4925 4595 4920
4458 4618 4839
4839 4833 4458
4937 4933 4484
4781 4952 4927
4873 4948 4858
4571 4948 4873
4958 4571 4873
4568 4948 4571
4490 4485 4788
4940 4781 5149
5014 5012 5227
4644 4937 4484
4650 4937 4644
4887 4499 5111
4788 4846 4490
4203 4946 4798
4953 4585 4592
5017 5014 4793
4488 4941 4496
4933 4941 4488
4931 4936 4597
4952 4781 4962
5018 4821 4885
4495 4490 4846
4946 4203 4557
4941 4937 4945
4933 4937 4941
5226 4906 4872
5020 5017 4793
4793 5229 5020
5111 4499 4888
4781 4940 4951
4951 4962 4781
4581 4958 4873
4873 5224 4581
4480 4508 4856
4856 4851 4480
4909 4599 4785
4953 4959 4842
5020 5022 4593
4821 5018 4533
4533 4536 4821
4860 4856 4508
4505 4939 4888
4499 4505 4888
4565 4946 4557
4823 4946 4565
4578 4581 5224
4868 4578 5224
4956 4578 4868
4919 4966 4534
4959 4953 4592
4290 4939 4505
4970 4951 4972
4962 4951 4970
5022 5020 5229
4993 5196 5205
4860 4941 4865
4496 4941 4860
4508 4496 4860
4842 4965 4866
4823 4567 4832
4565 4567 4823
4959 4965 4842
4865 4945 4870
4941 4945 4865
4599 4993 5205
4513 4517 4809
4809 4890 4513
4980 4972 4892
4970 4972 4980
5024 5022 5229
4567 4572 4832
4965 4959 4460
4803 4996 4810
4889 4513 4890
4297 4513 4889
4522 4513 4297
4572 4898 4837
4832 4572 4837
4936 4810 4999
5024 5026 4472
4472 5022 5024
4980 4794 4626
4650 4957 4960
4965 4975 4866
4960 4937 4650
4684 4589 4877
4877 5218 4684
5026 5024 4813
4813 4820 5026
5178 4297 4889
4957 4680 4960
4996 4999 4810
5003 4999 4996
4466 4965 4460
4975 4965 4466
4794 4980 4892
4472 5029 4475
5026 5029 4472
4837 4588 4845
4556 4684 5218
5218 4841 4556
4898 4588 4837
4975 4906 5226
4866 4975 5226
4473 4906 4975
5006 4996 4803
5196 5006 4803
5231 5026 4820
5029 5026 5231
4937 4960 4968
4968 4945 4937
4589 4956 4864
4877 4589 4864
4588 4590 4845
4802 4626 4794
4464 4626 4802
4473 4975 4466
5006 4993 5009
5196 4993 5006
4968 4960 4680
4903 4968 4680
4590 4909 4855
4855 4845 4590
5003 5006 5011
4996 5006 5003
4906 4891 4872
4829 5029 5231
4475 5029 4829
4651 4498 5144
4816 4464 4808
4633 4464 4816
4872 4891 4741
4870 4968 4742
4945 4968 4870
4855 4909 4785
5011 5009 4691
5006 5009 5011
4489 4475 4829
4829 4840 4489
5048 4651 5144
4511 4651 5048
4478 4633 4824
4968 4895 4742
4903 4895 4968
4816 4824 4633
4993 4599 4600
4600 4674 4993
4493 4489 4840
4808 4464 4802
5055 4511 5048
5009 4993 4674
4674 4687 5009
4904 4893 4706
4471 4904 4706
4900 4904 4471
5144 4498 4493
4691 5009 4687
4519 4511 5055
4843 4483 4835
4494 4483 4843
4904 4900 4908
4597 4999 4698
4936 4999 4597
4893 4912 4492
4847 4494 4843
4502 4494 4847
5003 5016 4698
4999 5003 4698
4852 4502 4847
4516 4502 4852
4519 5055 4762
4835 4478 4824
4483 4478 4835
4912 4904 4922
4893 4904 4912
5016 5003 5011
4904 4908 4928
4928 4922 4904
4762 5164 4668
5000 4516 4852
4859 5000 4852
4750 4912 4922
4779 4668 5164
4673 4668 4779
5000 4859 4525
4525 4516 5000
4928 4932 4750
4922 4928 4750
4539 4916 4558
4492 4943 4520
4943 4492 4912
5156 4943 4912
4930 4926 4564
4558 4930 4564
4916 4930 4558
4777 4943 5156
4685 4673 4779
4779 4783 4685
4539 4685 4783
4787 4539 4783
4943 4949 4520
4949 4943 4777
4916 4539 4787
4787 5187 4916
4949 4863 4716
4716 4520 4949
4930 4916 5187
4800 4930 5187
4928 4908 4532
4532 4537 4928
4964 4928 4537
4932 4928 4964
4543 4964 4537
4547 4954 4481
4961 4954 4547
4961 4547 4967
4964 4971 4786
4932 4964 4786
4971 4964 4543
4543 4551 4971
4954 4961 4973
4973 4645 4954
4786 4971 4790
4973 4967 4977
4961 4967 4973
4790 4551 4795
4971 4551 4790
4967 4926 4983
4547 4926 4967
4983 4930 4984
4926 4930 4983
4555 4979 4799
4795 4555 4799
4551 4555 4795
4977 4983 4987
4967 4983 4977
4979 4560 4805
4799 4979 4805
4987 4984 4989
4983 4984 4987
4973 4994 4491
4653 4973 4491
4645 4973 4653
4560 4574 4807
4805 4560 4807
4973 4977 4994
4807 4574 4815
4815 4988 4822
4574 4988 4815
4579 4988 4574
4977 4987 4997
4997 4994 4977
4988 4986 4822
4987 4989 5001
5001 4997 4987
4582 4988 4579
4586 4988 4582
4986 4988 4586
4994 4997 5004
4491 4994 5004
4997 5001 5007
5007 5004 4997
4479 4722 5209
4848 5209 4722
4984 4800 5010
4930 4800 4984
4989 5010 5013
4984 5010 4989
4848 4982 4854
4722 4982 4848
4989 5013 5015
5015 5001 4989
4598 4596 4834
4982 4598 4834
4854 4982 4834
4969 4716 4863
5001 5015 5019
5019 5007 5001
4825 4969 4863
5007 5021 4509
5004 5007 4509
4509 5021 4527
5007 5019 5023
5023 5021 5007
5019 5015 5025
5025 5023 5019
5021 5027 4527
5023 5027 5021
5023 5025 5028
5028 5027 5023
5025 5015 4828
5030 5025 4828
4775 5030 4828
4934 5030 4775
5025 5030 5031
5031 5028 5025
5031 4934 4942
5030 4934 5031
4527 5027 4531
5027 5028 4894
4531 5027 4894
5028 5031 4546
4546 4894 5028
5031 4942 4538
4544 5031 4538
4546 5031 4544
5033 5140 5037
5039 4740 5034
4849 5139 4892
4744 4740 5039
4825 5143 4830
5038 5142 5369
5150 5142 5038
5141 5179 5652
4742 4748 5140
4751 5152 4907
5145 5152 4751
4846 5145 4751
5143 4825 5041
5041 5047 5143
5384 5150 5038
5042 4744 5039
4767 4744 5042
5139 4849 5154
5154 5148 5139
5032 5035 5144
4741 4746 5146
5154 4849 4853
5267 4767 5042
5051 5143 5047
5048 5144 5035
5035 5269 5048
4830 5143 5051
5179 5141 5155
5142 5150 4747
4775 5142 4747
4834 4830 5051
5054 4757 5279
5240 4757 5054
5148 5154 5251
5155 5149 5179
5159 5156 4912
4750 5159 4912
4761 5044 5355
5155 5391 5157
5141 5391 5155
5118 5152 5145
5146 5158 5043
4757 4760 5058
5058 5279 4757
4932 5159 4750
5162 5159 4932
5052 4761 5355
4765 4761 5052
5147 4765 5052
4754 5150 5384
4752 5146 4746
5158 5146 4752
5156 5159 5165
5251 4861 5040
5154 4861 5251
4853 4861 5154
5152 5118 5163
5159 5162 5168
5168 5165 5159
4991 5153 4986
5062 5153 4991
5161 4754 5272
4765 5060 4772
5147 5060 4765
4774 4767 5267
5595 4774 5267
5363 4774 5595
4754 4753 5150
5040 4867 5049
4861 4867 5040
5156 5172 4777
5391 5166 5157
5043 5158 5046
5060 5067 4772
4867 4871 5049
5152 5169 4907
4991 4862 5064
5062 4991 5064
5411 5161 5272
5151 4774 5363
5049 4874 5053
4871 4874 5049
4756 5158 4752
4777 5176 4949
5172 5176 4777
5067 5167 4782
4782 4772 5067
4763 5161 5411
5172 5165 5181
5156 5165 5172
4758 5158 4756
5306 5151 5363
5046 5158 4758
4874 5160 5053
4875 5160 4874
4771 4907 5169
5165 5168 5123
5181 5165 5123
5152 5163 5173
5173 5169 5152
4764 5046 4758
5375 4797 5306
4789 4797 5375
5067 5071 5167
5124 5172 5181
5176 5172 5124
4760 5084 5058
5064 5087 5388
4764 4768 5061
5160 4876 5431
4875 4876 5160
4782 5171 4788
5084 4789 5375
5170 5166 5406
5167 5171 4782
5436 4769 4763
5179 4769 5436
4876 4879 5066
5164 5304 4779
5057 5173 5045
5066 5431 4876
5652 5179 5436
5151 5306 4524
4862 5087 5064
4786 5162 4932
4773 5061 4768
5174 5061 4773
4524 5306 4797
5171 5167 5071
5175 5171 5071
4879 4880 5070
5174 5177 5063
5063 5061 5174
5184 4771 5169
5074 4779 5304
4783 4779 5074
5168 5162 4786
4790 5168 4786
5070 5066 4879
5093 4814 5090
4778 5174 4773
5177 5174 4778
5188 5168 4790
4769 5179 4927
5166 5170 4920
4920 4780 5166
4819 4814 5093
5177 5183 5068
5068 5063 5177
5078 4783 5074
4787 4783 5078
5188 4795 5125
4790 4795 5188
5169 5173 5189
5189 5184 5169
5070 4882 5076
5183 5177 4778
4862 4869 5087
4880 4882 5070
5470 5175 5071
4755 4920 5170
5125 4799 5127
4795 4799 5125
5057 5189 5173
5180 5087 4869
5187 4787 5078
5078 5082 5187
5090 4826 5392
5076 4884 5081
4882 4884 5076
4927 5179 4781
5183 4929 5073
5068 5183 5073
4814 4826 5090
4799 5131 5127
4805 5131 4799
5059 4755 5170
5392 4831 5102
4826 4831 5392
5412 5175 5470
5081 4886 5454
4884 4886 5081
5189 5198 4919
5168 5188 5129
5129 5123 5168
5190 5187 5082
5087 5180 5089
4844 4838 5106
5106 5399 4844
4936 4755 5059
5129 5188 5125
5179 5149 4781
5037 5192 5091
5140 5192 5037
5184 5189 4919
5106 4819 5093
4800 5187 5190
4886 4887 5457
5457 5454 4886
4838 4819 5106
5057 5198 5189
4807 5131 4805
5192 5140 4748
4892 5139 4794
5193 5192 4748
5044 4844 5399
5197 5089 5180
4878 5197 5180
5091 5192 5095
5102 4851 5116
4831 4851 5102
5139 4802 4794
4800 5195 5010
5190 5195 4800
5192 5193 5099
5099 5095 5192
4807 5202 5132
5131 4807 5132
4851 4856 5116
5195 5199 5013
5013 5010 5195
4815 5202 4807
4856 4860 5117
5117 5116 4856
4929 4798 5086
5086 5073 4929
5148 4802 5139
4822 5202 4815
4888 4939 5465
5099 4811 5104
5193 4811 5099
5462 4888 5465
5157 5166 4780
4808 5317 4816
5153 5132 5202
5190 5097 5195
5465 5178 5464
4860 4865 5119
5119 5117 4860
4818 5200 5104
4811 4818 5104
4986 5202 4822
5153 5202 4986
5448 5108 4824
4865 4870 5122
5122 5119 4865
4827 5200 4818
5204 5195 5097
5199 5195 5204
4939 5178 5465
5133 5213 5414
5209 5213 5133
5369 5204 5097
4816 5317 5448
4824 4816 5448
5015 5013 5199
4887 5111 5457
5197 5208 5109
4801 4792 5072
4742 5140 5033
4870 4742 5033
5122 4870 5033
4827 4833 5705
5200 4827 5705
5069 5196 5212
5208 5197 4878
4878 5008 5208
4808 4802 5083
5317 4808 5083
5213 4848 5414
5209 4848 5213
5199 5204 5214
5214 5015 5199
5111 4888 5462
4833 4839 5699
5699 5705 4833
4848 4854 5134
5134 5414 4848
4745 5182 4749
4802 5148 5083
5203 5205 5069
5142 5204 5369
5214 5204 5142
4881 5208 5008
5134 4834 5051
4806 5080 4812
5171 4846 4788
4854 4834 5134
4745 4859 5036
5370 4745 5036
5182 4745 5370
5109 5211 5432
5208 5211 5109
4817 4812 5080
5080 5085 4817
5214 4775 4828
5015 5214 4828
5205 5203 4785
4785 4599 5205
5171 5175 5145
5145 4846 5171
4889 5186 5464
4883 5208 4881
5211 5208 4883
5182 5185 4766
4766 4749 5182
5214 5142 4775
5088 4841 5092
5215 4841 5088
4549 4841 5215
4863 5176 5135
5136 4863 5135
4949 5176 4863
4843 4835 5108
5094 4843 5108
5185 5182 5370
5186 4809 5418
5196 5069 5205
4890 4809 5186
5100 4843 5094
4847 4843 5100
5118 5145 5175
5041 4863 5136
4825 4863 5041
4890 5186 4889
5135 5176 5124
5103 4847 5100
4852 4847 5103
5118 5175 5412
4766 5185 5050
5217 5211 4883
4841 5218 5096
5092 4841 5096
5212 4936 5077
5178 4889 5464
4646 4766 5050
5050 5056 4646
5709 5215 5088
4835 4824 5108
5211 5217 5449
4743 4966 5198
4850 4817 5085
5085 5466 4850
5212 5196 4803
4810 5212 4803
5198 5057 5207
4885 5217 4883
5113 4850 5466
4936 5212 4810
5112 4852 5103
4859 4852 5112
5191 4646 5056
4776 4646 5191
5449 5220 5206
5217 5220 5449
5112 5036 4859
5221 5113 5328
4858 5113 5221
5220 5217 4885
4743 5210 4759
5207 5210 4743
5198 5207 4743
5121 5221 5328
5224 5221 5121
4821 5220 4885
4784 5191 5194
4776 5191 4784
5207 5057 5359
5359 5371 5207
4868 5224 5121
4864 4868 5121
5222 4864 5121
5243 5222 5121
5210 5207 5371
5371 5383 5210
4858 5221 4873
4966 4919 5198
4784 5194 4791
5221 5224 4873
5107 5210 5383
4759 5210 5107
4791 5194 5065
4796 4791 5065
5407 4796 5065
5075 4796 5407
4804 4796 5075
5075 5079 4804
5096 5222 5243
5218 5222 5096
4877 5222 5218
4809 4804 5079
5079 5418 4809
4864 5222 4877
4759 5107 5223
5098 5216 5101
5223 5107 5114
5105 5101 5216
5098 5220 5219
5206 5220 5098
4924 5220 4821
5219 5220 4924
5223 5225 4770
4759 5223 4770
5225 5223 5114
5005 4770 5225
4836 5098 5219
5216 5098 4836
5114 5420 5225
4842 5216 4836
5105 4866 5357
5216 4866 5105
5227 5005 5225
5227 5225 5420
5357 5226 5372
4866 5226 5357
5086 4946 5246
4798 4946 5086
5420 5427 5227
4823 5246 4946
4872 5120 5372
5226 4872 5372
5227 5228 4793
4793 5014 5227
4823 4832 5253
4866 5216 4842
5228 5227 5427
5427 5434 5228
5229 4793 5228
5229 5228 5434
5201 4832 4837
5024 5229 5434
5120 5146 5043
4741 5120 4872
5146 5120 4741
4845 5201 4837
5110 5201 4845
5024 5230 4813
5434 5230 5024
5230 5231 4820
4820 4813 5230
4855 5367 5115
4845 4855 5115
5231 5230 5126
5203 5367 4855
4855 4785 5203
5128 5231 5126
4829 5231 5128
5130 4829 5128
4840 4829 5130
5032 4840 5130
4493 4840 5032
5144 4493 5032
4725 4732 5232
5232 5138 4725
5133 5237 5209
5209 5237 4479
4479 5237 4618
4618 5237 4839
4839 5237 5699
5699 5237 5133
5137 5238 5138
5138 5238 4727
4727 5238 4456
4456 5238 4740
4740 5238 5034
5034 5238 5137
4954 4645 4481
4727 4725 5138
5232 4729 5234
4732 4729 5232
4935 5239 4792
4792 5239 5072
5234 4730 5236
4729 4730 5234
5239 4724 5233
4935 4724 5239
4726 4724 4935
4736 5240 4730
4730 5240 5236
5236 5240 5054
5233 4728 5235
4724 4728 5233
5709 5241 5215
5215 5241 4549
4549 5241 4728
4728 5241 5235
5235 5241 5709
5137 5138 5254
5254 5244 5137
5356 5352 5153
5153 5062 5356
5353 5245 5097
5097 5190 5353
5103 5354 5112
5359 5057 5271
5034 5137 5244
5244 5249 5034
5148 5251 5591
5130 5128 5247
5247 5250 5130
5112 5362 5036
5354 5362 5112
5355 5360 5368
5366 5356 5062
5257 5358 5255
5585 5271 5629
5362 5370 5036
5032 5130 5250
5359 5271 5585
5364 5359 5585
5039 5034 5249
5249 5259 5039
5064 5366 5062
5691 5032 5250
5615 5365 5261
5370 5377 5185
5264 5039 5259
5042 5039 5264
5251 5040 5256
5097 5245 5369
5064 5374 5366
5359 5364 5378
5378 5371 5359
5267 5042 5264
5035 5032 5691
5052 5376 5147
5368 5376 5052
5355 5368 5052
5261 5123 5281
5365 5123 5261
5181 5123 5365
5380 5368 5360
5064 5388 5374
5279 5058 5285
5370 5362 5260
5364 5333 5378
5380 5385 5390
5256 5422 5495
5049 5422 5256
5040 5049 5256
5255 5365 5615
5124 5365 5255
5358 5124 5255
5181 5365 5124
5368 5380 5397
5397 5376 5368
5053 5422 5049
5055 5048 5361
5377 5370 5260
5260 5265 5377
5379 5369 5245
5248 5388 5252
5371 5378 5383
5363 5595 5299
5397 5390 5400
5380 5390 5397
5495 5422 5266
5388 5395 5252
5377 5381 5050
5050 5185 5377
5281 5129 5275
5268 5384 5379
5376 5408 5060
5060 5147 5376
5361 5048 5269
5381 5396 5056
5056 5050 5381
5275 5129 5286
5053 5160 5605
5422 5053 5605
5266 5422 5605
5302 5375 5306
5383 5389 5107
5060 5408 5067
5382 5286 5125
5125 5127 5382
5381 5377 5265
5265 5613 5381
5306 5363 5299
5336 5378 5333
5605 5431 5277
5160 5431 5605
5383 5378 5336
5393 5384 5268
4754 5384 5393
5131 5382 5127
5376 5397 5413
5413 5408 5376
5274 5381 5613
5396 5381 5274
5055 5361 5692
4762 5055 5692
5400 5413 5397
4754 5393 5272
5338 5383 5336
5389 5383 5338
5123 5129 5281
5369 5379 5038
5408 5413 5468
5285 5375 5302
5058 5375 5285
5084 5375 5058
5384 5038 5379
5293 4762 5692
5280 5396 5274
5164 4762 5293
5413 5400 5425
5425 5468 5413
5286 5129 5125
5056 5401 5191
5396 5401 5056
5390 5429 5435
5385 5429 5390
5389 5403 5114
5114 5107 5389
5395 5388 5087
5277 5066 5617
5431 5066 5277
5293 5304 5164
5272 5282 5411
5435 5433 5438
5429 5433 5435
5286 5382 5394
5401 5396 5280
5089 5395 5087
5405 5395 5089
5066 5070 5628
5290 5411 5282
5282 5677 5290
5390 5435 5442
5442 5400 5390
5280 5287 5401
5197 5405 5089
5628 5617 5066
5398 5382 5131
5394 5382 5398
5191 5401 5194
5442 5438 5447
5435 5438 5442
5339 5389 5338
5403 5389 5339
5628 5445 5305
5404 5399 5106
5093 5404 5106
5090 5404 5093
5433 5450 5453
5453 5438 5433
5411 5290 5436
5445 5081 5310
5310 5305 5445
5399 5355 5044
5065 5401 5287
5407 5065 5287
5194 5401 5065
5453 5452 5456
5450 5452 5453
5394 5352 5660
5398 5352 5394
5074 5304 5694
5399 5404 5360
5360 5355 5399
5297 5407 5287
5132 5398 5131
5081 5454 5314
5314 5310 5081
5652 5436 5290
5090 5392 5410
5410 5404 5090
5420 5114 5403
5438 5453 5459
5459 5447 5438
5074 5386 5078
5694 5386 5074
5416 5109 5284
5352 5398 5132
5132 5153 5352
5454 5457 5316
5316 5314 5454
5453 5456 5461
5461 5459 5453
5341 5403 5339
5410 5392 5102
5385 5410 5102
5109 5432 5288
5288 5284 5109
5116 5385 5102
5423 5409 5414
5417 5409 5423
5400 5442 5463
5407 5297 5075
5420 5403 5341
5416 5405 5197
5360 5410 5380
5070 5445 5628
5442 5447 5463
5404 5410 5360
5076 5445 5070
5423 5428 5417
5109 5416 5197
5411 5436 4763
5410 5385 5380
5308 5297 5648
5075 5297 5308
5079 5075 5308
5418 5079 5308
5400 5463 5425
5078 5386 5082
5081 5445 5076
5423 5414 5134
5419 5385 5116
5051 5423 5134
5428 5423 5051
5117 5419 5116
5424 5419 5117
5341 5342 5420
5385 5419 5429
5427 5420 5342
5294 5288 5432
5098 5657 5206
5135 5358 5257
5318 5135 5257
5136 5135 5318
5658 5657 5098
5447 5459 5594
5584 5447 5594
5463 5447 5584
5457 5462 5321
5321 5316 5457
5429 5424 5433
5325 5437 5318
5419 5424 5429
5432 5449 5298
5298 5294 5432
5459 5461 5263
5263 5594 5459
5448 5317 5309
5323 5448 5309
5439 5424 5117
5449 5206 5657
5657 5298 5449
5321 5462 5667
5317 5083 5686
5041 5136 5318
5437 5041 5318
5082 5353 5190
5320 5353 5082
5386 5320 5082
5408 5071 5067
5083 5148 5591
5591 5686 5083
5117 5119 5439
5345 5427 5342
5434 5427 5345
5124 5358 5135
5122 5439 5119
5446 5439 5122
5667 5465 5332
5443 5437 5325
5428 5443 5325
5417 5428 5325
5468 5071 5408
5424 5439 5450
5450 5433 5424
5101 5658 5098
5441 5658 5101
5094 5330 5100
5449 5432 5211
5462 5465 5667
5041 5443 5047
5437 5443 5041
5468 5425 5469
5450 5446 5452
5439 5446 5450
5330 5354 5103
5103 5100 5330
5346 5434 5345
5230 5434 5346
5443 5428 5051
5051 5047 5443
5033 5446 5122
5105 5441 5101
5071 5468 5470
5332 5464 5329
5465 5464 5332
5322 5458 5319
5346 5348 5230
5326 5448 5323
5108 5448 5326
5468 5469 5471
5471 5470 5468
5105 5357 5334
5334 5441 5105
5037 5446 5033
5452 5446 5037
5126 5230 5348
5348 5350 5126
5457 5111 5462
5289 5458 5322
5460 5458 5289
5352 5356 5670
5670 5660 5352
5128 5126 5350
5350 5247 5128
5094 5108 5326
5327 5094 5326
5319 5458 5636
5246 4823 5559
5356 5366 5672
5672 5670 5356
5330 5094 5327
5253 5559 4823
5335 5418 5308
5186 5418 5335
5366 5374 5248
5460 5307 5636
5248 5672 5366
5253 4832 5258
5458 5460 5636
5415 5242 5421
5412 5242 5415
5374 5388 5248
5258 5201 5262
4832 5201 5258
5464 5186 5335
5329 5464 5335
5262 5110 5270
5201 5110 5262
5415 5421 5430
5471 5412 5470
5357 5372 5334
5425 5463 5472
5472 5469 5425
5430 5163 5415
4845 5270 5110
5472 5463 5584
5276 5367 5283
5334 5372 5337
5469 5472 5278
5278 5471 5469
5163 5430 5440
5440 5045 5163
5283 5373 5639
5367 5373 5283
5472 5273 5278
5372 5120 5337
5115 5367 5276
5270 5115 5276
5173 5163 5045
5115 5270 4845
5120 5043 5337
5367 5203 5373
5471 5278 5242
5242 5412 5471
5337 5043 5340
5045 5440 5451
5043 5046 5630
5630 5340 5043
5456 5452 5037
5037 5091 5456
5387 5312 5391
5343 5630 5046
5045 5455 5057
5451 5455 5045
5543 5402 5312
5473 5460 5289
5289 5292 5473
5596 5402 5543
5046 4764 5343
4764 5061 5344
5344 5343 4764
5455 5271 5057
5402 5391 5312
5300 5095 5296
5456 5095 5300
5461 5456 5300
5091 5095 5456
5344 5061 5347
5406 5402 5596
5813 5406 5596
5061 5063 5347
5095 5473 5292
5296 5095 5292
5099 5473 5095
5652 5387 5141
5347 5068 5349
5063 5068 5347
5474 5460 5473
5307 5460 5474
5349 5073 5351
5068 5073 5349
5391 5141 5387
5291 5072 5525
4801 5072 5291
5391 5402 5166
5474 5475 5646
5307 5474 5646
5406 5166 5402
4806 4801 5291
5291 5295 4806
5474 5473 5099
5099 5104 5474
5569 5406 5813
5080 4806 5295
5295 5301 5080
5200 5474 5104
5475 5474 5200
5555 5073 5086
5085 5080 5301
5301 5303 5085
5263 5461 5300
5246 5555 5086
5088 5092 5313
5313 5311 5088
5315 5096 5243
5412 5415 5118
5092 5096 5315
5315 5313 5092
5077 5059 5426
5709 5088 5311
5415 5163 5118
5406 5569 5170
5569 5059 5170
5324 5085 5303
5466 5085 5324
5661 5466 5324
5059 5077 4936
5328 5466 5661
5113 5466 5328
5426 5639 5444
5373 5444 5639
5069 5444 5373
5121 5328 5331
5467 5121 5331
5077 5444 5212
5426 5444 5077
5121 5467 5243
5212 5444 5069
5069 5373 5203
5242 5590 5421
5674 5571 5282
5244 5254 5476
5476 5482 5244
5586 5593 5354
5551 5556 5247
5820 5600 5477
5421 5590 5430
5677 5282 5571
5571 5857 5677
5486 5244 5482
5249 5244 5486
5585 5597 5364
5592 5597 5585
5590 5599 5831
5242 5599 5590
5593 5586 5874
5874 5878 5593
5600 5604 5484
5484 5477 5600
5250 5247 5556
5476 5254 5491
5484 5604 5489
5593 5598 5362
5597 5592 5483
5831 5599 5478
5362 5354 5593
5601 5589 5334
5353 5679 5245
5497 5612 5820
5594 5602 5584
5598 5593 5878
5878 5879 5598
5334 5337 5601
5364 5597 5488
5333 5364 5488
5498 5333 5488
5259 5249 5486
5602 5263 5606
5594 5263 5602
5588 5259 5486
5488 5597 5483
5245 5575 5379
5679 5575 5245
5598 5603 5260
5260 5362 5598
5612 5600 5820
5615 5600 5612
5561 5250 5556
5601 5337 5499
5259 5588 5264
5494 5598 5879
5336 5333 5498
5603 5598 5494
5612 5497 5620
5620 5626 5612
5430 5609 5440
5590 5609 5430
5575 5268 5379
5260 5608 5265
5603 5608 5260
5507 5336 5498
5338 5336 5507
5691 5250 5561
5561 5562 5691
5609 5611 5440
5255 5626 5257
5612 5626 5255
5608 5603 5494
5494 5883 5608
5472 5602 5619
5584 5602 5472
5264 5588 5500
5615 5612 5255
5691 5564 5035
5493 5590 5831
5609 5590 5493
5619 5606 5625
5602 5606 5619
5268 5681 5393
5506 5264 5500
5608 5613 5265
5339 5338 5507
5595 5264 5506
5267 5264 5595
5622 5499 5337
5564 5691 5562
5273 5619 5643
5496 5609 5493
5611 5609 5496
5507 5511 5339
5604 5600 5615
5261 5604 5615
5835 5595 5506
5272 5393 5681
5472 5619 5273
5503 5608 5883
5613 5608 5503
5341 5339 5511
5511 5515 5341
5564 5832 5269
5269 5035 5564
5611 5618 5451
5451 5440 5611
5643 5625 5518
5619 5625 5643
5054 5279 5520
5337 5340 5622
5520 5516 5054
5564 5781 5832
5618 5629 5455
5455 5451 5618
5273 5242 5278
5281 5632 5489
5272 5674 5282
5681 5674 5272
5604 5281 5489
5520 5285 5524
5279 5285 5520
5274 5634 5280
5503 5634 5274
5613 5503 5274
5261 5281 5604
5618 5611 5496
5496 5504 5618
5342 5341 5515
5515 5526 5342
5361 5269 5832
5622 5630 5641
5629 5618 5504
5504 5508 5629
5273 5643 5242
5299 5595 5835
5275 5638 5281
5271 5455 5629
5748 5361 5832
5634 5503 5886
5286 5638 5275
5512 5634 5886
5538 5342 5526
5345 5342 5538
5480 5643 5518
5630 5622 5340
5290 5677 5652
5242 5643 5599
5641 5630 5343
5306 5299 5533
5287 5280 5634
5645 5632 5281
5638 5645 5281
5513 5629 5508
5635 5629 5513
5346 5345 5538
5538 5542 5346
5478 5643 5480
5599 5643 5478
5483 5635 5513
5302 5306 5533
5348 5346 5542
5309 5684 5323
5292 5289 5487
5487 5492 5292
5692 5361 5748
5752 5692 5748
5350 5348 5542
5629 5635 5592
5592 5585 5629
5542 5549 5350
5645 5638 5286
5649 5645 5286
5634 5512 5644
5296 5650 5300
5592 5635 5483
5293 5692 5752
5752 5568 5293
5247 5350 5549
5549 5551 5247
5302 5524 5285
5344 5641 5343
5512 5631 5644
5830 5653 5519
5632 5653 5830
5645 5653 5632
5296 5292 5492
5650 5296 5492
5505 5650 5492
5293 5693 5304
5287 5644 5297
5634 5644 5287
5645 5649 5656
5656 5653 5645
5525 5529 5291
5309 5686 5574
5684 5309 5574
5317 5686 5309
5394 5649 5286
5295 5291 5529
5529 5531 5295
5644 5648 5297
5693 5293 5568
5545 5623 5550
5616 5623 5545
5574 5591 5485
5686 5591 5574
5536 5295 5531
5301 5295 5536
5656 5649 5394
5660 5656 5394
5300 5650 5505
5263 5300 5505
5623 5582 5550
5303 5301 5536
5536 5539 5303
5552 5616 5545
5319 5616 5552
5322 5319 5552
5304 5693 5694
5541 5587 5821
5487 5322 5552
5289 5322 5487
5509 5263 5505
5606 5263 5509
5523 5658 5527
5657 5658 5523
5626 5620 5663
5323 5684 5576
5326 5323 5576
5868 5326 5576
5651 5313 5834
5548 5651 5834
5311 5313 5651
5349 5779 5347
5351 5779 5349
5623 5616 5319
5636 5623 5319
5514 5606 5509
5694 5693 5570
5326 5689 5327
5625 5606 5514
5318 5257 5626
5572 5694 5570
5640 5623 5636
5582 5623 5640
5658 5534 5527
5315 5587 5541
5834 5315 5541
5518 5625 5514
5243 5587 5315
5689 5326 5868
5318 5663 5325
5626 5663 5318
5313 5315 5834
5694 5320 5386
5311 5651 5709
5307 5640 5636
5646 5640 5307
5320 5694 5572
5572 5828 5320
5325 5663 5417
5327 5690 5330
5689 5690 5327
5324 5303 5539
5351 5073 5858
5653 5665 5519
5554 5324 5539
5661 5324 5554
5330 5586 5354
5690 5586 5330
5441 5534 5658
5555 5858 5073
5653 5656 5665
5573 5320 5828
5690 5874 5586
5537 5534 5441
5555 5246 5796
5668 5519 5665
5573 5679 5353
5353 5320 5573
5331 5661 5554
5558 5331 5554
5467 5331 5558
5676 5668 5665
5655 5677 5857
5587 5467 5558
5821 5587 5558
5243 5467 5587
5656 5660 5670
5670 5665 5656
5328 5661 5331
5591 5251 5481
5334 5537 5441
5589 5537 5334
5665 5670 5672
5672 5676 5665
5481 5485 5591
5481 5256 5490
5251 5256 5481
5676 5675 5668
5256 5495 5490
5675 5678 5479
5675 5676 5678
5676 5672 5248
5266 5605 5501
5495 5266 5501
5248 5678 5676
5605 5610 5501
5596 5543 5869
5605 5277 5610
5805 5596 5869
5610 5614 5510
5614 5610 5277
5617 5614 5277
5559 5796 5246
5510 5624 5846
5614 5624 5510
5559 5253 5560
5624 5617 5628
5614 5617 5624
5253 5258 5560
5262 5563 5258
5637 5642 5528
5563 5621 5565
5621 5627 5565
5647 5637 5521
5846 5647 5521
5624 5647 5846
5621 5563 5262
5262 5270 5621
5627 5621 5270
5305 5624 5628
5647 5624 5305
5566 5633 5567
5642 5647 5654
5637 5647 5642
5310 5647 5305
5654 5647 5310
5276 5633 5566
5627 5276 5566
5283 5633 5276
5528 5642 5532
5567 5607 5557
5633 5607 5567
5639 5607 5633
5642 5659 5532
5654 5659 5642
5639 5633 5283
5276 5627 5270
5314 5654 5310
5659 5654 5314
5659 5662 5540
5540 5532 5659
5677 5655 5387
5387 5652 5677
5316 5659 5314
5662 5659 5316
5655 5546 5312
5312 5387 5655
5546 5543 5312
5662 5321 5544
5540 5662 5544
5321 5662 5316
5547 5321 5667
5544 5321 5547
5813 5596 5805
5631 5664 5669
5669 5644 5631
5669 5547 5671
5664 5547 5669
5644 5669 5673
5673 5648 5644
5666 5569 5553
5557 5666 5553
5669 5671 5329
5673 5669 5329
5666 5607 5426
5557 5607 5666
5332 5547 5667
5671 5547 5332
5569 5666 5059
5329 5671 5332
5059 5666 5426
5648 5673 5335
5335 5308 5648
5639 5426 5607
5335 5673 5329
5678 5680 5479
5680 5682 5827
5827 5479 5680
5678 5248 5252
5252 5680 5678
5680 5252 5395
5502 5827 5682
5682 5680 5395
5395 5405 5682
5683 5502 5682
5683 5682 5405
5683 5685 5502
5416 5683 5405
5685 5683 5687
5687 5688 5685
5687 5683 5416
5522 5517 5688
5688 5687 5284
5284 5687 5416
5522 5284 5288
5688 5284 5522
5288 5294 5530
5294 5298 5535
5535 5530 5294
5535 5657 5523
5298 5657 5535
5695 5703 5232
5232 5703 5138
5138 5703 5254
5254 5703 5491
5491 5703 5695
5200 5704 5475
5475 5704 5646
5646 5704 5698
5698 5704 5699
5699 5704 5705
5705 5704 5200
5695 5234 5577
5232 5234 5695
5701 5698 5699
5700 5698 5701
5234 5236 5579
5579 5577 5234
5699 5133 5701
5583 5706 5698
5698 5706 5646
5646 5706 5640
5640 5706 5582
5582 5706 5583
5236 5054 5579
5579 5054 5516
5698 5700 5707
5707 5583 5698
5860 5707 5702
5702 5707 5700
5072 5239 5525
5525 5239 5696
5696 5233 5697
5239 5233 5696
5497 5862 5620
5620 5862 5702
5702 5862 5860
5233 5235 5578
5578 5697 5233
5548 5708 5651
5651 5708 5709
5709 5708 5235
5235 5708 5578
5578 5708 5581
5581 5708 5580
5580 5708 5548
5409 5700 5701
5702 5700 5409
5417 5710 5409
5409 5710 5702
5702 5710 5620
5620 5710 5663
5663 5710 5417
5133 5414 5701
5701 5414 5409
5476 5812 5482
5480 5518 5711
5477 5484 5798
5798 5799 5477
5779 5774 5347
5843 5517 5713
5713 5734 5843
5478 5480 5711
5711 5720 5478
5529 5525 5712
5712 5717 5529
5482 5818 5486
5812 5818 5482
5527 5814 5523
5484 5489 5800
5800 5798 5484
5739 5817 5730
5779 5351 5956
5531 5529 5717
5717 5721 5531
5517 5843 5688
5820 5815 5497
5792 5956 5351
5727 5531 5721
5536 5531 5727
5822 5814 5527
5517 5522 5713
5476 5719 5723
5812 5476 5723
5491 5719 5476
5492 5487 5794
5730 5492 5794
5817 5492 5730
5816 5536 5727
5825 5823 5485
5485 5481 5825
5539 5536 5816
5489 5632 5801
5801 5800 5489
5818 5812 5723
5723 5735 5818
5490 5825 5481
5522 5530 5722
5722 5713 5522
5351 5858 5792
5492 5817 5505
5486 5818 5588
5530 5522 5288
5479 5827 5718
5819 5479 5718
5632 5830 5803
5801 5632 5803
5823 5825 5715
5871 5722 5530
5743 5817 5739
5505 5817 5743
5745 5821 5738
5541 5821 5745
5829 5818 5735
5500 5818 5829
5588 5818 5500
5724 5718 5827
5715 5836 5725
5825 5836 5715
5490 5836 5825
5509 5505 5743
5743 5749 5509
5500 5829 5506
5581 5826 5755
5578 5581 5755
5836 5839 5725
5535 5871 5530
5873 5871 5535
5514 5509 5749
5749 5756 5514
5803 5837 5804
5830 5837 5803
5580 5548 5758
5826 5580 5758
5988 5506 5829
5835 5506 5988
5518 5514 5756
5756 5711 5518
5501 5490 5495
5836 5490 5501
5796 5858 5555
5839 5836 5501
5501 5610 5839
5580 5826 5581
5837 5819 5804
5523 5873 5535
5814 5873 5523
5761 5834 5764
5839 5510 5731
5731 5725 5839
5577 5579 5757
5840 5577 5757
5762 5478 5720
5831 5478 5762
5510 5846 5731
5548 5834 5761
5758 5548 5761
5742 5853 5740
5876 5853 5742
5844 5835 5988
5988 6163 5844
5724 5843 5734
5827 5843 5724
5768 5831 5762
5859 5866 5655
5655 5857 5859
5853 5876 5483
5847 5844 6163
5843 5827 5502
5502 5685 5843
5764 5541 5745
5834 5541 5764
5767 5520 5771
5516 5520 5767
5546 5655 5866
5510 5839 5610
5747 5876 5742
5488 5876 5747
5498 5488 5747
5493 5831 5768
5768 5772 5493
5837 5830 5519
5519 5668 5837
5543 5866 5802
5802 5994 5543
5685 5688 5843
5524 5847 5771
5520 5524 5771
5483 5876 5488
5493 5841 5496
5668 5675 5837
5869 5543 5994
5819 5837 5675
5675 5479 5819
5554 5816 5733
5914 5554 5733
5539 5816 5554
5841 5493 5772
5772 5783 5841
5747 5754 5498
5521 5637 5737
5846 5521 5737
5731 5846 5737
5543 5546 5866
5526 5515 5716
5507 5498 5754
5754 5759 5507
5835 5844 5533
5533 5299 5835
5496 5841 5504
5738 5554 5914
5821 5554 5738
5558 5554 5821
5741 5852 5736
5854 5852 5741
5729 5526 5716
5844 5847 5302
5302 5533 5844
5302 5847 5524
5511 5507 5759
5538 5526 5729
5782 5849 5778
5845 5849 5782
5508 5841 5783
5787 5508 5783
5504 5841 5508
5637 5854 5741
5737 5637 5741
5528 5854 5637
5732 5538 5729
5759 5766 5511
5780 5545 5777
5849 5851 5788
5788 5778 5849
5515 5511 5766
5777 5550 5784
5545 5550 5777
5542 5538 5732
5851 5855 5791
5852 5854 5532
5532 5856 5852
5791 5788 5851
5513 5508 5787
5850 5513 5787
5790 5850 5787
5716 5515 5766
5550 5582 5789
5789 5784 5550
5791 5815 5795
5855 5815 5791
5513 5850 5483
5813 5806 5569
5805 5806 5813
5532 5854 5528
5552 5545 5780
5780 5794 5552
5744 5542 5732
5549 5542 5744
5853 5850 5790
5790 5740 5853
5849 5845 5707
5487 5552 5794
5751 5549 5744
5551 5549 5751
5850 5853 5483
5856 5532 5867
5867 5861 5856
5769 5693 5763
5570 5693 5769
5807 6010 5567
5860 5849 5707
5851 5849 5860
5540 5867 5532
5582 5583 5863
5570 5769 5572
5553 5807 5557
5806 5807 5553
5824 5551 5751
5556 5551 5824
5822 5534 5726
5527 5534 5822
5569 5806 5553
5855 5851 5860
5860 5862 5855
5572 5769 5996
5807 5567 5557
5534 5537 5726
5714 5868 5576
5864 5714 5576
5684 5864 5576
5815 5855 5862
5497 5815 5862
5828 5572 5996
5537 5589 5985
5985 5726 5537
5861 5867 5865
5714 5864 5823
5746 5985 5589
5796 5559 6016
5867 5540 5544
5547 5867 5544
5815 5820 5797
5797 5795 5815
5561 5824 5770
5556 5824 5561
5833 5828 5996
5868 5714 5870
5589 5601 5746
5865 5867 5664
5664 5631 5865
5560 5808 6016
5559 5560 6016
5562 5561 5770
5770 5773 5562
5820 5477 5799
5664 5867 5547
5797 5820 5799
5746 5601 5753
5808 5563 5809
5564 5562 5773
5773 5775 5564
5689 5872 5690
5868 5872 5689
5781 5564 5775
5753 5499 5760
5601 5499 5753
5809 5563 5810
5874 5690 5872
5573 5838 5679
5828 5838 5573
5833 5838 5828
5563 5808 5560
5560 5258 5563
5872 5870 5875
5868 5870 5872
5786 5832 5781
5499 5622 5765
5765 5760 5499
6006 5838 5833
5842 5838 6006
5622 5641 5776
5776 5765 5622
5679 5838 5575
5786 5748 5832
5872 5875 5877
5877 5874 5872
5810 5565 5811
5563 5565 5810
5575 5842 5268
5838 5842 5575
5875 5728 5877
5811 5566 6010
5793 5842 6006
5566 5811 5565
5565 5627 5566
5848 5793 5929
5785 5776 5641
5842 5793 5681
5681 5268 5842
5641 5344 5785
5874 5877 5880
5880 5878 5874
5793 5848 5681
5566 5567 6010
5880 5877 5728
5728 5736 5880
5344 5347 5774
5774 5785 5344
5878 5880 5881
5881 5879 5878
6017 5848 5929
5674 5681 5848
5852 5880 5736
5881 5880 5852
5848 6017 5571
5571 5674 5848
5879 5882 5494
5883 5494 5882
5859 5857 6017
5882 5881 5884
5879 5881 5882
6017 5857 5571
5884 5852 5856
5881 5852 5884
5883 5884 5885
5882 5884 5883
5885 5856 5861
5884 5856 5885
5574 5864 5684
5485 5864 5574
5823 5864 5485
5885 5886 5503
5883 5885 5503
5885 5861 5865
5865 5886 5885
5512 5865 5631
5886 5865 5512
5719 5978 5723
5897 5888 5814
5823 5980 5714
5889 5892 5716
5713 5991 5734
5779 5950 5774
5715 5980 5823
5814 5822 5897
5729 5716 5892
5899 5711 5893
5714 5980 5870
5894 5712 5890
5717 5712 5894
5905 5713 5952
5906 5729 5892
5991 5713 5905
5908 5982 5899
5980 5983 5875
5721 5717 5894
5894 5901 5721
5897 5726 5904
5822 5726 5897
5981 5718 5724
5909 5729 5906
5732 5729 5909
5875 5870 5980
5713 5722 5952
5727 5721 5901
5901 5907 5727
5722 5871 5955
5955 5952 5722
5913 5732 5909
5910 5727 5907
5983 5986 5728
5728 5875 5983
5720 5711 5899
5982 5720 5899
5871 5873 5955
5816 5727 5910
5978 5979 5887
5719 5979 5978
5980 5715 5987
5987 5983 5980
5981 5991 5898
5898 5943 5981
5736 5728 5986
5873 5814 5888
5888 5955 5873
6059 5956 5792
5744 5732 5913
5987 5715 5725
5725 5731 5987
5730 5992 5739
6007 5992 5730
5733 5816 5910
5914 5733 5910
5723 5984 5735
5978 5984 5723
5792 5858 5962
5962 6059 5792
5751 5744 5913
5742 5740 5942
5942 5960 5742
5986 5987 5995
5983 5987 5986
5904 5985 5990
5726 5985 5904
5917 5745 5919
5898 5991 5905
5896 5978 5887
5984 5978 5896
5858 5796 5962
5747 5742 5960
5960 5964 5747
5992 6001 5739
5995 5987 5731
5919 5738 5914
5966 5993 5964
5965 5962 5796
6001 6004 5743
5743 5739 6001
5986 5995 6002
6002 5736 5986
5926 5751 5913
5824 5751 5926
5967 5993 5966
5998 5993 5967
5991 5981 5724
5990 5985 5746
5829 5984 5896
5988 5829 5896
5745 5738 5919
5903 5988 5896
5735 5984 5829
5993 5747 5964
5724 5734 5991
5749 5743 6004
5755 5826 5931
5931 5925 5755
6002 5995 5731
5731 5737 6002
5754 5747 5993
5997 5990 5746
5931 5758 5934
5826 5758 5931
5750 5840 6152
5887 5750 6152
5979 5750 5887
6004 6009 5756
5824 5926 5935
5756 5749 6004
5997 5753 5923
5754 5998 5759
5993 5998 5754
5736 6002 5741
5939 5745 5917
5764 5745 5939
5761 5764 5939
5770 5824 5935
5935 6150 5770
6009 5711 5756
5757 5999 5912
5840 5757 5912
6152 5840 5912
5753 5997 5746
5934 5761 5939
5758 5761 5934
5773 5770 6150
6150 5945 5773
5741 6002 5737
6003 5998 5967
5967 6193 6003
5968 6003 6193
6163 5988 5903
5753 6005 5923
5859 6021 5866
5775 5773 5945
5998 6003 5759
6014 5982 5908
5908 5915 6014
5753 5760 6005
6021 5802 5866
5775 6000 5781
5945 6000 5775
5982 6014 5762
5762 5720 5982
5923 6005 5938
5766 6003 5968
5782 5778 5944
5944 5946 5782
5847 6163 5924
5759 6003 5766
5920 6014 5915
6018 6014 5920
5949 5786 6000
5781 6000 5786
5778 5788 5948
5948 5944 5778
5930 5771 5933
5767 5771 5930
5762 6018 5768
6014 6018 5762
5968 5969 5766
6005 6019 5938
5748 5786 5949
5771 5847 5924
5924 5933 5771
5948 5791 5953
5788 5791 5948
5889 5766 5969
5716 5766 5889
5765 6005 5760
6019 6005 5765
5953 5795 5959
5791 5795 5953
5768 6018 5772
5959 6023 5958
5922 6018 5920
6022 6018 5922
5776 6019 5765
5958 6012 5961
6023 6012 5958
5772 6022 5783
6018 6022 5772
6010 5971 5970
6178 6011 5947
5795 6023 5959
5797 6023 5795
5927 6022 5922
5783 6022 5927
5805 5869 6074
5798 6013 5900
6012 5798 5900
5961 6012 5900
5799 5798 6012
5799 6023 5797
6012 6023 5799
5780 5777 5951
6011 5780 5951
5947 6011 5951
5800 6013 5798
5951 5784 5954
5777 5784 5951
5900 6013 5911
6166 5805 6074
5806 5805 6166
5932 5783 5927
5787 5783 5932
5954 5789 5957
5784 5789 5954
6096 6019 6102
5806 5971 5807
6166 5971 5806
6013 5801 5911
5800 5801 6013
6015 6011 6178
6102 5785 5950
5776 5785 6102
5801 5803 5918
5918 5911 5801
6010 5807 5971
5940 6015 6178
6007 6015 5940
6019 5776 6102
5790 5787 5932
5932 5936 5790
5752 5748 5949
5891 5752 5949
5780 6015 5794
6011 6015 5780
5740 5790 5936
5936 5942 5740
5796 6016 5972
5965 5796 5972
6007 5730 6015
5568 5752 5891
5891 5895 5568
5785 5774 5950
5803 5804 5921
5921 5918 5803
6015 5730 5794
6016 5808 5973
5972 6016 5973
5568 5763 5693
6200 6007 6186
5992 6007 6200
5804 5819 5928
5928 5921 5804
5902 5568 5895
5763 5568 5902
6141 5992 6200
6001 5992 6141
5963 6001 6141
6004 6001 5963
5973 5809 5974
5808 5809 5973
5937 5928 5819
5769 5763 5902
5989 5769 5902
5937 5718 5941
5819 5718 5937
6009 6004 5963
5809 6020 5974
5810 6020 5809
5989 5996 5769
5893 6009 5963
5941 5981 5943
5718 5981 5941
5711 6009 5893
5811 5970 6143
6020 5811 6143
5811 6020 5810
5996 5989 5916
5833 5996 5916
6010 5970 5811
6006 5833 5916
6006 6008 5793
5929 5793 6008
5929 6145 6017
6145 6147 6017
6021 6017 6147
5859 6017 6021
5979 5719 5695
5695 5719 5491
5695 6025 5979
5979 6025 5750
5750 6025 5840
5840 6025 5577
5577 6025 5695
6024 6026 5696
5696 6026 5525
5525 6026 5712
5712 6026 5890
5890 6026 6024
5930 6027 5767
5767 6027 5516
5516 6027 5579
5579 6027 5757
5757 6027 5999
5999 6027 5930
5976 6028 5863
5863 6028 5582
5582 6028 5789
5789 6028 5957
5957 6028 5975
5975 6028 5976
5696 5697 6461
6461 6024 5696
5946 6029 5782
5782 6029 5845
5845 6029 5863
5863 6029 5976
5976 6029 5977
5977 6029 5946
5925 6030 5755
5755 6030 5578
5578 6030 5697
5697 6030 6461
6461 6030 5925
5845 5863 5583
5583 5707 5845
6141 6148 5963
5888 5897 6038
5892 5889 6040
6038 6234 5888
6000 6065 5949
6051 6148 6043
5887 6146 5896
6035 5917 6045
6142 5917 6035
5939 5917 6142
5906 5892 6040
6040 6049 5906
5897 5904 6048
6048 6038 5897
6046 6150 6039
5896 6146 5903
5939 6142 5934
5909 5906 6049
6049 6370 5909
5945 6150 6046
6152 6146 5887
6154 6148 6051
5946 5944 6052
6052 6056 5946
5904 5990 6048
5913 5909 6370
6370 6073 5913
6148 6154 5963
6146 6152 6156
6057 6048 5990
6411 5945 6046
5779 6036 5950
6147 6041 6021
6151 6036 5779
6055 6154 6051
6159 6154 6055
5944 6149 6062
5990 5997 6057
6052 5944 6062
5948 6149 5944
6156 6152 5912
5802 6021 6041
6197 6137 6201
6154 6159 5893
5893 5963 6154
6151 5956 6050
6153 6149 5948
5948 5953 6153
5999 6156 5912
6057 5923 6077
5997 5923 6057
6063 6159 6055
6000 5945 6411
6411 6418 6000
6160 6156 5999
5956 6151 5779
5953 5959 6068
6153 5953 6068
5899 5893 6159
6346 6153 6068
5930 6160 5999
5994 5802 6041
6034 6197 6204
6031 6197 6034
6425 6000 6418
6062 6157 6114
6149 6157 6062
6065 6000 6425
6197 6201 6204
5899 6159 6063
5908 5899 6063
6069 5908 6063
5903 6156 6163
6146 6156 5903
5923 5938 6080
6080 6077 5923
6073 5926 5913
6157 6184 6114
6163 6160 5924
6156 6160 6163
5869 5994 6361
6157 6153 6162
6149 6153 6157
5926 6073 6086
6075 6170 6088
6096 6080 5938
6164 6171 6113
6054 5937 6060
5928 5937 6054
6162 6153 6346
6346 6355 6162
6190 6170 6075
6065 6072 5891
5891 5949 6065
6171 6124 6117
6336 6166 6074
6170 6190 6082
6184 6162 6169
6157 6162 6184
5891 6165 5895
6060 5941 6066
5924 6160 5930
5930 5933 5924
6179 6113 6171
6074 5869 6361
6169 6162 6355
6355 6360 6169
5937 5941 6060
5956 6059 6050
6072 6165 5891
5938 6019 6096
5958 6173 5959
6170 6172 6088
6179 6171 6117
6378 6179 6117
6037 5940 6033
6356 6170 6082
5935 5926 6086
5895 6081 5902
6172 6170 6356
6165 6081 5895
5940 6178 6042
6042 6033 5940
6173 5961 6093
6307 6173 6093
5958 5961 6173
5902 6081 5989
6039 5935 6086
6150 5935 6039
6175 6166 6336
6066 5943 6084
6181 5940 6037
6037 6347 6181
6088 6172 6362
6068 6173 6304
5959 6173 6068
5941 5943 6066
6167 6059 5962
6102 5950 6036
6304 6173 6307
5940 6181 6007
6371 6172 6356
5970 6175 6143
6351 6181 6347
6186 6181 6351
6172 6180 6362
6186 6007 6181
6044 5927 6032
5932 5927 6044
6034 6211 6087
6070 6167 5962
6166 6175 5971
6093 6177 6105
5961 6177 6093
5900 6177 5961
6180 6172 6371
6183 6180 6371
5936 5932 6044
5971 6175 5970
6087 6211 6098
6178 5947 6053
6042 6178 6053
6105 6177 6313
5911 6177 5900
5947 5951 6061
6061 6053 5947
6070 5965 6342
6034 6204 6211
6047 5936 6044
5942 5936 6047
5962 5965 6070
5989 6081 6085
6177 5911 6109
6313 6177 6109
5965 5972 6376
6376 6342 5965
5954 6076 6067
6144 6064 6058
5951 5954 6067
6061 5951 6067
6109 5918 6129
5989 6085 5916
5911 5918 6109
5954 5957 6071
6076 5954 6071
6204 6201 6213
6064 6155 6176
6144 6155 6064
6180 6189 6202
5916 6085 6443
6097 5916 6443
6362 6180 6202
6114 6191 6119
6184 6191 6114
6211 6217 6098
6092 5952 6099
6376 5973 6089
5972 5973 6376
5916 6097 6006
6155 6158 6161
6161 6176 6155
6180 6183 6192
6192 6189 6180
6184 6169 6187
6098 6217 6397
6067 6190 6078
6076 6190 6067
5952 5955 6099
6089 5974 6094
6202 6189 6195
6187 6169 6360
6211 6204 6218
6218 6217 6211
6076 6377 6190
5974 6089 5973
6192 6195 6189
6176 6161 6168
6187 6191 6184
6213 6218 6204
6078 6190 6075
5955 5888 6234
6234 6099 5955
6097 6185 6008
6008 6006 6097
6064 6174 6417
6377 6082 6190
6217 6218 6221
6185 6145 5929
5929 6008 6185
5960 5942 6047
5974 6020 6143
6094 5974 6143
6218 6213 6228
6228 6221 6218
5957 5975 6090
6090 6071 5957
6104 5960 6047
5964 5960 6104
6064 6176 6174
6191 6194 6136
6136 6119 6191
5975 5976 6095
6095 6090 5975
6195 6192 6205
6191 6187 6198
5966 6188 5967
6144 6195 6155
6202 6195 6144
6095 5977 6100
6123 6187 6360
6198 6187 6123
5976 5977 6095
6174 6176 6182
5943 5898 6084
6195 6205 6158
6158 6155 6195
5977 5946 6056
6056 6100 5977
6176 6168 6182
5966 5964 6104
6108 5966 6104
6191 6198 6194
6338 6084 5898
6161 6158 6079
6079 6083 6161
6200 6186 6351
6351 6106 6200
6188 5966 6108
6168 6161 6083
6188 6193 5967
6213 6112 6228
6141 6200 6106
6083 6091 6168
6158 6205 6079
5898 5905 6092
6092 6338 5898
6129 5921 6133
5918 5921 6129
6111 6188 6108
6193 6188 6111
5915 5908 6069
6069 6125 5915
6043 6141 6106
6148 6141 6043
5905 5952 6092
5920 5915 6125
6125 6127 5920
5968 6193 6111
6133 5928 6054
5921 5928 6133
6127 6131 5920
6217 6226 6397
6196 6101 6424
6174 6196 6424
6417 6174 6424
5969 5968 6111
6111 6115 5969
5922 5920 6131
6131 6135 5922
6118 6397 6226
5889 5969 6115
6115 6040 5889
6031 6136 6194
6032 5922 6135
5927 5922 6032
6221 6226 6217
6194 6198 6207
6101 6196 6103
6209 6206 6107
6207 6198 6123
6123 6137 6207
6196 6182 6199
6174 6182 6196
6031 6207 6197
6194 6207 6031
6221 6228 6229
6182 6168 6203
6203 6199 6182
6206 6209 6208
6164 6118 6226
6197 6207 6137
6210 6116 6134
6209 6210 6212
6212 6208 6209
6226 6221 6230
6230 6164 6226
6212 6134 6420
6210 6134 6212
6107 6196 6209
6103 6196 6107
6230 6229 6231
6221 6229 6230
6164 6230 6171
6206 6208 6215
6171 6231 6124
6230 6231 6171
6196 6199 6210
6210 6209 6196
6122 6228 6112
6210 6203 6116
6199 6203 6210
6208 6212 6219
6219 6215 6208
6229 6228 6122
6122 6126 6229
6219 6212 6420
6231 6229 6126
6126 6130 6231
6110 6168 6091
6203 6168 6110
6124 6231 6130
6423 6219 6420
6116 6203 6110
6120 5890 6451
5894 5890 6120
6121 5894 6120
5901 5894 6121
6215 6223 6394
5907 5901 6121
6214 5907 6121
6223 6224 6438
6438 6394 6223
6216 6214 6128
6223 6219 6225
6215 6219 6223
5907 6214 5910
6441 6219 6423
6225 6219 6441
5910 6216 5914
6214 6216 5910
6224 6225 6138
6223 6225 6224
6132 6216 6128
5919 6216 6132
6138 6225 6441
5917 5919 6132
6045 5917 6132
6224 6227 6139
6139 6438 6224
6216 5919 5914
6224 6138 6140
6227 6224 6140
6222 6456 6220
5931 6220 5925
6222 6220 5931
6222 6142 6035
6142 6222 5931
5931 5934 6142
6045 6334 6035
6051 6043 6233
6234 6038 6239
6363 6372 6375
6375 6383 6363
6288 6339 6292
6414 6339 6288
6032 6391 6044
6415 6391 6032
6240 6051 6233
6372 6380 6375
6147 6145 6296
6034 6414 6031
6339 6414 6034
6055 6051 6240
6240 6249 6055
6391 6101 6103
6415 6101 6391
6038 6048 6250
6250 6239 6038
6383 6375 6386
6289 6056 6343
6052 6343 6056
6339 6368 6292
6237 6151 6247
6036 6151 6237
6063 6055 6249
6262 6250 6048
6391 6401 6044
6062 6343 6052
6087 6339 6034
6368 6339 6087
6151 6050 6247
6254 6063 6249
6037 6033 6241
6335 6037 6241
6236 6335 6241
6345 6354 6040
6296 6349 6147
6343 6350 6295
6247 6050 6257
6069 6063 6254
6241 6042 6248
6033 6042 6241
6354 6352 6359
6345 6352 6354
6401 6103 6407
6391 6103 6401
6235 6375 6380
6386 6375 6235
6048 6057 6262
6050 6059 6257
6350 6343 6062
6252 6335 6236
6347 6335 6252
6047 6044 6401
6268 6262 6057
6062 6114 6350
6354 6364 6049
6049 6040 6354
6259 6347 6252
6351 6347 6259
6059 6167 6257
6354 6359 6367
6367 6364 6354
6137 6123 6331
6300 6137 6331
6335 6347 6037
6057 6077 6268
6576 6341 6344
6364 6370 6049
6113 6646 6164
6232 6058 6404
6167 6070 6270
6088 6341 6075
6344 6341 6088
6563 6060 6574
6054 6060 6563
6364 6367 6374
6374 6370 6364
6039 6392 6046
6386 6392 6039
6383 6386 6039
6070 6342 6275
6270 6070 6275
6042 6353 6264
6248 6042 6264
6053 6353 6042
6060 6066 6574
6392 6386 6235
6251 6392 6235
6396 6392 6251
6358 6353 6053
6053 6061 6358
6113 6245 6646
6201 6137 6300
6392 6399 6046
6370 6374 6381
6381 6073 6370
6300 6315 6201
6067 6358 6061
6344 6362 6274
6274 6576 6344
6058 6417 6404
6071 6365 6076
6392 6396 6403
6403 6399 6392
6349 6604 6256
6066 6084 6238
6574 6066 6238
6264 6353 6267
6058 6064 6417
6381 6385 6073
6077 6080 6297
6362 6344 6088
6267 6369 6271
6297 6268 6077
6346 6068 6304
6404 6417 6410
6385 6388 6073
6353 6369 6267
6358 6369 6353
6411 6046 6399
6369 6341 6263
6263 6271 6369
6388 6363 6086
6086 6073 6388
6245 6113 6384
6238 6338 6246
6084 6338 6238
6078 6358 6067
6369 6358 6078
6245 6384 6255
6410 6417 6424
6352 6395 6409
6080 6096 6297
6283 6082 6280
6307 6105 6309
6606 6292 6368
6093 6105 6307
6377 6076 6365
6399 6403 6416
6416 6411 6399
6384 6387 6255
6310 6297 6096
6356 6082 6283
6283 6286 6356
6075 6369 6078
6338 6092 6246
6341 6369 6075
6313 6309 6105
6395 6227 6406
6406 6409 6395
6384 6113 6179
6606 6379 6324
6368 6379 6606
6371 6356 6286
6411 6416 6421
6421 6418 6411
6409 6359 6352
6316 6346 6304
6355 6346 6316
6379 6368 6087
6087 6098 6379
6398 6384 6179
6083 6079 6633
6633 6260 6083
6092 6099 6258
6246 6092 6258
6365 6090 6279
6071 6090 6365
6291 6371 6286
6096 6102 6310
6183 6371 6291
6318 6355 6316
6360 6355 6318
6258 6099 6265
6090 6095 6281
6281 6279 6090
6406 6419 6422
6227 6419 6406
6378 6398 6179
6095 6100 6285
6285 6281 6095
6310 6036 6237
6313 6109 6320
6419 6337 6242
6422 6419 6242
6102 6036 6310
6253 6422 6242
6398 6387 6384
6285 6056 6289
6100 6056 6285
6324 6393 6611
6379 6393 6324
6362 6202 6274
6109 6129 6320
6398 6378 6402
6418 6421 6629
6425 6418 6629
6393 6379 6098
6098 6397 6393
6290 6365 6279
6377 6365 6290
6295 6350 6323
6083 6433 6091
6202 6299 6274
6425 6429 6065
6124 6412 6117
6130 6412 6124
6280 6377 6290
6082 6377 6280
6359 6409 6427
6427 6367 6359
6433 6083 6260
6234 6265 6099
6568 6425 6629
6429 6425 6568
6412 6130 6266
6266 6269 6412
6409 6406 6430
6430 6427 6409
6323 6390 6325
6350 6390 6323
6213 6201 6315
6315 6328 6213
6298 6351 6259
6106 6351 6298
6401 6357 6047
6367 6427 6432
6432 6374 6367
6273 6378 6117
6119 6350 6114
6390 6350 6119
6412 6273 6117
6427 6430 6444
6444 6432 6427
6401 6407 6366
6366 6357 6401
6065 6434 6072
6429 6434 6065
6273 6412 6269
6144 6299 6202
6430 6422 6436
6406 6422 6430
6047 6357 6104
6575 6429 6568
6434 6429 6575
6299 6058 6232
6144 6058 6299
6378 6273 6278
6261 6422 6253
6436 6422 6261
6112 6213 6328
6328 6333 6112
6357 6366 6373
6430 6436 6444
6303 6106 6298
6072 6435 6165
6434 6435 6072
6357 6382 6108
6108 6104 6357
6407 6103 6107
6402 6378 6278
6278 6284 6402
6192 6183 6291
6291 6305 6192
6435 6434 6575
6575 6580 6435
6325 6390 6326
6043 6106 6303
6233 6043 6303
6373 6382 6357
6136 6390 6119
6435 6437 6081
6081 6165 6435
6611 6393 6330
6374 6432 6381
6091 6442 6110
6433 6442 6091
6205 6192 6305
6305 6312 6205
6382 6373 6394
6437 6435 6580
6440 6437 6580
6387 6398 6439
6079 6205 6312
6312 6633 6079
6330 6397 6641
6393 6397 6330
6381 6432 6446
6081 6437 6085
6382 6389 6111
6111 6108 6382
6442 6445 6110
6446 6385 6381
6398 6402 6439
6125 6069 6254
6254 6317 6125
6327 6360 6318
6382 6394 6389
6432 6444 6449
6449 6446 6432
6085 6437 6443
6440 6443 6437
6127 6125 6317
6317 6319 6127
6110 6426 6116
6445 6426 6110
6641 6118 6644
6444 6436 6450
6439 6402 6308
6397 6118 6641
6320 6129 6329
6131 6127 6319
6319 6321 6131
6272 6436 6261
6450 6436 6272
6389 6394 6400
6129 6133 6329
6116 6426 6134
6404 6410 6322
6449 6450 6276
6444 6450 6449
6448 6443 6440
6118 6646 6644
6111 6405 6115
6389 6405 6111
6123 6360 6327
6327 6331 6123
6276 6450 6272
6646 6118 6164
6135 6131 6321
6648 6135 6321
6415 6135 6648
6405 6400 6408
6389 6400 6405
6385 6446 6452
6452 6388 6385
6122 6112 6333
6120 6451 6287
6670 6120 6287
6405 6345 6040
6040 6115 6405
6329 6133 6598
6446 6449 6454
6424 6415 6648
6322 6424 6648
6410 6424 6322
6454 6452 6446
6126 6122 6333
6333 6413 6126
6451 6453 6293
6293 6287 6451
6345 6408 6352
6405 6408 6345
6598 6054 6563
6133 6054 6598
6661 6308 6282
6439 6308 6661
6135 6415 6032
6388 6452 6372
6372 6363 6388
6121 6120 6670
6670 6672 6121
6366 6407 6107
6107 6206 6366
6326 6414 6332
6390 6414 6326
6284 6302 6402
6415 6424 6101
6372 6454 6380
6452 6454 6372
6373 6366 6206
6293 6455 6301
6453 6455 6293
6130 6126 6413
6414 6390 6136
6634 6402 6302
6308 6402 6634
6449 6276 6543
6454 6449 6543
6243 6454 6543
6332 6414 6288
6206 6215 6373
6455 6457 6301
6456 6457 6455
6097 6448 6185
6443 6448 6097
6136 6031 6414
6394 6373 6215
6266 6413 6486
6130 6413 6266
6380 6454 6243
6185 6296 6145
6448 6296 6185
6301 6334 6458
6457 6334 6301
6363 6383 6086
6311 6121 6672
6214 6121 6311
6426 6428 6134
6128 6214 6311
6311 6314 6128
6086 6383 6039
6340 6094 6244
6428 6431 6134
6336 6652 6348
6306 6128 6314
6458 6128 6306
6132 6128 6458
6132 6334 6045
6458 6334 6132
6244 6348 6652
6094 6348 6244
6143 6348 6094
6456 6222 6457
6657 6420 6431
6134 6431 6420
6041 6147 6349
6035 6457 6222
6334 6457 6035
6349 6256 6041
6423 6420 6657
6361 6256 6649
6041 6256 5994
6438 6400 6394
6361 5994 6256
6441 6337 6138
6400 6438 6447
6447 6408 6400
6074 6361 6649
6336 6074 6649
6438 6139 6447
6408 6447 6395
6395 6352 6408
6336 6348 6175
6395 6447 6139
6227 6395 6139
6175 6348 6143
6275 6376 6277
6342 6376 6275
6138 6337 6140
6140 6419 6227
6277 6089 6340
6376 6089 6277
6140 6337 6419
6441 6423 6657
6094 6340 6089
6294 6441 6657
6337 6441 6294
6294 6242 6337
5890 6459 6451
6451 6459 6453
6453 6459 6024
6024 6459 5890
6024 6460 6453
6453 6460 6455
6455 6460 6456
6456 6460 6461
6461 6460 6024
6456 6461 6220
6220 6461 5925
6314 6541 6306
6542 6544 6249
6486 6631 6464
6278 6558 6465
6284 6278 6465
6698 6284 6465
6542 6548 6544
6594 6257 6467
6343 6556 6289
6545 6236 6241
6276 6550 6543
6567 6550 6276
6249 6544 6254
6544 6548 6232
6549 6545 6241
6241 6248 6549
6294 6551 6707
6657 6551 6294
6469 6295 6463
6556 6295 6469
6343 6295 6556
6257 6479 6467
6559 6479 6257
6260 6633 6462
6647 6570 6488
6462 6468 6260
6518 6463 6295
6571 6576 6565
6236 6555 6252
6699 6571 6565
6243 6550 6586
6543 6550 6243
6492 6488 6570
6413 6631 6486
6551 6564 6707
6576 6571 6263
6252 6561 6259
6555 6561 6252
6479 6559 6566
6566 6487 6479
6263 6341 6576
6304 6307 6476
6482 6304 6476
6562 6304 6482
6567 6261 6466
6564 6578 6587
6578 6255 6387
6486 6490 6266
6575 6632 6585
6568 6632 6575
6565 6576 6582
6476 6309 6485
6307 6309 6476
6585 6554 6590
6632 6554 6585
6294 6591 6242
6485 6313 6491
6309 6313 6485
6656 6260 6468
6578 6387 6593
6593 6587 6578
6470 6236 6545
6555 6236 6470
6550 6567 6466
6466 6477 6550
6575 6585 6595
6595 6580 6575
6487 6566 6579
6579 6573 6487
6591 6294 6707
6471 6591 6707
6582 6576 6274
6316 6562 6498
6304 6562 6316
6586 6550 6477
6588 6583 6237
6545 6549 6472
6591 6597 6242
6585 6590 6616
6616 6595 6585
6237 6247 6588
6473 6606 6789
6498 6562 6482
6593 6599 6587
6494 6630 6499
6503 6316 6498
6318 6316 6503
6594 6588 6247
6260 6659 6433
6656 6659 6260
6474 6555 6470
6561 6555 6474
6597 6591 6471
6509 6522 6238
6491 6320 6500
6313 6320 6491
6580 6601 6440
6264 6549 6248
6247 6257 6594
6595 6601 6580
6283 6280 6480
6480 6483 6283
6707 6564 6478
6238 6246 6513
6513 6509 6238
6595 6616 6605
6605 6601 6595
6589 6235 6380
6243 6589 6380
6286 6283 6483
6483 6721 6286
6440 6601 6448
6593 6497 6599
6257 6167 6559
6589 6586 6592
6243 6586 6589
6267 6572 6699
6472 6267 6699
6264 6267 6472
6448 6605 6296
6601 6605 6448
6549 6264 6472
6478 6587 6599
6270 6559 6167
6566 6559 6270
6246 6614 6519
6295 6323 6518
6662 6659 6656
6513 6246 6519
6721 6496 6286
6323 6325 6734
6734 6518 6323
6789 6662 6656
6271 6572 6267
6564 6587 6478
6579 6566 6270
6270 6275 6579
6258 6614 6246
6475 6614 6258
6610 6497 6593
6291 6286 6496
6734 6325 6744
6607 6291 6496
6572 6571 6699
6439 6593 6387
6481 6475 6258
6258 6265 6481
6495 6602 6773
6606 6662 6789
6251 6600 6396
6589 6600 6251
6235 6589 6251
6744 6326 6750
6325 6326 6744
6610 6593 6439
6439 6661 6610
6263 6572 6271
6571 6572 6263
6604 6602 6495
6767 6616 6590
6626 6616 6767
6600 6592 6608
6589 6592 6600
6613 6582 6274
6611 6662 6606
6504 6604 6495
6494 6481 6265
6600 6617 6403
6403 6396 6600
6602 6604 6349
6630 6494 6265
6265 6234 6630
6299 6613 6274
6548 6613 6299
6600 6608 6617
6302 6623 6634
6284 6623 6302
6327 6318 6503
6503 6692 6327
6253 6609 6261
6507 6281 6726
6279 6281 6507
6637 6605 6616
6662 6611 6330
6477 6772 6586
6623 6284 6698
6698 6508 6623
6692 6527 6327
6615 6604 6504
6616 6626 6637
6232 6548 6299
6426 6650 6428
6643 6650 6426
6281 6285 6736
6736 6726 6281
6592 6586 6772
6772 6782 6592
6492 6628 6512
6570 6628 6492
6433 6664 6442
6659 6664 6433
6605 6637 6296
6428 6650 6431
6597 6253 6242
6291 6622 6305
6607 6622 6291
6619 6253 6597
6608 6592 6782
6782 6506 6608
6664 6643 6445
6445 6442 6664
6604 6615 6256
6493 6597 6471
6619 6597 6493
6285 6556 6502
6736 6285 6502
6289 6556 6285
6331 6327 6527
6659 6662 6665
6665 6664 6659
6650 6651 6654
6643 6651 6650
6615 6620 6649
6649 6256 6615
6527 6701 6331
6609 6253 6619
6416 6403 6617
6662 6330 6665
6651 6644 6646
6646 6654 6651
6634 6623 6508
6501 6609 6619
6290 6279 6507
6510 6290 6507
6617 6608 6621
6602 6626 6773
6516 6579 6635
6416 6625 6421
6637 6626 6602
6622 6312 6305
6308 6639 6282
6634 6639 6308
6664 6665 6668
6668 6643 6664
6573 6579 6516
6654 6646 6653
6312 6622 6511
6668 6330 6641
6665 6330 6668
6466 6609 6501
6261 6609 6466
6617 6625 6416
6516 6638 6517
6280 6290 6510
6510 6480 6280
6637 6602 6349
6349 6296 6637
6534 6634 6508
6639 6634 6534
6445 6643 6426
6617 6621 6625
6261 6567 6272
6502 6556 6469
6750 6332 6763
6326 6332 6750
6638 6635 6340
6658 6657 6431
6650 6658 6431
6633 6312 6511
6511 6462 6633
6272 6567 6276
6512 6628 6523
6259 6596 6298
6561 6596 6259
6288 6546 6515
6332 6288 6515
6763 6332 6515
6628 6624 6523
6516 6635 6638
6657 6658 6551
6668 6641 6644
6646 6245 6653
6647 6630 6234
6234 6239 6647
6658 6654 6660
6650 6654 6658
6547 6553 6557
6544 6640 6317
6317 6254 6544
6643 6668 6651
6625 6632 6629
6421 6625 6629
6642 6805 6645
6653 6660 6654
6640 6232 6404
6544 6232 6640
6632 6625 6552
6596 6561 6474
6603 6596 6474
6644 6651 6668
6551 6660 6564
6658 6660 6551
6620 6642 6649
6557 6560 6529
6553 6560 6557
6629 6632 6568
6319 6317 6640
6255 6653 6245
6578 6653 6255
6250 6647 6239
6570 6647 6250
6660 6653 6578
6578 6564 6660
6565 6603 6474
6632 6552 6554
6642 6645 6336
6649 6642 6336
6262 6570 6250
6671 6670 6287
6287 6293 6671
6520 6569 6524
6557 6569 6520
6547 6557 6520
6628 6570 6262
6517 6645 6805
6526 6266 6490
6269 6266 6526
6655 6269 6526
6640 6648 6321
6321 6319 6640
6603 6565 6582
6557 6529 6577
6577 6569 6557
6638 6645 6517
6652 6645 6638
6269 6558 6273
6322 6640 6404
6648 6640 6322
6655 6558 6269
6621 6608 6506
6569 6581 6524
6244 6638 6340
6652 6638 6244
6262 6268 6628
6298 6596 6303
6670 6671 6541
6541 6672 6670
6569 6577 6584
6584 6581 6569
6652 6336 6645
6624 6628 6268
6630 6647 6530
6530 6499 6630
6625 6621 6552
6301 6671 6293
6560 6667 6525
6303 6612 6233
6603 6612 6303
6596 6603 6303
6530 6647 6488
6529 6560 6525
6603 6582 6612
6671 6301 6458
6306 6671 6458
6541 6671 6306
6273 6558 6278
6635 6579 6275
6275 6277 6635
6340 6635 6277
6577 6529 6532
6672 6541 6314
6314 6311 6672
6612 6618 6240
6240 6233 6612
6533 6577 6532
6584 6577 6533
6288 6292 6546
6618 6582 6613
6612 6582 6618
6473 6546 6292
6661 6282 6663
6535 6583 6539
6531 6583 6535
6240 6542 6249
6618 6542 6240
6542 6613 6548
6618 6613 6542
6297 6624 6268
6300 6331 6701
6484 6300 6701
6627 6624 6297
6610 6666 6764
6497 6610 6764
6310 6627 6297
6531 6627 6310
6484 6489 6300
6610 6661 6669
6669 6666 6610
6583 6531 6310
6310 6237 6583
6315 6300 6489
6669 6663 6667
6661 6663 6669
6636 6524 6581
6581 6584 6538
6538 6636 6581
6320 6329 6500
6505 6500 6329
6329 6598 6505
6639 6663 6282
6598 6563 6514
6514 6505 6598
6563 6574 6521
6521 6514 6563
6807 6584 6533
6538 6584 6807
6663 6639 6536
6536 6639 6534
6583 6588 6539
6574 6238 6522
6521 6574 6522
6540 6539 6588
6523 6624 6537
6292 6606 6473
6588 6594 6540
6663 6536 6667
6540 6594 6467
6611 6606 6324
6525 6667 6536
6624 6627 6537
6315 6528 6328
6489 6528 6315
6547 6764 6666
6528 6631 6328
6328 6631 6333
6666 6669 6553
6553 6547 6666
6464 6631 6528
6553 6667 6560
6669 6667 6553
6333 6631 6413
6708 6712 6717
6725 6712 6708
6743 6795 6716
6716 6705 6743
6468 6462 6779
6749 6708 6733
6545 6704 6470
6501 6709 6466
6725 6708 6749
6463 6746 6469
6480 6714 6483
6710 6714 6480
6709 6715 6722
6501 6715 6709
6733 6717 6737
6708 6717 6733
6520 6795 6547
6716 6795 6520
6792 6716 6520
6518 6746 6463
6729 6746 6518
6472 6704 6545
6699 6704 6472
6779 6780 6789
6718 6698 6465
6711 6718 6465
6558 6711 6465
6709 6727 6466
6712 6467 6717
6714 6710 6674
6474 6470 6704
6718 6711 6488
6727 6722 6731
6709 6722 6727
6488 6492 6718
6679 6701 6675
6484 6701 6679
6705 6716 6790
6714 6721 6483
6789 6780 6473
6497 6748 6599
6715 6735 6722
6682 6724 6684
6482 6476 6677
6677 6680 6482
6792 6790 6716
6707 6478 6720
6721 6714 6674
6674 6678 6721
6735 6761 6743
6524 6792 6520
6479 6717 6467
6476 6485 6683
6683 6677 6476
6737 6717 6479
6468 6789 6656
6779 6789 6468
6731 6735 6762
6722 6735 6731
6683 6491 6685
6698 6718 6742
6720 6478 6599
6743 6762 6735
6748 6720 6599
6485 6491 6683
6749 6733 6760
6679 6687 6484
6681 6734 6686
6512 6718 6492
6742 6718 6512
6729 6734 6681
6733 6737 6765
6765 6760 6733
6489 6484 6687
6698 6742 6508
6477 6466 6727
6760 6797 6749
6724 6730 6684
6471 6732 6493
6707 6732 6471
6525 6740 6751
6751 6529 6525
6496 6721 6678
6678 6689 6496
6730 6509 6691
6691 6684 6730
6727 6755 6477
6688 6482 6680
6498 6482 6688
6508 6771 6534
6487 6737 6479
6765 6737 6487
6727 6731 6757
6507 6739 6510
6757 6755 6727
6715 6501 6619
6732 6715 6619
6493 6732 6619
6508 6742 6752
6713 6703 6700
6487 6573 6765
6503 6498 6688
6826 6503 6688
6607 6496 6689
6523 6742 6512
6752 6742 6523
6732 6720 6741
6707 6720 6732
6740 6753 6758
6758 6751 6740
6500 6505 6693
6693 6738 6500
6762 6743 6705
6686 6744 6747
6734 6744 6686
6771 6752 6781
6508 6752 6771
6507 6726 6673
6676 6507 6673
6531 6753 6627
6758 6753 6531
6491 6500 6690
6748 6741 6720
6781 6752 6523
6739 6507 6676
6786 6770 6774
6690 6685 6491
6693 6505 6695
6732 6741 6715
6731 6762 6769
6769 6757 6731
6703 6745 6554
6554 6552 6703
6739 6710 6480
6480 6510 6739
6705 6769 6762
6532 6751 6766
6529 6751 6532
6682 6695 6505
6505 6514 6682
6774 6783 6786
6554 6745 6590
6744 6750 6747
6710 6739 6676
6770 6786 6495
6495 6773 6770
6724 6682 6514
6703 6713 6745
6514 6521 6724
6500 6738 6690
6772 6477 6755
6607 6754 6622
6689 6754 6607
6533 6766 6808
6532 6766 6533
6755 6757 6777
6766 6758 6775
6522 6724 6521
6730 6724 6522
6713 6814 6774
6774 6745 6713
6751 6758 6766
6726 6736 6673
6509 6730 6522
6754 6756 6511
6511 6622 6754
6777 6772 6755
6761 6748 6497
6764 6761 6497
6734 6729 6518
6504 6495 6786
6535 6758 6531
6775 6758 6535
6689 6747 6759
6759 6754 6689
6687 6831 6489
6808 6775 6809
6502 6746 6832
6759 6750 6763
6747 6750 6759
6736 6502 6832
6783 6817 6794
6469 6746 6502
6528 6489 6831
6831 6694 6528
6754 6759 6768
6768 6756 6754
6794 6786 6783
6777 6782 6772
6745 6767 6590
6766 6775 6808
6692 6503 6826
6746 6729 6681
6681 6832 6746
6768 6763 6515
6546 6768 6515
6759 6763 6768
6539 6775 6535
6809 6775 6539
6797 6794 6817
6769 6777 6757
6741 6748 6761
6691 6513 6696
6509 6513 6691
6534 6776 6536
6771 6776 6534
6704 6699 6565
6786 6794 6798
6798 6504 6786
6565 6474 6704
6715 6741 6735
6745 6774 6770
6770 6767 6745
6756 6779 6462
6462 6511 6756
6692 6778 6527
6794 6797 6799
6799 6798 6794
6761 6735 6741
6756 6768 6780
6528 6702 6464
6694 6702 6528
6705 6790 6793
6702 6706 6486
6780 6768 6546
6486 6464 6702
6776 6781 6787
6771 6781 6776
6626 6770 6773
6767 6770 6626
6780 6779 6756
6787 6781 6523
6523 6537 6787
6793 6769 6705
6702 6719 6723
6782 6777 6700
6700 6506 6782
6473 6780 6546
6778 6785 6527
6504 6798 6615
6790 6792 6796
6796 6793 6790
6723 6719 6614
6614 6475 6723
6490 6784 6526
6798 6799 6620
6620 6615 6798
6776 6740 6525
6525 6536 6776
6524 6636 6792
6702 6723 6728
6728 6706 6702
6785 6701 6527
6526 6791 6655
6788 6791 6526
6696 6519 6697
6513 6519 6696
6797 6760 6801
6784 6788 6526
6796 6792 6636
6728 6723 6475
6475 6481 6728
6793 6700 6777
6694 6697 6719
6719 6702 6694
6701 6785 6675
6801 6765 6803
6760 6765 6801
6706 6784 6486
6777 6769 6793
6530 6788 6499
6791 6788 6530
6719 6697 6519
6614 6719 6519
6799 6801 6805
6797 6801 6799
6486 6784 6490
6700 6793 6713
6791 6711 6558
6558 6655 6791
6740 6787 6753
6776 6787 6740
6800 6713 6793
6801 6803 6805
6706 6728 6806
6806 6784 6706
6488 6791 6530
6711 6791 6488
6800 6796 6813
6753 6787 6537
6537 6627 6753
6793 6796 6800
6516 6765 6573
6803 6765 6516
6806 6728 6481
6481 6494 6806
6761 6764 6795
6795 6743 6761
6517 6803 6516
6784 6806 6788
6506 6703 6621
6700 6703 6506
6802 6796 6636
6764 6547 6795
6805 6803 6517
6499 6806 6494
6788 6806 6499
6552 6621 6703
6799 6805 6642
6642 6620 6799
6538 6802 6636
6804 6802 6538
6802 6813 6796
6533 6808 6807
6807 6811 6538
6811 6808 6812
6807 6808 6811
6808 6809 6810
6810 6812 6808
6810 6809 6539
6539 6540 6810
6811 6804 6538
6804 6811 6725
6725 6812 6712
6811 6812 6725
6712 6810 6467
6812 6810 6712
6467 6810 6540
6713 6800 6814
6800 6813 6816
6816 6814 6800
6813 6802 6815
6815 6804 6725
6802 6804 6815
6813 6815 6816
6815 6725 6749
6749 6816 6815
6814 6816 6783
6783 6774 6814
6783 6816 6817
6749 6817 6816
6817 6749 6797
6677 6827 6680
6825 6829 6674
6674 6710 6825
6673 6828 6676
6829 6838 6678
6678 6674 6829
6683 6827 6677
6830 6827 6683
6692 6826 6819
6821 6692 6819
6778 6692 6821
6685 6830 6683
6829 6833 6834
6825 6833 6829
6834 6833 6681
6831 6687 6843
6821 6835 6778
6680 6827 6818
6820 6680 6818
6688 6680 6820
6676 6825 6710
6828 6825 6676
6838 6834 6837
6829 6834 6838
6822 6738 6823
6843 6844 6836
6836 6831 6843
6686 6834 6681
6837 6834 6686
6819 6688 6820
6826 6688 6819
6736 6828 6673
6832 6828 6736
6823 6693 6824
6738 6693 6823
6836 6844 6691
6689 6678 6838
6830 6818 6827
6831 6836 6697
6785 6778 6835
6828 6832 6833
6833 6825 6828
6838 6837 6747
6685 6690 6847
6830 6685 6847
6747 6837 6686
6832 6681 6833
6690 6738 6822
6822 6847 6690
6838 6747 6689
6785 6840 6675
6835 6840 6785
6693 6695 6824
6696 6836 6691
6697 6836 6696
6835 6824 6839
6839 6840 6835
6839 6824 6695
6695 6682 6839
6831 6697 6694
6675 6841 6679
6840 6841 6675
6840 6839 6842
6842 6839 6682
6682 6684 6842
6842 6841 6840
6841 6843 6687
6687 6679 6841
6841 6842 6844
6844 6843 6841
6844 6842 6684
6691 6844 6684
6818 6846 6820
6845 6848 6821
6821 6819 6845
6820 6845 6819
6846 6845 6820
6835 6821 6848
6847 6846 6818
6818 6830 6847
6848 6849 6850
6845 6849 6848
6850 6849 6822
6822 6823 6850
6846 6847 6849
6849 6845 6846
6848 6850 6824
6847 6822 6849
6824 6850 6823
6848 6824 6835