0.066484 -0.511055 -0.171735
0.043304 -0.503239 -0.170357
0.037618 -0.518333 -0.166722
0.038082 -0.526591 -0.167461
0.069815 -0.545556 -0.168789
0.065214 -0.550283 -0.163785
0.060336 -0.545120 -0.171293
0.051202 -0.521582 -0.173046
0.046039 -0.538052 -0.170360
0.057881 -0.528289 -0.173778
0.065658 -0.539469 -0.171676
0.051615 -0.506105 -0.173239
0.050611 -0.477916 -0.170010
0.067112 -0.448156 -0.170101
0.057927 -0.447675 -0.170101
0.052068 -0.462141 -0.170101
0.069239 -0.465664 -0.170128
0.057509 -0.490959 -0.173278
0.058193 -0.462121 -0.172437
0.079139 -0.518810 -0.161455
0.037213 -0.551851 -0.163108
0.036736 -0.539062 -0.163815
0.044726 -0.548644 -0.163406
0.058695 -0.551096 -0.162383
0.076758 -0.528231 -0.162745
0.037806 -0.546108 -0.168303
0.070973 -0.501840 -0.169726
0.073118 -0.546348 -0.158061
0.072762 -0.519189 -0.168330
0.034344 -0.513691 -0.164408
0.041682 -0.479073 -0.161365
0.027282 -0.527904 -0.151332
0.037965 -0.547693 -0.156120
0.031593 -0.545358 -0.161446
0.079024 -0.532206 -0.156056
0.050323 -0.548810 -0.152183
0.030127 -0.538781 -0.156236
0.079502 -0.509114 -0.155877
0.077358 -0.446304 -0.156172
0.052904 -0.392214 -0.156115
0.048031 -0.422921 -0.155556
0.058191 -0.369074 -0.156115
0.076904 -0.415039 -0.156562
0.051427 -0.406199 -0.156115
0.079728 -0.484164 -0.155839
0.078338 -0.462141 -0.156115
0.058191 -0.434170 -0.166559
0.058191 -0.392214 -0.161486
0.044749 -0.463859 -0.162754
0.058191 -0.420185 -0.165741
0.057569 -0.377057 -0.160521
0.072257 -0.434209 -0.164176
0.058191 -0.406199 -0.164476
0.072177 -0.420185 -0.163104
0.072177 -0.392214 -0.162289
0.072177 -0.378228 -0.158454
0.072177 -0.406199 -0.163050
0.072111 -0.466962 -0.167559
0.073042 -0.535122 -0.166830
0.075994 -0.505187 -0.162763
0.029385 -0.548844 -0.147984
0.023073 -0.537529 -0.147246
0.057165 -0.549031 -0.145253
0.033130 -0.522325 -0.162509
0.023137 -0.512900 -0.141860
0.029198 -0.548154 -0.140562
0.043546 -0.546886 -0.137882
0.022462 -0.532086 -0.142310
0.072086 -0.543736 -0.141594
0.080846 -0.462141 -0.142130
0.080619 -0.362997 -0.142301
0.080025 -0.444967 -0.144514
0.079581 -0.532069 -0.142130
0.036813 -0.450404 -0.141811
0.081209 -0.504098 -0.142130
0.043902 -0.414046 -0.142117
0.078797 -0.322529 -0.142182
0.063865 -0.308301 -0.142130
0.044003 -0.392104 -0.136219
0.073672 -0.308301 -0.142130
0.080994 -0.483996 -0.144615
0.077036 -0.392157 -0.155650
0.048950 -0.378228 -0.142130
0.051023 -0.364243 -0.142130
0.054584 -0.340564 -0.145337
0.080561 -0.378228 -0.142130
0.058191 -0.364243 -0.153077
0.058191 -0.350257 -0.151899
0.044218 -0.448206 -0.156055
0.072090 -0.367092 -0.155998
0.072177 -0.350257 -0.151935
0.058191 -0.336272 -0.149554
0.072177 -0.336272 -0.149822
0.058379 -0.324696 -0.147042
0.072177 -0.322286 -0.149322
0.072177 -0.307937 -0.142366
0.071810 -0.546736 -0.152935
0.080031 -0.518340 -0.142214
0.029897 -0.483794 -0.142095
0.072000 -0.266337 -0.123055
0.016235 -0.535635 -0.128144
0.083313 -0.351846 -0.127679
0.083109 -0.454484 -0.127926
-0.011159 -0.420380 -0.125920
-0.081203 -0.330847 -0.127914
0.009178 -0.532069 -0.128144
0.081814 -0.326304 -0.127950
-0.053764 -0.492868 -0.129641
-0.065729 -0.237452 -0.131985
0.030220 -0.537249 -0.128144
0.044206 -0.539224 -0.128144
0.040230 -0.312836 -0.128278
0.024766 -0.431186 -0.127957
0.058191 -0.538086 -0.128144
0.030413 -0.409341 -0.128072
-0.095308 -0.369260 -0.120807
-0.025008 -0.310658 -0.127373
0.011498 -0.518028 -0.128212
-0.081664 -0.354939 -0.128144
0.045378 -0.284026 -0.128384
0.031792 -0.392139 -0.127554
0.072177 -0.535666 -0.128144
-0.026022 -0.474362 -0.126676
0.083235 -0.420516 -0.128460
0.077149 -0.532069 -0.128144
0.080221 -0.308301 -0.128144
0.079697 -0.518084 -0.128144
-0.027340 -0.274501 -0.127227
0.080809 -0.504098 -0.128144
0.077531 -0.294315 -0.128144
-0.012631 -0.455561 -0.124523
0.083519 -0.396135 -0.127956
-0.062851 -0.196668 -0.127997
0.016235 -0.476670 -0.128144
0.021242 -0.462329 -0.128527
0.038630 -0.369449 -0.128028
-0.081674 -0.414530 -0.128146
-0.039708 -0.204641 -0.128144
0.043455 -0.343362 -0.128896
-0.045247 -0.196416 -0.128144
0.082217 -0.487859 -0.127185
-0.067937 -0.333693 -0.133175
0.058525 -0.276236 -0.127981
-0.067223 -0.253527 -0.132432
0.043529 -0.336125 -0.128385
-0.053693 -0.406199 -0.134018
0.030221 -0.443248 -0.132721
0.044206 -0.322286 -0.130172
-0.053693 -0.336272 -0.136206
0.044206 -0.308301 -0.130450
0.030220 -0.420185 -0.128927
-0.053772 -0.314326 -0.136937
-0.067906 -0.491112 -0.128397
-0.053692 -0.238674 -0.137639
0.058761 -0.314041 -0.142716
-0.067514 -0.308935 -0.133736
-0.053693 -0.476127 -0.131768
-0.067655 -0.220796 -0.128966
-0.039394 -0.432022 -0.131059
0.035835 -0.299368 -0.126851
0.016244 -0.532119 -0.135760
-0.053693 -0.224387 -0.135987
0.058191 -0.294315 -0.133230
-0.038799 -0.381098 -0.132406
-0.067888 -0.459862 -0.131423
-0.053555 -0.273950 -0.136910
0.072177 -0.294315 -0.133286
-0.067900 -0.288535 -0.132916
0.044206 -0.364243 -0.131572
0.014709 -0.490702 -0.129045
-0.039598 -0.490549 -0.128170
-0.082251 -0.391077 -0.128479
-0.039708 -0.336272 -0.134053
-0.039662 -0.252361 -0.134150
-0.039708 -0.238373 -0.133196
-0.039804 -0.474161 -0.129674
-0.024068 -0.336441 -0.128435
-0.039708 -0.224387 -0.132873
0.030220 -0.462141 -0.135528
-0.039707 -0.322291 -0.134244
-0.053693 -0.210402 -0.133724
-0.039918 -0.304557 -0.134172
-0.068030 -0.371784 -0.132832
-0.053675 -0.191230 -0.128238
-0.053577 -0.449670 -0.132569
-0.053532 -0.376188 -0.134152
-0.039445 -0.210102 -0.130896
-0.067814 -0.402042 -0.133406
-0.067786 -0.350391 -0.133031
-0.053693 -0.350257 -0.135080
-0.039800 -0.353604 -0.133264
-0.022706 -0.361168 -0.128912
0.023131 -0.539028 -0.137323
0.017573 -0.499058 -0.132598
0.009103 0.425335 -0.114302
0.002644 0.405413 -0.114009
-0.001509 0.427271 -0.114162
-0.011639 0.410850 -0.114784
0.085467 -0.279983 -0.113637
0.072177 -0.123678 -0.114159
0.016235 -0.520207 -0.114159
0.073005 -0.126038 -0.116372
-0.106806 -0.344456 -0.114309
-0.053693 -0.556343 -0.114159
-0.094562 -0.246078 -0.118063
-0.062996 -0.546055 -0.114159
0.044206 -0.523315 -0.114159
0.090438 -0.420185 -0.114159
0.072819 -0.226003 -0.114484
-0.067679 -0.541285 -0.114159
0.058191 -0.524830 -0.114159
0.089410 -0.406199 -0.114159
0.090439 -0.381692 -0.114258
0.072177 -0.525379 -0.114159
-0.081225 -0.531801 -0.114027
0.080922 -0.518084 -0.114159
-0.131730 -0.729465 -0.114193
0.083719 -0.507212 -0.112888
-0.094191 -0.214351 -0.114471
0.089743 -0.364243 -0.114159
-0.125262 -0.710170 -0.115846
0.089533 -0.345173 -0.114380
-0.039708 -0.557874 -0.114159
-0.025722 -0.551915 -0.114159
-0.080060 -0.179234 -0.112123
0.086062 -0.488216 -0.113810
-0.020874 -0.546055 -0.114159
-0.109716 -0.661044 -0.110361
-0.011737 -0.539533 -0.114159
-0.023639 -0.177919 -0.113857
0.086162 -0.293550 -0.114219
-0.036822 -0.154205 -0.114427
-0.004746 -0.532069 -0.114159
-0.083340 -0.717862 -0.113673
-0.011737 -0.195441 -0.114368
0.057361 -0.143629 -0.115157
-0.067335 -0.129616 -0.111602
-0.053556 -0.134673 -0.115054
-0.096259 -0.458457 -0.116001
0.058134 -0.126507 -0.116507
0.002112 -0.287319 -0.122493
-0.053693 -0.546055 -0.119191
0.002249 0.418947 -0.120176
0.016235 -0.420185 -0.124686
-0.067679 -0.532069 -0.119860
0.002249 -0.266344 -0.121408
-0.109728 -0.789631 -0.114827
0.016213 -0.395449 -0.124902
-0.053693 -0.532069 -0.120487
0.030360 -0.267389 -0.125726
-0.125789 -0.756517 -0.115026
-0.095650 -0.350257 -0.121068
-0.081664 -0.518084 -0.117688
-0.093783 -0.780929 -0.115063
-0.109635 -0.755838 -0.117855
0.030220 -0.280330 -0.126303
-0.081660 -0.493189 -0.122130
0.016235 -0.532069 -0.125914
-0.004186 -0.379947 -0.126483
-0.067679 -0.518084 -0.123842
0.030220 -0.532069 -0.124494
-0.075794 -0.259299 -0.127674
-0.123819 -0.730428 -0.116707
0.016235 -0.252358 -0.122161
-0.109742 -0.731320 -0.118721
0.050963 -0.532881 -0.122380
-0.095526 -0.749598 -0.117368
0.087386 -0.461684 -0.114942
0.029302 -0.252463 -0.123767
-0.053694 -0.518081 -0.124966
-0.081727 -0.225742 -0.121157
0.085939 -0.420420 -0.121870
0.002249 -0.518084 -0.122663
0.002249 -0.504098 -0.124818
-0.039708 -0.546055 -0.122549
-0.012658 -0.356148 -0.126789
0.044334 -0.266432 -0.126546
-0.025722 -0.546055 -0.121584
0.072177 -0.532069 -0.122017
0.086162 -0.406199 -0.120448
-0.039708 -0.532069 -0.122197
-0.109371 -0.712344 -0.118604
0.086165 -0.381466 -0.121437
0.044206 -0.252358 -0.124243
-0.025722 -0.532069 -0.121061
0.004398 -0.347997 -0.125584
0.058191 -0.252358 -0.123098
0.002249 -0.490112 -0.125002
-0.025100 -0.252176 -0.126769
-0.011737 -0.532069 -0.118329
0.018942 -0.369270 -0.125260
0.002462 -0.240954 -0.121259
0.002249 -0.476127 -0.124375
-0.011782 -0.274697 -0.122936
0.029923 -0.370148 -0.125496
-0.038462 -0.517501 -0.123338
-0.011737 -0.252358 -0.122407
0.002218 -0.453433 -0.123884
0.030220 -0.238373 -0.121765
-0.096362 -0.718534 -0.117802
-0.026558 -0.503463 -0.124688
0.016809 -0.460423 -0.126592
-0.028570 -0.237833 -0.126892
0.002249 -0.224387 -0.119135
-0.094055 -0.696039 -0.115213
0.016170 -0.224986 -0.121445
-0.027007 -0.226047 -0.124622
-0.096707 -0.321782 -0.120460
-0.011737 -0.518084 -0.121396
0.030220 -0.224387 -0.121136
-0.011737 -0.238373 -0.122067
0.016969 -0.329429 -0.125916
-0.011737 -0.504098 -0.123732
0.044206 -0.238373 -0.120830
-0.011737 -0.224387 -0.119741
0.030255 -0.336779 -0.125551
-0.107646 -0.305055 -0.114480
-0.081664 -0.210402 -0.118461
0.044206 -0.224387 -0.117823
-0.081632 -0.192270 -0.114182
0.057661 -0.224654 -0.117484
-0.011737 -0.322286 -0.124637
-0.081673 -0.476129 -0.124754
0.002249 -0.434170 -0.124501
0.071822 -0.282470 -0.127054
0.086566 -0.348252 -0.119025
0.016235 -0.434170 -0.125610
0.001828 -0.317322 -0.124227
0.002249 -0.411478 -0.124884
0.072177 -0.252358 -0.120681
-0.067679 -0.182431 -0.123635
-0.079783 -0.458743 -0.127524
-0.011973 -0.304765 -0.123510
-0.053811 -0.159597 -0.121216
0.030111 -0.318994 -0.126426
0.002249 -0.210402 -0.116902
-0.025722 -0.210402 -0.119813
-0.025722 -0.490112 -0.125503
0.018035 -0.300205 -0.125667
0.016235 -0.210402 -0.118693
0.030220 -0.210402 -0.119737
-0.025720 -0.196348 -0.117464
-0.011737 -0.490112 -0.123965
0.002249 -0.195425 -0.114327
-0.011737 -0.210402 -0.116921
0.016235 -0.196416 -0.115917
-0.011737 -0.476127 -0.124602
0.086874 -0.317665 -0.115213
0.030220 -0.196416 -0.117248
0.044206 -0.210402 -0.117277
-0.038656 -0.180433 -0.120363
0.061910 -0.205961 -0.114299
0.044206 -0.196416 -0.116660
0.027280 -0.176036 -0.114101
-0.066889 -0.150082 -0.115896
0.072177 -0.140570 -0.114260
0.014002 0.419274 -0.114506
-0.011904 0.419261 -0.116510
0.002249 0.428630 -0.107166
-0.008428 0.427036 -0.106122
0.014483 0.425588 -0.106759
-0.011020 0.404760 -0.113248
0.015457 0.412841 -0.112381
-0.001773 0.427535 -0.100955
-0.017000 0.428914 -0.091887
0.018804 0.419886 -0.101123
-0.018880 0.422482 -0.100628
-0.011383 0.379464 -0.100119
0.006548 0.425902 -0.100655
0.080924 -0.126489 -0.100173
-0.095650 -0.542500 -0.100173
-0.053733 -0.098272 -0.103781
-0.093343 0.164213 -0.099052
0.081042 -0.112503 -0.100173
-0.055196 -0.071116 -0.096517
0.002293 0.181149 -0.096342
-0.121865 -0.878782 -0.099633
0.101047 -0.724822 -0.099369
-0.084189 0.181359 -0.100862
-0.081629 0.191098 -0.099702
-0.081664 -0.539055 -0.100173
-0.080372 0.202730 -0.096970
0.008232 -0.101505 -0.098094
-0.053721 -0.546065 -0.100173
-0.066745 -0.771778 -0.100952
0.114752 -0.738226 -0.101389
-0.067679 -0.543133 -0.100173
-0.038995 -0.102878 -0.101227
-0.094234 -0.872733 -0.100936
0.002250 -0.524591 -0.114159
0.016235 -0.515470 -0.100173
0.086162 -0.183968 -0.099876
-0.151326 -0.729189 -0.100108
0.079882 -0.098518 -0.100173
-0.151141 -0.711851 -0.100046
0.030220 -0.515367 -0.100173
-0.025722 -0.533655 -0.100173
0.077013 -0.084532 -0.100173
0.080606 -0.168472 -0.100193
-0.017693 0.167598 -0.102345
-0.024281 -0.532069 -0.100173
-0.081248 -0.846833 -0.100508
-0.149903 -0.682055 -0.097859
0.073070 0.202952 -0.100404
-0.011737 -0.521531 -0.100173
-0.138511 -0.831675 -0.100336
-0.021724 0.390976 -0.100173
0.080285 -0.154460 -0.100173
0.073652 -0.515932 -0.102664
-0.110485 -0.481139 -0.100548
0.081115 -0.140474 -0.100179
-0.139902 -0.819165 -0.101527
0.086162 -0.509393 -0.100173
0.018978 0.390976 -0.100173
-0.023920 0.404961 -0.100173
-0.149811 -0.762335 -0.099522
0.021975 0.404961 -0.100173
-0.124632 -0.637766 -0.102283
0.089853 -0.504098 -0.100173
-0.122906 -0.379150 -0.099464
-0.068249 0.096711 -0.103137
0.109606 -0.429310 -0.099844
0.099819 -0.485142 -0.100437
-0.150851 -0.748843 -0.099404
0.112441 -0.402959 -0.099420
-0.109660 -0.631391 -0.103100
-0.123633 -0.406779 -0.097213
-0.074208 -0.823018 -0.100269
-0.125092 -0.325638 -0.102662
0.084534 0.109813 -0.101485
-0.080453 -0.655466 -0.101698
-0.134548 -0.282067 -0.098338
-0.081424 -0.650227 -0.100631
0.113737 -0.328662 -0.101383
-0.083703 -0.636254 -0.098176
0.096794 0.124240 -0.100243
0.114587 -0.766364 -0.100952
0.117860 -0.312647 -0.100284
0.101284 0.150825 -0.100283
-0.126840 -0.223239 -0.101457
0.099912 -0.744916 -0.100369
-0.123754 -0.180169 -0.097345
-0.109680 -0.155884 -0.095990
-0.095594 -0.150043 -0.097741
-0.095738 -0.125247 -0.091211
-0.081831 -0.126225 -0.100166
-0.015131 -0.126489 -0.100173
-0.004270 -0.126632 -0.100164
-0.076749 -0.098518 -0.100173
-0.067679 -0.098518 -0.104123
0.114249 -0.709724 -0.098825
-0.109742 -0.886731 -0.100264
0.072177 -0.112503 -0.112032
0.029695 0.167299 -0.102576
-0.081584 -0.785637 -0.110124
-0.095650 -0.532069 -0.108467
0.016235 -0.518084 -0.110863
-0.109569 -0.859670 -0.105701
-0.082504 -0.757784 -0.113272
-0.067679 0.167207 -0.105220
0.032890 0.154793 -0.105233
0.100316 -0.429908 -0.104406
0.030084 -0.518141 -0.112719
-0.053696 -0.112614 -0.108621
-0.123878 -0.847527 -0.105272
-0.067679 0.181193 -0.103366
-0.088537 -0.521060 -0.112876
0.043685 -0.099739 -0.105903
0.058191 0.167207 -0.106826
0.100148 -0.406199 -0.104723
-0.094305 -0.489760 -0.113874
0.045136 -0.517730 -0.106025
0.058191 0.181193 -0.104855
0.031245 -0.111882 -0.104978
-0.053693 0.181193 -0.103535
0.100255 -0.382052 -0.105202
0.059160 -0.517552 -0.103105
-0.066228 -0.756001 -0.101997
0.044133 0.181105 -0.103324
-0.041484 -0.546267 -0.100345
-0.067554 0.203442 -0.098323
0.058189 -0.098523 -0.110626
-0.109575 -0.837856 -0.109559
-0.025722 -0.546055 -0.106472
-0.082435 -0.741844 -0.113821
0.038300 -0.083967 -0.101081
-0.034548 0.164451 -0.104518
0.072177 0.167207 -0.106000
0.002442 0.046927 -0.098599
0.058133 -0.084387 -0.106357
-0.011737 -0.532069 -0.108572
0.072177 0.181193 -0.104366
0.100239 -0.363103 -0.104886
-0.066121 -0.741381 -0.101816
-0.050262 0.095880 -0.105996
-0.010698 0.156408 -0.103654
0.086766 0.176096 -0.103184
0.072177 -0.098518 -0.110614
-0.085988 0.110016 -0.101045
0.072177 -0.084532 -0.105474
-0.137606 -0.713881 -0.110937
-0.011737 0.390976 -0.105778
-0.137746 -0.691282 -0.108266
-0.112424 -0.435149 -0.103709
0.100363 -0.324763 -0.105866
0.101156 -0.466121 -0.101496
-0.004035 0.062438 -0.102570
-0.123609 -0.824839 -0.108330
-0.139323 -0.662199 -0.102129
-0.062161 0.111346 -0.106568
-0.096025 -0.396080 -0.119277
0.016033 0.390955 -0.100693
-0.106436 -0.372386 -0.112705
-0.122705 -0.272351 -0.106128
0.010079 0.080595 -0.106679
-0.013796 0.047204 -0.099102
-0.042878 0.078640 -0.103359
-0.123384 -0.673924 -0.111253
0.100181 -0.297194 -0.105452
-0.107946 -0.273064 -0.113869
-0.017222 0.082544 -0.106403
-0.137644 -0.782116 -0.106770
0.100148 -0.280330 -0.104876
-0.123621 -0.797794 -0.111495
-0.128873 -0.239009 -0.101512
0.016235 0.097280 -0.109500
-0.003307 0.097232 -0.109638
0.034041 0.095922 -0.107922
-0.122732 -0.775027 -0.113798
0.085355 -0.265623 -0.114031
0.082059 -0.251820 -0.115327
-0.108388 -0.235612 -0.111684
-0.035051 0.111169 -0.108696
-0.137606 -0.755838 -0.109774
0.018378 0.110779 -0.110312
-0.123762 -0.202158 -0.100442
0.100707 -0.258541 -0.104210
0.000502 0.111022 -0.110647
-0.109635 -0.210402 -0.107813
0.051751 0.098376 -0.105910
0.081522 -0.235644 -0.112823
-0.137695 -0.727897 -0.111242
0.044206 0.111265 -0.108587
0.085489 -0.224087 -0.108321
-0.081613 -0.696621 -0.110138
-0.082426 0.128290 -0.103904
0.058191 0.111265 -0.107141
-0.109079 -0.194236 -0.105067
0.102119 -0.240498 -0.101827
-0.095869 -0.835639 -0.109114
-0.066842 -0.713823 -0.100653
0.100798 -0.218637 -0.100914
-0.081684 -0.822716 -0.105546
0.083624 0.098658 -0.099055
-0.061966 0.128807 -0.107122
-0.068000 0.151155 -0.106385
0.058191 -0.197596 -0.113978
-0.095757 -0.658409 -0.108705
-0.095650 -0.196416 -0.110148
-0.082082 0.164308 -0.102651
0.003015 -0.175858 -0.110740
-0.095650 -0.182431 -0.106478
0.015700 -0.178049 -0.114052
0.003965 0.124463 -0.109811
-0.053694 0.153427 -0.107242
0.030220 0.125251 -0.108601
0.043473 -0.182650 -0.114127
0.001560 0.138830 -0.106860
0.016235 0.139236 -0.106625
0.058477 -0.184561 -0.111962
-0.032876 0.126602 -0.108423
0.044206 -0.168445 -0.113112
0.058191 -0.168445 -0.111007
0.056584 0.125016 -0.108563
-0.030065 0.137257 -0.107562
-0.011737 0.125251 -0.109466
-0.011848 -0.172240 -0.108967
0.072177 -0.196416 -0.109122
-0.011737 0.139236 -0.107016
0.016235 0.153222 -0.103566
-0.053358 0.165103 -0.106196
0.072177 -0.182431 -0.107098
-0.082967 -0.147045 -0.103049
0.038846 0.136450 -0.108071
0.072177 -0.168445 -0.105810
0.057181 0.145383 -0.108398
0.002249 -0.154460 -0.105997
0.016235 -0.154460 -0.109680
0.030220 -0.154460 -0.111397
0.071066 0.132713 -0.107027
0.002249 -0.140474 -0.103543
-0.113435 -0.311486 -0.111041
0.016235 -0.140474 -0.107832
-0.067679 -0.112503 -0.108625
0.072177 0.153222 -0.106760
0.044206 -0.154460 -0.112574
-0.025707 -0.154445 -0.109780
0.085125 0.144783 -0.104342
0.058191 -0.154460 -0.112428
-0.041248 -0.137612 -0.112569
0.044206 -0.140474 -0.111729
-0.025722 -0.140474 -0.106382
-0.011737 -0.154460 -0.104432
0.016235 -0.126489 -0.105143
0.030309 -0.138965 -0.108540
-0.011738 -0.140508 -0.101391
0.045403 -0.126326 -0.112218
0.072177 -0.154460 -0.108127
0.015833 0.406863 -0.108900
0.017427 0.415677 -0.107905
0.002845 0.380745 -0.100371
-0.016582 0.413156 -0.107336
0.127509 -0.756935 -0.099380
0.016235 0.419716 -0.093181
-0.023185 0.419097 -0.093309
0.008652 0.428104 -0.093928
0.016433 0.379822 -0.094462
-0.011595 0.376661 -0.095419
-0.004491 0.375821 -0.094225
0.009242 0.449474 -0.086188
0.001213 0.481963 -0.082350
-0.011737 0.374717 -0.086188
0.002249 0.446918 -0.086188
-0.025775 0.420150 -0.086188
-0.008996 0.440929 -0.087063
0.024203 0.390976 -0.086188
0.021056 0.404961 -0.086188
-0.020752 0.455801 -0.086954
-0.025732 0.404881 -0.096870
0.017918 0.425580 -0.088396
0.015054 0.377051 -0.087484
-0.022542 0.468207 -0.085063
-0.019966 0.432138 -0.086286
-0.011944 0.479060 -0.088435
0.002876 0.439977 -0.089451
-0.011623 0.460456 -0.089033
0.003883 0.432579 -0.092854
0.014397 0.432825 -0.088974
-0.003561 0.469620 -0.087292
-0.004563 0.433213 -0.092370
0.005745 0.447557 -0.086404
-0.000548 0.443236 -0.087421
0.116410 0.210579 -0.087064
-0.059174 -0.793422 -0.086085
-0.095636 -1.065218 -0.087928
-0.122049 0.167843 -0.084974
-0.069469 0.039626 -0.088156
0.128119 -0.508893 -0.086188
-0.151462 -0.294351 -0.084145
-0.105177 -1.063301 -0.086247
0.016337 0.223247 -0.089427
0.114133 -0.506909 -0.086188
-0.054857 -0.758530 -0.084838
-0.122850 0.194658 -0.081582
-0.090647 -1.063519 -0.086188
0.139392 -0.239481 -0.084766
-0.135107 -0.448217 -0.086118
0.142287 -0.505159 -0.086384
-0.150313 -0.258971 -0.085247
-0.149045 -0.231439 -0.085337
-0.089801 -1.049534 -0.086188
-0.096519 0.223150 -0.086514
0.077872 -0.504098 -0.086188
0.128815 -0.199760 -0.087551
-0.160676 -0.727866 -0.086188
-0.139577 -0.412514 -0.084274
-0.051084 0.013139 -0.085825
0.005948 -0.002181 -0.086265
-0.160374 -0.713881 -0.086188
0.094345 -0.504098 -0.086188
-0.138265 -0.392773 -0.087497
-0.138408 -0.185578 -0.089187
-0.081271 0.234980 -0.086136
0.100580 0.223944 -0.089089
-0.157781 -0.680906 -0.086144
-0.067184 0.250761 -0.080906
-0.136487 -0.376657 -0.090355
-0.123655 -0.923013 -0.086206
0.078254 -0.042576 -0.086188
0.149048 -0.473159 -0.086215
-0.133728 -0.154460 -0.086188
-0.051086 0.240394 -0.086337
0.144434 -0.448917 -0.089107
0.066979 -0.028590 -0.086188
-0.137308 -0.896200 -0.085592
-0.123619 -0.133973 -0.086732
-0.150413 -0.633445 -0.084864
0.145824 -0.420185 -0.086188
-0.122892 -0.127075 -0.085741
-0.144924 -0.871404 -0.086364
-0.024477 0.237381 -0.086188
0.145975 -0.395009 -0.086437
-0.108969 -0.101222 -0.083690
-0.025722 0.380354 -0.086188
0.086169 -0.098286 -0.086200
-0.028291 0.390976 -0.086188
0.143268 -0.377798 -0.089944
-0.061156 -0.680475 -0.086519
0.021448 0.418947 -0.086188
0.065300 0.042595 -0.084641
0.143357 -0.365680 -0.089079
-0.107315 0.084449 -0.084907
0.083740 -0.070547 -0.086188
-0.027785 0.404961 -0.086188
-0.087526 -0.937649 -0.086188
0.144817 -0.350232 -0.086255
-0.090105 -0.070627 -0.085436
-0.066470 -0.659175 -0.088831
0.128001 -0.846131 -0.085768
-0.095069 -0.055935 -0.081141
-0.081741 -0.918380 -0.086150
-0.067622 -0.643218 -0.086254
0.088736 0.065072 -0.085758
0.142684 -0.291448 -0.086049
-0.078029 -0.896310 -0.086087
-0.081688 -0.028800 -0.081873
-0.066165 -0.026752 -0.085728
0.084646 -0.824170 -0.087022
0.111828 0.084095 -0.082789
-0.137758 -0.600817 -0.086109
-0.067932 -0.847203 -0.086125
-0.012460 -0.037556 -0.086105
-0.129325 -0.567033 -0.086188
-0.044574 -0.014194 -0.086045
-0.124365 -0.546055 -0.086188
-0.152555 -0.815866 -0.088069
-0.126120 -0.532069 -0.086188
0.131238 0.139921 -0.086958
-0.126572 -0.518444 -0.086616
-0.022355 -0.001315 -0.086412
-0.157100 -0.779606 -0.086078
-0.025860 -0.013666 -0.086059
0.136947 -0.824518 -0.086214
-0.159802 -0.743652 -0.086116
-0.076554 -0.573960 -0.086826
0.148416 -0.775162 -0.086161
-0.062980 -0.818185 -0.086146
-0.067525 -0.558589 -0.085914
0.150332 -0.754833 -0.086421
0.150672 -0.716681 -0.086079
-0.067871 -0.546419 -0.086874
-0.053693 -0.520175 -0.086188
-0.053278 -0.518084 -0.086188
-0.039708 -0.513038 -0.086188
-0.025722 -0.514720 -0.086188
-0.011737 -0.516065 -0.086188
0.113947 -0.653431 -0.088096
0.002249 -0.517489 -0.086188
-0.135123 -0.476859 -0.084773
0.147678 -0.699895 -0.086188
0.128241 -0.649520 -0.084129
0.016235 -0.516511 -0.086188
0.041788 -0.518821 -0.085593
0.058191 -0.515140 -0.086188
0.072177 -0.508279 -0.086188
0.100148 -0.506664 -0.086188
0.002249 -0.056561 -0.089069
-0.122418 -0.470305 -0.092862
-0.081583 0.046208 -0.086220
-0.123117 0.180576 -0.083371
-0.095650 -1.049534 -0.088579
0.114133 -0.504098 -0.090864
0.002249 -0.042576 -0.087143
0.113418 -0.259920 -0.099751
0.128119 -0.504098 -0.090551
0.016235 -0.056561 -0.092453
0.016235 -0.042576 -0.087654
-0.109594 -0.923794 -0.091498
-0.059350 0.048241 -0.092540
-0.095650 0.181193 -0.096629
-0.126200 -0.436005 -0.093221
-0.136409 -0.254121 -0.097259
0.030219 -0.056543 -0.092892
0.086333 -0.502674 -0.085315
-0.095711 0.195330 -0.094164
-0.137480 -0.220232 -0.094221
0.000141 -0.014702 -0.085833
-0.123748 -0.897223 -0.094138
0.100148 -0.504098 -0.093028
0.100148 -0.825765 -0.091792
0.112223 -0.215231 -0.096446
0.044206 -0.056561 -0.093607
-0.109635 -0.909678 -0.095100
-0.152833 -0.660299 -0.089043
-0.025722 0.013367 -0.088536
0.044206 -0.042576 -0.087912
0.093846 -0.193404 -0.098036
0.113894 -0.829567 -0.092213
0.114133 -0.490112 -0.094704
-0.095650 0.209164 -0.090811
0.058204 -0.057137 -0.096671
0.114133 -0.196416 -0.093543
0.058191 -0.042576 -0.091114
0.114133 -0.476127 -0.096249
-0.137349 -0.649175 -0.099593
-0.138537 -0.876730 -0.090960
0.086108 -0.783509 -0.094801
0.058192 -0.014607 -0.081366
0.113908 -0.450270 -0.097603
-0.011737 0.013367 -0.089456
0.086162 -0.168445 -0.096187
-0.108545 -0.503929 -0.098525
-0.081664 0.223150 -0.090440
-0.137606 -0.167231 -0.086386
0.100148 -0.182431 -0.093716
0.114133 -0.182431 -0.091551
0.005321 0.012548 -0.088911
0.072177 -0.056561 -0.094341
-0.055570 0.199798 -0.099011
-0.136355 -0.852459 -0.098704
0.100303 -0.805895 -0.095347
0.072395 -0.032321 -0.085922
-0.123621 -0.168445 -0.094805
0.114171 -0.804909 -0.096486
-0.123324 -0.618345 -0.097158
0.100455 -0.772976 -0.099760
-0.041198 0.030369 -0.091169
-0.096098 -0.927416 -0.090832
-0.025512 0.041095 -0.096369
-0.030758 0.186377 -0.099207
0.128003 -0.267634 -0.094697
0.020267 0.026003 -0.090341
0.128119 -0.490112 -0.093545
0.071708 -0.776141 -0.086731
0.128335 -0.244029 -0.093103
-0.139656 -0.329631 -0.091860
-0.095650 -0.909678 -0.094336
0.086229 -0.766133 -0.096229
0.145565 -0.491090 -0.088235
-0.025722 0.195178 -0.096413
-0.068708 -0.692041 -0.099527
0.071044 -0.750993 -0.087139
-0.011737 0.181193 -0.097373
0.128119 -0.476127 -0.094074
0.130741 -0.221499 -0.088586
0.002347 0.167786 -0.099712
0.033544 0.043729 -0.092768
-0.110553 -0.128965 -0.089282
-0.081664 -0.895693 -0.089482
0.015571 0.049425 -0.097952
-0.121789 0.125537 -0.084557
-0.011737 0.195178 -0.093027
0.035552 0.070207 -0.100887
0.142334 -0.471483 -0.090534
0.002249 0.195178 -0.092165
-0.096031 -0.889582 -0.098215
0.086162 -0.741852 -0.095829
0.127905 -0.456542 -0.095113
-0.052224 0.221334 -0.091908
-0.081894 -0.875350 -0.093606
0.002734 -0.114105 -0.099987
-0.026158 0.209697 -0.092760
-0.097710 0.076107 -0.088028
-0.095901 -0.619074 -0.097959
0.086162 -0.154460 -0.093129
-0.081270 0.082924 -0.096520
-0.078106 -0.617098 -0.088976
0.086162 0.209164 -0.097559
0.071368 0.056261 -0.087623
0.086162 -0.140474 -0.092415
-0.082183 -0.108894 -0.096553
0.144600 -0.434322 -0.087571
-0.011737 0.209164 -0.091050
0.099676 -0.154154 -0.087973
-0.138189 -0.618413 -0.090380
0.100148 0.209164 -0.094527
0.127794 -0.432728 -0.095166
-0.025146 -0.117681 -0.100136
0.002249 0.209164 -0.090746
0.128037 -0.814577 -0.092316
-0.064387 0.083614 -0.101040
0.065702 0.082751 -0.098525
0.142058 -0.399908 -0.089542
-0.123621 -0.601997 -0.093037
0.088867 -0.128717 -0.087709
0.000298 0.222900 -0.088812
-0.109634 -0.602126 -0.095554
0.087179 -0.112326 -0.086370
0.128119 -0.406199 -0.095565
-0.011728 -0.112592 -0.096716
-0.123680 -0.587539 -0.090666
-0.109644 0.111098 -0.089578
0.128059 -0.791789 -0.095606
-0.067679 0.223148 -0.091750
-0.109635 -0.588011 -0.093463
-0.096119 -0.107779 -0.087805
0.128247 -0.384662 -0.096668
0.030220 0.223150 -0.090915
0.142552 -0.799430 -0.087288
0.024835 0.237155 -0.086195
-0.109635 -0.574026 -0.092910
0.002249 -0.084532 -0.093268
-0.081664 -0.084532 -0.093103
-0.094598 0.110653 -0.097752
-0.123621 -0.560040 -0.088365
0.112650 -0.370998 -0.100234
0.016334 -0.084635 -0.097044
-0.025726 0.223154 -0.089409
-0.109635 -0.560040 -0.091478
0.044206 0.223150 -0.093820
0.142104 -0.769823 -0.091719
-0.081664 -0.070547 -0.091174
0.045013 0.238659 -0.088238
0.002249 -0.070547 -0.091710
-0.123621 -0.546055 -0.086709
-0.094512 0.129142 -0.100096
-0.081017 -0.056126 -0.089736
0.058191 0.223150 -0.095872
0.016235 -0.070547 -0.095891
0.142104 -0.755838 -0.093041
-0.109635 -0.546055 -0.091668
0.057942 0.240194 -0.088553
-0.067572 -0.072995 -0.097529
0.100179 0.097355 -0.093046
-0.025722 0.390976 -0.094633
-0.123621 -0.532069 -0.088224
-0.067991 -0.822965 -0.093192
0.072177 0.223150 -0.095003
-0.106540 -0.532003 -0.101220
0.033163 -0.070434 -0.096784
0.100148 0.111265 -0.097273
0.072455 0.239956 -0.087795
-0.067679 -0.056561 -0.093985
0.116710 0.107296 -0.088298
0.086158 0.223170 -0.093007
0.126632 -0.740975 -0.099728
-0.053693 -0.056561 -0.092748
-0.107973 -0.518084 -0.099060
0.128098 -0.355764 -0.096861
0.142218 -0.731721 -0.092482
-0.124380 -0.504042 -0.087519
0.071009 -0.074582 -0.101021
0.103397 0.165863 -0.099306
0.142104 -0.350257 -0.088738
0.114133 0.125251 -0.093807
0.098810 0.187535 -0.099045
0.086244 -0.719053 -0.093805
0.128119 -0.336272 -0.096787
-0.095650 -0.601997 -0.093473
0.083798 -0.692481 -0.088154
0.142104 -0.336272 -0.088156
-0.025887 -0.095661 -0.094258
-0.081004 -0.602004 -0.087304
-0.095650 -0.588011 -0.091375
0.115258 0.146533 -0.095116
-0.079772 -0.587967 -0.086649
-0.011494 -0.088453 -0.091164
0.143065 -0.322178 -0.087098
0.127941 -0.309149 -0.096625
0.128327 0.119951 -0.085025
-0.039831 -0.078714 -0.094937
-0.095650 -0.574026 -0.091870
-0.039708 -0.056561 -0.091392
0.100854 -0.679892 -0.092888
0.128069 -0.300106 -0.095967
-0.027215 -0.058584 -0.089029
-0.081664 -0.560040 -0.091327
0.142704 -0.308459 -0.087138
-0.011737 -0.070547 -0.088455
0.114049 -0.677828 -0.094096
-0.095959 -0.545982 -0.092078
-0.011737 -0.056561 -0.087116
-0.081664 -0.546055 -0.093078
0.016341 0.195171 -0.095708
-0.067679 -0.042576 -0.090082
0.016235 0.209164 -0.092794
0.128439 -0.711644 -0.097444
-0.053693 -0.042576 -0.089581
0.030220 0.209164 -0.094180
0.141952 -0.712524 -0.091916
-0.053037 -0.025585 -0.086764
-0.070668 -0.532284 -0.086109
0.044431 0.198824 -0.099821
0.058356 0.208686 -0.099538
-0.053693 -0.532069 -0.092898
-0.039708 -0.042576 -0.090871
-0.025722 -0.042576 -0.088848
-0.039708 -0.028590 -0.089014
-0.039708 -0.532069 -0.095785
-0.025722 -0.028590 -0.087911
0.128220 -0.674878 -0.090863
-0.039708 -0.518084 -0.094098
-0.025720 -0.518084 -0.094961
0.003961 -0.518117 -0.099790
-0.011737 -0.518084 -0.096524
0.044206 -0.518084 -0.091372
-0.025603 0.376743 -0.084219
0.018237 0.386290 -0.095696
0.022009 0.397783 -0.090850
-0.072192 -0.540580 -0.091456
0.092803 -0.505408 -0.092332
-0.027134 0.474766 -0.079277
-0.001135 0.375174 -0.082238
-0.031190 0.487135 -0.077371
-0.710275 0.207670 -0.080194
0.007557 0.376650 -0.081424
-0.031487 0.429114 -0.081298
0.023147 0.386235 -0.078198
-0.040803 0.473269 -0.076816
-0.708096 0.217602 -0.078100
0.009583 0.486424 -0.076700
-0.717912 0.209149 -0.080398
-0.723862 0.215545 -0.081158
-0.706901 0.231452 -0.081169
-0.718006 0.216157 -0.083194
0.016027 0.446916 -0.083938
-0.025082 0.482188 -0.081194
0.002803 0.477317 -0.081362
-0.004972 0.455034 -0.085856
-0.013003 0.441018 -0.087883
-0.722607 0.222108 -0.082512
0.009063 0.456004 -0.085909
0.023235 0.383963 -0.086110
-0.035357 0.459468 -0.078829
0.019173 0.433424 -0.086020
0.029684 0.444172 -0.081691
-0.004481 0.489311 -0.080555
0.025202 0.430894 -0.084073
-0.695164 0.224594 -0.080748
-0.701595 0.237314 -0.080510
0.022882 0.401112 -0.081978
0.021073 0.454156 -0.083228
0.016425 0.467208 -0.085292
0.003033 0.465702 -0.085529
0.016235 0.474889 -0.083539
-0.000548 0.449715 -0.085901
0.005216 0.375047 -0.072895
0.018495 0.488938 -0.072432
0.021820 0.384715 -0.073115
-0.700612 0.208211 -0.071822
0.001794 0.493939 -0.069889
-0.047380 0.462989 -0.068858
0.031027 0.392418 -0.072036
-0.033872 0.497181 -0.071566
-0.740620 0.209033 -0.070284
-0.722871 0.207985 -0.079245
-0.040182 0.485381 -0.071661
-0.715921 0.202652 -0.073257
-0.007114 0.371902 -0.077620
0.026775 0.409423 -0.080434
-0.020724 0.492165 -0.078980
-0.100019 0.027352 -0.072202
-0.051456 0.446415 -0.068085
-0.161807 -0.269532 -0.072262
0.091888 -0.049343 -0.072023
0.156403 -0.288192 -0.071457
0.135773 -0.564414 -0.072245
0.030247 0.264839 -0.070737
-0.123621 -1.069530 -0.072202
-0.163632 -0.241035 -0.069443
0.139793 -0.546543 -0.070691
0.086370 -0.022316 -0.072095
-0.501146 0.222349 -0.071978
0.149865 -0.833889 -0.072159
-0.050587 -0.754298 -0.071962
0.057423 0.256139 -0.076696
-0.487244 0.187562 -0.072202
0.144583 -0.225573 -0.075394
0.066692 -0.825765 -0.072202
-0.094485 -1.077994 -0.073852
0.151424 -0.518084 -0.072202
0.142763 -0.204171 -0.072870
0.156563 -0.507673 -0.072055
-0.081183 -1.063885 -0.074706
-0.466848 0.193920 -0.073607
-0.153922 -0.182742 -0.074606
0.071253 0.262593 -0.070303
0.086500 0.026917 -0.072202
-0.165650 -0.728423 -0.072676
0.058980 -0.796880 -0.070940
0.084253 0.261374 -0.069480
-0.490653 0.222195 -0.071305
0.096016 0.253069 -0.074190
-0.669876 0.211923 -0.072193
0.157890 -0.490112 -0.072202
-0.142443 -0.135776 -0.072429
-0.123621 -1.043823 -0.072202
0.098634 0.043706 -0.072202
0.156602 0.167207 -0.072202
-0.164270 -0.692101 -0.072062
0.158521 -0.473799 -0.072528
-0.733775 0.237135 -0.072202
0.057837 -0.769282 -0.072812
-0.161412 -0.662058 -0.072059
0.099748 0.060105 -0.078488
-0.123202 -1.036403 -0.071591
0.159161 -0.448156 -0.072202
-0.711013 0.246373 -0.072202
0.106617 -0.098518 -0.072202
-0.137609 -0.120913 -0.072186
-0.115662 -1.007577 -0.072202
-0.159132 -0.643953 -0.072202
-0.550310 0.223331 -0.072205
-0.697027 0.246174 -0.072202
0.100148 -0.086613 -0.072202
0.156090 0.200421 -0.072202
0.098224 -0.084532 -0.072202
-0.156905 -0.629968 -0.072202
-0.683042 0.243563 -0.072202
0.156340 0.222370 -0.066315
-0.669467 0.238970 -0.073870
0.093207 -0.070719 -0.072355
-0.123309 -0.967858 -0.071603
0.145383 -0.168923 -0.062810
-0.116484 -0.056621 -0.071675
-0.053688 -0.696293 -0.072341
-0.137367 0.192835 -0.072314
-0.644489 0.223150 -0.072202
0.156848 -0.353972 -0.072515
-0.081519 -1.043339 -0.071774
-0.056873 -0.661189 -0.072455
-0.652724 0.237175 -0.072168
-0.135574 0.208839 -0.070260
0.446442 0.195779 -0.071439
0.126731 -0.130841 -0.072195
-0.051408 -0.724586 -0.072466
-0.080882 -1.049532 -0.075215
0.156353 -0.336559 -0.073479
0.143584 0.124950 -0.075208
0.160417 -0.761765 -0.072272
-0.502384 0.192439 -0.073625
-0.085089 -1.020794 -0.071965
0.454689 0.222494 -0.071852
-0.110234 -0.046855 -0.072009
0.161645 -0.715724 -0.072026
-0.110044 0.225138 -0.079767
-0.085383 -1.007965 -0.072154
-0.098836 -0.017383 -0.072116
0.156090 -0.319901 -0.072202
-0.057975 -0.643953 -0.072202
0.037726 0.404961 -0.072202
-0.084251 -0.997691 -0.071647
-0.110174 0.245811 -0.071340
0.044295 0.418738 -0.072202
-0.059127 -0.629968 -0.072202
-0.099231 0.251034 -0.072224
0.064916 -0.691246 -0.072106
-0.060526 -0.615982 -0.072202
0.068190 -0.671924 -0.072202
-0.081126 0.260952 -0.071365
-0.095659 0.013295 -0.072208
-0.151652 -0.604806 -0.072149
0.047050 0.447366 -0.073693
-0.053693 0.264441 -0.071616
-0.136841 -0.930661 -0.070311
-0.147887 -0.588011 -0.072202
-0.039708 0.264235 -0.071467
-0.164416 -0.344952 -0.071486
-0.145537 -0.574026 -0.072202
-0.143923 -0.560040 -0.072202
-0.139036 -0.913993 -0.075161
-0.163065 -0.316697 -0.071967
0.160780 -0.699895 -0.072202
-0.146022 -0.895693 -0.072202
-0.025722 0.356629 -0.072202
-0.033678 0.363005 -0.072202
-0.162637 -0.297088 -0.072180
-0.011633 0.349008 -0.060960
-0.151544 -0.517485 -0.071160
-0.152332 -0.873699 -0.072870
-0.035471 0.376990 -0.072202
-0.151619 -0.504143 -0.071731
-0.033741 0.390976 -0.072202
0.155663 -0.665360 -0.071685
0.100148 -0.907459 -0.072202
0.476280 0.182263 -0.070646
-0.060277 -0.601997 -0.072202
0.143610 -0.636373 -0.072630
-0.156436 -0.846718 -0.072070
-0.073805 -0.937649 -0.072202
-0.039401 0.413919 -0.072723
-0.072011 -0.923664 -0.072202
0.139628 -0.616060 -0.070459
-0.045355 0.434574 -0.073258
-0.070334 -0.909678 -0.072202
-0.056631 -0.546055 -0.072202
-0.060313 -0.532069 -0.072202
0.533699 0.188567 -0.072202
-0.053693 -0.522295 -0.072202
0.553921 0.194820 -0.072315
0.072524 -0.848216 -0.071816
0.072168 -0.588045 -0.072206
-0.047149 -0.518084 -0.072202
-0.064330 -0.863026 -0.072145
-0.039708 -0.516956 -0.072202
-0.025722 -0.516329 -0.072202
0.069163 -0.573660 -0.073526
0.014060 -0.519003 -0.072795
-0.008833 -0.518084 -0.072202
0.030220 -0.519817 -0.072202
-0.161099 -0.794857 -0.072242
-0.011737 -0.517388 -0.072202
0.044206 -0.522187 -0.072202
0.495323 0.236672 -0.071867
0.058268 -0.530037 -0.072114
-0.165372 -0.742511 -0.071706
0.575656 0.201339 -0.072202
0.589641 0.205125 -0.072202
-0.059753 -0.838138 -0.072337
0.601683 0.209064 -0.072200
-0.053471 -0.794151 -0.072567
0.631574 0.222666 -0.072692
0.659569 0.219759 -0.072202
0.590049 0.236569 -0.071769
0.604164 0.236116 -0.071631
0.658966 0.236517 -0.072082
0.688319 0.209164 -0.072202
0.673577 0.216495 -0.072210
0.715511 0.203392 -0.072202
0.729497 0.197148 -0.072202
0.743482 0.202300 -0.072202
0.743294 0.223068 -0.075261
0.687539 0.240841 -0.072201
0.701525 0.243935 -0.072202
0.715511 0.245918 -0.072202
0.729497 0.244691 -0.072202
0.743482 0.227666 -0.072202
-0.110105 -1.078079 -0.073155
-0.517745 0.209499 -0.075018
-0.081664 -0.000619 -0.077563
0.015169 -0.033153 -0.086045
0.113376 0.222881 -0.084510
-0.081664 0.013367 -0.078777
-0.126497 -1.063512 -0.073303
-0.067679 -0.000619 -0.081731
0.030668 -0.029103 -0.083079
0.000294 0.236570 -0.084967
0.141039 -0.269231 -0.086090
0.016348 0.250812 -0.079320
0.045348 -0.028993 -0.083568
-0.501230 0.209164 -0.075429
-0.054557 -0.733584 -0.084785
-0.528153 0.223066 -0.072260
-0.157120 -0.432543 -0.071678
0.016235 -0.014604 -0.084524
-0.487244 0.195178 -0.074903
-0.067681 0.013365 -0.083015
-0.147857 -0.204086 -0.083871
0.030220 -0.014604 -0.082684
0.033946 0.251114 -0.079897
-0.124862 -1.049422 -0.073786
-0.095650 0.027352 -0.074786
0.028795 -0.000959 -0.082943
-0.454911 0.195474 -0.072502
-0.095650 0.041338 -0.078297
-0.108077 -1.049293 -0.086099
-0.081677 0.028543 -0.081938
0.128091 -0.187897 -0.086144
-0.487244 0.209164 -0.074770
-0.109635 -1.035548 -0.083253
0.044206 -0.014604 -0.081185
-0.109841 0.050110 -0.072219
0.124775 -0.168766 -0.085696
-0.109635 -1.021563 -0.080379
-0.093217 0.058140 -0.085091
0.072177 0.251121 -0.080347
-0.137606 -0.154460 -0.083276
0.114133 -0.588011 -0.079607
-0.151592 -0.378228 -0.080674
0.114916 -0.161349 -0.087588
-0.137014 -0.127843 -0.075132
0.044206 -0.000619 -0.080718
-0.152412 -0.361691 -0.081674
0.096093 -0.140322 -0.085905
-0.109635 -0.996443 -0.077038
-0.051988 -0.000676 -0.084236
0.099973 0.237031 -0.083505
0.058191 -0.000619 -0.078393
0.114133 -0.140474 -0.082327
-0.109635 -0.979606 -0.078515
-0.138024 0.171519 -0.073734
-0.109635 -0.965620 -0.080588
0.129375 -0.589652 -0.075082
0.082280 -0.056895 -0.085958
0.100148 -0.126489 -0.080980
-0.150714 -0.330820 -0.083734
-0.123954 -0.099687 -0.078389
0.128349 -0.560775 -0.076268
-0.055222 -0.717557 -0.084678
0.086162 -0.042576 -0.078631
-0.125093 -0.954716 -0.074786
0.114067 -0.561268 -0.079711
-0.109724 -0.947509 -0.086087
0.134891 0.180061 -0.085135
-0.136898 0.138287 -0.074485
0.100148 -0.112503 -0.076000
-0.068515 -0.629948 -0.084461
-0.123316 -0.073778 -0.072234
0.114133 -0.546055 -0.078473
-0.127471 0.210768 -0.074764
-0.121660 0.143324 -0.085774
0.114142 -0.126466 -0.078318
0.122446 0.194367 -0.088314
0.072177 -0.014604 -0.079237
-0.109635 -0.084532 -0.081103
-0.067679 -0.615982 -0.080084
-0.109623 0.208216 -0.085714
-0.095763 -1.039346 -0.085823
0.142104 0.195178 -0.078551
0.077236 -0.000386 -0.073096
0.085851 -0.084352 -0.084829
-0.109635 -0.070547 -0.079693
0.114133 -0.532069 -0.080900
0.134449 0.164639 -0.086869
0.128422 -0.543844 -0.076451
0.100148 -0.098518 -0.073558
-0.136147 -0.588516 -0.084905
0.043474 0.013327 -0.082392
0.157128 0.181720 -0.072824
-0.095650 -1.021563 -0.082596
0.114133 -0.518084 -0.082088
-0.111391 0.069309 -0.077057
0.157207 0.195178 -0.072544
0.128119 -0.518084 -0.081427
-0.095650 -1.007577 -0.082015
0.058191 0.013367 -0.078795
-0.093290 -0.085617 -0.085934
0.142104 -0.518084 -0.080868
-0.137313 -0.560268 -0.079227
0.068077 0.027805 -0.079222
0.083630 -0.870902 -0.074003
-0.095650 -0.993591 -0.080568
-0.095001 0.236459 -0.081881
-0.095650 -0.979606 -0.080295
-0.137602 -0.546030 -0.074482
0.128847 -0.144294 -0.076182
0.139116 0.220589 -0.072534
0.100824 -0.872947 -0.080753
-0.141820 -0.531839 -0.072598
-0.095650 -0.965620 -0.082242
0.086162 -0.504098 -0.080131
0.114351 -0.886617 -0.078510
-0.672335 0.223240 -0.078205
0.074216 0.013470 -0.073912
-0.081664 0.251121 -0.078135
-0.137606 -0.518084 -0.080699
-0.095650 -0.951294 -0.086078
0.156090 -0.490112 -0.076594
-0.137304 -0.501834 -0.081094
0.114774 -0.858824 -0.085627
-0.683042 0.237135 -0.077577
-0.081664 -0.951635 -0.078518
0.128119 -0.867722 -0.080132
0.086162 -0.853736 -0.079831
-0.095845 -0.042345 -0.077895
-0.067679 -0.601997 -0.078050
0.156163 -0.453792 -0.077789
0.086162 0.041332 -0.077682
-0.047594 0.250869 -0.081914
0.143564 -0.854886 -0.073971
-0.067679 -0.588011 -0.079889
0.087214 -0.838404 -0.085234
-0.655071 0.223150 -0.074649
-0.121821 -0.932025 -0.085233
-0.025722 0.251121 -0.080435
-0.067679 -0.574026 -0.082664
0.030222 0.418947 -0.080108
0.101405 -0.851649 -0.086185
0.141795 -0.828076 -0.082282
0.157685 -0.434643 -0.074530
0.047221 0.433062 -0.073612
-0.081664 -0.014604 -0.079118
0.157025 -0.416952 -0.074126
-0.006166 0.251288 -0.078886
0.071114 -0.838713 -0.073774
0.127769 -0.893038 -0.072991
-0.544349 0.207972 -0.072826
-0.067679 -0.532069 -0.079248
-0.067678 -0.014613 -0.083298
0.073036 -0.798998 -0.084872
-0.025722 0.363005 -0.077535
0.002572 -0.519047 -0.074148
-0.150563 -0.850632 -0.085142
0.157447 -0.383481 -0.073165
-0.151504 -0.834183 -0.086410
-0.081664 -0.937649 -0.082320
-0.158757 -0.462188 -0.069819
0.136412 0.153677 -0.085748
0.156108 -0.303339 -0.072194
0.035731 0.475663 -0.072992
0.157521 -0.780355 -0.074551
0.474370 0.193807 -0.075406
0.155889 -0.754440 -0.079815
0.155982 -0.717929 -0.080571
0.491743 0.195178 -0.078008
0.463654 0.209155 -0.075395
0.073193 -0.714794 -0.085339
0.477757 0.209164 -0.078014
0.072072 -0.682654 -0.077573
0.477757 0.223150 -0.076301
0.497841 0.209403 -0.080783
0.072062 -0.653259 -0.072257
0.497052 0.223257 -0.078946
0.087169 -0.659555 -0.083619
0.086162 -0.643953 -0.078868
0.511324 0.195265 -0.078942
0.098915 -0.656190 -0.087715
0.534336 0.195297 -0.076665
0.525397 0.208680 -0.081217
0.100148 -0.629968 -0.080419
0.114133 -0.629968 -0.081823
0.523836 0.223156 -0.080342
0.081571 -0.616139 -0.073023
0.100148 -0.615982 -0.077631
0.114133 -0.615982 -0.078366
0.549704 0.208981 -0.079682
0.554610 0.223059 -0.079987
0.156090 -0.699895 -0.078578
0.141449 -0.672163 -0.085063
0.157785 -0.684118 -0.074279
0.532312 0.237981 -0.073167
0.555631 0.237736 -0.073092
0.142590 -0.654481 -0.078868
0.575656 0.209164 -0.076566
0.128119 -0.629968 -0.078601
0.589641 0.209164 -0.074615
0.575656 0.223150 -0.078299
0.128119 -0.615982 -0.075408
0.589641 0.223150 -0.076934
0.075536 -0.603224 -0.071800
0.603627 0.223150 -0.075650
0.086162 -0.588011 -0.076057
0.100148 -0.601997 -0.077172
0.645832 0.222636 -0.072558
0.114133 -0.601997 -0.078112
0.100148 -0.588011 -0.078458
0.673554 0.223150 -0.074596
0.687508 0.237135 -0.076145
0.087031 -0.566138 -0.078081
0.701347 0.208956 -0.075162
0.687540 0.223150 -0.079282
0.099906 -0.565454 -0.079332
0.701525 0.223150 -0.084579
0.715511 0.209164 -0.077693
0.729497 0.209164 -0.080018
0.030219 -0.518082 -0.079279
0.715511 0.223150 -0.084960
0.058191 -0.518084 -0.078228
0.729497 0.223150 -0.083384
0.072253 -0.549742 -0.076638
0.086162 -0.546055 -0.079033
0.072177 -0.532069 -0.076815
0.086162 -0.532069 -0.080355
0.701525 0.237135 -0.080691
0.100148 -0.546055 -0.079065
0.715511 0.237135 -0.083769
0.100148 -0.532069 -0.081812
0.729497 0.237135 -0.080713
0.072177 -0.518084 -0.078105
0.086162 -0.518084 -0.081232
0.100148 -0.518084 -0.083381
0.131284 -0.602226 -0.073881
0.025604 0.462131 -0.080858
0.020744 0.482087 -0.076339
-0.695717 0.216444 -0.076652
-0.723324 0.236348 -0.080700
-0.014837 0.369047 -0.078694
-0.124692 0.083294 -0.072202
0.081983 -0.631818 -0.074532
-0.119820 0.112437 -0.083529
-0.002500 0.511043 -0.059039
-0.011953 0.501812 -0.072312
0.034743 0.382868 -0.064367
-0.704022 0.206718 -0.065209
-0.697027 0.208486 -0.065209
-0.722923 0.193659 -0.065287
-0.002181 0.502537 -0.066998
-0.711013 0.202008 -0.065414
-0.021289 0.499391 -0.072675
0.017526 0.375429 -0.065138
-0.683694 0.209978 -0.071533
-0.720849 0.180931 -0.051450
0.014404 0.505176 -0.056709
-0.711207 0.196216 -0.058278
-0.018442 0.523546 -0.054118
-0.701303 0.193458 -0.057625
-0.704020 0.208187 -0.058217
-0.009430 0.516680 -0.054342
-0.733389 0.198281 -0.066438
-0.025612 0.517023 -0.061026
-0.735610 0.187824 -0.065685
-0.698884 0.202290 -0.058237
-0.690035 0.195178 -0.060657
-0.033969 0.509233 -0.067488
-0.684064 0.201922 -0.065803
-0.746706 0.199852 -0.062995
-0.020093 0.507928 -0.063434
0.101575 0.013317 -0.059876
-0.683124 0.188777 -0.058115
-0.143818 -0.108516 -0.058838
-0.060308 0.446918 -0.058217
0.149029 -0.558109 -0.058631
0.112965 0.027978 -0.054652
-0.058205 0.460904 -0.058217
-0.137606 -0.080095 -0.058217
-0.134717 -1.063519 -0.058217
-0.164105 -0.671924 -0.058217
-0.176965 -0.365119 -0.057373
0.152075 -0.532069 -0.058217
-0.133824 -0.064397 -0.057835
-0.175750 -0.344306 -0.057264
-0.162650 -0.651713 -0.058320
-0.095640 -1.085124 -0.058197
0.038024 0.279847 -0.057548
-0.173839 -0.314485 -0.058302
0.156090 -0.512748 -0.058217
-0.085159 -1.077505 -0.058217
0.159509 -0.504098 -0.058217
-0.160532 -0.629968 -0.058217
-0.081664 -1.072382 -0.058217
-0.738984 0.245141 -0.058217
-0.431672 0.167207 -0.058217
0.002249 0.353541 -0.058217
-0.158843 -0.615982 -0.058217
0.057329 0.473414 -0.057329
-0.077615 -1.063519 -0.058217
-0.425836 0.167207 -0.058217
0.162454 -0.490112 -0.058217
-0.170854 -0.288492 -0.060324
0.163465 -0.476400 -0.058453
-0.132247 -1.049534 -0.058217
0.163697 -0.253745 -0.057823
-0.730722 0.251170 -0.058273
-0.127547 -0.042576 -0.058217
-0.051304 -0.724859 -0.058394
-0.129273 -1.035548 -0.058217
0.044275 0.377877 -0.058106
0.139161 0.075938 -0.056810
0.162304 -0.238373 -0.058217
-0.706814 0.249068 -0.058196
0.164152 -0.445641 -0.058425
-0.127143 -1.021563 -0.058217
-0.722050 0.251121 -0.058217
-0.053242 -0.693032 -0.056700
0.093023 -1.077505 -0.058217
0.477757 0.171380 -0.058217
0.051648 0.390976 -0.058217
0.151797 0.100250 -0.056820
0.114133 -1.080853 -0.058217
0.165005 -0.420185 -0.058217
0.491743 0.172432 -0.058217
-0.127322 -1.005181 -0.058147
-0.120391 -0.000063 -0.053766
-0.683042 0.249074 -0.058217
0.294199 0.167207 -0.058217
0.505728 0.173795 -0.058217
-0.129617 -0.979606 -0.058217
0.160382 0.125314 -0.059321
-0.118466 0.013244 -0.055037
0.156232 -0.193227 -0.058086
-0.669056 0.248275 -0.058217
0.123635 -1.077505 -0.058217
0.128119 -1.071536 -0.058217
0.170485 0.139998 -0.054639
0.165171 -0.402098 -0.058865
-0.132983 -0.965620 -0.058217
-0.655071 0.203977 -0.058217
0.309849 0.169226 -0.058210
0.519775 0.176182 -0.058201
0.170372 0.153469 -0.058364
-0.641085 0.206877 -0.058217
0.095496 -1.036976 -0.057904
0.166678 -0.361183 -0.058392
0.539238 0.181459 -0.058748
-0.077481 -1.049534 -0.058217
-0.078670 -1.035692 -0.051728
-0.156905 -0.601997 -0.058217
0.204215 0.152728 -0.050474
0.142002 -0.145332 -0.059564
-0.154700 -0.588011 -0.058217
0.100148 -1.016311 -0.058217
0.463771 0.242520 -0.058217
-0.543301 0.188990 -0.058226
-0.150497 0.096540 -0.055497
-0.152641 -0.574247 -0.060503
-0.566450 0.195178 -0.058217
0.165323 -0.287707 -0.058867
0.477757 0.244797 -0.058217
-0.151705 0.109204 -0.058436
-0.599129 0.205842 -0.058217
0.491743 0.246003 -0.058217
-0.077516 -0.979606 -0.058217
0.128622 -0.113534 -0.063703
-0.167289 -0.504041 -0.058181
0.511439 0.246805 -0.058147
-0.585143 0.200668 -0.058217
-0.074764 -0.965620 -0.058217
0.125346 -0.089236 -0.057775
0.092206 -0.957941 -0.058567
-0.071757 -0.951635 -0.058217
0.276627 0.225260 -0.059434
-0.655071 0.247899 -0.058217
0.547997 0.246741 -0.058425
0.128072 -1.062362 -0.058091
-0.154993 0.153222 -0.058217
-0.157741 -0.518084 -0.058217
-0.641085 0.249694 -0.058217
0.121243 -1.035548 -0.058217
-0.155068 0.167207 -0.058217
-0.627100 0.249746 -0.058217
-0.143788 -0.923664 -0.058217
-0.051907 -0.612757 -0.059067
-0.166024 -0.198037 -0.060783
0.086431 0.270724 -0.058309
0.359313 0.175965 -0.058407
-0.756368 0.192897 -0.058240
-0.047868 -0.588011 -0.058217
0.114133 0.261652 -0.058217
0.565627 0.188260 -0.058420
-0.147017 -0.909678 -0.058217
-0.756791 0.209142 -0.058440
-0.609412 0.246532 -0.058227
-0.046379 -0.574026 -0.058217
-0.151599 -0.890763 -0.057282
0.123798 -0.951635 -0.058217
-0.749177 0.224784 -0.056713
-0.046950 -0.560040 -0.058217
-0.585143 0.243882 -0.058217
-0.164466 -0.168043 -0.057468
0.585103 0.194680 -0.058246
0.085548 -0.937772 -0.058790
0.141365 0.249448 -0.055688
-0.049091 -0.546055 -0.058217
-0.160123 -0.154198 -0.059277
0.603627 0.201210 -0.058217
0.411724 0.175771 -0.058196
0.128764 0.253000 -0.059549
-0.048704 -0.532069 -0.058217
0.617612 0.205661 -0.058217
0.077763 -0.912740 -0.058288
-0.156003 0.181193 -0.058217
-0.563625 0.243162 -0.058174
0.051527 -0.783809 -0.058217
-0.156749 -0.865945 -0.057925
-0.039708 -0.522830 -0.058217
-0.160445 -0.823804 -0.058252
0.170063 0.223718 -0.062739
0.051057 -0.768286 -0.057950
0.437145 0.167927 -0.056898
-0.151982 0.224550 -0.058509
-0.026082 -0.517985 -0.058217
0.053615 -0.724841 -0.058642
0.659569 0.205723 -0.058217
0.071827 -0.887506 -0.058634
-0.069422 -0.937630 -0.058218
0.004612 -0.519514 -0.058122
0.673554 0.202405 -0.058217
-0.004847 -0.518084 -0.058217
-0.138574 0.237627 -0.058482
-0.501306 0.176657 -0.058213
-0.011737 -0.517129 -0.058217
0.193532 0.226175 -0.059277
0.575656 0.245833 -0.058217
0.156684 -0.841003 -0.058457
-0.067193 -0.916808 -0.058431
-0.126770 0.251121 -0.058217
-0.063859 -0.886619 -0.057994
-0.487244 0.173580 -0.058217
0.161643 -0.804787 -0.058217
0.594589 0.245184 -0.058344
0.064790 -0.859287 -0.058157
-0.123621 0.254431 -0.058217
-0.170971 -0.486047 -0.058129
-0.473259 0.171063 -0.058217
0.617612 0.245744 -0.058217
-0.107564 0.262889 -0.058467
-0.173031 -0.462141 -0.058217
-0.060340 -0.859614 -0.058088
-0.460102 0.168200 -0.057399
0.644002 0.247664 -0.058384
0.128383 -0.937793 -0.058096
0.166117 -0.766973 -0.058294
-0.543187 0.241950 -0.058217
0.659569 0.246371 -0.058217
0.424821 0.236750 -0.055112
0.133117 -0.923664 -0.058217
-0.172583 -0.427907 -0.058223
-0.081664 0.272242 -0.058217
-0.518357 0.241376 -0.058036
0.673554 0.245724 -0.058217
0.138435 -0.909678 -0.058217
-0.067679 0.275731 -0.058217
-0.176254 -0.392342 -0.058362
0.729497 0.193131 -0.058217
-0.495002 0.238718 -0.059763
0.720957 0.195178 -0.058217
0.687540 0.200876 -0.058217
-0.166523 -0.740102 -0.056735
-0.041033 0.279365 -0.058031
0.701525 0.203018 -0.058217
0.057251 -0.686468 -0.060252
0.150445 -0.872719 -0.058016
0.715511 0.198462 -0.058217
0.155651 -0.850701 -0.057304
0.058183 -0.664689 -0.057888
-0.025722 0.346564 -0.058217
0.746994 0.195178 -0.058217
-0.163840 -0.778625 -0.058196
-0.028871 0.349019 -0.058217
0.744287 0.209158 -0.075722
-0.037228 0.363005 -0.058217
0.059072 -0.644197 -0.056860
0.754394 0.223150 -0.058217
-0.011737 0.346096 -0.058217
0.057590 -0.825391 -0.058078
0.059225 -0.630391 -0.056104
0.687540 0.246879 -0.058217
-0.392412 0.180085 -0.058623
-0.006796 0.349019 -0.058217
0.052935 -0.797794 -0.058217
0.712165 0.250270 -0.058999
-0.039708 0.370469 -0.058217
-0.042720 0.376990 -0.058217
0.167802 -0.709839 -0.058300
-0.050587 -0.783809 -0.058217
0.749549 0.237135 -0.058217
0.743482 0.246591 -0.058217
-0.055489 0.419320 -0.060547
-0.049704 -0.757193 -0.058307
0.166745 -0.685910 -0.058217
0.164660 -0.669239 -0.058380
-0.431668 0.224659 -0.059411
0.157126 -0.638988 -0.059801
0.053156 -0.588011 -0.058217
0.050299 -0.570223 -0.058238
0.049357 -0.546055 -0.058217
0.044953 -0.532069 -0.058217
0.030220 -0.521722 -0.058217
0.149634 -0.601997 -0.058217
0.148985 -0.578728 -0.058837
-0.125732 -1.078395 -0.060096
-0.165310 -0.384543 -0.070409
0.029943 0.485918 -0.071476
0.006791 0.272274 -0.067075
0.044206 0.474889 -0.068478
-0.738698 0.223150 -0.071970
0.016088 0.285407 -0.058100
-0.135888 -0.109355 -0.070666
0.141547 -0.528945 -0.071958
-0.164950 -0.364202 -0.071606
0.045331 0.489730 -0.058500
-0.739988 0.237883 -0.062354
-0.053878 0.475787 -0.057710
-0.053502 -0.667383 -0.060090
-0.724998 0.244894 -0.072201
0.059670 0.446049 -0.062009
-0.123621 -0.056561 -0.066139
0.002249 0.363005 -0.062466
-0.123621 -1.007577 -0.063026
0.058701 0.461364 -0.059844
-0.121591 -0.995069 -0.066903
-0.053291 -0.643428 -0.059055
0.044206 0.390976 -0.063349
-0.655421 0.216017 -0.071925
0.449786 0.181193 -0.067654
-0.052968 -0.629567 -0.059045
0.165957 -0.308300 -0.058217
0.463771 0.181193 -0.068766
-0.641085 0.209164 -0.062105
-0.123621 -0.042576 -0.062038
0.226017 0.167207 -0.059167
0.153690 -0.259014 -0.070599
-0.641085 0.223150 -0.071918
0.150341 -0.237210 -0.071567
-0.109729 -0.021138 -0.066927
-0.627112 0.208945 -0.059023
0.491860 0.182090 -0.071312
0.161427 -0.221923 -0.058147
0.248565 0.181035 -0.064171
-0.613114 0.209127 -0.058291
0.510014 0.182645 -0.071487
0.100048 -1.077888 -0.060486
-0.151598 -0.588010 -0.065574
0.253919 0.167267 -0.059361
-0.109635 -0.000619 -0.062935
-0.627100 0.223150 -0.071155
0.114133 -1.077505 -0.061476
-0.613114 0.223150 -0.070216
-0.109635 0.013367 -0.062728
0.160033 -0.209898 -0.057481
0.100148 -1.063519 -0.065460
-0.165277 -0.234421 -0.067349
-0.153037 -0.558394 -0.059530
-0.109296 0.028272 -0.065907
0.519714 0.181193 -0.067805
-0.557292 0.195170 -0.062048
0.114133 -1.063519 -0.066360
0.142606 -0.182908 -0.068907
0.238027 0.195366 -0.065548
-0.081859 -0.972517 -0.071959
-0.599129 0.209164 -0.063338
0.277076 0.195314 -0.067889
-0.125755 0.051896 -0.059867
-0.152570 -0.546049 -0.059190
-0.585143 0.209164 -0.068077
0.267974 0.167207 -0.059366
0.112797 -0.101368 -0.070730
-0.599129 0.223150 -0.070579
0.267974 0.181193 -0.065087
-0.151695 -0.532154 -0.062276
0.450195 0.238716 -0.059838
0.114133 -1.049534 -0.065084
-0.095440 -0.003144 -0.071718
-0.585143 0.223150 -0.071654
0.281703 0.166316 -0.058612
0.463771 0.237135 -0.064217
0.100436 -1.035921 -0.061453
0.114133 -0.084532 -0.065902
0.286268 0.180908 -0.065385
-0.571158 0.209164 -0.070359
0.481299 0.234926 -0.071296
0.114133 -1.035548 -0.062613
-0.151255 -0.156530 -0.071352
0.100161 -0.070546 -0.068507
-0.549379 0.208894 -0.072030
-0.137606 0.083294 -0.061835
0.098880 -1.021325 -0.059319
-0.151738 -0.132072 -0.059730
-0.053693 -0.601997 -0.064635
0.114191 -1.018313 -0.058089
-0.571158 0.223150 -0.072015
-0.138884 0.098345 -0.066134
0.099736 -0.976582 -0.058387
0.234510 0.209104 -0.064133
-0.067679 -0.909678 -0.064693
-0.054123 -0.574904 -0.071806
-0.136579 0.111048 -0.071335
-0.641085 0.237135 -0.071480
0.272803 0.209179 -0.066164
-0.053829 -0.560040 -0.071998
-0.067519 -0.886675 -0.072195
0.575656 0.195178 -0.065917
0.100327 -0.940142 -0.064948
0.216206 0.224896 -0.058634
-0.156217 0.125072 -0.057836
-0.627100 0.237135 -0.070543
0.100148 0.027352 -0.064262
0.114133 -0.951635 -0.062851
0.248829 0.224582 -0.059266
-0.613114 0.237135 -0.068806
-0.155217 0.137759 -0.059223
-0.053693 -0.546055 -0.067367
0.617612 0.209164 -0.066736
-0.053693 -0.532069 -0.064010
0.113966 0.038898 -0.058522
-0.599129 0.237135 -0.067559
-0.138010 0.154581 -0.074161
-0.585143 0.237135 -0.066455
0.631590 0.208287 -0.059832
0.113819 0.059870 -0.068906
-0.039708 -0.518084 -0.069180
0.645695 0.208314 -0.059290
-0.568092 0.237094 -0.065545
0.100747 -0.048275 -0.063779
0.659569 0.209164 -0.063821
0.102224 -0.028988 -0.059077
0.114133 -0.937649 -0.066082
0.086358 -0.002183 -0.068569
-0.164948 -0.489369 -0.063288
0.100148 -0.923664 -0.068099
0.129328 0.091231 -0.073492
-0.525123 0.196277 -0.071581
0.114133 -0.923664 -0.068807
-0.165885 -0.461062 -0.064631
0.309931 0.195178 -0.068112
-0.519075 0.181707 -0.058486
0.139883 0.102686 -0.070028
0.101425 -0.014875 -0.058734
0.086162 -0.909678 -0.065831
-0.165967 -0.695911 -0.059169
0.318000 0.181319 -0.064992
0.101064 -0.000619 -0.058897
-0.501230 0.181193 -0.064603
0.087811 -0.895469 -0.070858
0.618211 0.235594 -0.071805
0.347662 0.181406 -0.063403
0.086162 0.013367 -0.068996
0.100148 -0.909678 -0.071671
0.114133 -0.909643 -0.072194
-0.164235 -0.419472 -0.066366
0.333320 0.195180 -0.068239
0.645838 0.236677 -0.072151
0.146286 0.136323 -0.076190
-0.151592 0.181193 -0.061778
-0.165334 -0.409521 -0.066631
-0.487244 0.181193 -0.067680
-0.151591 0.195177 -0.061928
0.156887 0.155899 -0.071038
0.058734 -0.728609 -0.071680
-0.473198 0.182665 -0.070413
0.729497 0.195178 -0.068204
0.170075 0.167207 -0.063334
-0.156969 0.209096 -0.059197
-0.459273 0.181193 -0.068729
0.673554 0.209164 -0.067926
0.313422 0.208858 -0.065850
-0.445288 0.181193 -0.068608
0.183955 0.166954 -0.058706
0.337902 0.209164 -0.066086
0.128119 -0.923663 -0.063220
0.744908 0.194590 -0.060522
0.317799 0.224623 -0.058655
-0.137606 0.223150 -0.065119
0.155485 -0.808699 -0.071066
0.128119 -0.909678 -0.067499
0.217414 0.181522 -0.063583
0.337485 0.224859 -0.058947
-0.472457 0.223351 -0.068081
0.142234 -0.898453 -0.058295
0.742608 0.236492 -0.069273
-0.460661 0.208289 -0.072028
-0.123621 0.237135 -0.067574
-0.123621 0.251121 -0.061173
0.140395 -0.874696 -0.070478
-0.109635 0.251121 -0.068826
0.378354 0.179404 -0.060425
0.056428 -0.700443 -0.060882
0.044048 0.264449 -0.070297
0.352582 0.195138 -0.067337
-0.097470 0.266699 -0.059075
-0.538470 0.237097 -0.063996
0.058191 -0.811780 -0.064682
0.112610 0.250218 -0.070416
-0.515823 0.237121 -0.062740
-0.067654 0.263120 -0.071750
0.389872 0.195311 -0.065093
0.099586 0.265820 -0.059572
0.072177 -0.629968 -0.067694
0.351887 0.209164 -0.065530
0.072177 -0.615982 -0.067291
-0.025722 0.264366 -0.071719
0.170075 0.181193 -0.067536
0.351398 0.224913 -0.059272
-0.431302 0.181193 -0.066956
0.170075 0.195178 -0.068776
0.365579 0.225123 -0.059031
-0.411543 0.180240 -0.062119
-0.026243 0.280208 -0.060453
0.375430 0.209462 -0.063911
-0.009913 0.267316 -0.070265
0.393844 0.209164 -0.062866
-0.432478 0.195011 -0.068399
0.169906 0.209132 -0.067819
-0.010791 0.284417 -0.060014
0.383572 0.227575 -0.058390
0.399675 0.179580 -0.060410
0.184061 0.181193 -0.064445
-0.403331 0.195178 -0.061783
-0.025722 0.349019 -0.064439
0.198046 0.181192 -0.063085
0.058180 -0.606652 -0.058255
0.407829 0.195178 -0.065938
0.184061 0.195178 -0.066350
-0.440002 0.209247 -0.067570
0.058191 -0.588011 -0.063232
0.202630 0.195685 -0.065053
-0.417317 0.209164 -0.062783
0.057976 -0.569438 -0.066746
0.429094 0.180705 -0.063943
-0.039708 0.376990 -0.061652
0.423166 0.195238 -0.067618
-0.039708 0.390976 -0.065526
-0.402975 0.209301 -0.058284
0.407829 0.209164 -0.063441
0.184061 0.209164 -0.065429
0.421815 0.209164 -0.066316
0.204813 0.209006 -0.063684
0.060406 -0.545520 -0.071177
0.408223 0.226715 -0.058450
-0.056845 0.432899 -0.062663
0.422049 0.226539 -0.060513
0.435809 0.209168 -0.069754
-0.035150 0.404707 -0.073219
0.435800 0.223150 -0.065803
0.142512 -0.601207 -0.066157
0.116856 0.237450 -0.076297
0.142104 0.237135 -0.063822
0.141797 -0.559599 -0.067424
0.044206 0.404961 -0.067131
0.058603 0.418653 -0.059611
0.059885 0.433318 -0.061925
0.008016 0.497265 -0.066726
-0.746691 0.214239 -0.064887
0.009300 0.372630 -0.067637
-0.701258 0.185477 -0.052989
-0.735088 0.181058 -0.059580
-0.042436 0.507654 -0.058485
-0.707169 0.204051 -0.056397
-0.021895 0.528281 -0.043737
0.003825 0.512557 -0.048075
-0.752896 0.187092 -0.044354
-0.740465 0.179675 -0.043417
-0.028358 0.526439 -0.049233
-0.044433 0.513882 -0.047059
-0.123621 -1.084689 -0.044231
-0.075663 0.446899 -0.030296
0.029804 0.295944 -0.045153
0.156347 -0.556930 -0.045801
-0.131487 -1.077505 -0.044231
-0.163040 -0.687032 -0.044509
-0.121843 -1.090429 -0.031430
-0.184329 -0.387478 -0.044530
0.159034 -0.533638 -0.047281
-0.146580 -0.085580 -0.044382
-0.162615 -0.671924 -0.044231
-0.136594 -1.063519 -0.044231
0.039270 0.292229 -0.044515
-0.063531 0.474988 -0.044347
0.069733 0.460904 -0.044231
0.160608 -0.518084 -0.044231
0.124771 -0.032138 -0.043543
-0.142282 -0.070547 -0.044231
-0.160594 -0.643300 -0.044055
-0.097073 -1.091564 -0.043636
0.160715 -0.504098 -0.044231
0.066097 0.474889 -0.044231
0.058191 0.284611 -0.044231
-0.184616 -0.362933 -0.044076
-0.295318 0.209164 -0.044231
0.164134 -0.490112 -0.044231
-0.180558 -0.296027 -0.046967
0.165696 -0.475157 -0.045019
-0.431302 0.158303 -0.044231
-0.159506 -0.615982 -0.044231
0.030306 0.516206 -0.040926
-0.264349 0.208785 -0.043192
-0.075186 -1.063519 -0.044231
-0.445288 0.161368 -0.044231
0.004040 0.335034 -0.044231
0.167122 -0.444533 -0.044744
-0.417317 0.157035 -0.044231
0.002157 0.334723 -0.044434
0.127837 0.038457 -0.044243
-0.133338 -1.036878 -0.042250
-0.403331 0.157969 -0.044231
0.141829 0.063585 -0.045356
-0.389346 0.160289 -0.044231
0.491743 0.168421 -0.044231
-0.132884 -1.021563 -0.044231
-0.055217 -0.676779 -0.043333
0.072044 0.281232 -0.045111
-0.373029 0.161973 -0.044181
0.505728 0.170764 -0.044231
0.084778 -1.078308 -0.049085
0.079396 -1.063338 -0.044520
-0.134566 -1.006097 -0.044026
0.519714 0.174576 -0.044231
0.154228 0.085708 -0.044134
0.016235 0.345259 -0.044231
-0.222318 0.209244 -0.044239
0.171081 -0.395716 -0.042890
0.022654 0.349019 -0.044231
0.537770 0.180462 -0.043513
-0.339015 0.160382 -0.044406
0.164528 -0.182431 -0.044231
-0.135680 -0.979606 -0.044221
0.171736 -0.368641 -0.046056
-0.139395 -0.958330 -0.044195
-0.053428 -0.653940 -0.043230
0.547685 0.183457 -0.044231
-0.305218 0.154128 -0.043734
-0.196891 0.225922 -0.045134
0.128119 -1.082328 -0.044231
0.172192 -0.344681 -0.047009
0.170075 0.118813 -0.044231
0.132643 -1.077505 -0.044231
-0.050635 -0.623517 -0.044488
-0.075244 -1.049534 -0.044231
0.133579 -1.063519 -0.044231
-0.288272 0.153222 -0.044231
0.463771 0.249377 -0.044231
-0.158871 -0.601997 -0.044231
0.449786 0.248273 -0.044231
-0.076741 -1.016705 -0.043039
-0.158595 -0.588011 -0.044231
0.062305 0.391354 -0.045221
0.477757 0.249868 -0.044231
-0.158909 -0.574026 -0.044231
0.146748 -0.112503 -0.044231
-0.159252 -0.560040 -0.044231
-0.076671 -0.990497 -0.049506
0.083997 -0.994378 -0.044812
0.497753 0.249802 -0.044280
-0.073915 -0.979606 -0.044231
0.142101 -0.098526 -0.044231
-0.165577 -0.517758 -0.044231
0.231017 0.241850 -0.044198
0.226017 0.145319 -0.044231
-0.072882 -0.965620 -0.044231
-0.175324 -0.504098 -0.044231
0.523960 0.248782 -0.044126
0.131972 -0.083261 -0.048484
0.253989 0.240574 -0.044231
0.082122 -0.979606 -0.044231
-0.109635 0.272380 -0.044231
-0.071116 -0.951635 -0.044231
-0.459273 0.163913 -0.044231
-0.160689 -0.546055 -0.044231
0.140308 -0.069973 -0.034869
0.079625 -0.965620 -0.044231
0.556200 0.247430 -0.044341
-0.143352 -0.937649 -0.044231
0.285143 0.152080 -0.044128
0.129276 -0.054530 -0.042165
0.270572 0.239572 -0.044249
-0.133142 -0.028590 -0.044231
-0.160809 -0.532069 -0.044231
-0.081485 0.279872 -0.046867
-0.145828 -0.923664 -0.044231
-0.171989 -0.258352 -0.055282
-0.130355 -0.014604 -0.044231
-0.163631 -0.518084 -0.044231
0.130847 -1.049534 -0.044231
0.309931 0.156827 -0.044231
0.583919 0.195176 -0.044071
-0.179346 -0.239003 -0.041992
-0.127802 -0.000619 -0.044231
-0.683042 0.184076 -0.044231
0.323916 0.159929 -0.044231
-0.148735 -0.909662 -0.044232
-0.067679 0.285257 -0.044231
-0.127266 0.013367 -0.044231
-0.044937 -0.589254 -0.044076
-0.173862 -0.223676 -0.050360
0.337902 0.162311 -0.044231
-0.053693 0.289278 -0.044231
-0.130188 0.027352 -0.044231
0.127742 -1.012937 -0.043507
0.603627 0.202999 -0.044231
-0.757298 0.220281 -0.044060
0.351887 0.163682 -0.044231
-0.042861 -0.570348 -0.044585
0.617612 0.206248 -0.044231
-0.136497 0.041293 -0.043453
-0.174407 -0.203331 -0.044877
0.127365 -0.993528 -0.042915
-0.039702 0.293074 -0.044224
0.631598 0.207144 -0.044231
-0.155984 -0.865664 -0.043700
-0.139660 0.053914 -0.046106
-0.746346 0.237135 -0.044231
-0.044317 -0.546055 -0.044231
-0.173690 -0.182431 -0.044231
0.378863 0.164817 -0.044301
-0.025722 0.300348 -0.044231
0.645583 0.206416 -0.044231
-0.042189 -0.532069 -0.044231
-0.738984 0.248567 -0.044231
0.377066 0.241014 -0.044167
-0.172104 -0.168445 -0.044231
0.399638 0.164121 -0.043969
-0.013666 0.307669 -0.044505
0.659569 0.203856 -0.044231
-0.735401 0.251121 -0.044231
-0.069427 -0.937649 -0.044231
-0.039708 -0.527313 -0.044231
0.393844 0.242369 -0.044231
-0.167591 -0.153090 -0.046871
0.673554 0.200166 -0.044231
-0.067745 -0.915784 -0.044203
-0.030741 -0.518084 -0.044231
0.136571 -0.939743 -0.044103
0.421815 0.163287 -0.044231
0.407829 0.243654 -0.044231
0.575656 0.246758 -0.044231
-0.025722 -0.515074 -0.044231
0.435800 0.161461 -0.044231
-0.165417 -0.140746 -0.044087
-0.011737 -0.510960 -0.044231
0.435366 0.247246 -0.044158
-0.153119 0.080414 -0.044548
0.072574 -0.935698 -0.043553
-0.160463 -0.126489 -0.044231
0.449786 0.161884 -0.044231
0.592029 0.247193 -0.044118
-0.065726 -0.892512 -0.044035
0.013233 -0.512853 -0.044308
-0.696792 0.248437 -0.044718
-0.163333 0.096713 -0.041450
0.617612 0.248240 -0.044231
0.065531 0.404961 -0.044231
-0.683042 0.247381 -0.044231
0.469233 0.165172 -0.045215
0.071196 -0.926239 -0.044992
-0.177234 -0.490112 -0.044231
-0.059251 0.390976 -0.044231
-0.153698 -0.110220 -0.044938
-0.169249 0.125251 -0.044231
0.069205 0.418947 -0.044231
0.637528 0.248433 -0.044338
0.482186 0.167098 -0.044216
-0.167915 0.139236 -0.044231
-0.669056 0.246970 -0.044231
-0.025722 0.344652 -0.044231
0.071426 0.433613 -0.043075
-0.060786 -0.853809 -0.044305
-0.029701 0.349019 -0.044231
-0.216067 0.150471 -0.044554
0.056212 -0.842736 -0.044386
0.659569 0.248363 -0.044231
-0.668055 0.190263 -0.044506
0.098009 0.278427 -0.042711
-0.194710 0.150042 -0.045789
-0.181982 -0.462141 -0.044231
0.673554 0.248271 -0.044231
-0.655071 0.197699 -0.044231
-0.042185 0.363005 -0.044231
0.114133 0.271696 -0.044231
-0.182134 -0.448156 -0.044231
-0.641085 0.203771 -0.044231
0.063389 -0.884814 -0.044214
0.729497 0.191452 -0.044231
-0.627100 0.205397 -0.044231
0.060267 -0.867722 -0.044231
0.722656 0.195178 -0.044231
-0.760296 0.195178 -0.044231
-0.613114 0.204564 -0.044231
0.687784 0.194964 -0.038851
-0.161875 -0.778980 -0.044029
-0.182483 -0.428320 -0.044051
-0.573454 0.194428 -0.044231
-0.762459 0.209164 -0.044231
-0.557172 0.189465 -0.044231
-0.066774 0.410167 -0.042515
-0.599129 0.202211 -0.044231
-0.703616 0.180854 -0.044011
0.743482 0.188159 -0.044231
0.049282 -0.777086 -0.044228
0.142086 -0.921402 -0.044031
0.156024 0.253693 -0.045234
-0.585143 0.198478 -0.044231
0.185525 0.250306 -0.043203
0.049565 -0.755838 -0.044231
-0.655071 0.247738 -0.044231
0.758799 0.194165 -0.044290
0.152321 -0.886756 -0.044162
-0.057248 -0.828585 -0.044128
-0.641085 0.249216 -0.044231
0.765926 0.209164 -0.044231
0.212032 0.243865 -0.044231
-0.627100 0.249842 -0.044231
0.051603 -0.722024 -0.044075
-0.613114 0.248469 -0.044231
-0.053954 -0.795712 -0.044661
0.158703 -0.853886 -0.044225
-0.590686 0.247217 -0.044160
0.161433 -0.831651 -0.044255
0.053222 -0.818995 -0.044098
0.694440 0.249270 -0.044768
-0.566623 0.247009 -0.044340
0.166182 -0.788634 -0.044499
0.168349 -0.763274 -0.044115
0.716631 0.251121 -0.044231
0.050535 -0.797794 -0.044231
0.729497 0.252902 -0.044231
-0.530234 0.180906 -0.044231
0.757468 0.231608 -0.044231
-0.543187 0.184983 -0.044231
0.052649 -0.699895 -0.044231
0.755820 0.237135 -0.044231
-0.515216 0.176319 -0.044231
-0.164388 -0.739377 -0.045363
0.052946 -0.676905 -0.044387
-0.501230 0.171940 -0.044231
0.744175 0.251528 -0.044633
0.053643 -0.647661 -0.044072
-0.543187 0.246927 -0.044231
0.053033 -0.629968 -0.044231
0.051321 -0.615982 -0.044231
-0.526695 0.246969 -0.044283
-0.501230 0.246779 -0.044231
0.169783 -0.715223 -0.044272
-0.483319 0.246330 -0.044134
0.169614 -0.687980 -0.044225
-0.459273 0.243361 -0.044231
0.167532 -0.663486 -0.044575
-0.438511 0.238625 -0.046783
0.164495 -0.643953 -0.044231
0.161155 -0.624193 -0.043791
-0.354048 0.221648 -0.043160
0.048659 -0.601997 -0.044231
0.045814 -0.587727 -0.044200
-0.389464 0.227332 -0.044022
0.041560 -0.532069 -0.044231
-0.109634 -1.086341 -0.058211
0.002185 0.290689 -0.056980
-0.326784 0.195243 -0.053652
0.118257 0.013263 -0.046043
0.030375 0.500960 -0.056724
-0.068104 0.448445 -0.045951
-0.137389 -0.050900 -0.045335
-0.327831 0.209163 -0.047988
-0.669024 0.195103 -0.057446
-0.081664 -1.077742 -0.044849
-0.305433 0.195178 -0.051799
-0.053280 0.490777 -0.049832
0.058525 0.489585 -0.044641
-0.311728 0.211353 -0.044810
0.002365 0.310420 -0.044734
0.113870 -0.061739 -0.058404
-0.054213 -0.727585 -0.044994
0.046289 0.504461 -0.044718
0.016619 0.307195 -0.044289
-0.445379 0.167480 -0.057970
0.112468 -0.037681 -0.053651
-0.278159 0.195420 -0.049843
-0.055055 -0.704127 -0.045447
-0.417475 0.167490 -0.057991
-0.137463 -0.949427 -0.057953
0.114133 -0.014604 -0.050974
-0.403331 0.167207 -0.054229
0.170518 -0.270347 -0.046959
0.056925 0.275050 -0.056443
0.120344 -0.000331 -0.044720
-0.389346 0.167207 -0.050996
-0.277462 0.167207 -0.051195
0.449723 0.167663 -0.057461
-0.571192 0.195433 -0.057318
0.058631 -0.615948 -0.056644
0.464627 0.168790 -0.057126
-0.371294 0.167291 -0.049592
-0.258237 0.167310 -0.049805
0.128222 0.060414 -0.058254
0.156145 -0.169327 -0.051767
-0.255535 0.181302 -0.050087
0.002249 0.349019 -0.054526
-0.336185 0.167411 -0.050341
-0.529201 0.181193 -0.048945
0.016235 0.349019 -0.047398
0.154614 -0.617809 -0.055758
-0.249490 0.195178 -0.047090
-0.319418 0.167207 -0.051437
0.015297 0.363237 -0.057824
-0.235505 0.167207 -0.047496
-0.305433 0.167207 -0.051976
0.160008 -0.154249 -0.044735
0.030220 0.363005 -0.052302
-0.475443 0.166478 -0.045144
0.043578 -0.560675 -0.045258
-0.235505 0.181193 -0.047800
-0.277683 0.152660 -0.044773
0.156140 -0.136209 -0.043922
-0.214849 0.166841 -0.047450
-0.291447 0.167207 -0.052079
0.175591 0.131154 -0.044630
0.003155 -0.517826 -0.052254
0.141571 -0.121445 -0.051817
-0.263630 0.152105 -0.044901
-0.235505 0.195178 -0.046158
0.043752 -0.545809 -0.045327
-0.249845 0.152258 -0.044619
-0.221519 0.195178 -0.046785
-0.180103 -0.479993 -0.044639
0.044111 -0.532032 -0.056676
0.184061 0.153222 -0.050213
-0.467049 0.236598 -0.057556
-0.235499 0.152093 -0.044361
0.295945 0.167207 -0.058018
-0.052838 -0.808766 -0.057897
-0.207597 0.209160 -0.047312
0.757468 0.195178 -0.046960
0.309931 0.167207 -0.056596
-0.179418 -0.462659 -0.049990
0.030434 -0.518073 -0.044796
0.757468 0.209164 -0.057236
0.320891 0.168657 -0.056750
-0.179514 -0.431045 -0.049420
-0.221134 0.180942 -0.047695
-0.123395 -0.025406 -0.057496
0.762514 0.219766 -0.046178
0.337902 0.167207 -0.052142
0.156876 -0.602010 -0.045757
0.221535 0.154996 -0.051997
-0.193548 0.167207 -0.050036
-0.420648 0.221864 -0.057896
-0.193548 0.181193 -0.052062
0.156257 -0.578046 -0.043915
0.231543 0.236925 -0.049803
0.729120 0.250964 -0.057184
-0.179563 -0.406199 -0.051328
-0.207534 0.195178 -0.049584
-0.166319 -0.706210 -0.056286
-0.193548 0.195178 -0.052912
0.743482 0.251121 -0.046133
-0.179563 0.167207 -0.049732
0.356924 0.167356 -0.049691
-0.362497 0.181040 -0.055881
-0.179563 0.181193 -0.053234
0.259846 0.236847 -0.048721
-0.165577 0.167207 -0.050705
-0.177943 -0.381969 -0.056770
0.385464 0.167263 -0.048426
-0.120364 0.026965 -0.055886
-0.165577 0.181193 -0.054259
-0.179563 0.195178 -0.055022
0.309934 0.237931 -0.045559
-0.382748 0.195474 -0.058397
0.414913 0.167526 -0.050427
-0.160784 0.194549 -0.057236
0.154306 -0.520760 -0.056574
-0.166915 0.111171 -0.045383
0.325963 0.237868 -0.045546
-0.338713 0.181067 -0.055183
-0.193548 0.209164 -0.051095
-0.347389 0.195178 -0.055052
-0.179563 0.209164 -0.054512
-0.165577 0.125251 -0.049206
-0.384954 0.209290 -0.053945
0.351786 0.238522 -0.046196
-0.165577 0.139236 -0.048006
-0.351725 0.209261 -0.050654
-0.179563 0.223150 -0.050980
0.114133 0.265106 -0.053706
0.365873 0.237135 -0.048912
-0.400941 0.223239 -0.049037
-0.165577 0.223150 -0.054294
0.392132 0.237234 -0.051937
0.155706 0.237030 -0.058144
-0.179563 0.152537 -0.044545
0.167936 -0.323411 -0.055891
0.086764 -1.063455 -0.058076
-0.165534 0.239671 -0.045834
0.170075 0.237135 -0.054799
-0.165577 0.153222 -0.048197
0.407829 0.237135 -0.052394
0.098641 -1.091389 -0.045464
-0.151592 0.237135 -0.051974
0.170838 -0.319602 -0.049907
-0.137606 0.251121 -0.049919
0.128119 -1.077505 -0.051610
0.170827 -0.305312 -0.048208
-0.312702 0.181140 -0.054656
0.189789 0.237439 -0.053188
0.084482 -1.050153 -0.048718
0.056945 0.406074 -0.056050
-0.119008 0.264447 -0.049402
-0.290096 0.181195 -0.053756
0.086162 -1.035548 -0.045471
0.212032 0.237135 -0.050625
0.086113 -1.021563 -0.045445
0.086162 -1.007577 -0.046827
-0.067679 0.279092 -0.054505
-0.053693 0.278717 -0.057842
0.100148 -1.007577 -0.057442
0.114133 -1.007577 -0.056145
0.086162 -0.993591 -0.047701
-0.025722 0.293077 -0.050424
0.086162 -0.979606 -0.049839
-0.011737 0.293077 -0.054363
0.100148 -0.993591 -0.057348
0.114133 -0.993591 -0.055990
-0.012507 0.334631 -0.044454
0.114024 -0.977041 -0.057733
-0.050957 0.390179 -0.055540
0.086125 -0.965070 -0.052896
-0.039708 0.363005 -0.052002
0.128119 -1.049534 -0.052130
-0.068840 0.432563 -0.045840
0.129103 -1.036040 -0.048013
0.128119 -0.965620 -0.049416
0.058813 -0.836525 -0.057067
0.142104 -0.909678 -0.052562
0.156090 -0.868623 -0.045033
-0.692366 0.186620 -0.051964
-0.751882 0.185838 -0.051272
-0.725104 0.178853 -0.044109
-0.109635 -1.091661 -0.044231
0.253989 0.146287 -0.044231
0.236007 0.158821 -0.053573
0.271970 0.159808 -0.052964
-0.127387 0.064647 -0.062713
-0.000731 0.518963 -0.040275
-0.035738 0.523965 -0.042590
-0.046255 0.517142 -0.040653
0.015108 0.520589 -0.032636
-0.050780 0.513965 -0.029727
0.006941 0.519216 -0.034654
-0.029222 0.525458 -0.031730
-0.041661 0.525161 -0.034400
-0.017349 0.527699 -0.035754
-0.004389 0.523786 -0.031185
-0.045705 0.363005 -0.030246
0.032484 0.335034 -0.030246
0.041549 -0.560040 -0.030246
-0.752970 0.192847 -0.030246
-0.065598 -0.826160 -0.028545
-0.431302 0.244048 -0.030246
0.132124 -0.028590 -0.030246
-0.757486 0.195178 -0.030246
-0.043995 -0.566759 -0.030628
0.036706 0.349019 -0.030246
-0.053693 0.372518 -0.030246
-0.133114 -1.077505 -0.030246
0.068882 -0.934606 -0.029742
0.041592 -0.546055 -0.030246
-0.445288 0.246060 -0.030246
-0.043559 -0.546055 -0.030246
0.044664 0.360906 -0.030640
-0.738984 0.188356 -0.030246
0.064801 -0.909678 -0.030246
0.129870 -0.012698 -0.029651
-0.417317 0.242750 -0.030246
0.041521 -0.532069 -0.030246
-0.724998 0.185247 -0.030246
-0.042103 -0.532069 -0.030246
-0.063015 -0.803288 -0.030292
-0.071109 0.404961 -0.030246
-0.137165 -1.063519 -0.030246
-0.762277 0.209164 -0.030246
0.058191 0.372145 -0.030246
-0.067655 0.393911 -0.030234
-0.061710 -0.770157 -0.030191
-0.403332 0.240728 -0.030246
-0.089478 -1.091490 -0.030246
-0.038112 -0.518084 -0.030246
0.131716 0.027138 -0.032572
-0.073638 0.418947 -0.030246
0.065389 0.376990 -0.030246
0.039354 -0.518084 -0.030246
-0.081664 -1.083264 -0.030246
-0.375360 0.235308 -0.030246
0.057436 -0.854587 -0.028921
0.072177 0.381299 -0.030246
0.141800 0.045373 -0.029763
-0.075620 0.432932 -0.030246
-0.388614 0.237135 -0.030246
-0.078316 -1.077501 -0.030263
-0.697550 0.184619 -0.030302
0.162540 -0.615982 -0.030246
0.075005 0.390976 -0.030246
-0.361375 0.232830 -0.030246
-0.170242 -0.504098 -0.030246
-0.073414 -1.063519 -0.030246
0.161336 -0.601997 -0.030246
-0.668999 0.195341 -0.030346
0.061877 -0.888012 -0.030290
-0.061643 -0.750054 -0.030261
-0.175239 -0.490112 -0.030246
-0.074019 0.460904 -0.030246
-0.347389 0.230241 -0.030246
0.160735 -0.579269 -0.030235
-0.135422 -1.049534 -0.030246
0.237226 0.249094 -0.030067
-0.134407 -1.035548 -0.030246
-0.180781 -0.479951 -0.029942
0.142258 -0.933572 -0.030304
-0.069686 0.477217 -0.027763
0.162221 -0.558158 -0.030437
0.253989 0.247361 -0.030246
-0.755913 0.222686 -0.030163
-0.317717 0.225208 -0.032184
-0.135121 -1.021563 -0.030246
-0.183396 -0.462141 -0.030246
0.157268 0.075766 -0.030252
-0.158969 -0.728043 -0.030467
0.267974 0.245553 -0.030246
-0.135277 -1.007577 -0.030246
-0.747163 0.237135 -0.030246
-0.053908 0.502909 -0.037067
-0.185112 -0.443960 -0.030337
0.281960 0.244030 -0.030246
0.166163 -0.532069 -0.030246
-0.738984 0.246557 -0.030246
0.152002 -0.898689 -0.030659
-0.158200 -0.692903 -0.030246
0.167362 -0.518084 -0.030246
-0.135725 -0.990553 -0.030295
-0.724998 0.250113 -0.030246
-0.186181 -0.420185 -0.030246
0.174374 0.111265 -0.030246
0.174935 -0.286357 -0.030023
-0.158004 -0.671924 -0.030246
0.166917 -0.504098 -0.030246
0.305962 0.242769 -0.030446
-0.711013 0.247669 -0.030246
-0.697027 0.243652 -0.030246
0.174004 -0.261767 -0.030285
0.015564 -0.500433 -0.030838
0.193471 0.124860 -0.029898
0.156090 -0.878708 -0.030246
-0.137762 -0.965916 -0.029915
-0.187303 -0.399272 -0.030297
0.330909 0.243028 -0.030246
-0.683042 0.241460 -0.030246
0.003591 -0.499030 -0.030690
0.157751 -0.867722 -0.030246
-0.235505 0.227648 -0.030246
-0.156511 -0.642835 -0.029931
-0.072211 -1.049534 -0.030246
0.172133 -0.237476 -0.029361
0.160441 -0.846426 -0.030345
-0.221519 0.231770 -0.030246
0.224516 0.131587 -0.029518
-0.156467 -0.618423 -0.030179
-0.074079 -1.024458 -0.029751
-0.011304 -0.498287 -0.029423
0.352944 0.243776 -0.030118
-0.655074 0.202296 -0.030245
0.170116 -0.209833 -0.030495
0.166290 -0.486996 -0.029588
-0.208588 0.237135 -0.030830
0.379858 0.244929 -0.030246
-0.072639 -1.007577 -0.030246
-0.188525 -0.374227 -0.030217
0.167397 -0.462141 -0.030246
0.054614 -0.825765 -0.030246
-0.641668 0.207694 -0.028344
0.393844 0.244574 -0.030246
-0.193747 0.245972 -0.030261
-0.071814 -0.993591 -0.030246
-0.062115 -0.721991 -0.030106
0.052560 -0.803360 -0.030360
0.166173 -0.196320 -0.044093
0.282478 0.145635 -0.030050
-0.073012 -0.979606 -0.030246
0.407991 0.244484 -0.030140
0.170144 -0.435934 -0.030658
-0.188698 -0.350257 -0.030246
0.166400 -0.168445 -0.030246
-0.061234 -0.697140 -0.030609
0.308811 0.150833 -0.030745
-0.073640 -0.965620 -0.030246
-0.073707 -0.951635 -0.030246
0.051413 -0.777930 -0.030461
0.442857 0.248531 -0.030164
0.169063 -0.416817 -0.043764
-0.188142 -0.331827 -0.030013
-0.059018 -0.662788 -0.029909
0.318464 0.153576 -0.030194
-0.181642 0.251318 -0.030556
-0.566743 0.196149 -0.030844
-0.140811 -0.944972 -0.028199
0.163612 -0.143542 -0.029839
0.337902 0.157184 -0.030246
-0.143694 -0.923664 -0.030246
-0.599129 0.205225 -0.030246
0.051549 -0.755838 -0.030246
0.174460 -0.392214 -0.030246
-0.185667 -0.282036 -0.029951
0.351887 0.158934 -0.030246
-0.585143 0.202707 -0.030246
-0.145428 -0.909678 -0.030246
-0.165571 0.257861 -0.030243
0.072157 0.413219 -0.035964
0.052401 -0.733712 -0.030146
0.160073 -0.126489 -0.030246
0.377690 0.160088 -0.030323
0.075471 0.432932 -0.030246
0.176697 -0.364243 -0.030246
-0.053774 -0.621586 -0.030763
-0.142715 0.267491 -0.031772
-0.148057 -0.890700 -0.030257
0.075628 0.446918 -0.030246
0.080593 -1.091488 -0.016278
0.156082 -0.107307 -0.030260
0.177424 -0.345901 -0.030175
-0.151118 -0.866881 -0.030903
0.400614 0.158796 -0.029976
0.076624 -1.077617 -0.029363
-0.648810 0.241119 -0.030094
-0.123351 0.277803 -0.028745
0.163438 -0.811780 -0.030246
0.154807 -0.098518 -0.030246
-0.108630 0.279213 -0.032905
-0.627100 0.242764 -0.030246
-0.156648 -0.601997 -0.030246
0.176702 -0.314042 -0.029168
0.421815 0.159493 -0.030246
0.151815 -0.084532 -0.030246
-0.151983 -0.836828 -0.030190
0.074508 0.460904 -0.030246
0.165410 -0.791435 -0.030208
-0.605355 0.243060 -0.030264
-0.157558 -0.588011 -0.030246
-0.158508 -0.828926 -0.044281
0.435800 0.160077 -0.030246
0.126802 -1.089961 -0.030336
0.141290 -0.059673 -0.030525
-0.159391 -0.574026 -0.030246
-0.073778 -0.937649 -0.030246
-0.095650 0.282763 -0.030246
0.136426 -1.077505 -0.030246
0.167342 -0.761828 -0.030406
-0.161203 -0.560040 -0.030246
-0.073997 -0.923664 -0.030246
-0.081664 0.285568 -0.030246
0.065994 0.488875 -0.030246
0.146784 -0.070547 -0.030246
0.450014 0.162431 -0.030266
0.136053 -1.063519 -0.030246
-0.571158 0.243160 -0.030246
-0.073997 -0.909678 -0.030246
-0.067679 0.288436 -0.030246
0.167548 -0.735040 -0.030526
-0.548982 0.244381 -0.030191
-0.465817 0.166228 -0.029290
-0.072989 -0.889665 -0.030327
0.077380 -1.049534 -0.030246
-0.168486 -0.518084 -0.030246
-0.445288 0.161716 -0.030246
-0.183363 -0.241010 -0.030678
0.077575 -1.035553 -0.030257
-0.543187 0.188864 -0.030246
0.053303 -0.713885 -0.030239
-0.163575 -0.546055 -0.030246
-0.052591 0.293025 -0.030266
0.077053 -1.021563 -0.030246
0.052894 -0.689909 -0.030531
-0.180899 -0.226035 -0.033744
-0.165490 -0.525842 -0.030231
-0.039708 0.301361 -0.030246
-0.067676 -0.847826 -0.030164
-0.034824 0.307063 -0.030246
-0.525785 0.182030 -0.030690
0.075632 -0.994154 -0.030153
-0.047891 -0.591068 -0.030116
0.134174 0.272919 -0.029934
-0.027173 0.320999 -0.032639
0.052401 -0.660840 -0.030203
-0.179580 -0.203458 -0.029039
0.170075 0.261991 -0.030246
-0.026203 0.335282 -0.034346
0.051843 -0.643953 -0.030246
0.072189 -0.956121 -0.030310
-0.056325 0.376990 -0.030246
-0.178992 -0.182459 -0.029490
-0.492061 0.171440 -0.030496
0.050148 -0.625394 -0.030137
-0.177311 -0.168445 -0.030246
0.132547 -1.049534 -0.030246
-0.154717 -0.797794 -0.030246
-0.037480 0.353418 -0.030018
-0.156867 -0.773342 -0.030348
0.214852 0.251693 -0.030962
0.131711 -1.024668 -0.032189
-0.529201 0.245515 -0.030246
0.184061 0.259436 -0.030246
0.168657 -0.689522 -0.029831
-0.171746 -0.140967 -0.029914
-0.515216 0.246354 -0.030246
-0.166176 -0.122193 -0.032243
-0.501230 0.247361 -0.030246
0.030220 0.520519 -0.030246
0.166454 -0.661259 -0.030206
0.131556 -0.994929 -0.030207
0.042802 0.515979 -0.029936
-0.165266 -0.117249 -0.029767
0.132552 -0.979606 -0.030246
-0.483341 0.248417 -0.030325
0.057236 0.292621 -0.030089
0.134773 -0.965620 -0.030246
0.044206 0.303889 -0.030246
-0.459273 0.247244 -0.030246
0.163770 -0.629968 -0.030246
0.042051 0.307063 -0.030246
-0.157631 -0.093416 -0.029349
0.472244 0.167353 -0.030570
0.035227 0.321048 -0.030246
0.046334 -0.601997 -0.030246
0.491743 0.171717 -0.030246
-0.152195 -0.070833 -0.026542
0.072177 0.286591 -0.030246
-0.144808 -0.054825 -0.028919
0.505726 0.175322 -0.030245
0.042598 -0.575902 -0.030292
0.087990 0.283004 -0.030486
-0.431302 0.157591 -0.030246
-0.417317 0.154997 -0.030246
0.551233 0.194374 -0.029355
-0.403331 0.154138 -0.030246
-0.389346 0.154608 -0.030246
-0.375360 0.155102 -0.030246
0.556440 0.195288 -0.030502
0.463771 0.248921 -0.030246
-0.357639 0.154779 -0.030230
0.484490 0.247674 -0.030316
0.512168 0.245120 -0.030388
-0.319418 0.148833 -0.030246
-0.305433 0.145662 -0.030246
-0.291447 0.142978 -0.030246
-0.276703 0.139408 -0.029089
0.536292 0.242647 -0.030208
0.561670 0.240428 -0.030246
-0.269586 0.139217 -0.030224
0.575656 0.203920 -0.030246
-0.240090 0.133704 -0.030420
0.592242 0.209115 -0.030526
-0.140300 -0.043244 -0.030814
0.617612 0.214993 -0.030246
-0.135434 -0.014615 -0.030257
0.636041 0.215181 -0.030359
0.673554 0.202290 -0.030246
-0.137825 0.025967 -0.030689
0.575656 0.239925 -0.030246
-0.144762 0.041338 -0.030246
-0.151679 0.055233 -0.030327
0.594605 0.240915 -0.030152
0.628094 0.241694 -0.030296
-0.170566 0.097280 -0.030246
0.655886 0.243403 -0.030190
-0.175947 0.111265 -0.030246
-0.165193 0.087461 -0.031083
0.673554 0.244413 -0.030246
-0.215177 0.131371 -0.030383
-0.193548 0.129289 -0.030246
-0.179563 0.122579 -0.030246
0.701525 0.191658 -0.030246
0.715511 0.191652 -0.030246
0.729497 0.186327 -0.030246
0.743482 0.184188 -0.030246
0.758666 0.193406 -0.030220
0.767570 0.209164 -0.030246
0.764381 0.223150 -0.030246
0.701048 0.246516 -0.030087
0.715511 0.247802 -0.030246
0.729386 0.251182 -0.030166
0.756943 0.240713 -0.030171
0.744965 0.252130 -0.029340
-0.053592 0.377402 -0.043377
0.016235 0.335034 -0.040892
-0.371143 0.223209 -0.043963
0.122958 -0.015216 -0.044205
-0.026377 -0.503996 -0.030407
-0.053213 -0.764537 -0.043394
0.030220 0.335034 -0.032715
0.128119 -0.000619 -0.033592
0.029140 0.351289 -0.042145
0.127362 0.013289 -0.034135
0.477757 0.167207 -0.033845
-0.420878 0.236485 -0.042906
0.042922 0.362727 -0.041821
-0.067570 0.460904 -0.043992
0.058010 0.377049 -0.044110
-0.403332 0.237136 -0.037002
0.072177 0.390976 -0.033635
-0.154244 -0.877933 -0.042909
0.169516 -0.244079 -0.044121
0.167525 0.111328 -0.042708
-0.299689 0.224287 -0.031182
0.086162 -1.091490 -0.030884
0.184388 0.122391 -0.030585
0.168262 -0.214784 -0.044404
0.114079 -1.091421 -0.044211
0.180982 0.139733 -0.043553
0.073400 0.405562 -0.031482
0.617612 0.209164 -0.036735
0.198685 0.141312 -0.043189
-0.339708 0.153278 -0.031183
-0.068063 -0.893155 -0.038660
-0.165577 -0.518084 -0.043564
0.211678 0.141257 -0.041561
0.631598 0.209164 -0.038171
-0.250013 0.207264 -0.043481
-0.322240 0.156633 -0.043546
0.226017 0.139236 -0.038737
0.645583 0.209164 -0.036059
0.071754 0.446729 -0.042911
-0.270530 0.224025 -0.030868
-0.068376 -0.865835 -0.031571
-0.249144 0.225097 -0.031409
0.661415 0.209359 -0.030369
0.156090 -0.112503 -0.034238
0.072177 0.460904 -0.039555
-0.291447 0.153343 -0.044123
-0.235652 0.207220 -0.043666
0.295384 0.153488 -0.043862
0.128005 -0.978086 -0.044125
-0.235505 0.223150 -0.034508
-0.251182 0.139579 -0.035365
0.142104 -0.084532 -0.038890
-0.221519 0.223150 -0.037732
-0.235505 0.139236 -0.037330
0.701997 0.196662 -0.044327
-0.210996 0.139168 -0.038773
0.716213 0.197116 -0.040828
-0.724998 0.181193 -0.036302
-0.201443 0.223397 -0.044188
-0.711013 0.181193 -0.033505
-0.193548 0.237135 -0.038770
0.167919 0.251240 -0.043970
-0.178798 0.237135 -0.044050
0.757468 0.237135 -0.035840
0.134668 0.264973 -0.043917
0.156943 0.265262 -0.030494
-0.725219 0.253495 -0.043342
-0.165577 0.251121 -0.036877
-0.148817 0.251399 -0.043252
0.198046 0.251121 -0.038983
-0.138113 0.263070 -0.038787
-0.571158 0.195178 -0.037234
-0.179899 -0.274191 -0.044657
-0.193548 0.139236 -0.040555
-0.181419 0.125276 -0.030244
0.030220 0.307063 -0.038818
-0.093841 0.277974 -0.044078
-0.179563 0.139236 -0.038811
0.044206 0.293077 -0.041638
0.002249 0.321048 -0.042796
-0.529201 0.181193 -0.036650
0.016235 0.321048 -0.040946
0.030220 0.321048 -0.034315
-0.025722 0.307063 -0.038977
-0.011737 0.321048 -0.041205
-0.745697 0.185506 -0.038923
-0.025986 0.527877 -0.023195
-0.012278 0.528634 -0.016548
0.142295 -0.026982 -0.016793
0.015586 0.524847 -0.016865
0.043506 0.335314 -0.014480
-0.185201 -0.246534 -0.016551
0.002249 0.526925 -0.016260
-0.753005 0.207050 -0.015390
-0.434466 0.245222 -0.016181
0.070468 -0.951635 -0.016260
-0.126087 -1.091490 -0.016260
-0.183697 -0.224387 -0.016260
0.030220 0.522245 -0.016260
-0.417317 0.243354 -0.016260
0.068726 -0.925892 -0.015806
-0.135347 -1.077505 -0.016260
-0.081865 -0.823244 -0.017023
0.043744 0.516526 -0.016253
-0.752970 0.215691 -0.016260
-0.403331 0.241043 -0.016260
0.042645 -0.545848 -0.016488
0.051016 0.363005 -0.016260
-0.181100 -0.202434 -0.019621
-0.137493 -1.063519 -0.016260
-0.389346 0.239205 -0.016260
-0.738984 0.201894 -0.016260
0.141629 0.014873 -0.011890
0.067030 -0.909678 -0.016260
0.041972 -0.518084 -0.016260
-0.724998 0.201348 -0.016260
0.040514 -0.504098 -0.016260
0.058869 0.503438 -0.016289
0.058887 0.373696 -0.016228
-0.750174 0.223032 -0.016277
-0.083378 -1.091542 -0.014135
0.065301 -0.889315 -0.016183
0.160986 -0.615982 -0.016260
0.072177 0.381774 -0.016260
-0.711013 0.197783 -0.016260
0.146178 0.041554 -0.016361
0.473319 0.181327 -0.016026
0.063159 -0.867722 -0.016260
-0.075884 -1.077505 -0.016260
0.077965 0.390976 -0.016260
-0.347389 0.234357 -0.016260
-0.071984 -1.063519 -0.016260
0.161202 -0.590260 -0.016475
-0.176141 -0.149497 -0.016102
-0.697001 0.200161 -0.016262
-0.333404 0.232824 -0.016260
0.156090 0.061573 -0.016260
0.162170 -0.574026 -0.016260
0.060101 -0.844304 -0.017297
-0.171323 -0.126489 -0.016260
0.114133 0.280274 -0.016260
-0.136188 -1.049534 -0.016260
0.166296 0.081765 -0.015372
0.165589 -0.551397 -0.016370
-0.150828 -0.732341 -0.016918
-0.133967 -1.035548 -0.016260
0.141823 -0.942804 -0.015592
0.484784 0.182416 -0.017240
-0.151130 -0.713836 -0.016813
-0.132155 -1.021563 -0.016260
0.239066 0.251121 -0.016260
-0.312588 0.230526 -0.016330
0.506562 0.193932 -0.015895
0.168516 -0.532069 -0.016260
-0.130518 -1.007577 -0.016260
0.253988 0.248433 -0.016260
-0.165691 -0.100556 -0.015783
0.173640 0.097280 -0.016260
0.146081 -0.923664 -0.016260
-0.130136 -0.993591 -0.016260
-0.160911 -0.084532 -0.016260
0.267974 0.245647 -0.016260
-0.286949 0.230286 -0.016060
-0.725125 0.239249 -0.013982
-0.131081 -0.979606 -0.016260
0.152032 -0.898972 -0.016557
0.226017 0.253486 -0.016260
-0.250945 0.233284 -0.016086
-0.156725 -0.070508 -0.016253
-0.131542 -0.963730 -0.015995
-0.150111 -0.629763 -0.016612
0.016235 -0.479938 -0.016260
0.154481 -0.881707 -0.016260
-0.232146 0.236053 -0.016179
0.002249 -0.484264 -0.016260
-0.070086 -1.049534 -0.016260
0.220846 0.125530 -0.016235
0.023875 -0.476127 -0.016260
-0.070948 -1.035548 -0.016260
-0.439205 0.167243 -0.016486
0.226017 0.128320 -0.016260
-0.073643 -0.717216 -0.016420
-0.417751 0.160061 -0.016310
0.334375 0.242777 -0.016215
-0.072832 -1.021563 -0.016260
0.449788 0.238313 -0.015550
0.156083 -0.864658 -0.016250
-0.403331 0.157099 -0.016260
0.039501 -0.476127 -0.016260
-0.072987 -1.007577 -0.016260
-0.560818 0.208922 -0.016253
0.157249 -0.844061 -0.014059
-0.389346 0.156093 -0.016260
-0.207498 0.246740 -0.016273
0.281960 0.145800 -0.016260
-0.571158 0.214875 -0.016260
-0.073787 -0.993591 -0.016260
-0.375360 0.155486 -0.016260
0.058956 -0.822109 -0.016941
0.351887 0.243112 -0.016260
0.312334 0.152282 -0.016386
-0.180001 0.260454 -0.016246
-0.076158 -0.979606 -0.016260
0.169929 -0.489292 -0.012082
-0.361375 0.154874 -0.016260
0.365873 0.242533 -0.016260
0.315931 0.153570 -0.016235
-0.066762 -0.644161 -0.015595
-0.335447 0.152405 -0.015701
-0.078924 -0.965620 -0.016260
-0.557172 0.230812 -0.016260
0.380640 0.241024 -0.016414
0.337902 0.157527 -0.016260
0.715511 0.191795 -0.016260
-0.347389 0.154012 -0.016260
0.702860 0.195209 -0.016239
-0.135663 -0.936511 -0.017377
0.401326 0.237007 -0.016420
0.351887 0.159595 -0.016260
-0.151592 0.274233 -0.016260
0.729497 0.189815 -0.016260
-0.136106 -0.924708 -0.017092
-0.067301 -0.616485 -0.008495
0.171558 -0.448156 -0.016260
-0.138616 0.279469 -0.016515
0.369954 0.160558 -0.016066
-0.283286 0.138496 -0.015950
-0.136814 -0.909252 -0.016918
0.173337 -0.434170 -0.016260
-0.515216 0.189113 -0.016260
-0.137009 -0.895513 -0.016657
-0.319418 0.146414 -0.016260
0.174759 -0.420185 -0.016260
-0.123621 0.283232 -0.016260
-0.305433 0.141930 -0.016260
-0.109635 0.285116 -0.016260
-0.137168 -0.881444 -0.016563
0.400212 0.160258 -0.016337
0.177063 -0.406199 -0.016260
0.178901 -0.392214 -0.016260
-0.095650 0.285694 -0.016260
0.421815 0.162183 -0.016260
0.161328 -0.797794 -0.016260
-0.153346 -0.573567 -0.012457
-0.263476 0.134523 -0.016260
-0.081664 0.285099 -0.016260
-0.158058 -0.560040 -0.016260
0.179501 -0.378228 -0.016260
0.079868 0.404961 -0.016260
-0.496005 0.181377 -0.016319
-0.067679 0.285473 -0.016260
0.743482 0.219398 -0.016260
0.079381 0.418947 -0.016260
-0.473259 0.175664 -0.016260
-0.239908 0.129005 -0.016246
-0.053693 0.290597 -0.016260
0.183329 -0.352615 -0.013208
-0.166661 -0.519184 -0.016946
-0.049915 0.293077 -0.016260
-0.459273 0.172853 -0.016260
0.684129 0.235628 -0.019083
-0.167848 -0.504171 -0.014068
-0.040423 0.307334 -0.016963
0.712085 0.237997 -0.015363
0.147381 0.275126 -0.015688
-0.161519 -0.546055 -0.016260
-0.082621 -0.936854 -0.017275
0.078276 0.439793 -0.015572
0.180141 0.265117 -0.015915
-0.164649 -0.526918 -0.014787
-0.083505 -0.927845 -0.017474
0.077107 0.460904 -0.016260
-0.138806 -0.014188 -0.018213
0.729497 0.242686 -0.016260
0.179547 -0.287874 -0.016487
0.073342 0.477448 -0.016978
-0.089390 -0.897172 -0.016932
-0.060485 0.376990 -0.016260
0.753648 0.237135 -0.016260
0.163171 -0.732535 -0.015826
-0.140227 0.013367 -0.016260
-0.067679 0.385245 -0.016260
-0.543198 0.233496 -0.016266
0.743482 0.244653 -0.016260
-0.053572 -0.600266 -0.022841
0.068872 0.488875 -0.016260
-0.072937 0.390976 -0.016260
0.208137 0.257213 -0.015990
-0.144852 0.027352 -0.016260
-0.526264 0.237135 -0.016260
-0.186978 -0.276139 -0.016720
-0.503444 0.241656 -0.016497
0.057597 -0.700149 -0.015233
-0.152230 0.040185 -0.016260
0.048490 0.307063 -0.016260
-0.159526 0.055324 -0.016261
-0.047443 -0.546055 -0.016260
0.044206 0.321181 -0.016337
-0.474585 0.245113 -0.016154
-0.077833 0.404961 -0.016260
-0.174439 0.097280 -0.016260
0.054569 -0.643105 -0.016311
-0.459273 0.245785 -0.016260
0.072177 0.284885 -0.016260
-0.078025 0.418947 -0.016260
-0.045968 -0.516282 -0.013113
-0.180014 0.111203 -0.016438
-0.078685 0.444958 -0.016292
0.086162 0.281231 -0.016260
-0.193548 0.123434 -0.016260
-0.144778 -0.790801 -0.016260
0.100148 0.280068 -0.016260
-0.170918 -0.490112 -0.016260
-0.077836 0.460904 -0.016260
-0.207914 0.125698 -0.016544
0.164854 -0.695962 -0.016664
-0.147707 -0.762830 -0.016260
-0.073473 0.476429 -0.015605
0.163257 -0.671924 -0.016260
-0.182736 -0.436839 -0.015892
-0.060131 0.502860 -0.016260
0.161266 -0.645557 -0.015645
-0.184536 -0.420185 -0.016260
-0.051539 0.515659 -0.016563
0.161115 -0.629968 -0.016260
-0.187139 -0.397133 -0.016827
0.050636 -0.612695 -0.016376
0.178562 -0.265289 -0.016545
0.174683 -0.229232 -0.016326
0.170068 -0.180043 -0.016143
-0.188319 -0.378228 -0.016260
0.173330 -0.210402 -0.016260
0.171001 -0.196274 -0.017928
-0.188411 -0.353745 -0.015505
0.165691 -0.154460 -0.016260
-0.189034 -0.328959 -0.017312
0.163975 -0.138933 -0.015998
-0.187901 -0.295085 -0.016662
0.159414 -0.112503 -0.016260
0.157959 -0.098452 -0.016261
0.154584 -0.070547 -0.016260
0.071698 -1.064934 -0.017609
0.150776 -0.056561 -0.016260
0.135117 -1.077505 -0.016260
0.136124 -1.063519 -0.016260
0.070512 -0.993998 -0.018163
0.070963 -0.976524 -0.015826
0.133447 -1.049534 -0.016260
0.133210 -1.035548 -0.016260
0.134210 -1.021563 -0.016260
0.133145 -0.995420 -0.016291
0.134461 -0.979606 -0.016260
0.136943 -0.965620 -0.016260
-0.123593 -1.091487 -0.022033
0.044256 0.348724 -0.016334
-0.067679 0.390976 -0.024814
0.057257 0.503030 -0.029094
0.030073 -0.504522 -0.030227
-0.375360 0.237135 -0.025639
0.443257 0.167848 -0.016746
0.114372 0.279044 -0.028749
0.170388 -0.517421 -0.018381
-0.067450 -0.806090 -0.025636
0.139456 -0.947483 -0.030090
0.170933 -0.503320 -0.017821
-0.220099 0.239971 -0.018684
-0.067679 -0.783809 -0.024657
0.169161 0.097892 -0.028226
0.505728 0.181193 -0.023816
-0.193548 0.251121 -0.022927
0.155951 -0.867722 -0.016758
0.016235 -0.490112 -0.023256
-0.067581 -0.765781 -0.023703
0.524523 0.182393 -0.030638
0.030220 -0.490112 -0.023603
-0.168102 0.265181 -0.018403
0.030246 -0.476596 -0.020074
0.212032 0.125251 -0.024526
0.426329 0.237068 -0.016450
0.527291 0.195237 -0.021874
0.156214 -0.088046 -0.019801
0.170089 -0.462520 -0.016303
0.526490 0.209039 -0.016105
0.170075 -0.448156 -0.022815
0.072137 0.474765 -0.029856
0.137072 -0.043454 -0.029994
0.547685 0.209164 -0.020382
-0.151054 -0.696308 -0.016734
-0.140682 -0.030906 -0.021305
0.144157 -0.042831 -0.019306
0.561670 0.209164 -0.023382
0.058330 -0.743065 -0.016398
0.170075 0.265106 -0.024361
0.058187 -0.720531 -0.016266
-0.039788 0.321048 -0.016389
0.556582 0.223165 -0.020469
-0.150804 -0.657438 -0.016899
-0.134277 -0.000418 -0.030287
-0.752970 0.195178 -0.024174
-0.042994 0.334511 -0.015567
-0.459273 0.167207 -0.024460
-0.135996 0.014078 -0.028549
-0.738984 0.195178 -0.022362
0.058191 0.293077 -0.025491
0.497499 0.236118 -0.017051
-0.724998 0.195178 -0.022320
-0.045344 0.349435 -0.017095
0.044206 0.307063 -0.027471
-0.081664 -0.909678 -0.021831
-0.151127 -0.616742 -0.017341
-0.082498 -0.894383 -0.021608
0.532016 0.236956 -0.023369
-0.165698 0.071880 -0.016386
-0.711408 0.183500 -0.030185
-0.068106 -0.722933 -0.022312
-0.179563 0.111265 -0.018265
-0.697027 0.195178 -0.019219
-0.081728 -0.865419 -0.020428
-0.683042 0.195178 -0.023838
0.561670 0.237135 -0.026858
-0.193548 0.125251 -0.021926
-0.039445 -0.522799 -0.030944
0.045194 -0.581782 -0.016066
-0.082062 -0.839478 -0.017846
-0.669116 0.209168 -0.019874
-0.068471 -0.675294 -0.016749
0.575656 0.209164 -0.026227
-0.039712 -0.501748 -0.015839
-0.678250 0.223160 -0.016964
0.575656 0.223150 -0.022289
-0.697384 0.234015 -0.017688
0.589641 0.223150 -0.023233
-0.151524 -0.590785 -0.016313
0.603627 0.223150 -0.024266
-0.151592 -0.790801 -0.023955
-0.683042 0.237135 -0.024042
0.617612 0.223150 -0.025229
-0.669297 0.238383 -0.026546
-0.011476 -0.487158 -0.016493
0.637538 0.223149 -0.024437
-0.655071 0.209164 -0.024056
-0.151592 -0.762830 -0.020836
0.673554 0.209164 -0.021563
0.659569 0.223150 -0.020860
-0.655071 0.223150 -0.019869
0.678341 0.223126 -0.016074
-0.641085 0.223150 -0.020167
0.575656 0.237135 -0.027517
-0.627107 0.208317 -0.028660
0.589641 0.237135 -0.026918
-0.613798 0.207523 -0.027868
0.071739 -1.046383 -0.016774
-0.627100 0.223150 -0.019626
-0.613114 0.223150 -0.019104
0.608003 0.237134 -0.026663
0.071304 -1.021268 -0.017224
-0.559680 0.194949 -0.028812
0.070461 -1.007496 -0.017188
0.631598 0.237135 -0.025812
-0.599129 0.209164 -0.024614
-0.585143 0.209164 -0.021648
-0.599129 0.223150 -0.018303
0.659046 0.237054 -0.023038
0.072828 -0.980769 -0.025289
-0.576898 0.223518 -0.016334
0.673554 0.237135 -0.021918
-0.571158 0.209164 -0.018399
0.072406 -0.964785 -0.027998
0.687540 0.195178 -0.026533
-0.647460 0.236857 -0.025514
0.741209 0.194844 -0.016677
0.757468 0.195178 -0.026921
-0.607700 0.237179 -0.023257
-0.585143 0.237135 -0.023031
0.740953 0.208919 -0.017715
-0.571158 0.237135 -0.022036
0.757468 0.209164 -0.020693
0.756908 0.222641 -0.016803
-0.534200 0.195935 -0.017003
-0.520000 0.180594 -0.028979
0.757468 0.237135 -0.020904
-0.545272 0.236680 -0.018774
-0.039997 0.523681 -0.025809
-0.109635 -1.099973 -0.016260
0.257255 0.137842 -0.016266
0.114133 -1.102535 -0.016260
0.253989 0.139236 -0.034994
-0.097964 -1.092932 -0.031999
0.086163 -1.097981 -0.016257
0.101977 -1.094413 -0.032640
-0.157661 0.067990 -0.028332
0.237206 0.135247 -0.027299
0.120156 -1.094252 -0.026684
0.269046 0.144126 -0.028926
-0.505027 0.222967 -0.004000
0.192627 -0.352809 -0.001885
-0.045380 0.293077 -0.002275
-0.148267 -0.028954 -0.001896
0.050325 0.307063 -0.002275
-0.484978 0.224809 -0.001055
-0.075098 -1.077505 -0.002275
0.078497 0.460904 -0.002275
0.193314 -0.336272 -0.002275
-0.129619 -0.706975 -0.002237
-0.144864 -0.014604 -0.002275
0.072935 -0.895708 -0.003805
0.073672 0.477808 -0.002006
0.048569 0.321048 -0.002275
-0.072894 -1.063519 -0.002275
-0.042628 0.307063 -0.002275
-0.144685 -0.000616 -0.002281
0.193382 -0.322286 -0.002275
0.049020 0.335034 -0.002275
-0.129268 -0.672794 -0.002263
-0.045501 0.321048 -0.002275
0.194286 -0.308301 -0.002275
0.072749 -0.875184 -0.003154
0.068945 0.488875 -0.002275
-0.146123 0.013367 -0.002275
0.068218 0.278829 -0.003817
-0.049610 0.335034 -0.002275
0.193481 -0.294315 -0.002275
-0.431302 0.193806 -0.002275
0.058191 0.287286 -0.002275
0.198333 -0.278564 0.000447
-0.136708 -1.054761 0.004361
0.051981 0.349019 -0.002275
-0.058895 0.363005 -0.002275
-0.132626 -1.035548 -0.002275
0.016235 0.527325 -0.002275
-0.140703 -0.615982 -0.002275
0.137174 -0.951635 -0.002275
-0.158863 0.041338 -0.002275
-0.128251 -1.021563 -0.002275
-0.067679 0.374096 -0.002275
0.002249 0.530251 -0.002275
-0.403331 0.172320 -0.002275
0.139817 -0.937649 -0.002275
0.058191 0.366553 -0.002275
0.053450 -0.596191 -0.002627
-0.070564 0.376990 -0.002275
0.030767 0.522568 -0.002559
-0.189840 -0.251685 -0.001846
0.049075 -0.574044 -0.002296
0.067066 0.376990 -0.002275
-0.074751 0.390976 -0.002275
0.058684 0.503497 -0.003513
-0.123621 -1.005400 -0.002275
0.046926 -0.560040 -0.002275
0.072177 0.382821 -0.002275
-0.165363 0.055582 -0.000589
0.144185 -0.908252 -0.000097
-0.096736 -0.707463 -0.002644
-0.388978 0.167248 -0.002302
-0.169320 0.069309 -0.002275
-0.187203 -0.226326 -0.001859
-0.171753 0.083294 -0.002275
-0.095201 -0.690275 -0.002146
0.147186 -0.893103 -0.002099
-0.185368 -0.213234 -0.001278
0.044752 -0.536167 -0.002833
0.126420 0.279630 -0.001666
-0.417317 0.229852 -0.002275
-0.174348 0.097280 -0.002275
-0.076703 0.404961 -0.002275
0.149253 -0.867722 -0.002275
-0.184128 -0.196416 -0.002275
0.140814 0.279092 -0.002275
-0.110351 -0.963046 -0.002592
-0.079392 0.418947 -0.002275
-0.087236 -0.657538 -0.002165
0.150192 -0.848093 -0.002636
-0.182778 -0.182774 -0.002393
-0.387998 0.225418 -0.000236
-0.070254 -1.049534 -0.002275
0.240003 0.247562 -0.002275
0.044206 -0.516322 -0.002275
-0.070668 -1.035548 -0.002275
-0.375360 0.229478 -0.002275
-0.079477 0.441440 -0.002061
0.085678 -0.832044 0.005559
-0.073359 -1.021563 -0.002275
0.253989 0.243678 -0.002275
-0.361375 0.230015 -0.002275
-0.202288 0.125679 -0.002263
-0.077955 0.460904 -0.002275
-0.076296 -1.007577 -0.002275
-0.179707 -0.165300 -0.000809
-0.347389 0.230558 -0.002275
-0.228439 0.128400 -0.002408
-0.076655 -0.629968 -0.002275
0.281803 0.243583 -0.016048
-0.176308 -0.139122 -0.001931
-0.333404 0.230496 -0.002275
0.148216 -0.014604 -0.002275
0.072238 -0.771580 -0.002397
-0.074346 0.474891 -0.002275
-0.083165 -0.980729 -0.004270
-0.173143 -0.126489 -0.002275
0.147136 0.009293 -0.001225
-0.142149 -0.601997 -0.002275
-0.081441 -0.992464 -0.001827
-0.309755 0.229308 -0.002050
-0.060699 0.502860 -0.002275
-0.142598 -0.588011 -0.002275
0.160935 -0.560040 -0.002275
0.301887 0.242397 -0.016290
-0.170746 -0.111312 -0.001981
-0.454977 0.195095 -0.002277
0.146794 0.027352 -0.002275
-0.291447 0.229787 -0.002275
-0.098334 -0.965620 -0.002275
-0.145688 -0.574026 -0.002275
-0.053693 0.513227 -0.002275
0.164147 -0.546055 -0.002275
-0.164803 -0.089783 -0.001996
-0.489668 0.208440 -0.001427
0.323916 0.237063 -0.002275
0.150987 0.041338 -0.002275
0.167858 -0.532069 -0.002275
-0.047522 0.516760 0.003131
0.318430 0.237135 -0.002275
0.069560 -0.727867 -0.002276
-0.276643 0.231124 -0.002451
0.170970 -0.518171 -0.002133
0.337902 0.236953 -0.002275
-0.160248 -0.070547 -0.002275
-0.249490 0.233987 -0.002275
0.155881 0.053849 -0.004674
-0.156178 -0.536154 0.007292
-0.025722 0.522879 -0.002275
0.154714 -0.804688 -0.003192
0.341311 0.167207 -0.002275
0.175278 -0.504098 -0.002275
-0.011737 0.528944 -0.002275
-0.234660 0.236901 -0.002275
0.039757 -0.490384 -0.016182
-0.221519 0.241575 -0.002275
-0.171051 -0.476127 -0.002275
-0.361375 0.161888 -0.002275
-0.174744 -0.462141 -0.002275
0.385577 0.167876 -0.004808
-0.347389 0.160087 -0.002275
0.016235 -0.465730 -0.002275
-0.194963 0.255330 -0.002368
0.176533 0.097280 -0.002275
-0.178629 -0.435896 -0.001797
-0.060902 -0.598481 -0.010569
0.184596 0.111195 -0.002148
0.030220 -0.452022 -0.002275
-0.173733 0.266413 -0.002980
0.183836 -0.221063 -0.003857
-0.330459 0.155526 -0.003011
-0.058852 -0.574026 -0.002275
0.041842 -0.461905 -0.002014
0.401277 0.168416 -0.006006
0.198575 0.125452 -0.000714
-0.305436 0.146333 -0.002275
-0.067562 -0.559014 0.018863
0.401099 0.180962 -0.000375
0.066888 -0.705834 -0.002477
0.177937 -0.490112 -0.002275
-0.291447 0.143133 -0.002275
0.412753 0.195283 -0.001195
-0.151334 0.278978 -0.002275
0.212032 0.128828 -0.002275
-0.273471 0.139360 -0.002557
-0.055310 -0.533201 0.002387
-0.183630 -0.405987 -0.001714
0.064267 -0.672145 -0.002054
-0.067614 0.278285 -0.003997
0.176771 -0.182431 -0.002275
0.179053 -0.466315 -0.002111
0.398099 0.210574 -0.000683
0.226017 0.132220 -0.002275
-0.081395 0.279092 -0.002088
-0.046857 -0.532071 -0.016258
-0.047435 -0.504098 -0.002275
-0.059324 0.279092 -0.002275
0.351887 0.236085 -0.002275
0.063072 -0.645858 -0.003024
0.170075 -0.145764 -0.002275
0.365873 0.232991 -0.002275
-0.137606 0.284162 -0.002275
-0.039697 -0.490824 -0.004214
0.245336 0.139149 -0.002514
0.184710 -0.435096 -0.002580
-0.123621 0.287076 -0.002275
-0.167464 -0.490112 -0.002275
-0.025707 -0.479740 -0.000767
0.061487 -0.629968 -0.002275
0.185039 -0.412215 -0.003088
-0.109635 0.287996 -0.002275
-0.156683 -0.056535 -0.002270
0.267991 0.147286 -0.002272
0.164311 -0.119468 -0.002673
0.074849 0.391309 -0.002534
-0.001022 -0.476127 -0.002275
-0.095650 0.284862 -0.002275
0.080019 0.418947 -0.002275
0.186534 -0.393323 -0.003318
0.079346 0.441890 -0.000236
-0.186398 -0.378228 -0.002275
0.189233 -0.378228 -0.002275
0.161704 -0.098518 -0.002275
-0.188879 -0.364243 -0.002275
0.159169 -0.084532 -0.002275
0.313000 0.161753 -0.002057
0.156124 -0.061737 -0.002228
-0.190784 -0.336323 -0.002202
-0.191157 -0.310274 -0.000442
0.086162 0.271710 -0.002275
0.074783 -1.090012 0.001593
0.100148 0.272112 -0.002275
0.114133 0.276150 -0.002275
0.067846 -1.063519 -0.002275
0.155938 0.275008 -0.002277
0.129853 -1.091490 -0.002275
0.134222 -1.077505 -0.002275
0.173708 0.268734 -0.002471
0.067303 -1.047346 -0.001885
0.198046 0.259949 -0.002275
0.068469 -1.021563 -0.002275
0.212032 0.255697 -0.002273
0.068127 -1.007577 -0.002275
0.054946 0.293077 -0.002275
0.069207 -0.993591 -0.002275
0.071102 -0.979606 -0.002275
0.072177 -0.968778 -0.002275
0.072466 -0.950822 -0.004164
0.133628 -1.049534 -0.002275
0.132379 -1.035548 -0.002275
0.131784 -1.021563 -0.002275
0.131311 -0.995839 -0.002197
0.132838 -0.979606 -0.002275
0.135007 -0.965620 -0.002275
0.073256 -0.916254 -0.003721
-0.557172 0.223150 -0.014243
-0.081497 -1.091363 -0.007376
-0.543187 0.223150 -0.011988
-0.053589 0.365809 -0.016696
-0.151609 0.027323 -0.002344
0.058191 0.293077 -0.016085
0.155578 -0.643340 -0.002738
-0.529201 0.223150 -0.009118
0.142521 0.005247 -0.010948
0.183574 -0.326580 -0.014073
-0.137606 -1.063366 -0.002413
-0.067679 0.376990 -0.005873
-0.137472 -0.705726 -0.005438
0.155609 -0.630216 -0.002975
0.086162 0.279092 -0.011579
0.449786 0.181193 -0.011058
-0.165165 0.069309 -0.015193
0.155848 -0.600505 -0.002269
-0.137660 -0.673460 -0.005753
-0.121993 -0.994019 -0.003032
0.100148 0.279092 -0.013840
0.141614 0.029163 -0.015164
0.182808 -0.306885 -0.012383
0.449786 0.195178 -0.007401
-0.121774 -0.977635 -0.004826
0.116312 0.279318 -0.008514
-0.179614 0.111320 -0.003544
0.463620 0.194927 -0.009199
0.184061 -0.294315 -0.009771
-0.123621 -0.965620 -0.008182
-0.136855 -0.660457 -0.004490
-0.495365 0.237172 -0.009670
0.184061 -0.280330 -0.009648
-0.123621 -0.951635 -0.008892
-0.136869 -0.644023 -0.003958
0.491743 0.195178 -0.012650
-0.463837 0.235903 -0.003580
0.127946 0.279092 -0.016138
-0.109635 -0.951635 -0.004496
0.043597 -0.560323 -0.014072
0.183973 0.111327 -0.015902
0.438170 0.208533 -0.006775
-0.137501 -0.629280 -0.002367
0.463771 0.209164 -0.007662
0.184570 -0.266822 -0.008729
-0.450561 0.236164 -0.003026
-0.738987 0.209166 -0.010356
0.484534 0.209220 -0.008880
0.197874 0.118582 -0.016095
0.184447 -0.240229 -0.004818
-0.724998 0.209164 -0.008381
-0.095650 -0.734859 -0.005774
-0.095688 -0.968253 -0.002335
-0.445288 0.181193 -0.007540
0.337868 0.237112 -0.002475
-0.738984 0.223150 -0.006049
0.457196 0.223569 -0.009106
-0.081664 -0.965620 -0.012509
0.253989 0.139236 -0.008318
0.484860 0.223011 -0.010177
-0.724998 0.223150 -0.005845
-0.078318 -0.737615 -0.014019
-0.095650 -0.951635 -0.006600
0.364821 0.167911 -0.003617
-0.431302 0.181193 -0.005551
-0.081664 -0.951481 -0.016228
-0.711013 0.209164 -0.009382
-0.417317 0.167207 -0.008831
0.505728 0.209164 -0.012265
0.287856 0.153502 -0.003036
0.002676 -0.476237 -0.005088
-0.081799 -0.706110 -0.009532
-0.123535 -0.933655 -0.009301
-0.711013 0.223150 -0.009106
-0.403331 0.167207 -0.005055
0.016235 -0.476127 -0.013378
-0.109635 -0.937649 -0.006776
-0.697027 0.223150 -0.013101
0.389401 0.222836 -0.002693
0.171602 -0.161033 -0.003633
-0.081685 -0.677318 -0.006504
-0.697021 0.209164 -0.013086
0.030220 -0.462141 -0.011271
-0.109587 -0.917542 -0.008140
0.519051 0.225170 -0.014932
0.421815 0.167207 -0.010689
-0.123621 -0.909678 -0.010115
0.421815 0.181193 -0.004154
-0.435010 0.236470 -0.003263
-0.081664 -0.657939 -0.004991
0.438144 0.167192 -0.016385
-0.739539 0.237486 -0.015574
0.156226 -0.069741 -0.004284
0.421815 0.195178 -0.003397
-0.123621 -0.895693 -0.010442
-0.081938 -0.642100 -0.002394
0.464092 0.238135 -0.015915
0.169296 -0.476272 -0.012506
-0.403331 0.237135 -0.008786
-0.109635 -0.895693 -0.009862
0.435800 0.181193 -0.007560
-0.389346 0.237135 -0.010107
-0.123757 -0.872193 -0.011406
0.435800 0.195178 -0.006210
-0.065297 -0.629007 -0.015425
-0.109586 -0.875059 -0.011178
-0.370260 0.236906 -0.015804
0.715511 0.195178 -0.012365
0.421814 0.209173 -0.005682
0.729497 0.195178 -0.012986
0.407829 0.223150 -0.008335
0.684208 0.207167 -0.015602
-0.137515 -0.864124 -0.016544
0.425938 0.222951 -0.009437
-0.179600 -0.462869 -0.016162
0.701525 0.209164 -0.009628
-0.515216 0.195178 -0.011569
-0.151592 -0.559712 -0.002491
0.184061 -0.378228 -0.006885
0.701525 0.223150 -0.010347
0.351887 0.237135 -0.003493
0.715511 0.209164 -0.007881
-0.109425 -0.843589 -0.009252
0.365873 0.237135 -0.006502
-0.543187 0.209164 -0.012663
0.729497 0.209164 -0.011679
-0.123481 -0.830151 -0.009278
-0.529201 0.209164 -0.009081
0.379858 0.237135 -0.010712
0.715511 0.223150 -0.008891
0.729497 0.223150 -0.011255
-0.052947 -0.573854 -0.011757
-0.050069 -0.562770 -0.014045
-0.513930 0.209125 -0.005432
0.743482 0.223150 -0.013696
-0.025150 -0.490287 -0.015384
-0.095570 -0.934353 -0.009999
-0.473259 0.181193 -0.011342
-0.095872 -0.889944 -0.014171
0.729497 0.237135 -0.011834
-0.493904 0.194958 -0.006747
-0.472684 0.196226 -0.002811
-0.092871 -0.865041 -0.014861
0.743482 0.237135 -0.011961
-0.459273 0.181193 -0.009570
0.071672 -1.077616 -0.008826
-0.095974 -0.838667 -0.012192
0.128048 -1.091445 -0.015108
-0.138799 -0.831902 -0.015534
0.072444 -0.848327 -0.002455
-0.109486 -0.814373 -0.007990
0.142104 -0.937649 -0.010032
-0.137467 -0.805479 -0.012678
-0.123761 -0.796839 -0.007417
0.073077 -0.937446 -0.003743
0.072403 -0.821954 -0.002549
-0.137606 -0.776816 -0.010173
-0.137573 -0.734443 -0.006866
-0.123621 -0.762830 -0.004845
0.072445 -0.797429 -0.002666
0.058136 -0.781342 -0.016538
-0.109723 -0.772022 -0.005634
0.072535 -0.748007 -0.002066
0.163194 -0.767436 -0.016664
-0.079922 -0.784460 -0.015938
-0.095682 -0.777879 -0.009249
0.056896 -0.664411 -0.012852
-0.078360 -0.752117 -0.014755
0.058397 -0.640664 -0.008250
-0.039653 0.520009 -0.008257
-0.018019 0.527243 -0.010913
-0.077526 -1.091490 0.011711
0.210648 -0.392214 0.011711
-0.170359 -0.476127 0.011711
-0.043879 0.279092 0.011711
0.161907 -0.045871 0.022994
-0.175494 -0.462141 0.011711
-0.073853 -1.077505 0.011711
0.212032 -0.375335 0.011711
0.049138 0.307063 0.011711
-0.073578 -1.063519 0.011711
-0.109635 -0.629904 0.011711
-0.041445 0.306263 0.014748
0.049970 0.321048 0.011711
-0.139286 -1.063519 0.011711
-0.046665 0.321048 0.011711
-0.162616 -0.504098 0.011711
0.052359 0.335034 0.011711
0.143493 -0.615938 0.014595
0.212069 -0.344016 0.011740
-0.095650 -0.628439 0.011711
0.152074 -0.041551 -0.002284
-0.354643 0.180440 0.012894
-0.052055 0.335034 0.011711
-0.081664 -0.616383 0.012011
0.055072 0.349019 0.011711
0.156289 -0.011917 0.022360
-0.135137 -1.049534 0.011711
-0.070793 -0.615982 -0.002275
-0.055508 0.347393 0.013060
0.210770 -0.325465 0.011915
-0.179074 -0.437390 0.012166
-0.362500 0.208377 0.010983
0.059379 0.360965 0.011971
-0.131506 -0.601997 0.011711
-0.130567 -1.035053 0.011305
-0.345372 0.211178 0.013902
0.209506 -0.308301 0.011711
-0.061396 0.363005 0.011711
0.070960 0.376990 0.011711
0.128119 -0.937610 0.011709
-0.133057 -0.588011 0.011711
-0.123554 -1.018376 0.010727
0.151907 0.027352 0.011711
-0.342209 0.221595 0.008440
0.210235 -0.294315 0.011711
0.068850 0.390976 0.011711
0.128556 -0.923683 0.011967
-0.115001 -1.007577 0.011711
-0.182999 -0.414427 0.011727
0.154534 0.041338 0.011711
0.208960 -0.280330 0.011711
-0.137780 -0.561334 0.016863
-0.327546 0.167294 0.011701
-0.069056 0.376740 0.008578
0.156090 0.046693 0.011711
0.272504 0.164194 0.012375
-0.327911 0.222430 0.009671
-0.068396 0.393596 0.015559
0.158960 0.055323 0.011711
0.292669 0.169363 0.009161
-0.198576 -0.275422 0.010972
-0.071773 -1.049534 0.011711
-0.151304 -0.543374 0.011548
-0.046470 -0.490112 0.011711
0.294904 0.179755 0.014570
0.048451 -0.518084 0.011711
0.131367 -0.867913 0.011616
-0.072475 -1.035548 0.011711
-0.070750 0.404961 0.011711
-0.197381 -0.252358 0.011711
-0.081664 -1.011835 0.011711
-0.077097 0.418947 0.011711
0.131031 -0.842767 0.011643
0.145647 -0.602139 0.012987
-0.196240 -0.237371 0.013381
-0.079077 0.432932 0.011711
-0.159953 -0.518022 0.011747
-0.276062 0.225901 0.011491
0.176220 0.097280 0.011711
-0.077320 -1.021563 0.011711
0.149347 -0.581620 0.011553
-0.078541 0.446918 0.011711
0.101062 -0.816432 0.011552
0.337519 0.188493 0.011698
-0.074049 -0.600734 0.011364
-0.077001 0.460904 0.011711
-0.011583 -0.479180 -0.003965
-0.095655 -0.997594 0.010995
-0.249490 0.229249 0.011711
0.155887 -0.555600 0.011119
0.184092 0.116223 0.011464
-0.068811 -0.578856 0.014012
-0.190992 -0.200540 0.013303
-0.073027 0.474889 0.011711
0.002249 -0.468086 0.011711
-0.235505 0.232616 0.011711
0.188591 0.125251 0.011711
-0.187673 -0.182431 0.011711
0.316088 0.223048 0.011576
-0.223471 0.237135 0.011711
-0.193548 -0.371645 0.011711
0.198046 0.135169 0.011711
0.100626 -0.787124 0.012123
-0.184174 -0.168445 0.011711
0.165773 -0.532069 0.011711
-0.193993 -0.364279 0.009492
-0.067599 0.488703 0.011711
-0.183128 -0.154460 0.011711
-0.207534 0.245192 0.011711
-0.059326 0.502860 0.011711
0.170075 -0.526611 0.011711
-0.186337 -0.391263 0.011659
0.243921 0.237019 0.011790
-0.053693 0.510543 0.011711
0.225411 0.140156 0.009493
-0.195039 0.251545 0.014000
-0.059756 -0.532069 0.011711
-0.195406 -0.348933 0.008942
-0.181720 -0.140597 0.012358
0.186192 -0.518084 0.011711
0.226017 0.243949 0.011711
0.089829 -0.750727 0.010131
-0.176549 -0.126489 0.011711
0.198046 -0.511937 0.011711
0.240003 0.149369 0.011711
-0.176859 0.263428 0.011487
-0.053830 -0.511381 0.010728
-0.171960 -0.110348 0.010798
0.205577 -0.504098 0.011711
-0.165577 0.270875 0.011711
-0.197674 -0.323143 0.011366
-0.025722 0.521509 0.011711
0.279040 0.227355 0.011266
0.045503 -0.495821 0.010137
0.136595 -0.802046 0.011467
-0.011737 0.529677 0.011711
-0.151342 0.278976 0.011711
0.043485 -0.475972 0.001632
-0.199389 -0.294315 0.011711
-0.008546 0.530831 0.011711
-0.081664 0.268792 0.011711
0.010308 -0.461668 0.013565
-0.160302 -0.067452 0.011732
-0.095505 0.279092 0.011873
0.058191 0.272262 0.011711
0.054571 0.279092 0.011711
0.068413 -1.077505 0.011711
0.205782 -0.266344 0.011711
-0.059528 0.265106 0.011711
0.206310 -0.252358 0.011711
0.044206 -0.453655 0.011711
-0.053693 0.268359 0.011711
0.203894 -0.238373 0.011711
0.065807 -1.063519 0.011711
-0.137602 0.284153 0.011719
-0.296055 0.153879 0.011507
0.030837 -0.447138 0.008758
0.099650 0.263003 0.008506
0.133143 -1.091490 0.011711
-0.123621 0.286558 0.011711
0.198140 -0.223500 0.011356
-0.277462 0.148293 0.011711
0.070852 0.403905 0.010492
0.135296 -1.077064 0.011859
0.212032 -0.496573 0.011711
0.077558 0.418947 0.011711
0.134914 -1.063503 0.001008
0.192194 -0.196416 0.011711
0.217061 -0.490112 0.011711
-0.109631 0.285546 0.011710
0.079808 0.432932 0.011711
0.128119 0.272837 0.011711
0.084372 -0.699057 0.012686
0.190084 -0.182431 0.011711
0.222959 -0.476127 0.011711
0.077586 0.446200 0.020435
0.142104 0.276406 0.011711
-0.255084 0.140324 0.010979
0.224804 -0.462141 0.011711
0.066450 -1.039281 0.012593
0.156090 0.272631 0.011711
0.220818 -0.448156 0.011711
0.183457 -0.156831 0.011447
0.067881 -1.021563 0.011711
0.214893 -0.434170 0.011711
-0.152944 -0.040044 0.010767
0.069839 -1.007577 0.011711
0.078553 -0.661265 0.011690
0.206487 0.251384 0.012329
0.177186 -0.140474 0.011711
0.074720 -0.646350 0.009647
0.212028 -0.417934 0.011757
-0.148257 -0.015379 0.011618
0.072177 -0.994202 0.011711
0.184061 0.261543 0.011711
0.072263 -0.629735 0.011711
0.075932 -0.979617 0.011712
0.170540 -0.106841 0.011829
0.079430 -0.965620 0.011711
0.082865 -0.951635 0.011711
0.050613 0.293077 0.011711
0.163037 -0.070547 0.011711
0.131214 -1.049533 0.011711
-0.147790 -0.000619 0.011711
0.125373 -1.021563 0.011711
0.057994 0.502883 0.007319
-0.150318 0.015216 0.011968
0.124259 -1.007577 0.011711
0.075296 0.462169 0.020582
0.124838 -0.993591 0.011711
-0.154939 0.027352 0.011711
0.125294 -0.979606 0.011711
0.073004 0.475568 0.016496
0.067016 0.488886 0.015033
0.086284 -0.938813 0.011625
-0.167051 0.055942 0.011169
0.016228 0.527575 0.011711
-0.170792 0.069309 0.011711
0.030220 0.523053 0.011711
-0.170564 0.083294 0.011711
0.092155 -0.902122 0.011667
-0.172171 0.097280 0.011711
-0.174958 0.111265 0.011711
-0.211596 0.131381 0.011676
-0.193548 0.128251 0.011711
-0.180005 0.124255 0.017744
-0.137606 -1.086455 0.011711
-0.140424 -1.077505 0.011711
-0.135141 -1.091490 0.011711
0.156293 -0.672057 -0.001561
0.086412 -0.888323 0.007758
-0.053772 0.280916 0.000354
-0.123819 -0.723822 -0.001719
0.058191 0.279092 0.006795
0.198046 -0.378228 0.002709
-0.123624 -1.007836 -0.000659
-0.109405 -0.731074 -0.002156
0.198482 -0.351959 0.000736
0.058146 0.362832 0.002159
-0.109704 -0.705867 -0.000343
0.058277 -0.615577 -0.001935
0.212591 -0.353549 0.010292
-0.053587 0.349266 -0.002031
-0.109635 -0.993591 0.006881
-0.449486 0.223440 0.001124
-0.123621 -0.699895 -0.000829
0.056884 -0.586596 0.007501
-0.109635 -0.979606 0.001877
0.072177 0.390976 0.003237
0.085968 -0.856820 0.007102
-0.445288 0.194786 -0.002180
0.198046 -0.336272 0.000066
-0.194350 0.124554 0.000310
0.165015 0.072129 -0.001271
-0.122870 -0.672885 -0.000655
-0.108924 -0.676465 0.000632
-0.417317 0.195178 -0.001315
0.184061 0.111265 0.001851
-0.082173 -1.006594 0.008242
-0.067679 0.488875 0.005104
0.127720 -0.951646 0.011434
-0.416177 0.181482 -0.002272
-0.389346 0.181193 0.004074
0.197861 -0.320014 -0.000278
-0.123621 -0.657939 0.000265
-0.395464 0.195539 0.002258
0.142128 -0.923827 -0.002179
0.157670 -0.573523 0.000500
0.211512 0.139246 0.011704
0.198046 -0.294315 -0.000422
-0.109635 -0.657939 0.001984
-0.095650 -0.979606 0.002160
0.323650 0.166781 0.000611
-0.465072 0.209170 0.000912
-0.123621 -0.643953 0.002695
-0.445288 0.209164 0.000731
0.196900 -0.265998 0.000064
0.184061 -0.518084 0.011405
-0.426870 0.206567 -0.000159
0.141758 -0.891319 0.004245
-0.137606 -0.615982 0.001270
-0.191235 -0.272966 -0.002427
0.198046 -0.252358 0.002285
-0.431302 0.223150 0.000761
0.184061 -0.504098 0.002570
0.249116 0.153011 0.011695
0.142104 -0.867722 0.005428
-0.123621 -0.629968 0.007052
-0.165756 -0.487791 0.011437
-0.417317 0.223150 -0.000536
0.198046 -0.504098 0.005695
0.198046 -0.238373 0.004982
0.268054 0.153220 0.004944
-0.109635 -0.643953 0.005510
-0.403331 0.209164 -0.000286
0.337553 0.222045 0.010659
-0.389346 0.209164 0.002467
-0.403362 0.225898 -0.001430
0.180727 -0.196517 -0.002245
-0.095151 -0.659449 0.000109
0.017572 -0.462944 -0.001296
-0.374742 0.165332 -0.000833
0.267974 0.237135 0.003458
0.086003 -0.809272 0.005187
0.276818 0.238226 -0.000501
0.068144 0.263818 0.011358
0.184061 -0.182431 0.006110
0.297028 0.233315 0.002250
-0.375360 0.181193 0.007812
-0.095650 -0.643953 0.003324
0.187122 -0.167855 0.011879
-0.375360 0.195178 0.009008
-0.095650 -0.629968 0.010606
0.115778 0.265133 0.011493
-0.352568 0.168676 0.005813
-0.081664 -0.629968 0.002273
0.351887 0.181193 0.006565
0.198046 -0.490112 0.001473
0.365873 0.181193 0.004962
0.183921 -0.482003 0.000499
-0.137606 -0.601997 0.003826
-0.193925 -0.325929 0.005358
-0.375367 0.209177 0.006709
0.227105 0.251173 -0.002092
0.194810 -0.475774 0.000615
-0.137606 -0.588011 0.004139
-0.375360 0.223150 0.002001
-0.305433 0.153222 0.006187
0.358947 0.195642 0.010569
0.212032 -0.490112 0.001589
0.086229 -0.777020 0.005979
-0.361375 0.223150 0.003880
-0.137263 -0.572877 0.009859
0.379858 0.181193 0.003146
0.212032 -0.476127 -0.000950
-0.191630 -0.294603 -0.002218
-0.262466 0.136393 -0.000608
0.181251 -0.462050 -0.000760
0.379858 0.195178 0.006401
0.393844 0.195178 0.002907
0.184062 -0.444562 -0.002274
0.198046 -0.448156 0.000782
0.351887 0.223150 0.007309
0.088101 -0.729963 0.011306
0.212032 -0.462141 0.000336
-0.299499 0.222923 0.011345
0.380414 0.225902 -0.001001
0.212032 -0.448156 0.002165
0.365286 0.209298 0.008878
0.142063 -0.844567 0.005626
0.072176 -0.979615 0.002469
0.198046 -0.434170 0.001150
0.198046 -0.420185 0.001451
0.142183 -0.809028 0.008289
0.128119 -1.021563 0.006480
0.212032 -0.434170 0.005873
0.127775 -1.001860 0.006264
0.212145 -0.419978 0.009696
0.197442 -0.397184 0.001942
0.141221 -0.763412 0.011255
0.128119 -0.979606 0.008130
0.127253 -0.965729 0.011122
0.072177 0.404961 0.003810
0.087255 -0.923863 0.011063
0.086162 -0.909678 0.008535
0.071867 -0.703950 0.002833
0.072117 -0.671707 0.006199
0.156147 -0.736210 -0.001545
0.156883 -0.697236 -0.000970
-0.109635 -1.109728 0.011711
-0.081664 -1.098112 0.011711
0.086162 -1.107703 0.011711
0.114133 -1.113492 0.011711
-0.138510 -1.070903 0.006062
-0.134880 -1.078996 -0.004651
0.238732 0.136363 -0.005282
0.124537 -1.096998 -0.004234
-0.166708 -0.091967 0.025978
-0.137380 0.279679 0.025781
0.058138 0.251303 0.025755
0.200808 -0.210400 0.025698
0.086376 -0.629502 0.025659
0.128022 -0.641122 0.020692
-0.048454 -0.476127 0.025696
0.045803 0.265106 0.025696
0.075903 -0.615982 0.025696
-0.053693 -0.489990 0.025607
-0.142703 -1.077505 0.025696
0.197178 -0.187667 0.026052
0.212032 -0.489594 0.025420
-0.039708 -0.469277 0.025696
-0.139860 -1.063519 0.025696
0.191569 -0.168445 0.025696
0.086482 0.244095 0.026195
0.128119 -0.622102 0.025696
0.214655 -0.476127 0.025696
-0.025722 -0.466083 0.025696
-0.111762 0.279312 0.024578
0.216110 -0.462141 0.025696
0.183760 -0.148642 0.025554
-0.011737 -0.463942 0.025696
-0.032263 0.279092 0.025696
-0.156372 -0.056561 0.025696
0.072177 -0.603030 0.026058
0.216314 -0.448156 0.025696
-0.033683 0.293077 0.025696
-0.221519 -0.514839 0.025696
0.066658 -0.614536 0.011669
-0.071412 -1.063519 0.025696
0.213714 -0.435513 0.025691
0.072253 -0.587829 0.032765
0.176148 -0.117245 0.025427
-0.137606 -1.058591 0.025696
-0.177737 -0.504144 0.025702
-0.039327 0.309860 0.025152
-0.211345 -0.392214 0.025696
0.060334 -0.570476 0.021814
-0.043733 0.321048 0.025696
0.210664 -0.419830 0.026151
0.221980 0.167207 0.025696
-0.268611 0.165923 0.027452
0.168566 -0.070547 0.025696
-0.050524 0.335034 0.025696
-0.133058 -1.049182 0.026075
0.211026 -0.406199 0.025696
0.165232 -0.056561 0.025696
-0.123621 -1.029076 0.025696
0.050126 -0.539733 0.009742
-0.138027 -0.549678 0.025338
0.173179 -0.098518 0.025696
-0.055641 0.345998 0.023574
-0.117434 -1.021563 0.025696
-0.207585 -0.363359 0.026510
0.058353 -0.530543 0.030287
-0.149057 -0.532069 0.025696
0.170169 -0.078378 0.025671
-0.062195 0.363005 0.025696
-0.109635 -1.015836 0.025696
-0.209741 0.141036 0.024280
0.212170 -0.385529 0.025698
-0.207825 -0.336272 0.025696
-0.131614 -0.560040 0.025696
-0.065164 0.376990 0.025696
0.134162 0.265106 0.025696
-0.072354 -1.049534 0.025696
0.052867 -0.504098 0.025696
-0.208045 -0.322286 0.025696
-0.075592 -1.035548 0.025696
-0.151592 -0.528666 0.025696
-0.157653 -0.518084 0.025696
0.133487 -0.601997 0.025696
0.159576 -0.032873 0.023426
-0.150513 -0.032436 0.025486
-0.198907 -0.308301 0.011711
-0.067480 0.393264 0.025166
0.153832 0.265046 0.025545
0.140540 -0.588174 0.020686
-0.148071 -0.014604 0.025696
-0.207460 -0.293918 0.026699
-0.072547 0.404961 0.025696
-0.095650 -1.013474 0.025696
0.151231 0.001913 0.011646
-0.206017 -0.280330 0.025696
-0.147608 -0.000619 0.025696
-0.078517 0.418947 0.025696
-0.111292 -0.602043 0.026655
0.178495 0.251913 0.025942
0.141915 -0.564237 0.026583
-0.093763 -0.603871 0.025971
-0.227135 -0.504098 0.025696
-0.078815 0.432932 0.025696
-0.149568 0.014913 0.025591
0.154686 0.027352 0.025696
-0.076385 0.446918 0.025696
0.067727 -1.077505 0.025696
0.212222 -0.334803 0.025948
0.156224 0.036069 0.040898
0.150823 -0.545510 0.026556
-0.073919 0.460904 0.025696
0.211562 -0.308301 0.025696
-0.122687 -0.588035 0.025238
0.156090 -0.537508 0.025696
-0.068562 0.480065 0.025864
0.136469 -1.091490 0.025696
-0.075628 -0.573267 0.025763
0.159217 0.055323 0.025696
0.210680 -0.294315 0.025696
-0.165577 0.059054 0.025696
-0.123686 -0.579243 0.026415
0.132837 -1.063519 0.025697
0.169798 -0.531159 0.025161
0.162880 0.069309 0.025696
-0.065263 0.488875 0.025696
0.209149 -0.280330 0.025696
-0.068317 -0.529997 0.026631
0.065674 -1.049534 0.025696
0.184054 -0.529111 0.025687
-0.054620 0.504832 0.026200
0.168849 0.086932 0.025653
0.067355 -1.035548 0.025696
0.198046 -0.520579 0.025696
-0.168421 0.097280 0.025696
0.047456 0.321048 0.025696
0.200941 -0.518084 0.025696
-0.204011 -0.252561 0.025794
-0.170375 0.111265 0.025696
0.071817 -1.016469 0.025474
0.051622 0.335034 0.025696
-0.039708 0.515141 0.025696
0.208103 -0.504095 0.025692
-0.059247 -0.504098 0.025696
0.075597 -1.007577 0.025696
-0.033611 0.516846 0.025696
0.178078 0.111265 0.025696
0.114133 -1.017595 0.025696
-0.222684 -0.489488 0.024151
-0.198757 -0.224387 0.025696
0.180795 0.125251 0.025696
0.050551 -0.480296 0.023532
-0.193548 0.138807 0.025696
-0.222175 -0.476100 0.023843
-0.011737 0.523686 0.025696
-0.193894 -0.201344 0.025647
0.178012 0.139236 0.025696
0.016235 -0.454111 0.025696
0.002267 0.530962 0.015501
0.173340 0.153222 0.025696
-0.176447 0.125251 0.025696
0.067191 0.376990 0.025696
0.105599 -0.993591 0.025696
-0.179563 0.128768 0.025696
-0.223747 -0.434170 0.025696
0.209034 -0.266344 0.025696
0.049324 -0.462141 0.025696
0.100330 -0.986208 0.024643
-0.226468 -0.420185 0.025696
-0.191797 -0.185080 0.025755
0.068214 0.390976 0.025696
0.047818 -0.448156 0.025696
0.208848 -0.251342 0.025661
-0.188974 -0.168445 0.025696
0.030399 -0.446876 0.025597
0.204244 -0.224387 0.025696
-0.221937 -0.405495 0.025696
0.128103 -1.035438 0.012056
0.044206 -0.444151 0.025696
0.122739 -1.035548 0.025696
-0.186035 -0.154460 0.025696
-0.293093 0.179705 0.026241
-0.277462 0.167423 0.025696
-0.182040 -0.139670 0.025613
-0.291005 0.197319 0.027067
-0.173858 -0.112503 0.025696
0.267371 0.195140 0.022968
-0.264613 0.211133 0.026964
0.247811 0.209344 0.026284
-0.221519 0.227181 0.025696
-0.206250 0.236997 0.024733
0.071662 0.406038 0.026733
-0.202101 0.238059 0.025892
0.075835 0.418947 0.025696
0.077613 0.432932 0.025696
-0.183405 0.251152 0.025696
0.056040 0.499927 0.029386
-0.165495 0.265106 0.025696
-0.151592 0.273907 0.025696
-0.067679 0.247889 0.025696
0.016235 0.525238 0.025696
-0.080568 0.251170 0.025721
0.042145 0.516277 0.016296
0.036665 0.517763 0.027401
-0.033773 0.265106 0.025696
0.198046 -0.210402 0.016272
-0.353741 0.195793 0.015515
-0.221519 -0.504098 0.020116
0.239534 0.167127 0.022464
-0.207534 -0.504098 0.019551
-0.039619 -0.476008 0.017640
-0.193548 -0.504098 0.022669
-0.305433 0.167207 0.018387
0.142498 -0.643725 0.012279
-0.320241 0.195051 0.022363
0.143172 -0.629259 0.013190
-0.039708 0.279092 0.016763
0.002249 -0.462141 0.022738
0.264199 0.167564 0.016533
-0.109678 -1.003753 0.012551
-0.040065 0.293009 0.012140
0.264468 0.181009 0.021426
-0.207455 -0.383325 0.025596
-0.291428 0.167206 0.022535
0.281960 0.181193 0.017801
0.170252 -0.085115 0.019306
-0.151592 -0.532069 0.021085
-0.081664 -1.022728 0.024128
-0.193548 -0.392214 0.018333
0.059236 -0.558474 0.024629
-0.095650 -1.007577 0.019250
0.281960 0.195178 0.020504
-0.193548 -0.378228 0.013904
-0.305433 0.181193 0.023630
0.072177 -0.615982 0.021072
-0.109635 -0.615982 0.019689
-0.095650 -0.615982 0.020499
0.233416 0.222313 0.025817
-0.273176 0.152606 0.017856
0.253989 0.223150 0.019480
-0.082195 -0.596833 0.023185
-0.207534 -0.322286 0.025065
-0.123847 -0.616913 0.012977
0.267983 0.209168 0.021746
-0.319418 0.209164 0.018965
0.281960 0.209164 0.019466
-0.298735 0.208586 0.022293
0.156090 0.041338 0.022806
0.267974 0.223150 0.016311
-0.123621 -0.601997 0.019892
-0.039708 0.516846 0.016395
0.073110 -1.091037 0.013373
0.165696 0.072336 0.011284
-0.165496 0.055252 0.022386
0.319924 0.181730 0.011175
0.156989 -0.546352 0.015988
0.295945 0.195178 0.018601
0.072177 -1.007577 0.019755
0.184061 0.125251 0.019495
-0.274324 0.223051 0.015623
0.311760 0.195390 0.016600
-0.052470 -0.504139 0.013013
0.198046 -0.518084 0.021101
0.184061 0.139236 0.019125
-0.179563 0.125251 0.022043
0.198046 0.139236 0.014448
-0.246713 0.221233 0.023360
0.114213 -0.873976 0.015178
0.184061 0.153222 0.020154
0.086162 -0.979606 0.021060
0.097850 -0.855131 0.012548
0.044296 -0.448270 0.012314
0.198034 0.153180 0.020947
-0.221519 -0.462141 0.021700
-0.320672 0.181367 0.020457
0.113119 -0.999506 0.023005
0.114133 -0.839751 0.014011
0.304048 0.209133 0.017157
-0.221519 -0.448156 0.021081
0.212032 0.153222 0.019956
-0.221519 -0.434170 0.022826
-0.222584 0.237207 0.012615
0.226017 0.153222 0.018363
0.114133 -0.979606 0.019692
0.293493 0.223856 0.012414
0.114133 -0.937649 0.017366
-0.221519 -0.420185 0.020875
0.058191 0.265106 0.016064
0.086162 -0.965620 0.017116
0.114133 -0.923664 0.016583
-0.221519 -0.406199 0.023284
0.240003 0.153222 0.014768
0.086162 -0.951635 0.014287
0.072179 0.251117 0.022149
0.338264 0.210786 0.013875
0.085793 0.259786 0.010729
0.100148 -0.965620 0.020548
-0.207534 -0.490112 0.019190
0.128824 -0.909998 0.012157
0.099098 0.246201 0.024132
0.114064 -0.958931 0.018362
0.114021 -0.905921 0.015867
0.117663 0.250222 0.025362
0.100148 -0.951635 0.018833
-0.207534 -0.476127 0.019360
0.128972 -0.896588 0.012340
-0.193390 -0.477069 0.022667
-0.179561 -0.490114 0.023530
-0.067681 0.251144 0.022304
-0.165577 -0.490112 0.021327
0.129002 0.259752 0.025690
-0.053693 0.251121 0.024105
0.128119 -0.867722 0.012792
-0.179563 -0.476127 0.021114
-0.078101 0.263958 0.013053
0.173179 0.265842 0.012867
0.128011 -0.848823 0.012536
0.100148 -0.937649 0.017094
-0.193548 -0.462141 0.022282
-0.053693 0.265106 0.013867
-0.207664 -0.449121 0.019022
0.100148 -0.923664 0.015887
-0.193548 -0.448156 0.021889
-0.039708 0.265106 0.021721
0.198046 0.251121 0.017276
-0.179563 -0.462141 0.017464
0.218394 0.236846 0.021732
0.114049 -0.814994 0.013844
-0.179563 -0.448156 0.015422
0.100136 -0.905561 0.014700
0.097539 -0.882411 0.013070
-0.193548 -0.434170 0.021490
-0.207736 -0.432997 0.019994
0.114364 -0.778163 0.015821
0.212032 -0.378230 0.012186
0.114091 -0.741845 0.018010
-0.207534 -0.406199 0.020046
-0.193724 -0.410436 0.020487
0.099132 -0.759604 0.013685
0.100023 -0.715718 0.017101
0.128119 -0.825765 0.012843
0.128580 -0.806534 0.013607
0.128075 -0.762013 0.016190
0.143505 -0.710471 0.012368
0.113884 -0.702512 0.019624
0.100009 -0.689058 0.018642
0.086162 -0.678917 0.014658
0.114133 -0.685910 0.019583
0.100148 -0.671924 0.019452
0.114133 -0.671924 0.020022
0.086162 -0.657939 0.016173
0.086162 -0.643953 0.018553
0.100148 -0.657939 0.020358
0.114133 -0.657939 0.021173
0.100148 -0.643953 0.023526
0.128213 -0.725454 0.017603
0.128159 -0.700428 0.018076
0.142827 -0.672107 0.012263
0.128119 -0.671924 0.017899
0.128119 -0.657939 0.018827
0.142335 -0.657598 0.012008
0.212033 -0.351759 0.025306
-0.143546 -1.091490 0.039682
0.204767 -0.490112 0.039682
-0.039708 -0.464391 0.039682
0.068920 0.390976 0.039682
0.196114 -0.196416 0.039682
-0.053693 -0.471248 0.039682
0.069955 0.404961 0.039682
-0.144033 -1.077505 0.039682
-0.029429 0.306751 0.040274
-0.207534 -0.526990 0.039682
0.192710 -0.182431 0.039682
-0.138926 -1.062699 0.040082
-0.213354 -0.518084 0.039682
0.072244 0.432088 0.039831
-0.220011 -0.504098 0.039682
0.089505 -0.601997 0.039682
-0.158540 -0.070547 0.039682
0.184032 -0.164265 0.039923
-0.071297 -1.076581 0.029857
-0.151565 -0.045757 0.039000
0.179414 -0.143912 0.039563
-0.071093 -1.063519 0.039682
-0.047221 0.335034 0.039682
0.002297 -0.459506 0.039397
-0.165577 -0.522427 0.039682
-0.222353 0.168472 0.039115
0.174325 -0.126489 0.039682
-0.056689 0.347866 0.040683
-0.123621 -0.548137 0.039682
-0.216335 -0.392214 0.039682
0.207219 -0.422907 0.040019
-0.130595 -1.049534 0.039682
-0.124623 -0.546055 0.039682
-0.145954 -0.028590 0.039682
-0.214028 -0.378228 0.039682
-0.210157 0.209601 0.039705
0.071964 -0.567886 0.040046
-0.144204 -0.014161 0.040043
-0.062466 0.363005 0.039682
-0.213180 -0.364243 0.039682
-0.137600 -0.532069 0.039678
0.207648 -0.378228 0.039682
-0.143939 -0.000619 0.039682
0.068314 0.474890 0.039680
-0.122693 -1.034501 0.035416
0.169080 -0.081547 0.038184
-0.064567 0.376990 0.039682
-0.212906 -0.337524 0.039517
0.208423 -0.364243 0.039682
0.061371 0.488875 0.039682
-0.109550 -1.021895 0.034726
0.167544 -0.070547 0.039682
-0.151592 -0.523264 0.039682
-0.176817 0.237363 0.039467
0.207961 -0.350257 0.039682
-0.151611 0.032401 0.038612
0.166733 -0.056561 0.039682
0.016235 0.522511 0.039682
-0.073512 -1.049534 0.039682
-0.211991 -0.322286 0.039682
-0.067740 0.394958 0.040325
0.002249 0.523610 0.039682
-0.210116 -0.308301 0.039682
-0.158458 0.055323 0.039682
0.065277 -0.533316 0.039612
0.164677 -0.042576 0.039682
0.030227 0.521004 0.025648
0.206129 -0.325960 0.039742
-0.095550 -1.031793 0.053041
-0.075731 0.418947 0.039682
0.161331 -0.028590 0.039682
-0.164326 0.249893 0.039682
-0.081373 -1.035238 0.043240
-0.077108 0.432932 0.039682
0.157829 -0.007692 0.039117
-0.150130 0.263986 0.038302
0.119987 -0.588011 0.039682
0.204363 -0.294536 0.039622
-0.204245 -0.259433 0.039544
-0.073906 0.447000 0.039640
0.203794 -0.280330 0.039682
0.127077 -0.571237 0.039909
-0.109635 0.260566 0.039682
-0.165560 0.135485 0.039800
0.070111 -1.091118 0.039717
0.156389 0.013874 0.041350
-0.075073 -0.518084 0.039682
0.131837 -0.560040 0.039682
-0.115229 0.265106 0.039682
0.064866 -1.063653 0.039644
-0.123565 0.267979 0.040320
-0.210116 0.166846 0.040422
-0.060382 0.488875 0.039682
0.139373 -1.091488 0.039888
-0.200667 -0.238373 0.039682
0.142003 -0.541215 0.039343
-0.221519 -0.498553 0.039682
0.137190 -1.077505 0.039682
-0.082065 0.235319 0.038618
0.150749 -0.532069 0.039682
0.131191 -1.063519 0.039682
0.157656 0.054437 0.038797
-0.175221 0.153222 0.039682
-0.222117 -0.476980 0.041126
0.170075 -0.536218 0.039682
-0.095650 0.246637 0.039682
0.065521 -1.049534 0.039682
-0.039708 0.511714 0.039682
-0.182970 0.156490 0.038383
0.159747 0.069309 0.039682
-0.222790 -0.460605 0.025241
0.162832 0.083294 0.039682
0.072054 -1.030586 0.038503
-0.191510 -0.196416 0.039682
-0.015856 0.517823 0.039807
0.078979 -1.021563 0.039682
0.167029 0.097280 0.039682
-0.188908 -0.182431 0.039682
0.184217 -0.532401 0.042018
-0.221935 -0.418536 0.039513
0.203650 -0.253739 0.039384
-0.031394 0.238452 0.038675
0.102913 -1.021563 0.039682
0.198045 -0.523105 0.039682
-0.185410 -0.168425 0.039675
0.100250 -1.020609 0.040303
0.201005 -0.518084 0.039682
-0.177770 -0.143651 0.039026
0.044206 0.239723 0.039682
0.202522 -0.247401 0.039953
0.204048 -0.504098 0.039682
0.030773 0.250758 0.041917
0.172326 0.125312 0.039406
0.124705 -1.049094 0.039336
0.172261 0.139312 0.040052
-0.062256 -0.490112 0.039682
0.198023 -0.222096 0.039693
-0.169827 -0.112503 0.039682
-0.056173 -0.476127 0.039682
0.067212 0.237029 0.036922
0.056091 -0.461054 0.039885
0.114133 0.229133 0.039682
0.050296 -0.448156 0.039682
0.170192 0.181236 0.044119
0.173291 0.181193 0.039682
0.035366 0.293077 0.039682
0.038078 0.307063 0.039682
0.044206 0.324361 0.039682
0.050294 0.335034 0.039682
0.059093 0.347832 0.039634
0.064686 0.362995 0.039040
0.067272 0.376990 0.039682
0.076451 -1.105476 0.039682
-0.053693 -0.476127 0.033528
-0.207526 -0.517880 0.025996
0.198046 -0.196416 0.035586
0.044206 0.251121 0.031549
-0.193569 -0.517794 0.025874
0.212710 -0.474234 0.028425
0.231146 0.180221 0.028506
-0.277431 0.181170 0.029619
-0.123641 0.279959 0.027827
-0.016225 -0.462092 0.038026
-0.221519 -0.504098 0.038362
0.212032 -0.448156 0.030283
0.214720 0.195119 0.033187
-0.025722 0.279092 0.032729
0.044206 0.265106 0.027314
-0.179563 -0.518084 0.030095
0.246692 0.196019 0.027745
-0.025287 0.296613 0.038997
-0.207246 -0.378228 0.026018
0.044289 0.279092 0.025819
-0.241356 0.152175 0.026054
-0.165577 -0.518084 0.033640
-0.095521 -1.019792 0.034273
-0.221519 0.153222 0.031679
-0.039661 0.323254 0.038178
-0.164649 -0.501960 0.025584
0.213344 -0.377981 0.024519
0.225179 0.208831 0.030860
0.212557 -0.364806 0.025997
-0.137606 -0.546055 0.028241
-0.275893 0.195554 0.029713
-0.207534 -0.308549 0.025737
0.114133 0.237135 0.033790
0.154686 0.013640 0.026179
-0.109634 -0.588018 0.032399
-0.120134 -0.558632 0.038608
-0.226350 0.195197 0.040473
-0.063778 0.473096 0.051350
0.170075 0.167207 0.035976
-0.242808 0.209308 0.031809
0.071572 0.418519 0.037353
-0.109687 -0.566531 0.039691
-0.145666 0.013379 0.039684
-0.053748 0.502571 0.032431
-0.220078 0.207568 0.038329
-0.193789 -0.213515 0.039615
-0.230170 0.223266 0.025631
0.174469 0.102035 0.027800
-0.166784 0.071846 0.027210
0.184061 0.181193 0.032236
-0.025199 0.516798 0.033383
0.086162 -1.007577 0.032959
-0.095785 -0.581775 0.035349
-0.173759 -0.127982 0.039343
-0.207534 0.223150 0.033948
0.086162 -0.615982 0.032533
0.184061 0.166788 0.025849
0.114134 -1.021570 0.028311
-0.081664 -0.574026 0.031465
-0.162864 0.096478 0.038837
0.198046 0.181193 0.031148
0.099697 -0.633715 0.027022
0.100148 -1.007577 0.032010
0.206359 0.168535 0.026889
-0.164610 0.111327 0.038481
0.181860 0.195878 0.037870
0.114246 -0.638623 0.024419
0.085320 -0.993333 0.025994
-0.193548 0.237135 0.031195
0.198046 0.195178 0.034489
0.100148 -0.615982 0.034875
-0.082539 -0.552736 0.036438
0.114133 -0.615982 0.033091
0.212032 0.181193 0.031052
-0.065269 -0.518120 0.026826
0.128025 -1.056035 0.038817
-0.165468 0.124693 0.037923
-0.178125 0.250762 0.029985
0.183516 0.209276 0.038123
-0.179563 0.139236 0.032524
0.198046 0.209164 0.034850
-0.207534 0.153222 0.033862
0.179914 0.223733 0.036412
-0.221672 -0.406154 0.035638
-0.193550 0.153220 0.034983
0.198046 0.223150 0.031897
-0.108370 0.267935 0.033546
0.225879 0.223550 0.026946
-0.098358 0.250495 0.039522
0.127478 0.233936 0.039833
0.128119 0.251121 0.031337
-0.067640 0.237056 0.034828
0.129607 -0.615957 0.027025
0.142104 0.251121 0.036173
-0.054094 0.235789 0.038557
0.172479 0.237084 0.034455
-0.095786 0.266390 0.025987
0.086103 -0.598488 0.039747
0.156090 0.251121 0.034139
-0.044942 0.250654 0.026203
-0.040424 0.252774 0.025882
0.142140 0.266484 0.027117
-0.025722 0.251121 0.033623
-0.025722 0.265106 0.031570
0.203382 0.237278 0.025622
0.044372 0.293077 0.026020
0.044407 0.307146 0.027518
0.059692 -0.503302 0.037716
0.044207 0.321055 0.036126
0.128119 -0.601997 0.030388
0.057658 0.348072 0.032657
0.128119 -0.588011 0.032686
0.184061 -0.532069 0.031944
0.027944 -0.449221 0.038063
0.158357 -0.532631 0.028358
0.114133 -1.124995 0.039682
-0.118778 -1.119461 0.039682
0.086834 -1.119458 0.039907
-0.137606 -1.104545 0.039682
0.125292 -1.119461 0.039682
-0.098279 -1.119461 0.039682
-0.081664 -1.107282 0.039682
0.114133 -1.119461 0.024886
-0.109635 -1.120191 0.037750
-0.137529 -1.091557 0.020740
-0.157294 0.040437 0.027366
0.076156 -1.099257 0.028922
-0.074132 -1.091616 0.036219
0.127080 -1.104481 0.025562
-0.268088 0.178109 0.029508
-0.235573 0.167132 0.035640
-0.148967 -1.091490 0.053668
0.160462 -0.140474 0.053668
-0.095434 -0.518279 0.053668
-0.180259 -0.252818 0.055214
-0.147972 -1.077505 0.053668
-0.067679 0.425393 0.053668
0.161322 -0.126489 0.053668
-0.100949 0.223150 0.053668
-0.082575 -0.499499 0.053759
-0.071162 0.432932 0.053668
0.100460 -0.564531 0.054447
-0.207534 -0.362310 0.053668
0.161376 -0.112503 0.053668
-0.081735 0.221518 0.049818
-0.068027 0.211461 0.054924
0.088829 0.213836 0.052657
0.160711 -0.098518 0.053668
-0.070803 -1.077505 0.053668
0.160807 -0.084532 0.053668
-0.168480 -0.217441 0.054141
-0.072199 -1.063519 0.053668
-0.215163 -0.490112 0.053668
-0.157635 0.067442 0.044953
-0.033053 0.202673 0.064724
0.159018 -0.072030 0.056311
-0.216653 -0.476127 0.053668
-0.071591 0.446830 0.053396
-0.137923 -1.063145 0.054052
0.161419 -0.056561 0.053668
-0.025479 0.209852 0.061702
-0.165595 -0.188664 0.053117
-0.201944 -0.308301 0.053668
-0.216525 -0.460166 0.053403
0.162771 -0.042576 0.053668
-0.122894 -1.047225 0.056015
-0.109737 0.224017 0.053792
-0.055475 0.491750 0.054777
0.077279 -0.518324 0.053819
0.160087 -0.028590 0.053668
-0.154739 0.111193 0.054193
0.047882 0.223275 0.053258
-0.011815 0.237022 0.046325
-0.214763 -0.423194 0.053952
-0.154700 0.126179 0.053209
-0.048085 0.502860 0.053668
0.164385 0.167207 0.053668
0.123156 -0.546055 0.053668
-0.153080 0.139420 0.053456
-0.213553 -0.405178 0.053461
-0.081664 -1.040054 0.053668
0.128119 -0.541596 0.053668
-0.039708 0.507976 0.053668
0.081998 -1.119461 0.053668
-0.159246 -0.126489 0.053668
-0.008750 0.295120 0.053309
0.142104 -0.532592 0.053668
-0.025722 0.510337 0.053668
-0.086883 -1.035548 0.053668
0.154910 0.031632 0.053888
0.156090 -0.537013 0.053668
-0.151263 0.167207 0.053382
0.072417 -1.105410 0.057754
-0.013153 0.308246 0.061101
0.142104 0.201673 0.053668
-0.011814 0.516787 0.053161
0.170075 -0.535640 0.053668
0.066498 -1.091654 0.066146
0.176052 -0.532069 0.053668
-0.025722 0.314141 0.053668
0.002249 0.522993 0.053668
0.128465 0.209309 0.053668
-0.067679 -0.482247 0.053668
0.065435 -1.077505 0.053668
-0.149366 -0.084532 0.053668
-0.193548 -0.535476 0.053668
0.184061 -0.528690 0.053668
-0.032020 0.321048 0.053668
0.064140 -1.063519 0.053668
-0.059036 -0.476127 0.053668
-0.203241 -0.532069 0.053668
-0.145459 -0.070547 0.053668
0.197997 -0.273950 0.045640
0.193948 -0.518084 0.053668
0.154131 0.069567 0.059131
-0.041098 0.330408 0.054565
0.070417 -0.475790 0.055581
-0.179563 -0.534542 0.053668
-0.053693 -0.472503 0.053668
-0.124395 0.223150 0.053668
-0.139182 -0.040912 0.054115
0.066499 -0.462141 0.053668
-0.172272 -0.532069 0.053668
0.157659 0.099779 0.059899
-0.039708 -0.467106 0.053668
0.058191 -0.452645 0.053668
-0.055910 0.347640 0.053921
0.178649 -0.236928 0.053616
0.161998 0.111265 0.053668
-0.207534 -0.529262 0.053668
-0.025722 -0.466124 0.053668
-0.137489 -0.024939 0.053929
0.137626 -1.077504 0.053669
0.175197 -0.221697 0.053847
-0.061153 0.363005 0.053668
-0.213537 -0.518084 0.053668
0.163892 0.133353 0.054912
-0.210052 -0.378641 0.055294
-0.063178 0.376990 0.053668
0.030220 -0.451872 0.053668
0.016235 0.292380 0.053933
0.067161 -1.049534 0.053668
-0.165577 -0.529507 0.053668
-0.064971 0.390976 0.053668
0.028621 0.307759 0.053300
0.044206 -0.449281 0.053668
0.165286 0.153222 0.053668
-0.151592 -0.523825 0.053668
0.205875 -0.469680 0.039219
0.076311 -1.035548 0.053668
-0.067154 0.418406 0.052633
-0.137606 -0.520122 0.053668
0.030220 0.311382 0.053668
0.198019 -0.450826 0.054335
0.070941 -0.494085 0.052675
0.114133 -1.044162 0.053668
-0.123621 -0.527092 0.053668
0.170361 -0.194940 0.054852
0.037555 0.321048 0.053668
0.104871 -1.035548 0.053668
0.202969 -0.442053 0.045691
-0.109635 -0.528526 0.053668
0.044206 0.329042 0.053668
0.162314 -0.157410 0.054134
0.086162 -1.030344 0.053668
0.049514 0.335034 0.053668
0.059565 0.347268 0.054007
0.065351 0.363005 0.053668
0.118416 -1.049534 0.053668
0.192874 -0.379368 0.056888
0.067370 0.376990 0.053668
0.068109 0.390976 0.053668
0.197809 -0.350805 0.051876
0.067677 0.404961 0.053668
0.192348 -0.332472 0.054249
0.066396 0.418947 0.053668
0.190525 -0.301308 0.053668
0.066085 0.432932 0.053668
0.072627 0.447389 0.044049
0.062738 0.475019 0.054352
0.028059 0.515551 0.052040
0.016235 0.520616 0.053668
0.169744 -0.141693 0.048060
0.002565 0.280369 0.050930
0.083994 -0.590598 0.042926
-0.138058 0.266526 0.040289
-0.081664 -0.518084 0.045442
0.170075 -0.126489 0.045731
0.016235 0.279092 0.049131
0.170078 0.108203 0.039699
-0.067559 -0.501806 0.039061
0.100148 -0.603983 0.040571
0.169806 -0.103461 0.040260
0.030756 0.279216 0.041300
-0.081426 -0.535110 0.039460
0.100148 -0.588011 0.047495
0.030220 0.293077 0.044930
0.170075 -0.168445 0.051997
-0.207127 -0.336819 0.052705
0.113654 -0.604400 0.038197
0.169453 0.155481 0.042828
-0.222446 -0.490140 0.039792
-0.207534 -0.308301 0.047368
0.086901 -0.568570 0.051315
-0.067255 0.227624 0.041624
-0.207582 -0.287928 0.039833
-0.052683 0.224363 0.046321
-0.165577 0.153222 0.044009
-0.221519 -0.462141 0.039991
-0.193575 -0.531914 0.040000
-0.193521 -0.281421 0.053626
0.071987 0.218577 0.051060
-0.221934 -0.442517 0.040191
0.099955 -0.572748 0.052399
-0.181495 -0.530851 0.041546
0.198031 -0.266289 0.044843
0.085933 0.223064 0.044460
-0.180330 0.162618 0.040691
-0.019317 0.222226 0.054203
0.114133 -0.574026 0.048242
0.156214 0.004647 0.049827
-0.165577 0.167207 0.045021
0.100186 0.227955 0.039540
0.114361 -0.554060 0.053712
-0.123621 -0.546055 0.040329
-0.109635 0.237135 0.048907
0.086162 -1.119461 0.042394
0.112333 0.211339 0.054370
-0.109635 -0.546055 0.045007
-0.095571 0.237020 0.044663
0.057623 0.488541 0.051920
0.002249 0.237135 0.047380
-0.123621 -0.532069 0.047722
-0.109635 0.251121 0.044398
0.072266 -0.534591 0.046710
0.016235 0.237135 0.048403
-0.109635 -0.532069 0.051464
0.155912 0.055206 0.048915
0.030220 0.237135 0.048362
0.072177 -1.035548 0.044637
0.074355 -0.514001 0.052295
-0.067679 -0.490112 0.046558
0.002249 0.251121 0.045470
-0.025911 0.239186 0.039577
0.184065 -0.224386 0.049395
-0.221519 0.181193 0.041771
0.016235 0.251121 0.045384
0.114040 -1.033392 0.039970
-0.094484 -0.564451 0.039920
0.086114 -1.019363 0.040914
0.184914 -0.210144 0.048639
-0.095650 -0.546055 0.043854
-0.207534 0.181193 0.044224
-0.011648 0.250548 0.041876
0.053038 0.237971 0.039055
0.128119 -0.560040 0.043019
0.184061 -0.196416 0.049451
-0.193380 -0.266794 0.052130
-0.193548 0.181193 0.045085
-0.095650 -0.532069 0.047956
0.058534 -0.484594 0.038926
-0.011823 0.264636 0.042004
0.128119 -0.546055 0.049737
0.002249 0.265106 0.046821
-0.207534 0.195178 0.043934
-0.193548 -0.238373 0.047660
0.184061 -0.182431 0.048276
0.016235 0.265106 0.046147
-0.193548 0.195178 0.045667
-0.193548 -0.224387 0.043961
0.158882 -0.531626 0.038573
-0.012496 0.278678 0.044713
0.030503 0.265053 0.040511
0.044199 -0.446957 0.043040
-0.179563 0.181193 0.045337
-0.165577 0.181193 0.046347
-0.179540 -0.224386 0.050904
0.196923 -0.503805 0.052863
-0.179563 0.195178 0.046559
0.198046 -0.518084 0.046522
-0.165577 0.195178 0.047827
-0.179563 -0.210402 0.049789
0.197719 -0.490178 0.053368
-0.179563 -0.196416 0.049668
0.170075 0.195178 0.044112
-0.193916 0.209048 0.043518
-0.179563 -0.182431 0.047694
0.142104 0.209164 0.050227
-0.179563 0.209164 0.045715
0.207076 -0.392214 0.039693
0.128119 0.223150 0.045133
-0.067679 0.404961 0.048595
-0.165577 0.209164 0.047863
-0.179563 -0.168445 0.044823
0.142104 0.223150 0.044878
-0.191450 0.223000 0.039830
-0.164432 -0.167719 0.052665
0.156090 0.209164 0.046924
-0.165577 0.223150 0.046682
0.198206 -0.367750 0.052695
0.170075 0.209164 0.042496
-0.151736 0.181660 0.051951
0.155195 0.235105 0.039860
-0.165577 -0.154460 0.051419
-0.147125 0.197533 0.052721
-0.165546 -0.140485 0.050564
-0.140191 0.211944 0.053066
0.142101 0.242274 0.039692
-0.165577 -0.126489 0.048819
0.197844 -0.320634 0.048665
-0.151592 0.223150 0.049788
-0.165577 -0.112503 0.045057
-0.165577 0.237135 0.043834
-0.164656 -0.092377 0.039828
-0.151592 0.237135 0.048220
-0.151519 -0.087741 0.053360
-0.137606 0.237135 0.050558
-0.151592 -0.070547 0.049956
-0.151592 0.251121 0.044330
-0.137606 0.251121 0.047797
-0.151592 -0.056561 0.046648
-0.123621 0.237135 0.050763
-0.123621 0.251121 0.047813
-0.130790 -0.005075 0.066506
-0.100561 -0.518084 0.067653
-0.150731 -1.091490 0.067653
-0.129095 0.012457 0.074550
-0.057774 0.418947 0.067653
-0.107917 -0.504098 0.067653
-0.095650 0.200615 0.067653
-0.147249 -1.077505 0.067653
0.030154 0.320355 0.067552
0.077531 -0.476127 0.067653
-0.137606 -1.067292 0.067653
0.150700 -0.125674 0.067390
-0.213906 -0.504096 0.053673
-0.165533 -0.325097 0.068644
0.152286 -0.093465 0.067036
0.077052 -0.460451 0.067563
-0.141482 0.028139 0.056098
0.044013 0.331511 0.067346
-0.062060 0.460904 0.067653
0.058191 -0.457627 0.067653
-0.207534 -0.485120 0.067653
0.047803 0.335034 0.067653
-0.070265 -1.091122 0.073909
-0.153165 0.051470 0.048229
-0.056310 0.478094 0.068501
-0.165480 -0.283807 0.065450
-0.072279 -1.063519 0.067653
0.099511 0.193571 0.072311
-0.206038 -0.462865 0.067025
0.154287 -0.046075 0.066708
0.184049 -0.489885 0.067644
0.153700 -0.028590 0.067653
0.184177 -0.455263 0.068178
-0.032389 0.502860 0.067653
0.065155 0.376990 0.067653
-0.205792 -0.439509 0.067324
0.152639 -0.014604 0.067653
0.142485 0.181284 0.066364
0.065947 0.390976 0.067653
-0.195930 -0.418463 0.067781
0.072793 -1.118116 0.076504
0.152325 0.001352 0.064176
-0.144986 0.125251 0.067653
-0.011737 0.509782 0.067653
0.063483 0.404961 0.067653
0.117215 0.194820 0.069116
-0.142599 0.139236 0.067653
-0.002567 0.516846 0.067653
0.063595 -1.077505 0.067653
0.059456 0.418743 0.072775
-0.138421 0.154929 0.068227
-0.011737 0.312852 0.067653
-0.075993 -1.050004 0.054933
0.064455 -1.063519 0.067653
0.151693 0.036638 0.068001
0.183564 -0.420225 0.067625
0.142104 -1.084739 0.067653
0.183073 -0.406199 0.066799
-0.193557 -0.532667 0.069581
-0.107948 -0.490112 0.067653
0.136625 -1.077505 0.067653
-0.200010 -0.532069 0.067653
-0.056126 0.361804 0.068603
-0.095650 -0.481723 0.067653
0.127162 -1.065881 0.067737
-0.124607 0.184529 0.067501
0.168829 -0.252959 0.065263
-0.081664 -0.476295 0.067653
-0.059483 0.376990 0.067653
0.163745 -0.238373 0.067653
-0.168661 -0.532069 0.067653
-0.060628 0.390976 0.067653
-0.067679 -0.477295 0.067653
0.161894 -0.225841 0.067604
-0.207534 -0.525627 0.067653
-0.149470 -0.222548 0.067704
-0.053064 0.349371 0.065696
0.172790 -0.351846 0.070554
0.156073 0.125991 0.067624
0.066719 0.460903 0.053668
-0.059694 0.404961 0.067653
0.072212 -1.040743 0.053820
-0.145634 -0.194433 0.067562
0.156090 0.145431 0.067653
-0.151633 -0.530175 0.067660
-0.137606 -0.521771 0.067653
-0.178550 -0.367861 0.066738
-0.123621 -0.519281 0.067653
0.156102 -0.152793 0.058966
0.100148 -1.042737 0.067653
-0.109635 -0.522980 0.067653
0.114133 -0.523583 0.067653
0.089894 -0.504098 0.067653
0.142104 -0.535692 0.067653
-0.132372 -0.070547 0.067653
0.156090 -0.540203 0.067653
-0.130654 -0.054784 0.067924
0.128209 -0.532022 0.067807
-0.129729 -0.028590 0.067653
0.170047 -0.532041 0.066914
0.178381 -0.518084 0.067653
0.002249 -0.471623 0.067653
0.044206 -0.457258 0.067653
0.086162 -0.497149 0.067653
0.084404 -0.490112 0.067653
-0.146748 -1.105476 0.067653
-0.136878 -1.119197 0.068649
0.002249 0.293077 0.056397
-0.095649 -0.504099 0.058014
0.016235 0.208079 0.066987
-0.109635 0.209164 0.061283
0.072177 -0.462141 0.059637
-0.138727 0.012282 0.055188
-0.193373 -0.369388 0.062726
0.156022 -0.132075 0.057442
-0.206298 -0.476128 0.067106
0.002240 0.307426 0.067081
0.002855 0.226087 0.053283
-0.095193 0.209324 0.062025
-0.109964 -1.034887 0.053727
-0.193574 -0.344248 0.060835
0.183401 -0.503670 0.066587
0.016235 0.307063 0.062537
0.018358 0.227438 0.054078
0.085274 -0.538183 0.055641
0.030219 0.228623 0.053584
0.156119 -0.108314 0.058627
0.100148 -0.546055 0.057601
0.057548 0.348685 0.066125
-0.053799 0.208987 0.056917
0.114133 -0.546055 0.057099
-0.167494 -0.341316 0.068515
-0.148480 0.085222 0.064639
0.100148 -0.532069 0.060748
0.051474 0.205450 0.064736
-0.207383 -0.425633 0.064408
0.114133 -0.532069 0.060761
-0.193798 -0.308545 0.057748
0.071940 0.203698 0.063199
-0.207630 -0.403758 0.060254
0.086162 -0.518084 0.059182
-0.179870 -0.317502 0.062120
0.156090 -0.042576 0.064301
-0.193511 -0.393056 0.064853
0.086162 -0.504098 0.061886
0.156090 -0.028590 0.063496
0.044882 0.504079 0.051109
-0.009775 0.205642 0.067136
0.198177 -0.413464 0.053937
0.102467 -0.518817 0.067195
-0.067679 0.432932 0.057827
0.155969 -0.010533 0.054825
-0.197414 -0.292240 0.054359
-0.066458 0.448335 0.064929
0.015729 0.516398 0.068106
-0.150675 0.159227 0.054288
0.128119 -0.532069 0.062202
-0.179563 -0.294315 0.059819
-0.135829 0.166733 0.066611
-0.053294 0.486376 0.067782
-0.095650 -0.490112 0.061154
-0.080865 -0.489917 0.056780
-0.038911 0.501607 0.067213
-0.137606 0.181193 0.060590
0.148487 0.193044 0.055120
0.181109 -0.380764 0.066326
-0.180023 -0.265073 0.056610
-0.137606 0.195178 0.057063
-0.053321 -0.476240 0.067006
0.155765 0.111265 0.066960
0.184061 -0.518084 0.062969
0.154309 0.167461 0.065502
-0.123621 0.195178 0.063671
0.155340 0.186754 0.054228
0.170406 -0.286186 0.067847
-0.165577 -0.252358 0.061762
0.182724 -0.358181 0.062539
0.009766 -0.460121 0.054870
-0.165577 -0.238373 0.059096
0.183720 -0.334393 0.060751
0.128888 0.194324 0.064835
0.016235 -0.462141 0.061969
-0.123621 0.209164 0.058047
0.142104 -1.091490 0.057436
0.170232 -0.226200 0.058274
0.184061 -0.315293 0.059098
0.128119 -1.063116 0.054839
0.183555 -0.252688 0.053650
0.184432 -0.288012 0.057064
0.086162 -1.035548 0.060768
0.114133 -1.049534 0.061301
-0.151592 -0.196416 0.062076
0.100118 -1.033628 0.054760
-0.151536 -0.172780 0.060911
0.170075 -0.181088 0.053863
-0.151734 -0.149345 0.057476
-0.151592 -0.126489 0.057855
-0.154027 -0.099335 0.052822
-0.135823 -0.084142 0.065714
-0.138330 -0.056432 0.057726
-0.109635 -1.127749 0.067653
0.114133 -1.134141 0.067653
-0.087725 -1.119461 0.067653
0.135506 -1.119461 0.067653
-0.081664 -1.113292 0.067653
-0.010412 -0.464794 0.050568
-0.144201 -1.100392 0.055999
0.086220 -1.129299 0.067605
-0.072044 -1.091181 0.053487
0.137696 -1.101772 0.054296
-0.145652 -0.396701 0.081974
0.114350 -1.058475 0.077328
-0.147069 -1.105476 0.081639
-0.109295 0.179497 0.077961
0.148422 0.054962 0.080623
-0.125738 -0.049568 0.081639
0.163446 -0.455384 0.081906
-0.150986 -1.091490 0.081639
-0.124269 -0.018525 0.083079
0.016266 0.312774 0.069120
0.161555 -0.436119 0.082631
0.152096 0.084185 0.071616
-0.136830 -1.119277 0.081210
0.086162 -0.509358 0.081639
0.030220 0.325635 0.081639
0.082069 -0.504098 0.081639
0.149122 0.097244 0.081656
-0.144405 -1.077505 0.081639
-0.048048 0.432932 0.081639
0.100148 -0.522614 0.081639
0.147861 0.111265 0.081639
-0.109495 -0.469554 0.081874
-0.137606 -1.073421 0.081639
-0.045116 0.446918 0.081639
0.044206 0.340000 0.081639
-0.132886 -1.063520 0.067664
-0.081331 0.166418 0.093155
-0.128211 0.027326 0.081562
0.144311 0.138697 0.082063
-0.148427 -0.291927 0.078706
-0.053434 0.181871 0.078050
-0.138444 -0.419735 0.083274
-0.039708 0.470445 0.081639
0.128119 -0.539472 0.081639
0.142104 0.151606 0.081639
0.056609 0.365397 0.080695
-0.151957 -0.415392 0.078660
-0.069286 -1.077386 0.080069
-0.038298 0.474889 0.081639
0.114487 -0.531662 0.081716
-0.027154 0.167978 0.087990
0.141566 0.153222 0.081639
0.156504 -0.350851 0.084125
-0.072860 -1.063519 0.081639
0.142056 -0.531801 0.081599
-0.027542 0.488188 0.082468
0.147179 -0.326988 0.090845
-0.091438 -0.504098 0.081639
-0.024844 0.180801 0.079528
0.066212 -1.105476 0.081639
-0.091009 -0.490112 0.081639
-0.138373 0.083503 0.083799
0.149406 -0.316831 0.088696
0.062950 -1.091490 0.081639
-0.095650 -0.479951 0.081639
-0.014865 0.499906 0.078720
0.157284 -0.306950 0.081581
-0.108535 -1.050375 0.079320
-0.099941 -0.476127 0.081639
0.062461 -1.077505 0.081639
-0.081650 -1.058990 0.095197
0.066781 -1.063519 0.081639
-0.145634 0.110624 0.068366
0.052796 0.404961 0.081639
-0.095550 -1.041133 0.068463
-0.063607 -0.501825 0.080702
0.002249 0.509370 0.081639
-0.025722 0.328074 0.081639
0.051851 0.418947 0.081639
0.142104 -1.087380 0.081639
0.036120 0.178709 0.083545
0.134733 -1.077505 0.081639
0.054225 0.432932 0.081639
0.128119 -1.071796 0.081639
0.051300 0.446918 0.081639
-0.025750 0.321284 0.066073
0.072764 -0.488328 0.081803
-0.081664 -0.523606 0.081639
-0.123293 0.140415 0.087233
0.046111 0.461890 0.083186
-0.091615 -0.518084 0.081639
-0.037228 0.337333 0.080857
0.072177 -1.055859 0.081639
0.064508 -0.476127 0.081639
-0.042066 0.348491 0.084130
-0.049164 0.363005 0.081639
0.086162 -1.039568 0.067652
0.026281 0.501979 0.081130
-0.052749 0.377024 0.080828
0.095896 -1.049534 0.081639
0.037916 0.488875 0.081639
-0.132663 -0.252358 0.081639
0.149023 -0.194275 0.081729
0.016235 0.506949 0.081639
-0.131631 -0.238373 0.081639
0.147508 -0.166789 0.080983
-0.132261 -0.216059 0.081427
-0.130844 -0.196416 0.081639
0.145821 -0.123197 0.081647
-0.130498 -0.174098 0.081583
-0.128746 -0.149920 0.082017
0.146980 -0.077688 0.080882
0.143667 -0.057154 0.089408
-0.130137 -0.119921 0.081782
-0.127910 -0.098518 0.081639
0.145186 -0.038468 0.084909
-0.126549 -0.084532 0.081639
0.146991 -0.014604 0.081639
-0.126196 -0.070547 0.081639
0.145960 -0.001219 0.084272
0.170075 -0.504098 0.075831
-0.123160 0.167367 0.075963
-0.053098 0.391042 0.081843
-0.207221 -0.499328 0.067928
0.170075 -0.490112 0.076778
0.159292 -0.202429 0.067365
0.086162 -0.504098 0.078420
-0.153754 -0.268363 0.071993
-0.193548 -0.504098 0.077124
-0.135924 0.053002 0.080552
-0.050941 0.420304 0.078839
-0.110285 -1.046521 0.071548
-0.135071 -0.266296 0.081833
0.100148 -0.518084 0.076235
0.170076 -0.476127 0.077019
0.155925 0.153224 0.067460
-0.193548 -0.490112 0.075811
-0.111597 0.195899 0.067980
-0.057948 0.432000 0.068052
-0.156343 -0.252916 0.068271
0.156278 -0.177709 0.067409
0.142104 0.167207 0.075014
0.170075 -0.462141 0.078160
-0.081893 -1.048594 0.070333
-0.193548 -0.476127 0.073917
-0.053693 0.446918 0.072851
-0.137606 -0.252358 0.078993
-0.095859 0.190644 0.074616
-0.179340 -0.502355 0.076627
-0.053693 0.460904 0.073585
0.156090 -0.532069 0.078661
-0.139941 -0.233020 0.074998
-0.082327 0.198279 0.068353
-0.158490 -0.518741 0.075711
-0.135827 0.144705 0.074323
0.016183 0.185830 0.079746
0.169424 -0.440621 0.078462
-0.138344 -0.218230 0.074985
-0.165577 -0.490112 0.074787
0.028812 0.205599 0.067791
-0.179628 -0.532394 0.068108
-0.067679 0.180344 0.080909
0.153850 -0.518109 0.081233
0.169023 -0.420029 0.078924
-0.053621 0.474927 0.072803
-0.179563 -0.476127 0.074583
0.170075 -0.518084 0.074459
-0.208004 -0.518355 0.069104
-0.165722 -0.465699 0.074136
-0.039708 0.488875 0.077940
0.044204 0.195176 0.072157
-0.137421 -0.193174 0.073460
-0.193548 -0.518084 0.077784
0.167018 -0.399737 0.080778
0.058154 0.196182 0.070146
-0.025725 0.502813 0.068697
-0.193659 -0.448110 0.072014
0.030220 -0.476127 0.078532
-0.179563 -0.518084 0.076743
-0.041451 0.183733 0.076513
-0.166131 -0.391348 0.071523
-0.179563 -0.462141 0.073407
0.025926 -0.462723 0.067381
-0.165839 -0.370119 0.071492
0.163024 -0.374331 0.081771
0.051870 -0.476173 0.082466
0.002283 0.518062 0.068530
-0.151592 -0.518084 0.075432
-0.140633 -0.156817 0.068349
-0.146795 -0.378341 0.082190
0.044206 0.335034 0.076200
0.044206 -0.462141 0.072773
-0.137606 -0.518084 0.073543
-0.165577 -0.448156 0.074073
0.112633 0.181081 0.081572
-0.138870 -0.140570 0.068764
0.058191 -0.462141 0.074283
-0.151592 -0.504098 0.075346
-0.147938 -0.351414 0.081502
0.060776 0.360293 0.069518
0.171373 -0.329279 0.070478
-0.137606 -0.504098 0.077477
-0.138234 -0.107097 0.068070
-0.151592 -0.490112 0.077633
-0.022372 0.191542 0.073450
0.072177 -0.476127 0.078003
-0.137606 -0.490112 0.079273
-0.123621 -0.518084 0.072002
-0.147122 -0.337165 0.081941
0.151418 -0.227676 0.081720
-0.151592 -0.476127 0.077517
0.072177 -0.462141 0.070015
0.128119 0.181193 0.074460
0.058191 0.404961 0.076651
-0.109635 -0.518084 0.075203
-0.137606 -0.476127 0.079713
-0.040269 0.335251 0.071138
0.171393 -0.308301 0.068816
-0.123621 -0.504098 0.078181
-0.146293 -0.321729 0.082049
-0.109635 -0.504098 0.075219
-0.123621 -0.490112 0.077429
0.058628 0.433881 0.073982
-0.146019 -0.310521 0.081253
-0.109635 -0.490112 0.073999
0.058914 0.447658 0.069574
-0.081664 -0.518084 0.079467
-0.123621 -0.476127 0.079856
-0.081664 -0.504098 0.078222
-0.109635 -0.476127 0.079457
0.054929 0.474239 0.068780
-0.152984 -0.461259 0.077517
0.034429 0.503083 0.069772
0.046567 0.490749 0.070489
0.071750 -1.048037 0.068184
0.100148 -1.050416 0.080041
-0.179250 -0.440262 0.071635
-0.165577 -0.434170 0.073595
-0.180066 -0.410760 0.068332
-0.165347 -0.416020 0.072628
-0.137854 -0.433739 0.083436
-0.081664 -0.490112 0.078383
-0.067679 -0.490112 0.077559
-0.053693 -0.490112 0.078807
-0.137606 -1.113101 0.095624
0.086162 -0.534552 0.095624
-0.117663 -0.392214 0.095624
0.128875 -0.438438 0.095773
-0.114184 -0.406199 0.095624
0.016442 0.324539 0.095784
-0.142841 -1.105476 0.095624
-0.122292 -0.276563 0.095657
0.100148 -0.536247 0.095624
0.002249 0.322991 0.095624
-0.148656 -1.091490 0.095624
-0.090909 -0.504098 0.095624
-0.123621 -0.260658 0.095624
0.111272 -0.532069 0.095624
0.030422 0.334700 0.095743
-0.130190 -1.119461 0.095624
-0.092328 -0.490112 0.095624
-0.124065 -0.352022 0.096231
-0.033830 0.432932 0.095624
0.040725 0.335034 0.081639
-0.127429 -0.336272 0.095624
0.058099 -0.520371 0.094663
-0.126470 -0.238281 0.095618
0.137174 -0.146319 0.096701
-0.133944 -1.077505 0.095624
0.034159 0.349019 0.095624
0.137944 -0.399302 0.094451
-0.025163 0.455003 0.095328
-0.127053 -0.322286 0.095624
-0.095552 -0.470687 0.095553
-0.123621 -1.071381 0.095624
-0.128776 -0.214650 0.095633
-0.124826 -0.308301 0.095624
-0.100123 -0.448156 0.095624
0.030900 0.376593 0.102701
-0.129320 -0.196416 0.095624
-0.011488 0.475153 0.094211
-0.123621 -0.303012 0.095624
-0.103427 -0.434170 0.095624
-0.128886 -0.172977 0.095597
-0.070189 -1.091490 0.095624
0.128927 -0.350124 0.103333
-0.108315 -0.417032 0.094986
0.118724 -0.490170 0.095622
-0.070069 -1.077505 0.095624
0.030220 0.402084 0.095624
0.134230 -0.330396 0.100471
0.140073 -0.280330 0.095624
-0.076795 -1.063519 0.095624
0.068147 -1.119461 0.095624
-0.126789 -0.152244 0.095656
0.138814 -0.265074 0.095521
0.019338 0.418947 0.095624
0.062827 -1.105476 0.095624
0.132185 -0.316538 0.102341
0.061150 -1.091490 0.095624
0.016229 0.433327 0.101419
-0.095650 -1.057144 0.095624
0.138312 -0.239589 0.095592
0.141040 -0.294315 0.095624
0.062509 -1.077505 0.095624
0.138204 -0.223251 0.096087
-0.128063 -0.121657 0.095901
0.071059 -1.062233 0.100331
0.031256 0.446801 0.096561
0.114133 -1.067118 0.095624
-0.126222 -0.087884 0.095390
0.044149 0.168119 0.092269
0.029679 0.455367 0.095076
-0.083668 -0.533255 0.094308
0.028915 0.164783 0.093344
0.030625 0.474356 0.091626
0.140752 -1.091490 0.095624
-0.125880 -0.070547 0.095624
-0.067679 -0.535132 0.095624
-0.125558 -0.056561 0.095624
-0.089636 -0.518084 0.095624
0.092719 0.167207 0.095624
0.086162 -1.055138 0.095624
0.145683 0.038678 0.089539
-0.124654 -0.039473 0.095545
0.101548 0.164643 0.096372
0.100148 -1.058683 0.095624
0.148649 0.070166 0.082400
0.145359 0.083294 0.095624
-0.121992 -0.014604 0.095624
-0.121069 -0.000619 0.095624
0.143314 0.109397 0.089844
-0.121102 0.013340 0.094745
0.134683 0.125251 0.095624
0.127888 0.142450 0.096821
0.114220 0.153284 0.099837
-0.125950 0.083400 0.111600
0.083907 0.182224 0.082478
-0.128935 0.111265 0.095624
-0.025722 0.159439 0.095624
-0.123528 0.125064 0.095624
-0.108827 0.147611 0.094736
-0.011737 0.326740 0.095624
-0.095462 0.161416 0.094717
-0.025722 0.340187 0.095624
-0.087828 -1.119461 0.095624
0.139238 -1.119461 0.095624
-0.081664 -1.113915 0.095624
0.142104 -1.095752 0.095624
0.142740 -1.109642 0.096658
-0.051954 -0.532132 0.095791
-0.025722 -0.523549 0.095624
-0.137213 -0.450899 0.082707
-0.137580 -0.275202 0.081654
-0.039708 0.390976 0.094171
0.114133 -1.063519 0.087894
-0.136805 -1.078343 0.095875
0.138674 -0.198178 0.095622
-0.136818 -0.377886 0.087127
0.002159 0.317777 0.082913
-0.123621 -0.280330 0.093212
-0.039708 0.404961 0.090765
-0.123621 -0.464130 0.082013
-0.124360 -1.061260 0.077996
0.057010 0.181134 0.081686
-0.123621 -0.266344 0.092912
-0.039708 0.418947 0.089235
-0.123621 -0.392214 0.090355
0.086162 -0.532069 0.093513
0.138381 -0.175719 0.096141
-0.123621 -0.448156 0.084438
-0.039708 0.432932 0.091678
0.100148 -0.532069 0.091525
0.048660 0.349032 0.081651
-0.109635 -0.448156 0.086088
0.114133 0.167207 0.090156
-0.039708 0.446918 0.088755
-0.137606 -0.350257 0.086271
0.040711 0.356788 0.091755
-0.137606 -0.336272 0.087439
0.072177 -0.518084 0.090071
-0.039861 0.462770 0.082663
0.044206 0.376990 0.094591
0.094244 -0.519108 0.082529
-0.081664 -0.532069 0.088417
0.058469 0.376864 0.082229
-0.137606 -0.322286 0.086980
-0.123621 -0.434170 0.086022
0.058191 -0.504098 0.089540
0.142104 0.125251 0.085509
0.140882 -0.124434 0.090447
-0.067679 -0.532069 0.092000
0.044206 0.390976 0.092540
-0.109635 -0.434170 0.088359
0.072138 -0.503959 0.086032
0.141968 0.139008 0.084345
0.058389 0.391140 0.081971
-0.136252 -0.294253 0.085054
0.145725 -0.101865 0.083229
0.002249 0.474682 0.095542
0.114172 -0.518119 0.091741
0.128119 0.153222 0.091601
-0.025726 0.474914 0.088783
-0.123621 -0.294315 0.093270
-0.070360 -0.517694 0.081861
0.027569 0.405460 0.095551
0.128119 -0.532069 0.088006
0.131537 0.167271 0.081494
-0.053693 -0.518084 0.087232
0.141243 -0.086095 0.092144
0.030220 0.418947 0.091224
-0.123493 -0.420057 0.086804
0.001805 0.489153 0.091412
0.128119 -0.518084 0.086790
-0.053198 -0.504230 0.083242
0.044206 0.404961 0.086882
0.001673 0.503871 0.086320
0.142104 -0.518084 0.085182
-0.095650 -0.476127 0.091678
0.142104 -1.091490 0.086458
0.002228 0.195901 0.073832
0.128119 -0.504098 0.089603
0.044206 0.418947 0.087575
0.012609 0.161863 0.093799
0.142104 -0.504098 0.085513
0.155388 -0.285739 0.082451
0.154572 -0.254994 0.080591
0.044206 0.432932 0.090566
0.156298 -0.504170 0.081658
0.083382 -1.048785 0.081001
0.044206 0.446918 0.088527
0.058200 -0.489947 0.085963
0.016235 0.474257 0.095446
0.130995 -0.492127 0.089624
0.100148 0.181193 0.083239
0.044410 0.476506 0.081742
0.124789 -0.473923 0.093544
0.016235 0.488875 0.092529
0.157999 -0.490092 0.082179
0.030220 0.488875 0.087692
0.158737 -0.475740 0.082067
0.016235 0.502860 0.085872
-0.037083 0.165485 0.091052
0.126080 -0.463162 0.094311
0.141218 -0.467622 0.087352
-0.008150 0.165903 0.089861
0.142074 -0.448178 0.088533
-0.103969 0.156572 0.093683
0.143024 -0.432349 0.089220
-0.063263 0.164154 0.094897
0.144569 -0.408110 0.090518
0.156806 -0.387405 0.085983
-0.023704 0.335595 0.094164
0.138838 -0.379690 0.094695
-0.011737 0.320847 0.082151
0.156090 -0.364243 0.085595
0.142222 -0.351126 0.094400
-0.038276 0.364878 0.094576
-0.039228 0.376985 0.095402
-0.123967 0.000860 0.085723
-0.137908 0.066928 0.081869
-0.135475 0.099036 0.088295
-0.136102 0.124655 0.080246
-0.109635 -1.125518 0.095624
0.086162 -1.137464 0.095624
0.114133 -1.139287 0.095624
-0.025722 -0.504098 0.086164
-0.026555 -0.474935 0.068626
0.002249 -0.504098 0.087582
0.002249 -0.476127 0.071537
0.030220 -0.504098 0.090955
-0.124263 -1.122330 0.081639
-0.045008 -0.489406 0.076348
-0.046728 -0.475251 0.067261
-0.043468 -0.520232 0.091229
0.010260 -0.517318 0.095169
0.140559 -1.103836 0.086323
0.142889 -1.094163 0.066781
0.046626 -0.486117 0.084314
-0.109174 -0.412490 0.109634
0.065747 -1.119461 0.109610
0.121355 -0.346907 0.109593
-0.008821 0.349910 0.108195
0.016271 0.349262 0.109832
-0.133120 -0.155446 0.109602
0.060181 -1.105476 0.109610
0.114352 -0.423429 0.110582
-0.121715 -1.117677 0.107273
-0.114244 -0.392214 0.109610
0.059331 -1.091490 0.109610
0.122964 -0.322286 0.109610
-0.132509 -1.105476 0.109610
0.119180 -0.395013 0.109657
0.019803 0.362772 0.109606
0.128151 -0.234592 0.110310
0.062499 -1.077505 0.109610
-0.004661 0.390976 0.109610
-0.132539 -0.133417 0.109173
-0.094553 -0.504324 0.110637
0.023711 0.390965 0.109197
-0.131483 -0.109085 0.109815
0.075792 -1.063519 0.109610
0.119032 -0.373626 0.109758
-0.132878 -1.091305 0.112846
0.003241 0.404852 0.112750
0.018820 0.404961 0.109610
0.095881 -1.063410 0.107598
-0.097994 -0.476127 0.109610
-0.125424 -0.280330 0.109610
0.016235 0.408215 0.109610
-0.128776 -0.266344 0.109610
-0.099867 -0.462141 0.109610
-0.128488 -0.070547 0.109610
0.112448 -1.077016 0.115622
0.130680 -0.186331 0.109280
-0.130227 -0.252358 0.109610
-0.124065 0.055887 0.107871
-0.102590 -0.448156 0.109610
-0.099292 -1.119461 0.109610
-0.126776 -0.056561 0.109610
-0.125682 0.069172 0.110799
0.128541 -0.168759 0.112657
-0.131579 -0.238373 0.109610
0.136851 -1.119461 0.109610
-0.104769 -0.434170 0.109610
-0.081664 -1.109890 0.109610
0.141600 -1.091490 0.109610
-0.133769 -0.213732 0.109445
0.129403 -0.152859 0.110085
0.128119 -1.080964 0.109610
-0.117699 -0.378228 0.109610
-0.123621 0.099225 0.110484
0.120874 -1.077505 0.109610
0.129901 -0.126489 0.109610
-0.134346 -0.193812 0.109691
-0.072286 -1.091490 0.109610
-0.120933 -0.364243 0.109610
-0.123282 0.112626 0.104062
-0.120357 -0.014604 0.109610
-0.072840 -1.077505 0.109610
-0.121877 -0.350257 0.109610
-0.116833 -0.000619 0.109610
0.134520 -0.042576 0.109610
-0.114403 0.013367 0.109610
0.130902 -0.100712 0.109976
-0.081664 -0.537013 0.109610
0.016235 -0.534852 0.109610
0.135742 -0.029268 0.108500
-0.086826 -0.532069 0.109610
-0.114166 0.027318 0.109365
0.002249 -0.536040 0.109610
-0.122830 -0.319682 0.110739
-0.067679 -0.543058 0.109610
0.133701 -0.061850 0.109830
-0.117758 0.041338 0.109610
-0.124560 -0.308301 0.109610
0.030220 -0.533678 0.109610
-0.053693 -0.543167 0.109610
-0.125341 -0.294315 0.109610
0.044206 -0.535692 0.109610
0.136859 0.004525 0.109419
-0.067272 0.150029 0.107913
-0.092906 -0.518108 0.109599
0.058191 -0.540397 0.109610
0.141764 0.048560 0.107551
0.072177 -0.543904 0.109610
0.100148 -0.537240 0.109610
0.086162 -0.544012 0.109610
0.101916 -0.532069 0.109610
0.102995 -0.518084 0.109610
0.033597 0.144001 0.116744
0.104765 -0.501310 0.109602
0.107715 -0.472195 0.109605
0.071327 0.154592 0.108060
0.086162 0.152899 0.109323
0.100148 0.151047 0.107841
0.141723 0.083294 0.108314
0.138238 0.097280 0.109610
0.132774 0.111265 0.109610
0.126901 0.120455 0.112083
-0.137606 -1.105476 0.104236
0.071846 0.181800 0.082640
0.126992 -0.277992 0.109137
0.058191 -0.532069 0.101196
0.072279 -1.063417 0.105453
-0.095650 -0.476127 0.105274
-0.137606 -1.091490 0.108016
0.112212 -0.447433 0.108562
0.074648 -0.531986 0.095644
0.101489 -1.061490 0.099761
0.127420 -0.253099 0.108787
0.002346 0.335167 0.109338
-0.124564 -0.036861 0.110172
0.016235 0.335034 0.107402
0.142038 -1.105476 0.109037
0.129480 -0.406636 0.099226
-0.112550 0.140425 0.096521
-0.122250 -1.077605 0.109125
0.113715 -0.493544 0.098926
-0.123744 -0.374412 0.095547
-0.122929 0.035433 0.096471
-0.095466 0.139189 0.109570
0.129007 -1.077775 0.097026
-0.110022 -1.063519 0.095864
0.030220 0.349019 0.099780
0.114074 -0.476067 0.100967
-0.095650 0.153222 0.099350
0.030220 0.363005 0.101875
-0.096039 -1.119456 0.108627
-0.123351 -0.330712 0.103041
-0.081664 0.153222 0.103353
0.128186 -0.376183 0.101611
-0.095650 -1.063519 0.105040
0.002249 -0.532069 0.105238
0.031077 0.389954 0.099913
-0.081772 -1.064749 0.106661
-0.046888 0.154444 0.103941
0.016235 -0.532069 0.106767
-0.123621 -0.294315 0.104935
0.030220 -0.532069 0.107802
0.002249 0.418947 0.102364
-0.123621 -0.280330 0.107579
0.016235 0.418947 0.100263
0.044206 -0.532069 0.105395
0.002249 0.432932 0.102532
-0.008007 0.157203 0.096221
0.140204 0.026025 0.104991
0.002397 0.152480 0.102172
0.030224 -0.517469 0.096514
0.002249 0.446918 0.103740
0.048044 -0.515324 0.094216
-0.025722 -0.532069 0.101635
-0.011737 0.335034 0.103775
0.002249 0.460904 0.100380
0.017347 0.151866 0.105232
0.016240 0.446879 0.102271
-0.031391 0.353683 0.096189
0.056719 0.153478 0.108703
-0.007498 0.360013 0.109588
0.125110 -0.310889 0.108664
-0.025722 0.376990 0.102366
0.126379 -0.294575 0.109092
-0.029340 0.389763 0.099445
-0.008677 0.375912 0.109211
-0.123621 -0.266344 0.103230
-0.011737 0.390976 0.104510
-0.026719 0.404185 0.096748
-0.025776 0.418947 0.095638
-0.011737 0.404961 0.100388
-0.011737 0.418947 0.096324
-0.025722 0.432932 0.098166
-0.027906 0.447263 0.097267
-0.011737 0.432932 0.100135
-0.011737 0.446918 0.102402
-0.013194 0.464101 0.097550
-0.109665 -1.105490 0.123595
0.120447 -0.280330 0.123595
-0.136141 -0.168445 0.123595
0.066164 -1.119461 0.123595
-0.119009 0.069309 0.123595
-0.135279 -0.140697 0.123527
-0.121638 -0.420185 0.123595
0.060085 -1.105476 0.123595
-0.118789 0.083294 0.123595
-0.119099 -1.091490 0.123595
0.121993 -0.255236 0.123428
0.112262 -0.375395 0.123497
-0.123492 -0.405128 0.123595
0.099257 -0.532069 0.123595
0.059354 -1.091490 0.123595
-0.115492 0.097280 0.123595
-0.109635 -1.081433 0.123595
0.124525 -0.231160 0.123049
0.113998 -0.347341 0.123595
-0.134200 -0.126489 0.123595
0.064222 -1.077505 0.123595
-0.125780 -0.392214 0.123595
-0.132276 -0.112503 0.123595
0.072177 -1.070825 0.123595
0.100278 -0.523776 0.123558
-0.089653 -1.105476 0.123595
-0.129078 -0.080970 0.123334
0.086423 -1.068940 0.120664
-0.127491 -0.378228 0.123595
-0.094553 0.125090 0.123025
0.114133 -1.081300 0.123595
0.102888 -0.495794 0.123632
0.103077 -1.077110 0.122468
-0.129422 -0.363626 0.123845
0.104857 -0.464871 0.123707
-0.131196 -0.336272 0.123595
0.125799 -0.160475 0.122839
-0.081620 -1.077231 0.124962
0.130528 -1.119461 0.123595
-0.123985 -0.050117 0.124028
-0.131939 -0.322286 0.123595
0.106751 -0.448156 0.123595
-0.054430 0.143894 0.114432
-0.077280 -1.091490 0.123595
0.136553 -1.105476 0.123595
-0.132308 -0.308301 0.123595
-0.079298 -1.077505 0.123595
0.135857 -1.091490 0.123595
-0.119644 -0.028590 0.123595
-0.133799 -0.294315 0.123595
0.108365 -0.434170 0.123595
0.126383 -0.118287 0.123152
0.128119 -1.086453 0.123595
-0.121906 -0.531613 0.132721
0.109672 -0.420185 0.123595
-0.134902 -0.280330 0.123595
0.111971 -0.396065 0.123595
0.016235 -0.539197 0.123595
-0.108419 0.010169 0.123852
0.002249 -0.543381 0.123595
-0.095650 -0.534859 0.123595
0.030220 -0.535542 0.123595
-0.115833 0.055323 0.123595
0.128555 -0.051921 0.125628
-0.081664 -0.541971 0.123595
0.114740 -0.330303 0.123997
0.044206 -0.538390 0.123595
-0.067679 -0.545407 0.123595
0.118195 -0.301375 0.123692
0.131062 -0.008745 0.122689
-0.053693 -0.545928 0.123595
0.072177 -0.547805 0.123595
0.062174 -0.545950 0.123473
-0.135096 -0.266344 0.123595
0.086372 -0.546143 0.123396
0.133477 0.030557 0.120832
-0.116427 -0.455887 0.122971
-0.136299 -0.252358 0.123595
0.136975 0.055323 0.123595
-0.137621 -0.238348 0.125007
-0.138459 -0.224387 0.123595
-0.137515 -0.202940 0.123630
-0.137179 -0.182431 0.123595
0.113856 0.126416 0.120771
0.099960 0.136552 0.119798
0.137986 0.069309 0.123595
0.136087 0.083294 0.123595
0.129054 0.099322 0.125550
-0.039708 -0.545639 0.123595
-0.025722 -0.545029 0.123595
-0.011737 -0.544365 0.123595
-0.123621 -1.105476 0.117063
-0.110265 -1.119455 0.110033
0.002022 0.355985 0.111774
0.114437 -0.394434 0.117146
-0.123621 -0.392214 0.122379
0.002249 0.376990 0.113287
-0.123621 -1.091490 0.121261
0.128820 -0.210381 0.110914
0.002249 0.390976 0.116410
0.016235 0.376990 0.112022
-0.109138 -1.076642 0.115804
-0.109453 0.110034 0.123009
0.126272 -0.201451 0.122551
0.114084 -0.369656 0.117993
-0.109635 -0.490112 0.119953
-0.137606 -0.238373 0.121914
0.045665 0.139043 0.123248
0.016235 0.390976 0.120989
-0.110022 0.125468 0.109794
0.126960 -0.181938 0.121071
-0.137606 -0.224387 0.116519
-0.081892 -1.099277 0.122979
-0.106851 0.027957 0.123571
-0.109635 -0.476127 0.119626
0.016235 0.404961 0.115787
-0.137606 -0.210402 0.116778
-0.109246 -0.458484 0.118435
0.128160 -0.153735 0.113473
-0.081855 0.143796 0.110873
-0.108738 -0.511398 0.120656
-0.068770 0.137398 0.119948
-0.109635 -0.434170 0.116678
0.114832 0.139385 0.109844
-0.095650 -0.532069 0.120951
0.086162 -0.546055 0.121933
0.100148 -0.532069 0.113984
-0.123621 -0.378228 0.121039
-0.095650 -0.518084 0.113322
0.141941 0.072901 0.110525
-0.017244 0.146408 0.111263
-0.123462 -0.364350 0.117359
0.127986 -0.107796 0.117323
0.125984 0.112220 0.120064
0.003979 0.136052 0.123075
-0.123621 -0.336272 0.114562
0.072177 -0.546055 0.114700
0.086162 -1.132423 0.123595
-0.100408 -1.120672 0.103767
0.074476 -1.125654 0.109610
-0.078059 -1.100234 0.110557
-0.042998 -0.538566 0.108990
-0.009406 -0.538826 0.114545
0.126977 -1.125868 0.109610
0.029457 -0.415602 0.134492
-0.135464 -0.322286 0.137581
-0.123621 -0.535966 0.137581
0.029648 -0.400447 0.133728
0.122381 -1.091490 0.137581
0.125998 -0.049594 0.135455
-0.129960 -0.532069 0.137581
0.120578 -0.253647 0.137851
-0.109635 -0.026679 0.137581
-0.129210 -0.153883 0.137666
0.021374 0.125216 0.136436
-0.109635 -0.538175 0.137581
-0.133852 -0.462141 0.137581
-0.134062 -0.307877 0.137582
0.114133 -1.087667 0.137581
-0.103691 -0.005051 0.137970
-0.132429 -0.277653 0.137435
0.122875 -0.226962 0.137798
-0.126636 -0.126489 0.137581
0.125273 -0.005670 0.136659
-0.134018 -0.446005 0.137635
0.016235 -0.539211 0.137581
-0.095650 -0.538405 0.137581
0.108906 -0.448156 0.137581
-0.134305 -0.420185 0.137581
0.002249 -0.543448 0.137581
0.123770 -0.185911 0.137345
-0.093348 -0.372489 0.140385
0.128220 0.012876 0.129273
0.109809 -0.434170 0.137581
-0.081664 -0.538166 0.137581
0.021796 -0.532069 0.137581
-0.134726 -0.406199 0.137581
-0.081587 -0.369684 0.130551
-0.106378 0.055453 0.136341
0.110338 -0.420185 0.137581
-0.071066 -0.532069 0.137581
0.058191 -0.538206 0.137581
-0.135604 -0.392214 0.137581
0.127477 0.042907 0.136997
-0.053693 -0.539717 0.137581
-0.108748 0.069340 0.137246
-0.122945 -0.087611 0.136688
0.073325 0.131331 0.131894
-0.073017 -0.504098 0.137581
-0.060930 -0.532011 0.137504
0.124088 -0.165936 0.137565
-0.072616 -0.518084 0.137581
-0.049874 -0.392214 0.137581
0.124288 -0.133481 0.137581
-0.107366 0.095718 0.133787
-0.053981 -0.492792 0.137637
-0.048761 -0.375236 0.138131
0.111979 -0.391818 0.137433
-0.094751 0.110379 0.135415
-0.115248 -0.049490 0.137775
0.023439 -0.382701 0.137771
-0.074104 -0.488603 0.137622
0.128132 0.083074 0.136866
-0.039708 -0.542895 0.137581
-0.047566 -0.341814 0.137689
0.113955 -0.332744 0.137732
0.087225 -0.546467 0.137576
0.116624 0.099136 0.140472
-0.025722 -0.544471 0.137581
0.125034 -0.092305 0.136061
-0.080632 0.122096 0.131939
0.022941 -0.354504 0.138003
0.117667 -0.296332 0.138230
-0.011737 -0.545342 0.137581
-0.109491 -0.322617 0.145168
0.127133 -0.061060 0.130534
-0.108494 -0.311101 0.143420
-0.132099 -0.252358 0.137581
0.100148 -0.535545 0.137581
-0.137537 -0.478893 0.139006
-0.098645 -0.286012 0.136673
-0.131800 -0.237901 0.137503
0.104195 -0.518084 0.137581
-0.047511 -0.319905 0.138231
-0.129915 -0.204233 0.137719
0.061551 -0.336272 0.137581
0.031147 -0.262627 0.138296
0.023605 -0.502957 0.137664
-0.129789 -0.182431 0.137581
-0.053020 -0.295102 0.133109
0.058388 -0.262188 0.137347
0.022438 -0.298948 0.138787
0.024084 -0.469134 0.137581
0.063241 -1.105476 0.137581
0.063439 -1.091490 0.137581
0.060827 -0.322286 0.137581
0.057623 -0.452058 0.137734
0.059456 -0.280987 0.136379
-0.136099 -0.378228 0.137581
0.060365 -0.308301 0.137581
-0.136633 -0.364243 0.137581
0.086162 -1.081651 0.137581
0.106629 -0.490005 0.136582
0.062919 -0.291931 0.139893
-0.137266 -0.350257 0.137581
0.100148 -1.085744 0.137581
0.107977 -0.464859 0.137387
-0.052908 -0.269962 0.135476
-0.136784 -0.336272 0.137581
0.025129 -0.441163 0.137581
0.058319 -0.426609 0.137437
-0.066702 -0.191071 0.136437
-0.089521 -0.182431 0.137581
-0.068233 -0.183482 0.137749
-0.123302 -0.475181 0.126858
0.128119 -1.091490 0.130093
0.113949 0.109724 0.135036
-0.082310 -0.400839 0.133875
-0.052962 0.123951 0.136225
-0.109635 -1.091490 0.128254
-0.004340 0.124170 0.136250
-0.123650 -0.461051 0.127767
0.030220 -0.532069 0.130471
-0.114882 -0.011567 0.124729
0.126288 -0.028516 0.136676
-0.095462 -1.106421 0.124572
0.044206 -0.532069 0.131778
-0.123621 -0.434170 0.125684
-0.067679 -0.392214 0.127829
-0.095650 -1.091490 0.131535
0.030220 -0.518084 0.134249
-0.053693 -0.392214 0.133088
-0.123629 -0.420186 0.124927
-0.081664 -1.091490 0.128128
-0.053693 -0.378228 0.132590
0.044206 -0.518084 0.133529
-0.095457 -1.076917 0.123799
0.029389 -0.292371 0.135460
-0.108767 0.083089 0.136231
0.085902 0.137417 0.123586
0.125015 0.026417 0.135202
-0.053906 -0.350723 0.131154
0.044206 -0.504098 0.132183
-0.067679 -0.490112 0.135381
0.044230 -0.275898 0.133320
-0.067634 -0.473427 0.134217
0.072177 -0.546055 0.137445
-0.081711 -0.339983 0.128844
0.100247 0.124357 0.131054
-0.067727 -0.359940 0.125607
0.100148 -0.532069 0.132802
-0.105062 -0.531648 0.125557
0.043278 -0.251664 0.136264
-0.067679 -0.448156 0.132656
-0.123621 -0.518084 0.127904
-0.067679 -0.336272 0.125748
-0.052996 -0.448425 0.136840
0.030274 -0.504205 0.133890
-0.067542 0.123494 0.134545
-0.123425 -0.503882 0.126120
0.044271 -0.484641 0.132604
-0.137606 -0.224387 0.128131
-0.067679 -0.434170 0.130909
-0.067679 -0.511091 0.136162
0.030206 -0.465588 0.134337
-0.052823 -0.430566 0.135218
-0.138029 -0.209874 0.125522
0.030470 -0.437602 0.134206
-0.067764 -0.414971 0.129378
-0.081881 -0.309929 0.127749
0.044226 -0.409667 0.130147
0.044129 -0.454385 0.131711
-0.067772 -0.311311 0.125403
-0.123643 -0.490127 0.126324
0.058708 -0.388871 0.137289
-0.081916 -0.427031 0.136815
-0.053779 -0.322392 0.131562
0.044031 -0.377671 0.130149
-0.052332 -0.405703 0.135110
-0.095690 -0.258110 0.136687
0.044206 -0.434170 0.130893
-0.081664 -0.252358 0.130901
-0.081707 -0.276098 0.128852
-0.067607 -0.282070 0.126990
0.030261 -0.375372 0.132936
-0.067679 -0.252358 0.130012
0.059211 -0.355773 0.135780
0.072180 -1.077912 0.134536
-0.081829 -0.230760 0.131326
0.086162 -1.077505 0.132750
0.030214 -0.346881 0.133929
0.044206 -0.350257 0.130213
-0.067745 -0.225777 0.131279
0.128119 -1.119461 0.126902
0.044268 -0.327774 0.129739
0.125913 -1.105488 0.137692
-0.081664 -0.210402 0.132205
-0.081664 -0.196416 0.134011
-0.067679 -0.210402 0.133236
0.030220 -0.315293 0.134331
-0.081699 -0.172364 0.137929
0.058219 -0.334876 0.134472
0.058191 -0.308301 0.135522
0.044206 -0.294315 0.130886
0.058191 -0.294315 0.135672
-0.108052 -0.383771 0.152358
-0.136147 -0.448205 0.151567
0.117829 -0.280937 0.151566
-0.086527 -0.029595 0.151045
-0.137629 -0.532076 0.155884
0.120021 -0.044204 0.151739
0.114938 -0.389427 0.151678
0.118408 -0.259932 0.151755
-0.134587 -0.434170 0.151566
-0.123621 -0.540763 0.151566
-0.049801 -0.181749 0.152277
-0.069222 -0.046286 0.152670
0.103708 0.097280 0.151566
0.010226 -0.250590 0.151336
0.115262 -0.347027 0.152075
0.118775 -0.015478 0.151295
-0.109635 -0.539988 0.151566
-0.133596 -0.406727 0.151506
0.119165 -0.238373 0.151566
-0.081664 -0.017479 0.151566
-0.140997 -0.518084 0.151566
-0.058607 -0.145896 0.151224
-0.132796 -0.392214 0.151566
0.016626 -0.226686 0.151751
0.044190 0.111561 0.152060
0.114609 0.013295 0.152900
0.116353 -0.322286 0.151566
-0.139592 -0.504098 0.151566
-0.039989 -0.372362 0.151459
-0.061451 -0.120549 0.151283
0.119515 -0.219845 0.151796
-0.091506 -0.504098 0.151566
-0.099305 -0.532069 0.151566
0.117663 -0.301010 0.151370
0.073191 -0.280330 0.151566
-0.095650 -0.524072 0.151566
0.120381 -0.166011 0.151305
0.073282 -0.266344 0.151566
0.115373 0.041338 0.151566
-0.093633 -0.518084 0.151566
-0.062200 -0.098518 0.151566
0.071334 -0.250213 0.150132
-0.095232 -0.453855 0.152976
0.118508 0.055323 0.151566
-0.066027 -0.086166 0.150299
0.118465 0.069309 0.151566
0.072105 -0.238797 0.151607
-0.039840 -0.532586 0.153722
-0.046823 -0.504098 0.151566
-0.025722 -0.539674 0.151566
0.058409 -0.162695 0.151381
-0.045752 -0.490112 0.151566
0.070104 -0.221497 0.151447
-0.011737 -0.541521 0.151566
-0.045299 -0.468033 0.151504
0.072177 -1.106998 0.151566
0.013636 -0.420185 0.151566
0.002249 -0.536863 0.151566
-0.046962 -0.518084 0.151566
-0.044289 -0.448156 0.151566
0.012814 -0.401595 0.152251
0.086162 -1.115055 0.151566
-0.040319 -0.196953 0.158109
0.012511 -0.518392 0.151697
-0.050898 0.109531 0.149707
0.121448 -0.120389 0.151617
-0.139425 -0.488834 0.151483
-0.098580 -0.417528 0.150927
0.068308 -0.419332 0.151538
0.101032 -1.106140 0.153625
0.069213 -0.210402 0.151566
-0.137606 -0.466699 0.151566
0.071834 -0.536540 0.151976
-0.044342 -0.430507 0.151618
0.088013 -1.091490 0.151566
0.086054 -0.546242 0.145816
0.058550 -0.184893 0.149034
0.100148 -0.541024 0.151566
0.121381 -0.084415 0.151540
0.072177 -1.090595 0.151566
-0.039189 -0.401937 0.156139
0.107157 -0.532150 0.151475
0.086162 -1.090434 0.151566
0.068814 -0.383728 0.151543
0.066987 -0.518084 0.151566
-0.130813 -0.378228 0.151566
0.066609 -0.504098 0.151566
-0.128670 -0.364243 0.151566
0.111314 -0.512478 0.153952
-0.126849 -0.350257 0.151566
-0.118734 -0.350257 0.151566
0.012207 -0.490112 0.151566
0.007849 -0.355445 0.152366
0.013103 -0.461992 0.151482
0.013448 -0.448156 0.151566
0.067190 -0.485131 0.151506
0.069034 -0.356338 0.151588
0.113644 -0.484615 0.153775
0.002510 -0.322212 0.152562
0.066611 -0.455875 0.151396
0.013519 -0.434170 0.151566
0.070466 -0.322418 0.151804
0.114133 -1.091490 0.144853
-0.137606 -0.532069 0.150626
0.085624 0.110044 0.150311
-0.053303 -0.185358 0.147142
0.112347 -0.364608 0.137890
0.016235 -0.406199 0.148316
0.113999 0.082737 0.151458
-0.082150 -0.504014 0.143012
0.128971 0.055299 0.139022
0.015748 -0.531740 0.145123
-0.081911 -0.487938 0.142397
-0.123493 -0.157780 0.142275
0.056654 -0.533152 0.138392
-0.137363 -0.517646 0.138288
0.100148 0.111265 0.143050
0.004686 0.109363 0.150367
0.016092 -0.505310 0.145104
-0.137455 -0.503884 0.138335
-0.109517 -0.156159 0.146174
-0.095650 -0.532069 0.145896
-0.123621 -0.140474 0.141953
0.056939 -0.519133 0.138481
-0.054034 -0.475898 0.137657
-0.123514 -0.262197 0.142768
-0.081664 -0.532069 0.140150
-0.109635 -0.140474 0.147231
0.058052 -0.494622 0.137966
0.059409 0.123036 0.141153
-0.079741 -0.454805 0.137908
-0.109635 -0.056561 0.142834
-0.123621 -0.126489 0.140876
-0.053693 -0.532069 0.139955
-0.109635 -0.266344 0.142328
-0.109635 -0.126489 0.147311
0.016352 -0.379698 0.144937
-0.081664 -0.518084 0.141624
-0.124399 -0.112760 0.138734
-0.053819 -0.455385 0.137573
-0.095650 -0.056561 0.148462
-0.109605 -0.247131 0.142725
-0.109635 -0.112503 0.147601
-0.095650 -0.042576 0.148619
0.129601 0.069219 0.138913
-0.055158 -0.516605 0.138024
0.057700 -0.247461 0.138633
0.015340 -0.355733 0.144701
-0.085923 -0.050893 0.149957
-0.109635 -0.098518 0.147230
-0.123643 -0.229040 0.142234
-0.109635 -0.042566 0.140981
0.030221 -0.238369 0.142963
-0.109635 -0.084532 0.146488
-0.095650 -0.028590 0.147995
0.031084 -0.201721 0.149449
-0.109635 -0.070547 0.144882
-0.123516 -0.202806 0.142023
0.016291 -0.466484 0.146045
-0.123621 -0.308301 0.145165
-0.095650 -0.014604 0.146521
0.015116 -0.326979 0.143296
-0.109699 -0.210936 0.143291
-0.095650 -0.168445 0.141681
-0.081430 -0.014604 0.151515
0.020848 -0.311465 0.139045
0.044207 -0.224346 0.140618
-0.095650 -0.000619 0.144106
-0.109635 -0.196416 0.143751
-0.123914 -0.281882 0.143118
0.058251 -0.217876 0.142994
-0.081179 -0.000619 0.151402
-0.109798 -0.370681 0.151592
-0.123621 -0.182431 0.141757
-0.081890 -0.141885 0.141105
-0.109511 -0.289348 0.141752
-0.109635 -0.182431 0.144652
-0.096863 -0.143112 0.144070
-0.109635 -0.350257 0.148911
-0.097052 0.013256 0.139696
0.072177 -0.266344 0.149640
0.071579 -0.298858 0.150989
0.015895 -0.420682 0.148547
-0.123623 -0.324298 0.147825
-0.081463 0.013649 0.150759
-0.097045 -0.351265 0.140325
-0.096315 0.027329 0.138737
-0.067679 -0.168445 0.141078
-0.054337 -0.242804 0.137535
-0.080954 0.027408 0.151076
-0.067850 -0.146625 0.144333
-0.055282 -0.224378 0.137736
-0.109574 -0.336648 0.146912
-0.096915 0.041828 0.140726
-0.035921 -0.283792 0.151688
-0.095650 -0.126489 0.145932
-0.036382 -0.263896 0.151951
-0.095650 0.055323 0.147127
-0.081664 -0.126489 0.143644
-0.038396 -0.250805 0.151433
-0.096096 -0.111976 0.147178
-0.038107 -0.347000 0.151586
-0.095650 0.069309 0.149333
-0.095650 0.083294 0.147107
-0.067333 -0.118627 0.148015
-0.095650 0.097280 0.142246
-0.093133 -0.195784 0.137619
0.044317 -0.194522 0.145648
-0.080893 0.096578 0.151222
-0.055634 -0.212242 0.138730
-0.037613 -0.322953 0.150525
-0.082600 0.112043 0.140019
-0.081730 -0.107722 0.145777
-0.036759 -0.307320 0.150572
-0.095650 -0.084532 0.148741
-0.095650 -0.182431 0.140092
-0.067133 0.106227 0.149870
-0.081664 -0.084532 0.147652
-0.067679 -0.098518 0.149113
0.071833 -1.119628 0.139266
-0.095650 -0.070547 0.148636
0.086162 -1.119461 0.149123
-0.081664 -0.070547 0.148751
0.100148 -1.119461 0.148074
0.114468 -1.119471 0.139463
0.114133 -1.105476 0.147557
0.100335 -1.094807 0.151427
0.076331 -1.122054 0.134716
0.100148 -1.124495 0.136801
0.114124 -1.131671 0.123580
-0.030518 -0.392214 0.165552
0.005180 -0.518084 0.165552
0.076992 -0.326791 0.165317
0.086162 -0.228164 0.165552
-0.043546 -0.100200 0.166009
0.100037 0.012630 0.165782
-0.025842 -0.373244 0.165473
0.002249 -0.524321 0.165552
-0.128657 -0.518084 0.165552
-0.034583 -0.168862 0.165546
-0.109635 -0.528923 0.165552
0.000708 -0.390578 0.163247
-0.125680 -0.503959 0.166517
0.114053 -0.322286 0.165374
0.086162 -0.541761 0.165552
-0.044854 -0.063554 0.165552
-0.011585 -0.189230 0.165879
0.099514 0.027358 0.165095
-0.043587 -0.504098 0.165552
0.113958 -0.308372 0.165219
0.077844 -0.532069 0.165552
-0.042489 -0.490112 0.165552
0.073293 -0.407058 0.166620
0.100148 -0.541607 0.165552
0.081094 -0.297629 0.165355
0.099388 0.041289 0.165099
0.109231 -0.239902 0.165414
0.073377 -0.381086 0.165569
0.083452 -0.280330 0.165552
0.109305 -0.532069 0.165552
0.110866 -0.224387 0.165552
-0.037986 -0.154460 0.165552
0.113788 -0.295114 0.164679
0.016155 0.084598 0.166157
-0.039702 -0.457856 0.165536
0.014105 -0.146803 0.165368
0.071973 -0.518293 0.165608
0.109622 -0.280330 0.165552
0.114767 -0.507967 0.165606
-0.040317 -0.120880 0.167147
-0.007986 -0.532069 0.165552
0.069279 -0.504098 0.165552
0.029778 0.085598 0.167085
0.116310 -0.471400 0.165641
-0.040788 0.001445 0.165430
-0.039078 -0.529042 0.163232
0.084299 -0.184572 0.167556
0.115145 -0.377682 0.168019
-0.043462 -0.518084 0.165552
-0.032882 -0.408236 0.165531
0.111190 -0.206194 0.165563
0.114926 -0.363961 0.167071
0.116063 -0.448156 0.165552
0.002249 -0.421312 0.165552
0.099416 0.069184 0.165182
0.089899 0.083294 0.165552
0.006478 -0.504384 0.165409
0.114133 -0.349433 0.165699
0.030220 -0.081209 0.165552
0.115036 -0.429143 0.165583
0.115402 -0.405619 0.165652
0.110286 -0.170057 0.165503
0.034429 -0.057410 0.165495
0.072739 -0.099891 0.165853
0.086162 -0.269700 0.165552
0.070230 -0.473832 0.165887
0.074298 -0.362700 0.165887
0.058385 -0.082178 0.160543
0.109241 -0.266344 0.165552
0.113173 -0.088244 0.164629
0.071728 -0.067575 0.166547
0.069511 -0.049473 0.166746
0.078685 -0.164313 0.165569
0.109344 -0.070547 0.165552
0.076233 -0.137517 0.165800
0.110350 -0.134168 0.165616
0.057848 -0.037853 0.164378
0.106991 -0.046542 0.165220
0.106260 -0.019911 0.165769
0.086162 -1.091490 0.154652
-0.123621 -0.420185 0.158668
-0.067679 -0.071301 0.151624
-0.123476 -0.403875 0.157686
-0.123621 -0.532036 0.165535
0.001255 -0.405723 0.165023
0.028935 -0.093367 0.164704
-0.109686 -0.419167 0.157225
-0.109635 -0.532069 0.164339
-0.053693 -0.070547 0.159158
-0.025856 -0.211288 0.161851
-0.046821 0.035021 0.163347
0.044206 -0.098518 0.157934
-0.042501 0.045142 0.164671
-0.137606 -0.518084 0.159719
0.002249 -0.532069 0.158632
0.044206 -0.084532 0.159914
0.087148 -0.250404 0.165391
0.114133 0.027352 0.151725
0.058191 -0.098518 0.158782
-0.137606 -0.504098 0.156773
0.072177 -0.532069 0.154425
0.114123 -0.448452 0.153630
-0.011544 -0.215776 0.162777
-0.109625 -0.494946 0.165409
0.114133 0.041338 0.152936
-0.053559 -0.095244 0.157867
-0.084856 0.052739 0.153699
0.044206 -0.070547 0.161995
0.114122 -0.238264 0.161534
-0.095650 -0.504098 0.156111
-0.095650 -0.518084 0.154169
0.099926 0.055323 0.165438
0.114027 -0.426889 0.153096
-0.082634 0.069384 0.157307
-0.096454 -0.484919 0.156088
0.058191 -0.070547 0.162167
0.002567 -0.212004 0.160018
0.114133 0.055323 0.155541
-0.082395 0.083374 0.155709
0.044206 -0.056561 0.163364
-0.109677 -0.467798 0.162646
0.114133 -0.056561 0.160259
0.058191 -0.056561 0.163601
-0.067679 0.069309 0.162370
-0.054158 -0.049895 0.159697
0.002249 -0.196416 0.162596
0.114202 -0.040234 0.160103
-0.067679 -0.028590 0.154600
-0.050993 0.068825 0.164342
-0.039708 -0.182431 0.161438
-0.053693 -0.028590 0.160111
0.016285 -0.185721 0.158707
0.114109 -0.011284 0.157902
-0.067679 0.083294 0.161030
-0.137737 -0.487578 0.155818
-0.039708 -0.168445 0.163225
0.114018 -0.463087 0.153406
0.000699 -0.181764 0.165319
-0.067679 -0.014604 0.155387
-0.067679 0.097280 0.155182
0.002249 0.097280 0.159145
-0.123621 -0.476127 0.163889
0.025304 0.097054 0.160964
-0.053693 0.097280 0.157136
0.003125 -0.367845 0.158003
-0.039214 -0.448248 0.165363
-0.054609 -0.008047 0.160135
-0.055441 -0.131627 0.155644
0.030199 -0.159034 0.155988
0.002416 -0.344374 0.155489
-0.123672 -0.455858 0.162071
-0.109635 -0.434170 0.159400
0.114048 -0.336540 0.165299
0.045069 0.095964 0.163892
-0.052235 0.083697 0.162626
-0.068302 0.004887 0.155543
-0.123621 -0.434170 0.159567
-0.039675 -0.144553 0.165545
0.058043 0.096293 0.164291
-0.045205 0.013408 0.163530
-0.038846 -0.435584 0.165024
0.072177 -0.196416 0.156891
0.114185 -0.148869 0.161508
-0.063211 0.027866 0.158366
-0.018892 0.082556 0.164864
0.113262 -0.105937 0.164834
0.114214 -0.192130 0.161921
-0.081797 0.038066 0.151822
0.114133 -0.280330 0.161669
0.072084 -0.327791 0.156676
-0.065734 0.044329 0.159704
-0.039148 -0.391220 0.155588
0.067864 -0.186822 0.154673
0.114133 0.069309 0.155314
0.043568 -0.035267 0.164936
-0.030992 0.097301 0.158133
0.100148 0.083294 0.160953
0.072410 -0.160749 0.160822
-0.123825 -0.367353 0.153405
0.002446 -0.308301 0.151684
0.071001 0.095849 0.163693
-0.025642 -0.301729 0.157583
0.002418 -0.287039 0.152168
0.086162 0.097280 0.159728
0.004889 -0.260527 0.153157
0.113847 -0.265754 0.160514
-0.123620 -0.346682 0.151570
0.058636 0.111644 0.152791
-0.025703 -0.253750 0.158230
-0.011737 -0.280330 0.158151
0.100254 0.098431 0.152965
0.001612 -0.245375 0.155599
-0.011535 -0.255927 0.158840
0.086466 -0.266392 0.165384
-0.024324 -0.364522 0.165516
-0.040093 -0.215440 0.154087
-0.025722 -0.238373 0.159382
-0.026032 -0.343035 0.161040
-0.011737 -0.238373 0.159992
0.043921 -0.165765 0.150215
-0.011580 -0.343594 0.162378
0.058230 -0.140923 0.154199
-0.025722 -0.322286 0.158391
-0.011737 -0.322286 0.159254
0.029031 -0.113733 0.162324
0.058278 -0.117036 0.158157
-0.011886 -0.302617 0.158112
0.043983 -0.117699 0.156439
0.071709 -1.105671 0.153212
0.086162 -1.105476 0.157639
0.072241 -1.091491 0.153222
-0.025722 -0.522448 0.179537
-0.034647 -0.490112 0.179537
0.076391 -0.441680 0.179496
-0.033804 -0.518084 0.179537
0.086162 -0.536738 0.179537
-0.031735 -0.476127 0.179537
0.078635 -0.420185 0.179537
0.081359 -0.532069 0.179537
-0.004606 -0.503147 0.179352
0.113803 -0.451262 0.178944
0.100148 -0.539051 0.179537
0.110168 -0.423306 0.179606
0.107423 -0.532069 0.179537
-0.006104 -0.476127 0.179537
0.080883 -0.402457 0.179653
0.072612 -0.516063 0.179776
-0.025779 -0.457123 0.179482
0.111476 -0.518084 0.179537
0.107509 -0.381718 0.179423
0.072219 -0.493245 0.179494
0.114703 -0.475549 0.180818
0.086044 -0.357296 0.178929
0.114131 -0.462158 0.179528
0.104555 -0.364243 0.179537
0.100051 -0.350782 0.179643
0.085310 -0.212178 0.166880
-0.108500 -0.518673 0.166446
-0.025597 -0.003812 0.170060
0.071855 -0.433833 0.164921
0.086171 -0.332990 0.175813
-0.026088 0.019819 0.168107
-0.123722 -0.517993 0.167323
0.004586 -0.051422 0.172263
0.086162 -0.308301 0.171999
-0.025858 -0.183712 0.165574
0.072177 0.013367 0.170868
-0.039708 -0.098518 0.168049
-0.038233 -0.504550 0.178698
0.100157 -0.238018 0.168877
0.086162 -0.000619 0.170859
-0.010206 0.013163 0.170238
-0.039708 -0.490112 0.171897
-0.025719 -0.126000 0.170788
0.016235 -0.070547 0.170999
0.086162 0.013367 0.169983
0.100148 -0.224387 0.169715
0.100148 -0.336272 0.178157
-0.011737 -0.168445 0.167865
-0.040620 -0.474973 0.169158
-0.025722 -0.098518 0.171195
0.100148 -0.322286 0.177125
0.113992 -0.426935 0.171558
0.061843 0.009844 0.170013
-0.025737 -0.532798 0.167296
-0.039696 -0.073245 0.168109
0.100148 -0.308301 0.175463
0.002364 -0.503895 0.172937
0.114133 -0.406199 0.172265
-0.025478 -0.070315 0.171918
-0.025722 -0.154460 0.168276
0.072177 0.027352 0.171118
0.002726 -0.480260 0.171891
-0.012672 -0.107771 0.171534
-0.011221 -0.533158 0.166276
0.086162 0.027352 0.169354
0.114230 -0.501068 0.179715
-0.039708 -0.518084 0.173961
0.086265 -0.104520 0.170753
-0.010636 -0.140453 0.170030
0.100223 -0.203135 0.170642
0.002199 -0.095052 0.172099
0.002353 -0.464712 0.170924
-0.016900 0.051992 0.167482
0.002249 -0.518084 0.168814
-0.011556 -0.456870 0.179724
0.002671 -0.142656 0.169267
0.057367 0.029306 0.171121
0.002731 -0.448667 0.167770
0.086162 -0.084532 0.170614
0.100148 -0.182431 0.170146
0.100124 -0.098968 0.171091
-0.025722 -0.434170 0.175838
-0.039708 -0.056561 0.168079
-0.025584 -0.413830 0.171859
-0.025722 -0.056561 0.171627
0.100148 -0.084532 0.170395
-0.011737 -0.434170 0.176352
0.072385 0.055090 0.172312
0.002332 -0.119329 0.170719
-0.011955 -0.082896 0.172367
0.002491 -0.434129 0.166708
0.018276 -0.121743 0.166530
0.086484 0.055394 0.170302
0.086162 -0.070547 0.170645
-0.019438 0.072341 0.166516
-0.011737 -0.420185 0.174476
-0.011034 -0.043276 0.172138
0.002249 0.069309 0.168292
0.086007 -0.155559 0.169335
-0.040977 -0.047017 0.167666
0.002241 0.083295 0.165552
0.006731 0.050074 0.169528
0.100148 -0.070547 0.169487
0.086063 -0.134027 0.169886
-0.025897 -0.036089 0.170886
0.072861 -0.475995 0.178927
-0.025720 -0.392016 0.168799
-0.011532 -0.398143 0.171210
0.100197 -0.165286 0.170412
-0.039188 -0.028828 0.167337
0.029139 0.050409 0.171137
0.086189 -0.293757 0.170013
0.073533 -0.467545 0.179320
0.023900 0.069184 0.169878
0.100100 -0.140059 0.170068
0.100148 -0.280330 0.169437
-0.010823 -0.371159 0.166502
0.016471 -0.050187 0.171430
0.100148 -0.266344 0.168854
0.027978 -0.051596 0.168448
0.016295 -0.019745 0.172605
0.044206 0.069309 0.172103
0.016360 -0.085247 0.170068
0.032886 -0.016355 0.169837
0.058227 0.067804 0.172913
0.044206 0.083294 0.169307
0.058191 0.083294 0.169835
0.016583 0.013500 0.171292
0.072177 0.069309 0.172079
0.043789 -0.002105 0.167971
0.086162 0.069309 0.169892
0.057575 -0.003591 0.168080
0.076717 0.085146 0.167856
0.100148 -0.294315 0.172625
0.069607 -0.035655 0.167375
0.086199 -0.050255 0.170747
0.099708 -0.048148 0.168555
0.100173 -0.019870 0.168643
0.071738 -0.019604 0.169045
0.086054 -0.017952 0.171169
0.030615 -0.000027 0.169960
0.012300 0.028242 0.170477
0.044206 0.013367 0.169917
0.038053 0.031351 0.171106
0.042850 0.051892 0.171946
0.086162 -0.526550 0.193523
0.079799 -0.504098 0.193523
0.081279 -0.518084 0.193523
0.082362 -0.490112 0.193523
0.104960 -0.504098 0.193523
0.104682 -0.490112 0.193523
0.100315 -0.467427 0.193495
-0.025722 -0.504098 0.185734
0.071815 -0.504097 0.181417
0.086162 -0.532069 0.188606
-0.025722 -0.518084 0.183373
-0.025722 -0.490112 0.183899
0.100053 -0.531387 0.192962
0.084505 -0.378538 0.181471
-0.011425 -0.518084 0.179751
-0.011737 -0.504098 0.183426
-0.011737 -0.490112 0.182623
0.086160 -0.471678 0.193381
0.100148 -0.378228 0.183110
-0.011737 -0.476127 0.182194
-0.025725 -0.476188 0.182444
0.100148 -0.448156 0.190881
0.086074 -0.437154 0.188508
0.086162 -0.420185 0.186188
0.100080 -0.429654 0.188143
0.086157 -0.405579 0.184010
0.100175 -0.404621 0.185400
0.086162 -0.504098 0.197053
0.086162 -0.518084 0.196668
0.102107 -0.519140 0.196289
0.086162 -0.490048 0.195450
0.100148 -0.504098 0.196478
0.100148 -0.490112 0.195704