4.230923210268815876e-02 4.667128976755085534e-01 8.399966706112399484e-02
3.658292482536388418e-02 4.537285312263277803e-01 9.375061424605418692e-02
4.696762655988666324e-02 4.485338936715728697e-01 8.541932948395997149e-02
5.268874928122180279e-02 4.576948025391653907e-01 7.447444795268104434e-02
4.387790799533675817e-02 4.402701730981833927e-01 9.349252640796575087e-02
3.406013714921535956e-02 4.425989085981171245e-01 9.943954198708904180e-02
5.381419138616189146e-02 4.409855514082595129e-01 7.692936260177332675e-02
5.879627182613585135e-02 4.467617579559002294e-01 6.550259583109932504e-02
6.059062688057385154e-02 4.045298015954597592e-01 7.281720117711469598e-02
6.438660866504060387e-02 3.987852046680595564e-01 6.406061133616311465e-02
6.333575176139469298e-02 4.110727770926247970e-01 6.328415681936912229e-02
5.871453139223194867e-02 4.135226438857547704e-01 7.206379258736163307e-02
5.922716748226868749e-02 3.788656979001424618e-01 7.347948319435916587e-02
5.335252847408478161e-02 3.715841461926085443e-01 8.298392193564305130e-02
5.527743790000437529e-02 3.614021040207258673e-01 7.450252355096427526e-02
5.983846920833141986e-02 3.682821964798513314e-01 6.367269846016197776e-02
2.198490301193474147e-02 3.880052076856395638e-01 1.034500242073699283e-01
2.711354391729092067e-02 3.817078095787617142e-01 1.033549837184531833e-01
3.116655698979822753e-02 3.880419777942221149e-01 1.017189995665008367e-01
2.526608752363701180e-02 3.936257436640654417e-01 1.016320830480855614e-01
1.310779465667950838e-02 3.981045595280365834e-01 1.071717861653169734e-01
1.429515414781225464e-02 4.029814070874714882e-01 1.035078635678258752e-01
9.444316558974506781e-03 4.073294326880510519e-01 1.074845381776799585e-01
9.025738016566857425e-03 4.019838793789837772e-01 1.122833924024680269e-01
1.660313808223869148e-02 3.828101936292661600e-01 1.037874048896058887e-01
2.205156513682426586e-02 3.763066093526643563e-01 1.034477090682203726e-01
1.754038276508448554e-02 3.935069392479410011e-01 1.038077029520246136e-01
1.534440221696520106e-02 3.894068049799050413e-01 1.061137518946908970e-01
1.223580202258005463e-02 3.849722858747934295e-01 1.165555059168778967e-01
1.372314661532673605e-02 3.894239807798920427e-01 1.146396232653119490e-01
1.056552050686382534e-02 3.914668229038583136e-01 1.207382336131000156e-01
9.398320505210553885e-03 3.860550228686764895e-01 1.208438935404630987e-01
1.513882009768086241e-02 3.829753198475707721e-01 1.079002080288542914e-01
1.545319178261468467e-02 3.861865121537420564e-01 1.101025693636169950e-01
1.313254709151102234e-02 3.828037821845111655e-01 1.127649381134440687e-01
1.183371733087254345e-02 3.802679010499319667e-01 1.100640662574303291e-01
1.227362262652896725e-02 3.939820430996600065e-01 1.103147502323821166e-01
9.361507814550777337e-03 3.970207782323930679e-01 1.165678264547686804e-01
5.569132149917041530e-03 3.993317971135694755e-01 1.227099337362380360e-01
6.404684861081034498e-03 3.921115391863917998e-01 1.271325003027063694e-01
3.730757522096395107e-02 3.681415540880569326e-01 9.887049226464636464e-02
3.269200825506433233e-02 3.751355487350442885e-01 1.019286204667794044e-01
2.750290202474262036e-02 3.705427537357205425e-01 1.026729077569513843e-01
3.191467863261927829e-02 3.648872997303801435e-01 1.006316539506002389e-01
1.281863070075159663e-02 3.771654154983893892e-01 1.072498977792430142e-01
1.614917503320552686e-02 3.624228294841127518e-01 1.093817815496738316e-01
1.646100630951077490e-02 3.660667310732081958e-01 1.089397962355012905e-01
1.059200827705132110e-02 3.674774846677958395e-01 1.124901221012827857e-01
1.095999046970533471e-02 3.640177988502661388e-01 1.129145462096153157e-01
4.192374420940286894e-02 3.533656010102905198e-01 9.151238218219211185e-02
3.609928415268896101e-02 3.528594350485493303e-01 9.596934205746623925e-02
3.628974268172262263e-02 3.461661828768541893e-01 9.416439844889711031e-02
4.182635691538593575e-02 3.449866446006447651e-01 8.872977703468817867e-02
3.409270744502453793e-02 3.405208876039810817e-01 9.390878687516678036e-02
4.013506494964728943e-02 3.369919411994240499e-01 8.668306510545106813e-02
3.076196483863456732e-02 3.237809850833182623e-01 8.833155086378136067e-02
3.584693630980673867e-02 3.295635249959829594e-01 8.723987797433663260e-02
3.025974120008668306e-02 3.354212226703002786e-01 9.486381026086586343e-02
2.525084449002814105e-02 3.310271399487153543e-01 9.822204506662778056e-02
1.409395160949895517e-02 3.366364784567253965e-01 1.060807145930259404e-01
8.629053187103772823e-03 3.356850318434155267e-01 1.088038188568220543e-01
1.268694121025408690e-02 3.238606484442428934e-01 1.077081009323054978e-01
1.893703060587682147e-02 3.268291845636658310e-01 1.035961134630542652e-01
1.556932050356890987e-02 3.562608522028504754e-01 1.059664602691434421e-01
1.924734334827341714e-02 3.558771034882163287e-01 1.033329412380335072e-01
1.971906063811763518e-02 3.576696277386360867e-01 1.053635793407074889e-01
1.590129872944586603e-02 3.591435524580706695e-01 1.084408613129333038e-01
2.281939480715726790e-02 3.554327527958128230e-01 1.014848730854361475e-01
2.442060917351648874e-02 3.551055719144743383e-01 1.008937429678620490e-01
2.431155517291361257e-02 3.565019710635651262e-01 1.019992466708089240e-01
2.284022361351671637e-02 3.560929033449811154e-01 1.019946076350284753e-01
2.096307230930534796e-02 3.558133010578657940e-01 1.024736335579526370e-01
1.978581419389305665e-02 3.541600551176004030e-01 1.029359640990021585e-01
2.185859270343997254e-02 3.547807617182471285e-01 1.018835078228376295e-01
1.643710199433043653e-02 3.538168539602012386e-01 1.056777591499508395e-01
4.752603695017985214e-03 3.526931022843470265e-01 1.139375987997743866e-01
8.307188210894498118e-03 3.529979558647940996e-01 1.125235808950248717e-01
6.959197156694994085e-03 3.569043956670543971e-01 1.111445053664599919e-01
3.917541274190123810e-03 3.569806963486367724e-01 1.122059733336523701e-01
2.278641597533774890e-02 3.583293298894610901e-01 1.033732543431511025e-01
2.509790122755579250e-02 3.599793219543432343e-01 1.029637834070239455e-01
2.164534082570352888e-02 3.630877119335230718e-01 1.056219391340922492e-01
2.042385404250531694e-02 3.602848134512932621e-01 1.056160404267588865e-01
2.790328884633942394e-02 3.619334231750852005e-01 1.024617317502466707e-01
2.648346805856858707e-02 3.574874808051065611e-01 1.012721701517352996e-01
2.956275650428172655e-02 3.581802296812188757e-01 1.004535110982984342e-01
2.365298437084980762e-02 3.535496199286675689e-01 1.007980849320614380e-01
2.624645835866972615e-02 3.518169012716788058e-01 9.949095880078084875e-02
2.701936238208148960e-02 3.544406372909407188e-01 1.004001120308622985e-01
2.420754850582543249e-02 3.490517109762840131e-01 1.001738619827790833e-01
2.133660648845685931e-02 3.520204821235351500e-01 1.019299578106844378e-01
1.808981843594252570e-02 3.507700840736219239e-01 1.047609346391000923e-01
1.394342365641396131e-02 3.496791507467788551e-01 1.085817579796800603e-01
1.622280103295612244e-02 3.449368134345462411e-01 1.060350705366192303e-01
2.079119002550308334e-02 3.466856764050428308e-01 1.026403135664334942e-01
2.369142951333104083e-02 3.665625337798558148e-01 1.044628641949651299e-01
3.091721967397518742e-02 3.536516266913763418e-01 9.854717557736657196e-02
3.440342432737614198e-02 3.595043342204800596e-01 9.808698794547800193e-02
3.054786536735301303e-02 3.490910333773174501e-01 9.765612950186024210e-02
2.843259545288197299e-02 3.449520736074593308e-01 9.780252567917219197e-02
2.475655851548601641e-02 3.415534685489092226e-01 9.962110401152379779e-02
1.968384992852944410e-02 3.387631017147529899e-01 1.028079964150768466e-01
1.490457371930700020e-02 3.142148265261494600e-01 9.771869451174904075e-02
2.285111557409873553e-02 3.183832148954474084e-01 9.379372434111304946e-02
3.201786503804652378e-02 4.346013270390436389e-01 9.868694057590349233e-02
4.050470921574474831e-02 4.332009670508372157e-01 9.588077645241446789e-02
4.099902043220046699e-02 4.250145507686344803e-01 9.274803324754170297e-02
4.281152876547011238e-02 4.272527344784221026e-01 9.213407226692230112e-02
3.773544539448163426e-02 4.291514101653386981e-01 9.513412026742149030e-02
3.703568721015515486e-02 4.263424721417323204e-01 9.499832444189139358e-02
5.342507289180020713e-02 4.159665096812603657e-01 7.780469631884755211e-02
4.898441675666726641e-02 4.182363518750733533e-01 8.248847964356872953e-02
4.921197535086292707e-02 4.145139070512288137e-01 8.162513514909863765e-02
5.492227613217010029e-02 4.095939285038444067e-01 7.810562951151614475e-02
4.216672005858870115e-02 4.081915167092354801e-01 8.993974017713059210e-02
4.626336819115010879e-02 4.090324778121259275e-01 8.652366903573592560e-02
4.265130441803067357e-02 4.156933105560200459e-01 8.820275372146084425e-02
3.979404865857935625e-02 4.151310259516886036e-01 9.086759026849001997e-02
3.628756829300166381e-02 4.148694639999575551e-01 9.310842420456073854e-02
3.220016643407281470e-02 4.151315356211854324e-01 9.461334749564130620e-02
3.252294222404680801e-02 4.097557377865537198e-01 9.457010917861807808e-02
3.739815413466913291e-02 4.086549241382288478e-01 9.277484603986699274e-02
3.132042520442403916e-02 4.302350877985974820e-01 9.659892852867064950e-02
2.403678308928886009e-02 4.295139389846432398e-01 9.670295215928063903e-02
2.551199125266264203e-02 4.264438736671353758e-01 9.626542475092411677e-02
3.165335951164819500e-02 4.270479301977586073e-01 9.662148245178885098e-02
1.557406926326680534e-02 4.193653992985166279e-01 9.255947554870255778e-02
1.667680967036803269e-02 4.218831698502555905e-01 9.329931770642482802e-02
1.342101301967712178e-02 4.233859435034809104e-01 9.429293331557775382e-02
1.259592484208212244e-02 4.191072035903570248e-01 9.394707967764982792e-02
1.479382447684822466e-02 4.161514397285280831e-01 9.424803044649716910e-02
1.681141190169077940e-02 4.177840663818811473e-01 9.299241320894760521e-02
3.373873401463411276e-02 4.879550957218947160e-01 7.862267173321708935e-02
2.904251560084339032e-02 4.730620414267840967e-01 9.230459980287963884e-02
4.795401839791791493e-02 4.796081091294339127e-01 6.928443302393563763e-02
5.811888080763269460e-02 4.668343660070881640e-01 6.059302993780243951e-02
6.426828987029913065e-02 4.520270676553683198e-01 5.317756952445377300e-02
4.874116590892071943e-02 3.563604256858178276e-01 8.409695976614542379e-02
4.965574574250136014e-02 3.470120693305716597e-01 7.910992565338478832e-02
5.643983740646536795e-02 3.518369617850415909e-01 6.653701248133511714e-02
5.433650133827998274e-02 3.418901419532328623e-01 6.254749873585081776e-02
4.761831788231741386e-02 3.369185011068527857e-01 7.645364225016781923e-02
3.460289847857399986e-02 3.191913260826838017e-01 7.526846689337840512e-02
4.270221268237830298e-02 3.268449450165387682e-01 7.515696551078576704e-02
4.938431395798337925e-02 3.321250867954380070e-01 5.828585342650376144e-02
5.578940302423409520e-02 3.416193113002433668e-01 4.159830740268535137e-02
5.901993255364495344e-02 3.492522726232962782e-01 4.827393048502708062e-02
5.880334305306703091e-02 3.551490588536456161e-01 2.814813759778486343e-02
5.082656274814090908e-02 3.336676336902907880e-01 3.219016880615516163e-02
5.598604431972172696e-02 3.533191344592426231e-01 2.045208573062174892e-02
3.785245899780242951e-02 3.022069979848077126e-01 3.889431575034896227e-02
3.998575840391877662e-02 2.916814963502367686e-01 3.595693997886534321e-02
4.902356118144018948e-02 2.966532142857075116e-01 2.324108368867366936e-02
4.840676039466211555e-02 3.071335721920055994e-01 2.638784941444182255e-02
6.072168655041026986e-02 3.581504800846669334e-01 5.472988609212296740e-02
6.447036684492457592e-02 4.210916748041493851e-01 5.411032331463409839e-02
6.068201459762870287e-02 4.222421604711527054e-01 6.507499776644279366e-02
6.663148013070251119e-02 4.076548057172633688e-01 5.281759179569352897e-02
6.802304480746194926e-02 4.774686218490220013e-01 2.536336554325796869e-02
6.314262507418692827e-02 4.739745558848907359e-01 4.407535264292658517e-02
6.956414591502207978e-02 4.574137880545611212e-01 3.966991722527215408e-02
7.288090483663700603e-02 4.613890945450753178e-01 2.360196594704633971e-02
4.161665989566159379e-02 5.126402424982405837e-01 2.907836452778862074e-02
3.889302033597064057e-02 5.028813854211938716e-01 5.653308256069424637e-02
5.217132414932590390e-02 4.907761611835351756e-01 5.052006082092569406e-02
5.593441315672113140e-02 4.981983184453273594e-01 2.781086486740296307e-02
7.518659603708220673e-02 4.614692189264661404e-01 8.813919716895249681e-03
7.535975867193883682e-02 4.593625973460060963e-01 -8.776397542116036107e-03
6.978477121910157954e-02 4.727602557646800596e-01 -1.864676379226341482e-02
6.935526948434592165e-02 4.787509729447016471e-01 2.988730305988115694e-03
5.780595358909978998e-02 4.905351862683189346e-01 -2.769960802981420375e-02
5.742634826717684521e-02 4.972052557955372598e-01 -1.463612430723295558e-03
5.439005019845478267e-02 3.394340886042883088e-01 1.269238116277083585e-02
5.593246130073558503e-02 3.571334021562146965e-01 8.249936994571846136e-03
4.750390540769430792e-02 3.193821657507519007e-01 3.043064181529941958e-02
5.331731310580013067e-02 3.245127256647084568e-01 1.444826607446719757e-02
4.029050461178245585e-02 5.025371773209532655e-01 -3.341752234452684267e-02
4.080088132167648124e-02 5.126428279734053239e-01 -3.894440085042123398e-03
6.148946916997850148e-02 4.316312698788546398e-01 -5.074711672713688726e-02
6.457166041866219119e-02 4.489806143451995912e-01 -4.613465563628382782e-02
7.221555004335090955e-02 4.394222804956142148e-01 -2.939585865740926285e-02
6.889006793872844148e-02 4.247754939687863884e-01 -3.561711717597883936e-02
5.044830999470896471e-02 4.389009034258978814e-01 -6.688130442615286553e-02
5.246660274280077335e-02 4.592624539582808030e-01 -6.165394536211064175e-02
4.978398276955740137e-02 3.794148054204747877e-01 -4.082499431613029195e-02
4.331306071303499261e-02 3.641411667048259915e-01 -3.235605855497213773e-02
3.511358894047995199e-02 3.641881378037002404e-01 -4.357704669736010838e-02
4.028547057349380484e-02 3.801753487196205539e-01 -5.521310283412086961e-02
5.040290102347678991e-02 4.357115720339364562e-01 8.626848545748191932e-02
4.658652184161264642e-02 4.304090480718576472e-01 9.122013441089672769e-02
4.997048529846474102e-02 4.266128833062826087e-01 8.590699995387973686e-02
5.414582258793124159e-02 4.297112049691227398e-01 7.959182845701633091e-02
5.774774101697415646e-02 4.322293338544868080e-01 6.972857026969579708e-02
6.175329222624100639e-02 4.347214258876556658e-01 5.823832721246307437e-02
7.131704479055908652e-02 4.427039362765907704e-01 3.478492125699118864e-02
7.505946862671782072e-02 4.478496561869499404e-01 2.106517121529274256e-02
7.702101710727407569e-02 4.464179165986655318e-01 -3.996095324271533092e-03
7.666659330330920230e-02 4.480249569661423625e-01 9.697819388383736514e-03
7.396811457328227035e-02 4.280987462547931055e-01 -1.924817167917253560e-02
7.130136546541515630e-02 4.189143978103120891e-01 -2.318149735302335937e-02
5.532157728276470426e-02 3.653426155306936374e-01 -6.794894008367117003e-03
5.153124469369439742e-02 3.449390545661512597e-01 -3.484461811581429126e-03
4.489444380003498186e-02 3.472254797571292517e-01 -1.591210531273741860e-02
4.952641450281208141e-02 3.649288568696136270e-01 -2.073701505535488140e-02
3.056066525635253370e-02 3.488261155394077884e-01 -3.532034753600956506e-02
3.746968137230813345e-02 3.485008878048753145e-01 -2.608661225925833910e-02
4.982754035683921445e-02 3.142296014664846537e-01 -2.149574424198760769e-03
5.048312920594619918e-02 3.017200699044987888e-01 -5.561552291802793722e-03
4.644239208701272242e-02 3.040651560599174630e-01 -1.954990058621316681e-02
4.462046192677145834e-02 3.160424130247486696e-01 -1.547295003653155303e-02
4.021530188515132220e-02 3.039383237793802373e-01 -3.132308787657277216e-02
3.095189391069461116e-02 3.032456430010246340e-01 -3.945852700388315787e-02
2.973040008890056110e-02 3.169984703920046276e-01 -3.586538027156817993e-02
3.745050656170865327e-02 3.170398055608386612e-01 -2.746708056188111938e-02
1.864055782352492391e-02 2.844152642376175377e-01 4.994934127077983732e-02
1.974077428446674443e-02 2.756439092512396605e-01 4.700294676454970511e-02
3.065237954061229841e-02 2.785530028413857329e-01 4.190960758880046821e-02
2.831567393463947993e-02 2.877912112037901426e-01 4.421302070802897444e-02
5.345974312853143257e-02 2.913976608380956512e-01 -1.029815763955164130e-02
5.052071175022035399e-02 2.949399959719648523e-01 -2.489156096046170677e-02
5.657441016595686489e-02 3.796327948785627737e-01 -2.708541518019484326e-02
6.037916449224250970e-02 3.824421542688954956e-01 -1.599715971249213511e-02
4.453686413169247876e-02 2.945371952884381361e-01 -3.699309692150212076e-02
3.678051220741314353e-02 3.319983137109615012e-01 -2.498949083089918241e-02
4.384305537468910496e-02 3.300407547844559919e-01 -1.466962307184016719e-02
2.031369812658007090e-02 3.495722074382977551e-01 -4.290360153688727030e-02
2.400385495867913069e-02 3.646869470300181937e-01 -5.329748816875916340e-02
1.959417341502555504e-02 3.983290193744616903e-01 1.016402864773808257e-01
2.261487661516582356e-02 4.127591934911023497e-01 9.526751173720099386e-02
2.327262655878708369e-02 4.164222852654002049e-01 9.464246359267165787e-02
1.947361311080370375e-02 4.171146243907964957e-01 9.390246413874696330e-02
1.830139958761903968e-02 4.142260733068525158e-01 9.474807640318234914e-02
1.154866735894756122e-02 4.549485919646112930e-01 1.040324168778660602e-01
1.005813312086868173e-02 4.378214510226438039e-01 1.054565314958307715e-01
2.264493939889813262e-02 4.418591126335650876e-01 1.039770355204890501e-01
2.437958996847470680e-02 4.557563801055648511e-01 1.002358645504557583e-01
4.932990349505317340e-02 3.842079382997731773e-01 9.161667788410185476e-02
4.051104711365773742e-02 3.903127068973696323e-01 9.754383571441382905e-02
3.749782213135066655e-02 3.816695590032699870e-01 1.003519597194471036e-01
4.324777959576522890e-02 3.741754806844701520e-01 9.615170868924612091e-02
4.621242847772862039e-02 4.197402488733292247e-01 8.552483415753851792e-02
4.787104368699247881e-02 4.218527674965876217e-01 8.529563325869800317e-02
4.532122481347980458e-02 4.216334321116604889e-01 8.776147779157024431e-02
3.988575555262007660e-02 3.612332727569670388e-01 9.540656574123443368e-02
4.659026922603688725e-02 3.654040781679237515e-01 9.022033412026900234e-02
6.595339568633803995e-02 3.929769836047768417e-01 5.282415801420488333e-02
5.652548146359941822e-02 4.223283609855481568e-01 7.441913925331447577e-02
2.049111424930775624e-02 5.230239036855451884e-01 3.168317766971421451e-02
1.968789868039346608e-02 5.110386988054542723e-01 6.316460159217858472e-02
1.998816155752719884e-02 5.132956769785090856e-01 -3.469822615914974762e-02
2.042634090364448679e-02 5.230170313310305019e-01 -3.648472158663067320e-03
3.631958767286530554e-02 4.667553650454576153e-01 -7.295981178851021487e-02
3.440266581236979537e-02 4.446401924998677480e-01 -7.905678794171071277e-02
1.724464675830503571e-02 4.495534826684329799e-01 -8.759117485350204069e-02
1.779348417437309759e-02 4.748199208161892337e-01 -7.883590046724588130e-02
2.801416663930851939e-02 3.814168293755210715e-01 -6.538524100329345945e-02
2.219830657673301649e-02 3.029253999895818450e-01 -4.485346052275521189e-02
2.018881126411702781e-02 3.182675762623377591e-01 -4.169246161848693538e-02
1.783552533827494416e-02 4.925752177679876831e-01 8.407174065952488506e-02
1.462081080425245254e-02 4.736024903418078469e-01 9.756417223022398333e-02
6.676729246944576590e-02 4.377419421522575904e-01 4.597757884554566632e-02
5.982273156102872053e-02 3.959207479375638217e-01 7.667461600722959292e-02
5.518705560034697921e-02 4.035651934098145044e-01 8.130930249915001296e-02
5.286767422776903619e-02 3.997699035521274924e-01 8.600394868822790195e-02
5.693065208668036947e-02 3.894963306214200838e-01 8.216163384995033014e-02
6.229305571394019858e-02 3.871311895654532265e-01 6.780819585019559614e-02
6.313758695154016165e-02 3.790409158407025414e-01 5.554259595582416303e-02
6.392998457797877121e-02 3.709586007364882310e-01 4.180668097349062723e-02
6.144911554545345878e-02 3.605928117408993550e-01 3.472686345050466500e-02
7.378237279692409500e-02 4.526595638412941880e-01 -2.300156237526456565e-02
6.622155459843526160e-02 4.645073020067294056e-01 -3.842474746746383368e-02
5.546087193958692402e-02 4.772712266917236712e-01 -4.890623364298252174e-02
3.875159351891842296e-02 4.867961770977833336e-01 -5.739157051853213676e-02
7.545722250816265519e-02 4.425443577855275867e-01 -1.636065928574673492e-02
1.887982002588376243e-02 4.959487340818647949e-01 -6.008385744246873966e-02
1.000585319892574772e-02 3.717457106978661607e-01 1.114441335875810540e-01
1.696426408469386971e-02 3.713851181757733544e-01 1.070299031488734925e-01
8.473677653229681056e-03 3.755834706330415385e-01 1.110824027605116227e-01
9.657831589825480526e-03 3.486948594512003785e-01 1.116033930210749286e-01
5.637239321649513933e-03 3.481867227786041297e-01 1.132428012168710946e-01
6.560377552323010293e-03 3.429617688027071787e-01 1.101810717066113443e-01
1.125155096632117664e-02 3.436523171344023631e-01 1.087303106007801168e-01
1.556277132566098731e-02 3.095654652691607889e-01 8.258953011165665048e-02
2.481506093796280801e-02 3.134313043908736329e-01 7.857827695072626406e-02
1.756669317994457094e-02 2.930011762649777918e-01 5.440502001613822802e-02
2.677470180707372527e-02 2.966848844388799145e-01 4.802327605729628246e-02
8.383704100733049142e-03 3.836768384529023468e-01 1.150987083561227781e-01
6.872305588249869382e-03 3.840286196160689336e-01 1.153721138622206405e-01
6.671116770714456169e-03 3.829837544382846959e-01 1.132277951275331845e-01
8.577555694697511918e-03 3.828795685584476804e-01 1.130043514232074026e-01
2.148905011843970855e-02 3.569146825353577968e-01 1.034963878206108384e-01
6.333529091769830519e-03 3.641683462026298335e-01 1.150834676758631658e-01
3.377090973357392209e-03 3.639480290230912574e-01 1.157776416628970018e-01
3.656784653505042344e-03 3.604632855274531034e-01 1.143118610088522669e-01
6.652882741306551453e-03 3.605653643514181161e-01 1.137143786509488275e-01
3.966300938533490889e-02 3.206892800565912527e-01 5.423457347599146272e-02
3.708337968842127103e-02 3.123647299796887267e-01 4.408908477927307029e-02
5.202235890438944993e-02 2.983490595400291601e-01 9.757222394950391259e-03
5.226187930074564780e-02 3.108665073375449506e-01 1.256941331175804449e-02
5.042258820273251563e-02 3.285118447099287797e-01 -1.377339712770508625e-03
2.913535086634473636e-02 3.339953826783717550e-01 -3.430700012451769199e-02
2.016255444873850736e-02 3.343407022710041532e-01 -4.059399026484763334e-02
-1.754643329914894190e-03 3.363691349585526957e-01 -4.607354949198871202e-02
-3.114730127990473704e-03 3.504194128213762305e-01 -5.108000561298555592e-02
9.558007524025911514e-03 3.498827252847668268e-01 -4.897801795512440187e-02
9.112931355298930364e-03 3.355273056547499189e-01 -4.416212650509753618e-02
2.627969791636625488e-02 3.101978856039089294e-01 6.373932037545190776e-02
1.638546837426668387e-02 3.059013368135710675e-01 6.921778374366818753e-02
1.691540415399605396e-02 3.007999929044012921e-01 6.028879964726457930e-02
2.621229618691884450e-02 3.049306997421869503e-01 5.399936307477309211e-02
3.258737960411645009e-03 3.809320992695335861e-01 1.162836483810000127e-01
1.946983610452283995e-03 3.800641462922128566e-01 1.178352133861536866e-01
2.360869606803810139e-03 3.779197423122202526e-01 1.150829138456394701e-01
4.143870531826620088e-03 3.798386146670056918e-01 1.143417295522778515e-01
9.336123938255934743e-03 3.810393699914329524e-01 1.113387677501465473e-01
7.197492047273722042e-03 3.800125413332092750e-01 1.113933376717802098e-01
7.591184560347534818e-03 3.782212928541732744e-01 1.112700918312931192e-01
9.784326956667732320e-03 3.835089051210801014e-01 1.157668626740716994e-01
1.019011314628812635e-02 3.821834861737934408e-01 1.131803207341031958e-01
5.334281752810885423e-03 3.844485703342009342e-01 1.202561382840054427e-01
7.988460851502917834e-03 3.842997138289350190e-01 1.187102549663690831e-01
5.339634375214921853e-03 3.847621547479217474e-01 1.250678927366739301e-01
4.739974086616043428e-03 3.820363588242449149e-01 1.148906859134301017e-01
5.230754346896477475e-03 3.808357828602244588e-01 1.132765051983674748e-01
8.284941951869396332e-03 3.819423044088287589e-01 1.117680164066515019e-01
6.707890788639122095e-03 3.816577259320795279e-01 1.118680395503838104e-01
5.575516912034033344e-03 3.844502514125391901e-01 1.182436291619574642e-01
7.294027208877409095e-03 3.842168908961607343e-01 1.170094735513263901e-01
5.153140715526992321e-03 4.052935495809967259e-01 1.175233925992636708e-01
-3.779089378021950997e-04 4.062963730627260350e-01 1.197751352049600815e-01
-5.082013376611056819e-04 3.998339233112687685e-01 1.251173762962762281e-01
-5.421709660702340311e-04 3.923073102814604862e-01 1.299209894146938216e-01
-4.614519229496036085e-04 3.844994472782951034e-01 1.279026478329759187e-01
9.198769704042821307e-03 2.983935566461771716e-01 6.315938516453863116e-02
9.744444405603524401e-03 2.905344689656768620e-01 5.749264007154937517e-02
-1.254302623916231287e-03 4.727541199061487398e-01 9.961659366277701710e-02
-1.211060984273354358e-03 4.532511875167684612e-01 1.045486555702691001e-01
2.209535322632423179e-02 3.557512947179948815e-01 1.018881682482676992e-01
2.314813948545444908e-02 4.336559515878367632e-01 9.904001435922502039e-02
4.708767160842654287e-02 3.982655947735578295e-01 9.156642984266109841e-02
2.669985719376975417e-02 3.994342806604144203e-01 9.882114800633441665e-02
3.312103537309255691e-02 3.952815133794027602e-01 9.868848361552198800e-02
3.296907589963808671e-02 4.027566062731510743e-01 9.611959833491272309e-02
2.713945768830380856e-02 4.054758001246220322e-01 9.666452923319238111e-02
1.432507312648009443e-02 4.307108228933410610e-01 9.939992102710634714e-02
5.863032752210992939e-03 4.271096459829114012e-01 1.043595213328709359e-01
9.432640992813027050e-03 4.250929957906062207e-01 9.832713815670737767e-02
8.822737413196241746e-03 4.186752237601819582e-01 9.806904919849529501e-02
5.929566896240363871e-03 4.179579291535269192e-01 1.056495490720256586e-01
1.002566688503977142e-02 4.112837573924563728e-01 1.022523818105296051e-01
1.178421774611541038e-02 4.136570029131098614e-01 9.706351488134463967e-02
4.369049083293676666e-02 4.233455662793696450e-01 9.019030661309575259e-02
4.584375802287829482e-02 4.246728013531003709e-01 8.865523646729928098e-02
1.520471529107015295e-02 4.068842521306981208e-01 9.975604540863901304e-02
2.070918971913505297e-02 4.031131745049921777e-01 9.880287407254448317e-02
2.159856477239961020e-02 4.079267314399454003e-01 9.641480010965322589e-02
1.642233438071785331e-02 4.104457024200066639e-01 9.650340835002045592e-02
3.957076283282055795e-02 3.999962293422019699e-01 9.475667561193727717e-02
5.192438418345595580e-02 4.219959425116520113e-01 8.091754789446009566e-02
4.855052081775368400e-02 4.112295741146769212e-01 8.333131708099676682e-02
6.357841593349237985e-02 3.872668101669968221e-01 -8.231715637212505543e-03
6.027475756075797303e-02 3.764892941297076079e-01 -1.657224799308970901e-03
6.571425054909638130e-02 3.672315731307428388e-01 1.667772673823214938e-02
6.308560309221940277e-02 3.633490310706475879e-01 1.968688736876514356e-02
5.876745926184591406e-02 3.659172358548356541e-01 1.553387959503271971e-02
6.387290278251379905e-02 3.695817143195802568e-01 1.264278692541232624e-02
7.505438302555463015e-02 4.180598913503595360e-01 -1.507128918104799591e-03
7.495629205294083997e-02 4.247011017134776911e-01 -5.403398706954553286e-03
7.544922474866326556e-02 4.257290300141109429e-01 1.569911544716202706e-03
7.453633444537081931e-02 4.185413112104367506e-01 1.058687886265436253e-03
7.435500353468496582e-02 4.215717608078206613e-01 7.070957422922620646e-03
7.454512247864912566e-02 4.249832376210921359e-01 9.216309740504070175e-03
7.348256485668855365e-02 4.171033836650749338e-01 1.073111191106742787e-02
7.364304694823041453e-02 4.171853435758122730e-01 7.441391897969310346e-03
7.618743548656591036e-02 4.353914144264609543e-01 9.652396950479598392e-03
7.443383579346962708e-02 4.335431215612289280e-01 1.945397849618614797e-02
7.275229217119610903e-02 4.220352442532716020e-01 1.685803601697912629e-02
6.812039803857639075e-02 4.199370980989793889e-01 3.958732166874427694e-02
6.873659359115780187e-02 4.089134044129741352e-01 2.749114037388313697e-02
7.016568834111942821e-02 4.169034163455968556e-01 2.265598779766834006e-02
7.109225612194967903e-02 4.283975129626340084e-01 2.909666436489278390e-02
6.407858968644222775e-02 3.678864987973128886e-01 2.386052089575075100e-02
6.449804745989538846e-02 3.751326987314436701e-01 2.742515080785197512e-02
5.805998008036696717e-02 3.694332294321941990e-01 7.408786085126855755e-03
-2.069067123803732845e-03 4.600486912988892563e-01 -8.696831847087342637e-02
-2.447245379515702521e-03 4.850210420428978653e-01 -7.494469438428284780e-02
5.841896432738646200e-02 4.141013839335113689e-01 -5.113259990845975961e-02
4.774883737138596596e-02 4.184844354096740604e-01 -6.653902284393192756e-02
6.543847479672423861e-02 4.099393459111712601e-01 -3.643316828315430050e-02
6.880487005569889403e-02 4.069927975054737912e-01 -2.361199958015613651e-02
3.548292766087735722e-02 4.245009207267722018e-01 -7.876212375891546158e-02
2.092734214552706071e-02 4.245622110160542917e-01 -8.523402165383628382e-02
6.831182727877867233e-02 4.028968257178236478e-01 4.059593787479195970e-02
6.704753019306851358e-02 3.971571038319367530e-01 2.898897406720891967e-02
5.483210767885181303e-02 3.961546984573305896e-01 -4.782912270024505114e-02
4.429521487146414332e-02 3.991666274897008315e-01 -6.268627813087243594e-02
6.188861307031277847e-02 3.940498994237900954e-01 -3.380093205220833369e-02
6.539480089430563248e-02 3.947851082807413703e-01 -2.153781499507565270e-02
3.108095733262687330e-02 4.048208671962869043e-01 -7.504002229371591060e-02
1.325117741215864516e-02 3.809037704729564822e-01 -7.095492160488056643e-02
1.418390177687022143e-02 4.019049637726319624e-01 -8.039188826119215980e-02
6.757412835821002828e-02 3.781922201882428336e-01 1.647781196820211416e-02
6.609281623816112838e-02 3.762982532424784532e-01 2.060887851238707436e-02
6.595625318963324601e-02 3.702679581875139569e-01 1.950816155169119923e-02
6.880368898246320974e-02 3.723912764644177198e-01 1.774724194560824142e-02
6.627259330191064002e-02 3.877106944583691983e-01 4.021882680260807641e-02
6.620436676482846505e-02 3.856697926267133592e-01 2.819941167646692129e-02
5.448962706551186384e-03 4.112163187292787181e-01 1.121990036926053397e-01
-3.377966909765609243e-04 4.196379152442145655e-01 1.094902256281372471e-01
-2.841876231671723596e-04 4.127326389356218983e-01 1.146836009531816691e-01
-5.333239590998297645e-04 4.278023754231635167e-01 1.062448158428428158e-01
-1.729507813172637652e-03 5.270102813815783493e-01 3.139152550205587342e-03
-1.490910815831671338e-03 5.253282210282801401e-01 3.418791379316086371e-02
-2.249191244954950198e-03 5.054607815843094043e-01 -5.377158691817943842e-02
-1.886232987487321787e-03 5.202905329765544762e-01 -2.666774931178091806e-02
4.197929182921755417e-03 3.352139610646078238e-01 1.105047069348235739e-01
6.489700069873497769e-03 3.223927683720177462e-01 1.100190596213791033e-01
5.317862437793603042e-03 3.715682500776565922e-01 1.139328607219505657e-01
2.530381882706957825e-03 3.709675639485313647e-01 1.145935599041876390e-01
2.981210863015738496e-03 3.674000522292130144e-01 1.153862847133569070e-01
5.898482895469200557e-03 3.678962801452669296e-01 1.146497323771558524e-01
1.756244579656143084e-02 4.271842372059842519e-01 9.543627191841284885e-02
1.094310077844506957e-02 3.656877138077593847e-01 -5.900027510425978616e-02
9.873829522813650644e-03 3.193762911602784360e-01 -4.487829070927101122e-02
1.138206619281136728e-02 3.036671079322440514e-01 -4.780073462923399574e-02
3.532826152287927429e-02 2.926870637316299484e-01 -4.564746972915374040e-02
2.427530394978284767e-02 2.913314832796060072e-01 -5.078114960462858096e-02
2.176722674296881644e-03 3.745368339642127786e-01 1.144010869419825049e-01
4.742267757299671420e-03 3.750602553362534786e-01 1.134135300743459585e-01
4.845647158503099336e-03 3.838056347601401797e-01 1.168306028109805106e-01
1.109254512191996944e-02 3.602420315909514725e-01 1.118898428032583103e-01
4.634318703181121088e-03 3.777421927129855361e-01 1.132493428148226289e-01
5.349904271321726315e-03 3.796617940842589856e-01 1.129751204587235019e-01
4.412215516514163835e-04 3.774331285559494042e-01 1.157867733359440598e-01
7.037928942638374194e-04 3.742142911652069914e-01 1.146209862505605526e-01
2.751608042210303140e-02 4.112699824281851324e-01 9.549328937165993403e-02
2.776754492643601982e-02 4.158101796870520839e-01 9.505463271153687110e-02
2.725929190378957156e-03 3.818341656811188312e-01 1.214365420663341549e-01
3.492372795119110841e-03 3.828128259632795349e-01 1.189325859489003406e-01
-4.408522984365955723e-04 3.809621380381761901e-01 1.220884547359472327e-01
4.198286479562992474e-02 2.817390706506782694e-01 3.293642695368518419e-02
4.995132550851000275e-02 2.853516512622013557e-01 1.968832349839563095e-02
1.399860419441544381e-03 3.637625793846674949e-01 1.159145668526602863e-01
1.598379178235596453e-03 3.601716579177541289e-01 1.146120151464729009e-01
-1.608374007040608636e-03 5.131104944594501172e-01 6.622611265019100191e-02
-2.339843391192018753e-03 3.786111399332829919e-01 -7.206759697860426472e-02
-2.672978991061595103e-03 3.963700339350874624e-01 -8.122980383889386036e-02
6.859272940851932066e-02 4.022659815318916365e-01 2.017130300785856603e-02
7.007185630875463478e-02 3.985995998920666139e-01 1.534841104926392037e-02
7.154264221187764394e-02 4.052312000962229876e-01 1.298267389748413402e-02
7.018782948294373381e-02 4.094903913233039483e-01 1.770346814656695647e-02
1.054192544419803486e-02 2.821832487506588105e-01 5.324642756211072497e-02
5.344121742882660536e-02 2.880914094945604687e-01 4.815495104517335256e-03
1.260994236627383143e-02 2.912861418785410161e-01 -5.395697512363550885e-02
4.593713043675766439e-02 4.180917970263688388e-01 8.507072598505212302e-02
4.464739680945969957e-02 4.167398676987783546e-01 8.609982375244563946e-02
2.015915515456897372e-02 4.245846153118758570e-01 9.481813373665842759e-02
-2.410995503683780426e-03 4.254764446238870068e-01 -8.864936476186552339e-02
1.238668555369004491e-02 3.532662665811858171e-01 1.096074370901667372e-01
1.099101299696442213e-02 3.567150134625934887e-01 1.090770458261234865e-01
-6.472173391070390599e-04 3.209593530069548839e-01 -4.571189489187423710e-02
8.545269175177436227e-03 3.035929707137796640e-01 7.199889743532675301e-02
5.338102442810871255e-04 3.796095642126316450e-01 1.186881763351174401e-01
-3.089550736748922222e-03 3.644473590067439095e-01 -6.041422566177066800e-02
7.401476152935626551e-02 4.113042562473551711e-01 4.904597622360664863e-03
7.547142914401461233e-02 4.098442900615560380e-01 7.988560877982745986e-03
7.488807172497408127e-02 4.068719120781734144e-01 7.689075322359171551e-03
7.333819398024178648e-02 4.075935615417882185e-01 6.206224186647009249e-03
7.637821873303468623e-02 4.129393574353739105e-01 1.219328391416454535e-02
7.737216934863221096e-02 4.098758889347857703e-01 1.019543285535171387e-02
7.905355620602978750e-02 4.124634023570690755e-01 9.318326496722385485e-03
7.783017074163338378e-02 4.160033537312842755e-01 1.066722659641595496e-02
7.231803714639456482e-02 4.143324107790571920e-01 1.445886485724500077e-02
7.419014737309220786e-02 4.094374118758288827e-01 1.297481086854640475e-02
8.000357524772215567e-02 4.142329182886842487e-01 7.659794180793466287e-03
7.998391591488772379e-02 4.169615992012715155e-01 8.842004572833208481e-03
7.745281169468778981e-02 4.184807250581085714e-01 7.566024101837143072e-03
7.429341941529414572e-02 4.181754394478743309e-01 4.314739116868738372e-03
8.228825651751053849e-02 4.178199702334762233e-01 5.498245256339848348e-03
7.883056207241957714e-02 4.198540589026800718e-01 3.516502037162992644e-03
8.483143497012067547e-02 4.173543052903128103e-01 7.414071817339213397e-04
8.035584230968582931e-02 4.197897191706384534e-01 -1.575239998105490164e-03
8.603469694240646615e-02 4.141704142520637455e-01 -4.353911500195390555e-03
8.071395921311909361e-02 4.159266668704610925e-01 -6.382396020721050126e-03
6.714275357534041366e-02 3.836783122726233897e-01 2.062471703948037111e-02
6.722573037091542081e-02 3.845298632070013878e-01 1.424459875226882603e-02
8.645519329417497567e-02 4.090865574073302424e-01 -7.473257489241652909e-03
8.045173857487855629e-02 4.097487104182936379e-01 -8.824107412506226530e-03
8.570451423747335595e-02 4.023107324395028828e-01 -8.999228424781662711e-03
8.011584578851169147e-02 4.027945929925106361e-01 -1.026341237718141584e-02
8.398838251783054265e-02 3.951915757060642242e-01 -8.467414485941637120e-03
7.932318874970495370e-02 3.953114977140810282e-01 -1.002480396589871398e-02
8.238312459189617298e-02 3.882850809391797386e-01 -6.540867883553513028e-03
7.777789639050861070e-02 3.872723757925686794e-01 -7.986318346690063005e-03
8.009277700294474556e-02 3.816480197580595091e-01 -2.632357752922002189e-03
7.541145401917628832e-02 3.786106890847888429e-01 -3.544662353746198206e-03
8.155002899623442492e-02 4.153416845390036638e-01 -2.950916032101446869e-04
8.260136917307728255e-02 4.122843573216670721e-01 -3.839587942029329317e-03
7.305301663563699976e-02 4.143173725608491620e-01 -2.676492643132665546e-03
8.056603320687109882e-02 4.160412981990540549e-01 4.199392284852233523e-03
7.321558153320582851e-02 4.021687330330473986e-01 8.374913616148236921e-04
7.169328934542593124e-02 4.043267784493059236e-01 8.645621759806760296e-04
7.247681333956937366e-02 4.026632501988974822e-01 1.837660593743618799e-03
7.140904894070325415e-02 4.013207512095671170e-01 -5.059256355542254098e-04
6.890423756547667256e-02 3.912573687735764194e-01 1.551653353089728522e-02
7.011034899083143368e-02 3.913146292499369294e-01 1.213429995472440834e-02
7.074586038446885328e-02 3.968272716390114363e-01 1.220799361713548886e-02
6.857677007468722385e-02 3.872981064295327180e-01 1.151173112038324925e-02
6.787115149910943890e-02 3.887067142133663333e-01 1.042710560916734579e-02
6.762288491702278526e-02 3.921962219083309220e-01 1.076026133145377948e-02
6.705848215522315636e-02 3.966947862440113326e-01 1.046516841663765879e-02
6.840495444704572381e-02 3.872623908019392491e-01 8.815538350261309039e-03
6.933771125235621557e-02 3.854429972304817542e-01 9.367214018572409678e-03
6.720978932941878981e-02 3.884486100835408129e-01 8.251103515593270418e-03
6.683606748071674319e-02 3.893053415413976204e-01 9.277642913535227506e-03
6.594089154657842289e-02 3.914815505908309512e-01 8.354863332973406359e-03
6.662793019993581978e-02 3.946325417087592768e-01 5.979473956038223320e-03
6.780297919079462943e-02 3.929782334943813793e-01 2.089983203908856585e-02
6.811228123132367918e-02 3.905490695294592252e-01 -2.252721509736600649e-03
6.517397622306556060e-02 3.821383400460508506e-01 1.675318692702101485e-03
7.697237823778725618e-02 3.771625770693244339e-01 2.890550123277213068e-03
7.381818640321743952e-02 3.712306225387789760e-01 2.987692524384266170e-03
7.139752411414036770e-02 3.691789727132483989e-01 1.522736194009511289e-02
7.304460273723581420e-02 3.673180289595285863e-01 9.776375634808839518e-03
7.160411342951414349e-02 4.093511285527925980e-01 -4.648909655459666258e-03
7.133654109461971815e-02 4.036307651856118062e-01 -6.185872711867178297e-03
6.344993709443701169e-02 3.753202287024022255e-01 7.710969397608238678e-03
7.057552533755995228e-02 3.973690747825506797e-01 -5.695246694075408421e-03
7.831289980550806828e-02 3.858134567299339457e-01 -1.591426990242170766e-03
7.512179542954139366e-02 3.826153303086468060e-01 2.009329293957975819e-03
8.068814946870922489e-02 3.903927913196550969e-01 -4.561231692836066956e-03
6.998887720688486136e-02 3.821677169175876632e-01 1.082217735099481014e-02
7.124279806961823780e-02 3.763673341638693048e-01 1.301873566623575930e-02
7.446505699218167185e-02 3.756815499745254638e-01 8.447107273683415046e-03
7.227251148668852043e-02 3.815716124079750471e-01 6.385348980005585255e-03
7.703089468826566921e-02 3.889008258708869237e-01 2.251221129374064603e-04
7.334316923215106199e-02 3.867167849427049497e-01 2.617807903842641996e-03
7.411781332191706706e-02 3.917793359073010184e-01 2.124441803617675955e-04
7.087763620841283640e-02 3.897680764127952058e-01 2.523908150350678142e-03
6.910704921734167616e-02 3.879066222512039253e-01 5.871377145854496556e-03
7.072433068959851910e-02 3.855151995879056992e-01 5.992123126727590468e-03
6.734697354293806004e-02 3.920898770709768666e-01 2.233514199691298465e-03
7.082753836761242205e-02 3.950899843318483873e-01 1.577355555553493845e-04
6.690812215569370835e-02 3.895113651335085359e-01 5.925334440390353508e-03
7.682683990692434906e-02 3.945450555232782874e-01 -3.590129224190356013e-04
7.921991389102048253e-02 3.980853234522137574e-01 -8.272283124623106389e-04
7.713783217502187539e-02 4.006226526211636441e-01 1.149534058785754275e-03
7.416850907817840177e-02 3.978713569893012059e-01 -5.059046139699884296e-05
8.127758697335757399e-02 3.960781704364113587e-01 -6.507961690253608218e-03
8.135204369588275308e-02 3.966451130656825641e-01 -3.211192561734661256e-03
7.954475402278128604e-02 3.923423764198421537e-01 -1.886114537541660205e-03
8.215964300473656279e-02 4.017703997842139163e-01 -4.054270948578127948e-03
8.208151399018226435e-02 4.023557024383902503e-01 -7.005002631897141140e-03
8.055184573532997439e-02 4.018509281285813084e-01 -1.754676656745561298e-03
7.922921799585042058e-02 4.029200909290117649e-01 2.519940718469229016e-04
8.188624480045884890e-02 4.102768922732145107e-01 -1.950802963476928192e-03
8.217131511573784464e-02 4.066195304897495255e-01 -3.483111423804508087e-03
8.290438091558384459e-02 4.081021826900789740e-01 -6.101905453757948232e-03
8.118411821350789148e-02 4.054409150510226989e-01 -1.248569739719202279e-03
8.062862216693722495e-02 4.083638905719370049e-01 -2.482692775575116059e-04
7.930054718214625542e-02 4.068123326282732100e-01 7.570233399765498479e-04
7.995406455855713634e-02 4.050762203491695135e-01 -3.056948485289326823e-04
7.796165021018888752e-02 4.139410018556963777e-01 6.175649031426542861e-03
7.671037281395561014e-02 4.123545352451156165e-01 7.607215852428673292e-03
7.911242108858966560e-02 4.139961833017422044e-01 3.555076275006065992e-03
7.702700006619418727e-02 4.142716957228107511e-01 4.171453848196683342e-03
7.777049578394543139e-02 4.118991533199447552e-01 3.393974359374511175e-03
7.569057427186419440e-02 4.133147445601881853e-01 4.482800481975088638e-03
7.681116407514368416e-02 4.100592823248735419e-01 3.881883015857392691e-03
7.484509133699132621e-02 4.077780749292589935e-01 3.934740810894241450e-03
2.290477972912880258e-02 2.547750155185152243e-01 4.470889670057217463e-02
2.137046255056197427e-02 2.653919102656411844e-01 4.508087013225598599e-02
1.136113437748224701e-02 2.623828542373180528e-01 4.736151659953601045e-02
1.200002408529963691e-02 2.521800444936275754e-01 4.607096115179048351e-02
7.822660020842150952e-02 4.083672405952887829e-01 2.594052760045567618e-03
7.928915330313872356e-02 4.104683656039084805e-01 1.470673708922671467e-03
8.058161967317459262e-02 4.130348271383306180e-01 4.642805354245321510e-04
7.581042208075826350e-02 4.043469168302276651e-01 1.946881374751660175e-03
7.717038639003077904e-02 4.033777669575852043e-01 1.671271505769183693e-03
7.814640455596653934e-02 4.048061466372697148e-01 1.532866151798382157e-03
7.672367386744814721e-02 4.062504392118478358e-01 2.612760458631565447e-03
7.105179544556153304e-02 4.008092370472272070e-01 1.108973199906963976e-02
6.931049208404758966e-02 3.993524845768299247e-01 7.868873201575060650e-03
6.964799966465355652e-02 3.968229853617020186e-01 4.001738370470605058e-03
5.419627443509627412e-02 2.427364294870033579e-01 3.143359883597993815e-02
6.764199830500046418e-02 2.502771167422366272e-01 1.941994661951297607e-02
6.234543185522091469e-02 2.579303958854631262e-01 1.602365093106723759e-02
4.968125389551163174e-02 2.517837069651532311e-01 2.732219036460101225e-02
6.367321751636426108e-02 2.208686007548420760e-01 4.934533846668311824e-02
6.524918920036741621e-02 2.037332578740117806e-01 6.073137904457524133e-02
8.265451362403469782e-02 2.092673646913436880e-01 5.375574265876838925e-02
8.398262579516138637e-02 2.299639215323653341e-01 3.519157237937640959e-02
8.143085094004372249e-02 1.917142448951925926e-01 6.814550441531101732e-02
6.533656845053752160e-02 1.874531058814907503e-01 7.260591875664293426e-02
7.867157865316232179e-02 1.441024259692017806e-01 1.051121180261681276e-01
7.943514403465098961e-02 1.592455598737491929e-01 9.300750724123113544e-02
6.411999778081263479e-02 1.574893636144807374e-01 9.730912198881064290e-02
6.345601042845000483e-02 1.423009492639491780e-01 1.090177237932122428e-01
1.042808143754965083e-01 7.211680235254874782e-02 1.390623004649609584e-01
9.240844589776751883e-02 7.395541554825295349e-02 1.441043770669413748e-01
8.598741427164680040e-02 5.814258928333684157e-02 1.429597159301031484e-01
9.930732509459341828e-02 5.410663808456601942e-02 1.369533095360006281e-01
1.368928527931282668e-01 1.690462479902019033e-01 6.363624285604789488e-02
1.459812715711162334e-01 1.598648015248204379e-01 6.144258834068851149e-02
1.490076533783668278e-01 1.781382126539601818e-01 5.672317397233755942e-02
1.388322542152114203e-01 1.870023239906966617e-01 5.725884977356875127e-02
9.588419117917454382e-02 2.631857984080447355e-01 -1.184049892902787858e-02
8.873327446685051745e-02 2.655387294728746572e-01 -1.420742491551427351e-02
8.384915983142941787e-02 2.531420905395220800e-01 6.044318279594941730e-03
9.134957150465408682e-02 2.497838158043508561e-01 1.123596884134327352e-02
1.437292659492964975e-01 8.449714666285240705e-02 8.858586010788724319e-02
1.379030121184337265e-01 9.347509671281661880e-02 9.777866093290456251e-02
1.364224052276613863e-01 8.203832362579986659e-02 1.049504999059395483e-01
1.408394268854032128e-01 7.278132562996379729e-02 9.685280790262773554e-02
1.127707196398078510e-01 1.203316479458971721e-03 8.407655051501669585e-02
9.986677874027867496e-02 6.524194841513740505e-04 9.923931674731180375e-02
9.959450809637428181e-02 -1.640503231782817692e-02 1.007343662516533844e-01
1.133460579674272911e-01 -1.624208306079707662e-02 8.493624785398280752e-02
1.447495722583871380e-01 2.087758833934446126e-02 2.220752127979484791e-02
1.405127300257857925e-01 6.006452423848950527e-03 2.109729433537778018e-02
1.394090245627849778e-01 6.361189745177147151e-03 -3.562781062400331971e-03
1.431005030766528963e-01 2.042439252722448584e-02 -3.574655271137483492e-03
1.047970050968407701e-01 1.444714799540920414e-01 9.474877429801192852e-02
1.061336583318097382e-01 1.602050266630713482e-01 8.307816561688499690e-02
9.354308048255266517e-02 1.600069928529101460e-01 8.797634520177084749e-02
9.248800247437970190e-02 1.448597496399063878e-01 1.000598708833263378e-01
3.201803924508199173e-01 2.152136134241507404e-01 1.619082387519476390e-02
2.957616327793968769e-01 2.151979311471821088e-01 1.785711298229514243e-02
2.968186484899180133e-01 1.993298347031687567e-01 1.867482641570261670e-02
3.211126991782238260e-01 1.992704014218627251e-01 1.675038465114350728e-02
1.409659929701400083e-01 -7.930490344360960342e-02 4.009476747014106834e-02
1.426101323711528313e-01 -9.555593982320820245e-02 4.363144382898132695e-02
1.429644871849052312e-01 -9.202161432204195024e-02 1.849985040824013785e-02
1.408406169519314521e-01 -7.607831108481734328e-02 1.593113449833491110e-02
1.928795733670820578e-01 2.352443767626055116e-01 3.198747456819083651e-02
1.928102708945022281e-01 2.517083801505367591e-01 1.440650861209193112e-02
1.799024663112178124e-01 2.539239678601452055e-01 1.418790309513559209e-02
1.783408833890803569e-01 2.379042817103496910e-01 3.337352170614824726e-02
1.394069688863133483e-01 1.334221902387550951e-01 7.303339475148533377e-02
1.421563505834776975e-01 1.454625695408602315e-01 6.674132330539314650e-02
1.346974136402810940e-01 1.536414975287130891e-01 7.093802439186733255e-02
1.320281598699957204e-01 1.396787388109072825e-01 7.849813539523671502e-02
1.529717265170799645e-01 4.883219655538284520e-02 -8.913536129420267587e-03
1.555841401976171268e-01 6.547101626454679413e-02 -1.164533977560030902e-02
1.568757164336977150e-01 6.596445759984796708e-02 8.981800509923068901e-03
1.550032508570184930e-01 4.944369382851167283e-02 1.405024794766840911e-02
1.516444136183042191e-01 3.437772309824412009e-02 1.863094868626602105e-02
1.493342368951013632e-01 3.360137574020537199e-02 -5.978776809774377643e-03
1.245800692385097136e-01 1.421195603730925350e-01 8.381149915494862102e-02
1.258719741178566665e-01 1.590586517496875574e-01 7.442601818522802393e-02
1.170070411907724317e-01 1.598806147747978135e-01 7.839919307697267026e-02
1.153762614574972423e-01 1.435430801451975102e-01 8.933583117332319357e-02
7.721859768661955281e-02 4.396939313881358113e-02 1.364192666617398131e-01
9.290056543345130702e-02 3.876228122636993928e-02 1.284046720925775265e-01
1.363787917381679426e-01 -9.977281125968248676e-02 6.808855616183867587e-02
1.354146125029283554e-01 -8.307396503200253912e-02 6.411125155650360119e-02
1.246953553042963320e-01 -8.701724874517557939e-02 8.481138609735432154e-02
1.251920322355951909e-01 -1.038253807178061150e-01 8.919374607375932240e-02
8.421080907748088040e-02 1.610742074113980307e-02 1.093099587915258714e-01
9.844971296413997097e-02 1.576972199921772635e-02 9.856758648112866339e-02
1.015463343119537287e-01 2.683321583239359903e-02 1.080896318338726986e-01
8.675075669218829111e-02 2.805390470806495493e-02 1.166270837602968874e-01
1.101993023260672139e-01 -1.067193777269949267e-01 1.073469609433761324e-01
1.098844915804397943e-01 -8.995685306210607357e-02 1.023517231815351952e-01
9.331835199759716537e-02 -9.193549421663460564e-02 1.181526338132624504e-01
9.338062240562071403e-02 -1.107536940950591409e-01 1.240361540623501208e-01
8.037588060550751590e-02 1.751249040062963502e-01 8.081730309178153382e-02
6.487717476268542449e-02 1.722249555377770858e-01 8.506984557314652140e-02
1.235767198384818688e-01 7.180553390050227469e-02 1.240968473289767726e-01
1.149237669938472928e-01 7.153816563439571730e-02 1.320402114944171923e-01
1.112515838756033548e-01 5.298997404537490047e-02 1.295254772729039217e-01
1.215405265420255176e-01 5.434254919967689001e-02 1.212112847339489319e-01
1.575300708512283876e-01 1.331965091825223491e-01 4.592424904419405846e-02
1.664765727893877945e-01 1.459321487580354515e-01 4.149298670657775717e-02
1.615310141560694634e-01 1.655037181220776477e-01 5.243630024507677651e-02
1.540329070950618440e-01 1.473969790833347115e-01 5.614975734598644935e-02
1.475387669512450151e-01 -1.074108371512047105e-01 1.992430758654366654e-02
1.464918865952324900e-01 -1.109470486162383585e-01 4.587354886210195937e-02
1.125841216676296136e-01 -1.245282439648037337e-01 1.109879434248321056e-01
9.515961120861675393e-02 -1.291852389266180956e-01 1.279683924072569368e-01
1.994168798790246500e-01 1.426352214046540945e-01 -2.705129732514988464e-02
1.980091599369102340e-01 1.458556910944327212e-01 -1.471213761107477772e-02
1.886331925836714496e-01 1.339521309611391153e-01 -1.059846953714546972e-02
1.911247117813391350e-01 1.315880797727551343e-01 -2.299997555803151572e-02
5.347556914296771463e-02 7.494472096842999531e-02 1.458199616882040750e-01
6.265327519747697360e-02 5.573082302906468000e-02 1.432367153534492565e-01
7.494523522344812005e-02 6.795637864948339546e-02 1.467473561247648606e-01
6.786324793729105187e-02 8.347113985475636266e-02 1.461626566587493070e-01
1.181785949567871336e-01 3.886277119359587279e-02 1.115801620673787381e-01
1.065060769199136365e-01 3.734933145135260063e-02 1.199669025934724520e-01
1.147680717931062466e-01 2.808812124783106531e-02 9.888819355691036428e-02
3.796344626229600228e-02 6.625080859352421025e-02 1.411971830785586079e-01
4.832430625524919421e-02 4.267935870293110973e-02 1.329832109165544340e-01
4.852559580265349698e-02 1.687830459488057488e-01 8.909423680137086576e-02
4.789561188595899133e-02 1.545779141333681883e-01 1.009476189380706657e-01
4.878277484013680831e-02 1.834275196259394225e-01 7.785528740459525532e-02
4.781668261558871813e-02 1.990337303439102812e-01 6.692364498302322273e-02
3.139843135071621744e-02 1.952166691414400079e-01 7.115852637948905102e-02
3.193950462748892938e-02 1.797878632565813595e-01 8.160613461713545069e-02
4.593835071220800370e-02 2.150915306878299627e-01 5.763460054247077080e-02
2.978017286583839462e-02 2.110706245475743037e-01 6.254208598999957958e-02
3.911004593852679401e-02 2.373801921123865621e-01 4.111847638354624440e-02
3.597219260536062974e-02 2.471311869292927565e-01 3.680980146657364394e-02
1.485386500133516197e-01 1.346607636153215048e-01 6.051399883136304725e-02
1.454914353126686988e-01 1.234879727367353131e-01 6.574040456110363806e-02
1.279162365018223779e-01 -1.203183251370337631e-01 9.200704454920118069e-02
1.109914786899018901e-01 2.014368927729955350e-01 -9.730192756550964939e-02
1.264550705117563623e-01 2.065420782586388504e-01 -8.914407519218452147e-02
1.253342942070559685e-01 1.902115932101238194e-01 -9.347913279644669282e-02
1.101031966200316792e-01 1.843605279236830152e-01 -1.019384171085410684e-01
1.018088135122852123e-01 2.504877251736115640e-01 1.300741490333904432e-02
1.036273661243452548e-01 2.637067555779097350e-01 -1.115631195751472411e-02
1.740641037602361219e-01 1.474930852036683560e-01 -6.354375842559915888e-02
1.741699890029500819e-01 1.386997309546949275e-01 -5.950718964208265294e-02
1.642751394149609967e-01 1.304724223120899418e-01 -6.246426361399677607e-02
1.634677772905732684e-01 1.410482579792158020e-01 -6.656733353878029058e-02
1.985203867904242192e-01 1.437399510510557754e-01 -4.689227972943151024e-02
1.967422027330612555e-01 1.495511376311830509e-01 -5.363348156648952564e-02
2.087234251817758068e-01 1.562681101533698602e-01 -5.683920922781226376e-02
2.104556701957447096e-01 1.504544124795424986e-01 -5.040393729402850576e-02
1.377124018432094588e-01 -8.908942790315009519e-02 -4.282798509200816915e-03
1.351524386717509740e-01 -7.316173831489730661e-02 -7.477494407029136418e-03
1.205004161857479716e-01 3.181667789725436957e-02 -6.578984457809260167e-02
1.290280926036067588e-01 4.817222933976849503e-02 -6.545481225047909690e-02
1.381526539553823152e-01 4.041717226870324836e-02 -4.834842312034172418e-02
1.310104985099816433e-01 2.504482971925927476e-02 -4.737227691392351808e-02
1.726409826451455118e-02 1.709456646482559183e-01 -9.985021798070235766e-02
3.591785029296810233e-02 1.741238378562635636e-01 -1.034496118645645002e-01
3.550743988065604290e-02 1.595471069913012574e-01 -1.055427482183377008e-01
1.696906447782459831e-02 1.564593539913522457e-01 -1.016527774286535984e-01
7.436544054547797322e-02 2.022637262579111417e-01 -1.031767141983434832e-01
5.388226797614473207e-02 1.939746191401937048e-01 -1.036124041993474326e-01
5.324481648508362641e-02 2.074547557511781659e-01 -9.948784585516745604e-02
7.407771195206458437e-02 2.164797950507762192e-01 -9.800600548843031723e-02
9.307407919280484554e-02 1.943673411118299332e-01 -1.041945071912355886e-01
9.229064187423022259e-02 1.773186952110367143e-01 -1.083029588222382544e-01
1.490119055369182877e-01 5.153264811396781470e-02 -2.938591130793492476e-02
1.524152199560833976e-01 6.778048635334284200e-02 -2.981856434901430236e-02
1.600960042488674129e-01 9.098813778304080946e-02 -3.133695096273698272e-02
1.647092175439459072e-01 9.981522259924374696e-02 -3.153980477281967398e-02
1.656301570904986364e-01 9.918882439054234335e-02 -1.751390570066631985e-02
1.613001799323304786e-01 9.013661111593618269e-02 -1.615429116403058890e-02
8.166976797672359512e-02 2.701242145354135205e-01 -1.654367864368857730e-02
8.906836559545917853e-02 2.718811900507672186e-01 -3.657079113962486555e-02
8.029760290096589481e-02 2.753818554123360074e-01 -3.889941292343552376e-02
4.826189593378212017e-02 2.516529286981519231e-01 -7.941358599411403596e-02
5.826192468942147790e-02 2.564553736610569734e-01 -7.513442293377947667e-02
6.086828841362217080e-02 2.511308474316625294e-01 -7.847980788495770299e-02
4.819925505824425999e-02 2.457267228195448294e-01 -8.286795426446452728e-02
3.810752905340319963e-02 9.304586080041175877e-02 -1.112350850111508693e-01
3.985842389502483596e-02 7.117607671010565962e-02 -1.070609717372543596e-01
1.797671841071041970e-02 7.254158274503388903e-02 -1.079133921793221373e-01
1.722548230134326661e-02 9.295697399828925511e-02 -1.113089365622044052e-01
1.695306774211630119e-01 1.103406692997986605e-01 -4.236323345665519990e-02
1.678720280985113444e-01 1.151340537310118067e-01 -5.095042763885845871e-02
1.775395529818612483e-01 1.240267925333212451e-01 -4.963927970261486355e-02
1.796997280689004162e-01 1.191259920847668741e-01 -4.229492826463054217e-02
1.603744329575425842e-01 1.072014407940540953e-01 -5.245306604928896138e-02
1.627224346040850589e-01 1.025479492905275597e-01 -4.294138819219898984e-02
1.579413942258500458e-01 9.379324075888627321e-02 -4.385697443014002772e-02
1.549108607965620776e-01 9.867261047731486212e-02 -5.491598745969808459e-02
1.366029411386311121e-01 6.339066453120471845e-02 -6.320657994030286220e-02
1.440934518499722428e-01 7.776720871820806680e-02 -6.029338826920814520e-02
1.490695827339010016e-01 7.222278375592700028e-02 -4.592970053866172325e-02
1.437487792958142274e-01 5.665459383342992539e-02 -4.739345009872377584e-02
1.816267890194814272e-02 5.269115229208120796e-03 -8.776747656589395374e-02
1.793402559026631080e-02 2.580210210844376822e-02 -9.687383335179877708e-02
3.741618298001073151e-02 2.481319887737235344e-02 -9.536584065441318370e-02
3.699492925689817913e-02 3.708952905438657813e-03 -8.854410351023038472e-02
2.057433631193009427e-01 1.616415330854158727e-01 4.068443833318101735e-03
2.199306763067913895e-01 1.640086595523833068e-01 -3.551341188086703181e-04
2.177111668143499323e-01 1.717465343040000814e-01 1.408079424016375585e-02
2.049885449285724082e-01 1.683021381763769031e-01 1.840823825850123122e-02
2.141972109979443373e-01 1.761545941631266765e-01 -6.782342026155169235e-02
2.131008573005933882e-01 1.827458108650404367e-01 -6.893298922220915392e-02
2.229821111077119888e-01 1.871870351796029730e-01 -7.032905418095616867e-02
2.238197724474133565e-01 1.810385720633455597e-01 -6.968337662167796431e-02
2.406557846443785342e-01 1.565642791690131652e-01 -1.597639788546621406e-02
2.601035269968351993e-01 1.548127118850580186e-01 -1.896372772276989568e-02
2.568333481794005668e-01 1.624395223437096192e-01 -4.827406935118109914e-03
2.367941206794728359e-01 1.636035721317599667e-01 -2.694899883057390831e-03
1.131703267903256677e-01 2.673600273609914035e-01 -3.744765817253613988e-02
1.053651753283302572e-01 2.689056011804499269e-01 -3.633425800042156678e-02
1.114245653279881954e-01 2.642821649905397474e-01 -1.095762970259002086e-02
2.261236258290512113e-01 1.494981336673489036e-01 -3.535289948052861703e-02
2.249097438137207527e-01 1.505846870190278575e-01 -4.566461050286246826e-02
2.409253919670525657e-01 1.524130702320011521e-01 -5.051187899299066503e-02
2.422239029767930263e-01 1.501481319245249468e-01 -3.979108456145948741e-02
3.191009436484969486e-01 2.303995970441469199e-01 8.515796857860568128e-03
2.946810599740418146e-01 2.302525039030049459e-01 9.915014917515183393e-03
2.822929864900233787e-01 1.517305986535575912e-01 -3.447870600048894008e-02
2.617331919589690470e-01 1.506839077702541718e-01 -3.185145369583343433e-02
2.617704316901998118e-01 1.504967513380978950e-01 -4.401467063958079684e-02
2.831219221883818915e-01 1.534950830020513912e-01 -4.719552890647700505e-02
1.240797721021235922e-01 1.073199629679227884e-02 -4.568171944574407617e-02
1.122176722206741084e-01 1.617620897456574849e-02 -6.301669405985636796e-02
1.139940533476429541e-01 -8.456500959300375375e-02 -4.151356442681665426e-02
1.102714596912922618e-01 -6.754077648512474275e-02 -4.470940423447863216e-02
1.242136446713360404e-01 -7.009953504509677802e-02 -2.820556227220274992e-02
1.277300503379885932e-01 -8.650868126013916415e-02 -2.465542197953538017e-02
1.418935850835590373e-01 -1.047039740866616553e-01 -3.572500981124510783e-03
1.170749154995226610e-01 -1.016484367173176029e-01 -3.998321957145013067e-02
1.313290987596247572e-01 -1.028029664822672079e-01 -2.365963837400605549e-02
6.379199837587275213e-02 2.826579627099362613e-01 -3.432248360639136159e-02
7.184446096559028716e-02 2.789978844960264714e-01 -3.762025519886948166e-02
6.175731444017269756e-02 2.759946165594494571e-01 -5.377384768380810004e-02
5.539135052376040896e-02 2.817639197664423834e-01 -4.864748909572429864e-02
1.781187402685019960e-01 -2.083641436224663024e-01 -9.543890794737882460e-03
1.821444578160373862e-01 -2.107081476314950907e-01 2.111900393381058866e-02
1.839541029722784882e-01 -2.346847491638184291e-01 1.486804646173076928e-02
1.780500127803643085e-01 -2.347748397570337264e-01 -1.497473594901053452e-02
3.265047146162824293e-02 2.649951814673989214e-01 -7.102555377754427024e-02
2.934114732773329681e-02 2.739033873151848764e-01 -6.458075798138890322e-02
4.320623882245835240e-02 2.774812649315436808e-01 -5.822734658223178983e-02
4.835448252448427270e-02 2.702092042248183112e-01 -6.413018968657580032e-02
1.761273491937365432e-01 -1.837224375444680702e-01 -6.703192819804198663e-03
1.792404872479176903e-01 -1.875116804716100705e-01 2.227866923292764340e-02
6.673950115021269613e-02 2.776394902303389589e-01 -1.632141638544195444e-02
7.409835019268992684e-02 2.736641435685797097e-01 -1.695293057753251981e-02
6.408412522772680142e-02 2.710650225676783376e-01 5.667023706799266232e-04
7.093851596538545967e-02 2.654156062195712207e-01 7.829305749846840381e-04
5.693388557155737439e-02 2.659197265354411588e-01 1.518782726224037101e-02
1.789767031678544396e-01 -2.170155433492214625e-01 4.708938789527243596e-02
1.835435649120799595e-01 -2.416575788938657432e-01 4.414043825433584117e-02
4.981963363453350419e-02 2.875055147583897575e-01 -4.308746867938454544e-02
3.920428140811349493e-02 2.845522110727648490e-01 -5.240056077047320487e-02
2.661134659472245631e-02 2.822689962798113350e-01 -5.766188372878396778e-02
1.377447414268908460e-02 2.812178638387128893e-01 -6.090511311668156402e-02
-2.983600711131495042e-04 2.810806591856368497e-01 -6.182513836693035586e-02
3.171195828496219029e-04 2.909974856495383677e-01 -5.581620299661818607e-02
1.547361671743382738e-01 -1.220346647714908445e-01 2.082943257157486919e-02
1.497987145322661751e-01 -1.195694557379202438e-01 -4.823219667944029197e-03
1.266802139452761211e-01 -3.374977928463102073e-01 -8.279473727562325358e-02
1.287547546789495623e-01 -3.523204844586019235e-01 -7.172271405214439288e-02
9.606748804494157079e-02 -3.522247057730858444e-01 -8.095009573610459364e-02
9.867594026991842460e-02 -3.413643876650512832e-01 -9.106909728328489717e-02
2.710866003890293613e-02 -3.262848554269268675e-01 -9.711396660397469960e-02
6.553472330061731188e-02 -3.367327431632328172e-01 -9.658249876560889846e-02
6.024793476636219197e-02 -3.471842941521551817e-01 -8.426702116182668845e-02
2.418154810163548885e-02 -3.354988851040792142e-01 -8.302729151808206642e-02
3.441794131022627573e-02 -2.153337716769440358e-01 -1.102809310558206940e-01
3.503433149428813315e-02 -1.944100032392983568e-01 -1.039528159267678192e-01
6.438151758495737342e-02 -1.943206909164338358e-01 -1.033079759311062995e-01
6.462093428405425721e-02 -2.151389878240543008e-01 -1.104447045388115001e-01
1.390719316720427090e-01 -1.181345232825727204e-01 -2.625275719947337688e-02
1.243836879971104981e-01 -1.175445599602665814e-01 -4.335227130232880560e-02
1.524089651296888503e-01 -1.257241077364864568e-01 4.757810708667779137e-02
1.825674232289117016e-01 -3.756018511470763377e-01 5.662057570132097983e-02
1.785159662875147601e-01 -4.110074091260853546e-01 5.271346886379800478e-02
1.830292859082861823e-01 -4.057343577666456258e-01 1.488634993956613854e-02
1.902054183893303885e-01 -3.708644758337164560e-01 1.656711989844400490e-02
1.510602613875355049e-01 -3.998626372430205689e-01 -4.426073867729655303e-02
1.195709555804705948e-01 -3.973378700099464145e-01 -5.882578942777968306e-02
1.251339102389684432e-01 -3.733112098836999793e-01 -6.472717487068266329e-02
1.572636654669533618e-01 -3.721389938525438978e-01 -4.900591415541758616e-02
7.639610597376331191e-02 -1.330784715962345377e-01 1.424569642183836915e-01
7.786029074562418606e-02 -1.528038029066528525e-01 1.448625540254396271e-01
9.719290098824201474e-02 -1.476912363231166758e-01 1.301012939980179806e-01
1.737710694490044241e-02 -1.427941638149095582e-01 1.643771113644486304e-01
1.669487793978186377e-02 -1.630091951681232054e-01 1.670509404788058372e-01
3.727157533099429571e-02 -1.602758320772712519e-01 1.634758161034753909e-01
3.836394962518790974e-02 -1.396060959227504727e-01 1.604239470404557055e-01
2.513691573365357812e-02 -2.685177399831853995e-01 1.419302614090146297e-01
3.007016190070199019e-02 -2.465383600195793223e-01 1.487896831394232844e-01
1.308218586898891866e-02 -2.478720698188731364e-01 1.519862438137463689e-01
1.146873465253488503e-02 -2.681074370037526688e-01 1.447192680037582835e-01
1.690877621148833554e-01 -2.230951767437108213e-01 7.108547715789001464e-02
1.655351327419356255e-01 -2.028342716104599985e-01 7.336354494639478474e-02
1.485452266849432990e-01 -2.099700239671337676e-01 9.458723488935971702e-02
1.512260175088911973e-01 -2.297468061341618462e-01 9.274461943642589579e-02
5.460098544189115333e-02 -3.562113791231635851e-01 -6.604972233131779780e-02
2.180776873401655061e-02 -3.423349418871996508e-01 -6.392149040269405613e-02
1.630412432812089474e-01 -3.778778911695026554e-01 9.344693398577612331e-02
1.608238966107485846e-01 -4.146877447963068231e-01 8.902407201235165712e-02
1.329285694271826190e-01 -4.181207608262783038e-01 1.171385818797214817e-01
1.356970396819834335e-01 -3.838496666936747626e-01 1.197002102679540492e-01
1.024995957691475501e-01 -3.859177045697776420e-01 1.308858915645892129e-01
9.915332600834128596e-02 -4.171700577249213837e-01 1.277081783661148107e-01
1.073362975023836076e-02 -3.325788669336537384e-01 7.873413103098790555e-02
1.015114470249241577e-02 -3.438619271962667368e-01 7.965745960110026669e-02
2.761637373415620073e-02 -3.303242409198654528e-01 1.030210230432050678e-01
2.278582011017703246e-02 -3.164645234553980502e-01 1.055411526976891556e-01
3.025393589032817146e-02 -2.986842189021263194e-01 -1.112991975253296711e-01
6.344505707508313330e-02 -3.040966193440472476e-01 -1.117365392928151985e-01
6.425811163311681562e-02 -3.209003993983722269e-01 -1.057901384365249609e-01
2.936368521845466803e-02 -3.150848309405527847e-01 -1.048347085900877274e-01
1.066867734581939953e-01 -1.180781567580287406e-01 -5.661156368662439292e-02
1.004279944169813310e-01 -1.011035281058821622e-01 -5.229065146749058146e-02
8.283178889835551839e-02 -1.009193780069833762e-01 -6.026608565992294664e-02
8.029627447126065631e-02 -8.188101423035058779e-02 -6.171261613832917242e-02
9.799416004806053848e-02 -8.287931910533027913e-02 -5.395804322663882296e-02
8.068776111487953318e-02 3.263891156089671758e-02 -8.917700741423591204e-02
8.978785872314425098e-02 5.050601538794633610e-02 -9.326100396067947551e-02
1.064684878519873562e-01 3.954922337103992241e-02 -8.069750719537811812e-02
9.824313304677445569e-02 2.356753462002637509e-02 -7.750956539936901257e-02
5.456771735369964071e-02 1.797337703541668774e-01 -1.068477061535972467e-01
5.503960106117541939e-02 1.645753489798444658e-01 -1.093754467124695706e-01
8.276840970157528510e-02 -3.877909474108777177e-01 -6.473041577891970599e-02
8.532978972265251039e-02 -4.182711498827493268e-01 -5.776159453116239823e-02
5.043884617476411536e-02 -4.103313257181533946e-01 -5.232304825933500186e-02
4.128391347738304129e-02 -3.715143530011430495e-01 -5.435243456806631429e-02
1.450319308484131209e-01 -4.284326301011777138e-01 -4.073807211305678633e-02
1.739260977052919932e-01 -4.011928802733162325e-01 -1.969487262222496815e-02
1.655991581123031076e-01 -4.318807274574859023e-01 -1.890059501223915681e-02
1.722517964114753386e-01 -4.435186753942006455e-01 5.066113605348471216e-02
1.756712398924465679e-01 -4.377947360309866753e-01 1.364411982855751222e-02
1.283159703249358574e-01 -4.500722780356468666e-01 1.135633412877665033e-01
9.488987531357873095e-02 -4.476846861836965008e-01 1.226465665840851538e-01
1.539350858194092619e-02 -4.104279847236817491e-01 8.690135225178746703e-02
1.423998044771305170e-02 -4.333505496476178220e-01 7.702113156360507196e-02
3.360418781514767916e-02 -4.386048145004211585e-01 9.927297228104457749e-02
3.653620677362429819e-02 -4.138392220044271874e-01 1.077211600428306937e-01
6.536589118859065239e-02 -2.697052655860995296e-01 1.267168465929233989e-01
7.459223639344420009e-02 -2.917809697860844209e-01 1.249604043818758059e-01
1.037443530315284856e-01 -2.738791038847790404e-01 1.209502161582143714e-01
1.013593864008817680e-01 -2.526639590521973511e-01 1.201484037754326356e-01
3.912113269399444121e-02 -1.187170344368996544e-01 1.566550599338739080e-01
2.214911234889389499e-02 -1.223262743798889246e-01 1.603019989597376793e-01
7.530360120573630078e-02 -1.135505392814253889e-01 1.385839858352180543e-01
5.662042705711602120e-02 -1.159217501454475746e-01 1.498224835641202568e-01
5.700663891665307126e-02 -1.365569042661821941e-01 1.535514448500619467e-01
4.464232991753475099e-02 -3.307451535754238336e-02 1.425277604620181771e-01
4.204081195712210811e-02 -5.277810548288402320e-02 1.468719251444825236e-01
6.167348264279701175e-02 -5.308029930639911881e-02 1.373766191216198584e-01
6.473888168298709556e-02 -3.399729891693643175e-02 1.328735935681403246e-01
6.783781869250585239e-02 -1.427706779226403308e-02 1.286774618828847305e-01
4.721459319362832086e-02 -1.319162945349990762e-02 1.376520623511526265e-01
4.760424045981048041e-02 2.323009922606729741e-02 1.238126779745968298e-01
6.739008734676942003e-02 1.884530076322562739e-02 1.180655292310088395e-01
6.922719672601294894e-02 3.240105564507104324e-02 1.252780832094494146e-01
3.176820464820971635e-02 1.647363942667921244e-01 9.205581300930938682e-02
3.136241405619374922e-02 1.500896641114481400e-01 1.026495259580022384e-01
1.743337563138652457e-01 -2.466407329950469907e-01 7.041105830389725317e-02
1.331070464906038142e-02 -3.777953934430283156e-01 -2.783783473634771077e-02
2.140893867617569765e-02 -4.095013637010059271e-01 -3.369043566118369581e-02
6.159678176533767667e-03 -4.143999596806554053e-01 -5.889290880315079663e-03
3.393819125919655087e-03 -3.884343056924465798e-01 2.043564621563792073e-03
1.750883647207125693e-01 -1.950964726308909991e-01 4.894470852093205093e-02
1.395516738207884244e-01 -1.154552012385301196e-01 7.062938851200278867e-02
1.445082305724324501e-01 -1.309364430970458015e-01 7.244544999104206295e-02
1.393258220916060719e-01 2.513000950025137334e-02 5.215160172205308975e-02
1.350327094877497858e-01 6.293810194764319632e-03 4.559113091413325575e-02
8.296932368493598053e-02 7.728747109137222571e-02 1.459165696339097817e-01
8.069318415236970132e-02 8.861676214069770519e-02 1.439200653563812993e-01
1.814688583814413891e-01 -3.691614944003836496e-01 -2.142949325726983476e-02
1.229058910560757722e-01 -4.794653074456525221e-01 1.081752883395909054e-01
9.010906051306104281e-02 -4.775391821426955841e-01 1.157683553386427699e-01
8.493859669693051839e-02 -5.059413562642655071e-01 1.078889804425730153e-01
1.170230728925395342e-01 -5.077109027373105654e-01 1.020801932703179343e-01
6.519169720313904015e-03 -4.538331345139860473e-01 4.061411003807697401e-02
9.991920712718030048e-03 -4.817371797950127932e-01 3.038518153402515812e-02
1.600756055678255116e-02 -4.859057173105715832e-01 5.552904549183678568e-02
1.439714281122141462e-02 -4.589461966420530503e-01 6.639365709271793925e-02
1.378275463416442359e-02 -5.098268254965850899e-01 2.201568797713827907e-02
1.594831500919536432e-02 -5.369293187966642789e-01 1.317237129167186070e-02
1.874654765024130060e-02 -5.421707823501736856e-01 3.658998504638361765e-02
1.830265988726560364e-02 -5.144244025983337743e-01 4.742151978856942729e-02
1.553831084944053420e-01 -4.492383859218058162e-01 8.661037395641817127e-02
1.572159671066289954e-01 -5.018382201764406414e-01 4.806623940903686359e-02
1.641467692730851080e-01 -4.737742436852677708e-01 5.004648306209972392e-02
1.486654837140274632e-01 -4.784243525355864612e-01 8.348326826359747654e-02
1.426347831734167404e-01 -5.066729997211231185e-01 7.933430422783667446e-02
1.171339514691727562e-01 -4.252511203519854233e-01 -5.311763481061492626e-02
3.452680265156586430e-03 -4.059157092147461232e-01 6.239538730375229075e-02
4.267711197670823707e-03 -4.276566354494643618e-01 5.177374577608331169e-02
1.976567657723942925e-02 -4.762203386232214952e-01 -1.784582524791327243e-02
1.258435289821525568e-02 -4.454253764217385725e-01 -1.235296507789795592e-02
2.978278836301103891e-02 -4.438358291990988636e-01 -3.643751517354487657e-02
3.658643843985532468e-02 -4.748710092942817207e-01 -3.930216616746393110e-02
1.395771969430623649e-01 -4.833888776357409545e-01 -3.677232125351156955e-02
1.418846715652309631e-01 -4.565367840159245127e-01 -3.783613435012506132e-02
1.606138015071096048e-01 -4.610032264852573780e-01 -1.558753321785681135e-02
1.563781387089407948e-01 -4.883474418553576668e-01 -1.432819703346155729e-02
1.684777143436203273e-01 -4.671268635534324143e-01 1.550210066427689347e-02
1.617840883874569757e-01 -4.950303881936282124e-01 1.515632056492815551e-02
1.455160574497406656e-01 -5.557879193013063324e-01 4.423715664966070688e-02
1.508028815537698908e-01 -5.290763774024601629e-01 4.590165665144404356e-02
1.363037011067734505e-01 -5.338522267383176700e-01 7.552748296127005656e-02
1.298462129896550965e-01 -5.602275520620756399e-01 7.143838244510278268e-02
1.519692918477318633e-01 -5.485723807498045224e-01 1.318882088092381347e-02
1.564705737444886668e-01 -5.220185617423060975e-01 1.394197773065030191e-02
1.491354097788928079e-01 -5.413910883284589470e-01 -1.380400130795575095e-02
1.529639390738404270e-01 -5.151399501008941950e-01 -1.428432470385835977e-02
1.356617043181288507e-01 -5.356037353818220437e-01 -3.445132992842647734e-02
1.381062032293488562e-01 -5.095401148224762977e-01 -3.602691154553015057e-02
1.167340953060035380e-01 -5.315726343974802592e-01 -4.872367524660496663e-02
1.168340672726810442e-01 -5.060183306980589046e-01 -5.023509751036046855e-02
9.120442985169086025e-02 -5.035002240181593036e-01 -5.606568631443311496e-02
9.395384666028606946e-02 -5.293228525095022841e-01 -5.435189032583205571e-02
7.016604304813532644e-02 -5.283684349389318191e-01 -5.263550725666948232e-02
6.585642178708206451e-02 -5.022607598059394274e-01 -5.292240436312540403e-02
3.110889582677148560e-02 -5.309596191163661327e-01 -2.887255209184108953e-02
2.607779279064799394e-02 -5.044655386191846391e-01 -2.328678884715617431e-02
4.257322491627468092e-02 -5.029104442327703151e-01 -4.220433476686364510e-02
4.796655293819256094e-02 -5.291115038518702240e-01 -4.455830352958304458e-02
4.929820260118877862e-02 -6.337088842231635155e-01 -4.849633351927165603e-02
4.308479049102933306e-02 -6.059903590105125692e-01 -4.626573599934606651e-02
6.253319647641476797e-02 -6.041757109133681913e-01 -5.155532031907342910e-02
6.792905033910040524e-02 -6.313704404630641198e-01 -5.131929866156140913e-02
8.537302032470890645e-02 -6.290891704461799572e-01 -5.478368553233853300e-02
8.143955771972505309e-02 -6.032127041640625853e-01 -5.204134967966624059e-02
9.950823962747405715e-02 -6.028154725044854167e-01 -5.264095702547127303e-02
1.038301347117197015e-01 -6.283129239310257796e-01 -5.500053076706900440e-02
1.297723939079325206e-01 -6.087338693761439323e-01 -3.101079358170345801e-02
1.322365746125974406e-01 -6.338146225772112174e-01 -3.260448373103196074e-02
1.202288453384940947e-01 -6.296398493922126249e-01 -4.807051512094325657e-02
1.168779492513986745e-01 -6.043425981990075968e-01 -4.624578597902166688e-02
1.431457724377814822e-01 -6.146927957077039650e-01 -1.256680488279145191e-02
1.431959434753020954e-01 -6.389374463994829112e-01 -1.343651813993671125e-02
1.443228020094273756e-01 -6.217569771951878543e-01 1.153333307620947427e-02
1.409971135030145262e-01 -6.453558395750924603e-01 1.027317488081023501e-02
1.297210192078019075e-01 -6.277291464572981594e-01 3.608678320176535864e-02
1.262719469375256365e-01 -6.504846973983434699e-01 3.325976880998540025e-02
1.956914633773793738e-02 -6.190742576207496350e-01 5.136288248550177973e-03
1.869183575357958801e-02 -6.137947162859053174e-01 -1.484732543088314143e-02
2.444307255127241979e-02 -6.403162891069018592e-01 -2.190098620779124677e-02
2.332669332786998367e-02 -6.453861043732653791e-01 -1.549133368871292733e-03
4.521942628168409278e-02 -6.288214284856407099e-01 4.616946926649410227e-02
4.810847130169741692e-02 -6.535003513386415941e-01 3.439535467720347683e-02
6.285879932989865693e-02 -6.543947993854708489e-01 5.531508653057150282e-02
6.326425793604911751e-02 -6.310593917113608287e-01 6.623387674578889994e-02
1.408046375138262973e-01 -5.808309106008212597e-01 4.268672370730756255e-02
1.479209254647223803e-01 -5.735759069390683473e-01 1.266859139570428866e-02
1.453415778569993322e-01 -5.662920616006711372e-01 -1.318805257734601173e-02
1.323174246885941152e-01 -5.601879622478601606e-01 -3.242725672139880333e-02
3.484311105474401093e-02 -5.556626780306820335e-01 -3.505784029304208349e-02
5.294717690874748556e-02 -5.535996795618395305e-01 -4.716658941505426361e-02
1.880811002530091008e-02 -5.685747351328747090e-01 2.623838608922996612e-02
1.677690991897681783e-02 -5.629975776079340077e-01 4.180309534098648229e-03
9.294869405092238968e-02 -6.095072105774994586e-01 7.818391847005115580e-02
1.174727231691361368e-01 -6.088619663159229312e-01 6.406735675456796952e-02
1.236203567832361988e-01 -5.851952254423569144e-01 6.778297642226338571e-02
9.787750985029602946e-02 -5.854198371551680991e-01 8.209298243937139528e-02
1.459664027219404192e-01 -5.978538152641303949e-01 1.219064590519355548e-02
1.431927987571263716e-01 -5.904191540915435521e-01 -1.269869247428012486e-02
1.302972788206901156e-01 -5.843787247461675882e-01 -3.099326715731011775e-02
9.755598605669212053e-02 -5.783315748893489427e-01 -5.125922482468750485e-02
1.159935697497885693e-01 -5.801965414555415590e-01 -4.542693796983895971e-02
7.804267843577547548e-02 -5.779145537267162958e-01 -5.125753609546870870e-02
3.889370761029536938e-02 -5.802390322791219912e-01 -4.118317439296227678e-02
5.765135162506885430e-02 -5.781972322209349979e-01 -4.981425740521826934e-02
1.950267363528195366e-02 -5.943057931922610670e-01 1.552017389220163718e-02
1.751369519514472603e-02 -5.883671572580895237e-01 -5.385307353905414290e-03
8.752667512293146879e-02 -6.546011394535629080e-01 6.270755224889119905e-02
1.114152328176209322e-01 -6.533545132674836164e-01 5.323571874848808533e-02
1.130244382654626289e-01 -6.312422352050868213e-01 5.824697721893093427e-02
8.934607838353358922e-02 -6.332424124179626412e-01 7.270885127733808795e-02
8.718378094445800031e-02 -6.750544750858505916e-01 5.169449329970318696e-02
6.578582183591860644e-02 -6.756567561634309049e-01 4.460435109825011679e-02
1.075175831103317436e-01 -6.543205943375755007e-01 -5.670888409779777095e-02
9.034074188167001696e-02 -6.551256151727882227e-01 -5.760357596641133004e-02
1.233186555889648900e-01 -6.554857651005049357e-01 -4.950275507240672196e-02
1.380718393541500166e-01 -6.697867025004394792e-01 1.016001302787611013e-02
1.443798374223291270e-01 -6.629103171717314336e-01 -1.513060368507954112e-02
1.241507491425374032e-01 -6.749357236916401215e-01 3.262634752957716683e-02
1.080681633328273300e-01 -6.741565347029958577e-01 4.732968309463406881e-02
3.827232327377146776e-02 -6.936082247579888893e-01 -2.807673140386709315e-02
3.669048632390745079e-02 -6.967989686471095512e-01 -1.013846936180016339e-02
3.006242429730942786e-02 -6.694536742852665867e-01 -6.591975745176387527e-03
3.264436960568007501e-02 -6.663547638213312974e-01 -2.445865378037321083e-02
5.924807425656164472e-02 -6.876774038789870147e-01 -5.506389591263060462e-02
5.651718023515568678e-02 -6.606151105614150865e-01 -4.647733916530185500e-02
7.328726204156717217e-02 -6.579546036163099743e-01 -5.162001560491773916e-02
7.567986810813856491e-02 -6.840992506398798634e-01 -6.399418253453052763e-02
1.129799447696095555e-01 -6.810989384198097296e-01 -6.469468946594807146e-02
9.440366443269729291e-02 -6.814938079238095359e-01 -6.775331681302303177e-02
1.299116955792081474e-01 -6.811555054912643570e-01 -5.640392555528836449e-02
1.452101320929041206e-01 -6.891800633253460928e-01 -1.649237126120365465e-02
1.434200571532930346e-01 -6.836056501597113089e-01 -4.001315320471547643e-02
1.373036279303504192e-01 -6.580480970975852717e-01 -3.590233654375573485e-02
1.379194425941090707e-01 -6.957110965923799517e-01 1.189156649560164578e-02
1.174334835391084436e-01 -7.295875282307995313e-01 2.939600834533355120e-02
1.401964729700953816e-01 -7.235381624685227608e-01 1.203288053493704879e-02
1.159418783707751172e-01 -7.014104200499755581e-01 3.163871158218534152e-02
9.518462130517625630e-02 -8.225743674867929123e-01 1.650777969815847221e-02
9.566609061922234925e-02 -8.551329163578312853e-01 1.153744439508790597e-02
1.169693589401500922e-01 -8.522320937810344832e-01 1.139935077109313112e-02
1.192860849507178661e-01 -8.198759765625057705e-01 1.687897575732016930e-02
3.963041389914724599e-02 -7.223684468368563039e-01 -3.484811138497605210e-02
3.963991203110814321e-02 -7.247406310166358834e-01 -1.413537925597496692e-02
7.793465298037308142e-02 -7.125567967784266488e-01 -7.471975473187400518e-02
5.932916378922823558e-02 -7.164238176819112125e-01 -6.540152712775471056e-02
1.524223231868106765e-01 -7.460268816084760779e-01 -2.130903833463366343e-02
1.504236232968543252e-01 -7.414049161474509653e-01 -4.702042075172882529e-02
1.476214279721909106e-01 -7.117015119856514582e-01 -4.278531537895041009e-02
1.489667422519069251e-01 -7.169186493720883790e-01 -1.719816486380839823e-02
4.190838334823195760e-02 -8.163547500136644208e-01 -2.707841462732774040e-02
3.924180419269012593e-02 -7.850751122147772154e-01 -2.370917827152480700e-02
3.971534964543495250e-02 -7.830958549095371479e-01 -4.544222584544212878e-02
4.261863618818143712e-02 -8.148475663371325117e-01 -4.711267635020082584e-02
7.696042139729535048e-02 -7.432136608593418181e-01 -8.229195478344526749e-02
7.762188574609373004e-02 -7.750901330316938287e-01 -8.627423925318773723e-02
5.968617023060666937e-02 -7.781207147914822597e-01 -7.662719724557864875e-02
5.840033340802442546e-02 -7.469673961898279924e-01 -7.223439534878976775e-02
1.498591187804923230e-01 -8.109629011299418488e-01 -2.643272787874170748e-02
1.492921804870287195e-01 -8.079966193734120505e-01 -5.009166607998145893e-02
1.515024351226263166e-01 -7.735187131541781946e-01 -4.957727471395795282e-02
1.527035204910099919e-01 -7.773623359763542906e-01 -2.430967462079753824e-02
1.196678409116265634e-01 -7.578519450319791684e-01 2.638829636055827280e-02
1.212921859152064907e-01 -7.881693210596123489e-01 2.166437822048970091e-02
1.429697754638422080e-01 -7.824050187992025451e-01 3.422516441043923618e-03
1.429881206503852697e-01 -7.521967013035283367e-01 7.797733766360276722e-03
9.328628123999457844e-02 -7.604922133197088430e-01 2.631507765916921496e-02
9.531363812320282902e-02 -7.904660916400725323e-01 2.173742569412736442e-02
5.564720498414633953e-02 -8.828938735087872303e-01 -4.642951200081462532e-02
5.510391870516404694e-02 -8.863044249326355040e-01 -2.992679792247894890e-02
4.827826512376624801e-02 -8.507876543969419281e-01 -2.873385327835631040e-02
4.890650347053922958e-02 -8.481631752123478529e-01 -4.708059407556813847e-02
8.002924643074942057e-02 -8.082900471257334907e-01 -8.602518786622763425e-02
8.279683706317707281e-02 -8.431201232169328597e-01 -8.185224317137296257e-02
6.677053317643594221e-02 -8.448153229278870802e-01 -7.366055392029011162e-02
6.229485823700782465e-02 -8.107457332898933000e-01 -7.699054385380676990e-02
1.395844490633474932e-01 -8.827571118660012539e-01 -2.988413313143083172e-02
1.379473098386904129e-01 -8.807387791603717986e-01 -4.997734789059965488e-02
1.443036491401264165e-01 -8.442969541470287664e-01 -5.000695889381316650e-02
1.451461043280488639e-01 -8.462328909719590841e-01 -2.856693590914339761e-02
1.150446142895179269e-01 -8.873135521752548716e-01 5.661738910892642057e-03
1.331512705615106318e-01 -8.850142217052444638e-01 -8.057900803828888653e-03
1.370122669440457797e-01 -8.489135922762557351e-01 -3.549602400240014534e-03
9.540360303760467287e-02 -8.895721469422582794e-01 6.559118270271778982e-03
9.498033575266957851e-02 -9.237942038723080396e-01 3.241184227635326206e-03
1.117443423219218607e-01 -9.220023680717988057e-01 2.847948654227995015e-03
6.073105915867334226e-02 -9.167926185210700796e-01 -4.533051297895786258e-02
6.186791343070638383e-02 -9.191706182281158544e-01 -3.030194466062845551e-02
7.241785056140988275e-02 -9.135993549388077284e-01 -6.623575535198260311e-02
7.078301962000600744e-02 -8.797349509049230409e-01 -6.960453746894819382e-02
8.480661057784059931e-02 -8.775600824419172996e-01 -7.707984556902039430e-02
8.518520780109377355e-02 -9.112139938647003667e-01 -7.355173093106533166e-02
1.181181063378885787e-01 -8.793699723182155648e-01 -7.426123303198665926e-02
1.155145449194842633e-01 -9.127349851699116945e-01 -7.020887618920293449e-02
1.006895564182955366e-01 -9.109814625362804286e-01 -7.497198842508989713e-02
1.019347310892551317e-01 -8.776747409524032761e-01 -7.875623626461995819e-02
1.307592931537860659e-01 -9.139188504722022266e-01 -4.867173157614502338e-02
1.247073044713633005e-01 -9.132337686363720675e-01 -6.174053960277887249e-02
1.305849126915757663e-01 -8.796388314488731153e-01 -6.476547087757091037e-02
1.340732817831791213e-01 -9.156898647385166568e-01 -3.022373713409276866e-02
1.284777320203737971e-01 -9.191684764786168804e-01 -9.626802375891233346e-03
2.408340712432707146e-03 -3.527899196139880900e-01 -5.846254951228833929e-03
9.346672929073662067e-03 -3.584844899437845678e-01 -1.666327365734673882e-02
1.714991049201971401e-03 -3.722882321524670357e-01 1.288304420063061603e-02
-9.748308974058694397e-04 -3.642267253401517690e-01 2.425042331269428031e-02
3.192305553001938828e-02 -4.938633321045446944e-01 8.054765632401479636e-02
3.269810303492497877e-02 -4.652137106590207849e-01 9.042361637249972384e-02
3.025803259284648439e-02 -5.486078770897063750e-01 5.964611019889533988e-02
3.183027401935807632e-02 -5.221344707165268550e-01 7.143093936792449528e-02
2.988777840938256977e-02 -5.746928729973027616e-01 4.806678126114544841e-02
2.971333501413931863e-02 -6.260465696591958062e-01 2.582985464151060437e-02
3.004749314466368879e-02 -6.002665726882058239e-01 3.662524381173859478e-02
3.263234872632423539e-02 -6.507441259221925511e-01 1.600624387022451384e-02
3.870372735847768531e-02 -6.751255595725972336e-01 1.108827347587043773e-02
4.420103204848492562e-02 -7.012357181223779490e-01 9.104783346525535670e-03
4.976650800600902758e-02 -7.557502212000428710e-01 2.399189870989521748e-03
4.841422980593582809e-02 -7.275648408707041659e-01 6.011882859281647215e-03
3.945715139085150674e-02 -7.543724907042613781e-01 -1.919464406141120280e-02
5.279632926349475674e-02 -8.187201785380852082e-01 -5.375037916609353567e-03
5.064219764908192700e-02 -7.862688613508905799e-01 -1.460998835069682918e-03
6.312052901386346060e-02 -8.891881981606807317e-01 -1.322934684186491058e-02
5.744408436722961420e-02 -8.537965710921299189e-01 -9.435358029656847750e-03
6.959358912555466126e-02 -9.217435131364246637e-01 -1.538707074274565240e-02
7.313753647949268466e-02 -3.611665486434508243e-01 1.291189323672491673e-01
7.707744053948965834e-02 -3.365501863516371372e-01 1.284059179780236981e-01
4.873634255116823105e-02 -3.490577971637120469e-01 1.205308444865960116e-01
4.447100058444327514e-02 -3.684268801882997213e-01 1.185404642779383788e-01
1.873349736494699710e-03 -3.419598257446779810e-01 4.711025062444270523e-02
2.609881321111448072e-04 -3.473339273349888567e-01 4.580488505334223692e-02
3.647971801186375776e-03 -3.474712700935841392e-01 6.128292707987231802e-02
4.901290060596572885e-03 -3.399956983726289961e-01 6.101177132788121460e-02
1.359575650632881272e-01 -6.048816507257758213e-01 4.023176753898932700e-02
1.158751064644007872e-01 -5.559865060545825521e-01 -4.640769475073561884e-02
7.414218417412438145e-02 -5.531021287661394004e-01 -5.158091650634524100e-02
9.582292322484249614e-02 -5.538842367964321722e-01 -5.204490863295830466e-02
4.410441704775636129e-02 -6.053361896931206410e-01 5.833980558608004019e-02
6.553321714741860982e-02 -6.078318944206048124e-01 7.465300216100631547e-02
6.957872297529110739e-02 -5.835782509097715565e-01 8.171660975092646939e-02
4.657185268678867146e-02 -5.802244794477321443e-01 6.815164691913189188e-02
9.052793716899709686e-02 -7.346806427333548717e-01 2.956011310756213525e-02
6.658234676630613025e-02 -7.317733828780065286e-01 2.158820380562804023e-02
6.935816259060979816e-02 -7.590668575361922965e-01 1.738902718384938845e-02
8.946439218512751423e-02 -7.110511646936785723e-01 3.365610192775914805e-02
1.360715480455331750e-01 -7.086475343751164058e-01 -6.235070370842139137e-02
1.189052599910631336e-01 -7.083690347713891278e-01 -7.327364100525643464e-02
9.941176957317698903e-02 -7.397044654623795568e-01 -8.510891713235427258e-02
9.870644598376726586e-02 -7.097168398262929667e-01 -7.707753469953206038e-02
1.214242788937262424e-01 -7.379546667178173980e-01 -8.083890933804956103e-02
5.261276982469406671e-02 -5.296421491018824534e-01 8.992849589231073637e-02
4.929523297316529967e-02 -5.547712040595508265e-01 7.951052807005534739e-02
7.472708166330668811e-02 -5.587978087285837558e-01 9.040194726205130760e-02
7.967016413774762051e-02 -5.330616489740720443e-01 9.938768544734440102e-02
1.061010752523744161e-01 -5.035988519979580497e-02 -4.789436343393878304e-02
1.196952076333305803e-01 -5.342385679829190354e-02 -3.221434253239400386e-02
1.374597128754982411e-01 5.056893798321313721e-02 9.325804823247306474e-02
1.285911759629597695e-01 4.310963093077778419e-02 1.026251792761668780e-01
1.270150113654285318e-01 3.148472995468174634e-02 8.774888232980444791e-02
1.378638880038248749e-01 3.873658467798670596e-02 7.568084443134856509e-02
1.456010090087238584e-01 4.942889984241490009e-02 6.719794756774520594e-02
1.436525672481287208e-01 6.072187314424988547e-02 8.498860459236423637e-02
1.500446805126445238e-01 6.192549410569323648e-02 5.968615167906974467e-02
1.475252665476410874e-01 7.311461976283943620e-02 7.680849033747118304e-02
1.623508819637113632e-01 1.244243854831640211e-01 3.097049180248069231e-02
1.708220432710265690e-01 1.353000816878292267e-01 2.647257950679829733e-02
2.593661525434443407e-02 2.304930120659881218e-02 1.283809903893990967e-01
2.619885842656005659e-02 6.198806113543626171e-03 1.358043240730642531e-01
4.844824582762710663e-02 5.738366147911039272e-03 1.316122001150737131e-01
5.754523310915327788e-02 -1.569058732996113370e-01 1.564774944284612057e-01
7.367757594640060581e-02 -2.407561945363366485e-01 1.347690873231145170e-01
5.002557174186440803e-02 -2.443928248298864181e-01 1.428318634276403987e-01
4.239751166489587331e-02 -2.690355180808007840e-01 1.362527660222918602e-01
8.613701581088978668e-03 -3.195805420050334411e-01 1.022138482987637736e-01
1.519518917268987846e-03 -3.277300969549519771e-01 8.476809531718522417e-02
6.500715019440508891e-04 -3.368966228886837166e-01 6.203640514104834247e-02
3.011968260095729093e-04 -3.396439997867726213e-01 4.635101615785646584e-02
5.588495988847774765e-02 -1.573212258718819419e-05 -8.532485296125737195e-02
5.692467800599124161e-02 2.089299290191648506e-02 -9.121315628368181772e-02
1.723478504651724391e-02 1.842359117332151019e-01 -9.741060883304938911e-02
3.515888639172660979e-02 1.876624816050948275e-01 -1.006766103551444552e-01
3.368650292332286966e-02 2.123846830267218933e-01 -9.471492960666380578e-02
1.678304381959414004e-02 2.084666377988918240e-01 -9.282175629813117779e-02
1.650634660254284708e-02 2.192859551836082999e-01 -9.038550563802304205e-02
3.228309254961673341e-02 2.231451659144949029e-01 -9.118835146255051260e-02
1.557487821579647824e-02 2.716864828749460670e-01 -6.806839832741475027e-02
1.686433394514256362e-02 2.615998169300433607e-01 -7.409765315953444065e-02
-1.394542888202668016e-03 -3.447645000597426290e-01 2.896149052867331292e-02
-1.820590436192792792e-03 -3.472742871529910791e-01 2.012349145947132240e-02
-9.967444595831327636e-04 -3.523985954517788177e-01 4.204607681503541583e-02
1.737528192000450597e-02 -3.904983650171292564e-01 9.510043539496054743e-02
2.057492822789331113e-02 -3.735804474092260241e-01 1.009288232810457847e-01
5.514687700209878682e-03 -3.749057446813588435e-01 7.804244926714745678e-02
3.933178542382832071e-03 -3.887278009855735239e-01 7.157294617741984111e-02
1.941249536674015397e-01 -3.342682549116905433e-01 2.187214155091679949e-02
1.850478657981559361e-01 -3.394476251849812276e-01 6.134699230325125346e-02
9.021856808067993394e-02 -3.674680990961686766e-01 -6.973459246063806738e-02
3.291368080672559815e-01 1.619335005493456880e-01 -4.915038846481713242e-02
3.055960084725564130e-01 1.573407915378936817e-01 -4.869225815518603978e-02
3.069046362191330535e-01 1.652929904254417104e-01 -5.977764065766554696e-02
3.302888789084525434e-01 1.703449245696844472e-01 -5.943135940568824299e-02
6.146341551665258224e-02 9.380488650418324081e-02 -1.105367870391168600e-01
6.790693439995355851e-02 6.790793706492952164e-02 -1.034942989828268184e-01
7.722055531522918626e-02 2.595794272284366877e-01 2.738425891009661512e-03
1.304717651316387450e-01 2.643452102646597912e-01 -5.426069243706515416e-03
1.202663443011986188e-01 2.642420512833544843e-01 -9.131106342960890535e-03
1.204347236174352215e-01 2.533182271866387669e-01 1.484788320550686248e-02
1.291791756099525956e-01 2.539479008002150096e-01 1.822918494477958340e-02
1.378765590255236206e-01 2.248146836990563835e-01 -7.588435245474529911e-02
1.266288663353676291e-01 2.224273344434603839e-01 -8.277746115071916988e-02
1.256269715615079552e-01 2.385698458802721911e-01 -7.238018642971656702e-02
1.362236205883355089e-01 2.398685563603023541e-01 -6.610857673209735719e-02
6.332704957746314312e-02 -2.379978736143341655e-01 -1.156656140873509458e-01
3.304973779217056096e-02 -2.375437291186265898e-01 -1.147491561005332394e-01
3.871366442018350090e-02 -5.774395403216876776e-02 -7.097516383346016977e-02
3.704246424881148941e-02 -3.798654747554393307e-02 -7.637380930148349178e-02
5.602181942012599003e-02 -4.129305092372891062e-02 -7.463637238830292397e-02
5.848587875393343460e-02 -6.059868404818781473e-02 -6.988453430821538193e-02
9.090725708169561381e-02 8.087009890222369990e-02 -1.021567665018694865e-01
1.039138253352910324e-01 6.577048708732073645e-02 -9.237930198797074388e-02
3.381853999096391672e-02 8.885762335594551975e-02 1.396287344792944141e-01
4.965535267779108697e-02 9.411732385404902868e-02 1.413678814938193473e-01
4.828295898713085010e-02 1.104292219687781490e-01 1.330493738193636588e-01
3.177546773883663245e-02 1.067676911755327390e-01 1.325739773963207635e-01
2.739636057984670692e-01 1.870271351737518295e-01 -7.111759423751953801e-02
2.818801360537860901e-01 1.723627994269593955e-01 -6.721794286690283005e-02
2.592666657204549807e-01 1.660087449042277896e-01 -6.447292161374719444e-02
2.534778625934410723e-01 1.745575630242904575e-01 -6.896425297392363984e-02
1.598607548041644233e-01 -3.459970418471715048e-01 -5.577137069500590766e-02
1.855729266264529165e-01 -3.289929408179234072e-01 -2.421273230103035065e-02
1.316298223517434196e-01 -2.418534089114973348e-02 -2.289465159174470729e-02
1.296793099267141147e-01 -4.076839551653069910e-02 -1.748592899236156573e-02
1.182297427904374226e-01 -3.726370345324869771e-02 -3.757264863469956390e-02
1.207664650455471111e-01 -2.111383982854483227e-02 -4.382597469439656473e-02
1.384262327894942857e-01 2.164770966219964343e-02 -2.651800687172910231e-02
1.333587770172334763e-01 7.732839584718514091e-03 -2.570534386690382853e-02
1.449793106938455645e-01 3.577427312955357847e-02 -2.838228307428090555e-02
1.993069480223284007e-01 1.411279741148314670e-01 -3.869263604219914943e-02
1.906087801807751780e-01 1.304886185792807074e-01 -3.463634425837201769e-02
1.891201132609570956e-01 1.329431239232727324e-01 -4.332408412189130836e-02
4.012536663688989064e-02 -3.900457563369228442e-01 1.141058356888433462e-01
4.938977829493167160e-02 -3.120195284842460781e-01 1.193133888239276685e-01
4.242730674666008589e-02 -2.976737280387846130e-01 1.212121445622166560e-01
-1.778246114358198187e-04 -3.401492141458010710e-01 3.304557040512557525e-02
9.258518195094363277e-05 -3.394434643185682554e-01 3.393733368714330761e-02
5.259062882378467974e-02 2.750054831860018201e-01 1.637187059136364226e-02
5.774409468096739634e-02 2.784075990748254292e-01 1.781127383591377599e-03
2.427513369855792691e-01 1.514788682231347494e-01 -2.820684783888413941e-02
2.257296967311463454e-01 1.516786134830949151e-01 -2.425394766568590363e-02
1.716178925921889031e-01 1.078749659214066209e-01 -1.875837948658622481e-02
1.812205977045701910e-01 1.180218147489991848e-01 -2.045411818842124418e-02
1.789622865857368461e-01 1.213689668970765329e-01 -6.116757336079392190e-03
1.699663919409945823e-01 1.107707677243464223e-01 -3.082058386487426197e-03
1.713708461526695093e-01 1.077250866444108002e-01 -3.181315559077837335e-02
1.813529478280462015e-01 1.171748766847047624e-01 -3.254063133841351985e-02
1.280629562009032996e-01 1.752475409288214991e-01 6.560077835535342572e-02
1.291689550613613902e-01 1.925717899689761980e-01 5.755097420484517334e-02
1.190305929012097641e-01 1.953381154923072849e-01 5.890814769346169183e-02
1.181843811690078128e-01 1.779823529998434961e-01 6.842449795164476378e-02
1.074120829200966715e-01 1.773690712807674541e-01 7.178859505453934198e-02
1.085428691859577632e-01 1.955785297207725815e-01 6.045443347810586232e-02
9.600112859517284658e-02 1.940801022691231448e-01 6.343792457016883546e-02
9.468173892343202669e-02 1.765493973710977327e-01 7.591370296424876374e-02
7.388303251772226909e-02 2.423295586875458818e-01 2.545232371908341673e-02
5.909295071606779359e-02 2.342151578108330190e-01 3.983389502209337685e-02
4.284653522581213098e-02 2.282259942846313894e-01 4.931280854431229627e-02
2.810972785577441416e-02 2.240814514300209781e-01 5.571335162732834329e-02
1.649200268007709400e-02 2.510085670555819992e-01 -7.917261714754460222e-02
3.658501855376897205e-02 2.545230396624724167e-01 -7.803788000055199292e-02
3.218706866242331682e-02 2.431101380408898782e-01 -8.385709165635497897e-02
1.557196142289184009e-02 2.399418006414237581e-01 -8.350115314002780342e-02
1.490364010716345444e-03 2.385479283591564470e-01 -8.275016212836103224e-02
1.096955382813531027e-03 2.491544583996296858e-01 -7.886549814276046233e-02
4.634319848432500583e-02 2.621906563541019364e-01 2.704366524715692138e-02
3.424825597327265519e-02 2.580670751727227596e-01 3.736616225697195898e-02
2.401198871807601332e-02 2.441009171706829128e-01 4.511763531334722632e-02
3.198027380830479882e-01 2.408138097540218348e-01 -4.070232275592375326e-03
2.958124711254198624e-01 2.409581210937887241e-01 -3.471630109010959402e-03
5.654454952207739471e-02 2.875895873249247892e-01 -2.983480592915239635e-02
5.914465586514783269e-02 2.834866724742687305e-01 -1.382167064971193994e-02
3.203153002929415294e-01 2.451118700106164894e-01 -2.040036705631716879e-02
2.961906530580086794e-01 2.454139169548589794e-01 -2.026739032836948062e-02
1.117554806267658518e-01 2.331070677713882877e-01 3.331519237325242244e-02
1.211033903041274229e-01 2.347563416262858083e-01 3.272902282760516146e-02
1.111775480797011217e-01 2.517818898974265029e-01 1.356907342490332007e-02
4.400820319730652797e-02 2.719555012782339243e-01 2.917179534650939793e-02
3.307898973720060920e-02 2.683439429318965619e-01 3.959025271819458652e-02
1.927238341015876932e-01 -2.980973318618024281e-01 3.029588613643137071e-02
1.827685443551453071e-01 -3.029729686684574097e-01 6.526007037333485250e-02
1.391221470451873832e-01 -6.310306810022954516e-02 3.534190611162425777e-02
1.345151683845035306e-01 -6.639327179144950686e-02 5.879013122120113621e-02
1.665352254452371434e-03 -3.318536291993662984e-02 1.478397660659196144e-01
2.335117638147542240e-04 -5.270761128724342492e-02 1.521745992453105156e-01
2.114079207572491792e-02 -5.287941824184630435e-02 1.514920744319342705e-01
2.340145267290217115e-02 -3.278281769031591436e-02 1.472114616156019462e-01
3.422577423065158858e-03 2.209683343808662229e-02 1.294579041222236881e-01
3.132966290667858322e-03 4.909660702263864834e-03 1.362425424410109998e-01
1.097679674705918408e-02 2.727069647081211134e-01 4.981764724638802072e-02
3.860636185754184879e-02 -9.604078354933046069e-02 1.532124498270304447e-01
3.987041218000069581e-02 -7.348034816988478768e-02 1.505063534830190786e-01
1.924008030349926707e-02 -7.460380184746583099e-02 1.545480805829425597e-01
1.758933794249760083e-02 -1.000289335895717391e-01 1.567592664062709695e-01
8.437809786778906890e-03 -1.244327338291970758e-01 1.620878403130927847e-01
6.979839544134783941e-03 -1.357321271574000454e-01 1.640025177629982622e-01
2.075575538396707068e-02 -2.856763949504430022e-01 1.344409645163299472e-01
1.013786723701744392e-02 -2.847898288564225666e-01 1.364307347471576393e-01
2.363877276905050340e-01 2.163903282670718575e-01 2.727413728661601949e-02
2.351301024329670031e-01 2.339458779824472312e-01 1.952297816805058026e-02
2.195268044189188639e-01 2.341303447022745343e-01 2.430680981863732673e-02
2.215153315232661624e-01 2.156964337084410488e-01 3.151124282573038171e-02
7.614028088112669013e-02 -9.278042538619869772e-02 1.334655517703195460e-01
5.746643584052935766e-02 -9.379771300424454006e-02 1.456942770851015756e-01
1.527041564728216783e-01 1.223319068973178630e-01 4.994626969512771381e-02
1.565526071007701525e-01 1.133485554679607293e-01 3.493991847467733253e-02
2.538951757027578873e-02 4.102578208923614300e-02 1.307213200113442608e-01
6.478053508446841857e-02 9.933264095348351419e-02 1.404860200025102590e-01
6.368949558563800906e-02 1.138250376357886062e-01 1.315391528692816392e-01
7.935942523768295398e-02 1.026710617702978751e-01 1.375831904881631707e-01
7.851070570969351237e-02 1.162475157605866311e-01 1.282154836227961392e-01
-2.530008704431610956e-04 -3.353644729616717113e-01 1.939157699869633461e-02
-8.812548142478483348e-04 -3.422346223318411540e-01 2.640837186645736412e-02
2.167120841368830042e-01 2.226152036821093250e-01 -6.361427830139652906e-02
2.189550737567006466e-01 2.140532673101941674e-01 -6.693839807691562283e-02
2.083214485554726880e-01 2.096523785834821796e-01 -6.681449452390719745e-02
2.061419062308638139e-01 2.195073622391610635e-01 -6.392588873327995080e-02
3.792268232015243937e-04 -3.989712984713854049e-01 3.364795729512715106e-02
-1.092821766579352708e-04 -3.833240187803965693e-01 4.343030201938090362e-02
1.740446883874721684e-02 -3.445612724673101646e-01 -4.198217730104491369e-02
3.692237931000582739e-03 -3.412896081443855256e-01 -2.850280215195461278e-02
-1.631517859682086178e-04 -3.367581305703872818e-01 -3.045807846882354203e-02
-1.332705682097844570e-04 -3.298060189797914488e-01 -4.348024812543673651e-02
6.163413339646695022e-02 -4.446044741135593559e-01 1.161623032472647865e-01
6.601119424105421352e-02 -4.155687040525780640e-01 1.228612605123661911e-01
5.861739182544196958e-02 -4.734753347021247172e-01 1.081519722004771061e-01
5.548756057601446356e-02 -5.022207613555665917e-01 9.945595126110501338e-02
5.302379048187313287e-02 -6.772602608753995890e-01 2.671221223522072044e-02
6.335938181204202324e-02 -7.035755346811415345e-01 2.688508365115651472e-02
7.161268565722841983e-02 -7.891442206250242064e-01 1.259124775929541633e-02
7.335957442844093235e-02 -8.212638733713485406e-01 7.634669692550756503e-03
7.538091243115710438e-02 -8.555127090354645025e-01 2.805898665373588504e-03
8.071147678858911489e-02 -9.237892183153986192e-01 -4.275523914669660148e-03
7.787472802149005002e-02 -8.907674483432939105e-01 -1.437880593376480651e-03
3.218581775918141763e-01 2.423994445273582043e-01 -3.632154401499502333e-02
3.245093699248020047e-01 2.351895641833647577e-01 -4.968159880511880538e-02
2.991275167737528218e-01 2.340220682983268352e-01 -5.186458944846454588e-02
2.958925864172098352e-01 2.423009863892862104e-01 -3.773653656958025904e-02
2.809788157534289788e-01 1.549681509280317060e-01 -2.056489996701035827e-02
3.024564406737442201e-01 1.564032718548305223e-01 -2.190260881439146795e-02
3.008777141810008438e-01 1.630018578037890353e-01 -7.983693541905057325e-03
2.786937726064147580e-01 1.623258343831076034e-01 -6.479384401246672531e-03
3.250785568264601966e-01 1.582136805321250339e-01 -2.340816230795755154e-02
3.039625746626732905e-01 1.540614481596410956e-01 -3.578460470144721739e-02
3.271244193507804043e-01 1.576878307913855415e-01 -3.691778403529020341e-02
3.301998153484218546e-01 1.824684228742496916e-01 -6.662990342103027042e-02
3.067309680483761847e-01 1.772921215177158671e-01 -6.732787220653231597e-02
3.037003321080085083e-01 1.924853141290329694e-01 -7.047359036968203760e-02
3.286953173415272378e-01 1.970968388575194963e-01 -6.918352161848738413e-02
3.264974857411901965e-01 2.243212777004440495e-01 -5.986084163914030115e-02
3.280176681568572894e-01 2.112535703579051793e-01 -6.667242843813132869e-02
3.033098824133639848e-01 2.085465098463551992e-01 -6.817821012533102631e-02
3.023057978573371885e-01 2.226479574912526294e-01 -6.145210339441357222e-02
3.215888109200203404e-01 1.849954749810422128e-01 1.170150631348878568e-02
2.977511723482754169e-01 1.849321833274530369e-01 1.342645125747977952e-02
2.990821922449842796e-01 1.729254676600122664e-01 4.205699955317492023e-03
3.225306080009122112e-01 1.726934292719570496e-01 3.037254793153630530e-03
2.341537301988504405e-01 2.475955066930863036e-01 5.059113391806591142e-03
2.183111358618375630e-01 2.490214377634422938e-01 9.665747934658909871e-03
1.782883159266763218e-01 1.550249222066050481e-01 3.389322112357885664e-02
1.909507720198349301e-01 1.632837605610513443e-01 2.468929749845222288e-02
1.928727832627269156e-01 1.741600751725541907e-01 3.824075588786938346e-02
1.779880457110549763e-01 1.690413059156950504e-01 4.465093680858556180e-02
2.719349237577242118e-01 2.305595307954567130e-01 1.299424518443849028e-02
2.731012458965210166e-01 2.426316551437617541e-01 -1.686321638175578962e-03
2.519199002699798462e-01 2.450195496894137515e-01 1.412933884273417625e-03
2.521066485632852405e-01 2.322847782734888122e-01 1.629747929394752270e-02
2.746721913086596634e-01 1.842624031080568048e-01 1.605440703569851676e-02
2.528552383443709584e-01 1.832683406491868450e-01 1.952529192848104916e-02
2.542229866615769995e-01 1.720567889341735601e-01 8.689417173726381866e-03
2.762139683537361279e-01 1.727322469864925325e-01 6.078489019145437260e-03
2.612087656726783669e-01 1.555755432258310589e-01 -5.509058243442657016e-02
2.834784149557905697e-01 1.603718030547822970e-01 -5.855940421912504690e-02
2.220452764617857899e-01 1.967307187319185524e-01 3.259612530484661680e-02
2.367042172309472836e-01 1.978646776474024815e-01 2.862416740079091332e-02
1.505680055446167176e-01 1.113455541744098054e-01 5.466283541031130566e-02
1.643974750445232058e-01 1.016976826170851861e-01 -3.686905076775123021e-04
1.604040820546180912e-01 9.190198095218775343e-02 2.011259989649864278e-03
1.296756753767324688e-01 5.750271256540241682e-02 1.127867971043956946e-01
1.300486038422696000e-01 7.250941710522652850e-02 1.161037195020567653e-01
1.552340651502245872e-01 6.940656695712384139e-02 3.124903113877600114e-02
1.529628551035697448e-01 5.380440527353862190e-02 3.772981739925635597e-02
1.343544416983345480e-01 7.323209393051524629e-02 1.094224609966007178e-01
1.360421495237775225e-01 6.333521715645230865e-02 1.047071925010930327e-01
8.559845388284645362e-02 1.577449083078050814e-03 1.125148505407378569e-01
2.559517487223327697e-02 2.341918841080651570e-01 4.876927192827496677e-02
2.527661979961500216e-01 1.982330134210411321e-01 2.450146407449230179e-02
2.527095173355313751e-01 2.157511562421773887e-01 2.351038835172737998e-02
2.368747096809548092e-01 1.673238009342187804e-01 -6.570012393473050050e-02
2.396688576368827539e-01 1.591923633435389229e-01 -5.966116535034918233e-02
2.229969354524089786e-01 1.545973105244789758e-01 -5.443315189405228266e-02
2.215456967028190671e-01 1.616934228886333924e-01 -6.136325693139025456e-02
1.240099768168869271e-01 1.056016841970846137e-01 -9.185539123558153496e-02
1.309209681761144828e-01 9.443921626308199313e-02 -8.334551862562654401e-02
1.182650259609666077e-01 8.034153140705503626e-02 -8.882324050908324553e-02
1.089948305946399354e-01 9.270496923067243766e-02 -9.868287425521243827e-02
2.173709570405935043e-01 2.378750397822406992e-01 -5.389040706105752143e-02
2.053809694676434483e-01 2.378761377144604228e-01 -5.339559379746892237e-02
2.076565293125199330e-01 2.462465644864232917e-01 -4.331931596859271705e-02
2.213277269645662904e-01 2.451988629472617032e-01 -4.483875561319502351e-02
2.112292528617302212e-01 2.529761920597180525e-01 -2.918476022854885055e-02
2.157543269373619621e-01 2.559207427358478060e-01 -1.037521294885078438e-02
2.317899758301958935e-01 2.534610461290786043e-01 -1.368991723684860606e-02
2.267098356386974545e-01 2.510916383228846138e-01 -3.164746221368872070e-02
1.874579550160136998e-01 -2.628158054608881744e-01 7.148966726395026249e-03
1.803837132944577926e-01 -2.610932975446004223e-01 -2.270298284548318696e-02
1.154093762854040417e-01 -1.425021867179002144e-01 1.131775411242773727e-01
1.319007303241435947e-01 -1.371124437956698083e-01 9.407265683162337189e-02
1.014186334086723956e-01 -2.307916339423274621e-01 1.243972466597264986e-01
8.428999849060786476e-03 -3.542600092738922846e-01 8.073302238408680553e-02
2.651707665679356452e-02 -3.454245465619488753e-01 1.043960254786149011e-01
1.895103767852858532e-03 -4.214485041866441462e-01 2.364932022211381837e-02
1.871295208698316725e-01 -2.651372597486000848e-01 3.612743433146284322e-02
1.172567782013885992e-02 -4.784689793172607897e-01 6.268721173305522379e-03
6.070428532421959927e-03 -4.494098647396304047e-01 1.450993523557010494e-02
6.195167675324538686e-02 -4.752425696386748388e-01 -5.243222091414428965e-02
5.704868750112392084e-02 -4.450593876705474239e-01 -5.222643996035478131e-02
8.758788237353359873e-02 -4.490966658685524027e-01 -5.687975958192196396e-02
8.916917722398955137e-02 -4.772079431657019200e-01 -5.647414198619252201e-02
1.167171472070993449e-01 -4.530008651470341374e-01 -5.149559560136345027e-02
1.162179722420578210e-01 -4.799871272863955318e-01 -5.088978273659762463e-02
1.038194977642856176e-01 -5.610985782535907740e-01 8.763665840269638241e-02
9.996272823580962252e-02 -7.726017694412016246e-01 -8.904003094113593919e-02
1.213859656109118890e-01 -8.064662687405667052e-01 -8.301976782379361097e-02
1.007899401798504346e-01 -8.070950513198905663e-01 -8.822225763749237670e-02
1.219647669132948170e-01 -7.707615592938061866e-01 -8.411414480285042683e-02
1.391811614820683274e-01 -7.384918929205481763e-01 -6.768624911383293308e-02
1.398643855775743294e-01 -7.709190017407377971e-01 -7.031172331872276304e-02
1.403915364350756811e-01 -8.146205780671469387e-01 3.965254085148123666e-04
1.017743944751071106e-01 -8.422696707556129869e-01 -8.406419387669569754e-02
1.202903243221425805e-01 -8.430500331440374806e-01 -7.897080672037747051e-02
1.385899366407701561e-01 -8.062088927299321250e-01 -6.977881791642795428e-02
1.351519862243298065e-01 -8.428836961826511320e-01 -6.739709643908023406e-02
7.446674357656222262e-05 -3.720811341487872403e-01 5.214497113341592938e-02
3.138090632284296164e-05 -3.279763246281881539e-01 -5.943133763489545640e-02
1.629967461881232926e-01 -3.120732625101266811e-01 9.878397920483253380e-02
1.642753660937709415e-01 -3.431216492116458960e-01 9.548448854726664103e-02
7.768489665101677155e-02 -3.134026189723347899e-01 1.264523714994850723e-01
1.056448618666454009e-01 -2.988874233869369124e-01 1.250326404507304534e-01
1.107787041827141689e-01 -7.274995760420494006e-02 9.718307511533688658e-02
9.440598437043419555e-02 -7.376319708448045298e-02 1.125115800796340493e-01
1.124028459665105117e-01 -3.528432368887569892e-02 8.745399769137360280e-02
1.116160349751867814e-01 -5.454867183666953917e-02 9.179854312952449857e-02
1.247996121538632736e-01 -5.178990767360210079e-02 7.424935526008281939e-02
1.251115449562388571e-01 -3.332728134143993215e-02 6.969696466605432295e-02
1.389607704864781468e-01 -2.874662342652912692e-02 2.514179935866468416e-02
1.382008448707395531e-01 -4.627671122197912768e-02 2.996223631401378346e-02
1.369123250107346090e-01 -4.373435026913893853e-02 5.605080270182280326e-03
1.379588844817204729e-01 -2.652387378244682944e-02 4.128229300977250471e-04
1.314202807518876637e-01 -5.704861964680685293e-02 -1.202971729047239494e-02
1.382826706462730038e-01 -6.032423523360845585e-02 1.105085145233590006e-02
7.359328066726221473e-02 -2.523571835950463860e-02 -7.401969122492708941e-02
7.411534367101803300e-02 -5.330227629377763329e-03 -7.963566597642506018e-02
9.095784625119224254e-02 -1.090165005795546566e-02 -7.162903470306143661e-02
9.014939527877353920e-02 -2.936420554965283800e-02 -6.528739416959748743e-02
3.175910314973084264e-02 -2.891293138089526815e-01 1.286368634160231506e-01
1.732457091717840751e-03 -3.551704523169742500e-01 6.032970900811086140e-02
6.985880576810733766e-02 -3.874737073062267667e-01 1.273221078152085572e-01
1.057412445376829241e-01 -3.547795701891366393e-01 1.314403365916459177e-01
1.373334127283824257e-01 -3.498779673919862887e-01 1.204865227693040081e-01
2.235225999391934060e-01 1.568951908558278707e-01 -1.266719287990128798e-02
1.551463197825066198e-01 1.226567708720500693e-01 -6.622059010048395034e-02
1.534910100500468388e-01 1.335770569124481721e-01 -7.115159094787609773e-02
2.497727392290549908e-01 2.504497379292530135e-01 -1.701301274997309501e-02
2.443907943246393932e-01 2.479150778000933919e-01 -3.474152785818825778e-02
2.349111076752982696e-01 1.822535617308862765e-01 2.377653741735286097e-02
2.060434993943518756e-01 2.341036142322619751e-01 2.882539783396009803e-02
1.932319915711169234e-01 2.143088214935511271e-01 4.146546163107037858e-02
2.075768909292821374e-01 2.144164332012034602e-01 3.642932890345874919e-02
1.285330775096171496e-01 -2.396825461220504216e-01 1.084038348186632250e-01
1.315865222401167989e-01 -2.621109866952611722e-01 1.104952647460405724e-01
1.558196591769449302e-01 -2.526085506381109957e-01 9.357416001019180918e-02
2.198320532203759605e-04 -3.416361692344372925e-01 -1.272995568250879193e-02
1.158431943787931401e-04 -3.360091822962316677e-01 -1.994266807494569915e-02
5.148179253054965820e-02 -3.300348920222169746e-01 1.201917260760970441e-01
1.978685884076952783e-02 -5.334043232689290592e-01 -9.052377026103522462e-03
1.629731127962270876e-02 -5.067422380303695517e-01 -1.186701085511897118e-03
2.226478434453698502e-02 -5.586810249744377233e-01 -1.699261925142574181e-02
2.480168291940548081e-02 -5.836251195914056167e-01 -2.532100083546217489e-02
2.778591294421333194e-02 -6.092775625210239410e-01 -3.344444854638329440e-02
3.398605060945915357e-02 -6.354789037920596240e-01 -3.906375937787293084e-02
4.242245407871474139e-02 -6.626600201638030985e-01 -3.886328728965264545e-02
4.678232519000405376e-02 -6.906470619792672849e-01 -4.321409012795475457e-02
3.939830682906624026e-02 -7.523625241037236178e-01 -4.114514624171299734e-02
4.650160698569110601e-02 -7.194011508558051382e-01 -5.201340280387885262e-02
4.617152314505725691e-02 -7.495885872386726101e-01 -5.853388363924607457e-02
4.731047805734969053e-02 -7.808521503839183087e-01 -6.253527232451984441e-02
5.578477789740065446e-02 -8.465298090665861475e-01 -6.161007397158726334e-02
5.008050600572946237e-02 -8.129428784212683334e-01 -6.351669973263061875e-02
6.140196532707456467e-02 -8.807190404389146909e-01 -5.933120532779270068e-02
6.477971940860498268e-02 -9.149082800361763024e-01 -5.728705816816642704e-02
-1.030609036871361905e-03 -3.390199137631357829e-01 1.314231193303433583e-02
-8.130617854199739727e-04 -3.408171893705385647e-01 1.251369258965658168e-03
1.008990796925468558e-01 2.315200346499094175e-01 3.364052942738215285e-02
1.665463651116279031e-01 1.170857215097309834e-01 1.406626354094296129e-02
1.749566395963718657e-01 1.269587096262019543e-01 9.994389698126512553e-03
2.197508192422211182e-01 1.809550850114208520e-01 2.768842495439455265e-02
3.702458079991373819e-04 -3.227380084846854791e-01 -7.563649587431359178e-02
3.617349584840354702e-04 -3.145056824711385812e-01 -9.011068471085920129e-02
2.791312419843045012e-01 2.192881902447084974e-01 -6.406493133672162832e-02
2.747273630447426007e-01 2.319885095436135247e-01 -5.537985251425880245e-02
2.340160338526909578e-01 1.719344180675901335e-01 1.135792132000626627e-02
1.807386851731201671e-01 1.464478186517526592e-01 1.908431894796590311e-02
1.907744383653749709e-01 1.564670676504076596e-01 1.055561605358054308e-02
5.139010451554191228e-01 2.414773216360855956e-01 -1.897582449102077837e-02
5.327886481759377402e-01 2.377507959719852293e-01 -1.895687011447523551e-02
5.327317367656524416e-01 2.422269070300517302e-01 -2.967619900323395857e-02
5.133381799321229400e-01 2.453331923636011824e-01 -3.070229648451542129e-02
5.133603886301607577e-01 2.327188727418491310e-01 -9.874408357732122887e-03
5.318787955247004096e-01 2.290146049670786776e-01 -1.100908403400528007e-02
5.090587889773068309e-01 1.759266905966850869e-01 -2.686882771712748377e-02
5.285582528239830546e-01 1.773079194926116542e-01 -3.125134879098601798e-02
5.279519144410237397e-01 1.849362794459933623e-01 -2.039582509976465771e-02
5.084753375052969426e-01 1.844722995039831948e-01 -1.624127655053756586e-02
5.486078834191997489e-01 2.148367580213352279e-01 -9.134230910322534494e-03
5.304349376074081190e-01 2.178437429229034550e-01 -7.017876696115401582e-03
5.287588571759160860e-01 2.057398849241427186e-01 -7.735280910529620212e-03
5.473046276628614759e-01 2.038228081349062193e-01 -1.075693289175877650e-02
5.096340262065651716e-01 1.757784430728934477e-01 -5.481558646955712877e-02
4.905991299764964064e-01 1.723706828910902822e-01 -5.093291027041971231e-02
4.900818048079046418e-01 1.805848851373746400e-01 -6.187498366357477991e-02
5.091034291295996050e-01 1.845060981973835335e-01 -6.447193013851820753e-02
4.296933868587622940e-01 1.792166945777870224e-01 -5.398950841103066119e-03
4.141553703687827492e-01 1.817052034259918902e-01 -3.083976283966854580e-04
4.164878454040182310e-01 1.708095770273597713e-01 -9.269984365376562549e-03
4.320704185404208308e-01 1.691098856412911744e-01 -1.530563870417817225e-02
4.749202161249140297e-01 2.492844534464346562e-01 -1.887359602878959167e-02
4.945373252247680096e-01 2.452274704619260837e-01 -1.869121261631359610e-02
4.933983499546681917e-01 2.479238375312524667e-01 -3.156629955375190449e-02
4.730255169375882085e-01 2.500403773666380891e-01 -3.266797145118166545e-02
4.706067332872214681e-01 2.130818948571639171e-01 1.611507078652275752e-04
4.493812746848799833e-01 2.164890868379569511e-01 7.861141338596413369e-04
4.477098443585497134e-01 2.013381975028638859e-01 -4.094446884455705355e-04
4.686269086858488309e-01 1.981473954675117277e-01 -2.401033032614369872e-03
4.523592366000265264e-01 2.510234867869981512e-01 -3.427340623270391795e-02
4.544830506615084587e-01 2.527550893189280945e-01 -2.042920526337911602e-02
5.100137485159286221e-01 2.079419350365059038e-01 -4.676890328962719431e-03
4.907190209580888363e-01 2.102314386888839703e-01 -1.819863740101031798e-03
4.889362731258113381e-01 1.964590666375558292e-01 -5.122741444238110807e-03
5.086217911284038884e-01 1.954043491302907554e-01 -8.809726287403661996e-03
5.473388452059025910e-01 1.827984366887587808e-01 -5.846698907141360119e-02
5.285964015784428982e-01 1.793210840505795045e-01 -5.726577465944524686e-02
5.280142232366262789e-01 1.882297219248546538e-01 -6.566824337388581234e-02
5.469336342110363569e-01 1.917829422569946596e-01 -6.567893548584480268e-02
5.468088064621631217e-01 1.941088704341822346e-01 -1.627438090387911887e-02
5.278081416887411281e-01 1.946972666109675343e-01 -1.261621373784708837e-02
5.469927173941444565e-01 1.855731527855759566e-01 -2.434612987672170673e-02
5.504027738838975781e-01 2.350958148182649421e-01 -5.170765082204707014e-02
5.304707053816068996e-01 2.359872622547251053e-01 -5.461993026530937573e-02
5.316259313774058803e-01 2.410199585647158638e-01 -4.202115071094511545e-02
5.511182673985501879e-01 2.389604551771146168e-01 -3.992254318539928404e-02
4.691076124042605211e-01 1.753877567856508279e-01 -1.726930072929450458e-02
4.891846423276293709e-01 1.753180670751031955e-01 -2.221278687957964348e-02
4.885705816907555121e-01 1.843650604957533801e-01 -1.208455553376015269e-02
4.682852059453305738e-01 1.852094514715628415e-01 -8.212787730793022489e-03
4.745847270522440819e-01 2.409975856941427297e-01 -7.539723727753393917e-03
4.941907916228379660e-01 2.365821916050184770e-01 -8.722965362634409539e-03
5.102756900689754405e-01 2.363320323082620800e-01 -5.712890466039895199e-02
4.899293444496709560e-01 2.357004273345175427e-01 -5.892683684345572520e-02
4.914609001301106783e-01 2.442715948867365539e-01 -4.565738971633985510e-02
5.117211016466569617e-01 2.429467253504838109e-01 -4.395145940150651381e-02
4.691781531637721492e-01 2.195162176022318057e-01 -6.734671451328469449e-02
4.889473404415768942e-01 2.225034165071984593e-01 -6.721482284857502321e-02
4.886277764364274079e-01 2.072425892675615056e-01 -6.962600682656261419e-02
4.690108380389292897e-01 2.034125717230493569e-01 -6.824259899831576492e-02
4.506213554355348316e-01 1.685072069570782149e-01 -2.321481241440689208e-02
4.489261051751616272e-01 1.766075952376137959e-01 -1.129789635320742336e-02
4.712758249610576877e-01 1.694655278822576050e-01 -4.558966012099146398e-02
4.520912598560338780e-01 1.664775520264085706e-01 -3.882970360884095001e-02
4.518539853509178639e-01 1.727896484349574491e-01 -5.252536408289448094e-02
4.708728136145086118e-01 1.768782868569967470e-01 -5.791644730857165024e-02
4.151152708731733476e-01 2.375069267799408690e-01 -2.443924337531146792e-03
4.311434370584313891e-01 2.356714807944925993e-01 -1.364855357130784251e-03
4.330401200630203395e-01 2.482618505380710383e-01 -9.690542819698517302e-03
4.158850531248674542e-01 2.490920967375023221e-01 -1.216225585963346539e-02
4.332956850104861535e-01 2.539435279893971220e-01 -2.282492750614997790e-02
4.154807636006110916e-01 2.532567469812911920e-01 -2.621996001757075784e-02
3.889478912066298699e-01 2.439506390218950382e-01 -4.375820545874407191e-02
4.006240679593587872e-01 2.455886781496731397e-01 -4.228786152675655108e-02
3.989761870362558693e-01 2.338349006279580866e-01 -5.011400231807271177e-02
3.879505715749000938e-01 2.327934668487949554e-01 -5.179485726714022631e-02
4.316273077274258574e-01 2.091850750981472107e-01 -6.691931974168011110e-02
4.498608176414628512e-01 2.150966413510233821e-01 -6.737804606639537230e-02
4.498787259719366216e-01 1.981595574368898438e-01 -6.616566774138872564e-02
4.313246231659592644e-01 1.922944778048356340e-01 -6.358234437684069651e-02
4.169361546365390470e-01 1.739080756203152667e-01 -5.264948909174857472e-02
4.322686157877296265e-01 1.783481465252280684e-01 -5.723601739763279489e-02
4.339823075064406233e-01 1.684261500654666288e-01 -4.669819789369475393e-02
4.193942874996475223e-01 1.653444004663743028e-01 -4.062737175985775551e-02
3.666257531942223036e-01 1.648727728613686438e-01 -3.975426261350807622e-02
3.811762938013770197e-01 1.667715222699031885e-01 -4.047077620510201174e-02
3.806506524038502648e-01 1.628956900864665658e-01 -2.739798849901068506e-02
3.657728077743050976e-01 1.622113267447860552e-01 -2.679914100813445346e-02
3.772508099507115853e-01 1.732125932779441657e-01 -5.071379286000156274e-04
3.767620596468311267e-01 1.850513387375231078e-01 7.836341768212712333e-03
3.621360891159882134e-01 1.851029609409371168e-01 8.808737669139133503e-03
3.626821639586151891e-01 1.730783683881483015e-01 2.090983152653427043e-04
3.653245368523340142e-01 2.416314628372260020e-01 -5.641090563786841511e-03
3.786443197002961614e-01 2.414933322438036489e-01 -4.626746741392044268e-03
3.780723060832849036e-01 2.490216700375612047e-01 -1.911872986357514292e-02
3.648478917250007614e-01 2.476352939025343869e-01 -2.125571774973272071e-02
4.168325512851371872e-01 2.035953698888143260e-01 -6.596746833480972294e-02
4.140457480708668037e-01 1.863626313002990920e-01 -6.071034093169231510e-02
3.902316100968086787e-01 1.728001612377605967e-01 -2.195889714501009921e-03
4.029555210874263271e-01 1.718939316863982159e-01 -5.006540052457555089e-03
4.014167132842447749e-01 1.831043706143051508e-01 3.564189306323386520e-03
3.891547971799291239e-01 1.844290035356356272e-01 6.127236579240363454e-03
3.877170933384960771e-01 2.127615638392957031e-01 7.781871475628263438e-03
3.998192970361053034e-01 2.106376443534213883e-01 5.588455354947487186e-03
4.004015364515642883e-01 2.250623899237275405e-01 2.904544345719969368e-03
3.894120313284953894e-01 2.270366008339564368e-01 4.112371050524530822e-03
3.895971654727868327e-01 2.405632511981420918e-01 -3.731141053187638640e-03
4.014133069394246744e-01 2.392756029228782777e-01 -2.811617797415906072e-03
4.016000934418985646e-01 2.495844424920125038e-01 -1.427149628839194558e-02
3.895171544285818133e-01 2.495863906968200374e-01 -1.636914929238050126e-02
4.071865627521019659e-01 2.017131462380963303e-01 -6.456245306336379219e-02
3.989188954633732243e-01 1.986965735592933213e-01 -6.391573981288597994e-02
3.973141406873737513e-01 2.107531244089813349e-01 -6.167662701385751706e-02
4.057950505771986127e-01 2.144208319345968228e-01 -6.189077579774084070e-02
4.067045024401045317e-01 1.638292706453776948e-01 -3.432257471241417779e-02
4.051825813411110144e-01 1.711901813468939548e-01 -4.657339655043193916e-02
4.132787647047139190e-01 2.079769574745174154e-01 2.828557293449894365e-03
4.006489981972335412e-01 1.965947190548409385e-01 7.146010683775026566e-03
4.134182014348724010e-01 1.944001490879738725e-01 3.617134232895285670e-03
4.012966713417348008e-01 2.520254195171441891e-01 -2.863205469344702603e-02
3.676273301671107441e-01 1.704767135540137535e-01 -5.018864671866703903e-02
3.517043265700730004e-01 1.668714409830045764e-01 -4.971884457126550527e-02
3.522087259873311615e-01 1.749091263726599843e-01 -5.899425022397956214e-02
3.678276983571475145e-01 1.782287625047568325e-01 -5.884033164161688034e-02
3.503808997948837378e-01 1.620730074652841912e-01 -3.843920830784553627e-02
3.485737927702829975e-01 1.610341492616081394e-01 -2.551862897558967655e-02
3.443412273286870495e-01 1.852136929659402298e-01 1.007935466880235248e-02
3.451513299695788128e-01 1.729047672461636598e-01 1.545240281323704591e-03
3.439785211240283247e-01 1.996735708274119114e-01 1.437634028950773857e-02
3.621175498557269723e-01 1.997536602027117636e-01 1.250089114280126222e-02
3.618264039460528103e-01 2.147051840119063859e-01 1.116537101962606846e-02
3.431859632280815364e-01 2.146475190007564871e-01 1.388279860517836924e-02
3.435709155133987447e-01 2.410668000069602079e-01 -4.985701500433493624e-03
3.443923627229683593e-01 2.458163091913848908e-01 -2.084474129012961127e-02
3.649651996428560641e-01 2.456508282185660974e-01 -3.551175175069305745e-02
3.460936420827116500e-01 2.434152569516164488e-01 -3.609521585049108028e-02
3.790458648448307155e-01 1.652624489378681227e-01 -1.293948153675774509e-02
3.922230276790793502e-01 1.649831702169387015e-01 -1.475470809681126913e-02
5.090693697659984807e-01 2.245362545564930923e-01 -6.618742569848964918e-02
5.292479948055828221e-01 2.259282743246628644e-01 -6.405286370207755042e-02
5.281302122868680726e-01 2.128880958972486914e-01 -6.864818646496746724e-02
5.083754670270012044e-01 2.104499028283078887e-01 -6.980808754835043928e-02
5.276911814195276440e-01 1.999479151819035239e-01 -6.930879456280800155e-02
5.469131203441807143e-01 2.029794876994821806e-01 -6.811737288258526424e-02
4.928113871263957724e-01 2.243080376760190897e-01 -2.749357228759864366e-03
5.119619899727770873e-01 2.211383687906776918e-01 -4.826496984914979867e-03
5.499796576019712058e-01 2.255336834794724188e-01 -1.178971654374987368e-02
4.139730802868440418e-01 2.224247340358180003e-01 1.372018421488510999e-03
4.292293517143230264e-01 2.199727780112958331e-01 8.290668750845922932e-04
3.874022277636006151e-01 2.204928209496522795e-01 -5.710473464701863039e-02
3.773982309602172958e-01 2.186936778192339059e-01 -5.953752350598752463e-02
3.771398489793955089e-01 2.309932767267385278e-01 -5.367006206503802807e-02
4.160001299573953815e-01 2.201510157703459314e-01 -6.153987816778516695e-02
4.122026392942075845e-01 2.336864126820751009e-01 -5.029505866148507864e-02
4.311771999872890948e-01 2.399694156830174951e-01 -4.867692735960488237e-02
4.311478872236100268e-01 2.268734443355189256e-01 -6.095778274730140334e-02
3.899545864638794268e-01 1.954955646282499071e-01 -6.351057680879154677e-02
3.798900177193871297e-01 1.925079237245793939e-01 -6.409250203568607474e-02
3.786343261551372574e-01 2.058399974348633921e-01 -6.381516947976483001e-02
3.885114166668031110e-01 2.082944106269365436e-01 -6.229661301985958688e-02
3.636173751675964572e-01 2.294642894590858961e-01 5.763733916560258297e-03
3.778008675352894086e-01 2.285029698669407139e-01 4.836459640417268245e-03
3.492160613479108888e-01 2.262231319397265406e-01 -5.789259613310775154e-02
3.486252935539374542e-01 2.363864899599143754e-01 -4.870667195909281211e-02
3.653742354527975134e-01 2.390294899910497817e-01 -4.682378499378781617e-02
3.651444565697145039e-01 2.287731431181696251e-01 -5.543877780110003511e-02
3.776295371396900524e-01 2.416116489891808050e-01 -4.533589737535065334e-02
3.497968112470703494e-01 2.138194924406092157e-01 -6.449683351199932135e-02
3.655951592112068327e-01 2.165473870891838626e-01 -6.176358601412514082e-02
3.429695499321427921e-01 2.294630658189737160e-01 7.559253719599367226e-03
3.673373137976165270e-01 1.897754241916197737e-01 -6.451644361726058263e-02
3.515726770009787172e-01 1.867277628433546555e-01 -6.541334314707672459e-02
3.507246232562850063e-01 2.004471104778974833e-01 -6.715032345976537642e-02
3.665277785170565350e-01 2.033033777418734867e-01 -6.525787911527000662e-02
5.083464003920455943e-01 1.966415973952756746e-01 -6.925667911411477473e-02
4.890246093208732714e-01 1.930120148700492644e-01 -6.791097720300244556e-02
4.191888628672110206e-01 1.637439312273254732e-01 -2.395170788446532653e-02
4.341375598302930627e-01 1.642223243886684891e-01 -3.104514080304085141e-02
4.055079369677514478e-01 1.643692200538255377e-01 -1.833102845365618822e-02
5.097067933223686786e-01 1.724743500876034508e-01 -4.116987164155869183e-02
5.288778060416549076e-01 1.751036169181977020e-01 -4.490289733109249781e-02
4.704381920657125238e-01 1.689868905285207279e-01 -3.035038804065791351e-02
4.901242909348776933e-01 1.705182352318528050e-01 -3.616134258374401056e-02
4.697283552250643979e-01 2.342371116545280685e-01 -5.978247376494508214e-02
3.926688857494584628e-01 1.761007469878556608e-01 -5.162702288399261680e-02
4.026137658304853040e-01 1.794729662453019570e-01 -5.504811303002916240e-02
3.936960868977705807e-01 1.688249113683620850e-01 -4.247359820876338288e-02
3.463115877340333659e-01 1.647186070538534386e-01 -1.091121518150687392e-02
3.641362265412955157e-01 1.651570407296324705e-01 -1.244783555911269449e-02
4.060927098104373245e-01 1.914173538443691980e-01 -6.274301490146209914e-02
3.233741069847747562e-01 1.636964466038419996e-01 -9.426955829944870524e-03
4.140343550339268819e-01 2.475577688910799989e-01 -4.042105750030008243e-02
3.779066704751496975e-01 2.485400829429293690e-01 -3.338380957762450418e-02
3.894429224124958400e-01 2.505032497660691360e-01 -3.094755792403582062e-02
5.515498601020354386e-01 2.393980795959330110e-01 -2.825477687797743609e-02
4.728520703717810636e-01 2.278608367310307192e-01 -9.938172435677967119e-04
4.281167257287034067e-01 2.046851613030092332e-01 8.034904238612470108e-04
4.284437237409413068e-01 1.912037494127216131e-01 -3.122456046662405293e-04
3.814287091739107516e-01 1.731215845935668018e-01 -5.047551544908174259e-02
3.810292969456245959e-01 1.808119236279384923e-01 -5.878495119394871321e-02
3.912600353436367362e-01 1.839266000424523984e-01 -5.929441537136974361e-02
3.763226513999226031e-01 1.995443991108301618e-01 1.107645227576855261e-02
3.755101350802428350e-01 2.142906601248536491e-01 9.403693459939769725e-03
5.476197987357100949e-01 1.781387184894196729e-01 -4.751667880756202389e-02
3.885429304938878281e-01 1.984458275271272776e-01 9.624932405634572044e-03
4.319162239791918823e-01 2.499540148317095922e-01 -3.699964436519160432e-02
1.698953078428250621e-02 1.966867227105529026e-01 -9.512923018751466564e-02
9.007305867654441522e-04 1.834414039805555563e-01 -9.490792533533207176e-02
1.135717694605268982e-03 1.954480801607537122e-01 -9.277447791692532142e-02
1.483098091243413019e-01 3.998668893314834966e-02 4.432502228754069823e-02
1.119156262651827966e-01 1.705450371671084209e-02 8.685620897700439824e-02
1.252213818380268628e-01 1.950757477288005484e-02 7.207824614975519295e-02
1.607480155942226652e-01 1.072781891058652848e-01 1.759078815790501849e-02
1.570906123348316807e-01 9.614855948763598170e-02 2.131581234615926787e-02
1.944350479961201861e-01 1.497747648092027650e-01 -2.819891885021419582e-03
1.847566846441938138e-01 1.389809333615970033e-01 3.703638952470660918e-03
1.524308625694719144e-01 7.565889482983524650e-02 5.207678426741649963e-02
7.314960213410837131e-02 4.205477091215983343e-01 -1.035342298738282062e-02
7.141639364840481063e-02 4.140699670393299114e-01 -1.293387171777863991e-02
7.575963019459361347e-02 4.331983604441822511e-01 -1.080762853590229097e-02
7.192272937604211706e-03 -1.122468161935665787e-01 1.588230037584719423e-01
-5.672901291805599808e-03 -1.368908041735554804e-01 1.628479835471277337e-01
-5.624099584731167591e-03 -1.481514982768060151e-01 1.645438533202058795e-01
7.345872621039856165e-02 4.054163952553418993e-01 2.640938744051838597e-03
7.151077198872002327e-02 3.994077033436684854e-01 -1.100443375960331220e-03
7.537512649701169631e-02 4.023509851211181099e-01 1.294791779774472637e-03
7.340673720659889046e-02 4.072735535176469912e-01 4.734991134024785220e-03
7.307738109373075608e-02 4.063490836625239244e-01 4.382115069788009368e-03
7.665132788110930184e-02 4.355339474602641370e-01 -4.839152023745830924e-04
6.927431667659325609e-02 4.063233392880307160e-01 -1.348615579474089256e-02
6.705184648443288098e-02 3.973510249678369188e-01 -1.194530199482056292e-02
7.466640893772566456e-02 4.221879609115210541e-01 4.674441078635891735e-03
4.778186959280634333e-02 -1.202504671838160871e-01 -7.342353880008310740e-02
5.290076635444477399e-02 -1.380175521046649589e-01 -7.980900962071961480e-02
2.722435616863855615e-02 -1.378476766127270658e-01 -8.146185670536720824e-02
2.393008042555339054e-02 -1.206763622226717514e-01 -7.398879549339237860e-02
-9.948986772551161113e-05 -1.526523338790061746e-01 -8.859834839158103881e-02
-9.112833418890365408e-04 -1.357922550679917240e-01 -8.157529528364533544e-02
3.115990741607236464e-02 -1.570358309536519781e-01 -8.925319426639863329e-02
1.501183699343452693e-01 -1.881788327336608724e-01 -5.915676141607049271e-02
1.464411680540897154e-01 -1.664677736419585552e-01 -5.619753731248292722e-02
1.620259603392827652e-01 -1.640623430702929098e-01 -3.305045644165155450e-02
1.660881986890461182e-01 -1.848397137578995930e-01 -3.491745435027449052e-02
1.655826472504516311e-01 -1.480507378419060882e-01 -6.113877245915958804e-03
1.717522868611766340e-01 -1.642134585520803047e-01 -6.096776971957712163e-03
1.549741065110068761e-01 -1.466618782243612473e-01 -3.094968363240678186e-02
1.692739967136014656e-01 -1.515237620919042683e-01 2.200004388777684894e-02
1.746735836576578660e-01 -1.682040583575353798e-01 2.238306973408354938e-02
1.657915731608856358e-01 -1.572011080335844468e-01 4.932874567957508394e-02
1.708769919091961964e-01 -1.753664005453524355e-01 4.951006236620505985e-02
1.612055536341547302e-01 -1.833635079406665258e-01 7.368247081866999282e-02
1.454116860911886799e-01 -1.914150454539875201e-01 9.552447964305293970e-02
1.268819180807431168e-01 -2.192724691053473951e-01 1.109775325521833444e-01
1.249449455012340560e-01 -2.004012043250995301e-01 1.138047801701290579e-01
1.021322813200916529e-01 -2.086263208483827569e-01 1.284103609564079540e-01
7.762201320237067936e-02 -2.158798465460005367e-01 1.407794193048700349e-01
5.440588271635276446e-02 -2.211408003179725357e-01 1.498691719957341850e-01
3.367826298604723739e-02 -2.242379871143150571e-01 1.558595955009941803e-01
1.475619865141093723e-02 -2.257334898157716263e-01 1.589559559713524528e-01
-2.099187836167333478e-03 -2.262895759741229695e-01 1.585806340883670895e-01
-1.140831679060757631e-03 -2.485899385834783315e-01 1.518217662179847938e-01
9.779751080599664859e-02 2.125764143776266712e-01 5.003149788069865406e-02
8.108596578636143026e-02 2.676466440772409805e-01 -5.649645197918839318e-02
9.697944991956711225e-02 2.697465351813724821e-01 -3.550182376396920220e-02
8.983419917298088309e-02 2.645006004113825138e-01 -5.647449765428001756e-02
1.119699147794219612e-01 2.177248123973776484e-01 -9.110789064376215163e-02
9.398149549092733868e-02 2.104109208744249782e-01 -9.870317759600411023e-02
9.433316578060743640e-02 2.256231024292095488e-01 -9.140430434804455717e-02
1.118849827352118159e-01 2.349732387818374846e-01 -8.096201916708178903e-02
7.200835339698169468e-02 2.588897080526323391e-01 -6.996775945575867128e-02
6.683218553452212329e-02 2.615359700940607102e-01 -6.897500801307383800e-02
7.824517145865313161e-02 2.547538266196091583e-01 -7.225424913542552452e-02
6.420222670930404718e-02 2.454032140430081610e-01 -8.198908979325887636e-02
4.792900641877556600e-02 2.381911986604775544e-01 -8.628189321987711491e-02
1.321854798591493019e-01 2.638088799347130253e-01 -3.053686860949627463e-02
1.434824489804973624e-01 2.626360471109851491e-01 -2.512849827004064521e-02
1.432415786954087111e-01 2.534047984263474995e-01 -4.602093057900225742e-02
1.340953523302328976e-01 2.541593979088792588e-01 -5.155924339706095816e-02
1.387850794237504848e-01 2.097230686675280176e-01 -8.216061601207126641e-02
1.481027410212518713e-01 2.122224276139862975e-01 -7.642248195753914564e-02
1.490108564164950578e-01 1.979226922372278874e-01 -7.988074388038386708e-02
1.388083309843474167e-01 1.944795979185846013e-01 -8.600208091797309495e-02
1.782902090848395849e-01 2.588858255268669528e-01 -8.599263070438470380e-03
1.904500143861364292e-01 2.578982403388377920e-01 -7.500403942016261108e-03
1.864860058992606484e-01 2.546003882641091343e-01 -2.755137271564315343e-02
1.752681507336339983e-01 2.539702493058399457e-01 -2.941185481086928608e-02
1.465415794769929503e-01 2.268651991012725910e-01 -6.969026570249400865e-02
8.316165933078568939e-02 1.004392133957915240e-01 -1.087329477111633191e-01
1.020041294395358789e-01 1.081938383412883731e-01 -1.047502427263173469e-01
1.180349125234427671e-01 1.173971481790264670e-01 -9.862772150502599477e-02
1.520579094375427986e-01 1.448680123986624824e-01 -7.477360947935547675e-02
1.444529397131266157e-01 1.248959416836450120e-01 -7.712052618454985631e-02
1.424246489106931746e-01 1.373843715323229964e-01 -8.106277680899783011e-02
1.625322027420907367e-01 1.520369867509606954e-01 -7.049284580569509240e-02
1.711076586610797423e-01 1.567906575719896778e-01 -6.687090108924495513e-02
1.776608825235083400e-01 2.156121458937171331e-01 4.522583776692058743e-02
1.777654718672586898e-01 1.908968401842243701e-01 5.024794011925656084e-02
1.933050107141648377e-01 1.923616541204363761e-01 4.366637654925700079e-02
1.918204205283840502e-01 1.649413875371576188e-01 -6.198894940079777843e-02
1.931630097209322550e-01 1.600835710706288439e-01 -6.030692212875927993e-02
1.832768374292147728e-01 1.525075606460327138e-01 -5.887215546144124872e-02
1.815608677101153978e-01 1.579926074127828428e-01 -6.088340191213528069e-02
1.215352822362347068e-01 2.650584613260297262e-01 -3.485345802546454402e-02
1.847217039946109363e-01 2.449896716571263455e-01 -4.268836142800622874e-02
1.820304833002362732e-01 2.357299571460946264e-01 -5.375033728770148289e-02
1.720884053241303890e-01 2.328917060875544953e-01 -5.499936417367131541e-02
1.737231511063112854e-01 2.433028825808274676e-01 -4.440909808474501758e-02
1.828701014322657581e-01 2.240397782033788365e-01 -6.075860746981343735e-02
1.844485910493458558e-01 2.121591717007341171e-01 -6.509819435429035905e-02
1.747234363551478653e-01 2.085738945818033652e-01 -6.694262641266315872e-02
1.732866037853270647e-01 2.205534963579877383e-01 -6.258583894871114217e-02
1.909819582555017381e-01 1.712020245474370761e-01 -6.367274432349182001e-02
1.794700692063120329e-01 1.645754556708887706e-01 -6.340619104601914746e-02
2.049760033289342864e-01 2.505205233775704143e-01 1.264870163313347277e-02
1.538612529301712772e-01 2.612314524629811840e-01 6.385795981461846356e-03
1.418969739328856949e-01 2.633356775755766321e-01 3.129623714667246386e-04
1.393156924723827073e-01 2.520013199312244323e-01 2.403412897252203001e-02
1.503362240902682279e-01 2.477608363993742679e-01 2.880284179259496799e-02
2.075127164417475967e-01 1.554432821716952018e-01 -9.230222169663482648e-03
2.102830758682330825e-01 1.507693837114042756e-01 -2.107217137959958159e-02
2.115342613808357808e-01 1.472101833173047880e-01 -3.266200498666455010e-02
1.866020253000757467e-01 1.382678549148909919e-01 -5.133735278686117620e-02
2.117114864253081541e-01 1.468123756289318738e-01 -4.254616859556022840e-02
2.056582420626163477e-01 1.778373847391588047e-01 3.190698208294180660e-02
2.080021931450355688e-01 1.943060201547148202e-01 3.732197308047616180e-02
1.376691519883940784e-01 2.306252432099356597e-01 3.930883132361819021e-02
1.487410232780652930e-01 2.255093190818490967e-01 4.301087002645781476e-02
2.023242613805811552e-01 2.571404332109278879e-01 -8.509476683238804268e-03
1.979729874061659789e-01 2.539913995434978644e-01 -2.815222200683710832e-02
2.163732446446158530e-01 1.715256471331450261e-01 -6.665866043493973159e-02
2.055435163983287683e-01 1.653600407316000998e-01 -6.290609987762295352e-02
2.036686790011793535e-01 1.700115932562767940e-01 -6.469812995057222516e-02
1.754862715800945827e-01 1.310072547201633075e-01 -5.540745076741081243e-02
1.840599624707722204e-01 1.460776299443596049e-01 -5.636494851088613700e-02
1.549279183881661359e-01 2.615463148646566260e-01 -1.905856375109753892e-02
1.932352206545314421e-01 2.364128566192627567e-01 -5.390090595703631027e-02
1.951334277908260972e-01 2.459317629818380535e-01 -4.312726975659977174e-02
1.648230911676836496e-01 2.174569879841722897e-01 -6.610007125491552948e-02
1.566080284984823767e-01 2.146033954030142910e-01 -7.101232007233262977e-02
1.545036340274725528e-01 2.281333579794645738e-01 -6.440583486887288545e-02
1.628446272465655376e-01 2.300292052948964550e-01 -5.899246725618050718e-02
1.969380987182058340e-01 2.041330961477604011e-01 -6.706146990322148227e-02
1.947164679647185870e-01 2.157859316094407065e-01 -6.464800704668521858e-02
1.581113086895758468e-01 2.012257568370455219e-01 -7.450202728392436857e-02
1.662772088723173392e-01 2.046716102062221265e-01 -7.007250857368271801e-02
2.026503214885138626e-01 1.763276919057563119e-01 -6.615952356804966072e-02
1.292433449162944670e-01 2.343592232278484122e-01 3.534164450775097860e-02
1.205851625845317243e-01 2.146382013495083396e-01 4.789797161688809368e-02
1.297120032903480435e-01 2.136363243431090853e-01 4.827344222876790020e-02
1.381646927255692769e-01 2.084182789151009518e-01 5.008151439328208110e-02
1.491550926950384603e-01 2.015292754632660999e-01 5.241753221114772709e-02
1.627858335103974374e-01 1.939083593608962042e-01 5.325433905559180670e-02
1.104593493331960802e-01 2.137971894162950803e-01 4.854804538833110139e-02
3.997517231469246424e-01 1.876614495459017762e-01 -6.091787394935819361e-02
2.192949364397409062e-01 1.676905646876097333e-01 -6.528273917915096425e-02
2.270241363308292959e-01 1.776573791525699331e-01 -6.933130625293909555e-02
2.318912679968270218e-01 1.734090842596050785e-01 -6.835244742310692123e-02
2.788655074568350267e-01 2.046837763235968277e-01 -6.958536020450872828e-02
2.595869980561264778e-03 3.479873029049371791e-01 1.138124836930666378e-01
3.022065624798560973e-03 3.427493461106606576e-01 1.109082994363332630e-01
1.007167117078772026e-03 3.706156111092062666e-01 1.146566405584934362e-01
1.195171000784594475e-03 3.672064938391080280e-01 1.154228083780690917e-01
3.971092034625356981e-01 2.221269586196852053e-01 -5.550829847046274274e-02
4.048111523687608626e-01 2.236626263716548491e-01 -5.553839705582264141e-02
4.499474827051622716e-01 2.316040842955089107e-01 -6.041111106416946486e-02
4.507973254781615369e-01 2.433840010370304507e-01 -4.789304987440914929e-02
4.710287124716387996e-01 2.444994464783832866e-01 -4.697780100104267248e-02
4.538425657779067701e-01 2.456346865737150942e-01 -7.797104283164288906e-03
4.517898294922893521e-01 2.322275398584315587e-01 -4.242228404949866839e-04
4.477898318921580412e-01 1.877072719749987573e-01 -4.268969009790552979e-03
4.506339891236077477e-01 1.839174108554749443e-01 -6.151149545646210359e-02
5.871282362993710535e-01 2.284564061964648174e-01 -1.574740040868695054e-02
6.053331297558967039e-01 2.251497937187381115e-01 -1.420181307928991554e-02
6.066453002689479179e-01 2.322582391097085530e-01 -2.183753353990151858e-02
5.881542130211943054e-01 2.345343209911036342e-01 -2.450204430941868572e-02
6.230215275726859181e-01 2.220017332964084877e-01 -1.219136792276119888e-02
6.040274371702866185e-01 2.158278530903819104e-01 -1.116723594640835031e-02
6.213587891088131476e-01 2.124942250152456469e-01 -1.113855393475779443e-02
6.026712680652496212e-01 2.065500789645930146e-01 -1.277337077241652921e-02
6.197256307866209069e-01 2.041722830521633669e-01 -1.396237790306907416e-02
6.185160261034439166e-01 1.970050410624186732e-01 -1.955628275680726391e-02
6.017152041639062254e-01 1.984134837287647446e-01 -1.767070037395879548e-02
6.018060656541254216e-01 1.926663019221502293e-01 -2.474844060021080122e-02
6.185898961226600212e-01 1.922758648037772022e-01 -2.697204817180177613e-02
5.840488500505259806e-01 1.876246357313576529e-01 -3.069624023074911737e-02
5.844878589010507053e-01 1.839667251258543523e-01 -4.044248250695241242e-02
6.026316580097222930e-01 1.868568442436872035e-01 -4.227709331552133992e-02
6.022854665164546484e-01 1.887531560704467370e-01 -3.325001567746248277e-02
6.200858772258950324e-01 1.964148548980603481e-01 -5.822011140830277848e-02
6.029234765016439068e-01 1.931342940413444953e-01 -5.902440151273814078e-02
6.031974997089313284e-01 2.014897380039306629e-01 -6.285766375072761314e-02
6.205370588752543437e-01 2.038979842225628059e-01 -6.162225503660961196e-02
5.867604812656218582e-01 2.190634608085503254e-01 -6.136308863776909067e-02
6.054597337827822834e-01 2.214332536803042539e-01 -5.944236461131106181e-02
6.041297182082041584e-01 2.115007528439864504e-01 -6.263672774575029800e-02
5.852251259323241195e-01 2.084448795486285866e-01 -6.458102240653533499e-02
6.225477311504536981e-01 2.234535148409076410e-01 -5.853449330096947845e-02
6.064565504364556325e-01 2.292869472570034373e-01 -5.274159670806002898e-02
6.233552847838361721e-01 2.305728152079601079e-01 -5.095621349933141669e-02
5.679436113617242210e-01 2.223889389470747047e-01 -1.174200858244402006e-02
5.691081156455634060e-01 2.314889946052845759e-01 -1.738112421254839682e-02
5.510871875883068816e-01 2.344121605821085641e-01 -1.839171218740136976e-02
5.839086874243036851e-01 2.000408684019896466e-01 -1.542005196073648228e-02
5.846964965505659917e-01 2.090762503177237552e-01 -1.148071525294674412e-02
5.666349495323035335e-01 2.119290334223687122e-01 -1.047964142232870113e-02
5.657126083398793526e-01 2.019287792301923956e-01 -1.330562722211770660e-02
5.474364530566798726e-01 1.793107447623969453e-01 -3.498262766183621308e-02
5.660772908429463346e-01 1.816154761660775385e-01 -3.804925466784966209e-02
5.655150615278101700e-01 1.866435312798534196e-01 -2.781449437215528092e-02
5.837298550362225447e-01 1.929820110715112780e-01 -2.202946353189069728e-02
5.653130064412704714e-01 1.935932567779473368e-01 -1.939979593332494950e-02
5.846124021686206484e-01 1.842693773777830113e-01 -5.074612751734013799e-02
6.027154222842906472e-01 1.879904181327896051e-01 -5.150837459570930393e-02
5.887683925671248764e-01 2.359259219659550488e-01 -3.496618302379009974e-02
6.072234493836923264e-01 2.348132822061623770e-01 -3.222711080681270324e-02
6.072255648021264163e-01 2.331639971313183013e-01 -4.285905770336387310e-02
5.886943072269662514e-01 2.336631082933489367e-01 -4.552787366129971980e-02
5.661985084753381470e-01 1.812492494573046675e-01 -4.929477927108007196e-02
5.700995140591770260e-01 2.373530080885592475e-01 -3.752874252362178170e-02
5.698348737547336285e-01 2.343173105387711119e-01 -4.861987368796183429e-02
5.878366885492157801e-01 2.282968467971173421e-01 -5.512525069660553084e-02
5.688274290936767841e-01 2.274086820737437342e-01 -5.806596483860392705e-02
6.244031713172593090e-01 2.339100894774951978e-01 -2.958899053617557520e-02
6.242391884717962691e-01 2.302348329872586918e-01 -1.906800522146372828e-02
5.698788457218886272e-01 2.370258791251839969e-01 -2.658962979933708268e-02
5.845344266930490029e-01 1.895336744121971784e-01 -5.948497708969472525e-02
5.659752121852300588e-01 1.862652655933793311e-01 -5.904541943583342667e-02
5.658626832710861310e-01 1.951623765525304088e-01 -6.521511825470782675e-02
5.845728209491293237e-01 1.982812777557108608e-01 -6.434365690446759711e-02
5.478412134954563362e-01 2.149517603581937997e-01 -6.615527913911282976e-02
5.674044452930184779e-01 2.168048629652976622e-01 -6.385231577512685830e-02
5.661771243377224927e-01 2.056848164433384696e-01 -6.636887475764821631e-02
6.213159919175555990e-01 2.136938299855936085e-01 -6.175283019398374040e-02
5.492556254049880682e-01 2.265979224629335320e-01 -6.113470105470900084e-02
6.975229444934759604e-01 1.897685776427610604e-01 -2.425446761410729457e-02
7.020619481666598993e-01 1.881356613192227689e-01 -1.557262991024582245e-02
6.934492490205229620e-01 1.849019843046821321e-01 -1.399958262932973069e-02
6.885729318228098750e-01 1.871325895723844612e-01 -2.330904088178201508e-02
6.738668642106100393e-01 1.780269541471089234e-01 -7.845384552501518879e-03
6.819429392712705873e-01 1.785943678229748866e-01 1.248014122440413258e-03
6.757949807818737220e-01 1.821740010302098922e-01 6.877778955138350546e-03
6.662795517168292880e-01 1.818331957606780791e-01 -1.156194717505475318e-03
7.054859483251105789e-01 1.894423061499095895e-01 -7.457817323426014534e-03
6.973365599518663860e-01 1.850711729644186898e-01 -6.007809309821162888e-03
7.044325213604477609e-01 1.941258777927994950e-01 -1.744638289227321958e-03
7.129184746155928787e-01 1.939068465101083383e-01 -8.074502535833258735e-03
7.124445039386644307e-01 2.005617458708876255e-01 -4.761850060243681335e-03
7.199127088673369368e-01 2.038392840864978461e-01 -6.633555074809385430e-03
7.184523893291342445e-01 2.118535462617591736e-01 -1.001054092071794466e-02
7.073968413637992114e-01 2.106401850852960000e-01 -6.479143426010835691e-03
7.014509701514850537e-01 2.210833788357921270e-01 -2.840983639605074856e-02
7.147763321664397651e-01 2.187752152073136613e-01 -2.869844538120925465e-02
7.122653830216730819e-01 2.193899650867436046e-01 -3.857204636508634182e-02
6.987068683042706452e-01 2.213454861353601200e-01 -3.787086952764978642e-02
7.035105298771541227e-01 2.144086894368351648e-01 -5.491409064945979024e-02
6.911655181798717074e-01 2.170797234208881876e-01 -5.288142530211026315e-02
6.952381256848544355e-01 2.192469723287054362e-01 -4.530728739962723572e-02
7.088120083375727409e-01 2.165665591810368995e-01 -4.659330809256783529e-02
6.916141626639153994e-01 1.929085234212464250e-01 -3.749253878489655634e-02
6.934934879730846324e-01 1.921066444582424093e-01 -3.221568713250727578e-02
6.845104379656123950e-01 1.903911518202554276e-01 -3.213882511586076129e-02
6.822659184922612585e-01 1.914886046893447547e-01 -3.785876958681127363e-02
7.018885195222681617e-01 1.969792164178327254e-01 7.886627946482113391e-03
7.031064918334594127e-01 1.936037227970560382e-01 6.310526428010741762e-03
7.035297011488013119e-01 2.008667536961287747e-01 -2.662530602767106385e-04
6.984058660651435435e-01 2.045542644808986121e-01 1.406104312928994817e-03
6.584933334556738460e-01 1.848869925128512892e-01 -4.776466090055463132e-02
6.581133023695290296e-01 1.851562260374454427e-01 -4.101922123192576486e-02
6.482790420737261083e-01 1.872250710524283879e-01 -3.865628938925762953e-02
6.478573343141881269e-01 1.871246812839181262e-01 -4.640853683056556794e-02
6.522542105378065225e-01 1.845467340906354614e-01 -1.504070676619118432e-02
6.491037138320656652e-01 1.953148492474262865e-01 -7.792126326494923025e-03
6.428877386714066944e-01 1.969033368407436535e-01 -1.219970816843759034e-02
6.475760308876321591e-01 1.879377307052111923e-01 -2.133195559306443750e-02
6.583403536412011370e-01 1.825255531635054940e-01 -8.715679239194033118e-03
6.639959366901996285e-01 1.917420986514603576e-01 2.718087644420882215e-03
6.554059405585352938e-01 1.932850583485680174e-01 -2.979545387878274748e-03
6.742222206039744092e-01 1.902330017938513862e-01 9.850835882654739722e-03
6.467777523782616278e-01 1.896883520316185734e-01 -5.597895711096080584e-02
6.539544026410396560e-01 1.878182888793100691e-01 -5.895785853137051197e-02
7.665994242149668514e-01 1.979816291716957055e-01 -1.029050062731139310e-02
7.612361581492282925e-01 1.979983115140624139e-01 -1.014847793287003593e-02
7.618630323975471574e-01 1.965747100025036220e-01 -1.469277118452588966e-02
7.672899008338341931e-01 1.967584953036866091e-01 -1.485487922980954778e-02
6.526388535995603091e-01 2.052448678970261176e-01 -6.591661457819915360e-02
6.466440229473195966e-01 2.042735764378525443e-01 -6.443963963886613355e-02
6.479869967318858670e-01 2.132691955137863415e-01 -6.302150457645618042e-02
6.543268498438584713e-01 2.138665003568551715e-01 -6.283581380365108049e-02
6.605115243278308901e-01 2.056460040591317207e-01 -6.797027564599007754e-02
6.628583390553246524e-01 2.141864045554446039e-01 -6.318953698632047422e-02
7.688045982850746363e-01 2.100234911669218718e-01 -9.747420978412357773e-03
7.630834170507201364e-01 2.106879280202626215e-01 -1.036691506375451641e-02
7.622316466206789931e-01 2.066186268058006759e-01 -8.045795037411535358e-03
7.678000604083067282e-01 2.059047256682700056e-01 -7.695286487432333178e-03
7.063440500692383939e-01 1.910256015605576174e-01 -2.364279330089802747e-02
7.104417505759419438e-01 1.900483347600967210e-01 -1.535719048943489859e-02
7.275812726065511438e-01 1.916680932234950674e-01 -1.737590680105865343e-02
7.263754862356648356e-01 1.935604621651781931e-01 -1.187296414249960387e-02
7.185678223546938526e-01 1.916800929970283174e-01 -1.356942878376552267e-02
7.167287362863454803e-01 1.913108175871091610e-01 -2.232986138919419022e-02
7.093226843285415084e-01 1.934046246361924293e-01 -4.035858173730078047e-02
7.135502736580032757e-01 1.927705818894807077e-01 -3.385445658204332825e-02
7.035306827095165749e-01 1.932713756990345477e-01 -3.411266744816105617e-02
6.996369363415927412e-01 1.937753254858388396e-01 -4.060953618650937902e-02
6.961536712291547246e-01 1.910773921517673613e-01 -5.068938635965437173e-02
6.957175453647509444e-01 1.890225316003987799e-01 -5.599791518118643618e-02
7.038378504684289494e-01 1.891864876555931496e-01 -5.693720245349612880e-02
7.055006897852086345e-01 1.913330329906651195e-01 -5.109553945511052103e-02
7.246875116402428096e-01 1.928200900693467501e-01 -4.676047135612440564e-02
7.232775043198663711e-01 1.923354501352965984e-01 -5.174387649251978305e-02
7.315716545839306972e-01 1.951110052729667921e-01 -5.229575669317468312e-02
7.333288137326476885e-01 1.952092360193716514e-01 -4.751650274310235955e-02
6.407089445611496847e-01 2.044593630438114595e-01 -6.347373273556609907e-02
6.416953549678866553e-01 2.135177271922011621e-01 -6.293703749654146196e-02
6.945077132042856149e-01 2.077417380347673093e-01 -7.012795867338059153e-02
7.027209205340787523e-01 2.061238207693159852e-01 -7.338590750459751677e-02
6.985981108968507547e-01 1.991824639127602048e-01 -7.864304535885717484e-02
6.901055651908206690e-01 2.010164173716708358e-01 -7.536744978636766845e-02
6.572626179921041700e-01 2.205117848251327284e-01 -5.644618039027472778e-02
6.504508880412802618e-01 2.210788875825492328e-01 -5.701951068138913503e-02
7.698614079497163587e-01 2.120787802864327609e-01 -1.430991755070677891e-02
7.641193561323086358e-01 2.129831247423420171e-01 -1.484583855205894899e-02
6.766612274327643561e-01 1.996814603468625438e-01 9.038202788266749138e-03
6.658874363947314690e-01 2.025200001397298166e-01 1.661095390168680153e-03
6.568410672180777787e-01 2.047029922797924950e-01 -4.194349561038331238e-03
6.501437916417943663e-01 2.065307568766539814e-01 -7.563797619043076924e-03
6.438192679043907019e-01 2.082637273397952016e-01 -8.989721680605187656e-03
7.214410344587894874e-01 1.917169420573624494e-01 -2.661010099297704545e-02
7.008639324188087327e-01 1.924819850020521028e-01 -3.052020367935338180e-02
6.899133512138775348e-01 1.928261418696899931e-01 -4.117028769031988444e-02
6.841369422383547505e-01 1.856438533521644618e-01 -6.606661910064889898e-02
6.868786872823144929e-01 1.865301344809911499e-01 -5.966450107208364634e-02
6.802867092998809984e-01 1.858165768599987777e-01 -5.727392371363992235e-02
6.766232763326093247e-01 1.858013703597677646e-01 -6.583925644131474741e-02
6.887728369406105333e-01 1.929625843085793768e-01 -7.603372681855732895e-02
6.973476409566855549e-01 1.916482823900562404e-01 -7.810395107317510965e-02
6.986119421091818715e-01 1.870675117874501525e-01 -7.387996972823833441e-02
6.905898427984338284e-01 1.876454456112471025e-01 -7.223579323908577154e-02
7.002618054158933347e-01 2.000720630052105209e-01 1.121836718023326226e-02
6.929965056600816409e-01 2.056323115305849492e-01 4.839173803779261464e-03
6.523970007585822017e-01 1.957880444228735917e-01 -6.504074382927906017e-02
6.460570166916954626e-01 1.960860207980477110e-01 -6.221454108482293854e-02
6.403247332749979481e-01 1.970543013045220337e-01 -5.983377837735576188e-02
6.699661327572705716e-01 1.878591289443590495e-01 -3.989801867557674769e-02
6.714860817049054242e-01 1.876391955339913598e-01 -3.636252038698029737e-02
6.591018609372797377e-01 1.836405655988657681e-01 -3.169931516179002456e-02
6.580957499899779961e-01 1.849491568702368582e-01 -3.683872648052976401e-02
6.784713532638282363e-01 1.821573773378162009e-01 -2.170758642218926018e-02
6.843313817313491088e-01 1.803456069791021799e-01 -1.205083595531203887e-02
6.667978720600149511e-01 1.790271817256965659e-01 -1.741264412654861329e-02
6.479471148599523778e-01 1.871356336841818180e-01 -3.153704575715155639e-02
6.402804161920444548e-01 1.904187907460967721e-01 -2.928718729288982622e-02
6.405030777732171332e-01 1.897980584489312172e-01 -3.740103139500017965e-02
6.403833111594013916e-01 1.903094423484381625e-01 -4.572899271423370299e-02
6.402432582862420674e-01 1.924735194695099960e-01 -5.400428514469941127e-02
6.315693697658055772e-01 1.916873338938488436e-01 -2.846882343681118865e-02
6.320432138578746528e-01 1.904372667854309087e-01 -3.669041743730611094e-02
6.323039422146846666e-01 1.910105433897455185e-01 -4.536811865760120160e-02
6.324700567859755651e-01 1.935481220423232451e-01 -5.300259241097250718e-02
6.345399187170909228e-01 2.237115258645824001e-01 -5.796444088653415067e-02
6.431665265188328817e-01 2.223115559726934753e-01 -5.757315138514675079e-02
6.336246840330117536e-01 2.140541316078821699e-01 -6.264054752888645328e-02
6.334790591853346475e-01 2.011518302298332950e-01 -1.358203264804183630e-02
6.320024751674999663e-01 1.953625554231321615e-01 -2.077906445817489026e-02
6.407043636851249557e-01 1.928330852723864064e-01 -2.074368918836632172e-02
6.354336849225972195e-01 2.100045605498831180e-01 -1.003417978189235019e-02
6.880226229047839981e-01 1.800064763620317365e-01 7.619502018182135704e-03
6.938370040016237361e-01 1.821949546728288682e-01 3.124206295422073988e-03
6.983377266275782036e-01 1.822297463731231415e-01 8.348788472123027521e-03
6.939381644831844609e-01 1.803876712292411810e-01 1.265980646515052141e-02
7.196330875688325968e-01 1.969626230193987360e-01 -8.093276867664858307e-03
7.267254375561483792e-01 1.988619159413418380e-01 -8.204637806805128650e-03
7.274582724933472688e-01 2.055238458322698469e-01 -7.688958606991280233e-03
6.616565099519432502e-01 1.870424815697828702e-01 -6.248853811081565846e-02
6.657443216358923666e-01 1.850643436453388302e-01 -5.276538873044970407e-02
7.298324262846421773e-01 1.921826490190921277e-01 -2.237027648767774338e-02
7.562573408835863153e-01 2.111434048613976266e-01 -1.082020732327741361e-02
7.445208203331447061e-01 2.113781572587772606e-01 -1.109622982901030397e-02
7.433636741168118123e-01 2.061623989162568726e-01 -8.640570701135965453e-03
7.555320390238626782e-01 2.067217319792460928e-01 -8.320405605360887621e-03
7.383429404136010454e-01 1.966751977257971407e-01 -2.566464642469511170e-02
7.458607485177032315e-01 1.990024603799462333e-01 -2.429395607143952293e-02
7.435993390335391418e-01 1.954408614566607028e-01 -2.014039073609647651e-02
7.361358132648851971e-01 1.940906303818203948e-01 -2.075501140004192002e-02
7.209904260291393197e-01 1.908643063452846733e-01 -5.759089694111792918e-02
7.278413114945202489e-01 1.931049537452432519e-01 -5.796587487990858406e-02
7.277334020343121379e-01 2.140312963743903063e-01 -2.907777557001017116e-02
7.164382719449761128e-01 2.177947625602985604e-01 -1.864968231611194641e-02
7.272246563318868207e-01 2.162630045198106754e-01 -1.918123150270585262e-02
7.070449606608092408e-01 1.927478675036953248e-01 -4.602952169451560160e-02
7.146224465894270850e-01 1.913877633701187020e-01 -5.143411844698324298e-02
7.160156022542155663e-01 1.923060850598048432e-01 -4.646522300016925344e-02
7.246521605355660256e-01 1.922364906420295505e-01 -2.879233776365107064e-02
7.210035224154573985e-01 1.925438521835560191e-01 -3.348278156835259034e-02
7.283452754185272271e-01 1.934410601513227301e-01 -3.230905120610505499e-02
7.307609371200018966e-01 1.933419335124830496e-01 -2.678289347461926262e-02
6.782221477506293894e-01 1.926540514628227174e-01 -7.378621193194567773e-02
6.798859034454328709e-01 2.034261363063275818e-01 -7.268384051012584390e-02
7.614393852893789338e-01 2.019786213548819265e-01 -7.927565435654527343e-03
7.669065439801733275e-01 2.015833238823314666e-01 -7.938932219956385677e-03
6.329855417270531248e-01 2.047189325897745826e-01 -6.221971842355609322e-02
6.326316676141563455e-01 1.978932689941714507e-01 -5.870661857919259874e-02
6.974686801631903021e-01 1.928764668127046500e-01 -4.555855218011618801e-02
7.038705197843911909e-01 2.183856561570687860e-01 -1.790726972621143470e-02
6.880912760105487580e-01 1.918215435514823430e-01 -4.507593892960590903e-02
7.185682314612606980e-01 2.059389544799299920e-01 -6.450530313904526136e-02
7.257139887866763672e-01 2.061857954041404761e-01 -6.541132891949849593e-02
7.251944705591641949e-01 2.001493882592476903e-01 -6.663701559887322268e-02
7.180627717429463042e-01 1.997492242379925176e-01 -6.751181250078833185e-02
7.570414088125985153e-01 2.011735294708922317e-01 -2.345505905521189094e-02
7.639256436566685959e-01 2.022619184497831124e-01 -2.303338658123619750e-02
7.629773553534087149e-01 1.983843750475123291e-01 -1.957473572201145692e-02
7.557552708387117457e-01 1.972042405402752718e-01 -1.959126235944941632e-02
7.341353921743415389e-01 1.935433778352010636e-01 -1.606726011861511413e-02
7.421553830218260428e-01 1.944319811836389689e-01 -1.541742915766752299e-02
7.414654809207994468e-01 1.964796844483472082e-01 -1.099794902658587058e-02
7.330059905133186060e-01 1.953554080647893487e-01 -1.131697034505154548e-02
7.335370199587266660e-01 2.002016341500358620e-01 -8.721362700221165637e-03
7.421515957717380596e-01 2.010456092883642354e-01 -8.726603653783219713e-03
7.580237972229326715e-01 2.070539961350954528e-01 -2.447896304550157762e-02
7.472914315989486189e-01 2.055220086133125457e-01 -2.532006953029537072e-02
7.461899059519077060e-01 2.118327470641634125e-01 -2.230281148053733786e-02
7.578075818300996636e-01 2.121523527585299773e-01 -2.093940015121554046e-02
6.789216826185303644e-01 2.198644813482411309e-01 -5.098632107247821899e-02
6.876111151104274954e-01 2.140756081377147013e-01 -6.084620633467285877e-02
6.758609301064614217e-01 2.169120212808084147e-01 -5.845274234991739565e-02
7.146605133870020943e-01 2.125121104783194437e-01 -5.714158124991242094e-02
7.094105399415494562e-01 2.068701488629778318e-01 -6.500797742438030324e-02
6.990109762667758853e-01 2.110303795389638637e-01 -6.301249242533926709e-02
6.840470641911723382e-01 2.104403780076576358e-01 -6.714513665110923013e-02
7.366091557677205692e-01 2.050822285279957913e-01 -3.140438145921137236e-02
7.354830618075818283e-01 2.103989987182559029e-01 -3.300401346405913011e-02
7.366007208214030433e-01 2.102716774320690929e-01 -2.527537306969663070e-02
6.860989132201861240e-01 1.893693225851472428e-01 -5.091341959904609887e-02
7.546529042222664962e-01 2.017187730687495795e-01 -8.189671269759420461e-03
6.552452432621846956e-01 2.243188043178016011e-01 -1.648010367766095455e-02
6.630093907510634654e-01 2.224074373605125499e-01 -1.604069878858440865e-02
6.648087958039151646e-01 2.274737591372515411e-01 -2.813200549224181835e-02
6.559962896179271086e-01 2.291219877279856987e-01 -2.687619046845020343e-02
7.546550707697159410e-01 1.956278644378683651e-01 -1.469627753157257653e-02
7.543285824429464270e-01 1.971434047711717596e-01 -1.024308835658786949e-02
7.200134595158773632e-01 1.905611439238206750e-01 -6.366446276104159585e-02
7.208509353666775477e-01 1.928137976271539211e-01 -6.833185889020022830e-02
7.259484701539455909e-01 1.949226973649614836e-01 -6.683995068398673745e-02
7.261314563088124840e-01 1.932157633759417070e-01 -6.297056903446295040e-02
6.729972704905476943e-01 2.131847992905549216e-01 -6.465124009483921852e-02
7.080775917842786482e-01 2.047474830281155178e-01 -7.643346206232404239e-02
7.052719880341391523e-01 1.972000378889873229e-01 -8.115621971212748365e-02
6.653962913892931264e-01 2.194592547607345512e-01 -5.688978729013802887e-02
6.597269254805586680e-01 2.249121099918187927e-01 -4.778405564750440315e-02
6.680627841074092688e-01 2.226939416068082767e-01 -4.912034673140217023e-02
7.226919111256123740e-01 2.128564915199804009e-01 -4.752831933877875448e-02
6.823226439666925103e-01 2.217079703246152833e-01 -4.402736191079184569e-02
6.708547951698966560e-01 2.242999917449021996e-01 -4.217062487762256867e-02
6.616546200066659722e-01 2.269316955279244430e-01 -3.935644460922191334e-02
6.544242272147491324e-01 2.290315223818063795e-01 -3.805084698422422917e-02
6.528621204189533067e-01 2.263327496472492262e-01 -4.738947424909659145e-02
7.571334120863713046e-01 2.135547777408517978e-01 -1.547124365680028688e-02
7.647159145042046191e-01 2.119093483902989017e-01 -2.016461813187639743e-02
6.354766319750602133e-01 2.298747497868836864e-01 -4.883309966780155498e-02
6.448629098674206750e-01 2.280316521337771019e-01 -4.769805405746155302e-02
6.364459796046189055e-01 2.323990440268615398e-01 -3.869825312845263932e-02
6.463113297651229550e-01 2.307351287152774877e-01 -3.791888756437079844e-02
6.756916062868708606e-01 2.251749197197735197e-01 -2.626904459049789545e-02
6.735937540173434490e-01 2.256812104568169386e-01 -3.446352954088870851e-02
6.884263954411705688e-01 2.230505776379310134e-01 -2.790401333235154741e-02
6.854378436567906130e-01 2.232996472207221805e-01 -3.675045600004023250e-02
7.245415570464882604e-01 2.171671070984835250e-01 -3.897195309773039684e-02
7.787895996624826234e-01 2.074483404350239701e-01 -2.137076822804243048e-02
7.781748702046177302e-01 2.033630183432654503e-01 -2.217082974423773001e-02
7.700303869248896760e-01 2.027245634300380017e-01 -2.273870326281971985e-02
7.708489611644930850e-01 2.074465194242263999e-01 -2.224499864070739186e-02
7.646863387172571080e-01 2.073838585265700696e-01 -2.330885869030621324e-02
7.706565673718286380e-01 2.113941223784203405e-01 -1.934562747378320430e-02
6.907663701661705957e-01 2.196672195740306532e-01 -1.718189124878307869e-02
7.355359887482904035e-01 1.961610700463544965e-01 -3.170731365000679230e-02
6.758994169611480807e-01 2.192142386370932727e-01 -1.378902723266868524e-02
6.855739037366395117e-01 2.127366461260826458e-01 -2.705352888046341601e-03
6.954721581181138035e-01 2.138482867328949655e-01 -5.930870389283110500e-03
6.693979721227255597e-01 2.121998073492303294e-01 -3.037560746106896664e-03
6.596428045256685913e-01 2.148386801100687638e-01 -7.935533059057175639e-03
6.459838512864014559e-01 2.177284841551732353e-01 -1.063641275304629853e-02
6.523152339663272903e-01 2.164364513035907100e-01 -1.008520330434324770e-02
6.371068505170471852e-01 2.194173530927776838e-01 -1.085073690762667666e-02
6.797758144660501767e-01 2.078056023500778893e-01 4.252358618481480793e-03
7.746587318406168432e-01 1.967370091059439663e-01 -1.567209018073708118e-02
7.740253488360538947e-01 1.974024915143749725e-01 -1.078950259237952160e-02
6.479266380880783771e-01 2.257649777374542421e-01 -1.664528417877729483e-02
6.382111283389544365e-01 2.278557637523735413e-01 -1.711988229036684461e-02
6.899487244092097349e-01 1.806415029567842723e-01 -3.426547012348756405e-03
6.790269495993508375e-01 1.903072977107140851e-01 -4.411243539981925949e-02
6.770586561005020876e-01 1.881528418412866388e-01 -4.839413511907787735e-02
6.734937007831790501e-01 1.852135508395888475e-01 -5.516732093078718230e-02
6.693677831736193351e-01 1.861531541875112716e-01 -6.465775338306972708e-02
6.377405015756674178e-01 2.329246877627945966e-01 -2.753995692555035943e-02
6.192204641729798231e-01 1.897755680036001258e-01 -3.530572181716785246e-02
6.195033274156661607e-01 1.897398866859482391e-01 -4.406874066301794818e-02
6.238847974564970533e-01 2.333091396407690199e-01 -4.055135345452901691e-02
7.744394289630885941e-01 2.006564368560728173e-01 -8.100900486417005053e-03
7.347195744771172210e-01 2.012908574624422686e-01 -5.153277792473539426e-02
7.362751256966388880e-01 2.007655377219642601e-01 -4.952774325193531196e-02
6.831678674742779345e-01 1.823768136533858442e-01 1.227837868617549094e-02
6.907336283736744686e-01 1.826761775880308414e-01 1.673745875142310796e-02
6.940037901826855427e-01 1.944491094199253256e-01 1.898488030815448716e-02
6.853328286301513250e-01 1.969722321491793326e-01 1.480191624505750557e-02
6.825423682130987713e-01 1.890161865635418548e-01 1.521919821921046377e-02
6.912593756015357194e-01 1.879517926205132861e-01 1.900040848667612636e-02
6.691496454082845879e-01 1.875140075916105209e-01 -4.270191358239820711e-02
6.682201599071241338e-01 1.865575301520872031e-01 -4.681202220772132105e-02
6.697461294592113035e-01 2.052054935325889617e-01 -7.018167035464556447e-02
6.683974290255938477e-01 1.946851675105167601e-01 -7.141367488354145865e-02
7.345464358583028153e-01 2.059481763919844555e-01 -8.622963157840054377e-03
7.352835533542835256e-01 2.113151734847742436e-01 -1.177377754278602709e-02
7.276318984771991127e-01 2.121157914409837753e-01 -1.126016184579953401e-02
7.450901927332201913e-01 2.140327707171334470e-01 -1.665914979667589002e-02
7.399950997685700305e-01 2.034217393781128091e-01 -2.686342660451833397e-02
7.381226644145300053e-01 2.010734679630375166e-01 -3.051465887703858765e-02
6.742000439542125134e-01 1.857140640081707816e-01 -3.034143744605665924e-02
6.620295055725297084e-01 1.814595719753607783e-01 -2.544483622696679798e-02
7.017250681745962337e-01 1.878739540291191057e-01 5.152701843926602195e-03
6.988779669236898640e-01 1.867695149741785410e-01 3.001246590480108551e-04
7.177733528910861249e-01 1.926888231746600177e-01 -4.008710415088609369e-02
7.339314215775941674e-01 2.124086905160385563e-01 -4.555200550187089859e-02
7.341026617787261843e-01 2.153750502303979908e-01 -3.896877859127946542e-02
7.256964812713004864e-01 1.932114129876697228e-01 -3.968716384593336255e-02
7.756609543921694216e-01 2.047098289480368816e-01 -7.695843426131920503e-03
7.767471896477752269e-01 2.089015442164836311e-01 -9.626644769470000043e-03
7.356421438000635415e-01 2.145196216871130268e-01 -1.816772441064849405e-02
7.126322404126855803e-01 1.895299812574134934e-01 -5.748215763968698294e-02
7.356033598078812741e-01 2.069732605486531152e-01 -4.850590616770578123e-02
7.291237660495059059e-01 2.090176085770644177e-01 -5.152620357569481779e-02
7.035073083913871983e-01 1.910087570289892844e-01 -7.947525184911607976e-02
6.479850654254649678e-01 2.309959424401466788e-01 -2.670436998809587459e-02
7.685548553618937184e-01 1.984676609541803916e-01 -1.985856232115348549e-02
7.760920554965398122e-01 1.987375094152629418e-01 -2.030488165540181647e-02
7.782698250262470863e-01 2.103571368050325963e-01 -1.875272477739991020e-02
7.773585658365785855e-01 2.111638844088159772e-01 -1.423513933351046312e-02
6.599863112064273674e-01 1.955692440682027522e-01 -6.832631151185770968e-02
6.806025352593290112e-01 1.912531834235387529e-01 -4.108093843649600341e-02
6.196716844705181249e-01 1.918630010419553333e-01 -5.209928004178787653e-02
6.885141980284001928e-01 2.036538595036298249e-01 1.063587674052534661e-02
6.973791953786393494e-01 1.997446262610728940e-01 1.587542925528952209e-02
7.329988230368630342e-01 1.947014285429505553e-01 -3.973018158117127413e-02
7.128491031561267066e-01 2.035875031031676163e-01 -7.035733146137349014e-02
7.325425771843285805e-01 2.100397551214863989e-01 -5.436120239402988247e-02
7.284300038557021129e-01 2.113963719490784265e-01 -6.029972307072594545e-02
7.223882475418272886e-01 2.115891708654911163e-01 -5.893862884103873157e-02
7.355850747599024242e-01 2.055698005829238173e-01 -5.284095885406064896e-02
7.840023928997209568e-01 2.107550327808683510e-01 -1.406332875890102529e-02
7.846866807844806724e-01 2.099622417928533324e-01 -1.848402861881096038e-02
7.836404633835971634e-01 2.085233790861430458e-01 -9.422086145051113137e-03
7.820025725572112840e-01 2.042853999105352647e-01 -7.918457897039493307e-03
7.802226283221534997e-01 2.004810011275972026e-01 -8.468953027460203800e-03
7.849671578286032680e-01 2.072598033586887378e-01 -2.102818730678450779e-02
7.840609245627064849e-01 2.034618691900700327e-01 -2.174974879421415208e-02
7.815197966436341348e-01 1.990246966265154516e-01 -1.999521703291674141e-02
7.903049259568146745e-01 2.067668987255969204e-01 -2.106409895192835197e-02
7.912013737747001230e-01 2.093514645474116309e-01 -1.838240740843401222e-02
7.960963629556258025e-01 2.063349325689916303e-01 -8.962638701183786583e-03
7.975565504204861211e-01 2.082855887899089098e-01 -1.087821577434543684e-02
7.940625333219951676e-01 2.088689224927126886e-01 -1.118318054840057238e-02
7.908321686299980557e-01 2.081918453410452619e-01 -9.532248144242470508e-03
8.007830738437402562e-01 2.053798584693670715e-01 -9.616644890080671207e-03
8.019976145406894075e-01 2.078506733717420396e-01 -1.127916874052733998e-02
7.977986458305751372e-01 2.097853238097399653e-01 -1.422327177527593460e-02
7.934324344066135959e-01 2.099084918220421592e-01 -1.387446908147386103e-02
8.025878946658423496e-01 2.095065438282509018e-01 -1.475681446500136211e-02
8.021188684981290784e-01 2.087176152431747811e-01 -1.822360656051114081e-02
7.975263128533377488e-01 2.088235747921404206e-01 -1.756755329544055361e-02
7.939354010595661704e-01 2.093505253846985603e-01 -1.663611994080057069e-02
7.898295850753835889e-01 2.103616329633178905e-01 -1.389031426417981774e-02
8.048614323332949905e-01 2.051577053620800839e-01 -1.148622682958505906e-02
8.071045495021692551e-01 2.057985227080617319e-01 -1.552355930579676913e-02
8.065053858992738967e-01 2.086772095253230652e-01 -1.519414781395117542e-02
8.050652354690820411e-01 2.075052958374919432e-01 -1.203377536504282933e-02
7.879143592165204213e-01 2.040192295193778427e-01 -8.192093242806688935e-03
7.943525735427987566e-01 2.031834342897028967e-01 -8.766600727128325693e-03
7.996338894735925962e-01 2.023985569313587474e-01 -9.822197659491473110e-03
8.037502652603986109e-01 2.023096074404258371e-01 -1.207985088493511439e-02
7.934560386020624856e-01 1.999081808325275655e-01 -9.767269299935625246e-03
7.989591363733317131e-01 2.000167595705744650e-01 -1.131467813078057376e-02
8.022732925519897584e-01 2.003065796445326896e-01 -1.340810742827052739e-02
7.932578504127222319e-01 1.977817730488038162e-01 -1.242006509947249891e-02
7.987489549712095682e-01 1.987399116532191368e-01 -1.368843671649172880e-02
7.858690977942606182e-01 2.003064298313710079e-01 -8.843358304874208292e-03
7.849343275841974554e-01 1.976177865729289718e-01 -1.142792081935875559e-02
8.011930963362239311e-01 1.995256280959361028e-01 -1.462186505319410662e-02
8.057727307045371434e-01 2.031699064909014696e-01 -1.613991335040834696e-02
7.965421688776065379e-01 2.077934334318733700e-01 -2.000431066478801367e-02
8.014488639439911744e-01 2.070263917572736645e-01 -2.038557740187352252e-02
7.958720936242529298e-01 2.057919031895049655e-01 -2.147734437893896245e-02
8.008841413785795504e-01 2.050093176927801353e-01 -2.141347278211403957e-02
8.054538644188483643e-01 2.085775821744999814e-01 -1.834972680812231235e-02
8.055155062357530760e-01 2.065195232715339169e-01 -1.953204020983294320e-02
7.793385548742045588e-01 1.975113459308473762e-01 -1.110447029576584234e-02
7.798992232804552449e-01 1.971823265283787763e-01 -1.599563325720951626e-02
7.853496938889032997e-01 1.972129615537802083e-01 -1.599796127062275142e-02
7.934329502782130339e-01 1.973274141198933795e-01 -1.679363874894872211e-02
7.868526018322167248e-01 1.993475102743207938e-01 -1.990152066749155749e-02
7.893722995921420571e-01 2.032905571246581555e-01 -2.168925330151023900e-02
7.952060042634486736e-01 2.030365174306016374e-01 -2.174231744900779334e-02
7.940525326016063534e-01 1.996549670069341365e-01 -2.043629476310656473e-02
7.999926262608028082e-01 2.025474832856895557e-01 -2.124092299600355283e-02
7.992491596473080273e-01 2.001659473808424239e-01 -1.996997705302781811e-02
7.989431684415267965e-01 1.987424776090333245e-01 -1.706138605800480018e-02
8.030119218357150146e-01 2.019382883587968747e-01 -1.977514486055344245e-02
8.044714951687848004e-01 2.041421403972823734e-01 -2.000344811100876127e-02
8.037282333980726445e-01 2.011905861297731690e-01 -1.665822286869501553e-02
8.017082078798485334e-01 1.998880011289626557e-01 -1.697648606518763204e-02
8.016606031259602139e-01 2.005739590491014690e-01 -1.909411239092602755e-02
7.727024041313117486e-01 1.996602475369273766e-01 -4.146106229042519770e-02
7.656090685438594612e-01 1.999244355432319153e-01 -4.007354075159544338e-02
7.651851102475298871e-01 1.990307805170355160e-01 -4.434944927951513932e-02
7.724420684546940974e-01 1.989754062555413594e-01 -4.592180864102343024e-02
7.729419664834528136e-01 2.113575358008059069e-01 -3.878876025133296684e-02
7.663723959786008511e-01 2.120180492596984434e-01 -3.808281069145703912e-02
7.663658270899162961e-01 2.070865860807811487e-01 -3.651879824399739682e-02
7.729985157225153225e-01 2.061673509201696064e-01 -3.758972421909466399e-02
7.722909351478165485e-01 2.137369467488487995e-01 -4.402932313635823935e-02
7.658032942935572018e-01 2.146661913138371014e-01 -4.335017156470357541e-02
7.586625127690845849e-01 2.123985655011023099e-01 -3.677763572953177823e-02
7.453080274346659539e-01 2.112069670710769453e-01 -3.497168794596040159e-02
7.453736303579786560e-01 2.056070378352607142e-01 -3.379782314608849314e-02
7.586982907917133589e-01 2.070747328069477144e-01 -3.541371488752560054e-02
7.440007256122987966e-01 2.014306687038588117e-01 -4.951037635810193877e-02
7.426015548438255065e-01 1.980129046389518532e-01 -4.610129158265771632e-02
7.660493593382470268e-01 2.028305542881368995e-01 -3.771315390816613877e-02
7.729616536182356556e-01 2.021218997756370206e-01 -3.872840642474042333e-02
7.573789709289613370e-01 2.027690618373601261e-01 -5.085561123801105032e-02
7.657029833740843783e-01 2.034202165848688904e-01 -5.210079231338999445e-02
7.653112649588612593e-01 2.002656806140579726e-01 -4.881115105583870573e-02
7.568961120760130390e-01 1.994050909621747913e-01 -4.746911474900173539e-02
7.424569260031064211e-01 1.967994232987143322e-01 -4.046485165662308536e-02
7.435326151078491819e-01 1.976512788505515594e-01 -3.516938284014004684e-02
7.448230313495085575e-01 2.011855378264960359e-01 -3.358963217072173657e-02
7.579115110388762178e-01 2.079129821935655209e-01 -5.151036885370118695e-02
7.449876101662048500e-01 2.074074534838807882e-01 -4.979601275912404201e-02
7.447478626258388079e-01 2.129680038960652111e-01 -4.658919944062067664e-02
7.581597656763252591e-01 2.129071889310972798e-01 -4.848385973826500189e-02
7.581584847391129589e-01 2.025359201604386150e-01 -3.605860492346973922e-02
7.566875398891346194e-01 1.983343913540542847e-01 -4.252160790468329649e-02
7.574026690016458785e-01 1.992689955530803358e-01 -3.818858412501788258e-02
7.581044275013211209e-01 2.149727257422878457e-01 -4.233140175529220839e-02
7.658621759391053274e-01 2.124302918105055171e-01 -4.943115286434710681e-02
7.821215509857388781e-01 2.081033120579407480e-01 -5.344898205467386865e-02
7.823736301848136510e-01 2.041056847581095013e-01 -5.420652635838033723e-02
7.728295682402112066e-01 2.035769960369909759e-01 -5.327705407522904252e-02
7.729799330399711454e-01 2.079749458733391732e-01 -5.297029487767350442e-02
7.660251085351371669e-01 2.079079375643615168e-01 -5.226877266468321626e-02
7.724972408239854094e-01 2.119990192053134437e-01 -4.978757240602272455e-02
7.828206911496783382e-01 1.989553578080227036e-01 -4.811124745405429698e-02
7.827946483586608606e-01 1.992760347906145924e-01 -4.339391999975851510e-02
7.829366962504435978e-01 2.014524116104791651e-01 -4.048690053532998795e-02
7.448204749763644994e-01 2.154534023434566958e-01 -4.030045735555701919e-02
7.826690231418761412e-01 2.051673217221139656e-01 -3.944366105320057381e-02
7.822551686999421605e-01 2.102327487559842722e-01 -4.028719904755571901e-02
7.725784701084563721e-01 2.002398442926572042e-01 -5.035618915293611081e-02
7.824078025795679903e-01 2.004158055903017543e-01 -5.213763169870137826e-02
7.815328503885698996e-01 2.114564164154528192e-01 -5.049743704387574250e-02
7.812334652230219501e-01 2.129399116100845202e-01 -4.515238064809742186e-02
7.890632284586839296e-01 2.121158543822896092e-01 -4.649626411218699823e-02
7.890218303718062876e-01 2.108226608134295410e-01 -5.133719210475877481e-02
7.900608478870038143e-01 2.097921223524388534e-01 -4.175654888028042938e-02
7.896899658751599382e-01 2.050518641611963344e-01 -4.071386648755558751e-02
7.891966631044191605e-01 2.016354781035028798e-01 -4.173907841518036815e-02
7.893045268681943005e-01 2.082119496399594261e-01 -5.380259916485155558e-02
7.890671391954655611e-01 2.047374146294266284e-01 -5.455647277330989697e-02
7.884359433118636185e-01 2.009941780569652614e-01 -5.284212963770925503e-02
7.960797448516974129e-01 2.081365255079886956e-01 -5.469342848148371627e-02
7.969929466378720129e-01 2.106094806115867690e-01 -5.263465212939371501e-02
8.091131797357288269e-01 2.077512212881620079e-01 -4.581544124806114643e-02
8.095345403216630542e-01 2.103905011446311202e-01 -4.735210101129973953e-02
8.045732952779476310e-01 2.102868730710827916e-01 -4.636677852607915679e-02
8.036968000206788920e-01 2.083381984443060109e-01 -4.421291182759804622e-02
8.009808852112707545e-01 2.107515307547658534e-01 -4.609410998796273362e-02
7.980072251107506176e-01 2.098321894039421043e-01 -4.363097326848767304e-02
8.046834536426179518e-01 2.115014516926777000e-01 -4.977712260423288598e-02
8.002269616935722141e-01 2.114135006597535615e-01 -4.883038152238376034e-02
8.098455092574702308e-01 2.124627857592506774e-01 -5.093457179967229853e-02
8.089243862541518615e-01 2.113957362822473929e-01 -5.417662010169921327e-02
8.035836978041813738e-01 2.107653224795585922e-01 -5.260177012022117932e-02
8.000797151812585328e-01 2.107904407018257598e-01 -5.150048364510290827e-02
8.136472942989846358e-01 2.081945730908248415e-01 -4.825319171527300138e-02
8.132758892452742749e-01 2.106308982050963952e-01 -4.842017911065422953e-02
7.960991966295360989e-01 2.117822212322535980e-01 -4.798211814776567885e-02
7.957663344966052765e-01 2.053436497506674896e-01 -4.218197972966752918e-02
8.025852971199083363e-01 2.049983754143366588e-01 -4.364021609530530782e-02
8.086764034359366082e-01 2.048926288883048397e-01 -4.580106901951002535e-02
8.130202354926902020e-01 2.053840582480483679e-01 -4.870591957243874254e-02
8.018331608051159076e-01 2.016537845026166731e-01 -4.454559544362530349e-02
8.079821080657312304e-01 2.023395643478911876e-01 -4.682101045969769976e-02
8.114231674470872013e-01 2.033379646288728249e-01 -4.961714557651005636e-02
8.012808814419658532e-01 1.994779752023957964e-01 -4.741893333132668475e-02
8.073024625934176468e-01 2.008663270705862147e-01 -4.930799526159657803e-02
7.944024062006264097e-01 2.016714792357794661e-01 -4.292755498043576701e-02
7.935583068105760418e-01 1.995434327577517153e-01 -4.563736996400646895e-02
8.100108684032107931e-01 2.023210227165381236e-01 -5.061437133498034036e-02
8.145327235491449658e-01 2.067390869104884510e-01 -5.256677471336440588e-02
8.156861423544291556e-01 2.096425065652531283e-01 -5.228942834795565625e-02
8.148715247221318680e-01 2.127255617213384131e-01 -5.175546180871590934e-02
8.029095456407385756e-01 2.094282275864963183e-01 -5.424134517902600566e-02
8.085875157835786808e-01 2.094428397534470465e-01 -5.533227556484203447e-02
8.025404267265831004e-01 2.080159604752779556e-01 -5.585401860765312060e-02
8.083109048227938853e-01 2.079588211052681435e-01 -5.646286677208472299e-02
8.130421760956738630e-01 2.118366088509681111e-01 -5.486902716185835388e-02
8.133223564867069211e-01 2.099482213226316896e-01 -5.547217549447228807e-02
7.887383199691566649e-01 1.995940214963617676e-01 -4.462418437783378933e-02
7.884358785661294000e-01 1.993297701630759033e-01 -4.889690401783199081e-02
7.932264723051818400e-01 1.991879964505300638e-01 -4.983533057891305351e-02
8.008939321288564006e-01 1.994158112923808956e-01 -5.171812312859231514e-02
7.933925455956111206e-01 2.011675049135464854e-01 -5.367449133304162678e-02
7.950069648352245943e-01 2.050036269009015422e-01 -5.535646315642846205e-02
8.016704049716990577e-01 2.053705771229202559e-01 -5.625228402421229845e-02
8.008434863707357687e-01 2.019237256371343714e-01 -5.507654868035677387e-02
8.073241443440822840e-01 2.057390136764023492e-01 -5.640044771069076951e-02
8.066076362657449428e-01 2.030458082585626656e-01 -5.543599045214511745e-02
8.067611555538639623e-01 2.009909092014955656e-01 -5.278660762211577484e-02
8.111257447595010550e-01 2.054787242330683716e-01 -5.555599095203356957e-02
8.126959303519912803e-01 2.076216783444427560e-01 -5.584270346779050820e-02
8.124839526095343212e-01 2.044528294095590559e-01 -5.280970949094554445e-02
8.101326432681668077e-01 2.027422318170838678e-01 -5.296673174821428520e-02
8.095516152138033661e-01 2.037326467944472197e-01 -5.494215483319139781e-02
7.604691659514525304e-01 1.982099914508977656e-01 -6.354513143948330167e-02
7.550684353187060438e-01 1.986722135240799603e-01 -6.178479316378784891e-02
7.534434842764354823e-01 1.963574969524954084e-01 -6.553703871815590165e-02
7.590343959002450180e-01 1.957820084539839967e-01 -6.743987469785524269e-02
7.608093209453867800e-01 2.089117903106822716e-01 -6.437607771822466407e-02
7.545539462632629979e-01 2.099656077612475080e-01 -6.193594906557498003e-02
7.558650236811993439e-01 2.063780737567230406e-01 -6.006862063018291592e-02
7.615425226462321229e-01 2.058851130441376465e-01 -6.245166392725663013e-02
7.595430463585107761e-01 2.099089650939550689e-01 -6.872363409669370038e-02
7.527287316159100294e-01 2.109913756797431872e-01 -6.689536779185170645e-02
7.482550863954946507e-01 2.102856431073885646e-01 -5.968502400328319635e-02
7.390394385434573277e-01 2.101463653090181738e-01 -5.684842737215767966e-02
7.407599497830645863e-01 2.053309919896061098e-01 -5.504702861136572672e-02
7.500007580386995887e-01 2.061673695517063920e-01 -5.768708241022663802e-02
7.559883428424060137e-01 2.024046692634445255e-01 -6.008059097658217940e-02
7.615206242098186973e-01 2.021500326117496305e-01 -6.214813143295754710e-02
7.446638846832898118e-01 1.975178717188622868e-01 -7.074790834167363207e-02
7.514517629846956259e-01 1.982845584802563066e-01 -7.278340238449076960e-02
7.521519096401519944e-01 1.963537120305315076e-01 -6.971278419324906939e-02
7.453702120550380616e-01 1.958078950231644522e-01 -6.744637602874137272e-02
7.354117978998568894e-01 1.948728469070582781e-01 -5.994675997719130928e-02
7.379687125612571785e-01 1.969281027687485586e-01 -5.618909227296432773e-02
7.400728764424716610e-01 2.006272809894538989e-01 -5.496436578646404780e-02
7.444561323253554574e-01 2.021259576791575308e-01 -7.246462261571146035e-02
7.336397870306284874e-01 2.011019892316752433e-01 -6.893117628230033267e-02
7.342448400980410295e-01 2.072663263040542270e-01 -6.770244250087617544e-02
7.445761977968962109e-01 2.079499113479368055e-01 -7.042903913960300855e-02
7.502596266893889476e-01 2.017780173716892667e-01 -5.785682034952908948e-02
7.469420410913030217e-01 1.955470349526758356e-01 -6.330260206330157180e-02
7.489730880637015531e-01 1.979751675943791922e-01 -5.955592977925604214e-02
7.458560896259345263e-01 2.112281713642860659e-01 -6.490793246737573685e-02
7.513897274134352378e-01 2.077907988526649374e-01 -7.196081532923682966e-02
7.674235564070888138e-01 2.032307398928315523e-01 -7.789039473339075259e-02
7.672649695433754191e-01 1.991871740970241611e-01 -7.785372225935213719e-02
7.574739388592166556e-01 1.983181448613740849e-01 -7.506214766162992713e-02
7.575396620393569647e-01 2.027117041037318768e-01 -7.577432884520353407e-02
7.511165511565766062e-01 2.024154131200378293e-01 -7.419448410854846687e-02
7.583322044155506036e-01 2.074204901321400341e-01 -7.341006598626685642e-02
7.678871592417795267e-01 1.956372048225595017e-01 -7.047790992321377457e-02
7.690563758135779970e-01 1.974414049602008225e-01 -6.645533106008184865e-02
7.699104315775857632e-01 2.012302018163378281e-01 -6.503661274389295477e-02
7.363122019532907236e-01 2.114159944195061203e-01 -6.227818025874437557e-02
7.334116653325766233e-01 1.962348318472681152e-01 -6.745595457332538569e-02
7.702174210939671806e-01 2.045997114491080460e-01 -6.531216841236185677e-02
7.699505745705031989e-01 2.075149122928297563e-01 -6.705944452294719527e-02
7.578347861070902081e-01 1.960096298431400208e-01 -7.187835874728717989e-02
7.670120247159740723e-01 1.963210822433862635e-01 -7.494857833210226417e-02
7.678997301818291099e-01 2.070618233105568917e-01 -7.549856246218450417e-02
7.686845933207101522e-01 2.091134487825218324e-01 -7.110562929191371895e-02
7.752562770040628548e-01 2.085722583474053649e-01 -7.280552149154152775e-02
7.743135884204013220e-01 2.070257641269707682e-01 -7.724772734560891863e-02
7.766891021494377600e-01 2.071703759487916741e-01 -6.875476709543976161e-02
7.764766023223097502e-01 2.039757686670925774e-01 -6.725842905619289214e-02
7.755964880555802354e-01 2.007678620720914631e-01 -6.702978300969358871e-02
7.738892238680633584e-01 2.033262355009748390e-01 -7.939563947666875010e-02
7.735931718116140221e-01 1.998327386983524689e-01 -7.918717710552433675e-02
7.725410253556665996e-01 1.967831485496936705e-01 -7.642935081403912090e-02
7.786229734196541408e-01 2.031772004426903866e-01 -8.088106523299447292e-02
7.801900754927697523e-01 2.064301579864769864e-01 -7.868558546369171236e-02
7.930171487556605392e-01 2.050011309845129470e-01 -7.287306839088919519e-02
7.929514386143650118e-01 2.064394268930859477e-01 -7.453725942275243876e-02
7.885437154614475253e-01 2.062355029188775724e-01 -7.328705023356234249e-02
7.884905274909292938e-01 2.053349982454374389e-01 -7.129990798952734465e-02
7.852060582153977952e-01 2.069678865295806747e-01 -7.267147420367771338e-02
7.828747468754806427e-01 2.067834170504148084e-01 -7.057710394190605530e-02
7.878624169013991319e-01 2.078321097172945164e-01 -7.643723373301306023e-02
7.838980854958264022e-01 2.077340502406941902e-01 -7.517419778551472087e-02
7.923246873968876614e-01 2.078941955728335345e-01 -7.793301301087034172e-02
7.904895619785342609e-01 2.063008114803389914e-01 -8.111804120986700062e-02
7.861522782944216914e-01 2.061018481120968082e-01 -7.942729542416834820e-02
7.831958880378866450e-01 2.069139205292621631e-01 -7.791525213111215320e-02
7.965142315973747777e-01 2.051383375147281807e-01 -7.533301113438271857e-02
7.959114835731131432e-01 2.067970820979972979e-01 -7.592786820041598495e-02
7.804577255142506331e-01 2.079648441453622321e-01 -7.418527050351200747e-02
7.816189235690936821e-01 2.036508349735755286e-01 -6.868465160801606739e-02
7.875779115325672874e-01 2.028383461790386200e-01 -7.018125855202585195e-02
7.925339625100915608e-01 2.024886281418238065e-01 -7.214392185982820838e-02
7.956775261675800293e-01 2.023533054600627490e-01 -7.497750463525276743e-02
7.863906572198807732e-01 1.998362419181937688e-01 -7.044104692913635835e-02
7.914009234599473919e-01 1.998418841341545182e-01 -7.261487013771228405e-02
7.940100437158129631e-01 2.000155050385990507e-01 -7.513017568498639442e-02
7.850705760695791957e-01 1.971960697847834898e-01 -7.188232880470886432e-02
7.902637602073784295e-01 1.978138034561817971e-01 -7.402326391485734847e-02
7.803248943659629733e-01 2.003736481403016467e-01 -6.867128978940199857e-02
7.786683402015246447e-01 1.975850273045182404e-01 -7.005442551508177240e-02
7.925123682216939081e-01 1.987066326346648704e-01 -7.564170017447820193e-02
7.960736853064535046e-01 2.024311588987289245e-01 -7.935550728737329751e-02
7.970654013261952997e-01 2.055272945006499374e-01 -7.952605007329763276e-02
7.961917510125435804e-01 2.079913019107071381e-01 -7.925708748793242053e-02
7.848950396643138427e-01 2.048925622498265764e-01 -8.126804365832943078e-02
7.896375666026859141e-01 2.045547860625466507e-01 -8.247661078180497374e-02
7.838455491036054879e-01 2.024735647117374970e-01 -8.201683088019338930e-02
7.889887124986431077e-01 2.023805131005129709e-01 -8.288748138693717571e-02
7.938130400792949848e-01 2.067211972599912739e-01 -8.169166250605330859e-02
7.937826937485739087e-01 2.050623927297709481e-01 -8.242722320540567249e-02
7.742673449609180913e-01 1.977095933806290728e-01 -6.842238910121230255e-02
7.729196480202890074e-01 1.961243511793243910e-01 -7.202850892089256163e-02
7.772953165206608617e-01 1.961728773545815263e-01 -7.328701235490628352e-02
7.839314784814568338e-01 1.960535987769989608e-01 -7.538923176668263504e-02
7.767665592290843302e-01 1.969340977816041727e-01 -7.749628036031799838e-02
7.777886633920298998e-01 1.998278458179474359e-01 -8.012043620824903234e-02
7.831569686218212700e-01 1.996959646338705985e-01 -8.137964316629643646e-02
7.829249213965387977e-01 1.971028380173814876e-01 -7.910383419996215582e-02
7.884571963119635374e-01 1.999423626343393712e-01 -8.210863588681587000e-02
7.883117374069091854e-01 1.978048874258946099e-01 -8.023107148471095296e-02
7.891867789223943053e-01 1.969667930356669705e-01 -7.705882244372162793e-02
7.919879120886540447e-01 2.002362080035257341e-01 -8.148488668580053385e-02
7.929844398561144425e-01 2.026147384629862214e-01 -8.237044718461249138e-02
7.940887263815150643e-01 2.000539274150585356e-01 -7.864508031500180851e-02
7.921127545517983037e-01 1.984058326039828679e-01 -7.801120220325478971e-02
7.910560244836115640e-01 1.986263064236799547e-01 -8.025390684354914705e-02
7.337703284067412790e-01 1.949398533445045878e-01 -6.393518382074266093e-02
7.360373988243136267e-01 1.920633296842425008e-01 -8.492264095072270258e-02
7.321865252925784384e-01 1.925698271513649473e-01 -8.216441096740245698e-02
7.302540084786257601e-01 1.906276049029736186e-01 -8.470437109864376035e-02
7.340104070557209592e-01 1.900491621354153948e-01 -8.744779380386771828e-02
7.361958791435064819e-01 2.016451695848573145e-01 -8.778814289152764294e-02
7.318416016192527129e-01 2.026925345140317136e-01 -8.473001644637601082e-02
7.334062287603321240e-01 1.997597935803613056e-01 -8.181126430024730778e-02
7.376951650752108236e-01 1.990683438946585504e-01 -8.490342027512084999e-02
7.335845948159647190e-01 2.015971745828552542e-01 -9.211296945809531456e-02
7.289762234998372614e-01 2.025949136600447564e-01 -8.931051958546754044e-02
7.266832923269755939e-01 2.029188943121149891e-01 -8.104805741277132380e-02
7.184139550598144242e-01 2.033120190556862439e-01 -7.495541352424144044e-02
7.210801407712009725e-01 1.992643274671082043e-01 -7.294693412089367501e-02
7.284209674050203809e-01 1.996828811677660298e-01 -7.823694553985302558e-02
7.082966537462184187e-01 1.907318117515700295e-01 -8.038178235923061632e-02
7.140759133016117977e-01 1.907005551003466415e-01 -8.308312556248363678e-02
7.161691089136831279e-01 1.892512468142698578e-01 -8.001517028948455790e-02
7.097748543211770400e-01 1.884626805126270177e-01 -7.685694139868233521e-02
7.334595584213681185e-01 1.959003381420842682e-01 -8.099397494929043428e-02
7.374537339579766426e-01 1.954123654778737174e-01 -8.412563649653183318e-02
7.220466991277780799e-01 1.911849059245826210e-01 -8.787889738904042236e-02
7.265912639151016483e-01 1.913581391295786638e-01 -9.110069943845838791e-02
7.283492499569298451e-01 1.901629448303620018e-01 -8.791390863645201503e-02
7.240874485320381027e-01 1.897674624660083964e-01 -8.482882808879486924e-02
7.128045393874479219e-01 1.880604895127183096e-01 -7.317915201120217539e-02
7.185167020304490393e-01 1.894449357832917458e-01 -7.689818489268308854e-02
7.204244699844906119e-01 1.914728111648131559e-01 -7.410447916126372547e-02
7.164115616068824632e-01 1.893402320598854272e-01 -6.992627247481358888e-02
7.216399305220609905e-01 1.945271230234216497e-01 -7.304863273859465989e-02
7.208989895392102776e-01 1.945752649738915763e-01 -8.973372311075182572e-02
7.126972878456819815e-01 1.939969790424387330e-01 -8.476416073912017290e-02
7.120463194683017694e-01 1.990539703624615575e-01 -8.462088300534875707e-02
7.212933093998351586e-01 1.992512687388849624e-01 -8.944196743567806029e-02
7.288336310911296412e-01 1.957286626975582866e-01 -7.782324991936126479e-02
7.260268887064493804e-01 1.902039182539881079e-01 -8.171827730328337647e-02
7.278159616442189117e-01 1.924300258662981211e-01 -7.901504849666397823e-02
7.236394818405923468e-01 2.031049668286185883e-01 -8.550697202872280245e-02
7.266276810333641700e-01 1.990545846785902739e-01 -9.267352633016216756e-02
7.356122885825958635e-01 1.934795517241608420e-01 -9.969836948259029608e-02
7.358662389987364882e-01 1.905878142856595459e-01 -9.802124246978628774e-02
7.304557666384360326e-01 1.908980603526249098e-01 -9.416296399985546461e-02
7.298605718279509436e-01 1.941911174954779329e-01 -9.617329768973689741e-02
7.257587372459735064e-01 1.946862906144048999e-01 -9.315326210069413415e-02
7.310006575226613013e-01 1.984201758075687660e-01 -9.558551661347806927e-02
7.391853763663850385e-01 1.894608340493335596e-01 -9.112178705894949382e-02
7.414594308779892673e-01 1.914144866943544854e-01 -8.866993743409942730e-02
7.427472325391260011e-01 1.946005524936239017e-01 -8.787261514614917723e-02
7.146124685679249300e-01 2.043030195740733468e-01 -7.990853439717232609e-02
7.432573850759305323e-01 1.978351575210384461e-01 -8.871503721880927285e-02
7.421121740611287265e-01 2.002953863042936655e-01 -9.131831110169442989e-02
7.320854394704902068e-01 1.896250859372533293e-01 -9.079542509279163454e-02
7.372550145537156707e-01 1.891853253984965566e-01 -9.468216192723341584e-02
7.368436428643782010e-01 1.973287464191670892e-01 -9.902412569602091208e-02
7.393646436380272302e-01 2.002575008352123209e-01 -9.540119473202321454e-02
7.440579112854150967e-01 1.997827266177780725e-01 -9.819544393902158996e-02
7.416464828946761623e-01 1.968761605425167482e-01 -1.017606813189556730e-01
7.465603177492134979e-01 1.994993619076329272e-01 -9.400192479963014047e-02
7.472117506089698269e-01 1.971378216584972476e-01 -9.136435759820249469e-02
7.463790825553678898e-01 1.940886689589884362e-01 -9.053217393231337284e-02
7.401817192908303200e-01 1.929124903295651172e-01 -1.021549055773863096e-01
7.402060093063099755e-01 1.905720184840646036e-01 -1.002657528687710409e-01
7.410213065385148345e-01 1.895008857823573811e-01 -9.696774178755618312e-02
7.445249806931240055e-01 1.927977917514589468e-01 -1.043284231705982334e-01
7.465982481962111228e-01 1.964987931253449893e-01 -1.040495632408409421e-01
7.587901596311462660e-01 1.962708770141456116e-01 -9.922875470963446465e-02
7.580171202546991394e-01 1.974937713481619561e-01 -1.007594653965994402e-01
7.550651521098074026e-01 1.977054208912367994e-01 -9.941279390053804621e-02
7.553602496291130786e-01 1.969979845131440976e-01 -9.732809880085531440e-02
7.521111116634111582e-01 1.984488721536860345e-01 -9.873302139596215610e-02
7.508146174171997922e-01 1.985108872820735282e-01 -9.638388439742194558e-02
7.533829228064019556e-01 1.984230984393227926e-01 -1.024641018027898504e-01
7.503051175349473301e-01 1.985712709113505448e-01 -1.011029605309843593e-01
7.567624274839899190e-01 1.983188774861275316e-01 -1.042665114267794374e-01
7.549960957825850860e-01 1.959639472088696155e-01 -1.071852299299346778e-01
7.516522562520375761e-01 1.965096479770429838e-01 -1.056722590337462186e-01
7.493395879729686238e-01 1.973747136610356778e-01 -1.039000723911380208e-01
7.612004444478399634e-01 1.959614180813381845e-01 -1.019072424619216766e-01
7.602495788039193014e-01 1.974324707878687968e-01 -1.024269498415732449e-01
7.477692746624814424e-01 1.990488658612150907e-01 -9.997062783434448874e-02
7.508372546651103097e-01 1.965227737759649984e-01 -9.366099434882170505e-02
7.552797726592589411e-01 1.954593362248599198e-01 -9.574327532509614713e-02
7.594586721465604873e-01 1.944594338818157464e-01 -9.836865131818392505e-02
7.612866178784808424e-01 1.936711744237792909e-01 -1.016745995240954659e-01
7.542449836622076020e-01 1.931862362308848780e-01 -9.525379852277400528e-02
7.582527073462757006e-01 1.923515471528862431e-01 -9.814621235812760747e-02
7.599144910335117187e-01 1.917581695686784715e-01 -1.011060355470713851e-01
7.522987225294573976e-01 1.909768183170231781e-01 -9.567048007949188748e-02
7.565142006027668620e-01 1.906147629501525331e-01 -9.856793338053132514e-02
7.495963954912431282e-01 1.939300792358156778e-01 -9.261801559565968622e-02
7.476957978912557312e-01 1.914772447899538432e-01 -9.301777183193228604e-02
7.584829608601809658e-01 1.907424240557318851e-01 -1.006927436577358947e-01
7.604814986549561784e-01 1.930156925102985699e-01 -1.049658397578233787e-01
7.607454047592550062e-01 1.953819531902099560e-01 -1.057503875708804553e-01
7.596858407016245929e-01 1.977963850922528632e-01 -1.058485820520059933e-01
7.503224604308942336e-01 1.946898448352163691e-01 -1.067668375283768872e-01
7.544415390029403090e-01 1.938866665267665879e-01 -1.081519262754694066e-01
7.490236527484013251e-01 1.922336665440096404e-01 -1.061804703242109904e-01
7.541501236983370049e-01 1.917238019368162905e-01 -1.074180469354139716e-01
7.576921801767469988e-01 1.961611177106594439e-01 -1.078627603246087724e-01
7.580414574211749024e-01 1.942668598869330132e-01 -1.079410206552665480e-01
7.448138945517878140e-01 1.912632742348521764e-01 -9.124693069041610316e-02
7.428602803073689476e-01 1.895538139554423795e-01 -9.348333481252454891e-02
7.457198124986104126e-01 1.895010059964451765e-01 -9.533880843110734138e-02
7.503609946751765847e-01 1.892034045559586874e-01 -9.771980236982072410e-02
7.443098451622031098e-01 1.893159754920742677e-01 -9.893857539680622759e-02
7.438215526711483561e-01 1.904406100661767409e-01 -1.021742180809003947e-01
7.487330377614372923e-01 1.901281668579618833e-01 -1.043205489053274926e-01
7.490628794446594352e-01 1.888563696565035144e-01 -1.012317756332051788e-01
7.538762200500310762e-01 1.900566830480722724e-01 -1.055648733320849048e-01
7.540881246712601849e-01 1.891517812948757538e-01 -1.030525457098254161e-01
7.550453025249594941e-01 1.893171108863908048e-01 -1.002888212961153130e-01
7.574876567632953250e-01 1.906947517288789806e-01 -1.052656014152665576e-01
7.579685978155606962e-01 1.921388164242992247e-01 -1.069609152641739780e-01
7.593791119112013321e-01 1.912822482790268730e-01 -1.036929274725291727e-01
7.578740528734919657e-01 1.902071462882570507e-01 -1.022750219433583574e-01
7.568504750032029049e-01 1.899249863782963565e-01 -1.037205736880269791e-01
7.080068014300175960e-01 1.935818146467096768e-01 -8.222273523722202493e-02
7.090528301961056545e-01 1.969457564272566463e-01 1.687403710348008706e-02
7.102973051020575745e-01 1.942049061635409413e-01 1.324818934812069596e-02
7.083415206445700107e-01 1.847318639989440348e-01 1.130373047502148710e-02
7.050834512543662225e-01 1.805611737785213777e-01 1.406606585897807182e-02
7.015794253073257547e-01 1.797552506604708500e-01 1.868243597117286506e-02
7.002809828187969154e-01 1.822655263083931554e-01 2.253200870192584998e-02
7.010231952646748255e-01 1.866780886180520738e-01 2.460131793698795352e-02
7.103759597386674063e-01 1.900632425180755480e-01 1.113601517827720287e-02
7.064348240415349034e-01 1.972769181401512195e-01 2.129395141489004092e-02
7.031356721981585345e-01 1.926954056148415528e-01 2.445294815671378297e-02
7.112963965837995062e-01 1.913122851106350275e-01 3.019440915749483159e-02
7.141887266604017848e-01 1.960276019590863894e-01 2.651777039722453058e-02
7.085993955224404450e-01 1.851061199647119071e-01 3.046705640844579385e-02
7.071013947928053156e-01 1.805629604466013061e-01 2.765257105578964800e-02
7.073127791864994851e-01 1.782633269136584542e-01 2.283006429826095474e-02
7.161765281625896984e-01 1.960075073098782872e-01 2.123089581285209082e-02
7.165710639689494288e-01 1.931713453147665682e-01 1.690771569400035049e-02
7.155041295938863177e-01 1.883730491743920155e-01 1.441745085578816608e-02
7.229109420158440491e-01 1.950723296657222161e-01 2.583597724069365900e-02
7.237464062552853017e-01 1.945837094021566904e-01 3.245044623547146956e-02
7.262358406421395296e-01 1.808591624757144856e-01 4.035145072396900678e-02
7.266583899576369854e-01 1.845539141728365362e-01 4.213606570958992187e-02
7.232128759316366340e-01 1.849414657328279921e-01 3.994214680767291942e-02
7.217569088568435154e-01 1.812449406542884500e-01 3.836701305342431201e-02
7.212680731845713122e-01 1.859816753575960491e-01 3.812400382583632646e-02
7.175615528687041556e-01 1.838246701172721875e-01 3.595569935808654721e-02
7.254343439200822141e-01 1.900607071054586372e-01 4.005647154156732892e-02
7.233209516388777738e-01 1.900586054540408243e-01 3.792971121201343249e-02
7.283298399563373771e-01 1.935641076055978904e-01 3.756006072808742990e-02
7.254506126174704583e-01 1.933055417226376416e-01 3.662519689867225342e-02
7.286256865323417209e-01 1.897883814788981494e-01 4.278320562534562027e-02
7.298111311812932600e-01 1.847294784010188873e-01 4.380602722728001858e-02
7.318574785440410402e-01 1.885237769864635538e-01 4.389596797102379017e-02
7.306941147168705131e-01 1.821616073453189155e-01 4.228630217120524226e-02
7.197692898570199338e-01 1.902705176892940941e-01 3.532830550353126264e-02
7.141394277751915709e-01 1.792184905522221927e-01 3.172724653022657160e-02
7.207291130904405208e-01 1.780969214106494503e-01 3.522483373897809800e-02
7.267410673149653499e-01 1.781978756149695531e-01 3.763092811646331221e-02
7.317819714560721556e-01 1.802322532217224826e-01 3.890682277265548189e-02
7.212344161737219705e-01 1.764087779324183536e-01 3.032825701277526431e-02
7.279853924606110027e-01 1.776011800099500659e-01 3.334309262350630687e-02
7.321231180883044365e-01 1.799833169941584821e-01 3.505229713102344519e-02
7.230218474637473136e-01 1.779592644579895133e-01 2.577442791653989165e-02
7.291065843262543034e-01 1.791425949794121508e-01 3.001710299783028404e-02
7.132574669890124897e-01 1.770576299303235623e-01 2.629751974771147444e-02
7.145418029478409760e-01 1.781259194489225872e-01 2.084336224815402927e-02
7.319839597883183169e-01 1.805260800222555917e-01 3.238140376931950004e-02
7.352443521293273720e-01 1.844564708383584772e-01 3.850773941662213873e-02
7.346258000020351453e-01 1.861714525314163149e-01 4.231694842905577708e-02
7.294133055114313535e-01 1.943124352679942990e-01 3.398965272576136287e-02
7.311138615543043562e-01 1.931055505545687390e-01 3.992160820625859780e-02
7.330180721181612791e-01 1.931585090270791505e-01 3.646859667090821683e-02
7.293703466811177760e-01 1.937235428454708863e-01 2.951294750832302027e-02
7.338299519984929908e-01 1.916830058284012261e-01 3.293390534168857270e-02
7.332830375564297620e-01 1.917610880071509705e-01 4.193709398135442301e-02
7.352223497188087320e-01 1.907944982980366855e-01 3.948106716102893488e-02
7.095689692005602289e-01 1.791517694331420385e-01 1.770573817001253047e-02
7.127645165977392061e-01 1.828814509664298260e-01 1.471884583016314085e-02
7.175455027001730324e-01 1.822615564632923402e-01 1.786410994601270175e-02
7.251608686672563753e-01 1.819800997954284516e-01 2.285887574891877494e-02
7.207556302914756019e-01 1.879116856581145856e-01 1.773546877511920916e-02
7.225403344945461326e-01 1.928190547541075717e-01 2.078393911015698897e-02
7.291365218125640535e-01 1.912912577509018608e-01 2.568457816672797475e-02
7.278243945147704341e-01 1.870702339703977923e-01 2.285604593162074774e-02
7.335311314659307413e-01 1.892242799755212979e-01 3.000213507693100246e-02
7.322686949737926554e-01 1.860922967022150820e-01 2.825010452105984268e-02
7.307280257605140994e-01 1.822592218117035368e-01 2.825261464850057150e-02
7.350568323232794521e-01 1.867245245928254305e-01 3.316538568581439000e-02
7.358974248512023530e-01 1.887225240139523419e-01 3.616571299930732702e-02
7.344488767917510819e-01 1.834022926646852458e-01 3.497149805734459799e-02
7.332515630535101359e-01 1.828229040999728439e-01 3.194408316759542177e-02
7.339051670715677211e-01 1.852706205779008908e-01 3.124843924191389802e-02
7.047707782492224071e-01 1.871486916446080395e-01 -7.524544701010631165e-02
7.076161672031058281e-01 1.866564378778117206e-01 -7.026837655363764312e-02
7.008105494982006523e-01 1.864805570767834042e-01 -6.874715173803845614e-02
6.925145949167090809e-01 1.859145704125562404e-01 -6.733993793207050660e-02
6.837254470634407388e-01 1.874123203160884266e-01 -7.110473335411475471e-02
6.945713850938064482e-01 1.870247276769680389e-01 -6.154269321043046026e-02
7.028336103993013673e-01 1.874390475258810029e-01 -6.317742522448019371e-02
7.120239828951601124e-01 1.881732516866734539e-01 -6.487173577341014130e-02
6.896077680574566049e-01 1.882853660567463949e-01 -5.540006737186706914e-02
3.672139427027760333e-02 4.247957567811091462e-01 9.402554799968118604e-02
4.005110024600683910e-02 4.237430292082853267e-01 9.191335827267238523e-02
4.126175261145129808e-02 4.181600872155299409e-01 8.909344910925845462e-02
3.879739532557494736e-02 4.177967889545494140e-01 9.095541945984569887e-02
3.570421044197819721e-02 4.177272457006699913e-01 9.274585608173918638e-02
3.192484084553086354e-02 4.178353576626168131e-01 9.388655948167481946e-02
2.649395358289753644e-02 4.248792667957474456e-01 9.530647365286272488e-02
3.195284420219186156e-02 4.253107969065548222e-01 9.532250043249505811e-02
1.708868163310067051e-02 4.193280727458266743e-01 9.218594426606599446e-02
1.884320586901836250e-02 4.207328657503638381e-01 9.248274799041661387e-02
1.781881206136234561e-02 4.184564840926172091e-01 9.247123710807746144e-02
2.375583933316530519e-02 4.182199052292530639e-01 9.381100404209299914e-02
2.011075660468820969e-02 4.185216665476508835e-01 9.280948843084092792e-02
4.377193534960228949e-02 4.213667227024729400e-01 8.800603001885601295e-02
4.455357875716269012e-02 4.202968283391477211e-01 8.679177436654815503e-02
4.223799180795904246e-02 4.226117568738309571e-01 8.989548619956876097e-02
2.779956813846874361e-02 4.180307314877149127e-01 9.424952571789725619e-02
4.424898885593041287e-02 4.193630100738844346e-01 8.651392402005513016e-02
4.307329143637208396e-02 4.186786491736925186e-01 8.734995149534277581e-02
2.187845332482733773e-02 4.232302947847562669e-01 9.390502433693169448e-02
3.596732583621684715e-02 4.199035525176640360e-01 9.281929543524733428e-02
3.209847959343288537e-02 4.200232430791220883e-01 9.419205818305580180e-02
2.735333535387089038e-02 4.226361278202653837e-01 9.508934903332223743e-02
3.218134775912500495e-02 4.227447872375689197e-01 9.472396349692119299e-02
2.408678169755070278e-02 4.199016547215970174e-01 9.415789598723557641e-02
2.163637655240123817e-02 4.197212538002860205e-01 9.334497142184541851e-02
3.888521209192514344e-02 4.196398363408052612e-01 9.107587052350006596e-02
2.787493798798012720e-02 4.201457617502925568e-01 9.466866250599287325e-02
3.640794486114955902e-02 4.222420461319327245e-01 9.320452440132068195e-02
2.110605776059233663e-02 4.206700870417299232e-01 9.335730271572828531e-02
2.329549523971186781e-02 4.217179009977347626e-01 9.432957413187227635e-02
4.374279135181202705e-02 4.202173017539044819e-01 8.737873088681649691e-02
4.353083365404041005e-02 4.197601947430855684e-01 8.728788694689620931e-02
1.582958493445954865e-02 1.924737566825879820e-01 7.404034253232832929e-02
1.583281395337748920e-02 1.762615367504180020e-01 8.428946933345428383e-02
3.935614441920393114e-02 4.216501902933842971e-01 9.137320276139537789e-02
4.255414185674630950e-02 4.196163135917428955e-01 8.814603502378201560e-02
4.098620202855868255e-02 4.195905114398171265e-01 8.950556577149992865e-02
4.138398743405617697e-02 4.210576757225111821e-01 8.967443956933665583e-02
4.286417742495922389e-02 4.205361740096733580e-01 8.826195620552397536e-02
2.723086165376763512e-01 2.151249537769398257e-01 2.024915735446215087e-02
2.734733577594917198e-01 1.988378295583087263e-01 2.103789094139333488e-02
2.716895710322188573e-01 2.473468374318676388e-01 -1.971975406094059191e-02
2.664954068496700468e-01 2.429839366025142167e-01 -4.059522146828722922e-02
5.934487186695647926e-02 -7.254686332726152653e-02 1.419064141574437610e-01
1.048261669303750254e-01 -3.356041211557685838e-02 -5.343521267856235490e-02
1.066457916996847305e-01 -1.654158663839951429e-02 -6.018009224314827682e-02
3.682107724764469708e-02 -1.712627084044981290e-02 -8.260889014002878450e-02
5.554596517276164797e-02 -2.103154566502438497e-02 -7.996426496287012409e-02
1.344725082895098234e-01 -3.083757222050059754e-02 4.895594217660808462e-02
1.339536204248565066e-01 -4.887401615554382711e-02 5.345642618049738226e-02
9.784998413922603444e-02 -3.595115601845711578e-02 1.031203269472118489e-01
9.626502839402553691e-02 -5.542040311521521240e-02 1.072011009610568527e-01
1.249226528118762697e-01 -6.978983623281743986e-02 7.951933848252390469e-02
7.747542932432834040e-02 -6.306586476289503806e-02 -6.542366061876442318e-02
7.448120900430341140e-02 -4.462424116973677524e-02 -6.893144562116516882e-02
9.124853566590709897e-02 -4.759683039142595384e-02 -5.998603065174989285e-02
9.468921428989721112e-02 -6.524913997773507113e-02 -5.710337823277510799e-02
1.795782491052086080e-02 -3.490321794666669669e-02 -7.284101682667834532e-02
1.797177496856412413e-02 -1.434867119896072844e-02 -8.014778083937973419e-02
1.409046268438730043e-01 -1.103509148016964918e-02 2.196707694416064061e-02
1.397290493281304335e-01 -9.777709406085565227e-03 -2.956367139913040031e-03
1.217303378977675071e-01 -4.759501019789388193e-03 -4.617750593089391814e-02
1.078079663183982295e-01 3.598033718232126381e-04 -6.229375952384374332e-02
7.562160477935124525e-02 1.402354792520150301e-02 -8.374668930831767610e-02
9.252272522141093136e-02 7.108190409189449159e-03 -7.429372485093500844e-02
8.522449361781153643e-02 -1.540184260099885030e-02 1.156535434134397522e-01
6.880119172972187780e-02 3.439371988135844077e-03 1.236654266645328126e-01
1.357898878216332039e-01 -1.244538039957216076e-02 4.642688425682762327e-02
2.535913175752808196e-02 -1.285016042098291629e-02 1.420093634519982440e-01
3.823921571093783639e-02 4.742025201058412687e-02 -1.017194013618226284e-01
6.027545854716209045e-02 4.326371056489697331e-02 -9.771865896419681952e-02
1.329465286125724732e-01 -7.975166689357542082e-03 -2.592358784335864821e-02
3.071283975608858283e-02 1.373384710189541891e-01 1.136918754753369204e-01
3.120687674541659795e-02 1.219507479688501650e-01 1.235935132655204410e-01
4.750143652913457748e-02 1.253642890168422952e-01 1.226101923445848674e-01
4.727292890564500916e-02 1.403019211239237007e-01 1.117908749388285133e-01
6.320252845401805319e-02 1.280197379674996860e-01 1.206957411744660202e-01
7.829334715377944676e-02 1.297655149549931664e-01 1.170545918465612512e-01
9.189613517450757885e-02 1.305044362322852480e-01 1.121662083893357198e-01
1.232917152130310057e-01 1.273599136933707132e-01 9.441149883602791004e-02
1.143635205774710811e-01 1.291111095844406920e-01 1.007812400478870080e-01
1.378001849107877708e-01 1.212671950164993934e-01 8.044275938985281926e-02
1.310438440807605576e-01 1.251083496735103107e-01 8.782658231304545093e-02
1.445834073637617956e-01 1.117136963334358774e-01 7.203889323544941659e-02
1.497520905638842770e-01 9.978969785337299392e-02 6.049931242274576154e-02
1.534225670387100449e-01 8.817102989713526684e-02 4.574207411126859912e-02
1.539918934825336705e-01 1.014528917498047078e-01 3.927389094869726538e-02
1.494921804872971771e-01 8.626881410945011486e-02 6.813315922253705692e-02
1.446689613154651388e-01 9.813183915169210181e-02 7.996559714039451483e-02
1.382730378707761609e-01 1.066786267975415592e-01 8.952599896565729964e-02
1.796587938944690585e-02 8.368088562111063167e-02 1.371356938576931972e-01
2.092153745372599821e-02 6.179240591363323321e-02 1.368022116327046733e-01
1.532709776288697194e-02 2.081546023061490724e-01 6.476033374039902313e-02
4.697385143685298137e-01 1.889140987116640358e-01 -6.521585239083915742e-02
5.858808270894247938e-01 2.192270146401675834e-01 -1.108948478685492685e-02
3.103132671541690077e-02 2.333685297728993191e-01 -8.765223040910483099e-02
1.614736828101152877e-02 2.295205745694361699e-01 -8.735419334053133589e-02
8.571582666288360972e-04 2.179374516418570995e-01 -8.793386251913036522e-02
6.750835511838000321e-04 2.282550464119158240e-01 -8.529214312268755538e-02
9.861306106621504919e-02 2.606089667355755424e-01 -5.875714150828226928e-02
8.637677344015110004e-02 2.489618233358631971e-01 -7.629043143604036237e-02
6.831727170021627271e-02 2.379121242076043807e-01 -8.635380084211738416e-02
5.008319419546021500e-02 2.293532773762456123e-01 -9.075725666129040581e-02
1.249709580296334693e-01 3.535560076496370961e-03 6.683424079174592192e-02
3.451637065365291412e-02 2.002623439419208562e-01 -9.826893328266166072e-02
5.213798510586504370e-02 2.192311437090135040e-01 -9.503304460395886610e-02
7.242085781034025838e-02 2.284821014084448265e-01 -9.194943930793826603e-02
9.204918432172547182e-02 2.398072843616303462e-01 -8.206585284545127312e-02
1.100705064472608241e-01 2.538040823430910975e-01 -6.408403297392037401e-02
1.238620914558351965e-01 2.541910615223372250e-01 -5.676258483537226229e-02
1.443328568892586206e-01 2.406278749543937223e-01 -6.041187998652884639e-02
1.530108265729819839e-01 2.407579481797397225e-01 -5.412018562769565361e-02
1.534721820487923161e-01 2.526535939988825974e-01 -3.967058197100425954e-02
1.639354133359960386e-01 2.530277869040007954e-01 -3.396815862925203766e-02
1.623794368268223487e-01 2.418428242388257210e-01 -4.865498758761215015e-02
2.353201219366530261e-01 2.424048294111151858e-01 -4.799436382490590569e-02
2.480564660368496932e-01 2.369345856880410162e-01 -5.281010508791773861e-02
2.557457241627970612e-01 2.278183720940798185e-01 -6.007565433686101741e-02
2.597509721811048222e-01 2.161160900961248688e-01 -6.644368334110867247e-02
2.594654423570111890e-01 2.033122989056128649e-01 -7.043852633787724138e-02
2.547385673354261026e-01 1.906553246826582781e-01 -7.127821539000504802e-02
2.444173754913402941e-01 1.807282242925607185e-01 -7.051378475092558162e-02
2.072802265600099114e-01 1.630594734059603035e-01 -6.158689574651107085e-02
1.950695013165580083e-01 1.570500194822977702e-01 -5.894487556872061995e-02
1.660070182360835755e-01 1.219326683258186994e-01 -5.739623841723331954e-02
1.578229805667523689e-01 1.139476848951747334e-01 -6.019261297807142891e-02
1.275738584618949789e-01 7.026086083296839702e-02 -7.687632886995372783e-02
1.378010478942031936e-01 8.540525063527937277e-02 -7.249653799229614781e-02
1.174266931083202264e-01 5.515841584703844863e-02 -8.013725940261846870e-02
1.017728092559140735e-01 -1.524068562905628033e-01 -7.766141843479669460e-02
9.482779424157210257e-02 -1.354599020277499066e-01 -7.106547021857757829e-02
1.148554390750225890e-01 -1.339629304460222825e-01 -6.146686156406546558e-02
1.217338628236162984e-01 -1.500983832942650031e-01 -6.710904350461728562e-02
2.201334854213370454e-02 -1.014946483066345023e-01 -6.492602895958950182e-02
4.405191861447946972e-02 -1.011813907074329000e-01 -6.662987875606643517e-02
1.623897877198769990e-01 -1.364181209674802664e-01 2.171372097622802783e-02
1.578578038214049906e-01 -1.334808050074172692e-01 -5.712336126339233495e-03
1.472690267602495828e-01 -1.322960341382747040e-01 -2.896306392526635035e-02
1.325327258268575170e-01 -1.324772938581654236e-01 -4.730436440083113370e-02
1.594480256743862068e-01 -1.406991545203425120e-01 4.892742950055771478e-02
7.935035690736715053e-02 -1.732249038358394388e-01 1.464256846506712395e-01
9.977572752274430079e-02 -1.673504231880795501e-01 1.318271254641861512e-01
1.607010952834044340e-02 -1.831168419899767419e-01 1.672890566069799301e-01
3.651513854390621427e-02 -1.812461322187723101e-01 1.641920188176285711e-01
1.507145511070048238e-01 -1.470778328737012419e-01 7.370503594794176883e-02
5.781459452075583816e-02 -1.779482514311095387e-01 1.575572187603469787e-01
1.190023810056132919e-01 -1.608798372435785717e-01 1.147218447504275846e-01
1.368606015476967197e-01 -1.541660593852389738e-01 9.523606724182070993e-02
8.785548426362921326e-02 -1.187490893018012111e-01 -6.553036423448310721e-02
6.851056247629012941e-02 -1.194230738562910427e-01 -7.062900787682112325e-02
6.424555798428321918e-02 -1.008098696658377147e-01 -6.491880850404395387e-02
3.630129503403069918e-02 1.120076228558514186e-01 -1.138803894250332988e-01
5.713078320720186426e-02 1.141096139332565401e-01 -1.138986659971602672e-01
7.816717548359558565e-02 1.180859197368896302e-01 -1.118080139828621089e-01
9.450467058493210171e-02 1.413183693943872721e-01 -1.102189856318973871e-01
1.111277302549785045e-01 1.490843734883816329e-01 -1.041797198213908066e-01
1.136490370535947481e-01 1.321567270101746405e-01 -1.025592961649879620e-01
9.690641216667374158e-02 1.242400424044691754e-01 -1.083317335581752000e-01
1.390968950748509847e-01 1.640746575760935189e-01 -8.693058482578081003e-02
1.499009867192374335e-01 1.697284444267327941e-01 -8.052543052282939984e-02
1.509490699253294155e-01 1.567939876168112645e-01 -7.812376915082293316e-02
1.404060318269035046e-01 1.500933213185342008e-01 -8.440444666090964054e-02
1.611140629800038859e-01 1.625608975201616735e-01 -7.389808501599233470e-02
1.694436042502775741e-01 1.677441812127305754e-01 -6.918141447417770762e-02
1.785821143857668769e-01 1.732660644415646711e-01 -6.561924869310556407e-02
1.899181404067338819e-01 1.792513127248854532e-01 -6.563844896977634458e-02
1.857848837524924412e-01 2.008508766754666108e-01 -6.712554607530030193e-02
1.761698137536328312e-01 1.963039012201648614e-01 -6.850369288144705915e-02
1.384775973581836572e-01 1.789037645317152203e-01 -8.744612742764711066e-02
1.250022046616749982e-01 1.735087885687287279e-01 -9.590001911529449918e-02
3.576264023709058160e-02 1.438676142969413929e-01 -1.077355044022217656e-01
1.696725518935127824e-02 1.408202194058265355e-01 -1.034124067922435608e-01
1.559985692207971897e-01 8.271359446596369958e-02 2.611070027037009841e-02
1.579865386782278447e-01 7.935582631803760056e-02 4.815761077966806622e-03
1.577014504512201376e-01 7.859225784245352231e-02 -1.439700441946894366e-02
1.559670547972382970e-01 7.993509917336623360e-02 -3.080505247036306737e-02
1.537789522647650398e-01 8.366096005939865909e-02 -4.498155443023303668e-02
1.500947455962075017e-01 8.877623932249462113e-02 -5.769348121199945750e-02
1.450124175677431348e-01 9.586764720557423847e-02 -6.856790992825362308e-02
1.513911561276352624e-01 1.054962330724034253e-01 -6.421083573045788251e-02
1.400089511198625847e-01 1.050802903287290785e-01 -7.749640821203018781e-02
1.476347039864082389e-01 1.143083861367857612e-01 -7.153089978773675972e-02
1.350383169825129515e-01 1.154125806849645858e-01 -8.485393102638323637e-02
1.306596520290100316e-01 1.273440957800156259e-01 -9.051608462876702121e-02
1.276682553861488989e-01 1.416015806372457608e-01 -9.389511449973469981e-02
1.255929297729209415e-01 1.570678018233303830e-01 -9.589381960023843354e-02
9.300773178872817626e-02 1.593325434413012109e-01 -1.102446586510036353e-01
1.095884684496028355e-01 1.666589426053707856e-01 -1.041691806428304556e-01
7.432399715470537627e-02 1.705309493953001965e-01 -1.104666441397697541e-01
7.408242794346092674e-02 1.871048750856795229e-01 -1.073108847794517207e-01
7.602313029758527019e-02 1.354306362858987145e-01 -1.134095963629912635e-01
7.500619241166001094e-02 1.528201472642078396e-01 -1.126984369794355040e-01
6.901984265521482476e-02 2.697430017925457335e-01 -5.907989871286509903e-02
5.330546431769559584e-02 2.626789233510992139e-01 -6.997484758367772395e-02
2.326570069220525727e-01 1.911379825593214343e-01 -7.127486998641677229e-02
2.423411836048932066e-01 1.919832713071464858e-01 -7.153873411692632245e-02
2.361514615908841541e-01 1.839732350189531851e-01 -7.105752308173363119e-02
2.307909748674189521e-01 1.852877364691278284e-01 -7.073063273655388894e-02
2.448390303857140571e-01 2.018186918904781024e-01 -7.077896974553395115e-02
2.319317811908871985e-01 2.091035994187114555e-01 -6.942833646192457520e-02
2.443609863251679504e-01 2.126584454821647263e-01 -6.825082927851046366e-02
2.330827448611926811e-01 1.996797317284845774e-01 -7.102965344416718729e-02
2.411223197967114484e-01 2.228382878383916577e-01 -6.408190420533974030e-02
2.294540991795194218e-01 2.182268970422516774e-01 -6.647662953603462876e-02
2.356365895377893482e-01 2.309709641746103270e-01 -5.942600966455132555e-02
2.260633693992996629e-01 2.259327288138638368e-01 -6.270495815163466824e-02
2.232376765476359881e-01 2.308698639712732370e-01 -5.950054577698812158e-02
2.276786801609503863e-01 2.359829551348890386e-01 -5.569508048494854757e-02
1.938639382316918736e-01 2.259837896285073755e-01 -6.026033207138740966e-02
2.051169571273378789e-01 2.286273536950937102e-01 -5.958071979898236364e-02
2.159190813938113851e-01 2.299944028594994860e-01 -5.937836044283000686e-02
2.011455830968084946e-01 1.842520531620167323e-01 -6.743960614830432632e-02
2.120794103358295823e-01 1.906798520938788599e-01 -6.947578736535023336e-02
2.226723687419920883e-01 1.957352641808890736e-01 -7.064287057857251972e-02
2.211436313259567410e-01 2.048199688315791578e-01 -6.953218802980706825e-02
2.104244527040369794e-01 1.996565908659577171e-01 -6.905807227928792424e-02
1.993152040649083800e-01 1.935013698349198341e-01 -6.771582991059092727e-02
3.559444373512592186e-02 1.274653204274529272e-01 -1.104721355417968010e-01
5.530574283207903563e-02 1.311923143255832314e-01 -1.137854767022036528e-01
1.599890337014319153e-01 1.748844855440801760e-01 -7.582586481096433018e-02
1.686122631566633057e-01 1.787570558263727738e-01 -7.124360747407652850e-02
1.777517536124214037e-01 1.827497466783002400e-01 -6.739099943080609223e-02
1.878977701829377678e-01 1.885579441071604800e-01 -6.656936351120469608e-02
1.675323583107656555e-01 1.914897104475308254e-01 -7.175360803850897029e-02
1.590678431705715712e-01 1.877716185908393232e-01 -7.638834559045401540e-02
1.492853778312939750e-01 1.834664137892166869e-01 -8.122817504730371618e-02
5.549872585393447050e-02 1.479850616596887769e-01 -1.116740928732443128e-01
1.682529880993260951e-02 1.246430330445344736e-01 -1.068020049502402119e-01
1.623503679210875073e-01 2.198222240018570528e-01 4.523758667905957570e-02
1.638689161934395455e-01 2.424881653365121847e-01 3.224230667556049479e-02
1.666904448621825685e-01 2.574392624825092013e-01 1.142056145751764451e-02
1.662604010773293672e-01 2.601399627738787967e-01 -1.302425990539305377e-02
1.020190668171168814e-03 2.601825819274657947e-01 -7.425559940559507688e-02
3.937790480826166561e-01 1.631706720447680115e-01 -2.977989209522638459e-02
-1.355882004900113395e-03 7.375228546854732670e-02 -1.083949263519640993e-01
-2.105220914002290614e-03 9.333417757202358556e-02 -1.111076840271493088e-01
3.172744517461941480e-04 7.649430407636229057e-03 -8.500431928105596502e-02
-2.531408658899913329e-04 2.696517198275431154e-02 -9.720725087543283238e-02
4.131844185723605040e-02 -7.905923675827816743e-02 -6.697135009280440199e-02
2.023438005626696304e-02 -7.691650044017905863e-02 -6.379757450496838234e-02
1.858567943897704300e-02 -5.486326787949475509e-02 -6.731966710952042021e-02
-1.548726330987326358e-03 -1.195724816196788443e-01 -7.328266475256360601e-02
-1.496788635152748737e-03 -1.008277437269860660e-01 -6.097137149948665680e-02
-1.796977287010824507e-04 -5.236376563515160454e-02 -6.202161196465250798e-02
2.129400735006370317e-04 -3.169835613688447296e-02 -6.704247682240095652e-02
1.798236012999641920e-02 4.957096162771480047e-02 -1.034787830810866560e-01
1.695956665635283203e-02 1.103491010184030618e-01 -1.129524885121788030e-01
-1.514351425394386535e-03 1.240692792336561684e-01 -1.044826030850712489e-01
-5.060124972806039761e-04 1.392827034987279555e-01 -1.008306807269352678e-01
-2.135865517120835548e-04 1.555048336606723591e-01 -9.904745413894618100e-02
1.046759073431768744e-01 1.031086439570801233e-01 1.282331639898971198e-01
1.041177097354946540e-01 1.165480815397841874e-01 1.182655245529269650e-01
9.229589610828302371e-02 1.168000132211795550e-01 1.237704840077531732e-01
9.297199771061881446e-02 1.034610582913656485e-01 1.335993414304184057e-01
1.234064120074838539e-01 1.011569672923502555e-01 1.140514131176239704e-01
1.231928047073167914e-01 1.139382290018529226e-01 1.048372101769914078e-01
1.142745604102461537e-01 1.155571128406462922e-01 1.117902129390797306e-01
1.145550833794984069e-01 1.024509916577975299e-01 1.214149929646507475e-01
1.309643356305980055e-01 1.113118102194402131e-01 9.743671233130561660e-02
1.310133874219525651e-01 9.867333056382222856e-02 1.061338408195215965e-01
1.050352708302372401e-01 8.881806719835437514e-02 1.356184907648589066e-01
1.151811066940160305e-01 8.818550911340075626e-02 1.288062027705516865e-01
9.343361803878869054e-02 8.934196842733095612e-02 1.408929759614085953e-01
1.306047095907644506e-01 8.581322845665316501e-02 1.130399807480529789e-01
1.236153968867762382e-01 8.741187082403015229e-02 1.211354543177757259e-01
7.948204388668479725e-03 3.075438238329515905e-01 8.468556273776252363e-02
7.470242906855640262e-03 3.122885403221881129e-01 9.965770191152441282e-02
2.168497418454230601e-03 3.524232504928606624e-01 1.144823187100355022e-01
1.767186461730103171e-03 3.566204034914044474e-01 1.126675641745508161e-01
2.482815966117905924e-03 2.970625852208573781e-01 6.357034034639323650e-02
2.785740580087023646e-03 2.896251454475872733e-01 5.827093124908645783e-02
1.227254131147301837e-04 3.353542560582457033e-01 1.107348963013825155e-01
3.951363528276623563e-04 3.220306463258815199e-01 1.105060487509298278e-01
-4.214895550148828373e-04 3.773478077528955033e-01 1.158332989883136543e-01
-4.256410864984572001e-04 3.740645443769647915e-01 1.145396729138862674e-01
-1.833222002370112210e-04 3.636780872447061275e-01 1.159032096746586693e-01
-7.132050759110027029e-05 3.599836916822212185e-01 1.146808928861259846e-01
3.059368176062095702e-03 2.805907144264462305e-01 5.413823167803701042e-02
2.009838319139473431e-03 3.028951773018031535e-01 7.185373661481819774e-02
2.901766152589885239e-03 2.601765779635224485e-01 4.819787943990886531e-02
2.912596610516971982e-03 2.501490830811813892e-01 4.624453036808673367e-02
1.276016555442751298e-02 2.418791224113230331e-01 4.638902537510225521e-02
1.354282982476027672e-02 2.314067299186809978e-01 5.029474097874160610e-02
1.633027282651028020e-02 1.019405195654955743e-01 1.316506937994446624e-01
1.533930975359152661e-02 1.443248862183111880e-01 1.029815643975790368e-01
1.474055378350003047e-02 1.339238769337227908e-01 1.155784397419409304e-01
1.555209659184414450e-02 1.596229749925761332e-01 9.335940003708856350e-02
1.447061675353343742e-02 2.208489406852245651e-01 5.705286805890197321e-02
3.045125249541857752e-03 2.704419971251864618e-01 5.077147914293442255e-02
1.135970561226429677e-04 3.477672576559092121e-01 1.140377840867429771e-01
1.199933314610994271e-04 3.425747466864068613e-01 1.111171294008020533e-01
-3.623684880267744393e-04 3.704138316164874989e-01 1.145574525127773247e-01
-2.690858638986606322e-04 3.670878836495433117e-01 1.152191767453546178e-01
1.278094171198243317e-03 1.910806170619296362e-01 7.515749709236092813e-02
6.560147908031038928e-04 1.741741579836232068e-01 8.509660413728994954e-02
1.542826166388205564e-02 1.178397463660401795e-01 1.239892680483380000e-01
2.126302556436748294e-03 8.166697654987103983e-02 1.359018173262725449e-01
2.743370161692610439e-03 5.958338363298401608e-02 1.354105589679063248e-01
1.852809031409487607e-03 2.068090370814365531e-01 6.541210137758324272e-02
3.140638746465123504e-03 3.959679094318863113e-02 1.299468269082571514e-01
1.707145107471348955e-01 -3.125907990389723556e-01 -4.943985791206244318e-02
1.520012049848488977e-01 -3.288060859418501791e-01 -6.807990038252895171e-02
1.437954630730922112e-01 -3.153196993661543934e-01 -7.907132645229986156e-02
1.581745355633369099e-01 -3.031144737585955151e-01 -6.615703615110733737e-02
1.674817496007693363e-01 -2.609211061354629324e-01 -4.788007434152050101e-02
1.670481144481641700e-01 -2.363300090991611035e-01 -4.152324825577918127e-02
1.676909985381003221e-01 -2.102412392304504329e-01 -3.778059738311954213e-02
1.231689877347978551e-01 -3.227451319992879486e-01 -9.119642308207580317e-02
9.337563302550554167e-02 -3.062255851250869076e-01 -1.058019512050668715e-01
9.675084523747820575e-02 -3.247751398930933120e-01 -1.002603963520091596e-01
1.524051366447449207e-01 -2.128988893169587449e-01 -6.168995768278753150e-02
1.521524717954336192e-01 -2.385968441510323557e-01 -6.485218075723334086e-02
1.489518143320706922e-01 -2.979384054751808564e-01 -7.482911163327883586e-02
1.508243198445427258e-01 -2.836103413006889062e-01 -7.249334337434450160e-02
1.653773363828942300e-01 -2.843170606225990382e-01 -5.633287825032776142e-02
1.188388759488381713e-01 -3.058251109719516969e-01 -9.627633218124895254e-02
1.376666577051237350e-01 -3.027240304629690848e-01 -8.478021915148969967e-02
5.869699682536464597e-02 -1.560803436249033060e-01 -8.722723995417036580e-02
6.282396621620552069e-02 -1.747916517438142248e-01 -9.531057661289531191e-02
3.468636984203665036e-02 -1.750835813804790808e-01 -9.681214232439358525e-02
1.401207536355879579e-01 -1.478132432643862459e-01 -5.140289260603674720e-02
1.276341584341032787e-01 -1.688785581003601766e-01 -7.297712746225273883e-02
5.800388119846508006e-04 -3.054038846348759995e-01 -9.930832859417847158e-02
1.352726752873720240e-01 -2.856352894876026394e-01 -8.632737740089163614e-02
9.111998897341312686e-02 -2.858012057017949581e-01 -1.100085341379719583e-01
1.157528193639614511e-01 -2.864033027243626517e-01 -9.903045549484272569e-02
9.081060100822238579e-02 -2.151315053260743071e-01 -1.053851092386437205e-01
1.139376476594319565e-01 -2.152453824481910249e-01 -9.518868394254142995e-02
1.131360374718647643e-01 -2.397543192939039502e-01 -9.961248739937891838e-02
9.006870055482057991e-02 -2.384873807860822814e-01 -1.101749441055602519e-01
1.342839743505416239e-01 -2.148895169176007203e-01 -8.090291837278336395e-02
1.318317929978539416e-01 -1.908801907687855681e-01 -7.711217836133159309e-02
8.964587532712560425e-02 -1.934086612314550035e-01 -9.892325708508387105e-02
1.119031539987085655e-01 -1.922142298015740436e-01 -9.006711428196391422e-02
1.074489024953986377e-01 -1.708197147120906478e-01 -8.437740990723256729e-02
1.342460343285604429e-01 -2.405303734723933662e-01 -8.409030233321411474e-02
8.958718624135560138e-02 -2.626565842952116037e-01 -1.120437994523405950e-01
6.117230816064199439e-02 -2.613263369136594183e-01 -1.178635349737750665e-01
3.108869359046712022e-02 -2.594815124157683339e-01 -1.158879108988422890e-01
6.482961958596107849e-04 -2.606091082844030349e-01 -1.131743239599057732e-01
2.342868610663916636e-04 -2.380006058529779978e-01 -1.133580672034009418e-01
8.614672962097366660e-02 -1.729425424472233463e-01 -9.143227704840307946e-02
7.435577969164355872e-02 -1.367325664866966273e-01 -7.658485364582783006e-02
8.139361188578667083e-02 -1.544351581875239854e-01 -8.379468951589945369e-02
6.124619035813692880e-02 -8.072264068782156188e-02 -6.572387716275661373e-02
1.109123362741629426e-01 -5.345375480038759841e-01 9.549189992828352458e-02
-8.703940329234452489e-04 -3.501147120565689108e-01 8.085742013716467128e-03
-1.732441368214264997e-03 -3.581744725795445450e-01 3.530256404832513017e-02
1.794970474886023737e-01 -2.739844681651366631e-01 7.033986400907797643e-02
1.899330754083818629e-01 -2.935463611357397862e-01 -4.876490032096423427e-03
1.794319366742640753e-01 -2.884182425494747348e-01 -3.371572861754782574e-02
7.107917786612579815e-03 -3.640236315228224107e-01 8.101247180595670672e-02
2.386009019125742703e-02 -3.594324129920493660e-01 1.041598436995510440e-01
1.603688099660852406e-01 -2.804600683754901458e-01 9.654741120860646508e-02
1.065977636043945742e-01 -3.256458863708548979e-01 1.294464891376439220e-01
3.579021743935635038e-04 -3.632465316297840419e-01 5.816771677594307494e-02
1.513517509296634367e-01 -2.623298484448691181e-01 -6.868833497842144475e-02
1.342572117381735097e-01 -2.647221218750001603e-01 -8.583921316622317166e-02
1.139560761754189050e-01 -2.641639589052752757e-01 -1.006160492645958721e-01
6.202029990194692088e-02 -2.836470886151191695e-01 -1.163685175628282886e-01
3.030132769053737324e-02 -2.805675428662723347e-01 -1.146382475130961337e-01
7.443148147725220636e-04 -2.801448563258757685e-01 -1.091279744733260476e-01
2.106622527449748122e-02 -3.024866926078767504e-01 1.210319681170800576e-01
9.666845165107833954e-03 -2.967001435938911302e-01 1.278287677554943713e-01
1.710684537510996292e-02 -2.957956162286078938e-01 1.289021795905327950e-01
6.006817625020710767e-04 -2.850080833037558214e-01 1.355083449421951858e-01
1.143787889324826730e-03 -2.976131842779183856e-01 1.260125861648124512e-01
1.020840109902970694e-02 -3.073854965258582261e-01 1.167273080049776729e-01
1.734856696936676887e-03 -3.086083724073654388e-01 1.141225988380122347e-01
1.881033706564411417e-03 -3.217658697091408393e-01 1.028887330971831882e-01
7.977138428111513191e-02 -1.942878987189730622e-01 1.451491400230941198e-01
1.015690753416549907e-01 -1.877763363152985254e-01 1.313933502429415756e-01
1.550289184172770618e-02 -2.039185922849030275e-01 1.643434886561337405e-01
3.546231905832071540e-02 -2.025068899167936920e-01 1.615540987423244312e-01
1.562712025030744689e-01 -1.645637810561924597e-01 7.400784840937445208e-02
5.706476158126564530e-02 -1.993667031149893021e-01 1.555079827407934434e-01
1.221836934218836906e-01 -1.803374742374572182e-01 1.152399179010057950e-01
1.415387245095123259e-01 -1.724055392974971346e-01 9.589941865620202344e-02
-2.404090509645919165e-04 -1.931627364408304015e-01 -1.045193083211396617e-01
-6.698438197840457585e-05 -1.723080807365447997e-01 -9.686919200705580713e-02
-3.189912735911695774e-03 -2.045052029966420437e-01 1.637523100188428282e-01
6.706283744882798404e-04 3.118149758158749174e-01 1.001039155482918996e-01
1.278949074226219933e-03 3.069256711946037330e-01 8.477150154100829282e-02
-1.689089046214814266e-03 4.935503220710798500e-01 8.714587048497215993e-02
2.815893804875685934e-05 3.047639760013278187e-01 -4.869427417209024750e-02
-9.525255799991746292e-04 4.384713829372028915e-01 1.062489011439277514e-01
1.651227221945370514e-05 3.563727883488160275e-01 1.127338790113851380e-01
-3.646938343326821793e-04 3.794775336194446402e-01 1.186026157466813225e-01
2.978639261512578025e-03 2.399243728217297644e-01 4.562010116034340146e-02
2.809231060597725330e-03 2.292938557603844130e-01 4.936529294677337310e-02
-4.360886093995423873e-04 -3.365430929963414419e-01 7.598394989617212464e-03
2.284595149476446353e-03 2.191153247822005823e-01 5.692776385899720598e-02
-1.182371630810032505e-04 -3.366711222556674210e-01 -5.371180426793590625e-03
3.632506810606401420e-04 -1.104430137925482142e-02 -7.478164311062744651e-02
6.669416764964693212e-02 -9.485598755341145827e-01 -2.781477937136433293e-02
6.524714861359021123e-02 -9.467516818583845417e-01 -4.281279250352487686e-02
6.860771092579251440e-02 -9.737975073179260255e-01 -3.849613547224742943e-02
6.828332537439846250e-02 -9.749546019256523088e-01 -2.441280059410351130e-02
8.424195672440168425e-02 -9.416713733135130271e-01 -7.061516782127338909e-02
7.257346650761352380e-02 -9.440414954915071766e-01 -6.279895704333471329e-02
9.879055101649357462e-02 -9.408648463002839968e-01 -7.208010885350919772e-02
1.118618239197015918e-01 -9.417952571955732211e-01 -6.689228130016515450e-02
1.076667239017793515e-01 -9.694489813257305411e-01 -6.432584030959630217e-02
9.659944739223476351e-02 -9.688335879679904616e-01 -7.046719300068195191e-02
1.195270846929004233e-01 -9.425635928193847324e-01 -5.792448391291026011e-02
1.215454256946841838e-01 -9.703488911629477576e-01 -4.496703963664474418e-02
1.248220220243242834e-01 -9.432503732119698059e-01 -4.640480280520877659e-02
1.285384632063324428e-01 -9.447575588778583944e-01 -2.917312457733656911e-02
1.237929585124127180e-01 -9.706796562281926333e-01 -2.861423325669089704e-02
1.220286293300663211e-01 -9.484456220818988648e-01 -1.004050371217285291e-02
1.177975056294694317e-01 -9.737969540063877716e-01 -9.636200248316614814e-03
1.079389718575854279e-01 -9.513757865851349971e-01 1.848588239848302645e-03
7.288862569962331617e-02 -9.507815909997288095e-01 -1.287749064449364954e-02
7.238869111732774975e-02 -9.763774125287677519e-01 -8.798581796060696292e-03
8.359606828213868301e-02 -9.695193586977328692e-01 -6.870186797555910552e-02
7.440787996785479252e-02 -9.716526220594098318e-01 -5.902685967250756449e-02
7.093100586668606156e-02 -9.728544225191423367e-01 -4.858412335068862387e-02
6.752463230767372093e-02 -9.456601399869187796e-01 -5.345743822081134439e-02
6.830760141682426512e-02 -1.000281467023019122e+00 -3.475521887717997194e-02
6.396507864093634033e-02 -1.000459670029733683e+00 -1.994866664074472495e-02
8.276602682974974756e-02 -9.965477788646044388e-01 -6.845685139884861992e-02
7.617968721823642486e-02 -9.984808463976115878e-01 -5.550666896702970837e-02
1.044636197491121826e-01 -9.956984377125466246e-01 -6.302585643223895806e-02
9.540554385758195921e-02 -9.952598739541195227e-01 -7.182060983482699279e-02
1.221129651283038575e-01 -9.962913934627554147e-01 -4.416676593901625730e-02
1.130170806832334063e-01 -9.959860779261688890e-01 -5.338715577518787087e-02
1.148986973478930140e-01 -9.698913608990681334e-01 -5.489642322952850706e-02
1.228547878253737069e-01 -9.960239561377376427e-01 -2.872666211530766969e-02
1.161844670175709165e-01 -9.979506687326900050e-01 -7.135612848266985678e-03
6.924634679963025119e-02 -1.000886153919702037e+00 -3.004522164533106245e-03
7.250506039872103847e-02 -9.995979690916441118e-01 -4.490014350724686604e-02
1.223862619209032249e-01 -1.086029900677926818e+00 1.390447183015979249e-01
1.213309204735633501e-01 -1.081800858436130941e+00 1.386850073805671879e-01
1.170064346707100633e-01 -1.081575497618028514e+00 1.396863218983944166e-01
1.157241326389194247e-01 -1.086429136790343364e+00 1.405387587888549950e-01
8.502655053872598678e-02 -1.085757452352221986e+00 1.506169417200123595e-01
8.343766219928867856e-02 -1.076078450489627913e+00 1.529759434797952622e-01
7.540615548315077188e-02 -1.077392496227649099e+00 1.509703855547450402e-01
7.413397833305607199e-02 -1.088391581290075960e+00 1.488450093181409584e-01
1.020363703379753295e-01 -1.086337529581271388e+00 1.487070339506548489e-01
1.027751237931846390e-01 -1.089385631825297018e+00 1.452762084002268694e-01
1.075356450107480266e-01 -1.089533924533327092e+00 1.444997643776008422e-01
1.095813643111425012e-01 -1.086588811488724771e+00 1.475514285887304655e-01
1.418637594112055200e-01 -1.082777001616866297e+00 1.100747450650133852e-01
1.415501504444074965e-01 -1.087099714012541352e+00 1.076218879811827733e-01
1.455844160877147464e-01 -1.086931561541422786e+00 1.057676642234250813e-01
1.471133263355929588e-01 -1.083384588739067844e+00 1.069766007187508972e-01
1.292305023471770342e-01 -1.085897402697470371e+00 1.281631431328076887e-01
1.292503933409737127e-01 -1.089984488893239734e+00 1.251840820340719973e-01
1.332039174506102486e-01 -1.089450536562301952e+00 1.234740987104127330e-01
1.350926403127301889e-01 -1.086519127580265920e+00 1.251677212975218778e-01
8.598702602003212292e-02 -1.072201508007043502e+00 1.306562746148733078e-01
7.263577405185110691e-02 -1.070816298613627815e+00 1.285508138918585452e-01
7.358628652919535496e-02 -1.075518180890336684e+00 1.418389502620247544e-01
8.546644427255498111e-02 -1.073450267997337226e+00 1.438622203075342332e-01
6.748432548563167155e-02 -1.083615912106482559e+00 1.381364446790734057e-01
6.605645748268265671e-02 -1.080670151983660565e+00 1.235513090267912756e-01
7.252738108921968907e-02 -1.088096045421094837e+00 1.221807126651287961e-01
7.402008525650909110e-02 -1.088215154470249191e+00 1.354391000017170499e-01
8.511126377837983925e-02 -1.088483422781227228e+00 1.249147393984540722e-01
8.539496636006047026e-02 -1.088615804814283550e+00 1.369221447661066737e-01
9.222162295538867405e-02 -1.081895992956730890e+00 1.288259651915273085e-01
9.370539415692490104e-02 -1.081836352886584196e+00 1.421652372101584183e-01
1.105769757929654928e-01 -1.081427265997314091e+00 1.294393009878168355e-01
1.059276766793720292e-01 -1.074503648978509140e+00 1.307049522402550512e-01
1.080528432010955942e-01 -1.078391446199852721e+00 1.419574487543164842e-01
1.136759144399827753e-01 -1.084290843736438692e+00 1.400850336784084105e-01
9.531883961508519354e-02 -1.074676544269472123e+00 1.327228596480043155e-01
1.000287747145500450e-01 -1.078452355933918527e+00 1.434266731104869852e-01
9.143655312381768208e-02 -1.084021580978736576e+00 1.316620411061734386e-01
9.638458622801242270e-02 -1.088978304906460082e+00 1.278512299404440389e-01
9.963161004627180128e-02 -1.089226620563499059e+00 1.394996711888518703e-01
9.454825507228237225e-02 -1.084710757847165752e+00 1.436552624976470960e-01
1.055817446797069625e-01 -1.088421536281560797e+00 1.269282744317139500e-01
1.083148572843373320e-01 -1.089455575879731519e+00 1.377724826906779054e-01
1.225145329219662765e-01 -1.074847905616838739e+00 1.231233078007863135e-01
1.121821243923768752e-01 -1.075669856258613333e+00 1.259297238689168763e-01
1.149418718482813073e-01 -1.079972263310750025e+00 1.346365206848267049e-01
1.222611341414733405e-01 -1.079689522280999014e+00 1.331366875102677483e-01
1.103491885845512693e-01 -1.086929451071679376e+00 1.347605231185336205e-01
1.084821543809457028e-01 -1.084867266473152014e+00 1.257668387254955167e-01
1.135659312584747088e-01 -1.089124647472082374e+00 1.227177056868641453e-01
1.155606195289220900e-01 -1.089811761248544064e+00 1.324244909544805560e-01
1.228253954907776585e-01 -1.088535790385948943e+00 1.210546043844827613e-01
1.227429998140959488e-01 -1.089999069429377743e+00 1.314029684985729696e-01
1.271107902373974086e-01 -1.081166480355864046e+00 1.227499255861368710e-01
1.267321040342055949e-01 -1.084886560236529185e+00 1.323661322763440562e-01
1.407366236390138192e-01 -1.081097392428015835e+00 1.092825920859537003e-01
1.374986223761310022e-01 -1.074526848111763799e+00 1.102324115606548027e-01
1.362559280181293020e-01 -1.079333368055176434e+00 1.194007269480320127e-01
1.388872529633886632e-01 -1.085092584138510841e+00 1.183100923552166256e-01
1.299250706643590991e-01 -1.075026166633051616e+00 1.141680258741941123e-01
1.304848215153456559e-01 -1.078716737536331349e+00 1.215309330183427933e-01
1.256818051829012017e-01 -1.082963847234569954e+00 1.227898131661765702e-01
1.266380119327661091e-01 -1.080466269738931784e+00 1.163034041055540924e-01
1.285401593420587296e-01 -1.088297814989137580e+00 1.122435367234486808e-01
1.274968783251856086e-01 -1.089879166413113110e+00 1.201023192013370572e-01
1.365155598325849540e-01 -1.088261423725982890e+00 1.083198393205871274e-01
1.348487571198681845e-01 -1.090001503475742428e+00 1.179111092575889363e-01
1.505296017931594121e-01 -1.073972940348230098e+00 9.442528855268460253e-02
1.491211871055515004e-01 -1.076992551207509363e+00 1.021374644532538206e-01
1.504941128555190855e-01 -1.082410660061404517e+00 1.004247851197056368e-01
1.512836631975788271e-01 -1.080612238104029732e+00 9.106465239424733904e-02
1.441444211848068868e-01 -1.073516900113191230e+00 9.934840990557416984e-02
1.438386447583730465e-01 -1.076347819572970987e+00 1.052546997669858292e-01
1.395906055326279205e-01 -1.080979821257094464e+00 1.055625782555612430e-01
1.411728413672332372e-01 -1.078976801521809081e+00 1.005347350098329401e-01
1.405365855049068302e-01 -1.086865153089636715e+00 9.698653594143316625e-02
1.397310565720898956e-01 -1.087674716118486540e+00 1.028647500464435205e-01
1.467491461163119570e-01 -1.086290144759628484e+00 9.255151909867051496e-02
1.465320317287040486e-01 -1.087765031808403560e+00 1.005369449352041950e-01
8.932737326980684511e-02 -1.071134284283672189e+00 1.173542587049813818e-01
7.241516839526322691e-02 -1.067114362499922420e+00 1.149961946746576730e-01
7.616239301814337059e-02 -1.088469294742673954e+00 1.443997299819177738e-01
6.589708628912532840e-02 -1.078707345248619998e+00 1.098976667502646054e-01
8.256844709320178277e-02 -1.088586218111423198e+00 1.450549209893850500e-01
8.842647959363172938e-02 -1.088336379605919557e+00 1.136280444988826965e-01
7.298401850185717854e-02 -1.087266808171662102e+00 1.083456926086314998e-01
9.061642811423134547e-02 -1.081601677019170760e+00 1.233424919936429026e-01
1.080064657404238293e-01 -1.081309468621746595e+00 1.474989517014613227e-01
1.075429572504142256e-01 -1.088525325628131313e+00 1.115047992588053816e-01
1.080212199609846407e-01 -1.082767875194304175e+00 1.204885123068129005e-01
1.031733598114554645e-01 -1.081271253660095688e+00 1.482271721970372935e-01
1.070415837095603784e-01 -1.071721984290114449e+00 1.154773526362440628e-01
1.239597773249950519e-01 -1.072706037498793341e+00 1.064579496158101490e-01
1.172397137466263672e-01 -1.089793506445049687e+00 1.377732248420858729e-01
1.211050075545580251e-01 -1.089898968231185927e+00 1.370538524947498282e-01
1.251567218231259826e-01 -1.088532700781208229e+00 1.046797346284536745e-01
1.273862584443750945e-01 -1.079530388682632847e+00 1.140633247680929996e-01
1.346417253994530716e-01 -1.082037729534180093e+00 1.248438661545523548e-01
1.387837393016704834e-01 -1.087869942808495027e+00 9.387571957794622890e-02
1.418482139147468624e-01 -1.078866023837541155e+00 1.006020212070042746e-01
1.312746966050695741e-01 -1.081819896529094160e+00 1.263879744846613806e-01
1.395624260677209849e-01 -1.071423906890116351e+00 9.529971396328906774e-02
1.468009567307362595e-01 -1.079991092875461245e+00 1.067163624560291818e-01
1.476199849727671265e-01 -1.086739320740580883e+00 8.265082002930675131e-02
1.528742895632108634e-01 -1.079245468208196668e+00 7.973797704536252084e-02
1.440186566690375980e-01 -1.079279951231701729e+00 1.086733800979799713e-01
1.505474862051680018e-01 -1.071073326801500469e+00 8.434612720511741601e-02
8.125608192690181308e-02 -9.775453807357241676e-01 2.275632524963842451e-03
8.186910565202373813e-02 -9.525348849925717731e-01 -1.755018316707964657e-03
9.340785273582745407e-02 -9.534917921725853951e-01 3.464722583622626730e-03
9.207147701640562565e-02 -9.784665174343656346e-01 6.370330803226713010e-03
1.050594352001271575e-01 -9.765439141187121086e-01 3.323771907937593702e-03
7.927327905346046033e-02 -1.000581952726270263e+00 9.241178646181373232e-03
9.126010602287568108e-02 -1.000713379667297565e+00 1.245344591232577791e-02
1.036388856511374634e-01 -1.000187159687710770e+00 7.083236859899156787e-03
1.269575651846701070e-01 -1.017046509510354468e+00 -3.017289697295861065e-02
1.235267075468256953e-01 -1.016038148797958174e+00 -4.659335619609421275e-02
1.136752732879628275e-01 -1.015767656622054371e+00 -5.701886801409181832e-02
1.057423393662663968e-01 -1.015296540003581161e+00 -6.726040282473277898e-02
9.520669517078654553e-02 -1.015413974486793824e+00 -7.536548682836612112e-02
6.782826211372135206e-02 -1.021122415082678314e+00 2.650472201083911745e-03
7.760601218852096472e-02 -1.018713364020330747e+00 1.853328579593390216e-02
9.096487768726152501e-02 -1.017389775359199167e+00 2.357062261975134687e-02
1.053005893146479882e-01 -1.017701080378287770e+00 1.635312813057752598e-02
6.815905097535294999e-02 -1.061872839504222732e+00 9.956706698042137871e-02
8.599846213167770814e-02 -1.059954137770309002e+00 1.008121577097118998e-01
8.212999098560203048e-02 -1.051430522205762275e+00 8.267644629830013525e-02
6.783183268919380782e-02 -1.060804020572055251e+00 7.935478163856152234e-02
1.030184372996559711e-01 -1.062591825707550397e+00 9.715203672453753825e-02
1.001803573164824074e-01 -1.051292523587081362e+00 7.904193218530823628e-02
1.196547149657586490e-01 -1.064135961970371635e+00 8.936495551968592910e-02
1.160517452624712370e-01 -1.054922851649952920e+00 7.111752829139793286e-02
1.352522052288268883e-01 -1.065527005029175633e+00 7.938813917904488648e-02
1.306634439261941116e-01 -1.058662124968820617e+00 6.182165413309958363e-02
1.486303723536881449e-01 -1.067788515103171632e+00 7.033875413540173482e-02
1.437615121751945890e-01 -1.064203282119210892e+00 5.250403772649171047e-02
1.541506850026009845e-01 -1.077193244705666242e+00 6.533357145671388200e-02
1.507490512987047504e-01 -1.073806558346149798e+00 4.703688802186092865e-02
6.213556077721272414e-02 -1.077205454869877510e+00 9.391869988478770970e-02
6.399853552415567248e-02 -1.075031102122847138e+00 7.385358933540536741e-02
7.161230333273389814e-02 -1.087837759824877404e+00 9.077679211696097761e-02
7.315336941272788940e-02 -1.087293677859198171e+00 7.102973117028633931e-02
8.761227531711515693e-02 -1.088437458313832540e+00 8.994887363303374905e-02
8.801449078565695694e-02 -1.087831873786774040e+00 6.932216604667905402e-02
1.460705578003339555e-01 -1.085765641534405468e+00 4.866210832365793632e-02
1.479748697801322732e-01 -1.087838174873133168e+00 6.753838542293927327e-02
1.055608144182308555e-01 -1.088436447196786672e+00 8.579734681642345318e-02
1.051941274125462594e-01 -1.087192543626103625e+00 6.497873929702338569e-02
1.222265004042805692e-01 -1.089403287062065351e+00 7.969400921508475177e-02
1.212419995155546298e-01 -1.088216024207672827e+00 5.894762552167807229e-02
1.363274373870387579e-01 -1.089673608829305307e+00 7.312763561226366671e-02
1.349766726643407411e-01 -1.088638916540886292e+00 5.301828387902954298e-02
7.805711557748334917e-02 -1.044893538818305379e+00 5.984132202371637843e-02
9.647482403684315422e-02 -1.039041752551845388e+00 5.951479204765307979e-02
1.115348347578678512e-01 -1.043758781850453232e+00 5.057072422163877423e-02
1.258410680631863177e-01 -1.049820634082875292e+00 4.034630283898880260e-02
1.385485866536149691e-01 -1.058660729183174887e+00 3.067563144304415873e-02
1.464231492383366307e-01 -1.069083205223485322e+00 2.573289017220695488e-02
1.250171174084626358e-01 -1.038352921218689495e+00 1.384336501005088184e-02
1.338105679117459479e-01 -1.055902337586954065e+00 6.053437160897063955e-03
1.394593926897722824e-01 -1.067295494444824744e+00 3.679674716222439395e-03
1.348732020128996512e-01 -1.065809207271237957e+00 -1.887385488429849101e-02
1.319180337269115488e-01 -1.053233564314504545e+00 -1.851792738213474052e-02
1.242949839880679169e-01 -1.051921399974154792e+00 -5.759227193554558588e-02
1.283509876289611884e-01 -1.051727641974963490e+00 -4.047735211676923434e-02
1.321637294076261904e-01 -1.064548526144126539e+00 -4.133941839514283095e-02
1.284179654194911591e-01 -1.065559064529280731e+00 -5.933535790674770993e-02
1.270342967829660719e-01 -1.036767555395460283e+00 -1.281864179135165822e-02
1.251413216190865318e-01 -1.035042138523285082e+00 -3.525269557696926459e-02
1.202386280538866731e-01 -1.033948754358546829e+00 -5.152795895391552861e-02
1.132074498367064280e-01 -1.065552172298067202e+00 -8.006331421520034020e-02
1.121175811318255305e-01 -1.050705456378498770e+00 -7.975941359314493717e-02
1.197044469330404981e-01 -1.051646355510332587e+00 -6.955827385796201079e-02
1.229165647524708693e-01 -1.065718838761606113e+00 -7.120266071481198833e-02
9.768086231508761597e-02 -1.067230352814671157e+00 -8.462179926886803649e-02
9.688683088130053966e-02 -1.051713848656676165e+00 -8.669171352659538199e-02
8.153822859871309725e-02 -1.054822498039291290e+00 -7.612206630645244887e-02
8.202382186633380701e-02 -1.069279636502207920e+00 -7.596913462018475838e-02
1.082143545590556616e-01 -1.032645570527359613e+00 -7.299438683852928211e-02
1.145027903959650178e-01 -1.033574248644857807e+00 -6.315710903046985181e-02
9.630633530434234979e-02 -1.032873049683918465e+00 -8.006302634232617677e-02
8.251869025411368019e-02 -1.035710017756154011e+00 -7.180254847991181244e-02
7.411063971961119601e-02 -1.056714559323169267e+00 -5.791555321801339362e-02
7.592863467519837817e-02 -1.037753077392925105e+00 -5.519022457035540480e-02
7.341774932205356874e-02 -1.070584921346237950e+00 -5.927509344278956982e-02
6.861078896315934983e-02 -1.059386728365991015e+00 5.574230397708296314e-02
6.880191121827536338e-02 -1.071443253514067218e+00 5.113345171888930563e-02
1.088799413853718673e-01 -1.030359089151532626e+00 3.174049453093000239e-02
9.253611216417448326e-02 -1.028176644536208606e+00 3.973341378713177857e-02
7.502863742781354373e-02 -1.035169388815839309e+00 3.320217566582363278e-02
6.722176032121186806e-02 -1.056349157256589288e+00 3.023740315531932288e-02
7.137689699450279479e-02 -1.069729421476417919e+00 2.600404708694872835e-02
6.649208089215447037e-02 -1.057025490255034450e+00 6.187727629821630250e-03
7.242356034356872696e-02 -1.068872862192159268e+00 3.511456402007505882e-03
7.641695128136975768e-02 -1.080897498112123323e+00 4.802202338160532075e-02
7.945535386250976440e-02 -1.075886843993881126e+00 2.342740231639184323e-02
7.976962920475479113e-02 -1.074746460696100359e+00 1.264037876117095295e-03
6.667485843645816479e-02 -1.057226629734340229e+00 -1.428043514785228875e-02
7.116613323886375464e-02 -1.069298365471574197e+00 -1.611066393203079358e-02
6.964897464858610387e-02 -1.056726550125476560e+00 -3.085743537330964958e-02
7.117696083165522825e-02 -1.069666054090226748e+00 -3.193917955458541041e-02
7.159891023594178172e-02 -1.070228971559061160e+00 -4.502493079088867867e-02
7.212933216957224947e-02 -1.056868537376543404e+00 -4.391591941707313762e-02
6.985384483476303474e-02 -1.039278734646923663e+00 -3.142030538117952798e-02
7.277194340804797601e-02 -1.038267438637413109e+00 -4.305522072858147808e-02
6.681451237710324398e-02 -1.040627558034718403e+00 -1.472198840981533974e-02
6.666586771855750881e-02 -1.039162337669036207e+00 7.160769611669139806e-03
1.429394178448840647e-01 -1.081427434515120245e+00 2.661051417132588928e-02
1.380664389347886212e-01 -1.077580428549809177e+00 4.372586454748315747e-03
1.324715624923479551e-01 -1.074993370257955494e+00 -1.767529047796002201e-02
1.288732844846531556e-01 -1.075510918291975759e+00 -3.973442894698979433e-02
1.234061480628975555e-01 -1.076471736907948173e+00 -5.653943062419625187e-02
1.179482858720961452e-01 -1.076635513983169146e+00 -6.711290839096603622e-02
1.098447436313341186e-01 -1.075970114813588285e+00 -7.483679244418087184e-02
9.711373535014945768e-02 -1.075867029246012407e+00 -7.697573947119530635e-02
8.545206471540399418e-02 -1.077266649797410603e+00 -7.148825030117333945e-02
7.942904166193295867e-02 -1.079302788998944163e+00 -5.837384987750951493e-02
7.753327180951385955e-02 -1.080195779089576424e+00 -4.602470861320565737e-02
7.819232029481300306e-02 -1.076746955202205314e+00 -1.837392745532505714e-02
7.708932885449859551e-02 -1.079278141174730976e+00 -3.359834793219560606e-02
6.367315871702490526e-02 -1.022269638789804480e+00 -1.657277534980141145e-02
6.681374081176133517e-02 -1.021254645854607235e+00 -3.289071979071314655e-02
7.097247314046684075e-02 -1.020302671097553571e+00 -4.365139184325038391e-02
8.242761129106902784e-02 -1.017549567421549117e+00 -6.833060861306507194e-02
7.587152502965538448e-02 -1.019019546242886154e+00 -5.380245657154642674e-02
8.926411437957834649e-02 -1.084548358911365806e+00 4.525570520718275730e-02
1.053709871674367166e-01 -1.084306917386662850e+00 4.083115485119347132e-02
1.204316048282411816e-01 -1.084975167007547370e+00 3.514831280506200417e-02
1.329959212891978215e-01 -1.085072582883521486e+00 3.009975977102148301e-02
1.299580830827211930e-01 -1.081654217041255306e+00 7.004949975927422974e-03
1.183926244391433902e-01 -1.081910384393036439e+00 1.076756561498065125e-02
1.038971568274677237e-01 -1.081967135370213162e+00 1.555863217094110261e-02
8.990072873573022594e-02 -1.079714115444970757e+00 2.041662843548620876e-02
1.248053329593215716e-01 -1.079832648056958000e+00 -1.481469557053580882e-02
1.145373922829197727e-01 -1.080973192360487500e+00 -1.121010030622926132e-02
1.012977055366169610e-01 -1.081029441676345515e+00 -7.517045164563330821e-03
8.920152642149020705e-02 -1.079325327778406285e+00 -2.200400154944485986e-03
8.672219142981071882e-02 -1.081550447133240889e+00 -2.205802454689845954e-02
9.730633960909547409e-02 -1.082171210385922011e+00 -2.759495272412777755e-02
1.092710126248560148e-01 -1.081611708481240663e+00 -3.098625900019241416e-02
1.191535732975212009e-01 -1.080002106459062583e+00 -3.549733698295658157e-02
1.144305990668253309e-01 -1.080130343560226081e+00 -5.137036299940885703e-02
1.051415955341335889e-01 -1.081274853756869048e+00 -4.630511713064724283e-02
9.432661202216530150e-02 -1.082183437397683745e+00 -4.250591879254392302e-02
8.546678560260485835e-02 -1.082296717017758647e+00 -3.755576888073214326e-02
1.104946863292560616e-01 -1.079847973137583406e+00 -6.058704358930094153e-02
9.742742756466968301e-02 -1.079304447143170753e+00 -6.984411693023438727e-02
1.053158881054995361e-01 -1.079466739345337878e+00 -6.699151450917953388e-02
8.966658253753183316e-02 -1.080473472892063302e+00 -6.687457966454957159e-02
8.639929049252761950e-02 -1.081570770891154831e+00 -5.773908902624292488e-02
8.541582827750421325e-02 -1.082262097002289813e+00 -4.802412211531317116e-02
9.298675027235453472e-02 -1.081172101691458609e+00 -5.833428587921507535e-02
9.338858757054450954e-02 -1.081714444497336114e+00 -5.130851151747835986e-02
1.028578094883594030e-01 -1.080765580846340779e+00 -5.515879008756966601e-02
1.003347792888462792e-01 -1.080227356061417066e+00 -6.132317629919767366e-02
9.334956097461062641e-02 -1.080426901047476740e+00 -6.358681958791231881e-02
9.710586339470164696e-02 -1.079996238129666608e+00 -6.503305585187427185e-02
1.177051273091014733e-01 -1.020403351920007307e+00 -3.770202686909060290e-03
6.305981802499064813e-04 2.713665675353454376e-01 -6.828655162381412624e-02
1.144312555151020833e-03 2.071639284814643378e-01 -9.054575916291199289e-02
7.348174775958762894e-02 -6.901424294632387824e-01 3.671366378477795844e-02
8.806860945563446674e-02 -6.916454983215643004e-01 3.978474883389223477e-02
1.038037295590628628e-01 -6.896689829883574374e-01 4.039383792470115780e-02
1.348538435432453109e-01 -2.885617455211672566e-01 1.159258227323975293e-01
7.785127817270204309e-02 -7.292167475384998820e-02 1.280687651548112482e-01
8.279024987880810593e-02 -3.513904987033310973e-02 1.188774540337260016e-01
7.998048356346702803e-02 -5.425382539147595440e-02 1.229727025542064756e-01
1.368036934599274612e-01 -3.186230369150443442e-01 1.200281139279979065e-01
1.258648578798013395e-01 -1.460027976688038284e-02 6.733956473694269196e-02
8.857667966082943736e-04 -2.957420525949438495e-01 -1.035465085860424878e-01
5.170947043323048881e-04 1.699531143979456371e-01 -9.701549643101300968e-02
1.038172464186443850e-01 1.303105096722621536e-01 1.065912336082603940e-01
9.416905483198044014e-05 -2.150620230111514597e-01 -1.101273990947400777e-01
7.520084402036961158e-02 4.073228659985466127e-01 1.039647158463658481e-02
7.283586791193126520e-02 4.057278067179506675e-01 9.075556074767546569e-03
7.216056013726974971e-02 4.025146072133078401e-01 8.186500702287198214e-03
7.154113188287170022e-02 4.008078009381037532e-01 4.597233791542328259e-03
7.119317913427626598e-02 3.989609914440694349e-01 1.603456245198925682e-03
7.068834741344456885e-02 3.982888687365231939e-01 -6.023388662688488682e-04
7.355775753193667665e-02 4.032027592362897872e-01 5.583417117464298945e-03
7.199738772638633599e-02 4.057233982621427093e-01 2.671065335407156287e-03
7.291989119516970042e-02 4.058668709543926667e-01 5.495555252059476647e-03
7.403642762163958890e-02 4.049440291735345032e-01 7.035393030584345848e-03
3.564724374751843724e-04 1.561397412310353838e-01 9.307066864239076087e-02
2.177129070926503472e-04 1.414681191914113623e-01 1.031673076272870831e-01
6.006372953634153689e-04 1.318884467976186303e-01 1.164687092085044950e-01
7.639533437278510277e-04 1.159373215468843393e-01 1.244468179912086997e-01
7.807280070014393147e-05 3.523160614464824203e-01 1.147058817104132794e-01
-5.365762847227019058e-03 -1.251373751032699433e-01 1.606070874084509215e-01
-4.309258556660786749e-03 -1.111549125358367307e-01 1.574087648324377364e-01
-5.089022633674455693e-04 -7.411747900060015881e-02 -5.848551172106001422e-02
-4.734652829610074866e-03 -1.646583820771269357e-01 1.666712574568544603e-01
-3.035532083888239311e-03 -9.572421747823277316e-02 1.555574287926344279e-01
-4.807417053105265872e-04 5.123130744084482963e-02 -1.041363262213697155e-01
1.636048304962222548e-03 1.002270533540197128e-01 1.313312980341889424e-01
-3.928440817199307412e-03 -1.840566497385049682e-01 1.667391609320157675e-01
-1.627422913298113465e-03 1.104562505880732487e-01 -1.116640895669047950e-01
-1.326353639577672891e-03 -7.389770220072183760e-02 1.550965065665576847e-01
-1.791291688430212282e-04 -2.685118383257834029e-01 1.439498581341965289e-01
2.590937115234535210e-03 -1.377655250519453992e-02 1.423529606614401255e-01
-4.467342020476446768e-02 4.654326809378148133e-01 8.317641477897988467e-02
-5.502618762423683307e-02 4.565675566984098710e-01 7.408842863793996258e-02
-4.929203939006753660e-02 4.477516697551698899e-01 8.440605098468305367e-02
-3.859509020515369121e-02 4.526430119727389290e-01 9.232890829660590770e-02
-4.520748598895792808e-02 4.396346354112983801e-01 9.159896459554048298e-02
-3.550199357371261466e-02 4.418825045828699838e-01 9.784559309682942796e-02
-6.130089244583347002e-02 4.450448459979134408e-01 6.548283998858257793e-02
-5.614437561321716091e-02 4.401771746154330978e-01 7.620233472552236098e-02
-6.171152103190911259e-02 4.041507647635473321e-01 7.214967413406650487e-02
-5.989585604620756981e-02 4.132133169139989848e-01 7.122659120303119484e-02
-6.498141526224301967e-02 4.102098784899966266e-01 6.303463342940501812e-02
-6.560997699898678259e-02 3.981073443732092709e-01 6.337526774986856903e-02
-6.025560993638269525e-02 3.778861825776895222e-01 7.303615852989044088e-02
-6.126284072074536513e-02 3.680311935653126643e-01 6.293769120424942687e-02
-5.638416197917073269e-02 3.610986843364453747e-01 7.404979392698479712e-02
-5.457828873826743588e-02 3.711073937918424326e-01 8.231063035538896400e-02
-2.359584205451261199e-02 3.879955175696934155e-01 1.028831157447162581e-01
-2.665703946506215588e-02 3.935973329967772938e-01 1.008459612745830625e-01
-3.251831123820052294e-02 3.880380219047472878e-01 1.009081361496821094e-01
-2.864153546871934380e-02 3.816376882964250261e-01 1.026766137994271216e-01
-1.440554499526859947e-02 3.982727536617245434e-01 1.063815240483920177e-01
-1.022511212752244374e-02 4.020627239853745705e-01 1.115548071288757354e-01
-1.056137988790543589e-02 4.071120203837340079e-01 1.065389594320231004e-01
-1.550948539451240359e-02 4.028492150824636853e-01 1.027021705677978874e-01
-1.837211629349149583e-02 3.827357281483819151e-01 1.035842128351386338e-01
-2.339485332695064729e-02 3.762212094586241951e-01 1.027454016507420020e-01
-1.712594873745995963e-02 3.895940004685526925e-01 1.059899122894879531e-01
-1.902954248789146333e-02 3.935614945859602920e-01 1.033440654281124194e-01
-1.346627257481486026e-02 3.851091316019728539e-01 1.161043327493536809e-01
-1.059503314527256157e-02 3.861426274569600414e-01 1.204005340804890495e-01
-1.151394660733520703e-02 3.915175632145135309e-01 1.201864602857672659e-01
-1.476023549098479798e-02 3.896282974751573702e-01 1.142630829063959047e-01
-1.683873431439531984e-02 3.831567521715411040e-01 1.077122962884744239e-01
-1.329123532013228894e-02 3.803426336630110205e-01 1.096692230916134075e-01
-1.452965329670014190e-02 3.830746223336695677e-01 1.123384817208499670e-01
-1.677922703739469917e-02 3.865263261070628897e-01 1.100170044336702541e-01
-1.380539549291241556e-02 3.939682231376272492e-01 1.101333218801065772e-01
-1.052300475144927160e-02 3.970461406825021577e-01 1.161829357903739479e-01
-6.426997117592995502e-03 3.990075751514396973e-01 1.220451225230473474e-01
-7.283537534681758588e-03 3.920886019995398208e-01 1.263227712605202724e-01
-3.844085924570455476e-02 3.681189995832384043e-01 9.796935170618358002e-02
-3.294073741619049644e-02 3.649312070291745869e-01 9.995768849546900203e-02
-2.864067962091995309e-02 3.705161585495835297e-01 1.018878392116948917e-01
-3.392727325251838899e-02 3.750205914010173447e-01 1.010795145134222306e-01
-1.431514080897784355e-02 3.772314397881380010e-01 1.069637994628432759e-01
-1.686861333438145066e-02 3.623874345022529697e-01 1.096822291649230396e-01
-1.146594636875179415e-02 3.639198237418122539e-01 1.131957605352659491e-01
-1.141466060164606465e-02 3.676815006776966155e-01 1.125127856959989708e-01
-1.735937765337414521e-02 3.662527840019376146e-01 1.090160640717412477e-01
-4.306230499066138889e-02 3.530543585423113195e-01 9.076304663434493769e-02
-4.289137400051349497e-02 3.445685312497367980e-01 8.806244987429144577e-02
-3.663479070559604034e-02 3.460424075542388178e-01 9.370726249158406462e-02
-3.696524261600337563e-02 3.527146754535273598e-01 9.529061876490360627e-02
-3.407193857463190062e-02 3.400445145222220633e-01 9.353734006979727567e-02
-4.030319345092799738e-02 3.362455306827250578e-01 8.684373440868162208e-02
-3.002765733067163170e-02 3.228018363505650856e-01 9.009470100685404437e-02
-2.524113361985248424e-02 3.303570965730502906e-01 9.893017664129769018e-02
-3.011374244199036335e-02 3.349026495424359262e-01 9.518474942192191313e-02
-3.567282317412412418e-02 3.290450961517292217e-01 8.769126748937100535e-02
-1.430848364627300764e-02 3.365895452725530257e-01 1.062127024344690085e-01
-1.924830389989619708e-02 3.264232836400881022e-01 1.040989860706498377e-01
-1.255326588712128016e-02 3.236160352494567571e-01 1.082450232026650472e-01
-8.583202085964273739e-03 3.356919262623835332e-01 1.086913997819902028e-01
-1.595550261412739118e-02 3.563391044774468219e-01 1.062703493239346569e-01
-1.630957851439836584e-02 3.591352308358423118e-01 1.086430187411181747e-01
-2.017636081512176258e-02 3.578783748579157931e-01 1.053297817725398627e-01
-1.971718325709302319e-02 3.558940892349063967e-01 1.036728935489185238e-01
-2.357941176322417634e-02 3.554079038959792047e-01 1.011561115914945130e-01
-2.349453542413702106e-02 3.560811444265644665e-01 1.018339392299904417e-01
-2.499231595129170966e-02 3.566881633384355044e-01 1.016513741175700258e-01
-2.518399582369283685e-02 3.552055304268612046e-01 1.004919840854368723e-01
-2.184333057396456793e-02 3.556870006494154968e-01 1.022777592233980876e-01
-2.263579633465375926e-02 3.546045321686607243e-01 1.016400789725973031e-01
-2.058605871527103420e-02 3.539882753235579216e-01 1.031838398524643624e-01
-1.729525126145055325e-02 3.535791355265755498e-01 1.061457347859990213e-01
-4.770626481669287822e-03 3.525415288333477726e-01 1.139385029196217924e-01
-3.933687220768923923e-03 3.566951892887759157e-01 1.122654338204197577e-01
-7.007191978034530387e-03 3.565992890811119920e-01 1.112112046431812246e-01
-8.429639714487919405e-03 3.528096032884495692e-01 1.126054702597456963e-01
-2.365016586376061242e-02 3.584077833795342727e-01 1.033160078860959480e-01
-2.116411980019198419e-02 3.603042362206969051e-01 1.059387300854772729e-01
-2.243344699860714067e-02 3.632989088446957893e-01 1.057010372723454078e-01
-2.578143650063878176e-02 3.602011909968376169e-01 1.029573133085220221e-01
-2.867987756842141703e-02 3.624193919368583483e-01 1.018734655824428265e-01
-3.077331080106404659e-02 3.582436531172198957e-01 9.959106083977385671e-02
-2.735418754697520327e-02 3.575456697787166571e-01 1.009101883701441910e-01
-2.427966095158250875e-02 3.534334093369910224e-01 1.004082131121627752e-01
-2.776883653989962314e-02 3.545497375129266771e-01 9.939848357809287493e-02
-2.690819659587333906e-02 3.516615681050994646e-01 9.876823627828316965e-02
-2.484952885379968293e-02 3.489086907299622786e-01 9.997804229563998779e-02
-2.222143615803013131e-02 3.518876789991568499e-01 1.020089336435463512e-01
-1.910690295586776541e-02 3.506430565377844921e-01 1.051257537572446166e-01
-2.159591186544488131e-02 3.465838261999644176e-01 1.027673306165366868e-01
-1.696144980207371297e-02 3.448425300499191049e-01 1.062415008727799620e-01
-1.472328120577451674e-02 3.495077486551080859e-01 1.090327370603595414e-01
-2.469448355422504057e-02 3.667232997952169504e-01 1.041722118352147591e-01
-3.173285611761258312e-02 3.536071736961931555e-01 9.764636103282262058e-02
-3.559816380934148483e-02 3.592267430868222311e-01 9.741332963174155479e-02
-3.105576895769742579e-02 3.489941729782939928e-01 9.682564614564495575e-02
-2.873472102123079963e-02 3.447177060989944919e-01 9.740421128836677933e-02
-2.014653725923776575e-02 3.384497606761352473e-01 1.030812929205342787e-01
-2.513654194751567539e-02 3.411218125746627861e-01 9.967900373945273729e-02
-2.246315664207162305e-02 3.173945038925427564e-01 9.491359275841342036e-02
-1.410851839243739900e-02 3.137166647704238143e-01 9.861530259641758389e-02
-4.171453266232225815e-02 4.330012778820382935e-01 9.371616627851535319e-02
-3.343407122274963394e-02 4.340475966845501743e-01 9.723243243915641321e-02
-4.203951635246247487e-02 4.249761267077378224e-01 9.101882728704827064e-02
-3.839833301044606045e-02 4.260407879547280507e-01 9.330792871681856115e-02
-3.906692069674312651e-02 4.287835118852267313e-01 9.340838153801052368e-02
-4.366786573846499070e-02 4.271323806801540779e-01 9.011197023079804691e-02
-5.444215369509038810e-02 4.159472255196864920e-01 7.664858364312697458e-02
-5.608800146560350558e-02 4.094612454720987782e-01 7.718635725525303803e-02
-5.030100763062738539e-02 4.144355884385917399e-01 8.045886270170962695e-02
-4.987189489469226467e-02 4.183609612881726281e-01 8.119426210701920221e-02
-4.321565751232851749e-02 4.075995700793252907e-01 8.896935312735636259e-02
-4.065466197484213229e-02 4.144666335685603387e-01 8.971576006279533000e-02
-4.366442958450515027e-02 4.151134757873026215e-01 8.713961634031625048e-02
-4.733252348616869692e-02 4.086611430027021763e-01 8.559975844690290159e-02
-3.710532691278495276e-02 4.140866755715558178e-01 9.189393023741393440e-02
-3.839624399485679768e-02 4.077646172370326672e-01 9.156005623885550559e-02
-3.354006434558362559e-02 4.089448582473736993e-01 9.340920713803554931e-02
-3.304143118833127030e-02 4.143904827532406965e-01 9.324395221266700007e-02
-3.246672976670399863e-02 4.296590098792267276e-01 9.501807102559187146e-02
-3.294347890302409820e-02 4.266907075892044099e-01 9.482447168476701438e-02
-2.672084058625024544e-02 4.260904832119461472e-01 9.456041688101773923e-02
-2.526729998743734718e-02 4.291812903383079303e-01 9.497868311592438939e-02
-1.691978553146006314e-02 4.188448108543527670e-01 9.146332434690807034e-02
-1.404498441666393420e-02 4.186786977251183983e-01 9.305624470589424213e-02
-1.467875596109929556e-02 4.228372635548303116e-01 9.320126214748082616e-02
-1.779944860636936341e-02 4.213086956198713873e-01 9.189813754091293030e-02
-1.819963257397820208e-02 4.172890962754397526e-01 9.211873924140345782e-02
-1.629542836206209974e-02 4.157929248048488624e-01 9.346424264238716029e-02
-3.622219942890912703e-02 4.873836789727022389e-01 7.825574688453035277e-02
-5.041314530977226288e-02 4.781349670596385382e-01 6.853421752147625945e-02
-3.156297942933511402e-02 4.717795944786316031e-01 9.167414561336702239e-02
-6.056796741760655384e-02 4.654223434166185336e-01 5.965440330105851313e-02
-6.681118864227995890e-02 4.504005781282971466e-01 5.250467243778727394e-02
-5.718815967684849622e-02 3.513612197069532761e-01 6.692227025528683926e-02
-5.039237557628705594e-02 3.463147456686090364e-01 7.890307442197820598e-02
-4.991336915985393474e-02 3.558942707878258727e-01 8.352116364181304264e-02
-5.479928921918458817e-02 3.406265003184695828e-01 6.267661153931397555e-02
-4.785537757868910114e-02 3.358617869983942517e-01 7.658741625389361984e-02
-3.322334402902312606e-02 3.182711381439254361e-01 7.580618053500205733e-02
-4.224433140021100624e-02 3.259945928132722548e-01 7.544665965090849302e-02
-6.018553698379226075e-02 3.478680118984076586e-01 4.659993098751950141e-02
-5.621317630361065409e-02 3.399304208592905385e-01 4.092278681164521897e-02
-4.909428061962729101e-02 3.303217163540859147e-01 5.849343027755821156e-02
-6.039552316810087307e-02 3.530554623864377017e-01 2.694149446733152056e-02
-5.729304595303794795e-02 3.501408897291818922e-01 1.977053610385647031e-02
-5.054507174089242078e-02 3.314547875486269501e-01 3.232707059933758592e-02
-3.533523892677525174e-02 2.986451292979493966e-01 3.964246534755285628e-02
-4.672152016102525812e-02 3.029425465838676002e-01 2.776051241985109594e-02
-4.715543642807591002e-02 2.916844758081779121e-01 2.456286220535513001e-02
-3.670218732980236320e-02 2.875538782485704825e-01 3.720309707718555403e-02
-6.213240764522866971e-02 3.577484625960700715e-01 5.327822670263083343e-02
-6.680495162110190732e-02 4.199689991415201940e-01 5.389971308413007284e-02
-6.845500825661431088e-02 4.063791854554636984e-01 5.207365333231559618e-02
-6.259926771035068116e-02 4.212901283981101419e-01 6.498633147537832833e-02
-6.984245282526703458e-02 4.782422584077151706e-01 2.442531228878421640e-02
-7.542802322841045404e-02 4.609003484071546031e-01 2.296229285178746221e-02
-7.149025193148605961e-02 4.564785650400346451e-01 3.864888368573036331e-02
-6.627032668510696167e-02 4.734429548240814967e-01 4.356964310690590592e-02
-4.257851138674091651e-02 5.122047342304099082e-01 2.849355852632293531e-02
-5.814469337640106733e-02 4.971863389575321146e-01 2.623461627341127853e-02
-5.523367686692225165e-02 4.897989754346983582e-01 4.992782534808019174e-02
-4.073282994592405254e-02 5.024154799056306242e-01 5.630263038716783186e-02
-7.730691335379463736e-02 4.614072849910166307e-01 6.940357497813462624e-03
-7.091201975416727699e-02 4.789361015795593479e-01 2.134027728058544588e-03
-7.200668684839724165e-02 4.726426620265993250e-01 -1.859243019461606986e-02
-7.790732884645594492e-02 4.587596172044163811e-01 -9.315172793112818511e-03
-5.962122883422497216e-02 4.971184633549418641e-01 -1.752906738087936945e-03
-6.041544173462288364e-02 4.905480060440060575e-01 -2.713791909384082740e-02
-5.771713584965982441e-02 3.534829408910628579e-01 8.382126447725209498e-03
-5.501376472180478927e-02 3.354239968523312632e-01 1.308552503427060608e-02
-5.304047370383409288e-02 3.203685029316894473e-01 1.511421253631682442e-02
-4.660145657256336421e-02 3.162121469804737295e-01 3.092377184251537264e-02
-4.344840939011011122e-02 5.023994809042930942e-01 -3.275249208611397816e-02
-4.306634836618692536e-02 5.118991790294910027e-01 -3.801740620514598538e-03
-6.519319438536468059e-02 4.302766314459825492e-01 -5.000110404962371247e-02
-7.198331564232002266e-02 4.228259734009658377e-01 -3.585403358548245462e-02
-7.530312985801906889e-02 4.382310364203252373e-01 -2.924330863954316059e-02
-6.794226615528486946e-02 4.481994052085733760e-01 -4.492116065409193504e-02
-5.454923198467517137e-02 4.379010057624632135e-01 -6.542121646996042206e-02
-5.716522847835994736e-02 4.586491409056919766e-01 -6.015639667712503053e-02
-5.215760081370750950e-02 3.785918708272104638e-01 -4.031522762605736776e-02
-4.430695321533344166e-02 3.796359372108277785e-01 -5.366174692842214794e-02
-3.826172446623830187e-02 3.644936365485733631e-01 -4.291898210096937311e-02
-4.529919255674918349e-02 3.634776186040351020e-01 -3.156124359793462120e-02
-5.201936815225907673e-02 4.350564719040646011e-01 8.508590039413560513e-02
-5.559732045168788023e-02 4.289843245051379039e-01 7.877052206565991754e-02
-5.087154122024590414e-02 4.265226994939902427e-01 8.436960900295413512e-02
-4.735734425983859075e-02 4.303250512537145078e-01 8.905903943256429645e-02
-6.455091568671843250e-02 4.329763723058031588e-01 5.840751294743055932e-02
-6.018076777168737679e-02 4.311363363564317264e-01 6.945862267357702513e-02
-7.290269286118229719e-02 4.410631735450912805e-01 3.368758162690513314e-02
-7.653001295884682975e-02 4.455901182747951106e-01 2.073892707331312715e-02
-7.910794528044583218e-02 4.453994371007578001e-01 -4.606905613171357119e-03
-7.860931192603116957e-02 4.466779461091246461e-01 8.475891248333032243e-03
-7.417165463010939874e-02 4.164301333455239229e-01 -2.401935184885933133e-02
-7.670822855098674564e-02 4.264085432724095681e-01 -1.981952702984986214e-02
-5.809622061078516947e-02 3.617867644871505806e-01 -5.711521698920920057e-03
-5.131816703807493690e-02 3.623344992042373258e-01 -1.945155375572841724e-02
-4.746784423483407789e-02 3.447308738682269835e-01 -1.498692868963071023e-02
-5.388895873687141180e-02 3.412658728337518155e-01 -2.416099110538332071e-03
-3.417938270236510478e-02 3.487387421830422385e-01 -3.512261718608811201e-02
-4.001789276268763462e-02 3.478337226933174153e-01 -2.530354084770829529e-02
-5.131928744090810679e-02 3.108628013049097305e-01 -2.475702332864436299e-03
-4.571276240512876787e-02 3.140149149904504222e-01 -1.585224108544723218e-02
-4.689907245108652922e-02 3.020790893138218802e-01 -1.861685807331088863e-02
-5.134541242857257326e-02 2.986791315022861992e-01 -5.161926449343401738e-03
-4.027592307113582459e-02 3.028167556581362052e-01 -3.028368193095201666e-02
-3.838100186698437111e-02 3.163262078975629943e-01 -2.696118713272259437e-02
-3.054251371268650733e-02 3.170039359827918624e-01 -3.576197114415410883e-02
-3.131566048845916411e-02 3.025974554391622218e-01 -3.901052166096280471e-02
-1.363875598615325001e-02 2.825100139396595766e-01 5.076180048407005069e-02
-2.426786074289236095e-02 2.848421930476965902e-01 4.511168544315230511e-02
-2.638357832406557427e-02 2.752128941609180424e-01 4.313747379551283179e-02
-1.472195291635672310e-02 2.735045636630929478e-01 4.807530447479048397e-02
-5.308002012391810354e-02 2.883958144001957380e-01 -8.686905906093968927e-03
-5.016115071464414404e-02 2.924744499583295521e-01 -2.325169749089599572e-02
-5.762857003051963245e-02 3.779022974354401820e-01 -2.657293969785178012e-02
-6.272665116379461114e-02 3.788149089738883091e-01 -1.579938503859841525e-02
-4.336655648396301604e-02 2.927597593027377876e-01 -3.562159492966444213e-02
-4.533384541805802331e-02 3.281218519219287200e-01 -1.464578653204305636e-02
-3.800433719385828274e-02 3.309710079203221911e-01 -2.477122574819639461e-02
-2.616480627896530450e-02 3.488933792582369353e-01 -4.323801799801504225e-02
-2.949115576685872389e-02 3.641177986231222130e-01 -5.211260932850549782e-02
-2.094995828990896258e-02 3.983310580879383944e-01 1.008708342402750702e-01
-2.377217643851203821e-02 4.123668549100839575e-01 9.439447126531155807e-02
-1.966303104150549097e-02 4.138576026550406239e-01 9.400814632805185034e-02
-2.072542455076596679e-02 4.166933958965710616e-01 9.302426422310283716e-02
-2.436511299083447823e-02 4.159614526442378390e-01 9.365658232632914637e-02
-1.364383064169107096e-02 4.542488219723634368e-01 1.034168003771848976e-01
-2.643143664202147330e-02 4.547789896367956941e-01 9.927999525333822128e-02
-2.415305357229977426e-02 4.412613326214834819e-01 1.025228533184785323e-01
-1.154507617430969128e-02 4.374448978757128903e-01 1.044524564126944333e-01
-5.029273655494310297e-02 3.838737144446085492e-01 9.079903781710271793e-02
-4.446384059708029246e-02 3.740098018706722871e-01 9.522471156139057646e-02
-3.867170592797281731e-02 3.815650530488811643e-01 9.940263733738859131e-02
-4.152892865644999126e-02 3.901835230938863752e-01 9.654792217585662917e-02
-4.703162384909725241e-02 4.198390281730930984e-01 8.411979395554119998e-02
-4.616733309000400215e-02 4.216327141581507343e-01 8.628302350276503829e-02
-4.860085946929786072e-02 4.218184687112462861e-01 8.382319785725418637e-02
-4.125660534716654032e-02 3.610233968347805744e-01 9.437896285956649811e-02
-4.796383027745371869e-02 3.649233908847134278e-01 8.933646091049919635e-02
-6.746526052140155993e-02 3.917027437712562454e-01 5.171071439871415681e-02
-5.765606784310592370e-02 4.218291366094367167e-01 7.350005309847214285e-02
-2.284332290063452106e-02 5.220515770060281113e-01 3.157997933921165984e-02
-2.214075006675886650e-02 5.108025730713214863e-01 6.260298133775668572e-02
-2.333827100360119991e-02 5.222356544579946913e-01 -3.409495665006870985e-03
-2.375706239432379130e-02 5.123324755880641623e-01 -3.381261077003289151e-02
-4.104802731918946040e-02 4.666258317299424863e-01 -7.095157702006034406e-02
-2.275070291785042526e-02 4.742553543975567276e-01 -7.692682602496037081e-02
-2.209791032349913559e-02 4.493184493638253674e-01 -8.595751096220992371e-02
-4.008161614817212087e-02 4.435904701300574238e-01 -7.746169488221502086e-02
-3.338823042964603194e-02 3.803359935775893486e-01 -6.514299104797610651e-02
-2.135020134407420930e-02 3.183440007706465624e-01 -4.153884740163447942e-02
-2.191080055619695072e-02 3.026037866253316611e-01 -4.433445493649167124e-02
-2.022517490480812280e-02 4.926284299330773719e-01 8.423533958512853526e-02
-1.665123702344164028e-02 4.733143848788847752e-01 9.728147736969146309e-02
-6.885641102117479040e-02 4.358913094814024225e-01 4.568388844659965892e-02
-6.118084091153749154e-02 3.956995334764787930e-01 7.573172145293928514e-02
-5.788197314181752623e-02 3.887518378196458402e-01 8.159139912380392046e-02
-5.375487094920393394e-02 3.996083531929371380e-01 8.528737773719358151e-02
-5.628797179826278835e-02 4.036981528835751898e-01 8.042927899346162535e-02
-6.372015198924718682e-02 3.866656040149179518e-01 6.660833883693023649e-02
-6.482286629368438913e-02 3.778158023191646175e-01 5.407514302202076628e-02
-6.554683627345755936e-02 3.696102943077487768e-01 4.003362398157222363e-02
-6.330355750546352855e-02 3.586880365829848705e-01 3.291563541744289834e-02
-6.935212255141119664e-02 4.642016352012877656e-01 -3.746555697690320125e-02
-7.657427433050868759e-02 4.517694325937093858e-01 -2.286661477369157647e-02
-4.267197881754431626e-02 4.869661603339439093e-01 -5.572786152874911747e-02
-5.912732694480114792e-02 4.770725197308345877e-01 -4.748211325965553953e-02
-7.809752097091922363e-02 4.415350084635968342e-01 -1.656991518974703856e-02
-2.380743702444221288e-02 4.962066922863353491e-01 -5.938997279978369681e-02
-1.105658737809212845e-02 3.717720231938976827e-01 1.113927714305699701e-01
-9.627085323759866642e-03 3.756156346822646652e-01 1.108914764317147361e-01
-1.812455310397708894e-02 3.714934664697538969e-01 1.068546577308964046e-01
-9.940937469063092571e-03 3.485203780819065011e-01 1.118456042038668691e-01
-1.160282302984294231e-02 3.435722500071655694e-01 1.088651979924354501e-01
-6.559277482310008414e-03 3.429741309703173702e-01 1.100282434291113970e-01
-5.551398179174325473e-03 3.480516688416608884e-01 1.132071787730914159e-01
-1.336915638279387829e-02 3.088104148295675033e-01 8.351531085751737193e-02
-2.282694269470690249e-02 3.124749353804660568e-01 7.964843898022271051e-02
-1.292037964298744721e-02 2.914567875838339761e-01 5.495728825931409101e-02
-2.300168339131393458e-02 2.940988745802234905e-01 4.872113525704802744e-02
-9.687043669675945989e-03 3.836045262592469030e-01 1.147177197221857792e-01
-1.002336279473165469e-02 3.829528599739074890e-01 1.126785583900102167e-01
-8.174247482762728167e-03 3.831603057595938111e-01 1.131169778689900540e-01
-8.218287372674862659e-03 3.839735889043119355e-01 1.150502778737354376e-01
-2.233965562644354627e-02 3.568700269414626369e-01 1.031641683579334751e-01
-6.755592480816681976e-03 3.641814962797513822e-01 1.151151476464390006e-01
-6.862077244250969557e-03 3.603650258521944871e-01 1.137560559748615197e-01
-3.879500818027209041e-03 3.601195808949219646e-01 1.144296106864192558e-01
-3.799544246892160547e-03 3.637543439240307763e-01 1.157294075745210343e-01
-3.819527975463627573e-02 3.187702760486457731e-01 5.495201944500754943e-02
-3.502766069758990464e-02 3.097482805873112421e-01 4.452432766907848949e-02
-5.176132306035796660e-02 2.949881312743347084e-01 1.016129970956375708e-02
-5.191789757570802744e-02 3.069348344162491360e-01 1.297874579723454387e-02
-5.205467436997768954e-02 3.247460832786012164e-01 -1.336615567366524187e-03
-3.111387104197432460e-02 3.329924370697568969e-01 -3.384685048998939405e-02
-2.270182171859954495e-02 3.342787987586271492e-01 -4.008614388674612561e-02
-1.267435730577865655e-02 3.350659676556644317e-01 -4.474537158276468279e-02
-1.568756134273101288e-02 3.495088595625366890e-01 -4.900968304180714635e-02
-2.348271429168302324e-02 3.090898954251224406e-01 6.468856061781365352e-02
-2.302276353064933861e-02 3.028360145488014354e-01 5.472604811308119654e-02
-1.309988031510840416e-02 2.995723257603414846e-01 6.088230275448097001e-02
-1.311188894737528102e-02 3.051269057574960697e-01 7.003096912850152733e-02
-4.289164396000701672e-03 3.810188445672454960e-01 1.161950951013296651e-01
-5.189485982859399528e-03 3.799098926127600362e-01 1.141974752042779762e-01
-3.291331504495722312e-03 3.778816662886891331e-01 1.150387832781848141e-01
-2.865568728992990300e-03 3.800511205160631012e-01 1.176988080015846927e-01
-1.084333045291274028e-02 3.810318140532920062e-01 1.111219086182892307e-01
-8.863962238310587813e-03 3.782320433691477302e-01 1.110464265933880784e-01
-8.590549516376801836e-03 3.800779741119947319e-01 1.110591321988743940e-01
-1.163636020641772677e-02 3.822363490989031387e-01 1.127565850723593194e-01
-1.107310936813676178e-02 3.836017058504948563e-01 1.153294668522341776e-01
-6.484916672593295586e-03 3.843517638166691341e-01 1.198239787428870967e-01
-6.260804819786785352e-03 3.849492221449687945e-01 1.245189568752203546e-01
-9.268755197297915902e-03 3.842860640433951591e-01 1.182581489274203701e-01
-6.066986687616304080e-03 3.822063100246954059e-01 1.147962589679121792e-01
-6.337248627673455932e-03 3.810539166969753588e-01 1.130247374139313477e-01
-8.195215076843653454e-03 3.817469512641941121e-01 1.115396792584804481e-01
-9.825753445820565798e-03 3.819206292119685098e-01 1.115357716030310337e-01
-6.791958544734814397e-03 3.842503091400967796e-01 1.178063413433483309e-01
-8.548463599561607895e-03 3.840928035919045636e-01 1.165439750048259115e-01
-5.852541844884692757e-03 4.048755757720651216e-01 1.167646966330993519e-01
-4.319158772497147004e-03 2.898631536449404189e-01 5.781629165169207413e-02
-4.666919815346297698e-03 2.978783207409009814e-01 6.347792578773482630e-02
-2.290809115988713673e-02 3.556785703683854050e-01 1.016653183312733882e-01
-2.427191984716150011e-02 4.333052310491197212e-01 9.842752110505294250e-02
-4.816461466362364358e-02 3.978714261394581397e-01 9.073168270576174865e-02
-2.818292678244876254e-02 3.993482262425215867e-01 9.826920347259768262e-02
-2.845695593502287069e-02 4.050698737624515156e-01 9.597853261600457209e-02
-3.437720677142065695e-02 4.022151337734218846e-01 9.509718022357836753e-02
-3.431764853595853371e-02 3.951550846115647886e-01 9.789553631738405481e-02
-1.562031419809024359e-02 4.301421286424034207e-01 9.825446238689532208e-02
-1.070394449415378729e-02 4.246103887470060179e-01 9.714954248766405343e-02
-6.694302936616749501e-03 4.265326912750218025e-01 1.026782842647461225e-01
-1.021222646855336584e-02 4.181386229351964912e-01 9.702399230013449005e-02
-1.331801670320619836e-02 4.132800124658878582e-01 9.624180003456361820e-02
-1.142198028576526386e-02 4.109460508727068584e-01 1.013361070438437289e-01
-6.745859813800431440e-03 4.174145696456389443e-01 1.044379428056984305e-01
-4.665853361050215087e-02 4.247350786938773881e-01 8.689675618952762137e-02
-4.455620348227835870e-02 4.233208669154990833e-01 8.861872679050464274e-02
-1.657118589672169212e-02 4.066185786509368127e-01 9.902165710168688018e-02
-1.786542547939610343e-02 4.100724751886656860e-01 9.582693516559578906e-02
-2.287485164535804291e-02 4.075721744159317983e-01 9.598308363689678213e-02
-2.213885339493336032e-02 4.029440787973325167e-01 9.826569132548798602e-02
-4.089554048752782472e-02 3.995577690776358493e-01 9.362037216741360413e-02
-5.272624030854188709e-02 4.218636004861169297e-01 7.970026570406563149e-02
-4.969140456830874880e-02 4.109079849379327354e-01 8.232085488250334704e-02
-6.270756375085777268e-02 3.738339842242359712e-01 -2.380996366863036284e-03
-6.675695095672005974e-02 3.842977027713391780e-01 -9.241112273134144753e-03
-6.520192930214412097e-02 3.669093951156005007e-01 1.541667310435010894e-02
-6.424757870316949449e-02 3.684688899451895594e-01 1.152012662167093034e-02
-5.955858135949985283e-02 3.631575600565848938e-01 1.387298090846271134e-02
-6.224786921841644893e-02 3.626378978594490543e-01 1.838954942713730278e-02
-7.739693943364425732e-02 4.162925997229755537e-01 -3.427617734303218047e-03
-7.694835125543081356e-02 4.165954386165229284e-01 4.095268230390762456e-04
-7.760569458716694291e-02 4.231427569290397983e-01 8.200502628832703929e-04
-7.753592903872981446e-02 4.223770371369373056e-01 -6.592666394596121901e-03
-7.692541069013443533e-02 4.191364578217522951e-01 6.777935424573648497e-03
-7.604704138165466198e-02 4.153780514135446689e-01 7.116753337180806681e-03
-7.587770177064748212e-02 4.149545879780598412e-01 1.035827127772295450e-02
-7.693060627977145460e-02 4.221596481669641632e-01 8.847236248256442823e-03
-7.518498741821266762e-02 4.196854556412087378e-01 1.626233821642811272e-02
-7.601423861885299449e-02 4.313533843389341094e-01 1.901865280791049939e-02
-7.801505218555788990e-02 4.333174734555133023e-01 8.886876324390979506e-03
-7.047407808678050889e-02 4.176350953899771179e-01 3.923540846897830003e-02
-7.278366186597337584e-02 4.263266163661764696e-01 2.871417362547391827e-02
-7.256199424178357005e-02 4.147099848985243420e-01 2.235013973897546219e-02
-7.110742195816321942e-02 4.064892670285305543e-01 2.705033571778191551e-02
-6.628458756746262448e-02 3.729111962452242302e-01 2.612411602555115078e-02
-6.466132556144264798e-02 3.659584995786630546e-01 2.276725636927876689e-02
-6.019887356324325756e-02 3.665549834535305473e-01 6.597661236063478984e-03
-5.204385742115253538e-02 4.170311123366684525e-01 -6.547752176306535776e-02
-6.280629993105835140e-02 4.122486710361779605e-01 -5.134214510766939993e-02
-6.837961963667554821e-02 4.077593688800859040e-01 -3.712526494571619790e-02
-7.093767203986908743e-02 4.045699036795054049e-01 -2.452098605254082048e-02
-4.020885596289082431e-02 4.230908298806139167e-01 -7.751107799453697822e-02
-2.531521842516470944e-02 4.232826906940093670e-01 -8.401504858819505706e-02
-7.038819418623788737e-02 4.010084792800771569e-01 3.962912679862020532e-02
-6.963019748444476686e-02 3.953026025684070466e-01 2.822094295763284341e-02
-5.802062059451694453e-02 3.945239846453053589e-01 -4.775573959505077098e-02
-4.884753714689916981e-02 3.974816229520847233e-01 -6.218380165931892967e-02
-6.326622998956694943e-02 3.925425491140178691e-01 -3.364328972645153071e-02
-6.725838363589746460e-02 3.922824379073314160e-01 -2.186564615038333673e-02
-3.624437614240804545e-02 4.033731341754673849e-01 -7.429610968370638224e-02
-2.039799582687202781e-02 4.003470106882638935e-01 -8.096098762502532131e-02
-1.892614358274920597e-02 3.798099069478061418e-01 -7.150068583754942697e-02
-7.002025156244069681e-02 3.752359901420235788e-01 1.604188232824283952e-02
-7.038324407063048516e-02 3.697932684449120599e-01 1.678951464638028801e-02
-6.744458184977794590e-02 3.683630425953427490e-01 1.832476278318709295e-02
-6.823126586096078805e-02 3.737395695565889353e-01 2.008358615638851721e-02
-6.831818603448071292e-02 3.837814863118261810e-01 2.732869176229823019e-02
-6.810390840901146825e-02 3.859144781955438086e-01 3.882851885504766398e-02
-6.094970535121422769e-03 4.107808313022710545e-01 1.112517160171833663e-01
-5.795019612952404323e-03 3.223402284754604552e-01 1.102210477484384527e-01
-3.938556985451161820e-03 3.355141444086988667e-01 1.102661802921244133e-01
-6.137283361894391512e-03 3.716547716796921863e-01 1.137779365360637590e-01
-6.625874452772470037e-03 3.678082434285006586e-01 1.146389062668011910e-01
-3.627796968467674084e-03 3.672227648819598178e-01 1.152839155543202571e-01
-3.297883907148966339e-03 3.708164780438709118e-01 1.145030061514066139e-01
-1.871787057420450789e-02 4.266194465580224748e-01 9.401534806988422199e-02
-1.769972230461859183e-02 3.641813568723575867e-01 -5.892662942931128217e-02
-1.130308477619484421e-02 3.196507721672304791e-01 -4.476055560967190372e-02
-1.129909812881505979e-02 3.038056948018177938e-01 -4.741833417812733181e-02
-3.429689639340368496e-02 2.913817440925082769e-01 -4.460102206386073326e-02
-2.374550025217022839e-02 2.905038926885100126e-01 -5.026806063457236323e-02
-3.015017988501072273e-03 3.744710817167531958e-01 1.142999644935830117e-01
-5.703318093486663479e-03 3.750868411178491790e-01 1.134018951409364595e-01
-6.237039329693093784e-03 3.837133831487101188e-01 1.166198567697708938e-01
-1.131904707178323088e-02 3.600050867393325693e-01 1.119920882378530463e-01
-6.440423037670489799e-03 3.797461481636542069e-01 1.127311978002923931e-01
-5.704385532795413875e-03 3.777422349778118971e-01 1.131389457873403226e-01
-1.316505945674285340e-03 3.774049244517845847e-01 1.158003979721777266e-01
-1.519527481832220073e-03 3.741368137484500367e-01 1.146109255572425878e-01
-2.854094576097173513e-02 4.105879139034048220e-01 9.435454786899727386e-02
-2.863758411555336961e-02 4.150298813195541503e-01 9.380018653921411154e-02
-4.731885043401991980e-03 3.827434224339445468e-01 1.186464191904530036e-01
-3.632110567167238114e-03 3.819150583753324613e-01 1.211326531195857231e-01
-3.866219739856335824e-02 2.776648898010308231e-01 3.435994703484827884e-02
-4.827522364660336018e-02 2.810510307247008344e-01 2.113696718986109516e-02
-1.785653853448044767e-03 3.600130766223789691e-01 1.146315419827603627e-01
-1.805348077154303368e-03 3.635758702566983525e-01 1.158967527320618890e-01
-7.106675386209991563e-02 3.997409297974992004e-01 1.915192994863615383e-02
-7.262906822309683763e-02 4.069263847440608428e-01 1.708814872580278338e-02
-7.390360569995854667e-02 4.022211737572629620e-01 1.223156561448837318e-02
-7.210818250932775342e-02 3.961837463974169915e-01 1.384947268739094954e-02
-4.769898311960439966e-03 2.814363087896191717e-01 5.366033616278192281e-02
-5.272671582005480223e-02 2.844946891938228140e-01 6.155101274228053088e-03
-1.226472854015372982e-02 2.907232655690532575e-01 -5.385710001167120370e-02
-4.582928779231511957e-02 4.164342418019571501e-01 8.507049285285483986e-02
-4.687405866129187165e-02 4.180646940570648673e-01 8.372715957752592530e-02
-2.131766014028840112e-02 4.241879828948341147e-01 9.302386563540486486e-02
-1.292862864700882082e-02 3.530538439628433389e-01 1.100031138894243532e-01
-1.123897854965300383e-02 3.564734389893706723e-01 1.093016120317715362e-01
-4.938970087526971774e-03 3.033123793393769363e-01 7.232685321360532438e-02
-1.319786569512917387e-03 3.795602820995910842e-01 1.186414401027353765e-01
-7.424783956198702239e-02 4.093107407742872517e-01 4.207879228963275729e-03
-7.385709343335078447e-02 4.057602131350616648e-01 4.957039908540316654e-03
-7.658495714885933670e-02 4.050226373807133129e-01 6.731460068794109172e-03
-7.676095712556353645e-02 4.081774554296023760e-01 7.268020256836888598e-03
-7.827621913502953721e-02 4.114841429819948160e-01 1.178043322818620765e-02
-7.950101813267143602e-02 4.146361110240909253e-01 1.012459521962649940e-02
-8.066717792602094705e-02 4.113358821795867759e-01 8.776228008675779346e-03
-7.914522354493409850e-02 4.086122474091453682e-01 9.434717289357923489e-03
-7.487397835125458867e-02 4.121633984200759881e-01 1.420866803434163092e-02
-7.612137386064804501e-02 4.076582978669087698e-01 1.234664397963484289e-02
-8.185740294717944177e-02 4.159648571342008383e-01 8.441216463977567822e-03
-8.153097501650172219e-02 4.133262728732377544e-01 7.265369047958044474e-03
-7.687802638626298202e-02 4.162710511130106039e-01 4.436820495251955938e-03
-7.929514201773162074e-02 4.171035063988063341e-01 7.032791989268698252e-03
-8.052006000432658517e-02 4.187741484430616001e-01 2.694107824300476673e-03
-8.420467953816772322e-02 4.170805065266729450e-01 4.690866294140962588e-03
-8.242600178411541023e-02 4.184874249599927487e-01 -3.297053327187321817e-03
-8.665662009487966333e-02 4.162882306740219307e-01 -4.810210225676821941e-04
-8.259774539767669732e-02 4.147707626516415891e-01 -8.440517744901508343e-03
-8.730388233793694164e-02 4.131715316225489931e-01 -5.752049536526708876e-03
-6.933654970822164532e-02 3.815547262349080482e-01 1.996175196940327273e-02
-6.849457091778625439e-02 3.825073089986521513e-01 1.351126680169961736e-02
-8.207409660088738068e-02 4.088881776697809167e-01 -1.104407586823272398e-02
-8.740710451682789928e-02 4.081570212025593114e-01 -8.795675988277797466e-03
-8.134567212486444598e-02 4.015571310667372940e-01 -1.276237634640190258e-02
-8.644766075068191502e-02 4.013387743618579417e-01 -1.049803503480906293e-02
-8.023319732016279127e-02 3.932887971815812733e-01 -1.210264880455163249e-02
-8.448535928211201029e-02 3.940990858248983875e-01 -1.021083045892677392e-02
-7.866231626507474983e-02 3.859925580864878580e-01 -9.451772088325189822e-03
-8.274761986818425508e-02 3.873389616453964956e-01 -7.715649352968866580e-03
-7.629508220706074373e-02 3.769069234785658584e-01 -5.150745312782685145e-03
-8.060585692081610742e-02 3.807826837955586297e-01 -3.310686400009777222e-03
-8.336231902818207196e-02 4.114627880572362395e-01 -4.954966416850517530e-03
-8.266725524833444527e-02 4.143772972328823023e-01 -1.265883119712917513e-03
-7.589052820951330824e-02 4.128177050098694734e-01 -5.224962241155352294e-03
-8.189945750488519804e-02 4.150372663815641294e-01 3.575546785773083946e-03
-7.292700671508198229e-02 4.002734386297283620e-01 -1.573013422703498348e-03
-7.206566479885155585e-02 3.982544335099340582e-01 -1.047305208146789846e-03
-7.424937320970549648e-02 3.992437797455078430e-01 2.104496040720063577e-03
-7.257749290530444986e-02 4.012511321309841783e-01 3.646820492122110910e-04
-7.272075140158924811e-02 3.943769213428532372e-01 1.042196066205645921e-02
-7.240129152234189847e-02 3.890734630750218304e-01 1.048554887778474845e-02
-7.158548812068690759e-02 3.890522518103779470e-01 1.428884078192126442e-02
-7.024070177257110692e-02 3.852842892515128681e-01 1.005629293246678747e-02
-6.951771149689896234e-02 3.896937193950426592e-01 8.883324402780199552e-03
-6.960696483799883039e-02 3.864944989040428047e-01 8.710198328702924847e-03
-6.881817206731910552e-02 3.937943274462625820e-01 8.391090933615546338e-03
-6.984988401127353863e-02 3.850908709208223368e-01 7.286290880456815049e-03
-7.070070350190649222e-02 3.835735304745140350e-01 8.402570673384590974e-03
-6.887386290321211024e-02 3.859797189518763272e-01 6.616947795294488011e-03
-6.861176226209668438e-02 3.868680372906426190e-01 7.463915213158235640e-03
-6.768094130070961834e-02 3.886594227201523588e-01 6.577928079066624155e-03
-6.774929442806693070e-02 3.916578254921121438e-01 4.310922368454149153e-03
-7.061462206709834266e-02 3.908821113023637772e-01 1.997118931804128805e-02
-6.708049250396361241e-02 3.800282928032323038e-01 3.339932105028432232e-05
-7.059074957986206933e-02 3.878299142845604841e-01 -4.325584530896497276e-03
-7.787669647298581244e-02 3.759910228728258752e-01 2.452096467309979738e-03
-7.462806502741033132e-02 3.702902001492999751e-01 2.283129669581101129e-03
-7.215980222395948496e-02 3.670548222071499667e-01 1.462973545209238918e-02
-7.343263546667633257e-02 3.666889217868867235e-01 9.287987118746295068e-03
-7.462948348732988124e-02 4.078669401544959272e-01 -6.369630673010562467e-03
-7.406447102249893999e-02 4.015486734862732110e-01 -7.740537671426667328e-03
-6.505919155633808904e-02 3.741241927459671990e-01 6.782729626159897732e-03
-7.292451116916737197e-02 3.950354091124894662e-01 -7.216476604171335671e-03
-7.892441545826668625e-02 3.844371995924076857e-01 -2.352843509248035096e-03
-7.643440683869816288e-02 3.812201572828066154e-01 1.835484547617252400e-03
-8.138908553538942714e-02 3.891560581450089762e-01 -5.667226552863511950e-03
-7.153148673211101594e-02 3.804860310179173921e-01 1.052665223484234268e-02
-7.428412186308841481e-02 3.800508107064802799e-01 6.510724798071201858e-03
-7.557831975453159490e-02 3.745905974761388202e-01 8.292560968705904589e-03
-7.301571344460841551e-02 3.745638958493994197e-01 1.279294565745594560e-02
-7.467889785631472155e-02 3.847578189530108106e-01 2.396368099053290592e-03
-7.768638257295848448e-02 3.872888112147546691e-01 -4.154138865814958285e-04
-7.165044637480647016e-02 3.868008814453637867e-01 1.422879172441848935e-03
-7.454960980610990384e-02 3.893010879184827799e-01 -9.907943762457321890e-04
-7.044979578319676694e-02 3.853333663918516172e-01 4.685425022766514375e-03
-7.230296484249681965e-02 3.834670705397530410e-01 5.534019271751529530e-03
-6.816375171500743679e-02 3.886249621430205581e-01 8.034292640559566063e-04
-7.107391487541946107e-02 3.922908858142816757e-01 -1.816797312292688441e-03
-6.831111495263156308e-02 3.866810472835256474e-01 4.521560953901901901e-03
-7.736988861709159782e-02 3.924960493199290412e-01 -1.861397705577537464e-03
-7.459987157710663841e-02 3.953357730648295876e-01 -1.919690101645275468e-03
-7.786021340078219666e-02 3.986415151063478768e-01 -3.890735010767463185e-04
-7.973484511387719798e-02 3.962432768390723448e-01 -1.863789870395702805e-03
-8.009766288409245205e-02 3.907911961770487719e-01 -2.906217627120310544e-03
-8.211993125888206180e-02 3.950067991377317900e-01 -4.334593786012831511e-03
-8.207358524599736582e-02 3.948062408948202484e-01 -7.784891273339309033e-03
-8.272997511020781236e-02 4.003424412862620074e-01 -5.141374770351597387e-03
-8.272766499760840497e-02 4.011815899028797205e-01 -8.341032813539886459e-03
-8.121220776527715568e-02 4.001554254197162708e-01 -2.500418821532531151e-03
-7.983459963929774583e-02 4.010561612899713468e-01 -2.091611224005069649e-04
-8.353690348944041444e-02 4.071837334201607872e-01 -7.397547304256694468e-03
-8.281058438321513282e-02 4.053904461499248657e-01 -4.517939851950973640e-03
-8.254735751887898321e-02 4.092496876618593737e-01 -2.784592008241868789e-03
-8.188155789166440268e-02 4.039368676759900745e-01 -1.960825656569894614e-03
-8.144180082196551818e-02 4.069175332970668690e-01 -5.928875803464147545e-04
-8.071389335580081426e-02 4.032624451168563273e-01 -4.752546774939990937e-04
-8.010108306593223537e-02 4.048962972297577290e-01 8.137521613096216364e-04
-7.895014038712964977e-02 4.125671113130189305e-01 5.780062439595521316e-03
-7.778895737871330263e-02 4.107901592726104223e-01 7.131534602185862076e-03
-8.027342665508729880e-02 4.127712911908423266e-01 3.127752209777943417e-03
-7.885533987863709016e-02 4.103206157674919030e-01 3.162797524358002942e-03
-7.803333068245657533e-02 4.116421582541739954e-01 4.346683811943612662e-03
-7.658459891504186545e-02 4.105854403178407774e-01 4.654418600369353634e-03
-7.784055055741326279e-02 4.081467768205854219e-01 3.740639334828088462e-03
-7.584722037384293569e-02 4.061265778160913498e-01 2.647530756002137563e-03
-1.744088675707177946e-02 2.527632095271191148e-01 4.633610636906856928e-02
-6.250406003626408219e-03 2.512639845579632825e-01 4.685002848612968007e-02
-5.580200242436325793e-03 2.614032515404751678e-01 4.808783677286929126e-02
-1.619738672872449506e-02 2.630961491065838542e-01 4.646283911122763705e-02
-8.019747440893552903e-02 4.089070301126574991e-01 1.290721449066945838e-03
-7.913282375455020501e-02 4.064307483347326388e-01 2.550767002083816851e-03
-8.145891560673373943e-02 4.117373412531130650e-01 -1.621461680262201643e-04
-7.688148558358100237e-02 4.025236953853787436e-01 5.709392614772299673e-04
-7.787121769560000073e-02 4.043159672323917153e-01 1.914799070764684058e-03
-7.898507160181846010e-02 4.027831117948154072e-01 1.255858613460916285e-03
-7.801233444249759674e-02 4.013767423694600822e-01 6.584784596881049570e-04
-7.238723784563415309e-02 3.980945533052080987e-01 9.359657558626732071e-03
-7.023843967864491777e-02 3.965728674455684666e-01 6.043975760703503702e-03
-7.011943014914395755e-02 3.941124934380021982e-01 2.223781274807028890e-03
-4.946054155589854617e-02 2.412317181234151231e-01 3.193025568226922489e-02
-4.552624956840884557e-02 2.497627755360339596e-01 2.872472245335793220e-02
-5.957264733406118784e-02 2.555870442485924099e-01 1.703311366589718018e-02
-6.456935847437846043e-02 2.488767317027988368e-01 1.960655646167389771e-02
-6.017011898910288453e-02 2.209378264765624600e-01 4.858005822516673483e-02
-8.159204494705464550e-02 2.293045695874534606e-01 3.455347772747886792e-02
-8.051857330776156230e-02 2.087226894000208943e-01 5.315967520280519970e-02
-6.278815214813615597e-02 2.034498966795763031e-01 5.937027598323626337e-02
-7.984435910948085857e-02 1.908373707181979240e-01 6.773838293071322847e-02
-6.386878545376804828e-02 1.868646967859892427e-01 7.130267434787100622e-02
-7.706372033367965557e-02 1.430526731245405081e-01 1.050697920018563991e-01
-6.204208740767021280e-02 1.418114221378420636e-01 1.083725290170097777e-01
-6.271041264012038041e-02 1.568271561922385260e-01 9.643299754047422734e-02
-7.802684465915799006e-02 1.582249479339822296e-01 9.276542627193595791e-02
-9.657209415390119456e-02 7.156756678092392188e-02 1.396762850552250301e-01
-9.082775758356828599e-02 5.446105243073640079e-02 1.370132740276394923e-01
-7.796919781412965655e-02 5.850618198895887051e-02 1.423059726756966958e-01
-8.525414373459422324e-02 7.382715866733177701e-02 1.439483441797371477e-01
-1.379849243893332966e-01 1.648025543941086524e-01 6.241269128566246521e-02
-1.400850789647670180e-01 1.835354439744149302e-01 5.441595179067121313e-02
-1.508961682315117514e-01 1.743323622194116740e-01 5.279031152517196096e-02
-1.471020002788988590e-01 1.550407909265719975e-01 5.959005520915591769e-02
-9.299786960469985653e-02 2.615667044510299744e-01 -1.164674834678016899e-02
-8.876775703731204503e-02 2.476399655217780826e-01 1.044285757471850526e-02
-8.043772349562949842e-02 2.514635010907099177e-01 5.856271000485417828e-03
-8.537563792691281461e-02 2.641485178413240931e-01 -1.361887133576675062e-02
-1.396167096232621418e-01 8.149791717329420149e-02 9.301196590534295539e-02
-1.355269885033835719e-01 7.020684831482361388e-02 1.011799549216925997e-01
-1.313155225817916050e-01 7.925830747748714711e-02 1.087046254972835885e-01
-1.341487183819494999e-01 9.056044723093108206e-02 1.015201115056519193e-01
-1.068974937275684600e-01 2.567174130382389972e-03 8.593487788498956059e-02
-1.089903834475397237e-01 -1.475866647506602659e-02 8.577630958850905596e-02
-9.446190077933495910e-02 -1.481796954744681212e-02 1.012807084551053532e-01
-9.313182578040266058e-02 2.218712059868640282e-03 1.005927347603321614e-01
-1.410393210899456851e-01 2.130673712868629693e-02 2.377094033497698794e-02
-1.431072266765393564e-01 2.001248355895010600e-02 -2.071022954589263158e-03
-1.415578555430034580e-01 6.536868787088331509e-03 -3.758316658720619978e-03
-1.404340725368882770e-01 6.434266772003843782e-03 2.177311119758248287e-02
-1.035318720319581415e-01 1.423374931959650591e-01 9.579852227942360632e-02
-9.107818684629059858e-02 1.432072248788833768e-01 1.006952567147421512e-01
-9.236402342069771620e-02 1.584112873148421363e-01 8.857161659901806317e-02
-1.053976139223854747e-01 1.577851582413421216e-01 8.402078752712384413e-02
-3.187849343633768484e-01 2.106254110113221778e-01 1.395499337442004419e-02
-3.190757931417359528e-01 1.945187641760895980e-01 1.446633006950421435e-02
-2.954380516309219051e-01 1.949084161253230862e-01 1.632781687560993719e-02
-2.949543703527381933e-01 2.107493792087990203e-01 1.537095901155039433e-02
-1.455872321454645957e-01 -7.705358425646618992e-02 3.196074556137935840e-02
-1.444997641879022521e-01 -7.437707337151318321e-02 7.892178876837938756e-03
-1.464557857388356921e-01 -9.114170391607194499e-02 1.120262938889336583e-02
-1.469726509064625264e-01 -9.420348871550027203e-02 3.514119454956792649e-02
-1.889616156553038384e-01 2.337176798602866312e-01 2.614782892216753474e-02
-1.749370966742920808e-01 2.371007935896281837e-01 2.688796717822772991e-02
-1.736850702372754740e-01 2.535257172523922575e-01 7.962859970292611098e-03
-1.866088250527820624e-01 2.506398896178587132e-01 8.709361619787570757e-03
-1.383489623477372477e-01 1.280198311134215228e-01 7.387477448760676468e-02
-1.313478125938563335e-01 1.348414990398726643e-01 7.948950093125857486e-02
-1.350224991313989376e-01 1.490828609556885676e-01 7.083298200410149958e-02
-1.421345581020457827e-01 1.402774396291126824e-01 6.658283890562660678e-02
-1.523016413242014311e-01 4.664736225703931816e-02 -4.980086655447075843e-03
-1.513245170402650053e-01 4.746944519470670115e-02 1.791433637303889784e-02
-1.541867743217364140e-01 6.321561873475098348e-02 1.203949184864793083e-02
-1.552674561351193028e-01 6.267588062270344762e-02 -8.553466465450942566e-03
-1.471609989231306981e-01 3.348484202499697748e-02 2.180874864731651569e-02
-1.482846189257637781e-01 3.228875327858547750e-02 -2.829989851412593842e-03
-1.237357704703953565e-01 1.386503018436018309e-01 8.463571014753683286e-02
-1.144673261054036384e-01 1.406513295645268058e-01 9.030042204473869016e-02
-1.167987410146648641e-01 1.567635792035886322e-01 7.935653075773335674e-02
-1.258552056601920655e-01 1.549992331437784476e-01 7.487005836580749862e-02
-8.460271968865779035e-02 3.990659800923423289e-02 1.281019074934447721e-01
-6.924273163221454641e-02 4.510353151184223752e-02 1.352108279000373836e-01
-1.415393591663496597e-01 -9.785910764067633216e-02 5.863739571065214318e-02
-1.312380730575461174e-01 -1.020439392940198087e-01 7.974881713564976882e-02
-1.303197268274136067e-01 -8.411926048937896916e-02 7.683993473042771694e-02
-1.405678207969938420e-01 -8.046619315601058475e-02 5.572982024781628074e-02
-7.680021865151104299e-02 1.770292371652684021e-02 1.099537117315853574e-01
-7.901220734604309792e-02 2.953975091624616925e-02 1.165150649674123601e-01
-9.316045991559838979e-02 2.805522347381075171e-02 1.079177904252304754e-01
-9.121546570730780512e-02 1.681033883477065644e-02 1.000276365816216290e-01
-1.172611801807043608e-01 -1.058400699929812200e-01 9.814700358577160832e-02
-1.008985507527628139e-01 -1.095429410790119823e-01 1.152814470720631146e-01
-9.882189623432900694e-02 -9.000949865733864907e-02 1.113476727826268886e-01
-1.156427137478312772e-01 -8.729725160640261494e-02 9.509029367189339443e-02
-7.909481944309457169e-02 1.741149289664325750e-01 8.038934808595044057e-02
-6.358308653104348396e-02 1.718365499870452284e-01 8.412437573516638734e-02
-1.163415591261100918e-01 7.028379201564723122e-02 1.264531268187726043e-01
-1.133859712440464657e-01 5.388875652566025437e-02 1.230444514685488794e-01
-1.028577857904948156e-01 5.316451915575572118e-02 1.305016541807677843e-01
-1.072406123678571466e-01 7.049840963779156755e-02 1.335850715679052225e-01
-1.564221812054870375e-01 1.282402005663892952e-01 4.345138796435848993e-02
-1.540528857881113545e-01 1.420187992447894954e-01 5.396578728661828583e-02
-1.631360597722244232e-01 1.614365274670432893e-01 4.736804952287250459e-02
-1.658998939497168257e-01 1.399570371872078112e-01 3.754141408658775991e-02
-1.492760024345653191e-01 -1.077640022380406959e-01 1.320401711932754282e-02
-1.495748044544987776e-01 -1.107063175895518503e-01 3.735807361186856135e-02
-1.196546339788954055e-01 -1.244264502274123468e-01 1.007856741861494071e-01
-1.032048426832996024e-01 -1.286812524864342500e-01 1.183556431492892164e-01
-2.016132273893904425e-01 1.362467367457768641e-01 -3.111498841535777563e-02
-1.912666556533848816e-01 1.250085042033737270e-01 -2.634077814576576276e-02
-1.889075291143717250e-01 1.274640258595567399e-01 -1.213538214077252916e-02
-1.998306086483334076e-01 1.391450568559634837e-01 -1.788290374583498266e-02
-4.756330179228984018e-02 7.569297700348624758e-02 1.445024656324773449e-01
-6.238219837293777076e-02 8.373277541597379248e-02 1.452923917876991766e-01
-6.787398223491383775e-02 6.828037078527951498e-02 1.457107223590367318e-01
-5.537407642131517149e-02 5.670568994928524426e-02 1.415696998743398716e-01
-1.099619276908790494e-01 3.907402112573428454e-02 1.131314752695251197e-01
-1.067662334938609126e-01 2.854780038451732588e-02 9.991564339308309228e-02
-9.817119059325553343e-02 3.808024288991376100e-02 1.207380510597502316e-01
-3.198744348152949418e-02 6.734568372526965330e-02 1.400191311378174153e-01
-4.101476087034549439e-02 4.353909977988898450e-02 1.320975990073309791e-01
-4.721344494411536946e-02 1.683304485919872584e-01 8.707198995015272280e-02
-4.678340317260254455e-02 1.544877262516654581e-01 9.923657975606869908e-02
-4.681024680539323107e-02 1.833727518922479427e-01 7.588519603734937558e-02
-3.024970391595849586e-02 1.799493039589652177e-01 8.004576677774109805e-02
-2.825733483220517137e-02 1.957567981346179375e-01 7.000412577642248224e-02
-4.492350224203692927e-02 1.991843277878965757e-01 6.544705191860329674e-02
-2.527780813895829509e-02 2.116029805393907781e-01 6.197538320002125845e-02
-4.160440360541824145e-02 2.152309593485230710e-01 5.687333252629800384e-02
-3.335111228737183686e-02 2.363811453941161711e-01 4.223540015788838226e-02
-3.052725845464158982e-02 2.453900776040091047e-01 3.889072091807493914e-02
-1.477735689992205614e-01 1.293232670367255033e-01 6.017575434051319894e-02
-1.440646200072620842e-01 1.183062917419000215e-01 6.653479790847537101e-02
-1.337324355984706448e-01 -1.197870273786265094e-01 8.197545397624793340e-02
-1.026214716386504022e-01 2.027104145666142887e-01 -9.764420210339345985e-02
-1.017646225916914171e-01 1.858299850654204777e-01 -1.027399579749648378e-01
-1.170708842797856392e-01 1.909426290982596253e-01 -9.601296235679028512e-02
-1.179055692106520531e-01 2.069695983438348541e-01 -9.134450095504925704e-02
-1.014505871748784122e-01 2.617473683077762292e-01 -1.054127755276796502e-02
-1.002001180748826742e-01 2.481779314686647642e-01 1.250878542904131259e-02
-1.702677068600799148e-01 1.454898848228150521e-01 -7.036252157380053218e-02
-1.586452496349118890e-01 1.401154199636038267e-01 -7.292360203479046621e-02
-1.614634866649832523e-01 1.293299323774392273e-01 -6.758328158024448640e-02
-1.710410753344817347e-01 1.363447751709317701e-01 -6.574764679777506116e-02
-1.992365378245230523e-01 1.378329316573096985e-01 -5.160872559925447356e-02
-2.115598400675601232e-01 1.459804982163303289e-01 -5.501917107510145150e-02
-2.104975896648688394e-01 1.532612022734379242e-01 -6.147319514798154499e-02
-1.966310017769925811e-01 1.449169946504529349e-01 -5.744299585791717150e-02
-1.400473318106615073e-01 -8.898530934418599769e-02 -1.066466541701239362e-02
-1.371579957393754545e-01 -7.221250063885487069e-02 -1.489475787481849174e-02
-1.218722449569363125e-01 3.424092355179388092e-02 -6.789825316048389570e-02
-1.321715528625706237e-01 2.659264945598950602e-02 -4.747357445397234338e-02
-1.398945637960719024e-01 4.090708416858811897e-02 -4.685673682750591401e-02
-1.316791487134278404e-01 4.961788979473917560e-02 -6.572271118400518919e-02
-1.658933915231189729e-02 1.720919481125580408e-01 -9.972723540757601202e-02
-1.682280042060750602e-02 1.576833226127753174e-01 -1.019975720087540894e-01
-3.463762103648858337e-02 1.615117053140963654e-01 -1.055912190357960884e-01
-3.397855704109673664e-02 1.762078194586209900e-01 -1.027428554981745928e-01
-6.828065014662589027e-02 2.049690733826853573e-01 -1.003975960175173820e-01
-6.701820272481431862e-02 2.190181288666143422e-01 -9.479364629642572648e-02
-4.836047375494147843e-02 2.098413946248923467e-01 -9.699926057542160307e-02
-4.927784695030765216e-02 1.965537221054171890e-01 -1.009701678587292401e-01
-8.594460364456446566e-02 1.964393242139149953e-01 -1.026691203726781132e-01
-8.567873476424787971e-02 1.794208890870648276e-01 -1.071447103748193325e-01
-1.534158704075137269e-01 6.562495893613892739e-02 -2.715798800460054313e-02
-1.499341801705278698e-01 4.998302319878114575e-02 -2.601962261524556203e-02
-1.609688455987950129e-01 8.867278974701929550e-02 -3.163364827267464707e-02
-1.613582570072195632e-01 8.735716985187116923e-02 -1.598649434109676581e-02
-1.655524292908433504e-01 9.651375500242299899e-02 -1.845286028668044476e-02
-1.652274696763768036e-01 9.728723787678036916e-02 -3.276353323619617119e-02
-7.847305021051058371e-02 2.683368196943775041e-01 -1.528439779522792683e-02
-7.680647319460860711e-02 2.737312599682468761e-01 -3.667996416696178014e-02
-8.507969234265953806e-02 2.706076398069554023e-01 -3.475000417156513810e-02
-4.471178761048399258e-02 2.531803268867147128e-01 -7.681539346428067905e-02
-4.445741171515535384e-02 2.473767997219300796e-01 -8.018374910582852511e-02
-5.655422411676870598e-02 2.526478454332445889e-01 -7.536513253890571307e-02
-5.464938545003777959e-02 2.573631424719943772e-01 -7.243208728671277075e-02
-4.012424037763555329e-02 9.430234254754352174e-02 -1.126158241720391362e-01
-2.033571599326073828e-02 9.296327823777725263e-02 -1.122710020960862171e-01
-1.981411809210337563e-02 7.265821402032697496e-02 -1.091918320940888781e-01
-4.086975597690879064e-02 7.240216010531964896e-02 -1.090922231004234910e-01
-1.697926062762277477e-01 1.074198794968412168e-01 -4.491374106061778171e-02
-1.790085696295329321e-01 1.146256975803350009e-01 -4.571606821544249577e-02
-1.763412547545429310e-01 1.200241832405412046e-01 -5.382197077713125888e-02
-1.671263971994586539e-01 1.127210358128727941e-01 -5.411624830905880507e-02
-1.604170815213671331e-01 1.059502679274691023e-01 -5.473658953812382544e-02
-1.552823260453276011e-01 9.807060061109805493e-02 -5.599765138361465638e-02
-1.586885852049248757e-01 9.230908847787792915e-02 -4.460627232253359248e-02
-1.632661472087858223e-01 1.006971983974319917e-01 -4.455810285019815714e-02
-1.390321016628581763e-01 6.449535875705894594e-02 -6.210256387397783406e-02
-1.457284050903642214e-01 5.617305636700670873e-02 -4.506068507900825443e-02
-1.503347741866733756e-01 7.099608765839585112e-02 -4.420004792035566593e-02
-1.456669266877560764e-01 7.850773868921892551e-02 -5.977572534380704017e-02
-1.661755830180583135e-02 5.559447661065080627e-03 -8.965643790161204052e-02
-3.444959048490987136e-02 4.154317745864907416e-03 -9.172596769197384481e-02
-3.561919070943121018e-02 2.596803519484472411e-02 -9.804380112445242046e-02
-1.714922749841394853e-02 2.677516515250089393e-02 -9.810210504746255666e-02
-2.079945954213479331e-01 1.574779520725273496e-01 2.668078372230769154e-03
-2.075095157738896801e-01 1.647104594382629850e-01 1.636368697005624595e-02
-2.196973760138747622e-01 1.689888385027303874e-01 1.172574764031219380e-02
-2.217109408770076562e-01 1.606928816002312077e-01 -3.254912671161912935e-03
-2.177421228479983484e-01 1.757116439488006499e-01 -7.247132210329984559e-02
-2.279281916331887814e-01 1.809979300707852123e-01 -7.386772006414360492e-02
-2.268097506849416634e-01 1.876009133447138488e-01 -7.470418445402217389e-02
-2.162342664081418897e-01 1.826811350095994546e-01 -7.378405137385155022e-02
-2.414892578307654414e-01 1.537966303612181840e-01 -2.011335917657154290e-02
-2.376231550050262875e-01 1.609877853613737309e-01 -6.676339795700762976e-03
-2.566403542732389464e-01 1.595218763460267974e-01 -8.614414748299431893e-03
-2.598430086389130200e-01 1.519876748811462008e-01 -2.312715634512924751e-02
-1.094350695544199642e-01 2.654731252740309966e-01 -3.677222755913545083e-02
-1.097161949181767598e-01 2.620120655744822558e-01 -1.068844591152458105e-02
-1.017879407563699462e-01 2.669619756446998671e-01 -3.507626057016944437e-02
-2.279805898640059336e-01 1.455411566668208256e-01 -3.986883591202629307e-02
-2.431319740364767390e-01 1.476451304460122405e-01 -4.425000256184308256e-02
-2.423516407799193029e-01 1.505165846221894477e-01 -5.465415610045061545e-02
-2.265968888361877820e-01 1.471480353905112726e-01 -5.061671421497634937e-02
-3.180982722508000626e-01 2.258311688899713732e-01 6.242989865485331843e-03
-2.945001571985036981e-01 2.259447074366622843e-01 7.571811221950639631e-03
-2.815048596085154564e-01 1.495446683246538511e-01 -3.862736825066769020e-02
-2.831560083313864884e-01 1.520127098961416012e-01 -5.074859284304231166e-02
-2.619586794919724348e-01 1.497769037893158517e-01 -4.825141629999264714e-02
-2.613912627806566080e-01 1.488653404887129716e-01 -3.641405211717590323e-02
-1.132400036858755288e-01 1.860774591966019020e-02 -6.714090941989593608e-02
-1.256430779192991565e-01 1.221694542664605171e-02 -4.821424699496001942e-02
-1.146204587996894758e-01 -8.554748105696466376e-02 -4.653863305943566758e-02
-1.288946170874242514e-01 -8.700781112043255716e-02 -3.040088261515282511e-02
-1.248647037457784603e-01 -7.013146047759526158e-02 -3.502225085723639081e-02
-1.102271188218147124e-01 -6.836033363685685427e-02 -5.118566927228354602e-02
-1.422937981697575127e-01 -1.058997550002706151e-01 -8.578118601646868638e-03
-1.172167986961927810e-01 -1.034440251003395927e-01 -4.303869231135178802e-02
-1.312907159303060844e-01 -1.043072280648979083e-01 -2.759923475205697946e-02
-6.183788253102632387e-02 2.808395050306312646e-01 -3.297835168209917178e-02
-5.371884814186177887e-02 2.804291886851753013e-01 -4.733928020328783542e-02
-5.955100152541457220e-02 2.750468901544143030e-01 -5.216199341032098924e-02
-6.928477988170822499e-02 2.773661802682111932e-01 -3.597913970981232723e-02
-1.784731619201399555e-01 -2.108618620456275683e-01 -1.295176456557429849e-02
-1.795848594936526321e-01 -2.375365193919937723e-01 -1.739473180237895850e-02
-1.846452293240731235e-01 -2.374756471050571693e-01 1.100233560756464120e-02
-1.822144253147517656e-01 -2.131780749886981741e-01 1.661528635103481921e-02
-3.073602509849848036e-02 2.651864772389262992e-01 -7.003303088233911455e-02
-4.658258613052047165e-02 2.700369198936854453e-01 -6.276104171504774676e-02
-4.170459171015322014e-02 2.767362059770240856e-01 -5.733557837712911776e-02
-2.858412387013626460e-02 2.732739775833132323e-01 -6.397981654384868322e-02
-1.787539941921841846e-01 -1.896103068614894971e-01 1.772297815045266109e-02
-1.751780069374689608e-01 -1.864172565993577335e-01 -1.071022998766881992e-02
-6.476139153438205398e-02 2.752747582378427538e-01 -1.466908007090692370e-02
-7.203670385675438326e-02 2.715543354722361191e-01 -1.558802304134835649e-02
-6.882857056728924894e-02 2.628144542729639044e-01 1.615051555568955150e-03
-6.234752290120597340e-02 2.681825204974040977e-01 1.871839119162982141e-03
-5.443117320100082646e-02 2.630713685939684021e-01 1.669156624058824867e-02
-1.832496318198889584e-01 -2.443757759692519738e-01 4.067050552769059524e-02
-1.785016559698180960e-01 -2.194487736443494486e-01 4.306818424238505888e-02
-4.836880246178353743e-02 2.855909061088847123e-01 -4.194704327262049198e-02
-3.785679151998713049e-02 2.831305176524766543e-01 -5.168963738294547056e-02
-2.601360167824227215e-02 2.814585738921800973e-01 -5.743062038595728863e-02
-1.331581062939846127e-02 2.807656266363495190e-01 -6.076235335284111555e-02
-1.491919010571789717e-01 -1.219765941555370076e-01 -9.102887992523093705e-03
-1.551792895410785689e-01 -1.238890628053571086e-01 1.412228775729168322e-02
-1.261181581666223628e-01 -3.384927230024602496e-01 -8.492420925152488476e-02
-9.780517965874475916e-02 -3.417091562580373276e-01 -9.308921940427890285e-02
-9.586065642349408944e-02 -3.528337764427330603e-01 -8.417997216231835889e-02
-1.291002842488338798e-01 -3.537148840875813383e-01 -7.533715933101188533e-02
-2.636906229307794253e-02 -3.255219293026601624e-01 -9.855552003737166888e-02
-2.305401111439596765e-02 -3.352188615424837037e-01 -8.449872809949018904e-02
-6.001423573054344429e-02 -3.464062239359912976e-01 -8.652695166485518952e-02
-6.476009800834305052e-02 -3.358824082563300339e-01 -9.847722309622329584e-02
-3.411137386081307399e-02 -2.157150862632399579e-01 -1.114111782794270922e-01
-6.425295309255965592e-02 -2.165923071307098158e-01 -1.114323447895691904e-01
-6.461485289385805741e-02 -1.952370907088971097e-01 -1.042327053007467419e-01
-3.516023334983149617e-02 -1.942482582992247075e-01 -1.051650798502821171e-01
-1.236833021204478827e-01 -1.200278469266566339e-01 -4.551985935475144629e-02
-1.380504155727602655e-01 -1.206845312300656031e-01 -2.930060781665880590e-02
-1.546758680742360559e-01 -1.268354164245421856e-01 3.912838992295201990e-02
-1.829251025992416069e-01 -3.770782652698470017e-01 5.464390563011251034e-02
-1.910243575937233818e-01 -3.722191773291749772e-01 1.483891003688333522e-02
-1.845749551030720081e-01 -4.068156269246920864e-01 1.362491210380177391e-02
-1.789515987397667651e-01 -4.120116423019298257e-01 5.085454035894020758e-02
-1.527472511174372827e-01 -4.016404869646166831e-01 -4.649359871997786608e-02
-1.584024182994937802e-01 -3.737666663787433396e-01 -5.112217446895181427e-02
-1.262122614280434540e-01 -3.748631968316465946e-01 -6.793946929881272689e-02
-1.213287990735960192e-01 -3.991157375495527071e-01 -6.177411657824313090e-02
-8.528354050338844694e-02 -1.325188944611604136e-01 1.338453239633188296e-01
-1.049625839728896282e-01 -1.477861989609507987e-01 1.205352170927295741e-01
-8.683235394525300188e-02 -1.525040048045244456e-01 1.360352945623802545e-01
-2.886465662479397246e-02 -1.421983155892229678e-01 1.611576402181627565e-01
-4.960084960653030756e-02 -1.390397000987847187e-01 1.546839242013110238e-01
-4.842883455344500210e-02 -1.599210477508278827e-01 1.581023672753043841e-01
-2.749523285283598725e-02 -1.627407474595479742e-01 1.641363743502399775e-01
-2.764139330725649824e-02 -2.698064235350486340e-01 1.390367937366505102e-01
-1.282103170414145184e-02 -2.686441803480198454e-01 1.427193330073106281e-01
-1.610331139345694620e-02 -2.483945618641129061e-01 1.497023751555308646e-01
-3.343903646276052966e-02 -2.477597713351627484e-01 1.450658583505863852e-01
-1.695010311254936675e-01 -2.261134178471622957e-01 6.740190508657514790e-02
-1.518809358193163594e-01 -2.321807936422917995e-01 8.972201958805661737e-02
-1.503747369160554903e-01 -2.129728168396666510e-01 8.930287945933441940e-02
-1.660325548793149808e-01 -2.056797164967936187e-01 6.777901865556586192e-02
-2.146201597498566954e-02 -3.418435399596203572e-01 -6.618030319215813251e-02
-5.373895963516556185e-02 -3.562249593361695443e-01 -7.043007505828224879e-02
-1.612594472082476138e-01 -4.153335873447110416e-01 8.679592174550242178e-02
-1.636920088534815909e-01 -3.799232234699607691e-01 9.025834449080312460e-02
-1.313762744155475282e-01 -4.185622243915437801e-01 1.151675746636439679e-01
-9.580321103806443972e-02 -4.172551889976064410e-01 1.255806458772786849e-01
-9.908884362687306324e-02 -3.866081326088098846e-01 1.285252505938298540e-01
-1.341173702955531510e-01 -3.852955791464549584e-01 1.174601388496256393e-01
-8.640526119779957590e-03 -3.313223109063725413e-01 7.554478500485159453e-02
-2.023337641316119012e-02 -3.160821305119625446e-01 1.019358379487718819e-01
-2.415120479836222606e-02 -3.293534444572611686e-01 9.953597947710367266e-02
-8.567345960421772141e-03 -3.419484882880427512e-01 7.562788757314746479e-02
-2.900843320189887276e-02 -2.988246118539454321e-01 -1.118160862321781884e-01
-2.845151131084551824e-02 -3.143558449012324174e-01 -1.058750755376291069e-01
-6.320847066945234349e-02 -3.209812364779457416e-01 -1.078214919942736133e-01
-6.230961945483134978e-02 -3.046606724653168063e-01 -1.126785233488800803e-01
-1.009835797682308162e-01 -1.029456666243703800e-01 -5.458764591692918944e-02
-1.069636702671389050e-01 -1.203521991640680300e-01 -5.824067055435414031e-02
-8.360818217754965864e-02 -1.025259333083593655e-01 -6.225210092642491366e-02
-9.808564407496249415e-02 -8.421166868499016522e-02 -5.835758956432392924e-02
-8.023817222269741256e-02 -8.285069929859538440e-02 -6.570462730272026708e-02
-8.014610278142149380e-02 3.505411184910020572e-02 -9.379473338040220098e-02
-9.799066635453554386e-02 2.598284153905934882e-02 -8.257832616440927143e-02
-1.070294855281004043e-01 4.213575067438403432e-02 -8.451316475232953374e-02
-8.964537896190018229e-02 5.345700587867786152e-02 -9.695118445922361328e-02
-5.169447971821190813e-02 1.666157781358377499e-01 -1.088433627374133794e-01
-5.041851547640803510e-02 1.818773537827392539e-01 -1.054342687041547322e-01
-8.319333040477817909e-02 -3.895275333101525517e-01 -6.773103775007117966e-02
-4.126395958503147054e-02 -3.734261351872809054e-01 -5.809098577659180251e-02
-5.150386035609298002e-02 -4.116004170390707984e-01 -5.492692740915663951e-02
-8.632619432403787485e-02 -4.197663327962203317e-01 -6.067129471533827534e-02
-1.463802364232907882e-01 -4.294648509122840352e-01 -4.285051149204593263e-02
-1.671482230643361044e-01 -4.329525038657887070e-01 -2.045679732989920743e-02
-1.749012002010203459e-01 -4.025932284126448879e-01 -2.133417212598802057e-02
-1.773352692194188340e-01 -4.386860130203045771e-01 1.236831548290967704e-02
-1.728960154962964069e-01 -4.437606988048692913e-01 4.931179244440077325e-02
-1.268379315452486666e-01 -4.503404329551576324e-01 1.117718566481502585e-01
-9.163527263181843463e-02 -4.481459653932451936e-01 1.205298202730415019e-01
-1.137970616346406331e-02 -4.095933240990307089e-01 8.281442781469464109e-02
-3.165536700340450954e-02 -4.135085419490049929e-01 1.045800105727266172e-01
-2.969790497204161800e-02 -4.384247281953583819e-01 9.620235654774890455e-02
-1.140000056016952056e-02 -4.327648861109034684e-01 7.274174612159059472e-02
-6.683612493812654543e-02 -2.707683076520755461e-01 1.230524021426173537e-01
-1.023611690276298031e-01 -2.549868366697071176e-01 1.166467874355381490e-01
-1.025582537416802470e-01 -2.765123892851273357e-01 1.178680595654240243e-01
-7.274134511585335361e-02 -2.929431557345882897e-01 1.216597802219199359e-01
-3.246309525975157873e-02 -1.216679415012977272e-01 1.572206509200977653e-01
-4.883937983156300122e-02 -1.180272413048839564e-01 1.518844769350176094e-01
-6.707036301111399257e-02 -1.359527342654082427e-01 1.462628153866307457e-01
-6.551408308674835923e-02 -1.153889264380370538e-01 1.434694990218299826e-01
-8.325154980672380689e-02 -1.127248885150751168e-01 1.310694574563295578e-01
-4.142218798661831403e-02 -3.299525917301573963e-02 1.419054811076483624e-01
-6.152505433438570925e-02 -3.342146782837606550e-02 1.323851796612128262e-01
-6.104984487302298618e-02 -5.285086805167663743e-02 1.359681069444243495e-01
-4.147517193152269049e-02 -5.276067208751364368e-02 1.459431416139518878e-01
-4.164603549247864606e-02 -1.294028917661706364e-02 1.372373961692469890e-01
-6.188464649819030300e-02 -1.341478248619865435e-02 1.284209386353136473e-01
-3.970737884721435573e-02 2.397024876823947159e-02 1.237821053263200993e-01
-6.170711017568028534e-02 3.384686803317635273e-02 1.244909836999846392e-01
-5.974813046929967897e-02 2.040722094102782533e-02 1.181076082917061343e-01
-3.102437143284879004e-02 1.645931693931718676e-01 9.019736093646094077e-02
-3.067002554746885157e-02 1.505643825268730140e-01 1.011241122573430518e-01
-1.739902315565708124e-01 -2.492930875797262358e-01 6.661486304807928693e-02
-1.398047680059729715e-02 -3.787996473181044488e-01 -3.186268578250420896e-02
-1.936346356981390659e-03 -3.878773186481487834e-01 -3.177857811199742005e-03
-6.050802080597017865e-03 -4.143811671199479352e-01 -1.107091030651603282e-02
-2.239739820414722235e-02 -4.102815108311845260e-01 -3.726379945688942930e-02
-1.753007004469258612e-01 -1.971706620281966915e-01 4.406156257687971617e-02
-1.439024869160966946e-01 -1.147218675458711451e-01 6.092857651776591860e-02
-1.484931973445059172e-01 -1.315975899971369989e-01 6.302334844334256392e-02
-1.328259448106952345e-01 2.490881917673075027e-02 5.430791271030017964e-02
-1.324040517764965286e-01 6.930271021465607938e-03 4.705335563788889952e-02
-7.569064634643422884e-02 8.832460677737681565e-02 1.435079251514827792e-01
-7.680490566780641404e-02 7.692460787078754525e-02 1.453807099741381559e-01
-1.818409866720904766e-01 -3.701944196678646493e-01 -2.290071071057964147e-02
-1.220583528406756768e-01 -4.801163356058885667e-01 1.066745765043682626e-01
-1.170352462572042951e-01 -5.082772574316288816e-01 1.007438940344777822e-01
-8.410094648843279008e-02 -5.067552324588678880e-01 1.063573979944472531e-01
-8.777886425363506939e-02 -4.780713639452394692e-01 1.138759997187433343e-01
-5.857878697442598856e-03 -4.542003071291315641e-01 3.583721159110019733e-02
-1.278100538072632873e-02 -4.592877357343020384e-01 6.240891943234257860e-02
-1.539711259183235148e-02 -4.866951100692155641e-01 5.203282606064935784e-02
-1.067690146539653287e-02 -4.824651253771833348e-01 2.610513178717877025e-02
-1.486468567148997548e-02 -5.110667863911954045e-01 1.822443445488191455e-02
-1.886610014590277967e-02 -5.157467807387077219e-01 4.398826562149683872e-02
-2.011785739539619089e-02 -5.431818648372437330e-01 3.406062344705385742e-02
-1.779779321678420095e-02 -5.380751155798403351e-01 1.022539108014776550e-02
-1.554893836945284713e-01 -4.491031597505487638e-01 8.543566826729492858e-02
-1.589024654874412468e-01 -5.022516575629556446e-01 4.682897627851929923e-02
-1.436894304581803616e-01 -5.072875973433396135e-01 7.825509316651961533e-02
-1.491858949249360577e-01 -4.788841869674644314e-01 8.227933021812894321e-02
-1.655339603719928054e-01 -4.740248491057884039e-01 4.892895212014343465e-02
-1.189796160878461156e-01 -4.264490286781994488e-01 -5.543556798388520057e-02
-2.203165978102726835e-03 -4.273918003288481038e-01 4.642613629269538855e-02
-4.290533531550273436e-04 -4.050556321722960096e-01 5.713317488902565355e-02
-2.084624930736853066e-02 -4.772886344363453381e-01 -2.181935869647821241e-02
-3.813260400935948591e-02 -4.759746755772589211e-01 -4.191329413670880771e-02
-3.102486984532787720e-02 -4.446915885751870912e-01 -3.964884824407009789e-02
-1.306561476286332429e-02 -4.460860783283436271e-01 -1.690996111329702914e-02
-1.413557247181552734e-01 -4.841200207183602999e-01 -3.785344710265014373e-02
-1.578428204112874156e-01 -4.889988219403372804e-01 -1.538505082189312555e-02
-1.619819757227546342e-01 -4.614312301970761587e-01 -1.698718234225969625e-02
-1.435539968923053022e-01 -4.572194917311401818e-01 -3.924123484878998952e-02
-1.702524741184631152e-01 -4.677987309118643577e-01 1.441885832318657960e-02
-1.637099410174114866e-01 -4.956751091331350056e-01 1.411409227313687766e-02
-1.481469897793192270e-01 -5.565793695148771869e-01 4.338760559363263880e-02
-1.321058178063690136e-01 -5.609635055361821276e-01 7.089268469651574534e-02
-1.380490633783147125e-01 -5.347098308313088522e-01 7.437467457120866543e-02
-1.531128951237662461e-01 -5.298445765152514086e-01 4.512462340884882545e-02
-1.541090699506839357e-01 -5.493750724706627508e-01 1.262746333973073683e-02
-1.586064606165656921e-01 -5.228500823395997310e-01 1.333829478580198305e-02
-1.542168691455933771e-01 -5.159356815545635966e-01 -1.516633271124360333e-02
-1.505195358605572464e-01 -5.422040388921236520e-01 -1.473916499409820384e-02
-1.366102856918115505e-01 -5.363302919055963347e-01 -3.550780826664081541e-02
-1.392440932641644813e-01 -5.104445106055625070e-01 -3.706805934054244883e-02
-1.182554498556847439e-01 -5.069096822234699928e-01 -5.161170195130479477e-02
-1.176227197619564291e-01 -5.322203207213652698e-01 -4.981374799435417389e-02
-9.283261311257998138e-02 -5.041549810272133447e-01 -5.750192853810239674e-02
-6.713444499379270236e-02 -5.029411446441359734e-01 -5.457775624326392794e-02
-7.122846342701383282e-02 -5.286764828390971838e-01 -5.402246899600317981e-02
-9.482717619078034899e-02 -5.296220133322485646e-01 -5.560232906369111383e-02
-3.232503828326044326e-02 -5.317547900039596431e-01 -3.165390755499108283e-02
-4.932012656173439397e-02 -5.295250199231870125e-01 -4.661133998218907476e-02
-4.392284879727540586e-02 -5.038311357818738845e-01 -4.457707089793586097e-02
-2.712370424177090386e-02 -5.058538730844633902e-01 -2.670477019895284992e-02
-5.018492849385692428e-02 -6.329531024514803983e-01 -4.774422971979911529e-02
-6.868614820128064735e-02 -6.305637380503990030e-01 -5.100140320733746735e-02
-6.311915818049665394e-02 -6.042080426699630857e-01 -5.087162533089729932e-02
-4.389138571686689722e-02 -6.062367411927244154e-01 -4.564377015336472387e-02
-8.618136733884740330e-02 -6.288016304225108044e-01 -5.499212294715745408e-02
-1.045348907452044035e-01 -6.283124559084749539e-01 -5.541312079930589551e-02
-1.001854401352552798e-01 -6.034441076161183304e-01 -5.278842944650669750e-02
-8.229137601169191074e-02 -6.034979696009805661e-01 -5.211938865936401738e-02
-1.312629362526471499e-01 -6.098572652145377582e-01 -3.191685829309938438e-02
-1.178055101693187001e-01 -6.052289660228867829e-01 -4.656706430449414347e-02
-1.211777782354990646e-01 -6.300298286583162488e-01 -4.832143297520202080e-02
-1.336723669202065090e-01 -6.345017529916396892e-01 -3.312242827260136052e-02
-1.447969473398932616e-01 -6.400178502448072848e-01 -1.412937464713153422e-02
-1.446790543524320571e-01 -6.158292918900688528e-01 -1.333631474426134715e-02
-1.443740824960310920e-01 -6.466418212741236182e-01 8.945079282745217741e-03
-1.473948659604180922e-01 -6.233322183235260328e-01 1.053211291847753507e-02
-1.335709833115142076e-01 -6.291268430848765414e-01 3.497771596291222862e-02
-1.310856743766387333e-01 -6.519818703807521709e-01 3.254437599804303055e-02
-2.168231730231428775e-02 -6.198127516664644343e-01 3.883626112157492326e-03
-2.585158915370391886e-02 -6.458072833556951498e-01 -2.310863728268074992e-03
-2.567352020541375027e-02 -6.401201646190282091e-01 -2.206309599661270340e-02
-2.030814682210917155e-02 -6.144083004949502103e-01 -1.538687041225463709e-02
-4.826362378453424168e-02 -6.297368921175662271e-01 4.433236322145549940e-02
-6.637940263872682545e-02 -6.321006076542883267e-01 6.412643014183874723e-02
-6.636691376668395204e-02 -6.552229594335233775e-01 5.325988304655453198e-02
-5.130160695273067867e-02 -6.545268941264470453e-01 3.302726865171715098e-02
-1.504859466054787320e-01 -5.746588417855398312e-01 1.188222361673798959e-02
-1.436950688755970207e-01 -5.820843589910422722e-01 4.172842801690241493e-02
-1.334687821659792939e-01 -5.612705113545317648e-01 -3.338838495291733544e-02
-1.468935149059006073e-01 -5.672541720052775016e-01 -1.404056695903393125e-02
-3.634828594296599102e-02 -5.564354869557310845e-01 -3.653957656428489381e-02
-5.430639829137844793e-02 -5.542687843108988766e-01 -4.805420944591919097e-02
-2.117940335151662426e-02 -5.695542144610594715e-01 2.432245531260969831e-02
-1.905364025459822114e-02 -5.641463905591470596e-01 1.793899356875005083e-03
-9.530265333314830167e-02 -6.104282731168205745e-01 7.668285327524017314e-02
-9.933307419067434474e-02 -5.861230594913526826e-01 8.079955990019435652e-02
-1.262441361111118765e-01 -5.860868062044810589e-01 6.734041618664381168e-02
-1.206049931397269320e-01 -6.100961526222317133e-01 6.333574243926290426e-02
-1.487251529074417877e-01 -5.992934443148678625e-01 1.155048195987077447e-02
-1.448991886636303850e-01 -5.916309400457879786e-01 -1.342749934415931982e-02
-1.313686530821422116e-01 -5.853413785801022673e-01 -3.198123902574390165e-02
-1.169014341490394876e-01 -5.810966781573918549e-01 -4.625502996888354590e-02
-9.829731856963244696e-02 -5.791324654227050228e-01 -5.187169344442740804e-02
-7.873490685596640226e-02 -5.785255994852209760e-01 -5.151138817896834532e-02
-5.862854896380911840e-02 -5.788131720235327737e-01 -4.956037227971290399e-02
-3.996637846126516180e-02 -5.809525148071211786e-01 -4.138009933189125411e-02
-1.920277978051452075e-02 -5.892847547576141043e-01 -7.167795633107946519e-03
-2.150724302420498057e-02 -5.952411979954972399e-01 1.378750953493477170e-02
-9.049393628308163851e-02 -6.557502833002871734e-01 6.127023833014987042e-02
-9.219289941238276165e-02 -6.342203825890132540e-01 7.150165556360177366e-02
-1.170995316494930216e-01 -6.326011912162847750e-01 5.781768481455999698e-02
-1.151752205467097140e-01 -6.545385215418200175e-01 5.209108468619767784e-02
-9.008962211193377589e-02 -6.758238140047240217e-01 5.024934544083593801e-02
-6.919439036644675634e-02 -6.759670966612274512e-01 4.281648620278755146e-02
-9.112839389484996000e-02 -6.546284415997550843e-01 -5.867680540916584558e-02
-1.086662228027459737e-01 -6.545998310236126327e-01 -5.761516632642914304e-02
-1.244128948586213090e-01 -6.558979744099791009e-01 -5.029178742117851320e-02
-1.464394241083494252e-01 -6.640006726554659178e-01 -1.622006621932926829e-02
-1.423215087205758067e-01 -6.706454070810398127e-01 8.273974677244977025e-03
-1.282481416754024939e-01 -6.759239941385065675e-01 3.078314202296670438e-02
-1.117925117444251576e-01 -6.749714378781335178e-01 4.556269097195946027e-02
-3.946797892080512737e-02 -6.922140582983805634e-01 -2.892265271968184545e-02
-3.420920171699664419e-02 -6.656222360043658748e-01 -2.456773883057643965e-02
-3.369525036482497876e-02 -6.700436496732072866e-01 -7.231829993487758589e-03
-4.014361424896323305e-02 -6.957859316482200018e-01 -1.100242726574977327e-02
-5.949912325451765099e-02 -6.863809281295898401e-01 -5.576608164762160424e-02
-7.588702865389979069e-02 -6.831467108592249593e-01 -6.505324961318816046e-02
-7.412235634097824599e-02 -6.570323182587370914e-01 -5.259079930267696740e-02
-5.772934443057349541e-02 -6.595091312616218060e-01 -4.636977084826441470e-02
-9.490166617986932340e-02 -6.812146039118888163e-01 -6.916125348334167811e-02
-1.135602718428761482e-01 -6.810845884217259227e-01 -6.622744763387937439e-02
-1.306529315674974101e-01 -6.815496888664656083e-01 -5.805936143216162276e-02
-1.484821792295327458e-01 -6.898047599270420438e-01 -1.844282342916800377e-02
-1.386757697535034028e-01 -6.588783565045946977e-01 -3.704277843017750316e-02
-1.441787153699327084e-01 -6.843930925150090161e-01 -4.160157562776997664e-02
-1.422417410614879862e-01 -6.962811589568184134e-01 9.944482799104316720e-03
-1.215865682957760485e-01 -7.298314960280756214e-01 2.781044051716020232e-02
-1.194336109131879931e-01 -7.019795921910254588e-01 2.992839309721376934e-02
-1.443744590036975806e-01 -7.240488220422870436e-01 9.419121522553093595e-03
-9.832185882326632820e-02 -8.218069776137445492e-01 1.576178977772110801e-02
-1.229950106090655776e-01 -8.195146639777646236e-01 1.550865782600193907e-02
-1.204208295147114194e-01 -8.519777314292839021e-01 1.022236285724420664e-02
-9.876976537293784275e-02 -8.545321542685802019e-01 1.101618794109436930e-02
-4.272511755057805533e-02 -7.230369032026600085e-01 -1.557731337912084645e-02
-4.044596347459505914e-02 -7.206190688560396573e-01 -3.591241709665599080e-02
-5.898110533848034687e-02 -7.149821865983879698e-01 -6.657650975302417673e-02
-7.744652848285278612e-02 -7.116025863740353952e-01 -7.613689559825873032e-02
-1.553450233849280604e-01 -7.463838524607840919e-01 -2.380148033763047205e-02
-1.521910964031484292e-01 -7.173658999344806331e-01 -1.968474516938729241e-02
-1.485475678970772928e-01 -7.122612147767235502e-01 -4.471911550939986629e-02
-1.511488039672245764e-01 -7.416749728589204782e-01 -4.905059603128274909e-02
-4.395097073628651679e-02 -8.147385072975591447e-01 -2.782139483843362390e-02
-4.201266170564181557e-02 -8.133060348575645859e-01 -4.715030179038997432e-02
-3.911443599235270990e-02 -7.813806979159582111e-01 -4.569189188181282946e-02
-4.152170650478963221e-02 -7.833672572704372117e-01 -2.489034529369666890e-02
-7.618679648572582175e-02 -7.424044248685101044e-01 -8.273979533772940487e-02
-5.761416081655326704e-02 -7.457884286137502761e-01 -7.296314614259286069e-02
-5.821056727416591692e-02 -7.769334332775260643e-01 -7.662992527654535757e-02
-7.633124924685433244e-02 -7.743051686066488859e-01 -8.640024298694885807e-02
-1.531019199995054259e-01 -8.111273825024030160e-01 -2.798339464839809387e-02
-1.558484034600866874e-01 -7.775773223749208318e-01 -2.650361562927720793e-02
-1.522144404454567890e-01 -7.736065564921585924e-01 -5.162351529946981182e-02
-1.501200981729166328e-01 -8.079878034502996353e-01 -5.224122174864530288e-02
-1.236933157488266655e-01 -7.577976328245042970e-01 2.463178931521986526e-02
-1.469263663930259478e-01 -7.524776844891448713e-01 5.300241355024277144e-03
-1.469419401304659367e-01 -7.824312893701609317e-01 9.690669685575665961e-04
-1.252012106875673436e-01 -7.881007657206560157e-01 2.031804321416925962e-02
-9.582250289421448408e-02 -7.600017381825855400e-01 2.485492152534000965e-02
-9.786633558067202310e-02 -7.898276586369258334e-01 2.063984736499218861e-02
-5.535024102716998295e-02 -8.821148482664924462e-01 -4.501697687450127716e-02
-4.849926028536729467e-02 -8.469815599751830959e-01 -4.620730637449325245e-02
-5.000982290085440735e-02 -8.492445255603983112e-01 -2.844761631983576400e-02
-5.738556209573593414e-02 -8.852580209982084947e-01 -2.937696384807269440e-02
-7.880939077167278817e-02 -8.076623646929049771e-01 -8.577511962988619565e-02
-6.074311311431467020e-02 -8.097528637166382381e-01 -7.697761765955694890e-02
-6.575642803343922926e-02 -8.441875989693221616e-01 -7.267980417119083991e-02
-8.194272766987287238e-02 -8.427846010462874959e-01 -8.096482711300065360e-02
-1.424286798488892392e-01 -8.832614938073127808e-01 -3.066205628225569108e-02
-1.485345092635319830e-01 -8.464839224407021412e-01 -2.973109594109901374e-02
-1.449923422144938356e-01 -8.444032109860939439e-01 -5.161206003775149764e-02
-1.387038130918316348e-01 -8.810659043432036430e-01 -5.082676503935866508e-02
-1.183495390914102718e-01 -8.874208911413669076e-01 5.125929364821981207e-03
-1.407398452609741057e-01 -8.489396606457113581e-01 -4.903193954548889719e-03
-1.366467076552191073e-01 -8.853051744077518048e-01 -8.945990314092220133e-03
-1.142861634908184931e-01 -9.224181190169814526e-01 2.425008610344156924e-03
-9.766234145436822334e-02 -9.241434257259898422e-01 4.042342518839728109e-03
-9.839730771637526796e-02 -8.893302165863771203e-01 6.342480934911564998e-03
-6.455772339606495602e-02 -9.183045856206254465e-01 -2.949741056398854158e-02
-6.088679777417097677e-02 -9.162666068481112314e-01 -4.317013198303751298e-02
-7.145579719383436668e-02 -9.134116112339922822e-01 -6.481841108958451281e-02
-8.419018046613693795e-02 -9.111941175652581437e-01 -7.221473051944440891e-02
-8.404951189002510259e-02 -8.774124535135366942e-01 -7.591604709802032835e-02
-6.998226295717636936e-02 -8.792382803932067281e-01 -6.846716234269485668e-02
-1.177334460376436298e-01 -8.795052984388705974e-01 -7.473934903437556843e-02
-1.010976152755595353e-01 -8.776772137408223040e-01 -7.827878126887302668e-02
-1.000036451440338980e-01 -9.112945935745307979e-01 -7.428073890416253544e-02
-1.149189760440978703e-01 -9.131949828059882091e-01 -7.041919627539505733e-02
-1.313445878106226095e-01 -9.145794160233575720e-01 -4.895500767911864504e-02
-1.303317405844061361e-01 -8.799314087918329585e-01 -6.561833341282245768e-02
-1.248781986708839553e-01 -9.138063550480812758e-01 -6.201143659760470495e-02
-1.359770459779317542e-01 -9.163253472824125501e-01 -3.043652448351432532e-02
-1.312403100399574529e-01 -9.196931278664184362e-01 -9.969661644869301509e-03
-3.090982024309060338e-03 -3.518511696512028886e-01 -8.738811393300668917e-03
1.394456623841167390e-03 -3.630707341302171764e-01 2.112570315406133228e-02
-3.862618107285638661e-04 -3.713086789437929358e-01 8.402419177042317819e-03
-9.011424747440582167e-03 -3.583586693730310135e-01 -2.117439195998709403e-02
-3.074917556712104122e-02 -4.946927068325217558e-01 7.773381280244398561e-02
-3.023776785291481042e-02 -4.653612987589437755e-01 8.753156299923016415e-02
-3.136206765059084550e-02 -5.493916165088525982e-01 5.757077895941969253e-02
-3.193750832346898411e-02 -5.233238759447533806e-01 6.888207028985798841e-02
-3.172628836757327569e-02 -5.755182159133488407e-01 4.664036283326902094e-02
-3.224045088900250738e-02 -6.014037586572995586e-01 3.542477016457517419e-02
-3.186320471276939820e-02 -6.273461640295137087e-01 2.485630392588793203e-02
-3.508205457756275597e-02 -6.517448189079871890e-01 1.551606583633450588e-02
-4.190516084046005257e-02 -6.754671743614284463e-01 1.040248857626748132e-02
-4.761933684634277880e-02 -7.006472719581501307e-01 8.123460828355275748e-03
-5.231792101843089904e-02 -7.544989827512819103e-01 1.314049331361839736e-03
-4.204856826340366838e-02 -7.525374131499392716e-01 -2.066781242922366077e-02
-5.150856332905253548e-02 -7.266201840017505464e-01 5.008554549336905089e-03
-5.478235100920858525e-02 -8.172686383266166699e-01 -5.725179803777143313e-03
-5.272076169094787323e-02 -7.847550837275230062e-01 -2.340935438696568373e-03
-5.973817402325295317e-02 -8.526774450570018260e-01 -8.937751283133302249e-03
-6.557719382718375789e-02 -8.883736234519128416e-01 -1.251157630425293182e-02
-7.170782647114040675e-02 -9.212416865774475383e-01 -1.423487180480946523e-02
-6.808616164456032793e-02 -3.618489305178346216e-01 1.264527734033102924e-01
-3.863575087318318890e-02 -3.680703385018881391e-01 1.153324896886459144e-01
-4.314063976946006657e-02 -3.488169349392977736e-01 1.173949952492369386e-01
-7.179103380496701381e-02 -3.376768700253082178e-01 1.261813718847168975e-01
-1.758175937147399889e-03 -3.412958145628340878e-01 4.519274458158958896e-02
-4.002342012511953158e-03 -3.388410582993639508e-01 5.828380043825268086e-02
-3.491518417882849730e-03 -3.461147777607800347e-01 5.781234182172115266e-02
-9.346555250720852597e-04 -3.465997191744843997e-01 4.309676324142119874e-02
-1.391321055323593014e-01 -6.062180900600155908e-01 3.917773070980123951e-02
-1.168119266059086392e-01 -5.567989879931725117e-01 -4.735310967343574207e-02
-9.643784670121358094e-02 -5.545618211793598151e-01 -5.300270602220596289e-02
-7.516258154812353875e-02 -5.536492451492430744e-01 -5.235081058874214294e-02
-4.643004207455390248e-02 -6.061525376160431522e-01 5.700530860940087458e-02
-4.813621351699775425e-02 -5.806484960310889232e-01 6.628521714371972406e-02
-7.044292861810927397e-02 -5.840950234075968917e-01 7.986755811873783029e-02
-6.728484180275966231e-02 -6.086014723051511588e-01 7.291181151284512052e-02
-9.336928742563464778e-02 -7.345029781058552976e-01 2.811000952709501524e-02
-7.158489798642871105e-02 -7.581610549151956979e-01 1.601350195334273405e-02
-6.930800355352395581e-02 -7.313112544420212746e-01 2.019036390805186917e-02
-9.211787930742570962e-02 -7.114316668095514995e-01 3.238699362673932991e-02
-1.189479828139938244e-01 -7.084632731784683557e-01 -7.445545745892764855e-02
-1.364416515342433134e-01 -7.090844952833512682e-01 -6.391709212598958856e-02
-9.875925673061870802e-02 -7.393429035035868901e-01 -8.568472014696243422e-02
-1.208457637603042312e-01 -7.380497230918916518e-01 -8.155083130422713378e-02
-9.860844199261729892e-02 -7.094530500944878915e-01 -7.830015283778037072e-02
-5.285258570673555256e-02 -5.306012633272855217e-01 8.803449956089180739e-02
-7.982734658514728521e-02 -5.338915778482034025e-01 9.792175281998580227e-02
-7.509647256232744594e-02 -5.596318815505935129e-01 8.861456063978644104e-02
-5.000536904791853116e-02 -5.556308947103452134e-01 7.721458496172557695e-02
-1.195919945680996577e-01 -5.360594060372334685e-02 -3.919848414093958511e-02
-1.053594721137612322e-01 -5.131983324734186447e-02 -5.438792395691152692e-02
-1.306067336086963182e-01 4.907917745089224876e-02 9.708879916160555179e-02
-1.311744011724067516e-01 3.783045451585323460e-02 7.893040617823343652e-02
-1.194623918213641028e-01 3.151554388914835914e-02 9.002754433459328465e-02
-1.209259441536509883e-01 4.256024420255950791e-02 1.053732486150892045e-01
-1.395917352981259629e-01 4.717958947058153302e-02 7.105006827668515490e-02
-1.378502774509711981e-01 5.823688167434036556e-02 8.970664120578820955e-02
-1.430696994038691827e-01 7.011032988390121512e-02 8.161438575967740194e-02
-1.455290743462754888e-01 5.899446754658058123e-02 6.422975908510049348e-02
-1.607218302300359170e-01 1.204618857737706217e-01 2.796907326058068258e-02
-1.695067442983210770e-01 1.297044747234428752e-01 2.207302309662871262e-02
-4.098895404687465799e-02 6.280969795874659541e-03 1.313223689679118844e-01
-1.936397197528716072e-02 6.109592572875648456e-03 1.356434452196313145e-01
-1.876694564055702077e-02 2.329418893859990652e-02 1.283193459896615207e-01
-6.799570178729555381e-02 -1.567146782436360519e-01 1.488366488555233902e-01
-7.651029717812310449e-02 -2.422000597346579687e-01 1.295167480483501998e-01
-4.413772433639226445e-02 -2.706367028991192303e-01 1.330985719994612348e-01
-5.318236427597052701e-02 -2.454956897130597948e-01 1.381329880700987167e-01
-4.988915720435881974e-03 -3.192146746646147282e-01 1.002762011714029011e-01
-5.333996727732973758e-02 3.692062627074293394e-04 -8.992785259231557415e-02
-5.517645745919856626e-02 2.232948617938432592e-02 -9.506458906650049057e-02
-3.258632079417911331e-02 1.897608760531609151e-01 -9.963564059086395253e-02
-1.574057837590240802e-02 1.855217424784923741e-01 -9.700946579907383793e-02
-3.042855620225584298e-02 2.144118218092399553e-01 -9.270655996447732528e-02
-2.938167045200648642e-02 2.252089885374755351e-01 -8.924243221208078003e-02
-1.402666160482744263e-02 2.205233390310390174e-01 -8.876507299666397399e-02
-1.446920295463753094e-02 2.097860840653754944e-01 -9.170385046837925547e-02
-1.413309950657154306e-02 2.715258150308878515e-01 -6.772777769252665003e-02
-1.511070367342925817e-02 2.619835636104491106e-01 -7.348717558325114363e-02
2.057964728224052854e-04 -3.445460122699771088e-01 2.753753396969008463e-02
2.436239683390479659e-04 -3.514995429585426878e-01 3.955705752999690711e-02
3.469464882739846075e-04 -3.465033406338134947e-01 1.830913798694708272e-02
-1.322984938035371566e-02 -3.895620992158755902e-01 9.140099562339888684e-02
-1.043442035981251292e-03 -3.875376337051119058e-01 6.728395078678216235e-02
-3.020358578605473326e-03 -3.736543494143501620e-01 7.432728542981230369e-02
-1.624093527640831786e-02 -3.725249388239062487e-01 9.720617226350718176e-02
-1.846386231989537718e-01 -3.420198310770019012e-01 5.867140594870599857e-02
-1.947862383356901150e-01 -3.371846444647822461e-01 1.955778152643879858e-02
-9.038765022160620555e-02 -3.693300361321630865e-01 -7.382803526886863588e-02
-3.286866918770709467e-01 1.606824920832804482e-01 -5.266630878948014294e-02
-3.304163862681410713e-01 1.695747488053444274e-01 -6.273897301201203369e-02
-3.073466713265203820e-01 1.648477404583007788e-01 -6.306221766246322691e-02
-3.053971799216583238e-01 1.563229784446806547e-01 -5.236664392886088842e-02
-6.214139556274075188e-02 9.582892985704873079e-02 -1.122790446911275664e-01
-6.831316685787981735e-02 7.041259161236598785e-02 -1.066860480615803020e-01
-7.446245545295902823e-02 2.575966180351616508e-01 2.998566584423782624e-03
-1.281760694735371853e-01 2.623609268776971870e-01 -7.116706376396142973e-03
-1.281699386857070022e-01 2.514721183900113233e-01 1.626427188713001556e-02
-1.188642678479576581e-01 2.507964238672112378e-01 1.314307096349983522e-02
-1.185195770975760871e-01 2.622122113789343567e-01 -9.706991891957157323e-03
-1.303330152316304058e-01 2.248322279139668423e-01 -7.840681352671254045e-02
-1.294626325880972595e-01 2.393959801478441340e-01 -6.802210812603319556e-02
-1.186091283714369587e-01 2.387485678832345082e-01 -7.335839863535863203e-02
-1.185075569857468314e-01 2.230821688957999593e-01 -8.428146292361556047e-02
-3.206363344547995264e-02 -2.380174205892789940e-01 -1.156272521603885217e-01
-6.266065819339203258e-02 -2.394156669364997103e-01 -1.165209340685408324e-01
-3.678629839867939011e-02 -5.906111960572738018e-02 -7.428562131838124805e-02
-5.652132157332219464e-02 -6.166520406363003304e-02 -7.456620741665337393e-02
-5.338704187164492604e-02 -4.243552093829031785e-02 -7.945366500570555379e-02
-3.449260024338676039e-02 -3.891043710163254177e-02 -7.943912180230387754e-02
-9.147675465187936339e-02 8.405290681890249804e-02 -1.048132337883944942e-01
-1.051192923901193010e-01 6.871754928535270257e-02 -9.491958437728456599e-02
-2.934894520963473447e-02 8.958526397637965599e-02 1.388442829000389178e-01
-2.929695089637390781e-02 1.071503204712567769e-01 1.319084156458814883e-01
-4.560111343000555068e-02 1.106543442900970453e-01 1.321424222567062767e-01
-4.539693184125137559e-02 9.481039980811871437e-02 1.404278036799569696e-01
-2.756667830393999541e-01 1.875726170275438809e-01 -7.427467368248526214e-02
-2.554467028664202943e-01 1.754052847136389759e-01 -7.266628664832888718e-02
-2.610144830366973312e-01 1.657340501938607824e-01 -6.826448107619398353e-02
-2.834334655768354083e-01 1.727324260101786857e-01 -7.046811009529288516e-02
-1.867493024140852165e-01 -3.308438240617601056e-01 -2.620283158515648511e-02
-1.611668333708501100e-01 -3.474108956614649912e-01 -5.774767000436516889e-02
-1.335689590965601636e-01 -2.310379714569748763e-02 -2.835450684755514913e-02
-1.213366984420902323e-01 -1.996844548712753062e-02 -5.009318653177507324e-02
-1.189245572376387422e-01 -3.701654068252432234e-02 -4.505425139055938000e-02
-1.310060781596051327e-01 -3.999019842842466838e-02 -2.435058755263542346e-02
-1.391832246838531073e-01 2.208600824687410522e-02 -2.540910759334827004e-02
-1.354397927959223313e-01 8.315620279815499893e-03 -2.720887181480316150e-02
-1.451362155955707167e-01 3.512165775354752356e-02 -2.545303510842305758e-02
-1.879809126610764158e-01 1.272799942838135911e-01 -4.675508105761024685e-02
-1.900210094649450177e-01 1.241569647766885415e-01 -3.819525170748546555e-02
-2.009649854846633499e-01 1.347929565000884622e-01 -4.228247990769325865e-02
-3.452409949981010556e-02 -3.894059968506364822e-01 1.111390599240110744e-01
-4.688389836892339901e-02 -3.120687508228537355e-01 1.157797761401548747e-01
-4.144002978026267714e-02 -2.977879805533263924e-01 1.181090181256511940e-01
-4.030118285939783638e-04 -3.399551670099708600e-01 3.203318786833711518e-02
-5.652749819801838188e-02 2.752343628539989373e-01 3.552747377643003870e-03
-5.052421845029186204e-02 2.714073668549798479e-01 1.799799450613389848e-02
-2.275971043704326513e-01 1.481334974752151756e-01 -2.798193919990017361e-02
-2.433499684484482506e-01 1.487348510506318333e-01 -3.268436323257357945e-02
-1.717656701676800735e-01 1.047018823012812738e-01 -2.018167301945687081e-02
-1.692997336170468103e-01 1.076549991427311476e-01 -4.953382530594274344e-03
-1.787237718461083258e-01 1.162571368146454731e-01 -8.132654314640325524e-03
-1.811665627467578810e-01 1.129180668421791295e-01 -2.258573832947662757e-02
-1.811754349125593577e-01 1.122225217522830887e-01 -3.540661484685857230e-02
-1.718268426990290088e-01 1.046643047468188703e-01 -3.378317008823227691e-02
-1.288423136278545322e-01 1.712293092756005941e-01 6.485845534377053523e-02
-1.183547784962673544e-01 1.743464380039164152e-01 6.869759371962994021e-02
-1.191686937284790748e-01 1.921472926940735737e-01 5.818541096296413889e-02
-1.297166775804206029e-01 1.892636352017745827e-01 5.590410716491509002e-02
-1.069361614089442136e-01 1.748275729520270549e-01 7.255960139881119375e-02
-9.374331195514389037e-02 1.747817015659863249e-01 7.639745077651433069e-02
-9.468507193638862895e-02 1.925889920825485935e-01 6.381463095917883077e-02
-1.077625228391828477e-01 1.932709629809685470e-01 6.067730134202705544e-02
-7.063691181247712392e-02 2.414116252806856600e-01 2.536095607036044711e-02
-5.467982792675082221e-02 2.338819080849530718e-01 3.967585446181601250e-02
-3.736976955320132909e-02 2.280240182273494121e-01 4.923147807829661438e-02
-2.243739830617214742e-02 2.241134389865662158e-01 5.553620539891731406e-02
-1.565941181832469428e-02 2.513635430952045335e-01 -7.868907126870453017e-02
-1.458940375513515658e-02 2.409329880292674642e-01 -8.269536898480502052e-02
-3.008577269175522623e-02 2.440835968591534566e-01 -8.188049065915162239e-02
-3.402299329620398632e-02 2.553242092140401431e-01 -7.630128774799024849e-02
-4.277635930052088586e-02 2.589419955364709591e-01 2.867400237109881539e-02
-2.951166923149929622e-02 2.552742959664964784e-01 3.932650385871604842e-02
-1.815274809872922251e-02 2.426744251800873053e-01 4.681522238269605202e-02
-3.188653870663031853e-01 2.367697598209622667e-01 -6.753319425611059232e-03
-2.954411258695691656e-01 2.372697622086696601e-01 -6.254897719920512675e-03
-5.548203742024174906e-02 2.853072657089600339e-01 -2.809655583198904238e-02
-5.803621717068174063e-02 2.804488323878221445e-01 -1.198231107436514668e-02
-2.961995888397371268e-01 2.422753655453065424e-01 -2.300962904803708839e-02
-3.199519163027953472e-01 2.417598740443113181e-01 -2.303249799624689301e-02
-1.102039267002598161e-01 2.309549166769842288e-01 3.193773738097337861e-02
-1.097663898134438598e-01 2.492881360463536644e-01 1.238799328698630443e-02
-1.197944909570238525e-01 2.319717046773779046e-01 3.058242849476786387e-02
-4.086554958060538423e-02 2.680869696822108517e-01 3.066491135984733205e-02
-2.863906788423083855e-02 2.650271213107680546e-01 4.112597863184453556e-02
-1.933691997923133454e-01 -3.015370192332457178e-01 2.687856010481342109e-02
-1.825900156506446992e-01 -3.058608407974889865e-01 6.160118128357228162e-02
-1.384105511639149022e-01 -6.350272234682817485e-02 5.230958217687677048e-02
-1.427672433634917526e-01 -6.068845120423794343e-02 2.819050094317691879e-02
-2.015306824788815759e-02 -3.299393685541635729e-02 1.468864513567000873e-01
-2.049812135558268245e-02 -5.281278418460321616e-02 1.512225657271787649e-01
-5.151440980414864063e-03 2.717508010894794657e-01 5.037053534821357009e-02
-4.514237880456532792e-02 -9.551272374467364989e-02 1.498862414513845998e-01
-2.477402789397290667e-02 -9.954470558564225413e-02 1.553971800716967000e-01
-2.198509951360276202e-02 -7.446320752362489692e-02 1.539429203889392250e-01
-4.269560271131275092e-02 -7.342427164359667524e-02 1.486183322565277354e-01
-1.924543318577339249e-02 -1.239282537850452948e-01 1.601092412089704931e-01
-1.850476817896519813e-02 -1.348419441044307610e-01 1.617865465863443930e-01
-2.138614986593805056e-02 -2.857640343499601721e-01 1.321218680310537463e-01
-1.006347279611162319e-02 -2.848178636918798912e-01 1.349325694464879599e-01
-2.368704050893460367e-01 2.126015582280995908e-01 2.375820363482599243e-02
-2.209658454190784049e-01 2.126754964686515814e-01 2.736362436476032223e-02
-2.174554407999059191e-01 2.305017776359698234e-01 2.063939372231962319e-02
-2.343985749392985540e-01 2.300431320856570205e-01 1.628797597965222013e-02
-6.329238130515946192e-02 -9.351707229005160049e-02 1.410258882589951190e-01
-8.138289558915326460e-02 -9.198271736709472124e-02 1.274596631326516405e-01
-1.513754827674859138e-01 1.176619264774638324e-01 4.931917808071883264e-02
-1.550441284896602046e-01 1.099411804616812899e-01 3.351429164468671534e-02
-1.858037116571193900e-02 4.163881701320776285e-02 1.305953962141183367e-01
-6.082856343376456809e-02 9.937710488743513315e-02 1.398852212478275958e-01
-6.100890649077066880e-02 1.136727426948673791e-01 1.310991904157467747e-01
-7.574434907008033291e-02 1.154348276644126259e-01 1.283738433761283659e-01
-7.540729793756077715e-02 1.022659457540349148e-01 1.375722839511329676e-01
-2.275159489951338249e-04 -3.426069931506764421e-01 2.607641886700050662e-02
-2.165121491794430586e-01 2.228588192564015524e-01 -6.713442447062238638e-02
-2.050212067114728087e-01 2.195491184028522946e-01 -6.831516881152285836e-02
-2.082658677590442375e-01 2.099045630938844997e-01 -7.194376729038416685e-02
-2.198104256747141494e-01 2.147461313406445471e-01 -7.088737519608735715e-02
2.304837583979390571e-03 -3.822672344275873657e-01 3.894087821430237961e-02
1.374298514363252221e-03 -3.982279383425835206e-01 2.802140517039819478e-02
-1.671888774149287230e-02 -3.449842767794321641e-01 -4.535563839184268004e-02
-4.622904781374052863e-03 -3.398724991852108412e-01 -3.049797474879208450e-02
-5.762435928337233254e-02 -4.448841265100375586e-01 1.136321990264761994e-01
-6.121002596291338915e-02 -4.155955615063080533e-01 1.204949106015157506e-01
-5.596306657687720454e-02 -4.748371041846630169e-01 1.056733675452806581e-01
-5.437277840894113451e-02 -5.035891925378500611e-01 9.728019607714336048e-02
-5.596250135730990172e-02 -6.775429894446540757e-01 2.563180476914410713e-02
-6.620678091209933336e-02 -7.036096149615538309e-01 2.580778871947191078e-02
-7.383431130039062873e-02 -7.880325096086328029e-01 1.179364857580868058e-02
-7.556287257387127310e-02 -8.201664772521012337e-01 7.539851187895716539e-03
-7.829106732238168276e-02 -8.546385753528781271e-01 3.137622030402466202e-03
-8.076160037609084186e-02 -8.902647837887480708e-01 -1.027810258871359340e-03
-8.306713237276912298e-02 -9.237539868320171488e-01 -2.321804755445927397e-03
-3.217631942592797945e-01 2.405310385235749082e-01 -3.928573990112202430e-02
-2.964700005835760876e-01 2.408116723920379620e-01 -4.089446274159058009e-02
-3.002170544013276765e-01 2.328450168261224640e-01 -5.452361224842013770e-02
-3.251021394228812977e-01 2.334925810261742896e-01 -5.246572056847896570e-02
-2.798341123513558570e-01 1.520391333763018438e-01 -2.511895200789621835e-02
-2.775146449773203128e-01 1.590082187032347272e-01 -1.053296721187564622e-02
-2.992248201985284184e-01 1.592594918461770481e-01 -1.189920819078033910e-02
-3.009595156695860085e-01 1.535412297999551035e-01 -2.643414530082822955e-02
-3.234081863028391290e-01 1.556960132778950900e-01 -2.755902064124507791e-02
-3.260011215923608319e-01 1.560831392390905903e-01 -4.084704923355502587e-02
-3.029154201684130521e-01 1.523820785468248673e-01 -4.005783838509126282e-02
-3.305273825409676958e-01 1.822148372779311687e-01 -6.956451779881213382e-02
-3.296224410058378185e-01 1.966143880544030109e-01 -7.197326089899100388e-02
-3.046765669352322625e-01 1.926994682694808947e-01 -7.333752555327147094e-02
-3.076980269427608272e-01 1.776766882481653764e-01 -7.053476627276783484e-02
-3.274873498939553373e-01 2.231571650011001107e-01 -6.254951580420933799e-02
-3.037521395243668598e-01 2.218558840551878020e-01 -6.409744990550320098e-02
-3.049668276122622923e-01 2.084444691164240859e-01 -7.084401656575758932e-02
-3.291456964155803910e-01 2.105394207505190685e-01 -6.946464809576892441e-02
-3.194009125507348834e-01 1.799971764586080769e-01 9.108705775238309238e-03
-3.200884500117550657e-01 1.680856673714765381e-01 -4.774359456277825248e-04
-2.974800541341459659e-01 1.682865636055239089e-01 1.263700035224851878e-03
-2.962385548748308062e-01 1.802596916177612585e-01 1.105577518746551739e-02
-2.149290077022038836e-01 2.459769787677176522e-01 5.831877144435696977e-03
-2.326413997785085064e-01 2.438180045259434048e-01 1.921536776575198625e-03
-1.792156351290833394e-01 1.513529512983508019e-01 2.984871346609098766e-02
-1.791138475573500755e-01 1.663068358731497887e-01 3.892214219495520461e-02
-1.939622385596149190e-01 1.711572199668998928e-01 3.360218071364426407e-02
-1.930283386582643257e-01 1.593798024793636192e-01 2.241653186574351503e-02
-2.721351570952185162e-01 2.263881738154963630e-01 1.010901386299059915e-02
-2.523420714334674853e-01 2.280686548597788132e-01 1.323081292079160941e-02
-2.516400313820814083e-01 2.413365645434194795e-01 -1.307121098031095675e-03
-2.728307029467763045e-01 2.388822334819457605e-01 -4.405685001782706257e-03
-2.733642738677407591e-01 1.807064198154378631e-01 1.346839721459100643e-02
-2.749800558872875778e-01 1.691960494774894519e-01 3.084417090228425747e-03
-2.535634266655685254e-01 1.692807053093322578e-01 5.309706311060262592e-03
-2.526085538520583818e-01 1.800950359673539891e-01 1.706949590989106230e-02
-2.841195635937722175e-01 1.601884431646208862e-01 -6.217809112855177123e-02
-2.620266518525377619e-01 1.553105244615033131e-01 -5.911695422081168771e-02
-2.232704016421037108e-01 1.939160634711003806e-01 2.870952156709827979e-02
-2.383886308236666529e-01 1.941810823274121856e-01 2.502989988423865927e-02
-1.487616497298623053e-01 1.068420478364956738e-01 5.531644643627601360e-02
-1.592156726070839967e-01 8.893474949441458610e-02 2.278021219972222160e-03
-1.632226682326026190e-01 9.889884474706710227e-02 -1.453491186863952161e-03
-1.221669576001383761e-01 5.661163425464701277e-02 1.156537354239420279e-01
-1.234621966629478457e-01 7.081553330578889416e-02 1.191034772541188919e-01
-1.483269888297527872e-01 5.166393974312682991e-02 4.181286289264056488e-02
-1.518204931418004056e-01 6.640766324280099331e-02 3.466170751952567936e-02
-1.294736293004937755e-01 6.172099173126934651e-02 1.084470965559218708e-01
-1.282600333268017756e-01 7.110668213669141258e-02 1.128873747386963111e-01
-7.831340461454752711e-02 3.050556699460773430e-03 1.131683205812933218e-01
-1.943507576034838452e-02 2.334103415737690812e-01 4.962888248098593774e-02
-2.535164479525739978e-01 2.112799399252476562e-01 2.045352668119708450e-02
-2.530968838588916192e-01 1.943666004041586515e-01 2.167091296195451655e-02
-2.391963660607827613e-01 1.670045067620396229e-01 -6.960772875277905503e-02
-2.238837928683541922e-01 1.606028700072151816e-01 -6.587338899250727575e-02
-2.249523961430336116e-01 1.526272427240326079e-01 -5.942223449255060186e-02
-2.414995697934782248e-01 1.583417463477740095e-01 -6.387592174467121575e-02
-1.231174734236494261e-01 1.081229454505526627e-01 -9.339504381829172308e-02
-1.087103644223516435e-01 9.659391400656121285e-02 -9.996015683087192127e-02
-1.193610955724712097e-01 8.333210437509556978e-02 -9.030402579917834460e-02
-1.315948662012465520e-01 9.671797984244689950e-02 -8.418681331596700179e-02
-2.163213673928266190e-01 2.374820638408660090e-01 -5.654130694941164603e-02
-2.200544345281889025e-01 2.446386140622795469e-01 -4.772035702494901999e-02
-2.048855090096656784e-01 2.457164595988511890e-01 -4.669487054946767218e-02
-2.032565546904001041e-01 2.372081963303953045e-01 -5.664400859639212582e-02
-2.076867149072875451e-01 2.524984809133566932e-01 -3.291689302717695081e-02
-2.251090537913752465e-01 2.503029577502743352e-01 -3.467473035614446197e-02
-2.299020724145869610e-01 2.508778560950217784e-01 -1.698709899463661868e-02
-2.118010850050940364e-01 2.537205062553682389e-01 -1.431175849866348632e-02
-1.806434799662430257e-01 -2.643347829417048156e-01 -2.511294323877600460e-02
-1.888690487514533556e-01 -2.663088899403334708e-01 4.380633674358376528e-03
-1.373393103155252926e-01 -1.375393148794272213e-01 8.433535010322290582e-02
-1.221896313859640176e-01 -1.428880672900747217e-01 1.031759964643843841e-01
-1.041049155225672318e-01 -2.330149321966318021e-01 1.189689795988738280e-01
-2.222993079837008723e-02 -3.438984036916971077e-01 1.007118767323737785e-01
-6.238038236837994965e-03 -3.524591937873994274e-01 7.692747483415138254e-02
-1.077509888078630748e-03 -4.212847483435199769e-01 1.785709783800736722e-02
-1.875563731967794801e-01 -2.682002587837177265e-01 3.265266459479044397e-02
-5.935865017937410476e-03 -4.497495833110438102e-01 9.304764738103184565e-03
-1.237457849377304742e-02 -4.794442567759075180e-01 1.740844863104637746e-03
-6.318189637343969711e-02 -4.762772650677485342e-01 -5.452108444659479330e-02
-9.103180507171855507e-02 -4.780071178686299826e-01 -5.831051627299187190e-02
-8.917190400316782339e-02 -4.500667506609137281e-01 -5.891943132304997693e-02
-5.844776865122659065e-02 -4.461723170658486448e-01 -5.461061666947675253e-02
-1.184537922235792407e-01 -4.807447274623790623e-01 -5.234070619529762602e-02
-1.187582310840891997e-01 -4.537693450564939113e-01 -5.324673535444279793e-02
-1.051834322681304557e-01 -5.609992560594827538e-01 8.681392394690068404e-02
-9.872039658372640247e-02 -7.721436165318379397e-01 -8.945358661584114357e-02
-1.206235275050795142e-01 -8.064086150881217829e-01 -8.408049723985384916e-02
-1.211694684754990314e-01 -7.705232301766341552e-01 -8.533301692838157759e-02
-9.969084349145937440e-02 -8.067601901891162663e-01 -8.857210233900032759e-02
-1.396267685322748753e-01 -7.711765404055764828e-01 -7.176394312698647360e-02
-1.389856960502220129e-01 -7.385627227395292760e-01 -6.938106334490685978e-02
-1.443189569116631876e-01 -8.146337986374950768e-01 -1.451578092989437357e-03
-1.011633357089446322e-01 -8.422081007830148902e-01 -8.379152361672775884e-02
-1.198018964846617046e-01 -8.428466397563099122e-01 -8.002472697049591022e-02
-1.386899292014196483e-01 -8.062036930098395171e-01 -7.173838594728151885e-02
-1.351056736519706536e-01 -8.429723686381581649e-01 -6.896448890762013617e-02
1.726368423276158524e-03 -3.708717085741959352e-01 4.874596456206163608e-02
-1.636153239048921404e-01 -3.460208229760700083e-01 9.236149132734589040e-02
-1.614774888672994291e-01 -3.155039040070524714e-01 9.529734546482614144e-02
-1.031696312167511564e-01 -3.014884731013963703e-01 1.222963344186371315e-01
-7.344341201592147206e-02 -3.147715989404241688e-01 1.238249548934813454e-01
-9.703965029104567874e-02 -7.182716547948704566e-02 1.081563875925510565e-01
-1.139121367793470424e-01 -6.988465539337587740e-02 9.218825462330879073e-02
-1.102173583411207997e-01 -3.315039662798253961e-02 8.661812008110303385e-02
-1.245017776848782315e-01 -3.122534747368577515e-02 6.883051449417401657e-02
-1.260182023593313383e-01 -4.902173593199062041e-02 7.089464344120607886e-02
-1.119621312636618210e-01 -5.186110037975217441e-02 8.923129422824846446e-02
-1.409387667792324217e-01 -2.748055003352078626e-02 2.197092395944499552e-02
-1.404259191857317735e-01 -2.557150609909757816e-02 -4.069541308150041378e-03
-1.390488754910236546e-01 -4.241517015750918829e-02 -7.369780882309782998e-04
-1.408213076382045514e-01 -4.419652704293641765e-02 2.457443570359697793e-02
-1.408195521203876310e-01 -5.843046570380446697e-02 3.411497509611462718e-03
-1.324117805941237846e-01 -5.629209218471497439e-02 -1.927958986057828200e-02
-7.112897321678333939e-02 -2.517797353759705994e-02 -8.057836831319564741e-02
-8.859362468012854652e-02 -2.921636098184707264e-02 -7.282729604280031854e-02
-8.937862742410894457e-02 -9.828978346470212263e-03 -7.844785039573637375e-02
-7.176140490314658615e-02 -4.500459423405972666e-03 -8.554550605815619546e-02
-3.187294792227395729e-02 -2.892403467452486221e-01 1.255405546253785531e-01
-1.217534126197534561e-03 -3.541556486168885298e-01 5.749430216713624642e-02
-6.495451190288088761e-02 -3.877007174037497839e-01 1.249067199518454629e-01
-1.013447973104265043e-01 -3.564006504440401790e-01 1.289582920761200013e-01
-1.349205813513749685e-01 -3.526420525752858026e-01 1.180039572782619478e-01
-2.254303970871185669e-01 1.533007406589100563e-01 -1.605266197154277263e-02
-1.499091793096273828e-01 1.335974649674385450e-01 -7.598855375965291037e-02
-1.533549173149219569e-01 1.224415346925724624e-01 -7.029347374377276081e-02
-2.441753812833509507e-01 2.466084755248695026e-01 -3.726711829452277608e-02
-2.494956957159557009e-01 2.473823911172594037e-01 -1.979868538909448916e-02
-2.359077189548858255e-01 1.793267382824994538e-01 2.104627515698621540e-02
-2.027926915131621488e-01 2.312302572125061184e-01 2.428650782874389874e-02
-2.062608033879591019e-01 2.116507132746164310e-01 3.160425008905563826e-02
-1.914794030064981556e-01 2.122863968747749353e-01 3.577287049293377541e-02
-1.291531174333797327e-01 -2.427867915073354532e-01 1.050305893805612290e-01
-1.555917352848984192e-01 -2.558795056877528062e-01 9.059558615606491672e-02
-1.308174053539021831e-01 -2.655144822304093544e-01 1.079555317765142769e-01
-1.498983046005162960e-03 -3.408730192838776984e-01 -1.383468004458332339e-02
-4.673448363980664544e-02 -3.299529665676712020e-01 1.171659271550656023e-01
-1.721005815903189212e-02 -5.079317999025935171e-01 -5.008925759171210280e-03
-2.099693325446490288e-02 -5.346445590935174907e-01 -1.198728654469507007e-02
-2.374835857799591221e-02 -5.596803439118237522e-01 -1.931488007945951491e-02
-2.603460001690018760e-02 -5.844906340665911859e-01 -2.642046158498812664e-02
-2.888035779530423799e-02 -6.096700623459582191e-01 -3.327184124803562321e-02
-3.473904139270864860e-02 -6.351737351583223168e-01 -3.858778558456498614e-02
-4.322673576673988910e-02 -6.616406207589341504e-01 -3.834638823218280285e-02
-4.729075203341007172e-02 -6.890258876335981775e-01 -4.403537304157358057e-02
-3.947923613956225153e-02 -7.505820412851985646e-01 -4.177005161328965765e-02
-4.555716678190072089e-02 -7.481509681858697913e-01 -5.924292515693318356e-02
-4.648005953237123455e-02 -7.177889780175071843e-01 -5.305949459929957396e-02
-4.567019886152534625e-02 -7.793906940937045391e-01 -6.297997840260606550e-02
-4.856573831873815111e-02 -8.116595293189464710e-01 -6.299195486007144740e-02
-5.483277217220158123e-02 -8.456062942325462961e-01 -6.087344132295592625e-02
-6.044390203010562013e-02 -8.800953815835095284e-01 -5.804014611180099981e-02
-6.383557708276249576e-02 -9.144572045401923033e-01 -5.516609772915636450e-02
-3.367729648097336726e-04 -3.390410671938002829e-01 1.275353155990344156e-02
-8.573846502667100420e-04 -3.402837895977835481e-01 7.150863218678266391e-04
-9.909455077389729694e-02 2.301807148079849374e-01 3.318104955045392268e-02
-1.650637212263409148e-01 1.136609653992255164e-01 1.139741867338266677e-02
-1.739067353181752429e-01 1.219474492666940829e-01 6.527971453616128635e-03
-2.217469334933120095e-01 1.783144547504826316e-01 2.473583429896883748e-02
-2.811715467445952688e-01 2.193825629114612152e-01 -6.658302502131226153e-02
-2.763585989694357092e-01 2.313227874567536091e-01 -5.804483903013329948e-02
-2.345514731758645555e-01 1.696951997278310642e-01 8.115646517418667605e-03
-1.808410795734383680e-01 1.412827625347667371e-01 1.655850250352716713e-02
-1.924892870287458202e-01 1.515204484286260811e-01 9.790245139716916359e-03
-5.101022605904543816e-01 2.394998243546129224e-01 -2.181037023979636585e-02
-5.094024997133093091e-01 2.432700794151153034e-01 -3.487305644416591188e-02
-5.289336665772149670e-01 2.401526868326943898e-01 -3.333499696339740914e-02
-5.290524878140716591e-01 2.356598558210259153e-01 -2.128759096239299028e-02
-5.095963218037392606e-01 2.305045555388476330e-01 -1.196305420402538934e-02
-5.283375895143098688e-01 2.266655030076063781e-01 -1.277539777006559893e-02
-5.066638051047390734e-01 1.726146239771684521e-01 -2.826389443765509046e-02
-5.056408298213129759e-01 1.808514411301175850e-01 -1.731131389051476441e-02
-5.250556670057857644e-01 1.814066338763727360e-01 -2.144622190690618005e-02
-5.260363475806355549e-01 1.740775902603907410e-01 -3.247828362095886434e-02
-5.454703549664094986e-01 2.121539935547592237e-01 -1.025640456432954338e-02
-5.442376731394730216e-01 2.007574703552738316e-01 -1.158509389813069078e-02
-5.256113075897534959e-01 2.025998007623671104e-01 -8.648144463667873164e-03
-5.271308159828084206e-01 2.153339445593082657e-01 -8.395407461802117943e-03
-5.075673342823923129e-01 1.738344565361869265e-01 -5.629742553904767965e-02
-5.070547848151026882e-01 1.827161160263265915e-01 -6.645767820745991650e-02
-4.881011187406492091e-01 1.789272643774233729e-01 -6.387563884860524011e-02
-4.888574938019357718e-01 1.703992472793358359e-01 -5.266632648074123790e-02
-4.265883380010486170e-01 1.755687389845607405e-01 -7.349386720676179610e-03
-4.295901156568672774e-01 1.658176862922957351e-01 -1.777661896671120859e-02
-4.137193251627764856e-01 1.669826018723152561e-01 -1.181547209226795937e-02
-4.114927230570408212e-01 1.772008162949388343e-01 -2.151216819666847049e-03
-4.710346629805527985e-01 2.473855986152706798e-01 -2.277413461768046030e-02
-4.692362762149004385e-01 2.482478814945288381e-01 -3.703188642725446095e-02
-4.894183423451982096e-01 2.459430717635147368e-01 -3.595154694978558441e-02
-4.907016295671440820e-01 2.432730178693361944e-01 -2.206586097463682575e-02
-4.675648157060521282e-01 2.105924676793668182e-01 -1.724901319925132431e-03
-4.657542584719667200e-01 1.956107532564695384e-01 -3.751806011924974787e-03
-4.448334339465067067e-01 1.987648782329504149e-01 -2.472713864822299792e-03
-4.465127482646096824e-01 2.141583942507701843e-01 -1.772365668782790353e-03
-4.511218029262950568e-01 2.504190917755200196e-01 -2.458837073939893966e-02
-4.494147558169580003e-01 2.489416390099719323e-01 -3.856042483335510307e-02
-5.068944473067579226e-01 2.051930005685406455e-01 -5.692025992940241176e-03
-5.054848423107519695e-01 1.919570824969454303e-01 -9.870906261987435690e-03
-4.859965382076842921e-01 1.934449403142725898e-01 -6.239311839792392733e-03
-4.876539287853931537e-01 2.079181839753770911e-01 -3.247956914823768148e-03
-5.451995930969375515e-01 1.808370443573645292e-01 -5.986901951565749835e-02
-5.448366410736141807e-01 1.899549285348399452e-01 -6.779521149083567177e-02
-5.259930017848302164e-01 1.864950714894901829e-01 -6.772487648208548594e-02
-5.264927283725957530e-01 1.774364201938056496e-01 -5.860187987967706291e-02
-5.437344273647545245e-01 1.908791325502384451e-01 -1.705290816404341284e-02
-5.441464139335973060e-01 1.824054727813562982e-01 -2.518488924796827289e-02
-5.246985697206001387e-01 1.911682240879666594e-01 -1.359275730268542925e-02
-5.473803832500430122e-01 2.336230520290110968e-01 -5.558052573217796971e-02
-5.478556627940843748e-01 2.375315773562130250e-01 -4.413466745758630461e-02
-5.281419013196254619e-01 2.395255495639900811e-01 -4.637731153286830249e-02
-5.273131207304088131e-01 2.344177700129973230e-01 -5.830991069553798090e-02
-4.667958247582498776e-01 1.723700809573509019e-01 -1.873040294727121649e-02
-4.656322371939202176e-01 1.823293330523720335e-01 -9.315741387011446106e-03
-4.859139644575135586e-01 1.810011091783826076e-01 -1.318466509952840628e-02
-4.869617293314750794e-01 1.720157507452942935e-01 -2.356896388068423220e-02
-4.713462668544310397e-01 2.389663995419150921e-01 -1.025196290682775166e-02
-4.906501465137534379e-01 2.345448586341364050e-01 -1.105578860077028464e-02
-5.065683920411819807e-01 2.351821789264775808e-01 -6.073297887106889059e-02
-5.082006304075963321e-01 2.413776512092939974e-01 -4.824415205563160197e-02
-4.877596985063428203e-01 2.424735847360003360e-01 -4.964227164482312021e-02
-4.868333838858576734e-01 2.342382428754866130e-01 -6.169880732119915195e-02
-4.669993201400394200e-01 2.183749434460404704e-01 -6.991519807002466447e-02
-4.669602665270122244e-01 2.023248952293627834e-01 -7.023492792255772721e-02
-4.865132498150019913e-01 2.062752017413519712e-01 -7.183670559349161766e-02
-4.865306898441026373e-01 2.214409197553164899e-01 -6.972860801924118945e-02
-4.460771520278690727e-01 1.736523717083746920e-01 -1.332019424445536442e-02
-4.484536615642062407e-01 1.654686407071067067e-01 -2.534300419523035156e-02
-4.696890189176867181e-01 1.673902330470469213e-01 -4.781754564510209971e-02
-4.691449599277673910e-01 1.752430787500566522e-01 -5.997450027018728230e-02
-4.503616902745636308e-01 1.712182256176535411e-01 -5.495112227983337677e-02
-4.504299035103772053e-01 1.642305279888878200e-01 -4.120428515761939692e-02
-4.132244481616884624e-01 2.349387474520627517e-01 -5.474289163992391953e-03
-4.127796950080116489e-01 2.471036317429659845e-01 -1.611555039667313463e-02
-4.293150579725121263e-01 2.463058561168723071e-01 -1.362764618054509991e-02
-4.278969572266240751e-01 2.338536161626283694e-01 -4.558168290684381542e-03
-4.305625974917466348e-01 2.514271697559290475e-01 -2.718092634907927005e-02
-4.133273549651064194e-01 2.507341468132417428e-01 -3.023447029965829411e-02
-3.879859150978550164e-01 2.416946211998017291e-01 -4.719834236522133658e-02
-3.880169977794030167e-01 2.311467614007423343e-01 -5.517477383478003317e-02
-3.990653480522023955e-01 2.322271257811343304e-01 -5.341734317129259724e-02
-3.994719140274592406e-01 2.437315652556402701e-01 -4.609911920382141898e-02
-4.302213246699325699e-01 2.079423196948286534e-01 -6.922589230949564854e-02
-4.295737305643335113e-01 1.913276343701037219e-01 -6.547699936237177942e-02
-4.479170188415252385e-01 1.971291216294421833e-01 -6.808494892662293740e-02
-4.479910264301850686e-01 2.139992842442001442e-01 -6.995483011658482075e-02
-4.156964772321454227e-01 1.728807661842951260e-01 -5.510140136887894252e-02
-4.179964276779188914e-01 1.637187558954603384e-01 -4.313601716281938864e-02
-4.327660254132085771e-01 1.668171602353180905e-01 -4.914998584414038973e-02
-4.308152708074792780e-01 1.773018425039385726e-01 -5.973062442484771556e-02
-3.651985710641804106e-01 1.631504152715973766e-01 -4.285678893087841584e-02
-3.636929096435923547e-01 1.600910991418855178e-01 -3.068863280343903446e-02
-3.789190161224956221e-01 1.609460520119454230e-01 -3.134849345217310262e-02
-3.800681331373970684e-01 1.654444661376778536e-01 -4.325879085965418647e-02
-3.744584099714876047e-01 1.687267827633709416e-01 -4.145287436074137841e-03
-3.596978479076378687e-01 1.683270660518983441e-01 -3.486720703205887627e-03
-3.594159975990331990e-01 1.795774978372120800e-01 5.989899317753235967e-03
-3.740180412607101990e-01 1.799341007563597383e-01 5.353100200697638589e-03
-3.634656905461527976e-01 2.376323743040883452e-01 -8.612728189760608319e-03
-3.633749641114604745e-01 2.440739567249455844e-01 -2.431163355475739543e-02
-3.759919589329522860e-01 2.456859444266528691e-01 -2.273720695367741421e-02
-3.765584760731494618e-01 2.381093010928025944e-01 -8.009779883913671281e-03
-4.157224621148439825e-01 2.025700431424657388e-01 -6.825485083601121050e-02
-4.125292737622685557e-01 1.859427048981978081e-01 -6.322845007249802696e-02
-3.874435545633171940e-01 1.686775384829494462e-01 -5.301806485039224984e-03
-3.868022445606387749e-01 1.795359593730876391e-01 4.300344406044448280e-03
-3.989110320228966278e-01 1.786194382086358501e-01 1.739646976001095772e-03
-4.003218801229407875e-01 1.679037337313079026e-01 -7.672948528229545789e-03
-3.861251925116009343e-01 2.084197855614189909e-01 5.967839854226325048e-03
-3.878170671344682296e-01 2.235320997748067584e-01 1.468025903397205539e-03
-3.992921433807412046e-01 2.219075492541311423e-01 3.880842400066033160e-04
-3.986524385036742668e-01 2.067605396498719272e-01 3.859136794910027115e-03
-3.878528180294678607e-01 2.374825624258933010e-01 -6.928748704719646552e-03
-3.873296574314954999e-01 2.469621537265854483e-01 -2.069020809869508148e-02
-4.002316124551194010e-01 2.467844099499256483e-01 -1.821645598764743551e-02
-4.003269295520116011e-01 2.364242062084667417e-01 -6.115055311324391063e-03
-4.059546693348443647e-01 2.006355601880687178e-01 -6.699194573673017405e-02
-4.055136207330035658e-01 2.126477577134272545e-01 -6.371193681035886014e-02
-3.971790851721607729e-01 2.093361562711330837e-01 -6.406106254761802232e-02
-3.980075309542911444e-01 1.976045097190993749e-01 -6.644748558954544082e-02
-4.039522723001084947e-01 1.697013976589643591e-01 -4.915600919996966633e-02
-4.051695771153421277e-01 1.619948242789813753e-01 -3.740156408793904319e-02
-4.112028194479321330e-01 2.043576573050622236e-01 1.220882267518589052e-03
-4.110514804614046058e-01 1.899782885415740030e-01 2.208909324202899555e-03
-3.987565222405190513e-01 1.921786062646748117e-01 6.025038608967872578e-03
-4.002746041701304991e-01 2.493576199203086929e-01 -3.292282289052107097e-02
-3.666699695214323818e-01 1.687497399106185347e-01 -5.277705357911942341e-02
-3.674357119305806663e-01 1.769356349628688763e-01 -6.169233150221676426e-02
-3.519493444204743748e-01 1.736381302044244235e-01 -6.186051686601953814e-02
-3.509748118730049993e-01 1.652538408382139279e-01 -5.273175660366465761e-02
-3.491159892808761156e-01 1.603233035145655017e-01 -4.207702955826146674e-02
-3.468635519391831679e-01 1.584670367144252745e-01 -2.945410958236830551e-02
-3.423944171585187601e-01 1.681698557945697503e-01 -2.029225750344398980e-03
-3.416855943426342912e-01 1.797377119844587590e-01 7.432445004962710995e-03
-3.416967855233360996e-01 1.942341034139886680e-01 1.231905097261224748e-02
-3.412764943550727348e-01 2.097072188250164726e-01 1.194193243458093433e-02
-3.599695213484833123e-01 2.096060020118274692e-01 9.760694392139848685e-03
-3.598189682919828436e-01 1.937967899916144821e-01 1.097216007497659254e-02
-3.422230154886933273e-01 2.368924830772684287e-01 -7.295898928102442435e-03
-3.432636529697427608e-01 2.423606492103196064e-01 -2.353589098611106809e-02
-3.639495023563377174e-01 2.431450054717757547e-01 -3.835492235901214603e-02
-3.455416521467628566e-01 2.411806031773749137e-01 -3.898228427392694956e-02
-3.897909298090425634e-01 1.617055449531280276e-01 -1.897690701969202698e-02
-3.766548746475855136e-01 1.619364097889031684e-01 -1.727937492851050472e-02
-5.063597261713248532e-01 2.234712390696496631e-01 -6.886228723039095057e-02
-5.060175503368693484e-01 2.095502819907815728e-01 -7.212733519465842902e-02
-5.257216625066147841e-01 2.118400750276677180e-01 -7.133304445700548724e-02
-5.268392347150024912e-01 2.244805182456332815e-01 -6.688369665751589532e-02
-5.447270627290342615e-01 2.016254495519878009e-01 -7.067190294338848711e-02
-5.255145407313088768e-01 1.986883817252710072e-01 -7.154543247744911405e-02
-5.085413964659704078e-01 2.186990703058807328e-01 -6.380915963297054128e-03
-4.895339824238995607e-01 2.220917625484377100e-01 -4.545983077123114287e-03
-5.466388603544267699e-01 2.233272103531267483e-01 -1.340052944437320100e-02
-4.120550853179665851e-01 2.195763038897189934e-01 -1.088874981815026941e-03
-4.269087192536045183e-01 2.171506842523387715e-01 -1.976045127073140697e-03
-3.878518478510847856e-01 2.190547876678703154e-01 -6.040886658567992673e-02
-3.771617804991478362e-01 2.291110824669744528e-01 -5.672652681019298843e-02
-3.778449110382881004e-01 2.172120288094152307e-01 -6.291166267340217444e-02
-4.154942897773861721e-01 2.182652602629069627e-01 -6.357838941718643722e-02
-4.301638362012690231e-01 2.248831387266344850e-01 -6.339764748069112721e-02
-4.299026482082630163e-01 2.373664120423602253e-01 -5.134405876458447010e-02
-4.118541631643494738e-01 2.313574538555824012e-01 -5.318304220882436734e-02
-3.898134418456615791e-01 1.945297526875766347e-01 -6.636359536132314940e-02
-3.888097309690266012e-01 2.069381291833440606e-01 -6.555476039688216960e-02
-3.789872306405026592e-01 2.047129225321736579e-01 -6.706552831328575770e-02
-3.798123913216097103e-01 1.918160742334908964e-01 -6.691117189244223662e-02
-3.617664711274048428e-01 2.248864816381049014e-01 3.387221557251304718e-03
-3.756591522027507568e-01 2.244909888462916225e-01 2.304590879189527628e-03
-3.494124702433468177e-01 2.245428438226685086e-01 -6.096192112235917365e-02
-3.648002555374337819e-01 2.269678049275221932e-01 -5.849464543336620193e-02
-3.646645667861532214e-01 2.367878021033723301e-01 -4.967347411358328385e-02
-3.486443582361247739e-01 2.343835769064610830e-01 -5.142706639892984793e-02
-3.768244801521099530e-01 2.392119503952031823e-01 -4.835207457082791455e-02
-3.501061204462808663e-01 2.128727576257141707e-01 -6.751508389691197876e-02
-3.655836625807192819e-01 2.153312150292309157e-01 -6.513190260549622801e-02
-3.413368096641065663e-01 2.249751350341986922e-01 5.543089570041569679e-03
-3.671182045589770904e-01 1.892159471291721407e-01 -6.739767371634228232e-02
-3.664746689663962442e-01 2.026206933434863688e-01 -6.839613227592195033e-02
-3.509365105374374627e-01 1.998065037242256758e-01 -7.010372501585782068e-02
-3.515789130381031802e-01 1.858684453360973654e-01 -6.843664923311053305e-02
-5.062855410050525196e-01 1.954159124962804583e-01 -7.131163362843198628e-02
-4.869524881943445571e-01 1.917909203816406116e-01 -6.969030828138797484e-02
-4.171139112629127510e-01 1.608146838088632957e-01 -2.710472803697452221e-02
-4.323776849266789402e-01 1.616818493196448270e-01 -3.372977480602130235e-02
-4.031721545328154077e-01 1.612277000880446287e-01 -2.199228464002001351e-02
-5.076031409931014426e-01 1.697730889777029073e-01 -4.256489203043122005e-02
-5.266438859711444209e-01 1.724599108815497994e-01 -4.614833458031793872e-02
-4.685605629513794890e-01 1.662514142886649948e-01 -3.227468890709588728e-02
-4.882884827302124142e-01 1.675932725574470483e-01 -3.789548529317068176e-02
-4.666993949935674402e-01 2.330051364381539591e-01 -6.257500511899843909e-02
-3.918287348909834655e-01 1.749066202543707593e-01 -5.464894329976593967e-02
-3.926763525596314586e-01 1.675326868594893548e-01 -4.508123423681187347e-02
-4.016666038327702526e-01 1.784657852306496817e-01 -5.814165853021361491e-02
-3.439660243783612126e-01 1.608443577490277498e-01 -1.497329574184563285e-02
-3.615917559192477482e-01 1.615756218463638150e-01 -1.647380285206263145e-02
-4.053042633311886300e-01 1.905397965018131579e-01 -6.602126698999705168e-02
-3.213914243668815063e-01 1.600565275622148620e-01 -1.323010373270361306e-02
-4.129392073070087821e-01 2.453394837934927963e-01 -4.397063243407527133e-02
-3.875974972283197650e-01 2.480057040231465615e-01 -3.498011494119961790e-02
-3.763496619454635983e-01 2.457363320642742821e-01 -3.678969117057799554e-02
-5.479786837113276299e-01 2.371323083188370540e-01 -3.170541022220536853e-02
-4.696026115335708018e-01 2.259008516008396139e-01 -3.124717168666960553e-03
-4.254469065189469545e-01 2.020066425654555298e-01 -1.434743975212300496e-03
-4.255149239827709096e-01 1.875312837173625513e-01 -2.054240486280562838e-03
-3.906981960820976596e-01 1.831407536427328842e-01 -6.245048047931414659e-02
-3.804924629231266064e-01 1.800266858636652423e-01 -6.168333241982541792e-02
-3.804972003939430802e-01 1.719494687874593419e-01 -5.303633063887323168e-02
-3.736633700874867903e-01 2.094858580779885293e-01 7.833836317259141105e-03
-3.741149451641754275e-01 1.940646313735767403e-01 9.664641702492949085e-03
-5.453362209871153166e-01 1.755212174613872966e-01 -4.864777699194981070e-02
-3.861832973496096555e-01 1.938501151046777282e-01 8.003760373074556012e-03
-4.288857191895757981e-01 2.484736199083509012e-01 -4.115010490339368610e-02
-1.518267350935149917e-02 1.981222345977362853e-01 -9.439506015393654692e-02
-1.423381935275469523e-01 3.834134179157581285e-02 4.759704588332491076e-02
-1.046731756715690853e-01 1.805595539439784625e-02 8.831799322000516428e-02
-1.177745419830608098e-01 2.054450701155271022e-02 7.342647675685151643e-02
-1.556930024453954398e-01 9.297179723048279443e-02 2.160768137568696429e-02
-1.591845856073726695e-01 1.043016268589425782e-01 1.630349085878777735e-02
-1.855360795413795449e-01 1.330173339245894482e-01 2.464013387815879377e-03
-1.957242747132409699e-01 1.440440937908466223e-01 -4.235161395800445677e-03
-1.489043313631522314e-01 7.221541297720701635e-02 5.587981125322898784e-02
-7.620925354411622887e-02 4.182359828005240421e-01 -1.158663321332655330e-02
-7.440169099153615129e-02 4.113498014990562557e-01 -1.415064267357751641e-02
-7.860617068498558513e-02 4.314180399661968202e-01 -1.151325280454859080e-02
-1.634257017901536574e-02 -1.119505604155274225e-01 1.577141392136999498e-01
-7.387120182250850320e-02 4.041007263449940545e-01 3.479783286208369035e-04
-7.159966421454520835e-02 3.967228095842246227e-01 -2.633114396976393799e-03
-7.612010980057259957e-02 4.003109421490476105e-01 -6.316046964805071846e-04
-7.340743614033765074e-02 4.051096676324734691e-01 2.034150768744447633e-03
-7.347848356702792183e-02 4.061595909408119986e-01 2.435527234862780097e-03
-7.895088881844232465e-02 4.335479737991205784e-01 -1.419046464561434222e-03
-7.201018475092882398e-02 4.032423062222262877e-01 -1.471302359983008880e-02
-6.995523613399759477e-02 3.944238424739739957e-01 -1.319923148024553829e-02
-7.699740132007365512e-02 4.196600516225594268e-01 4.496892353894454269e-03
-4.991718212689768425e-02 -1.217325666168144332e-01 -7.469765016925589141e-02
-2.635560045882790955e-02 -1.211102877048339244e-01 -7.547478069089338937e-02
-2.879193475348816936e-02 -1.383535079728953898e-01 -8.237710886368870833e-02
-5.439033610333385976e-02 -1.391702418920146567e-01 -8.087176821213722111e-02
-3.191640953617493753e-02 -1.572662853528933591e-01 -9.016588050584085912e-02
-1.494192134373485692e-01 -1.905824014754492479e-01 -6.120596032647459411e-02
-1.652237660367097682e-01 -1.875273386031764689e-01 -3.767163494435379900e-02
-1.595023167752160076e-01 -1.671787379605922386e-01 -3.589031595978454947e-02
-1.440977644154733672e-01 -1.692894944593933693e-01 -5.757460794125623949e-02
-1.644158064628254701e-01 -1.512174385996991888e-01 -1.095220533861558827e-02
-1.528985985352878108e-01 -1.502222981030816584e-01 -3.441655814215139469e-02
-1.701384186734944959e-01 -1.670749837811094929e-01 -1.035443915652381301e-02
-1.741905006616523144e-01 -1.706380394996976635e-01 1.716406797421097391e-02
-1.689065729644294578e-01 -1.541239352589413025e-01 1.594736763416581410e-02
-1.708793262729901008e-01 -1.774279773553559814e-01 4.347223231962567269e-02
-1.664360965951678928e-01 -1.592476344068426974e-01 4.246812905950148043e-02
-1.620946095386232855e-01 -1.857365257518661661e-01 6.689379672377765429e-02
-1.484039999575610669e-01 -1.938827666276740913e-01 8.834221330905631109e-02
-1.300142099587078548e-01 -2.222507665166353896e-01 1.055973282526410650e-01
-1.065664698365539065e-01 -2.099059164328404281e-01 1.217835289983507790e-01
-1.292658829042628854e-01 -2.022063403604778264e-01 1.068523552777366770e-01
-5.987423182726467341e-02 -2.211786816370783226e-01 1.439592754478716818e-01
-8.279581320653421617e-02 -2.171927351273993112e-01 1.339978132142725931e-01
-1.963054606144634326e-02 -2.257522296273112294e-01 1.564398542203144504e-01
-3.901592767767734365e-02 -2.243342268623248481e-01 1.514494864851414491e-01
-9.625259704170827102e-02 2.111959943716572308e-01 5.011198078058197447e-02
-7.735819311602436243e-02 2.672372297485902659e-01 -5.403246732857568124e-02
-8.548290320836959832e-02 2.643517320382819946e-01 -5.410509410373043337e-02
-9.339834533448704290e-02 2.681534812780012045e-01 -3.397145964521463418e-02
-1.034298263988527727e-01 2.189336743829080334e-01 -9.066618101878096136e-02
-1.046054636347523437e-01 2.355185136589050265e-01 -8.000326636442807449e-02
-8.633193193693582124e-02 2.281256230322308842e-01 -8.855143013191525692e-02
-8.591190612281689176e-02 2.126209859081219233e-01 -9.623954258749101154e-02
-6.806095486029579977e-02 2.598038141649861021e-01 -6.699580838363851376e-02
-6.355965988949169310e-02 2.617465496531192204e-01 -6.632948795545354215e-02
-7.350895530513130993e-02 2.563393381678112370e-01 -6.903796144719034911e-02
-4.443414425340848350e-02 2.402678335725425274e-01 -8.368653723656044319e-02
-6.005626631326551473e-02 2.477272890908562009e-01 -7.873555812880481120e-02
-1.280875322878434475e-01 2.618479167687660647e-01 -3.224869342034279024e-02
-1.283406918919306194e-01 2.530853724359825585e-01 -5.312938352233848721e-02
-1.373244616194249923e-01 2.527529989873134597e-01 -4.882764758404755517e-02
-1.386015587814217465e-01 2.613914390963731349e-01 -2.823310731648017574e-02
-1.308905128009982821e-01 2.098729072612482982e-01 -8.527666542523304472e-02
-1.310980330866666210e-01 1.945489725927227465e-01 -8.941832314707194584e-02
-1.415007709519121581e-01 1.977251659592277888e-01 -8.511448589214969107e-02
-1.405507298230482260e-01 2.121004342192187864e-01 -8.077139149742920687e-02
-1.706307748754924969e-01 2.593440582183587639e-01 -1.442409009836818218e-02
-1.671586958144353208e-01 2.536027381396764313e-01 -3.491935740916898845e-02
-1.790031495646833559e-01 2.542385899586189213e-01 -3.263690397126660370e-02
-1.827643103783951617e-01 2.577428920468261553e-01 -1.280020124469357680e-02
-1.391378225408517744e-01 2.262807161292513247e-01 -7.358685169148659888e-02
-8.263472032290500313e-02 1.031492140936667024e-01 -1.104390286925920894e-01
-1.003674158292938434e-01 1.119965344175913452e-01 -1.059165120088639417e-01
-1.153502644819114215e-01 1.201557004430324899e-01 -1.004726745246096870e-01
-1.466685069098658256e-01 1.450785957500778378e-01 -8.066832546687535688e-02
-1.384973422512665309e-01 1.385390720087593674e-01 -8.520027940751079276e-02
-1.421552735337907880e-01 1.261211742408298309e-01 -8.054809549618609232e-02
-1.560188744339491840e-01 1.510965301122286497e-01 -7.790285427451303091e-02
-1.666523535916803467e-01 1.545588572956425599e-01 -7.425475670226464042e-02
-1.932919790139889793e-01 1.902090549858884705e-01 3.798767656883632327e-02
-1.785509793085153230e-01 1.887001095286133523e-01 4.360614520371607072e-02
-1.765470431908023885e-01 2.142016472033625718e-01 3.837555876829019247e-02
-1.914752380252291164e-01 1.618441167652353851e-01 -6.763294675551198565e-02
-1.788841649233400277e-01 1.551645435634254611e-01 -6.781403006389950805e-02
-1.810244325925360331e-01 1.484737639092266193e-01 -6.448465371420850079e-02
-1.936037047513633480e-01 1.566114021828523273e-01 -6.527232930446580372e-02
-1.182346442978145507e-01 2.630483980857205584e-01 -3.527231644939810007e-02
-1.786688808157649577e-01 2.441670027837706813e-01 -4.747681444412010093e-02
-1.668960429671575152e-01 2.424323894594315743e-01 -4.946227437468241062e-02
-1.664530912125636031e-01 2.318399791615717298e-01 -5.981970311488730291e-02
-1.779248228432033230e-01 2.346596523358222275e-01 -5.764702806628199672e-02
-1.792929565404029202e-01 2.231712694676538655e-01 -6.550677992055616017e-02
-1.683574486439257389e-01 2.198794435676197645e-01 -6.818653784461885248e-02
-1.698810335247653847e-01 2.076801070058315046e-01 -7.373958938030951427e-02
-1.810176354397703413e-01 2.114002142184760458e-01 -7.109779780847096109e-02
-1.903761832735562654e-01 1.687225902772087893e-01 -7.032988248848322244e-02
-1.765415363630527812e-01 1.628366783490496628e-01 -7.089819343312099564e-02
-1.998500727924591991e-01 2.480478433860363596e-01 8.065006284436088829e-03
-1.489476469858105612e-01 2.600239327066711792e-01 1.787608296757830107e-03
-1.478913002594064441e-01 2.465785653647999121e-01 2.386860761624666136e-02
-1.372777431623162514e-01 2.498041416972692774e-01 2.020372614993575303e-02
-1.381648822085489725e-01 2.616657898274233340e-01 -2.881646966076341614e-03
-2.125052129677225399e-01 1.454286495058874362e-01 -2.347618642554647611e-02
-2.097214802810221657e-01 1.506056255306269798e-01 -1.092627424699935124e-02
-2.137796093410275766e-01 1.416581860407997717e-01 -3.560747854819403674e-02
-1.851711042714464239e-01 1.338263603831503779e-01 -5.481163816995161808e-02
-2.133346116997366093e-01 1.418259205376740384e-01 -4.644559589573492298e-02
-2.080710442750894063e-01 1.753137623277788715e-01 2.869876317898302498e-02
-2.085843562507815052e-01 1.920936556411984575e-01 3.265721657630039909e-02
-1.483077327324286709e-01 2.236088460717998716e-01 3.760043820359458555e-02
-1.373275391089278097e-01 2.282778776982566094e-01 3.539361720347884016e-02
-1.960765470196505766e-01 2.559158290255265644e-01 -1.297472187419941234e-02
-1.924010712834129389e-01 2.538617467477750633e-01 -3.222424338710535435e-02
-2.058124323363955399e-01 1.687393019230971070e-01 -7.006845829617534827e-02
-2.077241486492073241e-01 1.638795137394065682e-01 -6.824098835072127389e-02
-2.196461975132817657e-01 1.710636657118292658e-01 -7.121160090215448990e-02
-1.736123841400610546e-01 1.277119916374614694e-01 -6.040622214302072968e-02
-1.829386575362566825e-01 1.424795050842575239e-01 -6.101525198831260488e-02
-1.482739155206415638e-01 2.606732866840280050e-01 -2.335389237193099404e-02
-1.907950767577491213e-01 2.453373168703221474e-01 -4.722930167672204776e-02
-1.904939298191083152e-01 2.356736612430113953e-01 -5.769023534999570546e-02
-1.585581213563594383e-01 2.168262894261041851e-01 -7.219653328888350763e-02
-1.564633933784831676e-01 2.293763818788896180e-01 -6.410740621759022928e-02
-1.477642592070007310e-01 2.277357775076947199e-01 -6.891822190107421697e-02
-1.496534989655246006e-01 2.143051323644667161e-01 -7.667227889024932908e-02
-1.927745138153016125e-01 2.157989588901601807e-01 -6.966918339882768874e-02
-1.961746544589937913e-01 2.045818125737123017e-01 -7.279499704834199725e-02
-1.513885304864995285e-01 2.006760929800854298e-01 -8.133794128057071637e-02
-1.604158471667907204e-01 2.039068411392344349e-01 -7.738202751299315396e-02
-2.043297415709304787e-01 1.752811259071167804e-01 -7.213708361246590206e-02
-1.282016880879061904e-01 2.315646497887068611e-01 3.232848300434173344e-02
-1.295723011504203437e-01 2.106349814683110278e-01 4.532706753955820927e-02
-1.197976709980922705e-01 2.121395058255556298e-01 4.602279319330726537e-02
-1.506666142159200084e-01 1.991860916180794028e-01 4.751284875003300434e-02
-1.390925854798834571e-01 2.056945626437258479e-01 4.622624526822776553e-02
-1.644900133236556761e-01 1.915470934422808524e-01 4.729658832786905881e-02
-1.092490808858490314e-01 2.119206889110680503e-01 4.835553767027383348e-02
-3.992296988299378069e-01 1.868080255756764951e-01 -6.404033043306592288e-02
-2.223979167601017881e-01 1.672100068353692959e-01 -6.972964246392319987e-02
-2.349593436354184273e-01 1.730886334499401047e-01 -7.215028609184447050e-02
-2.308271629043295581e-01 1.773516417399451095e-01 -7.337146420097591382e-02
-2.809914416003634896e-01 2.051152155472295013e-01 -7.236439807427071103e-02
-2.857847028535469291e-03 3.427168876545208520e-01 1.108096276893794502e-01
-2.396857541101454943e-03 3.478568652879359124e-01 1.138429386773221336e-01
-1.785750322475601788e-03 3.671281091637825233e-01 1.153944771833242261e-01
-1.724348389463405866e-03 3.705385556923547208e-01 1.146509329146194744e-01
-3.971531656149636658e-01 2.206428148807615952e-01 -5.842916346465632654e-02
-4.047370117430953984e-01 2.216256218728845928e-01 -5.815757700094012494e-02
-4.479312169567680746e-01 2.298490221932594779e-01 -6.296560507530495066e-02
-4.677536456335757986e-01 2.425593915576668425e-01 -5.037694987176526140e-02
-4.481560124771127862e-01 2.411652363857950954e-01 -5.104082737717831331e-02
-4.509028259946161743e-01 2.433409647998746594e-01 -1.111290814598630758e-02
-4.490571106869572504e-01 2.298598556129296533e-01 -2.722037625140203993e-03
-4.447600711063586787e-01 1.848916732120760853e-01 -6.010377019441808313e-03
-4.487716821253016630e-01 1.825091436538911205e-01 -6.361373970893408059e-02
-5.843425580213825743e-01 2.264425055282561494e-01 -1.744245724744726209e-02
-5.854709001343625374e-01 2.326789116754828246e-01 -2.708349998401355513e-02
-6.044043787103819954e-01 2.303758342985660623e-01 -2.417645053583062850e-02
-6.029353217188971881e-01 2.231831972023058386e-01 -1.556242188934660493e-02
-6.210920994748396762e-01 2.204378986292649112e-01 -1.366225787751863298e-02
-6.195398688568346524e-01 2.106873314084594939e-01 -1.153967862331968346e-02
-6.017525906163035954e-01 2.136934690755050159e-01 -1.186712983876304223e-02
-6.177151798146248707e-01 2.016653202285146051e-01 -1.415274664808518872e-02
-6.002975400447224663e-01 2.039404349780758186e-01 -1.317334933050967778e-02
-6.164089692743280890e-01 1.943634116929482680e-01 -2.014540813230321359e-02
-6.163415184345127917e-01 1.896016304068472713e-01 -2.764952972037514750e-02
-5.992802854909938803e-01 1.898858154230575190e-01 -2.530027747773437932e-02
-5.992179288570245177e-01 1.957112197405901366e-01 -1.814541581274355456e-02
-5.814755062620878823e-01 1.847206041113286790e-01 -3.119066104882269042e-02
-5.998138317847464540e-01 1.860037726262715740e-01 -3.392318340552659406e-02
-6.003998789771393119e-01 1.837596384911118763e-01 -4.325446474832892602e-02
-5.821088277155247459e-01 1.807673707014725017e-01 -4.124059997644625997e-02
-6.186179557586374278e-01 1.941300336973181273e-01 -6.050750382583433562e-02
-6.193432179742931476e-01 2.020240472453133096e-01 -6.418680309923197047e-02
-6.015484906966759304e-01 1.995816341945289840e-01 -6.540733550721007650e-02
-6.010118979117041738e-01 1.908559406449228946e-01 -6.101116674452860406e-02
-5.845730481815495372e-01 2.175375021566416101e-01 -6.474849100041495109e-02
-5.833109954450332868e-01 2.069594300953245258e-01 -6.750821904568407583e-02
-6.025767223231356384e-01 2.096730950773129654e-01 -6.582045149282175767e-02
-6.037709577501711999e-01 2.196275749121451015e-01 -6.290374687831838674e-02
-6.212959062515074349e-01 2.222364946636211924e-01 -6.188803103106205877e-02
-6.225198265598217429e-01 2.293971777199596829e-01 -5.447284255604489117e-02
-6.047437514649395274e-01 2.275905300796978725e-01 -5.668519465754614378e-02
-5.475597482341713063e-01 2.323460735306727698e-01 -2.086734840390763041e-02
-5.659559699322112003e-01 2.294849734218571136e-01 -1.944960600042259721e-02
-5.648917520761316258e-01 2.200565288793537300e-01 -1.306043926244736253e-02
-5.812223896657018329e-01 1.972239902330275019e-01 -1.597424365137384283e-02
-5.628646362664239122e-01 1.990230262573433051e-01 -1.393697128227595373e-02
-5.637429790081461833e-01 2.091935343155097438e-01 -1.145082583231848798e-02
-5.821066395024747653e-01 2.065238234699605102e-01 -1.223245837858872448e-02
-5.449135820750947712e-01 1.761470776283095008e-01 -3.598694874195750015e-02
-5.628756495425809581e-01 1.834052645354583011e-01 -2.841400949392834663e-02
-5.635704402626331433e-01 1.785010950931089913e-01 -3.879016189477357823e-02
-5.811107339507095570e-01 1.901804393637123725e-01 -2.261509175454629039e-02
-5.625417809897781396e-01 1.905256032561934709e-01 -2.001570165639318666e-02
-5.823090893416267289e-01 1.815107977001327588e-01 -5.183769717022611995e-02
-6.006265972346925830e-01 1.852336383251609042e-01 -5.297589849421738967e-02
-5.864147761948271809e-01 2.343779227539937171e-01 -3.845025025860211026e-02
-5.865605132126980870e-01 2.322378914689511575e-01 -4.950024224189477490e-02
-6.054577534925466020e-01 2.321203047897420491e-01 -4.676304741831123490e-02
-6.053390143848978999e-01 2.332334854621785913e-01 -3.560941014518341496e-02
-5.638902408724358883e-01 1.785784225914588963e-01 -5.034369027740884933e-02
-5.671938172890728103e-01 2.328826316536453667e-01 -5.252201120121993000e-02
-5.672933353546421031e-01 2.357790083669647763e-01 -4.141838765216271367e-02
-5.858773449358556373e-01 2.261598619510964414e-01 -5.876400128195534422e-02
-5.664591488423655896e-01 2.255864693299197699e-01 -6.146639735948237343e-02
-6.232014933125824552e-01 2.318157659652211877e-01 -3.269109884126913945e-02
-6.226466213507844127e-01 2.281659998315265225e-01 -2.139385468026764464e-02
-5.669431812112304403e-01 2.347942192595811328e-01 -2.946844023829566991e-02
-5.823602273463174273e-01 1.872604578436027623e-01 -6.108135810307339930e-02
-5.826974967015394746e-01 1.964538482421417098e-01 -6.656036884334129433e-02
-5.637561133244370914e-01 1.932443516920313853e-01 -6.723653753634267760e-02
-5.637987369451411546e-01 1.840260330381890408e-01 -6.047251572077035064e-02
-5.456355450461278789e-01 2.136082178866059444e-01 -6.924345905777226640e-02
-5.643480678090093683e-01 2.040307088300442606e-01 -6.887535644394245093e-02
-5.653311183919956795e-01 2.153628233905122979e-01 -6.682469134491686447e-02
-6.202128886346929271e-01 2.117515483372849894e-01 -6.480750461162962384e-02
-5.465014272476650392e-01 2.252316457981289322e-01 -6.442866104508837566e-02
-6.972743080869059362e-01 1.881700092952547920e-01 -2.582239963162658372e-02
-6.882788623813265172e-01 1.854773905657284283e-01 -2.429516308544200920e-02
-6.931764268324092093e-01 1.835983306173802343e-01 -1.511271689127106910e-02
-7.017589294323155480e-01 1.869013925642521445e-01 -1.714890946627954313e-02
-6.741103691709865453e-01 1.759841177637701815e-01 -8.240980180337189806e-03
-6.663194523249649226e-01 1.798790085839899466e-01 -1.145479666996007066e-03
-6.759768602865612319e-01 1.803692994909692204e-01 6.573054368509334208e-03
-6.823696397747630593e-01 1.769600651886997500e-01 5.299861701779310773e-04
-7.051841050859307680e-01 1.883311524985320784e-01 -9.223925949951338951e-03
-6.970723424737330642e-01 1.840703085864963950e-01 -7.410489977616480095e-03
-7.041763690139503096e-01 1.924444718329713644e-01 -3.878392149206277579e-03
-7.124789312663671881e-01 1.985936284041107946e-01 -6.399052049451211047e-03
-7.126531737101805541e-01 1.922237259761608308e-01 -9.937510226182987363e-03
-7.201358232867199893e-01 2.016949437613184126e-01 -7.639051763405793442e-03
-7.072328929760678395e-01 2.087370465695279342e-01 -8.496270192481808481e-03
-7.187545936711593475e-01 2.101948583110957169e-01 -1.146307787264836536e-02
-7.022141537926545052e-01 2.192014801335345486e-01 -3.078515440018697938e-02
-6.997856575467036322e-01 2.198355704966319657e-01 -4.043416095830515422e-02
-7.134705621762855721e-01 2.181941834835963434e-01 -4.116318495393744142e-02
-7.155726014217681508e-01 2.170605491180135627e-01 -3.095041724424589524e-02
-7.052520326329512201e-01 2.138279548507513450e-01 -5.809014975089541594e-02
-7.103791072766110215e-01 2.163380903639639807e-01 -4.976635643140454868e-02
-6.966991722288006228e-01 2.185569729203400424e-01 -4.825318509666728234e-02
-6.928401730507035561e-01 2.164564478749091969e-01 -5.593668928723564276e-02
-6.914886682909325843e-01 1.906724960575685857e-01 -3.916268330262800967e-02
-6.820578403815208413e-01 1.890623609288061002e-01 -3.938614059034298981e-02
-6.841704684704149608e-01 1.881826197533848222e-01 -3.333093745497845567e-02
-6.932239416651824193e-01 1.901124152855251936e-01 -3.383899837017854267e-02
-7.015528757523235015e-01 1.947172769746851051e-01 5.565803381736247023e-03
-6.981108435473960538e-01 2.024063790041658317e-01 -6.934201537300155186e-04
-7.034686980823329217e-01 1.990471864830588578e-01 -2.255132713018277203e-03
-7.030153511860617321e-01 1.915112544016471796e-01 4.046402713725406192e-03
-6.589244871842665496e-01 1.824412574359496886e-01 -4.997246929324410808e-02
-6.477466789232960709e-01 1.844348393140927966e-01 -4.839098772285756883e-02
-6.480860405419113235e-01 1.847451284480411404e-01 -4.023501466030780099e-02
-6.583190282243611691e-01 1.830146846383883530e-01 -4.289308454882609367e-02
-6.518176773557503578e-01 1.819873654520940132e-01 -1.520779208240436928e-02
-6.470051508065370882e-01 1.851881637587339258e-01 -2.193323270749975018e-02
-6.420011186255638602e-01 1.943090988480848658e-01 -1.250897705818659542e-02
-6.485397828311790791e-01 1.927721951619500163e-01 -7.802186460916796934e-03
-6.581021636258426177e-01 1.802538502902878148e-01 -8.562778509576134817e-03
-6.549122685470988303e-01 1.912647524601881754e-01 -2.786933437618181394e-03
-6.637536995139162732e-01 1.898456022172322899e-01 2.826293420906466052e-03
-6.742557256117052145e-01 1.883653791899964625e-01 9.738762579869145522e-03
-6.468082277772871924e-01 1.874522489999917163e-01 -5.835932092782857711e-02
-6.546244332483772688e-01 1.852322451588618857e-01 -6.149798312021363678e-02
-7.675725979611230931e-01 1.952524466751057175e-01 -1.373953996947145997e-02
-7.681619018304072233e-01 1.934384595213375913e-01 -1.885655796194570313e-02
-7.627584832534266557e-01 1.936918224484287521e-01 -1.817129884426309586e-02
-7.622005062528248720e-01 1.954955669420426201e-01 -1.301563258301734194e-02
-6.544674439690051360e-01 2.030965953299082027e-01 -6.861318563643867274e-02
-6.563420439640542670e-01 2.120865675521272087e-01 -6.593705273707786696e-02
-6.496830185407210800e-01 2.114892785624177818e-01 -6.588281709762962290e-02
-6.480050705443453074e-01 2.020684685912920442e-01 -6.715450884469637005e-02
-6.627153978723723249e-01 2.034452986210976977e-01 -7.101633695024645032e-02
-6.649390379440687227e-01 2.125976587214515323e-01 -6.643427406553872872e-02
-7.698335068069609433e-01 2.072811581440797690e-01 -1.284445400802204477e-02
-7.687220821576130625e-01 2.031740585567440027e-01 -1.042870775361839399e-02
-7.632447328550436838e-01 2.041271055781947730e-01 -1.046130572629187273e-02
-7.641214514556403659e-01 2.082637604977169987e-01 -1.315268659600986670e-02
-7.102220185465881741e-01 1.887696588525506758e-01 -1.731368000568937054e-02
-7.061760840023778574e-01 1.894390385698917489e-01 -2.560584785848862496e-02
-7.278129701656509409e-01 1.900141042586369899e-01 -2.017097652400917304e-02
-7.167062470105980410e-01 1.896132365138046283e-01 -2.467992245627429956e-02
-7.184829716392403531e-01 1.900731883965381674e-01 -1.568291113421840452e-02
-7.265805852376417961e-01 1.915849217044383879e-01 -1.412030141461754346e-02
-7.097061727468525483e-01 1.908962143924061716e-01 -4.299731012447977757e-02
-6.998620024967727726e-01 1.912519663975376649e-01 -4.282779271395975584e-02
-7.034890571527554481e-01 1.912410687433832301e-01 -3.626191130794627349e-02
-7.136624946800912417e-01 1.907027280923272450e-01 -3.640375836728908937e-02
-6.971439115480700943e-01 1.879133479306624999e-01 -5.360956849284483072e-02
-7.064713740480148552e-01 1.883508142334226754e-01 -5.429178892813790042e-02
-7.051111138836001491e-01 1.862695852191408596e-01 -6.024156875550799872e-02
-6.968650625445457214e-01 1.859949143493005719e-01 -5.910540541317305802e-02
-7.256565312274673163e-01 1.906497688079504815e-01 -5.022886108081026785e-02
-7.344766207618933507e-01 1.930792190080548587e-01 -5.118206595770866812e-02
-7.328345033759094962e-01 1.930682342030960452e-01 -5.586738640223728319e-02
-7.244170312156568148e-01 1.900578919011662871e-01 -5.520228244424509739e-02
-6.435191885240718612e-01 2.116883957239210634e-01 -6.604157146556577374e-02
-6.413966471546358461e-01 2.022127483452611230e-01 -6.621761398026576595e-02
-6.968348585345920387e-01 2.063476609796829897e-01 -7.369520672557194896e-02
-6.924976148312905755e-01 1.993903642880363869e-01 -7.868350310145920401e-02
-7.010985631912646232e-01 1.973874031398449302e-01 -8.223285737736735213e-02
-7.053090126106502655e-01 2.048405634647079143e-01 -7.711275187715829760e-02
-6.589967556337229526e-01 2.194036985762370662e-01 -5.971513402504546875e-02
-6.519059333217767094e-01 2.200052215876825978e-01 -6.022092137152432190e-02
-7.708182750911143355e-01 2.094174380185352402e-01 -1.765539651473624697e-02
-7.650963630241767177e-01 2.105239594127218672e-01 -1.802057442541256729e-02
-6.653737728028500387e-01 2.002106603393230544e-01 8.526926827076893728e-04
-6.764623160848522998e-01 1.971052285504936996e-01 8.341646112226834900e-03
-6.562790274639177523e-01 2.025325849979927595e-01 -4.748760791458820664e-03
-6.497696986225236504e-01 2.042362786777442429e-01 -8.097686453685387642e-03
-6.428355824758890114e-01 2.059935239733571566e-01 -9.535544377520707368e-03
-7.216432227841214075e-01 1.900425056152593162e-01 -2.929684926852807111e-02
-7.006802606601992833e-01 1.905158693741195453e-01 -3.254078756281850865e-02
-6.899890071393025570e-01 1.901524427823313990e-01 -4.308768481569162645e-02
-6.856891378194123199e-01 1.829643309726769751e-01 -6.947222133196546967e-02
-6.783658100959339965e-01 1.831650391128808175e-01 -6.917845676837795776e-02
-6.817509695103060041e-01 1.828918381680849914e-01 -6.030695682037841288e-02
-6.881399447526830304e-01 1.836004345635669777e-01 -6.272781354831594158e-02
-6.906361273156264025e-01 1.907218432579739220e-01 -7.982536812500605483e-02
-6.922692950520943356e-01 1.851961435786662613e-01 -7.596484093465306897e-02
-7.003261152355414465e-01 1.848133997295605957e-01 -7.759516988112453995e-02
-6.992262168761064212e-01 1.893829130824279117e-01 -8.218375983609026159e-02
-6.997368597606957730e-01 1.973339655291528050e-01 9.137294916271897563e-03
-6.923402161549310208e-01 2.029356548415315320e-01 3.014856950478654769e-03
-6.535366957071058192e-01 1.932347894242736064e-01 -6.806645246827713880e-02
-6.467945373985702906e-01 1.936063012138038719e-01 -6.492840184656036018e-02
-6.401636244606051518e-01 1.948257408712681382e-01 -6.241393170710072408e-02
-6.700291090859653576e-01 1.855082255714164963e-01 -4.174249190315872798e-02
-6.579993342217599350e-01 1.829805259109776594e-01 -3.844800019378934175e-02
-6.588527722558565891e-01 1.815967880183948779e-01 -3.289820797152371440e-02
-6.711947391868970936e-01 1.853979649244149319e-01 -3.771338885896506621e-02
-6.782236415484014236e-01 1.801146460508186442e-01 -2.227146100101236662e-02
-6.667617620456991467e-01 1.767403878459274102e-01 -1.767948403740289207e-02
-6.843039673136847023e-01 1.786941531942478345e-01 -1.271146558545972576e-02
-6.474962082014136255e-01 1.846566073373908934e-01 -3.277752875532825155e-02
-6.395836076246699253e-01 1.871409292128113355e-01 -3.870349274731536837e-02
-6.392491810310967359e-01 1.877264794055399644e-01 -3.026864349883624447e-02
-6.397580393575339475e-01 1.875040379151642345e-01 -4.774059740599406743e-02
-6.397912292499179365e-01 1.899407805841290819e-01 -5.628515921405988914e-02
-6.303804758628851479e-01 1.878267365613293938e-01 -3.768728168989522731e-02
-6.298323510877527065e-01 1.891821164219086027e-01 -2.926608938965420681e-02
-6.309110922404109756e-01 1.883373054024239102e-01 -4.688775069919556837e-02
-6.313656844133849200e-01 1.911674168659007744e-01 -5.488951901696591945e-02
-6.345884287806721202e-01 2.231346407676297050e-01 -6.105595665487630747e-02
-6.334570710746375566e-01 2.128875556613054054e-01 -6.535787066645437626e-02
-6.444178186061578772e-01 2.213522730322401710e-01 -6.083257673857848935e-02
-6.319317062662801465e-01 1.987858674468535591e-01 -1.385827059630829507e-02
-6.395295938207997688e-01 1.900958150195740659e-01 -2.135146878377079671e-02
-6.303933442858864478e-01 1.925800977826894189e-01 -2.132900148451951153e-02
-6.337479453200313140e-01 2.083125199704816966e-01 -1.058888581780346831e-02
-6.880764252659167246e-01 1.780841199238202555e-01 6.395932686300338614e-03
-6.937232146456868698e-01 1.782077693613131064e-01 1.116768056926586983e-02
-6.983906573260174611e-01 1.799379627057012265e-01 6.458160763742722826e-03
-6.939267346050348451e-01 1.806029172407176142e-01 1.726467382391936450e-03
-7.278752612102573627e-01 2.034495676884776338e-01 -9.067399149001877101e-03
-7.271115296141510420e-01 1.965124458271038932e-01 -9.580688956952602628e-03
-7.196705642282252846e-01 1.946300609658480063e-01 -9.496483472253408262e-03
-6.669860323577875283e-01 1.819814900082598053e-01 -5.547440108244806878e-02
-6.629119118129598309e-01 1.841672214066799873e-01 -6.550497081996352333e-02
-7.303412226863527090e-01 1.905408981721828654e-01 -2.532327110531962938e-02
-7.571741314759026231e-01 2.088615077728131209e-01 -1.333384243119833251e-02
-7.564545867266088131e-01 2.044647322706346637e-01 -1.039803248118376967e-02
-7.442235765362327227e-01 2.043038613589218122e-01 -1.023054884614586074e-02
-7.454035435278868471e-01 2.095055172169009161e-01 -1.340952240640079507e-02
-7.392386875081661257e-01 1.947456572818809240e-01 -2.881754606147839126e-02
-7.369558202898289778e-01 1.922595598962667796e-01 -2.391870650328906112e-02
-7.447200197378248676e-01 1.927169630532281630e-01 -2.360736610368061039e-02
-7.469559777885901308e-01 1.963666994179407155e-01 -2.783499811497479326e-02
-7.291468765393744889e-01 1.908346701868762763e-01 -6.166408342075261478e-02
-7.222566194763553327e-01 1.884438744570093027e-01 -6.125472814830541096e-02
-7.286348209253884489e-01 2.120248169337677624e-01 -3.161358892759835726e-02
-7.276469023421796578e-01 2.142865037793291183e-01 -2.099726494429812046e-02
-7.167947282959137301e-01 2.159813235401920328e-01 -2.021325429059000686e-02
-7.077559460908232625e-01 1.898830921202851185e-01 -4.897976166140120824e-02
-7.168431203421037345e-01 1.898534991956976892e-01 -4.964181815866896413e-02
-7.156713731916126697e-01 1.888236264849925405e-01 -5.482990406769783914e-02
-7.248881768357594568e-01 1.906594870549117027e-01 -3.161122458852291817e-02
-7.313074910347893143e-01 1.915264045893458333e-01 -2.980352561824045968e-02
-7.287101441106267341e-01 1.915434585770447173e-01 -3.534000309991263550e-02
-7.211880834866475354e-01 1.906862453376405864e-01 -3.627719130570813966e-02
-6.822629836189469943e-01 2.018375944529280375e-01 -7.575541801426670385e-02
-6.802580324486395824e-01 1.903604183544955475e-01 -7.728799046317351429e-02
-7.678267633775450740e-01 1.989083934816657795e-01 -1.080726327362399423e-02
-7.624937176745468781e-01 1.995288045230960983e-01 -1.030988242376280027e-02
-6.324036927785611217e-01 2.026172905211538755e-01 -6.479845777979252597e-02
-6.319106440837413130e-01 1.956794299578893948e-01 -6.081518034093793407e-02
-6.979951256279560701e-01 1.899522644404612881e-01 -4.809301093350965700e-02
-7.040494238599194210e-01 2.165581623071783923e-01 -1.987846265334662632e-02
-6.885369842694709641e-01 1.888039504764441878e-01 -4.732236489212574698e-02
-7.204603900720168985e-01 2.044755970295773495e-01 -6.780709864591628888e-02
-7.196876891854295799e-01 1.983914040857608363e-01 -7.168990664368410370e-02
-7.268001971934853200e-01 1.980997076614179342e-01 -6.987376279705143078e-02
-7.274949490645309380e-01 2.042329481748102749e-01 -6.852678402609661823e-02
-7.580365000756008609e-01 1.982753393429905198e-01 -2.738768979312243210e-02
-7.567855618439914833e-01 1.942291464157896164e-01 -2.321851724113828050e-02
-7.638576295633769941e-01 1.950957785355367791e-01 -2.363928324570782960e-02
-7.648525594357018509e-01 1.991053232378848237e-01 -2.732636573842915292e-02
-7.347973459330525703e-01 1.918265137749384508e-01 -1.900985639859314666e-02
-7.336637918308227535e-01 1.933363960955594429e-01 -1.381280769437806186e-02
-7.425007790433313382e-01 1.942928369807321587e-01 -1.354035877600807611e-02
-7.431767682114610585e-01 1.921739277025814874e-01 -1.851139404420024462e-02
-7.343126615615526154e-01 1.981011374469783537e-01 -1.045771012914387815e-02
-7.431242883113756692e-01 1.988928609890819321e-01 -1.038011770270177818e-02
-7.590377766690185046e-01 2.044407097944520024e-01 -2.842964090628200338e-02
-7.588080502074519007e-01 2.097383914441945663e-01 -2.466063513616450695e-02
-7.472529718628960760e-01 2.097334163810291308e-01 -2.565863640130777723e-02
-7.484322167382219115e-01 2.032443968676034829e-01 -2.888868309563239617e-02
-6.807188606631983108e-01 2.187855946235614524e-01 -5.412781407538297396e-02
-6.779113002856829162e-01 2.159257438287064956e-01 -6.153478441068777061e-02
-6.896315903438668959e-01 2.130941877462140532e-01 -6.397307949233288493e-02
-7.010688716298053569e-01 2.101814808813627089e-01 -6.654574374977427487e-02
-7.114803870091891413e-01 2.059494842404388237e-01 -6.860269575904853756e-02
-7.164226805006276289e-01 2.116115639840571439e-01 -6.016543476402243934e-02
-6.863061753770385298e-01 2.092887964775439202e-01 -7.028719166645744365e-02
-7.378022501146539458e-01 2.032105938834080083e-01 -3.391960730118330491e-02
-7.377594280546232453e-01 2.083324310786005829e-01 -2.809002382093245959e-02
-7.367060321966505398e-01 2.086092588218025901e-01 -3.523078996863358847e-02
-6.871329111899323605e-01 1.863906186374576779e-01 -5.372345114610724282e-02
-7.556915326359432417e-01 1.995690396315568660e-01 -1.011046022599947775e-02
-6.550043501917824917e-01 2.213829981610480335e-01 -1.913073216668092352e-02
-6.559712798236856379e-01 2.261322779146340833e-01 -2.988386985745607877e-02
-6.653379334211519947e-01 2.244113293586844082e-01 -3.077306885127481517e-02
-6.630539308161083056e-01 2.193195850588565143e-01 -1.847405981704752440e-02
-7.556157381797830030e-01 1.932653332040956407e-01 -1.799755123668870041e-02
-7.554007182262070241e-01 1.950159945998118094e-01 -1.295168164591167098e-02
-7.213758600335520299e-01 1.884322701769906849e-01 -6.740381434564925167e-02
-7.274800034357618017e-01 1.909012456003504887e-01 -6.671488232663971840e-02
-7.273278505576186159e-01 1.926610486946579714e-01 -7.041739038041266996e-02
-7.220169809501389979e-01 1.911708232959582199e-01 -7.221456784609987800e-02
-6.752279642760544709e-01 2.119377385500663957e-01 -6.776506284351606346e-02
-7.077209278666433123e-01 1.957391705280900618e-01 -8.481132846655915769e-02
-7.107278252677161623e-01 2.037250505640273435e-01 -8.018531134250569958e-02
-6.673290552404458342e-01 2.183031840192681816e-01 -6.007731727016604739e-02
-6.698316327921173263e-01 2.214884136959511807e-01 -5.233322348741901997e-02
-6.612297771909285693e-01 2.236167416924923212e-01 -5.089877241254787271e-02
-7.243786333004782474e-01 2.120246218898348411e-01 -5.088762188484325516e-02
-6.837647561295503440e-01 2.205219800508911032e-01 -4.690328630771165019e-02
-6.722031901973642976e-01 2.227676773292399104e-01 -4.514955366084467264e-02
-6.627675781446900061e-01 2.250875315564373758e-01 -4.243726381792795044e-02
-6.550618783542336843e-01 2.269079449518035252e-01 -4.110008945309523432e-02
-6.539015725450405547e-01 2.253224288456487368e-01 -5.049961590286846519e-02
-7.581161995814700294e-01 2.112211043899055174e-01 -1.849900900499339487e-02
-7.657255599724527295e-01 2.092886951248644489e-01 -2.402237050361353404e-02
-6.455812222546954970e-01 2.271504083353696191e-01 -5.071887047545786675e-02
-6.356265356536759947e-01 2.292377976180769716e-01 -5.197094125267968934e-02
-6.363257826765807978e-01 2.308011887171418364e-01 -4.184000334645524705e-02
-6.466094555725884208e-01 2.289326398253372363e-01 -4.099650312552413634e-02
-6.746917743916670540e-01 2.232467701461125775e-01 -3.713194589504480170e-02
-6.763644012255977112e-01 2.222862537217744350e-01 -2.877435271890061569e-02
-6.865567915151113976e-01 2.213705268542215665e-01 -3.936153852088046523e-02
-6.891546824720158337e-01 2.206713127337365798e-01 -3.041089226932711803e-02
-7.257967530021125491e-01 2.155959148847964579e-01 -4.157033705468499846e-02
-7.795638157339956908e-01 2.040183672970930229e-01 -2.623433653510207075e-02
-7.716013364202094493e-01 2.043080876138840818e-01 -2.691968194133640552e-02
-7.708371098867531357e-01 1.992942771031912808e-01 -2.749366938758292939e-02
-7.789949416389853054e-01 1.997320006286560090e-01 -2.724064448728720847e-02
-7.655969997289284734e-01 2.045588884200087998e-01 -2.761057758266373396e-02
-7.715320925798293539e-01 2.084745158796794395e-01 -2.341924074567100153e-02
-6.908106339580456501e-01 2.173730444865638878e-01 -1.925547010342070625e-02
-7.362277740397850101e-01 1.943128872257028072e-01 -3.490084028011890965e-02
-6.757006410689415654e-01 2.164287002319824904e-01 -1.588629854718104362e-02
-6.949806663151476549e-01 2.117342048402459376e-01 -8.051486817062015328e-03
-6.846394233537260732e-01 2.102284136784307311e-01 -4.609202710740055095e-03
-6.593370582267462643e-01 2.123886122894073358e-01 -9.218029095959465180e-03
-6.681989183976486668e-01 2.095041019031685381e-01 -4.782422369754080367e-03
-6.450863216136927258e-01 2.158085659393173539e-01 -1.237692620410424209e-02
-6.521754809360560401e-01 2.139458191767982520e-01 -1.148961242348228544e-02
-6.355453719507834220e-01 2.179380406296677897e-01 -1.280691883125570016e-02
-6.791196576245051020e-01 2.050693165568068799e-01 2.855513618462538622e-03
-7.750644082210539354e-01 1.943317012918468478e-01 -1.471155802808737575e-02
-7.755810193382495221e-01 1.931120214339712149e-01 -2.009890906077053258e-02
-6.471698802032238573e-01 2.232464822754555434e-01 -1.958819384204882330e-02
-6.370895343209727057e-01 2.255458373008715767e-01 -1.994264648402494650e-02
-6.900819669072272289e-01 1.793870922724117578e-01 -4.437654842870733356e-03
-6.780896224090084967e-01 1.851836945559333647e-01 -5.114375310764449761e-02
-6.794652493557079564e-01 1.873393971214917519e-01 -4.638509935611391521e-02
-6.712351477529419075e-01 1.834923428195505690e-01 -6.812469710475577145e-02
-6.751729043013928733e-01 1.822454264505318777e-01 -5.814523837209982504e-02
-6.371146280436632559e-01 2.299928940079219997e-01 -3.058722403352829092e-02
-6.170206351089294605e-01 1.870474987169813696e-01 -3.615643257168960761e-02
-6.175129901242744079e-01 1.867225190520422351e-01 -4.527769127611412647e-02
-6.231256336419094266e-01 2.319286177534062299e-01 -4.406011382686002287e-02
-7.755035086692094737e-01 1.977486988265901580e-01 -1.141958894239344068e-02
-7.374916727080818024e-01 1.986073310776327039e-01 -5.292095182244565404e-02
-7.360957325038237631e-01 1.993024532186297437e-01 -5.484960704791727593e-02
-6.831206958681927954e-01 1.805912623550289808e-01 1.192564980074731391e-02
-6.906823881536504617e-01 1.807214300127109041e-01 1.590649266600357645e-02
-6.934197614332500148e-01 1.917684061946967888e-01 1.774599719722547153e-02
-6.910240054498508755e-01 1.857420153239907057e-01 1.821538431535230790e-02
-6.825032505967950636e-01 1.871182613784313775e-01 1.490133652285193649e-02
-6.849998118403539671e-01 1.944419983930631701e-01 1.393245599465879093e-02
-6.695822036516159148e-01 1.848773563757110661e-01 -4.492760088411160146e-02
-6.692163101382873069e-01 1.836778254476144623e-01 -4.932046552481605950e-02
-6.721105191692198222e-01 2.031644986925086604e-01 -7.330250885294606333e-02
-6.704549131371463355e-01 1.922196059640546850e-01 -7.486948018795329396e-02
-7.351604181475986932e-01 2.041365585823048390e-01 -1.022168468983993342e-02
-7.280237208841394692e-01 2.102404499376876734e-01 -1.313701827006348230e-02
-7.358748911221434374e-01 2.096391449051819567e-01 -1.394498445840486670e-02
-7.460779722197503627e-01 2.119828726787565398e-01 -1.925610559713933009e-02
-7.391380536415690372e-01 1.991298000229790865e-01 -3.331609167587232939e-02
-7.412195031724823080e-01 2.012980660127546007e-01 -2.995482859952831173e-02
-6.618058353473482702e-01 1.792304618412290662e-01 -2.601846688777491659e-02
-6.738474101840825625e-01 1.834122137832167321e-01 -3.116132701134492408e-02
-6.989242973024040184e-01 1.854149048596407390e-01 -1.427261641865180779e-03
-7.018546902058712122e-01 1.860756621841393454e-01 3.122283574495458586e-03
-7.181893654913542591e-01 1.904944807911932159e-01 -4.306462400649932465e-02
-7.353646945607781316e-01 2.107342920588725355e-01 -4.899189637521979279e-02
-7.353722199701865359e-01 2.137039339226833867e-01 -4.164686571408268700e-02
-7.263231044270108683e-01 1.911469093646909478e-01 -4.297779953234003025e-02
-7.778241678493310607e-01 2.058860898308720877e-01 -1.298372853575393421e-02
-7.766804395470037203e-01 2.017267151588201524e-01 -1.074978854750663002e-02
-7.365023167185180686e-01 2.126452391792587604e-01 -2.053614245965681637e-02
-7.138248837865072138e-01 1.870526359027619434e-01 -6.106227221927548049e-02
-7.307026194674592912e-01 2.074282792890056459e-01 -5.477041397782069637e-02
-7.369136396020063984e-01 2.051317113213350085e-01 -5.201496067012178343e-02
-7.052794423897842391e-01 1.892598187818113620e-01 -8.318371901548263225e-02
-6.476134225258242116e-01 2.278986941185625059e-01 -2.987882848418907042e-02
-7.694037794813298747e-01 1.948220747296001143e-01 -2.451743722591210109e-02
-7.769814042147484834e-01 1.948129789313598204e-01 -2.533943132167643802e-02
-7.791689647094423021e-01 2.071310564154023592e-01 -2.305331306569190220e-02
-7.784479483776274300e-01 2.081276505730181026e-01 -1.778788675186793872e-02
-6.616346795278594817e-01 1.930511232281665601e-01 -7.186150716390081461e-02
-6.806970088846565625e-01 1.885979517589188026e-01 -4.292294245788871171e-02
-6.179932456328843804e-01 1.891742050846603462e-01 -5.394270766997282668e-02
-6.880451582536500910e-01 2.008366203744511302e-01 9.372599068525902521e-03
-6.967893342347533103e-01 1.966089487830678939e-01 1.423200286250292379e-02
-7.339284257958800239e-01 1.926496222503341071e-01 -4.328774841769540693e-02
-7.151128569219992182e-01 2.025414282948765354e-01 -7.436282715809271193e-02
-7.241811300764525727e-01 2.102092095719229337e-01 -6.194957322287378276e-02
-7.301860455664208605e-01 2.096359116006610845e-01 -6.343314496291900528e-02
-7.341300941746444764e-01 2.083445786787215814e-01 -5.739857608219679080e-02
-7.370792132983802203e-01 2.038152085850080397e-01 -5.593934447131064525e-02
-7.853398358434756643e-01 2.065003836410189697e-01 -2.300252309291138386e-02
-7.848585495704065718e-01 2.074314988605386600e-01 -1.783742795874929815e-02
-7.845397368424960050e-01 2.053224167694014390e-01 -1.305542974851072943e-02
-7.829581858678311690e-01 2.011587516278351973e-01 -1.106930528940445677e-02
-7.811790120516071134e-01 1.973378839857198308e-01 -1.204283292429794705e-02
-7.856015429843542508e-01 2.036811506332610322e-01 -2.597813206471183411e-02
-7.846856823033484529e-01 1.996360333448936319e-01 -2.689766216876417551e-02
-7.823948519837579108e-01 1.949913023636868359e-01 -2.515378203374299404e-02
-7.907127207982581618e-01 2.030254013483088760e-01 -2.609254075878541385e-02
-7.916598668872729672e-01 2.057600641799926799e-01 -2.304968728102136863e-02
-7.966845691669677265e-01 2.027830182725587627e-01 -1.275441380052430573e-02
-7.915173444968083283e-01 2.047858248175504492e-01 -1.332210934669232801e-02
-7.945259645870071941e-01 2.051908567190908472e-01 -1.540254891247165928e-02
-7.979450101629912417e-01 2.045504953619233790e-01 -1.508239586394788043e-02
-8.021325443783837716e-01 2.039516616716783026e-01 -1.543871518981856754e-02
-8.011651639866449459e-01 2.015479215147748804e-01 -1.359864971598245126e-02
-7.938144825979008834e-01 2.061327030789817383e-01 -1.815692691211630641e-02
-7.979854626435208820e-01 2.058768698240330819e-01 -1.859066668623815533e-02
-7.976182994997099707e-01 2.050995930107135934e-01 -2.228265136830586551e-02
-8.019811814411041961e-01 2.048456540880176924e-01 -2.273384934771470814e-02
-8.024975243987569895e-01 2.055902131368826380e-01 -1.908741388326028882e-02
-7.942511875940208022e-01 2.056850554217724836e-01 -2.125831145708823727e-02
-7.903353026616962707e-01 2.067251994221628308e-01 -1.791138920742738408e-02
-8.049881324559997609e-01 2.012595711583547720e-01 -1.564612260878982600e-02
-8.050052645179065491e-01 2.035804911282098340e-01 -1.622732558204917006e-02
-8.061392453955436022e-01 2.046446869708609118e-01 -1.936779925233971314e-02
-8.069605689473396959e-01 2.019435031104382938e-01 -1.973583694282580667e-02
-7.886051725537573942e-01 2.007418035553024394e-01 -1.140721431387029319e-02
-7.948804204172176258e-01 1.997193859792049386e-01 -1.225666227336473166e-02
-8.000929112349387529e-01 1.987087940876463288e-01 -1.385727771708364711e-02
-8.040642267147847244e-01 1.984160315864273438e-01 -1.629286939986670721e-02
-7.940012810265139054e-01 1.965676392211023193e-01 -1.372303092673477116e-02
-7.993483297287652389e-01 1.963175546233731916e-01 -1.567840792091481153e-02
-8.026375408821319057e-01 1.963768521771526998e-01 -1.789551706361078298e-02
-7.938443990815208240e-01 1.941546689000347992e-01 -1.690454554683659683e-02
-7.991776573085046520e-01 1.948305180012433191e-01 -1.825903212431486539e-02
-7.857774530014908221e-01 1.941921207299129593e-01 -1.571164366275274935e-02
-7.865994547324399733e-01 1.971068866947602305e-01 -1.245076969804165615e-02
-8.016468208597606893e-01 1.955243244935521152e-01 -1.921663780552581441e-02
-8.059519282637049864e-01 1.991643824491579617e-01 -2.040889561665001559e-02
-7.966461706537424359e-01 2.040051164326560917e-01 -2.480373723073007672e-02
-8.013866258355509808e-01 2.031803672453849907e-01 -2.506505510442325405e-02
-7.960733250825173801e-01 2.019264077470971641e-01 -2.645801960918051782e-02
-8.009363322427746068e-01 2.009765742640126085e-01 -2.627034442428160047e-02
-8.054605794339760871e-01 2.026598393542178855e-01 -2.395065983340235322e-02
-8.051912732391111049e-01 2.046001776751302237e-01 -2.266171289685623563e-02
-7.802961277939023388e-01 1.941806953994383023e-01 -1.539251093896713482e-02
-7.808159908926501913e-01 1.933674795502598742e-01 -2.066812996274449907e-02
-7.862091608361855277e-01 1.932590387528523579e-01 -2.081377090410245490e-02
-7.940153928223333546e-01 1.932276697138952948e-01 -2.160166237792640956e-02
-7.874121742303847871e-01 1.951618767590831138e-01 -2.513143016383114978e-02
-7.896837661284582532e-01 1.992990590894494762e-01 -2.688998157384714024e-02
-7.953449138932666695e-01 1.990100393708119364e-01 -2.682506312424053074e-02
-7.943528767177510108e-01 1.954375262785225664e-01 -2.558953574245276252e-02
-8.001154711767953787e-01 1.983860094707866895e-01 -2.626289841847235032e-02
-7.994744630321469758e-01 1.959871105273459646e-01 -2.490238309741236999e-02
-7.993069565048108727e-01 1.946409099893726402e-01 -2.172669320056657208e-02
-8.032169390672675435e-01 1.978111009038233392e-01 -2.448374926299799748e-02
-8.046579155645575687e-01 2.001007455756924625e-01 -2.453797561411306255e-02
-8.040101783806229419e-01 1.971150514710355572e-01 -2.113597812139330831e-02
-8.019035903912060670e-01 1.964521454422351598e-01 -2.385582649291095522e-02
-8.019998665362506607e-01 1.958647135351382906e-01 -2.152733425847300555e-02
-7.735839346103500214e-01 1.970557238960172208e-01 -4.412691652684287702e-02
-7.731702288845498927e-01 1.957750145374703155e-01 -4.909184628086886437e-02
-7.661422870085615733e-01 1.964388380989869065e-01 -4.747252777400427781e-02
-7.667065517481066461e-01 1.975644130566960310e-01 -4.265209063565269382e-02
-7.740253400452378196e-01 2.086467560983936986e-01 -4.119847767904038366e-02
-7.741443224023019098e-01 2.035087777503177819e-01 -3.939410209966985599e-02
-7.677362253498893896e-01 2.046045632601134479e-01 -3.817551252877027235e-02
-7.675838575023922195e-01 2.096205950721631850e-01 -4.024511429836691301e-02
-7.732638952749659733e-01 2.109639761430723570e-01 -4.659989898992702301e-02
-7.668609442904247286e-01 2.120302675727055997e-01 -4.588299973472417109e-02
-7.599495919436778379e-01 2.101210262662416006e-01 -3.886359095484062665e-02
-7.601472812287870529e-01 2.049427202608458676e-01 -3.688048097699577615e-02
-7.467356100589566115e-01 2.037022204837270478e-01 -3.559021637542946620e-02
-7.466227080665149840e-01 2.093056135329620093e-01 -3.674559398526087289e-02
-7.437566317497928958e-01 1.948918377321041673e-01 -4.993958078751520313e-02
-7.450301251176680850e-01 1.988901689671660478e-01 -5.288263018240377256e-02
-7.740525415888580563e-01 1.995370225076348869e-01 -4.073694044496507100e-02
-7.673797749059632078e-01 2.003469823083426360e-01 -3.942100336310797731e-02
-7.583071895095172543e-01 2.002123048120574567e-01 -5.395666721198810051e-02
-7.579785376057441848e-01 1.966193036037138797e-01 -5.086710312568537562e-02
-7.661058649006239341e-01 1.973159547367766831e-01 -5.203563117994106091e-02
-7.663985369102982448e-01 2.004857156995296097e-01 -5.521421923810895110e-02
-7.445909891785229551e-01 1.957062142058852983e-01 -3.859461834192269569e-02
-7.435982509689400555e-01 1.942240039401970375e-01 -4.428889928024596495e-02
-7.460260870038617487e-01 1.992817785192375901e-01 -3.617774308215015999e-02
-7.587359258058363753e-01 2.053892877632173819e-01 -5.487836661853207065e-02
-7.590260843907119526e-01 2.103853280091114164e-01 -5.174175767019149191e-02
-7.457957451908902025e-01 2.108586887175907532e-01 -4.974817607045588230e-02
-7.459495895821494083e-01 2.051817221609879005e-01 -5.315140415641612937e-02
-7.595693104184693123e-01 2.003780154553726489e-01 -3.800757379599699337e-02
-7.578698842350838349e-01 1.957659823598932314e-01 -4.601441519459117946e-02
-7.586640991632189746e-01 1.970530770175841218e-01 -4.110864875402388263e-02
-7.592071770004238385e-01 2.126130512809142614e-01 -4.478685431419392182e-02
-7.666345480146761204e-01 2.096001040515663438e-01 -5.273640292803180585e-02
-7.823704098889473491e-01 2.048298961574479826e-01 -5.685881026222176088e-02
-7.733862173296679465e-01 2.048475858299426688e-01 -5.627873698885918485e-02
-7.732439760122175043e-01 2.003149531689882579e-01 -5.661532656946688391e-02
-7.826207442513564150e-01 2.005544920159896272e-01 -5.766533924393432015e-02
-7.666497528785466420e-01 2.049951696034370552e-01 -5.559393066573785347e-02
-7.731680678352934599e-01 2.090800453126568093e-01 -5.309990182190362645e-02
-7.835314051828430326e-01 1.963520024522555918e-01 -4.619914986069876411e-02
-7.832547162979620614e-01 1.954705108689366866e-01 -5.125129765287513017e-02
-7.837710590988890003e-01 1.986566939941992738e-01 -4.275242450229460589e-02
-7.459761428495353952e-01 2.134132470472457355e-01 -4.274186402685973413e-02
-7.831996401609599978e-01 2.073127297853943896e-01 -4.273895742051409680e-02
-7.836115784810971929e-01 2.023091021051193206e-01 -4.140281583121931813e-02
-7.730950406619441218e-01 1.967225851729395847e-01 -5.378620832806704777e-02
-7.826943956481300368e-01 1.965725272517634126e-01 -5.567508088597566268e-02
-7.821159226423475275e-01 2.085280827062701570e-01 -5.373106067740886921e-02
-7.821357725130553273e-01 2.099810836282108850e-01 -4.769851516362736549e-02
-7.894496303765052847e-01 2.077439522439966380e-01 -5.456558603992175960e-02
-7.897532033431285958e-01 2.090561354227652990e-01 -4.904695730761098743e-02
-7.907919353950360053e-01 2.067956257790949659e-01 -4.418187971226436583e-02
-7.904145199071684891e-01 2.020016185251391760e-01 -4.293525701616663498e-02
-7.898669159795866923e-01 1.986574956731285979e-01 -4.427615822056081563e-02
-7.894289942672184646e-01 2.046505522409743927e-01 -5.743722439145684810e-02
-7.890982635697477710e-01 2.009325412273812728e-01 -5.821515480490813133e-02
-7.885087687637271081e-01 1.970368354864344695e-01 -5.646840735847362402e-02
-7.960950014273960873e-01 2.044424817137588946e-01 -5.846248593192628074e-02
-7.971623468753117336e-01 2.073518806176771756e-01 -5.598408088484967127e-02
-8.091073188643846947e-01 2.044537885014399703e-01 -4.829060902940112560e-02
-8.039296518457480500e-01 2.051263005743383661e-01 -4.657838200006867574e-02
-8.046682871361184874e-01 2.069589271322005708e-01 -4.911111636578494727e-02
-8.094711565866514746e-01 2.070989727623442356e-01 -4.983517361809741003e-02
-7.983959283011530239e-01 2.067056187231599007e-01 -4.608262457548236574e-02
-8.012051859682118859e-01 2.075290177979471073e-01 -4.889114482950968066e-02
-8.004872268240063038e-01 2.082463153578030801e-01 -5.170732984355183581e-02
-8.045892133236877131e-01 2.085546698514103847e-01 -5.271793229150649462e-02
-8.038110002145393285e-01 2.074899335894056784e-01 -5.625091812036305677e-02
-8.085356654396373965e-01 2.076723203991636124e-01 -5.741973799396569988e-02
-8.095911227059164883e-01 2.090529428433714754e-01 -5.366945792066216137e-02
-8.003353578732921303e-01 2.077194382856797639e-01 -5.486730736989545165e-02
-8.131015530025744731e-01 2.071789100242264203e-01 -5.103616502937324828e-02
-8.133029049916195019e-01 2.047592434489786672e-01 -5.118237297516412682e-02
-7.964413884281019707e-01 2.086572462075012013e-01 -5.063115963957293131e-02
-7.963577261207291924e-01 2.022251130297310351e-01 -4.420168815404885293e-02
-8.028584365465921691e-01 2.018245198622476977e-01 -4.582950429018939342e-02
-8.084782719213723379e-01 2.014930897022141898e-01 -4.854242274266293289e-02
-8.124792724878304728e-01 2.018372254386794351e-01 -5.203173570683681387e-02
-8.021272914162047574e-01 1.985327250932028553e-01 -4.736963073352416786e-02
-8.078735223893015460e-01 1.988689934125840997e-01 -5.001457395529710498e-02
-8.112186522452010662e-01 1.997924773561393086e-01 -5.307227945755007420e-02
-8.015385780003780880e-01 1.961606063606748107e-01 -5.064205741752509510e-02
-8.073475019033256039e-01 1.972870761643215065e-01 -5.265839130618955866e-02
-7.939109725216552116e-01 1.963547358453914260e-01 -4.869220089660891704e-02
-7.949079019757533393e-01 1.987035254541920648e-01 -4.546074226088418074e-02
-8.099465314700492469e-01 1.986601077099257873e-01 -5.406805441372354581e-02
-8.152061233625776948e-01 2.060954370247315426e-01 -5.532985494333982762e-02
-8.141018387400669187e-01 2.030998292577606001e-01 -5.596135907227263451e-02
-8.144936529704093209e-01 2.091355423689981174e-01 -5.437823407420904614e-02
-8.029945797263403628e-01 2.058317737637810063e-01 -5.794900682704046124e-02
-8.080742523216539741e-01 2.057039203052306031e-01 -5.901347159535130782e-02
-8.023554276658318996e-01 2.042415711429528546e-01 -5.971653909576751101e-02
-8.078643379835731553e-01 2.041551283650314130e-01 -6.047505232506140971e-02
-8.126782588964595044e-01 2.063139791440536386e-01 -5.884498668294502882e-02
-8.123948593628110837e-01 2.081730042001937731e-01 -5.778055403197629447e-02
-7.892077084506097240e-01 1.964753322375197564e-01 -4.755249717328327574e-02
-7.886622663127689226e-01 1.957135137405583425e-01 -5.221040507757275517e-02
-7.934266087921376664e-01 1.954034470301723725e-01 -5.334325176313661071e-02
-8.010205832720342922e-01 1.954294288759705900e-01 -5.531148375328245881e-02
-7.932557201014300841e-01 1.970597573368853828e-01 -5.742723415413886895e-02
-7.948682521020299374e-01 2.010365074544283315e-01 -5.913344380938104217e-02
-8.015360621604796787e-01 2.012610974643715134e-01 -6.011940988844401146e-02
-8.008250657004134521e-01 1.976560147938163647e-01 -5.897973529456020797e-02
-8.071609059432952593e-01 2.015908791952871204e-01 -6.040518997758233255e-02
-8.065284177072782335e-01 1.986961148247551046e-01 -5.931729240359053662e-02
-8.067788234281616511e-01 1.970473234735087842e-01 -5.629043294147240833e-02
-8.109131526008536150e-01 2.014863744717143301e-01 -5.937042932168148240e-02
-8.122535212099643021e-01 2.039576272470669527e-01 -5.959659781983498578e-02
-8.122377691573297032e-01 2.006520682776142261e-01 -5.635391069999737268e-02
-8.095467679199342959e-01 1.995572209305078448e-01 -5.873688787072182255e-02
-8.100752853152044519e-01 1.988991313318135834e-01 -5.648242687577705035e-02
-7.618126518613075326e-01 1.959253638613278892e-01 -6.667082752033386128e-02
-7.602160481168418471e-01 1.931467058003280834e-01 -7.075147043122377577e-02
-7.546932731050368659e-01 1.938395509384402138e-01 -6.900512751822616975e-02
-7.564788267595913274e-01 1.963217109218155787e-01 -6.491642628040432406e-02
-7.622441917539323208e-01 2.066355314576909519e-01 -6.708473718121794882e-02
-7.629681224585371790e-01 2.038266995556503036e-01 -6.524697209963192801e-02
-7.574133210711846420e-01 2.042876483690430622e-01 -6.296318172405097890e-02
-7.561066103328647481e-01 2.077020334109029864e-01 -6.468994740471221971e-02
-7.608699994855113724e-01 2.076828915446109203e-01 -7.146357155480752288e-02
-7.541815874531644370e-01 2.086236868366397323e-01 -6.953113773748602344e-02
-7.499605911024920246e-01 2.082553406126993467e-01 -6.250737416115255407e-02
-7.516678013208691889e-01 2.041343230542708997e-01 -6.068963433449384853e-02
-7.422887082149072224e-01 2.034167765589547650e-01 -5.801551446501476694e-02
-7.406431231720753683e-01 2.083068689191237832e-01 -5.969094241987470129e-02
-7.629333952855719136e-01 2.000025054179911943e-01 -6.510262000128788640e-02
-7.574931209060847825e-01 2.002613256839941291e-01 -6.305854550751927023e-02
-7.460170185910334206e-01 1.947661568429523149e-01 -7.404665651066399956e-02
-7.467278325846949949e-01 1.928040289497934268e-01 -7.118388751808167603e-02
-7.533163130338174085e-01 1.935407243103439145e-01 -7.315291554737442248e-02
-7.526526353279932025e-01 1.954841961200924627e-01 -7.578142046707946056e-02
-7.392609248475962014e-01 1.946464930823804396e-01 -5.972921662763018558e-02
-7.367464572617048457e-01 1.922447246942407539e-01 -6.371523590231797929e-02
-7.414868428334084882e-01 1.986011461311893433e-01 -5.812706291590932078e-02
-7.460010943741484102e-01 1.997658453925467148e-01 -7.523938014552052078e-02
-7.461567479979963613e-01 2.057860300748854954e-01 -7.333041537357710971e-02
-7.358256137478493830e-01 2.050733558162272652e-01 -7.064284481711642638e-02
-7.351705381344382229e-01 1.987417948058119166e-01 -7.182715532001045233e-02
-7.518356453167640563e-01 1.997054240823276094e-01 -6.093954002340910142e-02
-7.483358292930100131e-01 1.928649208529513714e-01 -6.688326945714596905e-02
-7.504343785794760358e-01 1.955829606953415345e-01 -6.278463870250462764e-02
-7.474903871929823307e-01 2.090591966246115596e-01 -6.774065293180513148e-02
-7.527116430446746387e-01 2.054933492168166675e-01 -7.484338803512559368e-02
-7.683784293487934125e-01 2.003175179273314344e-01 -8.069057846659988265e-02
-7.585829850351915038e-01 2.000527060816596203e-01 -7.846016351908542685e-02
-7.584762400212438083e-01 1.952717665413601367e-01 -7.801930554577782284e-02
-7.681807577904776752e-01 1.960559072876654207e-01 -8.073212587821004815e-02
-7.524174482655757723e-01 1.999584856289723656e-01 -7.694163105890926280e-02
-7.594576673578016246e-01 2.050582392438196344e-01 -7.630998169736041836e-02
-7.703270717693209146e-01 1.951461513928135216e-01 -6.969328435947438893e-02
-7.690063948852413622e-01 1.928621458209648920e-01 -7.378400727811777748e-02
-7.713681750716997465e-01 1.989687869940173770e-01 -6.820056340785284055e-02
-7.379034281023678643e-01 2.094623915465721464e-01 -6.525799604574468449e-02
-7.347443520172043385e-01 1.934223008018331469e-01 -7.107407721325546823e-02
-7.714432474483476909e-01 2.053066385388906678e-01 -6.986283224013717374e-02
-7.717584984646791435e-01 2.025398882973423742e-01 -6.820057902573266329e-02
-7.588348489998809621e-01 1.928113564547757619e-01 -7.521446551569414829e-02
-7.679898977024653961e-01 1.930126600200822162e-01 -7.826032660226620030e-02
-7.690076403523030679e-01 2.045720023820520872e-01 -7.856470375132569572e-02
-7.700972779313952632e-01 2.067921254378841112e-01 -7.386315598275221272e-02
-7.753700740912859990e-01 2.043646073957634535e-01 -8.040293054699468311e-02
-7.765722548556661664e-01 2.061680499735726591e-01 -7.570650868031224279e-02
-7.780527993045218693e-01 2.049026885719344160e-01 -7.169922091314931412e-02
-7.779239360317548035e-01 2.017408539956657976e-01 -7.013492018428776897e-02
-7.769425479009277602e-01 1.983092125684302875e-01 -7.026232322338467340e-02
-7.748809467557591368e-01 2.003746743396832841e-01 -8.240240645799157271e-02
-7.744196696934164681e-01 1.967073865631709662e-01 -8.211489628764399862e-02
-7.734688929003173952e-01 1.935355386059775806e-01 -7.964848396382458173e-02
-7.795372448623830719e-01 2.002231117301624119e-01 -8.392918102977041384e-02
-7.811124678686200973e-01 2.038274755681601380e-01 -8.186972886976480457e-02
-7.943196665967766634e-01 2.028215223189178407e-01 -7.593574252328912089e-02
-7.898265851029058204e-01 2.031144120726755820e-01 -7.435610702016594298e-02
-7.897414268421498740e-01 2.040254710168258045e-01 -7.641484935410357282e-02
-7.940515592944711321e-01 2.043223163254746233e-01 -7.753710059363848328e-02
-7.842010402553633019e-01 2.045198722100294575e-01 -7.364082156867768347e-02
-7.863890457908756515e-01 2.047186440464968671e-01 -7.584685853452184656e-02
-7.849964315413010540e-01 2.053439097907716060e-01 -7.837083368410036055e-02
-7.889511681350577232e-01 2.054785265850161413e-01 -7.964963734448674004e-02
-7.870905400452637979e-01 2.037050160642901453e-01 -8.276035311839138875e-02
-7.912731820238209091e-01 2.037430243273427033e-01 -8.407229202156714376e-02
-7.932471569285246549e-01 2.054956129343623039e-01 -8.090506488409632269e-02
-7.841812186561324394e-01 2.045363606736003148e-01 -8.126094610626548309e-02
-7.969007391699231002e-01 2.045199735353437909e-01 -7.879720391147634895e-02
-7.976194619195419167e-01 2.028732967060519199e-01 -7.824876640138569983e-02
-7.816359556578753587e-01 2.056631732815860092e-01 -7.729034345440290166e-02
-7.831551760133520501e-01 2.012606184996226233e-01 -7.149803033578043532e-02
-7.889038418875343739e-01 2.004766399144662370e-01 -7.307495593154390845e-02
-7.938778923601730320e-01 2.001362285648978778e-01 -7.528806657301730099e-02
-7.967627137773104495e-01 2.000172406862543717e-01 -7.809830474791422394e-02
-7.875367697579154225e-01 1.973447811616286796e-01 -7.355833136124639848e-02
-7.925218075717368471e-01 1.972445166345657697e-01 -7.582260239045734984e-02
-7.950409640749328544e-01 1.973626077636792542e-01 -7.835985974776794871e-02
-7.859733192441185068e-01 1.946762658283426872e-01 -7.533518974534443580e-02
-7.911256911392636759e-01 1.951553310115732021e-01 -7.744139983817718842e-02
-7.798318702748585629e-01 1.950299593648059104e-01 -7.344863108584637201e-02
-7.816292090269222337e-01 1.978518552592265500e-01 -7.172045013493640042e-02
-7.934233133795774995e-01 1.959794071982106922e-01 -7.889926804871291721e-02
-7.977950020956069421e-01 2.029302914214654308e-01 -8.224180869553728013e-02
-7.969063781275557146e-01 1.998351190425766977e-01 -8.228803474790809258e-02
-7.968155966387063804e-01 2.052716220140003434e-01 -8.190837542508140612e-02
-7.857248132642845606e-01 2.021592510630720319e-01 -8.434890584421264603e-02
-7.903126108320926990e-01 2.018448048292966479e-01 -8.543014253385582124e-02
-7.846862660920815857e-01 1.995663183291077059e-01 -8.511611204171971867e-02
-7.897607093057908978e-01 1.995138349825348323e-01 -8.594280964412094603e-02
-7.944597318081031423e-01 2.023289328599839065e-01 -8.522323076753872406e-02
-7.944799569609419798e-01 2.040321621028834964e-01 -8.440204607247141222e-02
-7.754839831857933685e-01 1.952004921573161911e-01 -7.189100763980312003e-02
-7.739576734003148495e-01 1.933053509182379170e-01 -7.540517282074359062e-02
-7.783165286903613866e-01 1.933644071781011609e-01 -7.669420222210757143e-02
-7.847737717635406840e-01 1.931682900695747274e-01 -7.875300394207929155e-02
-7.776925576921173144e-01 1.936642831996336911e-01 -8.070715003194535442e-02
-7.787327735228787295e-01 1.966987713103359181e-01 -8.317976301261950645e-02
-7.840646022239434743e-01 1.966717424823282434e-01 -8.457666450735659702e-02
-7.838097627761735353e-01 1.938927616941545085e-01 -8.250219710246818605e-02
-7.892073532695347282e-01 1.969924999568025692e-01 -8.535186974338504484e-02
-7.891183980800120512e-01 1.947092609388944295e-01 -8.364685948169402196e-02
-7.900498385161479620e-01 1.940877507770616683e-01 -8.039295546853057750e-02
-7.929135804590978776e-01 1.973589006153890768e-01 -8.468195065899941643e-02
-7.938210009994340899e-01 1.997782235088983172e-01 -8.536900295801895522e-02
-7.950740085734817608e-01 1.973484358690646701e-01 -8.183362176916940400e-02
-7.919033009434705006e-01 1.956907905938368442e-01 -8.359886140832985257e-02
-7.930508851385845714e-01 1.956384754068524745e-01 -8.121613087541218468e-02
-7.350621857953959504e-01 1.921066477783576198e-01 -6.792431684338548492e-02
-7.372221301247759984e-01 1.910475107894455682e-01 -8.990101414396496626e-02
-7.351680834659529706e-01 1.888464016352690567e-01 -9.222936652912068489e-02
-7.314461810631223138e-01 1.893184810183751732e-01 -8.950345997812081400e-02
-7.333382298659628651e-01 1.914012358440354555e-01 -8.728730928545853918e-02
-7.378884442495583507e-01 2.007494452557584685e-01 -9.221836946744763064e-02
-7.391566351188776363e-01 1.981263772370839560e-01 -8.962494611630587860e-02
-7.350901810223353650e-01 1.986491663323593504e-01 -8.650555522753340665e-02
-7.337092152564755887e-01 2.016810428286885670e-01 -8.907592287936451358e-02
-7.351571685966055147e-01 2.004143235648649379e-01 -9.637751296079064001e-02
-7.307900784736738320e-01 2.014293392634793900e-01 -9.346065170961473378e-02
-7.289443411232124914e-01 2.019135165599191539e-01 -8.530404401509900092e-02
-7.305954372715349754e-01 1.985114035610967276e-01 -8.268939951371168107e-02
-7.230702913367684781e-01 1.980280000099385040e-01 -7.724479054743223216e-02
-7.208476891868176306e-01 2.021762928159452632e-01 -7.912552303557703060e-02
-7.100475252726418107e-01 1.889040194677187035e-01 -8.429815311322515214e-02
-7.113860039966537485e-01 1.868036965159637630e-01 -8.082164176659260846e-02
-7.174422209298707553e-01 1.871500935528085940e-01 -8.433588032795839851e-02
-7.153410702797818876e-01 1.884811134647282338e-01 -8.754150875081585792e-02
-7.387176410882009270e-01 1.944708079643371057e-01 -8.906355268136340042e-02
-7.348086819356743904e-01 1.947410742470906120e-01 -8.607989752148571816e-02
-7.233617581689365528e-01 1.889066037569064882e-01 -9.243037512175182602e-02
-7.254217041976707137e-01 1.878507686322626602e-01 -8.933440396436326258e-02
-7.295324161689451525e-01 1.884975519566440272e-01 -9.240225202246213354e-02
-7.278376363948869665e-01 1.893567880606850662e-01 -9.537263546301792683e-02
-7.140962150121662466e-01 1.865264221033963166e-01 -7.718099218646294613e-02
-7.175500741763352064e-01 1.879003143975172818e-01 -7.401452326225950451e-02
-7.217347385671670779e-01 1.898582520284134711e-01 -7.833926883005300212e-02
-7.197617086069275638e-01 1.877435630005504230e-01 -8.111975069167252916e-02
-7.230149638624563391e-01 1.931932855979979768e-01 -7.742526872295374396e-02
-7.223829519826037160e-01 1.923921546961928630e-01 -9.418882195496289245e-02
-7.233523270657912230e-01 1.975555048225400845e-01 -9.340552388354515789e-02
-7.143533468188723035e-01 1.975405951841159580e-01 -8.848467923930680712e-02
-7.142974217581007368e-01 1.921275252024230440e-01 -8.908693108606538513e-02
-7.304617798256030081e-01 1.943955041681253160e-01 -8.274768134326639102e-02
-7.274427888075625237e-01 1.887100167369758219e-01 -8.628521606902071761e-02
-7.293299337539960181e-01 1.910362020949320783e-01 -8.382607558936686076e-02
-7.257774788197454141e-01 2.020038597000883007e-01 -8.980071294675179283e-02
-7.283855226608263456e-01 1.973821345340064370e-01 -9.662528725244980132e-02
-7.368695666867154381e-01 1.915566772796131190e-01 -1.038502141351917707e-01
-7.311041232831637648e-01 1.922150629950839240e-01 -1.002069372255934704e-01
-7.313790182662888162e-01 1.888949848612486715e-01 -9.856571480694466258e-02
-7.368248781366659728e-01 1.885826682406109844e-01 -1.023918080217534748e-01
-7.272198455277132378e-01 1.926205219126040646e-01 -9.719625835541186032e-02
-7.325384177302856070e-01 1.966712015910853095e-01 -9.951305891780987123e-02
-7.427635933302273452e-01 1.904860135023602463e-01 -9.330638142656108580e-02
-7.403929921942863368e-01 1.882515242879123363e-01 -9.567423966369449639e-02
-7.440854419565146038e-01 1.937328482830045773e-01 -9.271587324515481732e-02
-7.172396753598142549e-01 2.033303329918058344e-01 -8.402183747026775729e-02
-7.436763952766651808e-01 1.995345366223169603e-01 -9.582347018371098479e-02
-7.446795863303445895e-01 1.969949337662664501e-01 -9.340125406138248543e-02
-7.331191408374109209e-01 1.880067601286944390e-01 -9.530454982088738813e-02
-7.382668917021174559e-01 1.875834457032481695e-01 -9.914183139999635519e-02
-7.383323712587067655e-01 1.957442573583985657e-01 -1.031074233955336789e-01
-7.408947789948381324e-01 1.992492600215262921e-01 -9.975750384538077664e-02
-7.430615483460885073e-01 1.953751809596714073e-01 -1.060210013149861796e-01
-7.455062802065867134e-01 1.988369344208014977e-01 -1.026531021525008830e-01
-7.481166423974030533e-01 1.988277102736502322e-01 -9.846414274498377361e-02
-7.487561344370426974e-01 1.964244375441110413e-01 -9.585177881390505306e-02
-7.477756742233706566e-01 1.932960194718001956e-01 -9.509160918127343431e-02
-7.415202151476996129e-01 1.912158235525205641e-01 -1.065158070715050143e-01
-7.413055049720318479e-01 1.886524462981975236e-01 -1.047163779395626770e-01
-7.421407654636689166e-01 1.878632151260285765e-01 -1.014504825592205117e-01
-7.458594283642828726e-01 1.913158729762975130e-01 -1.082098625610192627e-01
-7.479727340964176241e-01 1.953785308758009542e-01 -1.080278814930881182e-01
-7.605208496223718750e-01 1.957396850295557156e-01 -1.035874735055365009e-01
-7.570417897101588967e-01 1.964833236215793866e-01 -1.017787702543680034e-01
-7.565812396450416477e-01 1.971109029226689457e-01 -1.038019265055300094e-01
-7.597998598717102814e-01 1.969678123317204210e-01 -1.050461535580886896e-01
-7.523806164923579898e-01 1.979077542160509184e-01 -1.008977817299678420e-01
-7.535954955248675979e-01 1.979025316462413031e-01 -1.030933032982453562e-01
-7.517723107148820416e-01 1.978358081257009238e-01 -1.053335010441737163e-01
-7.549034128810344635e-01 1.977903255062093413e-01 -1.066471241774215595e-01
-7.531342673265516430e-01 1.956619179541950471e-01 -1.093277444804330173e-01
-7.564584569466586972e-01 1.952275226239295336e-01 -1.108485061203096228e-01
-7.582638965838607303e-01 1.976714603486249555e-01 -1.082451766899671097e-01
-7.507712099139979278e-01 1.966364070394062691e-01 -1.078893627758855112e-01
-7.619476472024370173e-01 1.970186074930638243e-01 -1.065375603895239442e-01
-7.628782298009936236e-01 1.954768616175707463e-01 -1.060913739418836155e-01
-7.492602639779711859e-01 1.982556361536422229e-01 -1.043629505275344843e-01
-7.523551723753092446e-01 1.958706061123821895e-01 -9.819925058279345420e-02
-7.569195074827869130e-01 1.948984114831426029e-01 -1.003193761535177558e-01
-7.609792840894407107e-01 1.939626139435341179e-01 -1.028105035783029308e-01
-7.627899615521767096e-01 1.931013984947180240e-01 -1.058414275011118205e-01
-7.556550809556401571e-01 1.926779050107509661e-01 -9.981941506156487287e-02
-7.598118673932652278e-01 1.919137097676246184e-01 -1.026281091795079314e-01
-7.614718907662272329e-01 1.912739280826725452e-01 -1.054671380658143559e-01
-7.536645101025047921e-01 1.903295348684881649e-01 -1.003560310198270134e-01
-7.580392723142942435e-01 1.900832512524519013e-01 -1.031216626582655282e-01
-7.490970471206831460e-01 1.905010774440298871e-01 -9.786182350763950044e-02
-7.510761635092264576e-01 1.932162415642945386e-01 -9.734386759185638394e-02
-7.600537024027117505e-01 1.902132360304907288e-01 -1.051219233264814173e-01
-7.621840598678470968e-01 1.947253820793784229e-01 -1.096556684569764822e-01
-7.619559703107238180e-01 1.923499966284119289e-01 -1.088827844406720646e-01
-7.610739882718712268e-01 1.971579463519090025e-01 -1.096735276536205672e-01
-7.517312892664164137e-01 1.937499520068191039e-01 -1.103372515587670161e-01
-7.558989270839431285e-01 1.930657290385948133e-01 -1.117527703379652959e-01
-7.503530088581806812e-01 1.910294771828459082e-01 -1.098849982782250240e-01
-7.554511069546455682e-01 1.907242804630481514e-01 -1.111153940951516428e-01
-7.594185775579233022e-01 1.935636533910448653e-01 -1.116589820976626596e-01
-7.590253462841782817e-01 1.954139938948885880e-01 -1.115416758903052946e-01
-7.461381406798598404e-01 1.904186149252926896e-01 -9.572961312475111728e-02
-7.439171696621237340e-01 1.883887186654686074e-01 -9.807086683748093836e-02
-7.469868983251047867e-01 1.884090007744209372e-01 -9.997653394267680405e-02
-7.516995426087511589e-01 1.884300459698388663e-01 -1.022760284624405214e-01
-7.455497744571277785e-01 1.878381348115987781e-01 -1.032729591294616195e-01
-7.450882325504528669e-01 1.887748943968752258e-01 -1.063733381807526607e-01
-7.501035981628905169e-01 1.887857328465280260e-01 -1.083424542204078078e-01
-7.504664857435573433e-01 1.876778762816723178e-01 -1.054545475881684680e-01
-7.553386318413018996e-01 1.890540938967017193e-01 -1.095200354641707730e-01
-7.555859713222703444e-01 1.882089392258232685e-01 -1.072180540355851808e-01
-7.565056718489484577e-01 1.886793390477257415e-01 -1.047194554946957318e-01
-7.590352365117181144e-01 1.899443953423683440e-01 -1.091922217020289965e-01
-7.594410980496635322e-01 1.914055138304124049e-01 -1.107406606194579479e-01
-7.609610474211694342e-01 1.906897304733028986e-01 -1.077198760923350068e-01
-7.584581698632028024e-01 1.891405108431837845e-01 -1.078026315098331994e-01
-7.595060977659107149e-01 1.896060080839234996e-01 -1.065055645600354317e-01
-7.100282978092504749e-01 1.919735792635867966e-01 -8.612746508022109393e-02
-7.084664655186048154e-01 1.944928776192147157e-01 1.478057692885983467e-02
-7.100564233167458994e-01 1.919498015255664825e-01 1.099944300101387239e-02
-7.051001167976885808e-01 1.779950010629539336e-01 1.165185166313865983e-02
-7.084231250929972079e-01 1.823050159749165511e-01 8.935344105527471756e-03
-7.016190613147544886e-01 1.772001372158761578e-01 1.642652402704524242e-02
-7.003218316930343024e-01 1.839701283263812104e-01 2.300332913391847298e-02
-7.002612841657904763e-01 1.797879232481517653e-01 2.061514389963440413e-02
-7.103724773364495926e-01 1.878557673451755616e-01 8.880403772636755177e-03
-7.056438071018344971e-01 1.941946335324031547e-01 1.943681779970792348e-02
-7.022826268351315404e-01 1.896873719240292078e-01 2.266059914001421899e-02
-7.135974638980493445e-01 1.928096224022705640e-01 2.431418393538967507e-02
-7.106526348861944564e-01 1.881498130048363249e-01 2.785400110931833192e-02
-7.083442547169057635e-01 1.819769808921304910e-01 2.821217862893402387e-02
-7.073974797999432740e-01 1.775928867871987282e-01 2.486311429671375639e-02
-7.076826058575659273e-01 1.753271855367986853e-01 1.997039789633437215e-02
-7.157261203141175310e-01 1.934065379159796427e-01 1.917141165838631700e-02
-7.164515636524519948e-01 1.909136590611369699e-01 1.453324901507848863e-02
-7.153647144074430919e-01 1.860080225137754339e-01 1.193865897902112762e-02
-7.227978572204492025e-01 1.923427058719803517e-01 2.332736256094262994e-02
-7.234168123469169043e-01 1.915888563614905338e-01 2.988148579433455576e-02
-7.262313385129234300e-01 1.778221838480871231e-01 3.769987216607120079e-02
-7.218847253820481757e-01 1.783904138616662083e-01 3.541987886416652492e-02
-7.232413179931531655e-01 1.818726779715575947e-01 3.686031679129255639e-02
-7.263200265096800834e-01 1.815111338849393630e-01 3.958861876817883901e-02
-7.174613372940846778e-01 1.806272435174138269e-01 3.298549772044626766e-02
-7.212325356224632555e-01 1.829401806923345308e-01 3.513407800415452309e-02
-7.231496877148736457e-01 1.869838210615966667e-01 3.482060284481081763e-02
-7.252312964970828446e-01 1.870534211274159364e-01 3.710148564101323210e-02
-7.252555598493322098e-01 1.901975501632010845e-01 3.365051015709127902e-02
-7.279302570493670910e-01 1.909792526241466670e-01 3.497031356538373575e-02
-7.281783848828332628e-01 1.868212880933433073e-01 4.013415951426353018e-02
-7.295519876648824953e-01 1.817433328287920702e-01 4.133345398876654697e-02
-7.315060219214865045e-01 1.855504575045466842e-01 4.137313820960992344e-02
-7.306449133646095717e-01 1.790596537350641337e-01 3.983138495982094240e-02
-7.196121147514703553e-01 1.869962257072465550e-01 3.230551997853927521e-02
-7.142892339642632482e-01 1.762516585874712438e-01 2.888308936299938817e-02
-7.208870359943317929e-01 1.752447529348984123e-01 3.237433301429240573e-02
-7.268791521421333890e-01 1.751455783343076333e-01 3.492745851702155901e-02
-7.318962432980050670e-01 1.771049467425740986e-01 3.631530221099674161e-02
-7.214715380836351777e-01 1.733401970659404767e-01 2.757164379385595651e-02
-7.281198222686420252e-01 1.743943946283580126e-01 3.060471716760362546e-02
-7.321696756235352987e-01 1.768528659712617634e-01 3.236325345220128491e-02
-7.233438747649382217e-01 1.746955290209598055e-01 2.298133928295136366e-02
-7.293531862955245915e-01 1.759579023199837333e-01 2.721437969671930412e-02
-7.149582604974649147e-01 1.750408567462222731e-01 1.800560018238039212e-02
-7.136588432458988995e-01 1.739182099606025877e-01 2.349929280415161137e-02
-7.320729923615278967e-01 1.772911152339955998e-01 2.959401748992438602e-02
-7.345456966815517852e-01 1.832190979929463059e-01 3.983600438148329759e-02
-7.353344732325535205e-01 1.813585885984541068e-01 3.573837893469416355e-02
-7.291726674162748445e-01 1.917860403973249417e-01 3.135947717226525433e-02
-7.308676550478204748e-01 1.904518967192738443e-01 3.721930637212499809e-02
-7.329183218830099822e-01 1.905026265970420907e-01 3.370843932226919720e-02
-7.293809395307891963e-01 1.911560885626057971e-01 2.680403948119589735e-02
-7.338951030783753549e-01 1.888710242264028116e-01 3.007546560996407492e-02
-7.351229879342460194e-01 1.880446386032416095e-01 3.678717247684670094e-02
-7.329101718357391437e-01 1.890399441772041278e-01 3.935934877184935066e-02
-7.096679911501786453e-01 1.763877398343435821e-01 1.500972910647447624e-02
-7.127832601669236157e-01 1.804094972397082275e-01 1.220441493399872929e-02
-7.179473808846943417e-01 1.794414269757015346e-01 1.497631978420154754e-02
-7.255388357499626961e-01 1.789957046636239946e-01 1.996039569485049889e-02
-7.208798039769024335e-01 1.853335256094700845e-01 1.487424294249257983e-02
-7.225986853730604897e-01 1.903360893942094845e-01 1.805407987114422338e-02
-7.294036328089207322e-01 1.884824144308537008e-01 2.272574933763355995e-02
-7.280641693884049026e-01 1.841179421379743608e-01 1.999282559775875101e-02
-7.337072734636137517e-01 1.861508659604476090e-01 2.711117760972306043e-02
-7.325194643533505801e-01 1.828471812074747849e-01 2.528327196619565773e-02
-7.309399635349271840e-01 1.791045723755674834e-01 2.544435327369536787e-02
-7.352057153801564438e-01 1.835402032834938246e-01 3.022100579992493055e-02
-7.359548944342629850e-01 1.857779153217531953e-01 3.328292950051479904e-02
-7.345985698792053542e-01 1.802810394787712489e-01 3.207030251841719304e-02
-7.340601705735300131e-01 1.819933911608513644e-01 2.833534353843460835e-02
-7.333108502179014332e-01 1.796105042630556370e-01 2.909003952188420408e-02
-7.063808334618797424e-01 1.853243582985443227e-01 -7.908511132435680491e-02
-7.090967549130603453e-01 1.846913894898355446e-01 -7.404104309339729073e-02
-7.023937681672045574e-01 1.839451353455550942e-01 -7.235052398405764085e-02
-6.940752279800451729e-01 1.832469008995459281e-01 -7.080782407856033023e-02
-6.856189075883302175e-01 1.850883798554607829e-01 -7.469535979783545332e-02
-6.958378041091451971e-01 1.841409599372813011e-01 -6.475000893271883051e-02
-7.042027759207565296e-01 1.848555001023098887e-01 -6.659700084902551998e-02
-7.133818319267462016e-01 1.860132713118908543e-01 -6.857280329741460845e-02
-6.906289802275284995e-01 1.851383263781542221e-01 -5.835895416677387010e-02
-4.096834020470064425e-02 4.234936463435230447e-01 9.032990591836459471e-02
-3.781745608387909741e-02 4.243884870909360174e-01 9.217257805040346419e-02
-3.969516212957992229e-02 4.173243208563241491e-01 8.971162322124107136e-02
-4.228109566008091819e-02 4.177219891155530274e-01 8.794959608913496818e-02
-3.271206888106160948e-02 4.171717634029205035e-01 9.247618026796365631e-02
-3.650178199569740350e-02 4.170528392456038791e-01 9.144369723365129710e-02
-3.315692458209126836e-02 4.249840751908753322e-01 9.359569836072030580e-02
-2.768291453674606023e-02 4.244599938255235183e-01 9.354121314708381540e-02
-2.006568751392318398e-02 4.201861870587368930e-01 9.093211408376364324e-02
-1.844766834725124899e-02 4.186640397386126589e-01 9.096662912824472758e-02
-1.919409610955695109e-02 4.177701871818498280e-01 9.133923926902766388e-02
-2.137528575270988135e-02 4.178343169405307478e-01 9.148578982656717373e-02
-2.494468294286520879e-02 4.176023164160567736e-01 9.242096058654300506e-02
-4.535216299890738878e-02 4.202526453469004331e-01 8.539627938987150169e-02
-4.456928910911534675e-02 4.214096491436593594e-01 8.655806415796113429e-02
-4.305675149132892621e-02 4.224440090141008963e-01 8.834186766092785859e-02
-2.877188979535919011e-02 4.173779379701160752e-01 9.294732228054025658e-02
-4.410005446770904475e-02 4.183766087252646093e-01 8.625157613096796905e-02
-4.515641564790668500e-02 4.192127717458838942e-01 8.528459816569942953e-02
-2.323520687027228609e-02 4.227245567726963249e-01 9.218330979540984016e-02
-3.304388633055210800e-02 4.195340523909089625e-01 9.273587159179849659e-02
-3.701060155909959015e-02 4.193700445458597437e-01 9.159058359860737519e-02
-3.337513716742395581e-02 4.222849247497456604e-01 9.321285374230642296e-02
-2.860130865478733089e-02 4.221457100498436921e-01 9.344687054516838398e-02
-2.289988340159858013e-02 4.192093886624769783e-01 9.196304900000612514e-02
-2.536695147625954438e-02 4.193952156894737437e-01 9.268777837677381892e-02
-3.996695149206590247e-02 4.192877395337741842e-01 8.985127198079183308e-02
-2.900105867000001697e-02 4.196202817605313440e-01 9.319360366036658072e-02
-3.757339485296746356e-02 4.218818250729052255e-01 9.182900668184407200e-02
-2.466564269708282006e-02 4.212498948765469597e-01 9.275899371733266341e-02
-2.236908814998351397e-02 4.201666888369797737e-01 9.189020434742822818e-02
-4.456832265615466582e-02 4.200488299384954050e-01 8.605177231732463738e-02
-4.450112213020250562e-02 4.195963257153181303e-01 8.603720818226956446e-02
-1.310576221094169637e-02 1.927125390196038346e-01 7.332026901289910581e-02
-1.445510282614765989e-02 1.764188943967684997e-01 8.350893194350006432e-02
-4.037569279394687821e-02 4.213601173815968992e-01 9.001299538233456521e-02
-4.360562981139722710e-02 4.194278644553895430e-01 8.691575262137672675e-02
-4.206840691514898700e-02 4.193316761464004894e-01 8.825678917745877206e-02
-4.239608533288151404e-02 4.209032593830325797e-01 8.826921399397227863e-02
-4.380497606859966309e-02 4.204383587262046085e-01 8.690602588868331924e-02
-2.726076635695119377e-01 1.949672352472327785e-01 1.820347943500795831e-02
-2.722832668290416369e-01 2.108665641537131319e-01 1.730858348939873920e-02
-2.718532883571820324e-01 2.443509539038294931e-01 -2.257209870226918255e-02
-2.673026938353399440e-01 2.418307678343142586e-01 -4.374557118294766789e-02
-6.185156789909674463e-02 -7.245520395132187819e-02 1.388609566118304828e-01
-1.044682015900081640e-01 -3.355870551690028764e-02 -6.137618211037536298e-02
-1.062168317112854865e-01 -1.518514906635784131e-02 -6.716532426137711287e-02
-3.397701611595724952e-02 -1.743245819320147355e-02 -8.599415152223020831e-02
-5.271369906572367231e-02 -2.137903014121135190e-02 -8.512579710043718939e-02
-1.362045298222306078e-01 -4.639135383505317567e-02 4.935247590920333743e-02
-1.352646951637015149e-01 -2.910883748746280822e-02 4.703365720385060955e-02
-9.586829457746177952e-02 -5.347765245194280315e-02 1.052133940539342338e-01
-9.511729855819291146e-02 -3.407416676330335403e-02 1.025806410540991837e-01
-1.284693977588891034e-01 -6.677364926168460890e-02 7.376550255486098717e-02
-7.607636069398573953e-02 -6.412829758795278445e-02 -7.076343861282888281e-02
-9.394660369139362643e-02 -6.640627704060579617e-02 -6.306544487558170264e-02
-8.957650895927490864e-02 -4.805600844317981651e-02 -6.644776461633715436e-02
-7.239016187081695475e-02 -4.510733755863290118e-02 -7.474572337810893308e-02
-1.644691443894664290e-02 -1.452980986239496564e-02 -8.175470321490066472e-02
-1.659127186243583921e-02 -3.528446930402225068e-02 -7.439605448008208832e-02
-1.417252784582914982e-01 -1.011086791953294019e-02 2.134189326904189013e-02
-1.417608512749362615e-01 -8.742278214537005376e-03 -4.922752849333888667e-03
-1.229553836475852091e-01 -3.380970857893213569e-03 -5.087742033177439921e-02
-1.080752899446310589e-01 2.335796571668096767e-03 -6.812267592405206462e-02
-9.180744776992889877e-02 9.036446828845091581e-03 -8.045519073030514556e-02
-7.424068573337785915e-02 1.597854223086410397e-02 -8.904200990051079623e-02
-7.938865954090611188e-02 -1.419117317341035689e-02 1.159872386189450266e-01
-6.114502263321695830e-02 4.507225780244040504e-03 1.236911488275680288e-01
-1.349457072055655071e-01 -1.130617865879110506e-02 4.684529110327891044e-02
-2.002229150500874424e-02 -1.305465554174185284e-02 1.417832329403010128e-01
-5.975586961904017641e-02 4.524648645963427751e-02 -1.014119453540346244e-01
-3.781137333667607126e-02 4.876214158855519260e-02 -1.043235861204923204e-01
-1.349689955873970837e-01 -6.769298344920444618e-03 -2.926129101167959309e-02
-2.979689412443359969e-02 1.372313620173438720e-01 1.123699169127147096e-01
-4.624466684131801897e-02 1.399479656103223557e-01 1.104810383179746502e-01
-4.589010197901383092e-02 1.256026136592826303e-01 1.218175275355144610e-01
-2.951630118949920278e-02 1.221263772356239868e-01 1.227234720819420782e-01
-6.139911405561206820e-02 1.276443297609824168e-01 1.202312900147389924e-01
-7.635364739528203992e-02 1.288234546122355717e-01 1.172960631109810498e-01
-9.002566114857230017e-02 1.290379291939968143e-01 1.130476665901568450e-01
-1.218287171245149014e-01 1.245147017025679537e-01 9.591758345910093853e-02
-1.126464431732509819e-01 1.266367295832594719e-01 1.021284822416494015e-01
-1.363216495578771226e-01 1.167357119742842841e-01 8.238602056558580466e-02
-1.295427805602588633e-01 1.215907983831235190e-01 8.935191022542553207e-02
-1.426790837660062983e-01 1.070281616927950680e-01 7.420469146943103889e-02
-1.476143001391002074e-01 9.567582177372747909e-02 6.303460337273354697e-02
-1.518714439029957008e-01 9.792949948255057213e-02 3.988665478978945661e-02
-1.507215136702936831e-01 8.469821204814451110e-02 4.810126536823045029e-02
-1.460553396826151096e-01 8.298714553747642275e-02 7.233086791864332121e-02
-1.418163362952613304e-01 9.471438167104118122e-02 8.354684614887915306e-02
-1.355075795867042854e-01 1.038983630988841167e-01 9.202077132905518708e-02
-1.522080451244932527e-02 6.245141824762857896e-02 1.366128700781643890e-01
-1.346063356852990160e-02 8.447919464813626045e-02 1.366213634864983650e-01
-1.123534991265728519e-02 2.084250107553586862e-01 6.408604613164352315e-02
-4.677277902368293661e-01 1.874699671837504189e-01 -6.699666116042664321e-02
-5.831499277723710684e-01 2.168143180945710791e-01 -1.238055795609594063e-02
-1.375822525065269891e-02 2.306239604089382333e-01 -8.586200389025826218e-02
-2.935816494489678144e-02 2.350556011938741696e-01 -8.597306896632034290e-02
-8.113249906428268710e-02 2.510159232921818084e-01 -7.281352006131994181e-02
-9.376437140188081942e-02 2.604229977005225738e-01 -5.646422937651805057e-02
-6.235946632636359815e-02 2.408581773517206592e-01 -8.268811682836026133e-02
-4.564565158847912890e-02 2.318935772833400633e-01 -8.781436061509237390e-02
-1.203886636091485579e-01 4.474265963421965309e-03 6.865350372892838060e-02
-3.187643834834460316e-02 2.025519213184931444e-01 -9.632216519741657046e-02
-4.732837075613531563e-02 2.217753413481459157e-01 -9.231899301968272964e-02
-6.551115857240265294e-02 2.313194623976000674e-01 -8.879969284205677105e-02
-8.490059689552707789e-02 2.421059797822482651e-01 -7.927390490258624800e-02
-1.042904552949173863e-01 2.534377185476360261e-01 -6.288933959755266256e-02
-1.183534881837780550e-01 2.535451946678569102e-01 -5.739528641344952831e-02
-1.377132034530792193e-01 2.399085025949398708e-01 -6.326175976588827021e-02
-1.460883951270770253e-01 2.402772529879124153e-01 -5.817016274250387531e-02
-1.552355327424644327e-01 2.411038356211439582e-01 -5.326375699728237018e-02
-1.564267931250573063e-01 2.526444867615464385e-01 -3.897122176675497235e-02
-1.464491972786803875e-01 2.522153662679432751e-01 -4.378429451291041691e-02
-2.352801830821046603e-01 2.419100155389703466e-01 -5.000025632383391788e-02
-2.491648731413070861e-01 2.365472922599597683e-01 -5.503799153550963108e-02
-2.576711085575637550e-01 2.278679406957908604e-01 -6.250615043196908194e-02
-2.623121020866668318e-01 2.169431878055993468e-01 -6.898766631489326728e-02
-2.620846309011566344e-01 2.044110837106112855e-01 -7.343166647094502564e-02
-2.570500532077207856e-01 1.921263608231706943e-01 -7.507438071839117599e-02
-2.471288212574081489e-01 1.810036825998205812e-01 -7.416004461459257957e-02
-2.097940251547554813e-01 1.611926161137434699e-01 -6.628976701823428852e-02
-1.961750815243486212e-01 1.537938354662218288e-01 -6.295393383153204125e-02
-1.644794102036631900e-01 1.201884564956544055e-01 -6.123141237278944410e-02
-1.570657966987312748e-01 1.130959629125820043e-01 -6.330951648794908015e-02
-1.394616894324178236e-01 8.688484611332973617e-02 -7.314976793591969340e-02
-1.299730949332238705e-01 7.305646248325960157e-02 -7.762665313586164517e-02
-1.191555995242835481e-01 5.781597593719619427e-02 -8.190889048811920981e-02
-1.005015616432621411e-01 -1.544198822234877366e-01 -7.845947939943748173e-02
-1.196773102401793576e-01 -1.527702716147644746e-01 -6.845714333532076923e-02
-1.132374565808940692e-01 -1.366158656462809207e-01 -6.290775791859926080e-02
-9.452254908488956497e-02 -1.377877007563335365e-01 -7.250495982304701326e-02
-4.540131123531687685e-02 -1.021864471775186106e-01 -6.826939252478600451e-02
-2.381496694228864633e-02 -1.016116217124013177e-01 -6.683979078270858853e-02
-1.570514694537235856e-01 -1.368641670390479126e-01 -1.019563030284760877e-02
-1.625241725966268536e-01 -1.389877664690468417e-01 1.500734398941665389e-02
-1.304343261772117346e-01 -1.355623040073320740e-01 -4.949043633228515648e-02
-1.454926269309950171e-01 -1.359706067201816582e-01 -3.181206432654180155e-02
-1.610556322012725583e-01 -1.426603048465918122e-01 4.095708209597957034e-02
-1.064734834240305128e-01 -1.676006740701181108e-01 1.226897916179782166e-01
-8.730483019875151518e-02 -1.731392598574492681e-01 1.377957533791396572e-01
-4.637165224030618399e-02 -1.810019396910083900e-01 1.592957730497672753e-01
-2.527250975807053199e-02 -1.829777280063752398e-01 1.645926205747109405e-01
-1.538572320711233399e-01 -1.485486831939893948e-01 6.503942960911207605e-02
-6.709015085640888942e-02 -1.777640493014495393e-01 1.503375240418667602e-01
-1.416212151268375075e-01 -1.553902802204142897e-01 8.637910028285544772e-02
-1.250632682784905414e-01 -1.618184930339869321e-01 1.052838033329984851e-01
-6.535758557325949125e-02 -1.023276063210628861e-01 -6.664736247633137878e-02
-7.020356354188631021e-02 -1.213166231143132101e-01 -7.197902235659621450e-02
-8.880817220664248557e-02 -1.207980975011220537e-01 -6.696869198639360254e-02
-3.786170219759565220e-02 1.133044902251896385e-01 -1.145013213497150795e-01
-5.688103978676385675e-02 1.161429466475887434e-01 -1.145586323177509719e-01
-7.644553820134936117e-02 1.207022823174801751e-01 -1.132084271830448019e-01
-8.968521941729699909e-02 1.441079221523487441e-01 -1.115022724241591379e-01
-9.352199923626486333e-02 1.273889798352787484e-01 -1.099219497114676952e-01
-1.092918789804463581e-01 1.349090825604431776e-01 -1.043702435613616947e-01
-1.049949615603818220e-01 1.514947637629835697e-01 -1.062289247137985365e-01
-1.321645738671153036e-01 1.644475939699475697e-01 -9.124225706358529697e-02
-1.345642479650383805e-01 1.510287620704526823e-01 -8.903931379981866456e-02
-1.441077785573683101e-01 1.570766426945260918e-01 -8.440004028529836388e-02
-1.426191814754785292e-01 1.696278810237499823e-01 -8.668500311784710366e-02
-1.539915363725459785e-01 1.619692042275400756e-01 -8.145387905683108831e-02
-1.640343644445450277e-01 1.663698247367869643e-01 -7.765710998202633719e-02
-1.756033738026223923e-01 1.717109148297059906e-01 -7.350551173114916459e-02
-1.889126182107089824e-01 1.774947344746925504e-01 -7.274009876881577796e-02
-1.827248809680201980e-01 2.000764751071814618e-01 -7.413278174854025238e-02
-1.713877977199582958e-01 1.953111047299140035e-01 -7.638776049677722946e-02
-1.311559885631229938e-01 1.792612210250809079e-01 -9.151753650598951073e-02
-1.171970341231055313e-01 1.743382010330745413e-01 -9.861407715714511080e-02
-3.541719923484389076e-02 1.456401185756733552e-01 -1.079532630938903476e-01
-1.745588609078736406e-02 1.420246018463347248e-01 -1.040847192879321426e-01
-1.534797730132809734e-01 7.978423565776805726e-02 2.792095524880907481e-02
-1.561967507399349697e-01 7.638751991772939343e-02 6.641371028598434464e-03
-1.577466928721761863e-01 7.561385181352350826e-02 -1.262350929946399504e-02
-1.569915647532678094e-01 7.752375426564489524e-02 -2.956848108604034561e-02
-1.549190268230588030e-01 8.212146354644733748e-02 -4.464175545886487489e-02
-1.509040789758800682e-01 8.864070985842537054e-02 -5.792413780026189896e-02
-1.511388212708233980e-01 1.054094149533986863e-01 -6.628200285136229275e-02
-1.457093224468794523e-01 9.679324976556714921e-02 -6.935227635868032592e-02
-1.466114309572252028e-01 1.149922833835570757e-01 -7.442734863195470119e-02
-1.401028621307203459e-01 1.065949936442754792e-01 -7.887336553671535355e-02
-1.341506088256904650e-01 1.172848687069889401e-01 -8.661547733668299720e-02
-1.278673333595316541e-01 1.293420753937315482e-01 -9.265810392640684567e-02
-1.227747478803715014e-01 1.435143618880752037e-01 -9.679893868881150887e-02
-1.189466488925743914e-01 1.584938565028990998e-01 -9.891087790334421315e-02
-1.025133046146740612e-01 1.685149259349940920e-01 -1.056280779203564446e-01
-8.746672974226341046e-02 1.618096837092069529e-01 -1.103746957552924346e-01
-6.873716209657672327e-02 1.726944359576695343e-01 -1.098890728484595430e-01
-6.785200799478197098e-02 1.891945631259164540e-01 -1.056238351262016456e-01
-7.071521760379918808e-02 1.557449095099029401e-01 -1.125834511371378993e-01
-7.282286386057218452e-02 1.382477052530046990e-01 -1.142868289804995635e-01
-6.622440673440303793e-02 2.691858669957057359e-01 -5.690859653942874352e-02
-5.087563356959182159e-02 2.630608579300466321e-01 -6.832230110335651974e-02
-2.357556679974981695e-01 1.922030574505768918e-01 -7.542907484682431773e-02
-2.345933145628449346e-01 1.856741149813039005e-01 -7.486538258965161341e-02
-2.397616464767186317e-01 1.845632201398880456e-01 -7.486846717052643430e-02
-2.452906606236368858e-01 1.931474054235831073e-01 -7.539798168028664926e-02
-2.477976925964077981e-01 2.035524685767945985e-01 -7.436747320101061431e-02
-2.343611015657137420e-01 2.105892702265466931e-01 -7.291191244159081486e-02
-2.361759809959693979e-01 2.013652030428590700e-01 -7.498508932097597279e-02
-2.470703961244855862e-01 2.140315228140536041e-01 -7.126875270130329787e-02
-2.429917999327196876e-01 2.236459582688064274e-01 -6.677343491216790328e-02
-2.309479666041222845e-01 2.193548467439670191e-01 -6.952001534531074278e-02
-2.366095719345406023e-01 2.313751497916925193e-01 -6.185393482202980464e-02
-2.267158898327901184e-01 2.266610171107614480e-01 -6.558860308880753998e-02
-2.276348674789573368e-01 2.359650462193240705e-01 -5.794278981692062291e-02
-2.230040784490424643e-01 2.310289115465177512e-01 -6.213714288016367743e-02
-1.915755121030696673e-01 2.256228844160805547e-01 -6.456249601995385501e-02
-2.032058779763242506e-01 2.283781193788531338e-01 -6.346518291155536784e-02
-2.147423865951592903e-01 2.301100709135082689e-01 -6.265840666236850709e-02
-2.022605282775601088e-01 1.838418494950847526e-01 -7.366616460538226441e-02
-2.142526187993417930e-01 1.914255767633623873e-01 -7.463047721703038040e-02
-2.252174933374476162e-01 1.973074192954278883e-01 -7.512592995092742809e-02
-2.227852479895281457e-01 2.063183573475274590e-01 -7.383823757699513324e-02
-2.115255800529404484e-01 2.004323799728452982e-01 -7.396230381078235105e-02
-1.995949756918298512e-01 1.936387761195012824e-01 -7.400608632425241529e-02
-3.620412022253223505e-02 1.289986952605017834e-01 -1.111692031555832211e-01
-5.415286638069674585e-02 1.333769342477331976e-01 -1.144335409678288867e-01
-1.529843148055335111e-01 1.741752487852870623e-01 -8.331938655010777406e-02
-1.626188446756303974e-01 1.779258968187551193e-01 -7.984904482415358662e-02
-1.731794542207234777e-01 1.816469544901442856e-01 -7.571988107690642844e-02
-1.860078703139726730e-01 1.877651709473661668e-01 -7.402662908039377154e-02
-1.617336395614518418e-01 1.908585736916631193e-01 -7.976997185955345127e-02
-1.522436058051113428e-01 1.872462510863582008e-01 -8.349373971330220634e-02
-1.419318704273153653e-01 1.835162606425593812e-01 -8.704753706102222321e-02
-5.308869226511821887e-02 1.503230452526624072e-01 -1.116273915452940108e-01
-1.851363770741164608e-02 1.256396322888463646e-01 -1.079343958674379156e-01
-1.617105428805399037e-01 2.183037419975946691e-01 3.893046548961120318e-02
-1.606891409257027725e-01 2.416337405424166251e-01 2.635332898028855397e-02
-1.612171846449551027e-01 2.571679785952589170e-01 5.801246822587783833e-03
-1.594026983338181491e-01 2.603418800081135354e-01 -1.823158236425904272e-02
-3.921907775499502424e-01 1.613501477917395899e-01 -3.336986743089005725e-02
-1.794999825845529015e-02 -5.564007444286855203e-02 -6.950683095054156768e-02
-2.060907634150649023e-02 -7.733492513043337124e-02 -6.611053769633885857e-02
-4.082662458809896422e-02 -7.967727369444893570e-02 -6.971733002200979079e-02
-1.827616155785893870e-02 5.007358634131805347e-02 -1.046968785566689125e-01
-1.919735513380171898e-02 1.112554755310765781e-01 -1.134439178702764534e-01
-1.005268986619188842e-01 1.015619382341855781e-01 1.293867109289217610e-01
-8.887800095799056055e-02 1.024716927513251719e-01 1.341249959526902291e-01
-8.935797597883350651e-02 1.155209688847074895e-01 1.244441430328453585e-01
-1.010709238246429303e-01 1.148168317416320278e-01 1.194761162988527275e-01
-1.194551186039313484e-01 9.882499826716542590e-02 1.166330516038112664e-01
-1.107002564348731066e-01 1.004873420381424132e-01 1.235093733064882987e-01
-1.114958051101562070e-01 1.133757124333740207e-01 1.134954122261625786e-01
-1.203854716643064093e-01 1.115189936559830702e-01 1.069893929718452735e-01
-1.271479822387082959e-01 9.603925496375322057e-02 1.092147736202854907e-01
-1.282991406205501728e-01 1.088739697129707112e-01 9.974532635892459365e-02
-1.094920223475615018e-01 8.649675489240825355e-02 1.308249331144167305e-01
-9.929209373512079551e-02 8.767366901397864731e-02 1.368802198437240603e-01
-8.775994395712265195e-02 8.885747810200508856e-02 1.412489025347229421e-01
-1.254052912025028221e-01 8.342377688674419700e-02 1.162716344536779689e-01
-1.182871020349052921e-01 8.528270184755921968e-02 1.237589745688506687e-01
-5.693749598454397702e-03 3.073218185360810928e-01 8.518931520744715824e-02
-6.299188495772464584e-03 3.121167397836754898e-01 1.000477253071795081e-01
-2.051182287101601959e-03 3.522798203065730660e-01 1.145321641305019622e-01
-1.805020732042860636e-03 3.563956441357838401e-01 1.126876962450749781e-01
-7.767006986252304561e-03 2.311051934242448480e-01 5.060070816154962903e-02
-6.914547507109378849e-03 2.412385399764621075e-01 4.713740290153145551e-02
-1.343806916921046375e-02 1.026020129809412651e-01 1.314074712328910377e-01
-1.389125917040475930e-02 1.333290324856657438e-01 1.143020217110741338e-01
-1.515262458214811266e-02 1.446546430543672046e-01 1.021917049525080112e-01
-1.515147935314972369e-02 1.596521010431300180e-01 9.239075162705061295e-02
-9.753523486681870205e-03 2.210762929474456018e-01 5.664505334278244902e-02
-1.364990897263722996e-02 1.181634240031273625e-01 1.236081337278172737e-01
-1.710348578329668745e-01 -3.146696392130700626e-01 -5.088482661681387187e-02
-1.518742136948153798e-01 -3.299897658844115900e-01 -6.986388689298811405e-02
-1.577179067443592320e-01 -3.056654027209602109e-01 -6.679029370856993941e-02
-1.429964389275409919e-01 -3.171644881981958153e-01 -7.974103582505404075e-02
-1.681678874890517039e-01 -2.389313387206684347e-01 -4.326765189699359471e-02
-1.677471973536404370e-01 -2.644665687192291337e-01 -4.959549789821236787e-02
-1.677192107911316399e-01 -2.128194443724904794e-01 -3.994766355735816787e-02
-1.221509320281095323e-01 -3.238340449618435368e-01 -9.225939056970368368e-02
-9.574427131462885654e-02 -3.255879719937139760e-01 -1.014426728895780200e-01
-9.283579703835982688e-02 -3.075250872073604924e-01 -1.073507809953024722e-01
-1.521487815388223030e-01 -2.153232099756935691e-01 -6.327913915411631507e-02
-1.523048785055406973e-01 -2.405126254409190312e-01 -6.612738749912781822e-02
-1.484577947417052013e-01 -3.007353554426314135e-01 -7.517988548007212279e-02
-1.651723065985797878e-01 -2.873228250581388865e-01 -5.730321416089736303e-02
-1.505454960677451437e-01 -2.866191111903764188e-01 -7.311126521521868482e-02
-1.181291139985101296e-01 -3.076679994444402877e-01 -9.727662844453520419e-02
-1.368546615941478306e-01 -3.049817668979145635e-01 -8.511389069685001973e-02
-5.898566451303476760e-02 -1.571243863912526739e-01 -8.819650480225363354e-02
-3.543976937484230594e-02 -1.746547644115365450e-01 -9.730794274439434621e-02
-6.314479502714528958e-02 -1.756321891181307493e-01 -9.593989204572059282e-02
-1.378184055944064179e-01 -1.510407203658059028e-01 -5.360226106829676235e-02
-1.257716810113735928e-01 -1.713965786557121174e-01 -7.335690588995139039e-02
-1.351568298682621350e-01 -2.880789798656442358e-01 -8.721291873556201446e-02
-1.153157898767111778e-01 -2.881718544725247466e-01 -1.004911488133184982e-01
-9.036407028062649893e-02 -2.870134033415543962e-01 -1.109452713032543086e-01
-9.081493356825653951e-02 -2.173037836406720436e-01 -1.063423282619928578e-01
-8.977366797272734456e-02 -2.405176080706172281e-01 -1.110457382175297353e-01
-1.130593428687136359e-01 -2.424472885836339298e-01 -1.004229125647708720e-01
-1.137920857552521536e-01 -2.180002136483017994e-01 -9.633685688543129622e-02
-1.311314340398894440e-01 -1.931861529598056793e-01 -7.867870072991271779e-02
-1.337059272731350723e-01 -2.174953575541177797e-01 -8.206712273951193015e-02
-8.954615253900199967e-02 -1.952249275296632780e-01 -9.980954200351400962e-02
-1.114656442826405247e-01 -1.943866184746722292e-01 -9.125614236434002879e-02
-1.063545872537773884e-01 -1.728875693644107980e-01 -8.480822161438933415e-02
-1.340349890442349146e-01 -2.424936496105191963e-01 -8.494249904485413893e-02
-6.019920139015914190e-02 -2.627085870586774452e-01 -1.187988269572305688e-01
-8.922622591498989564e-02 -2.644574426479002760e-01 -1.127951204692708431e-01
-2.984631983678647307e-02 -2.601194046721456155e-01 -1.170935817837239212e-01
-8.578918332077811737e-02 -1.743453646197552498e-01 -9.206598521238471000e-02
-8.034211901082337348e-02 -1.557519271056931609e-01 -8.448510586925357668e-02
-7.486046234311836967e-02 -1.384432747447375822e-01 -7.777861165770498519e-02
-6.110468775868807545e-02 -8.149015322579031273e-02 -6.908832085514142463e-02
-1.114950491376224817e-01 -5.353285729514429825e-01 9.402094595253711329e-02
1.296171736238106980e-03 -3.570772263473417363e-01 3.287227143598024648e-02
-3.528748031447885049e-04 -3.491188852634143913e-01 6.046077070314641658e-03
-1.790656850656393850e-01 -2.769202259673916311e-01 6.684575191883290746e-02
-1.911432947427898765e-01 -2.964771974359734497e-01 -7.401371454542946156e-03
-1.803042943585175806e-01 -2.913571101303054078e-01 -3.562407791145520697e-02
-1.956622428014436268e-02 -3.580433206955527803e-01 1.004175680238677398e-01
-4.735098738391413202e-03 -3.628589315677205884e-01 7.754228914320943078e-02
-1.595591626411816122e-01 -2.841101358969229662e-01 9.336307935587401241e-02
-1.029048119318416582e-01 -3.280978576079351394e-01 1.268950731812844013e-01
5.187348346023367557e-04 -3.621729581728166392e-01 5.544898830226000636e-02
-1.520688898513901932e-01 -2.652321000722133726e-01 -6.979097780313127386e-02
-1.347188097394658168e-01 -2.670228339103085657e-01 -8.683924757162753139e-02
-1.139588187225690080e-01 -2.665872464092752803e-01 -1.013030661639292423e-01
-6.090477979330390784e-02 -2.850027937607065853e-01 -1.170063669509376070e-01
-2.879179418121525016e-02 -2.808232591859620708e-01 -1.149741200790176388e-01
-1.917489307111452240e-02 -3.024081513397606225e-01 1.185782192507137539e-01
-1.652159032730472765e-02 -2.956119307851924893e-01 1.268257817983587665e-01
-7.936690711587156971e-03 -2.965206684417538430e-01 1.261323139794487402e-01
-7.237630309342030395e-03 -3.072120422505540405e-01 1.149064389300984007e-01
-1.070742839758084403e-01 -1.883940741363553939e-01 1.229627518216387799e-01
-8.607477824239853637e-02 -1.945679884134885185e-01 1.371098749268853390e-01
-4.308098579635096653e-02 -2.019781538590241232e-01 1.569098665040970786e-01
-2.263801925086455016e-02 -2.036640832426234449e-01 1.616070459821813965e-01
-1.582995394130841948e-01 -1.666023897020841582e-01 6.621676925277526771e-02
-6.428046183375493716e-02 -1.990257211964515938e-01 1.487448517931737046e-01
-1.453091077828540245e-01 -1.742900637114636608e-01 8.771582209855738332e-02
-1.273039952014215770e-01 -1.818515919935996261e-01 1.064985983115702833e-01
-6.985972285828037642e-02 -9.478952170060890303e-01 -2.703584584483287659e-02
-7.225476936787959825e-02 -9.742187104488332361e-01 -2.315126529117969914e-02
-7.263011861611512465e-02 -9.728357889851363405e-01 -3.879422339852296731e-02
-6.751733991986755279e-02 -9.461531761920153327e-01 -4.152862153467883760e-02
-8.348631952541592238e-02 -9.417307024247479896e-01 -6.934391869595758762e-02
-7.182991315963704881e-02 -9.438292303005657580e-01 -6.152384585441136172e-02
-9.798041401566041919e-02 -9.412977360109716640e-01 -7.138528414589910553e-02
-9.651205645412667955e-02 -9.691988085822194066e-01 -6.939566722189033365e-02
-1.077916641260357883e-01 -9.700968810961727584e-01 -6.340829099974379379e-02
-1.113355813764726893e-01 -9.424481850294866847e-01 -6.699809012570825950e-02
-1.198696713213658338e-01 -9.432699563599140635e-01 -5.782092395559534220e-02
-1.220461057884648509e-01 -9.713879846567546883e-01 -4.379845683214122348e-02
-1.256440850219784355e-01 -9.715359083833364773e-01 -2.674188784886630949e-02
-1.299926819495577646e-01 -9.455039293729995409e-01 -2.860550828273449378e-02
-1.255669602715097921e-01 -9.440896478700876449e-01 -4.600079723453217445e-02
-1.254758023360179331e-01 -9.495140408334340476e-01 -9.246690121270110391e-03
-1.213033064091345453e-01 -9.746134768091364586e-01 -7.704899706359446057e-03
-1.104031094512089028e-01 -9.519768745040718683e-01 1.704869627861422491e-03
-7.587938896112447762e-02 -9.502602009365624935e-01 -1.203234215602451244e-02
-7.589452558664054604e-02 -9.756879352556306895e-01 -6.664480522607640726e-03
-8.298810902487785413e-02 -9.692950032264895377e-01 -6.766922832704225232e-02
-7.347245087514628348e-02 -9.711732413097570182e-01 -5.806596446342237455e-02
-6.662964074159027916e-02 -9.455273525779986921e-01 -5.166460695615072291e-02
-7.269563523284963691e-02 -9.720045547030324862e-01 -4.853256125930933973e-02
-7.214546071638031077e-02 -9.991032849230490065e-01 -3.331298360546985221e-02
-6.797620946920704399e-02 -9.990382291240506030e-01 -1.810036626658514253e-02
-8.213982803062266913e-02 -9.959530017391056145e-01 -6.775120393415688669e-02
-7.646325554560970406e-02 -9.973663236834855450e-01 -5.481380032845451639e-02
-1.049539832401515799e-01 -9.963189673426884330e-01 -6.101876663692899078e-02
-9.518236458119978816e-02 -9.955223438501120681e-01 -7.015484084735941483e-02
-1.225372611917413812e-01 -9.978371087207255075e-01 -4.274406788698190129e-02
-1.154589199160853535e-01 -9.706932651803267253e-01 -5.435666205160834263e-02
-1.142278007614793423e-01 -9.971069070451201721e-01 -5.240053860838349287e-02
-1.251200812065919044e-01 -9.968726669186953604e-01 -2.575928168647911506e-02
-1.199487665617214732e-01 -9.981233989899724879e-01 -4.369043361691963244e-03
-7.213433965114109114e-02 -9.993640667748445727e-01 -6.237035872622663513e-04
-7.506203306377688678e-02 -9.982802840723005167e-01 -4.460380604996701942e-02
-1.214033698646286713e-01 -1.087459289303092103e+00 1.431627682296352788e-01
-1.147411698506856231e-01 -1.088182591981544656e+00 1.449087196678539025e-01
-1.160932932816392954e-01 -1.083091804111598444e+00 1.440323266681018122e-01
-1.204654284402201098e-01 -1.083295072887201060e+00 1.431183147301999248e-01
-8.526142922425901383e-02 -1.085958623469630346e+00 1.530987747398797616e-01
-7.396571929344247787e-02 -1.088546448182130311e+00 1.515785282052929950e-01
-7.556824081369434287e-02 -1.077403160432518048e+00 1.539589462663932817e-01
-8.374013043117393973e-02 -1.076129399279261767e+00 1.555259937981444129e-01
-1.021918926306910474e-01 -1.087616902974358313e+00 1.524585579586834327e-01
-1.099089066759006139e-01 -1.087825583383910333e+00 1.515966117071206043e-01
-1.075531166084953694e-01 -1.091319908331805699e+00 1.485964084567579779e-01
-1.026339806818596240e-01 -1.090917095969073047e+00 1.491886704777133643e-01
-1.408783807143443867e-01 -1.085017756887382223e+00 1.154391233100247049e-01
-1.462897904410258021e-01 -1.086002350104156022e+00 1.131077667363098588e-01
-1.445370071459050054e-01 -1.089111228981835433e+00 1.109508145963151726e-01
-1.408948153425827743e-01 -1.089368989168504109e+00 1.128664845625143159e-01
-1.285836933042621422e-01 -1.087840331543738159e+00 1.325366994707635471e-01
-1.340194060094829775e-01 -1.088508729232476213e+00 1.295924469175656624e-01
-1.321890493504648822e-01 -1.091563003591344838e+00 1.277773958666050813e-01
-1.285576906056045965e-01 -1.092001450980177202e+00 1.292661754289775866e-01
-8.688940519842382193e-02 -1.071079406868443717e+00 1.341887131172339320e-01
-8.636767968839270671e-02 -1.072792524067188724e+00 1.473814983883134644e-01
-7.385039509460653018e-02 -1.074434762162499668e+00 1.452000104668657310e-01
-7.252926971652594312e-02 -1.068984896049377520e+00 1.322041457290362154e-01
-6.709829301600662987e-02 -1.082674167299066514e+00 1.410528371925145463e-01
-7.405604883807197225e-02 -1.088165521871412134e+00 1.382284881249128128e-01
-7.216027886423785620e-02 -1.087695902002785875e+00 1.247944766502629838e-01
-6.571820399097552667e-02 -1.079342559221454279e+00 1.267103354462493225e-01
-8.624396280404672543e-02 -1.089254868478421345e+00 1.399934302697064537e-01
-8.553708932741509174e-02 -1.088829669587899396e+00 1.276537196353311199e-01
-9.350369736668982801e-02 -1.081854115244724523e+00 1.315834805303407185e-01
-9.522128328047223256e-02 -1.082054554556646453e+00 1.456364452717869573e-01
-1.115399018333935038e-01 -1.082251695370697764e+00 1.333042453226270241e-01
-1.145530854549133282e-01 -1.085423223027659034e+00 1.444228740655413845e-01
-1.090797724240963051e-01 -1.079068758424938546e+00 1.458584116799376829e-01
-1.069692118451128077e-01 -1.074867216235071421e+00 1.344363872154788475e-01
-1.010419966408844239e-01 -1.079209284306906991e+00 1.470514293426792851e-01
-9.603941990116726668e-02 -1.074683025456039775e+00 1.363177315860235883e-01
-9.191524599771530579e-02 -1.084212501833573761e+00 1.343643592134048659e-01
-9.472889554579533300e-02 -1.085386644347610785e+00 1.472340053309061925e-01
-9.911109070853825476e-02 -1.090442735156270881e+00 1.429987302870964760e-01
-9.629390767407670915e-02 -1.089588486568301873e+00 1.306266292116407546e-01
-1.054342667860016791e-01 -1.089516237499287499e+00 1.304788127299685574e-01
-1.082755551401688165e-01 -1.090903009426689163e+00 1.417208956436582512e-01
-1.224804429157672070e-01 -1.076186071080585949e+00 1.277422307903865739e-01
-1.216119090058298408e-01 -1.081275035574829069e+00 1.376884235141201118e-01
-1.143744220281067703e-01 -1.081292092460622190e+00 1.387636204307264032e-01
-1.126283742368430901e-01 -1.076368808740718164e+00 1.299911072462686945e-01
-1.095635178213325012e-01 -1.088280202579117173e+00 1.388365377813616797e-01
-1.146072026908320496e-01 -1.091609576242822621e+00 1.365622687610720254e-01
-1.126952323098393549e-01 -1.090003921775359430e+00 1.265016639483209915e-01
-1.082272169784837257e-01 -1.085722193486887921e+00 1.295556768748334087e-01
-1.219811273851132694e-01 -1.089629617485988522e+00 1.250818959019399379e-01
-1.217485780970795212e-01 -1.092167540431310924e+00 1.356748917705913604e-01
-1.267315359960913546e-01 -1.082458305218515049e+00 1.273645021894031226e-01
-1.259996342652074663e-01 -1.086835037447501096e+00 1.370142307533013803e-01
-1.396755454747098668e-01 -1.082995361958462466e+00 1.143245293824846492e-01
-1.377867464051557300e-01 -1.087581256111531003e+00 1.236954166798657773e-01
-1.352559846461738324e-01 -1.082176505570882741e+00 1.252209230936695561e-01
-1.370273559533436714e-01 -1.076701536218539035e+00 1.158228006092130724e-01
-1.297126791696341652e-01 -1.081110547981532166e+00 1.271637534608271725e-01
-1.296093785104878715e-01 -1.076745866198256740e+00 1.196878215946620000e-01
-1.252360838918663566e-01 -1.085018772325391012e+00 1.273637671065178667e-01
-1.268113740130540901e-01 -1.091692324359593069e+00 1.241850138778991391e-01
-1.276476322375816597e-01 -1.089740054431693084e+00 1.165307502972155185e-01
-1.262349299085438192e-01 -1.082373774393727173e+00 1.212736532490543417e-01
-1.334869503163555182e-01 -1.092196705067060680e+00 1.222046633555241291e-01
-1.352397534248150901e-01 -1.089930811741812500e+00 1.128245446913188343e-01
-1.492939338986943310e-01 -1.076675278566354921e+00 9.982928110186148341e-02
-1.508206366238906138e-01 -1.083249062276442576e+00 9.674002367167815197e-02
-1.492511215703298533e-01 -1.084639581165415034e+00 1.056924325870093606e-01
-1.474827245404594367e-01 -1.079320363064071753e+00 1.073090234187213665e-01
-1.426890678322578487e-01 -1.078555488808740526e+00 1.107883853122628853e-01
-1.432602915807814625e-01 -1.075622152392860409e+00 1.048955499859181850e-01
-1.385854773680132157e-01 -1.082710354513609641e+00 1.104235506392945848e-01
-1.388952207007559669e-01 -1.089554453984476812e+00 1.075930886899583855e-01
-1.397534523057776257e-01 -1.088605852975306432e+00 1.017261184153544912e-01
-1.403596695997242350e-01 -1.081069915112365720e+00 1.055746309585392784e-01
-1.454199773555803488e-01 -1.089759452286494845e+00 1.054707395563223571e-01
-1.460544910512645012e-01 -1.088174030079767984e+00 9.754327999025654006e-02
-7.200439238743558401e-02 -1.065046257062487012e+00 1.189766317006652058e-01
-9.006404538512687019e-02 -1.070174034823906606e+00 1.212837212075448118e-01
-7.635082041240556783e-02 -1.088648808411484703e+00 1.472555091782102032e-01
-6.522825257397761589e-02 -1.077167038324492232e+00 1.131568933918920827e-01
-8.312603161574945443e-02 -1.089330377788609194e+00 1.479137428180820613e-01
-8.821514440146017988e-02 -1.088409826012665782e+00 1.163691974988868422e-01
-7.230342685100452083e-02 -1.086711640480827246e+00 1.111414084181659712e-01
-9.143039513942691210e-02 -1.081888433810566985e+00 1.258293649008907222e-01
-1.086649499159702825e-01 -1.082507640074273469e+00 1.513710982825673956e-01
-1.082906888811159818e-01 -1.083315224649910924e+00 1.242643096126999497e-01
-1.070287247743008791e-01 -1.089299133704241695e+00 1.152468391650722096e-01
-1.040453666821287287e-01 -1.082371980734823103e+00 1.519504982799149972e-01
-1.076003953854647588e-01 -1.071610504599483038e+00 1.196847507876447059e-01
-1.239331911616100151e-01 -1.072955080042750975e+00 1.111030283716976513e-01
-1.162793023233406886e-01 -1.091631908356669678e+00 1.419222176106573197e-01
-1.200033133251395268e-01 -1.091906188943240208e+00 1.411706811283336138e-01
-1.244753948942512595e-01 -1.089540123759676238e+00 1.086641624171933024e-01
-1.271674447970088939e-01 -1.081450119207420624e+00 1.191427760130259333e-01
-1.337307302083724503e-01 -1.084733664529280883e+00 1.302386517762313123e-01
-1.412257365375153007e-01 -1.081094787361789100e+00 1.059861929495837102e-01
-1.380660930631912309e-01 -1.089288512476301429e+00 9.829166364305023940e-02
-1.304598143135156096e-01 -1.083696472837096803e+00 1.310528597441936727e-01
-1.390854064032608639e-01 -1.072404921814644752e+00 1.003543656930579037e-01
-1.454266586887148771e-01 -1.082406543005709931e+00 1.123459232619988812e-01
-1.520681945519303802e-01 -1.081239658255367386e+00 8.523290688082774125e-02
-1.470786371681496729e-01 -1.088601235795441324e+00 8.775415825187567187e-02
-1.428560755922030912e-01 -1.081509108783134554e+00 1.142701582018441214e-01
-1.500057246774760544e-01 -1.073299324726607384e+00 8.983863633665549464e-02
-8.444028969348423008e-02 -9.525921829574820476e-01 2.309412803479736465e-04
-8.401742649743340619e-02 -9.769071255171042356e-01 4.777389028772264026e-03
-9.613066851714778538e-02 -9.539946408755077822e-01 4.761769094917437523e-03
-1.076703395479527425e-01 -9.769862571548720842e-01 3.714934707851117596e-03
-9.509962183036901884e-02 -9.785093647950056095e-01 7.978179515464971228e-03
-8.211328684586211013e-02 -9.994625435720585482e-01 1.222258785263762373e-02
-1.066682313510241426e-01 -1.000520273772197877e+00 9.069038439467864629e-03
-9.443734991819424662e-02 -1.000577909982890423e+00 1.437511526842174571e-02
-1.244651738686114451e-01 -1.017599047436347437e+00 -4.510871058495812685e-02
-1.285480743237154555e-01 -1.017546245143885253e+00 -2.694160998539389326e-02
-1.143125977427632833e-01 -1.016780876250806598e+00 -5.468191885383558160e-02
-9.519442541441200389e-02 -1.015685642921698717e+00 -7.378676274642904931e-02
-1.058519767885158502e-01 -1.015935666550550787e+00 -6.482124055345538094e-02
-8.043571521526508838e-02 -1.017636290958482181e+00 2.169324208164423104e-02
-7.093261826939013803e-02 -1.019278115691105047e+00 5.091023235563022289e-03
-9.401068692563373241e-02 -1.017559628745746458e+00 2.610710854310634502e-02
-1.090307056019865772e-01 -1.017860220098618207e+00 1.931329788738936695e-02
-6.737415789232890917e-02 -1.060026772013509699e+00 1.034451963896357157e-01
-6.798848984206370960e-02 -1.058859239739414315e+00 8.340136564258684992e-02
-8.234808207449891004e-02 -1.049794904586536681e+00 8.704648457428677821e-02
-8.580868666274166223e-02 -1.059038777285495447e+00 1.049159005452535987e-01
-1.008551055441885280e-01 -1.051017754713406527e+00 8.328171392782370008e-02
-1.033888150482169394e-01 -1.062295361353236434e+00 1.012863419373931234e-01
-1.171791769471609151e-01 -1.054387119464988087e+00 7.592555331188911849e-02
-1.200021555851252253e-01 -1.063961698404341849e+00 9.412393553330655749e-02
-1.318373337833408654e-01 -1.058394080452851105e+00 6.702971249296792167e-02
-1.353194825902411802e-01 -1.066085416237280814e+00 8.456713913626917600e-02
-1.442083707287709626e-01 -1.065624859149923331e+00 5.788584796664000831e-02
-1.481662829708430273e-01 -1.069604807038757377e+00 7.568760690816976611e-02
-1.513446027663406523e-01 -1.075556601916328292e+00 5.281865934850731026e-02
-1.540171174645618424e-01 -1.078936143897647693e+00 7.089444917728331130e-02
-6.152665176446451417e-02 -1.075462273846244710e+00 9.735812504529139932e-02
-6.345796404519969680e-02 -1.073170228137551252e+00 7.817269158701593834e-02
-7.045288660421755722e-02 -1.086926088274033031e+00 9.406855058809174275e-02
-7.211313174498228118e-02 -1.086300804769469108e+00 7.497002201605396099e-02
-8.673160711796440436e-02 -1.088175856262634023e+00 9.320600067237806707e-02
-8.707631545418176300e-02 -1.087398110633482906e+00 7.318378408006784297e-02
-1.459798084149327713e-01 -1.087583175047665218e+00 5.415395725627090984e-02
-1.473259321642327313e-01 -1.089553599434485820e+00 7.276730033353413785e-02
-1.046831930733193167e-01 -1.088914188258088611e+00 8.954134083787984588e-02
-1.042917818633818383e-01 -1.087409179802354631e+00 6.922986727628803461e-02
-1.213511149607760381e-01 -1.090491673008055162e+00 8.395340137123537272e-02
-1.204128523063957845e-01 -1.088940061756531463e+00 6.365770331584137687e-02
-1.355479386688461518e-01 -1.091280230305229360e+00 7.786144773178338419e-02
-1.343277909906391843e-01 -1.089946547029616797e+00 5.817398157679985055e-02
-7.900951878566157827e-02 -1.043054484481622080e+00 6.451871750864278388e-02
-9.805303169854662215e-02 -1.038797135394881499e+00 6.379139673858276460e-02
-1.140973205168382132e-01 -1.042907308515484299e+00 5.534306380651615037e-02
-1.276206762443918286e-01 -1.049922046058779923e+00 4.537838395774503042e-02
-1.389405285344054441e-01 -1.060357369633848634e+00 3.608614402874143340e-02
-1.467095262955282475e-01 -1.070750946158920636e+00 3.168573191092176333e-02
-1.271455556498730655e-01 -1.038617131542791672e+00 1.874544440106244367e-02
-1.337735265762101944e-01 -1.057284608189926756e+00 1.149959415578725996e-02
-1.395037448820409254e-01 -1.068860488622407567e+00 9.340865163231487633e-03
-1.310124857447611257e-01 -1.054596680591945335e+00 -1.339089412667953879e-02
-1.340390340514585887e-01 -1.067220697720403733e+00 -1.342257671644924745e-02
-1.233191184139518365e-01 -1.053449037527441678e+00 -5.349160573285584308e-02
-1.273336838727866516e-01 -1.067390075023473717e+00 -5.482759820374090431e-02
-1.305471226745734126e-01 -1.066034318927752800e+00 -3.609647529511037650e-02
-1.270126905116482907e-01 -1.053104105402020929e+00 -3.604275984811455141e-02
-1.272077288194180256e-01 -1.037507654081634589e+00 -8.304646930783327746e-03
-1.255369254702946025e-01 -1.035480206790279523e+00 -3.180886254528964702e-02
-1.208911229112536734e-01 -1.034918683604705292e+00 -4.892132485000592196e-02
-1.132233237445986196e-01 -1.067297552565555030e+00 -7.738687547799791289e-02
-1.225492779056043258e-01 -1.067716947121764903e+00 -6.778836127871179507e-02
-1.189015774588679936e-01 -1.053472336178741031e+00 -6.598485780528899614e-02
-1.115132671648088880e-01 -1.052341901086755849e+00 -7.691070244751095630e-02
-9.634540275543818089e-02 -1.052472631299687489e+00 -8.453599405813742862e-02
-9.734740029663535577e-02 -1.067854142009808882e+00 -8.155662435464884619e-02
-8.049816892692707171e-02 -1.054171532908806830e+00 -7.493477322571508170e-02
-8.120576838343322723e-02 -1.069109489259808754e+00 -7.419808747181336206e-02
-1.079308023268067546e-01 -1.033781074375145659e+00 -7.047004669266755672e-02
-1.148512210344836276e-01 -1.034709439351102267e+00 -6.045242601347589756e-02
-9.590018837417171871e-02 -1.033272197588916308e+00 -7.854126874219770349e-02
-8.183729864448795188e-02 -1.034881236389071812e+00 -7.065453856691279733e-02
-7.849780340258627476e-02 -1.036429912541778409e+00 -5.433756789066396253e-02
-7.661237690912936493e-02 -1.056053710832532966e+00 -5.674252713381847807e-02
-7.435817927138758943e-02 -1.070077259008073600e+00 -5.738005972510112906e-02
-6.905734015438533269e-02 -1.057464945926654964e+00 5.990208963664945402e-02
-6.886005451627150165e-02 -1.069757120396078287e+00 5.557252300678355850e-02
-1.124873742075247762e-01 -1.030080356355273619e+00 3.587620015733333778e-02
-9.503195471754534440e-02 -1.027955019856624519e+00 4.364311424192730132e-02
-7.715011978965981287e-02 -1.033973446096675852e+00 3.725634534560581107e-02
-6.858200510926326654e-02 -1.054755154388645977e+00 3.423103540905538672e-02
-7.217864912370844377e-02 -1.068290858551552036e+00 3.017224947684648412e-02
-7.366580019520717337e-02 -1.067793615995526357e+00 7.173405056623768927e-03
-6.843899819890138236e-02 -1.055547072341842529e+00 9.665882943936755789e-03
-7.588090595823926421e-02 -1.080091775317780112e+00 5.221104391937227834e-02
-7.965691975702893224e-02 -1.075253042561649108e+00 2.756635161138939680e-02
-8.031501392458960387e-02 -1.074327208696148395e+00 5.062453230737456664e-03
-7.267730858444371167e-02 -1.068456013891552647e+00 -1.300584552626047122e-02
-6.937860634491417600e-02 -1.055986301595440269e+00 -1.138650772126482448e-02
-7.295080885961666151e-02 -1.068805983775915180e+00 -2.926667138751662053e-02
-7.245506971761395132e-02 -1.055334807816773690e+00 -2.799041609782503687e-02
-7.464475019594984939e-02 -1.055491644389296768e+00 -4.158463276104888695e-02
-7.306213090382354669e-02 -1.069427430481537433e+00 -4.279713636606161109e-02
-7.270783737978905870e-02 -1.036792334421315687e+00 -2.832952510027316947e-02
-7.545906898743921787e-02 -1.035988909014160964e+00 -4.057959271698477477e-02
-6.975766066886671113e-02 -1.038357693011708660e+00 -1.147807541784577612e-02
-6.963577561090193713e-02 -1.037340363119139797e+00 1.038460001837136076e-02
-1.426491760762276795e-01 -1.083217434376204213e+00 3.249064866542757113e-02
-1.374604120019089493e-01 -1.079375918086942665e+00 1.017783627585804908e-02
-1.317352933657243153e-01 -1.076615757723916822e+00 -1.231597831427062341e-02
-1.275682351189786345e-01 -1.076740833559017396e+00 -3.473466006670274109e-02
-1.223026174729209270e-01 -1.077919321942604647e+00 -5.214093038876682629e-02
-1.169882235790979941e-01 -1.078045944393492439e+00 -6.302225083326554178e-02
-9.668682536555039952e-02 -1.076570828997392315e+00 -7.402590812671083764e-02
-1.093394407173296778e-01 -1.077241471974869302e+00 -7.132442207850230032e-02
-8.515944521064743034e-02 -1.077414778615537250e+00 -6.891497741397843713e-02
-7.954190597854843281e-02 -1.079040738393506116e+00 -5.558669306827820206e-02
-7.816702696651132987e-02 -1.079782463758383937e+00 -4.315211872336609938e-02
-7.883616156455899859e-02 -1.076593705130238110e+00 -1.495718761437219053e-02
-7.794220524302747366e-02 -1.078916262452766173e+00 -3.046306092593368403e-02
-6.687838868689931215e-02 -1.020093572398431014e+00 -1.445704296863856153e-02
-6.977289148289475551e-02 -1.019467748919026695e+00 -3.137238890558922272e-02
-7.410801060301604182e-02 -1.018550551863641296e+00 -4.299213976890338407e-02
-8.175807223881431662e-02 -1.016338259317777659e+00 -6.833429964385841215e-02
-7.719104542525521973e-02 -1.017366829531725969e+00 -5.367468248977568662e-02
-8.864679978046069442e-02 -1.084326703292484151e+00 4.959664254120085131e-02
-1.047220146669935320e-01 -1.084605521200868505e+00 4.561075051228635074e-02
-1.197976051757939087e-01 -1.085856342505029604e+00 4.035956446766512939e-02
-1.324453022934113933e-01 -1.086398485028368777e+00 3.569713335427289469e-02
-1.293195067104055129e-01 -1.083179956237556141e+00 1.268868994298103479e-02
-1.178672731794142420e-01 -1.083126465145805462e+00 1.607046117301712262e-02
-1.036239497941806309e-01 -1.082598430474601470e+00 2.033141238718846888e-02
-8.980739418439498412e-02 -1.079671436354040504e+00 2.475361289177210183e-02
-1.240290972491319699e-01 -1.081306207330569702e+00 -9.559899815938651887e-03
-1.138822548907580390e-01 -1.082176623758308587e+00 -6.190201964990833979e-03
-1.010628364747739871e-01 -1.081941647259571315e+00 -2.967932873844088618e-03
-8.922157500162655741e-02 -1.079615536090444028e+00 1.914827021627090115e-03
-8.693193021828746203e-02 -1.081762486677978030e+00 -1.824159799443826960e-02
-9.724117393559425504e-02 -1.082709813484262096e+00 -2.354285940535207414e-02
-1.085364730699332758e-01 -1.082460395740979742e+00 -2.660756517556333092e-02
-1.182748144960975717e-01 -1.081104970477707816e+00 -3.088385254779945147e-02
-1.135912804964922251e-01 -1.081097324211919064e+00 -4.705393969470967469e-02
-1.044558150171022715e-01 -1.081941257075931029e+00 -4.225355861840341537e-02
-9.427292446716332985e-02 -1.082486050340987882e+00 -3.880387546565747248e-02
-8.587429181249939258e-02 -1.082234943047766684e+00 -3.412006487836471286e-02
-1.095490804569894394e-01 -1.080760228634991105e+00 -5.637716654222572205e-02
-9.694376314102207126e-02 -1.079981815965247005e+00 -6.648546159565341118e-02
-1.043759806434253617e-01 -1.080296910465170290e+00 -6.323064721680088374e-02
-8.925593475096005314e-02 -1.080775541232919856e+00 -6.390156612271677417e-02
-8.617872603733064962e-02 -1.081611649675715547e+00 -5.448518173071785486e-02
-8.559831175306630013e-02 -1.082186271164084834e+00 -4.474557800671639940e-02
-9.319085875975420541e-02 -1.081984496367779158e+00 -4.765083534741050564e-02
-9.259271264079894925e-02 -1.081442788967890145e+00 -5.471769422102115699e-02
-1.021618255695320859e-01 -1.081399402349626060e+00 -5.116419984744009775e-02
-9.958380495824407930e-02 -1.080783964813939679e+00 -5.742199878387957424e-02
-9.296139980838771799e-02 -1.080825898002084173e+00 -6.025320799819184475e-02
-9.648891054102419484e-02 -1.080516690724590667e+00 -6.149179462827905618e-02
-1.213092731236003613e-01 -1.019995841027200312e+00 6.352832307659946878e-04
-9.080736919559231901e-02 -6.919286886538378312e-01 3.813092528697529376e-02
-7.644174799476030624e-02 -6.900350597028604982e-01 3.523655055743123155e-02
-1.069839685464540335e-01 -6.900390097975757087e-01 3.840791376214296865e-02
-1.329331170650272509e-01 -2.919718960013452103e-01 1.124928805008137411e-01
-8.005508378316456009e-02 -7.203070888370061153e-02 1.242352168430587989e-01
-7.967380982882758811e-02 -3.381126097479299208e-02 1.183948277258451559e-01
-7.925828084268499163e-02 -5.333285457347720915e-02 1.212539126797519962e-01
-1.345410497974972863e-01 -3.219690804361444725e-01 1.167394678705923061e-01
-1.231727099030784367e-01 -1.332519673235465704e-02 6.846446121266716589e-02
-1.020447232010287669e-01 1.283646450589062127e-01 1.078656211924531455e-01
-7.718144429898977921e-02 4.054341981760973268e-01 9.651448077600559630e-03
-7.513213110202415779e-02 4.025839534557514310e-01 8.638540523991915937e-03
-7.382959290345633696e-02 3.996809010073423818e-01 6.858228025664988431e-03
-7.308130073043229979e-02 3.975567413043701315e-01 3.981686916744695687e-03
-7.231700361113019282e-02 3.958275913294472259e-01 9.859041408340979765e-04
-7.089850060090478745e-02 3.954179907361417556e-01 -1.961544448347480631e-03
-7.541278130498375865e-02 4.006600708023690394e-01 4.389970790413213163e-03
-7.307881142170329081e-02 4.031106764374008389e-01 1.721892585529645209e-03
-7.362194346934956835e-02 4.042430041108773242e-01 3.544745798925238219e-03
-7.600492134934896948e-02 4.027444176485791005e-01 5.934861182763513134e-03
