# https://github.com/mikedh/trimesh
v -0.16470088 0.08761474 0.02980732
v -0.16289535 0.07481517 0.04192528
v -0.16118726 0.04948631 0.04284050
v -0.14962362 0.01630813 0.04560468
v -0.14566140 -0.00936229 0.04642661
v -0.15290149 -0.07560832 0.05326618
v -0.15887719 -0.09776805 0.04880642
v -0.16426450 -0.11916043 0.04967783
v -0.17189723 -0.13527922 0.04563139
v -0.18248810 -0.16425675 0.03733520
v -0.18928416 -0.18799512 0.03536876
v -0.19425586 -0.20889509 0.03344556
v -0.19400960 -0.23030573 0.03054255
v -0.20724188 -0.24412633 0.03121198
v -0.20915142 -0.26261324 0.02848136
v -0.20195270 -0.28287286 0.03040017
v -0.21583533 -0.32095239 0.03043418
v -0.20847535 -0.35810724 0.03262369
v -0.20964569 -0.37682429 0.03012856
v -0.21981405 -0.42226896 0.03929793
v -0.22987717 -0.45235723 0.03121151
v -0.22916242 -0.47235101 0.03424125
v -0.23196276 -0.51057661 0.03909761
v -0.22764464 -0.52874392 0.04242852
v -0.22062081 -0.54369742 0.04676615
v -0.21965666 -0.54609329 0.04570960
v -0.21897343 -0.54854614 0.04454481
v -0.21840003 -0.55330431 0.06433557
v -0.21791182 -0.55360919 0.08400311
v -0.21718493 -0.55340427 0.10266548
v -0.21598870 -0.55283487 0.12138165
v -0.21394925 -0.55214608 0.13982831
v -0.21087365 -0.55111980 0.15819027
v -0.20449764 -0.55007160 0.17538787
v -0.19519827 -0.54937339 0.19105279
v -0.18318552 -0.54840475 0.20475018
v -0.16952315 -0.54734892 0.21740450
v -0.15415739 -0.54660511 0.22816247
v -0.13665123 -0.54687512 0.23428428
v -0.11862605 -0.54651517 0.23924765
v -0.10086346 -0.54568732 0.24336849
v -0.08306766 -0.54500079 0.24708137
v -0.06526043 -0.54421455 0.25069731
v -0.04745255 -0.54359227 0.25383833
v -0.02957751 -0.54297507 0.25650007
v -0.01179307 -0.54290169 0.25810003
v 0.00657428 -0.54336154 0.25848714
v 0.00582185 -0.51635468 0.22649443
v -0.00128522 -0.48658350 0.19516695
v 0.00501102 -0.47341144 0.18411385
v 0.00299538 -0.45422891 0.17172290
v -0.00007908 -0.43627077 0.16147280
v 0.00219470 -0.37834325 0.13934109
v 0.01255936 -0.34720996 0.14369218
v 0.00909407 -0.33385083 0.16222057
v 0.00635005 -0.29379508 0.14888307
v 0.00396520 -0.27886888 0.16377996
v 0.00220387 -0.23847555 0.17074965
v 0.00392128 -0.21849221 0.17841308
v 0.00502470 -0.19658439 0.17713846
v 0.00156768 -0.14989969 0.17562339
v 0.00495579 -0.07241899 0.16921583
v 0.00655733 -0.05535746 0.16691549
v 0.00691773 -0.03145687 0.16368009
v 0.00373235 -0.00800935 0.15778857
v 0.01705163 0.00450204 0.15729366
v 0.01367457 0.02586052 0.15832123
v 0.01004676 0.04774437 0.16016117
v 0.01863451 0.06000184 0.16199033
v 0.00957698 0.08842452 0.15565807
v 0.00688586 0.10878195 0.15225831
v 0.00393862 0.13208188 0.14728670
v 0.00731479 0.13071337 0.12876861
v 0.01294530 0.16708022 0.10061060
v -0.00270420 0.17111319 0.08925400
v -0.01897060 0.18335332 0.08252161
v -0.03309834 0.19792837 0.07162942
v -0.04370476 0.21749885 0.05703238
v -0.05114248 0.23869574 0.03618687
v -0.05862343 0.25939229 0.01511419
v -0.06539187 0.27372274 -0.01213763
v -0.06642140 0.27319705 -0.04486733
v -0.07886624 0.27079043 -0.03099720
v -0.09915685 0.26480043 -0.03261179
v -0.11791459 0.26098818 -0.02964291
v -0.12691185 0.25475451 -0.01216722
v -0.12897661 0.24783802 0.00481599
v -0.12455717 0.23787504 0.02077069
v -0.11793387 0.22417647 0.03414508
v -0.11445385 0.21116331 0.04618862
v -0.11489488 0.19418064 0.05903643
v -0.11952027 0.17481285 0.06947625
v -0.12940842 0.15659690 0.07861422
v -0.13944007 0.13737324 0.08050122
v -0.14952452 0.11820296 0.07405420
v -0.15857595 0.10088289 0.05766217
v -0.22055869 -0.51292300 0.08735423
v -0.09223743 -0.45076081 0.18768060
v -0.04941855 -0.50321513 0.20705274
v -0.02300118 -0.52187145 0.23309141
v 0.00804208 -0.53129369 0.24333289
v -0.03317794 0.14893186 0.10728053
v -0.02343630 0.16853645 0.09191877
v -0.08845167 0.26422614 -0.01357223
v -0.21935599 -0.53909624 0.08160435
v -0.21853150 -0.51513046 0.12491207
v -0.18440551 -0.45511118 0.18256611
v -0.10676782 0.26059338 -0.01664573
v -0.05462343 -0.53099692 0.23674816
v -0.02040715 -0.53429401 0.24798381
v -0.07350022 0.26277417 -0.00155536
v -0.04981780 0.20325710 0.06519829
v -0.21498296 -0.53511989 0.13045055
v -0.07035635 0.24509495 0.02170458
v -0.14565276 -0.50132179 0.21301331
v -0.03651552 -0.53414911 0.24405754
v -0.21312672 -0.53501016 0.14949803
v -0.10747211 0.24349922 0.01303237
v -0.08976328 -0.52977401 0.22759032
v -0.12585595 -0.53403056 0.22495311
v -0.07303816 -0.53757602 0.24042761
v -0.19928803 -0.53467953 0.18300395
v -0.10980135 0.23345983 0.02513343
v -0.09254672 0.23806638 0.02343688
v -0.16856883 -0.53276914 0.21590503
v -0.18629822 -0.52551484 0.20047857
v -0.10101518 0.22161739 0.03840451
v -0.07146104 -0.52376264 0.22407755
v -0.14923298 -0.52895772 0.21894011
v -0.13731873 -0.51645011 0.21884626
v -0.10908101 -0.13067037 0.13277496
v -0.09490427 0.00125773 0.12606373
v -0.14766008 0.06680545 0.10160626
v -0.22260663 -0.48178214 0.06784543
v -0.22840962 -0.51771623 0.05921638
v -0.20919429 -0.38332540 0.12142106
v -0.01559796 -0.49517772 0.20473424
v -0.01400662 -0.51137686 0.22117344
v -0.00735459 -0.52694708 0.23885728
v -0.01369165 0.13121241 0.11731541
v -0.08771479 0.13169263 0.12164526
v -0.22288528 -0.53577071 0.06222914
v -0.03962252 0.18039246 0.08237188
v -0.03921205 0.16160497 0.09576294
v -0.05602498 0.18637037 0.07561801
v -0.08524725 0.16780066 0.08642091
v -0.05308669 0.14536045 0.10791095
v -0.05814350 0.16859168 0.08934550
v -0.07675499 0.18069638 0.07753497
v -0.21765812 -0.52302718 0.10272370
v -0.20650819 -0.52887797 0.16435605
v -0.05218467 -0.51562321 0.21904916
v -0.06840554 -0.50654715 0.20628740
v -0.08651072 0.25182277 0.00601465
v -0.11021713 -0.53213489 0.22546326
v -0.06272177 -0.24545878 0.16530660
v -0.16095069 -0.20694044 0.09892339
v -0.06150164 -0.13107139 0.16091812
v -0.04627240 0.02436951 0.15418135
v -0.15195140 0.09974097 0.07546002
v -0.15855588 0.06607013 0.06842215
v -0.21556668 -0.44074279 0.07006938
v -0.22385538 -0.47988409 0.05018676
v -0.22534703 -0.49895817 0.05339900
v -0.22242466 -0.50345600 0.06969033
v -0.22371073 -0.52128488 0.07386910
v -0.20696835 -0.38275978 0.08167887
v -0.02122814 -0.43077415 0.15861586
v -0.00374417 -0.50155824 0.21024509
v -0.04680439 0.12361822 0.14242236
v -0.01154813 0.13599490 0.14003631
v -0.10073075 0.18216850 0.07128868
v -0.09507938 0.14972134 0.09718494
v -0.21490690 -0.51638502 0.14678128
v -0.19917914 -0.51464367 0.18333644
v -0.20865838 -0.50387508 0.16415496
v -0.03052185 -0.50798273 0.21724588
v -0.03481527 -0.49816576 0.20454155
v -0.05347561 -0.47522807 0.18269190
v -0.06195144 -0.49166408 0.19417819
v -0.03868562 -0.52143162 0.22942242
v -0.09338181 -0.48440140 0.19224946
v -0.09913287 -0.50258797 0.20187086
v -0.08079439 -0.49448618 0.19554614
v -0.07547915 -0.47503647 0.18410641
v -0.20528325 -0.25212893 0.06775914
v -0.16044322 -0.12950429 0.07341906
v -0.15998951 0.08716530 0.05414508
v -0.16163722 0.06268965 0.05212561
v -0.15568376 0.04627098 0.06776418
v -0.22362614 -0.45953748 0.04742995
v -0.21899614 -0.45886534 0.06362519
v -0.22310455 -0.43973407 0.05450545
v -0.02041065 -0.38688552 0.14420243
v -0.02314668 -0.34978262 0.13926357
v -0.01974280 -0.46265301 0.17574736
v -0.01431852 -0.44885474 0.16754125
v -0.00280814 0.15607499 0.10229334
v -0.01584946 0.14461702 0.10128070
v -0.05016530 0.14092320 0.12958284
v -0.02498396 0.10066158 0.15598707
v -0.01233180 0.11761482 0.15090625
v -0.13461411 0.13035253 0.08818503
v -0.12032682 0.14620829 0.09109977
v -0.10983866 0.16317317 0.08147020
v -0.10697316 0.13767397 0.10685813
v -0.12438142 0.10835696 0.11389789
v -0.10881637 0.12100460 0.11739500
v -0.12401077 0.12620400 0.10122129
v -0.19840564 -0.49159309 0.18157423
v -0.18538585 -0.50293267 0.19595420
v -0.16953775 -0.50452238 0.20207107
v -0.02602711 -0.48220974 0.18985914
v -0.03867089 -0.46821168 0.17787628
v -0.03285344 -0.44948268 0.16709828
v -0.04006356 -0.42973256 0.16355565
v -0.02154913 -0.40641060 0.15018275
v -0.01738296 -0.27352333 0.16236626
v -0.00159642 -0.26066011 0.16950685
v -0.01975905 -0.25173825 0.17066655
v -0.03799770 -0.27099851 0.16018716
v -0.20112425 -0.29344505 0.05318967
v -0.01161339 -0.13155803 0.17373018
v -0.01885804 -0.15272446 0.17394224
v -0.15057597 -0.09403092 0.07114867
v -0.14493291 -0.05725405 0.06503236
v -0.16938724 -0.14220670 0.06253505
v -0.15471368 -0.11120168 0.06954899
v -0.17652781 -0.15515085 0.05132227
v -0.00763109 0.01640958 0.15575926
v -0.13977458 0.00238071 0.06295305
v -0.14036150 -0.01853330 0.06297834
v -0.15471759 0.07915631 0.07939652
v -0.15678571 0.03661529 0.05136871
v -0.15237255 0.05611693 0.08730972
v -0.21962254 -0.42412284 0.05827168
v -0.22000937 -0.50051612 0.10781606
v -0.21081610 -0.39393985 0.03568942
v -0.20859426 -0.37044185 0.04709117
v -0.00209001 -0.39443871 0.14371048
v -0.00110285 -0.35812682 0.13665530
v -0.00828197 -0.31999072 0.16479854
v -0.01233958 -0.30183464 0.15212102
v -0.03430244 -0.28903347 0.14495568
v -0.00515623 -0.41421783 0.15134358
v -0.03977162 0.13587356 0.11794706
v -0.02874661 0.13841772 0.13466516
v -0.06860417 0.12651163 0.13432769
v -0.08436884 0.14586675 0.11205813
v -0.06569930 0.14521000 0.12073288
v -0.02579467 0.12560916 0.14474660
v -0.00740432 0.09756656 0.15603891
v -0.03952101 0.11005796 0.14914580
v -0.21542841 -0.50086194 0.14497176
v -0.18288720 -0.47925806 0.19010994
v -0.05937998 -0.42530000 0.17027251
v -0.06104237 -0.40191433 0.16511974
v -0.04283767 -0.39405409 0.15420130
v -0.05873968 -0.37942404 0.15497470
v -0.07640542 -0.43525335 0.17931364
v -0.05674513 -0.44501638 0.17116675
v -0.01444499 -0.22748619 0.17741592
v -0.01157191 -0.20932886 0.17500779
v -0.01921608 -0.19212680 0.17502333
v -0.00752355 -0.28306475 0.15043801
v -0.02099664 -0.28143582 0.14741370
v -0.20912454 -0.25543186 0.04517835
v -0.20836411 -0.29933596 0.03383811
v -0.21293755 -0.31018928 0.04836768
v -0.00023226 -0.10966837 0.17162113
v -0.01031214 -0.08608229 0.16967021
v -0.04385090 -0.11314252 0.16590841
v -0.01579832 -0.06472534 0.16680910
v -0.15008263 -0.05334642 0.04789698
v -0.14537363 -0.03445040 0.05249886
v -0.14964738 -0.12130129 0.08785485
v -0.18759789 -0.19717458 0.05556013
v -0.00611612 0.03857362 0.15865453
v -0.00933312 0.05751955 0.16301511
v -0.02916637 0.03146677 0.15702906
v -0.03068108 0.01043351 0.15341641
v -0.13060538 -0.01105059 0.07929677
v -0.13577403 -0.03583258 0.07384742
v -0.14845762 0.02692055 0.06756906
v -0.14713834 0.03704486 0.08617961
v -0.21623616 -0.47371113 0.08461981
v -0.21724421 -0.44456792 0.10552058
v -0.21358424 -0.45300627 0.08638600
v -0.20688789 -0.40568972 0.07922754
v -0.21588211 -0.42026657 0.07938729
v -0.20981799 -0.41349071 0.10506057
v -0.21775760 -0.43300843 0.09415655
v -0.20991139 -0.36756599 0.06393680
v -0.21527277 -0.33479384 0.03764720
v -0.01690108 -0.37006819 0.13943654
v -0.04902434 -0.34874427 0.14006995
v -0.03908461 -0.37115440 0.14330171
v -0.03297893 -0.34185892 0.14766353
v -0.00927957 -0.34126395 0.15504327
v 0.00511431 -0.31177825 0.16271925
v -0.04210823 -0.31900916 0.16457674
v -0.08672272 0.09760307 0.14792112
v -0.10554025 0.10557432 0.13237590
v -0.07019550 0.15343614 0.10042836
v -0.00778579 0.07742535 0.15910512
v -0.04658419 0.09662850 0.15659837
v -0.06461016 0.10712337 0.14625061
v -0.06794763 0.08762687 0.15874518
v -0.08828060 0.11486457 0.13411698
v -0.20861527 -0.48731583 0.16387261
v -0.19667155 -0.47302186 0.17941704
v -0.16807324 -0.48666316 0.19497636
v -0.13992557 -0.43169749 0.18314570
v -0.07547852 -0.45580354 0.17923060
v -0.03947044 -0.18936463 0.17138764
v -0.05033439 -0.22812118 0.17113803
v -0.05271238 -0.21014857 0.16579059
v -0.18552588 -0.22078484 0.05200025
v -0.19919671 -0.23673789 0.06406014
v -0.18281618 -0.20827416 0.07273591
v -0.17241991 -0.21886283 0.08567733
v -0.18370833 -0.23221052 0.07074572
v -0.19421726 -0.24145545 0.08664539
v -0.19540024 -0.26512912 0.08239309
v -0.21383284 -0.32597664 0.06147438
v -0.20892026 -0.30397141 0.07030086
v -0.19828144 -0.28684145 0.07104456
v -0.02184413 -0.10807676 0.17000981
v -0.02883144 -0.08597013 0.16729778
v -0.03947104 -0.07100280 0.16288593
v -0.05192095 -0.08526283 0.15944523
v -0.04847992 -0.06230605 0.15835470
v 0.00935424 -0.17034395 0.17647097
v -0.00944921 -0.04242810 0.16426346
v -0.00921433 -0.02255348 0.16022140
v -0.04216659 -0.03903345 0.15672216
v -0.13702033 -0.05958994 0.08146636
v -0.02699186 0.06593800 0.16305570
v -0.02408780 0.04789556 0.16224436
v -0.06318428 0.03753412 0.15870985
v -0.06049803 -0.00352623 0.14400256
v -0.01778773 -0.00661897 0.15591106
v -0.12540023 -0.03077593 0.08799887
v -0.11056159 0.00217850 0.11226059
v -0.14225353 0.04563285 0.10724780
v -0.22167042 -0.49137199 0.08749966
v -0.21291357 -0.46418566 0.10447354
v -0.21757519 -0.49340418 0.12793568
v -0.21494129 -0.48179677 0.14551280
v -0.20675561 -0.39107329 0.05830680
v -0.21160641 -0.41013566 0.05572062
v -0.20547923 -0.39499438 0.10220348
v -0.21389085 -0.34739363 0.05245590
v -0.06016173 -0.35929868 0.14824674
v -0.02674593 -0.30363455 0.16105242
v -0.02787587 0.08537255 0.15984608
v -0.15448783 -0.49032095 0.20506637
v -0.12924460 -0.46240857 0.19966687
v -0.07583740 -0.38890234 0.16508257
v -0.02720592 -0.16888006 0.17320018
v -0.03203973 -0.21440482 0.17127277
v -0.10076497 -0.21223578 0.14338768
v -0.07082874 -0.22554263 0.16606240
v -0.17595428 -0.23421414 0.08705960
v -0.16951846 -0.19567093 0.08780306
v -0.17936343 -0.26162317 0.09480308
v -0.21033989 -0.26959461 0.06567322
v -0.20818019 -0.27665767 0.05011301
v -0.02638253 -0.02774249 0.15885116
v -0.02790310 -0.05068436 0.16276957
v -0.04193664 0.04823042 0.16244319
v -0.05948142 0.05285851 0.16368400
v -0.04662671 0.00439835 0.15072006
v -0.04095941 -0.01245261 0.15148486
v -0.05703068 -0.04964361 0.15207489
v -0.07355766 -0.06360850 0.14478099
v -0.06603540 -0.07728051 0.15142977
v -0.07230802 -0.09670317 0.15034555
v -0.06051711 -0.11186548 0.15947181
v -0.08033087 -0.11909628 0.14957145
v -0.09255727 -0.14159811 0.14565518
v -0.06335285 -0.15332516 0.16172116
v -0.08439887 -0.08053920 0.13880351
v -0.07875948 -0.14309891 0.15369436
v -0.08169676 -0.16310824 0.15330166
v -0.10160652 -0.09647588 0.12897319
v -0.06865884 -0.17526279 0.16085519
v -0.04944567 -0.17101805 0.16807447
v -0.09387082 -0.19391389 0.14619574
v -0.07529186 -0.20292528 0.15592661
v -0.06154348 -0.18970159 0.16453008
v -0.11051454 -0.04060711 0.10633776
v -0.10263336 -0.06093844 0.12064519
v -0.09383212 -0.04305575 0.12332072
v -0.11688279 -0.01373314 0.09916750
v -0.08408486 -0.02124044 0.13061431
v -0.07572410 -0.00814890 0.13649909
v -0.06188132 -0.02637662 0.14616260
v -0.12283321 0.02007115 0.11357519
v -0.11569663 0.07598681 0.14320347
v -0.13556662 0.02810343 0.10238346
v -0.21303152 -0.47511932 0.12326050
v -0.04762519 0.07313126 0.16331328
v -0.11055999 -0.48931918 0.20117962
v -0.12055963 -0.50341421 0.20930773
v -0.16601619 -0.46152109 0.18430109
v -0.14901897 -0.47286165 0.19879359
v -0.10422960 -0.43531513 0.18992750
v -0.04255772 -0.24951445 0.16824120
v -0.16131715 -0.15135355 0.08178589
v -0.19306499 -0.30355972 0.08823757
v -0.21047138 -0.33723170 0.09783673
v -0.21028259 -0.35392433 0.11157459
v -0.20966519 -0.37522277 0.10591281
v -0.20049661 -0.31697106 0.10158627
v -0.20987439 -0.31908810 0.08594003
v -0.21333118 -0.34118250 0.07576737
v -0.16280454 -0.29030627 0.14161734
v -0.20383966 -0.28159994 0.08667026
v -0.19251761 -0.28637815 0.10649640
v -0.18187568 -0.27013698 0.10727138
v -0.08369762 -0.33048135 0.14792362
v -0.17912349 -0.34074244 0.15254541
v -0.17806123 -0.28875270 0.12652393
v -0.06945282 -0.33657804 0.14469756
v -0.17412668 -0.31261098 0.12980339
v -0.19279210 -0.32425499 0.12399662
v -0.20396501 -0.33646891 0.11325110
v -0.16218355 -0.31071487 0.15094337
v -0.15982834 -0.25743720 0.10676859
v -0.18270144 -0.30762708 0.11089657
v -0.17825329 -0.32150060 0.14247172
v -0.05202190 -0.33468914 0.15606390
v -0.14312506 -0.10739300 0.08940876
v -0.12954472 -0.10091896 0.10472836
v -0.09828383 -0.17504752 0.14534374
v -0.10087378 -0.07674833 0.12499963
v -0.08992512 -0.06093911 0.13159466
v -0.06391027 0.01806002 0.14844070
v -0.09861021 0.03198414 0.14644134
v -0.08126978 0.03193830 0.15322782
v -0.08287061 0.05152535 0.16153252
v -0.08228951 0.01303208 0.14012392
v -0.09952173 0.02105689 0.13713016
v -0.07591523 -0.04482579 0.13893887
v -0.12560390 0.00800895 0.09666365
v -0.10402601 0.09038414 0.14484796
v -0.12175034 0.09301867 0.12885888
v -0.09477164 0.07305807 0.15739949
v -0.13671421 0.09118374 0.11128107
v -0.13700578 0.05479088 0.12122727
v -0.11353301 0.04677759 0.14468150
v -0.12987444 0.07753116 0.12821174
v -0.11479283 0.03144341 0.13502786
v -0.09718885 0.04511318 0.15411836
v -0.12849276 0.03911832 0.12538162
v -0.13099045 -0.48381749 0.20705217
v -0.15563118 -0.44777814 0.18270761
v -0.17934898 -0.41759342 0.17293367
v -0.17275017 -0.44064024 0.18002598
v -0.20752406 -0.39766300 0.12624364
v -0.09020083 -0.43077680 0.18427591
v -0.12580985 -0.44209120 0.18592629
v -0.07947992 -0.41257340 0.17570901
v -0.09218080 -0.39868578 0.17379896
v -0.09942382 -0.41763785 0.18180847
v -0.11760473 -0.42053604 0.18573859
v -0.03169108 -0.23458102 0.17471346
v -0.16311255 -0.17386532 0.08928910
v -0.15196685 -0.15977286 0.09882317
v -0.13207404 -0.16263878 0.11965728
v -0.14411032 -0.16802526 0.11018642
v -0.14217958 -0.25216928 0.11679858
v -0.08156072 -0.35091847 0.15218517
v -0.11477162 -0.33507219 0.14892773
v -0.20925765 -0.36451063 0.12726749
v -0.10247183 -0.15421095 0.13912740
v -0.11812738 -0.09136628 0.11332747
v -0.11634141 -0.06758296 0.10913476
v -0.10988653 0.01629680 0.12432237
v -0.07234236 0.06794164 0.16355933
v -0.08481955 0.08420672 0.15685077
v -0.13835879 0.11084363 0.09395760
v -0.14662254 0.08860213 0.09488822
v -0.14016747 0.07309090 0.11506241
v -0.10619855 0.06072678 0.15211472
v -0.21644250 -0.42941183 0.11601166
v -0.11638376 -0.47532323 0.19757612
v -0.14537203 -0.45710352 0.18698464
v -0.11266889 -0.45338351 0.19605896
v -0.10593271 -0.38531452 0.17337601
v -0.11686100 -0.17001598 0.13244162
v -0.11447082 -0.19218346 0.13301271
v -0.13288811 -0.18098833 0.12026457
v -0.14595929 -0.19209334 0.11052416
v -0.09171335 -0.22652884 0.15824793
v -0.08503514 -0.21142034 0.15271342
v -0.12106504 -0.14752120 0.12413175
v -0.14837134 -0.13821214 0.09395740
v -0.14734119 -0.22869937 0.11444610
v -0.16119084 -0.23889446 0.12250684
v -0.16074398 -0.22858991 0.10036646
v -0.04390531 -0.29920495 0.15870085
v -0.05914074 -0.30992222 0.16435863
v -0.07627341 -0.29784197 0.15983970
v -0.08956669 -0.31820607 0.16371480
v -0.09111916 -0.29799524 0.16024107
v -0.10759035 -0.31316507 0.16394450
v -0.14581092 -0.29597577 0.15119579
v -0.12737763 -0.29883799 0.15695015
v -0.07235849 -0.32115674 0.16330954
v -0.08053938 -0.36728629 0.15934905
v -0.10113349 -0.35364527 0.15966403
v -0.12630303 -0.35271153 0.15826353
v -0.13568741 -0.33304140 0.15078917
v -0.11328282 -0.36754876 0.16824494
v -0.09696817 -0.33321005 0.14782888
v -0.20252074 -0.34710735 0.12825361
v -0.17195335 -0.36145210 0.15933897
v -0.18627694 -0.36340600 0.14518251
v -0.16374913 -0.35056570 0.15298894
v -0.14334670 -0.31397697 0.16026959
v -0.16045314 -0.42613268 0.17695504
v -0.15994041 -0.41174635 0.17299952
v -0.14178939 -0.39707077 0.17524602
v -0.21309692 -0.41117373 0.13080728
v -0.21460274 -0.46177450 0.14539368
v -0.13247822 -0.40875649 0.18116498
v -0.11198612 -0.40018085 0.17902835
v -0.09344546 -0.37580898 0.16738272
v -0.17570515 -0.18727714 0.07479595
v -0.17082474 -0.16565615 0.07148461
v -0.18070404 -0.17763254 0.05707713
v -0.08360413 -0.24706212 0.15970860
v -0.10186454 -0.24540952 0.15289322
v -0.07376675 -0.26055798 0.15413062
v -0.05848354 -0.26406074 0.15699507
v -0.14502348 -0.23872164 0.13413046
v -0.11677017 -0.21821609 0.13464326
v -0.07706647 -0.28735131 0.14470845
v -0.12754458 -0.12969226 0.11696804
v -0.13578008 -0.14815103 0.11099307
v -0.14798805 -0.21157524 0.11119339
v -0.13236851 -0.20629685 0.12175160
v -0.17725140 -0.23939680 0.10796851
v -0.14102700 -0.28082705 0.14190742
v -0.12865618 -0.26850975 0.12659624
v -0.15214795 -0.27242711 0.12487748
v -0.10968201 -0.28980318 0.15368001
v -0.09427019 -0.28207189 0.13947609
v -0.08801521 -0.25940278 0.13861293
v -0.10843541 -0.27480796 0.13431986
v -0.11025818 -0.25335836 0.13150583
v -0.12027568 -0.28156805 0.14514476
v -0.13493881 -0.36866978 0.16906819
v -0.15275636 -0.36274615 0.16467148
v -0.12335309 -0.38349274 0.17520919
v -0.15979217 -0.33124802 0.15801881
v -0.20758480 -0.38021004 0.13920435
v -0.15645769 -0.39498949 0.17317325
v -0.17323384 -0.39917418 0.16782930
v -0.21751091 -0.45066485 0.12560628
v -0.20919868 -0.47289011 0.15989804
v -0.10726707 -0.22591637 0.15087898
v -0.12437978 -0.23676896 0.14649040
v -0.12813905 -0.24520783 0.12826429
v -0.05707382 -0.28877136 0.15196085
v -0.11638989 -0.11347620 0.12229020
v -0.13316041 -0.22531781 0.12520076
v -0.14438158 -0.38166776 0.17363316
v -0.14709377 -0.35190904 0.15322989
v -0.16109174 -0.38019967 0.16095881
v -0.20729500 -0.39982343 0.14702660
v -0.19282292 -0.38445589 0.14666218
v -0.17837659 -0.38506481 0.15238933
v -0.21506542 -0.42830047 0.13166732
v -0.20954567 -0.44334817 0.14586605
v -0.20198424 -0.45265180 0.16706493
v -0.19845887 -0.42844009 0.16327468
v -0.19305953 -0.40310633 0.16046372
v -0.20625295 -0.42116562 0.14683414
v -0.08727805 -0.51321429 0.21055084
v -0.06167255 0.23164985 0.04086113
v -0.08009603 0.23007607 0.03552917
v -0.06582472 0.21787314 0.05117462
v -0.08887386 0.19790031 0.06135428
v -0.07174428 0.20037684 0.06280430
v -0.08510801 0.21472712 0.04816797
v -0.10060728 0.20879599 0.05044005
v -0.03501593 -0.13096681 0.16992152
v -0.13784541 -0.08755992 0.09139591
v -0.14216775 -0.07545219 0.08073197
v -0.04413112 -0.15081780 0.16838382
v -0.12687576 -0.32029456 0.16035974
v 0.16744803 0.08892071 0.02160686
v 0.16536883 0.05308660 0.03554550
v 0.15985195 0.03188506 0.04207498
v 0.14877686 -0.03062041 0.03877012
v 0.15132889 -0.05119652 0.03730715
v 0.15672478 -0.07127047 0.03703271
v 0.16007790 -0.09220406 0.03639184
v 0.16647699 -0.11479522 0.03896277
v 0.17880957 -0.15139478 0.03810722
v 0.18455936 -0.16900888 0.02991728
v 0.20038554 -0.22887686 0.02747091
v 0.21428336 -0.30267018 0.02426974
v 0.21743514 -0.32055348 0.02446140
v 0.21605933 -0.34009162 0.02577667
v 0.22080399 -0.35921541 0.02634428
v 0.22338550 -0.37577391 0.02766113
v 0.21959975 -0.39720836 0.02136833
v 0.22450751 -0.41271168 0.03219452
v 0.23374569 -0.46584189 0.03603842
v 0.23216212 -0.48494583 0.02824578
v 0.22799455 -0.51149982 0.03487381
v 0.22602975 -0.53107244 0.03816332
v 0.22554341 -0.54741806 0.04305614
v 0.22532752 -0.55024767 0.04215999
v 0.22539353 -0.55307359 0.04118213
v 0.22243279 -0.55443984 0.05968108
v 0.22026102 -0.55442512 0.07906258
v 0.21956454 -0.55420345 0.09754777
v 0.21846014 -0.55365074 0.11604202
v 0.21729442 -0.55301064 0.13440545
v 0.21540380 -0.55196977 0.15262303
v 0.21164398 -0.55065852 0.17047128
v 0.20443076 -0.54916805 0.18708372
v 0.19466035 -0.54762745 0.20212200
v 0.18123266 -0.54633206 0.21437523
v 0.16663849 -0.54494864 0.22540060
v 0.14998159 -0.54405147 0.23334658
v 0.13265026 -0.54349023 0.23919916
v 0.11492535 -0.54322875 0.24373955
v 0.09680802 -0.54304886 0.24782304
v 0.07879395 -0.54276848 0.25151536
v 0.06147314 -0.54217869 0.25467792
v 0.04343515 -0.54211223 0.25692138
v 0.02514305 -0.54265249 0.25806952
v 0.01533497 0.17563003 0.08589739
v 0.03024594 0.19066337 0.07839483
v 0.04279659 0.20694226 0.06700152
v 0.05083701 0.22742786 0.05133932
v 0.05643771 0.24644010 0.03065058
v 0.06283265 0.26526678 0.00945514
v 0.06820297 0.27747452 -0.01864247
v 0.06878342 0.27330071 -0.05102524
v 0.09956104 0.26916707 -0.03567499
v 0.12091647 0.26509961 -0.03425714
v 0.13030301 0.25893667 -0.01748765
v 0.13317989 0.25474858 -0.00013581
v 0.12909503 0.24665053 0.01600263
v 0.12416613 0.23508291 0.02819893
v 0.12117950 0.22067451 0.04157769
v 0.12215585 0.20361847 0.05433079
v 0.12790085 0.18361218 0.06415886
v 0.13683826 0.16305605 0.06995246
v 0.14678766 0.14292563 0.07247387
v 0.15744483 0.12320795 0.06585800
v 0.16555309 0.10355863 0.05148577
v 0.04338902 -0.51622999 0.22824311
v 0.01453343 0.15713423 0.08993482
v 0.07921609 0.17168351 0.08875144
v 0.08158865 0.27421826 -0.03656191
v 0.22581904 -0.46752480 0.11217541
v 0.08904456 -0.51750869 0.22021319
v 0.07202058 0.20096847 0.06610864
v 0.08181748 0.23289597 0.03601243
v 0.09205480 0.26906377 -0.01832221
v 0.07330868 0.25443915 0.01468824
v 0.22797789 -0.50468159 0.12203405
v 0.04934649 -0.53188592 0.24434468
v 0.05827065 0.21395439 0.05963552
v 0.06358665 0.23511505 0.04093653
v 0.11079866 0.26308179 -0.01341672
v 0.10796506 0.25152487 0.00734735
v 0.07691145 0.26919654 -0.00757066
v 0.15065552 -0.51541841 0.21289624
v 0.21978478 -0.50682729 0.15260889
v 0.22222592 -0.54395139 0.07253215
v 0.09323067 -0.53273666 0.23674467
v 0.12045592 -0.53099084 0.23077562
v 0.15573090 -0.53039056 0.22340354
v 0.22037372 -0.53727090 0.12716486
v 0.20794018 -0.53195328 0.18015803
v 0.06521722 -0.52653170 0.23526078
v 0.18525869 -0.52665234 0.20805398
v 0.16927095 -0.51828271 0.21409513
v 0.13939123 -0.53237635 0.22828236
v 0.16924128 -0.53198940 0.21969385
v 0.14761293 -0.25963521 0.14036945
v 0.10592835 0.00377886 0.13425568
v 0.15069278 0.07768179 0.10683697
v 0.03609399 -0.49972427 0.21038017
v 0.04351782 0.14515449 0.11168618
v 0.07706618 -0.38421798 0.16730058
v 0.23134112 -0.46731248 0.07624187
v 0.02186877 -0.52302366 0.23441240
v 0.02325322 -0.51075429 0.22160570
v 0.07603049 0.24378447 0.02644370
v 0.07506715 0.21994659 0.05069701
v 0.09237131 0.20355092 0.05997947
v 0.09788351 0.21767886 0.04638756
v 0.10870615 0.20725694 0.05375695
v 0.11197942 0.19177742 0.06443839
v 0.10400984 0.22887520 0.03477189
v 0.09907761 0.18388601 0.07369062
v 0.11789381 0.16819523 0.07834325
v 0.06522155 0.18484767 0.07897667
v 0.08328111 0.18723550 0.07511162
v 0.10371873 0.13082777 0.12067902
v 0.02988758 0.16993311 0.09307289
v 0.10075324 0.14606300 0.10391772
v 0.09782602 0.16553116 0.08888652
v 0.22457841 -0.53646636 0.05726259
v 0.23245934 -0.52399737 0.05292010
v 0.22872584 -0.52581775 0.07566385
v 0.22915401 -0.49692982 0.10134371
v 0.23186091 -0.51058829 0.08608596
v 0.22809528 -0.51586568 0.10600224
v 0.22993073 -0.49214411 0.08090566
v 0.23475976 -0.50199747 0.05296994
v 0.22251005 -0.53721035 0.10924280
v 0.22438516 -0.53237599 0.09219377
v 0.22635606 -0.48474237 0.11530244
v 0.22657171 -0.48145804 0.09483962
v 0.22324088 -0.51772445 0.13800351
v 0.21889552 -0.53081512 0.14708644
v 0.21440370 -0.52991116 0.16469555
v 0.08830757 0.25878701 0.00179978
v 0.20304938 -0.50936216 0.18871504
v 0.18915607 -0.24961296 0.09226985
v 0.07813132 -0.29543084 0.15354687
v 0.15058286 -0.12187034 0.09052096
v 0.07879502 -0.08135102 0.14932056
v 0.15642580 0.09828755 0.07969011
v 0.01426514 -0.49847221 0.20790894
v 0.13296461 0.14881012 0.08344400
v 0.11549105 0.14862263 0.09434520
v 0.11867259 0.13145237 0.10923822
v 0.23491776 -0.46575689 0.05486077
v 0.23144488 -0.41885096 0.06212690
v 0.05163947 -0.50251800 0.20788135
v 0.06719875 -0.51445907 0.21888047
v 0.05330460 0.19539155 0.07288219
v 0.04962215 0.17717104 0.08640480
v 0.04681589 0.16011210 0.09922114
v 0.06406340 0.16958448 0.09157256
v 0.06346627 0.15310627 0.10644967
v 0.02840634 0.15329014 0.10501927
v 0.00832991 0.13767302 0.10441784
v 0.02685319 0.13430861 0.11856087
v 0.22531742 -0.52192175 0.12124254
v 0.23438197 -0.50825787 0.06711107
v 0.23451148 -0.48722509 0.06398076
v 0.23502117 -0.48557690 0.04753675
v 0.17188478 -0.48424149 0.19619259
v 0.13965872 -0.49627167 0.20144016
v 0.11726813 -0.46489295 0.18803041
v 0.13573313 -0.47863719 0.19116190
v 0.16243771 -0.50128579 0.20491552
v 0.15771548 -0.48296368 0.19313627
v 0.18515819 -0.50463068 0.20284158
v 0.19242570 -0.49011126 0.19438347
v 0.18063021 -0.44618747 0.18259855
v 0.13360152 -0.45833489 0.18677311
v 0.15191799 -0.46557605 0.18552916
v 0.16381863 -0.44590870 0.17963278
v 0.12261111 -0.44066837 0.17990336
v 0.10069931 -0.44948137 0.18044618
v 0.10604606 -0.42630881 0.17368396
v 0.12627345 -0.41956982 0.16797461
v 0.08797158 -0.42842710 0.17531906
v 0.15772164 -0.42405519 0.17116874
v 0.13799733 -0.43041307 0.17251195
v 0.08426376 -0.45937520 0.18894629
v 0.10291182 -0.46785489 0.19393837
v 0.08423316 -0.47337964 0.19613256
v 0.08307074 -0.48976269 0.20282722
v 0.08973798 -0.41325369 0.16585356
v 0.19720733 -0.42239639 0.16044222
v 0.22514872 -0.47463673 0.14362885
v 0.17994632 -0.42783886 0.17622644
v 0.14279205 -0.44390312 0.18023354
v 0.10757740 -0.40774009 0.16579773
v 0.07641704 -0.44184366 0.17938222
v 0.06946135 -0.42598701 0.17168041
v 0.22634055 -0.46848187 0.13036960
v 0.22425465 -0.45095900 0.14833583
v 0.22162908 -0.48867488 0.15181288
v 0.06260119 -0.45837179 0.17861201
v 0.22576155 -0.49503037 0.13701755
v 0.06334643 -0.41332817 0.16225490
v 0.03966688 -0.45354626 0.16943869
v 0.05483032 -0.43904078 0.16877465
v 0.13155153 -0.51540875 0.21690948
v 0.09918565 -0.49916631 0.21005359
v 0.19347538 -0.24976364 0.05564643
v 0.03880315 -0.22514680 0.16753079
v 0.05048543 -0.33833909 0.15159453
v 0.13846952 -0.03188239 0.07157452
v 0.14283322 0.00530720 0.07243422
v 0.04825656 0.03433781 0.16153821
v 0.03920635 -0.00334187 0.15777659
v 0.02730839 -0.03968082 0.16437045
v 0.16224788 0.04796378 0.05789964
v 0.16270725 0.06668533 0.06801058
v 0.16548237 0.06659968 0.05018028
v 0.15816982 0.04631349 0.07620595
v 0.15998550 0.10529755 0.06557746
v 0.14430764 0.12927030 0.08290334
v 0.16553381 0.08918100 0.04751611
v 0.01935663 -0.48076379 0.19159296
v 0.08397731 0.14119323 0.11321347
v 0.12936740 0.10370705 0.12253865
v 0.02477920 0.13701534 0.14003792
v 0.02085636 -0.39203492 0.14489986
v 0.23271492 -0.44645634 0.04572813
v 0.22966656 -0.40706730 0.05035616
v 0.22430360 -0.37043402 0.04600234
v 0.04457046 0.14166974 0.13054761
v 0.18804973 -0.47247314 0.19026485
v 0.16987462 -0.46525595 0.18759960
v 0.04546460 -0.48750991 0.19351412
v 0.06315124 -0.48692724 0.19470192
v 0.06515739 -0.47365934 0.18719441
v 0.06523873 -0.49991167 0.20503202
v 0.21514240 -0.48907381 0.17000945
v 0.03215881 -0.43537337 0.15996338
v 0.04174325 -0.40447429 0.15594661
v 0.06829302 -0.39756829 0.16588041
v 0.05782992 -0.37502789 0.15634120
v 0.02057921 -0.44774428 0.16624385
v 0.02312512 -0.46307102 0.17529385
v 0.11081824 -0.51735872 0.22006878
v 0.11946911 -0.49852210 0.20970985
v 0.11873452 -0.48386866 0.19995016
v 0.08244186 -0.50497985 0.21011329
v 0.20073289 -0.23135914 0.05083391
v 0.20958124 -0.27620685 0.05107235
v 0.19384126 -0.24353512 0.03311841
v 0.20141545 -0.26351342 0.03590545
v 0.04857120 -0.18932460 0.17298234
v 0.03357461 -0.35183990 0.14101589
v 0.17324634 -0.13443615 0.04047935
v 0.16648600 -0.12701786 0.05884538
v 0.17858869 -0.16386665 0.05457439
v 0.16051698 -0.10364682 0.05440747
v 0.15561540 -0.09389954 0.06629668
v 0.02337568 -0.07012384 0.16813144
v 0.02923678 -0.15183966 0.17446984
v 0.03180051 -0.12782191 0.17212525
v 0.01043128 -0.13152802 0.17429121
v 0.14935388 0.00891517 0.04735877
v 0.15422069 0.02626553 0.06074133
v 0.02674329 0.03957466 0.15982506
v 0.03840118 0.01620897 0.16026326
v 0.04034784 -0.47301474 0.18146402
v 0.08453023 0.15680587 0.10017986
v 0.06415953 0.13721082 0.12073758
v 0.07503427 0.11324431 0.14267996
v 0.06398734 0.12889355 0.13872747
v 0.03842673 0.12329624 0.14569697
v 0.08593059 0.12976718 0.13071507
v 0.01635830 0.11974733 0.14933984
v 0.02853679 0.10087860 0.15150870
v 0.19578214 -0.43911630 0.17156965
v 0.03199893 -0.48749402 0.19732775
v 0.20553581 -0.49588251 0.18356247
v 0.21191831 -0.50876063 0.17506932
v 0.05224021 -0.39335963 0.16000453
v 0.10147513 -0.48291826 0.20303035
v 0.19473502 -0.21035922 0.03749596
v 0.18864910 -0.21691522 0.05987042
v 0.19693980 -0.23422353 0.07446449
v 0.17973688 -0.22104739 0.07834913
v 0.20277324 -0.26665729 0.06109814
v 0.20090114 -0.26491994 0.08367570
v 0.18445486 -0.22921327 0.09773011
v 0.16787805 -0.21472545 0.09065071
v 0.21187900 -0.28608412 0.03408905
v 0.21261422 -0.29342386 0.05772686
v 0.21034652 -0.28012818 0.07465641
v 0.20661619 -0.30076367 0.07927240
v 0.19939739 -0.26484582 0.09785808
v 0.22141337 -0.32925165 0.04162377
v 0.21581888 -0.30937019 0.04127402
v 0.01731114 -0.22900708 0.17058502
v 0.01863610 -0.25648421 0.17049436
v 0.02249309 -0.30453950 0.15091352
v 0.02480250 -0.31872302 0.16713351
v 0.15787557 -0.11543525 0.07328585
v 0.18493064 -0.17854133 0.04694251
v 0.18971151 -0.18836267 0.03336013
v 0.18072753 -0.19841273 0.07737941
v 0.16903435 -0.18390864 0.08845661
v 0.17786252 -0.17907956 0.06882217
v 0.16816784 -0.16365683 0.07815398
v 0.15618478 -0.17291728 0.09887797
v 0.16713136 -0.19821300 0.09859446
v 0.17294565 -0.14951260 0.06053228
v 0.16204926 -0.13951635 0.07868306
v 0.13489178 -0.18965292 0.12924305
v 0.15567105 -0.07968614 0.05376683
v 0.14059015 -0.05366086 0.07672650
v 0.15082647 -0.06173624 0.05681185
v 0.02710414 -0.18057661 0.17554618
v 0.04829071 -0.16447303 0.17108396
v 0.03061309 0.07969855 0.15811969
v 0.04221510 -0.02489822 0.16205651
v 0.05603439 -0.01682102 0.15909034
v 0.02251067 -0.01914949 0.16204894
v 0.21957901 -0.35268995 0.04984521
v 0.22293290 -0.33535272 0.06576479
v 0.22709812 -0.38108382 0.07935241
v 0.22721495 -0.39179105 0.04117744
v 0.19190240 -0.45824501 0.18364069
v 0.21848220 -0.46694365 0.16213605
v 0.20503476 -0.46498504 0.17603500
v 0.20917314 -0.45105076 0.16874227
v 0.20571186 -0.47894198 0.17893550
v 0.01465407 -0.42866433 0.15626761
v 0.02882099 -0.41454080 0.15242304
v 0.08047090 -0.36118162 0.15373224
v 0.19309665 -0.25582579 0.07457522
v 0.16733265 -0.22257479 0.10976508
v 0.15316798 -0.21143420 0.10498465
v 0.16491082 -0.24916559 0.12754942
v 0.17886549 -0.26284745 0.11744292
v 0.15694210 -0.22600360 0.12187892
v 0.17519140 -0.24131185 0.11575800
v 0.04786085 -0.24287710 0.17091663
v 0.03247358 -0.24935046 0.17176551
v 0.07561737 -0.25916156 0.16448082
v 0.06293471 -0.23594256 0.16092798
v 0.06081813 -0.25404966 0.17008862
v 0.05956350 -0.27558810 0.15980443
v 0.03043389 -0.33920237 0.15623799
v 0.04313227 -0.32281557 0.16907859
v 0.06232388 -0.32505289 0.16806407
v 0.01906719 -0.37069869 0.13808587
v 0.03804927 -0.38144198 0.15052617
v 0.13523306 -0.12248561 0.11124775
v 0.18718994 -0.19438854 0.05408782
v 0.15769258 -0.15592796 0.09469567
v 0.13463327 -0.21446541 0.12101888
v 0.14846016 -0.19555661 0.11822909
v 0.10459922 -0.20882499 0.14573762
v 0.14542499 -0.23543927 0.13595569
v 0.12305038 -0.20251855 0.13495328
v 0.11583502 -0.21968572 0.13434543
v 0.15665501 -0.18743171 0.10650709
v 0.14731878 -0.04588680 0.05562953
v 0.14693661 -0.07555796 0.07544108
v 0.14922959 -0.10197433 0.08394944
v 0.01362411 -0.09409517 0.17022409
v 0.03557254 -0.10885420 0.16957541
v 0.05667581 -0.10564956 0.16354094
v 0.07154307 -0.12016065 0.15993281
v 0.03937355 -0.08857730 0.16703124
v 0.14498860 -0.03008791 0.05387034
v 0.14809404 -0.01270969 0.04280589
v 0.13349798 -0.01563001 0.08391807
v 0.07243251 0.03584340 0.16068661
v 0.06502853 0.04912550 0.16275638
v 0.08291461 0.02148056 0.15426338
v 0.22400488 -0.37434682 0.06363023
v 0.22762287 -0.40330458 0.07046326
v 0.09458097 -0.36941993 0.16497162
v 0.05547734 -0.35646069 0.14346781
v 0.18914485 -0.25306553 0.10776596
v 0.03726079 -0.28379080 0.15499058
v 0.05281353 -0.21259303 0.17043440
v 0.07281421 -0.21389478 0.16225994
v 0.04003442 -0.30813795 0.15481287
v 0.08533302 -0.33165538 0.16226879
v 0.14711291 -0.13922764 0.10103964
v 0.12974900 -0.14099243 0.12109826
v 0.14315566 -0.15750928 0.11229430
v 0.13922343 -0.17647623 0.11760002
v 0.12463934 -0.16246822 0.12963228
v 0.11951628 -0.17683111 0.13427110
v 0.03639134 -0.20221554 0.17605729
v 0.01811551 -0.11253777 0.17195159
v 0.05542142 -0.12713848 0.16701354
v 0.09306972 -0.14313188 0.15081750
v 0.07487169 -0.10060191 0.15441628
v 0.14264745 -0.01207784 0.06210867
v 0.14680097 0.02288583 0.08181865
v 0.15177894 0.04103828 0.09486617
v 0.06083211 0.00167586 0.15511823
v 0.05272825 0.08936018 0.15649416
v 0.05317146 0.11122666 0.14692752
v 0.06689923 0.10113999 0.15124224
v 0.10242271 0.08541058 0.15193509
v 0.08993828 0.09821020 0.14920840
v 0.09972837 0.11179875 0.13623843
v 0.11750120 0.11441474 0.12403151
v 0.13204940 0.07100111 0.13725030
v 0.07341529 -0.01214792 0.15270355
v 0.06455112 0.01698255 0.15791300
v 0.08429117 0.00542000 0.14885329
v 0.22607633 -0.39039278 0.05883762
v 0.23097205 -0.44404244 0.07482498
v 0.22746745 -0.45822734 0.09323806
v 0.10006125 -0.38593066 0.17083813
v 0.04353089 -0.26541045 0.16805303
v 0.05763641 -0.29170653 0.14995742
v 0.06044887 -0.30368841 0.16207640
v 0.09871317 -0.22736523 0.14566934
v 0.06427984 -0.19649658 0.16806619
v 0.07838088 -0.19724542 0.16243841
v 0.06571660 -0.17901583 0.16676247
v 0.08739915 -0.16003592 0.15530407
v 0.06778660 -0.15374781 0.16396487
v 0.07779555 -0.13687921 0.15836816
v 0.11811221 -0.14294896 0.13219406
v 0.10601350 -0.13510835 0.14077687
v 0.07385192 -0.33956689 0.14883268
v 0.10452621 -0.33282313 0.16128242
v 0.09826081 -0.34295407 0.14934716
v 0.09673019 -0.31457829 0.16787978
v 0.10372834 -0.35358405 0.15984984
v 0.12999953 -0.22932057 0.14065260
v 0.11474147 -0.19056034 0.14346308
v 0.12852933 -0.03599168 0.09047835
v 0.13195033 -0.06027159 0.09362793
v 0.12658495 -0.07766615 0.10563374
v 0.13931885 -0.08290793 0.09181707
v 0.10662950 -0.08993003 0.12873450
v 0.11480998 -0.05365673 0.11191012
v 0.11930096 -0.09019534 0.11675829
v 0.11967926 -0.03840219 0.10366993
v 0.09447365 -0.07614496 0.13607591
v 0.09639335 -0.05278243 0.12949231
v 0.11048596 -0.06866077 0.11972498
v 0.10956997 -0.03506411 0.11597633
v 0.09291953 -0.03017426 0.13418731
v 0.12754598 -0.10867720 0.11553650
v 0.13534914 -0.09762828 0.10259604
v 0.06132055 -0.08103938 0.15928052
v 0.15252921 0.05932009 0.10557500
v 0.07966446 0.08395337 0.15787692
v 0.06531447 0.06669745 0.16223778
v 0.08552281 0.05795169 0.16238578
v 0.08977092 -0.01309102 0.14077577
v 0.22837496 -0.42332941 0.08219403
v 0.23403257 -0.45138887 0.06072026
v 0.23280677 -0.43620178 0.05960855
v 0.22739053 -0.44872639 0.11564006
v 0.22822221 -0.43844762 0.09700702
v 0.03798978 -0.36802807 0.14240827
v 0.16399309 -0.29062259 0.13915984
v 0.15967134 -0.27247858 0.12521474
v 0.17443736 -0.28134683 0.11901502
v 0.18963514 -0.27721676 0.10592664
v 0.07544554 -0.27609900 0.15033671
v 0.09401795 -0.26378393 0.15750022
v 0.10772768 -0.15840268 0.14230202
v 0.08897489 -0.12036492 0.14972019
v 0.14349167 -0.11079210 0.09792513
v 0.09719027 -0.19254498 0.15354481
v 0.09395651 -0.09716365 0.14083448
v 0.10811149 -0.01732134 0.12296347
v 0.12156540 -0.01945643 0.10421716
v 0.12186047 0.00040829 0.11477777
v 0.13333495 0.00355713 0.09595226
v 0.13224298 0.03171979 0.12580094
v 0.13718873 0.02199935 0.10532790
v 0.12347887 0.01503211 0.12245870
v 0.12144643 -0.12360115 0.12569509
v 0.15845791 0.07832229 0.08557089
v 0.14285523 0.06661612 0.12412116
v 0.11866502 0.03847052 0.14407507
v 0.10532422 0.05843842 0.15779148
v 0.09733145 0.03819053 0.15714520
v 0.11996229 0.06570278 0.14832845
v 0.11722232 0.02625313 0.13828844
v 0.09942740 0.01990520 0.14673765
v 0.13320561 0.05006033 0.13531195
v 0.23017579 -0.40123212 0.09346171
v 0.22226948 -0.38727143 0.10270412
v 0.23093942 -0.41660115 0.10048226
v 0.10187533 -0.17482945 0.14674868
v 0.06297538 -0.04672459 0.15477990
v 0.07022207 -0.06295320 0.15285787
v 0.08200331 -0.04486485 0.14368069
v 0.07091179 -0.02806775 0.14864792
v 0.04948540 -0.03939251 0.15820944
v 0.08334722 -0.06448592 0.14363480
v 0.14364137 0.04306680 0.11668149
v 0.15774445 0.06291515 0.09035777
v 0.15178141 0.09182335 0.09620599
v 0.14596593 0.11058972 0.09390629
v 0.13288639 0.11630610 0.10864539
v 0.14198977 0.09732479 0.11070462
v 0.13595377 0.08779753 0.12584114
v 0.13251849 0.13122492 0.09736302
v 0.20330368 -0.37480497 0.15026073
v 0.22376435 -0.43180314 0.14275347
v 0.10874505 -0.11057770 0.13243233
v 0.21480571 -0.38132349 0.12666081
v 0.22938235 -0.42922035 0.12037626
v 0.19236362 -0.40299380 0.15523972
v 0.17790794 -0.41049954 0.17012145
v 0.14442162 -0.40691364 0.16932249
v 0.13776883 -0.38579625 0.17245227
v 0.12206908 -0.39543369 0.17216586
v 0.11005364 0.24153632 0.02089304
v 0.09202534 0.24425589 0.02016139
v 0.21498705 -0.31539086 0.06044945
v 0.20783687 -0.28447369 0.09523819
v 0.04842998 -0.14542593 0.17061052
v 0.22081089 -0.37076011 0.09252959
v 0.22000906 -0.36067057 0.07159244
v 0.07755335 -0.31169090 0.16854970
v 0.11515580 -0.23427278 0.15058616
v 0.09951179 -0.24047895 0.15921170
v 0.11109868 -0.25354767 0.15632147
v 0.11744812 -0.26895618 0.14958772
v 0.09976955 -0.27899259 0.14506845
v 0.09936459 -0.29219639 0.15738294
v 0.08253019 -0.23095746 0.15312862
v 0.08377697 -0.24501918 0.16440408
v 0.12409042 -0.28919855 0.14377633
v 0.11417679 -0.29989001 0.16208263
v 0.14907996 -0.29267949 0.13839021
v 0.13057980 -0.25117862 0.14880876
v 0.08873414 -0.21337362 0.15429139
v 0.13464037 -0.27412665 0.14639190
v 0.03237993 -0.05470438 0.16508830
v 0.04848868 -0.06374188 0.16207975
v 0.21241167 -0.41237661 0.15429391
v 0.22275937 -0.41316643 0.13521448
v 0.20225148 -0.39169547 0.15518571
v 0.16453764 -0.33675072 0.14357319
v 0.20985155 -0.35837597 0.13740863
v 0.18409461 -0.34611547 0.13711424
v 0.19934028 -0.34967035 0.13220987
v 0.19173662 -0.36254215 0.14750192
v 0.14288740 -0.36879265 0.16794871
v 0.15642026 -0.38663954 0.16444205
v 0.15037194 -0.34881255 0.15968139
v 0.12683408 -0.35146460 0.16180992
v 0.17506656 -0.35736534 0.15153554
v 0.16518147 -0.36899692 0.16271764
v 0.17383730 -0.39383551 0.15905249
v 0.11873104 -0.37061158 0.16790959
v 0.14631496 -0.32814699 0.14886795
v 0.13267940 -0.33902374 0.15022190
v 0.11539076 -0.34132531 0.15051897
v 0.13459562 -0.31656232 0.16417447
v 0.11710970 -0.32439393 0.16510613
v 0.13836469 -0.29946181 0.15628497
v 0.15548618 -0.31738427 0.15891492
v 0.16223846 -0.30406132 0.15231039
v 0.18659595 -0.37943250 0.15803219
v 0.17871730 -0.30723587 0.14449453
v 0.17595690 -0.32625014 0.14925067
v 0.21844286 -0.33799455 0.10656855
v 0.21102563 -0.32200012 0.10583058
v 0.21900591 -0.33086812 0.09032465
v 0.21435454 -0.31937283 0.08345407
v 0.20674168 -0.32809788 0.12636383
v 0.21647722 -0.34413776 0.12348761
v 0.19856086 -0.31425223 0.11495030
v 0.19821674 -0.29383978 0.11650839
v 0.19120137 -0.32875165 0.14092092
v 0.18542922 -0.29063118 0.12758061
v 0.19055308 -0.31140536 0.13097197
v 0.22048484 -0.36601108 0.11417527
v 0.22166505 -0.35400647 0.10493251
v 0.22292171 -0.34751484 0.08712037
v 0.22220093 -0.55573195 0.02143293
v 0.22068776 -0.55730021 0.00232922
v 0.21857281 -0.55791301 -0.01675336
v 0.21662575 -0.55752200 -0.03576804
v 0.21433038 -0.55668646 -0.05455782
v 0.21204236 -0.55584961 -0.07332971
v 0.20871754 -0.55514610 -0.09187524
v 0.19872482 -0.55414808 -0.10797635
v 0.18668948 -0.55392081 -0.12277909
v 0.17452601 -0.55399925 -0.13786530
v 0.16085868 -0.55416250 -0.15154068
v 0.14410168 -0.55474883 -0.16181630
v 0.12607087 -0.55427271 -0.17032047
v 0.10776693 -0.55280936 -0.17714752
v 0.08959018 -0.55046850 -0.18345864
v 0.07121186 -0.54849815 -0.18853113
v 0.05253648 -0.54681826 -0.19256125
v 0.03354431 -0.54568255 -0.19500089
v 0.01447614 -0.54498464 -0.19599164
v -0.00455438 -0.54446191 -0.19583461
v -0.00329468 -0.51328790 -0.17125289
v 0.00265753 -0.47896820 -0.14792329
v 0.00409084 -0.42927840 -0.11113744
v 0.00485915 -0.40726596 -0.10300954
v -0.00249127 -0.37354803 -0.09869876
v -0.00038698 -0.35369694 -0.10036761
v -0.00090420 -0.33468425 -0.10428873
v -0.00195205 -0.31692103 -0.10964773
v -0.00069770 -0.29916760 -0.11606999
v -0.00520553 -0.26330289 -0.13223445
v -0.00205342 -0.21743065 -0.12633342
v 0.00306997 -0.17359105 -0.11049946
v 0.00126006 -0.15186158 -0.10396523
v -0.00272768 -0.13577159 -0.10100530
v -0.00172474 -0.11806651 -0.09602486
v 0.00333203 -0.10035614 -0.09312006
v -0.01148324 -0.04798612 -0.08577430
v -0.00660792 -0.02485240 -0.08846093
v -0.00590499 -0.00597032 -0.09210518
v -0.00308241 0.06766984 -0.11304020
v -0.00280243 0.08734409 -0.11742961
v -0.00213341 0.12572606 -0.12460703
v -0.00217425 0.16442832 -0.10717666
v 0.00010950 0.18182667 -0.08775350
v 0.00920268 0.19852041 -0.09087478
v 0.02258700 0.21235755 -0.08991819
v 0.03653271 0.22664239 -0.08803187
v 0.04961234 0.24222605 -0.08302168
v 0.06046672 0.25899121 -0.07154702
v 0.12687151 0.25472292 -0.05149117
v 0.13168493 0.24076846 -0.06465831
v 0.13436167 0.22376357 -0.07599242
v 0.13565403 0.20374589 -0.08391985
v 0.13778293 0.18285969 -0.09053356
v 0.14019066 0.16055843 -0.09219524
v 0.14449395 0.13821858 -0.08852854
v 0.15099542 0.11696208 -0.07915038
v 0.15725063 0.10154139 -0.06185620
v 0.16439581 0.09339356 -0.03885080
v 0.16683133 0.09039374 -0.01705145
v 0.11667714 0.02758059 -0.07601927
v 0.07041257 0.16943830 -0.11491787
v 0.16356525 0.07774461 -0.02291536
v 0.13448308 0.09064277 -0.08648348
v 0.10661083 0.17761055 -0.10642474
v 0.09683716 0.25580874 -0.06633984
v 0.10604961 0.24019891 -0.07740246
v 0.06783369 0.23307866 -0.08805868
v 0.12931260 0.12382084 -0.09704585
v 0.12106656 0.16821800 -0.10028125
v 0.09261266 0.26637107 -0.05232362
v 0.10939818 0.26054665 -0.05286784
v 0.07855594 0.25952095 -0.06743804
v 0.12205241 0.23289491 -0.07596903
v 0.12055509 0.21120454 -0.08814486
v 0.06744414 0.24798517 -0.07941286
v 0.15913022 0.09138000 -0.05157473
v 0.12469783 0.14368784 -0.10062686
v 0.11540577 0.24878059 -0.06540579
v 0.07689194 0.26916054 -0.05544745
v 0.10432471 0.22357108 -0.08837098
v 0.11884721 0.18988949 -0.09513617
v 0.09193642 0.19329971 -0.10236791
v 0.10541207 0.20238006 -0.09698984
v 0.14926679 0.07366616 -0.06290790
v 0.12195986 0.10477318 -0.09900865
v 0.08827634 0.21716133 -0.09467845
v 0.08861330 0.17325807 -0.11287522
v 0.10207585 0.15479568 -0.11125195
v 0.07639638 0.07416808 -0.10915542
v 0.05980846 0.19963959 -0.09894456
v 0.10371759 0.07500731 -0.10176075
v 0.09286445 0.13849638 -0.11491710
v 0.10283165 0.10259486 -0.10797984
v 0.11214886 0.13540673 -0.10745630
v 0.11627025 0.08922309 -0.09892231
v 0.05518575 0.22193211 -0.09158532
v 0.07193497 0.11393245 -0.11855528
v 0.03894121 0.20269285 -0.09486257
v 0.07749584 0.15474348 -0.11972405
v 0.09130162 0.11961043 -0.11421016
v 0.07292300 0.13270387 -0.12062267
v 0.05733603 0.12206447 -0.12197238
v 0.22437716 -0.54093671 0.02572407
v 0.22438368 -0.53875965 0.00549296
v 0.20386338 -0.42922634 -0.09031540
v 0.13812815 -0.28887466 -0.10664037
v 0.05457946 -0.49129131 -0.14917898
v 0.01287204 -0.52025622 -0.17577824
v -0.00521299 -0.53347617 -0.18582720
v 0.02109265 -0.53399634 -0.18587086
v 0.16667175 0.07679235 0.02687985
v 0.01569082 0.17908779 -0.09554733
v 0.08706061 0.24138875 -0.08149064
v 0.15681341 0.07351898 -0.04503276
v 0.15818167 0.05713298 -0.02935082
v 0.12054388 0.07355586 -0.09182432
v 0.14168759 0.05587786 -0.06438463
v 0.13390616 0.07072162 -0.07990289
v 0.15030304 0.04966226 -0.04673225
v 0.13666657 0.03286972 -0.05996318
v 0.15263419 0.03252921 -0.03035568
v 0.15867940 0.03740978 -0.01397577
v 0.14468348 0.02765924 -0.04456085
v 0.14309280 0.01456964 -0.03627729
v 0.03821968 0.10585329 -0.12095419
v 0.05505479 0.10248302 -0.11913195
v 0.02028145 0.11887950 -0.12326653
v 0.06306691 0.08888993 -0.11533282
v 0.05091984 0.06878349 -0.11141048
v 0.03618202 0.08471411 -0.11631028
v 0.08495027 0.09614191 -0.11255802
v 0.09414168 0.05922433 -0.10013297
v 0.01516344 0.07435829 -0.11473063
v 0.03332632 0.06509411 -0.11187287
v 0.01802577 0.05623360 -0.11002623
v 0.04245461 0.18572421 -0.09937739
v 0.07312754 0.18645054 -0.10453875
v 0.05360187 0.16002841 -0.11541630
v 0.22279000 -0.54204780 -0.01250364
v 0.21753731 -0.47385418 -0.04294616
v 0.22242963 -0.51863492 -0.01019900
v 0.20605323 -0.38975057 -0.03618420
v 0.06891688 -0.28945470 -0.13269553
v 0.16630226 -0.21652627 -0.06157542
v 0.18109095 -0.28783730 -0.06360479
v 0.06398371 -0.16129366 -0.10360698
v 0.15362650 -0.10800994 -0.02580748
v 0.02410400 -0.48970774 -0.15154007
v 0.01746746 -0.50565934 -0.16484079
v 0.16244517 0.03466070 0.02019485
v 0.14742070 -0.00478795 -0.00873630
v 0.14099866 0.00091090 -0.03119176
v 0.16541962 0.05437464 0.01512715
v 0.15530932 0.01996449 0.00026333
v 0.16278282 0.04178831 0.00402626
v 0.01108558 0.15651919 -0.12698038
v 0.12774800 0.04110932 -0.07397124
v 0.12753449 0.05527698 -0.08008459
v 0.13013105 0.01805331 -0.05808324
v 0.00106661 0.10950029 -0.12144545
v 0.01828685 0.09630933 -0.11936679
v 0.01382951 0.13551596 -0.12688845
v 0.05584982 0.14235090 -0.12529746
v 0.03202223 0.14245483 -0.12751740
v 0.03413988 0.17505382 -0.11329652
v 0.04441934 0.02484479 -0.09952943
v 0.04256601 0.04703123 -0.10614094
v 0.06838343 0.05597546 -0.10544096
v 0.08619528 0.04269417 -0.09722470
v 0.02047892 0.03511934 -0.10430246
v 0.22881956 -0.50573468 0.01142977
v 0.22807114 -0.52387637 0.01428688
v 0.23092546 -0.48509106 0.01310378
v 0.21744274 -0.52317858 -0.07171062
v 0.22310522 -0.52667379 -0.03189278
v 0.21957143 -0.53334373 -0.05358609
v 0.21998419 -0.54463887 -0.03426769
v 0.21584637 -0.54041600 -0.06829228
v 0.22661379 -0.46959168 -0.00345478
v 0.20248052 -0.53105170 -0.10264090
v 0.02982517 -0.28733233 -0.12791683
v 0.06053156 -0.23494184 -0.12897395
v 0.07590232 -0.36452132 -0.11222667
v 0.18562886 -0.20934550 -0.02187481
v 0.19858217 -0.27318951 -0.01344657
v 0.02367432 -0.41715300 -0.10564785
v 0.14926156 -0.53679687 -0.15651606
v 0.08099745 -0.53413028 -0.17183673
v 0.06448109 -0.53706062 -0.17944625
v 0.01893790 -0.47340482 -0.14032325
v 0.00327470 -0.49543303 -0.15893839
v 0.04283248 -0.53520250 -0.18460834
v 0.15046141 -0.01549539 0.01753365
v 0.02199194 -0.09098472 -0.08607519
v 0.15484264 0.01734071 0.02410588
v 0.15095645 -0.00049877 0.02582163
v 0.15158272 0.00137081 0.00810588
v 0.13911965 -0.01824080 -0.03007234
v 0.10491241 -0.03134551 -0.06492276
v 0.12616287 -0.03307110 -0.04518164
v 0.09770008 -0.01020657 -0.07381976
v 0.09900615 0.01423595 -0.08061403
v 0.14419959 -0.02809060 -0.01630553
v 0.16612919 0.06811298 0.01546747
v 0.15062600 0.01629656 -0.01769874
v 0.11091696 0.04945857 -0.08957215
v 0.02492681 0.00145153 -0.09370185
v 0.00260256 0.02675548 -0.10229010
v 0.00032094 0.04614856 -0.10786904
v 0.22015186 -0.49206927 -0.06216620
v 0.22013256 -0.50432569 -0.02762761
v 0.22246063 -0.49498454 -0.00367978
v 0.21930206 -0.45206565 -0.02390031
v 0.21457797 -0.36796513 0.00490874
v 0.20387945 -0.33322370 -0.01044338
v 0.18947126 -0.53713775 -0.11671054
v 0.21034306 -0.51670915 -0.08876880
v 0.03420443 -0.32540536 -0.11249098
v 0.03859631 -0.25682250 -0.13216536
v 0.03140328 -0.21531016 -0.12526149
v 0.19400550 -0.22039537 -0.00060335
v 0.01997531 -0.16087541 -0.10633022
v 0.01757090 -0.13638194 -0.09986526
v 0.16432425 -0.10455042 0.01589809
v 0.15947226 -0.08592369 0.01649000
v 0.18014824 -0.15374896 0.01200175
v 0.00308348 -0.46201900 -0.13568580
v 0.00531639 -0.44592544 -0.12308809
v 0.13145335 -0.52637649 -0.15585034
v 0.16583852 -0.53327513 -0.14701524
v 0.11327650 -0.53659540 -0.16394824
v 0.05035670 -0.52256620 -0.17408742
v 0.03415834 -0.51833379 -0.17228022
v 0.03719629 -0.50035149 -0.15854618
v 0.05268507 -0.50669956 -0.16178259
v 0.03548767 -0.47927713 -0.14296010
v 0.02324870 -0.46139672 -0.13029052
v 0.05284732 -0.47425532 -0.13695556
v 0.00194530 -0.08419631 -0.08865120
v 0.01771639 -0.11130558 -0.09333551
v 0.00338888 -0.06169869 -0.08491037
v 0.01065910 -0.03959907 -0.08608161
v 0.01991843 -0.07462205 -0.08445163
v 0.11419863 0.00645601 -0.06761362
v 0.11684553 -0.01524138 -0.05972906
v 0.08865426 -0.03232029 -0.07419133
v 0.05536241 -0.00357070 -0.08937483
v 0.04467836 0.00917907 -0.09434555
v 0.05141914 -0.02813045 -0.08553860
v 0.09961887 0.03284015 -0.08861011
v 0.13850132 -0.07685839 -0.03668942
v 0.00090967 0.00890100 -0.09617358
v 0.02339345 0.01617331 -0.09826416
v 0.22718641 -0.45094776 0.02714695
v 0.21427038 -0.43048546 0.00062145
v 0.22178081 -0.51109403 -0.05285520
v 0.21708298 -0.50317836 -0.07571036
v 0.22067064 -0.49072781 -0.04322587
v 0.21751741 -0.48080957 -0.02500273
v 0.21017610 -0.32675013 0.00556294
v 0.21271555 -0.53858930 -0.08449537
v 0.18585123 -0.49344131 -0.12645268
v 0.02300376 -0.27074790 -0.13164152
v 0.02139171 -0.24704354 -0.13122776
v 0.01009108 -0.26065543 -0.13284715
v 0.01303237 -0.20289220 -0.12241208
v 0.01722913 -0.22430032 -0.12711357
v 0.00493304 -0.18975653 -0.11730105
v 0.02605833 -0.19443904 -0.11952069
v 0.19782872 -0.21714695 0.01905221
v 0.19718570 -0.23749927 0.00914730
v 0.19295390 -0.19867840 0.01326351
v 0.20375620 -0.27227950 0.01137092
v 0.20982967 -0.29301691 0.00935322
v 0.17036435 -0.12238475 0.01753816
v 0.17586237 -0.13865289 0.01989939
v 0.17195989 -0.13561796 -0.00055938
v 0.17622116 -0.15481311 -0.01136099
v 0.16805360 -0.13908130 -0.01819807
v 0.14937605 -0.08531459 -0.02162310
v 0.14240740 -0.10063180 -0.03970215
v 0.14187674 -0.06200000 -0.02083268
v 0.15056828 -0.05955248 -0.00084566
v 0.13026923 -0.05318007 -0.03897543
v 0.15705545 -0.09402759 -0.00567748
v 0.15308958 -0.07443782 -0.00152726
v 0.15011647 -0.04258318 0.01587510
v 0.02909556 -0.44170803 -0.11703175
v 0.04290518 -0.46067265 -0.12758522
v 0.01245335 -0.38419008 -0.09993422
v 0.02390763 -0.39496338 -0.10182849
v 0.13352603 -0.54396880 -0.16302268
v 0.17938334 -0.53923982 -0.13044462
v 0.17920589 -0.52125496 -0.13298744
v 0.08184334 -0.45736116 -0.12060472
v 0.08549127 -0.49191087 -0.13816054
v 0.07212709 -0.50416911 -0.15168542
v 0.14543614 -0.04331563 -0.00982275
v 0.14915197 -0.02683831 0.00309610
v 0.03554624 -0.12668897 -0.09580129
v 0.03715775 -0.08006264 -0.08654818
v 0.12886557 -0.01566469 -0.04685155
v 0.07847328 0.00102511 -0.08524724
v 0.07522836 -0.01653917 -0.08184491
v 0.06607569 0.01616038 -0.09306376
v 0.06664208 0.03663218 -0.09980792
v 0.08403263 0.02201165 -0.09036598
v 0.04931615 -0.05128502 -0.08453050
v 0.03116323 -0.03214999 -0.08650853
v 0.07204382 -0.04057337 -0.08008260
v 0.05213801 -0.07088080 -0.08305027
v 0.07270862 -0.05766688 -0.08090849
v 0.22976863 -0.46845233 0.01279195
v 0.22011998 -0.44754380 0.00410573
v 0.21317548 -0.41521743 0.01064704
v 0.21961041 -0.43319583 0.02257617
v 0.20890890 -0.49609184 -0.09004274
v 0.20752743 -0.47855005 -0.09327535
v 0.21591806 -0.48072121 -0.07834738
v 0.21560566 -0.38260877 0.00814789
v 0.20920636 -0.40128964 0.00002310
v 0.01219396 -0.32587728 -0.10819732
v 0.02079355 -0.34130302 -0.10463626
v 0.01572977 -0.36401615 -0.10031850
v 0.04006802 -0.23355184 -0.12902319
v 0.05575578 -0.24916834 -0.13137817
v 0.07364094 -0.26117215 -0.13099800
v 0.04417325 -0.27300149 -0.13225582
v 0.05734427 -0.27085224 -0.13283058
v 0.00487611 -0.27984524 -0.12465011
v 0.05848954 -0.21198086 -0.12315959
v 0.05104355 -0.22289166 -0.12650885
v 0.18826064 -0.24611798 -0.02789120
v 0.18733612 -0.22774535 -0.02330670
v 0.19374758 -0.24451579 -0.00714589
v 0.17842300 -0.22502381 -0.04184572
v 0.18149832 -0.18874258 -0.02513098
v 0.18282591 -0.17515571 -0.01168490
v 0.17477950 -0.20020144 -0.04385769
v 0.18965058 -0.19794227 -0.00453640
v 0.16235499 -0.19317804 -0.06129683
v 0.17701420 -0.17124347 -0.02593588
v 0.20438229 -0.30872807 -0.00805278
v 0.20564462 -0.28873423 -0.00597379
v 0.21099666 -0.31095555 0.00960236
v 0.16058195 -0.14061007 -0.03528321
v 0.13680092 -0.03986950 -0.02778886
v 0.11887463 -0.05194829 -0.05232424
v 0.04058964 -0.40434131 -0.10357387
v 0.18953891 -0.51518214 -0.11836015
v 0.06750970 -0.52196932 -0.16769356
v 0.11061737 -0.51686412 -0.14773217
v 0.13421246 -0.50555146 -0.14724006
v 0.16120924 -0.50975418 -0.14623651
v 0.16905445 -0.48978171 -0.13680536
v 0.18885487 -0.47218621 -0.12045979
v 0.19878688 -0.48901281 -0.10950081
v 0.20049281 -0.46747121 -0.10583147
v 0.18990432 -0.44964805 -0.11489847
v 0.20167106 -0.44524881 -0.09972102
v 0.06821214 -0.46757323 -0.12660277
v 0.11399232 -0.47781321 -0.13910718
v 0.10422183 -0.49375704 -0.13648552
v 0.10274796 -0.45688921 -0.13418899
v 0.09095465 -0.47799823 -0.12836920
v 0.11919490 -0.49396279 -0.14351325
v 0.12411870 -0.46111959 -0.13252135
v 0.09121335 -0.50757378 -0.14651510
v 0.03787331 -0.10623492 -0.08794774
v 0.02852943 -0.05803788 -0.08421743
v 0.10636378 -0.08892570 -0.07270646
v 0.21962591 -0.47447950 -0.05861388
v 0.20107235 -0.37893677 -0.02558829
v 0.20622224 -0.35851845 -0.01611829
v 0.20983613 -0.34912306 0.00527450
v 0.01929279 -0.29599488 -0.12147022
v 0.01901185 -0.31218547 -0.11466216
v 0.04757475 -0.33854464 -0.10915519
v 0.03560573 -0.36078864 -0.10230070
v 0.02668802 -0.37468711 -0.10090768
v 0.02444100 -0.17911880 -0.11235566
v 0.04471828 -0.16507460 -0.10618404
v 0.03605550 -0.14712346 -0.10164081
v 0.04235263 -0.20337668 -0.12175585
v 0.06032025 -0.19300652 -0.11646654
v 0.19147903 -0.26085332 -0.00811573
v 0.18834803 -0.18190268 0.00977221
v 0.18393226 -0.16765046 0.00556182
v 0.15179712 -0.17381729 -0.06622200
v 0.16949949 -0.15853086 -0.03296887
v 0.16013430 -0.15706542 -0.04767235
v 0.15963298 -0.12566517 -0.02641468
v 0.11590689 -0.03392460 -0.05600381
v 0.09156877 -0.04828032 -0.07242861
v 0.08891833 -0.07532298 -0.07759064
v 0.10515867 -0.05281910 -0.06390852
v 0.09614054 -0.06616352 -0.07311768
v 0.04079093 -0.38015601 -0.10179677
v 0.05296168 -0.39264908 -0.10566090
v 0.03821904 -0.42060068 -0.10721827
v 0.07883334 -0.42469594 -0.12237059
v 0.08967909 -0.44001645 -0.12879261
v 0.06852516 -0.44518477 -0.11450314
v 0.06564160 -0.42758057 -0.11141833
v 0.06773871 -0.40976056 -0.11292172
v 0.08438042 -0.40117669 -0.12254033
v 0.14445926 -0.39997563 -0.12100360
v 0.10194527 -0.42099127 -0.12413146
v 0.10685959 -0.40352723 -0.11491844
v 0.17710923 -0.50566489 -0.13543373
v 0.19108663 -0.42865348 -0.10863948
v 0.21705075 -0.45673832 -0.07025173
v 0.07144540 -0.48579809 -0.13767111
v 0.17354903 -0.45735410 -0.12469590
v 0.17073452 -0.43692344 -0.11920673
v 0.13250196 -0.48575002 -0.13679537
v 0.21496610 -0.43606997 -0.03964981
v 0.20556471 -0.38106850 -0.01082556
v 0.19154331 -0.35297501 -0.07946286
v 0.19749540 -0.33161673 -0.05281297
v 0.05102992 -0.35949922 -0.10532445
v 0.06587656 -0.34739476 -0.11172547
v 0.05912247 -0.37105721 -0.10822874
v 0.04391263 -0.18453370 -0.11422869
v 0.15266250 -0.13944344 -0.04673523
v 0.05288855 -0.41251051 -0.10659057
v 0.06762636 -0.38678855 -0.11595100
v 0.11394022 -0.43844330 -0.12204396
v 0.20514879 -0.39772728 -0.07593247
v 0.19374624 -0.41266644 -0.09175946
v 0.16785677 -0.39154145 -0.10837024
v 0.15867673 -0.40577814 -0.11827478
v 0.18048863 -0.39772376 -0.09916914
v 0.14373940 -0.41831043 -0.11468293
v 0.21221587 -0.43957987 -0.07853522
v 0.15120591 -0.49138811 -0.13765025
v 0.14197211 -0.46572727 -0.13083473
v 0.14919725 -0.44972059 -0.12083381
v 0.15742166 -0.47051743 -0.13097002
v 0.17289793 -0.47423637 -0.13081810
v 0.07250222 -0.08217614 -0.08028916
v 0.09055232 -0.09635621 -0.07805736
v 0.21546446 -0.46072480 -0.03597680
v 0.21607164 -0.45349422 -0.04985468
v 0.21505791 -0.41846123 -0.03161118
v 0.19690236 -0.37072113 -0.04694452
v 0.20176028 -0.35771465 -0.03512220
v 0.05058188 -0.28928509 -0.12827525
v 0.05054655 -0.31980565 -0.11831038
v 0.10750192 -0.32910100 -0.12185249
v 0.14572935 -0.15439484 -0.06356038
v 0.13570708 -0.13431314 -0.06300922
v 0.13645734 -0.16601065 -0.07771358
v 0.10452104 -0.10663065 -0.07693660
v 0.11738299 -0.13438191 -0.07605796
v 0.09751035 -0.12607025 -0.08268448
v 0.09339563 -0.14297494 -0.09196280
v 0.13194402 -0.11243571 -0.05802510
v 0.11959852 -0.09941568 -0.06548043
v 0.08724151 -0.11264594 -0.08437279
v 0.11588413 -0.07589725 -0.06048226
v 0.07652831 -0.12585595 -0.09191465
v 0.12751453 -0.06993896 -0.04828617
v 0.14737225 -0.12307115 -0.04449155
v 0.12450330 -0.42323944 -0.11402794
v 0.12873819 -0.40357432 -0.12261638
v 0.13510865 -0.38313255 -0.12157743
v 0.11392564 -0.38467631 -0.12731782
v 0.09582688 -0.34392643 -0.13120374
v 0.21009228 -0.41888121 -0.07798332
v 0.14266238 -0.43566361 -0.11533038
v 0.15731925 -0.42767519 -0.11393520
v 0.05117039 -0.12338123 -0.09136827
v 0.05137638 -0.14337735 -0.09892455
v 0.06721161 -0.13991518 -0.09458924
v 0.07292590 -0.10241268 -0.08711411
v 0.21418552 -0.43503377 -0.01776761
v 0.21609136 -0.42099077 -0.05472985
v 0.20618272 -0.39929444 -0.02196710
v 0.21319593 -0.40502071 -0.04146139
v 0.21302104 -0.41664931 -0.01314834
v 0.21009949 -0.38951281 -0.05244148
v 0.20030390 -0.34562242 -0.04507066
v 0.19019622 -0.35406679 -0.06288493
v 0.18395910 -0.33421257 -0.07202529
v 0.19201240 -0.38826919 -0.08117546
v 0.18318552 -0.36279488 -0.08945811
v 0.20115584 -0.34264773 -0.02729877
v 0.06186721 -0.30816758 -0.12636483
v 0.12823914 -0.15129779 -0.07698181
v 0.15203792 -0.38518336 -0.11415468
v 0.16472544 -0.37839231 -0.09578888
v 0.14438432 -0.36988038 -0.10514987
v 0.14428708 -0.32449841 -0.10651422
v 0.14537813 -0.34675959 -0.10313089
v 0.21254121 -0.40682030 -0.06150207
v 0.18866043 -0.31465372 -0.06809356
v 0.20318238 -0.37253597 -0.06857563
v 0.19827639 -0.32397872 -0.02850235
v 0.06707579 -0.32923567 -0.11776925
v 0.08339925 -0.33798480 -0.12573060
v 0.09186559 -0.36335760 -0.11823478
v 0.10307296 -0.36766955 -0.12886330
v 0.08454783 -0.37845039 -0.11519860
v 0.09804018 -0.38221413 -0.11562598
v 0.12552682 -0.36902979 -0.11905601
v 0.17883319 -0.34152848 -0.09275119
v 0.16496480 -0.35691324 -0.09568923
v 0.13148811 -0.35513401 -0.10849298
v 0.19681935 -0.30086112 -0.03993507
v 0.08255128 -0.30294549 -0.13272065
v 0.10426060 -0.27567154 -0.12234708
v 0.09673540 -0.29401946 -0.12702782
v 0.16291681 -0.33576000 -0.10023663
v 0.17817329 -0.29644170 -0.07784027
v 0.11382657 -0.35040930 -0.11783876
v 0.12786841 -0.33490586 -0.11027123
v 0.13521329 -0.31015253 -0.10779182
v 0.11863633 -0.29209539 -0.11417271
v 0.15727232 -0.31286344 -0.10138343
v 0.14040148 -0.23440278 -0.09689996
v 0.12510550 -0.26992279 -0.11042315
v 0.15418802 -0.22478901 -0.08164744
v 0.15338567 -0.20921679 -0.07714587
v 0.08079362 -0.24256682 -0.12668502
v 0.17389172 -0.31872457 -0.09019115
v 0.14825246 -0.27086642 -0.09889868
v 0.13810392 -0.25311461 -0.10263111
v 0.15469337 -0.25212589 -0.08922860
v 0.16020799 -0.23603918 -0.07974380
v 0.16922930 -0.23585258 -0.06069188
v 0.17137331 -0.25178891 -0.07234906
v 0.11056311 -0.22052455 -0.11170945
v 0.09273705 -0.22559161 -0.11981776
v 0.13863006 -0.21221471 -0.09224306
v 0.12370409 -0.21508507 -0.10356379
v 0.14514053 -0.19510421 -0.08089911
v 0.09615166 -0.18646896 -0.10701014
v 0.13379376 -0.18113916 -0.08540078
v 0.10815896 -0.19911538 -0.10681613
v 0.09836619 -0.16231941 -0.09672301
v 0.11349018 -0.18322772 -0.09872767
v 0.12500967 -0.19575542 -0.09667352
v 0.10263857 -0.17512934 -0.10049700
v 0.11842110 -0.16578692 -0.08922931
v 0.16487840 -0.29761255 -0.09293573
v 0.15165129 -0.29937357 -0.10164087
v 0.15415564 -0.28540111 -0.09823640
v 0.17819394 -0.25033483 -0.04923892
v 0.18684036 -0.26239300 -0.03349922
v 0.18322168 -0.26826939 -0.05992322
v 0.16695929 -0.27458739 -0.08206698
v 0.12384573 -0.24704739 -0.11024611
v 0.09880908 -0.23876843 -0.12079968
v 0.08454193 -0.17359842 -0.10469590
v 0.07855347 -0.18902874 -0.11233622
v 0.09290412 -0.20426857 -0.11402192
v 0.07715183 -0.20711659 -0.11894554
v 0.06167369 -0.17675130 -0.10955051
v 0.07514078 -0.22480290 -0.12415975
v 0.01215957 -0.00948645 -0.09059131
v 0.03511391 -0.01245735 -0.08984544
v 0.16923629 -0.17658022 -0.04420219
v 0.12956376 -0.09036596 -0.05219704
v 0.19938688 -0.28198591 -0.02553399
v 0.19413598 -0.28118187 -0.04307101
v -0.21923658 -0.55187935 0.02467338
v -0.22028090 -0.55351585 0.00602901
v -0.22080186 -0.55454582 -0.01271844
v -0.22154915 -0.55533391 -0.03125156
v -0.22008611 -0.55559200 -0.04965110
v -0.21308143 -0.55505264 -0.06656577
v -0.20652387 -0.55444932 -0.08400325
v -0.20129186 -0.55429542 -0.10191795
v -0.19329122 -0.55404550 -0.11903281
v -0.18282226 -0.55430412 -0.13521013
v -0.16845901 -0.55376810 -0.14827946
v -0.15149766 -0.55266118 -0.15750369
v -0.13463111 -0.55045509 -0.16726813
v -0.11707497 -0.54889196 -0.17520794
v -0.09890096 -0.54833025 -0.18086322
v -0.08051276 -0.54762548 -0.18563233
v -0.06194708 -0.54671156 -0.18979326
v -0.04315286 -0.54550588 -0.19331402
v -0.02385375 -0.54467171 -0.19533928
v -0.00747959 0.19842200 -0.09184025
v -0.02024695 0.21291223 -0.08954197
v -0.03404739 0.22812109 -0.08693472
v -0.04741128 0.24363717 -0.08058488
v -0.05818543 0.26034176 -0.06713634
v -0.12453433 0.25252044 -0.04700014
v -0.12938569 0.24048194 -0.06193466
v -0.13229801 0.22474615 -0.07468517
v -0.13492778 0.20588204 -0.08416246
v -0.13879244 0.18595017 -0.09283670
v -0.14294305 0.16356888 -0.09487604
v -0.14834991 0.14057289 -0.09058360
v -0.15595086 0.11912566 -0.07976894
v -0.16437170 0.10220452 -0.06136644
v -0.16998029 0.09371964 -0.03592638
v -0.09748818 0.25076124 -0.06626624
v -0.12404910 0.02795016 -0.07563309
v -0.11101980 0.18205301 -0.10360093
v -0.09093741 0.26215595 -0.05176875
v -0.03579026 0.21034622 -0.09263483
v -0.14274232 0.09183712 -0.08324274
v -0.12588279 0.17527340 -0.09884254
v -0.11363810 0.24855438 -0.06088885
v -0.11915351 0.21755452 -0.08494492
v -0.06360523 0.24292636 -0.08051918
v -0.16607450 0.07356688 0.01627507
v -0.13266146 0.12996115 -0.09792622
v -0.10841034 0.25859812 -0.04721759
v -0.07458606 0.26786321 -0.05072442
v -0.16618973 0.09212355 -0.04986793
v -0.04446302 0.19964562 -0.09770747
v -0.02188062 0.18985288 -0.09490380
v -0.14282191 0.11794300 -0.08918509
v -0.13153179 0.15186946 -0.09927347
v -0.15476832 0.10330325 -0.07419360
v -0.02803938 -0.53532791 -0.18638539
v -0.02597389 -0.52228761 -0.17648467
v -0.12207851 -0.43518069 -0.11165969
v -0.14770518 -0.29596111 -0.10916582
v -0.20778310 -0.44880900 -0.06203744
v -0.22464526 -0.53764242 0.03038472
v -0.07467145 -0.03735490 -0.08331073
v -0.15367503 0.01170864 -0.00507143
v -0.12357897 0.19676955 -0.09238949
v -0.05429565 0.22152202 -0.09152485
v -0.16443650 0.05062162 0.01338525
v -0.16107219 0.03373241 0.01452362
v -0.16225438 0.04035084 -0.00808263
v -0.02745482 0.17096335 -0.11666996
v -0.15050258 0.07131859 -0.06678805
v -0.11350352 0.14207858 -0.10854425
v -0.10991748 0.16255298 -0.10810301
v -0.08631182 0.17152989 -0.11292893
v -0.06415059 0.14306842 -0.12134879
v -0.08871314 0.14702156 -0.11657320
v -0.06704573 0.16231078 -0.11668527
v -0.07932069 0.12598023 -0.11942932
v -0.10089762 0.12353610 -0.11373132
v -0.04795216 0.16366182 -0.12241429
v -0.08927786 0.10588441 -0.11544073
v -0.12860747 0.10507493 -0.09819341
v -0.04729531 -0.53421777 -0.18229751
v -0.07574696 -0.40635905 -0.10353626
v -0.19129701 -0.27795088 -0.04820006
v -0.07773729 -0.31110132 -0.12521514
v -0.07829428 -0.10063800 -0.08849100
v -0.21130341 -0.38165835 -0.03813585
v -0.23417492 -0.50544953 0.01444507
v -0.22551829 -0.54364765 -0.03024347
v -0.23117170 -0.52262348 -0.02277383
v -0.23234496 -0.51861870 -0.00059478
v -0.22989868 -0.50831723 -0.03295915
v -0.22704612 -0.53865266 -0.00562598
v -0.03544250 0.03403902 -0.10455249
v -0.04416731 -0.00095230 -0.09427162
v -0.15293223 -0.01927023 0.00342700
v -0.02009280 0.09811756 -0.11961904
v -0.06179635 0.19737156 -0.10152080
v -0.08713286 0.21917897 -0.09289904
v -0.10217157 0.22667025 -0.08539297
v -0.11095568 0.23683757 -0.07521151
v -0.10412177 0.20496657 -0.09600816
v -0.08393204 0.19758596 -0.10259243
v -0.16585408 0.06130597 -0.00309269
v -0.16309689 0.05818892 -0.02507164
v -0.15428692 0.01752262 0.02592426
v -0.15975432 0.03499748 0.03226268
v -0.14832519 0.02369233 -0.04093952
v -0.15749060 0.02178526 0.00504895
v -0.15626107 0.02611547 -0.01992109
v -0.15207241 -0.00025930 0.01097302
v -0.15535741 0.05461985 -0.04825023
v -0.14887062 0.01126596 -0.02697025
v -0.01600301 0.17254078 -0.09775717
v -0.03641099 0.17757481 -0.10195009
v -0.12017617 0.12079489 -0.10519389
v -0.02509897 -0.49120650 -0.15417641
v -0.01747864 -0.50548035 -0.16479808
v -0.03367297 -0.42452994 -0.11028210
v -0.19930327 -0.51589322 -0.11792395
v -0.17451984 -0.13547567 0.01213194
v -0.06022686 -0.16020350 -0.10222549
v -0.23056398 -0.52100825 0.02447565
v -0.23132098 -0.49432018 0.03427928
v -0.02330300 0.12994352 -0.12474097
v -0.04543122 0.13745442 -0.12414689
v -0.01799154 0.04026767 -0.10656595
v -0.02811275 -0.03698084 -0.08742599
v -0.15098141 -0.02188697 0.03003414
v -0.05385707 0.18478478 -0.11217263
v -0.07305336 0.21092360 -0.09735960
v -0.07315215 0.22716704 -0.09004947
v -0.08374281 0.23986039 -0.08052941
v -0.09482970 0.18434812 -0.10721619
v -0.07143343 0.18425314 -0.10985105
v -0.15079576 -0.00494411 -0.01208854
v -0.14962462 -0.00146919 0.03024226
v -0.06607376 -0.49989647 -0.15565203
v -0.02580353 -0.38032666 -0.09802435
v -0.04339382 -0.45600423 -0.12756622
v -0.10612987 -0.53589630 -0.16789511
v -0.12186837 -0.53392142 -0.16018739
v -0.19989839 -0.23755839 -0.00809756
v -0.19250725 -0.19630708 0.00292828
v -0.02400701 -0.23442191 -0.12806524
v -0.05471757 -0.19952439 -0.11844314
v -0.17840117 -0.14649983 0.02758100
v -0.15897796 -0.08700759 0.01468747
v -0.03563496 -0.15372814 -0.10280409
v -0.20897594 -0.53617251 -0.07625838
v -0.22578409 -0.53085142 -0.04335604
v -0.23359390 -0.46501359 0.01564040
v -0.21603253 -0.38365105 0.01355564
v -0.22433181 -0.38981414 -0.00469816
v -0.20679402 -0.33114770 -0.00373093
v -0.00843275 0.14251465 -0.12688622
v -0.01776698 0.11590099 -0.12248835
v -0.07945062 0.08286148 -0.11336425
v -0.05969472 0.12507686 -0.12144850
v -0.06583326 0.10361833 -0.11859932
v -0.01927955 0.02171495 -0.10097230
v -0.02340302 0.00368539 -0.09537880
v -0.05263745 0.03266702 -0.10347058
v -0.01977345 0.05900880 -0.11119914
v -0.05869195 0.05780428 -0.10957313
v -0.02298449 0.07835395 -0.11551807
v -0.15234776 -0.01447284 0.01801110
v -0.15297656 -0.03830642 0.01670483
v -0.13888901 0.00700564 -0.04659306
v -0.03308396 -0.34104469 -0.10355516
v -0.02862421 -0.40429312 -0.10182366
v -0.13704440 -0.52243978 -0.14410979
v -0.08575341 -0.53407782 -0.17313713
v -0.19834119 -0.53651106 -0.11468010
v -0.17341724 -0.52900064 -0.13727422
v -0.18644553 -0.54227889 -0.13423993
v -0.20932850 -0.29376552 0.01111825
v -0.20509757 -0.23911127 0.01541915
v -0.19344895 -0.19752185 0.01953933
v -0.18398842 -0.16358133 0.01871194
v -0.18789345 -0.17684203 0.01886351
v -0.00265503 -0.23949029 -0.12861620
v -0.01950216 -0.25202066 -0.13120569
v -0.01975645 -0.21722983 -0.12603150
v -0.01632599 -0.29142982 -0.12195594
v -0.16912755 -0.12154951 0.02474018
v -0.16387126 -0.10245715 0.02832597
v -0.15749845 -0.08193201 0.03053847
v -0.16423349 -0.10508517 0.00835820
v -0.01091191 -0.10788471 -0.09582563
v -0.01860708 -0.12635423 -0.09954783
v -0.01353170 -0.09334955 -0.09444332
v -0.01764640 -0.14539596 -0.10232720
v -0.03034733 -0.13618344 -0.10153888
v -0.01713906 -0.16454747 -0.10725670
v -0.21752150 -0.53844512 -0.05891020
v -0.21189882 -0.51941484 -0.06551264
v -0.22069190 -0.51533902 -0.04944392
v -0.20456557 -0.53913772 -0.09517325
v -0.21072300 -0.50190502 -0.08393277
v -0.21336441 -0.48356733 -0.07720758
v -0.23212582 -0.44167593 -0.00040653
v -0.21177505 -0.36595288 0.01401516
v -0.21640499 -0.35215083 -0.00253889
v -0.22099212 -0.37283608 -0.00407093
v -0.20618723 -0.36199921 -0.04392187
v -0.21507393 -0.36278334 -0.02353229
v -0.20501362 -0.34356526 -0.03852356
v -0.21060334 -0.34472576 -0.02151493
v -0.17990352 -0.31501147 -0.06725556
v -0.19539861 -0.31671554 -0.03958683
v -0.19899318 -0.33189031 -0.02865043
v -0.22876818 -0.42683882 0.01753513
v -0.22317402 -0.40610728 0.01568036
v -0.23370931 -0.46338892 -0.00717288
v -0.23302718 -0.48835286 -0.02190424
v -0.23501153 -0.48401368 0.01297505
v -0.23498698 -0.49795133 -0.00571584
v -0.23351920 -0.50670445 -0.01750427
v -0.02615295 -0.01522951 -0.09096526
v -0.03882248 0.01432615 -0.09884710
v -0.03724945 0.05102256 -0.10916989
v -0.08055539 0.06218650 -0.10795123
v -0.04072762 0.06951708 -0.11337110
v -0.04459935 0.09188968 -0.11813477
v -0.15160689 -0.04133787 0.03324836
v -0.13643159 0.02126870 -0.05929840
v -0.14704052 0.03769536 -0.05427182
v -0.13569871 0.03529622 -0.06890072
v -0.03505749 -0.50543720 -0.16333507
v -0.04602527 -0.51973081 -0.17171997
v -0.05676381 -0.50969911 -0.16328910
v -0.06509123 -0.53024173 -0.17538832
v -0.07508908 -0.51925993 -0.16592844
v -0.01228167 -0.34528041 -0.10157322
v -0.01673116 -0.36302099 -0.09876029
v -0.04952811 -0.40456185 -0.10394888
v -0.00854503 -0.39496323 -0.09998065
v -0.05076588 -0.43794647 -0.11797810
v -0.01392576 -0.43825391 -0.11708545
v -0.01460160 -0.45531863 -0.12947132
v -0.01815892 -0.47189844 -0.14164686
v -0.02977671 -0.44578409 -0.12173685
v -0.15347691 -0.53507698 -0.14644042
v -0.09582447 -0.52065545 -0.15996921
v -0.09852317 -0.50342488 -0.15036628
v -0.20355259 -0.52313286 -0.10558882
v -0.18429372 -0.50596416 -0.13003176
v -0.19974364 -0.27774668 -0.00177160
v -0.21221265 -0.31063083 0.00005149
v -0.21498151 -0.31595194 0.01590957
v -0.19049202 -0.22529766 -0.01691442
v -0.19220564 -0.21848854 0.00961357
v -0.18217109 -0.24880679 -0.05055225
v -0.19319105 -0.23860084 -0.03247031
v -0.20619901 -0.25504547 0.00427989
v -0.18631735 -0.20088358 -0.02553507
v -0.01769258 -0.27482393 -0.12899226
v -0.03881793 -0.24345326 -0.13050455
v -0.07303634 -0.26738468 -0.13069060
v -0.05480398 -0.25203183 -0.13130225
v -0.07350784 -0.24486224 -0.12819228
v -0.04589704 -0.26623279 -0.13155496
v -0.05042566 -0.23111109 -0.12723957
v -0.03071032 -0.20189536 -0.12091493
v -0.01984014 -0.18502209 -0.11503892
v -0.08168410 -0.22419769 -0.12173643
v -0.01926572 -0.32676402 -0.10810915
v -0.15503845 -0.08681107 -0.00645987
v -0.16763887 -0.12371624 -0.00216073
v -0.02687963 -0.11274184 -0.09867905
v -0.03892663 -0.10216474 -0.09512558
v -0.03636524 -0.08234364 -0.09336025
v -0.05190659 -0.14181323 -0.09972582
v -0.05907071 -0.10909862 -0.09360266
v -0.20746285 -0.52330267 -0.08784093
v -0.20537141 -0.50726950 -0.09875712
v -0.19981226 -0.49743423 -0.11539770
v -0.19247967 -0.48479810 -0.12105352
v -0.23220512 -0.44808421 0.01414673
v -0.19012368 -0.35596728 -0.08139400
v -0.20019445 -0.34618071 -0.05722707
v -0.22991212 -0.42131370 0.00185204
v -0.23523930 -0.47885942 -0.00666888
v -0.22220424 -0.46770754 -0.04186565
v -0.21633200 -0.48158610 -0.05636835
v -0.04094293 -0.02892205 -0.08874062
v -0.06892341 0.04642981 -0.10524846
v -0.15427932 -0.06214555 0.02957764
v -0.08589295 0.01789158 -0.09188314
v -0.10739718 -0.00454110 -0.07557822
v -0.13178249 -0.00928713 -0.05238225
v -0.05076615 -0.48921531 -0.15108246
v -0.03460412 -0.48255646 -0.14669795
v -0.04915262 -0.37052804 -0.09792209
v -0.03271671 -0.35860062 -0.09889977
v -0.01468391 -0.41636500 -0.10604182
v -0.03102455 -0.46421677 -0.13462643
v -0.14155583 -0.50193202 -0.13030551
v -0.16258572 -0.51269835 -0.13024345
v -0.15796338 -0.49687734 -0.12296543
v -0.15909824 -0.47494969 -0.12480411
v -0.14232986 -0.47947288 -0.11794186
v -0.12145618 -0.50268680 -0.13873942
v -0.12506226 -0.48403773 -0.12606876
v -0.18905154 -0.52476013 -0.13120157
v -0.17989960 -0.15125683 0.00764300
v -0.17328143 -0.14335632 -0.00937532
v -0.17614412 -0.16418670 -0.02370616
v -0.02657379 -0.26406109 -0.13206276
v -0.03669736 -0.28457710 -0.12778747
v -0.04176033 -0.21574892 -0.12435434
v -0.16212927 -0.12366448 -0.02174614
v -0.15868175 -0.10557677 -0.01521600
v -0.01656301 -0.07124943 -0.08744504
v -0.03350914 -0.05912350 -0.08661956
v -0.03918437 -0.17205566 -0.10936917
v -0.04088037 -0.18640399 -0.11498045
v -0.05919250 -0.08780131 -0.08709629
v -0.05253744 -0.07076444 -0.08970857
v -0.04627518 -0.12203176 -0.09875943
v -0.06242021 -0.12861067 -0.09779202
v -0.20649298 -0.29546580 -0.01243141
v -0.20675787 -0.31522885 -0.01827797
v -0.18771349 -0.32426393 -0.05428682
v -0.23006728 -0.47249374 -0.02674281
v -0.22202975 -0.49190205 -0.03995498
v -0.21251896 -0.46460220 -0.06042411
v -0.20857680 -0.45862561 -0.07856098
v -0.20492993 -0.47287497 -0.09293277
v -0.20530149 -0.48660392 -0.10110736
v -0.20286930 -0.45157883 -0.09643945
v -0.18157807 -0.44755065 -0.12023538
v -0.19384421 -0.44029111 -0.10663749
v -0.17720194 -0.46433273 -0.12515490
v -0.19560398 -0.46180671 -0.11121894
v -0.06094352 -0.03009149 -0.08725538
v -0.05347168 -0.04616836 -0.08605727
v -0.06952573 -0.05575463 -0.08467817
v -0.04999040 -0.01594054 -0.09054773
v -0.15567298 -0.07287696 0.01065652
v -0.15159895 -0.05783249 0.00792303
v -0.10868314 0.01810385 -0.08170351
v -0.09157127 -0.00150547 -0.08421766
v -0.07220382 0.02656424 -0.09889994
v -0.06055272 0.01399976 -0.09673303
v -0.07317000 -0.01713845 -0.08659710
v -0.09574578 -0.02263369 -0.07733545
v -0.12319472 0.00585982 -0.06581278
v -0.11628997 -0.01932474 -0.06612962
v -0.10917544 -0.03897370 -0.06584319
v -0.12775755 -0.03139048 -0.05131976
v -0.13933191 -0.02707204 -0.03654206
v -0.14374724 -0.00768132 -0.03271836
v -0.07401372 -0.34228897 -0.11021513
v -0.04468057 -0.39100611 -0.09900313
v -0.05729512 -0.41902819 -0.11120267
v -0.15248552 -0.45959628 -0.12287646
v -0.18140779 -0.16322303 -0.00543404
v -0.15505059 -0.16605204 -0.05877518
v -0.07227439 -0.14368866 -0.09712590
v -0.07630903 -0.12024583 -0.09429409
v -0.20068547 -0.29504851 -0.03387332
v -0.18042400 -0.26753667 -0.05680142
v -0.21387839 -0.49950099 -0.05845525
v -0.06769188 -0.00191364 -0.09118985
v -0.08856197 -0.04539592 -0.07739458
v -0.13329847 -0.07916111 -0.04452647
v -0.09118840 -0.38056201 -0.10271428
v -0.07035228 -0.37175319 -0.09986073
v -0.12858710 -0.46108112 -0.11321560
v -0.16684553 -0.16591299 -0.04249423
v -0.18182302 -0.22834872 -0.05179936
v -0.09044705 -0.13325290 -0.09068033
v -0.18539323 -0.28982183 -0.06241367
v -0.17395559 -0.30115911 -0.07385599
v -0.17335449 -0.31099871 -0.08797193
v -0.18474995 -0.32779226 -0.07961141
v -0.17771633 -0.37173989 -0.09047144
v -0.07534920 -0.06713810 -0.08214710
v -0.08469199 -0.08109406 -0.07918718
v -0.14052711 -0.06079862 -0.03237397
v -0.11885697 -0.11643877 -0.06876010
v -0.06590958 -0.32474309 -0.11541514
v -0.07749844 -0.39160791 -0.09936460
v -0.12056792 -0.41368231 -0.10794958
v -0.10711129 -0.37033728 -0.11770114
v -0.09838711 -0.40339392 -0.10192921
v -0.11435301 -0.39196303 -0.10858438
v -0.13709094 -0.40227208 -0.11582499
v -0.08746216 -0.36074090 -0.10840297
v -0.11434483 -0.33526859 -0.12708670
v -0.11147927 -0.35259140 -0.12643155
v -0.06762831 -0.35612825 -0.10241565
v -0.07417669 -0.43289512 -0.11735482
v -0.10537746 -0.42755237 -0.10632932
v -0.17074633 -0.24538605 -0.06699584
v -0.17962316 -0.18406814 -0.03154025
v -0.15778327 -0.18379368 -0.06525492
v -0.16810924 -0.18542172 -0.05305497
v -0.17974599 -0.20614776 -0.04517983
v -0.15330307 -0.32377538 -0.10684668
v -0.20778783 -0.38131112 -0.05971538
v -0.13646223 -0.04381071 -0.03751114
v -0.12354863 -0.04829019 -0.05261945
v -0.13005790 -0.06231305 -0.04696390
v -0.14478651 -0.07847693 -0.02641257
v -0.09593813 -0.09543422 -0.08064370
v -0.11064570 -0.09854388 -0.06817831
v -0.12762593 -0.09897071 -0.05225611
v -0.05139663 -0.34950688 -0.10221240
v -0.12420832 -0.36451581 -0.12490983
v -0.14288743 -0.44244602 -0.11987045
v -0.14044710 -0.42176732 -0.11566245
v -0.15387504 -0.40491951 -0.12441237
v -0.18030749 -0.42822975 -0.11546290
v -0.15963823 -0.42375955 -0.12528671
v -0.17486474 -0.40480873 -0.10712419
v -0.18632694 -0.38964289 -0.09408130
v -0.20499986 -0.43457291 -0.08454835
v -0.20735413 -0.42848924 -0.07010135
v -0.20493346 -0.41326520 -0.08107024
v -0.07052660 -0.44797334 -0.12541224
v -0.10709821 -0.46928936 -0.12528011
v -0.16430368 -0.14467359 -0.03120403
v -0.17166427 -0.26031408 -0.06819031
v -0.17058828 -0.21174860 -0.06094135
v -0.18474849 -0.21855019 -0.03412894
v -0.16947538 -0.32920754 -0.09731963
v -0.16115755 -0.31176379 -0.10176799
v -0.14104493 -0.31319067 -0.11432226
v -0.15655699 -0.34197778 -0.10090023
v -0.13623744 -0.33290112 -0.11204975
v -0.16049586 -0.36170048 -0.10067935
v -0.15404241 -0.37312174 -0.11394002
v -0.14100526 -0.36583745 -0.12044089
v -0.17063935 -0.38584021 -0.10422283
v -0.15931982 -0.39330131 -0.11183791
v -0.17731534 -0.34802401 -0.09232582
v -0.20198539 -0.35905594 -0.06519680
v -0.19544639 -0.37217522 -0.07767983
v -0.11500994 -0.05836457 -0.06299919
v -0.12219033 -0.08080199 -0.05804272
v -0.09665161 -0.11195877 -0.08040239
v -0.10627212 -0.13077375 -0.08139431
v -0.13872758 -0.09719126 -0.03874462
v -0.15040933 -0.11139728 -0.03357738
v -0.14694661 -0.09646864 -0.02637909
v -0.15253684 -0.12833752 -0.04083030
v -0.12631054 -0.34839511 -0.11927205
v -0.14347640 -0.35042912 -0.11134101
v -0.21683052 -0.44863304 -0.04419235
v -0.22744055 -0.45184144 -0.02370934
v -0.21432708 -0.40775916 -0.03381570
v -0.20820607 -0.40799132 -0.05723429
v -0.09551077 -0.34836784 -0.11998404
v -0.08922701 -0.33040079 -0.12231821
v -0.05670432 -0.30738562 -0.12370186
v -0.09060644 -0.44268966 -0.11445473
v -0.10827397 -0.45159948 -0.11236576
v -0.08716299 -0.45671678 -0.12709770
v -0.07271222 -0.47074887 -0.13392936
v -0.05195694 -0.47225931 -0.13812128
v -0.06718657 -0.48537517 -0.14594351
v -0.08959924 -0.47235829 -0.13552786
v -0.08465549 -0.48845747 -0.14555502
v -0.10425027 -0.48689365 -0.13882101
v -0.10049978 -0.31528023 -0.12781309
v -0.12421662 -0.31813610 -0.12205122
v -0.08923831 -0.29705316 -0.12922993
v -0.11110432 -0.29692790 -0.12548165
v -0.12955059 -0.29938778 -0.11892409
v -0.05418783 -0.29048857 -0.12846117
v -0.08523998 -0.28321415 -0.12953025
v -0.12462781 -0.38329306 -0.12194471
v -0.13997217 -0.38819093 -0.12468183
v -0.20227996 -0.39398146 -0.07812664
v -0.09902196 -0.06193754 -0.07388137
v -0.10762156 -0.07947580 -0.07217196
v -0.11929511 -0.13860303 -0.07568231
v -0.13771820 -0.11472741 -0.05058108
v -0.13673741 -0.13173236 -0.05960590
v -0.15207659 -0.14574258 -0.05045986
v -0.21955279 -0.43335620 -0.02775290
v -0.13580778 -0.28594527 -0.11394210
v -0.07057857 -0.29746601 -0.12794386
v -0.13704337 -0.14944178 -0.06768976
v -0.08918801 -0.25351277 -0.12680393
v -0.09504683 -0.26822951 -0.12711379
v -0.12885599 -0.26448596 -0.11269042
v -0.12173885 -0.27786615 -0.11913400
v -0.10817546 -0.25879809 -0.12152847
v -0.14415735 -0.25785902 -0.10036764
v -0.16240534 -0.26939833 -0.08790846
v -0.13002785 -0.24529316 -0.10788520
v -0.15911970 -0.25584811 -0.08458416
v -0.14680848 -0.27517149 -0.10439909
v -0.16041246 -0.29136395 -0.09228143
v -0.17360245 -0.27900484 -0.07705906
v -0.12522413 0.08825088 -0.09682931
v -0.13438855 0.06764995 -0.08359957
v -0.09684293 0.07342266 -0.10688064
v -0.14230704 0.05140832 -0.06896801
v -0.10299748 0.08886525 -0.10836378
v -0.10182390 0.05451692 -0.09955131
v -0.12326930 0.04602579 -0.08467443
v -0.10551644 0.03422865 -0.09029457
v -0.08660771 0.03972955 -0.09948620
v -0.14822277 -0.02682523 -0.01643006
v -0.14319986 -0.04172843 -0.02399068
v -0.15088320 -0.04004018 -0.00012395
v -0.03923840 0.11486754 -0.12180287
v -0.19059047 -0.26136225 -0.03514289
v -0.19590127 -0.27986446 -0.02479754
v -0.20033133 -0.25779742 -0.01722778
v -0.07706933 -0.19164729 -0.11219770
v -0.09873311 -0.18338327 -0.10305011
v -0.10030720 -0.16531840 -0.09548084
v -0.08374557 -0.15446469 -0.09607887
v -0.08005337 -0.17188817 -0.10378592
v -0.05909396 -0.17918119 -0.11035195
v -0.14112611 -0.17165282 -0.07493278
v -0.12140277 -0.17585567 -0.08984882
v -0.11371516 -0.19373077 -0.10097598
v -0.14986336 -0.06585167 -0.00965071
v -0.14687651 -0.04864435 -0.01189966
v -0.16791280 -0.22951657 -0.06970438
v -0.04386381 -0.32327437 -0.11364591
v -0.10286129 -0.22223610 -0.11526707
v -0.11902740 -0.21027406 -0.10414397
v -0.09723714 -0.24132569 -0.12222014
v -0.14274149 -0.21535097 -0.09014435
v -0.12843478 -0.22777490 -0.10413970
v -0.14669055 -0.23876904 -0.09330740
v -0.14864221 -0.19753131 -0.07986261
v -0.16045192 -0.19818726 -0.06838978
v -0.15589234 -0.21590823 -0.07886110
v -0.13390280 -0.19586709 -0.09046185
v -0.14148109 -0.18532826 -0.08105233
v -0.09296735 -0.20510304 -0.11288207
v -0.06822194 -0.21087746 -0.12033184
v -0.12055169 -0.15892676 -0.08365982
v -0.10259591 -0.15001492 -0.08959388
v -0.16195215 0.09420428 0.04404600
v 0.16205452 0.08583585 0.06670451
v 0.16651423 0.09610251 0.03676433
v 0.15220013 0.11487405 0.07841167
v 0.04516226 0.06441473 0.16165355
v 0.11681766 0.09202856 0.14076000
v 0.07287948 0.20960519 -0.09749177
v 0.15043356 0.10033220 -0.07411129
v 0.16594562 0.07891707 -0.00080911
v 0.16641940 0.08910172 0.00596147
v 0.14045283 0.11289313 -0.08716505
v 0.16367525 0.06103104 -0.00504120
v -0.07661078 0.25517580 -0.06760378
v -0.16352083 0.07724952 -0.04364619
v -0.15723480 0.03961471 -0.03246253
v -0.16246746 0.09155679 -0.05849607
v -0.16769698 0.07684985 -0.01720615
v -0.17042014 0.08960028 -0.01313056
v -0.16739827 0.08787565 0.01200161
v -0.15772676 0.08604855 -0.06313942
v -0.11616781 0.06907690 -0.09718962
v -0.22773623 -0.44081300 0.03719111
v -0.16329941 -0.51473057 0.21069288
v -0.10595895 0.25389865 -0.00273200
v -0.10756783 -0.51875943 0.21341270
v -0.18910098 -0.43622267 0.17442286
v -0.05527889 -0.46057367 0.17472023
v -0.04461544 -0.48583633 0.19165905
v 0.00972496 -0.40976772 0.14864051
v -0.20312284 -0.23929487 0.05024832
v -0.10186493 -0.01996048 0.11514813
v -0.21093839 -0.36217660 0.08923913
v -0.07979535 -0.18483159 0.15632111
v -0.08846282 -0.10530376 0.14180496
v -0.16713262 -0.27275872 0.12283310
v -0.19065145 -0.34093094 0.14145786
v -0.13904199 -0.12689939 0.10410799
v -0.15825936 -0.18500976 0.09931841
v -0.19787222 -0.36484495 0.13930029
v -0.07521594 -0.27317521 0.13803080
v 0.07939197 -0.52625132 0.23142736
v 0.21407184 -0.43318716 0.15898579
v 0.04905925 -0.42193598 0.16384888
v 0.02255816 -0.20707603 0.17770498
v 0.22494745 -0.40533185 0.11781413
v 0.08189905 -0.17280333 0.15874919
v 0.21606824 -0.39597064 0.13988069
v 0.20270593 -0.30613217 0.09612285
v 0.05599137 0.17848733 -0.10323973
v 0.10831871 0.12259318 -0.10833515
v -0.01122041 0.15734044 -0.12649858
v 0.13092357 0.00070446 -0.04861192
v 0.03767189 0.15466474 -0.12247506
v 0.19376798 -0.25384802 0.01750519
v 0.02130092 -0.43235737 -0.11202532
v 0.08796005 -0.52128297 -0.15813932
v 0.09867494 -0.53373301 -0.16454369
v 0.04753847 -0.43494901 -0.11194940
v -0.00838162 -0.20294963 -0.12207736
v 0.16508372 -0.11769249 -0.00640930
v 0.15536757 -0.06470219 0.01994495
v 0.07923951 -0.27809957 -0.13098393
v 0.20947810 -0.45909891 -0.08950909
v 0.12816118 -0.44522607 -0.12307896
v 0.17901598 -0.41425589 -0.11315337
v 0.04166539 -0.30620340 -0.12219512
v 0.11874008 -0.12174375 -0.07252736
v 0.10910507 -0.14452079 -0.08512102
v 0.08102871 -0.15285265 -0.09735916
v 0.10237271 -0.30695045 -0.12569679
v 0.12091025 -0.31573698 -0.11479280
v 0.09096849 -0.26006567 -0.12617336
v 0.10922385 -0.25738963 -0.11873022
v 0.20005082 -0.29776832 -0.02585477
v -0.20142955 -0.27460063 0.01631231
v -0.11320493 0.10447476 -0.10692531
v -0.22806783 -0.53194726 0.01362742
v -0.03016902 0.15027887 -0.11981654
v -0.11468493 -0.52024287 -0.15220602
v -0.13490000 -0.54106969 -0.15995072
v -0.19143762 -0.20400642 -0.01003968
v -0.18480182 -0.18024087 -0.01253612
v -0.16604286 -0.44540659 -0.12505479
v -0.19231687 -0.34030449 -0.07451616
v -0.19196282 -0.41189244 -0.09282143
v -0.21003170 -0.43304342 -0.04713165
v -0.22825307 -0.42806473 -0.01117488
v -0.08054192 -0.50161916 -0.15465271
v -0.10306378 -0.27957609 -0.12630197
v -0.11712653 -0.24199706 -0.11410865
v -0.21640986 -0.53746396 0.10881270
v -0.03125853 -0.33066717 0.16220373
v -0.09378286 -0.46706539 0.18727222
v -0.03986435 -0.41457257 0.15884122
v -0.12833305 -0.05132814 0.08971831
v -0.13651000 0.01561842 0.08410465
v -0.13056836 -0.07417028 0.09623808
v -0.21552965 -0.48404530 0.10784373
v -0.09695181 -0.11546731 0.13829440
v -0.12594429 0.05695666 0.13584346
v -0.19445752 -0.27444327 0.09560323
v -0.05712710 -0.27676436 0.14080204
v 0.02819011 -0.53261554 0.24551779
v 0.19693452 -0.52526110 0.19773458
v 0.22655521 -0.43257770 0.04114525
v 0.08921841 -0.39877704 0.16642486
v 0.22777767 -0.44602343 0.13080367
v 0.02481740 -0.28103477 0.16401134
v 0.15657127 -0.39877355 0.17175961
v 0.03588596 0.12711005 -0.12469985
v 0.02054622 0.16924646 -0.11718895
v 0.05057093 -0.09278648 -0.08799989
v 0.19950640 -0.50480163 -0.10844254
v 0.15027915 -0.51964909 -0.15214367
v 0.06026366 -0.11021926 -0.08886938
v 0.21651424 -0.43434212 -0.06282969
v 0.18930563 -0.30123299 -0.05340272
v 0.19532290 -0.36730251 -0.08092761
v 0.18160848 -0.37953451 -0.08559409
v 0.19660842 -0.31609660 -0.04667226
v 0.12435521 -0.23122714 -0.10733962
v 0.11584846 -0.23619787 -0.11300413
v -0.16783518 0.07856096 0.00071552
v -0.16421562 0.05655568 0.02768958
v -0.21949176 -0.38842931 -0.02146640
v -0.06264595 0.08003949 -0.11450422
v -0.20815675 -0.33920661 0.01787128
v -0.22716966 -0.40675801 -0.00405222
v -0.22205448 -0.40681547 -0.02190273
v -0.06078855 -0.39194593 -0.09904163
v -0.15575239 -0.23335457 -0.08370846
v -0.02394453 -0.31213307 -0.11499415
v -0.05426105 -0.33662656 -0.10734388
v -0.19058841 -0.30046162 -0.05408317
v -0.17384706 -0.48604110 -0.12770793
v -0.08197476 -0.42142251 -0.11028185
v -0.19158082 -0.42273781 -0.10273850
v -0.03802980 -0.30262867 -0.12260596
v -0.06661508 -0.28045854 -0.13057129
v 0.08494534 -0.31864646 -0.13255933
f 26 27 142
f 29 105 28
f 142 27 28
f 142 25 26
f 38 39 129
f 164 134 163
f 135 164 23
f 126 35 36
f 44 45 116
f 191 21 22
f 36 37 125
f 19 238 239
f 210 211 255
f 40 120 39
f 30 2372 105
f 19 239 18
f 2372 113 106
f 105 29 30
f 111 104 154
f 353 18 239
f 34 35 122
f 589 91 586
f 81 82 83
f 585 587 112
f 288 192 286
f 75 103 199
f 294 269 17
f 93 94 204
f 10 533 229
f 277 11 12
f 587 145 112
f 15 267 14
f 49 169 736
f 87 118 2305
f 5 231 4
f 81 83 111
f 189 2 2405
f 1862 163 22
f 31 32 113
f 189 188 2
f 231 284 4
f 150 166 105
f 96 160 95
f 206 209 208
f 172 91 92
f 123 118 88
f 109 44 116
f 2305 108 86
f 111 154 114
f 84 104 83
f 79 80 114
f 117 174 113
f 584 127 588
f 75 76 103
f 91 172 586
f 235 161 190
f 155 120 40
f 125 37 38
f 582 128 153
f 118 123 124
f 43 44 109
f 124 123 127
f 121 109 128
f 123 89 127
f 45 46 110
f 58 220 219
f 110 100 116
f 46 139 110
f 177 178 99
f 151 33 34
f 585 78 583
f 47 101 46
f 117 33 151
f 196 50 51
f 33 117 32
f 242 55 300
f 119 155 41
f 42 121 119
f 221 218 220
f 122 175 151
f 53 194 240
f 110 116 45
f 240 2310 816
f 114 584 583
f 127 89 90
f 86 108 85
f 139 46 101
f 41 42 119
f 118 124 154
f 74 75 198
f 199 750 198
f 112 77 78
f 79 583 78
f 108 104 84
f 109 121 43
f 104 111 83
f 2305 86 87
f 118 87 88
f 81 111 80
f 117 113 32
f 123 88 89
f 108 84 85
f 114 583 79
f 119 121 128
f 126 122 35
f 588 586 587
f 66 67 230
f 121 42 43
f 114 154 124
f 30 31 2372
f 104 108 2305
f 118 154 2305
f 750 140 73
f 100 177 181
f 71 252 70
f 111 114 80
f 461 136 352
f 280 230 278
f 223 852 270
f 125 126 36
f 155 40 41
f 175 122 126
f 129 125 38
f 405 183 404
f 130 129 120
f 115 130 405
f 120 2306 130
f 115 212 2304
f 322 318 319
f 227 532 410
f 230 342 65
f 161 189 190
f 135 165 164
f 245 52 921
f 698 169 48
f 100 110 139
f 100 139 138
f 138 139 48
f 148 143 145
f 171 72 73
f 147 246 102
f 205 92 93
f 148 144 143
f 166 142 105
f 135 25 142
f 23 24 135
f 145 143 77
f 145 149 148
f 144 103 143
f 143 76 77
f 103 102 199
f 112 145 77
f 144 147 102
f 146 173 304
f 149 145 587
f 149 146 148
f 586 149 587
f 144 148 304
f 166 150 97
f 237 150 106
f 113 2372 31
f 460 2307 107
f 151 175 176
f 151 34 122
f 109 152 128
f 128 152 153
f 109 116 181
f 153 152 99
f 99 152 177
f 152 109 181
f 99 178 2309
f 589 127 90
f 2306 120 155
f 419 411 420
f 270 271 328
f 363 496 534
f 282 395 446
f 345 235 285
f 208 141 206
f 188 233 160
f 21 191 2303
f 164 163 1862
f 163 134 192
f 23 164 1862
f 166 165 135
f 346 165 97
f 134 164 165
f 165 166 97
f 142 166 135
f 350 238 351
f 416 415 411
f 261 215 216
f 215 261 2308
f 298 299 2373
f 301 433 2373
f 214 179 2309
f 2309 178 213
f 137 177 138
f 48 169 138
f 72 71 864
f 253 201 251
f 203 95 483
f 172 92 205
f 146 205 173
f 172 205 146
f 205 204 173
f 249 173 206
f 106 113 174
f 150 2372 106
f 151 174 117
f 176 254 174
f 175 210 176
f 311 310 210
f 169 137 138
f 178 177 137
f 256 261 216
f 178 137 213
f 2309 179 180
f 214 2309 213
f 49 213 137
f 185 2374 182
f 183 582 184
f 152 181 177
f 180 184 153
f 582 153 184
f 115 405 457
f 184 180 185
f 182 183 184
f 2308 261 314
f 184 185 182
f 314 2374 185
f 318 320 277
f 353 239 293
f 411 415 431
f 370 273 334
f 7 8 228
f 282 446 2377
f 435 591 434
f 533 11 277
f 278 67 68
f 281 342 230
f 308 307 302
f 342 281 374
f 133 233 235
f 483 95 160
f 1 2 2282
f 188 161 233
f 483 484 450
f 209 204 203
f 190 189 234
f 188 189 161
f 284 190 234
f 193 162 236
f 163 191 22
f 346 237 2379
f 238 20 351
f 293 239 350
f 265 57 218
f 197 51 52
f 921 2310 245
f 197 52 168
f 168 52 245
f 196 213 50
f 199 198 75
f 144 102 103
f 140 199 102
f 249 304 173
f 403 356 306
f 70 305 69
f 140 171 73
f 202 72 171
f 171 247 251
f 252 202 201
f 203 204 94
f 95 203 94
f 173 204 206
f 205 93 204
f 208 209 207
f 483 160 484
f 307 309 302
f 204 209 206
f 483 209 203
f 349 254 310
f 286 192 134
f 254 176 310
f 151 176 174
f 211 126 212
f 255 107 311
f 211 175 126
f 211 312 255
f 357 212 115
f 125 2304 126
f 312 211 212
f 50 213 49
f 214 213 196
f 214 196 215
f 215 197 168
f 297 259 258
f 258 259 257
f 216 215 168
f 217 168 245
f 217 194 258
f 257 464 256
f 168 217 2375
f 185 180 179
f 153 99 180
f 2309 180 99
f 100 138 177
f 116 100 181
f 185 179 2308
f 262 58 59
f 263 59 60
f 243 355 242
f 262 220 58
f 262 361 468
f 57 219 218
f 218 219 220
f 508 517 506
f 266 355 243
f 409 221 220
f 368 15 16
f 186 2311 267
f 271 955 62
f 273 62 63
f 329 272 328
f 224 333 61
f 263 361 262
f 592 226 6
f 592 6 225
f 7 225 6
f 226 337 283
f 282 231 232
f 6 226 274
f 228 8 187
f 187 8 227
f 187 276 228
f 228 225 7
f 229 9 1885
f 227 8 9
f 10 11 533
f 227 229 532
f 9 229 227
f 230 67 278
f 279 68 69
f 281 280 159
f 369 335 342
f 232 231 5
f 454 399 480
f 160 96 188
f 235 233 161
f 484 233 133
f 189 3 234
f 285 190 284
f 235 190 285
f 193 236 20
f 191 192 193
f 163 192 191
f 150 237 97
f 237 106 348
f 239 238 350
f 236 351 20
f 293 350 167
f 294 18 353
f 326 269 325
f 245 240 217
f 295 53 241
f 299 54 55
f 241 195 295
f 241 54 299
f 299 242 2373
f 57 265 56
f 221 244 266
f 196 51 197
f 240 245 2310
f 304 250 147
f 246 200 247
f 102 246 140
f 170 247 200
f 171 251 202
f 140 247 171
f 246 247 140
f 200 248 170
f 200 246 147
f 309 141 208
f 248 200 250
f 304 147 144
f 250 249 141
f 247 170 251
f 253 251 170
f 141 249 206
f 202 252 71
f 356 252 201
f 356 305 252
f 338 339 279
f 201 202 251
f 254 106 174
f 106 254 348
f 211 210 175
f 257 256 2375
f 2375 256 216
f 464 260 256
f 258 257 2375
f 464 257 359
f 297 258 194
f 260 98 314
f 179 214 2308
f 263 262 59
f 264 263 60
f 361 263 264
f 60 333 264
f 315 361 264
f 316 361 317
f 266 265 218
f 300 56 243
f 221 266 218
f 266 244 355
f 13 14 2311
f 319 186 323
f 368 267 15
f 268 222 16
f 268 17 269
f 16 222 368
f 222 268 269
f 271 270 955
f 223 270 328
f 273 271 62
f 330 332 377
f 329 328 271
f 329 331 272
f 334 63 64
f 64 65 335
f 369 336 370
f 275 226 283
f 226 275 274
f 5 275 232
f 337 226 592
f 276 434 228
f 227 410 187
f 499 187 410
f 410 470 499
f 568 131 2380
f 187 499 276
f 435 434 2318
f 277 531 533
f 279 278 68
f 305 279 69
f 338 279 305
f 339 280 278
f 371 340 159
f 230 65 66
f 335 65 342
f 373 281 159
f 281 373 374
f 283 282 232
f 283 343 282
f 231 282 2377
f 283 232 275
f 392 395 343
f 4 284 234
f 284 2377 285
f 446 344 399
f 134 165 346
f 346 97 237
f 134 346 286
f 288 347 287
f 347 286 2379
f 288 287 292
f 351 290 289
f 162 292 290
f 292 162 288
f 192 288 162
f 292 291 290
f 291 352 289
f 291 289 290
f 167 289 352
f 417 293 2313
f 269 294 325
f 194 53 295
f 298 296 195
f 354 474 512
f 297 194 295
f 298 433 296
f 299 298 195
f 242 299 55
f 265 243 56
f 242 300 243
f 425 354 296
f 309 208 303
f 450 485 453
f 208 207 303
f 250 141 248
f 250 304 249
f 252 305 70
f 201 253 306
f 308 403 306
f 307 306 253
f 306 307 308
f 302 309 303
f 447 302 303
f 403 308 481
f 248 309 307
f 309 248 141
f 170 248 307
f 310 176 210
f 311 107 578
f 310 311 563
f 255 311 210
f 512 259 354
f 256 260 261
f 2308 314 185
f 260 314 261
f 315 391 317
f 264 333 360
f 361 315 317
f 318 277 12
f 318 322 320
f 12 13 318
f 2311 318 13
f 267 2311 14
f 318 2311 319
f 366 545 323
f 502 321 364
f 321 320 322
f 364 321 322
f 321 157 365
f 323 322 319
f 324 323 186
f 186 267 367
f 2313 412 417
f 269 326 222
f 411 327 326
f 590 328 272
f 273 329 271
f 330 329 273
f 330 370 332
f 377 375 376
f 378 379 331
f 330 331 329
f 377 332 375
f 360 224 593
f 333 224 360
f 335 334 64
f 374 398 336
f 273 370 330
f 338 305 356
f 339 338 371
f 278 279 339
f 230 280 281
f 481 372 403
f 302 482 308
f 341 397 398
f 282 343 395
f 340 441 439
f 284 231 2377
f 401 2377 446
f 441 442 455
f 456 451 345
f 286 346 2379
f 402 348 349
f 348 254 349
f 563 349 310
f 289 167 350
f 290 351 236
f 350 351 289
f 519 520 575
f 414 352 136
f 414 167 352
f 353 293 417
f 294 353 325
f 195 297 295
f 297 296 354
f 242 355 2373
f 266 243 265
f 503 355 244
f 2373 355 301
f 306 356 201
f 338 356 403
f 400 449 447
f 481 442 372
f 357 312 212
f 98 260 462
f 255 312 406
f 466 464 465
f 465 359 530
f 259 359 257
f 360 388 315
f 264 360 315
f 316 409 468
f 384 385 382
f 388 391 315
f 323 364 322
f 366 430 545
f 368 367 267
f 327 368 222
f 367 324 186
f 367 327 419
f 368 327 367
f 326 327 222
f 424 418 2316
f 334 335 369
f 369 370 334
f 332 370 336
f 371 159 280
f 439 159 340
f 339 371 280
f 403 372 371
f 340 371 372
f 439 373 159
f 374 373 341
f 398 374 341
f 342 374 369
f 373 439 341
f 375 445 376
f 336 375 332
f 478 568 386
f 379 380 158
f 331 377 378
f 379 378 380
f 388 360 593
f 590 272 158
f 379 272 331
f 382 158 384
f 384 158 380
f 388 387 391
f 380 381 384
f 542 499 470
f 387 385 2314
f 394 393 438
f 593 158 382
f 378 383 2315
f 438 376 445
f 477 492 436
f 382 385 387
f 131 568 541
f 568 2380 386
f 437 386 383
f 2315 383 386
f 378 377 383
f 377 376 383
f 2380 2315 386
f 378 2315 380
f 2314 385 436
f 382 387 388
f 436 385 477
f 2314 391 387
f 317 391 390
f 2376 479 392
f 395 2312 344
f 2376 392 343
f 337 2376 283
f 394 445 396
f 393 437 438
f 2312 392 394
f 393 394 392
f 396 2312 394
f 344 2312 132
f 446 395 344
f 132 2312 396
f 398 396 445
f 396 398 397
f 443 444 132
f 447 303 448
f 345 285 401
f 2381 453 451
f 448 450 453
f 235 345 133
f 133 345 451
f 286 347 288
f 402 347 2379
f 348 2379 237
f 359 259 512
f 354 259 297
f 549 508 507
f 338 403 371
f 2306 405 130
f 358 407 457
f 182 404 183
f 183 405 2306
f 457 405 404
f 406 107 255
f 107 406 460
f 312 407 406
f 407 358 489
f 357 407 312
f 313 467 528
f 2374 490 488
f 464 359 465
f 363 534 156
f 363 156 316
f 537 409 156
f 468 409 220
f 156 409 316
f 321 365 320
f 320 365 531
f 531 277 320
f 470 410 469
f 323 324 366
f 167 414 2313
f 2313 414 413
f 412 2313 413
f 428 412 413
f 416 412 415
f 416 411 326
f 415 412 428
f 325 416 326
f 419 420 2382
f 411 419 327
f 367 419 324
f 420 424 421
f 427 426 431
f 433 301 504
f 476 2320 518
f 432 429 426
f 546 418 509
f 421 430 366
f 425 422 474
f 431 415 427
f 476 413 414
f 415 428 427
f 555 557 516
f 430 421 2316
f 548 473 430
f 565 538 566
f 355 503 301
f 507 506 505
f 513 474 517
f 518 413 476
f 426 418 424
f 510 554 509
f 431 426 424
f 558 432 423
f 429 418 426
f 433 425 296
f 425 433 511
f 374 336 369
f 375 336 398
f 479 478 437
f 479 437 393
f 2318 434 276
f 568 435 541
f 478 435 568
f 436 492 493
f 2314 436 389
f 438 437 383
f 376 438 383
f 394 438 445
f 443 439 441
f 442 441 340
f 456 399 454
f 340 372 442
f 441 440 443
f 308 482 481
f 455 442 486
f 443 440 444
f 440 452 454
f 132 397 443
f 341 443 397
f 454 444 440
f 132 444 480
f 398 445 375
f 401 446 399
f 448 303 207
f 400 486 449
f 448 207 450
f 400 447 448
f 447 449 482
f 450 207 483
f 450 484 485
f 452 2381 456
f 133 451 485
f 456 454 452
f 453 400 448
f 455 452 440
f 2381 452 486
f 485 451 453
f 400 453 2381
f 454 480 444
f 441 455 440
f 486 442 449
f 345 401 456
f 457 357 115
f 357 457 407
f 488 457 404
f 182 488 404
f 523 458 313
f 526 291 487
f 573 461 526
f 459 579 2307
f 581 576 577
f 291 461 352
f 98 408 490
f 462 260 464
f 408 98 462
f 408 463 490
f 457 488 358
f 458 489 313
f 408 466 467
f 462 464 466
f 466 465 529
f 462 466 408
f 408 467 463
f 262 468 220
f 316 468 361
f 469 365 2319
f 472 470 2319
f 531 365 469
f 469 2319 470
f 276 499 2318
f 477 131 498
f 472 542 470
f 471 492 498
f 544 493 494
f 472 471 542
f 501 430 473
f 502 545 501
f 156 534 536
f 474 422 517
f 524 528 525
f 425 474 354
f 461 573 559
f 136 476 414
f 559 2320 476
f 131 477 381
f 437 478 386
f 392 479 393
f 478 591 435
f 443 341 439
f 399 344 480
f 132 480 344
f 449 442 481
f 447 482 302
f 481 482 449
f 209 483 207
f 233 484 160
f 484 133 485
f 2381 486 400
f 455 486 452
f 2374 488 182
f 490 2374 98
f 292 487 291
f 347 402 562
f 287 487 292
f 576 526 487
f 358 488 490
f 467 313 463
f 523 528 524
f 406 407 489
f 463 489 358
f 490 463 358
f 529 465 491
f 530 512 513
f 557 525 529
f 469 532 531
f 531 532 533
f 498 492 477
f 492 471 494
f 472 495 494
f 493 492 494
f 472 494 471
f 495 157 543
f 493 362 389
f 497 389 362
f 389 436 493
f 362 564 496
f 389 497 390
f 496 363 497
f 363 390 497
f 542 498 541
f 541 2318 542
f 501 545 430
f 502 501 500
f 569 538 565
f 544 494 495
f 500 543 502
f 321 502 157
f 364 323 545
f 503 567 504
f 244 221 2383
f 505 504 567
f 433 504 511
f 503 504 301
f 507 508 506
f 422 425 511
f 505 506 511
f 549 510 508
f 549 507 550
f 418 429 509
f 515 594 522
f 522 429 558
f 511 504 505
f 511 506 422
f 359 512 530
f 513 512 474
f 514 513 475
f 513 516 530
f 514 515 571
f 555 516 514
f 594 510 522
f 491 530 516
f 514 516 513
f 513 517 475
f 506 517 422
f 517 508 475
f 2317 427 518
f 574 573 580
f 427 428 518
f 413 518 428
f 520 2317 2320
f 518 2320 2317
f 570 556 572
f 520 423 2317
f 520 519 423
f 519 521 423
f 429 432 558
f 571 555 514
f 521 558 423
f 558 515 522
f 556 521 519
f 521 571 558
f 559 574 2320
f 523 459 460
f 524 560 561
f 458 523 460
f 313 528 523
f 570 557 555
f 525 570 560
f 291 526 461
f 581 526 576
f 402 349 527
f 578 577 527
f 529 528 467
f 525 528 529
f 529 467 466
f 529 491 557
f 465 530 491
f 410 532 469
f 229 533 532
f 535 496 564
f 534 496 535
f 552 553 547
f 540 507 505
f 535 551 534
f 362 493 539
f 535 564 565
f 552 547 554
f 2321 536 551
f 534 551 536
f 409 537 221
f 536 2321 537
f 156 536 537
f 2321 2383 537
f 501 538 500
f 473 538 501
f 566 553 565
f 540 505 567
f 544 539 493
f 566 538 473
f 541 498 131
f 471 498 542
f 502 543 157
f 569 543 500
f 500 538 569
f 364 545 502
f 547 566 473
f 418 546 548
f 547 548 546
f 550 507 540
f 510 549 554
f 549 550 552
f 553 551 535
f 565 553 535
f 551 552 550
f 547 553 566
f 552 551 553
f 546 554 547
f 552 554 549
f 546 509 554
f 509 429 522
f 509 522 510
f 555 571 556
f 570 572 560
f 521 556 571
f 556 519 572
f 516 557 491
f 515 558 571
f 561 560 572
f 524 525 560
f 575 561 572
f 523 524 459
f 562 287 347
f 487 562 576
f 287 562 487
f 527 562 402
f 577 562 527
f 577 579 581
f 362 496 497
f 539 564 362
f 539 565 564
f 565 539 569
f 244 567 503
f 2383 567 244
f 537 2383 221
f 2321 540 2383
f 550 540 2321
f 2318 541 435
f 544 495 543
f 544 569 539
f 543 569 544
f 548 547 473
f 557 570 525
f 556 570 555
f 519 575 572
f 581 580 573
f 580 575 574
f 520 574 575
f 559 573 574
f 559 136 461
f 476 136 559
f 580 561 575
f 577 576 562
f 527 563 578
f 578 563 311
f 580 579 459
f 526 581 573
f 577 578 579
f 561 580 459
f 580 581 579
f 582 2306 119
f 585 112 78
f 124 584 114
f 127 584 124
f 583 584 585
f 149 586 172
f 588 587 585
f 584 588 585
f 589 588 127
f 91 589 90
f 588 589 586
f 593 590 158
f 328 590 223
f 225 434 591
f 592 591 2378
f 434 225 228
f 388 593 382
f 594 475 508
f 514 475 515
f 475 594 515
f 510 594 508
f 688 632 631
f 722 623 622
f 49 812 50
f 625 727 728
f 682 689 687
f 1109 669 699
f 240 816 53
f 786 785 772
f 638 2384 101
f 722 683 623
f 637 636 671
f 60 59 2325
f 686 628 2385
f 682 631 630
f 687 677 682
f 684 2385 627
f 736 169 698
f 674 649 648
f 2389 888 57
f 727 624 683
f 2325 59 887
f 59 58 887
f 56 2389 57
f 724 664 787
f 637 2384 638
f 874 878 731
f 744 641 640
f 61 850 852
f 726 727 683
f 62 955 849
f 685 671 636
f 673 667 699
f 676 663 645
f 68 67 855
f 672 700 673
f 1097 738 739
f 667 702 705
f 714 620 619
f 803 909 910
f 644 669 676
f 639 74 661
f 751 749 750
f 674 668 729
f 74 198 661
f 704 654 703
f 639 661 711
f 671 685 660
f 683 752 726
f 730 762 2385
f 642 673 643
f 629 686 689
f 681 680 633
f 668 647 663
f 674 647 668
f 645 663 646
f 644 676 645
f 795 688 677
f 676 729 668
f 730 2385 684
f 708 662 709
f 699 669 643
f 626 625 728
f 1109 1108 675
f 686 629 628
f 684 627 626
f 682 688 631
f 681 688 795
f 624 727 625
f 621 679 723
f 624 623 683
f 607 885 608
f 621 723 622
f 682 677 688
f 716 679 714
f 762 760 687
f 714 618 617
f 715 714 617
f 681 632 688
f 628 627 2385
f 714 619 618
f 682 630 689
f 757 835 795
f 729 676 669
f 723 679 716
f 677 760 757
f 674 729 675
f 620 679 621
f 728 684 626
f 701 702 700
f 658 809 659
f 673 642 672
f 47 638 101
f 733 891 954
f 806 808 805
f 637 671 2384
f 811 809 2283
f 707 655 704
f 632 681 633
f 660 697 671
f 672 642 641
f 674 675 650
f 652 1108 705
f 674 650 649
f 648 647 674
f 714 679 620
f 675 651 650
f 687 689 686
f 705 702 653
f 1091 1041 989
f 676 668 663
f 717 725 724
f 943 873 872
f 633 680 634
f 805 597 596
f 1108 651 675
f 878 925 930
f 744 745 708
f 598 960 952
f 960 987 800
f 644 643 669
f 891 845 847
f 685 636 635
f 665 837 743
f 629 689 630
f 635 634 680
f 911 804 909
f 737 657 656
f 72 815 73
f 1109 699 667
f 817 2386 1048
f 773 1105 774
f 660 693 698
f 697 660 698
f 698 693 736
f 139 101 48
f 2384 671 697
f 48 697 698
f 729 669 1109
f 667 705 1109
f 700 666 701
f 667 700 702
f 673 700 667
f 666 700 672
f 709 706 701
f 704 655 654
f 701 666 709
f 703 702 701
f 653 702 703
f 703 701 704
f 653 703 654
f 706 704 701
f 704 706 707
f 652 705 653
f 706 709 662
f 656 655 707
f 748 858 747
f 707 706 713
f 745 744 640
f 662 713 706
f 712 813 710
f 863 859 861
f 744 666 672
f 709 666 708
f 711 640 639
f 749 711 661
f 708 747 662
f 198 750 661
f 751 750 73
f 694 746 749
f 1092 735 1093
f 858 713 662
f 738 713 712
f 715 617 616
f 716 714 715
f 615 715 616
f 720 725 717
f 719 723 718
f 752 670 726
f 719 718 717
f 720 718 753
f 719 717 670
f 717 724 670
f 787 781 724
f 721 715 615
f 755 740 754
f 723 722 622
f 722 719 752
f 723 716 718
f 722 723 719
f 696 725 720
f 664 724 725
f 718 720 717
f 754 696 720
f 727 726 678
f 728 727 678
f 675 729 1109
f 681 834 680
f 680 834 665
f 684 728 869
f 840 605 838
f 1011 1010 973
f 55 890 300
f 601 847 602
f 854 805 808
f 1068 989 1090
f 804 64 63
f 1068 1065 1066
f 857 793 833
f 736 693 867
f 712 739 738
f 809 658 2285
f 738 707 713
f 739 712 710
f 707 738 737
f 739 710 997
f 739 997 1094
f 202 71 72
f 70 865 71
f 922 816 2310
f 695 968 923
f 610 609 819
f 880 886 606
f 753 716 715
f 743 742 660
f 693 660 742
f 743 660 685
f 867 693 823
f 665 743 2322
f 742 743 826
f 666 744 708
f 641 744 672
f 745 640 711
f 746 745 711
f 708 745 747
f 749 746 711
f 747 746 748
f 745 746 747
f 748 746 694
f 859 813 748
f 748 813 858
f 749 751 694
f 859 748 694
f 661 750 749
f 815 751 73
f 820 751 815
f 722 752 683
f 670 752 719
f 716 753 718
f 721 753 715
f 615 614 755
f 755 721 615
f 755 754 721
f 613 755 614
f 1047 740 817
f 696 754 740
f 728 678 869
f 757 795 677
f 756 761 760
f 766 759 761
f 759 757 761
f 765 768 758
f 836 757 759
f 769 770 772
f 776 758 769
f 759 765 758
f 769 758 768
f 776 836 758
f 677 687 760
f 762 687 686
f 760 761 757
f 763 821 756
f 756 760 762
f 730 763 762
f 756 762 763
f 822 764 767
f 767 766 822
f 783 765 766
f 759 766 765
f 783 766 767
f 774 768 783
f 774 1105 771
f 770 769 768
f 771 784 770
f 776 775 777
f 771 768 774
f 770 784 779
f 782 767 764
f 771 1107 784
f 770 768 771
f 785 769 772
f 825 775 790
f 777 825 824
f 785 790 775
f 777 775 825
f 782 773 767
f 773 774 783
f 775 776 769
f 793 857 790
f 824 825 823
f 776 777 871
f 837 665 796
f 779 792 786
f 779 2387 830
f 764 822 916
f 787 788 781
f 782 866 780
f 670 724 791
f 764 916 866
f 724 781 791
f 773 783 767
f 779 784 2387
f 785 775 769
f 1004 725 696
f 791 781 789
f 772 779 786
f 794 790 785
f 829 792 870
f 785 786 794
f 790 794 793
f 867 823 857
f 1049 2388 664
f 730 868 763
f 791 726 670
f 790 857 825
f 917 789 781
f 726 791 678
f 786 2324 794
f 792 830 870
f 830 831 870
f 52 51 832
f 794 2324 828
f 833 51 50
f 871 835 836
f 796 665 834
f 778 837 796
f 835 796 834
f 796 871 778
f 841 840 797
f 901 733 976
f 1111 877 884
f 932 887 888
f 941 829 870
f 901 845 891
f 848 847 903
f 270 983 955
f 61 333 850
f 962 800 987
f 990 803 910
f 856 802 855
f 805 807 806
f 807 2283 806
f 801 988 1066
f 853 854 801
f 807 805 596
f 596 1284 807
f 811 807 1284
f 810 2285 658
f 2283 809 735
f 1094 1097 739
f 809 2285 735
f 1071 2283 735
f 811 2283 807
f 1284 595 2284
f 811 1284 2284
f 657 810 658
f 809 811 659
f 857 833 812
f 736 812 49
f 707 737 656
f 737 1097 810
f 657 737 810
f 712 858 813
f 710 813 863
f 863 860 996
f 815 72 864
f 865 908 991
f 861 859 820
f 817 740 613
f 755 613 740
f 1489 612 2386
f 1003 1047 1048
f 819 966 1002
f 914 1002 966
f 912 609 608
f 915 819 1002
f 763 868 920
f 822 756 821
f 822 821 916
f 778 777 824
f 826 778 824
f 824 742 826
f 824 823 742
f 823 825 857
f 868 869 827
f 917 827 789
f 921 832 828
f 922 828 2324
f 792 829 2324
f 779 830 792
f 830 695 831
f 832 51 833
f 833 793 832
f 828 832 793
f 794 828 793
f 52 832 921
f 795 834 681
f 795 835 834
f 757 836 835
f 836 759 758
f 777 778 871
f 837 778 826
f 743 837 826
f 797 840 838
f 872 605 1443
f 1110 885 886
f 873 874 838
f 872 838 605
f 876 841 797
f 877 876 924
f 839 841 876
f 892 604 846
f 872 873 838
f 888 58 219
f 889 56 300
f 889 974 971
f 241 940 54
f 603 844 900
f 602 845 844
f 604 892 893
f 900 844 845
f 604 603 846
f 903 601 600
f 905 600 599
f 891 847 848
f 847 845 602
f 903 847 601
f 848 903 953
f 983 956 955
f 1130 849 1131
f 851 852 850
f 906 907 850
f 1112 984 851
f 852 851 983
f 853 801 987
f 854 853 597
f 855 802 2286
f 856 67 66
f 860 993 995
f 65 64 911
f 856 66 803
f 803 66 911
f 66 65 911
f 804 63 1130
f 812 833 50
f 857 812 867
f 713 858 712
f 747 858 662
f 820 859 694
f 861 862 992
f 862 864 865
f 862 861 820
f 863 861 860
f 815 862 820
f 862 865 992
f 860 995 996
f 859 863 813
f 997 710 996
f 1095 1094 814
f 865 864 71
f 815 864 862
f 908 70 69
f 992 865 991
f 915 612 611
f 2386 612 818
f 912 819 609
f 915 610 819
f 885 912 608
f 912 1114 966
f 818 612 915
f 917 918 920
f 780 2323 1132
f 764 866 782
f 780 866 2323
f 919 2323 866
f 736 867 812
f 742 823 693
f 869 868 730
f 868 827 920
f 869 730 684
f 827 678 789
f 869 678 827
f 835 871 796
f 776 871 836
f 943 894 873
f 894 943 896
f 874 873 875
f 838 874 797
f 874 731 924
f 875 873 894
f 924 731 877
f 797 874 924
f 874 875 878
f 884 970 1055
f 883 881 882
f 924 876 797
f 882 876 877
f 926 945 929
f 879 875 894
f 877 731 884
f 878 875 879
f 970 878 930
f 895 899 894
f 925 879 926
f 899 879 894
f 881 880 839
f 885 607 886
f 839 880 841
f 882 881 839
f 1110 881 883
f 882 839 876
f 883 1111 2329
f 1111 883 882
f 1161 1159 1172
f 884 1055 1111
f 607 606 886
f 881 886 880
f 888 887 58
f 798 887 932
f 2325 887 798
f 889 2389 56
f 890 889 300
f 937 55 54
f 241 53 940
f 937 54 843
f 829 816 922
f 843 54 940
f 891 733 901
f 897 900 901
f 929 925 926
f 895 894 896
f 896 892 846
f 893 943 872
f 893 892 943
f 976 978 944
f 898 897 944
f 895 897 898
f 897 896 846
f 895 896 897
f 846 900 897
f 898 978 979
f 898 951 895
f 951 899 895
f 603 900 846
f 901 900 845
f 901 976 944
f 1057 933 1056
f 951 898 979
f 926 946 945
f 946 902 945
f 905 903 600
f 599 952 905
f 952 800 904
f 598 952 599
f 905 953 903
f 953 905 904
f 982 906 2325
f 972 973 1010
f 1112 907 1014
f 986 957 958
f 956 957 959
f 987 961 853
f 801 962 987
f 805 854 597
f 988 854 808
f 1000 856 990
f 855 67 856
f 964 2286 802
f 865 70 908
f 855 2286 69
f 908 69 2286
f 996 710 863
f 911 909 803
f 999 990 910
f 804 911 64
f 959 1040 1131
f 912 913 1114
f 885 913 912
f 912 966 819
f 1046 967 1080
f 967 741 818
f 611 610 915
f 918 916 821
f 866 916 919
f 781 788 917
f 916 918 919
f 920 918 821
f 918 917 919
f 920 821 763
f 922 921 828
f 829 922 2324
f 941 816 829
f 968 695 1005
f 878 879 925
f 899 926 879
f 929 930 925
f 929 945 948
f 929 927 930
f 878 970 731
f 928 970 930
f 798 932 931
f 935 931 1006
f 935 934 931
f 2389 932 888
f 931 932 1006
f 1006 2389 971
f 935 1006 936
f 1119 1127 1118
f 935 933 1123
f 933 935 936
f 933 1057 1123
f 798 972 982
f 798 931 934
f 973 934 1122
f 1007 974 1008
f 938 937 799
f 938 799 939
f 937 938 890
f 1018 939 799
f 890 55 937
f 816 940 53
f 1051 941 831
f 891 848 954
f 892 896 943
f 898 944 978
f 901 944 897
f 949 945 902
f 899 946 926
f 979 902 946
f 1024 902 981
f 929 948 927
f 980 981 979
f 950 945 949
f 948 945 1023
f 947 950 949
f 1023 945 950
f 979 946 951
f 946 899 951
f 800 952 960
f 905 952 904
f 1062 986 1059
f 1026 953 904
f 954 848 1028
f 733 942 976
f 953 1028 848
f 906 982 842
f 907 906 842
f 906 850 333
f 1112 850 907
f 1112 851 850
f 956 851 984
f 955 959 849
f 959 955 956
f 956 984 957
f 959 957 1040
f 957 984 958
f 1031 1100 1038
f 1040 957 986
f 961 960 598
f 960 961 987
f 963 802 1000
f 1000 802 856
f 965 963 1000
f 802 963 964
f 1042 994 995
f 1040 734 1085
f 967 1002 914
f 914 1081 1080
f 741 967 1046
f 695 923 831
f 843 799 937
f 1018 799 969
f 927 690 1053
f 928 930 927
f 1126 1053 690
f 970 928 1055
f 731 970 884
f 57 888 219
f 936 1006 971
f 973 972 934
f 1011 973 1128
f 889 971 2389
f 1007 971 974
f 890 974 889
f 938 974 890
f 1008 938 939
f 1008 1115 732
f 976 942 977
f 1060 733 954
f 1059 985 1017
f 980 977 1016
f 977 978 976
f 1116 950 1009
f 927 948 690
f 1127 948 1023
f 947 949 1024
f 979 978 980
f 978 977 980
f 1058 980 1016
f 902 979 981
f 800 1025 904
f 1027 1026 1030
f 1031 1029 1100
f 982 2325 798
f 982 972 842
f 852 983 270
f 983 851 956
f 1015 984 1112
f 962 801 1066
f 989 988 808
f 854 988 801
f 808 1091 989
f 1095 1096 692
f 1063 1065 691
f 803 990 856
f 2286 991 908
f 993 992 991
f 992 993 860
f 1044 1042 1043
f 1074 1075 1073
f 1042 993 991
f 2287 814 997
f 861 992 860
f 2287 997 996
f 995 994 2287
f 994 1074 1076
f 1072 1041 692
f 1087 1084 1086
f 1001 999 1045
f 1001 1000 990
f 1069 691 1065
f 915 1002 818
f 1004 1003 1050
f 1003 1004 696
f 696 740 1047
f 1004 1050 1049
f 725 1004 664
f 1102 2326 1133
f 2386 741 1048
f 1002 967 818
f 1147 968 1005
f 1022 923 968
f 831 923 969
f 940 1051 843
f 799 843 969
f 1051 969 843
f 1129 1127 1119
f 1106 1140 1147
f 1007 936 971
f 974 938 1008
f 1115 1008 939
f 732 1007 1008
f 1123 934 935
f 950 1116 1023
f 1061 1128 947
f 1012 1014 907
f 1011 1128 1061
f 1012 1010 1011
f 907 842 1012
f 972 1010 842
f 1012 842 1010
f 1014 1012 2327
f 1011 1061 2327
f 2327 1083 1013
f 1013 985 1015
f 1015 1014 1013
f 1015 985 1059
f 1015 958 984
f 1016 977 1070
f 1070 977 942
f 1017 1016 1070
f 1017 985 1058
f 1115 939 975
f 1018 969 923
f 975 939 1018
f 1150 1022 1143
f 1142 1149 1143
f 1115 1021 1121
f 1020 1018 923
f 975 1019 1021
f 1019 975 1020
f 1020 975 1018
f 1151 1153 1125
f 923 1022 1020
f 690 948 1127
f 1061 1024 1083
f 1014 2327 1013
f 902 1024 949
f 1024 981 1083
f 800 962 1025
f 1026 904 1025
f 1028 1026 1027
f 1026 1025 1032
f 1027 1030 1035
f 1031 1027 1035
f 1028 1027 1039
f 1026 1028 953
f 1045 1063 691
f 1045 1037 1063
f 1035 1029 1031
f 734 986 1062
f 1030 1026 1032
f 1064 1032 1025
f 1036 1030 1032
f 1029 1035 1033
f 1034 1036 1037
f 999 910 1087
f 1033 1035 1034
f 1035 1030 1034
f 1037 1036 1063
f 1100 1070 1038
f 1027 1031 1039
f 1038 1039 1031
f 986 734 1040
f 1033 734 1062
f 1059 986 958
f 1071 1091 806
f 1064 1025 962
f 1043 991 2286
f 1044 1043 964
f 991 1043 1042
f 1000 1001 965
f 999 1001 990
f 1080 967 914
f 1050 1046 1082
f 1048 1047 817
f 1047 1003 696
f 817 1427 2386
f 1046 1048 741
f 787 664 2388
f 1004 1049 664
f 1102 1050 1082
f 1050 1003 1046
f 1048 1046 1003
f 816 941 940
f 969 1051 831
f 690 1127 1129
f 928 1053 1054
f 1126 1052 1053
f 1053 1052 1054
f 1166 1055 1168
f 927 1053 928
f 928 1054 1055
f 1007 732 1056
f 936 1056 933
f 1118 1116 1117
f 1057 1056 1120
f 1057 1117 1123
f 950 947 1009
f 981 980 1058
f 985 1013 1058
f 1017 1058 1016
f 1015 1059 958
f 1060 942 733
f 1039 1060 954
f 1028 1039 954
f 1024 1061 947
f 1011 2327 1012
f 2327 1061 1083
f 1100 1062 1059
f 1062 1100 1029
f 1063 1064 1065
f 1032 1064 1036
f 1066 1064 962
f 988 1068 1066
f 1069 1065 1068
f 1064 1066 1065
f 1041 1072 1090
f 989 1068 988
f 1067 1069 1068
f 994 1042 1074
f 1077 1069 1067
f 1069 1077 691
f 1017 1070 1100
f 942 1038 1070
f 1071 735 1092
f 1090 1067 1068
f 993 1042 995
f 963 1044 964
f 1042 1044 1074
f 1075 1074 1044
f 1067 1079 1073
f 1075 1044 963
f 1074 1073 1076
f 963 965 1075
f 1001 1045 691
f 1076 1073 1079
f 994 1076 2287
f 1078 1075 965
f 1001 1078 965
f 1079 1072 998
f 1077 1078 691
f 1001 691 1078
f 1046 1080 1082
f 1102 1099 2388
f 2326 1082 1080
f 741 2386 818
f 981 1058 1083
f 1083 1058 1013
f 1017 1100 1059
f 1029 1033 1062
f 1033 1089 734
f 1089 1085 734
f 1085 1086 1084
f 909 1088 910
f 1086 1085 1089
f 1085 1084 1131
f 1045 999 1087
f 1087 910 1088
f 1087 1086 1037
f 1088 909 804
f 1087 1088 1084
f 1034 1089 1033
f 1041 1090 989
f 1079 1090 1072
f 1067 1090 1079
f 806 1091 808
f 692 1091 1071
f 1093 735 2285
f 1096 1095 814
f 1097 1094 1093
f 1093 1094 1095
f 814 1094 997
f 1097 1093 810
f 692 1092 1095
f 1095 1092 1093
f 1096 998 1072
f 738 1097 737
f 1091 692 1041
f 1092 692 1071
f 1096 1072 692
f 1105 773 2390
f 788 1099 2323
f 1133 2328 1132
f 1089 1034 1086
f 1037 1086 1034
f 1087 1037 1045
f 1133 2326 2328
f 1049 1050 1102
f 1099 1102 1133
f 1107 1005 784
f 1104 782 780
f 773 782 1104
f 1156 1146 1103
f 1081 1170 1101
f 1104 780 1103
f 773 1104 2390
f 1134 1156 1103
f 1105 1107 771
f 1107 1105 1106
f 1140 1106 1141
f 1147 1005 1107
f 1147 1107 1106
f 651 1108 652
f 705 1108 1109
f 820 694 751
f 885 1110 913
f 881 1110 886
f 877 1111 882
f 1166 1111 1055
f 1112 1014 1015
f 1164 1170 1171
f 1114 1113 914
f 914 1113 1081
f 883 1162 1110
f 1160 1161 1162
f 1114 913 1172
f 920 827 917
f 1021 1115 975
f 1116 1009 1117
f 1116 1127 1023
f 1122 1117 1009
f 1117 1057 1118
f 1127 1116 1118
f 1118 1120 1119
f 1120 732 1121
f 1128 1009 947
f 1123 1122 934
f 1117 1122 1123
f 1115 1121 732
f 1152 1125 1021
f 1021 1125 1121
f 1153 1124 1125
f 1120 1121 1124
f 1129 1126 690
f 1153 1126 1124
f 1057 1120 1118
f 1124 1119 1120
f 1122 1128 973
f 1009 1128 1122
f 1124 1129 1119
f 1126 1129 1124
f 1131 1088 1130
f 849 959 1131
f 1130 1088 804
f 1084 1088 1131
f 62 849 63
f 1131 1040 1085
f 1101 1098 2328
f 1099 1133 1132
f 1134 2328 1098
f 1103 780 1132
f 1132 2328 1134
f 1159 1171 1172
f 1153 1154 1155
f 1132 1134 1103
f 1138 1136 1164
f 1081 1101 2326
f 1101 1170 1136
f 1152 1151 1125
f 1101 1136 1098
f 1164 1136 1170
f 1139 1156 1098
f 1163 1138 1164
f 1139 1138 1137
f 1135 1144 1137
f 1139 1137 1144
f 1142 1144 1135
f 1147 1140 1143
f 1140 1142 1143
f 1104 1103 1146
f 1141 1146 1145
f 1106 2390 1141
f 1143 1149 1150
f 1145 1144 1142
f 1156 1144 1145
f 2390 1104 1146
f 1145 1146 1156
f 2390 1146 1141
f 1143 1022 1147
f 968 1147 1022
f 1152 1019 1150
f 1148 1142 1135
f 1142 1148 1149
f 1135 1158 1154
f 1151 1149 1148
f 1150 1019 1020
f 1137 1167 1158
f 1052 1157 1168
f 1151 1152 1149
f 1019 1152 1021
f 1022 1150 1020
f 1152 1150 1149
f 1154 1153 1151
f 1154 1151 1148
f 1135 1154 1148
f 1144 1156 1139
f 1157 1052 1155
f 1158 1157 1155
f 1138 1163 1167
f 1155 1154 1158
f 1137 1158 1135
f 1167 1157 1158
f 1161 1172 913
f 1162 2329 1160
f 1163 1159 1160
f 1162 1161 913
f 1159 1161 1160
f 1110 1162 913
f 1165 1160 2329
f 1163 1165 1169
f 1159 1163 1164
f 2329 1166 1165
f 1163 1169 1167
f 1166 1168 1169
f 1111 1166 2329
f 1168 1055 1054
f 1166 1169 1165
f 1138 1167 1137
f 1052 1168 1054
f 1157 1169 1168
f 1167 1169 1157
f 1113 1170 1081
f 1171 1170 1113
f 1172 1171 1113
f 1171 1159 1164
f 1114 1172 1113
f 1145 1140 1141
f 1142 1140 1145
f 616 617 618
f 1311 1234 1272
f 1269 1219 1220
f 616 618 619
f 619 1276 616
f 1345 616 1276
f 1276 619 1173
f 1271 1269 1263
f 1271 1218 1219
f 1348 1312 1350
f 1236 1258 2292
f 647 648 1244
f 1353 1179 1180
f 2331 1258 1266
f 1488 611 612
f 1269 1240 2288
f 2330 1310 1234
f 1267 1261 1250
f 2338 1186 1187
f 1286 1253 1259
f 1247 1224 1225
f 607 608 1433
f 613 614 1486
f 1274 1275 1336
f 1239 1238 1251
f 1507 1357 1394
f 1310 2288 1255
f 1243 647 1244
f 1217 1285 1216
f 872 1443 1445
f 1234 1311 2330
f 1736 1515 1510
f 1237 1261 1260
f 1446 841 880
f 1255 2288 1259
f 1235 1231 1232
f 1397 601 602
f 1323 596 597
f 598 1366 961
f 1325 1297 1378
f 601 1397 1398
f 1334 1306 1213
f 2292 1228 1229
f 1247 1253 1246
f 1226 1227 1242
f 1327 1295 1328
f 1247 1246 1224
f 1339 1343 1340
f 1326 596 1323
f 1232 2291 2290
f 1293 1332 1233
f 1245 1243 1238
f 1226 1242 1254
f 1223 1224 1246
f 1239 1246 1253
f 2292 1258 1241
f 1229 1230 2289
f 1230 1231 1249
f 1240 1248 1286
f 1202 1920 1438
f 1188 1362 1361
f 1241 2331 1267
f 1188 1189 1362
f 1262 1264 1305
f 1265 1261 1267
f 1342 1479 1341
f 1282 1283 1191
f 1395 1204 1205
f 1249 1257 2289
f 1255 1256 1237
f 1245 1248 1221
f 1258 2331 1241
f 1437 1392 1436
f 1437 1498 1392
f 1242 1250 1261
f 1192 1282 1191
f 1238 1244 1251
f 1237 1242 1261
f 1246 1251 1223
f 1247 1256 1253
f 1503 1549 1201
f 1259 1256 1255
f 1550 1201 1549
f 1244 1222 1251
f 1495 1199 1200
f 1236 2292 2289
f 1198 1199 1496
f 1260 1234 1310
f 1260 1255 1237
f 1218 1271 1217
f 1272 1260 1261
f 1263 2330 1309
f 1242 1227 1250
f 1221 1248 1220
f 1238 1243 1244
f 1256 1247 1254
f 1260 1310 1255
f 1287 1257 1249
f 648 1222 1244
f 1237 1256 1254
f 1243 1252 663
f 663 1252 646
f 2289 1257 1236
f 1245 1252 1243
f 1228 1250 1227
f 1243 663 647
f 1221 646 1252
f 1268 1258 1236
f 1415 1209 1210
f 1251 1246 1239
f 1221 1252 1245
f 1381 1382 1343
f 1241 1250 1228
f 1272 1234 1260
f 1222 1223 1251
f 1225 1226 1254
f 1300 1333 1214
f 1212 1306 1308
f 1286 1245 1238
f 1286 1239 1253
f 1308 1306 1307
f 1241 1228 2292
f 1242 1237 1254
f 1256 1259 1253
f 1286 1259 1240
f 2288 1240 1259
f 1272 1261 1265
f 1274 1265 1273
f 1258 1268 1266
f 1265 2331 1273
f 1262 1304 1264
f 1273 2331 1266
f 1241 1267 1250
f 1257 1291 1236
f 1266 1268 1264
f 1271 1263 1309
f 1309 1217 1271
f 1248 1240 1220
f 1270 1273 1304
f 1269 1271 1219
f 1274 1272 1265
f 1311 1272 1336
f 1274 1273 1270
f 1264 1304 1266
f 1275 1274 1270
f 1274 1336 1272
f 1301 1303 1299
f 1270 1301 1299
f 1275 2391 1336
f 1175 1176 1350
f 614 615 1344
f 1277 1276 1173
f 1173 1174 1277
f 1312 1174 1175
f 1177 1349 1350
f 1312 1277 1174
f 1277 1312 1314
f 1183 1184 1360
f 1199 1495 1496
f 1445 893 872
f 1282 1281 1283
f 1282 1193 1281
f 1283 1281 1406
f 1190 1191 1283
f 600 601 1398
f 1484 1614 2393
f 1233 1330 1293
f 1288 1294 1292
f 1217 1309 1285
f 1215 1216 1285
f 1239 1286 1238
f 1235 1287 1231
f 1288 1287 1235
f 2291 1377 2290
f 1268 1289 1264
f 1293 1330 1290
f 1236 1291 1289
f 1288 1292 1287
f 1290 1291 1257
f 1331 1291 1290
f 1290 1292 1293
f 1296 1332 1293
f 1296 1292 1294
f 1292 1296 1293
f 1288 2293 1295
f 1288 1295 1294
f 1328 1295 2293
f 1327 1323 1368
f 1297 1296 1294
f 1378 1295 1327
f 1297 1325 2333
f 1297 1332 1296
f 1303 1301 1302
f 1275 1270 1299
f 1300 2391 1298
f 1298 2391 1275
f 1299 1298 1275
f 1214 1894 1335
f 1301 1304 1262
f 1302 1301 1262
f 1303 1302 1307
f 1299 1303 1298
f 1306 1334 1303
f 1333 1334 1213
f 1270 1304 1301
f 1304 1273 1266
f 1478 1479 1480
f 1308 1343 1382
f 1306 1303 1307
f 1213 1306 1212
f 1340 1341 1479
f 1302 1341 1340
f 1382 1212 1308
f 2288 1310 1263
f 1311 1336 2334
f 1312 1348 1314
f 1344 1346 614
f 1350 1312 1175
f 1314 1345 1277
f 1348 1349 1429
f 1348 1384 1314
f 1432 1384 1431
f 609 610 1387
f 1584 1278 1533
f 1517 1446 1447
f 1516 1433 1388
f 1396 1206 1207
f 1365 1189 1190
f 2338 1187 1361
f 1408 1405 1406
f 1407 1408 1406
f 1365 1283 1406
f 1365 1405 1362
f 1210 1734 1415
f 1474 1484 2393
f 1419 1483 1477
f 1555 1395 1556
f 1368 597 853
f 1369 853 961
f 1370 1368 1369
f 1378 1297 1294
f 1325 1324 1371
f 1371 1324 1376
f 1326 1328 2293
f 596 1326 1377
f 1368 1323 597
f 1368 1370 1327
f 1324 1325 1378
f 1328 1323 1327
f 1323 1328 1326
f 1377 2293 2290
f 1379 1330 1233
f 1291 1331 1289
f 1342 1305 1423
f 1290 1330 1331
f 1379 1331 1330
f 1335 1300 1214
f 1333 1300 1334
f 1300 1298 1334
f 1303 1334 1298
f 1329 1335 1894
f 1300 1335 2391
f 1329 1337 1335
f 2391 1337 1336
f 1338 2334 2392
f 1285 1309 1338
f 1340 1308 1307
f 1305 1342 1341
f 1262 1305 1341
f 1302 1340 1307
f 1375 1423 1233
f 1375 1233 1417
f 1262 1341 1302
f 1426 1381 1343
f 1379 1423 1305
f 1308 1340 1343
f 1345 1344 615
f 616 1345 615
f 1277 1345 1276
f 1346 1352 1486
f 1313 1545 1617
f 1493 1494 1591
f 1431 1429 1383
f 1384 1348 1429
f 1351 1177 1178
f 1429 1349 1347
f 1177 1350 1176
f 1348 1350 1349
f 1349 1177 1351
f 1434 1178 1179
f 1349 1351 1347
f 1314 1385 1344
f 1345 1314 1344
f 1384 1385 1314
f 1344 1385 1346
f 1386 1352 1432
f 1388 1547 1661
f 1387 1548 609
f 1430 1347 1390
f 1694 1709 1708
f 1444 1394 1443
f 1455 1456 1459
f 1407 1409 1280
f 1359 1195 1196
f 1197 1463 1976
f 1389 1466 1467
f 1362 1189 1365
f 1187 1188 1361
f 1322 1364 1321
f 1364 1194 1321
f 1321 1194 1363
f 1364 1322 1193
f 1281 1322 1406
f 1281 1193 1322
f 1283 1365 1190
f 1406 1322 1407
f 598 599 1460
f 1327 1370 1324
f 1734 1210 1211
f 1482 1543 1415
f 1369 1368 853
f 961 1366 1369
f 1370 1366 1324
f 1371 1373 1475
f 1373 1520 1457
f 1417 1233 1332
f 1520 1371 1376
f 1418 1417 2333
f 1417 1374 1375
f 1332 1297 2333
f 1417 1418 1374
f 1478 1339 1479
f 1480 1423 1375
f 1476 1375 1374
f 1472 1366 1460
f 596 1377 1284
f 2293 1377 1326
f 1295 1378 1294
f 1324 1378 1327
f 2392 1329 1215
f 1289 1379 1264
f 1331 1379 1289
f 1338 2330 1311
f 1309 2330 1338
f 1380 1426 1421
f 1426 1343 1339
f 1381 1426 1425
f 1427 1486 1487
f 1489 1487 1428
f 1430 1429 1347
f 1385 1384 1432
f 1547 1591 1546
f 1389 1180 1181
f 1466 1182 1403
f 1434 1353 1390
f 1351 1178 1434
f 1389 1353 1180
f 1523 1353 1389
f 1429 1430 1383
f 1351 1434 1347
f 1347 1434 1390
f 2394 1390 1353
f 1503 1202 1438
f 1550 1391 1495
f 1197 1198 1497
f 1392 1498 1499
f 1442 1393 1439
f 1447 880 606
f 1507 1508 1506
f 1204 1395 1554
f 1208 1367 1413
f 1597 1557 1442
f 1393 1440 1439
f 1556 1395 1396
f 1204 1554 1441
f 1448 602 844
f 1449 844 603
f 2341 1320 1458
f 1448 1397 602
f 1458 1397 2341
f 1449 1450 1448
f 1194 1400 1363
f 1196 1463 1464
f 1401 1195 2336
f 1522 1359 1464
f 1465 1184 1185
f 1404 1185 1186
f 1403 1527 1467
f 1182 1466 1181
f 1465 1360 1184
f 1182 1183 1403
f 2337 2338 1361
f 1404 1402 1465
f 1280 1411 1586
f 1186 2338 1404
f 1525 1402 1404
f 1362 1405 1524
f 1406 1405 1365
f 1407 1322 1321
f 1409 1407 1321
f 1407 1280 1408
f 1409 1321 1363
f 1470 1408 1280
f 1405 1408 1524
f 1363 1410 1409
f 1400 1401 1410
f 1411 1280 1409
f 1542 1413 1367
f 1414 1416 1412
f 1206 1396 1205
f 1543 1416 1414
f 1543 1414 1415
f 1209 1415 1414
f 1543 1484 1474
f 1367 1208 1412
f 1207 1208 1413
f 1324 1366 1472
f 1369 1366 1370
f 1376 1324 1472
f 2333 1417 1332
f 1475 1325 1371
f 2333 1475 1418
f 1566 1418 1475
f 1374 1418 1372
f 1419 1374 1372
f 1374 1419 1477
f 1566 1372 1418
f 1374 1477 1476
f 1375 1476 1480
f 1479 1339 1340
f 1478 1480 1476
f 1477 1483 1422
f 1478 1421 1339
f 1421 1420 1735
f 1421 1735 1380
f 1422 1735 1420
f 1420 1476 1477
f 1735 1422 1482
f 1233 1423 1379
f 1426 1339 1421
f 1425 1426 1380
f 1489 1427 1487
f 613 1486 1427
f 1487 1352 1386
f 1486 1352 1487
f 1383 1545 1431
f 1490 1530 1491
f 1432 1431 1313
f 1384 1429 1431
f 1432 1313 1616
f 1385 1432 1352
f 1493 1387 610
f 1548 1433 608
f 1466 1389 1181
f 1353 1434 1179
f 1490 2394 1530
f 1467 1527 1583
f 1435 1523 1583
f 2394 1353 1523
f 1389 1467 1523
f 1523 1435 2394
f 1436 1438 1437
f 1438 1920 1437
f 1498 1437 1440
f 1438 1436 1503
f 1439 1440 1203
f 1441 1442 1439
f 1498 1440 1393
f 1442 1441 1554
f 1505 1355 1498
f 1597 1442 1554
f 1393 1442 1557
f 1444 1443 605
f 1445 1443 1394
f 840 841 2335
f 893 1445 1560
f 1447 1446 880
f 606 607 1518
f 1358 1446 1517
f 1395 1205 1396
f 1207 1413 1396
f 1413 1542 1473
f 1449 1448 844
f 1399 1449 603
f 1449 1399 1450
f 603 604 1399
f 1399 1451 1450
f 1519 1565 1452
f 1399 1561 1451
f 1452 1565 2341
f 1450 1451 1452
f 2341 1565 1320
f 1448 2341 1397
f 1452 2341 1450
f 1448 1450 2341
f 1453 1320 1454
f 1398 1458 1459
f 1458 1398 1397
f 1453 1424 1455
f 1458 1320 1453
f 1454 1737 1424
f 1453 1454 1424
f 1472 1471 1376
f 1471 1456 1455
f 1453 1455 1459
f 1424 1457 1455
f 2342 1456 1460
f 1398 1459 2342
f 1521 1566 1373
f 1459 1458 1453
f 2342 1459 1456
f 599 2342 1460
f 1460 1471 1472
f 598 1460 1366
f 1398 2342 600
f 1461 1462 1410
f 1401 1461 1410
f 1463 1196 1976
f 1359 1196 1464
f 1497 1198 1496
f 1497 1553 1463
f 1552 1551 1594
f 1553 1464 1463
f 1522 1464 1571
f 1404 1465 1185
f 1360 1465 1402
f 1467 1466 1403
f 1583 1523 1467
f 1470 1524 1408
f 1280 1586 1470
f 1470 2337 1524
f 1538 1536 1469
f 1576 1534 1462
f 1410 1462 1409
f 1586 1534 1538
f 1586 1538 1469
f 1541 1470 1469
f 1456 1471 1460
f 2393 1614 1649
f 1396 1413 1473
f 1555 1556 1647
f 1556 1396 1473
f 1412 1416 1367
f 1416 1474 1367
f 1566 1475 1373
f 1325 1475 2333
f 1566 1569 1372
f 1636 1737 1634
f 1420 1477 1422
f 1476 1420 1478
f 1421 1478 1420
f 1480 1479 1342
f 1423 1480 1342
f 1482 1481 1543
f 1481 1482 1422
f 1484 1485 1614
f 1484 1481 1485
f 1483 1485 1481
f 1385 1352 1346
f 1650 1487 1386
f 1489 1488 612
f 1654 1488 1428
f 1428 1488 1489
f 1490 1430 1390
f 2394 1490 1390
f 1491 1492 1490
f 1491 2344 1492
f 1545 1313 1431
f 1591 1494 1652
f 611 1493 610
f 611 1494 1493
f 609 1548 608
f 1550 1495 1200
f 1201 1550 1200
f 1496 1495 1391
f 1197 1497 1463
f 1552 1497 1496
f 1553 1497 1552
f 1393 1557 1505
f 1498 1355 1499
f 1501 1621 1354
f 1392 1499 1502
f 1502 1499 1500
f 1436 1392 1501
f 1316 1502 2343
f 1392 1502 1501
f 1686 1684 1316
f 1920 1203 1440
f 1437 1920 1440
f 1503 1354 1549
f 1501 1354 1436
f 1354 1503 1436
f 1555 1597 1554
f 1732 1597 1555
f 1558 1504 1557
f 1393 1505 1498
f 1733 1355 1505
f 605 840 1444
f 1507 1394 1508
f 1509 1507 1506
f 1559 2335 1446
f 1508 1559 1506
f 1506 1559 1723
f 1508 1444 2335
f 1723 1559 1358
f 1509 1357 1507
f 1515 1451 1511
f 1445 1513 1560
f 1317 1514 1512
f 1510 1357 1512
f 1513 1510 1511
f 1317 1512 1509
f 1509 1512 1357
f 1512 1736 1510
f 1736 1512 1514
f 1562 1514 1710
f 1563 1515 1736
f 1451 1515 1563
f 1515 1511 1510
f 1447 1516 1517
f 1388 1661 1672
f 1516 1447 1518
f 1516 2355 1517
f 606 1518 1447
f 607 1433 1518
f 1637 1598 1625
f 1710 1712 1562
f 1519 1452 1563
f 1519 1598 1565
f 1471 1520 1376
f 1457 1520 1455
f 1455 1520 1471
f 1372 1569 1567
f 1359 1522 1573
f 1576 1462 2339
f 1461 1401 2336
f 1571 1572 1522
f 1524 2337 1361
f 1362 1524 1361
f 1539 1525 1536
f 1402 1525 1526
f 1527 2395 1609
f 1609 2395 1526
f 1491 1530 1531
f 1589 1610 1609
f 2344 1531 1533
f 1530 1529 1531
f 1531 1529 1532
f 1491 1531 2344
f 1609 1612 1528
f 1584 1533 1532
f 1608 1533 1278
f 2339 1577 1576
f 1534 1576 1468
f 1534 1468 1538
f 1462 1534 1411
f 1468 1537 1538
f 1536 1525 1541
f 1470 1586 1469
f 1534 1586 1411
f 1468 1576 1575
f 1540 1589 1535
f 1469 1536 1541
f 1539 1536 1535
f 1535 1536 1538
f 1535 1538 1537
f 1539 1535 1589
f 1525 1539 1526
f 1535 1537 1540
f 1528 1612 1613
f 1581 1579 1582
f 1470 1541 2337
f 1474 1542 1367
f 1484 1543 1481
f 1568 1614 1485
f 1649 1614 1615
f 1492 1383 1430
f 1383 1492 1545
f 1585 1492 2344
f 1651 1643 1669
f 1494 1488 1654
f 1545 1492 1585
f 1490 1492 1430
f 1388 1433 1548
f 1494 611 1488
f 1547 1548 1387
f 1591 1547 1387
f 1547 1620 1661
f 1354 1621 2347
f 2347 1550 1549
f 1391 1550 2347
f 1551 1496 1391
f 1391 1622 1551
f 1594 1596 1571
f 1551 1552 1496
f 1553 1571 1464
f 1555 1554 1395
f 1505 1557 1504
f 1648 2350 1319
f 1559 1508 2335
f 1394 1444 1508
f 1358 1559 1446
f 1445 1394 1513
f 1357 1513 1394
f 1560 1513 1511
f 1357 1510 1513
f 1511 1561 1560
f 1399 604 1561
f 1560 604 893
f 1451 1561 1511
f 1672 1516 1388
f 1516 1518 1433
f 1451 1563 1452
f 1598 1564 1624
f 1563 1564 1519
f 1565 1637 1320
f 1637 1565 1598
f 1569 1566 1521
f 1520 1373 1371
f 1521 1373 1457
f 1737 1631 1632
f 1419 1567 1483
f 1567 1569 1570
f 1568 1570 1544
f 1567 1570 1485
f 1634 1570 1569
f 1594 1571 1552
f 1572 1571 1596
f 1572 1578 1599
f 1599 1573 1522
f 1461 1573 2339
f 2339 1599 1577
f 1468 1575 1537
f 1579 1574 1578
f 1575 1576 1574
f 1573 1599 2339
f 1574 1576 1577
f 1574 1577 1578
f 1356 1675 1677
f 1574 1581 1575
f 1574 1579 1581
f 1578 1572 1600
f 1579 1578 1600
f 1676 1689 1679
f 1601 2345 1540
f 1640 1641 1679
f 1537 1575 1601
f 1527 1403 2395
f 1527 1528 1583
f 1435 1583 1528
f 1584 1532 1588
f 1532 1587 1588
f 1643 1608 1278
f 2397 1585 1608
f 1585 1617 1545
f 2344 1608 1585
f 1532 1533 1531
f 1608 2344 1533
f 1610 1589 1540
f 1609 1610 1612
f 1584 1588 2346
f 1587 1532 1529
f 1612 1610 1611
f 1611 1588 1587
f 1526 1589 1609
f 1539 1589 1526
f 1647 1556 1473
f 1615 1568 1544
f 1493 1591 1387
f 1546 1591 1652
f 1619 1546 1315
f 1653 1315 1652
f 1546 1619 1620
f 1546 1620 1547
f 1388 1548 1547
f 1354 2347 1549
f 1551 1595 1594
f 1600 1596 1356
f 1596 1595 1356
f 1595 1596 1594
f 1557 1597 1558
f 604 1560 1561
f 1562 1624 1564
f 1564 1598 1519
f 1625 1598 1624
f 1569 1521 1634
f 1572 1599 1522
f 1577 1599 1578
f 1596 1600 1572
f 1581 1601 1575
f 1607 1638 1639
f 1582 1639 1638
f 1607 1580 1605
f 1278 1584 1603
f 1619 1671 1657
f 1643 1603 1602
f 1602 1669 1643
f 1606 2346 1604
f 1580 1639 1640
f 1604 2400 1606
f 1605 1604 2346
f 1611 1645 1588
f 1605 1580 1664
f 2399 1657 1671
f 1645 1605 2346
f 1527 1609 1528
f 1610 1540 2345
f 1612 1587 1613
f 1610 2345 1611
f 2345 1638 1644
f 1435 1613 1529
f 1648 1647 1646
f 1615 1614 1568
f 1627 1615 1544
f 1649 1615 1633
f 1432 1616 1386
f 1617 1616 1313
f 1590 1617 2397
f 1616 1617 1590
f 1652 1315 1546
f 1655 1671 1619
f 1656 1620 1619
f 1656 1672 1661
f 1622 1391 2347
f 1595 1551 1673
f 1662 1622 2347
f 1673 1551 1622
f 1673 1622 1662
f 1658 1680 1699
f 1356 1595 1674
f 1562 1626 1624
f 1624 1626 1663
f 1625 1631 1637
f 2348 1627 1632
f 1716 1712 1710
f 1663 1626 1718
f 1627 1544 1632
f 1627 2348 1629
f 1663 2349 1628
f 1635 1633 1629
f 2348 1628 1629
f 1628 1625 1663
f 1712 1715 1718
f 1648 1319 1647
f 1630 1629 2349
f 1635 1629 1630
f 1737 1454 1631
f 1632 1631 2348
f 1634 1632 1544
f 1615 1627 1633
f 1629 1633 1627
f 1634 1544 1570
f 1646 2396 1648
f 1635 1648 2396
f 1521 1636 1634
f 1637 1454 1320
f 1454 1637 1631
f 1607 1639 1580
f 1681 1666 1668
f 1640 1664 1580
f 1641 1639 1582
f 1665 1664 1666
f 1579 1600 1677
f 1678 1582 1579
f 1641 1640 1639
f 1641 1676 1679
f 1356 1674 1675
f 1595 1673 1674
f 1659 1603 1606
f 1603 1643 1278
f 1604 1605 1664
f 1644 1638 1607
f 1585 2397 1617
f 1612 1611 1587
f 1645 1611 1644
f 1644 1607 1645
f 1605 1645 1607
f 2346 1588 1645
f 1529 1613 1587
f 1646 1647 1473
f 1647 1319 1555
f 1630 1714 2350
f 1649 2396 2393
f 1635 1649 1633
f 1650 1654 1428
f 1654 1618 1652
f 1487 1650 1428
f 1651 1618 1590
f 1618 1654 1650
f 1643 2397 1608
f 1651 1669 1653
f 1650 1590 1618
f 1654 1652 1494
f 1653 1652 1618
f 1651 1653 1618
f 1655 1619 1315
f 1655 1315 1653
f 1669 1655 1653
f 1619 1657 1656
f 1657 1658 1593
f 1658 1657 1592
f 1660 1592 2399
f 1657 1593 1656
f 1593 1658 1670
f 1659 1671 1602
f 1659 1602 1603
f 1660 2399 2400
f 1656 1661 1620
f 1672 1656 1593
f 1593 2401 1672
f 1358 1517 1738
f 1663 1718 2349
f 1625 1624 1663
f 1604 1664 1665
f 1679 1666 1640
f 1660 1665 1681
f 1604 1665 2400
f 1666 1681 1665
f 1640 1666 1664
f 1682 1668 1666
f 1666 1679 1682
f 1668 1667 1687
f 1655 1669 1602
f 1680 1658 1592
f 1602 1671 1655
f 1683 2401 2398
f 1621 1316 1662
f 1675 1674 1642
f 1642 1676 1675
f 1678 1677 1675
f 1642 1689 1676
f 1676 1641 1678
f 1356 1677 1600
f 1675 1676 1678
f 1582 1678 1641
f 1579 1677 1678
f 1667 1693 1687
f 1687 1681 1668
f 1592 1660 1680
f 1689 1682 1679
f 1668 1682 1690
f 1683 2398 1739
f 1672 1683 2355
f 2421 1623 1642
f 1662 1684 2421
f 2354 2403 1726
f 1685 1686 2343
f 1692 1686 1685
f 1699 1680 1687
f 1681 1687 1680
f 1688 1670 1699
f 1318 2398 1688
f 1670 1658 1699
f 1668 1690 1667
f 1689 1690 1682
f 2351 1692 2352
f 1667 1690 2352
f 1689 1623 1690
f 2351 1686 1692
f 1691 1692 1279
f 1693 1667 1691
f 1719 1720 1721
f 1692 1685 1695
f 1692 1695 1279
f 1719 1699 1693
f 1685 2353 2354
f 1514 1697 1710
f 1696 1708 1697
f 1317 1697 1514
f 1696 1694 1708
f 1355 1500 1499
f 2353 2343 1500
f 1705 1703 1704
f 1697 1317 1696
f 1500 1355 1698
f 1505 1504 1733
f 1720 1691 1279
f 1699 1687 1693
f 1694 1696 1703
f 1719 1721 1725
f 1703 1696 1704
f 1702 1725 1700
f 1317 1509 1704
f 1703 1705 1702
f 1707 1706 1727
f 1500 1698 2353
f 2353 1698 1727
f 1702 1701 1694
f 1695 1701 1700
f 1701 1695 1726
f 1701 1702 1700
f 1725 1702 1705
f 1688 1699 1719
f 1700 1279 1695
f 1694 1703 1702
f 1317 1704 1696
f 1506 1722 1509
f 1722 1704 1509
f 1722 1705 1704
f 1701 2402 1694
f 1727 2354 2353
f 1706 1713 1709
f 1626 1712 1718
f 1712 1626 1562
f 1713 1716 1709
f 2402 1726 2403
f 1727 2403 2354
f 1710 1708 1716
f 1706 1730 1713
f 1716 1708 1709
f 1708 1710 1697
f 1319 1728 1732
f 1712 1716 1715
f 1730 1706 1707
f 1711 1715 1713
f 2349 1714 1630
f 1728 2350 1714
f 1733 1731 1707
f 1731 1729 1730
f 1711 1717 1715
f 1717 1718 1715
f 1731 1504 1558
f 1713 1715 1716
f 1728 1717 1711
f 1718 1717 1714
f 2349 1718 1714
f 1720 1719 1693
f 1688 1719 1725
f 1693 1691 1720
f 1279 1700 1721
f 1725 1721 1700
f 1279 1721 1720
f 1723 1722 1506
f 1723 1738 1739
f 1738 1723 1358
f 1705 1722 1724
f 1724 1722 1723
f 1724 1723 1739
f 1724 1725 1705
f 1318 1725 1724
f 1725 1318 1688
f 1726 2402 1701
f 1685 2354 1695
f 1706 2403 1727
f 1733 1707 1698
f 1635 1630 1648
f 1714 1717 1728
f 1711 1729 1728
f 1729 1732 1728
f 1730 1729 1711
f 1732 1729 1558
f 1713 1730 1711
f 1730 1707 1731
f 1504 1731 1733
f 1558 1729 1731
f 1558 1597 1732
f 1728 1319 2350
f 1319 1732 1555
f 1727 1698 1707
f 1355 1733 1698
f 1425 1380 1734
f 1380 1735 1734
f 1415 1734 1482
f 1735 1482 1734
f 1613 1435 1528
f 1530 1435 1529
f 1736 1564 1563
f 1514 1562 1736
f 1564 1736 1562
f 1634 1737 1632
f 1424 1737 1636
f 1672 2355 1516
f 1724 1739 1318
f 1794 1282 1192
f 1758 1794 1192
f 1364 1856 1855
f 1216 1852 1759
f 1193 1856 1364
f 1855 1194 1364
f 1973 1199 1198
f 1770 1769 1792
f 1852 1216 1215
f 1282 1794 1795
f 1756 1820 1757
f 1750 1982 1751
f 1809 1854 1785
f 2301 1793 1779
f 1201 1923 1503
f 1770 1792 1785
f 1883 1922 1920
f 1788 1773 1772
f 1503 1923 1996
f 1791 1793 1771
f 1848 1806 2296
f 1758 1757 1794
f 1928 1208 1207
f 1933 1204 2004
f 1776 1810 1780
f 1412 1208 1930
f 1209 1866 1210
f 1790 1778 1760
f 2087 1775 2081
f 1762 1761 1803
f 1777 1786 84
f 1793 1772 1771
f 1781 1764 1786
f 1382 1381 1865
f 1783 2294 1763
f 1832 1865 1899
f 85 1786 1764
f 1206 1205 1931
f 1761 1760 1778
f 1781 1774 1839
f 1193 1282 1795
f 1790 1759 1852
f 2359 2332 1894
f 1787 1777 83
f 1762 1803 1783
f 1786 1774 1781
f 2410 2192 2222
f 1787 1763 2294
f 83 1777 84
f 1786 85 84
f 1780 1792 1769
f 1213 1835 1333
f 1912 1914 1748
f 2004 1204 1441
f 1820 1794 1757
f 1912 1747 1937
f 1745 1888 1746
f 1741 1740 2358
f 1195 2035 1196
f 1934 1888 1745
f 1994 2356 15
f 1799 1861 2358
f 1827 1743 1742
f 1987 1915 2356
f 1788 2295 1773
f 1742 1741 1831
f 1861 24 23
f 1803 1761 1778
f 2358 1829 1831
f 14 13 1916
f 1799 1740 27
f 1826 1862 1955
f 1862 1826 23
f 27 26 24
f 1794 1820 1795
f 25 24 26
f 24 1799 27
f 19 1891 238
f 1790 1760 1759
f 1777 1787 2294
f 1780 1768 1802
f 21 2303 2018
f 22 21 1890
f 1799 2358 1740
f 1827 1742 1831
f 1802 1782 1840
f 2301 1808 2295
f 1772 1793 2297
f 1773 2298 2299
f 1838 1839 1774
f 1211 1958 1900
f 1 1784 2405
f 1 2300 1784
f 1778 1790 1789
f 1770 1785 1791
f 1781 1765 1764
f 1781 1839 1765
f 1786 1777 1774
f 1839 1766 1765
f 1842 1784 2404
f 1810 1792 1780
f 1763 1787 82
f 1769 1768 1780
f 1971 1756 1755
f 1904 1963 1835
f 1885 10 229
f 1802 1768 1767
f 1839 1782 1766
f 83 82 1787
f 1926 1886 1925
f 1854 1816 2357
f 1215 1329 2332
f 1783 1763 1762
f 1875 5 4
f 1801 1848 1851
f 1886 1926 2079
f 1867 1906 1964
f 1766 1782 1767
f 275 5 1867
f 1924 1927 2008
f 1841 1872 1840
f 1881 1916 1991
f 2294 1774 1777
f 1382 1902 1212
f 1782 1839 1838
f 1869 1803 1836
f 1782 1802 1767
f 1802 1840 1776
f 1778 1789 1803
f 1872 1811 1810
f 1842 1804 1784
f 1842 1806 1804
f 1845 3 2405
f 1806 1842 1843
f 1804 1805 1845
f 2296 1846 1848
f 1845 1805 1844
f 234 3 1845
f 1807 1215 2332
f 1808 2301 1779
f 2238 2239 1779
f 2295 1808 1850
f 1810 1811 1813
f 1809 1785 1792
f 1816 1813 1815
f 1872 1810 1776
f 1810 1813 1809
f 1814 1811 1873
f 2359 1864 1817
f 1812 1817 1864
f 1813 1811 1814
f 1897 1815 1812
f 1814 1873 1868
f 1812 1813 1814
f 1864 2250 1897
f 1898 1818 1815
f 1812 1815 1813
f 1815 1818 1816
f 1818 2357 1816
f 1809 1816 1854
f 1812 1814 1817
f 1813 1816 1809
f 2357 1818 2242
f 2357 1819 1854
f 1980 1194 1855
f 1879 1911 1754
f 1754 1753 1879
f 1197 1976 1877
f 1748 1914 1749
f 1882 2362 1991
f 1944 2020 2178
f 2419 1923 2413
f 1744 1827 1889
f 2016 1858 2015
f 1954 2064 2065
f 1955 1862 22
f 1828 1827 1831
f 1828 1831 1829
f 2065 1830 1954
f 1828 1829 1957
f 2103 1938 1935
f 1830 1889 1828
f 1830 1936 1889
f 1831 1741 2358
f 1214 1863 1894
f 1899 1381 1425
f 1865 1960 1902
f 1866 1958 1210
f 1844 1849 1875
f 1212 1902 1904
f 1898 1815 1897
f 1802 1776 1780
f 1872 1776 1840
f 1789 1853 1868
f 1872 1841 1873
f 1782 1838 1840
f 1869 1870 1803
f 1840 1838 1837
f 1838 1774 1871
f 1840 1837 1841
f 1869 1841 1837
f 1873 1836 1868
f 1843 1842 2298
f 1843 2298 2295
f 1847 1801 1849
f 4 1845 1844
f 1848 1801 1847
f 1805 1806 1847
f 1848 1847 1806
f 1874 1801 1851
f 1805 1847 1844
f 1848 1846 1851
f 1834 1905 1849
f 1844 1847 1849
f 1843 1850 2296
f 1850 1966 2296
f 2295 1850 1843
f 2241 1966 1850
f 1966 1967 1965
f 2241 1850 1808
f 1967 1966 2241
f 1907 1851 1846
f 1852 1807 1853
f 1852 1215 1807
f 1810 1809 1792
f 1814 1868 1817
f 1790 1853 1789
f 1817 1853 1807
f 1852 1853 1790
f 1791 1785 1819
f 1856 1968 1855
f 2095 1975 1857
f 1795 1856 1193
f 1971 1820 1756
f 1877 1974 1197
f 1401 1400 1979
f 2038 2037 1910
f 1917 12 11
f 1921 1883 1920
f 2002 1999 2000
f 1883 1921 1997
f 1885 1924 1859
f 1964 274 275
f 1929 2009 1928
f 2057 1824 2119
f 2340 1203 1922
f 1937 1747 1746
f 1892 1952 1891
f 1915 268 16
f 1950 1946 1947
f 24 1861 1799
f 1861 23 1826
f 1890 1955 22
f 1955 1890 2022
f 1895 1214 1333
f 1864 1863 2250
f 1807 2359 1817
f 1863 1864 2359
f 1898 1897 1963
f 1865 1381 1899
f 1865 1832 1960
f 1900 1425 1211
f 1901 1960 1832
f 1212 1904 1213
f 1900 1958 1833
f 1867 5 1875
f 1905 1906 1867
f 1904 1835 1213
f 1789 1868 1836
f 1853 1817 1868
f 1841 1836 1873
f 1870 1869 1837
f 1838 1871 1837
f 1870 1783 1803
f 1774 2294 1871
f 1837 1871 1870
f 1873 1811 1872
f 1869 1836 1841
f 1845 4 234
f 1875 4 1844
f 1849 1874 1834
f 2092 2030 2091
f 1875 1849 1905
f 2030 2087 2088
f 2203 2162 2199
f 1908 1973 2034
f 1978 1195 1401
f 1857 1909 2035
f 1981 2036 1878
f 1911 1879 1983
f 2361 1752 1751
f 1880 2361 1910
f 2369 1983 1984
f 1911 1971 1755
f 1750 1749 1914
f 1910 2361 1982
f 1982 1913 2038
f 15 14 1916
f 1991 1990 1881
f 1921 1920 1202
f 2413 1201 1200
f 1924 9 8
f 1925 8 7
f 2097 2363 1919
f 1882 1917 1919
f 1924 1885 9
f 2008 1859 1924
f 2045 1885 1859
f 1925 1927 1924
f 1929 1207 1206
f 2010 1930 2009
f 2057 2058 2011
f 2076 1866 2054
f 2012 2059 1932
f 1934 1745 1744
f 1744 1743 1827
f 1985 2014 2015
f 1858 1912 1985
f 1889 1827 1828
f 20 1952 1951
f 1941 19 18
f 2408 18 294
f 1892 1891 1943
f 1940 1951 2021
f 238 1952 20
f 1941 1891 19
f 268 1915 1989
f 2408 1942 1941
f 1956 2022 1954
f 1826 1956 1829
f 2359 1894 1863
f 1835 1895 1333
f 1963 2250 1835
f 1214 1895 1863
f 1863 1895 2250
f 2250 1895 1835
f 1904 1902 1962
f 1864 1897 1812
f 2250 1963 1897
f 1818 1898 1896
f 1818 1896 2242
f 1900 1899 1425
f 1211 1210 1958
f 1959 1900 1833
f 1901 1832 1959
f 1865 1902 1382
f 1903 1901 2026
f 1896 1898 2407
f 1960 1962 1902
f 1906 1905 1834
f 1875 1905 1867
f 274 2027 6
f 1870 1871 1783
f 1874 1849 1801
f 2247 1834 1874
f 2092 1874 1851
f 1965 1907 1846
f 1907 2087 2030
f 1969 1968 1795
f 1968 1970 2031
f 2034 1973 1974
f 2035 1978 1857
f 1978 1979 1981
f 1979 2036 1981
f 1753 2361 1880
f 1751 1982 2361
f 1982 2038 1910
f 2205 2203 2204
f 1971 1972 1970
f 1754 1911 1755
f 1748 1747 1912
f 1914 2044 1913
f 1985 1912 1937
f 2044 1914 1912
f 1913 1982 1750
f 2062 1988 2061
f 268 1989 17
f 13 1991 1916
f 1917 1882 1991
f 1991 13 12
f 1919 1917 11
f 10 1918 1919
f 12 1917 1991
f 1885 1918 10
f 2097 1918 2045
f 1995 2166 1990
f 2097 1919 1918
f 1882 1919 2363
f 1922 1203 1920
f 1202 1503 1996
f 1931 1205 1933
f 2413 1923 1201
f 1200 1199 2006
f 2049 1923 2419
f 1925 1924 8
f 1926 1925 7
f 7 6 1926
f 1886 2007 1927
f 2008 1927 2052
f 1886 1927 1925
f 1929 1928 1207
f 1930 1928 2009
f 1931 1929 1206
f 1932 2009 1929
f 1412 2053 1414
f 2053 1930 2011
f 1932 1931 1887
f 1933 2055 1887
f 1887 2012 1932
f 1929 1931 1932
f 1204 1933 1205
f 1887 1931 1933
f 1889 1934 1744
f 1888 1934 1935
f 1889 1936 1934
f 2103 1935 1936
f 1934 1936 1935
f 1888 1937 1746
f 1938 2014 1935
f 1938 2015 2014
f 1938 2103 1939
f 2017 1986 2016
f 2024 2023 2066
f 1858 2016 1986
f 1951 2018 2303
f 1890 21 2018
f 2408 1941 18
f 17 2408 294
f 1989 2408 17
f 1893 1942 2408
f 1988 1893 1989
f 1947 1945 1942
f 1942 1893 1947
f 1943 1945 2406
f 1941 1943 1891
f 1950 1947 1893
f 1945 1943 1942
f 1941 1942 1943
f 1947 1946 1945
f 2020 1944 1946
f 2367 1798 2190
f 1944 1945 1946
f 1944 2178 2141
f 2172 2173 2175
f 1949 1950 2062
f 1950 1949 2063
f 20 1951 2303
f 2021 1951 1952
f 1952 238 1891
f 1953 2022 1890
f 1953 1890 2018
f 1954 2022 2064
f 1954 1957 1956
f 1955 2022 1956
f 1957 1954 1830
f 1955 1956 1826
f 1828 1957 1830
f 1829 1956 1957
f 1833 1958 2078
f 1959 1833 2084
f 1899 1900 1959
f 1959 1832 1899
f 1901 1903 1960
f 1962 1960 1903
f 2026 1961 1903
f 1963 1962 2407
f 2407 1962 1903
f 1904 1962 1963
f 1867 1964 275
f 2027 1964 1906
f 2249 1834 2247
f 1965 1846 1966
f 1965 1775 2087
f 2296 1966 1846
f 2244 2241 2239
f 1965 1967 1775
f 2302 2243 2244
f 1907 1965 2087
f 2087 2029 2088
f 2247 2092 2091
f 1969 1795 1820
f 1968 1969 1970
f 1971 1969 1820
f 2031 1970 1876
f 1979 1980 2036
f 1971 1911 1972
f 1969 1971 1970
f 1983 1972 1911
f 1876 1972 2369
f 1974 1973 1198
f 2006 1973 1908
f 1197 1974 1198
f 1975 1909 1857
f 2035 1909 1976
f 1976 1909 1877
f 2094 1909 1975
f 2161 2133 1977
f 2123 2411 1821
f 1978 2035 1195
f 1977 1857 1981
f 1978 1401 1979
f 1857 1978 1981
f 1980 1979 1400
f 1194 1980 1400
f 1980 1855 2032
f 1977 1981 1878
f 2360 1880 1910
f 1910 2037 2042
f 2360 2042 1984
f 1972 1983 2369
f 2360 1984 1983
f 1985 1937 2014
f 2015 1858 1985
f 1912 1858 2044
f 2416 1986 2017
f 1858 1986 2044
f 1913 1750 1914
f 1988 1989 1915
f 1989 1893 2408
f 2061 1988 1915
f 1893 1988 2062
f 2362 1995 1990
f 1993 1990 2166
f 1990 1991 2362
f 2138 2139 2136
f 1993 1881 1990
f 2251 1993 1992
f 1881 1993 2253
f 2135 1992 2111
f 1916 1994 15
f 2046 2097 2045
f 1882 2363 2362
f 1202 1996 2048
f 2048 1921 1202
f 1999 1997 2001
f 2206 2208 1823
f 1921 2048 1997
f 2000 1999 1998
f 2049 1996 1923
f 1999 2001 2420
f 1999 2002 1997
f 2001 2049 2211
f 2001 2048 2049
f 2050 2002 2279
f 2000 2269 2005
f 2005 2002 2000
f 2279 2002 2005
f 2050 1922 1883
f 2275 2270 2412
f 1884 2056 2003
f 2050 2003 1922
f 1441 2340 2004
f 2267 2005 2269
f 2005 2278 2279
f 2266 2413 2006
f 1200 2006 2413
f 1973 2006 1199
f 1886 2079 2007
f 1927 2007 2052
f 2008 2051 2046
f 1932 2059 2009
f 2011 2054 2053
f 1930 2010 2011
f 2057 2011 2010
f 2054 2011 2058
f 2053 2054 1209
f 1800 2075 2076
f 1209 1414 2053
f 1866 1209 2054
f 2055 1933 2004
f 2055 2056 2259
f 1860 2259 2258
f 2013 2059 2060
f 2059 2012 2060
f 1888 2014 1937
f 1935 2014 1888
f 2016 2015 2069
f 2067 1939 2066
f 2037 2039 2041
f 1953 2018 1940
f 1951 1940 2018
f 2368 1940 2021
f 2061 1987 2252
f 2101 2062 2061
f 1946 1950 2063
f 1892 2409 1952
f 2064 2022 1953
f 1830 2065 1936
f 1958 1866 2025
f 2025 2075 2078
f 2078 1958 2025
f 2104 1833 2078
f 1896 1961 2240
f 1964 2027 274
f 2249 1906 1834
f 2090 2091 2030
f 2145 2007 2263
f 2027 1926 6
f 1926 2027 2079
f 1901 2083 2026
f 2087 2081 2029
f 1907 2092 1851
f 2032 2031 2201
f 1968 2032 1855
f 2032 2201 2036
f 2033 2034 1877
f 2094 2411 2033
f 2034 1974 1877
f 2108 2411 2123
f 1976 1196 2035
f 2133 2095 1977
f 2032 2036 1980
f 2201 1878 2036
f 2039 2037 2038
f 2043 2042 2037
f 1984 2042 2205
f 2044 1986 1913
f 2040 2039 2416
f 2041 2040 2096
f 2016 2069 2017
f 2017 2074 2073
f 2096 2151 2109
f 2042 2043 2205
f 2040 2041 2039
f 2043 2037 2041
f 2042 2360 1910
f 2038 1913 1986
f 1885 2045 1918
f 2046 2045 1859
f 2008 2046 1859
f 2047 2046 2163
f 2049 2048 1996
f 1997 2048 2001
f 1997 2002 1883
f 2003 2340 1922
f 2004 2340 2003
f 2266 1908 2414
f 2266 2006 1908
f 2008 2052 2051
f 1930 2053 1412
f 2076 2054 2058
f 2057 2013 1824
f 2055 2259 1860
f 1887 1860 2012
f 2056 2055 2004
f 2003 2056 2004
f 2100 2013 2060
f 2058 2057 2118
f 2057 2010 2013
f 2013 2010 2059
f 2058 2118 2077
f 1824 2182 2146
f 2009 2059 2010
f 2012 2099 2060
f 2100 2099 2112
f 2099 2257 2112
f 1987 2061 1915
f 1893 2062 1950
f 1949 2101 2415
f 2064 2023 2065
f 2023 2024 2065
f 2103 2065 2024
f 2065 2103 1936
f 2023 2191 2190
f 2024 2066 1939
f 2367 2192 2193
f 2068 2017 2069
f 2067 2068 1939
f 2067 2066 1798
f 2068 2067 2070
f 2068 2070 2074
f 1939 2068 2069
f 2074 2070 2072
f 2074 2017 2068
f 2071 2073 2074
f 2071 2074 2072
f 2096 2040 2073
f 2017 2073 2416
f 2076 2075 2025
f 1866 2076 2025
f 2077 2076 2058
f 2077 1800 2076
f 2118 2119 2216
f 1800 2077 2105
f 2080 2027 1906
f 2007 2079 2263
f 2263 2079 2080
f 2027 2080 2079
f 1775 2244 2245
f 2081 2028 2082
f 2084 2104 2028
f 2104 2085 2082
f 2084 2083 1901
f 2246 2083 2028
f 1959 2084 1901
f 1833 2104 2084
f 2075 2085 2078
f 2084 2028 2083
f 2082 2028 2104
f 2075 1800 2085
f 2085 2086 2082
f 2086 2085 1800
f 2086 1800 2105
f 2029 2082 2086
f 2088 2029 2086
f 2030 2088 2090
f 2089 2088 2086
f 2180 2143 2089
f 2088 2089 2090
f 2089 2143 2090
f 2142 2091 2090
f 2092 1907 2030
f 2130 2194 2131
f 2034 2033 2149
f 1909 2094 1877
f 2411 2094 1975
f 2095 1821 1975
f 2094 2033 1877
f 1977 2095 1857
f 2109 2162 2043
f 2151 1796 2109
f 2136 2363 2047
f 2046 2047 2097
f 2138 2136 2110
f 2055 1860 1887
f 1860 2099 2012
f 1824 2013 2100
f 2099 2100 2060
f 2100 2112 2182
f 1822 2113 2415
f 2101 1822 2415
f 2114 1948 2113
f 2101 1949 2062
f 2061 2252 2101
f 2251 2102 1822
f 1993 2111 1992
f 1992 2102 2251
f 2063 2020 1946
f 2063 2116 2365
f 1939 2103 2024
f 2085 2104 2078
f 2144 2180 2181
f 2182 1824 2100
f 2132 2093 2414
f 2129 2108 2107
f 2108 2132 2033
f 2214 2213 2128
f 2051 2187 2163
f 2262 2276 2261
f 1993 2166 2111
f 2165 2139 2138
f 2237 2232 2236
f 2102 2164 2237
f 2102 2113 1822
f 2019 2365 2177
f 2235 2236 2232
f 2116 2115 2167
f 2102 2237 2113
f 2125 2194 2129
f 2116 2167 2177
f 2115 2116 1948
f 2063 1948 2116
f 2236 2115 2114
f 2170 2177 2167
f 2156 2153 2155
f 2167 2168 2140
f 2170 2172 2177
f 2117 2179 2019
f 2105 2089 2086
f 2216 2089 2105
f 2105 2077 2118
f 2105 2118 2216
f 2057 2119 2118
f 2080 1906 2249
f 2181 2180 2217
f 2149 1908 2034
f 2122 2196 2266
f 2107 2108 2123
f 2126 2134 2124
f 2107 2126 2127
f 2174 2214 2173
f 2107 2123 2126
f 2213 2150 2125
f 2194 2125 2131
f 2127 2126 2124
f 2107 2127 2125
f 2123 1821 2126
f 2127 2124 2128
f 2124 1796 2152
f 2152 2151 2155
f 2129 2107 2125
f 2131 2125 2150
f 2188 2130 2131
f 2108 2129 2132
f 2093 2132 2129
f 2201 2031 2202
f 2197 2198 2134
f 1821 2095 2417
f 2417 2134 2126
f 2124 2134 1796
f 2096 2109 2041
f 2109 2043 2041
f 2162 2109 2198
f 2163 2110 2047
f 2052 2186 2185
f 2220 2221 2187
f 2363 2136 1995
f 2110 2136 2047
f 2260 2277 2137
f 2111 2139 2165
f 2189 2172 2170
f 1944 2141 1825
f 1824 2146 2119
f 2181 2106 2144
f 2142 2090 2143
f 2248 2142 2120
f 2142 2143 2144
f 2142 2144 2120
f 2184 2106 2148
f 2217 2146 2147
f 2147 2146 2182
f 2183 2121 2182
f 2148 2147 2121
f 2148 2181 2147
f 2146 2217 2119
f 2148 2121 2219
f 2106 2184 2145
f 2149 2132 2414
f 2214 2176 2173
f 2188 2189 2171
f 2073 2071 2364
f 2151 2152 1796
f 2364 2151 2096
f 2152 2155 2153
f 2124 2152 2128
f 2364 2154 2155
f 2214 2153 2176
f 2152 2153 2128
f 2154 2071 2072
f 2156 2155 2154
f 2156 2154 2418
f 2153 2156 2176
f 2158 2072 2070
f 2366 2418 2160
f 2157 2117 2175
f 2158 2159 2160
f 1798 2367 2159
f 1798 2066 2190
f 2367 2193 2159
f 1798 2159 2158
f 2093 2195 2122
f 1878 2161 1977
f 2162 2198 2199
f 2197 2199 2198
f 2162 2203 2205
f 2221 2163 2187
f 2221 2098 2110
f 2260 2098 2225
f 2166 2139 2111
f 2209 2229 2370
f 2136 2139 1995
f 2139 2166 1995
f 2170 2167 2140
f 2168 2167 2115
f 2206 1823 2195
f 2171 2169 2207
f 2171 2170 2140
f 2189 2173 2172
f 2175 2173 2176
f 2174 2173 2189
f 2174 2150 2213
f 2174 2213 2214
f 2157 2175 2156
f 2177 2117 2019
f 2175 2117 2172
f 2117 2177 2172
f 2365 2178 2020
f 2178 2179 2141
f 2144 2143 2180
f 2216 2180 2089
f 2217 2216 2119
f 2181 2217 2147
f 2106 2181 2148
f 2183 2182 2112
f 2112 2257 2281
f 2182 2121 2147
f 2218 2121 2183
f 2225 2221 2220
f 2187 2051 2185
f 2148 2219 2184
f 2145 2184 2186
f 2185 2184 2219
f 2145 2186 2007
f 2187 2185 2219
f 2052 2185 2051
f 2185 2186 2184
f 2187 2219 2220
f 2186 2052 2007
f 2213 2125 2127
f 2188 2150 2174
f 2188 2171 2130
f 2171 2189 2170
f 2174 2189 2188
f 2064 2191 2023
f 2023 2190 2066
f 2064 1953 2191
f 2222 2367 2190
f 2410 2222 2368
f 2141 2193 1825
f 1825 2193 2192
f 2193 2160 2159
f 2193 2141 2215
f 2193 2215 2160
f 2129 2194 2093
f 2093 2194 2195
f 2122 2195 1823
f 2122 1823 2196
f 2224 2208 2212
f 2206 2130 2207
f 2194 2130 2195
f 2109 1796 2198
f 2134 2198 1796
f 2161 2200 2199
f 2200 2203 2199
f 1878 2200 2161
f 1878 2201 2200
f 1876 2202 2031
f 2201 2202 2200
f 2204 2203 2200
f 2162 2205 2043
f 2369 1984 2204
f 2200 2202 2204
f 2205 2204 1984
f 2168 2236 1797
f 2171 2140 2169
f 2169 2140 2168
f 2168 1797 2169
f 2210 2207 2169
f 2130 2171 2207
f 2210 1797 2223
f 2208 2206 2209
f 2212 2208 2370
f 2000 2226 2269
f 2209 2207 2210
f 2210 2169 1797
f 2229 2209 2210
f 1998 1999 2420
f 1823 2208 2224
f 2212 1998 2420
f 2127 2128 2213
f 2153 2214 2128
f 2215 2157 2366
f 2179 2215 2141
f 2178 2019 2179
f 2216 2217 2180
f 2219 2121 2220
f 2218 2220 2121
f 2220 2218 2225
f 2218 2280 2225
f 2098 2221 2225
f 2163 2221 2110
f 2150 2188 2131
f 1953 1940 2191
f 2368 2191 1940
f 2409 2368 2021
f 2191 2368 2222
f 2191 2222 2190
f 2130 2206 2195
f 2209 2206 2207
f 2212 2370 2227
f 2276 2268 2270
f 2230 2226 2227
f 1797 2235 2223
f 2229 2210 2223
f 2227 1998 2212
f 2224 2196 1823
f 2196 2224 2211
f 2183 2112 2281
f 2260 2225 2280
f 1998 2226 2000
f 2226 2230 2269
f 2230 2227 2370
f 1998 2227 2226
f 2223 2235 2228
f 2231 2233 2228
f 2164 2232 2237
f 2230 2229 2228
f 2230 2370 2229
f 2232 2234 2231
f 2234 2164 2135
f 2135 2265 2412
f 2231 2235 2232
f 2231 2234 2272
f 2223 2228 2229
f 2231 2228 2235
f 2230 2228 2371
f 2164 2234 2232
f 2236 2235 1797
f 2115 2236 2168
f 2113 2237 2114
f 2114 2237 2236
f 2302 2238 2242
f 1779 2239 1808
f 2238 2357 2242
f 2302 2239 2238
f 2244 1967 2241
f 2240 1961 2243
f 2302 2242 2240
f 2239 2241 1808
f 2240 2242 1896
f 1961 2246 2243
f 2245 2028 2081
f 2245 2244 2243
f 1967 2244 1775
f 2239 2302 2244
f 1961 2026 2246
f 2026 2083 2246
f 2245 2081 1775
f 2246 2245 2243
f 2245 2246 2028
f 1791 1779 1793
f 1854 1819 1785
f 2248 2091 2142
f 2264 2080 2249
f 2120 2145 2263
f 2091 2248 2247
f 2248 2264 2247
f 2263 2264 2120
f 2092 2247 1874
f 1972 1876 1970
f 2202 2369 2204
f 2252 1822 2101
f 2253 2251 2252
f 2251 1822 2252
f 1993 2251 2253
f 2253 2252 1987
f 1994 2253 1987
f 2255 2258 2254
f 1884 2259 2056
f 2259 2254 2258
f 2254 2259 1884
f 2279 1884 2050
f 2254 2278 2255
f 2256 2258 2255
f 2258 2257 1860
f 2257 2256 2281
f 2255 2261 2256
f 2258 2256 2257
f 2099 1860 2257
f 2046 2051 2163
f 2261 2260 2280
f 2277 2261 2276
f 2262 2261 2255
f 2264 2263 2080
f 2264 2249 2247
f 2120 2264 2248
f 2154 2364 2071
f 2151 2364 2155
f 1798 2158 2067
f 2070 2067 2158
f 2111 2265 2135
f 2165 2265 2111
f 2419 2266 2196
f 2267 2371 2271
f 2371 2267 2269
f 2371 2269 2230
f 2272 2271 2233
f 2274 2165 2138
f 2267 2271 2268
f 2231 2272 2233
f 2271 2270 2268
f 2412 2272 2234
f 2270 2271 2272
f 2273 2275 2274
f 2137 2274 2138
f 2273 2270 2275
f 2260 2137 2098
f 2273 2274 2137
f 2165 2274 2275
f 2276 2270 2273
f 2165 2275 2265
f 2276 2273 2277
f 2276 2262 2268
f 2137 2277 2273
f 2261 2277 2260
f 2005 2267 2278
f 2135 2412 2234
f 2275 2412 2265
f 2255 2278 2262
f 2279 2278 2254
f 1884 2279 2254
f 2218 2183 2281
f 2256 2280 2281
f 2261 2280 2256
f 2281 2280 2218
f 2282 188 96
f 317 363 316
f 390 363 317
f 699 643 673
f 1096 2287 998
f 811 2284 659
f 2286 964 1043
f 2283 1071 806
f 998 1076 1079
f 2287 1076 998
f 1093 2285 810
f 2287 1096 814
f 1249 2289 1230
f 1235 1232 2290
f 1269 2288 1263
f 595 1284 2291
f 1377 2291 1284
f 1248 1245 1286
f 2292 1229 2289
f 1231 1287 1249
f 2290 2293 1235
f 2293 1288 1235
f 1292 1290 1257
f 1636 1521 1457
f 1636 1457 1424
f 1871 2294 1783
f 2297 2295 1788
f 2297 1793 2301
f 2295 2298 1773
f 1788 1772 2297
f 2300 2299 2404
f 1819 2238 1779
f 1791 1819 1779
f 2296 1806 1843
f 2301 2295 2297
f 1992 2135 2164
f 1992 2164 2102
f 2243 2302 2240
f 105 142 28
f 129 39 120
f 2303 191 193
f 119 128 582
f 223 224 61
f 104 2305 154
f 146 304 148
f 2307 578 107
f 215 2308 214
f 137 169 49
f 172 146 149
f 140 750 199
f 2304 212 126
f 590 593 224
f 273 63 334
f 192 162 193
f 236 162 290
f 217 240 194
f 147 250 200
f 253 170 307
f 223 61 852
f 392 2312 395
f 2313 293 167
f 195 296 297
f 2314 390 391
f 319 2311 186
f 590 224 223
f 2315 2380 380
f 385 384 381
f 389 390 2314
f 132 396 397
f 325 353 417
f 406 458 460
f 420 421 2382
f 325 417 416
f 420 411 431
f 417 412 416
f 424 420 431
f 2316 418 548
f 424 2316 421
f 2317 432 427
f 430 2316 548
f 427 432 426
f 401 399 456
f 459 2307 460
f 2317 423 432
f 489 463 313
f 2319 365 157
f 472 2319 495
f 495 2319 157
f 2318 499 542
f 2320 574 520
f 349 563 527
f 550 2321 551
f 578 2307 579
f 2306 582 183
f 119 2306 155
f 225 591 592
f 754 720 753
f 635 2322 685
f 101 697 48
f 754 753 721
f 665 2322 680
f 2322 743 685
f 783 768 765
f 770 779 772
f 788 2323 919
f 678 791 789
f 792 2324 786
f 2310 921 922
f 817 613 1427
f 761 756 822
f 761 822 766
f 914 966 1114
f 2323 1099 1132
f 2325 906 60
f 788 919 917
f 798 934 972
f 941 1051 940
f 1056 936 1007
f 1120 1056 732
f 1036 1064 1063
f 1080 1081 2326
f 2326 1102 1082
f 2328 2326 1101
f 1163 1160 1165
f 2329 1162 883
f 1247 1225 1254
f 1267 2331 1265
f 1240 1269 1220
f 1183 1360 1403
f 2332 1329 1894
f 1236 1289 1268
f 1310 2330 1263
f 2334 1336 1337
f 1329 2392 1337
f 1311 2334 1338
f 1285 1338 2392
f 2335 1444 840
f 1573 2336 1359
f 2336 1195 1359
f 1404 2338 1525
f 1400 1410 1363
f 1461 2339 1462
f 1543 1474 1416
f 1567 1419 1372
f 2340 1439 1203
f 2342 599 600
f 1541 1525 2337
f 2338 2337 1525
f 1481 1422 1483
f 2343 1686 1316
f 1502 1316 1621
f 1461 2336 1573
f 1483 1567 1485
f 1552 1571 1553
f 1601 1540 1537
f 1581 1582 1638
f 2346 1603 1584
f 1601 1581 1638
f 1601 1638 2345
f 2346 1606 1603
f 1502 1621 1501
f 1662 2347 1621
f 1628 2348 1625
f 2348 1631 1625
f 2349 1629 1628
f 2350 1648 1630
f 1542 1646 1473
f 1651 1590 2397
f 1738 1517 2355
f 2421 1673 1662
f 1316 1684 1662
f 1660 1681 1680
f 1686 2351 1684
f 2351 2352 1623
f 2352 1692 1691
f 2352 1691 1667
f 1684 2351 2421
f 2343 2353 1685
f 2354 1726 1695
f 1683 1738 2355
f 1738 1683 1739
f 2356 16 15
f 2356 1915 16
f 1784 1804 2405
f 1770 1791 1771
f 1804 1806 1805
f 1819 2357 2238
f 1829 2358 1861
f 2332 2359 1807
f 1880 2360 1879
f 1829 1861 1826
f 2361 1753 1752
f 1880 1879 1753
f 1968 1856 1795
f 2360 1983 1879
f 1994 1916 1881
f 2406 1945 1825
f 1994 1987 2356
f 2362 2363 1995
f 1994 1881 2253
f 2340 1441 1439
f 2407 1961 1896
f 2029 2081 2082
f 2411 2108 2033
f 2149 2033 2132
f 2363 2097 2047
f 2063 2365 2020
f 2178 2365 2019
f 2365 2116 2177
f 2115 1948 2114
f 2120 2144 2106
f 1821 2417 2126
f 2417 2133 2197
f 2120 2106 2145
f 2073 2364 2096
f 2158 2160 2418
f 2157 2215 2179
f 2367 2222 2192
f 2368 2409 2410
f 2211 2419 2196
f 2417 2197 2134
f 2369 2202 1876
f 2370 2208 2209
f 2215 2366 2160
f 2117 2157 2179
f 2233 2371 2228
f 2050 1884 2003
f 2262 2278 2268
f 2372 150 105
f 2 188 2282
f 2304 130 115
f 130 2304 129
f 129 2304 125
f 20 2303 193
f 24 25 135
f 103 76 143
f 2373 433 298
f 196 197 215
f 168 2375 216
f 195 241 299
f 258 2375 217
f 331 330 377
f 2377 401 285
f 98 2374 314
f 2376 2378 479
f 2379 348 402
f 272 379 158
f 2380 131 381
f 2376 343 283
f 419 2382 324
f 2381 451 456
f 479 2378 478
f 591 478 2378
f 406 489 458
f 2383 540 567
f 524 561 459
f 337 2378 2376
f 2378 337 592
f 2384 697 101
f 1136 1138 1139
f 635 680 2322
f 2386 1427 1489
f 2385 762 686
f 2387 695 830
f 2387 784 1005
f 788 2388 1099
f 932 2389 1006
f 906 333 60
f 855 69 68
f 941 870 831
f 995 2287 996
f 695 2387 1005
f 1030 1036 1034
f 787 2388 788
f 1038 942 1060
f 1038 1060 1039
f 1073 1075 1078
f 1073 1078 1077
f 1073 1077 1067
f 1102 2388 1049
f 1098 1136 1139
f 1121 1125 1124
f 849 1130 63
f 1098 1156 1134
f 2390 1106 1105
f 1126 1153 1155
f 614 1346 1486
f 1215 1285 2392
f 1337 2391 1335
f 1337 2392 2334
f 1264 1379 1305
f 1474 2393 1542
f 2335 841 1446
f 1462 1411 1409
f 2343 1502 1500
f 1402 2395 1360
f 1530 2394 1435
f 2395 1402 1526
f 1570 1568 1485
f 2395 1403 1360
f 1386 1616 1590
f 2400 1659 1606
f 1611 2345 1644
f 1386 1590 1650
f 1635 2396 1649
f 1646 1542 2396
f 2396 1542 2393
f 1651 2397 1643
f 1688 2398 1670
f 2399 1592 1657
f 1665 1660 2400
f 1671 1659 2399
f 2400 2399 1659
f 2401 1683 1672
f 2401 1670 2398
f 1670 2401 1593
f 1674 1673 2421
f 2398 1318 1739
f 1674 2421 1642
f 1623 1689 1642
f 1623 2352 1690
f 2402 1709 1694
f 1709 2402 1706
f 2403 1706 2402
f 1425 1734 1211
f 1930 1208 1928
f 1842 2404 2298
f 1789 1836 1803
f 189 2405 3
f 1845 2405 1804
f 2406 2410 1892
f 10 1919 11
f 1938 1939 2069
f 1938 2069 2015
f 1892 1943 2406
f 2410 2409 1892
f 2415 2063 1949
f 1903 1961 2407
f 1963 2407 1898
f 2411 1975 1821
f 2413 2266 2419
f 2409 2021 1952
f 2031 2032 1968
f 2039 1986 2416
f 2002 2050 1883
f 2414 1908 2149
f 1948 2415 2113
f 2415 1948 2063
f 2040 2416 2073
f 2138 2110 2098
f 2133 2417 2095
f 2161 2199 2197
f 2137 2138 2098
f 2122 2266 2414
f 2414 2093 2122
f 2418 2154 2072
f 2156 2418 2366
f 2156 2366 2157
f 2156 2175 2176
f 2410 2406 2192
f 1825 2192 2406
f 2049 2419 2211
f 2161 2197 2133
f 2420 2211 2224
f 2420 2001 2211
f 2212 2420 2224
f 2371 2233 2271
f 2272 2412 2270
f 2267 2268 2278
f 1292 1257 1287
f 2300 2404 1784
f 2298 2404 2299
f 2380 381 380
f 385 381 477
f 366 2382 421
f 2382 366 324
f 1052 1126 1155
f 1623 2421 2351
f 1 2405 2
f 1825 1945 1944
f 2038 1986 2039
f 2158 2418 2072