# https://github.com/mikedh/trimesh
v -0.16481131 0.08777165 0.03003431
v -0.16300359 0.07497465 0.04217170
v -0.16135712 0.04963740 0.04313815
v -0.14969990 0.01652374 0.04594927
v -0.14566250 -0.00913418 0.04680284
v -0.15300305 -0.07536816 0.05383049
v -0.15903661 -0.09755144 0.04942592
v -0.16422623 -0.11900911 0.05026026
v -0.17205541 -0.13504431 0.04626572
v -0.18256687 -0.16407232 0.03794299
v -0.18953878 -0.18779232 0.03598877
v -0.19434856 -0.20873810 0.03400360
v -0.19407214 -0.23017715 0.03103608
v -0.20755446 -0.24372821 0.03174572
v -0.20938930 -0.26225603 0.02902251
v -0.20173945 -0.28233442 0.03101777
v -0.21594928 -0.32032067 0.03110814
v -0.20842832 -0.35749412 0.03341584
v -0.20963620 -0.37624115 0.03091723
v -0.22030483 -0.42156792 0.04015553
v -0.23000920 -0.45178959 0.03191159
v -0.22938108 -0.47179547 0.03497894
v -0.23197916 -0.51007456 0.03979011
v -0.22760655 -0.52823085 0.04315485
v -0.22062634 -0.54318720 0.04757829
v -0.21965522 -0.54558551 0.04652018
v -0.21896453 -0.54804420 0.04536145
v -0.21851668 -0.55274355 0.06523576
v -0.21824425 -0.55302864 0.08496513
v -0.21768118 -0.55280292 0.10369668
v -0.21652713 -0.55220693 0.12247957
v -0.21443890 -0.55149084 0.14098693
v -0.21124519 -0.55043089 0.15940118
v -0.20475543 -0.54936451 0.17661586
v -0.19535789 -0.54864615 0.19230178
v -0.18333530 -0.54765230 0.20605996
v -0.16964467 -0.54655623 0.21875352
v -0.15425861 -0.54573572 0.22954845
v -0.13678125 -0.54589111 0.23579961
v -0.11877882 -0.54543519 0.24089701
v -0.10103540 -0.54452014 0.24517402
v -0.08325218 -0.54373252 0.24903867
v -0.06543094 -0.54287505 0.25276083
v -0.04761194 -0.54220414 0.25595680
v -0.02971828 -0.54154617 0.25864956
v -0.01192674 -0.54142344 0.26025668
v 0.00643947 -0.54182118 0.26064917
v 0.00562668 -0.51504093 0.22841105
v -0.00148692 -0.48545083 0.19682725
v 0.00481655 -0.47236815 0.18561815
v 0.00280430 -0.45323923 0.17306460
v -0.00026001 -0.43528175 0.16271327
v 0.00204032 -0.37746370 0.14009055
v 0.01244856 -0.34634829 0.14455053
v 0.00899024 -0.33331832 0.16334377
v 0.00627603 -0.29365405 0.14932963
v 0.00386050 -0.27881458 0.16441950
v 0.00199843 -0.23841572 0.17111947
v 0.00385631 -0.21855108 0.17922531
v 0.00497881 -0.19658388 0.17797378
v 0.00151470 -0.14981459 0.17636344
v 0.00492494 -0.07214391 0.16991465
v 0.00653068 -0.05504062 0.16766413
v 0.00689506 -0.03108341 0.16439050
v 0.00374858 -0.00766435 0.15820006
v 0.01705396 0.00488538 0.15769911
v 0.01366407 0.02617839 0.15911300
v 0.01004536 0.04805382 0.16099051
v 0.01865195 0.06031271 0.16283953
v 0.00958329 0.08872457 0.15632373
v 0.00688051 0.10907222 0.15277600
v 0.00392010 0.13234541 0.14761166
v 0.00730216 0.13072638 0.12907743
v 0.01301533 0.16704436 0.10086659
v -0.00258547 0.17109889 0.08951443
v -0.01881512 0.18342745 0.08272072
v -0.03288717 0.19807863 0.07183608
v -0.04346984 0.21770030 0.05721773
v -0.05089394 0.23892337 0.03638474
v -0.05843035 0.25967601 0.01527748
v -0.06515057 0.27394778 -0.01208413
v -0.06618831 0.27321681 -0.04485757
v -0.07861510 0.27091864 -0.03096808
v -0.09889512 0.26495168 -0.03257231
v -0.11764632 0.26117176 -0.02956894
v -0.12660196 0.25498518 -0.01209103
v -0.12862544 0.24812052 0.00496244
v -0.12419328 0.23821563 0.02094487
v -0.11764197 0.22453834 0.03431106
v -0.11422069 0.21151409 0.04644501
v -0.11470488 0.19452100 0.05938634
v -0.11946205 0.17514451 0.06983764
v -0.12943259 0.15688828 0.07891293
v -0.13949639 0.13761955 0.08074404
v -0.14957917 0.11841397 0.07427929
v -0.15860863 0.10106537 0.05787506
v -0.22111583 -0.51233912 0.08831719
v -0.09233446 -0.44960389 0.18917643
v -0.04956871 -0.50194478 0.20893717
v -0.02315298 -0.52059090 0.23504274
v 0.00786757 -0.52986401 0.24538158
v -0.03314756 0.14898551 0.10748492
v -0.02334294 0.16859969 0.09213112
v -0.08817610 0.26444599 -0.01349549
v -0.21969439 -0.53851336 0.08254218
v -0.21894938 -0.51448601 0.12598512
v -0.18450829 -0.45427579 0.18366501
v -0.10647739 0.26083496 -0.01657609
v -0.05477859 -0.52967823 0.23877630
v -0.02054695 -0.53294647 0.25002974
v -0.07323702 0.26302543 -0.00146519
v -0.04959894 0.20347175 0.06539302
v -0.21537831 -0.53447753 0.13154021
v -0.07006840 0.24532256 0.02186604
v -0.14574546 -0.50046587 0.21424811
v -0.03666899 -0.53278267 0.24613641
v -0.21342807 -0.53433853 0.15063819
v -0.10711479 0.24371713 0.01313520
v -0.08989552 -0.52860278 0.22940838
v -0.12595023 -0.53306520 0.22646290
v -0.07320121 -0.53629017 0.24241547
v -0.19936925 -0.53396779 0.18415308
v -0.10944752 0.23370528 0.02526029
v -0.09219378 0.23825686 0.02357454
v -0.16863658 -0.53198445 0.21714665
v -0.18634321 -0.52475899 0.20165083
v -0.10073295 0.22188157 0.03859875
v -0.07160701 -0.52249038 0.22601795
v -0.14930451 -0.52814406 0.22020450
v -0.13740888 -0.51558721 0.22009252
v -0.10923642 -0.13053404 0.13357346
v -0.09489323 0.00156617 0.12648194
v -0.14776729 0.06698008 0.10191994
v -0.22318541 -0.48119292 0.06874502
v -0.22860707 -0.51720315 0.05998900
v -0.20934807 -0.38259354 0.12233448
v -0.01576526 -0.49406874 0.20643333
v -0.01417910 -0.51011980 0.22305974
v -0.00751976 -0.52559716 0.24085897
v -0.01369872 0.13120446 0.11755747
v -0.08773771 0.13189121 0.12189938
v -0.22300015 -0.53521925 0.06306092
v -0.03947683 0.18052915 0.08257195
v -0.03914173 0.16169767 0.09595642
v -0.05584885 0.18656817 0.07580373
v -0.08516713 0.16796695 0.08663260
v -0.05308119 0.14541715 0.10808536
v -0.05804223 0.16875279 0.08951474
v -0.07661840 0.18087076 0.07775008
v -0.21828251 -0.52242666 0.10374332
v -0.20668536 -0.52818811 0.16548130
v -0.05234022 -0.51432294 0.22101152
v -0.06853807 -0.50526440 0.20818211
v -0.08619821 0.25205684 0.00614324
v -0.11032607 -0.53107613 0.22710213
v -0.06289268 -0.24545476 0.16607736
v -0.16112137 -0.20693423 0.09955239
v -0.06160656 -0.13095686 0.16170678
v -0.04631826 0.02468885 0.15475911
v -0.15201232 0.09993060 0.07570096
v -0.15866712 0.06623803 0.06871289
v -0.21613581 -0.44009352 0.07099442
v -0.22439690 -0.47929659 0.05106066
v -0.22576936 -0.49838933 0.05424192
v -0.22294077 -0.50288194 0.07058630
v -0.22412069 -0.52073157 0.07475851
v -0.20722803 -0.38211977 0.08254007
v -0.02138034 -0.42972064 0.15995413
v -0.00393900 -0.50031775 0.21206686
v -0.04684458 0.12387857 0.14278781
v -0.01155291 0.13619466 0.14027984
v -0.10060711 0.18239892 0.07158332
v -0.09506093 0.14987572 0.09737550
v -0.21513410 -0.51571023 0.14787826
v -0.19924070 -0.51391631 0.18445787
v -0.20876466 -0.50316989 0.16524160
v -0.03066466 -0.50680083 0.21906866
v -0.03497758 -0.49693158 0.20637047
v -0.05359118 -0.47409549 0.18432944
v -0.06207274 -0.49044994 0.19596103
v -0.03883748 -0.52014554 0.23139298
v -0.09349443 -0.48335695 0.19371186
v -0.09920342 -0.50150251 0.20348161
v -0.08089298 -0.49331823 0.19725282
v -0.07559045 -0.47393614 0.18565919
v -0.20562775 -0.25171202 0.06838348
v -0.16064052 -0.12926802 0.07410965
v -0.16006051 0.08733845 0.05438913
v -0.16177560 0.06285066 0.05241267
v -0.15586886 0.04642419 0.06810671
v -0.22407889 -0.45894676 0.04827955
v -0.21960327 -0.45825166 0.06453416
v -0.22344364 -0.43910781 0.05531143
v -0.02058763 -0.38596392 0.14505515
v -0.02324407 -0.34880739 0.14003791
v -0.01990896 -0.46153066 0.17730969
v -0.01449448 -0.44782844 0.16891614
v -0.00278525 0.15607871 0.10258404
v -0.01582009 0.14463079 0.10146487
v -0.05016236 0.14110303 0.12980562
v -0.02502673 0.10094526 0.15646233
v -0.01235547 0.11788832 0.15131730
v -0.13467418 0.13057688 0.08843414
v -0.12035316 0.14641969 0.09135026
v -0.10981664 0.16340040 0.08174198
v -0.10700885 0.13788167 0.10711230
v -0.12443676 0.10854293 0.11415079
v -0.10885531 0.12119279 0.11764236
v -0.12406141 0.12640485 0.10146511
v -0.19844872 -0.49084756 0.18265727
v -0.18545696 -0.50215471 0.19711325
v -0.16968231 -0.50365722 0.20340948
v -0.02619373 -0.48101920 0.19159076
v -0.03880900 -0.46708268 0.17949298
v -0.03300725 -0.44841811 0.16853940
v -0.04015110 -0.42860851 0.16498640
v -0.02173036 -0.40545842 0.15121472
v -0.01750929 -0.27353480 0.16303758
v -0.00174819 -0.26066366 0.17035195
v -0.01993063 -0.25177398 0.17148489
v -0.03816241 -0.27106741 0.16093796
v -0.20097706 -0.29291841 0.05384752
v -0.01167581 -0.13144711 0.17449084
v -0.01892415 -0.15266287 0.17470117
v -0.15074091 -0.09381285 0.07180451
v -0.14500283 -0.05700225 0.06556488
v -0.16959284 -0.14198256 0.06321489
v -0.15471490 -0.11101206 0.07013848
v -0.17666969 -0.15495342 0.05196352
v -0.00765181 0.01675687 0.15645269
v -0.13973500 0.00263581 0.06329867
v -0.14033160 -0.01828236 0.06337330
v -0.15479903 0.07933332 0.07966906
v -0.15698631 0.03676400 0.05170547
v -0.15251578 0.05628263 0.08764566
v -0.22008288 -0.42345813 0.05914595
v -0.22054072 -0.49988911 0.10883220
v -0.21093565 -0.39335042 0.03648552
v -0.20858783 -0.36983350 0.04789771
v -0.00226132 -0.39350364 0.14465842
v -0.00122416 -0.35721418 0.13733679
v -0.00837828 -0.31939122 0.16587476
v -0.01245203 -0.30151191 0.15284112
v -0.03432197 -0.28889430 0.14539745
v -0.00533579 -0.41326991 0.15240753
v -0.03979496 0.13592517 0.11816633
v -0.02874938 0.13858962 0.13487375
v -0.06864343 0.12674521 0.13464046
v -0.08436330 0.14605442 0.11227562
v -0.06569564 0.14539641 0.12095847
v -0.02582077 0.12586670 0.14510189
v -0.00742671 0.09785663 0.15659329
v -0.03956299 0.11031599 0.14954360
v -0.21563073 -0.50018102 0.14604364
v -0.18299669 -0.47844321 0.19127774
v -0.05945218 -0.42410317 0.17173742
v -0.06114765 -0.40074626 0.16631785
v -0.04296063 -0.39297652 0.15530580
v -0.05885093 -0.37832835 0.15596753
v -0.07648866 -0.43405464 0.18079728
v -0.05684127 -0.44385928 0.17270760
v -0.01456331 -0.22750275 0.17831829
v -0.01158238 -0.20937145 0.17557533
v -0.01927485 -0.19215214 0.17581815
v -0.00754520 -0.28277403 0.15089031
v -0.02105555 -0.28112459 0.14786050
v -0.20954846 -0.25500518 0.04575780
v -0.20833567 -0.29873332 0.03448191
v -0.21304584 -0.30948824 0.04904687
v -0.00026766 -0.10949251 0.17231816
v -0.01034646 -0.08584288 0.17035288
v -0.04392762 -0.11296961 0.16664748
v -0.01585038 -0.06443738 0.16755883
v -0.15016720 -0.05310544 0.04840239
v -0.14542037 -0.03420817 0.05294926
v -0.14981842 -0.12108176 0.08856113
v -0.18783273 -0.19706017 0.05619725
v -0.00613945 0.03889086 0.15944415
v -0.00936225 0.05781235 0.16388546
v -0.02920416 0.03179434 0.15767217
v -0.03070688 0.01077406 0.15402138
v -0.13050526 -0.01077889 0.07964769
v -0.13576290 -0.03558158 0.07430264
v -0.14859381 0.02709644 0.06793975
v -0.14729853 0.03720215 0.08656519
v -0.21687782 -0.47307858 0.08557258
v -0.21767965 -0.44388375 0.10649617
v -0.21414959 -0.45235613 0.08731919
v -0.20717430 -0.40509379 0.08011413
v -0.21636169 -0.41956517 0.08031094
v -0.21016179 -0.41276371 0.10598560
v -0.21823302 -0.43230265 0.09511752
v -0.21020491 -0.36694568 0.06475189
v -0.21536024 -0.33416218 0.03835060
v -0.01705464 -0.36915138 0.14018777
v -0.04915487 -0.34772372 0.14077657
v -0.03924548 -0.37019908 0.14410599
v -0.03311628 -0.34105775 0.14859501
v -0.00941183 -0.34068829 0.15608579
v 0.00503181 -0.31123838 0.16359337
v -0.04222655 -0.31832203 0.16561212
v -0.08679677 0.09781896 0.14825282
v -0.10559680 0.10576272 0.13265540
v -0.07015077 0.15358490 0.10060030
v -0.00780258 0.07771623 0.15982285
v -0.04664302 0.09688592 0.15703538
v -0.06465331 0.10733768 0.14656889
v -0.06803297 0.08787605 0.15916280
v -0.08831488 0.11505210 0.13437749
v -0.20868923 -0.48659828 0.16493447
v -0.19674972 -0.47224936 0.18050176
v -0.16823733 -0.48574388 0.19637723
v -0.14005212 -0.43065801 0.18437110
v -0.07555922 -0.45465174 0.18080077
v -0.03955103 -0.18941203 0.17213887
v -0.05046829 -0.22807208 0.17195369
v -0.05267252 -0.21021770 0.16609828
v -0.18552220 -0.22067946 0.05251735
v -0.19945690 -0.23635355 0.06465596
v -0.18301022 -0.20821656 0.07335465
v -0.17258567 -0.21885671 0.08627132
v -0.18386242 -0.23219116 0.07128346
v -0.19451229 -0.24105322 0.08730265
v -0.19558179 -0.26476461 0.08286195
v -0.21407700 -0.32525602 0.06220480
v -0.20895456 -0.30322659 0.07099906
v -0.19819070 -0.28613555 0.07169648
v -0.02189323 -0.10790324 0.17071913
v -0.02888496 -0.08573363 0.16803052
v -0.03954729 -0.07073430 0.16365787
v -0.05196293 -0.08503401 0.16011414
v -0.04854774 -0.06201132 0.15907530
v 0.00930510 -0.17032549 0.17705849
v -0.00948304 -0.04208419 0.16498463
v -0.00923203 -0.02218628 0.16084397
v -0.04221660 -0.03869478 0.15740336
v -0.13706213 -0.05933786 0.08201295
v -0.02704626 0.06622126 0.16378394
v -0.02413681 0.04816519 0.16305728
v -0.06327365 0.03778018 0.15931116
v -0.06046385 -0.00316318 0.14441246
v -0.01777700 -0.00627159 0.15634052
v -0.12534337 -0.03051168 0.08842203
v -0.11055192 0.00245775 0.11266779
v -0.14241251 0.04579140 0.10763805
v -0.22221951 -0.49077991 0.08844800
v -0.21333373 -0.46353441 0.10541819
v -0.21789725 -0.49273974 0.12897587
v -0.21497500 -0.48110980 0.14652146
v -0.20685913 -0.39049327 0.05914506
v -0.21203181 -0.40948042 0.05659924
v -0.20557155 -0.39431849 0.10309170
v -0.21408999 -0.34675595 0.05320230
v -0.06033763 -0.35831469 0.14893730
v -0.02680690 -0.30307460 0.16188712
v -0.02792324 0.08564998 0.16038856
v -0.15460514 -0.48943287 0.20637399
v -0.12936026 -0.46141547 0.20095313
v -0.07593297 -0.38773137 0.16619408
v -0.02725548 -0.16889556 0.17381929
v -0.03203721 -0.21448119 0.17172036
v -0.10078619 -0.21227559 0.14383112
v -0.07095104 -0.22545741 0.16678485
v -0.17612170 -0.23426008 0.08764178
v -0.16971731 -0.19562271 0.08846028
v -0.17947543 -0.26123941 0.09518009
v -0.21067920 -0.26922739 0.06628601
v -0.20825428 -0.27622634 0.05070046
v -0.02641151 -0.02738537 0.15950379
v -0.02795427 -0.05036823 0.16348007
v -0.04201140 0.04847881 0.16320711
v -0.05958358 0.05310851 0.16429947
v -0.04665801 0.00471994 0.15131395
v -0.04094546 -0.01211963 0.15194604
v -0.05707836 -0.04933928 0.15274492
v -0.07364824 -0.06332826 0.14549491
v -0.06611681 -0.07702853 0.15214498
v -0.07235324 -0.09650394 0.15100607
v -0.06060530 -0.11168857 0.16021636
v -0.08043279 -0.11894060 0.15032071
v -0.09269256 -0.14150125 0.14644614
v -0.06345619 -0.15327352 0.16249757
v -0.08442774 -0.08030058 0.13942972
v -0.07888880 -0.14300841 0.15449913
v -0.08175269 -0.16308144 0.15394703
v -0.10166509 -0.09626947 0.12962003
v -0.06871315 -0.17529215 0.16145410
v -0.04950895 -0.17104062 0.16871752
v -0.09385800 -0.19390124 0.14661439
v -0.07522956 -0.20293561 0.15621264
v -0.06164273 -0.18976200 0.16523406
v -0.11044337 -0.04034822 0.10678543
v -0.10269666 -0.06065936 0.12126371
v -0.09376619 -0.04278999 0.12378903
v -0.11678159 -0.01344659 0.09953536
v -0.08404562 -0.02093219 0.13106549
v -0.07568307 -0.00781035 0.13690165
v -0.06190546 -0.02604671 0.14673601
v -0.12294105 0.02025318 0.11402627
v -0.11581636 0.07619166 0.14357926
v -0.13570753 0.02825990 0.10281301
v -0.21329144 -0.47446471 0.12422952
v -0.04770495 0.07340354 0.16390216
v -0.11064004 -0.48826742 0.20267165
v -0.12063815 -0.50242382 0.21075952
v -0.16616622 -0.46055406 0.18573725
v -0.14914671 -0.47191402 0.20015201
v -0.10436922 -0.43419823 0.19116804
v -0.04273953 -0.24955769 0.16908097
v -0.16143169 -0.15119320 0.08244665
v -0.19289449 -0.30297735 0.08879521
v -0.21062440 -0.33644304 0.09862954
v -0.21047686 -0.35312831 0.11242453
v -0.20997187 -0.37451589 0.10679832
v -0.20045336 -0.31621233 0.10226977
v -0.20989764 -0.31834686 0.08665255
v -0.21363112 -0.34046474 0.07654999
v -0.16294357 -0.28933194 0.14236796
v -0.20409265 -0.28120148 0.08732199
v -0.19274005 -0.28584298 0.10719845
v -0.18199509 -0.26961946 0.10775450
v -0.08382312 -0.32938400 0.14874929
v -0.17933415 -0.33974895 0.15349846
v -0.17827199 -0.28799367 0.12728924
v -0.06956400 -0.33549502 0.14548041
v -0.17406531 -0.31187409 0.13053186
v -0.19286624 -0.32336295 0.12477250
v -0.20409022 -0.33562851 0.11405068
v -0.16228516 -0.30972344 0.15179002
v -0.15987690 -0.25693515 0.10708337
v -0.18255782 -0.30696493 0.11152913
v -0.17837240 -0.32053787 0.14329852
v -0.05221655 -0.33397281 0.15704641
v -0.14318715 -0.10720168 0.09003916
v -0.12957147 -0.10075176 0.10535153
v -0.09846793 -0.17502394 0.14615063
v -0.10091572 -0.07650306 0.12562175
v -0.09000433 -0.06065876 0.13226239
v -0.06395949 0.01835537 0.14898282
v -0.09872872 0.03217820 0.14695635
v -0.08136809 0.03216224 0.15376562
v -0.08299050 0.05175474 0.16202851
v -0.08233231 0.01331357 0.14060965
v -0.09961633 0.02126556 0.13763651
v -0.07591187 -0.04453284 0.13949971
v -0.12561382 0.00825576 0.09706115
v -0.10412158 0.09059729 0.14519553
v -0.12183774 0.09321505 0.12916352
v -0.09489761 0.07328845 0.15783593
v -0.13679355 0.09137124 0.11155196
v -0.13715202 0.05496190 0.12159957
v -0.11366416 0.04696906 0.14513776
v -0.12997659 0.07771629 0.12854181
v -0.11491351 0.03162569 0.13550550
v -0.09731859 0.04531743 0.15461409
v -0.12863806 0.03928225 0.12581770
v -0.13111275 -0.48287004 0.20834464
v -0.15578754 -0.44677189 0.18407923
v -0.17948309 -0.41665211 0.17406181
v -0.17288567 -0.43970963 0.18122691
v -0.20749320 -0.39694339 0.12717341
v -0.09032419 -0.42960522 0.18560699
v -0.12595177 -0.44104159 0.18720832
v -0.07959908 -0.41138849 0.17695364
v -0.09229630 -0.39751998 0.17492960
v -0.09955101 -0.41649100 0.18302038
v -0.11773171 -0.41943580 0.18690312
v -0.03185448 -0.23459518 0.17565569
v -0.16332220 -0.17375329 0.08999612
v -0.15214792 -0.15962842 0.09954310
v -0.13227470 -0.16250020 0.12044658
v -0.14432995 -0.16790719 0.11095247
v -0.14222439 -0.25157991 0.11717637
v -0.08174267 -0.34989315 0.15286064
v -0.11494740 -0.33400047 0.14969569
v -0.20940231 -0.36370265 0.12814170
v -0.10248449 -0.15414493 0.13972600
v -0.11818098 -0.09114107 0.11394449
v -0.11640321 -0.06732143 0.10974534
v -0.10997313 0.01650432 0.12480019
v -0.07245465 0.06819156 0.16405351
v -0.08492068 0.08444132 0.15725231
v -0.13842723 0.11104620 0.09420505
v -0.14670616 0.08878849 0.09515818
v -0.14026020 0.07327020 0.11536670
v -0.10633724 0.06093567 0.15256837
v -0.21672674 -0.42869049 0.11698641
v -0.11648934 -0.47427949 0.19898903
v -0.14553711 -0.45607522 0.18838412
v -0.11280755 -0.45228118 0.19740194
v -0.10605790 -0.38416037 0.17441568
v -0.11706416 -0.16992673 0.13325451
v -0.11451142 -0.19213404 0.13351461
v -0.13302818 -0.18090616 0.12092726
v -0.14608592 -0.19204660 0.11113512
v -0.09185769 -0.22642630 0.15895125
v -0.08500966 -0.21146816 0.15308519
v -0.12106703 -0.14742242 0.12471343
v -0.14836517 -0.13806796 0.09452605
v -0.14744161 -0.22879186 0.11501602
v -0.16139974 -0.23872514 0.12318862
v -0.16085096 -0.22865579 0.10092059
v -0.04394495 -0.29863399 0.15941224
v -0.05921705 -0.30912042 0.16529401
v -0.07630621 -0.29703200 0.16053703
v -0.08970439 -0.31727660 0.16470073
v -0.09116969 -0.29709482 0.16099000
v -0.10771525 -0.31214669 0.16491044
v -0.14592338 -0.29491445 0.15204689
v -0.12746115 -0.29780561 0.15778281
v -0.07249592 -0.32033199 0.16433486
v -0.08065052 -0.36613911 0.16028512
v -0.10130705 -0.35262665 0.16036093
v -0.12647849 -0.35171199 0.15903345
v -0.13588685 -0.33199960 0.15162650
v -0.11342333 -0.36641875 0.16916779
v -0.09711732 -0.33210230 0.14859444
v -0.20264238 -0.34624660 0.12908065
v -0.17215140 -0.36048266 0.16036475
v -0.18627146 -0.36253414 0.14597927
v -0.16396809 -0.34960017 0.15391690
v -0.14348048 -0.31290728 0.16124973
v -0.16060424 -0.42512822 0.17822190
v -0.16011854 -0.41069654 0.17428575
v -0.14194736 -0.39596844 0.17640203
v -0.21322785 -0.41039878 0.13177225
v -0.21470857 -0.46105456 0.14641097
v -0.13261729 -0.40766943 0.18233469
v -0.11212173 -0.39907777 0.18004674
v -0.09355563 -0.37464082 0.16839612
v -0.17592874 -0.18716763 0.07546640
v -0.17093366 -0.16551687 0.07212578
v -0.18087289 -0.17748359 0.05771473
v -0.08377858 -0.24702348 0.16040972
v -0.10201479 -0.24536008 0.15350138
v -0.07392051 -0.26049531 0.15470971
v -0.05865298 -0.26407582 0.15767513
v -0.14520240 -0.23863842 0.13481970
v -0.11686207 -0.21824156 0.13521263
v -0.07711399 -0.28689978 0.14520881
v -0.12771563 -0.12953192 0.11772440
v -0.13575932 -0.14806451 0.11154106
v -0.14815031 -0.21159193 0.11182094
v -0.13246201 -0.20628321 0.12230097
v -0.17749706 -0.23912071 0.10864890
v -0.14109081 -0.28003129 0.14245103
v -0.12869528 -0.26798600 0.12691388
v -0.15221286 -0.27185068 0.12529941
v -0.10971855 -0.28890833 0.15432012
v -0.09432790 -0.28163809 0.13993025
v -0.08798821 -0.25896060 0.13903469
v -0.10847031 -0.27434742 0.13468599
v -0.11027005 -0.25284216 0.13191253
v -0.12031861 -0.28082156 0.14565231
v -0.13509372 -0.36751151 0.17010504
v -0.15293272 -0.36165074 0.16569899
v -0.12348915 -0.38234508 0.17627655
v -0.15997784 -0.33022445 0.15901682
v -0.20764670 -0.37938014 0.14012423
v -0.15662524 -0.39390811 0.17434326
v -0.17337489 -0.39818481 0.16892447
v -0.21777835 -0.44996363 0.12661856
v -0.20926100 -0.47215924 0.16093819
v -0.10742492 -0.22580159 0.15158142
v -0.12456628 -0.23669519 0.14722745
v -0.12820330 -0.24467894 0.12876847
v -0.05708873 -0.28834695 0.15241617
v -0.11647914 -0.11331232 0.12297034
v -0.13324299 -0.22539422 0.12576632
v -0.14452761 -0.38054579 0.17473397
v -0.14731169 -0.35092109 0.15413313
v -0.16119659 -0.37921739 0.16197246
v -0.20741010 -0.39899078 0.14802684
v -0.19287001 -0.38363394 0.14756493
v -0.17842732 -0.38421288 0.15332031
v -0.21514750 -0.42756784 0.13262704
v -0.20951383 -0.44263309 0.14679036
v -0.20202717 -0.45187375 0.16807666
v -0.19843383 -0.42764497 0.16420422
v -0.19318527 -0.40220329 0.16151147
v -0.20625794 -0.42038336 0.14776497
v -0.08738427 -0.51203746 0.21233040
v -0.06141462 0.23183076 0.04102597
v -0.07979953 0.23028651 0.03571938
v -0.06561270 0.21807277 0.05138082
v -0.08869363 0.19812006 0.06161867
v -0.07155500 0.20056689 0.06304528
v -0.08487065 0.21495426 0.04841048
v -0.10038161 0.20909169 0.05067638
v -0.03509591 -0.13086036 0.17069228
v -0.13796099 -0.08734848 0.09206171
v -0.14224182 -0.07521701 0.08133001
v -0.04421972 -0.15076375 0.16916971
v -0.12702930 -0.31927419 0.16130760
v 0.16757530 0.08907369 0.02175836
v 0.16552818 0.05326516 0.03577108
v 0.16007112 0.03205925 0.04234388
v 0.14890581 -0.03041967 0.03910006
v 0.15139359 -0.05101060 0.03766016
v 0.15688199 -0.07105956 0.03743006
v 0.16022633 -0.09200147 0.03680944
v 0.16648661 -0.11464678 0.03938565
v 0.17896572 -0.15123101 0.03854893
v 0.18462799 -0.16886778 0.03032435
v 0.20076074 -0.22860467 0.02788280
v 0.21440779 -0.30213472 0.02475929
v 0.21761046 -0.32002378 0.02498994
v 0.21605846 -0.33956185 0.02637278
v 0.22088167 -0.35867983 0.02698399
v 0.22355746 -0.37522236 0.02832644
v 0.21960157 -0.39666122 0.02210229
v 0.22435072 -0.41216889 0.03300776
v 0.23363566 -0.46531159 0.03689752
v 0.23206897 -0.48443308 0.02911283
v 0.22810745 -0.51102221 0.03574025
v 0.22616531 -0.53060371 0.03904869
v 0.22570340 -0.54695308 0.04399563
v 0.22550501 -0.54978079 0.04309822
v 0.22558159 -0.55260795 0.04212467
v 0.22250399 -0.55395043 0.06065618
v 0.22018117 -0.55387914 0.08006241
v 0.21935259 -0.55361181 0.09856479
v 0.21819317 -0.55302525 0.11708075
v 0.21699923 -0.55235416 0.13546857
v 0.21509853 -0.55128360 0.15371457
v 0.21124381 -0.54992360 0.17157170
v 0.20396937 -0.54837966 0.18819937
v 0.19421980 -0.54678428 0.20329863
v 0.18085226 -0.54541957 0.21565863
v 0.16631298 -0.54395545 0.22680523
v 0.14969790 -0.54296201 0.23487616
v 0.13239193 -0.54229355 0.24083108
v 0.11470291 -0.54194975 0.24546266
v 0.09661538 -0.54167289 0.24963771
v 0.07861545 -0.54138196 0.25336280
v 0.06130945 -0.54084808 0.25650525
v 0.04329374 -0.54075670 0.25882733
v 0.02501263 -0.54122508 0.26008934
v 0.01524063 0.17564765 0.08612603
v 0.03013026 0.19069898 0.07860344
v 0.04263437 0.20701982 0.06718312
v 0.05067029 0.22750553 0.05152410
v 0.05626046 0.24658538 0.03080905
v 0.06270579 0.26545963 0.00958366
v 0.06808836 0.27761084 -0.01854407
v 0.06870695 0.27332836 -0.05089289
v 0.09948164 0.26925924 -0.03555067
v 0.12082614 0.26520607 -0.03413321
v 0.13020645 0.25909507 -0.01735591
v 0.13304758 0.25495008 0.00008047
v 0.12892264 0.24689589 0.01622396
v 0.12395714 0.23533447 0.02848317
v 0.12097540 0.22096305 0.04190176
v 0.12204385 0.20393127 0.05466150
v 0.12789105 0.18393493 0.06446765
v 0.13689262 0.16336620 0.07020105
v 0.14683238 0.14316973 0.07265989
v 0.15749313 0.12342601 0.06604575
v 0.16556329 0.10374904 0.05164659
v 0.04317084 -0.51508242 0.22991927
v 0.01447722 0.15714119 0.09012222
v 0.07914160 0.17179495 0.08896797
v 0.08149972 0.27430204 -0.03644300
v 0.22580703 -0.46684662 0.11314306
v 0.08878487 -0.51629686 0.22186233
v 0.07189979 0.20108189 0.06632341
v 0.08160783 0.23304541 0.03620711
v 0.09194617 0.26920474 -0.01819627
v 0.07314524 0.25461507 0.01482612
v 0.22775990 -0.50402850 0.12305546
v 0.04915728 -0.53065795 0.24611014
v 0.05813458 0.21404882 0.05982512
v 0.06339926 0.23523679 0.04109392
v 0.11069524 0.26321447 -0.01328701
v 0.10781962 0.25170520 0.00750961
v 0.07679372 0.26936722 -0.00745877
v 0.15036631 -0.51433855 0.21436748
v 0.21949345 -0.50611377 0.15363841
v 0.22222632 -0.54343289 0.07351612
v 0.09301154 -0.53139454 0.23852836
v 0.12019613 -0.52982610 0.23236224
v 0.15542462 -0.52935433 0.22483519
v 0.22011890 -0.53662652 0.12820980
v 0.20747283 -0.53118408 0.18120497
v 0.06501057 -0.52529812 0.23699746
v 0.18483914 -0.52577615 0.20920390
v 0.16893990 -0.51732314 0.21537338
v 0.13911405 -0.53127098 0.22980396
v 0.16889812 -0.53102195 0.22101629
v 0.14758846 -0.25906694 0.14088736
v 0.10595360 0.00404095 0.13459870
v 0.15078019 0.07788667 0.10708410
v 0.03586008 -0.49862686 0.21198085
v 0.04346372 0.14515303 0.11186591
v 0.07696123 -0.38312417 0.16811295
v 0.23135988 -0.46670797 0.07716968
v 0.02166389 -0.52168459 0.23632295
v 0.02304151 -0.50955826 0.22335596
v 0.07584050 0.24392699 0.02658986
v 0.07490857 0.22008425 0.05091060
v 0.09224670 0.20371275 0.06023882
v 0.09771024 0.21786825 0.04664449
v 0.10856302 0.20749544 0.05404850
v 0.11190483 0.19202566 0.06472522
v 0.10381414 0.22909383 0.03501167
v 0.09900469 0.18405980 0.07395168
v 0.11791152 0.16843624 0.07857669
v 0.06511087 0.18494263 0.07918736
v 0.08317569 0.18736014 0.07534380
v 0.10379549 0.13107495 0.12096092
v 0.02980429 0.16998458 0.09328265
v 0.10078707 0.14620565 0.10409595
v 0.09779876 0.16568182 0.08909699
v 0.22464590 -0.53599507 0.05822367
v 0.23237304 -0.52345592 0.05387738
v 0.22866575 -0.52528048 0.07665057
v 0.22912170 -0.49631044 0.10234723
v 0.23174314 -0.51001245 0.08707038
v 0.22793284 -0.51525313 0.10701320
v 0.23000833 -0.49154156 0.08189143
v 0.23460339 -0.50145233 0.05390545
v 0.22229116 -0.53659761 0.11026470
v 0.22428298 -0.53180945 0.09319954
v 0.22623615 -0.48408350 0.11628668
v 0.22662744 -0.48082608 0.09581545
v 0.22297536 -0.51704735 0.13904729
v 0.21860650 -0.53013080 0.14815213
v 0.21400727 -0.52918261 0.16574830
v 0.08816427 0.25895575 0.00194396
v 0.20263459 -0.50855368 0.18975383
v 0.18908674 -0.24906600 0.09281340
v 0.07806810 -0.29505056 0.15400915
v 0.15051457 -0.12176739 0.09096066
v 0.07882838 -0.08109894 0.14994460
v 0.15648974 0.09848912 0.07988354
v 0.01404789 -0.49730483 0.20961133
v 0.13302477 0.14904907 0.08364595
v 0.11553173 0.14880334 0.09451758
v 0.11875703 0.13168257 0.10948376
v 0.23479675 -0.46520025 0.05574017
v 0.23137544 -0.41826323 0.06294420
v 0.05141401 -0.50127625 0.20958725
v 0.06697182 -0.51318574 0.22062136
v 0.05316981 0.19547600 0.07307619
v 0.04953414 0.17722763 0.08659528
v 0.04674121 0.16014212 0.09942203
v 0.06398506 0.16965300 0.09177969
v 0.06342417 0.15316711 0.10667588
v 0.02832526 0.15333678 0.10525663
v 0.00831226 0.13762702 0.10464959
v 0.02683512 0.13431589 0.11881793
v 0.22507051 -0.52127922 0.12226996
v 0.23425734 -0.50770211 0.06807146
v 0.23440434 -0.48665896 0.06489943
v 0.23488323 -0.48503941 0.04843420
v 0.17160988 -0.48323262 0.19741929
v 0.13940494 -0.49512506 0.20294520
v 0.11710756 -0.46363476 0.18960403
v 0.13549018 -0.47747070 0.19264179
v 0.16215442 -0.50024527 0.20627004
v 0.15745208 -0.48187599 0.19450679
v 0.18479061 -0.50374168 0.20395252
v 0.19206254 -0.48923680 0.19542095
v 0.18043619 -0.44526011 0.18356213
v 0.13343790 -0.45715287 0.18816037
v 0.15166628 -0.46452445 0.18674237
v 0.16362451 -0.44488797 0.18076053
v 0.12244934 -0.43949714 0.18116273
v 0.10056010 -0.44831097 0.18180208
v 0.10588872 -0.42515507 0.17485198
v 0.12612069 -0.41849396 0.16908050
v 0.08781834 -0.42733490 0.17637528
v 0.15755984 -0.42306325 0.17214049
v 0.13783783 -0.42930895 0.17372023
v 0.08409158 -0.45826212 0.19015272
v 0.10270285 -0.46668968 0.19531949
v 0.08404194 -0.47225812 0.19741896
v 0.08283195 -0.48859641 0.20429847
v 0.08959396 -0.41221374 0.16677305
v 0.19715413 -0.42144048 0.16147728
v 0.22491233 -0.47390142 0.14462088
v 0.17978552 -0.42691046 0.17713641
v 0.14263865 -0.44273025 0.18157806
v 0.10744356 -0.40664449 0.16679154
v 0.07630365 -0.44083887 0.18032745
v 0.06931694 -0.42494437 0.17268808
v 0.22617604 -0.46776441 0.13135126
v 0.22411156 -0.45018148 0.14930083
v 0.22137296 -0.48794004 0.15282756
v 0.06235163 -0.45720375 0.18007290
v 0.22547591 -0.49433565 0.13802126
v 0.06318205 -0.41229209 0.16322070
v 0.03944654 -0.45246080 0.17087649
v 0.05465991 -0.43802011 0.16991046
v 0.13126178 -0.51433313 0.21836057
v 0.09893014 -0.49806914 0.21144810
v 0.19341792 -0.24923591 0.05615965
v 0.03862514 -0.22503060 0.16771208
v 0.05041736 -0.33768737 0.15258148
v 0.13852163 -0.03166781 0.07191860
v 0.14291750 0.00552728 0.07273708
v 0.04829704 0.03461684 0.16218755
v 0.03919014 -0.00300013 0.15811385
v 0.02728399 -0.03933496 0.16497217
v 0.16242845 0.04815054 0.05816017
v 0.16281763 0.06688478 0.06824420
v 0.16558895 0.06678909 0.05038975
v 0.15834814 0.04650287 0.07649583
v 0.16003893 0.10549812 0.06576137
v 0.14436561 0.12949641 0.08309521
v 0.16555034 0.08936685 0.04768710
v 0.01913952 -0.47970068 0.19311655
v 0.08399513 0.14130059 0.11341114
v 0.12941924 0.10390885 0.12276688
v 0.02475610 0.13720468 0.14029188
v 0.02065526 -0.39102021 0.14599450
v 0.23255695 -0.44590977 0.04657560
v 0.22965273 -0.40649578 0.05114038
v 0.22441818 -0.36982352 0.04668825
v 0.04455111 0.14180171 0.13077551
v 0.18776329 -0.47157452 0.19126257
v 0.16961575 -0.46433324 0.18858552
v 0.04523071 -0.48629212 0.19517906
v 0.06290455 -0.48571119 0.19629321
v 0.06492177 -0.47250944 0.18865107
v 0.06499178 -0.49868104 0.20667782
v 0.21483919 -0.48829392 0.17103013
v 0.03196017 -0.43436530 0.16120879
v 0.04152478 -0.40339610 0.15715511
v 0.06815109 -0.39649194 0.16685505
v 0.05779031 -0.37410429 0.15693812
v 0.02037659 -0.44671369 0.16760135
v 0.02291333 -0.46201158 0.17675880
v 0.11053780 -0.51624918 0.22158563
v 0.11919658 -0.49741879 0.21113582
v 0.11847436 -0.48273575 0.20136335
v 0.08218371 -0.50381273 0.21166892
v 0.20105559 -0.23100933 0.05132683
v 0.20975575 -0.27556252 0.05157730
v 0.19387273 -0.24305581 0.03358759
v 0.20131268 -0.26306868 0.03640875
v 0.04856671 -0.18932031 0.17376341
v 0.03347514 -0.35096148 0.14176999
v 0.17329852 -0.13430190 0.04091087
v 0.16644463 -0.12691376 0.05927016
v 0.17855509 -0.16378583 0.05497605
v 0.16059977 -0.10347145 0.05484826
v 0.15573063 -0.09371837 0.06676127
v 0.02336423 -0.06984235 0.16884276
v 0.02920410 -0.15174271 0.17521146
v 0.03178324 -0.12768863 0.17285967
v 0.01038919 -0.13140582 0.17503914
v 0.14951760 0.00911285 0.04764966
v 0.15439764 0.02645425 0.06103487
v 0.02675584 0.03986837 0.16065216
v 0.03841694 0.01651135 0.16084294
v 0.04011576 -0.47187272 0.18303341
v 0.08451701 0.15691735 0.10038014
v 0.06415867 0.13727933 0.12098471
v 0.07508156 0.11351115 0.14303912
v 0.06402594 0.12917246 0.13909535
v 0.03845372 0.12359899 0.14617367
v 0.08598734 0.13002758 0.13102314
v 0.01636007 0.12004669 0.14983627
v 0.02856346 0.10118216 0.15209231
v 0.19566181 -0.43819511 0.17257577
v 0.03176396 -0.48639363 0.19889499
v 0.20518555 -0.49506453 0.18460341
v 0.21151447 -0.50798780 0.17609289
v 0.05209190 -0.39226684 0.16100174
v 0.10123555 -0.48180664 0.20436986
v 0.19467212 -0.21023107 0.03783762
v 0.18853031 -0.21686158 0.06020071
v 0.19720246 -0.23376328 0.07503036
v 0.17968865 -0.22100228 0.07873318
v 0.20288466 -0.26604784 0.06162762
v 0.20094986 -0.26432365 0.08421519
v 0.18456696 -0.22859901 0.09827767
v 0.16774262 -0.21458659 0.09093802
v 0.21205199 -0.28550142 0.03457599
v 0.21257629 -0.29283449 0.05822990
v 0.21049672 -0.27951154 0.07520962
v 0.20651080 -0.30013856 0.07979443
v 0.19945261 -0.26423547 0.09841254
v 0.22155881 -0.32868987 0.04219246
v 0.21583971 -0.30882534 0.04179279
v 0.01711149 -0.22888935 0.17082794
v 0.01849698 -0.25638303 0.17132114
v 0.02240187 -0.30445561 0.15150110
v 0.02472876 -0.31809211 0.16806506
v 0.15778513 -0.11532628 0.07368824
v 0.18509151 -0.17838290 0.04739694
v 0.18997949 -0.18814540 0.03379752
v 0.18084747 -0.19832399 0.07785774
v 0.16909696 -0.18382128 0.08895699
v 0.17796057 -0.17895886 0.06930432
v 0.16806819 -0.16360907 0.07853604
v 0.15604551 -0.17292789 0.09924411
v 0.16724366 -0.19815940 0.09911682
v 0.17307246 -0.14938369 0.06101549
v 0.16217676 -0.13938752 0.07921799
v 0.13494764 -0.18960413 0.12985495
v 0.15581430 -0.07948196 0.05420035
v 0.14061546 -0.05346363 0.07709803
v 0.15092224 -0.06153772 0.05721073
v 0.02705767 -0.18059672 0.17613052
v 0.04823816 -0.16442403 0.17165013
v 0.03064336 0.08000243 0.15879917
v 0.04221738 -0.02453918 0.16264726
v 0.05604449 -0.01646021 0.15961850
v 0.02250762 -0.01876206 0.16271096
v 0.21955451 -0.35209170 0.05050179
v 0.22310208 -0.33470231 0.06638443
v 0.22725248 -0.38037422 0.08012832
v 0.22725418 -0.39122319 0.04191734
v 0.19163060 -0.45738515 0.18452787
v 0.21827947 -0.46615291 0.16313392
v 0.20482981 -0.46413776 0.17704093
v 0.20901109 -0.45019266 0.16972819
v 0.20544150 -0.47811338 0.17995170
v 0.01446556 -0.42769307 0.15744698
v 0.02861112 -0.41351351 0.15364882
v 0.08047216 -0.36030757 0.15423810
v 0.19303057 -0.25532612 0.07510262
v 0.16729541 -0.22201584 0.11021832
v 0.15298486 -0.21119098 0.10521880
v 0.16493177 -0.24855143 0.12815042
v 0.17887023 -0.26227269 0.11797698
v 0.15688978 -0.22542645 0.12237845
v 0.17524990 -0.24065681 0.11636957
v 0.04773908 -0.24266335 0.17151754
v 0.03234471 -0.24917284 0.17248726
v 0.07553802 -0.25891384 0.16515775
v 0.06272996 -0.23599823 0.16123176
v 0.06072835 -0.25386274 0.17088404
v 0.05946498 -0.27534655 0.16033998
v 0.03034614 -0.33864155 0.15727125
v 0.04307130 -0.32215732 0.17006019
v 0.06228650 -0.32438558 0.16906813
v 0.01894107 -0.36984757 0.13875139
v 0.03793242 -0.38043657 0.15134759
v 0.13518372 -0.12238009 0.11172062
v 0.18733333 -0.19424410 0.05454338
v 0.15766795 -0.15588304 0.09514612
v 0.13441953 -0.21431093 0.12121333
v 0.14853598 -0.19553810 0.11880379
v 0.10452177 -0.20882019 0.14620017
v 0.14541675 -0.23483285 0.13657908
v 0.12297226 -0.20246653 0.13538828
v 0.11562584 -0.21960184 0.13456213
v 0.15670913 -0.18738464 0.10704046
v 0.14734535 -0.04569772 0.05597376
v 0.14700043 -0.07536472 0.07586844
v 0.14925051 -0.10181866 0.08440350
v 0.01359818 -0.09386821 0.17087977
v 0.03555585 -0.10867354 0.17021194
v 0.05666760 -0.10545442 0.16416615
v 0.07154370 -0.11999337 0.16058169
v 0.03937069 -0.08833031 0.16771521
v 0.14510353 -0.02987840 0.05420953
v 0.14819884 -0.01250097 0.04310165
v 0.13350001 -0.01539271 0.08422065
v 0.07249470 0.03609629 0.16122150
v 0.06509826 0.04938965 0.16333985
v 0.08296580 0.02174077 0.15471216
v 0.22425030 -0.37366223 0.06436303
v 0.22776495 -0.40264225 0.07127970
v 0.09450670 -0.36835384 0.16569482
v 0.05543815 -0.35557121 0.14398620
v 0.18918151 -0.25246456 0.10835190
v 0.03714295 -0.28353789 0.15540738
v 0.05273500 -0.21262829 0.17096512
v 0.07271828 -0.21394461 0.16272734
v 0.03998044 -0.30792099 0.15545607
v 0.08530395 -0.33093551 0.16315323
v 0.14722016 -0.13911772 0.10162100
v 0.12981059 -0.14090806 0.12169575
v 0.14308362 -0.15747257 0.11272767
v 0.13910097 -0.17649610 0.11800016
v 0.12458848 -0.16242997 0.13012987
v 0.11942589 -0.17685118 0.13473271
v 0.03637185 -0.20224674 0.17682457
v 0.01809382 -0.11236650 0.17263293
v 0.05542513 -0.12698609 0.16772220
v 0.09310340 -0.14303239 0.15150122
v 0.07487587 -0.10039496 0.15502554
v 0.14272964 -0.01185511 0.06241772
v 0.14696643 0.02307871 0.08214052
v 0.15195063 0.04122824 0.09518024
v 0.06080120 0.00203541 0.15538324
v 0.05277997 0.08964271 0.15702230
v 0.05321206 0.11151843 0.14740089
v 0.06695347 0.10139851 0.15164861
v 0.10249577 0.08564611 0.15227458
v 0.08999550 0.09844411 0.14952490
v 0.09977414 0.11201999 0.13649802
v 0.11754818 0.11461896 0.12425701
v 0.13214217 0.07121933 0.13755216
v 0.07342774 -0.01181083 0.15315789
v 0.06457791 0.01726469 0.15839064
v 0.08424921 0.00577264 0.14910743
v 0.22622572 -0.38975453 0.05960821
v 0.23099466 -0.44342443 0.07572754
v 0.22757302 -0.45758158 0.09418875
v 0.09994933 -0.38479015 0.17175741
v 0.04343367 -0.26526532 0.16876096
v 0.05755361 -0.29145736 0.15033813
v 0.06036881 -0.30316335 0.16268808
v 0.09853271 -0.22738075 0.14591427
v 0.06428614 -0.19652776 0.16882358
v 0.07840109 -0.19728421 0.16316746
v 0.06567319 -0.17902616 0.16738404
v 0.08741470 -0.15998113 0.15596150
v 0.06777327 -0.15367094 0.16460972
v 0.07782174 -0.13675968 0.15909122
v 0.11815102 -0.14286315 0.13280554
v 0.10603302 -0.13499933 0.14139387
v 0.07377622 -0.33864528 0.14959699
v 0.10451681 -0.33202407 0.16207889
v 0.09819962 -0.34191927 0.14995630
v 0.09669744 -0.31377676 0.16868491
v 0.10366842 -0.35254550 0.16048273
v 0.12989314 -0.22881700 0.14116722
v 0.11478614 -0.19054167 0.14413241
v 0.12852629 -0.03576709 0.09082249
v 0.13194272 -0.06007059 0.09402651
v 0.12660219 -0.07746575 0.10609739
v 0.13937779 -0.08271685 0.09228221
v 0.10664885 -0.08972303 0.12927835
v 0.11473652 -0.05343485 0.11228763
v 0.11931356 -0.09000012 0.11726180
v 0.11963505 -0.03816562 0.10401821
v 0.09451077 -0.07590184 0.13664997
v 0.09632820 -0.05253349 0.12991247
v 0.11044069 -0.06845126 0.12016039
v 0.10950626 -0.03480472 0.11632371
v 0.09284888 -0.02987915 0.13455093
v 0.12749845 -0.10854276 0.11599924
v 0.13534626 -0.09745938 0.10305373
v 0.06133479 -0.08078575 0.15992686
v 0.15264371 0.05952689 0.10585973
v 0.07973787 0.08420980 0.15830678
v 0.06538630 0.06697147 0.16279688
v 0.08561280 0.05819884 0.16286616
v 0.08970883 -0.01276726 0.14109826
v 0.22843757 -0.42265922 0.08307283
v 0.23394340 -0.45081306 0.06159158
v 0.23256640 -0.43563971 0.06046121
v 0.22739699 -0.44801891 0.11659425
v 0.22825396 -0.43776578 0.09792324
v 0.03791241 -0.36717439 0.14299478
v 0.16395277 -0.29001549 0.13963901
v 0.15961866 -0.27191010 0.12564443
v 0.17441806 -0.28080165 0.11945031
v 0.18966998 -0.27665296 0.10637324
v 0.07530481 -0.27568844 0.15074217
v 0.09393842 -0.26345852 0.15809603
v 0.10774789 -0.15834123 0.14292651
v 0.08896754 -0.12021763 0.15032187
v 0.14345379 -0.11066893 0.09837667
v 0.09722717 -0.19255728 0.15425667
v 0.09396871 -0.09696058 0.14141661
v 0.10802190 -0.01703111 0.12324521
v 0.12151065 -0.01920144 0.10451757
v 0.12192718 0.00063020 0.11513340
v 0.13342455 0.00377306 0.09629003
v 0.13235736 0.03192791 0.12615712
v 0.13732192 0.02220575 0.10567093
v 0.12356279 0.01525783 0.12280967
v 0.12141405 -0.12349430 0.12620392
v 0.15854566 0.07852386 0.08579101
v 0.14296536 0.06682630 0.12442004
v 0.11877339 0.03868402 0.14446309
v 0.10541783 0.05867184 0.15817991
v 0.09740426 0.03843052 0.15754695
v 0.12006360 0.06593096 0.14868616
v 0.11731239 0.02647401 0.13867642
v 0.09949864 0.02014401 0.14714858
v 0.13331470 0.05027351 0.13564563
v 0.23031889 -0.40050903 0.09430179
v 0.22219194 -0.38658541 0.10344761
v 0.23103693 -0.41588846 0.10136263
v 0.10180458 -0.17483969 0.14725848
v 0.06292041 -0.04641487 0.15526143
v 0.07023229 -0.06266491 0.15345153
v 0.08190633 -0.04457300 0.14407802
v 0.07086182 -0.02772086 0.14907886
v 0.04943422 -0.03905229 0.15870810
v 0.08337004 -0.06421370 0.14420299
v 0.14379045 0.04326207 0.11701898
v 0.15786330 0.06311782 0.09062251
v 0.15184847 0.09202463 0.09641515
v 0.14602286 0.11079547 0.09409922
v 0.13294023 0.11651018 0.10885474
v 0.14204727 0.09752609 0.11091948
v 0.13601476 0.08800244 0.12608930
v 0.13259882 0.13144818 0.09757872
v 0.20331518 -0.37385198 0.15109396
v 0.22363661 -0.43101636 0.14366111
v 0.10868326 -0.11043627 0.13292070
v 0.21469364 -0.38052601 0.12741636
v 0.22938848 -0.42847809 0.12130211
v 0.19230594 -0.40203682 0.15619688
v 0.17778398 -0.40952995 0.17104733
v 0.14430103 -0.40585825 0.17020041
v 0.13768524 -0.38467798 0.17332965
v 0.12196492 -0.39429525 0.17308840
v 0.10986382 0.24173602 0.02111047
v 0.09183543 0.24441957 0.02031971
v 0.21500897 -0.31480622 0.06100629
v 0.20797604 -0.28387076 0.09581950
v 0.04843243 -0.14531703 0.17135456
v 0.22078215 -0.37005422 0.09325458
v 0.22010061 -0.35999700 0.07228900
v 0.07748951 -0.31093428 0.16934156
v 0.11504038 -0.23382531 0.15113990
v 0.09940054 -0.24009223 0.15983161
v 0.11103117 -0.25314307 0.15693663
v 0.11732627 -0.26842400 0.14977613
v 0.09963998 -0.27853090 0.14537489
v 0.09927265 -0.29158419 0.15784088
v 0.08233875 -0.23100118 0.15338291
v 0.08366580 -0.24470837 0.16508509
v 0.12400414 -0.28876331 0.14417025
v 0.11411770 -0.29911560 0.16265489
v 0.14905676 -0.29217088 0.13886386
v 0.13057363 -0.25064862 0.14947467
v 0.08863659 -0.21340871 0.15473753
v 0.13450590 -0.27360886 0.14664561
v 0.03236951 -0.05438674 0.16576777
v 0.04849164 -0.06344128 0.16273552
v 0.21231492 -0.41150442 0.15514375
v 0.22273216 -0.41235352 0.13609000
v 0.20221063 -0.39075646 0.15602420
v 0.16456437 -0.33576584 0.14422268
v 0.20989141 -0.35747164 0.13817252
v 0.18410827 -0.34525487 0.13775790
v 0.19936925 -0.34887430 0.13284670
v 0.19175999 -0.36156350 0.14828297
v 0.14284173 -0.36765864 0.16886207
v 0.15638137 -0.38554171 0.16539596
v 0.15030852 -0.34787253 0.16024227
v 0.12677705 -0.35039490 0.16247874
v 0.17508766 -0.35634896 0.15230161
v 0.16517434 -0.36791077 0.16357046
v 0.17379409 -0.39280802 0.15999435
v 0.11865183 -0.36944622 0.16884571
v 0.14633185 -0.32713217 0.14957955
v 0.13264668 -0.33800492 0.15081601
v 0.11534040 -0.34030059 0.15110622
v 0.13460526 -0.31568494 0.16500986
v 0.11711821 -0.32358783 0.16594377
v 0.13831022 -0.29871830 0.15682957
v 0.15552689 -0.31648681 0.15975091
v 0.16222605 -0.30320469 0.15300651
v 0.18657842 -0.37841624 0.15888055
v 0.17876238 -0.30637819 0.14524207
v 0.17601943 -0.32539508 0.15006344
v 0.21856837 -0.33719197 0.10725059
v 0.21096660 -0.32126379 0.10643470
v 0.21911184 -0.33012342 0.09095766
v 0.21433841 -0.31870154 0.08404548
v 0.20674866 -0.32726187 0.12702338
v 0.21655664 -0.34329462 0.12419430
v 0.19838181 -0.31360722 0.11550649
v 0.19826555 -0.29314202 0.11713192
v 0.19127303 -0.32792795 0.14169186
v 0.18544354 -0.28985417 0.12817162
v 0.19040152 -0.31069291 0.13155961
v 0.22044832 -0.36525521 0.11490469
v 0.22174282 -0.35325184 0.10564613
v 0.22307229 -0.34679776 0.08780541
v 0.22238441 -0.55526090 0.02229949
v 0.22076678 -0.55680418 0.00316108
v 0.21860126 -0.55742615 -0.01594334
v 0.21660247 -0.55707538 -0.03497957
v 0.21419987 -0.55627614 -0.05378175
v 0.21171257 -0.55546069 -0.07255287
v 0.20809679 -0.55475122 -0.09105568
v 0.19810885 -0.55375230 -0.10717922
v 0.18616360 -0.55350995 -0.12208871
v 0.17396376 -0.55356997 -0.13717103
v 0.16024582 -0.55369860 -0.15081155
v 0.14355165 -0.55421609 -0.16120031
v 0.12558827 -0.55366015 -0.16983694
v 0.10733598 -0.55216056 -0.17675763
v 0.08917974 -0.54984367 -0.18307254
v 0.07082072 -0.54788214 -0.18812495
v 0.05219029 -0.54617947 -0.19217601
v 0.03323323 -0.54503483 -0.19462201
v 0.01421841 -0.54431218 -0.19562513
v -0.00475446 -0.54378939 -0.19543813
v -0.00351396 -0.51266271 -0.17072663
v 0.00243830 -0.47828829 -0.14739881
v 0.00389175 -0.42844748 -0.11076140
v 0.00465384 -0.40636891 -0.10280657
v -0.00268947 -0.37264472 -0.09863190
v -0.00058325 -0.35283294 -0.10041559
v -0.00108745 -0.33388394 -0.10447005
v -0.00211465 -0.31619316 -0.10992099
v -0.00083843 -0.29850549 -0.11638367
v -0.00530538 -0.26263499 -0.13220672
v -0.00211280 -0.21690297 -0.12614210
v 0.00304823 -0.17319611 -0.11028915
v 0.00125198 -0.15152064 -0.10368792
v -0.00273446 -0.13547470 -0.10063623
v -0.00171764 -0.11779160 -0.09565711
v 0.00333257 -0.10010970 -0.09269892
v -0.01146310 -0.04775660 -0.08566493
v -0.00658435 -0.02465651 -0.08838894
v -0.00588040 -0.00580690 -0.09207276
v -0.00305019 0.06774317 -0.11299457
v -0.00277033 0.08740855 -0.11734449
v -0.00210128 0.12576829 -0.12448390
v -0.00214630 0.16439764 -0.10704219
v 0.00011103 0.18179807 -0.08760300
v 0.00918735 0.19848329 -0.09071237
v 0.02251179 0.21234524 -0.08974164
v 0.03645635 0.22664237 -0.08783624
v 0.04954487 0.24221162 -0.08282173
v 0.06040764 0.25896204 -0.07136079
v 0.12682202 0.25478169 -0.05130960
v 0.13164929 0.24082239 -0.06446385
v 0.13437000 0.22381152 -0.07577746
v 0.13564119 0.20378439 -0.08371490
v 0.13777354 0.18291771 -0.09035459
v 0.14020437 0.16063786 -0.09206960
v 0.14454158 0.13831277 -0.08843706
v 0.15109457 0.11705618 -0.07909396
v 0.15750580 0.10160198 -0.06185569
v 0.16466641 0.09347194 -0.03880016
v 0.16718453 0.09047877 -0.01697478
v 0.11675264 0.02773684 -0.07586149
v 0.07039285 0.16949198 -0.11468121
v 0.16380206 0.07785114 -0.02280764
v 0.13455337 0.09075783 -0.08637611
v 0.10658412 0.17767224 -0.10620154
v 0.09678140 0.25583467 -0.06617255
v 0.10601134 0.24021478 -0.07721415
v 0.06777502 0.23306650 -0.08785080
v 0.12935106 0.12392122 -0.09693352
v 0.12105694 0.16828878 -0.10009697
v 0.09253317 0.26641408 -0.05219042
v 0.10933048 0.26059559 -0.05271801
v 0.07848176 0.25951278 -0.06727371
v 0.12204655 0.23293833 -0.07576603
v 0.12054992 0.21125537 -0.08793468
v 0.06737426 0.24795786 -0.07921684
v 0.15940054 0.09145204 -0.05154225
v 0.12471312 0.14377731 -0.10048725
v 0.11535627 0.24882664 -0.06522828
v 0.07681324 0.26918036 -0.05531205
v 0.10429727 0.22360423 -0.08816942
v 0.11883340 0.18993951 -0.09492033
v 0.09191981 0.19335398 -0.10216194
v 0.10540138 0.20243032 -0.09677215
v 0.14938824 0.07377315 -0.06280365
v 0.12199406 0.10488651 -0.09886867
v 0.08825815 0.21719283 -0.09447750
v 0.08858959 0.17332140 -0.11264518
v 0.10205843 0.15487792 -0.11104219
v 0.07642657 0.07429507 -0.10897408
v 0.05976408 0.19967027 -0.09873097
v 0.10375012 0.07513840 -0.10159283
v 0.09285665 0.13859448 -0.11470698
v 0.10284042 0.10271765 -0.10777671
v 0.11215092 0.13550399 -0.10728119
v 0.11629866 0.08934841 -0.09876274
v 0.05511777 0.22193201 -0.09136795
v 0.07195409 0.11403563 -0.11837862
v 0.03888313 0.20271753 -0.09466753
v 0.07748264 0.15482390 -0.11949970
v 0.09130114 0.11972249 -0.11399502
v 0.07292610 0.13279825 -0.12041098
v 0.05734925 0.12215266 -0.12175332
v 0.22453898 -0.54047298 0.02659969
v 0.22442803 -0.53826708 0.00631727
v 0.20346823 -0.42882055 -0.08966036
v 0.13823757 -0.28839591 -0.10654021
v 0.05424201 -0.49057680 -0.14879510
v 0.01260822 -0.51960075 -0.17532891
v -0.00545049 -0.53281271 -0.18539965
v 0.02080299 -0.53333247 -0.18547326
v 0.16673632 0.07696102 0.02705128
v 0.01568681 0.17906144 -0.09539631
v 0.08701205 0.24139181 -0.08130106
v 0.15700792 0.07362010 -0.04493986
v 0.15835083 0.05725911 -0.02920946
v 0.12059554 0.07368404 -0.09168247
v 0.14179909 0.05600173 -0.06426271
v 0.13398676 0.07084437 -0.07978439
v 0.15042865 0.04979090 -0.04659215
v 0.13677618 0.03301079 -0.05982032
v 0.15279570 0.03267258 -0.03018683
v 0.15886883 0.03755432 -0.01379499
v 0.14482486 0.02780444 -0.04440533
v 0.14322008 0.01473886 -0.03608491
v 0.03824437 0.10592960 -0.12077887
v 0.05508050 0.10257377 -0.11896877
v 0.02030749 0.11893930 -0.12310380
v 0.06309489 0.08899680 -0.11516193
v 0.05095667 0.06888817 -0.11128245
v 0.03621209 0.08479808 -0.11617425
v 0.08496097 0.09626459 -0.11234144
v 0.09418813 0.05936675 -0.09996831
v 0.01519534 0.07443095 -0.11464703
v 0.03336501 0.06518326 -0.11178631
v 0.01806521 0.05632008 -0.10997692
v 0.04241000 0.18577310 -0.09920553
v 0.07309978 0.18649976 -0.10431763
v 0.05358941 0.16007212 -0.11516789
v 0.22284868 -0.54156113 -0.01171766
v 0.21761890 -0.47337928 -0.04226991
v 0.22266589 -0.51815313 -0.00946084
v 0.20600475 -0.38929957 -0.03556760
v 0.06892067 -0.28883982 -0.13249789
v 0.16645077 -0.21618533 -0.06130972
v 0.18099518 -0.28745735 -0.06317401
v 0.06403983 -0.16096711 -0.10336770
v 0.15371315 -0.10780284 -0.02543936
v 0.02387108 -0.48894528 -0.15117058
v 0.01720502 -0.50499171 -0.16437578
v 0.16266559 0.03482570 0.02042189
v 0.14753249 -0.00459534 -0.00848210
v 0.14111874 0.00109816 -0.03097371
v 0.16557531 0.05453842 0.01532932
v 0.15550667 0.02012538 0.00048413
v 0.16297114 0.04194389 0.00422598
v 0.01111430 0.15655640 -0.12685783
v 0.12783825 0.04124369 -0.07383976
v 0.12761715 0.05540369 -0.07996389
v 0.13023406 0.01821575 -0.05791187
v 0.00109715 0.10955468 -0.12133471
v 0.01831634 0.09637789 -0.11923409
v 0.01385617 0.13556530 -0.12670989
v 0.05585374 0.14242485 -0.12505375
v 0.03203943 0.14250627 -0.12730604
v 0.03412950 0.17510560 -0.11314714
v 0.04447603 0.02497579 -0.09945736
v 0.04261241 0.04713919 -0.10607011
v 0.06842571 0.05610605 -0.10528953
v 0.08625148 0.04283967 -0.09707452
v 0.02052370 0.03522155 -0.10427181
v 0.22868198 -0.50523323 0.01228717
v 0.22808400 -0.52338731 0.01512416
v 0.23080145 -0.48459122 0.01395959
v 0.21700014 -0.52276611 -0.07099576
v 0.22310582 -0.52621877 -0.03117596
v 0.21937126 -0.53291750 -0.05287043
v 0.21993974 -0.54418230 -0.03351001
v 0.21551861 -0.54001027 -0.06755790
v 0.22674295 -0.46909750 -0.00269344
v 0.20184498 -0.53065312 -0.10184447
v 0.02975883 -0.28666824 -0.12800373
v 0.06055189 -0.23442464 -0.12878996
v 0.07577331 -0.36368576 -0.11176576
v 0.18586650 -0.20905323 -0.02155423
v 0.19857329 -0.27276450 -0.01301827
v 0.02345172 -0.41625810 -0.10539361
v 0.14867122 -0.53629690 -0.15576199
v 0.08062836 -0.53344464 -0.17149481
v 0.06413238 -0.53641355 -0.17905284
v 0.01871011 -0.47262198 -0.13994445
v 0.00305798 -0.49480236 -0.15837492
v 0.04250303 -0.53459734 -0.18416078
v 0.15063201 -0.01530216 0.01781964
v 0.02203883 -0.09069923 -0.08584554
v 0.15505247 0.01751919 0.02436537
v 0.15111832 -0.00030798 0.02610080
v 0.15169255 0.00156061 0.00836668
v 0.13926515 -0.01804164 -0.02984161
v 0.10504396 -0.03113834 -0.06474230
v 0.12631801 -0.03285914 -0.04496749
v 0.09781010 -0.01002454 -0.07366768
v 0.09908153 0.01440049 -0.08045338
v 0.14438276 -0.02789021 -0.01606104
v 0.16625263 0.06827268 0.01564473
v 0.15076904 0.01646775 -0.01748499
v 0.11097360 0.04959840 -0.08941951
v 0.02497781 0.00160605 -0.09364416
v 0.00263929 0.02686240 -0.10227340
v 0.00035521 0.04623279 -0.10785758
v 0.21981698 -0.49165237 -0.06150049
v 0.22030327 -0.50384879 -0.02690724
v 0.22257218 -0.49449340 -0.00294105
v 0.21967305 -0.45156348 -0.02324659
v 0.21496053 -0.36745799 0.00544746
v 0.20414743 -0.33277065 -0.00996571
v 0.18893151 -0.53672630 -0.11600368
v 0.20979634 -0.51630867 -0.08802667
v 0.03404098 -0.32468569 -0.11267018
v 0.03857807 -0.25622183 -0.13205843
v 0.03139159 -0.21481805 -0.12508604
v 0.19434483 -0.22011955 -0.00025783
v 0.01998054 -0.16052653 -0.10609124
v 0.01758230 -0.13607678 -0.09955898
v 0.16440108 -0.10436741 0.01629992
v 0.15962914 -0.08571464 0.01686993
v 0.18028325 -0.15354559 0.01240300
v 0.00286823 -0.46129820 -0.13518481
v 0.00509608 -0.44518659 -0.12258884
v 0.13097535 -0.52575338 -0.15533593
v 0.16518845 -0.53283060 -0.14620888
v 0.11283311 -0.53589773 -0.16360858
v 0.05000304 -0.52194488 -0.17364185
v 0.03384814 -0.51765233 -0.17188373
v 0.03689599 -0.49962875 -0.15817162
v 0.05233850 -0.50602871 -0.16137052
v 0.03520280 -0.47851038 -0.14260295
v 0.02301124 -0.46059576 -0.12992196
v 0.05252203 -0.47347197 -0.13664421
v 0.00197044 -0.08393737 -0.08836911
v 0.01773090 -0.11104174 -0.09296644
v 0.00342515 -0.06144887 -0.08476771
v 0.01069985 -0.03938020 -0.08597592
v 0.01996177 -0.07435517 -0.08425678
v 0.11429030 0.00663094 -0.06743765
v 0.11697920 -0.01505143 -0.05955660
v 0.08877023 -0.03211811 -0.07403362
v 0.05543756 -0.00340149 -0.08927295
v 0.04474173 0.00933523 -0.09425724
v 0.05149460 -0.02793290 -0.08540724
v 0.09968176 0.03298881 -0.08846141
v 0.13865173 -0.07663949 -0.03639407
v 0.00094018 0.00903957 -0.09614475
v 0.02344257 0.01630358 -0.09821428
v 0.22716631 -0.45041403 0.02795128
v 0.21452403 -0.42994496 0.00129328
v 0.22153713 -0.51066774 -0.05217040
v 0.21662892 -0.50277239 -0.07502076
v 0.22055872 -0.49028400 -0.04255190
v 0.21774685 -0.48030719 -0.02429769
v 0.21041429 -0.32625276 0.00605057
v 0.21215451 -0.53818828 -0.08371966
v 0.18532693 -0.49303478 -0.12574910
v 0.02295416 -0.27009997 -0.13159743
v 0.02135139 -0.24644439 -0.13113162
v 0.01002477 -0.26001114 -0.13277310
v 0.01300218 -0.20240349 -0.12219696
v 0.01719477 -0.22375569 -0.12697425
v 0.00490391 -0.18931548 -0.11708679
v 0.02605040 -0.19400008 -0.11929524
v 0.19822077 -0.21687022 0.01942522
v 0.19737272 -0.23722635 0.00954948
v 0.19310756 -0.19845018 0.01364562
v 0.20374060 -0.27180669 0.01183457
v 0.21004938 -0.29247794 0.00979342
v 0.17042321 -0.12221301 0.01795212
v 0.17598790 -0.13847165 0.02031394
v 0.17211011 -0.13539895 -0.00017916
v 0.17635180 -0.15458322 -0.01099746
v 0.16822657 -0.13884175 -0.01784869
v 0.14952955 -0.08510110 -0.02129415
v 0.14252986 -0.10040797 -0.03937589
v 0.14207980 -0.06177940 -0.02055991
v 0.15072379 -0.05934596 -0.00052992
v 0.13043554 -0.05295710 -0.03872612
v 0.15718231 -0.09381815 -0.00530817
v 0.15331611 -0.07421010 -0.00120712
v 0.15022211 -0.04238733 0.01619121
v 0.02884974 -0.44083411 -0.11675637
v 0.04261734 -0.45985574 -0.12727885
v 0.01224740 -0.38327572 -0.09977135
v 0.02368271 -0.39405876 -0.10163894
v 0.13300140 -0.54339957 -0.16242898
v 0.17880429 -0.53881806 -0.12971251
v 0.17859022 -0.52082705 -0.13222671
v 0.08149760 -0.45650846 -0.12036748
v 0.08512823 -0.49103975 -0.13800976
v 0.07177163 -0.50338918 -0.15142515
v 0.14558184 -0.04311050 -0.00953900
v 0.14933643 -0.02664469 0.00337243
v 0.03557310 -0.12640433 -0.09549858
v 0.03721472 -0.07980952 -0.08623126
v 0.12901755 -0.01547049 -0.04665979
v 0.07856049 0.00119000 -0.08512724
v 0.07532088 -0.01634713 -0.08169799
v 0.06614587 0.01631470 -0.09295245
v 0.06669721 0.03677393 -0.09968355
v 0.08410066 0.02216671 -0.09022859
v 0.04939332 -0.05105561 -0.08435085
v 0.03122208 -0.03193927 -0.08637895
v 0.07214022 -0.04035560 -0.07990388
v 0.05222180 -0.07062089 -0.08290789
v 0.07278690 -0.05742452 -0.08062827
v 0.22975819 -0.46795440 0.01361230
v 0.22037980 -0.44699281 0.00480528
v 0.21324547 -0.41469213 0.01133550
v 0.21960880 -0.43267083 0.02332303
v 0.20843667 -0.49568683 -0.08935022
v 0.20708297 -0.47814441 -0.09260532
v 0.21546702 -0.48031688 -0.07767177
v 0.21575013 -0.38208541 0.00879800
v 0.20929047 -0.40077129 0.00069597
v 0.01202178 -0.32512429 -0.10840838
v 0.02060270 -0.34048727 -0.10473578
v 0.01552298 -0.36312935 -0.10025068
v 0.04006386 -0.23300500 -0.12887873
v 0.05576543 -0.24860910 -0.13120766
v 0.07365531 -0.26064199 -0.13079005
v 0.04415071 -0.27235854 -0.13220528
v 0.05733835 -0.27026221 -0.13269895
v 0.00476422 -0.27923194 -0.12488688
v 0.05851427 -0.21153341 -0.12297179
v 0.05105658 -0.22240505 -0.12633623
v 0.18817033 -0.24583261 -0.02747674
v 0.18749112 -0.22745669 -0.02296195
v 0.19377188 -0.24423739 -0.00673145
v 0.17859203 -0.22470246 -0.04154861
v 0.18171152 -0.18845749 -0.02481058
v 0.18308721 -0.17488149 -0.01135582
v 0.17496768 -0.19989556 -0.04356118
v 0.18985407 -0.19768141 -0.00418262
v 0.16252045 -0.19285978 -0.06102880
v 0.17723775 -0.17096417 -0.02562061
v 0.20463324 -0.30824736 -0.00761529
v 0.20579448 -0.28823704 -0.00554590
v 0.21125950 -0.31043550 0.01006121
v 0.16074723 -0.14035127 -0.03496339
v 0.13698691 -0.03965601 -0.02755400
v 0.11903112 -0.05172468 -0.05209961
v 0.04034407 -0.40344214 -0.10331618
v 0.18902494 -0.51476949 -0.11766624
v 0.06713691 -0.52130538 -0.16731030
v 0.11018405 -0.51608902 -0.14745805
v 0.13377261 -0.50495154 -0.14659417
v 0.16065750 -0.50929320 -0.14552739
v 0.16856410 -0.48933077 -0.13610554
v 0.18839943 -0.47177389 -0.11979096
v 0.19828299 -0.48861477 -0.10879983
v 0.20003669 -0.46706921 -0.10515256
v 0.18953271 -0.44922426 -0.11427324
v 0.20129816 -0.44484022 -0.09909163
v 0.06789391 -0.46667776 -0.12645020
v 0.11368489 -0.47706708 -0.13858242
v 0.10381338 -0.49296010 -0.13618901
v 0.10251371 -0.45608324 -0.13369766
v 0.09059007 -0.47714913 -0.12814792
v 0.11883205 -0.49325210 -0.14296988
v 0.12383858 -0.46039322 -0.13204831
v 0.09083680 -0.50674528 -0.14632161
v 0.03791973 -0.10595357 -0.08773182
v 0.02859008 -0.05779719 -0.08406265
v 0.10643106 -0.08870328 -0.07236186
v 0.21940115 -0.47405398 -0.05798055
v 0.20111020 -0.37845480 -0.02494889
v 0.20664817 -0.35805556 -0.01565807
v 0.21014382 -0.34863764 0.00577583
v 0.01918440 -0.29533240 -0.12169123
v 0.01886954 -0.31148726 -0.11490452
v 0.04738146 -0.33777907 -0.10920134
v 0.03539032 -0.35992709 -0.10221191
v 0.02647294 -0.37378845 -0.10072754
v 0.02444354 -0.17870766 -0.11217066
v 0.04475256 -0.16470996 -0.10596915
v 0.03608015 -0.14680411 -0.10136418
v 0.04236117 -0.20293386 -0.12155116
v 0.06035798 -0.19258767 -0.11625594
v 0.19130749 -0.26053619 -0.00765349
v 0.18866198 -0.18164043 0.01014406
v 0.18407367 -0.16744237 0.00594264
v 0.15195175 -0.17351481 -0.06595053
v 0.16967627 -0.15826665 -0.03265293
v 0.16029589 -0.15678978 -0.04737453
v 0.15978234 -0.12542695 -0.02607321
v 0.11605030 -0.03371587 -0.05580844
v 0.09169319 -0.04805832 -0.07223435
v 0.08900449 -0.07507213 -0.07729041
v 0.10530611 -0.05259328 -0.06370967
v 0.09623931 -0.06593568 -0.07283659
v 0.04055972 -0.37927169 -0.10154930
v 0.05272936 -0.39177912 -0.10527140
v 0.03797520 -0.41968596 -0.10699698
v 0.07864839 -0.42382854 -0.12190494
v 0.08949607 -0.43916065 -0.12830465
v 0.06821579 -0.44429952 -0.11430210
v 0.06535047 -0.42670628 -0.11115475
v 0.06751809 -0.40890834 -0.11247201
v 0.08425243 -0.40035313 -0.12181848
v 0.14431211 -0.39941663 -0.12055342
v 0.10174616 -0.42020035 -0.12343115
v 0.10673431 -0.40275836 -0.11426732
v 0.17655161 -0.50524312 -0.13471977
v 0.19080910 -0.42821622 -0.10807495
v 0.21671093 -0.45631963 -0.06962191
v 0.07111041 -0.48495772 -0.13745295
v 0.17318171 -0.45688352 -0.12409456
v 0.17045122 -0.43642548 -0.11865930
v 0.13213377 -0.48506945 -0.13627736
v 0.21526515 -0.43558359 -0.03901473
v 0.20571186 -0.38054669 -0.01019933
v 0.19130693 -0.35259566 -0.07889229
v 0.19734907 -0.33123839 -0.05231120
v 0.05082201 -0.35865027 -0.10513753
v 0.06570720 -0.34659925 -0.11151945
v 0.05897173 -0.37019515 -0.10777463
v 0.04393363 -0.18412238 -0.11402383
v 0.15281670 -0.13918278 -0.04642972
v 0.05261727 -0.41161919 -0.10633630
v 0.06752414 -0.38594911 -0.11531775
v 0.11374222 -0.43765420 -0.12158065
v 0.20469098 -0.39736366 -0.07518844
v 0.19345085 -0.41221341 -0.09117953
v 0.16767797 -0.39103773 -0.10788481
v 0.15850766 -0.40525073 -0.11780430
v 0.18028247 -0.39722633 -0.09865527
v 0.14354888 -0.41769394 -0.11412977
v 0.21183158 -0.43916783 -0.07788780
v 0.15076444 -0.49081457 -0.13704871
v 0.14164536 -0.46507248 -0.13038355
v 0.14889550 -0.44908217 -0.12043562
v 0.15703629 -0.46995720 -0.13046625
v 0.17245652 -0.47378552 -0.13017282
v 0.07260231 -0.08190538 -0.08013304
v 0.09065350 -0.09609088 -0.07786385
v 0.21574268 -0.46022376 -0.03529923
v 0.21611613 -0.45302862 -0.04921287
v 0.21525261 -0.41794175 -0.03097811
v 0.19671232 -0.37032008 -0.04632219
v 0.20189257 -0.35730705 -0.03462934
v 0.05051504 -0.28867999 -0.12840098
v 0.05041042 -0.31910983 -0.11840489
v 0.10754491 -0.32847670 -0.12170233
v 0.14587390 -0.15411597 -0.06328236
v 0.13581179 -0.13407040 -0.06269310
v 0.13659088 -0.16570933 -0.07745783
v 0.10458894 -0.10639784 -0.07658914
v 0.11750574 -0.13411331 -0.07580076
v 0.09763256 -0.12579933 -0.08246811
v 0.09348253 -0.14269827 -0.09168514
v 0.13203490 -0.11221190 -0.05768719
v 0.11968685 -0.09918924 -0.06515149
v 0.08733110 -0.11239767 -0.08410361
v 0.11604238 -0.07565929 -0.06023673
v 0.07660154 -0.12560456 -0.09161101
v 0.12767704 -0.06970973 -0.04802958
v 0.14750348 -0.12283582 -0.04417018
v 0.12431788 -0.42253998 -0.11344886
v 0.12857237 -0.40293673 -0.12205718
v 0.13500969 -0.38254777 -0.12122345
v 0.11377631 -0.38403350 -0.12678525
v 0.09574257 -0.34328160 -0.13083136
v 0.20968239 -0.41848746 -0.07731585
v 0.14242256 -0.43502980 -0.11482599
v 0.15708590 -0.42711106 -0.11339027
v 0.05122745 -0.12308022 -0.09115855
v 0.05141962 -0.14306867 -0.09865904
v 0.06728320 -0.13961323 -0.09439867
v 0.07298531 -0.10217825 -0.08680562
v 0.21459648 -0.43449768 -0.01711596
v 0.21585703 -0.42056304 -0.05408835
v 0.20629196 -0.39880839 -0.02132298
v 0.21328658 -0.40451548 -0.04083590
v 0.21321231 -0.41612181 -0.01249136
v 0.21001926 -0.38904408 -0.05184536
v 0.20026019 -0.34523791 -0.04458363
v 0.18992971 -0.35369462 -0.06228947
v 0.18370222 -0.33383587 -0.07146969
v 0.19164474 -0.38783464 -0.08050139
v 0.18302648 -0.36238402 -0.08897758
v 0.20148493 -0.34220734 -0.02684129
v 0.06179345 -0.30751809 -0.12634237
v 0.12836032 -0.15101998 -0.07671149
v 0.15190169 -0.38464209 -0.11373292
v 0.16450244 -0.37789693 -0.09526892
v 0.14423843 -0.36933136 -0.10472859
v 0.14437687 -0.32399362 -0.10642396
v 0.14538334 -0.34622675 -0.10294256
v 0.21219648 -0.40642175 -0.06082506
v 0.18852310 -0.31428984 -0.06762222
v 0.20295896 -0.37213203 -0.06800716
v 0.19840440 -0.32356974 -0.02800145
v 0.06692271 -0.32853308 -0.11769234
v 0.08335416 -0.33724520 -0.12538166
v 0.09175737 -0.36260265 -0.11776531
v 0.10294081 -0.36702630 -0.12838529
v 0.08444375 -0.37762684 -0.11451179
v 0.09794002 -0.38142601 -0.11502860
v 0.12548847 -0.36839536 -0.11877552
v 0.17873137 -0.34111753 -0.09227826
v 0.16489005 -0.35644686 -0.09538447
v 0.13143665 -0.35452658 -0.10818154
v 0.19667564 -0.30047247 -0.03944715
v 0.08253957 -0.30232450 -0.13243571
v 0.10430095 -0.27514559 -0.12215903
v 0.09675068 -0.29344311 -0.12679148
v 0.16293238 -0.33531138 -0.09997317
v 0.17809792 -0.29605848 -0.07743430
v 0.11381398 -0.34975824 -0.11757527
v 0.12794393 -0.33432063 -0.11018891
v 0.13535756 -0.30964732 -0.10781199
v 0.11878475 -0.29155323 -0.11417226
v 0.15730862 -0.31241694 -0.10113519
v 0.14050335 -0.23400356 -0.09670320
v 0.12522341 -0.26943725 -0.11033919
v 0.15429626 -0.22442612 -0.08140847
v 0.15353119 -0.20886958 -0.07691422
v 0.08083291 -0.24207632 -0.12650496
v 0.17374903 -0.31834358 -0.08971056
v 0.14829096 -0.27043748 -0.09865557
v 0.13818902 -0.25267720 -0.10245094
v 0.15472406 -0.25173405 -0.08895956
v 0.16028933 -0.23566583 -0.07948887
v 0.16935711 -0.23548178 -0.06041962
v 0.17137907 -0.25144386 -0.07202633
v 0.11065540 -0.22008239 -0.11153230
v 0.09280486 -0.22513336 -0.11964537
v 0.13874745 -0.21184433 -0.09203203
v 0.12380498 -0.21468370 -0.10336436
v 0.14527883 -0.19476420 -0.08066526
v 0.09622925 -0.18609829 -0.10679607
v 0.13392760 -0.18080549 -0.08516943
v 0.10825015 -0.19872187 -0.10661751
v 0.09846570 -0.16200458 -0.09649824
v 0.11359422 -0.18287626 -0.09850574
v 0.12512499 -0.19538908 -0.09646398
v 0.10273495 -0.17478892 -0.10027998
v 0.11853539 -0.16547026 -0.08898798
v 0.16484524 -0.29720697 -0.09258634
v 0.15171808 -0.29891935 -0.10145248
v 0.15418378 -0.28497240 -0.09797388
v 0.17810798 -0.25001889 -0.04885985
v 0.18669313 -0.26209399 -0.03308692
v 0.18324399 -0.26790285 -0.05957814
v 0.16686533 -0.27421981 -0.08167241
v 0.12395250 -0.24658114 -0.11010876
v 0.09886952 -0.23829740 -0.12060750
v 0.08461881 -0.17324768 -0.10448057
v 0.07861210 -0.18863615 -0.11212577
v 0.09297241 -0.20385666 -0.11382376
v 0.07720281 -0.20668192 -0.11874489
v 0.06172305 -0.17637177 -0.10934088
v 0.07518526 -0.22432467 -0.12398134
v 0.01219678 -0.00930144 -0.09051901
v 0.03517466 -0.01228192 -0.08976404
v 0.16942966 -0.17628971 -0.04390944
v 0.12972024 -0.09013104 -0.05192331
v 0.19945049 -0.28154227 -0.02513312
v 0.19414112 -0.28079462 -0.04267815
v -0.21905747 -0.55135328 0.02540121
v -0.21998373 -0.55296999 0.00669400
v -0.22044522 -0.55398583 -0.01210595
v -0.22115494 -0.55475986 -0.03069696
v -0.21978928 -0.55502969 -0.04914352
v -0.21303824 -0.55449229 -0.06614748
v -0.20657565 -0.55388415 -0.08361816
v -0.20118910 -0.55371088 -0.10150065
v -0.19307598 -0.55344021 -0.11857038
v -0.18255644 -0.55366892 -0.13474689
v -0.16821818 -0.55311239 -0.14783975
v -0.15133844 -0.55199319 -0.15711623
v -0.13450734 -0.54976279 -0.16694075
v -0.11699433 -0.54817605 -0.17490909
v -0.09889112 -0.54759371 -0.18056989
v -0.08056195 -0.54687345 -0.18532425
v -0.06206487 -0.54596603 -0.18947130
v -0.04331110 -0.54478192 -0.19297966
v -0.02402750 -0.54396600 -0.19498494
v -0.00744434 0.19836496 -0.09172115
v -0.02019423 0.21277660 -0.08937234
v -0.03392684 0.22794725 -0.08675601
v -0.04723001 0.24347916 -0.08046145
v -0.05797627 0.26022419 -0.06706911
v -0.12433296 0.25263152 -0.04691088
v -0.12921691 0.24052551 -0.06182113
v -0.13217731 0.22474782 -0.07453296
v -0.13484369 0.20585917 -0.08400274
v -0.13874304 0.18594240 -0.09271038
v -0.14292751 0.16358511 -0.09481458
v -0.14834043 0.14061473 -0.09049217
v -0.15592211 0.11920882 -0.07960948
v -0.16440861 0.10229536 -0.06123132
v -0.17016956 0.09380601 -0.03581555
v -0.09730354 0.25074822 -0.06617425
v -0.12408801 0.02809063 -0.07544328
v -0.11095829 0.18202336 -0.10343481
v -0.09071430 0.26218972 -0.05172039
v -0.03574000 0.21019708 -0.09246710
v -0.14275496 0.09191351 -0.08311077
v -0.12583937 0.17526549 -0.09870435
v -0.11345222 0.24858961 -0.06080902
v -0.11905073 0.21751170 -0.08477692
v -0.06342021 0.24279295 -0.08041264
v -0.16619888 0.07371488 0.01649661
v -0.13263851 0.13000499 -0.09781377
v -0.10819706 0.25869691 -0.04716453
v -0.07436091 0.26786280 -0.05068672
v -0.16631387 0.09221015 -0.04975690
v -0.04442724 0.19950590 -0.09753407
v -0.02185436 0.18975219 -0.09477060
v -0.14281511 0.11800446 -0.08906897
v -0.13150592 0.15189226 -0.09917635
v -0.15477321 0.10338686 -0.07404741
v -0.02822243 -0.53462839 -0.18600535
v -0.02614472 -0.52160817 -0.17605373
v -0.12212425 -0.43432093 -0.11160605
v -0.14786571 -0.29534835 -0.10878250
v -0.20807895 -0.44820943 -0.06159362
v -0.22454962 -0.53714317 0.03110516
v -0.07471466 -0.03715045 -0.08314022
v -0.15378949 0.01187771 -0.00477545
v -0.12350787 0.19672529 -0.09221208
v -0.05419019 0.22138308 -0.09135203
v -0.16458182 0.05076423 0.01363662
v -0.16124973 0.03387672 0.01480565
v -0.16239008 0.04048483 -0.00784577
v -0.02742629 0.17092371 -0.11653266
v -0.15057138 0.07140750 -0.06665213
v -0.11345545 0.14210607 -0.10839560
v -0.10986694 0.16255128 -0.10795675
v -0.08626686 0.17151660 -0.11280786
v -0.06411035 0.14309126 -0.12128819
v -0.08866452 0.14703792 -0.11643741
v -0.06700639 0.16230939 -0.11663462
v -0.07927968 0.12602265 -0.11930626
v -0.10085244 0.12358143 -0.11357960
v -0.04790473 0.16366069 -0.12233552
v -0.08923401 0.10594899 -0.11528671
v -0.12858570 0.10513650 -0.09806217
v -0.04743727 -0.53349650 -0.18193901
v -0.07589029 -0.40544137 -0.10341656
v -0.19136547 -0.27742487 -0.04770821
v -0.07794723 -0.31038862 -0.12535009
v -0.07833885 -0.10036851 -0.08807051
v -0.21159604 -0.38100719 -0.03763705
v -0.23399985 -0.50494391 0.01508509
v -0.22517332 -0.54310238 -0.02968388
v -0.23084602 -0.52209473 -0.02219007
v -0.23207808 -0.51810825 0.00002571
v -0.22969861 -0.50779593 -0.03238887
v -0.22676678 -0.53813237 -0.00500562
v -0.03543073 0.03413893 -0.10453153
v -0.04417372 -0.00081485 -0.09424020
v -0.15303887 -0.01906916 0.00379964
v -0.02006131 0.09816831 -0.11955146
v -0.06175419 0.19726501 -0.10135066
v -0.08702965 0.21909383 -0.09273907
v -0.10204014 0.22660993 -0.08524679
v -0.11080506 0.23680669 -0.07508601
v -0.10404318 0.20491637 -0.09583776
v -0.08387475 0.19748878 -0.10241417
v -0.16597255 0.06143479 -0.00288378
v -0.16322674 0.05830077 -0.02488862
v -0.15439939 0.01771157 0.02624641
v -0.15995346 0.03514309 0.03257052
v -0.14842291 0.02383181 -0.04071979
v -0.15762150 0.02194747 0.00533719
v -0.15637827 0.02626006 -0.01967391
v -0.15214518 -0.00006382 0.01130587
v -0.15545435 0.05472464 -0.04808643
v -0.14894496 0.01143786 -0.02669315
v -0.01597847 0.17248179 -0.09762264
v -0.03640035 0.17747067 -0.10180430
v -0.12013399 0.12084275 -0.10504805
v -0.02529369 -0.49045175 -0.15378761
v -0.01766493 -0.50477904 -0.16435447
v -0.03381664 -0.42364159 -0.11002104
v -0.19911882 -0.51529378 -0.11745837
v -0.17462723 -0.13522147 0.01270508
v -0.06031009 -0.15982096 -0.10195961
v -0.23046020 -0.52051228 0.02514444
v -0.23142286 -0.49379689 0.03499292
v -0.02326507 0.12997152 -0.12464812
v -0.04539207 0.13747996 -0.12410966
v -0.01796721 0.04035772 -0.10655750
v -0.02811184 -0.03677487 -0.08733396
v -0.15108687 -0.02166891 0.03045012
v -0.05381388 0.18473893 -0.11205632
v -0.07296403 0.21080580 -0.09720694
v -0.07302029 0.22703455 -0.08990190
v -0.08358274 0.23977906 -0.08040324
v -0.09478001 0.18431197 -0.10707574
v -0.07138352 0.18419798 -0.10971443
v -0.15085720 -0.00475595 -0.01176268
v -0.14967035 -0.00125589 0.03059942
v -0.06611863 -0.49915075 -0.15527509
v -0.02598700 -0.37941709 -0.09794614
v -0.04347849 -0.45520759 -0.12716228
v -0.10608830 -0.53519738 -0.16755119
v -0.12178068 -0.53322363 -0.15985167
v -0.20017007 -0.23716153 -0.00764749
v -0.19271563 -0.19605921 0.00346046
v -0.02411024 -0.23381568 -0.12797084
v -0.05482835 -0.19904287 -0.11820704
v -0.17858504 -0.14624265 0.02818435
v -0.15910998 -0.08677445 0.01524193
v -0.03568496 -0.15337491 -0.10255367
v -0.20912287 -0.53560960 -0.07589549
v -0.22555354 -0.53031904 -0.04281199
v -0.23349813 -0.46447712 0.01628471
v -0.21596879 -0.38306424 0.01428582
v -0.22418261 -0.38923633 -0.00404169
v -0.20647499 -0.33055151 -0.00302521
v -0.00839935 0.14254077 -0.12677070
v -0.01773456 0.11593870 -0.12242208
v -0.07941960 0.08294366 -0.11324041
v -0.05966153 0.12511997 -0.12139187
v -0.06579898 0.10367972 -0.11851349
v -0.01926157 0.02182920 -0.10095339
v -0.02339065 0.00381652 -0.09536781
v -0.05263155 0.03277096 -0.10342359
v -0.01974547 0.05908386 -0.11117912
v -0.05867549 0.05789905 -0.10949624
v -0.02295353 0.07841722 -0.11547264
v -0.15248135 -0.01426385 0.01839823
v -0.15302765 -0.03809842 0.01712396
v -0.13895871 0.00717171 -0.04634189
v -0.03325808 -0.34023434 -0.10372631
v -0.02879290 -0.40338105 -0.10161881
v -0.13693844 -0.52173567 -0.14378342
v -0.08576214 -0.53334373 -0.17281279
v -0.19812016 -0.53590322 -0.11421549
v -0.17321162 -0.52832472 -0.13686666
v -0.18613660 -0.54163933 -0.13372128
v -0.20928757 -0.29318219 0.01174334
v -0.20535895 -0.23872852 0.01592102
v -0.19366193 -0.19731487 0.02010211
v -0.18411247 -0.16334796 0.01928620
v -0.18803230 -0.17662819 0.01944715
v -0.00273134 -0.23888801 -0.12856179
v -0.01961933 -0.25138208 -0.13110968
v -0.01983853 -0.21669531 -0.12582521
v -0.01647390 -0.29075596 -0.12219907
v -0.16907406 -0.12137790 0.02531539
v -0.16401045 -0.10224667 0.02891935
v -0.15766688 -0.08168622 0.03109602
v -0.16439413 -0.10484087 0.00890861
v -0.01091391 -0.10762598 -0.09539279
v -0.01861966 -0.12607998 -0.09913068
v -0.01353833 -0.09311262 -0.09399799
v -0.01767041 -0.14507557 -0.10201522
v -0.03037467 -0.13588299 -0.10114657
v -0.01717465 -0.16416898 -0.10701834
v -0.21749638 -0.53789669 -0.05846881
v -0.21213296 -0.51884604 -0.06515998
v -0.22070955 -0.51479381 -0.04898677
v -0.20454320 -0.53855938 -0.09477584
v -0.21080706 -0.50131601 -0.08355947
v -0.21350765 -0.48297033 -0.07680943
v -0.23188899 -0.44114667 0.00026216
v -0.21162200 -0.36536857 0.01476691
v -0.21610829 -0.35156202 -0.00183297
v -0.22076546 -0.37225378 -0.00338840
v -0.20646329 -0.36132815 -0.04341206
v -0.21508762 -0.36214468 -0.02290271
v -0.20513657 -0.34290051 -0.03796887
v -0.21054827 -0.34407988 -0.02086399
v -0.18001872 -0.31441525 -0.06675617
v -0.19555141 -0.31615612 -0.03908312
v -0.19891635 -0.33132240 -0.02806051
v -0.22884180 -0.42625195 0.01822942
v -0.22325760 -0.40549415 0.01640193
v -0.23348586 -0.46286568 -0.00652934
v -0.23280114 -0.48783320 -0.02131097
v -0.23486793 -0.48349351 0.01360684
v -0.23469733 -0.49743465 -0.00510216
v -0.23320019 -0.50618297 -0.01690298
v -0.02614719 -0.01506010 -0.09091377
v -0.03881621 0.01443686 -0.09883521
v -0.03722929 0.05111042 -0.10913481
v -0.08053492 0.06229019 -0.10781437
v -0.04070176 0.06959001 -0.11333185
v -0.04456769 0.09194443 -0.11808056
v -0.15168318 -0.04111279 0.03370467
v -0.13649336 0.02141131 -0.05909216
v -0.14712967 0.03781368 -0.05409214
v -0.13575375 0.03541856 -0.06872588
v -0.03519413 -0.50468475 -0.16297445
v -0.04614818 -0.51899797 -0.17135276
v -0.05683824 -0.50897437 -0.16289082
v -0.06516328 -0.52952266 -0.17501770
v -0.07510871 -0.51856130 -0.16552325
v -0.01246115 -0.34443387 -0.10170783
v -0.01692280 -0.36213824 -0.09876789
v -0.04968254 -0.40366045 -0.10366840
v -0.00873164 -0.39405349 -0.09980293
v -0.05086730 -0.43708092 -0.11769964
v -0.01410500 -0.43747249 -0.11663101
v -0.01477960 -0.45455751 -0.12901571
v -0.01834178 -0.47112876 -0.14123474
v -0.02991035 -0.44498360 -0.12132303
v -0.15332828 -0.53437066 -0.14611810
v -0.09580295 -0.51997453 -0.15956633
v -0.09848426 -0.50271034 -0.15000516
v -0.20345178 -0.52254194 -0.10517959
v -0.18406656 -0.50535440 -0.12937634
v -0.19953410 -0.27726752 -0.00117304
v -0.21221982 -0.31006306 0.00067666
v -0.21501310 -0.31536341 0.01655521
v -0.19056144 -0.22502300 -0.01645184
v -0.19220205 -0.21826190 0.01012073
v -0.18234168 -0.24834821 -0.05012544
v -0.19351166 -0.23817757 -0.03208841
v -0.20646562 -0.25468943 0.00476498
v -0.18654430 -0.20055284 -0.02506865
v -0.01783329 -0.27414161 -0.12907384
v -0.03895706 -0.24280511 -0.13037379
v -0.07324270 -0.26671878 -0.13059269
v -0.05497162 -0.25136796 -0.13116595
v -0.07368494 -0.24422288 -0.12803423
v -0.04606808 -0.26553798 -0.13149442
v -0.05055895 -0.23050287 -0.12707126
v -0.03079555 -0.20140924 -0.12069702
v -0.01989807 -0.18459222 -0.11481160
v -0.08184610 -0.22361016 -0.12153761
v -0.01944133 -0.32598749 -0.10832821
v -0.15503946 -0.08659318 -0.00590898
v -0.16764283 -0.12348725 -0.00159972
v -0.02689468 -0.11248375 -0.09817713
v -0.03894523 -0.10190977 -0.09467749
v -0.03637654 -0.08212218 -0.09297300
v -0.05195732 -0.14149605 -0.09938717
v -0.05910219 -0.10881484 -0.09318653
v -0.20753367 -0.52272862 -0.08746184
v -0.20537889 -0.50667924 -0.09834333
v -0.19966620 -0.49683046 -0.11490923
v -0.19231021 -0.48419732 -0.12047239
v -0.23210086 -0.44754168 0.01480497
v -0.19019926 -0.35535988 -0.08088164
v -0.20036215 -0.34553346 -0.05671366
v -0.22979546 -0.42075989 0.00251082
v -0.23500243 -0.47833917 -0.00605184
v -0.22233184 -0.46713683 -0.04138774
v -0.21659374 -0.48099509 -0.05599361
v -0.04095394 -0.02873391 -0.08865530
v -0.06891026 0.04653985 -0.10514444
v -0.15433796 -0.06191813 0.03006931
v -0.08591107 0.01802696 -0.09175394
v -0.10745852 -0.00436690 -0.07539655
v -0.13186745 -0.00910076 -0.05211723
v -0.05085456 -0.48843682 -0.15072490
v -0.03473874 -0.48175019 -0.14636551
v -0.04932946 -0.36960050 -0.09776793
v -0.03289695 -0.35772485 -0.09893625
v -0.01486580 -0.41549000 -0.10576404
v -0.03116252 -0.46341708 -0.13423976
v -0.14148428 -0.50112641 -0.13013794
v -0.16243923 -0.51196074 -0.12995122
v -0.15778399 -0.49613437 -0.12266619
v -0.15904285 -0.47420901 -0.12448072
v -0.14224021 -0.47866231 -0.11772715
v -0.12140647 -0.50192177 -0.13847400
v -0.12506562 -0.48317331 -0.12595518
v -0.18877862 -0.52412921 -0.13068216
v -0.18008065 -0.15097703 0.00820272
v -0.17343089 -0.14305972 -0.00884273
v -0.17633376 -0.16385925 -0.02320740
v -0.02671554 -0.26337448 -0.13201332
v -0.03687871 -0.28388301 -0.12789047
v -0.04187110 -0.21521504 -0.12413863
v -0.16219614 -0.12337806 -0.02121521
v -0.15883832 -0.10527813 -0.01470969
v -0.01654471 -0.07099273 -0.08721297
v -0.03350826 -0.05888518 -0.08646329
v -0.03925171 -0.17165971 -0.10910204
v -0.04096323 -0.18595915 -0.11473048
v -0.05923849 -0.08752805 -0.08675696
v -0.05255856 -0.07054033 -0.08940354
v -0.04630084 -0.12175693 -0.09829354
v -0.06245815 -0.12831633 -0.09736228
v -0.20652944 -0.29490176 -0.01184722
v -0.20679016 -0.31469393 -0.01767806
v -0.18780695 -0.32366270 -0.05378970
v -0.22996883 -0.47195995 -0.02616542
v -0.22217117 -0.49133471 -0.03955358
v -0.21285103 -0.46399036 -0.06003571
v -0.20880863 -0.45800802 -0.07815395
v -0.20504874 -0.47226101 -0.09248729
v -0.20529440 -0.48599455 -0.10068634
v -0.20294359 -0.45095396 -0.09599100
v -0.18159434 -0.44690335 -0.11972519
v -0.19391005 -0.43966016 -0.10617608
v -0.17716019 -0.46367773 -0.12460079
v -0.19555554 -0.46120089 -0.11068645
v -0.06097309 -0.02990299 -0.08713029
v -0.05349603 -0.04595686 -0.08592234
v -0.06956475 -0.05553009 -0.08444259
v -0.05000928 -0.01577532 -0.09047943
v -0.15587536 -0.07261210 0.01115267
v -0.15166304 -0.05761210 0.00837348
v -0.10872017 0.01826005 -0.08151831
v -0.09162042 -0.00134435 -0.08407996
v -0.07220555 0.02668156 -0.09880409
v -0.06056051 0.01412325 -0.09667403
v -0.07320856 -0.01696096 -0.08647132
v -0.09581027 -0.02243964 -0.07715510
v -0.12325459 0.00602422 -0.06560105
v -0.11636809 -0.01913261 -0.06590641
v -0.10926339 -0.03874607 -0.06558834
v -0.12783842 -0.03117629 -0.05101962
v -0.13944341 -0.02686969 -0.03623113
v -0.14384162 -0.00749544 -0.03242424
v -0.07416186 -0.34154159 -0.11041392
v -0.04485849 -0.39008772 -0.09876578
v -0.05741425 -0.41813621 -0.11092860
v -0.15249440 -0.45883572 -0.12257621
v -0.18160646 -0.16292897 -0.00489745
v -0.15524414 -0.16564743 -0.05836948
v -0.07234555 -0.14336354 -0.09678385
v -0.07634182 -0.11995887 -0.09381353
v -0.20081741 -0.29449433 -0.03335519
v -0.18045852 -0.26705194 -0.05632776
v -0.21415995 -0.49892220 -0.05809765
v -0.06772020 -0.00176762 -0.09111613
v -0.08861353 -0.04516186 -0.07714208
v -0.13342761 -0.07889664 -0.04413588
v -0.09134465 -0.37967366 -0.10263799
v -0.07052410 -0.37083116 -0.09975564
v -0.12857002 -0.46023160 -0.11304390
v -0.16704844 -0.16554055 -0.04204679
v -0.18209027 -0.22791307 -0.05143493
v -0.09049800 -0.13293529 -0.09021836
v -0.18565601 -0.28925434 -0.06202177
v -0.17410888 -0.30056202 -0.07338709
v -0.17347063 -0.31040302 -0.08750438
v -0.18486345 -0.32719430 -0.07911958
v -0.17777404 -0.37110963 -0.08995649
v -0.07539535 -0.06688271 -0.08186299
v -0.08476073 -0.08080860 -0.07889022
v -0.14061235 -0.06056596 -0.03196579
v -0.11895440 -0.11611486 -0.06833289
v -0.06608911 -0.32402739 -0.11565039
v -0.07764623 -0.39068747 -0.09924430
v -0.12066112 -0.41283929 -0.10780478
v -0.10729974 -0.36958817 -0.11765277
v -0.09850792 -0.40250838 -0.10185111
v -0.11451815 -0.39111578 -0.10839006
v -0.13728404 -0.40148973 -0.11546519
v -0.08760845 -0.35995862 -0.10849418
v -0.11457661 -0.33453441 -0.12685019
v -0.11174985 -0.35183063 -0.12626828
v -0.06780835 -0.35527143 -0.10244315
v -0.07426122 -0.43203619 -0.11711850
v -0.10546668 -0.42665550 -0.10631557
v -0.17096850 -0.24490805 -0.06663708
v -0.17979920 -0.18373084 -0.03106016
v -0.15797624 -0.18336900 -0.06486497
v -0.16829547 -0.18501736 -0.05262762
v -0.17994106 -0.20575958 -0.04475018
v -0.15350707 -0.32312244 -0.10652433
v -0.20790255 -0.38068366 -0.05918013
v -0.13652608 -0.04358253 -0.03713743
v -0.12365782 -0.04805345 -0.05231399
v -0.13019256 -0.06206224 -0.04662132
v -0.14491433 -0.07822603 -0.02596458
v -0.09600668 -0.09514789 -0.08026890
v -0.11074562 -0.09824193 -0.06780344
v -0.12769645 -0.09868482 -0.05181402
v -0.05158124 -0.34864023 -0.10222498
v -0.12446221 -0.36377576 -0.12466808
v -0.14294836 -0.44166076 -0.11963133
v -0.14055537 -0.42098841 -0.11534671
v -0.15407360 -0.40421239 -0.12400311
v -0.18042268 -0.42756620 -0.11501014
v -0.15978426 -0.42305064 -0.12482669
v -0.17507648 -0.40410271 -0.10675663
v -0.18644316 -0.38898209 -0.09359951
v -0.20504002 -0.43395609 -0.08407199
v -0.20753352 -0.42787468 -0.06963998
v -0.20497856 -0.41264239 -0.08057019
v -0.07059187 -0.44714084 -0.12514900
v -0.10716800 -0.46838292 -0.12520249
v -0.16447255 -0.14433716 -0.03071762
v -0.17177933 -0.25980937 -0.06777182
v -0.17079560 -0.21131641 -0.06055801
v -0.18485063 -0.21820322 -0.03368181
v -0.16962127 -0.32859197 -0.09686972
v -0.16130958 -0.31115276 -0.10134404
v -0.14124121 -0.31253213 -0.11401166
v -0.15677458 -0.34133020 -0.10063274
v -0.13651282 -0.33222303 -0.11188210
v -0.16061106 -0.36104277 -0.10024637
v -0.15427247 -0.37240070 -0.11360994
v -0.14123061 -0.36512509 -0.12011401
v -0.17086877 -0.38513598 -0.10385899
v -0.15955988 -0.39257595 -0.11148785
v -0.17743054 -0.34741065 -0.09184686
v -0.20207581 -0.35843542 -0.06466800
v -0.19541100 -0.37156880 -0.07706268
v -0.11507586 -0.05811347 -0.06263635
v -0.12229340 -0.08053038 -0.05767132
v -0.09673914 -0.11164502 -0.07999961
v -0.10637765 -0.13043255 -0.08100242
v -0.13877916 -0.09692412 -0.03825413
v -0.15055725 -0.11107343 -0.03312165
v -0.14698827 -0.09622479 -0.02585244
v -0.15266256 -0.12800756 -0.04036082
v -0.12655608 -0.34765682 -0.11907992
v -0.14363506 -0.34974089 -0.11098935
v -0.21698038 -0.44805408 -0.04369903
v -0.22734077 -0.45130575 -0.02309239
v -0.21461210 -0.40713498 -0.03333908
v -0.20845509 -0.40736651 -0.05674429
v -0.09569446 -0.34763515 -0.12006934
v -0.08942236 -0.32968789 -0.12243925
v -0.05690992 -0.30664048 -0.12382100
v -0.09068385 -0.44181412 -0.11429352
v -0.10832932 -0.45071647 -0.11224576
v -0.08719327 -0.45588756 -0.12687594
v -0.07274988 -0.46998316 -0.13352591
v -0.05204761 -0.47146130 -0.13775767
v -0.06722676 -0.48461300 -0.14556088
v -0.08959488 -0.47159964 -0.13517851
v -0.08463190 -0.48776659 -0.14509884
v -0.10422555 -0.48612273 -0.13853943
v -0.10074148 -0.31455618 -0.12767513
v -0.12443413 -0.31745026 -0.12178522
v -0.08947132 -0.29634452 -0.12915741
v -0.11133006 -0.29623929 -0.12530053
v -0.12976141 -0.29873487 -0.11866032
v -0.05439819 -0.28977573 -0.12851427
v -0.08546635 -0.28253797 -0.12942740
v -0.12486485 -0.38254422 -0.12173642
v -0.14021425 -0.38745502 -0.12435251
v -0.20231748 -0.39336124 -0.07758602
v -0.09907770 -0.06168442 -0.07355423
v -0.10768838 -0.07920178 -0.07180669
v -0.11943454 -0.13823259 -0.07530249
v -0.13784686 -0.11439639 -0.05015019
v -0.13687328 -0.13137674 -0.05918013
v -0.15223697 -0.14537750 -0.05001194
v -0.21959858 -0.43277583 -0.02719507
v -0.13600369 -0.28533223 -0.11363771
v -0.07080265 -0.29676557 -0.12801297
v -0.13720131 -0.14905255 -0.06728563
v -0.08938381 -0.25286397 -0.12664372
v -0.09526152 -0.26757339 -0.12695846
v -0.12906687 -0.26387691 -0.11244033
v -0.12195182 -0.27721891 -0.11890951
v -0.10837925 -0.25815988 -0.12132484
v -0.14436595 -0.25728619 -0.10007399
v -0.16262674 -0.26883882 -0.08757447
v -0.13023971 -0.24471010 -0.10762975
v -0.15931977 -0.25532264 -0.08424940
v -0.14697249 -0.27458373 -0.10404301
v -0.16056594 -0.29076827 -0.09186333
v -0.17384776 -0.27843127 -0.07670502
v -0.12519801 0.08833288 -0.09666806
v -0.13439605 0.06774642 -0.08344276
v -0.09681137 0.07352443 -0.10670681
v -0.14236483 0.05151289 -0.06881419
v -0.10295767 0.08895003 -0.10819207
v -0.10180274 0.05463858 -0.09936755
v -0.12328019 0.04614565 -0.08450147
v -0.10551989 0.03436736 -0.09011317
v -0.08660191 0.03985086 -0.09934461
v -0.14833450 -0.02662287 -0.01607955
v -0.14330266 -0.04151362 -0.02361580
v -0.15096715 -0.03983454 0.00027256
v -0.03920524 0.11490384 -0.12177444
v -0.19049220 -0.26090005 -0.03456181
v -0.19572678 -0.27945745 -0.02422853
v -0.20047611 -0.25742027 -0.01675307
v -0.07719454 -0.19117430 -0.11192113
v -0.09887778 -0.18291341 -0.10275184
v -0.10043000 -0.16490255 -0.09514081
v -0.08384543 -0.15408756 -0.09576625
v -0.08016202 -0.17146572 -0.10347515
v -0.05918831 -0.17875080 -0.11006539
v -0.14131102 -0.17122935 -0.07456828
v -0.12156656 -0.17539942 -0.08951503
v -0.11388189 -0.19323455 -0.10067958
v -0.14998817 -0.06561777 -0.00919688
v -0.14696789 -0.04842703 -0.01149208
v -0.16813532 -0.22905166 -0.06934765
v -0.04405621 -0.32251021 -0.11380430
v -0.10303999 -0.22165668 -0.11503723
v -0.11920872 -0.20974734 -0.10386125
v -0.09742410 -0.24071662 -0.12200493
v -0.14294460 -0.21483901 -0.08983650
v -0.12863983 -0.22721612 -0.10387509
v -0.14690170 -0.23822884 -0.09300888
v -0.14884184 -0.19705965 -0.07951678
v -0.16065493 -0.19774073 -0.06801593
v -0.15610370 -0.21543048 -0.07852700
v -0.13408577 -0.19538102 -0.09013636
v -0.14167362 -0.18487252 -0.08070912
v -0.09312160 -0.20457564 -0.11262275
v -0.06835593 -0.21034442 -0.12009731
v -0.12069439 -0.15852535 -0.08329321
v -0.10269994 -0.14965180 -0.08921289
v -0.16202907 0.09436902 0.04427470
v 0.16213062 0.08603166 0.06690545
v 0.16660810 0.09627468 0.03693192
v 0.15226294 0.11508596 0.07860529
v 0.04520853 0.06471047 0.16238518
v 0.11688796 0.09224978 0.14104281
v 0.07284485 0.20964098 -0.09729006
v 0.15053657 0.10043141 -0.07403697
v 0.16616994 0.07904809 -0.00067483
v 0.16670655 0.08923870 0.00608178
v 0.14051659 0.11299990 -0.08706737
v 0.16383657 0.06117307 -0.00487512
v -0.07640442 0.25510430 -0.06753543
v -0.16365865 0.07733915 -0.04351534
v -0.15736313 0.03973448 -0.03226231
v -0.16255614 0.09163851 -0.05838315
v -0.16788459 0.07695415 -0.01704362
v -0.17067362 0.08969605 -0.01298134
v -0.16763420 0.08801070 0.01220021
v -0.15779451 0.08613315 -0.06301753
v -0.11614601 0.06918123 -0.09701449
v -0.22793241 -0.44022503 0.03793725
v -0.16337617 -0.51392359 0.21192294
v -0.10565045 0.25415316 -0.00263187
v -0.10764589 -0.51773536 0.21498959
v -0.18918972 -0.43536925 0.17548764
v -0.05539300 -0.45945612 0.17627618
v -0.04475191 -0.48463380 0.19341534
v 0.00954244 -0.40880573 0.14971840
v -0.20337287 -0.23892380 0.05080967
v -0.10179351 -0.01966957 0.11555451
v -0.21126011 -0.36147255 0.09008819
v -0.07992361 -0.18487753 0.15702879
v -0.08853455 -0.10512073 0.14247751
v -0.16720538 -0.27219024 0.12326966
v -0.19081974 -0.34001249 0.14233519
v -0.13921687 -0.12671448 0.10484050
v -0.15845647 -0.18492974 0.10000648
v -0.19780622 -0.36406127 0.13997880
v -0.07522206 -0.27280685 0.13833301
v 0.07917647 -0.52495664 0.23319343
v 0.21394503 -0.43233722 0.15992033
v 0.04889707 -0.42091116 0.16495407
v 0.02251812 -0.20711207 0.17848925
v 0.22497217 -0.40455416 0.11866733
v 0.08184318 -0.17280211 0.15930347
v 0.21604124 -0.39511174 0.14071138
v 0.20254859 -0.30547994 0.09666524
v 0.05595116 0.17854989 -0.10304604
v 0.10832068 0.12270340 -0.10814392
v -0.01119087 0.15734304 -0.12637421
v 0.13103698 0.00088758 -0.04841773
v 0.03767730 0.15470672 -0.12225772
v 0.19363634 -0.25343382 0.01798736
v 0.02108291 -0.43148622 -0.11172132
v 0.08758922 -0.52052677 -0.15787068
v 0.09828578 -0.53299564 -0.16426210
v 0.04726633 -0.43405041 -0.11174947
v -0.00843824 -0.20246372 -0.12186352
v 0.16517992 -0.11749157 -0.00602562
v 0.15550329 -0.06449997 0.02030372
v 0.07924373 -0.27754444 -0.13073459
v 0.20908569 -0.45869368 -0.08887421
v 0.12790638 -0.44450957 -0.12262600
v 0.17881155 -0.41377750 -0.11264189
v 0.04155605 -0.30554384 -0.12238445
v 0.11881776 -0.12151127 -0.07218869
v 0.10921489 -0.14423604 -0.08486394
v 0.08111410 -0.15253785 -0.09713611
v 0.10239443 -0.30634597 -0.12549350
v 0.12102861 -0.31517440 -0.11477491
v 0.09099712 -0.25955886 -0.12595543
v 0.10928123 -0.25690532 -0.11854310
v 0.20011835 -0.29733571 -0.02541934
v -0.20124650 -0.27403426 0.01691889
v -0.11316161 0.10454044 -0.10676567
v -0.22789565 -0.53144985 0.01428462
v -0.03013973 0.15026993 -0.11968935
v -0.11461686 -0.51954955 -0.15184300
v -0.13477780 -0.54037732 -0.15961656
v -0.19163254 -0.20373107 -0.00954282
v -0.18496889 -0.17995237 -0.01200737
v -0.16609854 -0.44470900 -0.12452732
v -0.19243677 -0.33968693 -0.07402599
v -0.19207314 -0.41125154 -0.09234783
v -0.21028835 -0.43243462 -0.04666479
v -0.22808880 -0.42751786 -0.01050637
v -0.08054407 -0.50090444 -0.15425156
v -0.10327977 -0.27890566 -0.12613086
v -0.11732826 -0.24139953 -0.11386650
v -0.21687585 -0.53684545 0.10984521
v -0.03141613 -0.33006662 0.16331461
v -0.09388458 -0.46596023 0.18874948
v -0.03999010 -0.41348666 0.16009390
v -0.12834096 -0.05107002 0.09024166
v -0.13656139 0.01583576 0.08449008
v -0.13063999 -0.07392997 0.09684438
v -0.21611851 -0.48338598 0.10883557
v -0.09705079 -0.11529950 0.13902253
v -0.12608595 0.05714306 0.13624723
v -0.19464441 -0.27398765 0.09617733
v -0.05709871 -0.27641243 0.14117219
v 0.02801264 -0.53125632 0.24745253
v 0.19645530 -0.52442992 0.19880123
v 0.22638597 -0.43203613 0.04197282
v 0.08907842 -0.39770073 0.16750666
v 0.22774792 -0.44528371 0.13176852
v 0.02472938 -0.28086221 0.16455320
v 0.15647167 -0.39773297 0.17265156
v 0.03590258 0.12717938 -0.12447401
v 0.02054890 0.16929539 -0.11706126
v 0.05062805 -0.09254246 -0.08767138
v 0.19897023 -0.50440371 -0.10772413
v 0.14975163 -0.51914394 -0.15142775
v 0.06032209 -0.10995343 -0.08859950
v 0.21628480 -0.43390951 -0.06222239
v 0.18914205 -0.30085123 -0.05291931
v 0.19510907 -0.36690840 -0.08037247
v 0.18132204 -0.37905654 -0.08499064
v 0.19635490 -0.31573454 -0.04613926
v 0.12446136 -0.23078713 -0.10717444
v 0.11594444 -0.23573178 -0.11283986
v -0.16802953 0.07868475 0.00090463
v -0.16436189 0.05670640 0.02794554
v -0.21956302 -0.38781959 -0.02086072
v -0.06261934 0.08011845 -0.11441693
v -0.20795912 -0.33857381 0.01863250
v -0.22703207 -0.40619138 -0.00339541
v -0.22211774 -0.40622219 -0.02130808
v -0.06095072 -0.39102194 -0.09888387
v -0.15596727 -0.23284872 -0.08338373
v -0.02412435 -0.31140661 -0.11520013
v -0.05443923 -0.33581495 -0.10747164
v -0.19082980 -0.29989317 -0.05365654
v -0.17373939 -0.48537278 -0.12718751
v -0.08208387 -0.42050606 -0.11018477
v -0.19166961 -0.42210183 -0.10227036
v -0.03822802 -0.30189377 -0.12274209
v -0.06683185 -0.27977890 -0.13053863
v 0.08492650 -0.31798169 -0.13224708
f 26 27 142
f 29 105 28
f 142 27 28
f 142 25 26
f 38 39 129
f 164 134 163
f 135 164 23
f 126 35 36
f 44 45 116
f 191 21 22
f 36 37 125
f 19 238 239
f 210 211 255
f 40 120 39
f 30 2372 105
f 19 239 18
f 2372 113 106
f 105 29 30
f 111 104 154
f 353 18 239
f 34 35 122
f 589 91 586
f 81 82 83
f 585 587 112
f 288 192 286
f 75 103 199
f 294 269 17
f 93 94 204
f 10 533 229
f 277 11 12
f 587 145 112
f 15 267 14
f 49 169 736
f 87 118 2305
f 5 231 4
f 81 83 111
f 189 2 2405
f 1862 163 22
f 31 32 113
f 189 188 2
f 231 284 4
f 150 166 105
f 96 160 95
f 206 209 208
f 172 91 92
f 123 118 88
f 109 44 116
f 2305 108 86
f 111 154 114
f 84 104 83
f 79 80 114
f 117 174 113
f 584 127 588
f 75 76 103
f 91 172 586
f 235 161 190
f 155 120 40
f 125 37 38
f 582 128 153
f 118 123 124
f 43 44 109
f 124 123 127
f 121 109 128
f 123 89 127
f 45 46 110
f 58 220 219
f 110 100 116
f 46 139 110
f 177 178 99
f 151 33 34
f 585 78 583
f 47 101 46
f 117 33 151
f 196 50 51
f 33 117 32
f 242 55 300
f 119 155 41
f 42 121 119
f 221 218 220
f 122 175 151
f 53 194 240
f 110 116 45
f 240 2310 816
f 114 584 583
f 127 89 90
f 86 108 85
f 139 46 101
f 41 42 119
f 118 124 154
f 74 75 198
f 199 750 198
f 112 77 78
f 79 583 78
f 108 104 84
f 109 121 43
f 104 111 83
f 2305 86 87
f 118 87 88
f 81 111 80
f 117 113 32
f 123 88 89
f 108 84 85
f 114 583 79
f 119 121 128
f 126 122 35
f 588 586 587
f 66 67 230
f 121 42 43
f 114 154 124
f 30 31 2372
f 104 108 2305
f 118 154 2305
f 750 140 73
f 100 177 181
f 71 252 70
f 111 114 80
f 461 136 352
f 280 230 278
f 223 852 270
f 125 126 36
f 155 40 41
f 175 122 126
f 129 125 38
f 405 183 404
f 130 129 120
f 115 130 405
f 120 2306 130
f 115 212 2304
f 322 318 319
f 227 532 410
f 230 342 65
f 161 189 190
f 135 165 164
f 245 52 921
f 698 169 48
f 100 110 139
f 100 139 138
f 138 139 48
f 148 143 145
f 171 72 73
f 147 246 102
f 205 92 93
f 148 144 143
f 166 142 105
f 135 25 142
f 23 24 135
f 145 143 77
f 145 149 148
f 144 103 143
f 143 76 77
f 103 102 199
f 112 145 77
f 144 147 102
f 146 173 304
f 149 145 587
f 149 146 148
f 586 149 587
f 144 148 304
f 166 150 97
f 237 150 106
f 113 2372 31
f 460 2307 107
f 151 175 176
f 151 34 122
f 109 152 128
f 128 152 153
f 109 116 181
f 153 152 99
f 99 152 177
f 152 109 181
f 99 178 2309
f 589 127 90
f 2306 120 155
f 419 411 420
f 270 271 328
f 363 496 534
f 282 395 446
f 345 235 285
f 208 141 206
f 188 233 160
f 21 191 2303
f 164 163 1862
f 163 134 192
f 23 164 1862
f 166 165 135
f 346 165 97
f 134 164 165
f 165 166 97
f 142 166 135
f 350 238 351
f 416 415 411
f 261 215 216
f 215 261 2308
f 298 299 2373
f 301 433 2373
f 214 179 2309
f 2309 178 213
f 137 177 138
f 48 169 138
f 72 71 864
f 253 201 251
f 203 95 483
f 172 92 205
f 146 205 173
f 172 205 146
f 205 204 173
f 249 173 206
f 106 113 174
f 150 2372 106
f 151 174 117
f 176 254 174
f 175 210 176
f 311 310 210
f 169 137 138
f 178 177 137
f 256 261 216
f 178 137 213
f 2309 179 180
f 214 2309 213
f 49 213 137
f 185 2374 182
f 183 582 184
f 152 181 177
f 180 184 153
f 582 153 184
f 115 405 457
f 184 180 185
f 182 183 184
f 2308 261 314
f 184 185 182
f 314 2374 185
f 318 320 277
f 353 239 293
f 411 415 431
f 370 273 334
f 7 8 228
f 282 446 2377
f 435 591 434
f 533 11 277
f 278 67 68
f 281 342 230
f 308 307 302
f 342 281 374
f 133 233 235
f 483 95 160
f 1 2 2282
f 188 161 233
f 483 484 450
f 209 204 203
f 190 189 234
f 188 189 161
f 284 190 234
f 193 162 236
f 163 191 22
f 346 237 2379
f 238 20 351
f 293 239 350
f 265 57 218
f 197 51 52
f 921 2310 245
f 197 52 168
f 168 52 245
f 196 213 50
f 199 198 75
f 144 102 103
f 140 199 102
f 249 304 173
f 403 356 306
f 70 305 69
f 140 171 73
f 202 72 171
f 171 247 251
f 252 202 201
f 203 204 94
f 95 203 94
f 173 204 206
f 205 93 204
f 208 209 207
f 483 160 484
f 307 309 302
f 204 209 206
f 483 209 203
f 349 254 310
f 286 192 134
f 254 176 310
f 151 176 174
f 211 126 212
f 255 107 311
f 211 175 126
f 211 312 255
f 357 212 115
f 125 2304 126
f 312 211 212
f 50 213 49
f 214 213 196
f 214 196 215
f 215 197 168
f 297 259 258
f 258 259 257
f 216 215 168
f 217 168 245
f 217 194 258
f 257 464 256
f 168 217 2375
f 185 180 179
f 153 99 180
f 2309 180 99
f 100 138 177
f 116 100 181
f 185 179 2308
f 262 58 59
f 263 59 60
f 243 355 242
f 262 220 58
f 262 361 468
f 57 219 218
f 218 219 220
f 508 517 506
f 266 355 243
f 409 221 220
f 368 15 16
f 186 2311 267
f 271 955 62
f 273 62 63
f 329 272 328
f 224 333 61
f 263 361 262
f 592 226 6
f 592 6 225
f 7 225 6
f 226 337 283
f 282 231 232
f 6 226 274
f 228 8 187
f 187 8 227
f 187 276 228
f 228 225 7
f 229 9 1885
f 227 8 9
f 10 11 533
f 227 229 532
f 9 229 227
f 230 67 278
f 279 68 69
f 281 280 159
f 369 335 342
f 232 231 5
f 454 399 480
f 160 96 188
f 235 233 161
f 484 233 133
f 189 3 234
f 285 190 284
f 235 190 285
f 193 236 20
f 191 192 193
f 163 192 191
f 150 237 97
f 237 106 348
f 239 238 350
f 236 351 20
f 293 350 167
f 294 18 353
f 326 269 325
f 245 240 217
f 295 53 241
f 299 54 55
f 241 195 295
f 241 54 299
f 299 242 2373
f 57 265 56
f 221 244 266
f 196 51 197
f 240 245 2310
f 304 250 147
f 246 200 247
f 102 246 140
f 170 247 200
f 171 251 202
f 140 247 171
f 246 247 140
f 200 248 170
f 200 246 147
f 309 141 208
f 248 200 250
f 304 147 144
f 250 249 141
f 247 170 251
f 253 251 170
f 141 249 206
f 202 252 71
f 356 252 201
f 356 305 252
f 338 339 279
f 201 202 251
f 254 106 174
f 106 254 348
f 211 210 175
f 257 256 2375
f 2375 256 216
f 464 260 256
f 258 257 2375
f 464 257 359
f 297 258 194
f 260 98 314
f 179 214 2308
f 263 262 59
f 264 263 60
f 361 263 264
f 60 333 264
f 315 361 264
f 316 361 317
f 266 265 218
f 300 56 243
f 221 266 218
f 266 244 355
f 13 14 2311
f 319 186 323
f 368 267 15
f 268 222 16
f 268 17 269
f 16 222 368
f 222 268 269
f 271 270 955
f 223 270 328
f 273 271 62
f 330 332 377
f 329 328 271
f 329 331 272
f 334 63 64
f 64 65 335
f 369 336 370
f 275 226 283
f 226 275 274
f 5 275 232
f 337 226 592
f 276 434 228
f 227 410 187
f 499 187 410
f 410 470 499
f 568 131 2380
f 187 499 276
f 435 434 2318
f 277 531 533
f 279 278 68
f 305 279 69
f 338 279 305
f 339 280 278
f 371 340 159
f 230 65 66
f 335 65 342
f 373 281 159
f 281 373 374
f 283 282 232
f 283 343 282
f 231 282 2377
f 283 232 275
f 392 395 343
f 4 284 234
f 284 2377 285
f 446 344 399
f 134 165 346
f 346 97 237
f 134 346 286
f 288 347 287
f 347 286 2379
f 288 287 292
f 351 290 289
f 162 292 290
f 292 162 288
f 192 288 162
f 292 291 290
f 291 352 289
f 291 289 290
f 167 289 352
f 417 293 2313
f 269 294 325
f 194 53 295
f 298 296 195
f 354 474 512
f 297 194 295
f 298 433 296
f 299 298 195
f 242 299 55
f 265 243 56
f 242 300 243
f 425 354 296
f 309 208 303
f 450 485 453
f 208 207 303
f 250 141 248
f 250 304 249
f 252 305 70
f 201 253 306
f 308 403 306
f 307 306 253
f 306 307 308
f 302 309 303
f 447 302 303
f 403 308 481
f 248 309 307
f 309 248 141
f 170 248 307
f 310 176 210
f 311 107 578
f 310 311 563
f 255 311 210
f 512 259 354
f 256 260 261
f 2308 314 185
f 260 314 261
f 315 391 317
f 264 333 360
f 361 315 317
f 318 277 12
f 318 322 320
f 12 13 318
f 2311 318 13
f 267 2311 14
f 318 2311 319
f 366 545 323
f 502 321 364
f 321 320 322
f 364 321 322
f 321 157 365
f 323 322 319
f 324 323 186
f 186 267 367
f 2313 412 417
f 269 326 222
f 411 327 326
f 590 328 272
f 273 329 271
f 330 329 273
f 330 370 332
f 377 375 376
f 378 379 331
f 330 331 329
f 377 332 375
f 360 224 593
f 333 224 360
f 335 334 64
f 374 398 336
f 273 370 330
f 338 305 356
f 339 338 371
f 278 279 339
f 230 280 281
f 481 372 403
f 302 482 308
f 341 397 398
f 282 343 395
f 340 441 439
f 284 231 2377
f 401 2377 446
f 441 442 455
f 456 451 345
f 286 346 2379
f 402 348 349
f 348 254 349
f 563 349 310
f 289 167 350
f 290 351 236
f 350 351 289
f 519 520 575
f 414 352 136
f 414 167 352
f 353 293 417
f 294 353 325
f 195 297 295
f 297 296 354
f 242 355 2373
f 266 243 265
f 503 355 244
f 2373 355 301
f 306 356 201
f 338 356 403
f 400 449 447
f 481 442 372
f 357 312 212
f 98 260 462
f 255 312 406
f 466 464 465
f 465 359 530
f 259 359 257
f 360 388 315
f 264 360 315
f 316 409 468
f 384 385 382
f 388 391 315
f 323 364 322
f 366 430 545
f 368 367 267
f 327 368 222
f 367 324 186
f 367 327 419
f 368 327 367
f 326 327 222
f 424 418 2316
f 334 335 369
f 369 370 334
f 332 370 336
f 371 159 280
f 439 159 340
f 339 371 280
f 403 372 371
f 340 371 372
f 439 373 159
f 374 373 341
f 398 374 341
f 342 374 369
f 373 439 341
f 375 445 376
f 336 375 332
f 478 568 386
f 379 380 158
f 331 377 378
f 379 378 380
f 388 360 593
f 590 272 158
f 379 272 331
f 382 158 384
f 384 158 380
f 388 387 391
f 380 381 384
f 542 499 470
f 387 385 2314
f 394 393 438
f 593 158 382
f 378 383 2315
f 438 376 445
f 477 492 436
f 382 385 387
f 131 568 541
f 568 2380 386
f 437 386 383
f 2315 383 386
f 378 377 383
f 377 376 383
f 2380 2315 386
f 378 2315 380
f 2314 385 436
f 382 387 388
f 436 385 477
f 2314 391 387
f 317 391 390
f 2376 479 392
f 395 2312 344
f 2376 392 343
f 337 2376 283
f 394 445 396
f 393 437 438
f 2312 392 394
f 393 394 392
f 396 2312 394
f 344 2312 132
f 446 395 344
f 132 2312 396
f 398 396 445
f 396 398 397
f 443 444 132
f 447 303 448
f 345 285 401
f 2381 453 451
f 448 450 453
f 235 345 133
f 133 345 451
f 286 347 288
f 402 347 2379
f 348 2379 237
f 359 259 512
f 354 259 297
f 549 508 507
f 338 403 371
f 2306 405 130
f 358 407 457
f 182 404 183
f 183 405 2306
f 457 405 404
f 406 107 255
f 107 406 460
f 312 407 406
f 407 358 489
f 357 407 312
f 313 467 528
f 2374 490 488
f 464 359 465
f 363 534 156
f 363 156 316
f 537 409 156
f 468 409 220
f 156 409 316
f 321 365 320
f 320 365 531
f 531 277 320
f 470 410 469
f 323 324 366
f 167 414 2313
f 2313 414 413
f 412 2313 413
f 428 412 413
f 416 412 415
f 416 411 326
f 415 412 428
f 325 416 326
f 419 420 2382
f 411 419 327
f 367 419 324
f 420 424 421
f 427 426 431
f 433 301 504
f 476 2320 518
f 432 429 426
f 546 418 509
f 421 430 366
f 425 422 474
f 431 415 427
f 476 413 414
f 415 428 427
f 555 557 516
f 430 421 2316
f 548 473 430
f 565 538 566
f 355 503 301
f 507 506 505
f 513 474 517
f 518 413 476
f 426 418 424
f 510 554 509
f 431 426 424
f 558 432 423
f 429 418 426
f 433 425 296
f 425 433 511
f 374 336 369
f 375 336 398
f 479 478 437
f 479 437 393
f 2318 434 276
f 568 435 541
f 478 435 568
f 436 492 493
f 2314 436 389
f 438 437 383
f 376 438 383
f 394 438 445
f 443 439 441
f 442 441 340
f 456 399 454
f 340 372 442
f 441 440 443
f 308 482 481
f 455 442 486
f 443 440 444
f 440 452 454
f 132 397 443
f 341 443 397
f 454 444 440
f 132 444 480
f 398 445 375
f 401 446 399
f 448 303 207
f 400 486 449
f 448 207 450
f 400 447 448
f 447 449 482
f 450 207 483
f 450 484 485
f 452 2381 456
f 133 451 485
f 456 454 452
f 453 400 448
f 455 452 440
f 2381 452 486
f 485 451 453
f 400 453 2381
f 454 480 444
f 441 455 440
f 486 442 449
f 345 401 456
f 457 357 115
f 357 457 407
f 488 457 404
f 182 488 404
f 523 458 313
f 526 291 487
f 573 461 526
f 459 579 2307
f 581 576 577
f 291 461 352
f 98 408 490
f 462 260 464
f 408 98 462
f 408 463 490
f 457 488 358
f 458 489 313
f 408 466 467
f 462 464 466
f 466 465 529
f 462 466 408
f 408 467 463
f 262 468 220
f 316 468 361
f 469 365 2319
f 472 470 2319
f 531 365 469
f 469 2319 470
f 276 499 2318
f 477 131 498
f 472 542 470
f 471 492 498
f 544 493 494
f 472 471 542
f 501 430 473
f 502 545 501
f 156 534 536
f 474 422 517
f 524 528 525
f 425 474 354
f 461 573 559
f 136 476 414
f 559 2320 476
f 131 477 381
f 437 478 386
f 392 479 393
f 478 591 435
f 443 341 439
f 399 344 480
f 132 480 344
f 449 442 481
f 447 482 302
f 481 482 449
f 209 483 207
f 233 484 160
f 484 133 485
f 2381 486 400
f 455 486 452
f 2374 488 182
f 490 2374 98
f 292 487 291
f 347 402 562
f 287 487 292
f 576 526 487
f 358 488 490
f 467 313 463
f 523 528 524
f 406 407 489
f 463 489 358
f 490 463 358
f 529 465 491
f 530 512 513
f 557 525 529
f 469 532 531
f 531 532 533
f 498 492 477
f 492 471 494
f 472 495 494
f 493 492 494
f 472 494 471
f 495 157 543
f 493 362 389
f 497 389 362
f 389 436 493
f 362 564 496
f 389 497 390
f 496 363 497
f 363 390 497
f 542 498 541
f 541 2318 542
f 501 545 430
f 502 501 500
f 569 538 565
f 544 494 495
f 500 543 502
f 321 502 157
f 364 323 545
f 503 567 504
f 244 221 2383
f 505 504 567
f 433 504 511
f 503 504 301
f 507 508 506
f 422 425 511
f 505 506 511
f 549 510 508
f 549 507 550
f 418 429 509
f 515 594 522
f 522 429 558
f 511 504 505
f 511 506 422
f 359 512 530
f 513 512 474
f 514 513 475
f 513 516 530
f 514 515 571
f 555 516 514
f 594 510 522
f 491 530 516
f 514 516 513
f 513 517 475
f 506 517 422
f 517 508 475
f 2317 427 518
f 574 573 580
f 427 428 518
f 413 518 428
f 520 2317 2320
f 518 2320 2317
f 570 556 572
f 520 423 2317
f 520 519 423
f 519 521 423
f 429 432 558
f 571 555 514
f 521 558 423
f 558 515 522
f 556 521 519
f 521 571 558
f 559 574 2320
f 523 459 460
f 524 560 561
f 458 523 460
f 313 528 523
f 570 557 555
f 525 570 560
f 291 526 461
f 581 526 576
f 402 349 527
f 578 577 527
f 529 528 467
f 525 528 529
f 529 467 466
f 529 491 557
f 465 530 491
f 410 532 469
f 229 533 532
f 535 496 564
f 534 496 535
f 552 553 547
f 540 507 505
f 535 551 534
f 362 493 539
f 535 564 565
f 552 547 554
f 2321 536 551
f 534 551 536
f 409 537 221
f 536 2321 537
f 156 536 537
f 2321 2383 537
f 501 538 500
f 473 538 501
f 566 553 565
f 540 505 567
f 544 539 493
f 566 538 473
f 541 498 131
f 471 498 542
f 502 543 157
f 569 543 500
f 500 538 569
f 364 545 502
f 547 566 473
f 418 546 548
f 547 548 546
f 550 507 540
f 510 549 554
f 549 550 552
f 553 551 535
f 565 553 535
f 551 552 550
f 547 553 566
f 552 551 553
f 546 554 547
f 552 554 549
f 546 509 554
f 509 429 522
f 509 522 510
f 555 571 556
f 570 572 560
f 521 556 571
f 556 519 572
f 516 557 491
f 515 558 571
f 561 560 572
f 524 525 560
f 575 561 572
f 523 524 459
f 562 287 347
f 487 562 576
f 287 562 487
f 527 562 402
f 577 562 527
f 577 579 581
f 362 496 497
f 539 564 362
f 539 565 564
f 565 539 569
f 244 567 503
f 2383 567 244
f 537 2383 221
f 2321 540 2383
f 550 540 2321
f 2318 541 435
f 544 495 543
f 544 569 539
f 543 569 544
f 548 547 473
f 557 570 525
f 556 570 555
f 519 575 572
f 581 580 573
f 580 575 574
f 520 574 575
f 559 573 574
f 559 136 461
f 476 136 559
f 580 561 575
f 577 576 562
f 527 563 578
f 578 563 311
f 580 579 459
f 526 581 573
f 577 578 579
f 561 580 459
f 580 581 579
f 582 2306 119
f 585 112 78
f 124 584 114
f 127 584 124
f 583 584 585
f 149 586 172
f 588 587 585
f 584 588 585
f 589 588 127
f 91 589 90
f 588 589 586
f 593 590 158
f 328 590 223
f 225 434 591
f 592 591 2378
f 434 225 228
f 388 593 382
f 594 475 508
f 514 475 515
f 475 594 515
f 510 594 508
f 688 632 631
f 722 623 622
f 49 812 50
f 625 727 728
f 682 689 687
f 1109 669 699
f 240 816 53
f 786 785 772
f 638 2384 101
f 722 683 623
f 637 636 671
f 60 59 2325
f 686 628 2385
f 682 631 630
f 687 677 682
f 684 2385 627
f 736 169 698
f 674 649 648
f 2389 888 57
f 727 624 683
f 2325 59 887
f 59 58 887
f 56 2389 57
f 724 664 787
f 637 2384 638
f 874 878 731
f 744 641 640
f 61 850 852
f 726 727 683
f 62 955 849
f 685 671 636
f 673 667 699
f 676 663 645
f 68 67 855
f 672 700 673
f 1097 738 739
f 667 702 705
f 714 620 619
f 803 909 910
f 644 669 676
f 639 74 661
f 751 749 750
f 674 668 729
f 74 198 661
f 704 654 703
f 639 661 711
f 671 685 660
f 683 752 726
f 730 762 2385
f 642 673 643
f 629 686 689
f 681 680 633
f 668 647 663
f 674 647 668
f 645 663 646
f 644 676 645
f 795 688 677
f 676 729 668
f 730 2385 684
f 708 662 709
f 699 669 643
f 626 625 728
f 1109 1108 675
f 686 629 628
f 684 627 626
f 682 688 631
f 681 688 795
f 624 727 625
f 621 679 723
f 624 623 683
f 607 885 608
f 621 723 622
f 682 677 688
f 716 679 714
f 762 760 687
f 714 618 617
f 715 714 617
f 681 632 688
f 628 627 2385
f 714 619 618
f 682 630 689
f 757 835 795
f 729 676 669
f 723 679 716
f 677 760 757
f 674 729 675
f 620 679 621
f 728 684 626
f 701 702 700
f 658 809 659
f 673 642 672
f 47 638 101
f 733 891 954
f 806 808 805
f 637 671 2384
f 811 809 2283
f 707 655 704
f 632 681 633
f 660 697 671
f 672 642 641
f 674 675 650
f 652 1108 705
f 674 650 649
f 648 647 674
f 714 679 620
f 675 651 650
f 687 689 686
f 705 702 653
f 1091 1041 989
f 676 668 663
f 717 725 724
f 943 873 872
f 633 680 634
f 805 597 596
f 1108 651 675
f 878 925 930
f 744 745 708
f 598 960 952
f 960 987 800
f 644 643 669
f 891 845 847
f 685 636 635
f 665 837 743
f 629 689 630
f 635 634 680
f 911 804 909
f 737 657 656
f 72 815 73
f 1109 699 667
f 817 2386 1048
f 773 1105 774
f 660 693 698
f 697 660 698
f 698 693 736
f 139 101 48
f 2384 671 697
f 48 697 698
f 729 669 1109
f 667 705 1109
f 700 666 701
f 667 700 702
f 673 700 667
f 666 700 672
f 709 706 701
f 704 655 654
f 701 666 709
f 703 702 701
f 653 702 703
f 703 701 704
f 653 703 654
f 706 704 701
f 704 706 707
f 652 705 653
f 706 709 662
f 656 655 707
f 748 858 747
f 707 706 713
f 745 744 640
f 662 713 706
f 712 813 710
f 863 859 861
f 744 666 672
f 709 666 708
f 711 640 639
f 749 711 661
f 708 747 662
f 198 750 661
f 751 750 73
f 694 746 749
f 1092 735 1093
f 858 713 662
f 738 713 712
f 715 617 616
f 716 714 715
f 615 715 616
f 720 725 717
f 719 723 718
f 752 670 726
f 719 718 717
f 720 718 753
f 719 717 670
f 717 724 670
f 787 781 724
f 721 715 615
f 755 740 754
f 723 722 622
f 722 719 752
f 723 716 718
f 722 723 719
f 696 725 720
f 664 724 725
f 718 720 717
f 754 696 720
f 727 726 678
f 728 727 678
f 675 729 1109
f 681 834 680
f 680 834 665
f 684 728 869
f 840 605 838
f 1011 1010 973
f 55 890 300
f 601 847 602
f 854 805 808
f 1068 989 1090
f 804 64 63
f 1068 1065 1066
f 857 793 833
f 736 693 867
f 712 739 738
f 809 658 2285
f 738 707 713
f 739 712 710
f 707 738 737
f 739 710 997
f 739 997 1094
f 202 71 72
f 70 865 71
f 922 816 2310
f 695 968 923
f 610 609 819
f 880 886 606
f 753 716 715
f 743 742 660
f 693 660 742
f 743 660 685
f 867 693 823
f 665 743 2322
f 742 743 826
f 666 744 708
f 641 744 672
f 745 640 711
f 746 745 711
f 708 745 747
f 749 746 711
f 747 746 748
f 745 746 747
f 748 746 694
f 859 813 748
f 748 813 858
f 749 751 694
f 859 748 694
f 661 750 749
f 815 751 73
f 820 751 815
f 722 752 683
f 670 752 719
f 716 753 718
f 721 753 715
f 615 614 755
f 755 721 615
f 755 754 721
f 613 755 614
f 1047 740 817
f 696 754 740
f 728 678 869
f 757 795 677
f 756 761 760
f 766 759 761
f 759 757 761
f 765 768 758
f 836 757 759
f 769 770 772
f 776 758 769
f 759 765 758
f 769 758 768
f 776 836 758
f 677 687 760
f 762 687 686
f 760 761 757
f 763 821 756
f 756 760 762
f 730 763 762
f 756 762 763
f 822 764 767
f 767 766 822
f 783 765 766
f 759 766 765
f 783 766 767
f 774 768 783
f 774 1105 771
f 770 769 768
f 771 784 770
f 776 775 777
f 771 768 774
f 770 784 779
f 782 767 764
f 771 1107 784
f 770 768 771
f 785 769 772
f 825 775 790
f 777 825 824
f 785 790 775
f 777 775 825
f 782 773 767
f 773 774 783
f 775 776 769
f 793 857 790
f 824 825 823
f 776 777 871
f 837 665 796
f 779 792 786
f 779 2387 830
f 764 822 916
f 787 788 781
f 782 866 780
f 670 724 791
f 764 916 866
f 724 781 791
f 773 783 767
f 779 784 2387
f 785 775 769
f 1004 725 696
f 791 781 789
f 772 779 786
f 794 790 785
f 829 792 870
f 785 786 794
f 790 794 793
f 867 823 857
f 1049 2388 664
f 730 868 763
f 791 726 670
f 790 857 825
f 917 789 781
f 726 791 678
f 786 2324 794
f 792 830 870
f 830 831 870
f 52 51 832
f 794 2324 828
f 833 51 50
f 871 835 836
f 796 665 834
f 778 837 796
f 835 796 834
f 796 871 778
f 841 840 797
f 901 733 976
f 1111 877 884
f 932 887 888
f 941 829 870
f 901 845 891
f 848 847 903
f 270 983 955
f 61 333 850
f 962 800 987
f 990 803 910
f 856 802 855
f 805 807 806
f 807 2283 806
f 801 988 1066
f 853 854 801
f 807 805 596
f 596 1284 807
f 811 807 1284
f 810 2285 658
f 2283 809 735
f 1094 1097 739
f 809 2285 735
f 1071 2283 735
f 811 2283 807
f 1284 595 2284
f 811 1284 2284
f 657 810 658
f 809 811 659
f 857 833 812
f 736 812 49
f 707 737 656
f 737 1097 810
f 657 737 810
f 712 858 813
f 710 813 863
f 863 860 996
f 815 72 864
f 865 908 991
f 861 859 820
f 817 740 613
f 755 613 740
f 1489 612 2386
f 1003 1047 1048
f 819 966 1002
f 914 1002 966
f 912 609 608
f 915 819 1002
f 763 868 920
f 822 756 821
f 822 821 916
f 778 777 824
f 826 778 824
f 824 742 826
f 824 823 742
f 823 825 857
f 868 869 827
f 917 827 789
f 921 832 828
f 922 828 2324
f 792 829 2324
f 779 830 792
f 830 695 831
f 832 51 833
f 833 793 832
f 828 832 793
f 794 828 793
f 52 832 921
f 795 834 681
f 795 835 834
f 757 836 835
f 836 759 758
f 777 778 871
f 837 778 826
f 743 837 826
f 797 840 838
f 872 605 1443
f 1110 885 886
f 873 874 838
f 872 838 605
f 876 841 797
f 877 876 924
f 839 841 876
f 892 604 846
f 872 873 838
f 888 58 219
f 889 56 300
f 889 974 971
f 241 940 54
f 603 844 900
f 602 845 844
f 604 892 893
f 900 844 845
f 604 603 846
f 903 601 600
f 905 600 599
f 891 847 848
f 847 845 602
f 903 847 601
f 848 903 953
f 983 956 955
f 1130 849 1131
f 851 852 850
f 906 907 850
f 1112 984 851
f 852 851 983
f 853 801 987
f 854 853 597
f 855 802 2286
f 856 67 66
f 860 993 995
f 65 64 911
f 856 66 803
f 803 66 911
f 66 65 911
f 804 63 1130
f 812 833 50
f 857 812 867
f 713 858 712
f 747 858 662
f 820 859 694
f 861 862 992
f 862 864 865
f 862 861 820
f 863 861 860
f 815 862 820
f 862 865 992
f 860 995 996
f 859 863 813
f 997 710 996
f 1095 1094 814
f 865 864 71
f 815 864 862
f 908 70 69
f 992 865 991
f 915 612 611
f 2386 612 818
f 912 819 609
f 915 610 819
f 885 912 608
f 912 1114 966
f 818 612 915
f 917 918 920
f 780 2323 1132
f 764 866 782
f 780 866 2323
f 919 2323 866
f 736 867 812
f 742 823 693
f 869 868 730
f 868 827 920
f 869 730 684
f 827 678 789
f 869 678 827
f 835 871 796
f 776 871 836
f 943 894 873
f 894 943 896
f 874 873 875
f 838 874 797
f 874 731 924
f 875 873 894
f 924 731 877
f 797 874 924
f 874 875 878
f 884 970 1055
f 883 881 882
f 924 876 797
f 882 876 877
f 926 945 929
f 879 875 894
f 877 731 884
f 878 875 879
f 970 878 930
f 895 899 894
f 925 879 926
f 899 879 894
f 881 880 839
f 885 607 886
f 839 880 841
f 882 881 839
f 1110 881 883
f 882 839 876
f 883 1111 2329
f 1111 883 882
f 1161 1159 1172
f 884 1055 1111
f 607 606 886
f 881 886 880
f 888 887 58
f 798 887 932
f 2325 887 798
f 889 2389 56
f 890 889 300
f 937 55 54
f 241 53 940
f 937 54 843
f 829 816 922
f 843 54 940
f 891 733 901
f 897 900 901
f 929 925 926
f 895 894 896
f 896 892 846
f 893 943 872
f 893 892 943
f 976 978 944
f 898 897 944
f 895 897 898
f 897 896 846
f 895 896 897
f 846 900 897
f 898 978 979
f 898 951 895
f 951 899 895
f 603 900 846
f 901 900 845
f 901 976 944
f 1057 933 1056
f 951 898 979
f 926 946 945
f 946 902 945
f 905 903 600
f 599 952 905
f 952 800 904
f 598 952 599
f 905 953 903
f 953 905 904
f 982 906 2325
f 972 973 1010
f 1112 907 1014
f 986 957 958
f 956 957 959
f 987 961 853
f 801 962 987
f 805 854 597
f 988 854 808
f 1000 856 990
f 855 67 856
f 964 2286 802
f 865 70 908
f 855 2286 69
f 908 69 2286
f 996 710 863
f 911 909 803
f 999 990 910
f 804 911 64
f 959 1040 1131
f 912 913 1114
f 885 913 912
f 912 966 819
f 1046 967 1080
f 967 741 818
f 611 610 915
f 918 916 821
f 866 916 919
f 781 788 917
f 916 918 919
f 920 918 821
f 918 917 919
f 920 821 763
f 922 921 828
f 829 922 2324
f 941 816 829
f 968 695 1005
f 878 879 925
f 899 926 879
f 929 930 925
f 929 945 948
f 929 927 930
f 878 970 731
f 928 970 930
f 798 932 931
f 935 931 1006
f 935 934 931
f 2389 932 888
f 931 932 1006
f 1006 2389 971
f 935 1006 936
f 1119 1127 1118
f 935 933 1123
f 933 935 936
f 933 1057 1123
f 798 972 982
f 798 931 934
f 973 934 1122
f 1007 974 1008
f 938 937 799
f 938 799 939
f 937 938 890
f 1018 939 799
f 890 55 937
f 816 940 53
f 1051 941 831
f 891 848 954
f 892 896 943
f 898 944 978
f 901 944 897
f 949 945 902
f 899 946 926
f 979 902 946
f 1024 902 981
f 929 948 927
f 980 981 979
f 950 945 949
f 948 945 1023
f 947 950 949
f 1023 945 950
f 979 946 951
f 946 899 951
f 800 952 960
f 905 952 904
f 1062 986 1059
f 1026 953 904
f 954 848 1028
f 733 942 976
f 953 1028 848
f 906 982 842
f 907 906 842
f 906 850 333
f 1112 850 907
f 1112 851 850
f 956 851 984
f 955 959 849
f 959 955 956
f 956 984 957
f 959 957 1040
f 957 984 958
f 1031 1100 1038
f 1040 957 986
f 961 960 598
f 960 961 987
f 963 802 1000
f 1000 802 856
f 965 963 1000
f 802 963 964
f 1042 994 995
f 1040 734 1085
f 967 1002 914
f 914 1081 1080
f 741 967 1046
f 695 923 831
f 843 799 937
f 1018 799 969
f 927 690 1053
f 928 930 927
f 1126 1053 690
f 970 928 1055
f 731 970 884
f 57 888 219
f 936 1006 971
f 973 972 934
f 1011 973 1128
f 889 971 2389
f 1007 971 974
f 890 974 889
f 938 974 890
f 1008 938 939
f 1008 1115 732
f 976 942 977
f 1060 733 954
f 1059 985 1017
f 980 977 1016
f 977 978 976
f 1116 950 1009
f 927 948 690
f 1127 948 1023
f 947 949 1024
f 979 978 980
f 978 977 980
f 1058 980 1016
f 902 979 981
f 800 1025 904
f 1027 1026 1030
f 1031 1029 1100
f 982 2325 798
f 982 972 842
f 852 983 270
f 983 851 956
f 1015 984 1112
f 962 801 1066
f 989 988 808
f 854 988 801
f 808 1091 989
f 1095 1096 692
f 1063 1065 691
f 803 990 856
f 2286 991 908
f 993 992 991
f 992 993 860
f 1044 1042 1043
f 1074 1075 1073
f 1042 993 991
f 2287 814 997
f 861 992 860
f 2287 997 996
f 995 994 2287
f 994 1074 1076
f 1072 1041 692
f 1087 1084 1086
f 1001 999 1045
f 1001 1000 990
f 1069 691 1065
f 915 1002 818
f 1004 1003 1050
f 1003 1004 696
f 696 740 1047
f 1004 1050 1049
f 725 1004 664
f 1102 2326 1133
f 2386 741 1048
f 1002 967 818
f 1147 968 1005
f 1022 923 968
f 831 923 969
f 940 1051 843
f 799 843 969
f 1051 969 843
f 1129 1127 1119
f 1106 1140 1147
f 1007 936 971
f 974 938 1008
f 1115 1008 939
f 732 1007 1008
f 1123 934 935
f 950 1116 1023
f 1061 1128 947
f 1012 1014 907
f 1011 1128 1061
f 1012 1010 1011
f 907 842 1012
f 972 1010 842
f 1012 842 1010
f 1014 1012 2327
f 1011 1061 2327
f 2327 1083 1013
f 1013 985 1015
f 1015 1014 1013
f 1015 985 1059
f 1015 958 984
f 1016 977 1070
f 1070 977 942
f 1017 1016 1070
f 1017 985 1058
f 1115 939 975
f 1018 969 923
f 975 939 1018
f 1150 1022 1143
f 1142 1149 1143
f 1115 1021 1121
f 1020 1018 923
f 975 1019 1021
f 1019 975 1020
f 1020 975 1018
f 1151 1153 1125
f 923 1022 1020
f 690 948 1127
f 1061 1024 1083
f 1014 2327 1013
f 902 1024 949
f 1024 981 1083
f 800 962 1025
f 1026 904 1025
f 1028 1026 1027
f 1026 1025 1032
f 1027 1030 1035
f 1031 1027 1035
f 1028 1027 1039
f 1026 1028 953
f 1045 1063 691
f 1045 1037 1063
f 1035 1029 1031
f 734 986 1062
f 1030 1026 1032
f 1064 1032 1025
f 1036 1030 1032
f 1029 1035 1033
f 1034 1036 1037
f 999 910 1087
f 1033 1035 1034
f 1035 1030 1034
f 1037 1036 1063
f 1100 1070 1038
f 1027 1031 1039
f 1038 1039 1031
f 986 734 1040
f 1033 734 1062
f 1059 986 958
f 1071 1091 806
f 1064 1025 962
f 1043 991 2286
f 1044 1043 964
f 991 1043 1042
f 1000 1001 965
f 999 1001 990
f 1080 967 914
f 1050 1046 1082
f 1048 1047 817
f 1047 1003 696
f 817 1427 2386
f 1046 1048 741
f 787 664 2388
f 1004 1049 664
f 1102 1050 1082
f 1050 1003 1046
f 1048 1046 1003
f 816 941 940
f 969 1051 831
f 690 1127 1129
f 928 1053 1054
f 1126 1052 1053
f 1053 1052 1054
f 1166 1055 1168
f 927 1053 928
f 928 1054 1055
f 1007 732 1056
f 936 1056 933
f 1118 1116 1117
f 1057 1056 1120
f 1057 1117 1123
f 950 947 1009
f 981 980 1058
f 985 1013 1058
f 1017 1058 1016
f 1015 1059 958
f 1060 942 733
f 1039 1060 954
f 1028 1039 954
f 1024 1061 947
f 1011 2327 1012
f 2327 1061 1083
f 1100 1062 1059
f 1062 1100 1029
f 1063 1064 1065
f 1032 1064 1036
f 1066 1064 962
f 988 1068 1066
f 1069 1065 1068
f 1064 1066 1065
f 1041 1072 1090
f 989 1068 988
f 1067 1069 1068
f 994 1042 1074
f 1077 1069 1067
f 1069 1077 691
f 1017 1070 1100
f 942 1038 1070
f 1071 735 1092
f 1090 1067 1068
f 993 1042 995
f 963 1044 964
f 1042 1044 1074
f 1075 1074 1044
f 1067 1079 1073
f 1075 1044 963
f 1074 1073 1076
f 963 965 1075
f 1001 1045 691
f 1076 1073 1079
f 994 1076 2287
f 1078 1075 965
f 1001 1078 965
f 1079 1072 998
f 1077 1078 691
f 1001 691 1078
f 1046 1080 1082
f 1102 1099 2388
f 2326 1082 1080
f 741 2386 818
f 981 1058 1083
f 1083 1058 1013
f 1017 1100 1059
f 1029 1033 1062
f 1033 1089 734
f 1089 1085 734
f 1085 1086 1084
f 909 1088 910
f 1086 1085 1089
f 1085 1084 1131
f 1045 999 1087
f 1087 910 1088
f 1087 1086 1037
f 1088 909 804
f 1087 1088 1084
f 1034 1089 1033
f 1041 1090 989
f 1079 1090 1072
f 1067 1090 1079
f 806 1091 808
f 692 1091 1071
f 1093 735 2285
f 1096 1095 814
f 1097 1094 1093
f 1093 1094 1095
f 814 1094 997
f 1097 1093 810
f 692 1092 1095
f 1095 1092 1093
f 1096 998 1072
f 738 1097 737
f 1091 692 1041
f 1092 692 1071
f 1096 1072 692
f 1105 773 2390
f 788 1099 2323
f 1133 2328 1132
f 1089 1034 1086
f 1037 1086 1034
f 1087 1037 1045
f 1133 2326 2328
f 1049 1050 1102
f 1099 1102 1133
f 1107 1005 784
f 1104 782 780
f 773 782 1104
f 1156 1146 1103
f 1081 1170 1101
f 1104 780 1103
f 773 1104 2390
f 1134 1156 1103
f 1105 1107 771
f 1107 1105 1106
f 1140 1106 1141
f 1147 1005 1107
f 1147 1107 1106
f 651 1108 652
f 705 1108 1109
f 820 694 751
f 885 1110 913
f 881 1110 886
f 877 1111 882
f 1166 1111 1055
f 1112 1014 1015
f 1164 1170 1171
f 1114 1113 914
f 914 1113 1081
f 883 1162 1110
f 1160 1161 1162
f 1114 913 1172
f 920 827 917
f 1021 1115 975
f 1116 1009 1117
f 1116 1127 1023
f 1122 1117 1009
f 1117 1057 1118
f 1127 1116 1118
f 1118 1120 1119
f 1120 732 1121
f 1128 1009 947
f 1123 1122 934
f 1117 1122 1123
f 1115 1121 732
f 1152 1125 1021
f 1021 1125 1121
f 1153 1124 1125
f 1120 1121 1124
f 1129 1126 690
f 1153 1126 1124
f 1057 1120 1118
f 1124 1119 1120
f 1122 1128 973
f 1009 1128 1122
f 1124 1129 1119
f 1126 1129 1124
f 1131 1088 1130
f 849 959 1131
f 1130 1088 804
f 1084 1088 1131
f 62 849 63
f 1131 1040 1085
f 1101 1098 2328
f 1099 1133 1132
f 1134 2328 1098
f 1103 780 1132
f 1132 2328 1134
f 1159 1171 1172
f 1153 1154 1155
f 1132 1134 1103
f 1138 1136 1164
f 1081 1101 2326
f 1101 1170 1136
f 1152 1151 1125
f 1101 1136 1098
f 1164 1136 1170
f 1139 1156 1098
f 1163 1138 1164
f 1139 1138 1137
f 1135 1144 1137
f 1139 1137 1144
f 1142 1144 1135
f 1147 1140 1143
f 1140 1142 1143
f 1104 1103 1146
f 1141 1146 1145
f 1106 2390 1141
f 1143 1149 1150
f 1145 1144 1142
f 1156 1144 1145
f 2390 1104 1146
f 1145 1146 1156
f 2390 1146 1141
f 1143 1022 1147
f 968 1147 1022
f 1152 1019 1150
f 1148 1142 1135
f 1142 1148 1149
f 1135 1158 1154
f 1151 1149 1148
f 1150 1019 1020
f 1137 1167 1158
f 1052 1157 1168
f 1151 1152 1149
f 1019 1152 1021
f 1022 1150 1020
f 1152 1150 1149
f 1154 1153 1151
f 1154 1151 1148
f 1135 1154 1148
f 1144 1156 1139
f 1157 1052 1155
f 1158 1157 1155
f 1138 1163 1167
f 1155 1154 1158
f 1137 1158 1135
f 1167 1157 1158
f 1161 1172 913
f 1162 2329 1160
f 1163 1159 1160
f 1162 1161 913
f 1159 1161 1160
f 1110 1162 913
f 1165 1160 2329
f 1163 1165 1169
f 1159 1163 1164
f 2329 1166 1165
f 1163 1169 1167
f 1166 1168 1169
f 1111 1166 2329
f 1168 1055 1054
f 1166 1169 1165
f 1138 1167 1137
f 1052 1168 1054
f 1157 1169 1168
f 1167 1169 1157
f 1113 1170 1081
f 1171 1170 1113
f 1172 1171 1113
f 1171 1159 1164
f 1114 1172 1113
f 1145 1140 1141
f 1142 1140 1145
f 616 617 618
f 1311 1234 1272
f 1269 1219 1220
f 616 618 619
f 619 1276 616
f 1345 616 1276
f 1276 619 1173
f 1271 1269 1263
f 1271 1218 1219
f 1348 1312 1350
f 1236 1258 2292
f 647 648 1244
f 1353 1179 1180
f 2331 1258 1266
f 1488 611 612
f 1269 1240 2288
f 2330 1310 1234
f 1267 1261 1250
f 2338 1186 1187
f 1286 1253 1259
f 1247 1224 1225
f 607 608 1433
f 613 614 1486
f 1274 1275 1336
f 1239 1238 1251
f 1507 1357 1394
f 1310 2288 1255
f 1243 647 1244
f 1217 1285 1216
f 872 1443 1445
f 1234 1311 2330
f 1736 1515 1510
f 1237 1261 1260
f 1446 841 880
f 1255 2288 1259
f 1235 1231 1232
f 1397 601 602
f 1323 596 597
f 598 1366 961
f 1325 1297 1378
f 601 1397 1398
f 1334 1306 1213
f 2292 1228 1229
f 1247 1253 1246
f 1226 1227 1242
f 1327 1295 1328
f 1247 1246 1224
f 1339 1343 1340
f 1326 596 1323
f 1232 2291 2290
f 1293 1332 1233
f 1245 1243 1238
f 1226 1242 1254
f 1223 1224 1246
f 1239 1246 1253
f 2292 1258 1241
f 1229 1230 2289
f 1230 1231 1249
f 1240 1248 1286
f 1202 1920 1438
f 1188 1362 1361
f 1241 2331 1267
f 1188 1189 1362
f 1262 1264 1305
f 1265 1261 1267
f 1342 1479 1341
f 1282 1283 1191
f 1395 1204 1205
f 1249 1257 2289
f 1255 1256 1237
f 1245 1248 1221
f 1258 2331 1241
f 1437 1392 1436
f 1437 1498 1392
f 1242 1250 1261
f 1192 1282 1191
f 1238 1244 1251
f 1237 1242 1261
f 1246 1251 1223
f 1247 1256 1253
f 1503 1549 1201
f 1259 1256 1255
f 1550 1201 1549
f 1244 1222 1251
f 1495 1199 1200
f 1236 2292 2289
f 1198 1199 1496
f 1260 1234 1310
f 1260 1255 1237
f 1218 1271 1217
f 1272 1260 1261
f 1263 2330 1309
f 1242 1227 1250
f 1221 1248 1220
f 1238 1243 1244
f 1256 1247 1254
f 1260 1310 1255
f 1287 1257 1249
f 648 1222 1244
f 1237 1256 1254
f 1243 1252 663
f 663 1252 646
f 2289 1257 1236
f 1245 1252 1243
f 1228 1250 1227
f 1243 663 647
f 1221 646 1252
f 1268 1258 1236
f 1415 1209 1210
f 1251 1246 1239
f 1221 1252 1245
f 1381 1382 1343
f 1241 1250 1228
f 1272 1234 1260
f 1222 1223 1251
f 1225 1226 1254
f 1300 1333 1214
f 1212 1306 1308
f 1286 1245 1238
f 1286 1239 1253
f 1308 1306 1307
f 1241 1228 2292
f 1242 1237 1254
f 1256 1259 1253
f 1286 1259 1240
f 2288 1240 1259
f 1272 1261 1265
f 1274 1265 1273
f 1258 1268 1266
f 1265 2331 1273
f 1262 1304 1264
f 1273 2331 1266
f 1241 1267 1250
f 1257 1291 1236
f 1266 1268 1264
f 1271 1263 1309
f 1309 1217 1271
f 1248 1240 1220
f 1270 1273 1304
f 1269 1271 1219
f 1274 1272 1265
f 1311 1272 1336
f 1274 1273 1270
f 1264 1304 1266
f 1275 1274 1270
f 1274 1336 1272
f 1301 1303 1299
f 1270 1301 1299
f 1275 2391 1336
f 1175 1176 1350
f 614 615 1344
f 1277 1276 1173
f 1173 1174 1277
f 1312 1174 1175
f 1177 1349 1350
f 1312 1277 1174
f 1277 1312 1314
f 1183 1184 1360
f 1199 1495 1496
f 1445 893 872
f 1282 1281 1283
f 1282 1193 1281
f 1283 1281 1406
f 1190 1191 1283
f 600 601 1398
f 1484 1614 2393
f 1233 1330 1293
f 1288 1294 1292
f 1217 1309 1285
f 1215 1216 1285
f 1239 1286 1238
f 1235 1287 1231
f 1288 1287 1235
f 2291 1377 2290
f 1268 1289 1264
f 1293 1330 1290
f 1236 1291 1289
f 1288 1292 1287
f 1290 1291 1257
f 1331 1291 1290
f 1290 1292 1293
f 1296 1332 1293
f 1296 1292 1294
f 1292 1296 1293
f 1288 2293 1295
f 1288 1295 1294
f 1328 1295 2293
f 1327 1323 1368
f 1297 1296 1294
f 1378 1295 1327
f 1297 1325 2333
f 1297 1332 1296
f 1303 1301 1302
f 1275 1270 1299
f 1300 2391 1298
f 1298 2391 1275
f 1299 1298 1275
f 1214 1894 1335
f 1301 1304 1262
f 1302 1301 1262
f 1303 1302 1307
f 1299 1303 1298
f 1306 1334 1303
f 1333 1334 1213
f 1270 1304 1301
f 1304 1273 1266
f 1478 1479 1480
f 1308 1343 1382
f 1306 1303 1307
f 1213 1306 1212
f 1340 1341 1479
f 1302 1341 1340
f 1382 1212 1308
f 2288 1310 1263
f 1311 1336 2334
f 1312 1348 1314
f 1344 1346 614
f 1350 1312 1175
f 1314 1345 1277
f 1348 1349 1429
f 1348 1384 1314
f 1432 1384 1431
f 609 610 1387
f 1584 1278 1533
f 1517 1446 1447
f 1516 1433 1388
f 1396 1206 1207
f 1365 1189 1190
f 2338 1187 1361
f 1408 1405 1406
f 1407 1408 1406
f 1365 1283 1406
f 1365 1405 1362
f 1210 1734 1415
f 1474 1484 2393
f 1419 1483 1477
f 1555 1395 1556
f 1368 597 853
f 1369 853 961
f 1370 1368 1369
f 1378 1297 1294
f 1325 1324 1371
f 1371 1324 1376
f 1326 1328 2293
f 596 1326 1377
f 1368 1323 597
f 1368 1370 1327
f 1324 1325 1378
f 1328 1323 1327
f 1323 1328 1326
f 1377 2293 2290
f 1379 1330 1233
f 1291 1331 1289
f 1342 1305 1423
f 1290 1330 1331
f 1379 1331 1330
f 1335 1300 1214
f 1333 1300 1334
f 1300 1298 1334
f 1303 1334 1298
f 1329 1335 1894
f 1300 1335 2391
f 1329 1337 1335
f 2391 1337 1336
f 1338 2334 2392
f 1285 1309 1338
f 1340 1308 1307
f 1305 1342 1341
f 1262 1305 1341
f 1302 1340 1307
f 1375 1423 1233
f 1375 1233 1417
f 1262 1341 1302
f 1426 1381 1343
f 1379 1423 1305
f 1308 1340 1343
f 1345 1344 615
f 616 1345 615
f 1277 1345 1276
f 1346 1352 1486
f 1313 1545 1617
f 1493 1494 1591
f 1431 1429 1383
f 1384 1348 1429
f 1351 1177 1178
f 1429 1349 1347
f 1177 1350 1176
f 1348 1350 1349
f 1349 1177 1351
f 1434 1178 1179
f 1349 1351 1347
f 1314 1385 1344
f 1345 1314 1344
f 1384 1385 1314
f 1344 1385 1346
f 1386 1352 1432
f 1388 1547 1661
f 1387 1548 609
f 1430 1347 1390
f 1694 1709 1708
f 1444 1394 1443
f 1455 1456 1459
f 1407 1409 1280
f 1359 1195 1196
f 1197 1463 1976
f 1389 1466 1467
f 1362 1189 1365
f 1187 1188 1361
f 1322 1364 1321
f 1364 1194 1321
f 1321 1194 1363
f 1364 1322 1193
f 1281 1322 1406
f 1281 1193 1322
f 1283 1365 1190
f 1406 1322 1407
f 598 599 1460
f 1327 1370 1324
f 1734 1210 1211
f 1482 1543 1415
f 1369 1368 853
f 961 1366 1369
f 1370 1366 1324
f 1371 1373 1475
f 1373 1520 1457
f 1417 1233 1332
f 1520 1371 1376
f 1418 1417 2333
f 1417 1374 1375
f 1332 1297 2333
f 1417 1418 1374
f 1478 1339 1479
f 1480 1423 1375
f 1476 1375 1374
f 1472 1366 1460
f 596 1377 1284
f 2293 1377 1326
f 1295 1378 1294
f 1324 1378 1327
f 2392 1329 1215
f 1289 1379 1264
f 1331 1379 1289
f 1338 2330 1311
f 1309 2330 1338
f 1380 1426 1421
f 1426 1343 1339
f 1381 1426 1425
f 1427 1486 1487
f 1489 1487 1428
f 1430 1429 1347
f 1385 1384 1432
f 1547 1591 1546
f 1389 1180 1181
f 1466 1182 1403
f 1434 1353 1390
f 1351 1178 1434
f 1389 1353 1180
f 1523 1353 1389
f 1429 1430 1383
f 1351 1434 1347
f 1347 1434 1390
f 2394 1390 1353
f 1503 1202 1438
f 1550 1391 1495
f 1197 1198 1497
f 1392 1498 1499
f 1442 1393 1439
f 1447 880 606
f 1507 1508 1506
f 1204 1395 1554
f 1208 1367 1413
f 1597 1557 1442
f 1393 1440 1439
f 1556 1395 1396
f 1204 1554 1441
f 1448 602 844
f 1449 844 603
f 2341 1320 1458
f 1448 1397 602
f 1458 1397 2341
f 1449 1450 1448
f 1194 1400 1363
f 1196 1463 1464
f 1401 1195 2336
f 1522 1359 1464
f 1465 1184 1185
f 1404 1185 1186
f 1403 1527 1467
f 1182 1466 1181
f 1465 1360 1184
f 1182 1183 1403
f 2337 2338 1361
f 1404 1402 1465
f 1280 1411 1586
f 1186 2338 1404
f 1525 1402 1404
f 1362 1405 1524
f 1406 1405 1365
f 1407 1322 1321
f 1409 1407 1321
f 1407 1280 1408
f 1409 1321 1363
f 1470 1408 1280
f 1405 1408 1524
f 1363 1410 1409
f 1400 1401 1410
f 1411 1280 1409
f 1542 1413 1367
f 1414 1416 1412
f 1206 1396 1205
f 1543 1416 1414
f 1543 1414 1415
f 1209 1415 1414
f 1543 1484 1474
f 1367 1208 1412
f 1207 1208 1413
f 1324 1366 1472
f 1369 1366 1370
f 1376 1324 1472
f 2333 1417 1332
f 1475 1325 1371
f 2333 1475 1418
f 1566 1418 1475
f 1374 1418 1372
f 1419 1374 1372
f 1374 1419 1477
f 1566 1372 1418
f 1374 1477 1476
f 1375 1476 1480
f 1479 1339 1340
f 1478 1480 1476
f 1477 1483 1422
f 1478 1421 1339
f 1421 1420 1735
f 1421 1735 1380
f 1422 1735 1420
f 1420 1476 1477
f 1735 1422 1482
f 1233 1423 1379
f 1426 1339 1421
f 1425 1426 1380
f 1489 1427 1487
f 613 1486 1427
f 1487 1352 1386
f 1486 1352 1487
f 1383 1545 1431
f 1490 1530 1491
f 1432 1431 1313
f 1384 1429 1431
f 1432 1313 1616
f 1385 1432 1352
f 1493 1387 610
f 1548 1433 608
f 1466 1389 1181
f 1353 1434 1179
f 1490 2394 1530
f 1467 1527 1583
f 1435 1523 1583
f 2394 1353 1523
f 1389 1467 1523
f 1523 1435 2394
f 1436 1438 1437
f 1438 1920 1437
f 1498 1437 1440
f 1438 1436 1503
f 1439 1440 1203
f 1441 1442 1439
f 1498 1440 1393
f 1442 1441 1554
f 1505 1355 1498
f 1597 1442 1554
f 1393 1442 1557
f 1444 1443 605
f 1445 1443 1394
f 840 841 2335
f 893 1445 1560
f 1447 1446 880
f 606 607 1518
f 1358 1446 1517
f 1395 1205 1396
f 1207 1413 1396
f 1413 1542 1473
f 1449 1448 844
f 1399 1449 603
f 1449 1399 1450
f 603 604 1399
f 1399 1451 1450
f 1519 1565 1452
f 1399 1561 1451
f 1452 1565 2341
f 1450 1451 1452
f 2341 1565 1320
f 1448 2341 1397
f 1452 2341 1450
f 1448 1450 2341
f 1453 1320 1454
f 1398 1458 1459
f 1458 1398 1397
f 1453 1424 1455
f 1458 1320 1453
f 1454 1737 1424
f 1453 1454 1424
f 1472 1471 1376
f 1471 1456 1455
f 1453 1455 1459
f 1424 1457 1455
f 2342 1456 1460
f 1398 1459 2342
f 1521 1566 1373
f 1459 1458 1453
f 2342 1459 1456
f 599 2342 1460
f 1460 1471 1472
f 598 1460 1366
f 1398 2342 600
f 1461 1462 1410
f 1401 1461 1410
f 1463 1196 1976
f 1359 1196 1464
f 1497 1198 1496
f 1497 1553 1463
f 1552 1551 1594
f 1553 1464 1463
f 1522 1464 1571
f 1404 1465 1185
f 1360 1465 1402
f 1467 1466 1403
f 1583 1523 1467
f 1470 1524 1408
f 1280 1586 1470
f 1470 2337 1524
f 1538 1536 1469
f 1576 1534 1462
f 1410 1462 1409
f 1586 1534 1538
f 1586 1538 1469
f 1541 1470 1469
f 1456 1471 1460
f 2393 1614 1649
f 1396 1413 1473
f 1555 1556 1647
f 1556 1396 1473
f 1412 1416 1367
f 1416 1474 1367
f 1566 1475 1373
f 1325 1475 2333
f 1566 1569 1372
f 1636 1737 1634
f 1420 1477 1422
f 1476 1420 1478
f 1421 1478 1420
f 1480 1479 1342
f 1423 1480 1342
f 1482 1481 1543
f 1481 1482 1422
f 1484 1485 1614
f 1484 1481 1485
f 1483 1485 1481
f 1385 1352 1346
f 1650 1487 1386
f 1489 1488 612
f 1654 1488 1428
f 1428 1488 1489
f 1490 1430 1390
f 2394 1490 1390
f 1491 1492 1490
f 1491 2344 1492
f 1545 1313 1431
f 1591 1494 1652
f 611 1493 610
f 611 1494 1493
f 609 1548 608
f 1550 1495 1200
f 1201 1550 1200
f 1496 1495 1391
f 1197 1497 1463
f 1552 1497 1496
f 1553 1497 1552
f 1393 1557 1505
f 1498 1355 1499
f 1501 1621 1354
f 1392 1499 1502
f 1502 1499 1500
f 1436 1392 1501
f 1316 1502 2343
f 1392 1502 1501
f 1686 1684 1316
f 1920 1203 1440
f 1437 1920 1440
f 1503 1354 1549
f 1501 1354 1436
f 1354 1503 1436
f 1555 1597 1554
f 1732 1597 1555
f 1558 1504 1557
f 1393 1505 1498
f 1733 1355 1505
f 605 840 1444
f 1507 1394 1508
f 1509 1507 1506
f 1559 2335 1446
f 1508 1559 1506
f 1506 1559 1723
f 1508 1444 2335
f 1723 1559 1358
f 1509 1357 1507
f 1515 1451 1511
f 1445 1513 1560
f 1317 1514 1512
f 1510 1357 1512
f 1513 1510 1511
f 1317 1512 1509
f 1509 1512 1357
f 1512 1736 1510
f 1736 1512 1514
f 1562 1514 1710
f 1563 1515 1736
f 1451 1515 1563
f 1515 1511 1510
f 1447 1516 1517
f 1388 1661 1672
f 1516 1447 1518
f 1516 2355 1517
f 606 1518 1447
f 607 1433 1518
f 1637 1598 1625
f 1710 1712 1562
f 1519 1452 1563
f 1519 1598 1565
f 1471 1520 1376
f 1457 1520 1455
f 1455 1520 1471
f 1372 1569 1567
f 1359 1522 1573
f 1576 1462 2339
f 1461 1401 2336
f 1571 1572 1522
f 1524 2337 1361
f 1362 1524 1361
f 1539 1525 1536
f 1402 1525 1526
f 1527 2395 1609
f 1609 2395 1526
f 1491 1530 1531
f 1589 1610 1609
f 2344 1531 1533
f 1530 1529 1531
f 1531 1529 1532
f 1491 1531 2344
f 1609 1612 1528
f 1584 1533 1532
f 1608 1533 1278
f 2339 1577 1576
f 1534 1576 1468
f 1534 1468 1538
f 1462 1534 1411
f 1468 1537 1538
f 1536 1525 1541
f 1470 1586 1469
f 1534 1586 1411
f 1468 1576 1575
f 1540 1589 1535
f 1469 1536 1541
f 1539 1536 1535
f 1535 1536 1538
f 1535 1538 1537
f 1539 1535 1589
f 1525 1539 1526
f 1535 1537 1540
f 1528 1612 1613
f 1581 1579 1582
f 1470 1541 2337
f 1474 1542 1367
f 1484 1543 1481
f 1568 1614 1485
f 1649 1614 1615
f 1492 1383 1430
f 1383 1492 1545
f 1585 1492 2344
f 1651 1643 1669
f 1494 1488 1654
f 1545 1492 1585
f 1490 1492 1430
f 1388 1433 1548
f 1494 611 1488
f 1547 1548 1387
f 1591 1547 1387
f 1547 1620 1661
f 1354 1621 2347
f 2347 1550 1549
f 1391 1550 2347
f 1551 1496 1391
f 1391 1622 1551
f 1594 1596 1571
f 1551 1552 1496
f 1553 1571 1464
f 1555 1554 1395
f 1505 1557 1504
f 1648 2350 1319
f 1559 1508 2335
f 1394 1444 1508
f 1358 1559 1446
f 1445 1394 1513
f 1357 1513 1394
f 1560 1513 1511
f 1357 1510 1513
f 1511 1561 1560
f 1399 604 1561
f 1560 604 893
f 1451 1561 1511
f 1672 1516 1388
f 1516 1518 1433
f 1451 1563 1452
f 1598 1564 1624
f 1563 1564 1519
f 1565 1637 1320
f 1637 1565 1598
f 1569 1566 1521
f 1520 1373 1371
f 1521 1373 1457
f 1737 1631 1632
f 1419 1567 1483
f 1567 1569 1570
f 1568 1570 1544
f 1567 1570 1485
f 1634 1570 1569
f 1594 1571 1552
f 1572 1571 1596
f 1572 1578 1599
f 1599 1573 1522
f 1461 1573 2339
f 2339 1599 1577
f 1468 1575 1537
f 1579 1574 1578
f 1575 1576 1574
f 1573 1599 2339
f 1574 1576 1577
f 1574 1577 1578
f 1356 1675 1677
f 1574 1581 1575
f 1574 1579 1581
f 1578 1572 1600
f 1579 1578 1600
f 1676 1689 1679
f 1601 2345 1540
f 1640 1641 1679
f 1537 1575 1601
f 1527 1403 2395
f 1527 1528 1583
f 1435 1583 1528
f 1584 1532 1588
f 1532 1587 1588
f 1643 1608 1278
f 2397 1585 1608
f 1585 1617 1545
f 2344 1608 1585
f 1532 1533 1531
f 1608 2344 1533
f 1610 1589 1540
f 1609 1610 1612
f 1584 1588 2346
f 1587 1532 1529
f 1612 1610 1611
f 1611 1588 1587
f 1526 1589 1609
f 1539 1589 1526
f 1647 1556 1473
f 1615 1568 1544
f 1493 1591 1387
f 1546 1591 1652
f 1619 1546 1315
f 1653 1315 1652
f 1546 1619 1620
f 1546 1620 1547
f 1388 1548 1547
f 1354 2347 1549
f 1551 1595 1594
f 1600 1596 1356
f 1596 1595 1356
f 1595 1596 1594
f 1557 1597 1558
f 604 1560 1561
f 1562 1624 1564
f 1564 1598 1519
f 1625 1598 1624
f 1569 1521 1634
f 1572 1599 1522
f 1577 1599 1578
f 1596 1600 1572
f 1581 1601 1575
f 1607 1638 1639
f 1582 1639 1638
f 1607 1580 1605
f 1278 1584 1603
f 1619 1671 1657
f 1643 1603 1602
f 1602 1669 1643
f 1606 2346 1604
f 1580 1639 1640
f 1604 2400 1606
f 1605 1604 2346
f 1611 1645 1588
f 1605 1580 1664
f 2399 1657 1671
f 1645 1605 2346
f 1527 1609 1528
f 1610 1540 2345
f 1612 1587 1613
f 1610 2345 1611
f 2345 1638 1644
f 1435 1613 1529
f 1648 1647 1646
f 1615 1614 1568
f 1627 1615 1544
f 1649 1615 1633
f 1432 1616 1386
f 1617 1616 1313
f 1590 1617 2397
f 1616 1617 1590
f 1652 1315 1546
f 1655 1671 1619
f 1656 1620 1619
f 1656 1672 1661
f 1622 1391 2347
f 1595 1551 1673
f 1662 1622 2347
f 1673 1551 1622
f 1673 1622 1662
f 1658 1680 1699
f 1356 1595 1674
f 1562 1626 1624
f 1624 1626 1663
f 1625 1631 1637
f 2348 1627 1632
f 1716 1712 1710
f 1663 1626 1718
f 1627 1544 1632
f 1627 2348 1629
f 1663 2349 1628
f 1635 1633 1629
f 2348 1628 1629
f 1628 1625 1663
f 1712 1715 1718
f 1648 1319 1647
f 1630 1629 2349
f 1635 1629 1630
f 1737 1454 1631
f 1632 1631 2348
f 1634 1632 1544
f 1615 1627 1633
f 1629 1633 1627
f 1634 1544 1570
f 1646 2396 1648
f 1635 1648 2396
f 1521 1636 1634
f 1637 1454 1320
f 1454 1637 1631
f 1607 1639 1580
f 1681 1666 1668
f 1640 1664 1580
f 1641 1639 1582
f 1665 1664 1666
f 1579 1600 1677
f 1678 1582 1579
f 1641 1640 1639
f 1641 1676 1679
f 1356 1674 1675
f 1595 1673 1674
f 1659 1603 1606
f 1603 1643 1278
f 1604 1605 1664
f 1644 1638 1607
f 1585 2397 1617
f 1612 1611 1587
f 1645 1611 1644
f 1644 1607 1645
f 1605 1645 1607
f 2346 1588 1645
f 1529 1613 1587
f 1646 1647 1473
f 1647 1319 1555
f 1630 1714 2350
f 1649 2396 2393
f 1635 1649 1633
f 1650 1654 1428
f 1654 1618 1652
f 1487 1650 1428
f 1651 1618 1590
f 1618 1654 1650
f 1643 2397 1608
f 1651 1669 1653
f 1650 1590 1618
f 1654 1652 1494
f 1653 1652 1618
f 1651 1653 1618
f 1655 1619 1315
f 1655 1315 1653
f 1669 1655 1653
f 1619 1657 1656
f 1657 1658 1593
f 1658 1657 1592
f 1660 1592 2399
f 1657 1593 1656
f 1593 1658 1670
f 1659 1671 1602
f 1659 1602 1603
f 1660 2399 2400
f 1656 1661 1620
f 1672 1656 1593
f 1593 2401 1672
f 1358 1517 1738
f 1663 1718 2349
f 1625 1624 1663
f 1604 1664 1665
f 1679 1666 1640
f 1660 1665 1681
f 1604 1665 2400
f 1666 1681 1665
f 1640 1666 1664
f 1682 1668 1666
f 1666 1679 1682
f 1668 1667 1687
f 1655 1669 1602
f 1680 1658 1592
f 1602 1671 1655
f 1683 2401 2398
f 1621 1316 1662
f 1675 1674 1642
f 1642 1676 1675
f 1678 1677 1675
f 1642 1689 1676
f 1676 1641 1678
f 1356 1677 1600
f 1675 1676 1678
f 1582 1678 1641
f 1579 1677 1678
f 1667 1693 1687
f 1687 1681 1668
f 1592 1660 1680
f 1689 1682 1679
f 1668 1682 1690
f 1683 2398 1739
f 1672 1683 2355
f 2421 1623 1642
f 1662 1684 2421
f 2354 2403 1726
f 1685 1686 2343
f 1692 1686 1685
f 1699 1680 1687
f 1681 1687 1680
f 1688 1670 1699
f 1318 2398 1688
f 1670 1658 1699
f 1668 1690 1667
f 1689 1690 1682
f 2351 1692 2352
f 1667 1690 2352
f 1689 1623 1690
f 2351 1686 1692
f 1691 1692 1279
f 1693 1667 1691
f 1719 1720 1721
f 1692 1685 1695
f 1692 1695 1279
f 1719 1699 1693
f 1685 2353 2354
f 1514 1697 1710
f 1696 1708 1697
f 1317 1697 1514
f 1696 1694 1708
f 1355 1500 1499
f 2353 2343 1500
f 1705 1703 1704
f 1697 1317 1696
f 1500 1355 1698
f 1505 1504 1733
f 1720 1691 1279
f 1699 1687 1693
f 1694 1696 1703
f 1719 1721 1725
f 1703 1696 1704
f 1702 1725 1700
f 1317 1509 1704
f 1703 1705 1702
f 1707 1706 1727
f 1500 1698 2353
f 2353 1698 1727
f 1702 1701 1694
f 1695 1701 1700
f 1701 1695 1726
f 1701 1702 1700
f 1725 1702 1705
f 1688 1699 1719
f 1700 1279 1695
f 1694 1703 1702
f 1317 1704 1696
f 1506 1722 1509
f 1722 1704 1509
f 1722 1705 1704
f 1701 2402 1694
f 1727 2354 2353
f 1706 1713 1709
f 1626 1712 1718
f 1712 1626 1562
f 1713 1716 1709
f 2402 1726 2403
f 1727 2403 2354
f 1710 1708 1716
f 1706 1730 1713
f 1716 1708 1709
f 1708 1710 1697
f 1319 1728 1732
f 1712 1716 1715
f 1730 1706 1707
f 1711 1715 1713
f 2349 1714 1630
f 1728 2350 1714
f 1733 1731 1707
f 1731 1729 1730
f 1711 1717 1715
f 1717 1718 1715
f 1731 1504 1558
f 1713 1715 1716
f 1728 1717 1711
f 1718 1717 1714
f 2349 1718 1714
f 1720 1719 1693
f 1688 1719 1725
f 1693 1691 1720
f 1279 1700 1721
f 1725 1721 1700
f 1279 1721 1720
f 1723 1722 1506
f 1723 1738 1739
f 1738 1723 1358
f 1705 1722 1724
f 1724 1722 1723
f 1724 1723 1739
f 1724 1725 1705
f 1318 1725 1724
f 1725 1318 1688
f 1726 2402 1701
f 1685 2354 1695
f 1706 2403 1727
f 1733 1707 1698
f 1635 1630 1648
f 1714 1717 1728
f 1711 1729 1728
f 1729 1732 1728
f 1730 1729 1711
f 1732 1729 1558
f 1713 1730 1711
f 1730 1707 1731
f 1504 1731 1733
f 1558 1729 1731
f 1558 1597 1732
f 1728 1319 2350
f 1319 1732 1555
f 1727 1698 1707
f 1355 1733 1698
f 1425 1380 1734
f 1380 1735 1734
f 1415 1734 1482
f 1735 1482 1734
f 1613 1435 1528
f 1530 1435 1529
f 1736 1564 1563
f 1514 1562 1736
f 1564 1736 1562
f 1634 1737 1632
f 1424 1737 1636
f 1672 2355 1516
f 1724 1739 1318
f 1794 1282 1192
f 1758 1794 1192
f 1364 1856 1855
f 1216 1852 1759
f 1193 1856 1364
f 1855 1194 1364
f 1973 1199 1198
f 1770 1769 1792
f 1852 1216 1215
f 1282 1794 1795
f 1756 1820 1757
f 1750 1982 1751
f 1809 1854 1785
f 2301 1793 1779
f 1201 1923 1503
f 1770 1792 1785
f 1883 1922 1920
f 1788 1773 1772
f 1503 1923 1996
f 1791 1793 1771
f 1848 1806 2296
f 1758 1757 1794
f 1928 1208 1207
f 1933 1204 2004
f 1776 1810 1780
f 1412 1208 1930
f 1209 1866 1210
f 1790 1778 1760
f 2087 1775 2081
f 1762 1761 1803
f 1777 1786 84
f 1793 1772 1771
f 1781 1764 1786
f 1382 1381 1865
f 1783 2294 1763
f 1832 1865 1899
f 85 1786 1764
f 1206 1205 1931
f 1761 1760 1778
f 1781 1774 1839
f 1193 1282 1795
f 1790 1759 1852
f 2359 2332 1894
f 1787 1777 83
f 1762 1803 1783
f 1786 1774 1781
f 2410 2192 2222
f 1787 1763 2294
f 83 1777 84
f 1786 85 84
f 1780 1792 1769
f 1213 1835 1333
f 1912 1914 1748
f 2004 1204 1441
f 1820 1794 1757
f 1912 1747 1937
f 1745 1888 1746
f 1741 1740 2358
f 1195 2035 1196
f 1934 1888 1745
f 1994 2356 15
f 1799 1861 2358
f 1827 1743 1742
f 1987 1915 2356
f 1788 2295 1773
f 1742 1741 1831
f 1861 24 23
f 1803 1761 1778
f 2358 1829 1831
f 14 13 1916
f 1799 1740 27
f 1826 1862 1955
f 1862 1826 23
f 27 26 24
f 1794 1820 1795
f 25 24 26
f 24 1799 27
f 19 1891 238
f 1790 1760 1759
f 1777 1787 2294
f 1780 1768 1802
f 21 2303 2018
f 22 21 1890
f 1799 2358 1740
f 1827 1742 1831
f 1802 1782 1840
f 2301 1808 2295
f 1772 1793 2297
f 1773 2298 2299
f 1838 1839 1774
f 1211 1958 1900
f 1 1784 2405
f 1 2300 1784
f 1778 1790 1789
f 1770 1785 1791
f 1781 1765 1764
f 1781 1839 1765
f 1786 1777 1774
f 1839 1766 1765
f 1842 1784 2404
f 1810 1792 1780
f 1763 1787 82
f 1769 1768 1780
f 1971 1756 1755
f 1904 1963 1835
f 1885 10 229
f 1802 1768 1767
f 1839 1782 1766
f 83 82 1787
f 1926 1886 1925
f 1854 1816 2357
f 1215 1329 2332
f 1783 1763 1762
f 1875 5 4
f 1801 1848 1851
f 1886 1926 2079
f 1867 1906 1964
f 1766 1782 1767
f 275 5 1867
f 1924 1927 2008
f 1841 1872 1840
f 1881 1916 1991
f 2294 1774 1777
f 1382 1902 1212
f 1782 1839 1838
f 1869 1803 1836
f 1782 1802 1767
f 1802 1840 1776
f 1778 1789 1803
f 1872 1811 1810
f 1842 1804 1784
f 1842 1806 1804
f 1845 3 2405
f 1806 1842 1843
f 1804 1805 1845
f 2296 1846 1848
f 1845 1805 1844
f 234 3 1845
f 1807 1215 2332
f 1808 2301 1779
f 2238 2239 1779
f 2295 1808 1850
f 1810 1811 1813
f 1809 1785 1792
f 1816 1813 1815
f 1872 1810 1776
f 1810 1813 1809
f 1814 1811 1873
f 2359 1864 1817
f 1812 1817 1864
f 1813 1811 1814
f 1897 1815 1812
f 1814 1873 1868
f 1812 1813 1814
f 1864 2250 1897
f 1898 1818 1815
f 1812 1815 1813
f 1815 1818 1816
f 1818 2357 1816
f 1809 1816 1854
f 1812 1814 1817
f 1813 1816 1809
f 2357 1818 2242
f 2357 1819 1854
f 1980 1194 1855
f 1879 1911 1754
f 1754 1753 1879
f 1197 1976 1877
f 1748 1914 1749
f 1882 2362 1991
f 1944 2020 2178
f 2419 1923 2413
f 1744 1827 1889
f 2016 1858 2015
f 1954 2064 2065
f 1955 1862 22
f 1828 1827 1831
f 1828 1831 1829
f 2065 1830 1954
f 1828 1829 1957
f 2103 1938 1935
f 1830 1889 1828
f 1830 1936 1889
f 1831 1741 2358
f 1214 1863 1894
f 1899 1381 1425
f 1865 1960 1902
f 1866 1958 1210
f 1844 1849 1875
f 1212 1902 1904
f 1898 1815 1897
f 1802 1776 1780
f 1872 1776 1840
f 1789 1853 1868
f 1872 1841 1873
f 1782 1838 1840
f 1869 1870 1803
f 1840 1838 1837
f 1838 1774 1871
f 1840 1837 1841
f 1869 1841 1837
f 1873 1836 1868
f 1843 1842 2298
f 1843 2298 2295
f 1847 1801 1849
f 4 1845 1844
f 1848 1801 1847
f 1805 1806 1847
f 1848 1847 1806
f 1874 1801 1851
f 1805 1847 1844
f 1848 1846 1851
f 1834 1905 1849
f 1844 1847 1849
f 1843 1850 2296
f 1850 1966 2296
f 2295 1850 1843
f 2241 1966 1850
f 1966 1967 1965
f 2241 1850 1808
f 1967 1966 2241
f 1907 1851 1846
f 1852 1807 1853
f 1852 1215 1807
f 1810 1809 1792
f 1814 1868 1817
f 1790 1853 1789
f 1817 1853 1807
f 1852 1853 1790
f 1791 1785 1819
f 1856 1968 1855
f 2095 1975 1857
f 1795 1856 1193
f 1971 1820 1756
f 1877 1974 1197
f 1401 1400 1979
f 2038 2037 1910
f 1917 12 11
f 1921 1883 1920
f 2002 1999 2000
f 1883 1921 1997
f 1885 1924 1859
f 1964 274 275
f 1929 2009 1928
f 2057 1824 2119
f 2340 1203 1922
f 1937 1747 1746
f 1892 1952 1891
f 1915 268 16
f 1950 1946 1947
f 24 1861 1799
f 1861 23 1826
f 1890 1955 22
f 1955 1890 2022
f 1895 1214 1333
f 1864 1863 2250
f 1807 2359 1817
f 1863 1864 2359
f 1898 1897 1963
f 1865 1381 1899
f 1865 1832 1960
f 1900 1425 1211
f 1901 1960 1832
f 1212 1904 1213
f 1900 1958 1833
f 1867 5 1875
f 1905 1906 1867
f 1904 1835 1213
f 1789 1868 1836
f 1853 1817 1868
f 1841 1836 1873
f 1870 1869 1837
f 1838 1871 1837
f 1870 1783 1803
f 1774 2294 1871
f 1837 1871 1870
f 1873 1811 1872
f 1869 1836 1841
f 1845 4 234
f 1875 4 1844
f 1849 1874 1834
f 2092 2030 2091
f 1875 1849 1905
f 2030 2087 2088
f 2203 2162 2199
f 1908 1973 2034
f 1978 1195 1401
f 1857 1909 2035
f 1981 2036 1878
f 1911 1879 1983
f 2361 1752 1751
f 1880 2361 1910
f 2369 1983 1984
f 1911 1971 1755
f 1750 1749 1914
f 1910 2361 1982
f 1982 1913 2038
f 15 14 1916
f 1991 1990 1881
f 1921 1920 1202
f 2413 1201 1200
f 1924 9 8
f 1925 8 7
f 2097 2363 1919
f 1882 1917 1919
f 1924 1885 9
f 2008 1859 1924
f 2045 1885 1859
f 1925 1927 1924
f 1929 1207 1206
f 2010 1930 2009
f 2057 2058 2011
f 2076 1866 2054
f 2012 2059 1932
f 1934 1745 1744
f 1744 1743 1827
f 1985 2014 2015
f 1858 1912 1985
f 1889 1827 1828
f 20 1952 1951
f 1941 19 18
f 2408 18 294
f 1892 1891 1943
f 1940 1951 2021
f 238 1952 20
f 1941 1891 19
f 268 1915 1989
f 2408 1942 1941
f 1956 2022 1954
f 1826 1956 1829
f 2359 1894 1863
f 1835 1895 1333
f 1963 2250 1835
f 1214 1895 1863
f 1863 1895 2250
f 2250 1895 1835
f 1904 1902 1962
f 1864 1897 1812
f 2250 1963 1897
f 1818 1898 1896
f 1818 1896 2242
f 1900 1899 1425
f 1211 1210 1958
f 1959 1900 1833
f 1901 1832 1959
f 1865 1902 1382
f 1903 1901 2026
f 1896 1898 2407
f 1960 1962 1902
f 1906 1905 1834
f 1875 1905 1867
f 274 2027 6
f 1870 1871 1783
f 1874 1849 1801
f 2247 1834 1874
f 2092 1874 1851
f 1965 1907 1846
f 1907 2087 2030
f 1969 1968 1795
f 1968 1970 2031
f 2034 1973 1974
f 2035 1978 1857
f 1978 1979 1981
f 1979 2036 1981
f 1753 2361 1880
f 1751 1982 2361
f 1982 2038 1910
f 2205 2203 2204
f 1971 1972 1970
f 1754 1911 1755
f 1748 1747 1912
f 1914 2044 1913
f 1985 1912 1937
f 2044 1914 1912
f 1913 1982 1750
f 2062 1988 2061
f 268 1989 17
f 13 1991 1916
f 1917 1882 1991
f 1991 13 12
f 1919 1917 11
f 10 1918 1919
f 12 1917 1991
f 1885 1918 10
f 2097 1918 2045
f 1995 2166 1990
f 2097 1919 1918
f 1882 1919 2363
f 1922 1203 1920
f 1202 1503 1996
f 1931 1205 1933
f 2413 1923 1201
f 1200 1199 2006
f 2049 1923 2419
f 1925 1924 8
f 1926 1925 7
f 7 6 1926
f 1886 2007 1927
f 2008 1927 2052
f 1886 1927 1925
f 1929 1928 1207
f 1930 1928 2009
f 1931 1929 1206
f 1932 2009 1929
f 1412 2053 1414
f 2053 1930 2011
f 1932 1931 1887
f 1933 2055 1887
f 1887 2012 1932
f 1929 1931 1932
f 1204 1933 1205
f 1887 1931 1933
f 1889 1934 1744
f 1888 1934 1935
f 1889 1936 1934
f 2103 1935 1936
f 1934 1936 1935
f 1888 1937 1746
f 1938 2014 1935
f 1938 2015 2014
f 1938 2103 1939
f 2017 1986 2016
f 2024 2023 2066
f 1858 2016 1986
f 1951 2018 2303
f 1890 21 2018
f 2408 1941 18
f 17 2408 294
f 1989 2408 17
f 1893 1942 2408
f 1988 1893 1989
f 1947 1945 1942
f 1942 1893 1947
f 1943 1945 2406
f 1941 1943 1891
f 1950 1947 1893
f 1945 1943 1942
f 1941 1942 1943
f 1947 1946 1945
f 2020 1944 1946
f 2367 1798 2190
f 1944 1945 1946
f 1944 2178 2141
f 2172 2173 2175
f 1949 1950 2062
f 1950 1949 2063
f 20 1951 2303
f 2021 1951 1952
f 1952 238 1891
f 1953 2022 1890
f 1953 1890 2018
f 1954 2022 2064
f 1954 1957 1956
f 1955 2022 1956
f 1957 1954 1830
f 1955 1956 1826
f 1828 1957 1830
f 1829 1956 1957
f 1833 1958 2078
f 1959 1833 2084
f 1899 1900 1959
f 1959 1832 1899
f 1901 1903 1960
f 1962 1960 1903
f 2026 1961 1903
f 1963 1962 2407
f 2407 1962 1903
f 1904 1962 1963
f 1867 1964 275
f 2027 1964 1906
f 2249 1834 2247
f 1965 1846 1966
f 1965 1775 2087
f 2296 1966 1846
f 2244 2241 2239
f 1965 1967 1775
f 2302 2243 2244
f 1907 1965 2087
f 2087 2029 2088
f 2247 2092 2091
f 1969 1795 1820
f 1968 1969 1970
f 1971 1969 1820
f 2031 1970 1876
f 1979 1980 2036
f 1971 1911 1972
f 1969 1971 1970
f 1983 1972 1911
f 1876 1972 2369
f 1974 1973 1198
f 2006 1973 1908
f 1197 1974 1198
f 1975 1909 1857
f 2035 1909 1976
f 1976 1909 1877
f 2094 1909 1975
f 2161 2133 1977
f 2123 2411 1821
f 1978 2035 1195
f 1977 1857 1981
f 1978 1401 1979
f 1857 1978 1981
f 1980 1979 1400
f 1194 1980 1400
f 1980 1855 2032
f 1977 1981 1878
f 2360 1880 1910
f 1910 2037 2042
f 2360 2042 1984
f 1972 1983 2369
f 2360 1984 1983
f 1985 1937 2014
f 2015 1858 1985
f 1912 1858 2044
f 2416 1986 2017
f 1858 1986 2044
f 1913 1750 1914
f 1988 1989 1915
f 1989 1893 2408
f 2061 1988 1915
f 1893 1988 2062
f 2362 1995 1990
f 1993 1990 2166
f 1990 1991 2362
f 2138 2139 2136
f 1993 1881 1990
f 2251 1993 1992
f 1881 1993 2253
f 2135 1992 2111
f 1916 1994 15
f 2046 2097 2045
f 1882 2363 2362
f 1202 1996 2048
f 2048 1921 1202
f 1999 1997 2001
f 2206 2208 1823
f 1921 2048 1997
f 2000 1999 1998
f 2049 1996 1923
f 1999 2001 2420
f 1999 2002 1997
f 2001 2049 2211
f 2001 2048 2049
f 2050 2002 2279
f 2000 2269 2005
f 2005 2002 2000
f 2279 2002 2005
f 2050 1922 1883
f 2275 2270 2412
f 1884 2056 2003
f 2050 2003 1922
f 1441 2340 2004
f 2267 2005 2269
f 2005 2278 2279
f 2266 2413 2006
f 1200 2006 2413
f 1973 2006 1199
f 1886 2079 2007
f 1927 2007 2052
f 2008 2051 2046
f 1932 2059 2009
f 2011 2054 2053
f 1930 2010 2011
f 2057 2011 2010
f 2054 2011 2058
f 2053 2054 1209
f 1800 2075 2076
f 1209 1414 2053
f 1866 1209 2054
f 2055 1933 2004
f 2055 2056 2259
f 1860 2259 2258
f 2013 2059 2060
f 2059 2012 2060
f 1888 2014 1937
f 1935 2014 1888
f 2016 2015 2069
f 2067 1939 2066
f 2037 2039 2041
f 1953 2018 1940
f 1951 1940 2018
f 2368 1940 2021
f 2061 1987 2252
f 2101 2062 2061
f 1946 1950 2063
f 1892 2409 1952
f 2064 2022 1953
f 1830 2065 1936
f 1958 1866 2025
f 2025 2075 2078
f 2078 1958 2025
f 2104 1833 2078
f 1896 1961 2240
f 1964 2027 274
f 2249 1906 1834
f 2090 2091 2030
f 2145 2007 2263
f 2027 1926 6
f 1926 2027 2079
f 1901 2083 2026
f 2087 2081 2029
f 1907 2092 1851
f 2032 2031 2201
f 1968 2032 1855
f 2032 2201 2036
f 2033 2034 1877
f 2094 2411 2033
f 2034 1974 1877
f 2108 2411 2123
f 1976 1196 2035
f 2133 2095 1977
f 2032 2036 1980
f 2201 1878 2036
f 2039 2037 2038
f 2043 2042 2037
f 1984 2042 2205
f 2044 1986 1913
f 2040 2039 2416
f 2041 2040 2096
f 2016 2069 2017
f 2017 2074 2073
f 2096 2151 2109
f 2042 2043 2205
f 2040 2041 2039
f 2043 2037 2041
f 2042 2360 1910
f 2038 1913 1986
f 1885 2045 1918
f 2046 2045 1859
f 2008 2046 1859
f 2047 2046 2163
f 2049 2048 1996
f 1997 2048 2001
f 1997 2002 1883
f 2003 2340 1922
f 2004 2340 2003
f 2266 1908 2414
f 2266 2006 1908
f 2008 2052 2051
f 1930 2053 1412
f 2076 2054 2058
f 2057 2013 1824
f 2055 2259 1860
f 1887 1860 2012
f 2056 2055 2004
f 2003 2056 2004
f 2100 2013 2060
f 2058 2057 2118
f 2057 2010 2013
f 2013 2010 2059
f 2058 2118 2077
f 1824 2182 2146
f 2009 2059 2010
f 2012 2099 2060
f 2100 2099 2112
f 2099 2257 2112
f 1987 2061 1915
f 1893 2062 1950
f 1949 2101 2415
f 2064 2023 2065
f 2023 2024 2065
f 2103 2065 2024
f 2065 2103 1936
f 2023 2191 2190
f 2024 2066 1939
f 2367 2192 2193
f 2068 2017 2069
f 2067 2068 1939
f 2067 2066 1798
f 2068 2067 2070
f 2068 2070 2074
f 1939 2068 2069
f 2074 2070 2072
f 2074 2017 2068
f 2071 2073 2074
f 2071 2074 2072
f 2096 2040 2073
f 2017 2073 2416
f 2076 2075 2025
f 1866 2076 2025
f 2077 2076 2058
f 2077 1800 2076
f 2118 2119 2216
f 1800 2077 2105
f 2080 2027 1906
f 2007 2079 2263
f 2263 2079 2080
f 2027 2080 2079
f 1775 2244 2245
f 2081 2028 2082
f 2084 2104 2028
f 2104 2085 2082
f 2084 2083 1901
f 2246 2083 2028
f 1959 2084 1901
f 1833 2104 2084
f 2075 2085 2078
f 2084 2028 2083
f 2082 2028 2104
f 2075 1800 2085
f 2085 2086 2082
f 2086 2085 1800
f 2086 1800 2105
f 2029 2082 2086
f 2088 2029 2086
f 2030 2088 2090
f 2089 2088 2086
f 2180 2143 2089
f 2088 2089 2090
f 2089 2143 2090
f 2142 2091 2090
f 2092 1907 2030
f 2130 2194 2131
f 2034 2033 2149
f 1909 2094 1877
f 2411 2094 1975
f 2095 1821 1975
f 2094 2033 1877
f 1977 2095 1857
f 2109 2162 2043
f 2151 1796 2109
f 2136 2363 2047
f 2046 2047 2097
f 2138 2136 2110
f 2055 1860 1887
f 1860 2099 2012
f 1824 2013 2100
f 2099 2100 2060
f 2100 2112 2182
f 1822 2113 2415
f 2101 1822 2415
f 2114 1948 2113
f 2101 1949 2062
f 2061 2252 2101
f 2251 2102 1822
f 1993 2111 1992
f 1992 2102 2251
f 2063 2020 1946
f 2063 2116 2365
f 1939 2103 2024
f 2085 2104 2078
f 2144 2180 2181
f 2182 1824 2100
f 2132 2093 2414
f 2129 2108 2107
f 2108 2132 2033
f 2214 2213 2128
f 2051 2187 2163
f 2262 2276 2261
f 1993 2166 2111
f 2165 2139 2138
f 2237 2232 2236
f 2102 2164 2237
f 2102 2113 1822
f 2019 2365 2177
f 2235 2236 2232
f 2116 2115 2167
f 2102 2237 2113
f 2125 2194 2129
f 2116 2167 2177
f 2115 2116 1948
f 2063 1948 2116
f 2236 2115 2114
f 2170 2177 2167
f 2156 2153 2155
f 2167 2168 2140
f 2170 2172 2177
f 2117 2179 2019
f 2105 2089 2086
f 2216 2089 2105
f 2105 2077 2118
f 2105 2118 2216
f 2057 2119 2118
f 2080 1906 2249
f 2181 2180 2217
f 2149 1908 2034
f 2122 2196 2266
f 2107 2108 2123
f 2126 2134 2124
f 2107 2126 2127
f 2174 2214 2173
f 2107 2123 2126
f 2213 2150 2125
f 2194 2125 2131
f 2127 2126 2124
f 2107 2127 2125
f 2123 1821 2126
f 2127 2124 2128
f 2124 1796 2152
f 2152 2151 2155
f 2129 2107 2125
f 2131 2125 2150
f 2188 2130 2131
f 2108 2129 2132
f 2093 2132 2129
f 2201 2031 2202
f 2197 2198 2134
f 1821 2095 2417
f 2417 2134 2126
f 2124 2134 1796
f 2096 2109 2041
f 2109 2043 2041
f 2162 2109 2198
f 2163 2110 2047
f 2052 2186 2185
f 2220 2221 2187
f 2363 2136 1995
f 2110 2136 2047
f 2260 2277 2137
f 2111 2139 2165
f 2189 2172 2170
f 1944 2141 1825
f 1824 2146 2119
f 2181 2106 2144
f 2142 2090 2143
f 2248 2142 2120
f 2142 2143 2144
f 2142 2144 2120
f 2184 2106 2148
f 2217 2146 2147
f 2147 2146 2182
f 2183 2121 2182
f 2148 2147 2121
f 2148 2181 2147
f 2146 2217 2119
f 2148 2121 2219
f 2106 2184 2145
f 2149 2132 2414
f 2214 2176 2173
f 2188 2189 2171
f 2073 2071 2364
f 2151 2152 1796
f 2364 2151 2096
f 2152 2155 2153
f 2124 2152 2128
f 2364 2154 2155
f 2214 2153 2176
f 2152 2153 2128
f 2154 2071 2072
f 2156 2155 2154
f 2156 2154 2418
f 2153 2156 2176
f 2158 2072 2070
f 2366 2418 2160
f 2157 2117 2175
f 2158 2159 2160
f 1798 2367 2159
f 1798 2066 2190
f 2367 2193 2159
f 1798 2159 2158
f 2093 2195 2122
f 1878 2161 1977
f 2162 2198 2199
f 2197 2199 2198
f 2162 2203 2205
f 2221 2163 2187
f 2221 2098 2110
f 2260 2098 2225
f 2166 2139 2111
f 2209 2229 2370
f 2136 2139 1995
f 2139 2166 1995
f 2170 2167 2140
f 2168 2167 2115
f 2206 1823 2195
f 2171 2169 2207
f 2171 2170 2140
f 2189 2173 2172
f 2175 2173 2176
f 2174 2173 2189
f 2174 2150 2213
f 2174 2213 2214
f 2157 2175 2156
f 2177 2117 2019
f 2175 2117 2172
f 2117 2177 2172
f 2365 2178 2020
f 2178 2179 2141
f 2144 2143 2180
f 2216 2180 2089
f 2217 2216 2119
f 2181 2217 2147
f 2106 2181 2148
f 2183 2182 2112
f 2112 2257 2281
f 2182 2121 2147
f 2218 2121 2183
f 2225 2221 2220
f 2187 2051 2185
f 2148 2219 2184
f 2145 2184 2186
f 2185 2184 2219
f 2145 2186 2007
f 2187 2185 2219
f 2052 2185 2051
f 2185 2186 2184
f 2187 2219 2220
f 2186 2052 2007
f 2213 2125 2127
f 2188 2150 2174
f 2188 2171 2130
f 2171 2189 2170
f 2174 2189 2188
f 2064 2191 2023
f 2023 2190 2066
f 2064 1953 2191
f 2222 2367 2190
f 2410 2222 2368
f 2141 2193 1825
f 1825 2193 2192
f 2193 2160 2159
f 2193 2141 2215
f 2193 2215 2160
f 2129 2194 2093
f 2093 2194 2195
f 2122 2195 1823
f 2122 1823 2196
f 2224 2208 2212
f 2206 2130 2207
f 2194 2130 2195
f 2109 1796 2198
f 2134 2198 1796
f 2161 2200 2199
f 2200 2203 2199
f 1878 2200 2161
f 1878 2201 2200
f 1876 2202 2031
f 2201 2202 2200
f 2204 2203 2200
f 2162 2205 2043
f 2369 1984 2204
f 2200 2202 2204
f 2205 2204 1984
f 2168 2236 1797
f 2171 2140 2169
f 2169 2140 2168
f 2168 1797 2169
f 2210 2207 2169
f 2130 2171 2207
f 2210 1797 2223
f 2208 2206 2209
f 2212 2208 2370
f 2000 2226 2269
f 2209 2207 2210
f 2210 2169 1797
f 2229 2209 2210
f 1998 1999 2420
f 1823 2208 2224
f 2212 1998 2420
f 2127 2128 2213
f 2153 2214 2128
f 2215 2157 2366
f 2179 2215 2141
f 2178 2019 2179
f 2216 2217 2180
f 2219 2121 2220
f 2218 2220 2121
f 2220 2218 2225
f 2218 2280 2225
f 2098 2221 2225
f 2163 2221 2110
f 2150 2188 2131
f 1953 1940 2191
f 2368 2191 1940
f 2409 2368 2021
f 2191 2368 2222
f 2191 2222 2190
f 2130 2206 2195
f 2209 2206 2207
f 2212 2370 2227
f 2276 2268 2270
f 2230 2226 2227
f 1797 2235 2223
f 2229 2210 2223
f 2227 1998 2212
f 2224 2196 1823
f 2196 2224 2211
f 2183 2112 2281
f 2260 2225 2280
f 1998 2226 2000
f 2226 2230 2269
f 2230 2227 2370
f 1998 2227 2226
f 2223 2235 2228
f 2231 2233 2228
f 2164 2232 2237
f 2230 2229 2228
f 2230 2370 2229
f 2232 2234 2231
f 2234 2164 2135
f 2135 2265 2412
f 2231 2235 2232
f 2231 2234 2272
f 2223 2228 2229
f 2231 2228 2235
f 2230 2228 2371
f 2164 2234 2232
f 2236 2235 1797
f 2115 2236 2168
f 2113 2237 2114
f 2114 2237 2236
f 2302 2238 2242
f 1779 2239 1808
f 2238 2357 2242
f 2302 2239 2238
f 2244 1967 2241
f 2240 1961 2243
f 2302 2242 2240
f 2239 2241 1808
f 2240 2242 1896
f 1961 2246 2243
f 2245 2028 2081
f 2245 2244 2243
f 1967 2244 1775
f 2239 2302 2244
f 1961 2026 2246
f 2026 2083 2246
f 2245 2081 1775
f 2246 2245 2243
f 2245 2246 2028
f 1791 1779 1793
f 1854 1819 1785
f 2248 2091 2142
f 2264 2080 2249
f 2120 2145 2263
f 2091 2248 2247
f 2248 2264 2247
f 2263 2264 2120
f 2092 2247 1874
f 1972 1876 1970
f 2202 2369 2204
f 2252 1822 2101
f 2253 2251 2252
f 2251 1822 2252
f 1993 2251 2253
f 2253 2252 1987
f 1994 2253 1987
f 2255 2258 2254
f 1884 2259 2056
f 2259 2254 2258
f 2254 2259 1884
f 2279 1884 2050
f 2254 2278 2255
f 2256 2258 2255
f 2258 2257 1860
f 2257 2256 2281
f 2255 2261 2256
f 2258 2256 2257
f 2099 1860 2257
f 2046 2051 2163
f 2261 2260 2280
f 2277 2261 2276
f 2262 2261 2255
f 2264 2263 2080
f 2264 2249 2247
f 2120 2264 2248
f 2154 2364 2071
f 2151 2364 2155
f 1798 2158 2067
f 2070 2067 2158
f 2111 2265 2135
f 2165 2265 2111
f 2419 2266 2196
f 2267 2371 2271
f 2371 2267 2269
f 2371 2269 2230
f 2272 2271 2233
f 2274 2165 2138
f 2267 2271 2268
f 2231 2272 2233
f 2271 2270 2268
f 2412 2272 2234
f 2270 2271 2272
f 2273 2275 2274
f 2137 2274 2138
f 2273 2270 2275
f 2260 2137 2098
f 2273 2274 2137
f 2165 2274 2275
f 2276 2270 2273
f 2165 2275 2265
f 2276 2273 2277
f 2276 2262 2268
f 2137 2277 2273
f 2261 2277 2260
f 2005 2267 2278
f 2135 2412 2234
f 2275 2412 2265
f 2255 2278 2262
f 2279 2278 2254
f 1884 2279 2254
f 2218 2183 2281
f 2256 2280 2281
f 2261 2280 2256
f 2281 2280 2218
f 2282 188 96
f 317 363 316
f 390 363 317
f 699 643 673
f 1096 2287 998
f 811 2284 659
f 2286 964 1043
f 2283 1071 806
f 998 1076 1079
f 2287 1076 998
f 1093 2285 810
f 2287 1096 814
f 1249 2289 1230
f 1235 1232 2290
f 1269 2288 1263
f 595 1284 2291
f 1377 2291 1284
f 1248 1245 1286
f 2292 1229 2289
f 1231 1287 1249
f 2290 2293 1235
f 2293 1288 1235
f 1292 1290 1257
f 1636 1521 1457
f 1636 1457 1424
f 1871 2294 1783
f 2297 2295 1788
f 2297 1793 2301
f 2295 2298 1773
f 1788 1772 2297
f 2300 2299 2404
f 1819 2238 1779
f 1791 1819 1779
f 2296 1806 1843
f 2301 2295 2297
f 1992 2135 2164
f 1992 2164 2102
f 2243 2302 2240
f 105 142 28
f 129 39 120
f 2303 191 193
f 119 128 582
f 223 224 61
f 104 2305 154
f 146 304 148
f 2307 578 107
f 215 2308 214
f 137 169 49
f 172 146 149
f 140 750 199
f 2304 212 126
f 590 593 224
f 273 63 334
f 192 162 193
f 236 162 290
f 217 240 194
f 147 250 200
f 253 170 307
f 223 61 852
f 392 2312 395
f 2313 293 167
f 195 296 297
f 2314 390 391
f 319 2311 186
f 590 224 223
f 2315 2380 380
f 385 384 381
f 389 390 2314
f 132 396 397
f 325 353 417
f 406 458 460
f 420 421 2382
f 325 417 416
f 420 411 431
f 417 412 416
f 424 420 431
f 2316 418 548
f 424 2316 421
f 2317 432 427
f 430 2316 548
f 427 432 426
f 401 399 456
f 459 2307 460
f 2317 423 432
f 489 463 313
f 2319 365 157
f 472 2319 495
f 495 2319 157
f 2318 499 542
f 2320 574 520
f 349 563 527
f 550 2321 551
f 578 2307 579
f 2306 582 183
f 119 2306 155
f 225 591 592
f 754 720 753
f 635 2322 685
f 101 697 48
f 754 753 721
f 665 2322 680
f 2322 743 685
f 783 768 765
f 770 779 772
f 788 2323 919
f 678 791 789
f 792 2324 786
f 2310 921 922
f 817 613 1427
f 761 756 822
f 761 822 766
f 914 966 1114
f 2323 1099 1132
f 2325 906 60
f 788 919 917
f 798 934 972
f 941 1051 940
f 1056 936 1007
f 1120 1056 732
f 1036 1064 1063
f 1080 1081 2326
f 2326 1102 1082
f 2328 2326 1101
f 1163 1160 1165
f 2329 1162 883
f 1247 1225 1254
f 1267 2331 1265
f 1240 1269 1220
f 1183 1360 1403
f 2332 1329 1894
f 1236 1289 1268
f 1310 2330 1263
f 2334 1336 1337
f 1329 2392 1337
f 1311 2334 1338
f 1285 1338 2392
f 2335 1444 840
f 1573 2336 1359
f 2336 1195 1359
f 1404 2338 1525
f 1400 1410 1363
f 1461 2339 1462
f 1543 1474 1416
f 1567 1419 1372
f 2340 1439 1203
f 2342 599 600
f 1541 1525 2337
f 2338 2337 1525
f 1481 1422 1483
f 2343 1686 1316
f 1502 1316 1621
f 1461 2336 1573
f 1483 1567 1485
f 1552 1571 1553
f 1601 1540 1537
f 1581 1582 1638
f 2346 1603 1584
f 1601 1581 1638
f 1601 1638 2345
f 2346 1606 1603
f 1502 1621 1501
f 1662 2347 1621
f 1628 2348 1625
f 2348 1631 1625
f 2349 1629 1628
f 2350 1648 1630
f 1542 1646 1473
f 1651 1590 2397
f 1738 1517 2355
f 2421 1673 1662
f 1316 1684 1662
f 1660 1681 1680
f 1686 2351 1684
f 2351 2352 1623
f 2352 1692 1691
f 2352 1691 1667
f 1684 2351 2421
f 2343 2353 1685
f 2354 1726 1695
f 1683 1738 2355
f 1738 1683 1739
f 2356 16 15
f 2356 1915 16
f 1784 1804 2405
f 1770 1791 1771
f 1804 1806 1805
f 1819 2357 2238
f 1829 2358 1861
f 2332 2359 1807
f 1880 2360 1879
f 1829 1861 1826
f 2361 1753 1752
f 1880 1879 1753
f 1968 1856 1795
f 2360 1983 1879
f 1994 1916 1881
f 2406 1945 1825
f 1994 1987 2356
f 2362 2363 1995
f 1994 1881 2253
f 2340 1441 1439
f 2407 1961 1896
f 2029 2081 2082
f 2411 2108 2033
f 2149 2033 2132
f 2363 2097 2047
f 2063 2365 2020
f 2178 2365 2019
f 2365 2116 2177
f 2115 1948 2114
f 2120 2144 2106
f 1821 2417 2126
f 2417 2133 2197
f 2120 2106 2145
f 2073 2364 2096
f 2158 2160 2418
f 2157 2215 2179
f 2367 2222 2192
f 2368 2409 2410
f 2211 2419 2196
f 2417 2197 2134
f 2369 2202 1876
f 2370 2208 2209
f 2215 2366 2160
f 2117 2157 2179
f 2233 2371 2228
f 2050 1884 2003
f 2262 2278 2268
f 2372 150 105
f 2 188 2282
f 2304 130 115
f 130 2304 129
f 129 2304 125
f 20 2303 193
f 24 25 135
f 103 76 143
f 2373 433 298
f 196 197 215
f 168 2375 216
f 195 241 299
f 258 2375 217
f 331 330 377
f 2377 401 285
f 98 2374 314
f 2376 2378 479
f 2379 348 402
f 272 379 158
f 2380 131 381
f 2376 343 283
f 419 2382 324
f 2381 451 456
f 479 2378 478
f 591 478 2378
f 406 489 458
f 2383 540 567
f 524 561 459
f 337 2378 2376
f 2378 337 592
f 2384 697 101
f 1136 1138 1139
f 635 680 2322
f 2386 1427 1489
f 2385 762 686
f 2387 695 830
f 2387 784 1005
f 788 2388 1099
f 932 2389 1006
f 906 333 60
f 855 69 68
f 941 870 831
f 995 2287 996
f 695 2387 1005
f 1030 1036 1034
f 787 2388 788
f 1038 942 1060
f 1038 1060 1039
f 1073 1075 1078
f 1073 1078 1077
f 1073 1077 1067
f 1102 2388 1049
f 1098 1136 1139
f 1121 1125 1124
f 849 1130 63
f 1098 1156 1134
f 2390 1106 1105
f 1126 1153 1155
f 614 1346 1486
f 1215 1285 2392
f 1337 2391 1335
f 1337 2392 2334
f 1264 1379 1305
f 1474 2393 1542
f 2335 841 1446
f 1462 1411 1409
f 2343 1502 1500
f 1402 2395 1360
f 1530 2394 1435
f 2395 1402 1526
f 1570 1568 1485
f 2395 1403 1360
f 1386 1616 1590
f 2400 1659 1606
f 1611 2345 1644
f 1386 1590 1650
f 1635 2396 1649
f 1646 1542 2396
f 2396 1542 2393
f 1651 2397 1643
f 1688 2398 1670
f 2399 1592 1657
f 1665 1660 2400
f 1671 1659 2399
f 2400 2399 1659
f 2401 1683 1672
f 2401 1670 2398
f 1670 2401 1593
f 1674 1673 2421
f 2398 1318 1739
f 1674 2421 1642
f 1623 1689 1642
f 1623 2352 1690
f 2402 1709 1694
f 1709 2402 1706
f 2403 1706 2402
f 1425 1734 1211
f 1930 1208 1928
f 1842 2404 2298
f 1789 1836 1803
f 189 2405 3
f 1845 2405 1804
f 2406 2410 1892
f 10 1919 11
f 1938 1939 2069
f 1938 2069 2015
f 1892 1943 2406
f 2410 2409 1892
f 2415 2063 1949
f 1903 1961 2407
f 1963 2407 1898
f 2411 1975 1821
f 2413 2266 2419
f 2409 2021 1952
f 2031 2032 1968
f 2039 1986 2416
f 2002 2050 1883
f 2414 1908 2149
f 1948 2415 2113
f 2415 1948 2063
f 2040 2416 2073
f 2138 2110 2098
f 2133 2417 2095
f 2161 2199 2197
f 2137 2138 2098
f 2122 2266 2414
f 2414 2093 2122
f 2418 2154 2072
f 2156 2418 2366
f 2156 2366 2157
f 2156 2175 2176
f 2410 2406 2192
f 1825 2192 2406
f 2049 2419 2211
f 2161 2197 2133
f 2420 2211 2224
f 2420 2001 2211
f 2212 2420 2224
f 2371 2233 2271
f 2272 2412 2270
f 2267 2268 2278
f 1292 1257 1287
f 2300 2404 1784
f 2298 2404 2299
f 2380 381 380
f 385 381 477
f 366 2382 421
f 2382 366 324
f 1052 1126 1155
f 1623 2421 2351
f 1 2405 2
f 1825 1945 1944
f 2038 1986 2039
f 2158 2418 2072