# https://github.com/mikedh/trimesh
v -0.16469395 0.08760571 0.02979244
v -0.16288888 0.07480604 0.04190927
v -0.16117696 0.04947781 0.04282126
v -0.14961821 0.01629636 0.04558224
v -0.14565873 -0.00937488 0.04640224
v -0.15289460 -0.07562216 0.05323153
v -0.15886682 -0.09778039 0.04876855
v -0.16426568 -0.11916967 0.04964251
v -0.17188741 -0.13529335 0.04559294
v -0.18248083 -0.16426824 0.03729772
v -0.18926868 -0.18800679 0.03533133
v -0.19424926 -0.20890413 0.03341186
v -0.19400427 -0.23031282 0.03051296
v -0.20722234 -0.24414967 0.03117967
v -0.20913662 -0.26263398 0.02844871
v -0.20196317 -0.28290349 0.03036364
v -0.21582805 -0.32098854 0.03039435
v -0.20847575 -0.35814238 0.03257718
v -0.20964332 -0.37685788 0.03008256
v -0.21978405 -0.42230856 0.03924834
v -0.22986738 -0.45238960 0.03117170
v -0.22914712 -0.47238281 0.03419959
v -0.23195963 -0.51060534 0.03905929
v -0.22764441 -0.52877325 0.04238845
v -0.22061811 -0.54372668 0.04672110
v -0.21965426 -0.54612243 0.04566462
v -0.21897127 -0.54857486 0.04449946
v -0.21839069 -0.55333591 0.06428592
v -0.21788935 -0.55364150 0.08395015
v -0.21715344 -0.55343729 0.10260871
v -0.21595520 -0.55286920 0.12132143
v -0.21391930 -0.55218172 0.13976502
v -0.21085107 -0.55115718 0.15812442
v -0.20448239 -0.55010968 0.17532155
v -0.19518900 -0.54941237 0.19098535
v -0.18317670 -0.54844499 0.20467909
v -0.16951565 -0.54739118 0.21733081
v -0.15415078 -0.54665160 0.22808653
v -0.13664275 -0.54692817 0.23420063
v -0.11861625 -0.54657382 0.23915607
v -0.10085276 -0.54575074 0.24326816
v -0.08305628 -0.54507005 0.24697261
v -0.06525002 -0.54428798 0.25058255
v -0.04744291 -0.54366839 0.25372052
v -0.02956910 -0.54305339 0.25638011
v -0.01178535 -0.54298288 0.25797912
v 0.00658182 -0.54344594 0.25836545
v 0.00583209 -0.51642656 0.22638577
v -0.00127484 -0.48664537 0.19507161
v 0.00502085 -0.47346818 0.18402664
v 0.00300513 -0.45428264 0.17164421
v -0.00006959 -0.43632385 0.16139998
v 0.00220314 -0.37838903 0.13929492
v 0.01256560 -0.34725559 0.14364141
v 0.00909994 -0.33387846 0.16215475
v 0.00635461 -0.29380184 0.14885357
v 0.00397145 -0.27887058 0.16373868
v 0.00221599 -0.23847951 0.17072193
v 0.00392537 -0.21848953 0.17835881
v 0.00502763 -0.19658567 0.17708454
v 0.00157112 -0.14990446 0.17557704
v 0.00495803 -0.07243527 0.16917126
v 0.00655942 -0.05537621 0.16686751
v 0.00691959 -0.03147914 0.16363558
v 0.00373165 -0.00802977 0.15776277
v 0.01705183 0.00447935 0.15726773
v 0.01367565 0.02584215 0.15827300
v 0.01004724 0.04772659 0.16011132
v 0.01863405 0.05998391 0.16193944
v 0.00957733 0.08840723 0.15561786
v 0.00688702 0.10876530 0.15222688
v 0.00394059 0.13206662 0.14726570
v 0.00731637 0.13071096 0.12874894
v 0.01294251 0.16707928 0.10059541
v -0.00270937 0.17111167 0.08923788
v -0.01897724 0.18334773 0.08250910
v -0.03310775 0.19791898 0.07161644
v -0.04371555 0.21748684 0.05702104
v -0.05115461 0.23868275 0.03617547
v -0.05863266 0.25937670 0.01510490
v -0.06540346 0.27371034 -0.01214129
v -0.06643242 0.27319595 -0.04486850
v -0.07887834 0.27078354 -0.03099934
v -0.09916960 0.26479238 -0.03261471
v -0.11792780 0.26097801 -0.02964766
v -0.12692739 0.25474060 -0.01217241
v -0.12899420 0.24782041 0.00480670
v -0.12457523 0.23785324 0.02075950
v -0.11794774 0.22415352 0.03413330
v -0.11446471 0.21114111 0.04617132
v -0.11490358 0.19415922 0.05901372
v -0.11952159 0.17479226 0.06945280
v -0.12940538 0.15657897 0.07859453
v -0.13943574 0.13735850 0.08048520
v -0.14952073 0.11819056 0.07403928
v -0.15857394 0.10087232 0.05764817
v -0.22052358 -0.51295567 0.08730049
v -0.09223115 -0.45082298 0.18759677
v -0.04940992 -0.50328404 0.20694713
v -0.02299280 -0.52194124 0.23298210
v 0.00805149 -0.53137207 0.24321721
v -0.03317833 0.14892694 0.10726683
v -0.02343993 0.16853142 0.09190486
v -0.08846532 0.26421395 -0.01357712
v -0.21933314 -0.53912872 0.08155240
v -0.21850570 -0.51516604 0.12485273
v -0.18439907 -0.45515707 0.18250410
v -0.10678229 0.26057947 -0.01665017
v -0.05461428 -0.53106898 0.23663531
v -0.02039922 -0.53436768 0.24786940
v -0.07351307 0.26276016 -0.00156115
v -0.04982755 0.20324406 0.06518577
v -0.21495764 -0.53515506 0.13039063
v -0.07037042 0.24508198 0.02169496
v -0.14564696 -0.50136763 0.21294494
v -0.03650657 -0.53422362 0.24394181
v -0.21310802 -0.53504682 0.14943571
v -0.10748976 0.24348514 0.01302541
v -0.08975504 -0.52983749 0.22748932
v -0.12584969 -0.53408271 0.22486942
v -0.07302821 -0.53764623 0.24031711
v -0.19928315 -0.53471780 0.18294191
v -0.10981861 0.23344381 0.02512433
v -0.09256419 0.23805435 0.02342777
v -0.16856460 -0.53281111 0.21583737
v -0.18629560 -0.52555531 0.20041519
v -0.10102855 0.22160037 0.03839165
v -0.07145225 -0.52383226 0.22396925
v -0.14922830 -0.52900106 0.21887094
v -0.13731311 -0.51649600 0.21877794
v -0.10907050 -0.13067982 0.13272411
v -0.09490428 0.00124013 0.12603714
v -0.14765334 0.06679545 0.10158596
v -0.22257125 -0.48181537 0.06779464
v -0.22839616 -0.51774532 0.05917367
v -0.20918509 -0.38336670 0.12136798
v -0.01558931 -0.49523792 0.20463780
v -0.01399733 -0.51144552 0.22106692
v -0.00734561 -0.52702087 0.23874474
v -0.01369008 0.13121082 0.11729944
v -0.08771230 0.13168125 0.12162867
v -0.22287615 -0.53580195 0.06218314
v -0.03962853 0.18038364 0.08235887
v -0.03921441 0.16159812 0.09574987
v -0.05603250 0.18635824 0.07560565
v -0.08524979 0.16778973 0.08640639
v -0.05308558 0.14535567 0.10789838
v -0.05814724 0.16858123 0.08933370
v -0.07676065 0.18068506 0.07752037
v -0.21761920 -0.52306056 0.10266704
v -0.20649706 -0.52891546 0.16429487
v -0.05217566 -0.51569420 0.21893939
v -0.06839769 -0.50661671 0.20618160
v -0.08652612 0.25180942 0.00600693
v -0.11021008 -0.53219229 0.22537220
v -0.06271144 -0.24545895 0.16525662
v -0.16094002 -0.20694038 0.09888498
v -0.06149439 -0.13107863 0.16086675
v -0.04626915 0.02435152 0.15414536
v -0.15194760 0.09972992 0.07544418
v -0.15854917 0.06606048 0.06840336
v -0.21553162 -0.44077921 0.07001603
v -0.22382186 -0.47991753 0.05013726
v -0.22532003 -0.49899063 0.05335172
v -0.22239225 -0.50348848 0.06964020
v -0.22368459 -0.52131605 0.07381970
v -0.20695285 -0.38279662 0.08162850
v -0.02121997 -0.43083087 0.15853745
v -0.00373395 -0.50162607 0.21014145
v -0.04680101 0.12360335 0.14239956
v -0.01154681 0.13598301 0.14002001
v -0.10073583 0.18215387 0.07126950
v -0.09507889 0.14971142 0.09717178
v -0.21489242 -0.51642197 0.14672095
v -0.19917566 -0.51468289 0.18327573
v -0.20865142 -0.50391352 0.16409527
v -0.03051420 -0.50804740 0.21714325
v -0.03480628 -0.49823275 0.20443854
v -0.05346941 -0.47528923 0.18259922
v -0.06194450 -0.49172929 0.19407856
v -0.03867697 -0.52150178 0.22931236
v -0.09337504 -0.48445737 0.19216794
v -0.09912855 -0.50264657 0.20178097
v -0.08078860 -0.49454868 0.19545130
v -0.07547283 -0.47509566 0.18401897
v -0.20526256 -0.25215292 0.06772097
v -0.16043091 -0.12951891 0.07337678
v -0.15998526 0.08715527 0.05412915
v -0.16162880 0.06268045 0.05210701
v -0.15567259 0.04626230 0.06774219
v -0.22359824 -0.45957091 0.04738145
v -0.21895894 -0.45889986 0.06357322
v -0.22308327 -0.43976933 0.05445918
v -0.02040104 -0.38693446 0.14415005
v -0.02314112 -0.34983411 0.13921756
v -0.01973405 -0.46271378 0.17565729
v -0.01430938 -0.44891027 0.16746098
v -0.00280851 0.15607236 0.10227524
v -0.01585023 0.14461401 0.10126795
v -0.05016403 0.14091228 0.12956753
v -0.02498049 0.10064524 0.15595785
v -0.01232947 0.11759907 0.15088083
v -0.13460985 0.13033915 0.08816866
v -0.12032381 0.14619537 0.09108290
v -0.10983808 0.16315891 0.08145195
v -0.10696992 0.13766170 0.10684142
v -0.12437748 0.10834625 0.11388130
v -0.10881322 0.12099377 0.11737882
v -0.12400694 0.12619220 0.10120521
v -0.19840300 -0.49163350 0.18151475
v -0.18538189 -0.50297457 0.19589105
v -0.16952945 -0.50456905 0.20199758
v -0.02601827 -0.48227420 0.18976063
v -0.03866360 -0.46827284 0.17778388
v -0.03284530 -0.44954014 0.16701500
v -0.04005864 -0.42979306 0.16347270
v -0.02153948 -0.40646183 0.15012062
v -0.01737524 -0.27352166 0.16232337
v -0.00158725 -0.26065922 0.16945340
v -0.01974892 -0.25173602 0.17061457
v -0.03798817 -0.27099407 0.16014008
v -0.20113058 -0.29347464 0.05315076
v -0.01160915 -0.13156433 0.17368028
v -0.01885413 -0.15272790 0.17389503
v -0.15056565 -0.09404324 0.07110845
v -0.14492913 -0.05726816 0.06499974
v -0.16937426 -0.14222036 0.06249344
v -0.15471266 -0.11121359 0.06951313
v -0.17651789 -0.15516295 0.05128288
v -0.00762953 0.01638953 0.15571702
v -0.13977431 0.00236681 0.06293020
v -0.14036147 -0.01854754 0.06295310
v -0.15471256 0.07914608 0.07937883
v -0.15677355 0.03660700 0.05134704
v -0.15236381 0.05610745 0.08728807
v -0.21959475 -0.42416006 0.05822128
v -0.21997702 -0.50055099 0.10775936
v -0.21080622 -0.39397395 0.03564307
v -0.20859222 -0.37047672 0.04704411
v -0.00208075 -0.39448878 0.14365315
v -0.00109598 -0.35817453 0.13661487
v -0.00827621 -0.32002264 0.16473494
v -0.01233257 -0.30185097 0.15207744
v -0.03430055 -0.28904036 0.14492774
v -0.00514677 -0.41426891 0.15127961
v -0.03976901 0.13586889 0.11793232
v -0.02874522 0.13840723 0.13465087
v -0.06860084 0.12649834 0.13430786
v -0.08436771 0.14585555 0.11204334
v -0.06569798 0.14519894 0.12071757
v -0.02579219 0.12559429 0.14472425
v -0.00740223 0.09754981 0.15600510
v -0.03951754 0.11004317 0.14912108
v -0.21541592 -0.50089926 0.14491259
v -0.18288048 -0.47930241 0.19004495
v -0.05937552 -0.42536449 0.17018765
v -0.06103599 -0.40197715 0.16504954
v -0.04283058 -0.39411151 0.15413572
v -0.05873302 -0.37948260 0.15491605
v -0.07640022 -0.43531793 0.17922878
v -0.05673965 -0.44507879 0.17107861
v -0.01443762 -0.22748528 0.17735671
v -0.01157050 -0.20932698 0.17496753
v -0.01921248 -0.19212687 0.17497170
v -0.00752183 -0.28307998 0.15040800
v -0.02099288 -0.28145212 0.14738473
v -0.20909891 -0.25545678 0.04514308
v -0.20836361 -0.29937041 0.03380008
v -0.21292995 -0.31022900 0.04832758
v -0.00022980 -0.10967865 0.17157535
v -0.01030983 -0.08609668 0.16962732
v -0.04384562 -0.11315319 0.16586064
v -0.01579465 -0.06474242 0.16676083
v -0.15007810 -0.05335991 0.04786605
v -0.14537002 -0.03446418 0.05247077
v -0.14963716 -0.12131532 0.08781180
v -0.18758316 -0.19718091 0.05552164
v -0.00611437 0.03855553 0.15860692
v -0.00933094 0.05750290 0.16296296
v -0.02916365 0.03144834 0.15698938
v -0.03067925 0.01041395 0.15337953
v -0.13060948 -0.01106613 0.07927400
v -0.13577406 -0.03584682 0.07381883
v -0.14844908 0.02691077 0.06754520
v -0.14712869 0.03703589 0.08615495
v -0.21619707 -0.47374663 0.08456574
v -0.21721762 -0.44460627 0.10546480
v -0.21354917 -0.45304266 0.08633252
v -0.20686902 -0.40572429 0.07917607
v -0.21585315 -0.42030588 0.07933404
v -0.20979714 -0.41353133 0.10500714
v -0.21772891 -0.43304807 0.09410142
v -0.20989372 -0.36760199 0.06388864
v -0.21526636 -0.33483016 0.03760552
v -0.01689251 -0.37011608 0.13939145
v -0.04901657 -0.34879848 0.14002758
v -0.03907545 -0.37120470 0.14325316
v -0.03297103 -0.34190103 0.14760864
v -0.00927203 -0.34129360 0.15498185
v 0.00511927 -0.31180716 0.16266729
v -0.04210144 -0.31904602 0.16451509
v -0.08671759 0.09759106 0.14790006
v -0.10553613 0.10556360 0.13235773
v -0.07019623 0.15342635 0.10041621
v -0.00778419 0.07740871 0.15906192
v -0.04657991 0.09661374 0.15657093
v -0.06460663 0.10711120 0.14623031
v -0.06794182 0.08761277 0.15871878
v -0.08827765 0.11485405 0.13410006
v -0.20861024 -0.48735502 0.16381381
v -0.19666690 -0.47306404 0.17935690
v -0.16806342 -0.48671329 0.19489810
v -0.13991824 -0.43175426 0.18307647
v -0.07547354 -0.45586538 0.17914239
v -0.03946535 -0.18936355 0.17133884
v -0.05032624 -0.22812408 0.17108554
v -0.05271389 -0.21014543 0.16576657
v -0.18552434 -0.22079015 0.05196907
v -0.19918026 -0.23676017 0.06402359
v -0.18280450 -0.20827761 0.07269868
v -0.17240936 -0.21886308 0.08564111
v -0.18369754 -0.23221149 0.07071236
v -0.19419903 -0.24147849 0.08660484
v -0.19538949 -0.26515070 0.08236445
v -0.21381725 -0.32601780 0.06143117
v -0.20891653 -0.30401355 0.07025959
v -0.19828537 -0.28688082 0.07100631
v -0.02184078 -0.10808721 0.16996346
v -0.02882786 -0.08598454 0.16725196
v -0.03946599 -0.07101889 0.16283728
v -0.05191792 -0.08527713 0.15940239
v -0.04847505 -0.06232398 0.15830889
v 0.00935712 -0.17034468 0.17643301
v -0.00944671 -0.04244883 0.16421759
v -0.00921294 -0.02257539 0.16018292
v -0.04216293 -0.03905413 0.15667918
v -0.13701747 -0.05960415 0.08143240
v -0.02698815 0.06592192 0.16301160
v -0.02408453 0.04788032 0.16219543
v -0.06317853 0.03752045 0.15867262
v -0.06049965 -0.00354747 0.14397717
v -0.01778812 -0.00663957 0.15588436
v -0.12540275 -0.03079098 0.08797209
v -0.11056135 0.00216264 0.11223464
v -0.14224367 0.04562390 0.10722280
v -0.22163716 -0.49140504 0.08744651
v -0.21288662 -0.46422207 0.10441963
v -0.21755572 -0.49344078 0.12787774
v -0.21493825 -0.48183462 0.14545649
v -0.20674612 -0.39110678 0.05825782
v -0.21157953 -0.41017285 0.05566960
v -0.20547225 -0.39503244 0.10215171
v -0.21387742 -0.34743017 0.05241176
v -0.06015179 -0.35935110 0.14820437
v -0.02674180 -0.30366459 0.16100273
v -0.02787234 0.08535658 0.15981272
v -0.15448064 -0.49036884 0.20499368
v -0.12923746 -0.46246186 0.19959560
v -0.07583158 -0.38896564 0.16501743
v -0.02720302 -0.16887914 0.17316097
v -0.03203918 -0.21440120 0.17123987
v -0.10076322 -0.21223293 0.14335878
v -0.07082113 -0.22554764 0.16601591
v -0.17594326 -0.23421124 0.08702360
v -0.16950513 -0.19567370 0.08776232
v -0.17935631 -0.26164597 0.09477881
v -0.21032020 -0.26961565 0.06563633
v -0.20817459 -0.27668205 0.05007815
v -0.02638044 -0.02776405 0.15881033
v -0.02789934 -0.05070359 0.16272400
v -0.04193188 0.04821655 0.16239657
v -0.05947491 0.05284459 0.16364616
v -0.04662464 0.00437979 0.15068397
v -0.04096008 -0.01247217 0.15145653
v -0.05702674 -0.04966239 0.15203165
v -0.07355122 -0.06362551 0.14473537
v -0.06602987 -0.07729562 0.15138455
v -0.07230530 -0.09671543 0.15030423
v -0.06051099 -0.11187667 0.15942386
v -0.08032349 -0.11910653 0.14952280
v -0.09254818 -0.14160468 0.14560509
v -0.06334686 -0.15332872 0.16167325
v -0.08439637 -0.08055403 0.13876364
v -0.07875102 -0.14310485 0.15364340
v -0.08169298 -0.16311035 0.15326130
v -0.10160310 -0.09648881 0.12893313
v -0.06865491 -0.17526147 0.16081689
v -0.04944172 -0.17101699 0.16803397
v -0.09387040 -0.19391479 0.14616662
v -0.07529461 -0.20292521 0.15590492
v -0.06153690 -0.18969971 0.16448388
v -0.11051817 -0.04062207 0.10630929
v -0.10262798 -0.06095546 0.12060571
v -0.09383482 -0.04307157 0.12329033
v -0.11688765 -0.01374968 0.09914397
v -0.08408739 -0.02125853 0.13058676
v -0.07572633 -0.00816871 0.13647413
v -0.06188002 -0.02639573 0.14612764
v -0.12282614 0.02006111 0.11354644
v -0.11568917 0.07597537 0.14317946
v -0.13555723 0.02809504 0.10235567
v -0.21301425 -0.47515583 0.12320574
v -0.04761995 0.07311585 0.16327690
v -0.11055487 -0.48937565 0.20109692
v -0.12055467 -0.50346726 0.20922749
v -0.16600747 -0.46157384 0.18422070
v -0.14901127 -0.47291282 0.19871794
v -0.10422090 -0.43537530 0.18985762
v -0.04254696 -0.24951157 0.16818781
v -0.16130875 -0.15136355 0.08174453
v -0.19307297 -0.30359244 0.08820434
v -0.21046187 -0.33727637 0.09779005
v -0.21026991 -0.35396957 0.11152443
v -0.20964709 -0.37526295 0.10586102
v -0.20049815 -0.31701365 0.10154580
v -0.20987138 -0.31913012 0.08589768
v -0.21331190 -0.34122384 0.07572096
v -0.16279684 -0.29036027 0.14157313
v -0.20382500 -0.28162342 0.08663113
v -0.19250514 -0.28640842 0.10645498
v -0.18186873 -0.27016595 0.10724151
v -0.08369040 -0.33054075 0.14787377
v -0.17911275 -0.34079808 0.15249057
v -0.17804922 -0.28879493 0.12647872
v -0.06944624 -0.33663625 0.14465061
v -0.17413034 -0.31265235 0.12976080
v -0.19278827 -0.32430461 0.12395145
v -0.20395783 -0.33651590 0.11320438
v -0.16217855 -0.31077006 0.15089414
v -0.15982461 -0.25746614 0.10674687
v -0.18270874 -0.30766451 0.11085919
v -0.17824715 -0.32155457 0.14242367
v -0.05201076 -0.33472669 0.15600571
v -0.14312102 -0.10740490 0.08937021
v -0.12954351 -0.10092963 0.10468987
v -0.09827223 -0.17504960 0.14529315
v -0.10087026 -0.07676351 0.12496007
v -0.08991909 -0.06095619 0.13155189
v -0.06390692 0.01804339 0.14840703
v -0.09860300 0.03197335 0.14640898
v -0.08126365 0.03192589 0.15319432
v -0.08286310 0.05151276 0.16150118
v -0.08228654 0.01301622 0.14009343
v -0.09951594 0.02104519 0.13709828
v -0.07591412 -0.04484361 0.13890260
v -0.12560226 0.00799509 0.09663805
v -0.10401991 0.09037222 0.14482583
v -0.12174472 0.09300759 0.12883927
v -0.09476383 0.07304531 0.15737191
v -0.13670912 0.09117305 0.11126348
v -0.13699661 0.05478134 0.12120346
v -0.11352487 0.04676704 0.14465231
v -0.12986802 0.07752076 0.12819040
v -0.11478543 0.03143334 0.13499738
v -0.09718085 0.04510197 0.15408698
v -0.12848377 0.03910924 0.12535390
v -0.13098288 -0.48386803 0.20698094
v -0.15562212 -0.44783318 0.18263042
v -0.17934161 -0.41764531 0.17286994
v -0.17274223 -0.44069141 0.17995803
v -0.20752478 -0.39770326 0.12618989
v -0.09019312 -0.43083996 0.18419997
v -0.12580125 -0.44214791 0.18585448
v -0.07947259 -0.41263744 0.17563672
v -0.09217393 -0.39874929 0.17373303
v -0.09941605 -0.41770002 0.18173888
v -0.11759709 -0.42059568 0.18567261
v -0.03168119 -0.23457992 0.17465287
v -0.16309887 -0.17387189 0.08924527
v -0.15195525 -0.15978122 0.09877875
v -0.13206124 -0.16264717 0.11960818
v -0.14409629 -0.16803226 0.11013879
v -0.14217590 -0.25220254 0.11677269
v -0.08155041 -0.35097355 0.15214357
v -0.11476193 -0.33513060 0.14888199
v -0.20924851 -0.36455628 0.12721616
v -0.10247003 -0.15421584 0.13908897
v -0.11812398 -0.09138061 0.11328921
v -0.11633614 -0.06759877 0.10909601
v -0.10988112 0.01628503 0.12429219
v -0.07233518 0.06792776 0.16352826
v -0.08481299 0.08419368 0.15682541
v -0.13835426 0.11083174 0.09394133
v -0.14661738 0.08859138 0.09487067
v -0.14016159 0.07308078 0.11504275
v -0.10619001 0.06071522 0.15208580
v -0.21642525 -0.42945209 0.11595591
v -0.11637719 -0.47537923 0.19749753
v -0.14536223 -0.45715937 0.18690646
v -0.11266031 -0.45344275 0.19598426
v -0.10592531 -0.38537735 0.17331566
v -0.11684822 -0.17002170 0.13239104
v -0.11446720 -0.19218618 0.13297960
v -0.13287824 -0.18099275 0.12022226
v -0.14595054 -0.19209562 0.11048555
v -0.09170425 -0.22653474 0.15820298
v -0.08503616 -0.21141730 0.15268806
v -0.12106334 -0.14752810 0.12409393
v -0.14836879 -0.13822180 0.09392002
v -0.14733428 -0.22869343 0.11441020
v -0.16117764 -0.23890480 0.12246443
v -0.16073625 -0.22858568 0.10033169
v -0.04390232 -0.29923549 0.15865783
v -0.05913616 -0.30996567 0.16430260
v -0.07627127 -0.29788604 0.15979730
v -0.08955880 -0.31825650 0.16365607
v -0.09111603 -0.29804480 0.16019529
v -0.10758339 -0.31322077 0.16388723
v -0.14580491 -0.29603463 0.15114555
v -0.12737332 -0.29889494 0.15690058
v -0.07235066 -0.32120109 0.16324839
v -0.08053283 -0.36734813 0.15929337
v -0.10112375 -0.35370058 0.15962178
v -0.12629351 -0.35276642 0.15821806
v -0.13567655 -0.33309883 0.15074013
v -0.11327490 -0.36761039 0.16819087
v -0.09695984 -0.33327016 0.14778246
v -0.20251386 -0.34715566 0.12820537
v -0.17194305 -0.36150604 0.15928015
v -0.18627749 -0.36345434 0.14513654
v -0.16373760 -0.35061926 0.15293555
v -0.14334017 -0.31403619 0.16021293
v -0.16044456 -0.42618805 0.17688303
v -0.15993065 -0.41180429 0.17292640
v -0.14178054 -0.39713159 0.17517935
v -0.21308863 -0.41121697 0.13075179
v -0.21459559 -0.46181419 0.14533637
v -0.13247022 -0.40881631 0.18109769
v -0.11197817 -0.40024129 0.17896909
v -0.09343889 -0.37587225 0.16732313
v -0.17569019 -0.18728387 0.07475452
v -0.17081665 -0.16566476 0.07144470
v -0.18069182 -0.17764184 0.05703768
v -0.08359324 -0.24706474 0.15966260
v -0.10185474 -0.24541289 0.15285283
v -0.07375753 -0.26056176 0.15409237
v -0.05847348 -0.26405966 0.15695147
v -0.14501177 -0.23872696 0.13408698
v -0.11676436 -0.21821350 0.13460767
v -0.07706264 -0.28737515 0.14467679
v -0.12753329 -0.12970339 0.11692055
v -0.13577937 -0.14815743 0.11095737
v -0.14797802 -0.21157347 0.11115506
v -0.13236256 -0.20629708 0.12171720
v -0.17723632 -0.23941299 0.10792664
v -0.14102304 -0.28087145 0.14187348
v -0.12865347 -0.26853931 0.12657481
v -0.15214404 -0.27245876 0.12485082
v -0.10967975 -0.28985301 0.15364009
v -0.09426595 -0.28209558 0.13944690
v -0.08801538 -0.25942749 0.13858356
v -0.10843274 -0.27483374 0.13429524
v -0.11025628 -0.25338721 0.13147767
v -0.12027262 -0.28160954 0.14511222
v -0.13493040 -0.36873358 0.16900858
v -0.15274709 -0.36280680 0.16461284
v -0.12334532 -0.38355562 0.17514770
v -0.15978262 -0.33130506 0.15796086
v -0.20758092 -0.38025641 0.13915092
v -0.15644872 -0.39504933 0.17310661
v -0.17322648 -0.39922875 0.16776735
v -0.21749416 -0.45070398 0.12554875
v -0.20919426 -0.47293016 0.15983999
v -0.10725717 -0.22592284 0.15083477
v -0.12436796 -0.23677352 0.14644374
v -0.12813427 -0.24523708 0.12823124
v -0.05707192 -0.28879315 0.15193211
v -0.11638391 -0.11348701 0.12224752
v -0.13315463 -0.22531244 0.12516509
v -0.14437366 -0.38172990 0.17356990
v -0.14708209 -0.35196346 0.15317801
v -0.16108610 -0.38025385 0.16090062
v -0.20728827 -0.39986974 0.14696926
v -0.19282015 -0.38450167 0.14660993
v -0.17837372 -0.38511208 0.15233569
v -0.21505971 -0.42834130 0.13161248
v -0.20954627 -0.44338778 0.14581336
v -0.20198137 -0.45269454 0.16700807
v -0.19845998 -0.42848390 0.16322216
v -0.19305260 -0.40315619 0.16040418
v -0.20625192 -0.42120898 0.14678098
v -0.08727159 -0.51327789 0.21045175
v -0.06168488 0.23163870 0.04085079
v -0.08011076 0.23006295 0.03551717
v -0.06583442 0.21786073 0.05116142
v -0.08888173 0.19788626 0.06133714
v -0.07175252 0.20036492 0.06278889
v -0.08511920 0.21471262 0.04815251
v -0.10061765 0.20877714 0.05042424
v -0.03501056 -0.13097306 0.16987127
v -0.13783823 -0.08757231 0.09135488
v -0.14216165 -0.07546597 0.08069456
v -0.04412605 -0.15082107 0.16833514
v -0.12686759 -0.32035074 0.16030470
v 0.16744174 0.08891137 0.02159641
v 0.16536018 0.05307580 0.03553038
v 0.15984006 0.03187457 0.04205714
v 0.14877042 -0.03063226 0.03874860
v 0.15132503 -0.05120751 0.03728382
v 0.15671578 -0.07128298 0.03700690
v 0.16007107 -0.09221604 0.03636527
v 0.16647524 -0.11480457 0.03893535
v 0.17880028 -0.15140451 0.03807910
v 0.18455473 -0.16901742 0.02989137
v 0.20036332 -0.22889292 0.02744420
v 0.21427499 -0.30270100 0.02423951
v 0.21742430 -0.32058421 0.02442896
v 0.21605860 -0.34012216 0.02574078
v 0.22079927 -0.35924628 0.02630605
v 0.22337554 -0.37580600 0.02762165
v 0.21959713 -0.39724019 0.02132585
v 0.22451407 -0.41274321 0.03214773
v 0.23375198 -0.46587232 0.03598986
v 0.23216739 -0.48497543 0.02819715
v 0.22798730 -0.51152730 0.03482573
v 0.22602132 -0.53109938 0.03811470
v 0.22553380 -0.54744488 0.04300436
v 0.22531702 -0.55027461 0.04210831
v 0.22538246 -0.55310053 0.04113013
v 0.22242776 -0.55446762 0.05962778
v 0.22026315 -0.55445564 0.07900792
v 0.21957354 -0.55423623 0.09749202
v 0.21847227 -0.55368531 0.11598493
v 0.21730866 -0.55304676 0.13434711
v 0.21541855 -0.55200720 0.15256307
v 0.21166418 -0.55069852 0.17041060
v 0.20445487 -0.54921097 0.18702212
v 0.19468325 -0.54767329 0.20205675
v 0.18125184 -0.54638189 0.21430348
v 0.16665444 -0.54500294 0.22532171
v 0.14999504 -0.54411107 0.23325983
v 0.13266250 -0.54355556 0.23910646
v 0.11493579 -0.54329818 0.24364138
v 0.09681699 -0.54312408 0.24771923
v 0.07880245 -0.54284459 0.25140947
v 0.06148117 -0.54225159 0.25457346
v 0.04344225 -0.54218632 0.25681299
v 0.02514984 -0.54273111 0.25795496
v 0.01534060 0.17562735 0.08588341
v 0.03025251 0.19065970 0.07838182
v 0.04280572 0.20693612 0.06699037
v 0.05084611 0.22742185 0.05132818
v 0.05644752 0.24643081 0.03064117
v 0.06284003 0.26525488 0.00944746
v 0.06820979 0.27746642 -0.01864824
v 0.06878763 0.27329886 -0.05103302
v 0.09956568 0.26916108 -0.03568239
v 0.12092201 0.26509285 -0.03426424
v 0.13030896 0.25892636 -0.01749557
v 0.13318786 0.25473598 -0.00014836
v 0.12910517 0.24663505 0.01598983
v 0.12417775 0.23506688 0.02818201
v 0.12119102 0.22065608 0.04155805
v 0.12216219 0.20359828 0.05431006
v 0.12790127 0.18359154 0.06413889
v 0.13683499 0.16303638 0.06993563
v 0.14678532 0.14291041 0.07246096
v 0.15744251 0.12319446 0.06584512
v 0.16555348 0.10354692 0.05147463
v 0.04339992 -0.51629210 0.22814743
v 0.01453715 0.15713188 0.08992235
v 0.07922065 0.17167577 0.08873767
v 0.08159386 0.27421299 -0.03656904
v 0.22581738 -0.46756276 0.11212016
v 0.08905742 -0.51757520 0.22011784
v 0.07202736 0.20096028 0.06609540
v 0.08182925 0.23288617 0.03600080
v 0.09206128 0.26905513 -0.01832982
v 0.07331806 0.25442842 0.01468005
v 0.22798790 -0.50471777 0.12197703
v 0.04935604 -0.53195274 0.24424401
v 0.05827805 0.21394728 0.05962387
v 0.06359690 0.23510686 0.04092707
v 0.11080486 0.26307318 -0.01342443
v 0.10797343 0.25151348 0.00733780
v 0.07691844 0.26918641 -0.00757728
v 0.15067011 -0.51547825 0.21281162
v 0.21979931 -0.50686628 0.15255164
v 0.22222385 -0.54398054 0.07247829
v 0.09324147 -0.53280991 0.23664230
v 0.12046845 -0.53105426 0.23068509
v 0.15574634 -0.53044719 0.22332254
v 0.22038552 -0.53730643 0.12710726
v 0.20796473 -0.53199512 0.18010010
v 0.06522739 -0.52659899 0.23516102
v 0.18528059 -0.52670014 0.20798968
v 0.16928813 -0.51833528 0.21402299
v 0.13940461 -0.53243697 0.22819559
v 0.16925874 -0.53204221 0.21961957
v 0.14761445 -0.25966689 0.14033559
v 0.10592714 0.00376406 0.13423271
v 0.15068795 0.07766943 0.10682034
v 0.03610572 -0.49978369 0.21028817
v 0.04352137 0.14515300 0.11167404
v 0.07707201 -0.38427839 0.16725084
v 0.23133883 -0.46734676 0.07618935
v 0.02187943 -0.52309698 0.23430389
v 0.02326396 -0.51081955 0.22150576
v 0.07604107 0.24377544 0.02643489
v 0.07507567 0.21993713 0.05068411
v 0.09237826 0.20353994 0.05996349
v 0.09789291 0.21766634 0.04637199
v 0.10871435 0.20724134 0.05373880
v 0.11198374 0.19176136 0.06442038
v 0.10402054 0.22886118 0.03475763
v 0.09908195 0.18387426 0.07367408
v 0.11789307 0.16817974 0.07832801
v 0.06522795 0.18484066 0.07896324
v 0.08328734 0.18722683 0.07509695
v 0.10371516 0.13081327 0.12066130
v 0.02989269 0.16992843 0.09305944
v 0.10075188 0.14605322 0.10390552
v 0.09782796 0.16552085 0.08887272
v 0.22457348 -0.53649318 0.05720980
v 0.23246342 -0.52402848 0.05286722
v 0.22872765 -0.52584815 0.07560937
v 0.22915347 -0.49696448 0.10128751
v 0.23186569 -0.51062071 0.08603125
v 0.22810197 -0.51589978 0.10594611
v 0.22992444 -0.49217826 0.08085038
v 0.23476782 -0.50202870 0.05291788
v 0.22251958 -0.53724426 0.10918648
v 0.22438851 -0.53240758 0.09213834
v 0.22636026 -0.48477903 0.11524682
v 0.22656575 -0.48149362 0.09478430
v 0.22325365 -0.51776165 0.13794570
v 0.21890947 -0.53085250 0.14702760
v 0.21442388 -0.52995080 0.16463730
v 0.08831593 0.25877669 0.00179113
v 0.20307164 -0.50940615 0.18865751
v 0.18915971 -0.24964400 0.09223542
v 0.07813516 -0.29545075 0.15351790
v 0.15058552 -0.12187694 0.09049106
v 0.07879359 -0.08136547 0.14927998
v 0.15642247 0.09827515 0.07967687
v 0.01427621 -0.49853596 0.20781140
v 0.13296160 0.14879514 0.08343041
v 0.11548923 0.14861064 0.09433328
v 0.11866864 0.13143857 0.10922252
v 0.23492433 -0.46578860 0.05481110
v 0.23144794 -0.41888463 0.06207957
v 0.05165047 -0.50258571 0.20778286
v 0.06720993 -0.51452845 0.21878009
v 0.05331231 0.19538504 0.07287011
v 0.04962743 0.17716639 0.08639283
v 0.04682056 0.16010895 0.09920822
v 0.06406812 0.16957921 0.09155930
v 0.06346913 0.15310121 0.10643494
v 0.02841131 0.15328591 0.10500437
v 0.00833189 0.13767345 0.10440254
v 0.02685490 0.13430625 0.11854447
v 0.22532906 -0.52195734 0.12118570
v 0.23438755 -0.50828946 0.06705770
v 0.23451690 -0.48725733 0.06392941
v 0.23502900 -0.48560771 0.04748651
v 0.17189947 -0.48429751 0.19612175
v 0.13967180 -0.49633548 0.20135275
v 0.11727636 -0.46496323 0.18793720
v 0.13574590 -0.47870237 0.19107471
v 0.16245247 -0.50134325 0.20483801
v 0.15772949 -0.48302421 0.19305661
v 0.18517792 -0.50467920 0.20277932
v 0.19244553 -0.49015909 0.19432516
v 0.18064076 -0.44623873 0.18254317
v 0.13361016 -0.45840108 0.18669084
v 0.15193158 -0.46563455 0.18545765
v 0.16382927 -0.44596532 0.17956708
v 0.12262005 -0.44073462 0.17982695
v 0.10070632 -0.44954672 0.18036461
v 0.10605481 -0.42637283 0.17361365
v 0.12628210 -0.41962990 0.16790779
v 0.08797984 -0.42848781 0.17525396
v 0.15773097 -0.42411071 0.17111014
v 0.13800639 -0.43047506 0.17243901
v 0.08427248 -0.45943648 0.18887448
v 0.10292290 -0.46791944 0.19385657
v 0.08424302 -0.47344154 0.19605607
v 0.08308308 -0.48982686 0.20274077
v 0.08974592 -0.41331169 0.16579540
v 0.19721052 -0.42244932 0.16038296
v 0.22516052 -0.47467726 0.14357284
v 0.17995532 -0.42789039 0.17617345
v 0.14280044 -0.44396883 0.18015334
v 0.10758497 -0.40780103 0.16573639
v 0.07642250 -0.44189924 0.17932409
v 0.06946894 -0.42604473 0.17161803
v 0.22634786 -0.46852174 0.13031371
v 0.22426188 -0.45100209 0.14828104
v 0.22164208 -0.48871520 0.15175603
v 0.06261460 -0.45843637 0.17852449
v 0.22577609 -0.49506867 0.13696150
v 0.06335516 -0.41338524 0.16219482
v 0.03967810 -0.45360577 0.16935310
v 0.05483906 -0.43909749 0.16870476
v 0.13156609 -0.51546812 0.21682575
v 0.09919862 -0.49922681 0.20997149
v 0.19347784 -0.24979372 0.05561419
v 0.03881342 -0.22515404 0.16751285
v 0.05048935 -0.33837393 0.15153620
v 0.13846727 -0.03189508 0.07155189
v 0.14282808 0.00529440 0.07241390
v 0.04825458 0.03432165 0.16149788
v 0.03920765 -0.00336224 0.15775424
v 0.02731055 -0.03970124 0.16433202
v 0.16223797 0.04795248 0.05788228
v 0.16270106 0.06667327 0.06799486
v 0.16547656 0.06658813 0.05016618
v 0.15815978 0.04630217 0.07618678
v 0.15998267 0.10528526 0.06556471
v 0.14430475 0.12925629 0.08289025
v 0.16553350 0.08916965 0.04750431
v 0.01936764 -0.48082161 0.19150467
v 0.08397685 0.14118521 0.11320010
v 0.12936489 0.10369486 0.12252346
v 0.02478137 0.13700391 0.14002132
v 0.02086736 -0.39208961 0.14483386
v 0.23272310 -0.44648764 0.04568001
v 0.22966605 -0.40710023 0.05031054
v 0.22429723 -0.37046897 0.04596158
v 0.04457229 0.14166120 0.13053241
v 0.18806516 -0.47252259 0.19020793
v 0.16988868 -0.46530700 0.18754202
v 0.04547621 -0.48757663 0.19341707
v 0.06316409 -0.48699445 0.19460800
v 0.06516989 -0.47372314 0.18710732
v 0.06525109 -0.49997944 0.20493591
v 0.21515819 -0.48911646 0.16995248
v 0.03216896 -0.43542889 0.15988772
v 0.04175505 -0.40453312 0.15587401
v 0.06830089 -0.39762789 0.16582122
v 0.05783170 -0.37507764 0.15630317
v 0.02058960 -0.44779992 0.16616417
v 0.02313586 -0.46312907 0.17520772
v 0.11083211 -0.51741993 0.21998066
v 0.11948331 -0.49858308 0.20962694
v 0.11874831 -0.48393151 0.19986707
v 0.08245481 -0.50504434 0.21002214
v 0.20071392 -0.23137948 0.05080224
v 0.20957071 -0.27624366 0.05104056
v 0.19383870 -0.24356297 0.03308883
v 0.20142019 -0.26353899 0.03587423
v 0.04857169 -0.18932536 0.17293216
v 0.03358009 -0.35188633 0.14097077
v 0.17324224 -0.13444442 0.04045150
v 0.16648710 -0.12702462 0.05881752
v 0.17858955 -0.16387184 0.05454825
v 0.16051221 -0.10365759 0.05437899
v 0.15560962 -0.09391055 0.06626694
v 0.02337684 -0.07014031 0.16808599
v 0.02923919 -0.15184566 0.17442316
v 0.03180157 -0.12782922 0.17207651
v 0.01043409 -0.13153473 0.17424217
v 0.14934419 0.00890363 0.04733936
v 0.15421073 0.02625432 0.06072182
v 0.02674302 0.03955780 0.15977474
v 0.03840054 0.01619125 0.16022682
v 0.04035953 -0.47307739 0.18137176
v 0.08453146 0.15679793 0.10016671
v 0.06416017 0.13720496 0.12072144
v 0.07503234 0.11322895 0.14265803
v 0.06398585 0.12887737 0.13870452
v 0.03842593 0.12327868 0.14566769
v 0.08592805 0.12975194 0.13069572
v 0.01635905 0.11973015 0.14930956
v 0.02853599 0.10086102 0.15147340
v 0.19578877 -0.43916711 0.17151253
v 0.03201081 -0.48755395 0.19723690
v 0.20555483 -0.49592710 0.18350476
v 0.21193950 -0.50880277 0.17501247
v 0.05224822 -0.39341938 0.15994407
v 0.10148773 -0.48297948 0.20295155
v 0.19473782 -0.21036698 0.03747337
v 0.18865547 -0.21691862 0.05984808
v 0.19692454 -0.23425037 0.07442845
v 0.17973945 -0.22105077 0.07832360
v 0.20276640 -0.26669145 0.06106471
v 0.20089842 -0.26495355 0.08364150
v 0.18444815 -0.22924851 0.09769476
v 0.16788557 -0.21473464 0.09063038
v 0.21186848 -0.28611752 0.03405869
v 0.21261477 -0.29345757 0.05769514
v 0.21033753 -0.28016365 0.07462149
v 0.20662087 -0.30079931 0.07923999
v 0.19939472 -0.26488012 0.09782308
v 0.22140452 -0.32928401 0.04158905
v 0.21581671 -0.30940154 0.04124191
v 0.01732276 -0.22901440 0.17056389
v 0.01864455 -0.25648919 0.17044172
v 0.02249847 -0.30454332 0.15087651
v 0.02480706 -0.31875730 0.16707768
v 0.15787956 -0.11544226 0.07325891
v 0.18492083 -0.17855115 0.04691342
v 0.18969543 -0.18837608 0.03333193
v 0.18071963 -0.19841883 0.07734801
v 0.16903037 -0.18391429 0.08842407
v 0.17785653 -0.17908734 0.06879101
v 0.16817218 -0.16366023 0.07812823
v 0.15619163 -0.17291731 0.09885268
v 0.16712388 -0.19821650 0.09856018
v 0.17293814 -0.14952040 0.06050140
v 0.16204157 -0.13952421 0.07864878
v 0.13488741 -0.18965504 0.12920277
v 0.15566412 -0.07969840 0.05373917
v 0.14058751 -0.05367283 0.07670116
v 0.15082033 -0.06174801 0.05678543
v 0.02710691 -0.18057492 0.17550674
v 0.04829407 -0.16447568 0.17104673
v 0.03061200 0.07968099 0.15807885
v 0.04221544 -0.02491926 0.16201895
v 0.05603439 -0.01684214 0.15905672
v 0.02251126 -0.01917232 0.16200781
v 0.21958016 -0.35272434 0.04980585
v 0.22292246 -0.33538982 0.06572710
v 0.22708823 -0.38112429 0.07930657
v 0.22721161 -0.39182389 0.04113406
v 0.19191727 -0.45829231 0.18358991
v 0.21849261 -0.46698710 0.16207986
v 0.20504597 -0.46503145 0.17597871
v 0.20918196 -0.45109805 0.16868654
v 0.20572653 -0.47898725 0.17887887
v 0.01466357 -0.42871749 0.15619646
v 0.02883228 -0.41459695 0.15234853
v 0.08047059 -0.36122826 0.15369996
v 0.19309978 -0.25585413 0.07454195
v 0.16733448 -0.22260678 0.10973480
v 0.15317820 -0.21144794 0.10496712
v 0.16490987 -0.24919981 0.12751126
v 0.17886579 -0.26287940 0.11740898
v 0.15694495 -0.22603613 0.12184595
v 0.17518830 -0.24134856 0.11571934
v 0.04786839 -0.24288833 0.17087702
v 0.03248141 -0.24935964 0.17171858
v 0.07562233 -0.25917506 0.16443767
v 0.06294706 -0.23593992 0.16090535
v 0.06082346 -0.25405949 0.17003761
v 0.05956955 -0.27560103 0.15976958
v 0.03043882 -0.33923155 0.15617737
v 0.04313599 -0.32285112 0.16901965
v 0.06232630 -0.32508859 0.16800414
v 0.01907402 -0.37074256 0.13804479
v 0.03805549 -0.38149604 0.15047553
v 0.13523477 -0.12249216 0.11121529
v 0.18718061 -0.19439790 0.05405795
v 0.15769386 -0.15593153 0.09466621
v 0.13464537 -0.21447398 0.12100389
v 0.14845490 -0.19555713 0.11819169
v 0.10460366 -0.20882563 0.14570642
v 0.14542529 -0.23547317 0.13591570
v 0.12305470 -0.20252165 0.13492388
v 0.11584715 -0.21969028 0.13432875
v 0.15665092 -0.18743457 0.10647210
v 0.14731699 -0.04589799 0.05560661
v 0.14693400 -0.07556970 0.07541341
v 0.14922801 -0.10198386 0.08391950
v 0.01362635 -0.09410816 0.17018260
v 0.03557389 -0.10886420 0.16953351
v 0.05667685 -0.10566020 0.16350007
v 0.07154271 -0.12017015 0.15988934
v 0.03937454 -0.08859143 0.16698800
v 0.14498304 -0.03010032 0.05384838
v 0.14808778 -0.01272208 0.04278634
v 0.13349861 -0.01564434 0.08389802
v 0.07242920 0.03582873 0.16065291
v 0.06502482 0.04911019 0.16271999
v 0.08291177 0.02146561 0.15423429
v 0.22399053 -0.37438592 0.06358667
v 0.22761412 -0.40334249 0.07041543
v 0.09458529 -0.36947837 0.16492757
v 0.05547921 -0.35650733 0.14343607
v 0.18914334 -0.25309911 0.10772920
v 0.03726782 -0.28380391 0.15496273
v 0.05281757 -0.21259132 0.17039669
v 0.07281944 -0.21389204 0.16222690
v 0.04003756 -0.30814898 0.15477313
v 0.08533508 -0.33169425 0.16221657
v 0.14710620 -0.13923442 0.10100185
v 0.12974514 -0.14099725 0.12105924
v 0.14316005 -0.15751210 0.11226583
v 0.13922980 -0.17647512 0.11757250
v 0.12464306 -0.16247043 0.12960033
v 0.11952101 -0.17682940 0.13423996
v 0.03639226 -0.20221458 0.17600623
v 0.01811703 -0.11254752 0.17190653
v 0.05542095 -0.12714702 0.16696624
v 0.09306778 -0.14313699 0.15077300
v 0.07487208 -0.10061358 0.15437655
v 0.14264303 -0.01209115 0.06208837
v 0.14679143 0.02287449 0.08179744
v 0.15176938 0.04102701 0.09484565
v 0.06083427 0.00165436 0.15510014
v 0.05272582 0.08934377 0.15646166
v 0.05316979 0.11120984 0.14689869
v 0.06689666 0.10112499 0.15121701
v 0.10241897 0.08539673 0.15191324
v 0.08993565 0.09819656 0.14918840
v 0.09972648 0.11178589 0.13622200
v 0.11749913 0.11440253 0.12401683
v 0.13204442 0.07098825 0.13723053
v 0.07341561 -0.01216754 0.15267511
v 0.06454977 0.01696618 0.15788220
v 0.08429365 0.00539973 0.14883514
v 0.22606738 -0.39042926 0.05879216
v 0.23097026 -0.44407740 0.07477338
v 0.22746015 -0.45826373 0.09318385
v 0.10006772 -0.38599426 0.17078307
v 0.04353687 -0.26541764 0.16800813
v 0.05764125 -0.29171962 0.14993230
v 0.06045388 -0.30371672 0.16203867
v 0.09872428 -0.22736475 0.14565085
v 0.06427936 -0.19649522 0.16801675
v 0.07837947 -0.19724344 0.16239059
v 0.06571916 -0.17901477 0.16672125
v 0.08739911 -0.16003858 0.15526271
v 0.06778756 -0.15375209 0.16392288
v 0.07779387 -0.13688551 0.15832075
v 0.11810990 -0.14295377 0.13215417
v 0.10601173 -0.13511448 0.14073561
v 0.07385646 -0.33961672 0.14878756
v 0.10452715 -0.33286646 0.16123484
v 0.09826428 -0.34300968 0.14931068
v 0.09673299 -0.31462243 0.16783145
v 0.10373195 -0.35364047 0.15981132
v 0.13000567 -0.22934937 0.14061841
v 0.11473813 -0.19056113 0.14341921
v 0.12852906 -0.03600519 0.09045479
v 0.13195050 -0.06028387 0.09360098
v 0.12658413 -0.07767816 0.10560292
v 0.13931614 -0.08291921 0.09178673
v 0.10662869 -0.08994199 0.12869880
v 0.11481433 -0.05367020 0.11188428
v 0.11930000 -0.09020670 0.11672468
v 0.11968136 -0.03841636 0.10364578
v 0.09447171 -0.07615907 0.13603826
v 0.09639753 -0.05279722 0.12946415
v 0.11048830 -0.06867328 0.11969521
v 0.10957333 -0.03507964 0.11595229
v 0.09292377 -0.03019166 0.13416260
v 0.12754814 -0.10868530 0.11550497
v 0.13534905 -0.09763833 0.10256556
v 0.06132023 -0.08105379 0.15923874
v 0.15252294 0.05930779 0.10555615
v 0.07966062 0.08393840 0.15784980
v 0.06531084 0.06668153 0.16220336
v 0.08551781 0.05793732 0.16235524
v 0.08977532 -0.01311032 0.14075454
v 0.22837020 -0.42336750 0.08214305
v 0.23403732 -0.45142159 0.06067071
v 0.23281924 -0.43623409 0.05955985
v 0.22738907 -0.44876611 0.11558545
v 0.22821878 -0.43848616 0.09695418
v 0.03799377 -0.36807239 0.14237133
v 0.16399604 -0.29065660 0.13912934
v 0.15967488 -0.27251011 0.12518676
v 0.17443894 -0.28137705 0.11898706
v 0.18963324 -0.27724805 0.10589766
v 0.07545407 -0.27612135 0.15030992
v 0.09402318 -0.26380205 0.15746216
v 0.10772755 -0.15840605 0.14226286
v 0.08897448 -0.12037352 0.14967915
v 0.14349337 -0.11079948 0.09789503
v 0.09718777 -0.19254434 0.15349837
v 0.09395630 -0.09717545 0.14079654
v 0.10811725 -0.01733867 0.12294433
v 0.12156948 -0.01947171 0.10419715
v 0.12185683 0.00039555 0.11475428
v 0.13333005 0.00354447 0.09592999
v 0.13223672 0.03170757 0.12577786
v 0.13718125 0.02198717 0.10530548
v 0.12347429 0.01501906 0.12243567
v 0.12144718 -0.12360745 0.12566012
v 0.15845299 0.07831005 0.08555605
v 0.14284928 0.06660366 0.12410157
v 0.11865891 0.03845813 0.14404996
v 0.10531919 0.05842485 0.15776670
v 0.09732742 0.03817665 0.15711933
v 0.11995690 0.06568938 0.14830534
v 0.11721718 0.02624026 0.13826312
v 0.09942329 0.01989156 0.14671075
v 0.13319980 0.05004786 0.13529032
v 0.23016630 -0.40127304 0.09341262
v 0.22227365 -0.38730988 0.10266052
v 0.23093194 -0.41664138 0.10043108
v 0.10187919 -0.17482808 0.14671472
v 0.06297887 -0.04674263 0.15474790
v 0.07022172 -0.06297006 0.15281905
v 0.08200917 -0.04488209 0.14365369
v 0.07091527 -0.02808819 0.14861980
v 0.04948894 -0.03941256 0.15817703
v 0.08334620 -0.06450177 0.14359762
v 0.14363307 0.04305527 0.11665956
v 0.15773796 0.06290297 0.09034011
v 0.15177786 0.09181112 0.09619180
v 0.14596303 0.11057708 0.09389309
v 0.13288376 0.11629355 0.10863134
v 0.14198686 0.09731254 0.11069006
v 0.13595062 0.08778524 0.12582451
v 0.13251458 0.13121118 0.09734872
v 0.20330361 -0.37485853 0.15021196
v 0.22377089 -0.43184698 0.14270124
v 0.10874812 -0.11058594 0.13239874
v 0.21481279 -0.38136813 0.12661675
v 0.22938028 -0.42926201 0.12032262
v 0.19236711 -0.40304741 0.15518320
v 0.17791536 -0.41055337 0.17006753
v 0.14442867 -0.40697256 0.16926938
v 0.13777402 -0.38585892 0.17240009
v 0.12207513 -0.39549762 0.17211066
v 0.11006415 0.24152362 0.02088008
v 0.09203594 0.24424532 0.02015165
v 0.21498461 -0.31542414 0.06041507
v 0.20782954 -0.28450775 0.09520186
v 0.04843029 -0.14543211 0.17056340
v 0.22081234 -0.37079999 0.09248656
v 0.22000328 -0.36070907 0.07155091
v 0.07755806 -0.31173262 0.16850188
v 0.11516244 -0.23429866 0.15054922
v 0.09951834 -0.24050117 0.15917070
v 0.11110315 -0.25357032 0.15628231
v 0.11745548 -0.26898524 0.14957321
v 0.09977736 -0.27901778 0.14504786
v 0.09937035 -0.29222915 0.15735449
v 0.08254173 -0.23095517 0.15310921
v 0.08378346 -0.24503683 0.16435936
v 0.12409568 -0.28922170 0.14375100
v 0.11418132 -0.29993287 0.16204767
v 0.14908177 -0.29270753 0.13836034
v 0.13058044 -0.25120816 0.14876661
v 0.08873981 -0.21337190 0.15426052
v 0.13464840 -0.27415499 0.14637309
v 0.03238114 -0.05472308 0.16504465
v 0.04848894 -0.06375942 0.16203713
v 0.21241714 -0.41242528 0.15424460
v 0.22276080 -0.41321176 0.13516396
v 0.20225453 -0.39174804 0.15513700
v 0.16453727 -0.33680511 0.14353460
v 0.20984997 -0.35842711 0.13736333
v 0.18409500 -0.34616327 0.13707623
v 0.19933960 -0.34971485 0.13217208
v 0.19173640 -0.36259681 0.14745663
v 0.14289066 -0.36885580 0.16789508
v 0.15642288 -0.38670117 0.16438538
v 0.15037602 -0.34886482 0.15964659
v 0.12683788 -0.35152379 0.16176948
v 0.17506637 -0.35742182 0.15149094
v 0.16518265 -0.36905774 0.16266786
v 0.17384006 -0.39389330 0.15899649
v 0.11873593 -0.37067592 0.16785471
v 0.14631519 -0.32820314 0.14882602
v 0.13268186 -0.33907926 0.15018623
v 0.11539401 -0.34138083 0.15048356
v 0.13459618 -0.31661087 0.16412495
v 0.11710982 -0.32443804 0.16505633
v 0.13836884 -0.29950345 0.15625131
v 0.15548527 -0.31743452 0.15886556
v 0.16224046 -0.30410939 0.15226851
v 0.18659762 -0.37948972 0.15798254
v 0.17871611 -0.30728400 0.14444973
v 0.17595497 -0.32629800 0.14920279
v 0.21843553 -0.33803988 0.10652718
v 0.21102928 -0.32204151 0.10579371
v 0.21899948 -0.33091018 0.09028600
v 0.21435444 -0.31941104 0.08341761
v 0.20674266 -0.32814485 0.12632462
v 0.21647310 -0.34418553 0.12344515
v 0.19857168 -0.31428847 0.11491662
v 0.19821472 -0.29387894 0.11647027
v 0.19119921 -0.32879803 0.14087591
v 0.18542935 -0.29067430 0.12754464
v 0.19056267 -0.31144518 0.13093650
v 0.22048712 -0.36605352 0.11413188
v 0.22166055 -0.35404894 0.10488965
v 0.22291249 -0.34755552 0.08707900
v 0.22218871 -0.55575889 0.02138561
v 0.22068138 -0.55732894 0.00228390
v 0.21856931 -0.55794156 -0.01679749
v 0.21662569 -0.55754852 -0.03581110
v 0.21433707 -0.55671132 -0.05460060
v 0.21206069 -0.55587345 -0.07337287
v 0.20875311 -0.55517042 -0.09192152
v 0.19876061 -0.55417246 -0.10802206
v 0.18672031 -0.55394584 -0.12281917
v 0.17455909 -0.55402529 -0.13790607
v 0.16089465 -0.55419046 -0.15158376
v 0.14413390 -0.55478054 -0.16185328
v 0.12609939 -0.55430889 -0.17035070
v 0.10779230 -0.55284762 -0.17717265
v 0.08961387 -0.55050594 -0.18348254
v 0.07123444 -0.54853499 -0.18855664
v 0.05255618 -0.54685611 -0.19258621
v 0.03356192 -0.54572088 -0.19502559
v 0.01449049 -0.54502428 -0.19601572
v -0.00454365 -0.54450113 -0.19586125
v -0.00328274 -0.51332486 -0.17128614
v 0.00266956 -0.47900853 -0.14795512
v 0.00410176 -0.42932773 -0.11115745
v 0.00487035 -0.40731877 -0.10301886
v -0.00248045 -0.37360075 -0.09870036
v -0.00037616 -0.35374746 -0.10036308
v -0.00089412 -0.33473137 -0.10427786
v -0.00194317 -0.31696421 -0.10963272
v -0.00069003 -0.29920688 -0.11605284
v -0.00520011 -0.26334208 -0.13223702
v -0.00205027 -0.21746159 -0.12634562
v 0.00307092 -0.17361414 -0.11051210
v 0.00126026 -0.15188159 -0.10398150
v -0.00272748 -0.13578899 -0.10102680
v -0.00172533 -0.11808273 -0.09604596
v 0.00333194 -0.10037062 -0.09314414
v -0.01148451 -0.04799949 -0.08578093
v -0.00660934 -0.02486383 -0.08846568
v -0.00590639 -0.00598000 -0.09210823
v -0.00308420 0.06766529 -0.11304438
v -0.00280417 0.08733997 -0.11743627
v -0.00213504 0.12572327 -0.12461582
v -0.00217551 0.16442887 -0.10718609
v 0.00010959 0.18182619 -0.08776259
v 0.00920371 0.19852120 -0.09088501
v 0.02259111 0.21235751 -0.08992892
v 0.03653712 0.22664192 -0.08804367
v 0.04961617 0.24222682 -0.08303366
v 0.06047006 0.25899288 -0.07155798
v 0.12687428 0.25471905 -0.05150140
v 0.13168691 0.24076489 -0.06466939
v 0.13436088 0.22376049 -0.07600511
v 0.13565463 0.20374350 -0.08393241
v 0.13778366 0.18285637 -0.09054549
v 0.14019053 0.16055387 -0.09220511
v 0.14449210 0.13821296 -0.08853658
v 0.15099011 0.11695637 -0.07915538
v 0.15723585 0.10153766 -0.06185753
v 0.16437925 0.09338914 -0.03885486
v 0.16681109 0.09038843 -0.01705733
v 0.11667315 0.02757116 -0.07602961
v 0.07041396 0.16943488 -0.11493281
v 0.16355146 0.07773834 -0.02292308
v 0.13447937 0.09063573 -0.08649109
v 0.10661258 0.17760688 -0.10643905
v 0.09684031 0.25580704 -0.06634966
v 0.10605182 0.24019781 -0.07741367
v 0.06783706 0.23307927 -0.08807099
v 0.12931095 0.12381475 -0.09705425
v 0.12106750 0.16821387 -0.10029369
v 0.09261720 0.26636836 -0.05233148
v 0.10940208 0.26054344 -0.05287660
v 0.07856008 0.25952122 -0.06744760
v 0.12205262 0.23289227 -0.07598113
v 0.12055524 0.21120134 -0.08815752
v 0.06744816 0.24798670 -0.07942442
v 0.15911400 0.09137584 -0.05157764
v 0.12469749 0.14368252 -0.10063703
v 0.11540866 0.24877767 -0.06541628
v 0.07689626 0.26915923 -0.05545544
v 0.10432617 0.22356892 -0.08838304
v 0.11884804 0.18988642 -0.09514964
v 0.09193745 0.19329627 -0.10238065
v 0.10541259 0.20237698 -0.09700333
v 0.14925940 0.07366002 -0.06291486
v 0.12195833 0.10476623 -0.09901840
v 0.08827716 0.21715955 -0.09469068
v 0.08861487 0.17325433 -0.11289003
v 0.10207726 0.15479079 -0.11126594
v 0.07639506 0.07416027 -0.10916756
v 0.05981111 0.19963756 -0.09895745
v 0.10371618 0.07499924 -0.10177198
v 0.09286538 0.13849045 -0.11493119
v 0.10283157 0.10258733 -0.10799336
v 0.11214925 0.13540086 -0.10746841
v 0.11626896 0.08921541 -0.09893299
v 0.05518964 0.22193207 -0.09159846
v 0.07193428 0.11392611 -0.11856777
v 0.03894454 0.20269087 -0.09487449
v 0.07749696 0.15473866 -0.11973891
v 0.09130210 0.11960360 -0.11422459
v 0.07292331 0.13269812 -0.12063717
v 0.05733572 0.12205905 -0.12198737
v 0.22436646 -0.54096329 0.02567609
v 0.22437987 -0.53878826 0.00544783
v 0.20388618 -0.42925087 -0.09035333
v 0.13812196 -0.28890336 -0.10664798
v 0.05459839 -0.49133393 -0.14920254
v 0.01288666 -0.52029520 -0.17580658
v -0.00519989 -0.53351480 -0.18585572
v 0.02110892 -0.53403562 -0.18589646
v 0.16666888 0.07678209 0.02686812
v 0.01569137 0.17908804 -0.09555680
v 0.08706345 0.24138866 -0.08150186
v 0.15680192 0.07351305 -0.04503933
v 0.15817228 0.05712545 -0.02936061
v 0.12054141 0.07354796 -0.09183398
v 0.14168131 0.05587050 -0.06439292
v 0.13390191 0.07071414 -0.07991113
v 0.15029620 0.04965457 -0.04674176
v 0.13666089 0.03286115 -0.05997284
v 0.15262543 0.03252066 -0.03036719
v 0.15866892 0.03740120 -0.01398810
v 0.14467590 0.02765052 -0.04457135
v 0.14308600 0.01455960 -0.03629007
v 0.03821864 0.10584851 -0.12096640
v 0.05505368 0.10247736 -0.11914349
v 0.02028028 0.11887567 -0.12327796
v 0.06306569 0.08888328 -0.11534485
v 0.05091805 0.06877691 -0.11141981
v 0.03618051 0.08470884 -0.11631986
v 0.08495004 0.09613440 -0.11257236
v 0.09413937 0.05921563 -0.10014396
v 0.01516176 0.07435371 -0.11473715
v 0.03332429 0.06508853 -0.11187955
v 0.01802366 0.05622822 -0.11003065
v 0.04245745 0.18572074 -0.09938815
v 0.07312934 0.18644732 -0.10455247
v 0.05360295 0.16002536 -0.11543192
v 0.22278476 -0.54207641 -0.01254663
v 0.21753167 -0.47388273 -0.04298419
v 0.22241469 -0.51866335 -0.01023952
v 0.20605524 -0.38977742 -0.03622009
v 0.06891658 -0.28949121 -0.13270795
v 0.16629376 -0.21654670 -0.06159263
v 0.18109593 -0.28786004 -0.06363115
v 0.06398030 -0.16131291 -0.10362151
v 0.15362088 -0.10802261 -0.02583023
v 0.02411679 -0.48975325 -0.15156248
v 0.01748204 -0.50569916 -0.16486952
v 0.16243331 0.03465071 0.02017966
v 0.14741468 -0.00479928 -0.00875315
v 0.14099252 0.00089974 -0.03120638
v 0.16541125 0.05436476 0.01511342
v 0.15529881 0.01995484 0.00024846
v 0.16277261 0.04177900 0.00401273
v 0.01108428 0.15651689 -0.12698983
v 0.12774338 0.04110112 -0.07398021
v 0.12753025 0.05526917 -0.08009296
v 0.13012560 0.01804353 -0.05809459
v 0.00106505 0.10949679 -0.12145347
v 0.01828540 0.09630498 -0.11937636
v 0.01382829 0.13551283 -0.12690085
v 0.05584998 0.14234640 -0.12531386
v 0.03202154 0.14245164 -0.12753186
v 0.03414075 0.17505021 -0.11330635
v 0.04441633 0.02483686 -0.09953493
v 0.04256359 0.04702456 -0.10614637
v 0.06838134 0.05596742 -0.10545132
v 0.08619244 0.04268531 -0.09723480
v 0.02047644 0.03511310 -0.10430575
v 0.22882682 -0.50576407 0.01138197
v 0.22807035 -0.52390486 0.01424070
v 0.23093180 -0.48512012 0.01305571
v 0.21746762 -0.52320385 -0.07175039
v 0.22310448 -0.52670109 -0.03193231
v 0.21958226 -0.53336972 -0.05362561
v 0.21998531 -0.54466611 -0.03430914
v 0.21586479 -0.54044092 -0.06833303
v 0.22660585 -0.46962082 -0.00349766
v 0.20251700 -0.53107625 -0.10268635
v 0.02982881 -0.28737149 -0.12791266
v 0.06053038 -0.23497225 -0.12898608
v 0.07590948 -0.36456990 -0.11224997
v 0.18561485 -0.20936330 -0.02189548
v 0.19858089 -0.27321452 -0.01347271
v 0.02368666 -0.41720572 -0.10566036
v 0.14929558 -0.53682709 -0.15656015
v 0.08101841 -0.53417128 -0.17185806
v 0.06450094 -0.53709924 -0.17947106
v 0.01895044 -0.47345132 -0.14034583
v 0.00328655 -0.49547055 -0.15897292
v 0.04285111 -0.53523821 -0.18463704
v 0.15045135 -0.01550659 0.01751478
v 0.02198912 -0.09100159 -0.08608811
v 0.15483144 0.01733001 0.02408857
v 0.15094690 -0.00050997 0.02580318
v 0.15157680 0.00135973 0.00808857
v 0.13911220 -0.01825261 -0.03008784
v 0.10490512 -0.03135781 -0.06493429
v 0.12615433 -0.03308365 -0.04519569
v 0.09769392 -0.01021742 -0.07382953
v 0.09900208 0.01422610 -0.08062454
v 0.14418954 -0.02810237 -0.01632170
v 0.16612266 0.06810334 0.01545539
v 0.15061863 0.01628634 -0.01771307
v 0.11091413 0.04945002 -0.08958236
v 0.02492400 0.00144232 -0.09370641
v 0.00260053 0.02674894 -0.10229284
v 0.00031902 0.04614334 -0.10787143
v 0.22017030 -0.49209467 -0.06220327
v 0.22012109 -0.50435418 -0.02766759
v 0.22245239 -0.49501348 -0.00372066
v 0.21928024 -0.45209542 -0.02393739
v 0.21455525 -0.36799508 0.00487657
v 0.20386270 -0.33325052 -0.01047214
v 0.18950266 -0.53716302 -0.11675140
v 0.21037403 -0.51673377 -0.08881075
v 0.03421332 -0.32544807 -0.11248103
v 0.03859729 -0.25685787 -0.13217260
v 0.03140383 -0.21533899 -0.12527280
v 0.19398564 -0.22041225 -0.00062577
v 0.01997471 -0.16089591 -0.10634422
v 0.01757005 -0.13639994 -0.09988300
v 0.16432080 -0.10456114 0.01587252
v 0.15946344 -0.08593608 0.01646565
v 0.18013959 -0.15376155 0.01197614
v 0.00309521 -0.46206176 -0.13571538
v 0.00532847 -0.44596949 -0.12311617
v 0.13148098 -0.52641362 -0.15588118
v 0.16587630 -0.53330213 -0.14706221
v 0.11330246 -0.53663665 -0.16397032
v 0.05037670 -0.52260327 -0.17411549
v 0.03417584 -0.51837468 -0.17230475
v 0.03721316 -0.50039500 -0.15856872
v 0.05270451 -0.50673950 -0.16180843
v 0.03550351 -0.47932315 -0.14298107
v 0.02326189 -0.46144441 -0.13031171
v 0.05286559 -0.47430193 -0.13697451
v 0.00194364 -0.08421154 -0.08866690
v 0.01771547 -0.11132123 -0.09335676
v 0.00338661 -0.06171329 -0.08491849
v 0.01065671 -0.03961188 -0.08608808
v 0.01991582 -0.07463770 -0.08446286
v 0.11419361 0.00644560 -0.06762508
v 0.11683828 -0.01525267 -0.05974044
v 0.08864769 -0.03233221 -0.07420110
v 0.05535825 -0.00358083 -0.08938169
v 0.04467490 0.00916973 -0.09435180
v 0.05141484 -0.02814215 -0.08554681
v 0.09961568 0.03283117 -0.08861998
v 0.13849312 -0.07687129 -0.03670824
v 0.00090794 0.00889269 -0.09617663
v 0.02339082 0.01616549 -0.09826846
v 0.22718714 -0.45097852 0.02710113
v 0.21425438 -0.43051720 0.00058316
v 0.22179417 -0.51111978 -0.05289316
v 0.21710855 -0.50320327 -0.07574906
v 0.22067536 -0.49075454 -0.04326328
v 0.21750244 -0.48083949 -0.02504216
v 0.21016137 -0.32677919 0.00553329
v 0.21274744 -0.53861403 -0.08453899
v 0.18588242 -0.49346632 -0.12649414
v 0.02300638 -0.27078605 -0.13164474
v 0.02139386 -0.24707872 -0.13123429
v 0.01009463 -0.26069325 -0.13285218
v 0.01303383 -0.20292075 -0.12242573
v 0.01723090 -0.22433220 -0.12712285
v 0.00493439 -0.18978235 -0.11731420
v 0.02605856 -0.19446485 -0.11953470
v 0.19780548 -0.21716364 0.01902804
v 0.19717416 -0.23751576 0.00912181
v 0.19294384 -0.19869244 0.01323883
v 0.20375581 -0.27230692 0.01134245
v 0.20981573 -0.29304820 0.00932590
v 0.17035961 -0.12239565 0.01751165
v 0.17585436 -0.13866386 0.01987283
v 0.17195028 -0.13563149 -0.00058364
v 0.17621267 -0.15482745 -0.01138403
v 0.16804270 -0.13909605 -0.01822024
v 0.14936778 -0.08532718 -0.02164423
v 0.14240035 -0.10064510 -0.03972247
v 0.14186555 -0.06201296 -0.02085039
v 0.15056023 -0.05956442 -0.00086618
v 0.13025987 -0.05319332 -0.03899144
v 0.15704760 -0.09404018 -0.00570090
v 0.15307723 -0.07445111 -0.00154814
v 0.15011120 -0.04259459 0.01585451
v 0.02910924 -0.44175997 -0.11704646
v 0.04292134 -0.46072140 -0.12760301
v 0.01246463 -0.38424358 -0.09994102
v 0.02392018 -0.39501640 -0.10183682
v 0.13355657 -0.54400265 -0.16305873
v 0.17941715 -0.53926557 -0.13048722
v 0.17924181 -0.52128112 -0.13303170
v 0.08186294 -0.45741144 -0.12061938
v 0.08551201 -0.49196202 -0.13817109
v 0.07214725 -0.50421512 -0.15170264
v 0.14542820 -0.04332759 -0.00984127
v 0.14914174 -0.02684956 0.00307788
v 0.03554457 -0.12670577 -0.09581902
v 0.03715437 -0.08007753 -0.08656660
v 0.12885736 -0.01567623 -0.04686444
v 0.07846847 0.00101519 -0.08525513
v 0.07522310 -0.01655059 -0.08185419
v 0.06607198 0.01615108 -0.09307142
v 0.06663934 0.03662348 -0.09981661
v 0.08402903 0.02200229 -0.09037515
v 0.04931158 -0.05129857 -0.08454131
v 0.03115983 -0.03216240 -0.08651665
v 0.07203826 -0.04058624 -0.08009330
v 0.05213308 -0.07089623 -0.08305858
v 0.07270402 -0.05768123 -0.08092510
v 0.22976921 -0.46848124 0.01274556
v 0.22010437 -0.44757596 0.00406616
v 0.21316896 -0.41524839 0.01060763
v 0.21960832 -0.43322670 0.02253351
v 0.20893539 -0.49611667 -0.09008212
v 0.20755292 -0.47857487 -0.09331383
v 0.21594328 -0.48074591 -0.07838538
v 0.21559602 -0.38263962 0.00810976
v 0.20919906 -0.40132034 -0.00001581
v 0.01220336 -0.32592180 -0.10818519
v 0.02080399 -0.34135100 -0.10462973
v 0.01574117 -0.36406797 -0.10032035
v 0.04006816 -0.23358394 -0.12903285
v 0.05575521 -0.24920124 -0.13138939
v 0.07364026 -0.26120341 -0.13101168
v 0.04417448 -0.27303940 -0.13225985
v 0.05734462 -0.27088714 -0.13283937
v 0.00488222 -0.27988130 -0.12463701
v 0.05848811 -0.21200708 -0.12317169
v 0.05104275 -0.22292009 -0.12652010
v 0.18826446 -0.24613537 -0.02791668
v 0.18732668 -0.22776295 -0.02332864
v 0.19374530 -0.24453270 -0.00717185
v 0.17841297 -0.22504324 -0.04186471
v 0.18148571 -0.18875989 -0.02515172
v 0.18280992 -0.17517240 -0.01170609
v 0.17476821 -0.20021993 -0.04387667
v 0.18963842 -0.19795804 -0.00455913
v 0.16234525 -0.19319715 -0.06131402
v 0.17700045 -0.17126060 -0.02595601
v 0.20436695 -0.30875626 -0.00807966
v 0.20563476 -0.28876317 -0.00600019
v 0.21098088 -0.31098580 0.00957398
v 0.16057183 -0.14062591 -0.03530334
v 0.13679050 -0.03988215 -0.02780426
v 0.11886570 -0.05196158 -0.05233833
v 0.04060346 -0.40439409 -0.10358620
v 0.18956865 -0.51520753 -0.11840031
v 0.06753083 -0.52200907 -0.16771746
v 0.11064237 -0.51690996 -0.14774987
v 0.13423771 -0.50558746 -0.14727718
v 0.16124146 -0.50978220 -0.14627790
v 0.16908331 -0.48980913 -0.13684641
v 0.18888253 -0.47221139 -0.12049997
v 0.19881684 -0.48903728 -0.10954200
v 0.20051984 -0.46749580 -0.10587129
v 0.18992701 -0.44967371 -0.11493580
v 0.20169291 -0.44527355 -0.09975751
v 0.06823014 -0.46762589 -0.12661275
v 0.11401006 -0.47785714 -0.13913777
v 0.10424518 -0.49380398 -0.13650434
v 0.10276148 -0.45693639 -0.13421713
v 0.09097531 -0.47804821 -0.12838352
v 0.11921591 -0.49400494 -0.14354506
v 0.12413484 -0.46116245 -0.13254812
v 0.09123485 -0.50762248 -0.14652836
v 0.03787045 -0.10625163 -0.08795995
v 0.02852580 -0.05805202 -0.08422668
v 0.10635981 -0.08893885 -0.07272698
v 0.21963833 -0.47450534 -0.05864940
v 0.20106862 -0.37896541 -0.02562570
v 0.20619699 -0.35854608 -0.01614602
v 0.20981748 -0.34915155 0.00524445
v 0.01929879 -0.29603416 -0.12145849
v 0.01901963 -0.31222677 -0.11464877
v 0.04758532 -0.33859006 -0.10915232
v 0.03561766 -0.36083898 -0.10230396
v 0.02669990 -0.37473953 -0.10091531
v 0.02444059 -0.17914292 -0.11236684
v 0.04471614 -0.16509609 -0.10619693
v 0.03605394 -0.14714226 -0.10165703
v 0.04235202 -0.20340267 -0.12176879
v 0.06031803 -0.19303107 -0.11647998
v 0.19148730 -0.26087204 -0.00814400
v 0.18832929 -0.18191846 0.00974823
v 0.18392313 -0.16766322 0.00553752
v 0.15178807 -0.17383543 -0.06623925
v 0.16948856 -0.15854713 -0.03298884
v 0.16012461 -0.15708227 -0.04769105
v 0.15962426 -0.12567946 -0.02643623
v 0.11589899 -0.03393698 -0.05601640
v 0.09156166 -0.04829339 -0.07244038
v 0.08891329 -0.07533778 -0.07760865
v 0.10515011 -0.05283248 -0.06392059
v 0.09613475 -0.06617703 -0.07313439
v 0.04080382 -0.38020763 -0.10180816
v 0.05297476 -0.39270002 -0.10568006
v 0.03823261 -0.42065474 -0.10722928
v 0.07884393 -0.42474660 -0.12239554
v 0.08968960 -0.44006631 -0.12882005
v 0.06854264 -0.44523704 -0.11451493
v 0.06565795 -0.42763200 -0.11143247
v 0.06775122 -0.40981057 -0.11294508
v 0.08438778 -0.40122479 -0.12257823
v 0.14446795 -0.40000919 -0.12102988
v 0.10195673 -0.42103782 -0.12416881
v 0.10686707 -0.40357247 -0.11495271
v 0.17714210 -0.50569075 -0.13547558
v 0.19110374 -0.42867970 -0.10867305
v 0.21707000 -0.45676383 -0.07028742
v 0.07146449 -0.48584765 -0.13768518
v 0.17357135 -0.45738253 -0.12473191
v 0.17075193 -0.43695319 -0.11923948
v 0.13252303 -0.48579055 -0.13682447
v 0.21494813 -0.43609896 -0.03968608
v 0.20555440 -0.38109943 -0.01086213
v 0.19155671 -0.35299802 -0.07949698
v 0.19750352 -0.33163947 -0.05284316
v 0.05104154 -0.35954881 -0.10533322
v 0.06588590 -0.34744173 -0.11173604
v 0.05913084 -0.37110722 -0.10825139
v 0.04391129 -0.18455783 -0.11424144
v 0.15265337 -0.13945931 -0.04675438
v 0.05290368 -0.41256288 -0.10660373
v 0.06763252 -0.38683742 -0.11598211
v 0.11395159 -0.43849009 -0.12206852
v 0.20517471 -0.39774933 -0.07597540
v 0.19376402 -0.41269347 -0.09179388
v 0.16786753 -0.39157119 -0.10839902
v 0.15868701 -0.40580964 -0.11830245
v 0.18050131 -0.39775315 -0.09919980
v 0.14375098 -0.41834697 -0.11471361
v 0.21223731 -0.43960488 -0.07857209
v 0.15123145 -0.49142271 -0.13768451
v 0.14199127 -0.46576625 -0.13086070
v 0.14921565 -0.44975847 -0.12085724
v 0.15744466 -0.47055110 -0.13099983
v 0.17292440 -0.47426382 -0.13085650
v 0.07249647 -0.08219216 -0.08029862
v 0.09054652 -0.09637184 -0.07806914
v 0.21544769 -0.46075478 -0.03601531
v 0.21606837 -0.45352226 -0.04989107
v 0.21504629 -0.41849187 -0.03164754
v 0.19691262 -0.37074533 -0.04698114
v 0.20175201 -0.35773924 -0.03515159
v 0.05058568 -0.28932089 -0.12826872
v 0.05055390 -0.31984723 -0.11830578
v 0.10749953 -0.32913855 -0.12186275
v 0.14572072 -0.15441164 -0.06357764
v 0.13570069 -0.13432781 -0.06302844
v 0.13644946 -0.16602857 -0.07772957
v 0.10451687 -0.10664450 -0.07695725
v 0.11737561 -0.13439800 -0.07607350
v 0.09750304 -0.12608638 -0.08269753
v 0.09339046 -0.14299132 -0.09197952
v 0.13193844 -0.11244922 -0.05804548
v 0.11959325 -0.09942926 -0.06550014
v 0.08723617 -0.11266065 -0.08438896
v 0.11587491 -0.07591142 -0.06049718
v 0.07652387 -0.12587082 -0.09193283
v 0.12750547 -0.06995251 -0.04830237
v 0.14736411 -0.12308551 -0.04451114
v 0.12451439 -0.42328122 -0.11405902
v 0.12874785 -0.40361235 -0.12264723
v 0.13511430 -0.38316756 -0.12159812
v 0.11393388 -0.38471487 -0.12734717
v 0.09583133 -0.34396529 -0.13122527
v 0.21011540 -0.41890505 -0.07802159
v 0.14267704 -0.43570134 -0.11535900
v 0.15733354 -0.42770895 -0.11396605
v 0.05116695 -0.12339902 -0.09138065
v 0.05137376 -0.14339559 -0.09894032
v 0.06720730 -0.13993298 -0.09460073
v 0.07292237 -0.10242657 -0.08713230
v 0.21416116 -0.43506530 -0.01780481
v 0.21610379 -0.42101669 -0.05476625
v 0.20617484 -0.39932334 -0.02200444
v 0.21319002 -0.40505067 -0.04149760
v 0.21300893 -0.41668034 -0.01318604
v 0.21010378 -0.38954070 -0.05247626
v 0.20030612 -0.34564567 -0.04509988
v 0.19021097 -0.35408941 -0.06292021
v 0.18397300 -0.33423543 -0.07205820
v 0.19203341 -0.38829535 -0.08121455
v 0.18319497 -0.36282000 -0.08948712
v 0.20113610 -0.34267396 -0.02732651
v 0.06187117 -0.30820620 -0.12636675
v 0.12823194 -0.15131441 -0.07699836
v 0.15204577 -0.38521552 -0.11417933
v 0.16473816 -0.37842217 -0.09581926
v 0.14439191 -0.36991340 -0.10517362
v 0.14428207 -0.32452905 -0.10652108
v 0.14537778 -0.34679201 -0.10314304
v 0.21256019 -0.40684444 -0.06154072
v 0.18866771 -0.31467569 -0.06812181
v 0.20319548 -0.37256014 -0.06860929
v 0.19826770 -0.32400304 -0.02853245
v 0.06708413 -0.32927775 -0.11777415
v 0.08340137 -0.33802888 -0.12575001
v 0.09187154 -0.36340189 -0.11825959
v 0.10308003 -0.36770821 -0.12888983
v 0.08455392 -0.37849808 -0.11523402
v 0.09804627 -0.38226008 -0.11565734
v 0.12552880 -0.36906767 -0.11907229
v 0.17883900 -0.34155348 -0.09277979
v 0.16496913 -0.35694176 -0.09570801
v 0.13149054 -0.35517016 -0.10851062
v 0.19682699 -0.30088428 -0.03996450
v 0.08255181 -0.30298263 -0.13273793
v 0.10425867 -0.27570271 -0.12236028
v 0.09673486 -0.29405379 -0.12704383
v 0.16291595 -0.33578727 -0.10025334
v 0.17817713 -0.29646489 -0.07786493
v 0.11382675 -0.35044816 -0.11785385
v 0.12786424 -0.33494127 -0.11027761
v 0.13520518 -0.31018305 -0.10779258
v 0.11862807 -0.29212773 -0.11417482
v 0.15727006 -0.31289044 -0.10139918
v 0.14039573 -0.23442638 -0.09691316
v 0.12509897 -0.26995161 -0.11043019
v 0.15418205 -0.22481048 -0.08166326
v 0.15337750 -0.20923740 -0.07716124
v 0.08079141 -0.24259570 -0.12669739
v 0.17389950 -0.31874776 -0.09022022
v 0.14825027 -0.27089208 -0.09891459
v 0.13809918 -0.25314057 -0.10264347
v 0.15469153 -0.25214922 -0.08924586
v 0.16020332 -0.23606142 -0.07976032
v 0.16922158 -0.23587477 -0.06070925
v 0.17137228 -0.25180963 -0.07236917
v 0.11055808 -0.22055055 -0.11172159
v 0.09273327 -0.22561854 -0.11982942
v 0.13862360 -0.21223658 -0.09225720
v 0.12369855 -0.21510869 -0.10357733
v 0.14513260 -0.19512442 -0.08091432
v 0.09614723 -0.18649079 -0.10702385
v 0.13378602 -0.18115892 -0.08541556
v 0.10815377 -0.19913870 -0.10682920
v 0.09836029 -0.16233799 -0.09673686
v 0.11348417 -0.18324848 -0.09874186
v 0.12500317 -0.19577701 -0.09668732
v 0.10263293 -0.17514941 -0.10051074
v 0.11841429 -0.16580579 -0.08924420
v 0.16488020 -0.29763710 -0.09295741
v 0.15164755 -0.29940096 -0.10165358
v 0.15415409 -0.28542694 -0.09825334
v 0.17819750 -0.25035366 -0.04926225
v 0.18684693 -0.26241106 -0.03352437
v 0.18321951 -0.26829126 -0.05994442
v 0.16696407 -0.27460954 -0.08209115
v 0.12383978 -0.24707493 -0.11025608
v 0.09880587 -0.23879620 -0.12081295
v 0.08453735 -0.17361911 -0.10470919
v 0.07855007 -0.18905187 -0.11234964
v 0.09290027 -0.20429286 -0.11403491
v 0.07714897 -0.20714213 -0.11895864
v 0.06167074 -0.17677370 -0.10956348
v 0.07513833 -0.22483097 -0.12417166
v 0.01215749 -0.00949748 -0.09059658
v 0.03511054 -0.01246777 -0.08985119
v 0.16922483 -0.17659779 -0.04422092
v 0.12955460 -0.09037995 -0.05221384
v 0.19938202 -0.28201199 -0.02555853
v 0.19413476 -0.28120485 -0.04309493
v -0.21924379 -0.55190897 0.02463304
v -0.22029488 -0.55354667 0.00599227
v -0.22082004 -0.55457783 -0.01275233
v -0.22157010 -0.55536687 -0.03128228
v -0.22010270 -0.55562454 -0.04967935
v -0.21308444 -0.55508524 -0.06658924
v -0.20652230 -0.55448228 -0.08402529
v -0.20129928 -0.55432975 -0.10194200
v -0.19330494 -0.55408114 -0.11905954
v -0.18283866 -0.55434155 -0.13523704
v -0.16847423 -0.55380654 -0.14830576
v -0.15150803 -0.55270022 -0.15752736
v -0.13463964 -0.55049539 -0.16728887
v -0.11708108 -0.54893363 -0.17522761
v -0.09890297 -0.54837310 -0.18088281
v -0.08051128 -0.54766923 -0.18565291
v -0.06194133 -0.54675514 -0.18981442
v -0.04314475 -0.54554826 -0.19333577
v -0.02384462 -0.54471308 -0.19536245
v -0.00748102 0.19842339 -0.09184836
v -0.02024925 0.21291877 -0.08955274
v -0.03405314 0.22813016 -0.08694578
v -0.04742010 0.24364570 -0.08059270
v -0.05819533 0.26034817 -0.06714092
v -0.12454374 0.25251457 -0.04700533
v -0.12939343 0.24048033 -0.06194157
v -0.13230351 0.22474717 -0.07469463
v -0.13493161 0.20588450 -0.08417288
v -0.13879460 0.18595165 -0.09284585
v -0.14294375 0.16356881 -0.09488220
v -0.14835049 0.14057089 -0.09059125
v -0.15595238 0.11912119 -0.07977986
v -0.16436857 0.10220000 -0.06137484
v -0.16996789 0.09371512 -0.03593363
v -0.09749678 0.25076237 -0.06627215
v -0.12404721 0.02794209 -0.07564566
v -0.11102282 0.18205516 -0.10361193
v -0.09094784 0.26215428 -0.05177212
v -0.03579240 0.21035369 -0.09264539
v -0.14274150 0.09183311 -0.08325148
v -0.12588482 0.17527443 -0.09885228
v -0.11364678 0.24855293 -0.06089393
v -0.11915810 0.21755768 -0.08495553
v -0.06361450 0.24293393 -0.08052588
v -0.16606671 0.07355846 0.01626052
v -0.13266288 0.12995893 -0.09793469
v -0.10842033 0.25859281 -0.04722105
v -0.07459662 0.26786330 -0.05072702
v -0.16618130 0.09211922 -0.04987504
v -0.04446467 0.19965287 -0.09771857
v -0.02188171 0.18985720 -0.09491240
v -0.14282234 0.11793973 -0.08919354
v -0.13153324 0.15186864 -0.09928119
v -0.15476765 0.10329889 -0.07420313
v -0.02802972 -0.53536904 -0.18640979
v -0.02596482 -0.52232790 -0.17651132
v -0.12207702 -0.43523073 -0.11166269
v -0.14769678 -0.29599670 -0.10918915
v -0.20776771 -0.44884369 -0.06206381
v -0.22464812 -0.53767091 0.03034491
v -0.07466921 -0.03736681 -0.08332111
v -0.15366828 0.01169936 -0.00509061
v -0.12358223 0.19677278 -0.09240106
v -0.05430061 0.22152969 -0.09153571
v -0.16442797 0.05061363 0.01336884
v -0.16106187 0.03372439 0.01450531
v -0.16224675 0.04034343 -0.00809820
v -0.02745616 0.17096530 -0.11667980
v -0.15049821 0.07131392 -0.06679693
v -0.11350626 0.14207718 -0.10855464
v -0.10992008 0.16255340 -0.10811314
v -0.08631404 0.17153069 -0.11293757
v -0.06415290 0.14306697 -0.12135493
v -0.08871587 0.14702062 -0.11658304
v -0.06704786 0.16231091 -0.11669061
v -0.07932311 0.12597762 -0.11943851
v -0.10090031 0.12353349 -0.11374187
v -0.04795456 0.16366154 -0.12242085
v -0.08928054 0.10588054 -0.11545152
v -0.12860896 0.10507154 -0.09820271
v -0.04728814 -0.53426021 -0.18232033
v -0.07573964 -0.40641254 -0.10354090
v -0.19129214 -0.27798140 -0.04822899
v -0.07772602 -0.31114337 -0.12520842
v -0.07829181 -0.10065371 -0.08851517
v -0.21128660 -0.38169560 -0.03816514
v -0.23418307 -0.50547862 0.01440953
v -0.22553615 -0.54367900 -0.03027444
v -0.23118863 -0.52265400 -0.02280624
v -0.23235801 -0.51864809 -0.00062918
v -0.22990912 -0.50834739 -0.03299123
v -0.22705971 -0.53868252 -0.00566032
v -0.03544324 0.03403291 -0.10455527
v -0.04416707 -0.00096040 -0.09427444
v -0.15292659 -0.01928144 0.00340343
v -0.02009460 0.09811427 -0.11962474
v -0.06179833 0.19737741 -0.10153168
v -0.08713771 0.21918426 -0.09290922
v -0.10217775 0.22667415 -0.08540217
v -0.11096276 0.23683998 -0.07521940
v -0.10412534 0.20496985 -0.09601902
v -0.08393470 0.19759166 -0.10260394
v -0.16584677 0.06129887 -0.00310641
v -0.16308908 0.05818284 -0.02508377
v -0.15427986 0.01751223 0.02590336
v -0.15974252 0.03498942 0.03224278
v -0.14832026 0.02368439 -0.04095418
v -0.15748289 0.02177629 0.00503023
v -0.15625493 0.02610728 -0.01993741
v -0.15206760 -0.00027006 0.01095160
v -0.15535182 0.05461411 -0.04826119
v -0.14886671 0.01125629 -0.02698824
v -0.01600412 0.17254241 -0.09776602
v -0.03641130 0.17757979 -0.10195965
v -0.12017871 0.12079225 -0.10520410
v -0.02508839 -0.49125156 -0.15419914
v -0.01746862 -0.50552225 -0.16482498
v -0.03366549 -0.42458239 -0.11029532
v -0.19931471 -0.51592857 -0.11795041
v -0.17451346 -0.13549034 0.01209757
v -0.06022234 -0.16022590 -0.10224091
v -0.23056720 -0.52103662 0.02443869
v -0.23131241 -0.49435019 0.03423945
v -0.02330507 0.12994155 -0.12474810
v -0.04543340 0.13745271 -0.12415161
v -0.01799291 0.04026211 -0.10656818
v -0.02811294 -0.03699283 -0.08743162
v -0.15097365 -0.02189897 0.03000796
v -0.05385899 0.18478693 -0.11218074
v -0.07305766 0.21093048 -0.09736948
v -0.07315855 0.22717489 -0.09005879
v -0.08375048 0.23986527 -0.08053718
v -0.09483210 0.18435043 -0.10722580
v -0.07143580 0.18425629 -0.10986057
v -0.15079260 -0.00495467 -0.01210942
v -0.14962062 -0.00148082 0.03021912
v -0.06607231 -0.49994045 -0.15567546
v -0.02579365 -0.38037968 -0.09802666
v -0.04338995 -0.45605189 -0.12758836
v -0.10613345 -0.53593725 -0.16791727
v -0.12187457 -0.53396237 -0.16020861
v -0.19988145 -0.23758210 -0.00812434
v -0.19249466 -0.19632143 0.00289633
v -0.02400139 -0.23445745 -0.12807153
v -0.05471166 -0.19955243 -0.11845744
v -0.17839018 -0.14651507 0.02754463
v -0.15897037 -0.08702071 0.01465392
v -0.03563239 -0.15374877 -0.10281859
v -0.20896883 -0.53620535 -0.07627927
v -0.22579616 -0.53088218 -0.04338640
v -0.23359574 -0.46504456 0.01560418
v -0.21603376 -0.38368475 0.01351311
v -0.22433883 -0.38984713 -0.00473604
v -0.20681021 -0.33118147 -0.00377221
v -0.00843445 0.14251284 -0.12689465
v -0.01776877 0.11589843 -0.12249406
v -0.07945260 0.08285651 -0.11337318
v -0.05969670 0.12507412 -0.12145463
v -0.06583538 0.10361452 -0.11860657
v -0.01928055 0.02170804 -0.10097494
v -0.02340379 0.00367761 -0.09538073
v -0.05263793 0.03266075 -0.10347470
v -0.01977509 0.05900409 -0.11120202
v -0.05869300 0.05779847 -0.10957913
v -0.02298632 0.07834993 -0.11552233
v -0.15233986 -0.01448430 0.01798658
v -0.15297274 -0.03831784 0.01667899
v -0.13888551 0.00699620 -0.04660938
v -0.03307442 -0.34109241 -0.10354541
v -0.02861527 -0.40434659 -0.10183327
v -0.13705112 -0.52248144 -0.14412919
v -0.08575433 -0.53412068 -0.17315850
v -0.19835472 -0.53654695 -0.11470667
v -0.17342997 -0.52904052 -0.13729763
v -0.18646425 -0.54231673 -0.13426970
v -0.20932931 -0.29379869 0.01108144
v -0.20508093 -0.23913388 0.01538898
v -0.19343552 -0.19753374 0.01950548
v -0.18397948 -0.16359529 0.01867712
v -0.18788424 -0.17685463 0.01882818
v -0.00265092 -0.23952563 -0.12862036
v -0.01949574 -0.25205809 -0.13121229
v -0.01975208 -0.21726121 -0.12604453
v -0.01631793 -0.29146954 -0.12194285
v -0.16912982 -0.12155990 0.02470556
v -0.16386236 -0.10246920 0.02829000
v -0.15748870 -0.08194587 0.03050469
v -0.16422388 -0.10509932 0.00832522
v -0.01091188 -0.10789990 -0.09585048
v -0.01860653 -0.12637034 -0.09957179
v -0.01353142 -0.09336340 -0.09446867
v -0.01764527 -0.14541474 -0.10234536
v -0.03034599 -0.13620096 -0.10156150
v -0.01713737 -0.16456969 -0.10727058
v -0.21752322 -0.53847706 -0.05893510
v -0.21188618 -0.51944798 -0.06553285
v -0.22069058 -0.51537061 -0.04946981
v -0.20456815 -0.53917164 -0.09519617
v -0.21071985 -0.50193948 -0.08395454
v -0.21335825 -0.48360205 -0.07723117
v -0.23213591 -0.44170636 -0.00044462
v -0.21178138 -0.36598644 0.01397106
v -0.21642014 -0.35218444 -0.00258034
v -0.22100331 -0.37286940 -0.00411069
v -0.20617166 -0.36203745 -0.04395195
v -0.21507230 -0.36281976 -0.02356901
v -0.20500684 -0.34360296 -0.03855637
v -0.21060553 -0.34476259 -0.02155309
v -0.17989722 -0.31504592 -0.06728540
v -0.19538960 -0.31674773 -0.03961654
v -0.19899626 -0.33192325 -0.02868514
v -0.22876211 -0.42687243 0.01749510
v -0.22316740 -0.40614203 0.01563876
v -0.23371881 -0.46341920 -0.00720925
v -0.23303896 -0.48838285 -0.02193756
v -0.23501724 -0.48404360 0.01293983
v -0.23500219 -0.49798119 -0.00575010
v -0.23353602 -0.50673461 -0.01753790
v -0.02615336 -0.01523944 -0.09096909
v -0.03882295 0.01431956 -0.09884908
v -0.03725068 0.05101709 -0.10917364
v -0.08055663 0.06218027 -0.10796051
v -0.04072923 0.06951249 -0.11337523
v -0.04460126 0.09188621 -0.11814002
v -0.15160194 -0.04135040 0.03322015
v -0.13642858 0.02126057 -0.05931202
v -0.14703584 0.03768865 -0.05428394
v -0.13569592 0.03528934 -0.06891235
v -0.03505049 -0.50548214 -0.16335648
v -0.04601909 -0.51977426 -0.17174259
v -0.05676059 -0.50974202 -0.16331369
v -0.06508815 -0.53028411 -0.17541201
v -0.07508907 -0.51930112 -0.16595393
v -0.01227186 -0.34533003 -0.10156459
v -0.01672072 -0.36307248 -0.09875801
v -0.04952022 -0.40461445 -0.10396224
v -0.00853494 -0.39501658 -0.09998848
v -0.05076091 -0.43799758 -0.11799330
v -0.01391601 -0.43830067 -0.11710890
v -0.01459220 -0.45536405 -0.12949620
v -0.01814915 -0.47194427 -0.14167023
v -0.02976987 -0.44583198 -0.12175887
v -0.15348636 -0.53511858 -0.14645964
v -0.09582660 -0.52069569 -0.15999424
v -0.09852649 -0.50346702 -0.15038863
v -0.20355967 -0.52316767 -0.10561241
v -0.18430775 -0.50600028 -0.13006918
v -0.19975388 -0.27777430 -0.00180690
v -0.21221128 -0.31066352 0.00001470
v -0.21497893 -0.31598580 0.01587145
v -0.19048725 -0.22531345 -0.01694187
v -0.19220452 -0.21850161 0.00958309
v -0.18216148 -0.24883366 -0.05057774
v -0.19317211 -0.23862569 -0.03249282
v -0.20618269 -0.25506613 0.00425079
v -0.18630427 -0.20090283 -0.02556304
v -0.01768488 -0.27486417 -0.12898865
v -0.03881032 -0.24349132 -0.13051327
v -0.07302507 -0.26742363 -0.13069712
v -0.05479481 -0.25207072 -0.13131112
v -0.07349820 -0.24489965 -0.12820223
v -0.04588770 -0.26627362 -0.13155930
v -0.05041841 -0.23114663 -0.12725015
v -0.03070583 -0.20192374 -0.12092838
v -0.01983718 -0.18504725 -0.11505261
v -0.08167532 -0.22423202 -0.12174866
v -0.01925607 -0.32680985 -0.10809673
v -0.15503831 -0.08682338 -0.00649284
v -0.16763790 -0.12372969 -0.00219416
v -0.02687888 -0.11275706 -0.09870759
v -0.03892571 -0.10217980 -0.09515080
v -0.03636475 -0.08235659 -0.09338219
v -0.05190391 -0.14183173 -0.09974538
v -0.05906904 -0.10911517 -0.09362654
v -0.20746019 -0.52333635 -0.08786285
v -0.20537229 -0.50730425 -0.09878107
v -0.19982186 -0.49746984 -0.11542573
v -0.19249061 -0.48483348 -0.12108681
v -0.23220746 -0.44811541 0.01410942
v -0.19012105 -0.35600224 -0.08142481
v -0.20018584 -0.34621763 -0.05725777
v -0.22991703 -0.42134544 0.00181408
v -0.23525059 -0.47888938 -0.00670346
v -0.22219753 -0.46774045 -0.04189312
v -0.21631864 -0.48162037 -0.05639024
v -0.04094245 -0.02893305 -0.08874616
v -0.06892438 0.04642313 -0.10525594
v -0.15427601 -0.06215830 0.02954768
v -0.08589210 0.01788367 -0.09189177
v -0.10739382 -0.00455116 -0.07558986
v -0.13177805 -0.00929787 -0.05239936
v -0.05076207 -0.48926151 -0.15110384
v -0.03459731 -0.48260435 -0.14671747
v -0.04914320 -0.37058195 -0.09792850
v -0.03270699 -0.35865188 -0.09889673
v -0.01467408 -0.41641670 -0.10605530
v -0.03101748 -0.46426439 -0.13464805
v -0.14156094 -0.50197911 -0.13031541
v -0.16259493 -0.51274174 -0.13026027
v -0.15797471 -0.49692094 -0.12298237
v -0.15910259 -0.47499308 -0.12482285
v -0.14233609 -0.47952035 -0.11795387
v -0.12145983 -0.50273192 -0.13875507
v -0.12506329 -0.48408797 -0.12607607
v -0.18906848 -0.52479744 -0.13123140
v -0.17988884 -0.15127316 0.00760941
v -0.17327307 -0.14337324 -0.00940716
v -0.17613292 -0.16420570 -0.02373590
v -0.02656604 -0.26410145 -0.13206670
v -0.03668737 -0.28461805 -0.12778232
v -0.04175431 -0.21578014 -0.12436771
v -0.16212483 -0.12368125 -0.02177775
v -0.15867274 -0.10559403 -0.01524636
v -0.01656428 -0.07126445 -0.08745801
v -0.03350933 -0.05913736 -0.08662843
v -0.03918089 -0.17207883 -0.10938489
v -0.04087597 -0.18643001 -0.11499548
v -0.05918990 -0.08781742 -0.08711503
v -0.05253637 -0.07077750 -0.08972597
v -0.04627392 -0.12204777 -0.09878630
v -0.06241830 -0.12862784 -0.09781678
v -0.20648950 -0.29549816 -0.01246571
v -0.20675504 -0.31525961 -0.01831317
v -0.18770844 -0.32429871 -0.05431651
v -0.23007190 -0.47252440 -0.02677544
v -0.22202174 -0.49193490 -0.03997773
v -0.21250176 -0.46463755 -0.06044710
v -0.20856547 -0.45866138 -0.07858525
v -0.20492491 -0.47291079 -0.09295909
v -0.20530337 -0.48663968 -0.10113183
v -0.20286700 -0.45161518 -0.09646610
v -0.18157871 -0.44758847 -0.12026517
v -0.19384235 -0.44032782 -0.10666493
v -0.17720574 -0.46437114 -0.12518696
v -0.19560811 -0.46184212 -0.11124972
v -0.06094205 -0.03010250 -0.08726314
v -0.05347051 -0.04618068 -0.08606523
v -0.06952377 -0.05576775 -0.08469205
v -0.04998945 -0.01595025 -0.09055252
v -0.15566170 -0.07289204 0.01062634
v -0.15159519 -0.05784501 0.00789564
v -0.10868128 0.01809476 -0.08171569
v -0.09156855 -0.00151481 -0.08422657
v -0.07220393 0.02655736 -0.09890666
v -0.06055240 0.01399249 -0.09673747
v -0.07316794 -0.01714881 -0.08660512
v -0.09574229 -0.02264497 -0.07734691
v -0.12319164 0.00585038 -0.06582657
v -0.11628589 -0.01933584 -0.06614393
v -0.10917079 -0.03898682 -0.06585907
v -0.12775385 -0.03140286 -0.05133888
v -0.13932677 -0.02708370 -0.03656210
v -0.14374217 -0.00769190 -0.03273722
v -0.07400580 -0.34233332 -0.11020447
v -0.04467116 -0.39105949 -0.09901402
v -0.05728919 -0.41908044 -0.11121691
v -0.15248609 -0.45964083 -0.12289381
v -0.18139568 -0.16324025 -0.00546623
v -0.15503949 -0.16607559 -0.05879922
v -0.07227062 -0.14370751 -0.09714566
v -0.07630720 -0.12026265 -0.09432162
v -0.20067698 -0.29508042 -0.03390370
v -0.18042088 -0.26756510 -0.05682924
v -0.21386309 -0.49953455 -0.05847591
v -0.06769037 -0.00192219 -0.09119497
v -0.08855923 -0.04540953 -0.07740983
v -0.13329151 -0.07917645 -0.04455001
v -0.09118055 -0.38061351 -0.10271672
v -0.07034320 -0.37180671 -0.09986435
v -0.12858923 -0.46113074 -0.11322480
v -0.16683373 -0.16593465 -0.04252085
v -0.18180753 -0.22837415 -0.05182095
v -0.09044436 -0.13327146 -0.09070703
v -0.18537843 -0.28985444 -0.06243710
v -0.17394698 -0.30119351 -0.07388394
v -0.17334844 -0.31103310 -0.08799981
v -0.18474399 -0.32782677 -0.07964079
v -0.17771414 -0.37177652 -0.09050152
v -0.07534679 -0.06715305 -0.08216372
v -0.08468816 -0.08111084 -0.07920402
v -0.14052197 -0.06081206 -0.03239834
v -0.11885130 -0.11645769 -0.06878501
v -0.06589981 -0.32478556 -0.11540247
v -0.07749091 -0.39166135 -0.09936916
v -0.12056368 -0.41373125 -0.10795730
v -0.10710122 -0.37038162 -0.11770441
v -0.09838117 -0.40344545 -0.10193124
v -0.11434475 -0.39201203 -0.10859399
v -0.13708110 -0.40231752 -0.11584495
v -0.08745448 -0.36078700 -0.10839749
v -0.11433204 -0.33531174 -0.12710047
v -0.11146457 -0.35263628 -0.12644160
v -0.06761853 -0.35617858 -0.10241346
v -0.07417276 -0.43294564 -0.11736763
v -0.10537334 -0.42760459 -0.10632929
v -0.17073426 -0.24541388 -0.06701762
v -0.17961285 -0.18408777 -0.03156890
v -0.15777233 -0.18381836 -0.06527808
v -0.16809866 -0.18544516 -0.05308050
v -0.17973502 -0.20617010 -0.04520557
v -0.15329224 -0.32381344 -0.10686637
v -0.20778301 -0.38134694 -0.05974733
v -0.13645925 -0.04382388 -0.03753437
v -0.12354275 -0.04830390 -0.05263826
v -0.13005027 -0.06232764 -0.04698456
v -0.14478017 -0.07849138 -0.02643984
v -0.09593444 -0.09545103 -0.08066558
v -0.11063969 -0.09856146 -0.06819990
v -0.12762140 -0.09898738 -0.05228171
v -0.05138651 -0.34955782 -0.10221093
v -0.12419464 -0.36455938 -0.12492420
v -0.14288501 -0.44249183 -0.11988444
v -0.14044209 -0.42181259 -0.11568052
v -0.15386526 -0.40496066 -0.12443642
v -0.18030277 -0.42826840 -0.11548992
v -0.15963157 -0.42380089 -0.12531379
v -0.17485443 -0.40484962 -0.10714619
v -0.18632232 -0.38968092 -0.09411018
v -0.20499898 -0.43460870 -0.08457650
v -0.20734595 -0.42852470 -0.07012910
v -0.20493336 -0.41330111 -0.08110043
v -0.07052375 -0.44802248 -0.12542711
v -0.10709520 -0.46934226 -0.12528487
v -0.16429412 -0.14469294 -0.03123304
v -0.17165735 -0.26034349 -0.06821524
v -0.17057686 -0.21177353 -0.06096437
v -0.18474224 -0.21857017 -0.03415562
v -0.16946761 -0.32924333 -0.09734645
v -0.16114946 -0.31179935 -0.10179338
v -0.14103456 -0.31322902 -0.11434123
v -0.15654574 -0.34201568 -0.10091698
v -0.13622272 -0.33294085 -0.11206061
v -0.16048986 -0.36173886 -0.10070433
v -0.15403067 -0.37316340 -0.11395973
v -0.14099348 -0.36587903 -0.12046027
v -0.17062809 -0.38588074 -0.10424489
v -0.15930751 -0.39334333 -0.11185850
v -0.17731002 -0.34805956 -0.09235459
v -0.20198171 -0.35909128 -0.06522844
v -0.19545001 -0.37221017 -0.07771631
v -0.11500652 -0.05837914 -0.06302129
v -0.12218492 -0.08081788 -0.05806512
v -0.09664633 -0.11197730 -0.08042520
v -0.10626620 -0.13079363 -0.08141713
v -0.13872427 -0.09720678 -0.03877325
v -0.15040082 -0.11141590 -0.03360455
v -0.14694366 -0.09648290 -0.02640999
v -0.15252973 -0.12835653 -0.04085830
v -0.12629695 -0.34843856 -0.11928308
v -0.14346784 -0.35046929 -0.11136129
v -0.21682249 -0.44866636 -0.04422116
v -0.22744426 -0.45187232 -0.02374469
v -0.21431150 -0.40779504 -0.03384398
v -0.20819414 -0.40802711 -0.05726389
v -0.09550101 -0.34841135 -0.11998002
v -0.08921660 -0.33044302 -0.12231227
v -0.05669306 -0.30742961 -0.12369582
v -0.09060299 -0.44274095 -0.11446359
v -0.10827184 -0.45165113 -0.11237195
v -0.08716230 -0.45676544 -0.12711066
v -0.07271107 -0.47079453 -0.13395269
v -0.05195264 -0.47230676 -0.13814217
v -0.06718528 -0.48542035 -0.14596649
v -0.08960053 -0.47240329 -0.13554814
v -0.08465791 -0.48849860 -0.14558218
v -0.10425262 -0.48693919 -0.13883758
v -0.10048663 -0.31532279 -0.12782231
v -0.12420528 -0.31817621 -0.12206843
v -0.08922574 -0.29709479 -0.12923546
v -0.11109228 -0.29696816 -0.12549362
v -0.12953942 -0.29942581 -0.11894058
v -0.05417628 -0.29053056 -0.12845898
v -0.08522776 -0.28325379 -0.12953772
v -0.12461516 -0.38333702 -0.12195661
v -0.13995956 -0.38823384 -0.12470110
v -0.20228048 -0.39401701 -0.07815930
v -0.09901924 -0.06195227 -0.07390134
v -0.10761826 -0.07949180 -0.07219391
v -0.11928720 -0.13862461 -0.07570462
v -0.13771072 -0.11474657 -0.05060648
v -0.13672957 -0.13175313 -0.05963096
v -0.15206738 -0.14576381 -0.05048644
v -0.21954906 -0.43338954 -0.02778539
v -0.13579755 -0.28598082 -0.11396114
v -0.07056642 -0.29750723 -0.12794103
v -0.13703436 -0.14946444 -0.06771360
v -0.08917745 -0.25355065 -0.12681434
v -0.09503528 -0.26826781 -0.12712419
v -0.12884484 -0.26452124 -0.11270630
v -0.12172750 -0.27790388 -0.11914838
v -0.10816457 -0.25883526 -0.12154153
v -0.14414632 -0.25789210 -0.10038609
v -0.16239357 -0.26943055 -0.08792911
v -0.13001648 -0.24532686 -0.10790122
v -0.15910876 -0.25587845 -0.08460455
v -0.14680004 -0.27520552 -0.10442118
v -0.16040435 -0.29139841 -0.09230686
v -0.17358918 -0.27903786 -0.07708063
v -0.12522584 0.08824620 -0.09684006
v -0.13438812 0.06764465 -0.08360977
v -0.09684484 0.07341663 -0.10689208
v -0.14230381 0.05140257 -0.06897822
v -0.10299984 0.08886029 -0.10837512
v -0.10182523 0.05450976 -0.09956329
v -0.12326890 0.04601896 -0.08468582
v -0.10551658 0.03422050 -0.09030658
v -0.08660819 0.03972239 -0.09949554
v -0.14821757 -0.02683676 -0.01645238
v -0.14319424 -0.04174065 -0.02401403
v -0.15087754 -0.04005160 -0.00014827
v -0.03924044 0.11486511 -0.12180711
v -0.19059509 -0.26138911 -0.03517697
v -0.19590935 -0.27988812 -0.02483078
v -0.20032245 -0.25781962 -0.01725605
v -0.07706255 -0.19167490 -0.11221403
v -0.09872510 -0.18341079 -0.10306752
v -0.10030045 -0.16534270 -0.09550069
v -0.08374001 -0.15448676 -0.09609671
v -0.08004741 -0.17191292 -0.10380390
v -0.05908890 -0.17920637 -0.11036897
v -0.14111559 -0.17167738 -0.07495425
v -0.12139371 -0.17588231 -0.08986851
v -0.11370596 -0.19375966 -0.10099357
v -0.14985722 -0.06586490 -0.00967852
v -0.14687027 -0.04865668 -0.01192439
v -0.16790023 -0.22954354 -0.06972552
v -0.04385320 -0.32331964 -0.11363730
v -0.10285161 -0.22226989 -0.11528102
v -0.11901747 -0.21030465 -0.10416089
v -0.09722704 -0.24136116 -0.12223367
v -0.14273046 -0.21538052 -0.09016305
v -0.12842369 -0.22780727 -0.10415602
v -0.14667913 -0.23880030 -0.09332580
v -0.14863126 -0.19755860 -0.07988337
v -0.16044064 -0.19821306 -0.06841217
v -0.15588082 -0.21593574 -0.07888126
v -0.13389269 -0.19589533 -0.09048128
v -0.14147025 -0.18535472 -0.08107262
v -0.09295893 -0.20513384 -0.11289752
v -0.06821468 -0.21090862 -0.12034607
v -0.12054369 -0.15895008 -0.08368130
v -0.10259014 -0.15003607 -0.08961602
v -0.16194725 0.09419481 0.04403094
v 0.16205026 0.08582389 0.06669076
v 0.16651009 0.09609193 0.03675284
v 0.15219691 0.11486101 0.07839843
v 0.04516000 0.06439759 0.16160893
v 0.11681402 0.09201542 0.14074150
v 0.07288156 0.20960285 -0.09750398
v 0.15042788 0.10032626 -0.07411689
v 0.16593312 0.07890917 -0.00081853
v 0.16640361 0.08909333 0.00595298
v 0.14044972 0.11288662 -0.08717252
v 0.16366619 0.06102261 -0.00505259
v -0.07662058 0.25518006 -0.06760826
v -0.16351224 0.07724481 -0.04365484
v -0.15722775 0.03960804 -0.03247594
v -0.16246124 0.09155284 -0.05850326
v -0.16768537 0.07684416 -0.01721692
v -0.17040406 0.08959502 -0.01314043
v -0.16738357 0.08786795 0.01198866
v -0.15772222 0.08604421 -0.06314736
v -0.11616920 0.06907084 -0.09720111
v -0.22772354 -0.44084626 0.03714838
v -0.16329485 -0.51477373 0.21062563
v -0.10597415 0.25388324 -0.00273833
v -0.10756284 -0.51881474 0.21332476
v -0.18909578 -0.43626958 0.17436287
v -0.05527269 -0.46063387 0.17463191
v -0.04460799 -0.48590124 0.19156007
v 0.00973462 -0.40981972 0.14857514
v -0.20310672 -0.23931657 0.05021405
v -0.10186893 -0.01997752 0.11512306
v -0.21091717 -0.36221677 0.08918887
v -0.07978685 -0.18482983 0.15627539
v -0.08845824 -0.10531491 0.14176284
v -0.16712813 -0.27279034 0.12280527
v -0.19064268 -0.34098235 0.14140713
v -0.13903061 -0.12691213 0.10406243
v -0.15824611 -0.18501419 0.09927534
v -0.19787566 -0.36488870 0.13926052
v -0.07521423 -0.27319571 0.13800919
v 0.07940254 -0.52632189 0.23132582
v 0.21407858 -0.43323439 0.15893219
v 0.04906771 -0.42199248 0.16378093
v 0.02256062 -0.20707503 0.17765249
v 0.22494555 -0.40537548 0.11776447
v 0.08190256 -0.17280254 0.15871249
v 0.21607111 -0.39601824 0.13983302
v 0.20271428 -0.30616909 0.09608955
v 0.05599397 0.17848322 -0.10325179
v 0.10831903 0.12258646 -0.10834806
v -0.01122200 0.15734001 -0.12650819
v 0.13091744 0.00069354 -0.04862466
v 0.03767188 0.15466189 -0.12248919
v 0.19377385 -0.25387204 0.01747527
v 0.02131294 -0.43240902 -0.11204134
v 0.08798116 -0.52132773 -0.15815663
v 0.09869736 -0.53377676 -0.16456193
v 0.04755365 -0.43500215 -0.11196044
v -0.00837869 -0.20297807 -0.12209070
v 0.16507845 -0.11770445 -0.00643358
v 0.15535994 -0.06471412 0.01992165
v 0.07923941 -0.27813259 -0.13100018
v 0.20950043 -0.45912361 -0.08954525
v 0.12817624 -0.44526863 -0.12310389
v 0.17902878 -0.41428426 -0.11318406
v 0.04167140 -0.30624253 -0.12218502
v 0.11873511 -0.12175781 -0.07254739
v 0.10909851 -0.14453779 -0.08513656
v 0.08102360 -0.15287118 -0.09737287
v 0.10237172 -0.30698669 -0.12571037
v 0.12090370 -0.31577080 -0.11479571
v 0.09096713 -0.26009557 -0.12618808
v 0.10922092 -0.25741825 -0.11874337
v 0.20004576 -0.29779381 -0.02588122
v -0.20143801 -0.27463299 0.01627640
v -0.11320755 0.10447098 -0.10693607
v -0.22807504 -0.53197569 0.01359114
v -0.03017066 0.15027887 -0.11982518
v -0.11468989 -0.52028364 -0.15222862
v -0.13490820 -0.54111028 -0.15997158
v -0.19142616 -0.20402241 -0.01006947
v -0.18479151 -0.18025777 -0.01256785
v -0.16604097 -0.44544736 -0.12508532
v -0.19231106 -0.34034008 -0.07454567
v -0.19195859 -0.41192943 -0.09284988
v -0.21001779 -0.43307844 -0.04715943
v -0.22826000 -0.42809615 -0.01121339
v -0.08054285 -0.50166124 -0.15467753
v -0.10305229 -0.27961525 -0.12631337
v -0.11711571 -0.24203172 -0.11412396
v -0.21637973 -0.53749806 0.10875574
v -0.03124961 -0.33069843 0.16213806
v -0.09377649 -0.46712473 0.18718965
v -0.03985726 -0.41463107 0.15876758
v -0.12833233 -0.05134262 0.08968563
v -0.13650511 0.01560655 0.08407938
v -0.13056223 -0.07418447 0.09619963
v -0.21549398 -0.48408195 0.10778806
v -0.09694453 -0.11547875 0.13824743
v -0.12593552 0.05694625 0.13581772
v -0.19444682 -0.27446947 0.09556853
v -0.05712755 -0.27678335 0.14077726
v 0.02819935 -0.53268987 0.24540812
v 0.19695988 -0.52530640 0.19767523
v 0.22656286 -0.43260920 0.04109793
v 0.08922631 -0.39883706 0.16635966
v 0.22777797 -0.44606468 0.13074854
v 0.02482296 -0.28104386 0.16397645
v 0.15657726 -0.39883184 0.17170660
v 0.03588536 0.12710571 -0.12471506
v 0.02054635 0.16924320 -0.11719798
v 0.05056747 -0.09280095 -0.08801894
v 0.19953775 -0.50482613 -0.10848425
v 0.15030946 -0.51967955 -0.15218520
v 0.06026014 -0.11023495 -0.08888524
v 0.21652716 -0.43436816 -0.06286421
v 0.18931442 -0.30125579 -0.05343193
v 0.19533546 -0.36732641 -0.08096077
v 0.18162477 -0.37956309 -0.08562902
v 0.19662257 -0.31611824 -0.04670428
v 0.12434937 -0.23125310 -0.10735123
v 0.11584325 -0.23622528 -0.11301587
v -0.16782294 0.07855406 0.00070308
v -0.16420683 0.05654716 0.02767297
v -0.21948674 -0.38846421 -0.02150156
v -0.06264769 0.08003463 -0.11451124
v -0.20816597 -0.33924252 0.01782672
v -0.22717656 -0.40679032 -0.00409016
v -0.22205028 -0.40684956 -0.02193736
v -0.06078013 -0.39199954 -0.09904778
v -0.15574063 -0.23338374 -0.08372802
v -0.02393464 -0.31217614 -0.11498307
v -0.05425129 -0.33667463 -0.10733689
v -0.19057482 -0.30049425 -0.05410860
v -0.17385440 -0.48608035 -0.12773794
v -0.08196932 -0.42147601 -0.11028615
v -0.19157770 -0.42277461 -0.10276660
v -0.03801885 -0.30267206 -0.12259899
v -0.06660325 -0.28049850 -0.13057418
v 0.08494624 -0.31868640 -0.13257788
f 26 27 142
f 29 105 28
f 142 27 28
f 142 25 26
f 38 39 129
f 164 134 163
f 135 164 23
f 126 35 36
f 44 45 116
f 191 21 22
f 36 37 125
f 19 238 239
f 210 211 255
f 40 120 39
f 30 2372 105
f 19 239 18
f 2372 113 106
f 105 29 30
f 111 104 154
f 353 18 239
f 34 35 122
f 589 91 586
f 81 82 83
f 585 587 112
f 288 192 286
f 75 103 199
f 294 269 17
f 93 94 204
f 10 533 229
f 277 11 12
f 587 145 112
f 15 267 14
f 49 169 736
f 87 118 2305
f 5 231 4
f 81 83 111
f 189 2 2405
f 1862 163 22
f 31 32 113
f 189 188 2
f 231 284 4
f 150 166 105
f 96 160 95
f 206 209 208
f 172 91 92
f 123 118 88
f 109 44 116
f 2305 108 86
f 111 154 114
f 84 104 83
f 79 80 114
f 117 174 113
f 584 127 588
f 75 76 103
f 91 172 586
f 235 161 190
f 155 120 40
f 125 37 38
f 582 128 153
f 118 123 124
f 43 44 109
f 124 123 127
f 121 109 128
f 123 89 127
f 45 46 110
f 58 220 219
f 110 100 116
f 46 139 110
f 177 178 99
f 151 33 34
f 585 78 583
f 47 101 46
f 117 33 151
f 196 50 51
f 33 117 32
f 242 55 300
f 119 155 41
f 42 121 119
f 221 218 220
f 122 175 151
f 53 194 240
f 110 116 45
f 240 2310 816
f 114 584 583
f 127 89 90
f 86 108 85
f 139 46 101
f 41 42 119
f 118 124 154
f 74 75 198
f 199 750 198
f 112 77 78
f 79 583 78
f 108 104 84
f 109 121 43
f 104 111 83
f 2305 86 87
f 118 87 88
f 81 111 80
f 117 113 32
f 123 88 89
f 108 84 85
f 114 583 79
f 119 121 128
f 126 122 35
f 588 586 587
f 66 67 230
f 121 42 43
f 114 154 124
f 30 31 2372
f 104 108 2305
f 118 154 2305
f 750 140 73
f 100 177 181
f 71 252 70
f 111 114 80
f 461 136 352
f 280 230 278
f 223 852 270
f 125 126 36
f 155 40 41
f 175 122 126
f 129 125 38
f 405 183 404
f 130 129 120
f 115 130 405
f 120 2306 130
f 115 212 2304
f 322 318 319
f 227 532 410
f 230 342 65
f 161 189 190
f 135 165 164
f 245 52 921
f 698 169 48
f 100 110 139
f 100 139 138
f 138 139 48
f 148 143 145
f 171 72 73
f 147 246 102
f 205 92 93
f 148 144 143
f 166 142 105
f 135 25 142
f 23 24 135
f 145 143 77
f 145 149 148
f 144 103 143
f 143 76 77
f 103 102 199
f 112 145 77
f 144 147 102
f 146 173 304
f 149 145 587
f 149 146 148
f 586 149 587
f 144 148 304
f 166 150 97
f 237 150 106
f 113 2372 31
f 460 2307 107
f 151 175 176
f 151 34 122
f 109 152 128
f 128 152 153
f 109 116 181
f 153 152 99
f 99 152 177
f 152 109 181
f 99 178 2309
f 589 127 90
f 2306 120 155
f 419 411 420
f 270 271 328
f 363 496 534
f 282 395 446
f 345 235 285
f 208 141 206
f 188 233 160
f 21 191 2303
f 164 163 1862
f 163 134 192
f 23 164 1862
f 166 165 135
f 346 165 97
f 134 164 165
f 165 166 97
f 142 166 135
f 350 238 351
f 416 415 411
f 261 215 216
f 215 261 2308
f 298 299 2373
f 301 433 2373
f 214 179 2309
f 2309 178 213
f 137 177 138
f 48 169 138
f 72 71 864
f 253 201 251
f 203 95 483
f 172 92 205
f 146 205 173
f 172 205 146
f 205 204 173
f 249 173 206
f 106 113 174
f 150 2372 106
f 151 174 117
f 176 254 174
f 175 210 176
f 311 310 210
f 169 137 138
f 178 177 137
f 256 261 216
f 178 137 213
f 2309 179 180
f 214 2309 213
f 49 213 137
f 185 2374 182
f 183 582 184
f 152 181 177
f 180 184 153
f 582 153 184
f 115 405 457
f 184 180 185
f 182 183 184
f 2308 261 314
f 184 185 182
f 314 2374 185
f 318 320 277
f 353 239 293
f 411 415 431
f 370 273 334
f 7 8 228
f 282 446 2377
f 435 591 434
f 533 11 277
f 278 67 68
f 281 342 230
f 308 307 302
f 342 281 374
f 133 233 235
f 483 95 160
f 1 2 2282
f 188 161 233
f 483 484 450
f 209 204 203
f 190 189 234
f 188 189 161
f 284 190 234
f 193 162 236
f 163 191 22
f 346 237 2379
f 238 20 351
f 293 239 350
f 265 57 218
f 197 51 52
f 921 2310 245
f 197 52 168
f 168 52 245
f 196 213 50
f 199 198 75
f 144 102 103
f 140 199 102
f 249 304 173
f 403 356 306
f 70 305 69
f 140 171 73
f 202 72 171
f 171 247 251
f 252 202 201
f 203 204 94
f 95 203 94
f 173 204 206
f 205 93 204
f 208 209 207
f 483 160 484
f 307 309 302
f 204 209 206
f 483 209 203
f 349 254 310
f 286 192 134
f 254 176 310
f 151 176 174
f 211 126 212
f 255 107 311
f 211 175 126
f 211 312 255
f 357 212 115
f 125 2304 126
f 312 211 212
f 50 213 49
f 214 213 196
f 214 196 215
f 215 197 168
f 297 259 258
f 258 259 257
f 216 215 168
f 217 168 245
f 217 194 258
f 257 464 256
f 168 217 2375
f 185 180 179
f 153 99 180
f 2309 180 99
f 100 138 177
f 116 100 181
f 185 179 2308
f 262 58 59
f 263 59 60
f 243 355 242
f 262 220 58
f 262 361 468
f 57 219 218
f 218 219 220
f 508 517 506
f 266 355 243
f 409 221 220
f 368 15 16
f 186 2311 267
f 271 955 62
f 273 62 63
f 329 272 328
f 224 333 61
f 263 361 262
f 592 226 6
f 592 6 225
f 7 225 6
f 226 337 283
f 282 231 232
f 6 226 274
f 228 8 187
f 187 8 227
f 187 276 228
f 228 225 7
f 229 9 1885
f 227 8 9
f 10 11 533
f 227 229 532
f 9 229 227
f 230 67 278
f 279 68 69
f 281 280 159
f 369 335 342
f 232 231 5
f 454 399 480
f 160 96 188
f 235 233 161
f 484 233 133
f 189 3 234
f 285 190 284
f 235 190 285
f 193 236 20
f 191 192 193
f 163 192 191
f 150 237 97
f 237 106 348
f 239 238 350
f 236 351 20
f 293 350 167
f 294 18 353
f 326 269 325
f 245 240 217
f 295 53 241
f 299 54 55
f 241 195 295
f 241 54 299
f 299 242 2373
f 57 265 56
f 221 244 266
f 196 51 197
f 240 245 2310
f 304 250 147
f 246 200 247
f 102 246 140
f 170 247 200
f 171 251 202
f 140 247 171
f 246 247 140
f 200 248 170
f 200 246 147
f 309 141 208
f 248 200 250
f 304 147 144
f 250 249 141
f 247 170 251
f 253 251 170
f 141 249 206
f 202 252 71
f 356 252 201
f 356 305 252
f 338 339 279
f 201 202 251
f 254 106 174
f 106 254 348
f 211 210 175
f 257 256 2375
f 2375 256 216
f 464 260 256
f 258 257 2375
f 464 257 359
f 297 258 194
f 260 98 314
f 179 214 2308
f 263 262 59
f 264 263 60
f 361 263 264
f 60 333 264
f 315 361 264
f 316 361 317
f 266 265 218
f 300 56 243
f 221 266 218
f 266 244 355
f 13 14 2311
f 319 186 323
f 368 267 15
f 268 222 16
f 268 17 269
f 16 222 368
f 222 268 269
f 271 270 955
f 223 270 328
f 273 271 62
f 330 332 377
f 329 328 271
f 329 331 272
f 334 63 64
f 64 65 335
f 369 336 370
f 275 226 283
f 226 275 274
f 5 275 232
f 337 226 592
f 276 434 228
f 227 410 187
f 499 187 410
f 410 470 499
f 568 131 2380
f 187 499 276
f 435 434 2318
f 277 531 533
f 279 278 68
f 305 279 69
f 338 279 305
f 339 280 278
f 371 340 159
f 230 65 66
f 335 65 342
f 373 281 159
f 281 373 374
f 283 282 232
f 283 343 282
f 231 282 2377
f 283 232 275
f 392 395 343
f 4 284 234
f 284 2377 285
f 446 344 399
f 134 165 346
f 346 97 237
f 134 346 286
f 288 347 287
f 347 286 2379
f 288 287 292
f 351 290 289
f 162 292 290
f 292 162 288
f 192 288 162
f 292 291 290
f 291 352 289
f 291 289 290
f 167 289 352
f 417 293 2313
f 269 294 325
f 194 53 295
f 298 296 195
f 354 474 512
f 297 194 295
f 298 433 296
f 299 298 195
f 242 299 55
f 265 243 56
f 242 300 243
f 425 354 296
f 309 208 303
f 450 485 453
f 208 207 303
f 250 141 248
f 250 304 249
f 252 305 70
f 201 253 306
f 308 403 306
f 307 306 253
f 306 307 308
f 302 309 303
f 447 302 303
f 403 308 481
f 248 309 307
f 309 248 141
f 170 248 307
f 310 176 210
f 311 107 578
f 310 311 563
f 255 311 210
f 512 259 354
f 256 260 261
f 2308 314 185
f 260 314 261
f 315 391 317
f 264 333 360
f 361 315 317
f 318 277 12
f 318 322 320
f 12 13 318
f 2311 318 13
f 267 2311 14
f 318 2311 319
f 366 545 323
f 502 321 364
f 321 320 322
f 364 321 322
f 321 157 365
f 323 322 319
f 324 323 186
f 186 267 367
f 2313 412 417
f 269 326 222
f 411 327 326
f 590 328 272
f 273 329 271
f 330 329 273
f 330 370 332
f 377 375 376
f 378 379 331
f 330 331 329
f 377 332 375
f 360 224 593
f 333 224 360
f 335 334 64
f 374 398 336
f 273 370 330
f 338 305 356
f 339 338 371
f 278 279 339
f 230 280 281
f 481 372 403
f 302 482 308
f 341 397 398
f 282 343 395
f 340 441 439
f 284 231 2377
f 401 2377 446
f 441 442 455
f 456 451 345
f 286 346 2379
f 402 348 349
f 348 254 349
f 563 349 310
f 289 167 350
f 290 351 236
f 350 351 289
f 519 520 575
f 414 352 136
f 414 167 352
f 353 293 417
f 294 353 325
f 195 297 295
f 297 296 354
f 242 355 2373
f 266 243 265
f 503 355 244
f 2373 355 301
f 306 356 201
f 338 356 403
f 400 449 447
f 481 442 372
f 357 312 212
f 98 260 462
f 255 312 406
f 466 464 465
f 465 359 530
f 259 359 257
f 360 388 315
f 264 360 315
f 316 409 468
f 384 385 382
f 388 391 315
f 323 364 322
f 366 430 545
f 368 367 267
f 327 368 222
f 367 324 186
f 367 327 419
f 368 327 367
f 326 327 222
f 424 418 2316
f 334 335 369
f 369 370 334
f 332 370 336
f 371 159 280
f 439 159 340
f 339 371 280
f 403 372 371
f 340 371 372
f 439 373 159
f 374 373 341
f 398 374 341
f 342 374 369
f 373 439 341
f 375 445 376
f 336 375 332
f 478 568 386
f 379 380 158
f 331 377 378
f 379 378 380
f 388 360 593
f 590 272 158
f 379 272 331
f 382 158 384
f 384 158 380
f 388 387 391
f 380 381 384
f 542 499 470
f 387 385 2314
f 394 393 438
f 593 158 382
f 378 383 2315
f 438 376 445
f 477 492 436
f 382 385 387
f 131 568 541
f 568 2380 386
f 437 386 383
f 2315 383 386
f 378 377 383
f 377 376 383
f 2380 2315 386
f 378 2315 380
f 2314 385 436
f 382 387 388
f 436 385 477
f 2314 391 387
f 317 391 390
f 2376 479 392
f 395 2312 344
f 2376 392 343
f 337 2376 283
f 394 445 396
f 393 437 438
f 2312 392 394
f 393 394 392
f 396 2312 394
f 344 2312 132
f 446 395 344
f 132 2312 396
f 398 396 445
f 396 398 397
f 443 444 132
f 447 303 448
f 345 285 401
f 2381 453 451
f 448 450 453
f 235 345 133
f 133 345 451
f 286 347 288
f 402 347 2379
f 348 2379 237
f 359 259 512
f 354 259 297
f 549 508 507
f 338 403 371
f 2306 405 130
f 358 407 457
f 182 404 183
f 183 405 2306
f 457 405 404
f 406 107 255
f 107 406 460
f 312 407 406
f 407 358 489
f 357 407 312
f 313 467 528
f 2374 490 488
f 464 359 465
f 363 534 156
f 363 156 316
f 537 409 156
f 468 409 220
f 156 409 316
f 321 365 320
f 320 365 531
f 531 277 320
f 470 410 469
f 323 324 366
f 167 414 2313
f 2313 414 413
f 412 2313 413
f 428 412 413
f 416 412 415
f 416 411 326
f 415 412 428
f 325 416 326
f 419 420 2382
f 411 419 327
f 367 419 324
f 420 424 421
f 427 426 431
f 433 301 504
f 476 2320 518
f 432 429 426
f 546 418 509
f 421 430 366
f 425 422 474
f 431 415 427
f 476 413 414
f 415 428 427
f 555 557 516
f 430 421 2316
f 548 473 430
f 565 538 566
f 355 503 301
f 507 506 505
f 513 474 517
f 518 413 476
f 426 418 424
f 510 554 509
f 431 426 424
f 558 432 423
f 429 418 426
f 433 425 296
f 425 433 511
f 374 336 369
f 375 336 398
f 479 478 437
f 479 437 393
f 2318 434 276
f 568 435 541
f 478 435 568
f 436 492 493
f 2314 436 389
f 438 437 383
f 376 438 383
f 394 438 445
f 443 439 441
f 442 441 340
f 456 399 454
f 340 372 442
f 441 440 443
f 308 482 481
f 455 442 486
f 443 440 444
f 440 452 454
f 132 397 443
f 341 443 397
f 454 444 440
f 132 444 480
f 398 445 375
f 401 446 399
f 448 303 207
f 400 486 449
f 448 207 450
f 400 447 448
f 447 449 482
f 450 207 483
f 450 484 485
f 452 2381 456
f 133 451 485
f 456 454 452
f 453 400 448
f 455 452 440
f 2381 452 486
f 485 451 453
f 400 453 2381
f 454 480 444
f 441 455 440
f 486 442 449
f 345 401 456
f 457 357 115
f 357 457 407
f 488 457 404
f 182 488 404
f 523 458 313
f 526 291 487
f 573 461 526
f 459 579 2307
f 581 576 577
f 291 461 352
f 98 408 490
f 462 260 464
f 408 98 462
f 408 463 490
f 457 488 358
f 458 489 313
f 408 466 467
f 462 464 466
f 466 465 529
f 462 466 408
f 408 467 463
f 262 468 220
f 316 468 361
f 469 365 2319
f 472 470 2319
f 531 365 469
f 469 2319 470
f 276 499 2318
f 477 131 498
f 472 542 470
f 471 492 498
f 544 493 494
f 472 471 542
f 501 430 473
f 502 545 501
f 156 534 536
f 474 422 517
f 524 528 525
f 425 474 354
f 461 573 559
f 136 476 414
f 559 2320 476
f 131 477 381
f 437 478 386
f 392 479 393
f 478 591 435
f 443 341 439
f 399 344 480
f 132 480 344
f 449 442 481
f 447 482 302
f 481 482 449
f 209 483 207
f 233 484 160
f 484 133 485
f 2381 486 400
f 455 486 452
f 2374 488 182
f 490 2374 98
f 292 487 291
f 347 402 562
f 287 487 292
f 576 526 487
f 358 488 490
f 467 313 463
f 523 528 524
f 406 407 489
f 463 489 358
f 490 463 358
f 529 465 491
f 530 512 513
f 557 525 529
f 469 532 531
f 531 532 533
f 498 492 477
f 492 471 494
f 472 495 494
f 493 492 494
f 472 494 471
f 495 157 543
f 493 362 389
f 497 389 362
f 389 436 493
f 362 564 496
f 389 497 390
f 496 363 497
f 363 390 497
f 542 498 541
f 541 2318 542
f 501 545 430
f 502 501 500
f 569 538 565
f 544 494 495
f 500 543 502
f 321 502 157
f 364 323 545
f 503 567 504
f 244 221 2383
f 505 504 567
f 433 504 511
f 503 504 301
f 507 508 506
f 422 425 511
f 505 506 511
f 549 510 508
f 549 507 550
f 418 429 509
f 515 594 522
f 522 429 558
f 511 504 505
f 511 506 422
f 359 512 530
f 513 512 474
f 514 513 475
f 513 516 530
f 514 515 571
f 555 516 514
f 594 510 522
f 491 530 516
f 514 516 513
f 513 517 475
f 506 517 422
f 517 508 475
f 2317 427 518
f 574 573 580
f 427 428 518
f 413 518 428
f 520 2317 2320
f 518 2320 2317
f 570 556 572
f 520 423 2317
f 520 519 423
f 519 521 423
f 429 432 558
f 571 555 514
f 521 558 423
f 558 515 522
f 556 521 519
f 521 571 558
f 559 574 2320
f 523 459 460
f 524 560 561
f 458 523 460
f 313 528 523
f 570 557 555
f 525 570 560
f 291 526 461
f 581 526 576
f 402 349 527
f 578 577 527
f 529 528 467
f 525 528 529
f 529 467 466
f 529 491 557
f 465 530 491
f 410 532 469
f 229 533 532
f 535 496 564
f 534 496 535
f 552 553 547
f 540 507 505
f 535 551 534
f 362 493 539
f 535 564 565
f 552 547 554
f 2321 536 551
f 534 551 536
f 409 537 221
f 536 2321 537
f 156 536 537
f 2321 2383 537
f 501 538 500
f 473 538 501
f 566 553 565
f 540 505 567
f 544 539 493
f 566 538 473
f 541 498 131
f 471 498 542
f 502 543 157
f 569 543 500
f 500 538 569
f 364 545 502
f 547 566 473
f 418 546 548
f 547 548 546
f 550 507 540
f 510 549 554
f 549 550 552
f 553 551 535
f 565 553 535
f 551 552 550
f 547 553 566
f 552 551 553
f 546 554 547
f 552 554 549
f 546 509 554
f 509 429 522
f 509 522 510
f 555 571 556
f 570 572 560
f 521 556 571
f 556 519 572
f 516 557 491
f 515 558 571
f 561 560 572
f 524 525 560
f 575 561 572
f 523 524 459
f 562 287 347
f 487 562 576
f 287 562 487
f 527 562 402
f 577 562 527
f 577 579 581
f 362 496 497
f 539 564 362
f 539 565 564
f 565 539 569
f 244 567 503
f 2383 567 244
f 537 2383 221
f 2321 540 2383
f 550 540 2321
f 2318 541 435
f 544 495 543
f 544 569 539
f 543 569 544
f 548 547 473
f 557 570 525
f 556 570 555
f 519 575 572
f 581 580 573
f 580 575 574
f 520 574 575
f 559 573 574
f 559 136 461
f 476 136 559
f 580 561 575
f 577 576 562
f 527 563 578
f 578 563 311
f 580 579 459
f 526 581 573
f 577 578 579
f 561 580 459
f 580 581 579
f 582 2306 119
f 585 112 78
f 124 584 114
f 127 584 124
f 583 584 585
f 149 586 172
f 588 587 585
f 584 588 585
f 589 588 127
f 91 589 90
f 588 589 586
f 593 590 158
f 328 590 223
f 225 434 591
f 592 591 2378
f 434 225 228
f 388 593 382
f 594 475 508
f 514 475 515
f 475 594 515
f 510 594 508
f 688 632 631
f 722 623 622
f 49 812 50
f 625 727 728
f 682 689 687
f 1109 669 699
f 240 816 53
f 786 785 772
f 638 2384 101
f 722 683 623
f 637 636 671
f 60 59 2325
f 686 628 2385
f 682 631 630
f 687 677 682
f 684 2385 627
f 736 169 698
f 674 649 648
f 2389 888 57
f 727 624 683
f 2325 59 887
f 59 58 887
f 56 2389 57
f 724 664 787
f 637 2384 638
f 874 878 731
f 744 641 640
f 61 850 852
f 726 727 683
f 62 955 849
f 685 671 636
f 673 667 699
f 676 663 645
f 68 67 855
f 672 700 673
f 1097 738 739
f 667 702 705
f 714 620 619
f 803 909 910
f 644 669 676
f 639 74 661
f 751 749 750
f 674 668 729
f 74 198 661
f 704 654 703
f 639 661 711
f 671 685 660
f 683 752 726
f 730 762 2385
f 642 673 643
f 629 686 689
f 681 680 633
f 668 647 663
f 674 647 668
f 645 663 646
f 644 676 645
f 795 688 677
f 676 729 668
f 730 2385 684
f 708 662 709
f 699 669 643
f 626 625 728
f 1109 1108 675
f 686 629 628
f 684 627 626
f 682 688 631
f 681 688 795
f 624 727 625
f 621 679 723
f 624 623 683
f 607 885 608
f 621 723 622
f 682 677 688
f 716 679 714
f 762 760 687
f 714 618 617
f 715 714 617
f 681 632 688
f 628 627 2385
f 714 619 618
f 682 630 689
f 757 835 795
f 729 676 669
f 723 679 716
f 677 760 757
f 674 729 675
f 620 679 621
f 728 684 626
f 701 702 700
f 658 809 659
f 673 642 672
f 47 638 101
f 733 891 954
f 806 808 805
f 637 671 2384
f 811 809 2283
f 707 655 704
f 632 681 633
f 660 697 671
f 672 642 641
f 674 675 650
f 652 1108 705
f 674 650 649
f 648 647 674
f 714 679 620
f 675 651 650
f 687 689 686
f 705 702 653
f 1091 1041 989
f 676 668 663
f 717 725 724
f 943 873 872
f 633 680 634
f 805 597 596
f 1108 651 675
f 878 925 930
f 744 745 708
f 598 960 952
f 960 987 800
f 644 643 669
f 891 845 847
f 685 636 635
f 665 837 743
f 629 689 630
f 635 634 680
f 911 804 909
f 737 657 656
f 72 815 73
f 1109 699 667
f 817 2386 1048
f 773 1105 774
f 660 693 698
f 697 660 698
f 698 693 736
f 139 101 48
f 2384 671 697
f 48 697 698
f 729 669 1109
f 667 705 1109
f 700 666 701
f 667 700 702
f 673 700 667
f 666 700 672
f 709 706 701
f 704 655 654
f 701 666 709
f 703 702 701
f 653 702 703
f 703 701 704
f 653 703 654
f 706 704 701
f 704 706 707
f 652 705 653
f 706 709 662
f 656 655 707
f 748 858 747
f 707 706 713
f 745 744 640
f 662 713 706
f 712 813 710
f 863 859 861
f 744 666 672
f 709 666 708
f 711 640 639
f 749 711 661
f 708 747 662
f 198 750 661
f 751 750 73
f 694 746 749
f 1092 735 1093
f 858 713 662
f 738 713 712
f 715 617 616
f 716 714 715
f 615 715 616
f 720 725 717
f 719 723 718
f 752 670 726
f 719 718 717
f 720 718 753
f 719 717 670
f 717 724 670
f 787 781 724
f 721 715 615
f 755 740 754
f 723 722 622
f 722 719 752
f 723 716 718
f 722 723 719
f 696 725 720
f 664 724 725
f 718 720 717
f 754 696 720
f 727 726 678
f 728 727 678
f 675 729 1109
f 681 834 680
f 680 834 665
f 684 728 869
f 840 605 838
f 1011 1010 973
f 55 890 300
f 601 847 602
f 854 805 808
f 1068 989 1090
f 804 64 63
f 1068 1065 1066
f 857 793 833
f 736 693 867
f 712 739 738
f 809 658 2285
f 738 707 713
f 739 712 710
f 707 738 737
f 739 710 997
f 739 997 1094
f 202 71 72
f 70 865 71
f 922 816 2310
f 695 968 923
f 610 609 819
f 880 886 606
f 753 716 715
f 743 742 660
f 693 660 742
f 743 660 685
f 867 693 823
f 665 743 2322
f 742 743 826
f 666 744 708
f 641 744 672
f 745 640 711
f 746 745 711
f 708 745 747
f 749 746 711
f 747 746 748
f 745 746 747
f 748 746 694
f 859 813 748
f 748 813 858
f 749 751 694
f 859 748 694
f 661 750 749
f 815 751 73
f 820 751 815
f 722 752 683
f 670 752 719
f 716 753 718
f 721 753 715
f 615 614 755
f 755 721 615
f 755 754 721
f 613 755 614
f 1047 740 817
f 696 754 740
f 728 678 869
f 757 795 677
f 756 761 760
f 766 759 761
f 759 757 761
f 765 768 758
f 836 757 759
f 769 770 772
f 776 758 769
f 759 765 758
f 769 758 768
f 776 836 758
f 677 687 760
f 762 687 686
f 760 761 757
f 763 821 756
f 756 760 762
f 730 763 762
f 756 762 763
f 822 764 767
f 767 766 822
f 783 765 766
f 759 766 765
f 783 766 767
f 774 768 783
f 774 1105 771
f 770 769 768
f 771 784 770
f 776 775 777
f 771 768 774
f 770 784 779
f 782 767 764
f 771 1107 784
f 770 768 771
f 785 769 772
f 825 775 790
f 777 825 824
f 785 790 775
f 777 775 825
f 782 773 767
f 773 774 783
f 775 776 769
f 793 857 790
f 824 825 823
f 776 777 871
f 837 665 796
f 779 792 786
f 779 2387 830
f 764 822 916
f 787 788 781
f 782 866 780
f 670 724 791
f 764 916 866
f 724 781 791
f 773 783 767
f 779 784 2387
f 785 775 769
f 1004 725 696
f 791 781 789
f 772 779 786
f 794 790 785
f 829 792 870
f 785 786 794
f 790 794 793
f 867 823 857
f 1049 2388 664
f 730 868 763
f 791 726 670
f 790 857 825
f 917 789 781
f 726 791 678
f 786 2324 794
f 792 830 870
f 830 831 870
f 52 51 832
f 794 2324 828
f 833 51 50
f 871 835 836
f 796 665 834
f 778 837 796
f 835 796 834
f 796 871 778
f 841 840 797
f 901 733 976
f 1111 877 884
f 932 887 888
f 941 829 870
f 901 845 891
f 848 847 903
f 270 983 955
f 61 333 850
f 962 800 987
f 990 803 910
f 856 802 855
f 805 807 806
f 807 2283 806
f 801 988 1066
f 853 854 801
f 807 805 596
f 596 1284 807
f 811 807 1284
f 810 2285 658
f 2283 809 735
f 1094 1097 739
f 809 2285 735
f 1071 2283 735
f 811 2283 807
f 1284 595 2284
f 811 1284 2284
f 657 810 658
f 809 811 659
f 857 833 812
f 736 812 49
f 707 737 656
f 737 1097 810
f 657 737 810
f 712 858 813
f 710 813 863
f 863 860 996
f 815 72 864
f 865 908 991
f 861 859 820
f 817 740 613
f 755 613 740
f 1489 612 2386
f 1003 1047 1048
f 819 966 1002
f 914 1002 966
f 912 609 608
f 915 819 1002
f 763 868 920
f 822 756 821
f 822 821 916
f 778 777 824
f 826 778 824
f 824 742 826
f 824 823 742
f 823 825 857
f 868 869 827
f 917 827 789
f 921 832 828
f 922 828 2324
f 792 829 2324
f 779 830 792
f 830 695 831
f 832 51 833
f 833 793 832
f 828 832 793
f 794 828 793
f 52 832 921
f 795 834 681
f 795 835 834
f 757 836 835
f 836 759 758
f 777 778 871
f 837 778 826
f 743 837 826
f 797 840 838
f 872 605 1443
f 1110 885 886
f 873 874 838
f 872 838 605
f 876 841 797
f 877 876 924
f 839 841 876
f 892 604 846
f 872 873 838
f 888 58 219
f 889 56 300
f 889 974 971
f 241 940 54
f 603 844 900
f 602 845 844
f 604 892 893
f 900 844 845
f 604 603 846
f 903 601 600
f 905 600 599
f 891 847 848
f 847 845 602
f 903 847 601
f 848 903 953
f 983 956 955
f 1130 849 1131
f 851 852 850
f 906 907 850
f 1112 984 851
f 852 851 983
f 853 801 987
f 854 853 597
f 855 802 2286
f 856 67 66
f 860 993 995
f 65 64 911
f 856 66 803
f 803 66 911
f 66 65 911
f 804 63 1130
f 812 833 50
f 857 812 867
f 713 858 712
f 747 858 662
f 820 859 694
f 861 862 992
f 862 864 865
f 862 861 820
f 863 861 860
f 815 862 820
f 862 865 992
f 860 995 996
f 859 863 813
f 997 710 996
f 1095 1094 814
f 865 864 71
f 815 864 862
f 908 70 69
f 992 865 991
f 915 612 611
f 2386 612 818
f 912 819 609
f 915 610 819
f 885 912 608
f 912 1114 966
f 818 612 915
f 917 918 920
f 780 2323 1132
f 764 866 782
f 780 866 2323
f 919 2323 866
f 736 867 812
f 742 823 693
f 869 868 730
f 868 827 920
f 869 730 684
f 827 678 789
f 869 678 827
f 835 871 796
f 776 871 836
f 943 894 873
f 894 943 896
f 874 873 875
f 838 874 797
f 874 731 924
f 875 873 894
f 924 731 877
f 797 874 924
f 874 875 878
f 884 970 1055
f 883 881 882
f 924 876 797
f 882 876 877
f 926 945 929
f 879 875 894
f 877 731 884
f 878 875 879
f 970 878 930
f 895 899 894
f 925 879 926
f 899 879 894
f 881 880 839
f 885 607 886
f 839 880 841
f 882 881 839
f 1110 881 883
f 882 839 876
f 883 1111 2329
f 1111 883 882
f 1161 1159 1172
f 884 1055 1111
f 607 606 886
f 881 886 880
f 888 887 58
f 798 887 932
f 2325 887 798
f 889 2389 56
f 890 889 300
f 937 55 54
f 241 53 940
f 937 54 843
f 829 816 922
f 843 54 940
f 891 733 901
f 897 900 901
f 929 925 926
f 895 894 896
f 896 892 846
f 893 943 872
f 893 892 943
f 976 978 944
f 898 897 944
f 895 897 898
f 897 896 846
f 895 896 897
f 846 900 897
f 898 978 979
f 898 951 895
f 951 899 895
f 603 900 846
f 901 900 845
f 901 976 944
f 1057 933 1056
f 951 898 979
f 926 946 945
f 946 902 945
f 905 903 600
f 599 952 905
f 952 800 904
f 598 952 599
f 905 953 903
f 953 905 904
f 982 906 2325
f 972 973 1010
f 1112 907 1014
f 986 957 958
f 956 957 959
f 987 961 853
f 801 962 987
f 805 854 597
f 988 854 808
f 1000 856 990
f 855 67 856
f 964 2286 802
f 865 70 908
f 855 2286 69
f 908 69 2286
f 996 710 863
f 911 909 803
f 999 990 910
f 804 911 64
f 959 1040 1131
f 912 913 1114
f 885 913 912
f 912 966 819
f 1046 967 1080
f 967 741 818
f 611 610 915
f 918 916 821
f 866 916 919
f 781 788 917
f 916 918 919
f 920 918 821
f 918 917 919
f 920 821 763
f 922 921 828
f 829 922 2324
f 941 816 829
f 968 695 1005
f 878 879 925
f 899 926 879
f 929 930 925
f 929 945 948
f 929 927 930
f 878 970 731
f 928 970 930
f 798 932 931
f 935 931 1006
f 935 934 931
f 2389 932 888
f 931 932 1006
f 1006 2389 971
f 935 1006 936
f 1119 1127 1118
f 935 933 1123
f 933 935 936
f 933 1057 1123
f 798 972 982
f 798 931 934
f 973 934 1122
f 1007 974 1008
f 938 937 799
f 938 799 939
f 937 938 890
f 1018 939 799
f 890 55 937
f 816 940 53
f 1051 941 831
f 891 848 954
f 892 896 943
f 898 944 978
f 901 944 897
f 949 945 902
f 899 946 926
f 979 902 946
f 1024 902 981
f 929 948 927
f 980 981 979
f 950 945 949
f 948 945 1023
f 947 950 949
f 1023 945 950
f 979 946 951
f 946 899 951
f 800 952 960
f 905 952 904
f 1062 986 1059
f 1026 953 904
f 954 848 1028
f 733 942 976
f 953 1028 848
f 906 982 842
f 907 906 842
f 906 850 333
f 1112 850 907
f 1112 851 850
f 956 851 984
f 955 959 849
f 959 955 956
f 956 984 957
f 959 957 1040
f 957 984 958
f 1031 1100 1038
f 1040 957 986
f 961 960 598
f 960 961 987
f 963 802 1000
f 1000 802 856
f 965 963 1000
f 802 963 964
f 1042 994 995
f 1040 734 1085
f 967 1002 914
f 914 1081 1080
f 741 967 1046
f 695 923 831
f 843 799 937
f 1018 799 969
f 927 690 1053
f 928 930 927
f 1126 1053 690
f 970 928 1055
f 731 970 884
f 57 888 219
f 936 1006 971
f 973 972 934
f 1011 973 1128
f 889 971 2389
f 1007 971 974
f 890 974 889
f 938 974 890
f 1008 938 939
f 1008 1115 732
f 976 942 977
f 1060 733 954
f 1059 985 1017
f 980 977 1016
f 977 978 976
f 1116 950 1009
f 927 948 690
f 1127 948 1023
f 947 949 1024
f 979 978 980
f 978 977 980
f 1058 980 1016
f 902 979 981
f 800 1025 904
f 1027 1026 1030
f 1031 1029 1100
f 982 2325 798
f 982 972 842
f 852 983 270
f 983 851 956
f 1015 984 1112
f 962 801 1066
f 989 988 808
f 854 988 801
f 808 1091 989
f 1095 1096 692
f 1063 1065 691
f 803 990 856
f 2286 991 908
f 993 992 991
f 992 993 860
f 1044 1042 1043
f 1074 1075 1073
f 1042 993 991
f 2287 814 997
f 861 992 860
f 2287 997 996
f 995 994 2287
f 994 1074 1076
f 1072 1041 692
f 1087 1084 1086
f 1001 999 1045
f 1001 1000 990
f 1069 691 1065
f 915 1002 818
f 1004 1003 1050
f 1003 1004 696
f 696 740 1047
f 1004 1050 1049
f 725 1004 664
f 1102 2326 1133
f 2386 741 1048
f 1002 967 818
f 1147 968 1005
f 1022 923 968
f 831 923 969
f 940 1051 843
f 799 843 969
f 1051 969 843
f 1129 1127 1119
f 1106 1140 1147
f 1007 936 971
f 974 938 1008
f 1115 1008 939
f 732 1007 1008
f 1123 934 935
f 950 1116 1023
f 1061 1128 947
f 1012 1014 907
f 1011 1128 1061
f 1012 1010 1011
f 907 842 1012
f 972 1010 842
f 1012 842 1010
f 1014 1012 2327
f 1011 1061 2327
f 2327 1083 1013
f 1013 985 1015
f 1015 1014 1013
f 1015 985 1059
f 1015 958 984
f 1016 977 1070
f 1070 977 942
f 1017 1016 1070
f 1017 985 1058
f 1115 939 975
f 1018 969 923
f 975 939 1018
f 1150 1022 1143
f 1142 1149 1143
f 1115 1021 1121
f 1020 1018 923
f 975 1019 1021
f 1019 975 1020
f 1020 975 1018
f 1151 1153 1125
f 923 1022 1020
f 690 948 1127
f 1061 1024 1083
f 1014 2327 1013
f 902 1024 949
f 1024 981 1083
f 800 962 1025
f 1026 904 1025
f 1028 1026 1027
f 1026 1025 1032
f 1027 1030 1035
f 1031 1027 1035
f 1028 1027 1039
f 1026 1028 953
f 1045 1063 691
f 1045 1037 1063
f 1035 1029 1031
f 734 986 1062
f 1030 1026 1032
f 1064 1032 1025
f 1036 1030 1032
f 1029 1035 1033
f 1034 1036 1037
f 999 910 1087
f 1033 1035 1034
f 1035 1030 1034
f 1037 1036 1063
f 1100 1070 1038
f 1027 1031 1039
f 1038 1039 1031
f 986 734 1040
f 1033 734 1062
f 1059 986 958
f 1071 1091 806
f 1064 1025 962
f 1043 991 2286
f 1044 1043 964
f 991 1043 1042
f 1000 1001 965
f 999 1001 990
f 1080 967 914
f 1050 1046 1082
f 1048 1047 817
f 1047 1003 696
f 817 1427 2386
f 1046 1048 741
f 787 664 2388
f 1004 1049 664
f 1102 1050 1082
f 1050 1003 1046
f 1048 1046 1003
f 816 941 940
f 969 1051 831
f 690 1127 1129
f 928 1053 1054
f 1126 1052 1053
f 1053 1052 1054
f 1166 1055 1168
f 927 1053 928
f 928 1054 1055
f 1007 732 1056
f 936 1056 933
f 1118 1116 1117
f 1057 1056 1120
f 1057 1117 1123
f 950 947 1009
f 981 980 1058
f 985 1013 1058
f 1017 1058 1016
f 1015 1059 958
f 1060 942 733
f 1039 1060 954
f 1028 1039 954
f 1024 1061 947
f 1011 2327 1012
f 2327 1061 1083
f 1100 1062 1059
f 1062 1100 1029
f 1063 1064 1065
f 1032 1064 1036
f 1066 1064 962
f 988 1068 1066
f 1069 1065 1068
f 1064 1066 1065
f 1041 1072 1090
f 989 1068 988
f 1067 1069 1068
f 994 1042 1074
f 1077 1069 1067
f 1069 1077 691
f 1017 1070 1100
f 942 1038 1070
f 1071 735 1092
f 1090 1067 1068
f 993 1042 995
f 963 1044 964
f 1042 1044 1074
f 1075 1074 1044
f 1067 1079 1073
f 1075 1044 963
f 1074 1073 1076
f 963 965 1075
f 1001 1045 691
f 1076 1073 1079
f 994 1076 2287
f 1078 1075 965
f 1001 1078 965
f 1079 1072 998
f 1077 1078 691
f 1001 691 1078
f 1046 1080 1082
f 1102 1099 2388
f 2326 1082 1080
f 741 2386 818
f 981 1058 1083
f 1083 1058 1013
f 1017 1100 1059
f 1029 1033 1062
f 1033 1089 734
f 1089 1085 734
f 1085 1086 1084
f 909 1088 910
f 1086 1085 1089
f 1085 1084 1131
f 1045 999 1087
f 1087 910 1088
f 1087 1086 1037
f 1088 909 804
f 1087 1088 1084
f 1034 1089 1033
f 1041 1090 989
f 1079 1090 1072
f 1067 1090 1079
f 806 1091 808
f 692 1091 1071
f 1093 735 2285
f 1096 1095 814
f 1097 1094 1093
f 1093 1094 1095
f 814 1094 997
f 1097 1093 810
f 692 1092 1095
f 1095 1092 1093
f 1096 998 1072
f 738 1097 737
f 1091 692 1041
f 1092 692 1071
f 1096 1072 692
f 1105 773 2390
f 788 1099 2323
f 1133 2328 1132
f 1089 1034 1086
f 1037 1086 1034
f 1087 1037 1045
f 1133 2326 2328
f 1049 1050 1102
f 1099 1102 1133
f 1107 1005 784
f 1104 782 780
f 773 782 1104
f 1156 1146 1103
f 1081 1170 1101
f 1104 780 1103
f 773 1104 2390
f 1134 1156 1103
f 1105 1107 771
f 1107 1105 1106
f 1140 1106 1141
f 1147 1005 1107
f 1147 1107 1106
f 651 1108 652
f 705 1108 1109
f 820 694 751
f 885 1110 913
f 881 1110 886
f 877 1111 882
f 1166 1111 1055
f 1112 1014 1015
f 1164 1170 1171
f 1114 1113 914
f 914 1113 1081
f 883 1162 1110
f 1160 1161 1162
f 1114 913 1172
f 920 827 917
f 1021 1115 975
f 1116 1009 1117
f 1116 1127 1023
f 1122 1117 1009
f 1117 1057 1118
f 1127 1116 1118
f 1118 1120 1119
f 1120 732 1121
f 1128 1009 947
f 1123 1122 934
f 1117 1122 1123
f 1115 1121 732
f 1152 1125 1021
f 1021 1125 1121
f 1153 1124 1125
f 1120 1121 1124
f 1129 1126 690
f 1153 1126 1124
f 1057 1120 1118
f 1124 1119 1120
f 1122 1128 973
f 1009 1128 1122
f 1124 1129 1119
f 1126 1129 1124
f 1131 1088 1130
f 849 959 1131
f 1130 1088 804
f 1084 1088 1131
f 62 849 63
f 1131 1040 1085
f 1101 1098 2328
f 1099 1133 1132
f 1134 2328 1098
f 1103 780 1132
f 1132 2328 1134
f 1159 1171 1172
f 1153 1154 1155
f 1132 1134 1103
f 1138 1136 1164
f 1081 1101 2326
f 1101 1170 1136
f 1152 1151 1125
f 1101 1136 1098
f 1164 1136 1170
f 1139 1156 1098
f 1163 1138 1164
f 1139 1138 1137
f 1135 1144 1137
f 1139 1137 1144
f 1142 1144 1135
f 1147 1140 1143
f 1140 1142 1143
f 1104 1103 1146
f 1141 1146 1145
f 1106 2390 1141
f 1143 1149 1150
f 1145 1144 1142
f 1156 1144 1145
f 2390 1104 1146
f 1145 1146 1156
f 2390 1146 1141
f 1143 1022 1147
f 968 1147 1022
f 1152 1019 1150
f 1148 1142 1135
f 1142 1148 1149
f 1135 1158 1154
f 1151 1149 1148
f 1150 1019 1020
f 1137 1167 1158
f 1052 1157 1168
f 1151 1152 1149
f 1019 1152 1021
f 1022 1150 1020
f 1152 1150 1149
f 1154 1153 1151
f 1154 1151 1148
f 1135 1154 1148
f 1144 1156 1139
f 1157 1052 1155
f 1158 1157 1155
f 1138 1163 1167
f 1155 1154 1158
f 1137 1158 1135
f 1167 1157 1158
f 1161 1172 913
f 1162 2329 1160
f 1163 1159 1160
f 1162 1161 913
f 1159 1161 1160
f 1110 1162 913
f 1165 1160 2329
f 1163 1165 1169
f 1159 1163 1164
f 2329 1166 1165
f 1163 1169 1167
f 1166 1168 1169
f 1111 1166 2329
f 1168 1055 1054
f 1166 1169 1165
f 1138 1167 1137
f 1052 1168 1054
f 1157 1169 1168
f 1167 1169 1157
f 1113 1170 1081
f 1171 1170 1113
f 1172 1171 1113
f 1171 1159 1164
f 1114 1172 1113
f 1145 1140 1141
f 1142 1140 1145
f 616 617 618
f 1311 1234 1272
f 1269 1219 1220
f 616 618 619
f 619 1276 616
f 1345 616 1276
f 1276 619 1173
f 1271 1269 1263
f 1271 1218 1219
f 1348 1312 1350
f 1236 1258 2292
f 647 648 1244
f 1353 1179 1180
f 2331 1258 1266
f 1488 611 612
f 1269 1240 2288
f 2330 1310 1234
f 1267 1261 1250
f 2338 1186 1187
f 1286 1253 1259
f 1247 1224 1225
f 607 608 1433
f 613 614 1486
f 1274 1275 1336
f 1239 1238 1251
f 1507 1357 1394
f 1310 2288 1255
f 1243 647 1244
f 1217 1285 1216
f 872 1443 1445
f 1234 1311 2330
f 1736 1515 1510
f 1237 1261 1260
f 1446 841 880
f 1255 2288 1259
f 1235 1231 1232
f 1397 601 602
f 1323 596 597
f 598 1366 961
f 1325 1297 1378
f 601 1397 1398
f 1334 1306 1213
f 2292 1228 1229
f 1247 1253 1246
f 1226 1227 1242
f 1327 1295 1328
f 1247 1246 1224
f 1339 1343 1340
f 1326 596 1323
f 1232 2291 2290
f 1293 1332 1233
f 1245 1243 1238
f 1226 1242 1254
f 1223 1224 1246
f 1239 1246 1253
f 2292 1258 1241
f 1229 1230 2289
f 1230 1231 1249
f 1240 1248 1286
f 1202 1920 1438
f 1188 1362 1361
f 1241 2331 1267
f 1188 1189 1362
f 1262 1264 1305
f 1265 1261 1267
f 1342 1479 1341
f 1282 1283 1191
f 1395 1204 1205
f 1249 1257 2289
f 1255 1256 1237
f 1245 1248 1221
f 1258 2331 1241
f 1437 1392 1436
f 1437 1498 1392
f 1242 1250 1261
f 1192 1282 1191
f 1238 1244 1251
f 1237 1242 1261
f 1246 1251 1223
f 1247 1256 1253
f 1503 1549 1201
f 1259 1256 1255
f 1550 1201 1549
f 1244 1222 1251
f 1495 1199 1200
f 1236 2292 2289
f 1198 1199 1496
f 1260 1234 1310
f 1260 1255 1237
f 1218 1271 1217
f 1272 1260 1261
f 1263 2330 1309
f 1242 1227 1250
f 1221 1248 1220
f 1238 1243 1244
f 1256 1247 1254
f 1260 1310 1255
f 1287 1257 1249
f 648 1222 1244
f 1237 1256 1254
f 1243 1252 663
f 663 1252 646
f 2289 1257 1236
f 1245 1252 1243
f 1228 1250 1227
f 1243 663 647
f 1221 646 1252
f 1268 1258 1236
f 1415 1209 1210
f 1251 1246 1239
f 1221 1252 1245
f 1381 1382 1343
f 1241 1250 1228
f 1272 1234 1260
f 1222 1223 1251
f 1225 1226 1254
f 1300 1333 1214
f 1212 1306 1308
f 1286 1245 1238
f 1286 1239 1253
f 1308 1306 1307
f 1241 1228 2292
f 1242 1237 1254
f 1256 1259 1253
f 1286 1259 1240
f 2288 1240 1259
f 1272 1261 1265
f 1274 1265 1273
f 1258 1268 1266
f 1265 2331 1273
f 1262 1304 1264
f 1273 2331 1266
f 1241 1267 1250
f 1257 1291 1236
f 1266 1268 1264
f 1271 1263 1309
f 1309 1217 1271
f 1248 1240 1220
f 1270 1273 1304
f 1269 1271 1219
f 1274 1272 1265
f 1311 1272 1336
f 1274 1273 1270
f 1264 1304 1266
f 1275 1274 1270
f 1274 1336 1272
f 1301 1303 1299
f 1270 1301 1299
f 1275 2391 1336
f 1175 1176 1350
f 614 615 1344
f 1277 1276 1173
f 1173 1174 1277
f 1312 1174 1175
f 1177 1349 1350
f 1312 1277 1174
f 1277 1312 1314
f 1183 1184 1360
f 1199 1495 1496
f 1445 893 872
f 1282 1281 1283
f 1282 1193 1281
f 1283 1281 1406
f 1190 1191 1283
f 600 601 1398
f 1484 1614 2393
f 1233 1330 1293
f 1288 1294 1292
f 1217 1309 1285
f 1215 1216 1285
f 1239 1286 1238
f 1235 1287 1231
f 1288 1287 1235
f 2291 1377 2290
f 1268 1289 1264
f 1293 1330 1290
f 1236 1291 1289
f 1288 1292 1287
f 1290 1291 1257
f 1331 1291 1290
f 1290 1292 1293
f 1296 1332 1293
f 1296 1292 1294
f 1292 1296 1293
f 1288 2293 1295
f 1288 1295 1294
f 1328 1295 2293
f 1327 1323 1368
f 1297 1296 1294
f 1378 1295 1327
f 1297 1325 2333
f 1297 1332 1296
f 1303 1301 1302
f 1275 1270 1299
f 1300 2391 1298
f 1298 2391 1275
f 1299 1298 1275
f 1214 1894 1335
f 1301 1304 1262
f 1302 1301 1262
f 1303 1302 1307
f 1299 1303 1298
f 1306 1334 1303
f 1333 1334 1213
f 1270 1304 1301
f 1304 1273 1266
f 1478 1479 1480
f 1308 1343 1382
f 1306 1303 1307
f 1213 1306 1212
f 1340 1341 1479
f 1302 1341 1340
f 1382 1212 1308
f 2288 1310 1263
f 1311 1336 2334
f 1312 1348 1314
f 1344 1346 614
f 1350 1312 1175
f 1314 1345 1277
f 1348 1349 1429
f 1348 1384 1314
f 1432 1384 1431
f 609 610 1387
f 1584 1278 1533
f 1517 1446 1447
f 1516 1433 1388
f 1396 1206 1207
f 1365 1189 1190
f 2338 1187 1361
f 1408 1405 1406
f 1407 1408 1406
f 1365 1283 1406
f 1365 1405 1362
f 1210 1734 1415
f 1474 1484 2393
f 1419 1483 1477
f 1555 1395 1556
f 1368 597 853
f 1369 853 961
f 1370 1368 1369
f 1378 1297 1294
f 1325 1324 1371
f 1371 1324 1376
f 1326 1328 2293
f 596 1326 1377
f 1368 1323 597
f 1368 1370 1327
f 1324 1325 1378
f 1328 1323 1327
f 1323 1328 1326
f 1377 2293 2290
f 1379 1330 1233
f 1291 1331 1289
f 1342 1305 1423
f 1290 1330 1331
f 1379 1331 1330
f 1335 1300 1214
f 1333 1300 1334
f 1300 1298 1334
f 1303 1334 1298
f 1329 1335 1894
f 1300 1335 2391
f 1329 1337 1335
f 2391 1337 1336
f 1338 2334 2392
f 1285 1309 1338
f 1340 1308 1307
f 1305 1342 1341
f 1262 1305 1341
f 1302 1340 1307
f 1375 1423 1233
f 1375 1233 1417
f 1262 1341 1302
f 1426 1381 1343
f 1379 1423 1305
f 1308 1340 1343
f 1345 1344 615
f 616 1345 615
f 1277 1345 1276
f 1346 1352 1486
f 1313 1545 1617
f 1493 1494 1591
f 1431 1429 1383
f 1384 1348 1429
f 1351 1177 1178
f 1429 1349 1347
f 1177 1350 1176
f 1348 1350 1349
f 1349 1177 1351
f 1434 1178 1179
f 1349 1351 1347
f 1314 1385 1344
f 1345 1314 1344
f 1384 1385 1314
f 1344 1385 1346
f 1386 1352 1432
f 1388 1547 1661
f 1387 1548 609
f 1430 1347 1390
f 1694 1709 1708
f 1444 1394 1443
f 1455 1456 1459
f 1407 1409 1280
f 1359 1195 1196
f 1197 1463 1976
f 1389 1466 1467
f 1362 1189 1365
f 1187 1188 1361
f 1322 1364 1321
f 1364 1194 1321
f 1321 1194 1363
f 1364 1322 1193
f 1281 1322 1406
f 1281 1193 1322
f 1283 1365 1190
f 1406 1322 1407
f 598 599 1460
f 1327 1370 1324
f 1734 1210 1211
f 1482 1543 1415
f 1369 1368 853
f 961 1366 1369
f 1370 1366 1324
f 1371 1373 1475
f 1373 1520 1457
f 1417 1233 1332
f 1520 1371 1376
f 1418 1417 2333
f 1417 1374 1375
f 1332 1297 2333
f 1417 1418 1374
f 1478 1339 1479
f 1480 1423 1375
f 1476 1375 1374
f 1472 1366 1460
f 596 1377 1284
f 2293 1377 1326
f 1295 1378 1294
f 1324 1378 1327
f 2392 1329 1215
f 1289 1379 1264
f 1331 1379 1289
f 1338 2330 1311
f 1309 2330 1338
f 1380 1426 1421
f 1426 1343 1339
f 1381 1426 1425
f 1427 1486 1487
f 1489 1487 1428
f 1430 1429 1347
f 1385 1384 1432
f 1547 1591 1546
f 1389 1180 1181
f 1466 1182 1403
f 1434 1353 1390
f 1351 1178 1434
f 1389 1353 1180
f 1523 1353 1389
f 1429 1430 1383
f 1351 1434 1347
f 1347 1434 1390
f 2394 1390 1353
f 1503 1202 1438
f 1550 1391 1495
f 1197 1198 1497
f 1392 1498 1499
f 1442 1393 1439
f 1447 880 606
f 1507 1508 1506
f 1204 1395 1554
f 1208 1367 1413
f 1597 1557 1442
f 1393 1440 1439
f 1556 1395 1396
f 1204 1554 1441
f 1448 602 844
f 1449 844 603
f 2341 1320 1458
f 1448 1397 602
f 1458 1397 2341
f 1449 1450 1448
f 1194 1400 1363
f 1196 1463 1464
f 1401 1195 2336
f 1522 1359 1464
f 1465 1184 1185
f 1404 1185 1186
f 1403 1527 1467
f 1182 1466 1181
f 1465 1360 1184
f 1182 1183 1403
f 2337 2338 1361
f 1404 1402 1465
f 1280 1411 1586
f 1186 2338 1404
f 1525 1402 1404
f 1362 1405 1524
f 1406 1405 1365
f 1407 1322 1321
f 1409 1407 1321
f 1407 1280 1408
f 1409 1321 1363
f 1470 1408 1280
f 1405 1408 1524
f 1363 1410 1409
f 1400 1401 1410
f 1411 1280 1409
f 1542 1413 1367
f 1414 1416 1412
f 1206 1396 1205
f 1543 1416 1414
f 1543 1414 1415
f 1209 1415 1414
f 1543 1484 1474
f 1367 1208 1412
f 1207 1208 1413
f 1324 1366 1472
f 1369 1366 1370
f 1376 1324 1472
f 2333 1417 1332
f 1475 1325 1371
f 2333 1475 1418
f 1566 1418 1475
f 1374 1418 1372
f 1419 1374 1372
f 1374 1419 1477
f 1566 1372 1418
f 1374 1477 1476
f 1375 1476 1480
f 1479 1339 1340
f 1478 1480 1476
f 1477 1483 1422
f 1478 1421 1339
f 1421 1420 1735
f 1421 1735 1380
f 1422 1735 1420
f 1420 1476 1477
f 1735 1422 1482
f 1233 1423 1379
f 1426 1339 1421
f 1425 1426 1380
f 1489 1427 1487
f 613 1486 1427
f 1487 1352 1386
f 1486 1352 1487
f 1383 1545 1431
f 1490 1530 1491
f 1432 1431 1313
f 1384 1429 1431
f 1432 1313 1616
f 1385 1432 1352
f 1493 1387 610
f 1548 1433 608
f 1466 1389 1181
f 1353 1434 1179
f 1490 2394 1530
f 1467 1527 1583
f 1435 1523 1583
f 2394 1353 1523
f 1389 1467 1523
f 1523 1435 2394
f 1436 1438 1437
f 1438 1920 1437
f 1498 1437 1440
f 1438 1436 1503
f 1439 1440 1203
f 1441 1442 1439
f 1498 1440 1393
f 1442 1441 1554
f 1505 1355 1498
f 1597 1442 1554
f 1393 1442 1557
f 1444 1443 605
f 1445 1443 1394
f 840 841 2335
f 893 1445 1560
f 1447 1446 880
f 606 607 1518
f 1358 1446 1517
f 1395 1205 1396
f 1207 1413 1396
f 1413 1542 1473
f 1449 1448 844
f 1399 1449 603
f 1449 1399 1450
f 603 604 1399
f 1399 1451 1450
f 1519 1565 1452
f 1399 1561 1451
f 1452 1565 2341
f 1450 1451 1452
f 2341 1565 1320
f 1448 2341 1397
f 1452 2341 1450
f 1448 1450 2341
f 1453 1320 1454
f 1398 1458 1459
f 1458 1398 1397
f 1453 1424 1455
f 1458 1320 1453
f 1454 1737 1424
f 1453 1454 1424
f 1472 1471 1376
f 1471 1456 1455
f 1453 1455 1459
f 1424 1457 1455
f 2342 1456 1460
f 1398 1459 2342
f 1521 1566 1373
f 1459 1458 1453
f 2342 1459 1456
f 599 2342 1460
f 1460 1471 1472
f 598 1460 1366
f 1398 2342 600
f 1461 1462 1410
f 1401 1461 1410
f 1463 1196 1976
f 1359 1196 1464
f 1497 1198 1496
f 1497 1553 1463
f 1552 1551 1594
f 1553 1464 1463
f 1522 1464 1571
f 1404 1465 1185
f 1360 1465 1402
f 1467 1466 1403
f 1583 1523 1467
f 1470 1524 1408
f 1280 1586 1470
f 1470 2337 1524
f 1538 1536 1469
f 1576 1534 1462
f 1410 1462 1409
f 1586 1534 1538
f 1586 1538 1469
f 1541 1470 1469
f 1456 1471 1460
f 2393 1614 1649
f 1396 1413 1473
f 1555 1556 1647
f 1556 1396 1473
f 1412 1416 1367
f 1416 1474 1367
f 1566 1475 1373
f 1325 1475 2333
f 1566 1569 1372
f 1636 1737 1634
f 1420 1477 1422
f 1476 1420 1478
f 1421 1478 1420
f 1480 1479 1342
f 1423 1480 1342
f 1482 1481 1543
f 1481 1482 1422
f 1484 1485 1614
f 1484 1481 1485
f 1483 1485 1481
f 1385 1352 1346
f 1650 1487 1386
f 1489 1488 612
f 1654 1488 1428
f 1428 1488 1489
f 1490 1430 1390
f 2394 1490 1390
f 1491 1492 1490
f 1491 2344 1492
f 1545 1313 1431
f 1591 1494 1652
f 611 1493 610
f 611 1494 1493
f 609 1548 608
f 1550 1495 1200
f 1201 1550 1200
f 1496 1495 1391
f 1197 1497 1463
f 1552 1497 1496
f 1553 1497 1552
f 1393 1557 1505
f 1498 1355 1499
f 1501 1621 1354
f 1392 1499 1502
f 1502 1499 1500
f 1436 1392 1501
f 1316 1502 2343
f 1392 1502 1501
f 1686 1684 1316
f 1920 1203 1440
f 1437 1920 1440
f 1503 1354 1549
f 1501 1354 1436
f 1354 1503 1436
f 1555 1597 1554
f 1732 1597 1555
f 1558 1504 1557
f 1393 1505 1498
f 1733 1355 1505
f 605 840 1444
f 1507 1394 1508
f 1509 1507 1506
f 1559 2335 1446
f 1508 1559 1506
f 1506 1559 1723
f 1508 1444 2335
f 1723 1559 1358
f 1509 1357 1507
f 1515 1451 1511
f 1445 1513 1560
f 1317 1514 1512
f 1510 1357 1512
f 1513 1510 1511
f 1317 1512 1509
f 1509 1512 1357
f 1512 1736 1510
f 1736 1512 1514
f 1562 1514 1710
f 1563 1515 1736
f 1451 1515 1563
f 1515 1511 1510
f 1447 1516 1517
f 1388 1661 1672
f 1516 1447 1518
f 1516 2355 1517
f 606 1518 1447
f 607 1433 1518
f 1637 1598 1625
f 1710 1712 1562
f 1519 1452 1563
f 1519 1598 1565
f 1471 1520 1376
f 1457 1520 1455
f 1455 1520 1471
f 1372 1569 1567
f 1359 1522 1573
f 1576 1462 2339
f 1461 1401 2336
f 1571 1572 1522
f 1524 2337 1361
f 1362 1524 1361
f 1539 1525 1536
f 1402 1525 1526
f 1527 2395 1609
f 1609 2395 1526
f 1491 1530 1531
f 1589 1610 1609
f 2344 1531 1533
f 1530 1529 1531
f 1531 1529 1532
f 1491 1531 2344
f 1609 1612 1528
f 1584 1533 1532
f 1608 1533 1278
f 2339 1577 1576
f 1534 1576 1468
f 1534 1468 1538
f 1462 1534 1411
f 1468 1537 1538
f 1536 1525 1541
f 1470 1586 1469
f 1534 1586 1411
f 1468 1576 1575
f 1540 1589 1535
f 1469 1536 1541
f 1539 1536 1535
f 1535 1536 1538
f 1535 1538 1537
f 1539 1535 1589
f 1525 1539 1526
f 1535 1537 1540
f 1528 1612 1613
f 1581 1579 1582
f 1470 1541 2337
f 1474 1542 1367
f 1484 1543 1481
f 1568 1614 1485
f 1649 1614 1615
f 1492 1383 1430
f 1383 1492 1545
f 1585 1492 2344
f 1651 1643 1669
f 1494 1488 1654
f 1545 1492 1585
f 1490 1492 1430
f 1388 1433 1548
f 1494 611 1488
f 1547 1548 1387
f 1591 1547 1387
f 1547 1620 1661
f 1354 1621 2347
f 2347 1550 1549
f 1391 1550 2347
f 1551 1496 1391
f 1391 1622 1551
f 1594 1596 1571
f 1551 1552 1496
f 1553 1571 1464
f 1555 1554 1395
f 1505 1557 1504
f 1648 2350 1319
f 1559 1508 2335
f 1394 1444 1508
f 1358 1559 1446
f 1445 1394 1513
f 1357 1513 1394
f 1560 1513 1511
f 1357 1510 1513
f 1511 1561 1560
f 1399 604 1561
f 1560 604 893
f 1451 1561 1511
f 1672 1516 1388
f 1516 1518 1433
f 1451 1563 1452
f 1598 1564 1624
f 1563 1564 1519
f 1565 1637 1320
f 1637 1565 1598
f 1569 1566 1521
f 1520 1373 1371
f 1521 1373 1457
f 1737 1631 1632
f 1419 1567 1483
f 1567 1569 1570
f 1568 1570 1544
f 1567 1570 1485
f 1634 1570 1569
f 1594 1571 1552
f 1572 1571 1596
f 1572 1578 1599
f 1599 1573 1522
f 1461 1573 2339
f 2339 1599 1577
f 1468 1575 1537
f 1579 1574 1578
f 1575 1576 1574
f 1573 1599 2339
f 1574 1576 1577
f 1574 1577 1578
f 1356 1675 1677
f 1574 1581 1575
f 1574 1579 1581
f 1578 1572 1600
f 1579 1578 1600
f 1676 1689 1679
f 1601 2345 1540
f 1640 1641 1679
f 1537 1575 1601
f 1527 1403 2395
f 1527 1528 1583
f 1435 1583 1528
f 1584 1532 1588
f 1532 1587 1588
f 1643 1608 1278
f 2397 1585 1608
f 1585 1617 1545
f 2344 1608 1585
f 1532 1533 1531
f 1608 2344 1533
f 1610 1589 1540
f 1609 1610 1612
f 1584 1588 2346
f 1587 1532 1529
f 1612 1610 1611
f 1611 1588 1587
f 1526 1589 1609
f 1539 1589 1526
f 1647 1556 1473
f 1615 1568 1544
f 1493 1591 1387
f 1546 1591 1652
f 1619 1546 1315
f 1653 1315 1652
f 1546 1619 1620
f 1546 1620 1547
f 1388 1548 1547
f 1354 2347 1549
f 1551 1595 1594
f 1600 1596 1356
f 1596 1595 1356
f 1595 1596 1594
f 1557 1597 1558
f 604 1560 1561
f 1562 1624 1564
f 1564 1598 1519
f 1625 1598 1624
f 1569 1521 1634
f 1572 1599 1522
f 1577 1599 1578
f 1596 1600 1572
f 1581 1601 1575
f 1607 1638 1639
f 1582 1639 1638
f 1607 1580 1605
f 1278 1584 1603
f 1619 1671 1657
f 1643 1603 1602
f 1602 1669 1643
f 1606 2346 1604
f 1580 1639 1640
f 1604 2400 1606
f 1605 1604 2346
f 1611 1645 1588
f 1605 1580 1664
f 2399 1657 1671
f 1645 1605 2346
f 1527 1609 1528
f 1610 1540 2345
f 1612 1587 1613
f 1610 2345 1611
f 2345 1638 1644
f 1435 1613 1529
f 1648 1647 1646
f 1615 1614 1568
f 1627 1615 1544
f 1649 1615 1633
f 1432 1616 1386
f 1617 1616 1313
f 1590 1617 2397
f 1616 1617 1590
f 1652 1315 1546
f 1655 1671 1619
f 1656 1620 1619
f 1656 1672 1661
f 1622 1391 2347
f 1595 1551 1673
f 1662 1622 2347
f 1673 1551 1622
f 1673 1622 1662
f 1658 1680 1699
f 1356 1595 1674
f 1562 1626 1624
f 1624 1626 1663
f 1625 1631 1637
f 2348 1627 1632
f 1716 1712 1710
f 1663 1626 1718
f 1627 1544 1632
f 1627 2348 1629
f 1663 2349 1628
f 1635 1633 1629
f 2348 1628 1629
f 1628 1625 1663
f 1712 1715 1718
f 1648 1319 1647
f 1630 1629 2349
f 1635 1629 1630
f 1737 1454 1631
f 1632 1631 2348
f 1634 1632 1544
f 1615 1627 1633
f 1629 1633 1627
f 1634 1544 1570
f 1646 2396 1648
f 1635 1648 2396
f 1521 1636 1634
f 1637 1454 1320
f 1454 1637 1631
f 1607 1639 1580
f 1681 1666 1668
f 1640 1664 1580
f 1641 1639 1582
f 1665 1664 1666
f 1579 1600 1677
f 1678 1582 1579
f 1641 1640 1639
f 1641 1676 1679
f 1356 1674 1675
f 1595 1673 1674
f 1659 1603 1606
f 1603 1643 1278
f 1604 1605 1664
f 1644 1638 1607
f 1585 2397 1617
f 1612 1611 1587
f 1645 1611 1644
f 1644 1607 1645
f 1605 1645 1607
f 2346 1588 1645
f 1529 1613 1587
f 1646 1647 1473
f 1647 1319 1555
f 1630 1714 2350
f 1649 2396 2393
f 1635 1649 1633
f 1650 1654 1428
f 1654 1618 1652
f 1487 1650 1428
f 1651 1618 1590
f 1618 1654 1650
f 1643 2397 1608
f 1651 1669 1653
f 1650 1590 1618
f 1654 1652 1494
f 1653 1652 1618
f 1651 1653 1618
f 1655 1619 1315
f 1655 1315 1653
f 1669 1655 1653
f 1619 1657 1656
f 1657 1658 1593
f 1658 1657 1592
f 1660 1592 2399
f 1657 1593 1656
f 1593 1658 1670
f 1659 1671 1602
f 1659 1602 1603
f 1660 2399 2400
f 1656 1661 1620
f 1672 1656 1593
f 1593 2401 1672
f 1358 1517 1738
f 1663 1718 2349
f 1625 1624 1663
f 1604 1664 1665
f 1679 1666 1640
f 1660 1665 1681
f 1604 1665 2400
f 1666 1681 1665
f 1640 1666 1664
f 1682 1668 1666
f 1666 1679 1682
f 1668 1667 1687
f 1655 1669 1602
f 1680 1658 1592
f 1602 1671 1655
f 1683 2401 2398
f 1621 1316 1662
f 1675 1674 1642
f 1642 1676 1675
f 1678 1677 1675
f 1642 1689 1676
f 1676 1641 1678
f 1356 1677 1600
f 1675 1676 1678
f 1582 1678 1641
f 1579 1677 1678
f 1667 1693 1687
f 1687 1681 1668
f 1592 1660 1680
f 1689 1682 1679
f 1668 1682 1690
f 1683 2398 1739
f 1672 1683 2355
f 2421 1623 1642
f 1662 1684 2421
f 2354 2403 1726
f 1685 1686 2343
f 1692 1686 1685
f 1699 1680 1687
f 1681 1687 1680
f 1688 1670 1699
f 1318 2398 1688
f 1670 1658 1699
f 1668 1690 1667
f 1689 1690 1682
f 2351 1692 2352
f 1667 1690 2352
f 1689 1623 1690
f 2351 1686 1692
f 1691 1692 1279
f 1693 1667 1691
f 1719 1720 1721
f 1692 1685 1695
f 1692 1695 1279
f 1719 1699 1693
f 1685 2353 2354
f 1514 1697 1710
f 1696 1708 1697
f 1317 1697 1514
f 1696 1694 1708
f 1355 1500 1499
f 2353 2343 1500
f 1705 1703 1704
f 1697 1317 1696
f 1500 1355 1698
f 1505 1504 1733
f 1720 1691 1279
f 1699 1687 1693
f 1694 1696 1703
f 1719 1721 1725
f 1703 1696 1704
f 1702 1725 1700
f 1317 1509 1704
f 1703 1705 1702
f 1707 1706 1727
f 1500 1698 2353
f 2353 1698 1727
f 1702 1701 1694
f 1695 1701 1700
f 1701 1695 1726
f 1701 1702 1700
f 1725 1702 1705
f 1688 1699 1719
f 1700 1279 1695
f 1694 1703 1702
f 1317 1704 1696
f 1506 1722 1509
f 1722 1704 1509
f 1722 1705 1704
f 1701 2402 1694
f 1727 2354 2353
f 1706 1713 1709
f 1626 1712 1718
f 1712 1626 1562
f 1713 1716 1709
f 2402 1726 2403
f 1727 2403 2354
f 1710 1708 1716
f 1706 1730 1713
f 1716 1708 1709
f 1708 1710 1697
f 1319 1728 1732
f 1712 1716 1715
f 1730 1706 1707
f 1711 1715 1713
f 2349 1714 1630
f 1728 2350 1714
f 1733 1731 1707
f 1731 1729 1730
f 1711 1717 1715
f 1717 1718 1715
f 1731 1504 1558
f 1713 1715 1716
f 1728 1717 1711
f 1718 1717 1714
f 2349 1718 1714
f 1720 1719 1693
f 1688 1719 1725
f 1693 1691 1720
f 1279 1700 1721
f 1725 1721 1700
f 1279 1721 1720
f 1723 1722 1506
f 1723 1738 1739
f 1738 1723 1358
f 1705 1722 1724
f 1724 1722 1723
f 1724 1723 1739
f 1724 1725 1705
f 1318 1725 1724
f 1725 1318 1688
f 1726 2402 1701
f 1685 2354 1695
f 1706 2403 1727
f 1733 1707 1698
f 1635 1630 1648
f 1714 1717 1728
f 1711 1729 1728
f 1729 1732 1728
f 1730 1729 1711
f 1732 1729 1558
f 1713 1730 1711
f 1730 1707 1731
f 1504 1731 1733
f 1558 1729 1731
f 1558 1597 1732
f 1728 1319 2350
f 1319 1732 1555
f 1727 1698 1707
f 1355 1733 1698
f 1425 1380 1734
f 1380 1735 1734
f 1415 1734 1482
f 1735 1482 1734
f 1613 1435 1528
f 1530 1435 1529
f 1736 1564 1563
f 1514 1562 1736
f 1564 1736 1562
f 1634 1737 1632
f 1424 1737 1636
f 1672 2355 1516
f 1724 1739 1318
f 1794 1282 1192
f 1758 1794 1192
f 1364 1856 1855
f 1216 1852 1759
f 1193 1856 1364
f 1855 1194 1364
f 1973 1199 1198
f 1770 1769 1792
f 1852 1216 1215
f 1282 1794 1795
f 1756 1820 1757
f 1750 1982 1751
f 1809 1854 1785
f 2301 1793 1779
f 1201 1923 1503
f 1770 1792 1785
f 1883 1922 1920
f 1788 1773 1772
f 1503 1923 1996
f 1791 1793 1771
f 1848 1806 2296
f 1758 1757 1794
f 1928 1208 1207
f 1933 1204 2004
f 1776 1810 1780
f 1412 1208 1930
f 1209 1866 1210
f 1790 1778 1760
f 2087 1775 2081
f 1762 1761 1803
f 1777 1786 84
f 1793 1772 1771
f 1781 1764 1786
f 1382 1381 1865
f 1783 2294 1763
f 1832 1865 1899
f 85 1786 1764
f 1206 1205 1931
f 1761 1760 1778
f 1781 1774 1839
f 1193 1282 1795
f 1790 1759 1852
f 2359 2332 1894
f 1787 1777 83
f 1762 1803 1783
f 1786 1774 1781
f 2410 2192 2222
f 1787 1763 2294
f 83 1777 84
f 1786 85 84
f 1780 1792 1769
f 1213 1835 1333
f 1912 1914 1748
f 2004 1204 1441
f 1820 1794 1757
f 1912 1747 1937
f 1745 1888 1746
f 1741 1740 2358
f 1195 2035 1196
f 1934 1888 1745
f 1994 2356 15
f 1799 1861 2358
f 1827 1743 1742
f 1987 1915 2356
f 1788 2295 1773
f 1742 1741 1831
f 1861 24 23
f 1803 1761 1778
f 2358 1829 1831
f 14 13 1916
f 1799 1740 27
f 1826 1862 1955
f 1862 1826 23
f 27 26 24
f 1794 1820 1795
f 25 24 26
f 24 1799 27
f 19 1891 238
f 1790 1760 1759
f 1777 1787 2294
f 1780 1768 1802
f 21 2303 2018
f 22 21 1890
f 1799 2358 1740
f 1827 1742 1831
f 1802 1782 1840
f 2301 1808 2295
f 1772 1793 2297
f 1773 2298 2299
f 1838 1839 1774
f 1211 1958 1900
f 1 1784 2405
f 1 2300 1784
f 1778 1790 1789
f 1770 1785 1791
f 1781 1765 1764
f 1781 1839 1765
f 1786 1777 1774
f 1839 1766 1765
f 1842 1784 2404
f 1810 1792 1780
f 1763 1787 82
f 1769 1768 1780
f 1971 1756 1755
f 1904 1963 1835
f 1885 10 229
f 1802 1768 1767
f 1839 1782 1766
f 83 82 1787
f 1926 1886 1925
f 1854 1816 2357
f 1215 1329 2332
f 1783 1763 1762
f 1875 5 4
f 1801 1848 1851
f 1886 1926 2079
f 1867 1906 1964
f 1766 1782 1767
f 275 5 1867
f 1924 1927 2008
f 1841 1872 1840
f 1881 1916 1991
f 2294 1774 1777
f 1382 1902 1212
f 1782 1839 1838
f 1869 1803 1836
f 1782 1802 1767
f 1802 1840 1776
f 1778 1789 1803
f 1872 1811 1810
f 1842 1804 1784
f 1842 1806 1804
f 1845 3 2405
f 1806 1842 1843
f 1804 1805 1845
f 2296 1846 1848
f 1845 1805 1844
f 234 3 1845
f 1807 1215 2332
f 1808 2301 1779
f 2238 2239 1779
f 2295 1808 1850
f 1810 1811 1813
f 1809 1785 1792
f 1816 1813 1815
f 1872 1810 1776
f 1810 1813 1809
f 1814 1811 1873
f 2359 1864 1817
f 1812 1817 1864
f 1813 1811 1814
f 1897 1815 1812
f 1814 1873 1868
f 1812 1813 1814
f 1864 2250 1897
f 1898 1818 1815
f 1812 1815 1813
f 1815 1818 1816
f 1818 2357 1816
f 1809 1816 1854
f 1812 1814 1817
f 1813 1816 1809
f 2357 1818 2242
f 2357 1819 1854
f 1980 1194 1855
f 1879 1911 1754
f 1754 1753 1879
f 1197 1976 1877
f 1748 1914 1749
f 1882 2362 1991
f 1944 2020 2178
f 2419 1923 2413
f 1744 1827 1889
f 2016 1858 2015
f 1954 2064 2065
f 1955 1862 22
f 1828 1827 1831
f 1828 1831 1829
f 2065 1830 1954
f 1828 1829 1957
f 2103 1938 1935
f 1830 1889 1828
f 1830 1936 1889
f 1831 1741 2358
f 1214 1863 1894
f 1899 1381 1425
f 1865 1960 1902
f 1866 1958 1210
f 1844 1849 1875
f 1212 1902 1904
f 1898 1815 1897
f 1802 1776 1780
f 1872 1776 1840
f 1789 1853 1868
f 1872 1841 1873
f 1782 1838 1840
f 1869 1870 1803
f 1840 1838 1837
f 1838 1774 1871
f 1840 1837 1841
f 1869 1841 1837
f 1873 1836 1868
f 1843 1842 2298
f 1843 2298 2295
f 1847 1801 1849
f 4 1845 1844
f 1848 1801 1847
f 1805 1806 1847
f 1848 1847 1806
f 1874 1801 1851
f 1805 1847 1844
f 1848 1846 1851
f 1834 1905 1849
f 1844 1847 1849
f 1843 1850 2296
f 1850 1966 2296
f 2295 1850 1843
f 2241 1966 1850
f 1966 1967 1965
f 2241 1850 1808
f 1967 1966 2241
f 1907 1851 1846
f 1852 1807 1853
f 1852 1215 1807
f 1810 1809 1792
f 1814 1868 1817
f 1790 1853 1789
f 1817 1853 1807
f 1852 1853 1790
f 1791 1785 1819
f 1856 1968 1855
f 2095 1975 1857
f 1795 1856 1193
f 1971 1820 1756
f 1877 1974 1197
f 1401 1400 1979
f 2038 2037 1910
f 1917 12 11
f 1921 1883 1920
f 2002 1999 2000
f 1883 1921 1997
f 1885 1924 1859
f 1964 274 275
f 1929 2009 1928
f 2057 1824 2119
f 2340 1203 1922
f 1937 1747 1746
f 1892 1952 1891
f 1915 268 16
f 1950 1946 1947
f 24 1861 1799
f 1861 23 1826
f 1890 1955 22
f 1955 1890 2022
f 1895 1214 1333
f 1864 1863 2250
f 1807 2359 1817
f 1863 1864 2359
f 1898 1897 1963
f 1865 1381 1899
f 1865 1832 1960
f 1900 1425 1211
f 1901 1960 1832
f 1212 1904 1213
f 1900 1958 1833
f 1867 5 1875
f 1905 1906 1867
f 1904 1835 1213
f 1789 1868 1836
f 1853 1817 1868
f 1841 1836 1873
f 1870 1869 1837
f 1838 1871 1837
f 1870 1783 1803
f 1774 2294 1871
f 1837 1871 1870
f 1873 1811 1872
f 1869 1836 1841
f 1845 4 234
f 1875 4 1844
f 1849 1874 1834
f 2092 2030 2091
f 1875 1849 1905
f 2030 2087 2088
f 2203 2162 2199
f 1908 1973 2034
f 1978 1195 1401
f 1857 1909 2035
f 1981 2036 1878
f 1911 1879 1983
f 2361 1752 1751
f 1880 2361 1910
f 2369 1983 1984
f 1911 1971 1755
f 1750 1749 1914
f 1910 2361 1982
f 1982 1913 2038
f 15 14 1916
f 1991 1990 1881
f 1921 1920 1202
f 2413 1201 1200
f 1924 9 8
f 1925 8 7
f 2097 2363 1919
f 1882 1917 1919
f 1924 1885 9
f 2008 1859 1924
f 2045 1885 1859
f 1925 1927 1924
f 1929 1207 1206
f 2010 1930 2009
f 2057 2058 2011
f 2076 1866 2054
f 2012 2059 1932
f 1934 1745 1744
f 1744 1743 1827
f 1985 2014 2015
f 1858 1912 1985
f 1889 1827 1828
f 20 1952 1951
f 1941 19 18
f 2408 18 294
f 1892 1891 1943
f 1940 1951 2021
f 238 1952 20
f 1941 1891 19
f 268 1915 1989
f 2408 1942 1941
f 1956 2022 1954
f 1826 1956 1829
f 2359 1894 1863
f 1835 1895 1333
f 1963 2250 1835
f 1214 1895 1863
f 1863 1895 2250
f 2250 1895 1835
f 1904 1902 1962
f 1864 1897 1812
f 2250 1963 1897
f 1818 1898 1896
f 1818 1896 2242
f 1900 1899 1425
f 1211 1210 1958
f 1959 1900 1833
f 1901 1832 1959
f 1865 1902 1382
f 1903 1901 2026
f 1896 1898 2407
f 1960 1962 1902
f 1906 1905 1834
f 1875 1905 1867
f 274 2027 6
f 1870 1871 1783
f 1874 1849 1801
f 2247 1834 1874
f 2092 1874 1851
f 1965 1907 1846
f 1907 2087 2030
f 1969 1968 1795
f 1968 1970 2031
f 2034 1973 1974
f 2035 1978 1857
f 1978 1979 1981
f 1979 2036 1981
f 1753 2361 1880
f 1751 1982 2361
f 1982 2038 1910
f 2205 2203 2204
f 1971 1972 1970
f 1754 1911 1755
f 1748 1747 1912
f 1914 2044 1913
f 1985 1912 1937
f 2044 1914 1912
f 1913 1982 1750
f 2062 1988 2061
f 268 1989 17
f 13 1991 1916
f 1917 1882 1991
f 1991 13 12
f 1919 1917 11
f 10 1918 1919
f 12 1917 1991
f 1885 1918 10
f 2097 1918 2045
f 1995 2166 1990
f 2097 1919 1918
f 1882 1919 2363
f 1922 1203 1920
f 1202 1503 1996
f 1931 1205 1933
f 2413 1923 1201
f 1200 1199 2006
f 2049 1923 2419
f 1925 1924 8
f 1926 1925 7
f 7 6 1926
f 1886 2007 1927
f 2008 1927 2052
f 1886 1927 1925
f 1929 1928 1207
f 1930 1928 2009
f 1931 1929 1206
f 1932 2009 1929
f 1412 2053 1414
f 2053 1930 2011
f 1932 1931 1887
f 1933 2055 1887
f 1887 2012 1932
f 1929 1931 1932
f 1204 1933 1205
f 1887 1931 1933
f 1889 1934 1744
f 1888 1934 1935
f 1889 1936 1934
f 2103 1935 1936
f 1934 1936 1935
f 1888 1937 1746
f 1938 2014 1935
f 1938 2015 2014
f 1938 2103 1939
f 2017 1986 2016
f 2024 2023 2066
f 1858 2016 1986
f 1951 2018 2303
f 1890 21 2018
f 2408 1941 18
f 17 2408 294
f 1989 2408 17
f 1893 1942 2408
f 1988 1893 1989
f 1947 1945 1942
f 1942 1893 1947
f 1943 1945 2406
f 1941 1943 1891
f 1950 1947 1893
f 1945 1943 1942
f 1941 1942 1943
f 1947 1946 1945
f 2020 1944 1946
f 2367 1798 2190
f 1944 1945 1946
f 1944 2178 2141
f 2172 2173 2175
f 1949 1950 2062
f 1950 1949 2063
f 20 1951 2303
f 2021 1951 1952
f 1952 238 1891
f 1953 2022 1890
f 1953 1890 2018
f 1954 2022 2064
f 1954 1957 1956
f 1955 2022 1956
f 1957 1954 1830
f 1955 1956 1826
f 1828 1957 1830
f 1829 1956 1957
f 1833 1958 2078
f 1959 1833 2084
f 1899 1900 1959
f 1959 1832 1899
f 1901 1903 1960
f 1962 1960 1903
f 2026 1961 1903
f 1963 1962 2407
f 2407 1962 1903
f 1904 1962 1963
f 1867 1964 275
f 2027 1964 1906
f 2249 1834 2247
f 1965 1846 1966
f 1965 1775 2087
f 2296 1966 1846
f 2244 2241 2239
f 1965 1967 1775
f 2302 2243 2244
f 1907 1965 2087
f 2087 2029 2088
f 2247 2092 2091
f 1969 1795 1820
f 1968 1969 1970
f 1971 1969 1820
f 2031 1970 1876
f 1979 1980 2036
f 1971 1911 1972
f 1969 1971 1970
f 1983 1972 1911
f 1876 1972 2369
f 1974 1973 1198
f 2006 1973 1908
f 1197 1974 1198
f 1975 1909 1857
f 2035 1909 1976
f 1976 1909 1877
f 2094 1909 1975
f 2161 2133 1977
f 2123 2411 1821
f 1978 2035 1195
f 1977 1857 1981
f 1978 1401 1979
f 1857 1978 1981
f 1980 1979 1400
f 1194 1980 1400
f 1980 1855 2032
f 1977 1981 1878
f 2360 1880 1910
f 1910 2037 2042
f 2360 2042 1984
f 1972 1983 2369
f 2360 1984 1983
f 1985 1937 2014
f 2015 1858 1985
f 1912 1858 2044
f 2416 1986 2017
f 1858 1986 2044
f 1913 1750 1914
f 1988 1989 1915
f 1989 1893 2408
f 2061 1988 1915
f 1893 1988 2062
f 2362 1995 1990
f 1993 1990 2166
f 1990 1991 2362
f 2138 2139 2136
f 1993 1881 1990
f 2251 1993 1992
f 1881 1993 2253
f 2135 1992 2111
f 1916 1994 15
f 2046 2097 2045
f 1882 2363 2362
f 1202 1996 2048
f 2048 1921 1202
f 1999 1997 2001
f 2206 2208 1823
f 1921 2048 1997
f 2000 1999 1998
f 2049 1996 1923
f 1999 2001 2420
f 1999 2002 1997
f 2001 2049 2211
f 2001 2048 2049
f 2050 2002 2279
f 2000 2269 2005
f 2005 2002 2000
f 2279 2002 2005
f 2050 1922 1883
f 2275 2270 2412
f 1884 2056 2003
f 2050 2003 1922
f 1441 2340 2004
f 2267 2005 2269
f 2005 2278 2279
f 2266 2413 2006
f 1200 2006 2413
f 1973 2006 1199
f 1886 2079 2007
f 1927 2007 2052
f 2008 2051 2046
f 1932 2059 2009
f 2011 2054 2053
f 1930 2010 2011
f 2057 2011 2010
f 2054 2011 2058
f 2053 2054 1209
f 1800 2075 2076
f 1209 1414 2053
f 1866 1209 2054
f 2055 1933 2004
f 2055 2056 2259
f 1860 2259 2258
f 2013 2059 2060
f 2059 2012 2060
f 1888 2014 1937
f 1935 2014 1888
f 2016 2015 2069
f 2067 1939 2066
f 2037 2039 2041
f 1953 2018 1940
f 1951 1940 2018
f 2368 1940 2021
f 2061 1987 2252
f 2101 2062 2061
f 1946 1950 2063
f 1892 2409 1952
f 2064 2022 1953
f 1830 2065 1936
f 1958 1866 2025
f 2025 2075 2078
f 2078 1958 2025
f 2104 1833 2078
f 1896 1961 2240
f 1964 2027 274
f 2249 1906 1834
f 2090 2091 2030
f 2145 2007 2263
f 2027 1926 6
f 1926 2027 2079
f 1901 2083 2026
f 2087 2081 2029
f 1907 2092 1851
f 2032 2031 2201
f 1968 2032 1855
f 2032 2201 2036
f 2033 2034 1877
f 2094 2411 2033
f 2034 1974 1877
f 2108 2411 2123
f 1976 1196 2035
f 2133 2095 1977
f 2032 2036 1980
f 2201 1878 2036
f 2039 2037 2038
f 2043 2042 2037
f 1984 2042 2205
f 2044 1986 1913
f 2040 2039 2416
f 2041 2040 2096
f 2016 2069 2017
f 2017 2074 2073
f 2096 2151 2109
f 2042 2043 2205
f 2040 2041 2039
f 2043 2037 2041
f 2042 2360 1910
f 2038 1913 1986
f 1885 2045 1918
f 2046 2045 1859
f 2008 2046 1859
f 2047 2046 2163
f 2049 2048 1996
f 1997 2048 2001
f 1997 2002 1883
f 2003 2340 1922
f 2004 2340 2003
f 2266 1908 2414
f 2266 2006 1908
f 2008 2052 2051
f 1930 2053 1412
f 2076 2054 2058
f 2057 2013 1824
f 2055 2259 1860
f 1887 1860 2012
f 2056 2055 2004
f 2003 2056 2004
f 2100 2013 2060
f 2058 2057 2118
f 2057 2010 2013
f 2013 2010 2059
f 2058 2118 2077
f 1824 2182 2146
f 2009 2059 2010
f 2012 2099 2060
f 2100 2099 2112
f 2099 2257 2112
f 1987 2061 1915
f 1893 2062 1950
f 1949 2101 2415
f 2064 2023 2065
f 2023 2024 2065
f 2103 2065 2024
f 2065 2103 1936
f 2023 2191 2190
f 2024 2066 1939
f 2367 2192 2193
f 2068 2017 2069
f 2067 2068 1939
f 2067 2066 1798
f 2068 2067 2070
f 2068 2070 2074
f 1939 2068 2069
f 2074 2070 2072
f 2074 2017 2068
f 2071 2073 2074
f 2071 2074 2072
f 2096 2040 2073
f 2017 2073 2416
f 2076 2075 2025
f 1866 2076 2025
f 2077 2076 2058
f 2077 1800 2076
f 2118 2119 2216
f 1800 2077 2105
f 2080 2027 1906
f 2007 2079 2263
f 2263 2079 2080
f 2027 2080 2079
f 1775 2244 2245
f 2081 2028 2082
f 2084 2104 2028
f 2104 2085 2082
f 2084 2083 1901
f 2246 2083 2028
f 1959 2084 1901
f 1833 2104 2084
f 2075 2085 2078
f 2084 2028 2083
f 2082 2028 2104
f 2075 1800 2085
f 2085 2086 2082
f 2086 2085 1800
f 2086 1800 2105
f 2029 2082 2086
f 2088 2029 2086
f 2030 2088 2090
f 2089 2088 2086
f 2180 2143 2089
f 2088 2089 2090
f 2089 2143 2090
f 2142 2091 2090
f 2092 1907 2030
f 2130 2194 2131
f 2034 2033 2149
f 1909 2094 1877
f 2411 2094 1975
f 2095 1821 1975
f 2094 2033 1877
f 1977 2095 1857
f 2109 2162 2043
f 2151 1796 2109
f 2136 2363 2047
f 2046 2047 2097
f 2138 2136 2110
f 2055 1860 1887
f 1860 2099 2012
f 1824 2013 2100
f 2099 2100 2060
f 2100 2112 2182
f 1822 2113 2415
f 2101 1822 2415
f 2114 1948 2113
f 2101 1949 2062
f 2061 2252 2101
f 2251 2102 1822
f 1993 2111 1992
f 1992 2102 2251
f 2063 2020 1946
f 2063 2116 2365
f 1939 2103 2024
f 2085 2104 2078
f 2144 2180 2181
f 2182 1824 2100
f 2132 2093 2414
f 2129 2108 2107
f 2108 2132 2033
f 2214 2213 2128
f 2051 2187 2163
f 2262 2276 2261
f 1993 2166 2111
f 2165 2139 2138
f 2237 2232 2236
f 2102 2164 2237
f 2102 2113 1822
f 2019 2365 2177
f 2235 2236 2232
f 2116 2115 2167
f 2102 2237 2113
f 2125 2194 2129
f 2116 2167 2177
f 2115 2116 1948
f 2063 1948 2116
f 2236 2115 2114
f 2170 2177 2167
f 2156 2153 2155
f 2167 2168 2140
f 2170 2172 2177
f 2117 2179 2019
f 2105 2089 2086
f 2216 2089 2105
f 2105 2077 2118
f 2105 2118 2216
f 2057 2119 2118
f 2080 1906 2249
f 2181 2180 2217
f 2149 1908 2034
f 2122 2196 2266
f 2107 2108 2123
f 2126 2134 2124
f 2107 2126 2127
f 2174 2214 2173
f 2107 2123 2126
f 2213 2150 2125
f 2194 2125 2131
f 2127 2126 2124
f 2107 2127 2125
f 2123 1821 2126
f 2127 2124 2128
f 2124 1796 2152
f 2152 2151 2155
f 2129 2107 2125
f 2131 2125 2150
f 2188 2130 2131
f 2108 2129 2132
f 2093 2132 2129
f 2201 2031 2202
f 2197 2198 2134
f 1821 2095 2417
f 2417 2134 2126
f 2124 2134 1796
f 2096 2109 2041
f 2109 2043 2041
f 2162 2109 2198
f 2163 2110 2047
f 2052 2186 2185
f 2220 2221 2187
f 2363 2136 1995
f 2110 2136 2047
f 2260 2277 2137
f 2111 2139 2165
f 2189 2172 2170
f 1944 2141 1825
f 1824 2146 2119
f 2181 2106 2144
f 2142 2090 2143
f 2248 2142 2120
f 2142 2143 2144
f 2142 2144 2120
f 2184 2106 2148
f 2217 2146 2147
f 2147 2146 2182
f 2183 2121 2182
f 2148 2147 2121
f 2148 2181 2147
f 2146 2217 2119
f 2148 2121 2219
f 2106 2184 2145
f 2149 2132 2414
f 2214 2176 2173
f 2188 2189 2171
f 2073 2071 2364
f 2151 2152 1796
f 2364 2151 2096
f 2152 2155 2153
f 2124 2152 2128
f 2364 2154 2155
f 2214 2153 2176
f 2152 2153 2128
f 2154 2071 2072
f 2156 2155 2154
f 2156 2154 2418
f 2153 2156 2176
f 2158 2072 2070
f 2366 2418 2160
f 2157 2117 2175
f 2158 2159 2160
f 1798 2367 2159
f 1798 2066 2190
f 2367 2193 2159
f 1798 2159 2158
f 2093 2195 2122
f 1878 2161 1977
f 2162 2198 2199
f 2197 2199 2198
f 2162 2203 2205
f 2221 2163 2187
f 2221 2098 2110
f 2260 2098 2225
f 2166 2139 2111
f 2209 2229 2370
f 2136 2139 1995
f 2139 2166 1995
f 2170 2167 2140
f 2168 2167 2115
f 2206 1823 2195
f 2171 2169 2207
f 2171 2170 2140
f 2189 2173 2172
f 2175 2173 2176
f 2174 2173 2189
f 2174 2150 2213
f 2174 2213 2214
f 2157 2175 2156
f 2177 2117 2019
f 2175 2117 2172
f 2117 2177 2172
f 2365 2178 2020
f 2178 2179 2141
f 2144 2143 2180
f 2216 2180 2089
f 2217 2216 2119
f 2181 2217 2147
f 2106 2181 2148
f 2183 2182 2112
f 2112 2257 2281
f 2182 2121 2147
f 2218 2121 2183
f 2225 2221 2220
f 2187 2051 2185
f 2148 2219 2184
f 2145 2184 2186
f 2185 2184 2219
f 2145 2186 2007
f 2187 2185 2219
f 2052 2185 2051
f 2185 2186 2184
f 2187 2219 2220
f 2186 2052 2007
f 2213 2125 2127
f 2188 2150 2174
f 2188 2171 2130
f 2171 2189 2170
f 2174 2189 2188
f 2064 2191 2023
f 2023 2190 2066
f 2064 1953 2191
f 2222 2367 2190
f 2410 2222 2368
f 2141 2193 1825
f 1825 2193 2192
f 2193 2160 2159
f 2193 2141 2215
f 2193 2215 2160
f 2129 2194 2093
f 2093 2194 2195
f 2122 2195 1823
f 2122 1823 2196
f 2224 2208 2212
f 2206 2130 2207
f 2194 2130 2195
f 2109 1796 2198
f 2134 2198 1796
f 2161 2200 2199
f 2200 2203 2199
f 1878 2200 2161
f 1878 2201 2200
f 1876 2202 2031
f 2201 2202 2200
f 2204 2203 2200
f 2162 2205 2043
f 2369 1984 2204
f 2200 2202 2204
f 2205 2204 1984
f 2168 2236 1797
f 2171 2140 2169
f 2169 2140 2168
f 2168 1797 2169
f 2210 2207 2169
f 2130 2171 2207
f 2210 1797 2223
f 2208 2206 2209
f 2212 2208 2370
f 2000 2226 2269
f 2209 2207 2210
f 2210 2169 1797
f 2229 2209 2210
f 1998 1999 2420
f 1823 2208 2224
f 2212 1998 2420
f 2127 2128 2213
f 2153 2214 2128
f 2215 2157 2366
f 2179 2215 2141
f 2178 2019 2179
f 2216 2217 2180
f 2219 2121 2220
f 2218 2220 2121
f 2220 2218 2225
f 2218 2280 2225
f 2098 2221 2225
f 2163 2221 2110
f 2150 2188 2131
f 1953 1940 2191
f 2368 2191 1940
f 2409 2368 2021
f 2191 2368 2222
f 2191 2222 2190
f 2130 2206 2195
f 2209 2206 2207
f 2212 2370 2227
f 2276 2268 2270
f 2230 2226 2227
f 1797 2235 2223
f 2229 2210 2223
f 2227 1998 2212
f 2224 2196 1823
f 2196 2224 2211
f 2183 2112 2281
f 2260 2225 2280
f 1998 2226 2000
f 2226 2230 2269
f 2230 2227 2370
f 1998 2227 2226
f 2223 2235 2228
f 2231 2233 2228
f 2164 2232 2237
f 2230 2229 2228
f 2230 2370 2229
f 2232 2234 2231
f 2234 2164 2135
f 2135 2265 2412
f 2231 2235 2232
f 2231 2234 2272
f 2223 2228 2229
f 2231 2228 2235
f 2230 2228 2371
f 2164 2234 2232
f 2236 2235 1797
f 2115 2236 2168
f 2113 2237 2114
f 2114 2237 2236
f 2302 2238 2242
f 1779 2239 1808
f 2238 2357 2242
f 2302 2239 2238
f 2244 1967 2241
f 2240 1961 2243
f 2302 2242 2240
f 2239 2241 1808
f 2240 2242 1896
f 1961 2246 2243
f 2245 2028 2081
f 2245 2244 2243
f 1967 2244 1775
f 2239 2302 2244
f 1961 2026 2246
f 2026 2083 2246
f 2245 2081 1775
f 2246 2245 2243
f 2245 2246 2028
f 1791 1779 1793
f 1854 1819 1785
f 2248 2091 2142
f 2264 2080 2249
f 2120 2145 2263
f 2091 2248 2247
f 2248 2264 2247
f 2263 2264 2120
f 2092 2247 1874
f 1972 1876 1970
f 2202 2369 2204
f 2252 1822 2101
f 2253 2251 2252
f 2251 1822 2252
f 1993 2251 2253
f 2253 2252 1987
f 1994 2253 1987
f 2255 2258 2254
f 1884 2259 2056
f 2259 2254 2258
f 2254 2259 1884
f 2279 1884 2050
f 2254 2278 2255
f 2256 2258 2255
f 2258 2257 1860
f 2257 2256 2281
f 2255 2261 2256
f 2258 2256 2257
f 2099 1860 2257
f 2046 2051 2163
f 2261 2260 2280
f 2277 2261 2276
f 2262 2261 2255
f 2264 2263 2080
f 2264 2249 2247
f 2120 2264 2248
f 2154 2364 2071
f 2151 2364 2155
f 1798 2158 2067
f 2070 2067 2158
f 2111 2265 2135
f 2165 2265 2111
f 2419 2266 2196
f 2267 2371 2271
f 2371 2267 2269
f 2371 2269 2230
f 2272 2271 2233
f 2274 2165 2138
f 2267 2271 2268
f 2231 2272 2233
f 2271 2270 2268
f 2412 2272 2234
f 2270 2271 2272
f 2273 2275 2274
f 2137 2274 2138
f 2273 2270 2275
f 2260 2137 2098
f 2273 2274 2137
f 2165 2274 2275
f 2276 2270 2273
f 2165 2275 2265
f 2276 2273 2277
f 2276 2262 2268
f 2137 2277 2273
f 2261 2277 2260
f 2005 2267 2278
f 2135 2412 2234
f 2275 2412 2265
f 2255 2278 2262
f 2279 2278 2254
f 1884 2279 2254
f 2218 2183 2281
f 2256 2280 2281
f 2261 2280 2256
f 2281 2280 2218
f 2282 188 96
f 317 363 316
f 390 363 317
f 699 643 673
f 1096 2287 998
f 811 2284 659
f 2286 964 1043
f 2283 1071 806
f 998 1076 1079
f 2287 1076 998
f 1093 2285 810
f 2287 1096 814
f 1249 2289 1230
f 1235 1232 2290
f 1269 2288 1263
f 595 1284 2291
f 1377 2291 1284
f 1248 1245 1286
f 2292 1229 2289
f 1231 1287 1249
f 2290 2293 1235
f 2293 1288 1235
f 1292 1290 1257
f 1636 1521 1457
f 1636 1457 1424
f 1871 2294 1783
f 2297 2295 1788
f 2297 1793 2301
f 2295 2298 1773
f 1788 1772 2297
f 2300 2299 2404
f 1819 2238 1779
f 1791 1819 1779
f 2296 1806 1843
f 2301 2295 2297
f 1992 2135 2164
f 1992 2164 2102
f 2243 2302 2240
f 105 142 28
f 129 39 120
f 2303 191 193
f 119 128 582
f 223 224 61
f 104 2305 154
f 146 304 148
f 2307 578 107
f 215 2308 214
f 137 169 49
f 172 146 149
f 140 750 199
f 2304 212 126
f 590 593 224
f 273 63 334
f 192 162 193
f 236 162 290
f 217 240 194
f 147 250 200
f 253 170 307
f 223 61 852
f 392 2312 395
f 2313 293 167
f 195 296 297
f 2314 390 391
f 319 2311 186
f 590 224 223
f 2315 2380 380
f 385 384 381
f 389 390 2314
f 132 396 397
f 325 353 417
f 406 458 460
f 420 421 2382
f 325 417 416
f 420 411 431
f 417 412 416
f 424 420 431
f 2316 418 548
f 424 2316 421
f 2317 432 427
f 430 2316 548
f 427 432 426
f 401 399 456
f 459 2307 460
f 2317 423 432
f 489 463 313
f 2319 365 157
f 472 2319 495
f 495 2319 157
f 2318 499 542
f 2320 574 520
f 349 563 527
f 550 2321 551
f 578 2307 579
f 2306 582 183
f 119 2306 155
f 225 591 592
f 754 720 753
f 635 2322 685
f 101 697 48
f 754 753 721
f 665 2322 680
f 2322 743 685
f 783 768 765
f 770 779 772
f 788 2323 919
f 678 791 789
f 792 2324 786
f 2310 921 922
f 817 613 1427
f 761 756 822
f 761 822 766
f 914 966 1114
f 2323 1099 1132
f 2325 906 60
f 788 919 917
f 798 934 972
f 941 1051 940
f 1056 936 1007
f 1120 1056 732
f 1036 1064 1063
f 1080 1081 2326
f 2326 1102 1082
f 2328 2326 1101
f 1163 1160 1165
f 2329 1162 883
f 1247 1225 1254
f 1267 2331 1265
f 1240 1269 1220
f 1183 1360 1403
f 2332 1329 1894
f 1236 1289 1268
f 1310 2330 1263
f 2334 1336 1337
f 1329 2392 1337
f 1311 2334 1338
f 1285 1338 2392
f 2335 1444 840
f 1573 2336 1359
f 2336 1195 1359
f 1404 2338 1525
f 1400 1410 1363
f 1461 2339 1462
f 1543 1474 1416
f 1567 1419 1372
f 2340 1439 1203
f 2342 599 600
f 1541 1525 2337
f 2338 2337 1525
f 1481 1422 1483
f 2343 1686 1316
f 1502 1316 1621
f 1461 2336 1573
f 1483 1567 1485
f 1552 1571 1553
f 1601 1540 1537
f 1581 1582 1638
f 2346 1603 1584
f 1601 1581 1638
f 1601 1638 2345
f 2346 1606 1603
f 1502 1621 1501
f 1662 2347 1621
f 1628 2348 1625
f 2348 1631 1625
f 2349 1629 1628
f 2350 1648 1630
f 1542 1646 1473
f 1651 1590 2397
f 1738 1517 2355
f 2421 1673 1662
f 1316 1684 1662
f 1660 1681 1680
f 1686 2351 1684
f 2351 2352 1623
f 2352 1692 1691
f 2352 1691 1667
f 1684 2351 2421
f 2343 2353 1685
f 2354 1726 1695
f 1683 1738 2355
f 1738 1683 1739
f 2356 16 15
f 2356 1915 16
f 1784 1804 2405
f 1770 1791 1771
f 1804 1806 1805
f 1819 2357 2238
f 1829 2358 1861
f 2332 2359 1807
f 1880 2360 1879
f 1829 1861 1826
f 2361 1753 1752
f 1880 1879 1753
f 1968 1856 1795
f 2360 1983 1879
f 1994 1916 1881
f 2406 1945 1825
f 1994 1987 2356
f 2362 2363 1995
f 1994 1881 2253
f 2340 1441 1439
f 2407 1961 1896
f 2029 2081 2082
f 2411 2108 2033
f 2149 2033 2132
f 2363 2097 2047
f 2063 2365 2020
f 2178 2365 2019
f 2365 2116 2177
f 2115 1948 2114
f 2120 2144 2106
f 1821 2417 2126
f 2417 2133 2197
f 2120 2106 2145
f 2073 2364 2096
f 2158 2160 2418
f 2157 2215 2179
f 2367 2222 2192
f 2368 2409 2410
f 2211 2419 2196
f 2417 2197 2134
f 2369 2202 1876
f 2370 2208 2209
f 2215 2366 2160
f 2117 2157 2179
f 2233 2371 2228
f 2050 1884 2003
f 2262 2278 2268
f 2372 150 105
f 2 188 2282
f 2304 130 115
f 130 2304 129
f 129 2304 125
f 20 2303 193
f 24 25 135
f 103 76 143
f 2373 433 298
f 196 197 215
f 168 2375 216
f 195 241 299
f 258 2375 217
f 331 330 377
f 2377 401 285
f 98 2374 314
f 2376 2378 479
f 2379 348 402
f 272 379 158
f 2380 131 381
f 2376 343 283
f 419 2382 324
f 2381 451 456
f 479 2378 478
f 591 478 2378
f 406 489 458
f 2383 540 567
f 524 561 459
f 337 2378 2376
f 2378 337 592
f 2384 697 101
f 1136 1138 1139
f 635 680 2322
f 2386 1427 1489
f 2385 762 686
f 2387 695 830
f 2387 784 1005
f 788 2388 1099
f 932 2389 1006
f 906 333 60
f 855 69 68
f 941 870 831
f 995 2287 996
f 695 2387 1005
f 1030 1036 1034
f 787 2388 788
f 1038 942 1060
f 1038 1060 1039
f 1073 1075 1078
f 1073 1078 1077
f 1073 1077 1067
f 1102 2388 1049
f 1098 1136 1139
f 1121 1125 1124
f 849 1130 63
f 1098 1156 1134
f 2390 1106 1105
f 1126 1153 1155
f 614 1346 1486
f 1215 1285 2392
f 1337 2391 1335
f 1337 2392 2334
f 1264 1379 1305
f 1474 2393 1542
f 2335 841 1446
f 1462 1411 1409
f 2343 1502 1500
f 1402 2395 1360
f 1530 2394 1435
f 2395 1402 1526
f 1570 1568 1485
f 2395 1403 1360
f 1386 1616 1590
f 2400 1659 1606
f 1611 2345 1644
f 1386 1590 1650
f 1635 2396 1649
f 1646 1542 2396
f 2396 1542 2393
f 1651 2397 1643
f 1688 2398 1670
f 2399 1592 1657
f 1665 1660 2400
f 1671 1659 2399
f 2400 2399 1659
f 2401 1683 1672
f 2401 1670 2398
f 1670 2401 1593
f 1674 1673 2421
f 2398 1318 1739
f 1674 2421 1642
f 1623 1689 1642
f 1623 2352 1690
f 2402 1709 1694
f 1709 2402 1706
f 2403 1706 2402
f 1425 1734 1211
f 1930 1208 1928
f 1842 2404 2298
f 1789 1836 1803
f 189 2405 3
f 1845 2405 1804
f 2406 2410 1892
f 10 1919 11
f 1938 1939 2069
f 1938 2069 2015
f 1892 1943 2406
f 2410 2409 1892
f 2415 2063 1949
f 1903 1961 2407
f 1963 2407 1898
f 2411 1975 1821
f 2413 2266 2419
f 2409 2021 1952
f 2031 2032 1968
f 2039 1986 2416
f 2002 2050 1883
f 2414 1908 2149
f 1948 2415 2113
f 2415 1948 2063
f 2040 2416 2073
f 2138 2110 2098
f 2133 2417 2095
f 2161 2199 2197
f 2137 2138 2098
f 2122 2266 2414
f 2414 2093 2122
f 2418 2154 2072
f 2156 2418 2366
f 2156 2366 2157
f 2156 2175 2176
f 2410 2406 2192
f 1825 2192 2406
f 2049 2419 2211
f 2161 2197 2133
f 2420 2211 2224
f 2420 2001 2211
f 2212 2420 2224
f 2371 2233 2271
f 2272 2412 2270
f 2267 2268 2278
f 1292 1257 1287
f 2300 2404 1784
f 2298 2404 2299
f 2380 381 380
f 385 381 477
f 366 2382 421
f 2382 366 324
f 1052 1126 1155
f 1623 2421 2351
f 1 2405 2
f 1825 1945 1944
f 2038 1986 2039
f 2158 2418 2072