# https://github.com/mikedh/trimesh
v -0.16476482 0.08770726 0.02994349
v -0.16295862 0.07490921 0.04207306
v -0.16128762 0.04957544 0.04301859
v -0.14966740 0.01643617 0.04581030
v -0.14565881 -0.00922704 0.04665093
v -0.15296222 -0.07546601 0.05360319
v -0.15897214 -0.09763982 0.04917624
v -0.16424276 -0.11907164 0.05002615
v -0.17199160 -0.13514145 0.04601006
v -0.18253349 -0.16414951 0.03769767
v -0.18943538 -0.18787648 0.03573856
v -0.19431254 -0.20880367 0.03377822
v -0.19404714 -0.23023075 0.03083635
v -0.20742950 -0.24388976 0.03152921
v -0.20929262 -0.26240152 0.02880306
v -0.20182332 -0.28255215 0.03076813
v -0.21590169 -0.32057530 0.03083608
v -0.20844334 -0.35774091 0.03309647
v -0.20963603 -0.37647563 0.03059955
v -0.22010300 -0.42184874 0.03981087
v -0.22995326 -0.45201683 0.03163043
v -0.22928925 -0.47201771 0.03468311
v -0.23196746 -0.51027513 0.03951331
v -0.22761604 -0.52843547 0.04286477
v -0.22061700 -0.54339004 0.04725380
v -0.21964824 -0.54578733 0.04619627
v -0.21896008 -0.54824364 0.04503496
v -0.21846253 -0.55296570 0.06487729
v -0.21810493 -0.55325842 0.08458285
v -0.21747901 -0.55304056 0.10328741
v -0.21631071 -0.55245471 0.12204447
v -0.21424466 -0.55174881 0.14052840
v -0.21110064 -0.55070198 0.15892291
v -0.20465882 -0.54964232 0.17613199
v -0.19530091 -0.54893154 0.19180965
v -0.18328185 -0.54794753 0.20554316
v -0.16960119 -0.54686737 0.21821994
v -0.15422183 -0.54607767 0.22899845
v -0.13673171 -0.54627913 0.23519601
v -0.11871940 -0.54586142 0.24023823
v -0.10096806 -0.54498065 0.24445269
v -0.08317959 -0.54423302 0.24825750
v -0.06536384 -0.54340321 0.25193858
v -0.04754880 -0.54275137 0.25511354
v -0.02966208 -0.54210937 0.25779438
v -0.01187311 -0.54200649 0.25939780
v 0.00649386 -0.54242909 0.25978738
v 0.00570465 -0.51555979 0.22764598
v -0.00140682 -0.48590001 0.19616161
v 0.00489389 -0.47278249 0.18501295
v 0.00288042 -0.45363238 0.17252351
v -0.00018831 -0.43567553 0.16220984
v 0.00210252 -0.37781370 0.13978167
v 0.01249324 -0.34669226 0.14419746
v 0.00903180 -0.33353430 0.16288520
v 0.00630627 -0.29371297 0.14914584
v 0.00390279 -0.27884015 0.16415980
v 0.00208091 -0.23844376 0.17096053
v 0.00388279 -0.21853191 0.17888987
v 0.00499794 -0.19658886 0.17763004
v 0.00153662 -0.14985274 0.17606269
v 0.00493824 -0.07225871 0.16963015
v 0.00654234 -0.05517236 0.16735932
v 0.00690553 -0.03123793 0.16410202
v 0.00374355 -0.00780701 0.15803383
v 0.01705481 0.00472740 0.15753531
v 0.01367025 0.02604710 0.15879260
v 0.01004791 0.04792606 0.16065326
v 0.01864715 0.06018419 0.16249502
v 0.00958320 0.08860064 0.15605429
v 0.00688526 0.10895274 0.15256779
v 0.00393010 0.13223755 0.14748247
v 0.00730967 0.13071710 0.12895459
v 0.01299124 0.16705167 0.10076751
v -0.00262834 0.17109820 0.08941138
v -0.01887264 0.18339261 0.08264202
v -0.03296720 0.19801393 0.07175443
v -0.04355964 0.21761596 0.05714511
v -0.05099049 0.23882964 0.03630745
v -0.05850468 0.25956112 0.01521405
v -0.06524483 0.27385682 -0.01210426
v -0.06627892 0.27320871 -0.04486153
v -0.07871269 0.27086729 -0.03097913
v -0.09899703 0.26489180 -0.03258762
v -0.11775102 0.26109904 -0.02959807
v -0.12672271 0.25489274 -0.01212022
v -0.12876204 0.24800557 0.00490492
v -0.12433458 0.23807625 0.02087623
v -0.11775448 0.22439034 0.03424453
v -0.11430980 0.21137019 0.04634187
v -0.11477669 0.19438185 0.05924599
v -0.11948155 0.17500915 0.06969244
v -0.12941909 0.15676887 0.07879253
v -0.13947064 0.13751869 0.08064681
v -0.14955467 0.11832745 0.07418913
v -0.15859365 0.10099046 0.05779014
v -0.22088921 -0.51257104 0.08793353
v -0.09229732 -0.45006353 0.18857379
v -0.04950996 -0.50244826 0.20818321
v -0.02309270 -0.52109581 0.23426537
v 0.00793754 -0.53042793 0.24456486
v -0.03315632 0.14895932 0.10740398
v -0.02337581 0.16856931 0.09204689
v -0.08828329 0.26435751 -0.01352509
v -0.21955469 -0.53874439 0.08216908
v -0.21878400 -0.51474112 0.12555946
v -0.18447313 -0.45460647 0.18322906
v -0.10659055 0.26073790 -0.01660309
v -0.05471758 -0.53019822 0.23796853
v -0.02049125 -0.53347772 0.24921532
v -0.07333925 0.26292339 -0.00150019
v -0.04968200 0.20338193 0.06531622
v -0.21522145 -0.53473103 0.13110870
v -0.07017970 0.24522977 0.02180314
v -0.14571252 -0.50080317 0.21375647
v -0.03660826 -0.53332096 0.24530931
v -0.21331194 -0.53460312 0.15018794
v -0.10725346 0.24362770 0.01309515
v -0.08984445 -0.52906543 0.22868161
v -0.12591541 -0.53344601 0.22586071
v -0.07313723 -0.53679758 0.24162261
v -0.19934437 -0.53424722 0.18370131
v -0.10958460 0.23360395 0.02520994
v -0.09233055 0.23817854 0.02352068
v -0.16861534 -0.53229231 0.21665660
v -0.18633300 -0.52505559 0.20119016
v -0.10084143 0.22177315 0.03852168
v -0.07155019 -0.52299345 0.22524290
v -0.14928052 -0.52846372 0.21970323
v -0.13737690 -0.51592660 0.21959749
v -0.10917209 -0.13059285 0.13324855
v -0.09489629 0.00143914 0.12631300
v -0.14772227 0.06690797 0.10179368
v -0.22294953 -0.48142803 0.06838522
v -0.22852384 -0.51740766 0.05968089
v -0.20928976 -0.38288608 0.12196839
v -0.01569904 -0.49450782 0.20575356
v -0.01411049 -0.51061618 0.22230694
v -0.00745385 -0.52612966 0.24006137
v -0.01369329 0.13120224 0.11746155
v -0.08772538 0.13180876 0.12179750
v -0.22294861 -0.53543860 0.06272935
v -0.03953047 0.18047036 0.08249296
v -0.03916576 0.16165590 0.09587944
v -0.05591502 0.18648523 0.07573055
v -0.08519551 0.16789687 0.08654785
v -0.05308045 0.14538987 0.10801556
v -0.05807865 0.16868457 0.08944779
v -0.07666887 0.18079713 0.07766403
v -0.21803108 -0.52266473 0.10333810
v -0.20662048 -0.52845967 0.16503793
v -0.05227929 -0.51483727 0.22022818
v -0.06848689 -0.50577301 0.20742324
v -0.08631948 0.25196186 0.00609344
v -0.11028491 -0.53149450 0.22644646
v -0.06282365 -0.24545924 0.16576041
v -0.16105573 -0.20693937 0.09929970
v -0.06156234 -0.13100715 0.16138391
v -0.04629755 0.02455756 0.15452397
v -0.15198559 0.09985257 0.07560435
v -0.15862107 0.06616889 0.06859624
v -0.21590492 -0.44035304 0.07062341
v -0.22417572 -0.47953117 0.05071061
v -0.22559507 -0.49861640 0.05390497
v -0.22272870 -0.50311077 0.07022859
v -0.22395264 -0.52095169 0.07440414
v -0.20712422 -0.38237688 0.08219402
v -0.02132071 -0.43014061 0.15941060
v -0.00386132 -0.50080866 0.21133851
v -0.04682570 0.12377138 0.14264181
v -0.01154840 0.13611209 0.14018318
v -0.10065275 0.18230388 0.07146544
v -0.09506515 0.14981098 0.09729931
v -0.21504700 -0.51597673 0.14744422
v -0.19922416 -0.51420236 0.18401709
v -0.20872721 -0.50344813 0.16481209
v -0.03060842 -0.50726813 0.21834096
v -0.03491372 -0.49742061 0.20563871
v -0.05354635 -0.47454539 0.18367171
v -0.06202584 -0.49093196 0.19524598
v -0.03877750 -0.52065289 0.23060796
v -0.09345191 -0.48377186 0.19312252
v -0.09917806 -0.50193399 0.20283262
v -0.08085594 -0.49378249 0.19656631
v -0.07554789 -0.47437301 0.18503468
v -0.20549040 -0.25188136 0.06813025
v -0.16056076 -0.12936628 0.07383084
v -0.16003011 0.08726730 0.05429149
v -0.16171871 0.06278446 0.05229747
v -0.15579322 0.04636107 0.06796901
v -0.22389439 -0.45918286 0.04793878
v -0.21935655 -0.45849690 0.06416997
v -0.22330476 -0.43935820 0.05498797
v -0.02051661 -0.38633066 0.14470616
v -0.02320512 -0.34919548 0.13971858
v -0.01984321 -0.46197662 0.17668112
v -0.01442478 -0.44823655 0.16836123
v -0.00279185 0.15607119 0.10246958
v -0.01582936 0.14461870 0.10139090
v -0.05016062 0.14102803 0.12971690
v -0.02500683 0.10082825 0.15627104
v -0.01234326 0.11777596 0.15115294
v -0.13464709 0.13048473 0.08833428
v -0.12033914 0.14633255 0.09124958
v -0.10982188 0.16330661 0.08163259
v -0.10699153 0.13779610 0.10701057
v -0.12441158 0.10846610 0.11404891
v -0.10883661 0.12111481 0.11754295
v -0.12403806 0.12632215 0.10136721
v -0.19843899 -0.49114132 0.18223035
v -0.18543622 -0.50246066 0.19665685
v -0.16963145 -0.50399798 0.20288044
v -0.02612799 -0.48149160 0.19089656
v -0.03875470 -0.46753126 0.17884356
v -0.03294660 -0.44884163 0.16795836
v -0.04011756 -0.42905638 0.16440585
v -0.02165791 -0.40583712 0.15079516
v -0.01745889 -0.27353477 0.16276602
v -0.00168690 -0.26066533 0.17000611
v -0.01986160 -0.25176296 0.17114878
v -0.03809729 -0.27104482 0.16063476
v -0.20103481 -0.29313105 0.05358177
v -0.01164955 -0.13149589 0.17417783
v -0.01889718 -0.15269166 0.17439349
v -0.15067455 -0.09390201 0.07154007
v -0.14497487 -0.05710501 0.06535062
v -0.16950890 -0.14207582 0.06294030
v -0.15471588 -0.11109038 0.06990154
v -0.17661090 -0.15503593 0.05170451
v -0.00764172 0.01661362 0.15617269
v -0.13974701 0.00253235 0.06315853
v -0.14034191 -0.01838468 0.06321411
v -0.15476458 0.07926041 0.07955974
v -0.15690449 0.03670293 0.05157000
v -0.15245691 0.05621426 0.08751053
v -0.21989387 -0.42372397 0.05879485
v -0.22032750 -0.50013793 0.10842784
v -0.21088180 -0.39358759 0.03616500
v -0.20858724 -0.37007815 0.04757305
v -0.00219253 -0.39387670 0.14426941
v -0.00117530 -0.35757756 0.13705496
v -0.00833973 -0.31963474 0.16543888
v -0.01240668 -0.30164367 0.15255027
v -0.03431308 -0.28895289 0.14521793
v -0.00526399 -0.41364723 0.15197466
v -0.03978300 0.13590001 0.11807931
v -0.02874562 0.13851790 0.13479090
v -0.06862478 0.12664866 0.13451546
v -0.08436234 0.14597625 0.11218853
v -0.06569408 0.14531852 0.12086841
v -0.02580764 0.12576076 0.14495999
v -0.00741509 0.09773694 0.15636986
v -0.03954334 0.11020945 0.14938392
v -0.21555322 -0.50045031 0.14561875
v -0.18295965 -0.47876483 0.19081600
v -0.05942488 -0.42457998 0.17114320
v -0.06110670 -0.40121141 0.16583067
v -0.04291142 -0.39340460 0.15485780
v -0.05880653 -0.37876397 0.15556403
v -0.07645701 -0.43453169 0.18019716
v -0.05680394 -0.44431961 0.17208634
v -0.01451536 -0.22750008 0.17794804
v -0.01157717 -0.20935902 0.17533751
v -0.01925034 -0.19214687 0.17549120
v -0.00753598 -0.28289247 0.15070507
v -0.02103159 -0.28125101 0.14767805
v -0.20937806 -0.25517881 0.04552271
v -0.20834590 -0.29897583 0.03422184
v -0.21300095 -0.30977058 0.04877278
v -0.00025264 -0.10956690 0.17203318
v -0.01033190 -0.08594327 0.17007625
v -0.04389557 -0.11304310 0.16634606
v -0.01582825 -0.06455734 0.16725314
v -0.15013364 -0.05320354 0.04819920
v -0.14540136 -0.03430691 0.05276826
v -0.14975010 -0.12117331 0.08827621
v -0.18773788 -0.19710860 0.05593976
v -0.00612802 0.03876005 0.15912312
v -0.00934815 0.05769131 0.16353244
v -0.02918668 0.03165958 0.15741006
v -0.03069494 0.01063352 0.15377738
v -0.13054329 -0.01089007 0.07950580
v -0.13576753 -0.03568420 0.07411947
v -0.14853725 0.02702436 0.06779020
v -0.14723252 0.03713718 0.08640973
v -0.21661837 -0.47333074 0.08519179
v -0.21750483 -0.44415650 0.10610602
v -0.21392113 -0.45261538 0.08694580
v -0.20705602 -0.40533283 0.07975827
v -0.21616606 -0.41984570 0.07994038
v -0.21002303 -0.41305426 0.10561500
v -0.21804120 -0.43258443 0.09473266
v -0.21008693 -0.36719558 0.06442351
v -0.21532191 -0.33441657 0.03806670
v -0.01699292 -0.36951578 0.13988030
v -0.04910274 -0.34812987 0.14048506
v -0.03918088 -0.37057868 0.14377806
v -0.03306159 -0.34137836 0.14821370
v -0.00935904 -0.34091946 0.15565892
v 0.00506519 -0.31145757 0.16324106
v -0.04218018 -0.31860030 0.16519128
v -0.08676416 0.09772956 0.14811911
v -0.10557109 0.10568443 0.13254274
v -0.07016512 0.15352173 0.10053167
v -0.00779330 0.07759602 0.15953225
v -0.04661656 0.09677946 0.15685920
v -0.06463305 0.10724869 0.14644091
v -0.06799582 0.08777300 0.15899396
v -0.08829812 0.11497413 0.13427272
v -0.20866472 -0.48688179 0.16451398
v -0.19672582 -0.47255439 0.18007351
v -0.16817769 -0.48610726 0.19582090
v -0.14000499 -0.43107143 0.18387908
v -0.07552832 -0.45510933 0.18016884
v -0.03951750 -0.18939777 0.17182994
v -0.05041438 -0.22809519 0.17162032
v -0.05268755 -0.21019448 0.16596666
v -0.18552428 -0.22072391 0.05230806
v -0.19935434 -0.23650920 0.06441458
v -0.18293282 -0.20824270 0.07310452
v -0.17251904 -0.21886241 0.08603031
v -0.18380113 -0.23220143 0.07106499
v -0.19439521 -0.24121724 0.08703607
v -0.19551039 -0.26491284 0.08267142
v -0.21397632 -0.32554615 0.06190998
v -0.20894106 -0.30352515 0.07071760
v -0.19822682 -0.28641924 0.07143333
v -0.02187250 -0.10797702 0.17042950
v -0.02886254 -0.08583296 0.16773364
v -0.03951537 -0.07084647 0.16334443
v -0.05194525 -0.08513047 0.15984274
v -0.04851890 -0.06213402 0.15878260
v 0.00932534 -0.17033672 0.17681965
v -0.00946815 -0.04222684 0.16469128
v -0.00922356 -0.02233806 0.16059186
v -0.04219475 -0.03883526 0.15712705
v -0.13704495 -0.05944111 0.08179266
v -0.02702184 0.06610418 0.16348869
v -0.02411476 0.04805370 0.16272712
v -0.06323519 0.03767865 0.15906678
v -0.06047641 -0.00331274 0.14424750
v -0.01777989 -0.00641517 0.15616690
v -0.12536588 -0.03061991 0.08825170
v -0.11055402 0.00234300 0.11250316
v -0.14234683 0.04572571 0.10748067
v -0.22199692 -0.49101549 0.08806960
v -0.21316448 -0.46379364 0.10504099
v -0.21777034 -0.49300307 0.12856247
v -0.21496485 -0.48138189 0.14612094
v -0.20681262 -0.39072609 0.05880777
v -0.21185565 -0.40974325 0.05624609
v -0.20553432 -0.39458871 0.10273544
v -0.21400674 -0.34701255 0.05290122
v -0.06026779 -0.35870656 0.14865333
v -0.02678177 -0.30330071 0.16155255
v -0.02790152 0.08553518 0.16016914
v -0.15456285 -0.48978347 0.20585346
v -0.12931675 -0.46180856 0.20043848
v -0.07589611 -0.38819814 0.16574137
v -0.02723531 -0.16889343 0.17356855
v -0.03203740 -0.21445523 0.17153159
v -0.10077843 -0.21226184 0.14364992
v -0.07090204 -0.22549468 0.16649051
v -0.17605481 -0.23424497 0.08740505
v -0.16963989 -0.19564448 0.08819599
v -0.17943174 -0.26139593 0.09502563
v -0.21054430 -0.26937640 0.06603737
v -0.20822443 -0.27640116 0.05046266
v -0.02639836 -0.02753315 0.15923931
v -0.02793215 -0.05049974 0.16319087
v -0.04197881 0.04837609 0.16289659
v -0.05953982 0.05300527 0.16404970
v -0.04664420 0.00458713 0.15107518
v -0.04094984 -0.01225738 0.15176010
v -0.05705714 -0.04946604 0.15247229
v -0.07360977 -0.06344486 0.14520456
v -0.06608288 -0.07713372 0.15185490
v -0.07233498 -0.09658799 0.15073904
v -0.06056834 -0.11176392 0.15991266
v -0.08038951 -0.11900739 0.15001416
v -0.09263644 -0.14154425 0.14612408
v -0.06341447 -0.15329817 0.16218337
v -0.08441541 -0.08040045 0.13917606
v -0.07883516 -0.14304863 0.15417120
v -0.08173012 -0.16309588 0.15368591
v -0.10164241 -0.09635596 0.12935948
v -0.06869032 -0.17528424 0.16120958
v -0.04948316 -0.17103553 0.16845658
v -0.09386181 -0.19391002 0.14643982
v -0.07525384 -0.20293584 0.15609127
v -0.06160146 -0.18974228 0.16494425
v -0.11047150 -0.04045489 0.10660469
v -0.10266890 -0.06077524 0.12101246
v -0.09379102 -0.04290020 0.12359881
v -0.11682115 -0.01356425 0.09938700
v -0.08406092 -0.02105954 0.13088410
v -0.07569870 -0.00794989 0.13673975
v -0.06189485 -0.02618285 0.14650510
v -0.12289535 0.02017822 0.11384367
v -0.11576565 0.07610708 0.14342742
v -0.13564831 0.02819541 0.10263916
v -0.21318819 -0.47472477 0.12384362
v -0.04767025 0.07329112 0.16366361
v -0.11061063 -0.48868477 0.20207164
v -0.12060963 -0.50281596 0.21017678
v -0.16611165 -0.46093771 0.18516481
v -0.14909956 -0.47228912 0.19960937
v -0.10431519 -0.43464243 0.19066612
v -0.04266640 -0.24954304 0.16873659
v -0.16138369 -0.15126111 0.08217883
v -0.19296286 -0.30321056 0.08857012
v -0.21056327 -0.33675981 0.09830996
v -0.21040085 -0.35344753 0.11208250
v -0.20985126 -0.37479913 0.10644256
v -0.20047173 -0.31651679 0.10199434
v -0.20988776 -0.31864503 0.08636503
v -0.21350843 -0.34075353 0.07623418
v -0.16289204 -0.28971955 0.14206761
v -0.20399339 -0.28136289 0.08705838
v -0.19265400 -0.28605762 0.10691553
v -0.18194923 -0.26982737 0.10755818
v -0.08377411 -0.32982168 0.14840791
v -0.17925443 -0.34014639 0.15311651
v -0.17819132 -0.28829604 0.12698232
v -0.06951985 -0.33592618 0.14515734
v -0.17409247 -0.31216899 0.13023902
v -0.19283897 -0.32372046 0.12446050
v -0.20404154 -0.33596548 0.11372871
v -0.16224889 -0.31011987 0.15145110
v -0.15985814 -0.25713918 0.10695248
v -0.18261659 -0.30722949 0.11127404
v -0.17832842 -0.32092357 0.14296672
v -0.05213974 -0.33426118 0.15664475
v -0.14316387 -0.10728107 0.08978580
v -0.12956214 -0.10082210 0.10510048
v -0.09839328 -0.17503741 0.14582244
v -0.10089756 -0.07660534 0.12536950
v -0.08996999 -0.06077530 0.13199081
v -0.06393772 0.01823388 0.14876287
v -0.09867904 0.03209785 0.14674765
v -0.08132628 0.03206969 0.15354745
v -0.08293957 0.05166012 0.16182688
v -0.08231336 0.01319767 0.14041284
v -0.09957644 0.02117937 0.13743138
v -0.07591102 -0.04465440 0.13927142
v -0.12560713 0.00815492 0.09690005
v -0.10408044 0.09050909 0.14505525
v -0.12179980 0.09313387 0.12904060
v -0.09484442 0.07319343 0.15765946
v -0.13675904 0.09129388 0.11144288
v -0.13709153 0.05489114 0.12144972
v -0.11360930 0.04688993 0.14495309
v -0.12993307 0.07763970 0.12840857
v -0.11486324 0.03155028 0.13531201
v -0.09726398 0.04523303 0.15441300
v -0.12857796 0.03921429 0.12564164
v -0.13106677 -0.48324504 0.20782647
v -0.15572950 -0.44717166 0.18353076
v -0.17943476 -0.41702619 0.17361219
v -0.17283674 -0.44007909 0.18074825
v -0.20750824 -0.39723042 0.12680139
v -0.09027664 -0.43007159 0.18506752
v -0.12589777 -0.44145867 0.18669264
v -0.07955337 -0.41186106 0.17644671
v -0.09225209 -0.39798504 0.17446899
v -0.09950221 -0.41694811 0.18252794
v -0.11768319 -0.41987383 0.18643187
v -0.03178854 -0.23459288 0.17527038
v -0.16323777 -0.17380139 0.08971019
v -0.15207432 -0.15968935 0.09925167
v -0.13219373 -0.16255903 0.12012687
v -0.14424144 -0.16795769 0.11064215
v -0.14220698 -0.25181860 0.11701921
v -0.08167113 -0.35030201 0.15258208
v -0.11487936 -0.33442849 0.14937823
v -0.20934838 -0.36402568 0.12779088
v -0.10247868 -0.15417543 0.13948275
v -0.11816004 -0.09123501 0.11369572
v -0.11637613 -0.06742990 0.10949751
v -0.10993624 0.01641877 0.12460659
v -0.07240669 0.06808841 0.16385294
v -0.08487727 0.08434433 0.15709004
v -0.13839710 0.11096286 0.09410561
v -0.14667034 0.08871174 0.09504970
v -0.14022070 0.07319620 0.11524415
v -0.10627910 0.06084949 0.15238476
v -0.21661368 -0.42897803 0.11659659
v -0.11644959 -0.47469315 0.19842166
v -0.14547485 -0.45648327 0.18782426
v -0.11275423 -0.45271832 0.19686359
v -0.10600984 -0.38462093 0.17399241
v -0.11698212 -0.16996595 0.13292469
v -0.11449480 -0.19215682 0.13330859
v -0.13297136 -0.18094160 0.12065759
v -0.14603630 -0.19206791 0.11088770
v -0.09180003 -0.22647035 0.15866500
v -0.08502002 -0.21145205 0.15293121
v -0.12106527 -0.14746584 0.12447689
v -0.14836515 -0.13812956 0.09429421
v -0.14740108 -0.22875862 0.11478358
v -0.16131651 -0.23879671 0.12291142
v -0.16080701 -0.22863334 0.10069417
v -0.04392863 -0.29886425 0.15912580
v -0.05918762 -0.30944464 0.16491397
v -0.07629392 -0.29735792 0.16025338
v -0.08965129 -0.31765187 0.16429719
v -0.09115069 -0.29745716 0.16068497
v -0.10766736 -0.31255725 0.16451681
v -0.14588195 -0.29533774 0.15170535
v -0.12743066 -0.29821882 0.15744700
v -0.07244284 -0.32066536 0.16391593
v -0.08060702 -0.36659589 0.15990351
v -0.10123913 -0.35303178 0.16007562
v -0.12641087 -0.35211036 0.15872051
v -0.13581035 -0.33241603 0.15128458
v -0.11336923 -0.36686942 0.16879235
v -0.09705923 -0.33254421 0.14827666
v -0.20259708 -0.34659097 0.12874848
v -0.17207667 -0.36087009 0.15995343
v -0.18627790 -0.36288220 0.14565969
v -0.16388452 -0.34998587 0.15354405
v -0.14343053 -0.31333610 0.16085622
v -0.16054876 -0.42552763 0.17771572
v -0.16005203 -0.41111469 0.17377062
v -0.14188784 -0.39640775 0.17593658
v -0.21317834 -0.41070768 0.13138624
v -0.21466972 -0.46134013 0.14600612
v -0.13256469 -0.40810245 0.18186319
v -0.11206961 -0.39951763 0.17963287
v -0.09351324 -0.37510660 0.16798297
v -0.17584021 -0.18721418 0.07519637
v -0.17088820 -0.16557617 0.07186616
v -0.18080424 -0.17754629 0.05745745
v -0.08370785 -0.24704203 0.16012138
v -0.10195384 -0.24538378 0.15325049
v -0.07385936 -0.26052502 0.15447199
v -0.05858578 -0.26407453 0.15739855
v -0.14513065 -0.23867610 0.13453886
v -0.11682645 -0.21823265 0.13498223
v -0.07709411 -0.28708196 0.14500411
v -0.12764537 -0.12960021 0.11741747
v -0.13576652 -0.14810318 0.11131820
v -0.14808773 -0.21158761 0.11156859
v -0.13242668 -0.20629081 0.12207916
v -0.17739905 -0.23923406 0.10837264
v -0.14106750 -0.28034979 0.14223035
v -0.12868065 -0.26819831 0.12678210
v -0.15218854 -0.27208152 0.12512675
v -0.10970530 -0.28926897 0.15405801
v -0.09430412 -0.28181386 0.13974319
v -0.08799890 -0.25914162 0.13885908
v -0.10845640 -0.27453458 0.13453384
v -0.11026614 -0.25305298 0.13174346
v -0.12030233 -0.28112245 0.14544375
v -0.13503467 -0.36797386 0.16968638
v -0.15286584 -0.36208811 0.16528602
v -0.12343711 -0.38280299 0.17584410
v -0.15990727 -0.33063424 0.15861616
v -0.20762673 -0.37971121 0.13975613
v -0.15656324 -0.39433891 0.17387520
v -0.17332429 -0.39857844 0.16848749
v -0.21767336 -0.45024279 0.12621449
v -0.20924066 -0.47244853 0.16052537
v -0.10736188 -0.22585027 0.15129633
v -0.12449116 -0.23672786 0.14692758
v -0.12817807 -0.24489392 0.12856071
v -0.05708190 -0.28851748 0.15223138
v -0.11644290 -0.11338183 0.12269504
v -0.13320988 -0.22536606 0.12553628
v -0.14447266 -0.38099343 0.17429088
v -0.14722818 -0.35131565 0.15376890
v -0.16115825 -0.37960947 0.16156469
v -0.20736952 -0.39932242 0.14762773
v -0.19285536 -0.38396204 0.14720285
v -0.17841080 -0.38455310 0.15294616
v -0.21511748 -0.42785954 0.13224381
v -0.20952952 -0.44291717 0.14642167
v -0.20201549 -0.45218194 0.16767499
v -0.19844879 -0.42796057 0.16383441
v -0.19314070 -0.40256229 0.16109399
v -0.20625979 -0.42069447 0.14739352
v -0.08734415 -0.51250386 0.21161681
v -0.06151400 0.23175536 0.04096164
v -0.07991429 0.23019977 0.03564438
v -0.06569374 0.21798944 0.05129916
v -0.08876153 0.19802897 0.06151341
v -0.07162641 0.20048742 0.06294969
v -0.08496137 0.21486035 0.04831446
v -0.10046750 0.20897022 0.05058191
v -0.03506232 -0.13090733 0.17037623
v -0.13791437 -0.08743565 0.09179301
v -0.14221090 -0.07531375 0.08108859
v -0.04418376 -0.15078956 0.16885145
v -0.12697059 -0.31968442 0.16092300
v 0.16752450 0.08900976 0.02169557
v 0.16546452 0.05319107 0.03567809
v 0.15998319 0.03198694 0.04223332
v 0.14885502 -0.03050271 0.03896521
v 0.15136781 -0.05108779 0.03751556
v 0.15681928 -0.07114671 0.03726758
v 0.16016971 -0.09208478 0.03663910
v 0.16648307 -0.11470883 0.03921254
v 0.17890453 -0.15129891 0.03836840
v 0.18459997 -0.16892700 0.03015752
v 0.20060930 -0.22871719 0.02771297
v 0.21435571 -0.30235159 0.02455869
v 0.21753855 -0.32023805 0.02477353
v 0.21605894 -0.33977586 0.02612919
v 0.22085077 -0.35889593 0.02672308
v 0.22348736 -0.37544480 0.02805583
v 0.21959743 -0.39688173 0.02180490
v 0.22441006 -0.41238737 0.03267907
v 0.23367895 -0.46552378 0.03655137
v 0.23210579 -0.48463815 0.02876376
v 0.22806184 -0.51121300 0.03539174
v 0.22610945 -0.53079069 0.03869329
v 0.22563866 -0.54713851 0.04361871
v 0.22543322 -0.54996699 0.04272179
v 0.22550569 -0.55279356 0.04174647
v 0.22247151 -0.55414480 0.06026546
v 0.22020587 -0.55409515 0.07966205
v 0.21942900 -0.55384582 0.09815768
v 0.21829265 -0.55327260 0.11666521
v 0.21711296 -0.55261350 0.13504404
v 0.21521893 -0.55155420 0.15327956
v 0.21140495 -0.55021298 0.17113473
v 0.20415735 -0.54868960 0.18775852
v 0.19440103 -0.54711509 0.20283568
v 0.18100962 -0.54577780 0.21515399
v 0.16644791 -0.54434538 0.22625260
v 0.14981487 -0.54339010 0.23427182
v 0.13249783 -0.54276407 0.24018428
v 0.11479395 -0.54245287 0.24477737
v 0.09669380 -0.54221505 0.24891396
v 0.07868766 -0.54192883 0.25262421
v 0.06137548 -0.54137272 0.25577393
v 0.04335091 -0.54129112 0.25806549
v 0.02506538 -0.54178852 0.25928289
v 0.01527803 0.17563578 0.08603457
v 0.03017616 0.19068146 0.07851985
v 0.04269835 0.20698628 0.06711013
v 0.05073521 0.22747256 0.05144976
v 0.05632911 0.24652584 0.03074563
v 0.06275494 0.26538137 0.00953233
v 0.06813280 0.27755585 -0.01858350
v 0.06873566 0.27331644 -0.05094658
v 0.09951124 0.26922199 -0.03560160
v 0.12086020 0.26516363 -0.03418396
v 0.13024311 0.25903079 -0.01741053
v 0.13309856 0.25486854 -0.00000737
v 0.12898988 0.24679634 0.01613414
v 0.12403878 0.23523234 0.02836806
v 0.12105537 0.22084638 0.04177061
v 0.12208758 0.20380449 0.05452709
v 0.12789440 0.18380374 0.06434172
v 0.13687079 0.16323970 0.07009880
v 0.14681455 0.14306958 0.07258259
v 0.15747438 0.12333596 0.06596823
v 0.16556023 0.10366991 0.05158020
v 0.04325846 -0.51553482 0.22924811
v 0.01450085 0.15713233 0.09004623
v 0.07917190 0.17174846 0.08888033
v 0.08153336 0.27426806 -0.03649146
v 0.22580792 -0.46711704 0.11275364
v 0.08889066 -0.51677608 0.22120208
v 0.07194769 0.20103489 0.06623673
v 0.08168973 0.23298433 0.03612900
v 0.09198774 0.26914811 -0.01824723
v 0.07320864 0.25454381 0.01477092
v 0.22784390 -0.50428790 0.12264615
v 0.04923354 -0.53114176 0.24540403
v 0.05818781 0.21400937 0.05974875
v 0.06347226 0.23518673 0.04103069
v 0.11073449 0.26316085 -0.01333982
v 0.10787570 0.25163189 0.00744367
v 0.07683919 0.26929852 -0.00750368
v 0.15048739 -0.51476395 0.21378529
v 0.21961120 -0.50639606 0.15322824
v 0.22222045 -0.54363853 0.07312194
v 0.09310119 -0.53192395 0.23781618
v 0.12030295 -0.53028440 0.23173170
v 0.15555242 -0.52976114 0.22427103
v 0.22021675 -0.53688151 0.12779227
v 0.20766392 -0.53148675 0.18079168
v 0.06509423 -0.52578497 0.23630233
v 0.18501398 -0.52611971 0.20875384
v 0.16907851 -0.51769996 0.21487081
v 0.13922878 -0.53170550 0.22920147
v 0.16904151 -0.53140146 0.22049731
v 0.14760251 -0.25929639 0.14067926
v 0.10594521 0.00393234 0.13445900
v 0.15074599 0.07780197 0.10698222
v 0.03595405 -0.49906111 0.21133795
v 0.04348656 0.14515075 0.11179355
v 0.07700531 -0.38356203 0.16777630
v 0.23134983 -0.46694955 0.07679631
v 0.02174581 -0.52221310 0.23555960
v 0.02312634 -0.51003087 0.22265528
v 0.07591467 0.24386896 0.02653104
v 0.07497058 0.22002766 0.05082446
v 0.09229589 0.20364653 0.06013406
v 0.09777817 0.21779120 0.04654084
v 0.10861924 0.20739846 0.05393039
v 0.11193415 0.19192459 0.06460889
v 0.10389033 0.22900501 0.03491522
v 0.09903382 0.18398851 0.07384563
v 0.11790473 0.16833773 0.07848104
v 0.06515507 0.18490261 0.07910216
v 0.08321793 0.18730858 0.07524966
v 0.10376599 0.13097320 0.12084579
v 0.02983774 0.16996044 0.09319866
v 0.10077465 0.14614612 0.10402271
v 0.09781034 0.16561952 0.08901075
v 0.22461595 -0.53618270 0.05783826
v 0.23240507 -0.52367204 0.05349350
v 0.22868596 -0.52549446 0.07625502
v 0.22913016 -0.49655715 0.10194439
v 0.23178658 -0.51024193 0.08667552
v 0.22799301 -0.51549649 0.10660804
v 0.22997412 -0.49178198 0.08149546
v 0.23466429 -0.50167012 0.05352979
v 0.22237274 -0.53684044 0.10985576
v 0.22431813 -0.53203434 0.09279667
v 0.22627982 -0.48434576 0.11589141
v 0.22660054 -0.48107815 0.09542299
v 0.22308031 -0.51731563 0.13863045
v 0.21872132 -0.53040135 0.14772739
v 0.21416768 -0.52946991 0.16533041
v 0.08821950 0.25888759 0.00188598
v 0.20280708 -0.50887173 0.18934515
v 0.18911377 -0.24928910 0.09259054
v 0.07809508 -0.29520416 0.15381952
v 0.15054066 -0.12181202 0.09077913
v 0.07881595 -0.08120363 0.14969018
v 0.15646477 0.09840576 0.07980362
v 0.01413480 -0.49776706 0.20892888
v 0.13300097 0.14895095 0.08356228
v 0.11551635 0.14872868 0.09444635
v 0.11872417 0.13158774 0.10938282
v 0.23484397 -0.46542290 0.05538604
v 0.23140171 -0.41849887 0.06261378
v 0.05150479 -0.50176847 0.20890199
v 0.06706358 -0.51368958 0.21992375
v 0.05322345 0.19544011 0.07299789
v 0.04956953 0.17720278 0.08651855
v 0.04677168 0.16012725 0.09934090
v 0.06401672 0.16962329 0.09169575
v 0.06344184 0.15314007 0.10658427
v 0.02835834 0.15331489 0.10516240
v 0.00832161 0.13763958 0.10455707
v 0.02684446 0.13430920 0.11871575
v 0.22516547 -0.52153409 0.12185890
v 0.23430447 -0.50792390 0.06768607
v 0.23444588 -0.48688507 0.06453022
v 0.23493809 -0.48525429 0.04807322
v 0.17172647 -0.48363116 0.19693395
v 0.13951156 -0.49557841 0.20234665
v 0.11717507 -0.46413594 0.18896833
v 0.13559198 -0.47793385 0.19204956
v 0.16227373 -0.50065529 0.20573474
v 0.15756366 -0.48230645 0.19396254
v 0.18494427 -0.50409120 0.20351574
v 0.19221488 -0.48958120 0.19501267
v 0.18051951 -0.44562742 0.18317801
v 0.13350727 -0.45762348 0.18760109
v 0.15177260 -0.46494189 0.18625760
v 0.16370752 -0.44529349 0.18030864
v 0.12251739 -0.43996400 0.18065235
v 0.10061861 -0.44877708 0.18125197
v 0.10595490 -0.42561534 0.17437577
v 0.12618622 -0.41892278 0.16863167
v 0.08788235 -0.42777088 0.17594124
v 0.15762965 -0.42345783 0.17174953
v 0.13790599 -0.42974925 0.17323166
v 0.08416255 -0.45870447 0.18966191
v 0.10278933 -0.46715292 0.19475988
v 0.08412066 -0.47270396 0.19689614
v 0.08292962 -0.48905990 0.20370285
v 0.08965468 -0.41262957 0.16639072
v 0.19718128 -0.42182001 0.16106322
v 0.22500829 -0.47419327 0.14422366
v 0.17985551 -0.42727858 0.17677325
v 0.14270431 -0.44319767 0.18103588
v 0.10750068 -0.40708184 0.16638264
v 0.07635094 -0.44123867 0.17993994
v 0.06937693 -0.42536080 0.17227198
v 0.22624123 -0.46804973 0.13095711
v 0.22417280 -0.45049030 0.14891444
v 0.22147769 -0.48823112 0.15242262
v 0.06245312 -0.45766896 0.17947888
v 0.22558959 -0.49461135 0.13761970
v 0.06325005 -0.41270697 0.16281861
v 0.03953496 -0.45289311 0.17029344
v 0.05472938 -0.43842748 0.16944543
v 0.13138190 -0.51475656 0.21778436
v 0.09903509 -0.49850327 0.21088704
v 0.19344087 -0.24945082 0.05594972
v 0.03869601 -0.22508156 0.16762666
v 0.05044561 -0.33794776 0.15217496
v 0.13850185 -0.03175680 0.07177800
v 0.14288260 0.00543651 0.07261255
v 0.04828276 0.03450146 0.16192409
v 0.03919850 -0.00314144 0.15797758
v 0.02729501 -0.03947829 0.16472775
v 0.16235624 0.04807304 0.05805291
v 0.16277348 0.06680221 0.06814796
v 0.16554654 0.06671052 0.05030340
v 0.15827638 0.04642438 0.07637661
v 0.16001782 0.10541507 0.06568529
v 0.14434284 0.12940343 0.08301569
v 0.16554402 0.08928964 0.04761633
v 0.01922630 -0.48012257 0.19250312
v 0.08398905 0.14125480 0.11333034
v 0.12939960 0.10382531 0.12267272
v 0.02476774 0.13712628 0.14019082
v 0.02073667 -0.39142609 0.14554431
v 0.23261869 -0.44612885 0.04623399
v 0.22965609 -0.40672541 0.05082291
v 0.22437164 -0.37006935 0.04640932
v 0.04456085 0.14174651 0.13068423
v 0.18788444 -0.47192934 0.19086763
v 0.16972545 -0.46469834 0.18819389
v 0.04532444 -0.48677632 0.19450799
v 0.06300472 -0.48619530 0.19564888
v 0.06501770 -0.47296727 0.18805955
v 0.06509176 -0.49916983 0.20601457
v 0.21496597 -0.48860213 0.17062524
v 0.03203988 -0.43476793 0.16070078
v 0.04161377 -0.40382791 0.15665714
v 0.06821012 -0.39692345 0.16645072
v 0.05780741 -0.37447259 0.15668824
v 0.02045729 -0.44712409 0.16705106
v 0.02299808 -0.46243271 0.17616761
v 0.11065290 -0.51668710 0.22097975
v 0.11930941 -0.49785429 0.21056670
v 0.11858198 -0.48318478 0.20079619
v 0.08228901 -0.50427544 0.21104290
v 0.20092627 -0.23115323 0.05112429
v 0.20968649 -0.27582288 0.05137011
v 0.19385831 -0.24325095 0.03339512
v 0.20135486 -0.26324856 0.03620249
v 0.04856860 -0.18932652 0.17344265
v 0.03351563 -0.35131156 0.14145720
v 0.17327654 -0.13435897 0.04073398
v 0.16645983 -0.12695883 0.05909558
v 0.17856893 -0.16382092 0.05481135
v 0.16056845 -0.10354424 0.05466825
v 0.15568699 -0.09379356 0.06657192
v 0.02336968 -0.06995960 0.16855311
v 0.02921805 -0.15178607 0.17491090
v 0.03179014 -0.12774616 0.17255685
v 0.01040672 -0.13145885 0.17473121
v 0.14944991 0.00903155 0.04752987
v 0.15432549 0.02637632 0.06091405
v 0.02675277 0.03974688 0.16031645
v 0.03841256 0.01638611 0.16060878
v 0.04020867 -0.47232708 0.18239954
v 0.08452310 0.15687034 0.10029854
v 0.06416033 0.13724905 0.12088476
v 0.07506444 0.11340109 0.14289325
v 0.06401257 0.12905809 0.13894698
v 0.03844536 0.12347470 0.14598219
v 0.08596621 0.12992033 0.13089786
v 0.01636194 0.11992383 0.14963754
v 0.02855513 0.10105697 0.15185629
v 0.19571571 -0.43856028 0.17217430
v 0.03185813 -0.48683047 0.19826360
v 0.20533240 -0.49538699 0.18419284
v 0.21168119 -0.50829268 0.17568825
v 0.05215303 -0.39270449 0.16058902
v 0.10133399 -0.48224735 0.20382896
v 0.19469780 -0.21028468 0.03769664
v 0.18857783 -0.21688595 0.06006336
v 0.19709775 -0.23395213 0.07479872
v 0.17970820 -0.22102380 0.07857437
v 0.20284030 -0.26629460 0.06141070
v 0.20093171 -0.26456490 0.08399414
v 0.18452394 -0.22884850 0.09805386
v 0.16779813 -0.21464552 0.09081834
v 0.21198171 -0.28573745 0.03437629
v 0.21259114 -0.29307222 0.05802374
v 0.21043973 -0.27976051 0.07498366
v 0.20655209 -0.30039120 0.07958081
v 0.19943342 -0.26448169 0.09818602
v 0.22149976 -0.32891670 0.04195983
v 0.21582875 -0.30904606 0.04158022
v 0.01719127 -0.22894076 0.17071825
v 0.01855324 -0.25642657 0.17098147
v 0.02243896 -0.30449232 0.15125979
v 0.02475955 -0.31834999 0.16768390
v 0.15782002 -0.11537333 0.07352231
v 0.18502623 -0.17844965 0.04721053
v 0.18987139 -0.18823560 0.03361779
v 0.18080112 -0.19836323 0.07766198
v 0.16907156 -0.18385977 0.08875125
v 0.17792052 -0.17901079 0.06910616
v 0.16810861 -0.16363104 0.07837878
v 0.15610088 -0.17292684 0.09909213
v 0.16720095 -0.19818434 0.09890355
v 0.17302392 -0.14943753 0.06081849
v 0.16212782 -0.13944162 0.07900038
v 0.13492534 -0.18962562 0.12960424
v 0.15575911 -0.07956630 0.05402358
v 0.14060469 -0.05354610 0.07694525
v 0.15088363 -0.06162023 0.05704733
v 0.02707668 -0.18059267 0.17588970
v 0.04825995 -0.16444759 0.17141901
v 0.03063344 0.07987690 0.15852395
v 0.04221769 -0.02468744 0.16240759
v 0.05604203 -0.01660896 0.15940472
v 0.02251021 -0.01892196 0.16244313
v 0.21956523 -0.35233283 0.05023398
v 0.22303310 -0.33496460 0.06613129
v 0.22718967 -0.38065910 0.07981351
v 0.22723649 -0.39145169 0.04161725
v 0.19174597 -0.45772475 0.18417618
v 0.21836589 -0.46646595 0.16273654
v 0.20491859 -0.46447247 0.17664215
v 0.20908216 -0.45053244 0.16933557
v 0.20555630 -0.47844052 0.17954952
v 0.01454084 -0.42808020 0.15696725
v 0.02869606 -0.41392475 0.15314499
v 0.08047373 -0.36065641 0.15402608
v 0.19305699 -0.25552982 0.07488663
v 0.16731247 -0.22224297 0.11003248
v 0.15306041 -0.21129031 0.10512108
v 0.16492614 -0.24879915 0.12790716
v 0.17887008 -0.26250550 0.11775812
v 0.15691289 -0.22566053 0.12217423
v 0.17522906 -0.24092075 0.11612175
v 0.04778782 -0.24275184 0.17126735
v 0.03239657 -0.24924684 0.17218845
v 0.07557097 -0.25901538 0.16488168
v 0.06281284 -0.23598054 0.16110136
v 0.06076466 -0.25394005 0.17055798
v 0.05950588 -0.27544618 0.16012049
v 0.03038206 -0.33886856 0.15684921
v 0.04309749 -0.32242548 0.16965711
v 0.06230345 -0.32465643 0.16865574
v 0.01899203 -0.37018651 0.13847485
v 0.03798031 -0.38083789 0.15100721
v 0.13520220 -0.12242595 0.11152512
v 0.18727648 -0.19430551 0.05435637
v 0.15768014 -0.15590422 0.09496232
v 0.13450758 -0.21437576 0.12113171
v 0.14850698 -0.19554758 0.11856934
v 0.10455406 -0.20882607 0.14600939
v 0.14542231 -0.23507854 0.13632576
v 0.12300499 -0.20249072 0.13520937
v 0.11571203 -0.21963863 0.13447087
v 0.15668748 -0.18740651 0.10682131
v 0.14733520 -0.04577631 0.05583278
v 0.14697739 -0.07544500 0.07569440
v 0.14924213 -0.10188415 0.08421712
v 0.01360962 -0.09396312 0.17061363
v 0.03556343 -0.10874952 0.16995205
v 0.05667213 -0.10553598 0.16391173
v 0.07154302 -0.12006436 0.16031477
v 0.03937298 -0.08843310 0.16743763
v 0.14505881 -0.02996505 0.05407106
v 0.14815649 -0.01258707 0.04298046
v 0.13350029 -0.01549131 0.08409682
v 0.07247148 0.03599165 0.16100384
v 0.06507201 0.04928047 0.16310242
v 0.08294692 0.02163306 0.15452942
v 0.22415121 -0.37393749 0.06406531
v 0.22770588 -0.40290788 0.07094914
v 0.09453899 -0.36878014 0.16539609
v 0.05545524 -0.35592577 0.14376800
v 0.18916842 -0.25270814 0.10811254
v 0.03719103 -0.28364190 0.15523520
v 0.05276581 -0.21261859 0.17074101
v 0.07275628 -0.21392892 0.16252998
v 0.04000303 -0.30801088 0.15519157
v 0.08531795 -0.33122560 0.16279037
v 0.14717898 -0.13916460 0.10138445
v 0.12978740 -0.14094478 0.12145229
v 0.14311509 -0.15749042 0.11255089
v 0.13915031 -0.17649102 0.11783451
v 0.12461144 -0.16244824 0.12992756
v 0.11946244 -0.17684576 0.13454233
v 0.03637948 -0.20223886 0.17650695
v 0.01810325 -0.11243887 0.17235403
v 0.05542312 -0.12705107 0.16743031
v 0.09309021 -0.14307559 0.15122145
v 0.07487568 -0.10048135 0.15477782
v 0.14269708 -0.01194730 0.06229126
v 0.14689924 0.02299896 0.08200840
v 0.15188211 0.04114951 0.09505141
v 0.06081556 0.00188692 0.15527578
v 0.05276123 0.08952593 0.15680774
v 0.05319795 0.11139838 0.14720948
v 0.06693366 0.10129154 0.15148339
v 0.10246802 0.08554870 0.15213549
v 0.08997434 0.09834717 0.14939550
v 0.09975740 0.11192842 0.13639164
v 0.11753061 0.11453447 0.12416415
v 0.13210620 0.07112931 0.13742819
v 0.07342461 -0.01195022 0.15297450
v 0.06456913 0.01714769 0.15819728
v 0.08426794 0.00562703 0.14900374
v 0.22616419 -0.39001086 0.05929567
v 0.23098356 -0.44367158 0.07536377
v 0.22752690 -0.45783952 0.09380577
v 0.09999679 -0.38524693 0.17137919
v 0.04347353 -0.26532656 0.16847195
v 0.05758780 -0.29155901 0.15017927
v 0.06040236 -0.30337554 0.16243766
v 0.09860718 -0.22737846 0.14581059
v 0.06428349 -0.19651949 0.16851184
v 0.07839274 -0.19727264 0.16286729
v 0.06569092 -0.17902581 0.16712907
v 0.08741052 -0.16000624 0.15569511
v 0.06777963 -0.15370566 0.16434723
v 0.07781111 -0.13681123 0.15879495
v 0.11813664 -0.14290065 0.13255610
v 0.10602476 -0.13504669 0.14114033
v 0.07380874 -0.33901322 0.14928113
v 0.10452348 -0.33234525 0.16175345
v 0.09822702 -0.34233215 0.14970458
v 0.09671346 -0.31410095 0.16835621
v 0.10369525 -0.35296005 0.16022219
v 0.12993801 -0.22902229 0.14095679
v 0.11476807 -0.19055188 0.14385794
v 0.12852755 -0.03586060 0.09068100
v 0.13194609 -0.06015469 0.09386295
v 0.12659714 -0.07754918 0.10590837
v 0.13935663 -0.08279607 0.09209293
v 0.10664234 -0.08980927 0.12905651
v 0.11476626 -0.05352768 0.11213237
v 0.11930937 -0.09008148 0.11705583
v 0.11965290 -0.03826410 0.10387477
v 0.09449651 -0.07600291 0.13641557
v 0.09635480 -0.05263718 0.12974019
v 0.11045972 -0.06853873 0.11998178
v 0.10953153 -0.03491246 0.11618028
v 0.09287754 -0.03000134 0.13440138
v 0.12751727 -0.10860009 0.11580862
v 0.13534775 -0.09753013 0.10286587
v 0.06133003 -0.08089101 0.15966363
v 0.15259844 0.05944149 0.10574266
v 0.07971004 0.08410372 0.15813141
v 0.06535922 0.06685830 0.16256957
v 0.08557820 0.05809675 0.16267002
v 0.08973601 -0.01290154 0.14096752
v 0.22840984 -0.42292756 0.08271778
v 0.23397768 -0.45104355 0.06124049
v 0.23266105 -0.43586498 0.06011716
v 0.22739293 -0.44830135 0.11620992
v 0.22823821 -0.43803838 0.09755354
v 0.03794416 -0.36751428 0.14274880
v 0.16397201 -0.29026020 0.13944295
v 0.15964179 -0.27214006 0.12546785
v 0.17442876 -0.28102198 0.11927166
v 0.18965945 -0.27688056 0.10619004
v 0.07536300 -0.27585429 0.15057531
v 0.09397288 -0.26359123 0.15785484
v 0.10774241 -0.15836890 0.14267378
v 0.08896971 -0.12028059 0.15007387
v 0.14346892 -0.11072136 0.09819113
v 0.09721231 -0.19255590 0.15396452
v 0.09396546 -0.09704526 0.14117996
v 0.10805954 -0.01715169 0.12313008
v 0.12153406 -0.01930745 0.10439464
v 0.12190162 0.00053786 0.11498839
v 0.13338897 0.00368340 0.09615178
v 0.13231234 0.03184177 0.12601133
v 0.13726844 0.02212036 0.10553031
v 0.12353003 0.01516431 0.12266631
v 0.12142596 -0.12354071 0.12599353
v 0.15851119 0.07844057 0.08570027
v 0.14292225 0.06673948 0.12429738
v 0.11873116 0.03859566 0.14430463
v 0.10538191 0.05857549 0.15802127
v 0.09737654 0.03833139 0.15738280
v 0.12002444 0.06583680 0.14853972
v 0.11727750 0.02638251 0.13851790
v 0.09947155 0.02004501 0.14698116
v 0.13327214 0.05018556 0.13550887
v 0.23026058 -0.40079874 0.09396164
v 0.22222376 -0.38686025 0.10314637
v 0.23099680 -0.41617379 0.10100670
v 0.10183364 -0.17483824 0.14704947
v 0.06294341 -0.04654304 0.15506491
v 0.07022870 -0.06278473 0.15320908
v 0.08194610 -0.04469388 0.14391543
v 0.07088269 -0.02786396 0.14890300
v 0.04945581 -0.03919299 0.15850517
v 0.08336130 -0.06432678 0.14397082
v 0.14373136 0.04318118 0.11688066
v 0.15781605 0.06303402 0.09051348
v 0.15182233 0.09194145 0.09632874
v 0.14600076 0.11071060 0.09401924
v 0.13291954 0.11642582 0.10876817
v 0.14202526 0.09744283 0.11083060
v 0.13599147 0.08791770 0.12598687
v 0.13256745 0.13135630 0.09748962
v 0.20331639 -0.37423229 0.15075909
v 0.22369157 -0.43132937 0.14329652
v 0.10870750 -0.11049647 0.13271920
v 0.21474278 -0.38084465 0.12711149
v 0.22938670 -0.42877442 0.12092872
v 0.19233461 -0.40241775 0.15581167
v 0.17783950 -0.40991482 0.17067717
v 0.14435434 -0.40627846 0.16984536
v 0.13772245 -0.38512447 0.17297381
v 0.12201005 -0.39475009 0.17271179
v 0.10993733 0.24165495 0.02102271
v 0.09190928 0.24435283 0.02025612
v 0.21499729 -0.31504285 0.06077825
v 0.20792525 -0.28411347 0.09558303
v 0.04843209 -0.14536473 0.17105180
v 0.22079434 -0.37033749 0.09296019
v 0.22006379 -0.36026803 0.07200557
v 0.07751770 -0.31124118 0.16901742
v 0.11508862 -0.23400806 0.15091334
v 0.09944653 -0.24025023 0.15957786
v 0.11106098 -0.25330707 0.15668866
v 0.11737816 -0.26863807 0.14969933
v 0.09969418 -0.27871630 0.14524913
v 0.09931195 -0.29183015 0.15765481
v 0.08241694 -0.23098797 0.15327379
v 0.08371119 -0.24483591 0.16480568
v 0.12404134 -0.28893861 0.14400916
v 0.11414468 -0.29942799 0.16242234
v 0.14906919 -0.29237732 0.13866970
v 0.13057967 -0.25086230 0.14920716
v 0.08867604 -0.21339875 0.15455113
v 0.13456321 -0.27381733 0.14654301
v 0.03237478 -0.05451865 0.16549157
v 0.04849115 -0.06356607 0.16246776
v 0.21235955 -0.41185096 0.15480320
v 0.22274682 -0.41267741 0.13573763
v 0.20223330 -0.39113045 0.15568829
v 0.16455884 -0.33615914 0.14396098
v 0.20988066 -0.35783347 0.13786398
v 0.18410812 -0.34559873 0.13749786
v 0.19936293 -0.34919259 0.13258912
v 0.19175601 -0.36195469 0.14796817
v 0.14286406 -0.36811152 0.16849260
v 0.15640157 -0.38597980 0.16501045
v 0.15033835 -0.34824708 0.16001534
v 0.12680329 -0.35082161 0.16220674
v 0.17508420 -0.35675499 0.15199256
v 0.16518183 -0.36834475 0.16322622
v 0.17381641 -0.39321804 0.15961367
v 0.11868672 -0.36991197 0.16846468
v 0.14632955 -0.32753757 0.14929146
v 0.13266391 -0.33841175 0.15057409
v 0.11536413 -0.34070969 0.15086500
v 0.13460526 -0.31603798 0.16467211
v 0.11711788 -0.32391247 0.16560328
v 0.13833551 -0.29901847 0.15660720
v 0.15551502 -0.31684721 0.15941432
v 0.16223486 -0.30354962 0.15272442
v 0.18659076 -0.37882191 0.15853876
v 0.17874795 -0.30672327 0.14493938
v 0.17600030 -0.32573783 0.14973792
v 0.21852019 -0.33751413 0.10697277
v 0.21099119 -0.32156003 0.10618795
v 0.21906979 -0.33042294 0.09069899
v 0.21434328 -0.31897244 0.08380337
v 0.20675088 -0.32759687 0.12675664
v 0.21652919 -0.34363258 0.12390749
v 0.19845422 -0.31386790 0.11527915
v 0.19825009 -0.29342252 0.11687899
v 0.19125018 -0.32825801 0.14138190
v 0.18544155 -0.29016569 0.12793198
v 0.19046459 -0.31097996 0.13132007
v 0.22046509 -0.36555803 0.11460850
v 0.22171326 -0.35355461 0.10535569
v 0.22301170 -0.34708631 0.08752601
v 0.22230707 -0.55544788 0.02195174
v 0.22073027 -0.55700094 0.00282711
v 0.21858472 -0.55761909 -0.01626858
v 0.21660700 -0.55725241 -0.03529636
v 0.21424788 -0.55643916 -0.05409402
v 0.21184063 -0.55561548 -0.07286562
v 0.20834199 -0.55490851 -0.09138610
v 0.19835362 -0.55390978 -0.10750189
v 0.18637335 -0.55367309 -0.12236971
v 0.17418844 -0.55374050 -0.13745411
v 0.16049081 -0.55388260 -0.15110916
v 0.14377153 -0.55442721 -0.16145366
v 0.12578121 -0.55390257 -0.17003848
v 0.10750788 -0.55241674 -0.17692219
v 0.08934303 -0.55008990 -0.18323512
v 0.07097618 -0.54812384 -0.18829635
v 0.05232760 -0.54642934 -0.19234033
v 0.03335638 -0.54528797 -0.19478431
v 0.01431985 -0.54457510 -0.19578266
v -0.00467644 -0.54405230 -0.19560787
v -0.00342805 -0.51290870 -0.17094542
v 0.00252422 -0.47855818 -0.14761341
v 0.00396992 -0.42878020 -0.11091104
v 0.00473447 -0.40672824 -0.10288476
v -0.00261174 -0.37300646 -0.09865387
v -0.00050612 -0.35317895 -0.10039154
v -0.00101546 -0.33420449 -0.10439359
v -0.00205098 -0.31648505 -0.10980903
v -0.00078344 -0.29877144 -0.11625654
v -0.00526683 -0.26290366 -0.13221797
v -0.00209034 -0.21711567 -0.12621835
v 0.00305567 -0.17335571 -0.11037200
v 0.00125401 -0.15165859 -0.10379775
v -0.00273286 -0.13559489 -0.10078336
v -0.00172168 -0.11790309 -0.09580360
v 0.00333124 -0.10020977 -0.09286699
v -0.01147244 -0.04784956 -0.08570768
v -0.00659495 -0.02473602 -0.08841722
v -0.00589130 -0.00587359 -0.09208586
v -0.00306401 0.06771220 -0.11301474
v -0.00278394 0.08738097 -0.11738105
v -0.00211466 0.12574968 -0.12453618
v -0.00215790 0.16440551 -0.10709962
v 0.00011019 0.18180317 -0.08766357
v 0.00919226 0.19849299 -0.09077933
v 0.02254001 0.21234633 -0.08981396
v 0.03648536 0.22663930 -0.08791608
v 0.04957000 0.24221547 -0.08290332
v 0.06042957 0.25897250 -0.07143632
v 0.12683961 0.25475803 -0.05138389
v 0.13166153 0.24080020 -0.06454261
v 0.13436514 0.22379197 -0.07586498
v 0.13564500 0.20376816 -0.08379863
v 0.13777640 0.18289338 -0.09042772
v 0.14019847 0.16060469 -0.09212187
v 0.14452259 0.13827330 -0.08847644
v 0.15105480 0.11701650 -0.07911871
v 0.15740353 0.10157565 -0.06185811
v 0.16455697 0.09343860 -0.03882243
v 0.16704307 0.09044242 -0.01700786
v 0.11672219 0.02767237 -0.07592610
v 0.07040019 0.16946831 -0.11477748
v 0.16370697 0.07780626 -0.02285293
v 0.13452512 0.09070964 -0.08642099
v 0.10659386 0.17764601 -0.10629199
v 0.09680149 0.25582382 -0.06624085
v 0.10602494 0.24020773 -0.07729106
v 0.06779660 0.23306951 -0.08793530
v 0.12933540 0.12387916 -0.09698050
v 0.12106007 0.16825904 -0.10017207
v 0.09256267 0.26639664 -0.05224501
v 0.10935530 0.26057571 -0.05277929
v 0.07850920 0.25951505 -0.06734070
v 0.12204728 0.23292050 -0.07584878
v 0.12055054 0.21123414 -0.08802010
v 0.06740035 0.24796742 -0.07929659
v 0.15929157 0.09142131 -0.05155711
v 0.12470652 0.14373989 -0.10054479
v 0.11537386 0.24880782 -0.06530105
v 0.07684265 0.26917195 -0.05536734
v 0.10430661 0.22358988 -0.08825126
v 0.11883789 0.18991835 -0.09500806
v 0.09192547 0.19333050 -0.10224554
v 0.10540433 0.20240904 -0.09686065
v 0.14933915 0.07372836 -0.06284710
v 0.12198012 0.10483906 -0.09892661
v 0.08826387 0.21717902 -0.09455946
v 0.08859834 0.17329431 -0.11273866
v 0.10206478 0.15484326 -0.11112773
v 0.07641416 0.07424206 -0.10904843
v 0.05978093 0.19965559 -0.09881774
v 0.10373685 0.07508371 -0.10166163
v 0.09285944 0.13855319 -0.11479296
v 0.10283653 0.10266626 -0.10785955
v 0.11214964 0.13546319 -0.10735276
v 0.11628693 0.08929603 -0.09882824
v 0.05514333 0.22192992 -0.09145650
v 0.07194615 0.11399203 -0.11845180
v 0.03890514 0.20270470 -0.09474719
v 0.07748759 0.15478975 -0.11959179
v 0.09130099 0.11967544 -0.11408296
v 0.07292461 0.13275830 -0.12049804
v 0.05734373 0.12211522 -0.12184418
v 0.22447138 -0.54065764 0.02624823
v 0.22440724 -0.53846341 0.00598611
v 0.20362653 -0.42898345 -0.08992632
v 0.13819252 -0.28858945 -0.10658274
v 0.05437599 -0.49086064 -0.14895335
v 0.01271218 -0.51985872 -0.17551725
v -0.00535730 -0.53307247 -0.18558130
v 0.02091744 -0.53359258 -0.18564254
v 0.16671032 0.07689083 0.02698029
v 0.01568819 0.17906705 -0.09545869
v 0.08702959 0.24138960 -0.08137842
v 0.15692924 0.07357761 -0.04497884
v 0.15828288 0.05720637 -0.02926821
v 0.12057498 0.07363037 -0.09174111
v 0.14175427 0.05595009 -0.06431335
v 0.13395452 0.07079305 -0.07983380
v 0.15037853 0.04973724 -0.04665034
v 0.13673304 0.03295207 -0.05987975
v 0.15273117 0.03261302 -0.03025668
v 0.15879302 0.03749423 -0.01386985
v 0.14476880 0.02774408 -0.04446981
v 0.14316915 0.01466900 -0.03616397
v 0.03823416 0.10589701 -0.12085219
v 0.05506985 0.10253528 -0.11903690
v 0.02029668 0.11891340 -0.12317143
v 0.06308329 0.08895183 -0.11523257
v 0.05094135 0.06884415 -0.11133577
v 0.03619938 0.08476248 -0.11623101
v 0.08495630 0.09621322 -0.11242989
v 0.09416941 0.05930747 -0.10003605
v 0.01518180 0.07439999 -0.11468290
v 0.03334887 0.06514563 -0.11182322
v 0.01804866 0.05628366 -0.10999861
v 0.04242743 0.18575062 -0.09927599
v 0.07311016 0.18647774 -0.10440716
v 0.05359388 0.16005193 -0.11526891
v 0.22282201 -0.54175496 -0.01203378
v 0.21758474 -0.47356987 -0.04254349
v 0.22256832 -0.51834583 -0.00975798
v 0.20602088 -0.38948187 -0.03581777
v 0.06891781 -0.28908774 -0.13257729
v 0.16638902 -0.21632418 -0.06141839
v 0.18103188 -0.28761145 -0.06335030
v 0.06401595 -0.16109969 -0.10346270
v 0.15367822 -0.10788839 -0.02558903
v 0.02396272 -0.48924828 -0.15132348
v 0.01730851 -0.50525546 -0.16456884
v 0.16257779 0.03475704 0.02032832
v 0.14748719 -0.00467472 -0.00858634
v 0.14107071 0.00102081 -0.03106337
v 0.16551290 0.05447038 0.01524576
v 0.15542777 0.02005861 0.00039307
v 0.16289590 0.04187924 0.00414345
v 0.01110255 0.15653983 -0.12691221
v 0.12780261 0.04118768 -0.07389447
v 0.12758425 0.05535071 -0.08001425
v 0.13019289 0.01814868 -0.05798225
v 0.00108430 0.10953116 -0.12138113
v 0.01830393 0.09634847 -0.11928990
v 0.01384505 0.13554366 -0.12678529
v 0.05585202 0.14239329 -0.12515494
v 0.03203214 0.14248377 -0.12739453
v 0.03413313 0.17508250 -0.11320979
v 0.04445273 0.02492166 -0.09948760
v 0.04259325 0.04709414 -0.10609985
v 0.06840843 0.05605166 -0.10535193
v 0.08622874 0.04277926 -0.09713628
v 0.02050496 0.03517897 -0.10428564
v 0.22873636 -0.50543380 0.01194197
v 0.22807714 -0.52358270 0.01478761
v 0.23085032 -0.48479125 0.01361480
v 0.21717535 -0.52293104 -0.07128461
v 0.22310384 -0.52640057 -0.03146504
v 0.21944946 -0.53308785 -0.05315918
v 0.21995413 -0.54436404 -0.03381491
v 0.21564750 -0.54017222 -0.06785425
v 0.22668917 -0.46929568 -0.00300057
v 0.20209825 -0.53081214 -0.10216737
v 0.02978401 -0.28693536 -0.12796840
v 0.06054245 -0.23463336 -0.12886350
v 0.07582475 -0.36402011 -0.11194336
v 0.18577065 -0.20917280 -0.02168621
v 0.19857508 -0.27293688 -0.01319389
v 0.02353953 -0.41661662 -0.10549314
v 0.14890756 -0.53649521 -0.15607035
v 0.08077502 -0.53371584 -0.17163861
v 0.06427073 -0.53666848 -0.17921826
v 0.01879971 -0.47293374 -0.14009941
v 0.00314293 -0.49505204 -0.15860635
v 0.04263359 -0.53483409 -0.18434952
v 0.15056287 -0.01538178 0.01770255
v 0.02201891 -0.09081521 -0.08593620
v 0.15496777 0.01744555 0.02425858
v 0.15105197 -0.00038666 0.02598632
v 0.15164819 0.00148237 0.00825958
v 0.13920709 -0.01812386 -0.02993640
v 0.10499084 -0.03122313 -0.06481570
v 0.12625559 -0.03294629 -0.04505505
v 0.09776541 -0.01009921 -0.07372931
v 0.09905089 0.01433277 -0.08051892
v 0.14430924 -0.02797280 -0.01616123
v 0.16620305 0.06820635 0.01557134
v 0.15071215 0.01639693 -0.01757306
v 0.11095080 0.04954030 -0.08948223
v 0.02495650 0.00154264 -0.09366776
v 0.00262379 0.02681797 -0.10228188
v 0.00034060 0.04619743 -0.10786400
v 0.21994977 -0.49181950 -0.06176978
v 0.22023338 -0.50403970 -0.02719796
v 0.22252594 -0.49469003 -0.00323897
v 0.21952234 -0.45176521 -0.02351097
v 0.21480536 -0.36766294 0.00522753
v 0.20403853 -0.33295450 -0.01016153
v 0.18914713 -0.53689003 -0.11629160
v 0.21001273 -0.51646876 -0.08832674
v 0.03410495 -0.32497481 -0.11259668
v 0.03858409 -0.25646365 -0.13210082
v 0.03139500 -0.21501669 -0.12515579
v 0.19420789 -0.22023319 -0.00040046
v 0.01997710 -0.16066778 -0.10618538
v 0.01757648 -0.13620056 -0.09968047
v 0.16437277 -0.10444258 0.01613566
v 0.15956703 -0.08580083 0.01671467
v 0.18022895 -0.15362994 0.01223866
v 0.00295259 -0.46158534 -0.13538782
v 0.00518266 -0.44548178 -0.12278940
v 0.13116676 -0.52600062 -0.15554844
v 0.16544908 -0.53300714 -0.14653789
v 0.11301029 -0.53617454 -0.16375181
v 0.05014348 -0.52218926 -0.17382829
v 0.03397103 -0.51792091 -0.17205016
v 0.03701502 -0.49991524 -0.15832722
v 0.05247615 -0.50629395 -0.16154188
v 0.03531536 -0.47881550 -0.14274985
v 0.02310502 -0.46091533 -0.13007160
v 0.05265135 -0.47378412 -0.13677183
v 0.00195923 -0.08404233 -0.08848139
v 0.01772393 -0.11114903 -0.09311318
v 0.00340935 -0.06155013 -0.08482379
v 0.01068241 -0.03946917 -0.08601732
v 0.01994323 -0.07446349 -0.08433363
v 0.11425318 0.00655915 -0.06750946
v 0.11692558 -0.01512939 -0.05962726
v 0.08872302 -0.03220065 -0.07409708
v 0.05540663 -0.00347089 -0.08931407
v 0.04471555 0.00927107 -0.09429332
v 0.05146331 -0.02801350 -0.08545933
v 0.09965627 0.03292736 -0.08852223
v 0.13859159 -0.07672925 -0.03651452
v 0.00092699 0.00898263 -0.09615713
v 0.02342217 0.01624988 -0.09823527
v 0.22717267 -0.45062801 0.02762672
v 0.21441866 -0.43016237 0.00102176
v 0.22163399 -0.51083833 -0.05244727
v 0.21680889 -0.50293505 -0.07529980
v 0.22060210 -0.49046195 -0.04282436
v 0.21765339 -0.48050863 -0.02458269
v 0.21031715 -0.32645422 0.00585071
v 0.21237661 -0.53834838 -0.08403310
v 0.18553868 -0.49319720 -0.12603691
v 0.02297272 -0.27036062 -0.13161461
v 0.02136622 -0.24668568 -0.13116987
v 0.01004997 -0.26027039 -0.13280270
v 0.01301273 -0.20260085 -0.12228271
v 0.01720718 -0.22397529 -0.12702978
v 0.00491433 -0.18949354 -0.11717148
v 0.02605220 -0.19417760 -0.11938473
v 0.19806367 -0.21698460 0.01927124
v 0.19729584 -0.23733853 0.00938410
v 0.19304648 -0.19854449 0.01348829
v 0.20374683 -0.27199772 0.01164440
v 0.20995921 -0.29269609 0.00961270
v 0.17039958 -0.12228462 0.01778284
v 0.17593679 -0.13854735 0.02014430
v 0.17204869 -0.13548988 -0.00033466
v 0.17629847 -0.15467837 -0.01114613
v 0.16815595 -0.13894083 -0.01799143
v 0.14946844 -0.08518881 -0.02142851
v 0.14248064 -0.10049979 -0.03950860
v 0.14199823 -0.06187012 -0.02067125
v 0.15066220 -0.05943075 -0.00065912
v 0.13036847 -0.05304882 -0.03882771
v 0.15713146 -0.09390461 -0.00545887
v 0.15322582 -0.07430355 -0.00133823
v 0.15018027 -0.04246810 0.01606194
v 0.02894695 -0.44118392 -0.11686618
v 0.04273162 -0.46018183 -0.12740369
v 0.01232838 -0.38364214 -0.09983232
v 0.02377154 -0.39442134 -0.10171130
v 0.13321123 -0.54362512 -0.16267391
v 0.17903596 -0.53898573 -0.13001110
v 0.17883731 -0.52099758 -0.13253696
v 0.08163543 -0.45685005 -0.12046112
v 0.08527275 -0.49138778 -0.13807204
v 0.07191305 -0.50369900 -0.15153433
v 0.14552294 -0.04319481 -0.00965499
v 0.14926217 -0.02672451 0.00325925
v 0.03556113 -0.12652002 -0.09561878
v 0.03719074 -0.07991258 -0.08635764
v 0.12895675 -0.01555046 -0.04673865
v 0.07852484 0.00112224 -0.08517571
v 0.07528282 -0.01642567 -0.08175693
v 0.06611727 0.01625114 -0.09299800
v 0.06667478 0.03671511 -0.09973494
v 0.08407293 0.02210279 -0.09028473
v 0.04936134 -0.05114895 -0.08442192
v 0.03119742 -0.03202508 -0.08643013
v 0.07210063 -0.04044442 -0.07997509
v 0.05218717 -0.07072672 -0.08296452
v 0.07275463 -0.05752347 -0.08074050
v 0.22976090 -0.46815386 0.01328157
v 0.22027263 -0.44721407 0.00452287
v 0.21321207 -0.41490406 0.01105741
v 0.21960635 -0.43288204 0.02302134
v 0.20862350 -0.49584895 -0.08963071
v 0.20725970 -0.47830689 -0.09287706
v 0.21564582 -0.48047906 -0.07794513
v 0.21568894 -0.38229692 0.00853400
v 0.20925191 -0.40098074 0.00042358
v 0.01208940 -0.32542610 -0.10832068
v 0.02067779 -0.34081417 -0.10469216
v 0.01560441 -0.36348465 -0.10027327
v 0.04006423 -0.23322555 -0.12893625
v 0.05576018 -0.24883460 -0.13127564
v 0.07364830 -0.26085570 -0.13087378
v 0.04415836 -0.27261737 -0.13222535
v 0.05733945 -0.27049994 -0.13275154
v 0.00480760 -0.27947858 -0.12479133
v 0.05850302 -0.21171419 -0.12304655
v 0.05105006 -0.22260146 -0.12640466
v 0.18820412 -0.24594945 -0.02764627
v 0.18742709 -0.22757494 -0.02310357
v 0.19376014 -0.24435158 -0.00690161
v 0.17852202 -0.22483362 -0.04167047
v 0.18162484 -0.18857443 -0.02494214
v 0.18298082 -0.17499436 -0.01149095
v 0.17489082 -0.20002058 -0.04368268
v 0.18977319 -0.19778840 -0.00432825
v 0.16245216 -0.19298983 -0.06113817
v 0.17714630 -0.17107911 -0.02574969
v 0.20452958 -0.30844232 -0.00779455
v 0.20573194 -0.28843850 -0.00572141
v 0.21115202 -0.31064606 0.00987297
v 0.16067988 -0.14045790 -0.03509385
v 0.13691172 -0.03974384 -0.02764995
v 0.11896792 -0.05181643 -0.05219092
v 0.04044134 -0.40380269 -0.10341543
v 0.18923116 -0.51493406 -0.11794957
v 0.06728506 -0.52156794 -0.16747031
v 0.11035714 -0.51639825 -0.14757285
v 0.13394834 -0.50519043 -0.14685661
v 0.16087914 -0.50947666 -0.14581710
v 0.16876155 -0.48951072 -0.13639112
v 0.18858406 -0.47193867 -0.12006511
v 0.19848581 -0.48877394 -0.10908573
v 0.20022084 -0.46723005 -0.10542971
v 0.18968406 -0.44939363 -0.11452970
v 0.20144822 -0.44500387 -0.09934791
v 0.06802069 -0.46703586 -0.12651147
v 0.11380710 -0.47736502 -0.13879411
v 0.10397622 -0.49327892 -0.13630956
v 0.10260658 -0.45640534 -0.13389358
v 0.09073529 -0.47748908 -0.12823729
v 0.11897673 -0.49353558 -0.14319038
v 0.12394995 -0.46068376 -0.13223734
v 0.09098674 -0.50707543 -0.14640313
v 0.03789994 -0.10606796 -0.08781706
v 0.02856463 -0.05789506 -0.08412358
v 0.10640379 -0.08879402 -0.07250120
v 0.21948999 -0.47422475 -0.05823709
v 0.20108952 -0.37864989 -0.02520779
v 0.20647486 -0.35824311 -0.01584625
v 0.21001977 -0.34883407 0.00557061
v 0.01922648 -0.29559872 -0.12160147
v 0.01892512 -0.31176755 -0.11480531
v 0.04745776 -0.33808595 -0.10917955
v 0.03547540 -0.36027208 -0.10224310
v 0.02655773 -0.37414861 -0.10079524
v 0.02444112 -0.17887396 -0.11224318
v 0.04473740 -0.16485772 -0.10605389
v 0.03606900 -0.14693362 -0.10147364
v 0.04235638 -0.20311289 -0.12163248
v 0.06034132 -0.19275731 -0.11633965
v 0.19137454 -0.26066580 -0.00784270
v 0.18853511 -0.18174852 0.00999133
v 0.18401586 -0.16752872 0.00578653
v 0.15188807 -0.17363857 -0.06606085
v 0.16960402 -0.15837553 -0.03278200
v 0.16022980 -0.15690310 -0.04749589
v 0.15972264 -0.12552480 -0.02621271
v 0.11599258 -0.03380151 -0.05588806
v 0.09164275 -0.04814894 -0.07231287
v 0.08896936 -0.07517442 -0.07741154
v 0.10524643 -0.05268565 -0.06379019
v 0.09619930 -0.06602874 -0.07295016
v 0.04065108 -0.37962615 -0.10164389
v 0.05282149 -0.39212781 -0.10542210
v 0.03807173 -0.42005268 -0.10708290
v 0.07872134 -0.42417580 -0.12208830
v 0.08956843 -0.43950295 -0.12849784
v 0.06833890 -0.44465443 -0.11438054
v 0.06546610 -0.42705673 -0.11125703
v 0.06760573 -0.40924981 -0.11264770
v 0.08430319 -0.40068293 -0.12210246
v 0.14437112 -0.39964142 -0.12073698
v 0.10182513 -0.42051736 -0.12370718
v 0.10678439 -0.40306675 -0.11452373
v 0.17677602 -0.50541139 -0.13501146
v 0.19092232 -0.42839113 -0.10830618
v 0.21684630 -0.45648777 -0.06987741
v 0.07124364 -0.48529309 -0.13754261
v 0.17333058 -0.45707172 -0.12434082
v 0.17056593 -0.43662483 -0.11888254
v 0.13228066 -0.48534149 -0.13648644
v 0.21514362 -0.43577909 -0.03927201
v 0.20564730 -0.38075766 -0.01045290
v 0.19140168 -0.35274872 -0.07912503
v 0.19740662 -0.33139247 -0.05251661
v 0.05090437 -0.35899001 -0.10520720
v 0.06577447 -0.34691778 -0.11159668
v 0.05903143 -0.37054047 -0.10795054
v 0.04392374 -0.18428895 -0.11410470
v 0.15275393 -0.13928993 -0.04655411
v 0.05272501 -0.41197649 -0.10643440
v 0.06756457 -0.38628542 -0.11556523
v 0.11382061 -0.43797091 -0.12176246
v 0.20487314 -0.39750999 -0.07548890
v 0.19356896 -0.41239542 -0.09141530
v 0.16774985 -0.39123961 -0.10808265
v 0.15857628 -0.40546241 -0.11799651
v 0.18036504 -0.39742598 -0.09886444
v 0.14362569 -0.41794112 -0.11435184
v 0.21198437 -0.43933332 -0.07815017
v 0.15094133 -0.49104393 -0.13729239
v 0.14177616 -0.46533453 -0.13056542
v 0.14901724 -0.44933796 -0.12059669
v 0.15719129 -0.47018147 -0.13067119
v 0.17263485 -0.47396573 -0.13043648
v 0.07256141 -0.08201563 -0.08019570
v 0.09061228 -0.09619885 -0.07794183
v 0.21562947 -0.46042490 -0.03557346
v 0.21609685 -0.45321560 -0.04947281
v 0.21517336 -0.41815037 -0.03123457
v 0.19678330 -0.37048319 -0.04657445
v 0.20183629 -0.35747287 -0.03483041
v 0.05054041 -0.28892362 -0.12835030
v 0.05046355 -0.31938970 -0.11836580
v 0.10752577 -0.32872880 -0.12176293
v 0.14581445 -0.15423031 -0.06339499
v 0.13576876 -0.13417003 -0.06282095
v 0.13653572 -0.16583239 -0.07756133
v 0.10456103 -0.10649286 -0.07672912
v 0.11745533 -0.13422324 -0.07590411
v 0.09758250 -0.12590988 -0.08255491
v 0.09344663 -0.14281093 -0.09179670
v 0.13199794 -0.11230375 -0.05782391
v 0.11965127 -0.09928186 -0.06528468
v 0.08729433 -0.11249886 -0.08421168
v 0.11597874 -0.07575651 -0.06033638
v 0.07657109 -0.12570688 -0.09173265
v 0.12761199 -0.06980356 -0.04813417
v 0.14745024 -0.12293261 -0.04430055
v 0.12439211 -0.42282093 -0.11367796
v 0.12863800 -0.40319368 -0.12228184
v 0.13504857 -0.38278300 -0.12136748
v 0.11383422 -0.38429317 -0.12699886
v 0.09577472 -0.34354222 -0.13098161
v 0.20984542 -0.41864571 -0.07758617
v 0.14251937 -0.43528396 -0.11502817
v 0.15718046 -0.42733723 -0.11360995
v 0.05120347 -0.12320264 -0.09124141
v 0.05140102 -0.14319415 -0.09876411
v 0.06725325 -0.13973610 -0.09447409
v 0.07296067 -0.10227378 -0.08692960
v 0.21442880 -0.43471321 -0.01737954
v 0.21594997 -0.42073494 -0.05434829
v 0.20624435 -0.39900497 -0.02158418
v 0.21324958 -0.40471816 -0.04108944
v 0.21313256 -0.41633424 -0.01275724
v 0.21005066 -0.38923225 -0.05208728
v 0.20027539 -0.34539464 -0.04478274
v 0.19003217 -0.35384613 -0.06253114
v 0.18380214 -0.33398896 -0.07169524
v 0.19179089 -0.38800958 -0.08077346
v 0.18309024 -0.36255008 -0.08917403
v 0.20135066 -0.34238613 -0.02702862
v 0.06182151 -0.30777979 -0.12635110
v 0.12831025 -0.15113375 -0.07682037
v 0.15195578 -0.38485962 -0.11390418
v 0.16459104 -0.37809652 -0.09547960
v 0.14429533 -0.36955285 -0.10489815
v 0.14433993 -0.32419774 -0.10646313
v 0.14537963 -0.34644184 -0.10301924
v 0.21233352 -0.40658194 -0.06109892
v 0.18857777 -0.31443790 -0.06781539
v 0.20304757 -0.37229443 -0.06823807
v 0.19835067 -0.32373625 -0.02820633
v 0.06698316 -0.32881531 -0.11772056
v 0.08337104 -0.33754298 -0.12551916
v 0.09180085 -0.36290506 -0.11794835
v 0.10299131 -0.36728615 -0.12857665
v 0.08448518 -0.37795675 -0.11477949
v 0.09798050 -0.38174176 -0.11526277
v 0.12550223 -0.36865097 -0.11888877
v 0.17877243 -0.34128368 -0.09247234
v 0.16491927 -0.35663521 -0.09550945
v 0.13145527 -0.35477147 -0.10830621
v 0.19673049 -0.30063057 -0.03964632
v 0.08254278 -0.30257520 -0.13255070
v 0.10428339 -0.27535793 -0.12223552
v 0.09674336 -0.29367578 -0.12688768
v 0.16292615 -0.33549291 -0.10008351
v 0.17812742 -0.29621372 -0.07760082
v 0.11381659 -0.35002083 -0.11768035
v 0.12791178 -0.33455694 -0.11022247
v 0.13529873 -0.30985159 -0.10780636
v 0.11872383 -0.29177216 -0.11417390
v 0.15729338 -0.31259751 -0.10123809
v 0.14046124 -0.23416525 -0.09678420
v 0.12517476 -0.26963350 -0.11037429
v 0.15425125 -0.22457337 -0.08150662
v 0.15347114 -0.20901082 -0.07700917
v 0.08081583 -0.24227419 -0.12657766
v 0.17380516 -0.31849808 -0.08990651
v 0.14827444 -0.27061108 -0.09875576
v 0.13815376 -0.25285417 -0.10252546
v 0.15471068 -0.25189272 -0.08907022
v 0.16025548 -0.23581721 -0.07959402
v 0.16930352 -0.23563237 -0.06053132
v 0.17137611 -0.25158402 -0.07215911
v 0.11061690 -0.22026145 -0.11160418
v 0.09277620 -0.22531869 -0.11971483
v 0.13869891 -0.21199462 -0.09211829
v 0.12376304 -0.21484637 -0.10344550
v 0.14522159 -0.19490264 -0.08076057
v 0.09619645 -0.18624879 -0.10688182
v 0.13387221 -0.18094140 -0.08526318
v 0.10821190 -0.19888172 -0.10669770
v 0.09842435 -0.16213265 -0.09658831
v 0.11355084 -0.18301924 -0.09859518
v 0.12507711 -0.19553795 -0.09654890
v 0.10269467 -0.17492731 -0.10036720
v 0.11848772 -0.16559950 -0.08908486
v 0.16485746 -0.29737115 -0.09272947
v 0.15169039 -0.29910299 -0.10153119
v 0.15417166 -0.28514588 -0.09808213
v 0.17814040 -0.25014794 -0.04901518
v 0.18675029 -0.26221627 -0.03325600
v 0.18323459 -0.26805165 -0.05972042
v 0.16690178 -0.27436885 -0.08183387
v 0.12390824 -0.24676976 -0.11016539
v 0.09884398 -0.23848791 -0.12068543
v 0.08458633 -0.17339015 -0.10456628
v 0.07858694 -0.18879534 -0.11220977
v 0.09294335 -0.20402363 -0.11390328
v 0.07718085 -0.20685785 -0.11882516
v 0.06170174 -0.17652583 -0.10942370
v 0.07516598 -0.22451793 -0.12405284
v 0.01218081 -0.00937706 -0.09054824
v 0.03514932 -0.01235357 -0.08979664
v 0.16935055 -0.17640887 -0.04402912
v 0.12965749 -0.09022705 -0.05203468
v 0.19942287 -0.28172219 -0.02529768
v 0.19413778 -0.28095186 -0.04283947
v -0.21912137 -0.55156183 0.02510964
v -0.22009599 -0.55318630 0.00642704
v -0.22058341 -0.55420792 -0.01235249
v -0.22130994 -0.55498767 -0.03092069
v -0.21990748 -0.55525303 -0.04934900
v -0.21305619 -0.55471504 -0.06631770
v -0.20655696 -0.55410892 -0.08377551
v -0.20123272 -0.55394334 -0.10167114
v -0.19316478 -0.55368102 -0.11875919
v -0.18266629 -0.55392140 -0.13493687
v -0.16831839 -0.55337250 -0.14802152
v -0.15140545 -0.55225760 -0.15727729
v -0.13456038 -0.55003601 -0.16707858
v -0.11703004 -0.54845810 -0.17503637
v -0.09889818 -0.54788363 -0.18069533
v -0.08054509 -0.54716903 -0.18545607
v -0.06202010 -0.54625869 -0.18960896
v -0.04325003 -0.54506582 -0.19312273
v -0.02396008 -0.54424262 -0.19513622
v -0.00745681 0.19838274 -0.09177143
v -0.02021403 0.21282689 -0.08944218
v -0.03397309 0.22801386 -0.08682896
v -0.04729973 0.24354069 -0.08051207
v -0.05805691 0.26027027 -0.06709681
v -0.12441073 0.25258797 -0.04694720
v -0.12928182 0.24050939 -0.06186720
v -0.13222350 0.22474848 -0.07459460
v -0.13487570 0.20586944 -0.08406791
v -0.13876152 0.18594630 -0.09276198
v -0.14293332 0.16357915 -0.09484047
v -0.14834413 0.14059788 -0.09052967
v -0.15593350 0.11917528 -0.07967354
v -0.16439274 0.10225911 -0.06128437
v -0.17009242 0.09377114 -0.03585905
v -0.09737457 0.25075382 -0.06621171
v -0.12407371 0.02803370 -0.07551999
v -0.11098193 0.18203512 -0.10350201
v -0.09080055 0.26217651 -0.05173976
v -0.03575895 0.21025372 -0.09253576
v -0.14274986 0.09188275 -0.08316304
v -0.12585597 0.17526878 -0.09876062
v -0.11352381 0.24857640 -0.06084153
v -0.11908978 0.21752939 -0.08484498
v -0.06349159 0.24284548 -0.08045615
v -0.16614707 0.07365447 0.01640790
v -0.13264784 0.12998712 -0.09785921
v -0.10827947 0.25865838 -0.04718588
v -0.07444821 0.26786286 -0.05070176
v -0.16626276 0.09217557 -0.04980027
v -0.04444058 0.19955926 -0.09760515
v -0.02186417 0.18978837 -0.09482574
v -0.14281788 0.11797960 -0.08911559
v -0.13151614 0.15188311 -0.09921602
v -0.15477067 0.10335334 -0.07410517
v -0.02815115 -0.53490311 -0.18616617
v -0.02607829 -0.52187580 -0.17623335
v -0.12210910 -0.43466517 -0.11162704
v -0.14780331 -0.29559445 -0.10893812
v -0.20796393 -0.44844911 -0.06177536
v -0.22458109 -0.53734183 0.03081705
v -0.07469867 -0.03723301 -0.08320814
v -0.15374252 0.01180944 -0.00489438
v -0.12353487 0.19674344 -0.09228417
v -0.05423060 0.22143722 -0.09142254
v -0.16452213 0.05070622 0.01353579
v -0.16117744 0.03381792 0.01469230
v -0.16233480 0.04043063 -0.00794074
v -0.02743783 0.17093854 -0.11659232
v -0.15054363 0.07137185 -0.06670592
v -0.11347494 0.14209448 -0.10845599
v -0.10988686 0.16255155 -0.10801610
v -0.08628433 0.17152087 -0.11285730
v -0.06412692 0.14308067 -0.12131510
v -0.08868414 0.14703040 -0.11649287
v -0.06702188 0.16230837 -0.11665625
v -0.07929683 0.12600435 -0.11935736
v -0.10087124 0.12356237 -0.11364157
v -0.04792397 0.16365969 -0.12237074
v -0.08925255 0.10592192 -0.11535004
v -0.12859502 0.10511144 -0.09811505
v -0.04738264 -0.53378022 -0.18209043
v -0.07583582 -0.40580845 -0.10345950
v -0.19133957 -0.27763677 -0.04790760
v -0.07786451 -0.31067535 -0.12529640
v -0.07832246 -0.10047714 -0.08823942
v -0.21147932 -0.38126794 -0.03783939
v -0.23406506 -0.50514603 0.01482875
v -0.22530903 -0.54331911 -0.02990937
v -0.23097391 -0.52230555 -0.02242478
v -0.23218067 -0.51831204 -0.00022309
v -0.22977835 -0.50800413 -0.03261890
v -0.22687416 -0.53833944 -0.00525471
v -0.03543657 0.03409747 -0.10454134
v -0.04417244 -0.00087087 -0.09425300
v -0.15299617 -0.01915070 0.00364974
v -0.02007477 0.09814632 -0.11958104
v -0.06177006 0.19730626 -0.10142031
v -0.08706904 0.21912786 -0.09280417
v -0.10209049 0.22663428 -0.08530616
v -0.11086287 0.23681979 -0.07513701
v -0.10407287 0.20493647 -0.09590685
v -0.08389653 0.19752708 -0.10248680
v -0.16592340 0.06138266 -0.00296732
v -0.16317339 0.05825573 -0.02496155
v -0.15435308 0.01763478 0.02611678
v -0.15987235 0.03508363 0.03244676
v -0.14838399 0.02377545 -0.04080815
v -0.15756781 0.02188176 0.00522135
v -0.15633099 0.02620148 -0.01977321
v -0.15211488 -0.00014309 0.01117198
v -0.15541486 0.05468253 -0.04815160
v -0.14891477 0.01136852 -0.02680445
v -0.01598855 0.17250066 -0.09767891
v -0.03640465 0.17750935 -0.10186508
v -0.12015135 0.12082296 -0.10510691
v -0.02521755 -0.49075124 -0.15394756
v -0.01759226 -0.50505644 -0.16453806
v -0.03376131 -0.42399722 -0.11012305
v -0.19919659 -0.51553279 -0.11764907
v -0.17458411 -0.13532543 0.01247478
v -0.06027762 -0.15997550 -0.10206457
v -0.23049611 -0.52071029 0.02487686
v -0.23137712 -0.49400616 0.03470731
v -0.02328082 0.12995872 -0.12468849
v -0.04540826 0.13746828 -0.12412786
v -0.01797790 0.04032003 -0.10656265
v -0.02811345 -0.03685821 -0.08736992
v -0.15104254 -0.02175743 0.03028270
v -0.05383053 0.18475583 -0.11210558
v -0.07299807 0.21085210 -0.09726936
v -0.07307090 0.22708690 -0.08996196
v -0.08364422 0.23981151 -0.08045436
v -0.09479903 0.18432584 -0.10713271
v -0.07140265 0.18421882 -0.10977041
v -0.15083236 -0.00483206 -0.01189369
v -0.14965014 -0.00134251 0.03045542
v -0.06610323 -0.49944633 -0.15543056
v -0.02591550 -0.37978125 -0.09797207
v -0.04344691 -0.45552599 -0.12732404
v -0.10610799 -0.53547329 -0.16769582
v -0.12181901 -0.53349972 -0.15999228
v -0.20006120 -0.23732270 -0.00782960
v -0.19263145 -0.19616085 0.00324593
v -0.02407022 -0.23405996 -0.12800793
v -0.05478486 -0.19923696 -0.11830059
v -0.17851028 -0.14634873 0.02794135
v -0.15905772 -0.08686899 0.01501895
v -0.03566607 -0.15351759 -0.10265250
v -0.20906733 -0.53583360 -0.07604460
v -0.22564572 -0.53053111 -0.04303185
v -0.23353173 -0.46469212 0.01602596
v -0.21599035 -0.38330004 0.01399150
v -0.22423962 -0.38946825 -0.00430603
v -0.20659935 -0.33079165 -0.00330963
v -0.00841327 0.14252870 -0.12682134
v -0.01774821 0.11592196 -0.12245113
v -0.07943325 0.08290944 -0.11329183
v -0.05967557 0.12510107 -0.12141734
v -0.06581370 0.10365358 -0.11855032
v -0.01926979 0.02178204 -0.10096226
v -0.02339678 0.00376292 -0.09537254
v -0.05263518 0.03272815 -0.10344355
v -0.01975770 0.05905213 -0.11118910
v -0.05868328 0.05785962 -0.10952877
v -0.02296690 0.07839023 -0.11549287
v -0.15242709 -0.01434859 0.01824244
v -0.15300591 -0.03818287 0.01695562
v -0.13893130 0.00710461 -0.04644283
v -0.03319022 -0.34055898 -0.10365370
v -0.02872741 -0.40374628 -0.10169683
v -0.13698359 -0.52201593 -0.14391764
v -0.08576164 -0.53363287 -0.17295052
v -0.19821209 -0.53614533 -0.11440591
v -0.17329755 -0.52859372 -0.13703403
v -0.18626422 -0.54189390 -0.13393372
v -0.20930430 -0.29341671 0.01149079
v -0.20525435 -0.23888388 0.01571765
v -0.19357584 -0.19740020 0.01987504
v -0.18406139 -0.16344438 0.01905485
v -0.18797559 -0.17671661 0.01921178
v -0.00270207 -0.23913059 -0.12858333
v -0.01957373 -0.25163904 -0.13114788
v -0.01980691 -0.21691072 -0.12590744
v -0.01641602 -0.29102689 -0.12210105
v -0.16909635 -0.12144855 0.02508428
v -0.16395418 -0.10233261 0.02868052
v -0.15759955 -0.08178600 0.03087172
v -0.16432957 -0.10494050 0.00868759
v -0.01091420 -0.10773077 -0.09556597
v -0.01861572 -0.12619096 -0.09929702
v -0.01353690 -0.09320851 -0.09417640
v -0.01766194 -0.14520514 -0.10213896
v -0.03036482 -0.13600445 -0.10130253
v -0.01716159 -0.16432190 -0.10711220
v -0.21750836 -0.53811496 -0.05864884
v -0.21204200 -0.51907253 -0.06530488
v -0.22070347 -0.51501113 -0.04917250
v -0.20455599 -0.53878957 -0.09493926
v -0.21077807 -0.50155103 -0.08371305
v -0.21345565 -0.48320854 -0.07697327
v -0.23198096 -0.44135860 -0.00000692
v -0.21168081 -0.36560342 0.01446375
v -0.21622612 -0.35179827 -0.00211745
v -0.22085448 -0.37248719 -0.00366341
v -0.20635352 -0.36159688 -0.04361891
v -0.21508147 -0.36240062 -0.02315670
v -0.20508741 -0.34316713 -0.03819321
v -0.21056937 -0.34433901 -0.02112655
v -0.17997290 -0.31465495 -0.06695898
v -0.19548810 -0.31638151 -0.03928632
v -0.19894417 -0.33155161 -0.02829825
v -0.22880867 -0.42648712 0.01795009
v -0.22321905 -0.40574002 0.01611153
v -0.23357230 -0.46307522 -0.00678821
v -0.23288976 -0.48804113 -0.02154953
v -0.23492049 -0.48370180 0.01335354
v -0.23480949 -0.49764124 -0.00534836
v -0.23332532 -0.50639135 -0.01714457
v -0.02615066 -0.01512895 -0.09093416
v -0.03881989 0.01439147 -0.09884048
v -0.03723850 0.05107354 -0.10915070
v -0.08054428 0.06224733 -0.10787057
v -0.04071326 0.06955914 -0.11334971
v -0.04458134 0.09192087 -0.11810500
v -0.15165241 -0.04120432 0.03352126
v -0.13646948 0.02135359 -0.05917517
v -0.14709432 0.03776582 -0.05416417
v -0.13573284 0.03536905 -0.06879632
v -0.03514159 -0.50498247 -0.16312441
v -0.04610130 -0.51928717 -0.17150626
v -0.05681085 -0.50926107 -0.16305563
v -0.06513685 -0.52980602 -0.17517349
v -0.07510359 -0.51883698 -0.16569214
v -0.01239096 -0.34477282 -0.10164925
v -0.01684781 -0.36249146 -0.09875950
v -0.04962333 -0.40402105 -0.10377459
v -0.00865862 -0.39441779 -0.09986985
v -0.05082904 -0.43742695 -0.11780967
v -0.01403510 -0.43778506 -0.11681210
v -0.01471040 -0.45486128 -0.12919885
v -0.01827050 -0.47143525 -0.14140192
v -0.02985906 -0.44530368 -0.12148827
v -0.15339103 -0.53465128 -0.14625195
v -0.09581432 -0.52024382 -0.15973346
v -0.09850283 -0.50299382 -0.15015399
v -0.20349669 -0.52277762 -0.10534800
v -0.18416190 -0.50559771 -0.12964334
v -0.19961691 -0.27746192 -0.00141496
v -0.21221541 -0.31029242 0.00042426
v -0.21499868 -0.31560087 0.01629448
v -0.19053324 -0.22513455 -0.01663860
v -0.19220297 -0.21835500 0.00991593
v -0.18227319 -0.24853335 -0.05029752
v -0.19338393 -0.23834871 -0.03224290
v -0.20635782 -0.25483429 0.00456855
v -0.18645343 -0.20068732 -0.02525662
v -0.01777831 -0.27441612 -0.12904105
v -0.03890269 -0.24306637 -0.13042617
v -0.07316124 -0.26698655 -0.13063140
v -0.05490572 -0.25163531 -0.13122012
v -0.07361501 -0.24448027 -0.12809679
v -0.04600091 -0.26581761 -0.13151814
v -0.05050674 -0.23074794 -0.12713814
v -0.03076253 -0.20160525 -0.12078329
v -0.01987600 -0.18476573 -0.11490125
v -0.08178204 -0.22384702 -0.12161651
v -0.01937260 -0.32629895 -0.10823770
v -0.15503958 -0.08668150 -0.00613013
v -0.16764168 -0.12358066 -0.00182481
v -0.02688975 -0.11258806 -0.09837792
v -0.03893900 -0.10201275 -0.09485678
v -0.03637338 -0.08221156 -0.09312846
v -0.05193803 -0.14162409 -0.09952162
v -0.05909094 -0.10892939 -0.09335302
v -0.20750934 -0.52295732 -0.08761790
v -0.20537980 -0.50691473 -0.09851313
v -0.19972910 -0.49707153 -0.11510909
v -0.19238217 -0.48443732 -0.12070903
v -0.23213913 -0.44775900 0.01454034
v -0.19017275 -0.35560304 -0.08109039
v -0.20029730 -0.34579271 -0.05692243
v -0.22983927 -0.42098182 0.00224558
v -0.23509358 -0.47854745 -0.00629968
v -0.22228222 -0.46736494 -0.04158175
v -0.21649237 -0.48123115 -0.05614730
v -0.04095078 -0.02881014 -0.08868911
v -0.06891690 0.04649439 -0.10518753
v -0.15431508 -0.06201061 0.02987177
v -0.08590520 0.01797184 -0.09180646
v -0.10743521 -0.00443744 -0.07546975
v -0.13183452 -0.00917622 -0.05222404
v -0.05082151 -0.48874605 -0.15087168
v -0.03468702 -0.48207057 -0.14650257
v -0.04926105 -0.36997145 -0.09782113
v -0.03282672 -0.35807517 -0.09891602
v -0.01479480 -0.41584048 -0.10587256
v -0.03110957 -0.46373600 -0.13439620
v -0.14151604 -0.50144815 -0.13020642
v -0.16250107 -0.51225537 -0.13007046
v -0.15785956 -0.49643168 -0.12278684
v -0.15906815 -0.47450551 -0.12461160
v -0.14227971 -0.47898683 -0.11781197
v -0.12142926 -0.50222641 -0.13858302
v -0.12506773 -0.48351839 -0.12600136
v -0.18889257 -0.52438056 -0.13089538
v -0.18000712 -0.15109177 0.00797768
v -0.17337050 -0.14318067 -0.00905631
v -0.17625685 -0.16399276 -0.02340729
v -0.02666006 -0.26365075 -0.13203326
v -0.03680730 -0.28416210 -0.12784865
v -0.04182777 -0.21543020 -0.12422443
v -0.16216981 -0.12349461 -0.02142814
v -0.15877603 -0.10539945 -0.01491287
v -0.01655340 -0.07109668 -0.08730509
v -0.03350990 -0.05898150 -0.08652477
v -0.03922584 -0.17181958 -0.10920758
v -0.04093103 -0.18613864 -0.11482940
v -0.05922121 -0.08763842 -0.08689226
v -0.05255148 -0.07063067 -0.08952600
v -0.04629178 -0.12186790 -0.09847967
v -0.06244422 -0.12843513 -0.09753407
v -0.20651442 -0.29512954 -0.01208352
v -0.20677510 -0.31490988 -0.01792014
v -0.18776976 -0.32390484 -0.05399143
v -0.23000690 -0.47217351 -0.02639803
v -0.22211559 -0.49156126 -0.03971692
v -0.21272185 -0.46423474 -0.06019510
v -0.20872106 -0.45825455 -0.07832140
v -0.20500548 -0.47250617 -0.09266976
v -0.20530173 -0.48623794 -0.10085899
v -0.20291846 -0.45120364 -0.09617472
v -0.18159150 -0.44716218 -0.11993305
v -0.19388773 -0.43991235 -0.10636457
v -0.17718029 -0.46393958 -0.12482578
v -0.19557866 -0.46144286 -0.11090325
v -0.06096260 -0.02997924 -0.08718022
v -0.05348757 -0.04604219 -0.08597551
v -0.06955061 -0.05562068 -0.08453697
v -0.05000305 -0.01584243 -0.09050690
v -0.15579547 -0.07271934 0.01095312
v -0.15163702 -0.05770168 0.00819284
v -0.10870677 0.01819656 -0.08159329
v -0.09160216 -0.00140976 -0.08413576
v -0.07220623 0.02663356 -0.09884337
v -0.06055865 0.01407292 -0.09669808
v -0.07319450 -0.01703287 -0.08652195
v -0.09578582 -0.02251817 -0.07722765
v -0.12323152 0.00595776 -0.06568624
v -0.11633822 -0.01921029 -0.06599648
v -0.10922933 -0.03883791 -0.06569057
v -0.12780720 -0.03126286 -0.05114024
v -0.13939977 -0.02695151 -0.03635621
v -0.14380413 -0.00757061 -0.03254242
v -0.07410476 -0.34184152 -0.11033215
v -0.04478976 -0.39045513 -0.09885354
v -0.05736919 -0.41849300 -0.11103383
v -0.15249376 -0.45914030 -0.12269768
v -0.18152587 -0.16304943 -0.00511311
v -0.15516631 -0.16581154 -0.05853151
v -0.07231808 -0.14349483 -0.09691978
v -0.07633002 -0.12007467 -0.09400627
v -0.20076455 -0.29471824 -0.03356487
v -0.18044472 -0.26724780 -0.05651886
v -0.21405014 -0.49915296 -0.05824449
v -0.06771019 -0.00182700 -0.09114620
v -0.08859412 -0.04525638 -0.07724302
v -0.13337672 -0.07900368 -0.04429236
v -0.09128547 -0.38002905 -0.10266469
v -0.07045820 -0.37120005 -0.09979081
v -0.12858030 -0.46057159 -0.11311093
v -0.16696660 -0.16569187 -0.04222584
v -0.18198445 -0.22808884 -0.05158242
v -0.09047864 -0.13306373 -0.09040280
v -0.18555161 -0.28948271 -0.06218094
v -0.17404777 -0.30080181 -0.07357687
v -0.17342685 -0.31064162 -0.08769464
v -0.18482161 -0.32743359 -0.07932030
v -0.17775309 -0.37136233 -0.09016415
v -0.07537820 -0.06698577 -0.08197668
v -0.08473455 -0.08092389 -0.07900903
v -0.14057887 -0.06066015 -0.03212943
v -0.11891595 -0.11624609 -0.06850348
v -0.06601898 -0.32431489 -0.11555460
v -0.07759012 -0.39105585 -0.09928649
v -0.12062707 -0.41317654 -0.10786232
v -0.10722622 -0.36988914 -0.11767340
v -0.09846289 -0.40286282 -0.10187866
v -0.11445542 -0.39145488 -0.10846698
v -0.13721034 -0.40180266 -0.11560991
v -0.08755261 -0.36027181 -0.10845520
v -0.11448507 -0.33482969 -0.12694582
v -0.11164326 -0.35213661 -0.12633550
v -0.06773889 -0.35561407 -0.10242671
v -0.07423004 -0.43237936 -0.11721095
v -0.10543434 -0.42701468 -0.10631792
v -0.17088002 -0.24510078 -0.06678183
v -0.17972842 -0.18386795 -0.03125300
v -0.15789895 -0.18354094 -0.06502090
v -0.16822076 -0.18518110 -0.05279891
v -0.17986318 -0.20591648 -0.04492315
v -0.15342709 -0.32338476 -0.10665506
v -0.20786098 -0.38093448 -0.05939854
v -0.13650148 -0.04367472 -0.03728753
v -0.12361529 -0.04814911 -0.05243659
v -0.13014005 -0.06216359 -0.04675898
v -0.14486432 -0.07832778 -0.02614451
v -0.09598105 -0.09526329 -0.08041983
v -0.11070626 -0.09836388 -0.06795315
v -0.12766838 -0.09880067 -0.05199047
v -0.05150961 -0.34898686 -0.10221313
v -0.12436248 -0.36407307 -0.12476666
v -0.14292695 -0.44197515 -0.11972851
v -0.14051555 -0.42130014 -0.11547371
v -0.15399741 -0.40449539 -0.12417053
v -0.18038040 -0.42783147 -0.11519503
v -0.15972923 -0.42333457 -0.12501399
v -0.17499419 -0.40438557 -0.10690592
v -0.18639985 -0.38924670 -0.09379526
v -0.20502801 -0.43420264 -0.08426658
v -0.20746551 -0.42812040 -0.06982857
v -0.20496601 -0.41289127 -0.08077489
v -0.07056829 -0.44747311 -0.12525393
v -0.10714297 -0.46874499 -0.12523271
v -0.16440457 -0.14447401 -0.03091228
v -0.17173350 -0.26001298 -0.06794070
v -0.17071317 -0.21149090 -0.06071220
v -0.18480980 -0.21834376 -0.03386231
v -0.16956536 -0.32883906 -0.09705266
v -0.16125086 -0.31139800 -0.10151639
v -0.14116406 -0.31279686 -0.11413708
v -0.15668853 -0.34159011 -0.10074035
v -0.13640295 -0.33249533 -0.11194836
v -0.16056585 -0.36130697 -0.10041977
v -0.15418231 -0.37268984 -0.11374326
v -0.14114243 -0.36541072 -0.12024649
v -0.17077899 -0.38541824 -0.10400644
v -0.15946552 -0.39286685 -0.11162949
v -0.17738684 -0.34765673 -0.09204125
v -0.20204343 -0.35868353 -0.06488356
v -0.19542947 -0.37181148 -0.07731345
v -0.11505126 -0.05821484 -0.06278273
v -0.12225337 -0.08064015 -0.05782029
v -0.09670506 -0.11177164 -0.08016079
v -0.10633620 -0.13057053 -0.08115873
v -0.13875872 -0.09703264 -0.03845010
v -0.15049808 -0.11120486 -0.03330403
v -0.14697172 -0.09632394 -0.02606323
v -0.15261228 -0.12814143 -0.04054857
v -0.12645878 -0.34795371 -0.11915705
v -0.14357224 -0.35001755 -0.11112973
v -0.21692196 -0.44828561 -0.04389954
v -0.22738004 -0.45152000 -0.02334138
v -0.21449842 -0.40738490 -0.03353283
v -0.20835890 -0.40761635 -0.05694425
v -0.09562254 -0.34793016 -0.12003665
v -0.08934560 -0.32997495 -0.12239216
v -0.05682892 -0.30694014 -0.12377243
v -0.09065560 -0.44216421 -0.11435597
v -0.10831010 -0.45107004 -0.11229070
v -0.08718403 -0.45621851 -0.12696409
v -0.07273746 -0.47028852 -0.13368925
v -0.05201365 -0.47177926 -0.13790524
v -0.06721316 -0.48491603 -0.14571723
v -0.08959945 -0.47190195 -0.13531949
v -0.08464405 -0.48804104 -0.14528473
v -0.10423833 -0.48642960 -0.13865411
v -0.10064587 -0.31484723 -0.12773070
v -0.12434798 -0.31772581 -0.12189205
v -0.08937931 -0.29662940 -0.12918629
v -0.11124086 -0.29651612 -0.12537318
v -0.12967843 -0.29899722 -0.11876691
v -0.05431526 -0.29006234 -0.12849250
v -0.08537686 -0.28280973 -0.12946841
v -0.12477224 -0.38284522 -0.12182173
v -0.14011998 -0.38775018 -0.12448739
v -0.20230725 -0.39360934 -0.07780658
v -0.09905702 -0.06178657 -0.07368578
v -0.10766353 -0.07931228 -0.07195389
v -0.11937930 -0.13838260 -0.07545383
v -0.13779563 -0.11453047 -0.05032234
v -0.13681898 -0.13152100 -0.05934988
v -0.15217239 -0.14552580 -0.05019083
v -0.21957983 -0.43300819 -0.02742104
v -0.13592696 -0.28557843 -0.11376121
v -0.07071421 -0.29704717 -0.12798500
v -0.13713840 -0.14921032 -0.06744694
v -0.08930640 -0.25312507 -0.12670752
v -0.09517653 -0.26783720 -0.12702036
v -0.12898362 -0.26412174 -0.11254109
v -0.12186770 -0.27747908 -0.11899992
v -0.10829855 -0.25841665 -0.12140606
v -0.14428338 -0.25751656 -0.10019225
v -0.16253996 -0.26906365 -0.08771041
v -0.13015570 -0.24494471 -0.10773221
v -0.15924063 -0.25553396 -0.08438471
v -0.14690827 -0.27481994 -0.10418724
v -0.16050573 -0.29100767 -0.09203282
v -0.17375124 -0.27866191 -0.07684910
v -0.12520902 0.08829959 -0.09673262
v -0.13439335 0.06770753 -0.08350520
v -0.09682509 0.07348248 -0.10677759
v -0.14234184 0.05147083 -0.06887548
v -0.10297450 0.08891507 -0.10826182
v -0.10181235 0.05458882 -0.09944199
v -0.12327698 0.04609708 -0.08457133
v -0.10552003 0.03431078 -0.09018683
v -0.08660559 0.03980115 -0.09940228
v -0.14829032 -0.02670485 -0.01622049
v -0.14326201 -0.04160059 -0.02376643
v -0.15093258 -0.03991791 0.00011353
v -0.03921938 0.11488774 -0.12178874
v -0.19052994 -0.26108679 -0.03479560
v -0.19579625 -0.27962258 -0.02445853
v -0.20041750 -0.25757334 -0.01694509
v -0.07714514 -0.19136521 -0.11203066
v -0.09882046 -0.18310331 -0.10286982
v -0.10038157 -0.16507079 -0.09527592
v -0.08380619 -0.15424007 -0.09588993
v -0.08011926 -0.17163640 -0.10359825
v -0.05915142 -0.17892461 -0.11017883
v -0.14123729 -0.17140067 -0.07471371
v -0.12150154 -0.17558394 -0.08964785
v -0.11381560 -0.19343494 -0.10079738
v -0.14993876 -0.06571266 -0.00937914
v -0.14693093 -0.04851517 -0.01165549
v -0.16804700 -0.22923914 -0.06949129
v -0.04398080 -0.32281700 -0.11373839
v -0.10296915 -0.22189032 -0.11512866
v -0.11913656 -0.20995986 -0.10397368
v -0.09734997 -0.24096186 -0.12209039
v -0.14286385 -0.21504535 -0.08995980
v -0.12855831 -0.22744124 -0.10398068
v -0.14681774 -0.23844627 -0.09312887
v -0.14876245 -0.19725020 -0.07965522
v -0.16057393 -0.19792116 -0.06816579
v -0.15601978 -0.21562311 -0.07866120
v -0.13401283 -0.19557735 -0.09026622
v -0.14159669 -0.18505679 -0.08084600
v -0.09306047 -0.20478848 -0.11272561
v -0.06830312 -0.21055935 -0.12019030
v -0.12063805 -0.15868767 -0.08343946
v -0.10265915 -0.14979869 -0.08936477
v -0.16199610 0.09430136 0.04418321
v 0.16210043 0.08595048 0.06682253
v 0.16657110 0.09620296 0.03686270
v 0.15223809 0.11499853 0.07852513
v 0.04519182 0.06458824 0.16208798
v 0.11686115 0.09215831 0.14092657
v 0.07285741 0.20962465 -0.09737185
v 0.15049534 0.10038958 -0.07406884
v 0.16607966 0.07899339 -0.00073090
v 0.16659135 0.08918139 0.00603148
v 0.14049098 0.11295518 -0.08710859
v 0.16377135 0.06111408 -0.00494398
v -0.07648410 0.25513282 -0.06756329
v -0.16360238 0.07730326 -0.04356696
v -0.15731147 0.03968607 -0.03234254
v -0.16251944 0.09160606 -0.05842727
v -0.16780780 0.07691193 -0.01710821
v -0.17057063 0.08965692 -0.01304056
v -0.16753770 0.08795550 0.01212103
v -0.15776676 0.08609933 -0.06306557
v -0.11615555 0.06913870 -0.09708495
v -0.22785161 -0.44046023 0.03763762
v -0.16335180 -0.51424068 0.21143739
v -0.10577036 0.25404999 -0.00267090
v -0.10761731 -0.51814121 0.21435656
v -0.18915996 -0.43570763 0.17506465
v -0.05534857 -0.45990026 0.17565045
v -0.04469859 -0.48511094 0.19271144
v 0.00961565 -0.40918994 0.14927717
v -0.20327376 -0.23907408 0.05058223
v -0.10182160 -0.01978969 0.11539114
v -0.21113074 -0.36175558 0.08974621
v -0.07987059 -0.18486300 0.15673843
v -0.08850568 -0.10519797 0.14220561
v -0.16717832 -0.27241755 0.12309209
v -0.19075659 -0.34037986 0.14198345
v -0.13914536 -0.12679273 0.10454366
v -0.15837839 -0.18496461 0.09972845
v -0.19783682 -0.36437428 0.13970657
v -0.07521874 -0.27295747 0.13820633
v 0.07926425 -0.52546763 0.23248740
v 0.21400146 -0.43267447 0.15954673
v 0.04896354 -0.42132103 0.16449848
v 0.02253444 -0.20710219 0.17816435
v 0.22496334 -0.40486494 0.11832251
v 0.08186673 -0.17280561 0.15907675
v 0.21605730 -0.39545399 0.14037739
v 0.20261110 -0.30574328 0.09644341
v 0.05596670 0.17852217 -0.10312513
v 0.10831940 0.12265716 -0.10822211
v -0.01120329 0.15734035 -0.12642954
v 0.13099152 0.00081215 -0.04849737
v 0.03767472 0.15468776 -0.12234757
v 0.19368745 -0.25360277 0.01778989
v 0.02116885 -0.43183506 -0.11184206
v 0.08773676 -0.52082729 -0.15798378
v 0.09844076 -0.53328836 -0.16438155
v 0.04737429 -0.43441036 -0.11182805
v -0.00841681 -0.20265970 -0.12194841
v 0.16514269 -0.11757417 -0.00618245
v 0.15544941 -0.06458339 0.02015694
v 0.07924082 -0.27776843 -0.13083510
v 0.20924208 -0.45885625 -0.08913179
v 0.12800832 -0.44479680 -0.12280605
v 0.17889541 -0.41396874 -0.11285216
v 0.04159822 -0.30580932 -0.12230806
v 0.11878552 -0.12160651 -0.07232501
v 0.10916948 -0.14435242 -0.08496694
v 0.08107853 -0.15266588 -0.09722510
v 0.10238446 -0.30659011 -0.12557657
v 0.12097981 -0.31540170 -0.11478364
v 0.09098423 -0.25976339 -0.12604332
v 0.10925692 -0.25710100 -0.11861930
v 0.20008777 -0.29751149 -0.02559738
v -0.20131747 -0.27426344 0.01667369
v -0.11317956 0.10451344 -0.10683010
v -0.22795896 -0.53164810 0.01402147
v -0.03015184 0.15027183 -0.11974259
v -0.11464719 -0.51982445 -0.15199368
v -0.13482995 -0.54065126 -0.15975632
v -0.19155404 -0.20384334 -0.00974316
v -0.18490151 -0.18007030 -0.01222018
v -0.16607931 -0.44498828 -0.12474108
v -0.19239266 -0.33993414 -0.07422616
v -0.19203305 -0.41150793 -0.09254090
v -0.21018752 -0.43267807 -0.04685527
v -0.22815239 -0.42773694 -0.01077574
v -0.08054588 -0.50118762 -0.15441683
v -0.10319443 -0.27917525 -0.12619935
v -0.11724818 -0.24164003 -0.11396307
v -0.21668822 -0.53709000 0.10943560
v -0.03135386 -0.33030957 0.16286138
v -0.09384586 -0.46639881 0.18815488
v -0.03994074 -0.41391897 0.15958495
v -0.12833735 -0.05117580 0.09003057
v -0.13653740 0.01574712 0.08433378
v -0.13060945 -0.07402921 0.09659888
v -0.21588251 -0.48364809 0.10844043
v -0.09700900 -0.11537123 0.13872571
v -0.12602700 0.05706604 0.13608435
v -0.19457133 -0.27417207 0.09594475
v -0.05710913 -0.27655602 0.14101981
v 0.02808386 -0.53179216 0.24668004
v 0.19665372 -0.52475631 0.19838324
v 0.22645201 -0.43225363 0.04163864
v 0.08913715 -0.39813161 0.16706051
v 0.22776118 -0.44557846 0.13138059
v 0.02476586 -0.28093529 0.16433260
v 0.15651661 -0.39814723 0.17229299
v 0.03589553 0.12714966 -0.12456738
v 0.02054729 0.16927357 -0.11711612
v 0.05060416 -0.09264179 -0.08780278
v 0.19918557 -0.50456280 -0.10801700
v 0.14996289 -0.51934451 -0.15172014
v 0.06029765 -0.11006164 -0.08870740
v 0.21637590 -0.43408328 -0.06246867
v 0.18920515 -0.30100644 -0.05311667
v 0.19519481 -0.36706740 -0.08059892
v 0.18143578 -0.37924886 -0.08523422
v 0.19645499 -0.31588218 -0.04635708
v 0.12441738 -0.23096533 -0.10724217
v 0.11590457 -0.23592035 -0.11290711
v -0.16794994 0.07863434 0.00082926
v -0.16430171 0.05664483 0.02784292
v -0.21953318 -0.38806400 -0.02110528
v -0.06263127 0.08008529 -0.11445405
v -0.20803404 -0.33882818 0.01832599
v -0.22708400 -0.40641865 -0.00365979
v -0.22209127 -0.40645993 -0.02154811
v -0.06088857 -0.39139169 -0.09893999
v -0.15588185 -0.23305239 -0.08351410
v -0.02405380 -0.31169847 -0.11511604
v -0.05437008 -0.33613998 -0.10741538
v -0.19073318 -0.30012202 -0.05382942
v -0.17378603 -0.48563999 -0.12739900
v -0.08204303 -0.42087260 -0.11021987
v -0.19163816 -0.42235598 -0.10246162
v -0.03814997 -0.30218908 -0.12268644
v -0.06674629 -0.28005219 -0.13055132
v 0.08493243 -0.31825042 -0.13237320
f 26 27 142
f 29 105 28
f 142 27 28
f 142 25 26
f 38 39 129
f 164 134 163
f 135 164 23
f 126 35 36
f 44 45 116
f 191 21 22
f 36 37 125
f 19 238 239
f 210 211 255
f 40 120 39
f 30 2372 105
f 19 239 18
f 2372 113 106
f 105 29 30
f 111 104 154
f 353 18 239
f 34 35 122
f 589 91 586
f 81 82 83
f 585 587 112
f 288 192 286
f 75 103 199
f 294 269 17
f 93 94 204
f 10 533 229
f 277 11 12
f 587 145 112
f 15 267 14
f 49 169 736
f 87 118 2305
f 5 231 4
f 81 83 111
f 189 2 2405
f 1862 163 22
f 31 32 113
f 189 188 2
f 231 284 4
f 150 166 105
f 96 160 95
f 206 209 208
f 172 91 92
f 123 118 88
f 109 44 116
f 2305 108 86
f 111 154 114
f 84 104 83
f 79 80 114
f 117 174 113
f 584 127 588
f 75 76 103
f 91 172 586
f 235 161 190
f 155 120 40
f 125 37 38
f 582 128 153
f 118 123 124
f 43 44 109
f 124 123 127
f 121 109 128
f 123 89 127
f 45 46 110
f 58 220 219
f 110 100 116
f 46 139 110
f 177 178 99
f 151 33 34
f 585 78 583
f 47 101 46
f 117 33 151
f 196 50 51
f 33 117 32
f 242 55 300
f 119 155 41
f 42 121 119
f 221 218 220
f 122 175 151
f 53 194 240
f 110 116 45
f 240 2310 816
f 114 584 583
f 127 89 90
f 86 108 85
f 139 46 101
f 41 42 119
f 118 124 154
f 74 75 198
f 199 750 198
f 112 77 78
f 79 583 78
f 108 104 84
f 109 121 43
f 104 111 83
f 2305 86 87
f 118 87 88
f 81 111 80
f 117 113 32
f 123 88 89
f 108 84 85
f 114 583 79
f 119 121 128
f 126 122 35
f 588 586 587
f 66 67 230
f 121 42 43
f 114 154 124
f 30 31 2372
f 104 108 2305
f 118 154 2305
f 750 140 73
f 100 177 181
f 71 252 70
f 111 114 80
f 461 136 352
f 280 230 278
f 223 852 270
f 125 126 36
f 155 40 41
f 175 122 126
f 129 125 38
f 405 183 404
f 130 129 120
f 115 130 405
f 120 2306 130
f 115 212 2304
f 322 318 319
f 227 532 410
f 230 342 65
f 161 189 190
f 135 165 164
f 245 52 921
f 698 169 48
f 100 110 139
f 100 139 138
f 138 139 48
f 148 143 145
f 171 72 73
f 147 246 102
f 205 92 93
f 148 144 143
f 166 142 105
f 135 25 142
f 23 24 135
f 145 143 77
f 145 149 148
f 144 103 143
f 143 76 77
f 103 102 199
f 112 145 77
f 144 147 102
f 146 173 304
f 149 145 587
f 149 146 148
f 586 149 587
f 144 148 304
f 166 150 97
f 237 150 106
f 113 2372 31
f 460 2307 107
f 151 175 176
f 151 34 122
f 109 152 128
f 128 152 153
f 109 116 181
f 153 152 99
f 99 152 177
f 152 109 181
f 99 178 2309
f 589 127 90
f 2306 120 155
f 419 411 420
f 270 271 328
f 363 496 534
f 282 395 446
f 345 235 285
f 208 141 206
f 188 233 160
f 21 191 2303
f 164 163 1862
f 163 134 192
f 23 164 1862
f 166 165 135
f 346 165 97
f 134 164 165
f 165 166 97
f 142 166 135
f 350 238 351
f 416 415 411
f 261 215 216
f 215 261 2308
f 298 299 2373
f 301 433 2373
f 214 179 2309
f 2309 178 213
f 137 177 138
f 48 169 138
f 72 71 864
f 253 201 251
f 203 95 483
f 172 92 205
f 146 205 173
f 172 205 146
f 205 204 173
f 249 173 206
f 106 113 174
f 150 2372 106
f 151 174 117
f 176 254 174
f 175 210 176
f 311 310 210
f 169 137 138
f 178 177 137
f 256 261 216
f 178 137 213
f 2309 179 180
f 214 2309 213
f 49 213 137
f 185 2374 182
f 183 582 184
f 152 181 177
f 180 184 153
f 582 153 184
f 115 405 457
f 184 180 185
f 182 183 184
f 2308 261 314
f 184 185 182
f 314 2374 185
f 318 320 277
f 353 239 293
f 411 415 431
f 370 273 334
f 7 8 228
f 282 446 2377
f 435 591 434
f 533 11 277
f 278 67 68
f 281 342 230
f 308 307 302
f 342 281 374
f 133 233 235
f 483 95 160
f 1 2 2282
f 188 161 233
f 483 484 450
f 209 204 203
f 190 189 234
f 188 189 161
f 284 190 234
f 193 162 236
f 163 191 22
f 346 237 2379
f 238 20 351
f 293 239 350
f 265 57 218
f 197 51 52
f 921 2310 245
f 197 52 168
f 168 52 245
f 196 213 50
f 199 198 75
f 144 102 103
f 140 199 102
f 249 304 173
f 403 356 306
f 70 305 69
f 140 171 73
f 202 72 171
f 171 247 251
f 252 202 201
f 203 204 94
f 95 203 94
f 173 204 206
f 205 93 204
f 208 209 207
f 483 160 484
f 307 309 302
f 204 209 206
f 483 209 203
f 349 254 310
f 286 192 134
f 254 176 310
f 151 176 174
f 211 126 212
f 255 107 311
f 211 175 126
f 211 312 255
f 357 212 115
f 125 2304 126
f 312 211 212
f 50 213 49
f 214 213 196
f 214 196 215
f 215 197 168
f 297 259 258
f 258 259 257
f 216 215 168
f 217 168 245
f 217 194 258
f 257 464 256
f 168 217 2375
f 185 180 179
f 153 99 180
f 2309 180 99
f 100 138 177
f 116 100 181
f 185 179 2308
f 262 58 59
f 263 59 60
f 243 355 242
f 262 220 58
f 262 361 468
f 57 219 218
f 218 219 220
f 508 517 506
f 266 355 243
f 409 221 220
f 368 15 16
f 186 2311 267
f 271 955 62
f 273 62 63
f 329 272 328
f 224 333 61
f 263 361 262
f 592 226 6
f 592 6 225
f 7 225 6
f 226 337 283
f 282 231 232
f 6 226 274
f 228 8 187
f 187 8 227
f 187 276 228
f 228 225 7
f 229 9 1885
f 227 8 9
f 10 11 533
f 227 229 532
f 9 229 227
f 230 67 278
f 279 68 69
f 281 280 159
f 369 335 342
f 232 231 5
f 454 399 480
f 160 96 188
f 235 233 161
f 484 233 133
f 189 3 234
f 285 190 284
f 235 190 285
f 193 236 20
f 191 192 193
f 163 192 191
f 150 237 97
f 237 106 348
f 239 238 350
f 236 351 20
f 293 350 167
f 294 18 353
f 326 269 325
f 245 240 217
f 295 53 241
f 299 54 55
f 241 195 295
f 241 54 299
f 299 242 2373
f 57 265 56
f 221 244 266
f 196 51 197
f 240 245 2310
f 304 250 147
f 246 200 247
f 102 246 140
f 170 247 200
f 171 251 202
f 140 247 171
f 246 247 140
f 200 248 170
f 200 246 147
f 309 141 208
f 248 200 250
f 304 147 144
f 250 249 141
f 247 170 251
f 253 251 170
f 141 249 206
f 202 252 71
f 356 252 201
f 356 305 252
f 338 339 279
f 201 202 251
f 254 106 174
f 106 254 348
f 211 210 175
f 257 256 2375
f 2375 256 216
f 464 260 256
f 258 257 2375
f 464 257 359
f 297 258 194
f 260 98 314
f 179 214 2308
f 263 262 59
f 264 263 60
f 361 263 264
f 60 333 264
f 315 361 264
f 316 361 317
f 266 265 218
f 300 56 243
f 221 266 218
f 266 244 355
f 13 14 2311
f 319 186 323
f 368 267 15
f 268 222 16
f 268 17 269
f 16 222 368
f 222 268 269
f 271 270 955
f 223 270 328
f 273 271 62
f 330 332 377
f 329 328 271
f 329 331 272
f 334 63 64
f 64 65 335
f 369 336 370
f 275 226 283
f 226 275 274
f 5 275 232
f 337 226 592
f 276 434 228
f 227 410 187
f 499 187 410
f 410 470 499
f 568 131 2380
f 187 499 276
f 435 434 2318
f 277 531 533
f 279 278 68
f 305 279 69
f 338 279 305
f 339 280 278
f 371 340 159
f 230 65 66
f 335 65 342
f 373 281 159
f 281 373 374
f 283 282 232
f 283 343 282
f 231 282 2377
f 283 232 275
f 392 395 343
f 4 284 234
f 284 2377 285
f 446 344 399
f 134 165 346
f 346 97 237
f 134 346 286
f 288 347 287
f 347 286 2379
f 288 287 292
f 351 290 289
f 162 292 290
f 292 162 288
f 192 288 162
f 292 291 290
f 291 352 289
f 291 289 290
f 167 289 352
f 417 293 2313
f 269 294 325
f 194 53 295
f 298 296 195
f 354 474 512
f 297 194 295
f 298 433 296
f 299 298 195
f 242 299 55
f 265 243 56
f 242 300 243
f 425 354 296
f 309 208 303
f 450 485 453
f 208 207 303
f 250 141 248
f 250 304 249
f 252 305 70
f 201 253 306
f 308 403 306
f 307 306 253
f 306 307 308
f 302 309 303
f 447 302 303
f 403 308 481
f 248 309 307
f 309 248 141
f 170 248 307
f 310 176 210
f 311 107 578
f 310 311 563
f 255 311 210
f 512 259 354
f 256 260 261
f 2308 314 185
f 260 314 261
f 315 391 317
f 264 333 360
f 361 315 317
f 318 277 12
f 318 322 320
f 12 13 318
f 2311 318 13
f 267 2311 14
f 318 2311 319
f 366 545 323
f 502 321 364
f 321 320 322
f 364 321 322
f 321 157 365
f 323 322 319
f 324 323 186
f 186 267 367
f 2313 412 417
f 269 326 222
f 411 327 326
f 590 328 272
f 273 329 271
f 330 329 273
f 330 370 332
f 377 375 376
f 378 379 331
f 330 331 329
f 377 332 375
f 360 224 593
f 333 224 360
f 335 334 64
f 374 398 336
f 273 370 330
f 338 305 356
f 339 338 371
f 278 279 339
f 230 280 281
f 481 372 403
f 302 482 308
f 341 397 398
f 282 343 395
f 340 441 439
f 284 231 2377
f 401 2377 446
f 441 442 455
f 456 451 345
f 286 346 2379
f 402 348 349
f 348 254 349
f 563 349 310
f 289 167 350
f 290 351 236
f 350 351 289
f 519 520 575
f 414 352 136
f 414 167 352
f 353 293 417
f 294 353 325
f 195 297 295
f 297 296 354
f 242 355 2373
f 266 243 265
f 503 355 244
f 2373 355 301
f 306 356 201
f 338 356 403
f 400 449 447
f 481 442 372
f 357 312 212
f 98 260 462
f 255 312 406
f 466 464 465
f 465 359 530
f 259 359 257
f 360 388 315
f 264 360 315
f 316 409 468
f 384 385 382
f 388 391 315
f 323 364 322
f 366 430 545
f 368 367 267
f 327 368 222
f 367 324 186
f 367 327 419
f 368 327 367
f 326 327 222
f 424 418 2316
f 334 335 369
f 369 370 334
f 332 370 336
f 371 159 280
f 439 159 340
f 339 371 280
f 403 372 371
f 340 371 372
f 439 373 159
f 374 373 341
f 398 374 341
f 342 374 369
f 373 439 341
f 375 445 376
f 336 375 332
f 478 568 386
f 379 380 158
f 331 377 378
f 379 378 380
f 388 360 593
f 590 272 158
f 379 272 331
f 382 158 384
f 384 158 380
f 388 387 391
f 380 381 384
f 542 499 470
f 387 385 2314
f 394 393 438
f 593 158 382
f 378 383 2315
f 438 376 445
f 477 492 436
f 382 385 387
f 131 568 541
f 568 2380 386
f 437 386 383
f 2315 383 386
f 378 377 383
f 377 376 383
f 2380 2315 386
f 378 2315 380
f 2314 385 436
f 382 387 388
f 436 385 477
f 2314 391 387
f 317 391 390
f 2376 479 392
f 395 2312 344
f 2376 392 343
f 337 2376 283
f 394 445 396
f 393 437 438
f 2312 392 394
f 393 394 392
f 396 2312 394
f 344 2312 132
f 446 395 344
f 132 2312 396
f 398 396 445
f 396 398 397
f 443 444 132
f 447 303 448
f 345 285 401
f 2381 453 451
f 448 450 453
f 235 345 133
f 133 345 451
f 286 347 288
f 402 347 2379
f 348 2379 237
f 359 259 512
f 354 259 297
f 549 508 507
f 338 403 371
f 2306 405 130
f 358 407 457
f 182 404 183
f 183 405 2306
f 457 405 404
f 406 107 255
f 107 406 460
f 312 407 406
f 407 358 489
f 357 407 312
f 313 467 528
f 2374 490 488
f 464 359 465
f 363 534 156
f 363 156 316
f 537 409 156
f 468 409 220
f 156 409 316
f 321 365 320
f 320 365 531
f 531 277 320
f 470 410 469
f 323 324 366
f 167 414 2313
f 2313 414 413
f 412 2313 413
f 428 412 413
f 416 412 415
f 416 411 326
f 415 412 428
f 325 416 326
f 419 420 2382
f 411 419 327
f 367 419 324
f 420 424 421
f 427 426 431
f 433 301 504
f 476 2320 518
f 432 429 426
f 546 418 509
f 421 430 366
f 425 422 474
f 431 415 427
f 476 413 414
f 415 428 427
f 555 557 516
f 430 421 2316
f 548 473 430
f 565 538 566
f 355 503 301
f 507 506 505
f 513 474 517
f 518 413 476
f 426 418 424
f 510 554 509
f 431 426 424
f 558 432 423
f 429 418 426
f 433 425 296
f 425 433 511
f 374 336 369
f 375 336 398
f 479 478 437
f 479 437 393
f 2318 434 276
f 568 435 541
f 478 435 568
f 436 492 493
f 2314 436 389
f 438 437 383
f 376 438 383
f 394 438 445
f 443 439 441
f 442 441 340
f 456 399 454
f 340 372 442
f 441 440 443
f 308 482 481
f 455 442 486
f 443 440 444
f 440 452 454
f 132 397 443
f 341 443 397
f 454 444 440
f 132 444 480
f 398 445 375
f 401 446 399
f 448 303 207
f 400 486 449
f 448 207 450
f 400 447 448
f 447 449 482
f 450 207 483
f 450 484 485
f 452 2381 456
f 133 451 485
f 456 454 452
f 453 400 448
f 455 452 440
f 2381 452 486
f 485 451 453
f 400 453 2381
f 454 480 444
f 441 455 440
f 486 442 449
f 345 401 456
f 457 357 115
f 357 457 407
f 488 457 404
f 182 488 404
f 523 458 313
f 526 291 487
f 573 461 526
f 459 579 2307
f 581 576 577
f 291 461 352
f 98 408 490
f 462 260 464
f 408 98 462
f 408 463 490
f 457 488 358
f 458 489 313
f 408 466 467
f 462 464 466
f 466 465 529
f 462 466 408
f 408 467 463
f 262 468 220
f 316 468 361
f 469 365 2319
f 472 470 2319
f 531 365 469
f 469 2319 470
f 276 499 2318
f 477 131 498
f 472 542 470
f 471 492 498
f 544 493 494
f 472 471 542
f 501 430 473
f 502 545 501
f 156 534 536
f 474 422 517
f 524 528 525
f 425 474 354
f 461 573 559
f 136 476 414
f 559 2320 476
f 131 477 381
f 437 478 386
f 392 479 393
f 478 591 435
f 443 341 439
f 399 344 480
f 132 480 344
f 449 442 481
f 447 482 302
f 481 482 449
f 209 483 207
f 233 484 160
f 484 133 485
f 2381 486 400
f 455 486 452
f 2374 488 182
f 490 2374 98
f 292 487 291
f 347 402 562
f 287 487 292
f 576 526 487
f 358 488 490
f 467 313 463
f 523 528 524
f 406 407 489
f 463 489 358
f 490 463 358
f 529 465 491
f 530 512 513
f 557 525 529
f 469 532 531
f 531 532 533
f 498 492 477
f 492 471 494
f 472 495 494
f 493 492 494
f 472 494 471
f 495 157 543
f 493 362 389
f 497 389 362
f 389 436 493
f 362 564 496
f 389 497 390
f 496 363 497
f 363 390 497
f 542 498 541
f 541 2318 542
f 501 545 430
f 502 501 500
f 569 538 565
f 544 494 495
f 500 543 502
f 321 502 157
f 364 323 545
f 503 567 504
f 244 221 2383
f 505 504 567
f 433 504 511
f 503 504 301
f 507 508 506
f 422 425 511
f 505 506 511
f 549 510 508
f 549 507 550
f 418 429 509
f 515 594 522
f 522 429 558
f 511 504 505
f 511 506 422
f 359 512 530
f 513 512 474
f 514 513 475
f 513 516 530
f 514 515 571
f 555 516 514
f 594 510 522
f 491 530 516
f 514 516 513
f 513 517 475
f 506 517 422
f 517 508 475
f 2317 427 518
f 574 573 580
f 427 428 518
f 413 518 428
f 520 2317 2320
f 518 2320 2317
f 570 556 572
f 520 423 2317
f 520 519 423
f 519 521 423
f 429 432 558
f 571 555 514
f 521 558 423
f 558 515 522
f 556 521 519
f 521 571 558
f 559 574 2320
f 523 459 460
f 524 560 561
f 458 523 460
f 313 528 523
f 570 557 555
f 525 570 560
f 291 526 461
f 581 526 576
f 402 349 527
f 578 577 527
f 529 528 467
f 525 528 529
f 529 467 466
f 529 491 557
f 465 530 491
f 410 532 469
f 229 533 532
f 535 496 564
f 534 496 535
f 552 553 547
f 540 507 505
f 535 551 534
f 362 493 539
f 535 564 565
f 552 547 554
f 2321 536 551
f 534 551 536
f 409 537 221
f 536 2321 537
f 156 536 537
f 2321 2383 537
f 501 538 500
f 473 538 501
f 566 553 565
f 540 505 567
f 544 539 493
f 566 538 473
f 541 498 131
f 471 498 542
f 502 543 157
f 569 543 500
f 500 538 569
f 364 545 502
f 547 566 473
f 418 546 548
f 547 548 546
f 550 507 540
f 510 549 554
f 549 550 552
f 553 551 535
f 565 553 535
f 551 552 550
f 547 553 566
f 552 551 553
f 546 554 547
f 552 554 549
f 546 509 554
f 509 429 522
f 509 522 510
f 555 571 556
f 570 572 560
f 521 556 571
f 556 519 572
f 516 557 491
f 515 558 571
f 561 560 572
f 524 525 560
f 575 561 572
f 523 524 459
f 562 287 347
f 487 562 576
f 287 562 487
f 527 562 402
f 577 562 527
f 577 579 581
f 362 496 497
f 539 564 362
f 539 565 564
f 565 539 569
f 244 567 503
f 2383 567 244
f 537 2383 221
f 2321 540 2383
f 550 540 2321
f 2318 541 435
f 544 495 543
f 544 569 539
f 543 569 544
f 548 547 473
f 557 570 525
f 556 570 555
f 519 575 572
f 581 580 573
f 580 575 574
f 520 574 575
f 559 573 574
f 559 136 461
f 476 136 559
f 580 561 575
f 577 576 562
f 527 563 578
f 578 563 311
f 580 579 459
f 526 581 573
f 577 578 579
f 561 580 459
f 580 581 579
f 582 2306 119
f 585 112 78
f 124 584 114
f 127 584 124
f 583 584 585
f 149 586 172
f 588 587 585
f 584 588 585
f 589 588 127
f 91 589 90
f 588 589 586
f 593 590 158
f 328 590 223
f 225 434 591
f 592 591 2378
f 434 225 228
f 388 593 382
f 594 475 508
f 514 475 515
f 475 594 515
f 510 594 508
f 688 632 631
f 722 623 622
f 49 812 50
f 625 727 728
f 682 689 687
f 1109 669 699
f 240 816 53
f 786 785 772
f 638 2384 101
f 722 683 623
f 637 636 671
f 60 59 2325
f 686 628 2385
f 682 631 630
f 687 677 682
f 684 2385 627
f 736 169 698
f 674 649 648
f 2389 888 57
f 727 624 683
f 2325 59 887
f 59 58 887
f 56 2389 57
f 724 664 787
f 637 2384 638
f 874 878 731
f 744 641 640
f 61 850 852
f 726 727 683
f 62 955 849
f 685 671 636
f 673 667 699
f 676 663 645
f 68 67 855
f 672 700 673
f 1097 738 739
f 667 702 705
f 714 620 619
f 803 909 910
f 644 669 676
f 639 74 661
f 751 749 750
f 674 668 729
f 74 198 661
f 704 654 703
f 639 661 711
f 671 685 660
f 683 752 726
f 730 762 2385
f 642 673 643
f 629 686 689
f 681 680 633
f 668 647 663
f 674 647 668
f 645 663 646
f 644 676 645
f 795 688 677
f 676 729 668
f 730 2385 684
f 708 662 709
f 699 669 643
f 626 625 728
f 1109 1108 675
f 686 629 628
f 684 627 626
f 682 688 631
f 681 688 795
f 624 727 625
f 621 679 723
f 624 623 683
f 607 885 608
f 621 723 622
f 682 677 688
f 716 679 714
f 762 760 687
f 714 618 617
f 715 714 617
f 681 632 688
f 628 627 2385
f 714 619 618
f 682 630 689
f 757 835 795
f 729 676 669
f 723 679 716
f 677 760 757
f 674 729 675
f 620 679 621
f 728 684 626
f 701 702 700
f 658 809 659
f 673 642 672
f 47 638 101
f 733 891 954
f 806 808 805
f 637 671 2384
f 811 809 2283
f 707 655 704
f 632 681 633
f 660 697 671
f 672 642 641
f 674 675 650
f 652 1108 705
f 674 650 649
f 648 647 674
f 714 679 620
f 675 651 650
f 687 689 686
f 705 702 653
f 1091 1041 989
f 676 668 663
f 717 725 724
f 943 873 872
f 633 680 634
f 805 597 596
f 1108 651 675
f 878 925 930
f 744 745 708
f 598 960 952
f 960 987 800
f 644 643 669
f 891 845 847
f 685 636 635
f 665 837 743
f 629 689 630
f 635 634 680
f 911 804 909
f 737 657 656
f 72 815 73
f 1109 699 667
f 817 2386 1048
f 773 1105 774
f 660 693 698
f 697 660 698
f 698 693 736
f 139 101 48
f 2384 671 697
f 48 697 698
f 729 669 1109
f 667 705 1109
f 700 666 701
f 667 700 702
f 673 700 667
f 666 700 672
f 709 706 701
f 704 655 654
f 701 666 709
f 703 702 701
f 653 702 703
f 703 701 704
f 653 703 654
f 706 704 701
f 704 706 707
f 652 705 653
f 706 709 662
f 656 655 707
f 748 858 747
f 707 706 713
f 745 744 640
f 662 713 706
f 712 813 710
f 863 859 861
f 744 666 672
f 709 666 708
f 711 640 639
f 749 711 661
f 708 747 662
f 198 750 661
f 751 750 73
f 694 746 749
f 1092 735 1093
f 858 713 662
f 738 713 712
f 715 617 616
f 716 714 715
f 615 715 616
f 720 725 717
f 719 723 718
f 752 670 726
f 719 718 717
f 720 718 753
f 719 717 670
f 717 724 670
f 787 781 724
f 721 715 615
f 755 740 754
f 723 722 622
f 722 719 752
f 723 716 718
f 722 723 719
f 696 725 720
f 664 724 725
f 718 720 717
f 754 696 720
f 727 726 678
f 728 727 678
f 675 729 1109
f 681 834 680
f 680 834 665
f 684 728 869
f 840 605 838
f 1011 1010 973
f 55 890 300
f 601 847 602
f 854 805 808
f 1068 989 1090
f 804 64 63
f 1068 1065 1066
f 857 793 833
f 736 693 867
f 712 739 738
f 809 658 2285
f 738 707 713
f 739 712 710
f 707 738 737
f 739 710 997
f 739 997 1094
f 202 71 72
f 70 865 71
f 922 816 2310
f 695 968 923
f 610 609 819
f 880 886 606
f 753 716 715
f 743 742 660
f 693 660 742
f 743 660 685
f 867 693 823
f 665 743 2322
f 742 743 826
f 666 744 708
f 641 744 672
f 745 640 711
f 746 745 711
f 708 745 747
f 749 746 711
f 747 746 748
f 745 746 747
f 748 746 694
f 859 813 748
f 748 813 858
f 749 751 694
f 859 748 694
f 661 750 749
f 815 751 73
f 820 751 815
f 722 752 683
f 670 752 719
f 716 753 718
f 721 753 715
f 615 614 755
f 755 721 615
f 755 754 721
f 613 755 614
f 1047 740 817
f 696 754 740
f 728 678 869
f 757 795 677
f 756 761 760
f 766 759 761
f 759 757 761
f 765 768 758
f 836 757 759
f 769 770 772
f 776 758 769
f 759 765 758
f 769 758 768
f 776 836 758
f 677 687 760
f 762 687 686
f 760 761 757
f 763 821 756
f 756 760 762
f 730 763 762
f 756 762 763
f 822 764 767
f 767 766 822
f 783 765 766
f 759 766 765
f 783 766 767
f 774 768 783
f 774 1105 771
f 770 769 768
f 771 784 770
f 776 775 777
f 771 768 774
f 770 784 779
f 782 767 764
f 771 1107 784
f 770 768 771
f 785 769 772
f 825 775 790
f 777 825 824
f 785 790 775
f 777 775 825
f 782 773 767
f 773 774 783
f 775 776 769
f 793 857 790
f 824 825 823
f 776 777 871
f 837 665 796
f 779 792 786
f 779 2387 830
f 764 822 916
f 787 788 781
f 782 866 780
f 670 724 791
f 764 916 866
f 724 781 791
f 773 783 767
f 779 784 2387
f 785 775 769
f 1004 725 696
f 791 781 789
f 772 779 786
f 794 790 785
f 829 792 870
f 785 786 794
f 790 794 793
f 867 823 857
f 1049 2388 664
f 730 868 763
f 791 726 670
f 790 857 825
f 917 789 781
f 726 791 678
f 786 2324 794
f 792 830 870
f 830 831 870
f 52 51 832
f 794 2324 828
f 833 51 50
f 871 835 836
f 796 665 834
f 778 837 796
f 835 796 834
f 796 871 778
f 841 840 797
f 901 733 976
f 1111 877 884
f 932 887 888
f 941 829 870
f 901 845 891
f 848 847 903
f 270 983 955
f 61 333 850
f 962 800 987
f 990 803 910
f 856 802 855
f 805 807 806
f 807 2283 806
f 801 988 1066
f 853 854 801
f 807 805 596
f 596 1284 807
f 811 807 1284
f 810 2285 658
f 2283 809 735
f 1094 1097 739
f 809 2285 735
f 1071 2283 735
f 811 2283 807
f 1284 595 2284
f 811 1284 2284
f 657 810 658
f 809 811 659
f 857 833 812
f 736 812 49
f 707 737 656
f 737 1097 810
f 657 737 810
f 712 858 813
f 710 813 863
f 863 860 996
f 815 72 864
f 865 908 991
f 861 859 820
f 817 740 613
f 755 613 740
f 1489 612 2386
f 1003 1047 1048
f 819 966 1002
f 914 1002 966
f 912 609 608
f 915 819 1002
f 763 868 920
f 822 756 821
f 822 821 916
f 778 777 824
f 826 778 824
f 824 742 826
f 824 823 742
f 823 825 857
f 868 869 827
f 917 827 789
f 921 832 828
f 922 828 2324
f 792 829 2324
f 779 830 792
f 830 695 831
f 832 51 833
f 833 793 832
f 828 832 793
f 794 828 793
f 52 832 921
f 795 834 681
f 795 835 834
f 757 836 835
f 836 759 758
f 777 778 871
f 837 778 826
f 743 837 826
f 797 840 838
f 872 605 1443
f 1110 885 886
f 873 874 838
f 872 838 605
f 876 841 797
f 877 876 924
f 839 841 876
f 892 604 846
f 872 873 838
f 888 58 219
f 889 56 300
f 889 974 971
f 241 940 54
f 603 844 900
f 602 845 844
f 604 892 893
f 900 844 845
f 604 603 846
f 903 601 600
f 905 600 599
f 891 847 848
f 847 845 602
f 903 847 601
f 848 903 953
f 983 956 955
f 1130 849 1131
f 851 852 850
f 906 907 850
f 1112 984 851
f 852 851 983
f 853 801 987
f 854 853 597
f 855 802 2286
f 856 67 66
f 860 993 995
f 65 64 911
f 856 66 803
f 803 66 911
f 66 65 911
f 804 63 1130
f 812 833 50
f 857 812 867
f 713 858 712
f 747 858 662
f 820 859 694
f 861 862 992
f 862 864 865
f 862 861 820
f 863 861 860
f 815 862 820
f 862 865 992
f 860 995 996
f 859 863 813
f 997 710 996
f 1095 1094 814
f 865 864 71
f 815 864 862
f 908 70 69
f 992 865 991
f 915 612 611
f 2386 612 818
f 912 819 609
f 915 610 819
f 885 912 608
f 912 1114 966
f 818 612 915
f 917 918 920
f 780 2323 1132
f 764 866 782
f 780 866 2323
f 919 2323 866
f 736 867 812
f 742 823 693
f 869 868 730
f 868 827 920
f 869 730 684
f 827 678 789
f 869 678 827
f 835 871 796
f 776 871 836
f 943 894 873
f 894 943 896
f 874 873 875
f 838 874 797
f 874 731 924
f 875 873 894
f 924 731 877
f 797 874 924
f 874 875 878
f 884 970 1055
f 883 881 882
f 924 876 797
f 882 876 877
f 926 945 929
f 879 875 894
f 877 731 884
f 878 875 879
f 970 878 930
f 895 899 894
f 925 879 926
f 899 879 894
f 881 880 839
f 885 607 886
f 839 880 841
f 882 881 839
f 1110 881 883
f 882 839 876
f 883 1111 2329
f 1111 883 882
f 1161 1159 1172
f 884 1055 1111
f 607 606 886
f 881 886 880
f 888 887 58
f 798 887 932
f 2325 887 798
f 889 2389 56
f 890 889 300
f 937 55 54
f 241 53 940
f 937 54 843
f 829 816 922
f 843 54 940
f 891 733 901
f 897 900 901
f 929 925 926
f 895 894 896
f 896 892 846
f 893 943 872
f 893 892 943
f 976 978 944
f 898 897 944
f 895 897 898
f 897 896 846
f 895 896 897
f 846 900 897
f 898 978 979
f 898 951 895
f 951 899 895
f 603 900 846
f 901 900 845
f 901 976 944
f 1057 933 1056
f 951 898 979
f 926 946 945
f 946 902 945
f 905 903 600
f 599 952 905
f 952 800 904
f 598 952 599
f 905 953 903
f 953 905 904
f 982 906 2325
f 972 973 1010
f 1112 907 1014
f 986 957 958
f 956 957 959
f 987 961 853
f 801 962 987
f 805 854 597
f 988 854 808
f 1000 856 990
f 855 67 856
f 964 2286 802
f 865 70 908
f 855 2286 69
f 908 69 2286
f 996 710 863
f 911 909 803
f 999 990 910
f 804 911 64
f 959 1040 1131
f 912 913 1114
f 885 913 912
f 912 966 819
f 1046 967 1080
f 967 741 818
f 611 610 915
f 918 916 821
f 866 916 919
f 781 788 917
f 916 918 919
f 920 918 821
f 918 917 919
f 920 821 763
f 922 921 828
f 829 922 2324
f 941 816 829
f 968 695 1005
f 878 879 925
f 899 926 879
f 929 930 925
f 929 945 948
f 929 927 930
f 878 970 731
f 928 970 930
f 798 932 931
f 935 931 1006
f 935 934 931
f 2389 932 888
f 931 932 1006
f 1006 2389 971
f 935 1006 936
f 1119 1127 1118
f 935 933 1123
f 933 935 936
f 933 1057 1123
f 798 972 982
f 798 931 934
f 973 934 1122
f 1007 974 1008
f 938 937 799
f 938 799 939
f 937 938 890
f 1018 939 799
f 890 55 937
f 816 940 53
f 1051 941 831
f 891 848 954
f 892 896 943
f 898 944 978
f 901 944 897
f 949 945 902
f 899 946 926
f 979 902 946
f 1024 902 981
f 929 948 927
f 980 981 979
f 950 945 949
f 948 945 1023
f 947 950 949
f 1023 945 950
f 979 946 951
f 946 899 951
f 800 952 960
f 905 952 904
f 1062 986 1059
f 1026 953 904
f 954 848 1028
f 733 942 976
f 953 1028 848
f 906 982 842
f 907 906 842
f 906 850 333
f 1112 850 907
f 1112 851 850
f 956 851 984
f 955 959 849
f 959 955 956
f 956 984 957
f 959 957 1040
f 957 984 958
f 1031 1100 1038
f 1040 957 986
f 961 960 598
f 960 961 987
f 963 802 1000
f 1000 802 856
f 965 963 1000
f 802 963 964
f 1042 994 995
f 1040 734 1085
f 967 1002 914
f 914 1081 1080
f 741 967 1046
f 695 923 831
f 843 799 937
f 1018 799 969
f 927 690 1053
f 928 930 927
f 1126 1053 690
f 970 928 1055
f 731 970 884
f 57 888 219
f 936 1006 971
f 973 972 934
f 1011 973 1128
f 889 971 2389
f 1007 971 974
f 890 974 889
f 938 974 890
f 1008 938 939
f 1008 1115 732
f 976 942 977
f 1060 733 954
f 1059 985 1017
f 980 977 1016
f 977 978 976
f 1116 950 1009
f 927 948 690
f 1127 948 1023
f 947 949 1024
f 979 978 980
f 978 977 980
f 1058 980 1016
f 902 979 981
f 800 1025 904
f 1027 1026 1030
f 1031 1029 1100
f 982 2325 798
f 982 972 842
f 852 983 270
f 983 851 956
f 1015 984 1112
f 962 801 1066
f 989 988 808
f 854 988 801
f 808 1091 989
f 1095 1096 692
f 1063 1065 691
f 803 990 856
f 2286 991 908
f 993 992 991
f 992 993 860
f 1044 1042 1043
f 1074 1075 1073
f 1042 993 991
f 2287 814 997
f 861 992 860
f 2287 997 996
f 995 994 2287
f 994 1074 1076
f 1072 1041 692
f 1087 1084 1086
f 1001 999 1045
f 1001 1000 990
f 1069 691 1065
f 915 1002 818
f 1004 1003 1050
f 1003 1004 696
f 696 740 1047
f 1004 1050 1049
f 725 1004 664
f 1102 2326 1133
f 2386 741 1048
f 1002 967 818
f 1147 968 1005
f 1022 923 968
f 831 923 969
f 940 1051 843
f 799 843 969
f 1051 969 843
f 1129 1127 1119
f 1106 1140 1147
f 1007 936 971
f 974 938 1008
f 1115 1008 939
f 732 1007 1008
f 1123 934 935
f 950 1116 1023
f 1061 1128 947
f 1012 1014 907
f 1011 1128 1061
f 1012 1010 1011
f 907 842 1012
f 972 1010 842
f 1012 842 1010
f 1014 1012 2327
f 1011 1061 2327
f 2327 1083 1013
f 1013 985 1015
f 1015 1014 1013
f 1015 985 1059
f 1015 958 984
f 1016 977 1070
f 1070 977 942
f 1017 1016 1070
f 1017 985 1058
f 1115 939 975
f 1018 969 923
f 975 939 1018
f 1150 1022 1143
f 1142 1149 1143
f 1115 1021 1121
f 1020 1018 923
f 975 1019 1021
f 1019 975 1020
f 1020 975 1018
f 1151 1153 1125
f 923 1022 1020
f 690 948 1127
f 1061 1024 1083
f 1014 2327 1013
f 902 1024 949
f 1024 981 1083
f 800 962 1025
f 1026 904 1025
f 1028 1026 1027
f 1026 1025 1032
f 1027 1030 1035
f 1031 1027 1035
f 1028 1027 1039
f 1026 1028 953
f 1045 1063 691
f 1045 1037 1063
f 1035 1029 1031
f 734 986 1062
f 1030 1026 1032
f 1064 1032 1025
f 1036 1030 1032
f 1029 1035 1033
f 1034 1036 1037
f 999 910 1087
f 1033 1035 1034
f 1035 1030 1034
f 1037 1036 1063
f 1100 1070 1038
f 1027 1031 1039
f 1038 1039 1031
f 986 734 1040
f 1033 734 1062
f 1059 986 958
f 1071 1091 806
f 1064 1025 962
f 1043 991 2286
f 1044 1043 964
f 991 1043 1042
f 1000 1001 965
f 999 1001 990
f 1080 967 914
f 1050 1046 1082
f 1048 1047 817
f 1047 1003 696
f 817 1427 2386
f 1046 1048 741
f 787 664 2388
f 1004 1049 664
f 1102 1050 1082
f 1050 1003 1046
f 1048 1046 1003
f 816 941 940
f 969 1051 831
f 690 1127 1129
f 928 1053 1054
f 1126 1052 1053
f 1053 1052 1054
f 1166 1055 1168
f 927 1053 928
f 928 1054 1055
f 1007 732 1056
f 936 1056 933
f 1118 1116 1117
f 1057 1056 1120
f 1057 1117 1123
f 950 947 1009
f 981 980 1058
f 985 1013 1058
f 1017 1058 1016
f 1015 1059 958
f 1060 942 733
f 1039 1060 954
f 1028 1039 954
f 1024 1061 947
f 1011 2327 1012
f 2327 1061 1083
f 1100 1062 1059
f 1062 1100 1029
f 1063 1064 1065
f 1032 1064 1036
f 1066 1064 962
f 988 1068 1066
f 1069 1065 1068
f 1064 1066 1065
f 1041 1072 1090
f 989 1068 988
f 1067 1069 1068
f 994 1042 1074
f 1077 1069 1067
f 1069 1077 691
f 1017 1070 1100
f 942 1038 1070
f 1071 735 1092
f 1090 1067 1068
f 993 1042 995
f 963 1044 964
f 1042 1044 1074
f 1075 1074 1044
f 1067 1079 1073
f 1075 1044 963
f 1074 1073 1076
f 963 965 1075
f 1001 1045 691
f 1076 1073 1079
f 994 1076 2287
f 1078 1075 965
f 1001 1078 965
f 1079 1072 998
f 1077 1078 691
f 1001 691 1078
f 1046 1080 1082
f 1102 1099 2388
f 2326 1082 1080
f 741 2386 818
f 981 1058 1083
f 1083 1058 1013
f 1017 1100 1059
f 1029 1033 1062
f 1033 1089 734
f 1089 1085 734
f 1085 1086 1084
f 909 1088 910
f 1086 1085 1089
f 1085 1084 1131
f 1045 999 1087
f 1087 910 1088
f 1087 1086 1037
f 1088 909 804
f 1087 1088 1084
f 1034 1089 1033
f 1041 1090 989
f 1079 1090 1072
f 1067 1090 1079
f 806 1091 808
f 692 1091 1071
f 1093 735 2285
f 1096 1095 814
f 1097 1094 1093
f 1093 1094 1095
f 814 1094 997
f 1097 1093 810
f 692 1092 1095
f 1095 1092 1093
f 1096 998 1072
f 738 1097 737
f 1091 692 1041
f 1092 692 1071
f 1096 1072 692
f 1105 773 2390
f 788 1099 2323
f 1133 2328 1132
f 1089 1034 1086
f 1037 1086 1034
f 1087 1037 1045
f 1133 2326 2328
f 1049 1050 1102
f 1099 1102 1133
f 1107 1005 784
f 1104 782 780
f 773 782 1104
f 1156 1146 1103
f 1081 1170 1101
f 1104 780 1103
f 773 1104 2390
f 1134 1156 1103
f 1105 1107 771
f 1107 1105 1106
f 1140 1106 1141
f 1147 1005 1107
f 1147 1107 1106
f 651 1108 652
f 705 1108 1109
f 820 694 751
f 885 1110 913
f 881 1110 886
f 877 1111 882
f 1166 1111 1055
f 1112 1014 1015
f 1164 1170 1171
f 1114 1113 914
f 914 1113 1081
f 883 1162 1110
f 1160 1161 1162
f 1114 913 1172
f 920 827 917
f 1021 1115 975
f 1116 1009 1117
f 1116 1127 1023
f 1122 1117 1009
f 1117 1057 1118
f 1127 1116 1118
f 1118 1120 1119
f 1120 732 1121
f 1128 1009 947
f 1123 1122 934
f 1117 1122 1123
f 1115 1121 732
f 1152 1125 1021
f 1021 1125 1121
f 1153 1124 1125
f 1120 1121 1124
f 1129 1126 690
f 1153 1126 1124
f 1057 1120 1118
f 1124 1119 1120
f 1122 1128 973
f 1009 1128 1122
f 1124 1129 1119
f 1126 1129 1124
f 1131 1088 1130
f 849 959 1131
f 1130 1088 804
f 1084 1088 1131
f 62 849 63
f 1131 1040 1085
f 1101 1098 2328
f 1099 1133 1132
f 1134 2328 1098
f 1103 780 1132
f 1132 2328 1134
f 1159 1171 1172
f 1153 1154 1155
f 1132 1134 1103
f 1138 1136 1164
f 1081 1101 2326
f 1101 1170 1136
f 1152 1151 1125
f 1101 1136 1098
f 1164 1136 1170
f 1139 1156 1098
f 1163 1138 1164
f 1139 1138 1137
f 1135 1144 1137
f 1139 1137 1144
f 1142 1144 1135
f 1147 1140 1143
f 1140 1142 1143
f 1104 1103 1146
f 1141 1146 1145
f 1106 2390 1141
f 1143 1149 1150
f 1145 1144 1142
f 1156 1144 1145
f 2390 1104 1146
f 1145 1146 1156
f 2390 1146 1141
f 1143 1022 1147
f 968 1147 1022
f 1152 1019 1150
f 1148 1142 1135
f 1142 1148 1149
f 1135 1158 1154
f 1151 1149 1148
f 1150 1019 1020
f 1137 1167 1158
f 1052 1157 1168
f 1151 1152 1149
f 1019 1152 1021
f 1022 1150 1020
f 1152 1150 1149
f 1154 1153 1151
f 1154 1151 1148
f 1135 1154 1148
f 1144 1156 1139
f 1157 1052 1155
f 1158 1157 1155
f 1138 1163 1167
f 1155 1154 1158
f 1137 1158 1135
f 1167 1157 1158
f 1161 1172 913
f 1162 2329 1160
f 1163 1159 1160
f 1162 1161 913
f 1159 1161 1160
f 1110 1162 913
f 1165 1160 2329
f 1163 1165 1169
f 1159 1163 1164
f 2329 1166 1165
f 1163 1169 1167
f 1166 1168 1169
f 1111 1166 2329
f 1168 1055 1054
f 1166 1169 1165
f 1138 1167 1137
f 1052 1168 1054
f 1157 1169 1168
f 1167 1169 1157
f 1113 1170 1081
f 1171 1170 1113
f 1172 1171 1113
f 1171 1159 1164
f 1114 1172 1113
f 1145 1140 1141
f 1142 1140 1145
f 616 617 618
f 1311 1234 1272
f 1269 1219 1220
f 616 618 619
f 619 1276 616
f 1345 616 1276
f 1276 619 1173
f 1271 1269 1263
f 1271 1218 1219
f 1348 1312 1350
f 1236 1258 2292
f 647 648 1244
f 1353 1179 1180
f 2331 1258 1266
f 1488 611 612
f 1269 1240 2288
f 2330 1310 1234
f 1267 1261 1250
f 2338 1186 1187
f 1286 1253 1259
f 1247 1224 1225
f 607 608 1433
f 613 614 1486
f 1274 1275 1336
f 1239 1238 1251
f 1507 1357 1394
f 1310 2288 1255
f 1243 647 1244
f 1217 1285 1216
f 872 1443 1445
f 1234 1311 2330
f 1736 1515 1510
f 1237 1261 1260
f 1446 841 880
f 1255 2288 1259
f 1235 1231 1232
f 1397 601 602
f 1323 596 597
f 598 1366 961
f 1325 1297 1378
f 601 1397 1398
f 1334 1306 1213
f 2292 1228 1229
f 1247 1253 1246
f 1226 1227 1242
f 1327 1295 1328
f 1247 1246 1224
f 1339 1343 1340
f 1326 596 1323
f 1232 2291 2290
f 1293 1332 1233
f 1245 1243 1238
f 1226 1242 1254
f 1223 1224 1246
f 1239 1246 1253
f 2292 1258 1241
f 1229 1230 2289
f 1230 1231 1249
f 1240 1248 1286
f 1202 1920 1438
f 1188 1362 1361
f 1241 2331 1267
f 1188 1189 1362
f 1262 1264 1305
f 1265 1261 1267
f 1342 1479 1341
f 1282 1283 1191
f 1395 1204 1205
f 1249 1257 2289
f 1255 1256 1237
f 1245 1248 1221
f 1258 2331 1241
f 1437 1392 1436
f 1437 1498 1392
f 1242 1250 1261
f 1192 1282 1191
f 1238 1244 1251
f 1237 1242 1261
f 1246 1251 1223
f 1247 1256 1253
f 1503 1549 1201
f 1259 1256 1255
f 1550 1201 1549
f 1244 1222 1251
f 1495 1199 1200
f 1236 2292 2289
f 1198 1199 1496
f 1260 1234 1310
f 1260 1255 1237
f 1218 1271 1217
f 1272 1260 1261
f 1263 2330 1309
f 1242 1227 1250
f 1221 1248 1220
f 1238 1243 1244
f 1256 1247 1254
f 1260 1310 1255
f 1287 1257 1249
f 648 1222 1244
f 1237 1256 1254
f 1243 1252 663
f 663 1252 646
f 2289 1257 1236
f 1245 1252 1243
f 1228 1250 1227
f 1243 663 647
f 1221 646 1252
f 1268 1258 1236
f 1415 1209 1210
f 1251 1246 1239
f 1221 1252 1245
f 1381 1382 1343
f 1241 1250 1228
f 1272 1234 1260
f 1222 1223 1251
f 1225 1226 1254
f 1300 1333 1214
f 1212 1306 1308
f 1286 1245 1238
f 1286 1239 1253
f 1308 1306 1307
f 1241 1228 2292
f 1242 1237 1254
f 1256 1259 1253
f 1286 1259 1240
f 2288 1240 1259
f 1272 1261 1265
f 1274 1265 1273
f 1258 1268 1266
f 1265 2331 1273
f 1262 1304 1264
f 1273 2331 1266
f 1241 1267 1250
f 1257 1291 1236
f 1266 1268 1264
f 1271 1263 1309
f 1309 1217 1271
f 1248 1240 1220
f 1270 1273 1304
f 1269 1271 1219
f 1274 1272 1265
f 1311 1272 1336
f 1274 1273 1270
f 1264 1304 1266
f 1275 1274 1270
f 1274 1336 1272
f 1301 1303 1299
f 1270 1301 1299
f 1275 2391 1336
f 1175 1176 1350
f 614 615 1344
f 1277 1276 1173
f 1173 1174 1277
f 1312 1174 1175
f 1177 1349 1350
f 1312 1277 1174
f 1277 1312 1314
f 1183 1184 1360
f 1199 1495 1496
f 1445 893 872
f 1282 1281 1283
f 1282 1193 1281
f 1283 1281 1406
f 1190 1191 1283
f 600 601 1398
f 1484 1614 2393
f 1233 1330 1293
f 1288 1294 1292
f 1217 1309 1285
f 1215 1216 1285
f 1239 1286 1238
f 1235 1287 1231
f 1288 1287 1235
f 2291 1377 2290
f 1268 1289 1264
f 1293 1330 1290
f 1236 1291 1289
f 1288 1292 1287
f 1290 1291 1257
f 1331 1291 1290
f 1290 1292 1293
f 1296 1332 1293
f 1296 1292 1294
f 1292 1296 1293
f 1288 2293 1295
f 1288 1295 1294
f 1328 1295 2293
f 1327 1323 1368
f 1297 1296 1294
f 1378 1295 1327
f 1297 1325 2333
f 1297 1332 1296
f 1303 1301 1302
f 1275 1270 1299
f 1300 2391 1298
f 1298 2391 1275
f 1299 1298 1275
f 1214 1894 1335
f 1301 1304 1262
f 1302 1301 1262
f 1303 1302 1307
f 1299 1303 1298
f 1306 1334 1303
f 1333 1334 1213
f 1270 1304 1301
f 1304 1273 1266
f 1478 1479 1480
f 1308 1343 1382
f 1306 1303 1307
f 1213 1306 1212
f 1340 1341 1479
f 1302 1341 1340
f 1382 1212 1308
f 2288 1310 1263
f 1311 1336 2334
f 1312 1348 1314
f 1344 1346 614
f 1350 1312 1175
f 1314 1345 1277
f 1348 1349 1429
f 1348 1384 1314
f 1432 1384 1431
f 609 610 1387
f 1584 1278 1533
f 1517 1446 1447
f 1516 1433 1388
f 1396 1206 1207
f 1365 1189 1190
f 2338 1187 1361
f 1408 1405 1406
f 1407 1408 1406
f 1365 1283 1406
f 1365 1405 1362
f 1210 1734 1415
f 1474 1484 2393
f 1419 1483 1477
f 1555 1395 1556
f 1368 597 853
f 1369 853 961
f 1370 1368 1369
f 1378 1297 1294
f 1325 1324 1371
f 1371 1324 1376
f 1326 1328 2293
f 596 1326 1377
f 1368 1323 597
f 1368 1370 1327
f 1324 1325 1378
f 1328 1323 1327
f 1323 1328 1326
f 1377 2293 2290
f 1379 1330 1233
f 1291 1331 1289
f 1342 1305 1423
f 1290 1330 1331
f 1379 1331 1330
f 1335 1300 1214
f 1333 1300 1334
f 1300 1298 1334
f 1303 1334 1298
f 1329 1335 1894
f 1300 1335 2391
f 1329 1337 1335
f 2391 1337 1336
f 1338 2334 2392
f 1285 1309 1338
f 1340 1308 1307
f 1305 1342 1341
f 1262 1305 1341
f 1302 1340 1307
f 1375 1423 1233
f 1375 1233 1417
f 1262 1341 1302
f 1426 1381 1343
f 1379 1423 1305
f 1308 1340 1343
f 1345 1344 615
f 616 1345 615
f 1277 1345 1276
f 1346 1352 1486
f 1313 1545 1617
f 1493 1494 1591
f 1431 1429 1383
f 1384 1348 1429
f 1351 1177 1178
f 1429 1349 1347
f 1177 1350 1176
f 1348 1350 1349
f 1349 1177 1351
f 1434 1178 1179
f 1349 1351 1347
f 1314 1385 1344
f 1345 1314 1344
f 1384 1385 1314
f 1344 1385 1346
f 1386 1352 1432
f 1388 1547 1661
f 1387 1548 609
f 1430 1347 1390
f 1694 1709 1708
f 1444 1394 1443
f 1455 1456 1459
f 1407 1409 1280
f 1359 1195 1196
f 1197 1463 1976
f 1389 1466 1467
f 1362 1189 1365
f 1187 1188 1361
f 1322 1364 1321
f 1364 1194 1321
f 1321 1194 1363
f 1364 1322 1193
f 1281 1322 1406
f 1281 1193 1322
f 1283 1365 1190
f 1406 1322 1407
f 598 599 1460
f 1327 1370 1324
f 1734 1210 1211
f 1482 1543 1415
f 1369 1368 853
f 961 1366 1369
f 1370 1366 1324
f 1371 1373 1475
f 1373 1520 1457
f 1417 1233 1332
f 1520 1371 1376
f 1418 1417 2333
f 1417 1374 1375
f 1332 1297 2333
f 1417 1418 1374
f 1478 1339 1479
f 1480 1423 1375
f 1476 1375 1374
f 1472 1366 1460
f 596 1377 1284
f 2293 1377 1326
f 1295 1378 1294
f 1324 1378 1327
f 2392 1329 1215
f 1289 1379 1264
f 1331 1379 1289
f 1338 2330 1311
f 1309 2330 1338
f 1380 1426 1421
f 1426 1343 1339
f 1381 1426 1425
f 1427 1486 1487
f 1489 1487 1428
f 1430 1429 1347
f 1385 1384 1432
f 1547 1591 1546
f 1389 1180 1181
f 1466 1182 1403
f 1434 1353 1390
f 1351 1178 1434
f 1389 1353 1180
f 1523 1353 1389
f 1429 1430 1383
f 1351 1434 1347
f 1347 1434 1390
f 2394 1390 1353
f 1503 1202 1438
f 1550 1391 1495
f 1197 1198 1497
f 1392 1498 1499
f 1442 1393 1439
f 1447 880 606
f 1507 1508 1506
f 1204 1395 1554
f 1208 1367 1413
f 1597 1557 1442
f 1393 1440 1439
f 1556 1395 1396
f 1204 1554 1441
f 1448 602 844
f 1449 844 603
f 2341 1320 1458
f 1448 1397 602
f 1458 1397 2341
f 1449 1450 1448
f 1194 1400 1363
f 1196 1463 1464
f 1401 1195 2336
f 1522 1359 1464
f 1465 1184 1185
f 1404 1185 1186
f 1403 1527 1467
f 1182 1466 1181
f 1465 1360 1184
f 1182 1183 1403
f 2337 2338 1361
f 1404 1402 1465
f 1280 1411 1586
f 1186 2338 1404
f 1525 1402 1404
f 1362 1405 1524
f 1406 1405 1365
f 1407 1322 1321
f 1409 1407 1321
f 1407 1280 1408
f 1409 1321 1363
f 1470 1408 1280
f 1405 1408 1524
f 1363 1410 1409
f 1400 1401 1410
f 1411 1280 1409
f 1542 1413 1367
f 1414 1416 1412
f 1206 1396 1205
f 1543 1416 1414
f 1543 1414 1415
f 1209 1415 1414
f 1543 1484 1474
f 1367 1208 1412
f 1207 1208 1413
f 1324 1366 1472
f 1369 1366 1370
f 1376 1324 1472
f 2333 1417 1332
f 1475 1325 1371
f 2333 1475 1418
f 1566 1418 1475
f 1374 1418 1372
f 1419 1374 1372
f 1374 1419 1477
f 1566 1372 1418
f 1374 1477 1476
f 1375 1476 1480
f 1479 1339 1340
f 1478 1480 1476
f 1477 1483 1422
f 1478 1421 1339
f 1421 1420 1735
f 1421 1735 1380
f 1422 1735 1420
f 1420 1476 1477
f 1735 1422 1482
f 1233 1423 1379
f 1426 1339 1421
f 1425 1426 1380
f 1489 1427 1487
f 613 1486 1427
f 1487 1352 1386
f 1486 1352 1487
f 1383 1545 1431
f 1490 1530 1491
f 1432 1431 1313
f 1384 1429 1431
f 1432 1313 1616
f 1385 1432 1352
f 1493 1387 610
f 1548 1433 608
f 1466 1389 1181
f 1353 1434 1179
f 1490 2394 1530
f 1467 1527 1583
f 1435 1523 1583
f 2394 1353 1523
f 1389 1467 1523
f 1523 1435 2394
f 1436 1438 1437
f 1438 1920 1437
f 1498 1437 1440
f 1438 1436 1503
f 1439 1440 1203
f 1441 1442 1439
f 1498 1440 1393
f 1442 1441 1554
f 1505 1355 1498
f 1597 1442 1554
f 1393 1442 1557
f 1444 1443 605
f 1445 1443 1394
f 840 841 2335
f 893 1445 1560
f 1447 1446 880
f 606 607 1518
f 1358 1446 1517
f 1395 1205 1396
f 1207 1413 1396
f 1413 1542 1473
f 1449 1448 844
f 1399 1449 603
f 1449 1399 1450
f 603 604 1399
f 1399 1451 1450
f 1519 1565 1452
f 1399 1561 1451
f 1452 1565 2341
f 1450 1451 1452
f 2341 1565 1320
f 1448 2341 1397
f 1452 2341 1450
f 1448 1450 2341
f 1453 1320 1454
f 1398 1458 1459
f 1458 1398 1397
f 1453 1424 1455
f 1458 1320 1453
f 1454 1737 1424
f 1453 1454 1424
f 1472 1471 1376
f 1471 1456 1455
f 1453 1455 1459
f 1424 1457 1455
f 2342 1456 1460
f 1398 1459 2342
f 1521 1566 1373
f 1459 1458 1453
f 2342 1459 1456
f 599 2342 1460
f 1460 1471 1472
f 598 1460 1366
f 1398 2342 600
f 1461 1462 1410
f 1401 1461 1410
f 1463 1196 1976
f 1359 1196 1464
f 1497 1198 1496
f 1497 1553 1463
f 1552 1551 1594
f 1553 1464 1463
f 1522 1464 1571
f 1404 1465 1185
f 1360 1465 1402
f 1467 1466 1403
f 1583 1523 1467
f 1470 1524 1408
f 1280 1586 1470
f 1470 2337 1524
f 1538 1536 1469
f 1576 1534 1462
f 1410 1462 1409
f 1586 1534 1538
f 1586 1538 1469
f 1541 1470 1469
f 1456 1471 1460
f 2393 1614 1649
f 1396 1413 1473
f 1555 1556 1647
f 1556 1396 1473
f 1412 1416 1367
f 1416 1474 1367
f 1566 1475 1373
f 1325 1475 2333
f 1566 1569 1372
f 1636 1737 1634
f 1420 1477 1422
f 1476 1420 1478
f 1421 1478 1420
f 1480 1479 1342
f 1423 1480 1342
f 1482 1481 1543
f 1481 1482 1422
f 1484 1485 1614
f 1484 1481 1485
f 1483 1485 1481
f 1385 1352 1346
f 1650 1487 1386
f 1489 1488 612
f 1654 1488 1428
f 1428 1488 1489
f 1490 1430 1390
f 2394 1490 1390
f 1491 1492 1490
f 1491 2344 1492
f 1545 1313 1431
f 1591 1494 1652
f 611 1493 610
f 611 1494 1493
f 609 1548 608
f 1550 1495 1200
f 1201 1550 1200
f 1496 1495 1391
f 1197 1497 1463
f 1552 1497 1496
f 1553 1497 1552
f 1393 1557 1505
f 1498 1355 1499
f 1501 1621 1354
f 1392 1499 1502
f 1502 1499 1500
f 1436 1392 1501
f 1316 1502 2343
f 1392 1502 1501
f 1686 1684 1316
f 1920 1203 1440
f 1437 1920 1440
f 1503 1354 1549
f 1501 1354 1436
f 1354 1503 1436
f 1555 1597 1554
f 1732 1597 1555
f 1558 1504 1557
f 1393 1505 1498
f 1733 1355 1505
f 605 840 1444
f 1507 1394 1508
f 1509 1507 1506
f 1559 2335 1446
f 1508 1559 1506
f 1506 1559 1723
f 1508 1444 2335
f 1723 1559 1358
f 1509 1357 1507
f 1515 1451 1511
f 1445 1513 1560
f 1317 1514 1512
f 1510 1357 1512
f 1513 1510 1511
f 1317 1512 1509
f 1509 1512 1357
f 1512 1736 1510
f 1736 1512 1514
f 1562 1514 1710
f 1563 1515 1736
f 1451 1515 1563
f 1515 1511 1510
f 1447 1516 1517
f 1388 1661 1672
f 1516 1447 1518
f 1516 2355 1517
f 606 1518 1447
f 607 1433 1518
f 1637 1598 1625
f 1710 1712 1562
f 1519 1452 1563
f 1519 1598 1565
f 1471 1520 1376
f 1457 1520 1455
f 1455 1520 1471
f 1372 1569 1567
f 1359 1522 1573
f 1576 1462 2339
f 1461 1401 2336
f 1571 1572 1522
f 1524 2337 1361
f 1362 1524 1361
f 1539 1525 1536
f 1402 1525 1526
f 1527 2395 1609
f 1609 2395 1526
f 1491 1530 1531
f 1589 1610 1609
f 2344 1531 1533
f 1530 1529 1531
f 1531 1529 1532
f 1491 1531 2344
f 1609 1612 1528
f 1584 1533 1532
f 1608 1533 1278
f 2339 1577 1576
f 1534 1576 1468
f 1534 1468 1538
f 1462 1534 1411
f 1468 1537 1538
f 1536 1525 1541
f 1470 1586 1469
f 1534 1586 1411
f 1468 1576 1575
f 1540 1589 1535
f 1469 1536 1541
f 1539 1536 1535
f 1535 1536 1538
f 1535 1538 1537
f 1539 1535 1589
f 1525 1539 1526
f 1535 1537 1540
f 1528 1612 1613
f 1581 1579 1582
f 1470 1541 2337
f 1474 1542 1367
f 1484 1543 1481
f 1568 1614 1485
f 1649 1614 1615
f 1492 1383 1430
f 1383 1492 1545
f 1585 1492 2344
f 1651 1643 1669
f 1494 1488 1654
f 1545 1492 1585
f 1490 1492 1430
f 1388 1433 1548
f 1494 611 1488
f 1547 1548 1387
f 1591 1547 1387
f 1547 1620 1661
f 1354 1621 2347
f 2347 1550 1549
f 1391 1550 2347
f 1551 1496 1391
f 1391 1622 1551
f 1594 1596 1571
f 1551 1552 1496
f 1553 1571 1464
f 1555 1554 1395
f 1505 1557 1504
f 1648 2350 1319
f 1559 1508 2335
f 1394 1444 1508
f 1358 1559 1446
f 1445 1394 1513
f 1357 1513 1394
f 1560 1513 1511
f 1357 1510 1513
f 1511 1561 1560
f 1399 604 1561
f 1560 604 893
f 1451 1561 1511
f 1672 1516 1388
f 1516 1518 1433
f 1451 1563 1452
f 1598 1564 1624
f 1563 1564 1519
f 1565 1637 1320
f 1637 1565 1598
f 1569 1566 1521
f 1520 1373 1371
f 1521 1373 1457
f 1737 1631 1632
f 1419 1567 1483
f 1567 1569 1570
f 1568 1570 1544
f 1567 1570 1485
f 1634 1570 1569
f 1594 1571 1552
f 1572 1571 1596
f 1572 1578 1599
f 1599 1573 1522
f 1461 1573 2339
f 2339 1599 1577
f 1468 1575 1537
f 1579 1574 1578
f 1575 1576 1574
f 1573 1599 2339
f 1574 1576 1577
f 1574 1577 1578
f 1356 1675 1677
f 1574 1581 1575
f 1574 1579 1581
f 1578 1572 1600
f 1579 1578 1600
f 1676 1689 1679
f 1601 2345 1540
f 1640 1641 1679
f 1537 1575 1601
f 1527 1403 2395
f 1527 1528 1583
f 1435 1583 1528
f 1584 1532 1588
f 1532 1587 1588
f 1643 1608 1278
f 2397 1585 1608
f 1585 1617 1545
f 2344 1608 1585
f 1532 1533 1531
f 1608 2344 1533
f 1610 1589 1540
f 1609 1610 1612
f 1584 1588 2346
f 1587 1532 1529
f 1612 1610 1611
f 1611 1588 1587
f 1526 1589 1609
f 1539 1589 1526
f 1647 1556 1473
f 1615 1568 1544
f 1493 1591 1387
f 1546 1591 1652
f 1619 1546 1315
f 1653 1315 1652
f 1546 1619 1620
f 1546 1620 1547
f 1388 1548 1547
f 1354 2347 1549
f 1551 1595 1594
f 1600 1596 1356
f 1596 1595 1356
f 1595 1596 1594
f 1557 1597 1558
f 604 1560 1561
f 1562 1624 1564
f 1564 1598 1519
f 1625 1598 1624
f 1569 1521 1634
f 1572 1599 1522
f 1577 1599 1578
f 1596 1600 1572
f 1581 1601 1575
f 1607 1638 1639
f 1582 1639 1638
f 1607 1580 1605
f 1278 1584 1603
f 1619 1671 1657
f 1643 1603 1602
f 1602 1669 1643
f 1606 2346 1604
f 1580 1639 1640
f 1604 2400 1606
f 1605 1604 2346
f 1611 1645 1588
f 1605 1580 1664
f 2399 1657 1671
f 1645 1605 2346
f 1527 1609 1528
f 1610 1540 2345
f 1612 1587 1613
f 1610 2345 1611
f 2345 1638 1644
f 1435 1613 1529
f 1648 1647 1646
f 1615 1614 1568
f 1627 1615 1544
f 1649 1615 1633
f 1432 1616 1386
f 1617 1616 1313
f 1590 1617 2397
f 1616 1617 1590
f 1652 1315 1546
f 1655 1671 1619
f 1656 1620 1619
f 1656 1672 1661
f 1622 1391 2347
f 1595 1551 1673
f 1662 1622 2347
f 1673 1551 1622
f 1673 1622 1662
f 1658 1680 1699
f 1356 1595 1674
f 1562 1626 1624
f 1624 1626 1663
f 1625 1631 1637
f 2348 1627 1632
f 1716 1712 1710
f 1663 1626 1718
f 1627 1544 1632
f 1627 2348 1629
f 1663 2349 1628
f 1635 1633 1629
f 2348 1628 1629
f 1628 1625 1663
f 1712 1715 1718
f 1648 1319 1647
f 1630 1629 2349
f 1635 1629 1630
f 1737 1454 1631
f 1632 1631 2348
f 1634 1632 1544
f 1615 1627 1633
f 1629 1633 1627
f 1634 1544 1570
f 1646 2396 1648
f 1635 1648 2396
f 1521 1636 1634
f 1637 1454 1320
f 1454 1637 1631
f 1607 1639 1580
f 1681 1666 1668
f 1640 1664 1580
f 1641 1639 1582
f 1665 1664 1666
f 1579 1600 1677
f 1678 1582 1579
f 1641 1640 1639
f 1641 1676 1679
f 1356 1674 1675
f 1595 1673 1674
f 1659 1603 1606
f 1603 1643 1278
f 1604 1605 1664
f 1644 1638 1607
f 1585 2397 1617
f 1612 1611 1587
f 1645 1611 1644
f 1644 1607 1645
f 1605 1645 1607
f 2346 1588 1645
f 1529 1613 1587
f 1646 1647 1473
f 1647 1319 1555
f 1630 1714 2350
f 1649 2396 2393
f 1635 1649 1633
f 1650 1654 1428
f 1654 1618 1652
f 1487 1650 1428
f 1651 1618 1590
f 1618 1654 1650
f 1643 2397 1608
f 1651 1669 1653
f 1650 1590 1618
f 1654 1652 1494
f 1653 1652 1618
f 1651 1653 1618
f 1655 1619 1315
f 1655 1315 1653
f 1669 1655 1653
f 1619 1657 1656
f 1657 1658 1593
f 1658 1657 1592
f 1660 1592 2399
f 1657 1593 1656
f 1593 1658 1670
f 1659 1671 1602
f 1659 1602 1603
f 1660 2399 2400
f 1656 1661 1620
f 1672 1656 1593
f 1593 2401 1672
f 1358 1517 1738
f 1663 1718 2349
f 1625 1624 1663
f 1604 1664 1665
f 1679 1666 1640
f 1660 1665 1681
f 1604 1665 2400
f 1666 1681 1665
f 1640 1666 1664
f 1682 1668 1666
f 1666 1679 1682
f 1668 1667 1687
f 1655 1669 1602
f 1680 1658 1592
f 1602 1671 1655
f 1683 2401 2398
f 1621 1316 1662
f 1675 1674 1642
f 1642 1676 1675
f 1678 1677 1675
f 1642 1689 1676
f 1676 1641 1678
f 1356 1677 1600
f 1675 1676 1678
f 1582 1678 1641
f 1579 1677 1678
f 1667 1693 1687
f 1687 1681 1668
f 1592 1660 1680
f 1689 1682 1679
f 1668 1682 1690
f 1683 2398 1739
f 1672 1683 2355
f 2421 1623 1642
f 1662 1684 2421
f 2354 2403 1726
f 1685 1686 2343
f 1692 1686 1685
f 1699 1680 1687
f 1681 1687 1680
f 1688 1670 1699
f 1318 2398 1688
f 1670 1658 1699
f 1668 1690 1667
f 1689 1690 1682
f 2351 1692 2352
f 1667 1690 2352
f 1689 1623 1690
f 2351 1686 1692
f 1691 1692 1279
f 1693 1667 1691
f 1719 1720 1721
f 1692 1685 1695
f 1692 1695 1279
f 1719 1699 1693
f 1685 2353 2354
f 1514 1697 1710
f 1696 1708 1697
f 1317 1697 1514
f 1696 1694 1708
f 1355 1500 1499
f 2353 2343 1500
f 1705 1703 1704
f 1697 1317 1696
f 1500 1355 1698
f 1505 1504 1733
f 1720 1691 1279
f 1699 1687 1693
f 1694 1696 1703
f 1719 1721 1725
f 1703 1696 1704
f 1702 1725 1700
f 1317 1509 1704
f 1703 1705 1702
f 1707 1706 1727
f 1500 1698 2353
f 2353 1698 1727
f 1702 1701 1694
f 1695 1701 1700
f 1701 1695 1726
f 1701 1702 1700
f 1725 1702 1705
f 1688 1699 1719
f 1700 1279 1695
f 1694 1703 1702
f 1317 1704 1696
f 1506 1722 1509
f 1722 1704 1509
f 1722 1705 1704
f 1701 2402 1694
f 1727 2354 2353
f 1706 1713 1709
f 1626 1712 1718
f 1712 1626 1562
f 1713 1716 1709
f 2402 1726 2403
f 1727 2403 2354
f 1710 1708 1716
f 1706 1730 1713
f 1716 1708 1709
f 1708 1710 1697
f 1319 1728 1732
f 1712 1716 1715
f 1730 1706 1707
f 1711 1715 1713
f 2349 1714 1630
f 1728 2350 1714
f 1733 1731 1707
f 1731 1729 1730
f 1711 1717 1715
f 1717 1718 1715
f 1731 1504 1558
f 1713 1715 1716
f 1728 1717 1711
f 1718 1717 1714
f 2349 1718 1714
f 1720 1719 1693
f 1688 1719 1725
f 1693 1691 1720
f 1279 1700 1721
f 1725 1721 1700
f 1279 1721 1720
f 1723 1722 1506
f 1723 1738 1739
f 1738 1723 1358
f 1705 1722 1724
f 1724 1722 1723
f 1724 1723 1739
f 1724 1725 1705
f 1318 1725 1724
f 1725 1318 1688
f 1726 2402 1701
f 1685 2354 1695
f 1706 2403 1727
f 1733 1707 1698
f 1635 1630 1648
f 1714 1717 1728
f 1711 1729 1728
f 1729 1732 1728
f 1730 1729 1711
f 1732 1729 1558
f 1713 1730 1711
f 1730 1707 1731
f 1504 1731 1733
f 1558 1729 1731
f 1558 1597 1732
f 1728 1319 2350
f 1319 1732 1555
f 1727 1698 1707
f 1355 1733 1698
f 1425 1380 1734
f 1380 1735 1734
f 1415 1734 1482
f 1735 1482 1734
f 1613 1435 1528
f 1530 1435 1529
f 1736 1564 1563
f 1514 1562 1736
f 1564 1736 1562
f 1634 1737 1632
f 1424 1737 1636
f 1672 2355 1516
f 1724 1739 1318
f 1794 1282 1192
f 1758 1794 1192
f 1364 1856 1855
f 1216 1852 1759
f 1193 1856 1364
f 1855 1194 1364
f 1973 1199 1198
f 1770 1769 1792
f 1852 1216 1215
f 1282 1794 1795
f 1756 1820 1757
f 1750 1982 1751
f 1809 1854 1785
f 2301 1793 1779
f 1201 1923 1503
f 1770 1792 1785
f 1883 1922 1920
f 1788 1773 1772
f 1503 1923 1996
f 1791 1793 1771
f 1848 1806 2296
f 1758 1757 1794
f 1928 1208 1207
f 1933 1204 2004
f 1776 1810 1780
f 1412 1208 1930
f 1209 1866 1210
f 1790 1778 1760
f 2087 1775 2081
f 1762 1761 1803
f 1777 1786 84
f 1793 1772 1771
f 1781 1764 1786
f 1382 1381 1865
f 1783 2294 1763
f 1832 1865 1899
f 85 1786 1764
f 1206 1205 1931
f 1761 1760 1778
f 1781 1774 1839
f 1193 1282 1795
f 1790 1759 1852
f 2359 2332 1894
f 1787 1777 83
f 1762 1803 1783
f 1786 1774 1781
f 2410 2192 2222
f 1787 1763 2294
f 83 1777 84
f 1786 85 84
f 1780 1792 1769
f 1213 1835 1333
f 1912 1914 1748
f 2004 1204 1441
f 1820 1794 1757
f 1912 1747 1937
f 1745 1888 1746
f 1741 1740 2358
f 1195 2035 1196
f 1934 1888 1745
f 1994 2356 15
f 1799 1861 2358
f 1827 1743 1742
f 1987 1915 2356
f 1788 2295 1773
f 1742 1741 1831
f 1861 24 23
f 1803 1761 1778
f 2358 1829 1831
f 14 13 1916
f 1799 1740 27
f 1826 1862 1955
f 1862 1826 23
f 27 26 24
f 1794 1820 1795
f 25 24 26
f 24 1799 27
f 19 1891 238
f 1790 1760 1759
f 1777 1787 2294
f 1780 1768 1802
f 21 2303 2018
f 22 21 1890
f 1799 2358 1740
f 1827 1742 1831
f 1802 1782 1840
f 2301 1808 2295
f 1772 1793 2297
f 1773 2298 2299
f 1838 1839 1774
f 1211 1958 1900
f 1 1784 2405
f 1 2300 1784
f 1778 1790 1789
f 1770 1785 1791
f 1781 1765 1764
f 1781 1839 1765
f 1786 1777 1774
f 1839 1766 1765
f 1842 1784 2404
f 1810 1792 1780
f 1763 1787 82
f 1769 1768 1780
f 1971 1756 1755
f 1904 1963 1835
f 1885 10 229
f 1802 1768 1767
f 1839 1782 1766
f 83 82 1787
f 1926 1886 1925
f 1854 1816 2357
f 1215 1329 2332
f 1783 1763 1762
f 1875 5 4
f 1801 1848 1851
f 1886 1926 2079
f 1867 1906 1964
f 1766 1782 1767
f 275 5 1867
f 1924 1927 2008
f 1841 1872 1840
f 1881 1916 1991
f 2294 1774 1777
f 1382 1902 1212
f 1782 1839 1838
f 1869 1803 1836
f 1782 1802 1767
f 1802 1840 1776
f 1778 1789 1803
f 1872 1811 1810
f 1842 1804 1784
f 1842 1806 1804
f 1845 3 2405
f 1806 1842 1843
f 1804 1805 1845
f 2296 1846 1848
f 1845 1805 1844
f 234 3 1845
f 1807 1215 2332
f 1808 2301 1779
f 2238 2239 1779
f 2295 1808 1850
f 1810 1811 1813
f 1809 1785 1792
f 1816 1813 1815
f 1872 1810 1776
f 1810 1813 1809
f 1814 1811 1873
f 2359 1864 1817
f 1812 1817 1864
f 1813 1811 1814
f 1897 1815 1812
f 1814 1873 1868
f 1812 1813 1814
f 1864 2250 1897
f 1898 1818 1815
f 1812 1815 1813
f 1815 1818 1816
f 1818 2357 1816
f 1809 1816 1854
f 1812 1814 1817
f 1813 1816 1809
f 2357 1818 2242
f 2357 1819 1854
f 1980 1194 1855
f 1879 1911 1754
f 1754 1753 1879
f 1197 1976 1877
f 1748 1914 1749
f 1882 2362 1991
f 1944 2020 2178
f 2419 1923 2413
f 1744 1827 1889
f 2016 1858 2015
f 1954 2064 2065
f 1955 1862 22
f 1828 1827 1831
f 1828 1831 1829
f 2065 1830 1954
f 1828 1829 1957
f 2103 1938 1935
f 1830 1889 1828
f 1830 1936 1889
f 1831 1741 2358
f 1214 1863 1894
f 1899 1381 1425
f 1865 1960 1902
f 1866 1958 1210
f 1844 1849 1875
f 1212 1902 1904
f 1898 1815 1897
f 1802 1776 1780
f 1872 1776 1840
f 1789 1853 1868
f 1872 1841 1873
f 1782 1838 1840
f 1869 1870 1803
f 1840 1838 1837
f 1838 1774 1871
f 1840 1837 1841
f 1869 1841 1837
f 1873 1836 1868
f 1843 1842 2298
f 1843 2298 2295
f 1847 1801 1849
f 4 1845 1844
f 1848 1801 1847
f 1805 1806 1847
f 1848 1847 1806
f 1874 1801 1851
f 1805 1847 1844
f 1848 1846 1851
f 1834 1905 1849
f 1844 1847 1849
f 1843 1850 2296
f 1850 1966 2296
f 2295 1850 1843
f 2241 1966 1850
f 1966 1967 1965
f 2241 1850 1808
f 1967 1966 2241
f 1907 1851 1846
f 1852 1807 1853
f 1852 1215 1807
f 1810 1809 1792
f 1814 1868 1817
f 1790 1853 1789
f 1817 1853 1807
f 1852 1853 1790
f 1791 1785 1819
f 1856 1968 1855
f 2095 1975 1857
f 1795 1856 1193
f 1971 1820 1756
f 1877 1974 1197
f 1401 1400 1979
f 2038 2037 1910
f 1917 12 11
f 1921 1883 1920
f 2002 1999 2000
f 1883 1921 1997
f 1885 1924 1859
f 1964 274 275
f 1929 2009 1928
f 2057 1824 2119
f 2340 1203 1922
f 1937 1747 1746
f 1892 1952 1891
f 1915 268 16
f 1950 1946 1947
f 24 1861 1799
f 1861 23 1826
f 1890 1955 22
f 1955 1890 2022
f 1895 1214 1333
f 1864 1863 2250
f 1807 2359 1817
f 1863 1864 2359
f 1898 1897 1963
f 1865 1381 1899
f 1865 1832 1960
f 1900 1425 1211
f 1901 1960 1832
f 1212 1904 1213
f 1900 1958 1833
f 1867 5 1875
f 1905 1906 1867
f 1904 1835 1213
f 1789 1868 1836
f 1853 1817 1868
f 1841 1836 1873
f 1870 1869 1837
f 1838 1871 1837
f 1870 1783 1803
f 1774 2294 1871
f 1837 1871 1870
f 1873 1811 1872
f 1869 1836 1841
f 1845 4 234
f 1875 4 1844
f 1849 1874 1834
f 2092 2030 2091
f 1875 1849 1905
f 2030 2087 2088
f 2203 2162 2199
f 1908 1973 2034
f 1978 1195 1401
f 1857 1909 2035
f 1981 2036 1878
f 1911 1879 1983
f 2361 1752 1751
f 1880 2361 1910
f 2369 1983 1984
f 1911 1971 1755
f 1750 1749 1914
f 1910 2361 1982
f 1982 1913 2038
f 15 14 1916
f 1991 1990 1881
f 1921 1920 1202
f 2413 1201 1200
f 1924 9 8
f 1925 8 7
f 2097 2363 1919
f 1882 1917 1919
f 1924 1885 9
f 2008 1859 1924
f 2045 1885 1859
f 1925 1927 1924
f 1929 1207 1206
f 2010 1930 2009
f 2057 2058 2011
f 2076 1866 2054
f 2012 2059 1932
f 1934 1745 1744
f 1744 1743 1827
f 1985 2014 2015
f 1858 1912 1985
f 1889 1827 1828
f 20 1952 1951
f 1941 19 18
f 2408 18 294
f 1892 1891 1943
f 1940 1951 2021
f 238 1952 20
f 1941 1891 19
f 268 1915 1989
f 2408 1942 1941
f 1956 2022 1954
f 1826 1956 1829
f 2359 1894 1863
f 1835 1895 1333
f 1963 2250 1835
f 1214 1895 1863
f 1863 1895 2250
f 2250 1895 1835
f 1904 1902 1962
f 1864 1897 1812
f 2250 1963 1897
f 1818 1898 1896
f 1818 1896 2242
f 1900 1899 1425
f 1211 1210 1958
f 1959 1900 1833
f 1901 1832 1959
f 1865 1902 1382
f 1903 1901 2026
f 1896 1898 2407
f 1960 1962 1902
f 1906 1905 1834
f 1875 1905 1867
f 274 2027 6
f 1870 1871 1783
f 1874 1849 1801
f 2247 1834 1874
f 2092 1874 1851
f 1965 1907 1846
f 1907 2087 2030
f 1969 1968 1795
f 1968 1970 2031
f 2034 1973 1974
f 2035 1978 1857
f 1978 1979 1981
f 1979 2036 1981
f 1753 2361 1880
f 1751 1982 2361
f 1982 2038 1910
f 2205 2203 2204
f 1971 1972 1970
f 1754 1911 1755
f 1748 1747 1912
f 1914 2044 1913
f 1985 1912 1937
f 2044 1914 1912
f 1913 1982 1750
f 2062 1988 2061
f 268 1989 17
f 13 1991 1916
f 1917 1882 1991
f 1991 13 12
f 1919 1917 11
f 10 1918 1919
f 12 1917 1991
f 1885 1918 10
f 2097 1918 2045
f 1995 2166 1990
f 2097 1919 1918
f 1882 1919 2363
f 1922 1203 1920
f 1202 1503 1996
f 1931 1205 1933
f 2413 1923 1201
f 1200 1199 2006
f 2049 1923 2419
f 1925 1924 8
f 1926 1925 7
f 7 6 1926
f 1886 2007 1927
f 2008 1927 2052
f 1886 1927 1925
f 1929 1928 1207
f 1930 1928 2009
f 1931 1929 1206
f 1932 2009 1929
f 1412 2053 1414
f 2053 1930 2011
f 1932 1931 1887
f 1933 2055 1887
f 1887 2012 1932
f 1929 1931 1932
f 1204 1933 1205
f 1887 1931 1933
f 1889 1934 1744
f 1888 1934 1935
f 1889 1936 1934
f 2103 1935 1936
f 1934 1936 1935
f 1888 1937 1746
f 1938 2014 1935
f 1938 2015 2014
f 1938 2103 1939
f 2017 1986 2016
f 2024 2023 2066
f 1858 2016 1986
f 1951 2018 2303
f 1890 21 2018
f 2408 1941 18
f 17 2408 294
f 1989 2408 17
f 1893 1942 2408
f 1988 1893 1989
f 1947 1945 1942
f 1942 1893 1947
f 1943 1945 2406
f 1941 1943 1891
f 1950 1947 1893
f 1945 1943 1942
f 1941 1942 1943
f 1947 1946 1945
f 2020 1944 1946
f 2367 1798 2190
f 1944 1945 1946
f 1944 2178 2141
f 2172 2173 2175
f 1949 1950 2062
f 1950 1949 2063
f 20 1951 2303
f 2021 1951 1952
f 1952 238 1891
f 1953 2022 1890
f 1953 1890 2018
f 1954 2022 2064
f 1954 1957 1956
f 1955 2022 1956
f 1957 1954 1830
f 1955 1956 1826
f 1828 1957 1830
f 1829 1956 1957
f 1833 1958 2078
f 1959 1833 2084
f 1899 1900 1959
f 1959 1832 1899
f 1901 1903 1960
f 1962 1960 1903
f 2026 1961 1903
f 1963 1962 2407
f 2407 1962 1903
f 1904 1962 1963
f 1867 1964 275
f 2027 1964 1906
f 2249 1834 2247
f 1965 1846 1966
f 1965 1775 2087
f 2296 1966 1846
f 2244 2241 2239
f 1965 1967 1775
f 2302 2243 2244
f 1907 1965 2087
f 2087 2029 2088
f 2247 2092 2091
f 1969 1795 1820
f 1968 1969 1970
f 1971 1969 1820
f 2031 1970 1876
f 1979 1980 2036
f 1971 1911 1972
f 1969 1971 1970
f 1983 1972 1911
f 1876 1972 2369
f 1974 1973 1198
f 2006 1973 1908
f 1197 1974 1198
f 1975 1909 1857
f 2035 1909 1976
f 1976 1909 1877
f 2094 1909 1975
f 2161 2133 1977
f 2123 2411 1821
f 1978 2035 1195
f 1977 1857 1981
f 1978 1401 1979
f 1857 1978 1981
f 1980 1979 1400
f 1194 1980 1400
f 1980 1855 2032
f 1977 1981 1878
f 2360 1880 1910
f 1910 2037 2042
f 2360 2042 1984
f 1972 1983 2369
f 2360 1984 1983
f 1985 1937 2014
f 2015 1858 1985
f 1912 1858 2044
f 2416 1986 2017
f 1858 1986 2044
f 1913 1750 1914
f 1988 1989 1915
f 1989 1893 2408
f 2061 1988 1915
f 1893 1988 2062
f 2362 1995 1990
f 1993 1990 2166
f 1990 1991 2362
f 2138 2139 2136
f 1993 1881 1990
f 2251 1993 1992
f 1881 1993 2253
f 2135 1992 2111
f 1916 1994 15
f 2046 2097 2045
f 1882 2363 2362
f 1202 1996 2048
f 2048 1921 1202
f 1999 1997 2001
f 2206 2208 1823
f 1921 2048 1997
f 2000 1999 1998
f 2049 1996 1923
f 1999 2001 2420
f 1999 2002 1997
f 2001 2049 2211
f 2001 2048 2049
f 2050 2002 2279
f 2000 2269 2005
f 2005 2002 2000
f 2279 2002 2005
f 2050 1922 1883
f 2275 2270 2412
f 1884 2056 2003
f 2050 2003 1922
f 1441 2340 2004
f 2267 2005 2269
f 2005 2278 2279
f 2266 2413 2006
f 1200 2006 2413
f 1973 2006 1199
f 1886 2079 2007
f 1927 2007 2052
f 2008 2051 2046
f 1932 2059 2009
f 2011 2054 2053
f 1930 2010 2011
f 2057 2011 2010
f 2054 2011 2058
f 2053 2054 1209
f 1800 2075 2076
f 1209 1414 2053
f 1866 1209 2054
f 2055 1933 2004
f 2055 2056 2259
f 1860 2259 2258
f 2013 2059 2060
f 2059 2012 2060
f 1888 2014 1937
f 1935 2014 1888
f 2016 2015 2069
f 2067 1939 2066
f 2037 2039 2041
f 1953 2018 1940
f 1951 1940 2018
f 2368 1940 2021
f 2061 1987 2252
f 2101 2062 2061
f 1946 1950 2063
f 1892 2409 1952
f 2064 2022 1953
f 1830 2065 1936
f 1958 1866 2025
f 2025 2075 2078
f 2078 1958 2025
f 2104 1833 2078
f 1896 1961 2240
f 1964 2027 274
f 2249 1906 1834
f 2090 2091 2030
f 2145 2007 2263
f 2027 1926 6
f 1926 2027 2079
f 1901 2083 2026
f 2087 2081 2029
f 1907 2092 1851
f 2032 2031 2201
f 1968 2032 1855
f 2032 2201 2036
f 2033 2034 1877
f 2094 2411 2033
f 2034 1974 1877
f 2108 2411 2123
f 1976 1196 2035
f 2133 2095 1977
f 2032 2036 1980
f 2201 1878 2036
f 2039 2037 2038
f 2043 2042 2037
f 1984 2042 2205
f 2044 1986 1913
f 2040 2039 2416
f 2041 2040 2096
f 2016 2069 2017
f 2017 2074 2073
f 2096 2151 2109
f 2042 2043 2205
f 2040 2041 2039
f 2043 2037 2041
f 2042 2360 1910
f 2038 1913 1986
f 1885 2045 1918
f 2046 2045 1859
f 2008 2046 1859
f 2047 2046 2163
f 2049 2048 1996
f 1997 2048 2001
f 1997 2002 1883
f 2003 2340 1922
f 2004 2340 2003
f 2266 1908 2414
f 2266 2006 1908
f 2008 2052 2051
f 1930 2053 1412
f 2076 2054 2058
f 2057 2013 1824
f 2055 2259 1860
f 1887 1860 2012
f 2056 2055 2004
f 2003 2056 2004
f 2100 2013 2060
f 2058 2057 2118
f 2057 2010 2013
f 2013 2010 2059
f 2058 2118 2077
f 1824 2182 2146
f 2009 2059 2010
f 2012 2099 2060
f 2100 2099 2112
f 2099 2257 2112
f 1987 2061 1915
f 1893 2062 1950
f 1949 2101 2415
f 2064 2023 2065
f 2023 2024 2065
f 2103 2065 2024
f 2065 2103 1936
f 2023 2191 2190
f 2024 2066 1939
f 2367 2192 2193
f 2068 2017 2069
f 2067 2068 1939
f 2067 2066 1798
f 2068 2067 2070
f 2068 2070 2074
f 1939 2068 2069
f 2074 2070 2072
f 2074 2017 2068
f 2071 2073 2074
f 2071 2074 2072
f 2096 2040 2073
f 2017 2073 2416
f 2076 2075 2025
f 1866 2076 2025
f 2077 2076 2058
f 2077 1800 2076
f 2118 2119 2216
f 1800 2077 2105
f 2080 2027 1906
f 2007 2079 2263
f 2263 2079 2080
f 2027 2080 2079
f 1775 2244 2245
f 2081 2028 2082
f 2084 2104 2028
f 2104 2085 2082
f 2084 2083 1901
f 2246 2083 2028
f 1959 2084 1901
f 1833 2104 2084
f 2075 2085 2078
f 2084 2028 2083
f 2082 2028 2104
f 2075 1800 2085
f 2085 2086 2082
f 2086 2085 1800
f 2086 1800 2105
f 2029 2082 2086
f 2088 2029 2086
f 2030 2088 2090
f 2089 2088 2086
f 2180 2143 2089
f 2088 2089 2090
f 2089 2143 2090
f 2142 2091 2090
f 2092 1907 2030
f 2130 2194 2131
f 2034 2033 2149
f 1909 2094 1877
f 2411 2094 1975
f 2095 1821 1975
f 2094 2033 1877
f 1977 2095 1857
f 2109 2162 2043
f 2151 1796 2109
f 2136 2363 2047
f 2046 2047 2097
f 2138 2136 2110
f 2055 1860 1887
f 1860 2099 2012
f 1824 2013 2100
f 2099 2100 2060
f 2100 2112 2182
f 1822 2113 2415
f 2101 1822 2415
f 2114 1948 2113
f 2101 1949 2062
f 2061 2252 2101
f 2251 2102 1822
f 1993 2111 1992
f 1992 2102 2251
f 2063 2020 1946
f 2063 2116 2365
f 1939 2103 2024
f 2085 2104 2078
f 2144 2180 2181
f 2182 1824 2100
f 2132 2093 2414
f 2129 2108 2107
f 2108 2132 2033
f 2214 2213 2128
f 2051 2187 2163
f 2262 2276 2261
f 1993 2166 2111
f 2165 2139 2138
f 2237 2232 2236
f 2102 2164 2237
f 2102 2113 1822
f 2019 2365 2177
f 2235 2236 2232
f 2116 2115 2167
f 2102 2237 2113
f 2125 2194 2129
f 2116 2167 2177
f 2115 2116 1948
f 2063 1948 2116
f 2236 2115 2114
f 2170 2177 2167
f 2156 2153 2155
f 2167 2168 2140
f 2170 2172 2177
f 2117 2179 2019
f 2105 2089 2086
f 2216 2089 2105
f 2105 2077 2118
f 2105 2118 2216
f 2057 2119 2118
f 2080 1906 2249
f 2181 2180 2217
f 2149 1908 2034
f 2122 2196 2266
f 2107 2108 2123
f 2126 2134 2124
f 2107 2126 2127
f 2174 2214 2173
f 2107 2123 2126
f 2213 2150 2125
f 2194 2125 2131
f 2127 2126 2124
f 2107 2127 2125
f 2123 1821 2126
f 2127 2124 2128
f 2124 1796 2152
f 2152 2151 2155
f 2129 2107 2125
f 2131 2125 2150
f 2188 2130 2131
f 2108 2129 2132
f 2093 2132 2129
f 2201 2031 2202
f 2197 2198 2134
f 1821 2095 2417
f 2417 2134 2126
f 2124 2134 1796
f 2096 2109 2041
f 2109 2043 2041
f 2162 2109 2198
f 2163 2110 2047
f 2052 2186 2185
f 2220 2221 2187
f 2363 2136 1995
f 2110 2136 2047
f 2260 2277 2137
f 2111 2139 2165
f 2189 2172 2170
f 1944 2141 1825
f 1824 2146 2119
f 2181 2106 2144
f 2142 2090 2143
f 2248 2142 2120
f 2142 2143 2144
f 2142 2144 2120
f 2184 2106 2148
f 2217 2146 2147
f 2147 2146 2182
f 2183 2121 2182
f 2148 2147 2121
f 2148 2181 2147
f 2146 2217 2119
f 2148 2121 2219
f 2106 2184 2145
f 2149 2132 2414
f 2214 2176 2173
f 2188 2189 2171
f 2073 2071 2364
f 2151 2152 1796
f 2364 2151 2096
f 2152 2155 2153
f 2124 2152 2128
f 2364 2154 2155
f 2214 2153 2176
f 2152 2153 2128
f 2154 2071 2072
f 2156 2155 2154
f 2156 2154 2418
f 2153 2156 2176
f 2158 2072 2070
f 2366 2418 2160
f 2157 2117 2175
f 2158 2159 2160
f 1798 2367 2159
f 1798 2066 2190
f 2367 2193 2159
f 1798 2159 2158
f 2093 2195 2122
f 1878 2161 1977
f 2162 2198 2199
f 2197 2199 2198
f 2162 2203 2205
f 2221 2163 2187
f 2221 2098 2110
f 2260 2098 2225
f 2166 2139 2111
f 2209 2229 2370
f 2136 2139 1995
f 2139 2166 1995
f 2170 2167 2140
f 2168 2167 2115
f 2206 1823 2195
f 2171 2169 2207
f 2171 2170 2140
f 2189 2173 2172
f 2175 2173 2176
f 2174 2173 2189
f 2174 2150 2213
f 2174 2213 2214
f 2157 2175 2156
f 2177 2117 2019
f 2175 2117 2172
f 2117 2177 2172
f 2365 2178 2020
f 2178 2179 2141
f 2144 2143 2180
f 2216 2180 2089
f 2217 2216 2119
f 2181 2217 2147
f 2106 2181 2148
f 2183 2182 2112
f 2112 2257 2281
f 2182 2121 2147
f 2218 2121 2183
f 2225 2221 2220
f 2187 2051 2185
f 2148 2219 2184
f 2145 2184 2186
f 2185 2184 2219
f 2145 2186 2007
f 2187 2185 2219
f 2052 2185 2051
f 2185 2186 2184
f 2187 2219 2220
f 2186 2052 2007
f 2213 2125 2127
f 2188 2150 2174
f 2188 2171 2130
f 2171 2189 2170
f 2174 2189 2188
f 2064 2191 2023
f 2023 2190 2066
f 2064 1953 2191
f 2222 2367 2190
f 2410 2222 2368
f 2141 2193 1825
f 1825 2193 2192
f 2193 2160 2159
f 2193 2141 2215
f 2193 2215 2160
f 2129 2194 2093
f 2093 2194 2195
f 2122 2195 1823
f 2122 1823 2196
f 2224 2208 2212
f 2206 2130 2207
f 2194 2130 2195
f 2109 1796 2198
f 2134 2198 1796
f 2161 2200 2199
f 2200 2203 2199
f 1878 2200 2161
f 1878 2201 2200
f 1876 2202 2031
f 2201 2202 2200
f 2204 2203 2200
f 2162 2205 2043
f 2369 1984 2204
f 2200 2202 2204
f 2205 2204 1984
f 2168 2236 1797
f 2171 2140 2169
f 2169 2140 2168
f 2168 1797 2169
f 2210 2207 2169
f 2130 2171 2207
f 2210 1797 2223
f 2208 2206 2209
f 2212 2208 2370
f 2000 2226 2269
f 2209 2207 2210
f 2210 2169 1797
f 2229 2209 2210
f 1998 1999 2420
f 1823 2208 2224
f 2212 1998 2420
f 2127 2128 2213
f 2153 2214 2128
f 2215 2157 2366
f 2179 2215 2141
f 2178 2019 2179
f 2216 2217 2180
f 2219 2121 2220
f 2218 2220 2121
f 2220 2218 2225
f 2218 2280 2225
f 2098 2221 2225
f 2163 2221 2110
f 2150 2188 2131
f 1953 1940 2191
f 2368 2191 1940
f 2409 2368 2021
f 2191 2368 2222
f 2191 2222 2190
f 2130 2206 2195
f 2209 2206 2207
f 2212 2370 2227
f 2276 2268 2270
f 2230 2226 2227
f 1797 2235 2223
f 2229 2210 2223
f 2227 1998 2212
f 2224 2196 1823
f 2196 2224 2211
f 2183 2112 2281
f 2260 2225 2280
f 1998 2226 2000
f 2226 2230 2269
f 2230 2227 2370
f 1998 2227 2226
f 2223 2235 2228
f 2231 2233 2228
f 2164 2232 2237
f 2230 2229 2228
f 2230 2370 2229
f 2232 2234 2231
f 2234 2164 2135
f 2135 2265 2412
f 2231 2235 2232
f 2231 2234 2272
f 2223 2228 2229
f 2231 2228 2235
f 2230 2228 2371
f 2164 2234 2232
f 2236 2235 1797
f 2115 2236 2168
f 2113 2237 2114
f 2114 2237 2236
f 2302 2238 2242
f 1779 2239 1808
f 2238 2357 2242
f 2302 2239 2238
f 2244 1967 2241
f 2240 1961 2243
f 2302 2242 2240
f 2239 2241 1808
f 2240 2242 1896
f 1961 2246 2243
f 2245 2028 2081
f 2245 2244 2243
f 1967 2244 1775
f 2239 2302 2244
f 1961 2026 2246
f 2026 2083 2246
f 2245 2081 1775
f 2246 2245 2243
f 2245 2246 2028
f 1791 1779 1793
f 1854 1819 1785
f 2248 2091 2142
f 2264 2080 2249
f 2120 2145 2263
f 2091 2248 2247
f 2248 2264 2247
f 2263 2264 2120
f 2092 2247 1874
f 1972 1876 1970
f 2202 2369 2204
f 2252 1822 2101
f 2253 2251 2252
f 2251 1822 2252
f 1993 2251 2253
f 2253 2252 1987
f 1994 2253 1987
f 2255 2258 2254
f 1884 2259 2056
f 2259 2254 2258
f 2254 2259 1884
f 2279 1884 2050
f 2254 2278 2255
f 2256 2258 2255
f 2258 2257 1860
f 2257 2256 2281
f 2255 2261 2256
f 2258 2256 2257
f 2099 1860 2257
f 2046 2051 2163
f 2261 2260 2280
f 2277 2261 2276
f 2262 2261 2255
f 2264 2263 2080
f 2264 2249 2247
f 2120 2264 2248
f 2154 2364 2071
f 2151 2364 2155
f 1798 2158 2067
f 2070 2067 2158
f 2111 2265 2135
f 2165 2265 2111
f 2419 2266 2196
f 2267 2371 2271
f 2371 2267 2269
f 2371 2269 2230
f 2272 2271 2233
f 2274 2165 2138
f 2267 2271 2268
f 2231 2272 2233
f 2271 2270 2268
f 2412 2272 2234
f 2270 2271 2272
f 2273 2275 2274
f 2137 2274 2138
f 2273 2270 2275
f 2260 2137 2098
f 2273 2274 2137
f 2165 2274 2275
f 2276 2270 2273
f 2165 2275 2265
f 2276 2273 2277
f 2276 2262 2268
f 2137 2277 2273
f 2261 2277 2260
f 2005 2267 2278
f 2135 2412 2234
f 2275 2412 2265
f 2255 2278 2262
f 2279 2278 2254
f 1884 2279 2254
f 2218 2183 2281
f 2256 2280 2281
f 2261 2280 2256
f 2281 2280 2218
f 2282 188 96
f 317 363 316
f 390 363 317
f 699 643 673
f 1096 2287 998
f 811 2284 659
f 2286 964 1043
f 2283 1071 806
f 998 1076 1079
f 2287 1076 998
f 1093 2285 810
f 2287 1096 814
f 1249 2289 1230
f 1235 1232 2290
f 1269 2288 1263
f 595 1284 2291
f 1377 2291 1284
f 1248 1245 1286
f 2292 1229 2289
f 1231 1287 1249
f 2290 2293 1235
f 2293 1288 1235
f 1292 1290 1257
f 1636 1521 1457
f 1636 1457 1424
f 1871 2294 1783
f 2297 2295 1788
f 2297 1793 2301
f 2295 2298 1773
f 1788 1772 2297
f 2300 2299 2404
f 1819 2238 1779
f 1791 1819 1779
f 2296 1806 1843
f 2301 2295 2297
f 1992 2135 2164
f 1992 2164 2102
f 2243 2302 2240
f 105 142 28
f 129 39 120
f 2303 191 193
f 119 128 582
f 223 224 61
f 104 2305 154
f 146 304 148
f 2307 578 107
f 215 2308 214
f 137 169 49
f 172 146 149
f 140 750 199
f 2304 212 126
f 590 593 224
f 273 63 334
f 192 162 193
f 236 162 290
f 217 240 194
f 147 250 200
f 253 170 307
f 223 61 852
f 392 2312 395
f 2313 293 167
f 195 296 297
f 2314 390 391
f 319 2311 186
f 590 224 223
f 2315 2380 380
f 385 384 381
f 389 390 2314
f 132 396 397
f 325 353 417
f 406 458 460
f 420 421 2382
f 325 417 416
f 420 411 431
f 417 412 416
f 424 420 431
f 2316 418 548
f 424 2316 421
f 2317 432 427
f 430 2316 548
f 427 432 426
f 401 399 456
f 459 2307 460
f 2317 423 432
f 489 463 313
f 2319 365 157
f 472 2319 495
f 495 2319 157
f 2318 499 542
f 2320 574 520
f 349 563 527
f 550 2321 551
f 578 2307 579
f 2306 582 183
f 119 2306 155
f 225 591 592
f 754 720 753
f 635 2322 685
f 101 697 48
f 754 753 721
f 665 2322 680
f 2322 743 685
f 783 768 765
f 770 779 772
f 788 2323 919
f 678 791 789
f 792 2324 786
f 2310 921 922
f 817 613 1427
f 761 756 822
f 761 822 766
f 914 966 1114
f 2323 1099 1132
f 2325 906 60
f 788 919 917
f 798 934 972
f 941 1051 940
f 1056 936 1007
f 1120 1056 732
f 1036 1064 1063
f 1080 1081 2326
f 2326 1102 1082
f 2328 2326 1101
f 1163 1160 1165
f 2329 1162 883
f 1247 1225 1254
f 1267 2331 1265
f 1240 1269 1220
f 1183 1360 1403
f 2332 1329 1894
f 1236 1289 1268
f 1310 2330 1263
f 2334 1336 1337
f 1329 2392 1337
f 1311 2334 1338
f 1285 1338 2392
f 2335 1444 840
f 1573 2336 1359
f 2336 1195 1359
f 1404 2338 1525
f 1400 1410 1363
f 1461 2339 1462
f 1543 1474 1416
f 1567 1419 1372
f 2340 1439 1203
f 2342 599 600
f 1541 1525 2337
f 2338 2337 1525
f 1481 1422 1483
f 2343 1686 1316
f 1502 1316 1621
f 1461 2336 1573
f 1483 1567 1485
f 1552 1571 1553
f 1601 1540 1537
f 1581 1582 1638
f 2346 1603 1584
f 1601 1581 1638
f 1601 1638 2345
f 2346 1606 1603
f 1502 1621 1501
f 1662 2347 1621
f 1628 2348 1625
f 2348 1631 1625
f 2349 1629 1628
f 2350 1648 1630
f 1542 1646 1473
f 1651 1590 2397
f 1738 1517 2355
f 2421 1673 1662
f 1316 1684 1662
f 1660 1681 1680
f 1686 2351 1684
f 2351 2352 1623
f 2352 1692 1691
f 2352 1691 1667
f 1684 2351 2421
f 2343 2353 1685
f 2354 1726 1695
f 1683 1738 2355
f 1738 1683 1739
f 2356 16 15
f 2356 1915 16
f 1784 1804 2405
f 1770 1791 1771
f 1804 1806 1805
f 1819 2357 2238
f 1829 2358 1861
f 2332 2359 1807
f 1880 2360 1879
f 1829 1861 1826
f 2361 1753 1752
f 1880 1879 1753
f 1968 1856 1795
f 2360 1983 1879
f 1994 1916 1881
f 2406 1945 1825
f 1994 1987 2356
f 2362 2363 1995
f 1994 1881 2253
f 2340 1441 1439
f 2407 1961 1896
f 2029 2081 2082
f 2411 2108 2033
f 2149 2033 2132
f 2363 2097 2047
f 2063 2365 2020
f 2178 2365 2019
f 2365 2116 2177
f 2115 1948 2114
f 2120 2144 2106
f 1821 2417 2126
f 2417 2133 2197
f 2120 2106 2145
f 2073 2364 2096
f 2158 2160 2418
f 2157 2215 2179
f 2367 2222 2192
f 2368 2409 2410
f 2211 2419 2196
f 2417 2197 2134
f 2369 2202 1876
f 2370 2208 2209
f 2215 2366 2160
f 2117 2157 2179
f 2233 2371 2228
f 2050 1884 2003
f 2262 2278 2268
f 2372 150 105
f 2 188 2282
f 2304 130 115
f 130 2304 129
f 129 2304 125
f 20 2303 193
f 24 25 135
f 103 76 143
f 2373 433 298
f 196 197 215
f 168 2375 216
f 195 241 299
f 258 2375 217
f 331 330 377
f 2377 401 285
f 98 2374 314
f 2376 2378 479
f 2379 348 402
f 272 379 158
f 2380 131 381
f 2376 343 283
f 419 2382 324
f 2381 451 456
f 479 2378 478
f 591 478 2378
f 406 489 458
f 2383 540 567
f 524 561 459
f 337 2378 2376
f 2378 337 592
f 2384 697 101
f 1136 1138 1139
f 635 680 2322
f 2386 1427 1489
f 2385 762 686
f 2387 695 830
f 2387 784 1005
f 788 2388 1099
f 932 2389 1006
f 906 333 60
f 855 69 68
f 941 870 831
f 995 2287 996
f 695 2387 1005
f 1030 1036 1034
f 787 2388 788
f 1038 942 1060
f 1038 1060 1039
f 1073 1075 1078
f 1073 1078 1077
f 1073 1077 1067
f 1102 2388 1049
f 1098 1136 1139
f 1121 1125 1124
f 849 1130 63
f 1098 1156 1134
f 2390 1106 1105
f 1126 1153 1155
f 614 1346 1486
f 1215 1285 2392
f 1337 2391 1335
f 1337 2392 2334
f 1264 1379 1305
f 1474 2393 1542
f 2335 841 1446
f 1462 1411 1409
f 2343 1502 1500
f 1402 2395 1360
f 1530 2394 1435
f 2395 1402 1526
f 1570 1568 1485
f 2395 1403 1360
f 1386 1616 1590
f 2400 1659 1606
f 1611 2345 1644
f 1386 1590 1650
f 1635 2396 1649
f 1646 1542 2396
f 2396 1542 2393
f 1651 2397 1643
f 1688 2398 1670
f 2399 1592 1657
f 1665 1660 2400
f 1671 1659 2399
f 2400 2399 1659
f 2401 1683 1672
f 2401 1670 2398
f 1670 2401 1593
f 1674 1673 2421
f 2398 1318 1739
f 1674 2421 1642
f 1623 1689 1642
f 1623 2352 1690
f 2402 1709 1694
f 1709 2402 1706
f 2403 1706 2402
f 1425 1734 1211
f 1930 1208 1928
f 1842 2404 2298
f 1789 1836 1803
f 189 2405 3
f 1845 2405 1804
f 2406 2410 1892
f 10 1919 11
f 1938 1939 2069
f 1938 2069 2015
f 1892 1943 2406
f 2410 2409 1892
f 2415 2063 1949
f 1903 1961 2407
f 1963 2407 1898
f 2411 1975 1821
f 2413 2266 2419
f 2409 2021 1952
f 2031 2032 1968
f 2039 1986 2416
f 2002 2050 1883
f 2414 1908 2149
f 1948 2415 2113
f 2415 1948 2063
f 2040 2416 2073
f 2138 2110 2098
f 2133 2417 2095
f 2161 2199 2197
f 2137 2138 2098
f 2122 2266 2414
f 2414 2093 2122
f 2418 2154 2072
f 2156 2418 2366
f 2156 2366 2157
f 2156 2175 2176
f 2410 2406 2192
f 1825 2192 2406
f 2049 2419 2211
f 2161 2197 2133
f 2420 2211 2224
f 2420 2001 2211
f 2212 2420 2224
f 2371 2233 2271
f 2272 2412 2270
f 2267 2268 2278
f 1292 1257 1287
f 2300 2404 1784
f 2298 2404 2299
f 2380 381 380
f 385 381 477
f 366 2382 421
f 2382 366 324
f 1052 1126 1155
f 1623 2421 2351
f 1 2405 2
f 1825 1945 1944
f 2038 1986 2039
f 2158 2418 2072