# https://github.com/mikedh/trimesh
v -0.16469404 0.08760585 0.02979267
v -0.16288897 0.07480618 0.04190952
v -0.16117711 0.04947794 0.04282156
v -0.14961828 0.01629655 0.04558258
v -0.14565873 -0.00937468 0.04640261
v -0.15289471 -0.07562195 0.05323207
v -0.15886697 -0.09778020 0.04876914
v -0.16426566 -0.11916954 0.04964307
v -0.17188758 -0.13529314 0.04559354
v -0.18248092 -0.16426809 0.03729830
v -0.18926892 -0.18800661 0.03533192
v -0.19424938 -0.20890401 0.03341239
v -0.19400434 -0.23031272 0.03051342
v -0.20722266 -0.24414930 0.03118017
v -0.20913684 -0.26263365 0.02844921
v -0.20196298 -0.28290302 0.03036421
v -0.21582814 -0.32098797 0.03039497
v -0.20847571 -0.35814181 0.03257791
v -0.20964332 -0.37685731 0.03008329
v -0.21978448 -0.42230794 0.03924914
v -0.22986750 -0.45238906 0.03117234
v -0.22914733 -0.47238228 0.03420027
v -0.23195961 -0.51060486 0.03905992
v -0.22764437 -0.52877277 0.04238911
v -0.22061810 -0.54372621 0.04672185
v -0.21965423 -0.54612195 0.04566536
v -0.21897122 -0.54857439 0.04450021
v -0.21839076 -0.55333537 0.06428675
v -0.21788967 -0.55364090 0.08395105
v -0.21715391 -0.55343676 0.10260967
v -0.21595573 -0.55286860 0.12132246
v -0.21391979 -0.55218107 0.13976611
v -0.21085146 -0.55115652 0.15812555
v -0.20448267 -0.55010903 0.17532271
v -0.19518919 -0.54941171 0.19098654
v -0.18317690 -0.54844427 0.20468032
v -0.16951580 -0.54739046 0.21733209
v -0.15415090 -0.54665077 0.22808783
v -0.13664290 -0.54692721 0.23420204
v -0.11861642 -0.54657280 0.23915759
v -0.10085294 -0.54574966 0.24326983
v -0.08305646 -0.54506886 0.24697442
v -0.06525020 -0.54428673 0.25058448
v -0.04744307 -0.54366702 0.25372249
v -0.02956924 -0.54305202 0.25638214
v -0.01178548 -0.54298145 0.25798112
v 0.00658170 -0.54344451 0.25836748
v 0.00583192 -0.51642531 0.22638758
v -0.00127502 -0.48664430 0.19507316
v 0.00502068 -0.47346720 0.18402804
v 0.00300497 -0.45428172 0.17164546
v -0.00006976 -0.43632293 0.16140111
v 0.00220301 -0.37838823 0.13929558
v 0.01256550 -0.34725481 0.14364216
v 0.00909985 -0.33387801 0.16215575
v 0.00635455 -0.29380175 0.14885399
v 0.00397136 -0.27887055 0.16373929
v 0.00221579 -0.23847948 0.17072228
v 0.00392531 -0.21848960 0.17835957
v 0.00502759 -0.19658569 0.17708531
v 0.00157107 -0.14990442 0.17557774
v 0.00495800 -0.07243504 0.16917193
v 0.00655940 -0.05537594 0.16686822
v 0.00691958 -0.03147882 0.16363624
v 0.00373168 -0.00802947 0.15776315
v 0.01705184 0.00447968 0.15726812
v 0.01367565 0.02584242 0.15827374
v 0.01004725 0.04772685 0.16011208
v 0.01863408 0.05998417 0.16194023
v 0.00957734 0.08840749 0.15561849
v 0.00688702 0.10876554 0.15222737
v 0.00394058 0.13206685 0.14726603
v 0.00731637 0.13071096 0.12874925
v 0.01294259 0.16707923 0.10059568
v -0.00270924 0.17111164 0.08923815
v -0.01897708 0.18334778 0.08250930
v -0.03310755 0.19791909 0.07161666
v -0.04371533 0.21748701 0.05702123
v -0.05115437 0.23868294 0.03617567
v -0.05863247 0.25937694 0.01510507
v -0.06540325 0.27371055 -0.01214123
v -0.06643221 0.27319598 -0.04486848
v -0.07887810 0.27078366 -0.03099931
v -0.09916936 0.26479250 -0.03261466
v -0.11792755 0.26097819 -0.02964758
v -0.12692709 0.25474080 -0.01217232
v -0.12899385 0.24782068 0.00480685
v -0.12457488 0.23785356 0.02075969
v -0.11794747 0.22415386 0.03413348
v -0.11446448 0.21114142 0.04617158
v -0.11490339 0.19415955 0.05901408
v -0.11952153 0.17479257 0.06945316
v -0.12940538 0.15657924 0.07859483
v -0.13943577 0.13735873 0.08048545
v -0.14952077 0.11819074 0.07403951
v -0.15857396 0.10087248 0.05764839
v -0.22052410 -0.51295513 0.08730139
v -0.09223126 -0.45082191 0.18759811
v -0.04941007 -0.50328285 0.20694888
v -0.02299294 -0.52193999 0.23298392
v 0.00805133 -0.53137070 0.24321914
v -0.03317829 0.14892697 0.10726704
v -0.02343982 0.16853146 0.09190509
v -0.08846505 0.26421416 -0.01357704
v -0.21933345 -0.53912818 0.08155328
v -0.21850611 -0.51516545 0.12485374
v -0.18439922 -0.45515630 0.18250515
v -0.10678201 0.26057971 -0.01665009
v -0.05461444 -0.53106773 0.23663720
v -0.02039935 -0.53436637 0.24787132
v -0.07351282 0.26276040 -0.00156105
v -0.04982734 0.20324424 0.06518597
v -0.21495804 -0.53515446 0.13039166
v -0.07037015 0.24508218 0.02169513
v -0.14564708 -0.50136685 0.21294609
v -0.03650672 -0.53422230 0.24394377
v -0.21310835 -0.53504616 0.14943680
v -0.10748941 0.24348535 0.01302553
v -0.08975518 -0.52983636 0.22749101
v -0.12584981 -0.53408182 0.22487082
v -0.07302838 -0.53764504 0.24031895
v -0.19928327 -0.53471714 0.18294302
v -0.10981826 0.23344405 0.02512447
v -0.09256385 0.23805453 0.02342791
v -0.16856471 -0.53281033 0.21583855
v -0.18629569 -0.52555460 0.20041630
v -0.10102828 0.22160062 0.03839185
v -0.07145239 -0.52383107 0.22397104
v -0.14922842 -0.52900028 0.21887212
v -0.13731323 -0.51649523 0.21877910
v -0.10907064 -0.13067971 0.13272487
v -0.09490427 0.00124039 0.12603754
v -0.14765343 0.06679560 0.10158627
v -0.22257178 -0.48181480 0.06779547
v -0.22839634 -0.51774484 0.05917438
v -0.20918526 -0.38336602 0.12136883
v -0.01558946 -0.49523687 0.20463938
v -0.01399749 -0.51144433 0.22106870
v -0.00734576 -0.52701962 0.23874661
v -0.01369008 0.13121079 0.11729969
v -0.08771230 0.13168141 0.12162893
v -0.22287625 -0.53580141 0.06218391
v -0.03962838 0.18038374 0.08235909
v -0.03921433 0.16159818 0.09575007
v -0.05603233 0.18635841 0.07560584
v -0.08524971 0.16778988 0.08640662
v -0.05308557 0.14535570 0.10789858
v -0.05814714 0.16858137 0.08933388
v -0.07676052 0.18068521 0.07752059
v -0.21761979 -0.52306002 0.10266799
v -0.20649728 -0.52891481 0.16429594
v -0.05217582 -0.51569301 0.21894123
v -0.06839783 -0.50661552 0.20618334
v -0.08652583 0.25180963 0.00600706
v -0.11021020 -0.53219128 0.22537370
v -0.06271160 -0.24545896 0.16525733
v -0.16094021 -0.20694040 0.09888560
v -0.06149448 -0.13107854 0.16086750
v -0.04626919 0.02435179 0.15414590
v -0.15194765 0.09973008 0.07544442
v -0.15854926 0.06606062 0.06840365
v -0.21553215 -0.44077858 0.07001689
v -0.22382236 -0.47991696 0.05013807
v -0.22532041 -0.49899009 0.05335249
v -0.22239272 -0.50348794 0.06964102
v -0.22368497 -0.52131557 0.07382052
v -0.20695309 -0.38279602 0.08162931
v -0.02122012 -0.43082991 0.15853867
v -0.00373412 -0.50162494 0.21014315
v -0.04680104 0.12360357 0.14239994
v -0.01154680 0.13598318 0.14002027
v -0.10073571 0.18215407 0.07126980
v -0.09507886 0.14971155 0.09717198
v -0.21489267 -0.51642132 0.14672197
v -0.19917576 -0.51468223 0.18327680
v -0.20865156 -0.50391287 0.16409630
v -0.03051434 -0.50804627 0.21714497
v -0.03480644 -0.49823159 0.20444024
v -0.05346952 -0.47528818 0.18260072
v -0.06194463 -0.49172819 0.19408019
v -0.03867711 -0.52150053 0.22931421
v -0.09337517 -0.48445642 0.19216925
v -0.09912864 -0.50264555 0.20178242
v -0.08078871 -0.49454761 0.19545284
v -0.07547295 -0.47509465 0.18402039
v -0.20526290 -0.25215253 0.06772155
v -0.16043109 -0.12951870 0.07337743
v -0.15998530 0.08715542 0.05412940
v -0.16162892 0.06268059 0.05210730
v -0.15567277 0.04626243 0.06774253
v -0.22359866 -0.45957038 0.04738224
v -0.21895951 -0.45889926 0.06357406
v -0.22308357 -0.43976876 0.05445993
v -0.02040119 -0.38693362 0.14415082
v -0.02314121 -0.34983322 0.13921821
v -0.01973420 -0.46271276 0.17565873
v -0.01430953 -0.44890934 0.16746226
v -0.00280848 0.15607235 0.10227554
v -0.01585020 0.14461398 0.10126814
v -0.05016402 0.14091244 0.12956777
v -0.02498052 0.10064548 0.15595829
v -0.01232949 0.11759931 0.15088123
v -0.13460988 0.13033934 0.08816890
v -0.12032383 0.14619556 0.09108316
v -0.10983805 0.16315912 0.08145223
v -0.10696994 0.13766187 0.10684168
v -0.12437752 0.10834641 0.11388156
v -0.10881324 0.12099393 0.11737907
v -0.12400698 0.12619236 0.10120546
v -0.19840309 -0.49163279 0.18151578
v -0.18538202 -0.50297385 0.19589216
v -0.16952963 -0.50456828 0.20199883
v -0.02601843 -0.48227307 0.18976223
v -0.03866372 -0.46827179 0.17778537
v -0.03284544 -0.44953915 0.16701633
v -0.04005873 -0.42979202 0.16347398
v -0.02153964 -0.40646097 0.15012155
v -0.01737536 -0.27352169 0.16232401
v -0.00158739 -0.26065928 0.16945417
v -0.01974908 -0.25173607 0.17061532
v -0.03798833 -0.27099419 0.16014080
v -0.20113045 -0.29347417 0.05315137
v -0.01160920 -0.13156426 0.17368098
v -0.01885419 -0.15272787 0.17389575
v -0.15056580 -0.09404305 0.07110908
v -0.14492920 -0.05726794 0.06500026
v -0.16937445 -0.14222017 0.06249408
v -0.15471269 -0.11121342 0.06951369
v -0.17651802 -0.15516278 0.05128348
v -0.00762954 0.01638983 0.15571767
v -0.13977426 0.00236703 0.06293054
v -0.14036144 -0.01854732 0.06295349
v -0.15471263 0.07914623 0.07937910
v -0.15677373 0.03660713 0.05134737
v -0.15236394 0.05610759 0.08728840
v -0.21959516 -0.42415944 0.05822209
v -0.21997753 -0.50055039 0.10776031
v -0.21080631 -0.39397341 0.03564381
v -0.20859221 -0.37047616 0.04704485
v -0.00208090 -0.39448792 0.14365402
v -0.00109608 -0.35817373 0.13661546
v -0.00827630 -0.32002214 0.16473593
v -0.01233268 -0.30185071 0.15207811
v -0.03430057 -0.28904027 0.14492816
v -0.00514692 -0.41426805 0.15128058
v -0.03976903 0.13586892 0.11793256
v -0.02874522 0.13840738 0.13465109
v -0.06860086 0.12649854 0.13430817
v -0.08436770 0.14585570 0.11204357
v -0.06569797 0.14519911 0.12071781
v -0.02579220 0.12559451 0.14472461
v -0.00740224 0.09755006 0.15600562
v -0.03951757 0.11004338 0.14912146
v -0.21541613 -0.50089866 0.14491358
v -0.18288063 -0.47930163 0.19004606
v -0.05937560 -0.42536339 0.17018898
v -0.06103610 -0.40197608 0.16505063
v -0.04283069 -0.39411053 0.15413673
v -0.05873313 -0.37948158 0.15491694
v -0.07640032 -0.43531683 0.17923012
v -0.05673974 -0.44507772 0.17108002
v -0.01443774 -0.22748533 0.17735755
v -0.01157051 -0.20932706 0.17496806
v -0.01921253 -0.19212690 0.17497244
v -0.00752185 -0.28307974 0.15040842
v -0.02099293 -0.28145185 0.14738515
v -0.20909931 -0.25545639 0.04514362
v -0.20836359 -0.29936984 0.03380068
v -0.21293005 -0.31022835 0.04832821
v -0.00022983 -0.10967851 0.17157601
v -0.01030986 -0.08609648 0.16962796
v -0.04384569 -0.11315306 0.16586134
v -0.01579470 -0.06474218 0.16676155
v -0.15007818 -0.05335970 0.04786654
v -0.14537008 -0.03446396 0.05247121
v -0.14963733 -0.12131513 0.08781246
v -0.18758339 -0.19718082 0.05552223
v -0.00611438 0.03855580 0.15860763
v -0.00933095 0.05750314 0.16296376
v -0.02916368 0.03144862 0.15698998
v -0.03067927 0.01041424 0.15338010
v -0.13060939 -0.01106589 0.07927434
v -0.13577405 -0.03584660 0.07381928
v -0.14844920 0.02691092 0.06754556
v -0.14712882 0.03703602 0.08615533
v -0.21619768 -0.47374603 0.08456663
v -0.21721804 -0.44460562 0.10546571
v -0.21354970 -0.45304206 0.08633339
v -0.20686927 -0.40572372 0.07917690
v -0.21585359 -0.42030522 0.07933490
v -0.20979747 -0.41353065 0.10500801
v -0.21772936 -0.43304741 0.09410232
v -0.20989400 -0.36760142 0.06388940
v -0.21526644 -0.33482960 0.03760618
v -0.01689265 -0.37011525 0.13939212
v -0.04901670 -0.34879756 0.14002819
v -0.03907559 -0.37120384 0.14325389
v -0.03297116 -0.34190032 0.14760946
v -0.00927215 -0.34129310 0.15498276
v 0.00511919 -0.31180671 0.16266809
v -0.04210156 -0.31904542 0.16451605
v -0.08671765 0.09759124 0.14790039
v -0.10553617 0.10556374 0.13235801
v -0.07019617 0.15342647 0.10041639
v -0.00778419 0.07740895 0.15906259
v -0.04657996 0.09661396 0.15657134
v -0.06460665 0.10711138 0.14623062
v -0.06794189 0.08761298 0.15871918
v -0.08827768 0.11485419 0.13410032
v -0.20861034 -0.48735437 0.16381481
v -0.19666702 -0.47306329 0.17935795
v -0.16806363 -0.48671243 0.19489941
v -0.13991839 -0.43175331 0.18307759
v -0.07547363 -0.45586431 0.17914380
v -0.03946542 -0.18936361 0.17133954
v -0.05032637 -0.22812405 0.17108631
v -0.05271385 -0.21014550 0.16576687
v -0.18552436 -0.22079007 0.05196955
v -0.19918053 -0.23675983 0.06402415
v -0.18280469 -0.20827758 0.07269926
v -0.17240952 -0.21886310 0.08564166
v -0.18369770 -0.23221149 0.07071286
v -0.19419932 -0.24147813 0.08660546
v -0.19538969 -0.26515037 0.08236489
v -0.21381748 -0.32601711 0.06143185
v -0.20891659 -0.30401286 0.07026024
v -0.19828530 -0.28688020 0.07100691
v -0.02184082 -0.10808708 0.16996413
v -0.02882791 -0.08598435 0.16725266
v -0.03946606 -0.07101867 0.16283801
v -0.05191796 -0.08527693 0.15940303
v -0.04847511 -0.06232373 0.15830958
v 0.00935708 -0.17034470 0.17643358
v -0.00944673 -0.04244853 0.16421828
v -0.00921295 -0.02257507 0.16018350
v -0.04216297 -0.03905383 0.15667984
v -0.13701750 -0.05960393 0.08143292
v -0.02698819 0.06592216 0.16301228
v -0.02408456 0.04788055 0.16219617
v -0.06317860 0.03752065 0.15867317
v -0.06049961 -0.00354716 0.14397757
v -0.01778810 -0.00663927 0.15588476
v -0.12540270 -0.03079075 0.08797250
v -0.11056133 0.00216287 0.11223502
v -0.14224382 0.04562403 0.10722318
v -0.22163767 -0.49140450 0.08744739
v -0.21288703 -0.46422148 0.10442051
v -0.21755604 -0.49344015 0.12787871
v -0.21493833 -0.48183396 0.14545743
v -0.20674622 -0.39110625 0.05825860
v -0.21157990 -0.41017225 0.05567041
v -0.20547234 -0.39503181 0.10215253
v -0.21387760 -0.34742957 0.05241245
v -0.06015196 -0.35935020 0.14820498
v -0.02674186 -0.30366412 0.16100352
v -0.02787237 0.08535681 0.15981323
v -0.15448079 -0.49036801 0.20499490
v -0.12923759 -0.46246094 0.19959678
v -0.07583167 -0.38896456 0.16501842
v -0.02720307 -0.16887918 0.17316157
v -0.03203918 -0.21440129 0.17124029
v -0.10076325 -0.21223299 0.14335920
v -0.07082125 -0.22554758 0.16601659
v -0.17594342 -0.23421131 0.08702414
v -0.16950536 -0.19567367 0.08776295
v -0.17935643 -0.26164562 0.09477916
v -0.21032053 -0.26961532 0.06563690
v -0.20817466 -0.27668166 0.05007869
v -0.02638046 -0.02776374 0.15881096
v -0.02789938 -0.05070332 0.16272467
v -0.04193193 0.04821675 0.16239727
v -0.05947499 0.05284479 0.16364673
v -0.04662466 0.00438006 0.15068454
v -0.04096007 -0.01247189 0.15145697
v -0.05702678 -0.04966213 0.15203229
v -0.07355130 -0.06362528 0.14473605
v -0.06602994 -0.07729541 0.15138522
v -0.07230534 -0.09671526 0.15030485
v -0.06051107 -0.11187652 0.15942456
v -0.08032358 -0.11910641 0.14952350
v -0.09254830 -0.14160460 0.14560583
v -0.06334694 -0.15332869 0.16167398
v -0.08439640 -0.08055382 0.13876423
v -0.07875114 -0.14310479 0.15364416
v -0.08169304 -0.16311035 0.15326193
v -0.10160316 -0.09648863 0.12893376
v -0.06865496 -0.17526151 0.16081746
v -0.04944178 -0.17101704 0.16803458
v -0.09387039 -0.19391480 0.14616702
v -0.07529456 -0.20292524 0.15590519
v -0.06153699 -0.18969978 0.16448453
v -0.11051811 -0.04062185 0.10630973
v -0.10262804 -0.06095522 0.12060630
v -0.09383476 -0.04307134 0.12329078
v -0.11688756 -0.01374943 0.09914432
v -0.08408735 -0.02125826 0.13058719
v -0.07572629 -0.00816842 0.13647452
v -0.06188003 -0.02639545 0.14612818
v -0.12282623 0.02006127 0.11354687
v -0.11568927 0.07597554 0.14317982
v -0.13555735 0.02809517 0.10235608
v -0.21301451 -0.47515520 0.12320665
v -0.04762001 0.07311608 0.16327746
v -0.11055497 -0.48937467 0.20109826
v -0.12055477 -0.50346631 0.20922880
v -0.16600765 -0.46157295 0.18422204
v -0.14901143 -0.47291192 0.19871919
v -0.10422106 -0.43537426 0.18985872
v -0.04254713 -0.24951163 0.16818859
v -0.16130885 -0.15136342 0.08174516
v -0.19307283 -0.30359191 0.08820486
v -0.21046202 -0.33727562 0.09779078
v -0.21027012 -0.35396886 0.11152523
v -0.20964739 -0.37526229 0.10586185
v -0.20049813 -0.31701297 0.10154644
v -0.20987141 -0.31912947 0.08589835
v -0.21331218 -0.34122315 0.07572168
v -0.16279700 -0.29035935 0.14157383
v -0.20382525 -0.28162307 0.08663173
v -0.19250536 -0.28640795 0.10645563
v -0.18186885 -0.27016547 0.10724197
v -0.08369052 -0.33053976 0.14787449
v -0.17911296 -0.34079716 0.15249145
v -0.17804945 -0.28879422 0.12647943
v -0.06944636 -0.33663526 0.14465129
v -0.17413029 -0.31265166 0.12976149
v -0.19278836 -0.32430381 0.12395217
v -0.20395795 -0.33651513 0.11320512
v -0.16217867 -0.31076917 0.15089494
v -0.15982467 -0.25746569 0.10674717
v -0.18270862 -0.30766389 0.11085977
v -0.17824729 -0.32155368 0.14242445
v -0.05201094 -0.33472607 0.15600659
v -0.14312111 -0.10740473 0.08937081
v -0.12954354 -0.10092948 0.10469047
v -0.09827241 -0.17504960 0.14529389
v -0.10087030 -0.07676330 0.12496066
v -0.08991916 -0.06095595 0.13155253
v -0.06390695 0.01804364 0.14840753
v -0.09860310 0.03197351 0.14640945
v -0.08126373 0.03192607 0.15319483
v -0.08286320 0.05151294 0.16150165
v -0.08228657 0.01301646 0.14009389
v -0.09951603 0.02104536 0.13709876
v -0.07591411 -0.04484335 0.13890314
v -0.12560226 0.00799530 0.09663844
v -0.10401998 0.09037240 0.14482616
v -0.12174479 0.09300776 0.12883957
v -0.09476393 0.07304551 0.15737233
v -0.13670920 0.09117320 0.11126375
v -0.13699673 0.05478148 0.12120382
v -0.11352498 0.04676720 0.14465275
v -0.12986811 0.07752091 0.12819071
v -0.11478553 0.03143349 0.13499784
v -0.09718096 0.04510213 0.15408745
v -0.12848391 0.03910937 0.12535433
v -0.13098302 -0.48386714 0.20698212
v -0.15562230 -0.44783226 0.18263169
v -0.17934178 -0.41764441 0.17287099
v -0.17274240 -0.44069055 0.17995915
v -0.20752478 -0.39770257 0.12619075
v -0.09019326 -0.43083891 0.18420117
v -0.12580141 -0.44214693 0.18585564
v -0.07947271 -0.41263637 0.17563784
v -0.09217405 -0.39874825 0.17373404
v -0.09941620 -0.41769895 0.18173997
v -0.11759723 -0.42059466 0.18567365
v -0.03168134 -0.23457997 0.17465375
v -0.16309908 -0.17387180 0.08924594
v -0.15195541 -0.15978110 0.09877943
v -0.13206144 -0.16264707 0.11960892
v -0.14409651 -0.16803217 0.11013951
v -0.14217596 -0.25220200 0.11677304
v -0.08155058 -0.35097262 0.15214416
v -0.11476211 -0.33512962 0.14888266
v -0.20924869 -0.36455554 0.12721698
v -0.10247004 -0.15421581 0.13908954
v -0.11812403 -0.09138042 0.11328980
v -0.11633620 -0.06759854 0.10909659
v -0.10988118 0.01628521 0.12429265
v -0.07233527 0.06792797 0.16352874
v -0.08481307 0.08419387 0.15682580
v -0.13835430 0.11083192 0.09394158
v -0.14661744 0.08859155 0.09487094
v -0.14016166 0.07308093 0.11504304
v -0.10619012 0.06071540 0.15208623
v -0.21642554 -0.42945144 0.11595682
v -0.11637732 -0.47537825 0.19749881
v -0.14536242 -0.45715842 0.18690774
v -0.11266047 -0.45344174 0.19598550
v -0.10592544 -0.38537630 0.17331658
v -0.11684842 -0.17002164 0.13239180
v -0.11446726 -0.19218615 0.13298008
v -0.13287839 -0.18099269 0.12022289
v -0.14595068 -0.19209561 0.11048613
v -0.09170439 -0.22653466 0.15820365
v -0.08503614 -0.21141736 0.15268841
v -0.12106335 -0.14752802 0.12409449
v -0.14836879 -0.13822168 0.09392057
v -0.14733437 -0.22869354 0.11441074
v -0.16117784 -0.23890467 0.12246507
v -0.16073637 -0.22858578 0.10033221
v -0.04390236 -0.29923499 0.15865850
v -0.05913625 -0.30996498 0.16430345
v -0.07627130 -0.29788533 0.15979794
v -0.08955894 -0.31825569 0.16365695
v -0.09111609 -0.29804400 0.16019598
v -0.10758352 -0.31321988 0.16388810
v -0.14580503 -0.29603365 0.15114635
v -0.12737341 -0.29889399 0.15690136
v -0.07235079 -0.32120037 0.16324931
v -0.08053295 -0.36734709 0.15929420
v -0.10112391 -0.35369962 0.15962240
v -0.12629369 -0.35276550 0.15821876
v -0.13567676 -0.33309788 0.15074088
v -0.11327504 -0.36760935 0.16819169
v -0.09695999 -0.33326915 0.14778312
v -0.20251399 -0.34715486 0.12820615
v -0.17194326 -0.36150518 0.15928110
v -0.18627751 -0.36345354 0.14513728
v -0.16373780 -0.35061836 0.15293640
v -0.14334030 -0.31403521 0.16021384
v -0.16044474 -0.42618713 0.17688420
v -0.15993083 -0.41180331 0.17292759
v -0.14178070 -0.39713058 0.17518041
v -0.21308878 -0.41121626 0.13075270
v -0.21459572 -0.46181354 0.14533733
v -0.13247037 -0.40881529 0.18109874
v -0.11197832 -0.40024027 0.17897001
v -0.09343901 -0.37587118 0.16732404
v -0.17569043 -0.18728378 0.07475516
v -0.17081675 -0.16566464 0.07144530
v -0.18069200 -0.17764170 0.05703829
v -0.08359341 -0.24706472 0.15966327
v -0.10185488 -0.24541286 0.15285340
v -0.07375768 -0.26056173 0.15409292
v -0.05847364 -0.26405969 0.15695213
v -0.14501195 -0.23872691 0.13408762
v -0.11676446 -0.21821354 0.13460821
v -0.07706270 -0.28737476 0.14467725
v -0.12753345 -0.12970324 0.11692127
v -0.13577935 -0.14815736 0.11095790
v -0.14797820 -0.21157351 0.11115565
v -0.13236266 -0.20629710 0.12171773
v -0.17723656 -0.23941275 0.10792728
v -0.14102311 -0.28087071 0.14187399
v -0.12865353 -0.26853883 0.12657510
v -0.15214412 -0.27245823 0.12485121
v -0.10967980 -0.28985220 0.15364067
v -0.09426600 -0.28209519 0.13944732
v -0.08801537 -0.25942710 0.13858396
v -0.10843278 -0.27483335 0.13429557
v -0.11025630 -0.25338677 0.13147804
v -0.12027267 -0.28160888 0.14511268
v -0.13493057 -0.36873251 0.16900952
v -0.15274727 -0.36280578 0.16461378
v -0.12334546 -0.38355458 0.17514865
v -0.15978280 -0.33130413 0.15796179
v -0.20758101 -0.38025564 0.13915178
v -0.15644890 -0.39504832 0.17310770
v -0.17322664 -0.39922783 0.16776837
v -0.21749443 -0.45070332 0.12554969
v -0.20919436 -0.47292948 0.15984097
v -0.10725733 -0.22592275 0.15083542
v -0.12436814 -0.23677346 0.14644444
v -0.12813434 -0.24523662 0.12823170
v -0.05707194 -0.28879279 0.15193254
v -0.11638400 -0.11348686 0.12224817
v -0.13315471 -0.22531253 0.12516563
v -0.14437380 -0.38172886 0.17357090
v -0.14708230 -0.35196257 0.15317883
v -0.16108622 -0.38025296 0.16090155
v -0.20728841 -0.39986897 0.14697021
v -0.19282022 -0.38450089 0.14661077
v -0.17837380 -0.38511127 0.15233655
v -0.21505982 -0.42834061 0.13161337
v -0.20954627 -0.44338712 0.14581424
v -0.20198144 -0.45269379 0.16700903
v -0.19846000 -0.42848316 0.16322303
v -0.19305275 -0.40315536 0.16040516
v -0.20625196 -0.42120823 0.14678186
v -0.08727171 -0.51327682 0.21045338
v -0.06168464 0.23163886 0.04085097
v -0.08011047 0.23006314 0.03551736
v -0.06583422 0.21786089 0.05116164
v -0.08888155 0.19788645 0.06133741
v -0.07175234 0.20036507 0.06278913
v -0.08511896 0.21471283 0.04815277
v -0.10061744 0.20877741 0.05042448
v -0.03501063 -0.13097300 0.16987199
v -0.13783835 -0.08757212 0.09135551
v -0.14216173 -0.07546577 0.08069514
v -0.04412613 -0.15082105 0.16833588
v -0.12686776 -0.32034984 0.16030556
v 0.16744186 0.08891150 0.02159655
v 0.16536033 0.05307595 0.03553059
v 0.15984026 0.03187472 0.04205739
v 0.14877054 -0.03063208 0.03874892
v 0.15132509 -0.05120734 0.03728415
v 0.15671593 -0.07128280 0.03700728
v 0.16007121 -0.09221586 0.03636566
v 0.16647525 -0.11480443 0.03893575
v 0.17880043 -0.15140437 0.03807952
v 0.18455479 -0.16901730 0.02989175
v 0.20036367 -0.22889268 0.02744458
v 0.21427511 -0.30270052 0.02423995
v 0.21742447 -0.32058373 0.02442943
v 0.21605861 -0.34012169 0.02574132
v 0.22079934 -0.35924578 0.02630662
v 0.22337571 -0.37580550 0.02762225
v 0.21959713 -0.39723969 0.02132651
v 0.22451392 -0.41274270 0.03214847
v 0.23375188 -0.46587184 0.03599063
v 0.23216730 -0.48497495 0.02819794
v 0.22798742 -0.51152688 0.03482650
v 0.22602144 -0.53109896 0.03811550
v 0.22553395 -0.54744446 0.04300520
v 0.22531718 -0.55027419 0.04210915
v 0.22538264 -0.55310011 0.04113098
v 0.22242780 -0.55446714 0.05962865
v 0.22026305 -0.55445510 0.07900882
v 0.21957332 -0.55423564 0.09749294
v 0.21847200 -0.55368471 0.11598588
v 0.21730837 -0.55304617 0.13434806
v 0.21541828 -0.55200654 0.15256406
v 0.21166384 -0.55069780 0.17041162
v 0.20445448 -0.54921019 0.18702316
v 0.19468290 -0.54767251 0.20205788
v 0.18125154 -0.54638106 0.21430472
v 0.16665420 -0.54500198 0.22532308
v 0.14999484 -0.54411000 0.23326132
v 0.13266230 -0.54355437 0.23910803
v 0.11493562 -0.54329693 0.24364302
v 0.09681685 -0.54312277 0.24772094
v 0.07880231 -0.54284322 0.25141120
v 0.06148104 -0.54225028 0.25457516
v 0.04344214 -0.54218501 0.25681478
v 0.02514974 -0.54272979 0.25795686
v 0.01534050 0.17562735 0.08588363
v 0.03025240 0.19065973 0.07838203
v 0.04280556 0.20693620 0.06699055
v 0.05084594 0.22742192 0.05132836
v 0.05644733 0.24643095 0.03064133
v 0.06283990 0.26525506 0.00944759
v 0.06820966 0.27746657 -0.01864814
v 0.06878754 0.27329889 -0.05103290
v 0.09956558 0.26916116 -0.03568228
v 0.12092190 0.26509294 -0.03426412
v 0.13030885 0.25892651 -0.01749546
v 0.13318771 0.25473619 -0.00014816
v 0.12910499 0.24663527 0.01599003
v 0.12417755 0.23506711 0.02818227
v 0.12119082 0.22065637 0.04155836
v 0.12216208 0.20359859 0.05431038
v 0.12790126 0.18359184 0.06413919
v 0.13683504 0.16303666 0.06993587
v 0.14678536 0.14291063 0.07246114
v 0.15744255 0.12319466 0.06584530
v 0.16555348 0.10354708 0.05147479
v 0.04339973 -0.51629102 0.22814900
v 0.01453710 0.15713185 0.08992254
v 0.07922059 0.17167586 0.08873788
v 0.08159375 0.27421305 -0.03656894
v 0.22581737 -0.46756211 0.11212104
v 0.08905721 -0.51757407 0.22011939
v 0.07202724 0.20096038 0.06609560
v 0.08182904 0.23288631 0.03600098
v 0.09206116 0.26905525 -0.01832970
v 0.07331790 0.25442857 0.01468018
v 0.22798771 -0.50471711 0.12197796
v 0.04935588 -0.53195161 0.24424566
v 0.05827791 0.21394737 0.05962405
v 0.06359671 0.23510697 0.04092722
v 0.11080475 0.26307330 -0.01342431
v 0.10797328 0.25151366 0.00733794
v 0.07691830 0.26918659 -0.00757717
v 0.15066990 -0.51547718 0.21281305
v 0.21979907 -0.50686562 0.15255259
v 0.22222382 -0.54398006 0.07247917
v 0.09324130 -0.53280860 0.23664400
v 0.12046824 -0.53105319 0.23068660
v 0.15574613 -0.53044617 0.22332393
v 0.22038528 -0.53730583 0.12710822
v 0.20796435 -0.53199440 0.18010110
v 0.06522722 -0.52659780 0.23516265
v 0.18528028 -0.52669930 0.20799081
v 0.16928789 -0.51833433 0.21402425
v 0.13940442 -0.53243589 0.22819705
v 0.16925851 -0.53204125 0.21962087
v 0.14761446 -0.25966638 0.14033610
v 0.10592717 0.00376428 0.13423304
v 0.15068802 0.07766961 0.10682057
v 0.03610552 -0.49978265 0.21028964
v 0.04352132 0.14515299 0.11167423
v 0.07707193 -0.38427737 0.16725156
v 0.23133884 -0.46734619 0.07619019
v 0.02187925 -0.52309567 0.23430568
v 0.02326378 -0.51081842 0.22150740
v 0.07604088 0.24377558 0.02643503
v 0.07507552 0.21993726 0.05068431
v 0.09237814 0.20354009 0.05996374
v 0.09789274 0.21766652 0.04637224
v 0.10871421 0.20724158 0.05373908
v 0.11198366 0.19176161 0.06442066
v 0.10402034 0.22886139 0.03475786
v 0.09908187 0.18387443 0.07367433
v 0.11789308 0.16817996 0.07832822
v 0.06522784 0.18484075 0.07896344
v 0.08328725 0.18722695 0.07509717
v 0.10371523 0.13081349 0.12066156
v 0.02989261 0.16992848 0.09305964
v 0.10075191 0.14605334 0.10390569
v 0.09782793 0.16552100 0.08887292
v 0.22457352 -0.53649271 0.05721066
v 0.23246333 -0.52402794 0.05286808
v 0.22872759 -0.52584761 0.07561027
v 0.22915342 -0.49696392 0.10128842
v 0.23186557 -0.51062018 0.08603214
v 0.22810180 -0.51589924 0.10594703
v 0.22992451 -0.49217770 0.08085127
v 0.23476768 -0.50202817 0.05291872
v 0.22251937 -0.53724372 0.10918740
v 0.22438839 -0.53240705 0.09213924
v 0.22636014 -0.48477843 0.11524771
v 0.22656579 -0.48149303 0.09478519
v 0.22325341 -0.51776105 0.13794665
v 0.21890922 -0.53085184 0.14702858
v 0.21442355 -0.52995008 0.16463828
v 0.08831578 0.25877684 0.00179127
v 0.20307133 -0.50940537 0.18865851
v 0.18915963 -0.24964352 0.09223592
v 0.07813512 -0.29545042 0.15351832
v 0.15058546 -0.12187687 0.09049148
v 0.07879363 -0.08136526 0.14928058
v 0.15642253 0.09827533 0.07967706
v 0.01427602 -0.49853486 0.20781298
v 0.13296166 0.14879535 0.08343060
v 0.11548927 0.14861080 0.09433345
v 0.11866871 0.13143876 0.10922275
v 0.23492421 -0.46578807 0.05481189
v 0.23144786 -0.41888410 0.06208032
v 0.05165029 -0.50258452 0.20778444
v 0.06720975 -0.51452726 0.21878171
v 0.05331218 0.19538511 0.07287029
v 0.04962735 0.17716645 0.08639302
v 0.04682049 0.16010898 0.09920841
v 0.06406805 0.16957927 0.09155950
v 0.06346910 0.15310127 0.10643516
v 0.02841124 0.15328595 0.10500462
v 0.00833188 0.13767339 0.10440279
v 0.02685490 0.13430625 0.11854474
v 0.22532882 -0.52195668 0.12118664
v 0.23438743 -0.50828892 0.06705856
v 0.23451680 -0.48725680 0.06393024
v 0.23502886 -0.48560721 0.04748732
v 0.17189927 -0.48429653 0.19612294
v 0.13967162 -0.49633437 0.20135419
v 0.11727624 -0.46496204 0.18793866
v 0.13574570 -0.47870129 0.19107613
v 0.16245228 -0.50134224 0.20483932
v 0.15772930 -0.48302317 0.19305794
v 0.18517764 -0.50467837 0.20278040
v 0.19244525 -0.49015826 0.19432618
v 0.18064064 -0.44623783 0.18254408
v 0.13361004 -0.45839998 0.18669215
v 0.15193141 -0.46563357 0.18545881
v 0.16382915 -0.44596437 0.17956814
v 0.12261993 -0.44073352 0.17982812
v 0.10070622 -0.44954562 0.18036586
v 0.10605469 -0.42637175 0.17361473
v 0.12628199 -0.41962889 0.16790882
v 0.08797972 -0.42848679 0.17525491
v 0.15773086 -0.42410979 0.17111105
v 0.13800628 -0.43047404 0.17244014
v 0.08427235 -0.45943543 0.18887559
v 0.10292274 -0.46791834 0.19385783
v 0.08424287 -0.47344050 0.19605723
v 0.08308288 -0.48982579 0.20274213
v 0.08974580 -0.41331071 0.16579622
v 0.19721052 -0.42244843 0.16038391
v 0.22516033 -0.47467658 0.14357375
v 0.17995521 -0.42788953 0.17617431
v 0.14280033 -0.44396776 0.18015461
v 0.10758487 -0.40780002 0.16573729
v 0.07642242 -0.44189832 0.17932495
v 0.06946883 -0.42604375 0.17161892
v 0.22634773 -0.46852106 0.13031460
v 0.22426179 -0.45100135 0.14828193
v 0.22164187 -0.48871452 0.15175697
v 0.06261438 -0.45843530 0.17852584
v 0.22577584 -0.49506801 0.13696241
v 0.06335503 -0.41338429 0.16219565
v 0.03967791 -0.45360479 0.16935442
v 0.05483893 -0.43909654 0.16870581
v 0.13156587 -0.51546711 0.21682714
v 0.09919842 -0.49922577 0.20997280
v 0.19347779 -0.24979326 0.05561466
v 0.03881326 -0.22515395 0.16751300
v 0.05048929 -0.33837333 0.15153706
v 0.13846731 -0.03189490 0.07155222
v 0.14282815 0.00529459 0.07241419
v 0.04825463 0.03432189 0.16149849
v 0.03920764 -0.00336194 0.15775457
v 0.02731053 -0.03970094 0.16433258
v 0.16223814 0.04795264 0.05788253
v 0.16270116 0.06667345 0.06799509
v 0.16547666 0.06658830 0.05016638
v 0.15815994 0.04630233 0.07618704
v 0.15998271 0.10528544 0.06556489
v 0.14430480 0.12925649 0.08289043
v 0.16553350 0.08916982 0.04750447
v 0.01936746 -0.48082063 0.19150609
v 0.08397686 0.14118531 0.11320029
v 0.12936495 0.10369503 0.12252368
v 0.02478136 0.13700408 0.14002158
v 0.02086718 -0.39208868 0.14483483
v 0.23272295 -0.44648713 0.04568078
v 0.22966604 -0.40709972 0.05031125
v 0.22429731 -0.37046841 0.04596220
v 0.04457228 0.14166132 0.13053265
v 0.18806495 -0.47252172 0.19020888
v 0.16988848 -0.46530610 0.18754297
v 0.04547602 -0.48757550 0.19341862
v 0.06316388 -0.48699331 0.19460946
v 0.06516968 -0.47372207 0.18710867
v 0.06525089 -0.49997827 0.20493743
v 0.21515799 -0.48911572 0.16995344
v 0.03216879 -0.43542796 0.15988886
v 0.04175486 -0.40453213 0.15587507
v 0.06830078 -0.39762694 0.16582207
v 0.05783169 -0.37507680 0.15630370
v 0.02058942 -0.44779900 0.16616541
v 0.02313568 -0.46312809 0.17520908
v 0.11083189 -0.51741886 0.21998209
v 0.11948310 -0.49858204 0.20962830
v 0.11874811 -0.48393044 0.19986841
v 0.08245460 -0.50504327 0.21002360
v 0.20071422 -0.23137918 0.05080269
v 0.20957087 -0.27624306 0.05104102
v 0.19383872 -0.24356253 0.03308927
v 0.20142011 -0.26353857 0.03587468
v 0.04857169 -0.18932539 0.17293288
v 0.03358001 -0.35188553 0.14097142
v 0.17324230 -0.13444430 0.04045190
v 0.16648707 -0.12702455 0.05881792
v 0.17858954 -0.16387178 0.05454862
v 0.16051230 -0.10365743 0.05437941
v 0.15560974 -0.09391040 0.06626738
v 0.02337683 -0.07014007 0.16808668
v 0.02923916 -0.15184559 0.17442387
v 0.03180155 -0.12782913 0.17207719
v 0.01043406 -0.13153465 0.17424285
v 0.14934433 0.00890380 0.04733964
v 0.15421088 0.02625449 0.06072210
v 0.02674305 0.03955805 0.15977550
v 0.03840057 0.01619150 0.16022739
v 0.04035933 -0.47307631 0.18137321
v 0.08453145 0.15679803 0.10016690
v 0.06416017 0.13720502 0.12072168
v 0.07503238 0.11322919 0.14265835
v 0.06398590 0.12887761 0.13870487
v 0.03842596 0.12327895 0.14566815
v 0.08592810 0.12975217 0.13069600
v 0.01635906 0.11973041 0.14931004
v 0.02853603 0.10086128 0.15147394
v 0.19578870 -0.43916625 0.17151347
v 0.03201061 -0.48755291 0.19723836
v 0.20555456 -0.49592632 0.18350576
v 0.21193919 -0.50880200 0.17501344
v 0.05224810 -0.39341840 0.15994495
v 0.10148754 -0.48297843 0.20295279
v 0.19473778 -0.21036687 0.03747369
v 0.18865536 -0.21691859 0.05984838
v 0.19692479 -0.23424996 0.07442898
v 0.17973940 -0.22105075 0.07832395
v 0.20276652 -0.26669091 0.06106520
v 0.20089848 -0.26495302 0.08364201
v 0.18444827 -0.22924796 0.09769528
v 0.16788545 -0.21473452 0.09063065
v 0.21186864 -0.28611699 0.03405914
v 0.21261474 -0.29345703 0.05769560
v 0.21033770 -0.28016308 0.07462201
v 0.20662078 -0.30079877 0.07924046
v 0.19939478 -0.26487958 0.09782359
v 0.22140466 -0.32928351 0.04158956
v 0.21581672 -0.30940104 0.04124239
v 0.01732257 -0.22901431 0.17056410
v 0.01864442 -0.25648913 0.17044248
v 0.02249839 -0.30454326 0.15087704
v 0.02480699 -0.31875676 0.16707851
v 0.15787949 -0.11544217 0.07325929
v 0.18492100 -0.17855102 0.04691384
v 0.18969569 -0.18837589 0.03333233
v 0.18071976 -0.19841877 0.07734846
v 0.16903043 -0.18391423 0.08842453
v 0.17785662 -0.17908725 0.06879146
v 0.16817211 -0.16366020 0.07812860
v 0.15619151 -0.17291734 0.09885302
v 0.16712402 -0.19821645 0.09856068
v 0.17293827 -0.14952029 0.06050185
v 0.16204172 -0.13952410 0.07864929
v 0.13488747 -0.18965501 0.12920335
v 0.15566425 -0.07969822 0.05373958
v 0.14058754 -0.05367266 0.07670152
v 0.15082043 -0.06174784 0.05678581
v 0.02710687 -0.18057498 0.17550729
v 0.04829402 -0.16447565 0.17104727
v 0.03061203 0.07968125 0.15807948
v 0.04221544 -0.02491895 0.16201952
v 0.05603440 -0.01684183 0.15905723
v 0.02251127 -0.01917198 0.16200843
v 0.21958014 -0.35272381 0.04980645
v 0.22292261 -0.33538923 0.06572766
v 0.22708838 -0.38112363 0.07930727
v 0.22721165 -0.39182335 0.04113473
v 0.19191706 -0.45829150 0.18359075
v 0.21849248 -0.46698636 0.16208079
v 0.20504582 -0.46503064 0.17597966
v 0.20918187 -0.45109725 0.16868746
v 0.20572634 -0.47898644 0.17887983
v 0.01466340 -0.42871660 0.15619755
v 0.02883210 -0.41459599 0.15234962
v 0.08047061 -0.36122748 0.15370040
v 0.19309974 -0.25585368 0.07454243
v 0.16733447 -0.22260627 0.10973523
v 0.15317804 -0.21144773 0.10496734
v 0.16490991 -0.24919926 0.12751183
v 0.17886581 -0.26287889 0.11740948
v 0.15694492 -0.22603562 0.12184642
v 0.17518838 -0.24134798 0.11571993
v 0.04786827 -0.24288817 0.17087758
v 0.03248129 -0.24935950 0.17171924
v 0.07562226 -0.25917485 0.16443831
v 0.06294688 -0.23593999 0.16090561
v 0.06082337 -0.25405934 0.17003836
v 0.05956946 -0.27560085 0.15977009
v 0.03043875 -0.33923107 0.15617830
v 0.04313594 -0.32285056 0.16902052
v 0.06232627 -0.32508802 0.16800503
v 0.01907391 -0.37074178 0.13804537
v 0.03805539 -0.38149512 0.15047626
v 0.13523473 -0.12249208 0.11121573
v 0.18718076 -0.19439778 0.05405838
v 0.15769385 -0.15593150 0.09466664
v 0.13464519 -0.21447386 0.12100408
v 0.14845499 -0.19555713 0.11819223
v 0.10460360 -0.20882565 0.14570685
v 0.14542530 -0.23547263 0.13591629
v 0.12305464 -0.20252162 0.13492429
v 0.11584697 -0.21969023 0.13432896
v 0.15665098 -0.18743454 0.10647260
v 0.14731702 -0.04589783 0.05560695
v 0.14693408 -0.07556953 0.07541382
v 0.14922802 -0.10198373 0.08391993
v 0.01362632 -0.09410798 0.17018323
v 0.03557388 -0.10886405 0.16953412
v 0.05667684 -0.10566005 0.16350068
v 0.07154271 -0.12017003 0.15988995
v 0.03937453 -0.08859122 0.16698866
v 0.14498314 -0.03010014 0.05384870
v 0.14808789 -0.01272190 0.04278662
v 0.13349861 -0.01564413 0.08389831
v 0.07242926 0.03582895 0.16065341
v 0.06502489 0.04911041 0.16272053
v 0.08291183 0.02146583 0.15423472
v 0.22399075 -0.37438530 0.06358733
v 0.22761425 -0.40334186 0.07041617
v 0.09458524 -0.36947742 0.16492821
v 0.05547919 -0.35650653 0.14343649
v 0.18914339 -0.25309858 0.10772974
v 0.03726771 -0.28380370 0.15496312
v 0.05281750 -0.21259138 0.17039718
v 0.07281935 -0.21389212 0.16222733
v 0.04003752 -0.30814880 0.15477371
v 0.08533507 -0.33169362 0.16221735
v 0.14710632 -0.13923433 0.10100241
v 0.12974522 -0.14099719 0.12105981
v 0.14315999 -0.15751208 0.11226624
v 0.13922970 -0.17647517 0.11757288
v 0.12464302 -0.16247043 0.12960081
v 0.11952093 -0.17682944 0.13424040
v 0.03639225 -0.20221464 0.17600694
v 0.01811701 -0.11254738 0.17190719
v 0.05542096 -0.12714690 0.16696692
v 0.09306781 -0.14313693 0.15077364
v 0.07487208 -0.10061342 0.15437713
v 0.14264311 -0.01209096 0.06208866
v 0.14679158 0.02287466 0.08179775
v 0.15176955 0.04102717 0.09484594
v 0.06083426 0.00165467 0.15510041
v 0.05272587 0.08934401 0.15646215
v 0.05316984 0.11121009 0.14689913
v 0.06689672 0.10112521 0.15121740
v 0.10241904 0.08539693 0.15191355
v 0.08993571 0.09819675 0.14918870
v 0.09972652 0.11178607 0.13622224
v 0.11749917 0.11440271 0.12401704
v 0.13204451 0.07098844 0.13723081
v 0.07341563 -0.01216726 0.15267554
v 0.06454981 0.01696641 0.15788266
v 0.08429362 0.00540003 0.14883539
v 0.22606751 -0.39042866 0.05879286
v 0.23097028 -0.44407681 0.07477420
v 0.22746024 -0.45826313 0.09318471
v 0.10006764 -0.38599321 0.17078388
v 0.04353678 -0.26541752 0.16800879
v 0.05764118 -0.29171941 0.14993265
v 0.06045382 -0.30371624 0.16203922
v 0.09872412 -0.22736479 0.14565109
v 0.06427936 -0.19649526 0.16801745
v 0.07837948 -0.19724350 0.16239126
v 0.06571912 -0.17901482 0.16672184
v 0.08739913 -0.16003855 0.15526333
v 0.06778756 -0.15375206 0.16392350
v 0.07779390 -0.13688542 0.15832144
v 0.11810994 -0.14295371 0.13215475
v 0.10601175 -0.13511440 0.14073621
v 0.07385641 -0.33961588 0.14878821
v 0.10452716 -0.33286574 0.16123556
v 0.09826425 -0.34300876 0.14931121
v 0.09673297 -0.31462175 0.16783218
v 0.10373192 -0.35363951 0.15981187
v 0.13000560 -0.22934893 0.14061891
v 0.11473818 -0.19056113 0.14341985
v 0.12852906 -0.03600500 0.09045512
v 0.13195050 -0.06028370 0.09360136
v 0.12658416 -0.07767799 0.10560337
v 0.13931622 -0.08291905 0.09178717
v 0.10662871 -0.08994182 0.12869932
v 0.11481426 -0.05367001 0.11188465
v 0.11930002 -0.09020653 0.11672516
v 0.11968132 -0.03841615 0.10364611
v 0.09447175 -0.07615887 0.13603880
v 0.09639747 -0.05279701 0.12946455
v 0.11048826 -0.06867310 0.11969563
v 0.10957327 -0.03507942 0.11595263
v 0.09292370 -0.03019141 0.13416296
v 0.12754811 -0.10868519 0.11550541
v 0.13534905 -0.09763819 0.10256600
v 0.06132025 -0.08105357 0.15923935
v 0.15252304 0.05930797 0.10555642
v 0.07966070 0.08393863 0.15785021
v 0.06531092 0.06668177 0.16220388
v 0.08551790 0.05793753 0.16235569
v 0.08977526 -0.01311004 0.14075485
v 0.22837025 -0.42336687 0.08214385
v 0.23403724 -0.45142105 0.06067150
v 0.23281902 -0.43623355 0.05956062
v 0.22738907 -0.44876546 0.11558633
v 0.22821881 -0.43848553 0.09695502
v 0.03799371 -0.36807162 0.14237183
v 0.16399601 -0.29065606 0.13912979
v 0.15967484 -0.27250960 0.12518716
v 0.17443894 -0.28137657 0.11898747
v 0.18963328 -0.27724755 0.10589807
v 0.07545394 -0.27612099 0.15031029
v 0.09402312 -0.26380178 0.15746275
v 0.10772757 -0.15840600 0.14226346
v 0.08897447 -0.12037341 0.14967974
v 0.14349334 -0.11079938 0.09789545
v 0.09718781 -0.19254437 0.15349902
v 0.09395631 -0.09717528 0.14079709
v 0.10811717 -0.01733842 0.12294460
v 0.12156943 -0.01947149 0.10419744
v 0.12185691 0.00039573 0.11475462
v 0.13333012 0.00354465 0.09593031
v 0.13223684 0.03170775 0.12577820
v 0.13718137 0.02198735 0.10530580
v 0.12347437 0.01501925 0.12243600
v 0.12144715 -0.12360737 0.12566060
v 0.15845308 0.07831022 0.08555625
v 0.14284939 0.06660385 0.12410185
v 0.11865902 0.03845831 0.14405032
v 0.10531929 0.05842504 0.15776707
v 0.09732749 0.03817685 0.15711971
v 0.11995699 0.06568959 0.14830567
v 0.11721728 0.02624045 0.13826349
v 0.09942336 0.01989176 0.14671116
v 0.13319990 0.05004804 0.13529064
v 0.23016645 -0.40127239 0.09341338
v 0.22227359 -0.38730922 0.10266120
v 0.23093203 -0.41664073 0.10043187
v 0.10187913 -0.17482811 0.14671521
v 0.06297882 -0.04674237 0.15474838
v 0.07022174 -0.06296981 0.15281962
v 0.08200908 -0.04488184 0.14365408
v 0.07091523 -0.02808789 0.14862020
v 0.04948889 -0.03941226 0.15817751
v 0.08334621 -0.06450154 0.14359815
v 0.14363320 0.04305543 0.11665988
v 0.15773806 0.06290315 0.09034036
v 0.15177792 0.09181130 0.09619200
v 0.14596309 0.11057726 0.09389327
v 0.13288382 0.11629373 0.10863153
v 0.14198692 0.09731272 0.11069027
v 0.13595068 0.08778542 0.12582475
v 0.13251466 0.13121137 0.09734892
v 0.20330365 -0.37485766 0.15021273
v 0.22377080 -0.43184626 0.14270207
v 0.10874807 -0.11058582 0.13239922
v 0.21481271 -0.38136739 0.12661743
v 0.22938031 -0.42926133 0.12032347
v 0.19236708 -0.40304652 0.15518409
v 0.17791529 -0.41055247 0.17006840
v 0.14442858 -0.40697157 0.16927020
v 0.13777396 -0.38585788 0.17240089
v 0.12207507 -0.39549655 0.17211150
v 0.11006396 0.24152380 0.02088028
v 0.09203575 0.24424548 0.02015181
v 0.21498461 -0.31542361 0.06041557
v 0.20782968 -0.28450722 0.09520240
v 0.04843029 -0.14543204 0.17056410
v 0.22081232 -0.37079933 0.09248722
v 0.22000337 -0.36070848 0.07155155
v 0.07755801 -0.31173196 0.16850260
v 0.11516234 -0.23429826 0.15054974
v 0.09951825 -0.24050084 0.15917130
v 0.11110310 -0.25356996 0.15628290
v 0.11745539 -0.26898476 0.14957342
v 0.09977725 -0.27901736 0.14504814
v 0.09937027 -0.29222861 0.15735492
v 0.08254156 -0.23095524 0.15310943
v 0.08378336 -0.24503656 0.16436002
v 0.12409562 -0.28922132 0.14375137
v 0.11418127 -0.29993218 0.16204819
v 0.14908177 -0.29270709 0.13836077
v 0.13058046 -0.25120768 0.14876726
v 0.08873972 -0.21337196 0.15426093
v 0.13464829 -0.27415451 0.14637336
v 0.03238113 -0.05472282 0.16504531
v 0.04848894 -0.06375916 0.16203776
v 0.21241710 -0.41242445 0.15424541
v 0.22276080 -0.41321102 0.13516477
v 0.20225453 -0.39174718 0.15513778
v 0.16453731 -0.33680421 0.14353521
v 0.20985004 -0.35842627 0.13736403
v 0.18409503 -0.34616247 0.13707681
v 0.19933964 -0.34971410 0.13217266
v 0.19173644 -0.36259592 0.14745735
v 0.14289065 -0.36885476 0.16789591
v 0.15642288 -0.38670015 0.16438627
v 0.15037599 -0.34886396 0.15964712
v 0.12683785 -0.35152280 0.16177011
v 0.17506641 -0.35742089 0.15149164
v 0.16518266 -0.36905673 0.16266865
v 0.17384005 -0.39389235 0.15899737
v 0.11873588 -0.37067485 0.16785556
v 0.14631522 -0.32820219 0.14882667
v 0.13268185 -0.33907834 0.15018676
v 0.11539399 -0.34137991 0.15048409
v 0.13459621 -0.31661010 0.16412573
v 0.11710985 -0.32443729 0.16505709
v 0.13836880 -0.29950276 0.15625180
v 0.15548532 -0.31743371 0.15886633
v 0.16224046 -0.30410862 0.15226915
v 0.18659763 -0.37948877 0.15798333
v 0.17871615 -0.30728322 0.14445041
v 0.17595504 -0.32629719 0.14920355
v 0.21843566 -0.33803916 0.10652780
v 0.21102922 -0.32204083 0.10579425
v 0.21899958 -0.33090949 0.09028658
v 0.21435443 -0.31941044 0.08341815
v 0.20674269 -0.32814410 0.12632523
v 0.21647321 -0.34418476 0.12344580
v 0.19857152 -0.31428790 0.11491712
v 0.19821480 -0.29387832 0.11647085
v 0.19119930 -0.32879725 0.14087662
v 0.18542938 -0.29067358 0.12754518
v 0.19056253 -0.31144455 0.13093702
v 0.22048709 -0.36605284 0.11413254
v 0.22166064 -0.35404825 0.10489030
v 0.22291264 -0.34755486 0.08707961
v 0.22218888 -0.55575842 0.02138638
v 0.22068144 -0.55732846 0.00228464
v 0.21856932 -0.55794108 -0.01679678
v 0.21662566 -0.55754805 -0.03581040
v 0.21433693 -0.55671090 -0.05459991
v 0.21206036 -0.55587304 -0.07337217
v 0.20875251 -0.55517000 -0.09192079
v 0.19876002 -0.55417204 -0.10802134
v 0.18671982 -0.55394542 -0.12281856
v 0.17455855 -0.55402488 -0.13790545
v 0.16089407 -0.55418998 -0.15158312
v 0.14413337 -0.55478007 -0.16185273
v 0.12609893 -0.55430830 -0.17035028
v 0.10779189 -0.55284703 -0.17717232
v 0.08961347 -0.55050528 -0.18348223
v 0.07123407 -0.54853433 -0.18855631
v 0.05255585 -0.54685545 -0.19258592
v 0.03356162 -0.54572016 -0.19502530
v 0.01449024 -0.54502356 -0.19601542
v -0.00454385 -0.54450041 -0.19586092
v -0.00328295 -0.51332420 -0.17128569
v 0.00266935 -0.47900784 -0.14795464
v 0.00410157 -0.42932692 -0.11115711
v 0.00487015 -0.40731791 -0.10301868
v -0.00248064 -0.37359992 -0.09870028
v -0.00037635 -0.35374662 -0.10036311
v -0.00089430 -0.33473060 -0.10427801
v -0.00194333 -0.31696352 -0.10963295
v -0.00069017 -0.29920626 -0.11605311
v -0.00520021 -0.26334146 -0.13223699
v -0.00205033 -0.21746109 -0.12634543
v 0.00307089 -0.17361379 -0.11051188
v 0.00126025 -0.15188128 -0.10398123
v -0.00272749 -0.13578872 -0.10102645
v -0.00172532 -0.11808248 -0.09604561
v 0.00333193 -0.10037040 -0.09314375
v -0.01148450 -0.04799928 -0.08578081
v -0.00660932 -0.02486365 -0.08846560
v -0.00590637 -0.00597986 -0.09210819
v -0.00308418 0.06766535 -0.11304434
v -0.00280414 0.08734002 -0.11743619
v -0.00213501 0.12572330 -0.12461571
v -0.00217549 0.16442882 -0.10718598
v 0.00010958 0.18182614 -0.08776245
v 0.00920368 0.19852114 -0.09088487
v 0.02259103 0.21235748 -0.08992876
v 0.03653704 0.22664192 -0.08804349
v 0.04961609 0.24222681 -0.08303347
v 0.06046999 0.25899285 -0.07155782
v 0.12687422 0.25471911 -0.05150125
v 0.13168687 0.24076493 -0.06466921
v 0.13436088 0.22376053 -0.07600491
v 0.13565460 0.20374355 -0.08393222
v 0.13778365 0.18285641 -0.09054532
v 0.14019053 0.16055393 -0.09220499
v 0.14449213 0.13821304 -0.08853649
v 0.15099020 0.11695644 -0.07915533
v 0.15723608 0.10153771 -0.06185753
v 0.16437951 0.09338920 -0.03885482
v 0.16681142 0.09038851 -0.01705726
v 0.11667322 0.02757130 -0.07602946
v 0.07041393 0.16943492 -0.11493258
v 0.16355169 0.07773843 -0.02292298
v 0.13447943 0.09063584 -0.08649099
v 0.10661255 0.17760693 -0.10643884
v 0.09684025 0.25580707 -0.06634951
v 0.10605177 0.24019782 -0.07741350
v 0.06783698 0.23307925 -0.08807079
v 0.12931098 0.12381484 -0.09705414
v 0.12106748 0.16821393 -0.10029351
v 0.09261711 0.26636839 -0.05233137
v 0.10940199 0.26054350 -0.05287647
v 0.07855999 0.25952122 -0.06744745
v 0.12205261 0.23289230 -0.07598095
v 0.12055523 0.21120138 -0.08815733
v 0.06744808 0.24798667 -0.07942424
v 0.15911426 0.09137590 -0.05157761
v 0.12469750 0.14368260 -0.10063688
v 0.11540860 0.24877772 -0.06541613
v 0.07689617 0.26915926 -0.05545532
v 0.10432614 0.22356895 -0.08838286
v 0.11884802 0.18988647 -0.09514944
v 0.09193742 0.19329631 -0.10238045
v 0.10541257 0.20237702 -0.09700312
v 0.14925951 0.07366010 -0.06291477
v 0.12195836 0.10476632 -0.09901827
v 0.08827713 0.21715958 -0.09469049
v 0.08861485 0.17325437 -0.11288981
v 0.10207724 0.15479085 -0.11126573
v 0.07639509 0.07416038 -0.10916739
v 0.05981106 0.19963759 -0.09895726
v 0.10371620 0.07499935 -0.10177182
v 0.09286536 0.13849054 -0.11493099
v 0.10283157 0.10258743 -0.10799316
v 0.11214924 0.13540095 -0.10746824
v 0.11626898 0.08921552 -0.09893283
v 0.05518956 0.22193205 -0.09159826
v 0.07193430 0.11392619 -0.11856760
v 0.03894448 0.20269087 -0.09487431
v 0.07749695 0.15473874 -0.11973870
v 0.09130209 0.11960369 -0.11422438
v 0.07292331 0.13269819 -0.12063697
v 0.05733572 0.12205913 -0.12198716
v 0.22436659 -0.54096287 0.02567688
v 0.22437991 -0.53878778 0.00544857
v 0.20388582 -0.42925048 -0.09035274
v 0.13812207 -0.28890291 -0.10664789
v 0.05459808 -0.49133325 -0.14920220
v 0.01288640 -0.52029455 -0.17580621
v -0.00520012 -0.53351414 -0.18585536
v 0.02110864 -0.53403497 -0.18589614
v 0.16666892 0.07678223 0.02686828
v 0.01569136 0.17908800 -0.09555666
v 0.08706339 0.24138866 -0.08150169
v 0.15680212 0.07351314 -0.04503924
v 0.15817243 0.05712555 -0.02936048
v 0.12054145 0.07354807 -0.09183384
v 0.14168142 0.05587060 -0.06439281
v 0.13390198 0.07071424 -0.07991102
v 0.15029630 0.04965468 -0.04674163
v 0.13666099 0.03286127 -0.05997271
v 0.15262558 0.03252079 -0.03036703
v 0.15866910 0.03740132 -0.01398793
v 0.14467603 0.02765065 -0.04457121
v 0.14308612 0.01455975 -0.03628989
v 0.03821865 0.10584857 -0.12096623
v 0.05505370 0.10247744 -0.11914334
v 0.02028030 0.11887572 -0.12327781
v 0.06306571 0.08888338 -0.11534468
v 0.05091808 0.06877699 -0.11141969
v 0.03618054 0.08470891 -0.11631974
v 0.08495004 0.09613451 -0.11257215
v 0.09413941 0.05921575 -0.10014381
v 0.01516178 0.07435377 -0.11473708
v 0.03332432 0.06508860 -0.11187947
v 0.01802369 0.05622830 -0.11003060
v 0.04245740 0.18572077 -0.09938800
v 0.07312931 0.18644735 -0.10455226
v 0.05360293 0.16002539 -0.11543169
v 0.22278480 -0.54207593 -0.01254593
v 0.21753174 -0.47388229 -0.04298359
v 0.22241491 -0.51866287 -0.01023886
v 0.20605518 -0.38977697 -0.03621954
v 0.06891657 -0.28949064 -0.13270776
v 0.16629387 -0.21654639 -0.06159237
v 0.18109584 -0.28785971 -0.06363076
v 0.06398035 -0.16131261 -0.10362127
v 0.15362096 -0.10802242 -0.02582989
v 0.02411657 -0.48975250 -0.15156218
v 0.01748179 -0.50569850 -0.16486913
v 0.16243351 0.03465085 0.02017987
v 0.14741479 -0.00479912 -0.00875290
v 0.14099263 0.00089991 -0.03120617
v 0.16541138 0.05436490 0.01511361
v 0.15529899 0.01995498 0.00024867
v 0.16277277 0.04177913 0.00401292
v 0.01108431 0.15651692 -0.12698972
v 0.12774347 0.04110124 -0.07398009
v 0.12753032 0.05526929 -0.08009285
v 0.13012569 0.01804368 -0.05809443
v 0.00106507 0.10949683 -0.12145337
v 0.01828542 0.09630504 -0.11937624
v 0.01382831 0.13551287 -0.12690069
v 0.05584998 0.14234646 -0.12531364
v 0.03202156 0.14245167 -0.12753166
v 0.03414074 0.17505024 -0.11330622
v 0.04441638 0.02483698 -0.09953486
v 0.04256362 0.04702466 -0.10614630
v 0.06838138 0.05596754 -0.10545117
v 0.08619250 0.04268544 -0.09723466
v 0.02047648 0.03511319 -0.10430571
v 0.22882670 -0.50576359 0.01138274
v 0.22807035 -0.52390444 0.01424145
v 0.23093168 -0.48511964 0.01305648
v 0.21746719 -0.52320343 -0.07174975
v 0.22310446 -0.52670062 -0.03193168
v 0.21958207 -0.53336930 -0.05362498
v 0.21998526 -0.54466563 -0.03430847
v 0.21586448 -0.54044050 -0.06833237
v 0.22660597 -0.46962035 -0.00349698
v 0.20251639 -0.53107584 -0.10268563
v 0.02982873 -0.28737086 -0.12791273
v 0.06053039 -0.23497178 -0.12898588
v 0.07590936 -0.36456910 -0.11224952
v 0.18561508 -0.20936304 -0.02189518
v 0.19858089 -0.27321413 -0.01347233
v 0.02368645 -0.41720489 -0.10566013
v 0.14929503 -0.53682661 -0.15655950
v 0.08101806 -0.53417063 -0.17185777
v 0.06450060 -0.53709859 -0.17947073
v 0.01895022 -0.47345054 -0.14034550
v 0.00328634 -0.49546993 -0.15897241
v 0.04285080 -0.53523755 -0.18463668
v 0.15045150 -0.01550642 0.01751505
v 0.02198915 -0.09100132 -0.08608789
v 0.15483162 0.01733016 0.02408881
v 0.15094705 -0.00050981 0.02580344
v 0.15157689 0.00135989 0.00808882
v 0.13911234 -0.01825244 -0.03008762
v 0.10490524 -0.03135762 -0.06493412
v 0.12615448 -0.03308346 -0.04519548
v 0.09769402 -0.01021725 -0.07382939
v 0.09900214 0.01422625 -0.08062438
v 0.14418972 -0.02810220 -0.01632147
v 0.16612276 0.06810348 0.01545556
v 0.15061876 0.01628648 -0.01771287
v 0.11091418 0.04945014 -0.08958222
v 0.02492405 0.00144246 -0.09370634
v 0.00260056 0.02674903 -0.10229282
v 0.00031905 0.04614341 -0.10787141
v 0.22016999 -0.49209425 -0.06220268
v 0.22012125 -0.50435370 -0.02766695
v 0.22245249 -0.49501300 -0.00372000
v 0.21928059 -0.45209494 -0.02393681
v 0.21455559 -0.36799464 0.00487705
v 0.20386295 -0.33325011 -0.01047171
v 0.18950215 -0.53716260 -0.11675078
v 0.21037349 -0.51673341 -0.08881009
v 0.03421316 -0.32544738 -0.11248118
v 0.03859726 -0.25685731 -0.13217250
v 0.03140381 -0.21533853 -0.12527260
v 0.19398595 -0.22041202 -0.00062545
v 0.01997471 -0.16089559 -0.10634398
v 0.01757005 -0.13639966 -0.09988270
v 0.16432089 -0.10456098 0.01587289
v 0.15946358 -0.08593590 0.01646601
v 0.18013972 -0.15376137 0.01197651
v 0.00309500 -0.46206108 -0.13571493
v 0.00532826 -0.44596878 -0.12311572
v 0.13148053 -0.52641302 -0.15588075
v 0.16587569 -0.53330171 -0.14706151
v 0.11330204 -0.53663599 -0.16397004
v 0.05037637 -0.52260262 -0.17411512
v 0.03417554 -0.51837397 -0.17230442
v 0.03721287 -0.50039423 -0.15856841
v 0.05270419 -0.50673884 -0.16180809
v 0.03550324 -0.47932237 -0.14298077
v 0.02326166 -0.46144363 -0.13031140
v 0.05286529 -0.47430116 -0.13697425
v 0.00194366 -0.08421131 -0.08866664
v 0.01771547 -0.11132099 -0.09335641
v 0.00338664 -0.06171306 -0.08491835
v 0.01065674 -0.03961168 -0.08608796
v 0.01991585 -0.07463745 -0.08446267
v 0.11419369 0.00644575 -0.06762491
v 0.11683840 -0.01525250 -0.05974028
v 0.08864780 -0.03233203 -0.07420095
v 0.05535831 -0.00358068 -0.08938159
v 0.04467496 0.00916987 -0.09435172
v 0.05141490 -0.02814197 -0.08554668
v 0.09961573 0.03283130 -0.08861984
v 0.13849325 -0.07687110 -0.03670796
v 0.00090796 0.00889281 -0.09617660
v 0.02339086 0.01616561 -0.09826840
v 0.22718711 -0.45097801 0.02710186
v 0.21425460 -0.43051669 0.00058376
v 0.22179395 -0.51111943 -0.05289255
v 0.21710812 -0.50320286 -0.07574845
v 0.22067526 -0.49075413 -0.04326268
v 0.21750265 -0.48083901 -0.02504154
v 0.21016160 -0.32677874 0.00553373
v 0.21274690 -0.53861362 -0.08453830
v 0.18588193 -0.49346590 -0.12649351
v 0.02300633 -0.27078542 -0.13164468
v 0.02139382 -0.24707815 -0.13123418
v 0.01009456 -0.26069266 -0.13285211
v 0.01303379 -0.20292029 -0.12242551
v 0.01723086 -0.22433169 -0.12712270
v 0.00493436 -0.18978195 -0.11731398
v 0.02605855 -0.19446445 -0.11953447
v 0.19780585 -0.21716340 0.01902838
v 0.19717433 -0.23751551 0.00912218
v 0.19294401 -0.19869225 0.01323918
v 0.20375580 -0.27230647 0.01134287
v 0.20981592 -0.29304770 0.00932630
v 0.17035969 -0.12239550 0.01751204
v 0.17585447 -0.13866371 0.01987322
v 0.17195043 -0.13563129 -0.00058328
v 0.17621279 -0.15482725 -0.01138369
v 0.16804287 -0.13909584 -0.01821992
v 0.14936791 -0.08532699 -0.02164392
v 0.14240046 -0.10064490 -0.03972217
v 0.14186573 -0.06201277 -0.02085013
v 0.15056038 -0.05956424 -0.00086588
v 0.13026002 -0.05319312 -0.03899120
v 0.15704772 -0.09403999 -0.00570055
v 0.15307744 -0.07445091 -0.00154783
v 0.15011129 -0.04259442 0.01585481
v 0.02910901 -0.44175914 -0.11704621
v 0.04292107 -0.46072060 -0.12760274
v 0.01246443 -0.38424271 -0.09994086
v 0.02391996 -0.39501554 -0.10183664
v 0.13355608 -0.54400212 -0.16305822
v 0.17941660 -0.53926516 -0.13048658
v 0.17924123 -0.52128071 -0.13303103
v 0.08186262 -0.45741063 -0.12061914
v 0.08551167 -0.49196118 -0.13817094
v 0.07214691 -0.50421435 -0.15170242
v 0.14542831 -0.04332741 -0.00984100
v 0.14914191 -0.02684939 0.00307814
v 0.03554459 -0.12670551 -0.09581873
v 0.03715442 -0.08007730 -0.08656630
v 0.12885749 -0.01567606 -0.04686426
v 0.07846855 0.00101533 -0.08525501
v 0.07522319 -0.01655042 -0.08185405
v 0.06607204 0.01615121 -0.09307130
v 0.06663939 0.03662360 -0.09981649
v 0.08402909 0.02200243 -0.09037502
v 0.04931165 -0.05129836 -0.08454113
v 0.03115988 -0.03216221 -0.08651651
v 0.07203835 -0.04058605 -0.08009312
v 0.05213315 -0.07089599 -0.08305844
v 0.07270409 -0.05768101 -0.08092483
v 0.22976919 -0.46848077 0.01274630
v 0.22010460 -0.44757542 0.00406679
v 0.21316902 -0.41524789 0.01060825
v 0.21960832 -0.43322623 0.02253418
v 0.20893495 -0.49611628 -0.09008150
v 0.20755251 -0.47857448 -0.09331323
v 0.21594284 -0.48074552 -0.07838479
v 0.21559614 -0.38263911 0.00811035
v 0.20919913 -0.40131986 -0.00001520
v 0.01220320 -0.32592109 -0.10818536
v 0.02080381 -0.34135023 -0.10462980
v 0.01574098 -0.36406711 -0.10032028
v 0.04006815 -0.23358344 -0.12903269
v 0.05575521 -0.24920072 -0.13138923
v 0.07364026 -0.26120293 -0.13101146
v 0.04417446 -0.27303880 -0.13225979
v 0.05734460 -0.27088657 -0.13283923
v 0.00488211 -0.27988073 -0.12463722
v 0.05848813 -0.21200666 -0.12317149
v 0.05104276 -0.22291964 -0.12651990
v 0.18826437 -0.24613512 -0.02791630
v 0.18732682 -0.22776268 -0.02332832
v 0.19374532 -0.24453245 -0.00717147
v 0.17841311 -0.22504294 -0.04186443
v 0.18148591 -0.18875964 -0.02515142
v 0.18281016 -0.17517217 -0.01170578
v 0.17476839 -0.20021966 -0.04387639
v 0.18963863 -0.19795781 -0.00455881
v 0.16234538 -0.19319686 -0.06131376
v 0.17700066 -0.17126034 -0.02595571
v 0.20436718 -0.30875584 -0.00807926
v 0.20563489 -0.28876272 -0.00599980
v 0.21098112 -0.31098536 0.00957439
v 0.16057198 -0.14062567 -0.03530304
v 0.13679066 -0.03988196 -0.02780403
v 0.11886583 -0.05196138 -0.05233812
v 0.04060322 -0.40439326 -0.10358595
v 0.18956816 -0.51520711 -0.11839970
v 0.06753048 -0.52200842 -0.16771714
v 0.11064196 -0.51690918 -0.14774963
v 0.13423729 -0.50558686 -0.14727660
v 0.16124094 -0.50978178 -0.14627728
v 0.16908285 -0.48980868 -0.13684580
v 0.18888211 -0.47221097 -0.12049938
v 0.19881636 -0.48903689 -0.10954137
v 0.20051943 -0.46749538 -0.10587068
v 0.18992668 -0.44967330 -0.11493525
v 0.20169255 -0.44527316 -0.09975694
v 0.06822984 -0.46762502 -0.12661260
v 0.11400977 -0.47785643 -0.13913730
v 0.10424479 -0.49380320 -0.13650405
v 0.10276125 -0.45693564 -0.13421667
v 0.09097497 -0.47804740 -0.12838331
v 0.11921557 -0.49400425 -0.14354457
v 0.12413457 -0.46116176 -0.13254768
v 0.09123450 -0.50762165 -0.14652820
v 0.03787049 -0.10625137 -0.08795974
v 0.02852585 -0.05805180 -0.08422652
v 0.10635987 -0.08893865 -0.07272666
v 0.21963812 -0.47450492 -0.05864884
v 0.20106864 -0.37896496 -0.02562512
v 0.20619738 -0.35854566 -0.01614561
v 0.20981777 -0.34915110 0.00524490
v 0.01929868 -0.29603353 -0.12145867
v 0.01901949 -0.31222612 -0.11464898
v 0.04758513 -0.33858931 -0.10915234
v 0.03561746 -0.36083815 -0.10230386
v 0.02669969 -0.37473869 -0.10091513
v 0.02444058 -0.17914255 -0.11236665
v 0.04471617 -0.16509576 -0.10619671
v 0.03605396 -0.14714196 -0.10165675
v 0.04235202 -0.20340225 -0.12176859
v 0.06031806 -0.19303069 -0.11647976
v 0.19148713 -0.26087177 -0.00814358
v 0.18832959 -0.18191823 0.00974858
v 0.18392326 -0.16766304 0.00553787
v 0.15178819 -0.17383514 -0.06623899
v 0.16948871 -0.15854689 -0.03298855
v 0.16012475 -0.15708202 -0.04769077
v 0.15962440 -0.12567925 -0.02643591
v 0.11589912 -0.03393679 -0.05601622
v 0.09156177 -0.04829320 -0.07244019
v 0.08891337 -0.07533754 -0.07760837
v 0.10515025 -0.05283228 -0.06392040
v 0.09613484 -0.06617682 -0.07313413
v 0.04080360 -0.38020679 -0.10180793
v 0.05297454 -0.39269921 -0.10567969
v 0.03823237 -0.42065388 -0.10722908
v 0.07884375 -0.42474577 -0.12239510
v 0.08968943 -0.44006547 -0.12881958
v 0.06854235 -0.44523621 -0.11451473
v 0.06565768 -0.42763120 -0.11143221
v 0.06775101 -0.40980977 -0.11294466
v 0.08438765 -0.40122402 -0.12257756
v 0.14446780 -0.40000865 -0.12102948
v 0.10195654 -0.42103708 -0.12416816
v 0.10686695 -0.40357175 -0.11495210
v 0.17714158 -0.50569034 -0.13547495
v 0.19110349 -0.42867929 -0.10867256
v 0.21706967 -0.45676342 -0.07028686
v 0.07146417 -0.48584685 -0.13768499
v 0.17357101 -0.45738208 -0.12473138
v 0.17075166 -0.43695271 -0.11923899
v 0.13252269 -0.48578990 -0.13682401
v 0.21494842 -0.43609852 -0.03968552
v 0.20555452 -0.38109893 -0.01086156
v 0.19155648 -0.35299766 -0.07949646
v 0.19750337 -0.33163914 -0.05284271
v 0.05104134 -0.35954800 -0.10533304
v 0.06588574 -0.34744096 -0.11173582
v 0.05913070 -0.37110642 -0.10825095
v 0.04391130 -0.18455745 -0.11424123
v 0.15265350 -0.13945907 -0.04675409
v 0.05290343 -0.41256204 -0.10660348
v 0.06763241 -0.38683662 -0.11598153
v 0.11395140 -0.43848935 -0.12206808
v 0.20517427 -0.39774898 -0.07597472
v 0.19376373 -0.41269302 -0.09179336
v 0.16786736 -0.39157072 -0.10839859
v 0.15868685 -0.40580913 -0.11830203
v 0.18050110 -0.39775267 -0.09919934
v 0.14375080 -0.41834638 -0.11471311
v 0.21223694 -0.43960446 -0.07857151
v 0.15123105 -0.49142215 -0.13768397
v 0.14199096 -0.46576563 -0.13086030
v 0.14921537 -0.44975784 -0.12085688
v 0.15744430 -0.47055057 -0.13099939
v 0.17292398 -0.47426337 -0.13085592
v 0.07249655 -0.08219191 -0.08029846
v 0.09054661 -0.09637159 -0.07806896
v 0.21544795 -0.46075431 -0.03601471
v 0.21606842 -0.45352182 -0.04989050
v 0.21504647 -0.41849136 -0.03164697
v 0.19691241 -0.37074497 -0.04698057
v 0.20175213 -0.35773888 -0.03515115
v 0.05058561 -0.28932032 -0.12826882
v 0.05055377 -0.31984657 -0.11830585
v 0.10749955 -0.32913798 -0.12186261
v 0.14572084 -0.15441139 -0.06357738
v 0.13570078 -0.13432759 -0.06302814
v 0.13644958 -0.16602831 -0.07772933
v 0.10451693 -0.10664430 -0.07695692
v 0.11737572 -0.13439776 -0.07607325
v 0.09750314 -0.12608613 -0.08269732
v 0.09339054 -0.14299107 -0.09197925
v 0.13193853 -0.11244902 -0.05804517
v 0.11959333 -0.09942906 -0.06549983
v 0.08723625 -0.11266042 -0.08438870
v 0.11587506 -0.07591120 -0.06049695
v 0.07652394 -0.12587060 -0.09193254
v 0.12750562 -0.06995231 -0.04830214
v 0.14736423 -0.12308530 -0.04451084
v 0.12451421 -0.42328054 -0.11405848
v 0.12874770 -0.40361175 -0.12264673
v 0.13511421 -0.38316703 -0.12159781
v 0.11393373 -0.38471428 -0.12734669
v 0.09583124 -0.34396470 -0.13122493
v 0.21011502 -0.41890466 -0.07802100
v 0.14267682 -0.43570074 -0.11535854
v 0.15733333 -0.42770842 -0.11396556
v 0.05116700 -0.12339874 -0.09138044
v 0.05137379 -0.14339530 -0.09894006
v 0.06720736 -0.13993271 -0.09460054
v 0.07292242 -0.10242635 -0.08713201
v 0.21416152 -0.43506479 -0.01780423
v 0.21610358 -0.42101628 -0.05476568
v 0.20617494 -0.39932290 -0.02200386
v 0.21319011 -0.40505019 -0.04149704
v 0.21300910 -0.41667983 -0.01318545
v 0.21010369 -0.38954028 -0.05247573
v 0.20030606 -0.34564531 -0.04509945
v 0.19021070 -0.35408905 -0.06291966
v 0.18397275 -0.33423507 -0.07205769
v 0.19203307 -0.38829494 -0.08121394
v 0.18319482 -0.36281961 -0.08948669
v 0.20113640 -0.34267357 -0.02732610
v 0.06187110 -0.30820557 -0.12636672
v 0.12823205 -0.15131415 -0.07699810
v 0.15204564 -0.38521501 -0.11417895
v 0.16473795 -0.37842169 -0.09581880
v 0.14439178 -0.36991289 -0.10517323
v 0.14428215 -0.32452857 -0.10652101
v 0.14537778 -0.34679151 -0.10314287
v 0.21255986 -0.40684405 -0.06154011
v 0.18866758 -0.31467536 -0.06812139
v 0.20319527 -0.37255976 -0.06860878
v 0.19826780 -0.32400265 -0.02853201
v 0.06708398 -0.32927707 -0.11777405
v 0.08340132 -0.33802816 -0.12574968
v 0.09187144 -0.36340117 -0.11825914
v 0.10307989 -0.36770761 -0.12888938
v 0.08455382 -0.37849730 -0.11523336
v 0.09804618 -0.38225934 -0.11565678
v 0.12552875 -0.36906707 -0.11907203
v 0.17883891 -0.34155309 -0.09277937
v 0.16496906 -0.35694134 -0.09570774
v 0.13149048 -0.35516959 -0.10851034
v 0.19682685 -0.30088392 -0.03996406
v 0.08255180 -0.30298203 -0.13273767
v 0.10425869 -0.27570224 -0.12236009
v 0.09673487 -0.29405326 -0.12704359
v 0.16291596 -0.33578685 -0.10025311
v 0.17817706 -0.29646453 -0.07786456
v 0.11382673 -0.35044757 -0.11785360
v 0.12786430 -0.33494070 -0.11027752
v 0.13520531 -0.31018257 -0.10779260
v 0.11862820 -0.29212722 -0.11417481
v 0.15727009 -0.31289002 -0.10139897
v 0.14039582 -0.23442602 -0.09691297
v 0.12509908 -0.26995116 -0.11043009
v 0.15418214 -0.22481014 -0.08166303
v 0.15337762 -0.20923708 -0.07716101
v 0.08079144 -0.24259524 -0.12669721
v 0.17389937 -0.31874740 -0.09021978
v 0.14825030 -0.27089170 -0.09891437
v 0.13809924 -0.25314018 -0.10264330
v 0.15469155 -0.25214887 -0.08924560
v 0.16020338 -0.23606108 -0.07976008
v 0.16922168 -0.23587443 -0.06070900
v 0.17137229 -0.25180930 -0.07236888
v 0.11055814 -0.22055015 -0.11172140
v 0.09273332 -0.22561812 -0.11982925
v 0.13862368 -0.21223626 -0.09225699
v 0.12369864 -0.21510832 -0.10357712
v 0.14513272 -0.19512412 -0.08091410
v 0.09614729 -0.18649045 -0.10702363
v 0.13378613 -0.18115862 -0.08541533
v 0.10815384 -0.19913834 -0.10682900
v 0.09836037 -0.16233771 -0.09673663
v 0.11348426 -0.18324816 -0.09874164
v 0.12500326 -0.19577669 -0.09668711
v 0.10263301 -0.17514910 -0.10051052
v 0.11841439 -0.16580550 -0.08924396
v 0.16488016 -0.29763672 -0.09295709
v 0.15164761 -0.29940051 -0.10165341
v 0.15415411 -0.28542653 -0.09825309
v 0.17819741 -0.25035337 -0.04926191
v 0.18684679 -0.26241079 -0.03352400
v 0.18321954 -0.26829094 -0.05994412
v 0.16696398 -0.27460921 -0.08209080
v 0.12383986 -0.24707450 -0.11025593
v 0.09880591 -0.23879577 -0.12081275
v 0.08453741 -0.17361878 -0.10470897
v 0.07855012 -0.18905151 -0.11234943
v 0.09290031 -0.20429248 -0.11403471
v 0.07714900 -0.20714173 -0.11895844
v 0.06167077 -0.17677335 -0.10956326
v 0.07513836 -0.22483052 -0.12417148
v 0.01215752 -0.00949731 -0.09059650
v 0.03511059 -0.01246761 -0.08985110
v 0.16922501 -0.17659754 -0.04422065
v 0.12955475 -0.09037973 -0.05221359
v 0.19938208 -0.28201157 -0.02555817
v 0.19413476 -0.28120449 -0.04309458
v -0.21924362 -0.55190849 0.02463371
v -0.22029458 -0.55354613 0.00599287
v -0.22081970 -0.55457729 -0.01275178
v -0.22156972 -0.55536634 -0.03128179
v -0.22010241 -0.55562401 -0.04967890
v -0.21308440 -0.55508471 -0.06658887
v -0.20652235 -0.55448174 -0.08402496
v -0.20129918 -0.55432916 -0.10194165
v -0.19330475 -0.55408055 -0.11905913
v -0.18283843 -0.55434096 -0.13523664
v -0.16847400 -0.55380595 -0.14830537
v -0.15150790 -0.55269957 -0.15752703
v -0.13463953 -0.55049467 -0.16728860
v -0.11708102 -0.54893291 -0.17522737
v -0.09890297 -0.54837239 -0.18088257
v -0.08051133 -0.54766852 -0.18565267
v -0.06194144 -0.54675436 -0.18981415
v -0.04314490 -0.54554754 -0.19333550
v -0.02384479 -0.54471236 -0.19536217
v -0.00748098 0.19842333 -0.09184825
v -0.02024920 0.21291862 -0.08955258
v -0.03405302 0.22812998 -0.08694562
v -0.04741992 0.24364553 -0.08059259
v -0.05819513 0.26034805 -0.06714085
v -0.12454356 0.25251469 -0.04700525
v -0.12939326 0.24048038 -0.06194146
v -0.13230339 0.22474717 -0.07469448
v -0.13493152 0.20588447 -0.08417273
v -0.13879456 0.18595165 -0.09284572
v -0.14294374 0.16356882 -0.09488212
v -0.14835049 0.14057094 -0.09059115
v -0.15595235 0.11912127 -0.07977970
v -0.16436860 0.10220008 -0.06137471
v -0.16996807 0.09371520 -0.03593351
v -0.09749660 0.25076237 -0.06627207
v -0.12404726 0.02794222 -0.07564547
v -0.11102276 0.18205513 -0.10361177
v -0.09094764 0.26215431 -0.05177207
v -0.03579235 0.21035354 -0.09264524
v -0.14274152 0.09183317 -0.08325133
v -0.12588477 0.17527442 -0.09885214
v -0.11364661 0.24855296 -0.06089385
v -0.11915801 0.21755765 -0.08495536
v -0.06361432 0.24293379 -0.08052578
v -0.16606681 0.07355860 0.01626075
v -0.13266286 0.12995896 -0.09793457
v -0.10842013 0.25859293 -0.04722100
v -0.07459641 0.26786330 -0.05072698
v -0.16618142 0.09211930 -0.04987492
v -0.04446463 0.19965273 -0.09771841
v -0.02188168 0.18985710 -0.09491228
v -0.14282234 0.11793979 -0.08919342
v -0.13153322 0.15186867 -0.09928109
v -0.15476765 0.10329896 -0.07420298
v -0.02802990 -0.53536832 -0.18640947
v -0.02596498 -0.52232724 -0.17651096
v -0.12207707 -0.43522993 -0.11166263
v -0.14769693 -0.29599613 -0.10918880
v -0.20776799 -0.44884312 -0.06206342
v -0.22464801 -0.53767043 0.03034557
v -0.07466926 -0.03736662 -0.08332095
v -0.15366839 0.01169951 -0.00509032
v -0.12358215 0.19677274 -0.09240089
v -0.05430051 0.22152954 -0.09153555
v -0.16442809 0.05061376 0.01336909
v -0.16106203 0.03372452 0.01450559
v -0.16224687 0.04034355 -0.00809796
v -0.02745613 0.17096525 -0.11667968
v -0.15049827 0.07131400 -0.06679679
v -0.11350622 0.14207721 -0.10855449
v -0.10992003 0.16255338 -0.10811299
v -0.08631400 0.17153068 -0.11293745
v -0.06415286 0.14306699 -0.12135486
v -0.08871583 0.14702064 -0.11658290
v -0.06704782 0.16231090 -0.11669055
v -0.07932307 0.12597767 -0.11943839
v -0.10090027 0.12353353 -0.11374172
v -0.04795452 0.16366152 -0.12242078
v -0.08928050 0.10588060 -0.11545137
v -0.12860893 0.10507160 -0.09820257
v -0.04728828 -0.53425950 -0.18232003
v -0.07573979 -0.40641168 -0.10354078
v -0.19129223 -0.27798092 -0.04822854
v -0.07772622 -0.31114271 -0.12520854
v -0.07829186 -0.10065345 -0.08851478
v -0.21128689 -0.38169500 -0.03816468
v -0.23418288 -0.50547814 0.01441011
v -0.22553584 -0.54367846 -0.03027394
v -0.23118833 -0.52265352 -0.02280572
v -0.23235776 -0.51864761 -0.00062861
v -0.22990894 -0.50834692 -0.03299072
v -0.22705944 -0.53868204 -0.00565976
v -0.03544323 0.03403300 -0.10455525
v -0.04416709 -0.00096028 -0.09427440
v -0.15292668 -0.01928126 0.00340379
v -0.02009458 0.09811430 -0.11962467
v -0.06179829 0.19737729 -0.10153152
v -0.08713761 0.21918418 -0.09290907
v -0.10217762 0.22667409 -0.08540203
v -0.11096261 0.23683995 -0.07521928
v -0.10412526 0.20496979 -0.09601886
v -0.08393464 0.19759157 -0.10260377
v -0.16584687 0.06129899 -0.00310620
v -0.16308920 0.05818294 -0.02508358
v -0.15427995 0.01751239 0.02590368
v -0.15974270 0.03498954 0.03224308
v -0.14832035 0.02368452 -0.04095396
v -0.15748301 0.02177644 0.00503052
v -0.15625504 0.02610741 -0.01993716
v -0.15206766 -0.00026989 0.01095193
v -0.15535191 0.05461420 -0.04826102
v -0.14886677 0.01125645 -0.02698797
v -0.01600410 0.17254233 -0.09776590
v -0.03641129 0.17757967 -0.10195951
v -0.12017868 0.12079229 -0.10520395
v -0.02508858 -0.49125081 -0.15419881
v -0.01746880 -0.50552154 -0.16482460
v -0.03366563 -0.42458156 -0.11029507
v -0.19931456 -0.51592803 -0.11795001
v -0.17451356 -0.13549012 0.01209811
v -0.06022241 -0.16022554 -0.10224064
v -0.23056710 -0.52103615 0.02443930
v -0.23131250 -0.49434969 0.03424010
v -0.02330504 0.12994157 -0.12474803
v -0.04543336 0.13745272 -0.12415157
v -0.01799289 0.04026219 -0.10656817
v -0.02811295 -0.03699264 -0.08743154
v -0.15097375 -0.02189878 0.03000836
v -0.05385895 0.18478689 -0.11218064
v -0.07305757 0.21093036 -0.09736933
v -0.07315843 0.22717476 -0.09005865
v -0.08375032 0.23986520 -0.08053706
v -0.09483206 0.18435040 -0.10722566
v -0.07143575 0.18425624 -0.10986044
v -0.15079264 -0.00495450 -0.01210910
v -0.14962065 -0.00148063 0.03021947
v -0.06607235 -0.49993971 -0.15567511
v -0.02579383 -0.38037881 -0.09802657
v -0.04339004 -0.45605114 -0.12758800
v -0.10613342 -0.53593653 -0.16791698
v -0.12187450 -0.53396165 -0.16020834
v -0.19988172 -0.23758174 -0.00812393
v -0.19249485 -0.19632120 0.00289683
v -0.02400149 -0.23445688 -0.12807143
v -0.05471176 -0.19955198 -0.11845721
v -0.17839035 -0.14651485 0.02754520
v -0.15897050 -0.08702050 0.01465445
v -0.03563244 -0.15374844 -0.10281833
v -0.20896898 -0.53620481 -0.07627896
v -0.22579595 -0.53088170 -0.04338592
v -0.23359565 -0.46504405 0.01560477
v -0.21603370 -0.38368422 0.01351379
v -0.22433868 -0.38984659 -0.00473544
v -0.20680989 -0.33118093 -0.00377155
v -0.00843443 0.14251286 -0.12689456
v -0.01776874 0.11589846 -0.12249400
v -0.07945258 0.08285659 -0.11337306
v -0.05969667 0.12507415 -0.12145457
v -0.06583536 0.10361458 -0.11860648
v -0.01928054 0.02170814 -0.10097492
v -0.02340378 0.00367773 -0.09538072
v -0.05263793 0.03266084 -0.10347465
v -0.01977507 0.05900416 -0.11120200
v -0.05869299 0.05779855 -0.10957906
v -0.02298630 0.07834999 -0.11552228
v -0.15233998 -0.01448412 0.01798696
v -0.15297279 -0.03831766 0.01667939
v -0.13888559 0.00699636 -0.04660913
v -0.03307460 -0.34109163 -0.10354554
v -0.02861544 -0.40434572 -0.10183308
v -0.13705103 -0.52248079 -0.14412890
v -0.08575433 -0.53411996 -0.17315823
v -0.19835453 -0.53654635 -0.11470627
v -0.17342979 -0.52903986 -0.13729727
v -0.18646398 -0.54231608 -0.13426925
v -0.20932929 -0.29379815 0.01108202
v -0.20508118 -0.23913352 0.01538945
v -0.19343573 -0.19753356 0.01950601
v -0.18397960 -0.16359508 0.01867766
v -0.18788438 -0.17685443 0.01882873
v -0.00265100 -0.23952506 -0.12862030
v -0.01949586 -0.25205749 -0.13121219
v -0.01975216 -0.21726070 -0.12604432
v -0.01631807 -0.29146892 -0.12194306
v -0.16912979 -0.12155975 0.02470611
v -0.16386250 -0.10246901 0.02829057
v -0.15748885 -0.08194565 0.03050522
v -0.16422403 -0.10509910 0.00832574
v -0.01091189 -0.10789967 -0.09585008
v -0.01860655 -0.12637009 -0.09957140
v -0.01353143 -0.09336318 -0.09446825
v -0.01764529 -0.14541444 -0.10234506
v -0.03034602 -0.13620070 -0.10156113
v -0.01713741 -0.16456933 -0.10727035
v -0.21752320 -0.53847653 -0.05893472
v -0.21188641 -0.51944745 -0.06553255
v -0.22069061 -0.51537007 -0.04946941
v -0.20456813 -0.53917110 -0.09519583
v -0.21071994 -0.50193894 -0.08395422
v -0.21335840 -0.48360148 -0.07723083
v -0.23213570 -0.44170585 -0.00044401
v -0.21178125 -0.36598590 0.01397176
v -0.21641988 -0.35218388 -0.00257969
v -0.22100310 -0.37286887 -0.00411006
v -0.20617191 -0.36203682 -0.04395149
v -0.21507232 -0.36281916 -0.02356843
v -0.20500696 -0.34360236 -0.03855586
v -0.21060549 -0.34476200 -0.02155249
v -0.17989732 -0.31504536 -0.06728494
v -0.19538972 -0.31674722 -0.03961607
v -0.19899619 -0.33192271 -0.02868459
v -0.22876216 -0.42687190 0.01749574
v -0.22316746 -0.40614146 0.01563942
v -0.23371860 -0.46341869 -0.00720867
v -0.23303875 -0.48838234 -0.02193702
v -0.23501709 -0.48404312 0.01294040
v -0.23500189 -0.49798071 -0.00574954
v -0.23353571 -0.50673413 -0.01753735
v -0.02615336 -0.01523929 -0.09096904
v -0.03882296 0.01431966 -0.09884907
v -0.03725067 0.05101717 -0.10917361
v -0.08055662 0.06218037 -0.10796037
v -0.04072921 0.06951255 -0.11337519
v -0.04460124 0.09188625 -0.11813997
v -0.15160201 -0.04135021 0.03322059
v -0.13642864 0.02126070 -0.05931181
v -0.14703591 0.03768876 -0.05428375
v -0.13569596 0.03528946 -0.06891217
v -0.03505063 -0.50548136 -0.16335618
v -0.04601922 -0.51977354 -0.17174229
v -0.05676067 -0.50974131 -0.16331333
v -0.06508822 -0.53028339 -0.17541170
v -0.07508909 -0.51930040 -0.16595358
v -0.01227204 -0.34532923 -0.10156469
v -0.01672090 -0.36307165 -0.09875800
v -0.04952037 -0.40461358 -0.10396196
v -0.00853512 -0.39501572 -0.09998831
v -0.05076101 -0.43799675 -0.11799304
v -0.01391619 -0.43829992 -0.11710850
v -0.01459237 -0.45536333 -0.12949580
v -0.01814932 -0.47194353 -0.14166987
v -0.02977000 -0.44583121 -0.12175851
v -0.15348624 -0.53511792 -0.14645937
v -0.09582659 -0.52069497 -0.15999390
v -0.09852646 -0.50346631 -0.15038830
v -0.20355959 -0.52316713 -0.10561207
v -0.18430758 -0.50599968 -0.13006860
v -0.19975369 -0.27777389 -0.00180635
v -0.21221128 -0.31066301 0.00001528
v -0.21497895 -0.31598526 0.01587204
v -0.19048731 -0.22531322 -0.01694144
v -0.19220452 -0.21850142 0.00958357
v -0.18216163 -0.24883324 -0.05057735
v -0.19317243 -0.23862529 -0.03249246
v -0.20618293 -0.25506580 0.00425124
v -0.18630448 -0.20090254 -0.02556260
v -0.01768502 -0.27486351 -0.12898873
v -0.03881045 -0.24349071 -0.13051313
v -0.07302526 -0.26742300 -0.13069701
v -0.05479497 -0.25207010 -0.13131098
v -0.07349837 -0.24489905 -0.12820207
v -0.04588787 -0.26627299 -0.13155924
v -0.05041854 -0.23114607 -0.12724997
v -0.03070591 -0.20192330 -0.12092815
v -0.01983724 -0.18504685 -0.11505238
v -0.08167547 -0.22423147 -0.12174845
v -0.01925624 -0.32680911 -0.10809691
v -0.15503833 -0.08682318 -0.00649231
v -0.16763791 -0.12372949 -0.00219362
v -0.02687890 -0.11275682 -0.09870712
v -0.03892573 -0.10217956 -0.09515038
v -0.03636476 -0.08235639 -0.09338184
v -0.05190396 -0.14183143 -0.09974505
v -0.05906908 -0.10911491 -0.09362614
v -0.20746027 -0.52333575 -0.08786254
v -0.20537230 -0.50730366 -0.09878072
v -0.19982174 -0.49746928 -0.11542530
v -0.19249046 -0.48483288 -0.12108630
v -0.23220737 -0.44811490 0.01411002
v -0.19012113 -0.35600168 -0.08142434
v -0.20018600 -0.34621704 -0.05725730
v -0.22991692 -0.42134491 0.00181468
v -0.23525037 -0.47888887 -0.00670290
v -0.22219765 -0.46773991 -0.04189270
v -0.21631889 -0.48161983 -0.05638992
v -0.04094246 -0.02893288 -0.08874607
v -0.06892437 0.04642323 -0.10525584
v -0.15427607 -0.06215810 0.02954815
v -0.08589213 0.01788380 -0.09189165
v -0.10739388 -0.00455100 -0.07558968
v -0.13177814 -0.00929770 -0.05239910
v -0.05076216 -0.48926076 -0.15110353
v -0.03459745 -0.48260355 -0.14671719
v -0.04914337 -0.37058109 -0.09792832
v -0.03270717 -0.35865104 -0.09889673
v -0.01467425 -0.41641587 -0.10605505
v -0.03101762 -0.46426362 -0.13464773
v -0.14156088 -0.50197834 -0.13031526
v -0.16259481 -0.51274109 -0.13026002
v -0.15797456 -0.49692023 -0.12298210
v -0.15910254 -0.47499236 -0.12482256
v -0.14233601 -0.47951958 -0.11795367
v -0.12145980 -0.50273114 -0.13875484
v -0.12506329 -0.48408714 -0.12607597
v -0.18906826 -0.52479684 -0.13123095
v -0.17988901 -0.15127291 0.00760995
v -0.17327321 -0.14337297 -0.00940665
v -0.17613308 -0.16420540 -0.02373543
v -0.02656618 -0.26410079 -0.13206664
v -0.03668755 -0.28461739 -0.12778239
v -0.04175442 -0.21577963 -0.12436749
v -0.16212489 -0.12368099 -0.02177724
v -0.15867288 -0.10559376 -0.01524587
v -0.01656427 -0.07126421 -0.08745778
v -0.03350933 -0.05913714 -0.08662827
v -0.03918095 -0.17207846 -0.10938463
v -0.04087605 -0.18642959 -0.11499523
v -0.05918995 -0.08781716 -0.08711472
v -0.05253640 -0.07077728 -0.08972569
v -0.04627395 -0.12204751 -0.09878586
v -0.06241834 -0.12862755 -0.09781638
v -0.20648955 -0.29549766 -0.01246517
v -0.20675506 -0.31525913 -0.01831261
v -0.18770851 -0.32429814 -0.05431605
v -0.23007181 -0.47252393 -0.02677492
v -0.22202188 -0.49193436 -0.03997738
v -0.21250208 -0.46463695 -0.06044676
v -0.20856570 -0.45866078 -0.07858490
v -0.20492503 -0.47291020 -0.09295870
v -0.20530339 -0.48663911 -0.10113145
v -0.20286708 -0.45161459 -0.09646571
v -0.18157873 -0.44758785 -0.12026472
v -0.19384241 -0.44032723 -0.10666451
v -0.17720571 -0.46437052 -0.12518647
v -0.19560808 -0.46184155 -0.11124925
v -0.06094209 -0.03010232 -0.08726301
v -0.05347054 -0.04618048 -0.08606509
v -0.06952381 -0.05576754 -0.08469183
v -0.04998947 -0.01595010 -0.09055245
v -0.15566190 -0.07289180 0.01062681
v -0.15159523 -0.05784481 0.00789607
v -0.10868132 0.01809490 -0.08171551
v -0.09156860 -0.00151466 -0.08422644
v -0.07220393 0.02655746 -0.09890656
v -0.06055242 0.01399260 -0.09673741
v -0.07316799 -0.01714864 -0.08660500
v -0.09574236 -0.02264480 -0.07734673
v -0.12319170 0.00585053 -0.06582636
v -0.11628596 -0.01933567 -0.06614371
v -0.10917088 -0.03898662 -0.06585883
v -0.12775393 -0.03140267 -0.05133859
v -0.13932686 -0.02708352 -0.03656179
v -0.14374226 -0.00769173 -0.03273693
v -0.07400595 -0.34233260 -0.11020464
v -0.04467133 -0.39105862 -0.09901378
v -0.05728931 -0.41907960 -0.11121664
v -0.15248610 -0.45964009 -0.12289354
v -0.18139586 -0.16323999 -0.00546572
v -0.15503967 -0.16607521 -0.05879883
v -0.07227068 -0.14370722 -0.09714533
v -0.07630724 -0.12026238 -0.09432117
v -0.20067711 -0.29507992 -0.03390323
v -0.18042091 -0.26756465 -0.05682880
v -0.21386336 -0.49953401 -0.05847561
v -0.06769041 -0.00192206 -0.09119491
v -0.08855928 -0.04540931 -0.07740958
v -0.13329163 -0.07917621 -0.04454963
v -0.09118070 -0.38061267 -0.10271665
v -0.07034338 -0.37180585 -0.09986423
v -0.12858921 -0.46112993 -0.11322463
v -0.16683391 -0.16593431 -0.04252042
v -0.18180779 -0.22837375 -0.05182061
v -0.09044442 -0.13327116 -0.09070659
v -0.18537869 -0.28985390 -0.06243674
v -0.17394713 -0.30119294 -0.07388351
v -0.17334856 -0.31103256 -0.08799938
v -0.18474410 -0.32782620 -0.07964034
v -0.17771420 -0.37177593 -0.09050105
v -0.07534684 -0.06715281 -0.08216345
v -0.08468824 -0.08111057 -0.07920374
v -0.14052205 -0.06081184 -0.03239796
v -0.11885139 -0.11645739 -0.06878461
v -0.06589999 -0.32478487 -0.11540267
v -0.07749106 -0.39166048 -0.09936903
v -0.12056378 -0.41373044 -0.10795716
v -0.10710140 -0.37038091 -0.11770436
v -0.09838130 -0.40344462 -0.10193117
v -0.11434491 -0.39201123 -0.10859382
v -0.13708130 -0.40231678 -0.11584463
v -0.08745463 -0.36078626 -0.10839757
v -0.11433227 -0.33531106 -0.12710026
v -0.11146483 -0.35263556 -0.12644145
v -0.06761871 -0.35617778 -0.10241346
v -0.07417285 -0.43294480 -0.11736741
v -0.10537343 -0.42760372 -0.10632926
v -0.17073447 -0.24541345 -0.06701729
v -0.17961301 -0.18408746 -0.03156844
v -0.15777250 -0.18381797 -0.06527770
v -0.16809882 -0.18544479 -0.05308009
v -0.17973520 -0.20616974 -0.04520516
v -0.15329243 -0.32381281 -0.10686607
v -0.20778313 -0.38134634 -0.05974685
v -0.13645931 -0.04382367 -0.03753401
v -0.12354285 -0.04830369 -0.05263796
v -0.13005041 -0.06232741 -0.04698423
v -0.14478028 -0.07849115 -0.02643941
v -0.09593452 -0.09545077 -0.08066524
v -0.11063979 -0.09856118 -0.06819955
v -0.12762147 -0.09898712 -0.05228129
v -0.05138669 -0.34955698 -0.10221090
v -0.12419488 -0.36455870 -0.12492398
v -0.14288507 -0.44249108 -0.11988422
v -0.14044221 -0.42181188 -0.11568023
v -0.15386546 -0.40496001 -0.12443606
v -0.18030289 -0.42826778 -0.11548951
v -0.15963171 -0.42380020 -0.12531337
v -0.17485462 -0.40484893 -0.10714585
v -0.18632242 -0.38968030 -0.09410974
v -0.20499903 -0.43460810 -0.08457609
v -0.20734611 -0.42852411 -0.07012868
v -0.20493340 -0.41330054 -0.08109999
v -0.07052381 -0.44802168 -0.12542686
v -0.10709527 -0.46934140 -0.12528479
v -0.16429427 -0.14469264 -0.03123257
v -0.17165746 -0.26034302 -0.06821484
v -0.17057705 -0.21177313 -0.06096401
v -0.18474233 -0.21856986 -0.03415520
v -0.16946776 -0.32924277 -0.09734604
v -0.16114961 -0.31179878 -0.10179299
v -0.14103474 -0.31322843 -0.11434094
v -0.15654594 -0.34201509 -0.10091672
v -0.13622296 -0.33294019 -0.11206043
v -0.16048998 -0.36173823 -0.10070392
v -0.15403089 -0.37316275 -0.11395942
v -0.14099370 -0.36587834 -0.12045997
v -0.17062829 -0.38588008 -0.10424455
v -0.15930773 -0.39334264 -0.11185818
v -0.17731012 -0.34805900 -0.09235415
v -0.20198181 -0.35909072 -0.06522796
v -0.19544999 -0.37220961 -0.07771574
v -0.11500659 -0.05837891 -0.06302095
v -0.12218501 -0.08081762 -0.05806477
v -0.09664641 -0.11197700 -0.08042482
v -0.10626630 -0.13079332 -0.08141676
v -0.13872433 -0.09720653 -0.03877278
v -0.15040095 -0.11141560 -0.03360411
v -0.14694370 -0.09648268 -0.02640950
v -0.15252985 -0.12835625 -0.04085785
v -0.12629718 -0.34843788 -0.11928290
v -0.14346799 -0.35046867 -0.11136095
v -0.21682264 -0.44866583 -0.04422072
v -0.22744417 -0.45187181 -0.02374413
v -0.21431176 -0.40779445 -0.03384354
v -0.20819436 -0.40802655 -0.05726344
v -0.09550118 -0.34841067 -0.11998010
v -0.08921679 -0.33044234 -0.12231239
v -0.05669325 -0.30742890 -0.12369592
v -0.09060308 -0.44274011 -0.11446343
v -0.10827190 -0.45165029 -0.11237183
v -0.08716234 -0.45676464 -0.12711045
v -0.07271112 -0.47079378 -0.13395233
v -0.05195273 -0.47230598 -0.13814186
v -0.06718533 -0.48541957 -0.14596614
v -0.08960053 -0.47240254 -0.13554783
v -0.08465789 -0.48849791 -0.14558178
v -0.10425261 -0.48693845 -0.13883732
v -0.10048685 -0.31532210 -0.12782218
v -0.12420548 -0.31817558 -0.12206816
v -0.08922596 -0.29709411 -0.12923537
v -0.11109249 -0.29696751 -0.12549344
v -0.12953961 -0.29942521 -0.11894032
v -0.05417648 -0.29052991 -0.12845902
v -0.08522797 -0.28325316 -0.12953760
v -0.12461539 -0.38333631 -0.12195643
v -0.13995980 -0.38823316 -0.12470081
v -0.20228052 -0.39401644 -0.07815881
v -0.09901930 -0.06195203 -0.07390102
v -0.10761833 -0.07949155 -0.07219357
v -0.11928733 -0.13862427 -0.07570425
v -0.13771085 -0.11474627 -0.05060606
v -0.13672969 -0.13175282 -0.05963055
v -0.15206753 -0.14576349 -0.05048601
v -0.21954910 -0.43338901 -0.02778488
v -0.13579772 -0.28598025 -0.11396085
v -0.07056662 -0.29750657 -0.12794107
v -0.13703451 -0.14946409 -0.06771322
v -0.08917763 -0.25355005 -0.12681417
v -0.09503547 -0.26826721 -0.12712403
v -0.12884504 -0.26452067 -0.11270607
v -0.12172770 -0.27790329 -0.11914816
v -0.10816476 -0.25883466 -0.12154132
v -0.14414652 -0.25789157 -0.10038580
v -0.16239378 -0.26943004 -0.08792879
v -0.13001667 -0.24532631 -0.10790097
v -0.15910894 -0.25587797 -0.08460423
v -0.14680019 -0.27520496 -0.10442084
v -0.16040449 -0.29139787 -0.09230646
v -0.17358942 -0.27903733 -0.07708030
v -0.12522581 0.08824628 -0.09683990
v -0.13438813 0.06764474 -0.08360960
v -0.09684481 0.07341672 -0.10689191
v -0.14230385 0.05140267 -0.06897806
v -0.10299981 0.08886036 -0.10837495
v -0.10182522 0.05450987 -0.09956311
v -0.12326892 0.04601907 -0.08468565
v -0.10551658 0.03422063 -0.09030641
v -0.08660819 0.03972250 -0.09949540
v -0.14821766 -0.02683658 -0.01645204
v -0.14319435 -0.04174046 -0.02401367
v -0.15087762 -0.04005142 -0.00014789
v -0.03924041 0.11486514 -0.12180708
v -0.19059500 -0.26138869 -0.03517643
v -0.19590920 -0.27988774 -0.02483026
v -0.20032258 -0.25781929 -0.01725561
v -0.07706267 -0.19167447 -0.11221375
v -0.09872524 -0.18341036 -0.10306722
v -0.10030056 -0.16534232 -0.09550036
v -0.08374011 -0.15448642 -0.09609640
v -0.08004751 -0.17191252 -0.10380359
v -0.05908899 -0.17920597 -0.11036868
v -0.14111575 -0.17167699 -0.07495390
v -0.12139386 -0.17588189 -0.08986818
v -0.11370611 -0.19375920 -0.10099328
v -0.14985733 -0.06586469 -0.00967808
v -0.14687036 -0.04865649 -0.01192400
v -0.16790044 -0.22954310 -0.06972519
v -0.04385339 -0.32331893 -0.11363742
v -0.10285177 -0.22226934 -0.11528079
v -0.11901763 -0.21030416 -0.10416061
v -0.09722721 -0.24136059 -0.12223344
v -0.14273065 -0.21538006 -0.09016275
v -0.12842387 -0.22780676 -0.10415575
v -0.14667933 -0.23879980 -0.09332551
v -0.14863145 -0.19755816 -0.07988304
v -0.16044083 -0.19821265 -0.06841181
v -0.15588102 -0.21593530 -0.07888094
v -0.13389285 -0.19589488 -0.09048096
v -0.14147042 -0.18535431 -0.08107229
v -0.09295907 -0.20513335 -0.11289726
v -0.06821480 -0.21090813 -0.12034583
v -0.12054382 -0.15894972 -0.08368095
v -0.10259024 -0.15003574 -0.08961565
v -0.16194731 0.09419495 0.04403117
v 0.16205034 0.08582406 0.06669094
v 0.16651018 0.09609208 0.03675300
v 0.15219697 0.11486121 0.07839861
v 0.04516005 0.06439784 0.16160962
v 0.11681409 0.09201561 0.14074177
v 0.07288151 0.20960286 -0.09750379
v 0.15042797 0.10032634 -0.07411682
v 0.16593331 0.07890929 -0.00081841
v 0.16640386 0.08909344 0.00595309
v 0.14044978 0.11288670 -0.08717242
v 0.16366634 0.06102273 -0.00505244
v -0.07662039 0.25518000 -0.06760819
v -0.16351236 0.07724489 -0.04365470
v -0.15722787 0.03960815 -0.03247573
v -0.16246133 0.09155291 -0.05850314
v -0.16768554 0.07684426 -0.01721676
v -0.17040430 0.08959510 -0.01314028
v -0.16738378 0.08786806 0.01198886
v -0.15772228 0.08604430 -0.06314723
v -0.11616918 0.06907094 -0.09720094
v -0.22772372 -0.44084573 0.03714907
v -0.16329497 -0.51477295 0.21062680
v -0.10597385 0.25388348 -0.00273823
v -0.10756294 -0.51881379 0.21332619
v -0.18909591 -0.43626878 0.17436387
v -0.05527280 -0.46063286 0.17463332
v -0.04460812 -0.48590013 0.19156170
v 0.00973446 -0.40981886 0.14857611
v -0.20310697 -0.23931623 0.05021458
v -0.10186887 -0.01997727 0.11512346
v -0.21091749 -0.36221614 0.08918966
v -0.07978697 -0.18482989 0.15627605
v -0.08845831 -0.10531476 0.14176348
v -0.16712821 -0.27278981 0.12280568
v -0.19064286 -0.34098151 0.14140795
v -0.13903077 -0.12691197 0.10406312
v -0.15824632 -0.18501413 0.09927600
v -0.19787563 -0.36488798 0.13926116
v -0.07521424 -0.27319539 0.13800946
v 0.07940237 -0.52632064 0.23132749
v 0.21407852 -0.43323362 0.15893307
v 0.04906758 -0.42199156 0.16378191
v 0.02256058 -0.20707509 0.17765321
v 0.22494557 -0.40537477 0.11776524
v 0.08190251 -0.17280257 0.15871301
v 0.21607110 -0.39601743 0.13983378
v 0.20271413 -0.30616850 0.09609004
v 0.05599392 0.17848326 -0.10325161
v 0.10831902 0.12258656 -0.10834787
v -0.01122198 0.15734001 -0.12650809
v 0.13091755 0.00069370 -0.04862448
v 0.03767188 0.15466192 -0.12248900
v 0.19377373 -0.25387165 0.01747571
v 0.02131274 -0.43240818 -0.11204106
v 0.08798081 -0.52132696 -0.15815642
v 0.09869698 -0.53377604 -0.16456169
v 0.04755339 -0.43500128 -0.11196025
v -0.00837875 -0.20297761 -0.12209048
v 0.16507855 -0.11770427 -0.00643322
v 0.15536007 -0.06471395 0.01992199
v 0.07923941 -0.27813208 -0.13099992
v 0.20950007 -0.45912322 -0.08954469
v 0.12817600 -0.44526795 -0.12310347
v 0.17902859 -0.41428381 -0.11318362
v 0.04167129 -0.30624190 -0.12218519
v 0.11873518 -0.12175759 -0.07254707
v 0.10909861 -0.14453754 -0.08513631
v 0.08102367 -0.15287088 -0.09737264
v 0.10237173 -0.30698612 -0.12571017
v 0.12090380 -0.31577030 -0.11479569
v 0.09096714 -0.26009509 -0.12618786
v 0.10922096 -0.25741780 -0.11874318
v 0.20004581 -0.29779342 -0.02588082
v -0.20143785 -0.27463248 0.01627696
v -0.11320751 0.10447104 -0.10693592
v -0.22807486 -0.53197521 0.01359173
v -0.03017064 0.15027887 -0.11982507
v -0.11468983 -0.52028298 -0.15222831
v -0.13490810 -0.54110962 -0.15997130
v -0.19142635 -0.20402215 -0.01006900
v -0.18479167 -0.18025751 -0.01256735
v -0.16604103 -0.44544670 -0.12508485
v -0.19231120 -0.34033951 -0.07454523
v -0.19195871 -0.41192883 -0.09284945
v -0.21001802 -0.43307784 -0.04715902
v -0.22825986 -0.42809564 -0.01121278
v -0.08054286 -0.50166053 -0.15467718
v -0.10305249 -0.27961463 -0.12631319
v -0.11711590 -0.24203116 -0.11412371
v -0.21638019 -0.53749746 0.10875671
v -0.03124976 -0.33069792 0.16213904
v -0.09377661 -0.46712372 0.18719099
v -0.03985738 -0.41463006 0.15876873
v -0.12833235 -0.05134240 0.08968613
v -0.13650516 0.01560673 0.08407976
v -0.13056231 -0.07418426 0.09620021
v -0.21549454 -0.48408133 0.10778898
v -0.09694462 -0.11547861 0.13824813
v -0.12593566 0.05694641 0.13581812
v -0.19444700 -0.27446905 0.09556906
v -0.05712753 -0.27678305 0.14077760
v 0.02819920 -0.53268862 0.24540994
v 0.19695951 -0.52530557 0.19767627
v 0.22656271 -0.43260869 0.04109867
v 0.08922620 -0.39883608 0.16636062
v 0.22777796 -0.44606400 0.13074942
v 0.02482288 -0.28104374 0.16397695
v 0.15657720 -0.39883086 0.17170745
v 0.03588537 0.12710577 -0.12471484
v 0.02054635 0.16924323 -0.11719787
v 0.05056752 -0.09280072 -0.08801863
v 0.19953726 -0.50482577 -0.10848361
v 0.15030897 -0.51967907 -0.15218458
v 0.06026019 -0.11023471 -0.08888498
v 0.21652694 -0.43436775 -0.06286367
v 0.18931426 -0.30125546 -0.05343149
v 0.19533527 -0.36732605 -0.08096026
v 0.18162450 -0.37956265 -0.08562847
v 0.19662231 -0.31611791 -0.04670380
v 0.12434945 -0.23125270 -0.10735106
v 0.11584333 -0.23622485 -0.11301570
v -0.16782312 0.07855416 0.00070328
v -0.16420697 0.05654730 0.02767323
v -0.21948680 -0.38846362 -0.02150100
v -0.06264766 0.08003470 -0.11451115
v -0.20816578 -0.33924192 0.01782743
v -0.22717641 -0.40678981 -0.00408956
v -0.22205034 -0.40684900 -0.02193681
v -0.06078029 -0.39199868 -0.09904762
v -0.15574083 -0.23338327 -0.08372771
v -0.02393482 -0.31217545 -0.11498325
v -0.05425147 -0.33667386 -0.10733697
v -0.19057505 -0.30049372 -0.05410821
v -0.17385431 -0.48607972 -0.12773748
v -0.08196943 -0.42147514 -0.11028605
v -0.19157779 -0.42277402 -0.10276618
v -0.03801904 -0.30267134 -0.12259910
v -0.06660345 -0.28049785 -0.13057414
v 0.08494622 -0.31868577 -0.13257760
f 26 27 142
f 29 105 28
f 142 27 28
f 142 25 26
f 38 39 129
f 164 134 163
f 135 164 23
f 126 35 36
f 44 45 116
f 191 21 22
f 36 37 125
f 19 238 239
f 210 211 255
f 40 120 39
f 30 2372 105
f 19 239 18
f 2372 113 106
f 105 29 30
f 111 104 154
f 353 18 239
f 34 35 122
f 589 91 586
f 81 82 83
f 585 587 112
f 288 192 286
f 75 103 199
f 294 269 17
f 93 94 204
f 10 533 229
f 277 11 12
f 587 145 112
f 15 267 14
f 49 169 736
f 87 118 2305
f 5 231 4
f 81 83 111
f 189 2 2405
f 1862 163 22
f 31 32 113
f 189 188 2
f 231 284 4
f 150 166 105
f 96 160 95
f 206 209 208
f 172 91 92
f 123 118 88
f 109 44 116
f 2305 108 86
f 111 154 114
f 84 104 83
f 79 80 114
f 117 174 113
f 584 127 588
f 75 76 103
f 91 172 586
f 235 161 190
f 155 120 40
f 125 37 38
f 582 128 153
f 118 123 124
f 43 44 109
f 124 123 127
f 121 109 128
f 123 89 127
f 45 46 110
f 58 220 219
f 110 100 116
f 46 139 110
f 177 178 99
f 151 33 34
f 585 78 583
f 47 101 46
f 117 33 151
f 196 50 51
f 33 117 32
f 242 55 300
f 119 155 41
f 42 121 119
f 221 218 220
f 122 175 151
f 53 194 240
f 110 116 45
f 240 2310 816
f 114 584 583
f 127 89 90
f 86 108 85
f 139 46 101
f 41 42 119
f 118 124 154
f 74 75 198
f 199 750 198
f 112 77 78
f 79 583 78
f 108 104 84
f 109 121 43
f 104 111 83
f 2305 86 87
f 118 87 88
f 81 111 80
f 117 113 32
f 123 88 89
f 108 84 85
f 114 583 79
f 119 121 128
f 126 122 35
f 588 586 587
f 66 67 230
f 121 42 43
f 114 154 124
f 30 31 2372
f 104 108 2305
f 118 154 2305
f 750 140 73
f 100 177 181
f 71 252 70
f 111 114 80
f 461 136 352
f 280 230 278
f 223 852 270
f 125 126 36
f 155 40 41
f 175 122 126
f 129 125 38
f 405 183 404
f 130 129 120
f 115 130 405
f 120 2306 130
f 115 212 2304
f 322 318 319
f 227 532 410
f 230 342 65
f 161 189 190
f 135 165 164
f 245 52 921
f 698 169 48
f 100 110 139
f 100 139 138
f 138 139 48
f 148 143 145
f 171 72 73
f 147 246 102
f 205 92 93
f 148 144 143
f 166 142 105
f 135 25 142
f 23 24 135
f 145 143 77
f 145 149 148
f 144 103 143
f 143 76 77
f 103 102 199
f 112 145 77
f 144 147 102
f 146 173 304
f 149 145 587
f 149 146 148
f 586 149 587
f 144 148 304
f 166 150 97
f 237 150 106
f 113 2372 31
f 460 2307 107
f 151 175 176
f 151 34 122
f 109 152 128
f 128 152 153
f 109 116 181
f 153 152 99
f 99 152 177
f 152 109 181
f 99 178 2309
f 589 127 90
f 2306 120 155
f 419 411 420
f 270 271 328
f 363 496 534
f 282 395 446
f 345 235 285
f 208 141 206
f 188 233 160
f 21 191 2303
f 164 163 1862
f 163 134 192
f 23 164 1862
f 166 165 135
f 346 165 97
f 134 164 165
f 165 166 97
f 142 166 135
f 350 238 351
f 416 415 411
f 261 215 216
f 215 261 2308
f 298 299 2373
f 301 433 2373
f 214 179 2309
f 2309 178 213
f 137 177 138
f 48 169 138
f 72 71 864
f 253 201 251
f 203 95 483
f 172 92 205
f 146 205 173
f 172 205 146
f 205 204 173
f 249 173 206
f 106 113 174
f 150 2372 106
f 151 174 117
f 176 254 174
f 175 210 176
f 311 310 210
f 169 137 138
f 178 177 137
f 256 261 216
f 178 137 213
f 2309 179 180
f 214 2309 213
f 49 213 137
f 185 2374 182
f 183 582 184
f 152 181 177
f 180 184 153
f 582 153 184
f 115 405 457
f 184 180 185
f 182 183 184
f 2308 261 314
f 184 185 182
f 314 2374 185
f 318 320 277
f 353 239 293
f 411 415 431
f 370 273 334
f 7 8 228
f 282 446 2377
f 435 591 434
f 533 11 277
f 278 67 68
f 281 342 230
f 308 307 302
f 342 281 374
f 133 233 235
f 483 95 160
f 1 2 2282
f 188 161 233
f 483 484 450
f 209 204 203
f 190 189 234
f 188 189 161
f 284 190 234
f 193 162 236
f 163 191 22
f 346 237 2379
f 238 20 351
f 293 239 350
f 265 57 218
f 197 51 52
f 921 2310 245
f 197 52 168
f 168 52 245
f 196 213 50
f 199 198 75
f 144 102 103
f 140 199 102
f 249 304 173
f 403 356 306
f 70 305 69
f 140 171 73
f 202 72 171
f 171 247 251
f 252 202 201
f 203 204 94
f 95 203 94
f 173 204 206
f 205 93 204
f 208 209 207
f 483 160 484
f 307 309 302
f 204 209 206
f 483 209 203
f 349 254 310
f 286 192 134
f 254 176 310
f 151 176 174
f 211 126 212
f 255 107 311
f 211 175 126
f 211 312 255
f 357 212 115
f 125 2304 126
f 312 211 212
f 50 213 49
f 214 213 196
f 214 196 215
f 215 197 168
f 297 259 258
f 258 259 257
f 216 215 168
f 217 168 245
f 217 194 258
f 257 464 256
f 168 217 2375
f 185 180 179
f 153 99 180
f 2309 180 99
f 100 138 177
f 116 100 181
f 185 179 2308
f 262 58 59
f 263 59 60
f 243 355 242
f 262 220 58
f 262 361 468
f 57 219 218
f 218 219 220
f 508 517 506
f 266 355 243
f 409 221 220
f 368 15 16
f 186 2311 267
f 271 955 62
f 273 62 63
f 329 272 328
f 224 333 61
f 263 361 262
f 592 226 6
f 592 6 225
f 7 225 6
f 226 337 283
f 282 231 232
f 6 226 274
f 228 8 187
f 187 8 227
f 187 276 228
f 228 225 7
f 229 9 1885
f 227 8 9
f 10 11 533
f 227 229 532
f 9 229 227
f 230 67 278
f 279 68 69
f 281 280 159
f 369 335 342
f 232 231 5
f 454 399 480
f 160 96 188
f 235 233 161
f 484 233 133
f 189 3 234
f 285 190 284
f 235 190 285
f 193 236 20
f 191 192 193
f 163 192 191
f 150 237 97
f 237 106 348
f 239 238 350
f 236 351 20
f 293 350 167
f 294 18 353
f 326 269 325
f 245 240 217
f 295 53 241
f 299 54 55
f 241 195 295
f 241 54 299
f 299 242 2373
f 57 265 56
f 221 244 266
f 196 51 197
f 240 245 2310
f 304 250 147
f 246 200 247
f 102 246 140
f 170 247 200
f 171 251 202
f 140 247 171
f 246 247 140
f 200 248 170
f 200 246 147
f 309 141 208
f 248 200 250
f 304 147 144
f 250 249 141
f 247 170 251
f 253 251 170
f 141 249 206
f 202 252 71
f 356 252 201
f 356 305 252
f 338 339 279
f 201 202 251
f 254 106 174
f 106 254 348
f 211 210 175
f 257 256 2375
f 2375 256 216
f 464 260 256
f 258 257 2375
f 464 257 359
f 297 258 194
f 260 98 314
f 179 214 2308
f 263 262 59
f 264 263 60
f 361 263 264
f 60 333 264
f 315 361 264
f 316 361 317
f 266 265 218
f 300 56 243
f 221 266 218
f 266 244 355
f 13 14 2311
f 319 186 323
f 368 267 15
f 268 222 16
f 268 17 269
f 16 222 368
f 222 268 269
f 271 270 955
f 223 270 328
f 273 271 62
f 330 332 377
f 329 328 271
f 329 331 272
f 334 63 64
f 64 65 335
f 369 336 370
f 275 226 283
f 226 275 274
f 5 275 232
f 337 226 592
f 276 434 228
f 227 410 187
f 499 187 410
f 410 470 499
f 568 131 2380
f 187 499 276
f 435 434 2318
f 277 531 533
f 279 278 68
f 305 279 69
f 338 279 305
f 339 280 278
f 371 340 159
f 230 65 66
f 335 65 342
f 373 281 159
f 281 373 374
f 283 282 232
f 283 343 282
f 231 282 2377
f 283 232 275
f 392 395 343
f 4 284 234
f 284 2377 285
f 446 344 399
f 134 165 346
f 346 97 237
f 134 346 286
f 288 347 287
f 347 286 2379
f 288 287 292
f 351 290 289
f 162 292 290
f 292 162 288
f 192 288 162
f 292 291 290
f 291 352 289
f 291 289 290
f 167 289 352
f 417 293 2313
f 269 294 325
f 194 53 295
f 298 296 195
f 354 474 512
f 297 194 295
f 298 433 296
f 299 298 195
f 242 299 55
f 265 243 56
f 242 300 243
f 425 354 296
f 309 208 303
f 450 485 453
f 208 207 303
f 250 141 248
f 250 304 249
f 252 305 70
f 201 253 306
f 308 403 306
f 307 306 253
f 306 307 308
f 302 309 303
f 447 302 303
f 403 308 481
f 248 309 307
f 309 248 141
f 170 248 307
f 310 176 210
f 311 107 578
f 310 311 563
f 255 311 210
f 512 259 354
f 256 260 261
f 2308 314 185
f 260 314 261
f 315 391 317
f 264 333 360
f 361 315 317
f 318 277 12
f 318 322 320
f 12 13 318
f 2311 318 13
f 267 2311 14
f 318 2311 319
f 366 545 323
f 502 321 364
f 321 320 322
f 364 321 322
f 321 157 365
f 323 322 319
f 324 323 186
f 186 267 367
f 2313 412 417
f 269 326 222
f 411 327 326
f 590 328 272
f 273 329 271
f 330 329 273
f 330 370 332
f 377 375 376
f 378 379 331
f 330 331 329
f 377 332 375
f 360 224 593
f 333 224 360
f 335 334 64
f 374 398 336
f 273 370 330
f 338 305 356
f 339 338 371
f 278 279 339
f 230 280 281
f 481 372 403
f 302 482 308
f 341 397 398
f 282 343 395
f 340 441 439
f 284 231 2377
f 401 2377 446
f 441 442 455
f 456 451 345
f 286 346 2379
f 402 348 349
f 348 254 349
f 563 349 310
f 289 167 350
f 290 351 236
f 350 351 289
f 519 520 575
f 414 352 136
f 414 167 352
f 353 293 417
f 294 353 325
f 195 297 295
f 297 296 354
f 242 355 2373
f 266 243 265
f 503 355 244
f 2373 355 301
f 306 356 201
f 338 356 403
f 400 449 447
f 481 442 372
f 357 312 212
f 98 260 462
f 255 312 406
f 466 464 465
f 465 359 530
f 259 359 257
f 360 388 315
f 264 360 315
f 316 409 468
f 384 385 382
f 388 391 315
f 323 364 322
f 366 430 545
f 368 367 267
f 327 368 222
f 367 324 186
f 367 327 419
f 368 327 367
f 326 327 222
f 424 418 2316
f 334 335 369
f 369 370 334
f 332 370 336
f 371 159 280
f 439 159 340
f 339 371 280
f 403 372 371
f 340 371 372
f 439 373 159
f 374 373 341
f 398 374 341
f 342 374 369
f 373 439 341
f 375 445 376
f 336 375 332
f 478 568 386
f 379 380 158
f 331 377 378
f 379 378 380
f 388 360 593
f 590 272 158
f 379 272 331
f 382 158 384
f 384 158 380
f 388 387 391
f 380 381 384
f 542 499 470
f 387 385 2314
f 394 393 438
f 593 158 382
f 378 383 2315
f 438 376 445
f 477 492 436
f 382 385 387
f 131 568 541
f 568 2380 386
f 437 386 383
f 2315 383 386
f 378 377 383
f 377 376 383
f 2380 2315 386
f 378 2315 380
f 2314 385 436
f 382 387 388
f 436 385 477
f 2314 391 387
f 317 391 390
f 2376 479 392
f 395 2312 344
f 2376 392 343
f 337 2376 283
f 394 445 396
f 393 437 438
f 2312 392 394
f 393 394 392
f 396 2312 394
f 344 2312 132
f 446 395 344
f 132 2312 396
f 398 396 445
f 396 398 397
f 443 444 132
f 447 303 448
f 345 285 401
f 2381 453 451
f 448 450 453
f 235 345 133
f 133 345 451
f 286 347 288
f 402 347 2379
f 348 2379 237
f 359 259 512
f 354 259 297
f 549 508 507
f 338 403 371
f 2306 405 130
f 358 407 457
f 182 404 183
f 183 405 2306
f 457 405 404
f 406 107 255
f 107 406 460
f 312 407 406
f 407 358 489
f 357 407 312
f 313 467 528
f 2374 490 488
f 464 359 465
f 363 534 156
f 363 156 316
f 537 409 156
f 468 409 220
f 156 409 316
f 321 365 320
f 320 365 531
f 531 277 320
f 470 410 469
f 323 324 366
f 167 414 2313
f 2313 414 413
f 412 2313 413
f 428 412 413
f 416 412 415
f 416 411 326
f 415 412 428
f 325 416 326
f 419 420 2382
f 411 419 327
f 367 419 324
f 420 424 421
f 427 426 431
f 433 301 504
f 476 2320 518
f 432 429 426
f 546 418 509
f 421 430 366
f 425 422 474
f 431 415 427
f 476 413 414
f 415 428 427
f 555 557 516
f 430 421 2316
f 548 473 430
f 565 538 566
f 355 503 301
f 507 506 505
f 513 474 517
f 518 413 476
f 426 418 424
f 510 554 509
f 431 426 424
f 558 432 423
f 429 418 426
f 433 425 296
f 425 433 511
f 374 336 369
f 375 336 398
f 479 478 437
f 479 437 393
f 2318 434 276
f 568 435 541
f 478 435 568
f 436 492 493
f 2314 436 389
f 438 437 383
f 376 438 383
f 394 438 445
f 443 439 441
f 442 441 340
f 456 399 454
f 340 372 442
f 441 440 443
f 308 482 481
f 455 442 486
f 443 440 444
f 440 452 454
f 132 397 443
f 341 443 397
f 454 444 440
f 132 444 480
f 398 445 375
f 401 446 399
f 448 303 207
f 400 486 449
f 448 207 450
f 400 447 448
f 447 449 482
f 450 207 483
f 450 484 485
f 452 2381 456
f 133 451 485
f 456 454 452
f 453 400 448
f 455 452 440
f 2381 452 486
f 485 451 453
f 400 453 2381
f 454 480 444
f 441 455 440
f 486 442 449
f 345 401 456
f 457 357 115
f 357 457 407
f 488 457 404
f 182 488 404
f 523 458 313
f 526 291 487
f 573 461 526
f 459 579 2307
f 581 576 577
f 291 461 352
f 98 408 490
f 462 260 464
f 408 98 462
f 408 463 490
f 457 488 358
f 458 489 313
f 408 466 467
f 462 464 466
f 466 465 529
f 462 466 408
f 408 467 463
f 262 468 220
f 316 468 361
f 469 365 2319
f 472 470 2319
f 531 365 469
f 469 2319 470
f 276 499 2318
f 477 131 498
f 472 542 470
f 471 492 498
f 544 493 494
f 472 471 542
f 501 430 473
f 502 545 501
f 156 534 536
f 474 422 517
f 524 528 525
f 425 474 354
f 461 573 559
f 136 476 414
f 559 2320 476
f 131 477 381
f 437 478 386
f 392 479 393
f 478 591 435
f 443 341 439
f 399 344 480
f 132 480 344
f 449 442 481
f 447 482 302
f 481 482 449
f 209 483 207
f 233 484 160
f 484 133 485
f 2381 486 400
f 455 486 452
f 2374 488 182
f 490 2374 98
f 292 487 291
f 347 402 562
f 287 487 292
f 576 526 487
f 358 488 490
f 467 313 463
f 523 528 524
f 406 407 489
f 463 489 358
f 490 463 358
f 529 465 491
f 530 512 513
f 557 525 529
f 469 532 531
f 531 532 533
f 498 492 477
f 492 471 494
f 472 495 494
f 493 492 494
f 472 494 471
f 495 157 543
f 493 362 389
f 497 389 362
f 389 436 493
f 362 564 496
f 389 497 390
f 496 363 497
f 363 390 497
f 542 498 541
f 541 2318 542
f 501 545 430
f 502 501 500
f 569 538 565
f 544 494 495
f 500 543 502
f 321 502 157
f 364 323 545
f 503 567 504
f 244 221 2383
f 505 504 567
f 433 504 511
f 503 504 301
f 507 508 506
f 422 425 511
f 505 506 511
f 549 510 508
f 549 507 550
f 418 429 509
f 515 594 522
f 522 429 558
f 511 504 505
f 511 506 422
f 359 512 530
f 513 512 474
f 514 513 475
f 513 516 530
f 514 515 571
f 555 516 514
f 594 510 522
f 491 530 516
f 514 516 513
f 513 517 475
f 506 517 422
f 517 508 475
f 2317 427 518
f 574 573 580
f 427 428 518
f 413 518 428
f 520 2317 2320
f 518 2320 2317
f 570 556 572
f 520 423 2317
f 520 519 423
f 519 521 423
f 429 432 558
f 571 555 514
f 521 558 423
f 558 515 522
f 556 521 519
f 521 571 558
f 559 574 2320
f 523 459 460
f 524 560 561
f 458 523 460
f 313 528 523
f 570 557 555
f 525 570 560
f 291 526 461
f 581 526 576
f 402 349 527
f 578 577 527
f 529 528 467
f 525 528 529
f 529 467 466
f 529 491 557
f 465 530 491
f 410 532 469
f 229 533 532
f 535 496 564
f 534 496 535
f 552 553 547
f 540 507 505
f 535 551 534
f 362 493 539
f 535 564 565
f 552 547 554
f 2321 536 551
f 534 551 536
f 409 537 221
f 536 2321 537
f 156 536 537
f 2321 2383 537
f 501 538 500
f 473 538 501
f 566 553 565
f 540 505 567
f 544 539 493
f 566 538 473
f 541 498 131
f 471 498 542
f 502 543 157
f 569 543 500
f 500 538 569
f 364 545 502
f 547 566 473
f 418 546 548
f 547 548 546
f 550 507 540
f 510 549 554
f 549 550 552
f 553 551 535
f 565 553 535
f 551 552 550
f 547 553 566
f 552 551 553
f 546 554 547
f 552 554 549
f 546 509 554
f 509 429 522
f 509 522 510
f 555 571 556
f 570 572 560
f 521 556 571
f 556 519 572
f 516 557 491
f 515 558 571
f 561 560 572
f 524 525 560
f 575 561 572
f 523 524 459
f 562 287 347
f 487 562 576
f 287 562 487
f 527 562 402
f 577 562 527
f 577 579 581
f 362 496 497
f 539 564 362
f 539 565 564
f 565 539 569
f 244 567 503
f 2383 567 244
f 537 2383 221
f 2321 540 2383
f 550 540 2321
f 2318 541 435
f 544 495 543
f 544 569 539
f 543 569 544
f 548 547 473
f 557 570 525
f 556 570 555
f 519 575 572
f 581 580 573
f 580 575 574
f 520 574 575
f 559 573 574
f 559 136 461
f 476 136 559
f 580 561 575
f 577 576 562
f 527 563 578
f 578 563 311
f 580 579 459
f 526 581 573
f 577 578 579
f 561 580 459
f 580 581 579
f 582 2306 119
f 585 112 78
f 124 584 114
f 127 584 124
f 583 584 585
f 149 586 172
f 588 587 585
f 584 588 585
f 589 588 127
f 91 589 90
f 588 589 586
f 593 590 158
f 328 590 223
f 225 434 591
f 592 591 2378
f 434 225 228
f 388 593 382
f 594 475 508
f 514 475 515
f 475 594 515
f 510 594 508
f 688 632 631
f 722 623 622
f 49 812 50
f 625 727 728
f 682 689 687
f 1109 669 699
f 240 816 53
f 786 785 772
f 638 2384 101
f 722 683 623
f 637 636 671
f 60 59 2325
f 686 628 2385
f 682 631 630
f 687 677 682
f 684 2385 627
f 736 169 698
f 674 649 648
f 2389 888 57
f 727 624 683
f 2325 59 887
f 59 58 887
f 56 2389 57
f 724 664 787
f 637 2384 638
f 874 878 731
f 744 641 640
f 61 850 852
f 726 727 683
f 62 955 849
f 685 671 636
f 673 667 699
f 676 663 645
f 68 67 855
f 672 700 673
f 1097 738 739
f 667 702 705
f 714 620 619
f 803 909 910
f 644 669 676
f 639 74 661
f 751 749 750
f 674 668 729
f 74 198 661
f 704 654 703
f 639 661 711
f 671 685 660
f 683 752 726
f 730 762 2385
f 642 673 643
f 629 686 689
f 681 680 633
f 668 647 663
f 674 647 668
f 645 663 646
f 644 676 645
f 795 688 677
f 676 729 668
f 730 2385 684
f 708 662 709
f 699 669 643
f 626 625 728
f 1109 1108 675
f 686 629 628
f 684 627 626
f 682 688 631
f 681 688 795
f 624 727 625
f 621 679 723
f 624 623 683
f 607 885 608
f 621 723 622
f 682 677 688
f 716 679 714
f 762 760 687
f 714 618 617
f 715 714 617
f 681 632 688
f 628 627 2385
f 714 619 618
f 682 630 689
f 757 835 795
f 729 676 669
f 723 679 716
f 677 760 757
f 674 729 675
f 620 679 621
f 728 684 626
f 701 702 700
f 658 809 659
f 673 642 672
f 47 638 101
f 733 891 954
f 806 808 805
f 637 671 2384
f 811 809 2283
f 707 655 704
f 632 681 633
f 660 697 671
f 672 642 641
f 674 675 650
f 652 1108 705
f 674 650 649
f 648 647 674
f 714 679 620
f 675 651 650
f 687 689 686
f 705 702 653
f 1091 1041 989
f 676 668 663
f 717 725 724
f 943 873 872
f 633 680 634
f 805 597 596
f 1108 651 675
f 878 925 930
f 744 745 708
f 598 960 952
f 960 987 800
f 644 643 669
f 891 845 847
f 685 636 635
f 665 837 743
f 629 689 630
f 635 634 680
f 911 804 909
f 737 657 656
f 72 815 73
f 1109 699 667
f 817 2386 1048
f 773 1105 774
f 660 693 698
f 697 660 698
f 698 693 736
f 139 101 48
f 2384 671 697
f 48 697 698
f 729 669 1109
f 667 705 1109
f 700 666 701
f 667 700 702
f 673 700 667
f 666 700 672
f 709 706 701
f 704 655 654
f 701 666 709
f 703 702 701
f 653 702 703
f 703 701 704
f 653 703 654
f 706 704 701
f 704 706 707
f 652 705 653
f 706 709 662
f 656 655 707
f 748 858 747
f 707 706 713
f 745 744 640
f 662 713 706
f 712 813 710
f 863 859 861
f 744 666 672
f 709 666 708
f 711 640 639
f 749 711 661
f 708 747 662
f 198 750 661
f 751 750 73
f 694 746 749
f 1092 735 1093
f 858 713 662
f 738 713 712
f 715 617 616
f 716 714 715
f 615 715 616
f 720 725 717
f 719 723 718
f 752 670 726
f 719 718 717
f 720 718 753
f 719 717 670
f 717 724 670
f 787 781 724
f 721 715 615
f 755 740 754
f 723 722 622
f 722 719 752
f 723 716 718
f 722 723 719
f 696 725 720
f 664 724 725
f 718 720 717
f 754 696 720
f 727 726 678
f 728 727 678
f 675 729 1109
f 681 834 680
f 680 834 665
f 684 728 869
f 840 605 838
f 1011 1010 973
f 55 890 300
f 601 847 602
f 854 805 808
f 1068 989 1090
f 804 64 63
f 1068 1065 1066
f 857 793 833
f 736 693 867
f 712 739 738
f 809 658 2285
f 738 707 713
f 739 712 710
f 707 738 737
f 739 710 997
f 739 997 1094
f 202 71 72
f 70 865 71
f 922 816 2310
f 695 968 923
f 610 609 819
f 880 886 606
f 753 716 715
f 743 742 660
f 693 660 742
f 743 660 685
f 867 693 823
f 665 743 2322
f 742 743 826
f 666 744 708
f 641 744 672
f 745 640 711
f 746 745 711
f 708 745 747
f 749 746 711
f 747 746 748
f 745 746 747
f 748 746 694
f 859 813 748
f 748 813 858
f 749 751 694
f 859 748 694
f 661 750 749
f 815 751 73
f 820 751 815
f 722 752 683
f 670 752 719
f 716 753 718
f 721 753 715
f 615 614 755
f 755 721 615
f 755 754 721
f 613 755 614
f 1047 740 817
f 696 754 740
f 728 678 869
f 757 795 677
f 756 761 760
f 766 759 761
f 759 757 761
f 765 768 758
f 836 757 759
f 769 770 772
f 776 758 769
f 759 765 758
f 769 758 768
f 776 836 758
f 677 687 760
f 762 687 686
f 760 761 757
f 763 821 756
f 756 760 762
f 730 763 762
f 756 762 763
f 822 764 767
f 767 766 822
f 783 765 766
f 759 766 765
f 783 766 767
f 774 768 783
f 774 1105 771
f 770 769 768
f 771 784 770
f 776 775 777
f 771 768 774
f 770 784 779
f 782 767 764
f 771 1107 784
f 770 768 771
f 785 769 772
f 825 775 790
f 777 825 824
f 785 790 775
f 777 775 825
f 782 773 767
f 773 774 783
f 775 776 769
f 793 857 790
f 824 825 823
f 776 777 871
f 837 665 796
f 779 792 786
f 779 2387 830
f 764 822 916
f 787 788 781
f 782 866 780
f 670 724 791
f 764 916 866
f 724 781 791
f 773 783 767
f 779 784 2387
f 785 775 769
f 1004 725 696
f 791 781 789
f 772 779 786
f 794 790 785
f 829 792 870
f 785 786 794
f 790 794 793
f 867 823 857
f 1049 2388 664
f 730 868 763
f 791 726 670
f 790 857 825
f 917 789 781
f 726 791 678
f 786 2324 794
f 792 830 870
f 830 831 870
f 52 51 832
f 794 2324 828
f 833 51 50
f 871 835 836
f 796 665 834
f 778 837 796
f 835 796 834
f 796 871 778
f 841 840 797
f 901 733 976
f 1111 877 884
f 932 887 888
f 941 829 870
f 901 845 891
f 848 847 903
f 270 983 955
f 61 333 850
f 962 800 987
f 990 803 910
f 856 802 855
f 805 807 806
f 807 2283 806
f 801 988 1066
f 853 854 801
f 807 805 596
f 596 1284 807
f 811 807 1284
f 810 2285 658
f 2283 809 735
f 1094 1097 739
f 809 2285 735
f 1071 2283 735
f 811 2283 807
f 1284 595 2284
f 811 1284 2284
f 657 810 658
f 809 811 659
f 857 833 812
f 736 812 49
f 707 737 656
f 737 1097 810
f 657 737 810
f 712 858 813
f 710 813 863
f 863 860 996
f 815 72 864
f 865 908 991
f 861 859 820
f 817 740 613
f 755 613 740
f 1489 612 2386
f 1003 1047 1048
f 819 966 1002
f 914 1002 966
f 912 609 608
f 915 819 1002
f 763 868 920
f 822 756 821
f 822 821 916
f 778 777 824
f 826 778 824
f 824 742 826
f 824 823 742
f 823 825 857
f 868 869 827
f 917 827 789
f 921 832 828
f 922 828 2324
f 792 829 2324
f 779 830 792
f 830 695 831
f 832 51 833
f 833 793 832
f 828 832 793
f 794 828 793
f 52 832 921
f 795 834 681
f 795 835 834
f 757 836 835
f 836 759 758
f 777 778 871
f 837 778 826
f 743 837 826
f 797 840 838
f 872 605 1443
f 1110 885 886
f 873 874 838
f 872 838 605
f 876 841 797
f 877 876 924
f 839 841 876
f 892 604 846
f 872 873 838
f 888 58 219
f 889 56 300
f 889 974 971
f 241 940 54
f 603 844 900
f 602 845 844
f 604 892 893
f 900 844 845
f 604 603 846
f 903 601 600
f 905 600 599
f 891 847 848
f 847 845 602
f 903 847 601
f 848 903 953
f 983 956 955
f 1130 849 1131
f 851 852 850
f 906 907 850
f 1112 984 851
f 852 851 983
f 853 801 987
f 854 853 597
f 855 802 2286
f 856 67 66
f 860 993 995
f 65 64 911
f 856 66 803
f 803 66 911
f 66 65 911
f 804 63 1130
f 812 833 50
f 857 812 867
f 713 858 712
f 747 858 662
f 820 859 694
f 861 862 992
f 862 864 865
f 862 861 820
f 863 861 860
f 815 862 820
f 862 865 992
f 860 995 996
f 859 863 813
f 997 710 996
f 1095 1094 814
f 865 864 71
f 815 864 862
f 908 70 69
f 992 865 991
f 915 612 611
f 2386 612 818
f 912 819 609
f 915 610 819
f 885 912 608
f 912 1114 966
f 818 612 915
f 917 918 920
f 780 2323 1132
f 764 866 782
f 780 866 2323
f 919 2323 866
f 736 867 812
f 742 823 693
f 869 868 730
f 868 827 920
f 869 730 684
f 827 678 789
f 869 678 827
f 835 871 796
f 776 871 836
f 943 894 873
f 894 943 896
f 874 873 875
f 838 874 797
f 874 731 924
f 875 873 894
f 924 731 877
f 797 874 924
f 874 875 878
f 884 970 1055
f 883 881 882
f 924 876 797
f 882 876 877
f 926 945 929
f 879 875 894
f 877 731 884
f 878 875 879
f 970 878 930
f 895 899 894
f 925 879 926
f 899 879 894
f 881 880 839
f 885 607 886
f 839 880 841
f 882 881 839
f 1110 881 883
f 882 839 876
f 883 1111 2329
f 1111 883 882
f 1161 1159 1172
f 884 1055 1111
f 607 606 886
f 881 886 880
f 888 887 58
f 798 887 932
f 2325 887 798
f 889 2389 56
f 890 889 300
f 937 55 54
f 241 53 940
f 937 54 843
f 829 816 922
f 843 54 940
f 891 733 901
f 897 900 901
f 929 925 926
f 895 894 896
f 896 892 846
f 893 943 872
f 893 892 943
f 976 978 944
f 898 897 944
f 895 897 898
f 897 896 846
f 895 896 897
f 846 900 897
f 898 978 979
f 898 951 895
f 951 899 895
f 603 900 846
f 901 900 845
f 901 976 944
f 1057 933 1056
f 951 898 979
f 926 946 945
f 946 902 945
f 905 903 600
f 599 952 905
f 952 800 904
f 598 952 599
f 905 953 903
f 953 905 904
f 982 906 2325
f 972 973 1010
f 1112 907 1014
f 986 957 958
f 956 957 959
f 987 961 853
f 801 962 987
f 805 854 597
f 988 854 808
f 1000 856 990
f 855 67 856
f 964 2286 802
f 865 70 908
f 855 2286 69
f 908 69 2286
f 996 710 863
f 911 909 803
f 999 990 910
f 804 911 64
f 959 1040 1131
f 912 913 1114
f 885 913 912
f 912 966 819
f 1046 967 1080
f 967 741 818
f 611 610 915
f 918 916 821
f 866 916 919
f 781 788 917
f 916 918 919
f 920 918 821
f 918 917 919
f 920 821 763
f 922 921 828
f 829 922 2324
f 941 816 829
f 968 695 1005
f 878 879 925
f 899 926 879
f 929 930 925
f 929 945 948
f 929 927 930
f 878 970 731
f 928 970 930
f 798 932 931
f 935 931 1006
f 935 934 931
f 2389 932 888
f 931 932 1006
f 1006 2389 971
f 935 1006 936
f 1119 1127 1118
f 935 933 1123
f 933 935 936
f 933 1057 1123
f 798 972 982
f 798 931 934
f 973 934 1122
f 1007 974 1008
f 938 937 799
f 938 799 939
f 937 938 890
f 1018 939 799
f 890 55 937
f 816 940 53
f 1051 941 831
f 891 848 954
f 892 896 943
f 898 944 978
f 901 944 897
f 949 945 902
f 899 946 926
f 979 902 946
f 1024 902 981
f 929 948 927
f 980 981 979
f 950 945 949
f 948 945 1023
f 947 950 949
f 1023 945 950
f 979 946 951
f 946 899 951
f 800 952 960
f 905 952 904
f 1062 986 1059
f 1026 953 904
f 954 848 1028
f 733 942 976
f 953 1028 848
f 906 982 842
f 907 906 842
f 906 850 333
f 1112 850 907
f 1112 851 850
f 956 851 984
f 955 959 849
f 959 955 956
f 956 984 957
f 959 957 1040
f 957 984 958
f 1031 1100 1038
f 1040 957 986
f 961 960 598
f 960 961 987
f 963 802 1000
f 1000 802 856
f 965 963 1000
f 802 963 964
f 1042 994 995
f 1040 734 1085
f 967 1002 914
f 914 1081 1080
f 741 967 1046
f 695 923 831
f 843 799 937
f 1018 799 969
f 927 690 1053
f 928 930 927
f 1126 1053 690
f 970 928 1055
f 731 970 884
f 57 888 219
f 936 1006 971
f 973 972 934
f 1011 973 1128
f 889 971 2389
f 1007 971 974
f 890 974 889
f 938 974 890
f 1008 938 939
f 1008 1115 732
f 976 942 977
f 1060 733 954
f 1059 985 1017
f 980 977 1016
f 977 978 976
f 1116 950 1009
f 927 948 690
f 1127 948 1023
f 947 949 1024
f 979 978 980
f 978 977 980
f 1058 980 1016
f 902 979 981
f 800 1025 904
f 1027 1026 1030
f 1031 1029 1100
f 982 2325 798
f 982 972 842
f 852 983 270
f 983 851 956
f 1015 984 1112
f 962 801 1066
f 989 988 808
f 854 988 801
f 808 1091 989
f 1095 1096 692
f 1063 1065 691
f 803 990 856
f 2286 991 908
f 993 992 991
f 992 993 860
f 1044 1042 1043
f 1074 1075 1073
f 1042 993 991
f 2287 814 997
f 861 992 860
f 2287 997 996
f 995 994 2287
f 994 1074 1076
f 1072 1041 692
f 1087 1084 1086
f 1001 999 1045
f 1001 1000 990
f 1069 691 1065
f 915 1002 818
f 1004 1003 1050
f 1003 1004 696
f 696 740 1047
f 1004 1050 1049
f 725 1004 664
f 1102 2326 1133
f 2386 741 1048
f 1002 967 818
f 1147 968 1005
f 1022 923 968
f 831 923 969
f 940 1051 843
f 799 843 969
f 1051 969 843
f 1129 1127 1119
f 1106 1140 1147
f 1007 936 971
f 974 938 1008
f 1115 1008 939
f 732 1007 1008
f 1123 934 935
f 950 1116 1023
f 1061 1128 947
f 1012 1014 907
f 1011 1128 1061
f 1012 1010 1011
f 907 842 1012
f 972 1010 842
f 1012 842 1010
f 1014 1012 2327
f 1011 1061 2327
f 2327 1083 1013
f 1013 985 1015
f 1015 1014 1013
f 1015 985 1059
f 1015 958 984
f 1016 977 1070
f 1070 977 942
f 1017 1016 1070
f 1017 985 1058
f 1115 939 975
f 1018 969 923
f 975 939 1018
f 1150 1022 1143
f 1142 1149 1143
f 1115 1021 1121
f 1020 1018 923
f 975 1019 1021
f 1019 975 1020
f 1020 975 1018
f 1151 1153 1125
f 923 1022 1020
f 690 948 1127
f 1061 1024 1083
f 1014 2327 1013
f 902 1024 949
f 1024 981 1083
f 800 962 1025
f 1026 904 1025
f 1028 1026 1027
f 1026 1025 1032
f 1027 1030 1035
f 1031 1027 1035
f 1028 1027 1039
f 1026 1028 953
f 1045 1063 691
f 1045 1037 1063
f 1035 1029 1031
f 734 986 1062
f 1030 1026 1032
f 1064 1032 1025
f 1036 1030 1032
f 1029 1035 1033
f 1034 1036 1037
f 999 910 1087
f 1033 1035 1034
f 1035 1030 1034
f 1037 1036 1063
f 1100 1070 1038
f 1027 1031 1039
f 1038 1039 1031
f 986 734 1040
f 1033 734 1062
f 1059 986 958
f 1071 1091 806
f 1064 1025 962
f 1043 991 2286
f 1044 1043 964
f 991 1043 1042
f 1000 1001 965
f 999 1001 990
f 1080 967 914
f 1050 1046 1082
f 1048 1047 817
f 1047 1003 696
f 817 1427 2386
f 1046 1048 741
f 787 664 2388
f 1004 1049 664
f 1102 1050 1082
f 1050 1003 1046
f 1048 1046 1003
f 816 941 940
f 969 1051 831
f 690 1127 1129
f 928 1053 1054
f 1126 1052 1053
f 1053 1052 1054
f 1166 1055 1168
f 927 1053 928
f 928 1054 1055
f 1007 732 1056
f 936 1056 933
f 1118 1116 1117
f 1057 1056 1120
f 1057 1117 1123
f 950 947 1009
f 981 980 1058
f 985 1013 1058
f 1017 1058 1016
f 1015 1059 958
f 1060 942 733
f 1039 1060 954
f 1028 1039 954
f 1024 1061 947
f 1011 2327 1012
f 2327 1061 1083
f 1100 1062 1059
f 1062 1100 1029
f 1063 1064 1065
f 1032 1064 1036
f 1066 1064 962
f 988 1068 1066
f 1069 1065 1068
f 1064 1066 1065
f 1041 1072 1090
f 989 1068 988
f 1067 1069 1068
f 994 1042 1074
f 1077 1069 1067
f 1069 1077 691
f 1017 1070 1100
f 942 1038 1070
f 1071 735 1092
f 1090 1067 1068
f 993 1042 995
f 963 1044 964
f 1042 1044 1074
f 1075 1074 1044
f 1067 1079 1073
f 1075 1044 963
f 1074 1073 1076
f 963 965 1075
f 1001 1045 691
f 1076 1073 1079
f 994 1076 2287
f 1078 1075 965
f 1001 1078 965
f 1079 1072 998
f 1077 1078 691
f 1001 691 1078
f 1046 1080 1082
f 1102 1099 2388
f 2326 1082 1080
f 741 2386 818
f 981 1058 1083
f 1083 1058 1013
f 1017 1100 1059
f 1029 1033 1062
f 1033 1089 734
f 1089 1085 734
f 1085 1086 1084
f 909 1088 910
f 1086 1085 1089
f 1085 1084 1131
f 1045 999 1087
f 1087 910 1088
f 1087 1086 1037
f 1088 909 804
f 1087 1088 1084
f 1034 1089 1033
f 1041 1090 989
f 1079 1090 1072
f 1067 1090 1079
f 806 1091 808
f 692 1091 1071
f 1093 735 2285
f 1096 1095 814
f 1097 1094 1093
f 1093 1094 1095
f 814 1094 997
f 1097 1093 810
f 692 1092 1095
f 1095 1092 1093
f 1096 998 1072
f 738 1097 737
f 1091 692 1041
f 1092 692 1071
f 1096 1072 692
f 1105 773 2390
f 788 1099 2323
f 1133 2328 1132
f 1089 1034 1086
f 1037 1086 1034
f 1087 1037 1045
f 1133 2326 2328
f 1049 1050 1102
f 1099 1102 1133
f 1107 1005 784
f 1104 782 780
f 773 782 1104
f 1156 1146 1103
f 1081 1170 1101
f 1104 780 1103
f 773 1104 2390
f 1134 1156 1103
f 1105 1107 771
f 1107 1105 1106
f 1140 1106 1141
f 1147 1005 1107
f 1147 1107 1106
f 651 1108 652
f 705 1108 1109
f 820 694 751
f 885 1110 913
f 881 1110 886
f 877 1111 882
f 1166 1111 1055
f 1112 1014 1015
f 1164 1170 1171
f 1114 1113 914
f 914 1113 1081
f 883 1162 1110
f 1160 1161 1162
f 1114 913 1172
f 920 827 917
f 1021 1115 975
f 1116 1009 1117
f 1116 1127 1023
f 1122 1117 1009
f 1117 1057 1118
f 1127 1116 1118
f 1118 1120 1119
f 1120 732 1121
f 1128 1009 947
f 1123 1122 934
f 1117 1122 1123
f 1115 1121 732
f 1152 1125 1021
f 1021 1125 1121
f 1153 1124 1125
f 1120 1121 1124
f 1129 1126 690
f 1153 1126 1124
f 1057 1120 1118
f 1124 1119 1120
f 1122 1128 973
f 1009 1128 1122
f 1124 1129 1119
f 1126 1129 1124
f 1131 1088 1130
f 849 959 1131
f 1130 1088 804
f 1084 1088 1131
f 62 849 63
f 1131 1040 1085
f 1101 1098 2328
f 1099 1133 1132
f 1134 2328 1098
f 1103 780 1132
f 1132 2328 1134
f 1159 1171 1172
f 1153 1154 1155
f 1132 1134 1103
f 1138 1136 1164
f 1081 1101 2326
f 1101 1170 1136
f 1152 1151 1125
f 1101 1136 1098
f 1164 1136 1170
f 1139 1156 1098
f 1163 1138 1164
f 1139 1138 1137
f 1135 1144 1137
f 1139 1137 1144
f 1142 1144 1135
f 1147 1140 1143
f 1140 1142 1143
f 1104 1103 1146
f 1141 1146 1145
f 1106 2390 1141
f 1143 1149 1150
f 1145 1144 1142
f 1156 1144 1145
f 2390 1104 1146
f 1145 1146 1156
f 2390 1146 1141
f 1143 1022 1147
f 968 1147 1022
f 1152 1019 1150
f 1148 1142 1135
f 1142 1148 1149
f 1135 1158 1154
f 1151 1149 1148
f 1150 1019 1020
f 1137 1167 1158
f 1052 1157 1168
f 1151 1152 1149
f 1019 1152 1021
f 1022 1150 1020
f 1152 1150 1149
f 1154 1153 1151
f 1154 1151 1148
f 1135 1154 1148
f 1144 1156 1139
f 1157 1052 1155
f 1158 1157 1155
f 1138 1163 1167
f 1155 1154 1158
f 1137 1158 1135
f 1167 1157 1158
f 1161 1172 913
f 1162 2329 1160
f 1163 1159 1160
f 1162 1161 913
f 1159 1161 1160
f 1110 1162 913
f 1165 1160 2329
f 1163 1165 1169
f 1159 1163 1164
f 2329 1166 1165
f 1163 1169 1167
f 1166 1168 1169
f 1111 1166 2329
f 1168 1055 1054
f 1166 1169 1165
f 1138 1167 1137
f 1052 1168 1054
f 1157 1169 1168
f 1167 1169 1157
f 1113 1170 1081
f 1171 1170 1113
f 1172 1171 1113
f 1171 1159 1164
f 1114 1172 1113
f 1145 1140 1141
f 1142 1140 1145
f 616 617 618
f 1311 1234 1272
f 1269 1219 1220
f 616 618 619
f 619 1276 616
f 1345 616 1276
f 1276 619 1173
f 1271 1269 1263
f 1271 1218 1219
f 1348 1312 1350
f 1236 1258 2292
f 647 648 1244
f 1353 1179 1180
f 2331 1258 1266
f 1488 611 612
f 1269 1240 2288
f 2330 1310 1234
f 1267 1261 1250
f 2338 1186 1187
f 1286 1253 1259
f 1247 1224 1225
f 607 608 1433
f 613 614 1486
f 1274 1275 1336
f 1239 1238 1251
f 1507 1357 1394
f 1310 2288 1255
f 1243 647 1244
f 1217 1285 1216
f 872 1443 1445
f 1234 1311 2330
f 1736 1515 1510
f 1237 1261 1260
f 1446 841 880
f 1255 2288 1259
f 1235 1231 1232
f 1397 601 602
f 1323 596 597
f 598 1366 961
f 1325 1297 1378
f 601 1397 1398
f 1334 1306 1213
f 2292 1228 1229
f 1247 1253 1246
f 1226 1227 1242
f 1327 1295 1328
f 1247 1246 1224
f 1339 1343 1340
f 1326 596 1323
f 1232 2291 2290
f 1293 1332 1233
f 1245 1243 1238
f 1226 1242 1254
f 1223 1224 1246
f 1239 1246 1253
f 2292 1258 1241
f 1229 1230 2289
f 1230 1231 1249
f 1240 1248 1286
f 1202 1920 1438
f 1188 1362 1361
f 1241 2331 1267
f 1188 1189 1362
f 1262 1264 1305
f 1265 1261 1267
f 1342 1479 1341
f 1282 1283 1191
f 1395 1204 1205
f 1249 1257 2289
f 1255 1256 1237
f 1245 1248 1221
f 1258 2331 1241
f 1437 1392 1436
f 1437 1498 1392
f 1242 1250 1261
f 1192 1282 1191
f 1238 1244 1251
f 1237 1242 1261
f 1246 1251 1223
f 1247 1256 1253
f 1503 1549 1201
f 1259 1256 1255
f 1550 1201 1549
f 1244 1222 1251
f 1495 1199 1200
f 1236 2292 2289
f 1198 1199 1496
f 1260 1234 1310
f 1260 1255 1237
f 1218 1271 1217
f 1272 1260 1261
f 1263 2330 1309
f 1242 1227 1250
f 1221 1248 1220
f 1238 1243 1244
f 1256 1247 1254
f 1260 1310 1255
f 1287 1257 1249
f 648 1222 1244
f 1237 1256 1254
f 1243 1252 663
f 663 1252 646
f 2289 1257 1236
f 1245 1252 1243
f 1228 1250 1227
f 1243 663 647
f 1221 646 1252
f 1268 1258 1236
f 1415 1209 1210
f 1251 1246 1239
f 1221 1252 1245
f 1381 1382 1343
f 1241 1250 1228
f 1272 1234 1260
f 1222 1223 1251
f 1225 1226 1254
f 1300 1333 1214
f 1212 1306 1308
f 1286 1245 1238
f 1286 1239 1253
f 1308 1306 1307
f 1241 1228 2292
f 1242 1237 1254
f 1256 1259 1253
f 1286 1259 1240
f 2288 1240 1259
f 1272 1261 1265
f 1274 1265 1273
f 1258 1268 1266
f 1265 2331 1273
f 1262 1304 1264
f 1273 2331 1266
f 1241 1267 1250
f 1257 1291 1236
f 1266 1268 1264
f 1271 1263 1309
f 1309 1217 1271
f 1248 1240 1220
f 1270 1273 1304
f 1269 1271 1219
f 1274 1272 1265
f 1311 1272 1336
f 1274 1273 1270
f 1264 1304 1266
f 1275 1274 1270
f 1274 1336 1272
f 1301 1303 1299
f 1270 1301 1299
f 1275 2391 1336
f 1175 1176 1350
f 614 615 1344
f 1277 1276 1173
f 1173 1174 1277
f 1312 1174 1175
f 1177 1349 1350
f 1312 1277 1174
f 1277 1312 1314
f 1183 1184 1360
f 1199 1495 1496
f 1445 893 872
f 1282 1281 1283
f 1282 1193 1281
f 1283 1281 1406
f 1190 1191 1283
f 600 601 1398
f 1484 1614 2393
f 1233 1330 1293
f 1288 1294 1292
f 1217 1309 1285
f 1215 1216 1285
f 1239 1286 1238
f 1235 1287 1231
f 1288 1287 1235
f 2291 1377 2290
f 1268 1289 1264
f 1293 1330 1290
f 1236 1291 1289
f 1288 1292 1287
f 1290 1291 1257
f 1331 1291 1290
f 1290 1292 1293
f 1296 1332 1293
f 1296 1292 1294
f 1292 1296 1293
f 1288 2293 1295
f 1288 1295 1294
f 1328 1295 2293
f 1327 1323 1368
f 1297 1296 1294
f 1378 1295 1327
f 1297 1325 2333
f 1297 1332 1296
f 1303 1301 1302
f 1275 1270 1299
f 1300 2391 1298
f 1298 2391 1275
f 1299 1298 1275
f 1214 1894 1335
f 1301 1304 1262
f 1302 1301 1262
f 1303 1302 1307
f 1299 1303 1298
f 1306 1334 1303
f 1333 1334 1213
f 1270 1304 1301
f 1304 1273 1266
f 1478 1479 1480
f 1308 1343 1382
f 1306 1303 1307
f 1213 1306 1212
f 1340 1341 1479
f 1302 1341 1340
f 1382 1212 1308
f 2288 1310 1263
f 1311 1336 2334
f 1312 1348 1314
f 1344 1346 614
f 1350 1312 1175
f 1314 1345 1277
f 1348 1349 1429
f 1348 1384 1314
f 1432 1384 1431
f 609 610 1387
f 1584 1278 1533
f 1517 1446 1447
f 1516 1433 1388
f 1396 1206 1207
f 1365 1189 1190
f 2338 1187 1361
f 1408 1405 1406
f 1407 1408 1406
f 1365 1283 1406
f 1365 1405 1362
f 1210 1734 1415
f 1474 1484 2393
f 1419 1483 1477
f 1555 1395 1556
f 1368 597 853
f 1369 853 961
f 1370 1368 1369
f 1378 1297 1294
f 1325 1324 1371
f 1371 1324 1376
f 1326 1328 2293
f 596 1326 1377
f 1368 1323 597
f 1368 1370 1327
f 1324 1325 1378
f 1328 1323 1327
f 1323 1328 1326
f 1377 2293 2290
f 1379 1330 1233
f 1291 1331 1289
f 1342 1305 1423
f 1290 1330 1331
f 1379 1331 1330
f 1335 1300 1214
f 1333 1300 1334
f 1300 1298 1334
f 1303 1334 1298
f 1329 1335 1894
f 1300 1335 2391
f 1329 1337 1335
f 2391 1337 1336
f 1338 2334 2392
f 1285 1309 1338
f 1340 1308 1307
f 1305 1342 1341
f 1262 1305 1341
f 1302 1340 1307
f 1375 1423 1233
f 1375 1233 1417
f 1262 1341 1302
f 1426 1381 1343
f 1379 1423 1305
f 1308 1340 1343
f 1345 1344 615
f 616 1345 615
f 1277 1345 1276
f 1346 1352 1486
f 1313 1545 1617
f 1493 1494 1591
f 1431 1429 1383
f 1384 1348 1429
f 1351 1177 1178
f 1429 1349 1347
f 1177 1350 1176
f 1348 1350 1349
f 1349 1177 1351
f 1434 1178 1179
f 1349 1351 1347
f 1314 1385 1344
f 1345 1314 1344
f 1384 1385 1314
f 1344 1385 1346
f 1386 1352 1432
f 1388 1547 1661
f 1387 1548 609
f 1430 1347 1390
f 1694 1709 1708
f 1444 1394 1443
f 1455 1456 1459
f 1407 1409 1280
f 1359 1195 1196
f 1197 1463 1976
f 1389 1466 1467
f 1362 1189 1365
f 1187 1188 1361
f 1322 1364 1321
f 1364 1194 1321
f 1321 1194 1363
f 1364 1322 1193
f 1281 1322 1406
f 1281 1193 1322
f 1283 1365 1190
f 1406 1322 1407
f 598 599 1460
f 1327 1370 1324
f 1734 1210 1211
f 1482 1543 1415
f 1369 1368 853
f 961 1366 1369
f 1370 1366 1324
f 1371 1373 1475
f 1373 1520 1457
f 1417 1233 1332
f 1520 1371 1376
f 1418 1417 2333
f 1417 1374 1375
f 1332 1297 2333
f 1417 1418 1374
f 1478 1339 1479
f 1480 1423 1375
f 1476 1375 1374
f 1472 1366 1460
f 596 1377 1284
f 2293 1377 1326
f 1295 1378 1294
f 1324 1378 1327
f 2392 1329 1215
f 1289 1379 1264
f 1331 1379 1289
f 1338 2330 1311
f 1309 2330 1338
f 1380 1426 1421
f 1426 1343 1339
f 1381 1426 1425
f 1427 1486 1487
f 1489 1487 1428
f 1430 1429 1347
f 1385 1384 1432
f 1547 1591 1546
f 1389 1180 1181
f 1466 1182 1403
f 1434 1353 1390
f 1351 1178 1434
f 1389 1353 1180
f 1523 1353 1389
f 1429 1430 1383
f 1351 1434 1347
f 1347 1434 1390
f 2394 1390 1353
f 1503 1202 1438
f 1550 1391 1495
f 1197 1198 1497
f 1392 1498 1499
f 1442 1393 1439
f 1447 880 606
f 1507 1508 1506
f 1204 1395 1554
f 1208 1367 1413
f 1597 1557 1442
f 1393 1440 1439
f 1556 1395 1396
f 1204 1554 1441
f 1448 602 844
f 1449 844 603
f 2341 1320 1458
f 1448 1397 602
f 1458 1397 2341
f 1449 1450 1448
f 1194 1400 1363
f 1196 1463 1464
f 1401 1195 2336
f 1522 1359 1464
f 1465 1184 1185
f 1404 1185 1186
f 1403 1527 1467
f 1182 1466 1181
f 1465 1360 1184
f 1182 1183 1403
f 2337 2338 1361
f 1404 1402 1465
f 1280 1411 1586
f 1186 2338 1404
f 1525 1402 1404
f 1362 1405 1524
f 1406 1405 1365
f 1407 1322 1321
f 1409 1407 1321
f 1407 1280 1408
f 1409 1321 1363
f 1470 1408 1280
f 1405 1408 1524
f 1363 1410 1409
f 1400 1401 1410
f 1411 1280 1409
f 1542 1413 1367
f 1414 1416 1412
f 1206 1396 1205
f 1543 1416 1414
f 1543 1414 1415
f 1209 1415 1414
f 1543 1484 1474
f 1367 1208 1412
f 1207 1208 1413
f 1324 1366 1472
f 1369 1366 1370
f 1376 1324 1472
f 2333 1417 1332
f 1475 1325 1371
f 2333 1475 1418
f 1566 1418 1475
f 1374 1418 1372
f 1419 1374 1372
f 1374 1419 1477
f 1566 1372 1418
f 1374 1477 1476
f 1375 1476 1480
f 1479 1339 1340
f 1478 1480 1476
f 1477 1483 1422
f 1478 1421 1339
f 1421 1420 1735
f 1421 1735 1380
f 1422 1735 1420
f 1420 1476 1477
f 1735 1422 1482
f 1233 1423 1379
f 1426 1339 1421
f 1425 1426 1380
f 1489 1427 1487
f 613 1486 1427
f 1487 1352 1386
f 1486 1352 1487
f 1383 1545 1431
f 1490 1530 1491
f 1432 1431 1313
f 1384 1429 1431
f 1432 1313 1616
f 1385 1432 1352
f 1493 1387 610
f 1548 1433 608
f 1466 1389 1181
f 1353 1434 1179
f 1490 2394 1530
f 1467 1527 1583
f 1435 1523 1583
f 2394 1353 1523
f 1389 1467 1523
f 1523 1435 2394
f 1436 1438 1437
f 1438 1920 1437
f 1498 1437 1440
f 1438 1436 1503
f 1439 1440 1203
f 1441 1442 1439
f 1498 1440 1393
f 1442 1441 1554
f 1505 1355 1498
f 1597 1442 1554
f 1393 1442 1557
f 1444 1443 605
f 1445 1443 1394
f 840 841 2335
f 893 1445 1560
f 1447 1446 880
f 606 607 1518
f 1358 1446 1517
f 1395 1205 1396
f 1207 1413 1396
f 1413 1542 1473
f 1449 1448 844
f 1399 1449 603
f 1449 1399 1450
f 603 604 1399
f 1399 1451 1450
f 1519 1565 1452
f 1399 1561 1451
f 1452 1565 2341
f 1450 1451 1452
f 2341 1565 1320
f 1448 2341 1397
f 1452 2341 1450
f 1448 1450 2341
f 1453 1320 1454
f 1398 1458 1459
f 1458 1398 1397
f 1453 1424 1455
f 1458 1320 1453
f 1454 1737 1424
f 1453 1454 1424
f 1472 1471 1376
f 1471 1456 1455
f 1453 1455 1459
f 1424 1457 1455
f 2342 1456 1460
f 1398 1459 2342
f 1521 1566 1373
f 1459 1458 1453
f 2342 1459 1456
f 599 2342 1460
f 1460 1471 1472
f 598 1460 1366
f 1398 2342 600
f 1461 1462 1410
f 1401 1461 1410
f 1463 1196 1976
f 1359 1196 1464
f 1497 1198 1496
f 1497 1553 1463
f 1552 1551 1594
f 1553 1464 1463
f 1522 1464 1571
f 1404 1465 1185
f 1360 1465 1402
f 1467 1466 1403
f 1583 1523 1467
f 1470 1524 1408
f 1280 1586 1470
f 1470 2337 1524
f 1538 1536 1469
f 1576 1534 1462
f 1410 1462 1409
f 1586 1534 1538
f 1586 1538 1469
f 1541 1470 1469
f 1456 1471 1460
f 2393 1614 1649
f 1396 1413 1473
f 1555 1556 1647
f 1556 1396 1473
f 1412 1416 1367
f 1416 1474 1367
f 1566 1475 1373
f 1325 1475 2333
f 1566 1569 1372
f 1636 1737 1634
f 1420 1477 1422
f 1476 1420 1478
f 1421 1478 1420
f 1480 1479 1342
f 1423 1480 1342
f 1482 1481 1543
f 1481 1482 1422
f 1484 1485 1614
f 1484 1481 1485
f 1483 1485 1481
f 1385 1352 1346
f 1650 1487 1386
f 1489 1488 612
f 1654 1488 1428
f 1428 1488 1489
f 1490 1430 1390
f 2394 1490 1390
f 1491 1492 1490
f 1491 2344 1492
f 1545 1313 1431
f 1591 1494 1652
f 611 1493 610
f 611 1494 1493
f 609 1548 608
f 1550 1495 1200
f 1201 1550 1200
f 1496 1495 1391
f 1197 1497 1463
f 1552 1497 1496
f 1553 1497 1552
f 1393 1557 1505
f 1498 1355 1499
f 1501 1621 1354
f 1392 1499 1502
f 1502 1499 1500
f 1436 1392 1501
f 1316 1502 2343
f 1392 1502 1501
f 1686 1684 1316
f 1920 1203 1440
f 1437 1920 1440
f 1503 1354 1549
f 1501 1354 1436
f 1354 1503 1436
f 1555 1597 1554
f 1732 1597 1555
f 1558 1504 1557
f 1393 1505 1498
f 1733 1355 1505
f 605 840 1444
f 1507 1394 1508
f 1509 1507 1506
f 1559 2335 1446
f 1508 1559 1506
f 1506 1559 1723
f 1508 1444 2335
f 1723 1559 1358
f 1509 1357 1507
f 1515 1451 1511
f 1445 1513 1560
f 1317 1514 1512
f 1510 1357 1512
f 1513 1510 1511
f 1317 1512 1509
f 1509 1512 1357
f 1512 1736 1510
f 1736 1512 1514
f 1562 1514 1710
f 1563 1515 1736
f 1451 1515 1563
f 1515 1511 1510
f 1447 1516 1517
f 1388 1661 1672
f 1516 1447 1518
f 1516 2355 1517
f 606 1518 1447
f 607 1433 1518
f 1637 1598 1625
f 1710 1712 1562
f 1519 1452 1563
f 1519 1598 1565
f 1471 1520 1376
f 1457 1520 1455
f 1455 1520 1471
f 1372 1569 1567
f 1359 1522 1573
f 1576 1462 2339
f 1461 1401 2336
f 1571 1572 1522
f 1524 2337 1361
f 1362 1524 1361
f 1539 1525 1536
f 1402 1525 1526
f 1527 2395 1609
f 1609 2395 1526
f 1491 1530 1531
f 1589 1610 1609
f 2344 1531 1533
f 1530 1529 1531
f 1531 1529 1532
f 1491 1531 2344
f 1609 1612 1528
f 1584 1533 1532
f 1608 1533 1278
f 2339 1577 1576
f 1534 1576 1468
f 1534 1468 1538
f 1462 1534 1411
f 1468 1537 1538
f 1536 1525 1541
f 1470 1586 1469
f 1534 1586 1411
f 1468 1576 1575
f 1540 1589 1535
f 1469 1536 1541
f 1539 1536 1535
f 1535 1536 1538
f 1535 1538 1537
f 1539 1535 1589
f 1525 1539 1526
f 1535 1537 1540
f 1528 1612 1613
f 1581 1579 1582
f 1470 1541 2337
f 1474 1542 1367
f 1484 1543 1481
f 1568 1614 1485
f 1649 1614 1615
f 1492 1383 1430
f 1383 1492 1545
f 1585 1492 2344
f 1651 1643 1669
f 1494 1488 1654
f 1545 1492 1585
f 1490 1492 1430
f 1388 1433 1548
f 1494 611 1488
f 1547 1548 1387
f 1591 1547 1387
f 1547 1620 1661
f 1354 1621 2347
f 2347 1550 1549
f 1391 1550 2347
f 1551 1496 1391
f 1391 1622 1551
f 1594 1596 1571
f 1551 1552 1496
f 1553 1571 1464
f 1555 1554 1395
f 1505 1557 1504
f 1648 2350 1319
f 1559 1508 2335
f 1394 1444 1508
f 1358 1559 1446
f 1445 1394 1513
f 1357 1513 1394
f 1560 1513 1511
f 1357 1510 1513
f 1511 1561 1560
f 1399 604 1561
f 1560 604 893
f 1451 1561 1511
f 1672 1516 1388
f 1516 1518 1433
f 1451 1563 1452
f 1598 1564 1624
f 1563 1564 1519
f 1565 1637 1320
f 1637 1565 1598
f 1569 1566 1521
f 1520 1373 1371
f 1521 1373 1457
f 1737 1631 1632
f 1419 1567 1483
f 1567 1569 1570
f 1568 1570 1544
f 1567 1570 1485
f 1634 1570 1569
f 1594 1571 1552
f 1572 1571 1596
f 1572 1578 1599
f 1599 1573 1522
f 1461 1573 2339
f 2339 1599 1577
f 1468 1575 1537
f 1579 1574 1578
f 1575 1576 1574
f 1573 1599 2339
f 1574 1576 1577
f 1574 1577 1578
f 1356 1675 1677
f 1574 1581 1575
f 1574 1579 1581
f 1578 1572 1600
f 1579 1578 1600
f 1676 1689 1679
f 1601 2345 1540
f 1640 1641 1679
f 1537 1575 1601
f 1527 1403 2395
f 1527 1528 1583
f 1435 1583 1528
f 1584 1532 1588
f 1532 1587 1588
f 1643 1608 1278
f 2397 1585 1608
f 1585 1617 1545
f 2344 1608 1585
f 1532 1533 1531
f 1608 2344 1533
f 1610 1589 1540
f 1609 1610 1612
f 1584 1588 2346
f 1587 1532 1529
f 1612 1610 1611
f 1611 1588 1587
f 1526 1589 1609
f 1539 1589 1526
f 1647 1556 1473
f 1615 1568 1544
f 1493 1591 1387
f 1546 1591 1652
f 1619 1546 1315
f 1653 1315 1652
f 1546 1619 1620
f 1546 1620 1547
f 1388 1548 1547
f 1354 2347 1549
f 1551 1595 1594
f 1600 1596 1356
f 1596 1595 1356
f 1595 1596 1594
f 1557 1597 1558
f 604 1560 1561
f 1562 1624 1564
f 1564 1598 1519
f 1625 1598 1624
f 1569 1521 1634
f 1572 1599 1522
f 1577 1599 1578
f 1596 1600 1572
f 1581 1601 1575
f 1607 1638 1639
f 1582 1639 1638
f 1607 1580 1605
f 1278 1584 1603
f 1619 1671 1657
f 1643 1603 1602
f 1602 1669 1643
f 1606 2346 1604
f 1580 1639 1640
f 1604 2400 1606
f 1605 1604 2346
f 1611 1645 1588
f 1605 1580 1664
f 2399 1657 1671
f 1645 1605 2346
f 1527 1609 1528
f 1610 1540 2345
f 1612 1587 1613
f 1610 2345 1611
f 2345 1638 1644
f 1435 1613 1529
f 1648 1647 1646
f 1615 1614 1568
f 1627 1615 1544
f 1649 1615 1633
f 1432 1616 1386
f 1617 1616 1313
f 1590 1617 2397
f 1616 1617 1590
f 1652 1315 1546
f 1655 1671 1619
f 1656 1620 1619
f 1656 1672 1661
f 1622 1391 2347
f 1595 1551 1673
f 1662 1622 2347
f 1673 1551 1622
f 1673 1622 1662
f 1658 1680 1699
f 1356 1595 1674
f 1562 1626 1624
f 1624 1626 1663
f 1625 1631 1637
f 2348 1627 1632
f 1716 1712 1710
f 1663 1626 1718
f 1627 1544 1632
f 1627 2348 1629
f 1663 2349 1628
f 1635 1633 1629
f 2348 1628 1629
f 1628 1625 1663
f 1712 1715 1718
f 1648 1319 1647
f 1630 1629 2349
f 1635 1629 1630
f 1737 1454 1631
f 1632 1631 2348
f 1634 1632 1544
f 1615 1627 1633
f 1629 1633 1627
f 1634 1544 1570
f 1646 2396 1648
f 1635 1648 2396
f 1521 1636 1634
f 1637 1454 1320
f 1454 1637 1631
f 1607 1639 1580
f 1681 1666 1668
f 1640 1664 1580
f 1641 1639 1582
f 1665 1664 1666
f 1579 1600 1677
f 1678 1582 1579
f 1641 1640 1639
f 1641 1676 1679
f 1356 1674 1675
f 1595 1673 1674
f 1659 1603 1606
f 1603 1643 1278
f 1604 1605 1664
f 1644 1638 1607
f 1585 2397 1617
f 1612 1611 1587
f 1645 1611 1644
f 1644 1607 1645
f 1605 1645 1607
f 2346 1588 1645
f 1529 1613 1587
f 1646 1647 1473
f 1647 1319 1555
f 1630 1714 2350
f 1649 2396 2393
f 1635 1649 1633
f 1650 1654 1428
f 1654 1618 1652
f 1487 1650 1428
f 1651 1618 1590
f 1618 1654 1650
f 1643 2397 1608
f 1651 1669 1653
f 1650 1590 1618
f 1654 1652 1494
f 1653 1652 1618
f 1651 1653 1618
f 1655 1619 1315
f 1655 1315 1653
f 1669 1655 1653
f 1619 1657 1656
f 1657 1658 1593
f 1658 1657 1592
f 1660 1592 2399
f 1657 1593 1656
f 1593 1658 1670
f 1659 1671 1602
f 1659 1602 1603
f 1660 2399 2400
f 1656 1661 1620
f 1672 1656 1593
f 1593 2401 1672
f 1358 1517 1738
f 1663 1718 2349
f 1625 1624 1663
f 1604 1664 1665
f 1679 1666 1640
f 1660 1665 1681
f 1604 1665 2400
f 1666 1681 1665
f 1640 1666 1664
f 1682 1668 1666
f 1666 1679 1682
f 1668 1667 1687
f 1655 1669 1602
f 1680 1658 1592
f 1602 1671 1655
f 1683 2401 2398
f 1621 1316 1662
f 1675 1674 1642
f 1642 1676 1675
f 1678 1677 1675
f 1642 1689 1676
f 1676 1641 1678
f 1356 1677 1600
f 1675 1676 1678
f 1582 1678 1641
f 1579 1677 1678
f 1667 1693 1687
f 1687 1681 1668
f 1592 1660 1680
f 1689 1682 1679
f 1668 1682 1690
f 1683 2398 1739
f 1672 1683 2355
f 2421 1623 1642
f 1662 1684 2421
f 2354 2403 1726
f 1685 1686 2343
f 1692 1686 1685
f 1699 1680 1687
f 1681 1687 1680
f 1688 1670 1699
f 1318 2398 1688
f 1670 1658 1699
f 1668 1690 1667
f 1689 1690 1682
f 2351 1692 2352
f 1667 1690 2352
f 1689 1623 1690
f 2351 1686 1692
f 1691 1692 1279
f 1693 1667 1691
f 1719 1720 1721
f 1692 1685 1695
f 1692 1695 1279
f 1719 1699 1693
f 1685 2353 2354
f 1514 1697 1710
f 1696 1708 1697
f 1317 1697 1514
f 1696 1694 1708
f 1355 1500 1499
f 2353 2343 1500
f 1705 1703 1704
f 1697 1317 1696
f 1500 1355 1698
f 1505 1504 1733
f 1720 1691 1279
f 1699 1687 1693
f 1694 1696 1703
f 1719 1721 1725
f 1703 1696 1704
f 1702 1725 1700
f 1317 1509 1704
f 1703 1705 1702
f 1707 1706 1727
f 1500 1698 2353
f 2353 1698 1727
f 1702 1701 1694
f 1695 1701 1700
f 1701 1695 1726
f 1701 1702 1700
f 1725 1702 1705
f 1688 1699 1719
f 1700 1279 1695
f 1694 1703 1702
f 1317 1704 1696
f 1506 1722 1509
f 1722 1704 1509
f 1722 1705 1704
f 1701 2402 1694
f 1727 2354 2353
f 1706 1713 1709
f 1626 1712 1718
f 1712 1626 1562
f 1713 1716 1709
f 2402 1726 2403
f 1727 2403 2354
f 1710 1708 1716
f 1706 1730 1713
f 1716 1708 1709
f 1708 1710 1697
f 1319 1728 1732
f 1712 1716 1715
f 1730 1706 1707
f 1711 1715 1713
f 2349 1714 1630
f 1728 2350 1714
f 1733 1731 1707
f 1731 1729 1730
f 1711 1717 1715
f 1717 1718 1715
f 1731 1504 1558
f 1713 1715 1716
f 1728 1717 1711
f 1718 1717 1714
f 2349 1718 1714
f 1720 1719 1693
f 1688 1719 1725
f 1693 1691 1720
f 1279 1700 1721
f 1725 1721 1700
f 1279 1721 1720
f 1723 1722 1506
f 1723 1738 1739
f 1738 1723 1358
f 1705 1722 1724
f 1724 1722 1723
f 1724 1723 1739
f 1724 1725 1705
f 1318 1725 1724
f 1725 1318 1688
f 1726 2402 1701
f 1685 2354 1695
f 1706 2403 1727
f 1733 1707 1698
f 1635 1630 1648
f 1714 1717 1728
f 1711 1729 1728
f 1729 1732 1728
f 1730 1729 1711
f 1732 1729 1558
f 1713 1730 1711
f 1730 1707 1731
f 1504 1731 1733
f 1558 1729 1731
f 1558 1597 1732
f 1728 1319 2350
f 1319 1732 1555
f 1727 1698 1707
f 1355 1733 1698
f 1425 1380 1734
f 1380 1735 1734
f 1415 1734 1482
f 1735 1482 1734
f 1613 1435 1528
f 1530 1435 1529
f 1736 1564 1563
f 1514 1562 1736
f 1564 1736 1562
f 1634 1737 1632
f 1424 1737 1636
f 1672 2355 1516
f 1724 1739 1318
f 1794 1282 1192
f 1758 1794 1192
f 1364 1856 1855
f 1216 1852 1759
f 1193 1856 1364
f 1855 1194 1364
f 1973 1199 1198
f 1770 1769 1792
f 1852 1216 1215
f 1282 1794 1795
f 1756 1820 1757
f 1750 1982 1751
f 1809 1854 1785
f 2301 1793 1779
f 1201 1923 1503
f 1770 1792 1785
f 1883 1922 1920
f 1788 1773 1772
f 1503 1923 1996
f 1791 1793 1771
f 1848 1806 2296
f 1758 1757 1794
f 1928 1208 1207
f 1933 1204 2004
f 1776 1810 1780
f 1412 1208 1930
f 1209 1866 1210
f 1790 1778 1760
f 2087 1775 2081
f 1762 1761 1803
f 1777 1786 84
f 1793 1772 1771
f 1781 1764 1786
f 1382 1381 1865
f 1783 2294 1763
f 1832 1865 1899
f 85 1786 1764
f 1206 1205 1931
f 1761 1760 1778
f 1781 1774 1839
f 1193 1282 1795
f 1790 1759 1852
f 2359 2332 1894
f 1787 1777 83
f 1762 1803 1783
f 1786 1774 1781
f 2410 2192 2222
f 1787 1763 2294
f 83 1777 84
f 1786 85 84
f 1780 1792 1769
f 1213 1835 1333
f 1912 1914 1748
f 2004 1204 1441
f 1820 1794 1757
f 1912 1747 1937
f 1745 1888 1746
f 1741 1740 2358
f 1195 2035 1196
f 1934 1888 1745
f 1994 2356 15
f 1799 1861 2358
f 1827 1743 1742
f 1987 1915 2356
f 1788 2295 1773
f 1742 1741 1831
f 1861 24 23
f 1803 1761 1778
f 2358 1829 1831
f 14 13 1916
f 1799 1740 27
f 1826 1862 1955
f 1862 1826 23
f 27 26 24
f 1794 1820 1795
f 25 24 26
f 24 1799 27
f 19 1891 238
f 1790 1760 1759
f 1777 1787 2294
f 1780 1768 1802
f 21 2303 2018
f 22 21 1890
f 1799 2358 1740
f 1827 1742 1831
f 1802 1782 1840
f 2301 1808 2295
f 1772 1793 2297
f 1773 2298 2299
f 1838 1839 1774
f 1211 1958 1900
f 1 1784 2405
f 1 2300 1784
f 1778 1790 1789
f 1770 1785 1791
f 1781 1765 1764
f 1781 1839 1765
f 1786 1777 1774
f 1839 1766 1765
f 1842 1784 2404
f 1810 1792 1780
f 1763 1787 82
f 1769 1768 1780
f 1971 1756 1755
f 1904 1963 1835
f 1885 10 229
f 1802 1768 1767
f 1839 1782 1766
f 83 82 1787
f 1926 1886 1925
f 1854 1816 2357
f 1215 1329 2332
f 1783 1763 1762
f 1875 5 4
f 1801 1848 1851
f 1886 1926 2079
f 1867 1906 1964
f 1766 1782 1767
f 275 5 1867
f 1924 1927 2008
f 1841 1872 1840
f 1881 1916 1991
f 2294 1774 1777
f 1382 1902 1212
f 1782 1839 1838
f 1869 1803 1836
f 1782 1802 1767
f 1802 1840 1776
f 1778 1789 1803
f 1872 1811 1810
f 1842 1804 1784
f 1842 1806 1804
f 1845 3 2405
f 1806 1842 1843
f 1804 1805 1845
f 2296 1846 1848
f 1845 1805 1844
f 234 3 1845
f 1807 1215 2332
f 1808 2301 1779
f 2238 2239 1779
f 2295 1808 1850
f 1810 1811 1813
f 1809 1785 1792
f 1816 1813 1815
f 1872 1810 1776
f 1810 1813 1809
f 1814 1811 1873
f 2359 1864 1817
f 1812 1817 1864
f 1813 1811 1814
f 1897 1815 1812
f 1814 1873 1868
f 1812 1813 1814
f 1864 2250 1897
f 1898 1818 1815
f 1812 1815 1813
f 1815 1818 1816
f 1818 2357 1816
f 1809 1816 1854
f 1812 1814 1817
f 1813 1816 1809
f 2357 1818 2242
f 2357 1819 1854
f 1980 1194 1855
f 1879 1911 1754
f 1754 1753 1879
f 1197 1976 1877
f 1748 1914 1749
f 1882 2362 1991
f 1944 2020 2178
f 2419 1923 2413
f 1744 1827 1889
f 2016 1858 2015
f 1954 2064 2065
f 1955 1862 22
f 1828 1827 1831
f 1828 1831 1829
f 2065 1830 1954
f 1828 1829 1957
f 2103 1938 1935
f 1830 1889 1828
f 1830 1936 1889
f 1831 1741 2358
f 1214 1863 1894
f 1899 1381 1425
f 1865 1960 1902
f 1866 1958 1210
f 1844 1849 1875
f 1212 1902 1904
f 1898 1815 1897
f 1802 1776 1780
f 1872 1776 1840
f 1789 1853 1868
f 1872 1841 1873
f 1782 1838 1840
f 1869 1870 1803
f 1840 1838 1837
f 1838 1774 1871
f 1840 1837 1841
f 1869 1841 1837
f 1873 1836 1868
f 1843 1842 2298
f 1843 2298 2295
f 1847 1801 1849
f 4 1845 1844
f 1848 1801 1847
f 1805 1806 1847
f 1848 1847 1806
f 1874 1801 1851
f 1805 1847 1844
f 1848 1846 1851
f 1834 1905 1849
f 1844 1847 1849
f 1843 1850 2296
f 1850 1966 2296
f 2295 1850 1843
f 2241 1966 1850
f 1966 1967 1965
f 2241 1850 1808
f 1967 1966 2241
f 1907 1851 1846
f 1852 1807 1853
f 1852 1215 1807
f 1810 1809 1792
f 1814 1868 1817
f 1790 1853 1789
f 1817 1853 1807
f 1852 1853 1790
f 1791 1785 1819
f 1856 1968 1855
f 2095 1975 1857
f 1795 1856 1193
f 1971 1820 1756
f 1877 1974 1197
f 1401 1400 1979
f 2038 2037 1910
f 1917 12 11
f 1921 1883 1920
f 2002 1999 2000
f 1883 1921 1997
f 1885 1924 1859
f 1964 274 275
f 1929 2009 1928
f 2057 1824 2119
f 2340 1203 1922
f 1937 1747 1746
f 1892 1952 1891
f 1915 268 16
f 1950 1946 1947
f 24 1861 1799
f 1861 23 1826
f 1890 1955 22
f 1955 1890 2022
f 1895 1214 1333
f 1864 1863 2250
f 1807 2359 1817
f 1863 1864 2359
f 1898 1897 1963
f 1865 1381 1899
f 1865 1832 1960
f 1900 1425 1211
f 1901 1960 1832
f 1212 1904 1213
f 1900 1958 1833
f 1867 5 1875
f 1905 1906 1867
f 1904 1835 1213
f 1789 1868 1836
f 1853 1817 1868
f 1841 1836 1873
f 1870 1869 1837
f 1838 1871 1837
f 1870 1783 1803
f 1774 2294 1871
f 1837 1871 1870
f 1873 1811 1872
f 1869 1836 1841
f 1845 4 234
f 1875 4 1844
f 1849 1874 1834
f 2092 2030 2091
f 1875 1849 1905
f 2030 2087 2088
f 2203 2162 2199
f 1908 1973 2034
f 1978 1195 1401
f 1857 1909 2035
f 1981 2036 1878
f 1911 1879 1983
f 2361 1752 1751
f 1880 2361 1910
f 2369 1983 1984
f 1911 1971 1755
f 1750 1749 1914
f 1910 2361 1982
f 1982 1913 2038
f 15 14 1916
f 1991 1990 1881
f 1921 1920 1202
f 2413 1201 1200
f 1924 9 8
f 1925 8 7
f 2097 2363 1919
f 1882 1917 1919
f 1924 1885 9
f 2008 1859 1924
f 2045 1885 1859
f 1925 1927 1924
f 1929 1207 1206
f 2010 1930 2009
f 2057 2058 2011
f 2076 1866 2054
f 2012 2059 1932
f 1934 1745 1744
f 1744 1743 1827
f 1985 2014 2015
f 1858 1912 1985
f 1889 1827 1828
f 20 1952 1951
f 1941 19 18
f 2408 18 294
f 1892 1891 1943
f 1940 1951 2021
f 238 1952 20
f 1941 1891 19
f 268 1915 1989
f 2408 1942 1941
f 1956 2022 1954
f 1826 1956 1829
f 2359 1894 1863
f 1835 1895 1333
f 1963 2250 1835
f 1214 1895 1863
f 1863 1895 2250
f 2250 1895 1835
f 1904 1902 1962
f 1864 1897 1812
f 2250 1963 1897
f 1818 1898 1896
f 1818 1896 2242
f 1900 1899 1425
f 1211 1210 1958
f 1959 1900 1833
f 1901 1832 1959
f 1865 1902 1382
f 1903 1901 2026
f 1896 1898 2407
f 1960 1962 1902
f 1906 1905 1834
f 1875 1905 1867
f 274 2027 6
f 1870 1871 1783
f 1874 1849 1801
f 2247 1834 1874
f 2092 1874 1851
f 1965 1907 1846
f 1907 2087 2030
f 1969 1968 1795
f 1968 1970 2031
f 2034 1973 1974
f 2035 1978 1857
f 1978 1979 1981
f 1979 2036 1981
f 1753 2361 1880
f 1751 1982 2361
f 1982 2038 1910
f 2205 2203 2204
f 1971 1972 1970
f 1754 1911 1755
f 1748 1747 1912
f 1914 2044 1913
f 1985 1912 1937
f 2044 1914 1912
f 1913 1982 1750
f 2062 1988 2061
f 268 1989 17
f 13 1991 1916
f 1917 1882 1991
f 1991 13 12
f 1919 1917 11
f 10 1918 1919
f 12 1917 1991
f 1885 1918 10
f 2097 1918 2045
f 1995 2166 1990
f 2097 1919 1918
f 1882 1919 2363
f 1922 1203 1920
f 1202 1503 1996
f 1931 1205 1933
f 2413 1923 1201
f 1200 1199 2006
f 2049 1923 2419
f 1925 1924 8
f 1926 1925 7
f 7 6 1926
f 1886 2007 1927
f 2008 1927 2052
f 1886 1927 1925
f 1929 1928 1207
f 1930 1928 2009
f 1931 1929 1206
f 1932 2009 1929
f 1412 2053 1414
f 2053 1930 2011
f 1932 1931 1887
f 1933 2055 1887
f 1887 2012 1932
f 1929 1931 1932
f 1204 1933 1205
f 1887 1931 1933
f 1889 1934 1744
f 1888 1934 1935
f 1889 1936 1934
f 2103 1935 1936
f 1934 1936 1935
f 1888 1937 1746
f 1938 2014 1935
f 1938 2015 2014
f 1938 2103 1939
f 2017 1986 2016
f 2024 2023 2066
f 1858 2016 1986
f 1951 2018 2303
f 1890 21 2018
f 2408 1941 18
f 17 2408 294
f 1989 2408 17
f 1893 1942 2408
f 1988 1893 1989
f 1947 1945 1942
f 1942 1893 1947
f 1943 1945 2406
f 1941 1943 1891
f 1950 1947 1893
f 1945 1943 1942
f 1941 1942 1943
f 1947 1946 1945
f 2020 1944 1946
f 2367 1798 2190
f 1944 1945 1946
f 1944 2178 2141
f 2172 2173 2175
f 1949 1950 2062
f 1950 1949 2063
f 20 1951 2303
f 2021 1951 1952
f 1952 238 1891
f 1953 2022 1890
f 1953 1890 2018
f 1954 2022 2064
f 1954 1957 1956
f 1955 2022 1956
f 1957 1954 1830
f 1955 1956 1826
f 1828 1957 1830
f 1829 1956 1957
f 1833 1958 2078
f 1959 1833 2084
f 1899 1900 1959
f 1959 1832 1899
f 1901 1903 1960
f 1962 1960 1903
f 2026 1961 1903
f 1963 1962 2407
f 2407 1962 1903
f 1904 1962 1963
f 1867 1964 275
f 2027 1964 1906
f 2249 1834 2247
f 1965 1846 1966
f 1965 1775 2087
f 2296 1966 1846
f 2244 2241 2239
f 1965 1967 1775
f 2302 2243 2244
f 1907 1965 2087
f 2087 2029 2088
f 2247 2092 2091
f 1969 1795 1820
f 1968 1969 1970
f 1971 1969 1820
f 2031 1970 1876
f 1979 1980 2036
f 1971 1911 1972
f 1969 1971 1970
f 1983 1972 1911
f 1876 1972 2369
f 1974 1973 1198
f 2006 1973 1908
f 1197 1974 1198
f 1975 1909 1857
f 2035 1909 1976
f 1976 1909 1877
f 2094 1909 1975
f 2161 2133 1977
f 2123 2411 1821
f 1978 2035 1195
f 1977 1857 1981
f 1978 1401 1979
f 1857 1978 1981
f 1980 1979 1400
f 1194 1980 1400
f 1980 1855 2032
f 1977 1981 1878
f 2360 1880 1910
f 1910 2037 2042
f 2360 2042 1984
f 1972 1983 2369
f 2360 1984 1983
f 1985 1937 2014
f 2015 1858 1985
f 1912 1858 2044
f 2416 1986 2017
f 1858 1986 2044
f 1913 1750 1914
f 1988 1989 1915
f 1989 1893 2408
f 2061 1988 1915
f 1893 1988 2062
f 2362 1995 1990
f 1993 1990 2166
f 1990 1991 2362
f 2138 2139 2136
f 1993 1881 1990
f 2251 1993 1992
f 1881 1993 2253
f 2135 1992 2111
f 1916 1994 15
f 2046 2097 2045
f 1882 2363 2362
f 1202 1996 2048
f 2048 1921 1202
f 1999 1997 2001
f 2206 2208 1823
f 1921 2048 1997
f 2000 1999 1998
f 2049 1996 1923
f 1999 2001 2420
f 1999 2002 1997
f 2001 2049 2211
f 2001 2048 2049
f 2050 2002 2279
f 2000 2269 2005
f 2005 2002 2000
f 2279 2002 2005
f 2050 1922 1883
f 2275 2270 2412
f 1884 2056 2003
f 2050 2003 1922
f 1441 2340 2004
f 2267 2005 2269
f 2005 2278 2279
f 2266 2413 2006
f 1200 2006 2413
f 1973 2006 1199
f 1886 2079 2007
f 1927 2007 2052
f 2008 2051 2046
f 1932 2059 2009
f 2011 2054 2053
f 1930 2010 2011
f 2057 2011 2010
f 2054 2011 2058
f 2053 2054 1209
f 1800 2075 2076
f 1209 1414 2053
f 1866 1209 2054
f 2055 1933 2004
f 2055 2056 2259
f 1860 2259 2258
f 2013 2059 2060
f 2059 2012 2060
f 1888 2014 1937
f 1935 2014 1888
f 2016 2015 2069
f 2067 1939 2066
f 2037 2039 2041
f 1953 2018 1940
f 1951 1940 2018
f 2368 1940 2021
f 2061 1987 2252
f 2101 2062 2061
f 1946 1950 2063
f 1892 2409 1952
f 2064 2022 1953
f 1830 2065 1936
f 1958 1866 2025
f 2025 2075 2078
f 2078 1958 2025
f 2104 1833 2078
f 1896 1961 2240
f 1964 2027 274
f 2249 1906 1834
f 2090 2091 2030
f 2145 2007 2263
f 2027 1926 6
f 1926 2027 2079
f 1901 2083 2026
f 2087 2081 2029
f 1907 2092 1851
f 2032 2031 2201
f 1968 2032 1855
f 2032 2201 2036
f 2033 2034 1877
f 2094 2411 2033
f 2034 1974 1877
f 2108 2411 2123
f 1976 1196 2035
f 2133 2095 1977
f 2032 2036 1980
f 2201 1878 2036
f 2039 2037 2038
f 2043 2042 2037
f 1984 2042 2205
f 2044 1986 1913
f 2040 2039 2416
f 2041 2040 2096
f 2016 2069 2017
f 2017 2074 2073
f 2096 2151 2109
f 2042 2043 2205
f 2040 2041 2039
f 2043 2037 2041
f 2042 2360 1910
f 2038 1913 1986
f 1885 2045 1918
f 2046 2045 1859
f 2008 2046 1859
f 2047 2046 2163
f 2049 2048 1996
f 1997 2048 2001
f 1997 2002 1883
f 2003 2340 1922
f 2004 2340 2003
f 2266 1908 2414
f 2266 2006 1908
f 2008 2052 2051
f 1930 2053 1412
f 2076 2054 2058
f 2057 2013 1824
f 2055 2259 1860
f 1887 1860 2012
f 2056 2055 2004
f 2003 2056 2004
f 2100 2013 2060
f 2058 2057 2118
f 2057 2010 2013
f 2013 2010 2059
f 2058 2118 2077
f 1824 2182 2146
f 2009 2059 2010
f 2012 2099 2060
f 2100 2099 2112
f 2099 2257 2112
f 1987 2061 1915
f 1893 2062 1950
f 1949 2101 2415
f 2064 2023 2065
f 2023 2024 2065
f 2103 2065 2024
f 2065 2103 1936
f 2023 2191 2190
f 2024 2066 1939
f 2367 2192 2193
f 2068 2017 2069
f 2067 2068 1939
f 2067 2066 1798
f 2068 2067 2070
f 2068 2070 2074
f 1939 2068 2069
f 2074 2070 2072
f 2074 2017 2068
f 2071 2073 2074
f 2071 2074 2072
f 2096 2040 2073
f 2017 2073 2416
f 2076 2075 2025
f 1866 2076 2025
f 2077 2076 2058
f 2077 1800 2076
f 2118 2119 2216
f 1800 2077 2105
f 2080 2027 1906
f 2007 2079 2263
f 2263 2079 2080
f 2027 2080 2079
f 1775 2244 2245
f 2081 2028 2082
f 2084 2104 2028
f 2104 2085 2082
f 2084 2083 1901
f 2246 2083 2028
f 1959 2084 1901
f 1833 2104 2084
f 2075 2085 2078
f 2084 2028 2083
f 2082 2028 2104
f 2075 1800 2085
f 2085 2086 2082
f 2086 2085 1800
f 2086 1800 2105
f 2029 2082 2086
f 2088 2029 2086
f 2030 2088 2090
f 2089 2088 2086
f 2180 2143 2089
f 2088 2089 2090
f 2089 2143 2090
f 2142 2091 2090
f 2092 1907 2030
f 2130 2194 2131
f 2034 2033 2149
f 1909 2094 1877
f 2411 2094 1975
f 2095 1821 1975
f 2094 2033 1877
f 1977 2095 1857
f 2109 2162 2043
f 2151 1796 2109
f 2136 2363 2047
f 2046 2047 2097
f 2138 2136 2110
f 2055 1860 1887
f 1860 2099 2012
f 1824 2013 2100
f 2099 2100 2060
f 2100 2112 2182
f 1822 2113 2415
f 2101 1822 2415
f 2114 1948 2113
f 2101 1949 2062
f 2061 2252 2101
f 2251 2102 1822
f 1993 2111 1992
f 1992 2102 2251
f 2063 2020 1946
f 2063 2116 2365
f 1939 2103 2024
f 2085 2104 2078
f 2144 2180 2181
f 2182 1824 2100
f 2132 2093 2414
f 2129 2108 2107
f 2108 2132 2033
f 2214 2213 2128
f 2051 2187 2163
f 2262 2276 2261
f 1993 2166 2111
f 2165 2139 2138
f 2237 2232 2236
f 2102 2164 2237
f 2102 2113 1822
f 2019 2365 2177
f 2235 2236 2232
f 2116 2115 2167
f 2102 2237 2113
f 2125 2194 2129
f 2116 2167 2177
f 2115 2116 1948
f 2063 1948 2116
f 2236 2115 2114
f 2170 2177 2167
f 2156 2153 2155
f 2167 2168 2140
f 2170 2172 2177
f 2117 2179 2019
f 2105 2089 2086
f 2216 2089 2105
f 2105 2077 2118
f 2105 2118 2216
f 2057 2119 2118
f 2080 1906 2249
f 2181 2180 2217
f 2149 1908 2034
f 2122 2196 2266
f 2107 2108 2123
f 2126 2134 2124
f 2107 2126 2127
f 2174 2214 2173
f 2107 2123 2126
f 2213 2150 2125
f 2194 2125 2131
f 2127 2126 2124
f 2107 2127 2125
f 2123 1821 2126
f 2127 2124 2128
f 2124 1796 2152
f 2152 2151 2155
f 2129 2107 2125
f 2131 2125 2150
f 2188 2130 2131
f 2108 2129 2132
f 2093 2132 2129
f 2201 2031 2202
f 2197 2198 2134
f 1821 2095 2417
f 2417 2134 2126
f 2124 2134 1796
f 2096 2109 2041
f 2109 2043 2041
f 2162 2109 2198
f 2163 2110 2047
f 2052 2186 2185
f 2220 2221 2187
f 2363 2136 1995
f 2110 2136 2047
f 2260 2277 2137
f 2111 2139 2165
f 2189 2172 2170
f 1944 2141 1825
f 1824 2146 2119
f 2181 2106 2144
f 2142 2090 2143
f 2248 2142 2120
f 2142 2143 2144
f 2142 2144 2120
f 2184 2106 2148
f 2217 2146 2147
f 2147 2146 2182
f 2183 2121 2182
f 2148 2147 2121
f 2148 2181 2147
f 2146 2217 2119
f 2148 2121 2219
f 2106 2184 2145
f 2149 2132 2414
f 2214 2176 2173
f 2188 2189 2171
f 2073 2071 2364
f 2151 2152 1796
f 2364 2151 2096
f 2152 2155 2153
f 2124 2152 2128
f 2364 2154 2155
f 2214 2153 2176
f 2152 2153 2128
f 2154 2071 2072
f 2156 2155 2154
f 2156 2154 2418
f 2153 2156 2176
f 2158 2072 2070
f 2366 2418 2160
f 2157 2117 2175
f 2158 2159 2160
f 1798 2367 2159
f 1798 2066 2190
f 2367 2193 2159
f 1798 2159 2158
f 2093 2195 2122
f 1878 2161 1977
f 2162 2198 2199
f 2197 2199 2198
f 2162 2203 2205
f 2221 2163 2187
f 2221 2098 2110
f 2260 2098 2225
f 2166 2139 2111
f 2209 2229 2370
f 2136 2139 1995
f 2139 2166 1995
f 2170 2167 2140
f 2168 2167 2115
f 2206 1823 2195
f 2171 2169 2207
f 2171 2170 2140
f 2189 2173 2172
f 2175 2173 2176
f 2174 2173 2189
f 2174 2150 2213
f 2174 2213 2214
f 2157 2175 2156
f 2177 2117 2019
f 2175 2117 2172
f 2117 2177 2172
f 2365 2178 2020
f 2178 2179 2141
f 2144 2143 2180
f 2216 2180 2089
f 2217 2216 2119
f 2181 2217 2147
f 2106 2181 2148
f 2183 2182 2112
f 2112 2257 2281
f 2182 2121 2147
f 2218 2121 2183
f 2225 2221 2220
f 2187 2051 2185
f 2148 2219 2184
f 2145 2184 2186
f 2185 2184 2219
f 2145 2186 2007
f 2187 2185 2219
f 2052 2185 2051
f 2185 2186 2184
f 2187 2219 2220
f 2186 2052 2007
f 2213 2125 2127
f 2188 2150 2174
f 2188 2171 2130
f 2171 2189 2170
f 2174 2189 2188
f 2064 2191 2023
f 2023 2190 2066
f 2064 1953 2191
f 2222 2367 2190
f 2410 2222 2368
f 2141 2193 1825
f 1825 2193 2192
f 2193 2160 2159
f 2193 2141 2215
f 2193 2215 2160
f 2129 2194 2093
f 2093 2194 2195
f 2122 2195 1823
f 2122 1823 2196
f 2224 2208 2212
f 2206 2130 2207
f 2194 2130 2195
f 2109 1796 2198
f 2134 2198 1796
f 2161 2200 2199
f 2200 2203 2199
f 1878 2200 2161
f 1878 2201 2200
f 1876 2202 2031
f 2201 2202 2200
f 2204 2203 2200
f 2162 2205 2043
f 2369 1984 2204
f 2200 2202 2204
f 2205 2204 1984
f 2168 2236 1797
f 2171 2140 2169
f 2169 2140 2168
f 2168 1797 2169
f 2210 2207 2169
f 2130 2171 2207
f 2210 1797 2223
f 2208 2206 2209
f 2212 2208 2370
f 2000 2226 2269
f 2209 2207 2210
f 2210 2169 1797
f 2229 2209 2210
f 1998 1999 2420
f 1823 2208 2224
f 2212 1998 2420
f 2127 2128 2213
f 2153 2214 2128
f 2215 2157 2366
f 2179 2215 2141
f 2178 2019 2179
f 2216 2217 2180
f 2219 2121 2220
f 2218 2220 2121
f 2220 2218 2225
f 2218 2280 2225
f 2098 2221 2225
f 2163 2221 2110
f 2150 2188 2131
f 1953 1940 2191
f 2368 2191 1940
f 2409 2368 2021
f 2191 2368 2222
f 2191 2222 2190
f 2130 2206 2195
f 2209 2206 2207
f 2212 2370 2227
f 2276 2268 2270
f 2230 2226 2227
f 1797 2235 2223
f 2229 2210 2223
f 2227 1998 2212
f 2224 2196 1823
f 2196 2224 2211
f 2183 2112 2281
f 2260 2225 2280
f 1998 2226 2000
f 2226 2230 2269
f 2230 2227 2370
f 1998 2227 2226
f 2223 2235 2228
f 2231 2233 2228
f 2164 2232 2237
f 2230 2229 2228
f 2230 2370 2229
f 2232 2234 2231
f 2234 2164 2135
f 2135 2265 2412
f 2231 2235 2232
f 2231 2234 2272
f 2223 2228 2229
f 2231 2228 2235
f 2230 2228 2371
f 2164 2234 2232
f 2236 2235 1797
f 2115 2236 2168
f 2113 2237 2114
f 2114 2237 2236
f 2302 2238 2242
f 1779 2239 1808
f 2238 2357 2242
f 2302 2239 2238
f 2244 1967 2241
f 2240 1961 2243
f 2302 2242 2240
f 2239 2241 1808
f 2240 2242 1896
f 1961 2246 2243
f 2245 2028 2081
f 2245 2244 2243
f 1967 2244 1775
f 2239 2302 2244
f 1961 2026 2246
f 2026 2083 2246
f 2245 2081 1775
f 2246 2245 2243
f 2245 2246 2028
f 1791 1779 1793
f 1854 1819 1785
f 2248 2091 2142
f 2264 2080 2249
f 2120 2145 2263
f 2091 2248 2247
f 2248 2264 2247
f 2263 2264 2120
f 2092 2247 1874
f 1972 1876 1970
f 2202 2369 2204
f 2252 1822 2101
f 2253 2251 2252
f 2251 1822 2252
f 1993 2251 2253
f 2253 2252 1987
f 1994 2253 1987
f 2255 2258 2254
f 1884 2259 2056
f 2259 2254 2258
f 2254 2259 1884
f 2279 1884 2050
f 2254 2278 2255
f 2256 2258 2255
f 2258 2257 1860
f 2257 2256 2281
f 2255 2261 2256
f 2258 2256 2257
f 2099 1860 2257
f 2046 2051 2163
f 2261 2260 2280
f 2277 2261 2276
f 2262 2261 2255
f 2264 2263 2080
f 2264 2249 2247
f 2120 2264 2248
f 2154 2364 2071
f 2151 2364 2155
f 1798 2158 2067
f 2070 2067 2158
f 2111 2265 2135
f 2165 2265 2111
f 2419 2266 2196
f 2267 2371 2271
f 2371 2267 2269
f 2371 2269 2230
f 2272 2271 2233
f 2274 2165 2138
f 2267 2271 2268
f 2231 2272 2233
f 2271 2270 2268
f 2412 2272 2234
f 2270 2271 2272
f 2273 2275 2274
f 2137 2274 2138
f 2273 2270 2275
f 2260 2137 2098
f 2273 2274 2137
f 2165 2274 2275
f 2276 2270 2273
f 2165 2275 2265
f 2276 2273 2277
f 2276 2262 2268
f 2137 2277 2273
f 2261 2277 2260
f 2005 2267 2278
f 2135 2412 2234
f 2275 2412 2265
f 2255 2278 2262
f 2279 2278 2254
f 1884 2279 2254
f 2218 2183 2281
f 2256 2280 2281
f 2261 2280 2256
f 2281 2280 2218
f 2282 188 96
f 317 363 316
f 390 363 317
f 699 643 673
f 1096 2287 998
f 811 2284 659
f 2286 964 1043
f 2283 1071 806
f 998 1076 1079
f 2287 1076 998
f 1093 2285 810
f 2287 1096 814
f 1249 2289 1230
f 1235 1232 2290
f 1269 2288 1263
f 595 1284 2291
f 1377 2291 1284
f 1248 1245 1286
f 2292 1229 2289
f 1231 1287 1249
f 2290 2293 1235
f 2293 1288 1235
f 1292 1290 1257
f 1636 1521 1457
f 1636 1457 1424
f 1871 2294 1783
f 2297 2295 1788
f 2297 1793 2301
f 2295 2298 1773
f 1788 1772 2297
f 2300 2299 2404
f 1819 2238 1779
f 1791 1819 1779
f 2296 1806 1843
f 2301 2295 2297
f 1992 2135 2164
f 1992 2164 2102
f 2243 2302 2240
f 105 142 28
f 129 39 120
f 2303 191 193
f 119 128 582
f 223 224 61
f 104 2305 154
f 146 304 148
f 2307 578 107
f 215 2308 214
f 137 169 49
f 172 146 149
f 140 750 199
f 2304 212 126
f 590 593 224
f 273 63 334
f 192 162 193
f 236 162 290
f 217 240 194
f 147 250 200
f 253 170 307
f 223 61 852
f 392 2312 395
f 2313 293 167
f 195 296 297
f 2314 390 391
f 319 2311 186
f 590 224 223
f 2315 2380 380
f 385 384 381
f 389 390 2314
f 132 396 397
f 325 353 417
f 406 458 460
f 420 421 2382
f 325 417 416
f 420 411 431
f 417 412 416
f 424 420 431
f 2316 418 548
f 424 2316 421
f 2317 432 427
f 430 2316 548
f 427 432 426
f 401 399 456
f 459 2307 460
f 2317 423 432
f 489 463 313
f 2319 365 157
f 472 2319 495
f 495 2319 157
f 2318 499 542
f 2320 574 520
f 349 563 527
f 550 2321 551
f 578 2307 579
f 2306 582 183
f 119 2306 155
f 225 591 592
f 754 720 753
f 635 2322 685
f 101 697 48
f 754 753 721
f 665 2322 680
f 2322 743 685
f 783 768 765
f 770 779 772
f 788 2323 919
f 678 791 789
f 792 2324 786
f 2310 921 922
f 817 613 1427
f 761 756 822
f 761 822 766
f 914 966 1114
f 2323 1099 1132
f 2325 906 60
f 788 919 917
f 798 934 972
f 941 1051 940
f 1056 936 1007
f 1120 1056 732
f 1036 1064 1063
f 1080 1081 2326
f 2326 1102 1082
f 2328 2326 1101
f 1163 1160 1165
f 2329 1162 883
f 1247 1225 1254
f 1267 2331 1265
f 1240 1269 1220
f 1183 1360 1403
f 2332 1329 1894
f 1236 1289 1268
f 1310 2330 1263
f 2334 1336 1337
f 1329 2392 1337
f 1311 2334 1338
f 1285 1338 2392
f 2335 1444 840
f 1573 2336 1359
f 2336 1195 1359
f 1404 2338 1525
f 1400 1410 1363
f 1461 2339 1462
f 1543 1474 1416
f 1567 1419 1372
f 2340 1439 1203
f 2342 599 600
f 1541 1525 2337
f 2338 2337 1525
f 1481 1422 1483
f 2343 1686 1316
f 1502 1316 1621
f 1461 2336 1573
f 1483 1567 1485
f 1552 1571 1553
f 1601 1540 1537
f 1581 1582 1638
f 2346 1603 1584
f 1601 1581 1638
f 1601 1638 2345
f 2346 1606 1603
f 1502 1621 1501
f 1662 2347 1621
f 1628 2348 1625
f 2348 1631 1625
f 2349 1629 1628
f 2350 1648 1630
f 1542 1646 1473
f 1651 1590 2397
f 1738 1517 2355
f 2421 1673 1662
f 1316 1684 1662
f 1660 1681 1680
f 1686 2351 1684
f 2351 2352 1623
f 2352 1692 1691
f 2352 1691 1667
f 1684 2351 2421
f 2343 2353 1685
f 2354 1726 1695
f 1683 1738 2355
f 1738 1683 1739
f 2356 16 15
f 2356 1915 16
f 1784 1804 2405
f 1770 1791 1771
f 1804 1806 1805
f 1819 2357 2238
f 1829 2358 1861
f 2332 2359 1807
f 1880 2360 1879
f 1829 1861 1826
f 2361 1753 1752
f 1880 1879 1753
f 1968 1856 1795
f 2360 1983 1879
f 1994 1916 1881
f 2406 1945 1825
f 1994 1987 2356
f 2362 2363 1995
f 1994 1881 2253
f 2340 1441 1439
f 2407 1961 1896
f 2029 2081 2082
f 2411 2108 2033
f 2149 2033 2132
f 2363 2097 2047
f 2063 2365 2020
f 2178 2365 2019
f 2365 2116 2177
f 2115 1948 2114
f 2120 2144 2106
f 1821 2417 2126
f 2417 2133 2197
f 2120 2106 2145
f 2073 2364 2096
f 2158 2160 2418
f 2157 2215 2179
f 2367 2222 2192
f 2368 2409 2410
f 2211 2419 2196
f 2417 2197 2134
f 2369 2202 1876
f 2370 2208 2209
f 2215 2366 2160
f 2117 2157 2179
f 2233 2371 2228
f 2050 1884 2003
f 2262 2278 2268
f 2372 150 105
f 2 188 2282
f 2304 130 115
f 130 2304 129
f 129 2304 125
f 20 2303 193
f 24 25 135
f 103 76 143
f 2373 433 298
f 196 197 215
f 168 2375 216
f 195 241 299
f 258 2375 217
f 331 330 377
f 2377 401 285
f 98 2374 314
f 2376 2378 479
f 2379 348 402
f 272 379 158
f 2380 131 381
f 2376 343 283
f 419 2382 324
f 2381 451 456
f 479 2378 478
f 591 478 2378
f 406 489 458
f 2383 540 567
f 524 561 459
f 337 2378 2376
f 2378 337 592
f 2384 697 101
f 1136 1138 1139
f 635 680 2322
f 2386 1427 1489
f 2385 762 686
f 2387 695 830
f 2387 784 1005
f 788 2388 1099
f 932 2389 1006
f 906 333 60
f 855 69 68
f 941 870 831
f 995 2287 996
f 695 2387 1005
f 1030 1036 1034
f 787 2388 788
f 1038 942 1060
f 1038 1060 1039
f 1073 1075 1078
f 1073 1078 1077
f 1073 1077 1067
f 1102 2388 1049
f 1098 1136 1139
f 1121 1125 1124
f 849 1130 63
f 1098 1156 1134
f 2390 1106 1105
f 1126 1153 1155
f 614 1346 1486
f 1215 1285 2392
f 1337 2391 1335
f 1337 2392 2334
f 1264 1379 1305
f 1474 2393 1542
f 2335 841 1446
f 1462 1411 1409
f 2343 1502 1500
f 1402 2395 1360
f 1530 2394 1435
f 2395 1402 1526
f 1570 1568 1485
f 2395 1403 1360
f 1386 1616 1590
f 2400 1659 1606
f 1611 2345 1644
f 1386 1590 1650
f 1635 2396 1649
f 1646 1542 2396
f 2396 1542 2393
f 1651 2397 1643
f 1688 2398 1670
f 2399 1592 1657
f 1665 1660 2400
f 1671 1659 2399
f 2400 2399 1659
f 2401 1683 1672
f 2401 1670 2398
f 1670 2401 1593
f 1674 1673 2421
f 2398 1318 1739
f 1674 2421 1642
f 1623 1689 1642
f 1623 2352 1690
f 2402 1709 1694
f 1709 2402 1706
f 2403 1706 2402
f 1425 1734 1211
f 1930 1208 1928
f 1842 2404 2298
f 1789 1836 1803
f 189 2405 3
f 1845 2405 1804
f 2406 2410 1892
f 10 1919 11
f 1938 1939 2069
f 1938 2069 2015
f 1892 1943 2406
f 2410 2409 1892
f 2415 2063 1949
f 1903 1961 2407
f 1963 2407 1898
f 2411 1975 1821
f 2413 2266 2419
f 2409 2021 1952
f 2031 2032 1968
f 2039 1986 2416
f 2002 2050 1883
f 2414 1908 2149
f 1948 2415 2113
f 2415 1948 2063
f 2040 2416 2073
f 2138 2110 2098
f 2133 2417 2095
f 2161 2199 2197
f 2137 2138 2098
f 2122 2266 2414
f 2414 2093 2122
f 2418 2154 2072
f 2156 2418 2366
f 2156 2366 2157
f 2156 2175 2176
f 2410 2406 2192
f 1825 2192 2406
f 2049 2419 2211
f 2161 2197 2133
f 2420 2211 2224
f 2420 2001 2211
f 2212 2420 2224
f 2371 2233 2271
f 2272 2412 2270
f 2267 2268 2278
f 1292 1257 1287
f 2300 2404 1784
f 2298 2404 2299
f 2380 381 380
f 385 381 477
f 366 2382 421
f 2382 366 324
f 1052 1126 1155
f 1623 2421 2351
f 1 2405 2
f 1825 1945 1944
f 2038 1986 2039
f 2158 2418 2072