# https://github.com/mikedh/trimesh
v -0.16477826 0.08772141 0.02996220
v -0.16296998 0.07492357 0.04209324
v -0.16130324 0.04958874 0.04304356
v -0.14967810 0.01645299 0.04584064
v -0.14566953 -0.00920873 0.04668431
v -0.15297128 -0.07544583 0.05364918
v -0.15898660 -0.09762160 0.04922675
v -0.16423868 -0.11905663 0.05007186
v -0.17200480 -0.13511798 0.04606118
v -0.18254656 -0.16412874 0.03774812
v -0.18945758 -0.18785633 0.03578902
v -0.19431859 -0.20878716 0.03382415
v -0.19405380 -0.23021795 0.03087750
v -0.20745374 -0.24385670 0.03157509
v -0.20931417 -0.26237100 0.02884932
v -0.20181397 -0.28251028 0.03081820
v -0.21591569 -0.32052743 0.03089004
v -0.20845133 -0.35769516 0.03315883
v -0.20964780 -0.37643260 0.03066063
v -0.22015187 -0.42179990 0.03987507
v -0.22997247 -0.45197746 0.03168186
v -0.22931738 -0.47197938 0.03473605
v -0.23198292 -0.51024127 0.03956020
v -0.22762914 -0.52840155 0.04291324
v -0.22063580 -0.54335743 0.04730846
v -0.21966755 -0.54575503 0.04625087
v -0.21898000 -0.54821187 0.04509038
v -0.21849005 -0.55293244 0.06493488
v -0.21814576 -0.55322474 0.08464262
v -0.21752501 -0.55300701 0.10335040
v -0.21635361 -0.55242062 0.12210988
v -0.21427777 -0.55171466 0.14059582
v -0.21111989 -0.55066651 0.15899110
v -0.20466438 -0.54960698 0.17619851
v -0.19529860 -0.54889601 0.19187726
v -0.18327957 -0.54791105 0.20561576
v -0.16959979 -0.54682863 0.21829779
v -0.15422201 -0.54603374 0.22908223
v -0.13673663 -0.54622686 0.23529272
v -0.11872751 -0.54580271 0.24034759
v -0.10097778 -0.54491752 0.24457245
v -0.08319058 -0.54416394 0.24838525
v -0.06537402 -0.54333091 0.25207040
v -0.04755921 -0.54267675 0.25524679
v -0.02967219 -0.54203278 0.25792900
v -0.01188327 -0.54192638 0.25953519
v 0.00648317 -0.54234505 0.25992727
v 0.00569198 -0.51548725 0.22777325
v -0.00141864 -0.48583376 0.19627950
v 0.00488261 -0.47272041 0.18512528
v 0.00286886 -0.45357341 0.17262743
v -0.00019867 -0.43561512 0.16231340
v 0.00209084 -0.37776220 0.13985682
v 0.01248446 -0.34663862 0.14428027
v 0.00902427 -0.33349520 0.16298568
v 0.00629892 -0.29369974 0.14919454
v 0.00389394 -0.27883056 0.16422021
v 0.00206526 -0.23843038 0.17101911
v 0.00387660 -0.21852607 0.17897964
v 0.00499263 -0.19657731 0.17771731
v 0.00153070 -0.14983888 0.17612983
v 0.00493341 -0.07222934 0.16969597
v 0.00653761 -0.05513934 0.16743028
v 0.00690026 -0.03120040 0.16416639
v 0.00374125 -0.00777280 0.15806977
v 0.01705076 0.00476452 0.15757132
v 0.01366480 0.02607785 0.15886022
v 0.01004307 0.04795584 0.16072613
v 0.01864315 0.06021454 0.16256744
v 0.00957762 0.08862968 0.15611023
v 0.00687837 0.10897985 0.15260886
v 0.00392229 0.13226093 0.14750649
v 0.00730257 0.13072915 0.12897706
v 0.01298630 0.16706812 0.10077901
v -0.00263200 0.17111392 0.08942883
v -0.01887476 0.18341073 0.08265533
v -0.03296567 0.19803531 0.07176811
v -0.04355568 0.21763870 0.05715562
v -0.05098252 0.23885100 0.03631724
v -0.05850022 0.25958270 0.01522110
v -0.06523627 0.27387339 -0.01210274
v -0.06627186 0.27320999 -0.04486019
v -0.07870488 0.27087533 -0.03097789
v -0.09898829 0.26489982 -0.03258519
v -0.11774138 0.26110935 -0.02959346
v -0.12671164 0.25490975 -0.01211642
v -0.12874979 0.24803084 0.00491421
v -0.12432246 0.23810911 0.02088796
v -0.11774737 0.22442490 0.03425932
v -0.11430605 0.21140435 0.04636436
v -0.11477545 0.19441378 0.05927457
v -0.11948821 0.17503950 0.06972254
v -0.12943104 0.15679635 0.07881881
v -0.13948286 0.13754132 0.08066714
v -0.14956491 0.11834677 0.07420813
v -0.15860027 0.10100716 0.05780730
v -0.22093965 -0.51253521 0.08799627
v -0.09230158 -0.44999492 0.18868463
v -0.04951789 -0.50237519 0.20831099
v -0.02310218 -0.52102727 0.23439017
v 0.00792524 -0.53035051 0.24469805
v -0.03316293 0.14897555 0.10741918
v -0.02338098 0.16858652 0.09206241
v -0.08827403 0.26437300 -0.01352159
v -0.21959151 -0.53870988 0.08222853
v -0.21881188 -0.51470387 0.12562488
v -0.18446870 -0.45455807 0.18329780
v -0.10658034 0.26075533 -0.01659957
v -0.05472657 -0.53012723 0.23809728
v -0.02050066 -0.53340554 0.24934456
v -0.07333093 0.26294324 -0.00149561
v -0.04968002 0.20340630 0.06532915
v -0.21524939 -0.53469604 0.13117304
v -0.07017151 0.24524900 0.02181118
v -0.14571083 -0.50075853 0.21383524
v -0.03661796 -0.53324866 0.24543929
v -0.21332560 -0.53456759 0.15025234
v -0.10724187 0.24364956 0.01310155
v -0.08985056 -0.52900130 0.22880282
v -0.12591691 -0.53339428 0.22595903
v -0.07314660 -0.53672767 0.24175125
v -0.19933507 -0.53421211 0.18376137
v -0.10957378 0.23362993 0.02522046
v -0.09231944 0.23819748 0.02352926
v -0.16860826 -0.53225428 0.21672556
v -0.18632013 -0.52501887 0.20125070
v -0.10083522 0.22179936 0.03853619
v -0.07155769 -0.52292198 0.22537133
v -0.14927660 -0.52842355 0.21977852
v -0.13737515 -0.51588333 0.21967350
v -0.10919000 -0.13057271 0.13332303
v -0.09489923 0.00146792 0.12634961
v -0.14773490 0.06692468 0.10182057
v -0.22300205 -0.48138928 0.06844751
v -0.22854981 -0.51737422 0.05973157
v -0.20929523 -0.38283622 0.12203535
v -0.01570840 -0.49444491 0.20586985
v -0.01412133 -0.51054716 0.22243142
v -0.00746470 -0.52605659 0.24019024
v -0.01370062 0.13121590 0.11747909
v -0.08773530 0.13182890 0.12181883
v -0.22297178 -0.53540385 0.06278354
v -0.03953319 0.18048996 0.08250673
v -0.03917164 0.16167431 0.09589474
v -0.05591528 0.18650812 0.07574341
v -0.08520041 0.16791750 0.08656603
v -0.05308799 0.14540559 0.10803129
v -0.05808294 0.16870518 0.08946086
v -0.07667115 0.18081889 0.07768200
v -0.21808183 -0.52262926 0.10340211
v -0.20662206 -0.52842373 0.16509928
v -0.05228771 -0.51476413 0.22035712
v -0.06849276 -0.50569868 0.20755312
v -0.08630952 0.25198078 0.00609939
v -0.11028847 -0.53143609 0.22655721
v -0.06283807 -0.24545303 0.16584094
v -0.16106313 -0.20693418 0.09934910
v -0.06157625 -0.13098930 0.16146314
v -0.04630657 0.02458667 0.15457715
v -0.15199508 0.09987038 0.07562456
v -0.15863226 0.06618459 0.06862033
v -0.21595462 -0.44030938 0.07069089
v -0.22422624 -0.47949183 0.05077235
v -0.22563930 -0.49857837 0.05396264
v -0.22277993 -0.50307345 0.07028878
v -0.22399323 -0.52091688 0.07446194
v -0.20714407 -0.38232997 0.08225927
v -0.02132812 -0.43007487 0.15952335
v -0.00387378 -0.50073808 0.21146242
v -0.04683587 0.12379565 0.14266974
v -0.01155556 0.13613184 0.14020181
v -0.10065503 0.18232752 0.07148903
v -0.09507260 0.14982925 0.09731571
v -0.21505708 -0.51593941 0.14750847
v -0.19921193 -0.51416534 0.18407556
v -0.20872569 -0.50340980 0.16487494
v -0.03061608 -0.50720203 0.21846151
v -0.03492272 -0.49734980 0.20576318
v -0.05355124 -0.47447830 0.18378933
v -0.06203105 -0.49086100 0.19537048
v -0.03878659 -0.52058345 0.23073365
v -0.09345480 -0.48371038 0.19323087
v -0.09917735 -0.50186914 0.20295161
v -0.08085810 -0.49371338 0.19668919
v -0.07555171 -0.47430843 0.18514785
v -0.20551477 -0.25184724 0.06818429
v -0.16057782 -0.12934092 0.07388813
v -0.16003945 0.08728329 0.05431146
v -0.16173208 0.06279920 0.05232140
v -0.15580994 0.04637533 0.06799772
v -0.22393608 -0.45914289 0.04800026
v -0.21941037 -0.45845574 0.06423507
v -0.22333825 -0.43931571 0.05504711
v -0.02052934 -0.38627547 0.14478654
v -0.02321231 -0.34913737 0.13979542
v -0.01985273 -0.46190956 0.17679729
v -0.01443482 -0.44817466 0.16846839
v -0.00279679 0.15608749 0.10248797
v -0.01583369 0.14463669 0.10140722
v -0.05016841 0.14104736 0.12973507
v -0.02501696 0.10085531 0.15630963
v -0.01235185 0.11780106 0.15118420
v -0.13465886 0.13050589 0.08835522
v -0.12035025 0.14635350 0.09127159
v -0.10983031 0.16332987 0.08165648
v -0.10700205 0.13781613 0.10703156
v -0.12442274 0.10848404 0.11407114
v -0.10884720 0.12113356 0.11756423
v -0.12404928 0.12634130 0.10138805
v -0.19842692 -0.49110174 0.18229052
v -0.18542504 -0.50242096 0.19671929
v -0.16962709 -0.50395268 0.20295702
v -0.02613728 -0.48142207 0.19101848
v -0.03876201 -0.46746388 0.17896076
v -0.03295497 -0.44877717 0.16806854
v -0.04012051 -0.42898679 0.16452444
v -0.02166998 -0.40577969 0.15088516
v -0.01746844 -0.27352759 0.16282652
v -0.00169955 -0.26066014 0.17008907
v -0.01987512 -0.25175887 0.17123167
v -0.03810772 -0.27104005 0.16069992
v -0.20102955 -0.29309115 0.05363488
v -0.01165761 -0.13147944 0.17425828
v -0.01890337 -0.15267935 0.17446052
v -0.15068816 -0.09388350 0.07159392
v -0.14497940 -0.05708401 0.06539345
v -0.16952856 -0.14205198 0.06299688
v -0.15471363 -0.11107122 0.06994793
v -0.17662749 -0.15501423 0.05175801
v -0.00764747 0.01664676 0.15623099
v -0.13975616 0.00255179 0.06319132
v -0.14034539 -0.01836363 0.06324797
v -0.15477449 0.07927708 0.07958244
v -0.15692236 0.03671617 0.05159851
v -0.15247074 0.05623001 0.08753896
v -0.21993856 -0.42367902 0.05885961
v -0.22036850 -0.50010008 0.10849310
v -0.21090721 -0.39354360 0.03622627
v -0.20859681 -0.37003317 0.04763514
v -0.00220492 -0.39381793 0.14436018
v -0.00118486 -0.35752332 0.13712391
v -0.00834707 -0.31958893 0.16552897
v -0.01241640 -0.30161875 0.15261096
v -0.03431792 -0.28893876 0.14525974
v -0.00527601 -0.41358939 0.15206739
v -0.03979156 0.13591538 0.11809599
v -0.02875298 0.13853633 0.13480748
v -0.06863519 0.12667120 0.13453999
v -0.08437055 0.14599620 0.11220721
v -0.06570217 0.14533858 0.12088707
v -0.02581641 0.12578472 0.14498723
v -0.00742323 0.09776478 0.15641499
v -0.03955368 0.11023433 0.14941588
v -0.21556169 -0.50041169 0.14568351
v -0.18295382 -0.47872022 0.19088459
v -0.05942696 -0.42450577 0.17126435
v -0.06111229 -0.40113965 0.16593309
v -0.04292058 -0.39334127 0.15495071
v -0.05881462 -0.37869844 0.15564926
v -0.07646003 -0.43445855 0.18031453
v -0.05680848 -0.44424933 0.17220365
v -0.01452585 -0.22749279 0.17804115
v -0.01158102 -0.20935163 0.17541029
v -0.01925711 -0.19213681 0.17557429
v -0.00753960 -0.28286982 0.15075272
v -0.02103735 -0.28122741 0.14772302
v -0.20941125 -0.25514269 0.04557287
v -0.20834959 -0.29893127 0.03427362
v -0.21301404 -0.30971858 0.04882692
v -0.00025764 -0.10954639 0.17210306
v -0.01033662 -0.08591656 0.17013663
v -0.04390508 -0.11302146 0.16641752
v -0.01583562 -0.06452692 0.16732529
v -0.15013850 -0.05318399 0.04823950
v -0.14540620 -0.03428673 0.05280477
v -0.14976263 -0.12114857 0.08833425
v -0.18775776 -0.19709569 0.05599251
v -0.00613460 0.03879004 0.15919279
v -0.00935601 0.05771964 0.16360641
v -0.02919506 0.03168964 0.15746948
v -0.03070066 0.01066599 0.15382771
v -0.13054280 -0.01086631 0.07953744
v -0.13576713 -0.03566259 0.07415713
v -0.14855175 0.02703975 0.06782250
v -0.14724825 0.03715223 0.08644287
v -0.21667182 -0.47328982 0.08525746
v -0.21753901 -0.44411206 0.10617429
v -0.21396881 -0.45257306 0.08701165
v -0.20708711 -0.40528980 0.07982405
v -0.21620995 -0.41979811 0.08000811
v -0.21005167 -0.41300553 0.10568197
v -0.21808021 -0.43253756 0.09480134
v -0.21011056 -0.36714837 0.06448746
v -0.21533774 -0.33436906 0.03812309
v -0.01700450 -0.36946264 0.13995002
v -0.04911236 -0.34806839 0.14055592
v -0.03919302 -0.37052307 0.14385040
v -0.03307100 -0.34132743 0.14829971
v -0.00936834 -0.34088212 0.15575507
v 0.00505795 -0.31141615 0.16331151
v -0.04218662 -0.31854880 0.16528177
v -0.08677682 0.09775040 0.14814764
v -0.10558272 0.10570349 0.13256733
v -0.07017180 0.15354124 0.10054664
v -0.00780066 0.07762422 0.15959264
v -0.04662804 0.09680460 0.15689620
v -0.06464384 0.10727040 0.14646792
v -0.06800932 0.08779703 0.15903057
v -0.08830830 0.11499317 0.13429536
v -0.20866093 -0.48684168 0.16457769
v -0.19671632 -0.47251168 0.18013582
v -0.16817710 -0.48605573 0.19590822
v -0.14000672 -0.43100750 0.18396807
v -0.07553173 -0.45504117 0.18028396
v -0.03952674 -0.18938953 0.17190833
v -0.05042541 -0.22808421 0.17170061
v -0.05268776 -0.21018928 0.16601492
v -0.18552484 -0.22071303 0.05235145
v -0.19937135 -0.23647824 0.06446582
v -0.18294629 -0.20823231 0.07315570
v -0.17253223 -0.21885554 0.08608197
v -0.18381357 -0.23219541 0.07111295
v -0.19441561 -0.24118307 0.08709361
v -0.19552059 -0.26488185 0.08271273
v -0.21400216 -0.32549244 0.06196848
v -0.20894542 -0.30347285 0.07077280
v -0.19822252 -0.28636885 0.07148532
v -0.02187910 -0.10795559 0.17049947
v -0.02886912 -0.08580597 0.16779785
v -0.03952471 -0.07081731 0.16341458
v -0.05195090 -0.08510311 0.15990347
v -0.04852873 -0.06210241 0.15884891
v 0.00932048 -0.17032807 0.17687379
v -0.00947417 -0.04219125 0.16475865
v -0.00922827 -0.02230145 0.16064632
v -0.04220325 -0.03879992 0.15718852
v -0.13704948 -0.05941921 0.08183806
v -0.02703199 0.06613149 0.16355102
v -0.02412395 0.04807974 0.16279763
v -0.06324800 0.03770157 0.15912098
v -0.06047684 -0.00327811 0.14428139
v -0.01778239 -0.00638071 0.15620416
v -0.12536350 -0.03059664 0.08828735
v -0.11055818 0.00236837 0.11253920
v -0.14236321 0.04574117 0.10751434
v -0.22204395 -0.49097836 0.08813296
v -0.21319975 -0.46375236 0.10510577
v -0.21779051 -0.49296406 0.12862812
v -0.21496235 -0.48134181 0.14618424
v -0.20683517 -0.39068398 0.05887200
v -0.21190153 -0.40969661 0.05631228
v -0.20554408 -0.39454278 0.10280118
v -0.21403165 -0.34696510 0.05296071
v -0.06027909 -0.35864666 0.14872162
v -0.02678867 -0.30326036 0.16161616
v -0.02791172 0.08556244 0.16021538
v -0.15456188 -0.48973536 0.20593710
v -0.12931971 -0.46175295 0.20052569
v -0.07590037 -0.38812467 0.16583832
v -0.02723982 -0.16888623 0.17362280
v -0.03203985 -0.21445023 0.17159314
v -0.10077942 -0.21226072 0.14369446
v -0.07091179 -0.22548188 0.16655989
v -0.17606813 -0.23424205 0.08745739
v -0.16965175 -0.19563617 0.08824900
v -0.17943782 -0.26136211 0.09506328
v -0.21056655 -0.26934677 0.06608991
v -0.20823175 -0.27636704 0.05051131
v -0.02640432 -0.02749686 0.15929729
v -0.02794041 -0.05046600 0.16325814
v -0.04199031 0.04839985 0.16296422
v -0.05955388 0.05302883 0.16410387
v -0.04664950 0.00461819 0.15112236
v -0.04095150 -0.01222433 0.15179840
v -0.05706671 -0.04943294 0.15253577
v -0.07362275 -0.06341498 0.14527139
v -0.06609290 -0.07710643 0.15191959
v -0.07233874 -0.09656440 0.15079597
v -0.06057953 -0.11174108 0.15998439
v -0.08040398 -0.11898585 0.15008865
v -0.09265222 -0.14152773 0.14619805
v -0.06342301 -0.15328598 0.16225033
v -0.08442044 -0.08037338 0.13923226
v -0.07884998 -0.14303340 0.15424700
v -0.08173525 -0.16308591 0.15374184
v -0.10164523 -0.09633230 0.12941283
v -0.06869763 -0.17527838 0.16126715
v -0.04948916 -0.17102896 0.16851383
v -0.09386511 -0.19390105 0.14649108
v -0.07525192 -0.20292684 0.15613338
v -0.06161314 -0.18973577 0.16501907
v -0.11046793 -0.04043049 0.10664356
v -0.10268124 -0.06074583 0.12106978
v -0.09379115 -0.04287311 0.12364271
v -0.11681729 -0.01353806 0.09941891
v -0.08405865 -0.02102934 0.13092026
v -0.07569771 -0.00791741 0.13677281
v -0.06189836 -0.02615117 0.14655152
v -0.12290941 0.02019466 0.11388391
v -0.11578070 0.07612623 0.14346044
v -0.13566583 0.02820938 0.10267787
v -0.21320786 -0.47468454 0.12390731
v -0.04768260 0.07331701 0.16371471
v -0.11061133 -0.48862356 0.20217924
v -0.12060951 -0.50276047 0.21027884
v -0.16611102 -0.46088052 0.18525892
v -0.14910065 -0.47223550 0.19970039
v -0.10432193 -0.43457490 0.19076358
v -0.04268069 -0.24954091 0.16882083
v -0.16139854 -0.15124145 0.08223686
v -0.19295323 -0.30317038 0.08861552
v -0.21057549 -0.33670279 0.09837259
v -0.21041332 -0.35339075 0.11214852
v -0.20986989 -0.37474927 0.10650955
v -0.20046833 -0.31646290 0.10204855
v -0.20989312 -0.31859049 0.08642234
v -0.21353833 -0.34069991 0.07629696
v -0.16289303 -0.28965816 0.14212254
v -0.20400733 -0.28132996 0.08711258
v -0.19266331 -0.28601938 0.10697091
v -0.18195370 -0.26979029 0.10760155
v -0.08378069 -0.32975212 0.14849293
v -0.17925867 -0.34007844 0.15318564
v -0.17819853 -0.28824699 0.12703976
v -0.06952748 -0.33585989 0.14523627
v -0.17408322 -0.31211814 0.13029471
v -0.19283932 -0.32365844 0.12451973
v -0.20404814 -0.33590648 0.11379090
v -0.16224594 -0.31005299 0.15151237
v -0.15986118 -0.25709736 0.10699014
v -0.18260559 -0.30718458 0.11132473
v -0.17832869 -0.32085645 0.14302826
v -0.05215145 -0.33421212 0.15673466
v -0.14316493 -0.10726114 0.08983556
v -0.12956059 -0.10080232 0.10515148
v -0.09840990 -0.17502668 0.14589646
v -0.10090508 -0.07657830 0.12542580
v -0.08998352 -0.06074543 0.13205361
v -0.06394632 0.01826094 0.14881122
v -0.09869281 0.03211636 0.14679350
v -0.08133908 0.03209073 0.15359548
v -0.08295506 0.05168118 0.16187240
v -0.08232095 0.01322365 0.14045605
v -0.09958794 0.02119905 0.13747637
v -0.07591721 -0.04462386 0.13932486
v -0.12561516 0.00817590 0.09693646
v -0.10409407 0.09052951 0.14508548
v -0.12181292 0.09315264 0.12906732
v -0.09485990 0.07321468 0.15769759
v -0.13677098 0.09131160 0.11146632
v -0.13710684 0.05490746 0.12148120
v -0.11362433 0.04690783 0.14499383
v -0.12994650 0.07765743 0.12843773
v -0.11487658 0.03156751 0.13535485
v -0.09727951 0.04525207 0.15445781
v -0.12859309 0.03923016 0.12567939
v -0.13106973 -0.48319235 0.20791598
v -0.15573119 -0.44711059 0.18362491
v -0.17943293 -0.41696826 0.17368712
v -0.17283563 -0.44002280 0.18082820
v -0.20750250 -0.39718315 0.12686777
v -0.09028227 -0.42999974 0.18517512
v -0.12590264 -0.44139579 0.18678646
v -0.07955825 -0.41178623 0.17655437
v -0.09225626 -0.39791054 0.17456748
v -0.09950738 -0.41687611 0.18262938
v -0.11768778 -0.41980579 0.18652436
v -0.03180209 -0.23458704 0.17536326
v -0.16325589 -0.17378679 0.08977055
v -0.15209092 -0.15967280 0.09931353
v -0.13221103 -0.16254175 0.12019568
v -0.14426023 -0.16794243 0.11070900
v -0.14221038 -0.25177217 0.11706441
v -0.08168133 -0.35023785 0.15265098
v -0.11488670 -0.33435887 0.14945617
v -0.20935184 -0.36397040 0.12785648
v -0.10248252 -0.15416123 0.13953812
v -0.11816315 -0.09120990 0.11374699
v -0.11638837 -0.06740270 0.10955345
v -0.10994767 0.01643818 0.12464923
v -0.07242190 0.06811170 0.16389738
v -0.08489154 0.08436657 0.15712504
v -0.13840835 0.11098198 0.09412686
v -0.14668149 0.08872919 0.09507253
v -0.14023292 0.07321307 0.11527035
v -0.10629515 0.06086876 0.15242513
v -0.21663389 -0.42893136 0.11666495
v -0.11645249 -0.47463349 0.19852212
v -0.14547895 -0.45642251 0.18791980
v -0.11276033 -0.45265466 0.19695692
v -0.10601462 -0.38454682 0.17408228
v -0.11699963 -0.16995177 0.13299695
v -0.11450005 -0.19214718 0.13336062
v -0.13298510 -0.18093087 0.12071929
v -0.14604501 -0.19205979 0.11094164
v -0.09181130 -0.22645684 0.15873130
v -0.08501881 -0.21144946 0.15297464
v -0.12106941 -0.14744948 0.12453149
v -0.14837356 -0.13810973 0.09434932
v -0.14741027 -0.22875832 0.11483731
v -0.16133213 -0.23877634 0.12297319
v -0.16081877 -0.22863057 0.10074697
v -0.04393348 -0.29882362 0.15918389
v -0.05919108 -0.30938485 0.16499597
v -0.07629504 -0.29730058 0.16031650
v -0.08965701 -0.31758359 0.16438918
v -0.09115211 -0.29739267 0.16075355
v -0.10767175 -0.31248301 0.16460301
v -0.14588195 -0.29526860 0.15176983
v -0.12742998 -0.29814896 0.15751418
v -0.07244880 -0.32060462 0.16401003
v -0.08061323 -0.36652523 0.15998679
v -0.10124812 -0.35296941 0.16014148
v -0.12641744 -0.35204667 0.15878703
v -0.13581710 -0.33234683 0.15135963
v -0.11337461 -0.36679718 0.16887213
v -0.09706635 -0.33247355 0.14835817
v -0.20259933 -0.34653184 0.12881094
v -0.17208040 -0.36080503 0.16002798
v -0.18626913 -0.36282462 0.14571851
v -0.16389069 -0.34992176 0.15361327
v -0.14343131 -0.31326210 0.16092929
v -0.16054912 -0.42546529 0.17780313
v -0.16005424 -0.41104800 0.17386165
v -0.14189105 -0.39633730 0.17602456
v -0.21318310 -0.41065750 0.13145465
v -0.21467170 -0.46129704 0.14607242
v -0.13256811 -0.40803364 0.18195334
v -0.11207480 -0.39944708 0.17971951
v -0.09351783 -0.37503278 0.16807246
v -0.17585680 -0.18720047 0.07525118
v -0.17090213 -0.16555858 0.07192167
v -0.18082164 -0.17752877 0.05751054
v -0.08372351 -0.24703245 0.16019550
v -0.10196794 -0.24537161 0.15331714
v -0.07387024 -0.26051092 0.15453300
v -0.05859724 -0.26406619 0.15746291
v -0.14514562 -0.23866072 0.13460349
v -0.11683135 -0.21823323 0.13503216
v -0.07710075 -0.28705001 0.14505379
v -0.12766351 -0.12957832 0.11748531
v -0.13576974 -0.14808716 0.11136979
v -0.14809503 -0.21158509 0.11161860
v -0.13242969 -0.20628619 0.12212601
v -0.17741698 -0.23920847 0.10843273
v -0.14106779 -0.28029552 0.14227942
v -0.12868176 -0.26815698 0.12681887
v -0.15219004 -0.27204278 0.12516814
v -0.10970534 -0.28920308 0.15412039
v -0.09431084 -0.28178102 0.13979132
v -0.08799908 -0.25910324 0.13891105
v -0.10845960 -0.27449766 0.13457668
v -0.11026694 -0.25300929 0.13179274
v -0.12030428 -0.28106767 0.14549600
v -0.13503906 -0.36789811 0.16976805
v -0.15286976 -0.36201587 0.16536240
v -0.12344170 -0.38272882 0.17593150
v -0.15991166 -0.33056396 0.15869066
v -0.20762205 -0.37965655 0.13982236
v -0.15656386 -0.39426988 0.17395712
v -0.17332146 -0.39851648 0.16856141
v -0.21768999 -0.45019835 0.12628347
v -0.20923701 -0.47240651 0.16059013
v -0.10737395 -0.22583681 0.15135986
v -0.12450703 -0.23671597 0.14699599
v -0.12818325 -0.24485175 0.12861510
v -0.05708626 -0.28848976 0.15227376
v -0.11645130 -0.11336091 0.12275434
v -0.13321720 -0.22536775 0.12558857
v -0.14447522 -0.38092032 0.17437440
v -0.14723518 -0.35125083 0.15383898
v -0.16115803 -0.37954527 0.16164124
v -0.20736679 -0.39926904 0.14769629
v -0.19285062 -0.38390771 0.14726947
v -0.17840695 -0.38449675 0.15301606
v -0.21511917 -0.42781284 0.13230993
v -0.20952320 -0.44287321 0.14648446
v -0.20200802 -0.45213646 0.16773887
v -0.19843759 -0.42791244 0.16389513
v -0.19313766 -0.40250620 0.16116400
v -0.20625365 -0.42064553 0.14745721
v -0.08734712 -0.51243639 0.21174048
v -0.06150762 0.23177518 0.04097079
v -0.07990529 0.23022094 0.03565677
v -0.06569050 0.21801175 0.05131350
v -0.08876130 0.19805260 0.06153335
v -0.07162587 0.20050906 0.06296683
v -0.08495744 0.21488421 0.04833125
v -0.10046470 0.20899966 0.05060112
v -0.03507248 -0.13089091 0.17045492
v -0.13792412 -0.08741560 0.09184857
v -0.14222154 -0.07529179 0.08113955
v -0.04419143 -0.15077737 0.16891998
v -0.12697522 -0.31961197 0.16100249
v 0.16753207 0.08902664 0.02171347
v 0.16547492 0.05320956 0.03570291
v 0.15999825 0.03200499 0.04226201
v 0.14886111 -0.03048283 0.03899812
v 0.15137255 -0.05106874 0.03755178
v 0.15683028 -0.07112582 0.03730711
v 0.16017221 -0.09206569 0.03667897
v 0.16648497 -0.11469198 0.03925484
v 0.17891334 -0.15128231 0.03841121
v 0.18460704 -0.16891095 0.03019799
v 0.20063913 -0.22868979 0.02775677
v 0.21437095 -0.30230817 0.02460619
v 0.21755597 -0.32019541 0.02482425
v 0.21605939 -0.33973393 0.02618458
v 0.22085580 -0.35885429 0.02678110
v 0.22350243 -0.37540156 0.02811425
v 0.21960735 -0.39683935 0.02186570
v 0.22440907 -0.41234595 0.03274420
v 0.23367359 -0.46548629 0.03661681
v 0.23210114 -0.48460203 0.02882874
v 0.22807179 -0.51117992 0.03545548
v 0.22612302 -0.53075880 0.03875634
v 0.22565156 -0.54710692 0.04368534
v 0.22544724 -0.54993522 0.04278831
v 0.22552004 -0.55276191 0.04181349
v 0.22248587 -0.55411386 0.06033304
v 0.22021882 -0.55406290 0.07973082
v 0.21943641 -0.55381155 0.09822761
v 0.21829425 -0.55323648 0.11673629
v 0.21710572 -0.55257636 0.13511509
v 0.21520516 -0.55151677 0.15335064
v 0.21137841 -0.55017412 0.17120320
v 0.20412084 -0.54864877 0.18782325
v 0.19436233 -0.54707289 0.20289962
v 0.18097478 -0.54573160 0.21522343
v 0.16641776 -0.54429501 0.22632933
v 0.14979023 -0.54333419 0.23436151
v 0.13247673 -0.54270220 0.24028423
v 0.11477622 -0.54238677 0.24488796
v 0.09667908 -0.54214162 0.24903509
v 0.07867468 -0.54185331 0.25275144
v 0.06136397 -0.54130048 0.25590086
v 0.04334049 -0.54121792 0.25819510
v 0.02505543 -0.54170960 0.25941768
v 0.01527209 0.17564964 0.08605164
v 0.03016927 0.19069318 0.07853600
v 0.04268978 0.20699927 0.06712443
v 0.05072851 0.22748408 0.05146404
v 0.05632263 0.24654022 0.03075693
v 0.06275012 0.26539794 0.00954127
v 0.06812816 0.27756640 -0.01857653
v 0.06873503 0.27332008 -0.05093564
v 0.09951076 0.26922965 -0.03559031
v 0.12085849 0.26517126 -0.03417310
v 0.13024090 0.25904509 -0.01739716
v 0.13309385 0.25488567 0.00001060
v 0.12898210 0.24681796 0.01615241
v 0.12402961 0.23525478 0.02839166
v 0.12104566 0.22087117 0.04179769
v 0.12208268 0.20383233 0.05455675
v 0.12789555 0.18383306 0.06437126
v 0.13687541 0.16326852 0.07012562
v 0.14681767 0.14309318 0.07260501
v 0.15747641 0.12335809 0.06598967
v 0.16555791 0.10369013 0.05159874
v 0.04324388 -0.51547378 0.22936495
v 0.01449393 0.15714851 0.09006375
v 0.07916573 0.17176208 0.08889924
v 0.08153181 0.27427503 -0.03648120
v 0.22581822 -0.46707243 0.11282695
v 0.08887042 -0.51670754 0.22131851
v 0.07194091 0.20104843 0.06625439
v 0.08168045 0.23299883 0.03614360
v 0.09198458 0.26915902 -0.01823705
v 0.07320221 0.25455853 0.01478075
v 0.22783887 -0.50424761 0.12271836
v 0.04922041 -0.53107643 0.24552536
v 0.05818199 0.21402171 0.05976394
v 0.06346463 0.23519966 0.04104266
v 0.11073219 0.26317230 -0.01332876
v 0.10787089 0.25164819 0.00745738
v 0.07683492 0.26931161 -0.00749543
v 0.15045761 -0.51470536 0.21387473
v 0.21959108 -0.50635511 0.15329555
v 0.22223519 -0.54360664 0.07319006
v 0.09308302 -0.53185123 0.23793715
v 0.12028097 -0.53022367 0.23183286
v 0.15552168 -0.52970874 0.22435153
v 0.22021167 -0.53684407 0.12786281
v 0.20762518 -0.53144640 0.18085152
v 0.06507924 -0.52571762 0.23642367
v 0.18497203 -0.52607638 0.20881143
v 0.16904378 -0.51765114 0.21494004
v 0.13920358 -0.53164822 0.22929397
v 0.16900653 -0.53135318 0.22056666
v 0.14759126 -0.25925359 0.14072318
v 0.10594307 0.00395808 0.13449295
v 0.15075043 0.07782246 0.10700943
v 0.03593849 -0.49899942 0.21145436
v 0.04347983 0.14515896 0.11180951
v 0.07699324 -0.38348812 0.16786152
v 0.23135811 -0.46690807 0.07686608
v 0.02173225 -0.52213985 0.23568831
v 0.02311255 -0.50996435 0.22277685
v 0.07590652 0.24388203 0.02654237
v 0.07496388 0.22004241 0.05084151
v 0.09228946 0.20366293 0.06015561
v 0.09777033 0.21780911 0.04656159
v 0.10861214 0.20742063 0.05395560
v 0.11193053 0.19194780 0.06463420
v 0.10388254 0.22902480 0.03493363
v 0.09902917 0.18400641 0.07386924
v 0.11790548 0.16836087 0.07850466
v 0.06514782 0.18491563 0.07912043
v 0.08321077 0.18732281 0.07527009
v 0.10376787 0.13099658 0.12087272
v 0.02983139 0.16997395 0.09321520
v 0.10077418 0.14616320 0.10404211
v 0.09780703 0.16563636 0.08903208
v 0.22462822 -0.53615177 0.05790583
v 0.23240548 -0.52363509 0.05356109
v 0.22869210 -0.52545929 0.07632441
v 0.22914048 -0.49651703 0.10201697
v 0.23178880 -0.51020414 0.08674558
v 0.22799546 -0.51545835 0.10667925
v 0.22998878 -0.49174157 0.08156737
v 0.23465846 -0.50163263 0.05359737
v 0.22237438 -0.53680390 0.10992602
v 0.22432658 -0.53199947 0.09286661
v 0.22628382 -0.48430374 0.11596349
v 0.22661735 -0.48103625 0.09549586
v 0.22306782 -0.51727557 0.13870075
v 0.21870632 -0.53036249 0.14779705
v 0.21413925 -0.52943033 0.16539562
v 0.08821461 0.25890151 0.00189693
v 0.20276569 -0.50882941 0.18940134
v 0.18911058 -0.24924207 0.09264457
v 0.07808638 -0.29517737 0.15386599
v 0.15054008 -0.12179710 0.09082805
v 0.07881590 -0.08117835 0.14975068
v 0.15646777 0.09842630 0.07982569
v 0.01412079 -0.49770033 0.20904942
v 0.13300440 0.14897421 0.08358534
v 0.11551702 0.14874816 0.09446619
v 0.11872734 0.13161011 0.10940817
v 0.23483902 -0.46538401 0.05545260
v 0.23140123 -0.41845641 0.06267988
v 0.05148954 -0.50169641 0.20902672
v 0.06704720 -0.51361769 0.22004741
v 0.05321516 0.19545266 0.07301401
v 0.04956303 0.17721333 0.08653431
v 0.04676493 0.16013739 0.09935825
v 0.06401060 0.16963489 0.09171417
v 0.06343674 0.15315217 0.10660470
v 0.02835099 0.15332723 0.10517907
v 0.00831438 0.13765183 0.10457534
v 0.02683794 0.13432038 0.11873436
v 0.22515988 -0.52149528 0.12192962
v 0.23430365 -0.50788641 0.06775482
v 0.23444271 -0.48684642 0.06459755
v 0.23493014 -0.48521683 0.04813966
v 0.17169392 -0.48357376 0.19700876
v 0.13948429 -0.49551231 0.20244557
v 0.11715761 -0.46405536 0.18909447
v 0.13556620 -0.47786215 0.19215590
v 0.16224247 -0.50059873 0.20581517
v 0.15753303 -0.48224270 0.19405113
v 0.18490559 -0.50404513 0.20357564
v 0.19217525 -0.48953447 0.19506989
v 0.18049413 -0.44557267 0.18324336
v 0.13348790 -0.45754796 0.18771018
v 0.15174377 -0.46487752 0.18634361
v 0.16368279 -0.44523033 0.18039101
v 0.12249900 -0.43988743 0.18075886
v 0.10060375 -0.44870237 0.18136707
v 0.10593711 -0.42554042 0.17447986
v 0.12616615 -0.41885316 0.16872634
v 0.08786625 -0.42769933 0.17604445
v 0.15760717 -0.42339498 0.17182580
v 0.13788541 -0.42967695 0.17333113
v 0.08414703 -0.45863625 0.18976663
v 0.10276938 -0.46708062 0.19487429
v 0.08410346 -0.47263491 0.19700642
v 0.08290952 -0.48898879 0.20382252
v 0.08963821 -0.41255969 0.16649178
v 0.19716480 -0.42176127 0.16113643
v 0.22499098 -0.47414854 0.14429384
v 0.17983209 -0.42722276 0.17683646
v 0.14268450 -0.44312158 0.18114260
v 0.10748360 -0.40700975 0.16648099
v 0.07633980 -0.44117594 0.18003014
v 0.06936259 -0.42529237 0.17237487
v 0.22623357 -0.46800449 0.13102934
v 0.22415552 -0.45044225 0.14898311
v 0.22145712 -0.48818800 0.15249099
v 0.06243294 -0.45759508 0.17960507
v 0.22557333 -0.49456927 0.13768928
v 0.06323425 -0.41263700 0.16292469
v 0.03952029 -0.45282522 0.17041336
v 0.05471568 -0.43836111 0.16955203
v 0.13135481 -0.51469898 0.21787730
v 0.09901310 -0.49844003 0.21099359
v 0.19343767 -0.24940595 0.05599934
v 0.03868389 -0.22506328 0.16767703
v 0.05043820 -0.33790606 0.15227073
v 0.13850239 -0.03173489 0.07181250
v 0.14289150 0.00545752 0.07264520
v 0.04828124 0.03452884 0.16198190
v 0.03919291 -0.00310734 0.15800875
v 0.02728961 -0.03944342 0.16478342
v 0.16236834 0.04809244 0.05808107
v 0.16278113 0.06682245 0.06817362
v 0.16555324 0.06673025 0.05032659
v 0.15828958 0.04644360 0.07640751
v 0.16002092 0.10543566 0.06570671
v 0.14434585 0.12942554 0.08303813
v 0.16554394 0.08930923 0.04763630
v 0.01921266 -0.48005998 0.19261786
v 0.08398747 0.14127077 0.11335070
v 0.12940057 0.10384580 0.12269791
v 0.02476014 0.13714556 0.14021035
v 0.02072071 -0.39135975 0.14565054
v 0.23261210 -0.44608951 0.04629918
v 0.22966133 -0.40668291 0.05088748
v 0.22438096 -0.37002292 0.04646958
v 0.04455451 0.14176184 0.13070327
v 0.18785115 -0.47187904 0.19092853
v 0.16969477 -0.46464464 0.18825836
v 0.04530939 -0.48670211 0.19463563
v 0.06298538 -0.48611927 0.19577858
v 0.06499857 -0.47289476 0.18818347
v 0.06507354 -0.49909562 0.20614076
v 0.21493490 -0.48855805 0.17068847
v 0.03202654 -0.43470234 0.16081251
v 0.04159548 -0.40375555 0.15677604
v 0.06819521 -0.39684910 0.16655318
v 0.05780205 -0.37441498 0.15675771
v 0.02044513 -0.44706067 0.16716266
v 0.02298469 -0.46236843 0.17628223
v 0.11062942 -0.51662552 0.22108480
v 0.11928371 -0.49779269 0.21066481
v 0.11855728 -0.48311737 0.20090091
v 0.08226848 -0.50420642 0.21116093
v 0.20094965 -0.23111971 0.05117476
v 0.20969830 -0.27577221 0.05142041
v 0.19386503 -0.24320963 0.03344178
v 0.20134720 -0.26321286 0.03625149
v 0.04856774 -0.18931617 0.17352244
v 0.03350700 -0.35125807 0.14153573
v 0.17328417 -0.13434196 0.04077750
v 0.16646169 -0.12694351 0.05913997
v 0.17856689 -0.16380908 0.05485219
v 0.16057080 -0.10352585 0.05471139
v 0.15568894 -0.09377476 0.06661619
v 0.02336633 -0.06993024 0.16862029
v 0.02921309 -0.15176974 0.17497642
v 0.03178890 -0.12772886 0.17263672
v 0.01040168 -0.13144241 0.17481077
v 0.14946656 0.00904995 0.04756149
v 0.15434057 0.02639476 0.06094569
v 0.02674904 0.03977562 0.16038863
v 0.03840932 0.01641644 0.16065899
v 0.04019390 -0.47225678 0.18252355
v 0.08452009 0.15688522 0.10031786
v 0.06415695 0.13726248 0.12090702
v 0.07506313 0.11342660 0.14292519
v 0.06401011 0.12908337 0.13897774
v 0.03844134 0.12350240 0.14601959
v 0.08596607 0.12994500 0.13092607
v 0.01635568 0.11995099 0.14967486
v 0.02855128 0.10108609 0.15190518
v 0.19569516 -0.43850526 0.17224279
v 0.03184289 -0.48676530 0.19838248
v 0.20529462 -0.49534267 0.18425158
v 0.21164420 -0.50825042 0.17574821
v 0.05213890 -0.39263090 0.16069153
v 0.10131271 -0.48218149 0.20393537
v 0.19469261 -0.21027043 0.03773376
v 0.18856965 -0.21687572 0.06010221
v 0.19711527 -0.23390904 0.07485446
v 0.17970413 -0.22101244 0.07861717
v 0.20284829 -0.26624641 0.06146282
v 0.20093231 -0.26451775 0.08404752
v 0.18452784 -0.22879736 0.09810767
v 0.16778573 -0.21462722 0.09085369
v 0.21199705 -0.28569031 0.03442425
v 0.21259096 -0.29302666 0.05807339
v 0.21044438 -0.27971205 0.07503677
v 0.20654826 -0.30034187 0.07963116
v 0.19943045 -0.26443511 0.09823925
v 0.22151276 -0.32887247 0.04201385
v 0.21583709 -0.30900186 0.04163068
v 0.01717697 -0.22892277 0.17077191
v 0.01854144 -0.25641426 0.17106576
v 0.02243079 -0.30448136 0.15131980
v 0.02475103 -0.31829756 0.16777103
v 0.15781817 -0.11535773 0.07356636
v 0.18504028 -0.17843072 0.04725631
v 0.18989308 -0.18821262 0.03366274
v 0.18080750 -0.19834813 0.07771031
v 0.16907729 -0.18384540 0.08880352
v 0.17792976 -0.17899373 0.06915599
v 0.16810182 -0.16362120 0.07841993
v 0.15609299 -0.17292051 0.09913521
v 0.16720541 -0.19817299 0.09895529
v 0.17302859 -0.14942364 0.06086442
v 0.16213305 -0.13942705 0.07905042
v 0.13493073 -0.18961906 0.12966675
v 0.15576279 -0.07954618 0.05406491
v 0.14060958 -0.05352418 0.07698576
v 0.15089208 -0.06159955 0.05708839
v 0.02707228 -0.18058690 0.17595281
v 0.04825382 -0.16443649 0.17147405
v 0.03063022 0.07990638 0.15858130
v 0.04221469 -0.02465246 0.16246150
v 0.05603866 -0.01657424 0.15945190
v 0.02250658 -0.01888415 0.16250069
v 0.21956147 -0.35228682 0.05029380
v 0.22304881 -0.33491451 0.06618930
v 0.22720353 -0.38060725 0.07987970
v 0.22724475 -0.39140856 0.04167977
v 0.19171338 -0.45767632 0.18423182
v 0.21834174 -0.46641982 0.16280228
v 0.20489027 -0.46442482 0.17670400
v 0.20905790 -0.45048207 0.16940069
v 0.20552397 -0.47839448 0.17961016
v 0.01452910 -0.42801902 0.15706980
v 0.02867967 -0.41385624 0.15326360
v 0.08046930 -0.36060154 0.15408552
v 0.19305304 -0.25548705 0.07493834
v 0.16730540 -0.22219640 0.11007974
v 0.15304287 -0.21126916 0.10515175
v 0.16492121 -0.24875325 0.12796035
v 0.17886554 -0.26246038 0.11781083
v 0.15690452 -0.22561398 0.12222459
v 0.17522715 -0.24087182 0.11617629
v 0.04777819 -0.24273184 0.17133732
v 0.03238610 -0.24922955 0.17226811
v 0.07556211 -0.25899392 0.16494675
v 0.06279533 -0.23597434 0.16114864
v 0.06075706 -0.25392267 0.17063774
v 0.05949511 -0.27542457 0.16017550
v 0.03037409 -0.33882824 0.15694179
v 0.04308883 -0.32237288 0.16975173
v 0.06229589 -0.32460558 0.16875193
v 0.01898219 -0.37013656 0.13854626
v 0.03796987 -0.38077432 0.15109339
v 0.13520287 -0.12241071 0.11157877
v 0.18728691 -0.19428679 0.05440348
v 0.15767367 -0.15589352 0.09500642
v 0.13448721 -0.21435885 0.12115902
v 0.14851059 -0.19554295 0.11862539
v 0.10454605 -0.20881733 0.14606087
v 0.14541687 -0.23503074 0.13638367
v 0.12299678 -0.20248011 0.13525669
v 0.11569174 -0.21962607 0.13450180
v 0.15669243 -0.18739673 0.10687701
v 0.14733644 -0.04575668 0.05586834
v 0.14697519 -0.07542481 0.07573523
v 0.14924446 -0.10186604 0.08426452
v 0.01360453 -0.09393919 0.17067301
v 0.03555976 -0.10873005 0.17001514
v 0.05666810 -0.10551618 0.16397136
v 0.07154454 -0.12004472 0.16038442
v 0.03936922 -0.08840811 0.16749935
v 0.14506294 -0.02994421 0.05410437
v 0.14816506 -0.01256682 0.04301103
v 0.13349713 -0.01546634 0.08412783
v 0.07247214 0.03601657 0.16105361
v 0.06507313 0.04930627 0.16315600
v 0.08294710 0.02165854 0.15457262
v 0.22417037 -0.37388644 0.06412902
v 0.22772124 -0.40285993 0.07101681
v 0.09452772 -0.36870944 0.16546954
v 0.05544943 -0.35587174 0.14382955
v 0.18916665 -0.25266030 0.10816843
v 0.03718008 -0.28362042 0.15528238
v 0.05276201 -0.21261166 0.17081334
v 0.07275072 -0.21392359 0.16259350
v 0.03999664 -0.30799136 0.15525658
v 0.08531006 -0.33117431 0.16287316
v 0.14718357 -0.13915074 0.10143968
v 0.12978920 -0.14093314 0.12151001
v 0.14310430 -0.15748075 0.11259358
v 0.13914174 -0.17648686 0.11788061
v 0.12460148 -0.16243982 0.12997413
v 0.11945572 -0.17684296 0.13459304
v 0.03637860 -0.20223051 0.17659321
v 0.01809963 -0.11241937 0.17242348
v 0.05542494 -0.12703264 0.16750699
v 0.09309220 -0.14306265 0.15128991
v 0.07487193 -0.10046016 0.15483530
v 0.14270180 -0.01192489 0.06232269
v 0.14691301 0.02301793 0.08204206
v 0.15189348 0.04116871 0.09508383
v 0.06080872 0.00192256 0.15530193
v 0.05276016 0.08955365 0.15685484
v 0.05319563 0.11142573 0.14724939
v 0.06693295 0.10131714 0.15152039
v 0.10246963 0.08557199 0.15216969
v 0.08997405 0.09837072 0.14942649
v 0.09975660 0.11195046 0.13641770
v 0.11753080 0.11455504 0.12418830
v 0.13211000 0.07115042 0.13745970
v 0.07342037 -0.01191697 0.15301354
v 0.06456681 0.01717598 0.15824078
v 0.08426093 0.00566103 0.14903104
v 0.22617875 -0.38996387 0.05936105
v 0.23099010 -0.44362894 0.07543346
v 0.22754408 -0.45779574 0.09387860
v 0.09998272 -0.38516855 0.17146841
v 0.04346393 -0.26531139 0.16854042
v 0.05757919 -0.29153934 0.15022516
v 0.06039258 -0.30333716 0.16249689
v 0.09858865 -0.22737080 0.14584610
v 0.06428445 -0.19651246 0.16859192
v 0.07839517 -0.19726694 0.16294493
v 0.06568664 -0.17901972 0.16719294
v 0.08740616 -0.15999690 0.15575309
v 0.06777608 -0.15369259 0.16440819
v 0.07781379 -0.13679618 0.15886870
v 0.11813726 -0.14288858 0.13261582
v 0.10602825 -0.13503173 0.14120588
v 0.07379812 -0.33895424 0.14935747
v 0.10451576 -0.33228970 0.16182566
v 0.09821621 -0.34226677 0.14976573
v 0.09670363 -0.31404039 0.16842991
v 0.10368444 -0.35289338 0.16028433
v 0.12992536 -0.22897920 0.14100882
v 0.11477279 -0.19054535 0.14392671
v 0.12852801 -0.03583673 0.09071877
v 0.13194519 -0.06013226 0.09390520
v 0.12659429 -0.07752804 0.10595420
v 0.13935457 -0.08277698 0.09213730
v 0.10664105 -0.08978780 0.12911010
v 0.11476029 -0.05350303 0.11217374
v 0.11930919 -0.09006116 0.11710739
v 0.11965033 -0.03823900 0.10391395
v 0.09449803 -0.07597806 0.13647276
v 0.09634867 -0.05261088 0.12978449
v 0.11045525 -0.06851612 0.12002852
v 0.10952809 -0.03488548 0.11622000
v 0.09287154 -0.02997170 0.13444112
v 0.12751490 -0.10858324 0.11585929
v 0.13534762 -0.09751153 0.10291411
v 0.06132841 -0.08086593 0.15972523
v 0.15260512 0.05946181 0.10577293
v 0.07971158 0.08412902 0.15817225
v 0.06536018 0.06688492 0.16261987
v 0.08558136 0.05812075 0.16271636
v 0.08972578 -0.01286832 0.14099804
v 0.22842136 -0.42288029 0.08278838
v 0.23397511 -0.45100304 0.06130730
v 0.23264879 -0.43582466 0.06018388
v 0.22739820 -0.44825387 0.11628319
v 0.22824873 -0.43799147 0.09762576
v 0.03793713 -0.36746401 0.14281732
v 0.16396146 -0.29021513 0.13948978
v 0.15963261 -0.27209631 0.12551242
v 0.17442024 -0.28098050 0.11931581
v 0.18965442 -0.27683794 0.10623556
v 0.07534838 -0.27582407 0.15061921
v 0.09396087 -0.26356414 0.15790848
v 0.10773703 -0.15835896 0.14272827
v 0.08897208 -0.12026206 0.15014036
v 0.14346704 -0.11070611 0.09823892
v 0.09721579 -0.19254942 0.15403789
v 0.09396213 -0.09702414 0.14123480
v 0.10804877 -0.01712139 0.12315937
v 0.12152577 -0.01928065 0.10442556
v 0.12190356 0.00056063 0.11502356
v 0.13339444 0.00370537 0.09618627
v 0.13231848 0.03186240 0.12604722
v 0.13727801 0.02214079 0.10556557
v 0.12353399 0.01518664 0.12270147
v 0.12142743 -0.12352569 0.12605141
v 0.15851596 0.07846080 0.08572462
v 0.14292766 0.06676005 0.12432848
v 0.11873630 0.03861663 0.14434282
v 0.10538495 0.05859797 0.15805909
v 0.09737857 0.03835455 0.15742254
v 0.12002828 0.06585883 0.14857563
v 0.11728141 0.02640449 0.13855653
v 0.09947367 0.02006860 0.14702120
v 0.13327707 0.05020604 0.13554284
v 0.23027422 -0.40074748 0.09403125
v 0.22221686 -0.38681212 0.10320869
v 0.23100826 -0.41612387 0.10107819
v 0.10182710 -0.17483497 0.14710206
v 0.06293704 -0.04651245 0.15511324
v 0.07022834 -0.06275511 0.15326816
v 0.08193699 -0.04466456 0.14395712
v 0.07087661 -0.02783032 0.14894566
v 0.04944916 -0.03915929 0.15855302
v 0.08336209 -0.06429901 0.14402771
v 0.14374042 0.04320075 0.11691508
v 0.15782350 0.06305425 0.09054223
v 0.15182540 0.09196168 0.09635241
v 0.14600317 0.11073115 0.09404179
v 0.13292122 0.11644653 0.10879180
v 0.14202695 0.09746324 0.11085509
v 0.13599312 0.08793820 0.12601444
v 0.13257091 0.13137814 0.09751348
v 0.20330399 -0.37416855 0.15082303
v 0.22367544 -0.43127924 0.14336449
v 0.10870461 -0.11047932 0.13277380
v 0.21472499 -0.38079062 0.12717187
v 0.22938788 -0.42872450 0.12100162
v 0.19231841 -0.40235609 0.15588631
v 0.17781755 -0.40985537 0.17074309
v 0.14433475 -0.40621090 0.16991836
v 0.13770765 -0.38504988 0.17304800
v 0.12199497 -0.39467362 0.17279516
v 0.10993047 0.24167286 0.02104018
v 0.09190173 0.24436824 0.02026827
v 0.21500650 -0.31499624 0.06083209
v 0.20792414 -0.28406814 0.09563649
v 0.04843027 -0.14534910 0.17112085
v 0.22079077 -0.37028658 0.09302297
v 0.22007059 -0.36021745 0.07206732
v 0.07750605 -0.31118211 0.16909221
v 0.11507571 -0.23396873 0.15096977
v 0.09943501 -0.24021620 0.15964074
v 0.11104934 -0.25327525 0.15674147
v 0.11736225 -0.26860040 0.14972125
v 0.09967932 -0.27868444 0.14528213
v 0.09929921 -0.29178858 0.15769656
v 0.08239919 -0.23098183 0.15331410
v 0.08370090 -0.24480757 0.16487572
v 0.12402888 -0.28890818 0.14404824
v 0.11413166 -0.29937068 0.16247348
v 0.14905995 -0.29233712 0.13871658
v 0.13057117 -0.25082299 0.14926186
v 0.08866830 -0.21339248 0.15460682
v 0.13454571 -0.27378029 0.14656924
v 0.03237109 -0.05448598 0.16555530
v 0.04848953 -0.06353554 0.16253242
v 0.21234022 -0.41179633 0.15486565
v 0.22273731 -0.41262439 0.13580504
v 0.20221598 -0.39106953 0.15574977
v 0.16454823 -0.33609414 0.14401218
v 0.20987171 -0.35777053 0.13792673
v 0.18409662 -0.34554112 0.13755034
v 0.19935291 -0.34913829 0.13264228
v 0.19174495 -0.36188814 0.14802954
v 0.14285113 -0.36803606 0.16856679
v 0.15638827 -0.38590688 0.16508819
v 0.15032361 -0.34818679 0.16006297
v 0.12679112 -0.35075217 0.16226518
v 0.17507380 -0.35668698 0.15205322
v 0.16517025 -0.36827147 0.16329415
v 0.17380217 -0.39314955 0.15969080
v 0.11867359 -0.36983454 0.16854537
v 0.14631951 -0.32747045 0.14934987
v 0.13265187 -0.33834571 0.15062627
v 0.11535224 -0.34064388 0.15092114
v 0.13459611 -0.31597492 0.16474047
v 0.11711092 -0.32385486 0.16567552
v 0.13832262 -0.29896215 0.15665850
v 0.15550648 -0.31678325 0.15947962
v 0.16222399 -0.30348614 0.15278387
v 0.18657732 -0.37875360 0.15860550
v 0.17874151 -0.30666000 0.14500251
v 0.17599016 -0.32567772 0.14979783
v 0.21852508 -0.33745590 0.10703477
v 0.21098493 -0.32150543 0.10624472
v 0.21907717 -0.33036771 0.09075855
v 0.21434684 -0.31892043 0.08386041
v 0.20673922 -0.32753772 0.12681162
v 0.21652530 -0.34357244 0.12396908
v 0.19843966 -0.31381759 0.11533155
v 0.19824401 -0.29337144 0.11693388
v 0.19124064 -0.32819977 0.14144099
v 0.18543312 -0.29011133 0.12798344
v 0.19044796 -0.31092662 0.13137387
v 0.22045811 -0.36550486 0.11467196
v 0.22171593 -0.35350043 0.10541965
v 0.22302391 -0.34703279 0.08758878
v 0.22232918 -0.55541801 0.02201318
v 0.22074722 -0.55696940 0.00288642
v 0.21859860 -0.55758804 -0.01621074
v 0.21661589 -0.55722362 -0.03523946
v 0.21424754 -0.55641145 -0.05403667
v 0.21182594 -0.55558836 -0.07280755
v 0.20830542 -0.55488068 -0.09132329
v 0.19831392 -0.55388212 -0.10743742
v 0.18633741 -0.55364549 -0.12230989
v 0.17414886 -0.55371165 -0.13739230
v 0.16044748 -0.55385226 -0.15104321
v 0.14373256 -0.55439329 -0.16139276
v 0.12574652 -0.55386472 -0.16998304
v 0.10747773 -0.55237794 -0.17687172
v 0.08931578 -0.55005306 -0.18318698
v 0.07095053 -0.54808986 -0.18824463
v 0.05230584 -0.54639608 -0.19228639
v 0.03333750 -0.54525483 -0.19472948
v 0.01430576 -0.54454076 -0.19572811
v -0.00468535 -0.54401851 -0.19554980
v -0.00343903 -0.51287347 -0.17088534
v 0.00251315 -0.47851452 -0.14756230
v 0.00395957 -0.42871982 -0.11088682
v 0.00472379 -0.40666330 -0.10287877
v -0.00262188 -0.37294179 -0.09866178
v -0.00051662 -0.35311714 -0.10040716
v -0.00102520 -0.33414674 -0.10441508
v -0.00205917 -0.31643131 -0.10983280
v -0.00079026 -0.29872170 -0.11628069
v -0.00527075 -0.26285326 -0.13221431
v -0.00209169 -0.21707505 -0.12620437
v 0.00305687 -0.17332456 -0.11035986
v 0.00125602 -0.15163130 -0.10378080
v -0.00273104 -0.13557111 -0.10075875
v -0.00171872 -0.11788054 -0.09577969
v 0.00333346 -0.10018942 -0.09283880
v -0.01146842 -0.04783137 -0.08570169
v -0.00659094 -0.02472012 -0.08841211
v -0.00588754 -0.00585949 -0.09208139
v -0.00306004 0.06772070 -0.11300504
v -0.00278034 0.08738922 -0.11736714
v -0.00211170 0.12575610 -0.12451832
v -0.00215552 0.16441384 -0.10707988
v 0.00011062 0.18181710 -0.08765142
v 0.00919376 0.19850282 -0.09076241
v 0.02253912 0.21235435 -0.08979708
v 0.03648365 0.22664605 -0.08789822
v 0.04956971 0.24221820 -0.08288532
v 0.06042957 0.25897256 -0.07142079
v 0.12684137 0.25476268 -0.05136804
v 0.13166375 0.24080533 -0.06452729
v 0.13436960 0.22379597 -0.07584637
v 0.13564724 0.20377223 -0.08377964
v 0.13777752 0.18289912 -0.09040974
v 0.14019959 0.16061254 -0.09210533
v 0.14452472 0.13828333 -0.08846044
v 0.15106148 0.11702719 -0.07910760
v 0.15742196 0.10158408 -0.06185145
v 0.16457967 0.09344774 -0.03881279
v 0.16706787 0.09045350 -0.01699515
v 0.11672734 0.02768754 -0.07590990
v 0.07039966 0.16947651 -0.11475552
v 0.16372445 0.07781825 -0.02283835
v 0.13452984 0.09072220 -0.08640730
v 0.10659380 0.17765321 -0.10627192
v 0.09680275 0.25582647 -0.06622601
v 0.10602628 0.24021000 -0.07727414
v 0.06779689 0.23307215 -0.08791745
v 0.12933794 0.12389003 -0.09696567
v 0.12106054 0.16826651 -0.10015387
v 0.09256249 0.26640004 -0.05223283
v 0.10935592 0.26057988 -0.05276584
v 0.07850928 0.25951630 -0.06732645
v 0.12205074 0.23292425 -0.07583086
v 0.12055363 0.21123943 -0.08800181
v 0.06739982 0.24796797 -0.07927968
v 0.15931307 0.09142992 -0.05154916
v 0.12470790 0.14374925 -0.10052860
v 0.11537537 0.24881174 -0.06528474
v 0.07684221 0.26917410 -0.05535533
v 0.10430860 0.22359428 -0.08823397
v 0.11883926 0.18992402 -0.09498858
v 0.09192640 0.19333792 -0.10222738
v 0.10540661 0.20241474 -0.09684114
v 0.14934914 0.07373952 -0.06283450
v 0.12198243 0.10485147 -0.09891030
v 0.08826639 0.21718331 -0.09454122
v 0.08859795 0.17330198 -0.11271720
v 0.10206433 0.15485236 -0.11110692
v 0.07641628 0.07425572 -0.10902944
v 0.05977980 0.19966276 -0.09879908
v 0.10373896 0.07509783 -0.10164413
v 0.09285894 0.13856420 -0.11477134
v 0.10283729 0.10267967 -0.10783945
v 0.11215007 0.13547380 -0.10733449
v 0.11628915 0.08930962 -0.09881137
v 0.05514229 0.22193410 -0.09143703
v 0.07194750 0.11400414 -0.11843079
v 0.03890385 0.20271304 -0.09472901
v 0.07748686 0.15479925 -0.11956827
v 0.09130099 0.11968790 -0.11406106
v 0.07292464 0.13276938 -0.12047482
v 0.05734449 0.12212583 -0.12181864
v 0.22448978 -0.54062682 0.02631043
v 0.22441761 -0.53843009 0.00604538
v 0.20359802 -0.42895246 -0.08987072
v 0.13820294 -0.28855053 -0.10656825
v 0.05435485 -0.49081376 -0.14891279
v 0.01269742 -0.51982135 -0.17546228
v -0.00536966 -0.53303832 -0.18552217
v 0.02090044 -0.53355718 -0.18558767
v 0.16671441 0.07690878 0.02700024
v 0.01568796 0.17907707 -0.09544274
v 0.08703052 0.24139138 -0.08136154
v 0.15694502 0.07358866 -0.04496653
v 0.15829489 0.05721994 -0.02925112
v 0.12057770 0.07364451 -0.09172502
v 0.14176224 0.05596297 -0.06429891
v 0.13395961 0.07080631 -0.07981916
v 0.15038654 0.04975078 -0.04663370
v 0.13673830 0.03296688 -0.05986270
v 0.15274158 0.03262769 -0.03023727
v 0.15880582 0.03750912 -0.01384890
v 0.14477691 0.02775905 -0.04445167
v 0.14317726 0.01468540 -0.03614341
v 0.03823605 0.10590657 -0.12083016
v 0.05507185 0.10254622 -0.11901630
v 0.02029883 0.11892161 -0.12315134
v 0.06308547 0.08896406 -0.11521268
v 0.05094457 0.06885615 -0.11131955
v 0.03620248 0.08477257 -0.11621392
v 0.08495723 0.09622666 -0.11240827
v 0.09417235 0.05932246 -0.10001828
v 0.01518529 0.07440902 -0.11466937
v 0.03335253 0.06515601 -0.11180980
v 0.01805267 0.05629353 -0.10998853
v 0.04242492 0.18576074 -0.09925910
v 0.07310960 0.18648612 -0.10438806
v 0.05359365 0.16006087 -0.11524594
v 0.22283413 -0.54172194 -0.01197644
v 0.21759418 -0.47353387 -0.04248949
v 0.22259231 -0.51831138 -0.00970343
v 0.20602500 -0.38944519 -0.03576574
v 0.06892086 -0.28903961 -0.13256128
v 0.16640508 -0.21629407 -0.06139269
v 0.18102992 -0.28757927 -0.06330991
v 0.06402302 -0.16107243 -0.10344701
v 0.15368590 -0.10786741 -0.02555606
v 0.02395024 -0.48919803 -0.15128326
v 0.01729370 -0.50521505 -0.16451663
v 0.16259125 0.03477455 0.02035328
v 0.14749581 -0.00465635 -0.00855990
v 0.14107820 0.00103909 -0.03103992
v 0.16552359 0.05448740 0.01526874
v 0.15544020 0.02007515 0.00041756
v 0.16290821 0.04189531 0.00416606
v 0.01110459 0.15654550 -0.12688863
v 0.12780717 0.04120193 -0.07387872
v 0.12758903 0.05536453 -0.07999935
v 0.13019933 0.01816454 -0.05796403
v 0.00108746 0.10953855 -0.12136613
v 0.01830684 0.09635740 -0.11927199
v 0.01384741 0.13555086 -0.12676103
v 0.05585203 0.14240232 -0.12512641
v 0.03203372 0.14249110 -0.12736781
v 0.03413317 0.17509133 -0.11319125
v 0.04445747 0.02493451 -0.09947741
v 0.04259727 0.04710566 -0.10608971
v 0.06841156 0.05606551 -0.10533502
v 0.08623254 0.04279425 -0.09711999
v 0.02050952 0.03518970 -0.10427773
v 0.22872888 -0.50539815 0.01200602
v 0.22808158 -0.52354854 0.01484849
v 0.23084450 -0.48475555 0.01367955
v 0.21714857 -0.52290058 -0.07122882
v 0.22310759 -0.52636796 -0.03141071
v 0.21943955 -0.53305691 -0.05310450
v 0.21995880 -0.54433298 -0.03375917
v 0.21562926 -0.54014295 -0.06779791
v 0.22670358 -0.46925914 -0.00294191
v 0.20205604 -0.53078336 -0.10210209
v 0.02978226 -0.28688493 -0.12797436
v 0.06054652 -0.23459288 -0.12884925
v 0.07581616 -0.36396101 -0.11192879
v 0.18578987 -0.20914543 -0.02165300
v 0.19858092 -0.27290121 -0.01315268
v 0.02352694 -0.41655156 -0.10548139
v 0.14886567 -0.53646249 -0.15600130
v 0.08075138 -0.53367323 -0.17159611
v 0.06424887 -0.53663039 -0.17916939
v 0.01878749 -0.47288087 -0.14006263
v 0.00313202 -0.49501297 -0.15854917
v 0.04261331 -0.53480268 -0.18429209
v 0.15057717 -0.01536359 0.01773189
v 0.02202462 -0.09079141 -0.08592339
v 0.15498307 0.01746304 0.02428660
v 0.15106726 -0.00036841 0.02601544
v 0.15165634 0.00150047 0.00828715
v 0.13921583 -0.01810448 -0.02991172
v 0.10500060 -0.03120455 -0.06479865
v 0.12626670 -0.03292642 -0.04503349
v 0.09777414 -0.01008257 -0.07371530
v 0.09905667 0.01434828 -0.08050306
v 0.14432201 -0.02795365 -0.01613599
v 0.16621156 0.06822298 0.01559184
v 0.15072022 0.01641397 -0.01754959
v 0.11095437 0.04955479 -0.08946595
v 0.02496164 0.00155675 -0.09366057
v 0.00262782 0.02682897 -0.10227413
v 0.00034461 0.04620687 -0.10785659
v 0.21992940 -0.49178797 -0.06171701
v 0.22024977 -0.50400484 -0.02714258
v 0.22253875 -0.49465442 -0.00318278
v 0.21955365 -0.45172721 -0.02345871
v 0.21483748 -0.36762184 0.00527698
v 0.20406190 -0.33291626 -0.01011568
v 0.18910968 -0.53686136 -0.11623006
v 0.20997991 -0.51643914 -0.08826783
v 0.03409687 -0.32492062 -0.11261255
v 0.03858538 -0.25641781 -0.13209279
v 0.03139680 -0.21497825 -0.12514322
v 0.19423479 -0.22020555 -0.00036346
v 0.01998042 -0.16063961 -0.10617192
v 0.01757993 -0.13617541 -0.09966145
v 0.16437194 -0.10442552 0.01617470
v 0.15957677 -0.08578047 0.01675168
v 0.18024044 -0.15360844 0.01227831
v 0.00294173 -0.46153665 -0.13534419
v 0.00517104 -0.44542956 -0.12275146
v 0.13113244 -0.52596021 -0.15549494
v 0.16540191 -0.53297728 -0.14646611
v 0.11297873 -0.53612989 -0.16370745
v 0.05012108 -0.52215374 -0.17377472
v 0.03395204 -0.51788062 -0.17200172
v 0.03699666 -0.49986878 -0.15828553
v 0.05245433 -0.50625283 -0.16149461
v 0.03529886 -0.47876367 -0.14271373
v 0.02309139 -0.46085966 -0.13003926
v 0.05263062 -0.47373065 -0.13674036
v 0.00196348 -0.08402132 -0.08846372
v 0.01772733 -0.11112669 -0.09308964
v 0.00341461 -0.06153009 -0.08481612
v 0.01068753 -0.03945110 -0.08601102
v 0.01994876 -0.07444160 -0.08432247
v 0.11426009 0.00657521 -0.06749211
v 0.11693460 -0.01511189 -0.05960942
v 0.08873254 -0.03218305 -0.07408400
v 0.05541331 -0.00345542 -0.08930448
v 0.04472128 0.00928555 -0.09428351
v 0.05147066 -0.02799644 -0.08544990
v 0.09966064 0.03294203 -0.08850694
v 0.13860162 -0.07670916 -0.03648653
v 0.00093100 0.00899545 -0.09615105
v 0.02342679 0.01626230 -0.09822728
v 0.22717585 -0.45058933 0.02768947
v 0.21444617 -0.43012112 0.00107539
v 0.22161846 -0.51080692 -0.05239354
v 0.21678098 -0.50290436 -0.07524470
v 0.22059849 -0.49042863 -0.04277139
v 0.21767433 -0.48047125 -0.02452712
v 0.21033888 -0.32641342 0.00589764
v 0.21234268 -0.53831923 -0.08397223
v 0.18549642 -0.49316743 -0.12597215
v 0.02297205 -0.27031159 -0.13161138
v 0.02136616 -0.24663985 -0.13116239
v 0.01004820 -0.26022163 -0.13279638
v 0.01301389 -0.20256254 -0.12226707
v 0.01720759 -0.22393322 -0.12701917
v 0.00491502 -0.18945906 -0.11715797
v 0.02605460 -0.19414252 -0.11936949
v 0.19809198 -0.21695644 0.01931126
v 0.19731459 -0.23731200 0.00942515
v 0.19305718 -0.19852117 0.01352817
v 0.20374784 -0.27196005 0.01168944
v 0.20998135 -0.29265243 0.00965626
v 0.17040589 -0.12226528 0.01782337
v 0.17594881 -0.13852742 0.02018514
v 0.17206363 -0.13546643 -0.00029763
v 0.17631154 -0.15465423 -0.01111100
v 0.16817267 -0.13891597 -0.01795801
v 0.14947812 -0.08516878 -0.02139677
v 0.14248991 -0.10047896 -0.03947917
v 0.14201289 -0.06184937 -0.02064472
v 0.15067089 -0.05941179 -0.00062760
v 0.13038120 -0.05302770 -0.03880406
v 0.15714152 -0.09388381 -0.00542375
v 0.15324043 -0.07428254 -0.00130600
v 0.15018584 -0.04244941 0.01609357
v 0.02893245 -0.44112062 -0.11684752
v 0.04271363 -0.46012446 -0.12737542
v 0.01231736 -0.38357592 -0.09983252
v 0.02375848 -0.39435560 -0.10170794
v 0.13317391 -0.54358906 -0.16261292
v 0.17899489 -0.53895688 -0.12994628
v 0.17879190 -0.52096748 -0.13246956
v 0.08161233 -0.45678821 -0.12044493
v 0.08524880 -0.49132711 -0.13805357
v 0.07188991 -0.50364834 -0.15150075
v 0.14553405 -0.04317574 -0.00962676
v 0.14927568 -0.02670611 0.00328762
v 0.03556560 -0.12649608 -0.09559941
v 0.03719722 -0.07989111 -0.08633623
v 0.12896670 -0.01553198 -0.04671800
v 0.07853209 0.00113764 -0.08516464
v 0.07529116 -0.01640859 -0.08174484
v 0.06612268 0.01626588 -0.09298603
v 0.06667873 0.03672969 -0.09972043
v 0.08407818 0.02211766 -0.09027064
v 0.04936906 -0.05112962 -0.08441029
v 0.03120374 -0.03200728 -0.08642127
v 0.07210940 -0.04042562 -0.07996234
v 0.05219539 -0.07070452 -0.08295518
v 0.07276206 -0.05750227 -0.08071978
v 0.22976413 -0.46811795 0.01334441
v 0.22029887 -0.44717297 0.00457757
v 0.21323088 -0.41486257 0.01111227
v 0.21961515 -0.43284187 0.02308064
v 0.20859544 -0.49581864 -0.08957431
v 0.20723085 -0.47827625 -0.09282133
v 0.21561843 -0.48044816 -0.07789116
v 0.21570779 -0.38225469 0.00858968
v 0.20927048 -0.40093890 0.00047890
v 0.01208036 -0.32537100 -0.10834225
v 0.02066747 -0.34075496 -0.10470815
v 0.01559302 -0.36342075 -0.10028048
v 0.04006659 -0.23318312 -0.12892540
v 0.05576364 -0.24879119 -0.13126270
v 0.07365169 -0.26081470 -0.13085623
v 0.04415950 -0.27256826 -0.13222067
v 0.05734156 -0.27045435 -0.13274100
v 0.00480284 -0.27943224 -0.12480848
v 0.05850756 -0.21167891 -0.12303297
v 0.05105368 -0.22256353 -0.12639262
v 0.18820526 -0.24592257 -0.02760731
v 0.18744360 -0.22754757 -0.02306887
v 0.19376788 -0.24432498 -0.00686046
v 0.17854010 -0.22480436 -0.04164100
v 0.18164374 -0.18854713 -0.02490967
v 0.18300489 -0.17496726 -0.01145761
v 0.17490855 -0.19999240 -0.04365356
v 0.18978706 -0.19776358 -0.00429166
v 0.16246900 -0.19296078 -0.06111290
v 0.17716792 -0.17105141 -0.02571884
v 0.20455575 -0.30840227 -0.00775240
v 0.20574993 -0.28839767 -0.00567970
v 0.21117680 -0.31060371 0.00991804
v 0.16069523 -0.14043206 -0.03506402
v 0.13692617 -0.03972367 -0.02762662
v 0.11898012 -0.05179580 -0.05217045
v 0.04042637 -0.40373689 -0.10340783
v 0.18919361 -0.51490444 -0.11788759
v 0.06726115 -0.52152687 -0.16742516
v 0.11032712 -0.51634485 -0.14753893
v 0.13391782 -0.50514936 -0.14680162
v 0.16083772 -0.50944483 -0.14575282
v 0.16872351 -0.48947856 -0.13632816
v 0.18854506 -0.47190857 -0.12000124
v 0.19844677 -0.48874441 -0.10902312
v 0.20018438 -0.46720022 -0.10536858
v 0.18965057 -0.44936284 -0.11446986
v 0.20141985 -0.44497341 -0.09929314
v 0.06799967 -0.46697253 -0.12649740
v 0.11378687 -0.47731316 -0.13875192
v 0.10394882 -0.49322218 -0.13628140
v 0.10259160 -0.45634902 -0.13385952
v 0.09071130 -0.47742805 -0.12821686
v 0.11895195 -0.49348646 -0.14314371
v 0.12393158 -0.46063209 -0.13220410
v 0.09096178 -0.50701946 -0.14637658
v 0.03790588 -0.10604406 -0.08780497
v 0.02857138 -0.05787499 -0.08411442
v 0.10640929 -0.08877460 -0.07247297
v 0.21947673 -0.47419220 -0.05818586
v 0.20110549 -0.37861004 -0.02515472
v 0.20651163 -0.35820433 -0.01580305
v 0.21004376 -0.34879452 0.00561806
v 0.01922170 -0.29554853 -0.12161835
v 0.01891825 -0.31171551 -0.11482614
v 0.04744684 -0.33802971 -0.10918991
v 0.03546295 -0.36021033 -0.10224809
v 0.02654563 -0.37408373 -0.10079496
v 0.02444439 -0.17884107 -0.11223316
v 0.04474290 -0.16482785 -0.10604131
v 0.03607346 -0.14690730 -0.10145690
v 0.04235992 -0.20307772 -0.12161827
v 0.06034723 -0.19272338 -0.11632495
v 0.19136822 -0.26063713 -0.00779897
v 0.18856110 -0.18172269 0.01002942
v 0.18403012 -0.16750669 0.00582442
v 0.15190332 -0.17361066 -0.06603645
v 0.16962102 -0.15834890 -0.03275199
v 0.16024518 -0.15687604 -0.04746858
v 0.15973343 -0.12550208 -0.02618020
v 0.11600284 -0.03378228 -0.05586917
v 0.09165269 -0.04812962 -0.07229659
v 0.08897675 -0.07515269 -0.07738729
v 0.10525826 -0.05266543 -0.06377317
v 0.09620735 -0.06600863 -0.07292728
v 0.04063757 -0.37956208 -0.10163898
v 0.05280703 -0.39206460 -0.10540894
v 0.03805719 -0.41998553 -0.10707392
v 0.07871041 -0.42411396 -0.12206304
v 0.08955712 -0.43944284 -0.12846757
v 0.06831875 -0.44458950 -0.11436944
v 0.06544770 -0.42699295 -0.11124572
v 0.06759156 -0.40918803 -0.11262736
v 0.08429488 -0.40062410 -0.12206566
v 0.14436011 -0.39959830 -0.12069689
v 0.10181237 -0.42045975 -0.12366959
v 0.10677517 -0.40301019 -0.11448982
v 0.17673303 -0.50538111 -0.13494672
v 0.19089667 -0.42835933 -0.10825305
v 0.21682388 -0.45645547 -0.06982531
v 0.07122183 -0.48523504 -0.13751885
v 0.17329901 -0.45703745 -0.12428375
v 0.17054158 -0.43658859 -0.11883274
v 0.13225572 -0.48529303 -0.13644601
v 0.21516943 -0.43574166 -0.03922014
v 0.20567159 -0.38071519 -0.01040090
v 0.19138533 -0.35271785 -0.07907352
v 0.19739962 -0.33135894 -0.05246971
v 0.05089176 -0.35892960 -0.10520691
v 0.06576394 -0.34686026 -0.11159430
v 0.05902227 -0.37047881 -0.10793470
v 0.04392838 -0.18425560 -0.11409193
v 0.15276772 -0.13926455 -0.04652637
v 0.05270798 -0.41191146 -0.10642539
v 0.06755780 -0.38622516 -0.11553912
v 0.11380827 -0.43791208 -0.12173917
v 0.20484369 -0.39748114 -0.07542965
v 0.19354731 -0.41236094 -0.09136434
v 0.16773592 -0.39120266 -0.10803914
v 0.15856157 -0.40542281 -0.11795360
v 0.18034941 -0.39738894 -0.09881865
v 0.14361021 -0.41789562 -0.11431199
v 0.21195999 -0.43930155 -0.07809699
v 0.15090947 -0.49100235 -0.13724320
v 0.14175245 -0.46528721 -0.13052975
v 0.14899249 -0.44929123 -0.12056331
v 0.15716131 -0.47014049 -0.13062644
v 0.17259870 -0.47393289 -0.13037705
v 0.07257018 -0.08199245 -0.08018386
v 0.09062089 -0.09617625 -0.07792643
v 0.21565337 -0.46038693 -0.03551876
v 0.21610348 -0.45317993 -0.04942062
v 0.21519037 -0.41811121 -0.03118254
v 0.19678158 -0.37044790 -0.04652220
v 0.20185375 -0.35743710 -0.03478574
v 0.05053851 -0.28887710 -0.12835868
v 0.05045716 -0.31933621 -0.11837400
v 0.10753267 -0.32867846 -0.12174878
v 0.14582881 -0.15420398 -0.06337127
v 0.13577917 -0.13414687 -0.06279488
v 0.13654932 -0.16580525 -0.07753967
v 0.10456762 -0.10647229 -0.07670200
v 0.11746719 -0.13419859 -0.07588457
v 0.09759394 -0.12588587 -0.08253880
v 0.09345532 -0.14278711 -0.09177570
v 0.13200615 -0.11228259 -0.05779590
v 0.11965820 -0.09926131 -0.06525734
v 0.08730273 -0.11247729 -0.08419137
v 0.11599061 -0.07573532 -0.06031502
v 0.07657884 -0.12568536 -0.09171042
v 0.12762317 -0.06978284 -0.04811017
v 0.14746189 -0.12290961 -0.04427284
v 0.12437832 -0.42276794 -0.11364463
v 0.12862763 -0.40314353 -0.12224143
v 0.13504297 -0.38273785 -0.12133634
v 0.11382797 -0.38424113 -0.12696119
v 0.09577256 -0.34348962 -0.13095200
v 0.20981923 -0.41861507 -0.07753159
v 0.14249955 -0.43523693 -0.11499155
v 0.15716028 -0.42729518 -0.11356799
v 0.05121002 -0.12317711 -0.09122896
v 0.05140683 -0.14316808 -0.09874775
v 0.06726122 -0.13971035 -0.09446229
v 0.07296675 -0.10225352 -0.08690648
v 0.21446523 -0.43467245 -0.01732707
v 0.21593665 -0.42070156 -0.05429593
v 0.20626153 -0.39896527 -0.02153020
v 0.21325833 -0.40468025 -0.04103740
v 0.21315379 -0.41629341 -0.01270375
v 0.21004701 -0.38919669 -0.05203683
v 0.20027813 -0.34536016 -0.04473767
v 0.19002326 -0.35381281 -0.06248029
v 0.18379150 -0.33395591 -0.07164772
v 0.19176744 -0.38797531 -0.08071993
v 0.18307881 -0.36251599 -0.08912932
v 0.20138010 -0.34234864 -0.02698502
v 0.06181960 -0.30772913 -0.12634881
v 0.12832260 -0.15110806 -0.07679894
v 0.15194693 -0.38481849 -0.11386801
v 0.16457687 -0.37805712 -0.09543615
v 0.14428914 -0.36950874 -0.10486620
v 0.14434831 -0.32415608 -0.10644798
v 0.14538363 -0.34639853 -0.10300124
v 0.21231237 -0.40655082 -0.06104435
v 0.18857016 -0.31440586 -0.06777114
v 0.20303354 -0.37226316 -0.06818902
v 0.19836640 -0.32370046 -0.02815966
v 0.06697451 -0.32876194 -0.11771956
v 0.08337063 -0.33748564 -0.12549953
v 0.09179304 -0.36285055 -0.11792751
v 0.10298759 -0.36723405 -0.12854332
v 0.08447792 -0.37789804 -0.11475068
v 0.09797197 -0.38168514 -0.11523412
v 0.12550288 -0.36860132 -0.11886582
v 0.17876481 -0.34124956 -0.09242673
v 0.16491565 -0.35659680 -0.09547963
v 0.13145645 -0.35472360 -0.10828390
v 0.19672763 -0.30059674 -0.03960185
v 0.08254503 -0.30252558 -0.13252720
v 0.10428884 -0.27531621 -0.12221715
v 0.09674661 -0.29362997 -0.12686494
v 0.16292728 -0.33545551 -0.10005227
v 0.17812471 -0.29618147 -0.07756207
v 0.11382139 -0.34996924 -0.11766194
v 0.12792096 -0.33450946 -0.11021301
v 0.13531099 -0.30981013 -0.10780003
v 0.11873718 -0.29172879 -0.11416827
v 0.15729773 -0.31256068 -0.10121097
v 0.14047147 -0.23413245 -0.09676360
v 0.12518610 -0.26959446 -0.11036280
v 0.15426275 -0.22454290 -0.08148231
v 0.15348554 -0.20898081 -0.07698598
v 0.08082134 -0.24223593 -0.12656160
v 0.17379776 -0.31846550 -0.08986282
v 0.14827992 -0.27057585 -0.09873044
v 0.13816246 -0.25281861 -0.10250551
v 0.15471584 -0.25186035 -0.08904308
v 0.16026451 -0.23578593 -0.07956748
v 0.16931885 -0.23560061 -0.06050449
v 0.17137934 -0.25155431 -0.07212704
v 0.11062657 -0.22022545 -0.11158779
v 0.09278409 -0.22528200 -0.11969998
v 0.13871063 -0.21196365 -0.09209759
v 0.12377347 -0.21481332 -0.10342664
v 0.14523576 -0.19487296 -0.08073866
v 0.09620564 -0.18621778 -0.10686538
v 0.13388583 -0.18091229 -0.08524304
v 0.10822212 -0.19884849 -0.10668067
v 0.09843482 -0.16210574 -0.09657153
v 0.11356209 -0.18298912 -0.09857696
v 0.12508897 -0.19550693 -0.09653015
v 0.10270530 -0.17489840 -0.10035005
v 0.11850026 -0.16557127 -0.08906635
v 0.16485788 -0.29733729 -0.09269594
v 0.15169725 -0.29906580 -0.10150861
v 0.15417582 -0.28511044 -0.09805481
v 0.17814103 -0.25011924 -0.04897909
v 0.18674661 -0.26218858 -0.03321656
v 0.18323889 -0.26802039 -0.05968572
v 0.16689900 -0.27433771 -0.08179697
v 0.12391899 -0.24673210 -0.11015010
v 0.09885090 -0.23845010 -0.12066752
v 0.08459554 -0.17336069 -0.10455148
v 0.07859468 -0.18876298 -0.11219428
v 0.09295184 -0.20398971 -0.11388742
v 0.07718761 -0.20682277 -0.11880972
v 0.06170859 -0.17649414 -0.10941061
v 0.07517208 -0.22448005 -0.12403850
v 0.01218546 -0.00936074 -0.09054070
v 0.03515538 -0.01233825 -0.08978912
v 0.16936879 -0.17638117 -0.04400101
v 0.12966897 -0.09020600 -0.05201010
v 0.19943404 -0.28168517 -0.02525871
v 0.19414276 -0.28091887 -0.04280144
v -0.21912961 -0.55153018 0.02516024
v -0.22009385 -0.55315357 0.00647436
v -0.22057180 -0.55417353 -0.01230747
v -0.22129120 -0.55495197 -0.03087876
v -0.21988949 -0.55521750 -0.04930886
v -0.21305205 -0.55467904 -0.06628238
v -0.20655547 -0.55407214 -0.08374110
v -0.20121945 -0.55390525 -0.10163379
v -0.19314337 -0.55364120 -0.11871807
v -0.18263958 -0.55388010 -0.13489345
v -0.16829211 -0.55333126 -0.14797603
v -0.15138620 -0.55221701 -0.15723431
v -0.13454276 -0.54999590 -0.16703717
v -0.11701537 -0.54841763 -0.17499438
v -0.09888934 -0.54784250 -0.18065254
v -0.08054123 -0.54712790 -0.18541102
v -0.06202252 -0.54621851 -0.18956262
v -0.04325560 -0.54502732 -0.19307457
v -0.02396706 -0.54420531 -0.19508582
v -0.00745881 0.19839165 -0.09175570
v -0.02021430 0.21282728 -0.08942466
v -0.03397075 0.22800884 -0.08681227
v -0.04729543 0.24353361 -0.08049992
v -0.05805178 0.26026410 -0.06708965
v -0.12440602 0.25259268 -0.04693966
v -0.12927853 0.24050799 -0.06185758
v -0.13222165 0.22474389 -0.07458155
v -0.13487464 0.20586352 -0.08405253
v -0.13876165 0.18594223 -0.09274833
v -0.14293332 0.16357757 -0.09482972
v -0.14834361 0.14060003 -0.09051786
v -0.15593207 0.11918081 -0.07965931
v -0.16439915 0.10226397 -0.06127582
v -0.17011057 0.09377693 -0.03585152
v -0.09737080 0.25075108 -0.06620316
v -0.12407338 0.02804479 -0.07550245
v -0.11098044 0.18203214 -0.10348675
v -0.09079493 0.26217744 -0.05173576
v -0.03575918 0.21025074 -0.09251951
v -0.14275111 0.09188758 -0.08315311
v -0.12585524 0.17526667 -0.09874637
v -0.11351976 0.24857566 -0.06083423
v -0.11908886 0.21752380 -0.08483031
v -0.06348649 0.24283777 -0.08044614
v -0.16616093 0.07366695 0.01642635
v -0.13264591 0.12999000 -0.09784752
v -0.10827430 0.25866219 -0.04718143
v -0.07444201 0.26786253 -0.05069879
v -0.16627616 0.09218033 -0.04979336
v -0.04444095 0.19955553 -0.09758787
v -0.02186445 0.18979177 -0.09481104
v -0.14281738 0.11798371 -0.08910450
v -0.13151473 0.15188360 -0.09920442
v -0.15477289 0.10335837 -0.07409467
v -0.02815921 -0.53486490 -0.18611583
v -0.02608562 -0.52183652 -0.17618361
v -0.12210475 -0.43460435 -0.11162404
v -0.14781034 -0.29554966 -0.10890511
v -0.20797609 -0.44840777 -0.06173366
v -0.22459278 -0.53730983 0.03086594
v -0.07469881 -0.03721733 -0.08319563
v -0.15375322 0.01182182 -0.00486935
v -0.12353405 0.19673796 -0.09226757
v -0.05422876 0.22143063 -0.09140632
v -0.16453578 0.05071768 0.01355684
v -0.16119252 0.03382970 0.01471625
v -0.16234602 0.04044064 -0.00792078
v -0.02743604 0.17093761 -0.11656976
v -0.15054947 0.07137734 -0.06669582
v -0.11347110 0.14209691 -0.10844088
v -0.10988440 0.16255133 -0.10800163
v -0.08628283 0.17152151 -0.11284415
v -0.06412322 0.14308491 -0.12130138
v -0.08868048 0.14703304 -0.11647790
v -0.06701995 0.16231093 -0.11664617
v -0.07929240 0.12600981 -0.11934158
v -0.10086646 0.12356700 -0.11362550
v -0.04792058 0.16366240 -0.12235412
v -0.08924726 0.10592880 -0.11533266
v -0.12859209 0.10511599 -0.09810253
v -0.04738717 -0.53373969 -0.18204376
v -0.07583904 -0.40574405 -0.10346352
v -0.19134326 -0.27759689 -0.04786693
v -0.07787586 -0.31062129 -0.12530361
v -0.07832281 -0.10045682 -0.08820850
v -0.21149951 -0.38122240 -0.03779732
v -0.23406659 -0.50511140 0.01487329
v -0.22529320 -0.54328442 -0.02986767
v -0.23095940 -0.52227044 -0.02238224
v -0.23217471 -0.51827770 -0.00017944
v -0.22976694 -0.50796866 -0.03257519
v -0.22686802 -0.53830588 -0.00521041
v -0.03543342 0.03410762 -0.10453425
v -0.04417018 -0.00085925 -0.09424844
v -0.15300313 -0.01913500 0.00368073
v -0.02007091 0.09815333 -0.11956815
v -0.06176999 0.19730172 -0.10140350
v -0.08706758 0.21912108 -0.09278938
v -0.10208809 0.22662848 -0.08529306
v -0.11085999 0.23681474 -0.07512572
v -0.10407244 0.20493190 -0.09589159
v -0.08389600 0.19752084 -0.10246981
v -0.16593602 0.06139231 -0.00295018
v -0.16318572 0.05826344 -0.02494687
v -0.15436436 0.01764970 0.02614450
v -0.15988947 0.03509577 0.03247281
v -0.14838958 0.02378603 -0.04078873
v -0.15757981 0.02189413 0.00524584
v -0.15633923 0.02621276 -0.01975189
v -0.15212330 -0.00012806 0.01120021
v -0.15542312 0.05468955 -0.04813849
v -0.14892055 0.01138116 -0.02678109
v -0.01598661 0.17250870 -0.09766261
v -0.03640421 0.17750949 -0.10184794
v -0.12014735 0.12082703 -0.10509292
v -0.02522710 -0.49070239 -0.15390851
v -0.01760086 -0.50501299 -0.16449025
v -0.03376614 -0.42393333 -0.11011080
v -0.19917454 -0.51549208 -0.11760654
v -0.17459249 -0.13530315 0.01251899
v -0.06028181 -0.15994544 -0.10204926
v -0.23050508 -0.52067709 0.02492259
v -0.23139842 -0.49397027 0.03475673
v -0.02327717 0.12996392 -0.12467223
v -0.04540457 0.13747291 -0.12411436
v -0.01797433 0.04032987 -0.10655562
v -0.02811080 -0.03684211 -0.08736452
v -0.15105678 -0.02174045 0.03031727
v -0.05382973 0.18475568 -0.11208950
v -0.07299675 0.21084504 -0.09725437
v -0.07306808 0.22707833 -0.08994839
v -0.08364081 0.23980527 -0.08044350
v -0.09479805 0.18432370 -0.10711902
v -0.07140170 0.18421702 -0.10975559
v -0.15083691 -0.00481771 -0.01186635
v -0.14965913 -0.00132596 0.03048664
v -0.06609987 -0.49939960 -0.15539016
v -0.02592376 -0.37971649 -0.09798034
v -0.04344691 -0.45546925 -0.12729482
v -0.10609744 -0.53543222 -0.16765231
v -0.12180491 -0.53345740 -0.15995151
v -0.20008288 -0.23728894 -0.00779258
v -0.19264896 -0.19613855 0.00328848
v -0.02407462 -0.23401342 -0.12800187
v -0.05479069 -0.19920017 -0.11828543
v -0.17852655 -0.14632384 0.02798937
v -0.15906605 -0.08685076 0.01506262
v -0.03566726 -0.15349001 -0.10263826
v -0.20906989 -0.53579676 -0.07601018
v -0.22563201 -0.53049606 -0.04298963
v -0.23353963 -0.46465403 0.01607289
v -0.21599834 -0.38325694 0.01404844
v -0.22423790 -0.38942662 -0.00425581
v -0.20658726 -0.33074734 -0.00325464
v -0.00841009 0.14253366 -0.12680098
v -0.01774467 0.11592801 -0.12243807
v -0.07942829 0.08291786 -0.11327638
v -0.05967159 0.12510735 -0.12140327
v -0.06580909 0.10366103 -0.11853562
v -0.01926655 0.02179305 -0.10095572
v -0.02339355 0.00377438 -0.09536894
v -0.05263206 0.03273792 -0.10343540
v -0.01975368 0.05906096 -0.11118090
v -0.05867955 0.05786941 -0.10951710
v -0.02296274 0.07839812 -0.11548281
v -0.15243843 -0.01433254 0.01827482
v -0.15301344 -0.03816675 0.01698902
v -0.13893467 0.00711715 -0.04642152
v -0.03319827 -0.34050041 -0.10367447
v -0.02873432 -0.40368077 -0.10169270
v -0.13696998 -0.52196914 -0.14388463
v -0.08575448 -0.53359127 -0.17290589
v -0.19818890 -0.53610468 -0.11436319
v -0.17327453 -0.52854908 -0.13699509
v -0.18623342 -0.54185140 -0.13388605
v -0.20930353 -0.29337406 0.01154099
v -0.20527534 -0.23885182 0.01576006
v -0.19359434 -0.19738077 0.01992056
v -0.18407568 -0.16342133 0.01910088
v -0.18798956 -0.17669567 0.01925898
v -0.00270468 -0.23908448 -0.12857892
v -0.01957914 -0.25159079 -0.13114038
v -0.01980995 -0.21686962 -0.12589251
v -0.01642343 -0.29097611 -0.12211835
v -0.16909194 -0.12143203 0.02512885
v -0.16396666 -0.10231462 0.02872775
v -0.15761150 -0.08176657 0.03091594
v -0.16434230 -0.10491961 0.00872978
v -0.01091221 -0.10770995 -0.09553604
v -0.01861440 -0.12616909 -0.09926938
v -0.01353494 -0.09318977 -0.09414514
v -0.01766129 -0.14517978 -0.10211965
v -0.03036455 -0.13598089 -0.10127737
v -0.01716157 -0.16429204 -0.10709897
v -0.21750306 -0.53807908 -0.05861060
v -0.21205212 -0.51903498 -0.06527141
v -0.22070356 -0.51497495 -0.04913428
v -0.20454551 -0.53875142 -0.09490131
v -0.21077254 -0.50151098 -0.08367679
v -0.21345222 -0.48316821 -0.07693411
v -0.23197474 -0.44132149 0.00004354
v -0.21167877 -0.36556065 0.01452302
v -0.21621004 -0.35175619 -0.00206217
v -0.22084536 -0.37244579 -0.00361038
v -0.20637159 -0.36155018 -0.04357587
v -0.21508555 -0.36235559 -0.02310709
v -0.20509586 -0.34312022 -0.03814773
v -0.21056895 -0.34429297 -0.02107511
v -0.17998038 -0.31461108 -0.06691626
v -0.19550399 -0.31633949 -0.03924632
v -0.19894680 -0.33150771 -0.02825186
v -0.22882491 -0.42644566 0.01800271
v -0.22323915 -0.40569657 0.01616632
v -0.23356713 -0.46303836 -0.00674020
v -0.23288015 -0.48800504 -0.02150579
v -0.23492467 -0.48366535 0.01339830
v -0.23480003 -0.49760559 -0.00530464
v -0.23331112 -0.50635564 -0.01710085
v -0.02614791 -0.01511502 -0.09092942
v -0.03881697 0.01440139 -0.09883641
v -0.03723472 0.05108336 -0.10914158
v -0.08054031 0.06225739 -0.10785563
v -0.04070898 0.06956780 -0.11333954
v -0.04457702 0.09192806 -0.11809227
v -0.15165889 -0.04118630 0.03355793
v -0.13647144 0.02136455 -0.05915697
v -0.14709927 0.03777477 -0.05414853
v -0.13573390 0.03537830 -0.06878060
v -0.03514589 -0.50493568 -0.16308424
v -0.04610430 -0.51924360 -0.17146271
v -0.05681001 -0.50921667 -0.16301206
v -0.06513586 -0.52976453 -0.17512688
v -0.07509813 -0.51879597 -0.16564482
v -0.01239973 -0.34471229 -0.10166973
v -0.01685726 -0.36242899 -0.09877351
v -0.04962790 -0.40395752 -0.10377014
v -0.00866765 -0.39435235 -0.09986849
v -0.05083046 -0.43736592 -0.11779241
v -0.01404337 -0.43772852 -0.11678342
v -0.01471792 -0.45480806 -0.12916493
v -0.01827868 -0.47138315 -0.14136662
v -0.02986302 -0.44524622 -0.12146035
v -0.15337284 -0.53460562 -0.14621654
v -0.09580621 -0.52020240 -0.15968855
v -0.09849264 -0.50294852 -0.15011548
v -0.20347892 -0.52273750 -0.10530865
v -0.18413591 -0.50555587 -0.12958694
v -0.19960734 -0.27742290 -0.00136668
v -0.21222124 -0.31024823 0.00047407
v -0.21500656 -0.31555566 0.01634629
v -0.19054048 -0.22511211 -0.01660149
v -0.19220567 -0.21833430 0.00995731
v -0.18228599 -0.24849734 -0.05026374
v -0.19340634 -0.23831499 -0.03221180
v -0.20638049 -0.25480428 0.00460917
v -0.18647011 -0.20065965 -0.02521964
v -0.01778520 -0.27436435 -0.12904558
v -0.03890955 -0.24301630 -0.13041566
v -0.07317294 -0.26693687 -0.13062441
v -0.05491475 -0.25158477 -0.13121018
v -0.07362510 -0.24443184 -0.12808621
v -0.04600994 -0.26576483 -0.13151382
v -0.05051356 -0.23070139 -0.12712653
v -0.03076607 -0.20156787 -0.12076914
v -0.01987760 -0.18473227 -0.11488763
v -0.08179148 -0.22380188 -0.12160320
v -0.01938138 -0.32624191 -0.10825896
v -0.15503900 -0.08666451 -0.00608808
v -0.16764249 -0.12356077 -0.00178260
v -0.02688869 -0.11256776 -0.09834340
v -0.03893797 -0.10199282 -0.09482642
v -0.03637141 -0.08219460 -0.09310047
v -0.05193959 -0.14159958 -0.09950039
v -0.05909055 -0.10890763 -0.09332400
v -0.20750464 -0.52291894 -0.08758122
v -0.20537084 -0.50687450 -0.09847414
v -0.19970834 -0.49702987 -0.11506476
v -0.19236037 -0.48439571 -0.12065895
v -0.23214389 -0.44772077 0.01458926
v -0.19016896 -0.35556048 -0.08104480
v -0.20030351 -0.34574753 -0.05687774
v -0.22984029 -0.42094266 0.00229590
v -0.23508829 -0.47851107 -0.00625487
v -0.22228806 -0.46732578 -0.04154163
v -0.21650220 -0.48119077 -0.05611198
v -0.04094889 -0.02879515 -0.08868252
v -0.06891291 0.04650512 -0.10517465
v -0.15431795 -0.06199237 0.02991054
v -0.08590341 0.01798308 -0.09179363
v -0.10743678 -0.00442377 -0.07545392
v -0.13183776 -0.00916150 -0.05220100
v -0.05082182 -0.48869550 -0.15083551
v -0.03469113 -0.48201761 -0.14646834
v -0.04926789 -0.36990657 -0.09783102
v -0.03283488 -0.35801330 -0.09893170
v -0.01480325 -0.41577697 -0.10586053
v -0.03111370 -0.46368080 -0.13436444
v -0.14150363 -0.50139296 -0.13018991
v -0.16248353 -0.51220429 -0.13004412
v -0.15783840 -0.49637914 -0.12276339
v -0.15905674 -0.47445303 -0.12458505
v -0.14226510 -0.47892922 -0.11779883
v -0.12141920 -0.50217539 -0.13855645
v -0.12505974 -0.48345962 -0.12598974
v -0.18886232 -0.52433813 -0.13084668
v -0.18002300 -0.15106642 0.00802116
v -0.17338239 -0.14315566 -0.00901633
v -0.17627327 -0.16396470 -0.02337029
v -0.02666714 -0.26359880 -0.13202806
v -0.03681730 -0.28410977 -0.12785605
v -0.04183336 -0.21538928 -0.12420952
v -0.16217491 -0.12347041 -0.02138851
v -0.15878673 -0.10537488 -0.01487445
v -0.01654922 -0.07107624 -0.08729100
v -0.03350719 -0.05896305 -0.08651607
v -0.03922824 -0.17178872 -0.10919172
v -0.04093474 -0.18610421 -0.11481375
v -0.05922248 -0.08761711 -0.08687067
v -0.05255016 -0.07061382 -0.08950371
v -0.04629117 -0.12184674 -0.09844763
v -0.06244439 -0.12841254 -0.09750443
v -0.20652050 -0.29508603 -0.01203632
v -0.20678368 -0.31486866 -0.01787267
v -0.18777575 -0.32385957 -0.05394904
v -0.23000470 -0.47213650 -0.02635420
v -0.22212385 -0.49152264 -0.03968263
v -0.21273565 -0.46419305 -0.06015795
v -0.20872450 -0.45821270 -0.07828145
v -0.20500258 -0.47246420 -0.09262760
v -0.20529021 -0.48619583 -0.10081945
v -0.20291188 -0.45116067 -0.09613244
v -0.18158320 -0.44711709 -0.11988826
v -0.19388178 -0.43986875 -0.10632233
v -0.17716879 -0.46389392 -0.12477906
v -0.19556576 -0.46140122 -0.11085676
v -0.06096168 -0.02996452 -0.08717051
v -0.05348650 -0.04602614 -0.08596721
v -0.06955013 -0.05560358 -0.08451948
v -0.05000156 -0.01582894 -0.09050020
v -0.15580696 -0.07269878 0.01099260
v -0.15164275 -0.05768388 0.00822751
v -0.10870615 0.01820936 -0.08157601
v -0.09160260 -0.00139676 -0.08412281
v -0.07220333 0.02664378 -0.09883260
v -0.06055654 0.01408334 -0.09669109
v -0.07319424 -0.01701874 -0.08651096
v -0.09578732 -0.02250293 -0.07721226
v -0.12323354 0.00597036 -0.06566790
v -0.11634033 -0.01919540 -0.06597690
v -0.10923281 -0.03882064 -0.06567025
v -0.12780942 -0.03124624 -0.05111540
v -0.13940404 -0.02693572 -0.03632985
v -0.14380984 -0.00755634 -0.03251786
v -0.07411019 -0.34178606 -0.11034969
v -0.04479638 -0.39039060 -0.09885497
v -0.05737127 -0.41843021 -0.11102465
v -0.15248735 -0.45908624 -0.12267323
v -0.18154348 -0.16302291 -0.00507168
v -0.15518117 -0.16577855 -0.05850298
v -0.07232103 -0.14346980 -0.09689787
v -0.07632995 -0.12005260 -0.09397189
v -0.20077582 -0.29467517 -0.03352279
v -0.18044944 -0.26720944 -0.05648177
v -0.21406324 -0.49911433 -0.05821051
v -0.06770934 -0.00181500 -0.09113811
v -0.08859508 -0.04523839 -0.07722429
v -0.13338387 -0.07898277 -0.04426301
v -0.09128832 -0.37996691 -0.10266963
v -0.07046362 -0.37113535 -0.09980087
v -0.12857105 -0.46051154 -0.11310261
v -0.16698292 -0.16566093 -0.04219342
v -0.18200162 -0.22805500 -0.05155266
v -0.09048025 -0.13303868 -0.09037127
v -0.18556845 -0.28944075 -0.06214730
v -0.17405821 -0.30075854 -0.07353821
v -0.17342952 -0.31059951 -0.08765410
v -0.18482216 -0.32739177 -0.07927619
v -0.17775196 -0.37131691 -0.09012362
v -0.07537858 -0.06696609 -0.08195619
v -0.08473680 -0.08090162 -0.07898856
v -0.14058422 -0.06064178 -0.03209877
v -0.11892218 -0.11622012 -0.06847385
v -0.06602758 -0.32426128 -0.11557337
v -0.07759331 -0.39099103 -0.09929315
v -0.12062576 -0.41311762 -0.10785377
v -0.10723495 -0.36983299 -0.11766656
v -0.09846356 -0.40280029 -0.10188355
v -0.11445881 -0.39139551 -0.10845689
v -0.13721509 -0.40174818 -0.11558388
v -0.08755673 -0.36021563 -0.10846691
v -0.11449828 -0.33477440 -0.12692624
v -0.11165796 -0.35207909 -0.12631871
v -0.06774570 -0.35555363 -0.10244078
v -0.07422961 -0.43231967 -0.11719818
v -0.10543282 -0.42695096 -0.10632387
v -0.17089461 -0.24506406 -0.06675289
v -0.17974232 -0.18383983 -0.03121649
v -0.15791294 -0.18350700 -0.06499302
v -0.16823456 -0.18514878 -0.05276724
v -0.17987677 -0.20588614 -0.04488964
v -0.15343732 -0.32333666 -0.10662719
v -0.20785843 -0.38089165 -0.05935026
v -0.13650347 -0.04365712 -0.03725772
v -0.12362032 -0.04813081 -0.05241258
v -0.13014683 -0.06214406 -0.04673234
v -0.14487001 -0.07830762 -0.02610953
v -0.09598213 -0.09524147 -0.08039097
v -0.11071277 -0.09834052 -0.06792748
v -0.12767413 -0.09877764 -0.05196020
v -0.05151754 -0.34892553 -0.10222925
v -0.12437547 -0.36401802 -0.12474464
v -0.14292404 -0.44191968 -0.11970796
v -0.14051455 -0.42124546 -0.11545030
v -0.15400280 -0.40444571 -0.12413296
v -0.18037838 -0.42778546 -0.11515363
v -0.15973054 -0.42328432 -0.12497364
v -0.17500184 -0.40433565 -0.10687366
v -0.18639924 -0.38920051 -0.09375326
v -0.20502080 -0.43416008 -0.08422306
v -0.20746809 -0.42807806 -0.06978574
v -0.20495510 -0.41284862 -0.08072777
v -0.07056672 -0.44741595 -0.12523471
v -0.10714081 -0.46868283 -0.12522708
v -0.16441762 -0.14444610 -0.03087680
v -0.17174235 -0.25997403 -0.06790751
v -0.17072667 -0.21145752 -0.06068262
v -0.18481803 -0.21831606 -0.03382646
v -0.16957025 -0.32879433 -0.09701376
v -0.16125694 -0.31135362 -0.10147981
v -0.14117426 -0.31274810 -0.11411135
v -0.15670060 -0.34154272 -0.10071832
v -0.13642055 -0.33244532 -0.11193625
v -0.16057177 -0.36125836 -0.10038844
v -0.15419288 -0.37263831 -0.11371587
v -0.14115284 -0.36535937 -0.12021864
v -0.17078884 -0.38536847 -0.10397500
v -0.15947720 -0.39281482 -0.11160040
v -0.17738903 -0.34761232 -0.09200032
v -0.20204082 -0.35864112 -0.06483646
v -0.19541685 -0.37176913 -0.07726070
v -0.11505205 -0.05819550 -0.06275304
v -0.12225774 -0.08061886 -0.05779202
v -0.09671008 -0.11174712 -0.08013318
v -0.10634225 -0.13054366 -0.08113211
v -0.13876286 -0.09701061 -0.03841574
v -0.15050887 -0.11117864 -0.03327074
v -0.14697564 -0.09630356 -0.02602537
v -0.15262151 -0.12811467 -0.04051469
v -0.12647368 -0.34789819 -0.11914252
v -0.14358161 -0.34996635 -0.11110506
v -0.21692900 -0.44824567 -0.04385705
v -0.22737691 -0.45148295 -0.02329293
v -0.21451703 -0.40734124 -0.03349124
v -0.20836662 -0.40757349 -0.05689935
v -0.09563151 -0.34787378 -0.12003824
v -0.08935571 -0.32992023 -0.12239634
v -0.05684022 -0.30688384 -0.12378143
v -0.09065456 -0.44210288 -0.11434809
v -0.10830709 -0.45100716 -0.11228856
v -0.08717911 -0.45616186 -0.12694773
v -0.07273355 -0.47023588 -0.13365483
v -0.05201427 -0.47172511 -0.13787320
v -0.06720970 -0.48486608 -0.14568014
v -0.08959221 -0.47185069 -0.13529018
v -0.08463557 -0.48799607 -0.14524247
v -0.10422967 -0.48637840 -0.13862769
v -0.10065981 -0.31479311 -0.12771814
v -0.12436014 -0.31767505 -0.12186979
v -0.08939236 -0.29657644 -0.12917960
v -0.11125349 -0.29646489 -0.12535794
v -0.12968962 -0.29894903 -0.11874447
v -0.05432699 -0.29000878 -0.12849604
v -0.08538975 -0.28275946 -0.12945955
v -0.12478331 -0.38278928 -0.12180270
v -0.14013022 -0.38769698 -0.12445684
v -0.20229709 -0.39356661 -0.07775731
v -0.09905718 -0.06176716 -0.07365986
v -0.10766385 -0.07929136 -0.07192472
v -0.11938830 -0.13835295 -0.07542812
v -0.13780469 -0.11450411 -0.05029193
v -0.13682896 -0.13149190 -0.05932070
v -0.15218498 -0.14549556 -0.05015926
v -0.21958536 -0.43296763 -0.02737473
v -0.13593644 -0.28553373 -0.11373452
v -0.07072674 -0.29699463 -0.12798883
v -0.13714929 -0.14917879 -0.06741884
v -0.08931768 -0.25307623 -0.12669559
v -0.09518905 -0.26778835 -0.12700823
v -0.12899536 -0.26407677 -0.11252044
v -0.12187967 -0.27743110 -0.11898119
v -0.10831048 -0.25836888 -0.12139084
v -0.14429551 -0.25747430 -0.10016838
v -0.16255111 -0.26902288 -0.08768056
v -0.13016850 -0.24490128 -0.10771233
v -0.15925272 -0.25549519 -0.08435716
v -0.14691618 -0.27477676 -0.10415681
v -0.16051379 -0.29096398 -0.09199739
v -0.17376454 -0.27861983 -0.07681780
v -0.12520586 0.08830588 -0.09671900
v -0.13439335 0.06771420 -0.08349293
v -0.09682047 0.07349203 -0.10676051
v -0.14234547 0.05147798 -0.06886303
v -0.10296980 0.08892290 -0.10824521
v -0.10180830 0.05459943 -0.09942490
v -0.12327511 0.04610636 -0.08455550
v -0.10551678 0.03432263 -0.09016934
v -0.08660225 0.03981195 -0.09938812
v -0.14829561 -0.02668895 -0.01619129
v -0.14326806 -0.04158381 -0.02373629
v -0.15094173 -0.03990202 0.00014441
v -0.03921517 0.11489350 -0.12177674
v -0.19052830 -0.26105046 -0.03475133
v -0.19578801 -0.27958924 -0.02441305
v -0.20043014 -0.25754195 -0.01690608
v -0.07715240 -0.19132844 -0.11201341
v -0.09882952 -0.18306616 -0.10285174
v -0.10038888 -0.16503769 -0.09525402
v -0.08381198 -0.15421015 -0.09587150
v -0.08012553 -0.17160313 -0.10357930
v -0.05915618 -0.17889094 -0.11016106
v -0.14125010 -0.17136709 -0.07468858
v -0.12151206 -0.17554770 -0.08962563
v -0.11382642 -0.19339624 -0.10077783
v -0.14994541 -0.06569422 -0.00934348
v -0.14693981 -0.04849792 -0.01162435
v -0.16806144 -0.22920357 -0.06946381
v -0.04399069 -0.32276019 -0.11375418
v -0.10298000 -0.22184585 -0.11511296
v -0.11914833 -0.20991926 -0.10395475
v -0.09736124 -0.24091586 -0.12207542
v -0.14287676 -0.21500656 -0.08993697
v -0.12857127 -0.22739898 -0.10396162
v -0.14683111 -0.23840588 -0.09310552
v -0.14877535 -0.19721350 -0.07963001
v -0.16058779 -0.19788639 -0.06813812
v -0.15603307 -0.21558687 -0.07863575
v -0.13402513 -0.19553944 -0.09024353
v -0.14161019 -0.18502089 -0.08082239
v -0.09307001 -0.20474750 -0.11270893
v -0.06831066 -0.21051830 -0.12017502
v -0.12064680 -0.15865594 -0.08341442
v -0.10266498 -0.14976996 -0.08933929
v -0.16200681 0.09431642 0.04420215
v 0.16210519 0.08597078 0.06684520
v 0.16657522 0.09622160 0.03688187
v 0.15224171 0.11501972 0.07854752
v 0.04519083 0.06461711 0.16215232
v 0.11686295 0.09218031 0.14095637
v 0.07285784 0.20963126 -0.09735455
v 0.15050237 0.10040072 -0.07405717
v 0.16609602 0.07900753 -0.00071394
v 0.16661127 0.08919665 0.00604697
v 0.14049499 0.11296678 -0.08709469
v 0.16378388 0.06112856 -0.00492443
v -0.07647893 0.25512743 -0.06755687
v -0.16361521 0.07730870 -0.04355747
v -0.15732059 0.03969493 -0.03232541
v -0.16252974 0.09161001 -0.05842027
v -0.16782553 0.07691962 -0.01709550
v -0.17059346 0.08966476 -0.01302910
v -0.16756009 0.08796711 0.01213678
v -0.15777379 0.08610410 -0.06305698
v -0.11615216 0.06914733 -0.09706960
v -0.22787304 -0.44042000 0.03769263
v -0.16334410 -0.51420063 0.21150589
v -0.10576021 0.25407138 -0.00266526
v -0.10761780 -0.51808262 0.21446796
v -0.18915462 -0.43565691 0.17513250
v -0.05535386 -0.45983368 0.17576435
v -0.04470532 -0.48504099 0.19283381
v 0.00960293 -0.40912828 0.14937752
v -0.20329195 -0.23904394 0.05063041
v -0.10181773 -0.01976142 0.11542410
v -0.21115862 -0.36170378 0.08981279
v -0.07988501 -0.18485753 0.15681057
v -0.08851183 -0.10517627 0.14226381
v -0.16717966 -0.27237943 0.12313300
v -0.19075930 -0.34031704 0.14204791
v -0.13916288 -0.12676857 0.10460791
v -0.15839329 -0.18495350 0.09978745
v -0.19782466 -0.36432192 0.13975769
v -0.07522274 -0.27292591 0.13824651
v 0.07924744 -0.52539706 0.23260911
v 0.21398099 -0.43262252 0.15961257
v 0.04894944 -0.42125294 0.16460919
v 0.02253069 -0.20709409 0.17825347
v 0.22496362 -0.40481192 0.11839175
v 0.08185962 -0.17280073 0.15913230
v 0.21604267 -0.39539835 0.14044030
v 0.20260203 -0.30569264 0.09649520
v 0.05596481 0.17853257 -0.10310684
v 0.10831995 0.12266935 -0.10820253
v -0.01120014 0.15734361 -0.12640525
v 0.13099913 0.00082960 -0.04847730
v 0.03767551 0.15469512 -0.12232351
v 0.19368367 -0.25356650 0.01783639
v 0.02115674 -0.43177181 -0.11182293
v 0.08771256 -0.52077770 -0.15794915
v 0.09841467 -0.53324056 -0.16434325
v 0.04735750 -0.43434516 -0.11181627
v -0.00841806 -0.20262212 -0.12193383
v 0.16514672 -0.11755504 -0.00614549
v 0.15545815 -0.06456371 0.02019272
v 0.07924350 -0.27772468 -0.13081399
v 0.20921609 -0.45882526 -0.08907915
v 0.12798971 -0.44474411 -0.12277707
v 0.17887519 -0.41393462 -0.11280185
v 0.04159399 -0.30575854 -0.12232140
v 0.11879411 -0.12158487 -0.07229911
v 0.10918064 -0.14432672 -0.08494794
v 0.08108772 -0.15263917 -0.09720935
v 0.10238838 -0.30654144 -0.12555636
v 0.12099087 -0.31535605 -0.11477654
v 0.09098899 -0.25972363 -0.12602431
v 0.10926358 -0.25706244 -0.11860091
v 0.20010202 -0.29747465 -0.02555668
v -0.20131242 -0.27421892 0.01672290
v -0.11317509 0.10451912 -0.10681528
v -0.22796300 -0.53161561 0.01406678
v -0.03014910 0.15027474 -0.11972632
v -0.11463508 -0.51978099 -0.15195303
v -0.13481332 -0.54060936 -0.15971637
v -0.19156961 -0.20381972 -0.00970349
v -0.18491574 -0.18004481 -0.01217873
v -0.16607553 -0.44493893 -0.12469774
v -0.19239241 -0.33989090 -0.07418160
v -0.19203009 -0.41146353 -0.09249797
v -0.21020089 -0.43263605 -0.04681288
v -0.22814868 -0.42769840 -0.01072406
v -0.08053929 -0.50114322 -0.15437442
v -0.10320657 -0.27912530 -0.12618543
v -0.11726046 -0.24159524 -0.11394533
v -0.21672711 -0.53705502 0.10949833
v -0.03136341 -0.33026645 0.16296121
v -0.09384961 -0.46633443 0.18826289
v -0.03994748 -0.41385230 0.15969160
v -0.12833914 -0.05115321 0.09007463
v -0.13655096 0.01576478 0.08436983
v -0.13062152 -0.07400566 0.09665295
v -0.21592703 -0.48360729 0.10850549
v -0.09702263 -0.11534812 0.13879526
v -0.12604247 0.05708360 0.13611913
v -0.19458088 -0.27413565 0.09599352
v -0.05711079 -0.27652729 0.14106090
v 0.02807160 -0.53171897 0.24680915
v 0.19660813 -0.52471429 0.19843762
v 0.22644591 -0.43221343 0.04170395
v 0.08912143 -0.39805809 0.16716799
v 0.22775805 -0.44553035 0.13145316
v 0.02475612 -0.28091618 0.16438505
v 0.15649804 -0.39808038 0.17236170
v 0.03589700 0.12715855 -0.12454174
v 0.02054829 0.16928172 -0.11709661
v 0.05061046 -0.09262098 -0.08777986
v 0.19914562 -0.50453335 -0.10795379
v 0.14992531 -0.51931095 -0.15165573
v 0.06030411 -0.11003891 -0.08868851
v 0.21636160 -0.43405005 -0.06241854
v 0.18920015 -0.30097327 -0.05307261
v 0.19517937 -0.36703533 -0.08054882
v 0.18141791 -0.37921160 -0.08518627
v 0.19644128 -0.31584984 -0.04630815
v 0.12442795 -0.23092933 -0.10722491
v 0.11591420 -0.23588280 -0.11289003
v -0.16796869 0.07864434 0.00084428
v -0.16431579 0.05665763 0.02786414
v -0.21954282 -0.38802081 -0.02105720
v -0.06262656 0.08009407 -0.11444027
v -0.20803238 -0.33878201 0.01838480
v -0.22708330 -0.40637830 -0.00360974
v -0.22209939 -0.40641797 -0.02150086
v -0.06089343 -0.39132667 -0.09894693
v -0.15589561 -0.23301454 -0.08348952
v -0.02406322 -0.31164399 -0.11513304
v -0.05437776 -0.33608124 -0.10743457
v -0.19075012 -0.30007982 -0.05379356
v -0.17376998 -0.48559329 -0.12735498
v -0.08204403 -0.42080843 -0.11022128
v -0.19163364 -0.42231232 -0.10241839
v -0.03816093 -0.30213401 -0.12269733
v -0.06675851 -0.28000122 -0.13054845
v 0.08493454 -0.31819636 -0.13234757
f 26 27 142
f 29 105 28
f 142 27 28
f 142 25 26
f 38 39 129
f 164 134 163
f 135 164 23
f 126 35 36
f 44 45 116
f 191 21 22
f 36 37 125
f 19 238 239
f 210 211 255
f 40 120 39
f 30 2372 105
f 19 239 18
f 2372 113 106
f 105 29 30
f 111 104 154
f 353 18 239
f 34 35 122
f 589 91 586
f 81 82 83
f 585 587 112
f 288 192 286
f 75 103 199
f 294 269 17
f 93 94 204
f 10 533 229
f 277 11 12
f 587 145 112
f 15 267 14
f 49 169 736
f 87 118 2305
f 5 231 4
f 81 83 111
f 189 2 2405
f 1862 163 22
f 31 32 113
f 189 188 2
f 231 284 4
f 150 166 105
f 96 160 95
f 206 209 208
f 172 91 92
f 123 118 88
f 109 44 116
f 2305 108 86
f 111 154 114
f 84 104 83
f 79 80 114
f 117 174 113
f 584 127 588
f 75 76 103
f 91 172 586
f 235 161 190
f 155 120 40
f 125 37 38
f 582 128 153
f 118 123 124
f 43 44 109
f 124 123 127
f 121 109 128
f 123 89 127
f 45 46 110
f 58 220 219
f 110 100 116
f 46 139 110
f 177 178 99
f 151 33 34
f 585 78 583
f 47 101 46
f 117 33 151
f 196 50 51
f 33 117 32
f 242 55 300
f 119 155 41
f 42 121 119
f 221 218 220
f 122 175 151
f 53 194 240
f 110 116 45
f 240 2310 816
f 114 584 583
f 127 89 90
f 86 108 85
f 139 46 101
f 41 42 119
f 118 124 154
f 74 75 198
f 199 750 198
f 112 77 78
f 79 583 78
f 108 104 84
f 109 121 43
f 104 111 83
f 2305 86 87
f 118 87 88
f 81 111 80
f 117 113 32
f 123 88 89
f 108 84 85
f 114 583 79
f 119 121 128
f 126 122 35
f 588 586 587
f 66 67 230
f 121 42 43
f 114 154 124
f 30 31 2372
f 104 108 2305
f 118 154 2305
f 750 140 73
f 100 177 181
f 71 252 70
f 111 114 80
f 461 136 352
f 280 230 278
f 223 852 270
f 125 126 36
f 155 40 41
f 175 122 126
f 129 125 38
f 405 183 404
f 130 129 120
f 115 130 405
f 120 2306 130
f 115 212 2304
f 322 318 319
f 227 532 410
f 230 342 65
f 161 189 190
f 135 165 164
f 245 52 921
f 698 169 48
f 100 110 139
f 100 139 138
f 138 139 48
f 148 143 145
f 171 72 73
f 147 246 102
f 205 92 93
f 148 144 143
f 166 142 105
f 135 25 142
f 23 24 135
f 145 143 77
f 145 149 148
f 144 103 143
f 143 76 77
f 103 102 199
f 112 145 77
f 144 147 102
f 146 173 304
f 149 145 587
f 149 146 148
f 586 149 587
f 144 148 304
f 166 150 97
f 237 150 106
f 113 2372 31
f 460 2307 107
f 151 175 176
f 151 34 122
f 109 152 128
f 128 152 153
f 109 116 181
f 153 152 99
f 99 152 177
f 152 109 181
f 99 178 2309
f 589 127 90
f 2306 120 155
f 419 411 420
f 270 271 328
f 363 496 534
f 282 395 446
f 345 235 285
f 208 141 206
f 188 233 160
f 21 191 2303
f 164 163 1862
f 163 134 192
f 23 164 1862
f 166 165 135
f 346 165 97
f 134 164 165
f 165 166 97
f 142 166 135
f 350 238 351
f 416 415 411
f 261 215 216
f 215 261 2308
f 298 299 2373
f 301 433 2373
f 214 179 2309
f 2309 178 213
f 137 177 138
f 48 169 138
f 72 71 864
f 253 201 251
f 203 95 483
f 172 92 205
f 146 205 173
f 172 205 146
f 205 204 173
f 249 173 206
f 106 113 174
f 150 2372 106
f 151 174 117
f 176 254 174
f 175 210 176
f 311 310 210
f 169 137 138
f 178 177 137
f 256 261 216
f 178 137 213
f 2309 179 180
f 214 2309 213
f 49 213 137
f 185 2374 182
f 183 582 184
f 152 181 177
f 180 184 153
f 582 153 184
f 115 405 457
f 184 180 185
f 182 183 184
f 2308 261 314
f 184 185 182
f 314 2374 185
f 318 320 277
f 353 239 293
f 411 415 431
f 370 273 334
f 7 8 228
f 282 446 2377
f 435 591 434
f 533 11 277
f 278 67 68
f 281 342 230
f 308 307 302
f 342 281 374
f 133 233 235
f 483 95 160
f 1 2 2282
f 188 161 233
f 483 484 450
f 209 204 203
f 190 189 234
f 188 189 161
f 284 190 234
f 193 162 236
f 163 191 22
f 346 237 2379
f 238 20 351
f 293 239 350
f 265 57 218
f 197 51 52
f 921 2310 245
f 197 52 168
f 168 52 245
f 196 213 50
f 199 198 75
f 144 102 103
f 140 199 102
f 249 304 173
f 403 356 306
f 70 305 69
f 140 171 73
f 202 72 171
f 171 247 251
f 252 202 201
f 203 204 94
f 95 203 94
f 173 204 206
f 205 93 204
f 208 209 207
f 483 160 484
f 307 309 302
f 204 209 206
f 483 209 203
f 349 254 310
f 286 192 134
f 254 176 310
f 151 176 174
f 211 126 212
f 255 107 311
f 211 175 126
f 211 312 255
f 357 212 115
f 125 2304 126
f 312 211 212
f 50 213 49
f 214 213 196
f 214 196 215
f 215 197 168
f 297 259 258
f 258 259 257
f 216 215 168
f 217 168 245
f 217 194 258
f 257 464 256
f 168 217 2375
f 185 180 179
f 153 99 180
f 2309 180 99
f 100 138 177
f 116 100 181
f 185 179 2308
f 262 58 59
f 263 59 60
f 243 355 242
f 262 220 58
f 262 361 468
f 57 219 218
f 218 219 220
f 508 517 506
f 266 355 243
f 409 221 220
f 368 15 16
f 186 2311 267
f 271 955 62
f 273 62 63
f 329 272 328
f 224 333 61
f 263 361 262
f 592 226 6
f 592 6 225
f 7 225 6
f 226 337 283
f 282 231 232
f 6 226 274
f 228 8 187
f 187 8 227
f 187 276 228
f 228 225 7
f 229 9 1885
f 227 8 9
f 10 11 533
f 227 229 532
f 9 229 227
f 230 67 278
f 279 68 69
f 281 280 159
f 369 335 342
f 232 231 5
f 454 399 480
f 160 96 188
f 235 233 161
f 484 233 133
f 189 3 234
f 285 190 284
f 235 190 285
f 193 236 20
f 191 192 193
f 163 192 191
f 150 237 97
f 237 106 348
f 239 238 350
f 236 351 20
f 293 350 167
f 294 18 353
f 326 269 325
f 245 240 217
f 295 53 241
f 299 54 55
f 241 195 295
f 241 54 299
f 299 242 2373
f 57 265 56
f 221 244 266
f 196 51 197
f 240 245 2310
f 304 250 147
f 246 200 247
f 102 246 140
f 170 247 200
f 171 251 202
f 140 247 171
f 246 247 140
f 200 248 170
f 200 246 147
f 309 141 208
f 248 200 250
f 304 147 144
f 250 249 141
f 247 170 251
f 253 251 170
f 141 249 206
f 202 252 71
f 356 252 201
f 356 305 252
f 338 339 279
f 201 202 251
f 254 106 174
f 106 254 348
f 211 210 175
f 257 256 2375
f 2375 256 216
f 464 260 256
f 258 257 2375
f 464 257 359
f 297 258 194
f 260 98 314
f 179 214 2308
f 263 262 59
f 264 263 60
f 361 263 264
f 60 333 264
f 315 361 264
f 316 361 317
f 266 265 218
f 300 56 243
f 221 266 218
f 266 244 355
f 13 14 2311
f 319 186 323
f 368 267 15
f 268 222 16
f 268 17 269
f 16 222 368
f 222 268 269
f 271 270 955
f 223 270 328
f 273 271 62
f 330 332 377
f 329 328 271
f 329 331 272
f 334 63 64
f 64 65 335
f 369 336 370
f 275 226 283
f 226 275 274
f 5 275 232
f 337 226 592
f 276 434 228
f 227 410 187
f 499 187 410
f 410 470 499
f 568 131 2380
f 187 499 276
f 435 434 2318
f 277 531 533
f 279 278 68
f 305 279 69
f 338 279 305
f 339 280 278
f 371 340 159
f 230 65 66
f 335 65 342
f 373 281 159
f 281 373 374
f 283 282 232
f 283 343 282
f 231 282 2377
f 283 232 275
f 392 395 343
f 4 284 234
f 284 2377 285
f 446 344 399
f 134 165 346
f 346 97 237
f 134 346 286
f 288 347 287
f 347 286 2379
f 288 287 292
f 351 290 289
f 162 292 290
f 292 162 288
f 192 288 162
f 292 291 290
f 291 352 289
f 291 289 290
f 167 289 352
f 417 293 2313
f 269 294 325
f 194 53 295
f 298 296 195
f 354 474 512
f 297 194 295
f 298 433 296
f 299 298 195
f 242 299 55
f 265 243 56
f 242 300 243
f 425 354 296
f 309 208 303
f 450 485 453
f 208 207 303
f 250 141 248
f 250 304 249
f 252 305 70
f 201 253 306
f 308 403 306
f 307 306 253
f 306 307 308
f 302 309 303
f 447 302 303
f 403 308 481
f 248 309 307
f 309 248 141
f 170 248 307
f 310 176 210
f 311 107 578
f 310 311 563
f 255 311 210
f 512 259 354
f 256 260 261
f 2308 314 185
f 260 314 261
f 315 391 317
f 264 333 360
f 361 315 317
f 318 277 12
f 318 322 320
f 12 13 318
f 2311 318 13
f 267 2311 14
f 318 2311 319
f 366 545 323
f 502 321 364
f 321 320 322
f 364 321 322
f 321 157 365
f 323 322 319
f 324 323 186
f 186 267 367
f 2313 412 417
f 269 326 222
f 411 327 326
f 590 328 272
f 273 329 271
f 330 329 273
f 330 370 332
f 377 375 376
f 378 379 331
f 330 331 329
f 377 332 375
f 360 224 593
f 333 224 360
f 335 334 64
f 374 398 336
f 273 370 330
f 338 305 356
f 339 338 371
f 278 279 339
f 230 280 281
f 481 372 403
f 302 482 308
f 341 397 398
f 282 343 395
f 340 441 439
f 284 231 2377
f 401 2377 446
f 441 442 455
f 456 451 345
f 286 346 2379
f 402 348 349
f 348 254 349
f 563 349 310
f 289 167 350
f 290 351 236
f 350 351 289
f 519 520 575
f 414 352 136
f 414 167 352
f 353 293 417
f 294 353 325
f 195 297 295
f 297 296 354
f 242 355 2373
f 266 243 265
f 503 355 244
f 2373 355 301
f 306 356 201
f 338 356 403
f 400 449 447
f 481 442 372
f 357 312 212
f 98 260 462
f 255 312 406
f 466 464 465
f 465 359 530
f 259 359 257
f 360 388 315
f 264 360 315
f 316 409 468
f 384 385 382
f 388 391 315
f 323 364 322
f 366 430 545
f 368 367 267
f 327 368 222
f 367 324 186
f 367 327 419
f 368 327 367
f 326 327 222
f 424 418 2316
f 334 335 369
f 369 370 334
f 332 370 336
f 371 159 280
f 439 159 340
f 339 371 280
f 403 372 371
f 340 371 372
f 439 373 159
f 374 373 341
f 398 374 341
f 342 374 369
f 373 439 341
f 375 445 376
f 336 375 332
f 478 568 386
f 379 380 158
f 331 377 378
f 379 378 380
f 388 360 593
f 590 272 158
f 379 272 331
f 382 158 384
f 384 158 380
f 388 387 391
f 380 381 384
f 542 499 470
f 387 385 2314
f 394 393 438
f 593 158 382
f 378 383 2315
f 438 376 445
f 477 492 436
f 382 385 387
f 131 568 541
f 568 2380 386
f 437 386 383
f 2315 383 386
f 378 377 383
f 377 376 383
f 2380 2315 386
f 378 2315 380
f 2314 385 436
f 382 387 388
f 436 385 477
f 2314 391 387
f 317 391 390
f 2376 479 392
f 395 2312 344
f 2376 392 343
f 337 2376 283
f 394 445 396
f 393 437 438
f 2312 392 394
f 393 394 392
f 396 2312 394
f 344 2312 132
f 446 395 344
f 132 2312 396
f 398 396 445
f 396 398 397
f 443 444 132
f 447 303 448
f 345 285 401
f 2381 453 451
f 448 450 453
f 235 345 133
f 133 345 451
f 286 347 288
f 402 347 2379
f 348 2379 237
f 359 259 512
f 354 259 297
f 549 508 507
f 338 403 371
f 2306 405 130
f 358 407 457
f 182 404 183
f 183 405 2306
f 457 405 404
f 406 107 255
f 107 406 460
f 312 407 406
f 407 358 489
f 357 407 312
f 313 467 528
f 2374 490 488
f 464 359 465
f 363 534 156
f 363 156 316
f 537 409 156
f 468 409 220
f 156 409 316
f 321 365 320
f 320 365 531
f 531 277 320
f 470 410 469
f 323 324 366
f 167 414 2313
f 2313 414 413
f 412 2313 413
f 428 412 413
f 416 412 415
f 416 411 326
f 415 412 428
f 325 416 326
f 419 420 2382
f 411 419 327
f 367 419 324
f 420 424 421
f 427 426 431
f 433 301 504
f 476 2320 518
f 432 429 426
f 546 418 509
f 421 430 366
f 425 422 474
f 431 415 427
f 476 413 414
f 415 428 427
f 555 557 516
f 430 421 2316
f 548 473 430
f 565 538 566
f 355 503 301
f 507 506 505
f 513 474 517
f 518 413 476
f 426 418 424
f 510 554 509
f 431 426 424
f 558 432 423
f 429 418 426
f 433 425 296
f 425 433 511
f 374 336 369
f 375 336 398
f 479 478 437
f 479 437 393
f 2318 434 276
f 568 435 541
f 478 435 568
f 436 492 493
f 2314 436 389
f 438 437 383
f 376 438 383
f 394 438 445
f 443 439 441
f 442 441 340
f 456 399 454
f 340 372 442
f 441 440 443
f 308 482 481
f 455 442 486
f 443 440 444
f 440 452 454
f 132 397 443
f 341 443 397
f 454 444 440
f 132 444 480
f 398 445 375
f 401 446 399
f 448 303 207
f 400 486 449
f 448 207 450
f 400 447 448
f 447 449 482
f 450 207 483
f 450 484 485
f 452 2381 456
f 133 451 485
f 456 454 452
f 453 400 448
f 455 452 440
f 2381 452 486
f 485 451 453
f 400 453 2381
f 454 480 444
f 441 455 440
f 486 442 449
f 345 401 456
f 457 357 115
f 357 457 407
f 488 457 404
f 182 488 404
f 523 458 313
f 526 291 487
f 573 461 526
f 459 579 2307
f 581 576 577
f 291 461 352
f 98 408 490
f 462 260 464
f 408 98 462
f 408 463 490
f 457 488 358
f 458 489 313
f 408 466 467
f 462 464 466
f 466 465 529
f 462 466 408
f 408 467 463
f 262 468 220
f 316 468 361
f 469 365 2319
f 472 470 2319
f 531 365 469
f 469 2319 470
f 276 499 2318
f 477 131 498
f 472 542 470
f 471 492 498
f 544 493 494
f 472 471 542
f 501 430 473
f 502 545 501
f 156 534 536
f 474 422 517
f 524 528 525
f 425 474 354
f 461 573 559
f 136 476 414
f 559 2320 476
f 131 477 381
f 437 478 386
f 392 479 393
f 478 591 435
f 443 341 439
f 399 344 480
f 132 480 344
f 449 442 481
f 447 482 302
f 481 482 449
f 209 483 207
f 233 484 160
f 484 133 485
f 2381 486 400
f 455 486 452
f 2374 488 182
f 490 2374 98
f 292 487 291
f 347 402 562
f 287 487 292
f 576 526 487
f 358 488 490
f 467 313 463
f 523 528 524
f 406 407 489
f 463 489 358
f 490 463 358
f 529 465 491
f 530 512 513
f 557 525 529
f 469 532 531
f 531 532 533
f 498 492 477
f 492 471 494
f 472 495 494
f 493 492 494
f 472 494 471
f 495 157 543
f 493 362 389
f 497 389 362
f 389 436 493
f 362 564 496
f 389 497 390
f 496 363 497
f 363 390 497
f 542 498 541
f 541 2318 542
f 501 545 430
f 502 501 500
f 569 538 565
f 544 494 495
f 500 543 502
f 321 502 157
f 364 323 545
f 503 567 504
f 244 221 2383
f 505 504 567
f 433 504 511
f 503 504 301
f 507 508 506
f 422 425 511
f 505 506 511
f 549 510 508
f 549 507 550
f 418 429 509
f 515 594 522
f 522 429 558
f 511 504 505
f 511 506 422
f 359 512 530
f 513 512 474
f 514 513 475
f 513 516 530
f 514 515 571
f 555 516 514
f 594 510 522
f 491 530 516
f 514 516 513
f 513 517 475
f 506 517 422
f 517 508 475
f 2317 427 518
f 574 573 580
f 427 428 518
f 413 518 428
f 520 2317 2320
f 518 2320 2317
f 570 556 572
f 520 423 2317
f 520 519 423
f 519 521 423
f 429 432 558
f 571 555 514
f 521 558 423
f 558 515 522
f 556 521 519
f 521 571 558
f 559 574 2320
f 523 459 460
f 524 560 561
f 458 523 460
f 313 528 523
f 570 557 555
f 525 570 560
f 291 526 461
f 581 526 576
f 402 349 527
f 578 577 527
f 529 528 467
f 525 528 529
f 529 467 466
f 529 491 557
f 465 530 491
f 410 532 469
f 229 533 532
f 535 496 564
f 534 496 535
f 552 553 547
f 540 507 505
f 535 551 534
f 362 493 539
f 535 564 565
f 552 547 554
f 2321 536 551
f 534 551 536
f 409 537 221
f 536 2321 537
f 156 536 537
f 2321 2383 537
f 501 538 500
f 473 538 501
f 566 553 565
f 540 505 567
f 544 539 493
f 566 538 473
f 541 498 131
f 471 498 542
f 502 543 157
f 569 543 500
f 500 538 569
f 364 545 502
f 547 566 473
f 418 546 548
f 547 548 546
f 550 507 540
f 510 549 554
f 549 550 552
f 553 551 535
f 565 553 535
f 551 552 550
f 547 553 566
f 552 551 553
f 546 554 547
f 552 554 549
f 546 509 554
f 509 429 522
f 509 522 510
f 555 571 556
f 570 572 560
f 521 556 571
f 556 519 572
f 516 557 491
f 515 558 571
f 561 560 572
f 524 525 560
f 575 561 572
f 523 524 459
f 562 287 347
f 487 562 576
f 287 562 487
f 527 562 402
f 577 562 527
f 577 579 581
f 362 496 497
f 539 564 362
f 539 565 564
f 565 539 569
f 244 567 503
f 2383 567 244
f 537 2383 221
f 2321 540 2383
f 550 540 2321
f 2318 541 435
f 544 495 543
f 544 569 539
f 543 569 544
f 548 547 473
f 557 570 525
f 556 570 555
f 519 575 572
f 581 580 573
f 580 575 574
f 520 574 575
f 559 573 574
f 559 136 461
f 476 136 559
f 580 561 575
f 577 576 562
f 527 563 578
f 578 563 311
f 580 579 459
f 526 581 573
f 577 578 579
f 561 580 459
f 580 581 579
f 582 2306 119
f 585 112 78
f 124 584 114
f 127 584 124
f 583 584 585
f 149 586 172
f 588 587 585
f 584 588 585
f 589 588 127
f 91 589 90
f 588 589 586
f 593 590 158
f 328 590 223
f 225 434 591
f 592 591 2378
f 434 225 228
f 388 593 382
f 594 475 508
f 514 475 515
f 475 594 515
f 510 594 508
f 688 632 631
f 722 623 622
f 49 812 50
f 625 727 728
f 682 689 687
f 1109 669 699
f 240 816 53
f 786 785 772
f 638 2384 101
f 722 683 623
f 637 636 671
f 60 59 2325
f 686 628 2385
f 682 631 630
f 687 677 682
f 684 2385 627
f 736 169 698
f 674 649 648
f 2389 888 57
f 727 624 683
f 2325 59 887
f 59 58 887
f 56 2389 57
f 724 664 787
f 637 2384 638
f 874 878 731
f 744 641 640
f 61 850 852
f 726 727 683
f 62 955 849
f 685 671 636
f 673 667 699
f 676 663 645
f 68 67 855
f 672 700 673
f 1097 738 739
f 667 702 705
f 714 620 619
f 803 909 910
f 644 669 676
f 639 74 661
f 751 749 750
f 674 668 729
f 74 198 661
f 704 654 703
f 639 661 711
f 671 685 660
f 683 752 726
f 730 762 2385
f 642 673 643
f 629 686 689
f 681 680 633
f 668 647 663
f 674 647 668
f 645 663 646
f 644 676 645
f 795 688 677
f 676 729 668
f 730 2385 684
f 708 662 709
f 699 669 643
f 626 625 728
f 1109 1108 675
f 686 629 628
f 684 627 626
f 682 688 631
f 681 688 795
f 624 727 625
f 621 679 723
f 624 623 683
f 607 885 608
f 621 723 622
f 682 677 688
f 716 679 714
f 762 760 687
f 714 618 617
f 715 714 617
f 681 632 688
f 628 627 2385
f 714 619 618
f 682 630 689
f 757 835 795
f 729 676 669
f 723 679 716
f 677 760 757
f 674 729 675
f 620 679 621
f 728 684 626
f 701 702 700
f 658 809 659
f 673 642 672
f 47 638 101
f 733 891 954
f 806 808 805
f 637 671 2384
f 811 809 2283
f 707 655 704
f 632 681 633
f 660 697 671
f 672 642 641
f 674 675 650
f 652 1108 705
f 674 650 649
f 648 647 674
f 714 679 620
f 675 651 650
f 687 689 686
f 705 702 653
f 1091 1041 989
f 676 668 663
f 717 725 724
f 943 873 872
f 633 680 634
f 805 597 596
f 1108 651 675
f 878 925 930
f 744 745 708
f 598 960 952
f 960 987 800
f 644 643 669
f 891 845 847
f 685 636 635
f 665 837 743
f 629 689 630
f 635 634 680
f 911 804 909
f 737 657 656
f 72 815 73
f 1109 699 667
f 817 2386 1048
f 773 1105 774
f 660 693 698
f 697 660 698
f 698 693 736
f 139 101 48
f 2384 671 697
f 48 697 698
f 729 669 1109
f 667 705 1109
f 700 666 701
f 667 700 702
f 673 700 667
f 666 700 672
f 709 706 701
f 704 655 654
f 701 666 709
f 703 702 701
f 653 702 703
f 703 701 704
f 653 703 654
f 706 704 701
f 704 706 707
f 652 705 653
f 706 709 662
f 656 655 707
f 748 858 747
f 707 706 713
f 745 744 640
f 662 713 706
f 712 813 710
f 863 859 861
f 744 666 672
f 709 666 708
f 711 640 639
f 749 711 661
f 708 747 662
f 198 750 661
f 751 750 73
f 694 746 749
f 1092 735 1093
f 858 713 662
f 738 713 712
f 715 617 616
f 716 714 715
f 615 715 616
f 720 725 717
f 719 723 718
f 752 670 726
f 719 718 717
f 720 718 753
f 719 717 670
f 717 724 670
f 787 781 724
f 721 715 615
f 755 740 754
f 723 722 622
f 722 719 752
f 723 716 718
f 722 723 719
f 696 725 720
f 664 724 725
f 718 720 717
f 754 696 720
f 727 726 678
f 728 727 678
f 675 729 1109
f 681 834 680
f 680 834 665
f 684 728 869
f 840 605 838
f 1011 1010 973
f 55 890 300
f 601 847 602
f 854 805 808
f 1068 989 1090
f 804 64 63
f 1068 1065 1066
f 857 793 833
f 736 693 867
f 712 739 738
f 809 658 2285
f 738 707 713
f 739 712 710
f 707 738 737
f 739 710 997
f 739 997 1094
f 202 71 72
f 70 865 71
f 922 816 2310
f 695 968 923
f 610 609 819
f 880 886 606
f 753 716 715
f 743 742 660
f 693 660 742
f 743 660 685
f 867 693 823
f 665 743 2322
f 742 743 826
f 666 744 708
f 641 744 672
f 745 640 711
f 746 745 711
f 708 745 747
f 749 746 711
f 747 746 748
f 745 746 747
f 748 746 694
f 859 813 748
f 748 813 858
f 749 751 694
f 859 748 694
f 661 750 749
f 815 751 73
f 820 751 815
f 722 752 683
f 670 752 719
f 716 753 718
f 721 753 715
f 615 614 755
f 755 721 615
f 755 754 721
f 613 755 614
f 1047 740 817
f 696 754 740
f 728 678 869
f 757 795 677
f 756 761 760
f 766 759 761
f 759 757 761
f 765 768 758
f 836 757 759
f 769 770 772
f 776 758 769
f 759 765 758
f 769 758 768
f 776 836 758
f 677 687 760
f 762 687 686
f 760 761 757
f 763 821 756
f 756 760 762
f 730 763 762
f 756 762 763
f 822 764 767
f 767 766 822
f 783 765 766
f 759 766 765
f 783 766 767
f 774 768 783
f 774 1105 771
f 770 769 768
f 771 784 770
f 776 775 777
f 771 768 774
f 770 784 779
f 782 767 764
f 771 1107 784
f 770 768 771
f 785 769 772
f 825 775 790
f 777 825 824
f 785 790 775
f 777 775 825
f 782 773 767
f 773 774 783
f 775 776 769
f 793 857 790
f 824 825 823
f 776 777 871
f 837 665 796
f 779 792 786
f 779 2387 830
f 764 822 916
f 787 788 781
f 782 866 780
f 670 724 791
f 764 916 866
f 724 781 791
f 773 783 767
f 779 784 2387
f 785 775 769
f 1004 725 696
f 791 781 789
f 772 779 786
f 794 790 785
f 829 792 870
f 785 786 794
f 790 794 793
f 867 823 857
f 1049 2388 664
f 730 868 763
f 791 726 670
f 790 857 825
f 917 789 781
f 726 791 678
f 786 2324 794
f 792 830 870
f 830 831 870
f 52 51 832
f 794 2324 828
f 833 51 50
f 871 835 836
f 796 665 834
f 778 837 796
f 835 796 834
f 796 871 778
f 841 840 797
f 901 733 976
f 1111 877 884
f 932 887 888
f 941 829 870
f 901 845 891
f 848 847 903
f 270 983 955
f 61 333 850
f 962 800 987
f 990 803 910
f 856 802 855
f 805 807 806
f 807 2283 806
f 801 988 1066
f 853 854 801
f 807 805 596
f 596 1284 807
f 811 807 1284
f 810 2285 658
f 2283 809 735
f 1094 1097 739
f 809 2285 735
f 1071 2283 735
f 811 2283 807
f 1284 595 2284
f 811 1284 2284
f 657 810 658
f 809 811 659
f 857 833 812
f 736 812 49
f 707 737 656
f 737 1097 810
f 657 737 810
f 712 858 813
f 710 813 863
f 863 860 996
f 815 72 864
f 865 908 991
f 861 859 820
f 817 740 613
f 755 613 740
f 1489 612 2386
f 1003 1047 1048
f 819 966 1002
f 914 1002 966
f 912 609 608
f 915 819 1002
f 763 868 920
f 822 756 821
f 822 821 916
f 778 777 824
f 826 778 824
f 824 742 826
f 824 823 742
f 823 825 857
f 868 869 827
f 917 827 789
f 921 832 828
f 922 828 2324
f 792 829 2324
f 779 830 792
f 830 695 831
f 832 51 833
f 833 793 832
f 828 832 793
f 794 828 793
f 52 832 921
f 795 834 681
f 795 835 834
f 757 836 835
f 836 759 758
f 777 778 871
f 837 778 826
f 743 837 826
f 797 840 838
f 872 605 1443
f 1110 885 886
f 873 874 838
f 872 838 605
f 876 841 797
f 877 876 924
f 839 841 876
f 892 604 846
f 872 873 838
f 888 58 219
f 889 56 300
f 889 974 971
f 241 940 54
f 603 844 900
f 602 845 844
f 604 892 893
f 900 844 845
f 604 603 846
f 903 601 600
f 905 600 599
f 891 847 848
f 847 845 602
f 903 847 601
f 848 903 953
f 983 956 955
f 1130 849 1131
f 851 852 850
f 906 907 850
f 1112 984 851
f 852 851 983
f 853 801 987
f 854 853 597
f 855 802 2286
f 856 67 66
f 860 993 995
f 65 64 911
f 856 66 803
f 803 66 911
f 66 65 911
f 804 63 1130
f 812 833 50
f 857 812 867
f 713 858 712
f 747 858 662
f 820 859 694
f 861 862 992
f 862 864 865
f 862 861 820
f 863 861 860
f 815 862 820
f 862 865 992
f 860 995 996
f 859 863 813
f 997 710 996
f 1095 1094 814
f 865 864 71
f 815 864 862
f 908 70 69
f 992 865 991
f 915 612 611
f 2386 612 818
f 912 819 609
f 915 610 819
f 885 912 608
f 912 1114 966
f 818 612 915
f 917 918 920
f 780 2323 1132
f 764 866 782
f 780 866 2323
f 919 2323 866
f 736 867 812
f 742 823 693
f 869 868 730
f 868 827 920
f 869 730 684
f 827 678 789
f 869 678 827
f 835 871 796
f 776 871 836
f 943 894 873
f 894 943 896
f 874 873 875
f 838 874 797
f 874 731 924
f 875 873 894
f 924 731 877
f 797 874 924
f 874 875 878
f 884 970 1055
f 883 881 882
f 924 876 797
f 882 876 877
f 926 945 929
f 879 875 894
f 877 731 884
f 878 875 879
f 970 878 930
f 895 899 894
f 925 879 926
f 899 879 894
f 881 880 839
f 885 607 886
f 839 880 841
f 882 881 839
f 1110 881 883
f 882 839 876
f 883 1111 2329
f 1111 883 882
f 1161 1159 1172
f 884 1055 1111
f 607 606 886
f 881 886 880
f 888 887 58
f 798 887 932
f 2325 887 798
f 889 2389 56
f 890 889 300
f 937 55 54
f 241 53 940
f 937 54 843
f 829 816 922
f 843 54 940
f 891 733 901
f 897 900 901
f 929 925 926
f 895 894 896
f 896 892 846
f 893 943 872
f 893 892 943
f 976 978 944
f 898 897 944
f 895 897 898
f 897 896 846
f 895 896 897
f 846 900 897
f 898 978 979
f 898 951 895
f 951 899 895
f 603 900 846
f 901 900 845
f 901 976 944
f 1057 933 1056
f 951 898 979
f 926 946 945
f 946 902 945
f 905 903 600
f 599 952 905
f 952 800 904
f 598 952 599
f 905 953 903
f 953 905 904
f 982 906 2325
f 972 973 1010
f 1112 907 1014
f 986 957 958
f 956 957 959
f 987 961 853
f 801 962 987
f 805 854 597
f 988 854 808
f 1000 856 990
f 855 67 856
f 964 2286 802
f 865 70 908
f 855 2286 69
f 908 69 2286
f 996 710 863
f 911 909 803
f 999 990 910
f 804 911 64
f 959 1040 1131
f 912 913 1114
f 885 913 912
f 912 966 819
f 1046 967 1080
f 967 741 818
f 611 610 915
f 918 916 821
f 866 916 919
f 781 788 917
f 916 918 919
f 920 918 821
f 918 917 919
f 920 821 763
f 922 921 828
f 829 922 2324
f 941 816 829
f 968 695 1005
f 878 879 925
f 899 926 879
f 929 930 925
f 929 945 948
f 929 927 930
f 878 970 731
f 928 970 930
f 798 932 931
f 935 931 1006
f 935 934 931
f 2389 932 888
f 931 932 1006
f 1006 2389 971
f 935 1006 936
f 1119 1127 1118
f 935 933 1123
f 933 935 936
f 933 1057 1123
f 798 972 982
f 798 931 934
f 973 934 1122
f 1007 974 1008
f 938 937 799
f 938 799 939
f 937 938 890
f 1018 939 799
f 890 55 937
f 816 940 53
f 1051 941 831
f 891 848 954
f 892 896 943
f 898 944 978
f 901 944 897
f 949 945 902
f 899 946 926
f 979 902 946
f 1024 902 981
f 929 948 927
f 980 981 979
f 950 945 949
f 948 945 1023
f 947 950 949
f 1023 945 950
f 979 946 951
f 946 899 951
f 800 952 960
f 905 952 904
f 1062 986 1059
f 1026 953 904
f 954 848 1028
f 733 942 976
f 953 1028 848
f 906 982 842
f 907 906 842
f 906 850 333
f 1112 850 907
f 1112 851 850
f 956 851 984
f 955 959 849
f 959 955 956
f 956 984 957
f 959 957 1040
f 957 984 958
f 1031 1100 1038
f 1040 957 986
f 961 960 598
f 960 961 987
f 963 802 1000
f 1000 802 856
f 965 963 1000
f 802 963 964
f 1042 994 995
f 1040 734 1085
f 967 1002 914
f 914 1081 1080
f 741 967 1046
f 695 923 831
f 843 799 937
f 1018 799 969
f 927 690 1053
f 928 930 927
f 1126 1053 690
f 970 928 1055
f 731 970 884
f 57 888 219
f 936 1006 971
f 973 972 934
f 1011 973 1128
f 889 971 2389
f 1007 971 974
f 890 974 889
f 938 974 890
f 1008 938 939
f 1008 1115 732
f 976 942 977
f 1060 733 954
f 1059 985 1017
f 980 977 1016
f 977 978 976
f 1116 950 1009
f 927 948 690
f 1127 948 1023
f 947 949 1024
f 979 978 980
f 978 977 980
f 1058 980 1016
f 902 979 981
f 800 1025 904
f 1027 1026 1030
f 1031 1029 1100
f 982 2325 798
f 982 972 842
f 852 983 270
f 983 851 956
f 1015 984 1112
f 962 801 1066
f 989 988 808
f 854 988 801
f 808 1091 989
f 1095 1096 692
f 1063 1065 691
f 803 990 856
f 2286 991 908
f 993 992 991
f 992 993 860
f 1044 1042 1043
f 1074 1075 1073
f 1042 993 991
f 2287 814 997
f 861 992 860
f 2287 997 996
f 995 994 2287
f 994 1074 1076
f 1072 1041 692
f 1087 1084 1086
f 1001 999 1045
f 1001 1000 990
f 1069 691 1065
f 915 1002 818
f 1004 1003 1050
f 1003 1004 696
f 696 740 1047
f 1004 1050 1049
f 725 1004 664
f 1102 2326 1133
f 2386 741 1048
f 1002 967 818
f 1147 968 1005
f 1022 923 968
f 831 923 969
f 940 1051 843
f 799 843 969
f 1051 969 843
f 1129 1127 1119
f 1106 1140 1147
f 1007 936 971
f 974 938 1008
f 1115 1008 939
f 732 1007 1008
f 1123 934 935
f 950 1116 1023
f 1061 1128 947
f 1012 1014 907
f 1011 1128 1061
f 1012 1010 1011
f 907 842 1012
f 972 1010 842
f 1012 842 1010
f 1014 1012 2327
f 1011 1061 2327
f 2327 1083 1013
f 1013 985 1015
f 1015 1014 1013
f 1015 985 1059
f 1015 958 984
f 1016 977 1070
f 1070 977 942
f 1017 1016 1070
f 1017 985 1058
f 1115 939 975
f 1018 969 923
f 975 939 1018
f 1150 1022 1143
f 1142 1149 1143
f 1115 1021 1121
f 1020 1018 923
f 975 1019 1021
f 1019 975 1020
f 1020 975 1018
f 1151 1153 1125
f 923 1022 1020
f 690 948 1127
f 1061 1024 1083
f 1014 2327 1013
f 902 1024 949
f 1024 981 1083
f 800 962 1025
f 1026 904 1025
f 1028 1026 1027
f 1026 1025 1032
f 1027 1030 1035
f 1031 1027 1035
f 1028 1027 1039
f 1026 1028 953
f 1045 1063 691
f 1045 1037 1063
f 1035 1029 1031
f 734 986 1062
f 1030 1026 1032
f 1064 1032 1025
f 1036 1030 1032
f 1029 1035 1033
f 1034 1036 1037
f 999 910 1087
f 1033 1035 1034
f 1035 1030 1034
f 1037 1036 1063
f 1100 1070 1038
f 1027 1031 1039
f 1038 1039 1031
f 986 734 1040
f 1033 734 1062
f 1059 986 958
f 1071 1091 806
f 1064 1025 962
f 1043 991 2286
f 1044 1043 964
f 991 1043 1042
f 1000 1001 965
f 999 1001 990
f 1080 967 914
f 1050 1046 1082
f 1048 1047 817
f 1047 1003 696
f 817 1427 2386
f 1046 1048 741
f 787 664 2388
f 1004 1049 664
f 1102 1050 1082
f 1050 1003 1046
f 1048 1046 1003
f 816 941 940
f 969 1051 831
f 690 1127 1129
f 928 1053 1054
f 1126 1052 1053
f 1053 1052 1054
f 1166 1055 1168
f 927 1053 928
f 928 1054 1055
f 1007 732 1056
f 936 1056 933
f 1118 1116 1117
f 1057 1056 1120
f 1057 1117 1123
f 950 947 1009
f 981 980 1058
f 985 1013 1058
f 1017 1058 1016
f 1015 1059 958
f 1060 942 733
f 1039 1060 954
f 1028 1039 954
f 1024 1061 947
f 1011 2327 1012
f 2327 1061 1083
f 1100 1062 1059
f 1062 1100 1029
f 1063 1064 1065
f 1032 1064 1036
f 1066 1064 962
f 988 1068 1066
f 1069 1065 1068
f 1064 1066 1065
f 1041 1072 1090
f 989 1068 988
f 1067 1069 1068
f 994 1042 1074
f 1077 1069 1067
f 1069 1077 691
f 1017 1070 1100
f 942 1038 1070
f 1071 735 1092
f 1090 1067 1068
f 993 1042 995
f 963 1044 964
f 1042 1044 1074
f 1075 1074 1044
f 1067 1079 1073
f 1075 1044 963
f 1074 1073 1076
f 963 965 1075
f 1001 1045 691
f 1076 1073 1079
f 994 1076 2287
f 1078 1075 965
f 1001 1078 965
f 1079 1072 998
f 1077 1078 691
f 1001 691 1078
f 1046 1080 1082
f 1102 1099 2388
f 2326 1082 1080
f 741 2386 818
f 981 1058 1083
f 1083 1058 1013
f 1017 1100 1059
f 1029 1033 1062
f 1033 1089 734
f 1089 1085 734
f 1085 1086 1084
f 909 1088 910
f 1086 1085 1089
f 1085 1084 1131
f 1045 999 1087
f 1087 910 1088
f 1087 1086 1037
f 1088 909 804
f 1087 1088 1084
f 1034 1089 1033
f 1041 1090 989
f 1079 1090 1072
f 1067 1090 1079
f 806 1091 808
f 692 1091 1071
f 1093 735 2285
f 1096 1095 814
f 1097 1094 1093
f 1093 1094 1095
f 814 1094 997
f 1097 1093 810
f 692 1092 1095
f 1095 1092 1093
f 1096 998 1072
f 738 1097 737
f 1091 692 1041
f 1092 692 1071
f 1096 1072 692
f 1105 773 2390
f 788 1099 2323
f 1133 2328 1132
f 1089 1034 1086
f 1037 1086 1034
f 1087 1037 1045
f 1133 2326 2328
f 1049 1050 1102
f 1099 1102 1133
f 1107 1005 784
f 1104 782 780
f 773 782 1104
f 1156 1146 1103
f 1081 1170 1101
f 1104 780 1103
f 773 1104 2390
f 1134 1156 1103
f 1105 1107 771
f 1107 1105 1106
f 1140 1106 1141
f 1147 1005 1107
f 1147 1107 1106
f 651 1108 652
f 705 1108 1109
f 820 694 751
f 885 1110 913
f 881 1110 886
f 877 1111 882
f 1166 1111 1055
f 1112 1014 1015
f 1164 1170 1171
f 1114 1113 914
f 914 1113 1081
f 883 1162 1110
f 1160 1161 1162
f 1114 913 1172
f 920 827 917
f 1021 1115 975
f 1116 1009 1117
f 1116 1127 1023
f 1122 1117 1009
f 1117 1057 1118
f 1127 1116 1118
f 1118 1120 1119
f 1120 732 1121
f 1128 1009 947
f 1123 1122 934
f 1117 1122 1123
f 1115 1121 732
f 1152 1125 1021
f 1021 1125 1121
f 1153 1124 1125
f 1120 1121 1124
f 1129 1126 690
f 1153 1126 1124
f 1057 1120 1118
f 1124 1119 1120
f 1122 1128 973
f 1009 1128 1122
f 1124 1129 1119
f 1126 1129 1124
f 1131 1088 1130
f 849 959 1131
f 1130 1088 804
f 1084 1088 1131
f 62 849 63
f 1131 1040 1085
f 1101 1098 2328
f 1099 1133 1132
f 1134 2328 1098
f 1103 780 1132
f 1132 2328 1134
f 1159 1171 1172
f 1153 1154 1155
f 1132 1134 1103
f 1138 1136 1164
f 1081 1101 2326
f 1101 1170 1136
f 1152 1151 1125
f 1101 1136 1098
f 1164 1136 1170
f 1139 1156 1098
f 1163 1138 1164
f 1139 1138 1137
f 1135 1144 1137
f 1139 1137 1144
f 1142 1144 1135
f 1147 1140 1143
f 1140 1142 1143
f 1104 1103 1146
f 1141 1146 1145
f 1106 2390 1141
f 1143 1149 1150
f 1145 1144 1142
f 1156 1144 1145
f 2390 1104 1146
f 1145 1146 1156
f 2390 1146 1141
f 1143 1022 1147
f 968 1147 1022
f 1152 1019 1150
f 1148 1142 1135
f 1142 1148 1149
f 1135 1158 1154
f 1151 1149 1148
f 1150 1019 1020
f 1137 1167 1158
f 1052 1157 1168
f 1151 1152 1149
f 1019 1152 1021
f 1022 1150 1020
f 1152 1150 1149
f 1154 1153 1151
f 1154 1151 1148
f 1135 1154 1148
f 1144 1156 1139
f 1157 1052 1155
f 1158 1157 1155
f 1138 1163 1167
f 1155 1154 1158
f 1137 1158 1135
f 1167 1157 1158
f 1161 1172 913
f 1162 2329 1160
f 1163 1159 1160
f 1162 1161 913
f 1159 1161 1160
f 1110 1162 913
f 1165 1160 2329
f 1163 1165 1169
f 1159 1163 1164
f 2329 1166 1165
f 1163 1169 1167
f 1166 1168 1169
f 1111 1166 2329
f 1168 1055 1054
f 1166 1169 1165
f 1138 1167 1137
f 1052 1168 1054
f 1157 1169 1168
f 1167 1169 1157
f 1113 1170 1081
f 1171 1170 1113
f 1172 1171 1113
f 1171 1159 1164
f 1114 1172 1113
f 1145 1140 1141
f 1142 1140 1145
f 616 617 618
f 1311 1234 1272
f 1269 1219 1220
f 616 618 619
f 619 1276 616
f 1345 616 1276
f 1276 619 1173
f 1271 1269 1263
f 1271 1218 1219
f 1348 1312 1350
f 1236 1258 2292
f 647 648 1244
f 1353 1179 1180
f 2331 1258 1266
f 1488 611 612
f 1269 1240 2288
f 2330 1310 1234
f 1267 1261 1250
f 2338 1186 1187
f 1286 1253 1259
f 1247 1224 1225
f 607 608 1433
f 613 614 1486
f 1274 1275 1336
f 1239 1238 1251
f 1507 1357 1394
f 1310 2288 1255
f 1243 647 1244
f 1217 1285 1216
f 872 1443 1445
f 1234 1311 2330
f 1736 1515 1510
f 1237 1261 1260
f 1446 841 880
f 1255 2288 1259
f 1235 1231 1232
f 1397 601 602
f 1323 596 597
f 598 1366 961
f 1325 1297 1378
f 601 1397 1398
f 1334 1306 1213
f 2292 1228 1229
f 1247 1253 1246
f 1226 1227 1242
f 1327 1295 1328
f 1247 1246 1224
f 1339 1343 1340
f 1326 596 1323
f 1232 2291 2290
f 1293 1332 1233
f 1245 1243 1238
f 1226 1242 1254
f 1223 1224 1246
f 1239 1246 1253
f 2292 1258 1241
f 1229 1230 2289
f 1230 1231 1249
f 1240 1248 1286
f 1202 1920 1438
f 1188 1362 1361
f 1241 2331 1267
f 1188 1189 1362
f 1262 1264 1305
f 1265 1261 1267
f 1342 1479 1341
f 1282 1283 1191
f 1395 1204 1205
f 1249 1257 2289
f 1255 1256 1237
f 1245 1248 1221
f 1258 2331 1241
f 1437 1392 1436
f 1437 1498 1392
f 1242 1250 1261
f 1192 1282 1191
f 1238 1244 1251
f 1237 1242 1261
f 1246 1251 1223
f 1247 1256 1253
f 1503 1549 1201
f 1259 1256 1255
f 1550 1201 1549
f 1244 1222 1251
f 1495 1199 1200
f 1236 2292 2289
f 1198 1199 1496
f 1260 1234 1310
f 1260 1255 1237
f 1218 1271 1217
f 1272 1260 1261
f 1263 2330 1309
f 1242 1227 1250
f 1221 1248 1220
f 1238 1243 1244
f 1256 1247 1254
f 1260 1310 1255
f 1287 1257 1249
f 648 1222 1244
f 1237 1256 1254
f 1243 1252 663
f 663 1252 646
f 2289 1257 1236
f 1245 1252 1243
f 1228 1250 1227
f 1243 663 647
f 1221 646 1252
f 1268 1258 1236
f 1415 1209 1210
f 1251 1246 1239
f 1221 1252 1245
f 1381 1382 1343
f 1241 1250 1228
f 1272 1234 1260
f 1222 1223 1251
f 1225 1226 1254
f 1300 1333 1214
f 1212 1306 1308
f 1286 1245 1238
f 1286 1239 1253
f 1308 1306 1307
f 1241 1228 2292
f 1242 1237 1254
f 1256 1259 1253
f 1286 1259 1240
f 2288 1240 1259
f 1272 1261 1265
f 1274 1265 1273
f 1258 1268 1266
f 1265 2331 1273
f 1262 1304 1264
f 1273 2331 1266
f 1241 1267 1250
f 1257 1291 1236
f 1266 1268 1264
f 1271 1263 1309
f 1309 1217 1271
f 1248 1240 1220
f 1270 1273 1304
f 1269 1271 1219
f 1274 1272 1265
f 1311 1272 1336
f 1274 1273 1270
f 1264 1304 1266
f 1275 1274 1270
f 1274 1336 1272
f 1301 1303 1299
f 1270 1301 1299
f 1275 2391 1336
f 1175 1176 1350
f 614 615 1344
f 1277 1276 1173
f 1173 1174 1277
f 1312 1174 1175
f 1177 1349 1350
f 1312 1277 1174
f 1277 1312 1314
f 1183 1184 1360
f 1199 1495 1496
f 1445 893 872
f 1282 1281 1283
f 1282 1193 1281
f 1283 1281 1406
f 1190 1191 1283
f 600 601 1398
f 1484 1614 2393
f 1233 1330 1293
f 1288 1294 1292
f 1217 1309 1285
f 1215 1216 1285
f 1239 1286 1238
f 1235 1287 1231
f 1288 1287 1235
f 2291 1377 2290
f 1268 1289 1264
f 1293 1330 1290
f 1236 1291 1289
f 1288 1292 1287
f 1290 1291 1257
f 1331 1291 1290
f 1290 1292 1293
f 1296 1332 1293
f 1296 1292 1294
f 1292 1296 1293
f 1288 2293 1295
f 1288 1295 1294
f 1328 1295 2293
f 1327 1323 1368
f 1297 1296 1294
f 1378 1295 1327
f 1297 1325 2333
f 1297 1332 1296
f 1303 1301 1302
f 1275 1270 1299
f 1300 2391 1298
f 1298 2391 1275
f 1299 1298 1275
f 1214 1894 1335
f 1301 1304 1262
f 1302 1301 1262
f 1303 1302 1307
f 1299 1303 1298
f 1306 1334 1303
f 1333 1334 1213
f 1270 1304 1301
f 1304 1273 1266
f 1478 1479 1480
f 1308 1343 1382
f 1306 1303 1307
f 1213 1306 1212
f 1340 1341 1479
f 1302 1341 1340
f 1382 1212 1308
f 2288 1310 1263
f 1311 1336 2334
f 1312 1348 1314
f 1344 1346 614
f 1350 1312 1175
f 1314 1345 1277
f 1348 1349 1429
f 1348 1384 1314
f 1432 1384 1431
f 609 610 1387
f 1584 1278 1533
f 1517 1446 1447
f 1516 1433 1388
f 1396 1206 1207
f 1365 1189 1190
f 2338 1187 1361
f 1408 1405 1406
f 1407 1408 1406
f 1365 1283 1406
f 1365 1405 1362
f 1210 1734 1415
f 1474 1484 2393
f 1419 1483 1477
f 1555 1395 1556
f 1368 597 853
f 1369 853 961
f 1370 1368 1369
f 1378 1297 1294
f 1325 1324 1371
f 1371 1324 1376
f 1326 1328 2293
f 596 1326 1377
f 1368 1323 597
f 1368 1370 1327
f 1324 1325 1378
f 1328 1323 1327
f 1323 1328 1326
f 1377 2293 2290
f 1379 1330 1233
f 1291 1331 1289
f 1342 1305 1423
f 1290 1330 1331
f 1379 1331 1330
f 1335 1300 1214
f 1333 1300 1334
f 1300 1298 1334
f 1303 1334 1298
f 1329 1335 1894
f 1300 1335 2391
f 1329 1337 1335
f 2391 1337 1336
f 1338 2334 2392
f 1285 1309 1338
f 1340 1308 1307
f 1305 1342 1341
f 1262 1305 1341
f 1302 1340 1307
f 1375 1423 1233
f 1375 1233 1417
f 1262 1341 1302
f 1426 1381 1343
f 1379 1423 1305
f 1308 1340 1343
f 1345 1344 615
f 616 1345 615
f 1277 1345 1276
f 1346 1352 1486
f 1313 1545 1617
f 1493 1494 1591
f 1431 1429 1383
f 1384 1348 1429
f 1351 1177 1178
f 1429 1349 1347
f 1177 1350 1176
f 1348 1350 1349
f 1349 1177 1351
f 1434 1178 1179
f 1349 1351 1347
f 1314 1385 1344
f 1345 1314 1344
f 1384 1385 1314
f 1344 1385 1346
f 1386 1352 1432
f 1388 1547 1661
f 1387 1548 609
f 1430 1347 1390
f 1694 1709 1708
f 1444 1394 1443
f 1455 1456 1459
f 1407 1409 1280
f 1359 1195 1196
f 1197 1463 1976
f 1389 1466 1467
f 1362 1189 1365
f 1187 1188 1361
f 1322 1364 1321
f 1364 1194 1321
f 1321 1194 1363
f 1364 1322 1193
f 1281 1322 1406
f 1281 1193 1322
f 1283 1365 1190
f 1406 1322 1407
f 598 599 1460
f 1327 1370 1324
f 1734 1210 1211
f 1482 1543 1415
f 1369 1368 853
f 961 1366 1369
f 1370 1366 1324
f 1371 1373 1475
f 1373 1520 1457
f 1417 1233 1332
f 1520 1371 1376
f 1418 1417 2333
f 1417 1374 1375
f 1332 1297 2333
f 1417 1418 1374
f 1478 1339 1479
f 1480 1423 1375
f 1476 1375 1374
f 1472 1366 1460
f 596 1377 1284
f 2293 1377 1326
f 1295 1378 1294
f 1324 1378 1327
f 2392 1329 1215
f 1289 1379 1264
f 1331 1379 1289
f 1338 2330 1311
f 1309 2330 1338
f 1380 1426 1421
f 1426 1343 1339
f 1381 1426 1425
f 1427 1486 1487
f 1489 1487 1428
f 1430 1429 1347
f 1385 1384 1432
f 1547 1591 1546
f 1389 1180 1181
f 1466 1182 1403
f 1434 1353 1390
f 1351 1178 1434
f 1389 1353 1180
f 1523 1353 1389
f 1429 1430 1383
f 1351 1434 1347
f 1347 1434 1390
f 2394 1390 1353
f 1503 1202 1438
f 1550 1391 1495
f 1197 1198 1497
f 1392 1498 1499
f 1442 1393 1439
f 1447 880 606
f 1507 1508 1506
f 1204 1395 1554
f 1208 1367 1413
f 1597 1557 1442
f 1393 1440 1439
f 1556 1395 1396
f 1204 1554 1441
f 1448 602 844
f 1449 844 603
f 2341 1320 1458
f 1448 1397 602
f 1458 1397 2341
f 1449 1450 1448
f 1194 1400 1363
f 1196 1463 1464
f 1401 1195 2336
f 1522 1359 1464
f 1465 1184 1185
f 1404 1185 1186
f 1403 1527 1467
f 1182 1466 1181
f 1465 1360 1184
f 1182 1183 1403
f 2337 2338 1361
f 1404 1402 1465
f 1280 1411 1586
f 1186 2338 1404
f 1525 1402 1404
f 1362 1405 1524
f 1406 1405 1365
f 1407 1322 1321
f 1409 1407 1321
f 1407 1280 1408
f 1409 1321 1363
f 1470 1408 1280
f 1405 1408 1524
f 1363 1410 1409
f 1400 1401 1410
f 1411 1280 1409
f 1542 1413 1367
f 1414 1416 1412
f 1206 1396 1205
f 1543 1416 1414
f 1543 1414 1415
f 1209 1415 1414
f 1543 1484 1474
f 1367 1208 1412
f 1207 1208 1413
f 1324 1366 1472
f 1369 1366 1370
f 1376 1324 1472
f 2333 1417 1332
f 1475 1325 1371
f 2333 1475 1418
f 1566 1418 1475
f 1374 1418 1372
f 1419 1374 1372
f 1374 1419 1477
f 1566 1372 1418
f 1374 1477 1476
f 1375 1476 1480
f 1479 1339 1340
f 1478 1480 1476
f 1477 1483 1422
f 1478 1421 1339
f 1421 1420 1735
f 1421 1735 1380
f 1422 1735 1420
f 1420 1476 1477
f 1735 1422 1482
f 1233 1423 1379
f 1426 1339 1421
f 1425 1426 1380
f 1489 1427 1487
f 613 1486 1427
f 1487 1352 1386
f 1486 1352 1487
f 1383 1545 1431
f 1490 1530 1491
f 1432 1431 1313
f 1384 1429 1431
f 1432 1313 1616
f 1385 1432 1352
f 1493 1387 610
f 1548 1433 608
f 1466 1389 1181
f 1353 1434 1179
f 1490 2394 1530
f 1467 1527 1583
f 1435 1523 1583
f 2394 1353 1523
f 1389 1467 1523
f 1523 1435 2394
f 1436 1438 1437
f 1438 1920 1437
f 1498 1437 1440
f 1438 1436 1503
f 1439 1440 1203
f 1441 1442 1439
f 1498 1440 1393
f 1442 1441 1554
f 1505 1355 1498
f 1597 1442 1554
f 1393 1442 1557
f 1444 1443 605
f 1445 1443 1394
f 840 841 2335
f 893 1445 1560
f 1447 1446 880
f 606 607 1518
f 1358 1446 1517
f 1395 1205 1396
f 1207 1413 1396
f 1413 1542 1473
f 1449 1448 844
f 1399 1449 603
f 1449 1399 1450
f 603 604 1399
f 1399 1451 1450
f 1519 1565 1452
f 1399 1561 1451
f 1452 1565 2341
f 1450 1451 1452
f 2341 1565 1320
f 1448 2341 1397
f 1452 2341 1450
f 1448 1450 2341
f 1453 1320 1454
f 1398 1458 1459
f 1458 1398 1397
f 1453 1424 1455
f 1458 1320 1453
f 1454 1737 1424
f 1453 1454 1424
f 1472 1471 1376
f 1471 1456 1455
f 1453 1455 1459
f 1424 1457 1455
f 2342 1456 1460
f 1398 1459 2342
f 1521 1566 1373
f 1459 1458 1453
f 2342 1459 1456
f 599 2342 1460
f 1460 1471 1472
f 598 1460 1366
f 1398 2342 600
f 1461 1462 1410
f 1401 1461 1410
f 1463 1196 1976
f 1359 1196 1464
f 1497 1198 1496
f 1497 1553 1463
f 1552 1551 1594
f 1553 1464 1463
f 1522 1464 1571
f 1404 1465 1185
f 1360 1465 1402
f 1467 1466 1403
f 1583 1523 1467
f 1470 1524 1408
f 1280 1586 1470
f 1470 2337 1524
f 1538 1536 1469
f 1576 1534 1462
f 1410 1462 1409
f 1586 1534 1538
f 1586 1538 1469
f 1541 1470 1469
f 1456 1471 1460
f 2393 1614 1649
f 1396 1413 1473
f 1555 1556 1647
f 1556 1396 1473
f 1412 1416 1367
f 1416 1474 1367
f 1566 1475 1373
f 1325 1475 2333
f 1566 1569 1372
f 1636 1737 1634
f 1420 1477 1422
f 1476 1420 1478
f 1421 1478 1420
f 1480 1479 1342
f 1423 1480 1342
f 1482 1481 1543
f 1481 1482 1422
f 1484 1485 1614
f 1484 1481 1485
f 1483 1485 1481
f 1385 1352 1346
f 1650 1487 1386
f 1489 1488 612
f 1654 1488 1428
f 1428 1488 1489
f 1490 1430 1390
f 2394 1490 1390
f 1491 1492 1490
f 1491 2344 1492
f 1545 1313 1431
f 1591 1494 1652
f 611 1493 610
f 611 1494 1493
f 609 1548 608
f 1550 1495 1200
f 1201 1550 1200
f 1496 1495 1391
f 1197 1497 1463
f 1552 1497 1496
f 1553 1497 1552
f 1393 1557 1505
f 1498 1355 1499
f 1501 1621 1354
f 1392 1499 1502
f 1502 1499 1500
f 1436 1392 1501
f 1316 1502 2343
f 1392 1502 1501
f 1686 1684 1316
f 1920 1203 1440
f 1437 1920 1440
f 1503 1354 1549
f 1501 1354 1436
f 1354 1503 1436
f 1555 1597 1554
f 1732 1597 1555
f 1558 1504 1557
f 1393 1505 1498
f 1733 1355 1505
f 605 840 1444
f 1507 1394 1508
f 1509 1507 1506
f 1559 2335 1446
f 1508 1559 1506
f 1506 1559 1723
f 1508 1444 2335
f 1723 1559 1358
f 1509 1357 1507
f 1515 1451 1511
f 1445 1513 1560
f 1317 1514 1512
f 1510 1357 1512
f 1513 1510 1511
f 1317 1512 1509
f 1509 1512 1357
f 1512 1736 1510
f 1736 1512 1514
f 1562 1514 1710
f 1563 1515 1736
f 1451 1515 1563
f 1515 1511 1510
f 1447 1516 1517
f 1388 1661 1672
f 1516 1447 1518
f 1516 2355 1517
f 606 1518 1447
f 607 1433 1518
f 1637 1598 1625
f 1710 1712 1562
f 1519 1452 1563
f 1519 1598 1565
f 1471 1520 1376
f 1457 1520 1455
f 1455 1520 1471
f 1372 1569 1567
f 1359 1522 1573
f 1576 1462 2339
f 1461 1401 2336
f 1571 1572 1522
f 1524 2337 1361
f 1362 1524 1361
f 1539 1525 1536
f 1402 1525 1526
f 1527 2395 1609
f 1609 2395 1526
f 1491 1530 1531
f 1589 1610 1609
f 2344 1531 1533
f 1530 1529 1531
f 1531 1529 1532
f 1491 1531 2344
f 1609 1612 1528
f 1584 1533 1532
f 1608 1533 1278
f 2339 1577 1576
f 1534 1576 1468
f 1534 1468 1538
f 1462 1534 1411
f 1468 1537 1538
f 1536 1525 1541
f 1470 1586 1469
f 1534 1586 1411
f 1468 1576 1575
f 1540 1589 1535
f 1469 1536 1541
f 1539 1536 1535
f 1535 1536 1538
f 1535 1538 1537
f 1539 1535 1589
f 1525 1539 1526
f 1535 1537 1540
f 1528 1612 1613
f 1581 1579 1582
f 1470 1541 2337
f 1474 1542 1367
f 1484 1543 1481
f 1568 1614 1485
f 1649 1614 1615
f 1492 1383 1430
f 1383 1492 1545
f 1585 1492 2344
f 1651 1643 1669
f 1494 1488 1654
f 1545 1492 1585
f 1490 1492 1430
f 1388 1433 1548
f 1494 611 1488
f 1547 1548 1387
f 1591 1547 1387
f 1547 1620 1661
f 1354 1621 2347
f 2347 1550 1549
f 1391 1550 2347
f 1551 1496 1391
f 1391 1622 1551
f 1594 1596 1571
f 1551 1552 1496
f 1553 1571 1464
f 1555 1554 1395
f 1505 1557 1504
f 1648 2350 1319
f 1559 1508 2335
f 1394 1444 1508
f 1358 1559 1446
f 1445 1394 1513
f 1357 1513 1394
f 1560 1513 1511
f 1357 1510 1513
f 1511 1561 1560
f 1399 604 1561
f 1560 604 893
f 1451 1561 1511
f 1672 1516 1388
f 1516 1518 1433
f 1451 1563 1452
f 1598 1564 1624
f 1563 1564 1519
f 1565 1637 1320
f 1637 1565 1598
f 1569 1566 1521
f 1520 1373 1371
f 1521 1373 1457
f 1737 1631 1632
f 1419 1567 1483
f 1567 1569 1570
f 1568 1570 1544
f 1567 1570 1485
f 1634 1570 1569
f 1594 1571 1552
f 1572 1571 1596
f 1572 1578 1599
f 1599 1573 1522
f 1461 1573 2339
f 2339 1599 1577
f 1468 1575 1537
f 1579 1574 1578
f 1575 1576 1574
f 1573 1599 2339
f 1574 1576 1577
f 1574 1577 1578
f 1356 1675 1677
f 1574 1581 1575
f 1574 1579 1581
f 1578 1572 1600
f 1579 1578 1600
f 1676 1689 1679
f 1601 2345 1540
f 1640 1641 1679
f 1537 1575 1601
f 1527 1403 2395
f 1527 1528 1583
f 1435 1583 1528
f 1584 1532 1588
f 1532 1587 1588
f 1643 1608 1278
f 2397 1585 1608
f 1585 1617 1545
f 2344 1608 1585
f 1532 1533 1531
f 1608 2344 1533
f 1610 1589 1540
f 1609 1610 1612
f 1584 1588 2346
f 1587 1532 1529
f 1612 1610 1611
f 1611 1588 1587
f 1526 1589 1609
f 1539 1589 1526
f 1647 1556 1473
f 1615 1568 1544
f 1493 1591 1387
f 1546 1591 1652
f 1619 1546 1315
f 1653 1315 1652
f 1546 1619 1620
f 1546 1620 1547
f 1388 1548 1547
f 1354 2347 1549
f 1551 1595 1594
f 1600 1596 1356
f 1596 1595 1356
f 1595 1596 1594
f 1557 1597 1558
f 604 1560 1561
f 1562 1624 1564
f 1564 1598 1519
f 1625 1598 1624
f 1569 1521 1634
f 1572 1599 1522
f 1577 1599 1578
f 1596 1600 1572
f 1581 1601 1575
f 1607 1638 1639
f 1582 1639 1638
f 1607 1580 1605
f 1278 1584 1603
f 1619 1671 1657
f 1643 1603 1602
f 1602 1669 1643
f 1606 2346 1604
f 1580 1639 1640
f 1604 2400 1606
f 1605 1604 2346
f 1611 1645 1588
f 1605 1580 1664
f 2399 1657 1671
f 1645 1605 2346
f 1527 1609 1528
f 1610 1540 2345
f 1612 1587 1613
f 1610 2345 1611
f 2345 1638 1644
f 1435 1613 1529
f 1648 1647 1646
f 1615 1614 1568
f 1627 1615 1544
f 1649 1615 1633
f 1432 1616 1386
f 1617 1616 1313
f 1590 1617 2397
f 1616 1617 1590
f 1652 1315 1546
f 1655 1671 1619
f 1656 1620 1619
f 1656 1672 1661
f 1622 1391 2347
f 1595 1551 1673
f 1662 1622 2347
f 1673 1551 1622
f 1673 1622 1662
f 1658 1680 1699
f 1356 1595 1674
f 1562 1626 1624
f 1624 1626 1663
f 1625 1631 1637
f 2348 1627 1632
f 1716 1712 1710
f 1663 1626 1718
f 1627 1544 1632
f 1627 2348 1629
f 1663 2349 1628
f 1635 1633 1629
f 2348 1628 1629
f 1628 1625 1663
f 1712 1715 1718
f 1648 1319 1647
f 1630 1629 2349
f 1635 1629 1630
f 1737 1454 1631
f 1632 1631 2348
f 1634 1632 1544
f 1615 1627 1633
f 1629 1633 1627
f 1634 1544 1570
f 1646 2396 1648
f 1635 1648 2396
f 1521 1636 1634
f 1637 1454 1320
f 1454 1637 1631
f 1607 1639 1580
f 1681 1666 1668
f 1640 1664 1580
f 1641 1639 1582
f 1665 1664 1666
f 1579 1600 1677
f 1678 1582 1579
f 1641 1640 1639
f 1641 1676 1679
f 1356 1674 1675
f 1595 1673 1674
f 1659 1603 1606
f 1603 1643 1278
f 1604 1605 1664
f 1644 1638 1607
f 1585 2397 1617
f 1612 1611 1587
f 1645 1611 1644
f 1644 1607 1645
f 1605 1645 1607
f 2346 1588 1645
f 1529 1613 1587
f 1646 1647 1473
f 1647 1319 1555
f 1630 1714 2350
f 1649 2396 2393
f 1635 1649 1633
f 1650 1654 1428
f 1654 1618 1652
f 1487 1650 1428
f 1651 1618 1590
f 1618 1654 1650
f 1643 2397 1608
f 1651 1669 1653
f 1650 1590 1618
f 1654 1652 1494
f 1653 1652 1618
f 1651 1653 1618
f 1655 1619 1315
f 1655 1315 1653
f 1669 1655 1653
f 1619 1657 1656
f 1657 1658 1593
f 1658 1657 1592
f 1660 1592 2399
f 1657 1593 1656
f 1593 1658 1670
f 1659 1671 1602
f 1659 1602 1603
f 1660 2399 2400
f 1656 1661 1620
f 1672 1656 1593
f 1593 2401 1672
f 1358 1517 1738
f 1663 1718 2349
f 1625 1624 1663
f 1604 1664 1665
f 1679 1666 1640
f 1660 1665 1681
f 1604 1665 2400
f 1666 1681 1665
f 1640 1666 1664
f 1682 1668 1666
f 1666 1679 1682
f 1668 1667 1687
f 1655 1669 1602
f 1680 1658 1592
f 1602 1671 1655
f 1683 2401 2398
f 1621 1316 1662
f 1675 1674 1642
f 1642 1676 1675
f 1678 1677 1675
f 1642 1689 1676
f 1676 1641 1678
f 1356 1677 1600
f 1675 1676 1678
f 1582 1678 1641
f 1579 1677 1678
f 1667 1693 1687
f 1687 1681 1668
f 1592 1660 1680
f 1689 1682 1679
f 1668 1682 1690
f 1683 2398 1739
f 1672 1683 2355
f 2421 1623 1642
f 1662 1684 2421
f 2354 2403 1726
f 1685 1686 2343
f 1692 1686 1685
f 1699 1680 1687
f 1681 1687 1680
f 1688 1670 1699
f 1318 2398 1688
f 1670 1658 1699
f 1668 1690 1667
f 1689 1690 1682
f 2351 1692 2352
f 1667 1690 2352
f 1689 1623 1690
f 2351 1686 1692
f 1691 1692 1279
f 1693 1667 1691
f 1719 1720 1721
f 1692 1685 1695
f 1692 1695 1279
f 1719 1699 1693
f 1685 2353 2354
f 1514 1697 1710
f 1696 1708 1697
f 1317 1697 1514
f 1696 1694 1708
f 1355 1500 1499
f 2353 2343 1500
f 1705 1703 1704
f 1697 1317 1696
f 1500 1355 1698
f 1505 1504 1733
f 1720 1691 1279
f 1699 1687 1693
f 1694 1696 1703
f 1719 1721 1725
f 1703 1696 1704
f 1702 1725 1700
f 1317 1509 1704
f 1703 1705 1702
f 1707 1706 1727
f 1500 1698 2353
f 2353 1698 1727
f 1702 1701 1694
f 1695 1701 1700
f 1701 1695 1726
f 1701 1702 1700
f 1725 1702 1705
f 1688 1699 1719
f 1700 1279 1695
f 1694 1703 1702
f 1317 1704 1696
f 1506 1722 1509
f 1722 1704 1509
f 1722 1705 1704
f 1701 2402 1694
f 1727 2354 2353
f 1706 1713 1709
f 1626 1712 1718
f 1712 1626 1562
f 1713 1716 1709
f 2402 1726 2403
f 1727 2403 2354
f 1710 1708 1716
f 1706 1730 1713
f 1716 1708 1709
f 1708 1710 1697
f 1319 1728 1732
f 1712 1716 1715
f 1730 1706 1707
f 1711 1715 1713
f 2349 1714 1630
f 1728 2350 1714
f 1733 1731 1707
f 1731 1729 1730
f 1711 1717 1715
f 1717 1718 1715
f 1731 1504 1558
f 1713 1715 1716
f 1728 1717 1711
f 1718 1717 1714
f 2349 1718 1714
f 1720 1719 1693
f 1688 1719 1725
f 1693 1691 1720
f 1279 1700 1721
f 1725 1721 1700
f 1279 1721 1720
f 1723 1722 1506
f 1723 1738 1739
f 1738 1723 1358
f 1705 1722 1724
f 1724 1722 1723
f 1724 1723 1739
f 1724 1725 1705
f 1318 1725 1724
f 1725 1318 1688
f 1726 2402 1701
f 1685 2354 1695
f 1706 2403 1727
f 1733 1707 1698
f 1635 1630 1648
f 1714 1717 1728
f 1711 1729 1728
f 1729 1732 1728
f 1730 1729 1711
f 1732 1729 1558
f 1713 1730 1711
f 1730 1707 1731
f 1504 1731 1733
f 1558 1729 1731
f 1558 1597 1732
f 1728 1319 2350
f 1319 1732 1555
f 1727 1698 1707
f 1355 1733 1698
f 1425 1380 1734
f 1380 1735 1734
f 1415 1734 1482
f 1735 1482 1734
f 1613 1435 1528
f 1530 1435 1529
f 1736 1564 1563
f 1514 1562 1736
f 1564 1736 1562
f 1634 1737 1632
f 1424 1737 1636
f 1672 2355 1516
f 1724 1739 1318
f 1794 1282 1192
f 1758 1794 1192
f 1364 1856 1855
f 1216 1852 1759
f 1193 1856 1364
f 1855 1194 1364
f 1973 1199 1198
f 1770 1769 1792
f 1852 1216 1215
f 1282 1794 1795
f 1756 1820 1757
f 1750 1982 1751
f 1809 1854 1785
f 2301 1793 1779
f 1201 1923 1503
f 1770 1792 1785
f 1883 1922 1920
f 1788 1773 1772
f 1503 1923 1996
f 1791 1793 1771
f 1848 1806 2296
f 1758 1757 1794
f 1928 1208 1207
f 1933 1204 2004
f 1776 1810 1780
f 1412 1208 1930
f 1209 1866 1210
f 1790 1778 1760
f 2087 1775 2081
f 1762 1761 1803
f 1777 1786 84
f 1793 1772 1771
f 1781 1764 1786
f 1382 1381 1865
f 1783 2294 1763
f 1832 1865 1899
f 85 1786 1764
f 1206 1205 1931
f 1761 1760 1778
f 1781 1774 1839
f 1193 1282 1795
f 1790 1759 1852
f 2359 2332 1894
f 1787 1777 83
f 1762 1803 1783
f 1786 1774 1781
f 2410 2192 2222
f 1787 1763 2294
f 83 1777 84
f 1786 85 84
f 1780 1792 1769
f 1213 1835 1333
f 1912 1914 1748
f 2004 1204 1441
f 1820 1794 1757
f 1912 1747 1937
f 1745 1888 1746
f 1741 1740 2358
f 1195 2035 1196
f 1934 1888 1745
f 1994 2356 15
f 1799 1861 2358
f 1827 1743 1742
f 1987 1915 2356
f 1788 2295 1773
f 1742 1741 1831
f 1861 24 23
f 1803 1761 1778
f 2358 1829 1831
f 14 13 1916
f 1799 1740 27
f 1826 1862 1955
f 1862 1826 23
f 27 26 24
f 1794 1820 1795
f 25 24 26
f 24 1799 27
f 19 1891 238
f 1790 1760 1759
f 1777 1787 2294
f 1780 1768 1802
f 21 2303 2018
f 22 21 1890
f 1799 2358 1740
f 1827 1742 1831
f 1802 1782 1840
f 2301 1808 2295
f 1772 1793 2297
f 1773 2298 2299
f 1838 1839 1774
f 1211 1958 1900
f 1 1784 2405
f 1 2300 1784
f 1778 1790 1789
f 1770 1785 1791
f 1781 1765 1764
f 1781 1839 1765
f 1786 1777 1774
f 1839 1766 1765
f 1842 1784 2404
f 1810 1792 1780
f 1763 1787 82
f 1769 1768 1780
f 1971 1756 1755
f 1904 1963 1835
f 1885 10 229
f 1802 1768 1767
f 1839 1782 1766
f 83 82 1787
f 1926 1886 1925
f 1854 1816 2357
f 1215 1329 2332
f 1783 1763 1762
f 1875 5 4
f 1801 1848 1851
f 1886 1926 2079
f 1867 1906 1964
f 1766 1782 1767
f 275 5 1867
f 1924 1927 2008
f 1841 1872 1840
f 1881 1916 1991
f 2294 1774 1777
f 1382 1902 1212
f 1782 1839 1838
f 1869 1803 1836
f 1782 1802 1767
f 1802 1840 1776
f 1778 1789 1803
f 1872 1811 1810
f 1842 1804 1784
f 1842 1806 1804
f 1845 3 2405
f 1806 1842 1843
f 1804 1805 1845
f 2296 1846 1848
f 1845 1805 1844
f 234 3 1845
f 1807 1215 2332
f 1808 2301 1779
f 2238 2239 1779
f 2295 1808 1850
f 1810 1811 1813
f 1809 1785 1792
f 1816 1813 1815
f 1872 1810 1776
f 1810 1813 1809
f 1814 1811 1873
f 2359 1864 1817
f 1812 1817 1864
f 1813 1811 1814
f 1897 1815 1812
f 1814 1873 1868
f 1812 1813 1814
f 1864 2250 1897
f 1898 1818 1815
f 1812 1815 1813
f 1815 1818 1816
f 1818 2357 1816
f 1809 1816 1854
f 1812 1814 1817
f 1813 1816 1809
f 2357 1818 2242
f 2357 1819 1854
f 1980 1194 1855
f 1879 1911 1754
f 1754 1753 1879
f 1197 1976 1877
f 1748 1914 1749
f 1882 2362 1991
f 1944 2020 2178
f 2419 1923 2413
f 1744 1827 1889
f 2016 1858 2015
f 1954 2064 2065
f 1955 1862 22
f 1828 1827 1831
f 1828 1831 1829
f 2065 1830 1954
f 1828 1829 1957
f 2103 1938 1935
f 1830 1889 1828
f 1830 1936 1889
f 1831 1741 2358
f 1214 1863 1894
f 1899 1381 1425
f 1865 1960 1902
f 1866 1958 1210
f 1844 1849 1875
f 1212 1902 1904
f 1898 1815 1897
f 1802 1776 1780
f 1872 1776 1840
f 1789 1853 1868
f 1872 1841 1873
f 1782 1838 1840
f 1869 1870 1803
f 1840 1838 1837
f 1838 1774 1871
f 1840 1837 1841
f 1869 1841 1837
f 1873 1836 1868
f 1843 1842 2298
f 1843 2298 2295
f 1847 1801 1849
f 4 1845 1844
f 1848 1801 1847
f 1805 1806 1847
f 1848 1847 1806
f 1874 1801 1851
f 1805 1847 1844
f 1848 1846 1851
f 1834 1905 1849
f 1844 1847 1849
f 1843 1850 2296
f 1850 1966 2296
f 2295 1850 1843
f 2241 1966 1850
f 1966 1967 1965
f 2241 1850 1808
f 1967 1966 2241
f 1907 1851 1846
f 1852 1807 1853
f 1852 1215 1807
f 1810 1809 1792
f 1814 1868 1817
f 1790 1853 1789
f 1817 1853 1807
f 1852 1853 1790
f 1791 1785 1819
f 1856 1968 1855
f 2095 1975 1857
f 1795 1856 1193
f 1971 1820 1756
f 1877 1974 1197
f 1401 1400 1979
f 2038 2037 1910
f 1917 12 11
f 1921 1883 1920
f 2002 1999 2000
f 1883 1921 1997
f 1885 1924 1859
f 1964 274 275
f 1929 2009 1928
f 2057 1824 2119
f 2340 1203 1922
f 1937 1747 1746
f 1892 1952 1891
f 1915 268 16
f 1950 1946 1947
f 24 1861 1799
f 1861 23 1826
f 1890 1955 22
f 1955 1890 2022
f 1895 1214 1333
f 1864 1863 2250
f 1807 2359 1817
f 1863 1864 2359
f 1898 1897 1963
f 1865 1381 1899
f 1865 1832 1960
f 1900 1425 1211
f 1901 1960 1832
f 1212 1904 1213
f 1900 1958 1833
f 1867 5 1875
f 1905 1906 1867
f 1904 1835 1213
f 1789 1868 1836
f 1853 1817 1868
f 1841 1836 1873
f 1870 1869 1837
f 1838 1871 1837
f 1870 1783 1803
f 1774 2294 1871
f 1837 1871 1870
f 1873 1811 1872
f 1869 1836 1841
f 1845 4 234
f 1875 4 1844
f 1849 1874 1834
f 2092 2030 2091
f 1875 1849 1905
f 2030 2087 2088
f 2203 2162 2199
f 1908 1973 2034
f 1978 1195 1401
f 1857 1909 2035
f 1981 2036 1878
f 1911 1879 1983
f 2361 1752 1751
f 1880 2361 1910
f 2369 1983 1984
f 1911 1971 1755
f 1750 1749 1914
f 1910 2361 1982
f 1982 1913 2038
f 15 14 1916
f 1991 1990 1881
f 1921 1920 1202
f 2413 1201 1200
f 1924 9 8
f 1925 8 7
f 2097 2363 1919
f 1882 1917 1919
f 1924 1885 9
f 2008 1859 1924
f 2045 1885 1859
f 1925 1927 1924
f 1929 1207 1206
f 2010 1930 2009
f 2057 2058 2011
f 2076 1866 2054
f 2012 2059 1932
f 1934 1745 1744
f 1744 1743 1827
f 1985 2014 2015
f 1858 1912 1985
f 1889 1827 1828
f 20 1952 1951
f 1941 19 18
f 2408 18 294
f 1892 1891 1943
f 1940 1951 2021
f 238 1952 20
f 1941 1891 19
f 268 1915 1989
f 2408 1942 1941
f 1956 2022 1954
f 1826 1956 1829
f 2359 1894 1863
f 1835 1895 1333
f 1963 2250 1835
f 1214 1895 1863
f 1863 1895 2250
f 2250 1895 1835
f 1904 1902 1962
f 1864 1897 1812
f 2250 1963 1897
f 1818 1898 1896
f 1818 1896 2242
f 1900 1899 1425
f 1211 1210 1958
f 1959 1900 1833
f 1901 1832 1959
f 1865 1902 1382
f 1903 1901 2026
f 1896 1898 2407
f 1960 1962 1902
f 1906 1905 1834
f 1875 1905 1867
f 274 2027 6
f 1870 1871 1783
f 1874 1849 1801
f 2247 1834 1874
f 2092 1874 1851
f 1965 1907 1846
f 1907 2087 2030
f 1969 1968 1795
f 1968 1970 2031
f 2034 1973 1974
f 2035 1978 1857
f 1978 1979 1981
f 1979 2036 1981
f 1753 2361 1880
f 1751 1982 2361
f 1982 2038 1910
f 2205 2203 2204
f 1971 1972 1970
f 1754 1911 1755
f 1748 1747 1912
f 1914 2044 1913
f 1985 1912 1937
f 2044 1914 1912
f 1913 1982 1750
f 2062 1988 2061
f 268 1989 17
f 13 1991 1916
f 1917 1882 1991
f 1991 13 12
f 1919 1917 11
f 10 1918 1919
f 12 1917 1991
f 1885 1918 10
f 2097 1918 2045
f 1995 2166 1990
f 2097 1919 1918
f 1882 1919 2363
f 1922 1203 1920
f 1202 1503 1996
f 1931 1205 1933
f 2413 1923 1201
f 1200 1199 2006
f 2049 1923 2419
f 1925 1924 8
f 1926 1925 7
f 7 6 1926
f 1886 2007 1927
f 2008 1927 2052
f 1886 1927 1925
f 1929 1928 1207
f 1930 1928 2009
f 1931 1929 1206
f 1932 2009 1929
f 1412 2053 1414
f 2053 1930 2011
f 1932 1931 1887
f 1933 2055 1887
f 1887 2012 1932
f 1929 1931 1932
f 1204 1933 1205
f 1887 1931 1933
f 1889 1934 1744
f 1888 1934 1935
f 1889 1936 1934
f 2103 1935 1936
f 1934 1936 1935
f 1888 1937 1746
f 1938 2014 1935
f 1938 2015 2014
f 1938 2103 1939
f 2017 1986 2016
f 2024 2023 2066
f 1858 2016 1986
f 1951 2018 2303
f 1890 21 2018
f 2408 1941 18
f 17 2408 294
f 1989 2408 17
f 1893 1942 2408
f 1988 1893 1989
f 1947 1945 1942
f 1942 1893 1947
f 1943 1945 2406
f 1941 1943 1891
f 1950 1947 1893
f 1945 1943 1942
f 1941 1942 1943
f 1947 1946 1945
f 2020 1944 1946
f 2367 1798 2190
f 1944 1945 1946
f 1944 2178 2141
f 2172 2173 2175
f 1949 1950 2062
f 1950 1949 2063
f 20 1951 2303
f 2021 1951 1952
f 1952 238 1891
f 1953 2022 1890
f 1953 1890 2018
f 1954 2022 2064
f 1954 1957 1956
f 1955 2022 1956
f 1957 1954 1830
f 1955 1956 1826
f 1828 1957 1830
f 1829 1956 1957
f 1833 1958 2078
f 1959 1833 2084
f 1899 1900 1959
f 1959 1832 1899
f 1901 1903 1960
f 1962 1960 1903
f 2026 1961 1903
f 1963 1962 2407
f 2407 1962 1903
f 1904 1962 1963
f 1867 1964 275
f 2027 1964 1906
f 2249 1834 2247
f 1965 1846 1966
f 1965 1775 2087
f 2296 1966 1846
f 2244 2241 2239
f 1965 1967 1775
f 2302 2243 2244
f 1907 1965 2087
f 2087 2029 2088
f 2247 2092 2091
f 1969 1795 1820
f 1968 1969 1970
f 1971 1969 1820
f 2031 1970 1876
f 1979 1980 2036
f 1971 1911 1972
f 1969 1971 1970
f 1983 1972 1911
f 1876 1972 2369
f 1974 1973 1198
f 2006 1973 1908
f 1197 1974 1198
f 1975 1909 1857
f 2035 1909 1976
f 1976 1909 1877
f 2094 1909 1975
f 2161 2133 1977
f 2123 2411 1821
f 1978 2035 1195
f 1977 1857 1981
f 1978 1401 1979
f 1857 1978 1981
f 1980 1979 1400
f 1194 1980 1400
f 1980 1855 2032
f 1977 1981 1878
f 2360 1880 1910
f 1910 2037 2042
f 2360 2042 1984
f 1972 1983 2369
f 2360 1984 1983
f 1985 1937 2014
f 2015 1858 1985
f 1912 1858 2044
f 2416 1986 2017
f 1858 1986 2044
f 1913 1750 1914
f 1988 1989 1915
f 1989 1893 2408
f 2061 1988 1915
f 1893 1988 2062
f 2362 1995 1990
f 1993 1990 2166
f 1990 1991 2362
f 2138 2139 2136
f 1993 1881 1990
f 2251 1993 1992
f 1881 1993 2253
f 2135 1992 2111
f 1916 1994 15
f 2046 2097 2045
f 1882 2363 2362
f 1202 1996 2048
f 2048 1921 1202
f 1999 1997 2001
f 2206 2208 1823
f 1921 2048 1997
f 2000 1999 1998
f 2049 1996 1923
f 1999 2001 2420
f 1999 2002 1997
f 2001 2049 2211
f 2001 2048 2049
f 2050 2002 2279
f 2000 2269 2005
f 2005 2002 2000
f 2279 2002 2005
f 2050 1922 1883
f 2275 2270 2412
f 1884 2056 2003
f 2050 2003 1922
f 1441 2340 2004
f 2267 2005 2269
f 2005 2278 2279
f 2266 2413 2006
f 1200 2006 2413
f 1973 2006 1199
f 1886 2079 2007
f 1927 2007 2052
f 2008 2051 2046
f 1932 2059 2009
f 2011 2054 2053
f 1930 2010 2011
f 2057 2011 2010
f 2054 2011 2058
f 2053 2054 1209
f 1800 2075 2076
f 1209 1414 2053
f 1866 1209 2054
f 2055 1933 2004
f 2055 2056 2259
f 1860 2259 2258
f 2013 2059 2060
f 2059 2012 2060
f 1888 2014 1937
f 1935 2014 1888
f 2016 2015 2069
f 2067 1939 2066
f 2037 2039 2041
f 1953 2018 1940
f 1951 1940 2018
f 2368 1940 2021
f 2061 1987 2252
f 2101 2062 2061
f 1946 1950 2063
f 1892 2409 1952
f 2064 2022 1953
f 1830 2065 1936
f 1958 1866 2025
f 2025 2075 2078
f 2078 1958 2025
f 2104 1833 2078
f 1896 1961 2240
f 1964 2027 274
f 2249 1906 1834
f 2090 2091 2030
f 2145 2007 2263
f 2027 1926 6
f 1926 2027 2079
f 1901 2083 2026
f 2087 2081 2029
f 1907 2092 1851
f 2032 2031 2201
f 1968 2032 1855
f 2032 2201 2036
f 2033 2034 1877
f 2094 2411 2033
f 2034 1974 1877
f 2108 2411 2123
f 1976 1196 2035
f 2133 2095 1977
f 2032 2036 1980
f 2201 1878 2036
f 2039 2037 2038
f 2043 2042 2037
f 1984 2042 2205
f 2044 1986 1913
f 2040 2039 2416
f 2041 2040 2096
f 2016 2069 2017
f 2017 2074 2073
f 2096 2151 2109
f 2042 2043 2205
f 2040 2041 2039
f 2043 2037 2041
f 2042 2360 1910
f 2038 1913 1986
f 1885 2045 1918
f 2046 2045 1859
f 2008 2046 1859
f 2047 2046 2163
f 2049 2048 1996
f 1997 2048 2001
f 1997 2002 1883
f 2003 2340 1922
f 2004 2340 2003
f 2266 1908 2414
f 2266 2006 1908
f 2008 2052 2051
f 1930 2053 1412
f 2076 2054 2058
f 2057 2013 1824
f 2055 2259 1860
f 1887 1860 2012
f 2056 2055 2004
f 2003 2056 2004
f 2100 2013 2060
f 2058 2057 2118
f 2057 2010 2013
f 2013 2010 2059
f 2058 2118 2077
f 1824 2182 2146
f 2009 2059 2010
f 2012 2099 2060
f 2100 2099 2112
f 2099 2257 2112
f 1987 2061 1915
f 1893 2062 1950
f 1949 2101 2415
f 2064 2023 2065
f 2023 2024 2065
f 2103 2065 2024
f 2065 2103 1936
f 2023 2191 2190
f 2024 2066 1939
f 2367 2192 2193
f 2068 2017 2069
f 2067 2068 1939
f 2067 2066 1798
f 2068 2067 2070
f 2068 2070 2074
f 1939 2068 2069
f 2074 2070 2072
f 2074 2017 2068
f 2071 2073 2074
f 2071 2074 2072
f 2096 2040 2073
f 2017 2073 2416
f 2076 2075 2025
f 1866 2076 2025
f 2077 2076 2058
f 2077 1800 2076
f 2118 2119 2216
f 1800 2077 2105
f 2080 2027 1906
f 2007 2079 2263
f 2263 2079 2080
f 2027 2080 2079
f 1775 2244 2245
f 2081 2028 2082
f 2084 2104 2028
f 2104 2085 2082
f 2084 2083 1901
f 2246 2083 2028
f 1959 2084 1901
f 1833 2104 2084
f 2075 2085 2078
f 2084 2028 2083
f 2082 2028 2104
f 2075 1800 2085
f 2085 2086 2082
f 2086 2085 1800
f 2086 1800 2105
f 2029 2082 2086
f 2088 2029 2086
f 2030 2088 2090
f 2089 2088 2086
f 2180 2143 2089
f 2088 2089 2090
f 2089 2143 2090
f 2142 2091 2090
f 2092 1907 2030
f 2130 2194 2131
f 2034 2033 2149
f 1909 2094 1877
f 2411 2094 1975
f 2095 1821 1975
f 2094 2033 1877
f 1977 2095 1857
f 2109 2162 2043
f 2151 1796 2109
f 2136 2363 2047
f 2046 2047 2097
f 2138 2136 2110
f 2055 1860 1887
f 1860 2099 2012
f 1824 2013 2100
f 2099 2100 2060
f 2100 2112 2182
f 1822 2113 2415
f 2101 1822 2415
f 2114 1948 2113
f 2101 1949 2062
f 2061 2252 2101
f 2251 2102 1822
f 1993 2111 1992
f 1992 2102 2251
f 2063 2020 1946
f 2063 2116 2365
f 1939 2103 2024
f 2085 2104 2078
f 2144 2180 2181
f 2182 1824 2100
f 2132 2093 2414
f 2129 2108 2107
f 2108 2132 2033
f 2214 2213 2128
f 2051 2187 2163
f 2262 2276 2261
f 1993 2166 2111
f 2165 2139 2138
f 2237 2232 2236
f 2102 2164 2237
f 2102 2113 1822
f 2019 2365 2177
f 2235 2236 2232
f 2116 2115 2167
f 2102 2237 2113
f 2125 2194 2129
f 2116 2167 2177
f 2115 2116 1948
f 2063 1948 2116
f 2236 2115 2114
f 2170 2177 2167
f 2156 2153 2155
f 2167 2168 2140
f 2170 2172 2177
f 2117 2179 2019
f 2105 2089 2086
f 2216 2089 2105
f 2105 2077 2118
f 2105 2118 2216
f 2057 2119 2118
f 2080 1906 2249
f 2181 2180 2217
f 2149 1908 2034
f 2122 2196 2266
f 2107 2108 2123
f 2126 2134 2124
f 2107 2126 2127
f 2174 2214 2173
f 2107 2123 2126
f 2213 2150 2125
f 2194 2125 2131
f 2127 2126 2124
f 2107 2127 2125
f 2123 1821 2126
f 2127 2124 2128
f 2124 1796 2152
f 2152 2151 2155
f 2129 2107 2125
f 2131 2125 2150
f 2188 2130 2131
f 2108 2129 2132
f 2093 2132 2129
f 2201 2031 2202
f 2197 2198 2134
f 1821 2095 2417
f 2417 2134 2126
f 2124 2134 1796
f 2096 2109 2041
f 2109 2043 2041
f 2162 2109 2198
f 2163 2110 2047
f 2052 2186 2185
f 2220 2221 2187
f 2363 2136 1995
f 2110 2136 2047
f 2260 2277 2137
f 2111 2139 2165
f 2189 2172 2170
f 1944 2141 1825
f 1824 2146 2119
f 2181 2106 2144
f 2142 2090 2143
f 2248 2142 2120
f 2142 2143 2144
f 2142 2144 2120
f 2184 2106 2148
f 2217 2146 2147
f 2147 2146 2182
f 2183 2121 2182
f 2148 2147 2121
f 2148 2181 2147
f 2146 2217 2119
f 2148 2121 2219
f 2106 2184 2145
f 2149 2132 2414
f 2214 2176 2173
f 2188 2189 2171
f 2073 2071 2364
f 2151 2152 1796
f 2364 2151 2096
f 2152 2155 2153
f 2124 2152 2128
f 2364 2154 2155
f 2214 2153 2176
f 2152 2153 2128
f 2154 2071 2072
f 2156 2155 2154
f 2156 2154 2418
f 2153 2156 2176
f 2158 2072 2070
f 2366 2418 2160
f 2157 2117 2175
f 2158 2159 2160
f 1798 2367 2159
f 1798 2066 2190
f 2367 2193 2159
f 1798 2159 2158
f 2093 2195 2122
f 1878 2161 1977
f 2162 2198 2199
f 2197 2199 2198
f 2162 2203 2205
f 2221 2163 2187
f 2221 2098 2110
f 2260 2098 2225
f 2166 2139 2111
f 2209 2229 2370
f 2136 2139 1995
f 2139 2166 1995
f 2170 2167 2140
f 2168 2167 2115
f 2206 1823 2195
f 2171 2169 2207
f 2171 2170 2140
f 2189 2173 2172
f 2175 2173 2176
f 2174 2173 2189
f 2174 2150 2213
f 2174 2213 2214
f 2157 2175 2156
f 2177 2117 2019
f 2175 2117 2172
f 2117 2177 2172
f 2365 2178 2020
f 2178 2179 2141
f 2144 2143 2180
f 2216 2180 2089
f 2217 2216 2119
f 2181 2217 2147
f 2106 2181 2148
f 2183 2182 2112
f 2112 2257 2281
f 2182 2121 2147
f 2218 2121 2183
f 2225 2221 2220
f 2187 2051 2185
f 2148 2219 2184
f 2145 2184 2186
f 2185 2184 2219
f 2145 2186 2007
f 2187 2185 2219
f 2052 2185 2051
f 2185 2186 2184
f 2187 2219 2220
f 2186 2052 2007
f 2213 2125 2127
f 2188 2150 2174
f 2188 2171 2130
f 2171 2189 2170
f 2174 2189 2188
f 2064 2191 2023
f 2023 2190 2066
f 2064 1953 2191
f 2222 2367 2190
f 2410 2222 2368
f 2141 2193 1825
f 1825 2193 2192
f 2193 2160 2159
f 2193 2141 2215
f 2193 2215 2160
f 2129 2194 2093
f 2093 2194 2195
f 2122 2195 1823
f 2122 1823 2196
f 2224 2208 2212
f 2206 2130 2207
f 2194 2130 2195
f 2109 1796 2198
f 2134 2198 1796
f 2161 2200 2199
f 2200 2203 2199
f 1878 2200 2161
f 1878 2201 2200
f 1876 2202 2031
f 2201 2202 2200
f 2204 2203 2200
f 2162 2205 2043
f 2369 1984 2204
f 2200 2202 2204
f 2205 2204 1984
f 2168 2236 1797
f 2171 2140 2169
f 2169 2140 2168
f 2168 1797 2169
f 2210 2207 2169
f 2130 2171 2207
f 2210 1797 2223
f 2208 2206 2209
f 2212 2208 2370
f 2000 2226 2269
f 2209 2207 2210
f 2210 2169 1797
f 2229 2209 2210
f 1998 1999 2420
f 1823 2208 2224
f 2212 1998 2420
f 2127 2128 2213
f 2153 2214 2128
f 2215 2157 2366
f 2179 2215 2141
f 2178 2019 2179
f 2216 2217 2180
f 2219 2121 2220
f 2218 2220 2121
f 2220 2218 2225
f 2218 2280 2225
f 2098 2221 2225
f 2163 2221 2110
f 2150 2188 2131
f 1953 1940 2191
f 2368 2191 1940
f 2409 2368 2021
f 2191 2368 2222
f 2191 2222 2190
f 2130 2206 2195
f 2209 2206 2207
f 2212 2370 2227
f 2276 2268 2270
f 2230 2226 2227
f 1797 2235 2223
f 2229 2210 2223
f 2227 1998 2212
f 2224 2196 1823
f 2196 2224 2211
f 2183 2112 2281
f 2260 2225 2280
f 1998 2226 2000
f 2226 2230 2269
f 2230 2227 2370
f 1998 2227 2226
f 2223 2235 2228
f 2231 2233 2228
f 2164 2232 2237
f 2230 2229 2228
f 2230 2370 2229
f 2232 2234 2231
f 2234 2164 2135
f 2135 2265 2412
f 2231 2235 2232
f 2231 2234 2272
f 2223 2228 2229
f 2231 2228 2235
f 2230 2228 2371
f 2164 2234 2232
f 2236 2235 1797
f 2115 2236 2168
f 2113 2237 2114
f 2114 2237 2236
f 2302 2238 2242
f 1779 2239 1808
f 2238 2357 2242
f 2302 2239 2238
f 2244 1967 2241
f 2240 1961 2243
f 2302 2242 2240
f 2239 2241 1808
f 2240 2242 1896
f 1961 2246 2243
f 2245 2028 2081
f 2245 2244 2243
f 1967 2244 1775
f 2239 2302 2244
f 1961 2026 2246
f 2026 2083 2246
f 2245 2081 1775
f 2246 2245 2243
f 2245 2246 2028
f 1791 1779 1793
f 1854 1819 1785
f 2248 2091 2142
f 2264 2080 2249
f 2120 2145 2263
f 2091 2248 2247
f 2248 2264 2247
f 2263 2264 2120
f 2092 2247 1874
f 1972 1876 1970
f 2202 2369 2204
f 2252 1822 2101
f 2253 2251 2252
f 2251 1822 2252
f 1993 2251 2253
f 2253 2252 1987
f 1994 2253 1987
f 2255 2258 2254
f 1884 2259 2056
f 2259 2254 2258
f 2254 2259 1884
f 2279 1884 2050
f 2254 2278 2255
f 2256 2258 2255
f 2258 2257 1860
f 2257 2256 2281
f 2255 2261 2256
f 2258 2256 2257
f 2099 1860 2257
f 2046 2051 2163
f 2261 2260 2280
f 2277 2261 2276
f 2262 2261 2255
f 2264 2263 2080
f 2264 2249 2247
f 2120 2264 2248
f 2154 2364 2071
f 2151 2364 2155
f 1798 2158 2067
f 2070 2067 2158
f 2111 2265 2135
f 2165 2265 2111
f 2419 2266 2196
f 2267 2371 2271
f 2371 2267 2269
f 2371 2269 2230
f 2272 2271 2233
f 2274 2165 2138
f 2267 2271 2268
f 2231 2272 2233
f 2271 2270 2268
f 2412 2272 2234
f 2270 2271 2272
f 2273 2275 2274
f 2137 2274 2138
f 2273 2270 2275
f 2260 2137 2098
f 2273 2274 2137
f 2165 2274 2275
f 2276 2270 2273
f 2165 2275 2265
f 2276 2273 2277
f 2276 2262 2268
f 2137 2277 2273
f 2261 2277 2260
f 2005 2267 2278
f 2135 2412 2234
f 2275 2412 2265
f 2255 2278 2262
f 2279 2278 2254
f 1884 2279 2254
f 2218 2183 2281
f 2256 2280 2281
f 2261 2280 2256
f 2281 2280 2218
f 2282 188 96
f 317 363 316
f 390 363 317
f 699 643 673
f 1096 2287 998
f 811 2284 659
f 2286 964 1043
f 2283 1071 806
f 998 1076 1079
f 2287 1076 998
f 1093 2285 810
f 2287 1096 814
f 1249 2289 1230
f 1235 1232 2290
f 1269 2288 1263
f 595 1284 2291
f 1377 2291 1284
f 1248 1245 1286
f 2292 1229 2289
f 1231 1287 1249
f 2290 2293 1235
f 2293 1288 1235
f 1292 1290 1257
f 1636 1521 1457
f 1636 1457 1424
f 1871 2294 1783
f 2297 2295 1788
f 2297 1793 2301
f 2295 2298 1773
f 1788 1772 2297
f 2300 2299 2404
f 1819 2238 1779
f 1791 1819 1779
f 2296 1806 1843
f 2301 2295 2297
f 1992 2135 2164
f 1992 2164 2102
f 2243 2302 2240
f 105 142 28
f 129 39 120
f 2303 191 193
f 119 128 582
f 223 224 61
f 104 2305 154
f 146 304 148
f 2307 578 107
f 215 2308 214
f 137 169 49
f 172 146 149
f 140 750 199
f 2304 212 126
f 590 593 224
f 273 63 334
f 192 162 193
f 236 162 290
f 217 240 194
f 147 250 200
f 253 170 307
f 223 61 852
f 392 2312 395
f 2313 293 167
f 195 296 297
f 2314 390 391
f 319 2311 186
f 590 224 223
f 2315 2380 380
f 385 384 381
f 389 390 2314
f 132 396 397
f 325 353 417
f 406 458 460
f 420 421 2382
f 325 417 416
f 420 411 431
f 417 412 416
f 424 420 431
f 2316 418 548
f 424 2316 421
f 2317 432 427
f 430 2316 548
f 427 432 426
f 401 399 456
f 459 2307 460
f 2317 423 432
f 489 463 313
f 2319 365 157
f 472 2319 495
f 495 2319 157
f 2318 499 542
f 2320 574 520
f 349 563 527
f 550 2321 551
f 578 2307 579
f 2306 582 183
f 119 2306 155
f 225 591 592
f 754 720 753
f 635 2322 685
f 101 697 48
f 754 753 721
f 665 2322 680
f 2322 743 685
f 783 768 765
f 770 779 772
f 788 2323 919
f 678 791 789
f 792 2324 786
f 2310 921 922
f 817 613 1427
f 761 756 822
f 761 822 766
f 914 966 1114
f 2323 1099 1132
f 2325 906 60
f 788 919 917
f 798 934 972
f 941 1051 940
f 1056 936 1007
f 1120 1056 732
f 1036 1064 1063
f 1080 1081 2326
f 2326 1102 1082
f 2328 2326 1101
f 1163 1160 1165
f 2329 1162 883
f 1247 1225 1254
f 1267 2331 1265
f 1240 1269 1220
f 1183 1360 1403
f 2332 1329 1894
f 1236 1289 1268
f 1310 2330 1263
f 2334 1336 1337
f 1329 2392 1337
f 1311 2334 1338
f 1285 1338 2392
f 2335 1444 840
f 1573 2336 1359
f 2336 1195 1359
f 1404 2338 1525
f 1400 1410 1363
f 1461 2339 1462
f 1543 1474 1416
f 1567 1419 1372
f 2340 1439 1203
f 2342 599 600
f 1541 1525 2337
f 2338 2337 1525
f 1481 1422 1483
f 2343 1686 1316
f 1502 1316 1621
f 1461 2336 1573
f 1483 1567 1485
f 1552 1571 1553
f 1601 1540 1537
f 1581 1582 1638
f 2346 1603 1584
f 1601 1581 1638
f 1601 1638 2345
f 2346 1606 1603
f 1502 1621 1501
f 1662 2347 1621
f 1628 2348 1625
f 2348 1631 1625
f 2349 1629 1628
f 2350 1648 1630
f 1542 1646 1473
f 1651 1590 2397
f 1738 1517 2355
f 2421 1673 1662
f 1316 1684 1662
f 1660 1681 1680
f 1686 2351 1684
f 2351 2352 1623
f 2352 1692 1691
f 2352 1691 1667
f 1684 2351 2421
f 2343 2353 1685
f 2354 1726 1695
f 1683 1738 2355
f 1738 1683 1739
f 2356 16 15
f 2356 1915 16
f 1784 1804 2405
f 1770 1791 1771
f 1804 1806 1805
f 1819 2357 2238
f 1829 2358 1861
f 2332 2359 1807
f 1880 2360 1879
f 1829 1861 1826
f 2361 1753 1752
f 1880 1879 1753
f 1968 1856 1795
f 2360 1983 1879
f 1994 1916 1881
f 2406 1945 1825
f 1994 1987 2356
f 2362 2363 1995
f 1994 1881 2253
f 2340 1441 1439
f 2407 1961 1896
f 2029 2081 2082
f 2411 2108 2033
f 2149 2033 2132
f 2363 2097 2047
f 2063 2365 2020
f 2178 2365 2019
f 2365 2116 2177
f 2115 1948 2114
f 2120 2144 2106
f 1821 2417 2126
f 2417 2133 2197
f 2120 2106 2145
f 2073 2364 2096
f 2158 2160 2418
f 2157 2215 2179
f 2367 2222 2192
f 2368 2409 2410
f 2211 2419 2196
f 2417 2197 2134
f 2369 2202 1876
f 2370 2208 2209
f 2215 2366 2160
f 2117 2157 2179
f 2233 2371 2228
f 2050 1884 2003
f 2262 2278 2268
f 2372 150 105
f 2 188 2282
f 2304 130 115
f 130 2304 129
f 129 2304 125
f 20 2303 193
f 24 25 135
f 103 76 143
f 2373 433 298
f 196 197 215
f 168 2375 216
f 195 241 299
f 258 2375 217
f 331 330 377
f 2377 401 285
f 98 2374 314
f 2376 2378 479
f 2379 348 402
f 272 379 158
f 2380 131 381
f 2376 343 283
f 419 2382 324
f 2381 451 456
f 479 2378 478
f 591 478 2378
f 406 489 458
f 2383 540 567
f 524 561 459
f 337 2378 2376
f 2378 337 592
f 2384 697 101
f 1136 1138 1139
f 635 680 2322
f 2386 1427 1489
f 2385 762 686
f 2387 695 830
f 2387 784 1005
f 788 2388 1099
f 932 2389 1006
f 906 333 60
f 855 69 68
f 941 870 831
f 995 2287 996
f 695 2387 1005
f 1030 1036 1034
f 787 2388 788
f 1038 942 1060
f 1038 1060 1039
f 1073 1075 1078
f 1073 1078 1077
f 1073 1077 1067
f 1102 2388 1049
f 1098 1136 1139
f 1121 1125 1124
f 849 1130 63
f 1098 1156 1134
f 2390 1106 1105
f 1126 1153 1155
f 614 1346 1486
f 1215 1285 2392
f 1337 2391 1335
f 1337 2392 2334
f 1264 1379 1305
f 1474 2393 1542
f 2335 841 1446
f 1462 1411 1409
f 2343 1502 1500
f 1402 2395 1360
f 1530 2394 1435
f 2395 1402 1526
f 1570 1568 1485
f 2395 1403 1360
f 1386 1616 1590
f 2400 1659 1606
f 1611 2345 1644
f 1386 1590 1650
f 1635 2396 1649
f 1646 1542 2396
f 2396 1542 2393
f 1651 2397 1643
f 1688 2398 1670
f 2399 1592 1657
f 1665 1660 2400
f 1671 1659 2399
f 2400 2399 1659
f 2401 1683 1672
f 2401 1670 2398
f 1670 2401 1593
f 1674 1673 2421
f 2398 1318 1739
f 1674 2421 1642
f 1623 1689 1642
f 1623 2352 1690
f 2402 1709 1694
f 1709 2402 1706
f 2403 1706 2402
f 1425 1734 1211
f 1930 1208 1928
f 1842 2404 2298
f 1789 1836 1803
f 189 2405 3
f 1845 2405 1804
f 2406 2410 1892
f 10 1919 11
f 1938 1939 2069
f 1938 2069 2015
f 1892 1943 2406
f 2410 2409 1892
f 2415 2063 1949
f 1903 1961 2407
f 1963 2407 1898
f 2411 1975 1821
f 2413 2266 2419
f 2409 2021 1952
f 2031 2032 1968
f 2039 1986 2416
f 2002 2050 1883
f 2414 1908 2149
f 1948 2415 2113
f 2415 1948 2063
f 2040 2416 2073
f 2138 2110 2098
f 2133 2417 2095
f 2161 2199 2197
f 2137 2138 2098
f 2122 2266 2414
f 2414 2093 2122
f 2418 2154 2072
f 2156 2418 2366
f 2156 2366 2157
f 2156 2175 2176
f 2410 2406 2192
f 1825 2192 2406
f 2049 2419 2211
f 2161 2197 2133
f 2420 2211 2224
f 2420 2001 2211
f 2212 2420 2224
f 2371 2233 2271
f 2272 2412 2270
f 2267 2268 2278
f 1292 1257 1287
f 2300 2404 1784
f 2298 2404 2299
f 2380 381 380
f 385 381 477
f 366 2382 421
f 2382 366 324
f 1052 1126 1155
f 1623 2421 2351
f 1 2405 2
f 1825 1945 1944
f 2038 1986 2039
f 2158 2418 2072