# https://github.com/mikedh/trimesh
v -0.16474806 0.08768161 0.02990662
v -0.16294150 0.07488315 0.04203294
v -0.16126013 0.04955061 0.04297025
v -0.14965637 0.01640000 0.04575481
v -0.14566268 -0.00926514 0.04659041
v -0.15294600 -0.07550569 0.05351050
v -0.15894660 -0.09767567 0.04907442
v -0.16424905 -0.11909585 0.04992979
v -0.17196573 -0.13517897 0.04590548
v -0.18252325 -0.16417818 0.03759806
v -0.18939391 -0.18790908 0.03563644
v -0.19429716 -0.20882861 0.03368650
v -0.19403778 -0.23025152 0.03075531
v -0.20737796 -0.24395540 0.03144206
v -0.20925426 -0.26246023 0.02871459
v -0.20186162 -0.28264207 0.03066611
v -0.21588466 -0.32068107 0.03072457
v -0.20845546 -0.35784376 0.03296505
v -0.20964232 -0.37657359 0.03046831
v -0.22002508 -0.42196751 0.03966738
v -0.22993472 -0.45211300 0.03151288
v -0.22925697 -0.47211188 0.03455878
v -0.23196977 -0.51036054 0.03939557
v -0.22762805 -0.52852291 0.04274100
v -0.22062238 -0.54347730 0.04711559
v -0.21965513 -0.54587418 0.04605833
v -0.21896860 -0.54832959 0.04489613
v -0.21844943 -0.55306256 0.06472310
v -0.21805497 -0.55335897 0.08441751
v -0.21739930 -0.55314529 0.10310985
v -0.21622194 -0.55256438 0.12185486
v -0.21416207 -0.55186373 0.14032775
v -0.21103624 -0.55082297 0.15871248
v -0.20461181 -0.54976684 0.17591774
v -0.19527012 -0.54905987 0.19159174
v -0.18325293 -0.54808038 0.20531517
v -0.16957790 -0.54700732 0.21798611
v -0.15420286 -0.54623067 0.22875935
v -0.13670871 -0.54645151 0.23493619
v -0.11869302 -0.54605007 0.23995672
v -0.10093845 -0.54518467 0.24414444
v -0.08314797 -0.54445451 0.24792263
v -0.06533462 -0.54363728 0.25158465
v -0.04752176 -0.54299402 0.25474948
v -0.02963847 -0.54235923 0.25742489
v -0.01185086 -0.54226470 0.25902793
v 0.00651620 -0.54269803 0.25941736
v 0.00573810 -0.51578891 0.22731912
v -0.00137180 -0.48609644 0.19588111
v 0.00492777 -0.47296315 0.18476072
v 0.00291352 -0.45380378 0.17229988
v -0.00015684 -0.43584642 0.16200553
v 0.00212836 -0.37796676 0.13966259
v 0.01251160 -0.34684107 0.14405975
v 0.00904922 -0.33362478 0.16270249
v 0.00631792 -0.29373625 0.14907718
v 0.00391988 -0.27884814 0.16405819
v 0.00211511 -0.23845100 0.17091006
v 0.00389314 -0.21851879 0.17876494
v 0.00500496 -0.19658515 0.17749949
v 0.00154476 -0.14986494 0.17594346
v 0.00494250 -0.07230217 0.16951860
v 0.00654581 -0.05522260 0.16724007
v 0.00690809 -0.03129752 0.16398765
v 0.00373970 -0.00786226 0.15796730
v 0.01705305 0.00466581 0.15747006
v 0.01367049 0.02599587 0.15866347
v 0.01004661 0.04787612 0.16051829
v 0.01864250 0.06013417 0.16235602
v 0.00958013 0.08855228 0.15594521
v 0.00688398 0.10890564 0.15248230
v 0.00393104 0.13219443 0.14742860
v 0.00730970 0.13071883 0.12890318
v 0.01297610 0.16706438 0.10072246
v -0.00265252 0.17110638 0.08936749
v -0.01890354 0.18338442 0.08260849
v -0.03300777 0.19799207 0.07171956
v -0.04360394 0.21758467 0.05711321
v -0.05103611 0.23879273 0.03627275
v -0.05854072 0.25951338 0.01518504
v -0.06528895 0.27381876 -0.01211387
v -0.06632195 0.27320519 -0.04486286
v -0.07875894 0.27084506 -0.03098419
v -0.09904502 0.26486516 -0.03259424
v -0.11779996 0.26106700 -0.02961066
v -0.12677917 0.25485411 -0.01213329
v -0.12882607 0.24795978 0.00488017
v -0.12440110 0.23802193 0.02084705
v -0.11780883 0.22433248 0.03421808
v -0.11435387 0.21131423 0.04630065
v -0.11481316 0.19432715 0.05918882
v -0.11949524 0.17495555 0.06963359
v -0.12941857 0.15672198 0.07874444
v -0.13946393 0.13747878 0.08060750
v -0.14954753 0.11829317 0.07415275
v -0.15858950 0.10096076 0.05775549
v -0.22079927 -0.51267159 0.08776908
v -0.09228037 -0.45026407 0.18832216
v -0.04948385 -0.50266904 0.20786244
v -0.02306665 -0.52131987 0.23393084
v 0.00796706 -0.53067768 0.24421449
v -0.03316443 0.14895457 0.10737030
v -0.02339562 0.16856293 0.09201169
v -0.08833371 0.26432016 -0.01353852
v -0.21950234 -0.53884518 0.08200832
v -0.21871349 -0.51485288 0.12537475
v -0.18445247 -0.45475128 0.18304077
v -0.10664355 0.26069713 -0.01661516
v -0.05469086 -0.53042877 0.23762041
v -0.02046753 -0.53371346 0.24886402
v -0.07338762 0.26288137 -0.00151584
v -0.04972389 0.20334868 0.06528346
v -0.21515538 -0.53484321 0.13092037
v -0.07023283 0.24519220 0.02177494
v -0.14569452 -0.50095338 0.21354486
v -0.03658209 -0.53356022 0.24495186
v -0.21325922 -0.53472072 0.14998993
v -0.10731891 0.24359326 0.01307788
v -0.08982131 -0.52926999 0.22837134
v -0.12589817 -0.53361493 0.22560251
v -0.07310918 -0.53702217 0.24128217
v -0.19932640 -0.53437269 0.18350017
v -0.10964965 0.23356558 0.02518956
v -0.09239528 0.23814827 0.02349743
v -0.16860047 -0.53243095 0.21644047
v -0.18632069 -0.52518904 0.20098466
v -0.10089418 0.22173125 0.03848964
v -0.07152484 -0.52321500 0.22491154
v -0.14926594 -0.52860731 0.21948475
v -0.13735938 -0.51607865 0.21938261
v -0.10914849 -0.13061236 0.13312079
v -0.09489947 0.00138904 0.12624542
v -0.14770582 0.06687973 0.10174291
v -0.22285594 -0.48152861 0.06823287
v -0.22849484 -0.51749533 0.05954900
v -0.20926253 -0.38301036 0.12181529
v -0.01566987 -0.49470082 0.20546490
v -0.01408087 -0.51083559 0.22198492
v -0.00742564 -0.52636552 0.23971856
v -0.01369445 0.13120849 0.11742139
v -0.08772437 0.13177705 0.12175632
v -0.22293450 -0.53553319 0.06258722
v -0.03955969 0.18045059 0.08245952
v -0.03918138 0.16164428 0.09584787
v -0.05594938 0.18645474 0.07569962
v -0.08521285 0.16787177 0.08651382
v -0.05308415 0.14538427 0.10798794
v -0.05809981 0.16866046 0.08942020
v -0.07669622 0.18077083 0.07762920
v -0.21792845 -0.52276862 0.10316318
v -0.20658773 -0.52858067 0.16484185
v -0.05225231 -0.51506364 0.21989281
v -0.06846357 -0.50599581 0.20710108
v -0.08637681 0.25192299 0.00607088
v -0.11026551 -0.53167921 0.22616732
v -0.06279574 -0.24545817 0.16564007
v -0.16102575 -0.20693919 0.09919572
v -0.06154699 -0.13102348 0.16125979
v -0.04629174 0.02450544 0.15443113
v -0.15197690 0.09982187 0.07556529
v -0.15860331 0.06614164 0.06854892
v -0.21581239 -0.44046360 0.07046805
v -0.22408865 -0.47963119 0.05056300
v -0.22552887 -0.49871323 0.05376194
v -0.22264671 -0.50320888 0.07007619
v -0.22388767 -0.52104664 0.07425217
v -0.20708127 -0.38248444 0.08205036
v -0.02129387 -0.43032217 0.15919054
v -0.00382790 -0.50102437 0.21102883
v -0.04682145 0.12372909 0.14258139
v -0.01154994 0.13608009 0.14014322
v -0.10067759 0.18226752 0.07141719
v -0.09507137 0.14978740 0.09726875
v -0.21500733 -0.51609433 0.14725453
v -0.19920892 -0.51433021 0.18382078
v -0.20870696 -0.50357127 0.16462398
v -0.03058347 -0.50747406 0.21802981
v -0.03488555 -0.49763516 0.20532760
v -0.05352581 -0.47474173 0.18339521
v -0.06200439 -0.49114281 0.19494356
v -0.03875138 -0.52087772 0.23026995
v -0.09343145 -0.48395312 0.19287641
v -0.09916452 -0.50212198 0.20256142
v -0.08083792 -0.49398512 0.19627781
v -0.07552793 -0.47456396 0.18477297
v -0.20543252 -0.25195044 0.06802851
v -0.16052870 -0.12940337 0.07371762
v -0.16001944 0.08723917 0.05425177
v -0.16169651 0.06275821 0.05225081
v -0.15576313 0.04633616 0.06791330
v -0.22382151 -0.45928332 0.04779583
v -0.21925806 -0.45860142 0.06401686
v -0.22325107 -0.43946469 0.05485270
v -0.02048678 -0.38649040 0.14456916
v -0.02318887 -0.34936467 0.13959509
v -0.01981436 -0.46217093 0.17641889
v -0.01439418 -0.44841406 0.16813222
v -0.00279794 0.15607613 0.10242029
v -0.01583651 0.14462221 0.10136144
v -0.05016394 0.14099970 0.12968081
v -0.02500203 0.10078240 0.15619297
v -0.01234160 0.11773145 0.15108481
v -0.13463944 0.13044854 0.08829393
v -0.12033790 0.14629881 0.09120938
v -0.10982915 0.16327068 0.08158890
v -0.10698827 0.13776270 0.10696928
v -0.12440460 0.10843609 0.11400822
v -0.10883269 0.12108465 0.11750303
v -0.12403207 0.12628974 0.10132782
v -0.19842735 -0.49127179 0.18204212
v -0.18541938 -0.50259739 0.19645458
v -0.16960272 -0.50414968 0.20264827
v -0.02609902 -0.48169824 0.19060348
v -0.03873057 -0.46772677 0.17857111
v -0.03291976 -0.44902572 0.16771749
v -0.04010179 -0.42925027 0.16416980
v -0.02162698 -0.40600184 0.15062688
v -0.01743798 -0.27353081 0.16265833
v -0.00166204 -0.26066336 0.16987215
v -0.01983321 -0.25175503 0.17101982
v -0.03806924 -0.27103052 0.16051321
v -0.20106180 -0.29321942 0.05347307
v -0.01164033 -0.13151219 0.17405945
v -0.01888658 -0.15269986 0.17427061
v -0.15064758 -0.09393808 0.07143242
v -0.14496286 -0.05714678 0.06526296
v -0.16947611 -0.14211115 0.06282888
v -0.15471514 -0.11112051 0.06980407
v -0.17658946 -0.15506683 0.05159949
v -0.00763962 0.01655749 0.15605943
v -0.13975817 0.00248937 0.06310377
v -0.14034911 -0.01842620 0.06315008
v -0.15475211 0.07923173 0.07951546
v -0.15687184 0.03667852 0.05151534
v -0.15243395 0.05618744 0.08745600
v -0.21982032 -0.42383707 0.05864833
v -0.22023937 -0.50024617 0.10825405
v -0.21086770 -0.39368641 0.03603239
v -0.20859212 -0.37018031 0.04743875
v -0.00216367 -0.39403775 0.14411739
v -0.00115521 -0.35773605 0.13694659
v -0.00832376 -0.31973583 0.16526225
v -0.01238848 -0.30169827 0.15243271
v -0.03431109 -0.28897551 0.14514774
v -0.00523337 -0.41381106 0.15180096
v -0.03978145 0.13589531 0.11804329
v -0.02874766 0.13849080 0.13475698
v -0.06862077 0.12661095 0.13446407
v -0.08436629 0.14594664 0.11215357
v -0.06569765 0.14528911 0.12083190
v -0.02580560 0.12571897 0.14490131
v -0.00741349 0.09769012 0.15627870
v -0.03953878 0.11016783 0.14931861
v -0.21551767 -0.50056869 0.14543407
v -0.18293726 -0.47890699 0.19061430
v -0.05941187 -0.42478636 0.17090148
v -0.06108852 -0.40141308 0.16563417
v -0.04289093 -0.39359167 0.15467639
v -0.05878793 -0.37895375 0.15540148
v -0.07644225 -0.43473876 0.17995034
v -0.05678707 -0.44451958 0.17182854
v -0.01449623 -0.22749472 0.17780691
v -0.01157655 -0.20934856 0.17525388
v -0.01924133 -0.19213867 0.17536707
v -0.00753317 -0.28294140 0.15063508
v -0.02102231 -0.28130358 0.14760804
v -0.20930788 -0.25524902 0.04542826
v -0.20835315 -0.29907712 0.03411535
v -0.21298480 -0.30988842 0.04866032
v -0.00024757 -0.10959424 0.17192358
v -0.01032692 -0.08598072 0.16996583
v -0.04388413 -0.11306938 0.16622882
v -0.01582079 -0.06460290 0.16713405
v -0.15011889 -0.05324369 0.04811589
v -0.14539412 -0.03434705 0.05269438
v -0.14972152 -0.12120727 0.08816023
v -0.18769956 -0.19712664 0.05583512
v -0.00612568 0.03870866 0.15899479
v -0.00934512 0.05764407 0.16338988
v -0.02918218 0.03160618 0.15730666
v -0.03069186 0.01057843 0.15367842
v -0.13056268 -0.01093470 0.07944952
v -0.13576970 -0.03572557 0.07404509
v -0.14851584 0.02699542 0.06773031
v -0.14720689 0.03711174 0.08634723
v -0.21651310 -0.47343895 0.08503039
v -0.21743287 -0.44427350 0.10594120
v -0.21382874 -0.45272651 0.08678834
v -0.20701167 -0.40543315 0.07960983
v -0.21608864 -0.41996497 0.07978540
v -0.20996676 -0.41317812 0.10545959
v -0.21796308 -0.43270478 0.09457079
v -0.21003871 -0.36729923 0.06428828
v -0.21531068 -0.33452240 0.03795039
v -0.01696726 -0.36967540 0.13975903
v -0.04908098 -0.34830657 0.14037271
v -0.03915405 -0.37074482 0.14364761
v -0.03303839 -0.34151652 0.14806311
v -0.00933677 -0.34101877 0.15549023
v 0.00507854 -0.31154847 0.16309701
v -0.04215968 -0.31871629 0.16502264
v -0.08675415 0.09769462 0.14806539
v -0.10556409 0.10565426 0.13249776
v -0.07017616 0.15349962 0.10050423
v -0.00779249 0.07754913 0.15941463
v -0.04660909 0.09673803 0.15678808
v -0.06462841 0.10721443 0.14638932
v -0.06798392 0.08773273 0.15892643
v -0.08829497 0.11494413 0.13423076
v -0.20864993 -0.48700669 0.16433100
v -0.19670825 -0.47268900 0.17988575
v -0.16814648 -0.48626730 0.19558041
v -0.13998152 -0.43125060 0.18367280
v -0.07551416 -0.45530903 0.17990436
v -0.03950516 -0.18938592 0.17171258
v -0.05039246 -0.22810116 0.17149134
v -0.05269543 -0.21017963 0.16592470
v -0.18552563 -0.22074097 0.05222329
v -0.19931045 -0.23657294 0.06431746
v -0.18290006 -0.20825058 0.07300284
v -0.17249167 -0.21886161 0.08593361
v -0.18377614 -0.23220345 0.07097793
v -0.19434565 -0.24128355 0.08692932
v -0.19547893 -0.26497272 0.08259521
v -0.21393821 -0.32566708 0.06178916
v -0.20893639 -0.30365121 0.07060190
v -0.19824314 -0.28653866 0.07132536
v -0.02186535 -0.10800356 0.17031755
v -0.02885450 -0.08586971 0.16761482
v -0.03950391 -0.07088868 0.16322026
v -0.05193916 -0.08516553 0.15973520
v -0.04850930 -0.06218036 0.15866707
v 0.00933318 -0.17033781 0.17672537
v -0.00946371 -0.04228134 0.16457601
v -0.00922172 -0.02239672 0.16049094
v -0.04218805 -0.03888877 0.15701738
v -0.13703850 -0.05948265 0.08170328
v -0.02701471 0.06605843 0.16336970
v -0.02410834 0.04801016 0.16259453
v -0.06322223 0.03763857 0.15896970
v -0.06048314 -0.00337133 0.14418051
v -0.01778274 -0.00647076 0.15609726
v -0.12537622 -0.03066328 0.08818287
v -0.11055736 0.00229740 0.11243749
v -0.14232172 0.04570012 0.10741746
v -0.22190723 -0.49111721 0.08790820
v -0.21309601 -0.46390536 0.10488097
v -0.21771558 -0.49311811 0.12838420
v -0.21495821 -0.48150089 0.14594807
v -0.20680077 -0.39082366 0.05866810
v -0.21178938 -0.40985391 0.05609928
v -0.20552035 -0.39470357 0.10258676
v -0.21397717 -0.34711957 0.05277770
v -0.06023778 -0.35887673 0.14854343
v -0.02677250 -0.30339575 0.16141395
v -0.02789581 0.08549058 0.16008067
v -0.15454039 -0.48993874 0.20562953
v -0.12929581 -0.46198171 0.20021954
v -0.07587934 -0.38839972 0.16555974
v -0.02722732 -0.16888839 0.17346819
v -0.03203881 -0.21443906 0.17146726
v -0.10077493 -0.21225409 0.14358030
v -0.07088196 -0.22550701 0.16637580
v -0.17602739 -0.23423554 0.08731093
v -0.16960621 -0.19565122 0.08808795
v -0.17941236 -0.26145855 0.09496610
v -0.21048653 -0.26943740 0.06593721
v -0.20821291 -0.27647305 0.05036600
v -0.02639478 -0.02758992 0.15913390
v -0.02792518 -0.05054947 0.16307767
v -0.04196818 0.04833585 0.16277258
v -0.05952480 0.05296465 0.16394982
v -0.04663993 0.00453527 0.15097722
v -0.04095300 -0.01231072 0.15168464
v -0.05705135 -0.04951368 0.15236561
v -0.07359689 -0.06348898 0.14509055
v -0.06607075 -0.07717333 0.15173987
v -0.07232755 -0.09661868 0.15063171
v -0.06055527 -0.11179052 0.15979439
v -0.08037495 -0.11903027 0.14989591
v -0.09261595 -0.14155754 0.14599752
v -0.06339751 -0.15330428 0.16205710
v -0.08441174 -0.08043744 0.13907526
v -0.07881543 -0.14306118 0.15404260
v -0.08172122 -0.16309793 0.15358111
v -0.10163219 -0.09638788 0.12925358
v -0.06868246 -0.17527694 0.16111426
v -0.04947307 -0.17102930 0.16835259
v -0.09386555 -0.19390967 0.14637727
v -0.07526535 -0.20293106 0.15605131
v -0.06158642 -0.18972856 0.16483483
v -0.11048410 -0.04049683 0.10653222
v -0.10266121 -0.06081924 0.12091352
v -0.09380393 -0.04294253 0.12352417
v -0.11683951 -0.01361091 0.09932752
v -0.08406760 -0.02110905 0.13080984
v -0.07570624 -0.00800447 0.13667388
v -0.06189126 -0.02623609 0.14641076
v -0.12287933 0.02014837 0.11377098
v -0.11574756 0.07607372 0.14336672
v -0.13562717 0.02816964 0.10257016
v -0.21314539 -0.47483745 0.12367851
v -0.04765899 0.07324701 0.16356786
v -0.11059576 -0.48886743 0.20181961
v -0.12059478 -0.50298864 0.20993067
v -0.16608304 -0.46110514 0.18491969
v -0.14907572 -0.47245407 0.19937800
v -0.10429086 -0.43483558 0.19045933
v -0.04263630 -0.24953429 0.16860409
v -0.16136688 -0.15128557 0.08207169
v -0.19299297 -0.30330938 0.08847828
v -0.21053824 -0.33689272 0.09817857
v -0.21036823 -0.35358185 0.11194134
v -0.20979895 -0.37491861 0.10629482
v -0.20047936 -0.31664503 0.10188123
v -0.20988551 -0.31876969 0.08624734
v -0.21346113 -0.34087384 0.07610482
v -0.16286589 -0.28988674 0.14194199
v -0.20394956 -0.28142852 0.08695136
v -0.19261450 -0.28614789 0.10679917
v -0.18192789 -0.26991481 0.10748009
v -0.08375231 -0.33001032 0.14827742
v -0.17921548 -0.34031513 0.15295638
v -0.17815346 -0.28842586 0.12685466
v -0.06950112 -0.33611324 0.14503303
v -0.17410149 -0.31229398 0.13011771
v -0.19282505 -0.32387173 0.12433119
v -0.20401992 -0.33610776 0.11359585
v -0.16222851 -0.31028867 0.15130895
v -0.15985005 -0.25722203 0.10690515
v -0.18264100 -0.30734196 0.11116955
v -0.17830580 -0.32108667 0.14282842
v -0.05210635 -0.33438370 0.15648574
v -0.14315239 -0.10731135 0.08968166
v -0.12955646 -0.10084777 0.10499822
v -0.09836365 -0.17503856 0.14569275
v -0.10089222 -0.07664360 0.12526949
v -0.08995955 -0.06081939 0.13188431
v -0.06393112 0.01818572 0.14867525
v -0.09866080 0.03206634 0.14666450
v -0.08131159 0.03203324 0.15346059
v -0.08292162 0.05162261 0.16174722
v -0.08230767 0.01315181 0.14033441
v -0.09956205 0.02114547 0.13734962
v -0.07591392 -0.04470073 0.13918225
v -0.12560801 0.00811413 0.09683641
v -0.10406654 0.09047455 0.14499904
v -0.12178728 0.09310206 0.12899147
v -0.09482529 0.07315581 0.15758879
v -0.13674766 0.09126347 0.11139913
v -0.13706852 0.05486339 0.12138923
v -0.11358907 0.04685872 0.14487959
v -0.12991785 0.07760970 0.12835540
v -0.11484446 0.03152063 0.13523510
v -0.09724415 0.04519971 0.15433322
v -0.12855506 0.03918775 0.12557098
v -0.13104454 -0.48341045 0.20760696
v -0.15570036 -0.44734532 0.18329808
v -0.17940873 -0.41718826 0.17342021
v -0.17281079 -0.44023967 0.18054396
v -0.20751287 -0.39735326 0.12664491
v -0.09025507 -0.43027383 0.18484680
v -0.12587243 -0.44164029 0.18647675
v -0.07953233 -0.41206491 0.17624284
v -0.09223145 -0.39818516 0.17428412
v -0.09947972 -0.41714549 0.18232821
v -0.11766054 -0.42006347 0.18623824
v -0.03176176 -0.23458850 0.17512134
v -0.16320387 -0.17381833 0.08959495
v -0.15204522 -0.15971190 0.09913439
v -0.13216117 -0.16258009 0.11999873
v -0.14420579 -0.16797553 0.11051780
v -0.14219978 -0.25191689 0.11696239
v -0.08163964 -0.35047865 0.15247531
v -0.11484812 -0.33461210 0.14925626
v -0.20932230 -0.36416280 0.12764494
v -0.10247774 -0.15418351 0.13938689
v -0.11815088 -0.09127000 0.11359479
v -0.11636873 -0.06747127 0.10939959
v -0.10992336 0.01638505 0.12452951
v -0.07239012 0.06804769 0.16377324
v -0.08486255 0.08430623 0.15702502
v -0.13838761 0.11093011 0.09406565
v -0.14665785 0.08868150 0.09500592
v -0.14020689 0.07316708 0.11519492
v -0.10625773 0.06081536 0.15231161
v -0.21656612 -0.42910144 0.11643198
v -0.11643057 -0.47487476 0.19818264
v -0.14544483 -0.45666137 0.18758646
v -0.11272991 -0.45290989 0.19663569
v -0.10598755 -0.38481894 0.17382218
v -0.11694915 -0.16997853 0.13279320
v -0.11448901 -0.19216336 0.13323018
v -0.13294938 -0.18095410 0.12055148
v -0.14601530 -0.19207451 0.11078890
v -0.09177628 -0.22648579 0.15855281
v -0.08502471 -0.21144228 0.15287508
v -0.12106657 -0.14747943 0.12438408
v -0.14836966 -0.13815068 0.09420409
v -0.14738506 -0.22874121 0.11469243
v -0.16128188 -0.23882268 0.12280145
v -0.16079059 -0.22862020 0.10060562
v -0.04392280 -0.29896128 0.15900913
v -0.05917426 -0.30957988 0.16476184
v -0.07628816 -0.29749539 0.16014086
v -0.08962692 -0.31780893 0.16413833
v -0.09114161 -0.29760960 0.16056435
v -0.10764496 -0.31272936 0.16435990
v -0.14586049 -0.29551917 0.15156360
v -0.12741449 -0.29839468 0.15730968
v -0.07241860 -0.32080483 0.16375025
v -0.08058787 -0.36679384 0.15975124
v -0.10120885 -0.35320753 0.15996371
v -0.12637945 -0.35228187 0.15859467
v -0.13577442 -0.33259389 0.15114838
v -0.11334414 -0.36706334 0.16864139
v -0.09703303 -0.33273444 0.14815648
v -0.20257485 -0.34673703 0.12861049
v -0.17204002 -0.36103520 0.15978107
v -0.18627647 -0.36303100 0.14552625
v -0.16384462 -0.35015059 0.15338869
v -0.14340511 -0.31351775 0.16069224
v -0.16052023 -0.42570043 0.17750125
v -0.16001879 -0.41129479 0.17355347
v -0.14185877 -0.39659676 0.17574348
v -0.21315527 -0.41084024 0.13122363
v -0.21465065 -0.46146446 0.14583263
v -0.13253930 -0.40828913 0.18166813
v -0.11204543 -0.39970690 0.17946574
v -0.09349377 -0.37530747 0.16781774
v -0.17580335 -0.18723083 0.07508634
v -0.17087218 -0.16559730 0.07176190
v -0.18077810 -0.17756923 0.05735309
v -0.08367973 -0.24704641 0.16001236
v -0.10192993 -0.24538943 0.15315680
v -0.07383360 -0.26053271 0.15438206
v -0.05855721 -0.26406932 0.15729034
v -0.14510161 -0.23868725 0.13442858
v -0.11681065 -0.21822831 0.13489008
v -0.07708739 -0.28715885 0.14492515
v -0.12761883 -0.12962370 0.11729541
v -0.13577196 -0.14811450 0.11123083
v -0.14805926 -0.21158399 0.11146511
v -0.13240999 -0.20629221 0.12198978
v -0.17735803 -0.23927882 0.10826226
v -0.14105557 -0.28048512 0.14214274
v -0.12867364 -0.26828572 0.12673384
v -0.15217674 -0.27217990 0.12505984
v -0.10969844 -0.28941980 0.15395622
v -0.09429543 -0.28188694 0.13967252
v -0.08800451 -0.25921440 0.13879639
v -0.10845091 -0.27461138 0.13447833
v -0.11026452 -0.25313833 0.13168271
v -0.12029493 -0.28124839 0.14536415
v -0.13500647 -0.36817193 0.16951407
v -0.15283336 -0.36227518 0.16511381
v -0.12341265 -0.38299960 0.17566779
v -0.15987313 -0.33080810 0.15844925
v -0.20761383 -0.37985283 0.13960159
v -0.15653147 -0.39452431 0.17367747
v -0.17329656 -0.39874843 0.16830151
v -0.21762802 -0.45036307 0.12604284
v -0.20922810 -0.47257537 0.16034691
v -0.10733578 -0.22586814 0.15118325
v -0.12446088 -0.23673831 0.14680950
v -0.12816781 -0.24498226 0.12848268
v -0.05708071 -0.28859061 0.15215875
v -0.11642868 -0.11340645 0.12258472
v -0.13319670 -0.22535238 0.12544559
v -0.14444560 -0.38118532 0.17410694
v -0.14718875 -0.35148457 0.15361847
v -0.16113827 -0.37977743 0.16139524
v -0.20734701 -0.39946502 0.14745840
v -0.19284518 -0.38410228 0.14705165
v -0.17840014 -0.38469851 0.15279050
v -0.21510284 -0.42798510 0.13208140
v -0.20953417 -0.44304025 0.14626499
v -0.20200536 -0.45231667 0.16750182
v -0.19845042 -0.42809772 0.16367601
v -0.19311596 -0.40271756 0.16091597
v -0.20625737 -0.42082885 0.14723589
v -0.08732498 -0.51270854 0.21131471
v -0.06156195 0.23172709 0.04093329
v -0.07996877 0.23016636 0.03561227
v -0.06573390 0.21795842 0.05126465
v -0.08879653 0.19799463 0.06146972
v -0.07166305 0.20045803 0.06290950
v -0.08500616 0.21482469 0.04827385
v -0.10051040 0.20892331 0.05054340
v -0.03505044 -0.13092270 0.17025533
v -0.13789554 -0.08746987 0.09168408
v -0.14220065 -0.07535189 0.08099128
v -0.04416932 -0.15079628 0.16872393
v -0.12694272 -0.31985730 0.16076714
v 0.16750234 0.08898585 0.02167278
v 0.16543724 0.05316277 0.03564342
v 0.15994588 0.03195933 0.04219165
v 0.14883205 -0.03053489 0.03891326
v 0.15135704 -0.05111738 0.03746036
v 0.15679280 -0.07118046 0.03720493
v 0.16014177 -0.09211753 0.03657258
v 0.16648227 -0.11473179 0.03914589
v 0.17887765 -0.15132503 0.03829819
v 0.18458928 -0.16894892 0.03009313
v 0.20054710 -0.22876053 0.02764883
v 0.21433702 -0.30244023 0.02448065
v 0.21751079 -0.32032573 0.02468906
v 0.21605942 -0.33986381 0.02603320
v 0.22083749 -0.35898513 0.02661956
v 0.22345927 -0.37553641 0.02794751
v 0.21960065 -0.39697281 0.02168402
v 0.22444020 -0.41247791 0.03254434
v 0.23369847 -0.46561322 0.03640781
v 0.23212236 -0.48472464 0.02861843
v 0.22804365 -0.51129377 0.03524604
v 0.22608791 -0.53087014 0.03854366
v 0.22561215 -0.54721725 0.04345988
v 0.22540367 -0.55004603 0.04256316
v 0.22547421 -0.55287242 0.04158720
v 0.22246252 -0.55422854 0.06010002
v 0.22022569 -0.55418938 0.07949228
v 0.21947257 -0.55394828 0.09798503
v 0.21834500 -0.55338103 0.11648882
v 0.21716788 -0.55272752 0.13486296
v 0.21527374 -0.55167389 0.15309308
v 0.21147391 -0.55034155 0.17094579
v 0.20423476 -0.54882783 0.18756554
v 0.19447374 -0.54726338 0.20263082
v 0.18107206 -0.54593807 0.21493050
v 0.16650130 -0.54451984 0.22600824
v 0.14986195 -0.54358125 0.23400772
v 0.13254112 -0.54297400 0.23990378
v 0.11483138 -0.54267734 0.24448274
v 0.09672634 -0.54245573 0.24860515
v 0.07871795 -0.54217076 0.25231102
v 0.06140338 -0.54160500 0.25546438
v 0.04337482 -0.54152793 0.25774160
v 0.02508727 -0.54203725 0.25893870
v 0.01529417 0.17563717 0.08599648
v 0.03019618 0.19067875 0.07848534
v 0.04272682 0.20697597 0.06708010
v 0.05076519 0.22746173 0.05141903
v 0.05636113 0.24650280 0.03071893
v 0.06277779 0.26534984 0.00951061
v 0.06815331 0.27753308 -0.01860012
v 0.06875019 0.27331224 -0.05096843
v 0.09952632 0.26920685 -0.03562183
v 0.12087694 0.26514578 -0.03420433
v 0.13026091 0.25900525 -0.01743154
v 0.13312241 0.25483561 -0.00004307
v 0.12902048 0.24675652 0.01609757
v 0.12407607 0.23519163 0.02832129
v 0.12109151 0.22079942 0.04171742
v 0.12210757 0.20375395 0.05447360
v 0.12789677 0.18375173 0.06429256
v 0.13686199 0.16318986 0.07006042
v 0.14680704 0.14303055 0.07255474
v 0.15746579 0.12330137 0.06593975
v 0.16555741 0.10363994 0.05155589
v 0.04329585 -0.51573575 0.22896419
v 0.01450933 0.15713651 0.09001638
v 0.07918423 0.17173177 0.08884522
v 0.08154994 0.27425426 -0.03651097
v 0.22581396 -0.46723273 0.11259193
v 0.08893437 -0.51698685 0.22092356
v 0.07196880 0.20101789 0.06620143
v 0.08172709 0.23296057 0.03609649
v 0.09200757 0.26912469 -0.01826808
v 0.07323799 0.25451490 0.01474768
v 0.22788462 -0.50440019 0.12247358
v 0.04926585 -0.53135663 0.24510448
v 0.05821220 0.21399564 0.05971746
v 0.06350591 0.23516782 0.04100445
v 0.11075358 0.26313931 -0.01336115
v 0.10790215 0.25160280 0.00741698
v 0.07686043 0.26927006 -0.00752245
v 0.15053381 -0.51495230 0.21353251
v 0.21966118 -0.50651985 0.15305255
v 0.22222541 -0.54372764 0.07295500
v 0.09313767 -0.53215837 0.23751326
v 0.12034623 -0.53048855 0.23146027
v 0.15560180 -0.52994323 0.22402275
v 0.22026464 -0.53699309 0.12761454
v 0.20774174 -0.53162146 0.18061030
v 0.06512935 -0.52600032 0.23600845
v 0.18508160 -0.52627397 0.20855217
v 0.16913131 -0.51786846 0.21464828
v 0.13927439 -0.53189927 0.22893985
v 0.16909665 -0.53157163 0.22026636
v 0.14760366 -0.25939184 0.14059535
v 0.10593970 0.00389012 0.13440511
v 0.15073070 0.07776926 0.10694425
v 0.03599420 -0.49925229 0.21106842
v 0.04349473 0.14515401 0.11176474
v 0.07702156 -0.38374841 0.16764833
v 0.23134911 -0.46705204 0.07664099
v 0.02178082 -0.52244681 0.23523441
v 0.02316273 -0.51023930 0.22235864
v 0.07594865 0.24384600 0.02650674
v 0.07499905 0.22000635 0.05078912
v 0.09231786 0.20362113 0.06009152
v 0.09780908 0.21776102 0.04649844
v 0.10864450 0.20736028 0.05388292
v 0.11194737 0.19188486 0.06456240
v 0.10392554 0.22896975 0.03487529
v 0.09904638 0.18396132 0.07380354
v 0.11790163 0.16829929 0.07844434
v 0.06517402 0.18488894 0.07906795
v 0.08323592 0.18728961 0.07521202
v 0.10375175 0.13093324 0.12080081
v 0.02985161 0.16995527 0.09316415
v 0.10076797 0.14612457 0.10399531
v 0.09781454 0.16559640 0.08897766
v 0.22460711 -0.53626299 0.05767555
v 0.23242188 -0.52376384 0.05333158
v 0.22869976 -0.52558607 0.07608805
v 0.22914013 -0.49666297 0.10177536
v 0.23181027 -0.51034015 0.08650927
v 0.22802548 -0.51560169 0.10643708
v 0.22996438 -0.49188441 0.08132962
v 0.23469266 -0.50176245 0.05337213
v 0.22241586 -0.53694624 0.10968233
v 0.22434092 -0.53213173 0.09262621
v 0.22630459 -0.48445863 0.11572602
v 0.22659574 -0.48118579 0.09525948
v 0.22312781 -0.51743269 0.13845295
v 0.21877258 -0.53052020 0.14754544
v 0.21423523 -0.52959704 0.16514958
v 0.08824545 0.25885987 0.00186190
v 0.20287383 -0.50901335 0.18916416
v 0.18912601 -0.24937898 0.09250450
v 0.07810431 -0.29526907 0.15374662
v 0.15055384 -0.12182701 0.09071169
v 0.07880949 -0.08124407 0.14959131
v 0.15645348 0.09837376 0.07977422
v 0.01417215 -0.49797001 0.20864113
v 0.13299052 0.14891279 0.08353148
v 0.11550876 0.14870059 0.09442022
v 0.11870889 0.13155080 0.10934433
v 0.23486574 -0.46551698 0.05523894
v 0.23141503 -0.41859776 0.06247868
v 0.05154345 -0.50198400 0.20861503
v 0.06710213 -0.51391125 0.21962982
v 0.05324673 0.19542834 0.07296611
v 0.04958433 0.17719562 0.08648737
v 0.04678379 0.16012505 0.09930831
v 0.06402980 0.16961418 0.09166227
v 0.06344822 0.15313262 0.10654791
v 0.02837148 0.15331024 0.10512266
v 0.00832252 0.13765271 0.10451907
v 0.02684576 0.13431180 0.11867294
v 0.22521158 -0.52164489 0.12168462
v 0.23432843 -0.50801826 0.06752400
v 0.23446569 -0.48698106 0.06437576
v 0.23496220 -0.48534513 0.04792252
v 0.17176907 -0.48380625 0.19672334
v 0.13955188 -0.49577710 0.20209053
v 0.11720050 -0.46435153 0.18870780
v 0.13563062 -0.47813457 0.19180076
v 0.16231845 -0.50083679 0.20550133
v 0.15760472 -0.48249459 0.19372894
v 0.18500274 -0.50424701 0.20332220
v 0.19227214 -0.48973402 0.19483243
v 0.18054880 -0.44578776 0.18301468
v 0.13353261 -0.45782599 0.18737084
v 0.15181191 -0.46512294 0.18605338
v 0.16373703 -0.44546902 0.18011948
v 0.12254260 -0.44016400 0.18044600
v 0.10064080 -0.44897771 0.18102971
v 0.10597948 -0.42581281 0.17418578
v 0.12620921 -0.41910684 0.16845074
v 0.08790672 -0.42795759 0.17577261
v 0.15765354 -0.42362788 0.17158857
v 0.13793007 -0.42993781 0.17303278
v 0.08419082 -0.45889631 0.18946473
v 0.10282323 -0.46735337 0.19453235
v 0.08415203 -0.47289714 0.19668542
v 0.08296922 -0.48926109 0.20345958
v 0.08967714 -0.41280675 0.16624768
v 0.19718638 -0.42198449 0.16088872
v 0.22504853 -0.47431996 0.14405623
v 0.17987898 -0.42743874 0.17661960
v 0.14272751 -0.44339821 0.18081319
v 0.10752095 -0.40726900 0.16622439
v 0.07636934 -0.44141147 0.17978835
v 0.06940017 -0.42553908 0.17211246
v 0.22627079 -0.46817279 0.13079238
v 0.22419506 -0.45062396 0.14875178
v 0.22152069 -0.48835829 0.15225020
v 0.06249466 -0.45786953 0.17923993
v 0.22563958 -0.49473113 0.13744970
v 0.06327664 -0.41288361 0.16266808
v 0.03957274 -0.45307991 0.17005676
v 0.05475787 -0.43860221 0.16926259
v 0.13142930 -0.51494437 0.21753657
v 0.09907743 -0.49869356 0.21065450
v 0.19345099 -0.24953763 0.05586798
v 0.03872611 -0.22509800 0.16760977
v 0.05045620 -0.33805981 0.15201661
v 0.13849191 -0.03179095 0.07172394
v 0.14286938 0.00540095 0.07256579
v 0.04827455 0.03445663 0.16181910
v 0.03919979 -0.00319605 0.15792395
v 0.02729779 -0.03953352 0.16463144
v 0.16232544 0.04804346 0.05801267
v 0.16275477 0.06677047 0.06811206
v 0.16552824 0.06668057 0.05027129
v 0.15824643 0.04639420 0.07633167
v 0.16000856 0.10538327 0.06565753
v 0.14433271 0.12936729 0.08298670
v 0.16554072 0.08926032 0.04759053
v 0.01926378 -0.48030683 0.19224794
v 0.08398505 0.14123975 0.11329955
v 0.12938996 0.10379320 0.12263764
v 0.02476965 0.13709618 0.14014907
v 0.02077012 -0.39160004 0.14536899
v 0.23264706 -0.44622084 0.04609263
v 0.22966066 -0.40682113 0.05069369
v 0.22435261 -0.37017134 0.04629769
v 0.04456246 0.14172626 0.13064727
v 0.18792900 -0.47208562 0.19069627
v 0.16976552 -0.46485811 0.18802616
v 0.04536474 -0.48698655 0.19422996
v 0.06304602 -0.48640451 0.19538581
v 0.06505694 -0.47316477 0.18782067
v 0.06513357 -0.49938247 0.20573980
v 0.21501465 -0.48873767 0.17045003
v 0.03207387 -0.43494064 0.16049848
v 0.04164987 -0.40401199 0.15646400
v 0.06823257 -0.39710632 0.16629711
v 0.05781334 -0.37463182 0.15659660
v 0.02049243 -0.44730195 0.16682684
v 0.02303465 -0.46261570 0.17592385
v 0.11069966 -0.51688027 0.22072318
v 0.11935381 -0.49804619 0.21032539
v 0.11862423 -0.48338053 0.20055948
v 0.08233232 -0.50447738 0.21078295
v 0.20087203 -0.23120947 0.05104684
v 0.20965704 -0.27593008 0.05129017
v 0.19385448 -0.24332948 0.03332082
v 0.20137250 -0.26332223 0.03612234
v 0.04856912 -0.18932410 0.17331992
v 0.03353189 -0.35146362 0.14133801
v 0.17326930 -0.13437925 0.04066603
v 0.16646869 -0.12697384 0.05902930
v 0.17857496 -0.16383263 0.05474825
v 0.16055351 -0.10357192 0.05459848
v 0.15566547 -0.09382226 0.06649794
v 0.02337069 -0.07000433 0.16843964
v 0.02922258 -0.15179963 0.17479089
v 0.03179305 -0.12776652 0.17244345
v 0.01041306 -0.13147736 0.17461500
v 0.14942394 0.00899947 0.04748502
v 0.15429634 0.02634600 0.06086869
v 0.02674916 0.03969963 0.16018188
v 0.03840853 0.01633777 0.16051483
v 0.04024871 -0.47252402 0.18213879
v 0.08452462 0.15685406 0.10026677
v 0.06415936 0.13724063 0.12084509
v 0.07505487 0.11335799 0.14283510
v 0.06400432 0.12901264 0.13888685
v 0.03843885 0.12342542 0.14590338
v 0.08595520 0.12987822 0.13084832
v 0.01635951 0.11987500 0.14955491
v 0.02854874 0.10100801 0.15176067
v 0.19573241 -0.43871933 0.17200373
v 0.03189856 -0.48702112 0.19800137
v 0.20538785 -0.49552974 0.18401226
v 0.21174732 -0.50842744 0.17551142
v 0.05217698 -0.39289096 0.16043109
v 0.10137335 -0.48243961 0.20360678
v 0.19470824 -0.21030468 0.03764380
v 0.18859796 -0.21689300 0.06001333
v 0.19705305 -0.23402643 0.07470907
v 0.17971610 -0.22102876 0.07851539
v 0.20282166 -0.26639608 0.06132671
v 0.20092264 -0.26466408 0.08390869
v 0.18450378 -0.22894982 0.09796720
v 0.16782010 -0.21466607 0.09077556
v 0.21195365 -0.28583398 0.03429896
v 0.21259868 -0.29317048 0.05794398
v 0.21041273 -0.27986300 0.07489553
v 0.20657136 -0.30049512 0.07949758
v 0.19942187 -0.26458377 0.09809766
v 0.22147626 -0.32901004 0.04186877
v 0.21582757 -0.30913624 0.04149760
v 0.01722480 -0.22895759 0.17069060
v 0.01857596 -0.25644240 0.17085142
v 0.02245372 -0.30450535 0.15116751
v 0.02477087 -0.31845492 0.16753399
v 0.15783706 -0.11538921 0.07346032
v 0.18500006 -0.17847389 0.04713888
v 0.18982720 -0.18826981 0.03354916
v 0.18078057 -0.19837533 0.07758686
v 0.16906151 -0.18387187 0.08867312
v 0.17790481 -0.17902839 0.06903064
v 0.16812582 -0.16363707 0.07831969
v 0.15612523 -0.17292285 0.09903682
v 0.16718125 -0.19819108 0.09882122
v 0.17300133 -0.14945784 0.06074144
v 0.16210532 -0.13946171 0.07891489
v 0.13491672 -0.18963316 0.12950838
v 0.15573256 -0.07959902 0.05395451
v 0.14060175 -0.05357688 0.07688814
v 0.15086824 -0.06165170 0.05698503
v 0.02708412 -0.18058741 0.17579927
v 0.04826790 -0.16445373 0.17132922
v 0.03062655 0.07982796 0.15841265
v 0.04221623 -0.02474517 0.16231279
v 0.05603893 -0.01666708 0.15931967
v 0.02250958 -0.01898417 0.16233575
v 0.21956873 -0.35243261 0.05012786
v 0.22300594 -0.33507308 0.06603178
v 0.22716467 -0.38077834 0.07968654
v 0.22723180 -0.39154649 0.04149591
v 0.19178793 -0.45787415 0.18402436
v 0.21839747 -0.46660286 0.16256659
v 0.20494914 -0.46461979 0.17646936
v 0.20910572 -0.45068088 0.16916776
v 0.20559812 -0.47858477 0.17937432
v 0.01457341 -0.42824727 0.15677461
v 0.02873110 -0.41410029 0.15294862
v 0.08047213 -0.36080706 0.15394859
v 0.19306849 -0.25561199 0.07480291
v 0.16731744 -0.22233517 0.10996190
v 0.15308996 -0.21133021 0.10508712
v 0.16492052 -0.24890238 0.12781011
v 0.17886752 -0.26260144 0.11767343
v 0.15692028 -0.22575636 0.12209585
v 0.17521721 -0.24103075 0.11602306
v 0.04780783 -0.24278674 0.17117584
v 0.03241773 -0.24927571 0.17207703
v 0.07558322 -0.25905627 0.16477410
v 0.06284624 -0.23596799 0.16105953
v 0.06077933 -0.25397059 0.17043249
v 0.05952120 -0.27548596 0.16003674
v 0.03039632 -0.33896407 0.15668111
v 0.04310635 -0.32253563 0.16949990
v 0.06230813 -0.32476893 0.16849457
v 0.01901305 -0.37033468 0.13837051
v 0.03799941 -0.38101098 0.15087782
v 0.13521211 -0.12244140 0.11145301
v 0.18725272 -0.19432712 0.05428513
v 0.15768293 -0.15590936 0.09489110
v 0.13454206 -0.21440010 0.12110427
v 0.14849392 -0.19554994 0.11847840
v 0.10456642 -0.20882434 0.14593859
v 0.14542222 -0.23517971 0.13622606
v 0.12301746 -0.20249747 0.13514243
v 0.11574560 -0.21965082 0.13444039
v 0.15667896 -0.18741252 0.10673810
v 0.14733061 -0.04580632 0.05577909
v 0.14696428 -0.07547557 0.07562646
v 0.14923908 -0.10190821 0.08414636
v 0.01361279 -0.09399923 0.17050810
v 0.03556536 -0.10877825 0.16985175
v 0.05667229 -0.10556743 0.16381238
v 0.07154348 -0.12009043 0.16021438
v 0.03937214 -0.08847271 0.16732743
v 0.14503792 -0.02999858 0.05401746
v 0.14813922 -0.01262063 0.04293432
v 0.13349873 -0.01552877 0.08404955
v 0.07245982 0.03595104 0.16091818
v 0.06505904 0.04923799 0.16300860
v 0.08293724 0.02159116 0.15445827
v 0.22411032 -0.37405217 0.06394584
v 0.22768366 -0.40301928 0.07081482
v 0.09454957 -0.36896229 0.16528136
v 0.05546091 -0.35607982 0.14368851
v 0.18916067 -0.25280818 0.10801897
v 0.03720996 -0.28368402 0.15517171
v 0.05277970 -0.21260978 0.17066424
v 0.07277294 -0.21391788 0.16246229
v 0.04001125 -0.30804676 0.15509000
v 0.08532092 -0.33134782 0.16264755
v 0.14716014 -0.13918133 0.10129196
v 0.12977636 -0.14095744 0.12135758
v 0.14312550 -0.15749440 0.11248253
v 0.13917117 -0.17648612 0.11777376
v 0.12461791 -0.16245311 0.12984811
v 0.11947770 -0.17684139 0.13447130
v 0.03638295 -0.20223022 0.17638937
v 0.01810617 -0.11246571 0.17224734
v 0.05542308 -0.12707467 0.16732082
v 0.09308445 -0.14309089 0.15111378
v 0.07487355 -0.10051453 0.15468076
v 0.14268279 -0.01198285 0.06224286
v 0.14687195 0.02296799 0.08195827
v 0.15185283 0.04111920 0.09500232
v 0.06081928 0.00182943 0.15523432
v 0.05275096 0.08948055 0.15672225
v 0.05318939 0.11135111 0.14713207
v 0.06692302 0.10125008 0.15141796
v 0.10245454 0.08551094 0.15208206
v 0.08996323 0.09830979 0.14934534
v 0.09974830 0.11189300 0.13635072
v 0.11752163 0.11450192 0.12412918
v 0.13208964 0.07109419 0.13738112
v 0.07342069 -0.01200429 0.15290077
v 0.06456332 0.01710251 0.15812078
v 0.08427382 0.00557015 0.14896485
v 0.22614026 -0.39011797 0.05916943
v 0.23098138 -0.44377628 0.07521338
v 0.22751237 -0.45794919 0.09364714
v 0.10001370 -0.38544071 0.17123190
v 0.04348896 -0.26534998 0.16835955
v 0.05760081 -0.29160091 0.15012197
v 0.06041442 -0.30346447 0.16234024
v 0.09863567 -0.22737308 0.14577618
v 0.06428264 -0.19651137 0.16839394
v 0.07838975 -0.19726354 0.16275406
v 0.06569776 -0.17902231 0.16703172
v 0.08740598 -0.16001414 0.15558869
v 0.06778099 -0.15371650 0.16424441
v 0.07780708 -0.13682970 0.15868162
v 0.11812953 -0.14291349 0.13245937
v 0.10602238 -0.13506305 0.14104463
v 0.07381979 -0.33917153 0.14915913
v 0.10452273 -0.33248124 0.16162422
v 0.09823531 -0.34251022 0.14960751
v 0.09671642 -0.31423578 0.16822611
v 0.10370325 -0.35313833 0.16012107
v 0.12995435 -0.22910510 0.14087608
v 0.11476127 -0.19055361 0.14375319
v 0.12852846 -0.03589603 0.09062825
v 0.13194732 -0.06018603 0.09380119
v 0.12659296 -0.07758088 0.10583539
v 0.13934456 -0.08282669 0.09201902
v 0.10663827 -0.08984224 0.12897076
v 0.11477841 -0.05356233 0.11207443
v 0.11930710 -0.09011254 0.11697718
v 0.11966074 -0.03830143 0.10382177
v 0.09448996 -0.07604171 0.13632527
v 0.09636524 -0.05267655 0.12967505
v 0.11046714 -0.06857172 0.11991467
v 0.10954274 -0.03495356 0.11612757
v 0.09288912 -0.03004848 0.13434552
v 0.12752570 -0.10862061 0.11573742
v 0.13534844 -0.09755664 0.10279480
v 0.06132670 -0.08093186 0.15956080
v 0.15257864 0.05940833 0.10569848
v 0.07969647 0.08406256 0.15806280
v 0.06534573 0.06681419 0.16247922
v 0.08556201 0.05805696 0.16259365
v 0.08974451 -0.01295299 0.14091639
v 0.22840174 -0.42304072 0.08257239
v 0.23399404 -0.45114082 0.06109510
v 0.23270337 -0.43595964 0.05997537
v 0.22739369 -0.44842169 0.11605084
v 0.22823577 -0.43815395 0.09740145
v 0.03795676 -0.36766279 0.14265871
v 0.16397622 -0.29036236 0.13936688
v 0.15964876 -0.27223527 0.12540062
v 0.17442967 -0.28111345 0.11920314
v 0.18965125 -0.27697518 0.10611991
v 0.07538517 -0.27592367 0.15051278
v 0.09398419 -0.26364517 0.15775912
v 0.10773665 -0.15837781 0.14257251
v 0.08897211 -0.12030309 0.14998156
v 0.14347571 -0.11074021 0.09812101
v 0.09720650 -0.19255166 0.15385310
v 0.09396197 -0.09707761 0.14108720
v 0.10807317 -0.01719764 0.12308636
v 0.12154169 -0.01934775 0.10434778
v 0.12188944 0.00050245 0.11493241
v 0.13337353 0.00364893 0.09609893
v 0.13229239 0.03180839 0.12595534
v 0.13724595 0.02208727 0.10547666
v 0.12351523 0.01512805 0.12261117
v 0.12143292 -0.12355655 0.12591600
v 0.15849595 0.07840844 0.08566652
v 0.14290288 0.06670572 0.12425076
v 0.11871209 0.03856133 0.14424333
v 0.10536497 0.05853784 0.15795968
v 0.09736329 0.03829268 0.15731940
v 0.12000626 0.06580004 0.14848341
v 0.11726157 0.02634710 0.13845681
v 0.09945867 0.02000660 0.14691623
v 0.13325280 0.05015118 0.13545652
v 0.23023778 -0.40092078 0.09382342
v 0.22223648 -0.38697630 0.10302433
v 0.23098221 -0.41629434 0.10086133
v 0.10184513 -0.17483568 0.14696981
v 0.06295186 -0.04659275 0.15498939
v 0.07022665 -0.06283066 0.15311563
v 0.08196174 -0.04474051 0.14385389
v 0.07089020 -0.02791974 0.14883511
v 0.04946338 -0.03924750 0.15842609
v 0.08335720 -0.06437021 0.14388151
v 0.14370570 0.04314994 0.11682774
v 0.15779565 0.06300163 0.09047265
v 0.15181048 0.09190939 0.09629685
v 0.14599064 0.11067782 0.09399007
v 0.13290974 0.11639340 0.10873618
v 0.14201479 0.09741081 0.11079788
v 0.13598032 0.08788498 0.12594880
v 0.13255310 0.13132060 0.09745645
v 0.20331027 -0.37439445 0.15062051
v 0.22371122 -0.43146411 0.14314476
v 0.10871847 -0.11051830 0.13264450
v 0.21475855 -0.38098016 0.12698653
v 0.22938639 -0.42890063 0.12077508
v 0.19234063 -0.40258139 0.15565282
v 0.17785630 -0.41008168 0.17052138
v 0.14437127 -0.40645921 0.16970120
v 0.13773365 -0.38531500 0.17282993
v 0.12202521 -0.39494392 0.17256214
v 0.10997167 0.24162269 0.02098677
v 0.09194343 0.24432664 0.02022979
v 0.21499622 -0.31513995 0.06068945
v 0.20789836 -0.28421444 0.09548965
v 0.04843093 -0.14538091 0.17093256
v 0.22079870 -0.37045640 0.09284194
v 0.22004840 -0.36038077 0.07189241
v 0.07752599 -0.31136787 0.16889028
v 0.11510657 -0.23408127 0.15082668
v 0.09946407 -0.24031350 0.15948063
v 0.11107008 -0.25337464 0.15658896
v 0.11739636 -0.26872838 0.14967144
v 0.09971415 -0.27879494 0.14520195
v 0.09932537 -0.29193485 0.15758117
v 0.08244777 -0.23097776 0.15323918
v 0.08372910 -0.24488652 0.16469906
v 0.12405381 -0.28901276 0.14394699
v 0.11415158 -0.29955849 0.16232976
v 0.14907061 -0.29246229 0.13859464
v 0.13057818 -0.25095153 0.14909837
v 0.08869226 -0.21339017 0.15448487
v 0.13458335 -0.27390504 0.14650410
v 0.03237551 -0.05456917 0.16538319
v 0.04849003 -0.06361406 0.16236424
v 0.21237214 -0.41200063 0.15466087
v 0.22274922 -0.41281620 0.13559189
v 0.20223561 -0.39129087 0.15554781
v 0.16455022 -0.33632731 0.14385334
v 0.20987025 -0.35798651 0.13773838
v 0.18410181 -0.34574533 0.13739178
v 0.19935422 -0.34932777 0.13248469
v 0.19174795 -0.36212096 0.14783859
v 0.14286859 -0.36830485 0.16834167
v 0.15640479 -0.38616687 0.16485314
v 0.15034579 -0.34840813 0.15992372
v 0.12681025 -0.35100469 0.16209766
v 0.17507675 -0.35692814 0.15186556
v 0.16517942 -0.36852950 0.16308494
v 0.17382021 -0.39339301 0.15945852
v 0.11869764 -0.37011090 0.16831127
v 0.14632291 -0.32771087 0.14917405
v 0.13266626 -0.33858636 0.15047720
v 0.11536995 -0.34088558 0.15077062
v 0.13460028 -0.31618643 0.16453442
v 0.11711393 -0.32404914 0.16546628
v 0.13834159 -0.29914320 0.15651995
v 0.15550426 -0.31699896 0.15927558
v 0.16223352 -0.30369359 0.15261069
v 0.18658984 -0.37899473 0.15839811
v 0.17873701 -0.30686745 0.14481699
v 0.17598490 -0.32588252 0.14960198
v 0.21849790 -0.33764917 0.10686265
v 0.21100052 -0.32168362 0.10609107
v 0.21905202 -0.33054793 0.09059745
v 0.21434772 -0.31908435 0.08370902
v 0.20674570 -0.32773808 0.12664844
v 0.21651286 -0.34377477 0.12379249
v 0.19848378 -0.31397545 0.11518993
v 0.19823879 -0.29353988 0.11677788
v 0.19123317 -0.32839715 0.14125359
v 0.18543595 -0.29029733 0.12783587
v 0.19048819 -0.31109950 0.13122532
v 0.22046998 -0.36568582 0.11448968
v 0.22169940 -0.35368183 0.10524011
v 0.22298697 -0.34720650 0.08741549
v 0.22227904 -0.55552840 0.02180520
v 0.22072054 -0.55708563 0.00268655
v 0.21858366 -0.55770212 -0.01640542
v 0.21661414 -0.55732834 -0.03542934
v 0.21427253 -0.55650848 -0.05422443
v 0.21189892 -0.55568087 -0.07299589
v 0.20844904 -0.55497485 -0.09152295
v 0.19845876 -0.55397630 -0.10763384
v 0.18646242 -0.55374253 -0.12248263
v 0.17428325 -0.55381310 -0.13756701
v 0.16059409 -0.55396140 -0.15122733
v 0.14386418 -0.55451804 -0.16155168
v 0.12586224 -0.55400747 -0.17011267
v 0.10758049 -0.55252832 -0.17697991
v 0.08941275 -0.55019736 -0.18329309
v 0.07104270 -0.54823047 -0.18835691
v 0.05238685 -0.54654062 -0.19239604
v 0.03340987 -0.54540110 -0.19483849
v 0.01436470 -0.54469258 -0.19583455
v -0.00464091 -0.54417008 -0.19566418
v -0.00338955 -0.51301694 -0.17102602
v 0.00256267 -0.47867417 -0.14769670
v 0.00400475 -0.42891961 -0.11097530
v 0.00477040 -0.40687895 -0.10292196
v -0.00257702 -0.37315857 -0.09866954
v -0.00047190 -0.35332444 -0.10038759
v -0.00098350 -0.33433905 -0.10436572
v -0.00202248 -0.31660694 -0.10976403
v -0.00075869 -0.29888207 -0.11620389
v -0.00524900 -0.26301533 -0.13222182
v -0.00207945 -0.21720368 -0.12625025
v 0.00306017 -0.17342138 -0.11040831
v 0.00125615 -0.15171516 -0.10384540
v -0.00273105 -0.13564417 -0.10084616
v -0.00172216 -0.11794855 -0.09586645
v 0.00333176 -0.10025050 -0.09293868
v -0.01147509 -0.04788778 -0.08572657
v -0.00659826 -0.02476854 -0.08842909
v -0.00589489 -0.00590045 -0.09209023
v -0.00306900 0.06770078 -0.11301993
v -0.00278902 0.08737117 -0.11739244
v -0.00211998 0.12574354 -0.12455355
v -0.00216260 0.16441408 -0.10711862
v 0.00011000 0.18181336 -0.08768833
v 0.00919563 0.19850335 -0.09080480
v 0.02255414 0.21235126 -0.08984223
v 0.03649945 0.22664137 -0.08794770
v 0.04958287 0.24221894 -0.08293577
v 0.06044094 0.25897795 -0.07146698
v 0.12684970 0.25474828 -0.05141373
v 0.13166910 0.24079147 -0.06457505
v 0.13436505 0.22378401 -0.07590017
v 0.13564819 0.20376197 -0.08383166
v 0.13777851 0.18288390 -0.09045582
v 0.14019604 0.16059178 -0.09213998
v 0.14451395 0.13825831 -0.08848817
v 0.15103786 0.11700177 -0.07912552
v 0.15736060 0.10156660 -0.06185576
v 0.16451263 0.09342632 -0.03882873
v 0.16698334 0.09042963 -0.01701809
v 0.11670924 0.02764724 -0.07595076
v 0.07040371 0.16946051 -0.11481538
v 0.16366726 0.07778956 -0.02286847
v 0.13451308 0.09069152 -0.08643681
v 0.10659888 0.17763634 -0.10632794
v 0.09681258 0.25581962 -0.06626815
v 0.10603272 0.24020530 -0.07732169
v 0.06780794 0.23307250 -0.08796934
v 0.12932870 0.12386329 -0.09699679
v 0.12106197 0.16824770 -0.10020109
v 0.09257786 0.26638946 -0.05226665
v 0.10936851 0.26056767 -0.05280370
v 0.07852347 0.25951692 -0.06736763
v 0.12204956 0.23291330 -0.07588188
v 0.12055255 0.21122602 -0.08805438
v 0.06741358 0.24797268 -0.07932869
v 0.15924683 0.09141009 -0.05156049
v 0.12470387 0.14372562 -0.10056581
v 0.11538380 0.24880019 -0.06532986
v 0.07685764 0.26916876 -0.05538943
v 0.10431254 0.22358485 -0.08828424
v 0.11884096 0.18991047 -0.09504290
v 0.09192891 0.19332236 -0.10227896
v 0.10540710 0.20240112 -0.09689588
v 0.14931917 0.07371125 -0.06286275
v 0.12197417 0.10482123 -0.09894777
v 0.08826821 0.21717420 -0.09459198
v 0.08860267 0.17328446 -0.11277542
v 0.10206784 0.15483026 -0.11116073
v 0.07640890 0.07422204 -0.10907663
v 0.05978904 0.19965190 -0.09885252
v 0.10373114 0.07506306 -0.10168775
v 0.09286062 0.13853781 -0.11482575
v 0.10283495 0.10264694 -0.10789154
v 0.11214922 0.13544784 -0.10737991
v 0.11628208 0.08927629 -0.09885300
v 0.05515601 0.22193113 -0.09149177
v 0.07194278 0.11397604 -0.11847828
v 0.03891584 0.20270258 -0.09477855
v 0.07748976 0.15477723 -0.11962671
v 0.09130092 0.11965786 -0.11411662
v 0.07292387 0.13274364 -0.12053052
v 0.05734129 0.12210160 -0.12187736
v 0.22444637 -0.54073650 0.02610017
v 0.22440210 -0.53854686 0.00584698
v 0.20369297 -0.42905095 -0.09003374
v 0.13817488 -0.28866848 -0.10659690
v 0.05443385 -0.49098209 -0.14901321
v 0.01275797 -0.51997197 -0.17558485
v -0.00531579 -0.53318834 -0.18564320
v 0.02096744 -0.53370804 -0.18570033
v 0.16669910 0.07686426 0.02695437
v 0.01568879 0.17907539 -0.09548232
v 0.08703919 0.24138941 -0.08140929
v 0.15689708 0.07356162 -0.04499234
v 0.15825424 0.05718645 -0.02928935
v 0.12056583 0.07361026 -0.09176274
v 0.14173540 0.05593036 -0.06433173
v 0.13394062 0.07077369 -0.07985144
v 0.15035693 0.04971683 -0.04667142
v 0.13671359 0.03292972 -0.05990126
v 0.15270343 0.03259017 -0.03028231
v 0.15876074 0.03747122 -0.01389723
v 0.14474420 0.02772098 -0.04449335
v 0.14314720 0.01464176 -0.03619374
v 0.03822991 0.10588533 -0.12087820
v 0.05506543 0.10252129 -0.11906100
v 0.02029226 0.11890445 -0.12319554
v 0.06307849 0.08893520 -0.11525836
v 0.05093518 0.06882788 -0.11135458
v 0.03619449 0.08474954 -0.11625113
v 0.08495440 0.09619394 -0.11246394
v 0.09416132 0.05928493 -0.10006148
v 0.01517669 0.07438887 -0.11469413
v 0.03334251 0.06513178 -0.11183506
v 0.01804227 0.05627017 -0.11000438
v 0.04243509 0.18574446 -0.09930329
v 0.07311524 0.18647090 -0.10444314
v 0.05359608 0.16004632 -0.11530872
v 0.22281477 -0.54183739 -0.01216618
v 0.21757218 -0.47364897 -0.04265571
v 0.22253084 -0.51842684 -0.00988207
v 0.20603149 -0.38955626 -0.03591898
v 0.06891799 -0.28918990 -0.13260970
v 0.16636580 -0.21637967 -0.06146070
v 0.18104982 -0.28767374 -0.06341961
v 0.06400744 -0.16115350 -0.10350337
v 0.15366431 -0.10792127 -0.02564860
v 0.02400337 -0.48937783 -0.15138075
v 0.01735403 -0.50537008 -0.16464040
v 0.16253968 0.03473102 0.02029343
v 0.14746843 -0.00470582 -0.00862595
v 0.14104994 0.00099071 -0.03109706
v 0.16548641 0.05444441 0.01521498
v 0.15539369 0.02003304 0.00035923
v 0.16286367 0.04185451 0.00411300
v 0.01109758 0.15653434 -0.12692755
v 0.12778665 0.04116644 -0.07391424
v 0.12756982 0.05533080 -0.08003223
v 0.13017507 0.01812258 -0.05800880
v 0.00107937 0.10952300 -0.12139703
v 0.01829910 0.09633809 -0.11930909
v 0.01384058 0.13553637 -0.12681116
v 0.05585114 0.14238186 -0.12519185
v 0.03202923 0.14247611 -0.12742582
v 0.03413504 0.17507534 -0.11323215
v 0.04444326 0.02490062 -0.09949774
v 0.04258552 0.04707709 -0.10610975
v 0.06840120 0.05603103 -0.10537507
v 0.08621904 0.04275613 -0.09715942
v 0.02049774 0.03516275 -0.10428852
v 0.22876045 -0.50551820 0.01179815
v 0.22807603 -0.52366525 0.01464655
v 0.23087248 -0.48487538 0.01347156
v 0.21725148 -0.52299988 -0.07140374
v 0.22310483 -0.52647698 -0.03158509
v 0.21948454 -0.53315920 -0.05327886
v 0.21996409 -0.54444116 -0.03394237
v 0.21570431 -0.54024011 -0.06797696
v 0.22666918 -0.46937838 -0.00312763
v 0.20220642 -0.53087884 -0.10229899
v 0.02979609 -0.28704622 -0.12795337
v 0.06053979 -0.23471941 -0.12889384
v 0.07584671 -0.36416104 -0.11202734
v 0.18573149 -0.20921981 -0.02173650
v 0.19857916 -0.27300671 -0.01326241
v 0.02357813 -0.41676685 -0.10553825
v 0.14900713 -0.53658015 -0.15619241
v 0.08083808 -0.53383309 -0.17168991
v 0.06433046 -0.53677976 -0.17927730
v 0.01883944 -0.47306642 -0.14015961
v 0.00318097 -0.49516007 -0.15869507
v 0.04269014 -0.53493959 -0.18441600
v 0.15053485 -0.01541310 0.01765786
v 0.02201170 -0.09086230 -0.08597617
v 0.15493226 0.01741694 0.02421851
v 0.15102592 -0.00041746 0.02594286
v 0.15162967 0.00145172 0.00821910
v 0.13918181 -0.01815589 -0.02997207
v 0.10496865 -0.03125692 -0.06484444
v 0.12622933 -0.03298060 -0.04508867
v 0.09774703 -0.01012881 -0.07375361
v 0.09903818 0.01430614 -0.08054424
v 0.14427814 -0.02800514 -0.01619939
v 0.16618203 0.06818106 0.01554448
v 0.15068710 0.01636953 -0.01760591
v 0.11094096 0.04951810 -0.08950587
v 0.02494827 0.00151748 -0.09367608
v 0.00261796 0.02680095 -0.10228208
v 0.00033522 0.04618425 -0.10786332
v 0.22000742 -0.49188888 -0.06188043
v 0.22020608 -0.50411958 -0.02731829
v 0.22250897 -0.49477246 -0.00336259
v 0.21946135 -0.45184895 -0.02361938
v 0.21474250 -0.36774665 0.00514057
v 0.20399484 -0.33302885 -0.01023797
v 0.18923840 -0.53695923 -0.11640716
v 0.21010691 -0.51653558 -0.08845001
v 0.03413367 -0.32509503 -0.11256729
v 0.03858792 -0.25656390 -0.13211842
v 0.03139775 -0.21509862 -0.12518509
v 0.19415163 -0.22027698 -0.00045421
v 0.01997712 -0.16072558 -0.10622681
v 0.01757534 -0.13625096 -0.09973304
v 0.16435768 -0.10447221 0.01607183
v 0.15954018 -0.08583438 0.01665439
v 0.18020707 -0.15366192 0.01217511
v 0.00299035 -0.46170753 -0.13546918
v 0.00522116 -0.44560623 -0.12287256
v 0.13124719 -0.52610666 -0.15562934
v 0.16555837 -0.53308237 -0.14666913
v 0.11308487 -0.53629363 -0.16380183
v 0.05020399 -0.52229649 -0.17389567
v 0.03402432 -0.51803809 -0.17210996
v 0.03706665 -0.50003833 -0.15838507
v 0.05253554 -0.50640893 -0.16160491
v 0.03536465 -0.47894531 -0.14280623
v 0.02314616 -0.46105051 -0.13013145
v 0.05270702 -0.47391668 -0.13682078
v 0.00195573 -0.08408525 -0.08852991
v 0.01772217 -0.11119242 -0.09317636
v 0.00340403 -0.06159165 -0.08484864
v 0.01067617 -0.03950540 -0.08603533
v 0.01993664 -0.07450766 -0.08436735
v 0.11423773 0.00653072 -0.06753722
v 0.11690274 -0.01516023 -0.05965415
v 0.08870376 -0.03223380 -0.07412282
v 0.05539426 -0.00349841 -0.08933016
v 0.04470512 0.00924572 -0.09430668
v 0.05145111 -0.02804594 -0.08548117
v 0.09964546 0.03290352 -0.08854541
v 0.13856591 -0.07676478 -0.03656167
v 0.00092235 0.00896012 -0.09616026
v 0.02341413 0.01622883 -0.09824181
v 0.22717771 -0.45071772 0.02749285
v 0.21437909 -0.43025246 0.00091038
v 0.22167566 -0.51090956 -0.05256133
v 0.21688686 -0.50300258 -0.07541423
v 0.22062255 -0.49053594 -0.04293655
v 0.21761636 -0.48059258 -0.02469996
v 0.21027866 -0.32653630 0.00577276
v 0.21247314 -0.53841543 -0.08416221
v 0.18562533 -0.49326512 -0.12615067
v 0.02298197 -0.27046889 -0.13162176
v 0.02137387 -0.24678567 -0.13118562
v 0.01006205 -0.26037806 -0.13281460
v 0.01301882 -0.20268218 -0.12231863
v 0.01721383 -0.22406609 -0.12705278
v 0.00492010 -0.18956695 -0.11720800
v 0.02605443 -0.19425042 -0.11942279
v 0.19799770 -0.21702850 0.01921326
v 0.19726624 -0.23738216 0.00932078
v 0.19302064 -0.19858062 0.01342850
v 0.20375058 -0.27207610 0.01157043
v 0.20992455 -0.29278526 0.00954281
v 0.17039075 -0.12231119 0.01771722
v 0.17591687 -0.13857569 0.02007866
v 0.17202501 -0.13552418 -0.00039505
v 0.17627797 -0.15471451 -0.01120402
v 0.16812848 -0.13897860 -0.01804718
v 0.14944208 -0.08522332 -0.02148083
v 0.14246020 -0.10053600 -0.03956131
v 0.14196399 -0.06190579 -0.02071449
v 0.15063506 -0.05946432 -0.00070889
v 0.13034068 -0.05308482 -0.03886746
v 0.15711060 -0.09393806 -0.00551781
v 0.15318704 -0.07434049 -0.00138861
v 0.15016164 -0.04249975 0.01601220
v 0.02898938 -0.44133061 -0.11691285
v 0.04278100 -0.46031946 -0.12745292
v 0.01236430 -0.38379583 -0.09986396
v 0.02381042 -0.39457330 -0.10174691
v 0.13329956 -0.54372227 -0.16276753
v 0.17913358 -0.53905684 -0.13013040
v 0.17894053 -0.52106947 -0.13266091
v 0.08169422 -0.45699328 -0.12050081
v 0.08533455 -0.49153495 -0.13809428
v 0.07197367 -0.50383186 -0.15157260
v 0.14549850 -0.04322808 -0.00969971
v 0.14923109 -0.02675582 0.00321607
v 0.03555736 -0.12656689 -0.09567049
v 0.03718185 -0.07995426 -0.08641142
v 0.12893070 -0.01558181 -0.04676827
v 0.07851034 0.00109553 -0.08519479
v 0.07526765 -0.01645705 -0.08178087
v 0.06610541 0.01622625 -0.09301508
v 0.06666534 0.03669258 -0.09975368
v 0.08406144 0.02207778 -0.09030616
v 0.04934898 -0.05118676 -0.08445238
v 0.03118809 -0.03205983 -0.08645181
v 0.07208491 -0.04048017 -0.08000502
v 0.05217372 -0.07076943 -0.08298875
v 0.07274196 -0.05756316 -0.08078732
v 0.22976409 -0.46823758 0.01314456
v 0.22023144 -0.44730625 0.00440645
v 0.21320499 -0.41499117 0.01094330
v 0.21960986 -0.43296951 0.02289743
v 0.20870496 -0.49591640 -0.08974520
v 0.20733550 -0.47837436 -0.09298740
v 0.21572348 -0.48054624 -0.07805724
v 0.21566752 -0.38238344 0.00842762
v 0.20924202 -0.40106639 0.00031267
v 0.01211949 -0.32555240 -0.10828704
v 0.02071104 -0.34095123 -0.10467829
v 0.01564037 -0.36363384 -0.10028887
v 0.04006572 -0.23331666 -0.12896015
v 0.05575935 -0.24892773 -0.13130383
v 0.07364652 -0.26094404 -0.13090762
v 0.04416294 -0.27272463 -0.13223322
v 0.05734118 -0.27059820 -0.13277307
v 0.00482747 -0.27958107 -0.12475121
v 0.05849967 -0.21178858 -0.12307789
v 0.05104866 -0.22268251 -0.12643357
v 0.18822223 -0.24599530 -0.02771287
v 0.18740293 -0.22762127 -0.02315805
v 0.19375826 -0.24439621 -0.00696735
v 0.17849562 -0.22488560 -0.04171755
v 0.18159026 -0.18862014 -0.02499262
v 0.18293883 -0.17503805 -0.01154280
v 0.17486067 -0.20006996 -0.04372977
v 0.18973885 -0.19783027 -0.00438377
v 0.16242598 -0.19304135 -0.06118108
v 0.17711072 -0.17112355 -0.02579976
v 0.20449015 -0.30852145 -0.00786445
v 0.20570934 -0.28852057 -0.00578960
v 0.21110985 -0.31073201 0.00980002
v 0.16065335 -0.14049904 -0.03514519
v 0.13688067 -0.03977834 -0.02768695
v 0.11894184 -0.05185271 -0.05222707
v 0.04048355 -0.40395355 -0.10346264
v 0.18931751 -0.51500320 -0.11806252
v 0.06734876 -0.52168149 -0.16752858
v 0.11043042 -0.51652932 -0.14761382
v 0.13402273 -0.50529182 -0.14696254
v 0.16097136 -0.50955433 -0.14593209
v 0.16884308 -0.48958638 -0.13650469
v 0.18865845 -0.47200760 -0.12017229
v 0.19856960 -0.48884031 -0.10919967
v 0.20029634 -0.46729711 -0.10553992
v 0.18974422 -0.44946459 -0.11462991
v 0.20151049 -0.44507203 -0.09945077
v 0.06807489 -0.46718684 -0.12653555
v 0.11385938 -0.47749105 -0.13888074
v 0.10404562 -0.49341315 -0.13635667
v 0.10264651 -0.45654145 -0.13397649
v 0.09079741 -0.47763190 -0.12827247
v 0.11903816 -0.49365562 -0.14327915
v 0.12399762 -0.46080604 -0.13231713
v 0.09105078 -0.50721592 -0.14643092
v 0.03789292 -0.10611419 -0.08785462
v 0.02855513 -0.05793482 -0.08415015
v 0.10639266 -0.08883043 -0.07255799
v 0.21952876 -0.47429547 -0.05834199
v 0.20108749 -0.37872922 -0.02531295
v 0.20640513 -0.35831910 -0.01592017
v 0.20996858 -0.34891424 0.00549018
v 0.01924566 -0.29570931 -0.12156422
v 0.01895016 -0.31188434 -0.11476531
v 0.04749131 -0.33821425 -0.10917392
v 0.03551267 -0.36041710 -0.10226195
v 0.02659504 -0.37429976 -0.10083012
v 0.02444164 -0.17894214 -0.11227529
v 0.04473254 -0.16491798 -0.10609094
v 0.03606565 -0.14698634 -0.10152122
v 0.04235582 -0.20318642 -0.12166688
v 0.06033591 -0.19282667 -0.11637502
v 0.19140580 -0.26071730 -0.00791689
v 0.18848355 -0.18179043 0.00993295
v 0.18399367 -0.16756144 0.00572629
v 0.15186341 -0.17368744 -0.06610473
v 0.16957586 -0.15841742 -0.03283252
v 0.16020396 -0.15694706 -0.04754389
v 0.15969761 -0.12556310 -0.02626727
v 0.11596828 -0.03383539 -0.05591903
v 0.09162205 -0.04818534 -0.07234466
v 0.08895520 -0.07521555 -0.07746106
v 0.10522197 -0.05272248 -0.06382261
v 0.09618296 -0.06606598 -0.07299651
v 0.04069103 -0.37977481 -0.10169016
v 0.05286132 -0.39227396 -0.10549292
v 0.03811378 -0.42020601 -0.10712248
v 0.07875317 -0.42432195 -0.12216945
v 0.08959974 -0.43964747 -0.12858139
v 0.06839167 -0.44480285 -0.11441512
v 0.06551595 -0.42720348 -0.11130382
v 0.06764340 -0.40939298 -0.11272756
v 0.08432494 -0.40082163 -0.12222939
v 0.14439569 -0.39973435 -0.12081020
v 0.10185906 -0.42065015 -0.12382959
v 0.10680531 -0.40319565 -0.11463797
v 0.17686883 -0.50548208 -0.13512725
v 0.19096701 -0.42846438 -0.10839698
v 0.21690419 -0.45655724 -0.06998131
v 0.07130076 -0.48543513 -0.13757612
v 0.17339049 -0.45715052 -0.12443727
v 0.17061210 -0.43670830 -0.11897101
v 0.13234314 -0.48545596 -0.13657266
v 0.21509475 -0.43585995 -0.03937696
v 0.20562707 -0.38084379 -0.01055588
v 0.19144183 -0.35281116 -0.07921751
v 0.19743262 -0.33145398 -0.05259745
v 0.05094015 -0.35913303 -0.10524310
v 0.06580357 -0.34705141 -0.11163537
v 0.05905735 -0.37068570 -0.10803294
v 0.04392114 -0.18435703 -0.11413964
v 0.15272895 -0.13933159 -0.04660344
v 0.05277152 -0.41212609 -0.10648028
v 0.06758184 -0.38642675 -0.11567904
v 0.11385450 -0.43810287 -0.12184388
v 0.20495141 -0.39757007 -0.07561219
v 0.19361834 -0.41247091 -0.09150963
v 0.16777951 -0.39132401 -0.10816140
v 0.15860382 -0.40555045 -0.11807267
v 0.18039930 -0.39750916 -0.09894781
v 0.14365706 -0.41804433 -0.11444510
v 0.21205018 -0.43940172 -0.07825702
v 0.15101558 -0.49114007 -0.13739176
v 0.14183100 -0.46544445 -0.13064015
v 0.14906684 -0.44944495 -0.12066191
v 0.15725525 -0.47027528 -0.13075294
v 0.17270753 -0.47404119 -0.13054064
v 0.07254501 -0.08206009 -0.08022171
v 0.09059563 -0.09624245 -0.07797383
v 0.21558386 -0.46050838 -0.03568564
v 0.21609047 -0.45329300 -0.04957896
v 0.21514159 -0.41823706 -0.03133902
v 0.19681913 -0.37054843 -0.04667662
v 0.20181666 -0.35753927 -0.03491020
v 0.05055251 -0.28902444 -0.12832864
v 0.05048758 -0.31950551 -0.11835006
v 0.10751961 -0.32883194 -0.12178664
v 0.14579149 -0.15427516 -0.06344042
v 0.13575214 -0.13420901 -0.06287297
v 0.13651456 -0.16588132 -0.07760315
v 0.10455017 -0.10653086 -0.07678685
v 0.11743569 -0.13426672 -0.07594699
v 0.09756280 -0.12595406 -0.08259109
v 0.09343277 -0.14285628 -0.09184305
v 0.13198327 -0.11233979 -0.05787946
v 0.11963662 -0.09931864 -0.06533877
v 0.08727986 -0.11253951 -0.08425659
v 0.11595225 -0.07579531 -0.06037635
v 0.07655955 -0.12574816 -0.09178354
v 0.12758441 -0.06984086 -0.04817528
v 0.14742900 -0.12297022 -0.04435298
v 0.12442305 -0.42293754 -0.11377839
v 0.12866634 -0.40329945 -0.12237614
v 0.13506566 -0.38288021 -0.12142511
v 0.11386080 -0.38439929 -0.12708892
v 0.09579020 -0.34364855 -0.13104329
v 0.20991556 -0.41871098 -0.07769640
v 0.14255872 -0.43538997 -0.11511291
v 0.15721846 -0.42743146 -0.11370084
v 0.05119462 -0.12325212 -0.09127755
v 0.05139455 -0.14324492 -0.09880963
v 0.06724209 -0.13978571 -0.09450673
v 0.07295122 -0.10231221 -0.08698121
v 0.21436182 -0.43480259 -0.01748743
v 0.21599083 -0.42080578 -0.05445434
v 0.20622903 -0.39908510 -0.02169003
v 0.21323518 -0.40480247 -0.04119238
v 0.21310282 -0.41642198 -0.01286577
v 0.21006495 -0.38931033 -0.05218508
v 0.20028476 -0.34545702 -0.04486131
v 0.19008037 -0.35390645 -0.06262860
v 0.18384808 -0.33405027 -0.07178615
v 0.19185379 -0.38808149 -0.08088518
v 0.18311705 -0.36261749 -0.08925144
v 0.20129716 -0.34245828 -0.02710189
v 0.06183500 -0.30788773 -0.12635440
v 0.12829106 -0.15117866 -0.07686509
v 0.15197898 -0.38494986 -0.11397316
v 0.16462921 -0.37817842 -0.09556502
v 0.14432141 -0.36964354 -0.10496853
v 0.14432538 -0.32428077 -0.10647519
v 0.14537989 -0.34652966 -0.10304917
v 0.21239294 -0.40664795 -0.06121098
v 0.18860194 -0.31449714 -0.06789132
v 0.20308584 -0.37236148 -0.06833094
v 0.19833139 -0.32380298 -0.02828702
v 0.06700975 -0.32893240 -0.11773466
v 0.08337955 -0.33766598 -0.12557966
v 0.09181911 -0.36303195 -0.11803175
v 0.10301543 -0.36739236 -0.12865756
v 0.08450269 -0.37809560 -0.11490234
v 0.09799682 -0.38187441 -0.11536836
v 0.12550971 -0.36875629 -0.11893491
v 0.17878956 -0.34135115 -0.09254803
v 0.16493244 -0.35671186 -0.09555796
v 0.13146557 -0.35487220 -0.10835861
v 0.19675733 -0.30069402 -0.03972526
v 0.08254568 -0.30267802 -0.13259746
v 0.10427729 -0.27544516 -0.12226517
v 0.09674136 -0.29377130 -0.12692516
v 0.16292356 -0.33556655 -0.10012366
v 0.17814124 -0.29627654 -0.07766596
v 0.11382055 -0.35012874 -0.11772472
v 0.12790015 -0.33465347 -0.11023474
v 0.13527496 -0.30993482 -0.10780003
v 0.11869957 -0.29186192 -0.11417173
v 0.15728785 -0.31267098 -0.10127662
v 0.14044502 -0.23423111 -0.09681498
v 0.12515575 -0.26971388 -0.11038625
v 0.15423422 -0.22463302 -0.08154425
v 0.15344790 -0.20906761 -0.07704575
v 0.08081000 -0.24235582 -0.12660660
v 0.17383020 -0.31856033 -0.08998419
v 0.14826888 -0.27068180 -0.09879389
v 0.13814025 -0.25292644 -0.10255323
v 0.15470658 -0.25195724 -0.08911277
v 0.16024287 -0.23587856 -0.07963406
v 0.16928414 -0.23569305 -0.06057458
v 0.17137635 -0.25164041 -0.07221042
v 0.11060224 -0.22033457 -0.11163251
v 0.09276567 -0.22539467 -0.11974275
v 0.13868017 -0.21205558 -0.09215173
v 0.12374701 -0.21491261 -0.10347728
v 0.14519969 -0.19495817 -0.08079803
v 0.09618448 -0.18630983 -0.10691729
v 0.13385096 -0.18099593 -0.08530078
v 0.10819767 -0.19894639 -0.10672998
v 0.09840863 -0.16218433 -0.09662583
v 0.11353452 -0.18307686 -0.09863160
v 0.12505880 -0.19559814 -0.09658270
v 0.10267960 -0.17498322 -0.10040305
v 0.11846986 -0.16565104 -0.08912497
v 0.16486402 -0.29743776 -0.09278536
v 0.15167981 -0.29917786 -0.10155968
v 0.15416767 -0.28521642 -0.09812334
v 0.17815752 -0.25019911 -0.04907598
v 0.18677786 -0.26226449 -0.03332210
v 0.18323207 -0.26811171 -0.05977523
v 0.16691913 -0.27442905 -0.08189741
v 0.12389119 -0.24684691 -0.11018642
v 0.09883453 -0.23856597 -0.12071607
v 0.08457453 -0.17344788 -0.10460263
v 0.07857812 -0.18886015 -0.11224486
v 0.09293293 -0.20409162 -0.11393584
v 0.07717317 -0.20692983 -0.11885834
v 0.06169444 -0.17658834 -0.10945948
v 0.07515933 -0.22459736 -0.12408210
v 0.01217508 -0.00940733 -0.09055929
v 0.03513950 -0.01238234 -0.08980944
v 0.16931953 -0.17645550 -0.04407582
v 0.12963124 -0.09026530 -0.05207898
v 0.19941463 -0.28179517 -0.02536170
v 0.19413877 -0.28101531 -0.04290231
v -0.21915892 -0.55165255 0.02498626
v -0.22015291 -0.55328047 0.00631462
v -0.22064862 -0.55430412 -0.01245559
v -0.22137998 -0.55508620 -0.03101367
v -0.21995890 -0.55534929 -0.04943351
v -0.21306327 -0.55481076 -0.06638659
v -0.20654652 -0.55420530 -0.08383821
v -0.20124811 -0.55404294 -0.10173905
v -0.19319913 -0.55378401 -0.11883455
v -0.18270867 -0.55402970 -0.13501158
v -0.16835599 -0.55348474 -0.14809084
v -0.15142968 -0.55237240 -0.15733725
v -0.13457827 -0.55015570 -0.16712740
v -0.11704057 -0.54858214 -0.17507941
v -0.09889705 -0.54801136 -0.18073699
v -0.08053429 -0.54729974 -0.18549982
v -0.06199826 -0.54638839 -0.18965501
v -0.04322147 -0.54519188 -0.19317058
v -0.02392899 -0.54436558 -0.19518712
v -0.00746434 0.19839674 -0.09178893
v -0.02022442 0.21285313 -0.08946882
v -0.03399575 0.22804560 -0.08685766
v -0.04733346 0.24356869 -0.08053168
v -0.05809584 0.26029077 -0.06710728
v -0.12444840 0.25256801 -0.04696191
v -0.12931360 0.24050029 -0.06188583
v -0.13224640 0.22474633 -0.07461942
v -0.13489169 0.20587155 -0.08409330
v -0.13877115 0.18594612 -0.09278130
v -0.14293633 0.16357522 -0.09484807
v -0.14834575 0.14059032 -0.09054269
v -0.15593861 0.11916092 -0.07969900
v -0.16438799 0.10224299 -0.06130720
v -0.17006232 0.09375626 -0.03587749
v -0.09740926 0.25075525 -0.06622646
v -0.12406614 0.02801026 -0.07555018
v -0.11099336 0.18203959 -0.10352852
v -0.09084213 0.26217017 -0.05174762
v -0.03576887 0.21028140 -0.09256247
v -0.14274791 0.09186947 -0.08318470
v -0.12586415 0.17526935 -0.09878203
v -0.11355864 0.24856918 -0.06085440
v -0.11910948 0.21753551 -0.08487226
v -0.06352575 0.24286847 -0.08047324
v -0.16612777 0.07362999 0.01637198
v -0.13265163 0.12997945 -0.09787641
v -0.10831928 0.25864053 -0.04719453
v -0.07449001 0.26786268 -0.05070794
v -0.16624357 0.09216027 -0.04981897
v -0.04444768 0.19958486 -0.09763257
v -0.02186939 0.18980893 -0.09484631
v -0.14281905 0.11796896 -0.08913372
v -0.13152066 0.15187865 -0.09923028
v -0.15477055 0.10333873 -0.07412938
v -0.02811865 -0.53502458 -0.18622205
v -0.02604790 -0.52199298 -0.17629927
v -0.12209891 -0.43481031 -0.11163630
v -0.14777485 -0.29569748 -0.10900075
v -0.20791103 -0.44855067 -0.06184675
v -0.22460371 -0.53742725 0.03069454
v -0.07469047 -0.03726722 -0.08323649
v -0.15372401 0.01178084 -0.00494236
v -0.12354839 0.19674987 -0.09231248
v -0.05425051 0.22146165 -0.09145024
v -0.16449864 0.05068243 0.01349502
v -0.16114821 0.03379389 0.01464662
v -0.16231228 0.04040802 -0.00797908
v -0.02744282 0.17094570 -0.11661096
v -0.15053242 0.07135639 -0.06672829
v -0.11348294 0.14208980 -0.10847907
v -0.10989583 0.16255157 -0.10803898
v -0.08629256 0.17152344 -0.11287577
v -0.06413348 0.14307749 -0.12132160
v -0.08869230 0.14702792 -0.11651346
v -0.06702884 0.16230923 -0.11666200
v -0.07930330 0.12599784 -0.11937527
v -0.10087837 0.12355502 -0.11366494
v -0.04793208 0.16366063 -0.12237996
v -0.08925927 0.10591164 -0.11537340
v -0.12859826 0.10510094 -0.09813564
v -0.04735684 -0.53390509 -0.18214343
v -0.07580937 -0.40596345 -0.10348389
v -0.19132815 -0.27772477 -0.04798871
v -0.07782787 -0.31079438 -0.12527254
v -0.07831417 -0.10052232 -0.08831006
v -0.21142988 -0.38137811 -0.03792126
v -0.23409961 -0.50523180 0.01472031
v -0.22537066 -0.54341245 -0.03000337
v -0.23103221 -0.52239555 -0.02252311
v -0.23223051 -0.51839882 -0.00032811
v -0.22981341 -0.50809258 -0.03271417
v -0.22692639 -0.53842837 -0.00535952
v -0.03543788 0.03408152 -0.10454259
v -0.04417054 -0.00089356 -0.09425715
v -0.15297784 -0.01918437 0.00358896
v -0.02007964 0.09813874 -0.11958937
v -0.06177823 0.19732514 -0.10144724
v -0.08708863 0.21914180 -0.09282985
v -0.10211523 0.22664373 -0.08532979
v -0.11089121 0.23682383 -0.07515728
v -0.10408799 0.20494440 -0.09593433
v -0.08390751 0.19754350 -0.10251518
v -0.16590482 0.06136093 -0.00300127
v -0.16315247 0.05823661 -0.02499134
v -0.15433523 0.01760315 0.02606471
v -0.15983966 0.03505946 0.03239682
v -0.14836688 0.02375204 -0.04084336
v -0.15754654 0.02185448 0.00517467
v -0.15631099 0.02617728 -0.01981305
v -0.15210377 -0.00017593 0.01111799
v -0.15539891 0.05466455 -0.04817822
v -0.14890228 0.01133950 -0.02684939
v -0.01599270 0.17251478 -0.09769918
v -0.03640663 0.17752944 -0.10188723
v -0.12015816 0.12081493 -0.10512981
v -0.02518333 -0.49087974 -0.15400909
v -0.01755932 -0.50517648 -0.16460708
v -0.03373530 -0.42414656 -0.11016917
v -0.19922486 -0.51563436 -0.11772462
v -0.17456633 -0.13536714 0.01237958
v -0.06026310 -0.16003916 -0.10211059
v -0.23051953 -0.52079469 0.02476326
v -0.23136500 -0.49409497 0.03458638
v -0.02328698 0.12995490 -0.12470058
v -0.04541463 0.13746475 -0.12412998
v -0.01798149 0.04030586 -0.10656152
v -0.02811284 -0.03689260 -0.08738559
v -0.15102729 -0.02179402 0.03021480
v -0.05383870 0.18476449 -0.11212234
v -0.07301496 0.21087223 -0.09729354
v -0.07309555 0.22710936 -0.08998569
v -0.08367418 0.23982492 -0.08047494
v -0.09480833 0.18433185 -0.10715478
v -0.07141203 0.18422864 -0.10979135
v -0.15082197 -0.00486365 -0.01194667
v -0.14964455 -0.00137833 0.03039782
v -0.06609346 -0.49957398 -0.15548906
v -0.02588298 -0.37993455 -0.09798997
v -0.04343058 -0.45565999 -0.12739186
v -0.10611246 -0.53559387 -0.16774702
v -0.12183121 -0.53361964 -0.16004287
v -0.20001660 -0.23738776 -0.00790375
v -0.19259739 -0.19620134 0.00315799
v -0.02405190 -0.23416111 -0.12802385
v -0.05476553 -0.19931743 -0.11834080
v -0.17848042 -0.14639011 0.02784164
v -0.15903519 -0.08690801 0.01492725
v -0.03565694 -0.15357643 -0.10269593
v -0.20904000 -0.53592950 -0.07610305
v -0.22568598 -0.53062183 -0.04312267
v -0.23355335 -0.46478269 0.01591757
v -0.21600583 -0.38339862 0.01387011
v -0.22426818 -0.38956565 -0.00441555
v -0.20665714 -0.33089182 -0.00342696
v -0.00841874 0.14252515 -0.12683649
v -0.01775335 0.11591658 -0.12245910
v -0.07943761 0.08289629 -0.11331007
v -0.05968067 0.12509470 -0.12142291
v -0.06581881 0.10364410 -0.11856142
v -0.01927228 0.02176361 -0.10096332
v -0.02339819 0.00374141 -0.09537305
v -0.05263536 0.03271129 -0.10344946
v -0.01976185 0.05904051 -0.11118983
v -0.05868528 0.05784453 -0.10953929
v -0.02297156 0.07838055 -0.11549789
v -0.15240516 -0.01438372 0.01817937
v -0.15299875 -0.03821781 0.01688661
v -0.13891895 0.00707669 -0.04648352
v -0.03315948 -0.34069520 -0.10362744
v -0.02869727 -0.40389973 -0.10173494
v -0.13699956 -0.52213556 -0.14396913
v -0.08575752 -0.53375995 -0.17299755
v -0.19824708 -0.53624856 -0.11448122
v -0.17332953 -0.52870870 -0.13709944
v -0.18631354 -0.54200256 -0.13401774
v -0.20931251 -0.29351488 0.01138734
v -0.20521158 -0.23894684 0.01563542
v -0.19354130 -0.19743377 0.01978222
v -0.18404268 -0.16348176 0.01896009
v -0.18795380 -0.17675099 0.01911557
v -0.00268833 -0.23923109 -0.12859209
v -0.01955307 -0.25174582 -0.13116360
v -0.01979220 -0.21699987 -0.12594190
v -0.01639009 -0.29113954 -0.12205975
v -0.16910546 -0.12147614 0.02498886
v -0.16393182 -0.10236731 0.02858255
v -0.15757120 -0.08182708 0.03077963
v -0.16430306 -0.10498071 0.00859610
v -0.01091327 -0.10777369 -0.09563936
v -0.01861296 -0.12623651 -0.09936811
v -0.01353510 -0.09324796 -0.09425177
v -0.01765720 -0.14525841 -0.10219254
v -0.03035958 -0.13605452 -0.10136960
v -0.01715482 -0.16438483 -0.10715360
v -0.21751168 -0.53820843 -0.05872121
v -0.21200044 -0.51916939 -0.06536165
v -0.22070035 -0.51510388 -0.04924783
v -0.20455693 -0.53888798 -0.09500320
v -0.21076009 -0.50165093 -0.08377281
v -0.21342690 -0.48330989 -0.07703678
v -0.23202512 -0.44144809 -0.00011874
v -0.21171013 -0.36570168 0.01433904
v -0.21627834 -0.35189763 -0.00223466
v -0.22089559 -0.37258548 -0.00377693
v -0.20630652 -0.36171055 -0.04370258
v -0.21508050 -0.36250859 -0.02326121
v -0.20506656 -0.34327960 -0.03828461
v -0.21058005 -0.34444809 -0.02123449
v -0.17995326 -0.31475517 -0.06704075
v -0.19546396 -0.31647533 -0.03936976
v -0.19895998 -0.33164638 -0.02839610
v -0.22880033 -0.42658627 0.01783412
v -0.22321001 -0.40584365 0.01599101
v -0.23361418 -0.46316364 -0.00689608
v -0.23293038 -0.48812911 -0.02164920
v -0.23494993 -0.48378977 0.01324680
v -0.23486239 -0.49772877 -0.00545200
v -0.23338234 -0.50647974 -0.01724583
v -0.02615096 -0.01515702 -0.09094215
v -0.03882020 0.01437337 -0.09884100
v -0.03724121 0.05105978 -0.10915399
v -0.08054695 0.06223061 -0.10789155
v -0.04071688 0.06954786 -0.11335345
v -0.04458606 0.09191258 -0.11811076
v -0.15163998 -0.04124190 0.03344623
v -0.13645819 0.02132967 -0.05920827
v -0.14707872 0.03774592 -0.05419298
v -0.13572259 0.03534845 -0.06882426
v -0.03511674 -0.50511122 -0.16318016
v -0.04607867 -0.51941323 -0.17156202
v -0.05679623 -0.50938541 -0.16311723
v -0.06512264 -0.52993017 -0.17522880
v -0.07509798 -0.51895738 -0.16575384
v -0.01235940 -0.34491536 -0.10163008
v -0.01681413 -0.36264035 -0.09876278
v -0.04959517 -0.40417320 -0.10382712
v -0.00862574 -0.39457080 -0.09990373
v -0.05081001 -0.43757293 -0.11785723
v -0.01400342 -0.43791616 -0.11689019
v -0.01467868 -0.45498961 -0.12927517
v -0.01823806 -0.47156560 -0.14146924
v -0.02983467 -0.44543815 -0.12155858
v -0.15341362 -0.53477174 -0.14630195
v -0.09581582 -0.52036077 -0.15979555
v -0.09850691 -0.50311595 -0.15021008
v -0.20351028 -0.52287781 -0.10541375
v -0.18419714 -0.50570089 -0.12975085
v -0.19965453 -0.27754131 -0.00151396
v -0.21221629 -0.31038707 0.00032067
v -0.21499550 -0.31569916 0.01618767
v -0.19052255 -0.22518007 -0.01671512
v -0.19220488 -0.21839191 0.00983240
v -0.18224470 -0.24860960 -0.05036826
v -0.19332999 -0.23841895 -0.03230597
v -0.20631433 -0.25489295 0.00448894
v -0.18641545 -0.20074189 -0.02533383
v -0.01775360 -0.27453008 -0.12902656
v -0.03887828 -0.24317439 -0.13044760
v -0.07312545 -0.26709813 -0.13064766
v -0.05487652 -0.25174621 -0.13124278
v -0.07358430 -0.24458717 -0.12812345
v -0.04597105 -0.26593369 -0.13152809
v -0.05048343 -0.23084947 -0.12716646
v -0.03074736 -0.20168640 -0.12082028
v -0.01986545 -0.18483736 -0.11494028
v -0.08175403 -0.22394508 -0.12165013
v -0.01934180 -0.32642919 -0.10820244
v -0.15503931 -0.08671798 -0.00622177
v -0.16764151 -0.12361820 -0.00191839
v -0.02688663 -0.11263102 -0.09846310
v -0.03893521 -0.10205523 -0.09493308
v -0.03637067 -0.08224861 -0.09319371
v -0.05192889 -0.14167704 -0.09957969
v -0.05908490 -0.10897685 -0.09342343
v -0.20749421 -0.52305484 -0.08767872
v -0.20537542 -0.50701475 -0.09857979
v -0.19975039 -0.49717367 -0.11518841
v -0.19240758 -0.48453891 -0.12080427
v -0.23216146 -0.44785067 0.01442998
v -0.19015700 -0.35570574 -0.08117367
v -0.20026712 -0.34590229 -0.05700621
v -0.22986247 -0.42107540 0.00213565
v -0.23513785 -0.47863546 -0.00640357
v -0.22225972 -0.46746168 -0.04166035
v -0.21644527 -0.48133138 -0.05620763
v -0.04094811 -0.02884145 -0.08870304
v -0.06891818 0.04647668 -0.10520285
v -0.15430479 -0.06204856 0.02979057
v -0.08590119 0.01794942 -0.09182667
v -0.10742399 -0.00446652 -0.07549904
v -0.13181923 -0.00920728 -0.05226684
v -0.05080459 -0.48887867 -0.15092798
v -0.03466249 -0.48220766 -0.14655489
v -0.04922936 -0.37012821 -0.09785405
v -0.03279481 -0.35822290 -0.09891409
v -0.01476265 -0.41598737 -0.10592216
v -0.03108441 -0.46387109 -0.13445987
v -0.14152575 -0.50158465 -0.13023289
v -0.16252357 -0.51238012 -0.13011783
v -0.15788721 -0.49655703 -0.12283654
v -0.15907507 -0.47463045 -0.12466492
v -0.14229223 -0.47912347 -0.11784873
v -0.12143560 -0.50235641 -0.13862498
v -0.12506449 -0.48366505 -0.12601894
v -0.18893512 -0.52448767 -0.13097923
v -0.17997767 -0.15113738 0.00788481
v -0.17334569 -0.14322968 -0.00914515
v -0.17622596 -0.16404662 -0.02349067
v -0.02663519 -0.26376551 -0.13204077
v -0.03677578 -0.28427815 -0.12783106
v -0.04180839 -0.21551932 -0.12426076
v -0.16215894 -0.12354179 -0.02151683
v -0.15874960 -0.10544890 -0.01499718
v -0.01655563 -0.07113938 -0.08734512
v -0.03350927 -0.05902133 -0.08655187
v -0.03921377 -0.17188555 -0.10925361
v -0.04091639 -0.18621284 -0.11487212
v -0.05921296 -0.08768398 -0.08695056
v -0.05254710 -0.07066827 -0.08957727
v -0.04628677 -0.12191384 -0.09855862
v -0.06243711 -0.12848435 -0.09760689
v -0.20650993 -0.29522377 -0.01218019
v -0.20677195 -0.31499922 -0.01801965
v -0.18775375 -0.32400554 -0.05407281
v -0.23002540 -0.47226390 -0.02649458
v -0.22209132 -0.49165753 -0.03978280
v -0.21266252 -0.46433857 -0.06025741
v -0.20867762 -0.45835939 -0.07838634
v -0.20498152 -0.47261024 -0.09274128
v -0.20529927 -0.48634103 -0.10092683
v -0.20290188 -0.45130950 -0.09624682
v -0.18158554 -0.44727165 -0.12001628
v -0.19387296 -0.44001919 -0.10643917
v -0.17718446 -0.46405029 -0.12491682
v -0.19558364 -0.46154547 -0.11099017
v -0.06095668 -0.03001071 -0.08720079
v -0.05348260 -0.04607763 -0.08599853
v -0.06954303 -0.05565828 -0.08457632
v -0.04999901 -0.01586983 -0.09051748
v -0.15576036 -0.07276367 0.01087127
v -0.15162666 -0.05773837 0.00811816
v -0.10869949 0.01817065 -0.08162272
v -0.09159294 -0.00143655 -0.08415760
v -0.07220501 0.02661427 -0.09885786
v -0.06055653 0.01405253 -0.09670674
v -0.07318707 -0.01706241 -0.08654219
v -0.09577398 -0.02255053 -0.07725684
v -0.12322067 0.00593021 -0.06572039
v -0.11632391 -0.01924241 -0.06603248
v -0.10921360 -0.03887606 -0.06573246
v -0.12779225 -0.03129864 -0.05118920
v -0.13937952 -0.02698528 -0.03640665
v -0.14378783 -0.00760176 -0.03259027
v -0.07407816 -0.34196663 -0.11029939
v -0.04475779 -0.39061025 -0.09889973
v -0.05734700 -0.41864356 -0.11108330
v -0.15248996 -0.45926857 -0.12274728
v -0.18149371 -0.16309735 -0.00520225
v -0.15513410 -0.16587853 -0.05859988
v -0.07230546 -0.14354917 -0.09697825
v -0.07632387 -0.12012261 -0.09408735
v -0.20074330 -0.29481071 -0.03365054
v -0.18044013 -0.26732832 -0.05659763
v -0.21400043 -0.49925137 -0.05830199
v -0.06770455 -0.00185121 -0.09115738
v -0.08858458 -0.04529553 -0.07728510
v -0.13335426 -0.07904772 -0.04435742
v -0.09125640 -0.38017926 -0.10268118
v -0.07042704 -0.37135583 -0.09981447
v -0.12858061 -0.46071494 -0.11314110
v -0.16693309 -0.16575338 -0.04230092
v -0.18193901 -0.22816141 -0.05164259
v -0.09046949 -0.13311660 -0.09048115
v -0.18550673 -0.28957811 -0.06224506
v -0.17402183 -0.30090243 -0.07365410
v -0.17340565 -0.31074223 -0.08777111
v -0.18480025 -0.32753471 -0.07940024
v -0.17774165 -0.37146842 -0.09024961
v -0.07536954 -0.06702843 -0.08202439
v -0.08472223 -0.08097146 -0.07905939
v -0.14056443 -0.06069893 -0.03219747
v -0.11889943 -0.11629990 -0.06857568
v -0.06598736 -0.32443458 -0.11551525
v -0.07756282 -0.39121130 -0.09931194
v -0.12060874 -0.41331908 -0.10788747
v -0.10719293 -0.37001443 -0.11768038
v -0.09843995 -0.40301231 -0.10189556
v -0.11442481 -0.39159814 -0.10850129
v -0.13717480 -0.40193501 -0.11567067
v -0.08752596 -0.36040339 -0.10844140
v -0.11444487 -0.33495247 -0.12698467
v -0.11159609 -0.35226375 -0.12636116
v -0.06770664 -0.35575858 -0.10242587
v -0.07421367 -0.43252456 -0.11725186
v -0.10541678 -0.42716596 -0.10632237
v -0.17084216 -0.24518058 -0.06684104
v -0.17969933 -0.18392362 -0.03133300
v -0.15786655 -0.18361147 -0.06508648
v -0.16818960 -0.18524827 -0.05287037
v -0.17983028 -0.20598118 -0.04499448
v -0.15339127 -0.32349440 -0.10670760
v -0.20783810 -0.38104099 -0.05948535
v -0.13648984 -0.04371288 -0.03734905
v -0.12359601 -0.04818868 -0.05248702
v -0.13011654 -0.06220543 -0.04681577
v -0.14484154 -0.07836948 -0.02621865
v -0.09596837 -0.09531116 -0.08048227
v -0.11068941 -0.09841431 -0.06801668
v -0.12765695 -0.09884813 -0.05206535
v -0.05147684 -0.34913296 -0.10221579
v -0.12431793 -0.36419705 -0.12480572
v -0.14291431 -0.44210771 -0.11976765
v -0.14049441 -0.42143175 -0.11552674
v -0.15396093 -0.40461487 -0.12423676
v -0.18035744 -0.42794377 -0.11526822
v -0.15970147 -0.42345423 -0.12508900
v -0.17495577 -0.40450484 -0.10696566
v -0.18637712 -0.38935855 -0.09387376
v -0.20501788 -0.43430710 -0.08434363
v -0.20743175 -0.42822456 -0.06990291
v -0.20495363 -0.41299689 -0.08085525
v -0.07055525 -0.44761404 -0.12529777
v -0.10712884 -0.46889862 -0.12524529
v -0.16437648 -0.14452967 -0.03099377
v -0.17171459 -0.26009718 -0.06801010
v -0.17067786 -0.21156307 -0.06077595
v -0.18479313 -0.21840145 -0.03393627
v -0.16953909 -0.32894266 -0.09712623
v -0.16122378 -0.31150082 -0.10158573
v -0.14112969 -0.31290737 -0.11418803
v -0.15665057 -0.34169888 -0.10078409
v -0.13635567 -0.33260909 -0.11197609
v -0.16054568 -0.36141729 -0.10049248
v -0.15414141 -0.37281150 -0.11379739
v -0.14110246 -0.36553064 -0.12029993
v -0.17073791 -0.38553727 -0.10406569
v -0.15942307 -0.39298913 -0.11168700
v -0.17736544 -0.34775996 -0.09211963
v -0.20202528 -0.35878888 -0.06496955
v -0.19543220 -0.37191403 -0.07741459
v -0.11503895 -0.05825679 -0.06284238
v -0.12223502 -0.08068540 -0.05788205
v -0.09669014 -0.11182386 -0.08022920
v -0.10631803 -0.13062735 -0.08122519
v -0.13875037 -0.09707683 -0.03853287
v -0.15047330 -0.11125863 -0.03338036
v -0.14696527 -0.09636419 -0.02615177
v -0.15259127 -0.12819618 -0.04062736
v -0.12641650 -0.34807721 -0.11918905
v -0.14354482 -0.35013291 -0.11118897
v -0.21689555 -0.44838372 -0.04398023
v -0.22739863 -0.45161074 -0.02344391
v -0.21444972 -0.40749049 -0.03361052
v -0.20831335 -0.40772235 -0.05702336
v -0.09559020 -0.34805223 -0.12002062
v -0.08931137 -0.33009380 -0.12237006
v -0.05679315 -0.30706465 -0.12375221
v -0.09064043 -0.44231206 -0.11438401
v -0.10829853 -0.45121890 -0.11231279
v -0.08717658 -0.45635903 -0.12700082
v -0.07272892 -0.47041801 -0.13375506
v -0.05199642 -0.47191444 -0.13796419
v -0.06720425 -0.48504576 -0.14577799
v -0.08959789 -0.47203061 -0.13537651
v -0.08464574 -0.48815870 -0.14535794
v -0.10424025 -0.48656064 -0.13869908
v -0.10060397 -0.31496847 -0.12775265
v -0.12431002 -0.31784084 -0.12193526
v -0.08933879 -0.29674807 -0.12919763
v -0.11120157 -0.29663154 -0.12540253
v -0.12964156 -0.29910684 -0.11880991
v -0.05427871 -0.29018158 -0.12848318
v -0.08533756 -0.28292307 -0.12948485
v -0.12473033 -0.38297063 -0.12185554
v -0.14007679 -0.38787404 -0.12454059
v -0.20229650 -0.39371452 -0.07789397
v -0.09904640 -0.06182890 -0.07373980
v -0.10765085 -0.07935811 -0.07201424
v -0.11935559 -0.13844413 -0.07551821
v -0.13777402 -0.11458553 -0.05039493
v -0.13679630 -0.13157985 -0.05942189
v -0.15214580 -0.14558612 -0.05026628
v -0.21957311 -0.43310639 -0.02751282
v -0.13589242 -0.28568155 -0.11381066
v -0.07067525 -0.29716438 -0.12797263
v -0.13711174 -0.14927483 -0.06751518
v -0.08927248 -0.25323367 -0.12673409
v -0.09513936 -0.26794720 -0.12704584
v -0.12894692 -0.26422402 -0.11258206
v -0.12183069 -0.27758768 -0.11903657
v -0.10826328 -0.25852358 -0.12143985
v -0.14424726 -0.25761282 -0.10024051
v -0.16250111 -0.26915786 -0.08776458
v -0.13011919 -0.24504253 -0.10777447
v -0.15920624 -0.25562224 -0.08443979
v -0.14687935 -0.27491871 -0.10424539
v -0.16047896 -0.29110783 -0.09210132
v -0.17370851 -0.27875841 -0.07690668
v -0.12521300 0.08828579 -0.09675866
v -0.13439195 0.06769103 -0.08353087
v -0.09682968 0.07346596 -0.10680496
v -0.14233191 0.05145294 -0.06890045
v -0.10298065 0.08890123 -0.10828891
v -0.10181512 0.05456883 -0.09947125
v -0.12327430 0.04607698 -0.08459891
v -0.10551833 0.03428793 -0.09021547
v -0.08660568 0.03978129 -0.09942444
v -0.14827032 -0.02673864 -0.01627760
v -0.14324427 -0.04163649 -0.02382804
v -0.15091965 -0.03995242 0.00004798
v -0.03922442 0.11488254 -0.12178966
v -0.19054857 -0.26116368 -0.03489257
v -0.19582769 -0.27968991 -0.02455287
v -0.20039402 -0.25763547 -0.01702330
v -0.07712352 -0.19144404 -0.11207800
v -0.09879571 -0.18318141 -0.10292107
v -0.10036047 -0.16513987 -0.09533396
v -0.08378902 -0.15430276 -0.09594394
v -0.08010054 -0.17170666 -0.10365169
v -0.05913492 -0.17899626 -0.11022791
v -0.14120609 -0.17147109 -0.07477534
v -0.12147361 -0.17565975 -0.08970454
v -0.11378717 -0.19351763 -0.10084775
v -0.14991680 -0.06575175 -0.00945412
v -0.14691660 -0.04855141 -0.01172317
v -0.16800913 -0.22931682 -0.06955072
v -0.04394715 -0.32294494 -0.11371289
v -0.10293840 -0.22198707 -0.11516747
v -0.11910561 -0.21004778 -0.10402161
v -0.09731774 -0.24106380 -0.12212652
v -0.14282909 -0.21513106 -0.09001124
v -0.12852316 -0.22753477 -0.10402499
v -0.14678158 -0.23853685 -0.09317831
v -0.14872837 -0.19732887 -0.07971320
v -0.16053954 -0.19799563 -0.06822833
v -0.15598357 -0.21570310 -0.07871685
v -0.13398176 -0.19565837 -0.09032112
v -0.14156421 -0.18513265 -0.08090402
v -0.09303402 -0.20487636 -0.11276980
v -0.06827989 -0.21064830 -0.12023015
v -0.12061364 -0.15875444 -0.08350157
v -0.10264122 -0.14985910 -0.08942955
v -0.16198483 0.09427452 0.04414611
v 0.16208740 0.08591949 0.06679190
v 0.16655420 0.09617597 0.03683728
v 0.15222719 0.11496479 0.07849579
v 0.04518264 0.06454067 0.16196908
v 0.11684825 0.09212292 0.14088255
v 0.07286417 0.20961979 -0.09740479
v 0.15047783 0.10037399 -0.07407901
v 0.16604182 0.07897276 -0.00075072
v 0.16654256 0.08916002 0.00601385
v 0.14047992 0.11293833 -0.08712240
v 0.16374440 0.06109143 -0.00496902
v -0.07652251 0.25514463 -0.06757423
v -0.16358021 0.07728764 -0.04358853
v -0.15728968 0.03966583 -0.03237478
v -0.16250601 0.09159142 -0.05844631
v -0.16777769 0.07689426 -0.01713476
v -0.17052969 0.08964093 -0.01306500
v -0.16749990 0.08793323 0.01208858
v -0.15775619 0.08608443 -0.06308579
v -0.11615864 0.06912137 -0.09711310
v -0.22782142 -0.44056007 0.03751245
v -0.16333497 -0.51438296 0.21122333
v -0.10582688 0.25400820 -0.00268805
v -0.10760276 -0.51831937 0.21408948
v -0.18914163 -0.43585512 0.17488261
v -0.05532844 -0.46009389 0.17538849
v -0.04467465 -0.48531979 0.19241363
v 0.00964661 -0.40935519 0.14910328
v -0.20323230 -0.23913546 0.05049066
v -0.10183404 -0.01983650 0.11532446
v -0.21107888 -0.36187389 0.08960537
v -0.07985097 -0.18485251 0.15662730
v -0.08849406 -0.10522616 0.14209646
v -0.16716500 -0.27251446 0.12302236
v -0.19072539 -0.34053582 0.14183643
v -0.13911784 -0.12682013 0.10442487
v -0.15834603 -0.18497661 0.09961655
v -0.19784603 -0.36450779 0.13959344
v -0.07521916 -0.27301821 0.13816258
v 0.07930051 -0.52569371 0.23218806
v 0.21401952 -0.43282077 0.15938914
v 0.04899026 -0.42149609 0.16432276
v 0.02254086 -0.20709266 0.17804454
v 0.22495893 -0.40499693 0.11818168
v 0.08187504 -0.17280476 0.15898952
v 0.21605769 -0.39560086 0.14023872
v 0.20263851 -0.30585203 0.09635671
v 0.05597372 0.17851348 -0.10315613
v 0.10831906 0.12263984 -0.10825198
v -0.01120801 0.15734072 -0.12644501
v 0.13097213 0.00078260 -0.04852769
v 0.03767382 0.15468195 -0.12238101
v 0.19371182 -0.25367048 0.01771292
v 0.02120674 -0.43198124 -0.11189413
v 0.08779998 -0.52095592 -0.15802348
v 0.09850681 -0.53341395 -0.16442256
v 0.04742104 -0.43456125 -0.11186232
v -0.00840640 -0.20274071 -0.12198445
v 0.16512559 -0.11760652 -0.00624356
v 0.15542628 -0.06461587 0.02010038
v 0.07924078 -0.27786058 -0.13087568
v 0.20930889 -0.45892355 -0.08923647
v 0.12805098 -0.44491684 -0.12288347
v 0.17892785 -0.41404918 -0.11293365
v 0.04161775 -0.30591914 -0.12227579
v 0.11877349 -0.12164405 -0.07238150
v 0.10915204 -0.14439869 -0.08500993
v 0.08106512 -0.15271762 -0.09726261
v 0.10238145 -0.30669004 -0.12560862
v 0.12096059 -0.31549457 -0.11478434
v 0.09098016 -0.25984764 -0.12607852
v 0.10924797 -0.25718132 -0.11864880
v 0.20007968 -0.29758242 -0.02566742
v -0.20135143 -0.27435783 0.01657350
v -0.11318643 0.10450256 -0.10685541
v -0.22799391 -0.53173304 0.01390993
v -0.03015661 0.15027440 -0.11976132
v -0.11465631 -0.51994312 -0.15204957
v -0.13484792 -0.54077029 -0.15980692
v -0.19152187 -0.20388860 -0.00982531
v -0.18487434 -0.18011747 -0.01230782
v -0.16606732 -0.44510600 -0.12482816
v -0.19236971 -0.34003857 -0.07430556
v -0.19201072 -0.41161647 -0.09261751
v -0.21014261 -0.43278125 -0.04693082
v -0.22818325 -0.42782936 -0.01088706
v -0.08054325 -0.50131011 -0.15447932
v -0.10315686 -0.27928764 -0.12622726
v -0.11721342 -0.24174017 -0.11400345
v -0.21661216 -0.53719753 0.10925772
v -0.03132682 -0.33041182 0.16268106
v -0.09382783 -0.46659073 0.18790585
v -0.03991884 -0.41410643 0.15937947
v -0.12833644 -0.05121826 0.08994521
v -0.13653232 0.01571085 0.08427242
v -0.13060017 -0.07406779 0.09650114
v -0.21578452 -0.48376155 0.10827129
v -0.09699474 -0.11539582 0.13860981
v -0.12600489 0.05703572 0.13601890
v -0.19453867 -0.27424774 0.09585083
v -0.05711540 -0.27661470 0.14096327
v 0.02811404 -0.53202975 0.24635033
v 0.19673160 -0.52490234 0.19819643
v 0.22648287 -0.43234435 0.04150118
v 0.08915900 -0.39831463 0.16688797
v 0.22776631 -0.44570485 0.13121924
v 0.02477946 -0.28096268 0.16424690
v 0.15652977 -0.39832526 0.17214470
v 0.03589268 0.12713909 -0.12460180
v 0.02054701 0.16926670 -0.11713392
v 0.05059522 -0.09268190 -0.08785834
v 0.19927533 -0.50462914 -0.10813421
v 0.15005182 -0.51943010 -0.15183644
v 0.06028852 -0.11010530 -0.08875300
v 0.21641527 -0.43415517 -0.06256887
v 0.18923511 -0.30106875 -0.05319489
v 0.19523081 -0.36713228 -0.08068892
v 0.18148494 -0.37932816 -0.08533423
v 0.19649935 -0.31594101 -0.04644324
v 0.12440038 -0.23103800 -0.10726789
v 0.11588918 -0.23599756 -0.11293268
v -0.16791892 0.07861368 0.00079839
v -0.16427821 0.05661993 0.02780131
v -0.21952294 -0.38816699 -0.02120572
v -0.06263489 0.08007290 -0.11446580
v -0.20807190 -0.33893472 0.01819930
v -0.22711051 -0.40651435 -0.00376942
v -0.22208197 -0.40656015 -0.02164667
v -0.06085905 -0.39154774 -0.09897278
v -0.15584512 -0.23313722 -0.08356825
v -0.02402241 -0.31181991 -0.11508180
v -0.05433846 -0.33627629 -0.10739672
v -0.19069238 -0.30021751 -0.05389942
v -0.17380147 -0.48575294 -0.12748452
v -0.08202244 -0.42102748 -0.11023879
v -0.19161944 -0.42246380 -0.10253713
v -0.03811554 -0.30231202 -0.12266358
v -0.06670866 -0.28016597 -0.13055634
v 0.08493666 -0.31836012 -0.13242456
f 26 27 142
f 29 105 28
f 142 27 28
f 142 25 26
f 38 39 129
f 164 134 163
f 135 164 23
f 126 35 36
f 44 45 116
f 191 21 22
f 36 37 125
f 19 238 239
f 210 211 255
f 40 120 39
f 30 2372 105
f 19 239 18
f 2372 113 106
f 105 29 30
f 111 104 154
f 353 18 239
f 34 35 122
f 589 91 586
f 81 82 83
f 585 587 112
f 288 192 286
f 75 103 199
f 294 269 17
f 93 94 204
f 10 533 229
f 277 11 12
f 587 145 112
f 15 267 14
f 49 169 736
f 87 118 2305
f 5 231 4
f 81 83 111
f 189 2 2405
f 1862 163 22
f 31 32 113
f 189 188 2
f 231 284 4
f 150 166 105
f 96 160 95
f 206 209 208
f 172 91 92
f 123 118 88
f 109 44 116
f 2305 108 86
f 111 154 114
f 84 104 83
f 79 80 114
f 117 174 113
f 584 127 588
f 75 76 103
f 91 172 586
f 235 161 190
f 155 120 40
f 125 37 38
f 582 128 153
f 118 123 124
f 43 44 109
f 124 123 127
f 121 109 128
f 123 89 127
f 45 46 110
f 58 220 219
f 110 100 116
f 46 139 110
f 177 178 99
f 151 33 34
f 585 78 583
f 47 101 46
f 117 33 151
f 196 50 51
f 33 117 32
f 242 55 300
f 119 155 41
f 42 121 119
f 221 218 220
f 122 175 151
f 53 194 240
f 110 116 45
f 240 2310 816
f 114 584 583
f 127 89 90
f 86 108 85
f 139 46 101
f 41 42 119
f 118 124 154
f 74 75 198
f 199 750 198
f 112 77 78
f 79 583 78
f 108 104 84
f 109 121 43
f 104 111 83
f 2305 86 87
f 118 87 88
f 81 111 80
f 117 113 32
f 123 88 89
f 108 84 85
f 114 583 79
f 119 121 128
f 126 122 35
f 588 586 587
f 66 67 230
f 121 42 43
f 114 154 124
f 30 31 2372
f 104 108 2305
f 118 154 2305
f 750 140 73
f 100 177 181
f 71 252 70
f 111 114 80
f 461 136 352
f 280 230 278
f 223 852 270
f 125 126 36
f 155 40 41
f 175 122 126
f 129 125 38
f 405 183 404
f 130 129 120
f 115 130 405
f 120 2306 130
f 115 212 2304
f 322 318 319
f 227 532 410
f 230 342 65
f 161 189 190
f 135 165 164
f 245 52 921
f 698 169 48
f 100 110 139
f 100 139 138
f 138 139 48
f 148 143 145
f 171 72 73
f 147 246 102
f 205 92 93
f 148 144 143
f 166 142 105
f 135 25 142
f 23 24 135
f 145 143 77
f 145 149 148
f 144 103 143
f 143 76 77
f 103 102 199
f 112 145 77
f 144 147 102
f 146 173 304
f 149 145 587
f 149 146 148
f 586 149 587
f 144 148 304
f 166 150 97
f 237 150 106
f 113 2372 31
f 460 2307 107
f 151 175 176
f 151 34 122
f 109 152 128
f 128 152 153
f 109 116 181
f 153 152 99
f 99 152 177
f 152 109 181
f 99 178 2309
f 589 127 90
f 2306 120 155
f 419 411 420
f 270 271 328
f 363 496 534
f 282 395 446
f 345 235 285
f 208 141 206
f 188 233 160
f 21 191 2303
f 164 163 1862
f 163 134 192
f 23 164 1862
f 166 165 135
f 346 165 97
f 134 164 165
f 165 166 97
f 142 166 135
f 350 238 351
f 416 415 411
f 261 215 216
f 215 261 2308
f 298 299 2373
f 301 433 2373
f 214 179 2309
f 2309 178 213
f 137 177 138
f 48 169 138
f 72 71 864
f 253 201 251
f 203 95 483
f 172 92 205
f 146 205 173
f 172 205 146
f 205 204 173
f 249 173 206
f 106 113 174
f 150 2372 106
f 151 174 117
f 176 254 174
f 175 210 176
f 311 310 210
f 169 137 138
f 178 177 137
f 256 261 216
f 178 137 213
f 2309 179 180
f 214 2309 213
f 49 213 137
f 185 2374 182
f 183 582 184
f 152 181 177
f 180 184 153
f 582 153 184
f 115 405 457
f 184 180 185
f 182 183 184
f 2308 261 314
f 184 185 182
f 314 2374 185
f 318 320 277
f 353 239 293
f 411 415 431
f 370 273 334
f 7 8 228
f 282 446 2377
f 435 591 434
f 533 11 277
f 278 67 68
f 281 342 230
f 308 307 302
f 342 281 374
f 133 233 235
f 483 95 160
f 1 2 2282
f 188 161 233
f 483 484 450
f 209 204 203
f 190 189 234
f 188 189 161
f 284 190 234
f 193 162 236
f 163 191 22
f 346 237 2379
f 238 20 351
f 293 239 350
f 265 57 218
f 197 51 52
f 921 2310 245
f 197 52 168
f 168 52 245
f 196 213 50
f 199 198 75
f 144 102 103
f 140 199 102
f 249 304 173
f 403 356 306
f 70 305 69
f 140 171 73
f 202 72 171
f 171 247 251
f 252 202 201
f 203 204 94
f 95 203 94
f 173 204 206
f 205 93 204
f 208 209 207
f 483 160 484
f 307 309 302
f 204 209 206
f 483 209 203
f 349 254 310
f 286 192 134
f 254 176 310
f 151 176 174
f 211 126 212
f 255 107 311
f 211 175 126
f 211 312 255
f 357 212 115
f 125 2304 126
f 312 211 212
f 50 213 49
f 214 213 196
f 214 196 215
f 215 197 168
f 297 259 258
f 258 259 257
f 216 215 168
f 217 168 245
f 217 194 258
f 257 464 256
f 168 217 2375
f 185 180 179
f 153 99 180
f 2309 180 99
f 100 138 177
f 116 100 181
f 185 179 2308
f 262 58 59
f 263 59 60
f 243 355 242
f 262 220 58
f 262 361 468
f 57 219 218
f 218 219 220
f 508 517 506
f 266 355 243
f 409 221 220
f 368 15 16
f 186 2311 267
f 271 955 62
f 273 62 63
f 329 272 328
f 224 333 61
f 263 361 262
f 592 226 6
f 592 6 225
f 7 225 6
f 226 337 283
f 282 231 232
f 6 226 274
f 228 8 187
f 187 8 227
f 187 276 228
f 228 225 7
f 229 9 1885
f 227 8 9
f 10 11 533
f 227 229 532
f 9 229 227
f 230 67 278
f 279 68 69
f 281 280 159
f 369 335 342
f 232 231 5
f 454 399 480
f 160 96 188
f 235 233 161
f 484 233 133
f 189 3 234
f 285 190 284
f 235 190 285
f 193 236 20
f 191 192 193
f 163 192 191
f 150 237 97
f 237 106 348
f 239 238 350
f 236 351 20
f 293 350 167
f 294 18 353
f 326 269 325
f 245 240 217
f 295 53 241
f 299 54 55
f 241 195 295
f 241 54 299
f 299 242 2373
f 57 265 56
f 221 244 266
f 196 51 197
f 240 245 2310
f 304 250 147
f 246 200 247
f 102 246 140
f 170 247 200
f 171 251 202
f 140 247 171
f 246 247 140
f 200 248 170
f 200 246 147
f 309 141 208
f 248 200 250
f 304 147 144
f 250 249 141
f 247 170 251
f 253 251 170
f 141 249 206
f 202 252 71
f 356 252 201
f 356 305 252
f 338 339 279
f 201 202 251
f 254 106 174
f 106 254 348
f 211 210 175
f 257 256 2375
f 2375 256 216
f 464 260 256
f 258 257 2375
f 464 257 359
f 297 258 194
f 260 98 314
f 179 214 2308
f 263 262 59
f 264 263 60
f 361 263 264
f 60 333 264
f 315 361 264
f 316 361 317
f 266 265 218
f 300 56 243
f 221 266 218
f 266 244 355
f 13 14 2311
f 319 186 323
f 368 267 15
f 268 222 16
f 268 17 269
f 16 222 368
f 222 268 269
f 271 270 955
f 223 270 328
f 273 271 62
f 330 332 377
f 329 328 271
f 329 331 272
f 334 63 64
f 64 65 335
f 369 336 370
f 275 226 283
f 226 275 274
f 5 275 232
f 337 226 592
f 276 434 228
f 227 410 187
f 499 187 410
f 410 470 499
f 568 131 2380
f 187 499 276
f 435 434 2318
f 277 531 533
f 279 278 68
f 305 279 69
f 338 279 305
f 339 280 278
f 371 340 159
f 230 65 66
f 335 65 342
f 373 281 159
f 281 373 374
f 283 282 232
f 283 343 282
f 231 282 2377
f 283 232 275
f 392 395 343
f 4 284 234
f 284 2377 285
f 446 344 399
f 134 165 346
f 346 97 237
f 134 346 286
f 288 347 287
f 347 286 2379
f 288 287 292
f 351 290 289
f 162 292 290
f 292 162 288
f 192 288 162
f 292 291 290
f 291 352 289
f 291 289 290
f 167 289 352
f 417 293 2313
f 269 294 325
f 194 53 295
f 298 296 195
f 354 474 512
f 297 194 295
f 298 433 296
f 299 298 195
f 242 299 55
f 265 243 56
f 242 300 243
f 425 354 296
f 309 208 303
f 450 485 453
f 208 207 303
f 250 141 248
f 250 304 249
f 252 305 70
f 201 253 306
f 308 403 306
f 307 306 253
f 306 307 308
f 302 309 303
f 447 302 303
f 403 308 481
f 248 309 307
f 309 248 141
f 170 248 307
f 310 176 210
f 311 107 578
f 310 311 563
f 255 311 210
f 512 259 354
f 256 260 261
f 2308 314 185
f 260 314 261
f 315 391 317
f 264 333 360
f 361 315 317
f 318 277 12
f 318 322 320
f 12 13 318
f 2311 318 13
f 267 2311 14
f 318 2311 319
f 366 545 323
f 502 321 364
f 321 320 322
f 364 321 322
f 321 157 365
f 323 322 319
f 324 323 186
f 186 267 367
f 2313 412 417
f 269 326 222
f 411 327 326
f 590 328 272
f 273 329 271
f 330 329 273
f 330 370 332
f 377 375 376
f 378 379 331
f 330 331 329
f 377 332 375
f 360 224 593
f 333 224 360
f 335 334 64
f 374 398 336
f 273 370 330
f 338 305 356
f 339 338 371
f 278 279 339
f 230 280 281
f 481 372 403
f 302 482 308
f 341 397 398
f 282 343 395
f 340 441 439
f 284 231 2377
f 401 2377 446
f 441 442 455
f 456 451 345
f 286 346 2379
f 402 348 349
f 348 254 349
f 563 349 310
f 289 167 350
f 290 351 236
f 350 351 289
f 519 520 575
f 414 352 136
f 414 167 352
f 353 293 417
f 294 353 325
f 195 297 295
f 297 296 354
f 242 355 2373
f 266 243 265
f 503 355 244
f 2373 355 301
f 306 356 201
f 338 356 403
f 400 449 447
f 481 442 372
f 357 312 212
f 98 260 462
f 255 312 406
f 466 464 465
f 465 359 530
f 259 359 257
f 360 388 315
f 264 360 315
f 316 409 468
f 384 385 382
f 388 391 315
f 323 364 322
f 366 430 545
f 368 367 267
f 327 368 222
f 367 324 186
f 367 327 419
f 368 327 367
f 326 327 222
f 424 418 2316
f 334 335 369
f 369 370 334
f 332 370 336
f 371 159 280
f 439 159 340
f 339 371 280
f 403 372 371
f 340 371 372
f 439 373 159
f 374 373 341
f 398 374 341
f 342 374 369
f 373 439 341
f 375 445 376
f 336 375 332
f 478 568 386
f 379 380 158
f 331 377 378
f 379 378 380
f 388 360 593
f 590 272 158
f 379 272 331
f 382 158 384
f 384 158 380
f 388 387 391
f 380 381 384
f 542 499 470
f 387 385 2314
f 394 393 438
f 593 158 382
f 378 383 2315
f 438 376 445
f 477 492 436
f 382 385 387
f 131 568 541
f 568 2380 386
f 437 386 383
f 2315 383 386
f 378 377 383
f 377 376 383
f 2380 2315 386
f 378 2315 380
f 2314 385 436
f 382 387 388
f 436 385 477
f 2314 391 387
f 317 391 390
f 2376 479 392
f 395 2312 344
f 2376 392 343
f 337 2376 283
f 394 445 396
f 393 437 438
f 2312 392 394
f 393 394 392
f 396 2312 394
f 344 2312 132
f 446 395 344
f 132 2312 396
f 398 396 445
f 396 398 397
f 443 444 132
f 447 303 448
f 345 285 401
f 2381 453 451
f 448 450 453
f 235 345 133
f 133 345 451
f 286 347 288
f 402 347 2379
f 348 2379 237
f 359 259 512
f 354 259 297
f 549 508 507
f 338 403 371
f 2306 405 130
f 358 407 457
f 182 404 183
f 183 405 2306
f 457 405 404
f 406 107 255
f 107 406 460
f 312 407 406
f 407 358 489
f 357 407 312
f 313 467 528
f 2374 490 488
f 464 359 465
f 363 534 156
f 363 156 316
f 537 409 156
f 468 409 220
f 156 409 316
f 321 365 320
f 320 365 531
f 531 277 320
f 470 410 469
f 323 324 366
f 167 414 2313
f 2313 414 413
f 412 2313 413
f 428 412 413
f 416 412 415
f 416 411 326
f 415 412 428
f 325 416 326
f 419 420 2382
f 411 419 327
f 367 419 324
f 420 424 421
f 427 426 431
f 433 301 504
f 476 2320 518
f 432 429 426
f 546 418 509
f 421 430 366
f 425 422 474
f 431 415 427
f 476 413 414
f 415 428 427
f 555 557 516
f 430 421 2316
f 548 473 430
f 565 538 566
f 355 503 301
f 507 506 505
f 513 474 517
f 518 413 476
f 426 418 424
f 510 554 509
f 431 426 424
f 558 432 423
f 429 418 426
f 433 425 296
f 425 433 511
f 374 336 369
f 375 336 398
f 479 478 437
f 479 437 393
f 2318 434 276
f 568 435 541
f 478 435 568
f 436 492 493
f 2314 436 389
f 438 437 383
f 376 438 383
f 394 438 445
f 443 439 441
f 442 441 340
f 456 399 454
f 340 372 442
f 441 440 443
f 308 482 481
f 455 442 486
f 443 440 444
f 440 452 454
f 132 397 443
f 341 443 397
f 454 444 440
f 132 444 480
f 398 445 375
f 401 446 399
f 448 303 207
f 400 486 449
f 448 207 450
f 400 447 448
f 447 449 482
f 450 207 483
f 450 484 485
f 452 2381 456
f 133 451 485
f 456 454 452
f 453 400 448
f 455 452 440
f 2381 452 486
f 485 451 453
f 400 453 2381
f 454 480 444
f 441 455 440
f 486 442 449
f 345 401 456
f 457 357 115
f 357 457 407
f 488 457 404
f 182 488 404
f 523 458 313
f 526 291 487
f 573 461 526
f 459 579 2307
f 581 576 577
f 291 461 352
f 98 408 490
f 462 260 464
f 408 98 462
f 408 463 490
f 457 488 358
f 458 489 313
f 408 466 467
f 462 464 466
f 466 465 529
f 462 466 408
f 408 467 463
f 262 468 220
f 316 468 361
f 469 365 2319
f 472 470 2319
f 531 365 469
f 469 2319 470
f 276 499 2318
f 477 131 498
f 472 542 470
f 471 492 498
f 544 493 494
f 472 471 542
f 501 430 473
f 502 545 501
f 156 534 536
f 474 422 517
f 524 528 525
f 425 474 354
f 461 573 559
f 136 476 414
f 559 2320 476
f 131 477 381
f 437 478 386
f 392 479 393
f 478 591 435
f 443 341 439
f 399 344 480
f 132 480 344
f 449 442 481
f 447 482 302
f 481 482 449
f 209 483 207
f 233 484 160
f 484 133 485
f 2381 486 400
f 455 486 452
f 2374 488 182
f 490 2374 98
f 292 487 291
f 347 402 562
f 287 487 292
f 576 526 487
f 358 488 490
f 467 313 463
f 523 528 524
f 406 407 489
f 463 489 358
f 490 463 358
f 529 465 491
f 530 512 513
f 557 525 529
f 469 532 531
f 531 532 533
f 498 492 477
f 492 471 494
f 472 495 494
f 493 492 494
f 472 494 471
f 495 157 543
f 493 362 389
f 497 389 362
f 389 436 493
f 362 564 496
f 389 497 390
f 496 363 497
f 363 390 497
f 542 498 541
f 541 2318 542
f 501 545 430
f 502 501 500
f 569 538 565
f 544 494 495
f 500 543 502
f 321 502 157
f 364 323 545
f 503 567 504
f 244 221 2383
f 505 504 567
f 433 504 511
f 503 504 301
f 507 508 506
f 422 425 511
f 505 506 511
f 549 510 508
f 549 507 550
f 418 429 509
f 515 594 522
f 522 429 558
f 511 504 505
f 511 506 422
f 359 512 530
f 513 512 474
f 514 513 475
f 513 516 530
f 514 515 571
f 555 516 514
f 594 510 522
f 491 530 516
f 514 516 513
f 513 517 475
f 506 517 422
f 517 508 475
f 2317 427 518
f 574 573 580
f 427 428 518
f 413 518 428
f 520 2317 2320
f 518 2320 2317
f 570 556 572
f 520 423 2317
f 520 519 423
f 519 521 423
f 429 432 558
f 571 555 514
f 521 558 423
f 558 515 522
f 556 521 519
f 521 571 558
f 559 574 2320
f 523 459 460
f 524 560 561
f 458 523 460
f 313 528 523
f 570 557 555
f 525 570 560
f 291 526 461
f 581 526 576
f 402 349 527
f 578 577 527
f 529 528 467
f 525 528 529
f 529 467 466
f 529 491 557
f 465 530 491
f 410 532 469
f 229 533 532
f 535 496 564
f 534 496 535
f 552 553 547
f 540 507 505
f 535 551 534
f 362 493 539
f 535 564 565
f 552 547 554
f 2321 536 551
f 534 551 536
f 409 537 221
f 536 2321 537
f 156 536 537
f 2321 2383 537
f 501 538 500
f 473 538 501
f 566 553 565
f 540 505 567
f 544 539 493
f 566 538 473
f 541 498 131
f 471 498 542
f 502 543 157
f 569 543 500
f 500 538 569
f 364 545 502
f 547 566 473
f 418 546 548
f 547 548 546
f 550 507 540
f 510 549 554
f 549 550 552
f 553 551 535
f 565 553 535
f 551 552 550
f 547 553 566
f 552 551 553
f 546 554 547
f 552 554 549
f 546 509 554
f 509 429 522
f 509 522 510
f 555 571 556
f 570 572 560
f 521 556 571
f 556 519 572
f 516 557 491
f 515 558 571
f 561 560 572
f 524 525 560
f 575 561 572
f 523 524 459
f 562 287 347
f 487 562 576
f 287 562 487
f 527 562 402
f 577 562 527
f 577 579 581
f 362 496 497
f 539 564 362
f 539 565 564
f 565 539 569
f 244 567 503
f 2383 567 244
f 537 2383 221
f 2321 540 2383
f 550 540 2321
f 2318 541 435
f 544 495 543
f 544 569 539
f 543 569 544
f 548 547 473
f 557 570 525
f 556 570 555
f 519 575 572
f 581 580 573
f 580 575 574
f 520 574 575
f 559 573 574
f 559 136 461
f 476 136 559
f 580 561 575
f 577 576 562
f 527 563 578
f 578 563 311
f 580 579 459
f 526 581 573
f 577 578 579
f 561 580 459
f 580 581 579
f 582 2306 119
f 585 112 78
f 124 584 114
f 127 584 124
f 583 584 585
f 149 586 172
f 588 587 585
f 584 588 585
f 589 588 127
f 91 589 90
f 588 589 586
f 593 590 158
f 328 590 223
f 225 434 591
f 592 591 2378
f 434 225 228
f 388 593 382
f 594 475 508
f 514 475 515
f 475 594 515
f 510 594 508
f 688 632 631
f 722 623 622
f 49 812 50
f 625 727 728
f 682 689 687
f 1109 669 699
f 240 816 53
f 786 785 772
f 638 2384 101
f 722 683 623
f 637 636 671
f 60 59 2325
f 686 628 2385
f 682 631 630
f 687 677 682
f 684 2385 627
f 736 169 698
f 674 649 648
f 2389 888 57
f 727 624 683
f 2325 59 887
f 59 58 887
f 56 2389 57
f 724 664 787
f 637 2384 638
f 874 878 731
f 744 641 640
f 61 850 852
f 726 727 683
f 62 955 849
f 685 671 636
f 673 667 699
f 676 663 645
f 68 67 855
f 672 700 673
f 1097 738 739
f 667 702 705
f 714 620 619
f 803 909 910
f 644 669 676
f 639 74 661
f 751 749 750
f 674 668 729
f 74 198 661
f 704 654 703
f 639 661 711
f 671 685 660
f 683 752 726
f 730 762 2385
f 642 673 643
f 629 686 689
f 681 680 633
f 668 647 663
f 674 647 668
f 645 663 646
f 644 676 645
f 795 688 677
f 676 729 668
f 730 2385 684
f 708 662 709
f 699 669 643
f 626 625 728
f 1109 1108 675
f 686 629 628
f 684 627 626
f 682 688 631
f 681 688 795
f 624 727 625
f 621 679 723
f 624 623 683
f 607 885 608
f 621 723 622
f 682 677 688
f 716 679 714
f 762 760 687
f 714 618 617
f 715 714 617
f 681 632 688
f 628 627 2385
f 714 619 618
f 682 630 689
f 757 835 795
f 729 676 669
f 723 679 716
f 677 760 757
f 674 729 675
f 620 679 621
f 728 684 626
f 701 702 700
f 658 809 659
f 673 642 672
f 47 638 101
f 733 891 954
f 806 808 805
f 637 671 2384
f 811 809 2283
f 707 655 704
f 632 681 633
f 660 697 671
f 672 642 641
f 674 675 650
f 652 1108 705
f 674 650 649
f 648 647 674
f 714 679 620
f 675 651 650
f 687 689 686
f 705 702 653
f 1091 1041 989
f 676 668 663
f 717 725 724
f 943 873 872
f 633 680 634
f 805 597 596
f 1108 651 675
f 878 925 930
f 744 745 708
f 598 960 952
f 960 987 800
f 644 643 669
f 891 845 847
f 685 636 635
f 665 837 743
f 629 689 630
f 635 634 680
f 911 804 909
f 737 657 656
f 72 815 73
f 1109 699 667
f 817 2386 1048
f 773 1105 774
f 660 693 698
f 697 660 698
f 698 693 736
f 139 101 48
f 2384 671 697
f 48 697 698
f 729 669 1109
f 667 705 1109
f 700 666 701
f 667 700 702
f 673 700 667
f 666 700 672
f 709 706 701
f 704 655 654
f 701 666 709
f 703 702 701
f 653 702 703
f 703 701 704
f 653 703 654
f 706 704 701
f 704 706 707
f 652 705 653
f 706 709 662
f 656 655 707
f 748 858 747
f 707 706 713
f 745 744 640
f 662 713 706
f 712 813 710
f 863 859 861
f 744 666 672
f 709 666 708
f 711 640 639
f 749 711 661
f 708 747 662
f 198 750 661
f 751 750 73
f 694 746 749
f 1092 735 1093
f 858 713 662
f 738 713 712
f 715 617 616
f 716 714 715
f 615 715 616
f 720 725 717
f 719 723 718
f 752 670 726
f 719 718 717
f 720 718 753
f 719 717 670
f 717 724 670
f 787 781 724
f 721 715 615
f 755 740 754
f 723 722 622
f 722 719 752
f 723 716 718
f 722 723 719
f 696 725 720
f 664 724 725
f 718 720 717
f 754 696 720
f 727 726 678
f 728 727 678
f 675 729 1109
f 681 834 680
f 680 834 665
f 684 728 869
f 840 605 838
f 1011 1010 973
f 55 890 300
f 601 847 602
f 854 805 808
f 1068 989 1090
f 804 64 63
f 1068 1065 1066
f 857 793 833
f 736 693 867
f 712 739 738
f 809 658 2285
f 738 707 713
f 739 712 710
f 707 738 737
f 739 710 997
f 739 997 1094
f 202 71 72
f 70 865 71
f 922 816 2310
f 695 968 923
f 610 609 819
f 880 886 606
f 753 716 715
f 743 742 660
f 693 660 742
f 743 660 685
f 867 693 823
f 665 743 2322
f 742 743 826
f 666 744 708
f 641 744 672
f 745 640 711
f 746 745 711
f 708 745 747
f 749 746 711
f 747 746 748
f 745 746 747
f 748 746 694
f 859 813 748
f 748 813 858
f 749 751 694
f 859 748 694
f 661 750 749
f 815 751 73
f 820 751 815
f 722 752 683
f 670 752 719
f 716 753 718
f 721 753 715
f 615 614 755
f 755 721 615
f 755 754 721
f 613 755 614
f 1047 740 817
f 696 754 740
f 728 678 869
f 757 795 677
f 756 761 760
f 766 759 761
f 759 757 761
f 765 768 758
f 836 757 759
f 769 770 772
f 776 758 769
f 759 765 758
f 769 758 768
f 776 836 758
f 677 687 760
f 762 687 686
f 760 761 757
f 763 821 756
f 756 760 762
f 730 763 762
f 756 762 763
f 822 764 767
f 767 766 822
f 783 765 766
f 759 766 765
f 783 766 767
f 774 768 783
f 774 1105 771
f 770 769 768
f 771 784 770
f 776 775 777
f 771 768 774
f 770 784 779
f 782 767 764
f 771 1107 784
f 770 768 771
f 785 769 772
f 825 775 790
f 777 825 824
f 785 790 775
f 777 775 825
f 782 773 767
f 773 774 783
f 775 776 769
f 793 857 790
f 824 825 823
f 776 777 871
f 837 665 796
f 779 792 786
f 779 2387 830
f 764 822 916
f 787 788 781
f 782 866 780
f 670 724 791
f 764 916 866
f 724 781 791
f 773 783 767
f 779 784 2387
f 785 775 769
f 1004 725 696
f 791 781 789
f 772 779 786
f 794 790 785
f 829 792 870
f 785 786 794
f 790 794 793
f 867 823 857
f 1049 2388 664
f 730 868 763
f 791 726 670
f 790 857 825
f 917 789 781
f 726 791 678
f 786 2324 794
f 792 830 870
f 830 831 870
f 52 51 832
f 794 2324 828
f 833 51 50
f 871 835 836
f 796 665 834
f 778 837 796
f 835 796 834
f 796 871 778
f 841 840 797
f 901 733 976
f 1111 877 884
f 932 887 888
f 941 829 870
f 901 845 891
f 848 847 903
f 270 983 955
f 61 333 850
f 962 800 987
f 990 803 910
f 856 802 855
f 805 807 806
f 807 2283 806
f 801 988 1066
f 853 854 801
f 807 805 596
f 596 1284 807
f 811 807 1284
f 810 2285 658
f 2283 809 735
f 1094 1097 739
f 809 2285 735
f 1071 2283 735
f 811 2283 807
f 1284 595 2284
f 811 1284 2284
f 657 810 658
f 809 811 659
f 857 833 812
f 736 812 49
f 707 737 656
f 737 1097 810
f 657 737 810
f 712 858 813
f 710 813 863
f 863 860 996
f 815 72 864
f 865 908 991
f 861 859 820
f 817 740 613
f 755 613 740
f 1489 612 2386
f 1003 1047 1048
f 819 966 1002
f 914 1002 966
f 912 609 608
f 915 819 1002
f 763 868 920
f 822 756 821
f 822 821 916
f 778 777 824
f 826 778 824
f 824 742 826
f 824 823 742
f 823 825 857
f 868 869 827
f 917 827 789
f 921 832 828
f 922 828 2324
f 792 829 2324
f 779 830 792
f 830 695 831
f 832 51 833
f 833 793 832
f 828 832 793
f 794 828 793
f 52 832 921
f 795 834 681
f 795 835 834
f 757 836 835
f 836 759 758
f 777 778 871
f 837 778 826
f 743 837 826
f 797 840 838
f 872 605 1443
f 1110 885 886
f 873 874 838
f 872 838 605
f 876 841 797
f 877 876 924
f 839 841 876
f 892 604 846
f 872 873 838
f 888 58 219
f 889 56 300
f 889 974 971
f 241 940 54
f 603 844 900
f 602 845 844
f 604 892 893
f 900 844 845
f 604 603 846
f 903 601 600
f 905 600 599
f 891 847 848
f 847 845 602
f 903 847 601
f 848 903 953
f 983 956 955
f 1130 849 1131
f 851 852 850
f 906 907 850
f 1112 984 851
f 852 851 983
f 853 801 987
f 854 853 597
f 855 802 2286
f 856 67 66
f 860 993 995
f 65 64 911
f 856 66 803
f 803 66 911
f 66 65 911
f 804 63 1130
f 812 833 50
f 857 812 867
f 713 858 712
f 747 858 662
f 820 859 694
f 861 862 992
f 862 864 865
f 862 861 820
f 863 861 860
f 815 862 820
f 862 865 992
f 860 995 996
f 859 863 813
f 997 710 996
f 1095 1094 814
f 865 864 71
f 815 864 862
f 908 70 69
f 992 865 991
f 915 612 611
f 2386 612 818
f 912 819 609
f 915 610 819
f 885 912 608
f 912 1114 966
f 818 612 915
f 917 918 920
f 780 2323 1132
f 764 866 782
f 780 866 2323
f 919 2323 866
f 736 867 812
f 742 823 693
f 869 868 730
f 868 827 920
f 869 730 684
f 827 678 789
f 869 678 827
f 835 871 796
f 776 871 836
f 943 894 873
f 894 943 896
f 874 873 875
f 838 874 797
f 874 731 924
f 875 873 894
f 924 731 877
f 797 874 924
f 874 875 878
f 884 970 1055
f 883 881 882
f 924 876 797
f 882 876 877
f 926 945 929
f 879 875 894
f 877 731 884
f 878 875 879
f 970 878 930
f 895 899 894
f 925 879 926
f 899 879 894
f 881 880 839
f 885 607 886
f 839 880 841
f 882 881 839
f 1110 881 883
f 882 839 876
f 883 1111 2329
f 1111 883 882
f 1161 1159 1172
f 884 1055 1111
f 607 606 886
f 881 886 880
f 888 887 58
f 798 887 932
f 2325 887 798
f 889 2389 56
f 890 889 300
f 937 55 54
f 241 53 940
f 937 54 843
f 829 816 922
f 843 54 940
f 891 733 901
f 897 900 901
f 929 925 926
f 895 894 896
f 896 892 846
f 893 943 872
f 893 892 943
f 976 978 944
f 898 897 944
f 895 897 898
f 897 896 846
f 895 896 897
f 846 900 897
f 898 978 979
f 898 951 895
f 951 899 895
f 603 900 846
f 901 900 845
f 901 976 944
f 1057 933 1056
f 951 898 979
f 926 946 945
f 946 902 945
f 905 903 600
f 599 952 905
f 952 800 904
f 598 952 599
f 905 953 903
f 953 905 904
f 982 906 2325
f 972 973 1010
f 1112 907 1014
f 986 957 958
f 956 957 959
f 987 961 853
f 801 962 987
f 805 854 597
f 988 854 808
f 1000 856 990
f 855 67 856
f 964 2286 802
f 865 70 908
f 855 2286 69
f 908 69 2286
f 996 710 863
f 911 909 803
f 999 990 910
f 804 911 64
f 959 1040 1131
f 912 913 1114
f 885 913 912
f 912 966 819
f 1046 967 1080
f 967 741 818
f 611 610 915
f 918 916 821
f 866 916 919
f 781 788 917
f 916 918 919
f 920 918 821
f 918 917 919
f 920 821 763
f 922 921 828
f 829 922 2324
f 941 816 829
f 968 695 1005
f 878 879 925
f 899 926 879
f 929 930 925
f 929 945 948
f 929 927 930
f 878 970 731
f 928 970 930
f 798 932 931
f 935 931 1006
f 935 934 931
f 2389 932 888
f 931 932 1006
f 1006 2389 971
f 935 1006 936
f 1119 1127 1118
f 935 933 1123
f 933 935 936
f 933 1057 1123
f 798 972 982
f 798 931 934
f 973 934 1122
f 1007 974 1008
f 938 937 799
f 938 799 939
f 937 938 890
f 1018 939 799
f 890 55 937
f 816 940 53
f 1051 941 831
f 891 848 954
f 892 896 943
f 898 944 978
f 901 944 897
f 949 945 902
f 899 946 926
f 979 902 946
f 1024 902 981
f 929 948 927
f 980 981 979
f 950 945 949
f 948 945 1023
f 947 950 949
f 1023 945 950
f 979 946 951
f 946 899 951
f 800 952 960
f 905 952 904
f 1062 986 1059
f 1026 953 904
f 954 848 1028
f 733 942 976
f 953 1028 848
f 906 982 842
f 907 906 842
f 906 850 333
f 1112 850 907
f 1112 851 850
f 956 851 984
f 955 959 849
f 959 955 956
f 956 984 957
f 959 957 1040
f 957 984 958
f 1031 1100 1038
f 1040 957 986
f 961 960 598
f 960 961 987
f 963 802 1000
f 1000 802 856
f 965 963 1000
f 802 963 964
f 1042 994 995
f 1040 734 1085
f 967 1002 914
f 914 1081 1080
f 741 967 1046
f 695 923 831
f 843 799 937
f 1018 799 969
f 927 690 1053
f 928 930 927
f 1126 1053 690
f 970 928 1055
f 731 970 884
f 57 888 219
f 936 1006 971
f 973 972 934
f 1011 973 1128
f 889 971 2389
f 1007 971 974
f 890 974 889
f 938 974 890
f 1008 938 939
f 1008 1115 732
f 976 942 977
f 1060 733 954
f 1059 985 1017
f 980 977 1016
f 977 978 976
f 1116 950 1009
f 927 948 690
f 1127 948 1023
f 947 949 1024
f 979 978 980
f 978 977 980
f 1058 980 1016
f 902 979 981
f 800 1025 904
f 1027 1026 1030
f 1031 1029 1100
f 982 2325 798
f 982 972 842
f 852 983 270
f 983 851 956
f 1015 984 1112
f 962 801 1066
f 989 988 808
f 854 988 801
f 808 1091 989
f 1095 1096 692
f 1063 1065 691
f 803 990 856
f 2286 991 908
f 993 992 991
f 992 993 860
f 1044 1042 1043
f 1074 1075 1073
f 1042 993 991
f 2287 814 997
f 861 992 860
f 2287 997 996
f 995 994 2287
f 994 1074 1076
f 1072 1041 692
f 1087 1084 1086
f 1001 999 1045
f 1001 1000 990
f 1069 691 1065
f 915 1002 818
f 1004 1003 1050
f 1003 1004 696
f 696 740 1047
f 1004 1050 1049
f 725 1004 664
f 1102 2326 1133
f 2386 741 1048
f 1002 967 818
f 1147 968 1005
f 1022 923 968
f 831 923 969
f 940 1051 843
f 799 843 969
f 1051 969 843
f 1129 1127 1119
f 1106 1140 1147
f 1007 936 971
f 974 938 1008
f 1115 1008 939
f 732 1007 1008
f 1123 934 935
f 950 1116 1023
f 1061 1128 947
f 1012 1014 907
f 1011 1128 1061
f 1012 1010 1011
f 907 842 1012
f 972 1010 842
f 1012 842 1010
f 1014 1012 2327
f 1011 1061 2327
f 2327 1083 1013
f 1013 985 1015
f 1015 1014 1013
f 1015 985 1059
f 1015 958 984
f 1016 977 1070
f 1070 977 942
f 1017 1016 1070
f 1017 985 1058
f 1115 939 975
f 1018 969 923
f 975 939 1018
f 1150 1022 1143
f 1142 1149 1143
f 1115 1021 1121
f 1020 1018 923
f 975 1019 1021
f 1019 975 1020
f 1020 975 1018
f 1151 1153 1125
f 923 1022 1020
f 690 948 1127
f 1061 1024 1083
f 1014 2327 1013
f 902 1024 949
f 1024 981 1083
f 800 962 1025
f 1026 904 1025
f 1028 1026 1027
f 1026 1025 1032
f 1027 1030 1035
f 1031 1027 1035
f 1028 1027 1039
f 1026 1028 953
f 1045 1063 691
f 1045 1037 1063
f 1035 1029 1031
f 734 986 1062
f 1030 1026 1032
f 1064 1032 1025
f 1036 1030 1032
f 1029 1035 1033
f 1034 1036 1037
f 999 910 1087
f 1033 1035 1034
f 1035 1030 1034
f 1037 1036 1063
f 1100 1070 1038
f 1027 1031 1039
f 1038 1039 1031
f 986 734 1040
f 1033 734 1062
f 1059 986 958
f 1071 1091 806
f 1064 1025 962
f 1043 991 2286
f 1044 1043 964
f 991 1043 1042
f 1000 1001 965
f 999 1001 990
f 1080 967 914
f 1050 1046 1082
f 1048 1047 817
f 1047 1003 696
f 817 1427 2386
f 1046 1048 741
f 787 664 2388
f 1004 1049 664
f 1102 1050 1082
f 1050 1003 1046
f 1048 1046 1003
f 816 941 940
f 969 1051 831
f 690 1127 1129
f 928 1053 1054
f 1126 1052 1053
f 1053 1052 1054
f 1166 1055 1168
f 927 1053 928
f 928 1054 1055
f 1007 732 1056
f 936 1056 933
f 1118 1116 1117
f 1057 1056 1120
f 1057 1117 1123
f 950 947 1009
f 981 980 1058
f 985 1013 1058
f 1017 1058 1016
f 1015 1059 958
f 1060 942 733
f 1039 1060 954
f 1028 1039 954
f 1024 1061 947
f 1011 2327 1012
f 2327 1061 1083
f 1100 1062 1059
f 1062 1100 1029
f 1063 1064 1065
f 1032 1064 1036
f 1066 1064 962
f 988 1068 1066
f 1069 1065 1068
f 1064 1066 1065
f 1041 1072 1090
f 989 1068 988
f 1067 1069 1068
f 994 1042 1074
f 1077 1069 1067
f 1069 1077 691
f 1017 1070 1100
f 942 1038 1070
f 1071 735 1092
f 1090 1067 1068
f 993 1042 995
f 963 1044 964
f 1042 1044 1074
f 1075 1074 1044
f 1067 1079 1073
f 1075 1044 963
f 1074 1073 1076
f 963 965 1075
f 1001 1045 691
f 1076 1073 1079
f 994 1076 2287
f 1078 1075 965
f 1001 1078 965
f 1079 1072 998
f 1077 1078 691
f 1001 691 1078
f 1046 1080 1082
f 1102 1099 2388
f 2326 1082 1080
f 741 2386 818
f 981 1058 1083
f 1083 1058 1013
f 1017 1100 1059
f 1029 1033 1062
f 1033 1089 734
f 1089 1085 734
f 1085 1086 1084
f 909 1088 910
f 1086 1085 1089
f 1085 1084 1131
f 1045 999 1087
f 1087 910 1088
f 1087 1086 1037
f 1088 909 804
f 1087 1088 1084
f 1034 1089 1033
f 1041 1090 989
f 1079 1090 1072
f 1067 1090 1079
f 806 1091 808
f 692 1091 1071
f 1093 735 2285
f 1096 1095 814
f 1097 1094 1093
f 1093 1094 1095
f 814 1094 997
f 1097 1093 810
f 692 1092 1095
f 1095 1092 1093
f 1096 998 1072
f 738 1097 737
f 1091 692 1041
f 1092 692 1071
f 1096 1072 692
f 1105 773 2390
f 788 1099 2323
f 1133 2328 1132
f 1089 1034 1086
f 1037 1086 1034
f 1087 1037 1045
f 1133 2326 2328
f 1049 1050 1102
f 1099 1102 1133
f 1107 1005 784
f 1104 782 780
f 773 782 1104
f 1156 1146 1103
f 1081 1170 1101
f 1104 780 1103
f 773 1104 2390
f 1134 1156 1103
f 1105 1107 771
f 1107 1105 1106
f 1140 1106 1141
f 1147 1005 1107
f 1147 1107 1106
f 651 1108 652
f 705 1108 1109
f 820 694 751
f 885 1110 913
f 881 1110 886
f 877 1111 882
f 1166 1111 1055
f 1112 1014 1015
f 1164 1170 1171
f 1114 1113 914
f 914 1113 1081
f 883 1162 1110
f 1160 1161 1162
f 1114 913 1172
f 920 827 917
f 1021 1115 975
f 1116 1009 1117
f 1116 1127 1023
f 1122 1117 1009
f 1117 1057 1118
f 1127 1116 1118
f 1118 1120 1119
f 1120 732 1121
f 1128 1009 947
f 1123 1122 934
f 1117 1122 1123
f 1115 1121 732
f 1152 1125 1021
f 1021 1125 1121
f 1153 1124 1125
f 1120 1121 1124
f 1129 1126 690
f 1153 1126 1124
f 1057 1120 1118
f 1124 1119 1120
f 1122 1128 973
f 1009 1128 1122
f 1124 1129 1119
f 1126 1129 1124
f 1131 1088 1130
f 849 959 1131
f 1130 1088 804
f 1084 1088 1131
f 62 849 63
f 1131 1040 1085
f 1101 1098 2328
f 1099 1133 1132
f 1134 2328 1098
f 1103 780 1132
f 1132 2328 1134
f 1159 1171 1172
f 1153 1154 1155
f 1132 1134 1103
f 1138 1136 1164
f 1081 1101 2326
f 1101 1170 1136
f 1152 1151 1125
f 1101 1136 1098
f 1164 1136 1170
f 1139 1156 1098
f 1163 1138 1164
f 1139 1138 1137
f 1135 1144 1137
f 1139 1137 1144
f 1142 1144 1135
f 1147 1140 1143
f 1140 1142 1143
f 1104 1103 1146
f 1141 1146 1145
f 1106 2390 1141
f 1143 1149 1150
f 1145 1144 1142
f 1156 1144 1145
f 2390 1104 1146
f 1145 1146 1156
f 2390 1146 1141
f 1143 1022 1147
f 968 1147 1022
f 1152 1019 1150
f 1148 1142 1135
f 1142 1148 1149
f 1135 1158 1154
f 1151 1149 1148
f 1150 1019 1020
f 1137 1167 1158
f 1052 1157 1168
f 1151 1152 1149
f 1019 1152 1021
f 1022 1150 1020
f 1152 1150 1149
f 1154 1153 1151
f 1154 1151 1148
f 1135 1154 1148
f 1144 1156 1139
f 1157 1052 1155
f 1158 1157 1155
f 1138 1163 1167
f 1155 1154 1158
f 1137 1158 1135
f 1167 1157 1158
f 1161 1172 913
f 1162 2329 1160
f 1163 1159 1160
f 1162 1161 913
f 1159 1161 1160
f 1110 1162 913
f 1165 1160 2329
f 1163 1165 1169
f 1159 1163 1164
f 2329 1166 1165
f 1163 1169 1167
f 1166 1168 1169
f 1111 1166 2329
f 1168 1055 1054
f 1166 1169 1165
f 1138 1167 1137
f 1052 1168 1054
f 1157 1169 1168
f 1167 1169 1157
f 1113 1170 1081
f 1171 1170 1113
f 1172 1171 1113
f 1171 1159 1164
f 1114 1172 1113
f 1145 1140 1141
f 1142 1140 1145
f 616 617 618
f 1311 1234 1272
f 1269 1219 1220
f 616 618 619
f 619 1276 616
f 1345 616 1276
f 1276 619 1173
f 1271 1269 1263
f 1271 1218 1219
f 1348 1312 1350
f 1236 1258 2292
f 647 648 1244
f 1353 1179 1180
f 2331 1258 1266
f 1488 611 612
f 1269 1240 2288
f 2330 1310 1234
f 1267 1261 1250
f 2338 1186 1187
f 1286 1253 1259
f 1247 1224 1225
f 607 608 1433
f 613 614 1486
f 1274 1275 1336
f 1239 1238 1251
f 1507 1357 1394
f 1310 2288 1255
f 1243 647 1244
f 1217 1285 1216
f 872 1443 1445
f 1234 1311 2330
f 1736 1515 1510
f 1237 1261 1260
f 1446 841 880
f 1255 2288 1259
f 1235 1231 1232
f 1397 601 602
f 1323 596 597
f 598 1366 961
f 1325 1297 1378
f 601 1397 1398
f 1334 1306 1213
f 2292 1228 1229
f 1247 1253 1246
f 1226 1227 1242
f 1327 1295 1328
f 1247 1246 1224
f 1339 1343 1340
f 1326 596 1323
f 1232 2291 2290
f 1293 1332 1233
f 1245 1243 1238
f 1226 1242 1254
f 1223 1224 1246
f 1239 1246 1253
f 2292 1258 1241
f 1229 1230 2289
f 1230 1231 1249
f 1240 1248 1286
f 1202 1920 1438
f 1188 1362 1361
f 1241 2331 1267
f 1188 1189 1362
f 1262 1264 1305
f 1265 1261 1267
f 1342 1479 1341
f 1282 1283 1191
f 1395 1204 1205
f 1249 1257 2289
f 1255 1256 1237
f 1245 1248 1221
f 1258 2331 1241
f 1437 1392 1436
f 1437 1498 1392
f 1242 1250 1261
f 1192 1282 1191
f 1238 1244 1251
f 1237 1242 1261
f 1246 1251 1223
f 1247 1256 1253
f 1503 1549 1201
f 1259 1256 1255
f 1550 1201 1549
f 1244 1222 1251
f 1495 1199 1200
f 1236 2292 2289
f 1198 1199 1496
f 1260 1234 1310
f 1260 1255 1237
f 1218 1271 1217
f 1272 1260 1261
f 1263 2330 1309
f 1242 1227 1250
f 1221 1248 1220
f 1238 1243 1244
f 1256 1247 1254
f 1260 1310 1255
f 1287 1257 1249
f 648 1222 1244
f 1237 1256 1254
f 1243 1252 663
f 663 1252 646
f 2289 1257 1236
f 1245 1252 1243
f 1228 1250 1227
f 1243 663 647
f 1221 646 1252
f 1268 1258 1236
f 1415 1209 1210
f 1251 1246 1239
f 1221 1252 1245
f 1381 1382 1343
f 1241 1250 1228
f 1272 1234 1260
f 1222 1223 1251
f 1225 1226 1254
f 1300 1333 1214
f 1212 1306 1308
f 1286 1245 1238
f 1286 1239 1253
f 1308 1306 1307
f 1241 1228 2292
f 1242 1237 1254
f 1256 1259 1253
f 1286 1259 1240
f 2288 1240 1259
f 1272 1261 1265
f 1274 1265 1273
f 1258 1268 1266
f 1265 2331 1273
f 1262 1304 1264
f 1273 2331 1266
f 1241 1267 1250
f 1257 1291 1236
f 1266 1268 1264
f 1271 1263 1309
f 1309 1217 1271
f 1248 1240 1220
f 1270 1273 1304
f 1269 1271 1219
f 1274 1272 1265
f 1311 1272 1336
f 1274 1273 1270
f 1264 1304 1266
f 1275 1274 1270
f 1274 1336 1272
f 1301 1303 1299
f 1270 1301 1299
f 1275 2391 1336
f 1175 1176 1350
f 614 615 1344
f 1277 1276 1173
f 1173 1174 1277
f 1312 1174 1175
f 1177 1349 1350
f 1312 1277 1174
f 1277 1312 1314
f 1183 1184 1360
f 1199 1495 1496
f 1445 893 872
f 1282 1281 1283
f 1282 1193 1281
f 1283 1281 1406
f 1190 1191 1283
f 600 601 1398
f 1484 1614 2393
f 1233 1330 1293
f 1288 1294 1292
f 1217 1309 1285
f 1215 1216 1285
f 1239 1286 1238
f 1235 1287 1231
f 1288 1287 1235
f 2291 1377 2290
f 1268 1289 1264
f 1293 1330 1290
f 1236 1291 1289
f 1288 1292 1287
f 1290 1291 1257
f 1331 1291 1290
f 1290 1292 1293
f 1296 1332 1293
f 1296 1292 1294
f 1292 1296 1293
f 1288 2293 1295
f 1288 1295 1294
f 1328 1295 2293
f 1327 1323 1368
f 1297 1296 1294
f 1378 1295 1327
f 1297 1325 2333
f 1297 1332 1296
f 1303 1301 1302
f 1275 1270 1299
f 1300 2391 1298
f 1298 2391 1275
f 1299 1298 1275
f 1214 1894 1335
f 1301 1304 1262
f 1302 1301 1262
f 1303 1302 1307
f 1299 1303 1298
f 1306 1334 1303
f 1333 1334 1213
f 1270 1304 1301
f 1304 1273 1266
f 1478 1479 1480
f 1308 1343 1382
f 1306 1303 1307
f 1213 1306 1212
f 1340 1341 1479
f 1302 1341 1340
f 1382 1212 1308
f 2288 1310 1263
f 1311 1336 2334
f 1312 1348 1314
f 1344 1346 614
f 1350 1312 1175
f 1314 1345 1277
f 1348 1349 1429
f 1348 1384 1314
f 1432 1384 1431
f 609 610 1387
f 1584 1278 1533
f 1517 1446 1447
f 1516 1433 1388
f 1396 1206 1207
f 1365 1189 1190
f 2338 1187 1361
f 1408 1405 1406
f 1407 1408 1406
f 1365 1283 1406
f 1365 1405 1362
f 1210 1734 1415
f 1474 1484 2393
f 1419 1483 1477
f 1555 1395 1556
f 1368 597 853
f 1369 853 961
f 1370 1368 1369
f 1378 1297 1294
f 1325 1324 1371
f 1371 1324 1376
f 1326 1328 2293
f 596 1326 1377
f 1368 1323 597
f 1368 1370 1327
f 1324 1325 1378
f 1328 1323 1327
f 1323 1328 1326
f 1377 2293 2290
f 1379 1330 1233
f 1291 1331 1289
f 1342 1305 1423
f 1290 1330 1331
f 1379 1331 1330
f 1335 1300 1214
f 1333 1300 1334
f 1300 1298 1334
f 1303 1334 1298
f 1329 1335 1894
f 1300 1335 2391
f 1329 1337 1335
f 2391 1337 1336
f 1338 2334 2392
f 1285 1309 1338
f 1340 1308 1307
f 1305 1342 1341
f 1262 1305 1341
f 1302 1340 1307
f 1375 1423 1233
f 1375 1233 1417
f 1262 1341 1302
f 1426 1381 1343
f 1379 1423 1305
f 1308 1340 1343
f 1345 1344 615
f 616 1345 615
f 1277 1345 1276
f 1346 1352 1486
f 1313 1545 1617
f 1493 1494 1591
f 1431 1429 1383
f 1384 1348 1429
f 1351 1177 1178
f 1429 1349 1347
f 1177 1350 1176
f 1348 1350 1349
f 1349 1177 1351
f 1434 1178 1179
f 1349 1351 1347
f 1314 1385 1344
f 1345 1314 1344
f 1384 1385 1314
f 1344 1385 1346
f 1386 1352 1432
f 1388 1547 1661
f 1387 1548 609
f 1430 1347 1390
f 1694 1709 1708
f 1444 1394 1443
f 1455 1456 1459
f 1407 1409 1280
f 1359 1195 1196
f 1197 1463 1976
f 1389 1466 1467
f 1362 1189 1365
f 1187 1188 1361
f 1322 1364 1321
f 1364 1194 1321
f 1321 1194 1363
f 1364 1322 1193
f 1281 1322 1406
f 1281 1193 1322
f 1283 1365 1190
f 1406 1322 1407
f 598 599 1460
f 1327 1370 1324
f 1734 1210 1211
f 1482 1543 1415
f 1369 1368 853
f 961 1366 1369
f 1370 1366 1324
f 1371 1373 1475
f 1373 1520 1457
f 1417 1233 1332
f 1520 1371 1376
f 1418 1417 2333
f 1417 1374 1375
f 1332 1297 2333
f 1417 1418 1374
f 1478 1339 1479
f 1480 1423 1375
f 1476 1375 1374
f 1472 1366 1460
f 596 1377 1284
f 2293 1377 1326
f 1295 1378 1294
f 1324 1378 1327
f 2392 1329 1215
f 1289 1379 1264
f 1331 1379 1289
f 1338 2330 1311
f 1309 2330 1338
f 1380 1426 1421
f 1426 1343 1339
f 1381 1426 1425
f 1427 1486 1487
f 1489 1487 1428
f 1430 1429 1347
f 1385 1384 1432
f 1547 1591 1546
f 1389 1180 1181
f 1466 1182 1403
f 1434 1353 1390
f 1351 1178 1434
f 1389 1353 1180
f 1523 1353 1389
f 1429 1430 1383
f 1351 1434 1347
f 1347 1434 1390
f 2394 1390 1353
f 1503 1202 1438
f 1550 1391 1495
f 1197 1198 1497
f 1392 1498 1499
f 1442 1393 1439
f 1447 880 606
f 1507 1508 1506
f 1204 1395 1554
f 1208 1367 1413
f 1597 1557 1442
f 1393 1440 1439
f 1556 1395 1396
f 1204 1554 1441
f 1448 602 844
f 1449 844 603
f 2341 1320 1458
f 1448 1397 602
f 1458 1397 2341
f 1449 1450 1448
f 1194 1400 1363
f 1196 1463 1464
f 1401 1195 2336
f 1522 1359 1464
f 1465 1184 1185
f 1404 1185 1186
f 1403 1527 1467
f 1182 1466 1181
f 1465 1360 1184
f 1182 1183 1403
f 2337 2338 1361
f 1404 1402 1465
f 1280 1411 1586
f 1186 2338 1404
f 1525 1402 1404
f 1362 1405 1524
f 1406 1405 1365
f 1407 1322 1321
f 1409 1407 1321
f 1407 1280 1408
f 1409 1321 1363
f 1470 1408 1280
f 1405 1408 1524
f 1363 1410 1409
f 1400 1401 1410
f 1411 1280 1409
f 1542 1413 1367
f 1414 1416 1412
f 1206 1396 1205
f 1543 1416 1414
f 1543 1414 1415
f 1209 1415 1414
f 1543 1484 1474
f 1367 1208 1412
f 1207 1208 1413
f 1324 1366 1472
f 1369 1366 1370
f 1376 1324 1472
f 2333 1417 1332
f 1475 1325 1371
f 2333 1475 1418
f 1566 1418 1475
f 1374 1418 1372
f 1419 1374 1372
f 1374 1419 1477
f 1566 1372 1418
f 1374 1477 1476
f 1375 1476 1480
f 1479 1339 1340
f 1478 1480 1476
f 1477 1483 1422
f 1478 1421 1339
f 1421 1420 1735
f 1421 1735 1380
f 1422 1735 1420
f 1420 1476 1477
f 1735 1422 1482
f 1233 1423 1379
f 1426 1339 1421
f 1425 1426 1380
f 1489 1427 1487
f 613 1486 1427
f 1487 1352 1386
f 1486 1352 1487
f 1383 1545 1431
f 1490 1530 1491
f 1432 1431 1313
f 1384 1429 1431
f 1432 1313 1616
f 1385 1432 1352
f 1493 1387 610
f 1548 1433 608
f 1466 1389 1181
f 1353 1434 1179
f 1490 2394 1530
f 1467 1527 1583
f 1435 1523 1583
f 2394 1353 1523
f 1389 1467 1523
f 1523 1435 2394
f 1436 1438 1437
f 1438 1920 1437
f 1498 1437 1440
f 1438 1436 1503
f 1439 1440 1203
f 1441 1442 1439
f 1498 1440 1393
f 1442 1441 1554
f 1505 1355 1498
f 1597 1442 1554
f 1393 1442 1557
f 1444 1443 605
f 1445 1443 1394
f 840 841 2335
f 893 1445 1560
f 1447 1446 880
f 606 607 1518
f 1358 1446 1517
f 1395 1205 1396
f 1207 1413 1396
f 1413 1542 1473
f 1449 1448 844
f 1399 1449 603
f 1449 1399 1450
f 603 604 1399
f 1399 1451 1450
f 1519 1565 1452
f 1399 1561 1451
f 1452 1565 2341
f 1450 1451 1452
f 2341 1565 1320
f 1448 2341 1397
f 1452 2341 1450
f 1448 1450 2341
f 1453 1320 1454
f 1398 1458 1459
f 1458 1398 1397
f 1453 1424 1455
f 1458 1320 1453
f 1454 1737 1424
f 1453 1454 1424
f 1472 1471 1376
f 1471 1456 1455
f 1453 1455 1459
f 1424 1457 1455
f 2342 1456 1460
f 1398 1459 2342
f 1521 1566 1373
f 1459 1458 1453
f 2342 1459 1456
f 599 2342 1460
f 1460 1471 1472
f 598 1460 1366
f 1398 2342 600
f 1461 1462 1410
f 1401 1461 1410
f 1463 1196 1976
f 1359 1196 1464
f 1497 1198 1496
f 1497 1553 1463
f 1552 1551 1594
f 1553 1464 1463
f 1522 1464 1571
f 1404 1465 1185
f 1360 1465 1402
f 1467 1466 1403
f 1583 1523 1467
f 1470 1524 1408
f 1280 1586 1470
f 1470 2337 1524
f 1538 1536 1469
f 1576 1534 1462
f 1410 1462 1409
f 1586 1534 1538
f 1586 1538 1469
f 1541 1470 1469
f 1456 1471 1460
f 2393 1614 1649
f 1396 1413 1473
f 1555 1556 1647
f 1556 1396 1473
f 1412 1416 1367
f 1416 1474 1367
f 1566 1475 1373
f 1325 1475 2333
f 1566 1569 1372
f 1636 1737 1634
f 1420 1477 1422
f 1476 1420 1478
f 1421 1478 1420
f 1480 1479 1342
f 1423 1480 1342
f 1482 1481 1543
f 1481 1482 1422
f 1484 1485 1614
f 1484 1481 1485
f 1483 1485 1481
f 1385 1352 1346
f 1650 1487 1386
f 1489 1488 612
f 1654 1488 1428
f 1428 1488 1489
f 1490 1430 1390
f 2394 1490 1390
f 1491 1492 1490
f 1491 2344 1492
f 1545 1313 1431
f 1591 1494 1652
f 611 1493 610
f 611 1494 1493
f 609 1548 608
f 1550 1495 1200
f 1201 1550 1200
f 1496 1495 1391
f 1197 1497 1463
f 1552 1497 1496
f 1553 1497 1552
f 1393 1557 1505
f 1498 1355 1499
f 1501 1621 1354
f 1392 1499 1502
f 1502 1499 1500
f 1436 1392 1501
f 1316 1502 2343
f 1392 1502 1501
f 1686 1684 1316
f 1920 1203 1440
f 1437 1920 1440
f 1503 1354 1549
f 1501 1354 1436
f 1354 1503 1436
f 1555 1597 1554
f 1732 1597 1555
f 1558 1504 1557
f 1393 1505 1498
f 1733 1355 1505
f 605 840 1444
f 1507 1394 1508
f 1509 1507 1506
f 1559 2335 1446
f 1508 1559 1506
f 1506 1559 1723
f 1508 1444 2335
f 1723 1559 1358
f 1509 1357 1507
f 1515 1451 1511
f 1445 1513 1560
f 1317 1514 1512
f 1510 1357 1512
f 1513 1510 1511
f 1317 1512 1509
f 1509 1512 1357
f 1512 1736 1510
f 1736 1512 1514
f 1562 1514 1710
f 1563 1515 1736
f 1451 1515 1563
f 1515 1511 1510
f 1447 1516 1517
f 1388 1661 1672
f 1516 1447 1518
f 1516 2355 1517
f 606 1518 1447
f 607 1433 1518
f 1637 1598 1625
f 1710 1712 1562
f 1519 1452 1563
f 1519 1598 1565
f 1471 1520 1376
f 1457 1520 1455
f 1455 1520 1471
f 1372 1569 1567
f 1359 1522 1573
f 1576 1462 2339
f 1461 1401 2336
f 1571 1572 1522
f 1524 2337 1361
f 1362 1524 1361
f 1539 1525 1536
f 1402 1525 1526
f 1527 2395 1609
f 1609 2395 1526
f 1491 1530 1531
f 1589 1610 1609
f 2344 1531 1533
f 1530 1529 1531
f 1531 1529 1532
f 1491 1531 2344
f 1609 1612 1528
f 1584 1533 1532
f 1608 1533 1278
f 2339 1577 1576
f 1534 1576 1468
f 1534 1468 1538
f 1462 1534 1411
f 1468 1537 1538
f 1536 1525 1541
f 1470 1586 1469
f 1534 1586 1411
f 1468 1576 1575
f 1540 1589 1535
f 1469 1536 1541
f 1539 1536 1535
f 1535 1536 1538
f 1535 1538 1537
f 1539 1535 1589
f 1525 1539 1526
f 1535 1537 1540
f 1528 1612 1613
f 1581 1579 1582
f 1470 1541 2337
f 1474 1542 1367
f 1484 1543 1481
f 1568 1614 1485
f 1649 1614 1615
f 1492 1383 1430
f 1383 1492 1545
f 1585 1492 2344
f 1651 1643 1669
f 1494 1488 1654
f 1545 1492 1585
f 1490 1492 1430
f 1388 1433 1548
f 1494 611 1488
f 1547 1548 1387
f 1591 1547 1387
f 1547 1620 1661
f 1354 1621 2347
f 2347 1550 1549
f 1391 1550 2347
f 1551 1496 1391
f 1391 1622 1551
f 1594 1596 1571
f 1551 1552 1496
f 1553 1571 1464
f 1555 1554 1395
f 1505 1557 1504
f 1648 2350 1319
f 1559 1508 2335
f 1394 1444 1508
f 1358 1559 1446
f 1445 1394 1513
f 1357 1513 1394
f 1560 1513 1511
f 1357 1510 1513
f 1511 1561 1560
f 1399 604 1561
f 1560 604 893
f 1451 1561 1511
f 1672 1516 1388
f 1516 1518 1433
f 1451 1563 1452
f 1598 1564 1624
f 1563 1564 1519
f 1565 1637 1320
f 1637 1565 1598
f 1569 1566 1521
f 1520 1373 1371
f 1521 1373 1457
f 1737 1631 1632
f 1419 1567 1483
f 1567 1569 1570
f 1568 1570 1544
f 1567 1570 1485
f 1634 1570 1569
f 1594 1571 1552
f 1572 1571 1596
f 1572 1578 1599
f 1599 1573 1522
f 1461 1573 2339
f 2339 1599 1577
f 1468 1575 1537
f 1579 1574 1578
f 1575 1576 1574
f 1573 1599 2339
f 1574 1576 1577
f 1574 1577 1578
f 1356 1675 1677
f 1574 1581 1575
f 1574 1579 1581
f 1578 1572 1600
f 1579 1578 1600
f 1676 1689 1679
f 1601 2345 1540
f 1640 1641 1679
f 1537 1575 1601
f 1527 1403 2395
f 1527 1528 1583
f 1435 1583 1528
f 1584 1532 1588
f 1532 1587 1588
f 1643 1608 1278
f 2397 1585 1608
f 1585 1617 1545
f 2344 1608 1585
f 1532 1533 1531
f 1608 2344 1533
f 1610 1589 1540
f 1609 1610 1612
f 1584 1588 2346
f 1587 1532 1529
f 1612 1610 1611
f 1611 1588 1587
f 1526 1589 1609
f 1539 1589 1526
f 1647 1556 1473
f 1615 1568 1544
f 1493 1591 1387
f 1546 1591 1652
f 1619 1546 1315
f 1653 1315 1652
f 1546 1619 1620
f 1546 1620 1547
f 1388 1548 1547
f 1354 2347 1549
f 1551 1595 1594
f 1600 1596 1356
f 1596 1595 1356
f 1595 1596 1594
f 1557 1597 1558
f 604 1560 1561
f 1562 1624 1564
f 1564 1598 1519
f 1625 1598 1624
f 1569 1521 1634
f 1572 1599 1522
f 1577 1599 1578
f 1596 1600 1572
f 1581 1601 1575
f 1607 1638 1639
f 1582 1639 1638
f 1607 1580 1605
f 1278 1584 1603
f 1619 1671 1657
f 1643 1603 1602
f 1602 1669 1643
f 1606 2346 1604
f 1580 1639 1640
f 1604 2400 1606
f 1605 1604 2346
f 1611 1645 1588
f 1605 1580 1664
f 2399 1657 1671
f 1645 1605 2346
f 1527 1609 1528
f 1610 1540 2345
f 1612 1587 1613
f 1610 2345 1611
f 2345 1638 1644
f 1435 1613 1529
f 1648 1647 1646
f 1615 1614 1568
f 1627 1615 1544
f 1649 1615 1633
f 1432 1616 1386
f 1617 1616 1313
f 1590 1617 2397
f 1616 1617 1590
f 1652 1315 1546
f 1655 1671 1619
f 1656 1620 1619
f 1656 1672 1661
f 1622 1391 2347
f 1595 1551 1673
f 1662 1622 2347
f 1673 1551 1622
f 1673 1622 1662
f 1658 1680 1699
f 1356 1595 1674
f 1562 1626 1624
f 1624 1626 1663
f 1625 1631 1637
f 2348 1627 1632
f 1716 1712 1710
f 1663 1626 1718
f 1627 1544 1632
f 1627 2348 1629
f 1663 2349 1628
f 1635 1633 1629
f 2348 1628 1629
f 1628 1625 1663
f 1712 1715 1718
f 1648 1319 1647
f 1630 1629 2349
f 1635 1629 1630
f 1737 1454 1631
f 1632 1631 2348
f 1634 1632 1544
f 1615 1627 1633
f 1629 1633 1627
f 1634 1544 1570
f 1646 2396 1648
f 1635 1648 2396
f 1521 1636 1634
f 1637 1454 1320
f 1454 1637 1631
f 1607 1639 1580
f 1681 1666 1668
f 1640 1664 1580
f 1641 1639 1582
f 1665 1664 1666
f 1579 1600 1677
f 1678 1582 1579
f 1641 1640 1639
f 1641 1676 1679
f 1356 1674 1675
f 1595 1673 1674
f 1659 1603 1606
f 1603 1643 1278
f 1604 1605 1664
f 1644 1638 1607
f 1585 2397 1617
f 1612 1611 1587
f 1645 1611 1644
f 1644 1607 1645
f 1605 1645 1607
f 2346 1588 1645
f 1529 1613 1587
f 1646 1647 1473
f 1647 1319 1555
f 1630 1714 2350
f 1649 2396 2393
f 1635 1649 1633
f 1650 1654 1428
f 1654 1618 1652
f 1487 1650 1428
f 1651 1618 1590
f 1618 1654 1650
f 1643 2397 1608
f 1651 1669 1653
f 1650 1590 1618
f 1654 1652 1494
f 1653 1652 1618
f 1651 1653 1618
f 1655 1619 1315
f 1655 1315 1653
f 1669 1655 1653
f 1619 1657 1656
f 1657 1658 1593
f 1658 1657 1592
f 1660 1592 2399
f 1657 1593 1656
f 1593 1658 1670
f 1659 1671 1602
f 1659 1602 1603
f 1660 2399 2400
f 1656 1661 1620
f 1672 1656 1593
f 1593 2401 1672
f 1358 1517 1738
f 1663 1718 2349
f 1625 1624 1663
f 1604 1664 1665
f 1679 1666 1640
f 1660 1665 1681
f 1604 1665 2400
f 1666 1681 1665
f 1640 1666 1664
f 1682 1668 1666
f 1666 1679 1682
f 1668 1667 1687
f 1655 1669 1602
f 1680 1658 1592
f 1602 1671 1655
f 1683 2401 2398
f 1621 1316 1662
f 1675 1674 1642
f 1642 1676 1675
f 1678 1677 1675
f 1642 1689 1676
f 1676 1641 1678
f 1356 1677 1600
f 1675 1676 1678
f 1582 1678 1641
f 1579 1677 1678
f 1667 1693 1687
f 1687 1681 1668
f 1592 1660 1680
f 1689 1682 1679
f 1668 1682 1690
f 1683 2398 1739
f 1672 1683 2355
f 2421 1623 1642
f 1662 1684 2421
f 2354 2403 1726
f 1685 1686 2343
f 1692 1686 1685
f 1699 1680 1687
f 1681 1687 1680
f 1688 1670 1699
f 1318 2398 1688
f 1670 1658 1699
f 1668 1690 1667
f 1689 1690 1682
f 2351 1692 2352
f 1667 1690 2352
f 1689 1623 1690
f 2351 1686 1692
f 1691 1692 1279
f 1693 1667 1691
f 1719 1720 1721
f 1692 1685 1695
f 1692 1695 1279
f 1719 1699 1693
f 1685 2353 2354
f 1514 1697 1710
f 1696 1708 1697
f 1317 1697 1514
f 1696 1694 1708
f 1355 1500 1499
f 2353 2343 1500
f 1705 1703 1704
f 1697 1317 1696
f 1500 1355 1698
f 1505 1504 1733
f 1720 1691 1279
f 1699 1687 1693
f 1694 1696 1703
f 1719 1721 1725
f 1703 1696 1704
f 1702 1725 1700
f 1317 1509 1704
f 1703 1705 1702
f 1707 1706 1727
f 1500 1698 2353
f 2353 1698 1727
f 1702 1701 1694
f 1695 1701 1700
f 1701 1695 1726
f 1701 1702 1700
f 1725 1702 1705
f 1688 1699 1719
f 1700 1279 1695
f 1694 1703 1702
f 1317 1704 1696
f 1506 1722 1509
f 1722 1704 1509
f 1722 1705 1704
f 1701 2402 1694
f 1727 2354 2353
f 1706 1713 1709
f 1626 1712 1718
f 1712 1626 1562
f 1713 1716 1709
f 2402 1726 2403
f 1727 2403 2354
f 1710 1708 1716
f 1706 1730 1713
f 1716 1708 1709
f 1708 1710 1697
f 1319 1728 1732
f 1712 1716 1715
f 1730 1706 1707
f 1711 1715 1713
f 2349 1714 1630
f 1728 2350 1714
f 1733 1731 1707
f 1731 1729 1730
f 1711 1717 1715
f 1717 1718 1715
f 1731 1504 1558
f 1713 1715 1716
f 1728 1717 1711
f 1718 1717 1714
f 2349 1718 1714
f 1720 1719 1693
f 1688 1719 1725
f 1693 1691 1720
f 1279 1700 1721
f 1725 1721 1700
f 1279 1721 1720
f 1723 1722 1506
f 1723 1738 1739
f 1738 1723 1358
f 1705 1722 1724
f 1724 1722 1723
f 1724 1723 1739
f 1724 1725 1705
f 1318 1725 1724
f 1725 1318 1688
f 1726 2402 1701
f 1685 2354 1695
f 1706 2403 1727
f 1733 1707 1698
f 1635 1630 1648
f 1714 1717 1728
f 1711 1729 1728
f 1729 1732 1728
f 1730 1729 1711
f 1732 1729 1558
f 1713 1730 1711
f 1730 1707 1731
f 1504 1731 1733
f 1558 1729 1731
f 1558 1597 1732
f 1728 1319 2350
f 1319 1732 1555
f 1727 1698 1707
f 1355 1733 1698
f 1425 1380 1734
f 1380 1735 1734
f 1415 1734 1482
f 1735 1482 1734
f 1613 1435 1528
f 1530 1435 1529
f 1736 1564 1563
f 1514 1562 1736
f 1564 1736 1562
f 1634 1737 1632
f 1424 1737 1636
f 1672 2355 1516
f 1724 1739 1318
f 1794 1282 1192
f 1758 1794 1192
f 1364 1856 1855
f 1216 1852 1759
f 1193 1856 1364
f 1855 1194 1364
f 1973 1199 1198
f 1770 1769 1792
f 1852 1216 1215
f 1282 1794 1795
f 1756 1820 1757
f 1750 1982 1751
f 1809 1854 1785
f 2301 1793 1779
f 1201 1923 1503
f 1770 1792 1785
f 1883 1922 1920
f 1788 1773 1772
f 1503 1923 1996
f 1791 1793 1771
f 1848 1806 2296
f 1758 1757 1794
f 1928 1208 1207
f 1933 1204 2004
f 1776 1810 1780
f 1412 1208 1930
f 1209 1866 1210
f 1790 1778 1760
f 2087 1775 2081
f 1762 1761 1803
f 1777 1786 84
f 1793 1772 1771
f 1781 1764 1786
f 1382 1381 1865
f 1783 2294 1763
f 1832 1865 1899
f 85 1786 1764
f 1206 1205 1931
f 1761 1760 1778
f 1781 1774 1839
f 1193 1282 1795
f 1790 1759 1852
f 2359 2332 1894
f 1787 1777 83
f 1762 1803 1783
f 1786 1774 1781
f 2410 2192 2222
f 1787 1763 2294
f 83 1777 84
f 1786 85 84
f 1780 1792 1769
f 1213 1835 1333
f 1912 1914 1748
f 2004 1204 1441
f 1820 1794 1757
f 1912 1747 1937
f 1745 1888 1746
f 1741 1740 2358
f 1195 2035 1196
f 1934 1888 1745
f 1994 2356 15
f 1799 1861 2358
f 1827 1743 1742
f 1987 1915 2356
f 1788 2295 1773
f 1742 1741 1831
f 1861 24 23
f 1803 1761 1778
f 2358 1829 1831
f 14 13 1916
f 1799 1740 27
f 1826 1862 1955
f 1862 1826 23
f 27 26 24
f 1794 1820 1795
f 25 24 26
f 24 1799 27
f 19 1891 238
f 1790 1760 1759
f 1777 1787 2294
f 1780 1768 1802
f 21 2303 2018
f 22 21 1890
f 1799 2358 1740
f 1827 1742 1831
f 1802 1782 1840
f 2301 1808 2295
f 1772 1793 2297
f 1773 2298 2299
f 1838 1839 1774
f 1211 1958 1900
f 1 1784 2405
f 1 2300 1784
f 1778 1790 1789
f 1770 1785 1791
f 1781 1765 1764
f 1781 1839 1765
f 1786 1777 1774
f 1839 1766 1765
f 1842 1784 2404
f 1810 1792 1780
f 1763 1787 82
f 1769 1768 1780
f 1971 1756 1755
f 1904 1963 1835
f 1885 10 229
f 1802 1768 1767
f 1839 1782 1766
f 83 82 1787
f 1926 1886 1925
f 1854 1816 2357
f 1215 1329 2332
f 1783 1763 1762
f 1875 5 4
f 1801 1848 1851
f 1886 1926 2079
f 1867 1906 1964
f 1766 1782 1767
f 275 5 1867
f 1924 1927 2008
f 1841 1872 1840
f 1881 1916 1991
f 2294 1774 1777
f 1382 1902 1212
f 1782 1839 1838
f 1869 1803 1836
f 1782 1802 1767
f 1802 1840 1776
f 1778 1789 1803
f 1872 1811 1810
f 1842 1804 1784
f 1842 1806 1804
f 1845 3 2405
f 1806 1842 1843
f 1804 1805 1845
f 2296 1846 1848
f 1845 1805 1844
f 234 3 1845
f 1807 1215 2332
f 1808 2301 1779
f 2238 2239 1779
f 2295 1808 1850
f 1810 1811 1813
f 1809 1785 1792
f 1816 1813 1815
f 1872 1810 1776
f 1810 1813 1809
f 1814 1811 1873
f 2359 1864 1817
f 1812 1817 1864
f 1813 1811 1814
f 1897 1815 1812
f 1814 1873 1868
f 1812 1813 1814
f 1864 2250 1897
f 1898 1818 1815
f 1812 1815 1813
f 1815 1818 1816
f 1818 2357 1816
f 1809 1816 1854
f 1812 1814 1817
f 1813 1816 1809
f 2357 1818 2242
f 2357 1819 1854
f 1980 1194 1855
f 1879 1911 1754
f 1754 1753 1879
f 1197 1976 1877
f 1748 1914 1749
f 1882 2362 1991
f 1944 2020 2178
f 2419 1923 2413
f 1744 1827 1889
f 2016 1858 2015
f 1954 2064 2065
f 1955 1862 22
f 1828 1827 1831
f 1828 1831 1829
f 2065 1830 1954
f 1828 1829 1957
f 2103 1938 1935
f 1830 1889 1828
f 1830 1936 1889
f 1831 1741 2358
f 1214 1863 1894
f 1899 1381 1425
f 1865 1960 1902
f 1866 1958 1210
f 1844 1849 1875
f 1212 1902 1904
f 1898 1815 1897
f 1802 1776 1780
f 1872 1776 1840
f 1789 1853 1868
f 1872 1841 1873
f 1782 1838 1840
f 1869 1870 1803
f 1840 1838 1837
f 1838 1774 1871
f 1840 1837 1841
f 1869 1841 1837
f 1873 1836 1868
f 1843 1842 2298
f 1843 2298 2295
f 1847 1801 1849
f 4 1845 1844
f 1848 1801 1847
f 1805 1806 1847
f 1848 1847 1806
f 1874 1801 1851
f 1805 1847 1844
f 1848 1846 1851
f 1834 1905 1849
f 1844 1847 1849
f 1843 1850 2296
f 1850 1966 2296
f 2295 1850 1843
f 2241 1966 1850
f 1966 1967 1965
f 2241 1850 1808
f 1967 1966 2241
f 1907 1851 1846
f 1852 1807 1853
f 1852 1215 1807
f 1810 1809 1792
f 1814 1868 1817
f 1790 1853 1789
f 1817 1853 1807
f 1852 1853 1790
f 1791 1785 1819
f 1856 1968 1855
f 2095 1975 1857
f 1795 1856 1193
f 1971 1820 1756
f 1877 1974 1197
f 1401 1400 1979
f 2038 2037 1910
f 1917 12 11
f 1921 1883 1920
f 2002 1999 2000
f 1883 1921 1997
f 1885 1924 1859
f 1964 274 275
f 1929 2009 1928
f 2057 1824 2119
f 2340 1203 1922
f 1937 1747 1746
f 1892 1952 1891
f 1915 268 16
f 1950 1946 1947
f 24 1861 1799
f 1861 23 1826
f 1890 1955 22
f 1955 1890 2022
f 1895 1214 1333
f 1864 1863 2250
f 1807 2359 1817
f 1863 1864 2359
f 1898 1897 1963
f 1865 1381 1899
f 1865 1832 1960
f 1900 1425 1211
f 1901 1960 1832
f 1212 1904 1213
f 1900 1958 1833
f 1867 5 1875
f 1905 1906 1867
f 1904 1835 1213
f 1789 1868 1836
f 1853 1817 1868
f 1841 1836 1873
f 1870 1869 1837
f 1838 1871 1837
f 1870 1783 1803
f 1774 2294 1871
f 1837 1871 1870
f 1873 1811 1872
f 1869 1836 1841
f 1845 4 234
f 1875 4 1844
f 1849 1874 1834
f 2092 2030 2091
f 1875 1849 1905
f 2030 2087 2088
f 2203 2162 2199
f 1908 1973 2034
f 1978 1195 1401
f 1857 1909 2035
f 1981 2036 1878
f 1911 1879 1983
f 2361 1752 1751
f 1880 2361 1910
f 2369 1983 1984
f 1911 1971 1755
f 1750 1749 1914
f 1910 2361 1982
f 1982 1913 2038
f 15 14 1916
f 1991 1990 1881
f 1921 1920 1202
f 2413 1201 1200
f 1924 9 8
f 1925 8 7
f 2097 2363 1919
f 1882 1917 1919
f 1924 1885 9
f 2008 1859 1924
f 2045 1885 1859
f 1925 1927 1924
f 1929 1207 1206
f 2010 1930 2009
f 2057 2058 2011
f 2076 1866 2054
f 2012 2059 1932
f 1934 1745 1744
f 1744 1743 1827
f 1985 2014 2015
f 1858 1912 1985
f 1889 1827 1828
f 20 1952 1951
f 1941 19 18
f 2408 18 294
f 1892 1891 1943
f 1940 1951 2021
f 238 1952 20
f 1941 1891 19
f 268 1915 1989
f 2408 1942 1941
f 1956 2022 1954
f 1826 1956 1829
f 2359 1894 1863
f 1835 1895 1333
f 1963 2250 1835
f 1214 1895 1863
f 1863 1895 2250
f 2250 1895 1835
f 1904 1902 1962
f 1864 1897 1812
f 2250 1963 1897
f 1818 1898 1896
f 1818 1896 2242
f 1900 1899 1425
f 1211 1210 1958
f 1959 1900 1833
f 1901 1832 1959
f 1865 1902 1382
f 1903 1901 2026
f 1896 1898 2407
f 1960 1962 1902
f 1906 1905 1834
f 1875 1905 1867
f 274 2027 6
f 1870 1871 1783
f 1874 1849 1801
f 2247 1834 1874
f 2092 1874 1851
f 1965 1907 1846
f 1907 2087 2030
f 1969 1968 1795
f 1968 1970 2031
f 2034 1973 1974
f 2035 1978 1857
f 1978 1979 1981
f 1979 2036 1981
f 1753 2361 1880
f 1751 1982 2361
f 1982 2038 1910
f 2205 2203 2204
f 1971 1972 1970
f 1754 1911 1755
f 1748 1747 1912
f 1914 2044 1913
f 1985 1912 1937
f 2044 1914 1912
f 1913 1982 1750
f 2062 1988 2061
f 268 1989 17
f 13 1991 1916
f 1917 1882 1991
f 1991 13 12
f 1919 1917 11
f 10 1918 1919
f 12 1917 1991
f 1885 1918 10
f 2097 1918 2045
f 1995 2166 1990
f 2097 1919 1918
f 1882 1919 2363
f 1922 1203 1920
f 1202 1503 1996
f 1931 1205 1933
f 2413 1923 1201
f 1200 1199 2006
f 2049 1923 2419
f 1925 1924 8
f 1926 1925 7
f 7 6 1926
f 1886 2007 1927
f 2008 1927 2052
f 1886 1927 1925
f 1929 1928 1207
f 1930 1928 2009
f 1931 1929 1206
f 1932 2009 1929
f 1412 2053 1414
f 2053 1930 2011
f 1932 1931 1887
f 1933 2055 1887
f 1887 2012 1932
f 1929 1931 1932
f 1204 1933 1205
f 1887 1931 1933
f 1889 1934 1744
f 1888 1934 1935
f 1889 1936 1934
f 2103 1935 1936
f 1934 1936 1935
f 1888 1937 1746
f 1938 2014 1935
f 1938 2015 2014
f 1938 2103 1939
f 2017 1986 2016
f 2024 2023 2066
f 1858 2016 1986
f 1951 2018 2303
f 1890 21 2018
f 2408 1941 18
f 17 2408 294
f 1989 2408 17
f 1893 1942 2408
f 1988 1893 1989
f 1947 1945 1942
f 1942 1893 1947
f 1943 1945 2406
f 1941 1943 1891
f 1950 1947 1893
f 1945 1943 1942
f 1941 1942 1943
f 1947 1946 1945
f 2020 1944 1946
f 2367 1798 2190
f 1944 1945 1946
f 1944 2178 2141
f 2172 2173 2175
f 1949 1950 2062
f 1950 1949 2063
f 20 1951 2303
f 2021 1951 1952
f 1952 238 1891
f 1953 2022 1890
f 1953 1890 2018
f 1954 2022 2064
f 1954 1957 1956
f 1955 2022 1956
f 1957 1954 1830
f 1955 1956 1826
f 1828 1957 1830
f 1829 1956 1957
f 1833 1958 2078
f 1959 1833 2084
f 1899 1900 1959
f 1959 1832 1899
f 1901 1903 1960
f 1962 1960 1903
f 2026 1961 1903
f 1963 1962 2407
f 2407 1962 1903
f 1904 1962 1963
f 1867 1964 275
f 2027 1964 1906
f 2249 1834 2247
f 1965 1846 1966
f 1965 1775 2087
f 2296 1966 1846
f 2244 2241 2239
f 1965 1967 1775
f 2302 2243 2244
f 1907 1965 2087
f 2087 2029 2088
f 2247 2092 2091
f 1969 1795 1820
f 1968 1969 1970
f 1971 1969 1820
f 2031 1970 1876
f 1979 1980 2036
f 1971 1911 1972
f 1969 1971 1970
f 1983 1972 1911
f 1876 1972 2369
f 1974 1973 1198
f 2006 1973 1908
f 1197 1974 1198
f 1975 1909 1857
f 2035 1909 1976
f 1976 1909 1877
f 2094 1909 1975
f 2161 2133 1977
f 2123 2411 1821
f 1978 2035 1195
f 1977 1857 1981
f 1978 1401 1979
f 1857 1978 1981
f 1980 1979 1400
f 1194 1980 1400
f 1980 1855 2032
f 1977 1981 1878
f 2360 1880 1910
f 1910 2037 2042
f 2360 2042 1984
f 1972 1983 2369
f 2360 1984 1983
f 1985 1937 2014
f 2015 1858 1985
f 1912 1858 2044
f 2416 1986 2017
f 1858 1986 2044
f 1913 1750 1914
f 1988 1989 1915
f 1989 1893 2408
f 2061 1988 1915
f 1893 1988 2062
f 2362 1995 1990
f 1993 1990 2166
f 1990 1991 2362
f 2138 2139 2136
f 1993 1881 1990
f 2251 1993 1992
f 1881 1993 2253
f 2135 1992 2111
f 1916 1994 15
f 2046 2097 2045
f 1882 2363 2362
f 1202 1996 2048
f 2048 1921 1202
f 1999 1997 2001
f 2206 2208 1823
f 1921 2048 1997
f 2000 1999 1998
f 2049 1996 1923
f 1999 2001 2420
f 1999 2002 1997
f 2001 2049 2211
f 2001 2048 2049
f 2050 2002 2279
f 2000 2269 2005
f 2005 2002 2000
f 2279 2002 2005
f 2050 1922 1883
f 2275 2270 2412
f 1884 2056 2003
f 2050 2003 1922
f 1441 2340 2004
f 2267 2005 2269
f 2005 2278 2279
f 2266 2413 2006
f 1200 2006 2413
f 1973 2006 1199
f 1886 2079 2007
f 1927 2007 2052
f 2008 2051 2046
f 1932 2059 2009
f 2011 2054 2053
f 1930 2010 2011
f 2057 2011 2010
f 2054 2011 2058
f 2053 2054 1209
f 1800 2075 2076
f 1209 1414 2053
f 1866 1209 2054
f 2055 1933 2004
f 2055 2056 2259
f 1860 2259 2258
f 2013 2059 2060
f 2059 2012 2060
f 1888 2014 1937
f 1935 2014 1888
f 2016 2015 2069
f 2067 1939 2066
f 2037 2039 2041
f 1953 2018 1940
f 1951 1940 2018
f 2368 1940 2021
f 2061 1987 2252
f 2101 2062 2061
f 1946 1950 2063
f 1892 2409 1952
f 2064 2022 1953
f 1830 2065 1936
f 1958 1866 2025
f 2025 2075 2078
f 2078 1958 2025
f 2104 1833 2078
f 1896 1961 2240
f 1964 2027 274
f 2249 1906 1834
f 2090 2091 2030
f 2145 2007 2263
f 2027 1926 6
f 1926 2027 2079
f 1901 2083 2026
f 2087 2081 2029
f 1907 2092 1851
f 2032 2031 2201
f 1968 2032 1855
f 2032 2201 2036
f 2033 2034 1877
f 2094 2411 2033
f 2034 1974 1877
f 2108 2411 2123
f 1976 1196 2035
f 2133 2095 1977
f 2032 2036 1980
f 2201 1878 2036
f 2039 2037 2038
f 2043 2042 2037
f 1984 2042 2205
f 2044 1986 1913
f 2040 2039 2416
f 2041 2040 2096
f 2016 2069 2017
f 2017 2074 2073
f 2096 2151 2109
f 2042 2043 2205
f 2040 2041 2039
f 2043 2037 2041
f 2042 2360 1910
f 2038 1913 1986
f 1885 2045 1918
f 2046 2045 1859
f 2008 2046 1859
f 2047 2046 2163
f 2049 2048 1996
f 1997 2048 2001
f 1997 2002 1883
f 2003 2340 1922
f 2004 2340 2003
f 2266 1908 2414
f 2266 2006 1908
f 2008 2052 2051
f 1930 2053 1412
f 2076 2054 2058
f 2057 2013 1824
f 2055 2259 1860
f 1887 1860 2012
f 2056 2055 2004
f 2003 2056 2004
f 2100 2013 2060
f 2058 2057 2118
f 2057 2010 2013
f 2013 2010 2059
f 2058 2118 2077
f 1824 2182 2146
f 2009 2059 2010
f 2012 2099 2060
f 2100 2099 2112
f 2099 2257 2112
f 1987 2061 1915
f 1893 2062 1950
f 1949 2101 2415
f 2064 2023 2065
f 2023 2024 2065
f 2103 2065 2024
f 2065 2103 1936
f 2023 2191 2190
f 2024 2066 1939
f 2367 2192 2193
f 2068 2017 2069
f 2067 2068 1939
f 2067 2066 1798
f 2068 2067 2070
f 2068 2070 2074
f 1939 2068 2069
f 2074 2070 2072
f 2074 2017 2068
f 2071 2073 2074
f 2071 2074 2072
f 2096 2040 2073
f 2017 2073 2416
f 2076 2075 2025
f 1866 2076 2025
f 2077 2076 2058
f 2077 1800 2076
f 2118 2119 2216
f 1800 2077 2105
f 2080 2027 1906
f 2007 2079 2263
f 2263 2079 2080
f 2027 2080 2079
f 1775 2244 2245
f 2081 2028 2082
f 2084 2104 2028
f 2104 2085 2082
f 2084 2083 1901
f 2246 2083 2028
f 1959 2084 1901
f 1833 2104 2084
f 2075 2085 2078
f 2084 2028 2083
f 2082 2028 2104
f 2075 1800 2085
f 2085 2086 2082
f 2086 2085 1800
f 2086 1800 2105
f 2029 2082 2086
f 2088 2029 2086
f 2030 2088 2090
f 2089 2088 2086
f 2180 2143 2089
f 2088 2089 2090
f 2089 2143 2090
f 2142 2091 2090
f 2092 1907 2030
f 2130 2194 2131
f 2034 2033 2149
f 1909 2094 1877
f 2411 2094 1975
f 2095 1821 1975
f 2094 2033 1877
f 1977 2095 1857
f 2109 2162 2043
f 2151 1796 2109
f 2136 2363 2047
f 2046 2047 2097
f 2138 2136 2110
f 2055 1860 1887
f 1860 2099 2012
f 1824 2013 2100
f 2099 2100 2060
f 2100 2112 2182
f 1822 2113 2415
f 2101 1822 2415
f 2114 1948 2113
f 2101 1949 2062
f 2061 2252 2101
f 2251 2102 1822
f 1993 2111 1992
f 1992 2102 2251
f 2063 2020 1946
f 2063 2116 2365
f 1939 2103 2024
f 2085 2104 2078
f 2144 2180 2181
f 2182 1824 2100
f 2132 2093 2414
f 2129 2108 2107
f 2108 2132 2033
f 2214 2213 2128
f 2051 2187 2163
f 2262 2276 2261
f 1993 2166 2111
f 2165 2139 2138
f 2237 2232 2236
f 2102 2164 2237
f 2102 2113 1822
f 2019 2365 2177
f 2235 2236 2232
f 2116 2115 2167
f 2102 2237 2113
f 2125 2194 2129
f 2116 2167 2177
f 2115 2116 1948
f 2063 1948 2116
f 2236 2115 2114
f 2170 2177 2167
f 2156 2153 2155
f 2167 2168 2140
f 2170 2172 2177
f 2117 2179 2019
f 2105 2089 2086
f 2216 2089 2105
f 2105 2077 2118
f 2105 2118 2216
f 2057 2119 2118
f 2080 1906 2249
f 2181 2180 2217
f 2149 1908 2034
f 2122 2196 2266
f 2107 2108 2123
f 2126 2134 2124
f 2107 2126 2127
f 2174 2214 2173
f 2107 2123 2126
f 2213 2150 2125
f 2194 2125 2131
f 2127 2126 2124
f 2107 2127 2125
f 2123 1821 2126
f 2127 2124 2128
f 2124 1796 2152
f 2152 2151 2155
f 2129 2107 2125
f 2131 2125 2150
f 2188 2130 2131
f 2108 2129 2132
f 2093 2132 2129
f 2201 2031 2202
f 2197 2198 2134
f 1821 2095 2417
f 2417 2134 2126
f 2124 2134 1796
f 2096 2109 2041
f 2109 2043 2041
f 2162 2109 2198
f 2163 2110 2047
f 2052 2186 2185
f 2220 2221 2187
f 2363 2136 1995
f 2110 2136 2047
f 2260 2277 2137
f 2111 2139 2165
f 2189 2172 2170
f 1944 2141 1825
f 1824 2146 2119
f 2181 2106 2144
f 2142 2090 2143
f 2248 2142 2120
f 2142 2143 2144
f 2142 2144 2120
f 2184 2106 2148
f 2217 2146 2147
f 2147 2146 2182
f 2183 2121 2182
f 2148 2147 2121
f 2148 2181 2147
f 2146 2217 2119
f 2148 2121 2219
f 2106 2184 2145
f 2149 2132 2414
f 2214 2176 2173
f 2188 2189 2171
f 2073 2071 2364
f 2151 2152 1796
f 2364 2151 2096
f 2152 2155 2153
f 2124 2152 2128
f 2364 2154 2155
f 2214 2153 2176
f 2152 2153 2128
f 2154 2071 2072
f 2156 2155 2154
f 2156 2154 2418
f 2153 2156 2176
f 2158 2072 2070
f 2366 2418 2160
f 2157 2117 2175
f 2158 2159 2160
f 1798 2367 2159
f 1798 2066 2190
f 2367 2193 2159
f 1798 2159 2158
f 2093 2195 2122
f 1878 2161 1977
f 2162 2198 2199
f 2197 2199 2198
f 2162 2203 2205
f 2221 2163 2187
f 2221 2098 2110
f 2260 2098 2225
f 2166 2139 2111
f 2209 2229 2370
f 2136 2139 1995
f 2139 2166 1995
f 2170 2167 2140
f 2168 2167 2115
f 2206 1823 2195
f 2171 2169 2207
f 2171 2170 2140
f 2189 2173 2172
f 2175 2173 2176
f 2174 2173 2189
f 2174 2150 2213
f 2174 2213 2214
f 2157 2175 2156
f 2177 2117 2019
f 2175 2117 2172
f 2117 2177 2172
f 2365 2178 2020
f 2178 2179 2141
f 2144 2143 2180
f 2216 2180 2089
f 2217 2216 2119
f 2181 2217 2147
f 2106 2181 2148
f 2183 2182 2112
f 2112 2257 2281
f 2182 2121 2147
f 2218 2121 2183
f 2225 2221 2220
f 2187 2051 2185
f 2148 2219 2184
f 2145 2184 2186
f 2185 2184 2219
f 2145 2186 2007
f 2187 2185 2219
f 2052 2185 2051
f 2185 2186 2184
f 2187 2219 2220
f 2186 2052 2007
f 2213 2125 2127
f 2188 2150 2174
f 2188 2171 2130
f 2171 2189 2170
f 2174 2189 2188
f 2064 2191 2023
f 2023 2190 2066
f 2064 1953 2191
f 2222 2367 2190
f 2410 2222 2368
f 2141 2193 1825
f 1825 2193 2192
f 2193 2160 2159
f 2193 2141 2215
f 2193 2215 2160
f 2129 2194 2093
f 2093 2194 2195
f 2122 2195 1823
f 2122 1823 2196
f 2224 2208 2212
f 2206 2130 2207
f 2194 2130 2195
f 2109 1796 2198
f 2134 2198 1796
f 2161 2200 2199
f 2200 2203 2199
f 1878 2200 2161
f 1878 2201 2200
f 1876 2202 2031
f 2201 2202 2200
f 2204 2203 2200
f 2162 2205 2043
f 2369 1984 2204
f 2200 2202 2204
f 2205 2204 1984
f 2168 2236 1797
f 2171 2140 2169
f 2169 2140 2168
f 2168 1797 2169
f 2210 2207 2169
f 2130 2171 2207
f 2210 1797 2223
f 2208 2206 2209
f 2212 2208 2370
f 2000 2226 2269
f 2209 2207 2210
f 2210 2169 1797
f 2229 2209 2210
f 1998 1999 2420
f 1823 2208 2224
f 2212 1998 2420
f 2127 2128 2213
f 2153 2214 2128
f 2215 2157 2366
f 2179 2215 2141
f 2178 2019 2179
f 2216 2217 2180
f 2219 2121 2220
f 2218 2220 2121
f 2220 2218 2225
f 2218 2280 2225
f 2098 2221 2225
f 2163 2221 2110
f 2150 2188 2131
f 1953 1940 2191
f 2368 2191 1940
f 2409 2368 2021
f 2191 2368 2222
f 2191 2222 2190
f 2130 2206 2195
f 2209 2206 2207
f 2212 2370 2227
f 2276 2268 2270
f 2230 2226 2227
f 1797 2235 2223
f 2229 2210 2223
f 2227 1998 2212
f 2224 2196 1823
f 2196 2224 2211
f 2183 2112 2281
f 2260 2225 2280
f 1998 2226 2000
f 2226 2230 2269
f 2230 2227 2370
f 1998 2227 2226
f 2223 2235 2228
f 2231 2233 2228
f 2164 2232 2237
f 2230 2229 2228
f 2230 2370 2229
f 2232 2234 2231
f 2234 2164 2135
f 2135 2265 2412
f 2231 2235 2232
f 2231 2234 2272
f 2223 2228 2229
f 2231 2228 2235
f 2230 2228 2371
f 2164 2234 2232
f 2236 2235 1797
f 2115 2236 2168
f 2113 2237 2114
f 2114 2237 2236
f 2302 2238 2242
f 1779 2239 1808
f 2238 2357 2242
f 2302 2239 2238
f 2244 1967 2241
f 2240 1961 2243
f 2302 2242 2240
f 2239 2241 1808
f 2240 2242 1896
f 1961 2246 2243
f 2245 2028 2081
f 2245 2244 2243
f 1967 2244 1775
f 2239 2302 2244
f 1961 2026 2246
f 2026 2083 2246
f 2245 2081 1775
f 2246 2245 2243
f 2245 2246 2028
f 1791 1779 1793
f 1854 1819 1785
f 2248 2091 2142
f 2264 2080 2249
f 2120 2145 2263
f 2091 2248 2247
f 2248 2264 2247
f 2263 2264 2120
f 2092 2247 1874
f 1972 1876 1970
f 2202 2369 2204
f 2252 1822 2101
f 2253 2251 2252
f 2251 1822 2252
f 1993 2251 2253
f 2253 2252 1987
f 1994 2253 1987
f 2255 2258 2254
f 1884 2259 2056
f 2259 2254 2258
f 2254 2259 1884
f 2279 1884 2050
f 2254 2278 2255
f 2256 2258 2255
f 2258 2257 1860
f 2257 2256 2281
f 2255 2261 2256
f 2258 2256 2257
f 2099 1860 2257
f 2046 2051 2163
f 2261 2260 2280
f 2277 2261 2276
f 2262 2261 2255
f 2264 2263 2080
f 2264 2249 2247
f 2120 2264 2248
f 2154 2364 2071
f 2151 2364 2155
f 1798 2158 2067
f 2070 2067 2158
f 2111 2265 2135
f 2165 2265 2111
f 2419 2266 2196
f 2267 2371 2271
f 2371 2267 2269
f 2371 2269 2230
f 2272 2271 2233
f 2274 2165 2138
f 2267 2271 2268
f 2231 2272 2233
f 2271 2270 2268
f 2412 2272 2234
f 2270 2271 2272
f 2273 2275 2274
f 2137 2274 2138
f 2273 2270 2275
f 2260 2137 2098
f 2273 2274 2137
f 2165 2274 2275
f 2276 2270 2273
f 2165 2275 2265
f 2276 2273 2277
f 2276 2262 2268
f 2137 2277 2273
f 2261 2277 2260
f 2005 2267 2278
f 2135 2412 2234
f 2275 2412 2265
f 2255 2278 2262
f 2279 2278 2254
f 1884 2279 2254
f 2218 2183 2281
f 2256 2280 2281
f 2261 2280 2256
f 2281 2280 2218
f 2282 188 96
f 317 363 316
f 390 363 317
f 699 643 673
f 1096 2287 998
f 811 2284 659
f 2286 964 1043
f 2283 1071 806
f 998 1076 1079
f 2287 1076 998
f 1093 2285 810
f 2287 1096 814
f 1249 2289 1230
f 1235 1232 2290
f 1269 2288 1263
f 595 1284 2291
f 1377 2291 1284
f 1248 1245 1286
f 2292 1229 2289
f 1231 1287 1249
f 2290 2293 1235
f 2293 1288 1235
f 1292 1290 1257
f 1636 1521 1457
f 1636 1457 1424
f 1871 2294 1783
f 2297 2295 1788
f 2297 1793 2301
f 2295 2298 1773
f 1788 1772 2297
f 2300 2299 2404
f 1819 2238 1779
f 1791 1819 1779
f 2296 1806 1843
f 2301 2295 2297
f 1992 2135 2164
f 1992 2164 2102
f 2243 2302 2240
f 105 142 28
f 129 39 120
f 2303 191 193
f 119 128 582
f 223 224 61
f 104 2305 154
f 146 304 148
f 2307 578 107
f 215 2308 214
f 137 169 49
f 172 146 149
f 140 750 199
f 2304 212 126
f 590 593 224
f 273 63 334
f 192 162 193
f 236 162 290
f 217 240 194
f 147 250 200
f 253 170 307
f 223 61 852
f 392 2312 395
f 2313 293 167
f 195 296 297
f 2314 390 391
f 319 2311 186
f 590 224 223
f 2315 2380 380
f 385 384 381
f 389 390 2314
f 132 396 397
f 325 353 417
f 406 458 460
f 420 421 2382
f 325 417 416
f 420 411 431
f 417 412 416
f 424 420 431
f 2316 418 548
f 424 2316 421
f 2317 432 427
f 430 2316 548
f 427 432 426
f 401 399 456
f 459 2307 460
f 2317 423 432
f 489 463 313
f 2319 365 157
f 472 2319 495
f 495 2319 157
f 2318 499 542
f 2320 574 520
f 349 563 527
f 550 2321 551
f 578 2307 579
f 2306 582 183
f 119 2306 155
f 225 591 592
f 754 720 753
f 635 2322 685
f 101 697 48
f 754 753 721
f 665 2322 680
f 2322 743 685
f 783 768 765
f 770 779 772
f 788 2323 919
f 678 791 789
f 792 2324 786
f 2310 921 922
f 817 613 1427
f 761 756 822
f 761 822 766
f 914 966 1114
f 2323 1099 1132
f 2325 906 60
f 788 919 917
f 798 934 972
f 941 1051 940
f 1056 936 1007
f 1120 1056 732
f 1036 1064 1063
f 1080 1081 2326
f 2326 1102 1082
f 2328 2326 1101
f 1163 1160 1165
f 2329 1162 883
f 1247 1225 1254
f 1267 2331 1265
f 1240 1269 1220
f 1183 1360 1403
f 2332 1329 1894
f 1236 1289 1268
f 1310 2330 1263
f 2334 1336 1337
f 1329 2392 1337
f 1311 2334 1338
f 1285 1338 2392
f 2335 1444 840
f 1573 2336 1359
f 2336 1195 1359
f 1404 2338 1525
f 1400 1410 1363
f 1461 2339 1462
f 1543 1474 1416
f 1567 1419 1372
f 2340 1439 1203
f 2342 599 600
f 1541 1525 2337
f 2338 2337 1525
f 1481 1422 1483
f 2343 1686 1316
f 1502 1316 1621
f 1461 2336 1573
f 1483 1567 1485
f 1552 1571 1553
f 1601 1540 1537
f 1581 1582 1638
f 2346 1603 1584
f 1601 1581 1638
f 1601 1638 2345
f 2346 1606 1603
f 1502 1621 1501
f 1662 2347 1621
f 1628 2348 1625
f 2348 1631 1625
f 2349 1629 1628
f 2350 1648 1630
f 1542 1646 1473
f 1651 1590 2397
f 1738 1517 2355
f 2421 1673 1662
f 1316 1684 1662
f 1660 1681 1680
f 1686 2351 1684
f 2351 2352 1623
f 2352 1692 1691
f 2352 1691 1667
f 1684 2351 2421
f 2343 2353 1685
f 2354 1726 1695
f 1683 1738 2355
f 1738 1683 1739
f 2356 16 15
f 2356 1915 16
f 1784 1804 2405
f 1770 1791 1771
f 1804 1806 1805
f 1819 2357 2238
f 1829 2358 1861
f 2332 2359 1807
f 1880 2360 1879
f 1829 1861 1826
f 2361 1753 1752
f 1880 1879 1753
f 1968 1856 1795
f 2360 1983 1879
f 1994 1916 1881
f 2406 1945 1825
f 1994 1987 2356
f 2362 2363 1995
f 1994 1881 2253
f 2340 1441 1439
f 2407 1961 1896
f 2029 2081 2082
f 2411 2108 2033
f 2149 2033 2132
f 2363 2097 2047
f 2063 2365 2020
f 2178 2365 2019
f 2365 2116 2177
f 2115 1948 2114
f 2120 2144 2106
f 1821 2417 2126
f 2417 2133 2197
f 2120 2106 2145
f 2073 2364 2096
f 2158 2160 2418
f 2157 2215 2179
f 2367 2222 2192
f 2368 2409 2410
f 2211 2419 2196
f 2417 2197 2134
f 2369 2202 1876
f 2370 2208 2209
f 2215 2366 2160
f 2117 2157 2179
f 2233 2371 2228
f 2050 1884 2003
f 2262 2278 2268
f 2372 150 105
f 2 188 2282
f 2304 130 115
f 130 2304 129
f 129 2304 125
f 20 2303 193
f 24 25 135
f 103 76 143
f 2373 433 298
f 196 197 215
f 168 2375 216
f 195 241 299
f 258 2375 217
f 331 330 377
f 2377 401 285
f 98 2374 314
f 2376 2378 479
f 2379 348 402
f 272 379 158
f 2380 131 381
f 2376 343 283
f 419 2382 324
f 2381 451 456
f 479 2378 478
f 591 478 2378
f 406 489 458
f 2383 540 567
f 524 561 459
f 337 2378 2376
f 2378 337 592
f 2384 697 101
f 1136 1138 1139
f 635 680 2322
f 2386 1427 1489
f 2385 762 686
f 2387 695 830
f 2387 784 1005
f 788 2388 1099
f 932 2389 1006
f 906 333 60
f 855 69 68
f 941 870 831
f 995 2287 996
f 695 2387 1005
f 1030 1036 1034
f 787 2388 788
f 1038 942 1060
f 1038 1060 1039
f 1073 1075 1078
f 1073 1078 1077
f 1073 1077 1067
f 1102 2388 1049
f 1098 1136 1139
f 1121 1125 1124
f 849 1130 63
f 1098 1156 1134
f 2390 1106 1105
f 1126 1153 1155
f 614 1346 1486
f 1215 1285 2392
f 1337 2391 1335
f 1337 2392 2334
f 1264 1379 1305
f 1474 2393 1542
f 2335 841 1446
f 1462 1411 1409
f 2343 1502 1500
f 1402 2395 1360
f 1530 2394 1435
f 2395 1402 1526
f 1570 1568 1485
f 2395 1403 1360
f 1386 1616 1590
f 2400 1659 1606
f 1611 2345 1644
f 1386 1590 1650
f 1635 2396 1649
f 1646 1542 2396
f 2396 1542 2393
f 1651 2397 1643
f 1688 2398 1670
f 2399 1592 1657
f 1665 1660 2400
f 1671 1659 2399
f 2400 2399 1659
f 2401 1683 1672
f 2401 1670 2398
f 1670 2401 1593
f 1674 1673 2421
f 2398 1318 1739
f 1674 2421 1642
f 1623 1689 1642
f 1623 2352 1690
f 2402 1709 1694
f 1709 2402 1706
f 2403 1706 2402
f 1425 1734 1211
f 1930 1208 1928
f 1842 2404 2298
f 1789 1836 1803
f 189 2405 3
f 1845 2405 1804
f 2406 2410 1892
f 10 1919 11
f 1938 1939 2069
f 1938 2069 2015
f 1892 1943 2406
f 2410 2409 1892
f 2415 2063 1949
f 1903 1961 2407
f 1963 2407 1898
f 2411 1975 1821
f 2413 2266 2419
f 2409 2021 1952
f 2031 2032 1968
f 2039 1986 2416
f 2002 2050 1883
f 2414 1908 2149
f 1948 2415 2113
f 2415 1948 2063
f 2040 2416 2073
f 2138 2110 2098
f 2133 2417 2095
f 2161 2199 2197
f 2137 2138 2098
f 2122 2266 2414
f 2414 2093 2122
f 2418 2154 2072
f 2156 2418 2366
f 2156 2366 2157
f 2156 2175 2176
f 2410 2406 2192
f 1825 2192 2406
f 2049 2419 2211
f 2161 2197 2133
f 2420 2211 2224
f 2420 2001 2211
f 2212 2420 2224
f 2371 2233 2271
f 2272 2412 2270
f 2267 2268 2278
f 1292 1257 1287
f 2300 2404 1784
f 2298 2404 2299
f 2380 381 380
f 385 381 477
f 366 2382 421
f 2382 366 324
f 1052 1126 1155
f 1623 2421 2351
f 1 2405 2
f 1825 1945 1944
f 2038 1986 2039
f 2158 2418 2072