# https://github.com/mikedh/trimesh
v -0.16469793 0.08761086 0.02980091
v -0.16289259 0.07481125 0.04191839
v -0.16118285 0.04948266 0.04283222
v -0.14962134 0.01630305 0.04559504
v -0.14566036 -0.00936772 0.04641614
v -0.15289852 -0.07561427 0.05325126
v -0.15887274 -0.09777336 0.04879011
v -0.16426501 -0.11916438 0.04966260
v -0.17189300 -0.13528526 0.04561482
v -0.18248503 -0.16426165 0.03731907
v -0.18927750 -0.18800011 0.03535264
v -0.19425300 -0.20889895 0.03343105
v -0.19400732 -0.23030876 0.03052982
v -0.20723346 -0.24413638 0.03119809
v -0.20914507 -0.26262215 0.02846732
v -0.20195729 -0.28288606 0.03038444
v -0.21583223 -0.32096800 0.03041702
v -0.20847565 -0.35812241 0.03260364
v -0.20964479 -0.37683880 0.03010872
v -0.21980122 -0.42228609 0.03927653
v -0.22987303 -0.45237124 0.03119431
v -0.22915594 -0.47236475 0.03422324
v -0.23196155 -0.51058906 0.03908101
v -0.22764471 -0.52875662 0.04241116
v -0.22061983 -0.54371011 0.04674664
v -0.21965581 -0.54610592 0.04569012
v -0.21897270 -0.54855859 0.04452518
v -0.21839619 -0.55331802 0.06431404
v -0.21790229 -0.55362320 0.08398014
v -0.21717143 -0.55341864 0.10264083
v -0.21597426 -0.55284977 0.12135549
v -0.21393628 -0.55216163 0.13980080
v -0.21086381 -0.55113608 0.15816161
v -0.20449093 -0.55008823 0.17535900
v -0.19519413 -0.54939044 0.19102344
v -0.18318158 -0.54842234 0.20471925
v -0.16951981 -0.54736739 0.21737248
v -0.15415446 -0.54662538 0.22812949
v -0.13664752 -0.54689825 0.23424801
v -0.11862179 -0.54654074 0.23920798
v -0.10085881 -0.54571491 0.24332502
v -0.08306272 -0.54503095 0.24703422
v -0.06525591 -0.54424655 0.25064754
v -0.04744837 -0.54362541 0.25378722
v -0.02957388 -0.54300916 0.25644803
v -0.01178974 -0.54293704 0.25804758
v 0.00657753 -0.54339832 0.25843439
v 0.00582629 -0.51638597 0.22644737
v -0.00128070 -0.48661038 0.19512573
v 0.00501530 -0.47343609 0.18407619
v 0.00299962 -0.45425224 0.17168897
v -0.00007495 -0.43629381 0.16144146
v 0.00219834 -0.37836316 0.13932134
v 0.01256205 -0.34722978 0.14367044
v 0.00909661 -0.33386278 0.16219231
v 0.00635200 -0.29379797 0.14887050
v 0.00396789 -0.27886957 0.16376227
v 0.00220910 -0.23847717 0.17073800
v 0.00392303 -0.21849094 0.17838994
v 0.00502595 -0.19658484 0.17711543
v 0.00156914 -0.14990167 0.17560349
v 0.00495673 -0.07242593 0.16919672
v 0.00655821 -0.05536546 0.16689493
v 0.00691850 -0.03146639 0.16366099
v 0.00373201 -0.00801808 0.15777749
v 0.01705167 0.00449232 0.15728253
v 0.01367499 0.02585266 0.15830049
v 0.01004692 0.04773676 0.16013975
v 0.01863426 0.05999417 0.16196844
v 0.00957707 0.08841712 0.15564077
v 0.00688630 0.10877481 0.15224476
v 0.00393941 0.13207532 0.14727762
v 0.00731542 0.13071243 0.12876011
v 0.01294399 0.16708000 0.10060398
v -0.00270655 0.17111270 0.08924703
v -0.01897360 0.18335104 0.08251619
v -0.03310255 0.19792441 0.07162380
v -0.04370956 0.21749374 0.05702745
v -0.05114782 0.23869017 0.03618190
v -0.05862751 0.25938556 0.01511013
v -0.06539697 0.27371737 -0.01213924
v -0.06642626 0.27319658 -0.04486782
v -0.07887157 0.27078745 -0.03099813
v -0.09916246 0.26479691 -0.03261305
v -0.11792040 0.26098377 -0.02964497
v -0.12691867 0.25474849 -0.01216947
v -0.12898433 0.24783045 0.00481196
v -0.12456512 0.23786570 0.02076585
v -0.11794001 0.22416663 0.03414002
v -0.11445868 0.21115381 0.04618118
v -0.11489876 0.19417146 0.05902665
v -0.11952095 0.17480402 0.06946616
v -0.12940720 0.15658922 0.07860576
v -0.13943827 0.13736692 0.08049433
v -0.14952295 0.11819764 0.07404779
v -0.15857512 0.10087836 0.05765614
v -0.22054362 -0.51293719 0.08733094
v -0.09223469 -0.45078781 0.18764439
v -0.04941479 -0.50324506 0.20700702
v -0.02299754 -0.52190185 0.23304401
v 0.00804615 -0.53132784 0.24328275
v -0.03317820 0.14892985 0.10727461
v -0.02343799 0.16853441 0.09191276
v -0.08845767 0.26422086 -0.01357436
v -0.21934624 -0.53911036 0.08158182
v -0.21852033 -0.51514596 0.12488630
v -0.18440261 -0.45513114 0.18253921
v -0.10677418 0.26058736 -0.01664766
v -0.05461945 -0.53102833 0.23669922
v -0.02040372 -0.53432608 0.24793419
v -0.07350588 0.26276812 -0.00155788
v -0.04982215 0.20325156 0.06519286
v -0.21497202 -0.53513521 0.13042451
v -0.07036255 0.24508938 0.02170039
v -0.14565018 -0.50134176 0.21298367
v -0.03651164 -0.53418159 0.24400732
v -0.21311855 -0.53502613 0.14947093
v -0.10747988 0.24349320 0.01302935
v -0.08975969 -0.52980161 0.22754657
v -0.12585320 -0.53405327 0.22491683
v -0.07303384 -0.53760660 0.24037971
v -0.19928578 -0.53469622 0.18297692
v -0.10980895 0.23345299 0.02512951
v -0.09255441 0.23806123 0.02343293
v -0.16856688 -0.53278744 0.21587560
v -0.18629694 -0.52553248 0.20045093
v -0.10102110 0.22161010 0.03839896
v -0.07145721 -0.52379292 0.22403063
v -0.14923087 -0.52897662 0.21891007
v -0.13731623 -0.51647013 0.21881661
v -0.10907654 -0.13067436 0.13275316
v -0.09490431 0.00125019 0.12605231
v -0.14765722 0.06680117 0.10159754
v -0.22259144 -0.48179653 0.06782345
v -0.22840393 -0.51772881 0.05919787
v -0.20919025 -0.38334328 0.12139813
v -0.01559420 -0.49520391 0.20469248
v -0.01400259 -0.51140678 0.22112729
v -0.00735070 -0.52697921 0.23880848
v -0.01369104 0.13121186 0.11730851
v -0.08771379 0.13168778 0.12163813
v -0.22288148 -0.53578424 0.06220920
v -0.03962525 0.18038873 0.08236625
v -0.03921318 0.16160212 0.09575731
v -0.05602836 0.18636522 0.07561266
v -0.08524846 0.16779602 0.08641466
v -0.05308629 0.14535850 0.10790555
v -0.05814523 0.16858725 0.08934042
v -0.07675757 0.18069158 0.07752869
v -0.21764135 -0.52304173 0.10269912
v -0.20650327 -0.52889431 0.16432941
v -0.05218075 -0.51565409 0.21900161
v -0.06840211 -0.50657743 0.20624161
v -0.08651750 0.25181702 0.00601128
v -0.11021404 -0.53215986 0.22542383
v -0.06271733 -0.24545878 0.16528524
v -0.16094604 -0.20694037 0.09890683
v -0.06149857 -0.13107443 0.16089615
v -0.04627106 0.02436179 0.15416591
v -0.15194981 0.09973623 0.07545321
v -0.15855300 0.06606600 0.06841406
v -0.21555161 -0.44075856 0.07004634
v -0.22384101 -0.47989857 0.05016536
v -0.22533549 -0.49897224 0.05337853
v -0.22241078 -0.50347006 0.06966862
v -0.22369954 -0.52129841 0.07384769
v -0.20696166 -0.38277569 0.08165714
v -0.02122458 -0.43079877 0.15858214
v -0.00373974 -0.50158775 0.21020022
v -0.04680301 0.12361185 0.14241253
v -0.01154763 0.13598981 0.14002928
v -0.10073306 0.18216224 0.07128041
v -0.09507926 0.14971712 0.09717929
v -0.21490058 -0.51640111 0.14675505
v -0.19917747 -0.51466078 0.18330997
v -0.20865528 -0.50389183 0.16412902
v -0.03051852 -0.50801086 0.21720143
v -0.03481136 -0.49819487 0.20449695
v -0.05347290 -0.47525465 0.18265183
v -0.06194840 -0.49169242 0.19413508
v -0.03868186 -0.52146214 0.22937468
v -0.09337883 -0.48442572 0.19221425
v -0.09913095 -0.50261343 0.20183203
v -0.08079185 -0.49451333 0.19550514
v -0.07547638 -0.47506219 0.18406864
v -0.20527430 -0.25213927 0.06774274
v -0.16043793 -0.12951052 0.07340087
v -0.15998770 0.08716100 0.05413822
v -0.16163361 0.06268571 0.05211760
v -0.15567897 0.04626726 0.06775472
v -0.22361417 -0.45955196 0.04740899
v -0.21898016 -0.45888028 0.06360272
v -0.22309545 -0.43974933 0.05448547
v -0.02040649 -0.38690680 0.14417998
v -0.02314427 -0.34980500 0.13924390
v -0.01973899 -0.46267942 0.17570847
v -0.01431454 -0.44887885 0.16750664
v -0.00280837 0.15607402 0.10228550
v -0.01584986 0.14461589 0.10127522
v -0.05016483 0.14091855 0.12957624
v -0.02498253 0.10065459 0.15597448
v -0.01233086 0.11760806 0.15089528
v -0.13461234 0.13034679 0.08817798
v -0.12032561 0.14620276 0.09109253
v -0.10983851 0.16316707 0.08146236
v -0.10697183 0.13766871 0.10685094
v -0.12437978 0.10835238 0.11389077
v -0.10881508 0.12099997 0.11738804
v -0.12400919 0.12619895 0.10121438
v -0.19840434 -0.49161071 0.18154836
v -0.18538399 -0.50295097 0.19592671
v -0.16953403 -0.50454271 0.20203911
v -0.02602326 -0.48223776 0.18981653
v -0.03866771 -0.46823823 0.17783634
v -0.03284989 -0.44950762 0.16706236
v -0.04006140 -0.42975882 0.16351995
v -0.02154495 -0.40643287 0.15015605
v -0.01737962 -0.27352253 0.16234785
v -0.00159248 -0.26065966 0.16948397
v -0.01975468 -0.25173721 0.17064433
v -0.03799357 -0.27099651 0.16016693
v -0.20112704 -0.29345784 0.05317291
v -0.01161159 -0.13156067 0.17370887
v -0.01885636 -0.15272588 0.17392196
v -0.15057153 -0.09403622 0.07113136
v -0.14493127 -0.05726012 0.06501831
v -0.16938168 -0.14221253 0.06251714
v -0.15471321 -0.11120678 0.06953353
v -0.17652358 -0.15515600 0.05130532
v -0.00763046 0.01640100 0.15574108
v -0.13977458 0.00237471 0.06294326
v -0.14036155 -0.01853943 0.06296749
v -0.15471545 0.07915193 0.07938891
v -0.15678050 0.03661174 0.05135939
v -0.15236880 0.05611287 0.08730041
v -0.21961065 -0.42413896 0.05824991
v -0.21999542 -0.50053126 0.10779148
v -0.21081200 -0.39395458 0.03566943
v -0.20859349 -0.37045690 0.04707087
v -0.00208601 -0.39446044 0.14368594
v -0.00109988 -0.35814756 0.13663802
v -0.00827949 -0.32000452 0.16477118
v -0.01233657 -0.30184168 0.15210228
v -0.03430166 -0.28903642 0.14494371
v -0.00515213 -0.41424000 0.15131609
v -0.03977056 0.13587165 0.11794071
v -0.02874608 0.13841325 0.13465901
v -0.06860281 0.12650594 0.13431914
v -0.08436844 0.14586197 0.11205177
v -0.06569882 0.14520529 0.12072629
v -0.02579367 0.12560278 0.14473698
v -0.00740348 0.09755939 0.15602435
v -0.03951958 0.11005162 0.14913514
v -0.21542296 -0.50087816 0.14494607
v -0.18288416 -0.47927737 0.19008170
v -0.05937802 -0.42532799 0.17023599
v -0.06103960 -0.40194160 0.16508955
v -0.04283461 -0.39407906 0.15417309
v -0.05873681 -0.37944946 0.15494949
v -0.07640315 -0.43528140 0.17927708
v -0.05674274 -0.44504347 0.17112872
v -0.01444182 -0.22748572 0.17739061
v -0.01157133 -0.20932795 0.17499071
v -0.01921455 -0.19212671 0.17500128
v -0.00752283 -0.28307134 0.15042520
v -0.02099503 -0.28144285 0.14740130
v -0.20911348 -0.25544256 0.04516319
v -0.20836395 -0.29935083 0.03382173
v -0.21293432 -0.31020644 0.04835040
v -0.00023122 -0.10967274 0.17160155
v -0.01031117 -0.08608842 0.16965179
v -0.04384866 -0.11314705 0.16588795
v -0.01579677 -0.06473263 0.16678843
v -0.15008067 -0.05335223 0.04788366
v -0.14537208 -0.03445633 0.05248676
v -0.14964297 -0.12130727 0.08783632
v -0.18759155 -0.19717728 0.05554356
v -0.00611541 0.03856587 0.15863408
v -0.00933223 0.05751242 0.16299269
v -0.02916525 0.03145887 0.15701205
v -0.03068033 0.01042513 0.15340054
v -0.13060723 -0.01105727 0.07928699
v -0.13577405 -0.03583870 0.07383512
v -0.14845397 0.02691635 0.06755881
v -0.14713420 0.03704102 0.08616900
v -0.21621934 -0.47372651 0.08459642
v -0.21723275 -0.44458455 0.10549645
v -0.21356915 -0.45302203 0.08636288
v -0.20687984 -0.40570465 0.07920532
v -0.21586969 -0.42028359 0.07936429
v -0.20980902 -0.41350830 0.10503748
v -0.21774524 -0.43302560 0.09413272
v -0.20990378 -0.36758152 0.06391603
v -0.21527010 -0.33480951 0.03762925
v -0.01689738 -0.37008902 0.13941720
v -0.04902098 -0.34876782 0.14005184
v -0.03908065 -0.37117627 0.14328086
v -0.03297551 -0.34187719 0.14764000
v -0.00927631 -0.34127682 0.15501693
v 0.00511644 -0.31179073 0.16269687
v -0.04210528 -0.31902507 0.16455026
v -0.08672058 0.09759793 0.14791206
v -0.10553854 0.10556974 0.13236809
v -0.07019591 0.15343200 0.10042313
v -0.00778516 0.07741823 0.15908654
v -0.04658241 0.09662218 0.15658656
v -0.06460871 0.10711817 0.14624187
v -0.06794519 0.08762084 0.15873384
v -0.08827940 0.11486007 0.13410971
v -0.20861301 -0.48733288 0.16384709
v -0.19666938 -0.47304022 0.17939089
v -0.16806887 -0.48668498 0.19494240
v -0.13992232 -0.43172213 0.18311578
v -0.07547635 -0.45583043 0.17919248
v -0.03946827 -0.18936405 0.17136680
v -0.05033088 -0.22812235 0.17111556
v -0.05271306 -0.21014711 0.16578047
v -0.18552522 -0.22078711 0.05198684
v -0.19918959 -0.23674749 0.06404443
v -0.18281113 -0.20827560 0.07271989
v -0.17241536 -0.21886288 0.08566176
v -0.18370368 -0.23221089 0.07073139
v -0.19420937 -0.24146536 0.08662798
v -0.19539556 -0.26513839 0.08238079
v -0.21382618 -0.32599440 0.06145577
v -0.20891868 -0.30398962 0.07028307
v -0.19828315 -0.28685847 0.07102808
v -0.02184271 -0.10808119 0.16998997
v -0.02882992 -0.08597626 0.16727810
v -0.03946890 -0.07100967 0.16286506
v -0.05191967 -0.08526890 0.15942684
v -0.04847787 -0.06231370 0.15833504
v 0.00935547 -0.17034420 0.17645469
v -0.00944816 -0.04243695 0.16424380
v -0.00921377 -0.02256285 0.16020487
v -0.04216506 -0.03904228 0.15670371
v -0.13701911 -0.05959605 0.08145175
v -0.02699032 0.06593111 0.16303673
v -0.02408644 0.04788904 0.16222334
v -0.06318186 0.03752826 0.15869386
v -0.06049876 -0.00353533 0.14399163
v -0.01778793 -0.00662778 0.15589958
v -0.12540133 -0.03078240 0.08798735
v -0.11056153 0.00217170 0.11224944
v -0.14224932 0.04562902 0.10723705
v -0.22165611 -0.49138632 0.08747664
v -0.21290198 -0.46420145 0.10445021
v -0.21756674 -0.49342009 0.12791055
v -0.21493994 -0.48181322 0.14548837
v -0.20675166 -0.39108774 0.05828567
v -0.21159494 -0.41015172 0.05569860
v -0.20547624 -0.39501086 0.10218112
v -0.21388516 -0.34740940 0.05243688
v -0.06015743 -0.35932145 0.14822860
v -0.02674417 -0.30364755 0.16103098
v -0.02787441 0.08536572 0.15983173
v -0.15448463 -0.49034181 0.20503485
v -0.12924147 -0.46243176 0.19963601
v -0.07583486 -0.38892978 0.16505457
v -0.02720468 -0.16887958 0.17318332
v -0.03203952 -0.21440315 0.17125885
v -0.10076421 -0.21223451 0.14337531
v -0.07082546 -0.22554474 0.16604249
v -0.17594953 -0.23421283 0.08704415
v -0.16951267 -0.19567208 0.08778551
v -0.17936033 -0.26163295 0.09479269
v -0.21033137 -0.26960367 0.06565736
v -0.20817779 -0.27666819 0.05009801
v -0.02638167 -0.02775170 0.15883362
v -0.02790152 -0.05069256 0.16275005
v -0.04193464 0.04822448 0.16242316
v -0.05947867 0.05285254 0.16366774
v -0.04662585 0.00439041 0.15070452
v -0.04095972 -0.01246097 0.15147267
v -0.05702904 -0.04965162 0.15205635
v -0.07355494 -0.06361576 0.14476143
v -0.06603306 -0.07728694 0.15141036
v -0.07230685 -0.09670838 0.15032779
v -0.06051452 -0.11187021 0.15945126
v -0.08032776 -0.11910062 0.14955063
v -0.09255340 -0.14160085 0.14563371
v -0.06335027 -0.15332660 0.16170056
v -0.08439782 -0.08054551 0.13878639
v -0.07875588 -0.14310139 0.15367252
v -0.08169514 -0.16310908 0.15328433
v -0.10160503 -0.09648138 0.12895595
v -0.06865717 -0.17526214 0.16083878
v -0.04944398 -0.17101751 0.16805708
v -0.09387068 -0.19391420 0.14618337
v -0.07529307 -0.20292516 0.15591745
v -0.06154068 -0.18970068 0.16451035
v -0.11051612 -0.04061352 0.10632552
v -0.10263111 -0.06094570 0.12062825
v -0.09383333 -0.04306251 0.12330769
v -0.11688493 -0.01374024 0.09915738
v -0.08408596 -0.02124818 0.13060245
v -0.07572508 -0.00815738 0.13648835
v -0.06188077 -0.02638480 0.14614753
v -0.12283022 0.02006684 0.11356284
v -0.11569347 0.07598191 0.14319316
v -0.13556263 0.02809983 0.10237153
v -0.21302406 -0.47513518 0.12323678
v -0.04762299 0.07312466 0.16329765
v -0.11055773 -0.48934370 0.20114388
v -0.12055743 -0.50343728 0.20927303
v -0.16601232 -0.46154401 0.18426625
v -0.14901558 -0.47288391 0.19876084
v -0.10422581 -0.43534127 0.18989737
v -0.04255308 -0.24951315 0.16821837
v -0.16131359 -0.15135780 0.08176812
v -0.19306847 -0.30357388 0.08822326
v -0.21046728 -0.33725101 0.09781661
v -0.21027710 -0.35394388 0.11155296
v -0.20965733 -0.37524015 0.10589046
v -0.20049727 -0.31698948 0.10156883
v -0.20987312 -0.31910625 0.08592179
v -0.21332294 -0.34120035 0.07574738
v -0.16280113 -0.29032969 0.14159824
v -0.20383328 -0.28161004 0.08665342
v -0.19251215 -0.28639123 0.10647855
v -0.18187264 -0.27014950 0.10725856
v -0.08369448 -0.33050713 0.14790232
v -0.17911874 -0.34076652 0.15252171
v -0.17805596 -0.28877100 0.12650441
v -0.06944998 -0.33660331 0.14467749
v -0.17412822 -0.31262887 0.12978502
v -0.19279040 -0.32427648 0.12397713
v -0.20396188 -0.33648923 0.11323096
v -0.16218129 -0.31073877 0.15092209
v -0.15982673 -0.25744966 0.10675935
v -0.18270460 -0.30764329 0.11088046
v -0.17825057 -0.32152393 0.14245097
v -0.05201706 -0.33470538 0.15603894
v -0.14312328 -0.10739809 0.08939215
v -0.12954417 -0.10092349 0.10471179
v -0.09827886 -0.17504834 0.14532202
v -0.10087231 -0.07675480 0.12498265
v -0.08992259 -0.06094640 0.13157633
v -0.06390887 0.01805289 0.14842623
v -0.09860715 0.03197952 0.14642744
v -0.08126719 0.03193298 0.15321344
v -0.08286744 0.05151995 0.16151908
v -0.08228827 0.01302528 0.14011082
v -0.09951928 0.02105188 0.13711646
v -0.07591482 -0.04483340 0.13892333
v -0.12560326 0.00800299 0.09665266
v -0.10402344 0.09037904 0.14483845
v -0.12174798 0.09301393 0.12885046
v -0.09476832 0.07305260 0.15738764
v -0.13671207 0.09117916 0.11127351
v -0.13700186 0.05478680 0.12121703
v -0.11352954 0.04677307 0.14466897
v -0.12987173 0.07752670 0.12820257
v -0.11478968 0.03143910 0.13501477
v -0.09718546 0.04510837 0.15410489
v -0.12848893 0.03911443 0.12536971
v -0.13098711 -0.48383948 0.20702134
v -0.15562718 -0.44780204 0.18267420
v -0.17934568 -0.41761595 0.17290606
v -0.17274664 -0.44066247 0.17999655
v -0.20752434 -0.39768043 0.12622041
v -0.09019747 -0.43080422 0.18424320
v -0.12580608 -0.44211581 0.18589526
v -0.07947671 -0.41260117 0.17567796
v -0.09217779 -0.39871332 0.17377064
v -0.09942043 -0.41766483 0.18177854
v -0.11760139 -0.42056191 0.18571016
v -0.03168682 -0.23458049 0.17468753
v -0.16310668 -0.17386809 0.08927026
v -0.15196188 -0.15977640 0.09880408
v -0.13206854 -0.16264233 0.11963618
v -0.14410429 -0.16802822 0.11016595
v -0.14217798 -0.25218362 0.11678758
v -0.08155624 -0.35094237 0.15216738
v -0.11476738 -0.33509752 0.14890818
v -0.20925364 -0.36453038 0.12724534
v -0.10247108 -0.15421298 0.13911091
v -0.11812590 -0.09137239 0.11331100
v -0.11633921 -0.06758971 0.10911814
v -0.10988424 0.01629176 0.12430941
v -0.07233933 0.06793570 0.16354600
v -0.08481678 0.08420113 0.15683986
v -0.13835688 0.11083853 0.09395060
v -0.14662036 0.08859752 0.09488067
v -0.14016499 0.07308656 0.11505395
v -0.10619491 0.06072182 0.15210231
v -0.21643505 -0.42942929 0.11598755
v -0.11638088 -0.47534758 0.19754215
v -0.14536771 -0.45712778 0.18695080
v -0.11266515 -0.45340928 0.19602664
v -0.10592946 -0.38534176 0.17335007
v -0.11685550 -0.17001837 0.13241990
v -0.11446929 -0.19218457 0.13299856
v -0.13288388 -0.18099019 0.12024643
v -0.14595550 -0.19209428 0.11050757
v -0.09170942 -0.22653133 0.15822867
v -0.08503558 -0.21141897 0.15270263
v -0.12106434 -0.14752409 0.12411553
v -0.14837033 -0.13821623 0.09394139
v -0.14733821 -0.22869673 0.11443072
v -0.16118515 -0.23889886 0.12248864
v -0.16074069 -0.22858801 0.10035156
v -0.04390404 -0.29921815 0.15868235
v -0.05913874 -0.30994099 0.16433457
v -0.07627247 -0.29786101 0.15982150
v -0.08956324 -0.31822786 0.16368963
v -0.09111778 -0.29801667 0.16022143
v -0.10758730 -0.31318915 0.16391991
v -0.14580825 -0.29600129 0.15117411
v -0.12737571 -0.29886264 0.15692881
v -0.07235507 -0.32117590 0.16328332
v -0.08053653 -0.36731315 0.15932515
v -0.10112925 -0.35366929 0.15964593
v -0.12629886 -0.35273534 0.15824398
v -0.13568264 -0.33306628 0.15076813
v -0.11327935 -0.36757550 0.16822170
v -0.09696453 -0.33323613 0.14780907
v -0.20251770 -0.34712824 0.12823279
v -0.17194881 -0.36147547 0.15931356
v -0.18627709 -0.36342695 0.14516264
v -0.16374405 -0.35058889 0.15296589
v -0.14334379 -0.31400260 0.16024514
v -0.16044933 -0.42615673 0.17692389
v -0.15993609 -0.41177148 0.17296790
v -0.14178549 -0.39709714 0.17521724
v -0.21309330 -0.41119248 0.13078329
v -0.21459958 -0.46179175 0.14536884
v -0.13247469 -0.40878242 0.18113595
v -0.11198264 -0.40020704 0.17900287
v -0.09344259 -0.37583643 0.16735712
v -0.17569868 -0.18727998 0.07477811
v -0.17082129 -0.16565980 0.07146745
v -0.18069883 -0.17763649 0.05706016
v -0.08359946 -0.24706319 0.15968898
v -0.10186034 -0.24541089 0.15287599
v -0.07376276 -0.26055950 0.15411429
v -0.05847919 -0.26406017 0.15697639
v -0.14501844 -0.23872384 0.13411182
v -0.11676764 -0.21821496 0.13462797
v -0.07706485 -0.28736162 0.14469491
v -0.12753975 -0.12969697 0.11694764
v -0.13577981 -0.14815369 0.11097776
v -0.14798367 -0.21157444 0.11117687
v -0.13236590 -0.20629692 0.12173681
v -0.17724489 -0.23940375 0.10795052
v -0.14102525 -0.28084627 0.14189285
v -0.12865499 -0.26852250 0.12658711
v -0.15214624 -0.27244082 0.12486607
v -0.10968101 -0.28982472 0.15366292
v -0.09426838 -0.28208211 0.13946363
v -0.08801530 -0.25941339 0.13860045
v -0.10843426 -0.27481908 0.13430938
v -0.11025736 -0.25337076 0.13149387
v -0.12027434 -0.28158599 0.14513084
v -0.13493511 -0.36869740 0.16904250
v -0.15275227 -0.36277243 0.16464616
v -0.12334968 -0.38352001 0.17518272
v -0.15978795 -0.33127272 0.15799379
v -0.20758304 -0.38023013 0.13918126
v -0.15645370 -0.39501545 0.17314443
v -0.17323053 -0.39919788 0.16780248
v -0.21750364 -0.45068181 0.12558138
v -0.20919669 -0.47290754 0.15987286
v -0.10726280 -0.22591911 0.15086001
v -0.12437470 -0.23677085 0.14647038
v -0.12813699 -0.24522044 0.12825020
v -0.05707303 -0.28878081 0.15194853
v -0.11638733 -0.11348078 0.12227186
v -0.13315792 -0.22531545 0.12518546
v -0.14437807 -0.38169467 0.17360586
v -0.14708863 -0.35193262 0.15320751
v -0.16108923 -0.38022316 0.16093370
v -0.20729198 -0.39984351 0.14700179
v -0.19282164 -0.38447574 0.14663962
v -0.17837527 -0.38508528 0.15236618
v -0.21506292 -0.42831817 0.13164359
v -0.20954590 -0.44336537 0.14584325
v -0.20198290 -0.45267037 0.16704026
v -0.19845925 -0.42845911 0.16325192
v -0.19305642 -0.40312797 0.16043794
v -0.20625244 -0.42118442 0.14681113
v -0.08727521 -0.51324195 0.21050797
v -0.06167801 0.23164511 0.04085664
v -0.08010252 0.23007046 0.03552397
v -0.06582902 0.21786785 0.05116891
v -0.08887739 0.19789430 0.06134688
v -0.07174797 0.20037177 0.06279764
v -0.08511297 0.21472092 0.04816129
v -0.10061190 0.20878793 0.05043324
v -0.03501365 -0.13096943 0.16990003
v -0.13784233 -0.08756523 0.09137826
v -0.14216517 -0.07545810 0.08071589
v -0.04412894 -0.15081912 0.16836290
v -0.12687217 -0.32031885 0.16033606
v 0.16744530 0.08891673 0.02160241
v 0.16536509 0.05308199 0.03553905
v 0.15984681 0.03188058 0.04206736
v 0.14877404 -0.03062548 0.03876091
v 0.15132722 -0.05120122 0.03729718
v 0.15672089 -0.07127582 0.03702167
v 0.16007487 -0.09220919 0.03638045
v 0.16647625 -0.11479919 0.03895104
v 0.17880553 -0.15139894 0.03809518
v 0.18455738 -0.16901252 0.02990620
v 0.20037597 -0.22888373 0.02745951
v 0.21427980 -0.30268344 0.02425680
v 0.21743050 -0.32056671 0.02444750
v 0.21605901 -0.34010479 0.02576129
v 0.22080195 -0.35922870 0.02632788
v 0.22338122 -0.37578773 0.02764417
v 0.21959873 -0.39722210 0.02135005
v 0.22451046 -0.41272527 0.03217436
v 0.23374844 -0.46585506 0.03601747
v 0.23216441 -0.48495862 0.02822479
v 0.22799143 -0.51151168 0.03485304
v 0.22602615 -0.53108412 0.03814230
v 0.22553927 -0.54742968 0.04303374
v 0.22532299 -0.55025929 0.04213765
v 0.22538875 -0.55308521 0.04115965
v 0.22243071 -0.55445188 0.05965801
v 0.22026213 -0.55443835 0.07903893
v 0.21956865 -0.55421770 0.09752364
v 0.21846560 -0.55366576 0.11601730
v 0.21730071 -0.55302638 0.13438018
v 0.21541026 -0.55198610 0.15259704
v 0.21165274 -0.55067593 0.17044495
v 0.20444116 -0.54918677 0.18705694
v 0.19467019 -0.54764742 0.20209360
v 0.18124087 -0.54635382 0.21434399
v 0.16664532 -0.54497230 0.22536626
v 0.14998737 -0.54407746 0.23330888
v 0.13265553 -0.54351866 0.23915893
v 0.11492985 -0.54325902 0.24369699
v 0.09681189 -0.54308164 0.24777809
v 0.07879762 -0.54280162 0.25146955
v 0.06147661 -0.54221040 0.25463271
v 0.04343822 -0.54214448 0.25687444
v 0.02514598 -0.54268670 0.25801989
v 0.01533741 0.17562899 0.08589136
v 0.03024879 0.19066188 0.07838923
v 0.04280057 0.20693968 0.06699671
v 0.05084100 0.22742532 0.05133452
v 0.05644201 0.24643612 0.03064652
v 0.06283588 0.26526165 0.00945182
v 0.06820595 0.27747104 -0.01864496
v 0.06878529 0.27329993 -0.05102859
v 0.09956309 0.26916447 -0.03567816
v 0.12091891 0.26509669 -0.03426019
v 0.13030563 0.25893223 -0.01749104
v 0.13318338 0.25474316 -0.00014121
v 0.12909946 0.24664387 0.01599712
v 0.12417121 0.23507603 0.02819165
v 0.12118453 0.22066659 0.04156924
v 0.12215862 0.20360979 0.05432189
v 0.12790105 0.18360332 0.06415030
v 0.13683686 0.16304761 0.06994528
v 0.14678665 0.14291912 0.07246838
v 0.15744381 0.12320218 0.06585252
v 0.16555323 0.10355363 0.05148102
v 0.04339374 -0.51625705 0.22820172
v 0.01453501 0.15713337 0.08992948
v 0.07921805 0.17168021 0.08874552
v 0.08159095 0.27421600 -0.03656498
v 0.22581843 -0.46754125 0.11215157
v 0.08905011 -0.51753759 0.22017196
v 0.07202353 0.20096499 0.06610294
v 0.08182263 0.23289177 0.03600740
v 0.09205765 0.26906005 -0.01832549
v 0.07331279 0.25443453 0.01468470
v 0.22798233 -0.50469726 0.12200940
v 0.04935063 -0.53191501 0.24430111
v 0.05827388 0.21395136 0.05963051
v 0.06359114 0.23511155 0.04093245
v 0.11080138 0.26307809 -0.01342003
v 0.10796873 0.25151998 0.00734324
v 0.07691450 0.26919219 -0.00757352
v 0.15066174 -0.51544446 0.21285951
v 0.21979107 -0.50684422 0.15258408
v 0.22222517 -0.54396403 0.07250884
v 0.09323531 -0.53276855 0.23670036
v 0.12046130 -0.53101850 0.23073637
v 0.15573750 -0.53041524 0.22336830
v 0.22037895 -0.53728634 0.12713993
v 0.20795074 -0.53197151 0.18013284
v 0.06522162 -0.52656102 0.23521763
v 0.18526804 -0.52667320 0.20802593
v 0.16927826 -0.51830566 0.21406373
v 0.13939697 -0.53240275 0.22824469
v 0.16924873 -0.53201240 0.21966150
v 0.14761350 -0.25964889 0.14035489
v 0.10592779 0.00377253 0.13424584
v 0.15069066 0.07767650 0.10682987
v 0.03609908 -0.49975011 0.21034041
v 0.04351932 0.14515392 0.11168096
v 0.07706866 -0.38424414 0.16727935
v 0.23134020 -0.46732730 0.07621920
v 0.02187339 -0.52305555 0.23436542
v 0.02325788 -0.51078272 0.22156246
v 0.07603513 0.24378060 0.02643990
v 0.07507088 0.21994255 0.05069145
v 0.09237434 0.20354623 0.05997260
v 0.09788761 0.21767350 0.04638085
v 0.10870972 0.20725025 0.05374915
v 0.11198130 0.19177054 0.06443065
v 0.10401453 0.22886918 0.03476574
v 0.09907949 0.18388098 0.07368352
v 0.11789348 0.16818859 0.07833673
v 0.06522432 0.18484470 0.07897089
v 0.08328381 0.18723181 0.07510532
v 0.10371715 0.13082156 0.12067143
v 0.02988978 0.16993119 0.09306709
v 0.10075262 0.14605884 0.10391251
v 0.09782684 0.16552676 0.08888062
v 0.22457635 -0.53647798 0.05723976
v 0.23246117 -0.52401084 0.05289723
v 0.22872673 -0.52583092 0.07564028
v 0.22915390 -0.49694484 0.10131942
v 0.23186308 -0.51060236 0.08606230
v 0.22809832 -0.51588053 0.10597797
v 0.22992811 -0.49215889 0.08088177
v 0.23476331 -0.50201100 0.05294744
v 0.22251435 -0.53722513 0.10921842
v 0.22438677 -0.53238970 0.09216978
v 0.22635801 -0.48475829 0.11527841
v 0.22656927 -0.48147345 0.09481574
v 0.22324647 -0.51774061 0.13797848
v 0.21890162 -0.53083140 0.14706093
v 0.21441242 -0.52992839 0.16467026
v 0.08831124 0.25878257 0.00179605
v 0.20305888 -0.50938135 0.18868999
v 0.18915766 -0.24962629 0.09225512
v 0.07813294 -0.29543945 0.15353449
v 0.15058406 -0.12187312 0.09050821
v 0.07879438 -0.08135720 0.14930318
v 0.15642434 0.09828225 0.07968447
v 0.01426994 -0.49849993 0.20786676
v 0.13296330 0.14880370 0.08343821
v 0.11549024 0.14861751 0.09434012
v 0.11867086 0.13144645 0.10923151
v 0.23492064 -0.46577060 0.05483934
v 0.23144625 -0.41886550 0.06210652
v 0.05164424 -0.50254744 0.20783880
v 0.06720358 -0.51448929 0.21883707
v 0.05330795 0.19538881 0.07287699
v 0.04962444 0.17716910 0.08639964
v 0.04681790 0.16011082 0.09921558
v 0.06406544 0.16958228 0.09156686
v 0.06346748 0.15310416 0.10644335
v 0.02840847 0.15328839 0.10501283
v 0.00833071 0.13767336 0.10441124
v 0.02685388 0.13430770 0.11855379
v 0.22532257 -0.52193719 0.12121794
v 0.23438446 -0.50827152 0.06708800
v 0.23451386 -0.48723903 0.06395858
v 0.23502457 -0.48559022 0.04751505
v 0.17189100 -0.48426583 0.19616184
v 0.13966429 -0.49629942 0.20140229
v 0.11727163 -0.46492341 0.18799025
v 0.13573857 -0.47866547 0.19112422
v 0.16244398 -0.50131083 0.20488185
v 0.15772143 -0.48298997 0.19310175
v 0.18516661 -0.50465184 0.20281447
v 0.19243413 -0.49013209 0.19435811
v 0.18063466 -0.44620973 0.18257457
v 0.13360518 -0.45836359 0.18673764
v 0.15192378 -0.46560144 0.18549824
v 0.16382313 -0.44593328 0.17960440
v 0.12261491 -0.44069710 0.17987049
v 0.10070229 -0.44950971 0.18041110
v 0.10604978 -0.42633656 0.17365377
v 0.12627710 -0.41959587 0.16794588
v 0.08797510 -0.42845342 0.17529118
v 0.15772557 -0.42407927 0.17114347
v 0.13800116 -0.43043992 0.17248055
v 0.08426750 -0.45940182 0.18891543
v 0.10291655 -0.46788290 0.19390316
v 0.08423739 -0.47340649 0.19609967
v 0.08307604 -0.48979056 0.20278999
v 0.08974135 -0.41327882 0.16582876
v 0.19720858 -0.42241937 0.16041659
v 0.22515382 -0.47465432 0.14360464
v 0.17995009 -0.42786124 0.17620352
v 0.14279559 -0.44393161 0.18019898
v 0.10758060 -0.40776649 0.16577148
v 0.07641937 -0.44186780 0.17935732
v 0.06946459 -0.42601201 0.17165375
v 0.22634375 -0.46849915 0.13034546
v 0.22425771 -0.45097768 0.14831214
v 0.22163469 -0.48869240 0.15178826
v 0.06260697 -0.45839980 0.17857438
v 0.22576788 -0.49504700 0.13699329
v 0.06335016 -0.41335288 0.16222930
v 0.03967175 -0.45357209 0.16940185
v 0.05483409 -0.43906537 0.16874468
v 0.13155776 -0.51543462 0.21687318
v 0.09919123 -0.49919263 0.21001817
v 0.19347645 -0.24977657 0.05563262
v 0.03880760 -0.22514983 0.16752341
v 0.05048710 -0.33835420 0.15156958
v 0.13846852 -0.03188781 0.07156484
v 0.14283103 0.00530172 0.07242555
v 0.04825566 0.03433090 0.16152088
v 0.03920687 -0.00335058 0.15776700
v 0.02730929 -0.03968955 0.16435397
v 0.16224359 0.04795896 0.05789223
v 0.16270457 0.06668018 0.06800388
v 0.16547985 0.06659475 0.05017427
v 0.15816548 0.04630866 0.07619777
v 0.15998426 0.10529230 0.06557204
v 0.14430638 0.12926430 0.08289777
v 0.16553366 0.08917616 0.04751109
v 0.01936141 -0.48078892 0.19155486
v 0.08397708 0.14118984 0.11320776
v 0.12936629 0.10370183 0.12253217
v 0.02478008 0.13701046 0.14003077
v 0.02086109 -0.39205861 0.14487161
v 0.23271850 -0.44646987 0.04570737
v 0.22966640 -0.40708151 0.05033652
v 0.22430086 -0.37044910 0.04598483
v 0.04457121 0.14166610 0.13054107
v 0.18805628 -0.47249466 0.19024014
v 0.16988057 -0.46527815 0.18757465
v 0.04546964 -0.48753887 0.19347225
v 0.06315678 -0.48695639 0.19466148
v 0.06516277 -0.47368699 0.18715696
v 0.06524407 -0.49994111 0.20499057
v 0.21514913 -0.48909238 0.16998473
v 0.03216321 -0.43539742 0.15993088
v 0.04174833 -0.40449977 0.15591556
v 0.06829637 -0.39759409 0.16585515
v 0.05783067 -0.37504947 0.15632503
v 0.02058373 -0.44776845 0.16620955
v 0.02312978 -0.46309623 0.17525671
v 0.11082420 -0.51738536 0.22003065
v 0.11947519 -0.49854863 0.20967397
v 0.11874042 -0.48389596 0.19991428
v 0.08244744 -0.50500786 0.21007395
v 0.20072469 -0.23136784 0.05082037
v 0.20957668 -0.27622271 0.05105875
v 0.19384019 -0.24354708 0.03310576
v 0.20141749 -0.26352441 0.03589208
v 0.04857141 -0.18932483 0.17296088
v 0.03357697 -0.35186008 0.14099663
v 0.17324461 -0.13443965 0.04046744
v 0.16648653 -0.12702070 0.05883348
v 0.17858908 -0.16386883 0.05456321
v 0.16051488 -0.10365142 0.05439528
v 0.15561284 -0.09390424 0.06628394
v 0.02337616 -0.07013087 0.16811197
v 0.02923780 -0.15184216 0.17444979
v 0.03180097 -0.12782499 0.17210446
v 0.01043248 -0.13153085 0.17427027
v 0.14934973 0.00891023 0.04735049
v 0.15421641 0.02626073 0.06073301
v 0.02674313 0.03956745 0.15980344
v 0.03840086 0.01620139 0.16024759
v 0.04035291 -0.47304192 0.18142426
v 0.08453074 0.15680251 0.10017423
v 0.06415977 0.13720837 0.12073065
v 0.07503338 0.11323774 0.14267054
v 0.06398665 0.12888661 0.13871759
v 0.03842632 0.12328871 0.14568435
v 0.08592945 0.12976065 0.13070677
v 0.01635856 0.11973996 0.14932677
v 0.02853639 0.10087107 0.15149352
v 0.19578490 -0.43913838 0.17154491
v 0.03200408 -0.48752007 0.19728854
v 0.20554391 -0.49590191 0.18353738
v 0.21192738 -0.50877893 0.17504461
v 0.05224364 -0.39338550 0.15997870
v 0.10148054 -0.48294488 0.20299639
v 0.19473623 -0.21036252 0.03748632
v 0.18865186 -0.21691664 0.05986091
v 0.19693319 -0.23423503 0.07444907
v 0.17973799 -0.22104877 0.07833824
v 0.20277029 -0.26667202 0.06108383
v 0.20089993 -0.26493442 0.08366106
v 0.18445192 -0.22922844 0.09771498
v 0.16788128 -0.21472934 0.09064207
v 0.21187449 -0.28609848 0.03407606
v 0.21261449 -0.29343840 0.05771329
v 0.21034257 -0.28014347 0.07464145
v 0.20661825 -0.30077904 0.07925852
v 0.19939616 -0.26486060 0.09784309
v 0.22140957 -0.32926559 0.04160890
v 0.21581802 -0.30938369 0.04126027
v 0.01731616 -0.22901015 0.17057626
v 0.01863973 -0.25648633 0.17047186
v 0.02249540 -0.30454111 0.15089771
v 0.02480444 -0.31873778 0.16710958
v 0.15787734 -0.11543821 0.07327436
v 0.18492644 -0.17854550 0.04693006
v 0.18970458 -0.18836839 0.03334808
v 0.18072410 -0.19841528 0.07736597
v 0.16903263 -0.18391100 0.08844271
v 0.17785996 -0.17908284 0.06880885
v 0.16816972 -0.16365823 0.07814299
v 0.15618776 -0.17291722 0.09886721
v 0.16712809 -0.19821443 0.09857979
v 0.17294236 -0.14951593 0.06051904
v 0.16204591 -0.13951969 0.07866836
v 0.13488992 -0.18965381 0.12922582
v 0.15566799 -0.07969139 0.05375498
v 0.14058903 -0.05366595 0.07671569
v 0.15082383 -0.06174126 0.05680056
v 0.02710533 -0.18057582 0.17552935
v 0.04829214 -0.16447410 0.17106801
v 0.03061257 0.07969103 0.15810212
v 0.04221521 -0.02490723 0.16204040
v 0.05603435 -0.01683006 0.15907590
v 0.02251090 -0.01915926 0.16203126
v 0.21957949 -0.35270479 0.04982833
v 0.22292842 -0.33536872 0.06574863
v 0.22709388 -0.38110131 0.07933270
v 0.22721356 -0.39180520 0.04115879
v 0.19190870 -0.45826560 0.18361866
v 0.21848661 -0.46696252 0.16211170
v 0.20503947 -0.46500522 0.17601056
v 0.20917684 -0.45107129 0.16871813
v 0.20571807 -0.47896168 0.17891090
v 0.01465819 -0.42868739 0.15623704
v 0.02882586 -0.41456512 0.15239114
v 0.08047073 -0.36120185 0.15371852
v 0.19309802 -0.25583798 0.07456098
v 0.16733341 -0.22258855 0.10975213
v 0.15317236 -0.21144010 0.10497721
v 0.16491035 -0.24918036 0.12753303
v 0.17886558 -0.26286122 0.11742839
v 0.15694329 -0.22601762 0.12186482
v 0.17519000 -0.24132770 0.11574140
v 0.04786410 -0.24288191 0.17089978
v 0.03247695 -0.24935438 0.17174551
v 0.07561948 -0.25916737 0.16446233
v 0.06294002 -0.23594132 0.16091846
v 0.06082042 -0.25405389 0.17006680
v 0.05956607 -0.27559364 0.15978953
v 0.03043601 -0.33921498 0.15621197
v 0.04313384 -0.32283089 0.16905335
v 0.06232487 -0.32506830 0.16803841
v 0.01907014 -0.37071776 0.13806835
v 0.03805194 -0.38146544 0.15050456
v 0.13523385 -0.12248836 0.11123392
v 0.18718590 -0.19439250 0.05407505
v 0.15769309 -0.15592943 0.09468306
v 0.13463846 -0.21446905 0.12101254
v 0.14845787 -0.19555680 0.11821307
v 0.10460112 -0.20882519 0.14572433
v 0.14542508 -0.23545389 0.13593854
v 0.12305222 -0.20251982 0.13494073
v 0.11584021 -0.21968763 0.13433838
v 0.15665326 -0.18743289 0.10649214
v 0.14731801 -0.04589158 0.05561974
v 0.14693542 -0.07556298 0.07542923
v 0.14922890 -0.10197838 0.08393665
v 0.01362505 -0.09410071 0.17020628
v 0.03557310 -0.10885846 0.16955748
v 0.05667622 -0.10565411 0.16352342
v 0.07154293 -0.12016468 0.15991426
v 0.03937394 -0.08858334 0.16701268
v 0.14498615 -0.03009322 0.05386094
v 0.14809135 -0.01271500 0.04279754
v 0.13349822 -0.01563613 0.08390950
v 0.07243104 0.03583713 0.16067216
v 0.06502689 0.04911895 0.16274077
v 0.08291335 0.02147417 0.15425092
v 0.22399870 -0.37436369 0.06361151
v 0.22761914 -0.40332094 0.07044268
v 0.09458278 -0.36944526 0.16495280
v 0.05547812 -0.35648096 0.14345434
v 0.18914415 -0.25307998 0.10775021
v 0.03726380 -0.28379643 0.15497872
v 0.05281530 -0.21259220 0.17041844
v 0.07281649 -0.21389352 0.16224596
v 0.04003575 -0.30814266 0.15479589
v 0.08533385 -0.33167219 0.16224641
v 0.14710997 -0.13923052 0.10102344
v 0.12974730 -0.14099446 0.12108155
v 0.14315750 -0.15751043 0.11228211
v 0.13922618 -0.17647570 0.11758830
v 0.12464088 -0.16246912 0.12961859
v 0.11951832 -0.17683034 0.13425782
v 0.03639174 -0.20221502 0.17603554
v 0.01811614 -0.11254191 0.17193232
v 0.05542124 -0.12714210 0.16699335
v 0.09306888 -0.14313403 0.15079845
v 0.07487182 -0.10060690 0.15439925
v 0.14264552 -0.01208353 0.06209999
v 0.14679685 0.02288098 0.08180959
v 0.15177479 0.04103347 0.09485739
v 0.06083300 0.00166666 0.15511048
v 0.05272716 0.08935316 0.15648019
v 0.05317069 0.11121945 0.14691511
v 0.06689808 0.10113357 0.15123142
v 0.10242106 0.08540465 0.15192574
v 0.08993710 0.09820437 0.14919984
v 0.09972751 0.11179325 0.13623141
v 0.11750028 0.11440952 0.12402524
v 0.13204722 0.07099560 0.13724186
v 0.07341538 -0.01215631 0.15269132
v 0.06455050 0.01697555 0.15789978
v 0.08429220 0.00541133 0.14884554
v 0.22607251 -0.39040852 0.05881807
v 0.23097134 -0.44405758 0.07480273
v 0.22746439 -0.45824307 0.09321468
v 0.10006399 -0.38595816 0.17081456
v 0.04353344 -0.26541349 0.16803381
v 0.05763847 -0.29171216 0.14994675
v 0.06045099 -0.30370063 0.16206025
v 0.09871791 -0.22736493 0.14566153
v 0.06427964 -0.19649589 0.16804507
v 0.07838028 -0.19724448 0.16241799
v 0.06571770 -0.17901531 0.16674484
v 0.08739908 -0.16003701 0.15528631
v 0.06778699 -0.15374959 0.16394687
v 0.07779483 -0.13688186 0.15834789
v 0.11811119 -0.14295097 0.13217697
v 0.10601275 -0.13511091 0.14075926
v 0.07385384 -0.33958849 0.14881338
v 0.10452654 -0.33284187 0.16126201
v 0.09826224 -0.34297821 0.14933155
v 0.09673133 -0.31459734 0.16785905
v 0.10372984 -0.35360852 0.15983336
v 0.13000214 -0.22933295 0.14063796
v 0.11474004 -0.19056064 0.14344433
v 0.12852921 -0.03599744 0.09046830
v 0.13195041 -0.06027682 0.09361642
v 0.12658456 -0.07767127 0.10562054
v 0.13931762 -0.08291276 0.09180406
v 0.10662912 -0.08993513 0.12871923
v 0.11481185 -0.05366246 0.11189910
v 0.11930054 -0.09020019 0.11674392
v 0.11968017 -0.03840823 0.10365964
v 0.09447280 -0.07615098 0.13605981
v 0.09639514 -0.05278874 0.12948029
v 0.11048696 -0.06866609 0.11971227
v 0.10957143 -0.03507074 0.11596609
v 0.09292135 -0.03018169 0.13417678
v 0.12754694 -0.10868063 0.11552305
v 0.13534911 -0.09763256 0.10258302
v 0.06132039 -0.08104554 0.15926261
v 0.15252648 0.05931483 0.10556695
v 0.07966277 0.08394697 0.15786530
v 0.06531286 0.06669064 0.16222300
v 0.08552062 0.05794554 0.16237269
v 0.08977276 -0.01309926 0.14076667
v 0.22837298 -0.42334589 0.08217207
v 0.23403467 -0.45140302 0.06069889
v 0.23281221 -0.43621573 0.05958755
v 0.22738995 -0.44874358 0.11561651
v 0.22822081 -0.43846428 0.09698424
v 0.03799149 -0.36804733 0.14239256
v 0.16399428 -0.29063728 0.13914679
v 0.15967281 -0.27249217 0.12520279
v 0.17443797 -0.28135985 0.11900307
v 0.18963425 -0.27723026 0.10591425
v 0.07544918 -0.27610865 0.15032528
v 0.09402015 -0.26379174 0.15748389
v 0.10772756 -0.15840408 0.14228520
v 0.08897474 -0.12036856 0.14970270
v 0.14349242 -0.11079523 0.09791227
v 0.09718920 -0.19254464 0.15352497
v 0.09395637 -0.09716868 0.14081821
v 0.10811394 -0.01732874 0.12295529
v 0.12156712 -0.01946295 0.10420860
v 0.12185887 0.00040285 0.11476772
v 0.13333282 0.00355172 0.09594274
v 0.13224025 0.03171456 0.12579107
v 0.13718550 0.02199414 0.10531832
v 0.12347687 0.01502653 0.12244885
v 0.12144679 -0.12360380 0.12568019
v 0.15845576 0.07831706 0.08556456
v 0.14285263 0.06661078 0.12411279
v 0.11866236 0.03846522 0.14406432
v 0.10532201 0.05843261 0.15778087
v 0.09732968 0.03818459 0.15713413
v 0.11995992 0.06569704 0.14831856
v 0.11722008 0.02624763 0.13827761
v 0.09942560 0.01989937 0.14672613
v 0.13320307 0.05005499 0.13530271
v 0.23017173 -0.40124980 0.09344058
v 0.22227126 -0.38728806 0.10268537
v 0.23093623 -0.41661856 0.10046022
v 0.10187699 -0.17482881 0.14673416
v 0.06297687 -0.04673231 0.15476622
v 0.07022192 -0.06296040 0.15284127
v 0.08200582 -0.04487222 0.14366916
v 0.07091327 -0.02807650 0.14863588
v 0.04948690 -0.03940108 0.15819556
v 0.08334677 -0.06449270 0.14361890
v 0.14363776 0.04306187 0.11667211
v 0.15774164 0.06290995 0.09035024
v 0.15177986 0.09181812 0.09619995
v 0.14596467 0.11058431 0.09390067
v 0.13288523 0.11630073 0.10863940
v 0.14198849 0.09731956 0.11069842
v 0.13595238 0.08779228 0.12583405
v 0.13251679 0.13121903 0.09735692
v 0.20330352 -0.37482819 0.15023969
v 0.22376710 -0.43182215 0.14273092
v 0.10874639 -0.11058119 0.13241801
v 0.21480867 -0.38134283 0.12664182
v 0.22938147 -0.42923838 0.12035315
v 0.19236501 -0.40301704 0.15521534
v 0.17791101 -0.41052291 0.17009814
v 0.14442456 -0.40693918 0.16929963
v 0.13777100 -0.38582340 0.17242983
v 0.12207162 -0.39546138 0.17214216
v 0.11005825 0.24153087 0.02088746
v 0.09202999 0.24425136 0.02015719
v 0.21498607 -0.31540519 0.06043473
v 0.20783359 -0.28448838 0.09522260
v 0.04843009 -0.14542852 0.17059031
v 0.22081150 -0.37077734 0.09251110
v 0.22000657 -0.36068720 0.07157461
v 0.07755531 -0.31170890 0.16852921
v 0.11515862 -0.23428389 0.15057036
v 0.09951459 -0.24048850 0.15919417
v 0.11110055 -0.25355744 0.15630463
v 0.11745124 -0.26896873 0.14958154
v 0.09977287 -0.27900347 0.14505966
v 0.09936702 -0.29221058 0.15737073
v 0.08253513 -0.23095638 0.15312046
v 0.08377975 -0.24502675 0.16438496
v 0.12409264 -0.28920856 0.14376549
v 0.11417866 -0.29990852 0.16206762
v 0.14908066 -0.29269159 0.13837743
v 0.13057999 -0.25119138 0.14879061
v 0.08873659 -0.21337278 0.15427829
v 0.13464376 -0.27413890 0.14638385
v 0.03238042 -0.05471237 0.16506959
v 0.04848877 -0.06374937 0.16206151
v 0.21241392 -0.41239774 0.15427262
v 0.22275990 -0.41318607 0.13519269
v 0.20225266 -0.39171827 0.15516467
v 0.16453736 -0.33677429 0.14355657
v 0.20985076 -0.35839808 0.13738912
v 0.18409465 -0.34613618 0.13709787
v 0.19933987 -0.34968960 0.13219361
v 0.19173640 -0.36256582 0.14748240
v 0.14288872 -0.36882001 0.16792561
v 0.15642129 -0.38666624 0.16441765
v 0.15037361 -0.34883520 0.15966642
v 0.12683564 -0.35149026 0.16179255
v 0.17506635 -0.35738981 0.15151632
v 0.16518188 -0.36902326 0.16269618
v 0.17383839 -0.39386055 0.15902838
v 0.11873308 -0.37063947 0.16788600
v 0.14631495 -0.32817131 0.14884990
v 0.13268037 -0.33904782 0.15020657
v 0.11539209 -0.34134939 0.15050380
v 0.13459577 -0.31658331 0.16415316
v 0.11710968 -0.32441300 0.16508472
v 0.13836640 -0.29947978 0.15627055
v 0.15548567 -0.31740600 0.15889364
v 0.16223922 -0.30408207 0.15229239
v 0.18659654 -0.37945727 0.15801080
v 0.17871669 -0.30725664 0.14447527
v 0.17595592 -0.32627082 0.14923000
v 0.21843965 -0.33801413 0.10655080
v 0.21102719 -0.32201800 0.10581478
v 0.21900313 -0.33088627 0.09030809
v 0.21435454 -0.31938931 0.08343846
v 0.20674199 -0.32811821 0.12634696
v 0.21647535 -0.34415841 0.12346937
v 0.19856553 -0.31426787 0.11493587
v 0.19821577 -0.29385671 0.11649202
v 0.19120030 -0.32877168 0.14090151
v 0.18542917 -0.29064983 0.12756516
v 0.19055717 -0.31142256 0.13095675
v 0.22048578 -0.36602944 0.11415663
v 0.22166309 -0.35402483 0.10491411
v 0.22291775 -0.34753239 0.08710262
v 0.22219574 -0.55574363 0.02141246
v 0.22068512 -0.55731267 0.00230963
v 0.21857141 -0.55792540 -0.01677244
v 0.21662582 -0.55753350 -0.03578665
v 0.21433336 -0.55669719 -0.05457629
v 0.21205038 -0.55585992 -0.07334834
v 0.20873299 -0.55515659 -0.09189521
v 0.19874033 -0.55415863 -0.10799603
v 0.18670283 -0.55393165 -0.12279631
v 0.17454031 -0.55401051 -0.13788280
v 0.16087423 -0.55417460 -0.15155917
v 0.14411560 -0.55476260 -0.16183212
v 0.12608320 -0.55428839 -0.17033333
v 0.10777790 -0.55282599 -0.17715816
v 0.08960044 -0.55048478 -0.18346877
v 0.07122164 -0.54851419 -0.18854193
v 0.05254502 -0.54683471 -0.19257179
v 0.03355195 -0.54569924 -0.19501130
v 0.01448238 -0.54500192 -0.19600177
v -0.00454969 -0.54447895 -0.19584583
v -0.00328947 -0.51330400 -0.17126703
v 0.00266278 -0.47898567 -0.14793691
v 0.00409560 -0.42929971 -0.11114611
v 0.00486403 -0.40728879 -0.10301366
v -0.00248655 -0.37357080 -0.09869957
v -0.00038227 -0.35371879 -0.10036577
v -0.00089981 -0.33470461 -0.10428412
v -0.00194818 -0.31693968 -0.10964128
v -0.00069435 -0.29918456 -0.11606259
v -0.00520316 -0.26331982 -0.13223554
v -0.00205203 -0.21744400 -0.12633869
v 0.00307041 -0.17360100 -0.11050496
v 0.00126017 -0.15187021 -0.10397229
v -0.00272757 -0.13577908 -0.10101461
v -0.00172497 -0.11807349 -0.09603401
v 0.00333201 -0.10036238 -0.09313049
v -0.01148377 -0.04799188 -0.08577719
v -0.00660851 -0.02485732 -0.08846298
v -0.00590558 -0.00597448 -0.09210648
v -0.00308317 0.06766790 -0.11304194
v -0.00280317 0.08734234 -0.11743242
v -0.00213411 0.12572488 -0.12461074
v -0.00217479 0.16442865 -0.10718064
v 0.00010954 0.18182662 -0.08775742
v 0.00920315 0.19852087 -0.09087916
v 0.02258882 0.21235761 -0.08992279
v 0.03653465 0.22664225 -0.08803692
v 0.04961404 0.24222642 -0.08302682
v 0.06046821 0.25899196 -0.07155174
v 0.12687276 0.25472125 -0.05149557
v 0.13168582 0.24076693 -0.06466309
v 0.13436137 0.22376224 -0.07599787
v 0.13565432 0.20374487 -0.08392524
v 0.13778326 0.18285827 -0.09053867
v 0.14019060 0.16055648 -0.09219943
v 0.14449313 0.13821618 -0.08853192
v 0.15099311 0.11695965 -0.07915246
v 0.15724424 0.10153982 -0.06185671
v 0.16438869 0.09339169 -0.03885250
v 0.16682258 0.09039150 -0.01705392
v 0.11667541 0.02757655 -0.07602369
v 0.07041318 0.16943687 -0.11492428
v 0.16355930 0.07774194 -0.02291863
v 0.13448147 0.09063977 -0.08648670
v 0.10661161 0.17760898 -0.10643089
v 0.09683857 0.25580803 -0.06634405
v 0.10605061 0.24019845 -0.07740727
v 0.06783520 0.23307896 -0.08806397
v 0.12931189 0.12381825 -0.09704941
v 0.12106697 0.16821623 -0.10028658
v 0.09261468 0.26636991 -0.05232700
v 0.10939991 0.26054528 -0.05287160
v 0.07855779 0.25952110 -0.06744215
v 0.12205254 0.23289378 -0.07597423
v 0.12055519 0.21120317 -0.08815030
v 0.06744592 0.24798585 -0.07941782
v 0.15912323 0.09137823 -0.05157593
v 0.12469769 0.14368558 -0.10063119
v 0.11540706 0.24877933 -0.06541029
v 0.07689386 0.26915997 -0.05545088
v 0.10432538 0.22357017 -0.08837616
v 0.11884759 0.18988818 -0.09514195
v 0.09193689 0.19329825 -0.10237338
v 0.10541233 0.20237875 -0.09699563
v 0.14926361 0.07366353 -0.06291085
v 0.12195919 0.10477022 -0.09901280
v 0.08827673 0.21716058 -0.09468370
v 0.08861399 0.17325647 -0.11288157
v 0.10207646 0.15479359 -0.11125794
v 0.07639581 0.07416475 -0.10916061
v 0.05980963 0.19963877 -0.09895010
v 0.10371698 0.07500387 -0.10176555
v 0.09286485 0.13849387 -0.11492312
v 0.10283161 0.10259165 -0.10798563
v 0.11214903 0.13540423 -0.10746147
v 0.11626969 0.08921981 -0.09892687
v 0.05518747 0.22193213 -0.09159096
v 0.07193467 0.11392976 -0.11856060
v 0.03894268 0.20269206 -0.09486768
v 0.07749633 0.15474144 -0.11973040
v 0.09130182 0.11960752 -0.11421634
v 0.07292313 0.13270143 -0.12062886
v 0.05733589 0.12206217 -0.12197876
v 0.22437260 -0.54094821 0.02570332
v 0.22438210 -0.53877199 0.00547345
v 0.20387325 -0.42923692 -0.09033170
v 0.13812551 -0.28888702 -0.10664359
v 0.05458768 -0.49130979 -0.14918903
v 0.01287840 -0.52027315 -0.17579027
v -0.00520728 -0.53349298 -0.18583924
v 0.02109972 -0.53401345 -0.18588167
v 0.16667050 0.07678797 0.02687486
v 0.01569106 0.17908803 -0.09555137
v 0.08706188 0.24138872 -0.08149546
v 0.15680847 0.07351645 -0.04503554
v 0.15817761 0.05712977 -0.02935498
v 0.12054280 0.07355250 -0.09182843
v 0.14168487 0.05587472 -0.06438816
v 0.13390431 0.07071843 -0.07990639
v 0.15030007 0.04965898 -0.04673630
v 0.13666408 0.03286606 -0.05996729
v 0.15263039 0.03252555 -0.03036058
v 0.15867487 0.03740612 -0.01398102
v 0.14468019 0.02765552 -0.04456532
v 0.14308985 0.01456534 -0.03628275
v 0.03821923 0.10585126 -0.12095937
v 0.05505431 0.10248062 -0.11913685
v 0.02028095 0.11887789 -0.12327138
v 0.06306639 0.08888710 -0.11533795
v 0.05091907 0.06878069 -0.11141445
v 0.03618138 0.08471187 -0.11631434
v 0.08495017 0.09613872 -0.11256415
v 0.09414069 0.05922062 -0.10013767
v 0.01516272 0.07435635 -0.11473337
v 0.03332545 0.06509174 -0.11187568
v 0.01802487 0.05623131 -0.11002807
v 0.04245584 0.18572278 -0.09938199
v 0.07312833 0.18644920 -0.10454465
v 0.05360234 0.16002715 -0.11542300
v 0.22278781 -0.54206020 -0.01252221
v 0.21753490 -0.47386649 -0.04296254
v 0.22242326 -0.51864719 -0.01021650
v 0.20605418 -0.38976210 -0.03619964
v 0.06891678 -0.28947043 -0.13270088
v 0.16629864 -0.21653505 -0.06158279
v 0.18109316 -0.28784710 -0.06361608
v 0.06398226 -0.16130194 -0.10361327
v 0.15362409 -0.10801536 -0.02581725
v 0.02410957 -0.48972747 -0.15154962
v 0.01747380 -0.50567663 -0.16485302
v 0.16244002 0.03465644 0.02018837
v 0.14741811 -0.00479280 -0.00874350
v 0.14099599 0.00090613 -0.03119800
v 0.16541600 0.05437042 0.01512130
v 0.15530476 0.01996037 0.00025699
v 0.16277839 0.04178433 0.00402049
v 0.01108502 0.15651824 -0.12698431
v 0.12774597 0.04110582 -0.07397506
v 0.12753265 0.05527365 -0.08008815
v 0.13012868 0.01804913 -0.05808809
v 0.00106594 0.10949881 -0.12144885
v 0.01828623 0.09630749 -0.11937085
v 0.01382899 0.13551465 -0.12689370
v 0.05584988 0.14234899 -0.12530445
v 0.03202194 0.14245349 -0.12752353
v 0.03414026 0.17505231 -0.11330070
v 0.04441805 0.02484140 -0.09953175
v 0.04256497 0.04702839 -0.10614324
v 0.06838253 0.05597203 -0.10544537
v 0.08619405 0.04269039 -0.09722901
v 0.02047786 0.03511668 -0.10430382
v 0.22882272 -0.50574738 0.01140913
v 0.22807083 -0.52388871 0.01426693
v 0.23092823 -0.48510361 0.01308303
v 0.21745354 -0.52318949 -0.07172775
v 0.22310494 -0.52668560 -0.03190984
v 0.21957615 -0.53335494 -0.05360314
v 0.21998474 -0.54465061 -0.03428559
v 0.21585439 -0.54042679 -0.06830986
v 0.22661041 -0.46960425 -0.00347328
v 0.20249632 -0.53106230 -0.10266046
v 0.02982677 -0.28734922 -0.12791502
v 0.06053108 -0.23495495 -0.12897918
v 0.07590542 -0.36454234 -0.11223692
v 0.18562284 -0.20935313 -0.02188364
v 0.19858168 -0.27320027 -0.01345776
v 0.02367968 -0.41717577 -0.10565332
v 0.14927627 -0.53680998 -0.15653497
v 0.08100653 -0.53414810 -0.17184576
v 0.06448970 -0.53707737 -0.17945677
v 0.01894336 -0.47342494 -0.14033291
v 0.00327987 -0.49544930 -0.15895315
v 0.04284057 -0.53521800 -0.18462050
v 0.15045707 -0.01550019 0.01752558
v 0.02199074 -0.09099198 -0.08608081
v 0.15483780 0.01733613 0.02409849
v 0.15095237 -0.00050357 0.02581375
v 0.15158015 0.00136606 0.00809849
v 0.13911642 -0.01824586 -0.03007896
v 0.10490926 -0.03135079 -0.06492770
v 0.12615918 -0.03307648 -0.04518764
v 0.09769743 -0.01021123 -0.07382395
v 0.09900439 0.01423173 -0.08061852
v 0.14419524 -0.02809564 -0.01631244
v 0.16612637 0.06810887 0.01546233
v 0.15062280 0.01629219 -0.01770485
v 0.11091573 0.04945492 -0.08957651
v 0.02492561 0.00144758 -0.09370378
v 0.00260170 0.02675269 -0.10229122
v 0.00032012 0.04614633 -0.10787001
v 0.22015986 -0.49208021 -0.06218217
v 0.22012764 -0.50433797 -0.02764486
v 0.22245711 -0.49499705 -0.00369742
v 0.21929267 -0.45207849 -0.02391628
v 0.21456820 -0.36797804 0.00489495
v 0.20387225 -0.33323523 -0.01045569
v 0.18948485 -0.53714871 -0.11672810
v 0.21035650 -0.51671976 -0.08878687
v 0.03420831 -0.32542381 -0.11248671
v 0.03859676 -0.25683776 -0.13216849
v 0.03140354 -0.21532258 -0.12526637
v 0.19399695 -0.22040258 -0.00061292
v 0.01997508 -0.16088423 -0.10633630
v 0.01757056 -0.13638969 -0.09987295
v 0.16432269 -0.10455501 0.01588714
v 0.15946843 -0.08592899 0.01647957
v 0.18014452 -0.15375434 0.01199079
v 0.00308859 -0.46203750 -0.13569853
v 0.00532166 -0.44594449 -0.12310021
v 0.13146529 -0.52639258 -0.15586349
v 0.16585484 -0.53328681 -0.14703541
v 0.11328772 -0.53661329 -0.16395758
v 0.05036537 -0.52258229 -0.17409934
v 0.03416593 -0.51835155 -0.17229062
v 0.03720361 -0.50037032 -0.15855578
v 0.05269350 -0.50671691 -0.16179359
v 0.03549455 -0.47929704 -0.14296906
v 0.02325444 -0.46141735 -0.13029963
v 0.05285524 -0.47427550 -0.13696367
v 0.00194461 -0.08420287 -0.08865801
v 0.01771601 -0.11131231 -0.09334473
v 0.00338792 -0.06170498 -0.08491391
v 0.01065809 -0.03960458 -0.08608442
v 0.01991732 -0.07462879 -0.08445651
v 0.11419646 0.00645155 -0.06761853
v 0.11684239 -0.01524622 -0.05973392
v 0.08865143 -0.03232541 -0.07419554
v 0.05536062 -0.00357505 -0.08937777
v 0.04467688 0.00917506 -0.09434821
v 0.05141730 -0.02813548 -0.08554215
v 0.09961749 0.03283631 -0.08861433
v 0.13849775 -0.07686392 -0.03669749
v 0.00090894 0.00889743 -0.09617486
v 0.02339232 0.01616996 -0.09826597
v 0.22718677 -0.45096105 0.02712719
v 0.21426356 -0.43049914 0.00060496
v 0.22178660 -0.51110512 -0.05287156
v 0.21709408 -0.50318909 -0.07572703
v 0.22067273 -0.49073935 -0.04324199
v 0.21751098 -0.48082247 -0.02501972
v 0.21016978 -0.32676265 0.00555024
v 0.21272939 -0.53859997 -0.08451418
v 0.18586467 -0.49345210 -0.12647046
v 0.02300492 -0.27076435 -0.13164291
v 0.02139267 -0.24705872 -0.13123058
v 0.01009264 -0.26067176 -0.13284932
v 0.01303303 -0.20290451 -0.12241798
v 0.01722992 -0.22431406 -0.12711757
v 0.00493365 -0.18976766 -0.11730675
v 0.02605846 -0.19445015 -0.11952675
v 0.19781868 -0.21715407 0.01904190
v 0.19718076 -0.23750633 0.00913640
v 0.19294955 -0.19868439 0.01325297
v 0.20375605 -0.27229130 0.01135873
v 0.20982371 -0.29303038 0.00934153
v 0.17036232 -0.12238939 0.01752681
v 0.17585894 -0.13865757 0.01988802
v 0.17195578 -0.13562372 -0.00056977
v 0.17621753 -0.15481924 -0.01137085
v 0.16804893 -0.13908760 -0.01820757
v 0.14937246 -0.08531998 -0.02163215
v 0.14240436 -0.10063750 -0.03971087
v 0.14187190 -0.06200555 -0.02084026
v 0.15056477 -0.05955760 -0.00085444
v 0.13026519 -0.05318575 -0.03898229
v 0.15705207 -0.09403297 -0.00568751
v 0.15308423 -0.07444352 -0.00153619
v 0.15011418 -0.04258807 0.01586629
v 0.02910150 -0.44173047 -0.11703812
v 0.04291219 -0.46069372 -0.12759285
v 0.01245826 -0.38421321 -0.09993728
v 0.02391309 -0.39498630 -0.10183220
v 0.13353924 -0.54398346 -0.16303807
v 0.17939796 -0.53925097 -0.13046291
v 0.17922141 -0.52126628 -0.13300644
v 0.08185183 -0.45738289 -0.12061106
v 0.08550026 -0.49193299 -0.13816503
v 0.07213583 -0.50418901 -0.15169272
v 0.14543271 -0.04332076 -0.00983068
v 0.14914754 -0.02684313 0.00308832
v 0.03554554 -0.12669620 -0.09580898
v 0.03715631 -0.08006904 -0.08655615
v 0.12886201 -0.01566963 -0.04685705
v 0.07847121 0.00102086 -0.08525062
v 0.07522611 -0.01654407 -0.08184891
v 0.06607409 0.01615640 -0.09306703
v 0.06664090 0.03662846 -0.09981161
v 0.08403108 0.02200764 -0.09036990
v 0.04931419 -0.05129085 -0.08453519
v 0.03116178 -0.03215533 -0.08651204
v 0.07204144 -0.04057891 -0.08008723
v 0.05213590 -0.07088743 -0.08305387
v 0.07270665 -0.05767304 -0.08091566
v 0.22976892 -0.46846482 0.01277194
v 0.22011331 -0.44755769 0.00408867
v 0.21317279 -0.41523078 0.01063006
v 0.21960959 -0.43320915 0.02255779
v 0.20892042 -0.49610254 -0.09005970
v 0.20753849 -0.47856075 -0.09329191
v 0.21592900 -0.48073187 -0.07836376
v 0.21560158 -0.38262206 0.00813150
v 0.20920333 -0.40130287 0.00000635
v 0.01219806 -0.32589650 -0.10819214
v 0.02079809 -0.34132376 -0.10463352
v 0.01573473 -0.36403853 -0.10031942
v 0.04006811 -0.23356569 -0.12902737
v 0.05575556 -0.24918252 -0.13138302
v 0.07364067 -0.26118565 -0.13100389
v 0.04417381 -0.27301785 -0.13225755
v 0.05734444 -0.27086729 -0.13283436
v 0.00487878 -0.27986079 -0.12464444
v 0.05848895 -0.21199216 -0.12316482
v 0.05104323 -0.22290392 -0.12651372
v 0.18826237 -0.24612543 -0.02790212
v 0.18733209 -0.22775289 -0.02331609
v 0.19374666 -0.24452303 -0.00715700
v 0.17841873 -0.22503214 -0.04185384
v 0.18149291 -0.18875000 -0.02513985
v 0.18281905 -0.17516285 -0.01169396
v 0.17477466 -0.20020938 -0.04386581
v 0.18964532 -0.19794902 -0.00454611
v 0.16235083 -0.19318624 -0.06130420
v 0.17700832 -0.17125081 -0.02594449
v 0.20437573 -0.30874020 -0.00806429
v 0.20564044 -0.28874668 -0.00598509
v 0.21098989 -0.31096858 0.00959022
v 0.16057761 -0.14061683 -0.03529184
v 0.13679643 -0.03987492 -0.02779545
v 0.11887078 -0.05195399 -0.05233029
v 0.04059564 -0.40436411 -0.10357930
v 0.18955176 -0.51519310 -0.11837739
v 0.06751886 -0.52198660 -0.16770372
v 0.11062819 -0.51688391 -0.14773968
v 0.13422337 -0.50556701 -0.14725602
v 0.16122314 -0.50976628 -0.14625427
v 0.16906689 -0.48979357 -0.13682297
v 0.18886676 -0.47219709 -0.12047700
v 0.19879980 -0.48902339 -0.10951849
v 0.20050447 -0.46748182 -0.10584855
v 0.18991406 -0.44965914 -0.11491445
v 0.20168050 -0.44525951 -0.09973670
v 0.06821993 -0.46759599 -0.12660705
v 0.11400001 -0.47783223 -0.13912037
v 0.10423194 -0.49377733 -0.13649358
v 0.10275383 -0.45690963 -0.13420117
v 0.09096361 -0.47801983 -0.12837534
v 0.11920400 -0.49398103 -0.14352693
v 0.12412569 -0.46113813 -0.13253292
v 0.09122266 -0.50759488 -0.14652070
v 0.03787210 -0.10624211 -0.08795305
v 0.02852788 -0.05804396 -0.08422145
v 0.10636207 -0.08893135 -0.07271529
v 0.21963131 -0.47449064 -0.05862918
v 0.20107087 -0.37894908 -0.02560439
v 0.20621139 -0.35853034 -0.01613017
v 0.20982809 -0.34913531 0.00526163
v 0.01929541 -0.29601184 -0.12146515
v 0.01901524 -0.31220332 -0.11465640
v 0.04757935 -0.33856425 -0.10915402
v 0.03561092 -0.36081040 -0.10230222
v 0.02669319 -0.37470976 -0.10091110
v 0.02444085 -0.17912918 -0.11236053
v 0.04471739 -0.16508386 -0.10618964
v 0.03605485 -0.14713155 -0.10164785
v 0.04235240 -0.20338787 -0.12176144
v 0.06031933 -0.19301710 -0.11647235
v 0.19148266 -0.26086134 -0.00812784
v 0.18833996 -0.18190943 0.00976196
v 0.18392836 -0.16765592 0.00555142
v 0.15179324 -0.17382507 -0.06622940
v 0.16949481 -0.15853782 -0.03297743
v 0.16013014 -0.15707263 -0.04768038
v 0.15962921 -0.12567130 -0.02642391
v 0.11590347 -0.03392991 -0.05600920
v 0.09156571 -0.04828594 -0.07243367
v 0.08891617 -0.07532933 -0.07759840
v 0.10515498 -0.05282484 -0.06391371
v 0.09613805 -0.06616932 -0.07312488
v 0.04079653 -0.38017830 -0.10180183
v 0.05296735 -0.39267111 -0.10566933
v 0.03822494 -0.42062402 -0.10722309
v 0.07883794 -0.42471784 -0.12238146
v 0.08968365 -0.44003800 -0.12880452
v 0.06853274 -0.44520733 -0.11450827
v 0.06564870 -0.42760280 -0.11142452
v 0.06774414 -0.40978217 -0.11293194
v 0.08438361 -0.40119749 -0.12255686
v 0.14446302 -0.39999011 -0.12101489
v 0.10195024 -0.42101139 -0.12414773
v 0.10686282 -0.40354678 -0.11493338
v 0.17712340 -0.50567603 -0.13545167
v 0.19109397 -0.42866480 -0.10865387
v 0.21705908 -0.45674932 -0.07026709
v 0.07145368 -0.48581952 -0.13767712
v 0.17355862 -0.45736638 -0.12471133
v 0.17074201 -0.43693629 -0.11922078
v 0.13251108 -0.48576754 -0.13680792
v 0.21495838 -0.43608245 -0.03966543
v 0.20556039 -0.38108182 -0.01084130
v 0.19154911 -0.35298491 -0.07947750
v 0.19749895 -0.33162650 -0.05282591
v 0.05103496 -0.35952064 -0.10532837
v 0.06588062 -0.34741506 -0.11173016
v 0.05912611 -0.37107885 -0.10823870
v 0.04391208 -0.18454409 -0.11423422
v 0.15265858 -0.13945024 -0.04674345
v 0.05289511 -0.41253313 -0.10659635
v 0.06762903 -0.38680968 -0.11596464
v 0.11394516 -0.43846348 -0.12205467
v 0.20516002 -0.39773679 -0.07595097
v 0.19375393 -0.41267809 -0.09177424
v 0.16786140 -0.39155430 -0.10838259
v 0.15868115 -0.40579173 -0.11828665
v 0.18049410 -0.39773646 -0.09918230
v 0.14374439 -0.41832620 -0.11469619
v 0.21222517 -0.43959063 -0.07855109
v 0.15121695 -0.49140304 -0.13766500
v 0.14198039 -0.46574411 -0.13084593
v 0.14920518 -0.44973695 -0.12084389
v 0.15743159 -0.47053197 -0.13098282
v 0.17290933 -0.47424823 -0.13083456
v 0.07249974 -0.08218303 -0.08029324
v 0.09054983 -0.09636293 -0.07806243
v 0.21545725 -0.46073774 -0.03599338
v 0.21607026 -0.45350632 -0.04987035
v 0.21505292 -0.41847444 -0.03162683
v 0.19690692 -0.37073153 -0.04696027
v 0.20175679 -0.35772523 -0.03513481
v 0.05058355 -0.28930053 -0.12827241
v 0.05054976 -0.31982359 -0.11830841
v 0.10750093 -0.32911718 -0.12185689
v 0.14572565 -0.15440203 -0.06356780
v 0.13570434 -0.13431942 -0.06301749
v 0.13645397 -0.16601834 -0.07772046
v 0.10451926 -0.10663661 -0.07694551
v 0.11737983 -0.13438880 -0.07606467
v 0.09750722 -0.12607718 -0.08269011
v 0.09339342 -0.14298199 -0.09197001
v 0.13194162 -0.11244150 -0.05803387
v 0.11959624 -0.09942151 -0.06548892
v 0.08723922 -0.11265226 -0.08437977
v 0.11588015 -0.07590333 -0.06048867
v 0.07652642 -0.12586235 -0.09192250
v 0.12751061 -0.06994477 -0.04829312
v 0.14736876 -0.12307730 -0.04449997
v 0.12450809 -0.42325747 -0.11404146
v 0.12874238 -0.40359071 -0.12262972
v 0.13511111 -0.38314766 -0.12158632
v 0.11392924 -0.38469291 -0.12733051
v 0.09582884 -0.34394318 -0.13121302
v 0.21010230 -0.41889149 -0.07799980
v 0.14266869 -0.43567991 -0.11534275
v 0.15732539 -0.42768976 -0.11394851
v 0.05116893 -0.12338888 -0.09137364
v 0.05137528 -0.14338519 -0.09893139
v 0.06720977 -0.13992283 -0.09459423
v 0.07292440 -0.10241865 -0.08712196
v 0.21417506 -0.43504736 -0.01778363
v 0.21609677 -0.42100194 -0.05474552
v 0.20617941 -0.39930689 -0.02198316
v 0.21319340 -0.40503365 -0.04147697
v 0.21301588 -0.41666269 -0.01316457
v 0.21010137 -0.38952485 -0.05245644
v 0.20030493 -0.34563240 -0.04508319
v 0.19020268 -0.35407650 -0.06290010
v 0.18396518 -0.33422238 -0.07203944
v 0.19202152 -0.38828045 -0.08119231
v 0.18318960 -0.36280569 -0.08947055
v 0.20114736 -0.34265903 -0.02731065
v 0.06186896 -0.30818424 -0.12636565
v 0.12823607 -0.15130492 -0.07698894
v 0.15204133 -0.38519725 -0.11416528
v 0.16473097 -0.37840518 -0.09580195
v 0.14438765 -0.36989459 -0.10516012
v 0.14428493 -0.32451159 -0.10651710
v 0.14537801 -0.34677354 -0.10313610
v 0.21254945 -0.40683070 -0.06151871
v 0.18866360 -0.31466314 -0.06810567
v 0.20318806 -0.37254637 -0.06859010
v 0.19827269 -0.32398918 -0.02851526
v 0.06707942 -0.32925382 -0.11777141
v 0.08340019 -0.33800381 -0.12573904
v 0.09186816 -0.36337674 -0.11824563
v 0.10307607 -0.36768618 -0.12887478
v 0.08455047 -0.37847099 -0.11521411
v 0.09804279 -0.38223398 -0.11563968
v 0.12552771 -0.36904612 -0.11906302
v 0.17883569 -0.34153923 -0.09276344
v 0.16496669 -0.35692552 -0.09569727
v 0.13148920 -0.35514960 -0.10850061
v 0.19682273 -0.30087107 -0.03994770
v 0.08255155 -0.30296150 -0.13272810
v 0.10425979 -0.27568498 -0.12235273
v 0.09673519 -0.29403427 -0.12703468
v 0.16291644 -0.33577171 -0.10024373
v 0.17817497 -0.29645166 -0.07785083
v 0.11382671 -0.35042605 -0.11784528
v 0.12786666 -0.33492112 -0.11027396
v 0.13520980 -0.31016567 -0.10779207
v 0.11863279 -0.29210931 -0.11417357
v 0.15727137 -0.31287506 -0.10139015
v 0.14039902 -0.23441294 -0.09690560
v 0.12510271 -0.26993522 -0.11042614
v 0.15418547 -0.22479825 -0.08165421
v 0.15338218 -0.20922565 -0.07715245
v 0.08079270 -0.24257927 -0.12669034
v 0.17389512 -0.31873456 -0.09020362
v 0.14825153 -0.27087748 -0.09890548
v 0.13810189 -0.25312579 -0.10263638
v 0.15469261 -0.25213593 -0.08923598
v 0.16020600 -0.23604874 -0.07975086
v 0.16922602 -0.23586212 -0.06069932
v 0.17137289 -0.25179783 -0.07235766
v 0.11056096 -0.22053576 -0.11171465
v 0.09273545 -0.22560321 -0.11982278
v 0.13862731 -0.21222413 -0.09224912
v 0.12370173 -0.21509524 -0.10356960
v 0.14513715 -0.19511290 -0.08090563
v 0.09614978 -0.18647835 -0.10701605
v 0.13379045 -0.18114765 -0.08540714
v 0.10815676 -0.19912541 -0.10682175
v 0.09836368 -0.16232739 -0.09672899
v 0.11348762 -0.18323664 -0.09873378
v 0.12500690 -0.19576471 -0.09667944
v 0.10263617 -0.17513797 -0.10050292
v 0.11841820 -0.16579503 -0.08923573
v 0.16487920 -0.29762310 -0.09294501
v 0.15164970 -0.29938534 -0.10164627
v 0.15415499 -0.28541222 -0.09824364
v 0.17819555 -0.25034291 -0.04924892
v 0.18684326 -0.26240075 -0.03350999
v 0.18322077 -0.26827881 -0.05993229
v 0.16696139 -0.27459693 -0.08207734
v 0.12384319 -0.24705926 -0.11025037
v 0.09880771 -0.23878039 -0.12080537
v 0.08453999 -0.17360732 -0.10470165
v 0.07855204 -0.18903869 -0.11234201
v 0.09290249 -0.20427902 -0.11402752
v 0.07715062 -0.20712759 -0.11895119
v 0.06167245 -0.17676094 -0.10955613
v 0.07513975 -0.22481500 -0.12416489
v 0.01215869 -0.00949119 -0.09059356
v 0.03511247 -0.01246183 -0.08984791
v 0.16923138 -0.17658775 -0.04421022
v 0.12955980 -0.09037197 -0.05220425
v 0.19938484 -0.28199711 -0.02554449
v 0.19413550 -0.28119174 -0.04308125
v -0.21923991 -0.55189222 0.02465593
v -0.22028714 -0.55352926 0.00601313
v -0.22080986 -0.55455971 -0.01273308
v -0.22155830 -0.55534822 -0.03126482
v -0.22009331 -0.55560613 -0.04966328
v -0.21308272 -0.55506676 -0.06657586
v -0.20652314 -0.55446357 -0.08401272
v -0.20129502 -0.55431032 -0.10192827
v -0.19329709 -0.55406094 -0.11904428
v -0.18282928 -0.55432034 -0.13522166
v -0.16846550 -0.55378479 -0.14829069
v -0.15150207 -0.55267811 -0.15751377
v -0.13463470 -0.55047262 -0.16727692
v -0.11707752 -0.54891008 -0.17521624
v -0.09890175 -0.54834890 -0.18087146
v -0.08051205 -0.54764450 -0.18564101
v -0.06194453 -0.54673052 -0.18980217
v -0.04314930 -0.54552436 -0.19332317
v -0.02384975 -0.54468971 -0.19534904
v -0.00748025 0.19842273 -0.09184369
v -0.02024798 0.21291517 -0.08954658
v -0.03404994 0.22812508 -0.08693946
v -0.04741517 0.24364090 -0.08058823
v -0.05818981 0.26034454 -0.06713830
v -0.12453850 0.25251788 -0.04700237
v -0.12938912 0.24048120 -0.06193763
v -0.13230045 0.22474654 -0.07468924
v -0.13492948 0.20588306 -0.08416692
v -0.13879341 0.18595077 -0.09284061
v -0.14294337 0.16356882 -0.09487864
v -0.14835016 0.14057203 -0.09058685
v -0.15595153 0.11912373 -0.07977363
v -0.16437039 0.10220254 -0.06137008
v -0.16997498 0.09371768 -0.03592952
v -0.09749199 0.25076172 -0.06626877
v -0.12404826 0.02794668 -0.07563848
v -0.11102114 0.18205394 -0.10360565
v -0.09094203 0.26215521 -0.05177020
v -0.03579123 0.21034953 -0.09263936
v -0.14274196 0.09183538 -0.08324651
v -0.12588368 0.17527382 -0.09884670
v -0.11364195 0.24855372 -0.06089103
v -0.11915556 0.21755587 -0.08494948
v -0.06360932 0.24292965 -0.08052205
v -0.16607118 0.07356326 0.01626881
v -0.13266207 0.12996018 -0.09792984
v -0.10841476 0.25859579 -0.04721908
v -0.07459073 0.26786324 -0.05072555
v -0.16618612 0.09212167 -0.04987101
v -0.04446376 0.19964883 -0.09771222
v -0.02188111 0.18985486 -0.09490746
v -0.14282209 0.11794159 -0.08918871
v -0.13153243 0.15186909 -0.09927676
v -0.15476805 0.10330135 -0.07419772
v -0.02803516 -0.53534579 -0.18639570
v -0.02596992 -0.52230513 -0.17649600
v -0.12207779 -0.43520233 -0.11166099
v -0.14770150 -0.29597649 -0.10917585
v -0.20777635 -0.44882402 -0.06204874
v -0.22464669 -0.53765476 0.03036749
v -0.07467046 -0.03736003 -0.08331522
v -0.15367214 0.01170463 -0.00507968
v -0.12358043 0.19677092 -0.09239445
v -0.05429786 0.22152537 -0.09152951
v -0.16443284 0.05061818 0.01337819
v -0.16106775 0.03372896 0.01451575
v -0.16225109 0.04034764 -0.00808933
v -0.02745540 0.17096421 -0.11667409
v -0.15050070 0.07131656 -0.06679188
v -0.11350470 0.14207798 -0.10854869
v -0.10991861 0.16255316 -0.10810734
v -0.08631280 0.17153026 -0.11293262
v -0.06415158 0.14306782 -0.12135135
v -0.08871432 0.14702117 -0.11657740
v -0.06704666 0.16231085 -0.11668751
v -0.07932172 0.12597913 -0.11943322
v -0.10089877 0.12353499 -0.11373582
v -0.04795320 0.16366173 -0.12241702
v -0.08927900 0.10588276 -0.11544533
v -0.12860809 0.10507347 -0.09819740
v -0.04729216 -0.53423625 -0.18230715
v -0.07574373 -0.40638217 -0.10353839
v -0.19129489 -0.27796406 -0.04821251
v -0.07773238 -0.31111947 -0.12521221
v -0.07829319 -0.10064478 -0.08850144
v -0.21129614 -0.38167447 -0.03814845
v -0.23417859 -0.50546211 0.01442970
v -0.22552609 -0.54366124 -0.03025684
v -0.23117910 -0.52263671 -0.02278784
v -0.23235074 -0.51863146 -0.00060965
v -0.22990322 -0.50833029 -0.03297299
v -0.22705212 -0.53866559 -0.00564083
v -0.03544280 0.03403641 -0.10455364
v -0.04416718 -0.00095578 -0.09427281
v -0.15292978 -0.01927506 0.00341686
v -0.02009356 0.09811617 -0.11962143
v -0.06179724 0.19737412 -0.10152546
v -0.08713502 0.21918125 -0.09290341
v -0.10217431 0.22667192 -0.08539692
v -0.11095882 0.23683858 -0.07521490
v -0.10412337 0.20496798 -0.09601282
v -0.08393323 0.19758843 -0.10259736
v -0.16585097 0.06130291 -0.00309860
v -0.16309355 0.05818629 -0.02507687
v -0.15428390 0.01751814 0.02591527
v -0.15974925 0.03499401 0.03225412
v -0.14832304 0.02368890 -0.04094582
v -0.15748729 0.02178139 0.00504090
v -0.15625842 0.02611194 -0.01992810
v -0.15207036 -0.00026394 0.01096381
v -0.15535501 0.05461736 -0.04825495
v -0.14886893 0.01126178 -0.02697799
v -0.01600349 0.17254160 -0.09776093
v -0.03641113 0.17757703 -0.10195415
v -0.12017726 0.12079375 -0.10519826
v -0.02509435 -0.49122602 -0.15418613
v -0.01747426 -0.50549853 -0.16480955
v -0.03366968 -0.42455262 -0.11028787
v -0.19930813 -0.51590854 -0.11793530
v -0.17451710 -0.13548197 0.01211711
v -0.06022489 -0.16021316 -0.10223220
v -0.23056555 -0.52102053 0.02445965
v -0.23131740 -0.49433318 0.03426205
v -0.02330388 0.12994270 -0.12474396
v -0.04543215 0.13745371 -0.12414882
v -0.01799211 0.04026530 -0.10656685
v -0.02811281 -0.03698601 -0.08742844
v -0.15097812 -0.02189215 0.03002287
v -0.05385792 0.18478575 -0.11217605
v -0.07305527 0.21092658 -0.09736382
v -0.07315499 0.22717045 -0.09005347
v -0.08374620 0.23986249 -0.08053274
v -0.09483077 0.18434912 -0.10722031
v -0.07143448 0.18425453 -0.10985512
v -0.15079439 -0.00494866 -0.01209752
v -0.14962295 -0.00147421 0.03023232
v -0.06607307 -0.49991554 -0.15566203
v -0.02579921 -0.38034958 -0.09802549
v -0.04339208 -0.45602483 -0.12757580
v -0.10613135 -0.53591412 -0.16790450
v -0.12187097 -0.53393918 -0.16019639
v -0.19989109 -0.23756859 -0.00810909
v -0.19250183 -0.19631323 0.00291451
v -0.02400455 -0.23443724 -0.12806797
v -0.05471500 -0.19953649 -0.11844934
v -0.17839645 -0.14650635 0.02756533
v -0.15897466 -0.08701324 0.01467301
v -0.03563383 -0.15373704 -0.10281039
v -0.20897280 -0.53618670 -0.07626732
v -0.22578934 -0.53086478 -0.04336913
v -0.23359483 -0.46502697 0.01562475
v -0.21603319 -0.38366559 0.01353730
v -0.22433494 -0.38982838 -0.00471450
v -0.20680112 -0.33116227 -0.00374873
v -0.00843348 0.14251389 -0.12688975
v -0.01776774 0.11589992 -0.12249073
v -0.07945145 0.08285935 -0.11336804
v -0.05969556 0.12507570 -0.12145105
v -0.06583416 0.10361671 -0.11860237
v -0.01927996 0.02171199 -0.10097339
v -0.02340333 0.00368205 -0.09537961
v -0.05263763 0.03266433 -0.10347231
v -0.01977414 0.05900680 -0.11120032
v -0.05869238 0.05780180 -0.10957567
v -0.02298526 0.07835225 -0.11551984
v -0.15234436 -0.01447779 0.01800055
v -0.15297495 -0.03831135 0.01669370
v -0.13888749 0.00700157 -0.04660008
v -0.03307980 -0.34106532 -0.10355103
v -0.02862030 -0.40431625 -0.10182792
v -0.13704725 -0.52245784 -0.14411809
v -0.08575373 -0.53409648 -0.17314616
v -0.19834697 -0.53652656 -0.11469150
v -0.17342266 -0.52901787 -0.13728425
v -0.18645354 -0.54229528 -0.13425270
v -0.20932887 -0.29377985 0.01110239
v -0.20509040 -0.23912100 0.01540618
v -0.19344318 -0.19752695 0.01952475
v -0.18398461 -0.16358729 0.01869694
v -0.18788952 -0.17684743 0.01884830
v -0.00265323 -0.23950553 -0.12861799
v -0.01949936 -0.25203681 -0.13120854
v -0.01975453 -0.21724336 -0.12603712
v -0.01632247 -0.29144698 -0.12195028
v -0.16912852 -0.12155396 0.02472525
v -0.16386743 -0.10246234 0.02831047
v -0.15749423 -0.08193798 0.03052391
v -0.16422935 -0.10509125 0.00834397
v -0.01091188 -0.10789126 -0.09583639
v -0.01860682 -0.12636118 -0.09955821
v -0.01353156 -0.09335551 -0.09445429
v -0.01764589 -0.14540406 -0.10233508
v -0.03034673 -0.13619100 -0.10154869
v -0.01713831 -0.16455704 -0.10726274
v -0.21752220 -0.53845894 -0.05892090
v -0.21189329 -0.51942921 -0.06552129
v -0.22069132 -0.51535267 -0.04945506
v -0.20456660 -0.53915238 -0.09518306
v -0.21072152 -0.50191993 -0.08394209
v -0.21336161 -0.48358235 -0.07721768
v -0.23213029 -0.44168907 -0.00042297
v -0.21177788 -0.36596739 0.01399615
v -0.21641159 -0.35216534 -0.00255676
v -0.22099702 -0.37285048 -0.00408808
v -0.20618048 -0.36201575 -0.04393480
v -0.21507326 -0.36279911 -0.02354812
v -0.20501068 -0.34358156 -0.03853769
v -0.21060432 -0.34474170 -0.02153137
v -0.17990078 -0.31502634 -0.06726839
v -0.19539475 -0.31672943 -0.03959963
v -0.19899459 -0.33190453 -0.02866539
v -0.22876567 -0.42685336 0.01751786
v -0.22317129 -0.40612230 0.01566241
v -0.23371352 -0.46340200 -0.00718858
v -0.23303233 -0.48836583 -0.02191862
v -0.23501414 -0.48402661 0.01295982
v -0.23499367 -0.49796426 -0.00573065
v -0.23352656 -0.50671750 -0.01751880
v -0.02615310 -0.01523378 -0.09096690
v -0.03882266 0.01432332 -0.09884792
v -0.03724996 0.05102023 -0.10917144
v -0.08055590 0.06218383 -0.10795519
v -0.04072829 0.06951512 -0.11337281
v -0.04460016 0.09188821 -0.11813695
v -0.15160476 -0.04134327 0.03323621
v -0.13643026 0.02126519 -0.05930425
v -0.14703847 0.03769246 -0.05427703
v -0.13569747 0.03529325 -0.06890571
v -0.03505441 -0.50545669 -0.16334419
v -0.04602254 -0.51974970 -0.17172958
v -0.05676236 -0.50971776 -0.16329958
v -0.06508984 -0.53026015 -0.17539836
v -0.07508901 -0.51927781 -0.16593927
v -0.01227739 -0.34530187 -0.10156960
v -0.01672661 -0.36304325 -0.09875944
v -0.04952464 -0.40458459 -0.10395481
v -0.00854062 -0.39498627 -0.09998415
v -0.05076368 -0.43796855 -0.11798469
v -0.01392150 -0.43827412 -0.11709563
v -0.01459749 -0.45533827 -0.12948206
v -0.01815465 -0.47191828 -0.14165691
v -0.02977370 -0.44580477 -0.12174639
v -0.15348092 -0.53509498 -0.14644861
v -0.09582533 -0.52067292 -0.15997986
v -0.09852453 -0.50344312 -0.15037581
v -0.20355554 -0.52314794 -0.10559893
v -0.18429969 -0.50597978 -0.13004784
v -0.19974813 -0.27775857 -0.00178681
v -0.21221212 -0.31064492 0.00003564
v -0.21498045 -0.31596655 0.01589314
v -0.19048998 -0.22530447 -0.01692624
v -0.19220519 -0.21849415 0.00960045
v -0.18216695 -0.24881837 -0.05056324
v -0.19318286 -0.23861155 -0.03248000
v -0.20619199 -0.25505435 0.00426737
v -0.18631171 -0.20089187 -0.02554712
v -0.01768922 -0.27484131 -0.12899069
v -0.03881461 -0.24346967 -0.13050830
v -0.07303144 -0.26740152 -0.13069342
v -0.05479999 -0.25204861 -0.13130608
v -0.07350364 -0.24487838 -0.12819658
v -0.04589298 -0.26625040 -0.13155684
v -0.05042250 -0.23112643 -0.12724414
v -0.03070836 -0.20190760 -0.12092075
v -0.01983884 -0.18503293 -0.11504486
v -0.08168028 -0.22421250 -0.12174172
v -0.01926151 -0.32678381 -0.10810383
v -0.15503839 -0.08681638 -0.00647409
v -0.16763847 -0.12372202 -0.00217516
v -0.02687929 -0.11274841 -0.09869140
v -0.03892621 -0.10217123 -0.09513649
v -0.03636500 -0.08234923 -0.09336973
v -0.05190541 -0.14182121 -0.09973431
v -0.05906997 -0.10910576 -0.09361298
v -0.20746161 -0.52331722 -0.08785032
v -0.20537169 -0.50728452 -0.09876737
v -0.19981632 -0.49744964 -0.11540972
v -0.19248430 -0.48481339 -0.12106783
v -0.23220626 -0.44809771 0.01413062
v -0.19012246 -0.35598239 -0.08140723
v -0.20019066 -0.34619668 -0.05724026
v -0.22991434 -0.42132741 0.00183566
v -0.23524430 -0.47887239 -0.00668382
v -0.22220130 -0.46772179 -0.04187747
v -0.21632613 -0.48160094 -0.05637773
v -0.04094269 -0.02892679 -0.08874301
v -0.06892380 0.04642695 -0.10525164
v -0.15427788 -0.06215104 0.02956473
v -0.08589255 0.01788818 -0.09188683
v -0.10739570 -0.00454543 -0.07558322
v -0.13178053 -0.00929176 -0.05238960
v -0.05076433 -0.48923534 -0.15109159
v -0.03460112 -0.48257720 -0.14670628
v -0.04914849 -0.37055135 -0.09792507
v -0.03271247 -0.35862279 -0.09889859
v -0.01467961 -0.41638732 -0.10604772
v -0.03102143 -0.46423739 -0.13463575
v -0.14155798 -0.50195241 -0.13030975
v -0.16258962 -0.51271713 -0.13025068
v -0.15796819 -0.49689618 -0.12297273
v -0.15910006 -0.47496843 -0.12481217
v -0.14233246 -0.47949341 -0.11794707
v -0.12145770 -0.50270635 -0.13874611
v -0.12506261 -0.48405948 -0.12607189
v -0.18905877 -0.52477628 -0.13121435
v -0.17989498 -0.15126383 0.00762852
v -0.17327784 -0.14336360 -0.00938907
v -0.17613931 -0.16419487 -0.02371900
v -0.02657041 -0.26407850 -0.13206445
v -0.03669301 -0.28459477 -0.12778524
v -0.04175771 -0.21576239 -0.12436012
v -0.16212735 -0.12367170 -0.02175979
v -0.15867785 -0.10558420 -0.01522910
v -0.01656353 -0.07125591 -0.08745067
v -0.03350919 -0.05912948 -0.08662342
v -0.03918284 -0.17206565 -0.10937601
v -0.04087844 -0.18641521 -0.11498697
v -0.05919136 -0.08780825 -0.08710442
v -0.05253695 -0.07077008 -0.08971608
v -0.04627461 -0.12203866 -0.09877106
v -0.06241936 -0.12861808 -0.09780274
v -0.20649152 -0.29547977 -0.01244618
v -0.20675671 -0.31524211 -0.01829314
v -0.18771130 -0.32427892 -0.05429959
v -0.23006932 -0.47250700 -0.02675689
v -0.22202627 -0.49191627 -0.03996476
v -0.21251144 -0.46461749 -0.06043395
v -0.20857178 -0.45864108 -0.07857136
v -0.20492764 -0.47289047 -0.09294404
v -0.20530219 -0.48661938 -0.10111783
v -0.20286819 -0.45159456 -0.09645087
v -0.18157825 -0.44756702 -0.12024818
v -0.19384331 -0.44030699 -0.10664926
v -0.17720349 -0.46434933 -0.12516868
v -0.19560567 -0.46182203 -0.11123216
v -0.06094285 -0.03009623 -0.08725873
v -0.05347114 -0.04617367 -0.08606072
v -0.06952485 -0.05576029 -0.08468416
v -0.04998996 -0.01594472 -0.09054978
v -0.15566808 -0.07288346 0.01064352
v -0.15159734 -0.05783788 0.00791122
v -0.10868230 0.01809994 -0.08170873
v -0.09157006 -0.00150949 -0.08422148
v -0.07220384 0.02656129 -0.09890280
v -0.06055256 0.01399663 -0.09673491
v -0.07316908 -0.01714291 -0.08660055
v -0.09574424 -0.02263856 -0.07734038
v -0.12319337 0.00585575 -0.06581870
v -0.11628818 -0.01932953 -0.06613577
v -0.10917340 -0.03897937 -0.06585003
v -0.12775591 -0.03139582 -0.05132799
v -0.13932964 -0.02707707 -0.03655067
v -0.14374503 -0.00768588 -0.03272648
v -0.07401025 -0.34230813 -0.11021055
v -0.04467644 -0.39102918 -0.09900802
v -0.05729249 -0.41905078 -0.11120893
v -0.15248570 -0.45961553 -0.12288393
v -0.18140259 -0.16323042 -0.00544793
v -0.15504581 -0.16606218 -0.05878557
v -0.07227274 -0.14369680 -0.09713446
v -0.07630822 -0.12025308 -0.09430598
v -0.20068182 -0.29506224 -0.03388640
v -0.18042268 -0.26754892 -0.05681341
v -0.21387170 -0.49951553 -0.05846410
v -0.06769121 -0.00191732 -0.09119204
v -0.08856076 -0.04540179 -0.07740116
v -0.13329543 -0.07916772 -0.04453663
v -0.09118492 -0.38058430 -0.10271544
v -0.07034829 -0.37177634 -0.09986247
v -0.12858793 -0.46110258 -0.11321962
v -0.16684045 -0.16592230 -0.04250573
v -0.18181631 -0.22835968 -0.05180866
v -0.09044588 -0.13326089 -0.09069189
v -0.18538681 -0.28983590 -0.06242374
v -0.17395186 -0.30117399 -0.07386802
v -0.17335182 -0.31101358 -0.08798391
v -0.18474729 -0.32780719 -0.07962402
v -0.17771533 -0.37175572 -0.09048441
v -0.07534812 -0.06714454 -0.08215428
v -0.08469032 -0.08110129 -0.07919446
v -0.14052488 -0.06080441 -0.03238449
v -0.11885452 -0.11644692 -0.06877088
v -0.06590532 -0.32476142 -0.11540968
v -0.07749511 -0.39163104 -0.09936672
v -0.12056601 -0.41370347 -0.10795293
v -0.10710689 -0.37035641 -0.11770251
v -0.09838446 -0.40341622 -0.10193019
v -0.11434935 -0.39198422 -0.10858858
v -0.13708660 -0.40229174 -0.11583362
v -0.08745878 -0.36076081 -0.10840066
v -0.11433927 -0.33528721 -0.12709263
v -0.11147287 -0.35261077 -0.12643585
v -0.06762402 -0.35615000 -0.10241482
v -0.07417493 -0.43291697 -0.11736040
v -0.10537560 -0.42757493 -0.10632937
v -0.17074110 -0.24539806 -0.06700522
v -0.17961872 -0.18407659 -0.03155261
v -0.15777853 -0.18380432 -0.06526493
v -0.16810466 -0.18543182 -0.05306599
v -0.17974125 -0.20615739 -0.04519093
v -0.15329835 -0.32379180 -0.10685515
v -0.20778564 -0.38132662 -0.05972910
v -0.13646092 -0.04381639 -0.03752115
v -0.12354606 -0.04829610 -0.05262756
v -0.13005456 -0.06231934 -0.04697280
v -0.14478374 -0.07848316 -0.02642432
v -0.09593650 -0.09544148 -0.08065314
v -0.11064310 -0.09855147 -0.06818765
v -0.12762398 -0.09897789 -0.05226719
v -0.05139221 -0.34952891 -0.10221191
v -0.12420236 -0.36453462 -0.12491599
v -0.14288631 -0.44246581 -0.11987646
v -0.14044484 -0.42178690 -0.11567025
v -0.15387073 -0.40493730 -0.12442268
v -0.18030535 -0.42824647 -0.11547449
v -0.15963526 -0.42377743 -0.12529835
v -0.17486021 -0.40482640 -0.10713364
v -0.18632485 -0.38965935 -0.09409370
v -0.20499939 -0.43458837 -0.08456042
v -0.20735048 -0.42850456 -0.07011324
v -0.20493329 -0.41328073 -0.08108318
v -0.07052530 -0.44799459 -0.12541866
v -0.10709684 -0.46931225 -0.12528215
v -0.16429955 -0.14468192 -0.03121656
v -0.17166129 -0.26032674 -0.06820105
v -0.17058332 -0.21175934 -0.06095128
v -0.18474579 -0.21855880 -0.03414043
v -0.16947196 -0.32922301 -0.09733116
v -0.16115400 -0.31177917 -0.10177891
v -0.14104040 -0.31320724 -0.11433043
v -0.15655209 -0.34199414 -0.10090744
v -0.13623106 -0.33291826 -0.11205444
v -0.16049325 -0.36171705 -0.10069014
v -0.15403728 -0.37313977 -0.11394850
v -0.14100011 -0.36585543 -0.12044922
v -0.17063442 -0.38585773 -0.10423231
v -0.15931444 -0.39331946 -0.11184677
v -0.17731297 -0.34803936 -0.09233819
v -0.20198371 -0.35907122 -0.06521039
v -0.19544785 -0.37219033 -0.07769551
v -0.11500843 -0.05837085 -0.06300870
v -0.12218796 -0.08080884 -0.05805239
v -0.09664931 -0.11196676 -0.08041226
v -0.10626955 -0.13078232 -0.08140419
v -0.13872615 -0.09719793 -0.03875700
v -0.15040565 -0.11140530 -0.03358912
v -0.14694534 -0.09647478 -0.02639245
v -0.15253377 -0.12834571 -0.04084240
v -0.12630464 -0.34841388 -0.11927681
v -0.14347269 -0.35044646 -0.11134978
v -0.21682702 -0.44864747 -0.04420473
v -0.22744219 -0.45185480 -0.02372458
v -0.21432033 -0.40777469 -0.03382784
v -0.20820081 -0.40800682 -0.05724698
v -0.09550651 -0.34838662 -0.11998226
v -0.08922248 -0.33041900 -0.12231560
v -0.05669942 -0.30740461 -0.12369925
v -0.09060489 -0.44271183 -0.11445860
v -0.10827298 -0.45162180 -0.11236849
v -0.08716262 -0.45673785 -0.12710330
v -0.07271166 -0.47076863 -0.13393939
v -0.05195502 -0.47227985 -0.13813025
v -0.06718595 -0.48539475 -0.14595334
v -0.08959973 -0.47237778 -0.13553658
v -0.08465647 -0.48847529 -0.14556667
v -0.10425122 -0.48691338 -0.13882810
v -0.10049406 -0.31529862 -0.12781705
v -0.12421168 -0.31815341 -0.12205862
v -0.08923284 -0.29707113 -0.12923230
v -0.11109908 -0.29694527 -0.12548681
v -0.12954572 -0.29940420 -0.11893117
v -0.05418280 -0.29050672 -0.12846021
v -0.08523466 -0.28323126 -0.12953345
v -0.12462229 -0.38331205 -0.12194981
v -0.13996665 -0.38820946 -0.12469009
v -0.20228006 -0.39399683 -0.07814065
v -0.09902075 -0.06194389 -0.07388998
v -0.10762009 -0.07948270 -0.07218142
v -0.11929168 -0.13861233 -0.07569197
v -0.13771497 -0.11473566 -0.05059206
v -0.13673402 -0.13174130 -0.05961674
v -0.15207261 -0.14575171 -0.05047135
v -0.21955121 -0.43337062 -0.02776688
v -0.13580331 -0.28596061 -0.11395028
v -0.07057328 -0.29748380 -0.12794262
v -0.13703947 -0.14945154 -0.06770007
v -0.08918342 -0.25352913 -0.12680843
v -0.09504181 -0.26824605 -0.12711826
v -0.12885113 -0.26450118 -0.11269726
v -0.12173391 -0.27788246 -0.11914019
v -0.10817073 -0.25881413 -0.12153411
v -0.14415255 -0.25787330 -0.10037559
v -0.16240020 -0.26941225 -0.08791733
v -0.13002291 -0.24530770 -0.10789210
v -0.15911494 -0.25586122 -0.08459294
v -0.14680479 -0.27518618 -0.10440859
v -0.16040893 -0.29137883 -0.09229237
v -0.17359668 -0.27901912 -0.07706832
v -0.12522486 0.08824886 -0.09683394
v -0.13438836 0.06764765 -0.08360396
v -0.09684373 0.07342008 -0.10688553
v -0.14230564 0.05140583 -0.06897241
v -0.10299849 0.08886312 -0.10836864
v -0.10182445 0.05451384 -0.09955645
v -0.12326910 0.04602284 -0.08467932
v -0.10551646 0.03422515 -0.09029972
v -0.08660789 0.03972648 -0.09949020
v -0.14822049 -0.02683020 -0.01643967
v -0.14319742 -0.04173370 -0.02400074
v -0.15088078 -0.04004510 -0.00013444
v -0.03923927 0.11486652 -0.12180459
v -0.19059253 -0.26137382 -0.03515759
v -0.19590481 -0.27987465 -0.02481186
v -0.20032752 -0.25780699 -0.01723995
v -0.07706638 -0.19165920 -0.11220479
v -0.09872963 -0.18339513 -0.10305767
v -0.10030427 -0.16532888 -0.09548944
v -0.08374316 -0.15447420 -0.09608662
v -0.08005078 -0.17189884 -0.10379373
v -0.05909175 -0.17919204 -0.11035933
v -0.14112157 -0.17166340 -0.07494207
v -0.12139884 -0.17586714 -0.08985735
v -0.11371116 -0.19374323 -0.10098359
v -0.14986068 -0.06585737 -0.00966269
v -0.14687385 -0.04864966 -0.01191033
v -0.16790734 -0.22952820 -0.06971350
v -0.04385919 -0.32329392 -0.11364223
v -0.10285708 -0.22225067 -0.11527310
v -0.11902309 -0.21028724 -0.10415130
v -0.09723275 -0.24134099 -0.12222598
v -0.14273670 -0.21536373 -0.09015243
v -0.12842996 -0.22778887 -0.10414675
v -0.14668560 -0.23878254 -0.09331533
v -0.14863747 -0.19754307 -0.07987158
v -0.16044703 -0.19819839 -0.06839945
v -0.15588734 -0.21592011 -0.07886980
v -0.13389842 -0.19587927 -0.09047025
v -0.14147639 -0.18533967 -0.08106111
v -0.09296370 -0.20511632 -0.11288877
v -0.06821878 -0.21089090 -0.12033801
v -0.12054822 -0.15893680 -0.08366912
v -0.10259340 -0.15002404 -0.08960346
v -0.16195008 0.09420022 0.04403952
v 0.16205268 0.08583074 0.06669865
v 0.16651241 0.09609800 0.03675944
v 0.15219873 0.11486848 0.07840603
v 0.04516124 0.06440739 0.16163439
v 0.11681606 0.09202294 0.14075211
v 0.07288040 0.20960420 -0.09749702
v 0.15043110 0.10032967 -0.07411364
v 0.16594021 0.07891370 -0.00081311
v 0.16641256 0.08909815 0.00595787
v 0.14045148 0.11289036 -0.08716821
v 0.16367134 0.06102744 -0.00504605
v -0.07661511 0.25517762 -0.06760570
v -0.16351715 0.07724747 -0.04364993
v -0.15723176 0.03961183 -0.03246830
v -0.16246481 0.09155507 -0.05849918
v -0.16769201 0.07684739 -0.01721080
v -0.17041324 0.08959801 -0.01313482
v -0.16739197 0.08787234 0.01199603
v -0.15772481 0.08604667 -0.06314285
v -0.11616839 0.06907429 -0.09719455
v -0.22773081 -0.44082740 0.03717266
v -0.16329731 -0.51474941 0.21066362
v -0.10596564 0.25389200 -0.00273475
v -0.10756563 -0.51878351 0.21337466
v -0.18909861 -0.43624306 0.17439684
v -0.05527618 -0.46059984 0.17468208
v -0.04461219 -0.48586455 0.19161624
v 0.00972914 -0.40979028 0.14861248
v -0.20311588 -0.23930421 0.05023359
v -0.10186668 -0.01996778 0.11513734
v -0.21092927 -0.36219394 0.08921746
v -0.07979173 -0.18483074 0.15630156
v -0.08846086 -0.10530850 0.14178686
v -0.16713063 -0.27277240 0.12282117
v -0.19064757 -0.34095317 0.14143595
v -0.13903712 -0.12690479 0.10408842
v -0.15825365 -0.18501163 0.09929989
v -0.19787365 -0.36486387 0.13928312
v -0.07521524 -0.27318403 0.13802165
v 0.07939653 -0.52628207 0.23138341
v 0.21407464 -0.43320766 0.15896261
v 0.04906288 -0.42196047 0.16381982
v 0.02255921 -0.20707549 0.17768262
v 0.22494662 -0.40535074 0.11779275
v 0.08190054 -0.17280294 0.15873349
v 0.21606936 -0.39599127 0.13986012
v 0.20270956 -0.30614808 0.09610859
v 0.05599250 0.17848560 -0.10324489
v 0.10831885 0.12259032 -0.10834067
v -0.01122109 0.15734029 -0.12650257
v 0.13092092 0.00069978 -0.04861737
v 0.03767189 0.15466356 -0.12248108
v 0.19377057 -0.25385833 0.01749238
v 0.02130615 -0.43237969 -0.11203227
v 0.08796920 -0.52130234 -0.15814665
v 0.09868465 -0.53375196 -0.16455139
v 0.04754506 -0.43497196 -0.11195420
v -0.00838032 -0.20296189 -0.12208313
v 0.16508141 -0.11769761 -0.00641970
v 0.15536426 -0.06470729 0.01993498
v 0.07923949 -0.27811381 -0.13099092
v 0.20948777 -0.45910954 -0.08952466
v 0.12816769 -0.44524446 -0.12308977
v 0.17902145 -0.41426814 -0.11316650
v 0.04166802 -0.30622026 -0.12219076
v 0.11873797 -0.12174977 -0.07253600
v 0.10910226 -0.14452809 -0.08512773
v 0.08102653 -0.15286061 -0.09736508
v 0.10237230 -0.30696607 -0.12570260
v 0.12090745 -0.31575155 -0.11479400
v 0.09096792 -0.26007855 -0.12617970
v 0.10922261 -0.25740197 -0.11873585
v 0.20004873 -0.29777929 -0.02586611
v -0.20143329 -0.27461457 0.01629684
v -0.11320605 0.10447313 -0.10692993
v -0.22807111 -0.53195953 0.01361172
v -0.03016972 0.15027891 -0.11982020
v -0.11468700 -0.52026057 -0.15221564
v -0.13490348 -0.54108733 -0.15995958
v -0.19143268 -0.20401329 -0.01005252
v -0.18479738 -0.18024813 -0.01254980
v -0.16604197 -0.44542420 -0.12506793
v -0.19231428 -0.34031987 -0.07452883
v -0.19196089 -0.41190845 -0.09283364
v -0.21002564 -0.43305856 -0.04714357
v -0.22825615 -0.42807832 -0.01119149
v -0.08054226 -0.50163740 -0.15466329
v -0.10305878 -0.27959299 -0.12630688
v -0.11712183 -0.24201202 -0.11411526
v -0.21639690 -0.53747880 0.10878797
v -0.03125466 -0.33068070 0.16217554
v -0.09378008 -0.46709117 0.18723655
v -0.03986127 -0.41459796 0.15880956
v -0.12833275 -0.05133436 0.08970425
v -0.13650799 0.01561331 0.08409381
v -0.13056578 -0.07417635 0.09622157
v -0.21551426 -0.48406121 0.10781960
v -0.09694873 -0.11547215 0.13827428
v -0.12594056 0.05695220 0.13583240
v -0.19445285 -0.27445453 0.09558830
v -0.05712733 -0.27677253 0.14079148
v 0.02819411 -0.53264791 0.24547029
v 0.19694537 -0.52528083 0.19770871
v 0.22655858 -0.43259132 0.04112485
v 0.08922177 -0.39880303 0.16639698
v 0.22777779 -0.44604132 0.13077988
v 0.02481977 -0.28103864 0.16399640
v 0.15657374 -0.39879882 0.17173675
v 0.03588570 0.12710822 -0.12470633
v 0.02054628 0.16924509 -0.11719275
v 0.05056945 -0.09279270 -0.08800813
v 0.19951995 -0.50481224 -0.10846046
v 0.15029225 -0.51966226 -0.15216149
v 0.06026216 -0.11022601 -0.08887624
v 0.21651985 -0.43435335 -0.06284454
v 0.18930949 -0.30124280 -0.05341525
v 0.19532833 -0.36731279 -0.08094184
v 0.18161555 -0.37954682 -0.08560914
v 0.19661458 -0.31610590 -0.04668599
v 0.12435272 -0.23123832 -0.10734458
v 0.11584623 -0.23620968 -0.11300915
v -0.16782993 0.07855798 0.00071016
v -0.16421187 0.05655202 0.02768243
v -0.21948963 -0.38844439 -0.02148155
v -0.06264667 0.08003742 -0.11450718
v -0.20816086 -0.33922213 0.01785206
v -0.22717273 -0.40677196 -0.00406859
v -0.22205271 -0.40683019 -0.02191765
v -0.06078485 -0.39196911 -0.09904447
v -0.15574729 -0.23336716 -0.08371690
v -0.02394022 -0.31215167 -0.11498939
v -0.05425678 -0.33664733 -0.10734096
v -0.19058253 -0.30047572 -0.05409411
v -0.17385015 -0.48605806 -0.12772083
v -0.08197234 -0.42144564 -0.11028379
v -0.19157936 -0.42275372 -0.10275055
v -0.03802504 -0.30264741 -0.12260295
v -0.06660993 -0.28047580 -0.13057254
v 0.08494577 -0.31866366 -0.13256732
f 26 27 142
f 29 105 28
f 142 27 28
f 142 25 26
f 38 39 129
f 164 134 163
f 135 164 23
f 126 35 36
f 44 45 116
f 191 21 22
f 36 37 125
f 19 238 239
f 210 211 255
f 40 120 39
f 30 2372 105
f 19 239 18
f 2372 113 106
f 105 29 30
f 111 104 154
f 353 18 239
f 34 35 122
f 589 91 586
f 81 82 83
f 585 587 112
f 288 192 286
f 75 103 199
f 294 269 17
f 93 94 204
f 10 533 229
f 277 11 12
f 587 145 112
f 15 267 14
f 49 169 736
f 87 118 2305
f 5 231 4
f 81 83 111
f 189 2 2405
f 1862 163 22
f 31 32 113
f 189 188 2
f 231 284 4
f 150 166 105
f 96 160 95
f 206 209 208
f 172 91 92
f 123 118 88
f 109 44 116
f 2305 108 86
f 111 154 114
f 84 104 83
f 79 80 114
f 117 174 113
f 584 127 588
f 75 76 103
f 91 172 586
f 235 161 190
f 155 120 40
f 125 37 38
f 582 128 153
f 118 123 124
f 43 44 109
f 124 123 127
f 121 109 128
f 123 89 127
f 45 46 110
f 58 220 219
f 110 100 116
f 46 139 110
f 177 178 99
f 151 33 34
f 585 78 583
f 47 101 46
f 117 33 151
f 196 50 51
f 33 117 32
f 242 55 300
f 119 155 41
f 42 121 119
f 221 218 220
f 122 175 151
f 53 194 240
f 110 116 45
f 240 2310 816
f 114 584 583
f 127 89 90
f 86 108 85
f 139 46 101
f 41 42 119
f 118 124 154
f 74 75 198
f 199 750 198
f 112 77 78
f 79 583 78
f 108 104 84
f 109 121 43
f 104 111 83
f 2305 86 87
f 118 87 88
f 81 111 80
f 117 113 32
f 123 88 89
f 108 84 85
f 114 583 79
f 119 121 128
f 126 122 35
f 588 586 587
f 66 67 230
f 121 42 43
f 114 154 124
f 30 31 2372
f 104 108 2305
f 118 154 2305
f 750 140 73
f 100 177 181
f 71 252 70
f 111 114 80
f 461 136 352
f 280 230 278
f 223 852 270
f 125 126 36
f 155 40 41
f 175 122 126
f 129 125 38
f 405 183 404
f 130 129 120
f 115 130 405
f 120 2306 130
f 115 212 2304
f 322 318 319
f 227 532 410
f 230 342 65
f 161 189 190
f 135 165 164
f 245 52 921
f 698 169 48
f 100 110 139
f 100 139 138
f 138 139 48
f 148 143 145
f 171 72 73
f 147 246 102
f 205 92 93
f 148 144 143
f 166 142 105
f 135 25 142
f 23 24 135
f 145 143 77
f 145 149 148
f 144 103 143
f 143 76 77
f 103 102 199
f 112 145 77
f 144 147 102
f 146 173 304
f 149 145 587
f 149 146 148
f 586 149 587
f 144 148 304
f 166 150 97
f 237 150 106
f 113 2372 31
f 460 2307 107
f 151 175 176
f 151 34 122
f 109 152 128
f 128 152 153
f 109 116 181
f 153 152 99
f 99 152 177
f 152 109 181
f 99 178 2309
f 589 127 90
f 2306 120 155
f 419 411 420
f 270 271 328
f 363 496 534
f 282 395 446
f 345 235 285
f 208 141 206
f 188 233 160
f 21 191 2303
f 164 163 1862
f 163 134 192
f 23 164 1862
f 166 165 135
f 346 165 97
f 134 164 165
f 165 166 97
f 142 166 135
f 350 238 351
f 416 415 411
f 261 215 216
f 215 261 2308
f 298 299 2373
f 301 433 2373
f 214 179 2309
f 2309 178 213
f 137 177 138
f 48 169 138
f 72 71 864
f 253 201 251
f 203 95 483
f 172 92 205
f 146 205 173
f 172 205 146
f 205 204 173
f 249 173 206
f 106 113 174
f 150 2372 106
f 151 174 117
f 176 254 174
f 175 210 176
f 311 310 210
f 169 137 138
f 178 177 137
f 256 261 216
f 178 137 213
f 2309 179 180
f 214 2309 213
f 49 213 137
f 185 2374 182
f 183 582 184
f 152 181 177
f 180 184 153
f 582 153 184
f 115 405 457
f 184 180 185
f 182 183 184
f 2308 261 314
f 184 185 182
f 314 2374 185
f 318 320 277
f 353 239 293
f 411 415 431
f 370 273 334
f 7 8 228
f 282 446 2377
f 435 591 434
f 533 11 277
f 278 67 68
f 281 342 230
f 308 307 302
f 342 281 374
f 133 233 235
f 483 95 160
f 1 2 2282
f 188 161 233
f 483 484 450
f 209 204 203
f 190 189 234
f 188 189 161
f 284 190 234
f 193 162 236
f 163 191 22
f 346 237 2379
f 238 20 351
f 293 239 350
f 265 57 218
f 197 51 52
f 921 2310 245
f 197 52 168
f 168 52 245
f 196 213 50
f 199 198 75
f 144 102 103
f 140 199 102
f 249 304 173
f 403 356 306
f 70 305 69
f 140 171 73
f 202 72 171
f 171 247 251
f 252 202 201
f 203 204 94
f 95 203 94
f 173 204 206
f 205 93 204
f 208 209 207
f 483 160 484
f 307 309 302
f 204 209 206
f 483 209 203
f 349 254 310
f 286 192 134
f 254 176 310
f 151 176 174
f 211 126 212
f 255 107 311
f 211 175 126
f 211 312 255
f 357 212 115
f 125 2304 126
f 312 211 212
f 50 213 49
f 214 213 196
f 214 196 215
f 215 197 168
f 297 259 258
f 258 259 257
f 216 215 168
f 217 168 245
f 217 194 258
f 257 464 256
f 168 217 2375
f 185 180 179
f 153 99 180
f 2309 180 99
f 100 138 177
f 116 100 181
f 185 179 2308
f 262 58 59
f 263 59 60
f 243 355 242
f 262 220 58
f 262 361 468
f 57 219 218
f 218 219 220
f 508 517 506
f 266 355 243
f 409 221 220
f 368 15 16
f 186 2311 267
f 271 955 62
f 273 62 63
f 329 272 328
f 224 333 61
f 263 361 262
f 592 226 6
f 592 6 225
f 7 225 6
f 226 337 283
f 282 231 232
f 6 226 274
f 228 8 187
f 187 8 227
f 187 276 228
f 228 225 7
f 229 9 1885
f 227 8 9
f 10 11 533
f 227 229 532
f 9 229 227
f 230 67 278
f 279 68 69
f 281 280 159
f 369 335 342
f 232 231 5
f 454 399 480
f 160 96 188
f 235 233 161
f 484 233 133
f 189 3 234
f 285 190 284
f 235 190 285
f 193 236 20
f 191 192 193
f 163 192 191
f 150 237 97
f 237 106 348
f 239 238 350
f 236 351 20
f 293 350 167
f 294 18 353
f 326 269 325
f 245 240 217
f 295 53 241
f 299 54 55
f 241 195 295
f 241 54 299
f 299 242 2373
f 57 265 56
f 221 244 266
f 196 51 197
f 240 245 2310
f 304 250 147
f 246 200 247
f 102 246 140
f 170 247 200
f 171 251 202
f 140 247 171
f 246 247 140
f 200 248 170
f 200 246 147
f 309 141 208
f 248 200 250
f 304 147 144
f 250 249 141
f 247 170 251
f 253 251 170
f 141 249 206
f 202 252 71
f 356 252 201
f 356 305 252
f 338 339 279
f 201 202 251
f 254 106 174
f 106 254 348
f 211 210 175
f 257 256 2375
f 2375 256 216
f 464 260 256
f 258 257 2375
f 464 257 359
f 297 258 194
f 260 98 314
f 179 214 2308
f 263 262 59
f 264 263 60
f 361 263 264
f 60 333 264
f 315 361 264
f 316 361 317
f 266 265 218
f 300 56 243
f 221 266 218
f 266 244 355
f 13 14 2311
f 319 186 323
f 368 267 15
f 268 222 16
f 268 17 269
f 16 222 368
f 222 268 269
f 271 270 955
f 223 270 328
f 273 271 62
f 330 332 377
f 329 328 271
f 329 331 272
f 334 63 64
f 64 65 335
f 369 336 370
f 275 226 283
f 226 275 274
f 5 275 232
f 337 226 592
f 276 434 228
f 227 410 187
f 499 187 410
f 410 470 499
f 568 131 2380
f 187 499 276
f 435 434 2318
f 277 531 533
f 279 278 68
f 305 279 69
f 338 279 305
f 339 280 278
f 371 340 159
f 230 65 66
f 335 65 342
f 373 281 159
f 281 373 374
f 283 282 232
f 283 343 282
f 231 282 2377
f 283 232 275
f 392 395 343
f 4 284 234
f 284 2377 285
f 446 344 399
f 134 165 346
f 346 97 237
f 134 346 286
f 288 347 287
f 347 286 2379
f 288 287 292
f 351 290 289
f 162 292 290
f 292 162 288
f 192 288 162
f 292 291 290
f 291 352 289
f 291 289 290
f 167 289 352
f 417 293 2313
f 269 294 325
f 194 53 295
f 298 296 195
f 354 474 512
f 297 194 295
f 298 433 296
f 299 298 195
f 242 299 55
f 265 243 56
f 242 300 243
f 425 354 296
f 309 208 303
f 450 485 453
f 208 207 303
f 250 141 248
f 250 304 249
f 252 305 70
f 201 253 306
f 308 403 306
f 307 306 253
f 306 307 308
f 302 309 303
f 447 302 303
f 403 308 481
f 248 309 307
f 309 248 141
f 170 248 307
f 310 176 210
f 311 107 578
f 310 311 563
f 255 311 210
f 512 259 354
f 256 260 261
f 2308 314 185
f 260 314 261
f 315 391 317
f 264 333 360
f 361 315 317
f 318 277 12
f 318 322 320
f 12 13 318
f 2311 318 13
f 267 2311 14
f 318 2311 319
f 366 545 323
f 502 321 364
f 321 320 322
f 364 321 322
f 321 157 365
f 323 322 319
f 324 323 186
f 186 267 367
f 2313 412 417
f 269 326 222
f 411 327 326
f 590 328 272
f 273 329 271
f 330 329 273
f 330 370 332
f 377 375 376
f 378 379 331
f 330 331 329
f 377 332 375
f 360 224 593
f 333 224 360
f 335 334 64
f 374 398 336
f 273 370 330
f 338 305 356
f 339 338 371
f 278 279 339
f 230 280 281
f 481 372 403
f 302 482 308
f 341 397 398
f 282 343 395
f 340 441 439
f 284 231 2377
f 401 2377 446
f 441 442 455
f 456 451 345
f 286 346 2379
f 402 348 349
f 348 254 349
f 563 349 310
f 289 167 350
f 290 351 236
f 350 351 289
f 519 520 575
f 414 352 136
f 414 167 352
f 353 293 417
f 294 353 325
f 195 297 295
f 297 296 354
f 242 355 2373
f 266 243 265
f 503 355 244
f 2373 355 301
f 306 356 201
f 338 356 403
f 400 449 447
f 481 442 372
f 357 312 212
f 98 260 462
f 255 312 406
f 466 464 465
f 465 359 530
f 259 359 257
f 360 388 315
f 264 360 315
f 316 409 468
f 384 385 382
f 388 391 315
f 323 364 322
f 366 430 545
f 368 367 267
f 327 368 222
f 367 324 186
f 367 327 419
f 368 327 367
f 326 327 222
f 424 418 2316
f 334 335 369
f 369 370 334
f 332 370 336
f 371 159 280
f 439 159 340
f 339 371 280
f 403 372 371
f 340 371 372
f 439 373 159
f 374 373 341
f 398 374 341
f 342 374 369
f 373 439 341
f 375 445 376
f 336 375 332
f 478 568 386
f 379 380 158
f 331 377 378
f 379 378 380
f 388 360 593
f 590 272 158
f 379 272 331
f 382 158 384
f 384 158 380
f 388 387 391
f 380 381 384
f 542 499 470
f 387 385 2314
f 394 393 438
f 593 158 382
f 378 383 2315
f 438 376 445
f 477 492 436
f 382 385 387
f 131 568 541
f 568 2380 386
f 437 386 383
f 2315 383 386
f 378 377 383
f 377 376 383
f 2380 2315 386
f 378 2315 380
f 2314 385 436
f 382 387 388
f 436 385 477
f 2314 391 387
f 317 391 390
f 2376 479 392
f 395 2312 344
f 2376 392 343
f 337 2376 283
f 394 445 396
f 393 437 438
f 2312 392 394
f 393 394 392
f 396 2312 394
f 344 2312 132
f 446 395 344
f 132 2312 396
f 398 396 445
f 396 398 397
f 443 444 132
f 447 303 448
f 345 285 401
f 2381 453 451
f 448 450 453
f 235 345 133
f 133 345 451
f 286 347 288
f 402 347 2379
f 348 2379 237
f 359 259 512
f 354 259 297
f 549 508 507
f 338 403 371
f 2306 405 130
f 358 407 457
f 182 404 183
f 183 405 2306
f 457 405 404
f 406 107 255
f 107 406 460
f 312 407 406
f 407 358 489
f 357 407 312
f 313 467 528
f 2374 490 488
f 464 359 465
f 363 534 156
f 363 156 316
f 537 409 156
f 468 409 220
f 156 409 316
f 321 365 320
f 320 365 531
f 531 277 320
f 470 410 469
f 323 324 366
f 167 414 2313
f 2313 414 413
f 412 2313 413
f 428 412 413
f 416 412 415
f 416 411 326
f 415 412 428
f 325 416 326
f 419 420 2382
f 411 419 327
f 367 419 324
f 420 424 421
f 427 426 431
f 433 301 504
f 476 2320 518
f 432 429 426
f 546 418 509
f 421 430 366
f 425 422 474
f 431 415 427
f 476 413 414
f 415 428 427
f 555 557 516
f 430 421 2316
f 548 473 430
f 565 538 566
f 355 503 301
f 507 506 505
f 513 474 517
f 518 413 476
f 426 418 424
f 510 554 509
f 431 426 424
f 558 432 423
f 429 418 426
f 433 425 296
f 425 433 511
f 374 336 369
f 375 336 398
f 479 478 437
f 479 437 393
f 2318 434 276
f 568 435 541
f 478 435 568
f 436 492 493
f 2314 436 389
f 438 437 383
f 376 438 383
f 394 438 445
f 443 439 441
f 442 441 340
f 456 399 454
f 340 372 442
f 441 440 443
f 308 482 481
f 455 442 486
f 443 440 444
f 440 452 454
f 132 397 443
f 341 443 397
f 454 444 440
f 132 444 480
f 398 445 375
f 401 446 399
f 448 303 207
f 400 486 449
f 448 207 450
f 400 447 448
f 447 449 482
f 450 207 483
f 450 484 485
f 452 2381 456
f 133 451 485
f 456 454 452
f 453 400 448
f 455 452 440
f 2381 452 486
f 485 451 453
f 400 453 2381
f 454 480 444
f 441 455 440
f 486 442 449
f 345 401 456
f 457 357 115
f 357 457 407
f 488 457 404
f 182 488 404
f 523 458 313
f 526 291 487
f 573 461 526
f 459 579 2307
f 581 576 577
f 291 461 352
f 98 408 490
f 462 260 464
f 408 98 462
f 408 463 490
f 457 488 358
f 458 489 313
f 408 466 467
f 462 464 466
f 466 465 529
f 462 466 408
f 408 467 463
f 262 468 220
f 316 468 361
f 469 365 2319
f 472 470 2319
f 531 365 469
f 469 2319 470
f 276 499 2318
f 477 131 498
f 472 542 470
f 471 492 498
f 544 493 494
f 472 471 542
f 501 430 473
f 502 545 501
f 156 534 536
f 474 422 517
f 524 528 525
f 425 474 354
f 461 573 559
f 136 476 414
f 559 2320 476
f 131 477 381
f 437 478 386
f 392 479 393
f 478 591 435
f 443 341 439
f 399 344 480
f 132 480 344
f 449 442 481
f 447 482 302
f 481 482 449
f 209 483 207
f 233 484 160
f 484 133 485
f 2381 486 400
f 455 486 452
f 2374 488 182
f 490 2374 98
f 292 487 291
f 347 402 562
f 287 487 292
f 576 526 487
f 358 488 490
f 467 313 463
f 523 528 524
f 406 407 489
f 463 489 358
f 490 463 358
f 529 465 491
f 530 512 513
f 557 525 529
f 469 532 531
f 531 532 533
f 498 492 477
f 492 471 494
f 472 495 494
f 493 492 494
f 472 494 471
f 495 157 543
f 493 362 389
f 497 389 362
f 389 436 493
f 362 564 496
f 389 497 390
f 496 363 497
f 363 390 497
f 542 498 541
f 541 2318 542
f 501 545 430
f 502 501 500
f 569 538 565
f 544 494 495
f 500 543 502
f 321 502 157
f 364 323 545
f 503 567 504
f 244 221 2383
f 505 504 567
f 433 504 511
f 503 504 301
f 507 508 506
f 422 425 511
f 505 506 511
f 549 510 508
f 549 507 550
f 418 429 509
f 515 594 522
f 522 429 558
f 511 504 505
f 511 506 422
f 359 512 530
f 513 512 474
f 514 513 475
f 513 516 530
f 514 515 571
f 555 516 514
f 594 510 522
f 491 530 516
f 514 516 513
f 513 517 475
f 506 517 422
f 517 508 475
f 2317 427 518
f 574 573 580
f 427 428 518
f 413 518 428
f 520 2317 2320
f 518 2320 2317
f 570 556 572
f 520 423 2317
f 520 519 423
f 519 521 423
f 429 432 558
f 571 555 514
f 521 558 423
f 558 515 522
f 556 521 519
f 521 571 558
f 559 574 2320
f 523 459 460
f 524 560 561
f 458 523 460
f 313 528 523
f 570 557 555
f 525 570 560
f 291 526 461
f 581 526 576
f 402 349 527
f 578 577 527
f 529 528 467
f 525 528 529
f 529 467 466
f 529 491 557
f 465 530 491
f 410 532 469
f 229 533 532
f 535 496 564
f 534 496 535
f 552 553 547
f 540 507 505
f 535 551 534
f 362 493 539
f 535 564 565
f 552 547 554
f 2321 536 551
f 534 551 536
f 409 537 221
f 536 2321 537
f 156 536 537
f 2321 2383 537
f 501 538 500
f 473 538 501
f 566 553 565
f 540 505 567
f 544 539 493
f 566 538 473
f 541 498 131
f 471 498 542
f 502 543 157
f 569 543 500
f 500 538 569
f 364 545 502
f 547 566 473
f 418 546 548
f 547 548 546
f 550 507 540
f 510 549 554
f 549 550 552
f 553 551 535
f 565 553 535
f 551 552 550
f 547 553 566
f 552 551 553
f 546 554 547
f 552 554 549
f 546 509 554
f 509 429 522
f 509 522 510
f 555 571 556
f 570 572 560
f 521 556 571
f 556 519 572
f 516 557 491
f 515 558 571
f 561 560 572
f 524 525 560
f 575 561 572
f 523 524 459
f 562 287 347
f 487 562 576
f 287 562 487
f 527 562 402
f 577 562 527
f 577 579 581
f 362 496 497
f 539 564 362
f 539 565 564
f 565 539 569
f 244 567 503
f 2383 567 244
f 537 2383 221
f 2321 540 2383
f 550 540 2321
f 2318 541 435
f 544 495 543
f 544 569 539
f 543 569 544
f 548 547 473
f 557 570 525
f 556 570 555
f 519 575 572
f 581 580 573
f 580 575 574
f 520 574 575
f 559 573 574
f 559 136 461
f 476 136 559
f 580 561 575
f 577 576 562
f 527 563 578
f 578 563 311
f 580 579 459
f 526 581 573
f 577 578 579
f 561 580 459
f 580 581 579
f 582 2306 119
f 585 112 78
f 124 584 114
f 127 584 124
f 583 584 585
f 149 586 172
f 588 587 585
f 584 588 585
f 589 588 127
f 91 589 90
f 588 589 586
f 593 590 158
f 328 590 223
f 225 434 591
f 592 591 2378
f 434 225 228
f 388 593 382
f 594 475 508
f 514 475 515
f 475 594 515
f 510 594 508
f 688 632 631
f 722 623 622
f 49 812 50
f 625 727 728
f 682 689 687
f 1109 669 699
f 240 816 53
f 786 785 772
f 638 2384 101
f 722 683 623
f 637 636 671
f 60 59 2325
f 686 628 2385
f 682 631 630
f 687 677 682
f 684 2385 627
f 736 169 698
f 674 649 648
f 2389 888 57
f 727 624 683
f 2325 59 887
f 59 58 887
f 56 2389 57
f 724 664 787
f 637 2384 638
f 874 878 731
f 744 641 640
f 61 850 852
f 726 727 683
f 62 955 849
f 685 671 636
f 673 667 699
f 676 663 645
f 68 67 855
f 672 700 673
f 1097 738 739
f 667 702 705
f 714 620 619
f 803 909 910
f 644 669 676
f 639 74 661
f 751 749 750
f 674 668 729
f 74 198 661
f 704 654 703
f 639 661 711
f 671 685 660
f 683 752 726
f 730 762 2385
f 642 673 643
f 629 686 689
f 681 680 633
f 668 647 663
f 674 647 668
f 645 663 646
f 644 676 645
f 795 688 677
f 676 729 668
f 730 2385 684
f 708 662 709
f 699 669 643
f 626 625 728
f 1109 1108 675
f 686 629 628
f 684 627 626
f 682 688 631
f 681 688 795
f 624 727 625
f 621 679 723
f 624 623 683
f 607 885 608
f 621 723 622
f 682 677 688
f 716 679 714
f 762 760 687
f 714 618 617
f 715 714 617
f 681 632 688
f 628 627 2385
f 714 619 618
f 682 630 689
f 757 835 795
f 729 676 669
f 723 679 716
f 677 760 757
f 674 729 675
f 620 679 621
f 728 684 626
f 701 702 700
f 658 809 659
f 673 642 672
f 47 638 101
f 733 891 954
f 806 808 805
f 637 671 2384
f 811 809 2283
f 707 655 704
f 632 681 633
f 660 697 671
f 672 642 641
f 674 675 650
f 652 1108 705
f 674 650 649
f 648 647 674
f 714 679 620
f 675 651 650
f 687 689 686
f 705 702 653
f 1091 1041 989
f 676 668 663
f 717 725 724
f 943 873 872
f 633 680 634
f 805 597 596
f 1108 651 675
f 878 925 930
f 744 745 708
f 598 960 952
f 960 987 800
f 644 643 669
f 891 845 847
f 685 636 635
f 665 837 743
f 629 689 630
f 635 634 680
f 911 804 909
f 737 657 656
f 72 815 73
f 1109 699 667
f 817 2386 1048
f 773 1105 774
f 660 693 698
f 697 660 698
f 698 693 736
f 139 101 48
f 2384 671 697
f 48 697 698
f 729 669 1109
f 667 705 1109
f 700 666 701
f 667 700 702
f 673 700 667
f 666 700 672
f 709 706 701
f 704 655 654
f 701 666 709
f 703 702 701
f 653 702 703
f 703 701 704
f 653 703 654
f 706 704 701
f 704 706 707
f 652 705 653
f 706 709 662
f 656 655 707
f 748 858 747
f 707 706 713
f 745 744 640
f 662 713 706
f 712 813 710
f 863 859 861
f 744 666 672
f 709 666 708
f 711 640 639
f 749 711 661
f 708 747 662
f 198 750 661
f 751 750 73
f 694 746 749
f 1092 735 1093
f 858 713 662
f 738 713 712
f 715 617 616
f 716 714 715
f 615 715 616
f 720 725 717
f 719 723 718
f 752 670 726
f 719 718 717
f 720 718 753
f 719 717 670
f 717 724 670
f 787 781 724
f 721 715 615
f 755 740 754
f 723 722 622
f 722 719 752
f 723 716 718
f 722 723 719
f 696 725 720
f 664 724 725
f 718 720 717
f 754 696 720
f 727 726 678
f 728 727 678
f 675 729 1109
f 681 834 680
f 680 834 665
f 684 728 869
f 840 605 838
f 1011 1010 973
f 55 890 300
f 601 847 602
f 854 805 808
f 1068 989 1090
f 804 64 63
f 1068 1065 1066
f 857 793 833
f 736 693 867
f 712 739 738
f 809 658 2285
f 738 707 713
f 739 712 710
f 707 738 737
f 739 710 997
f 739 997 1094
f 202 71 72
f 70 865 71
f 922 816 2310
f 695 968 923
f 610 609 819
f 880 886 606
f 753 716 715
f 743 742 660
f 693 660 742
f 743 660 685
f 867 693 823
f 665 743 2322
f 742 743 826
f 666 744 708
f 641 744 672
f 745 640 711
f 746 745 711
f 708 745 747
f 749 746 711
f 747 746 748
f 745 746 747
f 748 746 694
f 859 813 748
f 748 813 858
f 749 751 694
f 859 748 694
f 661 750 749
f 815 751 73
f 820 751 815
f 722 752 683
f 670 752 719
f 716 753 718
f 721 753 715
f 615 614 755
f 755 721 615
f 755 754 721
f 613 755 614
f 1047 740 817
f 696 754 740
f 728 678 869
f 757 795 677
f 756 761 760
f 766 759 761
f 759 757 761
f 765 768 758
f 836 757 759
f 769 770 772
f 776 758 769
f 759 765 758
f 769 758 768
f 776 836 758
f 677 687 760
f 762 687 686
f 760 761 757
f 763 821 756
f 756 760 762
f 730 763 762
f 756 762 763
f 822 764 767
f 767 766 822
f 783 765 766
f 759 766 765
f 783 766 767
f 774 768 783
f 774 1105 771
f 770 769 768
f 771 784 770
f 776 775 777
f 771 768 774
f 770 784 779
f 782 767 764
f 771 1107 784
f 770 768 771
f 785 769 772
f 825 775 790
f 777 825 824
f 785 790 775
f 777 775 825
f 782 773 767
f 773 774 783
f 775 776 769
f 793 857 790
f 824 825 823
f 776 777 871
f 837 665 796
f 779 792 786
f 779 2387 830
f 764 822 916
f 787 788 781
f 782 866 780
f 670 724 791
f 764 916 866
f 724 781 791
f 773 783 767
f 779 784 2387
f 785 775 769
f 1004 725 696
f 791 781 789
f 772 779 786
f 794 790 785
f 829 792 870
f 785 786 794
f 790 794 793
f 867 823 857
f 1049 2388 664
f 730 868 763
f 791 726 670
f 790 857 825
f 917 789 781
f 726 791 678
f 786 2324 794
f 792 830 870
f 830 831 870
f 52 51 832
f 794 2324 828
f 833 51 50
f 871 835 836
f 796 665 834
f 778 837 796
f 835 796 834
f 796 871 778
f 841 840 797
f 901 733 976
f 1111 877 884
f 932 887 888
f 941 829 870
f 901 845 891
f 848 847 903
f 270 983 955
f 61 333 850
f 962 800 987
f 990 803 910
f 856 802 855
f 805 807 806
f 807 2283 806
f 801 988 1066
f 853 854 801
f 807 805 596
f 596 1284 807
f 811 807 1284
f 810 2285 658
f 2283 809 735
f 1094 1097 739
f 809 2285 735
f 1071 2283 735
f 811 2283 807
f 1284 595 2284
f 811 1284 2284
f 657 810 658
f 809 811 659
f 857 833 812
f 736 812 49
f 707 737 656
f 737 1097 810
f 657 737 810
f 712 858 813
f 710 813 863
f 863 860 996
f 815 72 864
f 865 908 991
f 861 859 820
f 817 740 613
f 755 613 740
f 1489 612 2386
f 1003 1047 1048
f 819 966 1002
f 914 1002 966
f 912 609 608
f 915 819 1002
f 763 868 920
f 822 756 821
f 822 821 916
f 778 777 824
f 826 778 824
f 824 742 826
f 824 823 742
f 823 825 857
f 868 869 827
f 917 827 789
f 921 832 828
f 922 828 2324
f 792 829 2324
f 779 830 792
f 830 695 831
f 832 51 833
f 833 793 832
f 828 832 793
f 794 828 793
f 52 832 921
f 795 834 681
f 795 835 834
f 757 836 835
f 836 759 758
f 777 778 871
f 837 778 826
f 743 837 826
f 797 840 838
f 872 605 1443
f 1110 885 886
f 873 874 838
f 872 838 605
f 876 841 797
f 877 876 924
f 839 841 876
f 892 604 846
f 872 873 838
f 888 58 219
f 889 56 300
f 889 974 971
f 241 940 54
f 603 844 900
f 602 845 844
f 604 892 893
f 900 844 845
f 604 603 846
f 903 601 600
f 905 600 599
f 891 847 848
f 847 845 602
f 903 847 601
f 848 903 953
f 983 956 955
f 1130 849 1131
f 851 852 850
f 906 907 850
f 1112 984 851
f 852 851 983
f 853 801 987
f 854 853 597
f 855 802 2286
f 856 67 66
f 860 993 995
f 65 64 911
f 856 66 803
f 803 66 911
f 66 65 911
f 804 63 1130
f 812 833 50
f 857 812 867
f 713 858 712
f 747 858 662
f 820 859 694
f 861 862 992
f 862 864 865
f 862 861 820
f 863 861 860
f 815 862 820
f 862 865 992
f 860 995 996
f 859 863 813
f 997 710 996
f 1095 1094 814
f 865 864 71
f 815 864 862
f 908 70 69
f 992 865 991
f 915 612 611
f 2386 612 818
f 912 819 609
f 915 610 819
f 885 912 608
f 912 1114 966
f 818 612 915
f 917 918 920
f 780 2323 1132
f 764 866 782
f 780 866 2323
f 919 2323 866
f 736 867 812
f 742 823 693
f 869 868 730
f 868 827 920
f 869 730 684
f 827 678 789
f 869 678 827
f 835 871 796
f 776 871 836
f 943 894 873
f 894 943 896
f 874 873 875
f 838 874 797
f 874 731 924
f 875 873 894
f 924 731 877
f 797 874 924
f 874 875 878
f 884 970 1055
f 883 881 882
f 924 876 797
f 882 876 877
f 926 945 929
f 879 875 894
f 877 731 884
f 878 875 879
f 970 878 930
f 895 899 894
f 925 879 926
f 899 879 894
f 881 880 839
f 885 607 886
f 839 880 841
f 882 881 839
f 1110 881 883
f 882 839 876
f 883 1111 2329
f 1111 883 882
f 1161 1159 1172
f 884 1055 1111
f 607 606 886
f 881 886 880
f 888 887 58
f 798 887 932
f 2325 887 798
f 889 2389 56
f 890 889 300
f 937 55 54
f 241 53 940
f 937 54 843
f 829 816 922
f 843 54 940
f 891 733 901
f 897 900 901
f 929 925 926
f 895 894 896
f 896 892 846
f 893 943 872
f 893 892 943
f 976 978 944
f 898 897 944
f 895 897 898
f 897 896 846
f 895 896 897
f 846 900 897
f 898 978 979
f 898 951 895
f 951 899 895
f 603 900 846
f 901 900 845
f 901 976 944
f 1057 933 1056
f 951 898 979
f 926 946 945
f 946 902 945
f 905 903 600
f 599 952 905
f 952 800 904
f 598 952 599
f 905 953 903
f 953 905 904
f 982 906 2325
f 972 973 1010
f 1112 907 1014
f 986 957 958
f 956 957 959
f 987 961 853
f 801 962 987
f 805 854 597
f 988 854 808
f 1000 856 990
f 855 67 856
f 964 2286 802
f 865 70 908
f 855 2286 69
f 908 69 2286
f 996 710 863
f 911 909 803
f 999 990 910
f 804 911 64
f 959 1040 1131
f 912 913 1114
f 885 913 912
f 912 966 819
f 1046 967 1080
f 967 741 818
f 611 610 915
f 918 916 821
f 866 916 919
f 781 788 917
f 916 918 919
f 920 918 821
f 918 917 919
f 920 821 763
f 922 921 828
f 829 922 2324
f 941 816 829
f 968 695 1005
f 878 879 925
f 899 926 879
f 929 930 925
f 929 945 948
f 929 927 930
f 878 970 731
f 928 970 930
f 798 932 931
f 935 931 1006
f 935 934 931
f 2389 932 888
f 931 932 1006
f 1006 2389 971
f 935 1006 936
f 1119 1127 1118
f 935 933 1123
f 933 935 936
f 933 1057 1123
f 798 972 982
f 798 931 934
f 973 934 1122
f 1007 974 1008
f 938 937 799
f 938 799 939
f 937 938 890
f 1018 939 799
f 890 55 937
f 816 940 53
f 1051 941 831
f 891 848 954
f 892 896 943
f 898 944 978
f 901 944 897
f 949 945 902
f 899 946 926
f 979 902 946
f 1024 902 981
f 929 948 927
f 980 981 979
f 950 945 949
f 948 945 1023
f 947 950 949
f 1023 945 950
f 979 946 951
f 946 899 951
f 800 952 960
f 905 952 904
f 1062 986 1059
f 1026 953 904
f 954 848 1028
f 733 942 976
f 953 1028 848
f 906 982 842
f 907 906 842
f 906 850 333
f 1112 850 907
f 1112 851 850
f 956 851 984
f 955 959 849
f 959 955 956
f 956 984 957
f 959 957 1040
f 957 984 958
f 1031 1100 1038
f 1040 957 986
f 961 960 598
f 960 961 987
f 963 802 1000
f 1000 802 856
f 965 963 1000
f 802 963 964
f 1042 994 995
f 1040 734 1085
f 967 1002 914
f 914 1081 1080
f 741 967 1046
f 695 923 831
f 843 799 937
f 1018 799 969
f 927 690 1053
f 928 930 927
f 1126 1053 690
f 970 928 1055
f 731 970 884
f 57 888 219
f 936 1006 971
f 973 972 934
f 1011 973 1128
f 889 971 2389
f 1007 971 974
f 890 974 889
f 938 974 890
f 1008 938 939
f 1008 1115 732
f 976 942 977
f 1060 733 954
f 1059 985 1017
f 980 977 1016
f 977 978 976
f 1116 950 1009
f 927 948 690
f 1127 948 1023
f 947 949 1024
f 979 978 980
f 978 977 980
f 1058 980 1016
f 902 979 981
f 800 1025 904
f 1027 1026 1030
f 1031 1029 1100
f 982 2325 798
f 982 972 842
f 852 983 270
f 983 851 956
f 1015 984 1112
f 962 801 1066
f 989 988 808
f 854 988 801
f 808 1091 989
f 1095 1096 692
f 1063 1065 691
f 803 990 856
f 2286 991 908
f 993 992 991
f 992 993 860
f 1044 1042 1043
f 1074 1075 1073
f 1042 993 991
f 2287 814 997
f 861 992 860
f 2287 997 996
f 995 994 2287
f 994 1074 1076
f 1072 1041 692
f 1087 1084 1086
f 1001 999 1045
f 1001 1000 990
f 1069 691 1065
f 915 1002 818
f 1004 1003 1050
f 1003 1004 696
f 696 740 1047
f 1004 1050 1049
f 725 1004 664
f 1102 2326 1133
f 2386 741 1048
f 1002 967 818
f 1147 968 1005
f 1022 923 968
f 831 923 969
f 940 1051 843
f 799 843 969
f 1051 969 843
f 1129 1127 1119
f 1106 1140 1147
f 1007 936 971
f 974 938 1008
f 1115 1008 939
f 732 1007 1008
f 1123 934 935
f 950 1116 1023
f 1061 1128 947
f 1012 1014 907
f 1011 1128 1061
f 1012 1010 1011
f 907 842 1012
f 972 1010 842
f 1012 842 1010
f 1014 1012 2327
f 1011 1061 2327
f 2327 1083 1013
f 1013 985 1015
f 1015 1014 1013
f 1015 985 1059
f 1015 958 984
f 1016 977 1070
f 1070 977 942
f 1017 1016 1070
f 1017 985 1058
f 1115 939 975
f 1018 969 923
f 975 939 1018
f 1150 1022 1143
f 1142 1149 1143
f 1115 1021 1121
f 1020 1018 923
f 975 1019 1021
f 1019 975 1020
f 1020 975 1018
f 1151 1153 1125
f 923 1022 1020
f 690 948 1127
f 1061 1024 1083
f 1014 2327 1013
f 902 1024 949
f 1024 981 1083
f 800 962 1025
f 1026 904 1025
f 1028 1026 1027
f 1026 1025 1032
f 1027 1030 1035
f 1031 1027 1035
f 1028 1027 1039
f 1026 1028 953
f 1045 1063 691
f 1045 1037 1063
f 1035 1029 1031
f 734 986 1062
f 1030 1026 1032
f 1064 1032 1025
f 1036 1030 1032
f 1029 1035 1033
f 1034 1036 1037
f 999 910 1087
f 1033 1035 1034
f 1035 1030 1034
f 1037 1036 1063
f 1100 1070 1038
f 1027 1031 1039
f 1038 1039 1031
f 986 734 1040
f 1033 734 1062
f 1059 986 958
f 1071 1091 806
f 1064 1025 962
f 1043 991 2286
f 1044 1043 964
f 991 1043 1042
f 1000 1001 965
f 999 1001 990
f 1080 967 914
f 1050 1046 1082
f 1048 1047 817
f 1047 1003 696
f 817 1427 2386
f 1046 1048 741
f 787 664 2388
f 1004 1049 664
f 1102 1050 1082
f 1050 1003 1046
f 1048 1046 1003
f 816 941 940
f 969 1051 831
f 690 1127 1129
f 928 1053 1054
f 1126 1052 1053
f 1053 1052 1054
f 1166 1055 1168
f 927 1053 928
f 928 1054 1055
f 1007 732 1056
f 936 1056 933
f 1118 1116 1117
f 1057 1056 1120
f 1057 1117 1123
f 950 947 1009
f 981 980 1058
f 985 1013 1058
f 1017 1058 1016
f 1015 1059 958
f 1060 942 733
f 1039 1060 954
f 1028 1039 954
f 1024 1061 947
f 1011 2327 1012
f 2327 1061 1083
f 1100 1062 1059
f 1062 1100 1029
f 1063 1064 1065
f 1032 1064 1036
f 1066 1064 962
f 988 1068 1066
f 1069 1065 1068
f 1064 1066 1065
f 1041 1072 1090
f 989 1068 988
f 1067 1069 1068
f 994 1042 1074
f 1077 1069 1067
f 1069 1077 691
f 1017 1070 1100
f 942 1038 1070
f 1071 735 1092
f 1090 1067 1068
f 993 1042 995
f 963 1044 964
f 1042 1044 1074
f 1075 1074 1044
f 1067 1079 1073
f 1075 1044 963
f 1074 1073 1076
f 963 965 1075
f 1001 1045 691
f 1076 1073 1079
f 994 1076 2287
f 1078 1075 965
f 1001 1078 965
f 1079 1072 998
f 1077 1078 691
f 1001 691 1078
f 1046 1080 1082
f 1102 1099 2388
f 2326 1082 1080
f 741 2386 818
f 981 1058 1083
f 1083 1058 1013
f 1017 1100 1059
f 1029 1033 1062
f 1033 1089 734
f 1089 1085 734
f 1085 1086 1084
f 909 1088 910
f 1086 1085 1089
f 1085 1084 1131
f 1045 999 1087
f 1087 910 1088
f 1087 1086 1037
f 1088 909 804
f 1087 1088 1084
f 1034 1089 1033
f 1041 1090 989
f 1079 1090 1072
f 1067 1090 1079
f 806 1091 808
f 692 1091 1071
f 1093 735 2285
f 1096 1095 814
f 1097 1094 1093
f 1093 1094 1095
f 814 1094 997
f 1097 1093 810
f 692 1092 1095
f 1095 1092 1093
f 1096 998 1072
f 738 1097 737
f 1091 692 1041
f 1092 692 1071
f 1096 1072 692
f 1105 773 2390
f 788 1099 2323
f 1133 2328 1132
f 1089 1034 1086
f 1037 1086 1034
f 1087 1037 1045
f 1133 2326 2328
f 1049 1050 1102
f 1099 1102 1133
f 1107 1005 784
f 1104 782 780
f 773 782 1104
f 1156 1146 1103
f 1081 1170 1101
f 1104 780 1103
f 773 1104 2390
f 1134 1156 1103
f 1105 1107 771
f 1107 1105 1106
f 1140 1106 1141
f 1147 1005 1107
f 1147 1107 1106
f 651 1108 652
f 705 1108 1109
f 820 694 751
f 885 1110 913
f 881 1110 886
f 877 1111 882
f 1166 1111 1055
f 1112 1014 1015
f 1164 1170 1171
f 1114 1113 914
f 914 1113 1081
f 883 1162 1110
f 1160 1161 1162
f 1114 913 1172
f 920 827 917
f 1021 1115 975
f 1116 1009 1117
f 1116 1127 1023
f 1122 1117 1009
f 1117 1057 1118
f 1127 1116 1118
f 1118 1120 1119
f 1120 732 1121
f 1128 1009 947
f 1123 1122 934
f 1117 1122 1123
f 1115 1121 732
f 1152 1125 1021
f 1021 1125 1121
f 1153 1124 1125
f 1120 1121 1124
f 1129 1126 690
f 1153 1126 1124
f 1057 1120 1118
f 1124 1119 1120
f 1122 1128 973
f 1009 1128 1122
f 1124 1129 1119
f 1126 1129 1124
f 1131 1088 1130
f 849 959 1131
f 1130 1088 804
f 1084 1088 1131
f 62 849 63
f 1131 1040 1085
f 1101 1098 2328
f 1099 1133 1132
f 1134 2328 1098
f 1103 780 1132
f 1132 2328 1134
f 1159 1171 1172
f 1153 1154 1155
f 1132 1134 1103
f 1138 1136 1164
f 1081 1101 2326
f 1101 1170 1136
f 1152 1151 1125
f 1101 1136 1098
f 1164 1136 1170
f 1139 1156 1098
f 1163 1138 1164
f 1139 1138 1137
f 1135 1144 1137
f 1139 1137 1144
f 1142 1144 1135
f 1147 1140 1143
f 1140 1142 1143
f 1104 1103 1146
f 1141 1146 1145
f 1106 2390 1141
f 1143 1149 1150
f 1145 1144 1142
f 1156 1144 1145
f 2390 1104 1146
f 1145 1146 1156
f 2390 1146 1141
f 1143 1022 1147
f 968 1147 1022
f 1152 1019 1150
f 1148 1142 1135
f 1142 1148 1149
f 1135 1158 1154
f 1151 1149 1148
f 1150 1019 1020
f 1137 1167 1158
f 1052 1157 1168
f 1151 1152 1149
f 1019 1152 1021
f 1022 1150 1020
f 1152 1150 1149
f 1154 1153 1151
f 1154 1151 1148
f 1135 1154 1148
f 1144 1156 1139
f 1157 1052 1155
f 1158 1157 1155
f 1138 1163 1167
f 1155 1154 1158
f 1137 1158 1135
f 1167 1157 1158
f 1161 1172 913
f 1162 2329 1160
f 1163 1159 1160
f 1162 1161 913
f 1159 1161 1160
f 1110 1162 913
f 1165 1160 2329
f 1163 1165 1169
f 1159 1163 1164
f 2329 1166 1165
f 1163 1169 1167
f 1166 1168 1169
f 1111 1166 2329
f 1168 1055 1054
f 1166 1169 1165
f 1138 1167 1137
f 1052 1168 1054
f 1157 1169 1168
f 1167 1169 1157
f 1113 1170 1081
f 1171 1170 1113
f 1172 1171 1113
f 1171 1159 1164
f 1114 1172 1113
f 1145 1140 1141
f 1142 1140 1145
f 616 617 618
f 1311 1234 1272
f 1269 1219 1220
f 616 618 619
f 619 1276 616
f 1345 616 1276
f 1276 619 1173
f 1271 1269 1263
f 1271 1218 1219
f 1348 1312 1350
f 1236 1258 2292
f 647 648 1244
f 1353 1179 1180
f 2331 1258 1266
f 1488 611 612
f 1269 1240 2288
f 2330 1310 1234
f 1267 1261 1250
f 2338 1186 1187
f 1286 1253 1259
f 1247 1224 1225
f 607 608 1433
f 613 614 1486
f 1274 1275 1336
f 1239 1238 1251
f 1507 1357 1394
f 1310 2288 1255
f 1243 647 1244
f 1217 1285 1216
f 872 1443 1445
f 1234 1311 2330
f 1736 1515 1510
f 1237 1261 1260
f 1446 841 880
f 1255 2288 1259
f 1235 1231 1232
f 1397 601 602
f 1323 596 597
f 598 1366 961
f 1325 1297 1378
f 601 1397 1398
f 1334 1306 1213
f 2292 1228 1229
f 1247 1253 1246
f 1226 1227 1242
f 1327 1295 1328
f 1247 1246 1224
f 1339 1343 1340
f 1326 596 1323
f 1232 2291 2290
f 1293 1332 1233
f 1245 1243 1238
f 1226 1242 1254
f 1223 1224 1246
f 1239 1246 1253
f 2292 1258 1241
f 1229 1230 2289
f 1230 1231 1249
f 1240 1248 1286
f 1202 1920 1438
f 1188 1362 1361
f 1241 2331 1267
f 1188 1189 1362
f 1262 1264 1305
f 1265 1261 1267
f 1342 1479 1341
f 1282 1283 1191
f 1395 1204 1205
f 1249 1257 2289
f 1255 1256 1237
f 1245 1248 1221
f 1258 2331 1241
f 1437 1392 1436
f 1437 1498 1392
f 1242 1250 1261
f 1192 1282 1191
f 1238 1244 1251
f 1237 1242 1261
f 1246 1251 1223
f 1247 1256 1253
f 1503 1549 1201
f 1259 1256 1255
f 1550 1201 1549
f 1244 1222 1251
f 1495 1199 1200
f 1236 2292 2289
f 1198 1199 1496
f 1260 1234 1310
f 1260 1255 1237
f 1218 1271 1217
f 1272 1260 1261
f 1263 2330 1309
f 1242 1227 1250
f 1221 1248 1220
f 1238 1243 1244
f 1256 1247 1254
f 1260 1310 1255
f 1287 1257 1249
f 648 1222 1244
f 1237 1256 1254
f 1243 1252 663
f 663 1252 646
f 2289 1257 1236
f 1245 1252 1243
f 1228 1250 1227
f 1243 663 647
f 1221 646 1252
f 1268 1258 1236
f 1415 1209 1210
f 1251 1246 1239
f 1221 1252 1245
f 1381 1382 1343
f 1241 1250 1228
f 1272 1234 1260
f 1222 1223 1251
f 1225 1226 1254
f 1300 1333 1214
f 1212 1306 1308
f 1286 1245 1238
f 1286 1239 1253
f 1308 1306 1307
f 1241 1228 2292
f 1242 1237 1254
f 1256 1259 1253
f 1286 1259 1240
f 2288 1240 1259
f 1272 1261 1265
f 1274 1265 1273
f 1258 1268 1266
f 1265 2331 1273
f 1262 1304 1264
f 1273 2331 1266
f 1241 1267 1250
f 1257 1291 1236
f 1266 1268 1264
f 1271 1263 1309
f 1309 1217 1271
f 1248 1240 1220
f 1270 1273 1304
f 1269 1271 1219
f 1274 1272 1265
f 1311 1272 1336
f 1274 1273 1270
f 1264 1304 1266
f 1275 1274 1270
f 1274 1336 1272
f 1301 1303 1299
f 1270 1301 1299
f 1275 2391 1336
f 1175 1176 1350
f 614 615 1344
f 1277 1276 1173
f 1173 1174 1277
f 1312 1174 1175
f 1177 1349 1350
f 1312 1277 1174
f 1277 1312 1314
f 1183 1184 1360
f 1199 1495 1496
f 1445 893 872
f 1282 1281 1283
f 1282 1193 1281
f 1283 1281 1406
f 1190 1191 1283
f 600 601 1398
f 1484 1614 2393
f 1233 1330 1293
f 1288 1294 1292
f 1217 1309 1285
f 1215 1216 1285
f 1239 1286 1238
f 1235 1287 1231
f 1288 1287 1235
f 2291 1377 2290
f 1268 1289 1264
f 1293 1330 1290
f 1236 1291 1289
f 1288 1292 1287
f 1290 1291 1257
f 1331 1291 1290
f 1290 1292 1293
f 1296 1332 1293
f 1296 1292 1294
f 1292 1296 1293
f 1288 2293 1295
f 1288 1295 1294
f 1328 1295 2293
f 1327 1323 1368
f 1297 1296 1294
f 1378 1295 1327
f 1297 1325 2333
f 1297 1332 1296
f 1303 1301 1302
f 1275 1270 1299
f 1300 2391 1298
f 1298 2391 1275
f 1299 1298 1275
f 1214 1894 1335
f 1301 1304 1262
f 1302 1301 1262
f 1303 1302 1307
f 1299 1303 1298
f 1306 1334 1303
f 1333 1334 1213
f 1270 1304 1301
f 1304 1273 1266
f 1478 1479 1480
f 1308 1343 1382
f 1306 1303 1307
f 1213 1306 1212
f 1340 1341 1479
f 1302 1341 1340
f 1382 1212 1308
f 2288 1310 1263
f 1311 1336 2334
f 1312 1348 1314
f 1344 1346 614
f 1350 1312 1175
f 1314 1345 1277
f 1348 1349 1429
f 1348 1384 1314
f 1432 1384 1431
f 609 610 1387
f 1584 1278 1533
f 1517 1446 1447
f 1516 1433 1388
f 1396 1206 1207
f 1365 1189 1190
f 2338 1187 1361
f 1408 1405 1406
f 1407 1408 1406
f 1365 1283 1406
f 1365 1405 1362
f 1210 1734 1415
f 1474 1484 2393
f 1419 1483 1477
f 1555 1395 1556
f 1368 597 853
f 1369 853 961
f 1370 1368 1369
f 1378 1297 1294
f 1325 1324 1371
f 1371 1324 1376
f 1326 1328 2293
f 596 1326 1377
f 1368 1323 597
f 1368 1370 1327
f 1324 1325 1378
f 1328 1323 1327
f 1323 1328 1326
f 1377 2293 2290
f 1379 1330 1233
f 1291 1331 1289
f 1342 1305 1423
f 1290 1330 1331
f 1379 1331 1330
f 1335 1300 1214
f 1333 1300 1334
f 1300 1298 1334
f 1303 1334 1298
f 1329 1335 1894
f 1300 1335 2391
f 1329 1337 1335
f 2391 1337 1336
f 1338 2334 2392
f 1285 1309 1338
f 1340 1308 1307
f 1305 1342 1341
f 1262 1305 1341
f 1302 1340 1307
f 1375 1423 1233
f 1375 1233 1417
f 1262 1341 1302
f 1426 1381 1343
f 1379 1423 1305
f 1308 1340 1343
f 1345 1344 615
f 616 1345 615
f 1277 1345 1276
f 1346 1352 1486
f 1313 1545 1617
f 1493 1494 1591
f 1431 1429 1383
f 1384 1348 1429
f 1351 1177 1178
f 1429 1349 1347
f 1177 1350 1176
f 1348 1350 1349
f 1349 1177 1351
f 1434 1178 1179
f 1349 1351 1347
f 1314 1385 1344
f 1345 1314 1344
f 1384 1385 1314
f 1344 1385 1346
f 1386 1352 1432
f 1388 1547 1661
f 1387 1548 609
f 1430 1347 1390
f 1694 1709 1708
f 1444 1394 1443
f 1455 1456 1459
f 1407 1409 1280
f 1359 1195 1196
f 1197 1463 1976
f 1389 1466 1467
f 1362 1189 1365
f 1187 1188 1361
f 1322 1364 1321
f 1364 1194 1321
f 1321 1194 1363
f 1364 1322 1193
f 1281 1322 1406
f 1281 1193 1322
f 1283 1365 1190
f 1406 1322 1407
f 598 599 1460
f 1327 1370 1324
f 1734 1210 1211
f 1482 1543 1415
f 1369 1368 853
f 961 1366 1369
f 1370 1366 1324
f 1371 1373 1475
f 1373 1520 1457
f 1417 1233 1332
f 1520 1371 1376
f 1418 1417 2333
f 1417 1374 1375
f 1332 1297 2333
f 1417 1418 1374
f 1478 1339 1479
f 1480 1423 1375
f 1476 1375 1374
f 1472 1366 1460
f 596 1377 1284
f 2293 1377 1326
f 1295 1378 1294
f 1324 1378 1327
f 2392 1329 1215
f 1289 1379 1264
f 1331 1379 1289
f 1338 2330 1311
f 1309 2330 1338
f 1380 1426 1421
f 1426 1343 1339
f 1381 1426 1425
f 1427 1486 1487
f 1489 1487 1428
f 1430 1429 1347
f 1385 1384 1432
f 1547 1591 1546
f 1389 1180 1181
f 1466 1182 1403
f 1434 1353 1390
f 1351 1178 1434
f 1389 1353 1180
f 1523 1353 1389
f 1429 1430 1383
f 1351 1434 1347
f 1347 1434 1390
f 2394 1390 1353
f 1503 1202 1438
f 1550 1391 1495
f 1197 1198 1497
f 1392 1498 1499
f 1442 1393 1439
f 1447 880 606
f 1507 1508 1506
f 1204 1395 1554
f 1208 1367 1413
f 1597 1557 1442
f 1393 1440 1439
f 1556 1395 1396
f 1204 1554 1441
f 1448 602 844
f 1449 844 603
f 2341 1320 1458
f 1448 1397 602
f 1458 1397 2341
f 1449 1450 1448
f 1194 1400 1363
f 1196 1463 1464
f 1401 1195 2336
f 1522 1359 1464
f 1465 1184 1185
f 1404 1185 1186
f 1403 1527 1467
f 1182 1466 1181
f 1465 1360 1184
f 1182 1183 1403
f 2337 2338 1361
f 1404 1402 1465
f 1280 1411 1586
f 1186 2338 1404
f 1525 1402 1404
f 1362 1405 1524
f 1406 1405 1365
f 1407 1322 1321
f 1409 1407 1321
f 1407 1280 1408
f 1409 1321 1363
f 1470 1408 1280
f 1405 1408 1524
f 1363 1410 1409
f 1400 1401 1410
f 1411 1280 1409
f 1542 1413 1367
f 1414 1416 1412
f 1206 1396 1205
f 1543 1416 1414
f 1543 1414 1415
f 1209 1415 1414
f 1543 1484 1474
f 1367 1208 1412
f 1207 1208 1413
f 1324 1366 1472
f 1369 1366 1370
f 1376 1324 1472
f 2333 1417 1332
f 1475 1325 1371
f 2333 1475 1418
f 1566 1418 1475
f 1374 1418 1372
f 1419 1374 1372
f 1374 1419 1477
f 1566 1372 1418
f 1374 1477 1476
f 1375 1476 1480
f 1479 1339 1340
f 1478 1480 1476
f 1477 1483 1422
f 1478 1421 1339
f 1421 1420 1735
f 1421 1735 1380
f 1422 1735 1420
f 1420 1476 1477
f 1735 1422 1482
f 1233 1423 1379
f 1426 1339 1421
f 1425 1426 1380
f 1489 1427 1487
f 613 1486 1427
f 1487 1352 1386
f 1486 1352 1487
f 1383 1545 1431
f 1490 1530 1491
f 1432 1431 1313
f 1384 1429 1431
f 1432 1313 1616
f 1385 1432 1352
f 1493 1387 610
f 1548 1433 608
f 1466 1389 1181
f 1353 1434 1179
f 1490 2394 1530
f 1467 1527 1583
f 1435 1523 1583
f 2394 1353 1523
f 1389 1467 1523
f 1523 1435 2394
f 1436 1438 1437
f 1438 1920 1437
f 1498 1437 1440
f 1438 1436 1503
f 1439 1440 1203
f 1441 1442 1439
f 1498 1440 1393
f 1442 1441 1554
f 1505 1355 1498
f 1597 1442 1554
f 1393 1442 1557
f 1444 1443 605
f 1445 1443 1394
f 840 841 2335
f 893 1445 1560
f 1447 1446 880
f 606 607 1518
f 1358 1446 1517
f 1395 1205 1396
f 1207 1413 1396
f 1413 1542 1473
f 1449 1448 844
f 1399 1449 603
f 1449 1399 1450
f 603 604 1399
f 1399 1451 1450
f 1519 1565 1452
f 1399 1561 1451
f 1452 1565 2341
f 1450 1451 1452
f 2341 1565 1320
f 1448 2341 1397
f 1452 2341 1450
f 1448 1450 2341
f 1453 1320 1454
f 1398 1458 1459
f 1458 1398 1397
f 1453 1424 1455
f 1458 1320 1453
f 1454 1737 1424
f 1453 1454 1424
f 1472 1471 1376
f 1471 1456 1455
f 1453 1455 1459
f 1424 1457 1455
f 2342 1456 1460
f 1398 1459 2342
f 1521 1566 1373
f 1459 1458 1453
f 2342 1459 1456
f 599 2342 1460
f 1460 1471 1472
f 598 1460 1366
f 1398 2342 600
f 1461 1462 1410
f 1401 1461 1410
f 1463 1196 1976
f 1359 1196 1464
f 1497 1198 1496
f 1497 1553 1463
f 1552 1551 1594
f 1553 1464 1463
f 1522 1464 1571
f 1404 1465 1185
f 1360 1465 1402
f 1467 1466 1403
f 1583 1523 1467
f 1470 1524 1408
f 1280 1586 1470
f 1470 2337 1524
f 1538 1536 1469
f 1576 1534 1462
f 1410 1462 1409
f 1586 1534 1538
f 1586 1538 1469
f 1541 1470 1469
f 1456 1471 1460
f 2393 1614 1649
f 1396 1413 1473
f 1555 1556 1647
f 1556 1396 1473
f 1412 1416 1367
f 1416 1474 1367
f 1566 1475 1373
f 1325 1475 2333
f 1566 1569 1372
f 1636 1737 1634
f 1420 1477 1422
f 1476 1420 1478
f 1421 1478 1420
f 1480 1479 1342
f 1423 1480 1342
f 1482 1481 1543
f 1481 1482 1422
f 1484 1485 1614
f 1484 1481 1485
f 1483 1485 1481
f 1385 1352 1346
f 1650 1487 1386
f 1489 1488 612
f 1654 1488 1428
f 1428 1488 1489
f 1490 1430 1390
f 2394 1490 1390
f 1491 1492 1490
f 1491 2344 1492
f 1545 1313 1431
f 1591 1494 1652
f 611 1493 610
f 611 1494 1493
f 609 1548 608
f 1550 1495 1200
f 1201 1550 1200
f 1496 1495 1391
f 1197 1497 1463
f 1552 1497 1496
f 1553 1497 1552
f 1393 1557 1505
f 1498 1355 1499
f 1501 1621 1354
f 1392 1499 1502
f 1502 1499 1500
f 1436 1392 1501
f 1316 1502 2343
f 1392 1502 1501
f 1686 1684 1316
f 1920 1203 1440
f 1437 1920 1440
f 1503 1354 1549
f 1501 1354 1436
f 1354 1503 1436
f 1555 1597 1554
f 1732 1597 1555
f 1558 1504 1557
f 1393 1505 1498
f 1733 1355 1505
f 605 840 1444
f 1507 1394 1508
f 1509 1507 1506
f 1559 2335 1446
f 1508 1559 1506
f 1506 1559 1723
f 1508 1444 2335
f 1723 1559 1358
f 1509 1357 1507
f 1515 1451 1511
f 1445 1513 1560
f 1317 1514 1512
f 1510 1357 1512
f 1513 1510 1511
f 1317 1512 1509
f 1509 1512 1357
f 1512 1736 1510
f 1736 1512 1514
f 1562 1514 1710
f 1563 1515 1736
f 1451 1515 1563
f 1515 1511 1510
f 1447 1516 1517
f 1388 1661 1672
f 1516 1447 1518
f 1516 2355 1517
f 606 1518 1447
f 607 1433 1518
f 1637 1598 1625
f 1710 1712 1562
f 1519 1452 1563
f 1519 1598 1565
f 1471 1520 1376
f 1457 1520 1455
f 1455 1520 1471
f 1372 1569 1567
f 1359 1522 1573
f 1576 1462 2339
f 1461 1401 2336
f 1571 1572 1522
f 1524 2337 1361
f 1362 1524 1361
f 1539 1525 1536
f 1402 1525 1526
f 1527 2395 1609
f 1609 2395 1526
f 1491 1530 1531
f 1589 1610 1609
f 2344 1531 1533
f 1530 1529 1531
f 1531 1529 1532
f 1491 1531 2344
f 1609 1612 1528
f 1584 1533 1532
f 1608 1533 1278
f 2339 1577 1576
f 1534 1576 1468
f 1534 1468 1538
f 1462 1534 1411
f 1468 1537 1538
f 1536 1525 1541
f 1470 1586 1469
f 1534 1586 1411
f 1468 1576 1575
f 1540 1589 1535
f 1469 1536 1541
f 1539 1536 1535
f 1535 1536 1538
f 1535 1538 1537
f 1539 1535 1589
f 1525 1539 1526
f 1535 1537 1540
f 1528 1612 1613
f 1581 1579 1582
f 1470 1541 2337
f 1474 1542 1367
f 1484 1543 1481
f 1568 1614 1485
f 1649 1614 1615
f 1492 1383 1430
f 1383 1492 1545
f 1585 1492 2344
f 1651 1643 1669
f 1494 1488 1654
f 1545 1492 1585
f 1490 1492 1430
f 1388 1433 1548
f 1494 611 1488
f 1547 1548 1387
f 1591 1547 1387
f 1547 1620 1661
f 1354 1621 2347
f 2347 1550 1549
f 1391 1550 2347
f 1551 1496 1391
f 1391 1622 1551
f 1594 1596 1571
f 1551 1552 1496
f 1553 1571 1464
f 1555 1554 1395
f 1505 1557 1504
f 1648 2350 1319
f 1559 1508 2335
f 1394 1444 1508
f 1358 1559 1446
f 1445 1394 1513
f 1357 1513 1394
f 1560 1513 1511
f 1357 1510 1513
f 1511 1561 1560
f 1399 604 1561
f 1560 604 893
f 1451 1561 1511
f 1672 1516 1388
f 1516 1518 1433
f 1451 1563 1452
f 1598 1564 1624
f 1563 1564 1519
f 1565 1637 1320
f 1637 1565 1598
f 1569 1566 1521
f 1520 1373 1371
f 1521 1373 1457
f 1737 1631 1632
f 1419 1567 1483
f 1567 1569 1570
f 1568 1570 1544
f 1567 1570 1485
f 1634 1570 1569
f 1594 1571 1552
f 1572 1571 1596
f 1572 1578 1599
f 1599 1573 1522
f 1461 1573 2339
f 2339 1599 1577
f 1468 1575 1537
f 1579 1574 1578
f 1575 1576 1574
f 1573 1599 2339
f 1574 1576 1577
f 1574 1577 1578
f 1356 1675 1677
f 1574 1581 1575
f 1574 1579 1581
f 1578 1572 1600
f 1579 1578 1600
f 1676 1689 1679
f 1601 2345 1540
f 1640 1641 1679
f 1537 1575 1601
f 1527 1403 2395
f 1527 1528 1583
f 1435 1583 1528
f 1584 1532 1588
f 1532 1587 1588
f 1643 1608 1278
f 2397 1585 1608
f 1585 1617 1545
f 2344 1608 1585
f 1532 1533 1531
f 1608 2344 1533
f 1610 1589 1540
f 1609 1610 1612
f 1584 1588 2346
f 1587 1532 1529
f 1612 1610 1611
f 1611 1588 1587
f 1526 1589 1609
f 1539 1589 1526
f 1647 1556 1473
f 1615 1568 1544
f 1493 1591 1387
f 1546 1591 1652
f 1619 1546 1315
f 1653 1315 1652
f 1546 1619 1620
f 1546 1620 1547
f 1388 1548 1547
f 1354 2347 1549
f 1551 1595 1594
f 1600 1596 1356
f 1596 1595 1356
f 1595 1596 1594
f 1557 1597 1558
f 604 1560 1561
f 1562 1624 1564
f 1564 1598 1519
f 1625 1598 1624
f 1569 1521 1634
f 1572 1599 1522
f 1577 1599 1578
f 1596 1600 1572
f 1581 1601 1575
f 1607 1638 1639
f 1582 1639 1638
f 1607 1580 1605
f 1278 1584 1603
f 1619 1671 1657
f 1643 1603 1602
f 1602 1669 1643
f 1606 2346 1604
f 1580 1639 1640
f 1604 2400 1606
f 1605 1604 2346
f 1611 1645 1588
f 1605 1580 1664
f 2399 1657 1671
f 1645 1605 2346
f 1527 1609 1528
f 1610 1540 2345
f 1612 1587 1613
f 1610 2345 1611
f 2345 1638 1644
f 1435 1613 1529
f 1648 1647 1646
f 1615 1614 1568
f 1627 1615 1544
f 1649 1615 1633
f 1432 1616 1386
f 1617 1616 1313
f 1590 1617 2397
f 1616 1617 1590
f 1652 1315 1546
f 1655 1671 1619
f 1656 1620 1619
f 1656 1672 1661
f 1622 1391 2347
f 1595 1551 1673
f 1662 1622 2347
f 1673 1551 1622
f 1673 1622 1662
f 1658 1680 1699
f 1356 1595 1674
f 1562 1626 1624
f 1624 1626 1663
f 1625 1631 1637
f 2348 1627 1632
f 1716 1712 1710
f 1663 1626 1718
f 1627 1544 1632
f 1627 2348 1629
f 1663 2349 1628
f 1635 1633 1629
f 2348 1628 1629
f 1628 1625 1663
f 1712 1715 1718
f 1648 1319 1647
f 1630 1629 2349
f 1635 1629 1630
f 1737 1454 1631
f 1632 1631 2348
f 1634 1632 1544
f 1615 1627 1633
f 1629 1633 1627
f 1634 1544 1570
f 1646 2396 1648
f 1635 1648 2396
f 1521 1636 1634
f 1637 1454 1320
f 1454 1637 1631
f 1607 1639 1580
f 1681 1666 1668
f 1640 1664 1580
f 1641 1639 1582
f 1665 1664 1666
f 1579 1600 1677
f 1678 1582 1579
f 1641 1640 1639
f 1641 1676 1679
f 1356 1674 1675
f 1595 1673 1674
f 1659 1603 1606
f 1603 1643 1278
f 1604 1605 1664
f 1644 1638 1607
f 1585 2397 1617
f 1612 1611 1587
f 1645 1611 1644
f 1644 1607 1645
f 1605 1645 1607
f 2346 1588 1645
f 1529 1613 1587
f 1646 1647 1473
f 1647 1319 1555
f 1630 1714 2350
f 1649 2396 2393
f 1635 1649 1633
f 1650 1654 1428
f 1654 1618 1652
f 1487 1650 1428
f 1651 1618 1590
f 1618 1654 1650
f 1643 2397 1608
f 1651 1669 1653
f 1650 1590 1618
f 1654 1652 1494
f 1653 1652 1618
f 1651 1653 1618
f 1655 1619 1315
f 1655 1315 1653
f 1669 1655 1653
f 1619 1657 1656
f 1657 1658 1593
f 1658 1657 1592
f 1660 1592 2399
f 1657 1593 1656
f 1593 1658 1670
f 1659 1671 1602
f 1659 1602 1603
f 1660 2399 2400
f 1656 1661 1620
f 1672 1656 1593
f 1593 2401 1672
f 1358 1517 1738
f 1663 1718 2349
f 1625 1624 1663
f 1604 1664 1665
f 1679 1666 1640
f 1660 1665 1681
f 1604 1665 2400
f 1666 1681 1665
f 1640 1666 1664
f 1682 1668 1666
f 1666 1679 1682
f 1668 1667 1687
f 1655 1669 1602
f 1680 1658 1592
f 1602 1671 1655
f 1683 2401 2398
f 1621 1316 1662
f 1675 1674 1642
f 1642 1676 1675
f 1678 1677 1675
f 1642 1689 1676
f 1676 1641 1678
f 1356 1677 1600
f 1675 1676 1678
f 1582 1678 1641
f 1579 1677 1678
f 1667 1693 1687
f 1687 1681 1668
f 1592 1660 1680
f 1689 1682 1679
f 1668 1682 1690
f 1683 2398 1739
f 1672 1683 2355
f 2421 1623 1642
f 1662 1684 2421
f 2354 2403 1726
f 1685 1686 2343
f 1692 1686 1685
f 1699 1680 1687
f 1681 1687 1680
f 1688 1670 1699
f 1318 2398 1688
f 1670 1658 1699
f 1668 1690 1667
f 1689 1690 1682
f 2351 1692 2352
f 1667 1690 2352
f 1689 1623 1690
f 2351 1686 1692
f 1691 1692 1279
f 1693 1667 1691
f 1719 1720 1721
f 1692 1685 1695
f 1692 1695 1279
f 1719 1699 1693
f 1685 2353 2354
f 1514 1697 1710
f 1696 1708 1697
f 1317 1697 1514
f 1696 1694 1708
f 1355 1500 1499
f 2353 2343 1500
f 1705 1703 1704
f 1697 1317 1696
f 1500 1355 1698
f 1505 1504 1733
f 1720 1691 1279
f 1699 1687 1693
f 1694 1696 1703
f 1719 1721 1725
f 1703 1696 1704
f 1702 1725 1700
f 1317 1509 1704
f 1703 1705 1702
f 1707 1706 1727
f 1500 1698 2353
f 2353 1698 1727
f 1702 1701 1694
f 1695 1701 1700
f 1701 1695 1726
f 1701 1702 1700
f 1725 1702 1705
f 1688 1699 1719
f 1700 1279 1695
f 1694 1703 1702
f 1317 1704 1696
f 1506 1722 1509
f 1722 1704 1509
f 1722 1705 1704
f 1701 2402 1694
f 1727 2354 2353
f 1706 1713 1709
f 1626 1712 1718
f 1712 1626 1562
f 1713 1716 1709
f 2402 1726 2403
f 1727 2403 2354
f 1710 1708 1716
f 1706 1730 1713
f 1716 1708 1709
f 1708 1710 1697
f 1319 1728 1732
f 1712 1716 1715
f 1730 1706 1707
f 1711 1715 1713
f 2349 1714 1630
f 1728 2350 1714
f 1733 1731 1707
f 1731 1729 1730
f 1711 1717 1715
f 1717 1718 1715
f 1731 1504 1558
f 1713 1715 1716
f 1728 1717 1711
f 1718 1717 1714
f 2349 1718 1714
f 1720 1719 1693
f 1688 1719 1725
f 1693 1691 1720
f 1279 1700 1721
f 1725 1721 1700
f 1279 1721 1720
f 1723 1722 1506
f 1723 1738 1739
f 1738 1723 1358
f 1705 1722 1724
f 1724 1722 1723
f 1724 1723 1739
f 1724 1725 1705
f 1318 1725 1724
f 1725 1318 1688
f 1726 2402 1701
f 1685 2354 1695
f 1706 2403 1727
f 1733 1707 1698
f 1635 1630 1648
f 1714 1717 1728
f 1711 1729 1728
f 1729 1732 1728
f 1730 1729 1711
f 1732 1729 1558
f 1713 1730 1711
f 1730 1707 1731
f 1504 1731 1733
f 1558 1729 1731
f 1558 1597 1732
f 1728 1319 2350
f 1319 1732 1555
f 1727 1698 1707
f 1355 1733 1698
f 1425 1380 1734
f 1380 1735 1734
f 1415 1734 1482
f 1735 1482 1734
f 1613 1435 1528
f 1530 1435 1529
f 1736 1564 1563
f 1514 1562 1736
f 1564 1736 1562
f 1634 1737 1632
f 1424 1737 1636
f 1672 2355 1516
f 1724 1739 1318
f 1794 1282 1192
f 1758 1794 1192
f 1364 1856 1855
f 1216 1852 1759
f 1193 1856 1364
f 1855 1194 1364
f 1973 1199 1198
f 1770 1769 1792
f 1852 1216 1215
f 1282 1794 1795
f 1756 1820 1757
f 1750 1982 1751
f 1809 1854 1785
f 2301 1793 1779
f 1201 1923 1503
f 1770 1792 1785
f 1883 1922 1920
f 1788 1773 1772
f 1503 1923 1996
f 1791 1793 1771
f 1848 1806 2296
f 1758 1757 1794
f 1928 1208 1207
f 1933 1204 2004
f 1776 1810 1780
f 1412 1208 1930
f 1209 1866 1210
f 1790 1778 1760
f 2087 1775 2081
f 1762 1761 1803
f 1777 1786 84
f 1793 1772 1771
f 1781 1764 1786
f 1382 1381 1865
f 1783 2294 1763
f 1832 1865 1899
f 85 1786 1764
f 1206 1205 1931
f 1761 1760 1778
f 1781 1774 1839
f 1193 1282 1795
f 1790 1759 1852
f 2359 2332 1894
f 1787 1777 83
f 1762 1803 1783
f 1786 1774 1781
f 2410 2192 2222
f 1787 1763 2294
f 83 1777 84
f 1786 85 84
f 1780 1792 1769
f 1213 1835 1333
f 1912 1914 1748
f 2004 1204 1441
f 1820 1794 1757
f 1912 1747 1937
f 1745 1888 1746
f 1741 1740 2358
f 1195 2035 1196
f 1934 1888 1745
f 1994 2356 15
f 1799 1861 2358
f 1827 1743 1742
f 1987 1915 2356
f 1788 2295 1773
f 1742 1741 1831
f 1861 24 23
f 1803 1761 1778
f 2358 1829 1831
f 14 13 1916
f 1799 1740 27
f 1826 1862 1955
f 1862 1826 23
f 27 26 24
f 1794 1820 1795
f 25 24 26
f 24 1799 27
f 19 1891 238
f 1790 1760 1759
f 1777 1787 2294
f 1780 1768 1802
f 21 2303 2018
f 22 21 1890
f 1799 2358 1740
f 1827 1742 1831
f 1802 1782 1840
f 2301 1808 2295
f 1772 1793 2297
f 1773 2298 2299
f 1838 1839 1774
f 1211 1958 1900
f 1 1784 2405
f 1 2300 1784
f 1778 1790 1789
f 1770 1785 1791
f 1781 1765 1764
f 1781 1839 1765
f 1786 1777 1774
f 1839 1766 1765
f 1842 1784 2404
f 1810 1792 1780
f 1763 1787 82
f 1769 1768 1780
f 1971 1756 1755
f 1904 1963 1835
f 1885 10 229
f 1802 1768 1767
f 1839 1782 1766
f 83 82 1787
f 1926 1886 1925
f 1854 1816 2357
f 1215 1329 2332
f 1783 1763 1762
f 1875 5 4
f 1801 1848 1851
f 1886 1926 2079
f 1867 1906 1964
f 1766 1782 1767
f 275 5 1867
f 1924 1927 2008
f 1841 1872 1840
f 1881 1916 1991
f 2294 1774 1777
f 1382 1902 1212
f 1782 1839 1838
f 1869 1803 1836
f 1782 1802 1767
f 1802 1840 1776
f 1778 1789 1803
f 1872 1811 1810
f 1842 1804 1784
f 1842 1806 1804
f 1845 3 2405
f 1806 1842 1843
f 1804 1805 1845
f 2296 1846 1848
f 1845 1805 1844
f 234 3 1845
f 1807 1215 2332
f 1808 2301 1779
f 2238 2239 1779
f 2295 1808 1850
f 1810 1811 1813
f 1809 1785 1792
f 1816 1813 1815
f 1872 1810 1776
f 1810 1813 1809
f 1814 1811 1873
f 2359 1864 1817
f 1812 1817 1864
f 1813 1811 1814
f 1897 1815 1812
f 1814 1873 1868
f 1812 1813 1814
f 1864 2250 1897
f 1898 1818 1815
f 1812 1815 1813
f 1815 1818 1816
f 1818 2357 1816
f 1809 1816 1854
f 1812 1814 1817
f 1813 1816 1809
f 2357 1818 2242
f 2357 1819 1854
f 1980 1194 1855
f 1879 1911 1754
f 1754 1753 1879
f 1197 1976 1877
f 1748 1914 1749
f 1882 2362 1991
f 1944 2020 2178
f 2419 1923 2413
f 1744 1827 1889
f 2016 1858 2015
f 1954 2064 2065
f 1955 1862 22
f 1828 1827 1831
f 1828 1831 1829
f 2065 1830 1954
f 1828 1829 1957
f 2103 1938 1935
f 1830 1889 1828
f 1830 1936 1889
f 1831 1741 2358
f 1214 1863 1894
f 1899 1381 1425
f 1865 1960 1902
f 1866 1958 1210
f 1844 1849 1875
f 1212 1902 1904
f 1898 1815 1897
f 1802 1776 1780
f 1872 1776 1840
f 1789 1853 1868
f 1872 1841 1873
f 1782 1838 1840
f 1869 1870 1803
f 1840 1838 1837
f 1838 1774 1871
f 1840 1837 1841
f 1869 1841 1837
f 1873 1836 1868
f 1843 1842 2298
f 1843 2298 2295
f 1847 1801 1849
f 4 1845 1844
f 1848 1801 1847
f 1805 1806 1847
f 1848 1847 1806
f 1874 1801 1851
f 1805 1847 1844
f 1848 1846 1851
f 1834 1905 1849
f 1844 1847 1849
f 1843 1850 2296
f 1850 1966 2296
f 2295 1850 1843
f 2241 1966 1850
f 1966 1967 1965
f 2241 1850 1808
f 1967 1966 2241
f 1907 1851 1846
f 1852 1807 1853
f 1852 1215 1807
f 1810 1809 1792
f 1814 1868 1817
f 1790 1853 1789
f 1817 1853 1807
f 1852 1853 1790
f 1791 1785 1819
f 1856 1968 1855
f 2095 1975 1857
f 1795 1856 1193
f 1971 1820 1756
f 1877 1974 1197
f 1401 1400 1979
f 2038 2037 1910
f 1917 12 11
f 1921 1883 1920
f 2002 1999 2000
f 1883 1921 1997
f 1885 1924 1859
f 1964 274 275
f 1929 2009 1928
f 2057 1824 2119
f 2340 1203 1922
f 1937 1747 1746
f 1892 1952 1891
f 1915 268 16
f 1950 1946 1947
f 24 1861 1799
f 1861 23 1826
f 1890 1955 22
f 1955 1890 2022
f 1895 1214 1333
f 1864 1863 2250
f 1807 2359 1817
f 1863 1864 2359
f 1898 1897 1963
f 1865 1381 1899
f 1865 1832 1960
f 1900 1425 1211
f 1901 1960 1832
f 1212 1904 1213
f 1900 1958 1833
f 1867 5 1875
f 1905 1906 1867
f 1904 1835 1213
f 1789 1868 1836
f 1853 1817 1868
f 1841 1836 1873
f 1870 1869 1837
f 1838 1871 1837
f 1870 1783 1803
f 1774 2294 1871
f 1837 1871 1870
f 1873 1811 1872
f 1869 1836 1841
f 1845 4 234
f 1875 4 1844
f 1849 1874 1834
f 2092 2030 2091
f 1875 1849 1905
f 2030 2087 2088
f 2203 2162 2199
f 1908 1973 2034
f 1978 1195 1401
f 1857 1909 2035
f 1981 2036 1878
f 1911 1879 1983
f 2361 1752 1751
f 1880 2361 1910
f 2369 1983 1984
f 1911 1971 1755
f 1750 1749 1914
f 1910 2361 1982
f 1982 1913 2038
f 15 14 1916
f 1991 1990 1881
f 1921 1920 1202
f 2413 1201 1200
f 1924 9 8
f 1925 8 7
f 2097 2363 1919
f 1882 1917 1919
f 1924 1885 9
f 2008 1859 1924
f 2045 1885 1859
f 1925 1927 1924
f 1929 1207 1206
f 2010 1930 2009
f 2057 2058 2011
f 2076 1866 2054
f 2012 2059 1932
f 1934 1745 1744
f 1744 1743 1827
f 1985 2014 2015
f 1858 1912 1985
f 1889 1827 1828
f 20 1952 1951
f 1941 19 18
f 2408 18 294
f 1892 1891 1943
f 1940 1951 2021
f 238 1952 20
f 1941 1891 19
f 268 1915 1989
f 2408 1942 1941
f 1956 2022 1954
f 1826 1956 1829
f 2359 1894 1863
f 1835 1895 1333
f 1963 2250 1835
f 1214 1895 1863
f 1863 1895 2250
f 2250 1895 1835
f 1904 1902 1962
f 1864 1897 1812
f 2250 1963 1897
f 1818 1898 1896
f 1818 1896 2242
f 1900 1899 1425
f 1211 1210 1958
f 1959 1900 1833
f 1901 1832 1959
f 1865 1902 1382
f 1903 1901 2026
f 1896 1898 2407
f 1960 1962 1902
f 1906 1905 1834
f 1875 1905 1867
f 274 2027 6
f 1870 1871 1783
f 1874 1849 1801
f 2247 1834 1874
f 2092 1874 1851
f 1965 1907 1846
f 1907 2087 2030
f 1969 1968 1795
f 1968 1970 2031
f 2034 1973 1974
f 2035 1978 1857
f 1978 1979 1981
f 1979 2036 1981
f 1753 2361 1880
f 1751 1982 2361
f 1982 2038 1910
f 2205 2203 2204
f 1971 1972 1970
f 1754 1911 1755
f 1748 1747 1912
f 1914 2044 1913
f 1985 1912 1937
f 2044 1914 1912
f 1913 1982 1750
f 2062 1988 2061
f 268 1989 17
f 13 1991 1916
f 1917 1882 1991
f 1991 13 12
f 1919 1917 11
f 10 1918 1919
f 12 1917 1991
f 1885 1918 10
f 2097 1918 2045
f 1995 2166 1990
f 2097 1919 1918
f 1882 1919 2363
f 1922 1203 1920
f 1202 1503 1996
f 1931 1205 1933
f 2413 1923 1201
f 1200 1199 2006
f 2049 1923 2419
f 1925 1924 8
f 1926 1925 7
f 7 6 1926
f 1886 2007 1927
f 2008 1927 2052
f 1886 1927 1925
f 1929 1928 1207
f 1930 1928 2009
f 1931 1929 1206
f 1932 2009 1929
f 1412 2053 1414
f 2053 1930 2011
f 1932 1931 1887
f 1933 2055 1887
f 1887 2012 1932
f 1929 1931 1932
f 1204 1933 1205
f 1887 1931 1933
f 1889 1934 1744
f 1888 1934 1935
f 1889 1936 1934
f 2103 1935 1936
f 1934 1936 1935
f 1888 1937 1746
f 1938 2014 1935
f 1938 2015 2014
f 1938 2103 1939
f 2017 1986 2016
f 2024 2023 2066
f 1858 2016 1986
f 1951 2018 2303
f 1890 21 2018
f 2408 1941 18
f 17 2408 294
f 1989 2408 17
f 1893 1942 2408
f 1988 1893 1989
f 1947 1945 1942
f 1942 1893 1947
f 1943 1945 2406
f 1941 1943 1891
f 1950 1947 1893
f 1945 1943 1942
f 1941 1942 1943
f 1947 1946 1945
f 2020 1944 1946
f 2367 1798 2190
f 1944 1945 1946
f 1944 2178 2141
f 2172 2173 2175
f 1949 1950 2062
f 1950 1949 2063
f 20 1951 2303
f 2021 1951 1952
f 1952 238 1891
f 1953 2022 1890
f 1953 1890 2018
f 1954 2022 2064
f 1954 1957 1956
f 1955 2022 1956
f 1957 1954 1830
f 1955 1956 1826
f 1828 1957 1830
f 1829 1956 1957
f 1833 1958 2078
f 1959 1833 2084
f 1899 1900 1959
f 1959 1832 1899
f 1901 1903 1960
f 1962 1960 1903
f 2026 1961 1903
f 1963 1962 2407
f 2407 1962 1903
f 1904 1962 1963
f 1867 1964 275
f 2027 1964 1906
f 2249 1834 2247
f 1965 1846 1966
f 1965 1775 2087
f 2296 1966 1846
f 2244 2241 2239
f 1965 1967 1775
f 2302 2243 2244
f 1907 1965 2087
f 2087 2029 2088
f 2247 2092 2091
f 1969 1795 1820
f 1968 1969 1970
f 1971 1969 1820
f 2031 1970 1876
f 1979 1980 2036
f 1971 1911 1972
f 1969 1971 1970
f 1983 1972 1911
f 1876 1972 2369
f 1974 1973 1198
f 2006 1973 1908
f 1197 1974 1198
f 1975 1909 1857
f 2035 1909 1976
f 1976 1909 1877
f 2094 1909 1975
f 2161 2133 1977
f 2123 2411 1821
f 1978 2035 1195
f 1977 1857 1981
f 1978 1401 1979
f 1857 1978 1981
f 1980 1979 1400
f 1194 1980 1400
f 1980 1855 2032
f 1977 1981 1878
f 2360 1880 1910
f 1910 2037 2042
f 2360 2042 1984
f 1972 1983 2369
f 2360 1984 1983
f 1985 1937 2014
f 2015 1858 1985
f 1912 1858 2044
f 2416 1986 2017
f 1858 1986 2044
f 1913 1750 1914
f 1988 1989 1915
f 1989 1893 2408
f 2061 1988 1915
f 1893 1988 2062
f 2362 1995 1990
f 1993 1990 2166
f 1990 1991 2362
f 2138 2139 2136
f 1993 1881 1990
f 2251 1993 1992
f 1881 1993 2253
f 2135 1992 2111
f 1916 1994 15
f 2046 2097 2045
f 1882 2363 2362
f 1202 1996 2048
f 2048 1921 1202
f 1999 1997 2001
f 2206 2208 1823
f 1921 2048 1997
f 2000 1999 1998
f 2049 1996 1923
f 1999 2001 2420
f 1999 2002 1997
f 2001 2049 2211
f 2001 2048 2049
f 2050 2002 2279
f 2000 2269 2005
f 2005 2002 2000
f 2279 2002 2005
f 2050 1922 1883
f 2275 2270 2412
f 1884 2056 2003
f 2050 2003 1922
f 1441 2340 2004
f 2267 2005 2269
f 2005 2278 2279
f 2266 2413 2006
f 1200 2006 2413
f 1973 2006 1199
f 1886 2079 2007
f 1927 2007 2052
f 2008 2051 2046
f 1932 2059 2009
f 2011 2054 2053
f 1930 2010 2011
f 2057 2011 2010
f 2054 2011 2058
f 2053 2054 1209
f 1800 2075 2076
f 1209 1414 2053
f 1866 1209 2054
f 2055 1933 2004
f 2055 2056 2259
f 1860 2259 2258
f 2013 2059 2060
f 2059 2012 2060
f 1888 2014 1937
f 1935 2014 1888
f 2016 2015 2069
f 2067 1939 2066
f 2037 2039 2041
f 1953 2018 1940
f 1951 1940 2018
f 2368 1940 2021
f 2061 1987 2252
f 2101 2062 2061
f 1946 1950 2063
f 1892 2409 1952
f 2064 2022 1953
f 1830 2065 1936
f 1958 1866 2025
f 2025 2075 2078
f 2078 1958 2025
f 2104 1833 2078
f 1896 1961 2240
f 1964 2027 274
f 2249 1906 1834
f 2090 2091 2030
f 2145 2007 2263
f 2027 1926 6
f 1926 2027 2079
f 1901 2083 2026
f 2087 2081 2029
f 1907 2092 1851
f 2032 2031 2201
f 1968 2032 1855
f 2032 2201 2036
f 2033 2034 1877
f 2094 2411 2033
f 2034 1974 1877
f 2108 2411 2123
f 1976 1196 2035
f 2133 2095 1977
f 2032 2036 1980
f 2201 1878 2036
f 2039 2037 2038
f 2043 2042 2037
f 1984 2042 2205
f 2044 1986 1913
f 2040 2039 2416
f 2041 2040 2096
f 2016 2069 2017
f 2017 2074 2073
f 2096 2151 2109
f 2042 2043 2205
f 2040 2041 2039
f 2043 2037 2041
f 2042 2360 1910
f 2038 1913 1986
f 1885 2045 1918
f 2046 2045 1859
f 2008 2046 1859
f 2047 2046 2163
f 2049 2048 1996
f 1997 2048 2001
f 1997 2002 1883
f 2003 2340 1922
f 2004 2340 2003
f 2266 1908 2414
f 2266 2006 1908
f 2008 2052 2051
f 1930 2053 1412
f 2076 2054 2058
f 2057 2013 1824
f 2055 2259 1860
f 1887 1860 2012
f 2056 2055 2004
f 2003 2056 2004
f 2100 2013 2060
f 2058 2057 2118
f 2057 2010 2013
f 2013 2010 2059
f 2058 2118 2077
f 1824 2182 2146
f 2009 2059 2010
f 2012 2099 2060
f 2100 2099 2112
f 2099 2257 2112
f 1987 2061 1915
f 1893 2062 1950
f 1949 2101 2415
f 2064 2023 2065
f 2023 2024 2065
f 2103 2065 2024
f 2065 2103 1936
f 2023 2191 2190
f 2024 2066 1939
f 2367 2192 2193
f 2068 2017 2069
f 2067 2068 1939
f 2067 2066 1798
f 2068 2067 2070
f 2068 2070 2074
f 1939 2068 2069
f 2074 2070 2072
f 2074 2017 2068
f 2071 2073 2074
f 2071 2074 2072
f 2096 2040 2073
f 2017 2073 2416
f 2076 2075 2025
f 1866 2076 2025
f 2077 2076 2058
f 2077 1800 2076
f 2118 2119 2216
f 1800 2077 2105
f 2080 2027 1906
f 2007 2079 2263
f 2263 2079 2080
f 2027 2080 2079
f 1775 2244 2245
f 2081 2028 2082
f 2084 2104 2028
f 2104 2085 2082
f 2084 2083 1901
f 2246 2083 2028
f 1959 2084 1901
f 1833 2104 2084
f 2075 2085 2078
f 2084 2028 2083
f 2082 2028 2104
f 2075 1800 2085
f 2085 2086 2082
f 2086 2085 1800
f 2086 1800 2105
f 2029 2082 2086
f 2088 2029 2086
f 2030 2088 2090
f 2089 2088 2086
f 2180 2143 2089
f 2088 2089 2090
f 2089 2143 2090
f 2142 2091 2090
f 2092 1907 2030
f 2130 2194 2131
f 2034 2033 2149
f 1909 2094 1877
f 2411 2094 1975
f 2095 1821 1975
f 2094 2033 1877
f 1977 2095 1857
f 2109 2162 2043
f 2151 1796 2109
f 2136 2363 2047
f 2046 2047 2097
f 2138 2136 2110
f 2055 1860 1887
f 1860 2099 2012
f 1824 2013 2100
f 2099 2100 2060
f 2100 2112 2182
f 1822 2113 2415
f 2101 1822 2415
f 2114 1948 2113
f 2101 1949 2062
f 2061 2252 2101
f 2251 2102 1822
f 1993 2111 1992
f 1992 2102 2251
f 2063 2020 1946
f 2063 2116 2365
f 1939 2103 2024
f 2085 2104 2078
f 2144 2180 2181
f 2182 1824 2100
f 2132 2093 2414
f 2129 2108 2107
f 2108 2132 2033
f 2214 2213 2128
f 2051 2187 2163
f 2262 2276 2261
f 1993 2166 2111
f 2165 2139 2138
f 2237 2232 2236
f 2102 2164 2237
f 2102 2113 1822
f 2019 2365 2177
f 2235 2236 2232
f 2116 2115 2167
f 2102 2237 2113
f 2125 2194 2129
f 2116 2167 2177
f 2115 2116 1948
f 2063 1948 2116
f 2236 2115 2114
f 2170 2177 2167
f 2156 2153 2155
f 2167 2168 2140
f 2170 2172 2177
f 2117 2179 2019
f 2105 2089 2086
f 2216 2089 2105
f 2105 2077 2118
f 2105 2118 2216
f 2057 2119 2118
f 2080 1906 2249
f 2181 2180 2217
f 2149 1908 2034
f 2122 2196 2266
f 2107 2108 2123
f 2126 2134 2124
f 2107 2126 2127
f 2174 2214 2173
f 2107 2123 2126
f 2213 2150 2125
f 2194 2125 2131
f 2127 2126 2124
f 2107 2127 2125
f 2123 1821 2126
f 2127 2124 2128
f 2124 1796 2152
f 2152 2151 2155
f 2129 2107 2125
f 2131 2125 2150
f 2188 2130 2131
f 2108 2129 2132
f 2093 2132 2129
f 2201 2031 2202
f 2197 2198 2134
f 1821 2095 2417
f 2417 2134 2126
f 2124 2134 1796
f 2096 2109 2041
f 2109 2043 2041
f 2162 2109 2198
f 2163 2110 2047
f 2052 2186 2185
f 2220 2221 2187
f 2363 2136 1995
f 2110 2136 2047
f 2260 2277 2137
f 2111 2139 2165
f 2189 2172 2170
f 1944 2141 1825
f 1824 2146 2119
f 2181 2106 2144
f 2142 2090 2143
f 2248 2142 2120
f 2142 2143 2144
f 2142 2144 2120
f 2184 2106 2148
f 2217 2146 2147
f 2147 2146 2182
f 2183 2121 2182
f 2148 2147 2121
f 2148 2181 2147
f 2146 2217 2119
f 2148 2121 2219
f 2106 2184 2145
f 2149 2132 2414
f 2214 2176 2173
f 2188 2189 2171
f 2073 2071 2364
f 2151 2152 1796
f 2364 2151 2096
f 2152 2155 2153
f 2124 2152 2128
f 2364 2154 2155
f 2214 2153 2176
f 2152 2153 2128
f 2154 2071 2072
f 2156 2155 2154
f 2156 2154 2418
f 2153 2156 2176
f 2158 2072 2070
f 2366 2418 2160
f 2157 2117 2175
f 2158 2159 2160
f 1798 2367 2159
f 1798 2066 2190
f 2367 2193 2159
f 1798 2159 2158
f 2093 2195 2122
f 1878 2161 1977
f 2162 2198 2199
f 2197 2199 2198
f 2162 2203 2205
f 2221 2163 2187
f 2221 2098 2110
f 2260 2098 2225
f 2166 2139 2111
f 2209 2229 2370
f 2136 2139 1995
f 2139 2166 1995
f 2170 2167 2140
f 2168 2167 2115
f 2206 1823 2195
f 2171 2169 2207
f 2171 2170 2140
f 2189 2173 2172
f 2175 2173 2176
f 2174 2173 2189
f 2174 2150 2213
f 2174 2213 2214
f 2157 2175 2156
f 2177 2117 2019
f 2175 2117 2172
f 2117 2177 2172
f 2365 2178 2020
f 2178 2179 2141
f 2144 2143 2180
f 2216 2180 2089
f 2217 2216 2119
f 2181 2217 2147
f 2106 2181 2148
f 2183 2182 2112
f 2112 2257 2281
f 2182 2121 2147
f 2218 2121 2183
f 2225 2221 2220
f 2187 2051 2185
f 2148 2219 2184
f 2145 2184 2186
f 2185 2184 2219
f 2145 2186 2007
f 2187 2185 2219
f 2052 2185 2051
f 2185 2186 2184
f 2187 2219 2220
f 2186 2052 2007
f 2213 2125 2127
f 2188 2150 2174
f 2188 2171 2130
f 2171 2189 2170
f 2174 2189 2188
f 2064 2191 2023
f 2023 2190 2066
f 2064 1953 2191
f 2222 2367 2190
f 2410 2222 2368
f 2141 2193 1825
f 1825 2193 2192
f 2193 2160 2159
f 2193 2141 2215
f 2193 2215 2160
f 2129 2194 2093
f 2093 2194 2195
f 2122 2195 1823
f 2122 1823 2196
f 2224 2208 2212
f 2206 2130 2207
f 2194 2130 2195
f 2109 1796 2198
f 2134 2198 1796
f 2161 2200 2199
f 2200 2203 2199
f 1878 2200 2161
f 1878 2201 2200
f 1876 2202 2031
f 2201 2202 2200
f 2204 2203 2200
f 2162 2205 2043
f 2369 1984 2204
f 2200 2202 2204
f 2205 2204 1984
f 2168 2236 1797
f 2171 2140 2169
f 2169 2140 2168
f 2168 1797 2169
f 2210 2207 2169
f 2130 2171 2207
f 2210 1797 2223
f 2208 2206 2209
f 2212 2208 2370
f 2000 2226 2269
f 2209 2207 2210
f 2210 2169 1797
f 2229 2209 2210
f 1998 1999 2420
f 1823 2208 2224
f 2212 1998 2420
f 2127 2128 2213
f 2153 2214 2128
f 2215 2157 2366
f 2179 2215 2141
f 2178 2019 2179
f 2216 2217 2180
f 2219 2121 2220
f 2218 2220 2121
f 2220 2218 2225
f 2218 2280 2225
f 2098 2221 2225
f 2163 2221 2110
f 2150 2188 2131
f 1953 1940 2191
f 2368 2191 1940
f 2409 2368 2021
f 2191 2368 2222
f 2191 2222 2190
f 2130 2206 2195
f 2209 2206 2207
f 2212 2370 2227
f 2276 2268 2270
f 2230 2226 2227
f 1797 2235 2223
f 2229 2210 2223
f 2227 1998 2212
f 2224 2196 1823
f 2196 2224 2211
f 2183 2112 2281
f 2260 2225 2280
f 1998 2226 2000
f 2226 2230 2269
f 2230 2227 2370
f 1998 2227 2226
f 2223 2235 2228
f 2231 2233 2228
f 2164 2232 2237
f 2230 2229 2228
f 2230 2370 2229
f 2232 2234 2231
f 2234 2164 2135
f 2135 2265 2412
f 2231 2235 2232
f 2231 2234 2272
f 2223 2228 2229
f 2231 2228 2235
f 2230 2228 2371
f 2164 2234 2232
f 2236 2235 1797
f 2115 2236 2168
f 2113 2237 2114
f 2114 2237 2236
f 2302 2238 2242
f 1779 2239 1808
f 2238 2357 2242
f 2302 2239 2238
f 2244 1967 2241
f 2240 1961 2243
f 2302 2242 2240
f 2239 2241 1808
f 2240 2242 1896
f 1961 2246 2243
f 2245 2028 2081
f 2245 2244 2243
f 1967 2244 1775
f 2239 2302 2244
f 1961 2026 2246
f 2026 2083 2246
f 2245 2081 1775
f 2246 2245 2243
f 2245 2246 2028
f 1791 1779 1793
f 1854 1819 1785
f 2248 2091 2142
f 2264 2080 2249
f 2120 2145 2263
f 2091 2248 2247
f 2248 2264 2247
f 2263 2264 2120
f 2092 2247 1874
f 1972 1876 1970
f 2202 2369 2204
f 2252 1822 2101
f 2253 2251 2252
f 2251 1822 2252
f 1993 2251 2253
f 2253 2252 1987
f 1994 2253 1987
f 2255 2258 2254
f 1884 2259 2056
f 2259 2254 2258
f 2254 2259 1884
f 2279 1884 2050
f 2254 2278 2255
f 2256 2258 2255
f 2258 2257 1860
f 2257 2256 2281
f 2255 2261 2256
f 2258 2256 2257
f 2099 1860 2257
f 2046 2051 2163
f 2261 2260 2280
f 2277 2261 2276
f 2262 2261 2255
f 2264 2263 2080
f 2264 2249 2247
f 2120 2264 2248
f 2154 2364 2071
f 2151 2364 2155
f 1798 2158 2067
f 2070 2067 2158
f 2111 2265 2135
f 2165 2265 2111
f 2419 2266 2196
f 2267 2371 2271
f 2371 2267 2269
f 2371 2269 2230
f 2272 2271 2233
f 2274 2165 2138
f 2267 2271 2268
f 2231 2272 2233
f 2271 2270 2268
f 2412 2272 2234
f 2270 2271 2272
f 2273 2275 2274
f 2137 2274 2138
f 2273 2270 2275
f 2260 2137 2098
f 2273 2274 2137
f 2165 2274 2275
f 2276 2270 2273
f 2165 2275 2265
f 2276 2273 2277
f 2276 2262 2268
f 2137 2277 2273
f 2261 2277 2260
f 2005 2267 2278
f 2135 2412 2234
f 2275 2412 2265
f 2255 2278 2262
f 2279 2278 2254
f 1884 2279 2254
f 2218 2183 2281
f 2256 2280 2281
f 2261 2280 2256
f 2281 2280 2218
f 2282 188 96
f 317 363 316
f 390 363 317
f 699 643 673
f 1096 2287 998
f 811 2284 659
f 2286 964 1043
f 2283 1071 806
f 998 1076 1079
f 2287 1076 998
f 1093 2285 810
f 2287 1096 814
f 1249 2289 1230
f 1235 1232 2290
f 1269 2288 1263
f 595 1284 2291
f 1377 2291 1284
f 1248 1245 1286
f 2292 1229 2289
f 1231 1287 1249
f 2290 2293 1235
f 2293 1288 1235
f 1292 1290 1257
f 1636 1521 1457
f 1636 1457 1424
f 1871 2294 1783
f 2297 2295 1788
f 2297 1793 2301
f 2295 2298 1773
f 1788 1772 2297
f 2300 2299 2404
f 1819 2238 1779
f 1791 1819 1779
f 2296 1806 1843
f 2301 2295 2297
f 1992 2135 2164
f 1992 2164 2102
f 2243 2302 2240
f 105 142 28
f 129 39 120
f 2303 191 193
f 119 128 582
f 223 224 61
f 104 2305 154
f 146 304 148
f 2307 578 107
f 215 2308 214
f 137 169 49
f 172 146 149
f 140 750 199
f 2304 212 126
f 590 593 224
f 273 63 334
f 192 162 193
f 236 162 290
f 217 240 194
f 147 250 200
f 253 170 307
f 223 61 852
f 392 2312 395
f 2313 293 167
f 195 296 297
f 2314 390 391
f 319 2311 186
f 590 224 223
f 2315 2380 380
f 385 384 381
f 389 390 2314
f 132 396 397
f 325 353 417
f 406 458 460
f 420 421 2382
f 325 417 416
f 420 411 431
f 417 412 416
f 424 420 431
f 2316 418 548
f 424 2316 421
f 2317 432 427
f 430 2316 548
f 427 432 426
f 401 399 456
f 459 2307 460
f 2317 423 432
f 489 463 313
f 2319 365 157
f 472 2319 495
f 495 2319 157
f 2318 499 542
f 2320 574 520
f 349 563 527
f 550 2321 551
f 578 2307 579
f 2306 582 183
f 119 2306 155
f 225 591 592
f 754 720 753
f 635 2322 685
f 101 697 48
f 754 753 721
f 665 2322 680
f 2322 743 685
f 783 768 765
f 770 779 772
f 788 2323 919
f 678 791 789
f 792 2324 786
f 2310 921 922
f 817 613 1427
f 761 756 822
f 761 822 766
f 914 966 1114
f 2323 1099 1132
f 2325 906 60
f 788 919 917
f 798 934 972
f 941 1051 940
f 1056 936 1007
f 1120 1056 732
f 1036 1064 1063
f 1080 1081 2326
f 2326 1102 1082
f 2328 2326 1101
f 1163 1160 1165
f 2329 1162 883
f 1247 1225 1254
f 1267 2331 1265
f 1240 1269 1220
f 1183 1360 1403
f 2332 1329 1894
f 1236 1289 1268
f 1310 2330 1263
f 2334 1336 1337
f 1329 2392 1337
f 1311 2334 1338
f 1285 1338 2392
f 2335 1444 840
f 1573 2336 1359
f 2336 1195 1359
f 1404 2338 1525
f 1400 1410 1363
f 1461 2339 1462
f 1543 1474 1416
f 1567 1419 1372
f 2340 1439 1203
f 2342 599 600
f 1541 1525 2337
f 2338 2337 1525
f 1481 1422 1483
f 2343 1686 1316
f 1502 1316 1621
f 1461 2336 1573
f 1483 1567 1485
f 1552 1571 1553
f 1601 1540 1537
f 1581 1582 1638
f 2346 1603 1584
f 1601 1581 1638
f 1601 1638 2345
f 2346 1606 1603
f 1502 1621 1501
f 1662 2347 1621
f 1628 2348 1625
f 2348 1631 1625
f 2349 1629 1628
f 2350 1648 1630
f 1542 1646 1473
f 1651 1590 2397
f 1738 1517 2355
f 2421 1673 1662
f 1316 1684 1662
f 1660 1681 1680
f 1686 2351 1684
f 2351 2352 1623
f 2352 1692 1691
f 2352 1691 1667
f 1684 2351 2421
f 2343 2353 1685
f 2354 1726 1695
f 1683 1738 2355
f 1738 1683 1739
f 2356 16 15
f 2356 1915 16
f 1784 1804 2405
f 1770 1791 1771
f 1804 1806 1805
f 1819 2357 2238
f 1829 2358 1861
f 2332 2359 1807
f 1880 2360 1879
f 1829 1861 1826
f 2361 1753 1752
f 1880 1879 1753
f 1968 1856 1795
f 2360 1983 1879
f 1994 1916 1881
f 2406 1945 1825
f 1994 1987 2356
f 2362 2363 1995
f 1994 1881 2253
f 2340 1441 1439
f 2407 1961 1896
f 2029 2081 2082
f 2411 2108 2033
f 2149 2033 2132
f 2363 2097 2047
f 2063 2365 2020
f 2178 2365 2019
f 2365 2116 2177
f 2115 1948 2114
f 2120 2144 2106
f 1821 2417 2126
f 2417 2133 2197
f 2120 2106 2145
f 2073 2364 2096
f 2158 2160 2418
f 2157 2215 2179
f 2367 2222 2192
f 2368 2409 2410
f 2211 2419 2196
f 2417 2197 2134
f 2369 2202 1876
f 2370 2208 2209
f 2215 2366 2160
f 2117 2157 2179
f 2233 2371 2228
f 2050 1884 2003
f 2262 2278 2268
f 2372 150 105
f 2 188 2282
f 2304 130 115
f 130 2304 129
f 129 2304 125
f 20 2303 193
f 24 25 135
f 103 76 143
f 2373 433 298
f 196 197 215
f 168 2375 216
f 195 241 299
f 258 2375 217
f 331 330 377
f 2377 401 285
f 98 2374 314
f 2376 2378 479
f 2379 348 402
f 272 379 158
f 2380 131 381
f 2376 343 283
f 419 2382 324
f 2381 451 456
f 479 2378 478
f 591 478 2378
f 406 489 458
f 2383 540 567
f 524 561 459
f 337 2378 2376
f 2378 337 592
f 2384 697 101
f 1136 1138 1139
f 635 680 2322
f 2386 1427 1489
f 2385 762 686
f 2387 695 830
f 2387 784 1005
f 788 2388 1099
f 932 2389 1006
f 906 333 60
f 855 69 68
f 941 870 831
f 995 2287 996
f 695 2387 1005
f 1030 1036 1034
f 787 2388 788
f 1038 942 1060
f 1038 1060 1039
f 1073 1075 1078
f 1073 1078 1077
f 1073 1077 1067
f 1102 2388 1049
f 1098 1136 1139
f 1121 1125 1124
f 849 1130 63
f 1098 1156 1134
f 2390 1106 1105
f 1126 1153 1155
f 614 1346 1486
f 1215 1285 2392
f 1337 2391 1335
f 1337 2392 2334
f 1264 1379 1305
f 1474 2393 1542
f 2335 841 1446
f 1462 1411 1409
f 2343 1502 1500
f 1402 2395 1360
f 1530 2394 1435
f 2395 1402 1526
f 1570 1568 1485
f 2395 1403 1360
f 1386 1616 1590
f 2400 1659 1606
f 1611 2345 1644
f 1386 1590 1650
f 1635 2396 1649
f 1646 1542 2396
f 2396 1542 2393
f 1651 2397 1643
f 1688 2398 1670
f 2399 1592 1657
f 1665 1660 2400
f 1671 1659 2399
f 2400 2399 1659
f 2401 1683 1672
f 2401 1670 2398
f 1670 2401 1593
f 1674 1673 2421
f 2398 1318 1739
f 1674 2421 1642
f 1623 1689 1642
f 1623 2352 1690
f 2402 1709 1694
f 1709 2402 1706
f 2403 1706 2402
f 1425 1734 1211
f 1930 1208 1928
f 1842 2404 2298
f 1789 1836 1803
f 189 2405 3
f 1845 2405 1804
f 2406 2410 1892
f 10 1919 11
f 1938 1939 2069
f 1938 2069 2015
f 1892 1943 2406
f 2410 2409 1892
f 2415 2063 1949
f 1903 1961 2407
f 1963 2407 1898
f 2411 1975 1821
f 2413 2266 2419
f 2409 2021 1952
f 2031 2032 1968
f 2039 1986 2416
f 2002 2050 1883
f 2414 1908 2149
f 1948 2415 2113
f 2415 1948 2063
f 2040 2416 2073
f 2138 2110 2098
f 2133 2417 2095
f 2161 2199 2197
f 2137 2138 2098
f 2122 2266 2414
f 2414 2093 2122
f 2418 2154 2072
f 2156 2418 2366
f 2156 2366 2157
f 2156 2175 2176
f 2410 2406 2192
f 1825 2192 2406
f 2049 2419 2211
f 2161 2197 2133
f 2420 2211 2224
f 2420 2001 2211
f 2212 2420 2224
f 2371 2233 2271
f 2272 2412 2270
f 2267 2268 2278
f 1292 1257 1287
f 2300 2404 1784
f 2298 2404 2299
f 2380 381 380
f 385 381 477
f 366 2382 421
f 2382 366 324
f 1052 1126 1155
f 1623 2421 2351
f 1 2405 2
f 1825 1945 1944
f 2038 1986 2039
f 2158 2418 2072