# https://github.com/mikedh/trimesh
v -0.16469565 0.08760792 0.02979607
v -0.16289046 0.07480827 0.04191318
v -0.16117948 0.04947989 0.04282596
v -0.14961955 0.01629923 0.04558773
v -0.14565943 -0.00937181 0.04640820
v -0.15289629 -0.07561879 0.05323998
v -0.15886936 -0.09777737 0.04877779
v -0.16426539 -0.11916741 0.04965112
v -0.17188981 -0.13528988 0.04560231
v -0.18248263 -0.16426542 0.03730687
v -0.18927246 -0.18800393 0.03534046
v -0.19425087 -0.20890191 0.03342008
v -0.19400558 -0.23031108 0.03052019
v -0.20722711 -0.24414398 0.03118756
v -0.20914024 -0.26262891 0.02845668
v -0.20196065 -0.28289604 0.03037255
v -0.21582983 -0.32097974 0.03040406
v -0.20847571 -0.35813382 0.03258851
v -0.20964396 -0.37684968 0.03009377
v -0.21979141 -0.42229894 0.03926042
v -0.22986981 -0.45238173 0.03118138
v -0.22915091 -0.47237509 0.03420972
v -0.23196045 -0.51059836 0.03906859
v -0.22764455 -0.52876610 0.04239818
v -0.22061886 -0.54371959 0.04673204
v -0.21965493 -0.54611540 0.04567554
v -0.21897188 -0.54856789 0.04451047
v -0.21839304 -0.55332822 0.06429796
v -0.21789490 -0.55363369 0.08396299
v -0.21716115 -0.55342931 0.10262246
v -0.21596336 -0.55286086 0.12133601
v -0.21392657 -0.55217308 0.13978034
v -0.21085653 -0.55114812 0.15814035
v -0.20448604 -0.55010051 0.17533758
v -0.19519119 -0.54940301 0.19100165
v -0.18317878 -0.54843527 0.20469628
v -0.16951743 -0.54738098 0.21734866
v -0.15415236 -0.54664034 0.22810493
v -0.13664480 -0.54691535 0.23422092
v -0.11861862 -0.54655963 0.23917830
v -0.10085535 -0.54573542 0.24329251
v -0.08305904 -0.54505330 0.24699900
v -0.06525255 -0.54427022 0.25061041
v -0.04744525 -0.54364997 0.25374907
v -0.02957115 -0.54303443 0.25640920
v -0.01178723 -0.54296321 0.25800845
v 0.00657998 -0.54342556 0.25839496
v 0.00582961 -0.51640922 0.22641215
v -0.00127735 -0.48663038 0.19509479
v 0.00501848 -0.47345445 0.18404786
v 0.00300277 -0.45426962 0.17166339
v -0.00007189 -0.43631098 0.16141775
v 0.00220109 -0.37837794 0.13930623
v 0.01256408 -0.34724453 0.14365385
v 0.00909851 -0.33387175 0.16217084
v 0.00635349 -0.29380020 0.14886083
v 0.00396993 -0.27887014 0.16374879
v 0.00221304 -0.23847851 0.17072882
v 0.00392437 -0.21849012 0.17837214
v 0.00502691 -0.19658530 0.17709778
v 0.00157027 -0.14990327 0.17558838
v 0.00495747 -0.07243127 0.16918217
v 0.00655890 -0.05537160 0.16687925
v 0.00691912 -0.03147368 0.16364646
v 0.00373181 -0.00802476 0.15776907
v 0.01705176 0.00448491 0.15727407
v 0.01367537 0.02584665 0.15828478
v 0.01004710 0.04773095 0.16012350
v 0.01863414 0.05998830 0.16195187
v 0.00957721 0.08841147 0.15562768
v 0.00688671 0.10876937 0.15223454
v 0.00394008 0.13207035 0.14727081
v 0.00731596 0.13071160 0.12875372
v 0.01294314 0.16707960 0.10059908
v -0.00270817 0.17111212 0.08924180
v -0.01897568 0.18334915 0.08251214
v -0.03310553 0.19792131 0.07161960
v -0.04371299 0.21748979 0.05702378
v -0.05115170 0.23868592 0.03617822
v -0.05863045 0.25938049 0.01510714
v -0.06540069 0.27371335 -0.01214041
v -0.06642979 0.27319622 -0.04486821
v -0.07887544 0.27078521 -0.03099883
v -0.09916655 0.26479432 -0.03261400
v -0.11792463 0.26098049 -0.02964651
v -0.12692365 0.25474396 -0.01217115
v -0.12898996 0.24782471 0.00480895
v -0.12457090 0.23785858 0.02076222
v -0.11794443 0.22415914 0.03413618
v -0.11446213 0.21114655 0.04617554
v -0.11490152 0.19416447 0.05901926
v -0.11952132 0.17479730 0.06945852
v -0.12940615 0.15658337 0.07859934
v -0.13943683 0.13736211 0.08048911
v -0.14952168 0.11819360 0.07404292
v -0.15857445 0.10087491 0.05765159
v -0.22053216 -0.51294774 0.08731353
v -0.09223267 -0.45080790 0.18761717
v -0.04941201 -0.50326735 0.20697278
v -0.02299483 -0.52192438 0.23300862
v 0.00804920 -0.53135312 0.24324527
v -0.03317828 0.14892820 0.10727017
v -0.02343910 0.16853270 0.09190825
v -0.08846204 0.26421693 -0.01357594
v -0.21933874 -0.53912085 0.08156500
v -0.21851197 -0.51515746 0.12486711
v -0.18440059 -0.45514598 0.18251914
v -0.10677882 0.26058286 -0.01664910
v -0.05461650 -0.53105158 0.23666269
v -0.02040115 -0.53434986 0.24789715
v -0.07350999 0.26276359 -0.00155975
v -0.04982524 0.20324728 0.06518881
v -0.21496379 -0.53514659 0.13040514
v -0.07036705 0.24508515 0.02169728
v -0.14564833 -0.50135654 0.21296152
v -0.03650874 -0.53420562 0.24396986
v -0.21311253 -0.53503793 0.14945079
v -0.10748553 0.24348859 0.01302710
v -0.08975703 -0.52982211 0.22751385
v -0.12585120 -0.53407007 0.22488973
v -0.07303062 -0.53762925 0.24034391
v -0.19928427 -0.53470856 0.18295690
v -0.10981448 0.23344775 0.02512655
v -0.09256000 0.23805730 0.02342998
v -0.16856559 -0.53280097 0.21585374
v -0.18629616 -0.52554554 0.20043050
v -0.10102537 0.22160454 0.03839478
v -0.07145437 -0.52381539 0.22399554
v -0.14922941 -0.52899063 0.21888769
v -0.13731444 -0.51648492 0.21879449
v -0.10907309 -0.13067748 0.13273655
v -0.09490430 0.00124444 0.12604363
v -0.14765500 0.06679790 0.10159092
v -0.22257990 -0.48180729 0.06780698
v -0.22839949 -0.51773828 0.05918404
v -0.20918730 -0.38335666 0.12138090
v -0.01559140 -0.49522334 0.20466122
v -0.01399959 -0.51142889 0.22109278
v -0.00734779 -0.52700305 0.23877203
v -0.01369049 0.13121127 0.11730333
v -0.08771294 0.13168405 0.12163273
v -0.22287844 -0.53579438 0.06219430
v -0.03962713 0.18038583 0.08236203
v -0.03921388 0.16159983 0.09575306
v -0.05603073 0.18636122 0.07560865
v -0.08524922 0.16779242 0.08640994
v -0.05308589 0.14535688 0.10790145
v -0.05814639 0.16858381 0.08933657
v -0.07675933 0.18068784 0.07752393
v -0.21762869 -0.52305251 0.10268077
v -0.20649971 -0.52890640 0.16430967
v -0.05217785 -0.51567703 0.21896604
v -0.06839959 -0.50659990 0.20620731
v -0.08652243 0.25181267 0.00600879
v -0.11021177 -0.53217840 0.22539431
v -0.06271397 -0.24545887 0.16526888
v -0.16094260 -0.20694038 0.09889434
v -0.06149618 -0.13107683 0.16087934
v -0.04626997 0.02435592 0.15415415
v -0.15194854 0.09973262 0.07544805
v -0.15855081 0.06606284 0.06840794
v -0.21554019 -0.44077036 0.07002901
v -0.22383006 -0.47990939 0.05014930
v -0.22532666 -0.49898276 0.05336320
v -0.22240019 -0.50348061 0.06965237
v -0.22369100 -0.52130848 0.07383168
v -0.20695662 -0.38278764 0.08164077
v -0.02122195 -0.43081713 0.15855660
v -0.00373643 -0.50160968 0.21016662
v -0.04680187 0.12360699 0.14240512
v -0.01154716 0.13598593 0.14002398
v -0.10073464 0.18215746 0.07127418
v -0.09507905 0.14971386 0.09717499
v -0.21489590 -0.51641303 0.14673555
v -0.19917643 -0.51467347 0.18329039
v -0.20865306 -0.50390422 0.16410972
v -0.03051605 -0.50803173 0.21716817
v -0.03480846 -0.49821654 0.20446357
v -0.05347090 -0.47527441 0.18262176
v -0.06194617 -0.49171352 0.19410276
v -0.03867906 -0.52148479 0.22933905
v -0.09337667 -0.48444381 0.19218777
v -0.09912957 -0.50263238 0.20180285
v -0.08078999 -0.49453354 0.19547436
v -0.07547435 -0.47508132 0.18404025
v -0.20526759 -0.25214705 0.06773029
v -0.16043390 -0.12951532 0.07338710
v -0.15998630 0.08715773 0.05413304
v -0.16163085 0.06268270 0.05211155
v -0.15567532 0.04626442 0.06774756
v -0.22360507 -0.45956281 0.04739325
v -0.21896803 -0.45889145 0.06358586
v -0.22308849 -0.43976077 0.05447044
v -0.02040338 -0.38692263 0.14416288
v -0.02314247 -0.34982166 0.13922884
v -0.01973617 -0.46269906 0.17567921
v -0.01431159 -0.44889683 0.16748054
v -0.00280845 0.15607308 0.10227963
v -0.01585007 0.14461482 0.10127106
v -0.05016438 0.14091496 0.12957126
v -0.02498137 0.10064925 0.15596497
v -0.01233007 0.11760292 0.15088701
v -0.13461091 0.13034242 0.08817265
v -0.12032458 0.14619854 0.09108703
v -0.10983827 0.16316241 0.08145641
v -0.10697073 0.13766471 0.10684550
v -0.12437847 0.10834888 0.11388536
v -0.10881402 0.12099643 0.11738277
v -0.12400791 0.12619509 0.10120914
v -0.19840358 -0.49162373 0.18152913
v -0.18538278 -0.50296444 0.19590631
v -0.16953140 -0.50455779 0.20201536
v -0.02602041 -0.48225859 0.18978457
v -0.03866535 -0.46825802 0.17780635
v -0.03284726 -0.44952622 0.16703528
v -0.04005982 -0.42977840 0.16349293
v -0.02154182 -0.40644944 0.15013579
v -0.01737712 -0.27352202 0.16233385
v -0.00158949 -0.26065943 0.16946650
v -0.01975139 -0.25173652 0.17062731
v -0.03799048 -0.27099511 0.16015159
v -0.20112906 -0.29346743 0.05316025
v -0.01161020 -0.13156277 0.17369252
v -0.01885509 -0.15272704 0.17390656
v -0.15056817 -0.09404023 0.07111827
v -0.14493005 -0.05726472 0.06500770
v -0.16937743 -0.14221701 0.06250359
v -0.15471290 -0.11121067 0.06952187
v -0.17652033 -0.15515998 0.05129249
v -0.00762993 0.01639444 0.15572733
v -0.13977443 0.00237019 0.06293579
v -0.14036150 -0.01854407 0.06295927
v -0.15471379 0.07914858 0.07938314
v -0.15677652 0.03660903 0.05135233
v -0.15236595 0.05610977 0.08729336
v -0.21960156 -0.42415103 0.05823355
v -0.21998490 -0.50054252 0.10777312
v -0.21080869 -0.39396566 0.03565437
v -0.20859276 -0.37046823 0.04705557
v -0.00208300 -0.39447662 0.14366719
v -0.00109765 -0.35816300 0.13662480
v -0.00827761 -0.32001489 0.16475047
v -0.01233429 -0.30184698 0.15208808
v -0.03430103 -0.28903866 0.14493458
v -0.00514906 -0.41425651 0.15129524
v -0.03976968 0.13587008 0.11793591
v -0.02874559 0.13840981 0.13465436
v -0.06860168 0.12650159 0.13431269
v -0.08436803 0.14585829 0.11204695
v -0.06569834 0.14520165 0.12072131
v -0.02579282 0.12559792 0.14472970
v -0.00740277 0.09755392 0.15601334
v -0.03951842 0.11004679 0.14912710
v -0.21541893 -0.50089025 0.14492692
v -0.18288206 -0.47929168 0.19006069
v -0.05937659 -0.42534885 0.17020836
v -0.06103754 -0.40196192 0.16506669
v -0.04283231 -0.39409763 0.15415174
v -0.05873464 -0.37946841 0.15493038
v -0.07640147 -0.43530229 0.17924947
v -0.05674097 -0.44506365 0.17110008
v -0.01443942 -0.22748548 0.17737123
v -0.01157086 -0.20932740 0.17497747
v -0.01921336 -0.19212680 0.17498438
v -0.00752226 -0.28307629 0.15041536
v -0.02099380 -0.28144816 0.14739184
v -0.20910515 -0.25545067 0.04515169
v -0.20836376 -0.29936200 0.03380936
v -0.21293183 -0.31021935 0.04833735
v -0.00023041 -0.10967612 0.17158657
v -0.01031041 -0.08609314 0.16963780
v -0.04384692 -0.11315056 0.16587235
v -0.01579556 -0.06473822 0.16677266
v -0.15007919 -0.05335662 0.04787359
v -0.14537090 -0.03446082 0.05247762
v -0.14963965 -0.12131187 0.08782230
v -0.18758675 -0.19717935 0.05553103
v -0.00611482 0.03855996 0.15861855
v -0.00933149 0.05750698 0.16297570
v -0.02916434 0.03145285 0.15699910
v -0.03067971 0.01041874 0.15338853
v -0.13060851 -0.01106233 0.07927956
v -0.13577405 -0.03584334 0.07382581
v -0.14845118 0.02691316 0.06755103
v -0.14713104 0.03703809 0.08616097
v -0.21620661 -0.47373801 0.08457888
v -0.21722409 -0.44459695 0.10547835
v -0.21355772 -0.45303383 0.08634552
v -0.20687366 -0.40571588 0.07918860
v -0.21586025 -0.42029634 0.07934699
v -0.20980224 -0.41352147 0.10502014
v -0.21773592 -0.43303844 0.09411483
v -0.20989802 -0.36759323 0.06390037
v -0.21526797 -0.33482131 0.03761569
v -0.01689460 -0.37010449 0.13940248
v -0.04901846 -0.34878537 0.14003798
v -0.03907768 -0.37119251 0.14326504
v -0.03297295 -0.34189084 0.14762208
v -0.00927386 -0.34128642 0.15499687
v 0.00511805 -0.31180012 0.16267996
v -0.04210308 -0.31903705 0.16453016
v -0.08671887 0.09759400 0.14790520
v -0.10553717 0.10556623 0.13236217
v -0.07019609 0.15342876 0.10041918
v -0.00778460 0.07741278 0.15907247
v -0.04658099 0.09661736 0.15657762
v -0.06460752 0.10711420 0.14623527
v -0.06794327 0.08761623 0.15872523
v -0.08827841 0.11485663 0.13410419
v -0.20861141 -0.48734555 0.16382806
v -0.19666797 -0.47305384 0.17937146
v -0.16806576 -0.48670116 0.19491707
v -0.13992000 -0.43174049 0.18309331
v -0.07547474 -0.45585042 0.17916384
v -0.03946660 -0.18936376 0.17135082
v -0.05032823 -0.22812334 0.17109841
v -0.05271353 -0.21014614 0.16577253
v -0.18552472 -0.22078884 0.05197668
v -0.19918425 -0.23675473 0.06403252
v -0.18280734 -0.20827675 0.07270776
v -0.17241193 -0.21886300 0.08564996
v -0.18370016 -0.23221123 0.07072052
v -0.19420347 -0.24147286 0.08661475
v -0.19539210 -0.26514542 0.08237145
v -0.21382108 -0.32600775 0.06144171
v -0.20891745 -0.30400330 0.07026965
v -0.19828442 -0.28687125 0.07101563
v -0.02184161 -0.10808463 0.16997482
v -0.02882874 -0.08598100 0.16726315
v -0.03946723 -0.07101494 0.16284917
v -0.05191867 -0.08527360 0.15941286
v -0.04847625 -0.06231958 0.15832010
v 0.00935641 -0.17034447 0.17644230
v -0.00944733 -0.04244374 0.16422883
v -0.00921330 -0.02257002 0.16019233
v -0.04216385 -0.03904905 0.15668970
v -0.13701817 -0.05960067 0.08144069
v -0.02698908 0.06592586 0.16302237
v -0.02408535 0.04788405 0.16220738
v -0.06317995 0.03752380 0.15868172
v -0.06049927 -0.00354227 0.14398336
v -0.01778804 -0.00663452 0.15589088
v -0.12540215 -0.03078730 0.08797862
v -0.11056143 0.00216652 0.11224098
v -0.14224610 0.04562610 0.10722890
v -0.22164528 -0.49139702 0.08745942
v -0.21289319 -0.46421325 0.10443272
v -0.21756044 -0.49343193 0.12789179
v -0.21493897 -0.48182547 0.14547014
v -0.20674850 -0.39109862 0.05826975
v -0.21158613 -0.41016382 0.05568202
v -0.20547396 -0.39502320 0.10216431
v -0.21388073 -0.34742126 0.05242252
v -0.06015420 -0.35933840 0.14821476
v -0.02674282 -0.30365729 0.16101483
v -0.02787323 0.08536050 0.15982085
v -0.15448235 -0.49035725 0.20501131
v -0.12923917 -0.46244898 0.19961290
v -0.07583298 -0.38895029 0.16503334
v -0.02720373 -0.16887933 0.17317055
v -0.03203933 -0.21440203 0.17124800
v -0.10076365 -0.21223360 0.14336586
v -0.07082298 -0.22554639 0.16602729
v -0.17594594 -0.23421192 0.08703240
v -0.16950837 -0.19567300 0.08777226
v -0.17935804 -0.26164040 0.09478476
v -0.21032499 -0.26961052 0.06564534
v -0.20817596 -0.27667612 0.05008666
v -0.02638096 -0.02775876 0.15882032
v -0.02790027 -0.05069886 0.16273516
v -0.04193306 0.04821995 0.16240796
v -0.05947652 0.05284800 0.16365540
v -0.04662516 0.00438434 0.15069278
v -0.04095993 -0.01246738 0.15146345
v -0.05702772 -0.04965777 0.15204223
v -0.07355282 -0.06362134 0.14474654
v -0.06603123 -0.07729190 0.15139560
v -0.07230596 -0.09671241 0.15031432
v -0.06051251 -0.11187389 0.15943560
v -0.08032532 -0.11910400 0.14953472
v -0.09255041 -0.14160304 0.14561735
v -0.06334832 -0.15332781 0.16168495
v -0.08439699 -0.08055038 0.13877338
v -0.07875310 -0.14310336 0.15365589
v -0.08169390 -0.16310981 0.15327117
v -0.10160393 -0.09648563 0.12894291
v -0.06865588 -0.17526175 0.16082628
v -0.04944269 -0.17101721 0.16804387
v -0.09387052 -0.19391453 0.14617380
v -0.07529396 -0.20292518 0.15591030
v -0.06153852 -0.18970013 0.16449521
v -0.11051730 -0.04061840 0.10631625
v -0.10262932 -0.06095128 0.12061536
v -0.09383418 -0.04306769 0.12329777
v -0.11688649 -0.01374564 0.09914971
v -0.08408678 -0.02125409 0.13059348
v -0.07572579 -0.00816386 0.13648023
v -0.06188034 -0.02639105 0.14613616
v -0.12282789 0.02006357 0.11355346
v -0.11569101 0.07597817 0.14318532
v -0.13555954 0.02809709 0.10236246
v -0.21301845 -0.47514698 0.12321903
v -0.04762125 0.07311963 0.16328579
v -0.11055610 -0.48936197 0.20111702
v -0.12055586 -0.50345445 0.20924699
v -0.16600955 -0.46156105 0.18424022
v -0.14901312 -0.47290045 0.19873631
v -0.10422301 -0.43536073 0.18987465
v -0.04254958 -0.24951226 0.16820091
v -0.16131082 -0.15136108 0.08175463
v -0.19307104 -0.30358449 0.08821245
v -0.21046418 -0.33726549 0.09780142
v -0.21027300 -0.35395858 0.11153665
v -0.20965147 -0.37525317 0.10587363
v -0.20049778 -0.31700328 0.10155566
v -0.20987213 -0.31911990 0.08590801
v -0.21331662 -0.34121376 0.07573228
v -0.16279867 -0.29034719 0.14158389
v -0.20382854 -0.28161770 0.08664068
v -0.19250813 -0.28640106 0.10646507
v -0.18187040 -0.27015892 0.10724881
v -0.08369215 -0.33052635 0.14788601
v -0.17911531 -0.34078455 0.15250391
v -0.17805211 -0.28878468 0.12648971
v -0.06944785 -0.33662215 0.14466213
v -0.17412943 -0.31264231 0.12977117
v -0.19278920 -0.32429254 0.12396245
v -0.20395955 -0.33650449 0.11321577
v -0.16217972 -0.31075665 0.15090612
v -0.15982552 -0.25745907 0.10675222
v -0.18270695 -0.30765542 0.11086830
v -0.17824861 -0.32154146 0.14243537
v -0.05201346 -0.33471757 0.15601996
v -0.14312199 -0.10740198 0.08937960
v -0.12954380 -0.10092700 0.10469926
v -0.09827507 -0.17504907 0.14530551
v -0.10087114 -0.07675978 0.12496974
v -0.08992060 -0.06095200 0.13156235
v -0.06390775 0.01804746 0.14841525
v -0.09860478 0.03197600 0.14641687
v -0.08126517 0.03192893 0.15320250
v -0.08286496 0.05151584 0.16150884
v -0.08228728 0.01302010 0.14010088
v -0.09951738 0.02104805 0.13710608
v -0.07591442 -0.04483923 0.13891149
v -0.12560269 0.00799847 0.09664431
v -0.10402142 0.09037514 0.14483124
v -0.12174612 0.09301031 0.12884407
v -0.09476575 0.07304844 0.15737864
v -0.13671039 0.09117566 0.11126778
v -0.13699886 0.05478368 0.12120927
v -0.11352687 0.04676963 0.14465944
v -0.12986961 0.07752331 0.12819561
v -0.11478725 0.03143580 0.13500483
v -0.09718283 0.04510471 0.15409465
v -0.12848598 0.03911146 0.12536068
v -0.13098469 -0.48385581 0.20699826
v -0.15562429 -0.44781986 0.18264917
v -0.17934336 -0.41763273 0.17288540
v -0.17274413 -0.44067901 0.17997453
v -0.20752460 -0.39769349 0.12620296
v -0.09019499 -0.43082467 0.18421850
v -0.12580332 -0.44213417 0.18587196
v -0.07947435 -0.41262192 0.17565440
v -0.09217559 -0.39873388 0.17374915
v -0.09941792 -0.41768494 0.18175587
v -0.11759893 -0.42058122 0.18568869
v -0.03168360 -0.23458016 0.17466772
v -0.16310221 -0.17387027 0.08925597
v -0.15195808 -0.15977916 0.09878960
v -0.13206437 -0.16264510 0.11962017
v -0.14409971 -0.16803052 0.11015043
v -0.14217679 -0.25219443 0.11677907
v -0.08155291 -0.35096020 0.15215376
v -0.11476427 -0.33511642 0.14889321
v -0.20925070 -0.36454520 0.12722865
v -0.10247048 -0.15421462 0.13909838
v -0.11812480 -0.09137709 0.11329854
v -0.11633746 -0.06759489 0.10910549
v -0.10988246 0.01628791 0.12429957
v -0.07233696 0.06793116 0.16353586
v -0.08481462 0.08419687 0.15683159
v -0.13835539 0.11083465 0.09394530
v -0.14661865 0.08859402 0.09487496
v -0.14016305 0.07308325 0.11504754
v -0.10619211 0.06071805 0.15209287
v -0.21642944 -0.42944232 0.11596946
v -0.11637877 -0.47536567 0.19751665
v -0.14536458 -0.45714584 0.18692544
v -0.11266238 -0.45342842 0.19600242
v -0.10592709 -0.38536212 0.17333040
v -0.11685134 -0.17002028 0.13240340
v -0.11446810 -0.19218549 0.13298772
v -0.13288066 -0.18099165 0.12023261
v -0.14595266 -0.19209504 0.11049499
v -0.09170646 -0.22653328 0.15821399
v -0.08503591 -0.21141800 0.15269430
v -0.12106377 -0.14752638 0.12410319
v -0.14836945 -0.13821942 0.09392917
v -0.14733596 -0.22869484 0.11441899
v -0.16118085 -0.23890226 0.12247480
v -0.16073816 -0.22858667 0.10034020
v -0.04390306 -0.29922804 0.15866834
v -0.05913727 -0.30995512 0.16431630
v -0.07627178 -0.29787534 0.15980767
v -0.08956070 -0.31824425 0.16367045
v -0.09111678 -0.29803276 0.16020648
v -0.10758507 -0.31320721 0.16390124
v -0.14580634 -0.29602033 0.15115780
v -0.12737434 -0.29888111 0.15691267
v -0.07235254 -0.32119030 0.16326335
v -0.08053442 -0.36733314 0.15930697
v -0.10112610 -0.35368717 0.15963212
v -0.12629580 -0.35275310 0.15822917
v -0.13567916 -0.33308488 0.15075213
v -0.11327680 -0.36759543 0.16820407
v -0.09696185 -0.33325559 0.14779386
v -0.20251551 -0.34714392 0.12821712
v -0.17194551 -0.36149296 0.15929446
v -0.18627733 -0.36344260 0.14514773
v -0.16374035 -0.35060626 0.15294854
v -0.14334172 -0.31402180 0.16022672
v -0.16044661 -0.42617464 0.17690054
v -0.15993297 -0.41179022 0.17294417
v -0.14178266 -0.39711684 0.17519557
v -0.21309063 -0.41120648 0.13076529
v -0.21459730 -0.46180460 0.14535028
v -0.13247214 -0.40880179 0.18111408
v -0.11198009 -0.40022662 0.17898357
v -0.09344047 -0.37585691 0.16733769
v -0.17569382 -0.18728220 0.07476462
v -0.17081864 -0.16566263 0.07145444
v -0.18069482 -0.17763954 0.05704731
v -0.08359591 -0.24706407 0.15967390
v -0.10185714 -0.24541202 0.15286276
v -0.07375976 -0.26056078 0.15410177
v -0.05847592 -0.26405987 0.15696216
v -0.14501463 -0.23872563 0.13409762
v -0.11676577 -0.21821412 0.13461637
v -0.07706359 -0.28736937 0.14468455
v -0.12753606 -0.12970063 0.11693216
v -0.13577956 -0.14815582 0.11096611
v -0.14798045 -0.21157388 0.11116440
v -0.13236399 -0.20629701 0.12172560
v -0.17723998 -0.23940903 0.10793687
v -0.14102398 -0.28086066 0.14188178
v -0.12865412 -0.26853210 0.12658009
v -0.15214498 -0.27245107 0.12485736
v -0.10968029 -0.28984088 0.15364988
v -0.09426700 -0.28208980 0.13945407
v -0.08801535 -0.25942147 0.13859080
v -0.10843340 -0.27482745 0.13430130
v -0.11025674 -0.25338015 0.13148460
v -0.12027335 -0.28159946 0.14512019
v -0.13493243 -0.36871809 0.16902311
v -0.15274931 -0.36279207 0.16462712
v -0.12334719 -0.38354036 0.17516270
v -0.15978490 -0.33129120 0.15797496
v -0.20758182 -0.38024515 0.13916391
v -0.15645085 -0.39503482 0.17312281
v -0.17322820 -0.39921552 0.16778240
v -0.21749821 -0.45069447 0.12556273
v -0.20919530 -0.47292048 0.15985405
v -0.10725959 -0.22592124 0.15084557
v -0.12437084 -0.23677237 0.14645515
v -0.12813543 -0.24522996 0.12823936
v -0.05707240 -0.28878787 0.15193914
v -0.11638537 -0.11348434 0.12225795
v -0.13315603 -0.22531372 0.12517382
v -0.14437553 -0.38171482 0.17358530
v -0.14708489 -0.35195026 0.15319064
v -0.16108744 -0.38024071 0.16091478
v -0.20728984 -0.39985850 0.14698319
v -0.19282079 -0.38449055 0.14662264
v -0.17837439 -0.38510060 0.15234876
v -0.21506108 -0.42833140 0.13162580
v -0.20954610 -0.44337818 0.14582616
v -0.20198202 -0.45268419 0.16702186
v -0.19845967 -0.42847329 0.16323490
v -0.19305423 -0.40314412 0.16041863
v -0.20625214 -0.42119846 0.14679390
v -0.08727314 -0.51326251 0.21047583
v -0.06168194 0.23164144 0.04085329
v -0.08010723 0.23006617 0.03552008
v -0.06583211 0.21786378 0.05116463
v -0.08887988 0.19788972 0.06134131
v -0.07175058 0.20036785 0.06279264
v -0.08511654 0.21471618 0.04815627
v -0.10061519 0.20878176 0.05042809
v -0.03501188 -0.13097151 0.16988359
v -0.13783999 -0.08756927 0.09136489
v -0.14216316 -0.07546260 0.08070370
v -0.04412729 -0.15082024 0.16834703
v -0.12686956 -0.32033709 0.16031814
v 0.16744326 0.08891366 0.02159898
v 0.16536228 0.05307845 0.03553410
v 0.15984295 0.03187715 0.04206152
v 0.14877197 -0.03062935 0.03875387
v 0.15132597 -0.05120481 0.03728954
v 0.15671797 -0.07127991 0.03701323
v 0.16007270 -0.09221310 0.03637177
v 0.16647567 -0.11480226 0.03894207
v 0.17880253 -0.15140213 0.03808599
v 0.18455586 -0.16901532 0.02989772
v 0.20036873 -0.22888899 0.02745076
v 0.21427706 -0.30269349 0.02424692
v 0.21742696 -0.32057673 0.02443690
v 0.21605878 -0.34011471 0.02574957
v 0.22080041 -0.35923874 0.02631540
v 0.22337797 -0.37579820 0.02763130
v 0.21959782 -0.39723244 0.02133622
v 0.22451252 -0.41273552 0.03215914
v 0.23375046 -0.46586493 0.03600168
v 0.23216611 -0.48496822 0.02820899
v 0.22798908 -0.51152062 0.03483742
v 0.22602339 -0.53109288 0.03812652
v 0.22553614 -0.54743838 0.04301694
v 0.22531958 -0.55026805 0.04212087
v 0.22538516 -0.55309397 0.04114278
v 0.22242901 -0.55446088 0.05964073
v 0.22026271 -0.55444825 0.07902120
v 0.21957146 -0.55422831 0.09750557
v 0.21846941 -0.55367690 0.11599880
v 0.21730524 -0.55303806 0.13436127
v 0.21541500 -0.55199814 0.15257761
v 0.21165928 -0.55068886 0.17042531
v 0.20444900 -0.54920059 0.18703704
v 0.19467765 -0.54766220 0.20207253
v 0.18124714 -0.54636991 0.21432084
v 0.16665053 -0.54498982 0.22534080
v 0.14999175 -0.54409665 0.23328084
v 0.13265951 -0.54353976 0.23912893
v 0.11493325 -0.54328138 0.24366519
v 0.09681480 -0.54310590 0.24774444
v 0.07880039 -0.54282618 0.25143519
v 0.06147922 -0.54223394 0.25459886
v 0.04344052 -0.54216838 0.25683931
v 0.02514819 -0.54271209 0.25798279
v 0.01533923 0.17562807 0.08588681
v 0.03025091 0.19066063 0.07838500
v 0.04280352 0.20693764 0.06699309
v 0.05084392 0.22742334 0.05133089
v 0.05644516 0.24643308 0.03064346
v 0.06283826 0.26525778 0.00944933
v 0.06820814 0.27746838 -0.01864683
v 0.06878663 0.27329931 -0.05103112
v 0.09956457 0.26916254 -0.03568058
v 0.12092068 0.26509449 -0.03426250
v 0.13030754 0.25892889 -0.01749363
v 0.13318594 0.25473905 -0.00014530
v 0.12910272 0.24663883 0.01599296
v 0.12417495 0.23507079 0.02818613
v 0.12118825 0.22066058 0.04156285
v 0.12216067 0.20360321 0.05431513
v 0.12790118 0.18359658 0.06414378
v 0.13683578 0.16304119 0.06993976
v 0.14678589 0.14291413 0.07246414
v 0.15744306 0.12319777 0.06584829
v 0.16555338 0.10354979 0.05147737
v 0.04339727 -0.51627707 0.22817068
v 0.01453624 0.15713252 0.08992541
v 0.07921954 0.17167768 0.08874103
v 0.08159260 0.27421427 -0.03656730
v 0.22581783 -0.46755353 0.11213361
v 0.08905429 -0.51755911 0.22014102
v 0.07202572 0.20096229 0.06609862
v 0.08182642 0.23288856 0.03600363
v 0.09205972 0.26905721 -0.01832797
v 0.07331581 0.25443104 0.01468204
v 0.22798552 -0.50470901 0.12199090
v 0.04935372 -0.53193659 0.24426846
v 0.05827627 0.21394902 0.05962671
v 0.06359443 0.23510887 0.04092937
v 0.11080338 0.26307529 -0.01342255
v 0.10797142 0.25151628 0.00734013
v 0.07691675 0.26918888 -0.00757567
v 0.15066653 -0.51546377 0.21283212
v 0.21979578 -0.50685686 0.15256552
v 0.22222441 -0.54397351 0.07249137
v 0.09323883 -0.53279221 0.23666717
v 0.12046538 -0.53103894 0.23070705
v 0.15574256 -0.53043354 0.22334214
v 0.22038271 -0.53729784 0.12712125
v 0.20795873 -0.53198498 0.18011412
v 0.06522492 -0.52658272 0.23518527
v 0.18527523 -0.52668858 0.20800520
v 0.16928390 -0.51832259 0.21404044
v 0.13940133 -0.53242230 0.22821662
v 0.16925445 -0.53202945 0.21963753
v 0.14761403 -0.25965917 0.14034384
v 0.10592742 0.00376769 0.13423833
v 0.15068911 0.07767247 0.10682443
v 0.03610288 -0.49976930 0.21031055
v 0.04352049 0.14515340 0.11167701
v 0.07707058 -0.38426372 0.16726306
v 0.23133942 -0.46733841 0.07620213
v 0.02187684 -0.52307922 0.23433024
v 0.02326135 -0.51080376 0.22153005
v 0.07603852 0.24377766 0.02643703
v 0.07507362 0.21993946 0.05068725
v 0.09237658 0.20354262 0.05996739
v 0.09789064 0.21766940 0.04637579
v 0.10871237 0.20724517 0.05374324
v 0.11198270 0.19176529 0.06442478
v 0.10401797 0.22886461 0.03476110
v 0.09908089 0.18387714 0.07367812
v 0.11789324 0.16818352 0.07833175
v 0.06522640 0.18484239 0.07896651
v 0.08328583 0.18722896 0.07510053
v 0.10371601 0.13081682 0.12066564
v 0.02989144 0.16992962 0.09306271
v 0.10075220 0.14605562 0.10390852
v 0.09782748 0.16552338 0.08887611
v 0.22457471 -0.53648669 0.05722263
v 0.23246245 -0.52402091 0.05288008
v 0.22872727 -0.52584076 0.07562261
v 0.22915366 -0.49695608 0.10130118
v 0.23186457 -0.51061285 0.08604455
v 0.22810040 -0.51589155 0.10595976
v 0.22992602 -0.49216995 0.08086383
v 0.23476589 -0.50202113 0.05293054
v 0.22251734 -0.53723609 0.10920016
v 0.22438776 -0.53239989 0.09215181
v 0.22635929 -0.48477015 0.11526035
v 0.22656725 -0.48148498 0.09479777
v 0.22325057 -0.51775265 0.13795973
v 0.21890610 -0.53084344 0.14704187
v 0.21441898 -0.52994120 0.16465142
v 0.08831392 0.25877920 0.00179324
v 0.20306617 -0.50939554 0.18867141
v 0.18915883 -0.24963641 0.09224387
v 0.07813421 -0.29544592 0.15352501
v 0.15058489 -0.12187530 0.09049841
v 0.07879393 -0.08136193 0.14928992
v 0.15642327 0.09827819 0.07968013
v 0.01427352 -0.49852052 0.20783511
v 0.13296233 0.14879881 0.08343375
v 0.11548966 0.14861357 0.09433621
v 0.11866958 0.13144195 0.10922638
v 0.23492275 -0.46578088 0.05482320
v 0.23144720 -0.41887644 0.06209112
v 0.05164780 -0.50256932 0.20780683
v 0.06720721 -0.51451170 0.21880449
v 0.05331044 0.19538665 0.07287306
v 0.04962615 0.17716755 0.08639576
v 0.04681942 0.16010976 0.09921137
v 0.06406698 0.16958052 0.09156254
v 0.06346843 0.15310247 0.10643854
v 0.02841010 0.15328698 0.10500800
v 0.00833138 0.13767341 0.10440627
v 0.02685446 0.13430688 0.11854846
v 0.22532628 -0.52194870 0.12119950
v 0.23438624 -0.50828177 0.06707068
v 0.23451561 -0.48724949 0.06394190
v 0.23502710 -0.48560020 0.04749874
v 0.17189583 -0.48428395 0.19613892
v 0.13966858 -0.49632004 0.20137396
v 0.11727433 -0.46494618 0.18795992
v 0.13574275 -0.47868657 0.19109592
v 0.16244884 -0.50132936 0.20485678
v 0.15772603 -0.48300955 0.19307594
v 0.18517306 -0.50466752 0.20279437
v 0.19244064 -0.49014753 0.19433928
v 0.18063813 -0.44622630 0.18255663
v 0.13360803 -0.45838502 0.18671089
v 0.15192823 -0.46562037 0.18547504
v 0.16382664 -0.44595161 0.17958307
v 0.12261785 -0.44071856 0.17984560
v 0.10070460 -0.44953087 0.18038453
v 0.10605265 -0.42635730 0.17363083
v 0.12627997 -0.41961533 0.16792411
v 0.08797781 -0.42847309 0.17526990
v 0.15772866 -0.42409724 0.17112441
v 0.13800415 -0.43046001 0.17245680
v 0.08427034 -0.45942163 0.18889204
v 0.10292018 -0.46790379 0.19387653
v 0.08424061 -0.47342652 0.19607474
v 0.08308007 -0.48981133 0.20276186
v 0.08974396 -0.41329759 0.16580969
v 0.19720970 -0.42243651 0.16039735
v 0.22515765 -0.47466743 0.14358646
v 0.17995308 -0.42787790 0.17618634
v 0.14279836 -0.44395289 0.18017289
v 0.10758310 -0.40778625 0.16575143
v 0.07642116 -0.44188577 0.17933834
v 0.06946708 -0.42603073 0.17163333
v 0.22634611 -0.46851206 0.13032731
v 0.22426009 -0.45099163 0.14829436
v 0.22163892 -0.48870546 0.15176985
v 0.06261133 -0.45842072 0.17854586
v 0.22577257 -0.49505940 0.13697512
v 0.06335302 -0.41337138 0.16220960
v 0.03967538 -0.45359135 0.16937399
v 0.05483693 -0.43908373 0.16872187
v 0.13156253 -0.51545376 0.21684606
v 0.09919545 -0.49921218 0.20999148
v 0.19347724 -0.24978638 0.05562209
v 0.03881093 -0.22515222 0.16751738
v 0.05048838 -0.33836547 0.15155050
v 0.13846780 -0.03189196 0.07155744
v 0.14282934 0.00529754 0.07241889
v 0.04825504 0.03432561 0.16150774
v 0.03920731 -0.00335724 0.15775970
v 0.02731001 -0.03969623 0.16434142
v 0.16224039 0.04795525 0.05788655
v 0.16270256 0.06667623 0.06799872
v 0.16547798 0.06659096 0.05016964
v 0.15816222 0.04630495 0.07619148
v 0.15998335 0.10528827 0.06556785
v 0.14430545 0.12925972 0.08289348
v 0.16553356 0.08917244 0.04750721
v 0.01936498 -0.48080760 0.19152617
v 0.08397695 0.14118719 0.11320338
v 0.12936549 0.10369784 0.12252720
v 0.02478082 0.13700671 0.14002536
v 0.02086467 -0.39207634 0.14485005
v 0.23272114 -0.44648004 0.04569174
v 0.22966620 -0.40709221 0.05032167
v 0.22429878 -0.37046045 0.04597154
v 0.04457182 0.14166330 0.13053612
v 0.18806136 -0.47251061 0.19022173
v 0.16988520 -0.46529463 0.18755598
v 0.04547340 -0.48756045 0.19344071
v 0.06316096 -0.48697814 0.19463091
v 0.06516684 -0.47370768 0.18712859
v 0.06524809 -0.49996302 0.20495932
v 0.21515432 -0.48910615 0.16996630
v 0.03216650 -0.43541542 0.15990621
v 0.04175217 -0.40451881 0.15589181
v 0.06829895 -0.39761341 0.16583577
v 0.05783126 -0.37506557 0.15631254
v 0.02058708 -0.44778645 0.16618361
v 0.02313326 -0.46311501 0.17522871
v 0.11082873 -0.51740509 0.22000207
v 0.11947984 -0.49856833 0.20964709
v 0.11874493 -0.48391628 0.19988731
v 0.08245165 -0.50502872 0.21004434
v 0.20071854 -0.23137450 0.05081001
v 0.20957327 -0.27623469 0.05104835
v 0.19383934 -0.24355616 0.03309609
v 0.20141903 -0.26353276 0.03588188
v 0.04857157 -0.18932512 0.17294447
v 0.03357875 -0.35187510 0.14098185
v 0.17324325 -0.13444237 0.04045833
v 0.16648686 -0.12702294 0.05882435
v 0.17858934 -0.16387054 0.05455466
v 0.16051334 -0.10365494 0.05438597
v 0.15561101 -0.09390785 0.06627423
v 0.02337655 -0.07013626 0.16809712
v 0.02923859 -0.15184416 0.17443457
v 0.03180131 -0.12782741 0.17208849
v 0.01043340 -0.13153307 0.17425421
v 0.14934656 0.00890646 0.04734413
v 0.15421316 0.02625707 0.06072661
v 0.02674307 0.03956193 0.15978703
v 0.03840068 0.01619559 0.16023573
v 0.04035669 -0.47306219 0.18139425
v 0.08453115 0.15679988 0.10016993
v 0.06416000 0.13720642 0.12072539
v 0.07503279 0.11323272 0.14266339
v 0.06398620 0.12888134 0.13871013
v 0.03842609 0.12328298 0.14567482
v 0.08592865 0.12975568 0.13070045
v 0.01635884 0.11973435 0.14931694
v 0.02853616 0.10086533 0.15148202
v 0.19578710 -0.43915480 0.17152640
v 0.03200793 -0.48753944 0.19725902
v 0.20555015 -0.49591634 0.18351874
v 0.21193431 -0.50879258 0.17502624
v 0.05224625 -0.39340487 0.15995891
v 0.10148465 -0.48296466 0.20297076
v 0.19473714 -0.21036506 0.03747892
v 0.18865392 -0.21691777 0.05985358
v 0.19692825 -0.23424380 0.07443728
v 0.17973882 -0.22104992 0.07832987
v 0.20276807 -0.26668310 0.06107290
v 0.20089906 -0.26494536 0.08364988
v 0.18444976 -0.22923991 0.09770343
v 0.16788372 -0.21473236 0.09063539
v 0.21187106 -0.28610936 0.03406613
v 0.21261466 -0.29344934 0.05770291
v 0.21033970 -0.28015500 0.07463004
v 0.20661975 -0.30079064 0.07924793
v 0.19939533 -0.26487178 0.09783165
v 0.22140668 -0.32927611 0.04159755
v 0.21581727 -0.30939388 0.04124978
v 0.01731993 -0.22901258 0.17056920
v 0.01864249 -0.25648797 0.17045464
v 0.02249715 -0.30454236 0.15088558
v 0.02480594 -0.31874892 0.16709134
v 0.15787861 -0.11544052 0.07326553
v 0.18492323 -0.17854872 0.04692055
v 0.18969935 -0.18837279 0.03333885
v 0.18072154 -0.19841731 0.07735571
v 0.16903134 -0.18391287 0.08843206
v 0.17785800 -0.17908542 0.06879865
v 0.16817112 -0.16365938 0.07813455
v 0.15618998 -0.17291728 0.09885891
v 0.16712569 -0.19821560 0.09856858
v 0.17293994 -0.14951847 0.06050896
v 0.16204344 -0.13952227 0.07865717
v 0.13488849 -0.18965450 0.12921265
v 0.15566577 -0.07969540 0.05374594
v 0.14058816 -0.05366988 0.07670739
v 0.15082183 -0.06174511 0.05679191
v 0.02710623 -0.18057531 0.17551643
v 0.04829324 -0.16447499 0.17105585
v 0.03061224 0.07968529 0.15808882
v 0.04221534 -0.02491410 0.16202815
v 0.05603437 -0.01683696 0.15906493
v 0.02251111 -0.01916672 0.16201785
v 0.21957986 -0.35271597 0.04981548
v 0.22292501 -0.33538079 0.06573632
v 0.22709066 -0.38111442 0.07931776
v 0.22721244 -0.39181587 0.04114465
v 0.19191359 -0.45828086 0.18360221
v 0.21849003 -0.46697658 0.16209349
v 0.20504318 -0.46502021 0.17599235
v 0.20917976 -0.45108658 0.16870007
v 0.20572290 -0.47897628 0.17889258
v 0.01466126 -0.42870462 0.15621385
v 0.02882953 -0.41458330 0.15236679
v 0.08047065 -0.36121696 0.15370791
v 0.19309904 -0.25584722 0.07455011
v 0.16733402 -0.22259897 0.10974222
v 0.15317570 -0.21144459 0.10497144
v 0.16491008 -0.24919148 0.12752059
v 0.17886570 -0.26287162 0.11741730
v 0.15694423 -0.22602820 0.12185403
v 0.17518903 -0.24133962 0.11572880
v 0.04786655 -0.24288557 0.17088678
v 0.03247950 -0.24935739 0.17173013
v 0.07562111 -0.25917175 0.16444823
v 0.06294405 -0.23594052 0.16091096
v 0.06082216 -0.25405708 0.17005011
v 0.05956806 -0.27559787 0.15977813
v 0.03043761 -0.33922446 0.15619220
v 0.04313506 -0.32284245 0.16903409
v 0.06232569 -0.32507989 0.16801882
v 0.01907235 -0.37073195 0.13805489
v 0.03805397 -0.38148293 0.15048797
v 0.13523439 -0.12249053 0.11122327
v 0.18718287 -0.19439559 0.05406528
v 0.15769352 -0.15593064 0.09467342
v 0.13464241 -0.21447186 0.12100760
v 0.14845617 -0.19555700 0.11820085
v 0.10460258 -0.20882544 0.14571409
v 0.14542520 -0.23546492 0.13592549
v 0.12305364 -0.20252088 0.13493110
v 0.11584418 -0.21968915 0.13433288
v 0.15665191 -0.18743384 0.10648069
v 0.14731742 -0.04589524 0.05561224
v 0.14693461 -0.07556682 0.07542019
v 0.14922839 -0.10198151 0.08392685
v 0.01362579 -0.09410497 0.17019275
v 0.03557355 -0.10886174 0.16954377
v 0.05667658 -0.10565759 0.16351008
v 0.07154280 -0.12016781 0.15990001
v 0.03937428 -0.08858795 0.16699858
v 0.14498438 -0.03009728 0.05385376
v 0.14808932 -0.01271904 0.04279114
v 0.13349843 -0.01564082 0.08390294
v 0.07242998 0.03583233 0.16066116
v 0.06502570 0.04911394 0.16272889
v 0.08291245 0.02146928 0.15424141
v 0.22399403 -0.37437639 0.06359731
v 0.22761628 -0.40333325 0.07042710
v 0.09458422 -0.36946419 0.16493838
v 0.05547874 -0.35649604 0.14344390
v 0.18914369 -0.25309092 0.10773820
v 0.03726610 -0.28380072 0.15496957
v 0.05281660 -0.21259169 0.17040601
v 0.07281817 -0.21389267 0.16223507
v 0.04003679 -0.30814627 0.15478288
v 0.08533455 -0.33168483 0.16222936
v 0.14710781 -0.13923274 0.10101110
v 0.12974606 -0.14099605 0.12106879
v 0.14315896 -0.15751138 0.11227281
v 0.13922825 -0.17647536 0.11757927
v 0.12464213 -0.16246988 0.12960815
v 0.11951986 -0.17682980 0.13424762
v 0.03639204 -0.20221478 0.17601879
v 0.01811665 -0.11254512 0.17191759
v 0.05542108 -0.12714490 0.16697785
v 0.09306825 -0.14313573 0.15078391
v 0.07487196 -0.10061072 0.15438628
v 0.14264409 -0.01208789 0.06209335
v 0.14679375 0.02287727 0.08180264
v 0.15177171 0.04102978 0.09485068
v 0.06083373 0.00165963 0.15510456
v 0.05272639 0.08934779 0.15646960
v 0.05317017 0.11121395 0.14690572
v 0.06689727 0.10112867 0.15122318
v 0.10241986 0.08540012 0.15191859
v 0.08993627 0.09819990 0.14919330
v 0.09972692 0.11178904 0.13622603
v 0.11749962 0.11440553 0.12402043
v 0.13204563 0.07099140 0.13723539
v 0.07341551 -0.01216273 0.15268205
v 0.06455008 0.01697019 0.15788972
v 0.08429302 0.00540470 0.14883959
v 0.22606957 -0.39042038 0.05880326
v 0.23097073 -0.44406891 0.07478595
v 0.22746196 -0.45825487 0.09319705
v 0.10006613 -0.38597879 0.17079656
v 0.04353540 -0.26541585 0.16801913
v 0.05764006 -0.29171643 0.14993849
v 0.06045264 -0.30370981 0.16204791
v 0.09872155 -0.22736482 0.14565542
v 0.06427947 -0.19649550 0.16802888
v 0.07837982 -0.19724388 0.16240233
v 0.06571853 -0.17901501 0.16673136
v 0.08739910 -0.16003790 0.15527281
v 0.06778732 -0.15375102 0.16393316
v 0.07779428 -0.13688394 0.15833238
v 0.11811045 -0.14295256 0.13216394
v 0.10601217 -0.13511294 0.14074574
v 0.07385533 -0.33960462 0.14879861
v 0.10452688 -0.33285594 0.16124648
v 0.09826341 -0.34299621 0.14931963
v 0.09673227 -0.31461170 0.16784327
v 0.10373104 -0.35362679 0.15982075
v 0.13000417 -0.22934234 0.14062679
v 0.11473895 -0.19056091 0.14342998
v 0.12852912 -0.03600187 0.09046058
v 0.13195045 -0.06028085 0.09360760
v 0.12658431 -0.07767521 0.10561047
v 0.13931678 -0.08291644 0.09179416
v 0.10662887 -0.08993906 0.12870756
v 0.11481326 -0.05366688 0.11189064
v 0.11930023 -0.09020391 0.11673293
v 0.11968085 -0.03841288 0.10365172
v 0.09447218 -0.07615560 0.13604748
v 0.09639651 -0.05279359 0.12947106
v 0.11048772 -0.06867020 0.11970252
v 0.10957251 -0.03507582 0.11595821
v 0.09292273 -0.03018739 0.13416868
v 0.12754762 -0.10868330 0.11551271
v 0.13534908 -0.09763586 0.10257304
v 0.06132030 -0.08105025 0.15924896
v 0.15252446 0.05931081 0.10556078
v 0.07966154 0.08394207 0.15785643
v 0.06531171 0.06668543 0.16221178
v 0.08551901 0.05794084 0.16236272
v 0.08977422 -0.01310558 0.14075974
v 0.22837138 -0.42335826 0.08215548
v 0.23403619 -0.45141363 0.06068278
v 0.23281623 -0.43622622 0.05957172
v 0.22738944 -0.44875646 0.11559875
v 0.22821966 -0.43847680 0.09696706
v 0.03799279 -0.36806166 0.14238042
v 0.16399530 -0.29064831 0.13913682
v 0.15967399 -0.27250242 0.12519363
v 0.17443852 -0.28136969 0.11899392
v 0.18963367 -0.27724043 0.10590477
v 0.07545197 -0.27611592 0.15031649
v 0.09402188 -0.26379764 0.15747148
v 0.10772755 -0.15840520 0.14227243
v 0.08897459 -0.12037139 0.14968924
v 0.14349295 -0.11079766 0.09790242
v 0.09718838 -0.19254446 0.15350975
v 0.09395633 -0.09717255 0.14080583
v 0.10811583 -0.01733441 0.12294903
v 0.12156847 -0.01946796 0.10420205
v 0.12185770 0.00039867 0.11476004
v 0.13333122 0.00354757 0.09593545
v 0.13223824 0.03171057 0.12578352
v 0.13718307 0.02199016 0.10531098
v 0.12347539 0.01502226 0.12244131
v 0.12144701 -0.12360588 0.12566872
v 0.15845418 0.07831305 0.08555970
v 0.14285073 0.06660672 0.12410638
v 0.11866038 0.03846117 0.14405611
v 0.10532040 0.05842817 0.15777278
v 0.09732838 0.03818005 0.15712567
v 0.11995819 0.06569267 0.14831100
v 0.11721843 0.02624342 0.13826932
v 0.09942427 0.01989491 0.14671734
v 0.13320120 0.05005091 0.13529563
v 0.23016863 -0.40126309 0.09342460
v 0.22227263 -0.38730052 0.10267117
v 0.23093377 -0.41663161 0.10044356
v 0.10187825 -0.17482840 0.14672305
v 0.06297801 -0.04673821 0.15475576
v 0.07022180 -0.06296591 0.15282857
v 0.08200774 -0.04487786 0.14366032
v 0.07091442 -0.02808318 0.14862669
v 0.04948806 -0.03940764 0.15818498
v 0.08334644 -0.06449788 0.14360674
v 0.14363508 0.04305810 0.11666494
v 0.15773952 0.06290596 0.09034445
v 0.15177871 0.09181412 0.09619530
v 0.14596373 0.11058018 0.09389634
v 0.13288438 0.11629663 0.10863478
v 0.14198756 0.09731555 0.11069364
v 0.13595138 0.08778825 0.12582861
v 0.13251552 0.13121454 0.09735224
v 0.20330356 -0.37484553 0.15022384
v 0.22376926 -0.43183634 0.14271395
v 0.10874739 -0.11058390 0.13240699
v 0.21481103 -0.38135728 0.12662749
v 0.22938079 -0.42925188 0.12033570
v 0.19236620 -0.40303439 0.15519696
v 0.17791350 -0.41054031 0.17008063
v 0.14442691 -0.40695825 0.16928233
v 0.13777271 -0.38584372 0.17241283
v 0.12207363 -0.39548209 0.17212416
v 0.11006163 0.24152672 0.02088324
v 0.09203339 0.24424791 0.02015402
v 0.21498524 -0.31541604 0.06042349
v 0.20783126 -0.28449947 0.09521075
v 0.04843020 -0.14543056 0.17057493
v 0.22081198 -0.37079027 0.09249707
v 0.22000469 -0.36069971 0.07156106
v 0.07755688 -0.31172246 0.16851360
v 0.11516081 -0.23429233 0.15055828
v 0.09951673 -0.24049574 0.15918076
v 0.11110203 -0.25356480 0.15629187
v 0.11745366 -0.26897818 0.14957678
v 0.09977543 -0.27901164 0.14505291
v 0.09936891 -0.29222119 0.15736145
v 0.08253890 -0.23095569 0.15311402
v 0.08378187 -0.24503250 0.16437033
v 0.12409437 -0.28921607 0.14375721
v 0.11418018 -0.29992244 0.16205621
v 0.14908129 -0.29270071 0.13836765
v 0.13058025 -0.25120097 0.14877689
v 0.08873843 -0.21337228 0.15426813
v 0.13464642 -0.27414811 0.14637770
v 0.03238083 -0.05471849 0.16505533
v 0.04848887 -0.06375511 0.16204758
v 0.21241575 -0.41241348 0.15425661
v 0.22276041 -0.41320077 0.13517627
v 0.20225373 -0.39173529 0.15514885
v 0.16453730 -0.33679190 0.14354402
v 0.20985031 -0.35841468 0.13737439
v 0.18409485 -0.34615165 0.13708550
v 0.19933972 -0.34970403 0.13218130
v 0.19173640 -0.36258355 0.14746767
v 0.14288983 -0.36884046 0.16790816
v 0.15642220 -0.38668621 0.16439921
v 0.15037498 -0.34885216 0.15965508
v 0.12683693 -0.35150942 0.16177936
v 0.17506635 -0.35740811 0.15150182
v 0.16518231 -0.36904296 0.16267999
v 0.17383933 -0.39387926 0.15901016
v 0.11873471 -0.37066031 0.16786812
v 0.14631508 -0.32818952 0.14883626
v 0.13268122 -0.33906579 0.15019494
v 0.11539319 -0.34136736 0.15049224
v 0.13459601 -0.31659907 0.16413704
v 0.11710976 -0.32442731 0.16506851
v 0.13836779 -0.29949331 0.15625955
v 0.15548544 -0.31742230 0.15887758
v 0.16223994 -0.30409771 0.15227874
v 0.18659715 -0.37947580 0.15799464
v 0.17871636 -0.30727229 0.14446066
v 0.17595537 -0.32628635 0.14921445
v 0.21843730 -0.33802885 0.10653730
v 0.21102838 -0.32203144 0.10580273
v 0.21900104 -0.33089995 0.09029546
v 0.21435449 -0.31940174 0.08342654
v 0.20674238 -0.32813343 0.12633419
v 0.21647406 -0.34417391 0.12345552
v 0.19856904 -0.31427965 0.11492487
v 0.19821517 -0.29386941 0.11647958
v 0.19119968 -0.32878673 0.14088687
v 0.18542928 -0.29066381 0.12755342
v 0.19056031 -0.31143549 0.13094518
v 0.22048654 -0.36604321 0.11414248
v 0.22166164 -0.35403860 0.10490013
v 0.22291474 -0.34754562 0.08708911
v 0.22219172 -0.55575234 0.02139711
v 0.22068299 -0.55732197 0.00229492
v 0.21857022 -0.55793464 -0.01678677
v 0.21662575 -0.55754209 -0.03580063
v 0.21433547 -0.55670524 -0.05459019
v 0.21205628 -0.55586761 -0.07336237
v 0.20874450 -0.55516452 -0.09191025
v 0.19875193 -0.55416656 -0.10801092
v 0.18671283 -0.55393976 -0.12280938
v 0.17455104 -0.55401897 -0.13789611
v 0.16088590 -0.55418366 -0.15157323
v 0.14412606 -0.55477285 -0.16184421
v 0.12609246 -0.55430007 -0.17034325
v 0.10778613 -0.55283839 -0.17716643
v 0.08960812 -0.55049688 -0.18347664
v 0.07122897 -0.54852605 -0.18855034
v 0.05255140 -0.54684693 -0.19258003
v 0.03355765 -0.54571158 -0.19501947
v 0.01448702 -0.54501468 -0.19600973
v -0.00454624 -0.54449165 -0.19585463
v -0.00328562 -0.51331592 -0.17127796
v 0.00266665 -0.47899872 -0.14794731
v 0.00409912 -0.42931572 -0.11115260
v 0.00486764 -0.40730593 -0.10301664
v -0.00248307 -0.37358794 -0.09870002
v -0.00037878 -0.35373518 -0.10036424
v -0.00089656 -0.33471990 -0.10428054
v -0.00194532 -0.31695369 -0.10963640
v -0.00069188 -0.29919732 -0.11605702
v -0.00520142 -0.26333255 -0.13223639
v -0.00205102 -0.21745405 -0.12634265
v 0.00307070 -0.17360853 -0.11050904
v 0.00126023 -0.15187672 -0.10397755
v -0.00272752 -0.13578476 -0.10102158
v -0.00172517 -0.11807878 -0.09604084
v 0.00333197 -0.10036709 -0.09313829
v -0.01148419 -0.04799623 -0.08577932
v -0.00660898 -0.02486104 -0.08846452
v -0.00590604 -0.00597764 -0.09210748
v -0.00308376 0.06766641 -0.11304334
v -0.00280374 0.08734098 -0.11743462
v -0.00213464 0.12572397 -0.12461364
v -0.00217520 0.16442879 -0.10718375
v 0.00010957 0.18182638 -0.08776037
v 0.00920347 0.19852106 -0.09088250
v 0.02259013 0.21235755 -0.08992629
v 0.03653606 0.22664207 -0.08804078
v 0.04961526 0.24222666 -0.08303073
v 0.06046927 0.25899249 -0.07155531
v 0.12687363 0.25472000 -0.05149890
v 0.13168645 0.24076575 -0.06466669
v 0.13436109 0.22376123 -0.07600201
v 0.13565449 0.20374410 -0.08392934
v 0.13778348 0.18285719 -0.09054257
v 0.14019056 0.16055499 -0.09220268
v 0.14449255 0.13821433 -0.08853459
v 0.15099140 0.11695777 -0.07915413
v 0.15723944 0.10153858 -0.06185718
v 0.16438329 0.09339023 -0.03885385
v 0.16681601 0.09038975 -0.01705587
v 0.11667412 0.02757347 -0.07602707
v 0.07041363 0.16943574 -0.11492915
v 0.16355482 0.07773989 -0.02292117
v 0.13448028 0.09063746 -0.08648922
v 0.10661216 0.17760777 -0.10643555
v 0.09683956 0.25580746 -0.06634726
v 0.10605130 0.24019809 -0.07741093
v 0.06783626 0.23307914 -0.08806798
v 0.12931135 0.12381624 -0.09705218
v 0.12106728 0.16821489 -0.10029064
v 0.09261613 0.26636901 -0.05232956
v 0.10940115 0.26054424 -0.05287445
v 0.07855910 0.25952116 -0.06744526
v 0.12205260 0.23289292 -0.07597817
v 0.12055522 0.21120213 -0.08815443
v 0.06744720 0.24798635 -0.07942159
v 0.15911795 0.09137687 -0.05157690
v 0.12469757 0.14368384 -0.10063453
v 0.11540798 0.24877837 -0.06541372
v 0.07689523 0.26915956 -0.05545349
v 0.10432583 0.22356945 -0.08838010
v 0.11884785 0.18988718 -0.09514634
v 0.09193721 0.19329712 -0.10237753
v 0.10541248 0.20237774 -0.09700003
v 0.14926121 0.07366152 -0.06291315
v 0.12195870 0.10476794 -0.09901600
v 0.08827697 0.21716000 -0.09468769
v 0.08861450 0.17325525 -0.11288641
v 0.10207692 0.15479198 -0.11126252
v 0.07639538 0.07416219 -0.10916458
v 0.05981047 0.19963808 -0.09895430
v 0.10371652 0.07500122 -0.10176922
v 0.09286515 0.13849191 -0.11492773
v 0.10283159 0.10258918 -0.10799005
v 0.11214915 0.13540231 -0.10746544
v 0.11626928 0.08921729 -0.09893037
v 0.05518872 0.22193210 -0.09159525
v 0.07193445 0.11392767 -0.11856470
v 0.03894375 0.20269138 -0.09487157
v 0.07749669 0.15473986 -0.11973526
v 0.09130198 0.11960527 -0.11422105
v 0.07292324 0.13269953 -0.12063361
v 0.05733579 0.12206039 -0.12198368
v 0.22436908 -0.54095685 0.02568776
v 0.22438084 -0.53878129 0.00545881
v 0.20388064 -0.42924488 -0.09034407
v 0.13812348 -0.28889635 -0.10664611
v 0.05459381 -0.49132359 -0.14919674
v 0.01288312 -0.52028579 -0.17579959
v -0.00520305 -0.53350544 -0.18584865
v 0.02110498 -0.53402615 -0.18589012
v 0.16666958 0.07678460 0.02687101
v 0.01569124 0.17908803 -0.09555447
v 0.08706278 0.24138869 -0.08149911
v 0.15680473 0.07351451 -0.04503770
v 0.15817456 0.05712730 -0.02935820
v 0.12054200 0.07354990 -0.09183160
v 0.14168285 0.05587231 -0.06439088
v 0.13390294 0.07071598 -0.07990910
v 0.15029785 0.04965646 -0.04673942
v 0.13666226 0.03286325 -0.05997046
v 0.15262756 0.03252276 -0.03036436
v 0.15867147 0.03740330 -0.01398506
v 0.14467773 0.02765266 -0.04456877
v 0.14308766 0.01456206 -0.03628693
v 0.03821889 0.10584968 -0.12096339
v 0.05505396 0.10247876 -0.11914065
v 0.02028057 0.11887662 -0.12327515
v 0.06306599 0.08888492 -0.11534189
v 0.05091849 0.06877852 -0.11141751
v 0.03618088 0.08471014 -0.11631750
v 0.08495010 0.09613625 -0.11256884
v 0.09413993 0.05921777 -0.10014126
v 0.01516217 0.07435484 -0.11473553
v 0.03332479 0.06508990 -0.11187790
v 0.01802418 0.05622955 -0.11002955
v 0.04245676 0.18572162 -0.09938551
v 0.07312891 0.18644813 -0.10454912
v 0.05360269 0.16002612 -0.11542810
v 0.22278607 -0.54206944 -0.01253617
v 0.21753305 -0.47387579 -0.04297492
v 0.22241835 -0.51865643 -0.01022966
v 0.20605479 -0.38977087 -0.03621133
v 0.06891666 -0.28948230 -0.13270493
v 0.16629586 -0.21654171 -0.06158841
v 0.18109474 -0.28785449 -0.06362469
v 0.06398115 -0.16130821 -0.10361798
v 0.15362225 -0.10801950 -0.02582467
v 0.02411370 -0.48974222 -0.15155697
v 0.01747851 -0.50568950 -0.16486245
v 0.16243619 0.03465317 0.02018339
v 0.14741616 -0.00479651 -0.00874901
v 0.14099401 0.00090248 -0.03120279
v 0.16541328 0.05436719 0.01511680
v 0.15530136 0.01995721 0.00025212
v 0.16277508 0.04178128 0.00401606
v 0.01108460 0.15651748 -0.12698746
v 0.12774450 0.04110313 -0.07397801
v 0.12753128 0.05527109 -0.08009090
v 0.13012692 0.01804593 -0.05809180
v 0.00106543 0.10949765 -0.12145150
v 0.01828575 0.09630606 -0.11937400
v 0.01382859 0.13551360 -0.12689778
v 0.05584994 0.14234750 -0.12530982
v 0.03202172 0.14245243 -0.12752829
v 0.03414054 0.17505111 -0.11330392
v 0.04441707 0.02483881 -0.09953357
v 0.04256418 0.04702620 -0.10614502
v 0.06838185 0.05596939 -0.10544877
v 0.08619314 0.04268748 -0.09723232
v 0.02047705 0.03511463 -0.10430492
v 0.22882506 -0.50575691 0.01139360
v 0.22807056 -0.52389795 0.01425193
v 0.23093027 -0.48511302 0.01306741
v 0.21746159 -0.52319771 -0.07174069
v 0.22310467 -0.52669442 -0.03192269
v 0.21957965 -0.53336340 -0.05361599
v 0.21998507 -0.54465950 -0.03429906
v 0.21586034 -0.54043484 -0.06832311
v 0.22660780 -0.46961373 -0.00348722
v 0.20250814 -0.53107029 -0.10267526
v 0.02982793 -0.28736195 -0.12791367
v 0.06053068 -0.23496485 -0.12898313
v 0.07590774 -0.36455810 -0.11224438
v 0.18561828 -0.20935895 -0.02189040
v 0.19858123 -0.27320844 -0.01346631
v 0.02368367 -0.41719291 -0.10565735
v 0.14928731 -0.53681976 -0.15654936
v 0.08101332 -0.53416133 -0.17185280
v 0.06449612 -0.53708988 -0.17946494
v 0.01894741 -0.47344002 -0.14034030
v 0.00328369 -0.49546143 -0.15896444
v 0.04284660 -0.53522956 -0.18462995
v 0.15045381 -0.01550385 0.01751941
v 0.02198981 -0.09099747 -0.08608498
v 0.15483417 0.01733263 0.02409282
v 0.15094924 -0.00050723 0.02580771
v 0.15157825 0.00136244 0.00809282
v 0.13911401 -0.01824972 -0.03008404
v 0.10490689 -0.03135480 -0.06493147
v 0.12615642 -0.03308057 -0.04519224
v 0.09769543 -0.01021476 -0.07382714
v 0.09900307 0.01422851 -0.08062196
v 0.14419198 -0.02809949 -0.01631773
v 0.16612425 0.06810571 0.01545836
v 0.15062042 0.01628884 -0.01770955
v 0.11091482 0.04945211 -0.08957986
v 0.02492469 0.00144457 -0.09370528
v 0.00260103 0.02675054 -0.10229214
v 0.00031950 0.04614462 -0.10787082
v 0.22016583 -0.49208847 -0.06219423
v 0.22012389 -0.50434721 -0.02765785
v 0.22245441 -0.49500644 -0.00371070
v 0.21928558 -0.45208818 -0.02392835
v 0.21456079 -0.36798778 0.00488444
v 0.20386678 -0.33324397 -0.01046509
v 0.18949503 -0.53715688 -0.11674143
v 0.21036652 -0.51672781 -0.08880052
v 0.03421117 -0.32543766 -0.11248346
v 0.03859706 -0.25684926 -0.13217084
v 0.03140371 -0.21533196 -0.12527004
v 0.19399048 -0.22040811 -0.00062027
v 0.01997487 -0.16089091 -0.10634083
v 0.01757027 -0.13639554 -0.09987870
v 0.16432162 -0.10455851 0.01587878
v 0.15946557 -0.08593304 0.01647162
v 0.18014170 -0.15375845 0.01198241
v 0.00309238 -0.46205139 -0.13570815
v 0.00532556 -0.44595879 -0.12310933
v 0.13147426 -0.52640462 -0.15587361
v 0.16586711 -0.53329557 -0.14705074
v 0.11329615 -0.53662664 -0.16396487
v 0.05037185 -0.52259427 -0.17410856
v 0.03417160 -0.51836479 -0.17229870
v 0.03720907 -0.50038439 -0.15856317
v 0.05269980 -0.50672984 -0.16180208
v 0.03549968 -0.47931197 -0.14297593
v 0.02325870 -0.46143281 -0.13030654
v 0.05286116 -0.47429061 -0.13696986
v 0.00194406 -0.08420783 -0.08866309
v 0.01771570 -0.11131741 -0.09335160
v 0.00338717 -0.06170973 -0.08491653
v 0.01065730 -0.03960875 -0.08608650
v 0.01991647 -0.07463387 -0.08446014
v 0.11419483 0.00644815 -0.06762227
v 0.11684004 -0.01524991 -0.05973765
v 0.08864930 -0.03232930 -0.07419872
v 0.05535926 -0.00357836 -0.08938001
v 0.04467575 0.00917202 -0.09435026
v 0.05141589 -0.02813929 -0.08554482
v 0.09961645 0.03283337 -0.08861756
v 0.13849510 -0.07686813 -0.03670364
v 0.00090837 0.00889472 -0.09617587
v 0.02339146 0.01616741 -0.09826739
v 0.22718698 -0.45097104 0.02711229
v 0.21425831 -0.43050948 0.00059249
v 0.22179094 -0.51111352 -0.05288391
v 0.21710235 -0.50319719 -0.07573962
v 0.22067423 -0.49074805 -0.04325416
v 0.21750610 -0.48083219 -0.02503255
v 0.21016496 -0.32677209 0.00554056
v 0.21273971 -0.53860801 -0.08452836
v 0.18587482 -0.49346024 -0.12648399
v 0.02300576 -0.27077675 -0.13164395
v 0.02139335 -0.24707015 -0.13123269
v 0.01009378 -0.26068404 -0.13285096
v 0.01303349 -0.20291379 -0.12242241
v 0.01723048 -0.22432443 -0.12712058
v 0.00493408 -0.18977606 -0.11731101
v 0.02605852 -0.19445856 -0.11953130
v 0.19781114 -0.21715954 0.01903398
v 0.19717699 -0.23751171 0.00912806
v 0.19294629 -0.19868900 0.01324489
v 0.20375592 -0.27230021 0.01134943
v 0.20981914 -0.29304054 0.00933260
v 0.17036077 -0.12239297 0.01751815
v 0.17585632 -0.13866116 0.01987934
v 0.17195264 -0.13562816 -0.00057770
v 0.17621474 -0.15482393 -0.01137838
v 0.16804537 -0.13909243 -0.01821481
v 0.14936978 -0.08532409 -0.02163905
v 0.14240207 -0.10064185 -0.03971750
v 0.14186828 -0.06200979 -0.02084605
v 0.15056218 -0.05956149 -0.00086115
v 0.13026215 -0.05319007 -0.03898752
v 0.15704951 -0.09403709 -0.00569516
v 0.15308022 -0.07444786 -0.00154302
v 0.15011247 -0.04259180 0.01585956
v 0.02910593 -0.44174734 -0.11704288
v 0.04291742 -0.46070954 -0.12759866
v 0.01246190 -0.38423058 -0.09993941
v 0.02391714 -0.39500350 -0.10183484
v 0.13354915 -0.54399449 -0.16304988
v 0.17940892 -0.53925931 -0.13047680
v 0.17923306 -0.52127481 -0.13302088
v 0.08185818 -0.45739922 -0.12061583
v 0.08550698 -0.49194959 -0.13816848
v 0.07214236 -0.50420392 -0.15169838
v 0.14543013 -0.04332466 -0.00983673
v 0.14914423 -0.02684681 0.00308235
v 0.03554499 -0.12670167 -0.09581472
v 0.03715520 -0.08007389 -0.08656213
v 0.12885936 -0.01567340 -0.04686127
v 0.07846965 0.00101762 -0.08525319
v 0.07522439 -0.01654780 -0.08185193
v 0.06607289 0.01615336 -0.09306953
v 0.06664001 0.03662562 -0.09981447
v 0.08402991 0.02200459 -0.09037291
v 0.04931270 -0.05129526 -0.08453869
v 0.03116067 -0.03215937 -0.08651467
v 0.07203962 -0.04058310 -0.08009069
v 0.05213429 -0.07089246 -0.08305656
v 0.07270515 -0.05767772 -0.08092105
v 0.22976908 -0.46847421 0.01275686
v 0.22010820 -0.44756812 0.00407580
v 0.21317062 -0.41524085 0.01061724
v 0.21960887 -0.43321919 0.02254391
v 0.20892897 -0.49611062 -0.09007251
v 0.20754674 -0.47856882 -0.09330443
v 0.21593717 -0.48073989 -0.07837612
v 0.21559840 -0.38263208 0.00811907
v 0.20920089 -0.40131286 -0.00000631
v 0.01220109 -0.32591099 -0.10818817
v 0.02080147 -0.34133935 -0.10463135
v 0.01573842 -0.36405537 -0.10031995
v 0.04006814 -0.23357612 -0.12903050
v 0.05575536 -0.24919322 -0.13138667
v 0.07364043 -0.26119581 -0.13100833
v 0.04417420 -0.27303016 -0.13225886
v 0.05734454 -0.27087861 -0.13283722
v 0.00488075 -0.27987251 -0.12464019
v 0.05848847 -0.21200068 -0.12316874
v 0.05104296 -0.22291316 -0.12651736
v 0.18826357 -0.24613111 -0.02791044
v 0.18732901 -0.22775865 -0.02332326
v 0.19374588 -0.24452856 -0.00716548
v 0.17841543 -0.22503848 -0.04186005
v 0.18148880 -0.18875565 -0.02514663
v 0.18281384 -0.17516831 -0.01170089
v 0.17477098 -0.20021541 -0.04387201
v 0.18964139 -0.19795418 -0.00455355
v 0.16234763 -0.19319248 -0.06130981
v 0.17700382 -0.17125639 -0.02595108
v 0.20437071 -0.30874938 -0.00807308
v 0.20563719 -0.28875610 -0.00599372
v 0.21098474 -0.31097844 0.00958093
v 0.16057430 -0.14062202 -0.03529841
v 0.13679303 -0.03987905 -0.02780049
v 0.11886787 -0.05195833 -0.05233489
v 0.04060011 -0.40438125 -0.10358325
v 0.18956141 -0.51520133 -0.11839049
v 0.06752571 -0.52199948 -0.16771157
v 0.11063629 -0.51689881 -0.14774550
v 0.13423157 -0.50557870 -0.14726810
v 0.16123360 -0.50977540 -0.14626777
v 0.16907628 -0.48980245 -0.13683638
v 0.18887578 -0.47220525 -0.12049013
v 0.19880953 -0.48903134 -0.10953192
v 0.20051326 -0.46748981 -0.10586154
v 0.18992147 -0.44966745 -0.11492665
v 0.20168759 -0.44526753 -0.09974860
v 0.06822576 -0.46761307 -0.12661031
v 0.11400575 -0.47784647 -0.13913032
v 0.10423951 -0.49379256 -0.13649973
v 0.10275820 -0.45692495 -0.13421029
v 0.09097030 -0.47803605 -0.12838002
v 0.11921081 -0.49399471 -0.14353728
v 0.12413092 -0.46115202 -0.13254161
v 0.09122963 -0.50761062 -0.14652508
v 0.03787116 -0.10624755 -0.08795699
v 0.02852669 -0.05804857 -0.08422443
v 0.10636078 -0.08893564 -0.07272197
v 0.21963532 -0.47449905 -0.05864074
v 0.20106959 -0.37895840 -0.02561657
v 0.20620316 -0.35853934 -0.01613923
v 0.20982203 -0.34914458 0.00525181
v 0.01929734 -0.29602459 -0.12146134
v 0.01901775 -0.31221673 -0.11465205
v 0.04758276 -0.33857900 -0.10915305
v 0.03561478 -0.36082673 -0.10230321
v 0.02669702 -0.37472677 -0.10091351
v 0.02444070 -0.17913704 -0.11236414
v 0.04471667 -0.16509084 -0.10619381
v 0.03605433 -0.14713767 -0.10165309
v 0.04235218 -0.20339634 -0.12176564
v 0.06031859 -0.19302508 -0.11647671
v 0.19148532 -0.26086745 -0.00813708
v 0.18833387 -0.18191460 0.00975412
v 0.18392536 -0.16766009 0.00554347
v 0.15179029 -0.17383099 -0.06623504
v 0.16949123 -0.15854314 -0.03298395
v 0.16012698 -0.15707815 -0.04768648
v 0.15962638 -0.12567596 -0.02643095
v 0.11590091 -0.03393395 -0.05601332
v 0.09156340 -0.04829020 -0.07243750
v 0.08891452 -0.07533416 -0.07760426
v 0.10515220 -0.05282921 -0.06391764
v 0.09613617 -0.06617372 -0.07313032
v 0.04080069 -0.38019505 -0.10180545
v 0.05297159 -0.39268765 -0.10567547
v 0.03822932 -0.42064157 -0.10722663
v 0.07884137 -0.42473429 -0.12238950
v 0.08968705 -0.44005418 -0.12881340
v 0.06853840 -0.44522431 -0.11451208
v 0.06565399 -0.42761949 -0.11142907
v 0.06774819 -0.40979841 -0.11293945
v 0.08438599 -0.40121311 -0.12256908
v 0.14446583 -0.40000102 -0.12102346
v 0.10195395 -0.42102650 -0.12415978
v 0.10686525 -0.40356147 -0.11494443
v 0.17713410 -0.50568444 -0.13546534
v 0.19109955 -0.42867333 -0.10866483
v 0.21706532 -0.45675761 -0.07027871
v 0.07145986 -0.48583561 -0.13768172
v 0.17356589 -0.45737562 -0.12472309
v 0.17074768 -0.43694597 -0.11923147
v 0.13251790 -0.48578069 -0.13681738
v 0.21495253 -0.43609190 -0.03967724
v 0.20555697 -0.38109189 -0.01085321
v 0.19155346 -0.35299242 -0.07948864
v 0.19750156 -0.33163393 -0.05283577
v 0.05103872 -0.35953674 -0.10533115
v 0.06588364 -0.34743029 -0.11173353
v 0.05912882 -0.37109506 -0.10824595
v 0.04391162 -0.18455194 -0.11423835
v 0.15265560 -0.13945542 -0.04674970
v 0.05290001 -0.41255015 -0.10660057
v 0.06763102 -0.38682553 -0.11597463
v 0.11394884 -0.43847871 -0.12206259
v 0.20516843 -0.39774394 -0.07596493
v 0.19375969 -0.41268688 -0.09178548
v 0.16786490 -0.39156395 -0.10839199
v 0.15868449 -0.40580198 -0.11829568
v 0.18049821 -0.39774600 -0.09919231
v 0.14374816 -0.41833806 -0.11470614
v 0.21223211 -0.43959877 -0.07856309
v 0.15122524 -0.49141428 -0.13767615
v 0.14198661 -0.46575677 -0.13085437
v 0.14921117 -0.44974923 -0.12085152
v 0.15743905 -0.47054291 -0.13099255
v 0.17291795 -0.47425714 -0.13084710
v 0.07249787 -0.08218825 -0.08029631
v 0.09054793 -0.09636802 -0.07806627
v 0.21545179 -0.46074748 -0.03600592
v 0.21606918 -0.45351544 -0.04988220
v 0.21504913 -0.41848439 -0.03163867
v 0.19691017 -0.37073943 -0.04697220
v 0.20175406 -0.35773325 -0.03514441
v 0.05058477 -0.28931215 -0.12827030
v 0.05055213 -0.31983712 -0.11830691
v 0.10750013 -0.32912940 -0.12186024
v 0.14572284 -0.15440753 -0.06357343
v 0.13570225 -0.13432422 -0.06302375
v 0.13645139 -0.16602419 -0.07772566
v 0.10451789 -0.10664112 -0.07695222
v 0.11737742 -0.13439406 -0.07606972
v 0.09750482 -0.12608244 -0.08269435
v 0.09339173 -0.14298733 -0.09197544
v 0.13193981 -0.11244591 -0.05804051
v 0.11959453 -0.09942594 -0.06549533
v 0.08723748 -0.11265706 -0.08438502
v 0.11587715 -0.07590795 -0.06049353
v 0.07652497 -0.12586720 -0.09192840
v 0.12750766 -0.06994919 -0.04829841
v 0.14736611 -0.12308199 -0.04450636
v 0.12451169 -0.42327103 -0.11405150
v 0.12874551 -0.40360308 -0.12263973
v 0.13511293 -0.38315904 -0.12159307
v 0.11393189 -0.38470545 -0.12734003
v 0.09583026 -0.34395581 -0.13122003
v 0.21010980 -0.41889924 -0.07801226
v 0.14267346 -0.43569216 -0.11535204
v 0.15733005 -0.42770073 -0.11395853
v 0.05116780 -0.12339468 -0.09137765
v 0.05137441 -0.14339113 -0.09893650
v 0.06720836 -0.13992862 -0.09459794
v 0.07292324 -0.10242317 -0.08712788
v 0.21416710 -0.43505761 -0.01779574
v 0.21610080 -0.42101038 -0.05475737
v 0.20617680 -0.39931628 -0.02199532
v 0.21319148 -0.40504336 -0.04148877
v 0.21301191 -0.41667277 -0.01317685
v 0.21010274 -0.38953391 -0.05246777
v 0.20030561 -0.34563997 -0.04509273
v 0.19020742 -0.35408387 -0.06291159
v 0.18396965 -0.33422983 -0.07205016
v 0.19202831 -0.38828897 -0.08120503
v 0.18319267 -0.36281386 -0.08948002
v 0.20114093 -0.34266758 -0.02731972
v 0.06187022 -0.30819678 -0.12636627
v 0.12823370 -0.15131034 -0.07699432
v 0.15204386 -0.38520768 -0.11417331
v 0.16473508 -0.37841490 -0.09581185
v 0.14439008 -0.36990535 -0.10516783
v 0.14428329 -0.32452157 -0.10651937
v 0.14537789 -0.34678411 -0.10314007
v 0.21255559 -0.40683857 -0.06153129
v 0.18866596 -0.31467032 -0.06811489
v 0.20319231 -0.37255424 -0.06860106
v 0.19826983 -0.32399711 -0.02852508
v 0.06708211 -0.32926750 -0.11777297
v 0.08340086 -0.33801812 -0.12574531
v 0.09187009 -0.36339113 -0.11825361
v 0.10307834 -0.36769879 -0.12888338
v 0.08455244 -0.37848645 -0.11522549
v 0.09804478 -0.38224891 -0.11564977
v 0.12552834 -0.36905843 -0.11906832
v 0.17883758 -0.34154737 -0.09277278
v 0.16496809 -0.35693482 -0.09570341
v 0.13148996 -0.35516137 -0.10850633
v 0.19682516 -0.30087861 -0.03995730
v 0.08255170 -0.30297357 -0.13273372
v 0.10425915 -0.27569512 -0.12235705
v 0.09673500 -0.29404542 -0.12703991
v 0.16291615 -0.33578062 -0.10024922
v 0.17817621 -0.29645923 -0.07785889
v 0.11382674 -0.35043868 -0.11785018
v 0.12786528 -0.33493263 -0.11027604
v 0.13520716 -0.31017560 -0.10779236
v 0.11863009 -0.29211983 -0.11417428
v 0.15727063 -0.31288385 -0.10139532
v 0.14039715 -0.23442063 -0.09690992
v 0.12510058 -0.26994458 -0.11042845
v 0.15418352 -0.22480524 -0.08165938
v 0.15337951 -0.20923236 -0.07715747
v 0.08079197 -0.24258867 -0.12669438
v 0.17389762 -0.31874210 -0.09021311
v 0.14825080 -0.27088583 -0.09891069
v 0.13810034 -0.25313425 -0.10264044
v 0.15469199 -0.25214353 -0.08924162
v 0.16020447 -0.23605599 -0.07975627
v 0.16922349 -0.23586935 -0.06070499
v 0.17137255 -0.25180456 -0.07236424
v 0.11055931 -0.22054422 -0.11171862
v 0.09273420 -0.22561197 -0.11982658
v 0.13862517 -0.21223125 -0.09225374
v 0.12369992 -0.21510293 -0.10357402
v 0.14513455 -0.19511949 -0.08091059
v 0.09614833 -0.18648545 -0.10702050
v 0.13378792 -0.18115409 -0.08541195
v 0.10815505 -0.19913301 -0.10682601
v 0.09836174 -0.16233346 -0.09673349
v 0.11348565 -0.18324341 -0.09873839
v 0.12500477 -0.19577175 -0.09668394
v 0.10263432 -0.17514451 -0.10050739
v 0.11841597 -0.16580118 -0.08924057
v 0.16487977 -0.29763111 -0.09295209
v 0.15164848 -0.29939425 -0.10165045
v 0.15415448 -0.28542063 -0.09824918
v 0.17819667 -0.25034904 -0.04925654
v 0.18684536 -0.26240665 -0.03351821
v 0.18322004 -0.26828593 -0.05993922
v 0.16696292 -0.27460414 -0.08208524
v 0.12384124 -0.24706821 -0.11025363
v 0.09880666 -0.23878942 -0.12080970
v 0.08453847 -0.17361405 -0.10470596
v 0.07855091 -0.18904622 -0.11234637
v 0.09290122 -0.20428693 -0.11403175
v 0.07714967 -0.20713590 -0.11895545
v 0.06167147 -0.17676823 -0.10956033
v 0.07513894 -0.22482413 -0.12416876
v 0.01215800 -0.00949478 -0.09059528
v 0.03511136 -0.01246522 -0.08984978
v 0.16922764 -0.17659348 -0.04421634
v 0.12955682 -0.09037653 -0.05220973
v 0.19938323 -0.28200561 -0.02555251
v 0.19413507 -0.28119922 -0.04308907
v -0.21924214 -0.55190182 0.02464284
v -0.22029157 -0.55353922 0.00600120
v -0.22081569 -0.55457008 -0.01274408
v -0.22156504 -0.55535889 -0.03127480
v -0.22009867 -0.55561668 -0.04967246
v -0.21308370 -0.55507731 -0.06658350
v -0.20652266 -0.55447429 -0.08401990
v -0.20129745 -0.55432141 -0.10193612
v -0.19330157 -0.55407250 -0.11905301
v -0.18283464 -0.55433249 -0.13523045
v -0.16847049 -0.55379725 -0.14829931
v -0.15150549 -0.55269074 -0.15752155
v -0.13463752 -0.55048561 -0.16728374
v -0.11707956 -0.54892355 -0.17522274
v -0.09890245 -0.54836273 -0.18087794
v -0.08051161 -0.54765868 -0.18564782
v -0.06194270 -0.54674459 -0.18980917
v -0.04314670 -0.54553801 -0.19333038
v -0.02384682 -0.54470313 -0.19535670
v -0.00748069 0.19842312 -0.09184635
v -0.02024871 0.21291722 -0.08955009
v -0.03405177 0.22812799 -0.08694308
v -0.04741799 0.24364364 -0.08059078
v -0.05819296 0.26034662 -0.06713980
v -0.12454150 0.25251600 -0.04700406
v -0.12939158 0.24048071 -0.06193988
v -0.13230219 0.22474690 -0.07469232
v -0.13493070 0.20588388 -0.08417033
v -0.13879409 0.18595128 -0.09284361
v -0.14294359 0.16356881 -0.09488067
v -0.14835036 0.14057139 -0.09058937
v -0.15595201 0.11912228 -0.07977720
v -0.16436934 0.10220109 -0.06137281
v -0.16997093 0.09371622 -0.03593187
v -0.09749473 0.25076210 -0.06627071
v -0.12404766 0.02794406 -0.07564258
v -0.11102210 0.18205464 -0.10360924
v -0.09094536 0.26215467 -0.05177129
v -0.03579190 0.21035191 -0.09264281
v -0.14274170 0.09183408 -0.08324935
v -0.12588432 0.17527416 -0.09884989
v -0.11364472 0.24855328 -0.06089269
v -0.11915702 0.21755691 -0.08495294
v -0.06361228 0.24293210 -0.08052424
v -0.16606861 0.07356052 0.01626407
v -0.13266253 0.12995946 -0.09793261
v -0.10841794 0.25859410 -0.04722021
v -0.07459410 0.26786327 -0.05072639
v -0.16618337 0.09212027 -0.04987331
v -0.04446428 0.19965114 -0.09771585
v -0.02188145 0.18985620 -0.09491029
v -0.14282224 0.11794052 -0.08919147
v -0.13153289 0.15186884 -0.09927929
v -0.15476783 0.10329995 -0.07420081
v -0.02803205 -0.53535908 -0.18640375
v -0.02596700 -0.52231818 -0.17650476
v -0.12207735 -0.43521857 -0.11166196
v -0.14769880 -0.29598802 -0.10918345
v -0.20777142 -0.44883525 -0.06205735
v -0.22464752 -0.53766400 0.03035458
v -0.07466975 -0.03736391 -0.08331858
v -0.15366994 0.01170162 -0.00508593
v -0.12358145 0.19677199 -0.09239823
v -0.05429944 0.22152783 -0.09153305
v -0.16443005 0.05061558 0.01337285
v -0.16106439 0.03372635 0.01450978
v -0.16224861 0.04034523 -0.00809440
v -0.02745583 0.17096484 -0.11667734
v -0.15049927 0.07131505 -0.06679477
v -0.11350559 0.14207752 -0.10855209
v -0.10991945 0.16255330 -0.10811066
v -0.08631351 0.17153050 -0.11293545
v -0.06415233 0.14306735 -0.12135340
v -0.08871520 0.14702086 -0.11658062
v -0.06704734 0.16231090 -0.11668928
v -0.07932251 0.12597826 -0.11943625
v -0.10089964 0.12353414 -0.11373927
v -0.04795398 0.16366161 -0.12241921
v -0.08927988 0.10588149 -0.11544887
v -0.12860858 0.10507236 -0.09820043
v -0.04728986 -0.53424996 -0.18231468
v -0.07574139 -0.40639955 -0.10353983
v -0.19129333 -0.27797398 -0.04822193
v -0.07772875 -0.31113312 -0.12521005
v -0.07829240 -0.10064989 -0.08850929
v -0.21129069 -0.38168654 -0.03815798
v -0.23418115 -0.50547153 0.01441817
v -0.22553185 -0.54367137 -0.03026690
v -0.23118454 -0.52264661 -0.02279836
v -0.23235489 -0.51864100 -0.00062081
v -0.22990659 -0.50834006 -0.03298342
v -0.22705647 -0.53867531 -0.00565197
v -0.03544305 0.03403441 -0.10455457
v -0.04416712 -0.00095842 -0.09427375
v -0.15292795 -0.01927871 0.00340918
v -0.02009416 0.09811508 -0.11962332
v -0.06179786 0.19737600 -0.10152901
v -0.08713656 0.21918297 -0.09290673
v -0.10217628 0.22667320 -0.08539993
v -0.11096107 0.23683938 -0.07521747
v -0.10412449 0.20496905 -0.09601637
v -0.08393407 0.19759028 -0.10260112
v -0.16584857 0.06130060 -0.00310306
v -0.16309100 0.05818432 -0.02508081
v -0.15428159 0.01751476 0.02590846
v -0.15974541 0.03499138 0.03224764
v -0.14832145 0.02368632 -0.04095060
v -0.15748478 0.02177848 0.00503480
v -0.15625642 0.02610927 -0.01993342
v -0.15206878 -0.00026744 0.01095683
v -0.15535319 0.05461550 -0.04825852
v -0.14886767 0.01125864 -0.02698385
v -0.01600385 0.17254207 -0.09776384
v -0.03641122 0.17757861 -0.10195729
v -0.12017809 0.12079290 -0.10520160
v -0.02509094 -0.49124062 -0.15419357
v -0.01747104 -0.50551206 -0.16481838
v -0.03366728 -0.42456964 -0.11029213
v -0.19931190 -0.51591998 -0.11794394
v -0.17451501 -0.13548675 0.01210594
v -0.06022343 -0.16022044 -0.10223718
v -0.23056650 -0.52102977 0.02444767
v -0.23131455 -0.49434289 0.03424913
v -0.02330456 0.12994204 -0.12474633
v -0.04543286 0.13745314 -0.12415041
v -0.01799257 0.04026348 -0.10656761
v -0.02811288 -0.03698990 -0.08743026
v -0.15097557 -0.02189605 0.03001435
v -0.05385853 0.18478642 -0.11217873
v -0.07305664 0.21092881 -0.09736706
v -0.07315703 0.22717299 -0.09005651
v -0.08374865 0.23986408 -0.08053529
v -0.09483153 0.18434988 -0.10722344
v -0.07143524 0.18425554 -0.10985823
v -0.15079337 -0.00495209 -0.01210432
v -0.14962161 -0.00147799 0.03022477
v -0.06607263 -0.49992979 -0.15566969
v -0.02579603 -0.38036680 -0.09802616
v -0.04339086 -0.45604029 -0.12758298
v -0.10613254 -0.53592730 -0.16791180
v -0.12187303 -0.53395241 -0.16020338
v -0.19988559 -0.23757632 -0.00811781
v -0.19249773 -0.19631791 0.00290412
v -0.02400274 -0.23444879 -0.12807001
v -0.05471309 -0.19954559 -0.11845397
v -0.17839287 -0.14651133 0.02755350
v -0.15897222 -0.08701751 0.01466210
v -0.03563301 -0.15374374 -0.10281508
v -0.20897053 -0.53619736 -0.07627416
v -0.22579324 -0.53087473 -0.04337901
v -0.23359536 -0.46503702 0.01561299
v -0.21603352 -0.38367656 0.01352348
v -0.22433716 -0.38983911 -0.00472682
v -0.20680632 -0.33117327 -0.00376215
v -0.00843404 0.14251329 -0.12689255
v -0.01776833 0.11589907 -0.12249263
v -0.07945211 0.08285774 -0.11337098
v -0.05969621 0.12507479 -0.12145310
v -0.06583486 0.10361546 -0.11860476
v -0.01928030 0.02170973 -0.10097427
v -0.02340359 0.00367951 -0.09538025
v -0.05263780 0.03266228 -0.10347368
v -0.01977468 0.05900525 -0.11120129
v -0.05869273 0.05779989 -0.10957765
v -0.02298586 0.07835093 -0.11552126
v -0.15234178 -0.01448151 0.01799257
v -0.15297368 -0.03831506 0.01668529
v -0.13888636 0.00699850 -0.04660539
v -0.03307673 -0.34108081 -0.10354782
v -0.02861742 -0.40433359 -0.10183098
v -0.13704947 -0.52247131 -0.14412442
v -0.08575407 -0.53411031 -0.17315321
v -0.19835140 -0.53653818 -0.11470017
v -0.17342684 -0.52903080 -0.13729188
v -0.18645966 -0.54230756 -0.13426241
v -0.20932913 -0.29379061 0.01109042
v -0.20508498 -0.23912835 0.01539635
v -0.19343880 -0.19753084 0.01951373
v -0.18398169 -0.16359186 0.01868561
v -0.18788651 -0.17685154 0.01883680
v -0.00265191 -0.23951702 -0.12861934
v -0.01949729 -0.25204897 -0.13121068
v -0.01975313 -0.21725357 -0.12604135
v -0.01631987 -0.29145986 -0.12194603
v -0.16912927 -0.12155735 0.02471399
v -0.16386454 -0.10246626 0.02829877
v -0.15749107 -0.08194249 0.03051293
v -0.16422623 -0.10509586 0.00833325
v -0.01091188 -0.10789620 -0.09584445
v -0.01860666 -0.12636641 -0.09956598
v -0.01353148 -0.09336002 -0.09446251
v -0.01764553 -0.14541017 -0.10234096
v -0.03034630 -0.13619670 -0.10155602
v -0.01713777 -0.16456427 -0.10726722
v -0.21752279 -0.53846931 -0.05892902
v -0.21188922 -0.51943994 -0.06552789
v -0.22069091 -0.51536292 -0.04946349
v -0.20456748 -0.53916341 -0.09519055
v -0.21072057 -0.50193113 -0.08394921
v -0.21335968 -0.48359361 -0.07722539
v -0.23213349 -0.44169897 -0.00043535
v -0.21177989 -0.36597827 0.01398181
v -0.21641648 -0.35217625 -0.00257024
v -0.22100061 -0.37286130 -0.00410100
v -0.20617543 -0.36202815 -0.04394460
v -0.21507271 -0.36281091 -0.02356006
v -0.20500849 -0.34359381 -0.03854837
v -0.21060503 -0.34475365 -0.02154379
v -0.17989875 -0.31503755 -0.06727812
v -0.19539180 -0.31673989 -0.03960930
v -0.19899555 -0.33191523 -0.02867667
v -0.22876364 -0.42686427 0.01750485
v -0.22316907 -0.40613356 0.01564889
v -0.23371655 -0.46341184 -0.00720040
v -0.23303613 -0.48837557 -0.02192945
v -0.23501591 -0.48403633 0.01294839
v -0.23499854 -0.49797395 -0.00574177
v -0.23353197 -0.50672728 -0.01752972
v -0.02615325 -0.01523702 -0.09096815
v -0.03882283 0.01432117 -0.09884858
v -0.03725037 0.05101844 -0.10917270
v -0.08055632 0.06218180 -0.10795823
v -0.04072883 0.06951362 -0.11337420
v -0.04460078 0.09188706 -0.11813871
v -0.15160315 -0.04134735 0.03322703
v -0.13642929 0.02126255 -0.05930869
v -0.14703697 0.03769029 -0.05428098
v -0.13569658 0.03529102 -0.06890950
v -0.03505217 -0.50547123 -0.16335121
v -0.04602057 -0.51976371 -0.17173702
v -0.05676135 -0.50973165 -0.16330764
v -0.06508887 -0.53027385 -0.17540616
v -0.07508904 -0.51929116 -0.16594765
v -0.01227423 -0.34531796 -0.10156674
v -0.01672324 -0.36305997 -0.09875862
v -0.04952211 -0.40460166 -0.10395905
v -0.00853737 -0.39500359 -0.09998663
v -0.05076209 -0.43798515 -0.11798961
v -0.01391836 -0.43828928 -0.11710321
v -0.01459446 -0.45535302 -0.12949014
v -0.01815150 -0.47193313 -0.14166452
v -0.02977151 -0.44582033 -0.12175353
v -0.15348403 -0.53510851 -0.14645490
v -0.09582605 -0.52068591 -0.15998809
v -0.09852565 -0.50345683 -0.15038313
v -0.20355791 -0.52315927 -0.10560663
v -0.18430430 -0.50599152 -0.13006005
v -0.19975142 -0.27776757 -0.00179829
v -0.21221164 -0.31065556 0.00002367
v -0.21497959 -0.31597757 0.01588074
v -0.19048841 -0.22530961 -0.01693518
v -0.19220480 -0.21849841 0.00959053
v -0.18216382 -0.24882711 -0.05057153
v -0.19317672 -0.23861963 -0.03248733
v -0.20618667 -0.25506109 0.00425789
v -0.18630746 -0.20089814 -0.02555622
v -0.01768674 -0.27485436 -0.12898953
v -0.03881216 -0.24348204 -0.13051113
v -0.07302780 -0.26741415 -0.13069552
v -0.05479702 -0.25206125 -0.13130896
v -0.07350053 -0.24489054 -0.12819980
v -0.04588996 -0.26626369 -0.13155824
v -0.05042017 -0.23113798 -0.12724757
v -0.03070691 -0.20191683 -0.12092511
v -0.01983789 -0.18504111 -0.11504929
v -0.08167744 -0.22422366 -0.12174568
v -0.01925840 -0.32679868 -0.10809977
v -0.15503834 -0.08682038 -0.00648481
v -0.16763814 -0.12372641 -0.00218602
v -0.02687906 -0.11275335 -0.09870066
v -0.03892592 -0.10217612 -0.09514467
v -0.03636485 -0.08235344 -0.09337685
v -0.05190456 -0.14182721 -0.09974064
v -0.05906944 -0.10911114 -0.09362073
v -0.20746079 -0.52332819 -0.08785748
v -0.20537204 -0.50729579 -0.09877521
v -0.19981948 -0.49746120 -0.11541887
v -0.19248791 -0.48482487 -0.12107868
v -0.23220694 -0.44810784 0.01411850
v -0.19012165 -0.35599375 -0.08141728
v -0.20018791 -0.34620866 -0.05725027
v -0.22991587 -0.42133772 0.00182332
v -0.23524791 -0.47888210 -0.00669505
v -0.22219916 -0.46773246 -0.04188642
v -0.21632184 -0.48161206 -0.05638488
v -0.04094255 -0.02893037 -0.08874481
v -0.06892413 0.04642477 -0.10525410
v -0.15427682 -0.06215519 0.02955498
v -0.08589229 0.01788560 -0.09188966
v -0.10739462 -0.00454871 -0.07558701
v -0.13177910 -0.00929526 -0.05239518
v -0.05076304 -0.48925030 -0.15109859
v -0.03459895 -0.48259273 -0.14671268
v -0.04914546 -0.37056884 -0.09792703
v -0.03270934 -0.35863942 -0.09889752
v -0.01467645 -0.41640413 -0.10605206
v -0.03101917 -0.46425283 -0.13464278
v -0.14155968 -0.50196767 -0.13031298
v -0.16259266 -0.51273119 -0.13025616
v -0.15797192 -0.49691033 -0.12297824
v -0.15910150 -0.47498253 -0.12481827
v -0.14233454 -0.47950879 -0.11795096
v -0.12145892 -0.50272095 -0.13875124
v -0.12506300 -0.48407575 -0.12607427
v -0.18906432 -0.52478838 -0.13122410
v -0.17989148 -0.15126917 0.00761760
v -0.17327511 -0.14336911 -0.00939941
v -0.17613566 -0.16420105 -0.02372866
v -0.02656791 -0.26409161 -0.13206573
v -0.03668979 -0.28460807 -0.12778357
v -0.04175577 -0.21577254 -0.12436446
v -0.16212590 -0.12367715 -0.02177006
v -0.15867493 -0.10558982 -0.01523896
v -0.01656396 -0.07126079 -0.08745486
v -0.03350927 -0.05913398 -0.08662628
v -0.03918172 -0.17207319 -0.10938109
v -0.04087703 -0.18642366 -0.11499184
v -0.05919052 -0.08781350 -0.08711049
v -0.05253662 -0.07077432 -0.08972173
v -0.04627422 -0.12204386 -0.09877977
v -0.06241875 -0.12862365 -0.09781077
v -0.20649037 -0.29549029 -0.01245734
v -0.20675576 -0.31525213 -0.01830459
v -0.18770966 -0.32429025 -0.05430926
v -0.23007080 -0.47251695 -0.02676749
v -0.22202368 -0.49192691 -0.03997217
v -0.21250591 -0.46462896 -0.06044147
v -0.20856817 -0.45865270 -0.07857931
v -0.20492607 -0.47290209 -0.09295265
v -0.20530286 -0.48663101 -0.10112583
v -0.20286751 -0.45160636 -0.09645957
v -0.18157852 -0.44757926 -0.12025790
v -0.19384275 -0.44031891 -0.10665821
v -0.17720477 -0.46436179 -0.12517914
v -0.19560707 -0.46183354 -0.11124220
v -0.06094240 -0.03009981 -0.08726124
v -0.05347078 -0.04617768 -0.08606330
v -0.06952423 -0.05576456 -0.08468867
v -0.04998967 -0.01594788 -0.09055134
v -0.15566443 -0.07288837 0.01063370
v -0.15159610 -0.05784196 0.00790231
v -0.10868172 0.01809698 -0.08171271
v -0.09156920 -0.00151253 -0.08422439
v -0.07220389 0.02655904 -0.09890500
v -0.06055247 0.01399426 -0.09673637
v -0.07316843 -0.01714628 -0.08660316
v -0.09574313 -0.02264222 -0.07734411
v -0.12319238 0.00585268 -0.06582320
v -0.11628687 -0.01933314 -0.06614044
v -0.10917191 -0.03898363 -0.06585521
v -0.12775473 -0.03139985 -0.05133422
v -0.13932799 -0.02708086 -0.03655721
v -0.14374340 -0.00768932 -0.03273262
v -0.07400770 -0.34232253 -0.11020708
v -0.04467342 -0.39104652 -0.09901145
v -0.05729061 -0.41906774 -0.11121350
v -0.15248591 -0.45962998 -0.12288958
v -0.18139865 -0.16323604 -0.00545839
v -0.15504219 -0.16606985 -0.05879337
v -0.07227153 -0.14370292 -0.09714086
v -0.07630764 -0.12025855 -0.09431492
v -0.20067905 -0.29507264 -0.03389629
v -0.18042165 -0.26755816 -0.05682246
v -0.21386679 -0.49952641 -0.05847085
v -0.06769073 -0.00192011 -0.09119371
v -0.08855989 -0.04540621 -0.07740612
v -0.13329318 -0.07917272 -0.04454428
v -0.09118242 -0.38060099 -0.10271618
v -0.07034538 -0.37179372 -0.09986355
v -0.12858868 -0.46111867 -0.11322258
v -0.16683660 -0.16592936 -0.04251438
v -0.18181129 -0.22836795 -0.05181568
v -0.09044501 -0.13326693 -0.09070054
v -0.18538202 -0.28984648 -0.06243137
v -0.17394908 -0.30118513 -0.07387713
v -0.17334989 -0.31102476 -0.08799300
v -0.18474540 -0.32781839 -0.07963361
v -0.17771465 -0.37176761 -0.09049419
v -0.07534736 -0.06714941 -0.08215968
v -0.08468909 -0.08110674 -0.07919993
v -0.14052321 -0.06080878 -0.03239241
v -0.11885267 -0.11645307 -0.06877896
v -0.06590217 -0.32477522 -0.11540556
v -0.07749271 -0.39164835 -0.09936812
v -0.12056468 -0.41371936 -0.10795543
v -0.10710365 -0.37037084 -0.11770359
v -0.09838258 -0.40343294 -0.10193080
v -0.11434672 -0.39200011 -0.10859168
v -0.13708346 -0.40230647 -0.11584010
v -0.08745632 -0.36077577 -0.10839885
v -0.11433513 -0.33530122 -0.12709711
v -0.11146813 -0.35262537 -0.12643914
v -0.06762088 -0.35616633 -0.10241405
v -0.07417369 -0.43293336 -0.11736453
v -0.10537431 -0.42759189 -0.10632933
v -0.17073719 -0.24540710 -0.06701231
v -0.17961536 -0.18408297 -0.03156192
v -0.15777498 -0.18381234 -0.06527244
v -0.16810124 -0.18543944 -0.05307429
v -0.17973769 -0.20616464 -0.04519929
v -0.15329485 -0.32380417 -0.10686156
v -0.20778413 -0.38133824 -0.05973952
v -0.13645996 -0.04382067 -0.03752871
v -0.12354416 -0.04830056 -0.05263368
v -0.13005210 -0.06232408 -0.04697952
v -0.14478169 -0.07848786 -0.02643319
v -0.09593532 -0.09544694 -0.08066025
v -0.11064115 -0.09855718 -0.06819466
v -0.12762250 -0.09898331 -0.05227549
v -0.05138895 -0.34954542 -0.10221136
v -0.12419794 -0.36454877 -0.12492068
v -0.14288557 -0.44248068 -0.11988102
v -0.14044327 -0.42180160 -0.11567612
v -0.15386760 -0.40495065 -0.12443054
v -0.18030387 -0.42825902 -0.11548331
v -0.15963314 -0.42379084 -0.12530717
v -0.17485690 -0.40483966 -0.10714081
v -0.18632340 -0.38967168 -0.09410312
v -0.20499915 -0.43460000 -0.08456962
v -0.20734788 -0.42851606 -0.07012230
v -0.20493332 -0.41329238 -0.08109304
v -0.07052441 -0.44801053 -0.12542349
v -0.10709590 -0.46932942 -0.12528370
v -0.16429645 -0.14468822 -0.03122598
v -0.17165904 -0.26033631 -0.06820916
v -0.17057963 -0.21176745 -0.06095876
v -0.18474376 -0.21856530 -0.03414912
v -0.16946948 -0.32923463 -0.09733990
v -0.16115141 -0.31179070 -0.10178718
v -0.14103706 -0.31321970 -0.11433660
v -0.15654846 -0.34200644 -0.10091289
v -0.13622628 -0.33293116 -0.11205796
v -0.16049132 -0.36172953 -0.10069825
v -0.15403350 -0.37315327 -0.11395492
v -0.14099632 -0.36586893 -0.12045553
v -0.17063080 -0.38587087 -0.10423950
v -0.15931047 -0.39333311 -0.11185348
v -0.17731129 -0.34805092 -0.09234756
v -0.20198256 -0.35908270 -0.06522071
v -0.19544908 -0.37220168 -0.07770739
v -0.11500733 -0.05837559 -0.06301590
v -0.12218622 -0.08081400 -0.05805967
v -0.09664761 -0.11197279 -0.08041965
v -0.10626763 -0.13078879 -0.08141159
v -0.13872507 -0.09720299 -0.03876629
v -0.15040289 -0.11141136 -0.03359794
v -0.14694437 -0.09647942 -0.02640248
v -0.15253146 -0.12835190 -0.04085149
v -0.12630025 -0.34842798 -0.11928039
v -0.14346991 -0.35045952 -0.11135636
v -0.21682443 -0.44865826 -0.04421412
v -0.22744337 -0.45186481 -0.02373607
v -0.21431528 -0.40778631 -0.03383707
v -0.20819698 -0.40801841 -0.05725665
v -0.09550337 -0.34840074 -0.11998098
v -0.08921912 -0.33043274 -0.12231369
v -0.05669578 -0.30741891 -0.12369729
v -0.09060381 -0.44272849 -0.11446145
v -0.10827233 -0.45163858 -0.11237048
v -0.08716244 -0.45675361 -0.12710750
v -0.07271133 -0.47078344 -0.13394700
v -0.05195366 -0.47229522 -0.13813706
v -0.06718557 -0.48540938 -0.14596085
v -0.08960018 -0.47239235 -0.13554320
v -0.08465729 -0.48848861 -0.14557554
v -0.10425203 -0.48692814 -0.13883351
v -0.10048981 -0.31531242 -0.12782004
v -0.12420803 -0.31816646 -0.12206423
v -0.08922878 -0.29708466 -0.12923411
v -0.11109519 -0.29695836 -0.12549070
v -0.12954211 -0.29941657 -0.11893655
v -0.05417907 -0.29052034 -0.12845951
v -0.08523071 -0.28324413 -0.12953590
v -0.12461821 -0.38332632 -0.12195370
v -0.13996260 -0.38822341 -0.12469638
v -0.20228030 -0.39400837 -0.07815132
v -0.09901989 -0.06194868 -0.07389647
v -0.10761905 -0.07948790 -0.07218856
v -0.11928912 -0.13861935 -0.07569920
v -0.13771254 -0.11474190 -0.05060030
v -0.13673148 -0.13174807 -0.05962487
v -0.15206963 -0.14575863 -0.05047998
v -0.21954997 -0.43338144 -0.02777746
v -0.13580002 -0.28597218 -0.11395648
v -0.07056935 -0.29749718 -0.12794171
v -0.13703655 -0.14945891 -0.06770781
v -0.08918001 -0.25354144 -0.12681180
v -0.09503807 -0.26825848 -0.12712164
v -0.12884754 -0.26451266 -0.11270243
v -0.12173025 -0.27789471 -0.11914487
v -0.10816720 -0.25882623 -0.12153835
v -0.14414899 -0.25788406 -0.10038159
v -0.16239640 -0.26942271 -0.08792406
v -0.13001923 -0.24531865 -0.10789731
v -0.15911141 -0.25587106 -0.08459958
v -0.14680208 -0.27519724 -0.10441579
v -0.16040631 -0.29139003 -0.09230065
v -0.17359239 -0.27902985 -0.07707536
v -0.12522541 0.08824734 -0.09683744
v -0.13438822 0.06764594 -0.08360728
v -0.09684436 0.07341810 -0.10688927
v -0.14230458 0.05140397 -0.06897573
v -0.10299926 0.08886150 -0.10837234
v -0.10182489 0.05451151 -0.09956036
v -0.12326898 0.04602062 -0.08468304
v -0.10551652 0.03422249 -0.09030364
v -0.08660806 0.03972415 -0.09949325
v -0.14821883 -0.02683395 -0.01644693
v -0.14319560 -0.04173767 -0.02400834
v -0.15087894 -0.04004882 -0.00014235
v -0.03923994 0.11486571 -0.12180603
v -0.19059399 -0.26138255 -0.03516867
v -0.19590740 -0.27988234 -0.02482267
v -0.20032462 -0.25781420 -0.01724915
v -0.07706419 -0.19166818 -0.11221007
v -0.09872704 -0.18340409 -0.10306330
v -0.10030209 -0.16533677 -0.09549587
v -0.08374136 -0.15448138 -0.09609239
v -0.08004885 -0.17190689 -0.10379954
v -0.05909012 -0.17920023 -0.11036485
v -0.14111814 -0.17167139 -0.07494903
v -0.12139590 -0.17587581 -0.08986373
v -0.11370819 -0.19375262 -0.10098930
v -0.14985870 -0.06586167 -0.00967174
v -0.14687181 -0.04865368 -0.01191837
v -0.16790327 -0.22953697 -0.06972037
v -0.04385576 -0.32330862 -0.11363941
v -0.10285395 -0.22226165 -0.11527763
v -0.11901987 -0.21029720 -0.10415678
v -0.09722948 -0.24135253 -0.12223037
v -0.14273314 -0.21537332 -0.09015850
v -0.12842637 -0.22779939 -0.10415205
v -0.14668190 -0.23879269 -0.09332132
v -0.14863393 -0.19755194 -0.07987832
v -0.16044338 -0.19820677 -0.06840672
v -0.15588361 -0.21592905 -0.07887635
v -0.13389514 -0.19588844 -0.09047656
v -0.14147288 -0.18534827 -0.08106769
v -0.09296097 -0.20512633 -0.11289377
v -0.06821644 -0.21090104 -0.12034261
v -0.12054563 -0.15894440 -0.08367608
v -0.10259154 -0.15003091 -0.08961064
v -0.16194846 0.09419712 0.04403462
v 0.16205131 0.08582682 0.06669414
v 0.16651109 0.09609453 0.03675567
v 0.15219769 0.11486422 0.07840168
v 0.04516053 0.06440179 0.16161984
v 0.11681490 0.09201864 0.14074604
v 0.07288107 0.20960343 -0.09750099
v 0.15042925 0.10032772 -0.07411550
v 0.16593616 0.07891112 -0.00081621
v 0.16640745 0.08909539 0.00595507
v 0.14045048 0.11288822 -0.08717067
v 0.16366839 0.06102468 -0.00504979
v -0.07661824 0.25517902 -0.06760716
v -0.16351435 0.07724595 -0.04365274
v -0.15722947 0.03960966 -0.03247266
v -0.16246277 0.09155379 -0.05850151
v -0.16768822 0.07684555 -0.01721430
v -0.17040800 0.08959630 -0.01313803
v -0.16738716 0.08786982 0.01199182
v -0.15772334 0.08604527 -0.06314543
v -0.11616885 0.06907232 -0.09719830
v -0.22772665 -0.44083819 0.03715878
v -0.16329591 -0.51476330 0.21064191
v -0.10597051 0.25388700 -0.00273680
v -0.10756403 -0.51880133 0.21334612
v -0.18909699 -0.43625823 0.17437741
v -0.05527418 -0.46061930 0.17465340
v -0.04460979 -0.48588553 0.19158414
v 0.00973227 -0.40980712 0.14859115
v -0.20311064 -0.23931128 0.05022242
v -0.10186797 -0.01997335 0.11512918
v -0.21092236 -0.36220700 0.08920112
v -0.07978895 -0.18483022 0.15628660
v -0.08845936 -0.10531216 0.14177313
v -0.16712920 -0.27278265 0.12281208
v -0.19064477 -0.34096986 0.14141947
v -0.13903339 -0.12690899 0.10407356
v -0.15824935 -0.18501309 0.09928586
v -0.19787480 -0.36487806 0.13927020
v -0.07521466 -0.27319071 0.13801453
v 0.07939997 -0.52630484 0.23135050
v 0.21407689 -0.43322295 0.15894523
v 0.04906564 -0.42197877 0.16379759
v 0.02256002 -0.20707522 0.17766540
v 0.22494601 -0.40536487 0.11777658
v 0.08190169 -0.17280272 0.15872148
v 0.21607035 -0.39600667 0.13984463
v 0.20271225 -0.30616009 0.09609771
v 0.05599334 0.17848425 -0.10324883
v 0.10831895 0.12258811 -0.10834489
v -0.01122161 0.15734012 -0.12650578
v 0.13091893 0.00069622 -0.04862154
v 0.03767189 0.15466261 -0.12248571
v 0.19377245 -0.25386617 0.01748260
v 0.02131004 -0.43239647 -0.11203746
v 0.08797604 -0.52131683 -0.15815236
v 0.09869191 -0.53376615 -0.16455741
v 0.04754997 -0.43498921 -0.11195777
v -0.00837939 -0.20297115 -0.12208746
v 0.16507973 -0.11770152 -0.00642763
v 0.15536180 -0.06471120 0.01992736
v 0.07923944 -0.27812454 -0.13099621
v 0.20949501 -0.45911759 -0.08953643
v 0.12817258 -0.44525829 -0.12309784
v 0.17902564 -0.41427737 -0.11317654
v 0.04166996 -0.30623299 -0.12218748
v 0.11873633 -0.12175436 -0.07254251
v 0.10910012 -0.14453363 -0.08513278
v 0.08102486 -0.15286665 -0.09736954
v 0.10237197 -0.30697784 -0.12570705
v 0.12090530 -0.31576255 -0.11479498
v 0.09096747 -0.26008829 -0.12618449
v 0.10922164 -0.25741127 -0.11874016
v 0.20004703 -0.29778758 -0.02587475
v -0.20143598 -0.27462509 0.01628516
v -0.11320691 0.10447190 -0.10693344
v -0.22807336 -0.53196877 0.01359995
v -0.03017026 0.15027890 -0.11982305
v -0.11468865 -0.52027375 -0.15222305
v -0.13490617 -0.54110044 -0.15996644
v -0.19142896 -0.20401850 -0.01006221
v -0.18479402 -0.18025364 -0.01256011
v -0.16604140 -0.44543743 -0.12507787
v -0.19231245 -0.34033144 -0.07453845
v -0.19195957 -0.41192046 -0.09284292
v -0.21002114 -0.43306991 -0.04715264
v -0.22825836 -0.42808852 -0.01120401
v -0.08054260 -0.50165105 -0.15467143
v -0.10305507 -0.27960572 -0.12631059
v -0.11711834 -0.24202329 -0.11412023
v -0.21638708 -0.53748983 0.10876954
v -0.03125177 -0.33069083 0.16215412
v -0.09377803 -0.46711037 0.18720974
v -0.03985897 -0.41461688 0.15878557
v -0.12833251 -0.05133908 0.08969361
v -0.13650635 0.01560944 0.08408556
v -0.13056375 -0.07418099 0.09620903
v -0.21550266 -0.48407307 0.10780157
v -0.09694633 -0.11547592 0.13825893
v -0.12593769 0.05694880 0.13582401
v -0.19444939 -0.27446306 0.09557700
v -0.05712746 -0.27677873 0.14078335
v 0.02819710 -0.53267193 0.24543475
v 0.19695367 -0.52529544 0.19768956
v 0.22656102 -0.43260154 0.04110946
v 0.08922436 -0.39882249 0.16637565
v 0.22777790 -0.44605467 0.13076195
v 0.02482159 -0.28104162 0.16398498
v 0.15657575 -0.39881769 0.17171952
v 0.03588551 0.12710679 -0.12471132
v 0.02054632 0.16924401 -0.11719573
v 0.05056832 -0.09279741 -0.08801431
v 0.19953012 -0.50482017 -0.10847405
v 0.15030208 -0.51967216 -0.15217505
v 0.06026101 -0.11023112 -0.08888138
v 0.21652403 -0.43436182 -0.06285578
v 0.18931232 -0.30125022 -0.05342479
v 0.19533241 -0.36732060 -0.08095266
v 0.18162082 -0.37955612 -0.08562050
v 0.19661914 -0.31611297 -0.04669644
v 0.12435080 -0.23124677 -0.10734838
v 0.11584453 -0.23621859 -0.11301298
v -0.16782594 0.07855574 0.00070611
v -0.16420899 0.05654924 0.02767703
v -0.21948798 -0.38845572 -0.02149299
v -0.06264725 0.08003582 -0.11450949
v -0.20816378 -0.33923379 0.01783758
v -0.22717492 -0.40678248 -0.00408092
v -0.22205132 -0.40684128 -0.02192891
v -0.06078215 -0.39198652 -0.09904636
v -0.15574348 -0.23337664 -0.08372325
v -0.02393703 -0.31216568 -0.11498578
v -0.05425364 -0.33666295 -0.10733864
v -0.19057813 -0.30048630 -0.05410239
v -0.17385258 -0.48607081 -0.12773061
v -0.08197061 -0.42146301 -0.11028514
v -0.19157842 -0.42276567 -0.10275972
v -0.03802150 -0.30266148 -0.12260069
v -0.06660611 -0.28048879 -0.13057348
v 0.08494604 -0.31867665 -0.13257337
f 26 27 142
f 29 105 28
f 142 27 28
f 142 25 26
f 38 39 129
f 164 134 163
f 135 164 23
f 126 35 36
f 44 45 116
f 191 21 22
f 36 37 125
f 19 238 239
f 210 211 255
f 40 120 39
f 30 2372 105
f 19 239 18
f 2372 113 106
f 105 29 30
f 111 104 154
f 353 18 239
f 34 35 122
f 589 91 586
f 81 82 83
f 585 587 112
f 288 192 286
f 75 103 199
f 294 269 17
f 93 94 204
f 10 533 229
f 277 11 12
f 587 145 112
f 15 267 14
f 49 169 736
f 87 118 2305
f 5 231 4
f 81 83 111
f 189 2 2405
f 1862 163 22
f 31 32 113
f 189 188 2
f 231 284 4
f 150 166 105
f 96 160 95
f 206 209 208
f 172 91 92
f 123 118 88
f 109 44 116
f 2305 108 86
f 111 154 114
f 84 104 83
f 79 80 114
f 117 174 113
f 584 127 588
f 75 76 103
f 91 172 586
f 235 161 190
f 155 120 40
f 125 37 38
f 582 128 153
f 118 123 124
f 43 44 109
f 124 123 127
f 121 109 128
f 123 89 127
f 45 46 110
f 58 220 219
f 110 100 116
f 46 139 110
f 177 178 99
f 151 33 34
f 585 78 583
f 47 101 46
f 117 33 151
f 196 50 51
f 33 117 32
f 242 55 300
f 119 155 41
f 42 121 119
f 221 218 220
f 122 175 151
f 53 194 240
f 110 116 45
f 240 2310 816
f 114 584 583
f 127 89 90
f 86 108 85
f 139 46 101
f 41 42 119
f 118 124 154
f 74 75 198
f 199 750 198
f 112 77 78
f 79 583 78
f 108 104 84
f 109 121 43
f 104 111 83
f 2305 86 87
f 118 87 88
f 81 111 80
f 117 113 32
f 123 88 89
f 108 84 85
f 114 583 79
f 119 121 128
f 126 122 35
f 588 586 587
f 66 67 230
f 121 42 43
f 114 154 124
f 30 31 2372
f 104 108 2305
f 118 154 2305
f 750 140 73
f 100 177 181
f 71 252 70
f 111 114 80
f 461 136 352
f 280 230 278
f 223 852 270
f 125 126 36
f 155 40 41
f 175 122 126
f 129 125 38
f 405 183 404
f 130 129 120
f 115 130 405
f 120 2306 130
f 115 212 2304
f 322 318 319
f 227 532 410
f 230 342 65
f 161 189 190
f 135 165 164
f 245 52 921
f 698 169 48
f 100 110 139
f 100 139 138
f 138 139 48
f 148 143 145
f 171 72 73
f 147 246 102
f 205 92 93
f 148 144 143
f 166 142 105
f 135 25 142
f 23 24 135
f 145 143 77
f 145 149 148
f 144 103 143
f 143 76 77
f 103 102 199
f 112 145 77
f 144 147 102
f 146 173 304
f 149 145 587
f 149 146 148
f 586 149 587
f 144 148 304
f 166 150 97
f 237 150 106
f 113 2372 31
f 460 2307 107
f 151 175 176
f 151 34 122
f 109 152 128
f 128 152 153
f 109 116 181
f 153 152 99
f 99 152 177
f 152 109 181
f 99 178 2309
f 589 127 90
f 2306 120 155
f 419 411 420
f 270 271 328
f 363 496 534
f 282 395 446
f 345 235 285
f 208 141 206
f 188 233 160
f 21 191 2303
f 164 163 1862
f 163 134 192
f 23 164 1862
f 166 165 135
f 346 165 97
f 134 164 165
f 165 166 97
f 142 166 135
f 350 238 351
f 416 415 411
f 261 215 216
f 215 261 2308
f 298 299 2373
f 301 433 2373
f 214 179 2309
f 2309 178 213
f 137 177 138
f 48 169 138
f 72 71 864
f 253 201 251
f 203 95 483
f 172 92 205
f 146 205 173
f 172 205 146
f 205 204 173
f 249 173 206
f 106 113 174
f 150 2372 106
f 151 174 117
f 176 254 174
f 175 210 176
f 311 310 210
f 169 137 138
f 178 177 137
f 256 261 216
f 178 137 213
f 2309 179 180
f 214 2309 213
f 49 213 137
f 185 2374 182
f 183 582 184
f 152 181 177
f 180 184 153
f 582 153 184
f 115 405 457
f 184 180 185
f 182 183 184
f 2308 261 314
f 184 185 182
f 314 2374 185
f 318 320 277
f 353 239 293
f 411 415 431
f 370 273 334
f 7 8 228
f 282 446 2377
f 435 591 434
f 533 11 277
f 278 67 68
f 281 342 230
f 308 307 302
f 342 281 374
f 133 233 235
f 483 95 160
f 1 2 2282
f 188 161 233
f 483 484 450
f 209 204 203
f 190 189 234
f 188 189 161
f 284 190 234
f 193 162 236
f 163 191 22
f 346 237 2379
f 238 20 351
f 293 239 350
f 265 57 218
f 197 51 52
f 921 2310 245
f 197 52 168
f 168 52 245
f 196 213 50
f 199 198 75
f 144 102 103
f 140 199 102
f 249 304 173
f 403 356 306
f 70 305 69
f 140 171 73
f 202 72 171
f 171 247 251
f 252 202 201
f 203 204 94
f 95 203 94
f 173 204 206
f 205 93 204
f 208 209 207
f 483 160 484
f 307 309 302
f 204 209 206
f 483 209 203
f 349 254 310
f 286 192 134
f 254 176 310
f 151 176 174
f 211 126 212
f 255 107 311
f 211 175 126
f 211 312 255
f 357 212 115
f 125 2304 126
f 312 211 212
f 50 213 49
f 214 213 196
f 214 196 215
f 215 197 168
f 297 259 258
f 258 259 257
f 216 215 168
f 217 168 245
f 217 194 258
f 257 464 256
f 168 217 2375
f 185 180 179
f 153 99 180
f 2309 180 99
f 100 138 177
f 116 100 181
f 185 179 2308
f 262 58 59
f 263 59 60
f 243 355 242
f 262 220 58
f 262 361 468
f 57 219 218
f 218 219 220
f 508 517 506
f 266 355 243
f 409 221 220
f 368 15 16
f 186 2311 267
f 271 955 62
f 273 62 63
f 329 272 328
f 224 333 61
f 263 361 262
f 592 226 6
f 592 6 225
f 7 225 6
f 226 337 283
f 282 231 232
f 6 226 274
f 228 8 187
f 187 8 227
f 187 276 228
f 228 225 7
f 229 9 1885
f 227 8 9
f 10 11 533
f 227 229 532
f 9 229 227
f 230 67 278
f 279 68 69
f 281 280 159
f 369 335 342
f 232 231 5
f 454 399 480
f 160 96 188
f 235 233 161
f 484 233 133
f 189 3 234
f 285 190 284
f 235 190 285
f 193 236 20
f 191 192 193
f 163 192 191
f 150 237 97
f 237 106 348
f 239 238 350
f 236 351 20
f 293 350 167
f 294 18 353
f 326 269 325
f 245 240 217
f 295 53 241
f 299 54 55
f 241 195 295
f 241 54 299
f 299 242 2373
f 57 265 56
f 221 244 266
f 196 51 197
f 240 245 2310
f 304 250 147
f 246 200 247
f 102 246 140
f 170 247 200
f 171 251 202
f 140 247 171
f 246 247 140
f 200 248 170
f 200 246 147
f 309 141 208
f 248 200 250
f 304 147 144
f 250 249 141
f 247 170 251
f 253 251 170
f 141 249 206
f 202 252 71
f 356 252 201
f 356 305 252
f 338 339 279
f 201 202 251
f 254 106 174
f 106 254 348
f 211 210 175
f 257 256 2375
f 2375 256 216
f 464 260 256
f 258 257 2375
f 464 257 359
f 297 258 194
f 260 98 314
f 179 214 2308
f 263 262 59
f 264 263 60
f 361 263 264
f 60 333 264
f 315 361 264
f 316 361 317
f 266 265 218
f 300 56 243
f 221 266 218
f 266 244 355
f 13 14 2311
f 319 186 323
f 368 267 15
f 268 222 16
f 268 17 269
f 16 222 368
f 222 268 269
f 271 270 955
f 223 270 328
f 273 271 62
f 330 332 377
f 329 328 271
f 329 331 272
f 334 63 64
f 64 65 335
f 369 336 370
f 275 226 283
f 226 275 274
f 5 275 232
f 337 226 592
f 276 434 228
f 227 410 187
f 499 187 410
f 410 470 499
f 568 131 2380
f 187 499 276
f 435 434 2318
f 277 531 533
f 279 278 68
f 305 279 69
f 338 279 305
f 339 280 278
f 371 340 159
f 230 65 66
f 335 65 342
f 373 281 159
f 281 373 374
f 283 282 232
f 283 343 282
f 231 282 2377
f 283 232 275
f 392 395 343
f 4 284 234
f 284 2377 285
f 446 344 399
f 134 165 346
f 346 97 237
f 134 346 286
f 288 347 287
f 347 286 2379
f 288 287 292
f 351 290 289
f 162 292 290
f 292 162 288
f 192 288 162
f 292 291 290
f 291 352 289
f 291 289 290
f 167 289 352
f 417 293 2313
f 269 294 325
f 194 53 295
f 298 296 195
f 354 474 512
f 297 194 295
f 298 433 296
f 299 298 195
f 242 299 55
f 265 243 56
f 242 300 243
f 425 354 296
f 309 208 303
f 450 485 453
f 208 207 303
f 250 141 248
f 250 304 249
f 252 305 70
f 201 253 306
f 308 403 306
f 307 306 253
f 306 307 308
f 302 309 303
f 447 302 303
f 403 308 481
f 248 309 307
f 309 248 141
f 170 248 307
f 310 176 210
f 311 107 578
f 310 311 563
f 255 311 210
f 512 259 354
f 256 260 261
f 2308 314 185
f 260 314 261
f 315 391 317
f 264 333 360
f 361 315 317
f 318 277 12
f 318 322 320
f 12 13 318
f 2311 318 13
f 267 2311 14
f 318 2311 319
f 366 545 323
f 502 321 364
f 321 320 322
f 364 321 322
f 321 157 365
f 323 322 319
f 324 323 186
f 186 267 367
f 2313 412 417
f 269 326 222
f 411 327 326
f 590 328 272
f 273 329 271
f 330 329 273
f 330 370 332
f 377 375 376
f 378 379 331
f 330 331 329
f 377 332 375
f 360 224 593
f 333 224 360
f 335 334 64
f 374 398 336
f 273 370 330
f 338 305 356
f 339 338 371
f 278 279 339
f 230 280 281
f 481 372 403
f 302 482 308
f 341 397 398
f 282 343 395
f 340 441 439
f 284 231 2377
f 401 2377 446
f 441 442 455
f 456 451 345
f 286 346 2379
f 402 348 349
f 348 254 349
f 563 349 310
f 289 167 350
f 290 351 236
f 350 351 289
f 519 520 575
f 414 352 136
f 414 167 352
f 353 293 417
f 294 353 325
f 195 297 295
f 297 296 354
f 242 355 2373
f 266 243 265
f 503 355 244
f 2373 355 301
f 306 356 201
f 338 356 403
f 400 449 447
f 481 442 372
f 357 312 212
f 98 260 462
f 255 312 406
f 466 464 465
f 465 359 530
f 259 359 257
f 360 388 315
f 264 360 315
f 316 409 468
f 384 385 382
f 388 391 315
f 323 364 322
f 366 430 545
f 368 367 267
f 327 368 222
f 367 324 186
f 367 327 419
f 368 327 367
f 326 327 222
f 424 418 2316
f 334 335 369
f 369 370 334
f 332 370 336
f 371 159 280
f 439 159 340
f 339 371 280
f 403 372 371
f 340 371 372
f 439 373 159
f 374 373 341
f 398 374 341
f 342 374 369
f 373 439 341
f 375 445 376
f 336 375 332
f 478 568 386
f 379 380 158
f 331 377 378
f 379 378 380
f 388 360 593
f 590 272 158
f 379 272 331
f 382 158 384
f 384 158 380
f 388 387 391
f 380 381 384
f 542 499 470
f 387 385 2314
f 394 393 438
f 593 158 382
f 378 383 2315
f 438 376 445
f 477 492 436
f 382 385 387
f 131 568 541
f 568 2380 386
f 437 386 383
f 2315 383 386
f 378 377 383
f 377 376 383
f 2380 2315 386
f 378 2315 380
f 2314 385 436
f 382 387 388
f 436 385 477
f 2314 391 387
f 317 391 390
f 2376 479 392
f 395 2312 344
f 2376 392 343
f 337 2376 283
f 394 445 396
f 393 437 438
f 2312 392 394
f 393 394 392
f 396 2312 394
f 344 2312 132
f 446 395 344
f 132 2312 396
f 398 396 445
f 396 398 397
f 443 444 132
f 447 303 448
f 345 285 401
f 2381 453 451
f 448 450 453
f 235 345 133
f 133 345 451
f 286 347 288
f 402 347 2379
f 348 2379 237
f 359 259 512
f 354 259 297
f 549 508 507
f 338 403 371
f 2306 405 130
f 358 407 457
f 182 404 183
f 183 405 2306
f 457 405 404
f 406 107 255
f 107 406 460
f 312 407 406
f 407 358 489
f 357 407 312
f 313 467 528
f 2374 490 488
f 464 359 465
f 363 534 156
f 363 156 316
f 537 409 156
f 468 409 220
f 156 409 316
f 321 365 320
f 320 365 531
f 531 277 320
f 470 410 469
f 323 324 366
f 167 414 2313
f 2313 414 413
f 412 2313 413
f 428 412 413
f 416 412 415
f 416 411 326
f 415 412 428
f 325 416 326
f 419 420 2382
f 411 419 327
f 367 419 324
f 420 424 421
f 427 426 431
f 433 301 504
f 476 2320 518
f 432 429 426
f 546 418 509
f 421 430 366
f 425 422 474
f 431 415 427
f 476 413 414
f 415 428 427
f 555 557 516
f 430 421 2316
f 548 473 430
f 565 538 566
f 355 503 301
f 507 506 505
f 513 474 517
f 518 413 476
f 426 418 424
f 510 554 509
f 431 426 424
f 558 432 423
f 429 418 426
f 433 425 296
f 425 433 511
f 374 336 369
f 375 336 398
f 479 478 437
f 479 437 393
f 2318 434 276
f 568 435 541
f 478 435 568
f 436 492 493
f 2314 436 389
f 438 437 383
f 376 438 383
f 394 438 445
f 443 439 441
f 442 441 340
f 456 399 454
f 340 372 442
f 441 440 443
f 308 482 481
f 455 442 486
f 443 440 444
f 440 452 454
f 132 397 443
f 341 443 397
f 454 444 440
f 132 444 480
f 398 445 375
f 401 446 399
f 448 303 207
f 400 486 449
f 448 207 450
f 400 447 448
f 447 449 482
f 450 207 483
f 450 484 485
f 452 2381 456
f 133 451 485
f 456 454 452
f 453 400 448
f 455 452 440
f 2381 452 486
f 485 451 453
f 400 453 2381
f 454 480 444
f 441 455 440
f 486 442 449
f 345 401 456
f 457 357 115
f 357 457 407
f 488 457 404
f 182 488 404
f 523 458 313
f 526 291 487
f 573 461 526
f 459 579 2307
f 581 576 577
f 291 461 352
f 98 408 490
f 462 260 464
f 408 98 462
f 408 463 490
f 457 488 358
f 458 489 313
f 408 466 467
f 462 464 466
f 466 465 529
f 462 466 408
f 408 467 463
f 262 468 220
f 316 468 361
f 469 365 2319
f 472 470 2319
f 531 365 469
f 469 2319 470
f 276 499 2318
f 477 131 498
f 472 542 470
f 471 492 498
f 544 493 494
f 472 471 542
f 501 430 473
f 502 545 501
f 156 534 536
f 474 422 517
f 524 528 525
f 425 474 354
f 461 573 559
f 136 476 414
f 559 2320 476
f 131 477 381
f 437 478 386
f 392 479 393
f 478 591 435
f 443 341 439
f 399 344 480
f 132 480 344
f 449 442 481
f 447 482 302
f 481 482 449
f 209 483 207
f 233 484 160
f 484 133 485
f 2381 486 400
f 455 486 452
f 2374 488 182
f 490 2374 98
f 292 487 291
f 347 402 562
f 287 487 292
f 576 526 487
f 358 488 490
f 467 313 463
f 523 528 524
f 406 407 489
f 463 489 358
f 490 463 358
f 529 465 491
f 530 512 513
f 557 525 529
f 469 532 531
f 531 532 533
f 498 492 477
f 492 471 494
f 472 495 494
f 493 492 494
f 472 494 471
f 495 157 543
f 493 362 389
f 497 389 362
f 389 436 493
f 362 564 496
f 389 497 390
f 496 363 497
f 363 390 497
f 542 498 541
f 541 2318 542
f 501 545 430
f 502 501 500
f 569 538 565
f 544 494 495
f 500 543 502
f 321 502 157
f 364 323 545
f 503 567 504
f 244 221 2383
f 505 504 567
f 433 504 511
f 503 504 301
f 507 508 506
f 422 425 511
f 505 506 511
f 549 510 508
f 549 507 550
f 418 429 509
f 515 594 522
f 522 429 558
f 511 504 505
f 511 506 422
f 359 512 530
f 513 512 474
f 514 513 475
f 513 516 530
f 514 515 571
f 555 516 514
f 594 510 522
f 491 530 516
f 514 516 513
f 513 517 475
f 506 517 422
f 517 508 475
f 2317 427 518
f 574 573 580
f 427 428 518
f 413 518 428
f 520 2317 2320
f 518 2320 2317
f 570 556 572
f 520 423 2317
f 520 519 423
f 519 521 423
f 429 432 558
f 571 555 514
f 521 558 423
f 558 515 522
f 556 521 519
f 521 571 558
f 559 574 2320
f 523 459 460
f 524 560 561
f 458 523 460
f 313 528 523
f 570 557 555
f 525 570 560
f 291 526 461
f 581 526 576
f 402 349 527
f 578 577 527
f 529 528 467
f 525 528 529
f 529 467 466
f 529 491 557
f 465 530 491
f 410 532 469
f 229 533 532
f 535 496 564
f 534 496 535
f 552 553 547
f 540 507 505
f 535 551 534
f 362 493 539
f 535 564 565
f 552 547 554
f 2321 536 551
f 534 551 536
f 409 537 221
f 536 2321 537
f 156 536 537
f 2321 2383 537
f 501 538 500
f 473 538 501
f 566 553 565
f 540 505 567
f 544 539 493
f 566 538 473
f 541 498 131
f 471 498 542
f 502 543 157
f 569 543 500
f 500 538 569
f 364 545 502
f 547 566 473
f 418 546 548
f 547 548 546
f 550 507 540
f 510 549 554
f 549 550 552
f 553 551 535
f 565 553 535
f 551 552 550
f 547 553 566
f 552 551 553
f 546 554 547
f 552 554 549
f 546 509 554
f 509 429 522
f 509 522 510
f 555 571 556
f 570 572 560
f 521 556 571
f 556 519 572
f 516 557 491
f 515 558 571
f 561 560 572
f 524 525 560
f 575 561 572
f 523 524 459
f 562 287 347
f 487 562 576
f 287 562 487
f 527 562 402
f 577 562 527
f 577 579 581
f 362 496 497
f 539 564 362
f 539 565 564
f 565 539 569
f 244 567 503
f 2383 567 244
f 537 2383 221
f 2321 540 2383
f 550 540 2321
f 2318 541 435
f 544 495 543
f 544 569 539
f 543 569 544
f 548 547 473
f 557 570 525
f 556 570 555
f 519 575 572
f 581 580 573
f 580 575 574
f 520 574 575
f 559 573 574
f 559 136 461
f 476 136 559
f 580 561 575
f 577 576 562
f 527 563 578
f 578 563 311
f 580 579 459
f 526 581 573
f 577 578 579
f 561 580 459
f 580 581 579
f 582 2306 119
f 585 112 78
f 124 584 114
f 127 584 124
f 583 584 585
f 149 586 172
f 588 587 585
f 584 588 585
f 589 588 127
f 91 589 90
f 588 589 586
f 593 590 158
f 328 590 223
f 225 434 591
f 592 591 2378
f 434 225 228
f 388 593 382
f 594 475 508
f 514 475 515
f 475 594 515
f 510 594 508
f 688 632 631
f 722 623 622
f 49 812 50
f 625 727 728
f 682 689 687
f 1109 669 699
f 240 816 53
f 786 785 772
f 638 2384 101
f 722 683 623
f 637 636 671
f 60 59 2325
f 686 628 2385
f 682 631 630
f 687 677 682
f 684 2385 627
f 736 169 698
f 674 649 648
f 2389 888 57
f 727 624 683
f 2325 59 887
f 59 58 887
f 56 2389 57
f 724 664 787
f 637 2384 638
f 874 878 731
f 744 641 640
f 61 850 852
f 726 727 683
f 62 955 849
f 685 671 636
f 673 667 699
f 676 663 645
f 68 67 855
f 672 700 673
f 1097 738 739
f 667 702 705
f 714 620 619
f 803 909 910
f 644 669 676
f 639 74 661
f 751 749 750
f 674 668 729
f 74 198 661
f 704 654 703
f 639 661 711
f 671 685 660
f 683 752 726
f 730 762 2385
f 642 673 643
f 629 686 689
f 681 680 633
f 668 647 663
f 674 647 668
f 645 663 646
f 644 676 645
f 795 688 677
f 676 729 668
f 730 2385 684
f 708 662 709
f 699 669 643
f 626 625 728
f 1109 1108 675
f 686 629 628
f 684 627 626
f 682 688 631
f 681 688 795
f 624 727 625
f 621 679 723
f 624 623 683
f 607 885 608
f 621 723 622
f 682 677 688
f 716 679 714
f 762 760 687
f 714 618 617
f 715 714 617
f 681 632 688
f 628 627 2385
f 714 619 618
f 682 630 689
f 757 835 795
f 729 676 669
f 723 679 716
f 677 760 757
f 674 729 675
f 620 679 621
f 728 684 626
f 701 702 700
f 658 809 659
f 673 642 672
f 47 638 101
f 733 891 954
f 806 808 805
f 637 671 2384
f 811 809 2283
f 707 655 704
f 632 681 633
f 660 697 671
f 672 642 641
f 674 675 650
f 652 1108 705
f 674 650 649
f 648 647 674
f 714 679 620
f 675 651 650
f 687 689 686
f 705 702 653
f 1091 1041 989
f 676 668 663
f 717 725 724
f 943 873 872
f 633 680 634
f 805 597 596
f 1108 651 675
f 878 925 930
f 744 745 708
f 598 960 952
f 960 987 800
f 644 643 669
f 891 845 847
f 685 636 635
f 665 837 743
f 629 689 630
f 635 634 680
f 911 804 909
f 737 657 656
f 72 815 73
f 1109 699 667
f 817 2386 1048
f 773 1105 774
f 660 693 698
f 697 660 698
f 698 693 736
f 139 101 48
f 2384 671 697
f 48 697 698
f 729 669 1109
f 667 705 1109
f 700 666 701
f 667 700 702
f 673 700 667
f 666 700 672
f 709 706 701
f 704 655 654
f 701 666 709
f 703 702 701
f 653 702 703
f 703 701 704
f 653 703 654
f 706 704 701
f 704 706 707
f 652 705 653
f 706 709 662
f 656 655 707
f 748 858 747
f 707 706 713
f 745 744 640
f 662 713 706
f 712 813 710
f 863 859 861
f 744 666 672
f 709 666 708
f 711 640 639
f 749 711 661
f 708 747 662
f 198 750 661
f 751 750 73
f 694 746 749
f 1092 735 1093
f 858 713 662
f 738 713 712
f 715 617 616
f 716 714 715
f 615 715 616
f 720 725 717
f 719 723 718
f 752 670 726
f 719 718 717
f 720 718 753
f 719 717 670
f 717 724 670
f 787 781 724
f 721 715 615
f 755 740 754
f 723 722 622
f 722 719 752
f 723 716 718
f 722 723 719
f 696 725 720
f 664 724 725
f 718 720 717
f 754 696 720
f 727 726 678
f 728 727 678
f 675 729 1109
f 681 834 680
f 680 834 665
f 684 728 869
f 840 605 838
f 1011 1010 973
f 55 890 300
f 601 847 602
f 854 805 808
f 1068 989 1090
f 804 64 63
f 1068 1065 1066
f 857 793 833
f 736 693 867
f 712 739 738
f 809 658 2285
f 738 707 713
f 739 712 710
f 707 738 737
f 739 710 997
f 739 997 1094
f 202 71 72
f 70 865 71
f 922 816 2310
f 695 968 923
f 610 609 819
f 880 886 606
f 753 716 715
f 743 742 660
f 693 660 742
f 743 660 685
f 867 693 823
f 665 743 2322
f 742 743 826
f 666 744 708
f 641 744 672
f 745 640 711
f 746 745 711
f 708 745 747
f 749 746 711
f 747 746 748
f 745 746 747
f 748 746 694
f 859 813 748
f 748 813 858
f 749 751 694
f 859 748 694
f 661 750 749
f 815 751 73
f 820 751 815
f 722 752 683
f 670 752 719
f 716 753 718
f 721 753 715
f 615 614 755
f 755 721 615
f 755 754 721
f 613 755 614
f 1047 740 817
f 696 754 740
f 728 678 869
f 757 795 677
f 756 761 760
f 766 759 761
f 759 757 761
f 765 768 758
f 836 757 759
f 769 770 772
f 776 758 769
f 759 765 758
f 769 758 768
f 776 836 758
f 677 687 760
f 762 687 686
f 760 761 757
f 763 821 756
f 756 760 762
f 730 763 762
f 756 762 763
f 822 764 767
f 767 766 822
f 783 765 766
f 759 766 765
f 783 766 767
f 774 768 783
f 774 1105 771
f 770 769 768
f 771 784 770
f 776 775 777
f 771 768 774
f 770 784 779
f 782 767 764
f 771 1107 784
f 770 768 771
f 785 769 772
f 825 775 790
f 777 825 824
f 785 790 775
f 777 775 825
f 782 773 767
f 773 774 783
f 775 776 769
f 793 857 790
f 824 825 823
f 776 777 871
f 837 665 796
f 779 792 786
f 779 2387 830
f 764 822 916
f 787 788 781
f 782 866 780
f 670 724 791
f 764 916 866
f 724 781 791
f 773 783 767
f 779 784 2387
f 785 775 769
f 1004 725 696
f 791 781 789
f 772 779 786
f 794 790 785
f 829 792 870
f 785 786 794
f 790 794 793
f 867 823 857
f 1049 2388 664
f 730 868 763
f 791 726 670
f 790 857 825
f 917 789 781
f 726 791 678
f 786 2324 794
f 792 830 870
f 830 831 870
f 52 51 832
f 794 2324 828
f 833 51 50
f 871 835 836
f 796 665 834
f 778 837 796
f 835 796 834
f 796 871 778
f 841 840 797
f 901 733 976
f 1111 877 884
f 932 887 888
f 941 829 870
f 901 845 891
f 848 847 903
f 270 983 955
f 61 333 850
f 962 800 987
f 990 803 910
f 856 802 855
f 805 807 806
f 807 2283 806
f 801 988 1066
f 853 854 801
f 807 805 596
f 596 1284 807
f 811 807 1284
f 810 2285 658
f 2283 809 735
f 1094 1097 739
f 809 2285 735
f 1071 2283 735
f 811 2283 807
f 1284 595 2284
f 811 1284 2284
f 657 810 658
f 809 811 659
f 857 833 812
f 736 812 49
f 707 737 656
f 737 1097 810
f 657 737 810
f 712 858 813
f 710 813 863
f 863 860 996
f 815 72 864
f 865 908 991
f 861 859 820
f 817 740 613
f 755 613 740
f 1489 612 2386
f 1003 1047 1048
f 819 966 1002
f 914 1002 966
f 912 609 608
f 915 819 1002
f 763 868 920
f 822 756 821
f 822 821 916
f 778 777 824
f 826 778 824
f 824 742 826
f 824 823 742
f 823 825 857
f 868 869 827
f 917 827 789
f 921 832 828
f 922 828 2324
f 792 829 2324
f 779 830 792
f 830 695 831
f 832 51 833
f 833 793 832
f 828 832 793
f 794 828 793
f 52 832 921
f 795 834 681
f 795 835 834
f 757 836 835
f 836 759 758
f 777 778 871
f 837 778 826
f 743 837 826
f 797 840 838
f 872 605 1443
f 1110 885 886
f 873 874 838
f 872 838 605
f 876 841 797
f 877 876 924
f 839 841 876
f 892 604 846
f 872 873 838
f 888 58 219
f 889 56 300
f 889 974 971
f 241 940 54
f 603 844 900
f 602 845 844
f 604 892 893
f 900 844 845
f 604 603 846
f 903 601 600
f 905 600 599
f 891 847 848
f 847 845 602
f 903 847 601
f 848 903 953
f 983 956 955
f 1130 849 1131
f 851 852 850
f 906 907 850
f 1112 984 851
f 852 851 983
f 853 801 987
f 854 853 597
f 855 802 2286
f 856 67 66
f 860 993 995
f 65 64 911
f 856 66 803
f 803 66 911
f 66 65 911
f 804 63 1130
f 812 833 50
f 857 812 867
f 713 858 712
f 747 858 662
f 820 859 694
f 861 862 992
f 862 864 865
f 862 861 820
f 863 861 860
f 815 862 820
f 862 865 992
f 860 995 996
f 859 863 813
f 997 710 996
f 1095 1094 814
f 865 864 71
f 815 864 862
f 908 70 69
f 992 865 991
f 915 612 611
f 2386 612 818
f 912 819 609
f 915 610 819
f 885 912 608
f 912 1114 966
f 818 612 915
f 917 918 920
f 780 2323 1132
f 764 866 782
f 780 866 2323
f 919 2323 866
f 736 867 812
f 742 823 693
f 869 868 730
f 868 827 920
f 869 730 684
f 827 678 789
f 869 678 827
f 835 871 796
f 776 871 836
f 943 894 873
f 894 943 896
f 874 873 875
f 838 874 797
f 874 731 924
f 875 873 894
f 924 731 877
f 797 874 924
f 874 875 878
f 884 970 1055
f 883 881 882
f 924 876 797
f 882 876 877
f 926 945 929
f 879 875 894
f 877 731 884
f 878 875 879
f 970 878 930
f 895 899 894
f 925 879 926
f 899 879 894
f 881 880 839
f 885 607 886
f 839 880 841
f 882 881 839
f 1110 881 883
f 882 839 876
f 883 1111 2329
f 1111 883 882
f 1161 1159 1172
f 884 1055 1111
f 607 606 886
f 881 886 880
f 888 887 58
f 798 887 932
f 2325 887 798
f 889 2389 56
f 890 889 300
f 937 55 54
f 241 53 940
f 937 54 843
f 829 816 922
f 843 54 940
f 891 733 901
f 897 900 901
f 929 925 926
f 895 894 896
f 896 892 846
f 893 943 872
f 893 892 943
f 976 978 944
f 898 897 944
f 895 897 898
f 897 896 846
f 895 896 897
f 846 900 897
f 898 978 979
f 898 951 895
f 951 899 895
f 603 900 846
f 901 900 845
f 901 976 944
f 1057 933 1056
f 951 898 979
f 926 946 945
f 946 902 945
f 905 903 600
f 599 952 905
f 952 800 904
f 598 952 599
f 905 953 903
f 953 905 904
f 982 906 2325
f 972 973 1010
f 1112 907 1014
f 986 957 958
f 956 957 959
f 987 961 853
f 801 962 987
f 805 854 597
f 988 854 808
f 1000 856 990
f 855 67 856
f 964 2286 802
f 865 70 908
f 855 2286 69
f 908 69 2286
f 996 710 863
f 911 909 803
f 999 990 910
f 804 911 64
f 959 1040 1131
f 912 913 1114
f 885 913 912
f 912 966 819
f 1046 967 1080
f 967 741 818
f 611 610 915
f 918 916 821
f 866 916 919
f 781 788 917
f 916 918 919
f 920 918 821
f 918 917 919
f 920 821 763
f 922 921 828
f 829 922 2324
f 941 816 829
f 968 695 1005
f 878 879 925
f 899 926 879
f 929 930 925
f 929 945 948
f 929 927 930
f 878 970 731
f 928 970 930
f 798 932 931
f 935 931 1006
f 935 934 931
f 2389 932 888
f 931 932 1006
f 1006 2389 971
f 935 1006 936
f 1119 1127 1118
f 935 933 1123
f 933 935 936
f 933 1057 1123
f 798 972 982
f 798 931 934
f 973 934 1122
f 1007 974 1008
f 938 937 799
f 938 799 939
f 937 938 890
f 1018 939 799
f 890 55 937
f 816 940 53
f 1051 941 831
f 891 848 954
f 892 896 943
f 898 944 978
f 901 944 897
f 949 945 902
f 899 946 926
f 979 902 946
f 1024 902 981
f 929 948 927
f 980 981 979
f 950 945 949
f 948 945 1023
f 947 950 949
f 1023 945 950
f 979 946 951
f 946 899 951
f 800 952 960
f 905 952 904
f 1062 986 1059
f 1026 953 904
f 954 848 1028
f 733 942 976
f 953 1028 848
f 906 982 842
f 907 906 842
f 906 850 333
f 1112 850 907
f 1112 851 850
f 956 851 984
f 955 959 849
f 959 955 956
f 956 984 957
f 959 957 1040
f 957 984 958
f 1031 1100 1038
f 1040 957 986
f 961 960 598
f 960 961 987
f 963 802 1000
f 1000 802 856
f 965 963 1000
f 802 963 964
f 1042 994 995
f 1040 734 1085
f 967 1002 914
f 914 1081 1080
f 741 967 1046
f 695 923 831
f 843 799 937
f 1018 799 969
f 927 690 1053
f 928 930 927
f 1126 1053 690
f 970 928 1055
f 731 970 884
f 57 888 219
f 936 1006 971
f 973 972 934
f 1011 973 1128
f 889 971 2389
f 1007 971 974
f 890 974 889
f 938 974 890
f 1008 938 939
f 1008 1115 732
f 976 942 977
f 1060 733 954
f 1059 985 1017
f 980 977 1016
f 977 978 976
f 1116 950 1009
f 927 948 690
f 1127 948 1023
f 947 949 1024
f 979 978 980
f 978 977 980
f 1058 980 1016
f 902 979 981
f 800 1025 904
f 1027 1026 1030
f 1031 1029 1100
f 982 2325 798
f 982 972 842
f 852 983 270
f 983 851 956
f 1015 984 1112
f 962 801 1066
f 989 988 808
f 854 988 801
f 808 1091 989
f 1095 1096 692
f 1063 1065 691
f 803 990 856
f 2286 991 908
f 993 992 991
f 992 993 860
f 1044 1042 1043
f 1074 1075 1073
f 1042 993 991
f 2287 814 997
f 861 992 860
f 2287 997 996
f 995 994 2287
f 994 1074 1076
f 1072 1041 692
f 1087 1084 1086
f 1001 999 1045
f 1001 1000 990
f 1069 691 1065
f 915 1002 818
f 1004 1003 1050
f 1003 1004 696
f 696 740 1047
f 1004 1050 1049
f 725 1004 664
f 1102 2326 1133
f 2386 741 1048
f 1002 967 818
f 1147 968 1005
f 1022 923 968
f 831 923 969
f 940 1051 843
f 799 843 969
f 1051 969 843
f 1129 1127 1119
f 1106 1140 1147
f 1007 936 971
f 974 938 1008
f 1115 1008 939
f 732 1007 1008
f 1123 934 935
f 950 1116 1023
f 1061 1128 947
f 1012 1014 907
f 1011 1128 1061
f 1012 1010 1011
f 907 842 1012
f 972 1010 842
f 1012 842 1010
f 1014 1012 2327
f 1011 1061 2327
f 2327 1083 1013
f 1013 985 1015
f 1015 1014 1013
f 1015 985 1059
f 1015 958 984
f 1016 977 1070
f 1070 977 942
f 1017 1016 1070
f 1017 985 1058
f 1115 939 975
f 1018 969 923
f 975 939 1018
f 1150 1022 1143
f 1142 1149 1143
f 1115 1021 1121
f 1020 1018 923
f 975 1019 1021
f 1019 975 1020
f 1020 975 1018
f 1151 1153 1125
f 923 1022 1020
f 690 948 1127
f 1061 1024 1083
f 1014 2327 1013
f 902 1024 949
f 1024 981 1083
f 800 962 1025
f 1026 904 1025
f 1028 1026 1027
f 1026 1025 1032
f 1027 1030 1035
f 1031 1027 1035
f 1028 1027 1039
f 1026 1028 953
f 1045 1063 691
f 1045 1037 1063
f 1035 1029 1031
f 734 986 1062
f 1030 1026 1032
f 1064 1032 1025
f 1036 1030 1032
f 1029 1035 1033
f 1034 1036 1037
f 999 910 1087
f 1033 1035 1034
f 1035 1030 1034
f 1037 1036 1063
f 1100 1070 1038
f 1027 1031 1039
f 1038 1039 1031
f 986 734 1040
f 1033 734 1062
f 1059 986 958
f 1071 1091 806
f 1064 1025 962
f 1043 991 2286
f 1044 1043 964
f 991 1043 1042
f 1000 1001 965
f 999 1001 990
f 1080 967 914
f 1050 1046 1082
f 1048 1047 817
f 1047 1003 696
f 817 1427 2386
f 1046 1048 741
f 787 664 2388
f 1004 1049 664
f 1102 1050 1082
f 1050 1003 1046
f 1048 1046 1003
f 816 941 940
f 969 1051 831
f 690 1127 1129
f 928 1053 1054
f 1126 1052 1053
f 1053 1052 1054
f 1166 1055 1168
f 927 1053 928
f 928 1054 1055
f 1007 732 1056
f 936 1056 933
f 1118 1116 1117
f 1057 1056 1120
f 1057 1117 1123
f 950 947 1009
f 981 980 1058
f 985 1013 1058
f 1017 1058 1016
f 1015 1059 958
f 1060 942 733
f 1039 1060 954
f 1028 1039 954
f 1024 1061 947
f 1011 2327 1012
f 2327 1061 1083
f 1100 1062 1059
f 1062 1100 1029
f 1063 1064 1065
f 1032 1064 1036
f 1066 1064 962
f 988 1068 1066
f 1069 1065 1068
f 1064 1066 1065
f 1041 1072 1090
f 989 1068 988
f 1067 1069 1068
f 994 1042 1074
f 1077 1069 1067
f 1069 1077 691
f 1017 1070 1100
f 942 1038 1070
f 1071 735 1092
f 1090 1067 1068
f 993 1042 995
f 963 1044 964
f 1042 1044 1074
f 1075 1074 1044
f 1067 1079 1073
f 1075 1044 963
f 1074 1073 1076
f 963 965 1075
f 1001 1045 691
f 1076 1073 1079
f 994 1076 2287
f 1078 1075 965
f 1001 1078 965
f 1079 1072 998
f 1077 1078 691
f 1001 691 1078
f 1046 1080 1082
f 1102 1099 2388
f 2326 1082 1080
f 741 2386 818
f 981 1058 1083
f 1083 1058 1013
f 1017 1100 1059
f 1029 1033 1062
f 1033 1089 734
f 1089 1085 734
f 1085 1086 1084
f 909 1088 910
f 1086 1085 1089
f 1085 1084 1131
f 1045 999 1087
f 1087 910 1088
f 1087 1086 1037
f 1088 909 804
f 1087 1088 1084
f 1034 1089 1033
f 1041 1090 989
f 1079 1090 1072
f 1067 1090 1079
f 806 1091 808
f 692 1091 1071
f 1093 735 2285
f 1096 1095 814
f 1097 1094 1093
f 1093 1094 1095
f 814 1094 997
f 1097 1093 810
f 692 1092 1095
f 1095 1092 1093
f 1096 998 1072
f 738 1097 737
f 1091 692 1041
f 1092 692 1071
f 1096 1072 692
f 1105 773 2390
f 788 1099 2323
f 1133 2328 1132
f 1089 1034 1086
f 1037 1086 1034
f 1087 1037 1045
f 1133 2326 2328
f 1049 1050 1102
f 1099 1102 1133
f 1107 1005 784
f 1104 782 780
f 773 782 1104
f 1156 1146 1103
f 1081 1170 1101
f 1104 780 1103
f 773 1104 2390
f 1134 1156 1103
f 1105 1107 771
f 1107 1105 1106
f 1140 1106 1141
f 1147 1005 1107
f 1147 1107 1106
f 651 1108 652
f 705 1108 1109
f 820 694 751
f 885 1110 913
f 881 1110 886
f 877 1111 882
f 1166 1111 1055
f 1112 1014 1015
f 1164 1170 1171
f 1114 1113 914
f 914 1113 1081
f 883 1162 1110
f 1160 1161 1162
f 1114 913 1172
f 920 827 917
f 1021 1115 975
f 1116 1009 1117
f 1116 1127 1023
f 1122 1117 1009
f 1117 1057 1118
f 1127 1116 1118
f 1118 1120 1119
f 1120 732 1121
f 1128 1009 947
f 1123 1122 934
f 1117 1122 1123
f 1115 1121 732
f 1152 1125 1021
f 1021 1125 1121
f 1153 1124 1125
f 1120 1121 1124
f 1129 1126 690
f 1153 1126 1124
f 1057 1120 1118
f 1124 1119 1120
f 1122 1128 973
f 1009 1128 1122
f 1124 1129 1119
f 1126 1129 1124
f 1131 1088 1130
f 849 959 1131
f 1130 1088 804
f 1084 1088 1131
f 62 849 63
f 1131 1040 1085
f 1101 1098 2328
f 1099 1133 1132
f 1134 2328 1098
f 1103 780 1132
f 1132 2328 1134
f 1159 1171 1172
f 1153 1154 1155
f 1132 1134 1103
f 1138 1136 1164
f 1081 1101 2326
f 1101 1170 1136
f 1152 1151 1125
f 1101 1136 1098
f 1164 1136 1170
f 1139 1156 1098
f 1163 1138 1164
f 1139 1138 1137
f 1135 1144 1137
f 1139 1137 1144
f 1142 1144 1135
f 1147 1140 1143
f 1140 1142 1143
f 1104 1103 1146
f 1141 1146 1145
f 1106 2390 1141
f 1143 1149 1150
f 1145 1144 1142
f 1156 1144 1145
f 2390 1104 1146
f 1145 1146 1156
f 2390 1146 1141
f 1143 1022 1147
f 968 1147 1022
f 1152 1019 1150
f 1148 1142 1135
f 1142 1148 1149
f 1135 1158 1154
f 1151 1149 1148
f 1150 1019 1020
f 1137 1167 1158
f 1052 1157 1168
f 1151 1152 1149
f 1019 1152 1021
f 1022 1150 1020
f 1152 1150 1149
f 1154 1153 1151
f 1154 1151 1148
f 1135 1154 1148
f 1144 1156 1139
f 1157 1052 1155
f 1158 1157 1155
f 1138 1163 1167
f 1155 1154 1158
f 1137 1158 1135
f 1167 1157 1158
f 1161 1172 913
f 1162 2329 1160
f 1163 1159 1160
f 1162 1161 913
f 1159 1161 1160
f 1110 1162 913
f 1165 1160 2329
f 1163 1165 1169
f 1159 1163 1164
f 2329 1166 1165
f 1163 1169 1167
f 1166 1168 1169
f 1111 1166 2329
f 1168 1055 1054
f 1166 1169 1165
f 1138 1167 1137
f 1052 1168 1054
f 1157 1169 1168
f 1167 1169 1157
f 1113 1170 1081
f 1171 1170 1113
f 1172 1171 1113
f 1171 1159 1164
f 1114 1172 1113
f 1145 1140 1141
f 1142 1140 1145
f 616 617 618
f 1311 1234 1272
f 1269 1219 1220
f 616 618 619
f 619 1276 616
f 1345 616 1276
f 1276 619 1173
f 1271 1269 1263
f 1271 1218 1219
f 1348 1312 1350
f 1236 1258 2292
f 647 648 1244
f 1353 1179 1180
f 2331 1258 1266
f 1488 611 612
f 1269 1240 2288
f 2330 1310 1234
f 1267 1261 1250
f 2338 1186 1187
f 1286 1253 1259
f 1247 1224 1225
f 607 608 1433
f 613 614 1486
f 1274 1275 1336
f 1239 1238 1251
f 1507 1357 1394
f 1310 2288 1255
f 1243 647 1244
f 1217 1285 1216
f 872 1443 1445
f 1234 1311 2330
f 1736 1515 1510
f 1237 1261 1260
f 1446 841 880
f 1255 2288 1259
f 1235 1231 1232
f 1397 601 602
f 1323 596 597
f 598 1366 961
f 1325 1297 1378
f 601 1397 1398
f 1334 1306 1213
f 2292 1228 1229
f 1247 1253 1246
f 1226 1227 1242
f 1327 1295 1328
f 1247 1246 1224
f 1339 1343 1340
f 1326 596 1323
f 1232 2291 2290
f 1293 1332 1233
f 1245 1243 1238
f 1226 1242 1254
f 1223 1224 1246
f 1239 1246 1253
f 2292 1258 1241
f 1229 1230 2289
f 1230 1231 1249
f 1240 1248 1286
f 1202 1920 1438
f 1188 1362 1361
f 1241 2331 1267
f 1188 1189 1362
f 1262 1264 1305
f 1265 1261 1267
f 1342 1479 1341
f 1282 1283 1191
f 1395 1204 1205
f 1249 1257 2289
f 1255 1256 1237
f 1245 1248 1221
f 1258 2331 1241
f 1437 1392 1436
f 1437 1498 1392
f 1242 1250 1261
f 1192 1282 1191
f 1238 1244 1251
f 1237 1242 1261
f 1246 1251 1223
f 1247 1256 1253
f 1503 1549 1201
f 1259 1256 1255
f 1550 1201 1549
f 1244 1222 1251
f 1495 1199 1200
f 1236 2292 2289
f 1198 1199 1496
f 1260 1234 1310
f 1260 1255 1237
f 1218 1271 1217
f 1272 1260 1261
f 1263 2330 1309
f 1242 1227 1250
f 1221 1248 1220
f 1238 1243 1244
f 1256 1247 1254
f 1260 1310 1255
f 1287 1257 1249
f 648 1222 1244
f 1237 1256 1254
f 1243 1252 663
f 663 1252 646
f 2289 1257 1236
f 1245 1252 1243
f 1228 1250 1227
f 1243 663 647
f 1221 646 1252
f 1268 1258 1236
f 1415 1209 1210
f 1251 1246 1239
f 1221 1252 1245
f 1381 1382 1343
f 1241 1250 1228
f 1272 1234 1260
f 1222 1223 1251
f 1225 1226 1254
f 1300 1333 1214
f 1212 1306 1308
f 1286 1245 1238
f 1286 1239 1253
f 1308 1306 1307
f 1241 1228 2292
f 1242 1237 1254
f 1256 1259 1253
f 1286 1259 1240
f 2288 1240 1259
f 1272 1261 1265
f 1274 1265 1273
f 1258 1268 1266
f 1265 2331 1273
f 1262 1304 1264
f 1273 2331 1266
f 1241 1267 1250
f 1257 1291 1236
f 1266 1268 1264
f 1271 1263 1309
f 1309 1217 1271
f 1248 1240 1220
f 1270 1273 1304
f 1269 1271 1219
f 1274 1272 1265
f 1311 1272 1336
f 1274 1273 1270
f 1264 1304 1266
f 1275 1274 1270
f 1274 1336 1272
f 1301 1303 1299
f 1270 1301 1299
f 1275 2391 1336
f 1175 1176 1350
f 614 615 1344
f 1277 1276 1173
f 1173 1174 1277
f 1312 1174 1175
f 1177 1349 1350
f 1312 1277 1174
f 1277 1312 1314
f 1183 1184 1360
f 1199 1495 1496
f 1445 893 872
f 1282 1281 1283
f 1282 1193 1281
f 1283 1281 1406
f 1190 1191 1283
f 600 601 1398
f 1484 1614 2393
f 1233 1330 1293
f 1288 1294 1292
f 1217 1309 1285
f 1215 1216 1285
f 1239 1286 1238
f 1235 1287 1231
f 1288 1287 1235
f 2291 1377 2290
f 1268 1289 1264
f 1293 1330 1290
f 1236 1291 1289
f 1288 1292 1287
f 1290 1291 1257
f 1331 1291 1290
f 1290 1292 1293
f 1296 1332 1293
f 1296 1292 1294
f 1292 1296 1293
f 1288 2293 1295
f 1288 1295 1294
f 1328 1295 2293
f 1327 1323 1368
f 1297 1296 1294
f 1378 1295 1327
f 1297 1325 2333
f 1297 1332 1296
f 1303 1301 1302
f 1275 1270 1299
f 1300 2391 1298
f 1298 2391 1275
f 1299 1298 1275
f 1214 1894 1335
f 1301 1304 1262
f 1302 1301 1262
f 1303 1302 1307
f 1299 1303 1298
f 1306 1334 1303
f 1333 1334 1213
f 1270 1304 1301
f 1304 1273 1266
f 1478 1479 1480
f 1308 1343 1382
f 1306 1303 1307
f 1213 1306 1212
f 1340 1341 1479
f 1302 1341 1340
f 1382 1212 1308
f 2288 1310 1263
f 1311 1336 2334
f 1312 1348 1314
f 1344 1346 614
f 1350 1312 1175
f 1314 1345 1277
f 1348 1349 1429
f 1348 1384 1314
f 1432 1384 1431
f 609 610 1387
f 1584 1278 1533
f 1517 1446 1447
f 1516 1433 1388
f 1396 1206 1207
f 1365 1189 1190
f 2338 1187 1361
f 1408 1405 1406
f 1407 1408 1406
f 1365 1283 1406
f 1365 1405 1362
f 1210 1734 1415
f 1474 1484 2393
f 1419 1483 1477
f 1555 1395 1556
f 1368 597 853
f 1369 853 961
f 1370 1368 1369
f 1378 1297 1294
f 1325 1324 1371
f 1371 1324 1376
f 1326 1328 2293
f 596 1326 1377
f 1368 1323 597
f 1368 1370 1327
f 1324 1325 1378
f 1328 1323 1327
f 1323 1328 1326
f 1377 2293 2290
f 1379 1330 1233
f 1291 1331 1289
f 1342 1305 1423
f 1290 1330 1331
f 1379 1331 1330
f 1335 1300 1214
f 1333 1300 1334
f 1300 1298 1334
f 1303 1334 1298
f 1329 1335 1894
f 1300 1335 2391
f 1329 1337 1335
f 2391 1337 1336
f 1338 2334 2392
f 1285 1309 1338
f 1340 1308 1307
f 1305 1342 1341
f 1262 1305 1341
f 1302 1340 1307
f 1375 1423 1233
f 1375 1233 1417
f 1262 1341 1302
f 1426 1381 1343
f 1379 1423 1305
f 1308 1340 1343
f 1345 1344 615
f 616 1345 615
f 1277 1345 1276
f 1346 1352 1486
f 1313 1545 1617
f 1493 1494 1591
f 1431 1429 1383
f 1384 1348 1429
f 1351 1177 1178
f 1429 1349 1347
f 1177 1350 1176
f 1348 1350 1349
f 1349 1177 1351
f 1434 1178 1179
f 1349 1351 1347
f 1314 1385 1344
f 1345 1314 1344
f 1384 1385 1314
f 1344 1385 1346
f 1386 1352 1432
f 1388 1547 1661
f 1387 1548 609
f 1430 1347 1390
f 1694 1709 1708
f 1444 1394 1443
f 1455 1456 1459
f 1407 1409 1280
f 1359 1195 1196
f 1197 1463 1976
f 1389 1466 1467
f 1362 1189 1365
f 1187 1188 1361
f 1322 1364 1321
f 1364 1194 1321
f 1321 1194 1363
f 1364 1322 1193
f 1281 1322 1406
f 1281 1193 1322
f 1283 1365 1190
f 1406 1322 1407
f 598 599 1460
f 1327 1370 1324
f 1734 1210 1211
f 1482 1543 1415
f 1369 1368 853
f 961 1366 1369
f 1370 1366 1324
f 1371 1373 1475
f 1373 1520 1457
f 1417 1233 1332
f 1520 1371 1376
f 1418 1417 2333
f 1417 1374 1375
f 1332 1297 2333
f 1417 1418 1374
f 1478 1339 1479
f 1480 1423 1375
f 1476 1375 1374
f 1472 1366 1460
f 596 1377 1284
f 2293 1377 1326
f 1295 1378 1294
f 1324 1378 1327
f 2392 1329 1215
f 1289 1379 1264
f 1331 1379 1289
f 1338 2330 1311
f 1309 2330 1338
f 1380 1426 1421
f 1426 1343 1339
f 1381 1426 1425
f 1427 1486 1487
f 1489 1487 1428
f 1430 1429 1347
f 1385 1384 1432
f 1547 1591 1546
f 1389 1180 1181
f 1466 1182 1403
f 1434 1353 1390
f 1351 1178 1434
f 1389 1353 1180
f 1523 1353 1389
f 1429 1430 1383
f 1351 1434 1347
f 1347 1434 1390
f 2394 1390 1353
f 1503 1202 1438
f 1550 1391 1495
f 1197 1198 1497
f 1392 1498 1499
f 1442 1393 1439
f 1447 880 606
f 1507 1508 1506
f 1204 1395 1554
f 1208 1367 1413
f 1597 1557 1442
f 1393 1440 1439
f 1556 1395 1396
f 1204 1554 1441
f 1448 602 844
f 1449 844 603
f 2341 1320 1458
f 1448 1397 602
f 1458 1397 2341
f 1449 1450 1448
f 1194 1400 1363
f 1196 1463 1464
f 1401 1195 2336
f 1522 1359 1464
f 1465 1184 1185
f 1404 1185 1186
f 1403 1527 1467
f 1182 1466 1181
f 1465 1360 1184
f 1182 1183 1403
f 2337 2338 1361
f 1404 1402 1465
f 1280 1411 1586
f 1186 2338 1404
f 1525 1402 1404
f 1362 1405 1524
f 1406 1405 1365
f 1407 1322 1321
f 1409 1407 1321
f 1407 1280 1408
f 1409 1321 1363
f 1470 1408 1280
f 1405 1408 1524
f 1363 1410 1409
f 1400 1401 1410
f 1411 1280 1409
f 1542 1413 1367
f 1414 1416 1412
f 1206 1396 1205
f 1543 1416 1414
f 1543 1414 1415
f 1209 1415 1414
f 1543 1484 1474
f 1367 1208 1412
f 1207 1208 1413
f 1324 1366 1472
f 1369 1366 1370
f 1376 1324 1472
f 2333 1417 1332
f 1475 1325 1371
f 2333 1475 1418
f 1566 1418 1475
f 1374 1418 1372
f 1419 1374 1372
f 1374 1419 1477
f 1566 1372 1418
f 1374 1477 1476
f 1375 1476 1480
f 1479 1339 1340
f 1478 1480 1476
f 1477 1483 1422
f 1478 1421 1339
f 1421 1420 1735
f 1421 1735 1380
f 1422 1735 1420
f 1420 1476 1477
f 1735 1422 1482
f 1233 1423 1379
f 1426 1339 1421
f 1425 1426 1380
f 1489 1427 1487
f 613 1486 1427
f 1487 1352 1386
f 1486 1352 1487
f 1383 1545 1431
f 1490 1530 1491
f 1432 1431 1313
f 1384 1429 1431
f 1432 1313 1616
f 1385 1432 1352
f 1493 1387 610
f 1548 1433 608
f 1466 1389 1181
f 1353 1434 1179
f 1490 2394 1530
f 1467 1527 1583
f 1435 1523 1583
f 2394 1353 1523
f 1389 1467 1523
f 1523 1435 2394
f 1436 1438 1437
f 1438 1920 1437
f 1498 1437 1440
f 1438 1436 1503
f 1439 1440 1203
f 1441 1442 1439
f 1498 1440 1393
f 1442 1441 1554
f 1505 1355 1498
f 1597 1442 1554
f 1393 1442 1557
f 1444 1443 605
f 1445 1443 1394
f 840 841 2335
f 893 1445 1560
f 1447 1446 880
f 606 607 1518
f 1358 1446 1517
f 1395 1205 1396
f 1207 1413 1396
f 1413 1542 1473
f 1449 1448 844
f 1399 1449 603
f 1449 1399 1450
f 603 604 1399
f 1399 1451 1450
f 1519 1565 1452
f 1399 1561 1451
f 1452 1565 2341
f 1450 1451 1452
f 2341 1565 1320
f 1448 2341 1397
f 1452 2341 1450
f 1448 1450 2341
f 1453 1320 1454
f 1398 1458 1459
f 1458 1398 1397
f 1453 1424 1455
f 1458 1320 1453
f 1454 1737 1424
f 1453 1454 1424
f 1472 1471 1376
f 1471 1456 1455
f 1453 1455 1459
f 1424 1457 1455
f 2342 1456 1460
f 1398 1459 2342
f 1521 1566 1373
f 1459 1458 1453
f 2342 1459 1456
f 599 2342 1460
f 1460 1471 1472
f 598 1460 1366
f 1398 2342 600
f 1461 1462 1410
f 1401 1461 1410
f 1463 1196 1976
f 1359 1196 1464
f 1497 1198 1496
f 1497 1553 1463
f 1552 1551 1594
f 1553 1464 1463
f 1522 1464 1571
f 1404 1465 1185
f 1360 1465 1402
f 1467 1466 1403
f 1583 1523 1467
f 1470 1524 1408
f 1280 1586 1470
f 1470 2337 1524
f 1538 1536 1469
f 1576 1534 1462
f 1410 1462 1409
f 1586 1534 1538
f 1586 1538 1469
f 1541 1470 1469
f 1456 1471 1460
f 2393 1614 1649
f 1396 1413 1473
f 1555 1556 1647
f 1556 1396 1473
f 1412 1416 1367
f 1416 1474 1367
f 1566 1475 1373
f 1325 1475 2333
f 1566 1569 1372
f 1636 1737 1634
f 1420 1477 1422
f 1476 1420 1478
f 1421 1478 1420
f 1480 1479 1342
f 1423 1480 1342
f 1482 1481 1543
f 1481 1482 1422
f 1484 1485 1614
f 1484 1481 1485
f 1483 1485 1481
f 1385 1352 1346
f 1650 1487 1386
f 1489 1488 612
f 1654 1488 1428
f 1428 1488 1489
f 1490 1430 1390
f 2394 1490 1390
f 1491 1492 1490
f 1491 2344 1492
f 1545 1313 1431
f 1591 1494 1652
f 611 1493 610
f 611 1494 1493
f 609 1548 608
f 1550 1495 1200
f 1201 1550 1200
f 1496 1495 1391
f 1197 1497 1463
f 1552 1497 1496
f 1553 1497 1552
f 1393 1557 1505
f 1498 1355 1499
f 1501 1621 1354
f 1392 1499 1502
f 1502 1499 1500
f 1436 1392 1501
f 1316 1502 2343
f 1392 1502 1501
f 1686 1684 1316
f 1920 1203 1440
f 1437 1920 1440
f 1503 1354 1549
f 1501 1354 1436
f 1354 1503 1436
f 1555 1597 1554
f 1732 1597 1555
f 1558 1504 1557
f 1393 1505 1498
f 1733 1355 1505
f 605 840 1444
f 1507 1394 1508
f 1509 1507 1506
f 1559 2335 1446
f 1508 1559 1506
f 1506 1559 1723
f 1508 1444 2335
f 1723 1559 1358
f 1509 1357 1507
f 1515 1451 1511
f 1445 1513 1560
f 1317 1514 1512
f 1510 1357 1512
f 1513 1510 1511
f 1317 1512 1509
f 1509 1512 1357
f 1512 1736 1510
f 1736 1512 1514
f 1562 1514 1710
f 1563 1515 1736
f 1451 1515 1563
f 1515 1511 1510
f 1447 1516 1517
f 1388 1661 1672
f 1516 1447 1518
f 1516 2355 1517
f 606 1518 1447
f 607 1433 1518
f 1637 1598 1625
f 1710 1712 1562
f 1519 1452 1563
f 1519 1598 1565
f 1471 1520 1376
f 1457 1520 1455
f 1455 1520 1471
f 1372 1569 1567
f 1359 1522 1573
f 1576 1462 2339
f 1461 1401 2336
f 1571 1572 1522
f 1524 2337 1361
f 1362 1524 1361
f 1539 1525 1536
f 1402 1525 1526
f 1527 2395 1609
f 1609 2395 1526
f 1491 1530 1531
f 1589 1610 1609
f 2344 1531 1533
f 1530 1529 1531
f 1531 1529 1532
f 1491 1531 2344
f 1609 1612 1528
f 1584 1533 1532
f 1608 1533 1278
f 2339 1577 1576
f 1534 1576 1468
f 1534 1468 1538
f 1462 1534 1411
f 1468 1537 1538
f 1536 1525 1541
f 1470 1586 1469
f 1534 1586 1411
f 1468 1576 1575
f 1540 1589 1535
f 1469 1536 1541
f 1539 1536 1535
f 1535 1536 1538
f 1535 1538 1537
f 1539 1535 1589
f 1525 1539 1526
f 1535 1537 1540
f 1528 1612 1613
f 1581 1579 1582
f 1470 1541 2337
f 1474 1542 1367
f 1484 1543 1481
f 1568 1614 1485
f 1649 1614 1615
f 1492 1383 1430
f 1383 1492 1545
f 1585 1492 2344
f 1651 1643 1669
f 1494 1488 1654
f 1545 1492 1585
f 1490 1492 1430
f 1388 1433 1548
f 1494 611 1488
f 1547 1548 1387
f 1591 1547 1387
f 1547 1620 1661
f 1354 1621 2347
f 2347 1550 1549
f 1391 1550 2347
f 1551 1496 1391
f 1391 1622 1551
f 1594 1596 1571
f 1551 1552 1496
f 1553 1571 1464
f 1555 1554 1395
f 1505 1557 1504
f 1648 2350 1319
f 1559 1508 2335
f 1394 1444 1508
f 1358 1559 1446
f 1445 1394 1513
f 1357 1513 1394
f 1560 1513 1511
f 1357 1510 1513
f 1511 1561 1560
f 1399 604 1561
f 1560 604 893
f 1451 1561 1511
f 1672 1516 1388
f 1516 1518 1433
f 1451 1563 1452
f 1598 1564 1624
f 1563 1564 1519
f 1565 1637 1320
f 1637 1565 1598
f 1569 1566 1521
f 1520 1373 1371
f 1521 1373 1457
f 1737 1631 1632
f 1419 1567 1483
f 1567 1569 1570
f 1568 1570 1544
f 1567 1570 1485
f 1634 1570 1569
f 1594 1571 1552
f 1572 1571 1596
f 1572 1578 1599
f 1599 1573 1522
f 1461 1573 2339
f 2339 1599 1577
f 1468 1575 1537
f 1579 1574 1578
f 1575 1576 1574
f 1573 1599 2339
f 1574 1576 1577
f 1574 1577 1578
f 1356 1675 1677
f 1574 1581 1575
f 1574 1579 1581
f 1578 1572 1600
f 1579 1578 1600
f 1676 1689 1679
f 1601 2345 1540
f 1640 1641 1679
f 1537 1575 1601
f 1527 1403 2395
f 1527 1528 1583
f 1435 1583 1528
f 1584 1532 1588
f 1532 1587 1588
f 1643 1608 1278
f 2397 1585 1608
f 1585 1617 1545
f 2344 1608 1585
f 1532 1533 1531
f 1608 2344 1533
f 1610 1589 1540
f 1609 1610 1612
f 1584 1588 2346
f 1587 1532 1529
f 1612 1610 1611
f 1611 1588 1587
f 1526 1589 1609
f 1539 1589 1526
f 1647 1556 1473
f 1615 1568 1544
f 1493 1591 1387
f 1546 1591 1652
f 1619 1546 1315
f 1653 1315 1652
f 1546 1619 1620
f 1546 1620 1547
f 1388 1548 1547
f 1354 2347 1549
f 1551 1595 1594
f 1600 1596 1356
f 1596 1595 1356
f 1595 1596 1594
f 1557 1597 1558
f 604 1560 1561
f 1562 1624 1564
f 1564 1598 1519
f 1625 1598 1624
f 1569 1521 1634
f 1572 1599 1522
f 1577 1599 1578
f 1596 1600 1572
f 1581 1601 1575
f 1607 1638 1639
f 1582 1639 1638
f 1607 1580 1605
f 1278 1584 1603
f 1619 1671 1657
f 1643 1603 1602
f 1602 1669 1643
f 1606 2346 1604
f 1580 1639 1640
f 1604 2400 1606
f 1605 1604 2346
f 1611 1645 1588
f 1605 1580 1664
f 2399 1657 1671
f 1645 1605 2346
f 1527 1609 1528
f 1610 1540 2345
f 1612 1587 1613
f 1610 2345 1611
f 2345 1638 1644
f 1435 1613 1529
f 1648 1647 1646
f 1615 1614 1568
f 1627 1615 1544
f 1649 1615 1633
f 1432 1616 1386
f 1617 1616 1313
f 1590 1617 2397
f 1616 1617 1590
f 1652 1315 1546
f 1655 1671 1619
f 1656 1620 1619
f 1656 1672 1661
f 1622 1391 2347
f 1595 1551 1673
f 1662 1622 2347
f 1673 1551 1622
f 1673 1622 1662
f 1658 1680 1699
f 1356 1595 1674
f 1562 1626 1624
f 1624 1626 1663
f 1625 1631 1637
f 2348 1627 1632
f 1716 1712 1710
f 1663 1626 1718
f 1627 1544 1632
f 1627 2348 1629
f 1663 2349 1628
f 1635 1633 1629
f 2348 1628 1629
f 1628 1625 1663
f 1712 1715 1718
f 1648 1319 1647
f 1630 1629 2349
f 1635 1629 1630
f 1737 1454 1631
f 1632 1631 2348
f 1634 1632 1544
f 1615 1627 1633
f 1629 1633 1627
f 1634 1544 1570
f 1646 2396 1648
f 1635 1648 2396
f 1521 1636 1634
f 1637 1454 1320
f 1454 1637 1631
f 1607 1639 1580
f 1681 1666 1668
f 1640 1664 1580
f 1641 1639 1582
f 1665 1664 1666
f 1579 1600 1677
f 1678 1582 1579
f 1641 1640 1639
f 1641 1676 1679
f 1356 1674 1675
f 1595 1673 1674
f 1659 1603 1606
f 1603 1643 1278
f 1604 1605 1664
f 1644 1638 1607
f 1585 2397 1617
f 1612 1611 1587
f 1645 1611 1644
f 1644 1607 1645
f 1605 1645 1607
f 2346 1588 1645
f 1529 1613 1587
f 1646 1647 1473
f 1647 1319 1555
f 1630 1714 2350
f 1649 2396 2393
f 1635 1649 1633
f 1650 1654 1428
f 1654 1618 1652
f 1487 1650 1428
f 1651 1618 1590
f 1618 1654 1650
f 1643 2397 1608
f 1651 1669 1653
f 1650 1590 1618
f 1654 1652 1494
f 1653 1652 1618
f 1651 1653 1618
f 1655 1619 1315
f 1655 1315 1653
f 1669 1655 1653
f 1619 1657 1656
f 1657 1658 1593
f 1658 1657 1592
f 1660 1592 2399
f 1657 1593 1656
f 1593 1658 1670
f 1659 1671 1602
f 1659 1602 1603
f 1660 2399 2400
f 1656 1661 1620
f 1672 1656 1593
f 1593 2401 1672
f 1358 1517 1738
f 1663 1718 2349
f 1625 1624 1663
f 1604 1664 1665
f 1679 1666 1640
f 1660 1665 1681
f 1604 1665 2400
f 1666 1681 1665
f 1640 1666 1664
f 1682 1668 1666
f 1666 1679 1682
f 1668 1667 1687
f 1655 1669 1602
f 1680 1658 1592
f 1602 1671 1655
f 1683 2401 2398
f 1621 1316 1662
f 1675 1674 1642
f 1642 1676 1675
f 1678 1677 1675
f 1642 1689 1676
f 1676 1641 1678
f 1356 1677 1600
f 1675 1676 1678
f 1582 1678 1641
f 1579 1677 1678
f 1667 1693 1687
f 1687 1681 1668
f 1592 1660 1680
f 1689 1682 1679
f 1668 1682 1690
f 1683 2398 1739
f 1672 1683 2355
f 2421 1623 1642
f 1662 1684 2421
f 2354 2403 1726
f 1685 1686 2343
f 1692 1686 1685
f 1699 1680 1687
f 1681 1687 1680
f 1688 1670 1699
f 1318 2398 1688
f 1670 1658 1699
f 1668 1690 1667
f 1689 1690 1682
f 2351 1692 2352
f 1667 1690 2352
f 1689 1623 1690
f 2351 1686 1692
f 1691 1692 1279
f 1693 1667 1691
f 1719 1720 1721
f 1692 1685 1695
f 1692 1695 1279
f 1719 1699 1693
f 1685 2353 2354
f 1514 1697 1710
f 1696 1708 1697
f 1317 1697 1514
f 1696 1694 1708
f 1355 1500 1499
f 2353 2343 1500
f 1705 1703 1704
f 1697 1317 1696
f 1500 1355 1698
f 1505 1504 1733
f 1720 1691 1279
f 1699 1687 1693
f 1694 1696 1703
f 1719 1721 1725
f 1703 1696 1704
f 1702 1725 1700
f 1317 1509 1704
f 1703 1705 1702
f 1707 1706 1727
f 1500 1698 2353
f 2353 1698 1727
f 1702 1701 1694
f 1695 1701 1700
f 1701 1695 1726
f 1701 1702 1700
f 1725 1702 1705
f 1688 1699 1719
f 1700 1279 1695
f 1694 1703 1702
f 1317 1704 1696
f 1506 1722 1509
f 1722 1704 1509
f 1722 1705 1704
f 1701 2402 1694
f 1727 2354 2353
f 1706 1713 1709
f 1626 1712 1718
f 1712 1626 1562
f 1713 1716 1709
f 2402 1726 2403
f 1727 2403 2354
f 1710 1708 1716
f 1706 1730 1713
f 1716 1708 1709
f 1708 1710 1697
f 1319 1728 1732
f 1712 1716 1715
f 1730 1706 1707
f 1711 1715 1713
f 2349 1714 1630
f 1728 2350 1714
f 1733 1731 1707
f 1731 1729 1730
f 1711 1717 1715
f 1717 1718 1715
f 1731 1504 1558
f 1713 1715 1716
f 1728 1717 1711
f 1718 1717 1714
f 2349 1718 1714
f 1720 1719 1693
f 1688 1719 1725
f 1693 1691 1720
f 1279 1700 1721
f 1725 1721 1700
f 1279 1721 1720
f 1723 1722 1506
f 1723 1738 1739
f 1738 1723 1358
f 1705 1722 1724
f 1724 1722 1723
f 1724 1723 1739
f 1724 1725 1705
f 1318 1725 1724
f 1725 1318 1688
f 1726 2402 1701
f 1685 2354 1695
f 1706 2403 1727
f 1733 1707 1698
f 1635 1630 1648
f 1714 1717 1728
f 1711 1729 1728
f 1729 1732 1728
f 1730 1729 1711
f 1732 1729 1558
f 1713 1730 1711
f 1730 1707 1731
f 1504 1731 1733
f 1558 1729 1731
f 1558 1597 1732
f 1728 1319 2350
f 1319 1732 1555
f 1727 1698 1707
f 1355 1733 1698
f 1425 1380 1734
f 1380 1735 1734
f 1415 1734 1482
f 1735 1482 1734
f 1613 1435 1528
f 1530 1435 1529
f 1736 1564 1563
f 1514 1562 1736
f 1564 1736 1562
f 1634 1737 1632
f 1424 1737 1636
f 1672 2355 1516
f 1724 1739 1318
f 1794 1282 1192
f 1758 1794 1192
f 1364 1856 1855
f 1216 1852 1759
f 1193 1856 1364
f 1855 1194 1364
f 1973 1199 1198
f 1770 1769 1792
f 1852 1216 1215
f 1282 1794 1795
f 1756 1820 1757
f 1750 1982 1751
f 1809 1854 1785
f 2301 1793 1779
f 1201 1923 1503
f 1770 1792 1785
f 1883 1922 1920
f 1788 1773 1772
f 1503 1923 1996
f 1791 1793 1771
f 1848 1806 2296
f 1758 1757 1794
f 1928 1208 1207
f 1933 1204 2004
f 1776 1810 1780
f 1412 1208 1930
f 1209 1866 1210
f 1790 1778 1760
f 2087 1775 2081
f 1762 1761 1803
f 1777 1786 84
f 1793 1772 1771
f 1781 1764 1786
f 1382 1381 1865
f 1783 2294 1763
f 1832 1865 1899
f 85 1786 1764
f 1206 1205 1931
f 1761 1760 1778
f 1781 1774 1839
f 1193 1282 1795
f 1790 1759 1852
f 2359 2332 1894
f 1787 1777 83
f 1762 1803 1783
f 1786 1774 1781
f 2410 2192 2222
f 1787 1763 2294
f 83 1777 84
f 1786 85 84
f 1780 1792 1769
f 1213 1835 1333
f 1912 1914 1748
f 2004 1204 1441
f 1820 1794 1757
f 1912 1747 1937
f 1745 1888 1746
f 1741 1740 2358
f 1195 2035 1196
f 1934 1888 1745
f 1994 2356 15
f 1799 1861 2358
f 1827 1743 1742
f 1987 1915 2356
f 1788 2295 1773
f 1742 1741 1831
f 1861 24 23
f 1803 1761 1778
f 2358 1829 1831
f 14 13 1916
f 1799 1740 27
f 1826 1862 1955
f 1862 1826 23
f 27 26 24
f 1794 1820 1795
f 25 24 26
f 24 1799 27
f 19 1891 238
f 1790 1760 1759
f 1777 1787 2294
f 1780 1768 1802
f 21 2303 2018
f 22 21 1890
f 1799 2358 1740
f 1827 1742 1831
f 1802 1782 1840
f 2301 1808 2295
f 1772 1793 2297
f 1773 2298 2299
f 1838 1839 1774
f 1211 1958 1900
f 1 1784 2405
f 1 2300 1784
f 1778 1790 1789
f 1770 1785 1791
f 1781 1765 1764
f 1781 1839 1765
f 1786 1777 1774
f 1839 1766 1765
f 1842 1784 2404
f 1810 1792 1780
f 1763 1787 82
f 1769 1768 1780
f 1971 1756 1755
f 1904 1963 1835
f 1885 10 229
f 1802 1768 1767
f 1839 1782 1766
f 83 82 1787
f 1926 1886 1925
f 1854 1816 2357
f 1215 1329 2332
f 1783 1763 1762
f 1875 5 4
f 1801 1848 1851
f 1886 1926 2079
f 1867 1906 1964
f 1766 1782 1767
f 275 5 1867
f 1924 1927 2008
f 1841 1872 1840
f 1881 1916 1991
f 2294 1774 1777
f 1382 1902 1212
f 1782 1839 1838
f 1869 1803 1836
f 1782 1802 1767
f 1802 1840 1776
f 1778 1789 1803
f 1872 1811 1810
f 1842 1804 1784
f 1842 1806 1804
f 1845 3 2405
f 1806 1842 1843
f 1804 1805 1845
f 2296 1846 1848
f 1845 1805 1844
f 234 3 1845
f 1807 1215 2332
f 1808 2301 1779
f 2238 2239 1779
f 2295 1808 1850
f 1810 1811 1813
f 1809 1785 1792
f 1816 1813 1815
f 1872 1810 1776
f 1810 1813 1809
f 1814 1811 1873
f 2359 1864 1817
f 1812 1817 1864
f 1813 1811 1814
f 1897 1815 1812
f 1814 1873 1868
f 1812 1813 1814
f 1864 2250 1897
f 1898 1818 1815
f 1812 1815 1813
f 1815 1818 1816
f 1818 2357 1816
f 1809 1816 1854
f 1812 1814 1817
f 1813 1816 1809
f 2357 1818 2242
f 2357 1819 1854
f 1980 1194 1855
f 1879 1911 1754
f 1754 1753 1879
f 1197 1976 1877
f 1748 1914 1749
f 1882 2362 1991
f 1944 2020 2178
f 2419 1923 2413
f 1744 1827 1889
f 2016 1858 2015
f 1954 2064 2065
f 1955 1862 22
f 1828 1827 1831
f 1828 1831 1829
f 2065 1830 1954
f 1828 1829 1957
f 2103 1938 1935
f 1830 1889 1828
f 1830 1936 1889
f 1831 1741 2358
f 1214 1863 1894
f 1899 1381 1425
f 1865 1960 1902
f 1866 1958 1210
f 1844 1849 1875
f 1212 1902 1904
f 1898 1815 1897
f 1802 1776 1780
f 1872 1776 1840
f 1789 1853 1868
f 1872 1841 1873
f 1782 1838 1840
f 1869 1870 1803
f 1840 1838 1837
f 1838 1774 1871
f 1840 1837 1841
f 1869 1841 1837
f 1873 1836 1868
f 1843 1842 2298
f 1843 2298 2295
f 1847 1801 1849
f 4 1845 1844
f 1848 1801 1847
f 1805 1806 1847
f 1848 1847 1806
f 1874 1801 1851
f 1805 1847 1844
f 1848 1846 1851
f 1834 1905 1849
f 1844 1847 1849
f 1843 1850 2296
f 1850 1966 2296
f 2295 1850 1843
f 2241 1966 1850
f 1966 1967 1965
f 2241 1850 1808
f 1967 1966 2241
f 1907 1851 1846
f 1852 1807 1853
f 1852 1215 1807
f 1810 1809 1792
f 1814 1868 1817
f 1790 1853 1789
f 1817 1853 1807
f 1852 1853 1790
f 1791 1785 1819
f 1856 1968 1855
f 2095 1975 1857
f 1795 1856 1193
f 1971 1820 1756
f 1877 1974 1197
f 1401 1400 1979
f 2038 2037 1910
f 1917 12 11
f 1921 1883 1920
f 2002 1999 2000
f 1883 1921 1997
f 1885 1924 1859
f 1964 274 275
f 1929 2009 1928
f 2057 1824 2119
f 2340 1203 1922
f 1937 1747 1746
f 1892 1952 1891
f 1915 268 16
f 1950 1946 1947
f 24 1861 1799
f 1861 23 1826
f 1890 1955 22
f 1955 1890 2022
f 1895 1214 1333
f 1864 1863 2250
f 1807 2359 1817
f 1863 1864 2359
f 1898 1897 1963
f 1865 1381 1899
f 1865 1832 1960
f 1900 1425 1211
f 1901 1960 1832
f 1212 1904 1213
f 1900 1958 1833
f 1867 5 1875
f 1905 1906 1867
f 1904 1835 1213
f 1789 1868 1836
f 1853 1817 1868
f 1841 1836 1873
f 1870 1869 1837
f 1838 1871 1837
f 1870 1783 1803
f 1774 2294 1871
f 1837 1871 1870
f 1873 1811 1872
f 1869 1836 1841
f 1845 4 234
f 1875 4 1844
f 1849 1874 1834
f 2092 2030 2091
f 1875 1849 1905
f 2030 2087 2088
f 2203 2162 2199
f 1908 1973 2034
f 1978 1195 1401
f 1857 1909 2035
f 1981 2036 1878
f 1911 1879 1983
f 2361 1752 1751
f 1880 2361 1910
f 2369 1983 1984
f 1911 1971 1755
f 1750 1749 1914
f 1910 2361 1982
f 1982 1913 2038
f 15 14 1916
f 1991 1990 1881
f 1921 1920 1202
f 2413 1201 1200
f 1924 9 8
f 1925 8 7
f 2097 2363 1919
f 1882 1917 1919
f 1924 1885 9
f 2008 1859 1924
f 2045 1885 1859
f 1925 1927 1924
f 1929 1207 1206
f 2010 1930 2009
f 2057 2058 2011
f 2076 1866 2054
f 2012 2059 1932
f 1934 1745 1744
f 1744 1743 1827
f 1985 2014 2015
f 1858 1912 1985
f 1889 1827 1828
f 20 1952 1951
f 1941 19 18
f 2408 18 294
f 1892 1891 1943
f 1940 1951 2021
f 238 1952 20
f 1941 1891 19
f 268 1915 1989
f 2408 1942 1941
f 1956 2022 1954
f 1826 1956 1829
f 2359 1894 1863
f 1835 1895 1333
f 1963 2250 1835
f 1214 1895 1863
f 1863 1895 2250
f 2250 1895 1835
f 1904 1902 1962
f 1864 1897 1812
f 2250 1963 1897
f 1818 1898 1896
f 1818 1896 2242
f 1900 1899 1425
f 1211 1210 1958
f 1959 1900 1833
f 1901 1832 1959
f 1865 1902 1382
f 1903 1901 2026
f 1896 1898 2407
f 1960 1962 1902
f 1906 1905 1834
f 1875 1905 1867
f 274 2027 6
f 1870 1871 1783
f 1874 1849 1801
f 2247 1834 1874
f 2092 1874 1851
f 1965 1907 1846
f 1907 2087 2030
f 1969 1968 1795
f 1968 1970 2031
f 2034 1973 1974
f 2035 1978 1857
f 1978 1979 1981
f 1979 2036 1981
f 1753 2361 1880
f 1751 1982 2361
f 1982 2038 1910
f 2205 2203 2204
f 1971 1972 1970
f 1754 1911 1755
f 1748 1747 1912
f 1914 2044 1913
f 1985 1912 1937
f 2044 1914 1912
f 1913 1982 1750
f 2062 1988 2061
f 268 1989 17
f 13 1991 1916
f 1917 1882 1991
f 1991 13 12
f 1919 1917 11
f 10 1918 1919
f 12 1917 1991
f 1885 1918 10
f 2097 1918 2045
f 1995 2166 1990
f 2097 1919 1918
f 1882 1919 2363
f 1922 1203 1920
f 1202 1503 1996
f 1931 1205 1933
f 2413 1923 1201
f 1200 1199 2006
f 2049 1923 2419
f 1925 1924 8
f 1926 1925 7
f 7 6 1926
f 1886 2007 1927
f 2008 1927 2052
f 1886 1927 1925
f 1929 1928 1207
f 1930 1928 2009
f 1931 1929 1206
f 1932 2009 1929
f 1412 2053 1414
f 2053 1930 2011
f 1932 1931 1887
f 1933 2055 1887
f 1887 2012 1932
f 1929 1931 1932
f 1204 1933 1205
f 1887 1931 1933
f 1889 1934 1744
f 1888 1934 1935
f 1889 1936 1934
f 2103 1935 1936
f 1934 1936 1935
f 1888 1937 1746
f 1938 2014 1935
f 1938 2015 2014
f 1938 2103 1939
f 2017 1986 2016
f 2024 2023 2066
f 1858 2016 1986
f 1951 2018 2303
f 1890 21 2018
f 2408 1941 18
f 17 2408 294
f 1989 2408 17
f 1893 1942 2408
f 1988 1893 1989
f 1947 1945 1942
f 1942 1893 1947
f 1943 1945 2406
f 1941 1943 1891
f 1950 1947 1893
f 1945 1943 1942
f 1941 1942 1943
f 1947 1946 1945
f 2020 1944 1946
f 2367 1798 2190
f 1944 1945 1946
f 1944 2178 2141
f 2172 2173 2175
f 1949 1950 2062
f 1950 1949 2063
f 20 1951 2303
f 2021 1951 1952
f 1952 238 1891
f 1953 2022 1890
f 1953 1890 2018
f 1954 2022 2064
f 1954 1957 1956
f 1955 2022 1956
f 1957 1954 1830
f 1955 1956 1826
f 1828 1957 1830
f 1829 1956 1957
f 1833 1958 2078
f 1959 1833 2084
f 1899 1900 1959
f 1959 1832 1899
f 1901 1903 1960
f 1962 1960 1903
f 2026 1961 1903
f 1963 1962 2407
f 2407 1962 1903
f 1904 1962 1963
f 1867 1964 275
f 2027 1964 1906
f 2249 1834 2247
f 1965 1846 1966
f 1965 1775 2087
f 2296 1966 1846
f 2244 2241 2239
f 1965 1967 1775
f 2302 2243 2244
f 1907 1965 2087
f 2087 2029 2088
f 2247 2092 2091
f 1969 1795 1820
f 1968 1969 1970
f 1971 1969 1820
f 2031 1970 1876
f 1979 1980 2036
f 1971 1911 1972
f 1969 1971 1970
f 1983 1972 1911
f 1876 1972 2369
f 1974 1973 1198
f 2006 1973 1908
f 1197 1974 1198
f 1975 1909 1857
f 2035 1909 1976
f 1976 1909 1877
f 2094 1909 1975
f 2161 2133 1977
f 2123 2411 1821
f 1978 2035 1195
f 1977 1857 1981
f 1978 1401 1979
f 1857 1978 1981
f 1980 1979 1400
f 1194 1980 1400
f 1980 1855 2032
f 1977 1981 1878
f 2360 1880 1910
f 1910 2037 2042
f 2360 2042 1984
f 1972 1983 2369
f 2360 1984 1983
f 1985 1937 2014
f 2015 1858 1985
f 1912 1858 2044
f 2416 1986 2017
f 1858 1986 2044
f 1913 1750 1914
f 1988 1989 1915
f 1989 1893 2408
f 2061 1988 1915
f 1893 1988 2062
f 2362 1995 1990
f 1993 1990 2166
f 1990 1991 2362
f 2138 2139 2136
f 1993 1881 1990
f 2251 1993 1992
f 1881 1993 2253
f 2135 1992 2111
f 1916 1994 15
f 2046 2097 2045
f 1882 2363 2362
f 1202 1996 2048
f 2048 1921 1202
f 1999 1997 2001
f 2206 2208 1823
f 1921 2048 1997
f 2000 1999 1998
f 2049 1996 1923
f 1999 2001 2420
f 1999 2002 1997
f 2001 2049 2211
f 2001 2048 2049
f 2050 2002 2279
f 2000 2269 2005
f 2005 2002 2000
f 2279 2002 2005
f 2050 1922 1883
f 2275 2270 2412
f 1884 2056 2003
f 2050 2003 1922
f 1441 2340 2004
f 2267 2005 2269
f 2005 2278 2279
f 2266 2413 2006
f 1200 2006 2413
f 1973 2006 1199
f 1886 2079 2007
f 1927 2007 2052
f 2008 2051 2046
f 1932 2059 2009
f 2011 2054 2053
f 1930 2010 2011
f 2057 2011 2010
f 2054 2011 2058
f 2053 2054 1209
f 1800 2075 2076
f 1209 1414 2053
f 1866 1209 2054
f 2055 1933 2004
f 2055 2056 2259
f 1860 2259 2258
f 2013 2059 2060
f 2059 2012 2060
f 1888 2014 1937
f 1935 2014 1888
f 2016 2015 2069
f 2067 1939 2066
f 2037 2039 2041
f 1953 2018 1940
f 1951 1940 2018
f 2368 1940 2021
f 2061 1987 2252
f 2101 2062 2061
f 1946 1950 2063
f 1892 2409 1952
f 2064 2022 1953
f 1830 2065 1936
f 1958 1866 2025
f 2025 2075 2078
f 2078 1958 2025
f 2104 1833 2078
f 1896 1961 2240
f 1964 2027 274
f 2249 1906 1834
f 2090 2091 2030
f 2145 2007 2263
f 2027 1926 6
f 1926 2027 2079
f 1901 2083 2026
f 2087 2081 2029
f 1907 2092 1851
f 2032 2031 2201
f 1968 2032 1855
f 2032 2201 2036
f 2033 2034 1877
f 2094 2411 2033
f 2034 1974 1877
f 2108 2411 2123
f 1976 1196 2035
f 2133 2095 1977
f 2032 2036 1980
f 2201 1878 2036
f 2039 2037 2038
f 2043 2042 2037
f 1984 2042 2205
f 2044 1986 1913
f 2040 2039 2416
f 2041 2040 2096
f 2016 2069 2017
f 2017 2074 2073
f 2096 2151 2109
f 2042 2043 2205
f 2040 2041 2039
f 2043 2037 2041
f 2042 2360 1910
f 2038 1913 1986
f 1885 2045 1918
f 2046 2045 1859
f 2008 2046 1859
f 2047 2046 2163
f 2049 2048 1996
f 1997 2048 2001
f 1997 2002 1883
f 2003 2340 1922
f 2004 2340 2003
f 2266 1908 2414
f 2266 2006 1908
f 2008 2052 2051
f 1930 2053 1412
f 2076 2054 2058
f 2057 2013 1824
f 2055 2259 1860
f 1887 1860 2012
f 2056 2055 2004
f 2003 2056 2004
f 2100 2013 2060
f 2058 2057 2118
f 2057 2010 2013
f 2013 2010 2059
f 2058 2118 2077
f 1824 2182 2146
f 2009 2059 2010
f 2012 2099 2060
f 2100 2099 2112
f 2099 2257 2112
f 1987 2061 1915
f 1893 2062 1950
f 1949 2101 2415
f 2064 2023 2065
f 2023 2024 2065
f 2103 2065 2024
f 2065 2103 1936
f 2023 2191 2190
f 2024 2066 1939
f 2367 2192 2193
f 2068 2017 2069
f 2067 2068 1939
f 2067 2066 1798
f 2068 2067 2070
f 2068 2070 2074
f 1939 2068 2069
f 2074 2070 2072
f 2074 2017 2068
f 2071 2073 2074
f 2071 2074 2072
f 2096 2040 2073
f 2017 2073 2416
f 2076 2075 2025
f 1866 2076 2025
f 2077 2076 2058
f 2077 1800 2076
f 2118 2119 2216
f 1800 2077 2105
f 2080 2027 1906
f 2007 2079 2263
f 2263 2079 2080
f 2027 2080 2079
f 1775 2244 2245
f 2081 2028 2082
f 2084 2104 2028
f 2104 2085 2082
f 2084 2083 1901
f 2246 2083 2028
f 1959 2084 1901
f 1833 2104 2084
f 2075 2085 2078
f 2084 2028 2083
f 2082 2028 2104
f 2075 1800 2085
f 2085 2086 2082
f 2086 2085 1800
f 2086 1800 2105
f 2029 2082 2086
f 2088 2029 2086
f 2030 2088 2090
f 2089 2088 2086
f 2180 2143 2089
f 2088 2089 2090
f 2089 2143 2090
f 2142 2091 2090
f 2092 1907 2030
f 2130 2194 2131
f 2034 2033 2149
f 1909 2094 1877
f 2411 2094 1975
f 2095 1821 1975
f 2094 2033 1877
f 1977 2095 1857
f 2109 2162 2043
f 2151 1796 2109
f 2136 2363 2047
f 2046 2047 2097
f 2138 2136 2110
f 2055 1860 1887
f 1860 2099 2012
f 1824 2013 2100
f 2099 2100 2060
f 2100 2112 2182
f 1822 2113 2415
f 2101 1822 2415
f 2114 1948 2113
f 2101 1949 2062
f 2061 2252 2101
f 2251 2102 1822
f 1993 2111 1992
f 1992 2102 2251
f 2063 2020 1946
f 2063 2116 2365
f 1939 2103 2024
f 2085 2104 2078
f 2144 2180 2181
f 2182 1824 2100
f 2132 2093 2414
f 2129 2108 2107
f 2108 2132 2033
f 2214 2213 2128
f 2051 2187 2163
f 2262 2276 2261
f 1993 2166 2111
f 2165 2139 2138
f 2237 2232 2236
f 2102 2164 2237
f 2102 2113 1822
f 2019 2365 2177
f 2235 2236 2232
f 2116 2115 2167
f 2102 2237 2113
f 2125 2194 2129
f 2116 2167 2177
f 2115 2116 1948
f 2063 1948 2116
f 2236 2115 2114
f 2170 2177 2167
f 2156 2153 2155
f 2167 2168 2140
f 2170 2172 2177
f 2117 2179 2019
f 2105 2089 2086
f 2216 2089 2105
f 2105 2077 2118
f 2105 2118 2216
f 2057 2119 2118
f 2080 1906 2249
f 2181 2180 2217
f 2149 1908 2034
f 2122 2196 2266
f 2107 2108 2123
f 2126 2134 2124
f 2107 2126 2127
f 2174 2214 2173
f 2107 2123 2126
f 2213 2150 2125
f 2194 2125 2131
f 2127 2126 2124
f 2107 2127 2125
f 2123 1821 2126
f 2127 2124 2128
f 2124 1796 2152
f 2152 2151 2155
f 2129 2107 2125
f 2131 2125 2150
f 2188 2130 2131
f 2108 2129 2132
f 2093 2132 2129
f 2201 2031 2202
f 2197 2198 2134
f 1821 2095 2417
f 2417 2134 2126
f 2124 2134 1796
f 2096 2109 2041
f 2109 2043 2041
f 2162 2109 2198
f 2163 2110 2047
f 2052 2186 2185
f 2220 2221 2187
f 2363 2136 1995
f 2110 2136 2047
f 2260 2277 2137
f 2111 2139 2165
f 2189 2172 2170
f 1944 2141 1825
f 1824 2146 2119
f 2181 2106 2144
f 2142 2090 2143
f 2248 2142 2120
f 2142 2143 2144
f 2142 2144 2120
f 2184 2106 2148
f 2217 2146 2147
f 2147 2146 2182
f 2183 2121 2182
f 2148 2147 2121
f 2148 2181 2147
f 2146 2217 2119
f 2148 2121 2219
f 2106 2184 2145
f 2149 2132 2414
f 2214 2176 2173
f 2188 2189 2171
f 2073 2071 2364
f 2151 2152 1796
f 2364 2151 2096
f 2152 2155 2153
f 2124 2152 2128
f 2364 2154 2155
f 2214 2153 2176
f 2152 2153 2128
f 2154 2071 2072
f 2156 2155 2154
f 2156 2154 2418
f 2153 2156 2176
f 2158 2072 2070
f 2366 2418 2160
f 2157 2117 2175
f 2158 2159 2160
f 1798 2367 2159
f 1798 2066 2190
f 2367 2193 2159
f 1798 2159 2158
f 2093 2195 2122
f 1878 2161 1977
f 2162 2198 2199
f 2197 2199 2198
f 2162 2203 2205
f 2221 2163 2187
f 2221 2098 2110
f 2260 2098 2225
f 2166 2139 2111
f 2209 2229 2370
f 2136 2139 1995
f 2139 2166 1995
f 2170 2167 2140
f 2168 2167 2115
f 2206 1823 2195
f 2171 2169 2207
f 2171 2170 2140
f 2189 2173 2172
f 2175 2173 2176
f 2174 2173 2189
f 2174 2150 2213
f 2174 2213 2214
f 2157 2175 2156
f 2177 2117 2019
f 2175 2117 2172
f 2117 2177 2172
f 2365 2178 2020
f 2178 2179 2141
f 2144 2143 2180
f 2216 2180 2089
f 2217 2216 2119
f 2181 2217 2147
f 2106 2181 2148
f 2183 2182 2112
f 2112 2257 2281
f 2182 2121 2147
f 2218 2121 2183
f 2225 2221 2220
f 2187 2051 2185
f 2148 2219 2184
f 2145 2184 2186
f 2185 2184 2219
f 2145 2186 2007
f 2187 2185 2219
f 2052 2185 2051
f 2185 2186 2184
f 2187 2219 2220
f 2186 2052 2007
f 2213 2125 2127
f 2188 2150 2174
f 2188 2171 2130
f 2171 2189 2170
f 2174 2189 2188
f 2064 2191 2023
f 2023 2190 2066
f 2064 1953 2191
f 2222 2367 2190
f 2410 2222 2368
f 2141 2193 1825
f 1825 2193 2192
f 2193 2160 2159
f 2193 2141 2215
f 2193 2215 2160
f 2129 2194 2093
f 2093 2194 2195
f 2122 2195 1823
f 2122 1823 2196
f 2224 2208 2212
f 2206 2130 2207
f 2194 2130 2195
f 2109 1796 2198
f 2134 2198 1796
f 2161 2200 2199
f 2200 2203 2199
f 1878 2200 2161
f 1878 2201 2200
f 1876 2202 2031
f 2201 2202 2200
f 2204 2203 2200
f 2162 2205 2043
f 2369 1984 2204
f 2200 2202 2204
f 2205 2204 1984
f 2168 2236 1797
f 2171 2140 2169
f 2169 2140 2168
f 2168 1797 2169
f 2210 2207 2169
f 2130 2171 2207
f 2210 1797 2223
f 2208 2206 2209
f 2212 2208 2370
f 2000 2226 2269
f 2209 2207 2210
f 2210 2169 1797
f 2229 2209 2210
f 1998 1999 2420
f 1823 2208 2224
f 2212 1998 2420
f 2127 2128 2213
f 2153 2214 2128
f 2215 2157 2366
f 2179 2215 2141
f 2178 2019 2179
f 2216 2217 2180
f 2219 2121 2220
f 2218 2220 2121
f 2220 2218 2225
f 2218 2280 2225
f 2098 2221 2225
f 2163 2221 2110
f 2150 2188 2131
f 1953 1940 2191
f 2368 2191 1940
f 2409 2368 2021
f 2191 2368 2222
f 2191 2222 2190
f 2130 2206 2195
f 2209 2206 2207
f 2212 2370 2227
f 2276 2268 2270
f 2230 2226 2227
f 1797 2235 2223
f 2229 2210 2223
f 2227 1998 2212
f 2224 2196 1823
f 2196 2224 2211
f 2183 2112 2281
f 2260 2225 2280
f 1998 2226 2000
f 2226 2230 2269
f 2230 2227 2370
f 1998 2227 2226
f 2223 2235 2228
f 2231 2233 2228
f 2164 2232 2237
f 2230 2229 2228
f 2230 2370 2229
f 2232 2234 2231
f 2234 2164 2135
f 2135 2265 2412
f 2231 2235 2232
f 2231 2234 2272
f 2223 2228 2229
f 2231 2228 2235
f 2230 2228 2371
f 2164 2234 2232
f 2236 2235 1797
f 2115 2236 2168
f 2113 2237 2114
f 2114 2237 2236
f 2302 2238 2242
f 1779 2239 1808
f 2238 2357 2242
f 2302 2239 2238
f 2244 1967 2241
f 2240 1961 2243
f 2302 2242 2240
f 2239 2241 1808
f 2240 2242 1896
f 1961 2246 2243
f 2245 2028 2081
f 2245 2244 2243
f 1967 2244 1775
f 2239 2302 2244
f 1961 2026 2246
f 2026 2083 2246
f 2245 2081 1775
f 2246 2245 2243
f 2245 2246 2028
f 1791 1779 1793
f 1854 1819 1785
f 2248 2091 2142
f 2264 2080 2249
f 2120 2145 2263
f 2091 2248 2247
f 2248 2264 2247
f 2263 2264 2120
f 2092 2247 1874
f 1972 1876 1970
f 2202 2369 2204
f 2252 1822 2101
f 2253 2251 2252
f 2251 1822 2252
f 1993 2251 2253
f 2253 2252 1987
f 1994 2253 1987
f 2255 2258 2254
f 1884 2259 2056
f 2259 2254 2258
f 2254 2259 1884
f 2279 1884 2050
f 2254 2278 2255
f 2256 2258 2255
f 2258 2257 1860
f 2257 2256 2281
f 2255 2261 2256
f 2258 2256 2257
f 2099 1860 2257
f 2046 2051 2163
f 2261 2260 2280
f 2277 2261 2276
f 2262 2261 2255
f 2264 2263 2080
f 2264 2249 2247
f 2120 2264 2248
f 2154 2364 2071
f 2151 2364 2155
f 1798 2158 2067
f 2070 2067 2158
f 2111 2265 2135
f 2165 2265 2111
f 2419 2266 2196
f 2267 2371 2271
f 2371 2267 2269
f 2371 2269 2230
f 2272 2271 2233
f 2274 2165 2138
f 2267 2271 2268
f 2231 2272 2233
f 2271 2270 2268
f 2412 2272 2234
f 2270 2271 2272
f 2273 2275 2274
f 2137 2274 2138
f 2273 2270 2275
f 2260 2137 2098
f 2273 2274 2137
f 2165 2274 2275
f 2276 2270 2273
f 2165 2275 2265
f 2276 2273 2277
f 2276 2262 2268
f 2137 2277 2273
f 2261 2277 2260
f 2005 2267 2278
f 2135 2412 2234
f 2275 2412 2265
f 2255 2278 2262
f 2279 2278 2254
f 1884 2279 2254
f 2218 2183 2281
f 2256 2280 2281
f 2261 2280 2256
f 2281 2280 2218
f 2282 188 96
f 317 363 316
f 390 363 317
f 699 643 673
f 1096 2287 998
f 811 2284 659
f 2286 964 1043
f 2283 1071 806
f 998 1076 1079
f 2287 1076 998
f 1093 2285 810
f 2287 1096 814
f 1249 2289 1230
f 1235 1232 2290
f 1269 2288 1263
f 595 1284 2291
f 1377 2291 1284
f 1248 1245 1286
f 2292 1229 2289
f 1231 1287 1249
f 2290 2293 1235
f 2293 1288 1235
f 1292 1290 1257
f 1636 1521 1457
f 1636 1457 1424
f 1871 2294 1783
f 2297 2295 1788
f 2297 1793 2301
f 2295 2298 1773
f 1788 1772 2297
f 2300 2299 2404
f 1819 2238 1779
f 1791 1819 1779
f 2296 1806 1843
f 2301 2295 2297
f 1992 2135 2164
f 1992 2164 2102
f 2243 2302 2240
f 105 142 28
f 129 39 120
f 2303 191 193
f 119 128 582
f 223 224 61
f 104 2305 154
f 146 304 148
f 2307 578 107
f 215 2308 214
f 137 169 49
f 172 146 149
f 140 750 199
f 2304 212 126
f 590 593 224
f 273 63 334
f 192 162 193
f 236 162 290
f 217 240 194
f 147 250 200
f 253 170 307
f 223 61 852
f 392 2312 395
f 2313 293 167
f 195 296 297
f 2314 390 391
f 319 2311 186
f 590 224 223
f 2315 2380 380
f 385 384 381
f 389 390 2314
f 132 396 397
f 325 353 417
f 406 458 460
f 420 421 2382
f 325 417 416
f 420 411 431
f 417 412 416
f 424 420 431
f 2316 418 548
f 424 2316 421
f 2317 432 427
f 430 2316 548
f 427 432 426
f 401 399 456
f 459 2307 460
f 2317 423 432
f 489 463 313
f 2319 365 157
f 472 2319 495
f 495 2319 157
f 2318 499 542
f 2320 574 520
f 349 563 527
f 550 2321 551
f 578 2307 579
f 2306 582 183
f 119 2306 155
f 225 591 592
f 754 720 753
f 635 2322 685
f 101 697 48
f 754 753 721
f 665 2322 680
f 2322 743 685
f 783 768 765
f 770 779 772
f 788 2323 919
f 678 791 789
f 792 2324 786
f 2310 921 922
f 817 613 1427
f 761 756 822
f 761 822 766
f 914 966 1114
f 2323 1099 1132
f 2325 906 60
f 788 919 917
f 798 934 972
f 941 1051 940
f 1056 936 1007
f 1120 1056 732
f 1036 1064 1063
f 1080 1081 2326
f 2326 1102 1082
f 2328 2326 1101
f 1163 1160 1165
f 2329 1162 883
f 1247 1225 1254
f 1267 2331 1265
f 1240 1269 1220
f 1183 1360 1403
f 2332 1329 1894
f 1236 1289 1268
f 1310 2330 1263
f 2334 1336 1337
f 1329 2392 1337
f 1311 2334 1338
f 1285 1338 2392
f 2335 1444 840
f 1573 2336 1359
f 2336 1195 1359
f 1404 2338 1525
f 1400 1410 1363
f 1461 2339 1462
f 1543 1474 1416
f 1567 1419 1372
f 2340 1439 1203
f 2342 599 600
f 1541 1525 2337
f 2338 2337 1525
f 1481 1422 1483
f 2343 1686 1316
f 1502 1316 1621
f 1461 2336 1573
f 1483 1567 1485
f 1552 1571 1553
f 1601 1540 1537
f 1581 1582 1638
f 2346 1603 1584
f 1601 1581 1638
f 1601 1638 2345
f 2346 1606 1603
f 1502 1621 1501
f 1662 2347 1621
f 1628 2348 1625
f 2348 1631 1625
f 2349 1629 1628
f 2350 1648 1630
f 1542 1646 1473
f 1651 1590 2397
f 1738 1517 2355
f 2421 1673 1662
f 1316 1684 1662
f 1660 1681 1680
f 1686 2351 1684
f 2351 2352 1623
f 2352 1692 1691
f 2352 1691 1667
f 1684 2351 2421
f 2343 2353 1685
f 2354 1726 1695
f 1683 1738 2355
f 1738 1683 1739
f 2356 16 15
f 2356 1915 16
f 1784 1804 2405
f 1770 1791 1771
f 1804 1806 1805
f 1819 2357 2238
f 1829 2358 1861
f 2332 2359 1807
f 1880 2360 1879
f 1829 1861 1826
f 2361 1753 1752
f 1880 1879 1753
f 1968 1856 1795
f 2360 1983 1879
f 1994 1916 1881
f 2406 1945 1825
f 1994 1987 2356
f 2362 2363 1995
f 1994 1881 2253
f 2340 1441 1439
f 2407 1961 1896
f 2029 2081 2082
f 2411 2108 2033
f 2149 2033 2132
f 2363 2097 2047
f 2063 2365 2020
f 2178 2365 2019
f 2365 2116 2177
f 2115 1948 2114
f 2120 2144 2106
f 1821 2417 2126
f 2417 2133 2197
f 2120 2106 2145
f 2073 2364 2096
f 2158 2160 2418
f 2157 2215 2179
f 2367 2222 2192
f 2368 2409 2410
f 2211 2419 2196
f 2417 2197 2134
f 2369 2202 1876
f 2370 2208 2209
f 2215 2366 2160
f 2117 2157 2179
f 2233 2371 2228
f 2050 1884 2003
f 2262 2278 2268
f 2372 150 105
f 2 188 2282
f 2304 130 115
f 130 2304 129
f 129 2304 125
f 20 2303 193
f 24 25 135
f 103 76 143
f 2373 433 298
f 196 197 215
f 168 2375 216
f 195 241 299
f 258 2375 217
f 331 330 377
f 2377 401 285
f 98 2374 314
f 2376 2378 479
f 2379 348 402
f 272 379 158
f 2380 131 381
f 2376 343 283
f 419 2382 324
f 2381 451 456
f 479 2378 478
f 591 478 2378
f 406 489 458
f 2383 540 567
f 524 561 459
f 337 2378 2376
f 2378 337 592
f 2384 697 101
f 1136 1138 1139
f 635 680 2322
f 2386 1427 1489
f 2385 762 686
f 2387 695 830
f 2387 784 1005
f 788 2388 1099
f 932 2389 1006
f 906 333 60
f 855 69 68
f 941 870 831
f 995 2287 996
f 695 2387 1005
f 1030 1036 1034
f 787 2388 788
f 1038 942 1060
f 1038 1060 1039
f 1073 1075 1078
f 1073 1078 1077
f 1073 1077 1067
f 1102 2388 1049
f 1098 1136 1139
f 1121 1125 1124
f 849 1130 63
f 1098 1156 1134
f 2390 1106 1105
f 1126 1153 1155
f 614 1346 1486
f 1215 1285 2392
f 1337 2391 1335
f 1337 2392 2334
f 1264 1379 1305
f 1474 2393 1542
f 2335 841 1446
f 1462 1411 1409
f 2343 1502 1500
f 1402 2395 1360
f 1530 2394 1435
f 2395 1402 1526
f 1570 1568 1485
f 2395 1403 1360
f 1386 1616 1590
f 2400 1659 1606
f 1611 2345 1644
f 1386 1590 1650
f 1635 2396 1649
f 1646 1542 2396
f 2396 1542 2393
f 1651 2397 1643
f 1688 2398 1670
f 2399 1592 1657
f 1665 1660 2400
f 1671 1659 2399
f 2400 2399 1659
f 2401 1683 1672
f 2401 1670 2398
f 1670 2401 1593
f 1674 1673 2421
f 2398 1318 1739
f 1674 2421 1642
f 1623 1689 1642
f 1623 2352 1690
f 2402 1709 1694
f 1709 2402 1706
f 2403 1706 2402
f 1425 1734 1211
f 1930 1208 1928
f 1842 2404 2298
f 1789 1836 1803
f 189 2405 3
f 1845 2405 1804
f 2406 2410 1892
f 10 1919 11
f 1938 1939 2069
f 1938 2069 2015
f 1892 1943 2406
f 2410 2409 1892
f 2415 2063 1949
f 1903 1961 2407
f 1963 2407 1898
f 2411 1975 1821
f 2413 2266 2419
f 2409 2021 1952
f 2031 2032 1968
f 2039 1986 2416
f 2002 2050 1883
f 2414 1908 2149
f 1948 2415 2113
f 2415 1948 2063
f 2040 2416 2073
f 2138 2110 2098
f 2133 2417 2095
f 2161 2199 2197
f 2137 2138 2098
f 2122 2266 2414
f 2414 2093 2122
f 2418 2154 2072
f 2156 2418 2366
f 2156 2366 2157
f 2156 2175 2176
f 2410 2406 2192
f 1825 2192 2406
f 2049 2419 2211
f 2161 2197 2133
f 2420 2211 2224
f 2420 2001 2211
f 2212 2420 2224
f 2371 2233 2271
f 2272 2412 2270
f 2267 2268 2278
f 1292 1257 1287
f 2300 2404 1784
f 2298 2404 2299
f 2380 381 380
f 385 381 477
f 366 2382 421
f 2382 366 324
f 1052 1126 1155
f 1623 2421 2351
f 1 2405 2
f 1825 1945 1944
f 2038 1986 2039
f 2158 2418 2072