# https://github.com/mikedh/trimesh
v -0.16481143 0.08777185 0.03003459
v -0.16300373 0.07497484 0.04217200
v -0.16135733 0.04963759 0.04313850
v -0.14969997 0.01652401 0.04594969
v -0.14566247 -0.00913390 0.04680329
v -0.15300317 -0.07536786 0.05383118
v -0.15903680 -0.09755117 0.04942668
v -0.16422619 -0.11900893 0.05026098
v -0.17205560 -0.13504404 0.04626650
v -0.18256694 -0.16407211 0.03794373
v -0.18953909 -0.18779208 0.03598953
v -0.19434866 -0.20873791 0.03400428
v -0.19407222 -0.23017700 0.03103668
v -0.20755485 -0.24372771 0.03174637
v -0.20938958 -0.26225558 0.02902316
v -0.20173916 -0.28233373 0.03101853
v -0.21594940 -0.32031986 0.03110897
v -0.20842823 -0.35749334 0.03341682
v -0.20963615 -0.37624043 0.03091820
v -0.22030541 -0.42156705 0.04015660
v -0.23000935 -0.45178887 0.03191246
v -0.22938132 -0.47179475 0.03497986
v -0.23197913 -0.51007390 0.03979098
v -0.22760646 -0.52823019 0.04315577
v -0.22062629 -0.54318655 0.04757931
v -0.21965516 -0.54558486 0.04652121
v -0.21896446 -0.54804355 0.04536248
v -0.21851678 -0.55274284 0.06523690
v -0.21824463 -0.55302793 0.08496636
v -0.21768178 -0.55280215 0.10369800
v -0.21652779 -0.55220610 0.12248099
v -0.21443951 -0.55148995 0.14098842
v -0.21124567 -0.55043000 0.15940274
v -0.20475578 -0.54936361 0.17661747
v -0.19535813 -0.54864520 0.19230340
v -0.18333551 -0.54765135 0.20606166
v -0.16964485 -0.54655516 0.21875526
v -0.15425874 -0.54573458 0.22955024
v -0.13678141 -0.54588979 0.23580153
v -0.11877902 -0.54543376 0.24089912
v -0.10103562 -0.54451859 0.24517632
v -0.08325242 -0.54373091 0.24904115
v -0.06543116 -0.54287326 0.25276345
v -0.04761215 -0.54220235 0.25595951
v -0.02971845 -0.54154432 0.25865233
v -0.01192691 -0.54142147 0.26025942
v 0.00643931 -0.54181916 0.26065192
v 0.00562643 -0.51503921 0.22841348
v -0.00148718 -0.48544937 0.19682933
v 0.00481630 -0.47236681 0.18562001
v 0.00280406 -0.45323798 0.17306626
v -0.00026024 -0.43528047 0.16271478
v 0.00204013 -0.37746257 0.14009142
v 0.01244842 -0.34634718 0.14455156
v 0.00899011 -0.33331767 0.16334511
v 0.00627595 -0.29365388 0.14933014
v 0.00386037 -0.27881452 0.16442025
v 0.00199817 -0.23841567 0.17111984
v 0.00385623 -0.21855119 0.17922623
v 0.00497876 -0.19658391 0.17797475
v 0.00151464 -0.14981450 0.17636433
v 0.00492491 -0.07214358 0.16991548
v 0.00653066 -0.05504024 0.16766502
v 0.00689504 -0.03108297 0.16439135
v 0.00374861 -0.00766394 0.15820055
v 0.01705398 0.00488583 0.15769958
v 0.01366407 0.02617876 0.15911397
v 0.01004536 0.04805420 0.16099150
v 0.01865198 0.06031308 0.16284056
v 0.00958331 0.08872493 0.15632454
v 0.00688052 0.10907257 0.15277663
v 0.00392010 0.13234574 0.14761207
v 0.00730216 0.13072637 0.12907781
v 0.01301544 0.16704427 0.10086693
v -0.00258529 0.17109883 0.08951476
v -0.01881489 0.18342751 0.08272097
v -0.03288687 0.19807878 0.07183634
v -0.04346950 0.21770054 0.05721797
v -0.05089360 0.23892365 0.03638500
v -0.05843008 0.25967637 0.01527770
v -0.06515025 0.27394804 -0.01208406
v -0.06618799 0.27321684 -0.04485756
v -0.07861476 0.27091882 -0.03096804
v -0.09889476 0.26495188 -0.03257226
v -0.11764595 0.26117200 -0.02956885
v -0.12660155 0.25498545 -0.01209093
v -0.12862496 0.24812086 0.00496262
v -0.12419279 0.23821603 0.02094508
v -0.11764156 0.22453877 0.03431126
v -0.11422037 0.21151450 0.04644532
v -0.11470461 0.19452140 0.05938677
v -0.11946195 0.17514490 0.06983808
v -0.12943259 0.15688863 0.07891329
v -0.13949645 0.13761985 0.08074433
v -0.14957923 0.11841422 0.07427957
v -0.15860866 0.10106559 0.05787532
v -0.22111648 -0.51233834 0.08831841
v -0.09233458 -0.44960240 0.18917829
v -0.04956890 -0.50194311 0.20893955
v -0.02315318 -0.52058923 0.23504522
v 0.00786735 -0.52986217 0.24538419
v -0.03314750 0.14898555 0.10748518
v -0.02334279 0.16859975 0.09213138
v -0.08817573 0.26444626 -0.01349539
v -0.21969478 -0.53851265 0.08254337
v -0.21894991 -0.51448518 0.12598649
v -0.18450844 -0.45427471 0.18366641
v -0.10647700 0.26083526 -0.01657600
v -0.05477879 -0.52967650 0.23877889
v -0.02054712 -0.53294474 0.25003234
v -0.07323666 0.26302573 -0.00146507
v -0.04959863 0.20347200 0.06539326
v -0.21537881 -0.53447670 0.13154161
v -0.07006800 0.24532282 0.02186625
v -0.14574559 -0.50046480 0.21424967
v -0.03666919 -0.53278089 0.24613906
v -0.21342847 -0.53433764 0.15063968
v -0.10711431 0.24371739 0.01313533
v -0.08989569 -0.52860123 0.22941069
v -0.12595037 -0.53306395 0.22646482
v -0.07320142 -0.53628850 0.24241801
v -0.19936940 -0.53396690 0.18415457
v -0.10944703 0.23370558 0.02526044
v -0.09219331 0.23825708 0.02357471
v -0.16863668 -0.53198338 0.21714826
v -0.18634331 -0.52475804 0.20165236
v -0.10073256 0.22188187 0.03859899
v -0.07160720 -0.52248871 0.22602043
v -0.14930461 -0.52814299 0.22020613
v -0.13740902 -0.51558608 0.22009411
v -0.10923660 -0.13053389 0.13357440
v -0.09489320 0.00156654 0.12648244
v -0.14776742 0.06698029 0.10192032
v -0.22318611 -0.48119214 0.06874615
v -0.22860730 -0.51720250 0.05998998
v -0.20934828 -0.38259262 0.12233562
v -0.01576548 -0.49406731 0.20643547
v -0.01417932 -0.51011813 0.22306213
v -0.00751997 -0.52559543 0.24086154
v -0.01369871 0.13120440 0.11755777
v -0.08773772 0.13189143 0.12189969
v -0.22300026 -0.53521854 0.06306198
v -0.03947661 0.18052930 0.08257220
v -0.03914161 0.16169776 0.09595665
v -0.05584859 0.18656839 0.07580397
v -0.08516701 0.16796714 0.08663286
v -0.05308116 0.14541720 0.10808556
v -0.05804208 0.16875297 0.08951494
v -0.07661819 0.18087095 0.07775034
v -0.21828327 -0.52242589 0.10374463
v -0.20668560 -0.52818722 0.16548276
v -0.05234043 -0.51432127 0.22101401
v -0.06853824 -0.50526273 0.20818451
v -0.08619778 0.25205714 0.00614341
v -0.11032622 -0.53107476 0.22710420
v -0.06289289 -0.24545476 0.16607825
v -0.16112159 -0.20693423 0.09955317
v -0.06160668 -0.13095674 0.16170770
v -0.04631830 0.02468924 0.15475979
v -0.15201239 0.09993082 0.07570125
v -0.15866724 0.06623824 0.06871325
v -0.21613650 -0.44009268 0.07099558
v -0.22439754 -0.47929585 0.05106176
v -0.22576985 -0.49838862 0.05424298
v -0.22294138 -0.50288123 0.07058744
v -0.22412117 -0.52073091 0.07475963
v -0.20722836 -0.38211897 0.08254113
v -0.02138054 -0.42971930 0.15995577
v -0.00393925 -0.50031614 0.21206915
v -0.04684461 0.12387888 0.14278828
v -0.01155290 0.13619490 0.14028014
v -0.10060693 0.18239918 0.07158369
v -0.09506088 0.14987589 0.09737572
v -0.21513440 -0.51570940 0.14787966
v -0.19924080 -0.51391536 0.18445933
v -0.20876481 -0.50316900 0.16524300
v -0.03066485 -0.50679928 0.21907097
v -0.03497779 -0.49693000 0.20637280
v -0.05359133 -0.47409403 0.18433149
v -0.06207290 -0.49044839 0.19596328
v -0.03883767 -0.52014387 0.23139551
v -0.09349458 -0.48335561 0.19371368
v -0.09920353 -0.50150108 0.20348363
v -0.08089311 -0.49331674 0.19725497
v -0.07559060 -0.47393471 0.18566112
v -0.20562819 -0.25171152 0.06838423
v -0.16064076 -0.12926774 0.07411049
v -0.16006058 0.08733866 0.05438943
v -0.16177577 0.06285086 0.05241301
v -0.15586908 0.04642437 0.06810712
v -0.22407943 -0.45894602 0.04828062
v -0.21960400 -0.45825088 0.06453530
v -0.22344403 -0.43910700 0.05531244
v -0.02058785 -0.38596272 0.14505616
v -0.02324419 -0.34880611 0.14003883
v -0.01990918 -0.46152920 0.17731163
v -0.01449470 -0.44782713 0.16891785
v -0.00278521 0.15607867 0.10258441
v -0.01582003 0.14463076 0.10146509
v -0.05016233 0.14110324 0.12980589
v -0.02502676 0.10094560 0.15646291
v -0.01235549 0.11788864 0.15131781
v -0.13467424 0.13057715 0.08843445
v -0.12035317 0.14641994 0.09135056
v -0.10981658 0.16340066 0.08174231
v -0.10700888 0.13788192 0.10711262
v -0.12443680 0.10854316 0.11415109
v -0.10885534 0.12119301 0.11764266
v -0.12406146 0.12640509 0.10146540
v -0.19844881 -0.49084657 0.18265867
v -0.18545708 -0.50215369 0.19711477
v -0.16968253 -0.50365609 0.20341121
v -0.02619395 -0.48101768 0.19159295
v -0.03880918 -0.46708122 0.17949499
v -0.03300745 -0.44841674 0.16854119
v -0.04015121 -0.42860705 0.16498816
v -0.02173059 -0.40545720 0.15121597
v -0.01750945 -0.27353483 0.16303837
v -0.00174837 -0.26066366 0.17035295
v -0.01993085 -0.25177404 0.17148584
v -0.03816262 -0.27106750 0.16093886
v -0.20097685 -0.29291776 0.05384833
v -0.01167588 -0.13144699 0.17449172
v -0.01892423 -0.15266281 0.17470208
v -0.15074112 -0.09381258 0.07180531
v -0.14500292 -0.05700194 0.06556553
v -0.16959308 -0.14198229 0.06321572
v -0.15471490 -0.11101183 0.07013921
v -0.17666985 -0.15495320 0.05196430
v -0.00765183 0.01675729 0.15645352
v -0.13973492 0.00263613 0.06329907
v -0.14033155 -0.01828205 0.06337377
v -0.15479912 0.07933354 0.07966939
v -0.15698656 0.03676418 0.05170587
v -0.15251595 0.05628283 0.08764606
v -0.22008343 -0.42345729 0.05914704
v -0.22054137 -0.49988830 0.10883349
v -0.21093576 -0.39334968 0.03648651
v -0.20858780 -0.36983272 0.04789871
v -0.00226153 -0.39350244 0.14465955
v -0.00122431 -0.35721302 0.13733760
v -0.00837840 -0.31939048 0.16587608
v -0.01245217 -0.30151150 0.15284200
v -0.03432199 -0.28889412 0.14539798
v -0.00533602 -0.41326869 0.15240881
v -0.03979497 0.13592520 0.11816660
v -0.02874936 0.13858981 0.13487402
v -0.06864346 0.12674549 0.13464083
v -0.08436327 0.14605463 0.11227588
v -0.06569561 0.14539662 0.12095874
v -0.02582079 0.12586701 0.14510234
v -0.00742672 0.09785697 0.15659398
v -0.03956302 0.11031630 0.14954409
v -0.21563098 -0.50018013 0.14604501
v -0.18299687 -0.47844216 0.19127925
v -0.05945227 -0.42410162 0.17173922
v -0.06114779 -0.40074477 0.16631931
v -0.04296078 -0.39297515 0.15530714
v -0.05885107 -0.37832692 0.15596874
v -0.07648877 -0.43405312 0.18079911
v -0.05684140 -0.44385779 0.17270952
v -0.01456345 -0.22750279 0.17831933
v -0.01158238 -0.20937152 0.17557596
v -0.01927492 -0.19215220 0.17581907
v -0.00754522 -0.28277367 0.15089083
v -0.02105562 -0.28112420 0.14786102
v -0.20954898 -0.25500467 0.04575850
v -0.20833561 -0.29873258 0.03448270
v -0.21304595 -0.30948737 0.04904770
v -0.00026770 -0.10949231 0.17231898
v -0.01034650 -0.08584260 0.17035370
v -0.04392771 -0.11296941 0.16664834
v -0.01585044 -0.06443705 0.16755971
v -0.15016730 -0.05310514 0.04840301
v -0.14542043 -0.03420787 0.05294981
v -0.14981863 -0.12108151 0.08856200
v -0.18783301 -0.19706003 0.05619803
v -0.00613947 0.03889124 0.15944511
v -0.00936228 0.05781270 0.16388652
v -0.02920420 0.03179474 0.15767293
v -0.03070690 0.01077446 0.15402211
v -0.13050513 -0.01077856 0.07964811
v -0.13576289 -0.03558127 0.07430320
v -0.14859398 0.02709665 0.06794020
v -0.14729872 0.03720234 0.08656565
v -0.21687859 -0.47307777 0.08557378
v -0.21768019 -0.44388288 0.10649739
v -0.21415028 -0.45235530 0.08732036
v -0.20717463 -0.40509301 0.08011523
v -0.21636227 -0.41956428 0.08031210
v -0.21016221 -0.41276279 0.10598676
v -0.21823359 -0.43230176 0.09511872
v -0.21020527 -0.36694494 0.06475289
v -0.21536033 -0.33416137 0.03835146
v -0.01705483 -0.36915019 0.14018866
v -0.04915503 -0.34772241 0.14077741
v -0.03924567 -0.37019786 0.14410695
v -0.03311646 -0.34105670 0.14859612
v -0.00941199 -0.34068754 0.15608704
v 0.00503171 -0.31123769 0.16359444
v -0.04222670 -0.31832117 0.16561337
v -0.08679684 0.09781922 0.14825320
v -0.10559686 0.10576294 0.13265572
v -0.07015069 0.15358506 0.10060051
v -0.00780258 0.07771658 0.15982373
v -0.04664308 0.09688623 0.15703590
v -0.06465334 0.10733794 0.14656927
v -0.06803305 0.08787635 0.15916330
v -0.08831491 0.11505233 0.13437781
v -0.20868933 -0.48659733 0.16493583
v -0.19674987 -0.47224838 0.18050314
v -0.16823757 -0.48574269 0.19637904
v -0.14005230 -0.43065670 0.18437263
v -0.07555933 -0.45465025 0.18080273
v -0.03955112 -0.18941212 0.17213973
v -0.05046846 -0.22807203 0.17195466
v -0.05267246 -0.21021780 0.16609859
v -0.18552218 -0.22067933 0.05251798
v -0.19945723 -0.23635308 0.06465667
v -0.18301047 -0.20821650 0.07335541
v -0.17258587 -0.21885671 0.08627203
v -0.18386260 -0.23219115 0.07128411
v -0.19451267 -0.24105273 0.08730345
v -0.19558203 -0.26476416 0.08286251
v -0.21407728 -0.32525513 0.06220570
v -0.20895459 -0.30322564 0.07099992
v -0.19819058 -0.28613469 0.07169729
v -0.02189328 -0.10790305 0.17071997
v -0.02888502 -0.08573335 0.16803139
v -0.03954737 -0.07073399 0.16365880
v -0.05196298 -0.08503374 0.16011494
v -0.04854781 -0.06201098 0.15907617
v 0.00930504 -0.17032547 0.17705919
v -0.00948307 -0.04208379 0.16498548
v -0.00923204 -0.02218585 0.16084471
v -0.04221665 -0.03869439 0.15740418
v -0.13706218 -0.05933755 0.08201361
v -0.02704631 0.06622160 0.16378483
v -0.02413686 0.04816552 0.16305827
v -0.06327374 0.03778048 0.15931188
v -0.06046380 -0.00316275 0.14441295
v -0.01777698 -0.00627118 0.15634103
v -0.12534329 -0.03051136 0.08842254
v -0.11055189 0.00245809 0.11266828
v -0.14241271 0.04579158 0.10763852
v -0.22222018 -0.49077916 0.08844920
v -0.21333423 -0.46353358 0.10541938
v -0.21789767 -0.49273887 0.12897719
v -0.21497506 -0.48110890 0.14652275
v -0.20685922 -0.39049256 0.05914610
v -0.21203232 -0.40947959 0.05660033
v -0.20557165 -0.39431763 0.10309280
v -0.21409020 -0.34675515 0.05320322
v -0.06033785 -0.35831344 0.14893810
v -0.02680697 -0.30307388 0.16188815
v -0.02792328 0.08565032 0.16038921
v -0.15460530 -0.48943171 0.20637566
v -0.12936042 -0.46141419 0.20095475
v -0.07593310 -0.38772988 0.16619544
v -0.02725554 -0.16889560 0.17382003
v -0.03203720 -0.21448131 0.17172083
v -0.10078622 -0.21227565 0.14383164
v -0.07095119 -0.22545733 0.16678570
v -0.17612189 -0.23426014 0.08764248
v -0.16971757 -0.19562267 0.08846108
v -0.17947558 -0.26123893 0.09518053
v -0.21067964 -0.26922694 0.06628675
v -0.20825437 -0.27622581 0.05070117
v -0.02641154 -0.02738495 0.15950456
v -0.02795432 -0.05036786 0.16348091
v -0.04201148 0.04847911 0.16320802
v -0.05958369 0.05310882 0.16430020
v -0.04665805 0.00472033 0.15131468
v -0.04094544 -0.01211924 0.15194659
v -0.05707841 -0.04933892 0.15274572
v -0.07364833 -0.06332793 0.14549576
v -0.06611690 -0.07702823 0.15214585
v -0.07235330 -0.09650370 0.15100688
v -0.06060539 -0.11168837 0.16021723
v -0.08043289 -0.11894043 0.15032159
v -0.09269271 -0.14150114 0.14644706
v -0.06345631 -0.15327348 0.16249850
v -0.08442777 -0.08030032 0.13943048
v -0.07888894 -0.14300831 0.15450008
v -0.08175275 -0.16308142 0.15394780
v -0.10166516 -0.09626923 0.12962082
v -0.06871320 -0.17529221 0.16145480
v -0.04950902 -0.17104068 0.16871829
v -0.09385797 -0.19390124 0.14661485
v -0.07522947 -0.20293564 0.15621293
v -0.06164284 -0.18976209 0.16523488
v -0.11044328 -0.04034792 0.10678598
v -0.10269672 -0.06065903 0.12126444
v -0.09376609 -0.04278968 0.12378958
v -0.11678145 -0.01344624 0.09953580
v -0.08404557 -0.02093182 0.13106604
v -0.07568301 -0.00780994 0.13690214
v -0.06190548 -0.02604632 0.14673671
v -0.12294117 0.02025340 0.11402681
v -0.11581650 0.07619192 0.14357972
v -0.13570769 0.02826009 0.10281353
v -0.21329175 -0.47446388 0.12423075
v -0.04770503 0.07340387 0.16390286
v -0.11064015 -0.48826605 0.20267351
v -0.12063826 -0.50242257 0.21076135
v -0.16616642 -0.46055281 0.18573909
v -0.14914688 -0.47191280 0.20015374
v -0.10436940 -0.43419680 0.19116957
v -0.04273975 -0.24955775 0.16908196
v -0.16143182 -0.15119302 0.08244745
v -0.19289427 -0.30297661 0.08879589
v -0.21062459 -0.33644205 0.09863052
v -0.21047711 -0.35312733 0.11242558
v -0.20997226 -0.37451500 0.10679942
v -0.20045330 -0.31621137 0.10227060
v -0.20989765 -0.31834593 0.08665342
v -0.21363148 -0.34046385 0.07655095
v -0.16294378 -0.28933069 0.14236888
v -0.20409298 -0.28120098 0.08732279
v -0.19274035 -0.28584233 0.10719932
v -0.18199524 -0.26961881 0.10775508
v -0.08382328 -0.32938260 0.14875026
v -0.17933445 -0.33974770 0.15349965
v -0.17827228 -0.28799269 0.12729019
v -0.06956413 -0.33549362 0.14548133
v -0.17406525 -0.31187314 0.13053276
v -0.19286633 -0.32336181 0.12477346
v -0.20409039 -0.33562744 0.11405166
v -0.16228531 -0.30972216 0.15179108
v -0.15987696 -0.25693452 0.10708372
v -0.18255764 -0.30696410 0.11152992
v -0.17837256 -0.32053664 0.14329955
v -0.05221679 -0.33397189 0.15704760
v -0.14318722 -0.10720146 0.09003993
v -0.12957151 -0.10075157 0.10535229
v -0.09846815 -0.17502394 0.14615159
v -0.10091576 -0.07650278 0.12562250
v -0.09000441 -0.06065843 0.13226318
v -0.06395954 0.01835572 0.14898348
v -0.09872886 0.03217844 0.14695698
v -0.08136819 0.03216251 0.15376626
v -0.08299064 0.05175502 0.16202909
v -0.08233236 0.01331391 0.14061023
v -0.09961643 0.02126581 0.13763712
v -0.07591185 -0.04453249 0.13950038
v -0.12561382 0.00825606 0.09706163
v -0.10412169 0.09059754 0.14519595
v -0.12183783 0.09321529 0.12916389
v -0.09489775 0.07328872 0.15783647
v -0.13679364 0.09137146 0.11155228
v -0.13715219 0.05496211 0.12160002
v -0.11366431 0.04696929 0.14513831
v -0.12997669 0.07771651 0.12854220
v -0.11491364 0.03162590 0.13550608
v -0.09731874 0.04531767 0.15461469
v -0.12863822 0.03928244 0.12581822
v -0.13111293 -0.48286879 0.20834628
v -0.15578777 -0.44677058 0.18408096
v -0.17948328 -0.41665089 0.17406324
v -0.17288586 -0.43970844 0.18122843
v -0.20749316 -0.39694247 0.12717457
v -0.09032436 -0.42960370 0.18560863
v -0.12595195 -0.44104025 0.18720993
v -0.07959924 -0.41138697 0.17695515
v -0.09229646 -0.39751849 0.17493097
v -0.09955118 -0.41648954 0.18302186
v -0.11773188 -0.41943440 0.18690455
v -0.03185468 -0.23459521 0.17565680
v -0.16332245 -0.17375317 0.08999698
v -0.15214813 -0.15962824 0.09954397
v -0.13227496 -0.16250004 0.12044752
v -0.14433022 -0.16790706 0.11095339
v -0.14222443 -0.25157917 0.11717679
v -0.08174291 -0.34989184 0.15286145
v -0.11494763 -0.33399910 0.14969660
v -0.20940250 -0.36370164 0.12814277
v -0.10248449 -0.15414487 0.13972671
v -0.11818104 -0.09114081 0.11394524
v -0.11640327 -0.06732112 0.10974607
v -0.10997323 0.01650457 0.12480076
v -0.07245477 0.06819186 0.16405411
v -0.08492079 0.08444160 0.15725279
v -0.13842730 0.11104644 0.09420535
v -0.14670625 0.08878872 0.09515851
v -0.14026031 0.07327042 0.11536707
v -0.10633740 0.06093593 0.15256891
v -0.21672708 -0.42868957 0.11698763
v -0.11648948 -0.47427812 0.19899081
v -0.14553733 -0.45607391 0.18838587
v -0.11280774 -0.45227975 0.19740364
v -0.10605806 -0.38415891 0.17441694
v -0.11706441 -0.16992664 0.13325550
v -0.11451147 -0.19213399 0.13351519
v -0.13302833 -0.18090607 0.12092804
v -0.14608608 -0.19204654 0.11113586
v -0.09185786 -0.22642620 0.15895209
v -0.08500962 -0.21146822 0.15308560
v -0.12106702 -0.14742231 0.12471412
v -0.14836514 -0.13806781 0.09452672
v -0.14744173 -0.22879200 0.11501670
v -0.16140001 -0.23872495 0.12318943
v -0.16085109 -0.22865587 0.10092124
v -0.04394499 -0.29863328 0.15941311
v -0.05921715 -0.30911943 0.16529514
v -0.07630625 -0.29703099 0.16053787
v -0.08970457 -0.31727543 0.16470191
v -0.09116975 -0.29709369 0.16099089
v -0.10771542 -0.31214541 0.16491161
v -0.14592354 -0.29491311 0.15204795
v -0.12746127 -0.29780430 0.15778382
v -0.07249610 -0.32033095 0.16433610
v -0.08065066 -0.36613762 0.16028623
v -0.10130727 -0.35262534 0.16036175
v -0.12647872 -0.35171074 0.15903439
v -0.13588712 -0.33199829 0.15162751
v -0.11342352 -0.36641732 0.16916890
v -0.09711751 -0.33210090 0.14859532
v -0.20264255 -0.34624550 0.12908168
v -0.17215168 -0.36048144 0.16036601
v -0.18627146 -0.36253300 0.14598027
v -0.16396838 -0.34959894 0.15391806
v -0.14348066 -0.31290594 0.16125095
v -0.16060446 -0.42512691 0.17822349
v -0.16011879 -0.41069520 0.17428738
v -0.14194758 -0.39596704 0.17640346
v -0.21322802 -0.41039780 0.13177346
v -0.21470870 -0.46105367 0.14641225
v -0.13261747 -0.40766802 0.18233614
v -0.11212191 -0.39907637 0.18004799
v -0.09355578 -0.37463933 0.16839735
v -0.17592902 -0.18716751 0.07546722
v -0.17093378 -0.16551670 0.07212655
v -0.18087308 -0.17748341 0.05771551
v -0.08377878 -0.24702345 0.16041052
v -0.10201497 -0.24536005 0.15350208
v -0.07392070 -0.26049525 0.15471038
v -0.05865319 -0.26407585 0.15767594
v -0.14520262 -0.23863834 0.13482052
v -0.11686219 -0.21824160 0.13521332
v -0.07711404 -0.28689921 0.14520939
v -0.12771584 -0.12953174 0.11772531
v -0.13575928 -0.14806442 0.11154170
v -0.14815052 -0.21159196 0.11182170
v -0.13246213 -0.20628320 0.12230163
v -0.17749737 -0.23912038 0.10864972
v -0.14109090 -0.28003028 0.14245169
v -0.12869532 -0.26798534 0.12691423
v -0.15221295 -0.27184996 0.12529990
v -0.10971861 -0.28890720 0.15432088
v -0.09432797 -0.28163755 0.13993078
v -0.08798816 -0.25896007 0.13903517
v -0.10847034 -0.27434683 0.13468640
v -0.11027006 -0.25284153 0.13191298
v -0.12031867 -0.28082064 0.14565291
v -0.13509393 -0.36751005 0.17010632
v -0.15293296 -0.36164933 0.16570027
v -0.12348934 -0.38234362 0.17627786
v -0.15997809 -0.33022317 0.15901805
v -0.20764679 -0.37937906 0.14012539
v -0.15662548 -0.39390674 0.17434472
v -0.17337510 -0.39818352 0.16892585
v -0.21777870 -0.44996274 0.12661985
v -0.20926110 -0.47215831 0.16093951
v -0.10742512 -0.22580147 0.15158227
v -0.12456650 -0.23669511 0.14722833
v -0.12820338 -0.24467829 0.12876906
v -0.05708874 -0.28834641 0.15241672
v -0.11647925 -0.11331214 0.12297116
v -0.13324308 -0.22539432 0.12576699
v -0.14452781 -0.38054436 0.17473534
v -0.14731197 -0.35091984 0.15413424
v -0.16119674 -0.37921613 0.16197373
v -0.20741026 -0.39898971 0.14802811
v -0.19287008 -0.38363290 0.14756605
v -0.17842740 -0.38421178 0.15332147
v -0.21514760 -0.42756689 0.13262825
v -0.20951380 -0.44263220 0.14679152
v -0.20202726 -0.45187277 0.16807795
v -0.19843382 -0.42764392 0.16420540
v -0.19318546 -0.40220213 0.16151279
v -0.20625795 -0.42038238 0.14776614
v -0.08738442 -0.51203591 0.21233265
v -0.06141426 0.23183097 0.04102618
v -0.07979912 0.23028676 0.03571961
v -0.06561241 0.21807301 0.05138107
v -0.08869337 0.19812031 0.06161899
v -0.07155474 0.20056710 0.06304558
v -0.08487032 0.21495453 0.04841078
v -0.10038130 0.20909205 0.05067666
v -0.03509600 -0.13086025 0.17069317
v -0.13796112 -0.08734822 0.09206252
v -0.14224190 -0.07521673 0.08133073
v -0.04421983 -0.15076371 0.16917066
v -0.12702949 -0.31927291 0.16130877
v 0.16757546 0.08907387 0.02175852
v 0.16552837 0.05326537 0.03577134
v 0.16007140 0.03205945 0.04234419
v 0.14890599 -0.03041943 0.03910045
v 0.15139367 -0.05101039 0.03766057
v 0.15688218 -0.07105931 0.03743052
v 0.16022654 -0.09200122 0.03680993
v 0.16648661 -0.11464661 0.03938614
v 0.17896591 -0.15123081 0.03854945
v 0.18462807 -0.16886762 0.03032482
v 0.20076120 -0.22860435 0.02788328
v 0.21440792 -0.30213407 0.02475987
v 0.21761067 -0.32002315 0.02499056
v 0.21605845 -0.33956119 0.02637350
v 0.22088178 -0.35867918 0.02698477
v 0.22355767 -0.37522167 0.02832724
v 0.21960154 -0.39666057 0.02210319
v 0.22435050 -0.41216823 0.03300877
v 0.23363551 -0.46531093 0.03689858
v 0.23206884 -0.48443243 0.02911391
v 0.22810759 -0.51102161 0.03574133
v 0.22616547 -0.53060311 0.03904980
v 0.22570360 -0.54695249 0.04399681
v 0.22550523 -0.54978019 0.04309940
v 0.22558181 -0.55260736 0.04212585
v 0.22250405 -0.55394977 0.06065740
v 0.22018102 -0.55387843 0.08006367
v 0.21935226 -0.55361104 0.09856607
v 0.21819279 -0.55302447 0.11708206
v 0.21699882 -0.55235332 0.13546993
v 0.21509811 -0.55128270 0.15371594
v 0.21124330 -0.54992265 0.17157310
v 0.20396879 -0.54837865 0.18820080
v 0.19421926 -0.54678315 0.20330015
v 0.18085180 -0.54541838 0.21566029
v 0.16631258 -0.54395413 0.22680704
v 0.14969754 -0.54296058 0.23487812
v 0.13239160 -0.54229200 0.24083316
v 0.11470263 -0.54194808 0.24546485
v 0.09661514 -0.54167110 0.24964000
v 0.07861523 -0.54138017 0.25336516
v 0.06130924 -0.54084635 0.25650755
v 0.04329357 -0.54075491 0.25882974
v 0.02501246 -0.54122323 0.26009190
v 0.01524051 0.17564765 0.08612631
v 0.03013011 0.19069900 0.07860370
v 0.04263416 0.20701990 0.06718335
v 0.05067006 0.22750562 0.05152433
v 0.05626022 0.24658556 0.03080925
v 0.06270562 0.26545987 0.00958382
v 0.06808820 0.27761102 -0.01854395
v 0.06870684 0.27332839 -0.05089273
v 0.09948152 0.26925936 -0.03555052
v 0.12082601 0.26520622 -0.03413306
v 0.13020632 0.25909525 -0.01735576
v 0.13304740 0.25495034 0.00008073
v 0.12892242 0.24689619 0.01622423
v 0.12395687 0.23533478 0.02848352
v 0.12097513 0.22096340 0.04190216
v 0.12204370 0.20393164 0.05466190
v 0.12789103 0.18393531 0.06446802
v 0.13689269 0.16336657 0.07020134
v 0.14683242 0.14317003 0.07266010
v 0.15749320 0.12342627 0.06604596
v 0.16556330 0.10374926 0.05164677
v 0.04317057 -0.51508093 0.22992139
v 0.01447716 0.15714115 0.09012245
v 0.07914151 0.17179509 0.08896823
v 0.08149959 0.27430212 -0.03644286
v 0.22580698 -0.46684575 0.11314426
v 0.08878455 -0.51629525 0.22186440
v 0.07189962 0.20108202 0.06632368
v 0.08160757 0.23304558 0.03620735
v 0.09194602 0.26920491 -0.01819612
v 0.07314502 0.25461528 0.01482629
v 0.22775960 -0.50402766 0.12305674
v 0.04915703 -0.53065634 0.24611236
v 0.05813440 0.21404892 0.05982535
v 0.06339901 0.23523693 0.04109411
v 0.11069510 0.26321462 -0.01328685
v 0.10781942 0.25170541 0.00750981
v 0.07679356 0.26936743 -0.00745863
v 0.15036596 -0.51433718 0.21436936
v 0.21949306 -0.50611287 0.15363970
v 0.22222629 -0.54343224 0.07351737
v 0.09301127 -0.53139275 0.23853061
v 0.12019581 -0.52982455 0.23236425
v 0.15542427 -0.52935296 0.22483703
v 0.22011854 -0.53662568 0.12821111
v 0.20747226 -0.53118306 0.18120632
v 0.06501031 -0.52529651 0.23699963
v 0.18483865 -0.52577502 0.20920539
v 0.16893952 -0.51732188 0.21537504
v 0.13911371 -0.53126955 0.22980592
v 0.16889772 -0.53102070 0.22101800
v 0.14758845 -0.25906622 0.14088799
v 0.10595365 0.00404127 0.13459910
v 0.15078031 0.07788691 0.10708438
v 0.03585978 -0.49862546 0.21198285
v 0.04346365 0.14515300 0.11186612
v 0.07696111 -0.38312277 0.16811390
v 0.23135988 -0.46670720 0.07717083
v 0.02166363 -0.52168286 0.23632537
v 0.02304123 -0.50955671 0.22335817
v 0.07584025 0.24392717 0.02659004
v 0.07490835 0.22008441 0.05091086
v 0.09224653 0.20371294 0.06023913
v 0.09771001 0.21786848 0.04664481
v 0.10856283 0.20749572 0.05404885
v 0.11190473 0.19202596 0.06472556
v 0.10381389 0.22909410 0.03501197
v 0.09900459 0.18405999 0.07395199
v 0.11791154 0.16843653 0.07857697
v 0.06511073 0.18494274 0.07918762
v 0.08317555 0.18736029 0.07534408
v 0.10379560 0.13107525 0.12096125
v 0.02980419 0.16998461 0.09328290
v 0.10078713 0.14620581 0.10409616
v 0.09779873 0.16568200 0.08909724
v 0.22464597 -0.53599447 0.05822488
v 0.23237292 -0.52345526 0.05387859
v 0.22866565 -0.52527976 0.07665181
v 0.22912163 -0.49630967 0.10234848
v 0.23174296 -0.51001173 0.08707161
v 0.22793260 -0.51525235 0.10701446
v 0.23000839 -0.49154082 0.08189267
v 0.23460318 -0.50145167 0.05390662
v 0.22229083 -0.53659683 0.11026599
v 0.22428280 -0.53180873 0.09320080
v 0.22623597 -0.48408267 0.11628791
v 0.22662747 -0.48082528 0.09581666
v 0.22297502 -0.51704645 0.13904862
v 0.21860611 -0.53012991 0.14815348
v 0.21400677 -0.52918166 0.16574965
v 0.08816408 0.25895596 0.00194414
v 0.20263410 -0.50855261 0.18975519
v 0.18908665 -0.24906534 0.09281404
v 0.07806803 -0.29505008 0.15400968
v 0.15051447 -0.12176728 0.09096116
v 0.07882843 -0.08109865 0.14994533
v 0.15648983 0.09848936 0.07988375
v 0.01404761 -0.49730331 0.20961347
v 0.13302484 0.14904936 0.08364618
v 0.11553179 0.14880355 0.09451777
v 0.11875714 0.13168284 0.10948404
v 0.23479658 -0.46519953 0.05574127
v 0.23137534 -0.41826248 0.06294521
v 0.05141372 -0.50127465 0.20958938
v 0.06697153 -0.51318407 0.22062354
v 0.05316963 0.19547608 0.07307642
v 0.04953403 0.17722768 0.08659551
v 0.04674112 0.16014215 0.09942227
v 0.06398496 0.16965307 0.09177995
v 0.06342413 0.15316717 0.10667615
v 0.02832516 0.15333682 0.10525692
v 0.00831226 0.13762692 0.10464987
v 0.02683511 0.13431588 0.11881825
v 0.22507016 -0.52127844 0.12227125
v 0.23425716 -0.50770140 0.06807266
v 0.23440419 -0.48665825 0.06490058
v 0.23488306 -0.48503873 0.04843532
v 0.17160958 -0.48323131 0.19742087
v 0.13940464 -0.49512359 0.20294711
v 0.11710736 -0.46363315 0.18960597
v 0.13548990 -0.47746921 0.19264364
v 0.16215409 -0.50024390 0.20627177
v 0.15745178 -0.48187459 0.19450852
v 0.18479016 -0.50374055 0.20395397
v 0.19206211 -0.48923567 0.19542229
v 0.18043599 -0.44525892 0.18356335
v 0.13343771 -0.45715135 0.18816209
v 0.15166599 -0.46452311 0.18674389
v 0.16362429 -0.44488665 0.18076195
v 0.12244916 -0.43949565 0.18116426
v 0.10055993 -0.44830948 0.18180373
v 0.10588853 -0.42515361 0.17485338
v 0.12612052 -0.41849259 0.16908184
v 0.08781816 -0.42733350 0.17637654
v 0.15755966 -0.42306197 0.17214170
v 0.13783765 -0.42930755 0.17372170
v 0.08409137 -0.45826069 0.19015418
v 0.10270260 -0.46668819 0.19532117
v 0.08404171 -0.47225669 0.19742052
v 0.08283166 -0.48859492 0.20430027
v 0.08959380 -0.41221240 0.16677412
v 0.19715409 -0.42143926 0.16147858
v 0.22491203 -0.47390047 0.14462212
v 0.17978534 -0.42690927 0.17713755
v 0.14263847 -0.44272876 0.18157971
v 0.10744341 -0.40664309 0.16679271
v 0.07630352 -0.44083759 0.18032856
v 0.06931677 -0.42494303 0.17268927
v 0.22617581 -0.46776351 0.13135248
v 0.22411141 -0.45018050 0.14930204
v 0.22137263 -0.48793912 0.15282884
v 0.06235132 -0.45720226 0.18007469
v 0.22547553 -0.49433476 0.13802253
v 0.06318185 -0.41229078 0.16322181
v 0.03944625 -0.45245939 0.17087823
v 0.05465969 -0.43801883 0.16991182
v 0.13126142 -0.51433170 0.21836242
v 0.09892982 -0.49806774 0.21144983
v 0.19341785 -0.24923526 0.05616026
v 0.03862491 -0.22503048 0.16771220
v 0.05041729 -0.33768654 0.15258265
v 0.13852170 -0.03166755 0.07191900
v 0.14291760 0.00552755 0.07273743
v 0.04829710 0.03461717 0.16218832
v 0.03919014 -0.00299972 0.15811425
v 0.02728397 -0.03933455 0.16497289
v 0.16242868 0.04815076 0.05816047
v 0.16281778 0.06688502 0.06824447
v 0.16558908 0.06678931 0.05038999
v 0.15834835 0.04650309 0.07649616
v 0.16003901 0.10549835 0.06576158
v 0.14436568 0.12949668 0.08309542
v 0.16555037 0.08936706 0.04768729
v 0.01913924 -0.47969931 0.19311844
v 0.08399516 0.14130069 0.11341137
v 0.12941931 0.10390909 0.12276714
v 0.02475608 0.13720489 0.14029220
v 0.02065502 -0.39101893 0.14599580
v 0.23255675 -0.44590908 0.04657665
v 0.22965270 -0.40649506 0.05114134
v 0.22441833 -0.36982277 0.04668908
v 0.04455110 0.14180186 0.13077579
v 0.18776296 -0.47157335 0.19126385
v 0.16961545 -0.46433204 0.18858677
v 0.04523040 -0.48629057 0.19518113
v 0.06290425 -0.48570964 0.19629516
v 0.06492148 -0.47250798 0.18865284
v 0.06499147 -0.49867946 0.20667987
v 0.21483882 -0.48829290 0.17103143
v 0.03195991 -0.43436402 0.16121030
v 0.04152451 -0.40339473 0.15715654
v 0.06815092 -0.39649060 0.16685618
v 0.05779027 -0.37410310 0.15693879
v 0.02037633 -0.44671237 0.16760300
v 0.02291306 -0.46201020 0.17676061
v 0.11053745 -0.51624775 0.22158754
v 0.11919625 -0.49741736 0.21113762
v 0.11847405 -0.48273429 0.20136511
v 0.08218339 -0.50381124 0.21167086
v 0.20105599 -0.23100892 0.05132741
v 0.20975597 -0.27556172 0.05157789
v 0.19387276 -0.24305522 0.03358814
v 0.20131254 -0.26306814 0.03640934
v 0.04856671 -0.18932033 0.17376432
v 0.03347502 -0.35096034 0.14177087
v 0.17329858 -0.13430175 0.04091138
v 0.16644457 -0.12691365 0.05927065
v 0.17855504 -0.16378574 0.05497652
v 0.16059989 -0.10347125 0.05484878
v 0.15573080 -0.09371816 0.06676181
v 0.02336423 -0.06984203 0.16884361
v 0.02920407 -0.15174261 0.17521235
v 0.03178322 -0.12768848 0.17286052
v 0.01038915 -0.13140568 0.17504001
v 0.14951777 0.00911309 0.04764999
v 0.15439786 0.02645447 0.06103520
v 0.02675587 0.03986872 0.16065316
v 0.03841697 0.01651171 0.16084364
v 0.04011546 -0.47187126 0.18303534
v 0.08451700 0.15691747 0.10038037
v 0.06415868 0.13727939 0.12098501
v 0.07508163 0.11351146 0.14303955
v 0.06402600 0.12917279 0.13909580
v 0.03845377 0.12359936 0.14617425
v 0.08598742 0.13002789 0.13102351
v 0.01636009 0.12004705 0.14983688
v 0.02856351 0.10118253 0.15209302
v 0.19566169 -0.43819395 0.17257705
v 0.03176366 -0.48639220 0.19889693
v 0.20518515 -0.49506348 0.18460475
v 0.21151400 -0.50798678 0.17609420
v 0.05209172 -0.39226544 0.16100290
v 0.10123526 -0.48180521 0.20437151
v 0.19467205 -0.21023092 0.03783800
v 0.18853015 -0.21686152 0.06020108
v 0.19720280 -0.23376273 0.07503102
v 0.17968859 -0.22100224 0.07873362
v 0.20288479 -0.26604709 0.06162824
v 0.20094994 -0.26432291 0.08421582
v 0.18456711 -0.22859827 0.09827831
v 0.16774246 -0.21458642 0.09093833
v 0.21205220 -0.28550071 0.03457656
v 0.21257624 -0.29283375 0.05823049
v 0.21049693 -0.27951077 0.07521027
v 0.20651065 -0.30013779 0.07979505
v 0.19945270 -0.26423472 0.09841319
v 0.22155897 -0.32868919 0.04219314
v 0.21583973 -0.30882469 0.04179341
v 0.01711124 -0.22888921 0.17082813
v 0.01849681 -0.25638291 0.17132211
v 0.02240176 -0.30445552 0.15150179
v 0.02472867 -0.31809133 0.16806617
v 0.15778501 -0.11532616 0.07368870
v 0.18509170 -0.17838272 0.04739747
v 0.18997982 -0.18814515 0.03379802
v 0.18084762 -0.19832391 0.07785830
v 0.16909704 -0.18382119 0.08895757
v 0.17796068 -0.17895873 0.06930488
v 0.16806805 -0.16360903 0.07853647
v 0.15604533 -0.17292792 0.09924452
v 0.16724381 -0.19815935 0.09911744
v 0.17307262 -0.14938354 0.06101606
v 0.16217694 -0.13938737 0.07921863
v 0.13494770 -0.18960407 0.12985565
v 0.15581450 -0.07948171 0.05420086
v 0.14061549 -0.05346340 0.07709845
v 0.15092236 -0.06153748 0.05721119
v 0.02705762 -0.18059677 0.17613119
v 0.04823810 -0.16442399 0.17165080
v 0.03064341 0.08000279 0.15879999
v 0.04221739 -0.02453875 0.16264796
v 0.05604451 -0.01645978 0.15961914
v 0.02250762 -0.01876160 0.16271175
v 0.21955450 -0.35209095 0.05050258
v 0.22310227 -0.33470151 0.06638518
v 0.22725268 -0.38037336 0.08012926
v 0.22725421 -0.39122248 0.04191824
v 0.19163029 -0.45738405 0.18452901
v 0.21827924 -0.46615189 0.16313519
v 0.20482957 -0.46413666 0.17704222
v 0.20901093 -0.45019156 0.16972943
v 0.20544119 -0.47811231 0.17995301
v 0.01446532 -0.42769182 0.15744841
v 0.02861086 -0.41351220 0.15365027
v 0.08047218 -0.36030647 0.15423869
v 0.19303048 -0.25532550 0.07510324
v 0.16729538 -0.22201517 0.11021885
v 0.15298465 -0.21119069 0.10521905
v 0.16493182 -0.24855067 0.12815113
v 0.17887025 -0.26227197 0.11797760
v 0.15688972 -0.22542575 0.12237903
v 0.17524999 -0.24065599 0.11637030
v 0.04773893 -0.24266310 0.17151822
v 0.03234455 -0.24917263 0.17248808
v 0.07553793 -0.25891355 0.16515854
v 0.06272972 -0.23599833 0.16123205
v 0.06072824 -0.25386253 0.17088498
v 0.05946487 -0.27534625 0.16034059
v 0.03034604 -0.33864084 0.15727250
v 0.04307123 -0.32215652 0.17006135
v 0.06228646 -0.32438475 0.16906932
v 0.01894091 -0.36984646 0.13875216
v 0.03793228 -0.38043529 0.15134855
v 0.13518366 -0.12237997 0.11172116
v 0.18733351 -0.19424394 0.05454391
v 0.15766793 -0.15588300 0.09514664
v 0.13441928 -0.21431074 0.12121353
v 0.14853609 -0.19553809 0.11880447
v 0.10452168 -0.20882021 0.14620069
v 0.14541675 -0.23483211 0.13657983
v 0.12297217 -0.20246649 0.13538878
v 0.11562559 -0.21960175 0.13456237
v 0.15670919 -0.18738458 0.10704108
v 0.14734538 -0.04569749 0.05597416
v 0.14700052 -0.07536449 0.07586894
v 0.14925052 -0.10181848 0.08440403
v 0.01359816 -0.09386794 0.17088056
v 0.03555583 -0.10867333 0.17021269
v 0.05666760 -0.10545418 0.16416690
v 0.07154370 -0.11999318 0.16058244
v 0.03937070 -0.08833002 0.16771603
v 0.14510369 -0.02987815 0.05420992
v 0.14819896 -0.01250072 0.04310200
v 0.13350002 -0.01539243 0.08422100
v 0.07249479 0.03609659 0.16122214
v 0.06509835 0.04938997 0.16334055
v 0.08296587 0.02174108 0.15471268
v 0.22425061 -0.37366140 0.06436391
v 0.22776511 -0.40264142 0.07128070
v 0.09450661 -0.36835250 0.16569568
v 0.05543810 -0.35557008 0.14398679
v 0.18918157 -0.25246382 0.10835259
v 0.03714281 -0.28353760 0.15540785
v 0.05273490 -0.21262835 0.17096569
v 0.07271815 -0.21394470 0.16272785
v 0.03998038 -0.30792072 0.15545683
v 0.08530392 -0.33093458 0.16315430
v 0.14722030 -0.13911760 0.10162169
v 0.12981068 -0.14090797 0.12169645
v 0.14308353 -0.15747254 0.11272818
v 0.13910082 -0.17649613 0.11800062
v 0.12458844 -0.16242993 0.13013045
v 0.11942577 -0.17685123 0.13473323
v 0.03637183 -0.20224681 0.17682543
v 0.01809380 -0.11236630 0.17263372
v 0.05542513 -0.12698591 0.16772301
v 0.09310345 -0.14303227 0.15150203
v 0.07487588 -0.10039472 0.15502626
v 0.14272974 -0.01185485 0.06241808
v 0.14696662 0.02307894 0.08214089
v 0.15195084 0.04122847 0.09518060
v 0.06080117 0.00203583 0.15538356
v 0.05278005 0.08964305 0.15702294
v 0.05321212 0.11151879 0.14740145
v 0.06695354 0.10139883 0.15164910
v 0.10249586 0.08564639 0.15227498
v 0.08999559 0.09844439 0.14952527
v 0.09977421 0.11202025 0.13649832
v 0.11754825 0.11461921 0.12425727
v 0.13214231 0.07121959 0.13755250
v 0.07342777 -0.01181043 0.15315843
v 0.06457796 0.01726503 0.15839121
v 0.08424917 0.00577306 0.14910771
v 0.22622590 -0.38975376 0.05960914
v 0.23099467 -0.44342366 0.07572865
v 0.22757313 -0.45758075 0.09418993
v 0.09994920 -0.38478869 0.17175850
v 0.04343356 -0.26526514 0.16876179
v 0.05755351 -0.29145703 0.15033856
v 0.06036872 -0.30316269 0.16268879
v 0.09853250 -0.22738080 0.14591452
v 0.06428615 -0.19652784 0.16882446
v 0.07840110 -0.19728427 0.16316831
v 0.06567314 -0.17902617 0.16738477
v 0.08741474 -0.15998107 0.15596229
v 0.06777325 -0.15367086 0.16461048
v 0.07782177 -0.13675955 0.15909205
v 0.11815107 -0.14286305 0.13280626
v 0.10603303 -0.13499922 0.14139459
v 0.07377614 -0.33864409 0.14959790
v 0.10451682 -0.33202305 0.16207986
v 0.09819956 -0.34191793 0.14995702
v 0.09669742 -0.31377575 0.16868588
v 0.10366836 -0.35254416 0.16048348
v 0.12989302 -0.22881639 0.14116782
v 0.11478619 -0.19054165 0.14413318
v 0.12852629 -0.03576683 0.09082288
v 0.13194272 -0.06007036 0.09402698
v 0.12660222 -0.07746552 0.10609794
v 0.13937788 -0.08271663 0.09228276
v 0.10664888 -0.08972278 0.12927899
v 0.11473643 -0.05343460 0.11228807
v 0.11931358 -0.08999989 0.11726238
v 0.11963500 -0.03816535 0.10401861
v 0.09451082 -0.07590155 0.13665064
v 0.09632812 -0.05253320 0.12991296
v 0.11044063 -0.06845102 0.12016089
v 0.10950618 -0.03480442 0.11632410
v 0.09284880 -0.02987880 0.13455135
v 0.12749839 -0.10854260 0.11599977
v 0.13534626 -0.09745918 0.10305426
v 0.06133481 -0.08078545 0.15992762
v 0.15264386 0.05952714 0.10586005
v 0.07973798 0.08421011 0.15830728
v 0.06538640 0.06697179 0.16279756
v 0.08561292 0.05819913 0.16286673
v 0.08970878 -0.01276688 0.14109863
v 0.22843763 -0.42265838 0.08307391
v 0.23394328 -0.45081231 0.06159266
v 0.23256609 -0.43563902 0.06046226
v 0.22739698 -0.44801801 0.11659543
v 0.22825398 -0.43776491 0.09792437
v 0.03791231 -0.36717328 0.14299545
v 0.16395274 -0.29001471 0.13963957
v 0.15961860 -0.27190939 0.12564494
v 0.17441805 -0.28080097 0.11945082
v 0.18967004 -0.27665225 0.10637376
v 0.07530464 -0.27568793 0.15074264
v 0.09393834 -0.26345810 0.15809675
v 0.10774793 -0.15834117 0.14292727
v 0.08896752 -0.12021746 0.15032256
v 0.14345375 -0.11066879 0.09837719
v 0.09722722 -0.19255731 0.15425749
v 0.09396873 -0.09696034 0.14141729
v 0.10802180 -0.01703076 0.12324553
v 0.12151060 -0.01920114 0.10451791
v 0.12192727 0.00063046 0.11513381
v 0.13342465 0.00377332 0.09629042
v 0.13235751 0.03192816 0.12615754
v 0.13732208 0.02220599 0.10567133
v 0.12356290 0.01525810 0.12281007
v 0.12141400 -0.12349419 0.12620449
v 0.15854578 0.07852410 0.08579126
v 0.14296550 0.06682655 0.12442039
v 0.11877353 0.03868427 0.14446355
v 0.10541796 0.05867212 0.15818036
v 0.09740435 0.03843081 0.15754743
v 0.12006374 0.06593124 0.14868657
v 0.11731250 0.02647427 0.13867687
v 0.09949873 0.02014429 0.14714906
v 0.13331485 0.05027376 0.13564602
v 0.23031905 -0.40050814 0.09430281
v 0.22219184 -0.38658455 0.10344852
v 0.23103704 -0.41588756 0.10136371
v 0.10180449 -0.17483972 0.14725907
v 0.06292035 -0.04641451 0.15526199
v 0.07023230 -0.06266457 0.15345222
v 0.08190621 -0.04457265 0.14407848
v 0.07086176 -0.02772045 0.14907937
v 0.04943416 -0.03905189 0.15870869
v 0.08337007 -0.06421338 0.14420366
v 0.14379063 0.04326230 0.11701937
v 0.15786345 0.06311807 0.09062281
v 0.15184855 0.09202486 0.09641539
v 0.14602293 0.11079571 0.09409943
v 0.13294031 0.11651041 0.10885498
v 0.14204735 0.09752633 0.11091971
v 0.13601483 0.08800268 0.12608959
v 0.13259892 0.13144845 0.09757897
v 0.20331523 -0.37385079 0.15109497
v 0.22363646 -0.43101537 0.14366224
v 0.10868318 -0.11043611 0.13292125
v 0.21469352 -0.38052502 0.12741730
v 0.22938848 -0.42847714 0.12130325
v 0.19230589 -0.40203559 0.15619805
v 0.17778386 -0.40952870 0.17104849
v 0.14430091 -0.40585691 0.17020148
v 0.13768516 -0.38467658 0.17333072
v 0.12196481 -0.39429379 0.17308952
v 0.10986356 0.24173626 0.02111073
v 0.09183518 0.24441978 0.02031991
v 0.21500897 -0.31480551 0.06100695
v 0.20797624 -0.28386998 0.09582020
v 0.04843244 -0.14531691 0.17135546
v 0.22078212 -0.37005332 0.09325546
v 0.22010073 -0.35999617 0.07228985
v 0.07748944 -0.31093335 0.16934250
v 0.11504024 -0.23382476 0.15114054
v 0.09940042 -0.24009177 0.15983234
v 0.11103111 -0.25314257 0.15693738
v 0.11732614 -0.26842335 0.14977634
v 0.09963983 -0.27853030 0.14537525
v 0.09927256 -0.29158342 0.15784143
v 0.08233853 -0.23100126 0.15338317
v 0.08366566 -0.24470800 0.16508588
v 0.12400405 -0.28876278 0.14417072
v 0.11411765 -0.29911461 0.16265558
v 0.14905675 -0.29217026 0.13886443
v 0.13057365 -0.25064796 0.14947549
v 0.08863647 -0.21340877 0.15473802
v 0.13450575 -0.27360821 0.14664589
v 0.03236951 -0.05438637 0.16576858
v 0.04849165 -0.06344093 0.16273630
v 0.21231483 -0.41150329 0.15514481
v 0.22273216 -0.41235247 0.13609108
v 0.20221062 -0.39075527 0.15602525
v 0.16456445 -0.33576459 0.14422348
v 0.20989148 -0.35747051 0.13817346
v 0.18410832 -0.34525380 0.13775869
v 0.19936931 -0.34887329 0.13284747
v 0.19176005 -0.36156225 0.14828394
v 0.14284170 -0.36765721 0.16886321
v 0.15638135 -0.38554034 0.16539714
v 0.15030846 -0.34787133 0.16024296
v 0.12677699 -0.35039353 0.16247955
v 0.17508772 -0.35634765 0.15230256
v 0.16517435 -0.36790940 0.16357152
v 0.17379406 -0.39280671 0.15999551
v 0.11865175 -0.36944473 0.16884686
v 0.14633189 -0.32713088 0.14958043
v 0.13264666 -0.33800364 0.15081672
v 0.11534035 -0.34029931 0.15110692
v 0.13460530 -0.31568384 0.16501087
v 0.11711824 -0.32358682 0.16594478
v 0.13831018 -0.29871738 0.15683022
v 0.15552698 -0.31648567 0.15975194
v 0.16222605 -0.30320361 0.15300736
v 0.18657844 -0.37841496 0.15888159
v 0.17876247 -0.30637711 0.14524297
v 0.17601955 -0.32539400 0.15006445
v 0.21856853 -0.33719099 0.10725141
v 0.21096653 -0.32126287 0.10643542
v 0.21911198 -0.33012250 0.09095842
v 0.21433836 -0.31870070 0.08404619
v 0.20674871 -0.32726082 0.12702419
v 0.21655676 -0.34329358 0.12419516
v 0.19838159 -0.31360641 0.11550716
v 0.19826563 -0.29314116 0.11713266
v 0.19127315 -0.32792690 0.14169282
v 0.18544358 -0.28985319 0.12817234
v 0.19040135 -0.31069201 0.13156033
v 0.22044829 -0.36525425 0.11490557
v 0.22174293 -0.35325092 0.10564699
v 0.22307247 -0.34679687 0.08780622
v 0.22238462 -0.55526030 0.02230058
v 0.22076686 -0.55680352 0.00316212
v 0.21860127 -0.55742550 -0.01594232
v 0.21660241 -0.55707484 -0.03497858
v 0.21419969 -0.55627561 -0.05378078
v 0.21171214 -0.55546021 -0.07255191
v 0.20809600 -0.55475074 -0.09105466
v 0.19810808 -0.55375177 -0.10717825
v 0.18616295 -0.55350941 -0.12208787
v 0.17396304 -0.55356944 -0.13717020
v 0.16024505 -0.55369800 -0.15081069
v 0.14355095 -0.55421543 -0.16119957
v 0.12558767 -0.55365938 -0.16983637
v 0.10733543 -0.55215973 -0.17675720
v 0.08917922 -0.54984289 -0.18307211
v 0.07082023 -0.54788136 -0.18812452
v 0.05218985 -0.54617864 -0.19217560
v 0.03323283 -0.54503399 -0.19462162
v 0.01421808 -0.54431129 -0.19562474
v -0.00475473 -0.54378849 -0.19543771
v -0.00351425 -0.51266187 -0.17072603
v 0.00243802 -0.47828743 -0.14739820
v 0.00389150 -0.42844644 -0.11076093
v 0.00465357 -0.40636781 -0.10280629
v -0.00268973 -0.37264359 -0.09863178
v -0.00058351 -0.35283187 -0.10041562
v -0.00108769 -0.33388293 -0.10447026
v -0.00211486 -0.31619227 -0.10992132
v -0.00083861 -0.29850465 -0.11638406
v -0.00530552 -0.26263416 -0.13220669
v -0.00211288 -0.21690232 -0.12614186
v 0.00304819 -0.17319563 -0.11028888
v 0.00125197 -0.15152021 -0.10368756
v -0.00273447 -0.13547432 -0.10063577
v -0.00171764 -0.11779127 -0.09565665
v 0.00333256 -0.10010941 -0.09269839
v -0.01146308 -0.04775632 -0.08566479
v -0.00658432 -0.02465627 -0.08838885
v -0.00588037 -0.00580670 -0.09207273
v -0.00305015 0.06774326 -0.11299454
v -0.00277030 0.08740862 -0.11734441
v -0.00210124 0.12576833 -0.12448376
v -0.00214627 0.16439758 -0.10704206
v 0.00011103 0.18179798 -0.08760282
v 0.00918732 0.19848321 -0.09071218
v 0.02251168 0.21234520 -0.08974143
v 0.03645625 0.22664236 -0.08783600
v 0.04954478 0.24221161 -0.08282150
v 0.06040756 0.25896198 -0.07136056
v 0.12682194 0.25478178 -0.05130938
v 0.13164923 0.24082246 -0.06446360
v 0.13437000 0.22381158 -0.07577720
v 0.13564116 0.20378444 -0.08371466
v 0.13777353 0.18291777 -0.09035438
v 0.14020438 0.16063796 -0.09206946
v 0.14454165 0.13831289 -0.08843697
v 0.15109469 0.11705630 -0.07909390
v 0.15750612 0.10160205 -0.06185571
v 0.16466674 0.09347203 -0.03880011
v 0.16718496 0.09047887 -0.01697471
v 0.11675273 0.02773702 -0.07586130
v 0.07039282 0.16949204 -0.11468093
v 0.16380236 0.07785127 -0.02280752
v 0.13455346 0.09075797 -0.08637599
v 0.10658408 0.17767231 -0.10620127
v 0.09678131 0.25583470 -0.06617235
v 0.10601128 0.24021479 -0.07721392
v 0.06777494 0.23306647 -0.08785055
v 0.12935111 0.12392133 -0.09693340
v 0.12105692 0.16828886 -0.10009675
v 0.09253307 0.26641414 -0.05219026
v 0.10933038 0.26059565 -0.05271783
v 0.07848165 0.25951275 -0.06727351
v 0.12204652 0.23293839 -0.07576579
v 0.12054991 0.21125543 -0.08793443
v 0.06737416 0.24795781 -0.07921660
v 0.15940088 0.09145212 -0.05154222
v 0.12471314 0.14377742 -0.10048710
v 0.11535620 0.24882670 -0.06522807
v 0.07681313 0.26918039 -0.05531189
v 0.10429723 0.22360426 -0.08816917
v 0.11883338 0.18993957 -0.09492007
v 0.09191978 0.19335404 -0.10216170
v 0.10540136 0.20243038 -0.09677189
v 0.14938839 0.07377327 -0.06280353
v 0.12199411 0.10488664 -0.09886851
v 0.08825812 0.21719286 -0.09447727
v 0.08858956 0.17332147 -0.11264490
v 0.10205840 0.15487801 -0.11104194
v 0.07642662 0.07429522 -0.10897388
v 0.05976402 0.19967030 -0.09873071
v 0.10375016 0.07513856 -0.10159264
v 0.09285665 0.13859460 -0.11470673
v 0.10284042 0.10271779 -0.10777647
v 0.11215092 0.13550411 -0.10728098
v 0.11629870 0.08934855 -0.09876256
v 0.05511767 0.22193199 -0.09136768
v 0.07195412 0.11403575 -0.11837843
v 0.03888306 0.20271754 -0.09466730
v 0.07748263 0.15482400 -0.11949944
v 0.09130114 0.11972262 -0.11399476
v 0.07292610 0.13279836 -0.12041074
v 0.05734926 0.12215276 -0.12175307
v 0.22453916 -0.54047239 0.02660079
v 0.22442806 -0.53826648 0.00631830
v 0.20346773 -0.42882004 -0.08965956
v 0.13823768 -0.28839535 -0.10654011
v 0.05424158 -0.49057591 -0.14879467
v 0.01260788 -0.51959991 -0.17532842
v -0.00545080 -0.53281182 -0.18539917
v 0.02080261 -0.53333157 -0.18547285
v 0.16673639 0.07696121 0.02705147
v 0.01568680 0.17906138 -0.09539613
v 0.08701198 0.24139182 -0.08130083
v 0.15700816 0.07362022 -0.04493976
v 0.15835105 0.05725925 -0.02920930
v 0.12059560 0.07368419 -0.09168231
v 0.14179923 0.05600188 -0.06426257
v 0.13398685 0.07084451 -0.07978426
v 0.15042882 0.04979105 -0.04659199
v 0.13677631 0.03301095 -0.05982016
v 0.15279591 0.03267274 -0.03018664
v 0.15886907 0.03755449 -0.01379479
v 0.14482506 0.02780461 -0.04440515
v 0.14322025 0.01473906 -0.03608469
v 0.03824440 0.10592968 -0.12077867
v 0.05508053 0.10257387 -0.11896859
v 0.02030753 0.11893937 -0.12310363
v 0.06309492 0.08899692 -0.11516173
v 0.05095671 0.06888829 -0.11128231
v 0.03621213 0.08479817 -0.11617409
v 0.08496099 0.09626473 -0.11234119
v 0.09418819 0.05936692 -0.09996812
v 0.01519538 0.07443103 -0.11464695
v 0.03336506 0.06518336 -0.11178622
v 0.01806526 0.05632018 -0.10997689
v 0.04240994 0.18577316 -0.09920533
v 0.07309975 0.18649980 -0.10431736
v 0.05358940 0.16007216 -0.11516760
v 0.22284873 -0.54156053 -0.01171667
v 0.21761899 -0.47337869 -0.04226907
v 0.22266617 -0.51815248 -0.00945992
v 0.20600468 -0.38929904 -0.03556685
v 0.06892067 -0.28883904 -0.13249765
v 0.16645095 -0.21618493 -0.06130941
v 0.18099505 -0.28745687 -0.06317350
v 0.06403989 -0.16096671 -0.10336740
v 0.15371326 -0.10780259 -0.02543891
v 0.02387077 -0.48894432 -0.15117016
v 0.01720468 -0.50499082 -0.16437525
v 0.16266587 0.03482590 0.02042215
v 0.14753263 -0.00459511 -0.00848181
v 0.14111888 0.00109838 -0.03097346
v 0.16557552 0.05453862 0.01532954
v 0.15550692 0.02012557 0.00048438
v 0.16297138 0.04194407 0.00422620
v 0.01111434 0.15655643 -0.12685773
v 0.12783837 0.04124385 -0.07383961
v 0.12761727 0.05540384 -0.07996376
v 0.13023420 0.01821594 -0.05791167
v 0.00109719 0.10955474 -0.12133459
v 0.01831637 0.09637797 -0.11923394
v 0.01385620 0.13556534 -0.12670970
v 0.05585375 0.14242494 -0.12505348
v 0.03203945 0.14250633 -0.12730582
v 0.03412949 0.17510566 -0.11314698
v 0.04447610 0.02497594 -0.09945729
v 0.04261247 0.04713932 -0.10607003
v 0.06842576 0.05610620 -0.10528936
v 0.08625155 0.04283984 -0.09707434
v 0.02052376 0.03522167 -0.10427179
v 0.22868180 -0.50523263 0.01228824
v 0.22808401 -0.52338672 0.01512521
v 0.23080128 -0.48459059 0.01396066
v 0.21699958 -0.52276558 -0.07099487
v 0.22310580 -0.52621818 -0.03117507
v 0.21937101 -0.53291696 -0.05286954
v 0.21993966 -0.54418176 -0.03350907
v 0.21551818 -0.54000980 -0.06755699
v 0.22674310 -0.46909687 -0.00269249
v 0.20184417 -0.53065264 -0.10184349
v 0.02975874 -0.28666741 -0.12800384
v 0.06055191 -0.23442400 -0.12878974
v 0.07577314 -0.36368468 -0.11176513
v 0.18586679 -0.20905289 -0.02155386
v 0.19857326 -0.27276400 -0.01301776
v 0.02345143 -0.41625696 -0.10539328
v 0.14867049 -0.53629625 -0.15576108
v 0.08062789 -0.53344375 -0.17149442
v 0.06413195 -0.53641272 -0.17905241
v 0.01870982 -0.47262099 -0.13994402
v 0.00305769 -0.49480155 -0.15837426
v 0.04250260 -0.53459656 -0.18416029
v 0.15063222 -0.01530193 0.01781997
v 0.02203889 -0.09069888 -0.08584525
v 0.15505274 0.01751940 0.02436567
v 0.15111852 -0.00030775 0.02610113
v 0.15169269 0.00156084 0.00836698
v 0.13926534 -0.01804141 -0.02984134
v 0.10504412 -0.03113809 -0.06474208
v 0.12631820 -0.03285889 -0.04496724
v 0.09781024 -0.01002432 -0.07366750
v 0.09908163 0.01440069 -0.08045319
v 0.14438298 -0.02788997 -0.01606075
v 0.16625279 0.06827287 0.01564493
v 0.15076922 0.01646795 -0.01748475
v 0.11097367 0.04959856 -0.08941934
v 0.02497787 0.00160623 -0.09364410
v 0.00263933 0.02686253 -0.10227340
v 0.00035525 0.04623289 -0.10785758
v 0.21981655 -0.49165186 -0.06149967
v 0.22030348 -0.50384820 -0.02690635
v 0.22257230 -0.49449277 -0.00294013
v 0.21967350 -0.45156285 -0.02324579
v 0.21496099 -0.36745736 0.00544811
v 0.20414776 -0.33277011 -0.00996514
v 0.18893082 -0.53672576 -0.11600281
v 0.20979564 -0.51630813 -0.08802575
v 0.03404076 -0.32468480 -0.11267040
v 0.03857804 -0.25622109 -0.13205829
v 0.03139156 -0.21481743 -0.12508583
v 0.19434525 -0.22011922 -0.00025743
v 0.01998054 -0.16052611 -0.10609093
v 0.01758231 -0.13607641 -0.09955859
v 0.16440119 -0.10436719 0.01630039
v 0.15962933 -0.08571439 0.01687038
v 0.18028341 -0.15354535 0.01240348
v 0.00286795 -0.46129730 -0.13518421
v 0.00509580 -0.44518566 -0.12258823
v 0.13097475 -0.52575260 -0.15533534
v 0.16518763 -0.53283006 -0.14620791
v 0.11283255 -0.53589684 -0.16360821
v 0.05000260 -0.52194405 -0.17364135
v 0.03384775 -0.51765144 -0.17188329
v 0.03689560 -0.49962786 -0.15817121
v 0.05233806 -0.50602788 -0.16137005
v 0.03520244 -0.47850943 -0.14260252
v 0.02301094 -0.46059474 -0.12992153
v 0.05252161 -0.47347099 -0.13664386
v 0.00197047 -0.08393705 -0.08836875
v 0.01773091 -0.11104141 -0.09296597
v 0.00342519 -0.06144856 -0.08476754
v 0.01069989 -0.03937993 -0.08597579
v 0.01996182 -0.07435484 -0.08425653
v 0.11429042 0.00663116 -0.06743744
v 0.11697938 -0.01505120 -0.05955640
v 0.08877037 -0.03211787 -0.07403343
v 0.05543765 -0.00340129 -0.08927283
v 0.04474181 0.00933541 -0.09425715
v 0.05149469 -0.02793266 -0.08540709
v 0.09968184 0.03298898 -0.08846124
v 0.13865192 -0.07663922 -0.03639372
v 0.00094021 0.00903974 -0.09614472
v 0.02344263 0.01630374 -0.09821424
v 0.22716627 -0.45041338 0.02795227
v 0.21452431 -0.42994428 0.00129411
v 0.22153682 -0.51066720 -0.05216955
v 0.21662834 -0.50277185 -0.07501991
v 0.22055857 -0.49028346 -0.04255107
v 0.21774714 -0.48030657 -0.02429682
v 0.21041457 -0.32625216 0.00605115
v 0.21215378 -0.53818780 -0.08371869
v 0.18532629 -0.49303427 -0.12574825
v 0.02295409 -0.27009916 -0.13159737
v 0.02135133 -0.24644364 -0.13113151
v 0.01002468 -0.26001033 -0.13277301
v 0.01300213 -0.20240289 -0.12219670
v 0.01719472 -0.22375502 -0.12697409
v 0.00490386 -0.18931495 -0.11708652
v 0.02605039 -0.19399953 -0.11929496
v 0.19822127 -0.21686989 0.01942565
v 0.19737294 -0.23722602 0.00954995
v 0.19310775 -0.19844991 0.01364607
v 0.20374057 -0.27180612 0.01183512
v 0.21004963 -0.29247728 0.00979393
v 0.17042328 -0.12221280 0.01795261
v 0.17598805 -0.13847144 0.02031443
v 0.17211029 -0.13539870 -0.00017872
v 0.17635195 -0.15458295 -0.01099703
v 0.16822678 -0.13884147 -0.01784828
v 0.14952974 -0.08510084 -0.02129376
v 0.14253001 -0.10040770 -0.03937550
v 0.14208005 -0.06177914 -0.02055959
v 0.15072398 -0.05934571 -0.00052955
v 0.13043575 -0.05295683 -0.03872582
v 0.15718246 -0.09381790 -0.00530773
v 0.15331641 -0.07420982 -0.00120674
v 0.15022226 -0.04238710 0.01619158
v 0.02884942 -0.44083303 -0.11675602
v 0.04261697 -0.45985469 -0.12727849
v 0.01224714 -0.38327456 -0.09977111
v 0.02368243 -0.39405763 -0.10163868
v 0.13300075 -0.54339880 -0.16242827
v 0.17880356 -0.53881752 -0.12971163
v 0.17858945 -0.52082652 -0.13222578
v 0.08149716 -0.45650738 -0.12036719
v 0.08512776 -0.49103865 -0.13800959
v 0.07177117 -0.50338817 -0.15142487
v 0.14558202 -0.04311025 -0.00953866
v 0.14933665 -0.02664446 0.00337274
v 0.03557313 -0.12640399 -0.09549820
v 0.03721478 -0.07980920 -0.08623086
v 0.12901774 -0.01547026 -0.04665957
v 0.07856059 0.00119020 -0.08512710
v 0.07532100 -0.01634689 -0.08169781
v 0.06614596 0.01631488 -0.09295233
v 0.06669728 0.03677409 -0.09968340
v 0.08410075 0.02216690 -0.09022843
v 0.04939341 -0.05105533 -0.08435062
v 0.03122215 -0.03193901 -0.08637880
v 0.07214034 -0.04035533 -0.07990365
v 0.05222189 -0.07062057 -0.08290771
v 0.07278699 -0.05742422 -0.08062792
v 0.22975816 -0.46795377 0.01361331
v 0.22038011 -0.44699213 0.00480615
v 0.21324553 -0.41469151 0.01133635
v 0.21960877 -0.43267018 0.02332396
v 0.20843606 -0.49568632 -0.08934937
v 0.20708241 -0.47814390 -0.09260450
v 0.21546644 -0.48031637 -0.07767093
v 0.21575028 -0.38208476 0.00879879
v 0.20929055 -0.40077063 0.00069679
v 0.01202155 -0.32512337 -0.10840862
v 0.02060246 -0.34048623 -0.10473589
v 0.01552271 -0.36312824 -0.10025056
v 0.04006385 -0.23300432 -0.12887855
v 0.05576543 -0.24860840 -0.13120745
v 0.07365533 -0.26064134 -0.13078980
v 0.04415068 -0.27235773 -0.13220522
v 0.05733834 -0.27026150 -0.13269879
v 0.00476407 -0.27923116 -0.12488718
v 0.05851429 -0.21153286 -0.12297155
v 0.05105659 -0.22240444 -0.12633601
v 0.18817019 -0.24583226 -0.02747624
v 0.18749130 -0.22745635 -0.02296155
v 0.19377190 -0.24423707 -0.00673096
v 0.17859223 -0.22470208 -0.04154827
v 0.18171179 -0.18845715 -0.02481021
v 0.18308751 -0.17488116 -0.01135544
v 0.17496791 -0.19989519 -0.04356084
v 0.18985432 -0.19768110 -0.00418221
v 0.16252065 -0.19285940 -0.06102848
v 0.17723802 -0.17096384 -0.02562024
v 0.20463353 -0.30824679 -0.00761477
v 0.20579466 -0.28823641 -0.00554540
v 0.21125981 -0.31043488 0.01006175
v 0.16074744 -0.14035095 -0.03496301
v 0.13698715 -0.03965576 -0.02755373
v 0.11903131 -0.05172442 -0.05209934
v 0.04034376 -0.40344101 -0.10331583
v 0.18902430 -0.51476896 -0.11766540
v 0.06713644 -0.52130455 -0.16730985
v 0.11018351 -0.51608807 -0.14745775
v 0.13377206 -0.50495076 -0.14659339
v 0.16065681 -0.50929260 -0.14552654
v 0.16856350 -0.48933023 -0.13610470
v 0.18839888 -0.47177339 -0.11979017
v 0.19828236 -0.48861426 -0.10879898
v 0.20003614 -0.46706870 -0.10515175
v 0.18953227 -0.44922373 -0.11427251
v 0.20129770 -0.44483972 -0.09909087
v 0.06789351 -0.46667662 -0.12645002
v 0.11368450 -0.47706616 -0.13858178
v 0.10381287 -0.49295911 -0.13618867
v 0.10251341 -0.45608222 -0.13369703
v 0.09058961 -0.47714806 -0.12814765
v 0.11883160 -0.49325120 -0.14296922
v 0.12383823 -0.46039233 -0.13204771
v 0.09083632 -0.50674427 -0.14632140
v 0.03791979 -0.10595323 -0.08773155
v 0.02859015 -0.05779690 -0.08406246
v 0.10643114 -0.08870301 -0.07236143
v 0.21940085 -0.47405344 -0.05797977
v 0.20111021 -0.37845421 -0.02494811
v 0.20664869 -0.35805500 -0.01565752
v 0.21014419 -0.34863704 0.00577642
v 0.01918426 -0.29533157 -0.12169151
v 0.01886936 -0.31148639 -0.11490481
v 0.04738121 -0.33777812 -0.10920139
v 0.03539005 -0.35992602 -0.10221177
v 0.02647267 -0.37378734 -0.10072728
v 0.02444354 -0.17870715 -0.11217042
v 0.04475259 -0.16470951 -0.10596888
v 0.03608017 -0.14680372 -0.10136383
v 0.04236118 -0.20293333 -0.12155090
v 0.06035802 -0.19258715 -0.11625568
v 0.19130725 -0.26053584 -0.00765294
v 0.18866237 -0.18164012 0.01014449
v 0.18407384 -0.16744213 0.00594308
v 0.15195194 -0.17351446 -0.06595020
v 0.16967648 -0.15826634 -0.03265256
v 0.16029608 -0.15678945 -0.04737417
v 0.15978253 -0.12542665 -0.02607280
v 0.11605048 -0.03371562 -0.05580821
v 0.09169334 -0.04805806 -0.07223412
v 0.08900460 -0.07507183 -0.07729004
v 0.10530630 -0.05259301 -0.06370943
v 0.09623943 -0.06593540 -0.07283625
v 0.04055942 -0.37927058 -0.10154895
v 0.05272907 -0.39177802 -0.10527088
v 0.03797489 -0.41968483 -0.10699669
v 0.07864815 -0.42382747 -0.12190434
v 0.08949584 -0.43915957 -0.12830402
v 0.06821539 -0.44429842 -0.11430184
v 0.06535010 -0.42670521 -0.11115441
v 0.06751780 -0.40890726 -0.11247142
v 0.08425228 -0.40035212 -0.12181754
v 0.14431193 -0.39941594 -0.12055287
v 0.10174591 -0.42019936 -0.12343024
v 0.10673416 -0.40275741 -0.11426647
v 0.17655092 -0.50524259 -0.13471892
v 0.19080877 -0.42821568 -0.10807428
v 0.21671049 -0.45631912 -0.06962113
v 0.07110998 -0.48495665 -0.13745269
v 0.17318127 -0.45688292 -0.12409385
v 0.17045088 -0.43642485 -0.11865865
v 0.13213331 -0.48506862 -0.13627672
v 0.21526551 -0.43558300 -0.03901396
v 0.20571201 -0.38054603 -0.01019856
v 0.19130664 -0.35259518 -0.07889161
v 0.19734888 -0.33123794 -0.05231060
v 0.05082174 -0.35864922 -0.10513727
v 0.06570698 -0.34659827 -0.11151916
v 0.05897154 -0.37019405 -0.10777402
v 0.04393365 -0.18412188 -0.11402357
v 0.15281688 -0.13918246 -0.04642935
v 0.05261692 -0.41161805 -0.10633595
v 0.06752400 -0.38594806 -0.11531691
v 0.11374196 -0.43765321 -0.12158004
v 0.20469040 -0.39736322 -0.07518752
v 0.19345050 -0.41221285 -0.09117883
v 0.16767775 -0.39103711 -0.10788423
v 0.15850745 -0.40525007 -0.11780374
v 0.18028222 -0.39722571 -0.09865465
v 0.14354865 -0.41769317 -0.11412908
v 0.21183111 -0.43916732 -0.07788701
v 0.15076387 -0.49081385 -0.13704798
v 0.14164494 -0.46507168 -0.13038300
v 0.14889514 -0.44908136 -0.12043513
v 0.15703581 -0.46995652 -0.13046564
v 0.17245597 -0.47378495 -0.13017204
v 0.07260243 -0.08190505 -0.08013286
v 0.09065362 -0.09609056 -0.07786361
v 0.21574301 -0.46022314 -0.03529840
v 0.21611618 -0.45302802 -0.04921208
v 0.21525285 -0.41794109 -0.03097733
v 0.19671205 -0.37031960 -0.04632143
v 0.20189270 -0.35730654 -0.03462876
v 0.05051495 -0.28867924 -0.12840115
v 0.05041024 -0.31910896 -0.11840500
v 0.10754496 -0.32847592 -0.12170216
v 0.14587408 -0.15411565 -0.06328202
v 0.13581191 -0.13407010 -0.06269272
v 0.13659105 -0.16570897 -0.07745752
v 0.10458902 -0.10639756 -0.07658871
v 0.11750589 -0.13411300 -0.07580044
v 0.09763271 -0.12579900 -0.08246785
v 0.09348264 -0.14269793 -0.09168480
v 0.13203500 -0.11221163 -0.05768677
v 0.11968695 -0.09918896 -0.06515109
v 0.08733121 -0.11239737 -0.08410328
v 0.11604258 -0.07565900 -0.06023644
v 0.07660162 -0.12560424 -0.09161064
v 0.12767725 -0.06970945 -0.04802928
v 0.14750363 -0.12283554 -0.04416979
v 0.12431765 -0.42253911 -0.11344811
v 0.12857217 -0.40293592 -0.12205648
v 0.13500957 -0.38254705 -0.12122303
v 0.11377612 -0.38403273 -0.12678459
v 0.09574245 -0.34328079 -0.13083091
v 0.20968187 -0.41848698 -0.07731503
v 0.14242226 -0.43502900 -0.11482536
v 0.15708561 -0.42711037 -0.11338960
v 0.05122751 -0.12307986 -0.09115829
v 0.05141967 -0.14306828 -0.09865870
v 0.06728328 -0.13961285 -0.09439843
v 0.07298537 -0.10217797 -0.08680524
v 0.21459699 -0.43449700 -0.01711516
v 0.21585673 -0.42056251 -0.05408756
v 0.20629208 -0.39880779 -0.02132219
v 0.21328668 -0.40451485 -0.04083514
v 0.21321253 -0.41612116 -0.01249056
v 0.21001914 -0.38904351 -0.05184463
v 0.20026013 -0.34523746 -0.04458305
v 0.18992934 -0.35369417 -0.06228875
v 0.18370189 -0.33383542 -0.07146902
v 0.19164427 -0.38783410 -0.08050056
v 0.18302628 -0.36238354 -0.08897700
v 0.20148532 -0.34220681 -0.02684075
v 0.06179336 -0.30751729 -0.12634234
v 0.12836045 -0.15101963 -0.07671116
v 0.15190151 -0.38464141 -0.11373241
v 0.16450216 -0.37789634 -0.09526829
v 0.14423823 -0.36933067 -0.10472807
v 0.14437698 -0.32399300 -0.10642387
v 0.14538334 -0.34622610 -0.10294233
v 0.21219605 -0.40642124 -0.06082423
v 0.18852292 -0.31428939 -0.06762166
v 0.20295867 -0.37213156 -0.06800646
v 0.19840455 -0.32356924 -0.02800085
v 0.06692251 -0.32853222 -0.11769223
v 0.08335410 -0.33724430 -0.12538122
v 0.09175724 -0.36260170 -0.11776468
v 0.10294062 -0.36702552 -0.12838469
v 0.08444362 -0.37762582 -0.11451087
v 0.09793990 -0.38142502 -0.11502782
v 0.12548842 -0.36839455 -0.11877518
v 0.17873125 -0.34111702 -0.09227769
v 0.16488996 -0.35644630 -0.09538411
v 0.13143656 -0.35452583 -0.10818115
v 0.19667545 -0.30047199 -0.03944656
v 0.08253954 -0.30232373 -0.13243537
v 0.10430099 -0.27514493 -0.12215881
v 0.09675069 -0.29344243 -0.12679119
v 0.16293240 -0.33531082 -0.09997287
v 0.17809781 -0.29605800 -0.07743382
v 0.11381395 -0.34975743 -0.11757495
v 0.12794402 -0.33431992 -0.11018882
v 0.13535774 -0.30964670 -0.10781204
v 0.11878493 -0.29155257 -0.11417227
v 0.15730867 -0.31241640 -0.10113491
v 0.14050348 -0.23400307 -0.09670297
v 0.12522356 -0.26943666 -0.11033911
v 0.15429640 -0.22442567 -0.08140819
v 0.15353136 -0.20886916 -0.07691395
v 0.08083296 -0.24207571 -0.12650475
v 0.17374884 -0.31834313 -0.08970998
v 0.14829101 -0.27043694 -0.09865528
v 0.13818912 -0.25267667 -0.10245074
v 0.15472409 -0.25173354 -0.08895925
v 0.16028942 -0.23566537 -0.07948857
v 0.16935726 -0.23548134 -0.06041930
v 0.17137907 -0.25144345 -0.07202595
v 0.11065552 -0.22008185 -0.11153209
v 0.09280494 -0.22513279 -0.11964516
v 0.13874759 -0.21184386 -0.09203178
v 0.12380510 -0.21468320 -0.10336412
v 0.14527899 -0.19476378 -0.08066498
v 0.09622934 -0.18609785 -0.10679580
v 0.13392775 -0.18080507 -0.08516914
v 0.10825025 -0.19872139 -0.10661727
v 0.09846582 -0.16200419 -0.09649797
v 0.11359434 -0.18287583 -0.09850547
v 0.12512513 -0.19538863 -0.09646372
v 0.10273506 -0.17478850 -0.10027971
v 0.11853553 -0.16546988 -0.08898768
v 0.16484520 -0.29720646 -0.09258592
v 0.15171815 -0.29891878 -0.10145228
v 0.15418380 -0.28497186 -0.09797357
v 0.17810784 -0.25001854 -0.04885940
v 0.18669294 -0.26209363 -0.03308643
v 0.18324402 -0.26790240 -0.05957773
v 0.16686521 -0.27421936 -0.08167194
v 0.12395263 -0.24658057 -0.11010860
v 0.09886960 -0.23829682 -0.12060728
v 0.08461890 -0.17324725 -0.10448030
v 0.07861216 -0.18863568 -0.11212551
v 0.09297249 -0.20385616 -0.11382353
v 0.07720286 -0.20668139 -0.11874464
v 0.06172310 -0.17637131 -0.10934062
v 0.07518531 -0.22432409 -0.12398112
v 0.01219682 -0.00930122 -0.09051893
v 0.03517473 -0.01228171 -0.08976394
v 0.16942990 -0.17628935 -0.04390909
v 0.12972043 -0.09013075 -0.05192298
v 0.19945057 -0.28154173 -0.02513264
v 0.19414112 -0.28079414 -0.04267769
v -0.21905719 -0.55135256 0.02540212
v -0.21998331 -0.55296928 0.00669483
v -0.22044474 -0.55398512 -0.01210518
v -0.22115442 -0.55475909 -0.03069627
v -0.21978891 -0.55502898 -0.04914290
v -0.21303818 -0.55449158 -0.06614696
v -0.20657574 -0.55388343 -0.08361770
v -0.20118900 -0.55371016 -0.10150015
v -0.19307573 -0.55343944 -0.11856982
v -0.18255612 -0.55366808 -0.13474634
v -0.16821791 -0.55311155 -0.14783923
v -0.15133826 -0.55199236 -0.15711580
v -0.13450721 -0.54976189 -0.16694039
v -0.11699425 -0.54817510 -0.17490876
v -0.09889113 -0.54759276 -0.18056959
v -0.08056203 -0.54687244 -0.18532392
v -0.06206503 -0.54596508 -0.18947098
v -0.04331131 -0.54478097 -0.19297932
v -0.02402773 -0.54396510 -0.19498456
v -0.00744429 0.19836485 -0.09172101
v -0.02019415 0.21277639 -0.08937214
v -0.03392667 0.22794701 -0.08675580
v -0.04722976 0.24347895 -0.08046130
v -0.05797598 0.26022404 -0.06706904
v -0.12433269 0.25263166 -0.04691077
v -0.12921667 0.24052557 -0.06182099
v -0.13217713 0.22474784 -0.07453278
v -0.13484356 0.20585915 -0.08400255
v -0.13874297 0.18594240 -0.09271024
v -0.14292750 0.16358514 -0.09481452
v -0.14834042 0.14061478 -0.09049207
v -0.15592207 0.11920892 -0.07960929
v -0.16440864 0.10229548 -0.06123115
v -0.17016979 0.09380612 -0.03581541
v -0.09730328 0.25074819 -0.06617414
v -0.12408806 0.02809080 -0.07544306
v -0.11095820 0.18202333 -0.10343461
v -0.09071399 0.26218978 -0.05172033
v -0.03573993 0.21019687 -0.09246690
v -0.14275497 0.09191360 -0.08311062
v -0.12583931 0.17526548 -0.09870418
v -0.11345196 0.24858965 -0.06080893
v -0.11905058 0.21751165 -0.08477671
v -0.06341995 0.24279277 -0.08041251
v -0.16619901 0.07371507 0.01649688
v -0.13263848 0.13000503 -0.09781364
v -0.10819677 0.25869706 -0.04716447
v -0.07436060 0.26786280 -0.05068668
v -0.16631402 0.09221026 -0.04975676
v -0.04442719 0.19950570 -0.09753386
v -0.02185432 0.18975204 -0.09477045
v -0.14281511 0.11800455 -0.08906884
v -0.13150589 0.15189230 -0.09917625
v -0.15477321 0.10338698 -0.07404723
v -0.02822268 -0.53462750 -0.18600494
v -0.02614495 -0.52160734 -0.17605326
v -0.12212434 -0.43431982 -0.11160598
v -0.14786592 -0.29534757 -0.10878204
v -0.20807934 -0.44820869 -0.06159309
v -0.22454946 -0.53714252 0.03110607
v -0.07471472 -0.03715020 -0.08314002
v -0.15378962 0.01187793 -0.00477509
v -0.12350778 0.19672523 -0.09221187
v -0.05419004 0.22138290 -0.09135183
v -0.16458198 0.05076440 0.01363692
v -0.16124995 0.03387690 0.01480599
v -0.16239025 0.04048500 -0.00784549
v -0.02742625 0.17092365 -0.11653253
v -0.15057147 0.07140761 -0.06665196
v -0.11345539 0.14210612 -0.10839543
v -0.10986687 0.16255128 -0.10795658
v -0.08626679 0.17151658 -0.11280773
v -0.06411030 0.14309128 -0.12128814
v -0.08866446 0.14703794 -0.11643726
v -0.06700633 0.16230938 -0.11663458
v -0.07927964 0.12602270 -0.11930612
v -0.10085239 0.12358148 -0.11357943
v -0.04790467 0.16366069 -0.12233545
v -0.08923396 0.10594907 -0.11528653
v -0.12858568 0.10513658 -0.09806202
v -0.04743746 -0.53349555 -0.18193860
v -0.07589049 -0.40544021 -0.10341638
v -0.19136555 -0.27742422 -0.04770761
v -0.07794750 -0.31038773 -0.12535027
v -0.07833891 -0.10036818 -0.08806998
v -0.21159641 -0.38100639 -0.03763645
v -0.23399960 -0.50494325 0.01508590
v -0.22517286 -0.54310167 -0.02968318
v -0.23084559 -0.52209407 -0.02218934
v -0.23207770 -0.51810765 0.00002649
v -0.22969836 -0.50779527 -0.03238817
v -0.22676639 -0.53813165 -0.00500484
v -0.03543072 0.03413905 -0.10453152
v -0.04417374 -0.00081468 -0.09424017
v -0.15303901 -0.01906891 0.00380009
v -0.02006127 0.09816837 -0.11955140
v -0.06175413 0.19726487 -0.10135046
v -0.08702950 0.21909373 -0.09273887
v -0.10203996 0.22660986 -0.08524661
v -0.11080486 0.23680666 -0.07508586
v -0.10404307 0.20491631 -0.09583756
v -0.08387467 0.19748865 -0.10241396
v -0.16597268 0.06143495 -0.00288353
v -0.16322690 0.05830091 -0.02488840
v -0.15439953 0.01771181 0.02624680
v -0.15995370 0.03514327 0.03257089
v -0.14842305 0.02383198 -0.04071953
v -0.15762167 0.02194767 0.00533754
v -0.15637842 0.02626024 -0.01967362
v -0.15214527 -0.00006358 0.01130627
v -0.15545447 0.05472478 -0.04808623
v -0.14894506 0.01143807 -0.02669282
v -0.01597844 0.17248169 -0.09762249
v -0.03640034 0.17747052 -0.10180414
v -0.12013394 0.12084281 -0.10504788
v -0.02529395 -0.49045080 -0.15378717
v -0.01766518 -0.50477815 -0.16435397
v -0.03381683 -0.42364046 -0.11002070
v -0.19911861 -0.51529300 -0.11745780
v -0.17462736 -0.13522115 0.01270579
v -0.06031020 -0.15982050 -0.10195927
v -0.23046002 -0.52051169 0.02514529
v -0.23142295 -0.49379623 0.03499382
v -0.02326502 0.12997155 -0.12464803
v -0.04539202 0.13747999 -0.12410964
v -0.01796718 0.04035783 -0.10655751
v -0.02811185 -0.03677461 -0.08733385
v -0.15108699 -0.02166864 0.03045063
v -0.05381382 0.18473886 -0.11205620
v -0.07296390 0.21080565 -0.09720676
v -0.07302011 0.22703439 -0.08990172
v -0.08358252 0.23977895 -0.08040308
v -0.09477994 0.18431193 -0.10707558
v -0.07138345 0.18419790 -0.10971427
v -0.15085727 -0.00475571 -0.01176228
v -0.14967038 -0.00125562 0.03059984
v -0.06611870 -0.49914980 -0.15527466
v -0.02598724 -0.37941593 -0.09794600
v -0.04347861 -0.45520660 -0.12716177
v -0.10608827 -0.53519642 -0.16755080
v -0.12178059 -0.53322273 -0.15985131
v -0.20017040 -0.23716104 -0.00764694
v -0.19271588 -0.19605891 0.00346111
v -0.02411038 -0.23381494 -0.12797073
v -0.05482849 -0.19904228 -0.11820675
v -0.17858526 -0.14624234 0.02818509
v -0.15911014 -0.08677416 0.01524261
v -0.03568503 -0.15337448 -0.10255335
v -0.20912308 -0.53560889 -0.07589505
v -0.22555324 -0.53031832 -0.04281131
v -0.23349796 -0.46447644 0.01628551
v -0.21596867 -0.38306352 0.01428672
v -0.22418240 -0.38923562 -0.00404087
v -0.20647456 -0.33055076 -0.00302434
v -0.00839931 0.14254080 -0.12677059
v -0.01773452 0.11593874 -0.12242202
v -0.07941957 0.08294375 -0.11324027
v -0.05966149 0.12512001 -0.12139183
v -0.06579895 0.10367979 -0.11851341
v -0.01926155 0.02182933 -0.10095338
v -0.02339065 0.00381668 -0.09536780
v -0.05263155 0.03277108 -0.10342354
v -0.01974544 0.05908395 -0.11117912
v -0.05867548 0.05789917 -0.10949616
v -0.02295350 0.07841729 -0.11547260
v -0.15248151 -0.01426359 0.01839870
v -0.15302770 -0.03809816 0.01712448
v -0.13895880 0.00717192 -0.04634158
v -0.03325830 -0.34023333 -0.10372650
v -0.02879313 -0.40337992 -0.10161852
v -0.13693832 -0.52173477 -0.14378303
v -0.08576217 -0.53334284 -0.17281243
v -0.19811991 -0.53590244 -0.11421493
v -0.17321138 -0.52832389 -0.13686618
v -0.18613623 -0.54163849 -0.13372065
v -0.20928751 -0.29318148 0.01174411
v -0.20535928 -0.23872806 0.01592163
v -0.19366218 -0.19731462 0.02010280
v -0.18411262 -0.16334768 0.01928690
v -0.18803245 -0.17662793 0.01944787
v -0.00273144 -0.23888727 -0.12856174
v -0.01961948 -0.25138131 -0.13110957
v -0.01983864 -0.21669465 -0.12582496
v -0.01647409 -0.29075512 -0.12219938
v -0.16907398 -0.12137770 0.02531609
v -0.16401061 -0.10224642 0.02892007
v -0.15766709 -0.08168592 0.03109670
v -0.16439432 -0.10484058 0.00890929
v -0.01091392 -0.10762566 -0.09539224
v -0.01861968 -0.12607965 -0.09913015
v -0.01353835 -0.09311232 -0.09399743
v -0.01767044 -0.14507519 -0.10201482
v -0.03037471 -0.13588262 -0.10114607
v -0.01717470 -0.16416851 -0.10701804
v -0.21749637 -0.53789604 -0.05846827
v -0.21213327 -0.51884532 -0.06515956
v -0.22070958 -0.51479316 -0.04898621
v -0.20454320 -0.53855866 -0.09477536
v -0.21080719 -0.50131524 -0.08355902
v -0.21350786 -0.48296955 -0.07680896
v -0.23188867 -0.44114602 0.00026299
v -0.21162179 -0.36536783 0.01476784
v -0.21610789 -0.35156128 -0.00183210
v -0.22076514 -0.37225306 -0.00338756
v -0.20646365 -0.36132732 -0.04341144
v -0.21508764 -0.36214387 -0.02290193
v -0.20513672 -0.34289968 -0.03796820
v -0.21054818 -0.34407908 -0.02086319
v -0.18001886 -0.31441450 -0.06675557
v -0.19555159 -0.31615543 -0.03908250
v -0.19891624 -0.33132172 -0.02805978
v -0.22884186 -0.42625120 0.01823029
v -0.22325766 -0.40549338 0.01640283
v -0.23348555 -0.46286500 -0.00652854
v -0.23280084 -0.48783255 -0.02131023
v -0.23486771 -0.48349285 0.01360763
v -0.23469692 -0.49743399 -0.00510139
v -0.23319976 -0.50618231 -0.01690223
v -0.02614718 -0.01505989 -0.09091371
v -0.03881621 0.01443699 -0.09883521
v -0.03722927 0.05111052 -0.10913479
v -0.08053491 0.06229031 -0.10781422
v -0.04070173 0.06959009 -0.11333183
v -0.04456765 0.09194449 -0.11808051
v -0.15168327 -0.04111250 0.03370522
v -0.13649344 0.02141149 -0.05909192
v -0.14712979 0.03781383 -0.05409192
v -0.13575383 0.03541871 -0.06872567
v -0.03519431 -0.50468379 -0.16297403
v -0.04614835 -0.51899701 -0.17135234
v -0.05683834 -0.50897348 -0.16289037
v -0.06516338 -0.52952170 -0.17501730
v -0.07510876 -0.51856041 -0.16552278
v -0.01246139 -0.34443283 -0.10170798
v -0.01692305 -0.36213714 -0.09876786
v -0.04968276 -0.40365931 -0.10366800
v -0.00873188 -0.39405236 -0.09980268
v -0.05086745 -0.43707982 -0.11769928
v -0.01410523 -0.43747154 -0.11663043
v -0.01477984 -0.45455655 -0.12901515
v -0.01834202 -0.47112778 -0.14123425
v -0.02991053 -0.44498259 -0.12132251
v -0.15332812 -0.53436971 -0.14611775
v -0.09580293 -0.51997364 -0.15956587
v -0.09848423 -0.50270939 -0.15000476
v -0.20345168 -0.52254117 -0.10517910
v -0.18406631 -0.50535363 -0.12937553
v -0.19953382 -0.27726692 -0.00117230
v -0.21221982 -0.31006235 0.00067743
v -0.21501312 -0.31536269 0.01655600
v -0.19056153 -0.22502267 -0.01645127
v -0.19220203 -0.21826163 0.01012135
v -0.18234189 -0.24834764 -0.05012492
v -0.19351207 -0.23817705 -0.03208794
v -0.20646593 -0.25468898 0.00476557
v -0.18654458 -0.20055243 -0.02506807
v -0.01783347 -0.27414075 -0.12907396
v -0.03895724 -0.24280430 -0.13037363
v -0.07324296 -0.26671794 -0.13059257
v -0.05497183 -0.25136712 -0.13116577
v -0.07368516 -0.24422209 -0.12803403
v -0.04606830 -0.26553711 -0.13149434
v -0.05055913 -0.23050211 -0.12707105
v -0.03079566 -0.20140862 -0.12069675
v -0.01989815 -0.18459170 -0.11481131
v -0.08184631 -0.22360945 -0.12153737
v -0.01944156 -0.32598650 -0.10832848
v -0.15503947 -0.08659291 -0.00590830
v -0.16764285 -0.12348697 -0.00159903
v -0.02689470 -0.11248343 -0.09817649
v -0.03894526 -0.10190946 -0.09467692
v -0.03637656 -0.08212191 -0.09297252
v -0.05195739 -0.14149565 -0.09938674
v -0.05910224 -0.10881449 -0.09318601
v -0.20753379 -0.52272785 -0.08746140
v -0.20537892 -0.50667852 -0.09834284
v -0.19966605 -0.49682969 -0.11490864
v -0.19231002 -0.48419654 -0.12047169
v -0.23210070 -0.44754100 0.01480579
v -0.19019938 -0.35535911 -0.08088103
v -0.20036237 -0.34553266 -0.05671304
v -0.22979528 -0.42075917 0.00251163
v -0.23500210 -0.47833851 -0.00605107
v -0.22233200 -0.46713611 -0.04138715
v -0.21659410 -0.48099434 -0.05599317
v -0.04095396 -0.02873367 -0.08865520
v -0.06891025 0.04653998 -0.10514432
v -0.15433803 -0.06191785 0.03006991
v -0.08591110 0.01802713 -0.09175380
v -0.10745861 -0.00436669 -0.07539634
v -0.13186757 -0.00910053 -0.05211691
v -0.05085469 -0.48843583 -0.15072449
v -0.03473893 -0.48174918 -0.14636512
v -0.04932970 -0.36959934 -0.09776768
v -0.03289719 -0.35772374 -0.09893626
v -0.01486604 -0.41548890 -0.10576367
v -0.03116270 -0.46341607 -0.13423930
v -0.14148420 -0.50112540 -0.13013774
v -0.16243905 -0.51195979 -0.12995088
v -0.15778378 -0.49613345 -0.12266582
v -0.15904281 -0.47420809 -0.12448033
v -0.14224012 -0.47866130 -0.11772688
v -0.12140642 -0.50192082 -0.13847370
v -0.12506564 -0.48317224 -0.12595506
v -0.18877831 -0.52412838 -0.13068154
v -0.18008088 -0.15097669 0.00820341
v -0.17343107 -0.14305934 -0.00884207
v -0.17633398 -0.16385886 -0.02320678
v -0.02671572 -0.26337364 -0.13201326
v -0.03687894 -0.28388214 -0.12789059
v -0.04187125 -0.21521437 -0.12413836
v -0.16219623 -0.12337771 -0.02121455
v -0.15883851 -0.10527775 -0.01470907
v -0.01654470 -0.07099241 -0.08721267
v -0.03350827 -0.05888488 -0.08646309
v -0.03925180 -0.17165922 -0.10910170
v -0.04096334 -0.18595859 -0.11473016
v -0.05923855 -0.08752771 -0.08675653
v -0.05255860 -0.07054005 -0.08940316
v -0.04630087 -0.12175658 -0.09829295
v -0.06245821 -0.12831597 -0.09736174
v -0.20652947 -0.29490107 -0.01184650
v -0.20679019 -0.31469327 -0.01767733
v -0.18780707 -0.32366195 -0.05378909
v -0.22996870 -0.47195926 -0.02616470
v -0.22217135 -0.49133399 -0.03955309
v -0.21285148 -0.46398959 -0.06003524
v -0.20880894 -0.45800725 -0.07815348
v -0.20504892 -0.47226024 -0.09248675
v -0.20529443 -0.48599377 -0.10068583
v -0.20294371 -0.45095316 -0.09599046
v -0.18159439 -0.44690254 -0.11972457
v -0.19391015 -0.43965939 -0.10617553
v -0.17716016 -0.46367693 -0.12460011
v -0.19555549 -0.46120015 -0.11068580
v -0.06097313 -0.02990275 -0.08713013
v -0.05349607 -0.04595659 -0.08592217
v -0.06956481 -0.05552981 -0.08444230
v -0.05000932 -0.01577512 -0.09047934
v -0.15587561 -0.07261176 0.01115328
v -0.15166311 -0.05761182 0.00837403
v -0.10872022 0.01826024 -0.08151808
v -0.09162049 -0.00134416 -0.08407980
v -0.07220557 0.02668171 -0.09880397
v -0.06056053 0.01412340 -0.09667397
v -0.07320862 -0.01696074 -0.08647117
v -0.09581036 -0.02243941 -0.07715488
v -0.12325466 0.00602442 -0.06560079
v -0.11636820 -0.01913237 -0.06590614
v -0.10926350 -0.03874579 -0.06558803
v -0.12783852 -0.03117603 -0.05101926
v -0.13944356 -0.02686944 -0.03623076
v -0.14384174 -0.00749520 -0.03242388
v -0.07416205 -0.34154066 -0.11041417
v -0.04485872 -0.39008656 -0.09876543
v -0.05741442 -0.41813511 -0.11092823
v -0.15249443 -0.45883477 -0.12257583
v -0.18160670 -0.16292861 -0.00489679
v -0.15524438 -0.16564694 -0.05836898
v -0.07234564 -0.14336313 -0.09678341
v -0.07634186 -0.11995851 -0.09381293
v -0.20081757 -0.29449362 -0.03335455
v -0.18045855 -0.26705134 -0.05632718
v -0.21416032 -0.49892148 -0.05809723
v -0.06772023 -0.00176744 -0.09111605
v -0.08861361 -0.04516157 -0.07714177
v -0.13342777 -0.07889631 -0.04413540
v -0.09134486 -0.37967253 -0.10263787
v -0.07052433 -0.37083000 -0.09975547
v -0.12857002 -0.46023053 -0.11304368
v -0.16704869 -0.16554008 -0.04204623
v -0.18209061 -0.22791253 -0.05143448
v -0.09049807 -0.13293488 -0.09021778
v -0.18565634 -0.28925362 -0.06202130
v -0.17410907 -0.30056128 -0.07338651
v -0.17347080 -0.31040224 -0.08750381
v -0.18486361 -0.32719356 -0.07911898
v -0.17777412 -0.37110883 -0.08995586
v -0.07539541 -0.06688239 -0.08186264
v -0.08476081 -0.08080824 -0.07888985
v -0.14061245 -0.06056567 -0.03196529
v -0.11895452 -0.11611446 -0.06833235
v -0.06608935 -0.32402653 -0.11565068
v -0.07764643 -0.39068633 -0.09924411
v -0.12066125 -0.41283825 -0.10780460
v -0.10729999 -0.36958724 -0.11765272
v -0.09850809 -0.40250728 -0.10185098
v -0.11451837 -0.39111471 -0.10838981
v -0.13728429 -0.40148875 -0.11546474
v -0.08760865 -0.35995764 -0.10849428
v -0.11457691 -0.33453348 -0.12684990
v -0.11175021 -0.35182968 -0.12626809
v -0.06780859 -0.35527036 -0.10244316
v -0.07426134 -0.43203509 -0.11711820
v -0.10546681 -0.42665437 -0.10631554
v -0.17096879 -0.24490745 -0.06663664
v -0.17979941 -0.18373042 -0.03105956
v -0.15797648 -0.18336847 -0.06486448
v -0.16829570 -0.18501686 -0.05262709
v -0.17994130 -0.20575911 -0.04474965
v -0.15350734 -0.32312161 -0.10652395
v -0.20790273 -0.38068286 -0.05917949
v -0.13652615 -0.04358224 -0.03713698
v -0.12365796 -0.04805316 -0.05231361
v -0.13019274 -0.06206193 -0.04662090
v -0.14491451 -0.07822572 -0.02596403
v -0.09600677 -0.09514754 -0.08026844
v -0.11074575 -0.09824155 -0.06780297
v -0.12769654 -0.09868446 -0.05181346
v -0.05158148 -0.34863913 -0.10222496
v -0.12446254 -0.36377484 -0.12466778
v -0.14294845 -0.44165978 -0.11963104
v -0.14055553 -0.42098743 -0.11534632
v -0.15407386 -0.40421149 -0.12400262
v -0.18042284 -0.42756537 -0.11500961
v -0.15978447 -0.42304975 -0.12482613
v -0.17507677 -0.40410185 -0.10675618
v -0.18644334 -0.38898128 -0.09359893
v -0.20504010 -0.43395531 -0.08407142
v -0.20753378 -0.42787391 -0.06963943
v -0.20497866 -0.41264161 -0.08056960
v -0.07059196 -0.44713980 -0.12514867
v -0.10716810 -0.46838179 -0.12520240
v -0.16447276 -0.14433675 -0.03071702
v -0.17177947 -0.25980875 -0.06777130
v -0.17079587 -0.21131587 -0.06055754
v -0.18485075 -0.21820278 -0.03368126
v -0.16962147 -0.32859123 -0.09686917
v -0.16130978 -0.31115198 -0.10134353
v -0.14124146 -0.31253129 -0.11401128
v -0.15677485 -0.34132940 -0.10063242
v -0.13651316 -0.33222219 -0.11188189
v -0.16061121 -0.36104193 -0.10024583
v -0.15427278 -0.37239981 -0.11360954
v -0.14123091 -0.36512420 -0.12011361
v -0.17086907 -0.38513511 -0.10385855
v -0.15956019 -0.39257506 -0.11148742
v -0.17743069 -0.34740987 -0.09184628
v -0.20207594 -0.35843465 -0.06466737
v -0.19541098 -0.37156805 -0.07706194
v -0.11507595 -0.05811316 -0.06263591
v -0.12229353 -0.08053005 -0.05767086
v -0.09673925 -0.11164463 -0.07999910
v -0.10637780 -0.13043213 -0.08100193
v -0.13877922 -0.09692379 -0.03825351
v -0.15055743 -0.11107302 -0.03312108
v -0.14698832 -0.09622449 -0.02585178
v -0.15266272 -0.12800714 -0.04036023
v -0.12655640 -0.34765589 -0.11907968
v -0.14363527 -0.34974006 -0.11098891
v -0.21698058 -0.44805336 -0.04369843
v -0.22734064 -0.45130506 -0.02309162
v -0.21461245 -0.40713421 -0.03333850
v -0.20845543 -0.40736574 -0.05674371
v -0.09569471 -0.34763423 -0.12006946
v -0.08942261 -0.32968700 -0.12243942
v -0.05691019 -0.30663955 -0.12382115
v -0.09068396 -0.44181302 -0.11429331
v -0.10832941 -0.45071536 -0.11224560
v -0.08719333 -0.45588651 -0.12687565
v -0.07274994 -0.46998218 -0.13352543
v -0.05204774 -0.47146028 -0.13775724
v -0.06722683 -0.48461202 -0.14556041
v -0.08959489 -0.47159865 -0.13517809
v -0.08463189 -0.48776573 -0.14509830
v -0.10422554 -0.48612174 -0.13853911
v -0.10074180 -0.31455529 -0.12767497
v -0.12443441 -0.31744939 -0.12178491
v -0.08947162 -0.29634365 -0.12915733
v -0.11133036 -0.29623842 -0.12530032
v -0.12976170 -0.29873404 -0.11866000
v -0.05439846 -0.28977486 -0.12851435
v -0.08546664 -0.28253713 -0.12942727
v -0.12486517 -0.38254330 -0.12173617
v -0.14021458 -0.38745409 -0.12435211
v -0.20231757 -0.39336044 -0.07758538
v -0.09907778 -0.06168411 -0.07355382
v -0.10768847 -0.07920144 -0.07180624
v -0.11943471 -0.13823213 -0.07530200
v -0.13784702 -0.11439598 -0.05014965
v -0.13687344 -0.13137630 -0.05917960
v -0.15223716 -0.14537705 -0.05001137
v -0.21959862 -0.43277508 -0.02719439
v -0.13600394 -0.28533146 -0.11363734
v -0.07080294 -0.29676470 -0.12801307
v -0.13720150 -0.14905207 -0.06728513
v -0.08938406 -0.25286317 -0.12664352
v -0.09526180 -0.26757258 -0.12695827
v -0.12906714 -0.26387614 -0.11244003
v -0.12195209 -0.27721810 -0.11890923
v -0.10837951 -0.25815907 -0.12132459
v -0.14436622 -0.25728548 -0.10007364
v -0.16262703 -0.26883814 -0.08757406
v -0.13023998 -0.24470937 -0.10762943
v -0.15932003 -0.25532198 -0.08424899
v -0.14697270 -0.27458301 -0.10404258
v -0.16056614 -0.29076755 -0.09186282
v -0.17384808 -0.27843055 -0.07670460
v -0.12519798 0.08833297 -0.09666786
v -0.13439606 0.06774654 -0.08344257
v -0.09681134 0.07352456 -0.10670661
v -0.14236490 0.05151303 -0.06881400
v -0.10295762 0.08895013 -0.10819187
v -0.10180272 0.05463873 -0.09936734
v -0.12328020 0.04614580 -0.08450126
v -0.10551990 0.03436753 -0.09011296
v -0.08660191 0.03985101 -0.09934445
v -0.14833465 -0.02662262 -0.01607912
v -0.14330280 -0.04151336 -0.02361535
v -0.15096724 -0.03983429 0.00027304
v -0.03920520 0.11490387 -0.12177444
v -0.19049206 -0.26089945 -0.03456109
v -0.19572654 -0.27945694 -0.02422783
v -0.20047629 -0.25741979 -0.01675249
v -0.07719470 -0.19117372 -0.11192077
v -0.09887797 -0.18291283 -0.10275146
v -0.10043016 -0.16490205 -0.09514038
v -0.08384556 -0.15408708 -0.09576584
v -0.08016216 -0.17146520 -0.10347475
v -0.05918843 -0.17875026 -0.11006503
v -0.14131126 -0.17122883 -0.07456782
v -0.12156677 -0.17539887 -0.08951461
v -0.11388209 -0.19323394 -0.10067921
v -0.14998834 -0.06561748 -0.00919633
v -0.14696799 -0.04842676 -0.01149158
v -0.16813560 -0.22905108 -0.06934721
v -0.04405646 -0.32250926 -0.11380448
v -0.10304022 -0.22165596 -0.11503694
v -0.11920895 -0.20974669 -0.10386089
v -0.09742434 -0.24071586 -0.12200467
v -0.14294486 -0.21483839 -0.08983611
v -0.12864010 -0.22721544 -0.10387477
v -0.14690197 -0.23822817 -0.09300852
v -0.14884210 -0.19705907 -0.07951635
v -0.16065519 -0.19774018 -0.06801547
v -0.15610397 -0.21542989 -0.07852659
v -0.13408601 -0.19538042 -0.09013595
v -0.14167386 -0.18487196 -0.08070869
v -0.09312180 -0.20457499 -0.11262242
v -0.06835610 -0.21034375 -0.12009701
v -0.12069458 -0.15852486 -0.08329275
v -0.10270008 -0.14965135 -0.08921240
v -0.16202916 0.09436923 0.04427498
v 0.16213073 0.08603188 0.06690568
v 0.16660823 0.09627488 0.03693211
v 0.15226303 0.11508621 0.07860550
v 0.04520860 0.06471082 0.16238606
v 0.11688806 0.09225004 0.14104314
v 0.07284480 0.20964102 -0.09728982
v 0.15053669 0.10043152 -0.07403690
v 0.16617022 0.07904825 -0.00067468
v 0.16670690 0.08923887 0.00608191
v 0.14051668 0.11300002 -0.08706727
v 0.16383678 0.06117323 -0.00487494
v -0.07640412 0.25510421 -0.06753535
v -0.16365881 0.07733926 -0.04351518
v -0.15736328 0.03973463 -0.03226207
v -0.16255625 0.09163862 -0.05838301
v -0.16788481 0.07695428 -0.01704342
v -0.17067392 0.08969617 -0.01298116
v -0.16763449 0.08801086 0.01220045
v -0.15779458 0.08613326 -0.06301738
v -0.11614598 0.06918137 -0.09701429
v -0.22793263 -0.44022429 0.03793818
v -0.16337630 -0.51392251 0.21192454
v -0.10565004 0.25415346 -0.00263174
v -0.10764600 -0.51773405 0.21499158
v -0.18918985 -0.43536815 0.17548899
v -0.05539316 -0.45945469 0.17627813
v -0.04475209 -0.48463225 0.19341755
v 0.00954221 -0.40880451 0.14971969
v -0.20337316 -0.23892336 0.05081035
v -0.10179342 -0.01966922 0.11555501
v -0.21126050 -0.36147165 0.09008923
v -0.07992375 -0.18487760 0.15702961
v -0.08853463 -0.10512052 0.14247832
v -0.16720548 -0.27218953 0.12327018
v -0.19081996 -0.34001133 0.14233628
v -0.13921708 -0.12671429 0.10484139
v -0.15845671 -0.18492965 0.10000731
v -0.19780615 -0.36406028 0.13997965
v -0.07522205 -0.27280641 0.13833334
v 0.07917620 -0.52495497 0.23319566
v 0.21394491 -0.43233612 0.15992151
v 0.04889688 -0.42090985 0.16495538
v 0.02251808 -0.20711216 0.17849013
v 0.22497220 -0.40455317 0.11866838
v 0.08184312 -0.17280212 0.15930411
v 0.21604124 -0.39511067 0.14071241
v 0.20254838 -0.30547914 0.09666589
v 0.05595111 0.17854995 -0.10304582
v 0.10832068 0.12270354 -0.10814369
v -0.01119083 0.15734304 -0.12637411
v 0.13103713 0.00088780 -0.04841751
v 0.03767731 0.15470676 -0.12225747
v 0.19363616 -0.25343332 0.01798793
v 0.02108263 -0.43148515 -0.11172093
v 0.08758875 -0.52052581 -0.15787040
v 0.09828529 -0.53299469 -0.16426179
v 0.04726598 -0.43404931 -0.11174922
v -0.00843832 -0.20246312 -0.12186325
v 0.16518004 -0.11749133 -0.00602517
v 0.15550347 -0.06449974 0.02030414
v 0.07924373 -0.27754375 -0.13073429
v 0.20908520 -0.45869321 -0.08887344
v 0.12790605 -0.44450867 -0.12262543
v 0.17881130 -0.41377690 -0.11264129
v 0.04155590 -0.30554301 -0.12238469
v 0.11881785 -0.12151098 -0.07218827
v 0.10921502 -0.14423570 -0.08486362
v 0.08111420 -0.15253748 -0.09713583
v 0.10239445 -0.30634522 -0.12549326
v 0.12102875 -0.31517372 -0.11477491
v 0.09099715 -0.25955823 -0.12595518
v 0.10928129 -0.25690472 -0.11854288
v 0.20011841 -0.29733518 -0.02541882
v -0.20124625 -0.27403358 0.01691963
v -0.11316156 0.10454052 -0.10676549
v -0.22789538 -0.53144926 0.01428545
v -0.03013969 0.15026990 -0.11968920
v -0.11461680 -0.51954871 -0.15184258
v -0.13477767 -0.54037642 -0.15961620
v -0.19163278 -0.20373073 -0.00954221
v -0.18496910 -0.17995203 -0.01200672
v -0.16609862 -0.44470811 -0.12452668
v -0.19243693 -0.33968616 -0.07402540
v -0.19207330 -0.41125074 -0.09234726
v -0.21028869 -0.43243384 -0.04666423
v -0.22808857 -0.42751718 -0.01050554
v -0.08054409 -0.50090355 -0.15425110
v -0.10328005 -0.27890483 -0.12613067
v -0.11732852 -0.24139878 -0.11386620
v -0.21687642 -0.53684467 0.10984653
v -0.03141633 -0.33006585 0.16331595
v -0.09388471 -0.46595880 0.18875134
v -0.03999026 -0.41348529 0.16009542
v -0.12834096 -0.05106970 0.09024230
v -0.13656144 0.01583603 0.08449054
v -0.13064006 -0.07392967 0.09684511
v -0.21611924 -0.48338512 0.10883683
v -0.09705091 -0.11529931 0.13902339
v -0.12608612 0.05714329 0.13624772
v -0.19464464 -0.27398708 0.09617803
v -0.05709866 -0.27641198 0.14117260
v 0.02801242 -0.53125453 0.24745499
v 0.19645473 -0.52442884 0.19880262
v 0.22638574 -0.43203548 0.04197384
v 0.08907826 -0.39769939 0.16750795
v 0.22774787 -0.44528279 0.13176973
v 0.02472928 -0.28086203 0.16455382
v 0.15647158 -0.39773163 0.17265266
v 0.03590260 0.12717947 -0.12447375
v 0.02054890 0.16929545 -0.11706112
v 0.05062811 -0.09254216 -0.08767097
v 0.19896956 -0.50440323 -0.10772327
v 0.14975096 -0.51914328 -0.15142688
v 0.06032216 -0.10995311 -0.08859916
v 0.21628450 -0.43390897 -0.06222165
v 0.18914182 -0.30085075 -0.05291873
v 0.19510880 -0.36690792 -0.08037180
v 0.18132168 -0.37905598 -0.08498991
v 0.19635457 -0.31573409 -0.04613862
v 0.12446149 -0.23078658 -0.10717425
v 0.11594456 -0.23573121 -0.11283967
v -0.16802976 0.07868491 0.00090486
v -0.16436206 0.05670658 0.02794585
v -0.21956310 -0.38781881 -0.02085997
v -0.06261931 0.08011854 -0.11441685
v -0.20795883 -0.33857301 0.01863344
v -0.22703186 -0.40619066 -0.00339459
v -0.22211781 -0.40622145 -0.02130734
v -0.06095094 -0.39102077 -0.09888363
v -0.15596753 -0.23284808 -0.08338333
v -0.02412459 -0.31140572 -0.11520039
v -0.05443947 -0.33581394 -0.10747179
v -0.19083011 -0.29989249 -0.05365602
v -0.17373927 -0.48537195 -0.12718688
v -0.08208402 -0.42050493 -0.11018462
v -0.19166976 -0.42210102 -0.10226980
v -0.03822827 -0.30189285 -0.12274227
v -0.06683213 -0.27977806 -0.13053858
v 0.08492647 -0.31798089 -0.13224670
f 26 27 142
f 29 105 28
f 142 27 28
f 142 25 26
f 38 39 129
f 164 134 163
f 135 164 23
f 126 35 36
f 44 45 116
f 191 21 22
f 36 37 125
f 19 238 239
f 210 211 255
f 40 120 39
f 30 2372 105
f 19 239 18
f 2372 113 106
f 105 29 30
f 111 104 154
f 353 18 239
f 34 35 122
f 589 91 586
f 81 82 83
f 585 587 112
f 288 192 286
f 75 103 199
f 294 269 17
f 93 94 204
f 10 533 229
f 277 11 12
f 587 145 112
f 15 267 14
f 49 169 736
f 87 118 2305
f 5 231 4
f 81 83 111
f 189 2 2405
f 1862 163 22
f 31 32 113
f 189 188 2
f 231 284 4
f 150 166 105
f 96 160 95
f 206 209 208
f 172 91 92
f 123 118 88
f 109 44 116
f 2305 108 86
f 111 154 114
f 84 104 83
f 79 80 114
f 117 174 113
f 584 127 588
f 75 76 103
f 91 172 586
f 235 161 190
f 155 120 40
f 125 37 38
f 582 128 153
f 118 123 124
f 43 44 109
f 124 123 127
f 121 109 128
f 123 89 127
f 45 46 110
f 58 220 219
f 110 100 116
f 46 139 110
f 177 178 99
f 151 33 34
f 585 78 583
f 47 101 46
f 117 33 151
f 196 50 51
f 33 117 32
f 242 55 300
f 119 155 41
f 42 121 119
f 221 218 220
f 122 175 151
f 53 194 240
f 110 116 45
f 240 2310 816
f 114 584 583
f 127 89 90
f 86 108 85
f 139 46 101
f 41 42 119
f 118 124 154
f 74 75 198
f 199 750 198
f 112 77 78
f 79 583 78
f 108 104 84
f 109 121 43
f 104 111 83
f 2305 86 87
f 118 87 88
f 81 111 80
f 117 113 32
f 123 88 89
f 108 84 85
f 114 583 79
f 119 121 128
f 126 122 35
f 588 586 587
f 66 67 230
f 121 42 43
f 114 154 124
f 30 31 2372
f 104 108 2305
f 118 154 2305
f 750 140 73
f 100 177 181
f 71 252 70
f 111 114 80
f 461 136 352
f 280 230 278
f 223 852 270
f 125 126 36
f 155 40 41
f 175 122 126
f 129 125 38
f 405 183 404
f 130 129 120
f 115 130 405
f 120 2306 130
f 115 212 2304
f 322 318 319
f 227 532 410
f 230 342 65
f 161 189 190
f 135 165 164
f 245 52 921
f 698 169 48
f 100 110 139
f 100 139 138
f 138 139 48
f 148 143 145
f 171 72 73
f 147 246 102
f 205 92 93
f 148 144 143
f 166 142 105
f 135 25 142
f 23 24 135
f 145 143 77
f 145 149 148
f 144 103 143
f 143 76 77
f 103 102 199
f 112 145 77
f 144 147 102
f 146 173 304
f 149 145 587
f 149 146 148
f 586 149 587
f 144 148 304
f 166 150 97
f 237 150 106
f 113 2372 31
f 460 2307 107
f 151 175 176
f 151 34 122
f 109 152 128
f 128 152 153
f 109 116 181
f 153 152 99
f 99 152 177
f 152 109 181
f 99 178 2309
f 589 127 90
f 2306 120 155
f 419 411 420
f 270 271 328
f 363 496 534
f 282 395 446
f 345 235 285
f 208 141 206
f 188 233 160
f 21 191 2303
f 164 163 1862
f 163 134 192
f 23 164 1862
f 166 165 135
f 346 165 97
f 134 164 165
f 165 166 97
f 142 166 135
f 350 238 351
f 416 415 411
f 261 215 216
f 215 261 2308
f 298 299 2373
f 301 433 2373
f 214 179 2309
f 2309 178 213
f 137 177 138
f 48 169 138
f 72 71 864
f 253 201 251
f 203 95 483
f 172 92 205
f 146 205 173
f 172 205 146
f 205 204 173
f 249 173 206
f 106 113 174
f 150 2372 106
f 151 174 117
f 176 254 174
f 175 210 176
f 311 310 210
f 169 137 138
f 178 177 137
f 256 261 216
f 178 137 213
f 2309 179 180
f 214 2309 213
f 49 213 137
f 185 2374 182
f 183 582 184
f 152 181 177
f 180 184 153
f 582 153 184
f 115 405 457
f 184 180 185
f 182 183 184
f 2308 261 314
f 184 185 182
f 314 2374 185
f 318 320 277
f 353 239 293
f 411 415 431
f 370 273 334
f 7 8 228
f 282 446 2377
f 435 591 434
f 533 11 277
f 278 67 68
f 281 342 230
f 308 307 302
f 342 281 374
f 133 233 235
f 483 95 160
f 1 2 2282
f 188 161 233
f 483 484 450
f 209 204 203
f 190 189 234
f 188 189 161
f 284 190 234
f 193 162 236
f 163 191 22
f 346 237 2379
f 238 20 351
f 293 239 350
f 265 57 218
f 197 51 52
f 921 2310 245
f 197 52 168
f 168 52 245
f 196 213 50
f 199 198 75
f 144 102 103
f 140 199 102
f 249 304 173
f 403 356 306
f 70 305 69
f 140 171 73
f 202 72 171
f 171 247 251
f 252 202 201
f 203 204 94
f 95 203 94
f 173 204 206
f 205 93 204
f 208 209 207
f 483 160 484
f 307 309 302
f 204 209 206
f 483 209 203
f 349 254 310
f 286 192 134
f 254 176 310
f 151 176 174
f 211 126 212
f 255 107 311
f 211 175 126
f 211 312 255
f 357 212 115
f 125 2304 126
f 312 211 212
f 50 213 49
f 214 213 196
f 214 196 215
f 215 197 168
f 297 259 258
f 258 259 257
f 216 215 168
f 217 168 245
f 217 194 258
f 257 464 256
f 168 217 2375
f 185 180 179
f 153 99 180
f 2309 180 99
f 100 138 177
f 116 100 181
f 185 179 2308
f 262 58 59
f 263 59 60
f 243 355 242
f 262 220 58
f 262 361 468
f 57 219 218
f 218 219 220
f 508 517 506
f 266 355 243
f 409 221 220
f 368 15 16
f 186 2311 267
f 271 955 62
f 273 62 63
f 329 272 328
f 224 333 61
f 263 361 262
f 592 226 6
f 592 6 225
f 7 225 6
f 226 337 283
f 282 231 232
f 6 226 274
f 228 8 187
f 187 8 227
f 187 276 228
f 228 225 7
f 229 9 1885
f 227 8 9
f 10 11 533
f 227 229 532
f 9 229 227
f 230 67 278
f 279 68 69
f 281 280 159
f 369 335 342
f 232 231 5
f 454 399 480
f 160 96 188
f 235 233 161
f 484 233 133
f 189 3 234
f 285 190 284
f 235 190 285
f 193 236 20
f 191 192 193
f 163 192 191
f 150 237 97
f 237 106 348
f 239 238 350
f 236 351 20
f 293 350 167
f 294 18 353
f 326 269 325
f 245 240 217
f 295 53 241
f 299 54 55
f 241 195 295
f 241 54 299
f 299 242 2373
f 57 265 56
f 221 244 266
f 196 51 197
f 240 245 2310
f 304 250 147
f 246 200 247
f 102 246 140
f 170 247 200
f 171 251 202
f 140 247 171
f 246 247 140
f 200 248 170
f 200 246 147
f 309 141 208
f 248 200 250
f 304 147 144
f 250 249 141
f 247 170 251
f 253 251 170
f 141 249 206
f 202 252 71
f 356 252 201
f 356 305 252
f 338 339 279
f 201 202 251
f 254 106 174
f 106 254 348
f 211 210 175
f 257 256 2375
f 2375 256 216
f 464 260 256
f 258 257 2375
f 464 257 359
f 297 258 194
f 260 98 314
f 179 214 2308
f 263 262 59
f 264 263 60
f 361 263 264
f 60 333 264
f 315 361 264
f 316 361 317
f 266 265 218
f 300 56 243
f 221 266 218
f 266 244 355
f 13 14 2311
f 319 186 323
f 368 267 15
f 268 222 16
f 268 17 269
f 16 222 368
f 222 268 269
f 271 270 955
f 223 270 328
f 273 271 62
f 330 332 377
f 329 328 271
f 329 331 272
f 334 63 64
f 64 65 335
f 369 336 370
f 275 226 283
f 226 275 274
f 5 275 232
f 337 226 592
f 276 434 228
f 227 410 187
f 499 187 410
f 410 470 499
f 568 131 2380
f 187 499 276
f 435 434 2318
f 277 531 533
f 279 278 68
f 305 279 69
f 338 279 305
f 339 280 278
f 371 340 159
f 230 65 66
f 335 65 342
f 373 281 159
f 281 373 374
f 283 282 232
f 283 343 282
f 231 282 2377
f 283 232 275
f 392 395 343
f 4 284 234
f 284 2377 285
f 446 344 399
f 134 165 346
f 346 97 237
f 134 346 286
f 288 347 287
f 347 286 2379
f 288 287 292
f 351 290 289
f 162 292 290
f 292 162 288
f 192 288 162
f 292 291 290
f 291 352 289
f 291 289 290
f 167 289 352
f 417 293 2313
f 269 294 325
f 194 53 295
f 298 296 195
f 354 474 512
f 297 194 295
f 298 433 296
f 299 298 195
f 242 299 55
f 265 243 56
f 242 300 243
f 425 354 296
f 309 208 303
f 450 485 453
f 208 207 303
f 250 141 248
f 250 304 249
f 252 305 70
f 201 253 306
f 308 403 306
f 307 306 253
f 306 307 308
f 302 309 303
f 447 302 303
f 403 308 481
f 248 309 307
f 309 248 141
f 170 248 307
f 310 176 210
f 311 107 578
f 310 311 563
f 255 311 210
f 512 259 354
f 256 260 261
f 2308 314 185
f 260 314 261
f 315 391 317
f 264 333 360
f 361 315 317
f 318 277 12
f 318 322 320
f 12 13 318
f 2311 318 13
f 267 2311 14
f 318 2311 319
f 366 545 323
f 502 321 364
f 321 320 322
f 364 321 322
f 321 157 365
f 323 322 319
f 324 323 186
f 186 267 367
f 2313 412 417
f 269 326 222
f 411 327 326
f 590 328 272
f 273 329 271
f 330 329 273
f 330 370 332
f 377 375 376
f 378 379 331
f 330 331 329
f 377 332 375
f 360 224 593
f 333 224 360
f 335 334 64
f 374 398 336
f 273 370 330
f 338 305 356
f 339 338 371
f 278 279 339
f 230 280 281
f 481 372 403
f 302 482 308
f 341 397 398
f 282 343 395
f 340 441 439
f 284 231 2377
f 401 2377 446
f 441 442 455
f 456 451 345
f 286 346 2379
f 402 348 349
f 348 254 349
f 563 349 310
f 289 167 350
f 290 351 236
f 350 351 289
f 519 520 575
f 414 352 136
f 414 167 352
f 353 293 417
f 294 353 325
f 195 297 295
f 297 296 354
f 242 355 2373
f 266 243 265
f 503 355 244
f 2373 355 301
f 306 356 201
f 338 356 403
f 400 449 447
f 481 442 372
f 357 312 212
f 98 260 462
f 255 312 406
f 466 464 465
f 465 359 530
f 259 359 257
f 360 388 315
f 264 360 315
f 316 409 468
f 384 385 382
f 388 391 315
f 323 364 322
f 366 430 545
f 368 367 267
f 327 368 222
f 367 324 186
f 367 327 419
f 368 327 367
f 326 327 222
f 424 418 2316
f 334 335 369
f 369 370 334
f 332 370 336
f 371 159 280
f 439 159 340
f 339 371 280
f 403 372 371
f 340 371 372
f 439 373 159
f 374 373 341
f 398 374 341
f 342 374 369
f 373 439 341
f 375 445 376
f 336 375 332
f 478 568 386
f 379 380 158
f 331 377 378
f 379 378 380
f 388 360 593
f 590 272 158
f 379 272 331
f 382 158 384
f 384 158 380
f 388 387 391
f 380 381 384
f 542 499 470
f 387 385 2314
f 394 393 438
f 593 158 382
f 378 383 2315
f 438 376 445
f 477 492 436
f 382 385 387
f 131 568 541
f 568 2380 386
f 437 386 383
f 2315 383 386
f 378 377 383
f 377 376 383
f 2380 2315 386
f 378 2315 380
f 2314 385 436
f 382 387 388
f 436 385 477
f 2314 391 387
f 317 391 390
f 2376 479 392
f 395 2312 344
f 2376 392 343
f 337 2376 283
f 394 445 396
f 393 437 438
f 2312 392 394
f 393 394 392
f 396 2312 394
f 344 2312 132
f 446 395 344
f 132 2312 396
f 398 396 445
f 396 398 397
f 443 444 132
f 447 303 448
f 345 285 401
f 2381 453 451
f 448 450 453
f 235 345 133
f 133 345 451
f 286 347 288
f 402 347 2379
f 348 2379 237
f 359 259 512
f 354 259 297
f 549 508 507
f 338 403 371
f 2306 405 130
f 358 407 457
f 182 404 183
f 183 405 2306
f 457 405 404
f 406 107 255
f 107 406 460
f 312 407 406
f 407 358 489
f 357 407 312
f 313 467 528
f 2374 490 488
f 464 359 465
f 363 534 156
f 363 156 316
f 537 409 156
f 468 409 220
f 156 409 316
f 321 365 320
f 320 365 531
f 531 277 320
f 470 410 469
f 323 324 366
f 167 414 2313
f 2313 414 413
f 412 2313 413
f 428 412 413
f 416 412 415
f 416 411 326
f 415 412 428
f 325 416 326
f 419 420 2382
f 411 419 327
f 367 419 324
f 420 424 421
f 427 426 431
f 433 301 504
f 476 2320 518
f 432 429 426
f 546 418 509
f 421 430 366
f 425 422 474
f 431 415 427
f 476 413 414
f 415 428 427
f 555 557 516
f 430 421 2316
f 548 473 430
f 565 538 566
f 355 503 301
f 507 506 505
f 513 474 517
f 518 413 476
f 426 418 424
f 510 554 509
f 431 426 424
f 558 432 423
f 429 418 426
f 433 425 296
f 425 433 511
f 374 336 369
f 375 336 398
f 479 478 437
f 479 437 393
f 2318 434 276
f 568 435 541
f 478 435 568
f 436 492 493
f 2314 436 389
f 438 437 383
f 376 438 383
f 394 438 445
f 443 439 441
f 442 441 340
f 456 399 454
f 340 372 442
f 441 440 443
f 308 482 481
f 455 442 486
f 443 440 444
f 440 452 454
f 132 397 443
f 341 443 397
f 454 444 440
f 132 444 480
f 398 445 375
f 401 446 399
f 448 303 207
f 400 486 449
f 448 207 450
f 400 447 448
f 447 449 482
f 450 207 483
f 450 484 485
f 452 2381 456
f 133 451 485
f 456 454 452
f 453 400 448
f 455 452 440
f 2381 452 486
f 485 451 453
f 400 453 2381
f 454 480 444
f 441 455 440
f 486 442 449
f 345 401 456
f 457 357 115
f 357 457 407
f 488 457 404
f 182 488 404
f 523 458 313
f 526 291 487
f 573 461 526
f 459 579 2307
f 581 576 577
f 291 461 352
f 98 408 490
f 462 260 464
f 408 98 462
f 408 463 490
f 457 488 358
f 458 489 313
f 408 466 467
f 462 464 466
f 466 465 529
f 462 466 408
f 408 467 463
f 262 468 220
f 316 468 361
f 469 365 2319
f 472 470 2319
f 531 365 469
f 469 2319 470
f 276 499 2318
f 477 131 498
f 472 542 470
f 471 492 498
f 544 493 494
f 472 471 542
f 501 430 473
f 502 545 501
f 156 534 536
f 474 422 517
f 524 528 525
f 425 474 354
f 461 573 559
f 136 476 414
f 559 2320 476
f 131 477 381
f 437 478 386
f 392 479 393
f 478 591 435
f 443 341 439
f 399 344 480
f 132 480 344
f 449 442 481
f 447 482 302
f 481 482 449
f 209 483 207
f 233 484 160
f 484 133 485
f 2381 486 400
f 455 486 452
f 2374 488 182
f 490 2374 98
f 292 487 291
f 347 402 562
f 287 487 292
f 576 526 487
f 358 488 490
f 467 313 463
f 523 528 524
f 406 407 489
f 463 489 358
f 490 463 358
f 529 465 491
f 530 512 513
f 557 525 529
f 469 532 531
f 531 532 533
f 498 492 477
f 492 471 494
f 472 495 494
f 493 492 494
f 472 494 471
f 495 157 543
f 493 362 389
f 497 389 362
f 389 436 493
f 362 564 496
f 389 497 390
f 496 363 497
f 363 390 497
f 542 498 541
f 541 2318 542
f 501 545 430
f 502 501 500
f 569 538 565
f 544 494 495
f 500 543 502
f 321 502 157
f 364 323 545
f 503 567 504
f 244 221 2383
f 505 504 567
f 433 504 511
f 503 504 301
f 507 508 506
f 422 425 511
f 505 506 511
f 549 510 508
f 549 507 550
f 418 429 509
f 515 594 522
f 522 429 558
f 511 504 505
f 511 506 422
f 359 512 530
f 513 512 474
f 514 513 475
f 513 516 530
f 514 515 571
f 555 516 514
f 594 510 522
f 491 530 516
f 514 516 513
f 513 517 475
f 506 517 422
f 517 508 475
f 2317 427 518
f 574 573 580
f 427 428 518
f 413 518 428
f 520 2317 2320
f 518 2320 2317
f 570 556 572
f 520 423 2317
f 520 519 423
f 519 521 423
f 429 432 558
f 571 555 514
f 521 558 423
f 558 515 522
f 556 521 519
f 521 571 558
f 559 574 2320
f 523 459 460
f 524 560 561
f 458 523 460
f 313 528 523
f 570 557 555
f 525 570 560
f 291 526 461
f 581 526 576
f 402 349 527
f 578 577 527
f 529 528 467
f 525 528 529
f 529 467 466
f 529 491 557
f 465 530 491
f 410 532 469
f 229 533 532
f 535 496 564
f 534 496 535
f 552 553 547
f 540 507 505
f 535 551 534
f 362 493 539
f 535 564 565
f 552 547 554
f 2321 536 551
f 534 551 536
f 409 537 221
f 536 2321 537
f 156 536 537
f 2321 2383 537
f 501 538 500
f 473 538 501
f 566 553 565
f 540 505 567
f 544 539 493
f 566 538 473
f 541 498 131
f 471 498 542
f 502 543 157
f 569 543 500
f 500 538 569
f 364 545 502
f 547 566 473
f 418 546 548
f 547 548 546
f 550 507 540
f 510 549 554
f 549 550 552
f 553 551 535
f 565 553 535
f 551 552 550
f 547 553 566
f 552 551 553
f 546 554 547
f 552 554 549
f 546 509 554
f 509 429 522
f 509 522 510
f 555 571 556
f 570 572 560
f 521 556 571
f 556 519 572
f 516 557 491
f 515 558 571
f 561 560 572
f 524 525 560
f 575 561 572
f 523 524 459
f 562 287 347
f 487 562 576
f 287 562 487
f 527 562 402
f 577 562 527
f 577 579 581
f 362 496 497
f 539 564 362
f 539 565 564
f 565 539 569
f 244 567 503
f 2383 567 244
f 537 2383 221
f 2321 540 2383
f 550 540 2321
f 2318 541 435
f 544 495 543
f 544 569 539
f 543 569 544
f 548 547 473
f 557 570 525
f 556 570 555
f 519 575 572
f 581 580 573
f 580 575 574
f 520 574 575
f 559 573 574
f 559 136 461
f 476 136 559
f 580 561 575
f 577 576 562
f 527 563 578
f 578 563 311
f 580 579 459
f 526 581 573
f 577 578 579
f 561 580 459
f 580 581 579
f 582 2306 119
f 585 112 78
f 124 584 114
f 127 584 124
f 583 584 585
f 149 586 172
f 588 587 585
f 584 588 585
f 589 588 127
f 91 589 90
f 588 589 586
f 593 590 158
f 328 590 223
f 225 434 591
f 592 591 2378
f 434 225 228
f 388 593 382
f 594 475 508
f 514 475 515
f 475 594 515
f 510 594 508
f 688 632 631
f 722 623 622
f 49 812 50
f 625 727 728
f 682 689 687
f 1109 669 699
f 240 816 53
f 786 785 772
f 638 2384 101
f 722 683 623
f 637 636 671
f 60 59 2325
f 686 628 2385
f 682 631 630
f 687 677 682
f 684 2385 627
f 736 169 698
f 674 649 648
f 2389 888 57
f 727 624 683
f 2325 59 887
f 59 58 887
f 56 2389 57
f 724 664 787
f 637 2384 638
f 874 878 731
f 744 641 640
f 61 850 852
f 726 727 683
f 62 955 849
f 685 671 636
f 673 667 699
f 676 663 645
f 68 67 855
f 672 700 673
f 1097 738 739
f 667 702 705
f 714 620 619
f 803 909 910
f 644 669 676
f 639 74 661
f 751 749 750
f 674 668 729
f 74 198 661
f 704 654 703
f 639 661 711
f 671 685 660
f 683 752 726
f 730 762 2385
f 642 673 643
f 629 686 689
f 681 680 633
f 668 647 663
f 674 647 668
f 645 663 646
f 644 676 645
f 795 688 677
f 676 729 668
f 730 2385 684
f 708 662 709
f 699 669 643
f 626 625 728
f 1109 1108 675
f 686 629 628
f 684 627 626
f 682 688 631
f 681 688 795
f 624 727 625
f 621 679 723
f 624 623 683
f 607 885 608
f 621 723 622
f 682 677 688
f 716 679 714
f 762 760 687
f 714 618 617
f 715 714 617
f 681 632 688
f 628 627 2385
f 714 619 618
f 682 630 689
f 757 835 795
f 729 676 669
f 723 679 716
f 677 760 757
f 674 729 675
f 620 679 621
f 728 684 626
f 701 702 700
f 658 809 659
f 673 642 672
f 47 638 101
f 733 891 954
f 806 808 805
f 637 671 2384
f 811 809 2283
f 707 655 704
f 632 681 633
f 660 697 671
f 672 642 641
f 674 675 650
f 652 1108 705
f 674 650 649
f 648 647 674
f 714 679 620
f 675 651 650
f 687 689 686
f 705 702 653
f 1091 1041 989
f 676 668 663
f 717 725 724
f 943 873 872
f 633 680 634
f 805 597 596
f 1108 651 675
f 878 925 930
f 744 745 708
f 598 960 952
f 960 987 800
f 644 643 669
f 891 845 847
f 685 636 635
f 665 837 743
f 629 689 630
f 635 634 680
f 911 804 909
f 737 657 656
f 72 815 73
f 1109 699 667
f 817 2386 1048
f 773 1105 774
f 660 693 698
f 697 660 698
f 698 693 736
f 139 101 48
f 2384 671 697
f 48 697 698
f 729 669 1109
f 667 705 1109
f 700 666 701
f 667 700 702
f 673 700 667
f 666 700 672
f 709 706 701
f 704 655 654
f 701 666 709
f 703 702 701
f 653 702 703
f 703 701 704
f 653 703 654
f 706 704 701
f 704 706 707
f 652 705 653
f 706 709 662
f 656 655 707
f 748 858 747
f 707 706 713
f 745 744 640
f 662 713 706
f 712 813 710
f 863 859 861
f 744 666 672
f 709 666 708
f 711 640 639
f 749 711 661
f 708 747 662
f 198 750 661
f 751 750 73
f 694 746 749
f 1092 735 1093
f 858 713 662
f 738 713 712
f 715 617 616
f 716 714 715
f 615 715 616
f 720 725 717
f 719 723 718
f 752 670 726
f 719 718 717
f 720 718 753
f 719 717 670
f 717 724 670
f 787 781 724
f 721 715 615
f 755 740 754
f 723 722 622
f 722 719 752
f 723 716 718
f 722 723 719
f 696 725 720
f 664 724 725
f 718 720 717
f 754 696 720
f 727 726 678
f 728 727 678
f 675 729 1109
f 681 834 680
f 680 834 665
f 684 728 869
f 840 605 838
f 1011 1010 973
f 55 890 300
f 601 847 602
f 854 805 808
f 1068 989 1090
f 804 64 63
f 1068 1065 1066
f 857 793 833
f 736 693 867
f 712 739 738
f 809 658 2285
f 738 707 713
f 739 712 710
f 707 738 737
f 739 710 997
f 739 997 1094
f 202 71 72
f 70 865 71
f 922 816 2310
f 695 968 923
f 610 609 819
f 880 886 606
f 753 716 715
f 743 742 660
f 693 660 742
f 743 660 685
f 867 693 823
f 665 743 2322
f 742 743 826
f 666 744 708
f 641 744 672
f 745 640 711
f 746 745 711
f 708 745 747
f 749 746 711
f 747 746 748
f 745 746 747
f 748 746 694
f 859 813 748
f 748 813 858
f 749 751 694
f 859 748 694
f 661 750 749
f 815 751 73
f 820 751 815
f 722 752 683
f 670 752 719
f 716 753 718
f 721 753 715
f 615 614 755
f 755 721 615
f 755 754 721
f 613 755 614
f 1047 740 817
f 696 754 740
f 728 678 869
f 757 795 677
f 756 761 760
f 766 759 761
f 759 757 761
f 765 768 758
f 836 757 759
f 769 770 772
f 776 758 769
f 759 765 758
f 769 758 768
f 776 836 758
f 677 687 760
f 762 687 686
f 760 761 757
f 763 821 756
f 756 760 762
f 730 763 762
f 756 762 763
f 822 764 767
f 767 766 822
f 783 765 766
f 759 766 765
f 783 766 767
f 774 768 783
f 774 1105 771
f 770 769 768
f 771 784 770
f 776 775 777
f 771 768 774
f 770 784 779
f 782 767 764
f 771 1107 784
f 770 768 771
f 785 769 772
f 825 775 790
f 777 825 824
f 785 790 775
f 777 775 825
f 782 773 767
f 773 774 783
f 775 776 769
f 793 857 790
f 824 825 823
f 776 777 871
f 837 665 796
f 779 792 786
f 779 2387 830
f 764 822 916
f 787 788 781
f 782 866 780
f 670 724 791
f 764 916 866
f 724 781 791
f 773 783 767
f 779 784 2387
f 785 775 769
f 1004 725 696
f 791 781 789
f 772 779 786
f 794 790 785
f 829 792 870
f 785 786 794
f 790 794 793
f 867 823 857
f 1049 2388 664
f 730 868 763
f 791 726 670
f 790 857 825
f 917 789 781
f 726 791 678
f 786 2324 794
f 792 830 870
f 830 831 870
f 52 51 832
f 794 2324 828
f 833 51 50
f 871 835 836
f 796 665 834
f 778 837 796
f 835 796 834
f 796 871 778
f 841 840 797
f 901 733 976
f 1111 877 884
f 932 887 888
f 941 829 870
f 901 845 891
f 848 847 903
f 270 983 955
f 61 333 850
f 962 800 987
f 990 803 910
f 856 802 855
f 805 807 806
f 807 2283 806
f 801 988 1066
f 853 854 801
f 807 805 596
f 596 1284 807
f 811 807 1284
f 810 2285 658
f 2283 809 735
f 1094 1097 739
f 809 2285 735
f 1071 2283 735
f 811 2283 807
f 1284 595 2284
f 811 1284 2284
f 657 810 658
f 809 811 659
f 857 833 812
f 736 812 49
f 707 737 656
f 737 1097 810
f 657 737 810
f 712 858 813
f 710 813 863
f 863 860 996
f 815 72 864
f 865 908 991
f 861 859 820
f 817 740 613
f 755 613 740
f 1489 612 2386
f 1003 1047 1048
f 819 966 1002
f 914 1002 966
f 912 609 608
f 915 819 1002
f 763 868 920
f 822 756 821
f 822 821 916
f 778 777 824
f 826 778 824
f 824 742 826
f 824 823 742
f 823 825 857
f 868 869 827
f 917 827 789
f 921 832 828
f 922 828 2324
f 792 829 2324
f 779 830 792
f 830 695 831
f 832 51 833
f 833 793 832
f 828 832 793
f 794 828 793
f 52 832 921
f 795 834 681
f 795 835 834
f 757 836 835
f 836 759 758
f 777 778 871
f 837 778 826
f 743 837 826
f 797 840 838
f 872 605 1443
f 1110 885 886
f 873 874 838
f 872 838 605
f 876 841 797
f 877 876 924
f 839 841 876
f 892 604 846
f 872 873 838
f 888 58 219
f 889 56 300
f 889 974 971
f 241 940 54
f 603 844 900
f 602 845 844
f 604 892 893
f 900 844 845
f 604 603 846
f 903 601 600
f 905 600 599
f 891 847 848
f 847 845 602
f 903 847 601
f 848 903 953
f 983 956 955
f 1130 849 1131
f 851 852 850
f 906 907 850
f 1112 984 851
f 852 851 983
f 853 801 987
f 854 853 597
f 855 802 2286
f 856 67 66
f 860 993 995
f 65 64 911
f 856 66 803
f 803 66 911
f 66 65 911
f 804 63 1130
f 812 833 50
f 857 812 867
f 713 858 712
f 747 858 662
f 820 859 694
f 861 862 992
f 862 864 865
f 862 861 820
f 863 861 860
f 815 862 820
f 862 865 992
f 860 995 996
f 859 863 813
f 997 710 996
f 1095 1094 814
f 865 864 71
f 815 864 862
f 908 70 69
f 992 865 991
f 915 612 611
f 2386 612 818
f 912 819 609
f 915 610 819
f 885 912 608
f 912 1114 966
f 818 612 915
f 917 918 920
f 780 2323 1132
f 764 866 782
f 780 866 2323
f 919 2323 866
f 736 867 812
f 742 823 693
f 869 868 730
f 868 827 920
f 869 730 684
f 827 678 789
f 869 678 827
f 835 871 796
f 776 871 836
f 943 894 873
f 894 943 896
f 874 873 875
f 838 874 797
f 874 731 924
f 875 873 894
f 924 731 877
f 797 874 924
f 874 875 878
f 884 970 1055
f 883 881 882
f 924 876 797
f 882 876 877
f 926 945 929
f 879 875 894
f 877 731 884
f 878 875 879
f 970 878 930
f 895 899 894
f 925 879 926
f 899 879 894
f 881 880 839
f 885 607 886
f 839 880 841
f 882 881 839
f 1110 881 883
f 882 839 876
f 883 1111 2329
f 1111 883 882
f 1161 1159 1172
f 884 1055 1111
f 607 606 886
f 881 886 880
f 888 887 58
f 798 887 932
f 2325 887 798
f 889 2389 56
f 890 889 300
f 937 55 54
f 241 53 940
f 937 54 843
f 829 816 922
f 843 54 940
f 891 733 901
f 897 900 901
f 929 925 926
f 895 894 896
f 896 892 846
f 893 943 872
f 893 892 943
f 976 978 944
f 898 897 944
f 895 897 898
f 897 896 846
f 895 896 897
f 846 900 897
f 898 978 979
f 898 951 895
f 951 899 895
f 603 900 846
f 901 900 845
f 901 976 944
f 1057 933 1056
f 951 898 979
f 926 946 945
f 946 902 945
f 905 903 600
f 599 952 905
f 952 800 904
f 598 952 599
f 905 953 903
f 953 905 904
f 982 906 2325
f 972 973 1010
f 1112 907 1014
f 986 957 958
f 956 957 959
f 987 961 853
f 801 962 987
f 805 854 597
f 988 854 808
f 1000 856 990
f 855 67 856
f 964 2286 802
f 865 70 908
f 855 2286 69
f 908 69 2286
f 996 710 863
f 911 909 803
f 999 990 910
f 804 911 64
f 959 1040 1131
f 912 913 1114
f 885 913 912
f 912 966 819
f 1046 967 1080
f 967 741 818
f 611 610 915
f 918 916 821
f 866 916 919
f 781 788 917
f 916 918 919
f 920 918 821
f 918 917 919
f 920 821 763
f 922 921 828
f 829 922 2324
f 941 816 829
f 968 695 1005
f 878 879 925
f 899 926 879
f 929 930 925
f 929 945 948
f 929 927 930
f 878 970 731
f 928 970 930
f 798 932 931
f 935 931 1006
f 935 934 931
f 2389 932 888
f 931 932 1006
f 1006 2389 971
f 935 1006 936
f 1119 1127 1118
f 935 933 1123
f 933 935 936
f 933 1057 1123
f 798 972 982
f 798 931 934
f 973 934 1122
f 1007 974 1008
f 938 937 799
f 938 799 939
f 937 938 890
f 1018 939 799
f 890 55 937
f 816 940 53
f 1051 941 831
f 891 848 954
f 892 896 943
f 898 944 978
f 901 944 897
f 949 945 902
f 899 946 926
f 979 902 946
f 1024 902 981
f 929 948 927
f 980 981 979
f 950 945 949
f 948 945 1023
f 947 950 949
f 1023 945 950
f 979 946 951
f 946 899 951
f 800 952 960
f 905 952 904
f 1062 986 1059
f 1026 953 904
f 954 848 1028
f 733 942 976
f 953 1028 848
f 906 982 842
f 907 906 842
f 906 850 333
f 1112 850 907
f 1112 851 850
f 956 851 984
f 955 959 849
f 959 955 956
f 956 984 957
f 959 957 1040
f 957 984 958
f 1031 1100 1038
f 1040 957 986
f 961 960 598
f 960 961 987
f 963 802 1000
f 1000 802 856
f 965 963 1000
f 802 963 964
f 1042 994 995
f 1040 734 1085
f 967 1002 914
f 914 1081 1080
f 741 967 1046
f 695 923 831
f 843 799 937
f 1018 799 969
f 927 690 1053
f 928 930 927
f 1126 1053 690
f 970 928 1055
f 731 970 884
f 57 888 219
f 936 1006 971
f 973 972 934
f 1011 973 1128
f 889 971 2389
f 1007 971 974
f 890 974 889
f 938 974 890
f 1008 938 939
f 1008 1115 732
f 976 942 977
f 1060 733 954
f 1059 985 1017
f 980 977 1016
f 977 978 976
f 1116 950 1009
f 927 948 690
f 1127 948 1023
f 947 949 1024
f 979 978 980
f 978 977 980
f 1058 980 1016
f 902 979 981
f 800 1025 904
f 1027 1026 1030
f 1031 1029 1100
f 982 2325 798
f 982 972 842
f 852 983 270
f 983 851 956
f 1015 984 1112
f 962 801 1066
f 989 988 808
f 854 988 801
f 808 1091 989
f 1095 1096 692
f 1063 1065 691
f 803 990 856
f 2286 991 908
f 993 992 991
f 992 993 860
f 1044 1042 1043
f 1074 1075 1073
f 1042 993 991
f 2287 814 997
f 861 992 860
f 2287 997 996
f 995 994 2287
f 994 1074 1076
f 1072 1041 692
f 1087 1084 1086
f 1001 999 1045
f 1001 1000 990
f 1069 691 1065
f 915 1002 818
f 1004 1003 1050
f 1003 1004 696
f 696 740 1047
f 1004 1050 1049
f 725 1004 664
f 1102 2326 1133
f 2386 741 1048
f 1002 967 818
f 1147 968 1005
f 1022 923 968
f 831 923 969
f 940 1051 843
f 799 843 969
f 1051 969 843
f 1129 1127 1119
f 1106 1140 1147
f 1007 936 971
f 974 938 1008
f 1115 1008 939
f 732 1007 1008
f 1123 934 935
f 950 1116 1023
f 1061 1128 947
f 1012 1014 907
f 1011 1128 1061
f 1012 1010 1011
f 907 842 1012
f 972 1010 842
f 1012 842 1010
f 1014 1012 2327
f 1011 1061 2327
f 2327 1083 1013
f 1013 985 1015
f 1015 1014 1013
f 1015 985 1059
f 1015 958 984
f 1016 977 1070
f 1070 977 942
f 1017 1016 1070
f 1017 985 1058
f 1115 939 975
f 1018 969 923
f 975 939 1018
f 1150 1022 1143
f 1142 1149 1143
f 1115 1021 1121
f 1020 1018 923
f 975 1019 1021
f 1019 975 1020
f 1020 975 1018
f 1151 1153 1125
f 923 1022 1020
f 690 948 1127
f 1061 1024 1083
f 1014 2327 1013
f 902 1024 949
f 1024 981 1083
f 800 962 1025
f 1026 904 1025
f 1028 1026 1027
f 1026 1025 1032
f 1027 1030 1035
f 1031 1027 1035
f 1028 1027 1039
f 1026 1028 953
f 1045 1063 691
f 1045 1037 1063
f 1035 1029 1031
f 734 986 1062
f 1030 1026 1032
f 1064 1032 1025
f 1036 1030 1032
f 1029 1035 1033
f 1034 1036 1037
f 999 910 1087
f 1033 1035 1034
f 1035 1030 1034
f 1037 1036 1063
f 1100 1070 1038
f 1027 1031 1039
f 1038 1039 1031
f 986 734 1040
f 1033 734 1062
f 1059 986 958
f 1071 1091 806
f 1064 1025 962
f 1043 991 2286
f 1044 1043 964
f 991 1043 1042
f 1000 1001 965
f 999 1001 990
f 1080 967 914
f 1050 1046 1082
f 1048 1047 817
f 1047 1003 696
f 817 1427 2386
f 1046 1048 741
f 787 664 2388
f 1004 1049 664
f 1102 1050 1082
f 1050 1003 1046
f 1048 1046 1003
f 816 941 940
f 969 1051 831
f 690 1127 1129
f 928 1053 1054
f 1126 1052 1053
f 1053 1052 1054
f 1166 1055 1168
f 927 1053 928
f 928 1054 1055
f 1007 732 1056
f 936 1056 933
f 1118 1116 1117
f 1057 1056 1120
f 1057 1117 1123
f 950 947 1009
f 981 980 1058
f 985 1013 1058
f 1017 1058 1016
f 1015 1059 958
f 1060 942 733
f 1039 1060 954
f 1028 1039 954
f 1024 1061 947
f 1011 2327 1012
f 2327 1061 1083
f 1100 1062 1059
f 1062 1100 1029
f 1063 1064 1065
f 1032 1064 1036
f 1066 1064 962
f 988 1068 1066
f 1069 1065 1068
f 1064 1066 1065
f 1041 1072 1090
f 989 1068 988
f 1067 1069 1068
f 994 1042 1074
f 1077 1069 1067
f 1069 1077 691
f 1017 1070 1100
f 942 1038 1070
f 1071 735 1092
f 1090 1067 1068
f 993 1042 995
f 963 1044 964
f 1042 1044 1074
f 1075 1074 1044
f 1067 1079 1073
f 1075 1044 963
f 1074 1073 1076
f 963 965 1075
f 1001 1045 691
f 1076 1073 1079
f 994 1076 2287
f 1078 1075 965
f 1001 1078 965
f 1079 1072 998
f 1077 1078 691
f 1001 691 1078
f 1046 1080 1082
f 1102 1099 2388
f 2326 1082 1080
f 741 2386 818
f 981 1058 1083
f 1083 1058 1013
f 1017 1100 1059
f 1029 1033 1062
f 1033 1089 734
f 1089 1085 734
f 1085 1086 1084
f 909 1088 910
f 1086 1085 1089
f 1085 1084 1131
f 1045 999 1087
f 1087 910 1088
f 1087 1086 1037
f 1088 909 804
f 1087 1088 1084
f 1034 1089 1033
f 1041 1090 989
f 1079 1090 1072
f 1067 1090 1079
f 806 1091 808
f 692 1091 1071
f 1093 735 2285
f 1096 1095 814
f 1097 1094 1093
f 1093 1094 1095
f 814 1094 997
f 1097 1093 810
f 692 1092 1095
f 1095 1092 1093
f 1096 998 1072
f 738 1097 737
f 1091 692 1041
f 1092 692 1071
f 1096 1072 692
f 1105 773 2390
f 788 1099 2323
f 1133 2328 1132
f 1089 1034 1086
f 1037 1086 1034
f 1087 1037 1045
f 1133 2326 2328
f 1049 1050 1102
f 1099 1102 1133
f 1107 1005 784
f 1104 782 780
f 773 782 1104
f 1156 1146 1103
f 1081 1170 1101
f 1104 780 1103
f 773 1104 2390
f 1134 1156 1103
f 1105 1107 771
f 1107 1105 1106
f 1140 1106 1141
f 1147 1005 1107
f 1147 1107 1106
f 651 1108 652
f 705 1108 1109
f 820 694 751
f 885 1110 913
f 881 1110 886
f 877 1111 882
f 1166 1111 1055
f 1112 1014 1015
f 1164 1170 1171
f 1114 1113 914
f 914 1113 1081
f 883 1162 1110
f 1160 1161 1162
f 1114 913 1172
f 920 827 917
f 1021 1115 975
f 1116 1009 1117
f 1116 1127 1023
f 1122 1117 1009
f 1117 1057 1118
f 1127 1116 1118
f 1118 1120 1119
f 1120 732 1121
f 1128 1009 947
f 1123 1122 934
f 1117 1122 1123
f 1115 1121 732
f 1152 1125 1021
f 1021 1125 1121
f 1153 1124 1125
f 1120 1121 1124
f 1129 1126 690
f 1153 1126 1124
f 1057 1120 1118
f 1124 1119 1120
f 1122 1128 973
f 1009 1128 1122
f 1124 1129 1119
f 1126 1129 1124
f 1131 1088 1130
f 849 959 1131
f 1130 1088 804
f 1084 1088 1131
f 62 849 63
f 1131 1040 1085
f 1101 1098 2328
f 1099 1133 1132
f 1134 2328 1098
f 1103 780 1132
f 1132 2328 1134
f 1159 1171 1172
f 1153 1154 1155
f 1132 1134 1103
f 1138 1136 1164
f 1081 1101 2326
f 1101 1170 1136
f 1152 1151 1125
f 1101 1136 1098
f 1164 1136 1170
f 1139 1156 1098
f 1163 1138 1164
f 1139 1138 1137
f 1135 1144 1137
f 1139 1137 1144
f 1142 1144 1135
f 1147 1140 1143
f 1140 1142 1143
f 1104 1103 1146
f 1141 1146 1145
f 1106 2390 1141
f 1143 1149 1150
f 1145 1144 1142
f 1156 1144 1145
f 2390 1104 1146
f 1145 1146 1156
f 2390 1146 1141
f 1143 1022 1147
f 968 1147 1022
f 1152 1019 1150
f 1148 1142 1135
f 1142 1148 1149
f 1135 1158 1154
f 1151 1149 1148
f 1150 1019 1020
f 1137 1167 1158
f 1052 1157 1168
f 1151 1152 1149
f 1019 1152 1021
f 1022 1150 1020
f 1152 1150 1149
f 1154 1153 1151
f 1154 1151 1148
f 1135 1154 1148
f 1144 1156 1139
f 1157 1052 1155
f 1158 1157 1155
f 1138 1163 1167
f 1155 1154 1158
f 1137 1158 1135
f 1167 1157 1158
f 1161 1172 913
f 1162 2329 1160
f 1163 1159 1160
f 1162 1161 913
f 1159 1161 1160
f 1110 1162 913
f 1165 1160 2329
f 1163 1165 1169
f 1159 1163 1164
f 2329 1166 1165
f 1163 1169 1167
f 1166 1168 1169
f 1111 1166 2329
f 1168 1055 1054
f 1166 1169 1165
f 1138 1167 1137
f 1052 1168 1054
f 1157 1169 1168
f 1167 1169 1157
f 1113 1170 1081
f 1171 1170 1113
f 1172 1171 1113
f 1171 1159 1164
f 1114 1172 1113
f 1145 1140 1141
f 1142 1140 1145
f 616 617 618
f 1311 1234 1272
f 1269 1219 1220
f 616 618 619
f 619 1276 616
f 1345 616 1276
f 1276 619 1173
f 1271 1269 1263
f 1271 1218 1219
f 1348 1312 1350
f 1236 1258 2292
f 647 648 1244
f 1353 1179 1180
f 2331 1258 1266
f 1488 611 612
f 1269 1240 2288
f 2330 1310 1234
f 1267 1261 1250
f 2338 1186 1187
f 1286 1253 1259
f 1247 1224 1225
f 607 608 1433
f 613 614 1486
f 1274 1275 1336
f 1239 1238 1251
f 1507 1357 1394
f 1310 2288 1255
f 1243 647 1244
f 1217 1285 1216
f 872 1443 1445
f 1234 1311 2330
f 1736 1515 1510
f 1237 1261 1260
f 1446 841 880
f 1255 2288 1259
f 1235 1231 1232
f 1397 601 602
f 1323 596 597
f 598 1366 961
f 1325 1297 1378
f 601 1397 1398
f 1334 1306 1213
f 2292 1228 1229
f 1247 1253 1246
f 1226 1227 1242
f 1327 1295 1328
f 1247 1246 1224
f 1339 1343 1340
f 1326 596 1323
f 1232 2291 2290
f 1293 1332 1233
f 1245 1243 1238
f 1226 1242 1254
f 1223 1224 1246
f 1239 1246 1253
f 2292 1258 1241
f 1229 1230 2289
f 1230 1231 1249
f 1240 1248 1286
f 1202 1920 1438
f 1188 1362 1361
f 1241 2331 1267
f 1188 1189 1362
f 1262 1264 1305
f 1265 1261 1267
f 1342 1479 1341
f 1282 1283 1191
f 1395 1204 1205
f 1249 1257 2289
f 1255 1256 1237
f 1245 1248 1221
f 1258 2331 1241
f 1437 1392 1436
f 1437 1498 1392
f 1242 1250 1261
f 1192 1282 1191
f 1238 1244 1251
f 1237 1242 1261
f 1246 1251 1223
f 1247 1256 1253
f 1503 1549 1201
f 1259 1256 1255
f 1550 1201 1549
f 1244 1222 1251
f 1495 1199 1200
f 1236 2292 2289
f 1198 1199 1496
f 1260 1234 1310
f 1260 1255 1237
f 1218 1271 1217
f 1272 1260 1261
f 1263 2330 1309
f 1242 1227 1250
f 1221 1248 1220
f 1238 1243 1244
f 1256 1247 1254
f 1260 1310 1255
f 1287 1257 1249
f 648 1222 1244
f 1237 1256 1254
f 1243 1252 663
f 663 1252 646
f 2289 1257 1236
f 1245 1252 1243
f 1228 1250 1227
f 1243 663 647
f 1221 646 1252
f 1268 1258 1236
f 1415 1209 1210
f 1251 1246 1239
f 1221 1252 1245
f 1381 1382 1343
f 1241 1250 1228
f 1272 1234 1260
f 1222 1223 1251
f 1225 1226 1254
f 1300 1333 1214
f 1212 1306 1308
f 1286 1245 1238
f 1286 1239 1253
f 1308 1306 1307
f 1241 1228 2292
f 1242 1237 1254
f 1256 1259 1253
f 1286 1259 1240
f 2288 1240 1259
f 1272 1261 1265
f 1274 1265 1273
f 1258 1268 1266
f 1265 2331 1273
f 1262 1304 1264
f 1273 2331 1266
f 1241 1267 1250
f 1257 1291 1236
f 1266 1268 1264
f 1271 1263 1309
f 1309 1217 1271
f 1248 1240 1220
f 1270 1273 1304
f 1269 1271 1219
f 1274 1272 1265
f 1311 1272 1336
f 1274 1273 1270
f 1264 1304 1266
f 1275 1274 1270
f 1274 1336 1272
f 1301 1303 1299
f 1270 1301 1299
f 1275 2391 1336
f 1175 1176 1350
f 614 615 1344
f 1277 1276 1173
f 1173 1174 1277
f 1312 1174 1175
f 1177 1349 1350
f 1312 1277 1174
f 1277 1312 1314
f 1183 1184 1360
f 1199 1495 1496
f 1445 893 872
f 1282 1281 1283
f 1282 1193 1281
f 1283 1281 1406
f 1190 1191 1283
f 600 601 1398
f 1484 1614 2393
f 1233 1330 1293
f 1288 1294 1292
f 1217 1309 1285
f 1215 1216 1285
f 1239 1286 1238
f 1235 1287 1231
f 1288 1287 1235
f 2291 1377 2290
f 1268 1289 1264
f 1293 1330 1290
f 1236 1291 1289
f 1288 1292 1287
f 1290 1291 1257
f 1331 1291 1290
f 1290 1292 1293
f 1296 1332 1293
f 1296 1292 1294
f 1292 1296 1293
f 1288 2293 1295
f 1288 1295 1294
f 1328 1295 2293
f 1327 1323 1368
f 1297 1296 1294
f 1378 1295 1327
f 1297 1325 2333
f 1297 1332 1296
f 1303 1301 1302
f 1275 1270 1299
f 1300 2391 1298
f 1298 2391 1275
f 1299 1298 1275
f 1214 1894 1335
f 1301 1304 1262
f 1302 1301 1262
f 1303 1302 1307
f 1299 1303 1298
f 1306 1334 1303
f 1333 1334 1213
f 1270 1304 1301
f 1304 1273 1266
f 1478 1479 1480
f 1308 1343 1382
f 1306 1303 1307
f 1213 1306 1212
f 1340 1341 1479
f 1302 1341 1340
f 1382 1212 1308
f 2288 1310 1263
f 1311 1336 2334
f 1312 1348 1314
f 1344 1346 614
f 1350 1312 1175
f 1314 1345 1277
f 1348 1349 1429
f 1348 1384 1314
f 1432 1384 1431
f 609 610 1387
f 1584 1278 1533
f 1517 1446 1447
f 1516 1433 1388
f 1396 1206 1207
f 1365 1189 1190
f 2338 1187 1361
f 1408 1405 1406
f 1407 1408 1406
f 1365 1283 1406
f 1365 1405 1362
f 1210 1734 1415
f 1474 1484 2393
f 1419 1483 1477
f 1555 1395 1556
f 1368 597 853
f 1369 853 961
f 1370 1368 1369
f 1378 1297 1294
f 1325 1324 1371
f 1371 1324 1376
f 1326 1328 2293
f 596 1326 1377
f 1368 1323 597
f 1368 1370 1327
f 1324 1325 1378
f 1328 1323 1327
f 1323 1328 1326
f 1377 2293 2290
f 1379 1330 1233
f 1291 1331 1289
f 1342 1305 1423
f 1290 1330 1331
f 1379 1331 1330
f 1335 1300 1214
f 1333 1300 1334
f 1300 1298 1334
f 1303 1334 1298
f 1329 1335 1894
f 1300 1335 2391
f 1329 1337 1335
f 2391 1337 1336
f 1338 2334 2392
f 1285 1309 1338
f 1340 1308 1307
f 1305 1342 1341
f 1262 1305 1341
f 1302 1340 1307
f 1375 1423 1233
f 1375 1233 1417
f 1262 1341 1302
f 1426 1381 1343
f 1379 1423 1305
f 1308 1340 1343
f 1345 1344 615
f 616 1345 615
f 1277 1345 1276
f 1346 1352 1486
f 1313 1545 1617
f 1493 1494 1591
f 1431 1429 1383
f 1384 1348 1429
f 1351 1177 1178
f 1429 1349 1347
f 1177 1350 1176
f 1348 1350 1349
f 1349 1177 1351
f 1434 1178 1179
f 1349 1351 1347
f 1314 1385 1344
f 1345 1314 1344
f 1384 1385 1314
f 1344 1385 1346
f 1386 1352 1432
f 1388 1547 1661
f 1387 1548 609
f 1430 1347 1390
f 1694 1709 1708
f 1444 1394 1443
f 1455 1456 1459
f 1407 1409 1280
f 1359 1195 1196
f 1197 1463 1976
f 1389 1466 1467
f 1362 1189 1365
f 1187 1188 1361
f 1322 1364 1321
f 1364 1194 1321
f 1321 1194 1363
f 1364 1322 1193
f 1281 1322 1406
f 1281 1193 1322
f 1283 1365 1190
f 1406 1322 1407
f 598 599 1460
f 1327 1370 1324
f 1734 1210 1211
f 1482 1543 1415
f 1369 1368 853
f 961 1366 1369
f 1370 1366 1324
f 1371 1373 1475
f 1373 1520 1457
f 1417 1233 1332
f 1520 1371 1376
f 1418 1417 2333
f 1417 1374 1375
f 1332 1297 2333
f 1417 1418 1374
f 1478 1339 1479
f 1480 1423 1375
f 1476 1375 1374
f 1472 1366 1460
f 596 1377 1284
f 2293 1377 1326
f 1295 1378 1294
f 1324 1378 1327
f 2392 1329 1215
f 1289 1379 1264
f 1331 1379 1289
f 1338 2330 1311
f 1309 2330 1338
f 1380 1426 1421
f 1426 1343 1339
f 1381 1426 1425
f 1427 1486 1487
f 1489 1487 1428
f 1430 1429 1347
f 1385 1384 1432
f 1547 1591 1546
f 1389 1180 1181
f 1466 1182 1403
f 1434 1353 1390
f 1351 1178 1434
f 1389 1353 1180
f 1523 1353 1389
f 1429 1430 1383
f 1351 1434 1347
f 1347 1434 1390
f 2394 1390 1353
f 1503 1202 1438
f 1550 1391 1495
f 1197 1198 1497
f 1392 1498 1499
f 1442 1393 1439
f 1447 880 606
f 1507 1508 1506
f 1204 1395 1554
f 1208 1367 1413
f 1597 1557 1442
f 1393 1440 1439
f 1556 1395 1396
f 1204 1554 1441
f 1448 602 844
f 1449 844 603
f 2341 1320 1458
f 1448 1397 602
f 1458 1397 2341
f 1449 1450 1448
f 1194 1400 1363
f 1196 1463 1464
f 1401 1195 2336
f 1522 1359 1464
f 1465 1184 1185
f 1404 1185 1186
f 1403 1527 1467
f 1182 1466 1181
f 1465 1360 1184
f 1182 1183 1403
f 2337 2338 1361
f 1404 1402 1465
f 1280 1411 1586
f 1186 2338 1404
f 1525 1402 1404
f 1362 1405 1524
f 1406 1405 1365
f 1407 1322 1321
f 1409 1407 1321
f 1407 1280 1408
f 1409 1321 1363
f 1470 1408 1280
f 1405 1408 1524
f 1363 1410 1409
f 1400 1401 1410
f 1411 1280 1409
f 1542 1413 1367
f 1414 1416 1412
f 1206 1396 1205
f 1543 1416 1414
f 1543 1414 1415
f 1209 1415 1414
f 1543 1484 1474
f 1367 1208 1412
f 1207 1208 1413
f 1324 1366 1472
f 1369 1366 1370
f 1376 1324 1472
f 2333 1417 1332
f 1475 1325 1371
f 2333 1475 1418
f 1566 1418 1475
f 1374 1418 1372
f 1419 1374 1372
f 1374 1419 1477
f 1566 1372 1418
f 1374 1477 1476
f 1375 1476 1480
f 1479 1339 1340
f 1478 1480 1476
f 1477 1483 1422
f 1478 1421 1339
f 1421 1420 1735
f 1421 1735 1380
f 1422 1735 1420
f 1420 1476 1477
f 1735 1422 1482
f 1233 1423 1379
f 1426 1339 1421
f 1425 1426 1380
f 1489 1427 1487
f 613 1486 1427
f 1487 1352 1386
f 1486 1352 1487
f 1383 1545 1431
f 1490 1530 1491
f 1432 1431 1313
f 1384 1429 1431
f 1432 1313 1616
f 1385 1432 1352
f 1493 1387 610
f 1548 1433 608
f 1466 1389 1181
f 1353 1434 1179
f 1490 2394 1530
f 1467 1527 1583
f 1435 1523 1583
f 2394 1353 1523
f 1389 1467 1523
f 1523 1435 2394
f 1436 1438 1437
f 1438 1920 1437
f 1498 1437 1440
f 1438 1436 1503
f 1439 1440 1203
f 1441 1442 1439
f 1498 1440 1393
f 1442 1441 1554
f 1505 1355 1498
f 1597 1442 1554
f 1393 1442 1557
f 1444 1443 605
f 1445 1443 1394
f 840 841 2335
f 893 1445 1560
f 1447 1446 880
f 606 607 1518
f 1358 1446 1517
f 1395 1205 1396
f 1207 1413 1396
f 1413 1542 1473
f 1449 1448 844
f 1399 1449 603
f 1449 1399 1450
f 603 604 1399
f 1399 1451 1450
f 1519 1565 1452
f 1399 1561 1451
f 1452 1565 2341
f 1450 1451 1452
f 2341 1565 1320
f 1448 2341 1397
f 1452 2341 1450
f 1448 1450 2341
f 1453 1320 1454
f 1398 1458 1459
f 1458 1398 1397
f 1453 1424 1455
f 1458 1320 1453
f 1454 1737 1424
f 1453 1454 1424
f 1472 1471 1376
f 1471 1456 1455
f 1453 1455 1459
f 1424 1457 1455
f 2342 1456 1460
f 1398 1459 2342
f 1521 1566 1373
f 1459 1458 1453
f 2342 1459 1456
f 599 2342 1460
f 1460 1471 1472
f 598 1460 1366
f 1398 2342 600
f 1461 1462 1410
f 1401 1461 1410
f 1463 1196 1976
f 1359 1196 1464
f 1497 1198 1496
f 1497 1553 1463
f 1552 1551 1594
f 1553 1464 1463
f 1522 1464 1571
f 1404 1465 1185
f 1360 1465 1402
f 1467 1466 1403
f 1583 1523 1467
f 1470 1524 1408
f 1280 1586 1470
f 1470 2337 1524
f 1538 1536 1469
f 1576 1534 1462
f 1410 1462 1409
f 1586 1534 1538
f 1586 1538 1469
f 1541 1470 1469
f 1456 1471 1460
f 2393 1614 1649
f 1396 1413 1473
f 1555 1556 1647
f 1556 1396 1473
f 1412 1416 1367
f 1416 1474 1367
f 1566 1475 1373
f 1325 1475 2333
f 1566 1569 1372
f 1636 1737 1634
f 1420 1477 1422
f 1476 1420 1478
f 1421 1478 1420
f 1480 1479 1342
f 1423 1480 1342
f 1482 1481 1543
f 1481 1482 1422
f 1484 1485 1614
f 1484 1481 1485
f 1483 1485 1481
f 1385 1352 1346
f 1650 1487 1386
f 1489 1488 612
f 1654 1488 1428
f 1428 1488 1489
f 1490 1430 1390
f 2394 1490 1390
f 1491 1492 1490
f 1491 2344 1492
f 1545 1313 1431
f 1591 1494 1652
f 611 1493 610
f 611 1494 1493
f 609 1548 608
f 1550 1495 1200
f 1201 1550 1200
f 1496 1495 1391
f 1197 1497 1463
f 1552 1497 1496
f 1553 1497 1552
f 1393 1557 1505
f 1498 1355 1499
f 1501 1621 1354
f 1392 1499 1502
f 1502 1499 1500
f 1436 1392 1501
f 1316 1502 2343
f 1392 1502 1501
f 1686 1684 1316
f 1920 1203 1440
f 1437 1920 1440
f 1503 1354 1549
f 1501 1354 1436
f 1354 1503 1436
f 1555 1597 1554
f 1732 1597 1555
f 1558 1504 1557
f 1393 1505 1498
f 1733 1355 1505
f 605 840 1444
f 1507 1394 1508
f 1509 1507 1506
f 1559 2335 1446
f 1508 1559 1506
f 1506 1559 1723
f 1508 1444 2335
f 1723 1559 1358
f 1509 1357 1507
f 1515 1451 1511
f 1445 1513 1560
f 1317 1514 1512
f 1510 1357 1512
f 1513 1510 1511
f 1317 1512 1509
f 1509 1512 1357
f 1512 1736 1510
f 1736 1512 1514
f 1562 1514 1710
f 1563 1515 1736
f 1451 1515 1563
f 1515 1511 1510
f 1447 1516 1517
f 1388 1661 1672
f 1516 1447 1518
f 1516 2355 1517
f 606 1518 1447
f 607 1433 1518
f 1637 1598 1625
f 1710 1712 1562
f 1519 1452 1563
f 1519 1598 1565
f 1471 1520 1376
f 1457 1520 1455
f 1455 1520 1471
f 1372 1569 1567
f 1359 1522 1573
f 1576 1462 2339
f 1461 1401 2336
f 1571 1572 1522
f 1524 2337 1361
f 1362 1524 1361
f 1539 1525 1536
f 1402 1525 1526
f 1527 2395 1609
f 1609 2395 1526
f 1491 1530 1531
f 1589 1610 1609
f 2344 1531 1533
f 1530 1529 1531
f 1531 1529 1532
f 1491 1531 2344
f 1609 1612 1528
f 1584 1533 1532
f 1608 1533 1278
f 2339 1577 1576
f 1534 1576 1468
f 1534 1468 1538
f 1462 1534 1411
f 1468 1537 1538
f 1536 1525 1541
f 1470 1586 1469
f 1534 1586 1411
f 1468 1576 1575
f 1540 1589 1535
f 1469 1536 1541
f 1539 1536 1535
f 1535 1536 1538
f 1535 1538 1537
f 1539 1535 1589
f 1525 1539 1526
f 1535 1537 1540
f 1528 1612 1613
f 1581 1579 1582
f 1470 1541 2337
f 1474 1542 1367
f 1484 1543 1481
f 1568 1614 1485
f 1649 1614 1615
f 1492 1383 1430
f 1383 1492 1545
f 1585 1492 2344
f 1651 1643 1669
f 1494 1488 1654
f 1545 1492 1585
f 1490 1492 1430
f 1388 1433 1548
f 1494 611 1488
f 1547 1548 1387
f 1591 1547 1387
f 1547 1620 1661
f 1354 1621 2347
f 2347 1550 1549
f 1391 1550 2347
f 1551 1496 1391
f 1391 1622 1551
f 1594 1596 1571
f 1551 1552 1496
f 1553 1571 1464
f 1555 1554 1395
f 1505 1557 1504
f 1648 2350 1319
f 1559 1508 2335
f 1394 1444 1508
f 1358 1559 1446
f 1445 1394 1513
f 1357 1513 1394
f 1560 1513 1511
f 1357 1510 1513
f 1511 1561 1560
f 1399 604 1561
f 1560 604 893
f 1451 1561 1511
f 1672 1516 1388
f 1516 1518 1433
f 1451 1563 1452
f 1598 1564 1624
f 1563 1564 1519
f 1565 1637 1320
f 1637 1565 1598
f 1569 1566 1521
f 1520 1373 1371
f 1521 1373 1457
f 1737 1631 1632
f 1419 1567 1483
f 1567 1569 1570
f 1568 1570 1544
f 1567 1570 1485
f 1634 1570 1569
f 1594 1571 1552
f 1572 1571 1596
f 1572 1578 1599
f 1599 1573 1522
f 1461 1573 2339
f 2339 1599 1577
f 1468 1575 1537
f 1579 1574 1578
f 1575 1576 1574
f 1573 1599 2339
f 1574 1576 1577
f 1574 1577 1578
f 1356 1675 1677
f 1574 1581 1575
f 1574 1579 1581
f 1578 1572 1600
f 1579 1578 1600
f 1676 1689 1679
f 1601 2345 1540
f 1640 1641 1679
f 1537 1575 1601
f 1527 1403 2395
f 1527 1528 1583
f 1435 1583 1528
f 1584 1532 1588
f 1532 1587 1588
f 1643 1608 1278
f 2397 1585 1608
f 1585 1617 1545
f 2344 1608 1585
f 1532 1533 1531
f 1608 2344 1533
f 1610 1589 1540
f 1609 1610 1612
f 1584 1588 2346
f 1587 1532 1529
f 1612 1610 1611
f 1611 1588 1587
f 1526 1589 1609
f 1539 1589 1526
f 1647 1556 1473
f 1615 1568 1544
f 1493 1591 1387
f 1546 1591 1652
f 1619 1546 1315
f 1653 1315 1652
f 1546 1619 1620
f 1546 1620 1547
f 1388 1548 1547
f 1354 2347 1549
f 1551 1595 1594
f 1600 1596 1356
f 1596 1595 1356
f 1595 1596 1594
f 1557 1597 1558
f 604 1560 1561
f 1562 1624 1564
f 1564 1598 1519
f 1625 1598 1624
f 1569 1521 1634
f 1572 1599 1522
f 1577 1599 1578
f 1596 1600 1572
f 1581 1601 1575
f 1607 1638 1639
f 1582 1639 1638
f 1607 1580 1605
f 1278 1584 1603
f 1619 1671 1657
f 1643 1603 1602
f 1602 1669 1643
f 1606 2346 1604
f 1580 1639 1640
f 1604 2400 1606
f 1605 1604 2346
f 1611 1645 1588
f 1605 1580 1664
f 2399 1657 1671
f 1645 1605 2346
f 1527 1609 1528
f 1610 1540 2345
f 1612 1587 1613
f 1610 2345 1611
f 2345 1638 1644
f 1435 1613 1529
f 1648 1647 1646
f 1615 1614 1568
f 1627 1615 1544
f 1649 1615 1633
f 1432 1616 1386
f 1617 1616 1313
f 1590 1617 2397
f 1616 1617 1590
f 1652 1315 1546
f 1655 1671 1619
f 1656 1620 1619
f 1656 1672 1661
f 1622 1391 2347
f 1595 1551 1673
f 1662 1622 2347
f 1673 1551 1622
f 1673 1622 1662
f 1658 1680 1699
f 1356 1595 1674
f 1562 1626 1624
f 1624 1626 1663
f 1625 1631 1637
f 2348 1627 1632
f 1716 1712 1710
f 1663 1626 1718
f 1627 1544 1632
f 1627 2348 1629
f 1663 2349 1628
f 1635 1633 1629
f 2348 1628 1629
f 1628 1625 1663
f 1712 1715 1718
f 1648 1319 1647
f 1630 1629 2349
f 1635 1629 1630
f 1737 1454 1631
f 1632 1631 2348
f 1634 1632 1544
f 1615 1627 1633
f 1629 1633 1627
f 1634 1544 1570
f 1646 2396 1648
f 1635 1648 2396
f 1521 1636 1634
f 1637 1454 1320
f 1454 1637 1631
f 1607 1639 1580
f 1681 1666 1668
f 1640 1664 1580
f 1641 1639 1582
f 1665 1664 1666
f 1579 1600 1677
f 1678 1582 1579
f 1641 1640 1639
f 1641 1676 1679
f 1356 1674 1675
f 1595 1673 1674
f 1659 1603 1606
f 1603 1643 1278
f 1604 1605 1664
f 1644 1638 1607
f 1585 2397 1617
f 1612 1611 1587
f 1645 1611 1644
f 1644 1607 1645
f 1605 1645 1607
f 2346 1588 1645
f 1529 1613 1587
f 1646 1647 1473
f 1647 1319 1555
f 1630 1714 2350
f 1649 2396 2393
f 1635 1649 1633
f 1650 1654 1428
f 1654 1618 1652
f 1487 1650 1428
f 1651 1618 1590
f 1618 1654 1650
f 1643 2397 1608
f 1651 1669 1653
f 1650 1590 1618
f 1654 1652 1494
f 1653 1652 1618
f 1651 1653 1618
f 1655 1619 1315
f 1655 1315 1653
f 1669 1655 1653
f 1619 1657 1656
f 1657 1658 1593
f 1658 1657 1592
f 1660 1592 2399
f 1657 1593 1656
f 1593 1658 1670
f 1659 1671 1602
f 1659 1602 1603
f 1660 2399 2400
f 1656 1661 1620
f 1672 1656 1593
f 1593 2401 1672
f 1358 1517 1738
f 1663 1718 2349
f 1625 1624 1663
f 1604 1664 1665
f 1679 1666 1640
f 1660 1665 1681
f 1604 1665 2400
f 1666 1681 1665
f 1640 1666 1664
f 1682 1668 1666
f 1666 1679 1682
f 1668 1667 1687
f 1655 1669 1602
f 1680 1658 1592
f 1602 1671 1655
f 1683 2401 2398
f 1621 1316 1662
f 1675 1674 1642
f 1642 1676 1675
f 1678 1677 1675
f 1642 1689 1676
f 1676 1641 1678
f 1356 1677 1600
f 1675 1676 1678
f 1582 1678 1641
f 1579 1677 1678
f 1667 1693 1687
f 1687 1681 1668
f 1592 1660 1680
f 1689 1682 1679
f 1668 1682 1690
f 1683 2398 1739
f 1672 1683 2355
f 2421 1623 1642
f 1662 1684 2421
f 2354 2403 1726
f 1685 1686 2343
f 1692 1686 1685
f 1699 1680 1687
f 1681 1687 1680
f 1688 1670 1699
f 1318 2398 1688
f 1670 1658 1699
f 1668 1690 1667
f 1689 1690 1682
f 2351 1692 2352
f 1667 1690 2352
f 1689 1623 1690
f 2351 1686 1692
f 1691 1692 1279
f 1693 1667 1691
f 1719 1720 1721
f 1692 1685 1695
f 1692 1695 1279
f 1719 1699 1693
f 1685 2353 2354
f 1514 1697 1710
f 1696 1708 1697
f 1317 1697 1514
f 1696 1694 1708
f 1355 1500 1499
f 2353 2343 1500
f 1705 1703 1704
f 1697 1317 1696
f 1500 1355 1698
f 1505 1504 1733
f 1720 1691 1279
f 1699 1687 1693
f 1694 1696 1703
f 1719 1721 1725
f 1703 1696 1704
f 1702 1725 1700
f 1317 1509 1704
f 1703 1705 1702
f 1707 1706 1727
f 1500 1698 2353
f 2353 1698 1727
f 1702 1701 1694
f 1695 1701 1700
f 1701 1695 1726
f 1701 1702 1700
f 1725 1702 1705
f 1688 1699 1719
f 1700 1279 1695
f 1694 1703 1702
f 1317 1704 1696
f 1506 1722 1509
f 1722 1704 1509
f 1722 1705 1704
f 1701 2402 1694
f 1727 2354 2353
f 1706 1713 1709
f 1626 1712 1718
f 1712 1626 1562
f 1713 1716 1709
f 2402 1726 2403
f 1727 2403 2354
f 1710 1708 1716
f 1706 1730 1713
f 1716 1708 1709
f 1708 1710 1697
f 1319 1728 1732
f 1712 1716 1715
f 1730 1706 1707
f 1711 1715 1713
f 2349 1714 1630
f 1728 2350 1714
f 1733 1731 1707
f 1731 1729 1730
f 1711 1717 1715
f 1717 1718 1715
f 1731 1504 1558
f 1713 1715 1716
f 1728 1717 1711
f 1718 1717 1714
f 2349 1718 1714
f 1720 1719 1693
f 1688 1719 1725
f 1693 1691 1720
f 1279 1700 1721
f 1725 1721 1700
f 1279 1721 1720
f 1723 1722 1506
f 1723 1738 1739
f 1738 1723 1358
f 1705 1722 1724
f 1724 1722 1723
f 1724 1723 1739
f 1724 1725 1705
f 1318 1725 1724
f 1725 1318 1688
f 1726 2402 1701
f 1685 2354 1695
f 1706 2403 1727
f 1733 1707 1698
f 1635 1630 1648
f 1714 1717 1728
f 1711 1729 1728
f 1729 1732 1728
f 1730 1729 1711
f 1732 1729 1558
f 1713 1730 1711
f 1730 1707 1731
f 1504 1731 1733
f 1558 1729 1731
f 1558 1597 1732
f 1728 1319 2350
f 1319 1732 1555
f 1727 1698 1707
f 1355 1733 1698
f 1425 1380 1734
f 1380 1735 1734
f 1415 1734 1482
f 1735 1482 1734
f 1613 1435 1528
f 1530 1435 1529
f 1736 1564 1563
f 1514 1562 1736
f 1564 1736 1562
f 1634 1737 1632
f 1424 1737 1636
f 1672 2355 1516
f 1724 1739 1318
f 1794 1282 1192
f 1758 1794 1192
f 1364 1856 1855
f 1216 1852 1759
f 1193 1856 1364
f 1855 1194 1364
f 1973 1199 1198
f 1770 1769 1792
f 1852 1216 1215
f 1282 1794 1795
f 1756 1820 1757
f 1750 1982 1751
f 1809 1854 1785
f 2301 1793 1779
f 1201 1923 1503
f 1770 1792 1785
f 1883 1922 1920
f 1788 1773 1772
f 1503 1923 1996
f 1791 1793 1771
f 1848 1806 2296
f 1758 1757 1794
f 1928 1208 1207
f 1933 1204 2004
f 1776 1810 1780
f 1412 1208 1930
f 1209 1866 1210
f 1790 1778 1760
f 2087 1775 2081
f 1762 1761 1803
f 1777 1786 84
f 1793 1772 1771
f 1781 1764 1786
f 1382 1381 1865
f 1783 2294 1763
f 1832 1865 1899
f 85 1786 1764
f 1206 1205 1931
f 1761 1760 1778
f 1781 1774 1839
f 1193 1282 1795
f 1790 1759 1852
f 2359 2332 1894
f 1787 1777 83
f 1762 1803 1783
f 1786 1774 1781
f 2410 2192 2222
f 1787 1763 2294
f 83 1777 84
f 1786 85 84
f 1780 1792 1769
f 1213 1835 1333
f 1912 1914 1748
f 2004 1204 1441
f 1820 1794 1757
f 1912 1747 1937
f 1745 1888 1746
f 1741 1740 2358
f 1195 2035 1196
f 1934 1888 1745
f 1994 2356 15
f 1799 1861 2358
f 1827 1743 1742
f 1987 1915 2356
f 1788 2295 1773
f 1742 1741 1831
f 1861 24 23
f 1803 1761 1778
f 2358 1829 1831
f 14 13 1916
f 1799 1740 27
f 1826 1862 1955
f 1862 1826 23
f 27 26 24
f 1794 1820 1795
f 25 24 26
f 24 1799 27
f 19 1891 238
f 1790 1760 1759
f 1777 1787 2294
f 1780 1768 1802
f 21 2303 2018
f 22 21 1890
f 1799 2358 1740
f 1827 1742 1831
f 1802 1782 1840
f 2301 1808 2295
f 1772 1793 2297
f 1773 2298 2299
f 1838 1839 1774
f 1211 1958 1900
f 1 1784 2405
f 1 2300 1784
f 1778 1790 1789
f 1770 1785 1791
f 1781 1765 1764
f 1781 1839 1765
f 1786 1777 1774
f 1839 1766 1765
f 1842 1784 2404
f 1810 1792 1780
f 1763 1787 82
f 1769 1768 1780
f 1971 1756 1755
f 1904 1963 1835
f 1885 10 229
f 1802 1768 1767
f 1839 1782 1766
f 83 82 1787
f 1926 1886 1925
f 1854 1816 2357
f 1215 1329 2332
f 1783 1763 1762
f 1875 5 4
f 1801 1848 1851
f 1886 1926 2079
f 1867 1906 1964
f 1766 1782 1767
f 275 5 1867
f 1924 1927 2008
f 1841 1872 1840
f 1881 1916 1991
f 2294 1774 1777
f 1382 1902 1212
f 1782 1839 1838
f 1869 1803 1836
f 1782 1802 1767
f 1802 1840 1776
f 1778 1789 1803
f 1872 1811 1810
f 1842 1804 1784
f 1842 1806 1804
f 1845 3 2405
f 1806 1842 1843
f 1804 1805 1845
f 2296 1846 1848
f 1845 1805 1844
f 234 3 1845
f 1807 1215 2332
f 1808 2301 1779
f 2238 2239 1779
f 2295 1808 1850
f 1810 1811 1813
f 1809 1785 1792
f 1816 1813 1815
f 1872 1810 1776
f 1810 1813 1809
f 1814 1811 1873
f 2359 1864 1817
f 1812 1817 1864
f 1813 1811 1814
f 1897 1815 1812
f 1814 1873 1868
f 1812 1813 1814
f 1864 2250 1897
f 1898 1818 1815
f 1812 1815 1813
f 1815 1818 1816
f 1818 2357 1816
f 1809 1816 1854
f 1812 1814 1817
f 1813 1816 1809
f 2357 1818 2242
f 2357 1819 1854
f 1980 1194 1855
f 1879 1911 1754
f 1754 1753 1879
f 1197 1976 1877
f 1748 1914 1749
f 1882 2362 1991
f 1944 2020 2178
f 2419 1923 2413
f 1744 1827 1889
f 2016 1858 2015
f 1954 2064 2065
f 1955 1862 22
f 1828 1827 1831
f 1828 1831 1829
f 2065 1830 1954
f 1828 1829 1957
f 2103 1938 1935
f 1830 1889 1828
f 1830 1936 1889
f 1831 1741 2358
f 1214 1863 1894
f 1899 1381 1425
f 1865 1960 1902
f 1866 1958 1210
f 1844 1849 1875
f 1212 1902 1904
f 1898 1815 1897
f 1802 1776 1780
f 1872 1776 1840
f 1789 1853 1868
f 1872 1841 1873
f 1782 1838 1840
f 1869 1870 1803
f 1840 1838 1837
f 1838 1774 1871
f 1840 1837 1841
f 1869 1841 1837
f 1873 1836 1868
f 1843 1842 2298
f 1843 2298 2295
f 1847 1801 1849
f 4 1845 1844
f 1848 1801 1847
f 1805 1806 1847
f 1848 1847 1806
f 1874 1801 1851
f 1805 1847 1844
f 1848 1846 1851
f 1834 1905 1849
f 1844 1847 1849
f 1843 1850 2296
f 1850 1966 2296
f 2295 1850 1843
f 2241 1966 1850
f 1966 1967 1965
f 2241 1850 1808
f 1967 1966 2241
f 1907 1851 1846
f 1852 1807 1853
f 1852 1215 1807
f 1810 1809 1792
f 1814 1868 1817
f 1790 1853 1789
f 1817 1853 1807
f 1852 1853 1790
f 1791 1785 1819
f 1856 1968 1855
f 2095 1975 1857
f 1795 1856 1193
f 1971 1820 1756
f 1877 1974 1197
f 1401 1400 1979
f 2038 2037 1910
f 1917 12 11
f 1921 1883 1920
f 2002 1999 2000
f 1883 1921 1997
f 1885 1924 1859
f 1964 274 275
f 1929 2009 1928
f 2057 1824 2119
f 2340 1203 1922
f 1937 1747 1746
f 1892 1952 1891
f 1915 268 16
f 1950 1946 1947
f 24 1861 1799
f 1861 23 1826
f 1890 1955 22
f 1955 1890 2022
f 1895 1214 1333
f 1864 1863 2250
f 1807 2359 1817
f 1863 1864 2359
f 1898 1897 1963
f 1865 1381 1899
f 1865 1832 1960
f 1900 1425 1211
f 1901 1960 1832
f 1212 1904 1213
f 1900 1958 1833
f 1867 5 1875
f 1905 1906 1867
f 1904 1835 1213
f 1789 1868 1836
f 1853 1817 1868
f 1841 1836 1873
f 1870 1869 1837
f 1838 1871 1837
f 1870 1783 1803
f 1774 2294 1871
f 1837 1871 1870
f 1873 1811 1872
f 1869 1836 1841
f 1845 4 234
f 1875 4 1844
f 1849 1874 1834
f 2092 2030 2091
f 1875 1849 1905
f 2030 2087 2088
f 2203 2162 2199
f 1908 1973 2034
f 1978 1195 1401
f 1857 1909 2035
f 1981 2036 1878
f 1911 1879 1983
f 2361 1752 1751
f 1880 2361 1910
f 2369 1983 1984
f 1911 1971 1755
f 1750 1749 1914
f 1910 2361 1982
f 1982 1913 2038
f 15 14 1916
f 1991 1990 1881
f 1921 1920 1202
f 2413 1201 1200
f 1924 9 8
f 1925 8 7
f 2097 2363 1919
f 1882 1917 1919
f 1924 1885 9
f 2008 1859 1924
f 2045 1885 1859
f 1925 1927 1924
f 1929 1207 1206
f 2010 1930 2009
f 2057 2058 2011
f 2076 1866 2054
f 2012 2059 1932
f 1934 1745 1744
f 1744 1743 1827
f 1985 2014 2015
f 1858 1912 1985
f 1889 1827 1828
f 20 1952 1951
f 1941 19 18
f 2408 18 294
f 1892 1891 1943
f 1940 1951 2021
f 238 1952 20
f 1941 1891 19
f 268 1915 1989
f 2408 1942 1941
f 1956 2022 1954
f 1826 1956 1829
f 2359 1894 1863
f 1835 1895 1333
f 1963 2250 1835
f 1214 1895 1863
f 1863 1895 2250
f 2250 1895 1835
f 1904 1902 1962
f 1864 1897 1812
f 2250 1963 1897
f 1818 1898 1896
f 1818 1896 2242
f 1900 1899 1425
f 1211 1210 1958
f 1959 1900 1833
f 1901 1832 1959
f 1865 1902 1382
f 1903 1901 2026
f 1896 1898 2407
f 1960 1962 1902
f 1906 1905 1834
f 1875 1905 1867
f 274 2027 6
f 1870 1871 1783
f 1874 1849 1801
f 2247 1834 1874
f 2092 1874 1851
f 1965 1907 1846
f 1907 2087 2030
f 1969 1968 1795
f 1968 1970 2031
f 2034 1973 1974
f 2035 1978 1857
f 1978 1979 1981
f 1979 2036 1981
f 1753 2361 1880
f 1751 1982 2361
f 1982 2038 1910
f 2205 2203 2204
f 1971 1972 1970
f 1754 1911 1755
f 1748 1747 1912
f 1914 2044 1913
f 1985 1912 1937
f 2044 1914 1912
f 1913 1982 1750
f 2062 1988 2061
f 268 1989 17
f 13 1991 1916
f 1917 1882 1991
f 1991 13 12
f 1919 1917 11
f 10 1918 1919
f 12 1917 1991
f 1885 1918 10
f 2097 1918 2045
f 1995 2166 1990
f 2097 1919 1918
f 1882 1919 2363
f 1922 1203 1920
f 1202 1503 1996
f 1931 1205 1933
f 2413 1923 1201
f 1200 1199 2006
f 2049 1923 2419
f 1925 1924 8
f 1926 1925 7
f 7 6 1926
f 1886 2007 1927
f 2008 1927 2052
f 1886 1927 1925
f 1929 1928 1207
f 1930 1928 2009
f 1931 1929 1206
f 1932 2009 1929
f 1412 2053 1414
f 2053 1930 2011
f 1932 1931 1887
f 1933 2055 1887
f 1887 2012 1932
f 1929 1931 1932
f 1204 1933 1205
f 1887 1931 1933
f 1889 1934 1744
f 1888 1934 1935
f 1889 1936 1934
f 2103 1935 1936
f 1934 1936 1935
f 1888 1937 1746
f 1938 2014 1935
f 1938 2015 2014
f 1938 2103 1939
f 2017 1986 2016
f 2024 2023 2066
f 1858 2016 1986
f 1951 2018 2303
f 1890 21 2018
f 2408 1941 18
f 17 2408 294
f 1989 2408 17
f 1893 1942 2408
f 1988 1893 1989
f 1947 1945 1942
f 1942 1893 1947
f 1943 1945 2406
f 1941 1943 1891
f 1950 1947 1893
f 1945 1943 1942
f 1941 1942 1943
f 1947 1946 1945
f 2020 1944 1946
f 2367 1798 2190
f 1944 1945 1946
f 1944 2178 2141
f 2172 2173 2175
f 1949 1950 2062
f 1950 1949 2063
f 20 1951 2303
f 2021 1951 1952
f 1952 238 1891
f 1953 2022 1890
f 1953 1890 2018
f 1954 2022 2064
f 1954 1957 1956
f 1955 2022 1956
f 1957 1954 1830
f 1955 1956 1826
f 1828 1957 1830
f 1829 1956 1957
f 1833 1958 2078
f 1959 1833 2084
f 1899 1900 1959
f 1959 1832 1899
f 1901 1903 1960
f 1962 1960 1903
f 2026 1961 1903
f 1963 1962 2407
f 2407 1962 1903
f 1904 1962 1963
f 1867 1964 275
f 2027 1964 1906
f 2249 1834 2247
f 1965 1846 1966
f 1965 1775 2087
f 2296 1966 1846
f 2244 2241 2239
f 1965 1967 1775
f 2302 2243 2244
f 1907 1965 2087
f 2087 2029 2088
f 2247 2092 2091
f 1969 1795 1820
f 1968 1969 1970
f 1971 1969 1820
f 2031 1970 1876
f 1979 1980 2036
f 1971 1911 1972
f 1969 1971 1970
f 1983 1972 1911
f 1876 1972 2369
f 1974 1973 1198
f 2006 1973 1908
f 1197 1974 1198
f 1975 1909 1857
f 2035 1909 1976
f 1976 1909 1877
f 2094 1909 1975
f 2161 2133 1977
f 2123 2411 1821
f 1978 2035 1195
f 1977 1857 1981
f 1978 1401 1979
f 1857 1978 1981
f 1980 1979 1400
f 1194 1980 1400
f 1980 1855 2032
f 1977 1981 1878
f 2360 1880 1910
f 1910 2037 2042
f 2360 2042 1984
f 1972 1983 2369
f 2360 1984 1983
f 1985 1937 2014
f 2015 1858 1985
f 1912 1858 2044
f 2416 1986 2017
f 1858 1986 2044
f 1913 1750 1914
f 1988 1989 1915
f 1989 1893 2408
f 2061 1988 1915
f 1893 1988 2062
f 2362 1995 1990
f 1993 1990 2166
f 1990 1991 2362
f 2138 2139 2136
f 1993 1881 1990
f 2251 1993 1992
f 1881 1993 2253
f 2135 1992 2111
f 1916 1994 15
f 2046 2097 2045
f 1882 2363 2362
f 1202 1996 2048
f 2048 1921 1202
f 1999 1997 2001
f 2206 2208 1823
f 1921 2048 1997
f 2000 1999 1998
f 2049 1996 1923
f 1999 2001 2420
f 1999 2002 1997
f 2001 2049 2211
f 2001 2048 2049
f 2050 2002 2279
f 2000 2269 2005
f 2005 2002 2000
f 2279 2002 2005
f 2050 1922 1883
f 2275 2270 2412
f 1884 2056 2003
f 2050 2003 1922
f 1441 2340 2004
f 2267 2005 2269
f 2005 2278 2279
f 2266 2413 2006
f 1200 2006 2413
f 1973 2006 1199
f 1886 2079 2007
f 1927 2007 2052
f 2008 2051 2046
f 1932 2059 2009
f 2011 2054 2053
f 1930 2010 2011
f 2057 2011 2010
f 2054 2011 2058
f 2053 2054 1209
f 1800 2075 2076
f 1209 1414 2053
f 1866 1209 2054
f 2055 1933 2004
f 2055 2056 2259
f 1860 2259 2258
f 2013 2059 2060
f 2059 2012 2060
f 1888 2014 1937
f 1935 2014 1888
f 2016 2015 2069
f 2067 1939 2066
f 2037 2039 2041
f 1953 2018 1940
f 1951 1940 2018
f 2368 1940 2021
f 2061 1987 2252
f 2101 2062 2061
f 1946 1950 2063
f 1892 2409 1952
f 2064 2022 1953
f 1830 2065 1936
f 1958 1866 2025
f 2025 2075 2078
f 2078 1958 2025
f 2104 1833 2078
f 1896 1961 2240
f 1964 2027 274
f 2249 1906 1834
f 2090 2091 2030
f 2145 2007 2263
f 2027 1926 6
f 1926 2027 2079
f 1901 2083 2026
f 2087 2081 2029
f 1907 2092 1851
f 2032 2031 2201
f 1968 2032 1855
f 2032 2201 2036
f 2033 2034 1877
f 2094 2411 2033
f 2034 1974 1877
f 2108 2411 2123
f 1976 1196 2035
f 2133 2095 1977
f 2032 2036 1980
f 2201 1878 2036
f 2039 2037 2038
f 2043 2042 2037
f 1984 2042 2205
f 2044 1986 1913
f 2040 2039 2416
f 2041 2040 2096
f 2016 2069 2017
f 2017 2074 2073
f 2096 2151 2109
f 2042 2043 2205
f 2040 2041 2039
f 2043 2037 2041
f 2042 2360 1910
f 2038 1913 1986
f 1885 2045 1918
f 2046 2045 1859
f 2008 2046 1859
f 2047 2046 2163
f 2049 2048 1996
f 1997 2048 2001
f 1997 2002 1883
f 2003 2340 1922
f 2004 2340 2003
f 2266 1908 2414
f 2266 2006 1908
f 2008 2052 2051
f 1930 2053 1412
f 2076 2054 2058
f 2057 2013 1824
f 2055 2259 1860
f 1887 1860 2012
f 2056 2055 2004
f 2003 2056 2004
f 2100 2013 2060
f 2058 2057 2118
f 2057 2010 2013
f 2013 2010 2059
f 2058 2118 2077
f 1824 2182 2146
f 2009 2059 2010
f 2012 2099 2060
f 2100 2099 2112
f 2099 2257 2112
f 1987 2061 1915
f 1893 2062 1950
f 1949 2101 2415
f 2064 2023 2065
f 2023 2024 2065
f 2103 2065 2024
f 2065 2103 1936
f 2023 2191 2190
f 2024 2066 1939
f 2367 2192 2193
f 2068 2017 2069
f 2067 2068 1939
f 2067 2066 1798
f 2068 2067 2070
f 2068 2070 2074
f 1939 2068 2069
f 2074 2070 2072
f 2074 2017 2068
f 2071 2073 2074
f 2071 2074 2072
f 2096 2040 2073
f 2017 2073 2416
f 2076 2075 2025
f 1866 2076 2025
f 2077 2076 2058
f 2077 1800 2076
f 2118 2119 2216
f 1800 2077 2105
f 2080 2027 1906
f 2007 2079 2263
f 2263 2079 2080
f 2027 2080 2079
f 1775 2244 2245
f 2081 2028 2082
f 2084 2104 2028
f 2104 2085 2082
f 2084 2083 1901
f 2246 2083 2028
f 1959 2084 1901
f 1833 2104 2084
f 2075 2085 2078
f 2084 2028 2083
f 2082 2028 2104
f 2075 1800 2085
f 2085 2086 2082
f 2086 2085 1800
f 2086 1800 2105
f 2029 2082 2086
f 2088 2029 2086
f 2030 2088 2090
f 2089 2088 2086
f 2180 2143 2089
f 2088 2089 2090
f 2089 2143 2090
f 2142 2091 2090
f 2092 1907 2030
f 2130 2194 2131
f 2034 2033 2149
f 1909 2094 1877
f 2411 2094 1975
f 2095 1821 1975
f 2094 2033 1877
f 1977 2095 1857
f 2109 2162 2043
f 2151 1796 2109
f 2136 2363 2047
f 2046 2047 2097
f 2138 2136 2110
f 2055 1860 1887
f 1860 2099 2012
f 1824 2013 2100
f 2099 2100 2060
f 2100 2112 2182
f 1822 2113 2415
f 2101 1822 2415
f 2114 1948 2113
f 2101 1949 2062
f 2061 2252 2101
f 2251 2102 1822
f 1993 2111 1992
f 1992 2102 2251
f 2063 2020 1946
f 2063 2116 2365
f 1939 2103 2024
f 2085 2104 2078
f 2144 2180 2181
f 2182 1824 2100
f 2132 2093 2414
f 2129 2108 2107
f 2108 2132 2033
f 2214 2213 2128
f 2051 2187 2163
f 2262 2276 2261
f 1993 2166 2111
f 2165 2139 2138
f 2237 2232 2236
f 2102 2164 2237
f 2102 2113 1822
f 2019 2365 2177
f 2235 2236 2232
f 2116 2115 2167
f 2102 2237 2113
f 2125 2194 2129
f 2116 2167 2177
f 2115 2116 1948
f 2063 1948 2116
f 2236 2115 2114
f 2170 2177 2167
f 2156 2153 2155
f 2167 2168 2140
f 2170 2172 2177
f 2117 2179 2019
f 2105 2089 2086
f 2216 2089 2105
f 2105 2077 2118
f 2105 2118 2216
f 2057 2119 2118
f 2080 1906 2249
f 2181 2180 2217
f 2149 1908 2034
f 2122 2196 2266
f 2107 2108 2123
f 2126 2134 2124
f 2107 2126 2127
f 2174 2214 2173
f 2107 2123 2126
f 2213 2150 2125
f 2194 2125 2131
f 2127 2126 2124
f 2107 2127 2125
f 2123 1821 2126
f 2127 2124 2128
f 2124 1796 2152
f 2152 2151 2155
f 2129 2107 2125
f 2131 2125 2150
f 2188 2130 2131
f 2108 2129 2132
f 2093 2132 2129
f 2201 2031 2202
f 2197 2198 2134
f 1821 2095 2417
f 2417 2134 2126
f 2124 2134 1796
f 2096 2109 2041
f 2109 2043 2041
f 2162 2109 2198
f 2163 2110 2047
f 2052 2186 2185
f 2220 2221 2187
f 2363 2136 1995
f 2110 2136 2047
f 2260 2277 2137
f 2111 2139 2165
f 2189 2172 2170
f 1944 2141 1825
f 1824 2146 2119
f 2181 2106 2144
f 2142 2090 2143
f 2248 2142 2120
f 2142 2143 2144
f 2142 2144 2120
f 2184 2106 2148
f 2217 2146 2147
f 2147 2146 2182
f 2183 2121 2182
f 2148 2147 2121
f 2148 2181 2147
f 2146 2217 2119
f 2148 2121 2219
f 2106 2184 2145
f 2149 2132 2414
f 2214 2176 2173
f 2188 2189 2171
f 2073 2071 2364
f 2151 2152 1796
f 2364 2151 2096
f 2152 2155 2153
f 2124 2152 2128
f 2364 2154 2155
f 2214 2153 2176
f 2152 2153 2128
f 2154 2071 2072
f 2156 2155 2154
f 2156 2154 2418
f 2153 2156 2176
f 2158 2072 2070
f 2366 2418 2160
f 2157 2117 2175
f 2158 2159 2160
f 1798 2367 2159
f 1798 2066 2190
f 2367 2193 2159
f 1798 2159 2158
f 2093 2195 2122
f 1878 2161 1977
f 2162 2198 2199
f 2197 2199 2198
f 2162 2203 2205
f 2221 2163 2187
f 2221 2098 2110
f 2260 2098 2225
f 2166 2139 2111
f 2209 2229 2370
f 2136 2139 1995
f 2139 2166 1995
f 2170 2167 2140
f 2168 2167 2115
f 2206 1823 2195
f 2171 2169 2207
f 2171 2170 2140
f 2189 2173 2172
f 2175 2173 2176
f 2174 2173 2189
f 2174 2150 2213
f 2174 2213 2214
f 2157 2175 2156
f 2177 2117 2019
f 2175 2117 2172
f 2117 2177 2172
f 2365 2178 2020
f 2178 2179 2141
f 2144 2143 2180
f 2216 2180 2089
f 2217 2216 2119
f 2181 2217 2147
f 2106 2181 2148
f 2183 2182 2112
f 2112 2257 2281
f 2182 2121 2147
f 2218 2121 2183
f 2225 2221 2220
f 2187 2051 2185
f 2148 2219 2184
f 2145 2184 2186
f 2185 2184 2219
f 2145 2186 2007
f 2187 2185 2219
f 2052 2185 2051
f 2185 2186 2184
f 2187 2219 2220
f 2186 2052 2007
f 2213 2125 2127
f 2188 2150 2174
f 2188 2171 2130
f 2171 2189 2170
f 2174 2189 2188
f 2064 2191 2023
f 2023 2190 2066
f 2064 1953 2191
f 2222 2367 2190
f 2410 2222 2368
f 2141 2193 1825
f 1825 2193 2192
f 2193 2160 2159
f 2193 2141 2215
f 2193 2215 2160
f 2129 2194 2093
f 2093 2194 2195
f 2122 2195 1823
f 2122 1823 2196
f 2224 2208 2212
f 2206 2130 2207
f 2194 2130 2195
f 2109 1796 2198
f 2134 2198 1796
f 2161 2200 2199
f 2200 2203 2199
f 1878 2200 2161
f 1878 2201 2200
f 1876 2202 2031
f 2201 2202 2200
f 2204 2203 2200
f 2162 2205 2043
f 2369 1984 2204
f 2200 2202 2204
f 2205 2204 1984
f 2168 2236 1797
f 2171 2140 2169
f 2169 2140 2168
f 2168 1797 2169
f 2210 2207 2169
f 2130 2171 2207
f 2210 1797 2223
f 2208 2206 2209
f 2212 2208 2370
f 2000 2226 2269
f 2209 2207 2210
f 2210 2169 1797
f 2229 2209 2210
f 1998 1999 2420
f 1823 2208 2224
f 2212 1998 2420
f 2127 2128 2213
f 2153 2214 2128
f 2215 2157 2366
f 2179 2215 2141
f 2178 2019 2179
f 2216 2217 2180
f 2219 2121 2220
f 2218 2220 2121
f 2220 2218 2225
f 2218 2280 2225
f 2098 2221 2225
f 2163 2221 2110
f 2150 2188 2131
f 1953 1940 2191
f 2368 2191 1940
f 2409 2368 2021
f 2191 2368 2222
f 2191 2222 2190
f 2130 2206 2195
f 2209 2206 2207
f 2212 2370 2227
f 2276 2268 2270
f 2230 2226 2227
f 1797 2235 2223
f 2229 2210 2223
f 2227 1998 2212
f 2224 2196 1823
f 2196 2224 2211
f 2183 2112 2281
f 2260 2225 2280
f 1998 2226 2000
f 2226 2230 2269
f 2230 2227 2370
f 1998 2227 2226
f 2223 2235 2228
f 2231 2233 2228
f 2164 2232 2237
f 2230 2229 2228
f 2230 2370 2229
f 2232 2234 2231
f 2234 2164 2135
f 2135 2265 2412
f 2231 2235 2232
f 2231 2234 2272
f 2223 2228 2229
f 2231 2228 2235
f 2230 2228 2371
f 2164 2234 2232
f 2236 2235 1797
f 2115 2236 2168
f 2113 2237 2114
f 2114 2237 2236
f 2302 2238 2242
f 1779 2239 1808
f 2238 2357 2242
f 2302 2239 2238
f 2244 1967 2241
f 2240 1961 2243
f 2302 2242 2240
f 2239 2241 1808
f 2240 2242 1896
f 1961 2246 2243
f 2245 2028 2081
f 2245 2244 2243
f 1967 2244 1775
f 2239 2302 2244
f 1961 2026 2246
f 2026 2083 2246
f 2245 2081 1775
f 2246 2245 2243
f 2245 2246 2028
f 1791 1779 1793
f 1854 1819 1785
f 2248 2091 2142
f 2264 2080 2249
f 2120 2145 2263
f 2091 2248 2247
f 2248 2264 2247
f 2263 2264 2120
f 2092 2247 1874
f 1972 1876 1970
f 2202 2369 2204
f 2252 1822 2101
f 2253 2251 2252
f 2251 1822 2252
f 1993 2251 2253
f 2253 2252 1987
f 1994 2253 1987
f 2255 2258 2254
f 1884 2259 2056
f 2259 2254 2258
f 2254 2259 1884
f 2279 1884 2050
f 2254 2278 2255
f 2256 2258 2255
f 2258 2257 1860
f 2257 2256 2281
f 2255 2261 2256
f 2258 2256 2257
f 2099 1860 2257
f 2046 2051 2163
f 2261 2260 2280
f 2277 2261 2276
f 2262 2261 2255
f 2264 2263 2080
f 2264 2249 2247
f 2120 2264 2248
f 2154 2364 2071
f 2151 2364 2155
f 1798 2158 2067
f 2070 2067 2158
f 2111 2265 2135
f 2165 2265 2111
f 2419 2266 2196
f 2267 2371 2271
f 2371 2267 2269
f 2371 2269 2230
f 2272 2271 2233
f 2274 2165 2138
f 2267 2271 2268
f 2231 2272 2233
f 2271 2270 2268
f 2412 2272 2234
f 2270 2271 2272
f 2273 2275 2274
f 2137 2274 2138
f 2273 2270 2275
f 2260 2137 2098
f 2273 2274 2137
f 2165 2274 2275
f 2276 2270 2273
f 2165 2275 2265
f 2276 2273 2277
f 2276 2262 2268
f 2137 2277 2273
f 2261 2277 2260
f 2005 2267 2278
f 2135 2412 2234
f 2275 2412 2265
f 2255 2278 2262
f 2279 2278 2254
f 1884 2279 2254
f 2218 2183 2281
f 2256 2280 2281
f 2261 2280 2256
f 2281 2280 2218
f 2282 188 96
f 317 363 316
f 390 363 317
f 699 643 673
f 1096 2287 998
f 811 2284 659
f 2286 964 1043
f 2283 1071 806
f 998 1076 1079
f 2287 1076 998
f 1093 2285 810
f 2287 1096 814
f 1249 2289 1230
f 1235 1232 2290
f 1269 2288 1263
f 595 1284 2291
f 1377 2291 1284
f 1248 1245 1286
f 2292 1229 2289
f 1231 1287 1249
f 2290 2293 1235
f 2293 1288 1235
f 1292 1290 1257
f 1636 1521 1457
f 1636 1457 1424
f 1871 2294 1783
f 2297 2295 1788
f 2297 1793 2301
f 2295 2298 1773
f 1788 1772 2297
f 2300 2299 2404
f 1819 2238 1779
f 1791 1819 1779
f 2296 1806 1843
f 2301 2295 2297
f 1992 2135 2164
f 1992 2164 2102
f 2243 2302 2240
f 105 142 28
f 129 39 120
f 2303 191 193
f 119 128 582
f 223 224 61
f 104 2305 154
f 146 304 148
f 2307 578 107
f 215 2308 214
f 137 169 49
f 172 146 149
f 140 750 199
f 2304 212 126
f 590 593 224
f 273 63 334
f 192 162 193
f 236 162 290
f 217 240 194
f 147 250 200
f 253 170 307
f 223 61 852
f 392 2312 395
f 2313 293 167
f 195 296 297
f 2314 390 391
f 319 2311 186
f 590 224 223
f 2315 2380 380
f 385 384 381
f 389 390 2314
f 132 396 397
f 325 353 417
f 406 458 460
f 420 421 2382
f 325 417 416
f 420 411 431
f 417 412 416
f 424 420 431
f 2316 418 548
f 424 2316 421
f 2317 432 427
f 430 2316 548
f 427 432 426
f 401 399 456
f 459 2307 460
f 2317 423 432
f 489 463 313
f 2319 365 157
f 472 2319 495
f 495 2319 157
f 2318 499 542
f 2320 574 520
f 349 563 527
f 550 2321 551
f 578 2307 579
f 2306 582 183
f 119 2306 155
f 225 591 592
f 754 720 753
f 635 2322 685
f 101 697 48
f 754 753 721
f 665 2322 680
f 2322 743 685
f 783 768 765
f 770 779 772
f 788 2323 919
f 678 791 789
f 792 2324 786
f 2310 921 922
f 817 613 1427
f 761 756 822
f 761 822 766
f 914 966 1114
f 2323 1099 1132
f 2325 906 60
f 788 919 917
f 798 934 972
f 941 1051 940
f 1056 936 1007
f 1120 1056 732
f 1036 1064 1063
f 1080 1081 2326
f 2326 1102 1082
f 2328 2326 1101
f 1163 1160 1165
f 2329 1162 883
f 1247 1225 1254
f 1267 2331 1265
f 1240 1269 1220
f 1183 1360 1403
f 2332 1329 1894
f 1236 1289 1268
f 1310 2330 1263
f 2334 1336 1337
f 1329 2392 1337
f 1311 2334 1338
f 1285 1338 2392
f 2335 1444 840
f 1573 2336 1359
f 2336 1195 1359
f 1404 2338 1525
f 1400 1410 1363
f 1461 2339 1462
f 1543 1474 1416
f 1567 1419 1372
f 2340 1439 1203
f 2342 599 600
f 1541 1525 2337
f 2338 2337 1525
f 1481 1422 1483
f 2343 1686 1316
f 1502 1316 1621
f 1461 2336 1573
f 1483 1567 1485
f 1552 1571 1553
f 1601 1540 1537
f 1581 1582 1638
f 2346 1603 1584
f 1601 1581 1638
f 1601 1638 2345
f 2346 1606 1603
f 1502 1621 1501
f 1662 2347 1621
f 1628 2348 1625
f 2348 1631 1625
f 2349 1629 1628
f 2350 1648 1630
f 1542 1646 1473
f 1651 1590 2397
f 1738 1517 2355
f 2421 1673 1662
f 1316 1684 1662
f 1660 1681 1680
f 1686 2351 1684
f 2351 2352 1623
f 2352 1692 1691
f 2352 1691 1667
f 1684 2351 2421
f 2343 2353 1685
f 2354 1726 1695
f 1683 1738 2355
f 1738 1683 1739
f 2356 16 15
f 2356 1915 16
f 1784 1804 2405
f 1770 1791 1771
f 1804 1806 1805
f 1819 2357 2238
f 1829 2358 1861
f 2332 2359 1807
f 1880 2360 1879
f 1829 1861 1826
f 2361 1753 1752
f 1880 1879 1753
f 1968 1856 1795
f 2360 1983 1879
f 1994 1916 1881
f 2406 1945 1825
f 1994 1987 2356
f 2362 2363 1995
f 1994 1881 2253
f 2340 1441 1439
f 2407 1961 1896
f 2029 2081 2082
f 2411 2108 2033
f 2149 2033 2132
f 2363 2097 2047
f 2063 2365 2020
f 2178 2365 2019
f 2365 2116 2177
f 2115 1948 2114
f 2120 2144 2106
f 1821 2417 2126
f 2417 2133 2197
f 2120 2106 2145
f 2073 2364 2096
f 2158 2160 2418
f 2157 2215 2179
f 2367 2222 2192
f 2368 2409 2410
f 2211 2419 2196
f 2417 2197 2134
f 2369 2202 1876
f 2370 2208 2209
f 2215 2366 2160
f 2117 2157 2179
f 2233 2371 2228
f 2050 1884 2003
f 2262 2278 2268
f 2372 150 105
f 2 188 2282
f 2304 130 115
f 130 2304 129
f 129 2304 125
f 20 2303 193
f 24 25 135
f 103 76 143
f 2373 433 298
f 196 197 215
f 168 2375 216
f 195 241 299
f 258 2375 217
f 331 330 377
f 2377 401 285
f 98 2374 314
f 2376 2378 479
f 2379 348 402
f 272 379 158
f 2380 131 381
f 2376 343 283
f 419 2382 324
f 2381 451 456
f 479 2378 478
f 591 478 2378
f 406 489 458
f 2383 540 567
f 524 561 459
f 337 2378 2376
f 2378 337 592
f 2384 697 101
f 1136 1138 1139
f 635 680 2322
f 2386 1427 1489
f 2385 762 686
f 2387 695 830
f 2387 784 1005
f 788 2388 1099
f 932 2389 1006
f 906 333 60
f 855 69 68
f 941 870 831
f 995 2287 996
f 695 2387 1005
f 1030 1036 1034
f 787 2388 788
f 1038 942 1060
f 1038 1060 1039
f 1073 1075 1078
f 1073 1078 1077
f 1073 1077 1067
f 1102 2388 1049
f 1098 1136 1139
f 1121 1125 1124
f 849 1130 63
f 1098 1156 1134
f 2390 1106 1105
f 1126 1153 1155
f 614 1346 1486
f 1215 1285 2392
f 1337 2391 1335
f 1337 2392 2334
f 1264 1379 1305
f 1474 2393 1542
f 2335 841 1446
f 1462 1411 1409
f 2343 1502 1500
f 1402 2395 1360
f 1530 2394 1435
f 2395 1402 1526
f 1570 1568 1485
f 2395 1403 1360
f 1386 1616 1590
f 2400 1659 1606
f 1611 2345 1644
f 1386 1590 1650
f 1635 2396 1649
f 1646 1542 2396
f 2396 1542 2393
f 1651 2397 1643
f 1688 2398 1670
f 2399 1592 1657
f 1665 1660 2400
f 1671 1659 2399
f 2400 2399 1659
f 2401 1683 1672
f 2401 1670 2398
f 1670 2401 1593
f 1674 1673 2421
f 2398 1318 1739
f 1674 2421 1642
f 1623 1689 1642
f 1623 2352 1690
f 2402 1709 1694
f 1709 2402 1706
f 2403 1706 2402
f 1425 1734 1211
f 1930 1208 1928
f 1842 2404 2298
f 1789 1836 1803
f 189 2405 3
f 1845 2405 1804
f 2406 2410 1892
f 10 1919 11
f 1938 1939 2069
f 1938 2069 2015
f 1892 1943 2406
f 2410 2409 1892
f 2415 2063 1949
f 1903 1961 2407
f 1963 2407 1898
f 2411 1975 1821
f 2413 2266 2419
f 2409 2021 1952
f 2031 2032 1968
f 2039 1986 2416
f 2002 2050 1883
f 2414 1908 2149
f 1948 2415 2113
f 2415 1948 2063
f 2040 2416 2073
f 2138 2110 2098
f 2133 2417 2095
f 2161 2199 2197
f 2137 2138 2098
f 2122 2266 2414
f 2414 2093 2122
f 2418 2154 2072
f 2156 2418 2366
f 2156 2366 2157
f 2156 2175 2176
f 2410 2406 2192
f 1825 2192 2406
f 2049 2419 2211
f 2161 2197 2133
f 2420 2211 2224
f 2420 2001 2211
f 2212 2420 2224
f 2371 2233 2271
f 2272 2412 2270
f 2267 2268 2278
f 1292 1257 1287
f 2300 2404 1784
f 2298 2404 2299
f 2380 381 380
f 385 381 477
f 366 2382 421
f 2382 366 324
f 1052 1126 1155
f 1623 2421 2351
f 1 2405 2
f 1825 1945 1944
f 2038 1986 2039
f 2158 2418 2072