# https://github.com/mikedh/trimesh
v -0.16481984 0.08778635 0.03005590
v -0.16301288 0.07498959 0.04219522
v -0.16137277 0.04965175 0.04316634
v -0.14970502 0.01654528 0.04598119
v -0.14565699 -0.00911165 0.04683758
v -0.15301232 -0.07534496 0.05388499
v -0.15905114 -0.09753048 0.04948579
v -0.16422275 -0.11899561 0.05031747
v -0.17207047 -0.13502346 0.04632740
v -0.18257080 -0.16405712 0.03800130
v -0.18956268 -0.18777412 0.03604884
v -0.19435796 -0.20872444 0.03405740
v -0.19407710 -0.23016553 0.03108345
v -0.20758507 -0.24368967 0.03179628
v -0.20941114 -0.26222178 0.02907389
v -0.20171443 -0.28228077 0.03107787
v -0.21595782 -0.32025719 0.03117404
v -0.20841768 -0.35743216 0.03349382
v -0.20962876 -0.37618202 0.03099541
v -0.22034800 -0.42149541 0.04024167
v -0.23001753 -0.45173076 0.03198246
v -0.22939695 -0.47173780 0.03505425
v -0.23197350 -0.51002204 0.03986226
v -0.22759461 -0.52817684 0.04323091
v -0.22061771 -0.54313302 0.04766307
v -0.21964540 -0.54553157 0.04660480
v -0.21895340 -0.54799074 0.04544649
v -0.21851903 -0.55268270 0.06533124
v -0.21826954 -0.55296522 0.08506800
v -0.21772638 -0.55273658 0.10380746
v -0.21657959 -0.55213714 0.12259834
v -0.21448943 -0.55141729 0.14111304
v -0.21128628 -0.55035341 0.15953408
v -0.20478761 -0.54928446 0.17675191
v -0.19538046 -0.54856342 0.19244017
v -0.18335655 -0.54756653 0.20620425
v -0.16966167 -0.54646599 0.21890064
v -0.15427209 -0.54563749 0.22969782
v -0.13679641 -0.54578114 0.23596047
v -0.11879559 -0.54531527 0.24107015
v -0.10105406 -0.54439032 0.24536361
v -0.08327197 -0.54359186 0.24924523
v -0.06544920 -0.54272616 0.25297996
v -0.04762859 -0.54204977 0.25618279
v -0.02973253 -0.54138708 0.25887910
v -0.01194000 -0.54125935 0.26048580
v 0.00642630 -0.54165041 0.26087779
v 0.00560607 -0.51489568 0.22861204
v -0.00150887 -0.48532730 0.19699752
v 0.00479528 -0.47225484 0.18576965
v 0.00278367 -0.45313177 0.17319784
v -0.00027980 -0.43517500 0.16283274
v 0.00202490 -0.37736744 0.14015645
v 0.01243773 -0.34625560 0.14462787
v 0.00897976 -0.33326370 0.16344869
v 0.00626962 -0.29364079 0.14936635
v 0.00385058 -0.27881131 0.16447681
v 0.00197803 -0.23841394 0.17114069
v 0.00385052 -0.21856189 0.17929175
v 0.00497518 -0.19658941 0.17804483
v 0.00151043 -0.14980939 0.17643149
v 0.00492314 -0.07212035 0.16997758
v 0.00652943 -0.05501315 0.16773127
v 0.00689459 -0.03105041 0.16445583
v 0.00375194 -0.00763362 0.15823840
v 0.01705628 0.00491990 0.15773654
v 0.01366530 0.02620712 0.15918800
v 0.01004754 0.04808189 0.16106832
v 0.01865631 0.06034068 0.16292033
v 0.00958691 0.08875169 0.15638739
v 0.00688319 0.10909893 0.15282658
v 0.00392142 0.13237023 0.14764403
v 0.00730395 0.13072205 0.12910843
v 0.01302741 0.16703111 0.10089585
v -0.00256727 0.17108902 0.08954132
v -0.01879252 0.18342866 0.08274128
v -0.03285860 0.19808875 0.07185750
v -0.04343922 0.21771683 0.05723784
v -0.05086339 0.23894425 0.03640702
v -0.05840573 0.25970456 0.01529641
v -0.06512126 0.27397072 -0.01207763
v -0.06615940 0.27321902 -0.04485694
v -0.07858407 0.27093247 -0.03096477
v -0.09886308 0.26496866 -0.03256819
v -0.11761384 0.26119202 -0.02956111
v -0.12656447 0.25500846 -0.01208265
v -0.12858281 0.24814680 0.00497776
v -0.12414887 0.23824608 0.02096273
v -0.11760499 0.22457089 0.03432621
v -0.11419018 0.21154538 0.04646874
v -0.11467913 0.19455196 0.05941991
v -0.11945057 0.17517506 0.06987201
v -0.12942988 0.15691479 0.07894059
v -0.13949804 0.13764231 0.08076695
v -0.14958161 0.11843352 0.07430046
v -0.15860988 0.10108230 0.05789546
v -0.22116719 -0.51227623 0.08841866
v -0.09234545 -0.44947803 0.18932787
v -0.04958531 -0.50180554 0.20913368
v -0.02316913 -0.52044821 0.23524985
v 0.00784967 -0.52970523 0.24559787
v -0.03314009 0.14898476 0.10750512
v -0.02332749 0.16859984 0.09215233
v -0.08814245 0.26446870 -0.01348676
v -0.21972242 -0.53845000 0.08264186
v -0.21899261 -0.51441550 0.12610038
v -0.18452415 -0.45418453 0.18378195
v -0.10644213 0.26085964 -0.01656836
v -0.05479535 -0.52953154 0.23899209
v -0.02056145 -0.53279644 0.25024766
v -0.07320459 0.26305035 -0.00145516
v -0.04956955 0.20348924 0.06541314
v -0.21541841 -0.53440619 0.13165835
v -0.07003254 0.24534445 0.02188413
v -0.14575875 -0.50036979 0.21437915
v -0.03668518 -0.53263009 0.24635854
v -0.21346226 -0.53426343 0.15076321
v -0.10707101 0.24373616 0.01314591
v -0.08991048 -0.52847284 0.22959906
v -0.12596217 -0.53295755 0.22662225
v -0.07321884 -0.53614748 0.24262580
v -0.19938447 -0.53388697 0.18428141
v -0.10940383 0.23372608 0.02527218
v -0.09215039 0.23827365 0.02358898
v -0.16864900 -0.53189492 0.21728340
v -0.18635529 -0.52467287 0.20178217
v -0.10069687 0.22190483 0.03861796
v -0.07162320 -0.52235025 0.22622186
v -0.14931591 -0.52805161 0.22034132
v -0.13742186 -0.51548946 0.22022659
v -0.10924865 -0.13052520 0.13364574
v -0.09489019 0.00159460 0.12652089
v -0.14777580 0.06699598 0.10194937
v -0.22323880 -0.48113078 0.06883797
v -0.22862113 -0.51714891 0.06007029
v -0.20936607 -0.38251737 0.12242676
v -0.01578367 -0.49394685 0.20660983
v -0.01419744 -0.50998056 0.22325797
v -0.00753710 -0.52544719 0.24107094
v -0.01369604 0.13119648 0.11758172
v -0.08773588 0.13190868 0.12192336
v -0.22300431 -0.53516036 0.06314864
v -0.03945528 0.18053825 0.08259233
v -0.03912908 0.16170126 0.09597508
v -0.05582426 0.18658410 0.07582256
v -0.08515352 0.16797958 0.08665229
v -0.05307665 0.14541712 0.10810109
v -0.05802603 0.16876474 0.08953114
v -0.07659829 0.18088399 0.07777038
v -0.21834286 -0.52236134 0.10385196
v -0.20670837 -0.52811068 0.16560572
v -0.05235732 -0.51417977 0.22121815
v -0.06855321 -0.50512403 0.20837909
v -0.08615980 0.25207978 0.00615783
v -0.11033902 -0.53095889 0.22727323
v -0.06290890 -0.24545708 0.16614287
v -0.16114086 -0.20693567 0.09961409
v -0.06161394 -0.13094972 0.16177526
v -0.04632009 0.02471864 0.15481184
v -0.15201606 0.09994798 0.07572372
v -0.15867691 0.06625349 0.06874057
v -0.21618928 -0.44002554 0.07108821
v -0.22444618 -0.47923502 0.05115037
v -0.22580536 -0.49832970 0.05432939
v -0.22298624 -0.50282121 0.07067984
v -0.22415672 -0.52067250 0.07485233
v -0.20725365 -0.38205475 0.08262604
v -0.02139759 -0.42960766 0.16008253
v -0.00395963 -0.50018156 0.21225643
v -0.04684502 0.12390257 0.14282387
v -0.01154998 0.13621248 0.14030366
v -0.10058878 0.18241887 0.07161178
v -0.09505458 0.14988789 0.09739315
v -0.21515985 -0.51563561 0.14799736
v -0.19925469 -0.51383424 0.18458316
v -0.20877948 -0.50309157 0.16535990
v -0.03068049 -0.50667048 0.21926013
v -0.03499537 -0.49679628 0.20656092
v -0.05360457 -0.47397223 0.18449692
v -0.06208671 -0.49031734 0.19614524
v -0.03885377 -0.52000254 0.23160234
v -0.09350830 -0.48324308 0.19385995
v -0.09921326 -0.50138462 0.20364493
v -0.08090527 -0.49319097 0.19742751
v -0.07560371 -0.47381610 0.18581721
v -0.20566283 -0.25167131 0.06844236
v -0.16065900 -0.12924798 0.07417592
v -0.16006570 0.08735445 0.05441242
v -0.16178802 0.06286564 0.05243991
v -0.15588605 0.04643834 0.06813920
v -0.22412026 -0.45888504 0.04836601
v -0.21965988 -0.45818734 0.06462695
v -0.22347343 -0.43904245 0.05539299
v -0.02060563 -0.38586381 0.14513251
v -0.02325379 -0.34870127 0.14010659
v -0.01992710 -0.46140882 0.17746736
v -0.01451373 -0.44771734 0.16905241
v -0.00277964 0.15607101 0.10261455
v -0.01581389 0.14462368 0.10148177
v -0.05015801 0.14111833 0.12982680
v -0.02502757 0.10097110 0.15650824
v -0.01235447 0.11791369 0.15135799
v -0.13467659 0.13059735 0.08845764
v -0.12035120 0.14643845 0.09137338
v -0.10980928 0.16342014 0.08176712
v -0.10700849 0.13790041 0.10713646
v -0.12443885 0.10855979 0.11417417
v -0.10885538 0.12120954 0.11766544
v -0.12406281 0.12642312 0.10148793
v -0.19846010 -0.49076429 0.18277636
v -0.18547180 -0.50206697 0.19724177
v -0.16970395 -0.50356025 0.20355576
v -0.02621201 -0.48088923 0.19176897
v -0.03882433 -0.46696010 0.17965768
v -0.03302424 -0.44830295 0.16868338
v -0.04016158 -0.42848763 0.16512474
v -0.02174933 -0.40535533 0.15131198
v -0.01752177 -0.27353945 0.16309923
v -0.00176268 -0.26066637 0.17042659
v -0.01994742 -0.25178069 0.17155597
v -0.03817975 -0.27107882 0.16100830
v -0.20095906 -0.29286540 0.05391160
v -0.01168031 -0.13143964 0.17455491
v -0.01893010 -0.15266013 0.17477186
v -0.15075669 -0.09379180 0.07186769
v -0.14501019 -0.05697779 0.06561659
v -0.16961120 -0.14196339 0.06328006
v -0.15471600 -0.11099537 0.07019631
v -0.17668074 -0.15493685 0.05202492
v -0.00765183 0.01678849 0.15651873
v -0.13972469 0.00266153 0.06332944
v -0.14032556 -0.01825807 0.06341042
v -0.15480536 0.07934955 0.07969491
v -0.15700507 0.03677805 0.05173726
v -0.15252863 0.05629777 0.08767737
v -0.22012399 -0.42338866 0.05923412
v -0.22059315 -0.49982131 0.10893971
v -0.21093926 -0.39329088 0.03656463
v -0.20858197 -0.36977184 0.04797781
v -0.00227872 -0.39340350 0.14474386
v -0.00123602 -0.35711470 0.13739669
v -0.00838779 -0.31933066 0.16597806
v -0.01246253 -0.30147928 0.15290971
v -0.03432212 -0.28888169 0.14543702
v -0.00535454 -0.41316754 0.15250796
v -0.03979392 0.13592459 0.11818782
v -0.02874604 0.13860428 0.13489376
v -0.06864362 0.12676638 0.13467091
v -0.08435836 0.14607045 0.11229584
v -0.06569102 0.14541228 0.12097981
v -0.02581999 0.12589042 0.14513689
v -0.00742577 0.09788294 0.15664691
v -0.03956360 0.11033936 0.14958210
v -0.21565391 -0.50010622 0.14615904
v -0.18301417 -0.47835290 0.19140431
v -0.05946093 -0.42397457 0.17187913
v -0.06115918 -0.40062043 0.16643205
v -0.04297289 -0.39285898 0.15541169
v -0.05886211 -0.37820944 0.15606189
v -0.07649841 -0.43392530 0.18094361
v -0.05685212 -0.44373426 0.17286181
v -0.01457427 -0.22750841 0.17839545
v -0.01158182 -0.20938076 0.17561664
v -0.01927952 -0.19216049 0.17588571
v -0.00754625 -0.28274482 0.15092826
v -0.02106068 -0.28109303 0.14789914
v -0.20959009 -0.25496414 0.04581247
v -0.20832948 -0.29867223 0.03454477
v -0.21305396 -0.30941725 0.04911339
v -0.00026998 -0.10947819 0.17237869
v -0.01034879 -0.08582292 0.17041638
v -0.04393333 -0.11295635 0.16671304
v -0.01585381 -0.06441259 0.16762553
v -0.15017642 -0.05308175 0.04845163
v -0.14542429 -0.03418466 0.05299274
v -0.14983559 -0.12106380 0.08862917
v -0.18785498 -0.19705054 0.05625854
v -0.00613944 0.03891991 0.15951803
v -0.00936239 0.05783885 0.16396841
v -0.02920522 0.03182480 0.15773086
v -0.03070758 0.01080510 0.15407924
v -0.13049154 -0.01075307 0.07967983
v -0.13576142 -0.03555755 0.07434620
v -0.14860539 0.02711317 0.06797432
v -0.14731279 0.03721647 0.08660140
v -0.21693939 -0.47301152 0.08567114
v -0.21772228 -0.44381136 0.10659651
v -0.21420345 -0.45228738 0.08741491
v -0.20719808 -0.40503290 0.08020339
v -0.21640575 -0.41949195 0.08040439
v -0.21019466 -0.41268751 0.10607956
v -0.21827878 -0.43222851 0.09521563
v -0.21023336 -0.36688352 0.06483220
v -0.21536420 -0.33409852 0.03841931
v -0.01706996 -0.36905080 0.14025661
v -0.04916790 -0.34761307 0.14083880
v -0.03926150 -0.37009448 0.14418072
v -0.03313042 -0.34097195 0.14868069
v -0.00942534 -0.34062687 0.15618178
v 0.00502416 -0.31118402 0.16367844
v -0.04223955 -0.31825233 0.16570954
v -0.08680065 0.09783858 0.14828390
v -0.10559880 0.10577938 0.13268125
v -0.07014120 0.15359572 0.10061609
v -0.00780126 0.07774251 0.15989146
v -0.04664541 0.09690909 0.15707675
v -0.06465384 0.10735659 0.14659885
v -0.06803800 0.08789868 0.15920170
v -0.08831450 0.11506864 0.13440168
v -0.20870070 -0.48651916 0.16504890
v -0.19676468 -0.47216395 0.18061996
v -0.16825980 -0.48564255 0.19652674
v -0.14006844 -0.43054622 0.18449572
v -0.07556845 -0.45452634 0.18096028
v -0.03955745 -0.18942252 0.17220278
v -0.05048109 -0.22807062 0.17202540
v -0.05266681 -0.21022958 0.16611604
v -0.18552107 -0.22067000 0.05256683
v -0.19948389 -0.23631588 0.06471226
v -0.18303014 -0.20821357 0.07341422
v -0.17260179 -0.21885902 0.08632720
v -0.18387708 -0.23219122 0.07133341
v -0.19454244 -0.24101453 0.08736423
v -0.19560158 -0.26472965 0.08290580
v -0.21409753 -0.32518321 0.06227619
v -0.20895672 -0.30314976 0.07106762
v -0.19818009 -0.28606305 0.07176031
v -0.02189663 -0.10788974 0.17078131
v -0.02888900 -0.08571425 0.16809905
v -0.03955305 -0.07071158 0.16372873
v -0.05196583 -0.08501592 0.16017553
v -0.04855207 -0.06198628 0.15914096
v 0.00930076 -0.17032690 0.17711209
v -0.00948465 -0.04205433 0.16504982
v -0.00923210 -0.02215372 0.16090217
v -0.04221919 -0.03866557 0.15746605
v -0.13706554 -0.05931378 0.08206524
v -0.02704874 0.06624696 0.16385302
v -0.02413903 0.04818964 0.16313399
v -0.06327960 0.03780296 0.15936667
v -0.06045889 -0.00313018 0.14445165
v -0.01777428 -0.00624069 0.15638074
v -0.12533656 -0.03048665 0.08846212
v -0.11054845 0.00248384 0.11270551
v -0.14242625 0.04580572 0.10767463
v -0.22227152 -0.49071658 0.08854714
v -0.21337369 -0.46346498 0.10551600
v -0.21793118 -0.49266735 0.12908646
v -0.21498033 -0.48103485 0.14662880
v -0.20686193 -0.39043415 0.05922847
v -0.21206746 -0.40941313 0.05668725
v -0.20557906 -0.39424801 0.10318114
v -0.21410474 -0.34669146 0.05327538
v -0.06035614 -0.35820833 0.14899835
v -0.02681174 -0.30301696 0.16197002
v -0.02792469 0.08567488 0.16043997
v -0.15462142 -0.48933408 0.20651260
v -0.12937444 -0.46130583 0.20108725
v -0.07594386 -0.38760602 0.16629907
v -0.02725999 -0.16890098 0.17387721
v -0.03203554 -0.21449396 0.17175071
v -0.10078838 -0.21228141 0.14386949
v -0.07096285 -0.22545190 0.16684912
v -0.17613785 -0.23426755 0.08769564
v -0.16973834 -0.19561999 0.08852395
v -0.17948765 -0.26120320 0.09521299
v -0.21071471 -0.26919129 0.06634414
v -0.20826058 -0.27618361 0.05075707
v -0.02641252 -0.02735406 0.15956432
v -0.02795712 -0.05034129 0.16354381
v -0.04201603 0.04850148 0.16327842
v -0.05959069 0.05313151 0.16435698
v -0.04665968 0.00474904 0.15137190
v -0.04094274 -0.01208998 0.15199015
v -0.05708005 -0.04931368 0.15280499
v -0.07365410 -0.06330436 0.14555934
v -0.06612288 -0.07700718 0.15221070
v -0.07235755 -0.09648801 0.15106827
v -0.06061174 -0.11167538 0.16028258
v -0.08043948 -0.11892973 0.15038624
v -0.09270312 -0.14149594 0.14651768
v -0.06346606 -0.15327223 0.16257071
v -0.08442906 -0.08028106 0.13948745
v -0.07889905 -0.14300330 0.15457165
v -0.08175772 -0.16308250 0.15400769
v -0.10167162 -0.09625269 0.12968211
v -0.06871687 -0.17529882 0.16150756
v -0.04951459 -0.17104673 0.16877727
v -0.09385446 -0.19390377 0.14664607
v -0.07522180 -0.20294127 0.15623055
v -0.06165045 -0.18977338 0.16529322
v -0.11043525 -0.04032450 0.10682731
v -0.10269898 -0.06063543 0.12131978
v -0.09375692 -0.04276668 0.12383118
v -0.11676943 -0.01341995 0.09956972
v -0.08404137 -0.02090454 0.13110928
v -0.07567789 -0.00777966 0.13694024
v -0.06190707 -0.02601678 0.14679153
v -0.12294888 0.02027030 0.11406794
v -0.11582540 0.07621061 0.14361419
v -0.13571815 0.02827473 0.10285243
v -0.21331702 -0.47439432 0.12433123
v -0.04770982 0.07342843 0.16395752
v -0.11065048 -0.48815241 0.20282415
v -0.12064878 -0.50231445 0.21090925
v -0.16618681 -0.46044892 0.18588832
v -0.14916345 -0.47180974 0.20029403
v -0.10438488 -0.43407738 0.19129083
v -0.04275735 -0.24956448 0.16915423
v -0.16143988 -0.15118071 0.08250842
v -0.19287537 -0.30291688 0.08884922
v -0.21063907 -0.33636251 0.09870740
v -0.21049690 -0.35304672 0.11250852
v -0.21000446 -0.37444311 0.10688677
v -0.20044869 -0.31613436 0.10233673
v -0.20989777 -0.31827164 0.08672197
v -0.21365720 -0.34039232 0.07662639
v -0.16296197 -0.28922802 0.14244369
v -0.20412034 -0.28116289 0.08738460
v -0.19276582 -0.28578815 0.10726741
v -0.18200909 -0.26956639 0.10779917
v -0.08383697 -0.32926688 0.14882080
v -0.17936082 -0.33964565 0.15359518
v -0.17829716 -0.28791332 0.12736578
v -0.06957537 -0.33537820 0.14554909
v -0.17406116 -0.31179765 0.13060430
v -0.19287601 -0.32327059 0.12484973
v -0.20410390 -0.33554178 0.11412969
v -0.16230042 -0.30961981 0.15187591
v -0.15988183 -0.25688654 0.10710758
v -0.18254313 -0.30689591 0.11159083
v -0.17838842 -0.32043836 0.14338160
v -0.05223740 -0.33389780 0.15713710
v -0.14319511 -0.10718510 0.09010089
v -0.12957591 -0.10073843 0.10541162
v -0.09848484 -0.17502584 0.14622442
v -0.10091760 -0.07648262 0.12567887
v -0.09000831 -0.06063488 0.13232246
v -0.06396198 0.01838285 0.14903308
v -0.09873819 0.03219599 0.14700405
v -0.08137528 0.03218291 0.15381539
v -0.08299934 0.05177616 0.16207378
v -0.08233442 0.01333968 0.14065465
v -0.09962364 0.02128475 0.13768345
v -0.07590821 -0.04450753 0.13954982
v -0.12561113 0.00827953 0.09709734
v -0.10412799 0.09061673 0.14522795
v -0.12184329 0.09323296 0.12919179
v -0.09490730 0.07330989 0.15787669
v -0.13679859 0.09138842 0.11157724
v -0.13716453 0.05497755 0.12163477
v -0.11367474 0.04698678 0.14517987
v -0.12998399 0.07773318 0.12857233
v -0.11492348 0.03164247 0.13554953
v -0.09732876 0.04533637 0.15465964
v -0.12865052 0.03929715 0.12585855
v -0.13112788 -0.48276520 0.20847856
v -0.15580791 -0.44666326 0.18422140
v -0.17950211 -0.41655096 0.17417982
v -0.17290446 -0.43960914 0.18135242
v -0.20749132 -0.39686757 0.12726825
v -0.09033817 -0.42947894 0.18573716
v -0.12596861 -0.44092777 0.18733858
v -0.07961285 -0.41126189 0.17707177
v -0.09230995 -0.39739591 0.17503652
v -0.09956573 -0.41636828 0.18313712
v -0.11774670 -0.41931757 0.18701775
v -0.03187012 -0.23459980 0.17573853
v -0.16334173 -0.17374490 0.09006307
v -0.15216443 -0.15961653 0.09961110
v -0.13229351 -0.16248956 0.12052057
v -0.14435056 -0.16789836 0.11102424
v -0.14222860 -0.25152150 0.11720545
v -0.08176254 -0.34978327 0.15291928
v -0.11496779 -0.33388695 0.14976287
v -0.20942000 -0.36361867 0.12822920
v -0.10248417 -0.15414277 0.13978043
v -0.11818670 -0.09112246 0.11400356
v -0.11640534 -0.06729881 0.10980102
v -0.10997940 0.01652345 0.12484438
v -0.07246257 0.06821469 0.16409913
v -0.08492753 0.08446285 0.15728982
v -0.13843110 0.11106470 0.09422819
v -0.14671220 0.08880563 0.09518364
v -0.14026691 0.07328670 0.11539519
v -0.10634838 0.06095513 0.15261032
v -0.21675548 -0.42861408 0.11708656
v -0.11650216 -0.47416484 0.19913410
v -0.14555749 -0.45596337 0.18852961
v -0.11282334 -0.45216045 0.19754088
v -0.10607257 -0.38403773 0.17451429
v -0.11708322 -0.16992134 0.13333005
v -0.11451420 -0.19213182 0.13355741
v -0.13304035 -0.18089996 0.12098735
v -0.14609866 -0.19204395 0.11119197
v -0.09187172 -0.22641875 0.15901452
v -0.08500656 -0.21147579 0.15311423
v -0.12106505 -0.14741686 0.12476589
v -0.14835981 -0.13805792 0.09457642
v -0.14745064 -0.22880438 0.11506743
v -0.16142046 -0.23871176 0.12325141
v -0.16085963 -0.22866590 0.10097036
v -0.04394785 -0.29857504 0.15948087
v -0.05922570 -0.30903906 0.16538182
v -0.07631001 -0.29694840 0.16060133
v -0.08972035 -0.31718183 0.16479075
v -0.09117578 -0.29700235 0.16105868
v -0.10773012 -0.31204268 0.16500051
v -0.14593868 -0.29480237 0.15213169
v -0.12747282 -0.29769775 0.15786374
v -0.07251172 -0.32024786 0.16442925
v -0.08066259 -0.36601564 0.16037260
v -0.10132634 -0.35251692 0.16042401
v -0.12649921 -0.35160565 0.15910631
v -0.13591075 -0.33189011 0.15170458
v -0.11343985 -0.36629856 0.16925520
v -0.09713417 -0.33198434 0.14865945
v -0.20265761 -0.34615722 0.12916327
v -0.17217658 -0.36038119 0.16046883
v -0.18627468 -0.36244240 0.14605956
v -0.16399494 -0.34949872 0.15401021
v -0.14349839 -0.31279629 0.16134819
v -0.16062452 -0.42502055 0.17835280
v -0.16014169 -0.41058475 0.17441763
v -0.14196730 -0.39585125 0.17651750
v -0.21324305 -0.41031677 0.13187096
v -0.21472163 -0.46097660 0.14651798
v -0.13263454 -0.40755349 0.18245099
v -0.11213766 -0.39896044 0.18014400
v -0.09356834 -0.37451607 0.16849126
v -0.17595083 -0.18715920 0.07553103
v -0.17094150 -0.16550623 0.07218611
v -0.18088707 -0.17747164 0.05777575
v -0.08379462 -0.24702275 0.16046879
v -0.10202824 -0.24535912 0.15355140
v -0.07393608 -0.26049334 0.15475848
v -0.05867042 -0.26408163 0.15773612
v -0.14521930 -0.23863435 0.13488202
v -0.11687205 -0.21824449 0.13526574
v -0.07711703 -0.28685299 0.14525257
v -0.12772991 -0.12952070 0.11779428
v -0.13575463 -0.14806047 0.11159038
v -0.14816873 -0.21159516 0.11188211
v -0.13247311 -0.20628336 0.12235292
v -0.17752172 -0.23909523 0.10871241
v -0.14109920 -0.27994841 0.14250106
v -0.12869990 -0.26793405 0.12693897
v -0.15222079 -0.27179024 0.12533656
v -0.10972339 -0.28881735 0.15437692
v -0.09433233 -0.28159422 0.13996848
v -0.08798414 -0.25891837 0.13906632
v -0.10847332 -0.27430192 0.13471472
v -0.11027098 -0.25279236 0.13194345
v -0.12032333 -0.28074557 0.14569584
v -0.13511269 -0.36738923 0.17020725
v -0.15295486 -0.36153543 0.16580248
v -0.12350541 -0.38222346 0.17638013
v -0.16000104 -0.33011809 0.15911701
v -0.20765704 -0.37929279 0.14021772
v -0.15664774 -0.39379317 0.17446357
v -0.17339541 -0.39807904 0.16903844
v -0.21780646 -0.44988889 0.12672359
v -0.20927086 -0.47207922 0.16104913
v -0.10744044 -0.22579224 0.15164603
v -0.12458382 -0.23669070 0.14729442
v -0.12820929 -0.24462664 0.12881036
v -0.05708845 -0.28830177 0.15245731
v -0.11648714 -0.11330001 0.12303407
v -0.13325049 -0.22540358 0.12581778
v -0.14454624 -0.38042724 0.17484401
v -0.14733800 -0.35081685 0.15422267
v -0.16121086 -0.37911367 0.16207394
v -0.20742683 -0.39890242 0.14813028
v -0.19287843 -0.38354748 0.14765590
v -0.17843586 -0.38412324 0.15341365
v -0.21515745 -0.42748991 0.13272618
v -0.20951208 -0.44255623 0.14688626
v -0.20203629 -0.45178899 0.16818404
v -0.19843547 -0.42755914 0.16430186
v -0.19320369 -0.40210655 0.16162075
v -0.20626117 -0.42029971 0.14786130
v -0.08739720 -0.51190835 0.21251462
v -0.06138202 0.23184587 0.04104389
v -0.07976289 0.23030499 0.03573917
v -0.06558485 0.21808922 0.05140182
v -0.08866869 0.19813855 0.06164480
v -0.07152899 0.20058233 0.06306963
v -0.08483965 0.21497366 0.04843522
v -0.10035169 0.20911771 0.05069900
v -0.03510176 -0.13085356 0.17075859
v -0.13797194 -0.08732913 0.09212537
v -0.14224640 -0.07519537 0.08138654
v -0.04422803 -0.15076202 0.16924335
v -0.12704797 -0.31916910 0.16139863
v 0.16758917 0.08908649 0.02177008
v 0.16554500 0.05328069 0.03578953
v 0.16009393 0.03207438 0.04236634
v 0.14892067 -0.03040175 0.03912879
v 0.15140006 -0.05099432 0.03769038
v 0.15689808 -0.07104078 0.03746476
v 0.16024564 -0.09198292 0.03684681
v 0.16648674 -0.11463465 0.03942249
v 0.17898266 -0.15121655 0.03858818
v 0.18463381 -0.16885617 0.03036002
v 0.20079753 -0.22858065 0.02791745
v 0.21441722 -0.30208242 0.02480291
v 0.21762583 -0.31997195 0.02503733
v 0.21605802 -0.33950964 0.02642720
v 0.22088988 -0.35862666 0.02704312
v 0.22357364 -0.37516785 0.02838890
v 0.21959680 -0.39660686 0.02217308
v 0.22432950 -0.41211468 0.03308734
v 0.23362312 -0.46525717 0.03698333
v 0.23205838 -0.48438042 0.02920001
v 0.22811799 -0.51097286 0.03582800
v 0.22617728 -0.53055495 0.03913943
v 0.22571908 -0.54690474 0.04409203
v 0.22552258 -0.54973227 0.04319450
v 0.22560045 -0.55255961 0.04222129
v 0.22250679 -0.55389833 0.06075705
v 0.22016378 -0.55381995 0.08016608
v 0.21931964 -0.55354726 0.09867021
v 0.21815547 -0.55295694 0.11718854
v 0.21696195 -0.55228209 0.13557972
v 0.21506299 -0.55120754 0.15382953
v 0.21120144 -0.54984158 0.17168911
v 0.20392349 -0.54829127 0.18832061
v 0.19417782 -0.54668903 0.20342858
v 0.18081664 -0.54531682 0.21580046
v 0.16628262 -0.54384357 0.22696014
v 0.14967063 -0.54283971 0.23504186
v 0.13236648 -0.54215938 0.24100590
v 0.11468077 -0.54180628 0.24564484
v 0.09659597 -0.54151958 0.24982734
v 0.07859720 -0.54122835 0.25355405
v 0.06129251 -0.54070050 0.25669396
v 0.04327938 -0.54060614 0.25902557
v 0.02499959 -0.54106742 0.26030076
v 0.01523061 0.17564312 0.08614887
v 0.03011773 0.19069792 0.07862397
v 0.04261623 0.20702387 0.06720090
v 0.05065058 0.22751033 0.05154238
v 0.05623922 0.24659815 0.03082522
v 0.06269068 0.26547790 0.00959690
v 0.06807490 0.27762437 -0.01853397
v 0.06869674 0.27333045 -0.05088007
v 0.09947098 0.26926813 -0.03553909
v 0.12081462 0.26521689 -0.03412145
v 0.13019428 0.25910968 -0.01734432
v 0.13303173 0.25496921 0.00010137
v 0.12890276 0.24691880 0.01624540
v 0.12393285 0.23535782 0.02851055
v 0.12095207 0.22099029 0.04193284
v 0.12203082 0.20396028 0.05469215
v 0.12788905 0.18396461 0.06449526
v 0.13689768 0.16339448 0.07022166
v 0.14683695 0.14319162 0.07267409
v 0.15749875 0.12344510 0.06606068
v 0.16556589 0.10376531 0.05165926
v 0.04314792 -0.51495439 0.23009223
v 0.01447294 0.15713403 0.09013906
v 0.07913436 0.17180339 0.08898822
v 0.08148826 0.27431011 -0.03643167
v 0.22580017 -0.46677527 0.11323982
v 0.08875889 -0.51616371 0.22203153
v 0.07188643 0.20109057 0.06634410
v 0.08158350 0.23305868 0.03622658
v 0.09193280 0.26921868 -0.01818396
v 0.07312590 0.25463194 0.01484022
v 0.22773215 -0.50395846 0.12316024
v 0.04913759 -0.53052104 0.24629311
v 0.05811863 0.21405549 0.05984358
v 0.06337717 0.23524697 0.04110958
v 0.11068218 0.26322693 -0.01327459
v 0.10780196 0.25172180 0.00752517
v 0.07677962 0.26938418 -0.00744746
v 0.15034083 -0.51421893 0.21452521
v 0.21946296 -0.50603569 0.15374666
v 0.22221909 -0.54337728 0.07361793
v 0.09299019 -0.53124547 0.23871383
v 0.12017090 -0.52969569 0.23253025
v 0.15539728 -0.52923757 0.22499198
v 0.22008610 -0.53655630 0.12831867
v 0.20742726 -0.53109807 0.18131921
v 0.06498937 -0.52516139 0.23717640
v 0.18480162 -0.52567697 0.20933321
v 0.16891113 -0.51721513 0.21551464
v 0.13908798 -0.53114718 0.22996721
v 0.16886775 -0.53091264 0.22116351
v 0.14759055 -0.25900960 0.14093615
v 0.10595811 0.00406453 0.13462856
v 0.15078996 0.07790481 0.10710429
v 0.03583543 -0.49850595 0.21214361
v 0.04345961 0.14514858 0.11188242
v 0.07695276 -0.38300976 0.16818258
v 0.23135833 -0.46664524 0.07726277
v 0.02164241 -0.52153617 0.23652238
v 0.02301910 -0.50942624 0.22353680
v 0.07581832 0.24394003 0.02660432
v 0.07488994 0.22009572 0.05093147
v 0.09223264 0.20372671 0.06026368
v 0.09769017 0.21788526 0.04666946
v 0.10854678 0.20751706 0.05407596
v 0.11189628 0.19204813 0.06475197
v 0.10379098 0.22911397 0.03503549
v 0.09899687 0.18407467 0.07397571
v 0.11791350 0.16845782 0.07859688
v 0.06509919 0.18494906 0.07920714
v 0.08316466 0.18737008 0.07536548
v 0.10380515 0.13109753 0.12098616
v 0.02979601 0.16998480 0.09330308
v 0.10079194 0.14621669 0.10411057
v 0.09779659 0.16569406 0.08911517
v 0.22464913 -0.53594548 0.05832259
v 0.23236099 -0.52339971 0.05397573
v 0.22865440 -0.52522385 0.07675207
v 0.22911201 -0.49624497 0.10244939
v 0.23172574 -0.50995183 0.08717120
v 0.22790910 -0.51518762 0.10711707
v 0.23001163 -0.49147859 0.08199150
v 0.23458467 -0.50139582 0.05400077
v 0.22226004 -0.53653127 0.11037060
v 0.22426464 -0.53174871 0.09330338
v 0.22621752 -0.48401353 0.11638638
v 0.22662669 -0.48075977 0.09591361
v 0.22294471 -0.51697379 0.13915607
v 0.21857381 -0.53005576 0.14826424
v 0.21396640 -0.52910179 0.16586077
v 0.08814696 0.25897196 0.00195837
v 0.20259759 -0.50846320 0.18986873
v 0.18907875 -0.24901378 0.09286105
v 0.07806376 -0.29501104 0.15404940
v 0.15050532 -0.12176046 0.09099638
v 0.07883299 -0.08107651 0.14999981
v 0.15649705 0.09850675 0.07989892
v 0.01402486 -0.49717680 0.20978610
v 0.13303132 0.14907043 0.08366208
v 0.11553694 0.14881843 0.09453117
v 0.11876710 0.13170324 0.10950477
v 0.23478249 -0.46514285 0.05582821
v 0.23136607 -0.41820332 0.06302381
v 0.05139035 -0.50114059 0.20976034
v 0.06694853 -0.51304561 0.22079973
v 0.05315531 0.19548121 0.07309476
v 0.04952523 0.17723003 0.08661352
v 0.04673429 0.16014111 0.09944088
v 0.06397729 0.16965652 0.09179890
v 0.06342091 0.15316933 0.10669663
v 0.02831776 0.15333694 0.10528076
v 0.00831344 0.13761449 0.10467210
v 0.02683586 0.13431117 0.11884377
v 0.22503908 -0.52120990 0.12237635
v 0.23424052 -0.50764418 0.06816962
v 0.23439106 -0.48660013 0.06499253
v 0.23486809 -0.48498398 0.04852483
v 0.17158782 -0.48312211 0.19755062
v 0.13938315 -0.49499992 0.20310292
v 0.11709391 -0.46350121 0.18975797
v 0.13546920 -0.47734550 0.19279239
v 0.16213053 -0.50012994 0.20641623
v 0.15743062 -0.48175779 0.19465104
v 0.18475878 -0.50364202 0.20407546
v 0.19203182 -0.48913950 0.19553506
v 0.18042181 -0.44515947 0.18366206
v 0.13342479 -0.45702738 0.18829700
v 0.15164562 -0.46441147 0.18686627
v 0.16360982 -0.44477862 0.18087459
v 0.12243608 -0.43937370 0.18128298
v 0.10054812 -0.44818664 0.18193148
v 0.10587575 -0.42503306 0.17496110
v 0.12610944 -0.41838014 0.16918555
v 0.08780509 -0.42721966 0.17646943
v 0.15754856 -0.42295772 0.17223603
v 0.13782591 -0.42919260 0.17383693
v 0.08407541 -0.45814237 0.19026682
v 0.10268378 -0.46656483 0.19545278
v 0.08402397 -0.47213763 0.19754133
v 0.08280885 -0.48847073 0.20444168
v 0.08958218 -0.41210485 0.16684945
v 0.19715476 -0.42133790 0.16158324
v 0.22488809 -0.47382224 0.14472251
v 0.17977479 -0.42681020 0.17723000
v 0.14262718 -0.44260633 0.18170989
v 0.10743351 -0.40652907 0.16687949
v 0.07629343 -0.44073135 0.18041272
v 0.06930406 -0.42483434 0.17277578
v 0.22615698 -0.46768799 0.13145046
v 0.22410011 -0.45009819 0.14939943
v 0.22134759 -0.48786011 0.15293323
v 0.06232716 -0.45707920 0.18021140
v 0.22544441 -0.49426076 0.13812488
v 0.06316715 -0.41218364 0.16330113
v 0.03942336 -0.45234460 0.17101493
v 0.05464312 -0.43791214 0.17001390
v 0.13123491 -0.51421350 0.21851386
v 0.09890559 -0.49794924 0.21158704
v 0.19341151 -0.24918529 0.05620537
v 0.03860674 -0.22502352 0.16771141
v 0.05041175 -0.33761793 0.15267020
v 0.13852859 -0.03164900 0.07194842
v 0.14292468 0.00554732 0.07276217
v 0.04830331 0.03464186 0.16224781
v 0.03919067 -0.00296981 0.15814422
v 0.02728340 -0.03930439 0.16502681
v 0.16244735 0.04816672 0.05818174
v 0.16282903 0.06690230 0.06826331
v 0.16560031 0.06680547 0.05040679
v 0.15836617 0.04651953 0.07652006
v 0.16004474 0.10551560 0.06577577
v 0.14437208 0.12951660 0.08311021
v 0.16555271 0.08938280 0.04770045
v 0.01911629 -0.47958493 0.19326952
v 0.08399837 0.14130723 0.11342794
v 0.12942585 0.10392655 0.12278550
v 0.02475667 0.13722123 0.14031672
v 0.02063550 -0.39091283 0.14609261
v 0.23253842 -0.44585398 0.04665989
v 0.22964814 -0.40643811 0.05121619
v 0.22442935 -0.36976245 0.04675260
v 0.04455158 0.14181224 0.13079706
v 0.18774003 -0.47147563 0.19136938
v 0.16959502 -0.46423274 0.18868883
v 0.04520583 -0.48616081 0.19534506
v 0.06288005 -0.48558104 0.19644800
v 0.06489868 -0.47238675 0.18879008
v 0.06496663 -0.49854803 0.20684189
v 0.21481243 -0.48820826 0.17113908
v 0.03193936 -0.43425858 0.16132481
v 0.04150373 -0.40328297 0.15726270
v 0.06813892 -0.39638019 0.16693860
v 0.05778751 -0.37400514 0.15698583
v 0.02035463 -0.44660273 0.16773295
v 0.02289068 -0.46189716 0.17690368
v 0.11051047 -0.51612681 0.22174205
v 0.11917149 -0.49729729 0.21128315
v 0.11845054 -0.48261303 0.20150571
v 0.08215809 -0.50368595 0.21182448
v 0.20108834 -0.23097768 0.05136928
v 0.20977375 -0.27549884 0.05162156
v 0.19387373 -0.24301021 0.03362875
v 0.20130202 -0.26302513 0.03645349
v 0.04856658 -0.18932465 0.17383073
v 0.03346577 -0.35086638 0.14183517
v 0.17330176 -0.13429174 0.04094833
v 0.16643782 -0.12690693 0.05930620
v 0.17855133 -0.16378045 0.05501072
v 0.16060986 -0.10345636 0.05488712
v 0.15574551 -0.09370265 0.06680284
v 0.02336438 -0.06981789 0.16890672
v 0.02920214 -0.15173715 0.17528050
v 0.03178150 -0.12767850 0.17292035
v 0.01038598 -0.13139679 0.17510191
v 0.14953190 0.00913106 0.04767364
v 0.15441461 0.02647120 0.06105921
v 0.02675939 0.03989477 0.16072989
v 0.03842066 0.01653814 0.16089724
v 0.04009100 -0.47174990 0.18318799
v 0.08451668 0.15692516 0.10039790
v 0.06416021 0.13728189 0.12100737
v 0.07508870 0.11353538 0.14307250
v 0.06403244 0.12919845 0.13913046
v 0.03845939 0.12362711 0.14622046
v 0.08599523 0.13005134 0.13105133
v 0.01636340 0.12007461 0.14988577
v 0.02856901 0.10120969 0.15214814
v 0.19565520 -0.43809548 0.17268009
v 0.03173904 -0.48627397 0.19905193
v 0.20515569 -0.49497378 0.18471736
v 0.21147677 -0.50790220 0.17620385
v 0.05207846 -0.39215231 0.16108838
v 0.10121293 -0.48168600 0.20450139
v 0.19466598 -0.21022037 0.03786588
v 0.18851797 -0.21685912 0.06022652
v 0.19722991 -0.23372117 0.07508017
v 0.17968401 -0.22100160 0.07876439
v 0.20289591 -0.26598763 0.06167430
v 0.20095618 -0.26426476 0.08426259
v 0.18458037 -0.22853966 0.09832584
v 0.16773008 -0.21457651 0.09095956
v 0.21206808 -0.28544447 0.03461898
v 0.21257094 -0.29277587 0.05827421
v 0.21051484 -0.27945063 0.07525901
v 0.20649800 -0.30007684 0.07984103
v 0.19946161 -0.26417440 0.09846207
v 0.22157224 -0.32863441 0.04224372
v 0.21583836 -0.30877215 0.04183893
v 0.01709122 -0.22888190 0.17083411
v 0.01848380 -0.25637484 0.17139262
v 0.02239344 -0.30444908 0.15155181
v 0.02472289 -0.31803054 0.16814998
v 0.15777346 -0.11531890 0.07372131
v 0.18510662 -0.17837037 0.04743645
v 0.19000551 -0.18812679 0.03383509
v 0.18086053 -0.19831917 0.07789907
v 0.16910268 -0.18381625 0.08899947
v 0.17796944 -0.17895058 0.06934556
v 0.16805767 -0.16360725 0.07856777
v 0.15603016 -0.17293231 0.09927266
v 0.16725664 -0.19815746 0.09916247
v 0.17308742 -0.14937268 0.06105882
v 0.16219151 -0.13937686 0.07926631
v 0.13495247 -0.18960041 0.12990752
v 0.15583235 -0.07946371 0.05423917
v 0.14061633 -0.05344724 0.07712852
v 0.15093109 -0.06152052 0.05724479
v 0.02705349 -0.18060194 0.17617907
v 0.04823406 -0.16442248 0.17170028
v 0.03064910 0.08002986 0.15886404
v 0.04221920 -0.02450686 0.16270125
v 0.05604756 -0.01642757 0.15966724
v 0.02250900 -0.01872726 0.16277301
v 0.21955299 -0.35203207 0.05056230
v 0.22311746 -0.33463752 0.06644071
v 0.22726683 -0.38030222 0.08020210
v 0.22725540 -0.39116636 0.04198805
v 0.19160903 -0.45729071 0.18462209
v 0.21826316 -0.46606678 0.16323848
v 0.20481530 -0.46404460 0.17714852
v 0.20900053 -0.45009938 0.16983140
v 0.20541996 -0.47802204 0.18006133
v 0.01444536 -0.42758924 0.15755843
v 0.02859032 -0.41340551 0.15375882
v 0.08047449 -0.36021391 0.15427828
v 0.19302334 -0.25527832 0.07514922
v 0.16729370 -0.22196181 0.11025669
v 0.15296824 -0.21116784 0.10523526
v 0.16493703 -0.24848938 0.12820618
v 0.17887317 -0.26221567 0.11802398
v 0.15688664 -0.22536986 0.12242163
v 0.17525885 -0.24059069 0.11642615
v 0.04772727 -0.24264354 0.17156512
v 0.03233229 -0.24915662 0.17254660
v 0.07553156 -0.25889009 0.16521804
v 0.06271059 -0.23600873 0.16124967
v 0.06071986 -0.25384536 0.17095341
v 0.05945681 -0.27532360 0.16038582
v 0.03033805 -0.33858359 0.15736780
v 0.04306725 -0.32209206 0.17014837
v 0.06228517 -0.32431823 0.16915876
v 0.01892861 -0.36975434 0.13880774
v 0.03792149 -0.38032904 0.15141802
v 0.13517649 -0.12237293 0.11175848
v 0.18734770 -0.19423337 0.05458227
v 0.15766762 -0.15588205 0.09518575
v 0.13440010 -0.21429783 0.12122601
v 0.14854445 -0.19553757 0.11885451
v 0.10451501 -0.20882361 0.14623767
v 0.14541824 -0.23477279 0.13663557
v 0.12296547 -0.20246439 0.13542409
v 0.11560704 -0.21959630 0.13457608
v 0.15671402 -0.18738280 0.10708571
v 0.14734831 -0.04568129 0.05600307
v 0.14701036 -0.07534800 0.07590656
v 0.14925210 -0.10180609 0.08444197
v 0.01359723 -0.09384852 0.17094004
v 0.03555542 -0.10865799 0.17026755
v 0.05666852 -0.10543701 0.16422197
v 0.07154299 -0.11997977 0.16063567
v 0.03937225 -0.08830839 0.16777821
v 0.14511740 -0.02985977 0.05423933
v 0.14820898 -0.01248216 0.04312684
v 0.13350192 -0.01537232 0.08424651
v 0.07250287 0.03611894 0.16126998
v 0.06510724 0.04941342 0.16339320
v 0.08297268 0.02176419 0.15475197
v 0.22427461 -0.37359324 0.06443210
v 0.22777690 -0.40257481 0.07135835
v 0.09450206 -0.36824167 0.16575800
v 0.05543561 -0.35547486 0.14402726
v 0.18918745 -0.25240529 0.10840444
v 0.03713224 -0.28351328 0.15544081
v 0.05272610 -0.21263629 0.17100158
v 0.07270782 -0.21395382 0.16275954
v 0.03997624 -0.30790037 0.15551209
v 0.08530391 -0.33086124 0.16323414
v 0.14723247 -0.13910925 0.10167299
v 0.12981802 -0.14090195 0.12174870
v 0.14307889 -0.15747216 0.11276560
v 0.13908827 -0.17650062 0.11803184
v 0.12458637 -0.16242860 0.13017474
v 0.11941672 -0.17685500 0.13477054
v 0.03636963 -0.20225498 0.17688662
v 0.01809268 -0.11235228 0.17269149
v 0.05542471 -0.12697393 0.16778088
v 0.09310699 -0.14302476 0.15156069
v 0.07487835 -0.10037667 0.15508027
v 0.14273861 -0.01183543 0.06244428
v 0.14698240 0.02309599 0.08216774
v 0.15196863 0.04124500 0.09520704
v 0.06080030 0.00206740 0.15540618
v 0.05278759 0.08966804 0.15707134
v 0.05321876 0.11154519 0.14744599
v 0.06696124 0.10142156 0.15168591
v 0.10250498 0.08566713 0.15230402
v 0.09000349 0.09846479 0.14955281
v 0.09978081 0.11203965 0.13652056
v 0.11755452 0.11463696 0.12427580
v 0.13215302 0.07123903 0.13757774
v 0.07343160 -0.01178070 0.15320055
v 0.06458266 0.01728975 0.15843418
v 0.08424681 0.00580458 0.14912826
v 0.22623910 -0.38968992 0.05968168
v 0.23099460 -0.44336042 0.07581714
v 0.22757906 -0.45751432 0.09428342
v 0.09994089 -0.38467160 0.17183982
v 0.04342514 -0.26525244 0.16882387
v 0.05754654 -0.29143241 0.15036741
v 0.06036275 -0.30310965 0.16274260
v 0.09851708 -0.22738650 0.14592984
v 0.06428652 -0.19653533 0.16888742
v 0.07840262 -0.19729213 0.16322859
v 0.06566940 -0.17903019 0.16743734
v 0.08741905 -0.15997785 0.15602276
v 0.06777321 -0.15366651 0.16466765
v 0.07782394 -0.13675034 0.15915339
v 0.11815593 -0.14285704 0.13285941
v 0.10603383 -0.13499147 0.14144552
v 0.07377107 -0.33854714 0.14966467
v 0.10451937 -0.33194107 0.16215277
v 0.09819649 -0.34180865 0.15001002
v 0.09669789 -0.31369585 0.16875903
v 0.10366552 -0.35243508 0.16053906
v 0.12988472 -0.22876881 0.14121167
v 0.11478982 -0.19054207 0.14418975
v 0.12852554 -0.03574786 0.09085055
v 0.13194206 -0.06005393 0.09405988
v 0.12660590 -0.07744849 0.10613788
v 0.13938695 -0.08269984 0.09232372
v 0.10665209 -0.08970495 0.12932597
v 0.11472937 -0.05341639 0.11231850
v 0.11931523 -0.08998312 0.11730485
v 0.11963013 -0.03814536 0.10404611
v 0.09451506 -0.07588046 0.13669989
v 0.09632230 -0.05251207 0.12994771
v 0.11043654 -0.06843346 0.12019645
v 0.10949914 -0.03478225 0.11635125
v 0.09284216 -0.02985304 0.13458072
v 0.12749305 -0.10853238 0.11603723
v 0.13534580 -0.09744518 0.10309221
v 0.06133759 -0.08076297 0.15998463
v 0.15265614 0.05954540 0.10588357
v 0.07974717 0.08423273 0.15834537
v 0.06539569 0.06699617 0.16284859
v 0.08562356 0.05822114 0.16290890
v 0.08970534 -0.01273899 0.14112696
v 0.22844045 -0.42259035 0.08315863
v 0.23393241 -0.45075381 0.06167835
v 0.23253940 -0.43558228 0.06054542
v 0.22739513 -0.44794497 0.11668915
v 0.22825307 -0.43769509 0.09801342
v 0.03790525 -0.36708105 0.14304167
v 0.16395244 -0.28995398 0.13968138
v 0.15961599 -0.27185324 0.12568107
v 0.17441958 -0.28074688 0.11948796
v 0.18967712 -0.27659622 0.10641171
v 0.07529271 -0.27564657 0.15077570
v 0.09393342 -0.26342684 0.15815079
v 0.10775334 -0.15833738 0.14298494
v 0.08896522 -0.12020628 0.15037088
v 0.14344943 -0.11065933 0.09841458
v 0.09723045 -0.19256194 0.15431757
v 0.09397206 -0.09694286 0.14146893
v 0.10801489 -0.01700602 0.12326895
v 0.12150730 -0.01917949 0.10454315
v 0.12193539 0.00064967 0.11516442
v 0.13343418 0.00379208 0.09631899
v 0.13237002 0.03194650 0.12618795
v 0.13733552 0.02222417 0.10570026
v 0.12357235 0.01527803 0.12284008
v 0.12140873 -0.12348681 0.12624457
v 0.15855534 0.07854166 0.08580893
v 0.14297780 0.06684517 0.12444541
v 0.11878569 0.03870319 0.14449713
v 0.10542915 0.05869300 0.15821424
v 0.09741320 0.03845228 0.15758209
v 0.12007559 0.06595161 0.14871721
v 0.11732277 0.02649369 0.13871020
v 0.09950730 0.02016542 0.14718476
v 0.13332725 0.05029286 0.13567434
v 0.23033170 -0.40043485 0.09438271
v 0.22218466 -0.38651469 0.10351886
v 0.23104446 -0.41581500 0.10144819
v 0.10179806 -0.17484234 0.14730202
v 0.06291600 -0.04638717 0.15530308
v 0.07023384 -0.06263967 0.15350321
v 0.08189747 -0.04454717 0.14411137
v 0.07085802 -0.02768959 0.14911649
v 0.04943052 -0.03902195 0.15875243
v 0.08337276 -0.06418978 0.14425229
v 0.14380647 0.04327939 0.11704800
v 0.15787598 0.06313581 0.09064435
v 0.15185614 0.09204238 0.09643191
v 0.14602946 0.11081365 0.09411432
v 0.13294677 0.11652805 0.10887158
v 0.14205430 0.09754375 0.11093660
v 0.13602228 0.08802058 0.12610945
v 0.13260816 0.13146812 0.09759634
v 0.20332277 -0.37375236 0.15117659
v 0.22362675 -0.43093282 0.14375214
v 0.10867618 -0.11042504 0.13296019
v 0.21468696 -0.38044292 0.12749019
v 0.22938843 -0.42840058 0.12139321
v 0.19230583 -0.40193555 0.15629129
v 0.17777765 -0.40942585 0.17114177
v 0.14429399 -0.40574628 0.17028472
v 0.13768107 -0.38456082 0.17341346
v 0.12195800 -0.39417619 0.17317398
v 0.10984104 0.24175449 0.02113167
v 0.09181297 0.24443436 0.02033542
v 0.21500733 -0.31474870 0.06105596
v 0.20799556 -0.28381014 0.09587257
v 0.04843373 -0.14530945 0.17142215
v 0.22077999 -0.36998215 0.09332301
v 0.22010988 -0.35992929 0.07235406
v 0.07748662 -0.31085885 0.16941331
v 0.11503089 -0.23378302 0.15118748
v 0.09939099 -0.24005571 0.15988511
v 0.11102766 -0.25310290 0.15699443
v 0.11731734 -0.26836911 0.14979050
v 0.09962951 -0.27848279 0.14540021
v 0.09926636 -0.29152003 0.15788285
v 0.08232126 -0.23100999 0.15339741
v 0.08365568 -0.24467945 0.16514347
v 0.12399843 -0.28871810 0.14420472
v 0.11411613 -0.29903698 0.16270798
v 0.14905813 -0.29212046 0.13890551
v 0.13057691 -0.25059488 0.14953849
v 0.08862700 -0.21341640 0.15477072
v 0.13449597 -0.27355564 0.14666675
v 0.03236993 -0.05435900 0.16582896
v 0.04849287 -0.06341480 0.16279298
v 0.21231093 -0.41141137 0.15522943
v 0.22273290 -0.41226780 0.13617684
v 0.20221347 -0.39065731 0.15610881
v 0.16457330 -0.33566222 0.14428651
v 0.20990118 -0.35737830 0.13824622
v 0.18411575 -0.34516478 0.13782027
v 0.19937807 -0.34879148 0.13290772
v 0.19176862 -0.36146164 0.14835985
v 0.14284185 -0.36753970 0.16895092
v 0.15638253 -0.38542661 0.16548847
v 0.15030703 -0.34777281 0.16029556
v 0.12677521 -0.35028177 0.16254170
v 0.17509568 -0.35624254 0.15237682
v 0.16517906 -0.36779740 0.16365398
v 0.17379506 -0.39270043 0.16008547
v 0.11864743 -0.36932379 0.16893464
v 0.14633918 -0.32702541 0.14964849
v 0.13264810 -0.33789697 0.15087187
v 0.11533931 -0.34019166 0.15115929
v 0.13461119 -0.31559500 0.16509074
v 0.11712286 -0.32350489 0.16602318
v 0.13830918 -0.29864353 0.15687878
v 0.15553682 -0.31639469 0.15983334
v 0.16222979 -0.30311799 0.15307254
v 0.18658257 -0.37831014 0.15896392
v 0.17877185 -0.30629128 0.14531335
v 0.17603305 -0.32530698 0.15014529
v 0.21858306 -0.33711031 0.10731341
v 0.21096149 -0.32118934 0.10648938
v 0.21912265 -0.33004814 0.09101497
v 0.21433428 -0.31863481 0.08409829
v 0.20675538 -0.32717603 0.12708662
v 0.21656932 -0.34320831 0.12426070
v 0.19836435 -0.31354317 0.11555679
v 0.19827518 -0.29307115 0.11719012
v 0.19128762 -0.32784334 0.14176843
v 0.18544969 -0.28977394 0.12822713
v 0.19038886 -0.31062108 0.13161352
v 0.22044663 -0.36517742 0.11497333
v 0.22175203 -0.35317472 0.10571234
v 0.22308683 -0.34672546 0.08786830
v 0.22239883 -0.55521089 0.02238843
v 0.22076944 -0.55675155 0.00324629
v 0.21859848 -0.55737460 -0.01586040
v 0.21659510 -0.55702835 -0.03489915
v 0.21418235 -0.55623353 -0.05370326
v 0.21167466 -0.55542076 -0.07247466
v 0.20802961 -0.55471081 -0.09097394
v 0.19804387 -0.55371165 -0.10710143
v 0.18610917 -0.55346721 -0.12202331
v 0.17390610 -0.55352533 -0.13710614
v 0.16018307 -0.55364990 -0.15074393
v 0.14349540 -0.55415976 -0.16114581
v 0.12553921 -0.55359477 -0.16979805
v 0.10729180 -0.55209064 -0.17672923
v 0.08913689 -0.54977620 -0.18304342
v 0.07077973 -0.54781449 -0.18809488
v 0.05215352 -0.54610831 -0.19214998
v 0.03319985 -0.54496235 -0.19459730
v 0.01418999 -0.54423690 -0.19560200
v -0.00477757 -0.54371381 -0.19541273
v -0.00353864 -0.51259428 -0.17068444
v 0.00241368 -0.47821644 -0.14735243
v 0.00386953 -0.42836317 -0.11072181
v 0.00463092 -0.40627772 -0.10278165
v -0.00271166 -0.37255245 -0.09861879
v -0.00060500 -0.35274470 -0.10041453
v -0.00110778 -0.33380246 -0.10448456
v -0.00213290 -0.31611973 -0.10994713
v -0.00085435 -0.29843903 -0.11641517
v -0.00531711 -0.26256797 -0.13220489
v -0.00212022 -0.21685039 -0.12612285
v 0.00304472 -0.17315710 -0.11026628
v 0.00124996 -0.15148714 -0.10365818
v -0.00273620 -0.13544549 -0.10059764
v -0.00171804 -0.11776484 -0.09561833
v 0.00333163 -0.10008577 -0.09265493
v -0.01146222 -0.04773390 -0.08565295
v -0.00658299 -0.02463732 -0.08838176
v -0.00587878 -0.00579128 -0.09207077
v -0.00304763 0.06774918 -0.11299336
v -0.00276762 0.08741347 -0.11733992
v -0.00209824 0.12577108 -0.12447607
v -0.00214357 0.16438937 -0.10703365
v 0.00011105 0.18178722 -0.08758841
v 0.00918455 0.19847339 -0.09069850
v 0.02250192 0.21233967 -0.08972577
v 0.03644671 0.22663917 -0.08781821
v 0.04953577 0.24220847 -0.08280316
v 0.06039953 0.25895813 -0.07134286
v 0.12681438 0.25478747 -0.05129237
v 0.13164331 0.24082732 -0.06444459
v 0.13436896 0.22381620 -0.07575709
v 0.13563834 0.20378779 -0.08369617
v 0.13777177 0.18292302 -0.09033911
v 0.14020582 0.16064508 -0.09206086
v 0.14454722 0.13832094 -0.08843275
v 0.15110499 0.11706400 -0.07909194
v 0.15753178 0.10160632 -0.06185907
v 0.16469230 0.09347840 -0.03879812
v 0.16722089 0.09048511 -0.01697072
v 0.11676060 0.02775094 -0.07584801
v 0.07039046 0.16949548 -0.11465974
v 0.16382599 0.07786004 -0.02280025
v 0.13456079 0.09076758 -0.08636831
v 0.10658054 0.17767733 -0.10618099
v 0.09677316 0.25583699 -0.06615686
v 0.10600545 0.24021596 -0.07719661
v 0.06776684 0.23306371 -0.08783106
v 0.12935521 0.12392981 -0.09692567
v 0.12105545 0.16829498 -0.10008088
v 0.09252238 0.26641837 -0.05217806
v 0.10932088 0.26060027 -0.05270402
v 0.07847156 0.25951114 -0.06725813
v 0.12204405 0.23294254 -0.07574698
v 0.12054771 0.21125984 -0.08791487
v 0.06736495 0.24795398 -0.07919824
v 0.15942703 0.09145787 -0.05154188
v 0.12471466 0.14378513 -0.10047638
v 0.11534879 0.24883109 -0.06521187
v 0.07680267 0.26918209 -0.05529934
v 0.10429253 0.22360674 -0.08815029
v 0.11883084 0.18994372 -0.09490042
v 0.09191711 0.19335791 -0.10214271
v 0.10539882 0.20243454 -0.09675197
v 0.14940000 0.07378254 -0.06279568
v 0.12199774 0.10489610 -0.09885773
v 0.08825441 0.21719518 -0.09445895
v 0.08858660 0.17332649 -0.11262441
v 0.10205635 0.15488490 -0.11102393
v 0.07642981 0.07430591 -0.10895881
v 0.05975857 0.19967110 -0.09871089
v 0.10375367 0.07514957 -0.10157864
v 0.09285594 0.13860269 -0.11468908
v 0.10284137 0.10272805 -0.10775900
v 0.11215111 0.13551228 -0.10726646
v 0.11630159 0.08935905 -0.09874937
v 0.05510898 0.22193010 -0.09134773
v 0.07195616 0.11404397 -0.11836507
v 0.03887581 0.20271692 -0.09464978
v 0.07748127 0.15483044 -0.11948076
v 0.09130120 0.11973188 -0.11397657
v 0.07292662 0.13280591 -0.12039370
v 0.05735079 0.12215970 -0.12173615
v 0.22455221 -0.54042447 0.02668952
v 0.22442909 -0.53821582 0.00640148
v 0.20342804 -0.42878014 -0.08959782
v 0.13824752 -0.28834933 -0.10653377
v 0.05420610 -0.49050185 -0.14876276
v 0.01257930 -0.51952922 -0.17529471
v -0.00547697 -0.53273851 -0.18537052
v 0.02077162 -0.53325886 -0.18544602
v 0.16674325 0.07697544 0.02706473
v 0.01568644 0.17905292 -0.09538351
v 0.08700494 0.24139149 -0.08128333
v 0.15702687 0.07362873 -0.04493336
v 0.15836823 0.05726989 -0.02919870
v 0.12060140 0.07369482 -0.09167112
v 0.14181055 0.05601256 -0.06425326
v 0.13399540 0.07085483 -0.07977553
v 0.15044203 0.04980205 -0.04658132
v 0.13678874 0.03302300 -0.05980930
v 0.15281288 0.03268518 -0.03017346
v 0.15888864 0.03756697 -0.01378077
v 0.14484039 0.02781714 -0.04439314
v 0.14323370 0.01475416 -0.03606887
v 0.03824693 0.10593552 -0.12076592
v 0.05508314 0.10258099 -0.11895682
v 0.02031010 0.11894363 -0.12309171
v 0.06309778 0.08900557 -0.11514858
v 0.05096027 0.06889676 -0.11127316
v 0.03621480 0.08480477 -0.11616426
v 0.08496211 0.09627495 -0.11232264
v 0.09419318 0.05937904 -0.09995468
v 0.01519811 0.07443661 -0.11464247
v 0.03336864 0.06519052 -0.11178128
v 0.01806876 0.05632723 -0.10997540
v 0.04240515 0.18577494 -0.09919034
v 0.07309629 0.18650252 -0.10429680
v 0.05358789 0.16007385 -0.11514528
v 0.22285083 -0.54151058 -0.01163777
v 0.21762556 -0.47333184 -0.04220357
v 0.22268660 -0.51810390 -0.00938618
v 0.20599622 -0.38925570 -0.03550862
v 0.06891979 -0.28877899 -0.13247882
v 0.16646323 -0.21615332 -0.06128602
v 0.18098287 -0.28742099 -0.06313479
v 0.06404412 -0.16093558 -0.10334261
v 0.15372114 -0.10778467 -0.02540518
v 0.02384524 -0.48886544 -0.15114000
v 0.01717630 -0.50492001 -0.16433807
v 0.16268939 0.03483984 0.02044046
v 0.14754367 -0.00457779 -0.00846052
v 0.14113164 0.00111502 -0.03095559
v 0.16559151 0.05455266 0.01534546
v 0.15552785 0.02013945 0.00050207
v 0.16299102 0.04195747 0.00424198
v 0.01111732 0.15655890 -0.12685291
v 0.12784851 0.04125526 -0.07382965
v 0.12762626 0.05541442 -0.07995484
v 0.13024516 0.01823038 -0.05789753
v 0.00109987 0.10955865 -0.12132719
v 0.01831906 0.09638306 -0.11922497
v 0.01385875 0.13556869 -0.12669763
v 0.05585437 0.14243074 -0.12503468
v 0.03204110 0.14250991 -0.12729050
v 0.03412813 0.17510852 -0.11313591
v 0.04448160 0.02498756 -0.09945273
v 0.04261692 0.04714847 -0.10606563
v 0.06843009 0.05611727 -0.10527733
v 0.08625746 0.04285239 -0.09706216
v 0.02052771 0.03523042 -0.10427179
v 0.22866677 -0.50518191 0.01237350
v 0.22808369 -0.52333695 0.01520934
v 0.23078719 -0.48454013 0.01404534
v 0.21695259 -0.52272457 -0.07092492
v 0.22310416 -0.52617234 -0.03110412
v 0.21934876 -0.53287429 -0.05279893
v 0.21993145 -0.54413497 -0.03343324
v 0.21548268 -0.53996909 -0.06748465
v 0.22675358 -0.46904761 -0.00261768
v 0.20177849 -0.53061271 -0.10176712
v 0.02975065 -0.28660181 -0.12801296
v 0.06055277 -0.23437342 -0.12877187
v 0.07575985 -0.36360005 -0.11170952
v 0.18588959 -0.20902656 -0.02152677
v 0.19856890 -0.27272367 -0.01297986
v 0.02342737 -0.41616726 -0.10536451
v 0.14861080 -0.53624445 -0.15569243
v 0.08058935 -0.53337163 -0.17146902
v 0.06409530 -0.53634363 -0.17902313
v 0.01868486 -0.47254059 -0.13991091
v 0.00303360 -0.49473503 -0.15832621
v 0.04246781 -0.53452986 -0.18412799
v 0.15064837 -0.01528442 0.01784411
v 0.02204253 -0.09067163 -0.08582026
v 0.15507393 0.01753517 0.02438687
v 0.15113302 -0.00029062 0.02612444
v 0.15170369 0.00157790 0.00838858
v 0.13928097 -0.01802369 -0.02982237
v 0.10505731 -0.03111891 -0.06472609
v 0.12633392 -0.03283968 -0.04494894
v 0.09782102 -0.01000760 -0.07365387
v 0.09908915 0.01441558 -0.08043932
v 0.14440170 -0.02787198 -0.01604018
v 0.16626546 0.06828653 0.01565870
v 0.15078487 0.01648299 -0.01746749
v 0.11097974 0.04961058 -0.08940679
v 0.02498239 0.00162044 -0.09364004
v 0.00264243 0.02687178 -0.10227525
v 0.00035803 0.04623982 -0.10785996
v 0.21978101 -0.49161074 -0.06143496
v 0.22031868 -0.50380051 -0.02683547
v 0.22258119 -0.49444348 -0.00286716
v 0.21970867 -0.45151323 -0.02318252
v 0.21499726 -0.36740851 0.00549695
v 0.20417272 -0.33272719 -0.00992282
v 0.18887587 -0.53668404 -0.11593686
v 0.20973743 -0.51626837 -0.08795366
v 0.03402255 -0.32461357 -0.11268719
v 0.03857503 -0.25616181 -0.13204788
v 0.03138918 -0.21476926 -0.12506828
v 0.19437815 -0.22009525 -0.00022887
v 0.01997969 -0.16049238 -0.10606504
v 0.01758225 -0.13604714 -0.09952627
v 0.16441208 -0.10435058 0.01633557
v 0.15964583 -0.08569586 0.01690358
v 0.18029594 -0.15352818 0.01243830
v 0.00284405 -0.46122321 -0.13513792
v 0.00507157 -0.44511089 -0.12253925
v 0.13092668 -0.52568781 -0.15529184
v 0.16512243 -0.53278440 -0.14613345
v 0.11278790 -0.53582394 -0.16358417
v 0.04996555 -0.52187717 -0.17360744
v 0.03381494 -0.51757878 -0.17185342
v 0.03686380 -0.49955255 -0.15814102
v 0.05230167 -0.50595695 -0.16133763
v 0.03517181 -0.47843075 -0.14257196
v 0.02298535 -0.46051326 -0.12988755
v 0.05248758 -0.47339076 -0.13661739
v 0.00197186 -0.08391204 -0.08833899
v 0.01773130 -0.11101639 -0.09292731
v 0.00342762 -0.06142429 -0.08475190
v 0.01070300 -0.03935890 -0.08596464
v 0.01996508 -0.07432918 -0.08423553
v 0.11429959 0.00664719 -0.06742222
v 0.11699322 -0.01503383 -0.05954191
v 0.08878156 -0.03209888 -0.07401855
v 0.05544471 -0.00338575 -0.08926387
v 0.04474773 0.00934966 -0.09425019
v 0.05150144 -0.02791404 -0.08539402
v 0.09968839 0.03300212 -0.08844875
v 0.13866749 -0.07661920 -0.03636749
v 0.00094248 0.00905240 -0.09614407
v 0.02344714 0.01631548 -0.09821165
v 0.22716196 -0.45035970 0.02803085
v 0.21454538 -0.42989099 0.00135910
v 0.22151133 -0.51062477 -0.05210268
v 0.21658033 -0.50273180 -0.07495310
v 0.22054511 -0.49023950 -0.04248533
v 0.21776810 -0.48025665 -0.02422816
v 0.21043625 -0.32620445 0.00609427
v 0.21209419 -0.53814769 -0.08364298
v 0.18527582 -0.49299374 -0.12568435
v 0.02294773 -0.27003503 -0.13159315
v 0.02134595 -0.24638458 -0.13112226
v 0.01001660 -0.25994655 -0.13276620
v 0.01299755 -0.20235512 -0.12217526
v 0.01718994 -0.22370149 -0.12696050
v 0.00489963 -0.18927178 -0.11706412
v 0.02604821 -0.19395694 -0.11927189
v 0.19826066 -0.21684600 0.01945643
v 0.19738908 -0.23720187 0.00958423
v 0.19312333 -0.19843024 0.01367817
v 0.20373766 -0.27176026 0.01187589
v 0.21006846 -0.29242530 0.00983221
v 0.17042793 -0.12219893 0.01798869
v 0.17599908 -0.13845646 0.02035044
v 0.17212321 -0.13538040 -0.00014544
v 0.17636313 -0.15456352 -0.01096504
v 0.16824192 -0.13882107 -0.01781737
v 0.14954588 -0.08508154 -0.02126482
v 0.14254208 -0.10038739 -0.03934570
v 0.14210050 -0.06175920 -0.02053574
v 0.15074094 -0.05932681 -0.00050238
v 0.13045213 -0.05293674 -0.03870370
v 0.15719464 -0.09379955 -0.00527498
v 0.15334009 -0.07418907 -0.00117931
v 0.15023397 -0.04236949 0.01621870
v 0.02882315 -0.44074535 -0.11672790
v 0.04258668 -0.45977190 -0.12725100
v 0.01222457 -0.38318273 -0.09974881
v 0.02365829 -0.39396688 -0.10161450
v 0.13294783 -0.54333919 -0.16237766
v 0.17874505 -0.53877449 -0.12964384
v 0.17852809 -0.52078325 -0.13215536
v 0.08146153 -0.45642179 -0.12034330
v 0.08509021 -0.49094999 -0.13799864
v 0.07173425 -0.50330704 -0.15140647
v 0.14559641 -0.04309158 -0.00951420
v 0.14935517 -0.02662701 0.00339607
v 0.03557466 -0.12637691 -0.09546657
v 0.03721941 -0.07978519 -0.08619828
v 0.12903361 -0.01545279 -0.04664387
v 0.07856900 0.00120519 -0.08511641
v 0.07532960 -0.01632904 -0.08168394
v 0.06615297 0.01632874 -0.09294330
v 0.06670297 0.03678633 -0.09967386
v 0.08410754 0.02218081 -0.09021688
v 0.04940018 -0.05103350 -0.08433200
v 0.03122714 -0.03191896 -0.08636569
v 0.07214922 -0.04033482 -0.07988572
v 0.05222932 -0.07059600 -0.08289293
v 0.07279406 -0.05740154 -0.08060006
v 0.22975510 -0.46790364 0.01369409
v 0.22040260 -0.44693735 0.00487443
v 0.21324584 -0.41464040 0.01140294
v 0.21960419 -0.43261844 0.02339635
v 0.20838563 -0.49564624 -0.08928283
v 0.20703617 -0.47810391 -0.09254073
v 0.21541853 -0.48027664 -0.07760547
v 0.21576065 -0.38203427 0.00885976
v 0.20929292 -0.40072066 0.00076103
v 0.01200261 -0.32504806 -0.10842697
v 0.02058160 -0.34040439 -0.10474169
v 0.01550022 -0.36303899 -0.10023779
v 0.04006221 -0.23295069 -0.12886438
v 0.05576516 -0.24855356 -0.13119078
v 0.07365574 -0.26058924 -0.13077031
v 0.04414717 -0.27229434 -0.13220082
v 0.05733660 -0.27020356 -0.13268623
v 0.00475125 -0.27917048 -0.12491123
v 0.05851550 -0.21148922 -0.12295280
v 0.05105666 -0.22235675 -0.12631859
v 0.18815710 -0.24580663 -0.02743910
v 0.18750416 -0.22743052 -0.02293188
v 0.19377124 -0.24421224 -0.00669499
v 0.17860627 -0.22467273 -0.04152248
v 0.18173142 -0.18843175 -0.02478278
v 0.18311107 -0.17485714 -0.01132726
v 0.17498469 -0.19986738 -0.04353496
v 0.18987507 -0.19765776 -0.00415228
v 0.16253485 -0.19283032 -0.06100456
v 0.17725764 -0.17093943 -0.02559269
v 0.20465472 -0.30820099 -0.00757612
v 0.20580606 -0.28818876 -0.00550784
v 0.21128330 -0.31038484 0.01010183
v 0.16076228 -0.14032842 -0.03493430
v 0.13700540 -0.03963650 -0.02753348
v 0.11904662 -0.05170401 -0.05207897
v 0.04031777 -0.40335107 -0.10328450
v 0.18897288 -0.51472759 -0.11760139
v 0.06709754 -0.52123457 -0.16728023
v 0.11013938 -0.51600891 -0.14743747
v 0.13372730 -0.50488949 -0.14653260
v 0.16060221 -0.50924569 -0.14546168
v 0.16851558 -0.48928481 -0.13604048
v 0.18835625 -0.47173220 -0.11973068
v 0.19823310 -0.48857477 -0.10873440
v 0.19999206 -0.46702880 -0.10508943
v 0.18949831 -0.44918132 -0.11421693
v 0.20126092 -0.44479918 -0.09903213
v 0.06786059 -0.46658593 -0.12643667
v 0.11365274 -0.47699016 -0.13853136
v 0.10377081 -0.49287859 -0.13616256
v 0.10248904 -0.45600024 -0.13364717
v 0.09055183 -0.47706258 -0.12812804
v 0.11879452 -0.49317873 -0.14291845
v 0.12380925 -0.46031892 -0.13199987
v 0.09079744 -0.50665909 -0.14630857
v 0.03792325 -0.10592662 -0.08770808
v 0.02859515 -0.05777389 -0.08404597
v 0.10643761 -0.08868219 -0.07232847
v 0.21937686 -0.47401163 -0.05791873
v 0.20110761 -0.37840822 -0.02488734
v 0.20668864 -0.35801104 -0.01561629
v 0.21017429 -0.34859037 0.00582114
v 0.01917194 -0.29526609 -0.12171356
v 0.01885344 -0.31141698 -0.11492782
v 0.04736031 -0.33770168 -0.10920279
v 0.03536690 -0.35983917 -0.10219725
v 0.02644940 -0.37369695 -0.10070279
v 0.02444235 -0.17866728 -0.11215023
v 0.04475463 -0.16467448 -0.10594586
v 0.03608140 -0.14677311 -0.10133444
v 0.04236068 -0.20289023 -0.12153015
v 0.06036035 -0.19254673 -0.11623435
v 0.19128677 -0.26050669 -0.00761166
v 0.18869218 -0.18161705 0.01017607
v 0.18408588 -0.16742457 0.00597602
v 0.15196547 -0.17348695 -0.06592537
v 0.16969205 -0.15824346 -0.03262448
v 0.16031042 -0.15676524 -0.04734717
v 0.15979747 -0.12540536 -0.02604250
v 0.11606505 -0.03369655 -0.05579112
v 0.09170545 -0.04803722 -0.07221577
v 0.08901274 -0.07504827 -0.07726119
v 0.10532058 -0.05257211 -0.06369082
v 0.09624892 -0.06591418 -0.07280929
v 0.04053465 -0.37918174 -0.10151759
v 0.05270463 -0.39169076 -0.10522426
v 0.03794889 -0.41959345 -0.10697114
v 0.07862847 -0.42373982 -0.12185350
v 0.08947662 -0.43907267 -0.12825274
v 0.06818326 -0.44420993 -0.11428028
v 0.06531959 -0.42661765 -0.11112428
v 0.06749482 -0.40882170 -0.11242022
v 0.08423906 -0.40026894 -0.12173728
v 0.14429741 -0.39936116 -0.12051140
v 0.10172521 -0.42012009 -0.12335334
v 0.10672176 -0.40268061 -0.11419441
v 0.17649630 -0.50520027 -0.13465358
v 0.19078375 -0.42817190 -0.10802364
v 0.21667531 -0.45627815 -0.06956100
v 0.07107519 -0.48487091 -0.13743514
v 0.17314698 -0.45683587 -0.12404025
v 0.17042448 -0.43637499 -0.11860882
v 0.13209552 -0.48499992 -0.13622616
v 0.21529354 -0.43553528 -0.03895304
v 0.20572013 -0.38049591 -0.01013906
v 0.19128242 -0.35255885 -0.07883936
v 0.19733231 -0.33120292 -0.05226542
v 0.05079969 -0.35856342 -0.10511205
v 0.06568913 -0.34651837 -0.11149248
v 0.05895557 -0.37010702 -0.10771990
v 0.04393431 -0.18408221 -0.11400206
v 0.15283102 -0.13915946 -0.04640152
v 0.05258842 -0.41152880 -0.10630591
v 0.06751356 -0.38586342 -0.11524320
v 0.11372118 -0.43757483 -0.12152848
v 0.20464256 -0.39732802 -0.07511547
v 0.19342110 -0.41216820 -0.09112513
v 0.16766036 -0.39098677 -0.10783966
v 0.15849178 -0.40519783 -0.11776089
v 0.18026198 -0.39717627 -0.09860738
v 0.14353046 -0.41763172 -0.11407338
v 0.21179080 -0.43912697 -0.07782505
v 0.15071952 -0.49075639 -0.13699031
v 0.14161226 -0.46500593 -0.13033932
v 0.14886642 -0.44901752 -0.12039758
v 0.15699826 -0.46990052 -0.13041928
v 0.17241383 -0.47373989 -0.13011354
v 0.07261179 -0.08187950 -0.08011746
v 0.09066320 -0.09606546 -0.07784489
v 0.21576925 -0.46017370 -0.03523309
v 0.21611905 -0.45298231 -0.04915039
v 0.21527104 -0.41788971 -0.03091682
v 0.19668718 -0.37028241 -0.04626254
v 0.20190217 -0.35726863 -0.03458375
v 0.05050689 -0.28861976 -0.12841433
v 0.05039492 -0.31904066 -0.11841407
v 0.10754758 -0.32841578 -0.12168902
v 0.14588664 -0.15409060 -0.06325592
v 0.13582100 -0.13404840 -0.06266254
v 0.13660252 -0.16568126 -0.07743344
v 0.10459502 -0.10637591 -0.07655478
v 0.11751676 -0.13408850 -0.07577506
v 0.09764372 -0.12577385 -0.08244633
v 0.09349022 -0.14267190 -0.09165734
v 0.13204327 -0.11219151 -0.05765460
v 0.11969554 -0.09916817 -0.06511979
v 0.08733930 -0.11237410 -0.08407667
v 0.11605829 -0.07563694 -0.06021360
v 0.07660782 -0.12558052 -0.09158030
v 0.12769389 -0.06968834 -0.04800630
v 0.14751567 -0.12281480 -0.04413976
v 0.12429933 -0.42247009 -0.11338566
v 0.12855481 -0.40287387 -0.12200022
v 0.13499896 -0.38248974 -0.12119028
v 0.11375894 -0.38397089 -0.12673059
v 0.09573209 -0.34321895 -0.13079493
v 0.20963894 -0.41844854 -0.07725103
v 0.14239952 -0.43496597 -0.11477485
v 0.15706392 -0.42705438 -0.11333611
v 0.05123211 -0.12305135 -0.09113589
v 0.05142277 -0.14303900 -0.09863067
v 0.06728914 -0.13958432 -0.09437832
v 0.07299050 -0.10215593 -0.08677462
v 0.21463513 -0.43444413 -0.01705233
v 0.21583126 -0.42052084 -0.05402598
v 0.20629863 -0.39876115 -0.02126119
v 0.21329473 -0.40446484 -0.04077569
v 0.21322823 -0.41606942 -0.01242754
v 0.21001004 -0.38899729 -0.05178840
v 0.20025280 -0.34520209 -0.04453902
v 0.18989752 -0.35365993 -0.06223282
v 0.18367213 -0.33380046 -0.07141686
v 0.19160576 -0.38779193 -0.08043522
v 0.18301028 -0.36234447 -0.08893370
v 0.20151567 -0.34216529 -0.02680008
v 0.06178434 -0.30745387 -0.12634066
v 0.12837088 -0.15099439 -0.07668497
v 0.15188742 -0.38458803 -0.11369289
v 0.16447881 -0.37784839 -0.09521900
v 0.14422141 -0.36927772 -0.10468651
v 0.14438516 -0.32394484 -0.10641923
v 0.14538218 -0.34617496 -0.10292579
v 0.21215943 -0.40638244 -0.06075895
v 0.18850781 -0.31425563 -0.06757928
v 0.20293520 -0.37209204 -0.06795333
v 0.19841418 -0.32353115 -0.02795572
v 0.06690595 -0.32846296 -0.11768259
v 0.08334824 -0.33717188 -0.12534347
v 0.09174638 -0.36252576 -0.11771108
v 0.10292454 -0.36696362 -0.12833607
v 0.08443315 -0.37754256 -0.11443141
v 0.09793059 -0.38134560 -0.11496049
v 0.12548299 -0.36833268 -0.11874847
v 0.17872110 -0.34107798 -0.09223582
v 0.16488162 -0.35640183 -0.09535748
v 0.13142902 -0.35446671 -0.10814983
v 0.19665717 -0.30043572 -0.03940210
v 0.08253696 -0.30226365 -0.13240832
v 0.10430393 -0.27509382 -0.12214247
v 0.09675130 -0.29338649 -0.12677044
v 0.16293398 -0.33526820 -0.09995248
v 0.17808874 -0.29602173 -0.07739763
v 0.11380995 -0.34969422 -0.11754829
v 0.12794994 -0.33426371 -0.11018259
v 0.13537145 -0.30959836 -0.10781813
v 0.11879870 -0.29150009 -0.11417522
v 0.15731147 -0.31237379 -0.10111456
v 0.14051233 -0.23396480 -0.09668644
v 0.12523410 -0.26938975 -0.11033354
v 0.15430549 -0.22439122 -0.08138775
v 0.15354410 -0.20883662 -0.07689397
v 0.08083569 -0.24202769 -0.12648833
v 0.17373304 -0.31830734 -0.08966618
v 0.14829354 -0.27039587 -0.09863476
v 0.13819645 -0.25263456 -0.10243616
v 0.15472569 -0.25169611 -0.08893606
v 0.16029602 -0.23562990 -0.07946701
v 0.16936705 -0.23544648 -0.06039555
v 0.17137812 -0.25141111 -0.07199785
v 0.11066341 -0.22003928 -0.11151618
v 0.09281038 -0.22508837 -0.11962915
v 0.13875782 -0.21180861 -0.09201337
v 0.12381376 -0.21464476 -0.10334640
v 0.14529084 -0.19473206 -0.08064405
v 0.09623546 -0.18606254 -0.10677485
v 0.13393930 -0.18077391 -0.08514765
v 0.10825770 -0.19868410 -0.10659873
v 0.09847425 -0.16197447 -0.09647567
v 0.11360300 -0.18284272 -0.09848431
v 0.12513503 -0.19535394 -0.09644456
v 0.10274299 -0.17475630 -0.10025868
v 0.11854494 -0.16544060 -0.08896401
v 0.16484044 -0.29716796 -0.09255494
v 0.15172391 -0.29887527 -0.10143787
v 0.15418556 -0.28493094 -0.09795137
v 0.17809559 -0.24998961 -0.04882562
v 0.18667440 -0.26206651 -0.03304977
v 0.18324474 -0.26786786 -0.05954785
v 0.16685367 -0.27418464 -0.08163641
v 0.12396195 -0.24653557 -0.11009757
v 0.09887452 -0.23825124 -0.12059013
v 0.08462489 -0.17321391 -0.10445833
v 0.07861642 -0.18859807 -0.11210459
v 0.09297768 -0.20381670 -0.11380447
v 0.07720657 -0.20663938 -0.11872505
v 0.06172652 -0.17633516 -0.10931860
v 0.07518847 -0.22427753 -0.12396404
v 0.01219970 -0.00928395 -0.09051304
v 0.03518013 -0.01226525 -0.08975679
v 0.16944717 -0.17626341 -0.04388322
v 0.12973608 -0.09010905 -0.05189791
v 0.19945355 -0.28149948 -0.02509734
v 0.19413918 -0.28075764 -0.04264297
v -0.21902856 -0.55129641 0.02547643
v -0.21994364 -0.55291092 0.00676223
v -0.22040161 -0.55392569 -0.01204378
v -0.22110970 -0.55469847 -0.03064124
v -0.21975714 -0.55496985 -0.04909339
v -0.21303423 -0.55443293 -0.06610727
v -0.20658347 -0.55382454 -0.08358213
v -0.20118146 -0.55364925 -0.10146164
v -0.19305688 -0.55337662 -0.11852701
v -0.18253297 -0.55360192 -0.13470457
v -0.16819802 -0.55304253 -0.14780179
v -0.15132603 -0.55192137 -0.15708432
v -0.13449903 -0.54968745 -0.16691639
v -0.11699054 -0.54809767 -0.17488900
v -0.09889417 -0.54751289 -0.18055101
v -0.08057065 -0.54679042 -0.18530449
v -0.06207984 -0.54588354 -0.18945023
v -0.04333007 -0.54470158 -0.19295779
v -0.02404792 -0.54388762 -0.19496143
v -0.00743842 0.19835269 -0.09171268
v -0.02018673 0.21275775 -0.08935779
v -0.03391125 0.22792587 -0.08673978
v -0.04720699 0.24346098 -0.08045055
v -0.05794978 0.26021117 -0.06706347
v -0.12430727 0.25264460 -0.04690233
v -0.12919505 0.24053237 -0.06181029
v -0.13216142 0.22475053 -0.07451857
v -0.13483253 0.20585917 -0.08398852
v -0.13873613 0.18594357 -0.09270005
v -0.14292537 0.16358833 -0.09481187
v -0.14833939 0.14061958 -0.09048585
v -0.15591881 0.11921767 -0.07959490
v -0.16441035 0.10230564 -0.06121720
v -0.17018645 0.09381517 -0.03580429
v -0.09727971 0.25074792 -0.06616590
v -0.12409350 0.02810455 -0.07542616
v -0.11095051 0.18202095 -0.10341975
v -0.09068606 0.26219404 -0.05171578
v -0.03573284 0.21017809 -0.09245215
v -0.14275602 0.09192178 -0.08309780
v -0.12583371 0.17526564 -0.09869267
v -0.11342837 0.24859498 -0.06080171
v -0.11903690 0.21750876 -0.08476119
v -0.06339709 0.24277849 -0.08040299
v -0.16620910 0.07372919 0.01651759
v -0.13263629 0.13000974 -0.09780444
v -0.10816994 0.25870875 -0.04715950
v -0.07433266 0.26786301 -0.05068307
v -0.16632417 0.09221987 -0.04974529
v -0.04442205 0.19948858 -0.09751888
v -0.02185054 0.18973665 -0.09475968
v -0.14281441 0.11801103 -0.08905882
v -0.13150303 0.15189534 -0.09916911
v -0.15477271 0.10339603 -0.07403278
v -0.02824359 -0.53455132 -0.18597829
v -0.02616455 -0.52153432 -0.17601937
v -0.12213263 -0.43423265 -0.11160029
v -0.14788423 -0.29528606 -0.10874616
v -0.20811361 -0.44814727 -0.06155327
v -0.22453049 -0.53709018 0.03118021
v -0.07472046 -0.03712998 -0.08312313
v -0.15379994 0.01189499 -0.00474752
v -0.12349842 0.19672212 -0.09219609
v -0.05417643 0.22136733 -0.09133640
v -0.16459507 0.05077830 0.01366040
v -0.16126673 0.03389088 0.01483220
v -0.16240327 0.04049843 -0.00782345
v -0.02742318 0.17091887 -0.11652511
v -0.15057787 0.07141715 -0.06663870
v -0.11345071 0.14210881 -0.10838296
v -0.10986115 0.16255134 -0.10794408
v -0.08626135 0.17151462 -0.11279801
v -0.06410659 0.14309245 -0.12128703
v -0.08865961 0.14703901 -0.11642650
v -0.06700187 0.16230813 -0.11663305
v -0.07927619 0.12602592 -0.11929748
v -0.10084856 0.12358551 -0.11356701
v -0.04789980 0.16365936 -0.12233319
v -0.08923055 0.10595459 -0.11527444
v -0.12858412 0.10514285 -0.09805062
v -0.04745453 -0.53341752 -0.18191305
v -0.07590833 -0.40534693 -0.10339820
v -0.19137266 -0.27737206 -0.04766064
v -0.07797049 -0.31031728 -0.12536529
v -0.07834467 -0.10034137 -0.08802795
v -0.21162619 -0.38093999 -0.03758931
v -0.23397468 -0.50489128 0.01515120
v -0.22513333 -0.54304439 -0.02962735
v -0.23080805 -0.52203923 -0.02213067
v -0.23204394 -0.51805490 0.00008962
v -0.22967647 -0.50774163 -0.03233195
v -0.22673103 -0.53807724 -0.00494205
v -0.03543058 0.03414776 -0.10453245
v -0.04417565 -0.00080159 -0.09423839
v -0.15305012 -0.01904911 0.00383520
v -0.02005881 0.09817196 -0.11954881
v -0.06174834 0.19725271 -0.10133570
v -0.08701602 0.21908562 -0.09272450
v -0.10202307 0.22660467 -0.08523325
v -0.11078556 0.23680511 -0.07507442
v -0.10403247 0.20491189 -0.09582201
v -0.08386703 0.19747865 -0.10239823
v -0.16598257 0.06144785 -0.00286388
v -0.16323853 0.05831247 -0.02487106
v -0.15440926 0.01773036 0.02627656
v -0.15997241 0.03515726 0.03259957
v -0.14843366 0.02384585 -0.04069956
v -0.15763360 0.02196381 0.00536432
v -0.15639040 0.02627448 -0.01965086
v -0.15215094 -0.00004419 0.01133727
v -0.15546361 0.05473571 -0.04807072
v -0.14895235 0.01145537 -0.02666697
v -0.01597601 0.17246966 -0.09761231
v -0.03639906 0.17745630 -0.10179284
v -0.12013014 0.12084746 -0.10503525
v -0.02531568 -0.49037224 -0.15375370
v -0.01768625 -0.50470430 -0.16431743
v -0.03383397 -0.42355108 -0.10999132
v -0.19910425 -0.51523143 -0.11741523
v -0.17463771 -0.13519734 0.01276184
v -0.06031937 -0.15978310 -0.10193061
v -0.23044111 -0.52046031 0.02521394
v -0.23142605 -0.49374247 0.03506671
v -0.02326159 0.12997295 -0.12464367
v -0.04538845 0.13748132 -0.12411159
v -0.01796554 0.04036536 -0.10656011
v -0.02811294 -0.03675438 -0.08732414
v -0.15109409 -0.02164712 0.03048984
v -0.05380822 0.18473282 -0.11204846
v -0.07295228 0.21079324 -0.09719349
v -0.07300339 0.22702073 -0.08988842
v -0.08356221 0.23977110 -0.08039133
v -0.09477359 0.18430825 -0.10706346
v -0.07137705 0.18419145 -0.10970323
v -0.15086338 -0.00473703 -0.01173176
v -0.14967203 -0.00123453 0.03063264
v -0.06612645 -0.49907136 -0.15524364
v -0.02600810 -0.37932399 -0.09793133
v -0.04349014 -0.45512626 -0.12712134
v -0.10608779 -0.53512162 -0.16752568
v -0.12177555 -0.53314859 -0.15982591
v -0.20019637 -0.23712355 -0.00760396
v -0.19273543 -0.19603594 0.00351243
v -0.02412220 -0.23375523 -0.12796098
v -0.05484065 -0.19899471 -0.11818217
v -0.17860216 -0.14621940 0.02824334
v -0.15912391 -0.08675122 0.01529633
v -0.03569116 -0.15333985 -0.10252625
v -0.20914172 -0.53555036 -0.07586250
v -0.22552827 -0.53026301 -0.04275786
v -0.23348066 -0.46442196 0.01635017
v -0.21595567 -0.38300467 0.01435802
v -0.22416258 -0.38917726 -0.00397626
v -0.20643681 -0.33049113 -0.00295542
v -0.00839626 0.14254208 -0.12676510
v -0.01773178 0.11594103 -0.12241975
v -0.07941774 0.08295090 -0.11323131
v -0.05965889 0.12512295 -0.12139146
v -0.06579650 0.10368461 -0.11850929
v -0.01926061 0.02183958 -0.10095430
v -0.02339047 0.00382899 -0.09536835
v -0.05263221 0.03278053 -0.10342143
v -0.01974353 0.05908994 -0.11118070
v -0.05867501 0.05790736 -0.10949170
v -0.02295126 0.07842214 -0.11547162
v -0.15249407 -0.01424285 0.01843506
v -0.15303083 -0.03807759 0.01716477
v -0.13896661 0.00718847 -0.04631821
v -0.03327798 -0.34015188 -0.10373983
v -0.02881265 -0.40328804 -0.10159273
v -0.13693048 -0.52166194 -0.14375505
v -0.08576690 -0.53326350 -0.17279059
v -0.19810107 -0.53583968 -0.11417257
v -0.17319466 -0.52825385 -0.13682987
v -0.18610922 -0.54157233 -0.13367340
v -0.20928188 -0.29312286 0.01180443
v -0.20538412 -0.23869163 0.01596894
v -0.19368184 -0.19729580 0.02015680
v -0.18412216 -0.16332710 0.01934217
v -0.18804424 -0.17660893 0.01950384
v -0.00274047 -0.23882788 -0.12855662
v -0.01963269 -0.25131804 -0.13110033
v -0.01984824 -0.21664204 -0.12580436
v -0.01649052 -0.29068837 -0.12222420
v -0.16906860 -0.12136239 0.02537220
v -0.16402319 -0.10222648 0.02897731
v -0.15768406 -0.08166183 0.03115054
v -0.16440976 -0.10481748 0.00896323
v -0.01091507 -0.10760058 -0.09534802
v -0.01862195 -0.12605298 -0.09908696
v -0.01354012 -0.09308917 -0.09395217
v -0.01767394 -0.14504392 -0.10198186
v -0.03037847 -0.13585317 -0.10110509
v -0.01717947 -0.16413158 -0.10699211
v -0.21749535 -0.53783894 -0.05842687
v -0.21216005 -0.51878625 -0.06512797
v -0.22071172 -0.51473659 -0.04894270
v -0.20454518 -0.53849870 -0.09473982
v -0.21082130 -0.50125468 -0.08352603
v -0.21352907 -0.48290801 -0.07677405
v -0.23185903 -0.44109207 0.00032917
v -0.21160161 -0.36530912 0.01484090
v -0.21607508 -0.35150164 -0.00176333
v -0.22073838 -0.37219402 -0.00332082
v -0.20649222 -0.36125875 -0.04336326
v -0.21508722 -0.36207891 -0.02284071
v -0.20514925 -0.34283203 -0.03791516
v -0.21054073 -0.34401357 -0.02079999
v -0.18003081 -0.31435469 -0.06670865
v -0.19556455 -0.31609973 -0.03903370
v -0.19890435 -0.33126578 -0.02800243
v -0.22884355 -0.42619157 0.01829886
v -0.22325887 -0.40543109 0.01647405
v -0.23345725 -0.46281177 -0.00646453
v -0.23277453 -0.48777938 -0.02125090
v -0.23484576 -0.48343980 0.01367167
v -0.23466188 -0.49738106 -0.00503927
v -0.23316303 -0.50612873 -0.01684179
v -0.02614766 -0.01504356 -0.09090927
v -0.03881673 0.01444728 -0.09883587
v -0.03722831 0.05111777 -0.10913479
v -0.08053403 0.06229959 -0.10780320
v -0.04070025 0.06959588 -0.11333179
v -0.04456542 0.09194853 -0.11807970
v -0.15169036 -0.04109055 0.03374894
v -0.13650091 0.02142561 -0.05907313
v -0.14713953 0.03782563 -0.05407551
v -0.13576078 0.03543092 -0.06870990
v -0.03521075 -0.50460458 -0.16294494
v -0.04616356 -0.51891887 -0.17132407
v -0.05684887 -0.50889677 -0.16285796
v -0.06517366 -0.52944440 -0.17499010
v -0.07511410 -0.51848561 -0.16549127
v -0.01248144 -0.34434739 -0.10171640
v -0.01694443 -0.36204773 -0.09876207
v -0.04970146 -0.40356788 -0.10363213
v -0.00875281 -0.39396080 -0.09977918
v -0.05088051 -0.43699208 -0.11767016
v -0.01412550 -0.43739316 -0.11658268
v -0.01480032 -0.45447928 -0.12896995
v -0.01836285 -0.47104880 -0.14119574
v -0.02992674 -0.44490206 -0.12128002
v -0.15331680 -0.53429604 -0.14609142
v -0.09580394 -0.51990145 -0.15953343
v -0.09848393 -0.50263447 -0.14997494
v -0.20344658 -0.52248043 -0.10514265
v -0.18404803 -0.50529122 -0.12931395
v -0.19950962 -0.27722067 -0.00111464
v -0.21221767 -0.31000659 0.00073796
v -0.21501331 -0.31530458 0.01661829
v -0.19056717 -0.22499613 -0.01640663
v -0.19219996 -0.21824074 0.01016985
v -0.18235874 -0.24830283 -0.05008353
v -0.19354449 -0.23813589 -0.03205130
v -0.20649086 -0.25465509 0.00481149
v -0.18656713 -0.20052084 -0.02502291
v -0.01784916 -0.27407330 -0.12908305
v -0.03897272 -0.24274065 -0.13036112
v -0.07326527 -0.26665160 -0.13058284
v -0.05499015 -0.25130153 -0.13115226
v -0.07370427 -0.24415879 -0.12801786
v -0.04608709 -0.26546845 -0.13148840
v -0.05057385 -0.23044214 -0.12705395
v -0.03080545 -0.20136073 -0.12067417
v -0.01990517 -0.18454953 -0.11478717
v -0.08186368 -0.22355157 -0.12151695
v -0.01946108 -0.32590890 -0.10834804
v -0.15503976 -0.08657146 -0.00585421
v -0.16764268 -0.12346550 -0.00154360
v -0.02689716 -0.11245818 -0.09812510
v -0.03894817 -0.10188447 -0.09463073
v -0.03637896 -0.08210000 -0.09293357
v -0.05196343 -0.14146441 -0.09935109
v -0.05910658 -0.10878643 -0.09314366
v -0.20754568 -0.52266860 -0.08742777
v -0.20538428 -0.50661790 -0.09830564
v -0.19965628 -0.49676800 -0.11486387
v -0.19229759 -0.48413518 -0.12041714
v -0.23208369 -0.44748577 0.01487133
v -0.19021146 -0.35529724 -0.08083378
v -0.20038207 -0.34546658 -0.05666520
v -0.22977853 -0.42070290 0.00257652
v -0.23497212 -0.47828543 -0.00598905
v -0.22234637 -0.46707755 -0.04134182
v -0.21662487 -0.48093367 -0.05595953
v -0.04095631 -0.02871533 -0.08864703
v -0.06891037 0.04654977 -0.10513678
v -0.15434450 -0.06189568 0.03011744
v -0.08591437 0.01804014 -0.09174275
v -0.10746612 -0.00434960 -0.07537963
v -0.13187751 -0.00908231 -0.05209250
v -0.05086656 -0.48835480 -0.15069398
v -0.03475519 -0.48166567 -0.14633694
v -0.04935033 -0.36950496 -0.09774197
v -0.03291766 -0.35763502 -0.09893370
v -0.01488660 -0.41540116 -0.10573180
v -0.03117941 -0.46333453 -0.13420248
v -0.14148051 -0.50104284 -0.13012332
v -0.16242762 -0.51188451 -0.12992413
v -0.15776962 -0.49605811 -0.12263672
v -0.15904084 -0.47413301 -0.12444948
v -0.14223498 -0.47857925 -0.11770429
v -0.12140448 -0.50184178 -0.13845083
v -0.12506995 -0.48308340 -0.12594563
v -0.18875593 -0.52406335 -0.13063467
v -0.18009755 -0.15095091 0.00825799
v -0.17344548 -0.14303106 -0.00878944
v -0.17635155 -0.16382791 -0.02315724
v -0.02673148 -0.26330566 -0.13200925
v -0.03689866 -0.28381336 -0.12790115
v -0.04188351 -0.21516174 -0.12411645
v -0.16220254 -0.12335053 -0.02116192
v -0.15885442 -0.10524906 -0.01465924
v -0.01654418 -0.07096740 -0.08718799
v -0.03350939 -0.05886140 -0.08644614
v -0.03925969 -0.17162038 -0.10907317
v -0.04097272 -0.18591486 -0.11470392
v -0.05924404 -0.08750090 -0.08672083
v -0.05256202 -0.07051772 -0.08937262
v -0.04630455 -0.12172944 -0.09824533
v -0.06246317 -0.12828688 -0.09731783
v -0.20653106 -0.29484543 -0.01179020
v -0.20679021 -0.31464052 -0.01761909
v -0.18781681 -0.32360217 -0.05374236
v -0.22995614 -0.47190464 -0.02610762
v -0.22218639 -0.49127561 -0.03951528
v -0.21288989 -0.46392670 -0.06000070
v -0.20883876 -0.45794365 -0.07811775
v -0.20506658 -0.47219720 -0.09244695
v -0.20529908 -0.48593149 -0.10064796
v -0.20295706 -0.45088914 -0.09595027
v -0.18160070 -0.44683653 -0.11967716
v -0.19392207 -0.43959484 -0.10613355
v -0.17716011 -0.46361017 -0.12454768
v -0.19555524 -0.46113807 -0.11063621
v -0.06097754 -0.02988423 -0.08711805
v -0.05349984 -0.04593559 -0.08590800
v -0.06957028 -0.05550756 -0.08441893
v -0.05001254 -0.01575916 -0.09047356
v -0.15589745 -0.07258566 0.01120110
v -0.15166889 -0.05759043 0.00841800
v -0.10872551 0.01827531 -0.08150166
v -0.09162688 -0.00132851 -0.08406764
v -0.07220717 0.02669276 -0.09879647
v -0.06056256 0.01413518 -0.09666961
v -0.07321392 -0.01694344 -0.08645964
v -0.09581833 -0.02242040 -0.07713814
v -0.12326178 0.00604071 -0.06558128
v -0.11637776 -0.01911345 -0.06588566
v -0.10927370 -0.03872320 -0.06556356
v -0.12784848 -0.03115496 -0.05099094
v -0.13945672 -0.02684959 -0.03620178
v -0.14385176 -0.00747680 -0.03239628
v -0.07417946 -0.34146625 -0.11043291
v -0.04487960 -0.38999325 -0.09873250
v -0.05742954 -0.41804457 -0.11089569
v -0.15249874 -0.45875776 -0.12254709
v -0.18162487 -0.16290146 -0.00484432
v -0.15526332 -0.16560794 -0.05832788
v -0.07235377 -0.14333105 -0.09674767
v -0.07634619 -0.11993019 -0.09376437
v -0.20082968 -0.29443914 -0.03330472
v -0.18046056 -0.26700407 -0.05628093
v -0.21419212 -0.49886158 -0.05806526
v -0.06772444 -0.00175335 -0.09111020
v -0.08862007 -0.04513846 -0.07711677
v -0.13344175 -0.07887049 -0.04409684
v -0.09136467 -0.37958214 -0.10262504
v -0.07054497 -0.37073627 -0.09973626
v -0.12857215 -0.46014440 -0.11302453
v -0.16706815 -0.16550446 -0.04200139
v -0.18211833 -0.22786976 -0.05139953
v -0.09050408 -0.13290384 -0.09017043
v -0.18568376 -0.28919679 -0.06198455
v -0.17412473 -0.30050108 -0.07334177
v -0.17348509 -0.31034175 -0.08746010
v -0.18487856 -0.32713264 -0.07907372
v -0.17778246 -0.37104529 -0.08990578
v -0.07540141 -0.06685723 -0.08183413
v -0.08476892 -0.08078026 -0.07885944
v -0.14062124 -0.06054293 -0.03192497
v -0.11896457 -0.11608300 -0.06828884
v -0.06610949 -0.32395548 -0.11567375
v -0.07766490 -0.39059287 -0.09922451
v -0.12067452 -0.41275242 -0.10778909
v -0.10732129 -0.36951289 -0.11764959
v -0.09852410 -0.40241745 -0.10183790
v -0.11453914 -0.39102849 -0.10836822
v -0.13730821 -0.40140894 -0.11542848
v -0.08762643 -0.35987884 -0.10850112
v -0.11460194 -0.33446065 -0.12682742
v -0.11177979 -0.35175437 -0.12625425
v -0.06782965 -0.35518351 -0.10244022
v -0.07427300 -0.43194756 -0.11709264
v -0.10547958 -0.42656356 -0.10631096
v -0.17099179 -0.24486032 -0.06660215
v -0.17981637 -0.18369819 -0.03101230
v -0.15799576 -0.18332720 -0.06482521
v -0.16831416 -0.18497756 -0.05258462
v -0.17996106 -0.20572104 -0.04470775
v -0.15353005 -0.32305628 -0.10649392
v -0.20791954 -0.38061836 -0.05913043
v -0.13653383 -0.04355974 -0.03710105
v -0.12367027 -0.04802983 -0.05228405
v -0.13020758 -0.06203731 -0.04658752
v -0.14492908 -0.07820137 -0.02592050
v -0.09601543 -0.09511922 -0.08023164
v -0.11075594 -0.09821184 -0.06776457
v -0.12770310 -0.09865677 -0.05176821
v -0.05160261 -0.34855139 -0.10221905
v -0.12449072 -0.36370111 -0.12464581
v -0.14295812 -0.44158006 -0.11960869
v -0.14057073 -0.42090818 -0.11531486
v -0.15409826 -0.40413955 -0.12396541
v -0.18043956 -0.42749760 -0.11496841
v -0.15980373 -0.42297786 -0.12478341
v -0.17510194 -0.40403011 -0.10672218
v -0.18645953 -0.38891387 -0.09355415
v -0.20504907 -0.43389216 -0.08402804
v -0.20755695 -0.42781091 -0.06959780
v -0.20499018 -0.41257769 -0.08052480
v -0.07060156 -0.44705462 -0.12512265
v -0.10717861 -0.46828890 -0.12519501
v -0.16448921 -0.14430450 -0.03066842
v -0.17179054 -0.25975904 -0.06773070
v -0.17081735 -0.21127328 -0.06051999
v -0.18486039 -0.21816900 -0.03363809
v -0.16963881 -0.32852930 -0.09682710
v -0.16132736 -0.31109050 -0.10130383
v -0.14126316 -0.31246552 -0.11398181
v -0.15679857 -0.34126449 -0.10060709
v -0.13654207 -0.33215439 -0.11186533
v -0.16062394 -0.36097622 -0.10020239
v -0.15429898 -0.37232682 -0.11357825
v -0.14125650 -0.36505237 -0.12008293
v -0.17089558 -0.38506353 -0.10382468
v -0.15958720 -0.39250174 -0.11145419
v -0.17744523 -0.34734812 -0.09180129
v -0.20208940 -0.35837087 -0.06461858
v -0.19541225 -0.37150621 -0.07700390
v -0.11508441 -0.05808841 -0.06260128
v -0.12230533 -0.08050346 -0.05763437
v -0.09674848 -0.11161394 -0.07995775
v -0.10638906 -0.13039878 -0.08096173
v -0.13878399 -0.09689815 -0.03820372
v -0.15057214 -0.11104168 -0.03307558
v -0.14699182 -0.09620123 -0.02579882
v -0.15267515 -0.12797526 -0.04031314
v -0.12658244 -0.34758264 -0.11906072
v -0.14365222 -0.34967142 -0.11095327
v -0.21699741 -0.44799405 -0.04365224
v -0.22732829 -0.45125020 -0.02303150
v -0.21464211 -0.40707055 -0.03329420
v -0.20848563 -0.40730160 -0.05669925
v -0.09571525 -0.34756222 -0.12008044
v -0.08944421 -0.32961681 -0.12245399
v -0.05693259 -0.30656576 -0.12383316
v -0.09069492 -0.44172403 -0.11427556
v -0.10833833 -0.45062608 -0.11223058
v -0.08719982 -0.45580149 -0.12685391
v -0.07275695 -0.46990395 -0.13348770
v -0.05205975 -0.47137842 -0.13772382
v -0.06723399 -0.48453289 -0.14552696
v -0.08959781 -0.47152066 -0.13514529
v -0.08463283 -0.48769391 -0.14505731
v -0.10422638 -0.48604202 -0.13851409
v -0.10076784 -0.31448326 -0.12766261
v -0.12445812 -0.31738091 -0.12175997
v -0.08949691 -0.29627314 -0.12915097
v -0.11135489 -0.29616979 -0.12528341
v -0.12978487 -0.29866874 -0.11863530
v -0.05442130 -0.28970411 -0.12852003
v -0.08549111 -0.28246972 -0.12941785
v -0.12489197 -0.38246879 -0.12171718
v -0.14024250 -0.38737997 -0.12432232
v -0.20232773 -0.39329687 -0.07753615
v -0.09908520 -0.06165911 -0.07352220
v -0.10769732 -0.07917435 -0.07177098
v -0.11944913 -0.13819616 -0.07526302
v -0.13785994 -0.11436374 -0.05010606
v -0.13688686 -0.13134208 -0.05913610
v -0.15225267 -0.14534210 -0.04996603
v -0.21960196 -0.43271586 -0.02714133
v -0.13602594 -0.28526989 -0.11360916
v -0.07082728 -0.29669511 -0.12802082
v -0.13721751 -0.14901447 -0.06724402
v -0.08940514 -0.25279874 -0.12662774
v -0.09528486 -0.26750717 -0.12694331
v -0.12909006 -0.26381522 -0.11241630
v -0.12197519 -0.27715349 -0.11888807
v -0.10840137 -0.25809559 -0.12130453
v -0.14438862 -0.25722814 -0.10004557
v -0.16265163 -0.26878184 -0.08754338
v -0.13026249 -0.24465123 -0.10760459
v -0.15934122 -0.25526935 -0.08421706
v -0.14699112 -0.27452409 -0.10400921
v -0.16058297 -0.29070777 -0.09182341
v -0.17387486 -0.27837297 -0.07667187
v -0.12519595 0.08834115 -0.09665290
v -0.13439703 0.06775652 -0.08342753
v -0.09680928 0.07353382 -0.10669161
v -0.14237097 0.05152386 -0.06879949
v -0.10295448 0.08895794 -0.10817695
v -0.10180179 0.05465017 -0.09935100
v -0.12328257 0.04615765 -0.08448578
v -0.10552192 0.03438068 -0.09009715
v -0.08660270 0.03986231 -0.09933238
v -0.14834736 -0.02660277 -0.01604614
v -0.14331375 -0.04149225 -0.02357944
v -0.15097401 -0.03981395 0.00031154
v -0.03920271 0.11490611 -0.12177686
v -0.19047928 -0.26085427 -0.03450383
v -0.19570640 -0.27941775 -0.02417275
v -0.20048963 -0.25738376 -0.01670716
v -0.07720810 -0.19112730 -0.11189168
v -0.09889311 -0.18286704 -0.10271981
v -0.10044317 -0.16486159 -0.09510490
v -0.08385618 -0.15405035 -0.09573235
v -0.08017376 -0.17142396 -0.10344180
v -0.05919885 -0.17870812 -0.11003483
v -0.14133000 -0.17118755 -0.07453063
v -0.12158380 -0.17535447 -0.08948017
v -0.11389939 -0.19318528 -0.10064856
v -0.15000208 -0.06559455 -0.00915237
v -0.14697583 -0.04840554 -0.01145165
v -0.16815867 -0.22900514 -0.06931220
v -0.04407772 -0.32243320 -0.11381853
v -0.10305916 -0.22159883 -0.11501347
v -0.11922780 -0.20969483 -0.10383181
v -0.09744422 -0.24065545 -0.12198289
v -0.14296611 -0.21478762 -0.08980554
v -0.12866159 -0.22716002 -0.10384826
v -0.14692409 -0.23817433 -0.09297950
v -0.14886285 -0.19701274 -0.07948177
v -0.16067591 -0.19769633 -0.06797829
v -0.15612614 -0.21538252 -0.07849371
v -0.13410479 -0.19533274 -0.09010290
v -0.14169334 -0.18482743 -0.08067366
v -0.09313802 -0.20452325 -0.11259539
v -0.06837057 -0.21029128 -0.12007270
v -0.12070956 -0.15848570 -0.08325519
v -0.10271123 -0.14961591 -0.08917308
v -0.16203436 0.09438433 0.04429639
v 0.16213873 0.08604863 0.06692158
v 0.16661909 0.09628922 0.03694522
v 0.15226980 0.11510468 0.07862056
v 0.04521535 0.06473707 0.16245370
v 0.11689670 0.09226944 0.14106664
v 0.07283990 0.20964278 -0.09727096
v 0.15054728 0.10043972 -0.07403270
v 0.16619280 0.07905924 -0.00066498
v 0.16673630 0.08925010 0.00609043
v 0.14052349 0.11300899 -0.08706106
v 0.16385262 0.06118558 -0.00486221
v -0.07637830 0.25509727 -0.06752926
v -0.16367118 0.07734893 -0.04350233
v -0.15737632 0.03974669 -0.03224362
v -0.16256309 0.09164795 -0.05837132
v -0.16790158 0.07696481 -0.01702788
v -0.17069705 0.08970547 -0.01296679
v -0.16765551 0.08802364 0.01221938
v -0.15780024 0.08614260 -0.06300528
v -0.11614466 0.06919143 -0.09699829
v -0.22794846 -0.44016382 0.03801265
v -0.16339016 -0.51383203 0.21205837
v -0.10561267 0.25417757 -0.00262106
v -0.10765615 -0.51762289 0.21515192
v -0.18920416 -0.43527669 0.17560035
v -0.05540600 -0.45933470 0.17643422
v -0.04476726 -0.48450235 0.19359684
v 0.00952362 -0.40870330 0.14981702
v -0.20339781 -0.23888758 0.05086279
v -0.10178557 -0.01964336 0.11559373
v -0.21129005 -0.36140111 0.09017183
v -0.07993391 -0.18488635 0.15708984
v -0.08854124 -0.10510612 0.14254065
v -0.16721444 -0.27213067 0.12330899
v -0.19084126 -0.33991700 0.14242372
v -0.13923201 -0.12670104 0.10490897
v -0.15847574 -0.18492401 0.10007137
v -0.19780269 -0.36397913 0.14004655
v -0.07522070 -0.27277145 0.13835412
v 0.07915492 -0.52481312 0.23337618
v 0.21393745 -0.43224588 0.16001609
v 0.04888165 -0.42080337 0.16505131
v 0.02251453 -0.20712088 0.17855218
v 0.22497529 -0.40447330 0.11875021
v 0.08183906 -0.17280397 0.15935166
v 0.21604474 -0.39502099 0.14079432
v 0.20253128 -0.30541512 0.09671393
v 0.05594662 0.17855345 -0.10302856
v 0.10832079 0.12271269 -0.10812758
v -0.01118830 0.15734199 -0.12636939
v 0.13104889 0.00090427 -0.04840116
v 0.03767773 0.15470903 -0.12223997
v 0.19361989 -0.25339466 0.01803047
v 0.02105895 -0.43139783 -0.11168911
v 0.08755025 -0.52044743 -0.15785119
v 0.09824526 -0.53291804 -0.16424260
v 0.04723724 -0.43395916 -0.11172811
v -0.00844534 -0.20241536 -0.12184147
v 0.16519108 -0.11747332 -0.00599137
v 0.15551758 -0.06448179 0.02033503
v 0.07924309 -0.27748963 -0.13071094
v 0.20904458 -0.45865342 -0.08881288
v 0.12788068 -0.44443715 -0.12257814
v 0.17879356 -0.41372865 -0.11259654
v 0.04154320 -0.30547825 -0.12240414
v 0.11882416 -0.12148993 -0.07215490
v 0.10922451 -0.14420950 -0.08483802
v 0.08112134 -0.15250768 -0.09711327
v 0.10239560 -0.30628693 -0.12547575
v 0.12103955 -0.31511962 -0.11477624
v 0.09099881 -0.25950873 -0.12593508
v 0.10928593 -0.25685769 -0.11852665
v 0.20012046 -0.29729435 -0.02537968
v -0.20122351 -0.27397811 0.01697790
v -0.11315784 0.10454678 -0.10675136
v -0.22786963 -0.53139734 0.01435274
v -0.03013700 0.15026738 -0.11968011
v -0.11461341 -0.51947576 -0.15181343
v -0.13476920 -0.54030281 -0.15959057
v -0.19165149 -0.20370471 -0.00949423
v -0.18498462 -0.17992511 -0.01195532
v -0.16610804 -0.44463733 -0.12447616
v -0.19245321 -0.33962324 -0.07398061
v -0.19208981 -0.41118518 -0.09230407
v -0.21031700 -0.43237150 -0.04662164
v -0.22806770 -0.42746150 -0.01044002
v -0.08054762 -0.50082821 -0.15421775
v -0.10330348 -0.27883804 -0.12611441
v -0.11734993 -0.24133933 -0.11384214
v -0.21692029 -0.53677738 0.10995628
v -0.03143300 -0.33000460 0.16341798
v -0.09389648 -0.46583942 0.18889977
v -0.04000399 -0.41336969 0.16021346
v -0.12834111 -0.05104546 0.09029142
v -0.13656154 0.01585714 0.08452473
v -0.13064352 -0.07390843 0.09690041
v -0.21617714 -0.48331517 0.10893980
v -0.09705749 -0.11528780 0.13908765
v -0.12609777 0.05716024 0.13628511
v -0.19466519 -0.27394283 0.09623193
v -0.05709377 -0.27637780 0.14120218
v 0.02799426 -0.53110522 0.24765506
v 0.19641142 -0.52433622 0.19892076
v 0.22636563 -0.43198150 0.04205428
v 0.08906688 -0.39758864 0.16760248
v 0.22774509 -0.44520563 0.13186520
v 0.02472219 -0.28084749 0.16460112
v 0.15646707 -0.39762273 0.17273994
v 0.03590423 0.12718469 -0.12445597
v 0.02054883 0.16929826 -0.11705352
v 0.05063284 -0.09251907 -0.08763754
v 0.19891630 -0.50436366 -0.10765652
v 0.14969771 -0.51909119 -0.15136111
v 0.06032698 -0.10992801 -0.08857173
v 0.21626031 -0.43386653 -0.06216362
v 0.18912192 -0.30081511 -0.05287466
v 0.19508731 -0.36687014 -0.08032095
v 0.18129148 -0.37900931 -0.08493143
v 0.19632667 -0.31570068 -0.04609019
v 0.12447081 -0.23074433 -0.10716041
v 0.11595298 -0.23568615 -0.11282589
v -0.16804691 0.07869695 0.00092288
v -0.16437507 0.05672092 0.02796988
v -0.21956784 -0.38775688 -0.02080123
v -0.06261794 0.08012509 -0.11441206
v -0.20793250 -0.33850935 0.01870801
v -0.22701323 -0.40613320 -0.00332984
v -0.22212227 -0.40616116 -0.02124972
v -0.06097054 -0.39092696 -0.09885876
v -0.15598996 -0.23279768 -0.08335131
v -0.02414436 -0.31133366 -0.11522032
v -0.05445985 -0.33573243 -0.10748013
v -0.19085459 -0.29983562 -0.05361568
v -0.17373244 -0.48530388 -0.12713766
v -0.08209831 -0.42041168 -0.11017097
v -0.19168411 -0.42203581 -0.10222745
v -0.03824981 -0.30181989 -0.12275565
v -0.06685561 -0.27971053 -0.13053574
v 0.08492298 -0.31791702 -0.13221698
f 26 27 142
f 29 105 28
f 142 27 28
f 142 25 26
f 38 39 129
f 164 134 163
f 135 164 23
f 126 35 36
f 44 45 116
f 191 21 22
f 36 37 125
f 19 238 239
f 210 211 255
f 40 120 39
f 30 2372 105
f 19 239 18
f 2372 113 106
f 105 29 30
f 111 104 154
f 353 18 239
f 34 35 122
f 589 91 586
f 81 82 83
f 585 587 112
f 288 192 286
f 75 103 199
f 294 269 17
f 93 94 204
f 10 533 229
f 277 11 12
f 587 145 112
f 15 267 14
f 49 169 736
f 87 118 2305
f 5 231 4
f 81 83 111
f 189 2 2405
f 1862 163 22
f 31 32 113
f 189 188 2
f 231 284 4
f 150 166 105
f 96 160 95
f 206 209 208
f 172 91 92
f 123 118 88
f 109 44 116
f 2305 108 86
f 111 154 114
f 84 104 83
f 79 80 114
f 117 174 113
f 584 127 588
f 75 76 103
f 91 172 586
f 235 161 190
f 155 120 40
f 125 37 38
f 582 128 153
f 118 123 124
f 43 44 109
f 124 123 127
f 121 109 128
f 123 89 127
f 45 46 110
f 58 220 219
f 110 100 116
f 46 139 110
f 177 178 99
f 151 33 34
f 585 78 583
f 47 101 46
f 117 33 151
f 196 50 51
f 33 117 32
f 242 55 300
f 119 155 41
f 42 121 119
f 221 218 220
f 122 175 151
f 53 194 240
f 110 116 45
f 240 2310 816
f 114 584 583
f 127 89 90
f 86 108 85
f 139 46 101
f 41 42 119
f 118 124 154
f 74 75 198
f 199 750 198
f 112 77 78
f 79 583 78
f 108 104 84
f 109 121 43
f 104 111 83
f 2305 86 87
f 118 87 88
f 81 111 80
f 117 113 32
f 123 88 89
f 108 84 85
f 114 583 79
f 119 121 128
f 126 122 35
f 588 586 587
f 66 67 230
f 121 42 43
f 114 154 124
f 30 31 2372
f 104 108 2305
f 118 154 2305
f 750 140 73
f 100 177 181
f 71 252 70
f 111 114 80
f 461 136 352
f 280 230 278
f 223 852 270
f 125 126 36
f 155 40 41
f 175 122 126
f 129 125 38
f 405 183 404
f 130 129 120
f 115 130 405
f 120 2306 130
f 115 212 2304
f 322 318 319
f 227 532 410
f 230 342 65
f 161 189 190
f 135 165 164
f 245 52 921
f 698 169 48
f 100 110 139
f 100 139 138
f 138 139 48
f 148 143 145
f 171 72 73
f 147 246 102
f 205 92 93
f 148 144 143
f 166 142 105
f 135 25 142
f 23 24 135
f 145 143 77
f 145 149 148
f 144 103 143
f 143 76 77
f 103 102 199
f 112 145 77
f 144 147 102
f 146 173 304
f 149 145 587
f 149 146 148
f 586 149 587
f 144 148 304
f 166 150 97
f 237 150 106
f 113 2372 31
f 460 2307 107
f 151 175 176
f 151 34 122
f 109 152 128
f 128 152 153
f 109 116 181
f 153 152 99
f 99 152 177
f 152 109 181
f 99 178 2309
f 589 127 90
f 2306 120 155
f 419 411 420
f 270 271 328
f 363 496 534
f 282 395 446
f 345 235 285
f 208 141 206
f 188 233 160
f 21 191 2303
f 164 163 1862
f 163 134 192
f 23 164 1862
f 166 165 135
f 346 165 97
f 134 164 165
f 165 166 97
f 142 166 135
f 350 238 351
f 416 415 411
f 261 215 216
f 215 261 2308
f 298 299 2373
f 301 433 2373
f 214 179 2309
f 2309 178 213
f 137 177 138
f 48 169 138
f 72 71 864
f 253 201 251
f 203 95 483
f 172 92 205
f 146 205 173
f 172 205 146
f 205 204 173
f 249 173 206
f 106 113 174
f 150 2372 106
f 151 174 117
f 176 254 174
f 175 210 176
f 311 310 210
f 169 137 138
f 178 177 137
f 256 261 216
f 178 137 213
f 2309 179 180
f 214 2309 213
f 49 213 137
f 185 2374 182
f 183 582 184
f 152 181 177
f 180 184 153
f 582 153 184
f 115 405 457
f 184 180 185
f 182 183 184
f 2308 261 314
f 184 185 182
f 314 2374 185
f 318 320 277
f 353 239 293
f 411 415 431
f 370 273 334
f 7 8 228
f 282 446 2377
f 435 591 434
f 533 11 277
f 278 67 68
f 281 342 230
f 308 307 302
f 342 281 374
f 133 233 235
f 483 95 160
f 1 2 2282
f 188 161 233
f 483 484 450
f 209 204 203
f 190 189 234
f 188 189 161
f 284 190 234
f 193 162 236
f 163 191 22
f 346 237 2379
f 238 20 351
f 293 239 350
f 265 57 218
f 197 51 52
f 921 2310 245
f 197 52 168
f 168 52 245
f 196 213 50
f 199 198 75
f 144 102 103
f 140 199 102
f 249 304 173
f 403 356 306
f 70 305 69
f 140 171 73
f 202 72 171
f 171 247 251
f 252 202 201
f 203 204 94
f 95 203 94
f 173 204 206
f 205 93 204
f 208 209 207
f 483 160 484
f 307 309 302
f 204 209 206
f 483 209 203
f 349 254 310
f 286 192 134
f 254 176 310
f 151 176 174
f 211 126 212
f 255 107 311
f 211 175 126
f 211 312 255
f 357 212 115
f 125 2304 126
f 312 211 212
f 50 213 49
f 214 213 196
f 214 196 215
f 215 197 168
f 297 259 258
f 258 259 257
f 216 215 168
f 217 168 245
f 217 194 258
f 257 464 256
f 168 217 2375
f 185 180 179
f 153 99 180
f 2309 180 99
f 100 138 177
f 116 100 181
f 185 179 2308
f 262 58 59
f 263 59 60
f 243 355 242
f 262 220 58
f 262 361 468
f 57 219 218
f 218 219 220
f 508 517 506
f 266 355 243
f 409 221 220
f 368 15 16
f 186 2311 267
f 271 955 62
f 273 62 63
f 329 272 328
f 224 333 61
f 263 361 262
f 592 226 6
f 592 6 225
f 7 225 6
f 226 337 283
f 282 231 232
f 6 226 274
f 228 8 187
f 187 8 227
f 187 276 228
f 228 225 7
f 229 9 1885
f 227 8 9
f 10 11 533
f 227 229 532
f 9 229 227
f 230 67 278
f 279 68 69
f 281 280 159
f 369 335 342
f 232 231 5
f 454 399 480
f 160 96 188
f 235 233 161
f 484 233 133
f 189 3 234
f 285 190 284
f 235 190 285
f 193 236 20
f 191 192 193
f 163 192 191
f 150 237 97
f 237 106 348
f 239 238 350
f 236 351 20
f 293 350 167
f 294 18 353
f 326 269 325
f 245 240 217
f 295 53 241
f 299 54 55
f 241 195 295
f 241 54 299
f 299 242 2373
f 57 265 56
f 221 244 266
f 196 51 197
f 240 245 2310
f 304 250 147
f 246 200 247
f 102 246 140
f 170 247 200
f 171 251 202
f 140 247 171
f 246 247 140
f 200 248 170
f 200 246 147
f 309 141 208
f 248 200 250
f 304 147 144
f 250 249 141
f 247 170 251
f 253 251 170
f 141 249 206
f 202 252 71
f 356 252 201
f 356 305 252
f 338 339 279
f 201 202 251
f 254 106 174
f 106 254 348
f 211 210 175
f 257 256 2375
f 2375 256 216
f 464 260 256
f 258 257 2375
f 464 257 359
f 297 258 194
f 260 98 314
f 179 214 2308
f 263 262 59
f 264 263 60
f 361 263 264
f 60 333 264
f 315 361 264
f 316 361 317
f 266 265 218
f 300 56 243
f 221 266 218
f 266 244 355
f 13 14 2311
f 319 186 323
f 368 267 15
f 268 222 16
f 268 17 269
f 16 222 368
f 222 268 269
f 271 270 955
f 223 270 328
f 273 271 62
f 330 332 377
f 329 328 271
f 329 331 272
f 334 63 64
f 64 65 335
f 369 336 370
f 275 226 283
f 226 275 274
f 5 275 232
f 337 226 592
f 276 434 228
f 227 410 187
f 499 187 410
f 410 470 499
f 568 131 2380
f 187 499 276
f 435 434 2318
f 277 531 533
f 279 278 68
f 305 279 69
f 338 279 305
f 339 280 278
f 371 340 159
f 230 65 66
f 335 65 342
f 373 281 159
f 281 373 374
f 283 282 232
f 283 343 282
f 231 282 2377
f 283 232 275
f 392 395 343
f 4 284 234
f 284 2377 285
f 446 344 399
f 134 165 346
f 346 97 237
f 134 346 286
f 288 347 287
f 347 286 2379
f 288 287 292
f 351 290 289
f 162 292 290
f 292 162 288
f 192 288 162
f 292 291 290
f 291 352 289
f 291 289 290
f 167 289 352
f 417 293 2313
f 269 294 325
f 194 53 295
f 298 296 195
f 354 474 512
f 297 194 295
f 298 433 296
f 299 298 195
f 242 299 55
f 265 243 56
f 242 300 243
f 425 354 296
f 309 208 303
f 450 485 453
f 208 207 303
f 250 141 248
f 250 304 249
f 252 305 70
f 201 253 306
f 308 403 306
f 307 306 253
f 306 307 308
f 302 309 303
f 447 302 303
f 403 308 481
f 248 309 307
f 309 248 141
f 170 248 307
f 310 176 210
f 311 107 578
f 310 311 563
f 255 311 210
f 512 259 354
f 256 260 261
f 2308 314 185
f 260 314 261
f 315 391 317
f 264 333 360
f 361 315 317
f 318 277 12
f 318 322 320
f 12 13 318
f 2311 318 13
f 267 2311 14
f 318 2311 319
f 366 545 323
f 502 321 364
f 321 320 322
f 364 321 322
f 321 157 365
f 323 322 319
f 324 323 186
f 186 267 367
f 2313 412 417
f 269 326 222
f 411 327 326
f 590 328 272
f 273 329 271
f 330 329 273
f 330 370 332
f 377 375 376
f 378 379 331
f 330 331 329
f 377 332 375
f 360 224 593
f 333 224 360
f 335 334 64
f 374 398 336
f 273 370 330
f 338 305 356
f 339 338 371
f 278 279 339
f 230 280 281
f 481 372 403
f 302 482 308
f 341 397 398
f 282 343 395
f 340 441 439
f 284 231 2377
f 401 2377 446
f 441 442 455
f 456 451 345
f 286 346 2379
f 402 348 349
f 348 254 349
f 563 349 310
f 289 167 350
f 290 351 236
f 350 351 289
f 519 520 575
f 414 352 136
f 414 167 352
f 353 293 417
f 294 353 325
f 195 297 295
f 297 296 354
f 242 355 2373
f 266 243 265
f 503 355 244
f 2373 355 301
f 306 356 201
f 338 356 403
f 400 449 447
f 481 442 372
f 357 312 212
f 98 260 462
f 255 312 406
f 466 464 465
f 465 359 530
f 259 359 257
f 360 388 315
f 264 360 315
f 316 409 468
f 384 385 382
f 388 391 315
f 323 364 322
f 366 430 545
f 368 367 267
f 327 368 222
f 367 324 186
f 367 327 419
f 368 327 367
f 326 327 222
f 424 418 2316
f 334 335 369
f 369 370 334
f 332 370 336
f 371 159 280
f 439 159 340
f 339 371 280
f 403 372 371
f 340 371 372
f 439 373 159
f 374 373 341
f 398 374 341
f 342 374 369
f 373 439 341
f 375 445 376
f 336 375 332
f 478 568 386
f 379 380 158
f 331 377 378
f 379 378 380
f 388 360 593
f 590 272 158
f 379 272 331
f 382 158 384
f 384 158 380
f 388 387 391
f 380 381 384
f 542 499 470
f 387 385 2314
f 394 393 438
f 593 158 382
f 378 383 2315
f 438 376 445
f 477 492 436
f 382 385 387
f 131 568 541
f 568 2380 386
f 437 386 383
f 2315 383 386
f 378 377 383
f 377 376 383
f 2380 2315 386
f 378 2315 380
f 2314 385 436
f 382 387 388
f 436 385 477
f 2314 391 387
f 317 391 390
f 2376 479 392
f 395 2312 344
f 2376 392 343
f 337 2376 283
f 394 445 396
f 393 437 438
f 2312 392 394
f 393 394 392
f 396 2312 394
f 344 2312 132
f 446 395 344
f 132 2312 396
f 398 396 445
f 396 398 397
f 443 444 132
f 447 303 448
f 345 285 401
f 2381 453 451
f 448 450 453
f 235 345 133
f 133 345 451
f 286 347 288
f 402 347 2379
f 348 2379 237
f 359 259 512
f 354 259 297
f 549 508 507
f 338 403 371
f 2306 405 130
f 358 407 457
f 182 404 183
f 183 405 2306
f 457 405 404
f 406 107 255
f 107 406 460
f 312 407 406
f 407 358 489
f 357 407 312
f 313 467 528
f 2374 490 488
f 464 359 465
f 363 534 156
f 363 156 316
f 537 409 156
f 468 409 220
f 156 409 316
f 321 365 320
f 320 365 531
f 531 277 320
f 470 410 469
f 323 324 366
f 167 414 2313
f 2313 414 413
f 412 2313 413
f 428 412 413
f 416 412 415
f 416 411 326
f 415 412 428
f 325 416 326
f 419 420 2382
f 411 419 327
f 367 419 324
f 420 424 421
f 427 426 431
f 433 301 504
f 476 2320 518
f 432 429 426
f 546 418 509
f 421 430 366
f 425 422 474
f 431 415 427
f 476 413 414
f 415 428 427
f 555 557 516
f 430 421 2316
f 548 473 430
f 565 538 566
f 355 503 301
f 507 506 505
f 513 474 517
f 518 413 476
f 426 418 424
f 510 554 509
f 431 426 424
f 558 432 423
f 429 418 426
f 433 425 296
f 425 433 511
f 374 336 369
f 375 336 398
f 479 478 437
f 479 437 393
f 2318 434 276
f 568 435 541
f 478 435 568
f 436 492 493
f 2314 436 389
f 438 437 383
f 376 438 383
f 394 438 445
f 443 439 441
f 442 441 340
f 456 399 454
f 340 372 442
f 441 440 443
f 308 482 481
f 455 442 486
f 443 440 444
f 440 452 454
f 132 397 443
f 341 443 397
f 454 444 440
f 132 444 480
f 398 445 375
f 401 446 399
f 448 303 207
f 400 486 449
f 448 207 450
f 400 447 448
f 447 449 482
f 450 207 483
f 450 484 485
f 452 2381 456
f 133 451 485
f 456 454 452
f 453 400 448
f 455 452 440
f 2381 452 486
f 485 451 453
f 400 453 2381
f 454 480 444
f 441 455 440
f 486 442 449
f 345 401 456
f 457 357 115
f 357 457 407
f 488 457 404
f 182 488 404
f 523 458 313
f 526 291 487
f 573 461 526
f 459 579 2307
f 581 576 577
f 291 461 352
f 98 408 490
f 462 260 464
f 408 98 462
f 408 463 490
f 457 488 358
f 458 489 313
f 408 466 467
f 462 464 466
f 466 465 529
f 462 466 408
f 408 467 463
f 262 468 220
f 316 468 361
f 469 365 2319
f 472 470 2319
f 531 365 469
f 469 2319 470
f 276 499 2318
f 477 131 498
f 472 542 470
f 471 492 498
f 544 493 494
f 472 471 542
f 501 430 473
f 502 545 501
f 156 534 536
f 474 422 517
f 524 528 525
f 425 474 354
f 461 573 559
f 136 476 414
f 559 2320 476
f 131 477 381
f 437 478 386
f 392 479 393
f 478 591 435
f 443 341 439
f 399 344 480
f 132 480 344
f 449 442 481
f 447 482 302
f 481 482 449
f 209 483 207
f 233 484 160
f 484 133 485
f 2381 486 400
f 455 486 452
f 2374 488 182
f 490 2374 98
f 292 487 291
f 347 402 562
f 287 487 292
f 576 526 487
f 358 488 490
f 467 313 463
f 523 528 524
f 406 407 489
f 463 489 358
f 490 463 358
f 529 465 491
f 530 512 513
f 557 525 529
f 469 532 531
f 531 532 533
f 498 492 477
f 492 471 494
f 472 495 494
f 493 492 494
f 472 494 471
f 495 157 543
f 493 362 389
f 497 389 362
f 389 436 493
f 362 564 496
f 389 497 390
f 496 363 497
f 363 390 497
f 542 498 541
f 541 2318 542
f 501 545 430
f 502 501 500
f 569 538 565
f 544 494 495
f 500 543 502
f 321 502 157
f 364 323 545
f 503 567 504
f 244 221 2383
f 505 504 567
f 433 504 511
f 503 504 301
f 507 508 506
f 422 425 511
f 505 506 511
f 549 510 508
f 549 507 550
f 418 429 509
f 515 594 522
f 522 429 558
f 511 504 505
f 511 506 422
f 359 512 530
f 513 512 474
f 514 513 475
f 513 516 530
f 514 515 571
f 555 516 514
f 594 510 522
f 491 530 516
f 514 516 513
f 513 517 475
f 506 517 422
f 517 508 475
f 2317 427 518
f 574 573 580
f 427 428 518
f 413 518 428
f 520 2317 2320
f 518 2320 2317
f 570 556 572
f 520 423 2317
f 520 519 423
f 519 521 423
f 429 432 558
f 571 555 514
f 521 558 423
f 558 515 522
f 556 521 519
f 521 571 558
f 559 574 2320
f 523 459 460
f 524 560 561
f 458 523 460
f 313 528 523
f 570 557 555
f 525 570 560
f 291 526 461
f 581 526 576
f 402 349 527
f 578 577 527
f 529 528 467
f 525 528 529
f 529 467 466
f 529 491 557
f 465 530 491
f 410 532 469
f 229 533 532
f 535 496 564
f 534 496 535
f 552 553 547
f 540 507 505
f 535 551 534
f 362 493 539
f 535 564 565
f 552 547 554
f 2321 536 551
f 534 551 536
f 409 537 221
f 536 2321 537
f 156 536 537
f 2321 2383 537
f 501 538 500
f 473 538 501
f 566 553 565
f 540 505 567
f 544 539 493
f 566 538 473
f 541 498 131
f 471 498 542
f 502 543 157
f 569 543 500
f 500 538 569
f 364 545 502
f 547 566 473
f 418 546 548
f 547 548 546
f 550 507 540
f 510 549 554
f 549 550 552
f 553 551 535
f 565 553 535
f 551 552 550
f 547 553 566
f 552 551 553
f 546 554 547
f 552 554 549
f 546 509 554
f 509 429 522
f 509 522 510
f 555 571 556
f 570 572 560
f 521 556 571
f 556 519 572
f 516 557 491
f 515 558 571
f 561 560 572
f 524 525 560
f 575 561 572
f 523 524 459
f 562 287 347
f 487 562 576
f 287 562 487
f 527 562 402
f 577 562 527
f 577 579 581
f 362 496 497
f 539 564 362
f 539 565 564
f 565 539 569
f 244 567 503
f 2383 567 244
f 537 2383 221
f 2321 540 2383
f 550 540 2321
f 2318 541 435
f 544 495 543
f 544 569 539
f 543 569 544
f 548 547 473
f 557 570 525
f 556 570 555
f 519 575 572
f 581 580 573
f 580 575 574
f 520 574 575
f 559 573 574
f 559 136 461
f 476 136 559
f 580 561 575
f 577 576 562
f 527 563 578
f 578 563 311
f 580 579 459
f 526 581 573
f 577 578 579
f 561 580 459
f 580 581 579
f 582 2306 119
f 585 112 78
f 124 584 114
f 127 584 124
f 583 584 585
f 149 586 172
f 588 587 585
f 584 588 585
f 589 588 127
f 91 589 90
f 588 589 586
f 593 590 158
f 328 590 223
f 225 434 591
f 592 591 2378
f 434 225 228
f 388 593 382
f 594 475 508
f 514 475 515
f 475 594 515
f 510 594 508
f 688 632 631
f 722 623 622
f 49 812 50
f 625 727 728
f 682 689 687
f 1109 669 699
f 240 816 53
f 786 785 772
f 638 2384 101
f 722 683 623
f 637 636 671
f 60 59 2325
f 686 628 2385
f 682 631 630
f 687 677 682
f 684 2385 627
f 736 169 698
f 674 649 648
f 2389 888 57
f 727 624 683
f 2325 59 887
f 59 58 887
f 56 2389 57
f 724 664 787
f 637 2384 638
f 874 878 731
f 744 641 640
f 61 850 852
f 726 727 683
f 62 955 849
f 685 671 636
f 673 667 699
f 676 663 645
f 68 67 855
f 672 700 673
f 1097 738 739
f 667 702 705
f 714 620 619
f 803 909 910
f 644 669 676
f 639 74 661
f 751 749 750
f 674 668 729
f 74 198 661
f 704 654 703
f 639 661 711
f 671 685 660
f 683 752 726
f 730 762 2385
f 642 673 643
f 629 686 689
f 681 680 633
f 668 647 663
f 674 647 668
f 645 663 646
f 644 676 645
f 795 688 677
f 676 729 668
f 730 2385 684
f 708 662 709
f 699 669 643
f 626 625 728
f 1109 1108 675
f 686 629 628
f 684 627 626
f 682 688 631
f 681 688 795
f 624 727 625
f 621 679 723
f 624 623 683
f 607 885 608
f 621 723 622
f 682 677 688
f 716 679 714
f 762 760 687
f 714 618 617
f 715 714 617
f 681 632 688
f 628 627 2385
f 714 619 618
f 682 630 689
f 757 835 795
f 729 676 669
f 723 679 716
f 677 760 757
f 674 729 675
f 620 679 621
f 728 684 626
f 701 702 700
f 658 809 659
f 673 642 672
f 47 638 101
f 733 891 954
f 806 808 805
f 637 671 2384
f 811 809 2283
f 707 655 704
f 632 681 633
f 660 697 671
f 672 642 641
f 674 675 650
f 652 1108 705
f 674 650 649
f 648 647 674
f 714 679 620
f 675 651 650
f 687 689 686
f 705 702 653
f 1091 1041 989
f 676 668 663
f 717 725 724
f 943 873 872
f 633 680 634
f 805 597 596
f 1108 651 675
f 878 925 930
f 744 745 708
f 598 960 952
f 960 987 800
f 644 643 669
f 891 845 847
f 685 636 635
f 665 837 743
f 629 689 630
f 635 634 680
f 911 804 909
f 737 657 656
f 72 815 73
f 1109 699 667
f 817 2386 1048
f 773 1105 774
f 660 693 698
f 697 660 698
f 698 693 736
f 139 101 48
f 2384 671 697
f 48 697 698
f 729 669 1109
f 667 705 1109
f 700 666 701
f 667 700 702
f 673 700 667
f 666 700 672
f 709 706 701
f 704 655 654
f 701 666 709
f 703 702 701
f 653 702 703
f 703 701 704
f 653 703 654
f 706 704 701
f 704 706 707
f 652 705 653
f 706 709 662
f 656 655 707
f 748 858 747
f 707 706 713
f 745 744 640
f 662 713 706
f 712 813 710
f 863 859 861
f 744 666 672
f 709 666 708
f 711 640 639
f 749 711 661
f 708 747 662
f 198 750 661
f 751 750 73
f 694 746 749
f 1092 735 1093
f 858 713 662
f 738 713 712
f 715 617 616
f 716 714 715
f 615 715 616
f 720 725 717
f 719 723 718
f 752 670 726
f 719 718 717
f 720 718 753
f 719 717 670
f 717 724 670
f 787 781 724
f 721 715 615
f 755 740 754
f 723 722 622
f 722 719 752
f 723 716 718
f 722 723 719
f 696 725 720
f 664 724 725
f 718 720 717
f 754 696 720
f 727 726 678
f 728 727 678
f 675 729 1109
f 681 834 680
f 680 834 665
f 684 728 869
f 840 605 838
f 1011 1010 973
f 55 890 300
f 601 847 602
f 854 805 808
f 1068 989 1090
f 804 64 63
f 1068 1065 1066
f 857 793 833
f 736 693 867
f 712 739 738
f 809 658 2285
f 738 707 713
f 739 712 710
f 707 738 737
f 739 710 997
f 739 997 1094
f 202 71 72
f 70 865 71
f 922 816 2310
f 695 968 923
f 610 609 819
f 880 886 606
f 753 716 715
f 743 742 660
f 693 660 742
f 743 660 685
f 867 693 823
f 665 743 2322
f 742 743 826
f 666 744 708
f 641 744 672
f 745 640 711
f 746 745 711
f 708 745 747
f 749 746 711
f 747 746 748
f 745 746 747
f 748 746 694
f 859 813 748
f 748 813 858
f 749 751 694
f 859 748 694
f 661 750 749
f 815 751 73
f 820 751 815
f 722 752 683
f 670 752 719
f 716 753 718
f 721 753 715
f 615 614 755
f 755 721 615
f 755 754 721
f 613 755 614
f 1047 740 817
f 696 754 740
f 728 678 869
f 757 795 677
f 756 761 760
f 766 759 761
f 759 757 761
f 765 768 758
f 836 757 759
f 769 770 772
f 776 758 769
f 759 765 758
f 769 758 768
f 776 836 758
f 677 687 760
f 762 687 686
f 760 761 757
f 763 821 756
f 756 760 762
f 730 763 762
f 756 762 763
f 822 764 767
f 767 766 822
f 783 765 766
f 759 766 765
f 783 766 767
f 774 768 783
f 774 1105 771
f 770 769 768
f 771 784 770
f 776 775 777
f 771 768 774
f 770 784 779
f 782 767 764
f 771 1107 784
f 770 768 771
f 785 769 772
f 825 775 790
f 777 825 824
f 785 790 775
f 777 775 825
f 782 773 767
f 773 774 783
f 775 776 769
f 793 857 790
f 824 825 823
f 776 777 871
f 837 665 796
f 779 792 786
f 779 2387 830
f 764 822 916
f 787 788 781
f 782 866 780
f 670 724 791
f 764 916 866
f 724 781 791
f 773 783 767
f 779 784 2387
f 785 775 769
f 1004 725 696
f 791 781 789
f 772 779 786
f 794 790 785
f 829 792 870
f 785 786 794
f 790 794 793
f 867 823 857
f 1049 2388 664
f 730 868 763
f 791 726 670
f 790 857 825
f 917 789 781
f 726 791 678
f 786 2324 794
f 792 830 870
f 830 831 870
f 52 51 832
f 794 2324 828
f 833 51 50
f 871 835 836
f 796 665 834
f 778 837 796
f 835 796 834
f 796 871 778
f 841 840 797
f 901 733 976
f 1111 877 884
f 932 887 888
f 941 829 870
f 901 845 891
f 848 847 903
f 270 983 955
f 61 333 850
f 962 800 987
f 990 803 910
f 856 802 855
f 805 807 806
f 807 2283 806
f 801 988 1066
f 853 854 801
f 807 805 596
f 596 1284 807
f 811 807 1284
f 810 2285 658
f 2283 809 735
f 1094 1097 739
f 809 2285 735
f 1071 2283 735
f 811 2283 807
f 1284 595 2284
f 811 1284 2284
f 657 810 658
f 809 811 659
f 857 833 812
f 736 812 49
f 707 737 656
f 737 1097 810
f 657 737 810
f 712 858 813
f 710 813 863
f 863 860 996
f 815 72 864
f 865 908 991
f 861 859 820
f 817 740 613
f 755 613 740
f 1489 612 2386
f 1003 1047 1048
f 819 966 1002
f 914 1002 966
f 912 609 608
f 915 819 1002
f 763 868 920
f 822 756 821
f 822 821 916
f 778 777 824
f 826 778 824
f 824 742 826
f 824 823 742
f 823 825 857
f 868 869 827
f 917 827 789
f 921 832 828
f 922 828 2324
f 792 829 2324
f 779 830 792
f 830 695 831
f 832 51 833
f 833 793 832
f 828 832 793
f 794 828 793
f 52 832 921
f 795 834 681
f 795 835 834
f 757 836 835
f 836 759 758
f 777 778 871
f 837 778 826
f 743 837 826
f 797 840 838
f 872 605 1443
f 1110 885 886
f 873 874 838
f 872 838 605
f 876 841 797
f 877 876 924
f 839 841 876
f 892 604 846
f 872 873 838
f 888 58 219
f 889 56 300
f 889 974 971
f 241 940 54
f 603 844 900
f 602 845 844
f 604 892 893
f 900 844 845
f 604 603 846
f 903 601 600
f 905 600 599
f 891 847 848
f 847 845 602
f 903 847 601
f 848 903 953
f 983 956 955
f 1130 849 1131
f 851 852 850
f 906 907 850
f 1112 984 851
f 852 851 983
f 853 801 987
f 854 853 597
f 855 802 2286
f 856 67 66
f 860 993 995
f 65 64 911
f 856 66 803
f 803 66 911
f 66 65 911
f 804 63 1130
f 812 833 50
f 857 812 867
f 713 858 712
f 747 858 662
f 820 859 694
f 861 862 992
f 862 864 865
f 862 861 820
f 863 861 860
f 815 862 820
f 862 865 992
f 860 995 996
f 859 863 813
f 997 710 996
f 1095 1094 814
f 865 864 71
f 815 864 862
f 908 70 69
f 992 865 991
f 915 612 611
f 2386 612 818
f 912 819 609
f 915 610 819
f 885 912 608
f 912 1114 966
f 818 612 915
f 917 918 920
f 780 2323 1132
f 764 866 782
f 780 866 2323
f 919 2323 866
f 736 867 812
f 742 823 693
f 869 868 730
f 868 827 920
f 869 730 684
f 827 678 789
f 869 678 827
f 835 871 796
f 776 871 836
f 943 894 873
f 894 943 896
f 874 873 875
f 838 874 797
f 874 731 924
f 875 873 894
f 924 731 877
f 797 874 924
f 874 875 878
f 884 970 1055
f 883 881 882
f 924 876 797
f 882 876 877
f 926 945 929
f 879 875 894
f 877 731 884
f 878 875 879
f 970 878 930
f 895 899 894
f 925 879 926
f 899 879 894
f 881 880 839
f 885 607 886
f 839 880 841
f 882 881 839
f 1110 881 883
f 882 839 876
f 883 1111 2329
f 1111 883 882
f 1161 1159 1172
f 884 1055 1111
f 607 606 886
f 881 886 880
f 888 887 58
f 798 887 932
f 2325 887 798
f 889 2389 56
f 890 889 300
f 937 55 54
f 241 53 940
f 937 54 843
f 829 816 922
f 843 54 940
f 891 733 901
f 897 900 901
f 929 925 926
f 895 894 896
f 896 892 846
f 893 943 872
f 893 892 943
f 976 978 944
f 898 897 944
f 895 897 898
f 897 896 846
f 895 896 897
f 846 900 897
f 898 978 979
f 898 951 895
f 951 899 895
f 603 900 846
f 901 900 845
f 901 976 944
f 1057 933 1056
f 951 898 979
f 926 946 945
f 946 902 945
f 905 903 600
f 599 952 905
f 952 800 904
f 598 952 599
f 905 953 903
f 953 905 904
f 982 906 2325
f 972 973 1010
f 1112 907 1014
f 986 957 958
f 956 957 959
f 987 961 853
f 801 962 987
f 805 854 597
f 988 854 808
f 1000 856 990
f 855 67 856
f 964 2286 802
f 865 70 908
f 855 2286 69
f 908 69 2286
f 996 710 863
f 911 909 803
f 999 990 910
f 804 911 64
f 959 1040 1131
f 912 913 1114
f 885 913 912
f 912 966 819
f 1046 967 1080
f 967 741 818
f 611 610 915
f 918 916 821
f 866 916 919
f 781 788 917
f 916 918 919
f 920 918 821
f 918 917 919
f 920 821 763
f 922 921 828
f 829 922 2324
f 941 816 829
f 968 695 1005
f 878 879 925
f 899 926 879
f 929 930 925
f 929 945 948
f 929 927 930
f 878 970 731
f 928 970 930
f 798 932 931
f 935 931 1006
f 935 934 931
f 2389 932 888
f 931 932 1006
f 1006 2389 971
f 935 1006 936
f 1119 1127 1118
f 935 933 1123
f 933 935 936
f 933 1057 1123
f 798 972 982
f 798 931 934
f 973 934 1122
f 1007 974 1008
f 938 937 799
f 938 799 939
f 937 938 890
f 1018 939 799
f 890 55 937
f 816 940 53
f 1051 941 831
f 891 848 954
f 892 896 943
f 898 944 978
f 901 944 897
f 949 945 902
f 899 946 926
f 979 902 946
f 1024 902 981
f 929 948 927
f 980 981 979
f 950 945 949
f 948 945 1023
f 947 950 949
f 1023 945 950
f 979 946 951
f 946 899 951
f 800 952 960
f 905 952 904
f 1062 986 1059
f 1026 953 904
f 954 848 1028
f 733 942 976
f 953 1028 848
f 906 982 842
f 907 906 842
f 906 850 333
f 1112 850 907
f 1112 851 850
f 956 851 984
f 955 959 849
f 959 955 956
f 956 984 957
f 959 957 1040
f 957 984 958
f 1031 1100 1038
f 1040 957 986
f 961 960 598
f 960 961 987
f 963 802 1000
f 1000 802 856
f 965 963 1000
f 802 963 964
f 1042 994 995
f 1040 734 1085
f 967 1002 914
f 914 1081 1080
f 741 967 1046
f 695 923 831
f 843 799 937
f 1018 799 969
f 927 690 1053
f 928 930 927
f 1126 1053 690
f 970 928 1055
f 731 970 884
f 57 888 219
f 936 1006 971
f 973 972 934
f 1011 973 1128
f 889 971 2389
f 1007 971 974
f 890 974 889
f 938 974 890
f 1008 938 939
f 1008 1115 732
f 976 942 977
f 1060 733 954
f 1059 985 1017
f 980 977 1016
f 977 978 976
f 1116 950 1009
f 927 948 690
f 1127 948 1023
f 947 949 1024
f 979 978 980
f 978 977 980
f 1058 980 1016
f 902 979 981
f 800 1025 904
f 1027 1026 1030
f 1031 1029 1100
f 982 2325 798
f 982 972 842
f 852 983 270
f 983 851 956
f 1015 984 1112
f 962 801 1066
f 989 988 808
f 854 988 801
f 808 1091 989
f 1095 1096 692
f 1063 1065 691
f 803 990 856
f 2286 991 908
f 993 992 991
f 992 993 860
f 1044 1042 1043
f 1074 1075 1073
f 1042 993 991
f 2287 814 997
f 861 992 860
f 2287 997 996
f 995 994 2287
f 994 1074 1076
f 1072 1041 692
f 1087 1084 1086
f 1001 999 1045
f 1001 1000 990
f 1069 691 1065
f 915 1002 818
f 1004 1003 1050
f 1003 1004 696
f 696 740 1047
f 1004 1050 1049
f 725 1004 664
f 1102 2326 1133
f 2386 741 1048
f 1002 967 818
f 1147 968 1005
f 1022 923 968
f 831 923 969
f 940 1051 843
f 799 843 969
f 1051 969 843
f 1129 1127 1119
f 1106 1140 1147
f 1007 936 971
f 974 938 1008
f 1115 1008 939
f 732 1007 1008
f 1123 934 935
f 950 1116 1023
f 1061 1128 947
f 1012 1014 907
f 1011 1128 1061
f 1012 1010 1011
f 907 842 1012
f 972 1010 842
f 1012 842 1010
f 1014 1012 2327
f 1011 1061 2327
f 2327 1083 1013
f 1013 985 1015
f 1015 1014 1013
f 1015 985 1059
f 1015 958 984
f 1016 977 1070
f 1070 977 942
f 1017 1016 1070
f 1017 985 1058
f 1115 939 975
f 1018 969 923
f 975 939 1018
f 1150 1022 1143
f 1142 1149 1143
f 1115 1021 1121
f 1020 1018 923
f 975 1019 1021
f 1019 975 1020
f 1020 975 1018
f 1151 1153 1125
f 923 1022 1020
f 690 948 1127
f 1061 1024 1083
f 1014 2327 1013
f 902 1024 949
f 1024 981 1083
f 800 962 1025
f 1026 904 1025
f 1028 1026 1027
f 1026 1025 1032
f 1027 1030 1035
f 1031 1027 1035
f 1028 1027 1039
f 1026 1028 953
f 1045 1063 691
f 1045 1037 1063
f 1035 1029 1031
f 734 986 1062
f 1030 1026 1032
f 1064 1032 1025
f 1036 1030 1032
f 1029 1035 1033
f 1034 1036 1037
f 999 910 1087
f 1033 1035 1034
f 1035 1030 1034
f 1037 1036 1063
f 1100 1070 1038
f 1027 1031 1039
f 1038 1039 1031
f 986 734 1040
f 1033 734 1062
f 1059 986 958
f 1071 1091 806
f 1064 1025 962
f 1043 991 2286
f 1044 1043 964
f 991 1043 1042
f 1000 1001 965
f 999 1001 990
f 1080 967 914
f 1050 1046 1082
f 1048 1047 817
f 1047 1003 696
f 817 1427 2386
f 1046 1048 741
f 787 664 2388
f 1004 1049 664
f 1102 1050 1082
f 1050 1003 1046
f 1048 1046 1003
f 816 941 940
f 969 1051 831
f 690 1127 1129
f 928 1053 1054
f 1126 1052 1053
f 1053 1052 1054
f 1166 1055 1168
f 927 1053 928
f 928 1054 1055
f 1007 732 1056
f 936 1056 933
f 1118 1116 1117
f 1057 1056 1120
f 1057 1117 1123
f 950 947 1009
f 981 980 1058
f 985 1013 1058
f 1017 1058 1016
f 1015 1059 958
f 1060 942 733
f 1039 1060 954
f 1028 1039 954
f 1024 1061 947
f 1011 2327 1012
f 2327 1061 1083
f 1100 1062 1059
f 1062 1100 1029
f 1063 1064 1065
f 1032 1064 1036
f 1066 1064 962
f 988 1068 1066
f 1069 1065 1068
f 1064 1066 1065
f 1041 1072 1090
f 989 1068 988
f 1067 1069 1068
f 994 1042 1074
f 1077 1069 1067
f 1069 1077 691
f 1017 1070 1100
f 942 1038 1070
f 1071 735 1092
f 1090 1067 1068
f 993 1042 995
f 963 1044 964
f 1042 1044 1074
f 1075 1074 1044
f 1067 1079 1073
f 1075 1044 963
f 1074 1073 1076
f 963 965 1075
f 1001 1045 691
f 1076 1073 1079
f 994 1076 2287
f 1078 1075 965
f 1001 1078 965
f 1079 1072 998
f 1077 1078 691
f 1001 691 1078
f 1046 1080 1082
f 1102 1099 2388
f 2326 1082 1080
f 741 2386 818
f 981 1058 1083
f 1083 1058 1013
f 1017 1100 1059
f 1029 1033 1062
f 1033 1089 734
f 1089 1085 734
f 1085 1086 1084
f 909 1088 910
f 1086 1085 1089
f 1085 1084 1131
f 1045 999 1087
f 1087 910 1088
f 1087 1086 1037
f 1088 909 804
f 1087 1088 1084
f 1034 1089 1033
f 1041 1090 989
f 1079 1090 1072
f 1067 1090 1079
f 806 1091 808
f 692 1091 1071
f 1093 735 2285
f 1096 1095 814
f 1097 1094 1093
f 1093 1094 1095
f 814 1094 997
f 1097 1093 810
f 692 1092 1095
f 1095 1092 1093
f 1096 998 1072
f 738 1097 737
f 1091 692 1041
f 1092 692 1071
f 1096 1072 692
f 1105 773 2390
f 788 1099 2323
f 1133 2328 1132
f 1089 1034 1086
f 1037 1086 1034
f 1087 1037 1045
f 1133 2326 2328
f 1049 1050 1102
f 1099 1102 1133
f 1107 1005 784
f 1104 782 780
f 773 782 1104
f 1156 1146 1103
f 1081 1170 1101
f 1104 780 1103
f 773 1104 2390
f 1134 1156 1103
f 1105 1107 771
f 1107 1105 1106
f 1140 1106 1141
f 1147 1005 1107
f 1147 1107 1106
f 651 1108 652
f 705 1108 1109
f 820 694 751
f 885 1110 913
f 881 1110 886
f 877 1111 882
f 1166 1111 1055
f 1112 1014 1015
f 1164 1170 1171
f 1114 1113 914
f 914 1113 1081
f 883 1162 1110
f 1160 1161 1162
f 1114 913 1172
f 920 827 917
f 1021 1115 975
f 1116 1009 1117
f 1116 1127 1023
f 1122 1117 1009
f 1117 1057 1118
f 1127 1116 1118
f 1118 1120 1119
f 1120 732 1121
f 1128 1009 947
f 1123 1122 934
f 1117 1122 1123
f 1115 1121 732
f 1152 1125 1021
f 1021 1125 1121
f 1153 1124 1125
f 1120 1121 1124
f 1129 1126 690
f 1153 1126 1124
f 1057 1120 1118
f 1124 1119 1120
f 1122 1128 973
f 1009 1128 1122
f 1124 1129 1119
f 1126 1129 1124
f 1131 1088 1130
f 849 959 1131
f 1130 1088 804
f 1084 1088 1131
f 62 849 63
f 1131 1040 1085
f 1101 1098 2328
f 1099 1133 1132
f 1134 2328 1098
f 1103 780 1132
f 1132 2328 1134
f 1159 1171 1172
f 1153 1154 1155
f 1132 1134 1103
f 1138 1136 1164
f 1081 1101 2326
f 1101 1170 1136
f 1152 1151 1125
f 1101 1136 1098
f 1164 1136 1170
f 1139 1156 1098
f 1163 1138 1164
f 1139 1138 1137
f 1135 1144 1137
f 1139 1137 1144
f 1142 1144 1135
f 1147 1140 1143
f 1140 1142 1143
f 1104 1103 1146
f 1141 1146 1145
f 1106 2390 1141
f 1143 1149 1150
f 1145 1144 1142
f 1156 1144 1145
f 2390 1104 1146
f 1145 1146 1156
f 2390 1146 1141
f 1143 1022 1147
f 968 1147 1022
f 1152 1019 1150
f 1148 1142 1135
f 1142 1148 1149
f 1135 1158 1154
f 1151 1149 1148
f 1150 1019 1020
f 1137 1167 1158
f 1052 1157 1168
f 1151 1152 1149
f 1019 1152 1021
f 1022 1150 1020
f 1152 1150 1149
f 1154 1153 1151
f 1154 1151 1148
f 1135 1154 1148
f 1144 1156 1139
f 1157 1052 1155
f 1158 1157 1155
f 1138 1163 1167
f 1155 1154 1158
f 1137 1158 1135
f 1167 1157 1158
f 1161 1172 913
f 1162 2329 1160
f 1163 1159 1160
f 1162 1161 913
f 1159 1161 1160
f 1110 1162 913
f 1165 1160 2329
f 1163 1165 1169
f 1159 1163 1164
f 2329 1166 1165
f 1163 1169 1167
f 1166 1168 1169
f 1111 1166 2329
f 1168 1055 1054
f 1166 1169 1165
f 1138 1167 1137
f 1052 1168 1054
f 1157 1169 1168
f 1167 1169 1157
f 1113 1170 1081
f 1171 1170 1113
f 1172 1171 1113
f 1171 1159 1164
f 1114 1172 1113
f 1145 1140 1141
f 1142 1140 1145
f 616 617 618
f 1311 1234 1272
f 1269 1219 1220
f 616 618 619
f 619 1276 616
f 1345 616 1276
f 1276 619 1173
f 1271 1269 1263
f 1271 1218 1219
f 1348 1312 1350
f 1236 1258 2292
f 647 648 1244
f 1353 1179 1180
f 2331 1258 1266
f 1488 611 612
f 1269 1240 2288
f 2330 1310 1234
f 1267 1261 1250
f 2338 1186 1187
f 1286 1253 1259
f 1247 1224 1225
f 607 608 1433
f 613 614 1486
f 1274 1275 1336
f 1239 1238 1251
f 1507 1357 1394
f 1310 2288 1255
f 1243 647 1244
f 1217 1285 1216
f 872 1443 1445
f 1234 1311 2330
f 1736 1515 1510
f 1237 1261 1260
f 1446 841 880
f 1255 2288 1259
f 1235 1231 1232
f 1397 601 602
f 1323 596 597
f 598 1366 961
f 1325 1297 1378
f 601 1397 1398
f 1334 1306 1213
f 2292 1228 1229
f 1247 1253 1246
f 1226 1227 1242
f 1327 1295 1328
f 1247 1246 1224
f 1339 1343 1340
f 1326 596 1323
f 1232 2291 2290
f 1293 1332 1233
f 1245 1243 1238
f 1226 1242 1254
f 1223 1224 1246
f 1239 1246 1253
f 2292 1258 1241
f 1229 1230 2289
f 1230 1231 1249
f 1240 1248 1286
f 1202 1920 1438
f 1188 1362 1361
f 1241 2331 1267
f 1188 1189 1362
f 1262 1264 1305
f 1265 1261 1267
f 1342 1479 1341
f 1282 1283 1191
f 1395 1204 1205
f 1249 1257 2289
f 1255 1256 1237
f 1245 1248 1221
f 1258 2331 1241
f 1437 1392 1436
f 1437 1498 1392
f 1242 1250 1261
f 1192 1282 1191
f 1238 1244 1251
f 1237 1242 1261
f 1246 1251 1223
f 1247 1256 1253
f 1503 1549 1201
f 1259 1256 1255
f 1550 1201 1549
f 1244 1222 1251
f 1495 1199 1200
f 1236 2292 2289
f 1198 1199 1496
f 1260 1234 1310
f 1260 1255 1237
f 1218 1271 1217
f 1272 1260 1261
f 1263 2330 1309
f 1242 1227 1250
f 1221 1248 1220
f 1238 1243 1244
f 1256 1247 1254
f 1260 1310 1255
f 1287 1257 1249
f 648 1222 1244
f 1237 1256 1254
f 1243 1252 663
f 663 1252 646
f 2289 1257 1236
f 1245 1252 1243
f 1228 1250 1227
f 1243 663 647
f 1221 646 1252
f 1268 1258 1236
f 1415 1209 1210
f 1251 1246 1239
f 1221 1252 1245
f 1381 1382 1343
f 1241 1250 1228
f 1272 1234 1260
f 1222 1223 1251
f 1225 1226 1254
f 1300 1333 1214
f 1212 1306 1308
f 1286 1245 1238
f 1286 1239 1253
f 1308 1306 1307
f 1241 1228 2292
f 1242 1237 1254
f 1256 1259 1253
f 1286 1259 1240
f 2288 1240 1259
f 1272 1261 1265
f 1274 1265 1273
f 1258 1268 1266
f 1265 2331 1273
f 1262 1304 1264
f 1273 2331 1266
f 1241 1267 1250
f 1257 1291 1236
f 1266 1268 1264
f 1271 1263 1309
f 1309 1217 1271
f 1248 1240 1220
f 1270 1273 1304
f 1269 1271 1219
f 1274 1272 1265
f 1311 1272 1336
f 1274 1273 1270
f 1264 1304 1266
f 1275 1274 1270
f 1274 1336 1272
f 1301 1303 1299
f 1270 1301 1299
f 1275 2391 1336
f 1175 1176 1350
f 614 615 1344
f 1277 1276 1173
f 1173 1174 1277
f 1312 1174 1175
f 1177 1349 1350
f 1312 1277 1174
f 1277 1312 1314
f 1183 1184 1360
f 1199 1495 1496
f 1445 893 872
f 1282 1281 1283
f 1282 1193 1281
f 1283 1281 1406
f 1190 1191 1283
f 600 601 1398
f 1484 1614 2393
f 1233 1330 1293
f 1288 1294 1292
f 1217 1309 1285
f 1215 1216 1285
f 1239 1286 1238
f 1235 1287 1231
f 1288 1287 1235
f 2291 1377 2290
f 1268 1289 1264
f 1293 1330 1290
f 1236 1291 1289
f 1288 1292 1287
f 1290 1291 1257
f 1331 1291 1290
f 1290 1292 1293
f 1296 1332 1293
f 1296 1292 1294
f 1292 1296 1293
f 1288 2293 1295
f 1288 1295 1294
f 1328 1295 2293
f 1327 1323 1368
f 1297 1296 1294
f 1378 1295 1327
f 1297 1325 2333
f 1297 1332 1296
f 1303 1301 1302
f 1275 1270 1299
f 1300 2391 1298
f 1298 2391 1275
f 1299 1298 1275
f 1214 1894 1335
f 1301 1304 1262
f 1302 1301 1262
f 1303 1302 1307
f 1299 1303 1298
f 1306 1334 1303
f 1333 1334 1213
f 1270 1304 1301
f 1304 1273 1266
f 1478 1479 1480
f 1308 1343 1382
f 1306 1303 1307
f 1213 1306 1212
f 1340 1341 1479
f 1302 1341 1340
f 1382 1212 1308
f 2288 1310 1263
f 1311 1336 2334
f 1312 1348 1314
f 1344 1346 614
f 1350 1312 1175
f 1314 1345 1277
f 1348 1349 1429
f 1348 1384 1314
f 1432 1384 1431
f 609 610 1387
f 1584 1278 1533
f 1517 1446 1447
f 1516 1433 1388
f 1396 1206 1207
f 1365 1189 1190
f 2338 1187 1361
f 1408 1405 1406
f 1407 1408 1406
f 1365 1283 1406
f 1365 1405 1362
f 1210 1734 1415
f 1474 1484 2393
f 1419 1483 1477
f 1555 1395 1556
f 1368 597 853
f 1369 853 961
f 1370 1368 1369
f 1378 1297 1294
f 1325 1324 1371
f 1371 1324 1376
f 1326 1328 2293
f 596 1326 1377
f 1368 1323 597
f 1368 1370 1327
f 1324 1325 1378
f 1328 1323 1327
f 1323 1328 1326
f 1377 2293 2290
f 1379 1330 1233
f 1291 1331 1289
f 1342 1305 1423
f 1290 1330 1331
f 1379 1331 1330
f 1335 1300 1214
f 1333 1300 1334
f 1300 1298 1334
f 1303 1334 1298
f 1329 1335 1894
f 1300 1335 2391
f 1329 1337 1335
f 2391 1337 1336
f 1338 2334 2392
f 1285 1309 1338
f 1340 1308 1307
f 1305 1342 1341
f 1262 1305 1341
f 1302 1340 1307
f 1375 1423 1233
f 1375 1233 1417
f 1262 1341 1302
f 1426 1381 1343
f 1379 1423 1305
f 1308 1340 1343
f 1345 1344 615
f 616 1345 615
f 1277 1345 1276
f 1346 1352 1486
f 1313 1545 1617
f 1493 1494 1591
f 1431 1429 1383
f 1384 1348 1429
f 1351 1177 1178
f 1429 1349 1347
f 1177 1350 1176
f 1348 1350 1349
f 1349 1177 1351
f 1434 1178 1179
f 1349 1351 1347
f 1314 1385 1344
f 1345 1314 1344
f 1384 1385 1314
f 1344 1385 1346
f 1386 1352 1432
f 1388 1547 1661
f 1387 1548 609
f 1430 1347 1390
f 1694 1709 1708
f 1444 1394 1443
f 1455 1456 1459
f 1407 1409 1280
f 1359 1195 1196
f 1197 1463 1976
f 1389 1466 1467
f 1362 1189 1365
f 1187 1188 1361
f 1322 1364 1321
f 1364 1194 1321
f 1321 1194 1363
f 1364 1322 1193
f 1281 1322 1406
f 1281 1193 1322
f 1283 1365 1190
f 1406 1322 1407
f 598 599 1460
f 1327 1370 1324
f 1734 1210 1211
f 1482 1543 1415
f 1369 1368 853
f 961 1366 1369
f 1370 1366 1324
f 1371 1373 1475
f 1373 1520 1457
f 1417 1233 1332
f 1520 1371 1376
f 1418 1417 2333
f 1417 1374 1375
f 1332 1297 2333
f 1417 1418 1374
f 1478 1339 1479
f 1480 1423 1375
f 1476 1375 1374
f 1472 1366 1460
f 596 1377 1284
f 2293 1377 1326
f 1295 1378 1294
f 1324 1378 1327
f 2392 1329 1215
f 1289 1379 1264
f 1331 1379 1289
f 1338 2330 1311
f 1309 2330 1338
f 1380 1426 1421
f 1426 1343 1339
f 1381 1426 1425
f 1427 1486 1487
f 1489 1487 1428
f 1430 1429 1347
f 1385 1384 1432
f 1547 1591 1546
f 1389 1180 1181
f 1466 1182 1403
f 1434 1353 1390
f 1351 1178 1434
f 1389 1353 1180
f 1523 1353 1389
f 1429 1430 1383
f 1351 1434 1347
f 1347 1434 1390
f 2394 1390 1353
f 1503 1202 1438
f 1550 1391 1495
f 1197 1198 1497
f 1392 1498 1499
f 1442 1393 1439
f 1447 880 606
f 1507 1508 1506
f 1204 1395 1554
f 1208 1367 1413
f 1597 1557 1442
f 1393 1440 1439
f 1556 1395 1396
f 1204 1554 1441
f 1448 602 844
f 1449 844 603
f 2341 1320 1458
f 1448 1397 602
f 1458 1397 2341
f 1449 1450 1448
f 1194 1400 1363
f 1196 1463 1464
f 1401 1195 2336
f 1522 1359 1464
f 1465 1184 1185
f 1404 1185 1186
f 1403 1527 1467
f 1182 1466 1181
f 1465 1360 1184
f 1182 1183 1403
f 2337 2338 1361
f 1404 1402 1465
f 1280 1411 1586
f 1186 2338 1404
f 1525 1402 1404
f 1362 1405 1524
f 1406 1405 1365
f 1407 1322 1321
f 1409 1407 1321
f 1407 1280 1408
f 1409 1321 1363
f 1470 1408 1280
f 1405 1408 1524
f 1363 1410 1409
f 1400 1401 1410
f 1411 1280 1409
f 1542 1413 1367
f 1414 1416 1412
f 1206 1396 1205
f 1543 1416 1414
f 1543 1414 1415
f 1209 1415 1414
f 1543 1484 1474
f 1367 1208 1412
f 1207 1208 1413
f 1324 1366 1472
f 1369 1366 1370
f 1376 1324 1472
f 2333 1417 1332
f 1475 1325 1371
f 2333 1475 1418
f 1566 1418 1475
f 1374 1418 1372
f 1419 1374 1372
f 1374 1419 1477
f 1566 1372 1418
f 1374 1477 1476
f 1375 1476 1480
f 1479 1339 1340
f 1478 1480 1476
f 1477 1483 1422
f 1478 1421 1339
f 1421 1420 1735
f 1421 1735 1380
f 1422 1735 1420
f 1420 1476 1477
f 1735 1422 1482
f 1233 1423 1379
f 1426 1339 1421
f 1425 1426 1380
f 1489 1427 1487
f 613 1486 1427
f 1487 1352 1386
f 1486 1352 1487
f 1383 1545 1431
f 1490 1530 1491
f 1432 1431 1313
f 1384 1429 1431
f 1432 1313 1616
f 1385 1432 1352
f 1493 1387 610
f 1548 1433 608
f 1466 1389 1181
f 1353 1434 1179
f 1490 2394 1530
f 1467 1527 1583
f 1435 1523 1583
f 2394 1353 1523
f 1389 1467 1523
f 1523 1435 2394
f 1436 1438 1437
f 1438 1920 1437
f 1498 1437 1440
f 1438 1436 1503
f 1439 1440 1203
f 1441 1442 1439
f 1498 1440 1393
f 1442 1441 1554
f 1505 1355 1498
f 1597 1442 1554
f 1393 1442 1557
f 1444 1443 605
f 1445 1443 1394
f 840 841 2335
f 893 1445 1560
f 1447 1446 880
f 606 607 1518
f 1358 1446 1517
f 1395 1205 1396
f 1207 1413 1396
f 1413 1542 1473
f 1449 1448 844
f 1399 1449 603
f 1449 1399 1450
f 603 604 1399
f 1399 1451 1450
f 1519 1565 1452
f 1399 1561 1451
f 1452 1565 2341
f 1450 1451 1452
f 2341 1565 1320
f 1448 2341 1397
f 1452 2341 1450
f 1448 1450 2341
f 1453 1320 1454
f 1398 1458 1459
f 1458 1398 1397
f 1453 1424 1455
f 1458 1320 1453
f 1454 1737 1424
f 1453 1454 1424
f 1472 1471 1376
f 1471 1456 1455
f 1453 1455 1459
f 1424 1457 1455
f 2342 1456 1460
f 1398 1459 2342
f 1521 1566 1373
f 1459 1458 1453
f 2342 1459 1456
f 599 2342 1460
f 1460 1471 1472
f 598 1460 1366
f 1398 2342 600
f 1461 1462 1410
f 1401 1461 1410
f 1463 1196 1976
f 1359 1196 1464
f 1497 1198 1496
f 1497 1553 1463
f 1552 1551 1594
f 1553 1464 1463
f 1522 1464 1571
f 1404 1465 1185
f 1360 1465 1402
f 1467 1466 1403
f 1583 1523 1467
f 1470 1524 1408
f 1280 1586 1470
f 1470 2337 1524
f 1538 1536 1469
f 1576 1534 1462
f 1410 1462 1409
f 1586 1534 1538
f 1586 1538 1469
f 1541 1470 1469
f 1456 1471 1460
f 2393 1614 1649
f 1396 1413 1473
f 1555 1556 1647
f 1556 1396 1473
f 1412 1416 1367
f 1416 1474 1367
f 1566 1475 1373
f 1325 1475 2333
f 1566 1569 1372
f 1636 1737 1634
f 1420 1477 1422
f 1476 1420 1478
f 1421 1478 1420
f 1480 1479 1342
f 1423 1480 1342
f 1482 1481 1543
f 1481 1482 1422
f 1484 1485 1614
f 1484 1481 1485
f 1483 1485 1481
f 1385 1352 1346
f 1650 1487 1386
f 1489 1488 612
f 1654 1488 1428
f 1428 1488 1489
f 1490 1430 1390
f 2394 1490 1390
f 1491 1492 1490
f 1491 2344 1492
f 1545 1313 1431
f 1591 1494 1652
f 611 1493 610
f 611 1494 1493
f 609 1548 608
f 1550 1495 1200
f 1201 1550 1200
f 1496 1495 1391
f 1197 1497 1463
f 1552 1497 1496
f 1553 1497 1552
f 1393 1557 1505
f 1498 1355 1499
f 1501 1621 1354
f 1392 1499 1502
f 1502 1499 1500
f 1436 1392 1501
f 1316 1502 2343
f 1392 1502 1501
f 1686 1684 1316
f 1920 1203 1440
f 1437 1920 1440
f 1503 1354 1549
f 1501 1354 1436
f 1354 1503 1436
f 1555 1597 1554
f 1732 1597 1555
f 1558 1504 1557
f 1393 1505 1498
f 1733 1355 1505
f 605 840 1444
f 1507 1394 1508
f 1509 1507 1506
f 1559 2335 1446
f 1508 1559 1506
f 1506 1559 1723
f 1508 1444 2335
f 1723 1559 1358
f 1509 1357 1507
f 1515 1451 1511
f 1445 1513 1560
f 1317 1514 1512
f 1510 1357 1512
f 1513 1510 1511
f 1317 1512 1509
f 1509 1512 1357
f 1512 1736 1510
f 1736 1512 1514
f 1562 1514 1710
f 1563 1515 1736
f 1451 1515 1563
f 1515 1511 1510
f 1447 1516 1517
f 1388 1661 1672
f 1516 1447 1518
f 1516 2355 1517
f 606 1518 1447
f 607 1433 1518
f 1637 1598 1625
f 1710 1712 1562
f 1519 1452 1563
f 1519 1598 1565
f 1471 1520 1376
f 1457 1520 1455
f 1455 1520 1471
f 1372 1569 1567
f 1359 1522 1573
f 1576 1462 2339
f 1461 1401 2336
f 1571 1572 1522
f 1524 2337 1361
f 1362 1524 1361
f 1539 1525 1536
f 1402 1525 1526
f 1527 2395 1609
f 1609 2395 1526
f 1491 1530 1531
f 1589 1610 1609
f 2344 1531 1533
f 1530 1529 1531
f 1531 1529 1532
f 1491 1531 2344
f 1609 1612 1528
f 1584 1533 1532
f 1608 1533 1278
f 2339 1577 1576
f 1534 1576 1468
f 1534 1468 1538
f 1462 1534 1411
f 1468 1537 1538
f 1536 1525 1541
f 1470 1586 1469
f 1534 1586 1411
f 1468 1576 1575
f 1540 1589 1535
f 1469 1536 1541
f 1539 1536 1535
f 1535 1536 1538
f 1535 1538 1537
f 1539 1535 1589
f 1525 1539 1526
f 1535 1537 1540
f 1528 1612 1613
f 1581 1579 1582
f 1470 1541 2337
f 1474 1542 1367
f 1484 1543 1481
f 1568 1614 1485
f 1649 1614 1615
f 1492 1383 1430
f 1383 1492 1545
f 1585 1492 2344
f 1651 1643 1669
f 1494 1488 1654
f 1545 1492 1585
f 1490 1492 1430
f 1388 1433 1548
f 1494 611 1488
f 1547 1548 1387
f 1591 1547 1387
f 1547 1620 1661
f 1354 1621 2347
f 2347 1550 1549
f 1391 1550 2347
f 1551 1496 1391
f 1391 1622 1551
f 1594 1596 1571
f 1551 1552 1496
f 1553 1571 1464
f 1555 1554 1395
f 1505 1557 1504
f 1648 2350 1319
f 1559 1508 2335
f 1394 1444 1508
f 1358 1559 1446
f 1445 1394 1513
f 1357 1513 1394
f 1560 1513 1511
f 1357 1510 1513
f 1511 1561 1560
f 1399 604 1561
f 1560 604 893
f 1451 1561 1511
f 1672 1516 1388
f 1516 1518 1433
f 1451 1563 1452
f 1598 1564 1624
f 1563 1564 1519
f 1565 1637 1320
f 1637 1565 1598
f 1569 1566 1521
f 1520 1373 1371
f 1521 1373 1457
f 1737 1631 1632
f 1419 1567 1483
f 1567 1569 1570
f 1568 1570 1544
f 1567 1570 1485
f 1634 1570 1569
f 1594 1571 1552
f 1572 1571 1596
f 1572 1578 1599
f 1599 1573 1522
f 1461 1573 2339
f 2339 1599 1577
f 1468 1575 1537
f 1579 1574 1578
f 1575 1576 1574
f 1573 1599 2339
f 1574 1576 1577
f 1574 1577 1578
f 1356 1675 1677
f 1574 1581 1575
f 1574 1579 1581
f 1578 1572 1600
f 1579 1578 1600
f 1676 1689 1679
f 1601 2345 1540
f 1640 1641 1679
f 1537 1575 1601
f 1527 1403 2395
f 1527 1528 1583
f 1435 1583 1528
f 1584 1532 1588
f 1532 1587 1588
f 1643 1608 1278
f 2397 1585 1608
f 1585 1617 1545
f 2344 1608 1585
f 1532 1533 1531
f 1608 2344 1533
f 1610 1589 1540
f 1609 1610 1612
f 1584 1588 2346
f 1587 1532 1529
f 1612 1610 1611
f 1611 1588 1587
f 1526 1589 1609
f 1539 1589 1526
f 1647 1556 1473
f 1615 1568 1544
f 1493 1591 1387
f 1546 1591 1652
f 1619 1546 1315
f 1653 1315 1652
f 1546 1619 1620
f 1546 1620 1547
f 1388 1548 1547
f 1354 2347 1549
f 1551 1595 1594
f 1600 1596 1356
f 1596 1595 1356
f 1595 1596 1594
f 1557 1597 1558
f 604 1560 1561
f 1562 1624 1564
f 1564 1598 1519
f 1625 1598 1624
f 1569 1521 1634
f 1572 1599 1522
f 1577 1599 1578
f 1596 1600 1572
f 1581 1601 1575
f 1607 1638 1639
f 1582 1639 1638
f 1607 1580 1605
f 1278 1584 1603
f 1619 1671 1657
f 1643 1603 1602
f 1602 1669 1643
f 1606 2346 1604
f 1580 1639 1640
f 1604 2400 1606
f 1605 1604 2346
f 1611 1645 1588
f 1605 1580 1664
f 2399 1657 1671
f 1645 1605 2346
f 1527 1609 1528
f 1610 1540 2345
f 1612 1587 1613
f 1610 2345 1611
f 2345 1638 1644
f 1435 1613 1529
f 1648 1647 1646
f 1615 1614 1568
f 1627 1615 1544
f 1649 1615 1633
f 1432 1616 1386
f 1617 1616 1313
f 1590 1617 2397
f 1616 1617 1590
f 1652 1315 1546
f 1655 1671 1619
f 1656 1620 1619
f 1656 1672 1661
f 1622 1391 2347
f 1595 1551 1673
f 1662 1622 2347
f 1673 1551 1622
f 1673 1622 1662
f 1658 1680 1699
f 1356 1595 1674
f 1562 1626 1624
f 1624 1626 1663
f 1625 1631 1637
f 2348 1627 1632
f 1716 1712 1710
f 1663 1626 1718
f 1627 1544 1632
f 1627 2348 1629
f 1663 2349 1628
f 1635 1633 1629
f 2348 1628 1629
f 1628 1625 1663
f 1712 1715 1718
f 1648 1319 1647
f 1630 1629 2349
f 1635 1629 1630
f 1737 1454 1631
f 1632 1631 2348
f 1634 1632 1544
f 1615 1627 1633
f 1629 1633 1627
f 1634 1544 1570
f 1646 2396 1648
f 1635 1648 2396
f 1521 1636 1634
f 1637 1454 1320
f 1454 1637 1631
f 1607 1639 1580
f 1681 1666 1668
f 1640 1664 1580
f 1641 1639 1582
f 1665 1664 1666
f 1579 1600 1677
f 1678 1582 1579
f 1641 1640 1639
f 1641 1676 1679
f 1356 1674 1675
f 1595 1673 1674
f 1659 1603 1606
f 1603 1643 1278
f 1604 1605 1664
f 1644 1638 1607
f 1585 2397 1617
f 1612 1611 1587
f 1645 1611 1644
f 1644 1607 1645
f 1605 1645 1607
f 2346 1588 1645
f 1529 1613 1587
f 1646 1647 1473
f 1647 1319 1555
f 1630 1714 2350
f 1649 2396 2393
f 1635 1649 1633
f 1650 1654 1428
f 1654 1618 1652
f 1487 1650 1428
f 1651 1618 1590
f 1618 1654 1650
f 1643 2397 1608
f 1651 1669 1653
f 1650 1590 1618
f 1654 1652 1494
f 1653 1652 1618
f 1651 1653 1618
f 1655 1619 1315
f 1655 1315 1653
f 1669 1655 1653
f 1619 1657 1656
f 1657 1658 1593
f 1658 1657 1592
f 1660 1592 2399
f 1657 1593 1656
f 1593 1658 1670
f 1659 1671 1602
f 1659 1602 1603
f 1660 2399 2400
f 1656 1661 1620
f 1672 1656 1593
f 1593 2401 1672
f 1358 1517 1738
f 1663 1718 2349
f 1625 1624 1663
f 1604 1664 1665
f 1679 1666 1640
f 1660 1665 1681
f 1604 1665 2400
f 1666 1681 1665
f 1640 1666 1664
f 1682 1668 1666
f 1666 1679 1682
f 1668 1667 1687
f 1655 1669 1602
f 1680 1658 1592
f 1602 1671 1655
f 1683 2401 2398
f 1621 1316 1662
f 1675 1674 1642
f 1642 1676 1675
f 1678 1677 1675
f 1642 1689 1676
f 1676 1641 1678
f 1356 1677 1600
f 1675 1676 1678
f 1582 1678 1641
f 1579 1677 1678
f 1667 1693 1687
f 1687 1681 1668
f 1592 1660 1680
f 1689 1682 1679
f 1668 1682 1690
f 1683 2398 1739
f 1672 1683 2355
f 2421 1623 1642
f 1662 1684 2421
f 2354 2403 1726
f 1685 1686 2343
f 1692 1686 1685
f 1699 1680 1687
f 1681 1687 1680
f 1688 1670 1699
f 1318 2398 1688
f 1670 1658 1699
f 1668 1690 1667
f 1689 1690 1682
f 2351 1692 2352
f 1667 1690 2352
f 1689 1623 1690
f 2351 1686 1692
f 1691 1692 1279
f 1693 1667 1691
f 1719 1720 1721
f 1692 1685 1695
f 1692 1695 1279
f 1719 1699 1693
f 1685 2353 2354
f 1514 1697 1710
f 1696 1708 1697
f 1317 1697 1514
f 1696 1694 1708
f 1355 1500 1499
f 2353 2343 1500
f 1705 1703 1704
f 1697 1317 1696
f 1500 1355 1698
f 1505 1504 1733
f 1720 1691 1279
f 1699 1687 1693
f 1694 1696 1703
f 1719 1721 1725
f 1703 1696 1704
f 1702 1725 1700
f 1317 1509 1704
f 1703 1705 1702
f 1707 1706 1727
f 1500 1698 2353
f 2353 1698 1727
f 1702 1701 1694
f 1695 1701 1700
f 1701 1695 1726
f 1701 1702 1700
f 1725 1702 1705
f 1688 1699 1719
f 1700 1279 1695
f 1694 1703 1702
f 1317 1704 1696
f 1506 1722 1509
f 1722 1704 1509
f 1722 1705 1704
f 1701 2402 1694
f 1727 2354 2353
f 1706 1713 1709
f 1626 1712 1718
f 1712 1626 1562
f 1713 1716 1709
f 2402 1726 2403
f 1727 2403 2354
f 1710 1708 1716
f 1706 1730 1713
f 1716 1708 1709
f 1708 1710 1697
f 1319 1728 1732
f 1712 1716 1715
f 1730 1706 1707
f 1711 1715 1713
f 2349 1714 1630
f 1728 2350 1714
f 1733 1731 1707
f 1731 1729 1730
f 1711 1717 1715
f 1717 1718 1715
f 1731 1504 1558
f 1713 1715 1716
f 1728 1717 1711
f 1718 1717 1714
f 2349 1718 1714
f 1720 1719 1693
f 1688 1719 1725
f 1693 1691 1720
f 1279 1700 1721
f 1725 1721 1700
f 1279 1721 1720
f 1723 1722 1506
f 1723 1738 1739
f 1738 1723 1358
f 1705 1722 1724
f 1724 1722 1723
f 1724 1723 1739
f 1724 1725 1705
f 1318 1725 1724
f 1725 1318 1688
f 1726 2402 1701
f 1685 2354 1695
f 1706 2403 1727
f 1733 1707 1698
f 1635 1630 1648
f 1714 1717 1728
f 1711 1729 1728
f 1729 1732 1728
f 1730 1729 1711
f 1732 1729 1558
f 1713 1730 1711
f 1730 1707 1731
f 1504 1731 1733
f 1558 1729 1731
f 1558 1597 1732
f 1728 1319 2350
f 1319 1732 1555
f 1727 1698 1707
f 1355 1733 1698
f 1425 1380 1734
f 1380 1735 1734
f 1415 1734 1482
f 1735 1482 1734
f 1613 1435 1528
f 1530 1435 1529
f 1736 1564 1563
f 1514 1562 1736
f 1564 1736 1562
f 1634 1737 1632
f 1424 1737 1636
f 1672 2355 1516
f 1724 1739 1318
f 1794 1282 1192
f 1758 1794 1192
f 1364 1856 1855
f 1216 1852 1759
f 1193 1856 1364
f 1855 1194 1364
f 1973 1199 1198
f 1770 1769 1792
f 1852 1216 1215
f 1282 1794 1795
f 1756 1820 1757
f 1750 1982 1751
f 1809 1854 1785
f 2301 1793 1779
f 1201 1923 1503
f 1770 1792 1785
f 1883 1922 1920
f 1788 1773 1772
f 1503 1923 1996
f 1791 1793 1771
f 1848 1806 2296
f 1758 1757 1794
f 1928 1208 1207
f 1933 1204 2004
f 1776 1810 1780
f 1412 1208 1930
f 1209 1866 1210
f 1790 1778 1760
f 2087 1775 2081
f 1762 1761 1803
f 1777 1786 84
f 1793 1772 1771
f 1781 1764 1786
f 1382 1381 1865
f 1783 2294 1763
f 1832 1865 1899
f 85 1786 1764
f 1206 1205 1931
f 1761 1760 1778
f 1781 1774 1839
f 1193 1282 1795
f 1790 1759 1852
f 2359 2332 1894
f 1787 1777 83
f 1762 1803 1783
f 1786 1774 1781
f 2410 2192 2222
f 1787 1763 2294
f 83 1777 84
f 1786 85 84
f 1780 1792 1769
f 1213 1835 1333
f 1912 1914 1748
f 2004 1204 1441
f 1820 1794 1757
f 1912 1747 1937
f 1745 1888 1746
f 1741 1740 2358
f 1195 2035 1196
f 1934 1888 1745
f 1994 2356 15
f 1799 1861 2358
f 1827 1743 1742
f 1987 1915 2356
f 1788 2295 1773
f 1742 1741 1831
f 1861 24 23
f 1803 1761 1778
f 2358 1829 1831
f 14 13 1916
f 1799 1740 27
f 1826 1862 1955
f 1862 1826 23
f 27 26 24
f 1794 1820 1795
f 25 24 26
f 24 1799 27
f 19 1891 238
f 1790 1760 1759
f 1777 1787 2294
f 1780 1768 1802
f 21 2303 2018
f 22 21 1890
f 1799 2358 1740
f 1827 1742 1831
f 1802 1782 1840
f 2301 1808 2295
f 1772 1793 2297
f 1773 2298 2299
f 1838 1839 1774
f 1211 1958 1900
f 1 1784 2405
f 1 2300 1784
f 1778 1790 1789
f 1770 1785 1791
f 1781 1765 1764
f 1781 1839 1765
f 1786 1777 1774
f 1839 1766 1765
f 1842 1784 2404
f 1810 1792 1780
f 1763 1787 82
f 1769 1768 1780
f 1971 1756 1755
f 1904 1963 1835
f 1885 10 229
f 1802 1768 1767
f 1839 1782 1766
f 83 82 1787
f 1926 1886 1925
f 1854 1816 2357
f 1215 1329 2332
f 1783 1763 1762
f 1875 5 4
f 1801 1848 1851
f 1886 1926 2079
f 1867 1906 1964
f 1766 1782 1767
f 275 5 1867
f 1924 1927 2008
f 1841 1872 1840
f 1881 1916 1991
f 2294 1774 1777
f 1382 1902 1212
f 1782 1839 1838
f 1869 1803 1836
f 1782 1802 1767
f 1802 1840 1776
f 1778 1789 1803
f 1872 1811 1810
f 1842 1804 1784
f 1842 1806 1804
f 1845 3 2405
f 1806 1842 1843
f 1804 1805 1845
f 2296 1846 1848
f 1845 1805 1844
f 234 3 1845
f 1807 1215 2332
f 1808 2301 1779
f 2238 2239 1779
f 2295 1808 1850
f 1810 1811 1813
f 1809 1785 1792
f 1816 1813 1815
f 1872 1810 1776
f 1810 1813 1809
f 1814 1811 1873
f 2359 1864 1817
f 1812 1817 1864
f 1813 1811 1814
f 1897 1815 1812
f 1814 1873 1868
f 1812 1813 1814
f 1864 2250 1897
f 1898 1818 1815
f 1812 1815 1813
f 1815 1818 1816
f 1818 2357 1816
f 1809 1816 1854
f 1812 1814 1817
f 1813 1816 1809
f 2357 1818 2242
f 2357 1819 1854
f 1980 1194 1855
f 1879 1911 1754
f 1754 1753 1879
f 1197 1976 1877
f 1748 1914 1749
f 1882 2362 1991
f 1944 2020 2178
f 2419 1923 2413
f 1744 1827 1889
f 2016 1858 2015
f 1954 2064 2065
f 1955 1862 22
f 1828 1827 1831
f 1828 1831 1829
f 2065 1830 1954
f 1828 1829 1957
f 2103 1938 1935
f 1830 1889 1828
f 1830 1936 1889
f 1831 1741 2358
f 1214 1863 1894
f 1899 1381 1425
f 1865 1960 1902
f 1866 1958 1210
f 1844 1849 1875
f 1212 1902 1904
f 1898 1815 1897
f 1802 1776 1780
f 1872 1776 1840
f 1789 1853 1868
f 1872 1841 1873
f 1782 1838 1840
f 1869 1870 1803
f 1840 1838 1837
f 1838 1774 1871
f 1840 1837 1841
f 1869 1841 1837
f 1873 1836 1868
f 1843 1842 2298
f 1843 2298 2295
f 1847 1801 1849
f 4 1845 1844
f 1848 1801 1847
f 1805 1806 1847
f 1848 1847 1806
f 1874 1801 1851
f 1805 1847 1844
f 1848 1846 1851
f 1834 1905 1849
f 1844 1847 1849
f 1843 1850 2296
f 1850 1966 2296
f 2295 1850 1843
f 2241 1966 1850
f 1966 1967 1965
f 2241 1850 1808
f 1967 1966 2241
f 1907 1851 1846
f 1852 1807 1853
f 1852 1215 1807
f 1810 1809 1792
f 1814 1868 1817
f 1790 1853 1789
f 1817 1853 1807
f 1852 1853 1790
f 1791 1785 1819
f 1856 1968 1855
f 2095 1975 1857
f 1795 1856 1193
f 1971 1820 1756
f 1877 1974 1197
f 1401 1400 1979
f 2038 2037 1910
f 1917 12 11
f 1921 1883 1920
f 2002 1999 2000
f 1883 1921 1997
f 1885 1924 1859
f 1964 274 275
f 1929 2009 1928
f 2057 1824 2119
f 2340 1203 1922
f 1937 1747 1746
f 1892 1952 1891
f 1915 268 16
f 1950 1946 1947
f 24 1861 1799
f 1861 23 1826
f 1890 1955 22
f 1955 1890 2022
f 1895 1214 1333
f 1864 1863 2250
f 1807 2359 1817
f 1863 1864 2359
f 1898 1897 1963
f 1865 1381 1899
f 1865 1832 1960
f 1900 1425 1211
f 1901 1960 1832
f 1212 1904 1213
f 1900 1958 1833
f 1867 5 1875
f 1905 1906 1867
f 1904 1835 1213
f 1789 1868 1836
f 1853 1817 1868
f 1841 1836 1873
f 1870 1869 1837
f 1838 1871 1837
f 1870 1783 1803
f 1774 2294 1871
f 1837 1871 1870
f 1873 1811 1872
f 1869 1836 1841
f 1845 4 234
f 1875 4 1844
f 1849 1874 1834
f 2092 2030 2091
f 1875 1849 1905
f 2030 2087 2088
f 2203 2162 2199
f 1908 1973 2034
f 1978 1195 1401
f 1857 1909 2035
f 1981 2036 1878
f 1911 1879 1983
f 2361 1752 1751
f 1880 2361 1910
f 2369 1983 1984
f 1911 1971 1755
f 1750 1749 1914
f 1910 2361 1982
f 1982 1913 2038
f 15 14 1916
f 1991 1990 1881
f 1921 1920 1202
f 2413 1201 1200
f 1924 9 8
f 1925 8 7
f 2097 2363 1919
f 1882 1917 1919
f 1924 1885 9
f 2008 1859 1924
f 2045 1885 1859
f 1925 1927 1924
f 1929 1207 1206
f 2010 1930 2009
f 2057 2058 2011
f 2076 1866 2054
f 2012 2059 1932
f 1934 1745 1744
f 1744 1743 1827
f 1985 2014 2015
f 1858 1912 1985
f 1889 1827 1828
f 20 1952 1951
f 1941 19 18
f 2408 18 294
f 1892 1891 1943
f 1940 1951 2021
f 238 1952 20
f 1941 1891 19
f 268 1915 1989
f 2408 1942 1941
f 1956 2022 1954
f 1826 1956 1829
f 2359 1894 1863
f 1835 1895 1333
f 1963 2250 1835
f 1214 1895 1863
f 1863 1895 2250
f 2250 1895 1835
f 1904 1902 1962
f 1864 1897 1812
f 2250 1963 1897
f 1818 1898 1896
f 1818 1896 2242
f 1900 1899 1425
f 1211 1210 1958
f 1959 1900 1833
f 1901 1832 1959
f 1865 1902 1382
f 1903 1901 2026
f 1896 1898 2407
f 1960 1962 1902
f 1906 1905 1834
f 1875 1905 1867
f 274 2027 6
f 1870 1871 1783
f 1874 1849 1801
f 2247 1834 1874
f 2092 1874 1851
f 1965 1907 1846
f 1907 2087 2030
f 1969 1968 1795
f 1968 1970 2031
f 2034 1973 1974
f 2035 1978 1857
f 1978 1979 1981
f 1979 2036 1981
f 1753 2361 1880
f 1751 1982 2361
f 1982 2038 1910
f 2205 2203 2204
f 1971 1972 1970
f 1754 1911 1755
f 1748 1747 1912
f 1914 2044 1913
f 1985 1912 1937
f 2044 1914 1912
f 1913 1982 1750
f 2062 1988 2061
f 268 1989 17
f 13 1991 1916
f 1917 1882 1991
f 1991 13 12
f 1919 1917 11
f 10 1918 1919
f 12 1917 1991
f 1885 1918 10
f 2097 1918 2045
f 1995 2166 1990
f 2097 1919 1918
f 1882 1919 2363
f 1922 1203 1920
f 1202 1503 1996
f 1931 1205 1933
f 2413 1923 1201
f 1200 1199 2006
f 2049 1923 2419
f 1925 1924 8
f 1926 1925 7
f 7 6 1926
f 1886 2007 1927
f 2008 1927 2052
f 1886 1927 1925
f 1929 1928 1207
f 1930 1928 2009
f 1931 1929 1206
f 1932 2009 1929
f 1412 2053 1414
f 2053 1930 2011
f 1932 1931 1887
f 1933 2055 1887
f 1887 2012 1932
f 1929 1931 1932
f 1204 1933 1205
f 1887 1931 1933
f 1889 1934 1744
f 1888 1934 1935
f 1889 1936 1934
f 2103 1935 1936
f 1934 1936 1935
f 1888 1937 1746
f 1938 2014 1935
f 1938 2015 2014
f 1938 2103 1939
f 2017 1986 2016
f 2024 2023 2066
f 1858 2016 1986
f 1951 2018 2303
f 1890 21 2018
f 2408 1941 18
f 17 2408 294
f 1989 2408 17
f 1893 1942 2408
f 1988 1893 1989
f 1947 1945 1942
f 1942 1893 1947
f 1943 1945 2406
f 1941 1943 1891
f 1950 1947 1893
f 1945 1943 1942
f 1941 1942 1943
f 1947 1946 1945
f 2020 1944 1946
f 2367 1798 2190
f 1944 1945 1946
f 1944 2178 2141
f 2172 2173 2175
f 1949 1950 2062
f 1950 1949 2063
f 20 1951 2303
f 2021 1951 1952
f 1952 238 1891
f 1953 2022 1890
f 1953 1890 2018
f 1954 2022 2064
f 1954 1957 1956
f 1955 2022 1956
f 1957 1954 1830
f 1955 1956 1826
f 1828 1957 1830
f 1829 1956 1957
f 1833 1958 2078
f 1959 1833 2084
f 1899 1900 1959
f 1959 1832 1899
f 1901 1903 1960
f 1962 1960 1903
f 2026 1961 1903
f 1963 1962 2407
f 2407 1962 1903
f 1904 1962 1963
f 1867 1964 275
f 2027 1964 1906
f 2249 1834 2247
f 1965 1846 1966
f 1965 1775 2087
f 2296 1966 1846
f 2244 2241 2239
f 1965 1967 1775
f 2302 2243 2244
f 1907 1965 2087
f 2087 2029 2088
f 2247 2092 2091
f 1969 1795 1820
f 1968 1969 1970
f 1971 1969 1820
f 2031 1970 1876
f 1979 1980 2036
f 1971 1911 1972
f 1969 1971 1970
f 1983 1972 1911
f 1876 1972 2369
f 1974 1973 1198
f 2006 1973 1908
f 1197 1974 1198
f 1975 1909 1857
f 2035 1909 1976
f 1976 1909 1877
f 2094 1909 1975
f 2161 2133 1977
f 2123 2411 1821
f 1978 2035 1195
f 1977 1857 1981
f 1978 1401 1979
f 1857 1978 1981
f 1980 1979 1400
f 1194 1980 1400
f 1980 1855 2032
f 1977 1981 1878
f 2360 1880 1910
f 1910 2037 2042
f 2360 2042 1984
f 1972 1983 2369
f 2360 1984 1983
f 1985 1937 2014
f 2015 1858 1985
f 1912 1858 2044
f 2416 1986 2017
f 1858 1986 2044
f 1913 1750 1914
f 1988 1989 1915
f 1989 1893 2408
f 2061 1988 1915
f 1893 1988 2062
f 2362 1995 1990
f 1993 1990 2166
f 1990 1991 2362
f 2138 2139 2136
f 1993 1881 1990
f 2251 1993 1992
f 1881 1993 2253
f 2135 1992 2111
f 1916 1994 15
f 2046 2097 2045
f 1882 2363 2362
f 1202 1996 2048
f 2048 1921 1202
f 1999 1997 2001
f 2206 2208 1823
f 1921 2048 1997
f 2000 1999 1998
f 2049 1996 1923
f 1999 2001 2420
f 1999 2002 1997
f 2001 2049 2211
f 2001 2048 2049
f 2050 2002 2279
f 2000 2269 2005
f 2005 2002 2000
f 2279 2002 2005
f 2050 1922 1883
f 2275 2270 2412
f 1884 2056 2003
f 2050 2003 1922
f 1441 2340 2004
f 2267 2005 2269
f 2005 2278 2279
f 2266 2413 2006
f 1200 2006 2413
f 1973 2006 1199
f 1886 2079 2007
f 1927 2007 2052
f 2008 2051 2046
f 1932 2059 2009
f 2011 2054 2053
f 1930 2010 2011
f 2057 2011 2010
f 2054 2011 2058
f 2053 2054 1209
f 1800 2075 2076
f 1209 1414 2053
f 1866 1209 2054
f 2055 1933 2004
f 2055 2056 2259
f 1860 2259 2258
f 2013 2059 2060
f 2059 2012 2060
f 1888 2014 1937
f 1935 2014 1888
f 2016 2015 2069
f 2067 1939 2066
f 2037 2039 2041
f 1953 2018 1940
f 1951 1940 2018
f 2368 1940 2021
f 2061 1987 2252
f 2101 2062 2061
f 1946 1950 2063
f 1892 2409 1952
f 2064 2022 1953
f 1830 2065 1936
f 1958 1866 2025
f 2025 2075 2078
f 2078 1958 2025
f 2104 1833 2078
f 1896 1961 2240
f 1964 2027 274
f 2249 1906 1834
f 2090 2091 2030
f 2145 2007 2263
f 2027 1926 6
f 1926 2027 2079
f 1901 2083 2026
f 2087 2081 2029
f 1907 2092 1851
f 2032 2031 2201
f 1968 2032 1855
f 2032 2201 2036
f 2033 2034 1877
f 2094 2411 2033
f 2034 1974 1877
f 2108 2411 2123
f 1976 1196 2035
f 2133 2095 1977
f 2032 2036 1980
f 2201 1878 2036
f 2039 2037 2038
f 2043 2042 2037
f 1984 2042 2205
f 2044 1986 1913
f 2040 2039 2416
f 2041 2040 2096
f 2016 2069 2017
f 2017 2074 2073
f 2096 2151 2109
f 2042 2043 2205
f 2040 2041 2039
f 2043 2037 2041
f 2042 2360 1910
f 2038 1913 1986
f 1885 2045 1918
f 2046 2045 1859
f 2008 2046 1859
f 2047 2046 2163
f 2049 2048 1996
f 1997 2048 2001
f 1997 2002 1883
f 2003 2340 1922
f 2004 2340 2003
f 2266 1908 2414
f 2266 2006 1908
f 2008 2052 2051
f 1930 2053 1412
f 2076 2054 2058
f 2057 2013 1824
f 2055 2259 1860
f 1887 1860 2012
f 2056 2055 2004
f 2003 2056 2004
f 2100 2013 2060
f 2058 2057 2118
f 2057 2010 2013
f 2013 2010 2059
f 2058 2118 2077
f 1824 2182 2146
f 2009 2059 2010
f 2012 2099 2060
f 2100 2099 2112
f 2099 2257 2112
f 1987 2061 1915
f 1893 2062 1950
f 1949 2101 2415
f 2064 2023 2065
f 2023 2024 2065
f 2103 2065 2024
f 2065 2103 1936
f 2023 2191 2190
f 2024 2066 1939
f 2367 2192 2193
f 2068 2017 2069
f 2067 2068 1939
f 2067 2066 1798
f 2068 2067 2070
f 2068 2070 2074
f 1939 2068 2069
f 2074 2070 2072
f 2074 2017 2068
f 2071 2073 2074
f 2071 2074 2072
f 2096 2040 2073
f 2017 2073 2416
f 2076 2075 2025
f 1866 2076 2025
f 2077 2076 2058
f 2077 1800 2076
f 2118 2119 2216
f 1800 2077 2105
f 2080 2027 1906
f 2007 2079 2263
f 2263 2079 2080
f 2027 2080 2079
f 1775 2244 2245
f 2081 2028 2082
f 2084 2104 2028
f 2104 2085 2082
f 2084 2083 1901
f 2246 2083 2028
f 1959 2084 1901
f 1833 2104 2084
f 2075 2085 2078
f 2084 2028 2083
f 2082 2028 2104
f 2075 1800 2085
f 2085 2086 2082
f 2086 2085 1800
f 2086 1800 2105
f 2029 2082 2086
f 2088 2029 2086
f 2030 2088 2090
f 2089 2088 2086
f 2180 2143 2089
f 2088 2089 2090
f 2089 2143 2090
f 2142 2091 2090
f 2092 1907 2030
f 2130 2194 2131
f 2034 2033 2149
f 1909 2094 1877
f 2411 2094 1975
f 2095 1821 1975
f 2094 2033 1877
f 1977 2095 1857
f 2109 2162 2043
f 2151 1796 2109
f 2136 2363 2047
f 2046 2047 2097
f 2138 2136 2110
f 2055 1860 1887
f 1860 2099 2012
f 1824 2013 2100
f 2099 2100 2060
f 2100 2112 2182
f 1822 2113 2415
f 2101 1822 2415
f 2114 1948 2113
f 2101 1949 2062
f 2061 2252 2101
f 2251 2102 1822
f 1993 2111 1992
f 1992 2102 2251
f 2063 2020 1946
f 2063 2116 2365
f 1939 2103 2024
f 2085 2104 2078
f 2144 2180 2181
f 2182 1824 2100
f 2132 2093 2414
f 2129 2108 2107
f 2108 2132 2033
f 2214 2213 2128
f 2051 2187 2163
f 2262 2276 2261
f 1993 2166 2111
f 2165 2139 2138
f 2237 2232 2236
f 2102 2164 2237
f 2102 2113 1822
f 2019 2365 2177
f 2235 2236 2232
f 2116 2115 2167
f 2102 2237 2113
f 2125 2194 2129
f 2116 2167 2177
f 2115 2116 1948
f 2063 1948 2116
f 2236 2115 2114
f 2170 2177 2167
f 2156 2153 2155
f 2167 2168 2140
f 2170 2172 2177
f 2117 2179 2019
f 2105 2089 2086
f 2216 2089 2105
f 2105 2077 2118
f 2105 2118 2216
f 2057 2119 2118
f 2080 1906 2249
f 2181 2180 2217
f 2149 1908 2034
f 2122 2196 2266
f 2107 2108 2123
f 2126 2134 2124
f 2107 2126 2127
f 2174 2214 2173
f 2107 2123 2126
f 2213 2150 2125
f 2194 2125 2131
f 2127 2126 2124
f 2107 2127 2125
f 2123 1821 2126
f 2127 2124 2128
f 2124 1796 2152
f 2152 2151 2155
f 2129 2107 2125
f 2131 2125 2150
f 2188 2130 2131
f 2108 2129 2132
f 2093 2132 2129
f 2201 2031 2202
f 2197 2198 2134
f 1821 2095 2417
f 2417 2134 2126
f 2124 2134 1796
f 2096 2109 2041
f 2109 2043 2041
f 2162 2109 2198
f 2163 2110 2047
f 2052 2186 2185
f 2220 2221 2187
f 2363 2136 1995
f 2110 2136 2047
f 2260 2277 2137
f 2111 2139 2165
f 2189 2172 2170
f 1944 2141 1825
f 1824 2146 2119
f 2181 2106 2144
f 2142 2090 2143
f 2248 2142 2120
f 2142 2143 2144
f 2142 2144 2120
f 2184 2106 2148
f 2217 2146 2147
f 2147 2146 2182
f 2183 2121 2182
f 2148 2147 2121
f 2148 2181 2147
f 2146 2217 2119
f 2148 2121 2219
f 2106 2184 2145
f 2149 2132 2414
f 2214 2176 2173
f 2188 2189 2171
f 2073 2071 2364
f 2151 2152 1796
f 2364 2151 2096
f 2152 2155 2153
f 2124 2152 2128
f 2364 2154 2155
f 2214 2153 2176
f 2152 2153 2128
f 2154 2071 2072
f 2156 2155 2154
f 2156 2154 2418
f 2153 2156 2176
f 2158 2072 2070
f 2366 2418 2160
f 2157 2117 2175
f 2158 2159 2160
f 1798 2367 2159
f 1798 2066 2190
f 2367 2193 2159
f 1798 2159 2158
f 2093 2195 2122
f 1878 2161 1977
f 2162 2198 2199
f 2197 2199 2198
f 2162 2203 2205
f 2221 2163 2187
f 2221 2098 2110
f 2260 2098 2225
f 2166 2139 2111
f 2209 2229 2370
f 2136 2139 1995
f 2139 2166 1995
f 2170 2167 2140
f 2168 2167 2115
f 2206 1823 2195
f 2171 2169 2207
f 2171 2170 2140
f 2189 2173 2172
f 2175 2173 2176
f 2174 2173 2189
f 2174 2150 2213
f 2174 2213 2214
f 2157 2175 2156
f 2177 2117 2019
f 2175 2117 2172
f 2117 2177 2172
f 2365 2178 2020
f 2178 2179 2141
f 2144 2143 2180
f 2216 2180 2089
f 2217 2216 2119
f 2181 2217 2147
f 2106 2181 2148
f 2183 2182 2112
f 2112 2257 2281
f 2182 2121 2147
f 2218 2121 2183
f 2225 2221 2220
f 2187 2051 2185
f 2148 2219 2184
f 2145 2184 2186
f 2185 2184 2219
f 2145 2186 2007
f 2187 2185 2219
f 2052 2185 2051
f 2185 2186 2184
f 2187 2219 2220
f 2186 2052 2007
f 2213 2125 2127
f 2188 2150 2174
f 2188 2171 2130
f 2171 2189 2170
f 2174 2189 2188
f 2064 2191 2023
f 2023 2190 2066
f 2064 1953 2191
f 2222 2367 2190
f 2410 2222 2368
f 2141 2193 1825
f 1825 2193 2192
f 2193 2160 2159
f 2193 2141 2215
f 2193 2215 2160
f 2129 2194 2093
f 2093 2194 2195
f 2122 2195 1823
f 2122 1823 2196
f 2224 2208 2212
f 2206 2130 2207
f 2194 2130 2195
f 2109 1796 2198
f 2134 2198 1796
f 2161 2200 2199
f 2200 2203 2199
f 1878 2200 2161
f 1878 2201 2200
f 1876 2202 2031
f 2201 2202 2200
f 2204 2203 2200
f 2162 2205 2043
f 2369 1984 2204
f 2200 2202 2204
f 2205 2204 1984
f 2168 2236 1797
f 2171 2140 2169
f 2169 2140 2168
f 2168 1797 2169
f 2210 2207 2169
f 2130 2171 2207
f 2210 1797 2223
f 2208 2206 2209
f 2212 2208 2370
f 2000 2226 2269
f 2209 2207 2210
f 2210 2169 1797
f 2229 2209 2210
f 1998 1999 2420
f 1823 2208 2224
f 2212 1998 2420
f 2127 2128 2213
f 2153 2214 2128
f 2215 2157 2366
f 2179 2215 2141
f 2178 2019 2179
f 2216 2217 2180
f 2219 2121 2220
f 2218 2220 2121
f 2220 2218 2225
f 2218 2280 2225
f 2098 2221 2225
f 2163 2221 2110
f 2150 2188 2131
f 1953 1940 2191
f 2368 2191 1940
f 2409 2368 2021
f 2191 2368 2222
f 2191 2222 2190
f 2130 2206 2195
f 2209 2206 2207
f 2212 2370 2227
f 2276 2268 2270
f 2230 2226 2227
f 1797 2235 2223
f 2229 2210 2223
f 2227 1998 2212
f 2224 2196 1823
f 2196 2224 2211
f 2183 2112 2281
f 2260 2225 2280
f 1998 2226 2000
f 2226 2230 2269
f 2230 2227 2370
f 1998 2227 2226
f 2223 2235 2228
f 2231 2233 2228
f 2164 2232 2237
f 2230 2229 2228
f 2230 2370 2229
f 2232 2234 2231
f 2234 2164 2135
f 2135 2265 2412
f 2231 2235 2232
f 2231 2234 2272
f 2223 2228 2229
f 2231 2228 2235
f 2230 2228 2371
f 2164 2234 2232
f 2236 2235 1797
f 2115 2236 2168
f 2113 2237 2114
f 2114 2237 2236
f 2302 2238 2242
f 1779 2239 1808
f 2238 2357 2242
f 2302 2239 2238
f 2244 1967 2241
f 2240 1961 2243
f 2302 2242 2240
f 2239 2241 1808
f 2240 2242 1896
f 1961 2246 2243
f 2245 2028 2081
f 2245 2244 2243
f 1967 2244 1775
f 2239 2302 2244
f 1961 2026 2246
f 2026 2083 2246
f 2245 2081 1775
f 2246 2245 2243
f 2245 2246 2028
f 1791 1779 1793
f 1854 1819 1785
f 2248 2091 2142
f 2264 2080 2249
f 2120 2145 2263
f 2091 2248 2247
f 2248 2264 2247
f 2263 2264 2120
f 2092 2247 1874
f 1972 1876 1970
f 2202 2369 2204
f 2252 1822 2101
f 2253 2251 2252
f 2251 1822 2252
f 1993 2251 2253
f 2253 2252 1987
f 1994 2253 1987
f 2255 2258 2254
f 1884 2259 2056
f 2259 2254 2258
f 2254 2259 1884
f 2279 1884 2050
f 2254 2278 2255
f 2256 2258 2255
f 2258 2257 1860
f 2257 2256 2281
f 2255 2261 2256
f 2258 2256 2257
f 2099 1860 2257
f 2046 2051 2163
f 2261 2260 2280
f 2277 2261 2276
f 2262 2261 2255
f 2264 2263 2080
f 2264 2249 2247
f 2120 2264 2248
f 2154 2364 2071
f 2151 2364 2155
f 1798 2158 2067
f 2070 2067 2158
f 2111 2265 2135
f 2165 2265 2111
f 2419 2266 2196
f 2267 2371 2271
f 2371 2267 2269
f 2371 2269 2230
f 2272 2271 2233
f 2274 2165 2138
f 2267 2271 2268
f 2231 2272 2233
f 2271 2270 2268
f 2412 2272 2234
f 2270 2271 2272
f 2273 2275 2274
f 2137 2274 2138
f 2273 2270 2275
f 2260 2137 2098
f 2273 2274 2137
f 2165 2274 2275
f 2276 2270 2273
f 2165 2275 2265
f 2276 2273 2277
f 2276 2262 2268
f 2137 2277 2273
f 2261 2277 2260
f 2005 2267 2278
f 2135 2412 2234
f 2275 2412 2265
f 2255 2278 2262
f 2279 2278 2254
f 1884 2279 2254
f 2218 2183 2281
f 2256 2280 2281
f 2261 2280 2256
f 2281 2280 2218
f 2282 188 96
f 317 363 316
f 390 363 317
f 699 643 673
f 1096 2287 998
f 811 2284 659
f 2286 964 1043
f 2283 1071 806
f 998 1076 1079
f 2287 1076 998
f 1093 2285 810
f 2287 1096 814
f 1249 2289 1230
f 1235 1232 2290
f 1269 2288 1263
f 595 1284 2291
f 1377 2291 1284
f 1248 1245 1286
f 2292 1229 2289
f 1231 1287 1249
f 2290 2293 1235
f 2293 1288 1235
f 1292 1290 1257
f 1636 1521 1457
f 1636 1457 1424
f 1871 2294 1783
f 2297 2295 1788
f 2297 1793 2301
f 2295 2298 1773
f 1788 1772 2297
f 2300 2299 2404
f 1819 2238 1779
f 1791 1819 1779
f 2296 1806 1843
f 2301 2295 2297
f 1992 2135 2164
f 1992 2164 2102
f 2243 2302 2240
f 105 142 28
f 129 39 120
f 2303 191 193
f 119 128 582
f 223 224 61
f 104 2305 154
f 146 304 148
f 2307 578 107
f 215 2308 214
f 137 169 49
f 172 146 149
f 140 750 199
f 2304 212 126
f 590 593 224
f 273 63 334
f 192 162 193
f 236 162 290
f 217 240 194
f 147 250 200
f 253 170 307
f 223 61 852
f 392 2312 395
f 2313 293 167
f 195 296 297
f 2314 390 391
f 319 2311 186
f 590 224 223
f 2315 2380 380
f 385 384 381
f 389 390 2314
f 132 396 397
f 325 353 417
f 406 458 460
f 420 421 2382
f 325 417 416
f 420 411 431
f 417 412 416
f 424 420 431
f 2316 418 548
f 424 2316 421
f 2317 432 427
f 430 2316 548
f 427 432 426
f 401 399 456
f 459 2307 460
f 2317 423 432
f 489 463 313
f 2319 365 157
f 472 2319 495
f 495 2319 157
f 2318 499 542
f 2320 574 520
f 349 563 527
f 550 2321 551
f 578 2307 579
f 2306 582 183
f 119 2306 155
f 225 591 592
f 754 720 753
f 635 2322 685
f 101 697 48
f 754 753 721
f 665 2322 680
f 2322 743 685
f 783 768 765
f 770 779 772
f 788 2323 919
f 678 791 789
f 792 2324 786
f 2310 921 922
f 817 613 1427
f 761 756 822
f 761 822 766
f 914 966 1114
f 2323 1099 1132
f 2325 906 60
f 788 919 917
f 798 934 972
f 941 1051 940
f 1056 936 1007
f 1120 1056 732
f 1036 1064 1063
f 1080 1081 2326
f 2326 1102 1082
f 2328 2326 1101
f 1163 1160 1165
f 2329 1162 883
f 1247 1225 1254
f 1267 2331 1265
f 1240 1269 1220
f 1183 1360 1403
f 2332 1329 1894
f 1236 1289 1268
f 1310 2330 1263
f 2334 1336 1337
f 1329 2392 1337
f 1311 2334 1338
f 1285 1338 2392
f 2335 1444 840
f 1573 2336 1359
f 2336 1195 1359
f 1404 2338 1525
f 1400 1410 1363
f 1461 2339 1462
f 1543 1474 1416
f 1567 1419 1372
f 2340 1439 1203
f 2342 599 600
f 1541 1525 2337
f 2338 2337 1525
f 1481 1422 1483
f 2343 1686 1316
f 1502 1316 1621
f 1461 2336 1573
f 1483 1567 1485
f 1552 1571 1553
f 1601 1540 1537
f 1581 1582 1638
f 2346 1603 1584
f 1601 1581 1638
f 1601 1638 2345
f 2346 1606 1603
f 1502 1621 1501
f 1662 2347 1621
f 1628 2348 1625
f 2348 1631 1625
f 2349 1629 1628
f 2350 1648 1630
f 1542 1646 1473
f 1651 1590 2397
f 1738 1517 2355
f 2421 1673 1662
f 1316 1684 1662
f 1660 1681 1680
f 1686 2351 1684
f 2351 2352 1623
f 2352 1692 1691
f 2352 1691 1667
f 1684 2351 2421
f 2343 2353 1685
f 2354 1726 1695
f 1683 1738 2355
f 1738 1683 1739
f 2356 16 15
f 2356 1915 16
f 1784 1804 2405
f 1770 1791 1771
f 1804 1806 1805
f 1819 2357 2238
f 1829 2358 1861
f 2332 2359 1807
f 1880 2360 1879
f 1829 1861 1826
f 2361 1753 1752
f 1880 1879 1753
f 1968 1856 1795
f 2360 1983 1879
f 1994 1916 1881
f 2406 1945 1825
f 1994 1987 2356
f 2362 2363 1995
f 1994 1881 2253
f 2340 1441 1439
f 2407 1961 1896
f 2029 2081 2082
f 2411 2108 2033
f 2149 2033 2132
f 2363 2097 2047
f 2063 2365 2020
f 2178 2365 2019
f 2365 2116 2177
f 2115 1948 2114
f 2120 2144 2106
f 1821 2417 2126
f 2417 2133 2197
f 2120 2106 2145
f 2073 2364 2096
f 2158 2160 2418
f 2157 2215 2179
f 2367 2222 2192
f 2368 2409 2410
f 2211 2419 2196
f 2417 2197 2134
f 2369 2202 1876
f 2370 2208 2209
f 2215 2366 2160
f 2117 2157 2179
f 2233 2371 2228
f 2050 1884 2003
f 2262 2278 2268
f 2372 150 105
f 2 188 2282
f 2304 130 115
f 130 2304 129
f 129 2304 125
f 20 2303 193
f 24 25 135
f 103 76 143
f 2373 433 298
f 196 197 215
f 168 2375 216
f 195 241 299
f 258 2375 217
f 331 330 377
f 2377 401 285
f 98 2374 314
f 2376 2378 479
f 2379 348 402
f 272 379 158
f 2380 131 381
f 2376 343 283
f 419 2382 324
f 2381 451 456
f 479 2378 478
f 591 478 2378
f 406 489 458
f 2383 540 567
f 524 561 459
f 337 2378 2376
f 2378 337 592
f 2384 697 101
f 1136 1138 1139
f 635 680 2322
f 2386 1427 1489
f 2385 762 686
f 2387 695 830
f 2387 784 1005
f 788 2388 1099
f 932 2389 1006
f 906 333 60
f 855 69 68
f 941 870 831
f 995 2287 996
f 695 2387 1005
f 1030 1036 1034
f 787 2388 788
f 1038 942 1060
f 1038 1060 1039
f 1073 1075 1078
f 1073 1078 1077
f 1073 1077 1067
f 1102 2388 1049
f 1098 1136 1139
f 1121 1125 1124
f 849 1130 63
f 1098 1156 1134
f 2390 1106 1105
f 1126 1153 1155
f 614 1346 1486
f 1215 1285 2392
f 1337 2391 1335
f 1337 2392 2334
f 1264 1379 1305
f 1474 2393 1542
f 2335 841 1446
f 1462 1411 1409
f 2343 1502 1500
f 1402 2395 1360
f 1530 2394 1435
f 2395 1402 1526
f 1570 1568 1485
f 2395 1403 1360
f 1386 1616 1590
f 2400 1659 1606
f 1611 2345 1644
f 1386 1590 1650
f 1635 2396 1649
f 1646 1542 2396
f 2396 1542 2393
f 1651 2397 1643
f 1688 2398 1670
f 2399 1592 1657
f 1665 1660 2400
f 1671 1659 2399
f 2400 2399 1659
f 2401 1683 1672
f 2401 1670 2398
f 1670 2401 1593
f 1674 1673 2421
f 2398 1318 1739
f 1674 2421 1642
f 1623 1689 1642
f 1623 2352 1690
f 2402 1709 1694
f 1709 2402 1706
f 2403 1706 2402
f 1425 1734 1211
f 1930 1208 1928
f 1842 2404 2298
f 1789 1836 1803
f 189 2405 3
f 1845 2405 1804
f 2406 2410 1892
f 10 1919 11
f 1938 1939 2069
f 1938 2069 2015
f 1892 1943 2406
f 2410 2409 1892
f 2415 2063 1949
f 1903 1961 2407
f 1963 2407 1898
f 2411 1975 1821
f 2413 2266 2419
f 2409 2021 1952
f 2031 2032 1968
f 2039 1986 2416
f 2002 2050 1883
f 2414 1908 2149
f 1948 2415 2113
f 2415 1948 2063
f 2040 2416 2073
f 2138 2110 2098
f 2133 2417 2095
f 2161 2199 2197
f 2137 2138 2098
f 2122 2266 2414
f 2414 2093 2122
f 2418 2154 2072
f 2156 2418 2366
f 2156 2366 2157
f 2156 2175 2176
f 2410 2406 2192
f 1825 2192 2406
f 2049 2419 2211
f 2161 2197 2133
f 2420 2211 2224
f 2420 2001 2211
f 2212 2420 2224
f 2371 2233 2271
f 2272 2412 2270
f 2267 2268 2278
f 1292 1257 1287
f 2300 2404 1784
f 2298 2404 2299
f 2380 381 380
f 385 381 477
f 366 2382 421
f 2382 366 324
f 1052 1126 1155
f 1623 2421 2351
f 1 2405 2
f 1825 1945 1944
f 2038 1986 2039
f 2158 2418 2072