####
#
# OBJ File Generated by Meshlab
#
####
# Object skirt_watertight.obj
#
# Vertices: 2508
# Faces: 5088
#
####
v -0.007618 -0.087558 0.157287
v 0.010281 -0.087900 0.157299
v 0.021812 -0.087858 0.149695
v 0.036207 -0.087078 0.152355
v 0.054824 -0.078272 0.137279
v 0.075951 -0.238434 0.138377
v 0.060370 -0.326892 0.141875
v 0.051134 -0.367745 0.143023
v 0.036154 -0.461435 0.133852
v 0.033738 -0.496119 0.129516
v 0.029517 -0.560944 0.120652
v 0.026971 -0.680736 0.119948
v 0.019850 -0.683544 0.142565
v 0.016850 -0.685149 0.155636
v -0.041098 -0.694450 0.203579
v -0.050156 -0.697056 0.198961
v -0.049949 -0.696564 0.196042
v -0.040770 -0.694176 0.189124
v -0.035922 -0.692737 0.185351
v -0.033827 -0.692293 0.181452
v -0.036867 -0.692762 0.175041
v -0.041786 -0.695967 0.159002
v -0.045261 -0.696977 0.150384
v -0.046558 -0.695468 0.143914
v -0.049192 -0.690466 0.129416
v -0.067936 -0.680626 0.096624
v -0.114357 -0.637524 0.084977
v -0.122418 -0.579414 0.092436
v -0.131465 -0.415943 0.109010
v -0.138462 -0.387295 0.106819
v -0.129222 -0.346694 0.115602
v -0.120024 -0.276302 0.111395
v -0.104668 -0.160176 0.116241
v 0.018787 -0.102155 0.154497
v 0.015145 -0.116922 0.158275
v 0.009566 -0.144999 0.164544
v 0.009961 -0.183296 0.169381
v -0.004523 -0.200632 0.169650
v -0.008618 -0.218783 0.170608
v -0.021976 -0.103548 0.151459
v -0.025875 -0.117904 0.153037
v -0.029375 -0.135993 0.153947
v -0.034655 -0.161636 0.154067
v -0.035528 -0.187049 0.155631
v -0.042441 -0.175059 0.152126
v -0.054234 -0.234090 0.148711
v -0.049483 -0.103224 0.151114
v -0.049114 -0.129699 0.160191
v -0.050149 -0.157592 0.164207
v -0.053129 -0.187320 0.166962
v 0.001124 -0.098736 0.165498
v 0.001508 -0.112397 0.171149
v 0.001169 -0.127946 0.174126
v 0.000208 -0.143401 0.177042
v -0.003136 -0.169274 0.180649
v -0.005753 -0.190476 0.182381
v -0.048624 -0.113878 0.143431
v -0.041524 -0.088056 0.147285
v -0.036574 -0.099106 0.151461
v -0.035411 -0.152378 0.163334
v -0.019457 -0.184588 0.163182
v -0.003995 -0.167905 0.173774
v 0.010370 -0.151757 0.173893
v 0.006504 -0.108943 0.162294
v -0.064056 -0.115304 0.136245
v -0.038773 -0.122847 0.151144
v -0.039809 -0.149847 0.158542
v -0.038075 -0.126418 0.155654
v -0.033910 -0.112948 0.154142
v -0.031170 -0.153230 0.158542
v -0.030609 -0.137108 0.162042
v -0.012955 -0.150443 0.165762
v -0.034687 -0.095101 0.153842
v -0.028006 -0.111902 0.159136
v 0.000493 -0.177878 0.167952
v -0.012911 -0.211116 0.165978
v -0.015154 -0.227489 0.178492
v 0.004222 -0.151104 0.176719
v 0.006392 -0.167164 0.178364
v 0.009434 -0.110352 0.168051
v 0.010889 -0.130986 0.171228
v 0.000084 -0.182139 0.182349
v -0.003677 -0.115339 0.163041
v 0.009833 -0.205875 0.173760
v 0.007894 -0.197511 0.180260
v 0.015137 -0.197143 0.164937
v 0.019786 -0.217799 0.160754
v -0.012603 -0.231379 0.164700
v 0.013362 -0.220350 0.169219
v 0.017458 -0.174437 0.160172
v -0.048936 -0.185980 0.158362
v -0.036374 -0.183808 0.162497
v -0.033607 -0.165579 0.161340
v -0.055610 -0.232757 0.168354
v -0.011747 -0.346211 0.192170
v 0.034450 -0.115053 0.155120
v -0.044725 -0.159027 0.151282
v -0.028785 -0.089291 0.147827
v -0.051179 -0.146606 0.158480
v -0.046506 -0.113378 0.151927
v -0.037347 -0.110577 0.158401
v -0.039310 -0.127112 0.161060
v -0.026858 -0.178030 0.157151
v -0.031805 -0.204138 0.154195
v -0.009997 -0.197141 0.177081
v -0.006987 -0.182647 0.179552
v -0.030553 -0.213657 0.154247
v 0.009881 -0.168431 0.172464
v -0.003274 -0.153301 0.174445
v 0.000718 -0.133341 0.168641
v -0.000308 -0.121878 0.169964
v -0.073563 -0.088166 0.132136
v -0.052082 -0.175834 0.159959
v -0.047709 -0.135024 0.155964
v 0.016998 -0.108233 0.161429
v 0.015341 -0.095923 0.161054
v 0.014498 -0.133133 0.165808
v 0.004127 -0.214046 0.185913
v 0.028621 -0.278842 0.156377
v 0.023592 -0.135107 0.154021
v -0.000124 -0.457995 0.191208
v -0.089879 -0.633742 0.089727
v -0.096201 -0.652382 0.085760
v -0.049771 -0.660653 0.132045
v -0.048302 -0.196875 0.150838
v -0.042362 -0.184290 0.154830
v -0.044424 -0.164740 0.166597
v -0.042988 -0.198054 0.168863
v -0.052883 -0.230906 0.159119
v -0.051452 -0.653682 0.188672
v 0.018734 -0.652468 0.140850
v 0.054420 -0.109632 0.142751
v -0.012502 -0.198014 0.165593
v -0.009207 -0.200102 0.181757
v 0.000204 -0.203416 0.185254
v 0.065662 -0.148618 0.142727
v 0.077180 -0.203956 0.141618
v -0.085377 -0.093509 0.118899
v -0.042663 -0.169163 0.160092
v 0.007716 -0.161748 0.167263
v -0.088816 -0.401616 0.125826
v -0.088329 -0.238788 0.129336
v -0.105816 -0.273011 0.117638
v -0.075031 -0.616037 0.104553
v -0.085742 -0.678574 0.088446
v -0.039215 -0.672694 0.151608
v -0.104887 -0.187673 0.117464
v -0.091264 -0.196462 0.128623
v -0.089682 -0.158767 0.130887
v -0.053309 -0.196295 0.162384
v -0.052226 -0.201412 0.168972
v -0.055224 -0.207279 0.164141
v -0.048302 -0.212259 0.171133
v -0.054428 -0.221228 0.167900
v -0.043342 -0.226163 0.167407
v -0.049614 -0.233680 0.171740
v -0.038766 -0.233466 0.158649
v -0.037585 -0.204879 0.158906
v -0.050393 -0.228690 0.152601
v -0.050726 -0.677672 0.192708
v -0.037692 -0.664559 0.198184
v 0.034225 -0.658912 0.116759
v 0.025553 -0.109681 0.151814
v 0.087700 -0.079943 0.116558
v -0.080410 -0.114787 0.131758
v 0.062503 -0.228534 0.151948
v -0.060494 -0.220838 0.146855
v -0.104442 -0.633422 0.085395
v -0.104007 -0.667624 0.084176
v -0.050906 -0.684560 0.110196
v -0.092728 -0.677769 0.086430
v -0.046903 -0.685918 0.138781
v -0.042967 -0.691221 0.152922
v -0.061243 -0.176116 0.144873
v -0.086027 -0.186441 0.134504
v -0.047536 -0.204195 0.158605
v 0.069538 -0.276989 0.141703
v 0.031175 -0.462211 0.148504
v 0.023886 -0.494038 0.141196
v -0.110845 -0.501293 0.106466
v -0.087560 -0.315545 0.127181
v -0.049899 -0.208412 0.149510
v -0.063002 -0.238291 0.144454
v -0.057101 -0.253084 0.148103
v -0.066122 -0.258608 0.140983
v -0.078801 -0.281668 0.134179
v -0.067054 -0.276385 0.140752
v -0.101365 -0.225792 0.120829
v -0.097364 -0.583152 0.092923
v -0.105046 -0.599679 0.088182
v -0.087985 -0.597433 0.097301
v -0.034008 -0.686066 0.177686
v -0.074754 -0.205180 0.140525
v -0.051636 -0.687696 0.197330
v 0.050278 -0.364707 0.154256
v -0.036676 -0.683475 0.201961
v -0.047536 -0.690333 0.198508
v 0.019608 -0.620355 0.144723
v 0.024724 -0.599681 0.127370
v 0.040553 -0.148877 0.153675
v 0.056657 -0.328680 0.154152
v 0.024463 -0.519849 0.135445
v -0.099345 -0.345146 0.124657
v -0.117391 -0.330773 0.118474
v -0.073974 -0.270545 0.137573
v -0.060448 -0.282497 0.145905
v -0.075835 -0.584028 0.109670
v -0.095146 -0.619527 0.089059
v -0.035209 -0.686646 0.183060
v 0.024829 -0.569039 0.129366
v 0.023037 -0.550795 0.134541
v -0.002494 -0.675872 0.185083
v 0.002765 -0.688737 0.178944
v -0.026965 -0.660509 0.197452
v 0.046380 -0.129250 0.150471
v 0.065228 -0.280752 0.150887
v 0.063706 -0.238159 0.151573
v 0.039360 -0.421827 0.151810
v 0.015958 -0.411061 0.158333
v 0.031859 -0.508613 0.124239
v -0.121844 -0.387094 0.116278
v -0.102223 -0.428588 0.118037
v -0.113196 -0.458732 0.109920
v -0.105483 -0.537783 0.098708
v -0.117811 -0.553347 0.096534
v -0.076446 -0.320695 0.134265
v -0.070722 -0.335944 0.136751
v -0.065748 -0.298083 0.141421
v -0.088939 -0.566316 0.102976
v -0.036813 -0.682406 0.170044
v -0.037949 -0.683451 0.185346
v -0.051769 -0.676651 0.196538
v -0.043392 -0.676235 0.197292
v 0.010723 -0.572207 0.153257
v 0.035322 -0.384275 0.154222
v 0.044708 -0.401662 0.151782
v -0.041167 -0.645890 0.194828
v -0.046760 -0.656748 0.194377
v 0.020404 -0.254604 0.159812
v 0.016661 -0.249221 0.168148
v 0.012830 -0.446071 0.158727
v 0.011476 -0.546662 0.166246
v -0.096828 -0.475308 0.112780
v -0.044174 -0.690138 0.147304
v -0.046696 -0.666709 0.145738
v -0.049077 -0.660671 0.138030
v -0.040431 -0.678769 0.148845
v -0.050596 -0.649398 0.145080
v -0.057407 -0.659377 0.108929
v -0.080153 -0.657073 0.092499
v -0.033821 -0.667114 0.175757
v -0.042654 -0.681123 0.188548
v 0.014712 -0.377179 0.163079
v -0.050842 -0.650751 0.193286
v 0.011738 -0.657429 0.168311
v 0.047083 -0.287064 0.154373
v -0.043226 -0.678171 0.144085
v -0.064245 -0.638074 0.105350
v -0.052900 -0.660712 0.192168
v -0.037416 -0.636100 0.179491
v 0.014962 -0.581656 0.146636
v -0.052955 -0.658986 0.194000
v 0.001583 -0.654261 0.183631
v 0.009234 -0.618405 0.177870
v 0.028133 -0.344497 0.156805
v 0.022225 -0.330891 0.157419
v -0.072725 -0.656284 0.099922
v -0.036958 -0.652327 0.180506
v -0.041317 -0.650999 0.182633
v -0.054290 -0.651305 0.192102
v -0.050854 -0.640031 0.185994
v -0.054471 -0.644591 0.189728
v -0.053859 -0.635762 0.141539
v -0.034763 -0.649803 0.173652
v -0.054747 -0.627503 0.189567
v -0.050332 -0.629059 0.192354
v 0.021606 -0.306446 0.158317
v -0.035775 -0.643724 0.177865
v -0.035916 -0.657566 0.178621
v -0.038473 -0.664992 0.183346
v -0.054973 -0.619573 0.187024
v -0.053442 -0.618465 0.190238
v -0.053819 -0.642257 0.191912
v 0.008566 -0.584827 0.164050
v 0.008624 -0.566532 0.173764
v 0.007230 -0.595467 0.180320
v -0.012667 -0.622600 0.191645
v -0.042568 -0.617731 0.192876
v -0.037912 -0.626538 0.194372
v -0.012719 -0.212572 0.176871
v -0.008481 -0.209691 0.183702
v -0.023669 -0.288279 0.157030
v -0.042023 -0.257834 0.163087
v 0.038023 -0.247120 0.154342
v 0.052477 -0.186602 0.152159
v 0.029599 -0.194915 0.154849
v -0.056962 -0.250509 0.168416
v -0.055506 -0.249194 0.160520
v -0.046184 -0.244521 0.170876
v -0.044471 -0.272919 0.168355
v -0.055713 -0.298917 0.171303
v -0.057075 -0.262220 0.164126
v -0.055126 -0.260297 0.156441
v -0.056488 -0.263847 0.150622
v -0.056753 -0.273440 0.159173
v -0.059011 -0.296204 0.160334
v -0.059466 -0.298669 0.165610
v -0.057820 -0.275486 0.168357
v -0.078715 -0.306218 0.133805
v -0.061086 -0.296464 0.147551
v -0.059855 -0.324212 0.155662
v -0.057146 -0.350566 0.170123
v -0.060550 -0.307292 0.153920
v -0.060443 -0.326340 0.162390
v -0.059854 -0.315523 0.159282
v -0.061714 -0.339000 0.158799
v -0.059669 -0.316295 0.165947
v -0.056221 -0.326699 0.171158
v -0.048570 -0.299795 0.171879
v -0.059451 -0.342300 0.166651
v -0.062142 -0.368289 0.163001
v -0.034502 -0.288129 0.156734
v -0.001793 -0.273685 0.190154
v 0.017155 -0.291708 0.164508
v 0.013877 -0.280935 0.175327
v 0.007154 -0.260949 0.179663
v 0.012378 -0.236675 0.172194
v 0.002943 -0.311409 0.187606
v -0.006563 -0.258608 0.189799
v 0.005621 -0.229267 0.185560
v 0.013774 -0.312803 0.177772
v -0.015982 -0.241256 0.182265
v -0.014734 -0.263517 0.186092
v -0.009808 -0.231352 0.186465
v -0.015484 -0.234585 0.175802
v -0.018345 -0.256037 0.163253
v -0.018949 -0.261314 0.176186
v -0.014729 -0.252551 0.169680
v -0.024831 -0.304905 0.181031
v -0.014673 -0.283665 0.188894
v -0.012237 -0.301031 0.190506
v -0.018354 -0.301195 0.186811
v 0.012075 -0.472089 0.181651
v 0.008531 -0.509936 0.162755
v 0.011553 -0.512670 0.174672
v 0.010884 -0.547855 0.153372
v -0.046557 -0.662363 0.151788
v -0.041113 -0.663889 0.153701
v -0.035181 -0.668330 0.159671
v -0.040144 -0.649935 0.156872
v -0.035672 -0.671013 0.181291
v -0.034143 -0.658414 0.172435
v -0.033956 -0.665584 0.167687
v 0.009023 -0.614846 0.165328
v 0.020043 -0.236620 0.160158
v 0.011137 -0.380884 0.185705
v 0.014444 -0.392404 0.169660
v 0.013745 -0.361428 0.173239
v 0.008421 -0.327499 0.185084
v 0.015693 -0.321514 0.173454
v -0.028926 -0.342015 0.180057
v -0.008291 -0.358053 0.190951
v -0.018615 -0.341473 0.189748
v -0.032752 -0.374204 0.177598
v -0.029382 -0.374618 0.185355
v -0.025119 -0.333364 0.185023
v -0.025019 -0.303775 0.176077
v -0.023243 -0.286176 0.176337
v -0.026466 -0.315721 0.176504
v -0.018050 -0.278776 0.166624
v -0.025253 -0.353286 0.187262
v -0.030727 -0.358453 0.180577
v -0.020517 -0.284283 0.182313
v -0.022903 -0.275141 0.156808
v -0.066421 -0.608656 0.109472
v -0.057322 -0.610743 0.126395
v -0.041981 -0.596804 0.192217
v -0.050465 -0.607917 0.190761
v -0.048590 -0.581176 0.189952
v -0.033824 -0.586649 0.193017
v 0.001382 -0.576155 0.187333
v -0.052354 -0.560323 0.183374
v -0.053964 -0.611961 0.185129
v -0.051035 -0.571312 0.187172
v -0.034039 -0.550097 0.192556
v -0.046853 -0.563162 0.189711
v -0.053295 -0.580196 0.186029
v -0.055105 -0.603767 0.187203
v -0.052858 -0.571102 0.182579
v -0.053113 -0.591842 0.188475
v -0.037163 -0.550995 0.175329
v 0.009407 -0.539279 0.177329
v -0.050581 -0.561378 0.180292
v -0.053342 -0.245482 0.152896
v -0.050809 -0.279166 0.171738
v -0.064368 -0.347231 0.148217
v -0.063447 -0.359006 0.153285
v -0.063513 -0.369295 0.157344
v -0.030622 -0.363525 0.158340
v -0.037395 -0.336294 0.160095
v -0.026301 -0.324668 0.157880
v -0.049184 -0.368080 0.171490
v -0.037313 -0.319932 0.160072
v -0.049258 -0.337619 0.172409
v -0.036488 -0.358445 0.160005
v -0.055536 -0.371363 0.171020
v -0.052739 -0.389645 0.171524
v -0.022208 -0.347573 0.165048
v -0.028816 -0.306428 0.156444
v -0.019456 -0.297461 0.162400
v -0.021119 -0.299421 0.170000
v -0.030430 -0.359917 0.174932
v -0.023860 -0.253025 0.156580
v -0.029592 -0.269446 0.154944
v -0.092124 -0.422993 0.123776
v -0.099985 -0.406082 0.121793
v -0.073382 -0.407290 0.133657
v -0.066115 -0.371191 0.141502
v -0.076567 -0.372946 0.132429
v -0.095157 -0.370275 0.124618
v -0.084315 -0.381670 0.127985
v -0.078195 -0.348285 0.131918
v -0.084234 -0.334290 0.129077
v -0.064191 -0.460192 0.144814
v -0.063768 -0.398306 0.146012
v -0.064786 -0.410604 0.153714
v -0.063176 -0.430395 0.148080
v -0.088819 -0.496060 0.112979
v -0.082212 -0.521471 0.113677
v -0.080302 -0.544855 0.111770
v -0.063656 -0.592787 0.116341
v -0.058178 -0.577710 0.144239
v -0.071305 -0.543015 0.117354
v 0.012553 -0.398769 0.183468
v -0.021263 -0.417889 0.192590
v -0.029530 -0.396485 0.186662
v -0.000503 -0.386648 0.189202
v -0.021709 -0.365626 0.190992
v -0.022960 -0.403049 0.191906
v 0.003593 -0.429689 0.188943
v 0.015780 -0.412150 0.176249
v 0.013520 -0.453057 0.180903
v 0.015645 -0.439370 0.169153
v 0.009541 -0.479441 0.158827
v 0.012393 -0.491877 0.174094
v 0.011391 -0.467051 0.166224
v -0.043676 -0.473675 0.178840
v -0.035021 -0.485590 0.188868
v -0.024199 -0.462980 0.191954
v -0.041008 -0.474627 0.184500
v -0.009124 -0.322182 0.192551
v -0.021253 -0.273916 0.178917
v -0.077944 -0.632012 0.099670
v -0.043364 -0.612020 0.180098
v -0.050627 -0.609994 0.183173
v -0.033257 -0.645132 0.164836
v -0.034826 -0.641713 0.174532
v -0.037906 -0.615604 0.177689
v -0.044396 -0.626007 0.156691
v -0.051159 -0.617739 0.157221
v -0.034188 -0.624796 0.168377
v -0.034917 -0.610310 0.167597
v -0.034991 -0.628741 0.175373
v -0.056662 -0.605197 0.154717
v -0.054253 -0.624037 0.153222
v -0.050719 -0.641183 0.153994
v -0.052776 -0.639403 0.149337
v -0.034369 -0.612833 0.173054
v -0.054226 -0.616440 0.155493
v -0.046024 -0.642996 0.155098
v -0.042931 -0.522731 0.176820
v -0.069157 -0.356570 0.137560
v -0.062748 -0.358634 0.160405
v -0.063854 -0.384354 0.161389
v -0.060904 -0.390539 0.165519
v -0.064243 -0.376120 0.154106
v -0.065027 -0.407692 0.160783
v -0.057192 -0.403206 0.169560
v -0.061815 -0.411351 0.165525
v -0.020884 -0.325955 0.164652
v -0.028372 -0.375542 0.173135
v -0.035213 -0.377685 0.159057
v -0.041249 -0.387408 0.163908
v -0.025606 -0.399606 0.162903
v -0.028183 -0.388494 0.159549
v -0.049625 -0.407828 0.169553
v -0.034928 -0.403114 0.158985
v -0.025671 -0.339237 0.158770
v -0.024462 -0.363626 0.159862
v -0.027077 -0.336887 0.173945
v -0.035633 -0.234871 0.155341
v -0.023712 -0.225982 0.157159
v -0.018605 -0.245326 0.161634
v -0.092895 -0.444211 0.121940
v -0.080603 -0.427860 0.128270
v -0.073687 -0.454096 0.129405
v -0.098786 -0.454032 0.115616
v -0.091246 -0.464338 0.120991
v -0.073208 -0.491283 0.126188
v -0.081595 -0.468145 0.125984
v -0.080671 -0.497660 0.123030
v -0.061979 -0.499948 0.146989
v -0.065282 -0.477943 0.153589
v -0.065044 -0.499145 0.153456
v -0.063084 -0.478118 0.147558
v -0.061526 -0.553606 0.157986
v -0.062228 -0.531235 0.149749
v -0.063214 -0.515447 0.160279
v -0.058919 -0.518779 0.164266
v -0.063671 -0.525315 0.154853
v -0.062394 -0.543508 0.155658
v -0.060430 -0.541767 0.161501
v -0.052232 -0.525827 0.164825
v -0.090050 -0.534846 0.107705
v -0.060184 -0.528303 0.142732
v -0.067906 -0.528432 0.124931
v -0.061119 -0.548686 0.149238
v -0.057918 -0.571657 0.134888
v -0.058837 -0.551529 0.139519
v -0.029962 -0.497415 0.191508
v -0.044884 -0.488690 0.182212
v -0.039209 -0.503950 0.187995
v -0.046721 -0.511300 0.183612
v -0.045623 -0.518056 0.177718
v -0.047792 -0.517002 0.180354
v -0.042687 -0.494495 0.176355
v -0.045356 -0.497136 0.178680
v -0.029535 -0.432727 0.189846
v -0.018453 -0.426766 0.192657
v -0.035884 -0.437231 0.185808
v -0.033318 -0.424905 0.186521
v -0.053604 -0.633439 0.131818
v -0.055513 -0.617495 0.144281
v -0.055937 -0.613320 0.139842
v -0.035928 -0.610803 0.161600
v -0.033035 -0.581216 0.171124
v -0.033826 -0.601748 0.172585
v -0.047014 -0.587879 0.159604
v -0.039141 -0.599938 0.176537
v -0.034716 -0.586370 0.164204
v -0.036451 -0.595617 0.161732
v -0.054876 -0.577106 0.160252
v -0.048674 -0.600690 0.158967
v -0.058954 -0.570046 0.158689
v -0.058008 -0.555406 0.161104
v -0.054645 -0.601883 0.158128
v -0.061002 -0.561843 0.152318
v 0.000299 -0.529147 0.190388
v -0.046994 -0.560223 0.179400
v -0.048320 -0.587506 0.180581
v -0.032395 -0.559201 0.171243
v -0.033564 -0.534597 0.173024
v -0.032924 -0.556450 0.164895
v -0.031459 -0.541859 0.165371
v -0.036409 -0.520307 0.162000
v -0.029975 -0.520262 0.165125
v -0.029019 -0.508768 0.167274
v -0.031975 -0.538255 0.170272
v -0.037416 -0.574326 0.175406
v -0.039210 -0.549971 0.161486
v -0.050162 -0.576539 0.180611
v -0.053042 -0.581359 0.183253
v -0.052467 -0.596477 0.183267
v -0.064504 -0.427536 0.162268
v -0.064807 -0.429988 0.156346
v -0.063469 -0.444211 0.151470
v -0.065317 -0.464563 0.151744
v -0.061223 -0.461698 0.166548
v -0.064474 -0.453237 0.154794
v -0.065214 -0.469352 0.159496
v -0.062041 -0.430954 0.166585
v -0.054511 -0.451765 0.168310
v -0.064787 -0.484197 0.161600
v -0.065183 -0.445145 0.160682
v -0.052391 -0.421076 0.169668
v -0.063715 -0.472472 0.164213
v -0.056038 -0.477142 0.168022
v -0.062683 -0.506577 0.162587
v -0.060403 -0.487818 0.165932
v -0.045141 -0.452769 0.164173
v -0.041526 -0.498504 0.163729
v -0.056010 -0.499927 0.166765
v -0.034784 -0.498865 0.161955
v -0.027248 -0.469605 0.165554
v -0.032674 -0.471611 0.161275
v -0.039241 -0.471467 0.162294
v -0.028685 -0.490357 0.164303
v -0.033232 -0.439049 0.159713
v -0.033212 -0.482019 0.172576
v -0.056255 -0.591500 0.136863
v -0.058320 -0.588095 0.150132
v -0.056032 -0.610169 0.146635
v 0.003819 -0.492491 0.189817
v -0.037936 -0.430417 0.176484
v -0.038157 -0.428085 0.180851
v -0.040548 -0.449701 0.181516
v -0.035694 -0.429894 0.174296
v -0.026432 -0.414312 0.168592
v -0.034280 -0.410647 0.183779
v -0.036527 -0.411047 0.179489
v -0.033603 -0.405881 0.175097
v -0.059198 -0.583437 0.155064
v -0.012052 -0.502462 0.191430
v -0.042723 -0.543698 0.190297
v -0.034809 -0.523759 0.191739
v -0.049790 -0.538434 0.183803
v -0.049250 -0.532542 0.179626
v -0.003310 -0.546099 0.191418
v -0.052041 -0.558473 0.161740
v -0.027860 -0.410165 0.160278
v -0.038710 -0.418719 0.161055
v -0.039698 -0.427402 0.160664
v -0.028890 -0.427250 0.159974
v -0.024554 -0.387980 0.167054
v -0.032282 -0.500966 0.172142
v -0.026451 -0.428897 0.164632
v -0.039314 -0.457577 0.175040
v -0.029765 -0.450941 0.170516
v -0.134169 -0.080447 0.073201
v -0.142823 -0.095028 0.064074
v -0.146319 -0.082163 0.030758
v -0.154804 -0.081824 0.019280
v -0.140017 -0.096385 -0.030864
v -0.130887 -0.099411 -0.049025
v -0.139011 -0.124186 -0.054724
v -0.151839 -0.177423 -0.062006
v -0.157081 -0.205482 -0.060250
v -0.150060 -0.276673 -0.070029
v -0.149927 -0.340545 -0.074947
v -0.141356 -0.405331 -0.080918
v -0.137516 -0.445135 -0.084394
v -0.130610 -0.504063 -0.091694
v -0.130220 -0.534907 -0.093003
v -0.128226 -0.579643 -0.094936
v -0.114741 -0.669388 -0.098462
v -0.179416 -0.691397 0.012945
v -0.193918 -0.692448 0.027164
v -0.189165 -0.690488 0.036451
v -0.178149 -0.684434 0.035102
v -0.140482 -0.667931 0.029813
v -0.153640 -0.670464 0.038524
v -0.203150 -0.678941 0.045080
v -0.196453 -0.679430 0.061894
v -0.174483 -0.680044 0.072996
v -0.158240 -0.096146 0.019600
v -0.161937 -0.110072 0.021652
v -0.169205 -0.129304 0.021175
v -0.177617 -0.183168 0.007062
v -0.175400 -0.202991 -0.002900
v -0.177846 -0.220524 -0.004998
v -0.181127 -0.234220 -0.001736
v -0.175404 -0.169054 0.018313
v -0.180055 -0.197989 0.016132
v -0.186123 -0.228360 0.015676
v -0.150678 -0.131437 0.063790
v -0.157153 -0.154058 0.063633
v -0.165539 -0.166916 0.057714
v -0.170699 -0.195265 0.055083
v -0.177748 -0.228588 0.051943
v -0.156559 -0.173045 0.066712
v -0.124608 -0.095902 0.087002
v -0.139752 -0.119985 0.086164
v -0.153940 -0.154214 0.082491
v -0.155639 -0.089343 0.041564
v -0.168347 -0.110110 0.036798
v -0.179121 -0.147893 0.028978
v -0.187812 -0.180675 0.024362
v -0.170220 -0.189147 -0.017860
v -0.193438 -0.208601 0.011292
v -0.179316 -0.182436 0.025189
v -0.172771 -0.151956 0.028554
v -0.166272 -0.163159 0.039978
v -0.176912 -0.128613 0.021955
v -0.161187 -0.143612 0.071667
v -0.141826 -0.098847 0.078189
v -0.136862 -0.103618 0.077260
v -0.133751 -0.091717 0.076035
v -0.144706 -0.108432 0.064559
v -0.186979 -0.192326 0.009112
v -0.185343 -0.207678 0.008703
v -0.194420 -0.222092 0.022325
v -0.185174 -0.171865 0.017275
v -0.174340 -0.128072 0.028217
v -0.182780 -0.153610 0.018008
v -0.159825 -0.144873 0.064850
v -0.154467 -0.129646 0.040788
v -0.135088 -0.087704 0.079198
v -0.132689 -0.093563 0.084430
v -0.145523 -0.100372 0.069760
v -0.152640 -0.116373 0.070883
v -0.144041 -0.124351 0.075137
v -0.151623 -0.141197 0.073664
v -0.187496 -0.221899 0.021250
v -0.186457 -0.206021 0.024428
v -0.182694 -0.176687 0.009424
v -0.142867 -0.080433 0.044581
v -0.143989 -0.132465 0.070022
v -0.197951 -0.221867 0.013550
v -0.185316 -0.222729 0.005648
v -0.179909 -0.221218 0.022630
v -0.144775 -0.094257 0.049239
v -0.172903 -0.180963 0.003285
v -0.176614 -0.167968 0.007532
v -0.171030 -0.193138 0.046310
v -0.113349 -0.685248 -0.096149
v -0.136762 -0.671146 -0.084022
v -0.129835 -0.667895 -0.089531
v -0.214027 -0.374515 0.013843
v -0.152092 -0.109136 0.007931
v -0.190851 -0.612670 0.033369
v -0.115049 -0.677809 0.083979
v -0.177335 -0.222875 0.078536
v -0.181645 -0.316481 0.072207
v -0.156943 -0.181140 0.076886
v -0.167599 -0.175240 0.073310
v -0.175465 -0.154523 0.016398
v -0.171578 -0.113722 0.022514
v -0.165161 -0.097070 0.028691
v -0.173188 -0.130756 0.017159
v -0.165705 -0.130792 0.031316
v -0.155642 -0.085921 0.032992
v -0.142362 -0.137547 0.082724
v -0.122122 -0.081396 0.079685
v -0.149506 -0.138425 -0.026227
v -0.180834 -0.157934 0.011772
v -0.155054 -0.136104 0.077033
v -0.130416 -0.107447 0.082698
v -0.147946 -0.153985 0.079811
v -0.188857 -0.196095 0.024518
v -0.193565 -0.208638 0.019843
v -0.138423 -0.153530 0.084344
v -0.174444 -0.210679 0.045458
v -0.173926 -0.626856 0.078342
v -0.176554 -0.222818 0.064160
v -0.171468 -0.194959 0.063894
v -0.165893 -0.155936 0.066711
v -0.154819 -0.169444 0.082923
v -0.158333 -0.163010 0.071387
v -0.161801 -0.160698 0.075757
v -0.162584 -0.188000 0.072036
v -0.154198 -0.183469 -0.051680
v -0.160188 -0.228101 -0.060396
v -0.160434 -0.145345 0.037880
v -0.154374 -0.111839 0.027714
v -0.120848 -0.145084 0.105791
v -0.150934 -0.140171 -0.042773
v -0.147313 -0.116580 0.079730
v -0.191036 -0.199122 0.016756
v -0.161925 -0.202132 0.067192
v -0.173634 -0.217137 -0.018281
v -0.164713 -0.221045 -0.039686
v -0.131338 -0.641281 -0.091158
v -0.143663 -0.686887 -0.073972
v -0.149039 -0.124564 -0.012324
v -0.146616 -0.119146 -0.031314
v -0.148136 -0.087601 0.006169
v -0.141576 -0.096656 -0.008463
v -0.160066 -0.138436 0.009598
v -0.155039 -0.119671 0.009218
v -0.143654 -0.636716 0.024065
v -0.149144 -0.570288 0.077720
v -0.151409 -0.679020 0.077817
v -0.132933 -0.678137 0.081437
v -0.174695 -0.213080 0.053678
v -0.166960 -0.228649 0.067489
v -0.162799 -0.208843 0.076713
v -0.148287 -0.307190 0.100011
v -0.178841 -0.450286 0.074003
v -0.117942 -0.240473 0.109963
v -0.157996 -0.218712 0.075608
v -0.173246 -0.205941 0.070263
v -0.171220 -0.208956 0.083659
v -0.168162 -0.193293 0.082243
v -0.164590 -0.198708 0.083191
v -0.129457 -0.188353 0.104222
v -0.165518 -0.269733 -0.055847
v -0.150712 -0.648903 -0.055445
v -0.143040 -0.550004 -0.077388
v -0.142037 -0.581093 -0.079279
v -0.132634 -0.625037 -0.090662
v -0.172210 -0.689820 -0.029996
v -0.189051 -0.686431 0.018059
v -0.153328 -0.373956 -0.066357
v -0.155996 -0.138055 -0.011026
v -0.132088 -0.614431 0.086757
v -0.145462 -0.527766 0.086273
v -0.200980 -0.669541 0.053016
v -0.129240 -0.633546 0.086993
v -0.131895 -0.290799 0.111306
v -0.158769 -0.251696 0.081428
v -0.143414 -0.198677 0.088918
v -0.135255 -0.224805 0.101500
v -0.175743 -0.251750 -0.023964
v -0.136862 -0.563316 -0.086983
v -0.124315 -0.626316 -0.096744
v -0.170899 -0.654613 -0.036535
v -0.148139 -0.687117 -0.051695
v -0.186887 -0.683626 0.035867
v -0.193507 -0.684416 0.032679
v -0.152000 -0.673194 0.014069
v -0.150939 -0.503884 0.085529
v -0.130300 -0.520631 0.094287
v -0.146438 -0.436534 -0.073459
v -0.146019 -0.409092 -0.074229
v -0.179462 -0.294038 -0.028510
v -0.172079 -0.329752 -0.044363
v -0.174876 -0.350828 -0.040423
v -0.158071 -0.325866 -0.063929
v -0.128378 -0.594183 0.089098
v -0.136235 -0.569745 0.086165
v -0.134532 -0.548751 0.090980
v -0.198851 -0.662231 0.038327
v -0.171843 -0.650826 0.076413
v -0.124763 -0.651272 0.085501
v -0.145111 -0.351791 0.103411
v -0.158498 -0.259918 0.083598
v -0.162695 -0.237244 0.073308
v -0.168261 -0.253665 0.072182
v -0.167880 -0.276604 0.076309
v -0.176799 -0.267377 0.070607
v -0.144882 -0.645298 -0.075900
v -0.136339 -0.596930 -0.088028
v -0.158285 -0.579591 -0.055764
v -0.177573 -0.677045 0.004253
v -0.193177 -0.674339 0.033382
v -0.194028 -0.676537 0.026183
v -0.138801 -0.490704 0.092292
v -0.154524 -0.510987 0.080375
v -0.139981 -0.486205 -0.081495
v -0.165862 -0.361314 -0.056876
v -0.186952 -0.664457 0.038960
v -0.174001 -0.674535 0.038757
v -0.155468 -0.654613 0.037908
v -0.119280 -0.609053 0.086184
v -0.148285 -0.539282 0.079754
v -0.160158 -0.554820 0.077921
v -0.192512 -0.678205 0.037629
v -0.164649 -0.347869 0.084044
v -0.145542 -0.458189 0.090074
v -0.164753 -0.291711 0.081390
v -0.172441 -0.282834 -0.042508
v -0.139270 -0.514288 -0.083636
v -0.175857 -0.370597 -0.039036
v -0.177681 -0.420052 -0.020935
v -0.160742 -0.400408 -0.058408
v -0.165632 -0.416915 -0.050647
v -0.181350 -0.390941 -0.017306
v -0.178831 -0.391362 -0.025730
v -0.152299 -0.451017 -0.066008
v -0.163055 -0.447216 -0.052229
v -0.136841 -0.590907 0.082458
v -0.148035 -0.612427 0.078525
v -0.147696 -0.639955 0.083414
v -0.158592 -0.330288 0.092277
v -0.167082 -0.329097 0.080631
v -0.130157 -0.456354 0.102794
v -0.159271 -0.460023 0.081325
v -0.172028 -0.299054 0.071102
v -0.170718 -0.319352 0.074661
v -0.159090 -0.642119 0.015427
v -0.178361 -0.640475 -0.009485
v -0.190596 -0.662956 0.014760
v -0.147026 -0.661199 0.013305
v -0.143093 -0.649201 0.014968
v -0.147755 -0.484232 -0.071713
v -0.184899 -0.364892 -0.007944
v -0.159765 -0.470829 -0.056076
v -0.147026 -0.662782 0.034404
v -0.175465 -0.607991 0.077016
v -0.199017 -0.625057 0.053773
v -0.162940 -0.513964 0.074996
v -0.183024 -0.582788 0.075621
v -0.158643 -0.592606 0.076242
v -0.160062 -0.405200 0.083036
v -0.148492 -0.480299 0.088759
v -0.159837 -0.560949 -0.055517
v -0.162854 -0.627704 -0.042346
v -0.137449 -0.668049 0.017354
v -0.140704 -0.656986 0.025827
v -0.182937 -0.357516 -0.013973
v -0.182842 -0.336607 -0.023719
v -0.186566 -0.322788 -0.008917
v -0.189328 -0.351034 -0.003894
v -0.198406 -0.348799 0.001816
v -0.146836 -0.508548 -0.073686
v -0.148735 -0.640156 0.032107
v -0.189561 -0.601450 0.070759
v -0.197436 -0.613603 0.058684
v -0.204278 -0.374491 0.004761
v -0.197016 -0.389057 0.001521
v -0.200851 -0.618586 0.044281
v -0.187650 -0.400967 -0.004662
v -0.199753 -0.434545 0.003987
v -0.199781 -0.323906 0.002518
v -0.209868 -0.366662 0.006862
v -0.207230 -0.339046 0.006116
v -0.211936 -0.390666 0.007986
v -0.194374 -0.275492 0.015902
v -0.205005 -0.262162 0.015138
v -0.193092 -0.237484 0.021843
v -0.200790 -0.232754 0.017512
v -0.197838 -0.269814 0.020791
v -0.200250 -0.254809 0.020987
v -0.207954 -0.318554 0.008832
v -0.202857 -0.333773 0.012907
v -0.183022 -0.237837 0.016764
v -0.190480 -0.244366 0.018897
v -0.206180 -0.320677 0.018940
v -0.208844 -0.295136 0.016934
v -0.207100 -0.277703 0.017165
v -0.187845 -0.300547 -0.005100
v -0.211719 -0.322929 0.013642
v -0.211668 -0.352273 0.018190
v -0.212252 -0.355991 0.011517
v -0.177171 -0.226173 0.045276
v -0.204454 -0.287529 0.008357
v -0.202763 -0.293597 0.019577
v -0.186416 -0.321610 0.038220
v -0.195590 -0.320879 0.011492
v -0.188561 -0.379706 0.012251
v -0.190588 -0.336302 0.014103
v -0.189348 -0.329365 0.026061
v -0.186879 -0.344899 0.033444
v -0.183578 -0.258336 0.051059
v -0.202889 -0.272808 0.009886
v -0.189357 -0.273132 0.000166
v -0.196179 -0.259246 0.005806
v -0.193009 -0.303725 0.016729
v -0.195762 -0.300080 0.011903
v -0.187955 -0.353036 0.023839
v -0.201450 -0.355862 0.065832
v -0.214210 -0.396470 0.013522
v -0.179722 -0.241851 0.048561
v -0.196591 -0.376236 0.011762
v -0.207197 -0.379533 0.018450
v -0.179642 -0.233489 0.059181
v -0.190492 -0.309632 0.022976
v -0.186767 -0.287134 0.031080
v -0.188471 -0.312278 0.030204
v -0.183864 -0.279304 0.046933
v -0.188877 -0.279815 0.016170
v -0.182364 -0.246031 0.026998
v -0.184120 -0.269437 0.034058
v -0.212180 -0.414859 0.009387
v -0.208568 -0.404662 0.005260
v -0.206589 -0.420572 0.005075
v -0.191049 -0.402934 0.010700
v -0.203938 -0.411414 0.019443
v -0.214305 -0.420276 0.013513
v -0.195935 -0.311741 0.069451
v -0.187238 -0.264526 0.015546
v -0.182498 -0.257730 0.040952
v -0.153570 -0.095240 0.032661
v -0.161663 -0.114039 0.033640
v -0.124705 -0.116954 0.086948
v -0.161464 -0.181023 -0.035815
v -0.166521 -0.529808 -0.048133
v -0.174521 -0.523467 -0.033197
v -0.170205 -0.509184 -0.041831
v -0.177432 -0.478713 -0.024870
v -0.177563 -0.497020 -0.025760
v -0.167259 -0.492849 -0.046689
v -0.154759 -0.506454 -0.060426
v -0.171953 -0.560770 -0.034197
v -0.194935 -0.519317 0.006257
v -0.181085 -0.526820 -0.019615
v -0.175886 -0.574719 -0.024307
v -0.174300 -0.452812 -0.034448
v -0.180862 -0.484863 -0.010119
v -0.174957 -0.472718 -0.032707
v -0.179843 -0.460043 -0.012783
v -0.176430 -0.454766 -0.025514
v -0.198647 -0.635263 0.048403
v -0.195975 -0.653417 0.049075
v -0.182171 -0.638289 0.074144
v -0.193738 -0.650093 0.065969
v -0.185343 -0.650482 0.037238
v -0.159460 -0.609641 0.035270
v -0.190170 -0.639989 0.034675
v -0.197272 -0.648067 0.036441
v -0.198832 -0.625555 0.039152
v -0.196476 -0.634025 0.060042
v -0.187809 -0.624043 0.070812
v -0.180737 -0.628043 0.036225
v -0.157894 -0.633460 0.036930
v -0.175841 -0.420113 -0.033755
v -0.168560 -0.448413 0.073890
v -0.159446 -0.433828 0.080045
v -0.171550 -0.497957 0.074484
v -0.159335 -0.493686 0.077041
v -0.157937 -0.478951 0.079965
v -0.166880 -0.476280 0.073589
v -0.188753 -0.499850 0.076201
v -0.186357 -0.520859 0.076157
v -0.192880 -0.518282 0.072069
v -0.203554 -0.542723 0.053165
v -0.201140 -0.523881 0.060626
v -0.183001 -0.650268 0.006171
v -0.185970 -0.559420 0.074940
v -0.179019 -0.547504 0.076806
v -0.199764 -0.596582 0.055111
v -0.198379 -0.568584 0.061266
v -0.191262 -0.582887 0.069333
v -0.198412 -0.544784 0.063482
v -0.189403 -0.535043 0.074242
v -0.193277 -0.550988 0.070227
v -0.202890 -0.561545 0.052088
v -0.197849 -0.580020 0.060790
v -0.201935 -0.591375 0.047153
v -0.195571 -0.588622 0.034035
v -0.199791 -0.604888 0.040556
v -0.202210 -0.578148 0.042836
v -0.184446 -0.575009 0.033982
v -0.189263 -0.541289 0.034614
v -0.194346 -0.547375 0.033971
v -0.185094 -0.603511 0.034982
v -0.185711 -0.670250 0.070034
v -0.167007 -0.379101 0.078019
v -0.158023 -0.616557 -0.057911
v -0.178111 -0.613816 -0.025551
v -0.168391 -0.591992 -0.040473
v -0.173591 -0.648756 0.038132
v -0.183555 -0.277363 -0.009928
v -0.190556 -0.238533 0.006385
v -0.197322 -0.241249 0.011594
v -0.167058 -0.575791 -0.043196
v -0.188747 -0.341590 0.075831
v -0.177790 -0.334499 0.071745
v -0.170834 -0.338171 0.076578
v -0.183233 -0.343451 0.072106
v -0.178133 -0.234270 0.069780
v -0.183286 -0.261491 0.080119
v -0.178211 -0.238138 0.081218
v -0.182636 -0.256381 0.069698
v -0.176327 -0.251984 0.083211
v -0.170753 -0.232097 0.082678
v -0.172992 -0.241900 0.070477
v -0.195688 -0.323713 0.053190
v -0.185436 -0.295890 0.041332
v -0.188040 -0.287136 0.077188
v -0.201569 -0.547774 0.012068
v -0.208753 -0.533159 0.021459
v -0.206872 -0.535478 0.014792
v -0.199585 -0.528974 0.009768
v -0.195517 -0.578934 0.013698
v -0.184917 -0.515969 -0.002997
v -0.188340 -0.491221 -0.000271
v -0.196446 -0.657953 0.025959
v -0.186340 -0.666449 0.033553
v -0.177654 -0.674276 0.033462
v -0.198816 -0.638089 0.027286
v -0.195300 -0.637894 0.031411
v -0.191870 -0.649802 0.033485
v -0.169408 -0.391775 0.076025
v -0.178676 -0.388367 0.071654
v -0.182723 -0.377782 0.072619
v -0.180615 -0.414450 0.073280
v -0.171387 -0.407979 0.074451
v -0.205084 -0.383015 0.056719
v -0.203683 -0.402477 0.067164
v -0.205940 -0.409521 0.052387
v -0.202296 -0.395225 0.049026
v -0.202184 -0.411439 0.046291
v -0.185196 -0.376800 0.032620
v -0.180030 -0.405606 0.024411
v -0.183685 -0.415642 0.013828
v -0.185571 -0.376900 0.020141
v -0.194660 -0.412378 0.039634
v -0.197861 -0.434123 0.039169
v -0.173075 -0.429279 0.073145
v -0.203027 -0.431375 0.043647
v -0.206898 -0.431993 0.055760
v -0.184803 -0.432217 0.031125
v -0.200513 -0.448959 0.039138
v -0.194203 -0.457227 0.035803
v -0.182262 -0.464709 0.031872
v -0.177671 -0.460804 0.013732
v -0.177992 -0.448039 0.027226
v -0.177871 -0.431951 0.023653
v -0.175137 -0.468586 0.022285
v -0.182342 -0.442450 0.012357
v -0.200677 -0.426213 0.071582
v -0.197327 -0.402327 0.076618
v -0.183292 -0.477953 0.010522
v -0.170519 -0.509923 0.025562
v -0.206340 -0.445711 0.049708
v -0.180081 -0.494817 0.032039
v -0.193248 -0.496882 0.034217
v -0.174935 -0.483643 0.025469
v -0.172541 -0.483840 0.015589
v -0.177824 -0.518369 0.032600
v -0.168756 -0.508084 0.015442
v -0.172195 -0.529715 0.010569
v -0.166514 -0.519266 0.018503
v -0.161480 -0.549454 0.022447
v -0.167103 -0.548107 0.030625
v -0.168264 -0.547271 0.011276
v -0.197922 -0.560302 0.034234
v -0.173779 -0.369459 0.073733
v -0.177852 -0.363614 0.071973
v -0.189410 -0.628944 0.030276
v -0.199507 -0.621516 0.029464
v -0.177084 -0.636197 0.028633
v -0.186342 -0.620128 0.008355
v -0.197134 -0.605961 0.030239
v -0.151486 -0.626952 0.011654
v -0.154872 -0.614862 0.011279
v -0.147231 -0.623496 0.020047
v -0.166971 -0.600161 0.013394
v -0.169255 -0.627563 0.020814
v -0.149680 -0.611179 0.021072
v -0.147348 -0.625448 0.027365
v -0.153560 -0.588582 0.021252
v -0.162305 -0.590927 0.034370
v -0.153435 -0.598395 0.027712
v -0.162957 -0.587302 0.010704
v -0.189666 -0.614081 0.030433
v -0.154488 -0.603038 0.012682
v -0.159598 -0.571719 0.014011
v -0.179823 -0.436347 -0.012288
v -0.196030 -0.457712 0.002951
v -0.211843 -0.441670 0.008435
v -0.212090 -0.433178 0.017169
v -0.207635 -0.445260 0.020763
v -0.199580 -0.432723 0.014720
v -0.197712 -0.350179 0.078059
v -0.189659 -0.298516 0.052744
v -0.193227 -0.298238 0.070207
v -0.189546 -0.273535 0.059628
v -0.182677 -0.248131 0.061418
v -0.185445 -0.271972 0.074100
v -0.194017 -0.306564 0.060019
v -0.181805 -0.276543 0.083760
v -0.189405 -0.543832 0.005288
v -0.211517 -0.513069 0.017629
v -0.206990 -0.500323 0.010662
v -0.192743 -0.476268 0.002192
v -0.207574 -0.462512 0.007929
v -0.199046 -0.491012 0.006055
v -0.211894 -0.492026 0.017543
v -0.206880 -0.492638 0.021895
v -0.201620 -0.473212 0.006248
v -0.209621 -0.482836 0.010786
v -0.213205 -0.462939 0.012190
v -0.186003 -0.577213 0.003265
v -0.195377 -0.560232 0.011488
v -0.203666 -0.567718 0.025718
v -0.204338 -0.570537 0.017910
v -0.181239 -0.594585 -0.007305
v -0.207853 -0.549386 0.021153
v -0.202482 -0.598707 0.026239
v -0.203805 -0.558407 0.015615
v -0.188646 -0.598270 0.027365
v -0.201331 -0.586569 0.018380
v -0.204216 -0.582323 0.022965
v -0.198272 -0.586394 0.028545
v -0.192569 -0.569589 0.026122
v -0.200369 -0.555789 0.026215
v -0.200032 -0.510507 0.022056
v -0.189051 -0.497359 0.013170
v -0.206201 -0.519806 0.022642
v -0.194044 -0.547986 0.023728
v -0.181902 -0.533640 0.012322
v -0.177111 -0.506344 0.010585
v -0.178698 -0.652294 0.031223
v -0.193646 -0.386452 0.077096
v -0.201020 -0.365192 0.074155
v -0.202304 -0.383225 0.072184
v -0.202299 -0.365167 0.065275
v -0.194131 -0.424587 0.076413
v -0.197473 -0.473111 0.071257
v -0.190698 -0.479377 0.075703
v -0.180039 -0.467165 0.075128
v -0.187491 -0.467795 0.076288
v -0.196032 -0.491124 0.070355
v -0.202265 -0.481966 0.063827
v -0.198750 -0.510042 0.066022
v -0.204632 -0.454888 0.061038
v -0.202749 -0.496348 0.061448
v -0.205314 -0.501511 0.048374
v -0.189944 -0.445066 0.076473
v -0.198894 -0.448444 0.071615
v -0.205681 -0.477619 0.056885
v -0.204240 -0.468247 0.041293
v -0.206291 -0.484121 0.050387
v -0.196346 -0.518885 0.034170
v -0.204670 -0.525336 0.048707
v -0.204010 -0.513854 0.041925
v -0.204458 -0.512418 0.053997
v -0.206097 -0.462818 0.048609
v -0.201845 -0.479240 0.038716
v -0.201425 -0.497898 0.038505
v -0.203180 -0.436672 0.065834
v -0.196582 -0.440047 0.074685
v -0.202291 -0.543352 0.039369
v -0.161624 -0.563348 0.028596
v -0.167997 -0.569775 0.034072
v -0.194864 -0.633516 0.017742
v -0.197086 -0.615218 0.017821
v -0.178923 -0.549359 0.012702
v -0.170648 -0.573055 0.011202
v -0.192126 -0.462379 0.011964
v -0.187270 -0.435454 0.010507
v -0.186926 -0.362606 0.074022
v -0.181497 -0.352037 0.071797
v -0.195988 -0.329944 0.079415
v -0.181353 -0.298962 0.075115
v -0.179279 -0.280139 0.075135
v -0.190317 -0.317236 0.081365
v -0.187572 -0.306196 0.082218
v -0.180975 -0.293699 0.081689
v -0.197806 -0.332695 0.072487
v -0.200099 -0.334627 0.059731
v -0.196735 -0.339218 0.052334
v -0.199899 -0.379316 0.049594
v -0.202952 -0.361393 0.056403
v -0.190921 -0.598403 0.012124
v -0.206418 -0.562450 0.021327
v 0.126005 -0.101733 -0.040401
v 0.143178 -0.097619 -0.013528
v 0.146649 -0.094754 0.021276
v 0.144823 -0.092115 0.041786
v 0.138893 -0.091880 0.057105
v 0.118161 -0.097485 0.089315
v 0.085280 -0.686671 0.093775
v 0.122982 -0.693745 0.104812
v 0.161969 -0.690483 0.084623
v 0.178949 -0.683804 0.061461
v 0.150387 -0.677593 0.046644
v 0.132100 -0.672388 0.037295
v 0.133413 -0.672878 0.018430
v 0.148089 -0.676637 0.014947
v 0.172749 -0.682127 0.030580
v 0.186394 -0.685078 0.034183
v 0.200788 -0.686706 0.035334
v 0.220375 -0.683104 0.024566
v 0.184170 -0.679078 -0.033108
v 0.130680 -0.675567 -0.061610
v 0.128656 -0.619302 -0.065043
v 0.136453 -0.572159 -0.074729
v 0.134760 -0.369741 -0.084019
v 0.118069 -0.254821 -0.096290
v 0.091897 -0.137329 -0.073292
v 0.143834 -0.105494 0.058079
v 0.147550 -0.119311 0.057042
v 0.153981 -0.146056 0.058721
v 0.157074 -0.162012 0.062264
v 0.154377 -0.176749 0.073569
v 0.152267 -0.210290 0.083748
v 0.161138 -0.175665 0.060105
v 0.164727 -0.200120 0.064242
v 0.150991 -0.110688 0.000654
v 0.160546 -0.141298 -0.001344
v 0.175165 -0.179512 0.008228
v 0.179621 -0.207765 0.014799
v 0.182262 -0.221059 0.014906
v 0.171208 -0.182337 -0.008959
v 0.172584 -0.197833 -0.010627
v 0.174863 -0.215670 -0.010501
v 0.178403 -0.250176 -0.009005
v 0.143490 -0.111694 -0.036501
v 0.163944 -0.144365 -0.026905
v 0.171201 -0.161854 -0.023118
v 0.178248 -0.178887 -0.019521
v 0.189256 -0.208779 -0.013878
v 0.155459 -0.106676 0.031815
v 0.161616 -0.121109 0.039168
v 0.166227 -0.136133 0.047894
v 0.171321 -0.168672 0.062470
v 0.172986 -0.186239 0.068462
v 0.174031 -0.213721 0.077014
v 0.137210 -0.121749 -0.035707
v 0.163484 -0.167102 0.072766
v 0.160628 -0.137850 0.062995
v 0.174359 -0.205341 0.038195
v 0.169804 -0.183432 0.056261
v 0.151051 -0.113164 0.045567
v 0.180918 -0.173486 0.002808
v 0.175316 -0.157971 -0.004103
v 0.150851 -0.107179 -0.019161
v 0.185380 -0.207490 -0.009111
v 0.154327 -0.207828 -0.052607
v 0.179416 -0.227388 0.033772
v 0.176184 -0.203769 0.028499
v 0.174835 -0.186350 0.022699
v 0.153426 -0.118262 0.027288
v 0.150045 -0.121673 0.040619
v 0.188985 -0.201620 0.006938
v 0.171917 -0.158712 0.001906
v 0.167529 -0.137845 -0.003542
v 0.156212 -0.115408 -0.005325
v 0.179583 -0.205939 -0.006975
v 0.175078 -0.176080 -0.005722
v 0.167326 -0.158904 -0.011798
v 0.180997 -0.191699 -0.008143
v 0.185515 -0.222398 -0.005186
v 0.156776 -0.130757 -0.018906
v 0.169295 -0.171685 0.032837
v 0.193123 -0.213383 -0.000372
v 0.167573 -0.206778 -0.027991
v 0.138217 -0.202007 0.096555
v 0.169820 -0.167306 0.000386
v 0.162372 -0.144615 0.026299
v 0.162877 -0.135251 -0.015147
v 0.171065 -0.230978 -0.024934
v 0.120105 -0.166990 0.116003
v 0.140855 -0.171106 0.089084
v 0.042844 -0.679094 0.095875
v 0.175786 -0.429069 0.043730
v 0.150595 -0.337626 0.106204
v 0.104794 -0.069522 0.107863
v 0.120078 -0.121959 -0.059392
v 0.095613 -0.121220 -0.066102
v 0.127263 -0.136631 -0.060553
v 0.168737 -0.213682 0.082742
v 0.167830 -0.164427 0.065651
v 0.163399 -0.181876 0.076597
v 0.164447 -0.208944 0.081798
v 0.160020 -0.152737 0.068375
v 0.162086 -0.127308 0.053060
v 0.155404 -0.124133 0.059305
v 0.155841 -0.108370 0.049765
v 0.153561 -0.099461 0.040029
v 0.112308 -0.094408 0.104505
v 0.164392 -0.169772 0.055018
v 0.174013 -0.200963 0.060825
v 0.145904 -0.102446 0.048160
v 0.152271 -0.122003 -0.032460
v 0.182209 -0.206452 -0.017928
v 0.141157 -0.210002 -0.069816
v 0.169696 -0.173268 -0.025200
v 0.155093 -0.140660 -0.030005
v 0.160269 -0.154255 -0.023985
v 0.147202 -0.124679 -0.029436
v 0.148178 -0.123749 -0.020401
v 0.136306 -0.099723 -0.025563
v 0.185089 -0.218226 -0.014470
v 0.174141 -0.187810 -0.021178
v 0.184589 -0.190942 -0.004339
v 0.137054 -0.134162 0.080185
v 0.054554 -0.639287 0.087167
v 0.164623 -0.646149 0.092287
v 0.217830 -0.440397 0.012348
v 0.105174 -0.279299 0.122281
v 0.162176 -0.152553 0.050419
v 0.155905 -0.131912 0.045378
v 0.177520 -0.261677 -0.018363
v 0.135144 -0.163103 -0.063763
v 0.148085 -0.145643 -0.034974
v 0.165420 -0.176222 -0.020996
v 0.131202 -0.090423 0.072183
v 0.101185 -0.124555 0.117478
v 0.083658 -0.116784 0.126967
v 0.172600 -0.220551 0.064730
v 0.177181 -0.220351 0.069953
v 0.167013 -0.252846 0.091823
v 0.163178 -0.188335 -0.033849
v 0.096973 -0.170288 0.126344
v 0.043387 -0.655023 0.102079
v 0.095889 -0.688924 0.098901
v 0.136668 -0.635104 0.032112
v 0.070819 -0.343047 0.123343
v 0.070326 -0.370294 0.124230
v 0.192121 -0.659486 0.040158
v 0.186879 -0.514139 -0.034962
v 0.186241 -0.656788 -0.031703
v 0.224173 -0.671573 0.006819
v 0.141229 -0.658596 -0.054603
v 0.160807 -0.375718 -0.059575
v 0.164414 -0.677671 -0.043281
v 0.145967 -0.171951 -0.053861
v 0.083842 -0.212819 0.129826
v 0.130009 -0.109499 0.080708
v 0.175205 -0.245889 0.068705
v 0.139909 -0.238022 -0.075471
v 0.141554 -0.265862 -0.078374
v 0.124107 -0.147824 0.105945
v 0.053668 -0.678857 0.079166
v 0.056195 -0.520460 0.109063
v 0.063204 -0.577885 0.098946
v 0.046174 -0.400404 0.141199
v 0.192217 -0.677710 0.036931
v 0.153963 -0.582470 -0.058365
v 0.173405 -0.538999 -0.047938
v 0.145384 -0.310439 -0.077036
v 0.112565 -0.220135 0.117369
v 0.119189 -0.127734 0.105490
v 0.156936 -0.234957 -0.054089
v 0.110931 -0.138260 0.115928
v 0.123819 -0.202745 0.114740
v 0.039789 -0.613077 0.107036
v 0.038951 -0.491099 0.119663
v 0.169084 -0.682047 0.079122
v 0.151728 -0.393755 -0.070437
v 0.051305 -0.409075 0.124547
v 0.212328 -0.669976 0.030129
v 0.154854 -0.546550 -0.065373
v 0.176192 -0.477756 -0.048888
v 0.173299 -0.333908 -0.044986
v 0.149335 -0.363709 -0.073358
v 0.160461 -0.302123 -0.059129
v 0.161190 -0.238816 0.087306
v 0.143275 -0.278055 0.102275
v 0.152538 -0.244601 0.089183
v 0.126886 -0.243556 0.112264
v 0.153722 -0.272769 0.094283
v 0.171499 -0.274060 0.094551
v 0.163324 -0.273358 0.095440
v 0.177966 -0.256846 0.084720
v 0.162089 -0.306092 0.099943
v 0.082704 -0.273973 0.122294
v 0.052341 -0.609057 0.096590
v 0.122486 -0.663584 0.113437
v 0.045643 -0.580752 0.103363
v 0.165443 -0.662075 0.048117
v 0.142956 -0.669290 0.044583
v 0.131139 -0.663753 0.028062
v 0.179986 -0.677480 0.034530
v 0.068581 -0.308202 0.129706
v 0.200315 -0.671515 0.036408
v 0.208618 -0.679280 0.033880
v 0.147512 -0.611010 -0.055224
v 0.219977 -0.681581 -0.010172
v 0.185896 -0.394846 -0.030249
v 0.173923 -0.238373 0.084577
v 0.136317 -0.296025 0.109953
v 0.150342 -0.298520 0.099936
v 0.119800 -0.286672 0.117994
v 0.048596 -0.553900 0.106422
v 0.142736 -0.667209 0.015029
v 0.156016 -0.665411 0.018059
v 0.135011 -0.653015 0.035355
v 0.181317 -0.665010 0.038580
v 0.061901 -0.371514 0.124085
v 0.167889 -0.517578 -0.054701
v 0.177410 -0.229921 0.068480
v 0.082479 -0.324811 0.123416
v 0.111985 -0.346971 0.122854
v 0.114907 -0.316913 0.121028
v 0.110144 -0.685698 0.105928
v 0.107628 -0.667064 0.110231
v 0.103215 -0.463352 0.118714
v 0.066068 -0.525292 0.106873
v 0.097330 -0.498123 0.115120
v 0.170236 -0.670783 0.030767
v 0.145167 -0.328507 0.106493
v 0.140434 -0.310728 0.109187
v 0.130559 -0.351000 0.116327
v 0.122069 -0.677243 0.109296
v 0.092346 -0.671392 0.098456
v 0.083582 -0.490770 0.111257
v 0.148230 -0.652412 0.044685
v 0.202766 -0.349357 -0.002138
v 0.188728 -0.381990 -0.019121
v 0.182891 -0.365337 -0.030591
v 0.180457 -0.350201 -0.032289
v 0.190123 -0.370587 -0.014466
v 0.198148 -0.419186 -0.011985
v 0.189204 -0.412683 -0.025871
v 0.197001 -0.390875 -0.006758
v 0.207251 -0.383188 0.000359
v 0.200274 -0.399041 -0.005273
v 0.201050 -0.433336 0.040585
v 0.194504 -0.440389 -0.022060
v 0.217718 -0.416295 0.012519
v 0.089080 -0.638954 0.099330
v 0.099768 -0.649821 0.109711
v 0.218503 -0.388782 0.019347
v 0.186620 -0.404785 0.020951
v 0.197343 -0.419524 0.040335
v 0.214225 -0.415652 0.030239
v 0.204457 -0.398978 0.035562
v 0.068259 -0.631493 0.088734
v 0.215067 -0.383694 0.027993
v 0.186530 -0.373753 0.020784
v 0.190700 -0.404827 0.034159
v 0.063683 -0.610402 0.090164
v 0.101903 -0.610876 0.116682
v 0.098258 -0.593319 0.113154
v 0.075515 -0.573716 0.097720
v 0.149270 -0.623929 0.110054
v 0.094813 -0.619371 0.105077
v 0.101842 -0.637709 0.110470
v 0.130285 -0.636153 0.118608
v 0.138175 -0.628743 0.116761
v 0.140000 -0.641776 0.113007
v 0.112553 -0.630978 0.120068
v 0.133521 -0.614945 0.121071
v 0.119760 -0.618336 0.123735
v 0.142360 -0.110059 -0.028892
v 0.149375 -0.108158 -0.011522
v 0.174586 -0.166294 -0.011476
v 0.176251 -0.283882 -0.029564
v 0.163524 -0.279134 -0.052871
v 0.162415 -0.258760 -0.051451
v 0.193131 -0.286461 -0.003225
v 0.172544 -0.300661 -0.040156
v 0.181663 -0.277667 -0.012289
v 0.182806 -0.264778 -0.006363
v 0.191515 -0.266704 -0.007337
v 0.188414 -0.251348 -0.005583
v 0.184851 -0.289796 -0.009176
v 0.182871 -0.299167 -0.014359
v 0.188062 -0.318446 -0.007511
v 0.202123 -0.289707 -0.004991
v 0.197994 -0.321643 -0.002860
v 0.204008 -0.313013 -0.003023
v 0.191420 -0.301611 -0.004004
v 0.203143 -0.334798 -0.002287
v 0.193111 -0.334977 -0.003488
v 0.198836 -0.259737 -0.007419
v 0.204711 -0.275398 -0.001912
v 0.197776 -0.364274 -0.003381
v 0.191678 -0.347487 -0.005986
v 0.186395 -0.335589 -0.015109
v 0.181252 -0.316234 -0.023159
v 0.215274 -0.350563 0.014376
v 0.216903 -0.372505 0.021555
v 0.216366 -0.380330 0.013070
v 0.210301 -0.343881 0.005098
v 0.212586 -0.371837 0.006376
v 0.153724 -0.680575 0.090360
v 0.142246 -0.693145 0.095225
v 0.173887 -0.636270 0.083207
v 0.166740 -0.641572 0.048557
v 0.136389 -0.684519 0.103258
v 0.161757 -0.625597 0.045685
v 0.156606 -0.593118 0.043005
v 0.173550 -0.621028 0.060384
v 0.167800 -0.619552 0.050816
v 0.169017 -0.629688 0.092144
v 0.153279 -0.638254 0.104209
v 0.160094 -0.607540 0.104476
v 0.133524 -0.601024 0.123467
v 0.145286 -0.604873 0.116660
v 0.113500 -0.609233 0.124663
v 0.155964 -0.588613 0.109283
v 0.140883 -0.590031 0.120862
v 0.076731 -0.463857 0.113545
v 0.042612 -0.453845 0.123260
v 0.081916 -0.357640 0.124756
v 0.080414 -0.384353 0.123771
v 0.170337 -0.574395 -0.045372
v 0.185669 -0.591283 -0.028251
v 0.220362 -0.568491 0.001949
v 0.186974 -0.546697 -0.032028
v 0.197245 -0.555965 -0.023023
v 0.214230 -0.549413 -0.005916
v 0.178337 -0.299318 0.090249
v 0.204495 -0.519540 -0.018131
v 0.197079 -0.507992 -0.025356
v 0.182639 -0.430518 -0.042161
v 0.129347 -0.398441 0.121055
v 0.090436 -0.537460 0.108938
v 0.106106 -0.534631 0.125219
v 0.135557 -0.476349 0.127579
v 0.083409 -0.474924 0.112453
v 0.119313 -0.474667 0.128072
v 0.120792 -0.421020 0.124005
v 0.217873 -0.432719 0.025667
v 0.190211 -0.460889 -0.032097
v 0.202779 -0.445421 -0.010313
v 0.217015 -0.451613 0.008157
v 0.180787 -0.450059 -0.044789
v 0.176886 -0.404647 0.031561
v 0.192760 -0.431864 0.027930
v 0.077279 -0.532285 0.105696
v 0.098630 -0.573714 0.115716
v 0.109838 -0.596198 0.125749
v 0.122035 -0.586692 0.127488
v 0.134469 -0.575408 0.125981
v 0.112877 -0.556810 0.128204
v 0.124623 -0.559564 0.130179
v 0.104836 -0.570605 0.124275
v 0.191507 -0.227847 -0.013633
v 0.198280 -0.233210 0.002823
v 0.199303 -0.248378 -0.001949
v 0.199931 -0.232983 0.008311
v 0.204415 -0.258161 0.014875
v 0.191699 -0.241854 -0.012234
v 0.173784 -0.249814 0.059836
v 0.169761 -0.242369 0.068340
v 0.170834 -0.262817 0.074946
v 0.180210 -0.276526 0.080985
v 0.165963 -0.303356 0.101591
v 0.212119 -0.308670 0.009790
v 0.210589 -0.299524 0.016345
v 0.208520 -0.285338 0.017210
v 0.199722 -0.277234 0.020861
v 0.210149 -0.326721 0.002396
v 0.213052 -0.335359 0.010473
v 0.202404 -0.335317 0.031593
v 0.175596 -0.266658 0.061877
v 0.184987 -0.285044 0.034279
v 0.211545 -0.333057 0.022563
v 0.189752 -0.288444 0.017868
v 0.178140 -0.308151 0.063513
v 0.184854 -0.297119 0.039377
v 0.186307 -0.278334 0.019380
v 0.192718 -0.326864 0.019368
v 0.203957 -0.304175 0.025012
v 0.187899 -0.298333 0.025500
v 0.182586 -0.257143 0.020402
v 0.197337 -0.299214 0.024852
v 0.188203 -0.317247 0.026841
v 0.180592 -0.237325 0.026847
v 0.177664 -0.235960 0.044565
v 0.167828 -0.230810 0.068273
v 0.171515 -0.597333 0.051677
v 0.166958 -0.574263 0.099050
v 0.169999 -0.604852 0.088206
v 0.174035 -0.561612 0.075732
v 0.147901 -0.545176 0.119689
v 0.172082 -0.585280 0.063777
v 0.164615 -0.608445 0.046810
v 0.168035 -0.594754 0.095366
v 0.159899 -0.552439 0.041746
v 0.170231 -0.558357 0.093711
v 0.146656 -0.596546 0.025284
v 0.143015 -0.607192 0.035879
v 0.155163 -0.565872 0.112487
v 0.174228 -0.557376 0.056704
v 0.167779 -0.539759 0.047800
v 0.176538 -0.537734 0.067929
v 0.160526 -0.529747 0.019947
v 0.160270 -0.521057 0.036300
v 0.120124 -0.539705 0.131416
v 0.132259 -0.546136 0.127249
v 0.142941 -0.526182 0.123582
v 0.138552 -0.493130 0.126536
v 0.127669 -0.508403 0.130689
v 0.156908 -0.534928 0.031345
v 0.113820 -0.518041 0.128700
v 0.123859 -0.495422 0.130509
v 0.172934 -0.525284 0.056070
v 0.164175 -0.522639 0.108475
v 0.161431 -0.512323 0.112976
v 0.172667 -0.509947 0.096041
v 0.167768 -0.547479 0.101109
v 0.176528 -0.505840 0.062212
v 0.177106 -0.498259 0.072931
v 0.165534 -0.485469 0.032394
v 0.168617 -0.499610 0.044556
v 0.160827 -0.486637 0.115262
v 0.150972 -0.478664 0.120210
v 0.150107 -0.504617 0.121048
v 0.165170 -0.433937 0.115001
v 0.171652 -0.482385 0.105148
v 0.174010 -0.475643 0.049479
v 0.177028 -0.468810 0.077187
v 0.176184 -0.491190 0.057849
v 0.162704 -0.465682 0.115328
v 0.174551 -0.457492 0.102388
v 0.146872 -0.465324 0.121825
v 0.132058 -0.464536 0.127746
v 0.128951 -0.447963 0.127446
v 0.150064 -0.436756 0.119214
v 0.165462 -0.389264 0.112360
v 0.116267 -0.410834 0.120508
v 0.100676 -0.437123 0.119021
v 0.088301 -0.429963 0.119866
v 0.142584 -0.413413 0.121094
v 0.116013 -0.398008 0.119936
v 0.097463 -0.406736 0.123375
v 0.117815 -0.385536 0.119329
v 0.138668 -0.440206 0.124568
v 0.061044 -0.424191 0.119757
v 0.165232 -0.638528 -0.045776
v 0.174556 -0.601313 -0.041338
v 0.215364 -0.591015 0.027594
v 0.220533 -0.549047 0.011922
v 0.211719 -0.549284 0.034137
v 0.222862 -0.653200 0.012801
v 0.216093 -0.649808 0.025942
v 0.216150 -0.643324 -0.012222
v 0.203323 -0.648986 0.035072
v 0.198336 -0.629311 0.038762
v 0.182238 -0.645918 0.041022
v 0.217222 -0.604985 -0.007088
v 0.216357 -0.621225 0.025090
v 0.221619 -0.603001 0.013909
v 0.187820 -0.626842 0.043299
v 0.193011 -0.490308 -0.029654
v 0.195239 -0.474648 -0.025743
v 0.206265 -0.488877 -0.010760
v 0.216037 -0.478153 0.006076
v 0.218899 -0.516228 0.009063
v 0.205983 -0.540213 0.040337
v 0.219181 -0.531191 0.020675
v 0.179254 -0.528670 0.036880
v 0.194850 -0.552225 0.044634
v 0.201582 -0.510446 0.042064
v 0.219378 -0.498362 0.018414
v 0.171469 -0.557208 0.028120
v 0.205104 -0.460841 0.040362
v 0.214366 -0.471246 0.034268
v 0.181970 -0.558380 0.043475
v 0.186605 -0.538031 0.045029
v 0.175123 -0.572218 0.039440
v 0.189642 -0.523378 0.044658
v 0.203520 -0.521501 0.040805
v 0.217979 -0.465372 0.014427
v 0.217147 -0.486468 0.029824
v 0.190213 -0.569191 0.045593
v 0.216296 -0.514598 0.030921
v 0.181447 -0.507794 0.036638
v 0.210858 -0.503543 0.037134
v 0.199310 -0.493257 0.043263
v 0.186422 -0.514315 0.042903
v 0.192469 -0.504058 0.044109
v 0.175862 -0.553530 0.035074
v 0.161056 -0.571151 0.019156
v 0.171277 -0.577593 0.050218
v 0.154131 -0.565548 0.034291
v 0.151737 -0.558377 0.025338
v 0.159311 -0.571763 0.043703
v 0.182853 -0.576774 0.044381
v 0.149894 -0.572633 0.030018
v 0.149355 -0.582161 0.036684
v 0.199639 -0.596517 0.039708
v 0.188673 -0.590815 0.044957
v 0.214529 -0.578551 0.030382
v 0.196088 -0.580561 0.043122
v 0.200382 -0.457686 -0.015266
v 0.183506 -0.355210 0.038595
v 0.185282 -0.357140 0.026528
v 0.179552 -0.356528 0.060802
v 0.186609 -0.336523 0.032194
v 0.192226 -0.345170 0.025590
v 0.204759 -0.365063 0.032576
v 0.197805 -0.383589 0.029816
v 0.189927 -0.368598 0.031195
v 0.183084 -0.373999 0.030332
v 0.177885 -0.378105 0.068255
v 0.209165 -0.343968 0.027380
v 0.197869 -0.355437 0.033201
v 0.187162 -0.349965 0.020459
v 0.173114 -0.360344 0.075362
v 0.173839 -0.372193 0.076104
v 0.178159 -0.365305 0.089553
v 0.172579 -0.347066 0.082211
v 0.175557 -0.337693 0.067988
v 0.177871 -0.326037 0.096443
v 0.173739 -0.349564 0.105385
v 0.177885 -0.344882 0.091522
v 0.163063 -0.375409 0.110987
v 0.176578 -0.372637 0.103540
v 0.179350 -0.385971 0.099842
v 0.168556 -0.408704 0.111994
v 0.172174 -0.330028 0.076380
v 0.153339 -0.405555 0.115287
v 0.173039 -0.420845 0.109770
v 0.168962 -0.323353 0.103622
v 0.154931 -0.421983 0.116877
v 0.179076 -0.406470 0.098101
v 0.176317 -0.296525 0.066351
v 0.179840 -0.308168 0.085744
v 0.171923 -0.309328 0.079654
v 0.171130 -0.283343 0.073159
v 0.177227 -0.286831 0.077882
v 0.177329 -0.420272 0.092455
v 0.177402 -0.416270 0.067772
v 0.178456 -0.400154 0.048284
v 0.178431 -0.434836 0.063032
v 0.174755 -0.404411 0.079938
v 0.178544 -0.395271 0.058450
v 0.174430 -0.419093 0.027065
v 0.190530 -0.446290 0.037570
v 0.175497 -0.431203 0.105541
v 0.178390 -0.447990 0.069887
v 0.176677 -0.462280 0.064064
v 0.174267 -0.455612 0.046581
v 0.176752 -0.442408 0.051719
v 0.170781 -0.442095 0.031076
v 0.149442 -0.652426 0.103749
v 0.129233 -0.652523 0.115010
v 0.150663 -0.663388 0.100250
v 0.110125 -0.645950 0.116219
v 0.143716 -0.669692 0.102764
v 0.151316 -0.617383 0.042377
v 0.127738 -0.373760 0.117930
v 0.136770 -0.368453 0.113224
v 0.185258 -0.626884 -0.027715
v 0.220188 -0.584174 0.014952
v 0.218043 -0.565895 0.021707
v 0.209224 -0.568598 0.036122
v 0.193585 -0.608667 0.041665
v 0.208399 -0.611395 0.033749
v 0.175448 -0.606490 0.040149
v 0.180976 -0.597328 0.045016
v 0.181762 -0.615048 0.044429
v 0.174869 -0.624638 0.039908
v 0.151708 -0.583120 0.021052
v 0.171730 -0.587266 0.034052
v 0.158953 -0.616165 0.018176
v 0.159852 -0.601563 0.018611
v 0.168169 -0.614803 0.030531
v 0.146053 -0.635918 0.018309
v 0.137438 -0.652233 0.021167
v 0.146552 -0.622563 0.020253
v 0.153595 -0.643492 0.016180
v 0.176999 -0.527827 0.029413
v 0.188392 -0.447334 0.026134
v 0.188169 -0.472528 0.031515
v 0.191120 -0.456990 0.039508
v 0.171121 -0.464955 0.039187
v 0.145045 -0.386324 0.113845
v 0.152888 -0.389297 0.113778
v 0.150969 -0.360974 0.109525
v 0.161856 -0.340919 0.105435
v 0.173106 -0.647314 0.036465
v 0.222414 -0.621773 0.006925
v 0.162578 -0.503588 0.033135
v 0.187454 -0.494536 0.041358
v 0.168377 -0.492141 0.020641
v 0.183770 -0.486363 0.029546
v 0.176377 -0.451659 0.022475
v 0.167310 -0.471175 0.028136
v 0.145731 -0.637862 0.041409
v 0.183333 -0.329685 0.048329
v 0.062648 -0.106486 -0.076167
v 0.032469 -0.105902 -0.078345
v 0.017420 -0.106237 -0.076958
v 0.003551 -0.107055 -0.076321
v -0.015089 -0.107033 -0.076198
v -0.031779 -0.107982 -0.075958
v -0.046566 -0.107455 -0.078553
v -0.061113 -0.105318 -0.082616
v -0.072037 -0.098745 -0.075022
v -0.039144 -0.689417 -0.123584
v -0.029190 -0.687693 -0.115807
v -0.017228 -0.684993 -0.108945
v 0.000213 -0.680484 -0.106774
v 0.012670 -0.677230 -0.111146
v 0.028192 -0.673895 -0.121381
v 0.034228 -0.674128 -0.128773
v 0.039145 -0.677484 -0.140537
v 0.050493 -0.679873 -0.141520
v 0.065670 -0.679137 -0.137466
v 0.079292 -0.678097 -0.116904
v 0.094905 -0.675615 -0.077692
v 0.111008 -0.675475 -0.071726
v 0.093151 -0.201601 -0.099815
v 0.117180 -0.195040 -0.085813
v 0.080175 -0.117988 -0.075626
v -0.057995 -0.118412 -0.082076
v -0.056506 -0.132064 -0.084191
v -0.055572 -0.150182 -0.089574
v -0.057743 -0.171643 -0.096650
v -0.067821 -0.181468 -0.099277
v -0.079870 -0.214582 -0.107376
v -0.082320 -0.234870 -0.111571
v -0.047920 -0.185205 -0.102838
v -0.041443 -0.232370 -0.115973
v -0.007030 -0.120319 -0.082782
v -0.003826 -0.139346 -0.092608
v 0.003407 -0.174830 -0.106401
v -0.000211 -0.191196 -0.109838
v 0.017321 -0.193014 -0.122930
v 0.025810 -0.217638 -0.131992
v 0.033568 -0.239830 -0.137674
v 0.031387 -0.121263 -0.078000
v 0.031067 -0.152809 -0.090454
v 0.031559 -0.171400 -0.096373
v 0.040412 -0.213134 -0.110891
v -0.033976 -0.121240 -0.087125
v -0.039081 -0.135028 -0.096758
v -0.049364 -0.156916 -0.108723
v -0.060937 -0.206123 -0.119624
v -0.061779 -0.221349 -0.120568
v 0.017875 -0.154415 -0.098204
v 0.015394 -0.193274 -0.105020
v 0.010353 -0.167546 -0.095492
v 0.011551 -0.122471 -0.084544
v 0.013440 -0.131739 -0.082503
v 0.011372 -0.115561 -0.077310
v -0.047788 -0.202179 -0.115673
v -0.044405 -0.234087 -0.120321
v -0.043257 -0.146108 -0.096096
v -0.066358 -0.214977 -0.115079
v -0.059100 -0.148860 -0.100364
v 0.012991 -0.139018 -0.098459
v 0.057502 -0.128506 -0.082801
v 0.002391 -0.125691 -0.090745
v 0.028543 -0.206254 -0.121814
v 0.025598 -0.219632 -0.128709
v 0.032014 -0.233739 -0.129082
v 0.011626 -0.161249 -0.101862
v 0.010403 -0.141664 -0.092073
v -0.013179 -0.223655 -0.113272
v -0.028529 -0.218766 -0.112739
v 0.007422 -0.182304 -0.101303
v 0.002581 -0.168640 -0.098929
v 0.004407 -0.154337 -0.091529
v -0.010027 -0.180905 -0.104289
v -0.031928 -0.178964 -0.100081
v -0.044008 -0.151430 -0.088193
v -0.033605 -0.123291 -0.078452
v -0.076935 -0.120863 -0.080495
v 0.054256 -0.117404 -0.080593
v 0.038367 -0.218125 -0.126730
v 0.017950 -0.168985 -0.113159
v 0.031399 -0.191847 -0.117841
v 0.023585 -0.144586 -0.091027
v 0.017313 -0.215374 -0.111348
v 0.009413 -0.204986 -0.109514
v 0.024946 -0.184529 -0.101630
v 0.018317 -0.157695 -0.091376
v -0.029395 -0.195808 -0.106287
v -0.044284 -0.127731 -0.079510
v 0.070546 -0.130363 -0.083230
v 0.028869 -0.164062 -0.100131
v 0.023233 -0.133749 -0.085991
v 0.024824 -0.204340 -0.108447
v 0.003914 -0.229436 -0.118168
v -0.012837 -0.190598 -0.106220
v 0.001927 -0.211975 -0.114455
v -0.000349 -0.163554 -0.102174
v -0.046755 -0.116483 -0.077349
v -0.103276 -0.220922 -0.099717
v -0.086047 -0.140551 -0.084946
v -0.001212 -0.128343 -0.082010
v -0.070356 -0.613457 -0.127102
v -0.086012 -0.327014 -0.113515
v -0.120695 -0.107984 -0.053522
v 0.018885 -0.183983 -0.114115
v 0.037186 -0.199610 -0.113222
v 0.029689 -0.129598 -0.079024
v -0.051841 -0.177054 -0.107744
v -0.049475 -0.215197 -0.119601
v -0.044445 -0.211210 -0.111006
v -0.066815 -0.263089 -0.121475
v -0.067112 -0.190507 -0.109808
v -0.074018 -0.193797 -0.102443
v -0.065312 -0.175157 -0.108681
v -0.121125 -0.255006 -0.094511
v -0.062575 -0.161963 -0.102163
v -0.056740 -0.161724 -0.107019
v -0.052209 -0.117621 -0.090086
v -0.052816 -0.136984 -0.098249
v -0.057823 -0.136672 -0.092615
v -0.117312 -0.121868 -0.064112
v -0.021017 -0.120459 -0.078699
v -0.021883 -0.136103 -0.084330
v 0.011146 -0.152178 -0.104938
v 0.043938 -0.174043 -0.107346
v 0.030845 -0.220316 -0.112491
v -0.130823 -0.141063 -0.058312
v 0.104406 -0.646780 -0.073294
v -0.053012 -0.503866 -0.130067
v 0.055836 -0.372795 -0.135536
v 0.048481 -0.275963 -0.132014
v 0.090639 -0.274599 -0.110841
v -0.099641 -0.667789 -0.115756
v -0.052040 -0.167215 -0.101975
v 0.114942 -0.226376 -0.095103
v 0.036883 -0.216036 -0.115326
v 0.045215 -0.221004 -0.119358
v 0.067307 -0.146283 -0.088577
v -0.056002 -0.174478 -0.115697
v -0.101671 -0.121174 -0.075170
v 0.038337 -0.221218 -0.124007
v 0.053892 -0.206062 -0.113335
v 0.034492 -0.181292 -0.112555
v -0.125261 -0.120769 -0.055296
v 0.117985 -0.649454 -0.065954
v 0.097975 -0.320007 -0.106263
v -0.090069 -0.686426 -0.122054
v 0.025251 -0.157344 -0.103220
v 0.022446 -0.137709 -0.094177
v -0.056796 -0.230086 -0.122276
v -0.139455 -0.232404 -0.074484
v -0.117534 -0.176095 -0.081467
v 0.077794 -0.240962 -0.113304
v 0.069164 -0.668107 -0.129970
v 0.070268 -0.660332 -0.125989
v 0.044793 -0.669866 -0.141087
v 0.048208 -0.665532 -0.141213
v 0.077499 -0.417847 -0.106962
v 0.050247 -0.255910 -0.129345
v 0.141850 -0.279251 -0.079061
v 0.117045 -0.289149 -0.097816
v -0.044758 -0.676979 -0.127312
v -0.010118 -0.671011 -0.108463
v -0.086377 -0.641906 -0.122401
v -0.060105 -0.238955 -0.121857
v -0.011232 -0.311362 -0.114070
v -0.034295 -0.273521 -0.119041
v -0.044000 -0.247545 -0.122732
v -0.037060 -0.246930 -0.117660
v -0.112281 -0.141325 -0.075762
v -0.134382 -0.181527 -0.068311
v 0.058560 -0.673704 -0.140944
v 0.040216 -0.678675 -0.140850
v 0.124768 -0.553209 -0.081984
v 0.036518 -0.661104 -0.132951
v -0.021721 -0.675018 -0.111387
v 0.007369 -0.667550 -0.108644
v -0.132976 -0.379731 -0.086989
v -0.043179 -0.241007 -0.118217
v -0.028190 -0.237242 -0.116179
v -0.134378 -0.196840 -0.072557
v -0.101466 -0.158760 -0.087225
v 0.110882 -0.612292 -0.073931
v 0.127161 -0.484150 -0.091364
v 0.098376 -0.346811 -0.105495
v -0.129920 -0.424012 -0.090255
v 0.056994 -0.247546 -0.121522
v 0.073471 -0.271424 -0.115265
v 0.092329 -0.295328 -0.109597
v 0.074603 -0.290192 -0.114496
v 0.064065 -0.316263 -0.121706
v -0.034520 -0.681404 -0.119781
v -0.040973 -0.666421 -0.125748
v -0.050491 -0.689549 -0.128583
v -0.118879 -0.634138 -0.099812
v -0.109273 -0.604193 -0.102483
v -0.118977 -0.377469 -0.098414
v -0.143229 -0.380068 -0.079146
v -0.014585 -0.247296 -0.116146
v -0.022786 -0.263549 -0.117271
v 0.122078 -0.587167 -0.076750
v 0.090693 -0.641891 -0.083652
v 0.080438 -0.629217 -0.097914
v 0.127212 -0.461512 -0.092165
v 0.132194 -0.440990 -0.088865
v 0.148844 -0.441209 -0.073506
v 0.038491 -0.675161 -0.137061
v -0.119875 -0.510676 -0.097764
v -0.110286 -0.569362 -0.100416
v 0.122394 -0.380879 -0.094009
v 0.045694 -0.296135 -0.127160
v -0.069124 -0.687487 -0.132134
v -0.050690 -0.652253 -0.130704
v -0.010960 -0.653571 -0.109906
v -0.026323 -0.646172 -0.115084
v -0.032638 -0.664055 -0.119414
v -0.035930 -0.643251 -0.123225
v -0.132937 -0.333972 -0.086813
v -0.035492 -0.263592 -0.119415
v 0.109250 -0.457486 -0.097682
v 0.141790 -0.482698 -0.079421
v -0.090295 -0.465157 -0.113286
v 0.112373 -0.338473 -0.101370
v 0.041396 -0.293023 -0.146075
v -0.017052 -0.632156 -0.112240
v -0.006604 -0.602868 -0.111512
v -0.078188 -0.598046 -0.119208
v -0.136093 -0.300121 -0.085241
v -0.028817 -0.280145 -0.118354
v -0.020850 -0.289205 -0.116799
v 0.017697 -0.261147 -0.115674
v -0.043795 -0.287127 -0.124083
v -0.006250 -0.277722 -0.114177
v 0.023213 -0.249705 -0.116306
v -0.032947 -0.291320 -0.120352
v -0.038086 -0.284290 -0.121864
v -0.040259 -0.310960 -0.124118
v -0.047698 -0.275623 -0.124402
v -0.038999 -0.271387 -0.122160
v 0.012495 -0.236402 -0.114756
v 0.005778 -0.254597 -0.120157
v -0.002030 -0.241406 -0.115529
v -0.006580 -0.254529 -0.115256
v -0.030373 -0.254735 -0.118013
v 0.079616 -0.656480 -0.109625
v 0.107191 -0.529686 -0.090650
v 0.004823 -0.656775 -0.108740
v 0.020183 -0.662641 -0.116178
v 0.029951 -0.652592 -0.123707
v 0.039677 -0.650796 -0.135960
v 0.040575 -0.654216 -0.139570
v 0.038057 -0.638949 -0.133021
v 0.124092 -0.406723 -0.093912
v 0.071576 -0.348718 -0.115154
v 0.082841 -0.333953 -0.108990
v 0.036914 -0.251517 -0.133521
v 0.053257 -0.294985 -0.129571
v -0.045532 -0.265308 -0.123443
v 0.109696 -0.490506 -0.094908
v 0.087515 -0.539101 -0.099211
v 0.120276 -0.511312 -0.090328
v 0.135689 -0.530708 -0.080915
v 0.082324 -0.498165 -0.102548
v 0.100201 -0.424350 -0.101168
v 0.115279 -0.429300 -0.097061
v 0.108541 -0.383609 -0.099827
v 0.033029 -0.242954 -0.134362
v 0.044659 -0.243183 -0.125025
v 0.050135 -0.255693 -0.125187
v 0.039441 -0.272928 -0.143151
v -0.005792 -0.631329 -0.110859
v -0.029678 -0.623123 -0.118832
v -0.015866 -0.602094 -0.113609
v -0.049564 -0.611140 -0.131238
v -0.055133 -0.578322 -0.130653
v -0.054039 -0.627123 -0.130589
v 0.098380 -0.589836 -0.085819
v 0.110764 -0.573771 -0.083552
v 0.076901 -0.542296 -0.107427
v 0.045741 -0.260873 -0.129833
v 0.034467 -0.260990 -0.141894
v 0.035446 -0.251929 -0.141200
v 0.037036 -0.270117 -0.138529
v 0.037828 -0.281159 -0.144018
v 0.044044 -0.283964 -0.141007
v 0.038439 -0.291816 -0.137024
v 0.044338 -0.264193 -0.136778
v 0.042602 -0.265630 -0.117527
v 0.051422 -0.308176 -0.133520
v -0.039926 -0.620744 -0.128000
v -0.028273 -0.583423 -0.121016
v -0.026273 -0.605893 -0.117939
v -0.041687 -0.590606 -0.130057
v 0.080907 -0.554515 -0.102452
v 0.041385 -0.307047 -0.144855
v 0.042976 -0.303349 -0.145628
v 0.042621 -0.283093 -0.126988
v 0.048134 -0.269779 -0.125397
v -0.045965 -0.632970 -0.130200
v -0.005032 -0.552021 -0.112552
v 0.072892 -0.557052 -0.115306
v 0.083177 -0.584830 -0.098703
v 0.039284 -0.289898 -0.125052
v 0.019432 -0.283816 -0.113633
v 0.044898 -0.290399 -0.114454
v 0.045945 -0.277939 -0.118340
v 0.033937 -0.275401 -0.116526
v 0.003898 -0.268319 -0.119346
v 0.069026 -0.551006 -0.124120
v -0.018110 -0.582638 -0.115174
v 0.053768 -0.511120 -0.141875
v 0.077625 -0.516542 -0.107525
v 0.071821 -0.491418 -0.118803
v 0.071118 -0.526769 -0.120380
v 0.066960 -0.505960 -0.128639
v 0.050880 -0.496137 -0.142262
v 0.058224 -0.502524 -0.138089
v 0.062143 -0.494473 -0.133762
v 0.055180 -0.492065 -0.140295
v 0.051862 -0.467752 -0.141594
v 0.057017 -0.478690 -0.138742
v 0.049944 -0.480539 -0.142031
v 0.047772 -0.494902 -0.141841
v 0.078601 -0.475232 -0.105867
v 0.050878 -0.536285 -0.143711
v 0.083461 -0.451840 -0.103077
v 0.072704 -0.477173 -0.116504
v 0.055250 -0.460711 -0.139418
v 0.062519 -0.465459 -0.132255
v 0.046869 -0.418970 -0.141474
v 0.050825 -0.424511 -0.140888
v 0.058671 -0.444888 -0.135931
v 0.062465 -0.427614 -0.128935
v 0.067189 -0.480203 -0.126736
v 0.065008 -0.537649 -0.132272
v 0.060193 -0.548637 -0.137904
v 0.072963 -0.451755 -0.114697
v 0.046317 -0.447413 -0.129657
v 0.055819 -0.519996 -0.140623
v 0.065778 -0.446738 -0.125065
v 0.079592 -0.433209 -0.105673
v 0.053779 -0.416264 -0.138849
v 0.062884 -0.381724 -0.124668
v 0.047737 -0.440874 -0.141805
v 0.047314 -0.428066 -0.137169
v 0.070706 -0.427927 -0.117276
v 0.066096 -0.418762 -0.123354
v 0.074906 -0.396140 -0.109935
v 0.046226 -0.435057 -0.140286
v 0.045589 -0.410028 -0.139135
v 0.048129 -0.414115 -0.132073
v 0.045585 -0.393862 -0.128577
v 0.090320 -0.371866 -0.105792
v 0.019952 -0.407064 -0.114377
v 0.047859 -0.400094 -0.142037
v 0.053060 -0.407813 -0.139433
v 0.047843 -0.399715 -0.134326
v 0.045216 -0.406080 -0.141291
v 0.048975 -0.389927 -0.141598
v 0.057907 -0.393125 -0.133378
v 0.065555 -0.395148 -0.121975
v 0.036308 -0.397376 -0.120572
v 0.014338 -0.372437 -0.113547
v 0.035180 -0.374047 -0.119653
v 0.047670 -0.385489 -0.134652
v 0.052632 -0.379801 -0.138659
v 0.060965 -0.410033 -0.129599
v 0.045015 -0.373921 -0.138143
v 0.045291 -0.375086 -0.142042
v 0.044310 -0.387382 -0.140396
v -0.046263 -0.124937 -0.084790
v 0.009868 -0.120639 -0.088706
v 0.027795 -0.124042 -0.085207
v -0.016463 -0.206616 -0.109513
v -0.085603 -0.190215 -0.099658
v -0.071391 -0.231151 -0.113773
v -0.069358 -0.226210 -0.116697
v 0.056999 -0.652397 -0.141384
v -0.115146 -0.432537 -0.100703
v -0.122570 -0.475833 -0.097190
v -0.079783 -0.464185 -0.114506
v -0.100496 -0.261643 -0.106951
v -0.115416 -0.291644 -0.099707
v -0.131599 -0.267769 -0.087578
v -0.120650 -0.296148 -0.096516
v -0.093136 -0.302162 -0.110540
v -0.081039 -0.257108 -0.114433
v -0.071729 -0.261879 -0.116658
v -0.061965 -0.279809 -0.123671
v -0.069073 -0.274706 -0.119244
v -0.078767 -0.278125 -0.114953
v -0.054543 -0.265989 -0.123694
v -0.110657 -0.308607 -0.102819
v -0.070649 -0.284593 -0.117523
v -0.067001 -0.284385 -0.121774
v -0.056990 -0.290948 -0.124370
v -0.096900 -0.275225 -0.108652
v -0.079340 -0.295951 -0.114849
v -0.070513 -0.309165 -0.117599
v -0.115567 -0.348528 -0.100397
v -0.052482 -0.370245 -0.128005
v -0.064999 -0.306899 -0.122355
v -0.044779 -0.335519 -0.125779
v -0.055608 -0.326261 -0.126320
v -0.051235 -0.316686 -0.125691
v -0.056586 -0.339665 -0.126888
v -0.065631 -0.345552 -0.119269
v -0.076960 -0.336703 -0.115258
v -0.084887 -0.356349 -0.114451
v -0.122302 -0.212021 -0.086082
v 0.042778 -0.639324 -0.142798
v 0.045152 -0.648316 -0.142382
v 0.041386 -0.651995 -0.142144
v 0.040942 -0.640596 -0.142055
v 0.076109 -0.595480 -0.106461
v 0.047765 -0.240879 -0.121153
v 0.027868 -0.231018 -0.114811
v 0.038728 -0.254050 -0.117712
v 0.030514 -0.261214 -0.116836
v -0.018208 -0.309288 -0.115265
v -0.030339 -0.312890 -0.119630
v 0.043239 -0.319676 -0.120590
v 0.035074 -0.300715 -0.114271
v 0.047255 -0.302159 -0.119721
v 0.019196 -0.304369 -0.113488
v 0.007648 -0.290523 -0.117048
v 0.008420 -0.313098 -0.113935
v -0.023280 -0.321190 -0.116746
v -0.004676 -0.319080 -0.112621
v -0.086215 -0.589167 -0.113809
v -0.072780 -0.562999 -0.122982
v -0.085473 -0.538459 -0.113832
v -0.091710 -0.521173 -0.111106
v -0.079157 -0.516836 -0.115704
v -0.055352 -0.530893 -0.129927
v -0.069111 -0.525112 -0.120455
v 0.102101 -0.404441 -0.101709
v -0.034505 -0.601848 -0.125310
v 0.047627 -0.318514 -0.140745
v 0.055584 -0.335835 -0.132812
v 0.060686 -0.330274 -0.124378
v 0.063212 -0.364920 -0.121338
v 0.055542 -0.359785 -0.135718
v 0.002245 -0.279339 -0.118102
v 0.048337 -0.519167 -0.140790
v 0.048464 -0.511903 -0.143042
v 0.046775 -0.458165 -0.141690
v 0.047063 -0.468426 -0.141369
v 0.048349 -0.458834 -0.133808
v 0.048074 -0.492669 -0.135192
v 0.047967 -0.516704 -0.136905
v 0.044089 -0.523612 -0.131151
v 0.040835 -0.533624 -0.129016
v 0.043906 -0.499720 -0.129507
v 0.036656 -0.505537 -0.125236
v 0.027525 -0.504950 -0.116775
v 0.031180 -0.520938 -0.120481
v -0.009954 -0.470085 -0.116097
v 0.019307 -0.488155 -0.113456
v 0.047380 -0.446742 -0.135970
v 0.046943 -0.427006 -0.130985
v 0.039248 -0.432501 -0.123000
v 0.040453 -0.415027 -0.123950
v 0.016937 -0.440584 -0.112454
v -0.001715 -0.404961 -0.112544
v 0.036743 -0.462967 -0.122029
v 0.004226 -0.438788 -0.110916
v 0.030938 -0.448967 -0.117894
v 0.044017 -0.470006 -0.127911
v 0.030061 -0.473816 -0.118806
v 0.035693 -0.480692 -0.122506
v -0.002706 -0.484730 -0.115112
v 0.022106 -0.465991 -0.114365
v -0.040926 -0.420378 -0.127864
v -0.056296 -0.422168 -0.127576
v -0.020394 -0.422944 -0.119287
v -0.035565 -0.432982 -0.126972
v -0.023222 -0.444104 -0.121323
v -0.013763 -0.438030 -0.117624
v 0.073327 -0.412199 -0.112628
v 0.048050 -0.369569 -0.128562
v -0.106093 -0.192586 -0.093705
v -0.049259 -0.350824 -0.127485
v -0.037305 -0.327688 -0.124238
v -0.033163 -0.341907 -0.123363
v -0.078088 -0.383097 -0.115428
v -0.087757 -0.395910 -0.113931
v -0.060096 -0.362982 -0.124885
v -0.025670 -0.364018 -0.120071
v -0.038824 -0.366866 -0.126184
v -0.035869 -0.351310 -0.124221
v 0.042801 -0.303018 -0.131861
v 0.024947 -0.313240 -0.113178
v 0.015034 -0.326274 -0.112621
v -0.017006 -0.354502 -0.115726
v -0.025566 -0.353676 -0.119981
v 0.015246 -0.344372 -0.114034
v -0.069510 -0.479805 -0.118012
v 0.042139 -0.323662 -0.142286
v 0.042044 -0.318754 -0.145073
v 0.044092 -0.333267 -0.143495
v 0.047252 -0.344806 -0.141303
v 0.042519 -0.332896 -0.140687
v 0.049391 -0.324152 -0.127764
v 0.047273 -0.324939 -0.132474
v 0.047998 -0.312542 -0.122519
v 0.049097 -0.333803 -0.132127
v 0.050016 -0.342085 -0.127932
v 0.049916 -0.338771 -0.131381
v 0.050663 -0.354611 -0.130314
v 0.046701 -0.308084 -0.127249
v 0.046899 -0.330689 -0.123349
v 0.045209 -0.355066 -0.137646
v 0.044611 -0.355163 -0.124705
v 0.040252 -0.338881 -0.121308
v -0.037595 -0.568831 -0.128551
v -0.028996 -0.559530 -0.122452
v -0.046408 -0.541644 -0.131658
v -0.034820 -0.546075 -0.127348
v -0.023184 -0.569660 -0.118587
v -0.026695 -0.526982 -0.122828
v -0.043398 -0.514963 -0.131144
v -0.048396 -0.557148 -0.131903
v 0.022661 -0.564456 -0.115791
v -0.010193 -0.569087 -0.113073
v -0.015247 -0.542697 -0.115795
v -0.001769 -0.530257 -0.112959
v 0.005184 -0.557735 -0.112785
v 0.035791 -0.545647 -0.125138
v 0.026239 -0.550684 -0.118035
v 0.030027 -0.413933 -0.116782
v 0.008664 -0.390053 -0.112527
v 0.008018 -0.415258 -0.111329
v -0.040234 -0.450024 -0.128973
v -0.022600 -0.511865 -0.120266
v -0.034219 -0.514184 -0.127133
v -0.030178 -0.502864 -0.125195
v -0.020642 -0.472793 -0.120559
v -0.013706 -0.516900 -0.115031
v -0.014615 -0.484111 -0.117299
v 0.009454 -0.473477 -0.111737
v -0.058035 -0.449542 -0.126548
v 0.015125 -0.509819 -0.113021
v -0.045275 -0.467873 -0.131149
v -0.049171 -0.442611 -0.130076
v -0.035632 -0.472020 -0.128015
v -0.070430 -0.432833 -0.115475
v -0.024364 -0.486563 -0.121817
v -0.039206 -0.495409 -0.130294
v -0.052510 -0.486220 -0.130194
v 0.074923 -0.633632 -0.108964
v -0.085406 -0.428501 -0.114390
v -0.069394 -0.389675 -0.115902
v -0.054010 -0.387607 -0.128806
v -0.056403 -0.412562 -0.127702
v -0.024626 -0.380003 -0.119785
v -0.015313 -0.379313 -0.115458
v -0.029125 -0.395315 -0.122446
v -0.035830 -0.383617 -0.125366
v -0.015198 -0.392384 -0.115688
v -0.002093 -0.375612 -0.111908
v -0.015310 -0.343970 -0.114937
v -0.005909 -0.339573 -0.112514
v 0.026152 -0.356930 -0.115611
v -0.001082 -0.361354 -0.112602
v -0.029363 -0.416582 -0.123169
v -0.033173 -0.403327 -0.124278
v -0.043583 -0.402427 -0.127775
v -0.022112 -0.401254 -0.119547
v 0.042613 -0.314626 -0.140407
v 0.042388 -0.343792 -0.141809
v 0.042905 -0.358502 -0.142397
v 0.047639 -0.346488 -0.134342
v 0.016489 -0.561691 -0.113812
v 0.011395 -0.575962 -0.113945
v 0.041762 -0.614194 -0.135937
v 0.029132 -0.621425 -0.121871
v 0.037655 -0.613709 -0.131116
v 0.032952 -0.603827 -0.124640
v 0.032567 -0.628966 -0.126373
v 0.016355 -0.621477 -0.113092
v 0.022301 -0.608878 -0.115799
v 0.024067 -0.580962 -0.116416
v 0.009504 -0.632282 -0.110550
v 0.025185 -0.592800 -0.117099
v 0.042265 -0.618427 -0.143129
v 0.010333 -0.600296 -0.113176
v 0.057354 -0.626281 -0.140671
v 0.053096 -0.639209 -0.142817
v 0.033984 -0.567923 -0.124271
v 0.030864 -0.560315 -0.121530
v 0.035610 -0.588841 -0.126511
v 0.042380 -0.596803 -0.135196
v 0.041113 -0.579356 -0.132465
v 0.051235 -0.611644 -0.143223
v 0.046484 -0.623968 -0.143417
v 0.031275 -0.575746 -0.121919
v 0.045073 -0.583065 -0.138333
v 0.044157 -0.604344 -0.143677
v 0.058993 -0.584046 -0.138693
v 0.049104 -0.559973 -0.144480
v 0.042214 -0.625339 -0.138866
v 0.045523 -0.589081 -0.140699
v 0.047188 -0.567734 -0.140461
v 0.070005 -0.572354 -0.121742
v 0.075545 -0.572595 -0.109221
v 0.065556 -0.557357 -0.130522
v 0.061000 -0.570216 -0.136819
v 0.047847 -0.542052 -0.138849
v 0.071200 -0.589645 -0.118450
v 0.063105 -0.604738 -0.134384
v 0.051247 -0.575781 -0.143871
v 0.055082 -0.560344 -0.141980
v 0.056522 -0.541415 -0.141090
v 0.047554 -0.534621 -0.143165
v 0.044701 -0.547436 -0.134874
v 0.068226 -0.611756 -0.124007
v 0.057629 -0.597938 -0.139888
v 0.048273 -0.595398 -0.144157
v 0.047080 -0.569480 -0.144437
v 0.066614 -0.581076 -0.128870
v 0.021180 -0.633145 -0.115579
v 0.012996 -0.650038 -0.111283
v 0.067774 -0.632859 -0.123701
v 0.063379 -0.636153 -0.134187
v 0.040053 -0.556160 -0.130309
v 0.043217 -0.565996 -0.134383
v 0.038802 -0.563296 -0.129325
v 0.020134 -0.526347 -0.114310
v 0.094933 -0.066503 -0.055910
v 0.133553 -0.056537 -0.000065
v 0.136802 -0.053072 0.023000
v 0.133638 -0.050755 0.046527
v 0.124713 -0.048404 0.067605
v 0.111800 -0.047683 0.085021
v 0.098361 -0.047313 0.098424
v 0.053630 -0.047153 0.133449
v 0.034242 -0.048829 0.140881
v 0.008452 -0.051679 0.144567
v -0.004200 -0.051358 0.144578
v -0.024693 -0.050829 0.142669
v -0.075913 -0.045251 0.116994
v 0.142465 -0.089408 -0.004387
v 0.112226 -0.062559 -0.040627
v 0.140190 -0.070162 0.024935
v 0.101921 -0.089695 -0.055974
v 0.112144 -0.070186 0.088731
v 0.132655 -0.069493 0.061493
v 0.090235 -0.076883 -0.057492
v 0.109131 -0.078840 -0.047384
v 0.080815 -0.046718 0.114896
v 0.124894 -0.058378 -0.021698
v -0.064984 -0.046130 0.125279
v -0.048956 -0.048377 0.134576
v 0.018541 -0.073778 0.150951
v 0.122414 -0.063305 0.075606
v -0.001866 -0.069899 -0.060315
v -0.037171 -0.069805 -0.071366
v -0.056879 -0.070026 -0.071329
v -0.075247 -0.069252 -0.068156
v -0.091704 -0.067320 -0.061612
v -0.105892 -0.064547 -0.051464
v -0.117563 -0.061332 -0.038665
v -0.128612 -0.058181 -0.021455
v -0.134542 -0.051218 -0.006817
v -0.137986 -0.049349 0.005635
v -0.134494 -0.042095 0.046152
v -0.125792 -0.040884 0.063886
v -0.104130 -0.042961 0.097214
v -0.086060 -0.044789 0.108001
v 0.084742 -0.099721 -0.068040
v -0.124292 -0.077902 -0.043750
v 0.010697 -0.086215 -0.067763
v 0.047649 -0.087248 -0.073410
v -0.053036 -0.087901 -0.079291
v -0.135152 -0.072207 -0.012297
v -0.113436 -0.042219 0.080626
v 0.043522 -0.070745 -0.068451
v -0.144947 -0.065056 0.002585
v -0.138994 -0.043491 0.024502
v -0.138006 -0.059715 0.055709
v -0.145459 -0.063075 0.026852
v -0.112141 -0.081593 0.104889
v -0.136085 -0.076842 -0.028313
v -0.029913 -0.085686 -0.068572
v -0.099004 -0.097051 -0.068657
v 0.066864 -0.070072 -0.066108
# 2508 vertices, 0 vertices normals

f 222 416 29
f 53 54 81
f 330 89 84
f 225 28 190
f 67 113 99
f 139 45 126
f 73 101 74
f 327 89 330
f 76 38 133
f 29 221 30
f 157 107 158
f 339 373 368
f 46 182 167
f 39 290 38
f 54 53 110
f 290 105 38
f 711 171 169
f 492 133 107
f 21 20 192
f 76 88 39
f 22 173 23
f 89 86 84
f 172 124 25
f 35 64 34
f 27 168 834
f 68 67 114
f 191 207 229
f 190 834 168
f 83 2 1
f 103 43 44
f 169 171 123
f 42 72 83
f 86 89 87
f 125 45 174
f 73 47 101
f 118 135 291
f 68 69 41
f 1358 137 1372
f 61 75 140
f 188 769 32
f 45 125 126
f 97 66 57
f 66 97 42
f 91 139 126
f 42 41 66
f 73 74 40
f 165 112 138
f 47 58 59
f 41 40 66
f 67 68 42
f 65 57 58
f 140 75 62
f 2475 65 58
f 176 91 126
f 50 113 91
f 44 43 93
f 127 92 93
f 102 49 127
f 99 49 48
f 71 60 70
f 91 176 150
f 68 114 100
f 61 103 104
f 182 46 159
f 43 72 42
f 93 43 70
f 158 44 92
f 40 69 59
f 48 47 100
f 36 83 72
f 58 47 73
f 41 42 83
f 41 83 40
f 83 1 40
f 48 101 47
f 34 2 83
f 152 176 129
f 86 296 90
f 236 1381 8
f 196 213 212
f 108 85 37
f 330 84 118
f 79 82 135
f 15 196 197
f 201 195 7
f 108 117 63
f 78 81 54
f 82 56 135
f 235 236 195
f 71 70 42
f 85 108 79
f 414 413 491
f 12 1308 162
f 98 66 40
f 57 66 58
f 49 102 48
f 61 104 133
f 76 133 492
f 75 61 133
f 60 127 93
f 103 72 43
f 74 71 42
f 9 178 179
f 202 220 10
f 34 83 35
f 72 61 140
f 140 36 72
f 140 62 109
f 36 109 110
f 38 105 75
f 134 56 105
f 39 38 76
f 88 335 39
f 55 106 56
f 54 109 55
f 78 54 55
f 78 79 63
f 62 105 106
f 75 133 38
f 52 111 53
f 34 64 51
f 110 64 35
f 53 80 52
f 111 64 110
f 51 52 80
f 80 116 51
f 52 51 64
f 56 82 55
f 84 86 37
f 84 85 118
f 86 90 37
f 108 63 79
f 81 80 53
f 82 79 55
f 81 117 115
f 81 78 63
f 1353 136 1358
f 98 58 66
f 163 96 4
f 140 37 90
f 36 120 35
f 5 132 164
f 77 335 332
f 59 69 100
f 84 37 85
f 85 135 118
f 138 33 165
f 79 78 55
f 140 108 37
f 36 35 83
f 180 827 802
f 141 495 417
f 143 204 181
f 46 167 183
f 147 769 148
f 176 125 182
f 113 50 49
f 49 50 127
f 128 92 127
f 60 93 70
f 46 183 184
f 155 157 158
f 440 434 529
f 262 232 238
f 13 12 131
f 140 120 36
f 97 43 42
f 45 43 97
f 45 97 174
f 1 98 40
f 114 99 48
f 67 99 114
f 59 100 47
f 68 100 69
f 60 71 102
f 102 71 74
f 102 127 60
f 61 72 103
f 101 102 74
f 48 102 101
f 44 158 104
f 104 103 44
f 106 105 56
f 75 105 62
f 62 106 55
f 104 107 133
f 134 290 291
f 291 334 118
f 108 36 117
f 109 62 55
f 110 109 54
f 117 35 115
f 34 51 2
f 110 53 111
f 64 111 52
f 2475 112 65
f 99 113 49
f 43 139 67
f 67 139 113
f 100 114 48
f 115 80 81
f 80 115 116
f 34 116 115
f 117 81 63
f 295 136 200
f 96 163 120
f 380 386 379
f 180 802 225
f 221 31 30
f 168 169 123
f 453 250 267
f 431 518 433
f 174 65 175
f 65 149 175
f 148 193 175
f 176 126 125
f 139 91 113
f 50 151 128
f 150 50 91
f 50 128 127
f 128 158 92
f 158 128 155
f 128 151 153
f 93 92 44
f 184 394 46
f 161 238 233
f 14 131 255
f 4 96 132
f 3 163 4
f 136 1353 215
f 57 65 174
f 165 65 112
f 57 174 97
f 107 104 158
f 290 134 105
f 135 134 291
f 135 85 79
f 134 135 56
f 6 1372 137
f 137 1358 136
f 6 137 166
f 137 136 295
f 45 139 43
f 86 87 296
f 200 90 296
f 140 90 120
f 29 416 221
f 180 224 428
f 204 32 31
f 142 188 143
f 249 258 267
f 711 169 27
f 250 171 145
f 26 250 145
f 208 168 122
f 169 168 27
f 122 168 123
f 149 147 175
f 175 147 148
f 50 150 151
f 94 154 129
f 152 154 153
f 150 152 151
f 128 153 155
f 176 152 150
f 152 153 151
f 152 129 154
f 155 153 156
f 94 156 154
f 153 154 156
f 299 157 155
f 297 308 299
f 299 155 156
f 159 46 394
f 176 159 129
f 16 15 197
f 219 253 357
f 263 214 212
f 131 14 13
f 12 162 131
f 120 163 35
f 4 132 5
f 120 200 215
f 165 33 149
f 217 6 166
f 177 6 217
f 295 166 137
f 216 256 201
f 381 286 285
f 221 420 203
f 204 143 32
f 31 221 204
f 184 183 185
f 167 142 183
f 143 188 32
f 193 142 167
f 148 769 188
f 186 205 143
f 143 181 186
f 190 168 208
f 26 170 249
f 172 25 24
f 244 24 23
f 456 353 352
f 148 188 193
f 125 193 167
f 165 149 65
f 147 149 33
f 176 182 159
f 194 17 16
f 252 17 160
f 130 252 160
f 251 192 351
f 213 196 15
f 194 160 17
f 162 1391 198
f 132 96 215
f 1353 164 132
f 294 239 119
f 217 216 177
f 296 166 295
f 201 177 216
f 218 178 9
f 346 202 179
f 243 223 180
f 204 203 181
f 204 221 203
f 167 182 125
f 187 206 304
f 142 205 183
f 304 185 187
f 187 185 205
f 143 205 142
f 186 181 309
f 205 185 183
f 228 206 187
f 187 186 309
f 187 205 186
f 193 188 142
f 229 514 224
f 28 834 190
f 208 189 190
f 190 189 225
f 453 208 122
f 244 172 24
f 173 244 23
f 230 22 21
f 192 20 209
f 193 125 174
f 193 174 175
f 197 194 16
f 210 234 261
f 197 196 233
f 199 198 1391
f 213 255 212
f 1353 132 215
f 90 200 120
f 295 200 296
f 120 215 96
f 200 136 215
f 201 7 177
f 256 265 201
f 1381 218 9
f 218 236 235
f 10 9 179
f 220 202 11
f 423 203 420
f 421 422 420
f 423 181 203
f 305 206 310
f 224 225 189
f 207 191 144
f 189 208 191
f 124 170 25
f 257 172 244
f 172 257 246
f 170 124 249
f 249 267 26
f 192 230 21
f 209 20 19
f 19 18 231
f 211 210 11
f 202 211 11
f 236 8 195
f 7 195 8
f 265 195 201
f 218 1381 236
f 237 214 289
f 198 131 162
f 256 217 119
f 294 87 355
f 217 256 216
f 357 441 219
f 241 218 219
f 178 241 444
f 202 10 179
f 179 444 344
f 242 346 344
f 29 856 222
f 856 223 222
f 223 243 497
f 856 827 223
f 827 180 223
f 225 224 180
f 423 226 181
f 322 292 374
f 226 423 227
f 320 473 312
f 226 309 181
f 423 422 227
f 206 228 310
f 430 207 433
f 191 229 189
f 244 173 247
f 124 172 246
f 231 209 19
f 18 17 231
f 231 17 252
f 197 232 194
f 130 160 259
f 197 233 232
f 212 214 196
f 252 280 231
f 210 211 234
f 285 284 234
f 213 14 255
f 263 287 214
f 161 214 237
f 196 214 161
f 233 196 161
f 161 237 238
f 232 233 238
f 255 131 354
f 89 327 355
f 323 327 330
f 355 240 239
f 327 240 355
f 446 241 443
f 446 442 343
f 241 178 218
f 346 179 344
f 288 287 377
f 229 224 189
f 146 173 22
f 257 244 247
f 347 247 146
f 247 245 257
f 245 247 347
f 273 246 248
f 248 246 245
f 347 248 245
f 250 123 171
f 251 230 192
f 349 22 230
f 192 209 351
f 251 353 230
f 173 146 247
f 146 22 349
f 351 231 280
f 194 259 160
f 269 252 130
f 252 269 280
f 271 269 130
f 198 261 284
f 265 235 195
f 235 265 253
f 235 219 218
f 219 235 253
f 358 356 357
f 212 255 263
f 289 214 287
f 259 270 130
f 259 262 270
f 287 263 264
f 166 294 217
f 246 257 245
f 532 249 124
f 267 258 453
f 122 250 453
f 250 122 123
f 279 268 274
f 348 347 146
f 232 259 194
f 272 130 270
f 130 272 271
f 261 198 199
f 210 261 199
f 238 237 254
f 264 263 255
f 262 238 254
f 262 254 270
f 259 232 262
f 255 354 264
f 354 131 198
f 284 354 198
f 264 354 286
f 265 256 266
f 256 277 266
f 266 277 358
f 277 324 331
f 217 294 119
f 294 296 87
f 124 273 532
f 258 532 375
f 353 349 230
f 268 260 278
f 283 275 272
f 271 281 383
f 283 270 254
f 271 272 281
f 283 272 270
f 254 276 283
f 277 256 119
f 253 265 266
f 273 124 246
f 532 258 249
f 280 269 268
f 260 268 269
f 454 458 269
f 248 347 467
f 358 253 266
f 237 276 254
f 275 276 282
f 258 375 144
f 456 274 457
f 274 352 279
f 274 268 278
f 351 280 279
f 279 280 268
f 251 351 279
f 286 381 287
f 377 378 288
f 390 379 387
f 260 269 458
f 272 275 281
f 282 378 388
f 286 354 284
f 264 286 287
f 261 234 284
f 345 242 344
f 285 286 284
f 275 283 276
f 281 282 388
f 282 276 288
f 237 289 276
f 276 289 288
f 289 287 288
f 39 77 290
f 290 77 291
f 77 334 291
f 315 317 306
f 297 299 156
f 322 414 293
f 294 166 296
f 206 305 304
f 156 94 297
f 303 305 302
f 299 300 293
f 129 159 394
f 298 394 303
f 308 297 302
f 300 299 395
f 299 293 157
f 305 306 308
f 395 319 300
f 319 318 404
f 300 319 322
f 298 302 297
f 303 302 298
f 297 94 298
f 129 298 94
f 184 304 303
f 185 304 184
f 313 306 305
f 305 310 313
f 313 315 306
f 307 306 317
f 306 307 308
f 308 307 301
f 304 305 303
f 311 310 227
f 226 228 309
f 311 227 396
f 228 187 309
f 227 310 228
f 314 311 316
f 228 226 227
f 474 321 398
f 317 318 301
f 310 311 313
f 315 313 311
f 314 315 311
f 320 314 316
f 317 315 314
f 396 316 311
f 320 318 314
f 317 301 307
f 312 318 320
f 301 319 395
f 318 317 314
f 300 322 293
f 318 319 301
f 322 319 403
f 402 312 406
f 396 397 316
f 473 316 397
f 418 476 397
f 491 293 414
f 318 312 404
f 404 403 319
f 222 415 416
f 141 420 416
f 532 376 375
f 561 550 563
f 429 514 430
f 207 375 431
f 333 334 332
f 324 277 119
f 240 326 325
f 326 328 325
f 119 239 324
f 325 324 239
f 326 323 328
f 240 327 326
f 451 328 323
f 240 325 239
f 326 327 323
f 355 239 294
f 334 330 118
f 360 358 277
f 323 330 329
f 331 324 325
f 331 328 359
f 328 331 325
f 335 337 332
f 359 95 362
f 277 331 360
f 360 331 359
f 334 333 329
f 333 332 452
f 334 329 330
f 334 77 332
f 359 328 451
f 77 39 335
f 338 335 88
f 88 493 338
f 366 341 342
f 338 337 335
f 337 368 452
f 339 369 361
f 341 451 323
f 366 342 339
f 373 340 333
f 342 341 340
f 341 323 340
f 373 342 340
f 444 179 178
f 241 446 444
f 445 345 344
f 445 344 444
f 345 445 593
f 548 345 593
f 234 211 346
f 211 202 346
f 348 146 349
f 463 457 278
f 350 348 349
f 267 250 26
f 231 351 209
f 258 144 453
f 352 353 251
f 279 352 251
f 456 352 274
f 278 457 274
f 353 456 349
f 355 87 89
f 253 358 357
f 434 440 441
f 357 356 434
f 362 437 356
f 359 362 356
f 356 358 360
f 356 360 359
f 438 362 95
f 363 95 451
f 438 95 371
f 363 371 95
f 372 365 371
f 365 436 438
f 339 361 366
f 371 365 438
f 368 367 339
f 339 342 373
f 410 370 292
f 411 410 480
f 367 368 411
f 370 411 368
f 337 338 370
f 367 369 339
f 338 336 370
f 374 370 336
f 337 370 368
f 372 371 361
f 364 365 372
f 490 361 369
f 408 412 490
f 361 371 366
f 363 366 371
f 341 366 363
f 329 333 340
f 368 373 452
f 373 333 452
f 452 332 337
f 413 414 374
f 323 329 340
f 370 374 292
f 144 375 207
f 376 532 534
f 431 376 590
f 431 375 376
f 388 378 390
f 380 287 381
f 377 390 378
f 378 282 288
f 380 377 287
f 392 381 285
f 380 381 608
f 390 377 379
f 281 275 282
f 383 388 563
f 379 377 380
f 504 510 508
f 455 454 271
f 382 393 389
f 271 383 455
f 242 285 234
f 387 384 389
f 562 387 389
f 386 380 385
f 386 384 379
f 387 379 384
f 389 384 382
f 388 390 562
f 563 388 562
f 563 455 383
f 388 383 281
f 392 285 242
f 381 392 608
f 562 390 387
f 382 384 386
f 606 382 386
f 546 602 464
f 234 346 242
f 345 392 242
f 561 393 549
f 303 394 184
f 394 298 129
f 299 308 395
f 305 308 302
f 395 308 301
f 227 422 472
f 472 396 227
f 473 321 312
f 418 396 472
f 398 397 476
f 474 398 476
f 398 321 473
f 372 412 364
f 404 400 403
f 485 399 482
f 404 312 402
f 410 411 370
f 403 401 409
f 400 404 402
f 405 488 400
f 401 403 400
f 480 488 408
f 405 399 488
f 483 402 407
f 405 400 402
f 482 405 483
f 483 405 402
f 475 321 474
f 406 407 402
f 406 475 407
f 475 474 477
f 322 409 292
f 361 490 412
f 369 367 411
f 409 401 410
f 292 409 410
f 411 480 369
f 412 372 361
f 410 401 480
f 322 403 409
f 414 322 374
f 413 374 336
f 413 492 491
f 157 293 491
f 221 416 420
f 415 141 416
f 417 418 419
f 418 397 396
f 426 474 476
f 418 417 425
f 423 420 422
f 420 141 421
f 422 419 472
f 422 421 419
f 141 417 421
f 421 417 419
f 496 417 495
f 425 417 427
f 495 141 415
f 424 427 496
f 478 477 479
f 426 425 427
f 426 427 565
f 427 566 565
f 571 478 479
f 477 426 565
f 224 514 428
f 347 348 470
f 431 433 207
f 518 431 590
f 546 543 542
f 433 518 519
f 430 229 207
f 229 430 514
f 529 434 356
f 357 434 441
f 362 439 437
f 529 356 437
f 600 601 594
f 364 412 481
f 528 531 530
f 435 529 437
f 439 435 437
f 439 362 438
f 600 436 365
f 439 438 436
f 528 529 435
f 442 440 121
f 241 219 443
f 441 443 219
f 441 440 442
f 441 442 443
f 442 121 343
f 444 343 445
f 446 343 444
f 343 121 593
f 593 445 343
f 121 520 603
f 555 583 581
f 385 605 604
f 121 440 449
f 449 440 529
f 448 528 450
f 528 448 449
f 451 95 359
f 363 451 341
f 453 144 191
f 191 208 453
f 537 458 539
f 271 454 269
f 550 455 563
f 350 349 456
f 466 347 470
f 260 463 278
f 539 458 454
f 470 350 459
f 465 466 460
f 350 470 348
f 535 459 456
f 456 459 350
f 456 461 535
f 459 460 470
f 461 463 462
f 461 456 457
f 260 458 463
f 468 463 458
f 461 457 463
f 537 468 458
f 462 463 468
f 543 535 538
f 546 464 460
f 465 460 469
f 466 465 467
f 273 248 467
f 347 466 467
f 535 461 462
f 468 537 462
f 460 459 543
f 462 537 541
f 459 535 543
f 464 469 460
f 549 552 391
f 543 546 460
f 460 466 470
f 121 449 520
f 550 549 391
f 549 393 471
f 539 455 550
f 455 539 454
f 419 418 472
f 316 473 320
f 398 473 397
f 321 475 406
f 425 476 418
f 474 426 477
f 426 476 425
f 475 477 478
f 479 564 571
f 564 477 565
f 566 574 565
f 407 475 478
f 564 479 477
f 487 610 484
f 478 571 575
f 321 406 312
f 614 481 489
f 601 364 481
f 481 412 408
f 489 488 399
f 488 480 401
f 408 490 480
f 481 408 489
f 399 405 482
f 485 614 489
f 616 610 613
f 483 407 486
f 485 482 487
f 407 478 486
f 487 484 485
f 450 528 530
f 486 487 483
f 487 482 483
f 614 485 484
f 575 486 478
f 611 486 575
f 488 401 400
f 488 489 408
f 485 489 399
f 575 572 612
f 480 490 369
f 492 88 76
f 491 107 157
f 491 492 107
f 492 413 493
f 338 493 336
f 492 493 88
f 493 413 336
f 223 497 222
f 494 415 222
f 495 494 500
f 494 222 497
f 495 415 494
f 494 497 498
f 417 496 427
f 500 496 495
f 505 424 499
f 180 428 243
f 501 428 429
f 505 499 502
f 500 494 498
f 497 243 498
f 243 428 501
f 500 498 501
f 501 498 243
f 500 499 496
f 501 499 500
f 496 499 424
f 503 505 504
f 424 505 567
f 499 516 502
f 502 504 505
f 567 505 503
f 516 499 501
f 429 516 501
f 507 510 502
f 507 517 511
f 510 512 508
f 507 502 515
f 504 502 510
f 504 578 573
f 576 577 568
f 512 510 511
f 578 508 509
f 579 578 582
f 504 508 578
f 512 509 508
f 511 510 507
f 517 507 515
f 512 511 506
f 544 542 545
f 554 560 553
f 545 512 506
f 513 512 609
f 609 560 513
f 509 512 513
f 429 428 514
f 429 430 433
f 519 516 433
f 511 517 506
f 502 516 515
f 517 515 519
f 519 518 432
f 591 432 592
f 443 442 446
f 450 447 521
f 603 593 121
f 448 522 520
f 448 520 449
f 524 527 526
f 521 448 450
f 522 448 521
f 521 523 522
f 525 527 524
f 527 523 521
f 605 603 520
f 527 521 447
f 589 618 584
f 523 527 525
f 605 520 522
f 449 529 528
f 531 435 439
f 531 439 599
f 435 531 528
f 600 595 531
f 594 596 595
f 594 597 617
f 450 530 596
f 599 439 436
f 273 533 534
f 465 469 592
f 273 467 533
f 465 533 467
f 533 465 592
f 273 534 532
f 602 591 464
f 590 534 592
f 541 540 560
f 538 535 541
f 539 536 537
f 540 537 536
f 545 609 512
f 541 537 540
f 462 541 535
f 538 609 542
f 542 543 538
f 547 506 517
f 547 519 432
f 506 544 545
f 609 538 560
f 602 546 544
f 506 602 544
f 591 547 432
f 545 542 609
f 544 546 542
f 602 506 547
f 519 547 517
f 552 549 471
f 559 550 391
f 551 391 558
f 536 559 551
f 558 391 552
f 552 556 558
f 513 555 581
f 556 555 554
f 551 559 391
f 553 540 536
f 551 558 554
f 560 554 555
f 553 551 554
f 555 513 560
f 556 557 583
f 552 615 557
f 577 586 580
f 585 581 583
f 556 583 555
f 583 557 587
f 471 615 552
f 471 607 524
f 526 471 524
f 552 557 556
f 554 558 556
f 551 553 536
f 560 538 541
f 553 560 540
f 536 539 559
f 561 389 393
f 549 550 561
f 389 561 562
f 550 559 539
f 561 563 562
f 364 601 600
f 566 424 569
f 574 566 569
f 574 564 565
f 567 569 424
f 573 570 503
f 570 567 503
f 576 568 574
f 427 424 566
f 574 569 570
f 570 569 567
f 503 504 573
f 574 571 564
f 568 572 571
f 582 577 579
f 576 574 570
f 571 574 568
f 572 575 571
f 568 577 572
f 570 573 576
f 579 577 576
f 579 576 573
f 573 578 579
f 578 509 582
f 513 581 582
f 513 582 509
f 572 577 580
f 580 585 588
f 582 581 577
f 587 585 583
f 526 617 589
f 615 584 587
f 612 572 580
f 584 585 587
f 581 586 577
f 585 586 581
f 585 584 588
f 580 586 585
f 526 527 447
f 594 617 596
f 610 611 613
f 589 584 615
f 589 615 526
f 516 429 433
f 516 519 515
f 432 590 592
f 592 534 533
f 464 591 592
f 469 464 592
f 590 432 518
f 393 382 607
f 607 525 524
f 531 595 530
f 595 596 530
f 597 594 601
f 598 616 618
f 594 595 600
f 531 599 600
f 618 617 597
f 601 614 598
f 597 601 598
f 598 484 610
f 599 436 600
f 364 600 365
f 376 534 590
f 591 602 547
f 345 548 392
f 603 548 593
f 548 603 385
f 607 523 525
f 522 604 605
f 603 605 385
f 604 523 606
f 385 604 386
f 471 393 607
f 382 606 607
f 607 606 523
f 386 604 606
f 548 608 392
f 608 385 380
f 611 610 487
f 487 486 611
f 575 612 611
f 612 613 611
f 613 588 584
f 598 614 484
f 601 481 614
f 557 615 587
f 526 615 471
f 588 613 612
f 580 588 612
f 616 598 610
f 618 616 584
f 618 589 617
f 598 618 597
f 447 596 617
f 526 447 617
f 447 450 596
f 604 522 523
f 385 608 548
f 584 616 613
f 688 687 675
f 752 635 707
f 688 661 723
f 707 635 705
f 688 675 747
f 1024 699 651
f 752 780 795
f 690 685 674
f 684 725 695
f 822 795 780
f 794 634 822
f 794 633 634
f 778 842 794
f 675 689 690
f 633 794 842
f 632 633 842
f 722 692 691
f 691 676 727
f 676 691 678
f 691 692 655
f 687 689 675
f 699 680 650
f 638 799 637
f 638 639 798
f 640 641 868
f 668 751 750
f 1050 1049 798
f 955 2504 723
f 684 682 666
f 677 676 620
f 630 804 2019
f 808 806 841
f 955 697 731
f 698 681 730
f 702 649 648
f 649 702 750
f 649 750 650
f 649 650 680
f 648 680 679
f 648 703 702
f 716 703 725
f 648 695 703
f 806 808 830
f 680 648 649
f 699 698 669
f 755 624 625
f 746 625 626
f 681 901 900
f 626 627 741
f 694 654 653
f 759 646 709
f 693 694 681
f 623 624 755
f 709 757 754
f 666 682 667
f 703 758 702
f 750 702 668
f 694 670 729
f 695 648 679
f 693 654 694
f 667 670 671
f 666 665 683
f 730 694 729
f 684 666 683
f 653 672 652
f 652 670 653
f 672 743 652
f 720 666 671
f 647 719 717
f 718 665 664
f 709 646 645
f 645 718 721
f 646 953 954
f 953 646 645
f 686 647 743
f 664 953 696
f 742 627 1972
f 622 621 953
f 721 718 664
f 647 646 954
f 1017 643 644
f 701 686 678
f 813 644 762
f 955 678 697
f 832 837 831
f 744 621 645
f 725 703 695
f 673 719 725
f 1035 1037 1036
f 679 680 669
f 683 665 718
f 786 835 811
f 811 835 761
f 661 677 723
f 680 699 669
f 684 683 673
f 954 665 720
f 747 726 662
f 896 904 894
f 652 743 716
f 655 678 691
f 663 722 662
f 660 697 656
f 662 727 661
f 138 745 33
f 699 650 651
f 769 147 775
f 743 672 656
f 704 672 653
f 685 736 674
f 657 672 704
f 663 773 737
f 714 738 728
f 663 726 739
f 655 685 690
f 656 655 692
f 663 739 773
f 1036 765 766
f 678 686 655
f 723 687 688
f 670 667 729
f 900 903 907
f 661 727 677
f 689 687 620
f 657 704 658
f 667 671 666
f 662 661 688
f 690 689 678
f 660 740 749
f 738 714 740
f 748 729 667
f 621 744 696
f 723 620 678
f 723 678 955
f 656 655 743
f 647 646 759
f 701 678 620
f 695 682 684
f 679 682 695
f 748 679 669
f 700 653 654
f 647 716 743
f 743 655 686
f 758 716 647
f 668 702 784
f 653 700 704
f 732 704 700
f 658 732 764
f 758 703 716
f 764 732 915
f 705 706 707
f 705 753 706
f 779 778 794
f 998 861 824
f 846 845 803
f 1088 1191 1075
f 757 755 754
f 1048 1198 862
f 834 809 785
f 27 814 711
f 659 915 933
f 790 816 792
f 32 769 789
f 774 714 737
f 660 656 738
f 715 739 736
f 658 735 736
f 685 656 736
f 657 736 656
f 674 736 739
f 726 663 662
f 674 739 726
f 670 652 716
f 670 716 671
f 656 672 657
f 673 683 718
f 718 646 717
f 718 717 673
f 719 647 725
f 717 719 673
f 666 720 665
f 671 647 720
f 696 721 664
f 686 744 647
f 701 744 686
f 696 744 701
f 722 663 728
f 727 722 691
f 677 727 676
f 620 723 619
f 725 684 673
f 690 674 726
f 690 726 747
f 727 662 722
f 728 663 737
f 722 728 692
f 653 670 694
f 748 667 682
f 729 748 730
f 698 730 669
f 681 694 730
f 749 791 731
f 749 731 660
f 660 731 697
f 731 775 745
f 758 647 759
f 956 668 784
f 702 758 784
f 704 732 658
f 707 706 821
f 1145 1134 967
f 827 801 802
f 905 935 934
f 756 709 645
f 622 756 645
f 758 759 784
f 643 787 642
f 978 984 1016
f 763 814 853
f 814 763 711
f 933 1130 936
f 771 735 734
f 765 749 766
f 1031 712 734
f 940 1039 1127
f 658 764 735
f 771 734 712
f 715 735 771
f 735 715 736
f 715 771 773
f 715 773 739
f 1036 766 772
f 658 736 657
f 774 737 773
f 728 737 714
f 738 740 660
f 656 692 738
f 728 738 692
f 766 740 714
f 956 741 627
f 742 1972 628
f 954 720 647
f 688 747 662
f 690 747 675
f 679 748 682
f 730 748 669
f 765 770 749
f 745 138 2504
f 751 742 776
f 750 751 793
f 777 753 797
f 782 636 637
f 880 881 843
f 804 630 631
f 1120 892 844
f 783 808 629
f 754 755 724
f 709 756 757
f 755 757 623
f 709 754 759
f 784 759 754
f 754 724 784
f 837 812 831
f 28 809 834
f 1017 787 643
f 853 813 762
f 936 764 659
f 735 764 734
f 1037 765 1036
f 740 766 749
f 789 31 32
f 1058 988 874
f 792 769 775
f 792 816 789
f 791 770 817
f 791 749 770
f 772 771 712
f 1036 772 712
f 774 766 714
f 771 772 773
f 1036 712 1033
f 773 772 774
f 766 774 772
f 775 147 33
f 956 627 751
f 746 626 741
f 745 955 731
f 745 2504 955
f 745 775 33
f 731 791 775
f 775 817 792
f 793 776 841
f 829 842 865
f 752 2016 635
f 795 822 634
f 861 781 824
f 638 798 799
f 798 825 799
f 776 628 808
f 808 628 629
f 830 808 783
f 724 755 746
f 642 812 837
f 863 878 864
f 810 851 809
f 814 27 788
f 834 788 27
f 834 785 788
f 789 767 815
f 1054 874 1018
f 987 857 988
f 817 818 790
f 751 668 956
f 627 742 751
f 741 956 746
f 724 746 956
f 784 724 956
f 791 817 775
f 751 776 793
f 781 796 797
f 706 777 821
f 865 885 867
f 842 778 885
f 794 822 779
f 752 795 2016
f 752 707 821
f 821 780 752
f 824 781 636
f 782 824 636
f 998 824 862
f 799 782 637
f 1050 798 639
f 825 798 1049
f 878 863 800
f 631 632 829
f 783 2019 804
f 804 803 845
f 803 804 631
f 846 803 849
f 776 742 628
f 841 806 805
f 830 807 806
f 755 625 746
f 785 809 851
f 809 28 810
f 810 28 811
f 851 810 761
f 811 225 802
f 811 802 786
f 786 802 801
f 813 976 1017
f 812 642 787
f 974 812 787
f 853 762 763
f 813 1017 644
f 814 788 853
f 853 788 852
f 789 815 31
f 815 854 838
f 815 30 31
f 875 839 857
f 789 769 792
f 767 789 816
f 817 770 765
f 818 820 819
f 790 792 817
f 936 734 764
f 818 817 1037
f 1037 817 765
f 1209 1207 1210
f 820 818 1037
f 818 819 816
f 818 816 790
f 840 816 819
f 819 820 858
f 840 859 855
f 753 777 706
f 821 1019 780
f 877 1019 777
f 1019 822 780
f 823 779 822
f 782 826 862
f 777 1019 821
f 796 777 797
f 639 800 1050
f 860 1050 800
f 799 825 826
f 782 862 824
f 826 825 1048
f 640 879 878
f 871 835 828
f 849 829 865
f 829 849 803
f 629 2019 783
f 783 845 830
f 1022 832 831
f 785 851 852
f 811 28 225
f 810 811 761
f 851 873 852
f 835 836 761
f 788 785 852
f 815 767 854
f 1018 30 815
f 1018 815 838
f 30 874 29
f 839 856 988
f 767 816 840
f 819 858 840
f 854 767 840
f 841 776 808
f 778 779 876
f 823 822 1019
f 799 826 782
f 828 786 801
f 835 786 828
f 842 829 632
f 865 850 849
f 829 803 631
f 804 845 783
f 830 843 807
f 880 848 847
f 986 848 843
f 843 845 846
f 843 846 986
f 848 844 847
f 850 968 986
f 986 844 848
f 892 847 844
f 962 959 970
f 850 865 867
f 846 849 850
f 968 850 867
f 833 886 868
f 832 833 641
f 873 733 852
f 873 851 761
f 873 761 836
f 871 990 989
f 975 813 733
f 1028 855 859
f 854 855 1029
f 856 29 874
f 839 988 857
f 856 839 827
f 859 858 713
f 858 859 840
f 957 778 876
f 823 876 779
f 800 863 860
f 879 886 760
f 860 1103 1165
f 879 640 868
f 875 827 839
f 801 827 875
f 991 990 875
f 828 801 990
f 963 885 778
f 843 830 845
f 893 946 890
f 866 847 892
f 866 892 890
f 963 867 885
f 886 833 985
f 868 641 833
f 852 733 853
f 887 888 983
f 873 869 733
f 983 733 869
f 869 887 983
f 1000 836 994
f 999 872 836
f 872 873 836
f 733 813 853
f 976 973 974
f 976 813 975
f 787 1017 976
f 855 854 840
f 30 1018 874
f 882 911 1023
f 877 777 796
f 864 878 879
f 886 879 868
f 880 866 883
f 880 847 866
f 805 806 881
f 883 882 880
f 807 881 806
f 807 843 881
f 882 881 880
f 681 698 901
f 885 865 842
f 833 832 1022
f 1022 984 985
f 1003 872 999
f 1003 887 872
f 1011 891 888
f 871 836 835
f 872 869 873
f 856 874 988
f 805 793 841
f 889 895 884
f 884 894 883
f 895 896 884
f 848 880 843
f 889 884 866
f 889 866 890
f 710 979 981
f 870 983 888
f 805 1023 651
f 932 949 935
f 911 882 883
f 866 884 883
f 897 895 889
f 908 913 905
f 651 793 805
f 882 805 881
f 805 882 1023
f 896 894 884
f 681 900 693
f 926 1024 651
f 698 1025 901
f 693 900 654
f 899 903 901
f 900 901 903
f 1025 698 699
f 896 914 912
f 904 912 909
f 916 904 909
f 915 659 764
f 910 909 917
f 898 951 902
f 893 892 1120
f 938 929 928
f 902 907 903
f 898 917 929
f 915 700 942
f 654 900 907
f 906 700 654
f 942 700 906
f 909 910 916
f 894 904 916
f 905 919 929
f 708 914 895
f 654 907 906
f 902 910 917
f 902 903 910
f 903 899 910
f 910 899 925
f 916 911 894
f 909 912 917
f 917 912 908
f 912 904 896
f 914 896 895
f 908 912 913
f 895 897 708
f 913 914 708
f 912 914 913
f 947 1066 1065
f 922 923 918
f 932 935 708
f 700 915 732
f 933 915 942
f 908 929 917
f 1128 1132 950
f 894 911 883
f 916 926 911
f 925 916 910
f 905 921 919
f 923 922 930
f 905 934 921
f 922 937 919
f 921 922 919
f 934 920 921
f 930 922 921
f 930 921 920
f 939 922 918
f 1067 930 920
f 932 708 897
f 1129 1132 1128
f 1023 911 926
f 927 916 925
f 926 916 927
f 901 1025 899
f 899 927 925
f 905 929 908
f 929 919 928
f 937 938 928
f 929 938 941
f 952 924 933
f 938 943 941
f 935 913 708
f 1064 923 930
f 1082 1060 1072
f 859 713 1028
f 933 924 1130
f 918 1039 939
f 942 951 943
f 951 907 902
f 913 935 905
f 712 1031 1033
f 933 936 659
f 936 1130 1031
f 937 939 938
f 919 937 928
f 937 922 939
f 1039 938 939
f 1040 1210 1211
f 943 938 940
f 940 938 1039
f 898 941 951
f 929 941 898
f 898 902 917
f 907 951 906
f 943 951 941
f 944 932 945
f 945 897 889
f 932 944 949
f 945 932 897
f 889 890 945
f 944 945 946
f 890 946 945
f 893 890 892
f 948 935 949
f 1067 1065 1064
f 934 947 920
f 1066 1125 1203
f 934 948 947
f 948 934 935
f 1125 1066 947
f 1068 1065 1073
f 1125 947 948
f 944 946 949
f 1122 949 946
f 1038 1127 1039
f 1129 940 1127
f 950 1206 1209
f 942 952 933
f 943 952 942
f 920 947 1065
f 940 952 943
f 940 924 952
f 664 665 954
f 664 954 953
f 977 980 979
f 980 977 831
f 1034 1033 1031
f 958 959 957
f 1026 957 876
f 958 964 966
f 959 962 957
f 957 962 963
f 964 958 957
f 959 958 961
f 1046 969 966
f 961 970 959
f 964 957 1026
f 1026 967 964
f 966 964 967
f 969 961 966
f 1134 965 1046
f 966 961 958
f 960 970 961
f 966 967 1134
f 963 962 867
f 962 970 968
f 970 960 971
f 968 867 962
f 823 1026 876
f 1148 1152 1146
f 969 1137 971
f 969 960 961
f 970 971 972
f 960 969 971
f 968 970 972
f 971 1137 1121
f 1120 972 971
f 968 972 844
f 844 986 968
f 1049 1053 825
f 977 984 1022
f 831 977 1022
f 980 831 812
f 812 974 980
f 974 973 980
f 973 982 870
f 983 870 982
f 984 977 979
f 710 1011 1010
f 980 981 979
f 980 973 981
f 982 973 976
f 973 870 981
f 975 983 982
f 870 891 981
f 975 982 976
f 983 975 733
f 888 891 870
f 891 710 981
f 710 984 979
f 787 976 974
f 986 846 850
f 768 1173 987
f 1069 1071 1063
f 801 875 990
f 991 875 857
f 990 991 992
f 992 857 987
f 992 989 990
f 992 991 857
f 989 993 994
f 828 990 871
f 994 993 995
f 989 994 871
f 1176 1175 1172
f 993 1177 995
f 994 836 871
f 1005 994 995
f 994 1005 1000
f 997 1004 995
f 995 1004 1005
f 888 887 1001
f 997 1189 1187
f 760 864 879
f 1051 1048 1053
f 1021 1019 877
f 998 862 1198
f 861 1020 796
f 1000 999 836
f 1007 996 1195
f 1010 1011 1009
f 999 1002 1003
f 1010 1009 1012
f 1002 999 1006
f 1003 1008 1001
f 869 872 887
f 887 1003 1001
f 1013 1016 1010
f 1000 1005 1006
f 996 1004 997
f 1006 1005 1004
f 1006 1004 1007
f 1006 999 1000
f 1009 1001 1008
f 1006 1007 1002
f 996 1007 1004
f 1007 1195 1098
f 1012 1002 1007
f 1012 1007 1098
f 1002 1008 1003
f 1012 1008 1002
f 1011 1001 1009
f 891 1011 710
f 1001 1011 888
f 1010 1012 1098
f 1008 1012 1009
f 1015 1014 1013
f 1186 1088 1087
f 1098 1015 1013
f 1149 1217 1145
f 978 1115 1112
f 1016 984 710
f 1013 1114 1016
f 1115 1114 1113
f 978 1016 1114
f 1010 1016 710
f 1029 838 854
f 1057 1055 1083
f 1099 1018 838
f 1055 1018 1099
f 1021 877 1020
f 877 796 1020
f 1019 1021 823
f 1021 1020 967
f 861 796 781
f 833 1022 985
f 972 1120 844
f 651 650 793
f 926 927 1024
f 926 651 1023
f 1025 1024 927
f 899 1025 927
f 699 1024 1025
f 750 793 650
f 1021 1026 823
f 967 1026 1021
f 1204 1126 1166
f 1100 1029 1205
f 1028 1027 1030
f 1027 1028 713
f 855 1028 1029
f 1029 1028 1030
f 1030 1027 1205
f 1029 1030 1205
f 936 1031 734
f 1031 1130 1034
f 1129 1131 1034
f 1035 1208 820
f 1037 1035 820
f 1035 1033 1032
f 1033 1035 1036
f 1033 1034 1032
f 1038 1039 918
f 951 942 906
f 1140 1136 1135
f 948 949 1123
f 1208 1035 1133
f 1034 1131 1032
f 963 778 957
f 1146 1041 1134
f 1042 1135 1043
f 1044 1134 1041
f 1044 965 1134
f 1090 1089 1080
f 1043 1150 1042
f 1044 1041 1043
f 1084 1202 1160
f 1134 1145 1146
f 1147 1158 1218
f 965 1044 1136
f 1041 1146 1152
f 969 1046 1047
f 1160 1164 1084
f 1136 1044 1043
f 965 1139 1047
f 1047 1046 965
f 826 1048 862
f 1165 1050 860
f 1101 1103 1117
f 1199 1217 1104
f 1020 861 1149
f 1048 825 1053
f 1198 1048 1051
f 1049 1165 1053
f 1051 1053 1052
f 1101 1052 1053
f 1054 1058 874
f 1054 1018 1055
f 1054 1055 1058
f 1056 1099 1100
f 1056 1055 1099
f 1055 1057 1058
f 1057 1083 1170
f 1166 1055 1056
f 1055 1166 1083
f 1168 1083 1166
f 1181 1057 1170
f 1058 1057 1070
f 1060 1083 1168
f 1166 1167 1168
f 1061 1060 1059
f 1062 1061 1059
f 1063 1215 1068
f 1063 1061 1062
f 1215 1064 1068
f 1215 1063 1062
f 1060 1061 1072
f 1059 1216 1215
f 1038 918 1214
f 1067 920 1065
f 1064 1065 1068
f 1064 1215 923
f 930 1067 1064
f 1073 1065 1079
f 1065 1066 1079
f 1066 1203 1079
f 1069 1068 1073
f 1068 1069 1063
f 988 1070 987
f 1070 1181 768
f 1058 1070 988
f 1181 1070 1057
f 1072 1061 1071
f 1078 1079 1081
f 1086 1072 1071
f 1071 1069 1074
f 1069 1075 1074
f 1075 1069 1073
f 1086 1074 1190
f 1075 1073 1076
f 1073 1079 1078
f 1078 1080 1076
f 1078 1076 1073
f 1080 1078 1077
f 1079 1203 1081
f 1084 1090 1077
f 1080 1089 1076
f 1164 1090 1084
f 1088 1075 1087
f 1081 1077 1078
f 1085 1089 1092
f 993 1175 1177
f 1076 1089 1087
f 1070 768 987
f 1181 1182 1174
f 1071 1061 1063
f 1072 1193 1082
f 1072 1086 1193
f 1181 1170 1194
f 1083 1082 1170
f 1060 1082 1083
f 1084 1077 1081
f 1193 1086 1178
f 1080 1077 1090
f 948 1124 1125
f 1084 1081 1202
f 1076 1087 1075
f 1085 1087 1089
f 1091 1087 1085
f 1186 1087 1091
f 1192 1088 1186
f 1089 1090 1092
f 1175 993 1172
f 996 997 1187
f 1138 1122 893
f 1202 1141 1160
f 1085 1096 1091
f 1197 1091 1096
f 1096 1094 1095
f 1090 1164 1092
f 1186 1091 1014
f 1015 1188 1186
f 1015 1186 1014
f 1195 1015 1098
f 1094 1085 1092
f 1091 1197 1014
f 1094 1096 1085
f 1158 1042 1150
f 1094 1093 1095
f 1093 1094 1092
f 1196 1096 1095
f 1095 1093 1097
f 1093 1200 1097
f 1153 1116 1201
f 1010 1098 1013
f 1100 1099 838
f 1029 1100 838
f 1205 1204 1100
f 1100 1204 1056
f 1104 998 1198
f 998 1104 861
f 1052 1102 1051
f 1102 1151 1199
f 1199 1104 1198
f 1102 1052 1101
f 1117 1105 1102
f 1149 1104 1217
f 1110 1106 1107
f 860 1110 1103
f 760 1112 1108
f 1117 1153 1105
f 1045 1217 1154
f 1117 1102 1101
f 1102 1105 1151
f 1165 1103 1101
f 863 1106 860
f 760 886 1112
f 760 1106 864
f 863 864 1106
f 1110 1117 1103
f 1111 1118 1107
f 1110 860 1106
f 1115 1111 1112
f 985 984 978
f 1053 1165 1101
f 985 1112 886
f 1107 1106 1108
f 760 1108 1106
f 1110 1107 1109
f 1108 1111 1107
f 1111 1108 1112
f 1118 1111 1115
f 978 1112 985
f 1107 1118 1109
f 1117 1110 1109
f 1117 1109 1153
f 1114 1115 978
f 1118 1115 1113
f 1119 1116 1113
f 1118 1116 1109
f 1116 1118 1113
f 1149 861 1104
f 1121 1120 971
f 1138 893 1121
f 1137 1142 1121
f 1122 946 893
f 1121 893 1120
f 1138 1121 1142
f 949 1122 1123
f 1144 1124 1123
f 1123 1124 948
f 1213 950 1038
f 1132 1127 1038
f 1040 1131 1128
f 1130 1129 1034
f 1032 1131 1133
f 1127 1132 1129
f 1129 924 940
f 1130 924 1129
f 1128 1131 1129
f 1133 1131 1040
f 1133 1035 1032
f 1211 1207 1208
f 966 1134 1046
f 1161 1042 1158
f 1135 1042 1161
f 1161 1159 1135
f 1159 1160 1141
f 965 1136 1139
f 1135 1136 1043
f 1143 1144 1138
f 1138 1142 1143
f 1137 969 1047
f 1137 1139 1142
f 1139 1137 1047
f 1135 1159 1141
f 1136 1140 1143
f 1135 1141 1140
f 1143 1142 1139
f 1144 1143 1140
f 1122 1138 1144
f 1144 1123 1122
f 1146 1145 1045
f 1148 1146 1045
f 1217 1199 1154
f 1150 1218 1158
f 1145 967 1149
f 1145 1217 1045
f 1150 1041 1152
f 1147 1157 1158
f 1041 1150 1043
f 1020 1149 967
f 1045 1154 1148
f 1218 1148 1147
f 1154 1151 1155
f 1151 1105 1156
f 1147 1148 1155
f 1153 1109 1116
f 1097 1119 1095
f 1200 1157 1153
f 1119 1201 1116
f 1153 1201 1200
f 1156 1155 1151
f 1153 1156 1105
f 1156 1147 1155
f 1153 1157 1156
f 1200 1162 1157
f 1147 1156 1157
f 1154 1155 1148
f 1199 1151 1154
f 1159 1161 1163
f 1159 1163 1160
f 1162 1158 1157
f 1161 1158 1162
f 1093 1164 1163
f 1164 1160 1163
f 1161 1162 1163
f 1093 1163 1200
f 1200 1163 1162
f 1164 1093 1092
f 1050 1165 1049
f 1204 1166 1056
f 1166 1126 1167
f 1169 1167 931
f 1169 931 1216
f 1168 1167 1169
f 1060 1168 1059
f 1216 931 1213
f 1168 1169 1059
f 1126 1212 931
f 923 1214 918
f 1082 1193 1194
f 1183 1178 1190
f 989 992 1173
f 1172 993 989
f 1172 1174 1171
f 1172 989 1173
f 1172 1173 1174
f 987 1173 992
f 1175 1176 1179
f 1185 1180 1179
f 1189 1177 1179
f 1176 1172 1171
f 1177 997 995
f 1183 1171 1178
f 1192 1180 1185
f 1175 1179 1177
f 1188 1189 1180
f 1171 1182 1178
f 1183 1184 1185
f 1179 1176 1185
f 1183 1185 1176
f 768 1174 1173
f 768 1181 1174
f 1171 1174 1182
f 1171 1183 1176
f 1190 1074 1184
f 1191 1185 1184
f 1192 1185 1191
f 1195 1187 1188
f 1186 1188 1192
f 1192 1188 1180
f 1188 1015 1195
f 1180 1189 1179
f 1183 1190 1184
f 1075 1184 1074
f 1191 1184 1075
f 1192 1191 1088
f 1187 1189 1188
f 1177 1189 997
f 1074 1086 1071
f 1190 1178 1086
f 1182 1193 1178
f 1182 1194 1193
f 1181 1194 1182
f 1194 1170 1082
f 1195 996 1187
f 1013 1197 1114
f 1119 1113 1196
f 1113 1114 1197
f 1113 1197 1196
f 1096 1196 1197
f 1119 1196 1095
f 1014 1197 1013
f 1198 1051 1199
f 1102 1199 1051
f 1097 1200 1201
f 1097 1201 1119
f 1081 1203 1202
f 1124 1202 1203
f 1202 1124 1141
f 1124 1203 1125
f 1140 1124 1144
f 1124 1140 1141
f 1027 1209 1206
f 1167 1126 931
f 1126 1204 1205
f 1027 1126 1205
f 858 1207 713
f 1128 1210 1040
f 1208 858 820
f 1133 1040 1211
f 858 1208 1207
f 713 1209 1027
f 1038 950 1132
f 950 1209 1210
f 950 1210 1128
f 1210 1207 1211
f 1211 1208 1133
f 1212 1126 1206
f 713 1207 1209
f 1027 1206 1126
f 1212 1206 950
f 1213 1212 950
f 1213 1038 1214
f 1212 1213 931
f 1216 1214 1215
f 1214 923 1215
f 1169 1216 1059
f 1213 1214 1216
f 1139 1136 1143
f 1062 1059 1215
f 1152 1218 1150
f 1148 1218 1152
f 1608 1374 1582
f 1288 1299 1339
f 1327 1277 1244
f 1391 1359 1412
f 1247 1325 1250
f 1317 1248 1318
f 1250 1251 1298
f 1540 1667 1395
f 1253 1286 1303
f 1251 1276 1326
f 1339 1299 1265
f 1393 1522 1227
f 1304 1262 1328
f 1304 1279 1492
f 1264 1263 1492
f 1228 1393 1227
f 1302 1303 1298
f 1230 1231 1417
f 1246 1303 1287
f 1434 1542 1363
f 1221 1286 1252
f 1287 1245 1246
f 1395 1381 9
f 1411 1419 1437
f 1278 1289 1302
f 1279 1304 1290
f 1291 1253 1290
f 7 1419 177
f 1290 1289 1279
f 1278 1279 1289
f 1305 1282 1300
f 1288 1254 1255
f 1337 1296 1281
f 1249 1248 1307
f 1296 1292 1281
f 1249 1301 1404
f 1295 1292 1258
f 1307 1248 1247
f 1248 1273 1247
f 1269 1316 1270
f 1340 1307 1246
f 1307 1247 1246
f 1319 1273 1316
f 1249 1307 1301
f 1311 1353 1324
f 1295 1293 1338
f 1307 1306 1301
f 1294 1293 1302
f 1245 1340 1246
f 1320 1268 1267
f 1318 1402 1315
f 1321 1274 1320
f 2467 1312 1313
f 1270 1276 1269
f 1317 1315 1271
f 1276 1325 1269
f 1268 1274 1316
f 1326 1271 1355
f 1275 1298 1251
f 1247 1298 1246
f 1345 1325 1247
f 1251 1250 1276
f 1303 1246 1298
f 1354 1251 1326
f 1251 1354 1608
f 1322 1267 1266
f 1267 1268 1346
f 1323 1244 1322
f 1314 1272 1349
f 1274 1268 1320
f 1266 1277 1327
f 1222 1286 1221
f 1286 1222 1287
f 1244 1287 1223
f 1346 1245 1277
f 1256 1283 1606
f 1270 1317 1271
f 11 1414 1429
f 1235 1382 1234
f 1421 1367 1396
f 1491 1297 1252
f 1237 1366 1423
f 1245 1287 1244
f 1375 1242 1956
f 1608 1275 1251
f 1608 1436 1374
f 1400 1241 1385
f 1844 1330 1956
f 1262 1332 1328
f 1304 1263 1262
f 1397 1384 1383
f 1300 1259 1305
f 1293 1295 1257
f 1966 1239 1368
f 1285 1284 1255
f 1491 1490 1297
f 1501 1296 1580
f 1259 1258 1292
f 1544 1669 1543
f 1365 1551 1550
f 1297 1332 1294
f 1288 1278 1254
f 1285 1255 1254
f 1284 1256 1255
f 1255 1256 1288
f 1254 1278 1302
f 1285 1254 1302
f 1576 1575 1299
f 1331 1263 1264
f 1304 1492 1263
f 1492 1278 1339
f 1263 1331 1333
f 1333 1294 1332
f 1338 1329 1295
f 1259 1296 1260
f 1253 1289 1290
f 1261 1336 1280
f 1280 1252 1291
f 1270 1271 1326
f 2464 1221 1252
f 1328 1334 1261
f 1339 1265 1264
f 1219 1261 1490
f 1491 1336 1490
f 1256 1578 1288
f 1267 1277 1266
f 1575 1576 1577
f 1284 1283 1256
f 1296 1337 1575
f 1259 1292 1296
f 1302 1293 1257
f 1300 1357 1258
f 1302 1257 1350
f 1300 1258 1259
f 1295 1258 1257
f 1282 1388 1330
f 1292 1295 1281
f 1493 1347 1498
f 1252 1280 1220
f 1283 1284 1275
f 1294 1253 1297
f 1252 1335 1336
f 1336 1272 1219
f 1222 1223 1287
f 2467 1313 2492
f 1312 2467 1219
f 1285 1298 1275
f 1373 1245 1244
f 1294 1333 1331
f 1338 1293 1294
f 1250 1298 1247
f 1393 1228 1524
f 1305 1259 1260
f 1257 1258 1357
f 1285 1275 1284
f 1285 1302 1298
f 1287 1303 1286
f 1303 1302 1253
f 1280 1291 1290
f 1375 1376 1242
f 1387 1340 1373
f 1290 1304 1280
f 1392 9 10
f 1345 1346 1268
f 1364 1420 1676
f 1460 1462 1459
f 1368 1238 1966
f 1370 1238 1368
f 1243 1313 1314
f 1313 1312 1314
f 1219 1272 1312
f 1312 1272 1314
f 1349 1272 1335
f 1371 1348 1314
f 1350 1357 1349
f 1350 1349 1335
f 1317 1270 1316
f 1315 1317 1318
f 1316 1273 1317
f 1249 1318 1248
f 1273 1248 1317
f 1246 1319 1274
f 1247 1273 1319
f 1268 1316 1269
f 1274 1319 1316
f 1322 1320 1267
f 1322 1245 1321
f 1274 1321 1246
f 1322 1321 1320
f 1323 1322 1266
f 1221 1323 1266
f 1244 1323 1222
f 1353 1311 164
f 1352 1353 1358
f 1271 1315 1425
f 1355 1425 1436
f 1269 1325 1345
f 1250 1325 1276
f 1270 1326 1276
f 1266 1327 1222
f 1280 1328 1261
f 1304 1328 1280
f 1337 1329 1265
f 1295 1329 1281
f 1495 1493 1494
f 1338 1331 1264
f 1294 1331 1338
f 1333 1332 1262
f 1334 1332 1297
f 1263 1333 1262
f 1334 1328 1332
f 1490 1334 1297
f 1253 1335 1252
f 1272 1336 1335
f 1252 1286 1253
f 1329 1337 1281
f 1299 1575 1265
f 1282 1371 1357
f 1264 1265 1338
f 1329 1338 1265
f 1288 1339 1278
f 1388 1282 1305
f 1257 1357 1350
f 1301 1306 1390
f 1477 1480 1380
f 1441 1467 1450
f 1646 1644 1630
f 1356 1407 1409
f 1269 1345 1268
f 1346 1345 1246
f 1267 1346 1277
f 1382 1433 1418
f 1668 1366 1370
f 1335 1253 1350
f 1253 1302 1350
f 1411 1386 1372
f 1340 1245 1373
f 1224 1373 1351
f 1351 1373 1244
f 1223 1351 1244
f 1324 1353 1352
f 1355 1354 1326
f 1608 1354 1436
f 1425 1355 1271
f 1354 1355 1436
f 1305 1347 1495
f 1347 1493 1495
f 1330 1844 1348
f 1411 6 177
f 1357 1300 1282
f 1352 1358 1389
f 1377 1389 1306
f 1340 1377 1307
f 1306 1358 1390
f 1359 162 1308
f 1378 1341 1308
f 1226 1440 1360
f 1526 1449 1440
f 1430 1231 1232
f 1528 1615 1620
f 1395 1542 1434
f 1382 1421 1420
f 1799 1801 1798
f 1397 1240 2083
f 1784 1679 1545
f 1366 1237 1370
f 1673 1367 1675
f 1364 1433 1420
f 1368 1422 1668
f 1424 1455 1454
f 1499 1501 1500
f 1387 1373 1224
f 1324 1387 1224
f 1729 1604 1600
f 1375 1956 1330
f 1385 1981 1401
f 1372 6 1411
f 1371 1282 1348
f 1330 1348 1282
f 1358 1306 1389
f 1377 1306 1307
f 1386 1358 1372
f 1386 1390 1358
f 1414 199 1391
f 1391 162 1359
f 1359 1341 1412
f 1360 1450 1225
f 1526 1226 1523
f 1413 1777 1776
f 11 1379 220
f 220 1379 1392
f 1416 1229 1230
f 1445 1431 1233
f 1451 1443 1444
f 8 1381 1434
f 1362 1434 1541
f 1395 1667 1542
f 1420 1421 1396
f 1383 1384 1543
f 1669 1422 1383
f 1397 2083 2042
f 1384 1397 1435
f 1668 1370 1368
f 1241 1982 1385
f 1400 1385 1399
f 1357 1371 1349
f 1371 1314 1349
f 1389 1387 1352
f 1324 1352 1387
f 1389 1377 1387
f 1387 1377 1340
f 1318 1249 1402
f 1356 1425 1315
f 1249 1404 1402
f 1583 1581 1582
f 1495 1376 1375
f 1428 1426 1403
f 1404 1405 1403
f 1375 1330 1388
f 1375 1388 1495
f 1391 1412 1414
f 199 1414 210
f 1477 1412 1341
f 1359 1308 1341
f 1450 1360 1440
f 1450 1378 1225
f 1526 1440 1226
f 1523 1227 1522
f 10 220 1392
f 1414 1567 1429
f 1415 1228 1229
f 1231 1430 1417
f 1431 1232 1233
f 1430 1799 1417
f 1433 1382 1420
f 1433 1811 1445
f 1552 2027 1394
f 8 1362 7
f 1236 1423 1367
f 1368 1239 1422
f 1240 1422 1239
f 1240 1397 1383
f 1398 1435 2042
f 1399 1385 1401
f 1399 1401 1497
f 1497 1401 1494
f 1315 1402 1356
f 1446 1427 1447
f 1405 1404 1301
f 1405 1301 1390
f 1402 1404 1406
f 1386 1405 1390
f 1356 1402 1408
f 1408 1407 1356
f 1549 1584 1407
f 1408 1402 1406
f 1408 1406 1410
f 1407 1408 1585
f 1981 1376 1494
f 177 1419 1411
f 1485 1489 1484
f 1540 1392 1539
f 1414 11 210
f 1379 11 1429
f 1379 1429 1443
f 1416 1415 1229
f 1417 1416 1230
f 1431 1430 1232
f 1234 1418 1233
f 1540 1395 9
f 1541 1434 1363
f 1434 1362 8
f 1421 1382 1235
f 1235 1236 1421
f 1367 1421 1236
f 1422 1240 1383
f 2042 1435 1397
f 1675 1423 1366
f 1400 1394 1241
f 1369 1455 1424
f 1369 1400 1399
f 1403 1406 1404
f 1356 1409 1425
f 1436 1409 1374
f 1410 1406 1427
f 1403 1405 1428
f 1427 1403 1426
f 1428 1405 1344
f 1427 1426 1447
f 1403 1427 1406
f 1428 1344 1439
f 1405 1386 1344
f 1380 1412 1477
f 1412 1380 1414
f 1392 1540 9
f 1392 1379 1539
f 1451 1442 1557
f 1429 1567 1443
f 1445 1233 1418
f 1811 1431 1445
f 1417 1799 1432
f 1416 1452 1415
f 1432 1819 1452
f 1452 1416 1432
f 1417 1432 1416
f 1418 1234 1382
f 1419 7 1362
f 1434 1381 1395
f 1668 1422 1669
f 1409 1436 1425
f 1411 1437 1344
f 1362 1437 1419
f 1438 1439 1362
f 1344 1437 1439
f 1362 1439 1437
f 1449 1441 1440
f 1450 1440 1441
f 1443 1567 1444
f 1379 1443 1451
f 1415 1524 1228
f 1433 1445 1418
f 1564 2042 2027
f 1398 2042 1564
f 1394 1369 1552
f 1455 1369 1456
f 1439 1447 1426
f 1426 1428 1439
f 1446 1447 1448
f 1448 1447 1439
f 1665 1781 1541
f 1413 1441 1449
f 1779 1526 1522
f 1393 1342 1522
f 1378 1473 1341
f 1413 1778 1467
f 1450 1466 1378
f 1432 1361 1819
f 1415 1452 1525
f 1369 1394 1400
f 1454 1455 1457
f 1498 1502 1493
f 1424 1460 1459
f 1399 1456 1369
f 1514 1455 1456
f 1461 1513 1453
f 1460 1424 1454
f 1461 1465 1462
f 1454 1457 1513
f 1513 1460 1454
f 1468 1471 1465
f 1459 1462 1458
f 1465 1458 1462
f 1560 1465 1471
f 1465 1343 1458
f 1550 1687 1548
f 1562 1458 1563
f 1459 1458 1562
f 1410 1427 1446
f 1539 1379 1557
f 1451 1557 1379
f 1510 1515 1504
f 1497 1503 1516
f 1552 1369 1424
f 1459 1552 1424
f 1519 1521 1518
f 1461 1462 1460
f 1463 1471 1470
f 1562 1464 1459
f 1464 1552 1459
f 1378 1466 1473
f 1502 1503 1493
f 1476 1566 1470
f 1552 1464 1564
f 1776 1777 1775
f 1413 1467 1441
f 1473 1466 1482
f 1450 1467 1466
f 1468 1465 1461
f 1463 1560 1471
f 1652 1645 1644
f 1476 1469 1566
f 1472 1471 1468
f 1472 1470 1471
f 1461 1453 1521
f 1472 1474 1731
f 1482 1477 1473
f 1466 1467 1483
f 1472 1468 1474
f 1509 1510 1506
f 1474 1730 1731
f 1472 1476 1470
f 1476 1472 1731
f 1482 1480 1477
f 1482 1479 1480
f 1479 1482 1478
f 1478 1487 1489
f 1483 1778 1487
f 1478 1482 1483
f 1536 1478 1489
f 1466 1483 1482
f 1478 1483 1487
f 1487 1778 1484
f 1778 1776 1484
f 1467 1778 1483
f 1524 1532 1342
f 1486 1484 1776
f 1486 1485 1484
f 1775 1486 1776
f 1485 1486 1532
f 1489 1487 1484
f 1534 1488 1535
f 1576 1578 1579
f 1334 1490 1261
f 2464 1491 1252
f 1278 1492 1279
f 1264 1492 1339
f 1243 1314 1348
f 1305 1495 1388
f 1494 1493 1497
f 1496 1498 1499
f 1376 1495 1494
f 1494 1401 1981
f 1503 1508 1504
f 1347 1499 1498
f 1516 1399 1497
f 1347 1305 1260
f 1296 1501 1260
f 1500 1511 1512
f 1499 1500 1496
f 1499 1347 1260
f 1496 1502 1498
f 1503 1502 1508
f 1504 1516 1503
f 1493 1503 1497
f 1506 1510 1504
f 1504 1515 1516
f 1505 1500 1512
f 1511 1580 1577
f 1579 1577 1576
f 1496 1500 1505
f 1507 1508 1496
f 1502 1496 1508
f 1505 1512 1587
f 1507 1496 1505
f 1499 1260 1501
f 1587 1586 1505
f 1586 1587 1601
f 1509 1506 1590
f 1590 1506 1507
f 1506 1504 1508
f 1474 1519 1518
f 1453 1513 1514
f 1506 1508 1507
f 1590 1591 1509
f 1509 1453 1510
f 1374 1584 1583
f 1514 1510 1453
f 1580 1511 1500
f 1579 1511 1577
f 1512 1511 1579
f 1588 1589 1604
f 1455 1514 1457
f 1520 1521 1453
f 1513 1457 1514
f 1515 1510 1514
f 1514 1456 1515
f 1399 1515 1456
f 1399 1516 1515
f 1520 1509 1591
f 1518 1521 1517
f 1453 1509 1520
f 1517 1521 1520
f 1474 1468 1519
f 1461 1519 1468
f 1461 1521 1519
f 1779 1449 1526
f 1526 1523 1522
f 1393 1524 1342
f 1415 1525 1524
f 1527 1525 1819
f 1481 1532 1531
f 1452 1819 1525
f 1532 1524 1531
f 1529 1525 1527
f 1530 1615 1529
f 1524 1525 1529
f 1615 1528 1609
f 1722 1723 1721
f 1529 1531 1524
f 1527 1780 1530
f 1609 1611 1531
f 1533 1481 1531
f 1527 1530 1529
f 1609 1531 1529
f 1485 1532 1481
f 1485 1481 1488
f 1531 1611 1533
f 1489 1485 1488
f 1533 1537 1535
f 1481 1533 1535
f 1537 1534 1535
f 1537 1533 1616
f 1534 1537 1538
f 1534 1569 1536
f 1536 1489 1488
f 1534 1538 1570
f 1535 1488 1481
f 1488 1534 1536
f 1478 1536 1569
f 1616 1614 1610
f 1444 1555 1633
f 1540 1539 1667
f 1661 1667 1539
f 1664 1660 1659
f 1663 1664 1659
f 1384 1546 1543
f 1544 1543 1546
f 1669 1383 1543
f 1679 1547 1545
f 1679 1544 1547
f 1670 1788 1681
f 1384 1435 1365
f 1785 1545 1671
f 1547 1544 1546
f 1547 1550 1548
f 1548 1545 1547
f 1723 1722 1786
f 1788 1680 1681
f 1546 1550 1547
f 1344 1386 1411
f 1745 1740 1741
f 1593 1581 1583
f 1365 1546 1384
f 1398 1365 1435
f 1560 1343 1465
f 1684 1685 1683
f 1683 1551 1365
f 1685 1551 1683
f 1398 1683 1365
f 1669 1544 1783
f 1552 1564 2027
f 1439 1438 1448
f 1460 1513 1461
f 1444 1554 1555
f 1613 1621 1639
f 1444 1567 1554
f 1555 1554 1568
f 1628 1627 1573
f 1480 1554 1567
f 1380 1480 1567
f 1480 1568 1554
f 1557 1660 1539
f 1451 1444 1442
f 1652 1647 1657
f 1442 1444 1558
f 1660 1442 1559
f 1557 1442 1660
f 1655 1556 1654
f 1666 1559 1656
f 1659 1660 1559
f 1566 1768 1470
f 1561 1564 1464
f 1724 1464 1562
f 1684 1686 1685
f 1684 1683 1398
f 1724 1563 1686
f 1563 1458 1343
f 1563 1343 1696
f 1733 1469 1475
f 1765 1762 1766
f 1767 1566 1469
f 1733 1565 1469
f 1309 1767 1565
f 1469 1565 1767
f 1565 1733 1763
f 1566 1767 1803
f 1341 1473 1477
f 1380 1567 1414
f 1568 1480 1479
f 1568 1479 1569
f 1568 1569 1574
f 1569 1479 1478
f 1569 1534 1570
f 1538 1571 1570
f 1573 1570 1571
f 1570 1574 1569
f 1571 1621 1613
f 1574 1572 1555
f 1570 1573 1572
f 1574 1570 1572
f 1568 1574 1555
f 1296 1575 1580
f 1265 1575 1337
f 1578 1256 1603
f 1299 1578 1576
f 1288 1578 1299
f 1589 1588 1579
f 1577 1580 1575
f 1578 1603 1579
f 1589 1579 1603
f 1579 1588 1512
f 1501 1580 1500
f 1581 1608 1582
f 1374 1583 1582
f 1603 1606 1607
f 1608 1581 1607
f 1584 1760 1583
f 1593 1603 1607
f 1409 1584 1374
f 1759 1593 1583
f 1549 1757 1760
f 1407 1584 1409
f 1741 1750 1745
f 1549 1407 1585
f 1507 1586 1590
f 1735 1591 1595
f 1512 1588 1587
f 1596 1589 1599
f 1601 1588 1604
f 1590 1586 1595
f 1592 1595 1601
f 1520 1591 1517
f 1590 1595 1591
f 1729 1600 1737
f 1603 1593 1594
f 1602 1596 1594
f 1601 1595 1586
f 1598 1602 1594
f 1598 1820 1605
f 1598 1605 1602
f 1594 1596 1599
f 1589 1603 1599
f 1603 1256 1606
f 1600 1604 1596
f 1605 1728 1600
f 1596 1604 1589
f 1588 1601 1587
f 1605 1600 1602
f 1599 1603 1594
f 1601 1604 1592
f 1602 1600 1596
f 1606 1283 1607
f 1608 1283 1275
f 1581 1593 1607
f 1283 1608 1607
f 1609 1614 1616
f 1609 1616 1611
f 1571 1613 1573
f 1618 1621 1610
f 1621 1571 1538
f 1533 1611 1616
f 1614 1612 1610
f 1618 1610 1612
f 1615 1609 1529
f 1364 1677 1682
f 1614 1609 1713
f 1612 1614 1713
f 1623 1617 1632
f 1610 1537 1616
f 1615 1530 1780
f 1780 1819 1361
f 1721 1717 1790
f 1694 1712 1794
f 1780 1620 1615
f 1620 1619 1719
f 1538 1537 1621
f 1610 1621 1537
f 1623 1622 1617
f 1612 1622 1624
f 1573 1613 1628
f 1671 1687 1689
f 1623 1635 1624
f 1622 1623 1624
f 1635 1640 1624
f 1639 1618 1612
f 1618 1639 1621
f 1628 1629 1627
f 1558 1444 1633
f 1613 1629 1628
f 1626 1643 1635
f 1689 1688 1672
f 1623 1632 1626
f 1632 1625 1626
f 1572 1627 1555
f 1627 1633 1555
f 1627 1572 1573
f 1631 1629 1646
f 1638 1636 1639
f 1655 1634 1556
f 1646 1637 1644
f 1634 1655 1558
f 1645 1630 1644
f 1633 1627 1631
f 1634 1631 1630
f 1715 1632 1617
f 1694 1625 1712
f 1711 1690 1802
f 1640 1641 1624
f 1639 1612 1624
f 1627 1629 1631
f 1631 1634 1633
f 1558 1633 1634
f 1631 1646 1630
f 1556 1634 1630
f 1626 1635 1623
f 1641 1650 1648
f 1636 1629 1613
f 1636 1637 1629
f 1641 1638 1624
f 1624 1638 1639
f 1637 1646 1629
f 1641 1648 1638
f 1648 1650 1653
f 1637 1636 1638
f 1651 1640 1643
f 1806 1818 1774
f 1640 1635 1643
f 1643 1642 1649
f 1637 1638 1648
f 1645 1556 1630
f 1648 1644 1637
f 1309 1763 1764
f 1653 1644 1648
f 1651 1641 1640
f 1695 1768 1805
f 1771 1641 1651
f 1651 1643 1649
f 1651 1649 1771
f 1653 1652 1644
f 1645 1652 1654
f 1656 1442 1558
f 1654 1556 1645
f 1657 1654 1652
f 1655 1654 1666
f 1654 1657 1666
f 1655 1666 1656
f 1442 1656 1559
f 1558 1655 1656
f 1647 1752 1754
f 1658 1749 1748
f 1754 1662 1657
f 1666 1662 1559
f 1553 1659 1559
f 1553 1559 1662
f 1662 1807 1782
f 1667 1664 1542
f 1807 1746 1809
f 1664 1661 1660
f 1661 1539 1660
f 1782 1781 1553
f 1553 1662 1782
f 1659 1553 1663
f 1657 1662 1666
f 1665 1663 1553
f 1665 1664 1663
f 1665 1542 1664
f 1541 1363 1542
f 1661 1664 1667
f 1665 1541 1542
f 1438 1541 1781
f 1362 1541 1438
f 1676 1680 1677
f 1784 1670 1681
f 1704 1786 1691
f 1672 1786 1785
f 1691 1697 1704
f 1676 1420 1396
f 1674 1396 1673
f 1676 1396 1674
f 1812 1680 1674
f 1680 1676 1674
f 1812 1673 1675
f 1812 1674 1673
f 1367 1673 1396
f 1367 1423 1675
f 1783 1679 1675
f 1787 1682 1677
f 1366 1668 1783
f 1682 1791 1792
f 1677 1364 1676
f 1675 1366 1783
f 1680 1788 1677
f 1680 1812 1681
f 1679 1681 1812
f 1784 1681 1679
f 1787 1677 1788
f 1364 1682 1678
f 1564 1561 1398
f 1551 1685 1550
f 1684 1724 1686
f 1685 1687 1550
f 1689 1687 1705
f 1711 1698 1690
f 1671 1689 1672
f 1548 1687 1671
f 1709 1690 1700
f 1672 1688 1691
f 1701 1688 1705
f 1815 1625 1802
f 1687 1685 1693
f 1694 1802 1625
f 1697 1711 1699
f 1698 1688 1701
f 1686 1693 1685
f 1563 1696 1702
f 1698 1691 1688
f 1697 1698 1711
f 1691 1698 1697
f 1691 1786 1672
f 1699 1711 1694
f 1723 1717 1721
f 1698 1700 1690
f 1701 1700 1698
f 1688 1689 1705
f 1710 1707 1708
f 1813 1642 1643
f 1686 1563 1702
f 1703 1693 1686
f 1686 1702 1703
f 1705 1692 1701
f 1463 1695 1560
f 1696 1695 1708
f 1717 1704 1699
f 1717 1699 1790
f 1699 1704 1697
f 1704 1723 1786
f 1705 1687 1693
f 1692 1705 1707
f 1709 1700 1692
f 1703 1696 1708
f 1695 1805 1708
f 1693 1703 1707
f 1708 1707 1703
f 1560 1695 1696
f 1794 1699 1694
f 1787 1791 1682
f 1790 1699 1794
f 1700 1701 1692
f 1707 1705 1693
f 1802 1706 1816
f 1710 1692 1707
f 1692 1710 1709
f 1816 1706 1814
f 1709 1710 1706
f 1814 1706 1710
f 1708 1814 1710
f 1694 1711 1802
f 1625 1715 1712
f 1718 1716 1719
f 1713 1528 1719
f 1528 1713 1609
f 1797 1789 1794
f 1617 1714 1715
f 1793 1712 1715
f 1715 1625 1632
f 1796 1712 1793
f 1714 1716 1718
f 1716 1714 1617
f 1704 1717 1723
f 1718 1793 1715
f 1714 1718 1715
f 1713 1719 1716
f 1793 1718 1719
f 1620 1719 1528
f 1719 1619 1793
f 1722 1721 1720
f 1720 1788 1670
f 1784 1545 1722
f 1365 1550 1546
f 1561 1724 1684
f 1563 1724 1562
f 1724 1561 1464
f 1476 1731 1732
f 1476 1475 1469
f 1733 1475 1726
f 1738 1741 1740
f 1734 1766 1733
f 1725 1728 1820
f 1725 1727 1734
f 1766 1734 1765
f 1733 1725 1734
f 1726 1725 1733
f 1732 1475 1476
f 1728 1737 1600
f 1728 1605 1820
f 1735 1595 1592
f 1726 1737 1728
f 1729 1592 1604
f 1729 1736 1592
f 1735 1517 1591
f 1735 1736 1730
f 1730 1732 1731
f 1730 1518 1517
f 1474 1518 1730
f 1732 1729 1737
f 1736 1732 1730
f 1738 1742 1741
f 1745 1747 1740
f 1739 1727 1738
f 1739 1765 1734
f 1728 1725 1726
f 1736 1735 1592
f 1517 1735 1730
f 1729 1732 1736
f 1726 1475 1737
f 1732 1737 1475
f 1740 1747 1748
f 1755 1739 1748
f 1727 1739 1734
f 1748 1739 1740
f 1738 1740 1739
f 1758 1757 1750
f 1742 1738 1727
f 1727 1725 1820
f 1727 1820 1742
f 1597 1758 1750
f 1310 1410 1446
f 1744 1746 1747
f 1741 1742 1750
f 1310 1446 1448
f 1549 1753 1757
f 1745 1743 1744
f 1753 1744 1743
f 1810 1744 1753
f 1744 1747 1745
f 1748 1747 1658
f 1743 1745 1750
f 1810 1410 1310
f 1658 1751 1749
f 1765 1739 1755
f 1743 1757 1753
f 1810 1809 1744
f 1754 1752 1749
f 1597 1750 1742
f 1808 1751 1658
f 1662 1751 1807
f 1765 1755 1761
f 1755 1748 1749
f 1753 1585 1410
f 1549 1585 1753
f 1810 1753 1410
f 1754 1749 1751
f 1749 1752 1755
f 1662 1754 1751
f 1754 1657 1647
f 1761 1755 1752
f 1769 1761 1752
f 1750 1757 1743
f 1594 1597 1598
f 1756 1594 1593
f 1758 1759 1760
f 1597 1594 1756
f 1593 1759 1756
f 1758 1597 1756
f 1758 1760 1757
f 1756 1759 1758
f 1583 1760 1759
f 1584 1549 1760
f 1769 1647 1652
f 1763 1762 1764
f 1762 1761 1770
f 1647 1769 1752
f 1762 1763 1766
f 1762 1765 1761
f 1767 1309 1774
f 1763 1309 1565
f 1309 1773 1774
f 1566 1803 1768
f 1764 1762 1770
f 1761 1653 1770
f 1766 1763 1733
f 1768 1695 1463
f 1470 1768 1463
f 1770 1773 1764
f 1773 1770 1771
f 1803 1805 1768
f 1653 1769 1652
f 1769 1653 1761
f 1771 1650 1641
f 1771 1649 1772
f 1806 1642 1818
f 1649 1806 1772
f 1774 1772 1806
f 1764 1773 1309
f 1774 1773 1772
f 1770 1653 1650
f 1773 1771 1772
f 1650 1771 1770
f 1342 1532 1775
f 1486 1775 1532
f 1413 1779 1777
f 1777 1779 1522
f 1776 1778 1413
f 1449 1779 1413
f 1775 1777 1342
f 1522 1342 1777
f 1585 1408 1410
f 1505 1586 1507
f 1819 1780 1527
f 1796 1797 1794
f 1639 1636 1613
f 1808 1658 1746
f 1553 1781 1665
f 1448 1781 1782
f 1809 1310 1782
f 1781 1448 1438
f 1310 1448 1782
f 1668 1669 1783
f 1722 1785 1786
f 1671 1545 1548
f 1672 1785 1671
f 1545 1785 1722
f 1670 1784 1722
f 1720 1670 1722
f 1792 1678 1682
f 1790 1720 1721
f 1791 1787 1790
f 1790 1787 1720
f 1794 1789 1790
f 1791 1789 1792
f 1790 1789 1791
f 1796 1795 1797
f 1793 1619 1796
f 1796 1794 1712
f 1800 1619 1620
f 1619 1795 1796
f 1798 1795 1800
f 1797 1792 1789
f 1800 1795 1619
f 1361 1800 1620
f 1795 1811 1797
f 1678 1792 1811
f 1798 1800 1361
f 1811 1795 1801
f 1798 1361 1799
f 1430 1431 1801
f 1432 1799 1361
f 1430 1801 1799
f 1798 1801 1795
f 1801 1431 1811
f 1433 1364 1678
f 1433 1678 1811
f 1679 1783 1544
f 1398 1561 1684
f 1343 1560 1696
f 1706 1690 1709
f 1815 1802 1816
f 1690 1706 1802
f 1702 1696 1703
f 1612 1713 1622
f 1713 1716 1617
f 1617 1622 1713
f 1787 1788 1720
f 1803 1804 1805
f 1805 1804 1814
f 1815 1818 1642
f 1642 1806 1649
f 1803 1817 1804
f 1817 1774 1818
f 1774 1817 1767
f 1767 1817 1803
f 1782 1807 1809
f 1746 1744 1809
f 1807 1751 1808
f 1658 1747 1746
f 1807 1808 1746
f 1310 1809 1810
f 1797 1811 1792
f 1679 1812 1675
f 1813 1815 1642
f 1815 1813 1625
f 1805 1814 1708
f 1814 1804 1816
f 1817 1816 1804
f 1816 1817 1815
f 1815 1817 1818
f 1626 1813 1643
f 1625 1813 1626
f 1780 1361 1620
f 1597 1820 1598
f 1742 1820 1597
f 1867 1939 1866
f 1966 1238 1842
f 2192 1867 1866
f 1884 2193 1970
f 2004 1239 1966
f 2022 1240 1239
f 2193 1884 1855
f 1917 1906 1905
f 1995 2067 2082
f 1876 1875 1922
f 1930 1971 1870
f 1920 2303 2196
f 1855 1889 1874
f 1863 1904 1871
f 1871 1888 1912
f 1839 1975 1840
f 1978 2199 1993
f 1947 1905 1914
f 1858 1906 1917
f 2199 1976 1975
f 1913 1904 1928
f 1945 1918 1856
f 1903 1902 1964
f 2072 2235 2234
f 1903 1901 1859
f 1836 1835 1996
f 1863 1912 1864
f 1887 1861 2088
f 1900 1845 1911
f 2237 1947 1958
f 1848 1881 1937
f 1900 1822 1821
f 2106 2045 2105
f 1885 1886 1962
f 1860 1901 1861
f 1926 1888 1857
f 2009 2011 1952
f 1916 1917 2195
f 1904 1889 1871
f 1872 1906 1892
f 1858 1857 1892
f 1892 1893 1873
f 1920 1852 2203
f 1885 1860 1886
f 1859 1926 1857
f 1859 1857 1902
f 1927 1865 1864
f 1902 1903 1859
f 1959 1969 1883
f 1905 1915 1917
f 1872 1907 1914
f 1889 1856 1888
f 2129 2062 2052
f 2194 1823 1822
f 2194 1822 1900
f 1909 1853 1896
f 1856 1882 1945
f 1946 1902 1969
f 1894 1875 1908
f 1872 1914 1906
f 1907 1864 1914
f 1927 1864 1912
f 1873 1908 1864
f 1904 1913 1889
f 1926 1912 1888
f 2061 1915 1905
f 1863 1871 1912
f 1915 1890 1917
f 1891 1854 1931
f 1905 2238 2061
f 1857 1858 1895
f 1873 1907 1892
f 1891 2195 1890
f 1906 1858 1892
f 1894 1873 1893
f 1862 1874 1913
f 1908 1875 1863
f 1825 1824 2193
f 1855 1874 1824
f 1876 1862 1928
f 1863 1875 1928
f 1860 1885 1859
f 1980 1861 1901
f 1849 1896 1853
f 1833 1984 1998
f 1894 1893 1918
f 1831 1830 2013
f 2014 2013 1983
f 1821 1845 1900
f 2194 1900 1883
f 2015 1983 1830
f 1901 1860 1859
f 1876 1922 1855
f 1825 1943 1826
f 1910 1944 1897
f 1896 1895 1916
f 2003 1849 1850
f 1868 1929 1960
f 2030 634 633
f 1904 1863 1928
f 1889 1888 1871
f 1887 1886 1860
f 1882 1856 1884
f 1850 1849 1935
f 1874 1862 1823
f 1892 1857 1893
f 2346 2047 2131
f 1887 1962 1886
f 2253 2030 2254
f 1931 1877 1853
f 1878 1930 1931
f 2195 1891 1909
f 1853 1909 1931
f 1877 1929 1853
f 1849 1853 1929
f 1897 1896 1849
f 1878 1931 1854
f 1880 1933 1869
f 1938 1868 1960
f 1955 1849 1929
f 1955 1868 1879
f 1930 1869 1877
f 1930 1878 1971
f 1847 1848 1879
f 1879 2192 1847
f 1847 1910 1897
f 1910 1919 1898
f 1827 1846 2192
f 1881 1940 1868
f 2192 1826 1827
f 1861 1887 1860
f 1939 1867 1940
f 2194 1970 2193
f 1870 1880 1869
f 1851 1852 1920
f 1935 1960 1869
f 1881 1938 1937
f 1897 1918 1896
f 1992 626 1948
f 1849 2003 1848
f 1847 1899 1846
f 1846 1899 1828
f 1828 1827 1939
f 2003 1921 1848
f 1941 1939 1940
f 1897 1849 1848
f 1927 1926 1885
f 1829 1899 2507
f 1925 1942 1965
f 1895 1896 1918
f 1942 2507 1961
f 1965 624 1925
f 1889 1855 1856
f 1914 1905 1906
f 1846 1919 1910
f 1902 1857 1918
f 2060 2079 2040
f 1990 2000 2001
f 1864 1907 1873
f 1864 1908 1863
f 1873 1894 1908
f 1916 1895 1858
f 1897 1944 1918
f 1916 1909 1896
f 1846 1910 1847
f 1910 1898 1944
f 2303 1920 2231
f 2196 2003 1850
f 2196 1850 1934
f 2196 1934 1851
f 1847 1848 1921
f 1921 1899 1847
f 2492 1845 1821
f 1911 1845 1243
f 1348 1959 1243
f 1912 1926 1927
f 1862 1913 1928
f 1889 1913 1874
f 1864 1865 1914
f 1914 1865 1947
f 1890 1915 2063
f 1892 1907 1872
f 1894 1856 1922
f 1917 1916 1858
f 1895 1918 1857
f 1918 1944 1856
f 1898 1919 1827
f 1894 1922 1875
f 1991 1921 2003
f 1838 1994 1977
f 1833 1832 1984
f 2198 2197 1880
f 705 635 1954
f 1968 705 1954
f 1942 1991 1948
f 1974 1956 1242
f 1885 1926 1859
f 1885 1962 1957
f 1902 1946 1964
f 1969 1970 1883
f 1876 1928 1875
f 1960 1877 1869
f 1869 1930 1870
f 1877 1931 1930
f 1989 1986 1971
f 1934 1880 1851
f 1934 1850 1933
f 1880 1934 1933
f 1850 1935 1933
f 1933 1935 1869
f 2198 1880 1870
f 2206 2221 2039
f 1992 1973 2002
f 1935 1938 1960
f 1938 1935 1937
f 1935 1849 1937
f 1868 1938 1881
f 1866 1939 1827
f 1867 1868 1940
f 1941 1881 1848
f 1939 1941 1847
f 1881 1941 1940
f 1961 1921 1991
f 1942 1948 1965
f 1884 1970 1882
f 2108 2102 2103
f 1909 1891 1931
f 1855 1856 1944
f 1826 1943 1898
f 1855 1944 1943
f 1899 1829 1828
f 1963 1903 1964
f 1918 1945 1902
f 1902 1945 1969
f 1969 1882 1970
f 1969 1945 1882
f 1947 1865 1958
f 2238 1905 1947
f 1890 2063 2020
f 1965 1948 625
f 2236 2024 2372
f 1840 1975 1976
f 2122 2100 2115
f 2355 2367 2365
f 1987 2247 2248
f 2008 2009 1952
f 1967 1982 2044
f 1954 635 2016
f 2033 1968 1985
f 1868 1955 1929
f 1848 1955 1879
f 1867 1879 1868
f 1956 1974 1963
f 1982 1376 1981
f 1865 1927 1957
f 1885 1957 1927
f 1865 1957 1958
f 1962 1958 1957
f 1959 1348 1946
f 1348 1844 1946
f 1946 1969 1959
f 1877 1960 1929
f 2198 1932 2197
f 2205 628 1972
f 627 626 2002
f 1972 627 2002
f 2231 1972 2002
f 625 1948 626
f 1973 1991 2003
f 1899 1961 2507
f 2089 1962 1887
f 1943 1944 1898
f 1843 1964 1946
f 2008 1963 1974
f 1903 1963 1901
f 624 1965 625
f 2004 2099 2022
f 2445 2372 1976
f 2022 1995 1240
f 2134 2145 2084
f 1998 1834 1833
f 1901 1963 2008
f 2091 2104 2102
f 2035 1997 2036
f 2017 2030 2251
f 2016 1985 1954
f 2007 1999 2018
f 1956 1963 1843
f 1946 1844 1843
f 1964 1843 1963
f 1982 1242 1376
f 1911 1883 1900
f 1883 1911 1959
f 1959 1911 1243
f 1971 1986 2198
f 2040 2065 2021
f 2020 2065 1990
f 1992 2002 626
f 1936 1972 2231
f 1991 1973 1992
f 1991 1942 1961
f 1841 1840 2023
f 1841 1949 1842
f 1839 1838 1993
f 1993 1977 1978
f 1993 1975 1839
f 2199 1975 1993
f 2234 1977 1994
f 2080 2084 2145
f 2154 2161 2153
f 2167 1979 2162
f 1835 2069 2070
f 1837 2028 2072
f 2201 632 631
f 1241 2031 2044
f 2008 1980 1901
f 1982 1241 2044
f 1923 2033 1985
f 1831 2013 1997
f 2069 1998 2444
f 2030 2017 634
f 1968 1954 1985
f 2049 629 628
f 1953 1242 1982
f 1980 2008 1952
f 1242 1953 1974
f 1962 2089 1958
f 1990 2079 1989
f 1988 2050 2057
f 1989 1878 2000
f 2079 2213 1989
f 2001 1854 1891
f 2001 2020 1990
f 2000 1878 1854
f 1971 1878 1989
f 2205 2206 2049
f 2099 1995 2022
f 2083 1995 2082
f 2022 1239 2004
f 2023 2004 1949
f 1966 1842 1949
f 1949 1841 2023
f 2066 2023 1840
f 1993 1838 1977
f 2028 1836 1996
f 2083 2082 2005
f 2145 2147 2080
f 2086 2041 2085
f 2069 1835 1834
f 2068 2444 1998
f 2073 1996 2070
f 2443 2070 2069
f 2070 1996 1835
f 2006 2087 2174
f 2007 631 630
f 2200 2201 2007
f 2008 1974 2009
f 1981 1385 1982
f 1967 2010 1982
f 1953 1982 2010
f 1967 2076 2011
f 1997 1984 1832
f 1831 1997 1832
f 2016 2017 2048
f 2019 2039 1999
f 2039 2019 629
f 2001 2000 1854
f 1989 2000 1990
f 1890 2001 1891
f 2021 2050 1988
f 2021 2020 2064
f 2209 2197 1932
f 2303 2002 1973
f 2303 2003 2196
f 2003 2303 1973
f 2004 1966 1949
f 2098 2004 2023
f 2099 2004 2098
f 1995 2083 1240
f 2080 2082 2067
f 2074 2086 2258
f 1998 2069 1834
f 2029 632 2201
f 2007 2201 631
f 1241 1394 2031
f 2019 1999 630
f 1974 1953 2009
f 1967 2006 2076
f 2011 2009 2010
f 2011 2078 1952
f 2078 2106 1952
f 1983 2013 1830
f 1997 2013 2037
f 2013 2014 2037
f 2034 1983 2015
f 2034 2015 2033
f 2037 2036 1997
f 634 2017 795
f 2017 2016 795
f 2016 2048 1985
f 2120 2038 2014
f 2018 2039 2221
f 2007 630 1999
f 1890 2020 2001
f 1915 2062 2063
f 2054 2050 2021
f 2040 2021 1988
f 1920 1936 2231
f 2023 2066 2024
f 2023 2024 2098
f 2233 2235 2232
f 2025 2042 2005
f 2026 2027 2042
f 2026 2086 2074
f 2074 2027 2026
f 2035 2046 2092
f 2029 2030 633
f 632 2029 633
f 2201 2254 2029
f 2258 1979 2169
f 2006 2174 2076
f 2044 2031 2006
f 2009 1953 2010
f 1967 2011 2010
f 2012 2011 2076
f 2110 2045 2078
f 2313 2107 2116
f 2034 2014 1983
f 2037 2014 2038
f 1984 1997 2035
f 2035 2036 2046
f 2038 2036 2037
f 2068 2035 2092
f 2014 2034 2120
f 2251 2048 2017
f 1999 2039 2018
f 2265 2054 2129
f 2265 2247 2054
f 2060 2040 1988
f 2065 2079 1990
f 2446 1976 2199
f 2429 2442 2421
f 2123 2098 2024
f 2024 2236 2123
f 2234 1837 2072
f 2005 2080 2041
f 2148 2134 2155
f 2025 2005 2041
f 2026 2042 2025
f 2151 2170 2171
f 1950 2256 2257
f 2201 2043 2254
f 2109 2127 2128
f 2089 1887 2088
f 2118 2104 2105
f 629 2049 2039
f 2220 1924 2219
f 2054 2021 2064
f 2129 2054 2064
f 2058 2053 2057
f 2061 2055 2062
f 2127 2118 2124
f 2056 2057 2050
f 2218 2212 2207
f 2060 2057 2053
f 2056 2050 2051
f 2050 2054 2051
f 2128 2125 2052
f 1987 2241 2051
f 2305 2058 2242
f 2241 2056 2051
f 2058 2057 2056
f 2058 2226 2217
f 2213 1986 1989
f 2057 2060 1988
f 2060 2059 2079
f 1932 2213 2210
f 1932 1986 2213
f 2052 2055 2240
f 1915 2061 2062
f 2060 2053 2059
f 2064 2063 2062
f 2129 2064 2062
f 2063 2064 2020
f 2021 2065 2020
f 2079 2065 2040
f 1976 2066 1840
f 2372 2024 2066
f 2080 2005 2082
f 2041 2080 2147
f 2041 2147 2162
f 2025 2041 2086
f 2026 2025 2086
f 1998 1984 2068
f 2444 2068 2405
f 2401 2443 2398
f 2072 2071 2423
f 2073 2071 1996
f 2028 2071 2072
f 2028 1996 2071
f 1394 2074 2031
f 2076 2174 2075
f 2264 2261 2263
f 2075 2174 2169
f 2188 2163 2177
f 2263 1951 2264
f 2006 2031 2087
f 2044 2006 1967
f 2262 2075 2263
f 2076 2075 2262
f 2103 2102 2077
f 2090 2089 2077
f 2093 2111 2259
f 2200 2018 2308
f 2200 2007 2018
f 2213 2079 2059
f 2099 2098 2067
f 2133 2081 2100
f 2067 1995 2099
f 2084 2081 2133
f 2042 2083 2005
f 2162 2085 2041
f 2074 2087 2031
f 2087 2074 2258
f 2074 1394 2027
f 2088 1861 2103
f 2088 2077 2089
f 2090 2077 2101
f 2089 2090 2237
f 2090 2101 2119
f 2061 2238 2055
f 2078 2011 2012
f 2262 2110 2012
f 2045 2117 2116
f 2101 2102 2104
f 2113 2094 2046
f 2046 2047 2092
f 2047 2405 2092
f 2093 2046 2036
f 2113 2131 2094
f 2046 2094 2047
f 2259 2113 2093
f 2113 2046 2093
f 2068 2092 2405
f 1923 1985 2048
f 2097 2096 2095
f 2036 2038 2093
f 1923 2096 2097
f 2120 2097 2095
f 1923 2034 2033
f 1923 2097 2034
f 2097 2120 2034
f 2230 1924 2229
f 2100 2081 2115
f 2101 2077 2102
f 2077 2088 2103
f 2091 2108 1952
f 1980 2103 1861
f 2103 1980 2108
f 2105 2091 2106
f 2104 2091 2105
f 2045 2107 2105
f 2107 2118 2105
f 2106 2091 1952
f 2045 2106 2078
f 2045 2110 2117
f 2118 2107 2124
f 2091 2102 2108
f 2104 2118 2101
f 2109 2240 2239
f 2262 2012 2076
f 2078 2012 2110
f 2093 2038 2111
f 2035 2068 1984
f 2114 2095 2344
f 2111 2114 2259
f 2095 2114 2111
f 2259 2114 2112
f 2131 2113 2112
f 2344 2095 2096
f 2135 2133 2100
f 2098 2081 2067
f 2116 2117 2260
f 2391 2313 2116
f 2045 2116 2107
f 2124 2107 2032
f 2118 2127 2119
f 1952 2108 1980
f 2239 2119 2109
f 2038 2120 2111
f 2120 2095 2111
f 2256 2096 2252
f 2100 2122 2130
f 2274 2278 2273
f 2100 2156 2135
f 2435 2156 2157
f 2429 2428 2426
f 2130 2428 2157
f 2098 2123 2081
f 2126 2124 2032
f 2109 2119 2127
f 2126 2244 2125
f 2265 2129 2125
f 2126 2127 2124
f 2126 2125 2127
f 2128 2127 2125
f 2128 2052 2240
f 2244 2246 2125
f 2051 2054 1987
f 2052 2125 2129
f 2125 2247 2265
f 2341 2121 2346
f 2136 2139 2134
f 2100 2130 2156
f 2122 2428 2130
f 2118 2119 2101
f 2112 2337 2341
f 2160 2138 2136
f 2134 2084 2133
f 2133 2135 2134
f 2134 2135 2136
f 2081 2084 2067
f 2067 2084 2080
f 2135 2156 2136
f 2435 2160 2156
f 2140 2143 2142
f 2138 2139 2136
f 2138 2160 2132
f 2140 2139 2138
f 2137 2138 2132
f 2269 2143 2144
f 2140 2138 2137
f 2139 2142 2155
f 2269 2144 2270
f 2142 2139 2140
f 2143 2140 2137
f 2165 2268 2170
f 2143 2141 2142
f 2150 2142 2141
f 2145 2134 2148
f 2144 2143 2137
f 2267 2137 2132
f 2144 2137 2267
f 2267 2266 2144
f 2267 2436 2266
f 2144 2266 2271
f 2267 2132 2160
f 2139 2155 2134
f 2149 2150 2141
f 2156 2130 2157
f 2268 2149 2141
f 2153 2150 2149
f 2153 2149 2165
f 2150 2161 2158
f 2161 2150 2153
f 2152 2153 2165
f 2154 2153 2152
f 2270 2281 2269
f 2158 2162 2147
f 2162 2161 2167
f 2142 2150 2155
f 2148 2155 2150
f 2148 2150 2158
f 2148 2158 2145
f 2160 2435 2146
f 2158 2161 2162
f 2170 2151 2165
f 2183 2184 2185
f 2267 2160 2146
f 2156 2160 2136
f 2145 2158 2147
f 2167 2161 2154
f 2152 2151 2163
f 2163 2154 2152
f 2163 2179 2177
f 1951 2263 2164
f 2151 2171 2179
f 2188 2168 2163
f 2168 1979 2167
f 2169 2164 2263
f 2182 2164 2169
f 2152 2165 2151
f 2352 2175 2183
f 2166 2178 2171
f 2168 2167 2154
f 2163 2168 2154
f 2188 2182 2301
f 2170 2166 2171
f 2149 2268 2165
f 2282 2281 2159
f 2282 2166 2281
f 2178 2166 2172
f 2282 2284 2172
f 2172 2284 2173
f 2187 2180 2190
f 2075 2169 2263
f 2174 2087 2258
f 2282 2159 2283
f 2379 2389 2380
f 2164 2181 2187
f 2164 2182 2181
f 2178 2191 2179
f 2176 2191 2180
f 2181 2188 2177
f 2179 2163 2151
f 2181 2177 2176
f 2176 2180 2181
f 1979 2085 2162
f 2183 2173 2284
f 2184 2183 2175
f 2173 2178 2172
f 2178 2179 2171
f 2177 2179 2176
f 2183 2185 2173
f 2187 2181 2180
f 2258 2169 2174
f 2383 2249 2384
f 2178 2186 2191
f 2173 2185 2302
f 2186 2189 2191
f 2173 2186 2178
f 2190 2189 2393
f 2164 2187 1951
f 2182 2188 2181
f 2179 2191 2176
f 2302 2186 2173
f 2187 2190 1951
f 2190 2180 2191
f 2190 2393 2264
f 2190 2191 2189
f 1826 2192 1866
f 1867 2192 1879
f 1823 2193 1824
f 2194 2193 1823
f 1883 1970 2194
f 1916 2195 1909
f 1890 2195 1917
f 1851 1920 2196
f 1961 1899 1921
f 2203 2208 2218
f 1852 1851 2197
f 1851 1880 2197
f 2198 1870 1971
f 1932 2198 1986
f 2049 2206 2039
f 2214 2221 2206
f 2204 2214 2206
f 2205 2204 2206
f 2234 2233 1978
f 2066 1976 2372
f 2372 2445 2438
f 2445 1976 2446
f 2043 2201 2373
f 2043 2373 2202
f 2373 2201 2200
f 2319 2368 2363
f 1920 2203 1936
f 2210 2211 1932
f 2216 2223 2215
f 2205 1936 2204
f 628 2205 2049
f 1972 1936 2205
f 2203 2204 1936
f 2209 1852 2197
f 2213 2059 2210
f 2212 2209 2211
f 2212 2218 2208
f 1852 2208 2203
f 2208 2209 2212
f 2208 1852 2209
f 2219 2212 2215
f 2217 2059 2053
f 2204 2207 2214
f 2214 2207 1924
f 1932 2211 2209
f 2211 2216 2215
f 2212 2211 2215
f 2219 2207 2212
f 1924 2207 2219
f 2210 2217 2216
f 2220 2219 2215
f 2217 2223 2216
f 2053 2058 2217
f 2210 2216 2211
f 2217 2226 2223
f 2204 2218 2207
f 2203 2218 2204
f 2215 2223 2220
f 2229 1924 2220
f 2221 2214 2230
f 2228 2229 2220
f 2225 2223 2226
f 2220 2223 2227
f 2226 2305 2225
f 2227 2223 2225
f 2227 2225 2224
f 2305 2306 2224
f 2228 2220 2227
f 2305 2226 2058
f 2242 2056 2241
f 2304 2224 2306
f 2214 1924 2230
f 2228 2374 2229
f 2229 2374 2307
f 2303 2231 2002
f 2232 2235 2407
f 1978 2233 2199
f 2407 2417 2232
f 1977 2234 1978
f 2234 1994 1837
f 2235 2233 2234
f 2423 2235 2072
f 2431 2236 2438
f 2237 1958 2089
f 2090 2119 2239
f 2055 2238 2237
f 1947 2237 2238
f 2239 2237 2090
f 2109 2128 2240
f 2055 2237 2239
f 2055 2239 2240
f 2055 2052 2062
f 2058 2056 2242
f 2246 2247 2125
f 2242 2241 2249
f 2332 2326 2327
f 2126 2245 2244
f 2246 2248 2247
f 2245 2126 2032
f 2313 2332 2032
f 2054 2247 1987
f 2260 2321 2116
f 2327 2244 2245
f 2315 2318 2250
f 2314 2327 2243
f 2250 2241 1987
f 2248 2246 2314
f 2248 2315 2250
f 2248 2250 1987
f 2250 2249 2241
f 2305 2249 2306
f 2251 2030 2253
f 2048 2252 1923
f 2251 2252 2048
f 2202 2319 2255
f 2255 2257 2253
f 2255 2253 2254
f 2257 2255 2319
f 2292 2277 2280
f 1950 2257 2319
f 2029 2254 2030
f 2343 2340 2339
f 2131 2341 2346
f 2256 1950 2343
f 2253 2257 2252
f 2257 2256 2252
f 2251 2253 2252
f 2085 2258 2086
f 1979 2258 2085
f 2112 2113 2259
f 2262 2261 2260
f 2321 2260 2322
f 2110 2260 2117
f 2260 2110 2262
f 2261 2262 2263
f 2190 2264 1951
f 2313 2391 2326
f 2323 2392 2322
f 2264 2393 2323
f 2266 2436 2272
f 2146 2436 2267
f 2269 2141 2143
f 2141 2269 2268
f 2281 2268 2269
f 2271 2270 2144
f 2275 2292 2290
f 2266 2272 2271
f 2273 2275 2272
f 2450 2278 2351
f 2272 2436 2430
f 2273 2278 2276
f 2271 2275 2290
f 2275 2276 2292
f 2292 2276 2277
f 2347 2341 2338
f 2364 2280 2277
f 2278 2277 2276
f 2275 2273 2276
f 2298 2299 2355
f 2364 2348 2293
f 2285 2289 2294
f 2170 2281 2166
f 2268 2281 2170
f 2159 2281 2270
f 2166 2282 2172
f 2362 2293 2288
f 2289 2283 2159
f 2284 2352 2183
f 2282 2283 2284
f 2283 2289 2352
f 2352 2289 2285
f 2377 2379 2380
f 2352 2354 2175
f 2289 2159 2287
f 2290 2270 2271
f 2291 2292 2280
f 2362 2288 2285
f 2287 2294 2289
f 2279 2300 2288
f 2354 2285 2288
f 2294 2287 2291
f 2159 2270 2290
f 2287 2159 2290
f 2287 2290 2291
f 2291 2280 2294
f 2362 2285 2294
f 2290 2292 2291
f 2360 2356 2369
f 2279 2288 2293
f 2299 2359 2367
f 2288 2300 2286
f 2362 2294 2280
f 2279 2359 2299
f 2295 2298 2366
f 2355 2365 2366
f 2363 2296 2366
f 2366 2298 2355
f 2297 2300 2299
f 2297 2299 2298
f 2354 2288 2286
f 2169 2301 2182
f 1979 2168 2301
f 2188 2301 2168
f 1979 2301 2169
f 2385 2185 2184
f 2243 2325 2333
f 2330 2394 2329
f 2302 2335 2331
f 2199 2410 2446
f 2217 2210 2059
f 2304 2227 2224
f 2304 2312 2311
f 2225 2305 2224
f 2249 2305 2242
f 2250 2384 2249
f 2255 2043 2202
f 2018 2221 2308
f 2200 2308 2373
f 2308 2230 2307
f 2229 2307 2230
f 2309 2374 2228
f 2227 2309 2228
f 2304 2309 2227
f 2310 2311 2312
f 2317 2306 2316
f 2222 2304 2311
f 2375 2309 2222
f 2374 2309 2375
f 2304 2306 2312
f 2309 2304 2222
f 2312 2317 2310
f 2306 2317 2312
f 2383 2316 2306
f 2107 2313 2032
f 2315 2314 2243
f 2248 2314 2315
f 2315 2243 2333
f 2386 2385 2184
f 2249 2383 2306
f 2250 2318 2384
f 2384 2385 2386
f 1923 2252 2096
f 2255 2254 2043
f 2339 2256 2343
f 2320 2324 2326
f 2261 2323 2322
f 2391 2321 2320
f 2321 2322 2320
f 2261 2322 2260
f 2264 2323 2261
f 2323 2393 2392
f 2328 2326 2324
f 2320 2322 2324
f 2328 2324 2392
f 2392 2324 2322
f 2333 2328 2330
f 2244 2314 2246
f 2326 2325 2327
f 2332 2327 2245
f 2243 2327 2325
f 2325 2326 2328
f 2328 2392 2394
f 2335 2385 2336
f 2330 2329 2333
f 2331 2334 2189
f 2189 2186 2331
f 2331 2186 2302
f 2331 2329 2394
f 2032 2332 2245
f 2326 2332 2313
f 2333 2325 2328
f 2336 2333 2329
f 2315 2333 2318
f 2327 2314 2244
f 2393 2334 2392
f 2189 2334 2393
f 2385 2318 2336
f 2329 2331 2335
f 2333 2336 2318
f 2329 2335 2336
f 2344 2337 2114
f 2112 2341 2131
f 2341 2337 2338
f 2114 2337 2112
f 2340 2342 2338
f 2337 2340 2338
f 2344 2340 2337
f 2121 2341 2347
f 2370 2343 1950
f 2357 2340 2343
f 2344 2339 2340
f 2277 2278 2450
f 2357 2342 2340
f 2096 2256 2344
f 2256 2339 2344
f 2351 2395 2450
f 2351 2278 2350
f 2349 2396 2047
f 2047 2094 2131
f 2349 2346 2121
f 2411 2404 2345
f 2342 2347 2338
f 2347 2348 2121
f 2278 2274 2350
f 2396 2408 2047
f 2346 2349 2047
f 2121 2450 2349
f 2430 2273 2272
f 2157 2428 2434
f 2395 2349 2450
f 2449 2412 2447
f 2395 2351 2345
f 2275 2271 2272
f 2283 2352 2284
f 2354 2352 2285
f 2175 2354 2353
f 2353 2184 2175
f 2286 2353 2354
f 2293 2361 2279
f 2370 1950 2371
f 2365 2367 2370
f 2342 2360 2347
f 2357 2343 2358
f 2358 2356 2357
f 2358 2343 2370
f 2357 2356 2342
f 2342 2356 2360
f 2361 2360 2369
f 2358 2369 2356
f 2279 2361 2359
f 2364 2277 2450
f 2280 2364 2362
f 2279 2299 2300
f 2361 2293 2360
f 2362 2364 2293
f 2364 2450 2348
f 2365 2363 2366
f 2363 2368 2296
f 2295 2366 2296
f 2359 2369 2367
f 2299 2367 2355
f 2293 2348 2360
f 2360 2348 2347
f 2373 2374 2368
f 2374 2296 2368
f 2361 2369 2359
f 2370 2369 2358
f 2367 2369 2370
f 2371 2365 2370
f 2372 2438 2236
f 2319 2202 2368
f 2230 2308 2221
f 2308 2307 2374
f 2368 2202 2373
f 2311 2380 2222
f 2295 2376 2389
f 2296 2376 2295
f 2380 2311 2377
f 2377 2311 2310
f 2378 2377 2310
f 2316 2378 2310
f 2353 2382 2184
f 2377 2381 2379
f 2310 2317 2316
f 2316 2383 2386
f 2378 2316 2382
f 2381 2378 2382
f 2386 2383 2384
f 2389 2376 2375
f 2286 2300 2381
f 2382 2353 2286
f 2300 2297 2381
f 2387 2390 2297
f 2382 2286 2381
f 2381 2377 2378
f 2385 2384 2318
f 2185 2385 2335
f 2184 2382 2386
f 2316 2386 2382
f 2387 2297 2298
f 2379 2388 2389
f 2295 2387 2298
f 2390 2388 2379
f 2389 2388 2387
f 2381 2390 2379
f 2295 2389 2387
f 2390 2381 2297
f 2388 2390 2387
f 2321 2391 2116
f 2326 2391 2320
f 2394 2392 2334
f 2394 2334 2331
f 2328 2394 2330
f 2395 2345 2404
f 2121 2348 2450
f 2363 2365 2371
f 2371 1950 2319
f 2371 2319 2363
f 2374 2375 2376
f 2308 2374 2373
f 2296 2374 2376
f 2302 2185 2335
f 2380 2375 2222
f 2375 2380 2389
f 2395 2396 2349
f 1948 1991 1992
f 2423 2073 2397
f 2400 2406 2413
f 2073 2423 2071
f 2423 2407 2235
f 2401 2073 2070
f 2400 2413 2414
f 2401 2070 2443
f 2401 2397 2073
f 2399 2398 2400
f 2403 2400 2398
f 2398 2399 2401
f 2401 2399 2397
f 2403 2398 2402
f 2403 2402 2408
f 2402 2398 2443
f 2405 2402 2443
f 2402 2405 2408
f 2405 2443 2444
f 2400 2403 2406
f 2411 2418 2404
f 2438 2409 2432
f 2410 2199 2233
f 2047 2408 2405
f 2396 2395 2404
f 2406 2396 2404
f 2403 2408 2406
f 2396 2406 2408
f 2416 2417 2407
f 2416 2439 2432
f 2417 2416 2409
f 2411 2345 2412
f 2274 2430 2437
f 2423 2424 2420
f 2399 2400 2414
f 2412 2345 2351
f 2413 2406 2404
f 2413 2415 2414
f 2351 2350 2412
f 2412 2350 2447
f 2415 2411 2448
f 2399 2414 2397
f 2415 2413 2418
f 2232 2410 2233
f 2232 2417 2410
f 2415 2418 2411
f 2404 2418 2413
f 2415 2448 2419
f 2425 2424 2419
f 2422 2435 2434
f 2420 2440 2407
f 2397 2424 2423
f 2420 2441 2440
f 2407 2440 2416
f 2432 2439 2442
f 2433 2421 2440
f 2422 2146 2435
f 2448 2425 2419
f 2424 2397 2414
f 2407 2423 2420
f 2422 2434 2433
f 2414 2415 2419
f 2115 2081 2123
f 2427 2123 2236
f 2431 2427 2236
f 2122 2427 2426
f 2115 2427 2122
f 2122 2426 2428
f 2123 2427 2115
f 2426 2442 2429
f 2429 2421 2433
f 2426 2431 2442
f 2427 2431 2426
f 2432 2431 2438
f 2421 2439 2440
f 2433 2434 2429
f 2428 2429 2434
f 2434 2435 2157
f 2430 2436 2441
f 2146 2422 2436
f 2436 2422 2441
f 2430 2441 2425
f 2437 2430 2425
f 2411 2449 2448
f 2416 2432 2409
f 2438 2445 2446
f 2433 2440 2441
f 2441 2424 2425
f 2433 2441 2422
f 2430 2274 2273
f 2350 2274 2437
f 2440 2439 2416
f 2432 2442 2431
f 2421 2442 2439
f 2444 2443 2069
f 2409 2446 2410
f 2438 2446 2409
f 2410 2417 2409
f 2414 2419 2424
f 2437 2447 2350
f 2437 2425 2448
f 2437 2448 2447
f 2412 2449 2411
f 2448 2449 2447
f 2441 2420 2424
f 1224 1351 2477
f 112 2475 2474
f 1222 2469 1223
f 2473 1336 2465
f 2460 2 2476
f 1222 1221 2466
f 3 4 2459
f 1 2460 2461
f 2473 1220 1336
f 2463 138 112
f 1 2461 2462
f 98 1 2462
f 2470 2471 2467
f 1219 2467 2471
f 2476 2459 2460
f 2458 2459 4
f 1219 2471 2465
f 2471 2470 2451
f 164 2472 5
f 98 2462 58
f 2454 2466 2453
f 2464 2466 1221
f 1324 1224 2468
f 2477 1351 2469
f 2462 2475 58
f 2469 1351 1223
f 1 2 2460
f 2471 2451 2465
f 1219 2465 1336
f 2454 2455 2469
f 2457 2468 2456
f 2473 2452 2464
f 1324 2468 1311
f 2477 2456 2468
f 1311 2468 2457
f 2458 5 2472
f 2477 2469 2455
f 1311 2472 164
f 1222 2454 2469
f 2452 2466 2464
f 2492 2470 2467
f 112 2474 2463
f 2451 2470 2508
f 1220 2473 2464
f 2470 2492 2508
f 4 5 2458
f 2453 2466 2452
f 3 2459 2476
f 2456 2477 2455
f 2477 2468 1224
f 2454 1222 2466
f 2472 1311 2457
f 2495 2494 2478
f 1822 2495 1821
f 1822 1823 2494
f 623 757 2497
f 1942 1925 2483
f 1827 2506 1826
f 2494 2495 1822
f 2506 1825 1826
f 1828 1829 2496
f 1827 1828 2496
f 2489 619 2498
f 2506 1827 2496
f 2492 2499 2508
f 2492 2495 2499
f 2487 2486 2500
f 757 2500 2497
f 2492 1821 2495
f 2503 2500 622
f 2499 2495 2478
f 2494 1824 1825
f 622 2500 756
f 2479 2506 2496
f 2494 2506 2478
f 2494 1823 1824
f 1942 2483 2507
f 1829 2480 2496
f 620 2502 701
f 2507 2483 2482
f 2507 2481 1829
f 1925 624 2493
f 2493 2483 1925
f 2481 2507 2482
f 2463 2491 2504
f 2498 619 723
f 756 2500 757
f 623 2497 2505
f 2490 723 2504
f 2500 2501 2487
f 696 2502 2503
f 622 621 2503
f 2498 723 2490
f 701 2502 696
f 620 619 2502
f 2479 2496 2480
f 2505 2493 623
f 2485 2497 2486
f 2489 2502 619
f 2485 2484 2493
f 2505 2497 2485
f 2501 2503 2502
f 2486 2497 2500
f 2500 2503 2501
f 696 2503 621
f 2488 2502 2489
f 2502 2488 2501
f 2463 2504 138
f 2490 2504 2491
f 2493 2505 2485
f 623 2493 624
f 2506 2479 2478
f 2506 2494 1825
f 2484 2483 2493
f 2480 1829 2481
f 1844 1956 1843
f 1313 1243 1845
f 1845 2492 1313
f 1229 1228 1227
f 640 878 800
f 641 640 800
f 832 641 800
f 1225 1378 1308
f 1237 1423 1236
f 1225 1308 12
f 19 20 21
f 18 19 21
f 837 832 800
f 25 170 26
f 1225 12 13
f 797 753 705
f 18 21 22
f 17 18 22
f 1840 1841 1842
f 1230 1229 1227
f 2028 1837 1994
f 1968 2033 2015
f 705 1968 2015
f 1836 2028 1994
f 797 705 2015
f 25 26 145
f 14 213 15
f 1835 1836 1994
f 1834 1835 1994
f 1833 1834 1994
f 1832 1833 1994
f 1831 1832 1994
f 800 639 638
f 17 22 23
f 1840 1842 1238
f 24 25 145
f 1231 1230 1227
f 1232 1231 1227
f 1233 1232 1227
f 1233 1227 1523
f 1234 1233 1523
f 1225 13 14
f 1840 1238 1370
f 797 2015 1830
f 24 145 171
f 24 171 711
f 24 711 763
f 24 763 762
f 24 762 644
f 781 797 1830
f 636 781 1830
f 1226 1360 1225
f 1839 1840 1370
f 1839 1370 1237
f 23 24 644
f 17 23 644
f 1234 1523 1226
f 1225 14 15
f 1226 1225 15
f 17 644 643
f 1839 1237 1236
f 1831 1994 1838
f 1831 1838 1839
f 1226 15 16
f 637 636 1830
f 17 643 642
f 17 642 837
f 17 837 800
f 17 800 638
f 17 638 637
f 17 637 1830
f 17 1830 1831
f 17 1831 1839
f 16 17 1839
f 16 1839 1236
f 1236 1235 1234
f 16 1236 1234
f 16 1234 1226
f 41 69 40
f 42 68 41
f 43 67 42
f 40 59 58
f 58 73 40
f 41 40 74
f 41 74 42
f 43 42 70
f 140 109 36
f 3 2476 2
f 163 3 2
f 35 163 2
f 35 2 51
f 35 51 116
f 34 115 35
f 116 34 35
f 110 35 117
f 110 117 36
f 140 36 108
f 655 690 678
f 620 687 723
f 656 685 655
f 723 677 620
f 689 620 676
f 689 676 678
f 655 678 697
f 656 655 697
f 646 718 645
f 647 717 646
f 645 721 696
f 716 725 647
f 671 716 647
f 744 647 646
f 744 646 645
f 621 645 696
f 621 696 953
f 622 953 645
f 1247 1319 1246
f 1222 1323 1221
f 1221 1266 1222
f 1345 1247 1246
f 1346 1246 1321
f 1346 1321 1245
f 1277 1245 1322
f 1277 1322 1244
f 1244 1222 1327
f 1336 1491 2464
f 1219 1490 1336
f 1261 1219 1336
f 1280 1336 2464
f 1302 1289 1253
f 1294 1302 1253
f 1297 1253 1291
f 1297 1291 1252
f 1336 1252 1220
f 2464 1220 1280
f 1855 1943 1825
f 1876 1862 1823
f 1888 1857 1893
f 1888 1893 1918
f 1888 1918 1894
f 1825 2193 1855
f 1876 1823 1874
f 1824 1855 1884
f 1824 1884 1856
f 1874 1824 1856
f 1856 1922 1855
f 1856 1855 1876
f 1888 1894 1856
f 1874 1856 1876
f 1826 1898 1827
f 1846 1828 1939
f 1937 1849 1955
f 1937 1955 1848
f 1866 1826 1827
f 1941 1848 1897
f 1941 1897 1847
f 1939 1847 2192
f 1939 2192 1846
f 1919 1846 1827
f 2498 2490 2491
f 2484 2485 2486
f 2465 2451 2508
f 2473 2465 2508
f 2473 2508 2499
f 2473 2499 2478
f 2452 2473 2478
f 2453 2452 2478
f 2454 2453 2478
f 2455 2454 2478
f 2456 2455 2478
f 2457 2456 2478
f 2472 2457 2478
f 2458 2472 2478
f 2458 2478 2479
f 2459 2458 2479
f 2460 2459 2479
f 2460 2479 2480
f 2486 2487 2501
f 2484 2486 2501
f 2460 2480 2481
f 2460 2481 2482
f 2483 2484 2501
f 2483 2501 2488
f 2483 2488 2489
f 2482 2483 2489
f 2460 2482 2489
f 2475 2462 2461
f 2474 2475 2461
f 2474 2461 2460
f 2474 2460 2489
f 2474 2489 2498
f 2474 2498 2491
f 2474 2491 2463
# 5088 faces, 0 coords texture

# End of File
