0.042187 0.468645 0.084704
0.036673 0.455829 0.094330
0.046990 0.450604 0.085911
0.052683 0.459573 0.075025
0.043983 0.442287 0.093977
0.034202 0.444649 0.100095
0.053747 0.442992 0.077419
0.058643 0.448799 0.065828
0.060664 0.406388 0.073554
0.064411 0.400639 0.064729
0.063332 0.412891 0.063901
0.058780 0.415442 0.072705
0.059314 0.380634 0.074122
0.053449 0.373416 0.083647
0.055392 0.363230 0.075104
0.060055 0.370091 0.064274
0.022160 0.389936 0.104073
0.027233 0.383605 0.103952
0.031334 0.389971 0.102322
0.025474 0.395594 0.102223
0.013360 0.400151 0.107846
0.014555 0.405047 0.104156
0.009685 0.409383 0.108139
0.009275 0.404033 0.112956
0.016751 0.384704 0.104446
0.022149 0.378147 0.104091
0.017753 0.395481 0.104469
0.015595 0.391390 0.106824
0.012348 0.386934 0.117220
0.013877 0.391399 0.115340
0.010674 0.393398 0.121431
0.009535 0.388000 0.121520
0.015275 0.384897 0.108617
0.015585 0.388120 0.110840
0.013224 0.384752 0.113447
0.011903 0.382199 0.110736
0.012469 0.395946 0.111053
0.009536 0.399005 0.117285
0.005744 0.401308 0.123407
0.006540 0.394095 0.127819
0.037372 0.369930 0.099528
0.032740 0.376940 0.102581
0.027533 0.372335 0.103269
0.031908 0.366658 0.101222
0.012937 0.379104 0.107902
0.016167 0.364225 0.110020
0.016518 0.367916 0.109613
0.010637 0.369344 0.113149
0.010963 0.365831 0.113548
0.042011 0.355115 0.092120
0.036100 0.354595 0.096518
0.036274 0.347902 0.094716
0.041906 0.346768 0.089319
0.034028 0.342274 0.094401
0.040089 0.338820 0.087239
0.030661 0.325765 0.088970
0.035794 0.331451 0.087792
0.030236 0.337169 0.095426
0.025285 0.332745 0.098826
0.014187 0.338245 0.106794
0.008656 0.337298 0.109516
0.012737 0.325473 0.108381
0.019003 0.328489 0.104198
0.015559 0.357980 0.106631
0.019243 0.357579 0.104022
0.019702 0.359408 0.106009
0.015882 0.360876 0.109069
0.022836 0.357120 0.102130
0.024428 0.356814 0.101529
0.024303 0.358232 0.102644
0.022789 0.357767 0.102685
0.020939 0.357468 0.103174
0.019765 0.355800 0.103661
0.021869 0.356452 0.102542
0.016429 0.355450 0.106401
0.004709 0.354424 0.114520
0.008278 0.354672 0.113155
0.006928 0.358607 0.111765
0.003883 0.358741 0.112784
0.022750 0.360071 0.104044
0.025078 0.361722 0.103628
0.021646 0.364864 0.106284
0.020414 0.362030 0.106276
0.027853 0.363692 0.103116
0.026467 0.359210 0.101912
0.029588 0.359948 0.101046
0.023667 0.355216 0.101449
0.026257 0.353485 0.100102
0.027029 0.356148 0.101016
0.024251 0.350701 0.100851
0.021388 0.353673 0.102630
0.018159 0.352411 0.105455
0.013966 0.351322 0.109234
0.016262 0.346563 0.106681
0.020855 0.348322 0.103320
0.023721 0.368390 0.105108
0.030909 0.355369 0.099115
0.034400 0.361240 0.098653
0.030544 0.350785 0.098188
0.028450 0.346638 0.098404
0.024742 0.343215 0.100186
0.019757 0.340404 0.103478
0.014919 0.316042 0.098220
0.022847 0.320268 0.094279
0.032250 0.436693 0.099382
0.040726 0.435213 0.096535
0.041225 0.427063 0.093282
0.043014 0.429214 0.092745
0.037979 0.431235 0.095684
0.037260 0.428450 0.095451
0.053524 0.417922 0.078485
0.049102 0.420241 0.083131
0.049440 0.416530 0.082318
0.055145 0.411566 0.078843
0.042457 0.410208 0.090650
0.046537 0.411038 0.087257
0.042834 0.417711 0.088857
0.039970 0.417165 0.091499
0.036481 0.416932 0.093746
0.032452 0.417247 0.095204
0.032752 0.411816 0.095242
0.037626 0.410686 0.093486
0.031510 0.432392 0.097183
0.024228 0.431692 0.097241
0.025666 0.428626 0.096691
0.031827 0.429206 0.097088
0.015806 0.421505 0.093111
0.016905 0.424045 0.093804
0.013639 0.425545 0.094871
0.012815 0.421255 0.094527
0.015049 0.418277 0.094863
0.017054 0.419899 0.093546
0.033652 0.489931 0.079110
0.029002 0.474866 0.092936
0.047929 0.481501 0.069764
0.058370 0.468782 0.061180
0.063955 0.453805 0.053366
0.048813 0.358156 0.084728
0.049640 0.348810 0.079676
0.056467 0.353649 0.067104
0.054312 0.343729 0.063076
0.047530 0.338786 0.076965
0.034245 0.321534 0.075573
0.042534 0.328903 0.075636
0.049094 0.334208 0.058698
0.055488 0.343659 0.041983
0.059043 0.351193 0.048613
0.058475 0.357165 0.028541
0.049912 0.335946 0.032370
0.055384 0.355407 0.020836
0.036877 0.304198 0.038574
0.039294 0.293149 0.035608
0.048562 0.298023 0.023210
0.047628 0.308902 0.026355
0.060929 0.360033 0.055207
0.064209 0.422968 0.054543
0.060513 0.424102 0.065555
0.066535 0.409536 0.053311
0.067445 0.479263 0.025630
0.062725 0.475739 0.044272
0.069020 0.459168 0.039782
0.072338 0.463188 0.023802
0.041451 0.514585 0.029580
0.038922 0.504846 0.057280
0.051979 0.492481 0.050944
0.055868 0.500059 0.028122
0.074684 0.463259 0.008872
0.075087 0.461036 -0.008727
0.069503 0.474457 -0.018462
0.068714 0.480441 0.003080
0.057740 0.492291 -0.027774
0.057457 0.499146 -0.001259
0.054213 0.341288 0.013119
0.055512 0.359142 0.008593
0.046496 0.321569 0.030356
0.052984 0.326312 0.014689
0.040214 0.504314 -0.033414
0.040664 0.514389 -0.003521
0.061626 0.433220 -0.050966
0.064405 0.450677 -0.046092
0.072106 0.441061 -0.029239
0.069070 0.426536 -0.035711
0.050589 0.440467 -0.067330
0.052455 0.460994 -0.061924
0.049438 0.381166 -0.040644
0.043361 0.365522 -0.032382
0.034498 0.366034 -0.043135
0.040010 0.381673 -0.054902
0.050480 0.437639 0.086839
0.046739 0.432380 0.091745
0.050060 0.428596 0.086361
0.054145 0.431616 0.080158
0.057598 0.434161 0.070171
0.061431 0.436612 0.058558
0.070924 0.444454 0.034666
0.074734 0.449537 0.021203
0.076860 0.448053 -0.003983
0.076433 0.449696 0.009701
0.074210 0.429648 -0.019156
0.071382 0.420597 -0.023010
0.054577 0.367398 -0.006558
0.051091 0.346750 -0.003137
0.044653 0.348798 -0.015617
0.049108 0.366743 -0.020332
0.030407 0.350134 -0.035360
0.037318 0.349793 -0.025945
0.049823 0.315536 -0.002013
0.050459 0.302728 -0.005540
0.046379 0.305047 -0.019426
0.044477 0.317328 -0.015293
0.040050 0.304709 -0.031350
0.030791 0.303691 -0.039678
0.029063 0.317902 -0.035567
0.036943 0.318098 -0.027147
0.018324 0.286031 0.049895
0.019489 0.276934 0.046900
0.030161 0.279887 0.041527
0.027664 0.289437 0.043866
0.053276 0.292151 -0.010313
0.050370 0.295616 -0.024883
0.056211 0.381266 -0.026855
0.059956 0.384230 -0.015686
0.044309 0.294947 -0.037220
0.036330 0.333208 -0.024525
0.043479 0.331596 -0.014271
0.019871 0.351220 -0.042944
0.023519 0.366467 -0.052927
0.019846 0.400395 0.102273
0.022885 0.414884 0.095867
0.023517 0.418539 0.095175
0.019714 0.419247 0.094436
0.018556 0.416359 0.095355
0.011602 0.456973 0.104543
0.010168 0.439872 0.106049
0.022799 0.443935 0.104549
0.024400 0.457787 0.100882
0.049364 0.386140 0.092244
0.040606 0.392276 0.098147
0.037552 0.383546 0.101000
0.043283 0.376044 0.096813
0.046402 0.421765 0.086106
0.047971 0.423827 0.085821
0.045500 0.423657 0.088333
0.039964 0.362985 0.096013
0.046724 0.367192 0.090883
0.066112 0.394781 0.053342
0.056531 0.424247 0.074956
0.020310 0.524714 0.032239
0.019674 0.513081 0.063936
0.019929 0.514684 -0.034301
0.020170 0.524457 -0.003215
0.036423 0.468603 -0.073239
0.035146 0.446247 -0.079515
0.017441 0.451435 -0.087627
0.018001 0.476489 -0.078810
0.027657 0.382656 -0.065362
0.021607 0.303415 -0.045084
0.019485 0.319187 -0.041497
0.017703 0.494490 0.084834
0.014856 0.475574 0.098118
0.066484 0.439402 0.046112
0.060051 0.397841 0.077348
0.055417 0.405539 0.081999
0.053010 0.401646 0.086724
0.057065 0.391307 0.082857
0.062528 0.388959 0.068448
0.063316 0.380807 0.056085
0.064054 0.372710 0.042215
0.061419 0.362500 0.035101
0.073715 0.454240 -0.022973
0.066052 0.466084 -0.038450
0.055639 0.478886 -0.049063
0.038690 0.488558 -0.057517
0.075415 0.444149 -0.016304
0.019110 0.497867 -0.060174
0.010063 0.373633 0.112091
0.017040 0.373285 0.107697
0.008515 0.377558 0.111726
0.009645 0.350342 0.112222
0.005580 0.349851 0.113837
0.006550 0.344602 0.110810
0.011266 0.345283 0.109361
0.015295 0.311840 0.082839
0.024439 0.315853 0.078906
0.017293 0.294940 0.054397
0.026180 0.298671 0.047859
0.008431 0.385734 0.115733
0.006914 0.386085 0.116008
0.006715 0.385060 0.113871
0.008624 0.384951 0.113623
0.021487 0.358627 0.104115
0.006316 0.365996 0.115692
0.003345 0.365763 0.116358
0.003614 0.362243 0.114886
0.006629 0.362354 0.114315
0.038897 0.323196 0.054411
0.036023 0.314821 0.043925
0.051945 0.299508 0.009732
0.052048 0.312414 0.012663
0.050395 0.330148 -0.001115
0.028653 0.334996 -0.034041
0.019662 0.335514 -0.040584
-0.002452 0.337458 -0.046410
-0.003605 0.351852 -0.051081
0.009099 0.351539 -0.048919
0.008415 0.336733 -0.044204
0.025708 0.312960 0.063778
0.015953 0.308522 0.069248
0.016460 0.303298 0.060220
0.025513 0.307526 0.053864
0.003277 0.382975 0.116936
0.001965 0.382066 0.118497
0.002372 0.379912 0.115732
0.004152 0.381883 0.114971
0.009411 0.383042 0.111972
0.007235 0.382069 0.112006
0.007634 0.380237 0.111901
0.009870 0.385563 0.116414
0.010262 0.384241 0.113805
0.005412 0.386456 0.120927
0.008094 0.386272 0.119359
0.005456 0.386676 0.125746
0.004768 0.384075 0.115498
0.005233 0.382875 0.113866
0.008342 0.383972 0.112369
0.006752 0.383707 0.112451
0.005637 0.386438 0.118881
0.007368 0.386235 0.117632
0.005386 0.407307 0.118181
-0.000169 0.408308 0.120447
-0.000328 0.401808 0.125815
-0.000406 0.394326 0.130675
-0.000322 0.386428 0.128607
0.008845 0.300751 0.063014
0.009591 0.292551 0.057391
-0.001119 0.474668 0.100084
-0.001045 0.455313 0.105074
0.022112 0.357436 0.102525
0.023341 0.435862 0.099669
0.047216 0.400156 0.092232
0.026912 0.401441 0.099390
0.033284 0.397217 0.099315
0.033190 0.404760 0.096732
0.027367 0.407517 0.097291
0.014474 0.432825 0.099999
0.006014 0.429201 0.104983
0.009604 0.427260 0.098917
0.009069 0.420816 0.098708
0.006139 0.420015 0.106309
0.010317 0.413378 0.102902
0.012041 0.415770 0.097670
0.043843 0.425345 0.090799
0.045995 0.426728 0.089173
0.015503 0.408995 0.100400
0.020982 0.405194 0.099413
0.021860 0.410036 0.097049
0.016709 0.412574 0.097129
0.039809 0.401999 0.095365
0.052026 0.424009 0.081457
0.048806 0.413244 0.084055
0.063567 0.389150 -0.007758
0.059922 0.378513 -0.001183
0.065465 0.369384 0.017255
0.062724 0.365505 0.020302
0.058247 0.368074 0.015957
0.063539 0.371742 0.013208
0.074821 0.419712 -0.001252
0.074782 0.426277 -0.005154
0.075150 0.427415 0.001749
0.074172 0.420106 0.001265
0.074051 0.423265 0.007356
0.074355 0.426808 0.009457
0.073286 0.418825 0.010993
0.073370 0.418884 0.007692
0.075951 0.437141 0.009769
0.074082 0.435332 0.019569
0.072514 0.423781 0.017062
0.067862 0.421857 0.039832
0.068450 0.410967 0.027650
0.069968 0.418600 0.022830
0.070767 0.430090 0.029144
0.063876 0.369767 0.024408
0.064517 0.376928 0.027930
0.057597 0.371527 0.007869
-0.002431 0.461604 -0.086602
-0.002434 0.486857 -0.074582
0.058515 0.415852 -0.051377
0.047963 0.420018 -0.066861
0.065581 0.411662 -0.036422
0.068706 0.408722 -0.023338
0.035878 0.425969 -0.079377
0.020934 0.426024 -0.085774
0.068333 0.404659 0.040972
0.067163 0.398913 0.029221
0.054790 0.397925 -0.047808
0.044616 0.400822 -0.062950
0.061520 0.395760 -0.033626
0.065062 0.396600 -0.021163
0.031087 0.406217 -0.075406
0.013249 0.381449 -0.071719
0.014839 0.402595 -0.081541
0.067681 0.379963 0.017004
0.066275 0.378040 0.021175
0.066046 0.372051 0.020107
0.068794 0.374234 0.018239
0.066484 0.389355 0.040651
0.066347 0.387406 0.028720
0.005696 0.413273 0.112842
-0.000077 0.421664 0.110091
-0.000061 0.414790 0.115349
-0.000318 0.429860 0.106901
-0.001917 0.528674 0.003640
-0.001661 0.527198 0.034862
-0.002267 0.507321 -0.053397
-0.002076 0.522065 -0.026422
0.004114 0.336908 0.111115
0.006466 0.323981 0.110698
0.005350 0.373465 0.114576
0.002541 0.372857 0.115227
0.002972 0.369255 0.115994
0.005904 0.369755 0.115283
0.017766 0.429401 0.095961
0.010786 0.367047 -0.059019
0.009035 0.320214 -0.045031
0.010526 0.304186 -0.048100
0.035021 0.292912 -0.046073
0.024046 0.291425 -0.051404
0.002184 0.376448 0.115040
0.004757 0.376987 0.114043
0.004901 0.385796 0.117457
0.011059 0.361976 0.112494
0.004658 0.379716 0.113855
0.005354 0.381672 0.113555
0.000465 0.379368 0.116436
0.000717 0.376121 0.115267
0.027784 0.413381 0.096101
0.028000 0.417873 0.095616
0.002785 0.383778 0.122090
0.003544 0.384794 0.119574
-0.000384 0.382911 0.122763
0.041570 0.283040 0.032668
0.049860 0.286453 0.019659
0.001362 0.365575 0.116481
0.001540 0.361960 0.115159
-0.001728 0.515124 0.066933
-0.002085 0.379708 -0.072649
-0.002156 0.397582 -0.081797
0.068535 0.404173 0.020346
0.070116 0.400423 0.015642
0.071548 0.406998 0.013218
0.069988 0.411376 0.017879
0.010389 0.283795 0.053222
0.053385 0.288996 0.004771
0.012266 0.291326 -0.054597
0.046145 0.420120 0.085662
0.044865 0.418773 0.086697
0.020388 0.426794 0.095170
-0.002441 0.427463 -0.088544
0.012388 0.354935 0.110231
0.010947 0.358469 0.109700
-0.001614 0.321804 -0.046178
0.008310 0.306108 0.071895
0.000557 0.381552 0.119342
-0.003185 0.365870 -0.060660
0.073904 0.412940 0.005031
0.075424 0.411544 0.008107
0.074898 0.408618 0.007852
0.073292 0.409355 0.006347
0.076246 0.414698 0.012365
0.077262 0.411631 0.010317
0.078938 0.414117 0.009500
0.077617 0.417703 0.010849
0.072143 0.416201 0.014580
0.074003 0.411293 0.013136
0.079864 0.415870 0.007898
0.079758 0.418617 0.009078
0.077167 0.420148 0.007776
0.073969 0.419857 0.004566
0.082043 0.419432 0.005785
0.078528 0.421454 0.003751
0.084558 0.418980 0.001030
0.080117 0.421465 -0.001270
0.085858 0.415749 -0.003922
0.080570 0.417513 -0.006041
0.067153 0.385534 0.021166
0.067516 0.386359 0.014759
0.086283 0.410591 -0.006897
0.080286 0.411329 -0.008338
0.085529 0.403830 -0.008369
0.079929 0.404359 -0.009763
0.083806 0.396728 -0.007780
0.079075 0.396920 -0.009310
0.082218 0.389871 -0.005909
0.077651 0.388875 -0.007283
0.079929 0.383287 -0.002008
0.075226 0.380237 -0.002878
0.081399 0.416942 0.000015
0.082436 0.413888 -0.003499
0.072904 0.415926 -0.002302
0.080414 0.417565 0.004479
0.073027 0.403885 0.000880
0.071574 0.405916 0.001090
0.072469 0.404228 0.002181
0.071267 0.402922 -0.000251
0.069059 0.393022 0.015845
0.070399 0.393102 0.012326
0.070856 0.398648 0.012398
0.068840 0.389124 0.011873
0.068106 0.390528 0.010702
0.067830 0.393975 0.010935
0.067183 0.398462 0.010741
0.068596 0.388986 0.009212
0.069497 0.387271 0.009817
0.067451 0.390268 0.008579
0.067118 0.391135 0.009547
0.066175 0.393273 0.008633
0.066736 0.396356 0.006297
0.067763 0.394709 0.021294
0.068101 0.392207 -0.001681
0.064921 0.384068 0.002151
0.076769 0.378875 0.003546
0.073422 0.373226 0.003689
0.071078 0.371184 0.015653
0.072459 0.369417 0.010239
0.071684 0.410842 -0.004256
0.071384 0.405200 -0.005611
0.063092 0.377526 0.008294
0.070543 0.398995 -0.004979
0.078235 0.387441 -0.001095
0.075132 0.384308 0.002599
0.080666 0.391981 -0.004022
0.070053 0.384004 0.011366
0.071191 0.378275 0.013595
0.074155 0.377536 0.009064
0.072279 0.383341 0.007012
0.077000 0.390609 0.000692
0.073402 0.388489 0.003235
0.074092 0.393481 0.000596
0.070850 0.391531 0.003003
0.069211 0.389717 0.006288
0.070797 0.387312 0.006562
0.067329 0.393750 0.002600
0.070774 0.396830 0.000428
0.067051 0.391300 0.006275
0.076723 0.396194 -0.000014
0.079115 0.399663 -0.000364
0.077040 0.402248 0.001462
0.074137 0.399552 0.000191
0.081191 0.397638 -0.005913
0.081283 0.398206 -0.002671
0.079498 0.393965 -0.001402
0.082060 0.403349 -0.003547
0.082007 0.403946 -0.006417
0.080473 0.403419 -0.001247
0.079114 0.404508 0.000704
0.081795 0.411817 -0.001480
0.082071 0.408161 -0.002977
0.082814 0.409687 -0.005609
0.081079 0.407002 -0.000784
0.080533 0.409913 0.000187
0.079245 0.408323 0.001258
0.079901 0.406633 0.000193
0.077826 0.415554 0.006423
0.076593 0.413986 0.007786
0.079042 0.415570 0.003880
0.076893 0.415815 0.004443
0.077706 0.413510 0.003701
0.075549 0.414893 0.004694
0.076770 0.411635 0.004167
0.074770 0.409430 0.004092
0.023050 0.255586 0.044119
0.021287 0.266314 0.044732
0.011464 0.263300 0.047170
0.012284 0.253032 0.045733
0.078123 0.409889 0.002975
0.079185 0.412004 0.001835
0.080441 0.414554 0.000813
0.075749 0.405975 0.002182
0.077045 0.404959 0.001977
0.078027 0.406340 0.001907
0.076624 0.407824 0.002885
0.071095 0.402610 0.011258
0.069256 0.401112 0.008067
0.069600 0.398542 0.004258
0.054729 0.243453 0.031230
0.068378 0.251137 0.019193
0.062848 0.258643 0.015762
0.050125 0.252395 0.026845
0.064615 0.221330 0.049211
0.066527 0.203978 0.060084
0.083832 0.209340 0.053275
0.084778 0.230566 0.035347
0.082978 0.191640 0.067552
0.066754 0.187618 0.072157
0.080183 0.144993 0.105098
0.081137 0.159889 0.092906
0.065379 0.158427 0.097247
0.064614 0.143294 0.108904
0.104979 0.072597 0.139190
0.093098 0.074533 0.144112
0.086570 0.058728 0.142845
0.099783 0.054651 0.136897
0.139311 0.169270 0.061593
0.148307 0.160395 0.058826
0.151007 0.178876 0.053252
0.140925 0.187193 0.054481
0.095392 0.263933 -0.011436
0.088560 0.266349 -0.013995
0.083987 0.253763 0.006317
0.091155 0.250548 0.011562
0.145286 0.084815 0.088812
0.139623 0.093874 0.098039
0.137820 0.082399 0.105245
0.142082 0.073058 0.097131
0.112482 0.002127 0.083708
0.099660 0.001635 0.098752
0.098932 -0.015537 0.099778
0.112853 -0.015290 0.084226
0.143947 0.021829 0.022293
0.139453 0.006768 0.020981
0.138399 0.007077 -0.003503
0.142230 0.021182 -0.003346
0.106872 0.144886 0.094759
0.108379 0.160246 0.082889
0.095565 0.160379 0.087892
0.094323 0.145491 0.100137
0.321162 0.216737 0.015690
0.296547 0.217217 0.017122
0.297400 0.201428 0.018436
0.321850 0.200839 0.016726
0.141095 -0.079392 0.039762
0.142749 -0.095738 0.043538
0.143168 -0.092305 0.018485
0.141053 -0.076236 0.015660
0.192498 0.240217 0.029044
0.192572 0.256826 0.012061
0.179717 0.258821 0.011992
0.178396 0.242833 0.030445
0.141870 0.133671 0.072105
0.144688 0.145766 0.065266
0.137207 0.153840 0.069628
0.134534 0.139877 0.077827
0.152049 0.049260 -0.008174
0.154853 0.065789 -0.010909
0.156438 0.066261 0.009488
0.154180 0.049937 0.014571
0.150720 0.035114 0.018953
0.148312 0.034228 -0.005489
0.127014 0.142415 0.083435
0.128315 0.159141 0.073683
0.119368 0.159968 0.078043
0.117643 0.143839 0.089249
0.077666 0.044687 0.136264
0.093185 0.039425 0.128330
0.136450 -0.099827 0.067946
0.135447 -0.083001 0.063708
0.124621 -0.086753 0.084282
0.125074 -0.103813 0.088887
0.084157 0.016972 0.109031
0.098371 0.016635 0.098379
0.101673 0.027576 0.108145
0.086845 0.028940 0.116539
0.109913 -0.106750 0.106892
0.109569 -0.089756 0.101647
0.092882 -0.091623 0.117265
0.093057 -0.110581 0.123493
0.081985 0.175379 0.080576
0.066204 0.172667 0.084792
0.124541 0.072207 0.124398
0.115778 0.071986 0.132302
0.111760 0.053491 0.129538
0.122113 0.054779 0.121264
0.159425 0.133710 0.043531
0.167475 0.146781 0.037901
0.163035 0.166669 0.048456
0.156203 0.148096 0.053395
0.147986 -0.107753 0.020193
0.146673 -0.111256 0.046022
0.112340 -0.124793 0.110785
0.094875 -0.129346 0.127707
0.197901 0.143800 -0.027676
0.196003 0.147247 -0.015669
0.187098 0.135087 -0.012797
0.189745 0.132392 -0.024959
0.054308 0.075598 0.145562
0.063280 0.056393 0.142957
0.075651 0.068545 0.146533
0.068632 0.084072 0.145920
0.118509 0.039389 0.111621
0.106797 0.037966 0.119973
0.114993 0.028665 0.098960
0.038668 0.066956 0.140947
0.048762 0.043388 0.132772
0.049700 0.169461 0.088520
0.048990 0.155495 0.100361
0.049886 0.184215 0.077284
0.049024 0.199621 0.066510
0.032198 0.196114 0.071013
0.032795 0.180633 0.081390
0.046919 0.215674 0.057600
0.030708 0.211903 0.062712
0.039642 0.238174 0.040835
0.036369 0.247912 0.036265
0.151036 0.134948 0.058948
0.147799 0.123793 0.064849
0.127888 -0.120595 0.092055
0.108909 0.201436 -0.095852
0.124444 0.207114 -0.088226
0.123553 0.190759 -0.092736
0.108091 0.184336 -0.100512
0.101714 0.251130 0.013255
0.102921 0.264517 -0.010581
0.174026 0.148557 -0.064500
0.173746 0.139383 -0.060436
0.163677 0.130833 -0.063396
0.162980 0.141749 -0.067300
0.197815 0.144670 -0.046946
0.196489 0.150699 -0.053394
0.209534 0.158117 -0.056016
0.210621 0.152121 -0.049544
0.137842 -0.089521 -0.004306
0.135354 -0.073427 -0.007715
0.119331 0.032301 -0.065306
0.127797 0.048493 -0.064705
0.137051 0.040904 -0.047705
0.129823 0.025643 -0.046914
0.016346 0.170073 -0.099261
0.034905 0.173225 -0.102589
0.034673 0.158730 -0.104958
0.016004 0.155710 -0.101150
0.073091 0.201304 -0.101135
0.052840 0.192932 -0.102136
0.052266 0.206286 -0.098032
0.072998 0.215469 -0.096107
0.091168 0.193828 -0.102291
0.090483 0.176934 -0.106504
0.148090 0.051877 -0.028548
0.151423 0.068111 -0.028908
0.159421 0.091328 -0.031476
0.164304 0.100076 -0.032328
0.165357 0.099673 -0.018372
0.160820 0.090605 -0.016426
0.081572 0.270895 -0.016472
0.088530 0.272309 -0.036355
0.079948 0.275567 -0.038867
0.047744 0.250836 -0.078781
0.057701 0.255617 -0.074585
0.060290 0.250177 -0.077728
0.047684 0.244795 -0.082119
0.037222 0.092438 -0.110789
0.039045 0.070641 -0.106775
0.017270 0.071822 -0.107553
0.016452 0.092212 -0.111046
0.168957 0.110620 -0.043769
0.167254 0.115252 -0.052259
0.176649 0.124308 -0.051040
0.178739 0.119508 -0.043932
0.159701 0.107121 -0.053146
0.162211 0.102657 -0.043676
0.157135 0.093938 -0.043967
0.153963 0.098675 -0.055056
0.135473 0.063679 -0.062246
0.142635 0.078174 -0.059396
0.147707 0.072706 -0.045074
0.142733 0.056965 -0.046534
0.017931 0.004720 -0.088146
0.017420 0.025396 -0.097231
0.036924 0.024546 -0.095543
0.036699 0.003295 -0.088838
0.203290 0.164059 0.003254
0.218465 0.166655 -0.000336
0.215971 0.174782 0.013388
0.202459 0.171331 0.016686
0.216105 0.178466 -0.067532
0.215093 0.185101 -0.068888
0.225405 0.189516 -0.070128
0.226117 0.183365 -0.069310
0.240396 0.159514 -0.015334
0.260165 0.157992 -0.018134
0.256711 0.165569 -0.004350
0.236139 0.166560 -0.002387
0.111933 0.268040 -0.036663
0.104437 0.269698 -0.035765
0.110591 0.265180 -0.010147
0.226112 0.151917 -0.034499
0.225421 0.152991 -0.044668
0.241913 0.155209 -0.049470
0.242796 0.153146 -0.038754
0.320559 0.231607 0.007660
0.295966 0.232021 0.008994
0.283118 0.154705 -0.033373
0.262268 0.153915 -0.030905
0.262641 0.153618 -0.042975
0.284279 0.156262 -0.046017
0.122917 0.011212 -0.045413
0.111178 0.016549 -0.062772
0.114067 -0.085120 -0.041628
0.110354 -0.068084 -0.045065
0.124277 -0.070499 -0.028423
0.127777 -0.086990 -0.024698
0.142116 -0.105174 -0.003428
0.117295 -0.102219 -0.039938
0.131527 -0.103359 -0.023532
0.063994 0.282985 -0.034720
0.071909 0.279316 -0.037880
0.061785 0.275879 -0.054106
0.055484 0.281887 -0.049223
0.177613 -0.209489 -0.008845
0.181266 -0.212086 0.021636
0.182755 -0.235494 0.014529
0.177455 -0.235666 -0.014651
0.032626 0.264654 -0.071419
0.029461 0.273710 -0.065384
0.043366 0.277336 -0.058984
0.048342 0.269993 -0.064581
0.175656 -0.184806 -0.005770
0.178527 -0.188694 0.022975
0.066685 0.278132 -0.016456
0.074337 0.274270 -0.017184
0.064235 0.271652 0.000340
0.071425 0.266124 0.000438
0.057276 0.266706 0.014929
0.177781 -0.217962 0.047080
0.181921 -0.242309 0.043434
0.049620 0.287668 -0.043521
0.038921 0.284639 -0.053053
0.026607 0.282189 -0.058535
0.013760 0.280893 -0.061836
-0.000340 0.280845 -0.062630
-0.000525 0.291045 -0.056326
0.154768 -0.122523 0.021243
0.149866 -0.120112 -0.004302
0.125996 -0.337838 -0.083388
0.127957 -0.352447 -0.072756
0.095315 -0.351957 -0.081854
0.098164 -0.341943 -0.091224
0.026954 -0.326203 -0.097697
0.065087 -0.336929 -0.096951
0.059909 -0.346982 -0.085185
0.024086 -0.335205 -0.084369
0.034278 -0.216144 -0.110060
0.035036 -0.195133 -0.103565
0.064432 -0.195197 -0.102606
0.064615 -0.216061 -0.109950
0.139220 -0.118773 -0.025777
0.124543 -0.118234 -0.042834
0.152390 -0.126154 0.047904
0.181251 -0.375122 0.055724
0.177365 -0.411001 0.052340
0.181887 -0.405649 0.014391
0.188893 -0.370530 0.015447
0.150329 -0.400145 -0.044841
0.119133 -0.397713 -0.059633
0.124290 -0.373357 -0.065752
0.156294 -0.372032 -0.049853
0.076189 -0.133245 0.142317
0.077385 -0.153187 0.144533
0.096679 -0.148159 0.129767
0.017122 -0.143005 0.164025
0.016297 -0.163296 0.166383
0.036821 -0.160583 0.162882
0.038140 -0.139776 0.160190
0.025267 -0.268412 0.141105
0.029823 -0.246549 0.147574
0.013070 -0.248019 0.151216
0.011561 -0.268396 0.144159
0.167614 -0.223626 0.070567
0.164694 -0.203735 0.073375
0.147638 -0.210068 0.094079
0.150091 -0.229554 0.091742
0.054311 -0.356021 -0.067086
0.021780 -0.342351 -0.065859
0.161995 -0.377568 0.092642
0.159961 -0.414690 0.088582
0.132318 -0.418472 0.116782
0.135097 -0.383920 0.119132
0.102098 -0.386210 0.130473
0.098732 -0.417735 0.127273
0.010899 -0.330790 0.077292
0.010397 -0.342848 0.078711
0.027380 -0.329151 0.101845
0.022739 -0.314806 0.103653
0.030360 -0.299817 -0.111249
0.063352 -0.305375 -0.111335
0.064021 -0.321654 -0.105720
0.029368 -0.315781 -0.104826
0.106865 -0.118714 -0.056144
0.100681 -0.101743 -0.052237
0.082988 -0.101603 -0.060244
0.080391 -0.082647 -0.061896
0.098102 -0.083631 -0.054159
0.079710 0.032645 -0.089070
0.088595 0.050368 -0.092785
0.105265 0.039732 -0.080215
0.097217 0.023755 -0.077268
0.053253 0.178775 -0.105622
0.053812 0.163718 -0.108487
0.082125 -0.388254 -0.065789
0.085184 -0.419240 -0.058416
0.050070 -0.411256 -0.053450
0.040620 -0.371516 -0.056200
0.144523 -0.429022 -0.041209
0.173004 -0.401270 -0.020263
0.164937 -0.432433 -0.019063
0.171401 -0.443672 0.050500
0.174850 -0.438152 0.013537
0.127713 -0.450552 0.113193
0.094449 -0.448334 0.122106
0.015015 -0.411650 0.086646
0.014052 -0.434590 0.076605
0.033078 -0.439799 0.098952
0.035940 -0.414867 0.107556
0.064874 -0.268039 0.124396
0.074090 -0.290491 0.123430
0.102847 -0.272623 0.118936
0.100406 -0.251468 0.117719
0.039084 -0.118508 0.156435
0.022092 -0.122213 0.160106
0.075093 -0.113310 0.138171
0.056485 -0.115632 0.149494
0.056800 -0.136730 0.153434
0.044314 -0.032428 0.141426
0.041807 -0.052144 0.145891
0.061344 -0.052513 0.136335
0.064330 -0.033282 0.131816
0.067491 -0.013445 0.127752
0.047003 -0.012314 0.136905
0.047743 0.024104 0.123260
0.067378 0.019746 0.117675
0.069423 0.033230 0.125097
0.032595 0.165554 0.091590
0.032178 0.150940 0.102043
0.173043 -0.246188 0.069133
0.012870 -0.378157 -0.029433
0.021240 -0.410278 -0.034838
0.006359 -0.415413 -0.006801
0.003425 -0.389243 0.001034
0.174203 -0.196317 0.049477
0.139602 -0.115724 0.070696
0.144358 -0.131397 0.072658
0.138785 0.025945 0.052216
0.134075 0.007164 0.045283
0.083666 0.077962 0.145707
0.081492 0.089344 0.143813
0.180210 -0.368930 -0.022422
0.122512 -0.479904 0.107656
0.089724 -0.478167 0.115128
0.084485 -0.506717 0.107129
0.116608 -0.508337 0.101451
0.006639 -0.455146 0.039926
0.010053 -0.483355 0.029679
0.015985 -0.487469 0.054878
0.014346 -0.460310 0.065832
0.013993 -0.511543 0.021313
0.016323 -0.538834 0.012533
0.018927 -0.544043 0.035954
0.018277 -0.516094 0.046717
0.154825 -0.449511 0.086440
0.157000 -0.502542 0.047869
0.163708 -0.474214 0.049817
0.148284 -0.478905 0.083237
0.142375 -0.507324 0.079034
0.116953 -0.426316 -0.053600
0.003276 -0.407217 0.062026
0.004102 -0.428836 0.051212
0.020335 -0.477781 -0.018416
0.013076 -0.446825 -0.012997
0.030146 -0.445143 -0.037063
0.037067 -0.476468 -0.039745
0.139676 -0.484555 -0.036995
0.141873 -0.457398 -0.038060
0.160318 -0.461806 -0.015703
0.156199 -0.489402 -0.014417
0.167895 -0.467816 0.015470
0.161448 -0.495903 0.015124
0.145427 -0.556772 0.043882
0.150691 -0.529907 0.045722
0.135957 -0.534642 0.075093
0.129609 -0.561095 0.070800
0.151921 -0.549661 0.012936
0.156349 -0.522906 0.013822
0.149213 -0.542774 -0.014004
0.152925 -0.516335 -0.014422
0.135851 -0.537062 -0.034708
0.138336 -0.510820 -0.036340
0.117084 -0.533192 -0.049123
0.117228 -0.507457 -0.050668
0.091653 -0.505009 -0.056474
0.094448 -0.531059 -0.054872
0.070742 -0.530112 -0.053208
0.066355 -0.503868 -0.053384
0.031704 -0.532799 -0.029511
0.026602 -0.506248 -0.023897
0.043077 -0.504573 -0.042721
0.048635 -0.530955 -0.045136
0.050241 -0.636046 -0.047775
0.044094 -0.608572 -0.045819
0.063499 -0.606705 -0.051075
0.068849 -0.633683 -0.050675
0.086045 -0.631498 -0.054416
0.082331 -0.605709 -0.051754
0.100221 -0.605137 -0.052414
0.104575 -0.630699 -0.054861
0.130590 -0.610926 -0.031010
0.132948 -0.636020 -0.032717
0.120924 -0.631889 -0.048055
0.117592 -0.606635 -0.046148
0.144064 -0.616995 -0.012817
0.143956 -0.641295 -0.013756
0.144936 -0.623842 0.011076
0.141925 -0.647719 0.009595
0.130345 -0.629757 0.035479
0.127147 -0.652856 0.032608
0.020380 -0.621543 0.005195
0.019613 -0.616269 -0.014547
0.025291 -0.642719 -0.021394
0.024129 -0.647917 -0.001063
0.046074 -0.631126 0.045732
0.048911 -0.656020 0.034518
0.063718 -0.656790 0.054911
0.063911 -0.633075 0.065427
0.140561 -0.582108 0.042079
0.147949 -0.575034 0.012266
0.145671 -0.567997 -0.013476
0.132652 -0.562074 -0.032692
0.035617 -0.557860 -0.035451
0.053631 -0.555793 -0.047539
0.019145 -0.570663 0.025718
0.017255 -0.565101 0.003594
0.093172 -0.611132 0.077368
0.117841 -0.610372 0.063279
0.123463 -0.586206 0.066905
0.097691 -0.586610 0.081299
0.146415 -0.599562 0.011660
0.143829 -0.592475 -0.013049
0.130967 -0.586542 -0.031237
0.098284 -0.580722 -0.051505
0.116671 -0.582507 -0.045699
0.078799 -0.580305 -0.051439
0.039775 -0.582695 -0.041294
0.058469 -0.580693 -0.049861
0.020250 -0.596655 0.015248
0.018367 -0.590731 -0.005633
0.088205 -0.656960 0.062062
0.112168 -0.655720 0.052516
0.113590 -0.633287 0.057469
0.089859 -0.635175 0.071910
0.088000 -0.677676 0.051281
0.066490 -0.678085 0.044308
0.107741 -0.656844 -0.056968
0.090779 -0.657806 -0.057447
0.123588 -0.657973 -0.049884
0.138850 -0.672315 0.009117
0.144849 -0.665380 -0.016133
0.124920 -0.677534 0.031630
0.108947 -0.676751 0.046644
0.038871 -0.696143 -0.027916
0.037218 -0.699349 -0.010108
0.030468 -0.671826 -0.006478
0.033141 -0.668850 -0.024069
0.059536 -0.690372 -0.054807
0.057258 -0.663015 -0.045921
0.073945 -0.660486 -0.051229
0.075833 -0.686902 -0.063888
0.112936 -0.683802 -0.065095
0.094339 -0.684254 -0.067860
0.129850 -0.683747 -0.057168
0.145534 -0.691889 -0.017846
0.143574 -0.686255 -0.041179
0.137507 -0.660377 -0.036485
0.138563 -0.698530 0.010605
0.118267 -0.732738 0.028208
0.140717 -0.726508 0.010589
0.116677 -0.704209 0.030635
0.095889 -0.826106 0.015773
0.096361 -0.858905 0.010770
0.117806 -0.855945 0.010438
0.120200 -0.823390 0.015880
0.040003 -0.725162 -0.034814
0.040298 -0.727447 -0.014300
0.077673 -0.715409 -0.074917
0.059244 -0.719238 -0.065446
0.152506 -0.748973 -0.022833
0.150273 -0.744278 -0.048631
0.147630 -0.714433 -0.044225
0.149210 -0.719730 -0.018631
0.042185 -0.819814 -0.027190
0.039532 -0.788340 -0.023865
0.039740 -0.786391 -0.045412
0.042588 -0.818304 -0.047137
0.076434 -0.746266 -0.082581
0.076963 -0.778295 -0.086605
0.059222 -0.781382 -0.076703
0.058060 -0.749925 -0.072370
0.149890 -0.814330 -0.027748
0.149068 -0.811378 -0.051582
0.151363 -0.776598 -0.051153
0.152689 -0.780462 -0.025790
0.120547 -0.761083 0.025210
0.122269 -0.791551 0.020555
0.143573 -0.785684 0.001976
0.143650 -0.755278 0.006301
0.093981 -0.763731 0.025454
0.096045 -0.793849 0.020884
0.055566 -0.886708 -0.046656
0.055276 -0.890199 -0.030157
0.048420 -0.854466 -0.028839
0.048731 -0.851794 -0.047164
0.079325 -0.811627 -0.086397
0.082215 -0.846631 -0.082264
0.066168 -0.848370 -0.074005
0.061681 -0.814166 -0.077184
0.139749 -0.886579 -0.031136
0.137882 -0.884466 -0.051375
0.144183 -0.847844 -0.051385
0.145288 -0.849818 -0.029867
0.115860 -0.891267 0.004654
0.133712 -0.888906 -0.009222
0.137615 -0.852550 -0.004713
0.096029 -0.893567 0.005675
0.095481 -0.928109 0.002303
0.112368 -0.926254 0.001881
0.060772 -0.920863 -0.045678
0.062117 -0.923322 -0.030770
0.072025 -0.917507 -0.066788
0.070401 -0.883436 -0.070023
0.084290 -0.881201 -0.077526
0.084752 -0.915087 -0.074160
0.117633 -0.883051 -0.075442
0.115082 -0.916563 -0.071363
0.100236 -0.914803 -0.075794
0.101328 -0.881357 -0.079510
0.130686 -0.917912 -0.049994
0.124437 -0.917120 -0.063027
0.130289 -0.883402 -0.066130
0.134217 -0.919756 -0.031487
0.128855 -0.923339 -0.010684
0.002724 -0.353119 -0.006791
0.009449 -0.358689 -0.017981
0.001833 -0.373060 0.012218
-0.000643 -0.365091 0.023910
0.031526 -0.495204 0.079800
0.032438 -0.466424 0.089816
0.030179 -0.550211 0.059021
0.031637 -0.523574 0.070672
0.030101 -0.576612 0.047584
0.030632 -0.628325 0.025765
0.030633 -0.602554 0.036319
0.033125 -0.653038 0.016145
0.039198 -0.677480 0.011193
0.044692 -0.703882 0.009061
0.050521 -0.758764 0.001888
0.049117 -0.730345 0.005639
0.039944 -0.757379 -0.019385
0.053211 -0.822240 -0.005637
0.051169 -0.789573 -0.001887
0.063487 -0.893211 -0.013637
0.057803 -0.857548 -0.009665
0.069931 -0.926007 -0.015999
0.072558 -0.361498 0.129087
0.076102 -0.336388 0.128434
0.048057 -0.349200 0.120627
0.043811 -0.369020 0.118662
0.002303 -0.341116 0.046099
0.000633 -0.347105 0.045163
0.004037 -0.346999 0.060559
0.005242 -0.338864 0.059917
0.136187 -0.606451 0.039620
0.116272 -0.558009 -0.046760
0.074749 -0.555246 -0.052036
0.096342 -0.555993 -0.052532
0.044591 -0.607297 0.057722
0.065860 -0.609563 0.073798
0.069456 -0.584971 0.081089
0.046602 -0.581900 0.067660
0.091129 -0.737769 0.028664
0.067191 -0.734749 0.021035
0.070017 -0.762244 0.016697
0.090130 -0.713931 0.033008
0.135916 -0.711421 -0.063560
0.118558 -0.711213 -0.074043
0.098749 -0.742682 -0.085694
0.098287 -0.712562 -0.077541
0.120880 -0.740894 -0.081871
0.052481 -0.530807 0.089182
0.049047 -0.556237 0.078898
0.074396 -0.559939 0.089762
0.079324 -0.534059 0.098624
0.106210 -0.050483 -0.048457
0.119831 -0.053533 -0.032679
0.138094 0.050949 0.093394
0.129029 0.043536 0.102677
0.127363 0.031906 0.087895
0.138221 0.039108 0.075908
0.145914 0.049717 0.067477
0.144529 0.061060 0.085259
0.150557 0.062158 0.060004
0.148787 0.073366 0.077099
0.163274 0.125370 0.028639
0.171081 0.136627 0.023145
0.025978 0.023959 0.127919
0.026149 0.006950 0.135505
0.048382 0.006534 0.131115
0.057046 -0.157264 0.155998
0.072841 -0.240200 0.132918
0.049488 -0.244086 0.141204
0.042133 -0.268693 0.134909
0.008634 -0.318682 0.101039
0.001583 -0.326926 0.083731
0.000979 -0.336181 0.061136
0.000845 -0.338916 0.045370
0.055521 -0.000251 -0.085555
0.056368 0.020711 -0.091345
0.016367 0.183225 -0.096649
0.034447 0.186662 -0.099739
0.033010 0.211264 -0.093531
0.016228 0.207437 -0.092022
0.015742 0.218266 -0.089519
0.031683 0.222067 -0.090276
0.015145 0.271156 -0.068812
0.016253 0.261327 -0.074466
-0.000993 -0.344661 0.028252
-0.001441 -0.347411 0.019435
-0.000666 -0.352817 0.041710
0.017077 -0.391612 0.095126
0.020313 -0.374498 0.101063
0.005688 -0.376054 0.078130
0.003996 -0.389963 0.071457
0.192729 -0.333702 0.020476
0.183761 -0.338596 0.059691
0.089656 -0.367545 -0.070836
0.330428 0.163877 -0.048257
0.306762 0.159747 -0.047624
0.308389 0.167398 -0.058867
0.331853 0.171942 -0.058724
0.060362 0.093208 -0.109942
0.066960 0.067492 -0.103135
0.077684 0.260329 0.002564
0.129732 0.265965 -0.004811
0.119457 0.265216 -0.008257
0.120458 0.254351 0.015052
0.129360 0.255561 0.018362
0.135354 0.225767 -0.075116
0.124260 0.223053 -0.081765
0.123365 0.239072 -0.071315
0.133695 0.240614 -0.065228
0.063400 -0.239126 -0.115303
0.032942 -0.238663 -0.114674
0.038828 -0.058596 -0.071429
0.037101 -0.038832 -0.077026
0.056040 -0.041943 -0.075399
0.058478 -0.061451 -0.070341
0.089472 0.080632 -0.101411
0.102521 0.065692 -0.091655
0.034689 0.089494 0.139451
0.050489 0.094937 0.140981
0.049096 0.111369 0.132490
0.032602 0.107502 0.132227
0.276352 0.189156 -0.070819
0.283786 0.174552 -0.066468
0.261152 0.168494 -0.063627
0.255542 0.177086 -0.068377
0.158974 -0.345720 -0.056814
0.184367 -0.328176 -0.025381
0.130910 -0.023630 -0.022928
0.129411 -0.040463 -0.017761
0.117894 -0.037006 -0.037794
0.119919 -0.020596 -0.043677
0.137426 0.022304 -0.026114
0.132232 0.008364 -0.025538
0.143891 0.036261 -0.027737
0.198240 0.141922 -0.038957
0.189358 0.131101 -0.036228
0.188041 0.133433 -0.044513
0.039712 -0.390818 0.114057
0.049304 -0.310763 0.117963
0.042463 -0.296331 0.119531
0.000288 -0.339272 0.031879
0.000656 -0.338486 0.032625
0.052752 0.275976 0.016317
0.057694 0.279129 0.001676
0.242835 0.154520 -0.027402
0.225174 0.154204 -0.023568
0.171399 0.108435 -0.020282
0.180380 0.118694 -0.022511
0.178320 0.122303 -0.008491
0.170066 0.111512 -0.004821
0.171001 0.108060 -0.033237
0.180361 0.117679 -0.034361
0.130273 0.175261 0.063977
0.131044 0.192494 0.055483
0.120775 0.195047 0.057320
0.120249 0.177815 0.067410
0.109493 0.177274 0.071132
0.110236 0.195357 0.059471
0.097683 0.193925 0.062682
0.096596 0.176499 0.075536
0.074351 0.243246 0.025743
0.059749 0.235189 0.040086
0.043513 0.229074 0.049416
0.028647 0.225195 0.055693
0.016582 0.250443 -0.079369
0.036511 0.253881 -0.077941
0.032219 0.242251 -0.083388
0.015680 0.239217 -0.083354
0.000978 0.237750 -0.082804
0.000613 0.248312 -0.079262
0.046626 0.263030 0.026658
0.034463 0.258886 0.036903
0.024309 0.244855 0.044542
0.321626 0.241939 -0.004924
0.297611 0.242666 -0.004475
0.056456 0.288004 -0.029987
0.059031 0.284074 -0.013866
0.322562 0.246266 -0.021171
0.298407 0.247079 -0.021196
0.112337 0.233732 0.032790
0.121805 0.235549 0.032239
0.111152 0.252658 0.013860
0.043960 0.273035 0.028953
0.032912 0.269399 0.039219
0.191252 -0.297327 0.028698
0.181436 -0.301787 0.063152
0.139125 -0.063016 0.034900
0.134675 -0.066151 0.058367
0.001560 -0.032649 0.146994
0.000177 -0.052243 0.151407
0.021035 -0.052331 0.150610
0.023207 -0.032188 0.146209
0.003326 0.022850 0.128759
0.002987 0.005388 0.135864
0.010895 0.273904 0.049723
0.038519 -0.095486 0.152521
0.039754 -0.072899 0.149681
0.019264 -0.074156 0.153608
0.017624 -0.099624 0.155980
0.008445 -0.124196 0.161992
0.006872 -0.135732 0.163651
0.020972 -0.285452 0.133673
0.010445 -0.284832 0.135955
0.235943 0.220008 0.025439
0.235257 0.237696 0.017854
0.219236 0.238382 0.022281
0.220543 0.219766 0.029091
0.075851 -0.092292 0.132638
0.057293 -0.093291 0.144951
0.154679 0.122764 0.048558
0.157550 0.113996 0.033537
0.025628 0.041723 0.130604
0.065713 0.100032 0.140455
0.064680 0.114568 0.131352
0.080314 0.103420 0.137592
0.079639 0.117031 0.128258
0.000256 -0.333846 0.017526
-0.000463 -0.342401 0.025711
0.218985 0.225239 -0.064635
0.221356 0.216608 -0.067669
0.210083 0.212305 -0.067831
0.207766 0.222289 -0.065261
0.000324 -0.400192 0.033036
0.000006 -0.384546 0.043154
0.017370 -0.344283 -0.044239
0.004027 -0.340690 -0.030427
0.000220 -0.337251 -0.031843
0.000800 -0.329474 -0.045450
0.061166 -0.445490 0.115631
0.065483 -0.416341 0.122663
0.058157 -0.474459 0.107451
0.055017 -0.503386 0.098669
0.053555 -0.679809 0.026787
0.063832 -0.706327 0.026564
0.072221 -0.792469 0.011923
0.073958 -0.824752 0.006982
0.075940 -0.859247 0.002146
0.081266 -0.928010 -0.005164
0.078345 -0.894800 -0.002126
0.324286 0.243723 -0.037026
0.327030 0.236513 -0.050323
0.301700 0.235807 -0.052641
0.298329 0.244119 -0.038639
0.281338 0.158020 -0.019826
0.302965 0.159044 -0.021184
0.301283 0.165434 -0.007421
0.278879 0.165190 -0.005937
0.325605 0.160185 -0.022638
0.304647 0.156762 -0.034884
0.327938 0.159807 -0.036108
0.331841 0.183842 -0.066329
0.308417 0.179237 -0.066812
0.305703 0.194289 -0.070400
0.330755 0.198279 -0.069152
0.328937 0.225496 -0.060324
0.330323 0.212382 -0.066921
0.305556 0.210187 -0.068441
0.304720 0.224361 -0.062152
0.322184 0.186531 0.012100
0.298202 0.187071 0.013636
0.299535 0.175108 0.004710
0.323066 0.174249 0.003622
0.235035 0.251209 0.003645
0.218633 0.253496 0.007935
0.177482 0.157329 0.029875
0.188634 0.166031 0.021598
0.190825 0.177879 0.033817
0.177793 0.171749 0.039825
0.272785 0.233159 0.011694
0.274654 0.245049 -0.002859
0.253174 0.248195 0.000113
0.252615 0.235484 0.014863
0.274734 0.186956 0.015957
0.252393 0.186296 0.019207
0.253810 0.175051 0.008890
0.276380 0.175338 0.006551
0.262347 0.158437 -0.054104
0.284930 0.162889 -0.057525
0.220665 0.200525 0.030250
0.235835 0.201421 0.027035
0.152323 0.111777 0.053814
0.164446 0.102300 -0.001423
0.160283 0.092426 0.001616
0.130353 0.057891 0.112863
0.131040 0.072922 0.116287
0.155094 0.069682 0.031557
0.152474 0.054235 0.038072
0.135485 0.073606 0.109642
0.136933 0.063673 0.104879
0.085379 0.002538 0.111963
0.026041 0.235059 0.048528
0.252425 0.201169 0.023681
0.252764 0.218660 0.022293
0.238742 0.169831 -0.064887
0.241112 0.161848 -0.058733
0.223904 0.156983 -0.053565
0.223057 0.164094 -0.060537
0.122212 0.105642 -0.090989
0.129167 0.094600 -0.082490
0.116587 0.080505 -0.087650
0.107208 0.092754 -0.097449
0.219841 0.240696 -0.055145
0.207273 0.240933 -0.054913
0.209370 0.249516 -0.044984
0.223725 0.248118 -0.046209
0.212666 0.256594 -0.030914
0.216827 0.259839 -0.012160
0.233383 0.257112 -0.015170
0.228779 0.254440 -0.033106
0.186209 -0.262826 0.006554
0.179367 -0.261507 -0.022859
0.115019 -0.143000 0.113066
0.131661 -0.137662 0.094199
0.100545 -0.229877 0.122593
0.008560 -0.354275 0.080495
0.026209 -0.345046 0.104071
0.002029 -0.422594 0.022940
0.185229 -0.264982 0.035142
0.012129 -0.480031 0.005624
0.006501 -0.450754 0.013823
0.062295 -0.476778 -0.052778
0.057282 -0.446256 -0.052734
0.087786 -0.450204 -0.057292
0.089496 -0.478619 -0.056815
0.116829 -0.454001 -0.051848
0.116487 -0.481303 -0.051236
0.103734 -0.561931 0.086894
0.099255 -0.775791 -0.089689
0.120762 -0.809751 -0.084093
0.100058 -0.810429 -0.088897
0.121368 -0.773856 -0.085249
0.138947 -0.741394 -0.069136
0.139507 -0.773991 -0.071827
0.141148 -0.818056 -0.000912
0.101130 -0.845768 -0.084695
0.119716 -0.846564 -0.079984
0.138240 -0.809521 -0.071161
0.134836 -0.846434 -0.068649
0.000388 -0.373343 0.052085
0.000959 -0.327878 -0.061332
0.161436 -0.310991 0.097037
0.162809 -0.342173 0.094018
0.076958 -0.312404 0.125547
0.104895 -0.297917 0.123837
0.110547 -0.072388 0.096477
0.093948 -0.073382 0.111512
0.112047 -0.034477 0.086760
0.111441 -0.053935 0.091224
0.124726 -0.051243 0.073711
0.124891 -0.032566 0.069148
0.138582 -0.028170 0.024812
0.138051 -0.045935 0.029603
0.136814 -0.043400 0.005248
0.137389 -0.025892 0.000217
0.131502 -0.057124 -0.012455
0.138353 -0.060290 0.010669
0.073409 -0.025427 -0.074598
0.073668 -0.005278 -0.079748
0.090393 -0.010588 -0.071636
0.089857 -0.029401 -0.065667
0.031888 -0.288229 0.127241
0.002057 -0.355612 0.060169
0.069263 -0.388170 0.127197
0.104945 -0.354702 0.131069
0.136183 -0.349549 0.119564
0.222441 0.159443 -0.012268
0.154388 0.122724 -0.066819
0.152691 0.133882 -0.071621
0.251707 0.253416 -0.018288
0.246848 0.250740 -0.035972
0.233838 0.185767 0.022724
0.205595 0.238783 0.026316
0.192409 0.218761 0.037603
0.206508 0.218775 0.033249
0.127343 -0.238769 0.106434
0.130315 -0.261074 0.108496
0.154312 -0.251890 0.091738
0.000641 -0.341362 -0.014117
0.000368 -0.335752 -0.021603
0.050800 -0.329353 0.119801
0.020313 -0.535302 -0.009627
0.016833 -0.508539 -0.001802
0.022965 -0.560836 -0.017501
0.025740 -0.586058 -0.025412
0.028920 -0.611874 -0.032941
0.034870 -0.637935 -0.038510
0.043159 -0.665074 -0.038263
0.047336 -0.693285 -0.042851
0.039609 -0.755409 -0.041088
0.046501 -0.722129 -0.052028
0.046036 -0.752568 -0.058523
0.047134 -0.784103 -0.062446
0.055397 -0.850159 -0.061795
0.049775 -0.816406 -0.063539
0.061103 -0.884536 -0.059640
0.064701 -0.918951 -0.057677
-0.000630 -0.338350 0.011822
-0.000421 -0.340480 -0.000027
0.101569 0.231867 0.033292
0.166927 0.117961 0.012000
0.174577 0.128125 0.007222
0.218052 0.184718 0.025814
0.001291 -0.322684 -0.077253
0.000856 -0.314475 -0.091150
0.281940 0.221325 -0.064672
0.277605 0.234092 -0.056257
0.232982 0.175033 0.011175
0.178963 0.148221 0.015989
0.188238 0.158387 0.008779
0.515265 0.241929 -0.018668
0.534208 0.238298 -0.018638
0.534113 0.243017 -0.029280
0.514635 0.246013 -0.030379
0.514785 0.233074 -0.009730
0.533404 0.229355 -0.010830
0.510865 0.176546 -0.027809
0.530432 0.178031 -0.032035
0.529759 0.185376 -0.021016
0.510289 0.184807 -0.016948
0.550314 0.215090 -0.009017
0.532065 0.218145 -0.006979
0.530439 0.205967 -0.007896
0.549063 0.204125 -0.010873
0.511439 0.177007 -0.055618
0.492410 0.173338 -0.051856
0.491811 0.181791 -0.062626
0.510877 0.185898 -0.065132
0.431541 0.178836 -0.005961
0.415792 0.181033 -0.000587
0.418219 0.170303 -0.009759
0.433930 0.168889 -0.016056
0.475987 0.249456 -0.018786
0.495774 0.245574 -0.018518
0.494538 0.248388 -0.031325
0.473995 0.250292 -0.032494
0.472177 0.213090 -0.000189
0.450885 0.216359 0.000484
0.449416 0.201211 -0.000872
0.470341 0.198167 -0.002886
0.453300 0.250947 -0.034303
0.455401 0.252556 -0.020366
0.511694 0.208042 -0.004816
0.492344 0.210323 -0.002086
0.490608 0.196614 -0.005598
0.510365 0.195586 -0.009251
0.549270 0.184356 -0.058873
0.530478 0.180730 -0.057913
0.529883 0.189787 -0.066125
0.548831 0.193442 -0.065952
0.548585 0.194580 -0.016654
0.529576 0.194995 -0.013059
0.548837 0.186261 -0.024892
0.551951 0.236397 -0.051319
0.531869 0.237190 -0.054211
0.533009 0.242035 -0.041599
0.552624 0.240063 -0.039486
0.470962 0.175655 -0.018172
0.491048 0.175689 -0.023155
0.490368 0.184557 -0.012764
0.470101 0.185310 -0.008922
0.475860 0.241028 -0.007501
0.495563 0.236756 -0.008587
0.511572 0.237374 -0.056809
0.491092 0.236570 -0.058725
0.492553 0.244941 -0.045373
0.512969 0.243779 -0.043609
0.470399 0.220332 -0.067606
0.490274 0.223575 -0.067268
0.490097 0.208499 -0.070004
0.470395 0.204329 -0.068752
0.452538 0.168600 -0.024161
0.450668 0.176616 -0.012135
0.473056 0.170148 -0.046585
0.453911 0.166902 -0.039819
0.453520 0.173395 -0.053409
0.472551 0.177752 -0.058741
0.416121 0.236405 -0.002556
0.432264 0.235067 -0.001525
0.433941 0.247420 -0.009837
0.416821 0.247805 -0.012367
0.434136 0.253218 -0.022973
0.416369 0.252010 -0.026427
0.390763 0.242867 -0.044253
0.401879 0.244519 -0.042927
0.400389 0.233198 -0.050954
0.389836 0.232201 -0.052340
0.432938 0.209396 -0.067612
0.451116 0.215653 -0.067858
0.451306 0.198746 -0.066826
0.432794 0.192521 -0.064481
0.418558 0.174073 -0.053354
0.433869 0.178704 -0.058160
0.435750 0.168719 -0.047549
0.421114 0.165437 -0.041295
0.367916 0.165649 -0.039181
0.382574 0.167018 -0.040254
0.381916 0.163022 -0.027069
0.366961 0.162876 -0.026216
0.378390 0.172898 -0.000208
0.377907 0.184609 0.008083
0.363151 0.185233 0.009231
0.363711 0.173276 0.000709
0.367231 0.241238 -0.005806
0.380396 0.240507 -0.004767
0.380023 0.248010 -0.019468
0.366949 0.247319 -0.021603
0.418166 0.203607 -0.066994
0.415535 0.186377 -0.061615
0.391552 0.172016 -0.002137
0.404350 0.171175 -0.005193
0.402643 0.182137 0.003604
0.390503 0.183465 0.006225
0.389186 0.211676 0.007962
0.401212 0.209383 0.005663
0.401788 0.223755 0.002955
0.390946 0.225748 0.004320
0.391242 0.239121 -0.003807
0.402738 0.237850 -0.003053
0.402937 0.247961 -0.014717
0.391194 0.248048 -0.016839
0.408582 0.201645 -0.065636
0.400456 0.198564 -0.064863
0.398842 0.210554 -0.062797
0.407114 0.214258 -0.063006
0.408229 0.163779 -0.034778
0.406733 0.171103 -0.047144
0.414351 0.207196 0.003090
0.401682 0.195464 0.007353
0.414821 0.193616 0.003698
0.402552 0.250639 -0.029194
0.369090 0.171093 -0.049811
0.353094 0.168089 -0.049074
0.353786 0.175841 -0.058601
0.369460 0.178643 -0.058740
0.351604 0.163449 -0.037691
0.349693 0.162264 -0.024791
0.345183 0.185981 0.010562
0.345919 0.173716 0.002117
0.344943 0.200475 0.014584
0.363244 0.199879 0.012789
0.363213 0.214860 0.011420
0.344411 0.215423 0.013752
0.345471 0.241402 -0.005349
0.346562 0.246244 -0.021332
0.367205 0.245432 -0.035804
0.348448 0.244007 -0.036604
0.380184 0.165175 -0.012653
0.393483 0.164584 -0.014792
0.510449 0.225759 -0.066067
0.530762 0.227286 -0.063796
0.529773 0.214422 -0.068684
0.509879 0.211908 -0.070014
0.529444 0.201560 -0.069570
0.548760 0.204660 -0.068241
0.494259 0.224427 -0.002794
0.513536 0.221320 -0.004827
0.551642 0.225986 -0.011508
0.415041 0.221544 0.001459
0.430417 0.219560 0.000756
0.389275 0.220139 -0.057785
0.379480 0.218516 -0.059873
0.379294 0.230582 -0.053944
0.417191 0.220002 -0.062423
0.413245 0.233345 -0.051191
0.432164 0.239884 -0.049211
0.432339 0.226919 -0.061495
0.391629 0.195405 -0.064256
0.381654 0.192555 -0.064553
0.380567 0.205822 -0.064357
0.390311 0.208130 -0.063152
0.365308 0.229281 0.005913
0.379485 0.227687 0.005106
0.351560 0.226776 -0.058260
0.351019 0.236948 -0.049120
0.367647 0.238917 -0.047089
0.367424 0.228808 -0.055651
0.379785 0.240973 -0.045641
0.352061 0.214421 -0.064682
0.367789 0.216692 -0.061960
0.344583 0.230030 0.007278
0.369111 0.190070 -0.064696
0.353405 0.187417 -0.065317
0.352824 0.201047 -0.067205
0.368523 0.203603 -0.065562
0.510023 0.198116 -0.069730
0.490659 0.194266 -0.068515
0.420838 0.163612 -0.024660
0.435921 0.164309 -0.031922
0.406901 0.164051 -0.018788
0.511563 0.173389 -0.042143
0.530786 0.176220 -0.045682
0.472275 0.169451 -0.031389
0.491968 0.171175 -0.037210
0.470793 0.234916 -0.059750
0.394214 0.175910 -0.052125
0.404193 0.179355 -0.055829
0.395184 0.168772 -0.042686
0.347204 0.165695 -0.010252
0.365309 0.165628 -0.011885
0.407640 0.191325 -0.063677
0.324073 0.165339 -0.008735
0.415052 0.246737 -0.040919
0.379978 0.247661 -0.033739
0.391228 0.249152 -0.031503
0.553012 0.240194 -0.027837
0.474238 0.227857 -0.001117
0.429452 0.204350 0.000825
0.430062 0.190805 -0.000564
0.382889 0.173199 -0.050490
0.382618 0.180801 -0.059058
0.392807 0.183800 -0.059942
0.377596 0.198962 0.011378
0.376951 0.213737 0.009795
0.549518 0.179507 -0.048069
0.389820 0.197421 0.009700
0.432740 0.249444 -0.037259
0.016243 0.195717 -0.094287
0.000185 0.182422 -0.094516
0.000457 0.194378 -0.092243
0.147715 0.040562 0.044533
0.111691 0.017905 0.086752
0.124976 0.020319 0.072145
0.161216 0.107938 0.016282
0.157547 0.096632 0.020803
0.192120 0.151363 -0.004114
0.183138 0.140422 0.001183
0.153162 0.075915 0.052242
0.073296 0.422148 -0.010125
0.071429 0.415631 -0.012496
0.075909 0.434735 -0.010637
0.007298 -0.111846 0.158361
-0.005707 -0.136927 0.162427
-0.005845 -0.148499 0.164054
0.073362 0.407204 0.002711
0.071399 0.401077 -0.000866
0.075312 0.403978 0.001535
0.073317 0.409075 0.004799
0.073000 0.408150 0.004453
0.076572 0.437143 -0.000353
0.069250 0.407969 -0.013013
0.067080 0.399083 -0.011489
0.074325 0.423847 0.004887
0.047935 -0.120898 -0.073116
0.053092 -0.138405 -0.079480
0.027474 -0.138207 -0.081373
0.024241 -0.121164 -0.073959
0.000121 -0.152809 -0.088823
-0.000664 -0.136197 -0.081756
0.031252 -0.157334 -0.089027
0.150238 -0.189104 -0.058304
0.146189 -0.167327 -0.055027
0.161568 -0.165024 -0.031794
0.165957 -0.185850 -0.034079
0.165000 -0.148903 -0.005171
0.171142 -0.165098 -0.005037
0.154560 -0.147635 -0.029801
0.168636 -0.152254 0.022700
0.173975 -0.169045 0.023135
0.165111 -0.157958 0.049734
0.170127 -0.176306 0.049990
0.160157 -0.184303 0.073869
0.144344 -0.192018 0.095162
0.125804 -0.218781 0.109656
0.124027 -0.200392 0.113215
0.101311 -0.208253 0.127416
0.076984 -0.215452 0.139635
0.053911 -0.220819 0.148737
0.033235 -0.224187 0.154843
0.014523 -0.225791 0.158109
-0.002076 -0.226585 0.157937
-0.000979 -0.249021 0.151405
0.098936 0.212532 0.049236
0.080669 0.267564 -0.056351
0.096256 0.270360 -0.035134
0.089023 0.264677 -0.056044
0.109833 0.217922 -0.089664
0.092037 0.209851 -0.096748
0.092514 0.225178 -0.089664
0.109935 0.235358 -0.079937
0.071585 0.258223 -0.069537
0.066612 0.260846 -0.068746
0.077577 0.254357 -0.071625
0.063729 0.244528 -0.081180
0.047569 0.237207 -0.085496
0.130508 0.264668 -0.029598
0.141924 0.264306 -0.024694
0.141038 0.254427 -0.045352
0.131876 0.254722 -0.050580
0.136519 0.210759 -0.081557
0.145765 0.213646 -0.076006
0.147065 0.199421 -0.079683
0.136873 0.195619 -0.085549
0.177858 0.263240 -0.010578
0.190209 0.262786 -0.009710
0.186403 0.258755 -0.029666
0.174593 0.257588 -0.031114
0.144063 0.227960 -0.069175
0.081743 0.100209 -0.108070
0.100217 0.108152 -0.103672
0.116182 0.117412 -0.097787
0.151194 0.145500 -0.075101
0.143360 0.124964 -0.077164
0.141193 0.137608 -0.081001
0.162100 0.153054 -0.071317
0.170994 0.158082 -0.067927
0.177627 0.219496 0.041086
0.177655 0.194006 0.045269
0.191954 0.196283 0.039146
0.192470 0.166739 -0.062388
0.193589 0.161607 -0.060372
0.183256 0.153749 -0.059669
0.181820 0.159637 -0.061911
0.120053 0.265528 -0.033867
0.184492 0.248543 -0.044795
0.182524 0.238705 -0.055312
0.171481 0.235430 -0.056196
0.172712 0.246346 -0.045952
0.183167 0.226702 -0.062133
0.184671 0.214610 -0.066422
0.174121 0.210850 -0.067781
0.172651 0.222842 -0.063540
0.191740 0.173344 -0.064358
0.179847 0.166550 -0.064520
0.205020 0.255291 0.010580
0.153565 0.264681 0.005714
0.141354 0.265840 0.000351
0.139794 0.254574 0.023642
0.151044 0.250956 0.027689
0.205451 0.157384 -0.009226
0.208814 0.152683 -0.020683
0.210688 0.148829 -0.031965
0.185803 0.138970 -0.052135
0.211353 0.148562 -0.041682
0.203381 0.181707 0.028985
0.206213 0.198492 0.033852
0.138848 0.232463 0.037974
0.149987 0.228052 0.040553
0.202721 0.261519 -0.010446
0.198695 0.257980 -0.030075
0.218275 0.173851 -0.066195
0.206835 0.167422 -0.062557
0.205021 0.172168 -0.064698
0.174750 0.131463 -0.056609
0.183619 0.147040 -0.056928
0.153709 0.264116 -0.019370
0.194601 0.239422 -0.055481
0.195989 0.249441 -0.045003
0.163327 0.219387 -0.066416
0.154497 0.216274 -0.070932
0.152322 0.229660 -0.064222
0.161372 0.231925 -0.059388
0.197936 0.206761 -0.068201
0.195716 0.218453 -0.065965
0.156270 0.202801 -0.074487
0.164939 0.206505 -0.070403
0.203941 0.178564 -0.066495
0.130180 0.235655 0.034571
0.121914 0.214901 0.046458
0.131171 0.214110 0.046354
0.139859 0.209368 0.047344
0.150759 0.203042 0.048824
0.163962 0.196249 0.048767
0.111694 0.213803 0.047511
0.401315 0.187566 -0.061675
0.221268 0.170097 -0.064556
0.229443 0.180038 -0.068776
0.234161 0.175825 -0.067677
0.281474 0.206739 -0.069804
0.002501 0.349662 0.114396
0.002952 0.344402 0.111524
0.000992 0.372497 0.115276
0.001165 0.369056 0.116027
0.398612 0.221782 -0.056535
0.406032 0.223388 -0.056546
0.451027 0.231945 -0.060684
0.451788 0.243555 -0.048082
0.472020 0.244926 -0.046860
0.454994 0.245322 -0.007999
0.453098 0.231969 -0.000690
0.449542 0.187596 -0.004888
0.452167 0.184546 -0.062322
0.589039 0.229305 -0.015169
0.607429 0.226049 -0.013769
0.608720 0.233334 -0.021334
0.590024 0.235557 -0.023976
0.625271 0.223026 -0.011818
0.606148 0.216647 -0.010734
0.623615 0.213435 -0.010779
0.604776 0.207344 -0.012548
0.621923 0.205077 -0.013746
0.620705 0.198040 -0.019577
0.603803 0.199282 -0.017636
0.603910 0.193717 -0.024891
0.620758 0.193491 -0.027160
0.586083 0.188699 -0.031034
0.586569 0.185185 -0.040836
0.604784 0.188218 -0.042532
0.604425 0.189952 -0.033505
0.622212 0.198293 -0.058137
0.604986 0.194847 -0.059114
0.605227 0.203361 -0.062838
0.622665 0.205858 -0.061487
0.588532 0.220779 -0.060916
0.607344 0.223266 -0.059021
0.606197 0.213351 -0.062505
0.587102 0.210256 -0.064385
0.624586 0.225430 -0.058207
0.608466 0.230968 -0.052349
0.625417 0.232436 -0.050558
0.569763 0.222953 -0.011369
0.570870 0.232194 -0.016912
0.552661 0.235037 -0.018014
0.585919 0.200729 -0.015442
0.586684 0.209690 -0.011248
0.568496 0.212423 -0.010260
0.567626 0.202468 -0.013343
0.549316 0.180309 -0.035628
0.568033 0.182759 -0.038538
0.567438 0.187556 -0.028245
0.585754 0.193833 -0.022224
0.567233 0.194270 -0.019643
0.586706 0.185738 -0.051119
0.604859 0.189518 -0.051720
0.590603 0.237134 -0.034513
0.609253 0.236048 -0.031785
0.609258 0.234594 -0.042395
0.590568 0.235132 -0.045096
0.568143 0.182657 -0.049715
0.571780 0.238532 -0.037035
0.571530 0.235722 -0.048195
0.589731 0.229906 -0.054753
0.570575 0.228927 -0.057695
0.626645 0.235228 -0.029172
0.626485 0.231399 -0.018651
0.571562 0.237934 -0.026090
0.586645 0.191147 -0.059708
0.567989 0.187874 -0.059362
0.567854 0.196879 -0.065373
0.586572 0.200089 -0.064357
0.549525 0.216620 -0.066128
0.569147 0.218515 -0.063630
0.568030 0.207470 -0.066326
0.623539 0.215626 -0.061593
0.550861 0.228072 -0.060809
0.700237 0.190457 -0.024318
0.704742 0.188858 -0.015575
0.696051 0.185632 -0.014047
0.691191 0.187899 -0.023392
0.676366 0.178782 -0.007980
0.684495 0.179216 0.001123
0.678331 0.182866 0.006667
0.668769 0.182569 -0.001325
0.708220 0.190199 -0.007434
0.700066 0.185787 -0.006048
0.707245 0.194819 -0.001736
0.715779 0.194560 -0.007959
0.715323 0.201215 -0.004683
0.722777 0.204513 -0.006572
0.721317 0.212472 -0.010079
0.710237 0.211293 -0.006545
0.704298 0.221656 -0.028458
0.717690 0.219361 -0.028699
0.715169 0.219940 -0.038592
0.701609 0.222004 -0.037948
0.706391 0.215152 -0.055045
0.694037 0.217914 -0.053052
0.698139 0.220020 -0.045410
0.711720 0.217248 -0.046642
0.694367 0.193723 -0.037560
0.696259 0.192890 -0.032297
0.687198 0.191271 -0.032235
0.684938 0.192454 -0.037961
0.704533 0.197817 0.007656
0.705797 0.194435 0.006122
0.706313 0.201608 -0.000368
0.701135 0.205331 0.001254
0.660998 0.186268 -0.047903
0.660541 0.186501 -0.041138
0.650634 0.188597 -0.038770
0.650264 0.188611 -0.046529
0.654771 0.185511 -0.015211
0.651511 0.196128 -0.007835
0.645223 0.197796 -0.012245
0.650054 0.189015 -0.021510
0.660757 0.183328 -0.008864
0.666535 0.192438 0.002482
0.657819 0.194003 -0.003104
0.676734 0.190860 0.009604
0.649107 0.191299 -0.056020
0.656474 0.189275 -0.059091
0.769681 0.199120 -0.010572
0.764267 0.199108 -0.010417
0.764896 0.197677 -0.014916
0.770382 0.197877 -0.015110
0.655228 0.206651 -0.066065
0.649154 0.205879 -0.064572
0.650511 0.214851 -0.063172
0.656919 0.215246 -0.062994
0.663140 0.206883 -0.068177
0.665520 0.215449 -0.063398
0.771898 0.211056 -0.010027
0.766139 0.211716 -0.010632
0.765272 0.207668 -0.008323
0.770891 0.206968 -0.008001
0.709166 0.191700 -0.023643
0.713237 0.190757 -0.015303
0.730467 0.192395 -0.017336
0.729259 0.194300 -0.011807
0.721437 0.192329 -0.013482
0.719599 0.191963 -0.022287
0.712197 0.193922 -0.040348
0.716429 0.193323 -0.033837
0.706367 0.193930 -0.034142
0.702455 0.194453 -0.040640
0.698937 0.191960 -0.050804
0.698481 0.189951 -0.056142
0.706615 0.190056 -0.057076
0.708325 0.192082 -0.051167
0.727530 0.193434 -0.046718
0.726103 0.192995 -0.051747
0.734362 0.195785 -0.052283
0.736195 0.195760 -0.047461
0.643260 0.206254 -0.063633
0.644131 0.215331 -0.063033
0.697316 0.208647 -0.070436
0.705499 0.206919 -0.073713
0.701369 0.200053 -0.078931
0.692878 0.202045 -0.075690
0.659862 0.221870 -0.056635
0.652966 0.222612 -0.057142
0.772990 0.213091 -0.014598
0.767224 0.214007 -0.015118
0.679266 0.200227 0.008677
0.668481 0.203155 0.001353
0.659428 0.205419 -0.004444
0.652707 0.207309 -0.007734
0.646281 0.209130 -0.009080
0.724327 0.192357 -0.026569
0.703664 0.193213 -0.030589
0.692670 0.193659 -0.041241
0.686901 0.186820 -0.066273
0.689619 0.187653 -0.059853
0.683032 0.187024 -0.057463
0.679348 0.186977 -0.066066
0.691576 0.193978 -0.076292
0.700097 0.192626 -0.078343
0.701339 0.188120 -0.074118
0.693351 0.188709 -0.072475
0.702796 0.200795 0.010985
0.695651 0.206340 0.004618
0.654924 0.197165 -0.065263
0.648517 0.197645 -0.062403
0.642674 0.198841 -0.059831
0.672449 0.189041 -0.039988
0.673977 0.188749 -0.036442
0.661481 0.184832 -0.031791
0.660467 0.186219 -0.036922
0.681028 0.182922 -0.021843
0.686922 0.180996 -0.012162
0.669244 0.179902 -0.017554
0.650299 0.188399 -0.031650
0.642599 0.191697 -0.029420
0.642775 0.191212 -0.037497
0.642691 0.191902 -0.045817
0.642554 0.194176 -0.054049
0.633776 0.192950 -0.028583
0.634259 0.191906 -0.036787
0.634525 0.192671 -0.045433
0.634693 0.195319 -0.053018
0.636763 0.225644 -0.057790
0.645575 0.224075 -0.057588
0.635882 0.216036 -0.062547
0.635759 0.202094 -0.013512
0.634268 0.196530 -0.020820
0.643107 0.193953 -0.020896
0.637717 0.211083 -0.009910
0.690664 0.180695 0.007420
0.696511 0.182929 0.003010
0.700970 0.183066 0.008187
0.696506 0.181209 0.012437
0.722523 0.197598 -0.007920
0.729594 0.199610 -0.008108
0.730319 0.206279 -0.007795
0.664363 0.188358 -0.062734
0.668418 0.186386 -0.052962
0.732724 0.192946 -0.022356
0.759286 0.212131 -0.011069
0.747513 0.212320 -0.011335
0.746308 0.207130 -0.008827
0.758543 0.207721 -0.008593
0.741256 0.197477 -0.025768
0.748853 0.199932 -0.024468
0.746547 0.196414 -0.020283
0.739037 0.194943 -0.020839
0.723790 0.191584 -0.057647
0.730638 0.193759 -0.057996
0.730644 0.214691 -0.029095
0.719341 0.218363 -0.018697
0.730124 0.216943 -0.019274
0.709900 0.193388 -0.046061
0.717466 0.192091 -0.051475
0.718879 0.192922 -0.046465
0.727533 0.192905 -0.028749
0.723883 0.193131 -0.033439
0.731196 0.194070 -0.032255
0.733612 0.194101 -0.026787
0.681037 0.193766 -0.074054
0.682703 0.204526 -0.072958
0.764454 0.203072 -0.008228
0.769989 0.202702 -0.008260
0.635272 0.206654 -0.062157
0.634904 0.199777 -0.058648
0.700277 0.193645 -0.045621
0.706669 0.218928 -0.017986
0.690848 0.192740 -0.045169
0.721300 0.206571 -0.064592
0.728513 0.206862 -0.065483
0.727914 0.200822 -0.066753
0.720690 0.200411 -0.067746
0.760100 0.202172 -0.023673
0.767032 0.203273 -0.023273
0.766048 0.199444 -0.019798
0.758766 0.198269 -0.019767
0.737018 0.194376 -0.016094
0.745066 0.195388 -0.015519
0.744347 0.197424 -0.011070
0.735874 0.196175 -0.011308
0.736407 0.201087 -0.008750
0.745059 0.202025 -0.008844
0.761106 0.208043 -0.024723
0.750317 0.206470 -0.025514
0.749196 0.212788 -0.022510
0.760891 0.213187 -0.021221
0.681753 0.220791 -0.051197
0.690449 0.215040 -0.061117
0.678662 0.217993 -0.058738
0.717481 0.213225 -0.057234
0.712165 0.207507 -0.065164
0.701858 0.211901 -0.063285
0.686869 0.211484 -0.067444
0.739521 0.205789 -0.031432
0.738393 0.211019 -0.032999
0.739546 0.211051 -0.025380
0.688709 0.190413 -0.051043
0.757579 0.202761 -0.008391
0.657746 0.225246 -0.016505
0.665608 0.223228 -0.016139
0.667374 0.228370 -0.028201
0.658440 0.230119 -0.026871
0.757538 0.196690 -0.014801
0.757221 0.198198 -0.010393
0.722702 0.191328 -0.063810
0.723439 0.193540 -0.068622
0.728684 0.195614 -0.067001
0.728890 0.193888 -0.063061
0.675795 0.214371 -0.064948
0.710778 0.205421 -0.076803
0.707948 0.197942 -0.081500
0.668158 0.220688 -0.057187
0.662423 0.226081 -0.047962
0.670831 0.223761 -0.049350
0.725541 0.213430 -0.047480
0.685182 0.222495 -0.044158
0.673536 0.225185 -0.042269
0.664247 0.227939 -0.039420
0.656917 0.230183 -0.038067
0.655372 0.227717 -0.047441
0.760157 0.214575 -0.015692
0.767839 0.212959 -0.020463
0.637789 0.231719 -0.048634
0.647305 0.229676 -0.047666
0.638891 0.233984 -0.038501
0.648751 0.232117 -0.037829
0.678481 0.225958 -0.026432
0.676376 0.226504 -0.034606
0.691272 0.223706 -0.028043
0.688310 0.224012 -0.036862
0.727430 0.217685 -0.038942
0.781963 0.208402 -0.021612
0.781341 0.204320 -0.022385
0.773167 0.203713 -0.022989
0.773999 0.208424 -0.022509
0.767816 0.208397 -0.023578
0.773808 0.212403 -0.019631
0.693556 0.220307 -0.017353
0.738380 0.196771 -0.031651
0.678594 0.219901 -0.014026
0.688263 0.213466 -0.002899
0.698245 0.214561 -0.006064
0.672024 0.212893 -0.003273
0.662279 0.215608 -0.008132
0.648480 0.218684 -0.010705
0.654892 0.217305 -0.010221
0.639479 0.220498 -0.010673
0.682411 0.208425 0.003972
0.777795 0.197809 -0.015910
0.777116 0.198530 -0.011047
0.650430 0.226833 -0.016613
0.640605 0.229046 -0.016897
0.692596 0.181318 -0.003516
0.681717 0.191381 -0.044257
0.679771 0.189310 -0.048567
0.676220 0.186498 -0.055363
0.672117 0.187411 -0.064893
0.640184 0.234176 -0.027326
0.621439 0.191171 -0.035489
0.621743 0.191293 -0.044220
0.626121 0.234952 -0.040182
0.777569 0.201756 -0.008378
0.737546 0.201994 -0.051505
0.739139 0.201351 -0.049512
0.685742 0.183134 0.012017
0.693246 0.183514 0.016446
0.696485 0.195081 0.018575
0.687892 0.197525 0.014365
0.685090 0.189680 0.014896
0.693759 0.188702 0.018622
0.671765 0.188726 -0.042878
0.670875 0.187795 -0.046999
0.672544 0.206382 -0.070428
0.671194 0.195891 -0.071639
0.737444 0.206856 -0.008734
0.738225 0.212213 -0.011966
0.730523 0.212825 -0.011413
0.748095 0.214954 -0.016848
0.742937 0.204239 -0.026981
0.741011 0.201774 -0.030525
0.676809 0.186660 -0.030472
0.664557 0.182506 -0.025602
0.704395 0.188659 0.005072
0.701593 0.187502 0.000240
0.720649 0.193237 -0.040053
0.736826 0.212926 -0.045493
0.737013 0.215867 -0.038914
0.728571 0.193798 -0.039624
0.778792 0.205757 -0.007984
0.779892 0.209888 -0.009919
0.738604 0.215323 -0.018315
0.715416 0.190345 -0.057587
0.738474 0.207569 -0.048486
0.731955 0.209694 -0.051502
0.706159 0.191923 -0.079780
0.650509 0.232171 -0.026655
0.771634 0.199507 -0.020085
0.779247 0.199740 -0.020537
0.781448 0.211334 -0.019022
0.780523 0.212124 -0.014512
0.662641 0.196871 -0.068495
0.683183 0.192250 -0.041177
0.621857 0.193556 -0.052171
0.691106 0.204205 0.010273
0.699883 0.200382 0.015531
0.735836 0.195237 -0.039626
0.715478 0.204183 -0.070708
0.735402 0.210802 -0.054343
0.731262 0.212106 -0.060345
0.725190 0.212265 -0.058979
0.738442 0.206335 -0.052802
0.787172 0.211659 -0.014319
0.787861 0.210888 -0.018723
0.786801 0.209471 -0.009689
0.785159 0.205310 -0.008178
0.783371 0.201549 -0.008718
0.788117 0.208184 -0.021215
0.787206 0.204394 -0.021909
0.784623 0.200011 -0.020172
0.793476 0.207640 -0.021208
0.794369 0.210197 -0.018555
0.799240 0.207230 -0.009138
0.800740 0.209130 -0.011049
0.797233 0.209712 -0.011381
0.793966 0.209090 -0.009748
0.803943 0.206268 -0.009748
0.805186 0.208700 -0.011414
0.800964 0.210606 -0.014378
0.796584 0.210739 -0.014070
0.805768 0.210338 -0.014876
0.805288 0.209544 -0.018329
0.800684 0.209638 -0.017697
0.797091 0.210178 -0.016795
0.792983 0.211215 -0.014115
0.808063 0.206034 -0.011595
0.810301 0.206648 -0.015610
0.809706 0.209516 -0.015289
0.808265 0.208360 -0.012143
0.791077 0.205007 -0.008423
0.797528 0.204135 -0.008964
0.802825 0.203324 -0.009969
0.806950 0.203213 -0.012190
0.796607 0.200901 -0.009943
0.802142 0.200972 -0.011445
0.805468 0.201227 -0.013510
0.796408 0.198792 -0.012572
0.801926 0.199702 -0.013802
0.789026 0.201351 -0.009071
0.788080 0.198685 -0.011653
0.804381 0.200466 -0.014723
0.808965 0.204050 -0.016228
0.799701 0.208625 -0.020125
0.804619 0.207858 -0.020475
0.799035 0.206652 -0.021573
0.804057 0.205863 -0.021499
0.808644 0.209403 -0.018441
0.808693 0.207352 -0.019600
0.782495 0.198597 -0.011347
0.783070 0.198224 -0.016213
0.788526 0.198239 -0.016181
0.796610 0.198322 -0.016918
0.790025 0.200317 -0.020044
0.792537 0.204191 -0.021799
0.798368 0.203918 -0.021814
0.797221 0.200600 -0.020529
0.803157 0.203438 -0.021311
0.802426 0.201086 -0.020049
0.802125 0.199683 -0.017159
0.806195 0.202831 -0.019847
0.807654 0.205009 -0.020072
0.806924 0.202092 -0.016743
0.804895 0.200811 -0.017065
0.804845 0.201481 -0.019175
0.775749 0.200172 -0.041316
0.768632 0.200474 -0.039951
0.768197 0.199556 -0.044239
0.775486 0.199472 -0.045781
0.776023 0.211831 -0.038625
0.769422 0.212530 -0.037938
0.769417 0.207634 -0.036345
0.776066 0.206669 -0.037402
0.775361 0.214153 -0.043921
0.768845 0.215098 -0.043259
0.761671 0.212939 -0.036636
0.748232 0.211791 -0.034884
0.748313 0.206235 -0.033727
0.761705 0.207647 -0.035280
0.746917 0.201976 -0.049494
0.745487 0.198547 -0.046026
0.769087 0.203382 -0.037564
0.776019 0.202644 -0.038563
0.760379 0.203276 -0.050834
0.768749 0.203915 -0.052032
0.768344 0.200774 -0.048715
0.759875 0.199938 -0.047388
0.745346 0.197355 -0.040362
0.746427 0.198266 -0.035080
0.747742 0.201823 -0.033512
0.760925 0.208424 -0.051497
0.747935 0.207958 -0.049790
0.747688 0.213466 -0.046542
0.761177 0.213383 -0.048460
0.761153 0.203128 -0.035927
0.759645 0.198895 -0.042407
0.760379 0.199851 -0.038083
0.761112 0.215417 -0.042239
0.768913 0.212876 -0.049391
0.785228 0.208405 -0.053308
0.785478 0.204468 -0.054063
0.775906 0.204021 -0.053168
0.776055 0.208384 -0.052895
0.769079 0.208385 -0.052232
0.775574 0.212411 -0.049723
0.785906 0.199410 -0.047919
0.785885 0.199733 -0.043205
0.786023 0.201923 -0.040287
0.747759 0.215921 -0.040220
0.785765 0.205623 -0.039213
0.785363 0.210650 -0.040092
0.775650 0.200747 -0.050213
0.785504 0.200874 -0.051950
0.784641 0.211777 -0.050370
0.784336 0.213276 -0.045005
0.792184 0.212367 -0.046306
0.792147 0.211040 -0.051145
0.793187 0.210119 -0.041530
0.792810 0.205435 -0.040479
0.792307 0.202050 -0.041524
0.792422 0.208437 -0.053616
0.792172 0.205034 -0.054356
0.791537 0.201376 -0.052621
0.799209 0.208287 -0.054474
0.800119 0.210719 -0.052392
0.812285 0.207901 -0.045520
0.812722 0.210522 -0.047040
0.807732 0.210435 -0.046083
0.806840 0.208527 -0.043944
0.804114 0.210900 -0.045838
0.801139 0.210050 -0.043387
0.807564 0.211608 -0.049460
0.803360 0.211526 -0.048582
0.813027 0.212553 -0.050643
0.812084 0.211452 -0.053891
0.806747 0.210837 -0.052348
0.803217 0.210879 -0.051243
0.816842 0.208312 -0.047957
0.816472 0.210740 -0.048117
0.799225 0.211937 -0.047752
0.798899 0.205667 -0.041943
0.805728 0.205246 -0.043374
0.811844 0.205072 -0.045502
0.816209 0.205511 -0.048418
0.804984 0.201954 -0.044295
0.811146 0.202555 -0.046556
0.814613 0.203487 -0.049344
0.804436 0.199772 -0.047169
0.810455 0.201071 -0.049045
0.797494 0.202044 -0.042694
0.796687 0.199913 -0.045407
0.813187 0.202481 -0.050351
0.817729 0.206831 -0.052278
0.818896 0.209724 -0.051994
0.818076 0.212796 -0.051455
0.806063 0.209512 -0.053998
0.811737 0.209515 -0.055059
0.805678 0.208119 -0.055610
0.811456 0.208050 -0.056217
0.816229 0.211890 -0.054574
0.816502 0.210017 -0.055188
0.791845 0.200006 -0.044411
0.791534 0.199726 -0.048685
0.796353 0.199528 -0.049607
0.804052 0.199666 -0.051468
0.796505 0.201456 -0.053432
0.798125 0.205207 -0.055130
0.804807 0.205515 -0.056005
0.803992 0.202120 -0.054821
0.810471 0.205843 -0.056161
0.809768 0.203166 -0.055182
0.809932 0.201157 -0.052524
0.814304 0.205562 -0.055296
0.815873 0.207703 -0.055570
0.815660 0.204567 -0.052536
0.813315 0.202867 -0.052701
0.812729 0.203829 -0.054684
0.763368 0.199095 -0.063538
0.757975 0.199528 -0.061785
0.756343 0.197223 -0.065571
0.761947 0.196650 -0.067450
0.763744 0.209704 -0.064399
0.757483 0.210755 -0.061948
0.758798 0.207213 -0.060051
0.764474 0.206722 -0.062449
0.762472 0.210694 -0.068779
0.755646 0.211749 -0.066955
0.751176 0.211083 -0.059696
0.741915 0.210950 -0.056849
0.743637 0.206147 -0.055023
0.752925 0.206997 -0.057662
0.758904 0.203256 -0.060072
0.764436 0.203005 -0.062155
0.747532 0.198268 -0.070837
0.754351 0.199070 -0.072851
0.755045 0.197166 -0.069758
0.748237 0.196577 -0.067494
0.738223 0.195629 -0.059986
0.740792 0.197696 -0.056195
0.742927 0.201419 -0.054951
0.747339 0.202869 -0.072578
0.736461 0.201821 -0.069039
0.737092 0.207987 -0.067790
0.747480 0.208690 -0.070531
0.753171 0.202601 -0.057839
0.749816 0.196396 -0.063345
0.751859 0.198801 -0.059559
0.748765 0.211988 -0.064961
0.754296 0.208569 -0.072058
0.770365 0.204024 -0.077926
0.770204 0.199998 -0.077838
0.760390 0.199136 -0.075078
0.760457 0.203499 -0.075805
0.754027 0.203195 -0.074264
0.761250 0.208228 -0.073505
0.770828 0.196453 -0.070463
0.772001 0.198278 -0.066434
0.772858 0.202060 -0.065031
0.739173 0.212177 -0.062328
0.736209 0.196943 -0.067565
0.773176 0.205427 -0.065317
0.772903 0.208291 -0.067093
0.760748 0.196833 -0.071896
0.769954 0.197137 -0.074929
0.770851 0.207838 -0.075571
0.771639 0.209884 -0.071167
0.778215 0.209311 -0.072856
0.777283 0.207797 -0.077294
0.779651 0.207923 -0.068784
0.779446 0.204789 -0.067255
0.778560 0.201591 -0.067016
0.776854 0.204120 -0.079418
0.776549 0.200642 -0.079162
0.775496 0.197612 -0.076389
0.781600 0.203969 -0.080880
0.783163 0.207208 -0.078711
0.796021 0.205775 -0.072879
0.795946 0.207196 -0.074552
0.791532 0.206987 -0.073298
0.791477 0.206099 -0.071316
0.788183 0.207721 -0.072689
0.785851 0.207541 -0.070596
0.790847 0.208573 -0.076457
0.786870 0.208465 -0.075203
0.795320 0.208625 -0.077945
0.793475 0.207050 -0.081126
0.789132 0.206862 -0.079443
0.786168 0.207668 -0.077938
0.799509 0.205905 -0.075339
0.798906 0.207541 -0.075943
0.783428 0.208703 -0.074219
0.784604 0.204437 -0.068669
0.790563 0.203619 -0.070160
0.795538 0.203261 -0.072134
0.798672 0.203126 -0.074971
0.789369 0.200616 -0.070402
0.794394 0.200606 -0.072579
0.797004 0.200780 -0.075100
0.788041 0.197999 -0.071838
0.793249 0.198585 -0.073974
0.783298 0.201166 -0.068632
0.781636 0.198416 -0.070024
0.795506 0.199471 -0.075594
0.799059 0.203194 -0.079341
0.800061 0.206276 -0.079523
0.799194 0.208722 -0.079267
0.787873 0.205668 -0.081275
0.792614 0.205316 -0.082470
0.786831 0.203263 -0.081987
0.791971 0.203152 -0.082861
0.796807 0.207453 -0.081694
0.796765 0.205804 -0.082411
0.777229 0.198535 -0.068399
0.775872 0.196953 -0.072002
0.780260 0.197025 -0.073246
0.786901 0.196877 -0.075337
0.779739 0.197786 -0.077430
0.780767 0.200645 -0.080077
0.786146 0.200500 -0.081332
0.785908 0.197914 -0.079048
0.791439 0.200729 -0.082067
0.791300 0.198593 -0.080181
0.792170 0.197763 -0.077007
0.794977 0.201013 -0.081448
0.795970 0.203373 -0.082341
0.797079 0.200824 -0.078621
0.795105 0.199179 -0.077963
0.794042 0.199415 -0.080215
0.736568 0.195640 -0.064008
0.738536 0.192886 -0.085490
0.734691 0.193393 -0.082702
0.732754 0.191520 -0.085249
0.736507 0.190920 -0.088017
0.738723 0.202354 -0.088374
0.734387 0.203377 -0.085281
0.735947 0.200484 -0.082349
0.740206 0.199802 -0.085484
0.736103 0.202303 -0.092710
0.731522 0.203264 -0.089869
0.729247 0.203558 -0.081554
0.721001 0.203942 -0.075384
0.723647 0.199959 -0.073366
0.730990 0.200395 -0.078734
0.710872 0.191553 -0.080788
0.716605 0.191522 -0.083524
0.718682 0.190111 -0.080446
0.712336 0.189367 -0.077230
0.735988 0.196676 -0.081527
0.739961 0.196193 -0.084690
0.724570 0.191994 -0.088379
0.729092 0.192187 -0.091638
0.730850 0.191051 -0.088452
0.726603 0.190631 -0.085329
0.715358 0.188931 -0.073559
0.721007 0.190329 -0.077346
0.722960 0.192318 -0.074523
0.718984 0.190147 -0.070264
0.724184 0.195290 -0.073455
0.723442 0.195317 -0.090259
0.715254 0.194769 -0.085215
0.714646 0.199762 -0.085076
0.723845 0.199947 -0.089974
0.731376 0.196490 -0.078316
0.728542 0.191103 -0.082242
0.730322 0.193274 -0.079513
0.726209 0.203750 -0.086013
0.729152 0.199750 -0.093240
0.738081 0.194233 -0.100353
0.738322 0.191366 -0.098678
0.732925 0.191733 -0.094748
0.732337 0.194956 -0.096766
0.728264 0.195436 -0.093703
0.733489 0.199153 -0.096189
0.741676 0.190279 -0.091726
0.743961 0.192214 -0.089278
0.745253 0.195368 -0.088485
0.717247 0.204949 -0.080341
0.745759 0.198558 -0.089341
0.744611 0.201018 -0.091953
0.734570 0.190504 -0.091365
0.739728 0.190000 -0.095304
0.739332 0.198052 -0.099667
0.741864 0.200984 -0.096042
0.746552 0.200475 -0.098879
0.744128 0.197571 -0.102451
0.749053 0.200194 -0.094673
0.749649 0.197864 -0.092009
0.748881 0.194858 -0.091182
0.742657 0.193661 -0.102869
0.742680 0.191340 -0.100962
0.743487 0.190304 -0.097661
0.746999 0.193496 -0.105049
0.749066 0.197169 -0.104787
0.761306 0.196948 -0.099990
0.760528 0.198146 -0.101524
0.757535 0.198397 -0.100171
0.757874 0.197695 -0.098070
0.754608 0.199121 -0.099473
0.753298 0.199201 -0.097104
0.755882 0.199071 -0.103220
0.752800 0.199241 -0.101845
0.759257 0.198959 -0.105032
0.757500 0.196608 -0.107939
0.754150 0.197170 -0.106421
0.751835 0.198045 -0.104644
0.763713 0.196634 -0.102680
0.762755 0.198085 -0.103199
0.750254 0.199715 -0.100690
0.753339 0.197241 -0.094356
0.757777 0.196170 -0.096486
0.761945 0.195154 -0.099140
0.763784 0.194359 -0.102457
0.756744 0.193931 -0.095987
0.760755 0.193082 -0.098919
0.762411 0.192485 -0.101915
0.754805 0.191723 -0.096383
0.759021 0.191343 -0.099306
0.752069 0.194682 -0.093303
0.750196 0.192232 -0.093706
0.760994 0.191458 -0.101446
0.763006 0.193668 -0.105740
0.763260 0.196043 -0.106534
0.762189 0.198445 -0.106626
0.752806 0.195353 -0.107523
0.756943 0.194533 -0.108924
0.751502 0.192908 -0.106928
0.756640 0.192374 -0.108193
0.760192 0.196807 -0.108644
0.760559 0.194904 -0.108729
0.747313 0.192049 -0.091888
0.745343 0.190340 -0.094124
0.748212 0.190273 -0.096016
0.752862 0.189956 -0.098430
0.746805 0.190093 -0.099617
0.746290 0.191189 -0.102877
0.751231 0.190838 -0.105052
0.751565 0.189611 -0.101946
0.756383 0.190734 -0.106325
0.756595 0.189855 -0.103795
0.757555 0.190043 -0.101027
0.760004 0.191357 -0.106035
0.760487 0.192780 -0.107744
0.761898 0.191959 -0.104458
0.760394 0.190906 -0.103030
0.759368 0.190610 -0.104475
0.710628 0.194361 -0.082623
0.711562 0.197755 0.016653
0.712881 0.195113 0.013035
0.710914 0.185579 0.011154
0.707592 0.181507 0.013905
0.704044 0.180681 0.018443
0.702712 0.183196 0.022240
0.703428 0.187511 0.024257
0.712984 0.190967 0.010962
0.708884 0.197974 0.021017
0.705561 0.193449 0.024130
0.713625 0.192198 0.029968
0.716570 0.196885 0.026375
0.710888 0.186062 0.030237
0.709482 0.181578 0.027362
0.709734 0.179375 0.022591
0.718625 0.196921 0.021087
0.719085 0.194138 0.016731
0.718031 0.189336 0.014321
0.725292 0.196062 0.025806
0.726043 0.195631 0.032467
0.728497 0.181997 0.040231
0.728909 0.185651 0.042010
0.725476 0.186033 0.039856
0.724002 0.182352 0.038229
0.723508 0.187075 0.037990
0.719794 0.184865 0.035742
0.727675 0.191116 0.040041
0.725561 0.191102 0.037860
0.730574 0.194610 0.037604
0.727717 0.194334 0.036620
0.730848 0.190824 0.042755
0.732052 0.185789 0.043736
0.734093 0.189552 0.043882
0.732949 0.183246 0.042232
0.722027 0.191276 0.035233
0.716426 0.180339 0.031497
0.722982 0.179263 0.035058
0.729032 0.179346 0.037539
0.734052 0.181332 0.038873
0.723491 0.177615 0.030222
0.730280 0.178783 0.033292
0.734390 0.181113 0.035042
0.725398 0.179151 0.025705
0.731414 0.180316 0.030003
0.715596 0.178228 0.026123
0.716936 0.179259 0.020732
0.734226 0.181683 0.032382
0.737509 0.185518 0.038535
0.736886 0.187207 0.042341
0.731687 0.195360 0.034058
0.733350 0.194134 0.039933
0.735264 0.194185 0.036534
0.731680 0.194752 0.029577
0.736093 0.192701 0.033021
0.735528 0.192790 0.041964
0.737476 0.191826 0.039530
0.712006 0.180172 0.017560
0.715238 0.183847 0.014649
0.719999 0.183357 0.017811
0.727574 0.183083 0.022794
0.723264 0.188936 0.017615
0.724984 0.193817 0.020734
0.731496 0.192318 0.025716
0.730214 0.188143 0.022868
0.735803 0.190254 0.030086
0.734566 0.187158 0.028308
0.733032 0.183379 0.028273
0.737306 0.187767 0.033236
0.738152 0.189764 0.036234
0.736712 0.184473 0.035000
0.735528 0.183905 0.031990
0.736170 0.186328 0.031312
0.707449 0.188157 -0.075543
0.710245 0.187626 -0.070562
0.703540 0.187517 -0.068978
0.695279 0.186987 -0.067547
0.686535 0.188561 -0.071314
0.697329 0.188008 -0.061718
0.705561 0.188387 -0.063362
0.714712 0.189099 -0.065088
0.692354 0.189308 -0.055565
0.036838 0.426882 0.094410
0.040161 0.425764 0.092427
0.041390 0.420219 0.089653
0.038915 0.419866 0.091488
0.035820 0.419774 0.093265
0.032064 0.419897 0.094404
0.026633 0.426970 0.095668
0.032071 0.427411 0.095673
0.017331 0.421467 0.092706
0.019092 0.422900 0.092901
0.018061 0.420587 0.092996
0.024012 0.420354 0.094247
0.020367 0.420667 0.093270
0.043913 0.423399 0.088600
0.044699 0.422323 0.087405
0.042360 0.424610 0.090450
0.027960 0.420087 0.094714
0.044397 0.421391 0.087133
0.043222 0.420717 0.087960
0.022122 0.425411 0.094248
0.036057 0.421954 0.093274
0.032202 0.422089 0.094581
0.027493 0.424693 0.095442
0.032280 0.424801 0.095080
0.024277 0.422016 0.094593
0.021845 0.421844 0.093785
0.038987 0.421732 0.091548
0.028015 0.422188 0.095046
0.036521 0.424353 0.093602
0.021355 0.422829 0.093751
0.023503 0.423847 0.094701
0.043918 0.422225 0.087953
0.043722 0.421823 0.087841
0.016422 0.193483 0.074009
0.016439 0.177206 0.084207
0.039520 0.423761 0.091802
0.042741 0.421701 0.088666
0.041156 0.421692 0.089978
0.041555 0.423152 0.090148
0.043047 0.422611 0.088784
0.272788 0.217567 0.019392
0.273631 0.201352 0.020567
0.273819 0.249672 -0.020810
0.269112 0.245311 -0.041640
0.059141 -0.072033 0.140976
0.104477 -0.033351 -0.053722
0.105856 -0.016029 -0.059979
0.036632 -0.017808 -0.083090
0.055363 -0.021475 -0.080519
0.134253 -0.030144 0.048539
0.133951 -0.048436 0.052994
0.097325 -0.035177 0.102168
0.095943 -0.054703 0.106384
0.124856 -0.069450 0.078958
0.077495 -0.063878 -0.065840
0.074609 -0.045137 -0.069638
0.091261 -0.048000 -0.060715
0.094703 -0.065935 -0.057522
0.018070 -0.035720 -0.073357
0.017919 -0.015152 -0.080580
0.140102 -0.010408 0.021668
0.138871 -0.009165 -0.003117
0.120698 -0.004196 -0.045961
0.106917 0.000782 -0.062118
0.074922 0.014046 -0.083792
0.091744 0.007367 -0.074234
0.084609 -0.014591 0.114531
0.068559 0.004325 0.123063
0.135257 -0.011600 0.045995
0.025230 -0.012059 0.141392
0.037535 0.047032 -0.101758
0.059480 0.042955 -0.097647
0.131829 -0.007284 -0.025816
0.031616 0.137927 0.113332
0.031836 0.122867 0.123327
0.048278 0.126387 0.122365
0.048262 0.141147 0.111541
0.064226 0.128962 0.120545
0.079598 0.130569 0.117036
0.093459 0.131202 0.112260
0.125511 0.127784 0.094477
0.116355 0.129666 0.100862
0.140166 0.121645 0.080105
0.133361 0.125554 0.087654
0.146750 0.112099 0.071652
0.151539 0.100202 0.060153
0.154285 0.088610 0.045340
0.155013 0.102048 0.038480
0.150843 0.086736 0.067969
0.146514 0.098579 0.079877
0.140250 0.107171 0.089548
0.018506 0.084375 0.137062
0.021303 0.062507 0.136596
0.015880 0.209134 0.064680
0.471315 0.189931 -0.065888
0.587835 0.219817 -0.010652
0.030979 0.232426 -0.087051
0.015405 0.228587 -0.086637
0.000712 0.217029 -0.087714
0.000605 0.227432 -0.085208
0.097552 0.260951 -0.058078
0.085140 0.248693 -0.075291
0.067348 0.237082 -0.085115
0.049172 0.228237 -0.089636
0.124415 0.004394 0.066511
0.033580 0.199165 -0.097035
0.051155 0.218128 -0.093699
0.071358 0.227497 -0.090354
0.090296 0.239507 -0.080711
0.108359 0.254272 -0.063245
0.121811 0.254531 -0.055740
0.141839 0.241727 -0.059807
0.150872 0.242268 -0.053942
0.151589 0.254433 -0.039657
0.162620 0.255735 -0.034876
0.160836 0.243986 -0.049268
0.238165 0.245159 -0.048991
0.251032 0.239395 -0.053667
0.258695 0.230114 -0.060711
0.262720 0.218328 -0.066907
0.262335 0.205561 -0.070629
0.257220 0.193028 -0.071230
0.246693 0.183177 -0.070116
0.208626 0.165130 -0.060923
0.195441 0.158497 -0.058506
0.165395 0.122091 -0.058509
0.157099 0.113902 -0.060942
0.126211 0.070469 -0.075842
0.136198 0.085773 -0.071699
0.116018 0.055332 -0.079359
0.101622 -0.153248 -0.076644
0.094794 -0.136158 -0.070243
0.114695 -0.134575 -0.060605
0.121524 -0.150978 -0.066063
0.022226 -0.102376 -0.065098
0.044140 -0.102022 -0.066612
0.161970 -0.137141 0.022282
0.157499 -0.134239 -0.004847
0.146991 -0.133075 -0.027963
0.132370 -0.133273 -0.046358
0.159066 -0.141452 0.049301
0.078528 -0.173528 0.145704
0.098934 -0.167799 0.131256
0.015589 -0.183427 0.166518
0.035943 -0.181493 0.163383
0.150237 -0.147791 0.073928
0.057112 -0.178199 0.156741
0.118287 -0.161408 0.114404
0.136275 -0.154849 0.095237
0.088051 -0.119391 -0.065132
0.068667 -0.119897 -0.070316
0.064362 -0.101624 -0.064864
0.035261 0.111447 -0.113245
0.055745 0.113516 -0.113145
0.076555 0.117454 -0.111277
0.092664 0.140900 -0.109077
0.109215 0.148996 -0.103068
0.111713 0.132132 -0.101626
0.095149 0.124001 -0.107426
0.137605 0.164881 -0.086684
0.148729 0.171022 -0.080807
0.150032 0.157736 -0.078466
0.139126 0.150638 -0.084250
0.160515 0.163944 -0.074642
0.169174 0.169487 -0.070231
0.178898 0.175469 -0.066675
0.190525 0.181625 -0.066561
0.186067 0.203283 -0.068231
0.175773 0.198539 -0.069333
0.136831 0.179998 -0.087198
0.123164 0.174060 -0.095123
0.034758 0.143256 -0.107095
0.016032 0.140141 -0.103074
0.156108 0.083179 0.026030
0.157447 0.079834 0.004990
0.156742 0.079094 -0.014048
0.154900 0.080368 -0.030369
0.152746 0.083903 -0.044592
0.148816 0.088925 -0.057305
0.143591 0.095977 -0.068185
0.150260 0.105475 -0.064366
0.138575 0.105154 -0.077108
0.146571 0.114276 -0.071645
0.133628 0.115445 -0.084442
0.129018 0.127383 -0.089972
0.126018 0.141778 -0.093260
0.124040 0.157313 -0.095209
0.091164 0.158857 -0.108717
0.107598 0.166555 -0.102850
0.072980 0.169840 -0.109082
0.072785 0.186354 -0.105507
0.074246 0.134752 -0.112637
0.073489 0.152162 -0.111796
0.068833 0.269527 -0.059103
0.053235 0.262157 -0.069868
0.235225 0.193470 -0.071085
0.244934 0.194302 -0.071368
0.238663 0.186303 -0.070628
0.233325 0.187579 -0.070385
0.247555 0.204193 -0.070839
0.234910 0.211517 -0.069709
0.247324 0.215044 -0.068560
0.235912 0.202099 -0.071005
0.244145 0.225236 -0.064598
0.232427 0.220634 -0.066973
0.238768 0.233418 -0.060132
0.229055 0.228339 -0.063411
0.226046 0.233358 -0.060463
0.230638 0.238506 -0.056652
0.194938 0.228843 -0.061802
0.206800 0.231467 -0.061095
0.218182 0.232717 -0.060575
0.202451 0.186661 -0.068032
0.214051 0.193050 -0.069695
0.225145 0.198126 -0.070640
0.223641 0.207236 -0.069823
0.212367 0.202137 -0.069639
0.200379 0.196041 -0.068596
0.034569 0.127030 -0.109987
0.053940 0.130668 -0.113029
0.159101 0.176519 -0.076505
0.167919 0.180745 -0.072201
0.177380 0.185067 -0.068447
0.188120 0.191102 -0.067641
0.166534 0.193544 -0.072404
0.157713 0.189558 -0.076789
0.147730 0.184918 -0.081324
0.054045 0.147353 -0.110789
0.015916 0.124175 -0.106777
0.163255 0.222972 0.041699
0.164451 0.246472 0.030070
0.166623 0.261490 0.009992
0.165503 0.263676 -0.014226
0.000484 0.259393 -0.074849
0.395119 0.163162 -0.029887
-0.001958 0.072926 -0.108159
-0.002724 0.092604 -0.111092
0.000009 0.006925 -0.085421
-0.000760 0.026292 -0.097564
0.041406 -0.079984 -0.067279
0.020368 -0.077941 -0.064168
0.018886 -0.055857 -0.067714
-0.001188 -0.120292 -0.073469
-0.001005 -0.101720 -0.061566
0.000234 -0.053520 -0.062763
0.000280 -0.032862 -0.067626
0.017301 0.048896 -0.103651
0.016076 0.109758 -0.112755
-0.002152 0.123671 -0.104810
-0.001303 0.138682 -0.100839
-0.001040 0.154780 -0.098924
0.105752 0.103935 0.128345
0.105548 0.117402 0.118382
0.093519 0.117761 0.123722
0.093932 0.104378 0.133514
0.124874 0.101814 0.114376
0.125032 0.114550 0.105064
0.115896 0.116267 0.111947
0.115900 0.103096 0.121840
0.132962 0.111861 0.097594
0.132641 0.099190 0.106457
0.105937 0.089456 0.135774
0.116310 0.088764 0.129190
0.094225 0.090086 0.140864
0.131885 0.086268 0.113363
0.124807 0.087964 0.121506
0.007882 0.309759 0.084935
0.007472 0.314057 0.100174
0.002092 0.354176 0.114988
0.001697 0.358389 0.113184
0.002250 0.299407 0.063383
0.002622 0.291625 0.058232
-0.000001 0.336980 0.111405
0.000259 0.323621 0.111131
-0.000406 0.379274 0.116489
-0.000422 0.375969 0.115186
-0.000236 0.365503 0.116453
-0.000143 0.361794 0.115200
0.003035 0.282093 0.054144
0.001867 0.305498 0.071655
0.003160 0.261144 0.047964
0.003225 0.251039 0.045835
0.013191 0.242662 0.045911
0.014119 0.232118 0.049974
0.016962 0.102837 0.131482
0.016041 0.144905 0.102168
0.015470 0.134143 0.114947
0.016147 0.160563 0.093078
0.015175 0.221617 0.057031
0.003158 0.271612 0.050707
0.000012 0.349518 0.114569
0.000021 0.344242 0.111695
-0.000364 0.372294 0.115180
-0.000287 0.368945 0.115818
0.001665 0.192003 0.075080
0.001037 0.175191 0.085018
0.015922 0.118728 0.123853
0.002409 0.082465 0.135933
0.002862 0.060141 0.135297
0.002290 0.207656 0.065290
0.003143 0.040125 0.129592
0.169852 -0.312459 -0.050098
0.151499 -0.328912 -0.068840
0.143204 -0.316198 -0.079102
0.157562 -0.304000 -0.066183
0.166981 -0.261912 -0.047671
0.166946 -0.237674 -0.040994
0.167612 -0.211520 -0.036991
0.122728 -0.323778 -0.091113
0.093238 -0.307756 -0.105371
0.096382 -0.325739 -0.100126
0.152480 -0.214110 -0.060848
0.152360 -0.239936 -0.064069
0.148658 -0.299307 -0.074414
0.150737 -0.284928 -0.072015
0.164755 -0.285133 -0.056293
0.118612 -0.307142 -0.095795
0.137396 -0.304112 -0.084362
0.058751 -0.156872 -0.086608
0.062899 -0.175616 -0.094591
0.034771 -0.175571 -0.096475
0.139859 -0.148708 -0.050305
0.127545 -0.169830 -0.071796
0.000983 -0.305782 -0.099988
0.135239 -0.287178 -0.085748
0.091023 -0.287269 -0.109494
0.115839 -0.288056 -0.098553
0.090839 -0.216237 -0.104611
0.114026 -0.216422 -0.094273
0.113249 -0.241012 -0.098895
0.090179 -0.239724 -0.109579
0.134425 -0.216018 -0.079942
0.131885 -0.191886 -0.076151
0.089732 -0.194380 -0.098066
0.112003 -0.193156 -0.089112
0.107509 -0.171801 -0.083357
0.134567 -0.241989 -0.083333
0.089631 -0.264012 -0.111582
0.061185 -0.262533 -0.117572
0.030984 -0.260599 -0.115851
0.000713 -0.261904 -0.113261
0.000165 -0.239101 -0.113255
0.086211 -0.173871 -0.090550
0.074487 -0.137304 -0.076054
0.081371 -0.155160 -0.083028
0.061293 -0.081491 -0.065947
0.110328 -0.535430 0.094828
-0.000581 -0.350463 0.007316
-0.001403 -0.358982 0.035099
0.177866 -0.273332 0.068533
0.188506 -0.292836 -0.005948
0.178314 -0.288643 -0.034450
0.007235 -0.364863 0.081136
0.023583 -0.359827 0.104297
0.159159 -0.279410 0.094579
0.105886 -0.325315 0.128739
0.000793 -0.364291 0.058248
0.151199 -0.263791 -0.067899
0.134364 -0.266127 -0.085182
0.114075 -0.265605 -0.100037
0.061979 -0.285083 -0.116039
0.030424 -0.281967 -0.114700
0.000934 -0.281516 -0.109340
0.021153 -0.301753 0.119796
0.009704 -0.296546 0.127245
0.017319 -0.295550 0.128198
0.000845 -0.285304 0.135169
0.001289 -0.297665 0.125607
0.010137 -0.306765 0.115804
0.001704 -0.308305 0.113433
0.001823 -0.321708 0.102366
0.078795 -0.194245 0.144072
0.100677 -0.187946 0.130617
0.015048 -0.204142 0.163430
0.034844 -0.202554 0.160467
0.155571 -0.165377 0.074197
0.056257 -0.199205 0.154368
0.121316 -0.180801 0.114821
0.140821 -0.173093 0.095851
-0.000283 -0.193766 -0.104401
0.000027 -0.172611 -0.097191
-0.003407 -0.204771 0.163048
0.000565 0.313563 0.100600
0.001128 0.309095 0.084976
-0.001790 0.495469 0.087860
-0.001005 0.305181 -0.049177
-0.000796 0.440574 0.106876
-0.000070 0.358170 0.113230
-0.000358 0.381455 0.119275
0.003418 0.240725 0.045193
0.003307 0.230036 0.049094
-0.000117 -0.335729 0.005981
0.002879 0.219831 0.056885
0.000065 -0.336171 -0.007004
0.000248 -0.012103 -0.075590
0.066870 -0.952988 -0.028440
0.065258 -0.951099 -0.043365
0.068753 -0.978437 -0.039233
0.068692 -0.979608 -0.025224
0.083880 -0.945741 -0.071524
0.072279 -0.948178 -0.063579
0.098419 -0.944897 -0.073112
0.111574 -0.945812 -0.068120
0.107557 -0.973735 -0.065626
0.096405 -0.973129 -0.071766
0.119356 -0.946576 -0.059215
0.121681 -0.974711 -0.046165
0.124845 -0.947358 -0.047707
0.128662 -0.948995 -0.030364
0.124027 -0.975181 -0.029702
0.122428 -0.952809 -0.011128
0.118327 -0.978377 -0.010722
0.108513 -0.955782 0.000789
0.073341 -0.955260 -0.013637
0.072886 -0.981099 -0.009627
0.083313 -0.973872 -0.069920
0.074249 -0.976098 -0.059944
0.070869 -0.977409 -0.049326
0.067315 -0.949913 -0.054041
0.068607 -1.005037 -0.035539
0.064305 -1.005391 -0.020748
0.082683 -1.001178 -0.069815
0.076389 -1.003078 -0.056496
0.104483 -1.000292 -0.064187
0.095481 -0.999853 -0.073240
0.122333 -1.001034 -0.045329
0.113013 -1.000595 -0.054372
0.114873 -0.974177 -0.056099
0.123110 -1.000828 -0.029775
0.116785 -1.002791 -0.007980
0.069643 -1.005841 -0.003801
0.072841 -1.004264 -0.045718
0.122440 -1.090249 0.139411
0.121334 -1.086041 0.139038
0.117032 -1.085862 0.140076
0.115825 -1.090714 0.141000
0.085322 -1.090113 0.151136
0.083614 -1.080552 0.153452
0.075622 -1.081961 0.151558
0.074437 -1.092978 0.149489
0.102223 -1.090818 0.149243
0.102962 -1.093862 0.145806
0.107703 -1.093940 0.144972
0.109686 -1.090932 0.147946
0.142076 -1.086659 0.110274
0.141836 -1.090987 0.107863
0.145867 -1.090755 0.105985
0.147346 -1.087176 0.107156
0.129287 -1.090103 0.128386
0.129375 -1.094220 0.125426
0.133306 -1.093659 0.123704
0.135143 -1.090654 0.125366
0.086008 -1.076826 0.131063
0.072600 -1.075633 0.129010
0.073727 -1.080175 0.142430
0.085556 -1.077951 0.144321
0.067763 -1.088408 0.138800
0.066144 -1.085670 0.124021
0.072838 -1.093016 0.122708
0.074421 -1.092898 0.136088
0.085431 -1.093237 0.125402
0.085800 -1.093131 0.137529
0.092451 -1.086433 0.129250
0.093976 -1.086144 0.142642
0.110619 -1.085963 0.129785
0.105900 -1.079097 0.131039
0.108109 -1.082868 0.142350
0.113723 -1.088667 0.140393
0.095327 -1.079369 0.133101
0.100111 -1.082985 0.143893
0.091669 -1.088755 0.132124
0.096588 -1.093748 0.128269
0.099852 -1.093810 0.140026
0.094752 -1.089310 0.144228
0.105726 -1.093043 0.127332
0.108458 -1.093922 0.138192
0.122390 -1.079275 0.123347
0.112197 -1.080134 0.126211
0.114955 -1.084320 0.135004
0.122304 -1.083877 0.133469
0.110489 -1.091354 0.135220
0.108600 -1.089402 0.126180
0.113672 -1.093632 0.123116
0.115712 -1.094189 0.132865
0.122845 -1.092948 0.121355
0.122841 -1.094261 0.131768
0.127074 -1.085473 0.123030
0.126846 -1.088999 0.132686
0.140668 -1.085262 0.109392
0.137346 -1.078693 0.110293
0.136290 -1.083365 0.119578
0.138859 -1.089227 0.118456
0.129808 -1.079392 0.114297
0.130545 -1.082865 0.121744
0.125700 -1.087287 0.123013
0.126599 -1.084874 0.116533
0.128607 -1.092708 0.112478
0.127632 -1.094192 0.120367
0.136569 -1.092508 0.108500
0.134956 -1.094186 0.118133
0.150329 -1.078082 0.094399
0.149219 -1.080831 0.102236
0.150684 -1.086277 0.100566
0.151288 -1.084628 0.091149
0.143966 -1.077649 0.099366
0.143768 -1.080416 0.105319
0.139632 -1.085117 0.105715
0.141247 -1.083060 0.100662
0.140719 -1.090971 0.097179
0.140013 -1.091654 0.103109
0.146897 -1.090337 0.092696
0.146787 -1.091685 0.100741
0.089220 -1.075948 0.117640
0.072248 -1.072147 0.115272
0.076550 -1.093040 0.145077
0.065808 -1.083912 0.110167
0.082941 -1.093025 0.145693
0.088548 -1.093269 0.113970
0.073068 -1.092440 0.108652
0.090756 -1.086401 0.123705
0.108047 -1.085685 0.147863
0.107586 -1.093294 0.111761
0.108048 -1.087403 0.120806
0.103236 -1.085688 0.148634
0.106927 -1.076338 0.115698
0.123755 -1.077206 0.106543
0.117465 -1.093985 0.138243
0.121271 -1.094129 0.137515
0.125138 -1.093146 0.104850
0.127282 -1.083993 0.114245
0.134750 -1.086018 0.125064
0.138696 -1.092333 0.093957
0.141673 -1.083093 0.100639
0.131297 -1.086004 0.126581
0.139285 -1.075653 0.095263
0.146789 -1.084004 0.106802
0.147454 -1.091105 0.082742
0.152634 -1.083630 0.079817
0.143996 -1.083328 0.108755
0.150209 -1.075375 0.084294
0.081754 -0.982290 0.001327
0.082368 -0.957068 -0.002648
0.093949 -0.957962 0.002362
0.092528 -0.983151 0.005412
0.105589 -0.981193 0.002388
0.079635 -1.005530 0.008458
0.091547 -1.005554 0.011690
0.104019 -1.005121 0.006291
0.127414 -1.022014 -0.031143
0.123798 -1.020930 -0.047554
0.113981 -1.020559 -0.058095
0.106077 -1.020156 -0.068442
0.095545 -1.020337 -0.076635
0.067903 -1.026335 0.001948
0.077548 -1.023871 0.017911
0.090828 -1.022408 0.023030
0.105364 -1.022796 0.015826
0.067764 -1.067092 0.099501
0.085573 -1.064963 0.100794
0.081590 -1.056470 0.082467
0.067405 -1.065991 0.079122
0.102692 -1.067391 0.097122
0.099655 -1.056166 0.078801
0.119314 -1.068697 0.089290
0.115576 -1.059655 0.070935
0.134889 -1.069928 0.079328
0.130244 -1.063295 0.061725
0.148214 -1.072289 0.070339
0.143404 -1.068875 0.052517
0.153778 -1.081717 0.065492
0.150468 -1.078444 0.047228
0.061975 -1.082532 0.094002
0.063776 -1.080323 0.073766
0.071575 -1.093156 0.090933
0.072934 -1.092909 0.070997
0.087582 -1.093755 0.090111
0.087773 -1.093334 0.069327
0.145715 -1.090419 0.048929
0.147661 -1.092422 0.067712
0.105477 -1.093550 0.085925
0.104924 -1.092436 0.065030
0.122078 -1.094282 0.079784
0.120940 -1.093165 0.059062
0.136102 -1.094344 0.073231
0.134646 -1.093391 0.053210
0.077512 -1.049963 0.059448
0.095920 -1.043926 0.059183
0.111107 -1.048628 0.050296
0.125596 -1.054676 0.040171
0.138420 -1.063477 0.030622
0.146265 -1.073810 0.025860
0.125076 -1.043351 0.013469
0.133947 -1.060756 0.005888
0.139510 -1.072000 0.003719
0.135138 -1.070635 -0.018967
0.132363 -1.058116 -0.018885
0.124892 -1.056964 -0.058185
0.128883 -1.056714 -0.041032
0.132689 -1.069476 -0.041621
0.128980 -1.070600 -0.059585
0.127210 -1.041819 -0.013395
0.125612 -1.040104 -0.036046
0.120787 -1.038989 -0.052452
0.113901 -1.070751 -0.080408
0.112786 -1.055827 -0.080380
0.120300 -1.056759 -0.070115
0.123573 -1.070848 -0.071460
0.098479 -1.072519 -0.085016
0.097569 -1.056943 -0.087414
0.082162 -1.060095 -0.076817
0.082754 -1.074605 -0.076533
0.108788 -1.037673 -0.074018
0.115080 -1.038531 -0.064094
0.096810 -1.037957 -0.081124
0.083086 -1.040842 -0.072845
0.074533 -1.062023 -0.058714
0.076282 -1.043001 -0.056135
0.073932 -1.075915 -0.059950
0.068211 -1.064543 0.055407
0.068504 -1.076771 0.050853
0.108704 -1.035291 0.031384
0.092136 -1.033135 0.039297
0.074691 -1.040273 0.032702
0.067005 -1.061583 0.029764
0.071263 -1.074954 0.025627
0.066492 -1.062294 0.005593
0.072545 -1.074054 0.003024
0.076095 -1.086423 0.047814
0.079348 -1.081101 0.023147
0.079870 -1.079844 0.000829
0.066876 -1.062517 -0.014968
0.071446 -1.074513 -0.016701
0.070029 -1.061989 -0.031624
0.071545 -1.074924 -0.032562
0.072006 -1.075533 -0.045682
0.072553 -1.062148 -0.044723
0.070238 -1.044451 -0.032275
0.073224 -1.043389 -0.043929
0.067072 -1.045803 -0.015533
0.066498 -1.044367 0.006484
0.142713 -1.086136 0.026859
0.138013 -1.082288 0.004550
0.132686 -1.079792 -0.017638
0.129315 -1.080463 -0.039807
0.123972 -1.081557 -0.056641
0.118575 -1.081788 -0.067257
0.110539 -1.081222 -0.075053
0.097864 -1.081211 -0.077283
0.086157 -1.082671 -0.071948
0.080051 -1.084645 -0.058865
0.078079 -1.085451 -0.046519
0.078522 -1.081879 -0.018857
0.077532 -1.084489 -0.034102
0.064067 -1.027318 -0.017406
0.067283 -1.026256 -0.033764
0.071393 -1.025224 -0.044562
0.082808 -1.022396 -0.069588
0.076309 -1.023841 -0.054784
0.088976 -1.089912 0.045154
0.105039 -1.089382 0.040826
0.120136 -1.089844 0.035255
0.132721 -1.089823 0.030305
0.129884 -1.086411 0.007148
0.118306 -1.086733 0.010807
0.103847 -1.086911 0.015507
0.089811 -1.084812 0.020245
0.124994 -1.084710 -0.014789
0.114692 -1.085883 -0.011270
0.101461 -1.085992 -0.007702
0.089330 -1.084336 -0.002516
0.087081 -1.086637 -0.022410
0.097704 -1.087236 -0.027825
0.109667 -1.086642 -0.031129
0.119581 -1.084986 -0.035570
0.114970 -1.085242 -0.051508
0.105663 -1.086414 -0.046503
0.094848 -1.087348 -0.042780
0.085976 -1.087464 -0.037920
0.111101 -1.085017 -0.060756
0.098133 -1.084630 -0.070147
0.105978 -1.084728 -0.067216
0.090374 -1.085823 -0.067261
0.087049 -1.086879 -0.058137
0.085996 -1.087493 -0.048417
0.093626 -1.086454 -0.058656
0.093967 -1.086946 -0.051610
0.103443 -1.085969 -0.055388
0.100972 -1.085481 -0.061587
0.094027 -1.085739 -0.063921
0.097780 -1.085293 -0.065334
0.118027 -1.025438 -0.004437
0.000262 0.270761 -0.069053
0.000728 0.206118 -0.090126
0.074044 -0.692873 0.036474
0.088659 -0.694343 0.039253
0.104569 -0.692397 0.039653
0.134083 -0.287413 0.114024
0.077468 -0.072544 0.127020
0.082238 -0.034414 0.117709
0.079604 -0.053682 0.121983
0.135948 -0.317991 0.118667
0.125420 -0.013688 0.066825
0.001093 -0.297039 -0.103796
-0.000283 0.168993 -0.096723
0.105633 0.130927 0.106747
-0.000076 -0.216033 -0.109897
0.075107 0.409089 0.010556
0.072859 0.407417 0.009328
0.072204 0.404233 0.008439
0.071543 0.402466 0.004890
0.071170 0.400550 0.001924
0.070482 0.399843 -0.000361
0.073593 0.404925 0.005828
0.071973 0.407402 0.002867
0.072893 0.407660 0.005622
0.074096 0.406670 0.007252
0.000820 0.157174 0.092964
0.000574 0.142199 0.102736
0.000882 0.132534 0.116134
0.001137 0.117015 0.124500
-0.000019 0.354082 0.115221
-0.005269 -0.125024 0.160330
-0.004197 -0.110730 0.157077
0.000001 -0.075172 -0.059085
-0.005105 -0.165056 0.166167
-0.002862 -0.095258 0.154770
-0.001054 0.050365 -0.104470
0.002033 0.101056 0.131547
-0.004303 -0.184435 0.166183
-0.002212 0.109953 -0.111839
-0.001212 -0.073314 0.154015
0.000053 -0.268901 0.143606
0.002373 -0.013167 0.141668
-0.044834 0.467412 0.083348
-0.054871 0.458531 0.074133
-0.049321 0.449777 0.084768
-0.038618 0.454727 0.092680
-0.045116 0.441787 0.091879
-0.035436 0.444034 0.098120
-0.061340 0.447021 0.065869
-0.056242 0.442161 0.076632
-0.061722 0.406032 0.072364
-0.059950 0.415145 0.071548
-0.065082 0.412199 0.063202
-0.065546 0.399961 0.063558
-0.060259 0.379869 0.073175
-0.061233 0.369993 0.063071
-0.056480 0.363029 0.074179
-0.054654 0.373061 0.082538
-0.023448 0.389982 0.103449
-0.026489 0.395559 0.101385
-0.032410 0.389983 0.101423
-0.028560 0.383615 0.103238
-0.014219 0.400237 0.106969
-0.010034 0.404058 0.112153
-0.010358 0.409088 0.107110
-0.015294 0.404805 0.103236
-0.018200 0.384808 0.104196
-0.023362 0.378219 0.103338
-0.016937 0.391602 0.106590
-0.018834 0.395544 0.103916
-0.013325 0.387144 0.116725
-0.010451 0.388190 0.121021
-0.011381 0.393554 0.120814
-0.014614 0.391635 0.114860
-0.016673 0.385184 0.108306
-0.013176 0.382388 0.110279
-0.014407 0.385092 0.112960
-0.016623 0.388535 0.110610
-0.013611 0.395986 0.110712
-0.010367 0.399066 0.116794
-0.006255 0.401016 0.122722
-0.007176 0.394115 0.127027
-0.038528 0.370058 0.098296
-0.033045 0.366862 0.100368
-0.028678 0.372463 0.102421
-0.033928 0.376977 0.101566
-0.014219 0.379251 0.107570
-0.016933 0.364264 0.110176
-0.011540 0.365796 0.113736
-0.011442 0.369581 0.113098
-0.017393 0.368153 0.109560
-0.043144 0.354944 0.090965
-0.043025 0.346448 0.088205
-0.036868 0.347886 0.093928
-0.037122 0.354581 0.095571
-0.034379 0.341906 0.093721
-0.040547 0.338125 0.086886
-0.030341 0.324652 0.090064
-0.025547 0.332161 0.099092
-0.030443 0.336727 0.095330
-0.035958 0.330870 0.087706
-0.014532 0.338289 0.106646
-0.019599 0.328143 0.104389
-0.012816 0.325263 0.108715
-0.008814 0.337345 0.109248
-0.016061 0.358108 0.106662
-0.016417 0.360934 0.109096
-0.020278 0.359671 0.105740
-0.019826 0.357690 0.104029
-0.023652 0.357239 0.101518
-0.023589 0.357951 0.102222
-0.025072 0.358570 0.102044
-0.025249 0.357053 0.100861
-0.021918 0.357505 0.102671
-0.022723 0.356433 0.102021
-0.020696 0.355787 0.103567
-0.017399 0.355359 0.106534
-0.004902 0.354307 0.114419
-0.004037 0.358508 0.112720
-0.007125 0.358440 0.111666
-0.008558 0.354555 0.113057
-0.023711 0.360232 0.103724
-0.021249 0.362126 0.106373
-0.022503 0.365142 0.106182
-0.025860 0.362043 0.103370
-0.028769 0.364261 0.102335
-0.030816 0.360115 0.100007
-0.027411 0.359418 0.101300
-0.024370 0.355264 0.100775
-0.027826 0.356400 0.099784
-0.027013 0.353504 0.099139
-0.024982 0.350711 0.100320
-0.022327 0.353689 0.102369
-0.019230 0.352415 0.105510
-0.021742 0.348355 0.103116
-0.017123 0.346586 0.106635
-0.014853 0.351254 0.109438
-0.024734 0.368656 0.104690
-0.031808 0.355457 0.098038
-0.035675 0.361121 0.097815
-0.031276 0.350833 0.097146
-0.029007 0.346574 0.097708
-0.020405 0.340257 0.103337
-0.025410 0.342963 0.099922
-0.022728 0.319295 0.094995
-0.014408 0.315580 0.098800
-0.041542 0.435171 0.093917
-0.033279 0.436141 0.097624
-0.041860 0.427085 0.091337
-0.038221 0.428122 0.093707
-0.038865 0.430882 0.093746
-0.043488 0.429316 0.090345
-0.054451 0.417905 0.077004
-0.056065 0.411365 0.077459
-0.050278 0.416385 0.080793
-0.049840 0.420351 0.081543
-0.043169 0.409573 0.089452
-0.040669 0.416480 0.090300
-0.043617 0.417174 0.087602
-0.047290 0.410608 0.085949
-0.037057 0.416158 0.092515
-0.038336 0.409804 0.092135
-0.033447 0.410992 0.094053
-0.032965 0.416465 0.093887
-0.032276 0.431678 0.095467
-0.032761 0.428770 0.095259
-0.026541 0.428143 0.095007
-0.025102 0.431187 0.095436
-0.016724 0.420879 0.091988
-0.013838 0.420671 0.093595
-0.014472 0.424856 0.093702
-0.017614 0.423409 0.092396
-0.017991 0.419321 0.092704
-0.016076 0.417793 0.094008
-0.036181 0.489203 0.078231
-0.050435 0.480082 0.068576
-0.031542 0.473818 0.091867
-0.060206 0.467633 0.059698
-0.066962 0.452378 0.052911
-0.057313 0.353302 0.066929
-0.050621 0.348220 0.078994
-0.050015 0.357815 0.083676
-0.054985 0.342575 0.062609
-0.048098 0.337757 0.076590
-0.033470 0.320158 0.075796
-0.042424 0.327855 0.075426
-0.060269 0.349798 0.046692
-0.056332 0.341798 0.040906
-0.049257 0.332123 0.058335
-0.060577 0.354789 0.026822
-0.057743 0.351802 0.019507
-0.050574 0.333286 0.032029
-0.035036 0.299770 0.039138
-0.046765 0.303844 0.027310
-0.047388 0.292140 0.024185
-0.036454 0.288245 0.036712
-0.062094 0.359687 0.053437
-0.066978 0.421817 0.054204
-0.068472 0.408400 0.052239
-0.062814 0.423229 0.065270
-0.070308 0.480297 0.024983
-0.075871 0.462984 0.023516
-0.072067 0.458595 0.039221
-0.066523 0.475604 0.043986
-0.042801 0.513988 0.029068
-0.058127 0.499114 0.026942
-0.055279 0.491894 0.050355
-0.040692 0.504198 0.056419
-0.077502 0.463469 0.007544
-0.071377 0.480905 0.002812
-0.072226 0.474729 -0.017934
-0.078013 0.461021 -0.008631
-0.059563 0.498975 -0.000954
-0.060503 0.492553 -0.026388
-0.058615 0.355038 0.008079
-0.055746 0.337054 0.012742
-0.053734 0.321686 0.014717
-0.046591 0.317669 0.030487
-0.043303 0.504312 -0.031862
-0.043025 0.513760 -0.003117
-0.065078 0.432529 -0.049473
-0.071931 0.425045 -0.035383
-0.075389 0.440427 -0.028739
-0.067985 0.450562 -0.044545
-0.054583 0.440157 -0.064803
-0.057085 0.460851 -0.059520
-0.053097 0.380147 -0.040957
-0.045823 0.380629 -0.054839
-0.039491 0.365509 -0.043536
-0.045892 0.364995 -0.031977
-0.051973 0.437162 0.085413
-0.055555 0.431059 0.079132
-0.050769 0.428623 0.084705
-0.047221 0.432528 0.089280
-0.064667 0.435059 0.058714
-0.060340 0.433125 0.069837
-0.073086 0.443165 0.034182
-0.076827 0.447744 0.021190
-0.079182 0.447644 -0.003963
-0.078799 0.448896 0.009113
-0.074279 0.418472 -0.023712
-0.076463 0.428567 -0.019310
-0.059223 0.363092 -0.006128
-0.052274 0.363560 -0.020042
-0.048522 0.345842 -0.015446
-0.055251 0.342426 -0.002819
-0.035079 0.349775 -0.035572
-0.041073 0.348827 -0.025737
-0.051997 0.311430 -0.002783
-0.046652 0.314396 -0.016221
-0.047706 0.302214 -0.019185
-0.051566 0.298840 -0.005495
-0.041010 0.302868 -0.031081
-0.039391 0.316476 -0.027486
-0.031686 0.316856 -0.036437
-0.032277 0.302421 -0.039805
-0.013496 0.283700 0.050590
-0.023995 0.285817 0.044719
-0.026044 0.275814 0.042529
-0.014445 0.274292 0.047703
-0.053275 0.288319 -0.009349
-0.050695 0.292467 -0.023945
-0.058667 0.379504 -0.026983
-0.063543 0.380296 -0.016329
-0.044171 0.292726 -0.036434
-0.046508 0.328660 -0.015066
-0.039094 0.331360 -0.025267
-0.026984 0.349909 -0.043629
-0.030580 0.364982 -0.052816
-0.020736 0.400296 0.101387
-0.023621 0.414397 0.095014
-0.019489 0.415874 0.094613
-0.020580 0.418738 0.093617
-0.024230 0.418023 0.094268
-0.013536 0.456254 0.103903
-0.026426 0.456780 0.099538
-0.023987 0.443340 0.102893
-0.011416 0.439416 0.104951
-0.050355 0.385825 0.091076
-0.044530 0.375934 0.095554
-0.038668 0.383482 0.099849
-0.041496 0.392143 0.096986
-0.046952 0.421868 0.084449
-0.046025 0.423734 0.086581
-0.048502 0.423906 0.084134
-0.041333 0.362929 0.094663
-0.047999 0.366849 0.089569
-0.067472 0.393652 0.051971
-0.057676 0.423786 0.073893
-0.023005 0.524259 0.032004
-0.022174 0.512637 0.062942
-0.023565 0.524301 -0.002955
-0.023758 0.514622 -0.033432
-0.040774 0.468485 -0.070052
-0.022591 0.476435 -0.076351
-0.021942 0.451120 -0.084837
-0.039495 0.445884 -0.076588
-0.033988 0.381735 -0.065748
-0.022497 0.318328 -0.042447
-0.022938 0.302482 -0.045159
-0.020337 0.494500 0.084643
-0.016528 0.475252 0.097649
-0.069064 0.437944 0.046147
-0.061117 0.397579 0.075954
-0.057862 0.390666 0.081791
-0.053740 0.401477 0.085525
-0.056234 0.405556 0.080646
-0.063667 0.388607 0.066816
-0.064734 0.379803 0.054302
-0.065512 0.371602 0.040223
-0.063365 0.360559 0.032969
-0.069449 0.466377 -0.036888
-0.076448 0.453997 -0.022219
-0.042492 0.488824 -0.054895
-0.059041 0.479195 -0.046854
-0.078010 0.443713 -0.015987
-0.023442 0.497975 -0.058514
-0.011070 0.373722 0.112001
-0.009586 0.377599 0.111502
-0.018137 0.373464 0.107441
-0.010081 0.350254 0.112266
-0.011823 0.345374 0.109203
-0.006730 0.344676 0.110525
-0.005717 0.349761 0.113690
-0.013639 0.310895 0.083560
-0.023098 0.314459 0.079643
-0.012992 0.293109 0.054909
-0.022943 0.295448 0.048485
-0.009600 0.385678 0.115386
-0.009948 0.384941 0.113321
-0.008072 0.385162 0.113778
-0.008129 0.386044 0.115725
-0.022393 0.358724 0.103542
-0.006841 0.365993 0.115658
-0.006951 0.362212 0.114246
-0.003949 0.361966 0.114908
-0.003861 0.365605 0.116264
-0.038201 0.320604 0.054692
-0.034888 0.311236 0.044111
-0.051843 0.295276 0.009736
-0.052494 0.307644 0.012693
-0.053100 0.325675 -0.001702
-0.032312 0.333248 -0.034524
-0.023762 0.334678 -0.040927
-0.013506 0.335661 -0.045461
-0.016376 0.350626 -0.049134
-0.023470 0.311185 0.064480
-0.022962 0.304616 0.054525
-0.013109 0.301646 0.060700
-0.013155 0.307436 0.069878
-0.004235 0.383054 0.116875
-0.005150 0.381939 0.114883
-0.003280 0.379894 0.115726
-0.002831 0.382076 0.118381
-0.010738 0.383057 0.111753
-0.008783 0.380283 0.111676
-0.008508 0.382129 0.111738
-0.011530 0.384307 0.113407
-0.010960 0.385668 0.115989
-0.006382 0.386429 0.120502
-0.006180 0.386940 0.125209
-0.009146 0.386325 0.118910
-0.005986 0.384253 0.115467
-0.006276 0.383036 0.113685
-0.008107 0.383744 0.112208
-0.009731 0.383974 0.112201
-0.006706 0.386321 0.118497
-0.008459 0.386180 0.117224
-0.005653 0.406890 0.117386
-0.004472 0.291671 0.057831
-0.004736 0.300075 0.063337
-0.022985 0.357506 0.102024
-0.024098 0.435253 0.099005
-0.048138 0.399819 0.091071
-0.028006 0.401338 0.098841
-0.028326 0.407045 0.096624
-0.034249 0.404233 0.095692
-0.034242 0.397145 0.098396
-0.015414 0.432178 0.098762
-0.010563 0.426602 0.097683
-0.006523 0.428554 0.103250
-0.009985 0.420168 0.097534
-0.013090 0.415288 0.096756
-0.011186 0.412948 0.101858
-0.006507 0.419417 0.105007
-0.046525 0.426874 0.087199
-0.044395 0.425458 0.088920
-0.016321 0.408592 0.099541
-0.017623 0.412080 0.096408
-0.022675 0.409597 0.096593
-0.021913 0.404916 0.098784
-0.040811 0.401531 0.094104
-0.052691 0.423923 0.080072
-0.049620 0.412891 0.082593
-0.063299 0.375494 -0.002610
-0.067119 0.386150 -0.009385
-0.065671 0.368484 0.015404
-0.064777 0.370117 0.011589
-0.060127 0.364785 0.013858
-0.062760 0.364176 0.018252
-0.077666 0.418446 -0.003018
-0.077306 0.418788 0.000825
-0.077783 0.425383 0.001271
-0.077731 0.424574 -0.006188
-0.077322 0.421248 0.007276
-0.076394 0.417439 0.007615
-0.076275 0.416942 0.010922
-0.077283 0.424245 0.009388
-0.075387 0.421713 0.016677
-0.076271 0.433476 0.019610
-0.078181 0.435546 0.009382
-0.070562 0.419729 0.039537
-0.073111 0.428434 0.029238
-0.072799 0.416689 0.022700
-0.071365 0.408315 0.027429
-0.066276 0.374853 0.026184
-0.064870 0.367806 0.022680
-0.060929 0.368179 0.006427
-0.051860 0.419112 -0.065105
-0.062713 0.414313 -0.051111
-0.068620 0.409772 -0.036947
-0.071427 0.406548 -0.024490
-0.039852 0.425381 -0.077058
-0.025582 0.425662 -0.083616
-0.070359 0.402959 0.039884
-0.069569 0.397339 0.028632
-0.058702 0.396154 -0.048080
-0.049104 0.399077 -0.062318
-0.064035 0.394219 -0.033897
-0.067887 0.394190 -0.022038
-0.036647 0.405249 -0.074381
-0.020177 0.402574 -0.080399
-0.019052 0.381552 -0.071666
-0.070085 0.377136 0.016112
-0.070589 0.371624 0.016814
-0.067583 0.370193 0.018325
-0.068169 0.375707 0.020091
-0.068350 0.385858 0.027521
-0.067956 0.388005 0.039109
-0.005857 0.412815 0.111862
-0.006031 0.323985 0.110800
-0.004142 0.337155 0.110886
-0.006185 0.373549 0.114390
-0.006673 0.369700 0.115218
-0.003677 0.369095 0.115847
-0.003327 0.372728 0.115123
-0.018534 0.428726 0.094480
-0.018113 0.365448 -0.059519
-0.012424 0.319810 -0.045583
-0.012344 0.303921 -0.048081
-0.035189 0.291197 -0.045573
-0.024515 0.290219 -0.051179
-0.003021 0.376406 0.114955
-0.005709 0.377009 0.114057
-0.006130 0.385731 0.117277
-0.011420 0.361868 0.112476
-0.006393 0.381734 0.113396
-0.005671 0.379723 0.113793
-0.001307 0.379343 0.116464
-0.001523 0.376051 0.115260
-0.028403 0.412649 0.094994
-0.028508 0.417137 0.094424
-0.004677 0.384777 0.119333
-0.003593 0.383915 0.121833
-0.038436 0.278026 0.033800
-0.048282 0.281184 0.020612
-0.001851 0.361849 0.115118
-0.001860 0.365417 0.116443
-0.071288 0.401718 0.019596
-0.072921 0.408844 0.017523
-0.074033 0.404281 0.012666
-0.072216 0.398246 0.014329
-0.004756 0.282795 0.053673
-0.052623 0.284476 0.005546
-0.013077 0.290505 -0.054511
-0.045797 0.418439 0.085432
-0.046790 0.420075 0.084043
-0.021168 0.426303 0.093432
-0.013029 0.354863 0.110388
-0.011346 0.358316 0.109718
-0.005013 0.305755 0.072123
-0.001293 0.381524 0.119296
-0.074519 0.411341 0.004708
-0.074083 0.407781 0.005475
-0.076698 0.407067 0.007254
-0.076973 0.410189 0.007782
-0.078531 0.413450 0.012261
-0.079790 0.416646 0.010588
-0.080888 0.413300 0.009233
-0.079388 0.410533 0.009930
-0.075225 0.414122 0.014702
-0.076330 0.409674 0.012779
-0.082129 0.417956 0.008847
-0.081790 0.415336 0.007724
-0.077243 0.418427 0.004852
-0.079622 0.419161 0.007488
-0.080811 0.420846 0.003125
-0.084483 0.419039 0.005108
-0.082587 0.420551 -0.002923
-0.086879 0.418237 -0.000103
-0.082697 0.416870 -0.008244
-0.087501 0.415182 -0.005556
-0.069281 0.383551 0.020080
-0.068325 0.384449 0.013753
-0.082255 0.410922 -0.010933
-0.087651 0.410169 -0.008644
-0.081533 0.403489 -0.012788
-0.086715 0.403272 -0.010353
-0.080471 0.394991 -0.012220
-0.084780 0.395954 -0.010125
-0.079013 0.387875 -0.009400
-0.083066 0.389192 -0.007655
-0.076751 0.378935 -0.005035
-0.080956 0.382667 -0.003205
-0.083590 0.413485 -0.004673
-0.082945 0.416358 -0.000898
-0.076132 0.414878 -0.004894
-0.082164 0.417003 0.003938
-0.073253 0.402318 -0.000957
-0.072311 0.400445 -0.000630
-0.074394 0.401450 0.002503
-0.072803 0.403435 0.000809
-0.072673 0.396443 0.010961
-0.072246 0.391171 0.011032
-0.071541 0.391092 0.014679
-0.070126 0.387332 0.010488
-0.069415 0.391777 0.009428
-0.069491 0.388539 0.009221
-0.068786 0.395923 0.008930
-0.069776 0.387149 0.007701
-0.070646 0.385553 0.008719
-0.068807 0.388063 0.007090
-0.068503 0.388937 0.007966
-0.067609 0.390788 0.007096
-0.067799 0.393842 0.004776
-0.070798 0.392917 0.020326
-0.067625 0.381826 -0.000014
-0.070879 0.389853 -0.004273
-0.078233 0.377871 0.002551
-0.075151 0.372137 0.002262
-0.072524 0.368794 0.014608
-0.073999 0.368386 0.009244
-0.074788 0.409903 -0.006087
-0.074204 0.403481 -0.007600
-0.065697 0.375849 0.006716
-0.073137 0.397024 -0.007162
-0.079200 0.386355 -0.002140
-0.076754 0.383155 0.002087
-0.081577 0.391070 -0.005478
-0.071611 0.382341 0.010699
-0.074519 0.381966 0.006688
-0.076021 0.376411 0.008341
-0.073274 0.376387 0.012867
-0.074912 0.386815 0.002749
-0.078038 0.389275 -0.000048
-0.071797 0.388938 0.001874
-0.074763 0.391469 -0.000522
-0.070469 0.387398 0.005074
-0.072379 0.385476 0.005833
-0.068306 0.390824 0.001256
-0.071288 0.394418 -0.001325
-0.068300 0.388800 0.004958
-0.077680 0.394541 -0.001433
-0.074853 0.397449 -0.001425
-0.078173 0.400676 0.000035
-0.080072 0.398242 -0.001524
-0.080443 0.392747 -0.002616
-0.082376 0.396995 -0.004130
-0.082264 0.396760 -0.007623
-0.083052 0.402353 -0.004909
-0.082970 0.403147 -0.008085
-0.081557 0.402214 -0.002158
-0.080189 0.403138 0.000200
-0.083800 0.409187 -0.007074
-0.083140 0.407444 -0.004215
-0.082869 0.411312 -0.002425
-0.082254 0.406004 -0.001626
-0.081785 0.408981 -0.000229
-0.081079 0.405354 -0.000104
-0.080460 0.407007 0.001258
-0.079227 0.414532 0.006232
-0.078069 0.412774 0.007616
-0.080548 0.414774 0.003508
-0.079132 0.412328 0.003587
-0.078318 0.413735 0.004780
-0.076878 0.412684 0.005136
-0.078120 0.410186 0.004208
-0.076125 0.408125 0.003211
-0.017092 0.253314 0.045541
-0.005907 0.252000 0.046268
-0.005254 0.262090 0.047696
-0.015840 0.263564 0.045788
-0.080524 0.410946 0.001668
-0.079446 0.408492 0.002966
-0.081755 0.413757 0.000185
-0.077168 0.404536 0.001125
-0.078172 0.406361 0.002397
-0.079329 0.404835 0.001667
-0.078332 0.403412 0.001110
-0.072425 0.400241 0.009884
-0.070334 0.398788 0.006627
-0.070269 0.396325 0.002787
-0.049350 0.241505 0.031024
-0.045506 0.249896 0.027739
-0.059398 0.255782 0.015903
-0.064290 0.249030 0.018625
-0.060187 0.221101 0.047558
-0.081266 0.229453 0.033450
-0.080661 0.208528 0.051670
-0.063080 0.203379 0.058002
-0.080153 0.190944 0.066516
-0.064265 0.187040 0.070173
-0.077397 0.143615 0.104479
-0.062280 0.142608 0.107927
-0.063032 0.157505 0.095847
-0.078404 0.158675 0.091996
-0.097033 0.071592 0.139375
-0.091248 0.054373 0.136649
-0.078253 0.058555 0.142003
-0.085627 0.073963 0.143711
-0.138835 0.165484 0.060675
-0.140781 0.184274 0.052472
-0.151514 0.175639 0.050876
-0.147839 0.156187 0.057776
-0.091572 0.261491 -0.012207
-0.087755 0.247931 0.009893
-0.079861 0.251967 0.005183
-0.084434 0.264447 -0.014339
-0.139891 0.081637 0.091992
-0.135784 0.070277 0.100278
-0.131622 0.079410 0.107772
-0.134479 0.090797 0.100535
-0.107375 0.002502 0.084820
-0.109567 -0.014940 0.084900
-0.094927 -0.014764 0.100441
-0.093453 0.002234 0.099553
-0.142067 0.020752 0.022958
-0.144269 0.019425 -0.002674
-0.142893 0.005730 -0.004458
-0.141777 0.005737 0.021110
-0.104016 0.142671 0.095031
-0.091463 0.143643 0.099957
-0.092867 0.158682 0.087751
-0.106021 0.158005 0.083123
-0.319449 0.211694 0.013863
-0.319556 0.195676 0.014324
-0.295593 0.196377 0.016222
-0.295237 0.212166 0.015295
-0.145668 -0.077868 0.031083
-0.144477 -0.075263 0.007096
-0.146551 -0.092010 0.010444
-0.147113 -0.094989 0.034373
-0.188416 0.237212 0.025447
-0.174533 0.240327 0.026094
-0.173201 0.256579 0.007265
-0.186288 0.254106 0.008059
-0.138942 0.128585 0.072381
-0.131985 0.135279 0.078223
-0.135853 0.149643 0.069320
-0.142912 0.141037 0.064935
-0.153443 0.046436 -0.005057
-0.152353 0.047219 0.017685
-0.155396 0.063187 0.011892
-0.156556 0.062621 -0.008595
-0.147988 0.033007 0.021265
-0.149405 0.031759 -0.003195
-0.124451 0.138943 0.083609
-0.115055 0.140938 0.089385
-0.117431 0.156943 0.078322
-0.126639 0.155200 0.073670
-0.084933 0.039834 0.127525
-0.069455 0.045126 0.134838
-0.141564 -0.098570 0.057923
-0.131157 -0.102656 0.079062
-0.130147 -0.084773 0.076018
-0.140534 -0.081219 0.054893
-0.076938 0.017907 0.108778
-0.079248 0.029545 0.115547
-0.093423 0.027983 0.106801
-0.091401 0.016898 0.098754
-0.117138 -0.106342 0.097638
-0.100784 -0.109981 0.114882
-0.098708 -0.090493 0.110855
-0.115398 -0.087947 0.094423
-0.079534 0.174431 0.079416
-0.063902 0.172349 0.083358
-0.116765 0.070221 0.125769
-0.113838 0.053704 0.122318
-0.103268 0.053057 0.129925
-0.107687 0.070454 0.133101
-0.156985 0.129483 0.041764
-0.154679 0.143307 0.052180
-0.163729 0.163308 0.045567
-0.166084 0.141906 0.035704
-0.149295 -0.108467 0.012700
-0.149800 -0.111308 0.036789
-0.119549 -0.124946 0.100366
-0.103041 -0.129171 0.117925
-0.199495 0.138256 -0.031342
-0.189549 0.127168 -0.027187
-0.187149 0.129781 -0.013559
-0.197552 0.141230 -0.018397
-0.047729 0.076175 0.144431
-0.062645 0.084181 0.145205
-0.068152 0.068544 0.145543
-0.055552 0.056941 0.141422
-0.110322 0.038916 0.112241
-0.107005 0.028428 0.098824
-0.098498 0.037987 0.119964
-0.032052 0.067885 0.139928
-0.040978 0.043754 0.131815
-0.047358 0.169145 0.086550
-0.046900 0.155388 0.098811
-0.047019 0.183844 0.075237
-0.030220 0.180781 0.079761
-0.028219 0.196230 0.069540
-0.045141 0.199441 0.064561
-0.025231 0.212053 0.061479
-0.041748 0.215579 0.056107
-0.033231 0.236933 0.041461
-0.030282 0.245812 0.037955
-0.148369 0.130116 0.058489
-0.144554 0.118834 0.064990
-0.133659 -0.120363 0.081469
-0.102306 0.202588 -0.097068
-0.101782 0.185838 -0.102214
-0.117046 0.191384 -0.095793
-0.117453 0.207336 -0.091076
-0.099799 0.261264 -0.011089
-0.099009 0.248038 0.011854
-0.170472 0.147417 -0.070310
-0.159135 0.141863 -0.072660
-0.161845 0.130925 -0.067475
-0.170862 0.138246 -0.065538
-0.197643 0.139788 -0.051131
-0.210414 0.147897 -0.054314
-0.209715 0.155046 -0.060832
-0.195340 0.146801 -0.056863
-0.140134 -0.089730 -0.011637
-0.137199 -0.073156 -0.015590
-0.123009 0.033301 -0.068054
-0.133364 0.025842 -0.047724
-0.141182 0.040420 -0.046907
-0.132993 0.049112 -0.065761
-0.017289 0.171181 -0.099634
-0.017550 0.156942 -0.101967
-0.035232 0.160619 -0.105559
-0.034503 0.175171 -0.102684
-0.067836 0.204180 -0.099888
-0.066607 0.218013 -0.094205
-0.048471 0.208680 -0.096736
-0.049564 0.195548 -0.100665
-0.085625 0.195934 -0.101869
-0.085720 0.179049 -0.106589
-0.154991 0.065474 -0.027202
-0.151198 0.049688 -0.025962
-0.161775 0.089562 -0.032092
-0.162300 0.088200 -0.016536
-0.166120 0.097780 -0.019303
-0.165574 0.098334 -0.033338
-0.078026 0.268900 -0.016315
-0.076570 0.274335 -0.037670
-0.084175 0.270857 -0.035594
-0.045375 0.253045 -0.078132
-0.044983 0.247101 -0.081287
-0.056811 0.252800 -0.076375
-0.055318 0.257481 -0.073729
-0.041039 0.093885 -0.112569
-0.021080 0.092542 -0.112253
-0.020600 0.072135 -0.109195
-0.041798 0.071917 -0.109096
-0.169893 0.108842 -0.045573
-0.178369 0.116590 -0.046432
-0.175717 0.121861 -0.054047
-0.167338 0.114156 -0.054569
-0.161174 0.107036 -0.055212
-0.156171 0.098814 -0.056334
-0.159473 0.093144 -0.044982
-0.163888 0.101818 -0.045157
-0.140600 0.064164 -0.062069
-0.147047 0.055940 -0.044965
-0.152142 0.070760 -0.044287
-0.147305 0.078309 -0.059905
-0.016982 0.004856 -0.090264
-0.034867 0.003461 -0.092362
-0.036225 0.025430 -0.098616
-0.017616 0.026176 -0.098724
-0.205393 0.159851 0.002222
-0.205036 0.167479 0.015665
-0.217709 0.171429 0.011441
-0.219752 0.163079 -0.003384
-0.217624 0.177440 -0.072578
-0.228043 0.182644 -0.074063
-0.227091 0.189261 -0.075033
-0.216276 0.184495 -0.074090
-0.240526 0.155981 -0.019927
-0.236354 0.163195 -0.006624
-0.255943 0.161585 -0.008508
-0.259386 0.154078 -0.022914
-0.107519 0.264822 -0.036987
-0.108003 0.261336 -0.011169
-0.099932 0.266685 -0.035439
-0.226794 0.147620 -0.039439
-0.242593 0.149677 -0.043941
-0.242060 0.152395 -0.054369
-0.225740 0.149152 -0.050139
-0.319019 0.226884 0.006121
-0.295086 0.227397 0.007436
-0.281707 0.151190 -0.038451
-0.283476 0.153580 -0.050668
-0.262171 0.151301 -0.048027
-0.261322 0.150592 -0.036129
-0.114401 0.017722 -0.067860
-0.126947 0.011364 -0.048924
-0.114733 -0.086467 -0.047340
-0.129079 -0.088045 -0.031234
-0.124836 -0.071171 -0.035629
-0.110123 -0.069255 -0.051650
-0.142292 -0.106697 -0.009068
-0.117381 -0.104338 -0.043668
-0.131430 -0.105211 -0.028175
-0.062432 0.281095 -0.034213
-0.054575 0.280628 -0.048670
-0.060248 0.275226 -0.053475
-0.069610 0.277983 -0.037229
-0.178325 -0.211730 -0.012114
-0.178836 -0.238112 -0.016649
-0.183794 -0.237739 0.011268
-0.181987 -0.213982 0.017201
-0.031599 0.264533 -0.071198
-0.047509 0.269774 -0.064039
-0.042670 0.276492 -0.058614
-0.029189 0.272688 -0.064941
-0.179066 -0.190593 0.018273
-0.175641 -0.187610 -0.010107
-0.065202 0.275502 -0.015904
-0.072108 0.272146 -0.016802
-0.068803 0.263105 0.000536
-0.062305 0.268275 0.000739
-0.054388 0.263162 0.015599
-0.182315 -0.243989 0.040579
-0.178146 -0.219628 0.043358
-0.049138 0.285587 -0.043000
-0.038692 0.282950 -0.052847
-0.026671 0.281121 -0.058440
-0.013878 0.280320 -0.061519
-0.149446 -0.122690 -0.009312
-0.155424 -0.124546 0.013966
-0.125085 -0.339262 -0.085078
-0.096959 -0.342919 -0.093399
-0.094639 -0.353233 -0.085113
-0.127925 -0.353646 -0.075840
-0.025585 -0.325951 -0.099318
-0.021833 -0.335289 -0.085803
-0.058555 -0.346824 -0.087589
-0.063972 -0.336760 -0.099157
-0.034233 -0.216885 -0.111218
-0.064408 -0.217975 -0.111181
-0.064820 -0.196363 -0.104180
-0.035293 -0.195131 -0.105146
-0.123913 -0.120795 -0.045770
-0.138315 -0.121553 -0.029540
-0.154687 -0.127513 0.038838
-0.182488 -0.376424 0.054307
-0.190519 -0.371462 0.014538
-0.184457 -0.406559 0.013560
-0.178615 -0.411903 0.050926
-0.152079 -0.401491 -0.046663
-0.157412 -0.373162 -0.051610
-0.125175 -0.374675 -0.068595
-0.120631 -0.398909 -0.062265
-0.085105 -0.132904 0.133413
-0.104636 -0.148328 0.119867
-0.086650 -0.152917 0.135551
-0.028910 -0.142520 0.160881
-0.049513 -0.139392 0.154428
-0.048402 -0.160455 0.157903
-0.027605 -0.163186 0.163868
-0.027028 -0.270041 0.138880
-0.012352 -0.269103 0.142438
-0.015757 -0.248839 0.149425
-0.032901 -0.248033 0.144959
-0.168786 -0.225897 0.067386
-0.150777 -0.231200 0.089066
-0.149748 -0.213032 0.089072
-0.165573 -0.206224 0.068024
-0.020010 -0.341722 -0.067727
-0.052226 -0.356785 -0.072149
-0.160911 -0.415641 0.086897
-0.162943 -0.379627 0.090232
-0.131082 -0.419497 0.115301
-0.095579 -0.418787 0.125810
-0.098720 -0.387952 0.128898
-0.133681 -0.385864 0.117671
-0.007984 -0.330697 0.074831
-0.019866 -0.315221 0.101006
-0.023888 -0.329606 0.099370
-0.008490 -0.342796 0.075349
-0.028798 -0.300336 -0.111825
-0.028113 -0.315571 -0.106112
-0.062746 -0.322447 -0.107926
-0.062253 -0.306478 -0.112641
-0.101188 -0.103619 -0.055311
-0.107190 -0.121031 -0.058626
-0.083696 -0.103046 -0.063164
-0.098136 -0.084959 -0.059197
-0.080248 -0.083442 -0.066538
-0.081088 0.034486 -0.094089
-0.098986 0.025239 -0.083036
-0.108212 0.041411 -0.084727
-0.090905 0.052762 -0.097214
-0.052164 0.165917 -0.108775
-0.050854 0.181082 -0.105256
-0.082377 -0.389551 -0.068717
-0.040072 -0.373685 -0.059779
-0.051250 -0.412455 -0.056029
-0.086299 -0.420450 -0.061146
-0.146350 -0.429832 -0.042527
-0.167270 -0.432992 -0.020230
-0.174574 -0.402422 -0.021454
-0.177564 -0.438926 0.012409
-0.172881 -0.443983 0.049370
-0.126725 -0.451324 0.111574
-0.091433 -0.449586 0.120488
-0.011578 -0.412267 0.083073
-0.031551 -0.415922 0.104910
-0.029765 -0.440836 0.096237
-0.011409 -0.435336 0.072833
-0.065707 -0.269647 0.121906
-0.100948 -0.253399 0.115569
-0.101326 -0.275119 0.117368
-0.071601 -0.292185 0.121246
-0.032382 -0.121767 0.156973
-0.048777 -0.118125 0.151723
-0.066963 -0.136339 0.145908
-0.065519 -0.115551 0.143320
-0.083263 -0.113042 0.130840
-0.041601 -0.032764 0.141393
-0.061801 -0.033294 0.131972
-0.061243 -0.052819 0.135661
-0.041633 -0.052534 0.145480
-0.041858 -0.012621 0.136619
-0.062123 -0.013259 0.127756
-0.039663 0.024405 0.122818
-0.061863 0.033887 0.123812
-0.059839 0.020731 0.117026
-0.030884 0.165557 0.090068
-0.030553 0.151530 0.101015
-0.172727 -0.248079 0.065899
-0.013052 -0.379369 -0.033132
-0.001710 -0.389306 -0.003622
-0.005804 -0.415745 -0.011694
-0.021949 -0.411121 -0.038387
-0.175345 -0.197934 0.044502
-0.143946 -0.115434 0.060335
-0.148500 -0.132247 0.062626
-0.133332 0.024624 0.053365
-0.133551 0.006443 0.046333
-0.075941 0.088905 0.143214
-0.077064 0.077336 0.145073
-0.181150 -0.369664 -0.023047
-0.121842 -0.481295 0.106429
-0.116838 -0.509468 0.100354
-0.083897 -0.508396 0.105894
-0.087683 -0.479694 0.113401
-0.006032 -0.456456 0.035459
-0.013053 -0.461699 0.062100
-0.015655 -0.488969 0.051553
-0.011101 -0.484534 0.025534
-0.015064 -0.513258 0.017558
-0.018749 -0.517934 0.043446
-0.020184 -0.545401 0.033451
-0.017971 -0.540306 0.009528
-0.155415 -0.449694 0.085503
-0.159030 -0.503008 0.046955
-0.143631 -0.508225 0.078142
-0.149017 -0.479856 0.082390
-0.165648 -0.474614 0.049045
-0.118960 -0.427160 -0.055316
-0.002333 -0.429796 0.046375
-0.000665 -0.407651 0.057221
-0.021173 -0.479211 -0.022662
-0.038532 -0.477739 -0.042791
-0.031071 -0.446341 -0.040776
-0.013071 -0.447851 -0.017818
-0.142101 -0.484843 -0.037768
-0.158497 -0.489483 -0.015162
-0.162471 -0.461868 -0.016682
-0.143984 -0.457788 -0.038957
-0.170630 -0.468298 0.014677
-0.164120 -0.496262 0.014442
-0.148216 -0.557533 0.043343
-0.132005 -0.562123 0.070591
-0.138029 -0.535714 0.074104
-0.153219 -0.530763 0.045298
-0.154614 -0.550278 0.012693
-0.158996 -0.523610 0.013591
-0.154896 -0.516527 -0.014984
-0.151328 -0.543053 -0.014731
-0.137624 -0.537318 -0.035709
-0.140084 -0.511213 -0.037079
-0.119171 -0.507966 -0.051844
-0.118710 -0.533481 -0.050221
-0.093775 -0.505573 -0.057949
-0.068026 -0.504614 -0.055313
-0.072273 -0.530557 -0.054753
-0.095943 -0.531233 -0.056175
-0.033041 -0.533852 -0.032467
-0.050204 -0.531487 -0.047386
-0.044652 -0.505706 -0.045342
-0.027687 -0.507870 -0.027480
-0.050452 -0.635566 -0.047757
-0.068974 -0.633067 -0.051049
-0.063874 -0.606799 -0.051248
-0.044566 -0.608944 -0.045970
-0.086519 -0.631187 -0.055032
-0.104842 -0.630541 -0.055666
-0.100972 -0.605620 -0.052996
-0.083062 -0.605843 -0.052292
-0.132069 -0.611688 -0.032360
-0.118565 -0.607180 -0.046885
-0.121483 -0.632075 -0.048887
-0.134178 -0.636502 -0.033847
-0.145563 -0.642013 -0.014990
-0.145582 -0.617605 -0.013904
-0.145257 -0.648659 0.008026
-0.148287 -0.625094 0.009918
-0.134462 -0.630873 0.034226
-0.131905 -0.654076 0.031641
-0.022286 -0.622219 0.003987
-0.026419 -0.648360 -0.001735
-0.025850 -0.642790 -0.021617
-0.020803 -0.617076 -0.015281
-0.049080 -0.631623 0.044627
-0.066693 -0.633943 0.064530
-0.067171 -0.657273 0.053778
-0.052043 -0.656480 0.033392
-0.151241 -0.575810 0.011683
-0.143766 -0.583174 0.041283
-0.134538 -0.562504 -0.033668
-0.147809 -0.568406 -0.014170
-0.037140 -0.558747 -0.037361
-0.055241 -0.556454 -0.048959
-0.021477 -0.571862 0.023860
-0.019445 -0.566533 0.001203
-0.095712 -0.612007 0.076283
-0.099430 -0.587503 0.080215
-0.126300 -0.587260 0.066789
-0.120957 -0.611509 0.062640
-0.149577 -0.600737 0.011137
-0.145782 -0.593026 -0.013770
-0.132313 -0.586903 -0.032244
-0.117983 -0.582864 -0.046568
-0.099413 -0.581114 -0.052365
-0.079843 -0.580760 -0.052240
-0.059628 -0.581314 -0.050343
-0.040871 -0.583461 -0.042043
-0.019817 -0.591862 -0.007496
-0.022030 -0.597587 0.013657
-0.091735 -0.657770 0.060948
-0.092967 -0.636040 0.071235
-0.117681 -0.634327 0.057023
-0.116351 -0.656692 0.051565
-0.091586 -0.678245 0.050123
-0.070319 -0.678366 0.043145
-0.090772 -0.657075 -0.058832
-0.108154 -0.656747 -0.058220
-0.124244 -0.658235 -0.051219
-0.146827 -0.666274 -0.017518
-0.142992 -0.673017 0.007078
-0.129206 -0.678291 0.029774
-0.113058 -0.677369 0.044948
-0.039371 -0.695156 -0.028566
-0.034147 -0.668419 -0.024039
-0.033953 -0.672643 -0.006700
-0.040170 -0.698553 -0.010653
-0.058716 -0.689217 -0.055700
-0.074863 -0.685911 -0.065254
-0.073810 -0.659701 -0.052493
-0.057530 -0.662370 -0.046256
-0.094100 -0.683874 -0.069709
-0.112875 -0.683575 -0.067237
-0.130157 -0.684000 -0.059411
-0.148590 -0.692275 -0.020091
-0.138762 -0.661004 -0.038271
-0.144004 -0.686811 -0.043181
-0.142537 -0.698983 0.008385
-0.122297 -0.732722 0.026566
-0.120296 -0.704674 0.028790
-0.144446 -0.726853 0.007675
-0.098786 -0.825241 0.015086
-0.123441 -0.822837 0.014385
-0.120928 -0.855474 0.009020
-0.099342 -0.858158 0.010284
-0.042764 -0.726085 -0.015164
-0.040235 -0.723688 -0.035498
-0.058138 -0.718199 -0.066515
-0.076422 -0.714720 -0.076480
-0.155019 -0.749324 -0.025497
-0.151957 -0.720107 -0.021465
-0.148067 -0.714986 -0.046325
-0.150458 -0.744654 -0.050532
-0.044028 -0.818331 -0.027392
-0.041785 -0.816979 -0.046714
-0.038871 -0.784881 -0.045272
-0.041498 -0.786801 -0.024404
-0.075049 -0.745701 -0.082894
-0.056625 -0.749145 -0.072838
-0.057356 -0.780473 -0.076450
-0.075262 -0.777727 -0.086557
-0.152787 -0.814393 -0.029362
-0.155541 -0.780718 -0.028010
-0.151493 -0.776805 -0.052955
-0.149443 -0.811340 -0.053482
-0.124080 -0.760840 0.023340
-0.146857 -0.755428 0.003671
-0.146945 -0.785506 -0.000520
-0.125455 -0.791219 0.019009
-0.096578 -0.763116 0.024051
-0.098492 -0.793103 0.019918
-0.055214 -0.886040 -0.044748
-0.048449 -0.850776 -0.045810
-0.050236 -0.853257 -0.028166
-0.057476 -0.889200 -0.029144
-0.077908 -0.811264 -0.085893
-0.060081 -0.813404 -0.076879
-0.065221 -0.847978 -0.072506
-0.081164 -0.846526 -0.081071
-0.142277 -0.887060 -0.031854
-0.148263 -0.850016 -0.030972
-0.144364 -0.847963 -0.052732
-0.138224 -0.884892 -0.051744
-0.118848 -0.891190 0.004088
-0.140894 -0.852463 -0.006141
-0.136898 -0.889083 -0.010161
-0.114767 -0.926455 0.001430
-0.098110 -0.928193 0.003315
-0.098988 -0.893148 0.005677
-0.064486 -0.922423 -0.029324
-0.060629 -0.920368 -0.043030
-0.070905 -0.917525 -0.065065
-0.083527 -0.915279 -0.072710
-0.083344 -0.881337 -0.076208
-0.069437 -0.883230 -0.068489
-0.116882 -0.883381 -0.075438
-0.100300 -0.881567 -0.078802
-0.099252 -0.915370 -0.075028
-0.114213 -0.917304 -0.071251
-0.131037 -0.918588 -0.049787
-0.129593 -0.883754 -0.066440
-0.124242 -0.917931 -0.062812
-0.135963 -0.920372 -0.031494
-0.131508 -0.923753 -0.011106
-0.002476 -0.352511 -0.009843
0.001369 -0.364830 0.020610
-0.000193 -0.372904 0.007929
-0.007897 -0.358858 -0.022321
-0.030668 -0.496874 0.077325
-0.030238 -0.467657 0.087209
-0.031369 -0.551582 0.057035
-0.031683 -0.525450 0.068418
-0.031852 -0.577683 0.046270
-0.032694 -0.603392 0.035279
-0.032650 -0.629309 0.025129
-0.035591 -0.653804 0.015955
-0.042491 -0.678024 0.010813
-0.048088 -0.703384 0.008381
-0.052534 -0.757726 0.001522
-0.041955 -0.755861 -0.020158
-0.051836 -0.729638 0.005191
-0.055208 -0.820786 -0.005610
-0.053063 -0.788138 -0.002198
-0.060142 -0.856447 -0.008907
-0.065890 -0.892319 -0.012514
-0.071936 -0.925375 -0.014340
-0.068066 -0.363562 0.127307
-0.038681 -0.370447 0.116258
-0.043066 -0.350622 0.118299
-0.071685 -0.338673 0.126933
-0.001313 -0.341119 0.044284
-0.003483 -0.338700 0.057628
-0.003418 -0.347109 0.057362
-0.000768 -0.347456 0.042371
-0.139639 -0.607559 0.038453
-0.117988 -0.558326 -0.047764
-0.097627 -0.556295 -0.053656
-0.076255 -0.555654 -0.053176
-0.046876 -0.608243 0.057110
-0.048230 -0.582644 0.066021
-0.070599 -0.585809 0.079353
-0.067702 -0.610357 0.072814
-0.094260 -0.737423 0.027449
-0.072146 -0.761316 0.015732
-0.069927 -0.734256 0.019992
-0.093150 -0.714163 0.031776
-0.117843 -0.711263 -0.075507
-0.135573 -0.711842 -0.065208
-0.097566 -0.742581 -0.086200
-0.119590 -0.741245 -0.082367
-0.097466 -0.712357 -0.079024
-0.052561 -0.532578 0.087547
-0.079645 -0.535520 0.097343
-0.074999 -0.561260 0.087950
-0.049830 -0.557539 0.076635
-0.119582 -0.054790 -0.039625
-0.105142 -0.052193 -0.055116
-0.130882 0.048986 0.096113
-0.131288 0.037826 0.077888
-0.119612 0.031458 0.088933
-0.121269 0.042406 0.104371
-0.139763 0.047176 0.070161
-0.138079 0.058162 0.088751
-0.143250 0.070143 0.080616
-0.145809 0.058964 0.063348
-0.160911 0.122090 0.026462
-0.169051 0.131999 0.020273
-0.041132 0.006534 0.130515
-0.019526 0.006478 0.134982
-0.018743 0.023807 0.127445
-0.067926 -0.157159 0.148567
-0.075521 -0.242027 0.128869
-0.043416 -0.270529 0.132492
-0.052356 -0.245594 0.137811
-0.004875 -0.318803 0.099583
-0.053763 -0.000444 -0.090571
-0.055818 0.021624 -0.095667
-0.033259 0.188822 -0.099378
-0.016522 0.184637 -0.096882
-0.030766 0.213148 -0.092492
-0.029589 0.224096 -0.089195
-0.014334 0.219417 -0.088767
-0.014977 0.208626 -0.091461
-0.014593 0.270770 -0.068633
-0.015579 0.261082 -0.074186
0.000402 -0.345094 0.026442
0.000246 -0.352999 0.038905
0.000527 -0.347259 0.017202
-0.013390 -0.392340 0.091798
-0.001246 -0.390311 0.067474
-0.003271 -0.376471 0.074603
-0.016257 -0.375272 0.097835
-0.183699 -0.340754 0.058042
-0.193716 -0.335929 0.018966
-0.089120 -0.369282 -0.074910
-0.329535 0.161682 -0.052793
-0.331552 0.170377 -0.062960
-0.308173 0.165865 -0.063112
-0.306025 0.157533 -0.052309
-0.063166 0.095434 -0.112480
-0.069506 0.069756 -0.106811
-0.074101 0.258086 0.002118
-0.126410 0.262154 -0.007481
-0.126866 0.251721 0.015349
-0.117567 0.250599 0.012327
-0.116714 0.261680 -0.010108
-0.129225 0.225375 -0.078342
-0.127890 0.239541 -0.067884
-0.117205 0.238557 -0.073015
-0.117556 0.223114 -0.084018
-0.032304 -0.239338 -0.115520
-0.062873 -0.240963 -0.116291
-0.036670 -0.059961 -0.075103
-0.056491 -0.062463 -0.075131
-0.053401 -0.043248 -0.079968
-0.034556 -0.039717 -0.080044
-0.092599 0.083587 -0.104852
-0.106420 0.068323 -0.095077
-0.029490 0.090390 0.138808
-0.029507 0.108148 0.131675
-0.045786 0.111638 0.131891
-0.045614 0.095524 0.140377
-0.276636 0.188689 -0.074585
-0.256137 0.176677 -0.072723
-0.261607 0.167000 -0.068169
-0.284263 0.173742 -0.070555
-0.185103 -0.330306 -0.026542
-0.159727 -0.346768 -0.058102
-0.134150 -0.024173 -0.028947
-0.122038 -0.021079 -0.050756
-0.119321 -0.038159 -0.045588
-0.131361 -0.041112 -0.024959
-0.140428 0.021398 -0.025872
-0.136832 0.007540 -0.027891
-0.146446 0.034518 -0.025697
-0.186615 0.129252 -0.046927
-0.188561 0.126312 -0.038708
-0.199111 0.136755 -0.042168
-0.034682 -0.391879 0.111782
-0.046206 -0.311708 0.115666
-0.040611 -0.297184 0.117358
0.000027 -0.339448 0.030705
-0.056346 0.275160 0.002600
-0.050484 0.271493 0.017212
-0.226135 0.150304 -0.027716
-0.242605 0.150870 -0.032393
-0.171921 0.106367 -0.021304
-0.169463 0.109347 -0.006231
-0.177988 0.118477 -0.009609
-0.180349 0.115054 -0.023833
-0.180302 0.114207 -0.036334
-0.171995 0.106265 -0.034721
-0.129602 0.171588 0.063254
-0.118900 0.174523 0.067519
-0.119501 0.192270 0.056846
-0.130260 0.189568 0.054147
-0.107552 0.174888 0.071488
-0.094226 0.174801 0.075304
-0.095017 0.192479 0.062502
-0.108124 0.193252 0.059409
-0.070323 0.241716 0.024517
-0.054552 0.234344 0.038947
-0.037383 0.228559 0.048653
-0.022351 0.224660 0.055082
-0.015963 0.250509 -0.079510
-0.014691 0.240131 -0.083550
-0.030507 0.243680 -0.083040
-0.034705 0.255017 -0.077590
-0.042735 0.259019 0.027718
-0.029174 0.255581 0.038393
-0.017881 0.243263 0.045960
-0.320183 0.237688 -0.007035
-0.296542 0.238467 -0.006548
-0.055952 0.285367 -0.029018
-0.058204 0.280452 -0.012881
-0.297546 0.243369 -0.023389
-0.321504 0.242631 -0.023429
-0.109548 0.230954 0.030957
-0.108516 0.248986 0.011600
-0.119120 0.232067 0.029662
-0.040665 0.268221 0.029905
-0.028267 0.265342 0.040355
-0.191950 -0.300024 0.025900
-0.181115 -0.303695 0.060622
-0.138443 -0.064379 0.051555
-0.142958 -0.061530 0.027459
-0.020304 -0.032592 0.146253
-0.020570 -0.052482 0.150500
-0.004986 0.272645 0.050319
-0.045076 -0.095345 0.149550
-0.024670 -0.099307 0.155097
-0.021919 -0.074223 0.153127
-0.042595 -0.073315 0.147930
-0.019184 -0.123821 0.159823
-0.018521 -0.134929 0.161386
-0.020667 -0.286096 0.131937
-0.009596 -0.285214 0.134799
-0.236040 0.214987 0.023343
-0.219868 0.215387 0.026773
-0.216914 0.233397 0.020308
-0.234068 0.232481 0.016048
-0.063278 -0.093483 0.140748
-0.081331 -0.092180 0.127086
-0.151841 0.118537 0.047739
-0.155532 0.110956 0.032239
-0.018536 0.041995 0.130243
-0.061089 0.099996 0.139792
-0.061263 0.114476 0.130949
-0.076055 0.116123 0.128096
-0.075715 0.102829 0.137430
0.000030 -0.342911 0.025099
-0.217334 0.224816 -0.067868
-0.205552 0.221767 -0.069177
-0.208739 0.211966 -0.072670
-0.220581 0.216530 -0.071508
0.002145 -0.384691 0.038878
0.001346 -0.400486 0.027923
-0.015524 -0.344299 -0.047307
-0.003740 -0.339355 -0.032403
-0.057539 -0.446974 0.113645
-0.061216 -0.417651 0.120792
-0.055542 -0.476689 0.105104
-0.053820 -0.505472 0.096768
-0.056632 -0.679898 0.025946
-0.067039 -0.706202 0.025739
-0.074328 -0.791412 0.011495
-0.076075 -0.823709 0.007252
-0.078781 -0.858349 0.002821
-0.081126 -0.894162 -0.001429
-0.083419 -0.927821 -0.002791
-0.323444 0.241475 -0.039781
-0.297978 0.241960 -0.041337
-0.301769 0.233944 -0.055048
-0.326877 0.234375 -0.052990
-0.279881 0.153773 -0.024901
-0.277388 0.160821 -0.010404
-0.299398 0.160899 -0.011841
-0.301272 0.155142 -0.026303
-0.323998 0.157025 -0.027550
-0.326725 0.157318 -0.040895
-0.303367 0.153852 -0.039937
-0.331844 0.182970 -0.069981
-0.331130 0.197336 -0.072455
-0.305959 0.193614 -0.073822
-0.308770 0.178551 -0.070788
-0.329229 0.223996 -0.063037
-0.305337 0.222841 -0.064628
-0.306437 0.209321 -0.071337
-0.330812 0.211301 -0.069871
-0.319861 0.181249 0.008988
-0.320580 0.169447 -0.000511
-0.297562 0.169946 0.001156
-0.296342 0.181819 0.010941
-0.214886 0.249104 0.005456
-0.232828 0.246432 0.001630
-0.178515 0.153847 0.027907
-0.178735 0.169026 0.037190
-0.192127 0.174257 0.032234
-0.190934 0.162097 0.021029
-0.272328 0.228246 0.009967
-0.252210 0.230200 0.013057
-0.252038 0.243300 -0.001532
-0.273688 0.240343 -0.004690
-0.273277 0.182366 0.013376
-0.274895 0.170876 0.003110
-0.252879 0.171254 0.005396
-0.251937 0.182045 0.017090
-0.284791 0.161367 -0.062039
-0.262456 0.156735 -0.058928
-0.221786 0.196511 0.028093
-0.237300 0.196476 0.024696
-0.149160 0.107489 0.053896
-0.160170 0.089732 0.001583
-0.163781 0.100098 -0.002454
-0.122585 0.056493 0.114834
-0.123861 0.070793 0.118312
-0.149207 0.051353 0.041236
-0.152883 0.066405 0.034215
-0.129796 0.061671 0.107551
-0.128576 0.071141 0.112023
-0.078581 0.003158 0.112261
-0.019254 0.234029 0.048907
-0.252991 0.213391 0.020208
-0.252415 0.196482 0.021482
-0.239355 0.168530 -0.069447
-0.223664 0.162267 -0.065498
-0.224380 0.154526 -0.058942
-0.241470 0.160057 -0.063615
-0.124070 0.108208 -0.093396
-0.109814 0.096215 -0.099990
-0.120658 0.083076 -0.090193
-0.132668 0.096764 -0.084164
-0.217222 0.239617 -0.057298
-0.221067 0.246864 -0.048524
-0.205535 0.248295 -0.047580
-0.203910 0.239608 -0.057502
-0.208271 0.255276 -0.033693
-0.226074 0.252498 -0.035373
-0.230582 0.253267 -0.017442
-0.212132 0.256738 -0.014889
-0.179903 -0.264696 -0.024595
-0.188000 -0.265651 0.004345
-0.137119 -0.138151 0.083834
-0.121811 -0.143499 0.102536
-0.103411 -0.232540 0.118483
-0.022046 -0.345407 0.101139
-0.006395 -0.354391 0.076921
-0.001008 -0.423330 0.017515
-0.186279 -0.267016 0.032129
-0.006061 -0.451730 0.008706
-0.012650 -0.481382 0.001033
-0.063819 -0.477839 -0.055164
-0.091673 -0.479284 -0.058545
-0.089510 -0.451114 -0.059014
-0.058700 -0.447702 -0.055358
-0.119170 -0.481701 -0.052330
-0.119136 -0.454541 -0.052951
-0.105011 -0.562299 0.086171
-0.097513 -0.775510 -0.089894
-0.119495 -0.809963 -0.084739
-0.120011 -0.773867 -0.086090
-0.098615 -0.810273 -0.088952
-0.138567 -0.774477 -0.072752
-0.137960 -0.741616 -0.070488
-0.144235 -0.817916 -0.002725
-0.100220 -0.845907 -0.084206
-0.118872 -0.846506 -0.080830
-0.137773 -0.809615 -0.072765
-0.134301 -0.846571 -0.070015
0.001426 -0.373430 0.048662
-0.162960 -0.344931 0.091968
-0.160541 -0.314036 0.094807
-0.102327 -0.300897 0.122148
-0.072974 -0.314877 0.124351
-0.096981 -0.072215 0.107560
-0.113755 -0.070457 0.091445
-0.110571 -0.033376 0.085761
-0.124828 -0.031689 0.067947
-0.126254 -0.049648 0.070060
-0.112114 -0.052241 0.088477
-0.141308 -0.028266 0.021282
-0.140937 -0.026507 -0.004728
-0.139271 -0.043354 -0.001399
-0.141114 -0.045008 0.023855
-0.140944 -0.059349 0.002706
-0.132443 -0.057368 -0.019908
-0.071262 -0.026000 -0.081034
-0.088836 -0.030142 -0.073307
-0.089944 -0.010856 -0.079233
-0.072236 -0.005451 -0.086297
-0.031150 -0.288924 0.124993
-0.001332 -0.356050 0.057217
-0.064843 -0.389738 0.125510
-0.101203 -0.357367 0.129517
-0.134474 -0.352601 0.118208
-0.223707 0.155628 -0.015978
-0.150655 0.134878 -0.075743
-0.154113 0.123603 -0.070263
-0.245276 0.248496 -0.037876
-0.250287 0.249335 -0.020244
-0.234651 0.181627 0.020861
-0.202205 0.234533 0.023781
-0.205170 0.214781 0.030713
-0.190615 0.215668 0.034628
-0.128123 -0.241374 0.104119
-0.154309 -0.254057 0.089585
-0.129672 -0.263985 0.107085
-0.001019 -0.340682 -0.015516
-0.046348 -0.330738 0.117670
-0.017473 -0.510050 -0.005765
-0.021483 -0.536871 -0.012765
-0.024404 -0.562088 -0.020072
-0.026745 -0.587127 -0.026970
-0.029432 -0.612396 -0.033464
-0.035103 -0.637866 -0.038551
-0.043329 -0.664492 -0.038161
-0.047093 -0.691988 -0.043823
-0.039118 -0.753928 -0.041349
-0.044872 -0.751534 -0.058915
-0.045958 -0.720982 -0.052714
-0.045079 -0.782949 -0.062615
-0.047965 -0.815412 -0.062601
-0.054489 -0.849428 -0.060521
-0.060050 -0.884099 -0.057805
-0.063357 -0.918595 -0.055179
0.000055 -0.338506 0.011175
-0.000500 -0.340076 -0.000857
-0.098480 0.230074 0.032087
-0.165099 0.115314 0.009978
-0.173120 0.124250 0.004884
-0.219982 0.180867 0.024332
-0.282602 0.220509 -0.067158
-0.277875 0.232529 -0.058614
-0.233296 0.171950 0.008045
-0.179218 0.143655 0.014813
-0.190114 0.153780 0.008695
-0.511768 0.239992 -0.021788
-0.511007 0.243934 -0.034787
-0.530695 0.240808 -0.033203
-0.530874 0.236197 -0.021231
-0.511392 0.230845 -0.012153
-0.530209 0.227110 -0.012903
-0.508930 0.173347 -0.028890
-0.507867 0.181524 -0.017923
-0.527336 0.182136 -0.022032
-0.528320 0.174895 -0.033047
-0.547594 0.212668 -0.010535
-0.546413 0.201350 -0.011995
-0.527713 0.203131 -0.009161
-0.529179 0.215801 -0.008760
-0.509775 0.174759 -0.056984
-0.509145 0.183760 -0.067001
-0.490144 0.179874 -0.064474
-0.491003 0.171249 -0.053368
-0.428648 0.175908 -0.007996
-0.431690 0.166127 -0.018419
-0.415654 0.167118 -0.012275
-0.413063 0.177217 -0.002543
-0.472382 0.247855 -0.022881
-0.470630 0.248874 -0.037235
-0.490893 0.246666 -0.035986
-0.492173 0.243808 -0.022072
-0.469240 0.210734 -0.002298
-0.467741 0.195866 -0.004295
-0.446504 0.198867 -0.002939
-0.447919 0.214124 -0.002320
-0.452219 0.250666 -0.024813
-0.450515 0.249401 -0.038962
-0.508903 0.205621 -0.006267
-0.507621 0.192466 -0.010463
-0.488019 0.193827 -0.006843
-0.489568 0.208225 -0.003828
-0.547441 0.181920 -0.060381
-0.547027 0.191123 -0.068218
-0.528116 0.187575 -0.068212
-0.528696 0.178448 -0.059215
-0.545976 0.191526 -0.017545
-0.546462 0.183103 -0.025652
-0.526904 0.191803 -0.014159
-0.549153 0.234600 -0.055462
-0.549682 0.238336 -0.043907
-0.529810 0.240261 -0.046254
-0.529009 0.235442 -0.058349
-0.468947 0.172850 -0.019415
-0.467698 0.182734 -0.009949
-0.488031 0.181489 -0.013781
-0.489127 0.172666 -0.024229
-0.472542 0.239167 -0.010478
-0.492179 0.234830 -0.011221
-0.508490 0.236084 -0.060988
-0.509743 0.242122 -0.048289
-0.489284 0.243259 -0.049847
-0.488328 0.235040 -0.062013
-0.468462 0.219220 -0.070579
-0.468679 0.203159 -0.070902
-0.488178 0.207173 -0.072310
-0.488053 0.222347 -0.070258
-0.448205 0.174147 -0.013950
-0.450621 0.166000 -0.026088
-0.471829 0.168108 -0.048535
-0.471211 0.176096 -0.060633
-0.452446 0.171818 -0.055742
-0.452545 0.164761 -0.041988
-0.414031 0.234345 -0.005762
-0.414198 0.246635 -0.016641
-0.430751 0.246194 -0.014087
-0.429343 0.233727 -0.005110
-0.431546 0.251344 -0.027613
-0.414287 0.250295 -0.030791
-0.389959 0.241487 -0.047940
-0.389945 0.231227 -0.056159
-0.400656 0.232336 -0.054730
-0.400974 0.243625 -0.047114
-0.431698 0.208465 -0.070379
-0.431237 0.191813 -0.066415
-0.449634 0.197789 -0.068945
-0.449526 0.214682 -0.070861
-0.417487 0.173315 -0.055790
-0.419834 0.164067 -0.043760
-0.434766 0.167326 -0.049920
-0.432681 0.177817 -0.060579
-0.366506 0.163724 -0.043074
-0.364948 0.160757 -0.030774
-0.380247 0.161251 -0.031437
-0.381476 0.165717 -0.043567
-0.375821 0.168871 -0.004195
-0.360818 0.168850 -0.003483
-0.360566 0.179872 0.005976
-0.375296 0.179921 0.005285
-0.365246 0.237551 -0.008697
-0.365395 0.244090 -0.024480
-0.378067 0.245328 -0.022986
-0.378383 0.237628 -0.008098
-0.417200 0.202839 -0.069632
-0.414159 0.186264 -0.064114
-0.388838 0.168530 -0.005411
-0.387892 0.179077 0.004235
-0.400194 0.178249 0.001582
-0.401768 0.167773 -0.007895
-0.387322 0.207491 0.006105
-0.389037 0.222490 0.001562
-0.399954 0.220819 0.000359
-0.399390 0.205806 0.003879
-0.389280 0.236423 -0.007008
-0.389244 0.246000 -0.021085
-0.401207 0.245653 -0.018638
-0.401066 0.235307 -0.006313
-0.407525 0.200953 -0.068263
-0.406942 0.212902 -0.065060
-0.398817 0.209596 -0.065344
-0.399689 0.197893 -0.067610
-0.405629 0.170071 -0.049699
-0.406891 0.162174 -0.037816
-0.412137 0.204107 0.001137
-0.412360 0.189776 0.001979
-0.399805 0.191508 0.006011
-0.401282 0.248514 -0.033468
-0.367990 0.169252 -0.053179
-0.368820 0.177348 -0.062257
-0.353201 0.174286 -0.062212
-0.352124 0.166051 -0.052976
-0.350200 0.161236 -0.042204
-0.347855 0.159373 -0.029508
-0.343287 0.169148 -0.002117
-0.342557 0.180581 0.007297
-0.342549 0.194882 0.012188
-0.342268 0.210260 0.011834
-0.361093 0.209753 0.009760
-0.360831 0.194057 0.010925
-0.343769 0.237280 -0.007520
-0.345054 0.242816 -0.023835
-0.366079 0.243385 -0.038646
-0.347441 0.241801 -0.039345
-0.391249 0.161749 -0.019084
-0.378032 0.162234 -0.017292
-0.508020 0.224481 -0.069221
-0.507808 0.210578 -0.072500
-0.527562 0.213020 -0.071610
-0.528454 0.225583 -0.067090
-0.546780 0.202864 -0.070859
-0.527566 0.199875 -0.071864
-0.510407 0.219038 -0.006762
-0.491226 0.222341 -0.004902
-0.548731 0.223831 -0.013448
-0.412859 0.219125 -0.001185
-0.427981 0.217074 -0.002328
-0.389654 0.219301 -0.061447
-0.379220 0.229381 -0.057347
-0.379739 0.217590 -0.063682
-0.416818 0.218647 -0.064872
-0.431419 0.225340 -0.064376
-0.430901 0.237697 -0.052175
-0.413199 0.231554 -0.054337
-0.391481 0.194843 -0.067312
-0.390522 0.207231 -0.066526
-0.380749 0.205063 -0.067892
-0.381393 0.192135 -0.067764
-0.363238 0.224897 0.003420
-0.377311 0.224028 0.002427
-0.351366 0.225152 -0.061342
-0.366906 0.227352 -0.058918
-0.366825 0.237077 -0.050017
-0.350651 0.234962 -0.051865
-0.378937 0.239304 -0.048830
-0.351952 0.213482 -0.067932
-0.367468 0.215795 -0.065629
-0.342542 0.225494 0.005443
-0.368661 0.189613 -0.068116
-0.368236 0.203062 -0.069091
-0.352603 0.200386 -0.070600
-0.353044 0.186421 -0.068986
-0.508200 0.196435 -0.071742
-0.488874 0.192748 -0.070237
-0.418991 0.160998 -0.027650
-0.434391 0.162061 -0.034433
-0.404835 0.161238 -0.022331
-0.509840 0.170620 -0.043218
-0.528922 0.173393 -0.046788
-0.470734 0.166848 -0.032997
-0.490505 0.168342 -0.038572
-0.468250 0.233775 -0.063162
-0.393350 0.175083 -0.055410
-0.394191 0.167655 -0.045585
-0.403271 0.178713 -0.058956
-0.344816 0.161875 -0.015006
-0.362736 0.162287 -0.016465
-0.406934 0.190811 -0.067081
-0.322062 0.161325 -0.013284
-0.413873 0.245350 -0.044836
-0.389521 0.247442 -0.035536
-0.378560 0.245519 -0.037151
-0.549939 0.237926 -0.031459
-0.471090 0.225989 -0.003577
-0.426839 0.201959 -0.001791
-0.427169 0.187680 -0.002563
-0.392170 0.183429 -0.063396
-0.381967 0.180325 -0.062468
-0.381919 0.172194 -0.053636
-0.375102 0.209192 0.008005
-0.375375 0.193890 0.009673
-0.547629 0.176435 -0.049233
-0.387708 0.193182 0.008034
-0.430164 0.248768 -0.041963
-0.015673 0.196974 -0.094130
-0.142998 0.037845 0.046840
-0.105095 0.017880 0.087196
-0.118415 0.020353 0.072491
-0.156542 0.093648 0.020740
-0.159752 0.105383 0.015171
-0.183491 0.135536 0.000660
-0.193333 0.146211 -0.005067
-0.149416 0.072288 0.055060
-0.076372 0.420387 -0.011228
-0.074593 0.413398 -0.013926
-0.078497 0.433661 -0.011004
-0.016237 -0.111730 0.157591
-0.074144 0.406068 0.000985
-0.071857 0.398861 -0.002129
-0.076413 0.402365 -0.000077
-0.073664 0.407070 0.002672
-0.073754 0.408086 0.003073
-0.078986 0.435808 -0.000925
-0.072276 0.405295 -0.014560
-0.070230 0.396484 -0.013173
-0.077361 0.421805 0.004903
-0.049909 -0.122238 -0.075407
-0.026144 -0.121688 -0.076039
-0.028671 -0.138792 -0.082577
-0.054436 -0.139603 -0.081281
-0.031667 -0.157526 -0.090400
-0.149556 -0.191779 -0.060323
-0.165495 -0.188583 -0.037091
-0.160234 -0.168147 -0.035626
-0.144582 -0.170234 -0.057281
-0.165000 -0.152061 -0.010796
-0.153507 -0.151000 -0.034250
-0.170874 -0.168076 -0.010181
-0.174811 -0.171646 0.017449
-0.169374 -0.154920 0.016150
-0.171286 -0.178232 0.043784
-0.166869 -0.160024 0.042614
-0.162338 -0.186412 0.067336
-0.148315 -0.194361 0.088749
-0.129027 -0.221728 0.105029
-0.105671 -0.209830 0.121357
-0.128496 -0.202221 0.106632
-0.059171 -0.221327 0.143530
-0.081994 -0.216862 0.133596
-0.019420 -0.226195 0.155864
-0.038559 -0.224652 0.151093
-0.096243 0.210842 0.048824
-0.076823 0.267546 -0.054829
-0.084235 0.264335 -0.054507
-0.091807 0.268178 -0.034444
-0.102544 0.218704 -0.090166
-0.103235 0.235104 -0.079582
-0.085411 0.227478 -0.088042
-0.085306 0.211997 -0.095593
-0.068098 0.260096 -0.067813
-0.063920 0.262211 -0.067383
-0.072937 0.256103 -0.069361
-0.044478 0.239613 -0.084261
-0.059824 0.247367 -0.079141
-0.126107 0.261393 -0.032261
-0.126490 0.252805 -0.053015
-0.135537 0.252866 -0.048783
-0.136756 0.261423 -0.028276
-0.130292 0.210683 -0.085329
-0.130894 0.195516 -0.089485
-0.141259 0.199026 -0.085256
-0.139847 0.213199 -0.080834
-0.170167 0.261950 -0.015050
-0.166652 0.255735 -0.035509
-0.178911 0.256969 -0.033441
-0.182546 0.260943 -0.013544
-0.138037 0.227058 -0.073487
-0.083835 0.102775 -0.110843
-0.101335 0.111609 -0.106174
-0.116120 0.120181 -0.100547
-0.147384 0.146477 -0.080340
-0.139214 0.139418 -0.084863
-0.143014 0.126885 -0.080387
-0.156736 0.152981 -0.077830
-0.166978 0.156642 -0.074417
-0.192018 0.193420 0.036678
-0.178298 0.191634 0.042034
-0.176219 0.217309 0.037039
-0.191169 0.163806 -0.067733
-0.178770 0.157273 -0.068081
-0.180523 0.150497 -0.064456
-0.192954 0.158433 -0.065020
-0.116254 0.262340 -0.035345
-0.178481 0.246633 -0.048271
-0.166343 0.244324 -0.049971
-0.166112 0.233666 -0.060216
-0.178047 0.236850 -0.058397
-0.179313 0.225375 -0.066185
-0.168052 0.221743 -0.068459
-0.169789 0.209668 -0.074131
-0.181049 0.213595 -0.071811
-0.190287 0.170846 -0.070806
-0.176729 0.165001 -0.071451
-0.199605 0.251515 0.007633
-0.147737 0.261128 0.001376
-0.147179 0.248231 0.023223
-0.136197 0.250584 0.019483
-0.136577 0.262036 -0.003274
-0.210314 0.147729 -0.023412
-0.207224 0.153040 -0.011154
-0.211907 0.143838 -0.035246
-0.183943 0.135795 -0.054644
-0.211837 0.143805 -0.045809
-0.205938 0.178257 0.027827
-0.206942 0.195111 0.031689
-0.148232 0.225410 0.036603
-0.136961 0.229371 0.034514
-0.196187 0.259175 -0.013624
-0.192744 0.256760 -0.033073
-0.205541 0.170601 -0.070100
-0.207325 0.165636 -0.067993
-0.219558 0.172745 -0.071134
-0.173125 0.129567 -0.060339
-0.181887 0.144391 -0.060630
-0.146801 0.261361 -0.023509
-0.191066 0.248045 -0.048122
-0.190940 0.238077 -0.058562
-0.158062 0.218360 -0.072207
-0.155752 0.230709 -0.064160
-0.146755 0.228740 -0.068822
-0.148988 0.215597 -0.076635
-0.193153 0.218054 -0.070541
-0.196360 0.206866 -0.073645
-0.151125 0.202253 -0.081388
-0.160180 0.205658 -0.077474
-0.204135 0.177365 -0.072446
-0.127589 0.232078 0.031440
-0.129626 0.211151 0.043997
-0.119731 0.212302 0.044749
-0.151153 0.200802 0.045978
-0.139385 0.206632 0.044838
-0.164857 0.193871 0.045658
-0.109130 0.211979 0.047161
-0.400834 0.187104 -0.065017
-0.222368 0.168770 -0.069435
-0.235127 0.174605 -0.072066
-0.230971 0.178894 -0.073425
-0.282110 0.206256 -0.072888
-0.003017 0.344447 0.111336
-0.002561 0.349598 0.114339
-0.001835 0.368983 0.115977
-0.001756 0.372422 0.115272
-0.398801 0.220772 -0.059724
-0.406109 0.221810 -0.059445
-0.449227 0.230473 -0.063672
-0.469072 0.243293 -0.050772
-0.449393 0.241760 -0.051626
-0.451931 0.243383 -0.011411
-0.450189 0.229873 -0.003132
-0.446806 0.185193 -0.006607
-0.450685 0.183164 -0.064416
-0.586591 0.227101 -0.017192
-0.587741 0.233511 -0.026683
-0.606730 0.231243 -0.023661
-0.605229 0.223971 -0.015103
-0.623380 0.221309 -0.013187
-0.621751 0.211429 -0.011202
-0.604021 0.214389 -0.011654
-0.619904 0.202410 -0.014008
-0.602569 0.204593 -0.013129
-0.618615 0.195138 -0.020091
-0.618543 0.190472 -0.027643
-0.601546 0.190780 -0.025367
-0.601492 0.196513 -0.018229
-0.583768 0.185689 -0.031458
-0.602073 0.186940 -0.034034
-0.602673 0.184773 -0.043378
-0.584397 0.181750 -0.041541
-0.620808 0.195452 -0.060549
-0.621558 0.203433 -0.064118
-0.603752 0.200955 -0.065299
-0.603224 0.192131 -0.061057
-0.586790 0.218855 -0.064690
-0.585535 0.208313 -0.067453
-0.604785 0.211064 -0.065618
-0.606030 0.220989 -0.062682
-0.623638 0.223666 -0.061568
-0.624912 0.230687 -0.054059
-0.607050 0.228826 -0.056305
-0.549666 0.232992 -0.020754
-0.568107 0.230096 -0.019267
-0.567063 0.220598 -0.012999
-0.583521 0.197901 -0.016153
-0.565139 0.199685 -0.014198
-0.565969 0.209845 -0.011631
-0.584377 0.207173 -0.012307
-0.547181 0.176927 -0.036510
-0.565212 0.184240 -0.028763
-0.565876 0.179416 -0.039206
-0.583398 0.191023 -0.022826
-0.564853 0.191286 -0.020362
-0.584576 0.182620 -0.052135
-0.602883 0.186379 -0.053082
-0.588447 0.235221 -0.037998
-0.588556 0.233215 -0.049080
-0.607778 0.233204 -0.046311
-0.607645 0.234208 -0.035097
-0.566173 0.179578 -0.050826
-0.569093 0.233830 -0.052244
-0.569206 0.236610 -0.041062
-0.587830 0.227306 -0.058465
-0.568326 0.226739 -0.061339
-0.625556 0.232883 -0.032188
-0.624979 0.229112 -0.020876
-0.568876 0.235508 -0.029151
-0.584632 0.188460 -0.061264
-0.584921 0.197740 -0.066645
-0.565974 0.194439 -0.067461
-0.566070 0.185172 -0.060899
-0.547480 0.214847 -0.069329
-0.566290 0.205281 -0.068858
-0.567240 0.216579 -0.066790
-0.622290 0.213223 -0.064656
-0.548381 0.226432 -0.064500
-0.699757 0.188768 -0.025922
-0.690663 0.186170 -0.024407
-0.695552 0.184299 -0.015180
-0.704261 0.187506 -0.017196
-0.676319 0.176940 -0.008305
-0.668490 0.180731 -0.001138
-0.678215 0.181286 0.006498
-0.684566 0.177980 0.000439
-0.707726 0.188908 -0.009210
-0.699457 0.184820 -0.007424
-0.706774 0.193075 -0.003796
-0.715139 0.199092 -0.006311
-0.715294 0.192701 -0.009883
-0.722756 0.202165 -0.007596
-0.709822 0.209216 -0.008520
-0.721322 0.210679 -0.011446
-0.704708 0.219747 -0.030821
-0.702261 0.220439 -0.040459
-0.715971 0.218632 -0.041231
-0.718058 0.217474 -0.031014
-0.707726 0.214269 -0.058116
-0.712866 0.216739 -0.049808
-0.699140 0.219125 -0.048279
-0.695266 0.217052 -0.055938
-0.693939 0.191322 -0.039327
-0.684427 0.189803 -0.039555
-0.686567 0.188874 -0.033478
-0.695708 0.190672 -0.033971
-0.704215 0.195368 0.005541
-0.700793 0.203065 -0.000642
-0.706145 0.199673 -0.002117
-0.705622 0.192186 0.004065
-0.661108 0.183418 -0.050198
-0.649873 0.185458 -0.048538
-0.650183 0.185628 -0.040360
-0.660503 0.183893 -0.043085
-0.653924 0.182791 -0.015115
-0.649036 0.185986 -0.021890
-0.644085 0.195180 -0.012366
-0.650660 0.193607 -0.007649
-0.660290 0.181114 -0.008457
-0.657119 0.192116 -0.002623
-0.666003 0.190655 0.002890
-0.676574 0.189146 0.009714
-0.648921 0.188642 -0.058533
-0.656770 0.186349 -0.061708
-0.770125 0.196048 -0.013513
-0.770740 0.194289 -0.018675
-0.765309 0.194479 -0.018029
-0.764738 0.196235 -0.012811
-0.656653 0.204149 -0.068736
-0.658590 0.213138 -0.065971
-0.651861 0.212680 -0.065871
-0.650168 0.203254 -0.067253
-0.664928 0.204363 -0.071150
-0.667219 0.213485 -0.066482
-0.772338 0.207976 -0.012516
-0.771240 0.203894 -0.010101
-0.765738 0.204780 -0.010168
-0.766598 0.208887 -0.012864
-0.712830 0.189257 -0.017331
-0.708747 0.189945 -0.025683
-0.730386 0.190580 -0.020146
-0.719278 0.190144 -0.024708
-0.721088 0.190571 -0.015643
-0.729192 0.192120 -0.014072
-0.712231 0.191488 -0.043198
-0.702345 0.191881 -0.043008
-0.706024 0.191756 -0.036376
-0.716224 0.191243 -0.036535
-0.699589 0.188530 -0.053832
-0.708955 0.188921 -0.054537
-0.707602 0.186813 -0.060514
-0.699323 0.186564 -0.059354
-0.728108 0.191115 -0.050472
-0.736940 0.193503 -0.051445
-0.735301 0.193481 -0.056118
-0.726885 0.190538 -0.055480
-0.645761 0.213004 -0.065993
-0.643560 0.203504 -0.066273
-0.699297 0.206839 -0.073690
-0.694912 0.199964 -0.078818
-0.703564 0.197957 -0.082413
-0.707819 0.205338 -0.077204
-0.661280 0.220466 -0.059719
-0.654199 0.221227 -0.060208
-0.773328 0.210096 -0.017337
-0.767581 0.211148 -0.017746
-0.667742 0.200925 0.000833
-0.678947 0.197772 0.008251
-0.658514 0.203317 -0.004659
-0.651919 0.205042 -0.007933
-0.644981 0.206833 -0.009294
-0.724199 0.190590 -0.029371
-0.703227 0.191003 -0.032641
-0.692400 0.190864 -0.043280
-0.688025 0.183636 -0.069768
-0.680609 0.183948 -0.069457
-0.684045 0.183633 -0.060576
-0.690512 0.184245 -0.063012
-0.693006 0.191327 -0.080103
-0.694643 0.185795 -0.076304
-0.702752 0.185395 -0.077958
-0.701656 0.189971 -0.082534
-0.702411 0.197922 0.009063
-0.695004 0.203571 0.002993
-0.655637 0.194303 -0.068300
-0.648885 0.194805 -0.065105
-0.642296 0.196075 -0.062567
-0.672280 0.186377 -0.041927
-0.660168 0.183823 -0.038603
-0.661005 0.182371 -0.033023
-0.673465 0.186202 -0.037872
-0.680493 0.180960 -0.022367
-0.668971 0.177597 -0.017721
-0.686570 0.179571 -0.012796
-0.649592 0.185525 -0.032862
-0.641660 0.188140 -0.038762
-0.641325 0.188669 -0.030271
-0.641859 0.188611 -0.047865
-0.641894 0.191131 -0.056459
-0.632519 0.188877 -0.037708
-0.631952 0.190097 -0.029258
-0.633078 0.189507 -0.046988
-0.633538 0.192395 -0.055022
-0.636945 0.224535 -0.060865
-0.635746 0.214295 -0.065224
-0.646744 0.222688 -0.060765
-0.634071 0.199637 -0.013686
-0.641566 0.190984 -0.021275
-0.632505 0.193388 -0.021216
-0.635964 0.209186 -0.010301
-0.690373 0.179050 0.006300
-0.696154 0.179108 0.010990
-0.700808 0.180798 0.006309
-0.696254 0.181518 0.001656
-0.730430 0.203962 -0.009001
-0.729704 0.197020 -0.009528
-0.722307 0.195059 -0.009400
-0.669182 0.182969 -0.055742
-0.665052 0.185123 -0.065790
-0.732852 0.191115 -0.025354
-0.759631 0.209450 -0.013097
-0.758922 0.205075 -0.010158
-0.746674 0.204868 -0.010049
-0.747824 0.210066 -0.013206
-0.741675 0.195296 -0.028829
-0.739425 0.192866 -0.023905
-0.747184 0.193352 -0.023578
-0.749418 0.197004 -0.027800
-0.731652 0.191288 -0.061961
-0.724745 0.188909 -0.061556
-0.731122 0.212563 -0.031661
-0.730129 0.214748 -0.020984
-0.719334 0.216384 -0.020262
-0.710251 0.190460 -0.049205
-0.719322 0.190396 -0.049883
-0.718159 0.189327 -0.055101
-0.727408 0.191170 -0.031725
-0.733777 0.192006 -0.029883
-0.731195 0.192027 -0.035474
-0.723700 0.191233 -0.036428
-0.684577 0.202510 -0.075903
-0.682499 0.191056 -0.077578
-0.770365 0.199650 -0.010514
-0.765002 0.200208 -0.010040
-0.634473 0.203997 -0.064824
-0.634061 0.196968 -0.060953
-0.700446 0.190593 -0.048309
-0.706591 0.217044 -0.019930
-0.690912 0.189554 -0.047547
-0.722931 0.204922 -0.068002
-0.722158 0.198932 -0.071977
-0.729287 0.198548 -0.070156
-0.730004 0.204632 -0.068742
-0.760551 0.199010 -0.027290
-0.759308 0.194962 -0.023137
-0.766419 0.195897 -0.023512
-0.767409 0.199873 -0.027187
-0.737317 0.192444 -0.018992
-0.736216 0.193926 -0.013776
-0.744992 0.194914 -0.013473
-0.745666 0.192831 -0.018478
-0.736828 0.198657 -0.010383
-0.745600 0.199478 -0.010266
-0.761540 0.205110 -0.028287
-0.761284 0.210358 -0.024447
-0.749659 0.210288 -0.025531
-0.750892 0.203842 -0.028847
-0.683092 0.219537 -0.054103
-0.680257 0.216639 -0.061521
-0.692055 0.213652 -0.063947
-0.703555 0.210615 -0.066528
-0.713958 0.206454 -0.068744
-0.718914 0.211996 -0.060295
-0.688685 0.209878 -0.070309
-0.740238 0.203687 -0.033975
-0.740168 0.208839 -0.028072
-0.739164 0.209089 -0.035306
-0.689493 0.187099 -0.053957
-0.758178 0.200194 -0.009908
-0.657269 0.222316 -0.018894
-0.658271 0.227146 -0.029695
-0.667574 0.225389 -0.030672
-0.665365 0.220233 -0.018303
-0.758140 0.193983 -0.017925
-0.757916 0.195691 -0.012808
-0.723886 0.188900 -0.067703
-0.729980 0.191353 -0.067030
-0.729855 0.193126 -0.070736
-0.724518 0.191737 -0.072534
-0.677537 0.212655 -0.067808
-0.710213 0.196425 -0.085074
-0.713204 0.204357 -0.080404
-0.669621 0.219198 -0.060076
-0.672154 0.222395 -0.052297
-0.663521 0.224677 -0.050846
-0.726850 0.212428 -0.051043
-0.686161 0.221288 -0.046914
-0.674480 0.223669 -0.045157
-0.665086 0.226140 -0.042396
-0.657374 0.228068 -0.040961
-0.656209 0.226524 -0.050413
-0.760568 0.211830 -0.018267
-0.768228 0.209935 -0.023760
-0.647823 0.228419 -0.050511
-0.637918 0.230602 -0.051634
-0.638726 0.232059 -0.041462
-0.648959 0.230158 -0.040748
-0.677063 0.224109 -0.037105
-0.678775 0.223116 -0.028709
-0.688988 0.222116 -0.039381
-0.691629 0.221318 -0.030401
-0.728308 0.216083 -0.041688
-0.782156 0.204920 -0.025966
-0.774172 0.205110 -0.026681
-0.773425 0.200128 -0.027321
-0.781605 0.200659 -0.026993
-0.768129 0.205285 -0.027409
-0.774061 0.209190 -0.023120
-0.693334 0.217968 -0.019255
-0.738680 0.194808 -0.035012
-0.678164 0.217233 -0.015781
-0.697582 0.212319 -0.008080
-0.687204 0.210906 -0.004606
-0.661615 0.213226 -0.009113
-0.670611 0.210268 -0.004760
-0.647299 0.216700 -0.012082
-0.654381 0.214778 -0.011309
-0.637849 0.218846 -0.012444
-0.681656 0.205763 0.002837
-0.777641 0.195193 -0.014455
-0.778179 0.194007 -0.019887
-0.649470 0.224237 -0.019251
-0.639460 0.226602 -0.019463
-0.692332 0.180357 -0.004486
-0.680366 0.186020 -0.051384
-0.681774 0.188180 -0.046622
-0.673415 0.184329 -0.068413
-0.677400 0.183076 -0.058416
-0.639506 0.231224 -0.030117
-0.619202 0.188023 -0.036180
-0.619734 0.187825 -0.045330
-0.625493 0.233170 -0.043564
-0.778053 0.198573 -0.011120
-0.739949 0.198997 -0.053174
-0.738565 0.199674 -0.055078
-0.685449 0.181407 0.011851
-0.693122 0.181540 0.015752
-0.696014 0.192457 0.017576
-0.693528 0.186486 0.018041
-0.684897 0.187864 0.014805
-0.687518 0.195113 0.013822
-0.671823 0.185805 -0.045153
-0.671448 0.184641 -0.049572
-0.674361 0.203955 -0.073460
-0.672664 0.193001 -0.075111
-0.737640 0.204674 -0.010099
-0.730519 0.210732 -0.013057
-0.738302 0.210142 -0.013808
-0.748464 0.212527 -0.019106
-0.741583 0.199615 -0.033376
-0.743638 0.201841 -0.029965
-0.663979 0.180022 -0.026076
-0.676130 0.184204 -0.031306
-0.701363 0.186180 -0.001448
-0.704346 0.186819 0.003070
-0.720688 0.191046 -0.043263
-0.737823 0.211185 -0.049195
-0.737854 0.214188 -0.041766
-0.728805 0.191649 -0.043180
-0.780354 0.206686 -0.012617
-0.779217 0.202536 -0.010400
-0.738916 0.213160 -0.020446
-0.716314 0.187562 -0.061364
-0.733154 0.207801 -0.054979
-0.739367 0.205521 -0.052254
-0.707747 0.189927 -0.083543
-0.649937 0.229032 -0.029568
-0.771991 0.195668 -0.024355
-0.779590 0.195729 -0.025137
-0.781726 0.207958 -0.022736
-0.780975 0.208904 -0.017444
-0.663794 0.193955 -0.072102
-0.683036 0.189387 -0.043125
-0.620200 0.190401 -0.054019
-0.690623 0.201475 0.009296
-0.699451 0.197210 0.014069
-0.736378 0.193136 -0.043515
-0.717601 0.203167 -0.074641
-0.726661 0.210585 -0.062129
-0.732694 0.209968 -0.063586
-0.736641 0.208687 -0.057557
-0.739586 0.204160 -0.056136
-0.787933 0.207425 -0.022663
-0.787419 0.208296 -0.017472
-0.787094 0.206195 -0.012681
-0.785513 0.202037 -0.010725
-0.783745 0.198228 -0.011735
-0.788220 0.204659 -0.025673
-0.787319 0.200653 -0.026620
-0.785019 0.195998 -0.024911
-0.793355 0.204067 -0.025767
-0.794285 0.206787 -0.022692
-0.799310 0.203807 -0.012340
-0.794114 0.205755 -0.012923
-0.797146 0.206222 -0.014987
-0.800577 0.205604 -0.014660
-0.804766 0.205039 -0.015015
-0.803793 0.202628 -0.013178
-0.796411 0.207175 -0.017759
-0.800607 0.206970 -0.018183
-0.800254 0.206219 -0.021901
-0.804641 0.205990 -0.022347
-0.805146 0.206707 -0.018675
-0.796868 0.206767 -0.020876
-0.792905 0.207698 -0.017533
-0.807634 0.202367 -0.015229
-0.807654 0.204686 -0.015798
-0.808790 0.205771 -0.018951
-0.809631 0.203089 -0.019329
-0.791169 0.201712 -0.011056
-0.797486 0.200753 -0.011879
-0.802721 0.199799 -0.013474
-0.806712 0.199538 -0.015904
-0.796617 0.197615 -0.013399
-0.801988 0.197416 -0.015337
-0.805287 0.197514 -0.017542
-0.796491 0.195216 -0.016602
-0.801843 0.195953 -0.017945
-0.788388 0.195182 -0.015427
-0.789179 0.198081 -0.012140
-0.804312 0.196658 -0.018885
-0.808604 0.200334 -0.020027
-0.799290 0.205116 -0.024442
-0.804047 0.204332 -0.024692
-0.798725 0.203042 -0.026111
-0.803598 0.202140 -0.025894
-0.808143 0.203820 -0.023564
-0.807877 0.205749 -0.022268
-0.782881 0.195097 -0.015118
-0.783419 0.194315 -0.020427
-0.788827 0.194301 -0.020547
-0.796674 0.194332 -0.021322
-0.790055 0.196241 -0.024869
-0.792342 0.200387 -0.026588
-0.798025 0.200149 -0.026500
-0.797029 0.196562 -0.025311
-0.802787 0.199548 -0.025934
-0.802143 0.197144 -0.024594
-0.801965 0.195798 -0.021421
-0.805880 0.198993 -0.024130
-0.807308 0.201285 -0.024162
-0.806662 0.198288 -0.020779
-0.804567 0.197628 -0.023523
-0.804659 0.197035 -0.021198
-0.776251 0.197629 -0.044388
-0.775848 0.196353 -0.049413
-0.768755 0.196994 -0.047765
-0.769325 0.198106 -0.042881
-0.776637 0.209109 -0.041317
-0.776776 0.204002 -0.039555
-0.770323 0.205081 -0.038324
-0.770158 0.210058 -0.040365
-0.775876 0.211399 -0.046750
-0.769441 0.212456 -0.046025
-0.762482 0.210558 -0.038985
-0.762687 0.205419 -0.037026
-0.749227 0.204174 -0.035709
-0.749121 0.209781 -0.036845
-0.746231 0.195330 -0.050237
-0.747534 0.199283 -0.053202
-0.776701 0.200061 -0.040937
-0.769986 0.200852 -0.039587
-0.760888 0.200656 -0.054295
-0.760542 0.197096 -0.051205
-0.768736 0.197809 -0.052381
-0.769044 0.200958 -0.055557
-0.747079 0.196213 -0.038768
-0.746088 0.194744 -0.044537
-0.748516 0.199755 -0.036287
-0.761322 0.205823 -0.055174
-0.761597 0.210829 -0.051953
-0.748300 0.211287 -0.049969
-0.748478 0.205589 -0.053440
-0.762119 0.200871 -0.038166
-0.760412 0.196307 -0.046299
-0.761213 0.197595 -0.041317
-0.761746 0.213050 -0.044938
-0.769248 0.210052 -0.052938
-0.785086 0.205404 -0.057169
-0.776075 0.205346 -0.056571
-0.775938 0.200828 -0.056974
-0.785333 0.201165 -0.058042
-0.769280 0.205463 -0.055872
-0.775814 0.209555 -0.053310
-0.786240 0.196964 -0.046503
-0.785992 0.196087 -0.051612
-0.786465 0.199244 -0.043020
-0.748471 0.213855 -0.042892
-0.785860 0.207815 -0.042896
-0.786288 0.202845 -0.041614
-0.775780 0.197249 -0.054164
-0.785439 0.197154 -0.056077
-0.784802 0.209058 -0.053975
-0.784791 0.210482 -0.047875
-0.792171 0.208311 -0.054850
-0.792448 0.209598 -0.049262
-0.793491 0.207343 -0.044388
-0.793121 0.202591 -0.043176
-0.792585 0.199280 -0.044565
-0.792191 0.205267 -0.057781
-0.791884 0.201562 -0.058615
-0.791294 0.197674 -0.056871
-0.798897 0.205107 -0.058815
-0.799931 0.207954 -0.056295
-0.811914 0.205128 -0.048601
-0.806720 0.205770 -0.046853
-0.807450 0.207573 -0.049401
-0.812269 0.207749 -0.050134
-0.801147 0.207305 -0.046335
-0.803972 0.208128 -0.049165
-0.803241 0.208820 -0.051986
-0.807366 0.209164 -0.053014
-0.806594 0.208142 -0.056563
-0.811365 0.208352 -0.057750
-0.812397 0.209707 -0.053976
-0.803103 0.208318 -0.055175
-0.815918 0.207852 -0.051341
-0.816129 0.205462 -0.051499
-0.799180 0.209220 -0.050885
-0.799103 0.202856 -0.044475
-0.805649 0.202496 -0.046138
-0.811302 0.202201 -0.048872
-0.815324 0.202575 -0.052357
-0.804913 0.199235 -0.047716
-0.810697 0.199613 -0.050356
-0.814058 0.200547 -0.053413
-0.804336 0.196896 -0.051012
-0.810176 0.198040 -0.053017
-0.796673 0.197027 -0.049050
-0.797659 0.199357 -0.045782
-0.812789 0.199426 -0.054423
-0.818050 0.206813 -0.055652
-0.816961 0.203847 -0.056298
-0.817324 0.209835 -0.054688
-0.805796 0.206505 -0.058274
-0.810926 0.206410 -0.059359
-0.805193 0.204948 -0.060074
-0.810732 0.204889 -0.060824
-0.815540 0.207036 -0.059184
-0.815239 0.208876 -0.058111
-0.791947 0.197118 -0.047888
-0.791431 0.196365 -0.052580
-0.796210 0.196100 -0.053720
-0.803833 0.196173 -0.055694
-0.796070 0.197753 -0.057838
-0.797687 0.201727 -0.059522
-0.804380 0.201995 -0.060520
-0.803656 0.198403 -0.059386
-0.810030 0.202353 -0.060775
-0.809389 0.199481 -0.059699
-0.809622 0.197818 -0.056666
-0.813781 0.202270 -0.059724
-0.815121 0.204710 -0.059938
-0.815099 0.201425 -0.056710
-0.812406 0.200350 -0.059107
-0.812928 0.199682 -0.056845
-0.764500 0.196324 -0.066812
-0.762911 0.193620 -0.070956
-0.757353 0.194323 -0.069219
-0.759129 0.196731 -0.065064
-0.764870 0.206915 -0.067151
-0.765617 0.204147 -0.065311
-0.760035 0.204622 -0.063035
-0.758710 0.208000 -0.064755
-0.763494 0.207916 -0.071553
-0.756785 0.208883 -0.069611
-0.752521 0.208560 -0.062602
-0.754258 0.204479 -0.060782
-0.744842 0.203761 -0.058180
-0.743178 0.208606 -0.059823
-0.765600 0.200355 -0.065193
-0.760131 0.200622 -0.063163
-0.748631 0.195213 -0.074326
-0.749320 0.193311 -0.071478
-0.755973 0.194026 -0.073404
-0.755316 0.195910 -0.076037
-0.741809 0.195067 -0.059965
-0.739292 0.192721 -0.063997
-0.744039 0.198978 -0.058329
-0.748629 0.200144 -0.075409
-0.748757 0.206088 -0.073450
-0.738393 0.205420 -0.070811
-0.737738 0.199154 -0.072101
-0.754436 0.200077 -0.061069
-0.750934 0.193374 -0.067134
-0.753040 0.196009 -0.062965
-0.750062 0.209332 -0.067835
-0.755345 0.205773 -0.074961
-0.771094 0.200713 -0.080922
-0.761275 0.200409 -0.078663
-0.761181 0.195700 -0.078292
-0.770915 0.196486 -0.081018
-0.755078 0.200302 -0.077139
-0.762118 0.205352 -0.076443
-0.772994 0.195567 -0.069837
-0.771729 0.193347 -0.073978
-0.774061 0.199351 -0.068287
-0.740452 0.209753 -0.065387
-0.737307 0.193869 -0.071396
-0.774100 0.205602 -0.069927
-0.774427 0.202866 -0.068266
-0.761541 0.193298 -0.075458
-0.770720 0.193500 -0.078512
-0.771686 0.204908 -0.078720
-0.772743 0.207054 -0.073949
-0.778067 0.204724 -0.080574
-0.779248 0.206475 -0.075811
-0.780737 0.205219 -0.071780
-0.780615 0.202091 -0.070224
-0.779648 0.198713 -0.070376
-0.777609 0.200781 -0.082618
-0.777172 0.197137 -0.082385
-0.776216 0.193996 -0.079908
-0.782282 0.200634 -0.084167
-0.783839 0.204182 -0.082050
-0.797060 0.203162 -0.076059
-0.792559 0.203446 -0.074466
-0.792477 0.204349 -0.076542
-0.796799 0.204648 -0.077673
-0.786909 0.204845 -0.073741
-0.789116 0.205038 -0.075966
-0.787717 0.205667 -0.078498
-0.791687 0.205799 -0.079797
-0.789847 0.204066 -0.082942
-0.794051 0.204129 -0.084270
-0.796001 0.205848 -0.081070
-0.786913 0.204873 -0.081424
-0.799666 0.204866 -0.078943
-0.800385 0.203231 -0.078397
-0.784337 0.205979 -0.077413
-0.785865 0.201635 -0.071614
-0.791647 0.200850 -0.073204
-0.796629 0.200511 -0.075416
-0.799546 0.200407 -0.078248
-0.790296 0.197772 -0.073714
-0.795301 0.197673 -0.075978
-0.797835 0.197795 -0.078531
-0.788750 0.195132 -0.075515
-0.793915 0.195622 -0.077629
-0.782568 0.195469 -0.073613
-0.784358 0.198270 -0.071866
-0.796219 0.196435 -0.079091
-0.800593 0.203325 -0.082427
-0.799722 0.200251 -0.082487
-0.799589 0.205647 -0.082082
-0.788487 0.202554 -0.084569
-0.793108 0.202251 -0.085655
-0.787450 0.199988 -0.085380
-0.792557 0.199948 -0.086192
-0.797267 0.202746 -0.085443
-0.797267 0.204441 -0.084608
-0.778201 0.195638 -0.072032
-0.776694 0.193768 -0.075601
-0.781065 0.193817 -0.076900
-0.787560 0.193644 -0.078972
-0.780448 0.194123 -0.080974
-0.781484 0.197135 -0.083452
-0.786832 0.197111 -0.084859
-0.786586 0.194363 -0.082762
-0.792006 0.197445 -0.085620
-0.791914 0.195182 -0.083902
-0.792845 0.194564 -0.080612
-0.795720 0.197812 -0.084924
-0.796633 0.200214 -0.085605
-0.797884 0.197791 -0.082036
-0.794707 0.196157 -0.083839
-0.795853 0.196107 -0.081429
-0.737605 0.192582 -0.068241
-0.740008 0.192000 -0.090229
-0.737964 0.189895 -0.092631
-0.734183 0.190319 -0.089895
-0.736075 0.192310 -0.087623
-0.740613 0.201595 -0.092517
-0.741914 0.198987 -0.089893
-0.737790 0.199470 -0.086799
-0.736396 0.202487 -0.089379
-0.737874 0.201295 -0.096709
-0.733466 0.202275 -0.093785
-0.731558 0.202668 -0.085608
-0.733227 0.199271 -0.083010
-0.725634 0.198699 -0.077569
-0.723383 0.202866 -0.079422
-0.712583 0.189689 -0.084707
-0.713903 0.187608 -0.081225
-0.720044 0.188042 -0.084750
-0.717926 0.189340 -0.087960
-0.741483 0.195371 -0.089348
-0.737538 0.195604 -0.086386
-0.726016 0.189891 -0.092840
-0.728097 0.188858 -0.089737
-0.732278 0.189537 -0.092820
-0.730564 0.190380 -0.095808
-0.716646 0.187298 -0.077593
-0.720069 0.188579 -0.074388
-0.724326 0.190580 -0.078706
-0.722353 0.188625 -0.081522
-0.725580 0.193885 -0.077773
-0.725007 0.193313 -0.094599
-0.725960 0.198407 -0.093760
-0.716891 0.198320 -0.088816
-0.716862 0.192955 -0.089475
-0.733101 0.195205 -0.083085
-0.730124 0.189680 -0.086667
-0.731970 0.191878 -0.084179
-0.728368 0.202787 -0.090101
-0.731062 0.198292 -0.097001
-0.739652 0.192577 -0.104294
-0.733858 0.193209 -0.100660
-0.734165 0.189927 -0.099020
-0.739643 0.189638 -0.102834
-0.729903 0.193591 -0.097633
-0.735270 0.197610 -0.099904
-0.745550 0.191472 -0.093634
-0.743219 0.189325 -0.096054
-0.746854 0.194667 -0.093007
-0.719759 0.204038 -0.084285
-0.746439 0.200416 -0.096109
-0.747434 0.197894 -0.093684
-0.735920 0.189079 -0.095732
-0.741097 0.188676 -0.099550
-0.741091 0.196716 -0.103500
-0.743643 0.200149 -0.100075
-0.745823 0.196372 -0.106400
-0.748251 0.199755 -0.102967
-0.750869 0.199729 -0.098746
-0.751518 0.197354 -0.096136
-0.750512 0.194249 -0.095407
-0.744288 0.192246 -0.106938
-0.744100 0.189718 -0.105135
-0.744946 0.188934 -0.101847
-0.748658 0.192372 -0.108608
-0.750771 0.196403 -0.108379
-0.763314 0.196732 -0.103828
-0.759825 0.197455 -0.102019
-0.759372 0.198081 -0.104053
-0.762605 0.197954 -0.105284
-0.755129 0.198850 -0.101161
-0.756346 0.198871 -0.103337
-0.754491 0.198811 -0.105592
-0.757704 0.198762 -0.106913
-0.755827 0.196693 -0.109621
-0.759276 0.196244 -0.111149
-0.761070 0.198665 -0.108517
-0.753564 0.197623 -0.108196
-0.764758 0.198000 -0.106786
-0.765709 0.196478 -0.106339
-0.752015 0.199192 -0.104655
-0.755130 0.196826 -0.098460
-0.759704 0.195871 -0.100567
-0.763787 0.194956 -0.103059
-0.765633 0.194121 -0.106110
-0.758455 0.193662 -0.100082
-0.762618 0.192927 -0.102896
-0.764288 0.192308 -0.105753
-0.756465 0.191368 -0.100664
-0.760846 0.191138 -0.103413
-0.751842 0.191520 -0.098181
-0.753806 0.194181 -0.097636
-0.762840 0.191270 -0.105421
-0.765013 0.195750 -0.109928
-0.764795 0.193407 -0.109168
-0.763882 0.198151 -0.109929
-0.754551 0.194783 -0.110682
-0.758727 0.194117 -0.112076
-0.753154 0.192090 -0.110268
-0.758259 0.191800 -0.111461
-0.762248 0.194628 -0.111958
-0.761843 0.196437 -0.111819
-0.748903 0.191405 -0.096066
-0.746724 0.189433 -0.098433
-0.749776 0.189458 -0.100322
-0.754514 0.189508 -0.102613
-0.748346 0.188910 -0.103657
-0.747897 0.189875 -0.106777
-0.752913 0.189872 -0.108720
-0.753272 0.188767 -0.105819
-0.758185 0.190154 -0.109857
-0.758406 0.189303 -0.107554
-0.759324 0.189770 -0.105041
-0.761883 0.191033 -0.109506
-0.762281 0.192486 -0.111041
-0.763810 0.191754 -0.108018
-0.761303 0.190237 -0.108119
-0.762346 0.190686 -0.106810
-0.712553 0.192734 -0.086493
-0.711200 0.195080 0.014613
-0.712751 0.192635 0.010850
-0.707664 0.178798 0.011404
-0.711011 0.183029 0.008718
-0.704186 0.178046 0.016200
-0.702959 0.184754 0.022835
-0.702841 0.180604 0.020454
-0.713006 0.188552 0.008727
-0.708375 0.194779 0.019235
-0.705002 0.190381 0.022438
-0.716419 0.193486 0.024066
-0.713463 0.188902 0.027642
-0.711074 0.182801 0.028060
-0.710071 0.178414 0.024710
-0.710346 0.176181 0.019725
-0.718516 0.194069 0.018926
-0.719176 0.191579 0.014275
-0.718088 0.186688 0.011555
-0.725599 0.193023 0.023046
-0.726365 0.192332 0.029603
-0.729217 0.178655 0.037341
-0.724818 0.179280 0.035071
-0.726214 0.182730 0.036512
-0.729329 0.182343 0.039278
-0.720319 0.181495 0.032784
-0.724189 0.183788 0.034830
-0.726129 0.187783 0.034544
-0.728236 0.187865 0.036800
-0.728254 0.190982 0.033366
-0.730969 0.191750 0.034646
-0.731239 0.187631 0.039819
-0.732625 0.182536 0.041002
-0.734628 0.186330 0.041006
-0.733705 0.179853 0.039471
-0.722504 0.187789 0.032127
-0.717045 0.177096 0.028661
-0.723763 0.176164 0.032007
-0.729823 0.176035 0.034494
-0.734928 0.177902 0.035904
-0.724250 0.174268 0.027213
-0.731037 0.175204 0.030173
-0.735172 0.177620 0.031929
-0.726099 0.175542 0.022595
-0.732279 0.176720 0.026784
-0.717633 0.175822 0.017634
-0.716364 0.174805 0.023186
-0.735071 0.178027 0.029149
-0.737677 0.183974 0.039459
-0.738439 0.182101 0.035331
-0.732155 0.192537 0.031035
-0.733935 0.191224 0.036886
-0.735963 0.191226 0.033346
-0.732335 0.191878 0.026449
-0.736921 0.189577 0.029699
-0.738225 0.188766 0.036404
-0.736012 0.189783 0.038978
-0.712298 0.177190 0.014670
-0.715471 0.181136 0.011828
-0.720577 0.180110 0.014519
-0.728369 0.179736 0.019473
-0.723614 0.186002 0.014531
-0.725382 0.190993 0.017802
-0.732308 0.189135 0.022398
-0.730932 0.184798 0.019613
-0.736683 0.186844 0.026738
-0.735540 0.183549 0.024832
-0.733884 0.179844 0.025007
-0.738245 0.184267 0.029819
-0.739046 0.186494 0.032887
-0.737652 0.181038 0.031655
-0.737072 0.182726 0.027914
-0.736322 0.180352 0.028665
-0.708861 0.185980 -0.079444
-0.711567 0.185325 -0.074417
-0.704841 0.184495 -0.072703
-0.696474 0.183816 -0.071134
-0.687930 0.185714 -0.075022
-0.698268 0.184693 -0.065047
-0.706666 0.185370 -0.066931
-0.715881 0.186571 -0.068926
-0.693039 0.185759 -0.058611
-0.040820 0.425593 0.090733
-0.037740 0.426456 0.092639
-0.039653 0.419349 0.090247
-0.042198 0.419803 0.088416
-0.032636 0.419264 0.093110
-0.036429 0.419134 0.092018
-0.033051 0.427041 0.094062
-0.027563 0.426532 0.093996
-0.019888 0.422248 0.091491
-0.018250 0.420754 0.091501
-0.018997 0.419862 0.091927
-0.021193 0.419941 0.092099
-0.024790 0.419716 0.093048
-0.045243 0.422323 0.085763
-0.044447 0.423469 0.086928
-0.042911 0.424562 0.088704
-0.028653 0.419489 0.093571
-0.044019 0.420445 0.086669
-0.045070 0.421278 0.085668
-0.023038 0.424829 0.092685
-0.032959 0.421606 0.093305
-0.036902 0.421470 0.092088
-0.033259 0.424401 0.093722
-0.028458 0.424264 0.093940
-0.022756 0.421289 0.092542
-0.025226 0.421513 0.093259
-0.039863 0.421382 0.090332
-0.028877 0.421741 0.093753
-0.037459 0.423983 0.092313
-0.024493 0.423369 0.093305
-0.022241 0.422278 0.092445
-0.044478 0.422131 0.086416
-0.044413 0.421680 0.086410
-0.012874 0.193477 0.073086
-0.014203 0.177379 0.083380
-0.040291 0.423473 0.090456
-0.043505 0.421516 0.087303
-0.041969 0.421432 0.088678
-0.042293 0.423009 0.088672
-0.043701 0.422530 0.087278
-0.272551 0.196546 0.018072
-0.272324 0.212495 0.017187
-0.273056 0.245688 -0.023004
-0.268821 0.243111 -0.044251
-0.061747 -0.072503 0.138290
-0.104823 -0.034615 -0.061826
-0.106894 -0.016249 -0.067892
-0.034210 -0.018206 -0.086555
-0.052858 -0.022064 -0.085624
-0.136535 -0.047061 0.048616
-0.135621 -0.029788 0.046239
-0.096011 -0.053850 0.104608
-0.095486 -0.034233 0.101893
-0.128495 -0.067427 0.072980
-0.076001 -0.064912 -0.071225
-0.093852 -0.067252 -0.063455
-0.089605 -0.049025 -0.066647
-0.072394 -0.045997 -0.075088
-0.016630 -0.015528 -0.082551
-0.016603 -0.036208 -0.075079
-0.142454 -0.010801 0.020761
-0.142568 -0.009650 -0.005591
-0.124084 -0.004327 -0.051671
-0.109085 0.001393 -0.068949
-0.092682 0.008182 -0.081249
-0.075019 0.015230 -0.089742
-0.079739 -0.014011 0.115284
-0.061413 0.004678 0.122927
-0.135536 -0.011842 0.046130
-0.020202 -0.012591 0.141099
-0.060553 0.044700 -0.101662
-0.038596 0.048229 -0.104645
-0.136107 -0.007718 -0.030011
-0.029769 0.138268 0.112306
-0.046342 0.140924 0.110281
-0.045981 0.126542 0.121552
-0.029409 0.123199 0.122600
-0.061639 0.128440 0.119889
-0.076657 0.129512 0.116840
-0.090353 0.129608 0.112451
-0.122441 0.124876 0.095040
-0.113166 0.127004 0.101345
-0.136980 0.117150 0.081169
-0.130170 0.121938 0.088320
-0.143239 0.107454 0.072868
-0.148072 0.096121 0.061789
-0.152482 0.098450 0.038827
-0.151456 0.085098 0.047207
-0.146404 0.083192 0.071222
-0.142188 0.095043 0.082331
-0.135975 0.104248 0.090960
-0.015106 0.063017 0.136550
-0.013342 0.085304 0.136698
-0.010871 0.209005 0.063910
-0.469590 0.188291 -0.067730
-0.585405 0.217492 -0.012250
-0.014001 0.229596 -0.086278
-0.029295 0.234088 -0.086536
-0.079857 0.250571 -0.072951
-0.092170 0.260214 -0.056727
-0.061616 0.240033 -0.082596
-0.045258 0.230837 -0.087763
-0.121174 0.004233 0.067741
-0.032073 0.201378 -0.095985
-0.047070 0.220516 -0.092025
-0.064738 0.230287 -0.088383
-0.083696 0.241469 -0.079114
-0.102656 0.253052 -0.062951
-0.116577 0.252990 -0.057208
-0.136171 0.240346 -0.063166
-0.144820 0.240965 -0.058095
-0.154351 0.242277 -0.053431
-0.155428 0.253920 -0.039236
-0.145000 0.252753 -0.043805
-0.236430 0.243784 -0.050627
-0.250491 0.238078 -0.055631
-0.259056 0.229249 -0.063124
-0.263638 0.218173 -0.069611
-0.263230 0.205625 -0.073983
-0.258152 0.193309 -0.075417
-0.247537 0.182488 -0.074319
-0.209378 0.162797 -0.065799
-0.195287 0.155455 -0.062417
-0.164724 0.121702 -0.061416
-0.157858 0.114175 -0.063574
-0.140466 0.086987 -0.073104
-0.131512 0.072652 -0.077592
-0.120463 0.057332 -0.082000
-0.100932 -0.154859 -0.078837
-0.120200 -0.153369 -0.068413
-0.113714 -0.137212 -0.063132
-0.094913 -0.138295 -0.072747
-0.045349 -0.102690 -0.069340
-0.023654 -0.102352 -0.067763
-0.157505 -0.137563 -0.010266
-0.162940 -0.139720 0.015064
-0.130949 -0.136281 -0.049740
-0.145969 -0.136614 -0.031940
-0.161336 -0.143235 0.040947
-0.106035 -0.168036 0.122068
-0.086960 -0.173466 0.137412
-0.046313 -0.181413 0.159034
-0.025439 -0.183394 0.164249
-0.153963 -0.149133 0.064894
-0.066859 -0.178097 0.150096
-0.141401 -0.156040 0.086056
-0.124618 -0.162412 0.104739
-0.065370 -0.102856 -0.067727
-0.070277 -0.121842 -0.072657
-0.088946 -0.121363 -0.067409
-0.038586 0.113021 -0.114536
-0.057600 0.115882 -0.114797
-0.077193 0.120247 -0.113782
-0.090111 0.143937 -0.111570
-0.094183 0.127242 -0.110248
-0.109885 0.135076 -0.104292
-0.105375 0.151621 -0.105985
-0.132645 0.165518 -0.090858
-0.135129 0.152044 -0.088619
-0.144868 0.158534 -0.084122
-0.143139 0.171153 -0.086640
-0.154722 0.163841 -0.081493
-0.164445 0.168426 -0.077934
-0.175909 0.173876 -0.074198
-0.189014 0.179664 -0.073435
-0.182874 0.202272 -0.074828
-0.171527 0.197359 -0.076952
-0.131345 0.180323 -0.091382
-0.117333 0.174883 -0.098228
-0.036037 0.145063 -0.108042
-0.018253 0.141391 -0.104142
-0.154534 0.080116 0.027277
-0.157361 0.076745 0.006205
-0.159016 0.076005 -0.012945
-0.158324 0.077889 -0.029835
-0.156007 0.082555 -0.044862
-0.151832 0.089075 -0.058081
-0.152055 0.106133 -0.066483
-0.146605 0.097195 -0.069451
-0.147515 0.115724 -0.074520
-0.141057 0.107001 -0.078986
-0.135028 0.117664 -0.086644
-0.128670 0.129703 -0.092499
-0.123343 0.144038 -0.096498
-0.119259 0.159106 -0.098554
-0.102598 0.168645 -0.105193
-0.087652 0.161408 -0.110054
-0.068955 0.172080 -0.109524
-0.067859 0.188554 -0.104949
-0.071062 0.155092 -0.112636
-0.073376 0.137926 -0.114512
-0.066510 0.269556 -0.058087
-0.051627 0.263070 -0.069669
-0.236503 0.193606 -0.075819
-0.235080 0.187142 -0.075138
-0.240308 0.185943 -0.075108
-0.246103 0.194481 -0.075775
-0.248859 0.204870 -0.074848
-0.235477 0.212012 -0.073507
-0.237153 0.202748 -0.075487
-0.248314 0.215427 -0.071896
-0.244307 0.225121 -0.067400
-0.232166 0.220876 -0.070180
-0.237953 0.232976 -0.062509
-0.227954 0.228328 -0.066338
-0.228808 0.237787 -0.058644
-0.224070 0.232924 -0.062894
-0.192035 0.227915 -0.065446
-0.203877 0.230694 -0.064424
-0.215695 0.232216 -0.063517
-0.202347 0.185909 -0.074276
-0.214594 0.193205 -0.075144
-0.225963 0.198840 -0.075637
-0.223741 0.207931 -0.074484
-0.211976 0.202350 -0.074665
-0.199771 0.195834 -0.074792
-0.036830 0.128576 -0.111531
-0.054682 0.133029 -0.114752
-0.153462 0.175980 -0.083447
-0.163081 0.179946 -0.080238
-0.173487 0.183882 -0.076429
-0.186053 0.190049 -0.074816
-0.161810 0.192764 -0.080062
-0.152357 0.188995 -0.083634
-0.142095 0.184964 -0.087133
-0.053502 0.149675 -0.111637
-0.019150 0.125260 -0.108246
-0.161684 0.220751 0.037743
-0.160273 0.244226 0.025649
-0.160481 0.259378 0.005267
-0.158465 0.262053 -0.018618
-0.393676 0.161492 -0.033619
-0.017826 -0.056532 -0.070417
-0.020438 -0.078279 -0.066980
-0.040738 -0.080364 -0.070554
-0.018928 0.049468 -0.105033
-0.019777 0.110745 -0.113504
-0.100892 0.102037 0.128914
-0.089186 0.103082 0.133753
-0.089654 0.116163 0.123926
-0.101454 0.115292 0.118936
-0.119908 0.099145 0.115968
-0.111170 0.100818 0.123046
-0.111934 0.113787 0.112860
-0.120898 0.111854 0.106295
-0.127593 0.096306 0.108407
-0.128799 0.109185 0.098821
-0.109964 0.086661 0.130355
-0.099797 0.087870 0.136587
-0.088134 0.089143 0.141017
-0.125776 0.083575 0.115448
-0.118673 0.085386 0.123092
-0.005781 0.309476 0.085318
-0.006465 0.313932 0.100452
-0.002163 0.354059 0.115003
-0.001877 0.358218 0.113142
-0.007464 0.231923 0.050157
-0.006580 0.242040 0.046516
-0.013393 0.103565 0.131531
-0.013716 0.134359 0.114109
-0.014828 0.145687 0.102164
-0.014831 0.160692 0.092354
-0.009403 0.221782 0.056415
-0.013472 0.119352 0.123632
-0.169875 -0.314840 -0.050548
-0.150750 -0.330509 -0.069610
-0.157043 -0.306766 -0.066052
-0.142426 -0.318418 -0.079281
-0.167864 -0.240227 -0.042180
-0.167247 -0.265492 -0.048437
-0.167602 -0.213880 -0.038940
-0.121631 -0.325246 -0.091964
-0.095346 -0.327106 -0.101398
-0.092705 -0.309522 -0.106901
-0.152279 -0.216699 -0.062093
-0.152274 -0.242008 -0.064812
-0.148213 -0.302706 -0.074085
-0.164647 -0.288299 -0.056363
-0.150410 -0.288499 -0.071930
-0.118039 -0.309754 -0.096651
-0.136652 -0.306928 -0.084205
-0.059091 -0.157624 -0.088558
-0.035349 -0.175203 -0.097567
-0.063271 -0.176252 -0.096253
-0.138388 -0.151831 -0.053540
-0.126126 -0.172101 -0.073474
-0.135287 -0.290256 -0.086098
-0.115423 -0.290405 -0.099440
-0.090539 -0.289017 -0.110581
-0.091088 -0.218721 -0.106061
-0.090064 -0.242172 -0.110693
-0.113291 -0.244094 -0.099813
-0.114141 -0.219469 -0.095887
-0.131243 -0.194274 -0.078198
-0.133979 -0.218901 -0.081403
-0.089809 -0.196368 -0.099685
-0.111715 -0.195523 -0.090918
-0.106636 -0.173683 -0.084815
-0.134311 -0.244197 -0.084033
-0.060423 -0.264439 -0.118552
-0.089496 -0.266408 -0.112207
-0.029985 -0.261734 -0.116934
-0.086068 -0.175221 -0.092202
-0.080662 -0.156134 -0.084971
-0.075026 -0.138775 -0.078364
-0.061100 -0.082011 -0.069896
-0.111223 -0.536671 0.093623
0.001257 -0.358913 0.032300
-0.000085 -0.349922 0.004947
-0.177864 -0.275202 0.066025
-0.190149 -0.295772 -0.007704
-0.179228 -0.291170 -0.035198
-0.019630 -0.360386 0.101085
-0.005039 -0.365498 0.077759
-0.158254 -0.282038 0.092231
-0.102441 -0.328187 0.127228
0.000242 -0.364664 0.055326
-0.152019 -0.267046 -0.068380
-0.134712 -0.268997 -0.085673
-0.114194 -0.268577 -0.100461
-0.061007 -0.286888 -0.116609
-0.028802 -0.282425 -0.114818
-0.018677 -0.302228 0.118229
-0.015966 -0.295791 0.126718
-0.007616 -0.296664 0.125892
-0.007060 -0.307081 0.114426
-0.106478 -0.188659 0.122683
-0.085495 -0.194820 0.136842
-0.042861 -0.202493 0.156611
-0.022625 -0.204153 0.161175
-0.158642 -0.167331 0.066419
-0.063860 -0.199378 0.148571
-0.145290 -0.174857 0.087723
-0.126861 -0.182185 0.106281
-0.069856 -0.952130 -0.027100
-0.072108 -0.978685 -0.023418
-0.072423 -0.977204 -0.039136
-0.067244 -0.950384 -0.041587
-0.082841 -0.945978 -0.070054
-0.071299 -0.948096 -0.061941
-0.097311 -0.945573 -0.072304
-0.095872 -0.973644 -0.070380
-0.107206 -0.974534 -0.064325
-0.110559 -0.946764 -0.067881
-0.119273 -0.947557 -0.058663
-0.121816 -0.975813 -0.044626
-0.125758 -0.975992 -0.027512
-0.130082 -0.949772 -0.029550
-0.125309 -0.948327 -0.046821
-0.125794 -0.953768 -0.010217
-0.121492 -0.979124 -0.008570
-0.110819 -0.956263 0.000777
-0.076242 -0.954503 -0.012385
-0.076027 -0.980206 -0.007093
-0.082331 -0.973782 -0.068568
-0.072786 -0.975652 -0.058694
-0.066111 -0.949792 -0.051899
-0.072275 -0.976380 -0.049018
-0.072004 -1.003740 -0.033821
-0.067979 -1.003766 -0.018546
-0.081623 -1.000533 -0.068727
-0.075880 -1.001933 -0.055586
-0.104936 -1.000838 -0.062079
-0.094858 -1.000069 -0.071204
-0.122567 -1.002339 -0.043511
-0.115066 -0.975124 -0.055243
-0.114298 -1.001645 -0.053377
-0.125329 -1.001474 -0.026395
-0.120328 -1.002710 -0.005000
-0.072183 -1.004074 -0.001023
-0.074982 -1.002809 -0.045266
-0.121855 -1.092016 0.143286
-0.115062 -1.092800 0.145092
-0.116380 -1.087681 0.144224
-0.120741 -1.087898 0.143260
-0.085511 -1.090596 0.153918
-0.074173 -1.093086 0.152400
-0.075850 -1.082035 0.154726
-0.084011 -1.080810 0.156234
-0.102530 -1.092220 0.153008
-0.110295 -1.092367 0.152111
-0.107815 -1.095861 0.149077
-0.102888 -1.095461 0.149675
-0.140864 -1.089444 0.115228
-0.146063 -1.090535 0.112884
-0.144487 -1.093516 0.110675
-0.140760 -1.093963 0.112717
-0.128811 -1.092347 0.132582
-0.134197 -1.093013 0.129555
-0.132354 -1.096063 0.127769
-0.128800 -1.096483 0.129295
-0.086806 -1.075727 0.134663
-0.086486 -1.077541 0.147945
-0.073899 -1.079012 0.145865
-0.072378 -1.073591 0.132710
-0.067150 -1.087241 0.141765
-0.074075 -1.092764 0.138954
-0.071973 -1.092289 0.125342
-0.065512 -1.083938 0.127237
-0.086276 -1.093835 0.140632
-0.085406 -1.093443 0.128160
-0.093374 -1.086517 0.132086
-0.095308 -1.086787 0.146224
-0.111585 -1.086818 0.133593
-0.114736 -1.090011 0.144813
-0.109344 -1.083683 0.146260
-0.106945 -1.079414 0.134551
-0.101313 -1.083826 0.147505
-0.096101 -1.079281 0.136666
-0.091940 -1.088791 0.134849
-0.094964 -1.089955 0.147766
-0.099250 -1.094983 0.143439
-0.096241 -1.094192 0.130991
-0.105430 -1.094087 0.130776
-0.108457 -1.095383 0.142089
-0.122457 -1.080705 0.127677
-0.121856 -1.085898 0.137754
-0.114649 -1.085899 0.138922
-0.112688 -1.080944 0.130119
-0.109764 -1.092864 0.139045
-0.114740 -1.096179 0.136698
-0.112756 -1.094570 0.126588
-0.108297 -1.090276 0.129769
-0.122080 -1.094162 0.125041
-0.121848 -1.096731 0.135734
-0.126866 -1.086925 0.127295
-0.126173 -1.091435 0.137051
-0.139653 -1.087440 0.114086
-0.137751 -1.092195 0.123578
-0.135218 -1.086707 0.125116
-0.136800 -1.081267 0.115599
-0.129736 -1.085622 0.127131
-0.129481 -1.081229 0.119565
-0.125371 -1.089465 0.127391
-0.126939 -1.096173 0.124188
-0.127655 -1.094205 0.116420
-0.126280 -1.086809 0.121191
-0.133585 -1.096695 0.122117
-0.135174 -1.094379 0.112598
-0.148777 -1.081179 0.099429
-0.150185 -1.087668 0.096315
-0.149070 -1.089003 0.105311
-0.147335 -1.083717 0.106963
-0.142423 -1.083051 0.110542
-0.142938 -1.080144 0.104565
-0.138463 -1.087126 0.110199
-0.138767 -1.093976 0.107369
-0.139524 -1.093004 0.101417
-0.140185 -1.085457 0.105235
-0.145289 -1.094152 0.105144
-0.145654 -1.092557 0.097137
-0.071604 -1.069636 0.119263
-0.089820 -1.074739 0.121514
-0.076510 -1.093209 0.148055
-0.064794 -1.081766 0.113485
-0.083318 -1.093937 0.148696
-0.088012 -1.093046 0.116696
-0.071877 -1.091400 0.111450
-0.091258 -1.086471 0.126229
-0.108989 -1.087082 0.151882
-0.108238 -1.087862 0.124445
-0.106832 -1.093938 0.115327
-0.104407 -1.086955 0.152487
-0.107421 -1.076031 0.119789
-0.123820 -1.077314 0.110890
-0.116604 -1.096146 0.142051
-0.120353 -1.096412 0.141265
-0.124365 -1.094057 0.108491
-0.127005 -1.085951 0.119004
-0.133822 -1.089290 0.130215
-0.140921 -1.085646 0.105654
-0.137764 -1.093726 0.097930
-0.130655 -1.088157 0.131069
-0.138795 -1.076849 0.099953
-0.145195 -1.086925 0.112122
-0.151434 -1.085414 0.084828
-0.146443 -1.092936 0.087349
-0.142668 -1.086016 0.114084
-0.149452 -1.077598 0.089411
-0.084817 -0.956880 -0.000308
-0.084219 -0.981410 0.004269
-0.096367 -0.958231 0.004051
-0.107973 -0.981421 0.002866
-0.095113 -0.982948 0.007145
-0.082302 -1.004164 0.011731
-0.106834 -1.005197 0.008554
-0.094447 -1.005216 0.013749
-0.124788 -1.022087 -0.045818
-0.128875 -1.022127 -0.027527
-0.114480 -1.021362 -0.055459
-0.095067 -1.020344 -0.074746
-0.105867 -1.020561 -0.065652
-0.080434 -1.022307 0.021290
-0.071256 -1.024119 0.004511
-0.093856 -1.022047 0.025802
-0.109147 -1.022367 0.019047
-0.066826 -1.064731 0.103524
-0.067401 -1.063596 0.083364
-0.081866 -1.054388 0.087041
-0.085348 -1.063636 0.104929
-0.100311 -1.055559 0.083137
-0.103000 -1.066786 0.101205
-0.116569 -1.058828 0.075707
-0.119517 -1.068460 0.093901
-0.131276 -1.062675 0.066846
-0.134734 -1.070475 0.084262
-0.143816 -1.069653 0.057817
-0.147616 -1.073708 0.075408
-0.151218 -1.079341 0.052881
-0.153612 -1.082844 0.070700
-0.061031 -1.080206 0.097495
-0.062953 -1.077967 0.078203
-0.069956 -1.091695 0.094248
-0.071709 -1.090925 0.075058
-0.086288 -1.092812 0.093310
-0.086726 -1.091906 0.073266
-0.145830 -1.091352 0.054137
-0.146816 -1.093598 0.072471
-0.104258 -1.093485 0.089520
-0.103920 -1.091762 0.069215
-0.120883 -1.094966 0.083779
-0.120064 -1.093164 0.063570
-0.135016 -1.095574 0.077571
-0.134070 -1.093961 0.058084
-0.078583 -1.047728 0.064307
-0.097536 -1.043157 0.063676
-0.113703 -1.047140 0.055248
-0.127431 -1.054114 0.045320
-0.138962 -1.064442 0.036100
-0.146976 -1.074617 0.031822
-0.127407 -1.042898 0.018628
-0.134112 -1.061504 0.011412
-0.140136 -1.072865 0.009443
-0.131487 -1.058988 -0.013558
-0.134811 -1.071401 -0.013382
-0.123880 -1.057981 -0.053727
-0.128347 -1.071858 -0.054772
-0.131372 -1.070395 -0.036093
-0.127527 -1.057612 -0.036307
-0.127494 -1.041961 -0.008575
-0.125925 -1.039994 -0.032301
-0.121175 -1.039454 -0.049407
-0.114376 -1.072025 -0.077446
-0.123658 -1.072261 -0.067745
-0.119624 -1.058072 -0.066202
-0.112292 -1.057038 -0.077179
-0.097227 -1.057385 -0.084869
-0.098582 -1.072798 -0.081739
-0.081364 -1.059275 -0.075469
-0.082426 -1.074258 -0.074562
-0.108203 -1.038465 -0.071042
-0.115178 -1.039312 -0.061011
-0.096315 -1.038068 -0.079187
-0.082141 -1.039846 -0.071492
-0.078661 -1.041335 -0.055224
-0.077219 -1.061174 -0.057517
-0.075356 -1.075315 -0.057931
-0.068820 -1.062139 0.059773
-0.068672 -1.074435 0.055426
-0.112366 -1.034364 0.035713
-0.094682 -1.032247 0.043489
-0.076962 -1.038577 0.036933
-0.068645 -1.059423 0.033935
-0.072526 -1.072903 0.029907
-0.074379 -1.072453 0.006775
-0.069007 -1.060264 0.009180
-0.075860 -1.084588 0.052190
-0.080070 -1.079808 0.027408
-0.081073 -1.078990 0.004760
-0.073494 -1.073329 -0.013566
-0.069934 -1.060771 -0.012021
-0.073803 -1.073831 -0.029903
-0.073041 -1.060269 -0.028719
-0.075189 -1.060550 -0.042377
-0.073936 -1.074594 -0.043451
-0.072992 -1.041636 -0.029100
-0.075712 -1.040830 -0.041390
-0.070073 -1.043174 -0.012177
-0.069926 -1.042097 0.009873
-0.143015 -1.087050 0.032653
-0.138232 -1.083336 0.010352
-0.132698 -1.080767 -0.012175
-0.128650 -1.081072 -0.034604
-0.123580 -1.082419 -0.052051
-0.118324 -1.082724 -0.062995
-0.098084 -1.081595 -0.074222
-0.110709 -1.082077 -0.071372
-0.086479 -1.082567 -0.069232
-0.080699 -1.084259 -0.055941
-0.079238 -1.084967 -0.043599
-0.079750 -1.081460 -0.015371
-0.078910 -1.084056 -0.030891
-0.066957 -1.024934 -0.015100
-0.069763 -1.024248 -0.032074
-0.074403 -1.023271 -0.043805
-0.081829 -1.021044 -0.069452
-0.077296 -1.022034 -0.054587
-0.088616 -1.088623 0.049625
-0.104734 -1.088800 0.045652
-0.119895 -1.089978 0.040421
-0.132701 -1.090393 0.035801
-0.130032 -1.087229 0.012868
-0.118486 -1.087327 0.016179
-0.104165 -1.086923 0.020360
-0.090259 -1.084134 0.024687
-0.125007 -1.085513 -0.009422
-0.114817 -1.086528 -0.006120
-0.101964 -1.086446 -0.003035
-0.090048 -1.084218 0.001721
-0.087962 -1.086612 -0.018517
-0.098336 -1.087534 -0.023687
-0.109664 -1.087092 -0.026610
-0.119417 -1.085588 -0.030803
-0.114878 -1.085764 -0.047024
-0.105698 -1.086786 -0.042314
-0.095467 -1.087490 -0.038995
-0.086991 -1.087298 -0.034439
-0.110898 -1.085568 -0.056390
-0.098346 -1.084990 -0.066645
-0.105689 -1.085104 -0.063394
-0.090609 -1.085927 -0.064160
-0.087428 -1.086782 -0.054763
-0.086777 -1.087336 -0.045052
-0.094426 -1.087060 -0.047846
-0.093870 -1.086543 -0.054911
-0.103453 -1.086349 -0.051252
-0.100908 -1.085795 -0.057540
-0.094293 -1.085931 -0.060451
-0.097842 -1.085582 -0.061646
-0.121539 -1.024557 0.000281
-0.091990 -0.694512 0.037676
-0.077526 -0.692610 0.035229
-0.108251 -0.692692 0.037777
-0.131717 -0.290477 0.111800
-0.079992 -0.072295 0.123678
-0.079958 -0.033785 0.117868
-0.079419 -0.053472 0.120853
-0.133600 -0.321178 0.116591
-0.123872 -0.013697 0.067685
-0.102434 0.128780 0.107157
-0.077317 0.407449 0.010096
-0.075160 0.404783 0.009077
-0.073875 0.401839 0.007362
-0.073152 0.399763 0.004420
-0.072440 0.398072 0.001410
-0.071136 0.397582 -0.001506
-0.075492 0.402751 0.004895
-0.073266 0.405237 0.002242
-0.073821 0.406269 0.004156
-0.076043 0.404854 0.006425