1 2 7 12 16 
1 2 3 7 16 
1 2 3 7 16 
1 2 7 12 16 
1 2 3 7 16 
1 2 3 7 16 
1 2 3 7 16 
1 2 7 16 17 
1 2 3 4 5 
2 3 4 5 17 
1 2 3 5 17 
1 2 3 7 17 
2 3 4 5 6 
2 3 4 5 6 
2 3 4 5 6 
2 3 4 5 6 
2 3 4 16 212 
2 3 4 16 212 
2 3 4 16 212 
2 3 4 16 212 
2 3 4 16 212 
1 2 3 4 16 
2 3 4 16 212 
2 3 4 16 212 
2 3 4 16 212 
2 3 4 16 212 
2 3 4 16 212 
2 3 4 16 212 
2 3 4 16 212 
2 3 4 16 212 
2 3 4 16 212 
2 3 4 16 212 
2 3 4 16 212 
2 3 4 16 212 
2 3 4 16 212 
2 3 4 16 212 
2 3 4 16 212 
2 3 4 16 212 
2 3 4 16 212 
2 3 4 16 212 
2 3 4 191 212 
2 3 4 16 212 
2 3 4 191 212 
2 3 4 191 212 
2 3 4 16 212 
2 3 4 191 212 
2 3 4 191 212 
2 3 4 191 212 
2 3 4 191 212 
2 3 4 6 191 
2 3 4 191 212 
2 3 4 6 191 
2 3 4 6 191 
2 3 4 6 191 
3 4 5 6 191 
3 4 5 6 191 
3 4 5 6 191 
3 4 5 6 191 
3 4 6 191 212 
3 4 6 191 212 
3 4 6 191 212 
3 4 6 191 212 
3 4 6 191 212 
2 3 4 191 212 
2 3 4 191 212 
2 3 4 191 212 
2 3 4 191 212 
2 3 4 191 212 
2 3 4 191 212 
2 3 4 191 212 
2 3 4 191 212 
2 3 4 191 212 
2 3 4 191 212 
2 3 4 191 212 
2 3 4 191 212 
2 3 4 191 212 
2 3 4 191 212 
2 3 4 191 212 
2 3 4 191 212 
2 3 4 191 212 
2 3 4 191 212 
2 3 4 191 212 
2 3 4 191 212 
2 3 4 191 212 
2 3 4 191 212 
2 3 4 191 212 
2 3 4 191 212 
2 3 4 191 212 
2 3 4 191 212 
2 3 4 191 212 
2 3 4 191 212 
2 3 4 191 212 
2 3 4 191 212 
2 3 4 191 212 
2 3 4 191 212 
2 3 4 191 212 
2 3 4 191 212 
2 3 4 191 212 
2 3 4 191 212 
3 4 6 191 212 
3 4 6 191 212 
3 4 6 191 212 
3 4 6 19 191 
3 4 6 19 191 
1 2 3 7 16 
1 2 3 7 16 
1 2 3 7 16 
1 2 3 7 16 
1 2 3 7 16 
1 2 3 7 16 
1 2 3 5 16 
1 2 3 4 16 
1 2 3 4 16 
1 2 3 4 5 
1 2 3 4 16 
1 2 3 4 16 
1 2 3 4 16 
1 2 3 4 16 
1 2 3 4 16 
1 2 3 4 16 
1 2 3 4 16 
1 2 3 4 16 
1 2 3 7 16 
1 2 3 16 210 
1 2 3 4 16 
1 2 3 4 16 
1 2 3 16 212 
1 2 3 16 212 
1 2 3 16 212 
1 2 3 16 212 
1 2 3 16 212 
1 2 3 4 16 
1 7 12 16 216 
1 2 7 12 16 
1 2 7 12 16 
1 2 7 12 16 
1 2 7 8 17 
2 3 4 5 6 
2 3 4 5 6 
2 3 4 5 6 
2 4 5 6 191 
3 4 5 6 191 
4 5 6 19 191 
3 4 5 6 191 
2 4 5 6 191 
2 4 5 6 11 
2 4 5 6 11 
2 4 5 6 11 
4 5 6 11 191 
4 5 6 10 11 
4 6 11 19 191 
6 11 19 20 191 
5 6 11 19 20 
4 5 6 11 20 
2 3 4 5 6 
1 2 5 7 17 
1 2 3 7 17 
1 2 5 7 17 
1 2 7 8 17 
1 2 7 8 12 
1 2 7 8 17 
1 2 7 8 17 
1 7 8 12 221 
1 7 12 16 216 
1 2 7 8 12 
1 7 8 12 14 
2 7 8 9 17 
7 8 9 14 17 
7 8 9 14 17 
7 8 9 14 17 
7 8 9 14 17 
7 8 12 14 221 
4 5 6 10 11 
5 6 10 11 17 
4 5 6 11 20 
4 5 6 11 20 
7 8 13 14 221 
7 8 12 14 221 
8 9 10 13 17 
8 9 10 13 17 
7 8 9 10 17 
7 8 9 10 17 
8 9 10 13 18 
8 9 13 14 17 
9 10 15 17 18 
5 9 10 11 15 
9 10 11 15 18 
9 10 15 17 18 
1 2 3 7 16 
1 2 3 7 16 
1 2 3 7 16 
1 2 3 7 16 
1 2 3 7 16 
1 2 3 7 17 
1 2 7 8 17 
2 7 8 9 17 
7 8 9 10 17 
2 7 8 9 17 
7 8 9 10 17 
7 8 9 10 17 
5 10 11 15 17 
5 6 10 11 15 
5 10 11 15 54 
5 10 11 15 17 
5 10 11 15 54 
5 10 11 15 54 
5 6 11 15 20 
5 6 11 20 39 
5 6 11 20 54 
5 6 10 11 15 
11 15 44 54 161 
11 15 44 54 161 
10 11 15 44 54 
5 10 11 15 54 
4 6 19 191 214 
6 19 20 191 214 
4 6 19 20 191 
4 6 19 20 191 
5 6 11 20 39 
6 11 20 54 161 
5 9 10 11 17 
5 9 10 11 17 
11 15 44 54 161 
5 10 11 15 54 
5 6 10 11 15 
10 11 15 18 54 
9 10 11 15 18 
2 3 4 16 212 
1 2 3 4 16 
1 2 3 4 16 
1 2 3 4 16 
1 2 3 4 16 
1 2 3 16 210 
1 2 3 16 210 
1 2 3 16 210 
1 2 3 16 210 
1 2 3 4 5 
1 2 3 4 16 
2 3 4 16 212 
2 3 4 5 212 
1 2 3 4 16 
1 2 3 7 16 
1 2 3 4 16 
2 3 4 191 212 
2 3 4 5 6 
2 3 4 5 17 
1 2 3 7 16 
1 7 12 216 221 
1 7 12 16 216 
8 12 13 14 221 
7 8 12 14 221 
8 9 13 14 18 
8 9 13 14 18 
8 9 13 14 18 
8 9 13 14 18 
9 10 13 15 18 
10 11 15 44 54 
10 11 15 54 220 
1 12 16 210 216 
1 12 16 210 216 
1 2 5 7 17 
1 2 3 4 5 
1 2 3 4 5 
1 2 3 4 5 
1 2 3 4 5 
2 3 4 5 17 
2 3 4 5 17 
2 4 5 6 17 
2 4 5 6 17 
7 8 9 14 17 
7 8 9 14 17 
7 8 9 13 14 
7 8 9 13 14 
7 8 9 10 17 
8 13 14 217 221 
2 3 4 191 212 
2 3 4 191 212 
2 3 4 16 212 
2 3 4 191 212 
2 3 4 191 212 
2 3 4 191 212 
2 3 4 191 212 
4 6 19 191 214 
4 5 6 19 191 
4 6 19 191 214 
4 6 19 191 214 
2 3 4 16 212 
2 3 4 16 212 
2 3 4 16 212 
2 3 4 16 212 
2 3 4 191 212 
2 3 4 191 212 
2 3 4 191 212 
2 3 4 191 212 
2 3 4 191 212 
4 5 6 11 191 
4 5 6 11 191 
5 6 11 19 20 
4 5 6 11 20 
5 6 10 11 15 
5 10 11 15 54 
10 11 15 54 220 
10 15 18 54 219 
10 15 18 54 219 
10 15 18 54 219 
10 11 15 18 54 
4 5 6 19 191 
4 6 19 191 214 
4 6 19 191 214 
4 5 6 19 191 
2 3 4 16 212 
2 3 4 16 212 
2 3 4 16 212 
2 3 4 16 212 
2 3 4 16 212 
2 3 4 16 212 
2 3 4 16 212 
2 3 4 16 212 
2 3 4 16 212 
2 3 4 16 212 
2 3 4 16 212 
2 3 4 16 212 
2 3 4 16 212 
2 3 4 16 212 
2 3 4 16 212 
2 3 4 16 212 
2 3 4 16 212 
2 3 4 16 212 
2 3 4 16 212 
2 3 16 211 212 
2 3 16 211 212 
3 4 16 211 212 
3 4 16 211 212 
4 6 19 191 214 
4 6 19 191 214 
1 3 16 210 216 
1 3 16 210 211 
2 3 4 191 212 
1 2 3 16 210 
1 2 3 4 5 
1 2 3 4 16 
1 2 3 4 16 
1 2 3 4 16 
1 2 3 4 16 
1 2 3 16 212 
1 2 3 16 212 
1 2 3 16 212 
1 2 3 16 212 
1 2 3 16 212 
1 2 3 16 212 
1 2 3 16 212 
1 2 3 7 16 
1 2 3 7 16 
1 2 3 4 16 
1 2 3 4 16 
1 2 3 4 16 
1 2 3 4 16 
1 2 3 4 16 
1 2 3 7 16 
1 2 3 4 16 
5 9 10 11 17 
5 9 10 11 17 
2 5 10 11 17 
2 5 10 11 17 
2 5 10 11 17 
2 5 10 11 17 
5 7 9 10 17 
7 8 9 10 17 
7 8 9 10 17 
5 7 9 10 17 
2 5 7 9 17 
2 5 7 9 17 
2 5 7 9 17 
2 5 7 9 17 
2 7 8 9 17 
2 7 8 9 17 
2 5 7 9 17 
1 2 5 7 17 
1 2 5 7 17 
2 5 7 9 17 
1 2 5 7 17 
2 4 5 10 17 
2 4 5 10 17 
2 5 10 11 17 
8 13 14 18 218 
8 13 14 18 217 
9 10 13 17 18 
9 10 13 17 18 
5 8 9 10 17 
5 8 9 10 17 
9 10 13 14 18 
9 10 13 14 18 
1 2 5 7 17 
2 4 5 7 17 
9 10 15 17 18 
9 10 13 15 18 
5 9 10 15 17 
5 9 10 11 17 
9 10 13 15 18 
10 13 15 18 219 
9 10 13 15 18 
2 4 5 10 17 
2 4 5 10 17 
2 4 5 10 17 
2 4 5 10 17 
2 3 4 5 17 
2 4 5 10 17 
1 2 3 16 212 
2 3 16 211 212 
2 3 16 211 212 
1 3 16 210 212 
12 14 216 217 221 
1 12 215 216 221 
8 13 14 217 221 
8 12 14 217 221 
3 4 6 191 212 
3 4 6 191 212 
2 3 4 191 212 
2 3 4 191 212 
2 3 4 191 212 
2 3 4 191 212 
1 2 3 16 212 
9 10 15 18 219 
10 11 15 54 220 
11 15 44 54 220 
11 15 44 54 161 
11 15 44 54 161 
2 3 4 191 212 
2 3 4 191 212 
2 3 4 16 212 
2 3 4 191 212 
2 3 4 16 212 
2 3 4 16 212 
2 3 4 191 212 
3 4 191 211 212 
1 2 3 4 16 
1 2 3 4 16 
2 3 4 16 212 
2 3 4 16 212 
3 4 16 211 212 
6 11 19 20 191 
5 6 11 19 20 
2 3 4 191 212 
2 3 4 191 212 
1 12 16 216 221 
10 13 15 18 219 
10 13 15 18 219 
2 5 7 9 17 
2 5 7 10 17 
2 5 7 9 17 
2 5 7 9 17 
4 6 19 191 214 
5 6 11 20 39 
11 15 44 54 220 
1 2 3 4 16 
1 2 3 4 16 
1 2 3 16 212 
9 13 14 18 218 
2 3 4 191 212 
2 3 4 191 212 
11 15 54 219 220 
4 6 19 191 214 
2 3 4 16 212 
10 15 18 54 219 
2 5 7 9 17 
2 5 7 9 17 
2 5 7 9 17 
2 5 7 10 17 
2 5 7 9 17 
2 5 7 9 17 
2 5 7 9 17 
2 5 7 9 17 
2 5 7 9 17 
2 5 7 9 17 
2 5 7 9 17 
2 5 7 9 17 
2 5 7 9 17 
5 7 9 10 17 
5 7 9 10 17 
5 7 9 10 17 
5 7 9 10 17 
5 7 9 10 17 
5 7 9 10 17 
5 7 9 10 17 
2 4 5 10 17 
2 4 5 10 17 
5 7 9 10 17 
5 7 9 10 17 
5 7 9 10 17 
5 7 9 10 17 
2 5 9 10 17 
2 5 9 10 17 
2 5 9 10 17 
2 5 9 10 17 
2 5 9 10 17 
2 5 9 10 17 
5 7 9 10 17 
5 7 9 10 17 
7 8 9 10 17 
2 5 7 9 17 
2 5 7 10 17 
2 5 7 10 17 
2 5 7 10 17 
2 5 7 10 17 
2 5 7 10 17 
2 5 7 10 17 
2 5 7 10 17 
2 5 7 10 17 
2 5 7 10 17 
2 5 7 10 17 
2 5 7 10 17 
2 5 7 10 17 
2 5 7 10 17 
2 5 7 10 17 
2 5 7 10 17 
2 5 7 10 17 
2 5 7 10 17 
2 5 7 10 17 
5 9 10 11 17 
5 9 10 11 17 
2 5 9 10 17 
2 5 10 11 17 
2 5 10 11 17 
2 5 10 11 17 
5 7 9 10 17 
5 7 9 10 17 
2 5 10 11 17 
5 9 10 11 17 
2 5 9 10 17 
2 5 9 10 17 
2 5 9 10 17 
2 4 5 10 17 
2 4 5 10 17 
2 4 5 10 17 
2 4 5 10 17 
2 5 9 10 17 
2 5 9 10 17 
2 5 7 10 17 
2 5 7 10 17 
2 5 7 10 17 
2 5 7 10 17 
2 5 7 10 17 
2 5 7 10 17 
2 5 7 10 17 
2 5 7 10 17 
2 5 7 10 17 
2 5 7 10 17 
2 5 7 10 17 
2 5 9 10 17 
2 5 9 10 17 
2 5 9 10 17 
2 5 9 10 17 
5 7 9 10 17 
2 5 7 10 17 
2 5 7 10 17 
5 7 9 10 17 
5 7 9 10 17 
5 7 9 10 17 
2 5 9 10 17 
5 7 9 10 17 
2 5 7 10 17 
2 5 7 10 17 
2 5 7 9 17 
2 5 7 9 17 
2 5 7 9 17 
2 5 7 9 17 
2 5 7 9 17 
2 5 7 9 17 
2 5 7 9 17 
2 5 7 10 17 
6 19 20 183 191 
6 19 20 191 214 
6 19 191 214 223 
6 19 20 183 223 
2 5 7 10 17 
2 5 7 9 17 
2 5 7 9 17 
2 5 7 10 17 
2 5 7 10 17 
2 5 7 10 17 
2 5 7 10 17 
2 5 7 10 17 
2 5 7 10 17 
2 5 7 10 17 
6 19 20 21 128 
6 19 20 39 128 
6 11 19 20 39 
6 11 19 20 21 
19 20 21 128 183 
20 21 74 128 183 
20 21 22 24 128 
19 20 21 39 128 
21 22 24 74 128 
21 22 24 74 183 
21 22 24 74 174 
21 22 24 74 174 
21 22 24 74 174 
21 22 37 74 174 
22 23 25 33 37 
23 25 33 37 174 
23 33 37 119 182 
23 25 33 37 119 
22 24 25 34 128 
22 24 25 30 34 
24 25 30 34 128 
21 24 30 34 128 
11 20 39 128 161 
11 20 39 128 161 
11 20 39 128 161 
20 21 39 128 161 
23 24 25 27 34 
22 23 24 25 34 
22 23 24 25 33 
23 25 26 27 33 
23 26 27 33 141 
23 26 33 119 141 
26 33 73 141 208 
26 27 29 33 141 
25 26 27 31 126 
26 27 29 31 126 
26 27 31 41 126 
26 27 31 41 126 
21 22 24 25 74 
21 22 24 34 74 
21 22 24 25 74 
21 22 24 74 174 
28 127 134 135 154 
28 48 127 135 154 
28 50 127 135 154 
28 50 127 135 154 
29 32 51 55 141 
29 32 55 141 178 
29 32 51 55 158 
29 51 55 126 141 
24 30 48 135 162 
30 127 135 136 162 
30 39 135 136 162 
24 30 128 135 162 
22 23 24 25 34 
22 24 25 30 34 
21 22 24 25 34 
21 22 24 25 34 
27 31 41 46 126 
27 31 34 41 46 
25 27 31 34 46 
25 27 31 41 46 
25 26 27 31 126 
27 31 41 46 126 
21 22 24 25 34 
21 22 24 25 34 
21 22 24 25 34 
21 22 24 25 34 
23 33 37 119 182 
23 26 33 37 119 
29 32 55 141 178 
29 32 55 141 178 
29 32 141 178 208 
29 32 35 141 178 
23 26 33 119 141 
23 26 33 119 141 
23 26 33 119 141 
23 26 33 37 119 
32 35 141 178 208 
29 32 35 141 208 
32 35 130 141 208 
32 35 130 141 208 
21 22 24 74 183 
21 22 24 74 183 
23 25 26 33 37 
23 25 26 33 37 
23 25 26 33 37 
23 25 26 33 37 
24 25 31 34 48 
24 25 31 34 48 
24 25 30 34 48 
22 24 25 34 48 
29 32 51 55 158 
29 32 55 158 178 
32 35 141 178 208 
32 35 130 177 208 
36 40 48 49 50 
34 36 48 49 50 
31 34 36 48 50 
31 36 40 48 50 
23 33 37 174 182 
23 33 37 119 182 
23 33 37 174 182 
23 33 37 174 182 
23 25 26 33 37 
23 26 33 37 119 
23 25 26 33 141 
33 37 119 174 182 
23 33 37 119 182 
21 22 74 174 183 
21 22 74 174 183 
21 22 74 183 274 
19 21 22 74 183 
19 21 74 183 274 
21 22 74 183 274 
19 20 21 74 183 
19 20 21 74 183 
6 19 20 21 183 
6 19 20 21 183 
22 24 25 31 34 
22 24 25 31 34 
32 35 141 178 208 
38 43 122 163 179 
38 43 122 163 179 
38 43 122 163 179 
38 43 122 163 179 
20 39 128 161 162 
20 39 128 161 162 
36 40 46 49 163 
36 40 46 49 163 
36 40 46 49 163 
40 46 49 163 179 
36 40 48 49 50 
36 40 49 50 163 
36 40 49 50 125 
36 40 49 50 125 
29 32 51 55 126 
29 51 55 126 176 
31 41 46 124 142 
31 41 46 124 142 
31 41 46 124 126 
31 41 46 126 142 
42 43 175 181 244 
42 43 175 179 244 
42 43 45 179 181 
42 45 175 181 244 
38 42 43 44 179 
38 42 43 175 179 
38 42 43 44 175 
38 43 44 122 161 
38 42 43 122 179 
38 42 43 122 179 
27 31 41 46 126 
27 31 41 46 126 
31 36 40 41 46 
31 36 40 41 46 
31 34 36 40 46 
27 31 34 36 46 
11 20 39 44 161 
11 20 39 44 161 
11 20 39 44 161 
43 44 54 161 175 
11 43 44 54 161 
43 44 122 161 175 
43 44 54 161 175 
45 124 179 181 209 
45 47 124 209 247 
45 47 181 209 247 
42 45 181 209 247 
31 36 40 41 46 
31 36 40 41 46 
31 36 40 46 49 
31 36 40 46 49 
31 36 40 41 46 
31 36 40 41 46 
31 36 40 41 46 
31 36 40 41 46 
31 41 46 124 142 
31 40 41 46 124 
31 40 41 46 124 
27 31 41 46 124 
47 123 142 209 249 
45 47 142 209 249 
45 47 124 142 209 
45 47 123 142 209 
34 36 48 50 135 
34 36 48 50 135 
34 36 48 50 135 
34 36 48 50 135 
36 40 49 125 136 
40 49 125 136 163 
36 40 49 125 136 
36 40 49 125 136 
36 48 49 50 125 
36 48 50 121 125 
28 36 48 50 135 
28 36 48 50 135 
39 122 128 161 162 
20 39 122 161 162 
20 39 128 161 162 
36 48 49 50 125 
36 48 49 50 125 
36 49 50 121 125 
36 48 49 50 125 
28 127 134 135 154 
28 48 127 135 154 
36 49 50 121 125 
36 49 50 121 125 
36 49 50 121 125 
36 49 50 121 125 
27 41 46 126 142 
41 46 124 126 142 
51 55 126 155 176 
29 51 126 142 155 
29 51 55 126 176 
29 51 55 126 176 
29 51 55 126 158 
29 51 55 155 176 
29 51 55 126 176 
11 20 39 44 161 
11 20 39 44 161 
11 39 44 54 161 
11 39 44 54 161 
52 53 137 157 158 
52 53 64 137 158 
52 53 129 137 158 
52 53 137 157 185 
43 44 54 161 175 
11 44 54 161 175 
11 15 44 54 161 
11 43 44 54 161 
52 53 55 157 158 
52 53 64 158 178 
6 11 20 39 161 
11 20 39 44 161 
6 11 20 39 161 
6 11 20 39 128 
6 11 19 20 39 
52 53 64 137 158 
52 53 64 129 137 
11 39 44 54 161 
11 15 44 54 161 
11 15 44 54 175 
11 15 44 54 175 
11 15 44 54 175 
11 15 54 175 220 
29 32 55 158 178 
29 51 55 158 178 
56 61 184 186 187 
56 61 69 184 187 
56 57 65 69 186 
56 57 65 186 187 
57 65 131 186 259 
56 57 65 186 189 
56 57 65 75 186 
57 65 131 190 259 
58 188 189 190 260 
58 156 188 189 260 
58 155 176 188 189 
58 156 188 189 260 
29 51 55 157 176 
51 55 155 157 176 
29 32 55 158 178 
59 60 66 120 129 
59 60 66 82 120 
59 60 61 82 120 
59 60 66 120 184 
56 60 61 69 81 
56 61 65 69 81 
56 61 65 69 184 
56 60 61 69 184 
35 62 130 177 208 
35 62 130 177 208 
35 130 138 177 178 
62 130 177 264 324 
62 159 160 177 264 
35 62 130 159 177 
35 62 130 177 324 
63 72 159 160 265 
63 72 159 160 265 
63 159 160 265 353 
63 72 159 160 265 
52 53 64 129 178 
53 64 138 158 178 
53 64 138 178 207 
53 64 129 138 207 
57 65 69 75 131 
57 65 75 131 259 
59 66 67 129 140 
59 60 66 70 140 
59 66 67 70 132 
59 66 67 70 140 
66 67 70 114 132 
66 67 70 114 132 
68 71 111 114 321 
68 71 111 114 321 
63 68 71 72 114 
63 68 72 114 321 
57 186 189 190 259 
57 65 186 187 189 
56 57 65 186 189 
57 186 189 190 259 
51 55 155 157 176 
51 55 126 155 176 
51 123 142 155 176 
51 123 142 155 176 
51 123 126 155 176 
41 45 47 124 142 
41 45 46 124 142 
31 41 46 124 142 
41 46 47 124 142 
38 42 43 175 179 
38 42 43 45 179 
56 61 65 69 75 
61 65 69 75 85 
65 69 75 80 131 
57 65 69 75 131 
60 61 69 81 82 
56 60 61 82 184 
60 61 69 81 82 
59 60 66 79 82 
60 61 66 81 82 
66 67 70 79 132 
67 70 71 76 132 
68 71 77 111 132 
71 77 111 112 132 
71 77 112 114 132 
67 71 112 114 132 
63 72 138 159 207 
63 72 114 138 207 
63 72 138 159 207 
64 72 138 159 207 
35 62 130 177 324 
62 130 177 264 324 
32 35 130 177 208 
35 62 130 177 208 
35 62 130 159 177 
73 119 130 208 324 
73 130 141 208 324 
35 73 130 141 208 
33 73 119 141 208 
33 73 119 141 208 
33 73 119 130 208 
33 37 73 119 182 
23 26 33 37 119 
23 26 33 37 119 
22 74 174 183 274 
22 74 174 183 274 
53 64 129 137 207 
65 69 75 111 131 
65 69 75 80 131 
75 77 80 111 131 
75 77 80 111 131 
52 53 64 158 178 
29 32 35 141 178 
29 32 35 158 178 
25 26 27 31 33 
25 26 27 29 126 
22 23 33 37 174 
22 23 33 37 174 
59 60 61 120 184 
66 70 76 79 132 
67 70 76 112 132 
70 76 112 118 132 
70 76 79 83 132 
71 77 78 80 112 
77 78 80 93 112 
71 77 78 80 112 
71 77 78 112 132 
77 78 80 93 112 
78 80 86 93 118 
78 86 93 116 118 
77 78 93 112 118 
59 66 70 79 82 
70 79 82 83 84 
60 66 70 79 82 
66 70 76 79 82 
66 70 76 79 83 
56 61 69 81 85 
68 71 77 111 132 
71 77 78 111 112 
77 78 80 86 93 
75 77 78 80 86 
69 75 77 80 86 
69 78 80 85 86 
61 81 82 84 85 
61 69 81 82 85 
60 61 81 82 84 
81 82 84 85 115 
60 66 79 81 82 
60 79 82 83 84 
79 83 84 89 90 
79 82 83 84 90 
70 76 79 83 84 
76 83 90 94 118 
79 83 84 89 115 
79 81 82 83 84 
79 81 84 89 115 
79 81 82 84 115 
81 84 85 88 115 
81 82 84 85 115 
81 84 85 88 115 
81 82 84 85 115 
69 81 85 86 115 
81 84 85 86 115 
81 85 86 95 115 
80 81 85 86 95 
78 80 86 93 95 
78 80 85 86 95 
78 80 85 86 95 
80 85 86 95 115 
87 88 95 96 98 
86 87 88 91 95 
87 88 91 95 115 
87 88 95 96 98 
87 88 96 101 115 
87 88 95 96 115 
87 88 89 96 115 
87 88 89 96 115 
88 89 90 96 115 
88 89 90 96 97 
88 89 96 115 117 
84 88 89 96 115 
84 88 89 90 97 
88 89 90 96 97 
83 88 89 90 97 
89 90 96 97 99 
83 89 90 94 97 
89 90 94 97 99 
91 92 93 95 116 
87 91 92 93 95 
87 91 92 95 98 
87 91 92 93 98 
91 92 93 94 116 
91 92 98 116 133 
91 92 94 116 133 
91 92 94 116 118 
79 83 89 90 94 
83 84 89 90 115 
83 84 88 89 115 
81 84 88 89 115 
80 86 87 93 95 
85 86 87 95 115 
78 86 91 93 116 
78 86 91 93 95 
90 92 94 116 118 
83 90 94 97 116 
83 89 90 94 118 
83 90 94 116 118 
83 84 89 90 97 
83 84 88 89 115 
84 88 89 96 115 
85 88 95 96 115 
84 88 89 96 115 
85 87 88 95 115 
86 87 88 91 95 
86 87 88 95 115 
86 91 92 93 116 
78 86 91 93 95 
90 92 94 116 133 
90 92 94 97 99 
90 92 94 97 116 
90 92 94 116 133 
92 94 97 99 133 
91 92 99 116 133 
88 89 96 101 117 
87 88 96 98 101 
88 89 96 97 117 
89 90 96 97 99 
89 90 96 97 117 
90 94 97 99 133 
90 94 97 99 133 
87 92 98 113 133 
91 92 98 113 133 
87 91 92 98 133 
87 91 92 96 98 
87 88 96 98 101 
87 88 96 98 101 
87 88 96 98 101 
87 88 96 101 117 
88 89 96 101 117 
87 88 96 101 117 
89 96 97 101 117 
89 97 99 102 117 
89 96 97 102 117 
88 89 96 97 117 
90 97 99 117 133 
97 99 102 113 133 
97 99 102 117 133 
90 92 97 99 133 
99 100 103 105 109 
100 105 106 108 109 
100 105 108 109 194 
99 100 103 105 109 
87 98 101 113 133 
92 98 101 113 133 
96 98 101 104 117 
87 98 101 104 117 
97 99 102 105 117 
97 101 102 105 117 
97 99 101 102 117 
89 97 99 102 117 
100 103 104 106 113 
98 100 103 104 113 
98 101 103 104 113 
100 103 104 106 107 
101 104 107 117 139 
101 103 104 107 139 
101 103 104 107 139 
98 101 103 104 113 
100 102 105 108 139 
102 105 107 108 139 
102 104 105 117 139 
100 102 105 117 139 
99 100 102 113 133 
99 100 102 105 113 
99 100 102 105 117 
97 99 102 105 117 
99 100 102 113 133 
99 100 103 105 113 
103 106 107 109 192 
103 106 107 109 192 
100 103 106 107 109 
103 104 106 107 109 
103 104 106 107 139 
104 106 107 110 139 
103 104 106 107 139 
103 104 106 107 139 
105 108 109 110 194 
108 109 110 139 194 
105 107 108 110 139 
100 105 108 109 139 
100 105 108 109 194 
100 105 108 109 194 
100 105 108 109 194 
100 106 108 109 194 
108 109 192 194 199 
108 109 110 192 194 
106 109 110 192 195 
106 109 110 192 195 
106 107 110 192 193 
106 107 110 139 192 
106 107 110 139 193 
106 107 110 192 193 
107 108 110 139 193 
106 108 110 193 194 
106 107 108 110 193 
106 107 110 139 193 
108 109 110 193 194 
106 108 110 193 194 
107 108 110 139 194 
108 109 110 193 194 
108 109 110 193 194 
65 68 75 111 131 
65 75 77 111 131 
68 71 75 111 131 
68 71 75 111 131 
77 78 112 118 132 
71 76 77 112 132 
78 93 112 116 118 
76 78 93 112 118 
78 91 93 116 118 
91 92 93 116 133 
91 92 93 116 118 
91 92 98 116 133 
91 92 98 113 133 
92 98 99 113 133 
98 99 103 113 133 
92 98 99 113 133 
98 101 103 113 133 
100 103 106 109 113 
98 100 103 113 133 
100 103 106 109 192 
100 103 106 107 109 
106 109 192 194 195 
67 68 72 114 132 
67 68 72 114 207 
67 68 71 72 114 
67 68 71 72 114 
68 71 75 111 114 
68 71 75 111 114 
68 71 111 114 321 
68 71 111 114 321 
83 89 90 94 97 
81 84 85 88 115 
85 86 88 95 115 
84 85 88 95 115 
92 93 94 116 118 
92 93 94 116 118 
76 93 94 116 118 
92 93 94 116 118 
97 99 100 113 133 
92 98 99 113 133 
98 99 100 113 133 
92 97 99 113 133 
96 97 101 102 117 
96 101 102 104 117 
96 101 104 117 139 
96 101 104 117 139 
96 101 102 104 117 
76 78 112 116 118 
93 94 112 116 118 
76 83 94 116 118 
76 94 112 118 132 
41 51 123 126 142 
29 51 55 126 142 
23 25 26 27 33 
23 25 26 27 33 
23 25 26 27 33 
23 25 26 27 33 
23 25 26 27 33 
23 25 26 27 33 
25 26 27 31 34 
23 25 26 27 34 
24 25 31 34 48 
24 31 34 36 48 
33 73 119 182 240 
33 73 119 182 273 
26 33 37 73 119 
35 62 130 159 177 
63 72 138 159 177 
63 72 138 159 160 
63 72 159 160 265 
63 68 72 114 321 
68 111 114 265 321 
68 71 111 114 321 
68 71 75 111 114 
41 47 123 124 142 
41 45 47 124 142 
42 43 175 244 245 
38 42 43 175 244 
38 42 43 44 175 
42 43 44 175 245 
42 43 44 175 245 
42 43 44 54 175 
11 15 44 54 175 
44 54 161 175 246 
68 71 75 111 131 
68 71 75 111 131 
68 71 75 111 131 
68 71 111 114 132 
68 71 111 114 132 
68 71 77 111 114 
68 71 77 111 114 
59 60 120 129 137 
59 66 120 129 140 
56 57 61 65 69 
50 121 125 134 153 
50 121 125 134 153 
50 121 125 134 153 
50 121 125 134 153 
45 124 179 181 209 
41 45 47 124 209 
11 20 39 128 161 
30 39 122 128 162 
20 39 122 128 162 
20 30 39 128 162 
20 30 39 128 162 
38 122 161 162 163 
38 43 122 161 163 
38 122 161 162 163 
38 122 161 162 163 
58 186 188 189 190 
58 188 189 190 260 
47 123 142 155 180 
47 123 142 180 317 
47 123 142 155 180 
51 123 142 155 180 
41 45 46 124 179 
41 46 124 142 179 
23 37 119 174 182 
22 23 37 174 182 
22 37 74 174 182 
37 74 174 182 319 
49 121 125 134 136 
49 50 121 125 134 
36 49 50 121 125 
49 50 121 125 136 
56 120 184 185 187 
60 120 137 184 185 
27 41 51 126 142 
27 29 51 55 126 
27 41 51 126 142 
27 41 51 126 142 
27 31 41 46 126 
27 31 41 126 142 
27 31 41 46 126 
36 40 48 49 50 
36 40 46 49 50 
36 40 46 49 50 
67 68 71 114 132 
63 68 72 114 207 
63 68 72 114 265 
68 71 75 111 131 
68 71 75 111 131 
5 6 11 19 20 
5 6 11 20 39 
36 48 49 50 125 
36 48 49 50 125 
31 34 36 40 46 
31 34 36 40 46 
31 34 36 40 46 
27 31 34 36 46 
31 34 36 40 46 
31 34 36 40 46 
21 22 24 34 128 
21 24 30 34 128 
20 21 24 34 128 
21 22 24 34 128 
21 22 24 34 128 
20 21 22 24 128 
20 21 22 24 128 
21 22 24 74 128 
19 20 21 39 128 
6 19 20 21 128 
6 19 20 21 183 
19 20 21 74 183 
43 44 54 175 246 
43 44 54 161 175 
43 44 54 161 175 
42 43 44 54 175 
44 54 175 245 246 
44 54 175 245 246 
6 11 19 20 21 
6 19 20 21 191 
6 19 20 21 183 
28 127 134 135 154 
28 127 134 135 154 
11 20 39 44 161 
6 11 20 39 161 
28 127 134 152 154 
28 125 127 134 135 
20 21 24 39 128 
20 21 39 128 162 
20 30 39 128 162 
6 11 19 20 21 
6 19 20 21 191 
53 59 120 129 137 
59 120 129 137 140 
29 32 55 126 141 
26 29 32 141 178 
73 119 130 273 324 
73 130 208 273 324 
73 130 208 273 324 
73 119 130 208 324 
73 119 182 240 273 
73 119 182 240 273 
6 19 20 191 214 
62 73 130 208 324 
35 73 130 208 324 
62 73 130 208 324 
62 73 130 264 324 
62 130 177 264 324 
62 130 177 264 324 
63 68 72 160 265 
63 68 72 160 265 
28 30 48 127 135 
30 48 127 135 136 
30 48 127 135 136 
28 30 34 48 135 
32 35 73 130 208 
35 62 73 130 208 
24 25 31 34 48 
24 25 31 34 48 
33 37 119 182 240 
22 23 37 174 182 
22 23 37 74 174 
22 23 37 174 182 
22 23 37 74 174 
68 71 75 111 131 
68 71 75 111 131 
40 49 125 136 163 
40 49 125 136 163 
40 49 125 136 163 
40 49 125 136 163 
68 71 75 77 111 
68 71 75 77 111 
65 75 111 131 259 
65 75 111 131 259 
65 75 111 131 259 
65 75 111 131 259 
70 71 76 112 132 
67 70 71 114 132 
76 77 112 118 132 
76 78 112 118 132 
91 92 98 116 133 
92 98 99 113 133 
99 100 103 113 133 
100 103 106 109 113 
100 103 106 109 192 
106 109 192 194 195 
100 106 109 192 194 
28 125 127 134 152 
28 125 127 134 152 
125 127 134 136 152 
28 125 127 134 135 
36 48 50 121 125 
28 50 121 125 153 
28 50 121 153 154 
28 36 48 50 121 
28 50 121 153 154 
49 50 121 125 153 
50 121 125 153 154 
121 125 134 152 153 
50 121 125 134 153 
49 121 125 127 134 
121 125 134 152 153 
121 125 127 134 152 
121 125 127 134 152 
121 125 127 134 152 
121 125 127 134 152 
28 50 127 153 154 
28 48 50 127 154 
28 48 50 121 154 
28 50 121 153 154 
30 48 127 135 136 
30 127 135 136 162 
24 30 34 36 48 
24 30 34 36 48 
24 30 34 36 48 
24 30 34 36 48 
28 30 48 127 135 
28 30 127 135 136 
28 30 127 135 136 
28 30 48 127 135 
28 48 50 127 135 
28 36 48 50 135 
28 36 48 50 135 
28 36 48 50 135 
36 49 50 121 125 
49 50 121 125 134 
30 34 48 50 135 
28 30 48 50 135 
22 24 25 31 34 
27 31 34 36 46 
27 31 34 36 46 
23 25 26 33 37 
23 25 26 33 37 
25 27 31 34 46 
25 26 27 31 34 
23 25 26 33 37 
23 25 26 27 33 
26 33 119 141 208 
6 19 20 21 183 
28 48 50 127 135 
28 30 48 127 135 
36 49 50 125 136 
36 49 50 121 125 
36 40 49 50 125 
36 40 49 50 125 
40 41 46 124 179 
40 41 46 124 179 
40 41 46 124 179 
41 45 46 124 179 
30 49 125 136 163 
49 125 136 162 163 
30 49 136 162 163 
30 49 125 136 163 
30 135 136 162 163 
30 127 135 136 162 
30 127 135 136 162 
30 125 127 135 136 
52 53 129 137 185 
52 120 137 184 185 
32 35 177 178 208 
32 35 64 158 178 
64 138 159 177 207 
68 71 111 114 321 
63 68 71 72 114 
71 75 77 80 111 
52 53 120 129 137 
77 78 80 86 112 
75 77 78 80 112 
69 78 80 85 86 
65 69 75 80 85 
61 69 80 81 85 
69 81 85 86 115 
61 69 81 82 85 
61 69 81 85 115 
76 83 90 94 118 
101 104 107 117 139 
104 105 107 108 139 
103 104 105 107 139 
101 104 105 117 139 
101 102 105 117 139 
102 104 105 117 139 
100 102 105 108 139 
104 106 107 110 139 
105 107 108 110 139 
104 105 107 108 139 
105 107 108 110 139 
68 71 77 111 114 
57 65 75 131 259 
66 72 129 140 207 
59 66 129 140 207 
63 67 72 114 207 
72 114 138 140 207 
26 29 32 141 208 
32 35 73 141 208 
26 29 32 33 141 
26 29 32 141 208 
26 29 32 141 208 
26 27 29 32 141 
26 27 29 126 141 
26 27 29 126 141 
27 29 51 55 126 
27 29 31 51 126 
27 29 51 55 126 
27 29 51 55 126 
41 47 123 126 142 
41 47 123 126 142 
41 47 123 126 142 
41 51 123 126 142 
63 68 72 114 265 
68 71 111 114 321 
67 70 71 114 132 
67 72 114 140 207 
66 67 129 140 207 
36 48 49 50 135 
36 40 46 124 179 
40 46 124 163 179 
28 30 127 135 136 
30 125 127 135 136 
28 36 48 50 135 
30 48 135 136 162 
24 30 34 48 135 
24 30 34 48 135 
53 64 72 138 207 
64 72 129 138 207 
53 64 129 138 207 
65 68 75 111 131 
65 75 111 131 259 
63 67 68 72 114 
78 80 86 93 95 
77 78 80 86 93 
78 86 91 93 95 
86 87 91 93 95 
86 87 88 91 95 
87 88 91 95 98 
87 91 95 96 98 
87 96 98 101 133 
98 101 103 104 113 
87 98 101 104 113 
98 101 103 104 113 
101 103 104 107 113 
103 104 106 107 139 
103 104 106 107 139 
103 106 107 109 110 
106 107 110 192 193 
68 71 75 111 131 
68 71 75 111 131 
20 21 24 39 128 
24 31 34 36 46 
31 34 36 46 48 
34 36 48 50 135 
57 65 75 131 259 
57 65 131 190 259 
49 125 127 134 136 
49 125 127 134 136 
34 36 48 50 135 
24 31 34 36 48 
30 34 36 48 50 
143 146 147 149 164 
143 144 146 147 164 
143 146 147 149 164 
143 146 147 149 164 
143 144 146 147 164 
143 144 146 147 164 
144 145 146 148 150 
144 148 150 164 165 
143 144 146 148 164 
144 145 146 148 150 
143 144 146 164 165 
143 144 146 148 164 
143 144 146 148 164 
143 144 146 164 165 
144 148 149 150 165 
144 145 148 149 150 
144 145 148 149 150 
144 148 149 150 165 
145 146 150 153 154 
145 146 151 153 154 
145 150 151 153 154 
144 145 146 150 153 
143 146 147 149 151 
143 146 147 149 151 
143 146 147 149 151 
143 146 147 149 151 
143 144 145 146 151 
143 145 146 147 151 
145 146 150 151 154 
143 144 145 146 150 
143 147 149 151 152 
143 146 147 149 151 
143 144 145 146 164 
143 144 145 146 151 
143 144 145 146 150 
143 144 145 146 164 
144 148 149 150 165 
144 148 149 150 165 
144 148 149 150 165 
144 148 149 150 165 
143 144 148 164 165 
143 144 146 148 164 
143 144 148 164 165 
143 148 149 164 165 
143 147 148 149 164 
143 147 148 149 164 
143 147 148 149 164 
144 145 146 150 153 
144 145 146 148 150 
143 144 145 146 150 
143 144 145 146 150 
143 146 147 149 151 
143 146 147 149 151 
143 146 147 148 149 
143 146 147 148 149 
143 146 147 149 151 
143 146 147 148 149 
147 148 149 150 152 
143 147 148 149 150 
144 147 148 149 150 
144 147 148 149 150 
144 145 146 150 153 
144 145 146 150 153 
144 145 148 149 150 
144 145 146 150 153 
144 145 149 150 153 
144 145 148 149 150 
145 146 147 151 154 
145 146 147 151 154 
145 146 147 151 154 
145 147 151 152 154 
143 145 147 151 152 
147 149 151 152 154 
134 147 151 152 154 
134 147 151 152 154 
134 147 150 151 152 
134 147 150 151 152 
147 149 150 152 153 
147 148 149 150 152 
144 147 149 150 152 
147 149 150 152 153 
121 145 150 152 153 
144 145 150 152 153 
144 145 150 152 153 
121 145 150 152 153 
121 145 150 153 154 
121 145 150 153 154 
121 145 150 153 154 
121 145 150 153 154 
121 145 151 153 154 
28 145 151 153 154 
28 145 151 153 154 
28 121 145 153 154 
28 127 151 152 154 
28 127 151 152 154 
28 134 151 152 154 
28 134 151 152 154 
147 149 150 152 153 
121 145 150 152 153 
121 145 151 153 154 
145 146 151 153 154 
145 146 151 153 154 
145 146 151 153 154 
28 145 151 153 154 
28 145 146 151 154 
145 146 147 151 154 
28 145 151 152 154 
28 147 151 152 154 
145 147 151 152 154 
28 147 151 152 154 
134 147 151 152 154 
134 149 150 152 153 
121 134 150 152 153 
134 147 150 152 153 
134 147 150 151 152 
121 145 150 153 154 
121 145 150 152 153 
145 146 151 153 154 
145 146 151 153 154 
145 146 151 153 154 
134 147 151 152 154 
121 134 145 150 153 
121 125 134 153 154 
121 125 134 152 153 
121 134 150 152 153 
121 125 134 153 154 
50 121 145 153 154 
28 121 145 153 154 
28 121 145 153 154 
28 50 151 153 154 
28 145 151 153 154 
28 127 151 153 154 
28 127 135 151 154 
28 127 134 151 154 
28 127 134 152 154 
127 134 151 152 154 
28 127 134 152 154 
121 145 150 153 154 
121 145 150 153 154 
143 147 148 149 150 
143 144 147 148 149 
143 144 148 149 165 
143 147 148 149 150 
143 144 148 149 165 
143 144 148 149 165 
143 144 146 147 151 
143 144 145 146 164 
143 144 146 164 165 
145 146 147 151 154 
145 146 147 151 154 
134 147 150 152 153 
134 147 150 152 153 
134 147 151 152 153 
147 149 150 151 152 
134 147 149 151 152 
147 149 150 151 152 
147 149 150 151 152 
121 134 150 152 153 
121 134 150 152 153 
121 134 150 152 153 
121 134 150 152 153 
28 127 151 152 154 
28 145 151 152 154 
121 125 127 134 152 
28 125 127 134 152 
127 134 147 151 152 
127 134 147 152 153 
134 147 151 152 154 
121 125 134 152 153 
121 125 134 152 153 
28 127 135 151 154 
121 125 134 152 153 
121 125 134 152 153 
121 125 134 152 153 
121 125 134 152 153 
144 148 149 150 165 
144 147 148 149 150 
145 146 150 153 154 
144 145 146 150 153 
121 145 150 153 154 
144 145 148 149 150 
144 148 149 150 165 
144 145 146 148 150 
144 145 148 149 150 
143 147 149 150 152 
121 145 150 152 153 
121 145 150 152 153 
121 145 150 152 153 
28 50 121 153 154 
50 121 145 153 154 
121 134 150 152 153 
28 50 121 153 154 
134 147 149 151 152 
134 147 151 152 154 
134 147 151 152 154 
143 146 147 149 164 
143 145 146 147 151 
145 146 151 153 154 
145 146 151 153 154 
121 145 150 152 153 
121 134 150 152 153 
121 134 150 152 153 
28 145 151 153 154 
28 145 151 153 154 
144 148 149 164 165 
28 145 151 153 154 
143 147 149 151 152 
42 43 175 244 245 
42 175 181 244 245 
42 43 175 244 245 
25 26 27 31 126 
23 26 27 33 141 
25 26 27 33 141 
24 25 31 34 46 
24 25 27 31 34 
34 36 48 49 50 
31 34 36 48 50 
25 26 27 31 34 
7 8 9 10 17 
5 7 9 10 17 
7 8 9 10 17 
62 130 177 264 324 
62 130 160 264 324 
62 130 160 264 324 
2 5 7 10 17 
2 5 7 10 17 
2 5 7 10 17 
2 5 7 10 17 
2 5 7 10 17 
7 8 9 10 17 
5 7 9 10 17 
5 9 10 11 17 
5 7 9 10 17 
123 155 156 176 180 
123 155 156 176 180 
58 155 156 180 349 
123 155 156 180 349 
58 155 156 180 349 
155 156 180 317 349 
58 155 156 176 180 
52 157 158 176 185 
52 55 157 158 176 
52 55 157 158 176 
52 55 157 158 176 
52 55 157 158 178 
52 55 157 158 178 
52 55 157 158 176 
52 53 55 158 178 
52 53 55 158 178 
29 32 53 158 178 
52 53 64 158 178 
52 53 64 158 178 
53 64 138 158 178 
64 138 159 177 207 
64 138 159 177 207 
35 64 138 159 177 
72 138 159 160 177 
63 138 159 160 177 
63 72 138 159 160 
63 159 160 265 353 
63 159 160 265 353 
63 159 160 265 353 
20 21 24 39 128 
11 39 44 122 161 
20 39 122 161 162 
11 39 44 122 161 
38 43 122 161 163 
38 43 44 122 161 
38 43 44 122 161 
38 43 44 122 161 
11 43 44 122 161 
11 43 44 122 161 
38 43 44 122 161 
38 43 44 122 161 
43 44 54 161 175 
39 122 128 161 162 
39 122 128 161 162 
39 122 161 162 163 
39 122 161 162 163 
38 40 122 161 163 
38 40 122 162 163 
38 40 122 163 179 
38 40 122 163 179 
30 122 136 162 163 
30 135 136 162 163 
30 122 136 162 163 
30 122 136 162 163 
38 122 161 162 163 
41 45 46 124 179 
41 45 46 124 179 
38 40 46 124 179 
38 40 46 163 179 
40 41 46 124 179 
38 40 46 124 179 
38 40 49 163 179 
36 40 46 49 163 
24 30 34 128 135 
24 30 34 48 135 
24 30 34 48 135 
36 40 49 125 163 
36 40 49 125 163 
36 40 46 49 163 
36 40 46 49 163 
39 122 128 161 162 
30 122 136 162 163 
49 122 136 162 163 
38 122 136 162 163 
30 122 136 162 163 
49 122 136 162 163 
40 49 122 136 163 
38 40 122 136 163 
38 122 136 162 163 
36 40 49 136 163 
36 40 49 136 163 
30 127 135 136 162 
30 39 128 136 162 
30 39 122 128 162 
24 30 39 128 162 
24 30 39 128 162 
34 36 48 49 50 
36 40 48 49 50 
36 40 48 49 50 
36 40 46 49 163 
36 40 48 49 50 
30 34 36 48 135 
24 30 34 48 135 
24 30 39 128 162 
24 30 34 128 162 
30 127 135 136 162 
30 49 136 162 163 
36 40 49 125 136 
36 40 49 125 163 
36 40 49 125 163 
36 40 46 49 163 
36 40 46 49 163 
30 39 122 162 163 
49 122 136 162 163 
49 122 136 162 163 
38 122 136 162 163 
38 122 136 162 163 
38 122 136 162 163 
38 122 136 162 163 
40 49 125 136 163 
40 49 136 162 163 
38 40 122 136 163 
38 40 122 136 163 
36 40 49 125 163 
24 30 39 128 162 
20 21 24 39 128 
20 21 24 30 128 
21 24 30 34 128 
21 24 30 34 128 
24 30 34 48 128 
20 21 24 39 128 
121 134 150 152 153 
36 40 49 50 125 
36 40 49 125 136 
36 49 50 125 136 
49 125 127 134 136 
2 3 4 191 212 
2 3 4 191 212 
2 3 4 191 212 
2 3 4 191 212 
134 147 150 151 152 
134 147 150 151 152 
147 149 150 151 152 
147 149 150 151 152 
143 147 149 151 152 
143 145 146 147 151 
143 145 146 147 151 
144 145 146 150 154 
144 145 147 149 150 
143 148 164 165 167 
143 164 165 167 168 
143 164 165 167 168 
143 164 165 167 168 
164 165 166 167 168 
148 164 165 167 168 
164 165 166 167 168 
148 164 165 167 168 
164 165 166 167 168 
148 164 165 167 168 
148 164 165 167 168 
148 164 165 167 168 
148 164 165 167 168 
144 148 164 165 167 
144 148 164 165 168 
148 164 165 167 168 
148 164 165 167 168 
148 165 167 168 170 
148 164 165 167 168 
148 164 165 167 168 
148 164 165 167 168 
143 148 164 165 168 
148 164 165 168 170 
148 164 165 167 168 
148 149 164 165 168 
164 165 167 168 170 
143 148 164 165 168 
164 165 167 168 170 
143 144 148 164 165 
143 144 148 164 165 
143 144 146 147 164 
144 148 164 165 167 
144 148 164 165 167 
143 144 148 164 165 
143 144 148 164 165 
144 148 150 164 165 
144 148 164 165 168 
144 148 164 165 167 
144 148 164 165 167 
144 148 164 165 167 
148 164 165 167 168 
148 164 165 167 168 
143 164 165 167 168 
143 164 165 167 168 
143 164 165 167 168 
143 148 164 165 168 
144 148 164 165 168 
143 148 149 164 165 
143 148 149 164 165 
143 148 164 165 168 
143 148 149 164 165 
164 165 167 168 170 
164 165 167 168 170 
143 144 148 164 165 
148 164 165 167 168 
144 148 149 165 168 
144 148 149 165 168 
148 164 165 167 168 
143 148 149 164 165 
143 148 149 164 165 
148 149 164 165 168 
164 165 167 168 170 
143 148 149 164 165 
166 167 168 169 173 
166 167 168 169 173 
166 167 168 169 173 
166 167 168 169 173 
165 166 167 168 173 
166 167 168 169 173 
165 166 167 168 173 
165 166 167 168 173 
166 167 168 169 173 
166 167 168 169 173 
166 167 168 169 173 
166 167 168 169 173 
166 167 169 170 173 
166 167 169 170 173 
166 167 169 170 173 
166 167 169 170 173 
166 167 169 170 173 
166 169 170 171 173 
166 169 170 171 172 
166 167 168 170 172 
166 168 170 171 172 
166 167 168 170 172 
166 167 168 170 172 
166 169 170 171 172 
166 167 168 170 173 
166 167 168 170 173 
166 167 168 170 173 
166 167 168 170 173 
166 167 168 169 173 
166 167 168 169 173 
166 167 169 170 173 
166 167 169 170 173 
165 166 167 168 170 
165 166 167 168 170 
165 166 167 168 170 
165 166 167 168 170 
165 166 167 168 173 
165 166 167 168 173 
164 165 166 167 168 
164 165 166 167 168 
165 166 167 168 173 
165 166 167 168 173 
165 166 167 168 173 
165 166 167 168 173 
165 166 167 168 170 
165 166 167 168 170 
166 169 170 171 173 
166 169 170 171 173 
166 169 170 171 173 
166 169 170 171 173 
165 166 167 168 170 
165 166 167 168 170 
164 165 167 168 170 
165 166 167 168 170 
165 166 167 168 170 
165 166 167 168 170 
166 169 170 171 173 
166 169 170 171 173 
166 169 170 171 173 
166 169 170 171 173 
166 167 168 169 173 
166 167 168 169 173 
166 169 170 171 173 
166 167 169 170 173 
166 167 169 170 173 
166 168 169 170 173 
166 168 169 170 172 
166 168 169 170 172 
166 167 168 169 170 
166 167 168 170 172 
166 167 168 170 172 
166 167 168 170 172 
166 167 168 170 172 
166 168 169 170 172 
166 169 170 171 172 
166 169 170 171 172 
166 169 170 171 172 
166 169 170 171 172 
165 166 167 168 170 
164 165 167 168 170 
166 167 168 170 172 
166 168 170 171 172 
166 167 168 170 172 
166 167 168 170 172 
164 165 167 168 170 
164 165 167 168 170 
166 169 170 171 173 
166 169 170 171 173 
165 166 167 168 173 
165 166 167 168 173 
165 166 167 168 173 
164 165 167 168 173 
164 165 167 168 173 
166 169 170 171 173 
166 167 168 169 173 
166 167 168 170 172 
166 167 168 170 172 
166 167 168 170 172 
166 167 168 170 172 
166 167 168 170 172 
166 167 168 170 172 
166 167 168 170 172 
166 167 168 170 172 
166 167 168 170 172 
166 167 168 169 173 
166 167 169 170 173 
165 166 167 168 170 
165 166 167 168 170 
165 166 167 168 170 
165 166 167 168 170 
165 166 167 168 170 
165 166 167 168 170 
165 166 167 168 170 
166 167 168 170 173 
166 167 168 169 173 
165 166 167 168 173 
165 166 167 168 170 
164 165 166 167 168 
164 165 166 167 168 
165 166 167 168 170 
165 166 167 168 170 
164 165 166 167 168 
164 165 166 167 168 
148 165 166 167 168 
148 165 166 167 168 
164 165 167 168 170 
164 165 167 168 170 
164 165 167 168 170 
164 165 166 167 168 
164 165 166 167 168 
164 165 166 167 168 
164 165 167 168 173 
166 167 168 169 173 
166 167 168 169 173 
166 167 168 169 173 
166 167 168 169 173 
166 167 169 170 173 
166 167 169 170 173 
166 167 169 170 173 
165 166 167 168 170 
165 166 167 168 170 
166 169 170 171 173 
166 169 170 171 173 
166 169 170 171 173 
166 169 170 171 173 
166 169 170 171 173 
166 169 170 171 172 
166 169 170 171 172 
166 169 170 171 173 
166 169 170 171 173 
166 168 169 170 172 
166 169 170 171 172 
166 169 170 171 173 
166 167 169 170 173 
166 169 170 171 173 
166 168 169 170 172 
166 168 169 170 172 
166 168 169 170 172 
166 169 170 171 173 
166 169 170 171 172 
166 169 170 171 172 
166 169 170 171 172 
166 167 168 170 172 
166 167 168 170 172 
166 169 170 171 173 
166 169 170 171 173 
148 165 167 168 170 
148 165 167 168 170 
166 167 168 170 172 
166 167 169 170 173 
166 167 168 170 172 
166 168 170 171 172 
166 169 170 171 172 
166 168 170 171 172 
166 168 170 171 172 
166 169 170 171 172 
166 169 170 171 172 
166 169 170 171 173 
166 169 170 171 173 
166 169 170 171 173 
166 169 170 171 173 
166 169 170 171 173 
166 169 170 171 173 
166 169 170 171 173 
166 169 170 171 173 
166 169 170 171 172 
166 169 170 171 172 
166 169 170 171 173 
166 169 170 171 173 
164 167 168 170 172 
166 167 168 170 172 
166 167 168 170 172 
166 169 170 171 172 
166 168 170 171 172 
166 167 168 170 172 
166 167 168 170 172 
166 169 170 171 172 
166 169 170 171 172 
166 169 170 171 173 
166 167 168 170 172 
166 169 170 171 173 
164 165 167 168 170 
164 167 168 170 173 
164 167 168 170 173 
164 165 167 168 170 
166 169 170 171 173 
166 169 170 171 173 
166 168 169 170 172 
166 168 169 170 172 
166 168 170 171 172 
166 169 170 171 172 
166 167 168 170 172 
166 168 170 171 172 
166 168 170 171 172 
164 166 167 168 170 
164 165 167 168 170 
164 167 168 170 172 
166 169 170 171 172 
167 168 170 172 173 
164 167 168 170 173 
164 167 168 170 173 
164 165 167 168 170 
164 165 167 168 170 
166 169 170 171 173 
166 169 170 171 173 
164 165 167 168 170 
164 165 167 168 170 
164 165 167 168 170 
164 165 167 168 170 
166 167 168 170 173 
164 167 168 170 173 
166 167 168 170 173 
167 168 170 172 173 
166 169 170 171 172 
166 169 170 171 173 
166 169 170 171 172 
166 169 170 171 172 
166 169 170 171 172 
166 169 170 171 172 
166 169 170 171 173 
166 167 169 170 173 
166 169 170 171 172 
164 166 167 170 173 
166 167 169 170 173 
166 167 169 170 173 
164 166 167 168 173 
164 165 167 168 173 
164 165 167 168 173 
164 165 167 168 173 
164 165 167 168 173 
166 167 168 169 173 
166 169 170 171 173 
166 169 170 171 173 
164 165 167 168 170 
164 165 167 168 170 
166 167 168 169 173 
165 166 167 168 170 
165 166 167 168 170 
165 166 167 168 170 
165 166 167 168 170 
164 165 167 168 170 
148 164 165 167 168 
148 164 165 167 168 
164 165 167 168 170 
166 169 170 171 173 
166 169 170 171 172 
166 169 170 171 172 
166 167 168 169 173 
166 167 168 169 173 
166 167 168 169 173 
166 167 168 169 173 
165 166 167 168 173 
166 167 168 169 173 
165 166 167 168 170 
165 166 167 168 170 
166 167 168 170 172 
165 166 167 168 170 
166 169 170 171 173 
166 169 170 171 173 
166 167 169 170 173 
166 169 170 171 173 
166 169 170 171 172 
166 169 170 171 172 
165 166 167 168 170 
165 166 167 168 173 
166 167 168 169 173 
166 167 168 169 173 
166 168 169 170 172 
166 169 170 171 172 
166 169 170 171 172 
166 169 170 171 172 
166 169 170 171 173 
166 169 170 171 173 
166 169 170 171 173 
166 168 169 170 172 
166 169 170 171 172 
166 169 170 171 172 
166 168 169 170 172 
164 165 167 168 170 
166 169 170 171 173 
166 169 170 171 173 
166 169 170 171 173 
166 169 170 171 173 
165 166 167 168 170 
165 166 167 168 170 
148 165 166 167 168 
166 167 169 170 173 
166 167 168 169 173 
166 169 170 171 172 
166 168 170 171 172 
166 169 170 171 172 
166 169 170 171 172 
166 169 170 171 172 
166 169 170 171 172 
166 169 170 171 173 
166 169 170 171 173 
166 169 170 171 173 
166 169 170 171 173 
166 169 170 171 173 
166 169 170 171 173 
166 169 170 171 173 
166 169 170 171 173 
166 169 170 171 173 
166 169 170 171 173 
166 169 170 171 173 
166 169 170 171 173 
166 169 170 171 173 
166 169 170 171 173 
166 169 170 171 173 
166 169 170 171 173 
166 169 170 171 173 
166 169 170 171 173 
166 169 170 171 173 
166 169 170 171 173 
166 169 170 171 173 
166 169 170 171 173 
166 169 170 171 173 
166 169 170 171 173 
166 169 170 171 173 
166 169 170 171 173 
166 169 170 171 173 
166 169 170 171 173 
166 169 170 171 173 
166 169 170 171 173 
166 169 170 171 173 
166 169 170 171 173 
166 169 170 171 173 
166 169 170 171 173 
166 169 170 171 173 
166 169 170 171 173 
166 169 170 171 173 
166 169 170 171 173 
166 169 170 171 173 
166 169 170 171 173 
166 169 170 171 173 
166 169 170 171 173 
166 169 170 171 173 
166 169 170 171 173 
166 169 170 171 173 
166 169 170 171 173 
166 169 170 171 173 
166 169 170 171 173 
166 169 170 171 173 
166 169 170 171 173 
166 169 170 171 173 
166 169 170 171 173 
166 169 170 171 173 
166 169 170 171 173 
166 169 170 171 173 
166 169 170 171 173 
166 169 170 171 173 
166 169 170 171 173 
166 169 170 171 173 
166 169 170 171 173 
166 169 170 171 173 
166 169 170 171 173 
166 169 170 171 172 
166 169 170 171 172 
166 169 170 171 172 
166 169 170 171 172 
166 169 170 171 172 
166 169 170 171 172 
166 169 170 171 172 
166 169 170 171 172 
166 169 170 171 172 
166 169 170 171 172 
166 169 170 171 172 
166 169 170 171 172 
166 169 170 171 172 
166 169 170 171 172 
166 169 170 171 172 
166 169 170 171 172 
166 169 170 171 172 
166 169 170 171 172 
166 169 170 171 172 
166 169 170 171 172 
166 169 170 171 172 
166 169 170 171 172 
166 169 170 171 172 
166 169 170 171 172 
166 169 170 171 172 
166 169 170 171 172 
166 169 170 171 172 
166 169 170 171 172 
166 169 170 171 172 
166 169 170 171 172 
166 169 170 171 172 
166 169 170 171 172 
166 169 170 171 172 
166 169 170 171 172 
166 169 170 171 172 
166 169 170 171 172 
166 169 170 171 172 
166 169 170 171 172 
166 169 170 171 172 
166 169 170 171 172 
166 169 170 171 172 
166 169 170 171 172 
166 169 170 171 172 
166 169 170 171 172 
166 169 170 171 172 
166 169 170 171 172 
166 169 170 171 172 
166 169 170 171 172 
166 169 170 171 172 
166 169 170 171 172 
166 169 170 171 172 
166 169 170 171 172 
166 169 170 171 172 
166 169 170 171 172 
166 169 170 171 172 
166 169 170 171 172 
166 169 170 171 172 
166 169 170 171 172 
166 169 170 171 172 
166 169 170 171 172 
166 169 170 171 172 
166 169 170 171 172 
166 169 170 171 172 
166 169 170 171 172 
166 169 170 171 172 
166 169 170 171 172 
166 169 170 171 172 
166 169 170 171 172 
166 169 170 171 172 
166 169 170 171 172 
166 169 170 171 172 
166 169 170 171 172 
166 169 170 171 172 
166 169 170 171 172 
166 169 170 171 172 
166 169 170 171 172 
166 169 170 171 172 
166 169 170 171 172 
166 169 170 171 172 
166 169 170 171 172 
166 169 170 171 172 
166 169 170 171 172 
166 169 170 171 172 
166 169 170 171 172 
166 169 170 171 172 
166 169 170 171 172 
166 169 170 171 172 
166 169 170 171 172 
166 169 170 171 172 
166 169 170 171 172 
166 169 170 171 172 
166 169 170 171 172 
166 169 170 171 172 
166 169 170 171 172 
166 169 170 171 172 
166 169 170 171 172 
166 169 170 171 172 
166 169 170 171 172 
166 169 170 171 172 
166 169 170 171 172 
166 169 170 171 172 
166 169 170 171 172 
166 169 170 171 172 
166 169 170 171 172 
166 169 170 171 172 
166 169 170 171 172 
166 169 170 171 172 
166 169 170 171 172 
166 169 170 171 172 
166 169 170 171 172 
166 169 170 171 172 
166 169 170 171 172 
166 169 170 171 172 
166 169 170 171 172 
166 169 170 171 172 
166 169 170 171 172 
166 169 170 171 172 
166 169 170 171 172 
166 169 170 171 172 
166 169 170 171 172 
166 169 170 171 172 
166 169 170 171 172 
166 169 170 171 172 
166 169 170 171 172 
166 169 170 171 172 
166 169 170 171 172 
166 169 170 171 172 
166 169 170 171 172 
166 169 170 171 172 
166 169 170 171 172 
166 169 170 171 172 
166 169 170 171 172 
166 169 170 171 172 
166 169 170 171 172 
166 169 170 171 172 
166 169 170 171 172 
166 169 170 171 172 
166 169 170 171 172 
166 169 170 171 172 
166 169 170 171 172 
166 169 170 171 172 
166 169 170 171 172 
166 169 170 171 172 
166 169 170 171 172 
166 169 170 171 172 
166 169 170 171 172 
166 169 170 171 172 
166 169 170 171 172 
166 169 170 171 172 
166 169 170 171 172 
166 169 170 171 172 
166 169 170 171 172 
166 169 170 171 172 
166 169 170 171 172 
166 169 170 171 172 
166 169 170 171 172 
166 169 170 171 172 
166 169 170 171 172 
166 169 170 171 172 
166 169 170 171 172 
166 169 170 171 172 
166 169 170 171 172 
166 169 170 171 172 
166 169 170 171 172 
166 169 170 171 172 
166 169 170 171 172 
166 169 170 171 172 
166 169 170 171 172 
166 169 170 171 172 
166 169 170 171 172 
166 169 170 171 172 
166 169 170 171 172 
166 169 170 171 172 
166 169 170 171 172 
166 169 170 171 172 
166 169 170 171 172 
166 169 170 171 172 
166 169 170 171 172 
166 169 170 171 172 
166 169 170 171 172 
166 169 170 171 172 
166 169 170 171 172 
166 169 170 171 172 
166 169 170 171 172 
166 169 170 171 172 
166 169 170 171 172 
166 169 170 171 172 
166 169 170 171 172 
166 169 170 171 172 
166 169 170 171 172 
166 169 170 171 172 
166 169 170 171 172 
166 169 170 171 172 
166 169 170 171 172 
166 169 170 171 172 
166 169 170 171 172 
166 169 170 171 172 
166 169 170 171 172 
166 169 170 171 172 
166 169 170 171 172 
166 169 170 171 172 
166 169 170 171 172 
166 169 170 171 172 
166 169 170 171 172 
166 169 170 171 172 
166 169 170 171 172 
166 169 170 171 172 
166 169 170 171 172 
166 169 170 171 172 
166 169 170 171 172 
166 169 170 171 172 
166 169 170 171 172 
166 169 170 171 172 
166 169 170 171 172 
166 169 170 171 172 
166 169 170 171 172 
166 169 170 171 172 
166 169 170 171 172 
166 169 170 171 172 
166 169 170 171 172 
166 169 170 171 172 
166 169 170 171 172 
166 169 170 171 172 
166 169 170 171 172 
166 168 169 170 172 
166 168 169 170 172 
166 168 169 170 172 
166 168 169 170 172 
166 168 169 170 172 
166 168 169 170 172 
166 168 169 170 172 
166 168 169 170 172 
166 168 169 170 172 
166 168 169 170 172 
166 168 169 170 172 
166 168 169 170 172 
166 168 169 170 172 
166 168 169 170 172 
166 168 169 170 172 
166 168 169 170 172 
166 168 169 170 172 
166 168 169 170 172 
166 168 169 170 172 
166 168 169 170 172 
166 168 169 170 172 
166 168 169 170 172 
166 168 169 170 172 
166 168 169 170 172 
166 168 169 170 172 
166 168 169 170 172 
166 168 169 170 172 
166 168 169 170 172 
166 168 169 170 172 
166 168 169 170 172 
166 168 169 170 172 
166 168 170 171 172 
166 168 169 170 172 
166 168 169 170 172 
166 168 169 170 172 
166 168 169 170 172 
166 168 169 170 172 
166 168 169 170 172 
166 168 169 170 172 
166 168 169 170 172 
166 168 169 170 172 
166 168 169 170 172 
166 168 169 170 172 
166 168 169 170 172 
166 168 169 170 172 
166 168 169 170 172 
166 168 169 170 172 
166 168 170 171 172 
166 168 169 170 172 
166 168 169 170 172 
166 168 169 170 172 
166 168 169 170 172 
166 168 169 170 172 
166 168 169 170 172 
166 168 169 170 172 
166 168 169 170 172 
166 168 169 170 172 
166 168 169 170 172 
166 168 169 170 172 
166 168 169 170 172 
166 168 169 170 172 
166 168 169 170 172 
166 168 169 170 172 
166 168 169 170 172 
166 168 169 170 172 
166 168 169 170 172 
166 168 169 170 172 
166 168 169 170 172 
166 168 169 170 172 
166 168 169 170 172 
166 168 169 170 172 
166 168 169 170 172 
166 168 169 170 172 
166 168 169 170 172 
166 168 169 170 172 
166 168 169 170 172 
166 168 169 170 172 
166 168 169 170 172 
166 168 169 170 172 
166 168 169 170 172 
166 168 169 170 172 
166 168 169 170 172 
166 168 169 170 172 
166 168 169 170 172 
166 168 169 170 172 
166 168 169 170 172 
166 168 169 170 172 
166 168 169 170 172 
166 168 169 170 172 
166 168 169 170 172 
166 168 169 170 172 
166 168 169 170 172 
166 168 169 170 172 
166 168 169 170 172 
166 168 169 170 172 
166 168 169 170 172 
166 168 169 170 172 
166 168 169 170 172 
166 168 169 170 172 
166 168 169 170 172 
166 168 169 170 172 
166 168 169 170 172 
166 168 169 170 172 
166 168 169 170 172 
166 168 169 170 172 
166 168 169 170 172 
166 168 169 170 172 
166 168 169 170 172 
166 168 169 170 172 
166 168 169 170 172 
166 168 169 170 172 
166 168 169 170 172 
166 168 169 170 172 
166 168 169 170 172 
166 168 169 170 172 
166 168 169 170 172 
166 168 169 170 172 
166 167 168 169 173 
166 167 168 169 173 
166 167 168 169 173 
166 167 168 169 173 
166 167 168 169 173 
166 167 168 169 173 
166 167 168 169 173 
166 167 168 169 173 
166 167 168 169 173 
166 167 168 169 173 
166 167 168 169 173 
166 167 168 169 173 
166 167 168 169 173 
166 167 168 169 173 
166 167 168 169 173 
166 167 168 169 173 
166 167 168 169 173 
166 167 168 169 173 
166 167 168 169 173 
166 167 168 169 173 
166 167 168 169 173 
166 167 168 169 173 
166 167 168 169 173 
166 167 168 169 173 
166 167 168 169 173 
166 167 168 169 173 
166 167 168 169 173 
166 167 168 169 173 
166 167 168 169 173 
166 167 168 169 173 
166 167 168 169 173 
166 167 168 169 173 
166 167 168 169 173 
166 167 168 169 173 
166 167 168 169 173 
166 167 168 169 173 
166 167 168 169 173 
166 167 168 169 173 
166 167 168 169 173 
166 167 168 169 173 
166 167 168 169 173 
166 167 168 169 173 
166 167 168 169 173 
166 167 168 169 173 
166 167 168 169 173 
166 167 168 169 173 
166 167 168 169 173 
166 167 168 169 173 
166 167 168 169 173 
166 167 168 169 173 
166 167 168 169 173 
166 167 168 169 173 
166 167 168 169 173 
166 167 168 169 173 
166 167 168 169 173 
166 167 168 169 173 
166 167 168 169 173 
166 167 168 169 173 
166 167 168 169 173 
166 167 168 169 173 
166 167 168 169 173 
166 167 168 169 173 
166 167 168 169 173 
166 167 168 169 173 
166 167 168 169 173 
166 167 168 169 173 
166 167 168 169 173 
166 167 168 169 173 
166 167 168 169 173 
166 167 168 169 173 
166 167 168 169 173 
166 167 168 169 173 
166 167 168 170 172 
166 168 169 170 172 
166 167 168 170 172 
166 167 168 170 172 
166 167 168 170 172 
166 167 168 170 172 
166 167 168 170 172 
166 168 169 170 172 
166 167 168 170 172 
1 2 3 4 16 
1 2 3 4 16 
1 2 3 4 16 
1 2 3 4 16 
1 2 3 4 16 
1 2 3 4 16 
1 2 3 4 16 
1 2 3 4 16 
1 2 3 16 212 
1 2 3 16 212 
1 2 3 4 16 
1 2 3 4 16 
1 2 3 4 16 
1 2 3 4 16 
1 2 3 4 16 
1 2 3 4 16 
1 2 3 4 16 
1 2 3 4 16 
1 2 3 4 16 
1 2 3 4 16 
1 2 3 4 16 
1 2 3 4 16 
1 2 3 4 16 
1 2 3 4 16 
1 2 3 4 16 
1 2 3 4 16 
1 2 3 4 16 
1 2 3 4 16 
1 2 3 4 16 
1 2 3 4 16 
1 2 3 4 16 
1 2 3 4 16 
1 2 3 4 16 
19 21 74 183 274 
21 74 174 183 274 
1 2 3 4 16 
1 2 3 4 16 
1 2 3 4 16 
1 2 3 4 16 
1 2 3 4 16 
28 48 50 127 135 
28 48 50 127 135 
28 127 134 135 136 
125 127 134 135 136 
35 73 130 208 324 
41 51 123 126 142 
41 51 123 126 142 
47 123 142 249 317 
41 47 123 142 249 
26 27 29 126 141 
26 27 29 32 141 
26 32 33 141 208 
26 32 73 141 208 
26 29 32 141 208 
51 123 126 142 155 
51 123 126 142 155 
41 51 123 126 142 
51 123 126 142 155 
47 123 142 249 317 
47 123 142 209 249 
26 27 29 31 126 
27 29 31 51 126 
27 41 51 126 142 
41 46 51 126 142 
41 47 123 124 142 
41 47 124 126 142 
26 33 73 141 208 
26 33 73 119 141 
26 27 29 126 141 
73 119 130 208 273 
45 47 124 142 209 
45 47 124 142 209 
27 31 41 126 142 
22 37 74 174 274 
22 37 74 174 182 
22 23 37 74 174 
22 37 74 174 274 
22 23 37 74 174 
22 23 37 74 174 
22 23 25 74 174 
22 23 24 25 34 
22 23 24 25 174 
22 23 24 25 34 
22 23 24 25 34 
22 24 25 31 34 
24 25 27 31 34 
24 25 27 31 34 
24 25 27 31 34 
23 25 27 31 34 
22 23 24 25 34 
22 23 24 25 34 
37 119 174 182 319 
37 119 174 182 240 
19 21 74 183 274 
144 147 148 149 150 
143 148 164 165 167 
42 43 44 54 175 
42 43 44 54 175 
42 43 54 175 245 
42 43 54 175 245 
39 44 122 161 162 
38 43 44 122 161 
38 43 44 122 161 
38 43 44 161 175 
25 26 27 33 141 
38 42 43 44 175 
38 42 43 44 175 
38 43 44 122 161 
38 43 44 122 161 
38 39 122 161 162 
38 39 122 161 162 
38 122 161 162 163 
122 136 161 162 163 
122 136 161 162 163 
30 122 136 162 163 
38 122 136 162 163 
49 125 127 136 163 
49 125 127 134 136 
49 125 127 134 136 
49 125 127 134 136 
49 125 127 134 136 
49 50 121 125 136 
49 50 121 125 136 
36 40 49 125 163 
36 40 49 125 163 
31 36 40 46 49 
31 36 40 41 46 
31 41 46 124 179 
31 40 41 46 124 
31 41 46 124 142 
51 155 157 176 188 
51 55 155 157 176 
51 55 155 157 176 
51 55 155 157 176 
123 155 156 180 349 
51 123 155 156 180 
29 32 55 158 178 
29 52 55 158 178 
51 55 157 158 176 
29 51 55 157 176 
29 32 55 158 178 
35 62 138 159 177 
35 64 138 177 178 
62 63 159 160 177 
62 130 159 160 177 
32 35 64 158 178 
35 62 138 159 177 
32 35 64 177 178 
32 35 64 177 178 
51 55 155 156 176 
51 123 155 156 176 
51 123 155 176 180 
42 45 124 179 181 
42 45 124 179 181 
42 45 124 179 181 
38 42 45 124 179 
38 40 45 124 179 
38 40 46 124 179 
38 45 46 124 179 
38 40 122 163 179 
38 40 122 163 179 
38 40 124 163 179 
38 40 124 163 179 
38 40 49 163 179 
38 40 49 163 179 
36 40 49 136 163 
36 40 49 136 163 
36 40 49 136 163 
38 40 49 136 163 
38 40 122 163 179 
38 43 122 163 179 
42 45 179 181 244 
42 45 179 181 244 
25 27 31 34 46 
25 27 31 34 46 
27 31 34 41 46 
31 36 40 41 46 
31 36 40 41 46 
31 40 41 46 124 
31 40 41 46 124 
31 40 41 46 124 
40 41 46 124 179 
40 41 46 124 179 
40 41 46 124 179 
38 40 46 124 179 
38 40 46 124 179 
38 40 124 163 179 
38 42 43 124 179 
38 40 43 124 179 
38 42 43 45 179 
38 42 43 175 179 
42 45 124 179 181 
42 43 45 124 179 
11 39 44 122 161 
11 43 44 54 161 
40 49 125 136 163 
49 50 125 134 136 
36 49 50 125 136 
36 40 49 125 136 
49 125 127 134 136 
49 125 134 136 163 
49 125 127 134 136 
49 125 134 136 163 
49 125 134 136 163 
49 125 134 136 163 
49 125 127 136 163 
49 125 127 136 163 
49 125 127 136 163 
49 125 127 136 163 
49 122 136 162 163 
49 125 136 162 163 
49 125 136 162 163 
36 40 49 136 163 
40 49 125 136 163 
40 49 125 136 163 
40 49 125 136 163 
40 49 125 136 163 
36 40 49 136 163 
42 45 179 181 244 
42 45 124 179 181 
38 40 122 163 179 
38 40 122 163 179 
38 40 49 136 163 
36 40 49 136 163 
38 40 122 136 163 
38 40 122 163 179 
38 40 122 163 179 
42 43 45 179 181 
42 45 179 181 244 
24 30 34 128 135 
24 30 128 135 162 
30 39 128 136 162 
30 39 136 162 163 
15 44 54 175 246 
121 145 150 153 154 
45 47 181 209 247 
45 181 209 244 247 
47 123 142 209 249 
45 47 209 247 249 
51 123 142 155 180 
47 123 155 180 317 
47 123 142 180 317 
155 156 180 317 349 
123 156 180 317 349 
47 123 180 249 317 
47 123 180 249 317 
45 47 124 209 247 
42 45 181 209 247 
42 45 181 244 247 
42 45 181 244 247 
42 175 181 244 247 
22 23 25 37 174 
22 23 24 25 174 
22 23 25 74 174 
22 23 25 37 174 
22 23 24 25 33 
22 23 24 25 34 
22 23 24 25 174 
22 23 25 33 37 
22 23 24 25 34 
22 23 24 25 34 
22 23 25 33 37 
22 23 25 33 37 
22 23 25 33 37 
22 23 25 33 37 
22 23 25 33 37 
4 6 19 191 214 
4 6 191 212 214 
2 3 4 191 212 
2 3 4 191 212 
4 6 19 191 214 
4 6 19 191 214 
3 4 6 191 212 
3 4 6 191 212 
3 4 191 211 212 
3 4 191 211 212 
2 3 4 191 212 
2 3 4 191 212 
6 19 191 214 223 
4 6 19 191 214 
19 183 191 214 223 
19 183 191 214 223 
19 20 21 183 223 
19 20 21 183 223 
37 119 174 182 319 
22 74 174 274 319 
74 174 182 274 319 
22 74 174 183 274 
19 21 74 183 223 
6 19 191 214 223 
2 3 4 191 212 
3 4 191 212 213 
3 4 191 211 212 
3 4 191 211 212 
19 21 74 183 274 
21 74 174 183 274 
37 74 174 182 319 
37 174 182 240 319 
37 119 182 240 319 
19 21 74 183 274 
33 37 119 182 240 
56 120 184 185 187 
56 184 185 186 187 
56 184 185 186 187 
56 184 185 186 187 
52 137 184 185 187 
52 137 157 184 185 
52 53 137 157 185 
56 184 185 186 187 
56 57 186 187 189 
56 57 65 186 187 
52 157 176 185 188 
52 157 185 187 188 
56 184 185 186 187 
56 184 185 186 187 
56 137 184 185 187 
56 57 184 186 187 
56 184 185 186 187 
58 155 156 176 188 
58 155 156 176 188 
58 155 156 176 188 
51 55 157 158 176 
52 55 157 176 188 
57 131 190 259 379 
56 184 185 186 187 
57 186 187 188 189 
56 186 187 188 189 
58 176 186 188 189 
58 157 176 187 188 
185 186 187 188 189 
58 186 187 188 189 
157 176 185 187 188 
52 157 176 185 188 
58 155 157 176 188 
58 157 176 185 188 
51 155 157 176 188 
157 185 186 187 188 
58 186 187 188 189 
58 186 188 189 190 
57 58 189 190 379 
58 189 190 260 379 
58 189 190 260 379 
58 155 157 176 188 
51 58 155 156 176 
51 58 155 157 176 
51 123 142 155 180 
70 76 83 94 118 
68 71 75 111 131 
68 71 75 111 131 
53 129 137 140 207 
120 129 137 184 185 
120 137 184 185 187 
68 71 77 111 114 
67 68 71 111 114 
64 129 138 140 207 
67 72 114 140 207 
68 71 75 111 114 
137 157 184 185 187 
184 185 186 187 189 
185 186 187 188 189 
57 186 187 189 190 
57 186 189 190 259 
57 189 190 259 379 
63 68 72 114 265 
63 68 72 265 321 
63 68 72 160 265 
63 68 160 265 321 
63 68 72 265 321 
63 68 72 114 265 
63 68 72 265 321 
63 68 114 265 321 
35 62 138 159 177 
35 64 138 159 177 
62 63 159 160 177 
62 63 159 160 177 
32 53 64 158 178 
62 138 159 160 177 
35 64 138 177 178 
32 35 64 177 178 
58 156 188 190 260 
58 155 156 180 260 
63 159 160 265 353 
4 6 191 212 214 
4 6 19 191 214 
1 12 16 210 216 
11 15 54 219 220 
1 3 16 210 211 
2 3 4 191 212 
3 4 16 211 212 
19 20 21 183 223 
19 20 21 183 223 
68 71 75 111 131 
19 21 183 223 274 
68 75 111 131 259 
47 123 142 209 249 
106 109 192 193 195 
106 110 192 193 195 
106 192 193 195 199 
192 193 195 199 206 
106 110 192 193 195 
106 110 192 193 195 
106 110 192 193 194 
110 192 193 194 200 
110 193 194 195 200 
110 192 193 195 200 
110 192 193 194 200 
110 193 194 199 200 
108 110 193 194 200 
108 110 193 194 200 
110 193 194 199 200 
108 109 193 194 200 
192 193 194 199 200 
109 193 194 199 200 
109 192 194 195 199 
192 193 194 195 199 
110 192 193 195 200 
106 110 192 193 195 
106 192 193 195 199 
106 110 192 193 195 
192 193 195 199 206 
192 195 199 205 206 
192 193 195 200 204 
192 193 195 199 206 
110 193 195 200 204 
192 193 195 200 204 
193 194 199 200 203 
193 194 195 200 204 
110 193 194 199 200 
193 194 199 200 203 
193 194 199 200 203 
192 195 199 205 206 
192 193 195 199 206 
196 197 198 201 202 
196 197 198 201 202 
196 197 198 201 202 
196 197 198 201 202 
196 197 198 201 205 
196 197 198 201 205 
196 197 198 201 205 
196 197 198 201 205 
196 197 198 201 205 
196 197 198 201 205 
196 197 198 201 205 
196 197 198 201 205 
196 197 198 201 202 
196 197 198 201 202 
196 197 198 201 202 
196 197 198 201 202 
196 197 198 201 202 
196 197 198 201 202 
196 197 198 201 202 
196 197 198 201 202 
196 197 198 201 205 
196 197 198 201 205 
196 197 198 201 205 
196 197 198 201 205 
196 197 198 201 205 
196 197 198 201 205 
196 197 198 201 205 
196 197 198 201 205 
196 197 198 201 205 
196 197 198 201 205 
196 197 198 201 205 
196 197 198 201 205 
196 197 198 201 205 
196 197 198 201 202 
196 197 198 201 202 
196 197 198 201 205 
196 197 198 201 205 
196 197 198 201 205 
196 197 198 201 205 
196 197 198 201 205 
196 197 198 201 205 
196 197 198 201 205 
196 197 198 201 205 
196 197 198 201 205 
196 197 198 201 202 
196 197 198 201 202 
196 197 198 201 202 
196 197 198 201 202 
196 197 198 201 202 
196 197 198 201 205 
196 197 198 201 202 
196 197 198 201 202 
196 197 198 201 202 
196 197 198 201 202 
196 197 198 201 202 
196 197 198 201 202 
196 197 198 201 202 
196 197 198 201 202 
196 197 198 201 202 
196 197 198 201 202 
196 197 198 201 202 
196 197 198 201 202 
196 197 198 201 202 
196 197 198 201 202 
196 197 198 201 202 
196 197 198 201 202 
196 197 198 201 202 
196 197 198 201 202 
196 197 198 201 202 
196 197 198 201 202 
196 197 198 201 202 
196 197 198 201 202 
196 197 198 201 202 
196 197 198 201 202 
196 197 198 201 202 
196 197 198 201 202 
196 197 198 201 202 
196 197 198 201 202 
196 197 198 201 202 
196 197 198 201 202 
196 197 198 201 205 
196 197 198 201 205 
196 197 198 201 205 
196 197 198 201 205 
196 197 198 201 205 
196 197 198 201 205 
196 197 198 201 205 
196 197 198 201 205 
196 197 198 201 202 
196 197 198 201 205 
196 197 198 201 205 
196 197 198 201 205 
196 197 198 201 202 
196 197 198 201 202 
196 197 198 201 202 
196 197 198 201 202 
196 197 198 201 202 
196 197 198 201 202 
196 197 198 201 202 
196 197 198 201 202 
196 197 198 201 202 
196 197 198 201 202 
196 197 198 201 202 
196 197 198 201 202 
196 197 198 201 202 
196 197 198 201 202 
196 197 198 201 202 
196 197 198 201 202 
192 194 195 199 200 
109 192 194 195 199 
109 192 194 195 199 
192 194 195 199 200 
192 193 194 199 200 
195 199 200 205 206 
195 199 200 202 205 
194 195 199 200 202 
193 194 199 200 203 
193 199 200 203 204 
193 195 200 203 204 
193 195 200 203 204 
193 195 200 204 206 
195 199 202 205 206 
195 199 202 205 206 
195 199 201 202 205 
199 200 202 203 205 
196 197 198 201 205 
196 197 198 201 205 
197 198 201 202 205 
197 198 199 201 205 
196 197 198 201 202 
197 198 201 202 205 
196 197 198 201 202 
196 198 201 202 205 
196 197 198 201 202 
198 199 201 202 203 
196 198 201 202 203 
198 199 201 202 203 
196 198 201 202 203 
198 200 201 202 203 
196 197 198 201 205 
196 197 201 205 206 
196 197 198 201 205 
196 197 198 201 205 
196 197 198 201 205 
196 197 198 201 205 
196 198 201 202 203 
196 198 201 202 203 
196 197 198 201 205 
196 197 198 201 205 
196 197 198 202 205 
196 198 201 202 205 
196 197 198 202 205 
196 198 202 203 205 
197 199 201 202 205 
198 199 201 202 205 
198 199 201 202 205 
198 199 201 202 203 
198 199 200 202 203 
198 199 200 202 203 
199 200 202 203 205 
198 199 200 202 203 
200 202 203 204 205 
199 200 202 203 204 
199 200 202 203 204 
193 200 203 204 206 
193 200 202 203 204 
200 202 203 204 206 
193 200 203 204 206 
193 199 200 202 203 
193 200 202 203 204 
193 200 202 203 204 
193 200 203 204 206 
193 200 203 204 206 
193 200 203 204 206 
193 200 203 204 206 
195 200 203 204 206 
195 200 203 204 206 
193 195 200 204 206 
195 200 203 204 206 
193 195 200 203 204 
193 195 200 203 204 
193 195 200 204 206 
193 195 200 204 206 
195 203 204 205 206 
192 195 204 205 206 
195 203 204 205 206 
197 199 201 205 206 
197 199 201 205 206 
199 200 201 202 205 
199 200 201 202 205 
199 201 202 205 206 
199 201 202 205 206 
199 201 203 205 206 
195 199 201 205 206 
195 199 203 205 206 
197 199 201 205 206 
199 201 203 205 206 
195 199 203 205 206 
195 199 203 205 206 
195 199 203 205 206 
195 199 204 205 206 
195 203 204 205 206 
195 203 204 205 206 
195 199 204 205 206 
195 199 204 205 206 
195 199 204 205 206 
192 195 199 205 206 
195 199 201 205 206 
198 200 202 203 205 
200 202 203 204 205 
200 202 203 204 206 
200 202 203 204 206 
200 202 203 204 206 
193 200 203 204 206 
193 200 203 204 206 
195 200 203 204 206 
195 203 204 205 206 
195 203 204 205 206 
195 203 204 205 206 
195 203 204 205 206 
195 203 204 205 206 
192 195 199 205 206 
192 195 199 205 206 
192 195 199 204 206 
193 195 200 204 206 
192 193 195 204 206 
197 198 201 205 206 
198 202 203 205 206 
198 202 203 205 206 
198 200 202 203 205 
200 202 203 205 206 
200 202 203 205 206 
198 202 203 205 206 
199 201 203 205 206 
200 202 203 204 206 
200 203 204 205 206 
200 203 204 205 206 
199 203 204 205 206 
195 203 204 205 206 
200 203 204 205 206 
200 203 204 205 206 
200 202 203 204 206 
200 202 203 204 206 
200 203 204 205 206 
195 203 204 205 206 
195 203 204 205 206 
195 200 203 204 206 
195 200 203 204 206 
195 200 203 204 206 
195 200 203 204 206 
195 203 204 205 206 
195 203 204 205 206 
195 200 203 204 206 
195 200 203 204 206 
195 200 203 204 206 
195 200 203 204 206 
195 200 203 204 206 
195 200 203 204 206 
194 199 200 202 203 
15 44 54 175 246 
42 43 175 244 245 
92 97 99 113 133 
92 97 99 113 133 
90 92 97 99 133 
72 129 138 140 207 
35 73 130 141 208 
26 33 73 141 208 
32 73 130 141 208 
67 72 129 140 207 
26 27 29 33 141 
57 189 190 259 379 
42 175 181 244 245 
22 23 24 25 174 
58 156 189 190 260 
2 5 7 9 17 
2 5 7 10 17 
2 5 7 10 17 
2 5 7 10 17 
2 5 7 10 17 
2 5 7 10 17 
2 5 7 10 17 
2 5 7 10 17 
2 5 7 10 17 
2 5 7 10 17 
74 174 183 274 319 
74 174 182 274 319 
74 174 182 274 319 
37 174 182 274 319 
2 3 4 191 212 
62 130 160 264 324 
62 130 177 264 324 
123 155 180 317 349 
62 159 160 264 353 
62 73 130 264 324 
45 47 181 209 247 
37 174 182 240 319 
62 159 160 264 353 
42 45 181 209 247 
62 73 130 273 324 
63 72 160 265 321 
73 119 130 273 324 
16 210 211 215 216 
16 210 211 215 216 
16 210 211 215 216 
16 210 211 215 216 
16 210 211 212 216 
16 210 211 212 216 
16 210 211 215 216 
16 210 211 215 216 
210 211 212 213 222 
210 211 212 213 222 
210 211 212 213 222 
210 211 212 213 222 
210 211 212 213 222 
211 212 213 214 222 
191 211 212 213 214 
191 210 211 212 213 
3 16 210 211 212 
3 16 210 211 212 
3 16 211 212 213 
3 16 211 212 213 
3 16 210 211 212 
3 16 210 211 212 
3 16 210 211 212 
3 16 210 211 212 
3 4 16 211 212 
3 191 211 212 213 
3 16 210 211 212 
3 16 210 211 212 
3 4 16 211 212 
3 4 16 211 212 
3 4 16 211 212 
3 4 16 211 212 
3 4 16 211 212 
3 4 16 211 212 
3 4 16 211 212 
3 4 16 211 212 
3 16 210 211 212 
3 4 16 211 212 
2 3 16 211 212 
3 4 16 211 212 
3 191 211 212 213 
3 191 211 212 213 
3 191 211 212 213 
3 16 211 212 213 
3 4 16 211 212 
3 4 191 211 212 
3 4 191 211 212 
3 4 191 211 212 
3 4 191 211 212 
191 211 212 213 214 
191 211 212 213 214 
191 211 212 213 214 
3 191 211 212 213 
191 211 212 213 214 
191 211 212 213 214 
4 191 212 213 214 
4 191 212 213 214 
191 211 212 213 214 
191 211 212 213 214 
3 4 191 212 213 
4 191 212 213 214 
3 4 191 212 214 
3 4 191 212 214 
3 4 191 211 212 
3 4 191 211 212 
3 4 191 211 212 
3 4 191 211 212 
3 191 211 212 213 
3 191 211 212 213 
3 191 211 212 213 
3 191 211 212 213 
3 191 211 212 213 
3 191 211 212 213 
3 191 211 212 213 
3 4 191 211 212 
3 4 191 211 212 
3 4 191 211 212 
3 4 191 211 212 
3 4 191 211 212 
3 191 211 212 213 
3 4 191 211 212 
3 4 191 211 212 
3 191 211 212 213 
3 191 211 212 213 
3 191 211 212 213 
3 191 211 212 213 
3 191 211 212 213 
3 191 211 212 213 
3 191 211 212 213 
3 191 211 212 213 
3 191 211 212 213 
3 4 191 212 213 
3 4 191 212 213 
3 4 191 212 213 
3 4 191 212 213 
3 191 211 212 213 
3 191 211 212 213 
3 191 211 212 213 
3 191 211 212 213 
3 191 211 212 213 
3 4 191 212 213 
3 191 211 212 213 
4 191 212 213 214 
4 191 212 213 214 
16 210 211 212 216 
3 16 210 211 212 
3 16 210 211 212 
3 16 210 211 212 
3 16 210 211 212 
16 210 211 212 216 
16 210 211 212 213 
16 210 211 212 213 
16 210 211 212 213 
16 210 211 212 213 
16 210 211 212 213 
16 210 211 212 213 
16 210 211 212 213 
16 210 211 212 213 
3 16 210 211 212 
16 210 211 212 213 
3 16 210 211 212 
3 16 210 211 212 
3 16 210 211 212 
3 16 210 211 212 
3 16 210 211 212 
3 16 210 211 212 
3 16 210 211 212 
3 16 210 211 212 
3 16 210 211 212 
3 16 210 211 212 
3 16 210 211 212 
3 16 210 211 212 
12 16 210 215 216 
16 210 211 215 216 
1 16 210 211 216 
16 210 211 215 216 
210 211 215 216 222 
191 211 212 213 214 
191 211 212 213 214 
191 211 212 213 214 
191 211 212 213 214 
191 211 212 213 214 
19 191 212 213 214 
191 211 212 213 214 
211 212 213 214 220 
211 212 213 214 220 
191 212 213 214 220 
211 213 214 220 222 
213 214 219 220 222 
191 212 213 214 220 
191 213 214 220 223 
191 213 214 220 223 
19 213 214 220 223 
19 191 214 220 223 
211 212 213 214 220 
210 211 213 215 222 
210 211 212 213 222 
210 211 212 215 222 
210 215 216 217 222 
210 215 216 217 222 
210 211 215 216 222 
210 211 215 216 217 
12 215 216 217 221 
210 215 216 217 221 
210 215 216 217 221 
12 210 215 216 221 
210 215 217 218 222 
215 217 218 221 222 
215 217 218 221 222 
215 217 218 219 222 
215 216 217 221 222 
215 217 218 221 222 
213 214 219 220 222 
213 214 219 220 222 
15 213 214 220 223 
191 213 214 220 223 
14 215 217 218 221 
12 215 216 217 221 
18 217 218 219 222 
215 217 218 219 222 
215 217 218 219 222 
215 217 218 219 222 
18 217 218 219 222 
13 215 217 218 222 
15 218 219 220 222 
15 18 218 219 222 
15 18 218 219 220 
15 218 219 220 222 
16 210 211 212 216 
16 210 211 212 216 
16 210 211 212 216 
16 210 211 212 216 
210 211 215 216 222 
16 210 211 215 222 
210 211 215 216 222 
210 211 215 217 222 
215 217 218 219 222 
211 215 217 218 222 
215 217 218 219 222 
215 217 218 219 222 
15 213 219 220 222 
15 213 219 220 222 
15 213 219 220 222 
15 213 214 219 220 
15 18 54 219 220 
15 54 219 220 222 
15 213 214 220 223 
15 54 214 219 220 
15 54 214 219 220 
54 213 214 220 223 
15 54 219 220 246 
15 54 214 219 220 
15 54 219 220 246 
15 54 219 220 246 
6 19 191 214 223 
6 19 191 214 223 
6 19 191 214 223 
6 19 191 214 223 
54 214 220 223 228 
15 54 214 220 246 
15 218 219 220 222 
213 218 219 220 222 
15 54 219 220 246 
15 213 214 219 220 
15 54 213 219 220 
15 18 54 219 220 
15 18 218 219 220 
3 16 210 211 212 
3 16 210 211 212 
3 16 210 211 212 
3 16 210 211 212 
3 16 210 211 212 
1 16 210 211 216 
1 16 210 211 216 
3 16 210 211 216 
1 3 16 210 211 
16 210 211 212 213 
3 210 211 212 213 
3 210 211 212 213 
16 210 211 212 213 
16 210 211 212 213 
16 210 211 212 213 
16 210 211 212 213 
3 191 211 212 213 
3 191 211 212 213 
210 211 212 213 222 
16 210 211 212 215 
12 210 215 216 221 
12 210 215 216 221 
12 215 216 217 221 
12 14 215 217 221 
13 14 18 217 218 
13 14 18 217 218 
13 14 18 217 218 
13 18 217 218 219 
13 15 18 218 219 
11 15 54 219 220 
11 15 54 219 220 
1 12 16 210 216 
1 16 210 211 216 
210 211 215 216 222 
210 211 212 213 222 
16 210 211 212 213 
16 210 211 212 213 
16 210 211 212 213 
210 211 212 213 222 
210 211 212 213 222 
211 212 213 220 222 
211 213 214 220 222 
215 217 218 219 222 
215 217 218 219 222 
13 14 217 218 221 
14 215 217 218 222 
215 217 218 219 222 
13 14 217 218 221 
3 4 191 211 212 
3 4 16 211 212 
3 4 191 211 212 
3 4 191 211 212 
3 4 191 212 213 
3 4 191 212 213 
3 4 191 211 212 
6 19 191 212 214 
19 191 212 213 214 
6 19 191 214 223 
6 19 191 214 223 
3 4 16 211 212 
3 4 16 211 212 
3 4 16 211 212 
3 4 16 211 212 
3 191 211 212 213 
3 4 191 211 212 
3 4 191 211 212 
3 4 191 211 212 
3 4 191 211 212 
191 212 213 214 220 
191 213 214 220 223 
213 214 220 223 228 
213 214 220 223 228 
15 213 214 219 220 
15 18 54 219 220 
15 18 54 219 220 
15 18 54 219 220 
15 18 54 219 220 
19 191 212 213 214 
6 19 191 214 223 
6 19 191 214 223 
6 19 191 212 214 
3 4 16 211 212 
3 4 16 211 212 
3 4 16 211 212 
3 4 16 211 212 
3 4 16 211 212 
3 4 16 211 212 
3 4 16 211 212 
3 4 16 211 212 
3 4 16 211 212 
3 4 16 211 212 
3 4 16 211 212 
3 4 16 211 212 
3 4 16 211 212 
3 4 16 211 212 
3 4 16 211 212 
3 4 16 211 212 
3 4 16 211 212 
3 4 16 211 212 
2 3 16 211 212 
6 19 191 214 223 
4 6 19 191 214 
3 191 211 212 213 
3 16 210 211 212 
16 210 211 212 213 
3 16 210 211 212 
3 16 210 211 212 
3 16 210 211 212 
3 16 210 211 212 
3 16 210 211 212 
3 16 210 211 212 
3 16 210 211 212 
3 16 210 211 212 
3 16 210 211 212 
3 16 210 211 212 
3 16 210 211 212 
16 210 211 212 216 
16 210 211 212 213 
3 16 210 211 212 
3 16 210 211 212 
3 16 210 211 212 
3 16 210 211 212 
16 210 211 212 213 
16 210 211 212 216 
16 210 211 212 213 
213 218 219 220 222 
213 218 219 220 222 
211 213 219 220 222 
211 213 219 220 222 
211 213 219 220 222 
211 213 219 220 222 
215 217 218 219 222 
211 215 218 219 222 
215 217 218 219 222 
215 217 218 219 222 
211 215 218 219 222 
211 215 218 219 222 
211 215 218 219 222 
211 215 218 219 222 
210 211 215 218 222 
210 211 215 218 222 
211 215 217 218 222 
210 211 213 215 222 
210 211 215 218 222 
210 211 213 215 222 
210 211 213 215 222 
211 213 219 220 222 
211 213 219 220 222 
211 213 219 220 222 
13 18 218 219 222 
18 217 218 219 222 
18 217 218 219 222 
217 218 219 220 222 
13 18 217 218 219 
13 15 18 218 219 
210 211 213 215 222 
210 211 213 215 222 
15 18 218 219 222 
15 18 218 219 222 
15 218 219 220 222 
213 218 219 220 222 
13 15 18 218 219 
13 15 18 218 219 
10 15 18 218 219 
211 213 219 220 222 
211 213 219 220 222 
211 213 219 220 222 
211 213 219 220 222 
211 213 219 220 222 
210 211 212 213 222 
2 3 16 211 212 
3 4 191 212 214 
3 4 191 212 213 
3 4 191 211 212 
3 4 191 211 212 
3 4 191 211 212 
3 4 191 211 212 
3 16 210 211 212 
10 15 18 218 219 
11 15 54 219 220 
11 15 54 219 220 
15 54 219 220 246 
11 15 54 220 246 
3 4 191 211 212 
3 4 191 211 212 
3 4 16 211 212 
3 4 191 211 212 
3 4 16 211 212 
3 4 16 211 212 
3 4 191 211 212 
3 4 191 211 212 
3 16 210 211 212 
3 16 210 211 212 
3 4 16 211 212 
3 4 16 211 212 
19 191 214 220 223 
19 213 214 220 223 
3 4 191 211 212 
3 4 191 211 212 
210 211 213 215 222 
211 213 215 218 222 
211 213 215 218 222 
211 213 215 218 222 
6 19 191 214 223 
213 214 220 223 228 
11 15 54 220 246 
16 210 211 212 213 
16 210 211 212 213 
3 16 210 211 212 
3 4 191 211 212 
3 4 191 211 212 
4 6 19 191 214 
3 4 16 211 212 
211 213 215 218 222 
211 213 215 218 222 
211 213 215 218 222 
211 213 215 218 222 
211 213 215 218 222 
211 213 215 218 222 
211 213 215 218 222 
211 213 215 218 222 
211 213 215 218 222 
211 213 215 218 222 
211 215 218 219 222 
211 213 215 218 222 
211 215 218 219 222 
211 215 218 219 222 
211 215 218 219 222 
211 215 218 219 222 
211 215 218 219 222 
211 215 218 219 222 
215 217 218 219 222 
211 215 218 219 222 
211 213 219 220 222 
211 213 219 220 222 
213 215 218 219 222 
213 215 218 219 222 
213 215 218 219 222 
213 215 218 219 222 
213 218 219 220 222 
211 213 218 219 222 
213 218 219 220 222 
213 218 219 220 222 
213 218 219 220 222 
213 218 219 220 222 
211 215 218 219 222 
211 215 218 219 222 
215 217 218 219 222 
211 215 218 219 222 
211 213 218 219 222 
211 213 218 219 222 
211 213 215 219 222 
211 213 215 219 222 
211 213 215 219 222 
211 213 215 219 222 
211 213 215 219 222 
211 213 219 220 222 
211 213 215 219 222 
211 213 219 220 222 
211 213 215 219 222 
211 213 219 220 222 
211 213 219 220 222 
211 213 219 220 222 
211 213 219 220 222 
211 213 219 220 222 
211 213 215 219 222 
211 213 215 219 222 
213 218 219 220 222 
213 218 219 220 222 
211 213 219 220 222 
211 213 219 220 222 
211 213 219 220 222 
211 213 219 220 222 
213 215 218 219 222 
213 215 218 219 222 
211 213 219 220 222 
213 218 219 220 222 
211 213 218 219 222 
211 213 218 219 222 
211 213 218 219 222 
211 213 219 220 222 
211 213 219 220 222 
211 213 219 220 222 
211 213 219 220 222 
211 213 218 219 222 
211 213 218 219 222 
211 213 218 219 222 
211 213 218 219 222 
211 213 219 220 222 
211 213 219 220 222 
211 213 218 219 222 
211 213 218 219 222 
211 213 219 220 222 
211 213 218 219 222 
211 213 218 219 222 
211 213 218 219 222 
211 213 218 219 222 
211 213 218 219 222 
211 213 218 219 222 
211 213 218 219 222 
211 213 218 219 222 
211 213 218 219 222 
211 213 218 219 222 
211 213 218 219 222 
213 215 218 219 222 
211 213 218 219 222 
211 215 218 219 222 
211 213 218 219 222 
211 213 218 219 222 
211 213 218 219 222 
211 213 218 219 222 
211 213 215 218 222 
211 213 215 218 222 
211 213 215 218 222 
211 213 215 218 222 
211 213 215 218 222 
211 213 215 218 222 
211 213 215 218 222 
211 213 218 219 222 
19 183 191 214 223 
19 183 191 214 223 
6 19 191 214 223 
6 19 191 214 223 
211 215 218 219 222 
211 215 218 219 222 
211 215 218 219 222 
211 213 218 219 222 
211 213 218 219 222 
211 213 218 219 222 
211 213 218 219 222 
211 213 215 218 222 
211 213 215 219 222 
211 213 215 219 222 
19 214 223 224 228 
19 214 223 224 228 
19 214 220 223 228 
19 214 223 224 228 
19 183 223 224 357 
223 224 228 315 357 
183 223 224 227 357 
183 223 224 274 357 
223 224 227 274 357 
183 223 224 225 274 
225 226 227 274 319 
224 225 226 274 319 
224 225 227 274 319 
224 225 227 274 319 
225 226 229 240 319 
226 229 230 240 319 
182 226 229 240 319 
225 226 229 240 319 
224 227 237 355 357 
224 227 237 355 357 
227 234 237 355 357 
227 229 237 355 357 
223 224 228 315 316 
223 224 228 315 357 
220 223 224 228 315 
220 223 228 246 315 
226 227 229 231 237 
226 229 230 231 237 
225 226 227 229 237 
225 226 227 229 237 
230 231 331 332 333 
230 231 331 332 333 
230 240 273 331 332 
226 230 240 331 332 
230 231 235 320 333 
231 235 243 320 333 
231 235 243 320 333 
230 231 235 320 333 
225 227 229 237 274 
224 225 227 274 319 
224 225 227 274 357 
224 225 227 274 357 
232 252 322 325 348 
232 252 322 325 348 
232 252 322 325 348 
232 252 322 325 348 
233 236 255 261 332 
233 254 255 332 333 
233 236 254 255 261 
233 236 255 261 332 
234 315 325 354 355 
234 315 354 355 357 
234 315 327 354 355 
234 315 327 354 355 
225 227 229 237 355 
225 227 229 237 355 
225 227 229 237 355 
225 227 229 237 355 
231 235 243 248 320 
229 231 235 237 333 
229 231 235 237 248 
231 235 237 243 248 
229 231 235 320 333 
231 235 243 320 333 
225 227 229 237 357 
225 227 229 237 357 
224 225 227 237 357 
225 227 229 237 357 
226 229 230 240 319 
182 226 230 240 319 
233 236 255 261 332 
236 261 331 332 371 
233 236 261 331 332 
233 236 255 261 332 
226 230 240 273 332 
226 229 230 240 273 
226 229 230 240 332 
226 230 231 240 332 
236 238 261 331 371 
236 238 331 370 371 
236 238 273 331 332 
233 236 238 331 332 
224 225 227 274 357 
183 224 225 227 274 
225 226 229 230 240 
226 229 230 240 319 
226 229 230 240 319 
225 226 229 240 319 
227 229 237 250 355 
227 229 237 250 355 
227 237 250 355 357 
227 229 237 250 355 
233 236 255 261 351 
233 236 255 261 352 
236 238 261 331 371 
238 264 331 370 371 
239 250 251 252 253 
239 242 248 250 252 
235 237 239 248 250 
239 250 251 252 253 
174 182 226 240 319 
182 225 226 240 319 
182 225 226 240 319 
119 182 226 240 319 
226 229 230 231 240 
226 229 230 231 240 
226 229 230 240 319 
119 182 226 240 319 
119 182 226 240 319 
183 224 225 274 319 
74 183 225 274 319 
74 183 224 225 274 
74 183 224 225 274 
74 183 223 224 274 
183 223 224 225 274 
19 183 223 224 274 
19 183 223 224 274 
19 183 214 223 224 
19 183 214 223 224 
225 227 229 237 355 
225 227 229 237 355 
236 238 261 331 371 
241 245 316 372 373 
241 244 245 372 373 
241 316 356 372 373 
241 245 316 356 373 
223 228 315 316 354 
223 224 228 315 357 
239 242 248 251 373 
242 248 251 318 373 
239 242 248 251 373 
239 242 248 251 373 
239 242 251 252 253 
239 242 251 252 253 
239 242 251 252 253 
239 242 251 252 253 
233 254 255 261 351 
233 254 255 320 333 
235 243 248 318 334 
231 235 243 248 320 
231 235 243 248 320 
235 243 248 318 334 
42 175 181 244 245 
42 175 181 244 247 
42 181 244 245 372 
42 175 244 245 372 
241 244 245 246 372 
175 241 245 246 316 
175 241 244 245 246 
175 241 244 245 246 
241 244 245 372 373 
241 244 245 372 373 
231 235 243 248 320 
231 235 243 248 320 
235 239 242 243 248 
231 235 237 243 248 
231 235 237 239 248 
235 239 242 243 248 
220 223 228 246 315 
54 220 223 228 246 
220 223 228 246 316 
54 175 241 245 246 
54 175 241 245 246 
54 175 241 245 246 
54 175 241 245 246 
181 209 244 247 318 
45 181 209 247 318 
45 181 209 247 318 
45 209 247 249 318 
235 239 242 248 373 
235 239 242 248 251 
239 242 248 251 373 
235 239 242 248 373 
235 239 242 248 373 
235 239 242 243 248 
235 239 242 243 248 
235 239 242 248 373 
235 243 248 318 334 
231 235 243 248 320 
235 242 243 248 318 
235 242 243 248 318 
47 209 247 249 317 
47 209 249 317 334 
47 209 247 249 318 
45 47 209 247 249 
239 250 252 325 355 
239 250 252 325 355 
239 250 252 325 355 
239 250 252 253 325 
239 242 251 253 327 
242 251 253 327 336 
242 251 253 327 336 
239 242 251 327 336 
239 250 252 253 325 
239 250 252 253 325 
239 250 252 253 325 
239 250 251 252 253 
228 241 315 316 354 
223 228 315 316 354 
220 228 246 315 316 
239 250 251 252 253 
239 250 251 252 253 
239 242 251 252 253 
239 242 251 252 253 
232 322 325 344 348 
232 252 322 325 336 
239 252 253 326 346 
239 252 253 326 346 
239 251 252 253 336 
239 250 251 252 253 
235 243 249 320 334 
231 235 243 320 334 
254 255 320 334 349 
233 254 255 320 351 
233 254 255 320 333 
254 255 317 320 334 
233 254 255 261 351 
233 254 255 349 369 
233 254 255 261 351 
54 220 223 228 246 
15 54 220 228 246 
54 220 228 245 246 
54 220 223 228 246 
256 328 350 351 352 
256 257 328 350 376 
256 257 328 352 376 
256 257 266 328 352 
54 175 220 245 246 
54 175 220 245 246 
54 175 220 245 246 
15 54 175 220 246 
256 257 261 351 352 
256 328 350 351 352 
214 220 223 228 246 
214 220 223 228 246 
214 220 223 228 315 
214 220 223 228 315 
19 214 220 223 228 
256 257 266 323 328 
256 257 266 328 352 
15 54 220 228 246 
15 54 220 245 246 
15 54 175 220 246 
15 54 175 220 246 
233 254 255 261 351 
233 255 261 351 352 
258 269 374 375 377 
258 259 269 375 377 
258 259 263 269 377 
258 263 269 374 377 
57 131 190 259 375 
57 65 131 259 269 
131 258 259 269 375 
258 259 269 375 379 
58 190 260 378 379 
58 156 260 378 379 
156 260 369 378 379 
58 156 260 378 379 
254 255 350 351 369 
233 254 255 261 351 
233 236 261 351 352 
262 267 314 323 335 
262 267 270 314 374 
262 263 267 270 314 
262 267 270 314 323 
258 263 269 270 374 
258 263 269 270 374 
258 263 269 329 374 
258 263 269 270 329 
238 264 331 370 371 
238 264 331 370 371 
238 264 353 370 371 
62 238 264 324 370 
62 238 264 324 370 
62 238 264 353 370 
62 160 264 353 370 
63 160 265 321 353 
63 160 265 321 353 
63 159 160 265 353 
63 160 265 272 353 
257 266 323 352 371 
257 266 272 323 371 
257 266 272 352 371 
256 257 266 352 371 
57 65 131 259 269 
131 258 259 269 375 
262 267 268 270 335 
262 267 314 323 335 
262 267 268 271 312 
267 268 271 275 312 
267 268 271 312 335 
262 267 268 312 335 
68 111 114 265 321 
63 68 265 312 321 
68 265 271 312 321 
68 111 114 312 321 
57 190 259 375 379 
57 190 259 375 379 
258 259 375 377 379 
190 259 375 377 379 
254 255 334 349 369 
254 255 349 350 369 
254 317 334 349 369 
254 255 317 334 349 
254 317 334 349 369 
243 247 249 318 334 
243 248 249 318 334 
243 248 249 318 334 
209 243 247 249 318 
42 241 244 245 372 
175 241 244 245 372 
258 259 263 269 329 
131 259 269 277 329 
131 263 269 277 329 
263 269 277 281 329 
263 269 270 278 329 
263 270 278 281 329 
258 263 270 278 374 
263 267 270 276 278 
262 267 270 275 276 
267 268 271 275 276 
268 271 275 312 313 
268 271 309 312 321 
268 271 309 312 321 
268 271 275 309 312 
268 271 309 310 312 
63 265 272 321 353 
265 266 272 321 353 
265 266 272 321 353 
265 272 312 321 335 
62 238 264 324 370 
62 238 264 324 370 
238 264 324 353 370 
238 264 324 331 370 
236 238 264 324 331 
119 240 273 324 331 
240 273 324 331 332 
238 273 324 331 332 
73 130 273 324 331 
119 240 273 324 331 
230 240 273 331 332 
119 182 230 240 273 
119 226 230 240 273 
119 226 230 240 273 
74 183 225 274 319 
74 174 225 274 319 
257 266 272 323 352 
75 111 131 259 269 
68 75 111 131 269 
111 131 269 277 329 
131 259 269 277 329 
256 261 266 352 371 
233 236 255 261 371 
236 238 261 352 371 
229 230 231 235 333 
230 231 320 332 333 
225 226 229 240 319 
182 225 226 240 319 
262 263 270 314 374 
267 268 275 276 313 
275 276 279 309 313 
268 275 276 309 313 
268 271 275 309 313 
271 277 282 309 310 
271 277 309 310 313 
271 277 309 310 313 
277 282 292 309 310 
277 282 292 309 310 
282 292 309 310 313 
282 288 292 309 310 
277 282 292 309 310 
267 268 270 275 276 
275 276 278 279 280 
267 275 276 279 313 
267 268 275 276 279 
267 270 275 276 278 
263 269 278 281 329 
68 131 271 309 310 
68 111 271 309 312 
277 281 282 309 329 
269 277 281 282 329 
269 277 281 282 329 
269 277 282 309 329 
270 278 280 281 329 
270 276 278 280 281 
263 270 278 280 329 
263 270 278 281 329 
267 270 276 278 280 
270 276 278 279 280 
276 279 280 286 290 
276 279 286 289 313 
275 276 279 280 313 
275 276 279 280 313 
276 279 280 286 290 
270 276 278 279 280 
276 278 280 281 290 
276 278 279 280 290 
278 280 281 290 291 
276 278 280 281 291 
278 280 281 291 329 
278 280 281 290 291 
277 278 281 282 329 
277 281 282 291 329 
277 281 282 291 329 
278 280 281 282 291 
277 281 282 291 292 
277 281 282 291 292 
277 281 282 292 329 
277 281 282 292 329 
283 284 287 291 295 
283 284 287 291 295 
283 284 290 291 295 
283 284 287 291 292 
283 284 290 291 295 
283 284 285 290 295 
283 284 285 290 291 
283 284 290 291 295 
280 284 285 286 290 
284 285 290 291 296 
283 284 285 290 296 
284 285 286 290 296 
284 285 286 290 296 
280 284 285 286 290 
284 285 286 296 297 
279 285 286 290 297 
279 285 286 289 297 
285 286 289 293 297 
283 287 288 292 294 
283 287 288 292 294 
283 287 288 292 294 
283 287 288 292 294 
287 288 289 292 293 
286 287 288 289 293 
286 287 288 289 293 
287 288 292 293 294 
279 280 285 286 290 
276 279 286 289 290 
279 280 284 290 291 
279 280 284 285 290 
277 281 282 291 292 
277 281 282 291 292 
282 287 288 292 310 
282 287 288 292 310 
286 288 289 293 313 
279 286 289 310 313 
279 285 286 289 313 
279 285 286 289 293 
279 280 285 286 290 
279 280 284 285 290 
280 284 285 290 291 
280 284 285 290 291 
280 283 284 290 291 
283 284 290 291 292 
282 283 290 291 292 
282 283 287 291 292 
282 287 288 291 292 
282 287 288 292 310 
286 288 289 293 297 
286 288 289 293 297 
285 286 288 289 293 
285 286 289 293 297 
286 288 289 293 297 
287 288 289 293 294 
283 284 291 295 296 
283 284 285 295 296 
284 285 290 295 296 
285 286 296 297 299 
285 286 293 296 297 
285 286 293 297 303 
286 288 289 293 297 
283 287 294 295 311 
283 287 288 294 295 
283 287 288 292 294 
283 287 294 295 311 
283 294 295 296 301 
284 294 295 296 301 
283 284 287 294 295 
283 284 287 294 295 
284 294 295 296 301 
284 285 295 296 301 
284 285 295 296 297 
285 286 296 297 299 
284 285 286 296 297 
285 295 296 297 299 
285 293 297 299 303 
293 297 299 303 311 
293 297 299 303 311 
285 293 297 299 303 
298 302 303 307 311 
298 302 303 306 307 
298 302 303 306 307 
298 300 302 306 307 
287 294 295 300 311 
283 294 295 301 311 
294 295 296 301 311 
294 295 296 301 330 
296 297 299 302 303 
285 296 297 299 303 
285 296 297 299 303 
296 297 299 302 330 
300 301 304 305 311 
300 301 304 305 311 
300 301 304 305 311 
294 300 301 304 311 
294 295 301 305 330 
295 301 305 311 330 
295 300 301 305 330 
295 300 301 305 330 
298 299 302 306 330 
297 299 302 303 330 
296 299 301 302 330 
299 302 305 306 330 
297 298 299 303 311 
297 298 299 302 303 
297 298 299 302 303 
297 298 299 302 303 
293 297 298 303 311 
298 299 300 303 311 
300 304 305 308 380 
298 300 304 305 380 
298 300 304 305 380 
298 300 304 307 380 
300 301 304 305 330 
300 301 304 305 330 
300 304 305 308 381 
300 304 305 308 330 
302 306 307 308 382 
298 299 302 306 308 
302 305 306 308 330 
302 306 307 308 382 
298 302 306 307 382 
298 302 303 306 307 
302 306 307 308 382 
306 307 380 382 387 
306 307 380 382 387 
298 306 307 380 382 
304 307 380 381 383 
304 307 380 381 383 
304 308 380 381 383 
304 308 380 381 382 
304 305 306 308 381 
304 305 308 380 381 
304 306 308 381 382 
304 305 306 308 381 
304 306 308 381 382 
304 306 308 381 382 
306 307 308 381 382 
304 306 307 308 381 
306 308 381 382 388 
306 307 308 381 382 
306 307 308 380 382 
68 75 111 131 259 
68 75 111 131 271 
68 75 111 131 259 
75 111 131 259 269 
271 275 309 310 313 
268 271 275 309 313 
282 288 309 310 313 
271 289 309 310 313 
287 288 289 292 310 
287 288 289 292 310 
287 288 292 293 310 
283 287 288 292 294 
287 288 293 294 311 
287 293 294 295 311 
294 300 301 303 311 
294 300 301 303 311 
287 293 294 303 311 
298 300 304 305 311 
294 298 300 303 311 
298 300 304 307 380 
298 300 304 307 380 
304 307 380 383 387 
268 271 312 321 335 
268 271 312 321 335 
68 268 271 312 321 
268 271 312 321 335 
68 75 111 114 131 
68 71 111 114 321 
68 111 114 271 321 
68 75 111 114 131 
279 285 286 289 290 
280 281 284 290 291 
280 281 284 290 291 
281 282 283 290 291 
287 288 289 292 310 
288 289 309 310 313 
286 288 289 310 313 
288 289 293 310 313 
293 297 298 303 311 
294 298 300 303 311 
293 294 297 303 311 
293 294 297 303 311 
284 295 296 301 330 
295 296 297 299 330 
295 296 301 305 330 
295 296 301 305 330 
284 295 296 301 330 
288 289 309 310 313 
275 289 309 310 313 
279 289 309 310 313 
288 289 309 310 313 
254 255 320 333 334 
254 317 320 334 349 
226 229 230 231 237 
226 229 230 231 332 
226 229 230 231 332 
226 229 230 231 240 
226 229 230 231 237 
226 229 230 231 237 
226 229 230 231 237 
229 230 231 235 237 
229 235 237 250 355 
227 235 237 250 355 
119 182 230 240 273 
73 119 240 273 324 
73 119 182 240 273 
62 238 264 353 370 
160 265 272 321 353 
63 265 272 321 353 
160 265 272 321 353 
63 68 114 265 321 
47 243 249 317 334 
209 243 247 249 318 
42 175 244 245 372 
42 43 175 244 245 
175 241 244 245 246 
175 241 244 245 246 
42 175 244 245 246 
42 43 175 244 245 
15 44 54 175 246 
44 54 175 245 246 
68 71 75 111 131 
68 75 111 131 271 
68 71 75 111 131 
68 268 271 312 321 
68 111 271 312 321 
68 111 271 312 321 
68 268 271 312 321 
262 267 314 323 335 
262 314 323 328 374 
258 259 263 269 329 
253 326 336 346 347 
253 326 336 346 347 
252 253 326 336 346 
252 253 326 336 346 
209 244 247 318 372 
209 243 247 249 318 
214 220 223 228 315 
228 315 316 354 357 
228 234 315 354 357 
228 234 315 354 357 
228 315 316 354 357 
241 245 316 356 373 
241 316 354 356 373 
241 245 246 316 356 
241 245 316 356 373 
58 190 260 378 379 
190 260 375 378 379 
180 249 317 334 349 
180 254 317 334 349 
180 249 317 334 349 
47 180 249 317 334 
243 247 248 318 372 
243 248 249 318 372 
174 182 226 240 319 
174 182 226 240 319 
182 225 226 274 319 
182 225 226 240 319 
251 253 326 327 336 
251 252 253 326 336 
251 252 253 326 336 
251 253 326 336 346 
262 314 328 374 377 
258 263 314 374 377 
231 254 320 333 334 
243 254 320 333 334 
243 254 320 333 334 
233 254 320 333 334 
231 235 243 248 320 
231 235 243 320 334 
231 235 243 248 320 
239 242 248 251 252 
235 239 242 248 251 
239 242 250 251 252 
268 271 309 312 321 
68 265 272 312 321 
68 265 272 312 321 
68 71 75 111 131 
213 214 220 223 228 
19 214 220 223 228 
239 250 251 252 253 
239 250 251 252 253 
235 237 239 242 248 
231 235 237 239 248 
235 237 239 248 250 
235 237 239 242 248 
235 237 239 242 248 
235 237 239 242 248 
224 227 237 355 357 
224 225 227 355 357 
224 227 315 355 357 
224 227 315 355 357 
224 225 227 274 357 
224 225 227 274 357 
223 224 225 227 357 
223 224 225 227 357 
214 223 224 228 315 
19 214 223 224 228 
19 183 214 223 224 
19 183 223 224 274 
44 54 175 245 246 
44 54 175 245 246 
44 54 175 245 246 
44 54 175 245 246 
19 214 223 224 228 
19 191 214 223 224 
19 183 214 223 224 
232 322 336 344 348 
232 322 325 336 348 
54 220 223 228 246 
214 220 223 228 246 
232 322 325 327 336 
232 322 336 345 348 
223 224 228 315 357 
223 224 228 315 357 
223 224 228 315 357 
19 214 220 223 224 
6 19 191 214 223 
257 262 314 323 328 
257 262 314 323 335 
233 236 331 332 333 
233 236 255 332 333 
73 119 130 273 324 
73 130 273 324 331 
6 19 191 214 223 
62 238 264 324 331 
62 130 264 273 324 
62 130 264 273 324 
130 238 273 324 331 
62 130 264 324 370 
62 130 264 324 370 
63 160 265 321 353 
63 68 160 265 321 
232 234 250 325 355 
232 234 250 325 355 
234 250 325 354 355 
234 250 322 325 327 
238 264 273 324 331 
236 238 273 324 331 
227 229 235 237 355 
227 229 235 237 355 
119 182 240 273 319 
182 225 226 240 319 
182 225 226 274 319 
225 226 229 274 319 
182 225 226 240 319 
68 71 75 111 131 
251 327 336 354 356 
251 327 336 354 356 
242 251 327 336 356 
242 251 327 336 356 
68 75 111 131 271 
68 111 131 271 309 
75 111 131 259 269 
65 75 111 131 259 
268 271 275 309 313 
268 271 275 312 321 
268 271 275 309 313 
271 275 309 310 313 
287 288 293 294 311 
288 293 294 297 311 
298 300 303 304 311 
298 300 303 304 311 
298 300 304 307 380 
298 304 306 307 380 
304 307 380 383 387 
232 322 326 336 345 
232 322 326 327 336 
322 326 327 336 345 
232 322 326 336 345 
232 239 252 253 346 
232 239 250 252 253 
232 252 253 346 348 
232 252 253 326 346 
252 253 326 346 348 
252 253 326 346 348 
239 252 253 326 346 
253 326 336 346 347 
253 326 336 345 346 
251 253 322 326 336 
253 322 326 336 346 
322 326 336 345 347 
253 322 326 336 345 
253 322 326 336 345 
322 326 336 345 346 
232 252 253 346 348 
232 252 253 346 348 
232 252 253 346 348 
232 252 253 322 348 
234 325 327 354 355 
234 322 325 327 354 
227 237 239 250 355 
227 234 237 250 355 
234 237 250 325 355 
237 239 250 325 355 
232 234 252 322 325 
232 234 252 322 325 
232 234 322 325 327 
232 234 322 325 327 
232 250 252 253 325 
232 250 252 253 325 
232 239 250 252 325 
232 239 250 252 325 
251 252 253 326 336 
239 251 252 253 336 
234 250 252 325 355 
232 250 252 325 355 
227 229 235 237 355 
231 235 237 239 248 
231 235 237 239 248 
226 229 230 231 240 
225 226 229 230 319 
229 231 235 237 333 
229 231 235 237 333 
226 229 230 231 237 
225 226 229 230 237 
226 230 240 273 332 
19 183 214 223 224 
232 250 252 322 325 
232 250 252 325 355 
239 251 252 253 336 
239 242 251 252 253 
239 242 251 252 253 
239 251 252 253 336 
242 243 248 318 372 
243 247 248 318 372 
242 243 248 318 372 
242 243 248 318 372 
251 327 336 354 356 
251 327 336 354 356 
234 316 327 354 356 
316 327 336 354 356 
234 325 327 354 356 
234 325 327 336 354 
234 322 325 327 354 
234 322 325 327 354 
256 257 328 374 376 
256 257 314 323 328 
236 238 261 352 371 
236 238 261 370 371 
265 266 272 353 370 
68 111 271 312 321 
68 111 271 312 321 
68 131 271 277 309 
257 266 314 323 328 
277 282 309 310 329 
277 282 309 310 329 
277 278 281 282 329 
269 277 278 281 329 
269 277 278 281 329 
269 277 281 282 329 
263 277 278 281 329 
263 269 278 281 329 
279 286 289 310 313 
295 301 305 308 330 
301 305 306 308 330 
296 301 302 305 330 
300 301 305 308 330 
299 301 302 305 330 
296 299 301 302 330 
298 299 302 303 306 
304 305 306 308 330 
302 305 306 308 330 
301 305 306 308 330 
302 305 306 308 330 
68 111 131 271 321 
262 267 314 323 335 
266 267 272 323 335 
265 272 312 321 335 
265 272 312 321 335 
236 238 273 331 332 
233 236 238 331 332 
230 233 331 332 333 
230 233 236 332 333 
230 233 236 331 332 
230 233 236 331 332 
230 231 320 332 333 
231 233 254 320 333 
233 254 320 332 333 
230 233 320 332 333 
233 254 255 320 333 
233 254 255 320 333 
243 249 317 320 334 
243 249 317 320 334 
243 249 317 320 334 
243 249 317 320 334 
63 265 272 321 353 
68 111 114 271 321 
268 271 312 321 335 
267 268 312 321 335 
262 267 312 323 335 
239 250 252 253 325 
242 248 318 372 373 
242 248 318 372 373 
322 325 327 336 354 
234 322 325 327 354 
239 250 252 325 355 
234 250 325 354 355 
234 250 325 354 355 
234 250 325 355 357 
257 266 272 323 353 
257 266 272 323 371 
257 266 272 323 353 
65 75 111 131 259 
68 265 271 312 321 
277 282 292 309 310 
277 281 282 292 310 
277 282 287 291 292 
282 283 287 291 292 
283 287 291 292 294 
283 284 287 292 294 
283 284 287 294 295 
283 287 294 295 301 
294 295 300 301 311 
294 295 300 301 311 
283 294 295 301 311 
300 301 305 311 330 
300 301 304 305 330 
300 301 304 305 308 
300 304 305 308 381 
304 308 380 381 383 
68 71 75 111 131 
68 75 111 131 259 
223 224 228 315 357 
235 237 248 250 355 
235 237 239 248 250 
239 250 252 325 355 
251 322 326 327 336 
251 322 326 327 336 
232 239 250 252 325 
237 239 250 252 355 
237 239 250 252 355 
337 338 340 341 358 
337 340 341 342 358 
337 340 341 342 358 
337 338 340 341 358 
337 338 340 341 358 
337 338 340 341 358 
337 338 339 340 342 
337 338 339 340 342 
337 338 340 342 358 
338 342 343 358 359 
337 338 340 342 358 
337 338 342 358 359 
337 338 340 342 358 
337 338 340 342 358 
338 339 342 343 347 
337 338 342 343 347 
338 339 342 343 347 
338 339 342 343 347 
339 340 344 346 348 
339 340 346 347 348 
339 344 346 347 348 
339 340 344 346 348 
337 340 341 343 344 
337 340 341 343 344 
337 340 341 343 344 
337 340 341 343 344 
337 339 340 341 344 
337 338 339 340 344 
339 340 341 344 348 
337 339 340 341 344 
337 340 341 343 344 
337 341 343 344 345 
337 338 339 340 358 
337 338 339 340 358 
337 338 339 340 344 
337 338 339 340 344 
338 342 343 358 359 
337 338 342 343 359 
337 338 342 343 359 
337 338 342 343 359 
337 338 342 358 359 
337 338 342 358 359 
337 338 340 342 358 
337 341 342 343 358 
337 340 341 342 358 
337 340 341 342 358 
337 341 342 343 358 
338 339 340 343 347 
337 338 339 340 343 
337 338 339 340 343 
337 338 339 340 343 
337 339 340 341 344 
337 338 340 341 344 
337 338 341 342 343 
337 340 341 342 343 
337 340 341 343 344 
337 340 341 342 343 
341 342 343 345 347 
338 341 342 343 347 
338 341 342 343 347 
337 341 342 343 347 
338 339 340 347 348 
338 339 340 343 347 
338 339 340 343 347 
338 339 342 343 347 
338 339 343 346 347 
338 339 340 343 347 
339 340 341 344 348 
340 341 344 345 348 
339 340 341 344 348 
339 340 341 344 348 
337 340 341 344 345 
341 344 345 347 348 
341 344 345 347 348 
341 343 344 345 347 
341 343 344 345 347 
341 343 344 345 347 
339 341 343 345 347 
339 341 343 345 347 
338 341 343 345 347 
341 343 344 345 347 
339 343 345 346 347 
339 343 345 346 347 
338 339 343 346 347 
339 343 345 346 347 
326 339 346 347 348 
326 339 346 347 348 
326 339 346 347 348 
326 339 346 347 348 
339 344 346 347 348 
232 253 339 346 348 
232 339 344 346 348 
232 339 344 346 348 
232 322 344 345 348 
232 322 344 345 348 
322 341 344 345 348 
232 322 344 345 348 
341 343 345 346 347 
339 343 345 346 347 
339 344 346 347 348 
339 340 344 346 348 
339 340 344 346 348 
339 344 346 347 348 
232 339 344 346 348 
232 340 344 345 348 
339 340 341 344 348 
339 340 344 346 348 
232 341 344 345 348 
322 341 344 345 348 
341 344 345 347 348 
340 341 344 345 348 
326 343 345 346 347 
341 343 344 345 347 
326 341 343 345 347 
326 343 345 346 347 
326 339 345 346 347 
326 339 346 347 348 
339 340 344 346 348 
339 340 344 346 348 
339 340 344 346 348 
341 344 345 347 348 
326 339 345 346 347 
253 326 345 346 347 
253 326 345 346 347 
253 326 346 347 348 
253 326 346 347 348 
253 326 339 346 348 
232 252 253 346 348 
232 252 339 346 348 
232 322 344 346 348 
232 322 344 346 348 
232 322 344 346 348 
232 339 344 346 348 
232 322 344 345 348 
232 322 344 345 348 
322 344 345 347 348 
232 322 326 336 345 
326 339 346 347 348 
326 339 346 347 348 
337 338 341 342 343 
337 338 341 342 343 
337 338 341 342 343 
337 338 341 342 343 
337 338 342 343 359 
337 338 341 342 343 
337 338 339 340 358 
337 338 340 341 344 
337 338 340 358 359 
339 340 341 344 348 
339 340 341 344 348 
326 341 344 345 347 
326 341 344 345 347 
326 336 345 346 347 
341 343 344 345 347 
341 343 344 345 347 
341 343 344 345 347 
341 343 344 345 347 
326 343 345 346 347 
326 343 345 346 347 
326 336 345 346 347 
326 343 345 346 347 
232 322 344 345 348 
232 339 344 345 348 
322 326 336 345 347 
326 336 345 346 347 
326 336 344 345 347 
322 326 336 345 347 
341 344 345 347 348 
326 336 345 346 347 
326 336 345 346 347 
232 322 344 345 348 
326 336 345 346 347 
326 336 345 346 347 
326 336 345 346 347 
326 336 345 346 347 
337 338 342 343 347 
338 341 342 343 347 
339 340 346 347 348 
338 339 343 346 347 
326 339 346 347 348 
337 338 339 342 343 
338 342 343 358 359 
338 339 340 343 347 
338 339 340 343 347 
337 341 343 345 347 
326 339 345 346 347 
326 339 345 346 347 
326 343 345 346 347 
252 253 326 346 348 
253 326 339 346 348 
326 343 345 346 347 
232 252 253 346 348 
341 343 344 345 347 
341 344 345 347 348 
322 341 344 345 348 
337 340 341 342 358 
337 339 340 341 344 
339 340 341 344 348 
339 340 344 346 348 
326 343 345 346 347 
326 339 345 346 347 
326 339 345 346 347 
232 339 344 346 348 
232 339 344 346 348 
338 342 343 358 359 
232 339 344 346 348 
341 343 344 345 347 
42 43 175 244 245 
229 230 231 235 333 
226 230 231 332 333 
229 230 231 332 333 
229 231 235 237 248 
229 231 235 237 248 
235 237 239 250 355 
237 239 250 252 355 
229 230 231 235 237 
215 217 218 219 222 
215 217 218 219 222 
215 217 218 219 222 
62 130 264 324 370 
211 213 218 219 222 
211 213 218 219 222 
211 213 218 219 222 
211 213 218 219 222 
211 213 215 219 222 
215 217 218 219 222 
213 218 219 220 222 
213 218 219 220 222 
211 215 218 219 222 
156 180 317 349 369 
155 156 180 317 349 
155 156 180 260 349 
156 180 254 349 369 
156 180 260 349 369 
256 350 351 369 376 
256 350 351 352 376 
255 256 350 351 369 
256 350 351 369 376 
255 256 261 351 352 
255 256 350 351 369 
255 256 261 351 352 
256 261 351 352 371 
255 256 261 351 352 
256 261 351 352 371 
256 261 351 352 371 
257 261 266 352 371 
257 266 352 370 371 
266 272 353 370 371 
238 266 272 353 370 
266 272 352 370 371 
160 265 272 353 370 
160 266 272 353 370 
63 159 160 265 353 
160 264 265 272 353 
223 224 227 315 357 
220 228 245 246 316 
220 228 241 246 316 
220 223 228 246 316 
241 245 246 316 373 
241 245 246 316 356 
241 245 246 316 373 
241 245 246 316 372 
220 228 245 246 316 
54 220 228 245 246 
228 241 245 246 316 
54 175 241 245 246 
175 241 245 246 316 
228 315 316 354 356 
228 315 316 354 356 
228 315 316 354 356 
228 315 316 354 356 
241 245 316 356 373 
241 242 316 356 373 
241 242 316 356 373 
241 242 316 356 373 
234 315 327 354 356 
234 316 327 354 356 
234 316 327 354 356 
234 315 327 354 356 
241 316 327 356 373 
244 247 318 372 373 
244 247 318 372 373 
242 248 318 372 373 
242 248 318 372 373 
242 248 318 372 373 
242 248 318 372 373 
242 248 356 372 373 
242 248 251 356 373 
234 237 250 325 355 
227 234 237 355 357 
227 234 325 355 357 
239 242 251 356 373 
239 242 251 356 373 
239 242 248 251 373 
239 242 251 253 356 
228 315 316 354 356 
234 316 327 354 356 
315 316 327 354 356 
241 316 327 354 356 
251 316 327 354 356 
251 316 327 354 356 
316 327 354 356 373 
242 316 327 356 373 
251 316 327 356 373 
239 242 251 356 373 
239 242 251 356 373 
234 325 327 354 355 
228 234 315 354 357 
234 315 354 355 357 
228 234 315 354 357 
228 234 315 354 357 
239 250 251 252 253 
239 250 252 253 325 
239 250 251 252 253 
239 242 248 251 373 
239 242 251 252 253 
234 250 252 325 355 
234 237 250 325 355 
227 234 315 355 357 
227 234 315 354 357 
234 325 327 354 356 
234 316 327 354 356 
239 242 251 253 356 
239 242 251 253 356 
239 242 251 253 336 
239 242 248 251 373 
239 242 248 251 373 
228 315 316 354 356 
234 316 327 354 356 
251 316 327 354 356 
241 316 327 356 373 
241 316 327 354 356 
241 316 327 356 373 
241 242 316 356 373 
251 316 327 354 356 
242 251 327 356 373 
241 242 316 356 373 
241 242 316 356 373 
239 242 251 327 356 
224 234 315 354 357 
224 227 315 355 357 
224 227 315 355 357 
224 227 234 355 357 
224 227 315 355 357 
227 234 237 355 357 
223 224 227 315 357 
326 343 345 346 347 
239 242 251 253 336 
239 251 253 327 336 
242 251 253 327 336 
251 322 326 327 336 
3 4 191 212 213 
3 4 191 211 212 
3 4 191 211 212 
3 4 191 211 212 
341 343 344 345 347 
341 343 344 345 347 
341 343 344 345 347 
337 340 341 343 344 
341 343 344 345 347 
337 339 340 341 344 
337 339 340 341 344 
338 339 340 344 348 
338 339 341 343 347 
337 338 358 359 364 
337 342 358 359 364 
337 358 359 361 364 
337 358 359 361 364 
358 359 361 364 368 
358 359 361 364 368 
338 358 359 361 364 
358 359 360 361 364 
342 358 359 361 364 
358 359 360 361 364 
342 358 359 361 364 
342 358 359 361 364 
342 358 359 361 364 
338 342 358 359 361 
342 358 359 361 364 
342 358 359 361 364 
338 342 358 359 361 
342 359 361 363 364 
342 359 361 363 364 
342 358 359 361 363 
342 358 359 361 364 
337 342 358 359 361 
337 342 358 359 361 
342 358 359 361 364 
342 358 359 361 364 
358 359 361 363 364 
358 359 361 363 364 
342 358 359 361 364 
337 338 340 342 358 
337 338 358 359 364 
337 338 358 359 364 
338 342 358 359 364 
337 338 342 358 359 
337 338 342 358 359 
338 342 358 359 364 
338 342 343 358 359 
338 342 358 359 361 
338 342 358 359 361 
338 342 358 359 364 
337 338 342 358 359 
338 342 358 359 361 
342 358 359 361 364 
337 342 358 359 364 
337 342 358 361 364 
342 358 359 361 364 
337 358 359 361 364 
338 342 358 359 361 
337 342 358 361 364 
337 342 358 359 364 
337 342 358 359 361 
337 342 358 359 361 
358 359 361 363 364 
358 359 361 363 364 
337 342 358 359 364 
338 342 358 359 361 
338 342 358 359 361 
338 342 358 359 361 
338 342 358 359 361 
337 338 342 343 358 
337 342 358 359 361 
337 342 358 359 361 
342 358 359 361 364 
337 341 342 343 358 
360 361 362 365 368 
360 361 363 365 368 
360 361 362 365 368 
360 361 362 365 368 
359 360 361 364 368 
359 360 361 364 368 
359 360 361 364 368 
359 360 361 364 368 
360 362 364 365 368 
360 361 362 365 368 
360 362 364 365 368 
360 362 364 365 368 
360 362 364 365 368 
360 362 364 365 368 
360 362 364 365 368 
360 362 364 365 368 
360 363 364 365 368 
360 363 364 365 368 
360 362 363 364 365 
360 362 363 364 365 
361 363 364 365 367 
362 363 364 365 367 
361 363 364 365 367 
361 363 364 365 367 
360 361 363 365 368 
359 360 361 363 365 
359 360 361 363 368 
360 361 363 365 368 
360 362 364 365 368 
360 362 364 365 368 
360 362 364 365 368 
360 362 364 365 368 
359 360 361 363 364 
359 360 361 363 364 
359 360 361 363 364 
359 360 361 363 364 
359 360 361 364 368 
359 360 361 364 368 
359 360 361 364 368 
359 360 361 364 368 
359 360 361 364 368 
359 360 361 364 368 
359 360 361 364 368 
359 360 361 364 368 
359 360 361 363 364 
359 360 361 363 364 
360 362 365 366 368 
360 362 365 366 368 
360 362 365 366 368 
360 362 365 366 368 
359 360 361 363 364 
359 360 361 363 364 
359 360 361 363 364 
359 360 361 363 364 
359 360 361 363 364 
360 361 363 364 365 
360 362 365 366 368 
360 362 365 366 368 
360 362 365 366 368 
360 362 365 366 368 
360 362 363 365 368 
360 362 363 365 368 
360 362 363 365 368 
360 362 363 365 368 
360 362 363 365 368 
360 362 363 365 368 
360 361 362 363 365 
360 361 362 363 365 
360 361 362 363 365 
360 361 362 363 365 
360 361 363 365 367 
360 361 363 365 367 
360 361 363 365 367 
360 361 363 365 367 
360 362 363 365 366 
360 362 363 365 366 
360 362 363 365 366 
360 362 363 365 367 
358 359 361 363 364 
359 360 361 363 364 
361 363 364 365 367 
360 361 363 365 367 
360 361 363 365 367 
361 363 364 365 367 
358 361 363 364 365 
358 359 361 363 364 
360 362 365 366 368 
360 362 363 365 366 
359 360 361 364 368 
359 360 364 365 368 
359 360 361 364 368 
359 360 361 364 368 
358 359 361 364 368 
360 362 363 365 368 
360 361 363 365 368 
359 360 361 363 365 
360 361 363 365 367 
360 361 363 365 367 
359 360 361 363 365 
360 361 363 365 367 
360 361 363 365 367 
360 361 363 365 367 
360 361 363 365 367 
360 361 363 365 367 
360 362 364 365 368 
360 362 364 365 368 
359 360 361 363 364 
359 360 361 363 364 
359 360 361 363 364 
359 360 361 363 364 
359 360 361 363 364 
359 360 361 364 368 
359 360 361 363 364 
359 360 361 364 368 
359 360 361 364 368 
359 360 361 364 368 
359 360 361 364 368 
359 360 361 363 364 
359 360 361 364 368 
359 360 361 363 364 
359 360 361 363 364 
358 359 360 361 364 
358 359 360 361 364 
359 360 361 363 364 
359 360 361 363 364 
358 359 361 363 364 
358 359 361 363 364 
358 359 361 363 364 
358 359 361 364 368 
358 359 360 361 364 
358 359 360 361 364 
358 359 361 364 368 
359 360 361 364 368 
360 361 362 364 368 
360 362 364 365 368 
360 361 362 364 368 
360 362 364 365 368 
360 362 364 365 368 
360 362 364 365 368 
359 360 361 363 365 
359 360 361 363 364 
360 362 363 365 368 
360 362 365 366 368 
360 362 365 366 368 
360 362 364 365 368 
360 362 365 366 368 
360 362 363 365 366 
360 362 365 366 368 
360 362 365 366 368 
360 362 363 365 366 
360 362 363 365 367 
360 361 363 365 367 
360 362 363 364 365 
360 362 364 365 368 
360 362 364 365 368 
360 361 362 363 365 
360 361 362 363 365 
360 361 363 365 367 
360 362 363 365 368 
360 362 363 365 366 
360 362 363 365 366 
360 362 363 365 368 
361 363 364 365 367 
360 361 363 365 367 
360 362 365 366 368 
360 362 365 366 368 
342 359 361 363 364 
342 359 361 363 364 
360 361 362 363 365 
360 363 364 365 368 
359 360 361 363 365 
360 361 363 365 367 
360 361 363 365 367 
360 361 363 365 367 
360 363 365 366 367 
360 362 363 365 366 
360 362 365 366 368 
360 362 365 366 368 
360 362 363 365 366 
360 362 365 366 368 
360 362 365 366 368 
360 362 365 366 368 
360 362 365 366 368 
360 362 364 365 368 
360 362 365 366 368 
360 362 363 365 366 
360 362 363 365 366 
360 362 363 365 366 
360 362 363 365 366 
361 363 364 365 367 
361 363 364 365 367 
361 363 364 365 367 
361 363 364 365 367 
361 363 364 365 367 
363 364 365 366 367 
361 363 364 365 367 
360 362 363 365 366 
360 362 363 365 366 
360 362 363 365 366 
359 360 361 363 365 
360 362 365 366 368 
358 359 361 364 368 
358 359 361 363 364 
358 361 363 364 365 
358 359 364 365 368 
360 362 365 366 368 
360 362 365 366 368 
360 361 363 365 367 
360 362 363 365 367 
360 361 363 365 367 
360 361 363 365 367 
361 363 364 365 367 
360 361 363 365 367 
360 361 363 365 367 
358 361 363 364 365 
358 361 363 364 365 
358 361 363 364 365 
360 362 363 365 366 
361 363 364 365 368 
358 361 363 364 365 
358 361 363 364 365 
358 361 363 364 365 
358 361 363 364 365 
360 362 363 365 366 
360 362 363 365 366 
358 359 361 363 364 
358 359 361 363 364 
358 359 361 363 364 
358 359 361 363 364 
361 363 364 365 368 
361 363 364 365 368 
361 363 364 365 368 
360 363 364 365 368 
360 362 363 365 366 
360 362 363 365 366 
360 362 363 365 366 
360 362 363 365 366 
360 362 363 365 366 
360 362 363 365 366 
360 362 363 365 366 
360 363 364 365 368 
360 362 363 365 366 
359 360 364 365 368 
360 362 364 365 368 
359 360 364 365 368 
359 360 361 364 368 
359 360 361 364 368 
358 359 361 364 368 
358 359 361 364 368 
358 359 361 364 368 
359 360 364 365 368 
360 362 365 366 368 
360 362 365 366 368 
358 359 361 363 364 
358 359 361 363 364 
360 361 362 364 368 
359 360 361 363 365 
359 360 361 363 365 
359 360 361 363 367 
359 360 361 363 365 
358 359 361 363 364 
342 358 359 361 364 
342 358 359 361 364 
358 359 361 363 364 
360 362 365 366 368 
360 362 363 365 366 
360 362 363 365 366 
359 360 361 364 368 
359 360 361 364 368 
360 362 364 365 368 
359 360 361 364 368 
359 360 361 364 368 
359 360 364 365 368 
359 360 361 363 364 
359 360 361 363 365 
360 361 363 364 367 
360 361 363 364 367 
360 362 364 365 368 
360 362 364 365 368 
360 362 364 365 368 
360 362 364 365 366 
360 362 363 365 366 
360 362 363 365 366 
359 360 361 364 368 
359 360 361 363 368 
360 362 364 365 368 
360 362 364 365 368 
360 361 362 363 365 
360 362 363 365 366 
360 362 363 365 366 
360 362 363 365 366 
360 362 365 366 368 
360 362 365 366 368 
360 362 364 365 368 
360 361 363 365 367 
360 362 363 365 366 
360 362 363 365 366 
360 361 363 365 367 
358 359 361 363 364 
360 362 365 366 368 
360 362 365 366 368 
360 362 363 365 366 
360 362 365 366 368 
359 360 361 363 364 
359 360 361 363 365 
342 359 361 363 364 
360 362 364 365 368 
360 362 364 365 368 
360 362 363 365 366 
360 361 363 365 367 
360 363 365 366 367 
360 363 365 366 367 
360 362 363 365 366 
360 362 363 365 366 
360 362 363 365 366 
360 362 365 366 368 
360 362 365 366 368 
360 362 365 366 368 
360 362 365 366 368 
360 362 363 365 366 
360 362 363 365 366 
360 362 365 366 368 
360 362 363 365 366 
360 362 363 365 366 
360 362 365 366 368 
360 362 365 366 368 
360 362 365 366 368 
360 362 365 366 368 
360 362 365 366 368 
360 362 365 366 368 
360 362 365 366 368 
360 362 365 366 368 
360 362 363 365 366 
360 362 363 365 366 
360 362 365 366 368 
360 362 363 365 366 
360 362 365 366 368 
360 362 365 366 368 
360 362 365 366 368 
360 362 365 366 368 
360 362 365 366 368 
360 362 365 366 368 
360 362 365 366 368 
360 362 365 366 368 
360 362 365 366 368 
360 362 365 366 368 
360 362 365 366 368 
360 362 365 366 368 
360 362 365 366 368 
360 362 365 366 368 
360 362 365 366 368 
360 362 365 366 368 
360 362 365 366 368 
360 362 365 366 368 
360 362 363 365 366 
360 362 363 365 366 
360 362 363 365 366 
360 362 363 365 366 
360 362 363 365 366 
360 362 363 365 366 
360 362 365 366 368 
360 362 365 366 368 
360 362 365 366 368 
360 362 365 366 368 
360 362 365 366 368 
360 362 363 365 366 
360 362 363 365 366 
360 362 363 365 366 
360 362 363 365 366 
360 362 363 365 366 
360 362 365 366 368 
360 362 365 366 368 
360 362 363 365 366 
360 362 365 366 368 
360 362 365 366 368 
360 362 365 366 368 
360 362 363 365 366 
360 362 363 365 366 
360 362 363 365 366 
360 362 363 365 366 
360 362 363 365 366 
360 362 363 365 366 
360 362 363 365 366 
360 362 363 365 366 
360 362 363 365 366 
360 362 363 365 366 
360 362 363 365 366 
360 362 363 365 366 
360 362 363 365 366 
360 362 363 365 366 
360 362 363 365 366 
360 362 363 365 366 
360 362 363 365 366 
360 362 363 365 366 
360 362 363 365 366 
360 362 363 365 366 
360 362 363 365 366 
360 362 363 365 366 
360 362 363 365 366 
360 362 363 365 366 
360 362 363 365 366 
360 362 363 365 366 
360 362 363 365 366 
360 362 363 365 366 
360 362 363 365 366 
360 362 363 365 366 
360 362 363 365 366 
360 362 363 365 366 
360 362 363 365 366 
360 362 363 365 366 
360 362 363 365 366 
360 362 363 365 366 
360 362 363 365 366 
360 362 363 365 366 
360 362 363 365 366 
360 362 363 365 366 
360 362 363 365 366 
360 362 363 365 366 
360 362 363 365 366 
360 362 363 365 366 
360 362 363 365 366 
360 362 363 365 366 
360 362 363 365 366 
360 362 363 365 366 
360 362 363 365 366 
360 362 363 365 366 
360 362 363 365 366 
360 362 363 365 366 
360 362 363 365 366 
360 362 363 365 366 
360 362 363 365 366 
360 362 363 365 366 
360 362 363 365 366 
360 362 363 365 366 
360 362 363 365 366 
360 362 363 365 366 
360 362 363 365 366 
360 362 363 365 366 
360 362 363 365 366 
360 362 363 365 366 
360 362 363 365 366 
360 362 363 365 366 
360 362 363 365 366 
360 362 363 365 366 
360 362 363 365 366 
360 362 363 365 366 
360 362 363 365 366 
360 362 363 365 366 
360 362 363 365 366 
360 362 363 365 366 
360 362 363 365 366 
360 362 363 365 366 
360 362 363 365 366 
360 362 363 365 366 
360 362 363 365 366 
360 362 363 365 366 
360 362 363 365 366 
360 362 363 365 366 
360 362 363 365 366 
360 362 363 365 366 
360 362 363 365 366 
360 362 363 365 366 
360 362 363 365 366 
360 362 363 365 366 
360 362 363 365 366 
360 362 363 365 366 
360 362 363 365 366 
360 362 363 365 366 
360 362 363 365 366 
360 362 363 365 366 
360 362 363 365 366 
360 362 363 365 366 
360 362 363 365 366 
360 362 363 365 366 
360 362 363 365 366 
360 362 363 365 366 
360 362 363 365 366 
360 362 363 365 366 
360 362 363 365 366 
360 362 363 365 366 
360 362 363 365 366 
360 362 363 365 366 
360 362 363 365 366 
360 362 363 365 366 
360 362 363 365 366 
360 362 363 365 366 
360 362 363 365 366 
360 362 363 365 366 
360 363 365 366 367 
360 363 365 366 367 
360 363 365 366 367 
360 362 363 365 366 
360 362 363 365 366 
360 362 363 365 366 
360 362 363 365 366 
360 362 363 365 366 
360 363 365 366 367 
360 363 365 366 367 
360 362 363 365 366 
360 362 363 365 366 
360 362 363 365 366 
360 362 363 365 366 
360 362 363 365 366 
360 362 363 365 366 
360 362 363 365 367 
360 362 363 365 367 
360 363 365 366 367 
360 363 365 366 367 
360 362 363 365 366 
360 362 363 365 367 
360 362 363 365 366 
360 362 363 365 367 
360 363 365 366 367 
360 363 365 366 367 
360 362 363 365 367 
360 362 363 365 366 
360 363 365 366 367 
360 362 363 365 366 
360 362 363 365 366 
360 363 365 366 367 
360 363 365 366 367 
360 363 365 366 367 
360 363 365 366 367 
360 363 365 366 367 
360 363 365 366 367 
360 363 365 366 367 
360 363 365 366 367 
360 363 365 366 367 
360 363 365 366 367 
360 363 365 366 367 
360 362 363 365 367 
360 362 363 365 366 
360 362 363 365 366 
360 363 365 366 367 
360 363 365 366 367 
360 363 365 366 367 
360 363 365 366 367 
360 363 365 366 367 
360 363 365 366 367 
360 362 363 365 366 
360 363 365 366 367 
360 363 365 366 367 
360 363 365 366 367 
360 363 365 366 367 
360 363 365 366 367 
360 363 365 366 367 
360 363 365 366 367 
360 363 365 366 367 
360 363 365 366 367 
360 363 365 366 367 
360 363 365 366 367 
360 363 365 366 367 
360 363 365 366 367 
360 363 365 366 367 
360 363 365 366 367 
360 363 365 366 367 
360 363 365 366 367 
360 363 365 366 367 
360 363 365 366 367 
360 363 365 366 367 
360 363 365 366 367 
360 363 365 366 367 
360 363 365 366 367 
360 363 365 366 367 
360 363 365 366 367 
360 363 365 366 367 
360 363 365 366 367 
360 363 365 366 367 
360 363 365 366 367 
360 363 365 366 367 
360 363 365 366 367 
360 363 365 366 367 
360 363 365 366 367 
360 363 365 366 367 
360 363 365 366 367 
360 363 365 366 367 
360 363 365 366 367 
360 363 365 366 367 
360 363 365 366 367 
360 363 365 366 367 
360 363 365 366 367 
360 363 365 366 367 
360 363 365 366 367 
360 363 365 366 367 
360 363 365 366 367 
360 363 365 366 367 
360 363 365 366 367 
360 363 365 366 367 
360 363 365 366 367 
360 363 365 366 367 
360 363 365 366 367 
360 363 365 366 367 
360 363 365 366 367 
360 363 365 366 367 
360 363 365 366 367 
360 363 365 366 367 
360 363 365 366 367 
360 363 365 366 367 
360 363 365 366 367 
360 362 363 365 367 
360 361 363 365 367 
360 361 363 365 367 
360 361 363 365 367 
360 361 363 365 367 
360 361 363 365 367 
360 361 363 365 367 
360 361 363 365 367 
360 361 363 365 367 
360 361 363 365 367 
360 361 363 365 367 
360 361 363 365 367 
360 361 363 365 367 
360 361 363 365 367 
360 361 363 365 367 
360 361 363 365 367 
360 361 363 365 367 
360 361 363 365 367 
360 361 363 365 367 
360 361 363 365 367 
360 361 363 365 367 
360 361 363 365 367 
360 361 363 365 367 
360 361 363 365 367 
360 361 363 365 367 
360 361 363 365 367 
360 361 363 365 367 
360 361 363 365 367 
360 361 363 365 367 
360 361 363 365 367 
360 361 363 365 367 
360 361 363 365 367 
360 361 363 365 367 
360 361 363 365 367 
360 361 363 365 367 
360 361 363 365 367 
360 361 363 365 367 
360 361 363 365 367 
360 361 363 365 367 
360 361 363 365 367 
360 361 363 365 367 
360 361 363 365 367 
360 361 363 365 367 
360 361 363 365 367 
360 361 363 365 367 
360 361 363 365 367 
360 361 363 365 367 
360 361 363 365 367 
360 361 363 365 367 
360 361 363 365 367 
360 361 363 365 367 
360 361 363 365 367 
360 361 363 365 367 
360 361 363 365 367 
360 361 363 365 367 
360 361 363 365 367 
360 361 363 365 367 
360 361 363 365 367 
360 361 363 365 367 
360 361 363 365 367 
360 361 363 365 367 
360 361 363 365 367 
360 361 363 365 367 
360 361 363 365 367 
360 361 363 365 367 
360 361 363 365 367 
360 361 363 365 367 
360 361 363 365 367 
360 361 363 365 367 
360 361 363 365 367 
360 361 363 365 367 
360 361 363 365 367 
360 361 363 365 367 
360 361 363 365 367 
360 361 363 365 367 
360 361 363 365 367 
360 361 363 365 367 
360 361 363 365 367 
360 361 363 365 367 
360 361 363 365 367 
360 361 363 365 367 
360 361 363 365 367 
360 361 363 365 367 
360 361 363 365 367 
360 361 363 365 367 
360 361 363 365 367 
360 361 363 365 367 
360 361 363 365 367 
360 361 363 365 367 
360 361 363 365 367 
360 361 363 365 367 
360 361 363 365 367 
360 361 363 365 367 
360 361 363 365 367 
360 361 363 365 367 
360 361 363 365 367 
360 361 363 365 367 
360 361 363 365 367 
360 361 363 365 367 
360 361 363 365 367 
360 361 363 365 367 
360 361 363 365 367 
360 361 363 365 367 
360 361 363 365 367 
360 361 363 365 367 
360 361 363 365 367 
360 361 363 365 367 
360 361 363 365 367 
360 361 363 365 367 
360 361 363 365 367 
360 361 363 365 367 
360 361 363 365 367 
360 361 363 365 367 
360 361 363 365 367 
360 361 363 365 367 
360 361 363 365 367 
360 361 363 365 367 
360 361 363 365 367 
360 362 364 365 368 
360 362 364 365 368 
360 362 364 365 368 
360 362 364 365 368 
360 361 362 364 368 
359 360 361 364 368 
360 361 362 364 368 
360 362 364 365 368 
360 362 364 365 368 
360 362 364 365 368 
360 362 364 365 368 
360 362 364 365 368 
360 361 362 364 368 
360 361 362 364 368 
360 361 362 364 368 
360 362 364 365 368 
360 362 364 365 368 
360 362 364 365 368 
360 362 364 365 368 
360 362 364 365 368 
360 362 364 365 368 
360 362 364 365 368 
360 362 364 365 368 
360 362 364 365 368 
360 362 364 365 368 
360 362 364 365 368 
360 362 364 365 368 
360 362 364 365 368 
360 362 364 365 368 
360 362 364 365 368 
360 362 364 365 368 
360 362 364 365 368 
360 362 364 365 368 
360 362 364 365 368 
360 362 364 365 368 
360 361 362 364 368 
360 361 362 364 368 
360 362 364 365 368 
360 362 364 365 368 
360 361 362 364 368 
360 362 364 365 368 
360 362 364 365 368 
360 362 364 365 368 
360 362 364 365 368 
360 362 364 365 368 
360 361 362 364 368 
360 362 364 365 368 
360 362 364 365 368 
360 362 364 365 368 
360 362 364 365 368 
360 362 364 365 368 
360 362 364 365 368 
360 362 364 365 368 
360 362 364 365 368 
360 362 364 365 368 
360 362 364 365 368 
360 362 364 365 368 
360 362 364 365 368 
360 362 364 365 368 
360 362 364 365 368 
360 362 364 365 368 
360 362 364 365 368 
360 362 364 365 368 
360 362 364 365 368 
360 362 364 365 368 
360 362 364 365 368 
360 362 364 365 368 
360 362 364 365 368 
360 362 364 365 368 
360 362 364 365 368 
360 362 364 365 368 
360 362 364 365 368 
360 361 363 365 367 
360 361 363 365 367 
360 361 363 365 367 
360 361 363 365 367 
360 361 363 365 367 
360 361 363 365 367 
360 361 363 365 367 
360 361 363 365 367 
360 361 363 365 367 
3 16 210 211 212 
3 16 210 211 212 
16 210 211 212 213 
16 210 211 212 213 
3 16 210 211 212 
3 16 210 211 212 
3 16 210 211 212 
3 16 210 211 212 
3 16 210 211 212 
3 16 210 211 212 
3 16 210 211 212 
3 16 210 211 212 
3 16 210 211 212 
16 210 211 212 213 
16 210 211 212 213 
16 210 211 212 213 
3 16 210 211 212 
16 210 211 212 213 
16 210 211 212 213 
3 16 210 211 212 
3 16 210 211 212 
3 16 210 211 212 
3 16 210 211 212 
3 16 210 211 212 
3 16 210 211 212 
3 16 210 211 212 
16 210 211 212 213 
3 16 210 211 212 
3 16 210 211 212 
3 16 210 211 212 
3 16 210 211 212 
16 210 211 212 213 
16 210 211 212 213 
19 74 183 224 274 
74 183 224 225 274 
16 210 211 212 213 
16 210 211 212 213 
16 210 211 212 213 
16 210 211 212 213 
16 210 211 212 213 
232 250 252 322 325 
232 250 252 322 325 
232 322 325 327 336 
251 322 325 327 336 
238 264 273 324 331 
243 254 317 320 334 
243 249 317 320 334 
47 209 249 317 334 
47 243 249 317 334 
230 233 236 332 333 
230 231 233 332 333 
230 236 273 331 332 
230 236 273 331 332 
230 233 236 331 332 
254 317 320 334 349 
254 317 320 334 349 
243 254 317 320 334 
249 254 317 320 334 
47 209 249 317 334 
47 123 180 249 317 
230 231 320 332 333 
231 233 320 333 334 
231 235 243 320 334 
243 249 317 320 334 
243 249 318 320 334 
243 249 317 318 334 
230 240 273 331 332 
119 226 230 240 273 
230 231 320 332 333 
73 119 240 273 324 
209 243 247 249 318 
47 209 247 249 318 
231 243 320 333 334 
74 174 225 274 319 
74 174 225 274 319 
174 225 226 274 319 
174 182 225 274 319 
174 225 226 274 319 
225 226 229 274 319 
225 226 229 274 319 
225 226 227 229 237 
225 226 227 229 237 
225 226 227 229 237 
225 226 227 229 237 
225 227 229 237 355 
227 229 231 235 237 
227 229 231 235 237 
227 229 231 235 237 
226 229 231 235 237 
225 226 227 229 237 
225 226 227 229 237 
37 119 182 240 319 
37 174 182 240 319 
19 183 223 224 274 
338 341 342 343 347 
337 338 358 359 364 
44 54 175 245 246 
54 175 244 245 246 
228 241 245 246 316 
228 241 245 246 316 
175 241 245 246 316 
54 175 241 245 246 
229 230 231 332 333 
42 175 244 245 246 
175 241 244 245 246 
175 241 245 246 316 
228 241 245 246 316 
228 241 245 246 316 
228 241 316 354 356 
241 316 354 356 373 
241 316 327 354 356 
315 316 327 354 356 
315 316 327 354 356 
315 316 327 354 356 
322 327 336 354 356 
251 322 327 336 356 
251 322 326 327 336 
251 322 326 327 336 
251 253 326 327 336 
251 253 326 327 336 
251 253 326 327 336 
239 242 251 252 253 
239 242 251 253 356 
235 239 242 248 373 
235 242 243 248 373 
235 242 243 248 318 
235 243 248 318 372 
235 243 248 318 334 
254 349 350 369 378 
254 349 350 351 369 
254 255 349 350 369 
254 255 349 350 369 
156 180 254 317 349 
155 156 180 317 349 
233 255 256 261 351 
233 255 261 351 352 
254 255 350 351 369 
254 255 350 351 369 
233 261 351 352 371 
238 264 272 370 371 
238 264 353 370 371 
62 160 264 353 370 
62 160 264 353 370 
236 261 351 352 371 
62 238 264 353 370 
236 238 261 352 371 
236 238 352 370 371 
180 254 317 349 369 
156 254 317 349 369 
254 255 317 349 369 
181 244 247 318 372 
181 244 247 318 372 
181 244 247 318 372 
241 244 318 372 373 
244 247 318 372 373 
241 247 318 372 373 
241 244 318 372 373 
241 242 316 372 373 
241 242 248 372 373 
241 242 248 372 373 
241 242 356 372 373 
241 242 356 372 373 
241 242 251 356 373 
239 242 251 356 373 
239 242 251 356 373 
242 251 327 356 373 
242 316 327 356 373 
241 316 356 372 373 
241 242 245 372 373 
42 181 244 247 372 
42 181 244 247 372 
229 231 235 237 248 
229 231 235 237 248 
231 235 237 243 248 
235 237 239 243 248 
235 239 242 243 248 
235 242 243 248 318 
235 242 243 248 373 
235 242 243 248 318 
242 248 318 372 373 
242 243 248 318 372 
242 248 318 372 373 
242 248 318 372 373 
241 242 318 372 373 
241 242 318 372 373 
241 244 245 372 373 
241 244 245 372 373 
241 244 245 372 373 
175 241 244 245 372 
241 244 245 247 372 
181 244 247 318 372 
54 220 228 245 246 
54 175 220 245 246 
242 251 253 327 336 
242 251 253 327 336 
251 253 326 327 336 
251 253 326 327 336 
251 253 326 327 336 
251 253 327 336 356 
251 253 326 327 336 
251 322 326 327 336 
251 322 327 336 356 
251 322 327 336 356 
251 322 327 336 356 
251 327 336 354 356 
251 327 336 354 356 
251 327 336 354 356 
251 316 327 354 356 
251 316 327 354 356 
251 327 336 354 356 
239 242 251 327 356 
242 251 327 336 356 
251 253 327 336 356 
242 251 327 336 356 
242 251 327 336 356 
242 251 327 336 356 
42 181 244 247 372 
181 244 247 318 372 
241 242 316 356 373 
241 242 316 356 373 
242 251 327 356 373 
242 251 327 356 373 
241 242 316 356 373 
241 242 316 356 373 
241 242 316 356 373 
181 244 245 247 372 
42 45 181 244 247 
227 234 315 355 357 
234 315 354 355 357 
228 234 315 354 357 
234 315 316 354 356 
326 339 346 347 348 
123 180 249 317 349 
123 156 180 317 349 
180 254 317 334 349 
45 47 209 247 249 
45 181 209 244 247 
225 226 229 240 319 
225 226 229 240 319 
225 226 229 274 319 
225 226 227 229 319 
225 226 227 229 319 
225 226 227 229 319 
225 226 227 229 319 
225 226 227 229 319 
225 226 227 229 237 
225 226 227 229 237 
225 226 229 240 319 
225 226 229 240 319 
225 226 229 240 319 
225 226 227 229 237 
225 226 229 230 319 
4 6 19 191 214 
4 6 191 212 214 
3 4 191 211 212 
3 4 191 211 212 
19 21 183 223 224 
19 183 191 214 223 
37 174 182 240 319 
174 182 225 274 319 
74 174 225 274 319 
74 174 183 225 274 
19 183 223 224 274 
174 182 225 274 319 
258 314 328 374 377 
258 263 374 375 377 
258 328 374 376 377 
258 374 375 376 377 
256 328 350 374 376 
256 328 374 376 377 
256 328 350 351 376 
258 269 374 375 377 
258 259 269 375 377 
258 259 375 377 379 
256 328 350 376 378 
256 328 350 376 377 
258 374 375 376 377 
258 328 374 376 377 
258 374 375 376 377 
258 374 375 376 377 
258 374 375 376 377 
156 260 349 369 378 
156 260 349 369 378 
156 260 349 369 378 
254 255 350 351 369 
350 351 369 376 378 
258 374 375 376 377 
258 375 377 378 379 
258 375 377 378 379 
260 369 376 378 379 
260 376 377 378 379 
375 376 377 378 379 
350 369 376 377 378 
256 350 369 376 378 
350 369 376 377 378 
260 369 376 378 379 
350 369 376 377 378 
349 350 369 376 378 
350 375 376 377 378 
190 260 375 378 379 
260 375 377 378 379 
189 190 259 260 379 
156 349 350 369 378 
156 349 350 369 378 
156 254 349 369 378 
180 254 317 334 349 
275 276 279 309 313 
68 75 111 131 271 
68 75 111 131 259 
257 262 266 323 328 
257 314 323 328 374 
314 328 374 376 377 
68 111 271 312 321 
68 111 271 312 321 
257 266 272 323 335 
268 272 312 321 335 
68 111 131 271 321 
328 350 374 376 377 
258 374 375 376 377 
375 376 377 378 379 
190 259 375 378 379 
57 190 259 260 379 
63 68 160 265 321 
63 68 160 265 321 
63 68 160 265 321 
63 68 72 265 321 
238 272 353 370 371 
264 266 272 353 370 
160 264 272 353 370 
62 160 264 265 353 
236 261 351 352 371 
160 264 272 353 370 
236 238 266 352 371 
238 266 352 370 371 
304 307 380 383 387 
307 380 382 383 387 
304 380 383 387 393 
304 307 380 381 383 
304 308 381 382 388 
304 380 381 383 388 
304 308 381 382 388 
381 382 383 388 393 
308 381 382 383 388 
306 308 381 382 388 
306 308 381 382 388 
307 381 382 388 392 
307 381 382 387 392 
306 307 308 382 387 
306 308 381 382 388 
306 307 382 387 392 
307 382 387 388 392 
306 307 382 387 392 
307 380 382 383 387 
307 380 382 383 387 
381 382 383 388 393 
381 382 383 388 393 
304 380 381 383 388 
380 383 387 388 393 
380 383 387 388 393 
380 383 387 394 395 
380 381 383 388 393 
380 381 383 388 393 
381 382 388 391 392 
381 382 383 388 393 
381 382 388 391 392 
307 381 382 388 392 
381 382 388 391 392 
307 382 387 388 392 
382 387 388 390 392 
380 383 387 394 395 
380 383 387 388 393 
384 385 386 389 390 
384 385 386 389 390 
384 385 386 389 390 
384 385 386 389 390 
384 385 386 389 394 
384 385 386 389 394 
384 385 386 389 394 
384 385 386 389 394 
384 385 386 389 394 
384 385 386 389 394 
384 385 386 389 394 
384 385 386 389 394 
384 385 386 389 390 
384 385 386 389 390 
384 385 386 389 390 
384 385 386 389 390 
384 385 386 389 390 
384 385 386 389 390 
384 385 386 389 390 
384 385 386 389 390 
384 385 386 389 394 
384 385 386 389 394 
384 385 386 389 394 
384 385 386 389 394 
384 385 386 389 394 
384 385 386 389 394 
384 385 386 389 394 
384 385 386 389 394 
384 385 386 389 394 
384 385 386 389 394 
384 385 386 389 394 
384 385 386 389 394 
384 385 386 389 394 
384 385 386 389 394 
384 385 386 389 394 
384 385 386 389 394 
384 385 386 389 394 
384 385 386 389 394 
384 385 386 389 394 
384 385 386 389 394 
384 385 386 389 394 
384 385 386 389 394 
384 385 386 389 394 
384 385 386 389 394 
384 385 386 389 390 
384 385 386 389 390 
384 385 386 389 390 
384 385 386 389 390 
384 385 386 389 394 
384 385 386 389 394 
384 385 386 389 394 
384 385 386 389 394 
384 385 386 389 390 
384 385 386 389 390 
384 385 386 389 390 
384 385 386 389 390 
384 385 386 389 390 
384 385 386 389 390 
384 385 386 389 390 
384 385 386 389 390 
384 385 386 389 390 
384 385 386 389 390 
384 385 386 389 390 
384 385 386 389 390 
384 385 386 389 390 
384 385 386 389 390 
384 385 386 389 390 
384 385 386 389 390 
384 385 386 389 390 
384 385 386 389 390 
384 385 386 389 390 
384 385 386 389 390 
384 385 386 389 390 
384 385 386 389 390 
384 385 386 389 390 
384 385 386 389 390 
384 385 386 389 390 
384 385 386 389 390 
384 385 386 389 390 
384 385 386 389 390 
384 385 386 389 394 
384 385 386 389 394 
384 385 386 389 394 
384 385 386 389 394 
384 385 386 389 394 
384 385 386 389 394 
384 385 386 389 394 
384 385 386 389 394 
384 385 386 389 394 
384 385 386 389 394 
384 385 386 389 394 
384 385 386 389 394 
384 385 386 389 394 
384 385 386 389 390 
384 385 386 389 394 
384 385 386 389 390 
384 385 386 389 390 
384 385 386 389 390 
384 385 386 389 390 
384 385 386 389 390 
384 385 386 389 390 
384 385 386 389 390 
384 385 386 389 390 
384 385 386 389 390 
384 385 386 389 390 
384 385 386 389 390 
384 385 386 389 390 
384 385 386 389 390 
307 380 382 383 387 
307 380 382 383 387 
307 380 382 383 387 
307 382 383 387 392 
307 380 382 383 387 
382 383 387 392 394 
307 382 383 387 392 
382 383 387 392 394 
382 387 388 391 392 
382 387 388 391 392 
382 388 391 392 393 
381 383 388 391 393 
383 388 391 392 393 
383 387 389 392 394 
380 383 387 394 395 
387 389 390 392 394 
382 387 390 392 394 
384 385 386 389 394 
385 386 387 389 394 
384 385 386 389 394 
384 385 386 389 394 
385 386 389 390 394 
384 385 386 389 394 
384 386 389 390 394 
384 385 386 389 390 
386 387 389 390 392 
384 385 386 389 390 
386 387 389 390 392 
384 386 389 390 392 
386 387 389 390 392 
384 386 389 390 392 
384 385 386 389 394 
384 385 389 394 395 
384 385 386 389 394 
384 385 389 394 395 
384 385 386 389 394 
384 385 386 389 394 
386 389 390 392 395 
384 386 389 390 392 
384 385 386 389 394 
384 385 386 390 394 
384 385 386 389 390 
384 386 390 394 395 
384 385 386 389 390 
384 386 389 390 395 
385 387 389 390 394 
386 387 389 390 394 
387 389 390 392 394 
386 387 389 390 392 
386 387 389 390 392 
386 389 390 391 392 
387 388 390 392 394 
387 388 390 391 392 
387 390 391 392 395 
387 388 390 391 392 
388 390 391 392 395 
388 391 392 393 395 
388 391 392 393 395 
388 390 391 392 395 
388 390 391 392 395 
387 388 390 391 392 
382 388 390 391 392 
382 388 391 392 393 
388 391 392 393 395 
388 391 392 393 395 
388 391 392 393 395 
383 388 391 392 393 
383 388 391 393 395 
383 388 391 393 395 
383 388 391 393 395 
383 388 391 393 395 
383 388 391 392 393 
383 388 391 392 393 
383 388 391 392 393 
383 388 391 393 395 
383 388 391 393 395 
383 388 391 393 395 
383 388 391 393 395 
385 387 389 394 395 
385 387 389 394 395 
387 389 390 392 394 
387 389 390 392 394 
387 389 390 392 394 
385 387 389 394 395 
383 387 389 394 395 
383 387 393 394 395 
383 387 393 394 395 
385 389 390 394 395 
387 389 390 394 395 
387 391 393 394 395 
383 391 393 394 395 
383 387 393 394 395 
383 391 393 394 395 
383 387 393 394 395 
383 391 393 394 395 
383 391 393 394 395 
383 387 393 394 395 
383 388 393 394 395 
383 387 393 394 395 
383 387 389 394 395 
386 389 390 391 392 
390 391 392 394 395 
388 390 391 392 395 
388 390 391 392 395 
388 391 392 393 395 
388 391 392 393 395 
388 391 392 393 395 
388 391 392 393 395 
383 388 391 393 395 
383 388 391 393 395 
383 391 393 394 395 
383 391 393 394 395 
383 391 393 394 395 
380 383 387 394 395 
380 383 387 393 395 
380 383 388 393 395 
383 388 391 393 395 
380 383 388 393 395 
386 389 390 394 395 
386 389 390 394 395 
386 390 392 394 395 
386 390 392 394 395 
390 391 392 394 395 
390 391 392 394 395 
390 391 392 394 395 
389 390 392 394 395 
388 390 391 392 395 
390 391 392 394 395 
390 391 393 394 395 
390 391 393 394 395 
383 391 393 394 395 
391 392 393 394 395 
390 391 392 393 395 
388 391 392 393 395 
388 391 392 393 395 
388 391 392 393 395 
388 391 392 393 395 
383 391 393 394 395 
388 391 392 393 395 
388 391 392 393 395 
388 391 392 393 395 
383 388 391 393 395 
383 388 391 393 395 
383 391 393 394 395 
388 391 392 393 395 
388 391 392 393 395 
388 391 392 393 395 
388 391 392 393 395 
388 391 392 393 395 
388 391 392 393 395 
382 387 388 390 392 
288 289 293 297 303 
288 293 294 297 311 
286 288 293 297 303 
266 272 321 323 335 
236 238 273 324 331 
230 240 273 331 332 
236 273 324 331 332 
272 312 321 323 335 
230 231 233 332 333 
225 226 227 229 319 
211 213 215 218 222 
211 213 215 218 222 
211 213 215 219 222 
211 213 215 219 222 
211 213 215 219 222 
211 213 218 219 222 
211 213 215 219 222 
211 213 215 219 222 
211 213 215 219 222 
211 213 215 218 222 
