0.768646 0.049767 0.048625 0.009973 0.122989 
0.539566 0.113541 0.039843 0.024872 0.282179 
0.525389 0.185612 0.038300 0.079570 0.171128 
0.640233 0.124436 0.163694 0.004959 0.066678 
0.396758 0.246526 0.115819 0.052677 0.188221 
0.397128 0.182478 0.121939 0.011981 0.286474 
0.482435 0.325213 0.028318 0.084795 0.079238 
0.522783 0.254856 0.206070 0.010184 0.006107 
0.028091 0.822496 0.109650 0.018200 0.021563 
0.905995 0.042955 0.005589 0.045255 0.000206 
0.020362 0.957169 0.022015 0.000152 0.000301 
0.102800 0.787938 0.107135 0.002107 0.000019 
0.461341 0.153687 0.211514 0.172232 0.001225 
0.341261 0.252662 0.316554 0.078913 0.010610 
0.227495 0.138098 0.430947 0.170132 0.033328 
0.340378 0.056262 0.250399 0.325057 0.027904 
0.123448 0.701946 0.101314 0.040082 0.033210 
0.143376 0.637094 0.162137 0.017512 0.039881 
0.196336 0.684415 0.098775 0.013254 0.007220 
0.186177 0.718117 0.053481 0.037348 0.004877 
0.081546 0.758632 0.027668 0.116032 0.016123 
0.000665 0.103663 0.749608 0.002519 0.143545 
0.054746 0.701352 0.000066 0.240575 0.003261 
0.059501 0.702521 0.015106 0.190743 0.032128 
0.095850 0.633210 0.130057 0.042808 0.098075 
0.090670 0.670257 0.175258 0.003115 0.060700 
0.107273 0.748856 0.056504 0.058504 0.028863 
0.091050 0.709912 0.071586 0.063865 0.063587 
0.056628 0.617664 0.098877 0.065977 0.160854 
0.065768 0.660378 0.076156 0.084163 0.113535 
0.047461 0.615242 0.064737 0.118933 0.153627 
0.039251 0.597811 0.078369 0.082218 0.202351 
0.074088 0.654225 0.107361 0.046534 0.117791 
0.084783 0.661047 0.090963 0.062741 0.100466 
0.060147 0.656047 0.105021 0.041078 0.137707 
0.045357 0.656336 0.120599 0.022539 0.155169 
0.069149 0.735666 0.044814 0.100445 0.049926 
0.054738 0.674414 0.033613 0.153061 0.084173 
0.014983 0.693546 0.006370 0.179672 0.105429 
0.019293 0.620370 0.037304 0.135539 0.187495 
0.163378 0.469211 0.354115 0.001834 0.011462 
0.147150 0.587933 0.244720 0.000111 0.020087 
0.113199 0.563620 0.266254 0.006151 0.050775 
0.130558 0.462212 0.343354 0.020295 0.043580 
0.047189 0.647430 0.146253 0.012625 0.146503 
0.041085 0.436478 0.290686 0.046205 0.185545 
0.042233 0.505050 0.266360 0.023081 0.163276 
0.016248 0.516227 0.211436 0.026099 0.229990 
0.023443 0.437131 0.239639 0.049290 0.250496 
0.053425 0.239920 0.705180 0.000449 0.001026 
0.041684 0.309955 0.631161 0.014357 0.002843 
0.009133 0.184349 0.779253 0.001129 0.026137 
0.002349 0.082747 0.912230 0.001263 0.001410 
0.000199 0.102702 0.824392 0.014871 0.057836 
0.036133 0.872489 0.008082 0.041321 0.041976 
0.027056 0.609667 0.007309 0.109859 0.246109 
0.037996 0.710569 0.018328 0.088704 0.144403 
0.094103 0.724571 0.000013 0.035630 0.145682 
0.101656 0.573975 0.050140 0.262895 0.011335 
0.161774 0.407802 0.005631 0.306561 0.118233 
0.145374 0.338335 0.005481 0.324704 0.186107 
0.071284 0.345525 0.032639 0.471460 0.079092 
0.094102 0.425613 0.068345 0.374468 0.037472 
0.032969 0.335103 0.355777 0.094612 0.181539 
0.036104 0.348148 0.408025 0.078915 0.128808 
0.045443 0.378496 0.368311 0.071234 0.136516 
0.042751 0.378045 0.320996 0.067922 0.190286 
0.037379 0.356926 0.448160 0.064116 0.093420 
0.040777 0.360562 0.458341 0.059319 0.081001 
0.049541 0.379442 0.424768 0.057769 0.088479 
0.041209 0.361479 0.435247 0.064026 0.098039 
0.038453 0.346530 0.422965 0.075900 0.116152 
0.026881 0.332323 0.442475 0.085578 0.112743 
0.033218 0.344254 0.448994 0.073256 0.100279 
0.026126 0.315577 0.392183 0.106250 0.159864 
0.009223 0.266189 0.256941 0.150190 0.317458 
0.018906 0.279429 0.287572 0.143073 0.271021 
0.018574 0.304487 0.266908 0.109126 0.300904 
0.006821 0.299491 0.240434 0.107426 0.345828 
0.061327 0.386373 0.383779 0.061683 0.106838 
0.073835 0.414440 0.379886 0.046258 0.085583 
0.068484 0.440514 0.316827 0.051184 0.122992 
0.058331 0.407819 0.334827 0.064662 0.134361 
0.099317 0.423485 0.366674 0.038417 0.072106 
0.059744 0.387561 0.436317 0.045714 0.070664 
0.079896 0.404612 0.422713 0.037204 0.055575 
0.028573 0.339153 0.493006 0.063806 0.075462 
0.020837 0.310378 0.571557 0.052769 0.044459 
0.041421 0.349731 0.504656 0.046593 0.057599 
0.007411 0.275675 0.603478 0.072373 0.041063 
0.017815 0.310348 0.502310 0.085036 0.084491 
0.013892 0.296132 0.443577 0.124306 0.122093 
0.013008 0.272803 0.380428 0.153692 0.180069 
0.001104 0.237362 0.450271 0.195860 0.115403 
0.002047 0.256158 0.545471 0.130162 0.066162 
0.079925 0.514106 0.297047 0.022968 0.085953 
0.050740 0.346850 0.533792 0.036010 0.032608 
0.099067 0.406334 0.455839 0.015831 0.022930 
0.014908 0.274991 0.653155 0.044063 0.012883 
0.184633 0.759130 0.000065 0.053952 0.002219 
0.185185 0.655247 0.005639 0.136075 0.017855 
0.178190 0.516926 0.009687 0.235756 0.059441 
0.001585 0.350910 0.044389 0.000272 0.602843 
0.021497 0.453813 0.117634 0.003896 0.403160 
0.321851 0.222610 0.168578 0.007237 0.279723 
0.326837 0.279729 0.158944 0.020414 0.214075 
0.237668 0.382211 0.210107 0.001317 0.168697 
0.266808 0.366118 0.189060 0.007229 0.170784 
0.278470 0.308035 0.189149 0.003589 0.220757 
0.253250 0.335763 0.216149 0.000010 0.194828 
0.139741 0.703495 0.144256 0.000002 0.012506 
0.187442 0.582306 0.180293 0.000027 0.049933 
0.134951 0.644612 0.194832 0.000065 0.025540 
0.061395 0.804856 0.133270 0.000130 0.000348 
0.086455 0.496203 0.363156 0.017805 0.036382 
0.086154 0.604451 0.288364 0.005636 0.015397 
0.151886 0.491712 0.277085 0.005463 0.073855 
0.139930 0.430773 0.314931 0.010489 0.103877 
0.148487 0.372171 0.327757 0.019565 0.132021 
0.140949 0.330193 0.354833 0.019178 0.154847 
0.100405 0.352407 0.411123 0.025120 0.110944 
0.093002 0.408515 0.392173 0.027250 0.079060 
0.277225 0.240860 0.205480 0.002807 0.273629 
0.230044 0.201803 0.243248 0.324768 0.000137 
0.225733 0.222754 0.265259 0.001028 0.285227 
0.228830 0.282076 0.247178 0.000148 0.241768 
0.122657 0.176235 0.391148 0.309363 0.000598 
0.149748 0.179541 0.350007 0.320236 0.000468 
0.145312 0.152897 0.329386 0.370664 0.001741 
0.112208 0.162487 0.389866 0.330007 0.005432 
0.097023 0.182589 0.438098 0.282290 0.000000 
0.117920 0.188509 0.410837 0.000252 0.282483 
0.738873 0.011490 0.132020 0.117175 0.000443 
0.685929 0.018195 0.007536 0.014142 0.274199 
0.634247 0.037037 0.145126 0.125775 0.057814 
0.495323 0.051164 0.444768 0.008395 0.000350 
0.292025 0.202246 0.416183 0.002448 0.087098 
0.151141 0.185951 0.622510 0.035530 0.004869 
0.026543 0.048239 0.840486 0.071328 0.013403 
0.130463 0.040885 0.403140 0.315843 0.109669 
0.015145 0.514917 0.303794 0.165982 0.000162 
0.009759 0.801885 0.073092 0.079710 0.035554 
0.476630 0.024888 0.221126 0.001335 0.276021 
0.011396 0.558441 0.085840 0.200673 0.143649 
0.000973 0.395060 0.276316 0.294965 0.032687 
0.018452 0.203195 0.609479 0.132230 0.036644 
0.074938 0.279081 0.563073 0.074636 0.008272 
0.011171 0.030645 0.904582 0.036746 0.016856 
0.114883 0.532435 0.251028 0.101638 0.000015 
0.004878 0.896537 0.037627 0.005299 0.055660 
0.013056 0.981384 0.000276 0.002692 0.002592 
0.908948 0.007328 0.055686 0.025453 0.002586 
0.064769 0.608124 0.176093 0.009620 0.141394 
0.013630 0.145199 0.631865 0.141814 0.067492 
0.185010 0.009947 0.240298 0.518045 0.046700 
0.090789 0.767736 0.000013 0.072703 0.068759 
0.170560 0.713430 0.043471 0.045385 0.027154 
0.003512 0.884523 0.046026 0.000638 0.065301 
0.047634 0.003736 0.771086 0.129042 0.048502 
0.181156 0.003759 0.791406 0.013585 0.010094 
0.124114 0.106278 0.628807 0.038827 0.101974 
0.007053 0.008203 0.731720 0.106173 0.146851 
0.219681 0.254716 0.097736 0.383360 0.044507 
0.317647 0.193588 0.475784 0.000901 0.012081 
0.359759 0.000658 0.383292 0.043307 0.212984 
0.199647 0.402666 0.301938 0.091308 0.004441 
0.002098 0.546244 0.228024 0.058194 0.165440 
0.231827 0.314053 0.174967 0.002963 0.276190 
0.237000 0.479349 0.134173 0.035588 0.113890 
0.553483 0.392768 0.023139 0.001537 0.029072 
0.101242 0.791341 0.005717 0.099708 0.001991 
0.402201 0.509255 0.026469 0.061205 0.000870 
0.023224 0.595064 0.127191 0.011961 0.242559 
0.754690 0.015152 0.100794 0.125538 0.003826 
0.054497 0.326953 0.502716 0.107129 0.008705 
0.026766 0.353879 0.262380 0.343828 0.013147 
0.037465 0.575448 0.000843 0.373625 0.012619 
0.218260 0.296359 0.223382 0.144235 0.117764 
0.001450 0.858958 0.098548 0.000140 0.040904 
0.071628 0.811921 0.007993 0.034401 0.074057 
0.012658 0.116921 0.527315 0.048351 0.294755 
0.000990 0.055306 0.366801 0.225982 0.350920 
0.075038 0.392013 0.022418 0.498852 0.011679 
0.272191 0.359596 0.253670 0.101136 0.013407 
0.087003 0.863777 0.023393 0.016383 0.009444 
0.044093 0.010871 0.770869 0.069887 0.104280 
0.005287 0.746480 0.008795 0.221718 0.017720 
0.116978 0.642955 0.106658 0.001981 0.131427 
0.416381 0.337205 0.095677 0.045122 0.105615 
0.319703 0.352104 0.155063 0.022618 0.150512 
0.307811 0.439466 0.147786 0.014002 0.090935 
0.345512 0.511108 0.087718 0.021750 0.033913 
0.367686 0.584111 0.010278 0.037910 0.000015 
0.292718 0.445239 0.005132 0.174787 0.082124 
0.049667 0.194612 0.465413 0.013829 0.276480 
0.042595 0.528573 0.057440 0.027819 0.343573 
0.172015 0.179266 0.201036 0.012381 0.435301 
0.011516 0.331422 0.123660 0.098598 0.434804 
0.035156 0.065694 0.300218 0.124111 0.474820 
0.000046 0.008682 0.210973 0.221551 0.558748 
0.434788 0.332127 0.136553 0.016513 0.080018 
0.451168 0.029987 0.131574 0.353497 0.033773 
0.223841 0.286060 0.363565 0.126529 0.000005 
0.207633 0.582605 0.139394 0.047830 0.022538 
0.015428 0.426510 0.156779 0.396632 0.004651 
0.089411 0.419272 0.263202 0.223666 0.004449 
0.143082 0.203209 0.635583 0.000182 0.017944 
0.059265 0.183497 0.668943 0.069888 0.018405 
0.001003 0.014136 0.984029 0.000130 0.000703 
0.082319 0.008065 0.004800 0.880766 0.024050 
0.853528 0.057912 0.004348 0.081540 0.002672 
0.617410 0.105056 0.037518 0.240012 0.000005 
0.054998 0.517840 0.260064 0.005465 0.161634 
0.009300 0.053301 0.780831 0.110575 0.045994 
0.001828 0.417090 0.369267 0.188261 0.023554 
0.322555 0.481203 0.034584 0.135681 0.025977 
0.000771 0.538497 0.342953 0.078569 0.039209 
0.013184 0.638366 0.240404 0.015320 0.092726 
0.003742 0.086696 0.756647 0.113658 0.039257 
0.000190 0.975039 0.013701 0.006544 0.004525 
0.034354 0.024546 0.871098 0.002173 0.067830 
0.176902 0.021426 0.607546 0.018624 0.175501 
0.725400 0.019769 0.063420 0.135178 0.056233 
0.054741 0.193691 0.451233 0.264905 0.035430 
0.140894 0.009802 0.075842 0.641335 0.132127 
0.348519 0.059551 0.543515 0.030157 0.018259 
0.017687 0.459159 0.004988 0.374389 0.143777 
0.125416 0.787738 0.018292 0.065641 0.002912 
0.088129 0.245440 0.477429 0.004539 0.184462 
0.123384 0.243693 0.417861 0.003973 0.211089 
0.128486 0.213073 0.406622 0.002546 0.249272 
0.100857 0.209527 0.452940 0.004307 0.232370 
0.250904 0.035852 0.063207 0.616523 0.033514 
0.161830 0.047932 0.156922 0.627152 0.006164 
0.300310 0.135248 0.131265 0.429241 0.003936 
0.412792 0.063612 0.037362 0.484939 0.001295 
0.006270 0.405752 0.389403 0.173123 0.025452 
0.005934 0.331877 0.551897 0.103640 0.006652 
0.233759 0.568201 0.185106 0.003963 0.008971 
0.262718 0.430313 0.290244 0.013106 0.003618 
0.211680 0.502292 0.203690 0.001298 0.081040 
0.239631 0.499239 0.181304 0.000317 0.079509 
0.213581 0.469614 0.211914 0.000496 0.104395 
0.110836 0.384610 0.501715 0.001361 0.001478 
0.213229 0.329899 0.443516 0.013175 0.000181 
0.648989 0.030163 0.029517 0.214294 0.077037 
0.210001 0.690908 0.089586 0.006136 0.003370 
0.011928 0.000087 0.835842 0.024803 0.127340 
0.241280 0.020642 0.594288 0.010481 0.133308 
0.273338 0.085777 0.005019 0.465464 0.170402 
0.032712 0.070773 0.464826 0.141208 0.290480 
0.169473 0.140603 0.425465 0.240107 0.024353 
0.040455 0.110119 0.677199 0.075840 0.096387 
0.018417 0.030601 0.659686 0.151062 0.140235 
0.099101 0.028215 0.406319 0.441455 0.024911 
0.094910 0.404296 0.050484 0.145583 0.304728 
0.001376 0.399158 0.210934 0.025479 0.363053 
0.050625 0.323847 0.398661 0.215126 0.011740 
0.456733 0.207260 0.247188 0.004800 0.084019 
0.495424 0.009189 0.476508 0.018741 0.000138 
0.142388 0.322518 0.001724 0.324728 0.208641 
0.017566 0.673290 0.163936 0.069534 0.075675 
0.035974 0.727757 0.202437 0.016057 0.017775 
0.024669 0.629416 0.286423 0.044754 0.014738 
0.015902 0.526990 0.235199 0.140784 0.081125 
0.583274 0.120903 0.103232 0.185817 0.006774 
0.420827 0.039004 0.118192 0.399516 0.022461 
0.216039 0.074661 0.686956 0.000411 0.021932 
0.044858 0.062250 0.887721 0.005037 0.000134 
0.070737 0.277554 0.331381 0.000062 0.320265 
0.029470 0.323967 0.520332 0.055790 0.070442 
0.001252 0.567753 0.113938 0.057351 0.259705 
0.008287 0.331629 0.046243 0.146980 0.466861 
0.074168 0.150495 0.309340 0.037465 0.428532 
0.124286 0.134903 0.729948 0.000011 0.010852 
0.017587 0.584603 0.169178 0.003916 0.224716 
0.049675 0.613296 0.210832 0.000847 0.125351 
0.015351 0.644011 0.125336 0.000691 0.214611 
0.011044 0.250312 0.322986 0.177712 0.237947 
0.009478 0.237004 0.277199 0.192196 0.284123 
0.001416 0.189481 0.310689 0.244293 0.254120 
0.001686 0.210402 0.369762 0.225634 0.192516 
0.221947 0.146358 0.053667 0.546950 0.031078 
0.342942 0.000169 0.216226 0.015900 0.424763 
0.050245 0.389685 0.222735 0.275685 0.061651 
0.046200 0.660211 0.146844 0.144877 0.001868 
0.039207 0.632054 0.098119 0.035023 0.195598 
0.031196 0.633910 0.087739 0.030182 0.216972 
0.029221 0.642936 0.094674 0.018495 0.214674 
0.038573 0.650003 0.098663 0.022629 0.190131 
0.048588 0.363995 0.402362 0.070312 0.114742 
0.013398 0.411122 0.203621 0.055963 0.315895 
0.004149 0.394689 0.177110 0.056185 0.367867 
0.006928 0.344739 0.208757 0.082586 0.356990 
0.018722 0.351303 0.235785 0.083289 0.310901 
0.283796 0.127016 0.492722 0.002014 0.094452 
0.112234 0.051138 0.792991 0.000713 0.042924 
0.082874 0.384692 0.397969 0.001543 0.132923 
0.018423 0.184992 0.376348 0.346985 0.073252 
0.332583 0.106089 0.015004 0.505632 0.040692 
0.023047 0.198528 0.286231 0.406980 0.085215 
0.144063 0.155007 0.615999 0.084895 0.000036 
0.002429 0.947833 0.002804 0.044954 0.001980 
0.060124 0.716931 0.133507 0.034003 0.055436 
0.143227 0.792074 0.058123 0.006526 0.000050 
0.062929 0.025602 0.855007 0.000195 0.056266 
0.231819 0.008330 0.423017 0.041355 0.295479 
0.173972 0.252420 0.091031 0.450203 0.032374 
0.108932 0.366495 0.153931 0.322983 0.047658 
0.117359 0.002608 0.621624 0.076670 0.181739 
0.008159 0.624978 0.081388 0.008326 0.277148 
0.003178 0.602417 0.070133 0.007264 0.317008 
0.002328 0.607591 0.079662 0.000053 0.310366 
0.010353 0.619744 0.092872 0.004281 0.272749 
0.036550 0.661667 0.109642 0.015801 0.176340 
0.024003 0.654841 0.108786 0.007410 0.204961 
0.020089 0.659959 0.114290 0.005064 0.200597 
0.047664 0.630723 0.099099 0.043941 0.178573 
0.044630 0.653887 0.106642 0.027631 0.167211 
0.022834 0.617194 0.066982 0.046643 0.246347 
0.037790 0.614043 0.085914 0.054964 0.207289 
0.012545 0.612115 0.049272 0.065105 0.260963 
0.017515 0.634907 0.084978 0.013035 0.249565 
0.016775 0.633602 0.096869 0.006983 0.245771 
0.033632 0.651495 0.104575 0.016593 0.193705 
0.026337 0.643614 0.103644 0.011298 0.215107 
0.026043 0.625449 0.074712 0.037209 0.236587 
0.035359 0.629361 0.087435 0.040757 0.207087 
0.022241 0.659465 0.000199 0.244407 0.073687 
0.015235 0.532178 0.284652 0.018982 0.148952 
0.001925 0.601653 0.208700 0.002232 0.185490 
0.587926 0.006209 0.147340 0.000584 0.257941 
0.581821 0.030585 0.070813 0.000333 0.316448 
0.092514 0.236843 0.180676 0.384515 0.105451 
0.031352 0.273729 0.264130 0.314572 0.116217 
0.247529 0.005100 0.583628 0.122757 0.040986 
0.111571 0.033520 0.803429 0.051080 0.000399 
0.038223 0.353224 0.436531 0.068875 0.103147 
0.255763 0.171129 0.193962 0.378954 0.000192 
0.018757 0.525595 0.410466 0.044363 0.000819 
0.006915 0.235494 0.675298 0.023901 0.058392 
0.007327 0.275895 0.631882 0.059526 0.025370 
0.047638 0.324772 0.522479 0.038783 0.066328 
0.043227 0.281634 0.555490 0.015860 0.103788 
0.180123 0.100456 0.225054 0.493447 0.000919 
0.070981 0.026341 0.307379 0.592855 0.002444 
0.125390 0.098688 0.324855 0.449216 0.001852 
0.084472 0.115007 0.405775 0.379230 0.015516 
0.028927 0.043339 0.470772 0.434989 0.021973 
0.021303 0.101198 0.577210 0.298858 0.001430 
0.062398 0.141169 0.490218 0.305928 0.000287 
0.222172 0.431595 0.213896 0.000067 0.132269 
0.252483 0.435929 0.187365 0.002100 0.122123 
0.025520 0.156806 0.622010 0.002353 0.193310 
0.008349 0.175231 0.712235 0.006772 0.097413 
0.044312 0.219648 0.584931 0.005562 0.145548 
0.066634 0.187230 0.517547 0.002618 0.225971 
0.034182 0.401295 0.492584 0.048150 0.023788 
0.231178 0.569092 0.146456 0.004802 0.048472 
0.092915 0.669548 0.225335 0.000075 0.012128 
0.233713 0.060654 0.394646 0.012098 0.298890 
0.399073 0.005293 0.372216 0.048942 0.174477 
0.034073 0.833063 0.069860 0.004745 0.058259 
0.024157 0.945985 0.017947 0.001968 0.009943 
0.006155 0.893667 0.074217 0.018337 0.007624 
0.022696 0.768178 0.144679 0.014258 0.050189 
0.000072 0.018620 0.042169 0.023683 0.915456 
0.045669 0.019182 0.110179 0.069079 0.755892 
0.043336 0.009367 0.051087 0.020761 0.875448 
0.000699 0.026024 0.029669 0.013928 0.929681 
0.000027 0.000815 0.049807 0.008624 0.940727 
0.001455 0.000351 0.086106 0.008817 0.903271 
0.027574 0.035472 0.068871 0.007885 0.860199 
0.010640 0.015901 0.048306 0.008364 0.916789 
0.012840 0.174694 0.019862 0.040701 0.751902 
0.073005 0.295344 0.009002 0.007219 0.615430 
0.059506 0.027003 0.158801 0.007295 0.747394 
0.049095 0.415159 0.082980 0.143330 0.309435 
0.003548 0.269361 0.206321 0.080610 0.440160 
0.162923 0.110187 0.122726 0.004268 0.599897 
0.016697 0.216510 0.029418 0.242193 0.495182 
0.067774 0.005437 0.886402 0.007865 0.032523 
0.188760 0.015947 0.677398 0.007194 0.110701 
0.004509 0.654668 0.223052 0.053374 0.064397 
0.001222 0.637400 0.231297 0.118668 0.011413 
0.009149 0.303516 0.683948 0.000021 0.003367 
0.528235 0.296920 0.034616 0.109179 0.031049 
0.572529 0.150983 0.136092 0.013389 0.127006 
0.000954 0.001042 0.376599 0.352092 0.269313 
0.036230 0.000826 0.224476 0.334917 0.403550 
0.344882 0.041097 0.430886 0.000314 0.182822 
0.141869 0.027274 0.498104 0.044204 0.288548 
0.001832 0.489075 0.229983 0.017024 0.262085 
0.292182 0.004178 0.335449 0.031116 0.337074 
0.321319 0.546612 0.017039 0.088595 0.026434 
0.414819 0.498953 0.008240 0.002441 0.075547 
0.009655 0.193379 0.586351 0.002052 0.208563 
0.103650 0.136882 0.438711 0.001405 0.319352 
0.234217 0.160104 0.227409 0.028896 0.349374 
0.207283 0.029173 0.138109 0.624872 0.000562 
0.065722 0.094388 0.207506 0.023055 0.609330 
0.124196 0.000182 0.638394 0.033298 0.203929 
0.128124 0.003196 0.688159 0.031292 0.149230 
0.053324 0.001087 0.835632 0.040659 0.069298 
0.069155 0.000004 0.773439 0.041483 0.115919 
0.425382 0.006531 0.032415 0.381963 0.153709 
0.287204 0.003120 0.477301 0.002158 0.230217 
0.002098 0.032999 0.580174 0.339553 0.045177 
0.000684 0.397651 0.564918 0.000077 0.036670 
0.014178 0.477638 0.394314 0.012001 0.101869 
0.011614 0.260725 0.723628 0.000027 0.004006 
0.379956 0.012360 0.061788 0.000148 0.545749 
0.016264 0.550649 0.027759 0.187473 0.217856 
0.051315 0.045629 0.671485 0.072714 0.158857 
0.091143 0.115157 0.207235 0.099074 0.487391 
0.134676 0.293225 0.004750 0.330396 0.236953 
0.051502 0.289492 0.012588 0.515754 0.130664 
0.009535 0.539499 0.136959 0.009211 0.304796 
0.003900 0.502478 0.126946 0.012688 0.353988 
0.001896 0.446057 0.152838 0.031456 0.367754 
0.008492 0.480483 0.182284 0.031195 0.297546 
0.203658 0.183795 0.295945 0.315189 0.001413 
0.000097 0.248905 0.426947 0.299513 0.024538 
0.018252 0.171196 0.546105 0.230590 0.033856 
0.232548 0.324651 0.000453 0.426648 0.015700 
0.405785 0.066106 0.166497 0.301606 0.060006 
0.295463 0.110445 0.120182 0.466271 0.007639 
0.000544 0.532521 0.102782 0.002399 0.361754 
0.009568 0.605110 0.109482 0.001647 0.274193 
0.020444 0.636090 0.075892 0.025389 0.242185 
0.026463 0.366116 0.274429 0.078526 0.254466 
0.008257 0.635679 0.100443 0.000273 0.255348 
0.014807 0.640897 0.100608 0.003262 0.240425 
0.000396 0.580332 0.075620 0.000140 0.343513 
0.509853 0.095563 0.003346 0.000299 0.390939 
0.088606 0.302903 0.450066 0.011486 0.146939 
0.133092 0.288932 0.384602 0.006965 0.186409 
0.005146 0.608044 0.057872 0.022086 0.306851 
0.012456 0.613966 0.072076 0.025222 0.276279 
0.587448 0.048364 0.013721 0.000247 0.350220 
0.671466 0.035049 0.135241 0.156333 0.001910 
0.033883 0.444778 0.184929 0.040997 0.295413 
0.001383 0.375402 0.170880 0.057389 0.394946 
0.001791 0.329007 0.190335 0.082059 0.396808 
0.077323 0.312412 0.076559 0.530865 0.002841 
0.092039 0.029898 0.237422 0.545294 0.095347 
0.010821 0.081395 0.026489 0.873358 0.007936 
0.202070 0.252949 0.057385 0.003511 0.484086 
0.145763 0.313659 0.033395 0.000347 0.506835 
0.114588 0.207815 0.058861 0.003073 0.615664 
0.160430 0.150295 0.075733 0.005573 0.607968 
0.001532 0.256558 0.417897 0.232769 0.091243 
0.023192 0.289326 0.446435 0.238760 0.002287 
0.147882 0.157484 0.026342 0.665553 0.002739 
0.189618 0.523268 0.215258 0.002063 0.069793 
0.168394 0.529238 0.236275 0.002264 0.063829 
0.195030 0.204255 0.316483 0.284190 0.000042 
0.007597 0.476082 0.003590 0.504491 0.008240 
0.022114 0.293852 0.336366 0.128875 0.218794 
0.028105 0.319101 0.300864 0.105766 0.246164 
0.046265 0.690495 0.210362 0.000804 0.052073 
0.114765 0.168982 0.122736 0.504985 0.088532 
0.000288 0.587864 0.059989 0.002378 0.349482 
0.109443 0.444723 0.320568 0.012126 0.113140 
0.037426 0.122596 0.026303 0.000495 0.813180 
0.057166 0.137587 0.044149 0.003113 0.757984 
0.063283 0.170942 0.042509 0.000013 0.723254 
0.053354 0.163009 0.034080 0.000626 0.748932 
0.044298 0.084545 0.053212 0.004062 0.813884 
0.062264 0.112493 0.048513 0.003308 0.773422 
0.030626 0.070483 0.036652 0.003527 0.858712 
0.013516 0.040350 0.038578 0.003713 0.903843 
0.079166 0.084811 0.091857 0.006760 0.737406 
0.090258 0.140503 0.066821 0.003488 0.698929 
0.012019 0.041236 0.027317 0.003761 0.915667 
0.003180 0.020530 0.019239 0.003915 0.953136 
0.000082 0.009375 0.014708 0.003992 0.971843 
0.002933 0.037720 0.018744 0.006416 0.934187 
0.007384 0.006626 0.007295 0.000554 0.978141 
0.006201 0.014025 0.021524 0.008101 0.950148 
0.006187 0.005552 0.025366 0.010750 0.952145 
0.005094 0.017655 0.044660 0.025887 0.906704 
0.025768 0.005112 0.053500 0.038964 0.876656 
0.008501 0.016367 0.079826 0.054744 0.840562 
0.200470 0.005760 0.522401 0.023754 0.247614 
0.160133 0.000195 0.506306 0.026409 0.306957 
0.051581 0.001475 0.050913 0.065470 0.830561 
0.029213 0.014084 0.079964 0.095653 0.781087 
0.092998 0.002015 0.048585 0.111159 0.745243 
0.087288 0.010393 0.081640 0.153280 0.667398 
0.003164 0.162182 0.044480 0.173970 0.616204 
0.000005 0.139366 0.057188 0.196433 0.607009 
0.018596 0.235011 0.040606 0.203971 0.501816 
0.015268 0.222140 0.053673 0.235352 0.473568 
0.036630 0.346878 0.016549 0.175067 0.424876 
0.011894 0.373103 0.005798 0.216741 0.392465 
0.011176 0.003212 0.007777 0.000724 0.977112 
0.032112 0.002498 0.021482 0.011933 0.931975 
0.015276 0.000001 0.086147 0.059900 0.838676 
0.001604 0.018506 0.009451 0.003970 0.966470 
0.035725 0.191706 0.016556 0.035056 0.720957 
0.041558 0.195446 0.020331 0.021727 0.720937 
0.052071 0.220933 0.028483 0.020436 0.678078 
0.036161 0.231981 0.016980 0.041734 0.673146 
0.157720 0.424535 0.008554 0.009940 0.399251 
0.145321 0.396625 0.017283 0.019303 0.421467 
0.126552 0.345326 0.032343 0.004909 0.490870 
0.141956 0.463145 0.003653 0.027603 0.363644 
0.135467 0.441973 0.008570 0.026341 0.387650 
0.120118 0.391896 0.026503 0.023356 0.438126 
0.118703 0.339281 0.032825 0.011007 0.498185 
0.137584 0.448882 0.005677 0.036348 0.371509 
0.136911 0.477913 0.001179 0.042963 0.341034 
0.131106 0.427746 0.011750 0.032699 0.396699 
0.129981 0.424076 0.013993 0.025553 0.406397 
0.120510 0.393176 0.023486 0.036183 0.426644 
0.090192 0.347043 0.033201 0.025671 0.503892 
0.221084 0.372426 0.014519 0.001545 0.390426 
0.267694 0.071313 0.323810 0.007350 0.329833 
0.435204 0.009695 0.309062 0.015110 0.230929 
0.055082 0.475860 0.001082 0.155686 0.312290 
0.043451 0.515969 0.186919 0.005882 0.247779 
0.057316 0.755684 0.086662 0.003946 0.096393 
0.049004 0.646092 0.147615 0.009052 0.148236 
0.006249 0.012015 0.089596 0.120618 0.771522 
0.038476 0.010371 0.103083 0.182102 0.665967 
0.014464 0.569516 0.254101 0.026911 0.135009 
0.191828 0.108586 0.270376 0.000511 0.428699 
0.057438 0.341244 0.012830 0.153858 0.434629 
0.091248 0.404801 0.008994 0.133550 0.361407 
0.023651 0.252394 0.021814 0.184704 0.517438 
0.132859 0.000110 0.534469 0.051325 0.281236 
0.092620 0.000003 0.676663 0.047307 0.183407 
0.079928 0.000003 0.583935 0.115032 0.221102 
0.117481 0.000038 0.477959 0.101637 0.302885 
0.058611 0.353501 0.001246 0.107401 0.479241 
0.092201 0.410387 0.000162 0.089477 0.407773 
0.057239 0.339583 0.002476 0.085531 0.515171 
0.096598 0.389412 0.008454 0.071123 0.434413 
0.122742 0.428454 0.008795 0.062754 0.377254 
0.122666 0.462010 0.001304 0.073484 0.340537 
0.092431 0.365277 0.023958 0.052943 0.465391 
0.052571 0.313744 0.014998 0.058614 0.560072 
0.119886 0.391138 0.021028 0.053675 0.414273 
0.024302 0.276870 0.000725 0.099399 0.598704 
0.006155 0.213016 0.000221 0.068369 0.712239 
0.017010 0.184838 0.004509 0.042379 0.751263 
0.023361 0.250000 0.008918 0.067996 0.649725 
0.004997 0.185199 0.025502 0.150721 0.633581 
0.006067 0.216818 0.006735 0.107876 0.662504 
0.027275 0.281178 0.004592 0.137409 0.549546 
0.000009 0.139215 0.002444 0.070781 0.787552 
0.111093 0.000844 0.024566 0.099060 0.764436 
0.000127 0.148428 0.000026 0.042424 0.808995 
0.006582 0.133860 0.000208 0.024317 0.835033 
0.037514 0.001719 0.005929 0.005489 0.949349 
0.079718 0.001012 0.007430 0.033956 0.877883 
0.062240 0.001487 0.020198 0.038439 0.877636 
0.000010 0.092173 0.000180 0.020910 0.886727 
0.062771 0.001674 0.002173 0.008032 0.925349 
0.000388 0.073248 0.001075 0.005082 0.920207 
0.000436 0.093291 0.000208 0.013395 0.892671 
0.020208 0.065464 0.026382 0.003632 0.884314 
0.040768 0.097120 0.035152 0.003383 0.823577 
0.007568 0.041480 0.016038 0.003824 0.931089 
0.022624 0.071457 0.026139 0.003599 0.876181 
0.012506 0.071118 0.017483 0.003677 0.895215 
0.032092 0.094944 0.027079 0.003460 0.842426 
0.012540 0.090612 0.009967 0.000667 0.886215 
0.029503 0.132474 0.015174 0.001016 0.821832 
0.103274 0.795383 0.096131 0.003704 0.001506 
0.243869 0.612478 0.087507 0.047367 0.008779 
0.060423 0.913549 0.018863 0.007164 0.000001 
0.008531 0.965927 0.003711 0.019245 0.002586 
0.004534 0.073705 0.005128 0.001422 0.915211 
0.000805 0.044729 0.005047 0.000219 0.949200 
0.001158 0.024710 0.005667 0.003046 0.965418 
0.029254 0.142259 0.011652 0.016374 0.800460 
0.018272 0.142994 0.004879 0.021550 0.812305 
0.007351 0.113460 0.002090 0.009556 0.867543 
0.019888 0.114100 0.008334 0.007542 0.850136 
0.101248 0.284690 0.037881 0.001271 0.574910 
0.092019 0.296713 0.037066 0.011660 0.562542 
0.082481 0.300709 0.034356 0.037871 0.544584 
0.060905 0.148933 0.644102 0.138231 0.007828 
0.000183 0.002774 0.967515 0.022333 0.007194 
0.036568 0.011735 0.015009 0.918014 0.018675 
0.141953 0.002724 0.181022 0.615334 0.058967 
0.063265 0.231461 0.628174 0.022632 0.054468 
0.020069 0.956248 0.005520 0.002131 0.016033 
0.143348 0.686847 0.002760 0.008596 0.158450 
0.024615 0.365726 0.189206 0.090078 0.330376 
0.851444 0.098234 0.026582 0.021541 0.002199 
0.680575 0.113930 0.001845 0.171672 0.031978 
0.013346 0.814477 0.004991 0.105978 0.061207 
0.130648 0.565019 0.094270 0.189015 0.021047 
0.095324 0.549834 0.001155 0.313175 0.040512 
0.037836 0.371672 0.002034 0.349767 0.238691 
0.004496 0.669886 0.055506 0.125216 0.144895 
0.640613 0.002928 0.095593 0.260342 0.000523 
0.436369 0.196867 0.340035 0.025208 0.001520 
0.535176 0.000036 0.309749 0.152136 0.002904 
0.004881 0.854111 0.000003 0.140424 0.000581 
0.018295 0.590952 0.060441 0.008125 0.322187 
0.643827 0.004030 0.055725 0.277596 0.018823 
0.029113 0.664244 0.045179 0.158570 0.102894 
0.000420 0.138028 0.785941 0.005967 0.069643 
0.058102 0.216449 0.527460 0.004005 0.193985 
0.013857 0.521112 0.318198 0.117665 0.029168 
0.372774 0.001170 0.400833 0.222347 0.002876 
0.082552 0.011168 0.863605 0.005127 0.037549 
0.023673 0.130272 0.041172 0.769401 0.035482 
0.001904 0.238429 0.000056 0.752092 0.007518 
0.260574 0.699286 0.005944 0.001610 0.032585 
0.000284 0.674350 0.059753 0.132145 0.133468 
0.000031 0.592024 0.309274 0.005063 0.093608 
0.435171 0.192623 0.012493 0.332470 0.027244 
0.576074 0.003960 0.007418 0.092696 0.319852 
0.004765 0.069778 0.770967 0.077243 0.077246 
0.114867 0.608783 0.033062 0.036182 0.207106 
0.017237 0.454659 0.153874 0.043762 0.330468 
0.000000 0.546665 0.261766 0.016198 0.175372 
0.003363 0.793921 0.184742 0.017674 0.000300 
0.107211 0.372826 0.510059 0.000857 0.009047 
0.143607 0.497703 0.250652 0.000008 0.108030 
0.010660 0.876459 0.056990 0.043282 0.012609 
0.774289 0.108322 0.000624 0.024510 0.092254 
0.648840 0.002237 0.202618 0.145515 0.000790 
0.920779 0.011145 0.040481 0.010334 0.017261 
0.678891 0.029558 0.049769 0.001625 0.240158 
0.805909 0.062800 0.000227 0.073020 0.058044 
0.574270 0.180336 0.163762 0.055160 0.026471 
0.574539 0.032413 0.070368 0.313734 0.008946 
0.680301 0.093023 0.188701 0.037882 0.000093 
0.003834 0.841243 0.000081 0.153833 0.001009 
0.678983 0.000002 0.106646 0.095887 0.118482 
0.653808 0.003307 0.023969 0.077324 0.241593 
0.017309 0.873755 0.005966 0.086054 0.016916 
0.116438 0.000192 0.338895 0.266212 0.278263 
0.083743 0.427066 0.153033 0.000705 0.335453 
0.001866 0.050118 0.649570 0.067953 0.230494 
0.001748 0.185505 0.374479 0.214574 0.223694 
0.183622 0.568636 0.096197 0.121293 0.030253 
0.054673 0.726939 0.000939 0.045851 0.171598 
0.009244 0.247561 0.668233 0.009318 0.065644 
0.021937 0.522915 0.441239 0.000449 0.013460 
0.004705 0.005228 0.775262 0.203051 0.011753 
0.329308 0.405736 0.110672 0.053784 0.100501 
0.009811 0.273935 0.421506 0.145719 0.149029 
0.003010 0.080852 0.768420 0.034556 0.113162 
0.031450 0.192546 0.719914 0.004843 0.051247 
0.019407 0.453627 0.341824 0.120972 0.064170 
0.265672 0.356503 0.273535 0.103698 0.000592 
0.272042 0.050856 0.491376 0.108666 0.077061 
0.247142 0.483970 0.015249 0.081236 0.172403 
0.456206 0.252344 0.021057 0.219468 0.050926 
0.153947 0.565756 0.232490 0.013245 0.034562 
0.000954 0.955212 0.003301 0.019458 0.021075 
0.044393 0.250499 0.596369 0.103745 0.004994 
0.029719 0.515252 0.411952 0.022373 0.020703 
0.116364 0.278844 0.581434 0.023225 0.000134 
0.119703 0.116781 0.648249 0.026343 0.088924 
0.450287 0.228862 0.115556 0.036665 0.168629 
0.013427 0.476246 0.065256 0.268988 0.176084 
0.182889 0.258704 0.033548 0.059323 0.465536 
0.179786 0.597214 0.028664 0.000825 0.193512 
0.374187 0.402087 0.144590 0.077516 0.001620 
0.406235 0.393722 0.012854 0.172640 0.014549 
0.603406 0.263100 0.001418 0.106726 0.025350 
0.695458 0.122946 0.000049 0.107560 0.073988 
0.571299 0.023788 0.023422 0.311688 0.069803 
0.413421 0.134659 0.101870 0.302167 0.047883 
0.224011 0.106909 0.030759 0.617176 0.021145 
0.157033 0.025126 0.002714 0.761364 0.053762 
0.387800 0.011061 0.047105 0.529914 0.024121 
0.007577 0.372435 0.111274 0.504861 0.003853 
0.345471 0.021096 0.001226 0.568516 0.063691 
0.479390 0.221946 0.176730 0.008944 0.112989 
0.276312 0.518738 0.024028 0.126902 0.054020 
0.031056 0.890310 0.007413 0.037789 0.033432 
0.734800 0.037285 0.079620 0.060809 0.087485 
0.000441 0.741602 0.172216 0.004813 0.080928 
0.018519 0.020352 0.779082 0.181683 0.000364 
0.035567 0.880461 0.046584 0.032835 0.004554 
0.106693 0.004030 0.754215 0.050045 0.085017 
0.191902 0.121088 0.572932 0.074776 0.039302 
0.406043 0.028621 0.564531 0.000085 0.000720 
0.419767 0.000159 0.410060 0.112424 0.057589 
0.234859 0.054104 0.259077 0.447540 0.004420 
0.276288 0.116190 0.593124 0.012761 0.001636 
0.059287 0.009554 0.458092 0.472978 0.000088 
0.002146 0.273620 0.257675 0.053271 0.413288 
0.029850 0.287742 0.296351 0.354669 0.031388 
0.162587 0.328055 0.367778 0.054581 0.086998 
0.015840 0.291231 0.542844 0.149288 0.000797 
0.361387 0.113461 0.392511 0.131655 0.000987 
0.014675 0.676877 0.000979 0.138754 0.168714 
0.021610 0.329799 0.307273 0.333409 0.007909 
0.075412 0.018050 0.708712 0.194972 0.002854 
0.135480 0.086981 0.514648 0.038470 0.224420 
0.169545 0.014858 0.272593 0.123235 0.419769 
0.032414 0.430849 0.344663 0.170712 0.021363 
0.124479 0.424946 0.329784 0.103337 0.017454 
0.029456 0.305246 0.232458 0.004064 0.428776 
0.054119 0.229884 0.362368 0.013257 0.340371 
0.601171 0.169957 0.007915 0.208806 0.012150 
0.754010 0.093477 0.103177 0.015904 0.033432 
0.599014 0.021654 0.284728 0.093207 0.001398 
0.666347 0.026603 0.136976 0.115479 0.054595 
0.620802 0.134487 0.041282 0.030759 0.172669 
0.197020 0.404626 0.380774 0.000064 0.017516 
0.058081 0.811806 0.062162 0.032937 0.035014 
0.052772 0.749705 0.020165 0.097516 0.079843 
0.091939 0.687242 0.067012 0.099579 0.054227 
0.015141 0.804221 0.172340 0.004049 0.004249 
0.892612 0.048066 0.011872 0.045422 0.002029 
0.587412 0.149370 0.000065 0.208889 0.054265 
0.442463 0.232472 0.313317 0.008483 0.003265 
0.225482 0.116833 0.569137 0.036219 0.052330 
0.409879 0.095257 0.356865 0.112443 0.025556 
0.246859 0.004094 0.272531 0.371916 0.104600 
0.243189 0.294839 0.235737 0.226184 0.000051 
0.032887 0.693989 0.153297 0.047337 0.072491 
0.094352 0.444746 0.315169 0.111162 0.034571 
0.226495 0.544890 0.227287 0.001311 0.000017 
0.155541 0.522187 0.156355 0.089175 0.076742 
0.740230 0.046765 0.086737 0.044941 0.081327 
0.731767 0.206018 0.039064 0.021840 0.001310 
0.929067 0.027933 0.005769 0.030828 0.006403 
0.719422 0.001508 0.013530 0.147447 0.118093 
0.322095 0.009863 0.654617 0.007279 0.006145 
0.083429 0.144601 0.700542 0.063749 0.007679 
0.075435 0.054216 0.750923 0.035731 0.083695 
0.286425 0.610346 0.076185 0.025092 0.001953 
0.602105 0.026602 0.308466 0.023997 0.038830 
0.387251 0.043046 0.189187 0.000798 0.379719 
0.051199 0.463812 0.207899 0.231293 0.045798 
0.007912 0.520508 0.099886 0.370359 0.001335 
0.438962 0.033572 0.015099 0.021052 0.491315 
0.421396 0.079714 0.045180 0.000911 0.452799 
0.565040 0.048196 0.109208 0.010911 0.266645 
0.000061 0.701767 0.018742 0.034114 0.245315 
0.136028 0.233740 0.401980 0.001231 0.227021 
0.046777 0.015060 0.232159 0.000340 0.705664 
0.215948 0.050570 0.168119 0.086429 0.478934 
0.032306 0.864105 0.014362 0.084951 0.004275 
0.008390 0.077450 0.699303 0.013059 0.201797 
0.107916 0.690179 0.000130 0.200914 0.000861 
0.283477 0.507265 0.027542 0.120666 0.061051 
0.931038 0.000616 0.003271 0.004101 0.060975 
0.546880 0.042933 0.188052 0.219482 0.002652 
0.482369 0.009437 0.000006 0.497751 0.010436 
0.005253 0.539416 0.155904 0.177435 0.121993 
0.171146 0.176420 0.255426 0.007395 0.389614 
0.075426 0.126064 0.351649 0.010225 0.436636 
0.009874 0.214839 0.542612 0.200559 0.032115 
0.044349 0.330168 0.435521 0.182026 0.007937 
0.126408 0.058413 0.210303 0.053882 0.550994 
0.234650 0.094279 0.146788 0.045182 0.479101 
0.253602 0.045567 0.082245 0.075483 0.543103 
0.099373 0.003894 0.096488 0.072489 0.727757 
0.129578 0.302138 0.517041 0.050792 0.000451 
0.156312 0.010156 0.160656 0.652185 0.020691 
0.321706 0.004452 0.140522 0.531500 0.001819 
0.000193 0.297538 0.278745 0.409110 0.014414 
0.729230 0.016754 0.124791 0.086506 0.042718 
0.047335 0.524297 0.036608 0.281451 0.110309 
0.043922 0.724498 0.002164 0.119750 0.109665 
0.000044 0.593185 0.084728 0.311663 0.010380 
0.063035 0.242613 0.546937 0.139492 0.007923 
0.001051 0.206540 0.575918 0.215153 0.001338 
0.047534 0.083172 0.746633 0.087977 0.034685 
0.138386 0.110056 0.701403 0.036131 0.014024 
0.016156 0.029101 0.882656 0.050033 0.022054 
0.012402 0.877602 0.065112 0.043493 0.001391 
0.000006 0.004092 0.658607 0.203134 0.134161 
0.002815 0.008855 0.740700 0.162205 0.085425 
0.201688 0.210324 0.031123 0.555303 0.001561 
0.056028 0.052857 0.888569 0.000274 0.002272 
0.016394 0.089010 0.232325 0.642110 0.020162 
0.000254 0.193278 0.404847 0.395038 0.006584 
0.421995 0.150729 0.000260 0.177045 0.249971 
0.003194 0.489674 0.083681 0.300862 0.122589 
0.013632 0.798436 0.075982 0.002182 0.109769 
0.404805 0.089368 0.156543 0.346120 0.003164 
0.355714 0.003585 0.378567 0.253277 0.008856 
0.179185 0.311398 0.334786 0.011162 0.163468 
0.295683 0.000930 0.114898 0.572949 0.015540 
0.560623 0.248203 0.032372 0.100877 0.057925 
0.312625 0.000322 0.376118 0.309914 0.001022 
0.018368 0.004855 0.577704 0.233694 0.165379 
0.059127 0.003182 0.895063 0.013723 0.028904 
0.117170 0.090419 0.497471 0.122562 0.172378 
0.022906 0.050676 0.289724 0.349179 0.287514 
0.009008 0.655424 0.000002 0.262134 0.073432 
0.666577 0.066931 0.001518 0.023035 0.241939 
0.944039 0.020687 0.030145 0.001529 0.003600 
0.000087 0.804286 0.190090 0.000407 0.005132 
0.096342 0.590505 0.092002 0.220855 0.000297 
0.109160 0.569918 0.201220 0.099618 0.020084 
0.237371 0.133953 0.604694 0.020271 0.003711 
0.000006 0.792395 0.117763 0.008584 0.081252 
0.113135 0.443375 0.404208 0.021716 0.017567 
0.714115 0.011117 0.038718 0.086177 0.149872 
0.399749 0.052147 0.093998 0.134332 0.319774 
0.224308 0.004835 0.369228 0.016953 0.384676 
0.336600 0.000654 0.293600 0.088398 0.280748 
0.788051 0.073176 0.039167 0.035867 0.063739 
0.319638 0.359700 0.007885 0.114950 0.197825 
0.282705 0.300666 0.004154 0.387047 0.025428 
0.444099 0.048926 0.336668 0.031960 0.138347 
0.000191 0.756734 0.225106 0.015634 0.002335 
0.072347 0.443740 0.468007 0.008092 0.007814 
0.216831 0.001774 0.437985 0.220122 0.123287 
0.106372 0.005386 0.610022 0.099852 0.178368 
0.446826 0.013615 0.051974 0.114824 0.372760 
0.275200 0.143987 0.000109 0.579857 0.000847 
0.000016 0.456048 0.240352 0.237799 0.065784 
0.261378 0.250952 0.324981 0.007429 0.155259 
0.077589 0.263188 0.567949 0.090846 0.000429 
0.001755 0.116522 0.718882 0.162831 0.000010 
0.162725 0.107629 0.035387 0.687418 0.006841 
0.097297 0.727880 0.089836 0.050311 0.034676 
0.088589 0.583442 0.086264 0.068341 0.173365 
0.538071 0.001046 0.165847 0.141309 0.153727 
0.282296 0.026735 0.289305 0.329411 0.072253 
0.164211 0.023774 0.224276 0.585573 0.002167 
0.095912 0.070939 0.096112 0.712123 0.024915 
0.001590 0.059716 0.000173 0.930312 0.008209 
0.051226 0.227950 0.698156 0.000416 0.022252 
0.169590 0.047182 0.484557 0.219811 0.078860 
0.090256 0.031739 0.840444 0.037554 0.000006 
0.864026 0.002728 0.019995 0.051417 0.061835 
0.846027 0.102988 0.000936 0.049226 0.000823 
0.651058 0.009002 0.195525 0.025647 0.118769 
0.319814 0.085684 0.072051 0.485828 0.036623 
0.822453 0.071012 0.003233 0.025001 0.078301 
0.054751 0.384808 0.363047 0.190509 0.006885 
0.049474 0.302149 0.612203 0.002354 0.033820 
0.188371 0.432081 0.193891 0.002402 0.183255 
0.794371 0.091756 0.078224 0.006195 0.029453 
0.719285 0.114087 0.120387 0.015628 0.030613 
0.292428 0.017026 0.008473 0.594114 0.087958 
0.375555 0.000539 0.408094 0.214166 0.001646 
0.082302 0.219161 0.660149 0.021045 0.017344 
0.483949 0.333569 0.024253 0.038230 0.119999 
0.220186 0.196867 0.189921 0.116309 0.276717 
0.866402 0.000170 0.062246 0.068441 0.002740 
0.370906 0.304021 0.283314 0.035968 0.005791 
0.008146 0.902104 0.023578 0.050081 0.016091 
0.286836 0.365167 0.000106 0.344842 0.003049 
0.026185 0.094330 0.783238 0.062645 0.033601 
0.122547 0.435499 0.051829 0.386661 0.003464 
0.373355 0.381571 0.089447 0.151725 0.003902 
0.372191 0.130516 0.163007 0.008658 0.325629 
0.489441 0.001914 0.156747 0.271332 0.080565 
0.281198 0.038789 0.033526 0.643135 0.003353 
0.729701 0.003538 0.000019 0.263081 0.003662 
0.805191 0.091633 0.035430 0.056333 0.011412 
0.909722 0.016914 0.007830 0.038695 0.026840 
0.005082 0.578535 0.097877 0.073331 0.245175 
0.089008 0.345125 0.341654 0.224032 0.000181 
0.641429 0.067772 0.047182 0.127319 0.116299 
0.581279 0.003129 0.191297 0.217867 0.006429 
0.410600 0.067681 0.398613 0.122538 0.000569 
0.555219 0.014216 0.004803 0.182388 0.243373 
0.001027 0.545896 0.438555 0.008654 0.005869 
0.379709 0.469111 0.004548 0.028520 0.118111 
0.102791 0.779995 0.110140 0.007050 0.000024 
0.204027 0.548994 0.016027 0.153732 0.077219 
0.083893 0.805994 0.028535 0.061601 0.019976 
0.067180 0.439118 0.077467 0.346008 0.070227 
0.266939 0.318034 0.032633 0.008870 0.373524 
0.113458 0.003037 0.834513 0.018367 0.030625 
0.006533 0.325085 0.266043 0.400766 0.001572 
0.020798 0.277467 0.519529 0.095599 0.086608 
0.018188 0.833373 0.039587 0.104083 0.004770 
0.048959 0.511575 0.311683 0.000377 0.127406 
0.831916 0.014509 0.047499 0.090244 0.015833 
0.682419 0.053656 0.095629 0.161712 0.006584 
0.037247 0.512309 0.018388 0.092497 0.339558 
0.101391 0.583715 0.102955 0.209350 0.002590 
0.381129 0.131588 0.190242 0.212716 0.084325 
0.170330 0.005124 0.532951 0.001193 0.290401 
0.010186 0.361705 0.112579 0.438425 0.077105 
0.904131 0.039690 0.003075 0.008841 0.044263 
0.333615 0.141037 0.181424 0.037787 0.306137 
0.677660 0.028096 0.001312 0.138432 0.154500 
0.387474 0.044747 0.000264 0.351918 0.215598 
0.542078 0.130768 0.003900 0.310374 0.012880 
0.806329 0.026629 0.041534 0.097249 0.028258 
0.277909 0.002002 0.044749 0.242386 0.432955 
0.308554 0.007122 0.002599 0.547158 0.134567 
0.000478 0.532917 0.119050 0.203296 0.144260 
0.515512 0.049729 0.014963 0.089066 0.330730 
0.125659 0.309019 0.411744 0.043281 0.110297 
0.023246 0.362969 0.288456 0.014721 0.310608 
0.058029 0.079771 0.330196 0.510711 0.021293 
0.072751 0.079709 0.813532 0.000288 0.033720 
0.212542 0.525093 0.168331 0.081788 0.012246 
0.035939 0.444404 0.076721 0.295045 0.147891 
0.000937 0.598793 0.147618 0.243638 0.009014 
0.000237 0.444519 0.486000 0.069117 0.000128 
0.170278 0.424652 0.025955 0.177475 0.201640 
0.053402 0.205258 0.260429 0.093691 0.387220 
0.434569 0.048038 0.007504 0.042961 0.466928 
0.043216 0.023092 0.864697 0.002273 0.066722 
0.125486 0.359066 0.002634 0.136636 0.376177 
0.004489 0.947454 0.003356 0.002706 0.041995 
0.524513 0.201960 0.028663 0.102523 0.142342 
0.399594 0.020830 0.155268 0.003771 0.420538 
0.002392 0.530897 0.006485 0.087542 0.372684 
0.248478 0.560896 0.072541 0.096607 0.021478 
0.035915 0.895258 0.022624 0.002854 0.043349 
0.027520 0.341137 0.267745 0.020740 0.342859 
0.000733 0.148936 0.640954 0.058738 0.150639 
0.044733 0.319417 0.603430 0.023318 0.009102 
0.624351 0.295871 0.012564 0.003929 0.063285 
0.018564 0.486234 0.189844 0.066961 0.238397 
0.220201 0.123532 0.497704 0.072835 0.085728 
0.313697 0.090176 0.299998 0.000027 0.296102 
0.741650 0.051865 0.071259 0.135202 0.000024 
0.539079 0.235357 0.000091 0.193698 0.031775 
0.001028 0.415824 0.093700 0.068837 0.420612 
0.009346 0.455843 0.010807 0.058145 0.465859 
0.196236 0.568692 0.187056 0.004604 0.043411 
0.033891 0.651658 0.252596 0.011251 0.050604 
0.266943 0.036555 0.070613 0.625173 0.000715 
0.000084 0.060317 0.665227 0.000053 0.274319 
0.070294 0.007193 0.604589 0.074943 0.242981 
0.033113 0.873912 0.065431 0.018132 0.009411 
0.127521 0.514755 0.301255 0.010680 0.045788 
0.356140 0.259386 0.266213 0.096366 0.021894 
0.100182 0.000123 0.677953 0.080140 0.141602 
0.095035 0.094162 0.723482 0.082619 0.004702 
0.444814 0.158279 0.184637 0.209454 0.002816 
0.457981 0.042220 0.000170 0.456551 0.043078 
0.079246 0.508551 0.153890 0.206829 0.051484 
0.077717 0.540894 0.008570 0.000218 0.372602 
0.002286 0.270266 0.003173 0.001884 0.722390 
0.100237 0.227299 0.663734 0.001612 0.007117 
0.004044 0.366233 0.584382 0.001151 0.044189 
0.001914 0.571001 0.037217 0.377513 0.012354 
0.046970 0.546098 0.000959 0.315053 0.090921 
0.060386 0.477664 0.237562 0.103836 0.120551 
0.005858 0.592323 0.211914 0.088250 0.101654 
0.014947 0.145797 0.441339 0.083236 0.314681 
0.005134 0.881401 0.019440 0.022281 0.071744 
0.203267 0.544075 0.141060 0.064148 0.047451 
0.034591 0.720729 0.126544 0.033538 0.084598 
0.336473 0.344977 0.178077 0.009009 0.131464 
0.004361 0.376402 0.144229 0.017147 0.457861 
0.192699 0.433298 0.026152 0.286890 0.060962 
0.034555 0.897400 0.039617 0.023667 0.004761 
0.405777 0.047166 0.202410 0.337314 0.007334 
0.370679 0.000323 0.543630 0.002394 0.082974 
0.056589 0.502246 0.107625 0.278409 0.055130 
0.004512 0.481040 0.435948 0.058509 0.019992 
0.010986 0.718192 0.082409 0.144766 0.043647 
0.000062 0.005672 0.001327 0.574375 0.418563 
0.145045 0.371951 0.000511 0.406636 0.075857 
0.005291 0.092928 0.166689 0.586179 0.148913 
0.018727 0.252322 0.633876 0.063969 0.031107 
0.070718 0.511310 0.210023 0.207507 0.000442 
0.252452 0.681958 0.000747 0.030825 0.034017 
0.034012 0.130057 0.692584 0.143076 0.000271 
0.065726 0.236285 0.067146 0.628083 0.002760 
0.135582 0.184332 0.028290 0.648612 0.003184 
0.137092 0.057220 0.314039 0.095477 0.396173 
0.000776 0.904450 0.025859 0.003909 0.065006 
0.208669 0.017304 0.544175 0.143653 0.086198 
0.073690 0.082174 0.384100 0.429227 0.030808 
0.185933 0.519320 0.281305 0.011351 0.002091 
0.090443 0.000017 0.060163 0.047298 0.802079 
0.000021 0.096706 0.759555 0.000155 0.143562 
0.170461 0.722706 0.018642 0.013744 0.074447 
0.434257 0.013280 0.453873 0.097318 0.001271 
0.000879 0.157661 0.256792 0.582429 0.002238 
0.018066 0.951603 0.000325 0.029472 0.000534 
0.073604 0.118713 0.804763 0.000803 0.002117 
0.332856 0.005600 0.150443 0.111301 0.399800 
0.021226 0.015350 0.807530 0.027908 0.127987 
0.017895 0.174547 0.050754 0.709104 0.047701 
0.164003 0.421442 0.044563 0.011127 0.358865 
0.444621 0.051221 0.183150 0.179110 0.141898 
0.117528 0.196930 0.190121 0.022216 0.473204 
0.327803 0.001501 0.058610 0.410144 0.201942 
0.013282 0.105171 0.810293 0.021983 0.049271 
0.015991 0.001026 0.722515 0.005330 0.255138 
0.001864 0.480900 0.291501 0.133835 0.091901 
0.021427 0.003557 0.756053 0.217711 0.001253 
0.003484 0.069361 0.831316 0.000747 0.095093 
0.179644 0.384098 0.014351 0.414479 0.007428 
0.074363 0.208000 0.238613 0.450809 0.028214 
0.034533 0.182476 0.601401 0.176167 0.005423 
0.840900 0.038897 0.104504 0.002042 0.013657 
0.029690 0.366974 0.130606 0.095980 0.376750 
0.408861 0.349936 0.004529 0.225119 0.011556 
0.705458 0.204987 0.014583 0.072150 0.002822 
0.333758 0.413456 0.245016 0.001994 0.005777 
0.159464 0.713292 0.036231 0.019433 0.071581 
0.029389 0.724139 0.049440 0.106347 0.090685 
0.000046 0.464773 0.062114 0.449995 0.023074 
0.309897 0.583539 0.000100 0.086960 0.019504 
0.093469 0.559684 0.002346 0.316732 0.027769 
0.280882 0.199848 0.465628 0.039822 0.013820 
0.000047 0.521820 0.202675 0.118175 0.157283 
0.000986 0.026051 0.907677 0.065189 0.000097 
0.004578 0.574096 0.131691 0.078354 0.211281 
0.008014 0.002369 0.425827 0.379793 0.183997 
0.198755 0.348674 0.003275 0.448940 0.000356 
0.058136 0.134136 0.587267 0.091841 0.128621 
0.034187 0.503951 0.061393 0.382570 0.017898 
0.783951 0.093609 0.100264 0.011529 0.010648 
0.057774 0.762447 0.001959 0.003546 0.174273 
0.342982 0.241813 0.107573 0.114928 0.192704 
0.111403 0.526629 0.253690 0.002769 0.105508 
0.141341 0.410226 0.028604 0.000137 0.419691 
0.103944 0.649497 0.008368 0.117266 0.120925 
0.033493 0.579946 0.061305 0.181071 0.144185 
0.017758 0.225269 0.224614 0.529829 0.002530 
0.006566 0.696939 0.051242 0.244664 0.000589 
0.477215 0.248025 0.198957 0.027130 0.048672 
0.094678 0.440687 0.031688 0.207443 0.225505 
0.018432 0.354536 0.093641 0.034775 0.498615 
0.001986 0.477397 0.002184 0.043215 0.475217 
0.107120 0.261123 0.002503 0.527548 0.101708 
0.043943 0.001950 0.079661 0.817389 0.057057 
0.122770 0.152201 0.091590 0.608447 0.024992 
0.098574 0.000394 0.675653 0.147441 0.077938 
0.020871 0.413365 0.555035 0.000093 0.010635 
0.325166 0.005229 0.265739 0.382563 0.021303 
0.002216 0.064321 0.772183 0.024042 0.137237 
0.139299 0.025474 0.566460 0.221604 0.047163 
0.022018 0.218215 0.021227 0.708259 0.030281 
0.178899 0.248341 0.265819 0.012884 0.294058 
0.006596 0.506581 0.066580 0.002517 0.417726 
0.057003 0.406224 0.026440 0.000525 0.509809 
0.020118 0.104139 0.303381 0.336455 0.235907 
0.133515 0.110158 0.003682 0.021007 0.731637 
0.031049 0.119159 0.086026 0.716199 0.047567 
0.000966 0.404891 0.052346 0.390271 0.151526 
0.004672 0.123702 0.594752 0.264593 0.012281 
0.022219 0.338732 0.481953 0.091637 0.065459 
0.439815 0.035303 0.258988 0.265028 0.000865 
0.247422 0.000089 0.573355 0.152956 0.026178 
0.010958 0.044103 0.768655 0.176216 0.000067 
0.342185 0.082967 0.028857 0.066834 0.479156 
0.005572 0.540832 0.027382 0.015054 0.411159 
0.111309 0.005491 0.847922 0.024227 0.011051 
0.105805 0.158317 0.628581 0.006195 0.101102 
0.039228 0.092875 0.725066 0.027726 0.115105 
0.031161 0.124244 0.003986 0.793877 0.046732 
0.217115 0.094837 0.134411 0.470197 0.083439 
0.256301 0.010323 0.502256 0.176551 0.054570 
0.098812 0.013363 0.592705 0.162718 0.132402 
0.013536 0.000647 0.914312 0.031117 0.040388 
0.020118 0.091815 0.581459 0.092807 0.213801 
0.073489 0.196173 0.211366 0.457344 0.061628 
0.264623 0.132721 0.045904 0.000550 0.556202 
0.213256 0.000872 0.083337 0.450092 0.252443 
0.624844 0.001208 0.140839 0.225388 0.007722 
0.278190 0.127099 0.340737 0.100346 0.153628 
0.065965 0.002192 0.269699 0.657023 0.005121 
0.039257 0.006688 0.503540 0.196566 0.253949 
0.005085 0.019677 0.453299 0.423471 0.098468 
0.004411 0.347350 0.019338 0.050846 0.578055 
0.027077 0.712521 0.042090 0.026512 0.191800 
0.031586 0.152725 0.198862 0.095833 0.520993 
0.000002 0.190271 0.443400 0.244940 0.121387 
0.010210 0.643512 0.344224 0.000146 0.001908 
0.074851 0.769294 0.012534 0.018200 0.125121 
0.225349 0.500083 0.184762 0.059657 0.030149 
0.048024 0.000020 0.203187 0.549028 0.199741 
0.004171 0.734573 0.090227 0.055584 0.115445 
0.494355 0.007256 0.000848 0.028521 0.469021 
0.505584 0.136425 0.068076 0.283578 0.006337 
0.007507 0.731162 0.001135 0.240711 0.019485 
0.005875 0.574313 0.190147 0.194356 0.035309 
0.000128 0.436754 0.020300 0.402214 0.140603 
0.078404 0.018881 0.695258 0.104741 0.102716 
0.001851 0.093637 0.825256 0.076467 0.002788 
0.011361 0.055641 0.627367 0.151090 0.154541 
0.008283 0.004284 0.523880 0.090598 0.372955 
0.064651 0.003304 0.003889 0.335047 0.593109 
0.005882 0.221831 0.237748 0.185732 0.348808 
0.078370 0.814846 0.004731 0.079220 0.022832 
0.008574 0.030361 0.627401 0.059122 0.274541 
0.014863 0.008285 0.627930 0.271189 0.077733 
0.006097 0.776167 0.067333 0.122487 0.027916 
0.475372 0.473760 0.000039 0.002540 0.048288 
0.131206 0.019162 0.609278 0.109767 0.130587 
0.132341 0.097109 0.659498 0.053448 0.057605 
0.000746 0.469520 0.008215 0.485574 0.035945 
0.050863 0.119810 0.723093 0.005266 0.100968 
0.021671 0.581625 0.000192 0.061261 0.335251 
0.273526 0.037703 0.428824 0.152615 0.107332 
0.026503 0.450462 0.427648 0.080041 0.015346 
0.663155 0.080566 0.182988 0.064978 0.008313 
0.290770 0.324422 0.166433 0.210048 0.008328 
0.074378 0.101811 0.519748 0.299537 0.004525 
0.035433 0.259755 0.687573 0.010343 0.006897 
0.427160 0.174594 0.026027 0.304817 0.067403 
0.145869 0.772374 0.015194 0.004779 0.061784 
0.045537 0.834519 0.061381 0.035563 0.023001 
0.077323 0.615231 0.017164 0.162098 0.128184 
0.018498 0.454190 0.414336 0.087231 0.025745 
0.253109 0.007474 0.468336 0.270559 0.000523 
0.029032 0.364498 0.000743 0.343079 0.262648 
0.087392 0.083427 0.698590 0.001770 0.128822 
0.020167 0.072677 0.217888 0.639927 0.049341 
0.189232 0.371830 0.056570 0.235001 0.147367 
0.000379 0.783483 0.099234 0.046214 0.070691 
0.794794 0.007803 0.173802 0.020498 0.003102 
0.250255 0.101148 0.410940 0.015563 0.222094 
0.014352 0.718963 0.200797 0.020700 0.045188 
0.062294 0.001256 0.240856 0.606475 0.089119 
0.004559 0.036635 0.533689 0.300462 0.124656 
0.204052 0.374411 0.226243 0.185785 0.009509 
0.033123 0.009475 0.037496 0.884941 0.034966 
0.021762 0.505610 0.133262 0.297539 0.041828 
0.090342 0.410071 0.000355 0.016178 0.483054 
0.555885 0.003168 0.067890 0.365183 0.007874 
0.287198 0.088444 0.015131 0.583580 0.025647 
0.312976 0.093546 0.339823 0.143808 0.109846 
0.529716 0.360547 0.108963 0.000061 0.000713 
0.339586 0.462643 0.143070 0.050434 0.004267 
0.159090 0.119186 0.509012 0.048593 0.164119 
0.094377 0.278172 0.497096 0.105523 0.024832 
0.002341 0.037756 0.789423 0.145965 0.024514 
0.033690 0.015077 0.006487 0.790058 0.154688 
0.214028 0.299563 0.331516 0.118812 0.036081 
0.233797 0.006685 0.505116 0.057168 0.197234 
0.000533 0.127894 0.653692 0.115122 0.102759 
0.063185 0.495005 0.359159 0.073357 0.009294 
0.422159 0.045492 0.287987 0.004193 0.240168 
0.288704 0.164382 0.099050 0.000900 0.446963 
0.006220 0.018295 0.332865 0.381859 0.260761 
0.031193 0.453287 0.000086 0.231654 0.283780 
0.006633 0.001414 0.185231 0.747815 0.058907 
0.079684 0.035929 0.088044 0.747215 0.049128 
0.037734 0.032351 0.873992 0.041109 0.014814 
0.109324 0.052998 0.145348 0.428309 0.264022 
0.112176 0.175967 0.137791 0.115593 0.458473 
0.004054 0.155589 0.007887 0.469655 0.362816 
0.033259 0.006813 0.474402 0.356591 0.128935 
0.425530 0.343073 0.076670 0.151755 0.002972 
0.135140 0.070960 0.339003 0.454870 0.000028 
0.199251 0.708732 0.068892 0.008693 0.014432 
0.029200 0.494943 0.228538 0.006440 0.240879 
0.142207 0.272234 0.011367 0.158359 0.415833 
0.096850 0.033631 0.033173 0.710454 0.125893 
0.026537 0.159848 0.053054 0.422178 0.338383 
0.173856 0.024568 0.185782 0.576820 0.038974 
0.268810 0.496306 0.071833 0.015193 0.147857 
0.000000 0.059517 0.263196 0.672726 0.004560 
0.047355 0.014384 0.398144 0.389386 0.150732 
0.204157 0.274325 0.285398 0.004401 0.231718 
0.130525 0.242678 0.542345 0.049312 0.035140 
0.362787 0.012485 0.119036 0.489868 0.015824 
0.155196 0.035077 0.333654 0.446690 0.029383 
0.080148 0.094070 0.007855 0.067815 0.750113 
0.106650 0.053458 0.053552 0.000123 0.786217 
0.435515 0.008146 0.000158 0.542080 0.014101 
0.383234 0.015772 0.000815 0.594001 0.006179 
0.506666 0.069929 0.311333 0.093320 0.018752 
0.551583 0.050458 0.254298 0.105637 0.038025 
0.220719 0.129575 0.462515 0.147741 0.039451 
0.006420 0.120990 0.034741 0.115425 0.722424 
0.199394 0.070056 0.074094 0.257795 0.398662 
0.026884 0.184571 0.190129 0.038228 0.560188 
0.065167 0.038266 0.059420 0.775284 0.061864 
0.024651 0.003661 0.434867 0.429521 0.107300 
0.019826 0.032955 0.383430 0.189515 0.374274 
0.016018 0.146878 0.094620 0.382615 0.359870 
0.000373 0.571943 0.011368 0.171337 0.244980 
0.050454 0.055928 0.200500 0.318752 0.374366 
0.000052 0.147178 0.011169 0.648618 0.192983 
0.042199 0.022452 0.396284 0.071882 0.467183 
0.078375 0.016755 0.122388 0.117604 0.664878 
0.176503 0.286978 0.036622 0.000984 0.498912 
0.001172 0.561116 0.271563 0.082699 0.083450 
0.141566 0.523985 0.035786 0.298085 0.000579 
0.014594 0.333279 0.118460 0.080264 0.453403 
0.172746 0.005729 0.169562 0.009923 0.642040 
0.001225 0.028461 0.035774 0.100577 0.833963 
0.190947 0.002067 0.167409 0.028328 0.611250 
0.612060 0.026539 0.115408 0.245593 0.000399 
0.003573 0.528905 0.016022 0.407477 0.044022 
0.018403 0.481146 0.014884 0.479732 0.005835 
0.179453 0.369821 0.238728 0.027019 0.184980 
0.233323 0.183075 0.265302 0.008766 0.309533 
0.047993 0.088099 0.497454 0.053925 0.312529 
0.027675 0.255866 0.286856 0.249384 0.180219 
0.005068 0.501865 0.134271 0.313425 0.045371 
0.091420 0.752070 0.069258 0.054947 0.032306 
0.633015 0.024604 0.272702 0.039649 0.030030 
0.046729 0.854479 0.004452 0.041071 0.053269 
0.108663 0.051033 0.083100 0.747443 0.009761 
0.054271 0.022008 0.867654 0.010161 0.045905 
0.061685 0.033003 0.852177 0.031676 0.021460 
0.012728 0.254250 0.715584 0.000200 0.017238 
0.027159 0.143740 0.006773 0.326702 0.495626 
0.098022 0.243147 0.091697 0.116325 0.450809 
0.040907 0.154009 0.380006 0.390083 0.034995 
0.231824 0.140926 0.121274 0.431542 0.074434 
0.615505 0.198251 0.145807 0.023401 0.017035 
0.027334 0.844507 0.003025 0.042361 0.082774 
0.837334 0.034937 0.039932 0.000005 0.087792 
0.578147 0.029453 0.253666 0.077232 0.061502 
0.491251 0.001154 0.000012 0.498904 0.008679 
0.056429 0.319895 0.093860 0.003385 0.526432 
0.030763 0.000044 0.427878 0.016963 0.524352 
0.630019 0.122792 0.195828 0.048690 0.002671 
0.000825 0.431076 0.411696 0.155274 0.001129 
0.007370 0.111032 0.500946 0.100341 0.280312 
0.241677 0.244246 0.009490 0.484946 0.019642 
0.101103 0.219095 0.017924 0.661874 0.000004 
0.032880 0.403556 0.197172 0.000235 0.366157 
0.022694 0.005277 0.206087 0.720912 0.045031 
0.405847 0.492972 0.000200 0.092680 0.008300 
0.269847 0.014892 0.100653 0.529562 0.085046 
0.164231 0.045221 0.164080 0.487312 0.139155 
0.280686 0.027359 0.006991 0.683442 0.001523 
0.135782 0.666342 0.023152 0.114505 0.060219 
0.259886 0.405617 0.015634 0.318023 0.000840 
0.408023 0.313334 0.007564 0.193430 0.077649 
0.218785 0.504981 0.058102 0.206014 0.012118 
0.101477 0.015934 0.870200 0.010345 0.002044 
0.273199 0.000511 0.220502 0.284889 0.220899 
0.194006 0.002085 0.004241 0.551678 0.247990 
0.020206 0.709256 0.099745 0.003503 0.167290 
0.099690 0.653958 0.191400 0.005457 0.049495 
0.023936 0.574033 0.314891 0.050751 0.036389 
0.007003 0.363517 0.178324 0.221134 0.230023 
0.289460 0.515010 0.145703 0.003738 0.046090 
0.023644 0.240186 0.001164 0.720414 0.014592 
0.045756 0.642474 0.245579 0.036646 0.029545 
0.000128 0.367681 0.007314 0.093210 0.531667 
0.003851 0.562875 0.012007 0.120252 0.301015 
0.087565 0.032103 0.258723 0.378349 0.243259 
0.041737 0.095110 0.177274 0.410652 0.275229 
0.187691 0.588879 0.048281 0.032187 0.142962 
0.327832 0.007419 0.575339 0.035661 0.053749 
0.058536 0.823416 0.105548 0.011404 0.001095 
0.009143 0.819344 0.038619 0.098316 0.034578 
0.308458 0.039038 0.192530 0.430767 0.029207 
0.451764 0.039106 0.303058 0.150904 0.055169 
0.013952 0.742687 0.062643 0.071524 0.109194 
0.097725 0.673027 0.221598 0.007563 0.000087 
0.025772 0.631340 0.319508 0.005100 0.018280 
0.067137 0.477255 0.207371 0.165711 0.082527 
0.042489 0.022202 0.007295 0.835213 0.092802 
0.245079 0.123126 0.557701 0.034431 0.039664 
0.006131 0.417332 0.012340 0.237595 0.326602 
0.003305 0.090131 0.495914 0.229542 0.181107 
0.017849 0.307122 0.000030 0.654871 0.020128 
0.225269 0.019418 0.589425 0.159182 0.006706 
0.052055 0.043037 0.873655 0.029904 0.001349 
0.052856 0.042124 0.225854 0.614395 0.064771 
0.000197 0.197602 0.140446 0.069435 0.592319 
0.288310 0.060442 0.019606 0.614842 0.016799 
0.306964 0.004440 0.642055 0.000513 0.046028 
0.007219 0.349896 0.058293 0.544109 0.040484 
0.071190 0.003285 0.054205 0.853098 0.018223 
0.031513 0.033783 0.189002 0.029257 0.716444 
0.005124 0.016617 0.242226 0.678701 0.057331 
0.039332 0.094768 0.097623 0.602807 0.165471 
0.296586 0.222605 0.134506 0.027573 0.318730 
0.231115 0.080259 0.151511 0.531823 0.005291 
0.122092 0.363378 0.266638 0.123373 0.124519 
0.641951 0.100304 0.032314 0.140271 0.085161 
0.830855 0.136772 0.005904 0.025120 0.001349 
0.542590 0.344511 0.025458 0.084161 0.003280 
0.159032 0.074668 0.263483 0.347133 0.155684 
0.122332 0.127563 0.389358 0.357243 0.003504 
0.253425 0.084059 0.440379 0.217454 0.004683 
0.381542 0.001372 0.051982 0.518999 0.046104 
0.401846 0.000216 0.044376 0.512669 0.040893 
0.002491 0.314526 0.168150 0.046542 0.468291 
0.000067 0.171816 0.415321 0.387095 0.025701 
0.224425 0.078940 0.047256 0.646235 0.003144 
0.344106 0.208937 0.096883 0.348482 0.001592 
0.451598 0.075624 0.211066 0.056580 0.205132 
0.254194 0.037719 0.520370 0.139495 0.048223 
0.283122 0.337841 0.371753 0.005133 0.002150 
0.004651 0.472728 0.274225 0.115704 0.132691 
0.309789 0.013891 0.201149 0.149404 0.325767 
0.121983 0.016317 0.397799 0.322383 0.141518 
0.027400 0.008876 0.843280 0.092301 0.028143 
0.095107 0.610438 0.002489 0.075784 0.216181 
0.007395 0.191222 0.432016 0.021951 0.347416 
0.108123 0.051090 0.692225 0.049911 0.098651 
0.222268 0.137977 0.513246 0.015459 0.111049 
0.037787 0.286266 0.011477 0.351207 0.313263 
0.012109 0.579013 0.030868 0.218214 0.159797 
0.365960 0.251250 0.322685 0.021372 0.038733 
0.012622 0.725641 0.058183 0.085445 0.118109 
0.009114 0.120127 0.461798 0.331617 0.077344 
0.000129 0.296252 0.213995 0.396941 0.092682 
0.345280 0.059262 0.283523 0.031399 0.280536 
0.041100 0.413808 0.292868 0.221611 0.030612 
0.097777 0.705364 0.085358 0.055925 0.055577 
0.181438 0.528912 0.101346 0.011296 0.177008 
0.013507 0.079287 0.294080 0.158850 0.454276 
0.052829 0.195258 0.744182 0.003277 0.004453 
0.181239 0.373923 0.371124 0.000017 0.073696 
0.313663 0.049591 0.148547 0.445505 0.042693 
0.205841 0.469803 0.289261 0.030965 0.004129 
0.040202 0.755196 0.129985 0.029151 0.045465 
0.396294 0.463008 0.097174 0.016914 0.026611 
0.262203 0.530483 0.035671 0.165337 0.006306 
0.947933 0.007896 0.003282 0.007926 0.032963 
0.046933 0.593349 0.209030 0.124416 0.026272 
0.207204 0.526369 0.244905 0.008662 0.012860 
0.116840 0.005307 0.733747 0.079571 0.064535 
0.076994 0.020399 0.000011 0.108110 0.794486 
0.031166 0.000251 0.071347 0.876993 0.020244 
0.138066 0.000786 0.322560 0.431350 0.107237 
0.469559 0.051247 0.177769 0.298915 0.002509 
0.389283 0.408359 0.194429 0.000026 0.007904 
0.000000 0.001377 0.369877 0.346194 0.282552 
0.007554 0.003686 0.884668 0.000921 0.103171 
0.918703 0.000905 0.012211 0.002339 0.065841 
0.001607 0.610752 0.115704 0.271406 0.000531 
0.121915 0.037086 0.059477 0.454255 0.327266 
0.200449 0.126173 0.012443 0.177003 0.483932 
0.418642 0.267613 0.047024 0.024692 0.242030 
0.861198 0.091813 0.022545 0.008786 0.015658 
0.010958 0.775415 0.094528 0.106949 0.012151 
0.228639 0.490161 0.021125 0.026992 0.233083 
0.202626 0.594542 0.008812 0.131456 0.062564 
0.016675 0.009993 0.954840 0.016641 0.001852 
0.005874 0.230408 0.478200 0.216830 0.068688 
0.055731 0.098929 0.460388 0.090531 0.294420 
0.386554 0.000310 0.291049 0.004494 0.317593 
0.558092 0.189290 0.008038 0.100471 0.144109 
0.710635 0.111958 0.006667 0.116091 0.054649 
0.809124 0.000466 0.064434 0.010469 0.115506 
0.691814 0.002683 0.008522 0.040774 0.256207 
0.041083 0.158991 0.205011 0.001046 0.593868 
0.299170 0.048030 0.036105 0.604615 0.012080 
0.460513 0.091472 0.022696 0.399429 0.025891 
0.008765 0.316137 0.001543 0.254950 0.418605 
0.026326 0.204331 0.008792 0.226477 0.534074 
0.149457 0.003359 0.040140 0.562076 0.244969 
0.171301 0.207814 0.038002 0.582009 0.000874 
0.121139 0.148215 0.171490 0.558301 0.000855 
0.050625 0.053702 0.651699 0.181060 0.062914 
0.076952 0.172400 0.368347 0.277854 0.104446 
0.231832 0.107009 0.191854 0.003869 0.465437 
0.208395 0.407772 0.234872 0.141356 0.007604 
0.490634 0.181851 0.078971 0.018208 0.230335 
0.254257 0.008848 0.089199 0.458885 0.188812 
0.264154 0.011528 0.089414 0.492749 0.142155 
0.000801 0.235469 0.077568 0.567565 0.118598 
0.013670 0.297061 0.124987 0.422407 0.141876 
0.024970 0.368824 0.049691 0.335514 0.221000 
0.019571 0.291219 0.039059 0.438374 0.211777 
0.037965 0.222081 0.141081 0.201105 0.397768 
0.134102 0.201492 0.026838 0.050942 0.586626 
0.104387 0.362512 0.028380 0.504591 0.000129 
0.029705 0.292670 0.164160 0.508817 0.004647 
0.002843 0.188406 0.080662 0.719127 0.008962 
0.003629 0.077307 0.000759 0.918095 0.000210 
0.059324 0.056683 0.038606 0.029182 0.816205 
0.172669 0.067826 0.167840 0.056203 0.535463 
0.294993 0.002564 0.267330 0.006535 0.428577 
0.110226 0.000016 0.525096 0.198424 0.166238 
0.003423 0.509200 0.031157 0.007337 0.448884 
0.140922 0.072932 0.101584 0.087775 0.596788 
0.092497 0.326250 0.216247 0.324301 0.040705 
0.606664 0.278055 0.004906 0.087649 0.022725 
0.409401 0.066579 0.081875 0.439329 0.002816 
0.002752 0.377924 0.473531 0.144191 0.001603 
0.014834 0.150421 0.759222 0.075248 0.000275 
0.105287 0.013443 0.345672 0.458190 0.077407 
0.051497 0.049618 0.194108 0.566871 0.137905 
0.154281 0.437923 0.398465 0.002482 0.006849 
0.005489 0.014353 0.806599 0.164656 0.008903 
0.005529 0.004361 0.880617 0.073474 0.036019 
0.002123 0.584926 0.333501 0.007210 0.072241 
0.114966 0.695562 0.169318 0.006656 0.013497 
0.029945 0.003815 0.087050 0.872356 0.006834 
0.046431 0.255229 0.265204 0.390243 0.042893 
0.001633 0.277398 0.510374 0.118434 0.092161 
0.090864 0.594452 0.067759 0.222472 0.024453 
0.239151 0.261657 0.361380 0.009671 0.128141 
0.000587 0.422401 0.389087 0.159737 0.028187 
0.004134 0.197587 0.496637 0.019448 0.282194 
0.075561 0.281392 0.621901 0.009624 0.011522 
0.000073 0.069384 0.059756 0.756906 0.113880 
0.017507 0.128545 0.016487 0.764770 0.072692 
0.079689 0.323200 0.097845 0.489014 0.010252 
0.014913 0.175332 0.217359 0.573483 0.018914 
0.617572 0.117060 0.002909 0.002412 0.260048 
0.639474 0.050575 0.249071 0.008407 0.052473 
0.309818 0.101929 0.471223 0.049169 0.067861 
0.483187 0.185358 0.015573 0.052368 0.263514 
0.276357 0.009357 0.119896 0.444199 0.150191 
0.551315 0.018573 0.332504 0.097479 0.000130 
0.075859 0.004469 0.684188 0.032930 0.202554 
0.000386 0.028042 0.356890 0.156514 0.458168 
0.026815 0.131204 0.402850 0.049729 0.389402 
0.210921 0.076556 0.588506 0.005838 0.118180 
0.143366 0.056669 0.027225 0.184953 0.587786 
0.138159 0.026671 0.414675 0.417270 0.003225 
0.012318 0.103881 0.223591 0.635976 0.024234 
0.029743 0.137947 0.039414 0.060875 0.732021 
0.326091 0.268597 0.288272 0.000340 0.116700 
0.086349 0.018477 0.404465 0.247285 0.243424 
0.077871 0.082541 0.373528 0.355655 0.110405 
0.169779 0.007297 0.295431 0.494853 0.032640 
0.069565 0.201816 0.295078 0.133072 0.300469 
0.056096 0.143324 0.313790 0.477861 0.008928 
0.129380 0.010620 0.546191 0.000177 0.313632 
0.032159 0.052080 0.471601 0.036810 0.407350 
0.004765 0.128259 0.335975 0.062425 0.468577 
0.065525 0.493354 0.229979 0.063568 0.147574 
0.089869 0.611398 0.177443 0.009498 0.111792 
0.365924 0.271713 0.111419 0.230693 0.020250 
0.488916 0.450804 0.002167 0.055875 0.002237 
0.215854 0.249053 0.397317 0.110516 0.027259 
0.250975 0.023468 0.444051 0.249258 0.032248 
0.370733 0.575797 0.012556 0.040108 0.000806 
0.322028 0.454205 0.081154 0.004885 0.137728 
0.390242 0.543020 0.037443 0.025946 0.003349 
0.010172 0.583060 0.137704 0.124162 0.144902 
0.080512 0.337793 0.088673 0.003195 0.489828 
0.070629 0.017129 0.099632 0.001409 0.811201 
0.011540 0.536310 0.054177 0.390608 0.007365 
0.057014 0.485479 0.147187 0.003916 0.306404 
0.192201 0.030723 0.547776 0.126408 0.102891 
0.079581 0.033211 0.686584 0.040144 0.160480 
0.098615 0.063449 0.368716 0.206038 0.263182 
0.008691 0.080201 0.726809 0.148703 0.035596 
0.000114 0.203612 0.335733 0.376500 0.084042 
0.068858 0.000853 0.136742 0.563563 0.229984 
0.000403 0.086825 0.042524 0.780939 0.089310 
0.104258 0.006508 0.730562 0.002987 0.155684 
0.014148 0.031855 0.877760 0.005886 0.070351 
0.001115 0.013307 0.006612 0.964199 0.014766 
0.141032 0.005851 0.804834 0.038320 0.009962 
0.327609 0.088889 0.126946 0.334278 0.122278 
0.172767 0.189900 0.240677 0.364926 0.031729 
0.081300 0.000249 0.038077 0.071258 0.809116 
0.017866 0.010196 0.000904 0.919889 0.051145 
0.127007 0.015195 0.377727 0.106693 0.373378 
0.129812 0.630748 0.051681 0.187429 0.000330 
0.357579 0.178979 0.029171 0.001103 0.433168 
0.043193 0.907520 0.048917 0.000365 0.000004 
0.552804 0.130797 0.143630 0.167436 0.005333 
0.000713 0.385628 0.068850 0.020035 0.524774 
0.033993 0.105092 0.700209 0.014632 0.146074 
0.019588 0.165184 0.059404 0.276183 0.479642 
0.158190 0.348482 0.451721 0.023578 0.018029 
0.033951 0.629177 0.128581 0.206835 0.001456 
0.268839 0.003390 0.065493 0.424048 0.238229 
0.001625 0.776478 0.000077 0.171119 0.050701 
0.004853 0.668328 0.000000 0.042789 0.284029 
0.203987 0.217025 0.566477 0.011456 0.001055 
0.188512 0.261207 0.305876 0.019873 0.224531 
0.004015 0.017083 0.514225 0.416914 0.047762 
0.158387 0.191007 0.006690 0.360675 0.283241 
0.105396 0.496042 0.080331 0.000668 0.317563 
0.110885 0.084014 0.129112 0.000758 0.675231 
0.001396 0.183276 0.013295 0.299418 0.502616 
0.061038 0.371926 0.007347 0.013604 0.546086 
0.033337 0.302712 0.014389 0.645319 0.004244 
0.048613 0.175444 0.186769 0.243619 0.345556 
0.293809 0.062698 0.640604 0.002786 0.000103 
0.007593 0.014063 0.636176 0.012986 0.329182 
0.002120 0.407226 0.060776 0.098043 0.431836 
0.018937 0.287233 0.030102 0.017629 0.646100 
0.083560 0.239606 0.199551 0.051100 0.426184 
0.241689 0.216807 0.000856 0.539704 0.000943 
0.085298 0.117409 0.094480 0.610770 0.092043 
0.000533 0.000564 0.297573 0.408271 0.293058 
0.008186 0.020150 0.122215 0.832443 0.017005 
0.002036 0.004549 0.683909 0.216034 0.093472 
0.446150 0.001976 0.076514 0.005288 0.470072 
0.000318 0.012955 0.236550 0.565635 0.184542 
0.181852 0.085656 0.007958 0.237481 0.487053 
0.328035 0.028684 0.003142 0.000001 0.640138 
0.103209 0.053698 0.094397 0.676759 0.071936 
0.126969 0.231161 0.165612 0.447338 0.028921 
0.378093 0.000699 0.126187 0.053860 0.441162 
0.027307 0.316432 0.294431 0.361781 0.000049 
0.023040 0.083599 0.692442 0.117914 0.083006 
0.062342 0.228690 0.178819 0.003549 0.526600 
0.192560 0.070600 0.002093 0.049658 0.685089 
0.018797 0.139991 0.321028 0.132768 0.387416 
0.000001 0.525670 0.158004 0.083428 0.232897 
0.031564 0.036304 0.275551 0.004553 0.652029 
0.065747 0.105749 0.048132 0.001631 0.778741 
0.158932 0.032283 0.067696 0.081958 0.659130 
0.086314 0.077907 0.158644 0.160159 0.516976 
0.683225 0.001471 0.265917 0.036761 0.012626 
0.454264 0.102646 0.374756 0.065143 0.003191 
0.581878 0.002520 0.007619 0.259580 0.148402 
0.641541 0.060862 0.194344 0.092665 0.010587 
0.004870 0.126455 0.002231 0.656533 0.209911 
0.304375 0.312741 0.048632 0.333610 0.000642 
0.007753 0.601802 0.314771 0.005811 0.069862 
0.782174 0.115143 0.005126 0.014538 0.083019 
0.000044 0.050300 0.358468 0.434265 0.156922 
0.013160 0.040678 0.158642 0.050571 0.736950 
0.002308 0.012441 0.720151 0.092171 0.172928 
0.672289 0.029054 0.292174 0.006460 0.000023 
0.051597 0.696938 0.071553 0.046021 0.133892 
0.011135 0.458638 0.052456 0.170016 0.307755 
0.005947 0.238501 0.002427 0.471669 0.281457 
0.062581 0.104112 0.015691 0.192829 0.624787 
0.019930 0.488054 0.089307 0.108022 0.294687 
0.000179 0.000132 0.256273 0.338224 0.405192 
0.012084 0.230650 0.222106 0.513506 0.021653 
0.026299 0.015664 0.154451 0.204348 0.599237 
0.182348 0.102283 0.538980 0.146678 0.029710 
0.007924 0.447422 0.313741 0.166907 0.064006 
0.012082 0.454159 0.074462 0.245508 0.213790 
0.162612 0.077165 0.182547 0.073330 0.504345 
0.000934 0.265441 0.014081 0.281047 0.438497 
0.784354 0.000358 0.054742 0.127379 0.033167 
0.590230 0.025536 0.003588 0.060232 0.320414 
0.154219 0.000523 0.776230 0.068257 0.000770 
0.255684 0.133194 0.176898 0.045350 0.388875 
0.021965 0.365556 0.511856 0.028614 0.072009 
0.124814 0.307990 0.162018 0.189562 0.215615 
0.038600 0.336218 0.618304 0.000968 0.005910 
0.127474 0.079991 0.366172 0.403626 0.022737 
0.449263 0.227107 0.117005 0.142683 0.063942 
0.003082 0.804553 0.176681 0.000660 0.015024 
0.532175 0.035507 0.185975 0.225555 0.020788 
0.162947 0.033317 0.138906 0.438632 0.226198 
0.059214 0.000872 0.175860 0.484013 0.280041 
0.195002 0.101157 0.001666 0.133651 0.568524 
0.004821 0.265745 0.704586 0.022392 0.002456 
0.122667 0.683062 0.140283 0.000244 0.053744 
0.003924 0.000158 0.927633 0.000698 0.067587 
0.235074 0.073201 0.003715 0.444969 0.243041 
0.353881 0.059578 0.166592 0.072030 0.347919 
0.018708 0.478259 0.134224 0.308755 0.060054 
0.001016 0.349422 0.362259 0.174960 0.112343 
0.000802 0.069932 0.691121 0.195566 0.042579 
0.002834 0.005274 0.492638 0.197282 0.301972 
0.007088 0.199314 0.328608 0.407433 0.057556 
0.733955 0.116244 0.053146 0.041321 0.055334 
0.719722 0.015633 0.069285 0.000083 0.195278 
0.803835 0.022548 0.027272 0.024104 0.122241 
0.608957 0.081201 0.146567 0.127206 0.036069 
0.756118 0.000056 0.215739 0.001316 0.026771 
0.522938 0.113046 0.142152 0.000060 0.221805 
0.822308 0.012035 0.012582 0.069126 0.083949 
0.674145 0.271970 0.012275 0.000041 0.041569 
0.005828 0.859189 0.000325 0.133884 0.000774 
0.888329 0.007964 0.069334 0.013451 0.020922 
0.225435 0.169023 0.041181 0.563849 0.000511 
0.370661 0.217529 0.188346 0.014810 0.208654 
0.248846 0.338591 0.209412 0.034314 0.168837 
0.069984 0.414999 0.023827 0.490961 0.000229 
0.396639 0.313367 0.128981 0.150971 0.010043 
0.383715 0.000362 0.145781 0.147017 0.323125 
0.230978 0.000218 0.160464 0.285256 0.323084 
0.286746 0.302946 0.224666 0.171704 0.013938 
0.934774 0.032858 0.008796 0.015804 0.007768 
0.604881 0.035864 0.082879 0.137032 0.139344 
0.770033 0.012038 0.003470 0.187002 0.027457 
0.000107 0.607011 0.027464 0.236964 0.128454 
0.331813 0.082013 0.380287 0.090984 0.114902 
0.559874 0.175269 0.152971 0.107092 0.004794 
0.360923 0.110449 0.281243 0.228943 0.018443 
0.189384 0.016334 0.552720 0.165376 0.076186 
0.056418 0.000002 0.068867 0.864785 0.009928 
0.006658 0.167124 0.614214 0.068120 0.143885 
0.398748 0.573136 0.002432 0.025271 0.000414 
0.020214 0.048399 0.246598 0.681657 0.003132 
0.008165 0.885486 0.039332 0.065530 0.001486 
0.103232 0.063186 0.609293 0.019099 0.205191 
0.406179 0.137646 0.024142 0.387481 0.044551 
0.222458 0.118467 0.072771 0.585742 0.000562 
0.151733 0.274178 0.137186 0.400608 0.036295 
0.032915 0.721282 0.008236 0.232997 0.004570 
0.093990 0.724334 0.045554 0.001718 0.134404 
0.249341 0.502363 0.109704 0.066677 0.071915 
0.156727 0.570742 0.179333 0.050525 0.042673 
0.070148 0.627703 0.130582 0.012502 0.159065 
0.008201 0.643445 0.064691 0.225547 0.058117 
0.129714 0.619546 0.094726 0.080179 0.075834 
0.003721 0.499981 0.199991 0.122193 0.174115 
0.474113 0.082232 0.205136 0.229775 0.008743 
0.420847 0.055310 0.141639 0.345721 0.036483 
0.764078 0.026898 0.008699 0.143207 0.057117 
0.618825 0.000189 0.005063 0.039172 0.336751 
0.344599 0.335953 0.079107 0.240266 0.000075 
0.661642 0.100226 0.098586 0.000348 0.139198 
0.059921 0.438570 0.147233 0.268561 0.085715 
0.010743 0.242183 0.432753 0.198362 0.115959 
0.387864 0.170757 0.300293 0.007300 0.133786 
0.575354 0.331282 0.059175 0.029349 0.004841 
0.360444 0.005579 0.139733 0.062211 0.432032 
0.126015 0.000813 0.236826 0.005607 0.630739 
0.260463 0.049288 0.279744 0.399525 0.010980 
0.593070 0.013445 0.133318 0.000142 0.260026 
0.180878 0.008802 0.692450 0.115347 0.002523 
0.025468 0.081189 0.024390 0.859345 0.009607 
0.024927 0.017719 0.094689 0.788091 0.074574 
0.013706 0.072254 0.018671 0.563687 0.331682 
0.121210 0.351912 0.094828 0.385656 0.046394 
0.076834 0.549475 0.148064 0.217293 0.008334 
0.290957 0.063379 0.033388 0.033936 0.578340 
0.114519 0.203635 0.023927 0.610615 0.047303 
0.091436 0.081678 0.014738 0.771737 0.040410 
0.169349 0.010514 0.030378 0.118265 0.671495 
0.016540 0.014482 0.070236 0.816743 0.081998 
0.112236 0.110334 0.150615 0.590525 0.036289 
0.023259 0.022241 0.350902 0.599967 0.003630 
0.000076 0.243860 0.679456 0.046097 0.030512 
0.004286 0.000011 0.594282 0.369249 0.032173 
0.325448 0.004064 0.464458 0.190782 0.015248 
0.118975 0.132104 0.101432 0.627833 0.019656 
0.052036 0.227801 0.178276 0.535986 0.005902 
0.080889 0.105193 0.001801 0.071885 0.740233 
0.140065 0.045543 0.000695 0.026748 0.786950 
0.131863 0.253619 0.346933 0.261587 0.005999 
0.246781 0.000003 0.364710 0.292564 0.095942 
0.000497 0.098101 0.233069 0.634321 0.034013 
0.010779 0.084722 0.682734 0.181623 0.040142 
0.033510 0.064598 0.509219 0.079162 0.313511 
0.004379 0.013927 0.882163 0.015937 0.083593 
0.035040 0.117035 0.641520 0.004247 0.202158 
0.007213 0.234714 0.393932 0.003489 0.360652 
0.343041 0.020259 0.005832 0.602368 0.028500 
0.195716 0.055148 0.026054 0.700633 0.022450 
0.142949 0.094009 0.047408 0.613674 0.101960 
0.269921 0.029982 0.003541 0.612729 0.083828 
0.043539 0.156603 0.012693 0.385533 0.401632 
0.006576 0.144049 0.034656 0.206180 0.608539 
0.055915 0.070068 0.015144 0.125343 0.733530 
0.008983 0.060990 0.079973 0.344810 0.505244 
0.115946 0.028218 0.364226 0.133112 0.358499 
0.027045 0.001279 0.489696 0.150808 0.331172 
0.000024 0.008491 0.312626 0.525427 0.153433 
0.015640 0.160001 0.138869 0.550669 0.134821 
0.025545 0.101751 0.324065 0.486808 0.061831 
0.019130 0.000277 0.568986 0.215411 0.196197 
0.030921 0.268030 0.026346 0.378787 0.295917 
0.454170 0.000007 0.012258 0.378535 0.155029 
0.391104 0.021557 0.101318 0.188436 0.297584 
0.264093 0.000003 0.066736 0.204239 0.464929 
0.068727 0.047127 0.264602 0.015234 0.604310 
0.000775 0.099968 0.000491 0.372188 0.526579 
0.022110 0.017553 0.000093 0.607433 0.352810 
0.026078 0.000301 0.479822 0.014108 0.479691 
0.028958 0.035902 0.536339 0.152950 0.245851 
0.000182 0.064067 0.723019 0.040866 0.171866 
0.000703 0.172229 0.502327 0.211859 0.112882 
0.003301 0.075825 0.405089 0.382149 0.133636 
0.006752 0.023089 0.238548 0.631500 0.100110 
0.003384 0.042887 0.210806 0.614089 0.128834 
0.083985 0.007122 0.080071 0.790413 0.038410 
0.009077 0.021301 0.085069 0.002044 0.882508 
0.018950 0.210130 0.208656 0.558257 0.004007 
0.084202 0.136677 0.268464 0.068940 0.441717 
0.254784 0.093086 0.387373 0.014639 0.250118 
0.249580 0.018371 0.180780 0.076701 0.474568 
0.359608 0.079904 0.211921 0.073447 0.275120 
0.032483 0.221087 0.328586 0.363343 0.054501 
0.450757 0.005342 0.003396 0.000232 0.540273 
0.570009 0.014141 0.033324 0.381615 0.000912 
0.490162 0.063392 0.127554 0.009924 0.308969 
0.387384 0.081970 0.002100 0.041972 0.486573 
0.561344 0.003246 0.000090 0.422723 0.012598 
0.035599 0.386953 0.003565 0.486422 0.087461 
0.292305 0.015291 0.010983 0.053233 0.628189 
0.097628 0.103025 0.000584 0.201889 0.596874 
0.430828 0.000112 0.008468 0.006431 0.554160 
0.176225 0.026018 0.059743 0.042935 0.695080 
0.357542 0.018977 0.090242 0.001782 0.531457 
0.569586 0.087694 0.000286 0.042402 0.300033 
0.463988 0.298113 0.020883 0.038075 0.178941 
0.153401 0.546768 0.224452 0.074330 0.001048 
0.024901 0.301548 0.024693 0.625495 0.023363 
0.042191 0.156731 0.469955 0.331049 0.000074 
0.114100 0.120267 0.002432 0.547968 0.215233 
0.042405 0.221639 0.015780 0.597093 0.123084 
0.194693 0.096567 0.118521 0.588241 0.001979 
0.206553 0.000598 0.014480 0.244633 0.533735 
0.054448 0.016130 0.432875 0.495015 0.001531 
0.068580 0.007477 0.214166 0.704437 0.005340 
0.000001 0.058209 0.572506 0.357938 0.011346 
0.022829 0.039272 0.466244 0.273945 0.197710 
0.393803 0.009548 0.594066 0.000284 0.002300 
0.584549 0.048350 0.003425 0.320125 0.043552 
0.367717 0.072349 0.053202 0.505998 0.000735 
0.122523 0.117333 0.029316 0.552550 0.178277 
0.251130 0.248525 0.057245 0.354262 0.088839 
0.179855 0.006355 0.002720 0.802821 0.008250 
0.273902 0.000081 0.005860 0.670023 0.050134 
0.251521 0.016102 0.006968 0.714946 0.010464 
0.131550 0.046223 0.103338 0.035708 0.683180 
0.005601 0.186327 0.001500 0.125549 0.681023 
0.415203 0.116611 0.024376 0.132086 0.311723 
0.289750 0.191072 0.138054 0.056015 0.325109 
0.063317 0.148168 0.128583 0.402550 0.257382 
0.108850 0.213287 0.045190 0.308298 0.324377 
0.021258 0.270461 0.015975 0.530250 0.162057 
0.005859 0.185618 0.083969 0.614992 0.109562 
0.286608 0.044460 0.172723 0.032640 0.463569 
0.128653 0.001174 0.308492 0.029936 0.531745 
0.010686 0.009964 0.007503 0.604266 0.367581 
0.015603 0.006724 0.065925 0.552159 0.359589 
0.000150 0.360096 0.003438 0.000126 0.636190 
0.005053 0.400730 0.000074 0.588084 0.006059 
0.186099 0.042895 0.027027 0.739361 0.004618 
0.054270 0.017712 0.666187 0.252253 0.009577 
0.023299 0.001783 0.438118 0.484236 0.052563 
0.581836 0.163682 0.000658 0.025347 0.228477 
0.224480 0.006614 0.274027 0.181436 0.313442 
0.333102 0.109130 0.281068 0.077549 0.199152 
0.189628 0.126816 0.420535 0.159529 0.103492 
0.081478 0.024496 0.428908 0.330744 0.134374 
0.201221 0.327388 0.387531 0.083815 0.000045 
0.143979 0.010517 0.154949 0.467769 0.222785 
0.462425 0.000000 0.204599 0.325106 0.007870 
0.035983 0.274531 0.019853 0.472213 0.197420 
0.003565 0.407243 0.067570 0.465597 0.056025 
0.661860 0.000005 0.191994 0.029858 0.116283 
0.423702 0.437949 0.034615 0.040763 0.062971 
0.352547 0.193663 0.013327 0.000080 0.440382 
0.704010 0.000582 0.005839 0.004174 0.285396 
0.028311 0.352270 0.587163 0.020490 0.011766 
0.205335 0.010888 0.117637 0.043553 0.622586 
0.094735 0.030482 0.300679 0.162882 0.411221 
0.124855 0.081877 0.104382 0.000015 0.688870 
0.007924 0.009043 0.296885 0.431238 0.254910 
0.000015 0.184227 0.070040 0.493726 0.251991 
0.014337 0.000063 0.392461 0.392432 0.200708 
0.233636 0.232937 0.133350 0.196990 0.203087 
0.004895 0.349814 0.009467 0.285633 0.350192 
0.145369 0.031104 0.114533 0.658558 0.050436 
0.065477 0.110472 0.211029 0.563031 0.049991 
0.550088 0.017516 0.001239 0.000760 0.430398 
0.305438 0.052414 0.326714 0.135322 0.180112 
0.471314 0.212216 0.205947 0.000125 0.110398 
0.675991 0.150205 0.057043 0.012980 0.103781 
0.282497 0.003722 0.018284 0.012759 0.682738 
0.211319 0.065160 0.043417 0.132830 0.547275 
0.125914 0.062241 0.138971 0.208057 0.464817 
0.074988 0.075318 0.115112 0.096256 0.638326 
0.165548 0.013568 0.158179 0.024336 0.638368 
0.291190 0.459186 0.010948 0.007602 0.231074 
0.013971 0.129043 0.134293 0.076656 0.646037 
0.003820 0.541503 0.069629 0.222516 0.162532 
0.372987 0.251541 0.326902 0.020777 0.027793 
0.559855 0.283844 0.008010 0.148202 0.000089 
0.286104 0.072373 0.498995 0.063321 0.079207 
0.188016 0.084079 0.635995 0.088881 0.003029 
0.001020 0.709673 0.035220 0.215116 0.038971 
0.037343 0.575981 0.266196 0.117885 0.002594 
0.004504 0.012851 0.370775 0.607883 0.003988 
0.000072 0.054584 0.013684 0.539711 0.391949 
0.069392 0.474991 0.334939 0.003083 0.117596 
0.049748 0.250959 0.398321 0.258712 0.042259 
0.498813 0.002810 0.152379 0.181623 0.164375 
0.013522 0.006852 0.165939 0.109684 0.704003 
0.009129 0.001246 0.116884 0.197481 0.675260 
0.074751 0.083450 0.206939 0.061736 0.573124 
0.419711 0.183151 0.007777 0.104856 0.284505 
0.569006 0.062810 0.013844 0.263156 0.091183 
0.606676 0.029459 0.046614 0.290081 0.027169 
0.041942 0.158200 0.020553 0.010434 0.768870 
0.035943 0.256390 0.014625 0.056180 0.636862 
0.027670 0.172628 0.010774 0.027561 0.761367 
0.045798 0.159539 0.027935 0.001905 0.764823 
0.048737 0.169374 0.025606 0.004529 0.751755 
0.122957 0.065907 0.106144 0.012974 0.692017 
0.064680 0.000902 0.148211 0.245533 0.540674 
0.142711 0.133341 0.307733 0.000550 0.415665 
0.000349 0.045617 0.019115 0.002561 0.932359 
0.051531 0.809395 0.079946 0.008286 0.050842 
0.004794 0.693174 0.176874 0.120602 0.004557 
0.002718 0.467047 0.447136 0.075962 0.007136 
0.059781 0.434972 0.207631 0.233585 0.064031 
0.000233 0.071747 0.789875 0.069883 0.068261 
0.145939 0.462765 0.233235 0.000284 0.157777 
0.173036 0.385395 0.360436 0.078128 0.003005 
0.083765 0.805350 0.002029 0.093754 0.015102 
0.061656 0.039434 0.680151 0.007774 0.210985 
0.206445 0.192668 0.297598 0.235532 0.067756 
0.377242 0.014521 0.483042 0.119083 0.006113 
0.128643 0.501543 0.029924 0.318464 0.021426 
0.252803 0.229054 0.040328 0.464217 0.013597 
0.038918 0.648467 0.124705 0.088696 0.099214 
0.021742 0.000113 0.126766 0.707229 0.144150 
0.093458 0.037741 0.021231 0.758016 0.089554 
0.001047 0.000001 0.081968 0.455403 0.461581 
0.079891 0.250656 0.063448 0.397107 0.208898 
0.000995 0.201982 0.264616 0.178404 0.354003 
0.090426 0.802362 0.016682 0.003000 0.087530 
0.478126 0.453891 0.000091 0.002659 0.065233 
0.594345 0.273663 0.006317 0.124865 0.000811 
0.020956 0.122794 0.503436 0.167522 0.185292 
0.011577 0.339726 0.428823 0.002053 0.217821 
0.015724 0.064056 0.843829 0.059729 0.016662 
0.194120 0.002659 0.008668 0.489115 0.305438 
0.156332 0.230855 0.591615 0.017021 0.004176 
0.128514 0.097364 0.569957 0.115714 0.088451 
0.269873 0.034062 0.419329 0.251158 0.025578 
0.172701 0.375937 0.083059 0.027861 0.340441 
0.036969 0.043628 0.182914 0.068796 0.667693 
0.000947 0.441345 0.003141 0.539562 0.015004 
0.004772 0.053952 0.079741 0.125964 0.735571 
0.608798 0.069144 0.303228 0.017287 0.001543 
0.562899 0.261515 0.022938 0.114990 0.037658 
0.292096 0.208020 0.083685 0.265595 0.150603 
0.253142 0.031306 0.007556 0.576570 0.131425 
0.015569 0.033361 0.479162 0.030138 0.441770 
0.018212 0.026501 0.600181 0.004014 0.351092 
0.004948 0.036176 0.337929 0.068893 0.552054 
0.001933 0.126360 0.633433 0.003306 0.234968 
0.418587 0.417621 0.002969 0.070675 0.090149 
0.206628 0.116494 0.016508 0.043324 0.617046 
0.083246 0.046372 0.000001 0.000201 0.870180 
0.045980 0.273419 0.060607 0.566071 0.053922 
0.105379 0.364105 0.137128 0.360289 0.033098 
0.433863 0.000260 0.343517 0.000644 0.221716 
0.284737 0.000152 0.357341 0.007289 0.350480 
0.296726 0.059913 0.204779 0.437753 0.000829 
0.479679 0.023160 0.185422 0.306143 0.005596 
0.254247 0.000619 0.164962 0.539810 0.040362 
0.386848 0.004340 0.271510 0.322721 0.014581 
0.161100 0.017347 0.427717 0.251562 0.142274 
0.085061 0.087736 0.255513 0.371191 0.200499 
0.094676 0.572606 0.000004 0.061142 0.271571 
0.008746 0.110192 0.001041 0.569452 0.310570 
0.003229 0.027725 0.030353 0.485487 0.453206 
0.000648 0.030112 0.141910 0.373415 0.453915 
0.008297 0.840556 0.004055 0.061313 0.085779 
0.473314 0.001344 0.250957 0.067503 0.206882 
0.003477 0.625867 0.014617 0.044797 0.311242 
0.003043 0.831806 0.005156 0.156101 0.003894 
0.015704 0.741873 0.003292 0.077456 0.161675 
0.177203 0.657969 0.107296 0.030722 0.026810 
0.280938 0.278976 0.401787 0.037151 0.001148 
0.068197 0.433864 0.293651 0.169481 0.034807 
0.157290 0.343921 0.370001 0.000063 0.128725 
0.205130 0.318372 0.387472 0.002499 0.086528 
0.149928 0.528885 0.003029 0.210454 0.107703 
0.105164 0.542184 0.000293 0.200287 0.152072 
0.303023 0.182554 0.012678 0.112070 0.389675 
0.012334 0.073964 0.500587 0.116637 0.296478 
0.032025 0.063680 0.450243 0.071365 0.382687 
0.000962 0.114569 0.252334 0.125042 0.507093 
0.006957 0.185148 0.261415 0.219697 0.326783 
0.025542 0.011468 0.293540 0.015630 0.653819 
0.020325 0.037974 0.004018 0.172257 0.765425 
0.000873 0.018038 0.003524 0.025620 0.951945 
0.010471 0.036444 0.099324 0.008499 0.845263 
0.114633 0.366376 0.317912 0.004338 0.196741 
0.064032 0.523961 0.164579 0.001312 0.246115 
0.635099 0.010483 0.187668 0.108087 0.058663 
0.192107 0.187551 0.134050 0.003589 0.482703 
0.065888 0.250878 0.013661 0.150907 0.518665 
0.000935 0.207859 0.082168 0.400219 0.308819 
0.025975 0.460237 0.035390 0.285965 0.192433 
0.014318 0.371633 0.352471 0.017372 0.244206 
0.491168 0.006095 0.218805 0.054186 0.229746 
0.582797 0.011143 0.099580 0.093671 0.212809 
0.368486 0.476703 0.011476 0.137046 0.006289 
0.570387 0.021721 0.014646 0.187852 0.205394 
0.026769 0.157315 0.034325 0.716899 0.064691 
0.002824 0.202597 0.111215 0.470626 0.212737 
0.151755 0.109952 0.003331 0.700652 0.034310 
0.246444 0.316167 0.013561 0.412778 0.011050 
0.407878 0.014042 0.035913 0.326424 0.215743 
0.164222 0.000359 0.635497 0.135179 0.064742 
0.024068 0.027291 0.873968 0.064227 0.010446 
0.122087 0.129320 0.706215 0.031539 0.010839 
0.068216 0.137704 0.767694 0.005814 0.020571 
0.141599 0.666579 0.113883 0.067313 0.010627 
0.218734 0.509960 0.004419 0.213015 0.053871 
0.007101 0.028228 0.017064 0.946876 0.000732 
0.089768 0.012415 0.645267 0.016018 0.236532 
0.000539 0.000101 0.858360 0.012864 0.128136 
0.074819 0.117530 0.038474 0.017526 0.751651 
0.166417 0.232823 0.000878 0.006353 0.593529 
0.058914 0.334207 0.063157 0.120653 0.423069 
0.039865 0.221294 0.156070 0.148040 0.434731 
0.046326 0.257605 0.001662 0.267951 0.426456 
0.010319 0.143573 0.338575 0.000201 0.507331 
0.171489 0.065070 0.173332 0.000872 0.589236 
0.081253 0.079452 0.084281 0.019788 0.735226 
0.015324 0.131442 0.815349 0.000009 0.037876 
0.011757 0.001969 0.013575 0.955746 0.016952 
0.034880 0.162962 0.147713 0.033038 0.621407 
0.000041 0.081125 0.308943 0.003913 0.605978 
0.046384 0.459144 0.087628 0.050167 0.356677 
0.020251 0.438477 0.189056 0.161459 0.190756 
0.482362 0.250872 0.187222 0.006040 0.073504 
0.106076 0.242106 0.124298 0.052021 0.475499 
0.031823 0.006863 0.259843 0.404109 0.297361 
0.012770 0.009030 0.922086 0.000023 0.056091 
0.000052 0.000322 0.756411 0.192870 0.050345 
0.008406 0.671217 0.018437 0.262519 0.039421 
0.006696 0.806753 0.000798 0.181653 0.004100 
0.003677 0.224016 0.251469 0.200118 0.320720 
0.000463 0.180238 0.273644 0.253318 0.292337 
0.000629 0.490622 0.110279 0.012045 0.386425 
0.000121 0.433330 0.133845 0.030884 0.401821 
0.070878 0.038665 0.011458 0.015649 0.863350 
0.028205 0.091229 0.017479 0.049658 0.813429 
0.438412 0.313922 0.128292 0.013296 0.106077 
0.701028 0.201389 0.003535 0.025930 0.068117 
0.100746 0.528319 0.323347 0.026665 0.020923 
0.090201 0.018086 0.174651 0.434160 0.282903 
0.046823 0.064955 0.320382 0.239685 0.328155 
0.002967 0.618655 0.293626 0.077153 0.007598 
0.012258 0.007420 0.000826 0.050150 0.929346 
0.073021 0.000081 0.824499 0.059385 0.043015 
0.023028 0.615261 0.194230 0.163798 0.003684 
0.038299 0.635031 0.162801 0.136367 0.027501 
0.177357 0.653462 0.092348 0.067715 0.009118 
0.447911 0.160882 0.000013 0.351976 0.039218 
0.000404 0.503369 0.264568 0.223883 0.007775 
0.303154 0.211004 0.003528 0.417279 0.065036 
0.011672 0.372784 0.359214 0.243095 0.013235 
0.248308 0.261802 0.001743 0.424245 0.063902 
0.000511 0.165816 0.403879 0.365885 0.063908 
0.035197 0.273541 0.496540 0.178868 0.015854 
0.068215 0.160159 0.584888 0.146820 0.039918 
0.022849 0.043080 0.507508 0.302746 0.123817 
0.012155 0.199907 0.204525 0.570717 0.012696 
0.002175 0.267617 0.053917 0.675440 0.000850 
0.099334 0.025606 0.698259 0.079779 0.097021 
0.106381 0.074722 0.639524 0.112792 0.066582 
0.070385 0.448559 0.087885 0.392015 0.001156 
0.194594 0.018178 0.524639 0.062645 0.199943 
0.158418 0.046285 0.529264 0.036301 0.229732 
0.020337 0.000009 0.454425 0.039868 0.485361 
0.004881 0.264525 0.082201 0.506321 0.142072 
0.047367 0.237668 0.446163 0.268437 0.000366 
0.095253 0.099682 0.545627 0.005164 0.254275 
0.337648 0.006106 0.025811 0.489826 0.140609 
0.164574 0.274175 0.008718 0.513651 0.038882 
0.003455 0.012409 0.424297 0.322584 0.237256 
0.329588 0.188911 0.051547 0.368881 0.061073 
0.100394 0.003561 0.000555 0.892050 0.003440 
0.225425 0.001304 0.000057 0.771145 0.002069 
0.454893 0.032718 0.046279 0.000034 0.466075 
0.046053 0.087747 0.473799 0.287684 0.104717 
0.014573 0.017552 0.697065 0.181028 0.089782 
0.024590 0.041727 0.025555 0.873071 0.035057 
0.000149 0.158840 0.126757 0.579134 0.135119 
0.428219 0.283767 0.000143 0.050257 0.237614 
0.156339 0.415694 0.066481 0.361116 0.000369 
0.183774 0.331073 0.174269 0.303991 0.006893 
0.030322 0.134441 0.373198 0.417364 0.044674 
0.186284 0.251838 0.309550 0.242894 0.009433 
0.320127 0.026743 0.620817 0.002565 0.029749 
0.148569 0.021725 0.592430 0.069776 0.167500 
0.181080 0.740758 0.052290 0.004615 0.021257 
0.031383 0.684675 0.118571 0.091406 0.073965 
0.013377 0.624234 0.191746 0.025895 0.144747 
0.168693 0.045748 0.491343 0.181496 0.112719 
0.077188 0.562251 0.021894 0.333746 0.004921 
0.305695 0.048459 0.001481 0.638486 0.005880 
0.295884 0.132491 0.020246 0.518253 0.033125 
0.084632 0.133107 0.294454 0.367096 0.120710 
0.131882 0.329751 0.098074 0.325289 0.115004 
0.592736 0.070806 0.188075 0.126673 0.021709 
0.526423 0.121667 0.304827 0.041392 0.005691 
0.285770 0.000386 0.007546 0.705393 0.000905 
0.402128 0.021341 0.509700 0.003656 0.063176 
0.018531 0.649021 0.005191 0.327060 0.000197 
0.007518 0.636919 0.030257 0.321024 0.004282 
0.383787 0.008545 0.510678 0.000554 0.096435 
0.084174 0.405728 0.371531 0.009235 0.129333 
0.011750 0.583898 0.062937 0.104658 0.236756 
0.615754 0.056940 0.024860 0.295945 0.006500 
0.024171 0.394111 0.006335 0.564486 0.010897 
0.243981 0.208245 0.380799 0.099626 0.067349 
0.882447 0.044276 0.030810 0.010670 0.031797 
0.726460 0.057711 0.021403 0.066072 0.128353 
0.653500 0.125196 0.057837 0.034188 0.129278 
0.750248 0.124418 0.089277 0.000903 0.035153 
0.009920 0.359224 0.346881 0.142425 0.141551 
0.377898 0.297798 0.072069 0.002258 0.249977 
0.006100 0.287228 0.378725 0.043579 0.284367 
0.037426 0.246838 0.455438 0.094339 0.165958 
0.572314 0.075933 0.016862 0.102621 0.232271 
0.531249 0.140273 0.043573 0.059447 0.225457 
0.500123 0.072630 0.005016 0.100594 0.321638 
0.542558 0.038109 0.003983 0.183516 0.231834 
0.464463 0.061418 0.189434 0.007166 0.277519 
0.397706 0.045112 0.295515 0.038105 0.223562 
0.372970 0.062805 0.296611 0.076655 0.190958 
0.336706 0.152450 0.159130 0.073461 0.278253 
0.170697 0.148577 0.068255 0.516110 0.096361 
0.158781 0.228654 0.586132 0.000096 0.026337 
0.029313 0.066853 0.863783 0.010493 0.029559 
0.017394 0.031390 0.000001 0.948545 0.002669 
0.000534 0.020757 0.820662 0.000609 0.157438 
0.003942 0.040406 0.142006 0.714291 0.099355 
0.007483 0.054763 0.064910 0.797039 0.075805 
0.002904 0.014235 0.841712 0.019189 0.121961 
0.737256 0.064204 0.159764 0.038148 0.000628 
0.845847 0.051231 0.090630 0.008290 0.004002 
0.604255 0.153183 0.203783 0.025126 0.013653 
0.542076 0.139221 0.276515 0.042093 0.000095 
0.357862 0.117267 0.001360 0.056933 0.466578 
0.403439 0.095479 0.006380 0.066767 0.427934 
0.426266 0.112854 0.099622 0.004218 0.357040 
0.362815 0.182417 0.084793 0.012270 0.357705 
0.122302 0.142080 0.176343 0.485894 0.073381 
0.112235 0.155910 0.232477 0.462884 0.036494 
0.175137 0.093922 0.302209 0.416388 0.012344 
0.185789 0.095055 0.223805 0.456298 0.039054 
0.081348 0.158267 0.567344 0.173310 0.019730 
0.041844 0.036536 0.836704 0.081212 0.003704 
0.013565 0.105502 0.017440 0.749127 0.114366 
0.000741 0.118184 0.081592 0.560095 0.239387 
0.066989 0.221262 0.484679 0.142718 0.084352 
0.028906 0.160092 0.588042 0.056533 0.166427 
0.036419 0.095656 0.740873 0.071226 0.055826 
0.018908 0.223914 0.418024 0.038139 0.301015 
0.165778 0.051746 0.163928 0.562952 0.055595 
0.113622 0.079994 0.132870 0.585089 0.088425 
0.125494 0.836168 0.008994 0.018820 0.010524 
0.157268 0.794633 0.009500 0.019958 0.018641 
0.152544 0.805984 0.010933 0.022877 0.007662 
0.152544 0.805984 0.010933 0.022877 0.007662 
0.056634 0.028844 0.057130 0.684625 0.172767 
0.095054 0.014199 0.093185 0.677319 0.120243 
0.001204 0.031611 0.030226 0.725057 0.211901 
0.003011 0.000211 0.003165 0.706789 0.286824 
0.024305 0.056300 0.024651 0.610103 0.284641 
0.001555 0.015512 0.006418 0.524213 0.452302 
0.128852 0.766735 0.043480 0.031961 0.028972 
0.132370 0.758762 0.045713 0.033603 0.029551 
0.142685 0.766482 0.030850 0.021606 0.038377 
0.151630 0.766142 0.027931 0.019365 0.034932 
0.893623 0.012540 0.008760 0.047291 0.037786 
0.686705 0.025916 0.006732 0.136979 0.143668 
0.529471 0.371213 0.010171 0.004834 0.084312 
0.490002 0.000492 0.395243 0.001011 0.113252 
0.599997 0.005292 0.249391 0.000181 0.145139 
0.782466 0.000228 0.163895 0.000935 0.052477 
0.818987 0.036199 0.037369 0.092841 0.014605 
0.883777 0.005199 0.085672 0.025351 0.000001 
0.939061 0.002951 0.038351 0.007902 0.011735 
0.840782 0.010346 0.091037 0.057784 0.000050 
0.489766 0.036854 0.235960 0.199370 0.038050 
0.386552 0.031235 0.251164 0.267634 0.063415 
0.398466 0.001666 0.176475 0.326380 0.097013 
0.559628 0.128823 0.000697 0.237084 0.073768 
0.485160 0.129943 0.232641 0.042106 0.110150 
0.490102 0.050007 0.306357 0.008482 0.145053 
0.298471 0.130771 0.290694 0.116335 0.163730 
0.296841 0.192481 0.227240 0.155449 0.127990 
0.146691 0.008992 0.099050 0.669064 0.076204 
0.011782 0.098607 0.055746 0.670998 0.162868 
0.041713 0.000371 0.142656 0.674483 0.140776 
0.037167 0.107336 0.690067 0.002064 0.163366 
0.080974 0.000601 0.175360 0.584634 0.158431 
0.103772 0.004577 0.234956 0.537458 0.119237 
0.019537 0.001018 0.049779 0.584230 0.345436 
0.057444 0.014028 0.034831 0.632163 0.261534 
0.119883 0.771798 0.050337 0.037002 0.020980 
0.117027 0.774803 0.053907 0.039626 0.014637 
0.001068 0.156815 0.459784 0.011223 0.371110 
0.001218 0.033410 0.759113 0.016860 0.189398 
0.001060 0.006737 0.949251 0.019377 0.023575 
0.007706 0.013781 0.960201 0.018293 0.000019 
0.072494 0.059259 0.816283 0.051947 0.000017 
0.718540 0.238860 0.018246 0.001416 0.022939 
0.976817 0.003008 0.019737 0.000396 0.000042 
0.647687 0.072219 0.209523 0.069261 0.001310 
0.221551 0.016475 0.402350 0.329459 0.030164 
0.318172 0.022048 0.364159 0.269299 0.026321 
0.292909 0.027967 0.470887 0.208236 0.000000 
0.174378 0.010589 0.543577 0.271384 0.000072 
0.129805 0.005499 0.282299 0.500428 0.081969 
0.123882 0.006436 0.211173 0.512840 0.145669 
0.163064 0.005429 0.226465 0.476217 0.128825 
0.174300 0.011500 0.305723 0.436726 0.071752 
0.315357 0.159316 0.000358 0.045767 0.479202 
0.306849 0.249856 0.059559 0.011474 0.372261 
0.099509 0.058906 0.108402 0.596707 0.136476 
0.126764 0.036458 0.124929 0.629233 0.082616 
0.177389 0.008817 0.127033 0.646347 0.040414 
0.045162 0.276616 0.208465 0.414899 0.054858 
0.022426 0.328652 0.231032 0.387776 0.030115 
0.074781 0.165596 0.357146 0.400509 0.001967 
0.103747 0.153395 0.281877 0.444603 0.016378 
0.522182 0.248276 0.189111 0.000083 0.040347 
0.498677 0.226694 0.128216 0.014451 0.131963 
0.028089 0.328513 0.374206 0.212529 0.056662 
0.157749 0.084010 0.397238 0.360987 0.000016 
0.015069 0.240765 0.058203 0.401784 0.284178 
0.000652 0.257688 0.047274 0.314877 0.379510 
0.264363 0.048165 0.222114 0.454514 0.010844 
0.217323 0.017202 0.166394 0.580704 0.018376 
0.033668 0.347681 0.017469 0.394770 0.206412 
0.007127 0.378965 0.011963 0.301892 0.300053 
0.000975 0.386519 0.011887 0.202160 0.398459 
0.000510 0.322061 0.002398 0.138770 0.536261 
0.139326 0.149604 0.043916 0.528611 0.138543 
0.091287 0.062556 0.057240 0.598883 0.190035 
0.027304 0.178086 0.057908 0.626239 0.110464 
0.101897 0.183823 0.017005 0.580926 0.116350 
0.089348 0.270845 0.029497 0.462666 0.147644 
0.031724 0.203724 0.056256 0.518064 0.190232 
0.186939 0.130052 0.618528 0.064469 0.000013 
0.320523 0.255669 0.055632 0.017251 0.350925 
0.390278 0.205401 0.066539 0.047789 0.289994 
0.335199 0.191599 0.055901 0.057311 0.359990 
0.281165 0.210834 0.045484 0.031343 0.431174 
0.485364 0.024883 0.287560 0.003771 0.198422 
0.411437 0.010011 0.413592 0.014337 0.150622 
0.349482 0.014792 0.432362 0.042269 0.161095 
0.071076 0.088306 0.089991 0.619696 0.130932 
0.073539 0.151029 0.124231 0.543640 0.107561 
0.531148 0.434870 0.015021 0.009533 0.009428 
0.143036 0.754485 0.043331 0.030596 0.028552 
0.203985 0.702232 0.033613 0.020512 0.039658 
0.234829 0.672520 0.020876 0.006578 0.065196 
0.166477 0.750636 0.023116 0.014633 0.045138 
0.347293 0.567651 0.022788 0.061729 0.000539 
0.246330 0.674459 0.026683 0.052225 0.000303 
0.279748 0.666549 0.012357 0.038419 0.002926 
0.392214 0.543486 0.014212 0.036385 0.013704 
0.334820 0.006361 0.011413 0.415341 0.232066 
0.295837 0.038650 0.402811 0.030044 0.232658 
0.126212 0.446969 0.370290 0.056376 0.000154 
0.321997 0.040854 0.240052 0.219942 0.177154 
0.264967 0.453473 0.198724 0.011857 0.070979 
0.710610 0.077395 0.010064 0.164107 0.037824 
0.557950 0.046488 0.013732 0.255917 0.125912 
0.731928 0.009160 0.030345 0.167887 0.060680 
0.686695 0.280408 0.021604 0.006240 0.005053 
0.750406 0.194452 0.049640 0.001387 0.004116 
0.581374 0.312339 0.062688 0.033104 0.010495 
0.524496 0.416322 0.027267 0.031308 0.000606 
0.132773 0.007994 0.410381 0.427504 0.021348 
0.083838 0.001454 0.352392 0.512318 0.049998 
0.154636 0.781334 0.012836 0.019624 0.031570 
0.156496 0.790733 0.009454 0.019860 0.023458 
0.000640 0.244107 0.085970 0.631694 0.037589 
0.006414 0.288613 0.112279 0.581490 0.011204 
0.650067 0.026595 0.173075 0.131107 0.019156 
0.293228 0.166338 0.102929 0.223011 0.214494 
0.538618 0.084510 0.256434 0.114464 0.005974 
0.044837 0.004008 0.689574 0.008767 0.252814 
0.051026 0.000758 0.702511 0.017989 0.227716 
0.087343 0.006092 0.616656 0.001004 0.288905 
0.081650 0.009853 0.595601 0.000080 0.312816 
0.178586 0.759667 0.021153 0.040375 0.000219 
0.152476 0.789461 0.023402 0.034473 0.000187 
0.147728 0.812421 0.012451 0.026054 0.001346 
0.173131 0.780251 0.014592 0.030535 0.001491 
0.425865 0.485344 0.010905 0.027918 0.049969 
0.320184 0.615652 0.009970 0.029984 0.024210 
0.307836 0.608996 0.008332 0.025056 0.049779 
0.408206 0.504167 0.002831 0.001040 0.083756 
0.359560 0.540159 0.007242 0.000254 0.092785 
0.272761 0.626872 0.015376 0.018831 0.066161 
0.155502 0.747307 0.042669 0.054437 0.000085 
0.220325 0.633487 0.055180 0.087894 0.003114 
0.213100 0.612264 0.098161 0.072157 0.004318 
0.153250 0.721162 0.070592 0.051892 0.003105 
0.000748 0.083778 0.205605 0.670845 0.039024 
0.042589 0.027730 0.206399 0.604829 0.118453 
0.017625 0.039516 0.290848 0.611272 0.040739 
0.005133 0.000729 0.821778 0.009189 0.163170 
0.032101 0.041004 0.711583 0.003351 0.211961 
0.013920 0.000231 0.079858 0.752670 0.153321 
0.058753 0.007448 0.246954 0.598811 0.088035 
0.263983 0.458740 0.124429 0.142422 0.010426 
0.221770 0.421525 0.196113 0.153117 0.007474 
0.222312 0.510029 0.164046 0.094436 0.009177 
0.449908 0.058026 0.322386 0.163315 0.006365 
0.180554 0.753884 0.009322 0.018492 0.037748 
0.136663 0.005651 0.800245 0.015710 0.041732 
0.041283 0.894255 0.008317 0.043660 0.012486 
0.075387 0.489661 0.172372 0.255274 0.007305 
0.171996 0.004516 0.484639 0.172652 0.166197 
0.193693 0.765263 0.007498 0.023311 0.010234 
0.193165 0.757319 0.006479 0.020142 0.022895 
0.205673 0.024138 0.004655 0.464511 0.301023 
0.128030 0.018706 0.000365 0.507794 0.345104 
0.105019 0.005473 0.548548 0.000045 0.340915 
0.189274 0.006095 0.499216 0.002933 0.302481 
0.041418 0.009803 0.347638 0.571181 0.029959 
0.042621 0.094141 0.648870 0.002834 0.211534 
0.079809 0.142285 0.555058 0.000032 0.222817 
0.001667 0.000378 0.041565 0.458319 0.498071 
0.077898 0.000632 0.171840 0.421028 0.328602 
0.026967 0.144439 0.348422 0.476495 0.003678 
0.082523 0.096303 0.562907 0.121960 0.136307 
0.147194 0.128423 0.695431 0.028311 0.000641 
0.020857 0.203549 0.265657 0.509934 0.000003 
0.102086 0.278344 0.311499 0.304693 0.003378 
0.172818 0.002360 0.282993 0.303839 0.237990 
0.135529 0.004986 0.162002 0.431650 0.265834 
0.139038 0.736774 0.064046 0.047079 0.013062 
0.128322 0.765992 0.059110 0.043451 0.003125 
0.265700 0.091995 0.125529 0.392014 0.124762 
0.210659 0.029460 0.173331 0.408619 0.177930 
0.355015 0.052833 0.213037 0.264110 0.115005 
0.246686 0.020158 0.284111 0.279596 0.169449 
0.001278 0.589676 0.050933 0.333081 0.025031 
0.012862 0.341097 0.169817 0.467274 0.008950 
0.032492 0.350530 0.000577 0.556488 0.059913 
0.251342 0.041345 0.700537 0.003611 0.003165 
0.059025 0.211221 0.543869 0.122668 0.063217 
0.121117 0.812040 0.029084 0.037504 0.000255 
0.130116 0.822868 0.019709 0.027305 0.000001 
0.152476 0.789461 0.023402 0.034473 0.000187 
0.136052 0.782906 0.035525 0.045485 0.000031 
0.136885 0.780464 0.036285 0.046293 0.000072 
0.132069 0.773719 0.046887 0.043166 0.004160 
0.151355 0.422832 0.015283 0.211780 0.198751 
0.374222 0.424251 0.070312 0.109760 0.021455 
0.002751 0.085187 0.678055 0.081062 0.152945 
0.226499 0.432301 0.015596 0.023314 0.302290 
0.290634 0.266159 0.086836 0.070433 0.285938 
0.005275 0.057082 0.787668 0.010101 0.139874 
0.025195 0.002600 0.950109 0.004913 0.017183 
0.180093 0.056708 0.717835 0.044650 0.000714 
0.123383 0.039799 0.794069 0.033578 0.009171 
0.311409 0.107661 0.528800 0.052033 0.000096 
0.198822 0.485710 0.001323 0.001323 0.312822 
0.137814 0.822384 0.012225 0.020750 0.006828 
0.127017 0.835375 0.009103 0.019049 0.009456 
0.236569 0.037290 0.665878 0.032886 0.027378 
0.376519 0.085582 0.456063 0.054718 0.027118 
0.458304 0.209860 0.086756 0.034516 0.210563 
0.011150 0.400312 0.133433 0.359577 0.095529 
0.019742 0.321030 0.109468 0.419532 0.130228 
0.023957 0.218648 0.073878 0.523419 0.160097 
0.022278 0.128262 0.044895 0.611259 0.193306 
0.372766 0.063422 0.316342 0.165174 0.082295 
0.026124 0.011643 0.553732 0.236422 0.172080 
0.032894 0.000444 0.559601 0.155887 0.251175 
0.482897 0.102323 0.120994 0.249963 0.043823 
0.125206 0.834254 0.008974 0.018777 0.012789 
0.227736 0.122468 0.310169 0.214699 0.124927 
0.229793 0.142305 0.271440 0.237872 0.118589 
0.266637 0.303158 0.024653 0.001874 0.403678 
0.240486 0.231726 0.024990 0.014423 0.488375 
0.214391 0.221322 0.005317 0.030062 0.528908 
0.179386 0.320184 0.004126 0.010154 0.486150 
0.000201 0.211198 0.343404 0.010572 0.434625 
0.193124 0.257225 0.015140 0.000525 0.533986 
0.056893 0.246034 0.184247 0.436871 0.075955 
0.072413 0.207669 0.152518 0.463462 0.103937 
0.059728 0.000223 0.501315 0.435620 0.003113 
0.005603 0.109516 0.013983 0.563072 0.307826 
0.304413 0.578692 0.023988 0.000284 0.092624 
0.254329 0.647518 0.036930 0.008017 0.053206 
0.304122 0.005494 0.523131 0.073423 0.093830 
0.179895 0.642714 0.080713 0.059331 0.037347 
0.265024 0.558102 0.066811 0.106132 0.003931 
0.305326 0.469419 0.070894 0.141939 0.012422 
0.000000 0.434952 0.255030 0.309218 0.000800 
0.043123 0.227305 0.409554 0.311534 0.008485 
0.397854 0.139283 0.030314 0.072371 0.360179 
0.442117 0.146775 0.045047 0.072493 0.293568 
0.801546 0.000041 0.089224 0.091412 0.017777 
0.135650 0.196363 0.345636 0.226487 0.095864 
0.149418 0.312086 0.312274 0.180057 0.046165 
0.517473 0.201110 0.157571 0.056155 0.067692 
0.133322 0.815052 0.014167 0.018345 0.019114 
0.126413 0.787324 0.035548 0.026131 0.024585 
0.206824 0.575541 0.115754 0.055884 0.045998 
0.375266 0.093380 0.007052 0.327132 0.197170 
0.176752 0.127820 0.342707 0.258431 0.094291 
0.143354 0.119139 0.419742 0.179982 0.137782 
0.115149 0.172633 0.000313 0.512429 0.199477 
0.260008 0.025636 0.443303 0.160530 0.110522 
0.147301 0.810073 0.015305 0.025979 0.001342 
0.131636 0.829106 0.014543 0.023216 0.001500 
0.112997 0.809887 0.036563 0.036932 0.003621 
0.100070 0.818588 0.035526 0.032707 0.013109 
0.052387 0.082169 0.060227 0.602935 0.202282 
0.004936 0.466336 0.140810 0.318694 0.069224 
0.060034 0.471294 0.002002 0.124902 0.341768 
0.246150 0.305503 0.023552 0.000004 0.424790 
0.271276 0.195469 0.000308 0.039369 0.493578 
0.354650 0.291555 0.145794 0.137091 0.070910 
0.058839 0.041761 0.624586 0.003913 0.270900 
0.159970 0.104452 0.430630 0.165362 0.139587 
0.078177 0.050990 0.579068 0.104063 0.187703 
0.042324 0.026939 0.648864 0.068881 0.212993 
0.204953 0.110216 0.379183 0.193220 0.112429 
0.103962 0.822412 0.031248 0.031563 0.010815 
0.113013 0.814698 0.034021 0.034995 0.003274 
0.125075 0.793630 0.033105 0.025634 0.022556 
0.128625 0.816153 0.019596 0.018475 0.017151 
0.125876 0.833951 0.009022 0.018878 0.012274 
0.128106 0.813154 0.025444 0.033213 0.000083 
0.126705 0.827767 0.019007 0.026397 0.000125 
0.129612 0.831110 0.014319 0.022859 0.002100 
0.125327 0.818765 0.024147 0.031639 0.000123 
0.122476 0.813363 0.029864 0.031753 0.002544 
0.122038 0.807770 0.026548 0.027200 0.016443 
0.113516 0.815923 0.028211 0.028904 0.013446 
0.113516 0.815923 0.028211 0.028904 0.013446 
0.123185 0.801780 0.029125 0.026710 0.019200 
0.123504 0.812270 0.024866 0.025494 0.013867 
0.110758 0.825825 0.025498 0.027111 0.010809 
0.111212 0.825260 0.027118 0.028833 0.007578 
0.109480 0.820037 0.029816 0.030554 0.010114 
0.111212 0.825260 0.027118 0.028833 0.007578 
0.115235 0.821830 0.028098 0.029876 0.004962 
0.118967 0.817087 0.029008 0.030843 0.004094 
0.119138 0.816824 0.029050 0.030888 0.004100 
0.104029 0.824214 0.030313 0.031058 0.010387 
0.121599 0.817562 0.023966 0.025481 0.011392 
0.124293 0.820054 0.022354 0.026593 0.006706 
0.111212 0.825260 0.027118 0.028833 0.007578 
0.111433 0.825197 0.025478 0.027090 0.010801 
0.127704 0.817760 0.019267 0.018511 0.016758 
0.127157 0.818928 0.018900 0.018607 0.016409 
0.125912 0.828106 0.015074 0.018883 0.012025 
0.126375 0.827904 0.015889 0.019028 0.010804 
0.126544 0.832263 0.011001 0.018978 0.011215 
0.127031 0.832201 0.011268 0.019127 0.010374 
0.125424 0.833974 0.012455 0.019350 0.008798 
0.127230 0.833507 0.011286 0.019157 0.008820 
0.125552 0.834828 0.012133 0.019370 0.008118 
0.125579 0.831983 0.011361 0.018833 0.012245 
0.126894 0.834564 0.010065 0.019030 0.009447 
0.125353 0.833505 0.013698 0.019339 0.008105 
0.128129 0.824798 0.017682 0.023556 0.005836 
0.124896 0.815948 0.026168 0.031530 0.001458 
0.124872 0.815794 0.026163 0.031524 0.001646 
0.124840 0.822457 0.022615 0.029867 0.000221 
0.124631 0.823501 0.022083 0.029249 0.000535 
0.115235 0.821830 0.028098 0.029876 0.004962 
0.117845 0.825126 0.024691 0.029750 0.002588 
0.126912 0.834686 0.009921 0.019033 0.009448 
0.137640 0.822608 0.012209 0.020724 0.006819 
0.137493 0.822798 0.012196 0.020702 0.006812 
0.135560 0.824252 0.013123 0.020950 0.006115 
0.129612 0.831110 0.014319 0.022859 0.002100 
0.125814 0.828878 0.018874 0.026211 0.000223 
0.125814 0.828878 0.018874 0.026211 0.000223 
0.129370 0.829556 0.016162 0.022817 0.002096 
0.122440 0.833312 0.018368 0.025508 0.000373 
0.126916 0.831680 0.016395 0.022952 0.002056 
0.132933 0.825943 0.014589 0.020595 0.005941 
0.120895 0.835623 0.017220 0.023915 0.002347 
0.116988 0.833355 0.020659 0.027362 0.001636 
0.128962 0.829856 0.014942 0.020917 0.005323 
0.130587 0.829014 0.014331 0.020232 0.005836 
0.126003 0.832363 0.015823 0.022151 0.003660 
0.131714 0.174983 0.102202 0.553185 0.037916 
0.155635 0.206763 0.099741 0.505405 0.032457 
0.138986 0.181158 0.118445 0.514847 0.046564 
0.121380 0.158211 0.105811 0.573932 0.040666 
0.102793 0.168532 0.115895 0.594223 0.018558 
0.118290 0.194383 0.134762 0.530986 0.021579 
0.129534 0.211853 0.104637 0.532320 0.021656 
0.118174 0.181493 0.080099 0.599902 0.020333 
0.094095 0.154625 0.127578 0.591265 0.032436 
0.094150 0.161287 0.153797 0.552982 0.037785 
0.123650 0.212193 0.170337 0.466544 0.027276 
0.181644 0.312165 0.190539 0.297282 0.018370 
0.224097 0.366510 0.127847 0.262816 0.018730 
0.155383 0.254127 0.124549 0.440098 0.025843 
0.179462 0.173372 0.221130 0.339119 0.086917 
0.220078 0.213294 0.189628 0.289210 0.087789 
0.143829 0.220894 0.086070 0.524461 0.024747 
0.136702 0.188632 0.087608 0.558550 0.028508 
0.122404 0.144252 0.157361 0.516702 0.059282 
0.098394 0.122004 0.126494 0.605454 0.047654 
0.117520 0.147500 0.122087 0.566014 0.046879 
0.145463 0.175237 0.147297 0.473977 0.058026 
0.257792 0.287997 0.149169 0.244009 0.061033 
0.281060 0.355455 0.099993 0.234286 0.029206 
0.252576 0.387910 0.083992 0.254413 0.021110 
0.108386 0.104708 0.182074 0.552338 0.052493 
0.149618 0.144540 0.251338 0.382042 0.072462 
0.129780 0.160815 0.263439 0.376733 0.069233 
0.095057 0.125247 0.192955 0.536031 0.050709 
0.178351 0.273914 0.087982 0.429066 0.030687 
0.173856 0.219876 0.126477 0.421544 0.058246 
0.187379 0.248935 0.100067 0.424542 0.039077 
0.096904 0.172679 0.194184 0.486470 0.049764 
0.087841 0.118410 0.151834 0.599371 0.042543 
0.064236 0.079650 0.091184 0.733820 0.031111 
0.072339 0.091676 0.083672 0.720791 0.031522 
0.082583 0.102399 0.106167 0.668855 0.039996 
0.074975 0.092966 0.121358 0.674390 0.036312 
0.088203 0.109367 0.142769 0.616943 0.042718 
0.075149 0.118159 0.125860 0.644436 0.036396 
0.095895 0.125027 0.085246 0.661099 0.032733 
0.104254 0.138503 0.083919 0.642660 0.030664 
0.108370 0.148256 0.084088 0.628090 0.031196 
0.129222 0.233388 0.264650 0.318140 0.054600 
0.107904 0.148894 0.069413 0.651183 0.022606 
0.090251 0.138609 0.085953 0.669658 0.015528 
0.098845 0.124060 0.102686 0.634980 0.039429 
0.081449 0.102227 0.084614 0.699220 0.032490 
0.062206 0.099735 0.101672 0.706261 0.030127 
0.078859 0.129293 0.104243 0.657712 0.029893 
0.071640 0.110025 0.082522 0.713282 0.022532 
0.056132 0.083991 0.079680 0.753011 0.027186 
0.086233 0.120315 0.074605 0.700223 0.018624 
0.093709 0.129307 0.071690 0.678940 0.026354 
0.096041 0.131389 0.075485 0.669438 0.027647 
0.059911 0.075983 0.077031 0.760793 0.026282 
0.064158 0.081308 0.074209 0.752369 0.027957 
0.072899 0.092528 0.075732 0.729762 0.029079 
0.060461 0.076622 0.076426 0.760146 0.026346 
0.059480 0.082632 0.076477 0.755318 0.026093 
0.078907 0.108780 0.068862 0.720736 0.022715 
0.073833 0.103014 0.072945 0.725503 0.024705 
0.076017 0.106061 0.074101 0.718966 0.024855 
0.078740 0.109861 0.069195 0.720756 0.021449 
0.076017 0.106061 0.074101 0.718966 0.024855 
0.080936 0.112925 0.070023 0.715890 0.020226 
0.068664 0.097032 0.074374 0.734555 0.025375 
0.069536 0.098921 0.074672 0.731394 0.025477 
0.068664 0.097032 0.074374 0.734555 0.025375 
0.062897 0.090374 0.075482 0.745494 0.025753 
0.059232 0.086454 0.076158 0.752171 0.025984 
0.059232 0.086454 0.076158 0.752171 0.025984 
0.077547 0.106905 0.067675 0.725549 0.022323 
0.074361 0.102512 0.072220 0.726748 0.024159 
0.071371 0.101531 0.076643 0.724307 0.026149 
0.089668 0.123730 0.068598 0.692786 0.025218 
0.084658 0.116708 0.066538 0.707726 0.024370 
0.082782 0.113992 0.066064 0.713158 0.024004 
0.079902 0.109545 0.064884 0.722115 0.023554 
0.089322 0.122198 0.071284 0.691295 0.025901 
0.083501 0.114234 0.067807 0.709843 0.024615 
0.079665 0.108985 0.065496 0.722138 0.023715 
0.084914 0.112809 0.069929 0.706728 0.025621 
0.081555 0.108347 0.067163 0.718328 0.024607 
0.091924 0.125757 0.072249 0.683607 0.026462 
0.089379 0.118740 0.071945 0.693647 0.026289 
0.080146 0.106475 0.066763 0.722232 0.024384 
0.072301 0.098186 0.072821 0.731237 0.025456 
0.069965 0.097397 0.073744 0.733473 0.025421 
0.068664 0.097032 0.074374 0.734555 0.025375 
0.060219 0.080319 0.076120 0.757103 0.026240 
0.060136 0.081583 0.076015 0.756062 0.026204 
0.060461 0.076622 0.076426 0.760146 0.026346 
0.060461 0.076622 0.076426 0.760146 0.026346 
0.062374 0.089821 0.075087 0.746834 0.025884 
0.060072 0.082564 0.075934 0.755255 0.026176 
0.092887 0.123401 0.074769 0.681622 0.027321 
0.086512 0.112795 0.076905 0.694257 0.029530 
0.083458 0.108812 0.074190 0.705054 0.028487 
0.079528 0.103689 0.070697 0.718940 0.027146 
0.070023 0.089339 0.072744 0.739962 0.027932 
0.064158 0.081308 0.074209 0.752369 0.027957 
0.061909 0.078458 0.072545 0.760111 0.026977 
0.069386 0.088527 0.072531 0.741878 0.027678 
0.061745 0.078250 0.072979 0.760121 0.026905 
0.066506 0.086439 0.071483 0.748989 0.026582 
0.077999 0.101761 0.070133 0.723343 0.026763 
0.065281 0.087047 0.071932 0.749220 0.026519 
0.063317 0.084557 0.075470 0.750639 0.026016 
0.073834 0.097797 0.069906 0.732466 0.025996 
0.076409 0.099687 0.068703 0.728983 0.026218 
0.069760 0.092109 0.070730 0.741099 0.026302 
0.214609 0.091624 0.365124 0.151259 0.177384 
0.229025 0.099823 0.346165 0.162632 0.162355 
0.204063 0.074984 0.402559 0.127939 0.190456 
0.185421 0.063655 0.429255 0.113128 0.208541 
0.180889 0.094265 0.428863 0.166960 0.129023 
0.178293 0.092912 0.431961 0.164564 0.132269 
0.194765 0.101496 0.386323 0.179768 0.137648 
0.207472 0.100931 0.363076 0.181892 0.146628 
0.131024 0.053476 0.509067 0.118002 0.188431 
0.143798 0.066622 0.496765 0.131122 0.161693 
0.190731 0.099394 0.399033 0.176045 0.134797 
0.189637 0.101979 0.413662 0.178780 0.115941 
0.200860 0.104672 0.367120 0.185393 0.141955 
0.200860 0.104672 0.367120 0.185393 0.141955 
0.219470 0.106768 0.326245 0.192410 0.155107 
0.209584 0.101959 0.340064 0.183743 0.164649 
0.147259 0.026271 0.533493 0.037585 0.255392 
0.143468 0.029264 0.519756 0.058697 0.248816 
0.174130 0.049297 0.466072 0.084074 0.226427 
0.179449 0.046441 0.480308 0.060458 0.233343 
0.237369 0.075898 0.392402 0.079511 0.214820 
0.246693 0.107524 0.318472 0.152963 0.174347 
0.224658 0.109292 0.310317 0.196958 0.158774 
0.128901 0.009426 0.593569 0.017592 0.250512 
0.129795 0.009491 0.597686 0.010778 0.252250 
0.105582 0.012723 0.630714 0.045789 0.205192 
0.100251 0.028890 0.598869 0.077157 0.194832 
0.219470 0.106768 0.326245 0.192410 0.155107 
0.206773 0.075979 0.407905 0.116359 0.192985 
0.229025 0.099824 0.346165 0.162632 0.162355 
0.160051 0.082989 0.457648 0.150441 0.148871 
0.112108 0.017462 0.588615 0.063940 0.217875 
0.143468 0.029264 0.519755 0.058697 0.248816 
0.145877 0.031815 0.514105 0.062093 0.246111 
0.143192 0.030005 0.518756 0.059710 0.248337 
0.143468 0.029264 0.519756 0.058697 0.248816 
0.141977 0.028960 0.524745 0.058087 0.246231 
0.115082 0.023474 0.577434 0.070611 0.213399 
0.182717 0.061572 0.434137 0.110662 0.210912 
0.193065 0.072905 0.406329 0.130299 0.197403 
0.209430 0.088063 0.366560 0.157865 0.178082 
0.128439 0.066661 0.515100 0.122239 0.167561 
0.154372 0.012618 0.551084 0.014198 0.267727 
0.200721 0.095886 0.361726 0.175473 0.166194 
0.188024 0.091470 0.409570 0.164841 0.146096 
0.174130 0.049297 0.466072 0.084074 0.226427 
0.173861 0.049220 0.466898 0.083944 0.226077 
0.127493 0.026006 0.558400 0.066991 0.221111 
0.135883 0.056504 0.500661 0.121925 0.185027 
0.148214 0.056354 0.481070 0.125258 0.189104 
0.124608 0.028115 0.545764 0.085407 0.216107 
0.183734 0.085517 0.409716 0.159977 0.161056 
0.204313 0.083736 0.374614 0.155343 0.181995 
0.193221 0.073985 0.397662 0.141940 0.193192 
0.145877 0.031815 0.514105 0.062093 0.246111 
0.150414 0.034481 0.506900 0.065542 0.242662 
0.173861 0.049220 0.466898 0.083944 0.226077 
0.150414 0.034481 0.506900 0.065542 0.242662 
0.128536 0.029615 0.536860 0.088134 0.216855 
0.184493 0.075822 0.423080 0.148418 0.168187 
0.165799 0.065461 0.449999 0.136972 0.181769 
0.175387 0.074131 0.433482 0.146601 0.170398 
0.185878 0.076390 0.418752 0.149532 0.169448 
0.175387 0.074131 0.433482 0.146601 0.170398 
0.181900 0.079652 0.420257 0.152991 0.165200 
0.150715 0.053838 0.479360 0.122460 0.193629 
0.148890 0.056868 0.479747 0.125910 0.188585 
0.150715 0.053838 0.479359 0.122460 0.193629 
0.133297 0.044500 0.507029 0.110369 0.204805 
0.132949 0.044517 0.507233 0.110413 0.204888 
0.132949 0.044517 0.507233 0.110413 0.204888 
0.173156 0.065985 0.444233 0.137186 0.179440 
0.165799 0.065461 0.449999 0.136972 0.181769 
0.148890 0.056868 0.479747 0.125910 0.188585 
0.201693 0.082233 0.381605 0.153143 0.181326 
0.198805 0.080417 0.388907 0.150639 0.181233 
0.188271 0.072090 0.413091 0.138304 0.188244 
0.186202 0.069415 0.414287 0.135801 0.194295 
0.193221 0.073985 0.397662 0.141940 0.193192 
0.193221 0.073985 0.397662 0.141940 0.193192 
0.188913 0.070426 0.405757 0.137779 0.197125 
0.190569 0.070859 0.410980 0.127930 0.199662 
0.190569 0.070859 0.410980 0.127930 0.199662 
0.193221 0.073985 0.397662 0.141940 0.193192 
0.193065 0.072905 0.406329 0.130299 0.197403 
0.190498 0.070801 0.411112 0.127863 0.199726 
0.176280 0.059905 0.440972 0.114397 0.208446 
0.154140 0.049753 0.476748 0.117878 0.201482 
0.150715 0.053838 0.479360 0.122460 0.193629 
0.142745 0.032723 0.501138 0.093104 0.230289 
0.138615 0.034873 0.504629 0.098258 0.223626 
0.151948 0.035402 0.504443 0.066721 0.241486 
0.149509 0.034834 0.496346 0.081701 0.237610 
0.133894 0.044469 0.506680 0.110293 0.204664 
0.135724 0.037403 0.506286 0.101625 0.218962 
0.193065 0.072905 0.406329 0.130299 0.197403 
0.182717 0.061572 0.434137 0.110662 0.210912 
0.182717 0.061572 0.434137 0.110662 0.210912 
0.182717 0.061572 0.434137 0.110662 0.210912 
0.173861 0.049220 0.466898 0.083944 0.226077 
0.151948 0.035402 0.504443 0.066721 0.241486 
0.151948 0.035402 0.504443 0.066721 0.241486 
0.173861 0.049220 0.466898 0.083944 0.226077 
0.154041 0.036674 0.501072 0.068340 0.239872 
0.173861 0.049220 0.466898 0.083944 0.226077 
0.182717 0.061572 0.434137 0.110662 0.210912 
0.161309 0.044401 0.476833 0.089189 0.228268 
0.150378 0.038389 0.491754 0.088969 0.230510 
0.178148 0.060540 0.435048 0.115609 0.210655 
0.182717 0.061572 0.434137 0.110662 0.210912 
0.170914 0.050641 0.458983 0.097218 0.222244 
0.209639 0.032808 0.461806 0.035292 0.260456 
0.056894 0.021486 0.000162 0.281931 0.639527 
0.063716 0.024062 0.000182 0.315733 0.596307 
0.066746 0.033017 0.000190 0.310044 0.590002 
0.059538 0.029452 0.000170 0.276564 0.634275 
0.046466 0.009364 0.000133 0.301936 0.642103 
0.049835 0.012576 0.000142 0.354970 0.582477 
0.058680 0.011825 0.000167 0.321285 0.608043 
0.050838 0.010862 0.000145 0.274105 0.664050 
0.041251 0.025737 0.000118 0.357412 0.575483 
0.045461 0.031408 0.000130 0.408528 0.514474 
0.057506 0.011567 0.000164 0.421203 0.509559 
0.060779 0.023784 0.000000 0.549947 0.365491 
0.081421 0.013973 0.000232 0.508219 0.396154 
0.063186 0.010844 0.000180 0.394395 0.531395 
0.112762 0.138624 0.001418 0.507819 0.239376 
0.093049 0.098172 0.000198 0.478617 0.329965 
0.096117 0.084068 0.000240 0.448067 0.371508 
0.137059 0.131630 0.001724 0.475600 0.253987 
0.062555 0.013366 0.000178 0.318896 0.605005 
0.053439 0.016963 0.000152 0.272425 0.657020 
0.071833 0.068259 0.000179 0.386659 0.473070 
0.064820 0.049744 0.000162 0.349619 0.535656 
0.066774 0.041038 0.000184 0.322905 0.569100 
0.085798 0.055270 0.000214 0.352340 0.506379 
0.134538 0.121369 0.002132 0.434520 0.307440 
0.109220 0.068892 0.000273 0.399462 0.422153 
0.104960 0.037904 0.000299 0.438821 0.418016 
0.157489 0.079107 0.002653 0.424834 0.335918 
0.101459 0.017412 0.000289 0.471293 0.409547 
0.066809 0.073846 0.000147 0.405141 0.454057 
0.078057 0.103913 0.000162 0.496970 0.320897 
0.065750 0.105132 0.516767 0.000224 0.312127 
0.052587 0.072096 0.000000 0.432035 0.443282 
0.074268 0.014966 0.000212 0.378607 0.531947 
0.079129 0.049088 0.000210 0.342452 0.529121 
0.076787 0.028998 0.000219 0.356687 0.537310 
0.043889 0.044810 0.000000 0.476952 0.434348 
0.042467 0.052436 0.000090 0.400741 0.504266 
0.043402 0.033913 0.000116 0.287450 0.635120 
0.047436 0.035941 0.000129 0.275493 0.641002 
0.056243 0.042756 0.000150 0.314968 0.585883 
0.051156 0.042056 0.000128 0.328235 0.578426 
0.054115 0.054261 0.000135 0.373653 0.517836 
0.043148 0.043265 0.000108 0.353145 0.560335 
0.051242 0.025348 0.000146 0.238026 0.685238 
0.048409 0.018714 0.000138 0.239884 0.692856 
0.045826 0.015167 0.000131 0.233616 0.705260 
0.047680 0.062326 0.593665 0.000816 0.295512 
0.042346 0.013442 0.000121 0.227783 0.716308 
0.039378 0.008887 0.000112 0.251299 0.700324 
0.060920 0.031140 0.000174 0.283206 0.624560 
0.050393 0.026698 0.000144 0.260658 0.662108 
0.039396 0.032322 0.000100 0.301303 0.626879 
0.038079 0.017133 0.000109 0.298610 0.646069 
0.034102 0.013837 0.000097 0.261010 0.690954 
0.034436 0.027643 0.000094 0.273340 0.664487 
0.034646 0.010998 0.000099 0.218618 0.735639 
0.038199 0.012268 0.000109 0.205479 0.743945 
0.041466 0.013724 0.000118 0.211386 0.733306 
0.039077 0.030033 0.000107 0.261212 0.669571 
0.041754 0.031013 0.000119 0.248761 0.678353 
0.046084 0.024415 0.000131 0.240717 0.688653 
0.036211 0.027790 0.000100 0.266586 0.669314 
0.032391 0.023165 0.000092 0.256593 0.687759 
0.035261 0.011324 0.000101 0.220427 0.732887 
0.034610 0.011115 0.000099 0.232884 0.721292 
0.034275 0.011007 0.000098 0.229702 0.724918 
0.035330 0.011346 0.000101 0.218918 0.734306 
0.034128 0.010833 0.000097 0.230310 0.724632 
0.034489 0.010948 0.000098 0.222170 0.732295 
0.033280 0.011993 0.000095 0.248005 0.706627 
0.033102 0.012903 0.000094 0.251044 0.702857 
0.033280 0.011993 0.000095 0.248005 0.706627 
0.032773 0.020761 0.000093 0.250517 0.695856 
0.032970 0.016839 0.000094 0.250042 0.700054 
0.032970 0.016839 0.000094 0.250042 0.700054 
0.035261 0.011324 0.000101 0.220427 0.732887 
0.034610 0.011115 0.000099 0.232884 0.721292 
0.033102 0.012903 0.000094 0.251044 0.702857 
0.036374 0.011681 0.000104 0.211981 0.739860 
0.036374 0.011681 0.000104 0.211981 0.739860 
0.036314 0.011662 0.000104 0.213267 0.738653 
0.036247 0.013499 0.000103 0.212871 0.737280 
0.037660 0.012464 0.000107 0.207076 0.742693 
0.037594 0.012442 0.000107 0.207318 0.742538 
0.037507 0.014715 0.000107 0.206841 0.740830 
0.040191 0.015537 0.000115 0.199622 0.744536 
0.038088 0.014724 0.000109 0.204777 0.742302 
0.039669 0.013129 0.000113 0.202224 0.744865 
0.042158 0.016297 0.000120 0.208906 0.732519 
0.038068 0.015248 0.000109 0.204668 0.741907 
0.035923 0.016794 0.000102 0.230356 0.716824 
0.034115 0.013075 0.000097 0.241738 0.710975 
0.033280 0.011993 0.000095 0.248006 0.706627 
0.032773 0.020761 0.000093 0.250517 0.695856 
0.032773 0.020761 0.000093 0.250517 0.695856 
0.034013 0.026037 0.000095 0.253237 0.686617 
0.033156 0.023676 0.000095 0.248065 0.695009 
0.033133 0.016360 0.000095 0.246909 0.703504 
0.033490 0.018232 0.000096 0.245356 0.702827 
0.043969 0.016997 0.000125 0.217882 0.721026 
0.045431 0.022473 0.000130 0.223630 0.708337 
0.043681 0.021608 0.000125 0.215019 0.719567 
0.041640 0.019954 0.000119 0.206339 0.731949 
0.043971 0.023296 0.000125 0.229680 0.702928 
0.039930 0.028488 0.000114 0.254885 0.676583 
0.036622 0.025905 0.000104 0.255728 0.681640 
0.040868 0.021652 0.000117 0.233510 0.703854 
0.035850 0.023885 0.000102 0.246098 0.694065 
0.037626 0.019887 0.000107 0.236352 0.706027 
0.039254 0.018351 0.000112 0.205709 0.736574 
0.037692 0.017675 0.000108 0.234835 0.709690 
0.035720 0.017495 0.000102 0.241487 0.705196 
0.037226 0.017403 0.000106 0.216390 0.728874 
0.038018 0.017773 0.000108 0.210845 0.733255 
0.038184 0.017851 0.000109 0.225825 0.718031 
0.096193 0.134215 0.001210 0.520048 0.248334 
0.264243 0.110587 0.002006 0.041030 0.582133 
0.310836 0.088897 0.005814 0.051035 0.543419 
0.330628 0.141002 0.028090 0.058813 0.441467 
0.287287 0.165618 0.044783 0.049439 0.452872 
0.242465 0.174967 0.037747 0.031886 0.512935 
0.215589 0.175804 0.030578 0.020101 0.557928 
0.182145 0.182874 0.020907 0.016024 0.598050 
0.325408 0.098374 0.013255 0.053540 0.509423 
0.230607 0.141515 0.000858 0.032723 0.594298 
0.187428 0.163345 0.008499 0.026596 0.614132 
0.165112 0.123981 0.008668 0.025554 0.676685 
0.199799 0.107966 0.001917 0.030922 0.659395 
0.166519 0.151066 0.022979 0.019990 0.639446 
0.192944 0.149895 0.026672 0.022132 0.608357 
0.221265 0.152991 0.033006 0.031741 0.560997 
0.239768 0.090995 0.004673 0.038560 0.626005 
0.267015 0.078410 0.008995 0.043840 0.601740 
0.284269 0.103214 0.012205 0.046771 0.553541 
0.224123 0.096398 0.005243 0.036044 0.638193 
0.196438 0.106150 0.001885 0.030402 0.665125 
0.171751 0.131546 0.014219 0.026581 0.655903 
0.174168 0.122692 0.011050 0.026955 0.665135 
0.174168 0.122692 0.011050 0.026955 0.665135 
0.170085 0.137520 0.016531 0.026324 0.649542 
0.174168 0.122692 0.011050 0.026955 0.665135 
0.167788 0.145605 0.019869 0.025968 0.640770 
0.177035 0.112260 0.007220 0.027399 0.676085 
0.177035 0.112260 0.007220 0.027399 0.676085 
0.187711 0.105266 0.004852 0.028441 0.673731 
0.184492 0.105683 0.004871 0.028553 0.676400 
0.177035 0.112260 0.007220 0.027399 0.676085 
0.174168 0.122692 0.011050 0.026955 0.665135 
0.177035 0.112260 0.007220 0.027399 0.676085 
0.183719 0.124650 0.012131 0.026465 0.653034 
0.177035 0.112260 0.007220 0.027399 0.676085 
0.185789 0.141179 0.024991 0.023466 0.624575 
0.185422 0.140900 0.024942 0.025394 0.623342 
0.186335 0.134511 0.016996 0.026825 0.635332 
0.203981 0.119373 0.014750 0.031994 0.629902 
0.202410 0.132757 0.026048 0.031438 0.607346 
0.209550 0.125552 0.021552 0.032867 0.610479 
0.223785 0.107008 0.016182 0.035100 0.617924 
0.231745 0.125388 0.027092 0.035994 0.579781 
0.225990 0.115204 0.022911 0.035446 0.600450 
0.215083 0.144461 0.031165 0.033117 0.576174 
0.247762 0.138431 0.033041 0.038356 0.542411 
0.238822 0.105452 0.017270 0.037458 0.600997 
0.218270 0.103201 0.012949 0.034235 0.631345 
0.194100 0.111981 0.009959 0.028524 0.655436 
0.205367 0.102545 0.004530 0.032262 0.655296 
0.187711 0.105266 0.004852 0.028441 0.673731 
0.201855 0.100791 0.004453 0.031710 0.661190 
0.223140 0.095975 0.005369 0.035886 0.639629 
0.217048 0.093869 0.005370 0.034906 0.648808 
0.187711 0.105266 0.004852 0.028441 0.673730 
0.200422 0.100075 0.004421 0.031485 0.663597 
0.258866 0.148999 0.040046 0.044770 0.507318 
0.303668 0.131378 0.025800 0.054017 0.485137 
0.293347 0.121411 0.020081 0.046329 0.518831 
0.273894 0.110926 0.016746 0.042541 0.555893 
0.269549 0.097869 0.011573 0.044350 0.576659 
0.249556 0.083891 0.008406 0.040974 0.617173 
0.232556 0.090260 0.007834 0.038182 0.631168 
0.253072 0.091887 0.010865 0.041639 0.602537 
0.231337 0.090057 0.007793 0.037982 0.632831 
0.238509 0.086599 0.010240 0.039243 0.625409 
0.251379 0.101238 0.014914 0.039428 0.593042 
0.226776 0.088282 0.007830 0.037233 0.639880 
0.212427 0.092758 0.006008 0.034163 0.654644 
0.234816 0.094567 0.013931 0.036830 0.619856 
0.244733 0.098561 0.014519 0.038385 0.603801 
0.237971 0.088462 0.010414 0.039154 0.623999 
0.152289 0.000104 0.176867 0.470814 0.199927 
0.192095 0.177702 0.002027 0.396109 0.232067 
0.197105 0.005317 0.224258 0.421807 0.151513 
0.216282 0.014987 0.304154 0.370157 0.094419 
0.177720 0.007529 0.386506 0.404484 0.023760 
0.289591 0.027759 0.275295 0.317565 0.089790 
0.272908 0.000804 0.193704 0.389576 0.143008 
0.256995 0.120956 0.003375 0.350280 0.268393 
0.379669 0.048967 0.303996 0.230579 0.036789 
0.229492 0.351570 0.240659 0.002042 0.176237 
0.218673 0.401501 0.229230 0.000014 0.150582 
0.165132 0.453583 0.274868 0.004942 0.101475 
0.166984 0.409198 0.286635 0.008542 0.128641 
0.170488 0.358548 0.301567 0.016106 0.153291 
0.155899 0.322411 0.325866 0.017612 0.178211 
0.208184 0.239835 0.283996 0.002363 0.265622 
0.211275 0.298667 0.264087 0.002291 0.223680 
0.131507 0.188565 0.390967 0.288927 0.000035 
0.151274 0.199399 0.362169 0.287158 0.000000 
0.131061 0.199531 0.393367 0.000087 0.275953 
0.142035 0.247474 0.388392 0.003693 0.218406 
0.142441 0.217499 0.382709 0.001255 0.256096 
0.200239 0.456186 0.229302 0.001719 0.112553 
0.197440 0.484003 0.219761 0.002014 0.096782 
0.205540 0.431719 0.228853 0.000620 0.133267 
0.152996 0.282902 0.350535 0.006499 0.207068 
0.191160 0.494411 0.224486 0.002058 0.087885 
0.178947 0.485701 0.242895 0.002656 0.089801 
0.191536 0.219479 0.334219 0.000424 0.254342 
0.188091 0.356631 0.280545 0.011784 0.162949 
0.173964 0.314139 0.301182 0.015785 0.194930 
0.189412 0.257751 0.303809 0.004296 0.244732 
0.194176 0.310495 0.278109 0.007814 0.209407 
0.159793 0.247740 0.366174 0.003482 0.222810 
0.157095 0.228261 0.364133 0.001708 0.248803 
0.183872 0.405890 0.269680 0.006106 0.134453 
0.171170 0.274163 0.322993 0.005988 0.225687 
0.209860 0.357863 0.259589 0.005552 0.167136 
0.164092 0.219685 0.356096 0.000579 0.259548 
0.178265 0.233480 0.348628 0.002028 0.237599 
0.187425 0.476598 0.231378 0.002177 0.102422 
0.185070 0.478660 0.234640 0.002411 0.099219 
0.042116 0.135038 0.241645 0.492770 0.088432 
0.013819 0.576781 0.004785 0.262461 0.142154 
0.201507 0.407844 0.249957 0.001931 0.138761 
0.178016 0.465570 0.250278 0.002546 0.103589 
0.179944 0.439741 0.261433 0.004675 0.114208 
0.192922 0.433400 0.245448 0.003145 0.125086 
0.188014 0.456980 0.239917 0.002441 0.112649 
0.318424 0.084846 0.006351 0.130863 0.459515 
0.357720 0.199131 0.099719 0.042700 0.300730 
0.037248 0.664895 0.006111 0.270030 0.021715 
0.135249 0.420189 0.043939 0.123923 0.276701 
0.030695 0.195827 0.250020 0.522068 0.001390 
0.126245 0.251012 0.050328 0.353580 0.218835 
0.239844 0.071290 0.014838 0.297064 0.376964 
0.348632 0.310473 0.311843 0.025789 0.003263 
0.022194 0.168660 0.281933 0.526980 0.000234 
0.323903 0.146240 0.244982 0.092934 0.191941 
0.093389 0.003799 0.478200 0.026645 0.397967 
0.177855 0.006246 0.035383 0.653741 0.126775 
0.000088 0.039352 0.005255 0.681551 0.273754 
0.009071 0.190816 0.292495 0.456028 0.051591 
0.298739 0.241949 0.032635 0.277052 0.149624 
0.059445 0.437005 0.023803 0.476794 0.002952 
0.000239 0.314467 0.206544 0.202067 0.276683 
0.564706 0.049378 0.197757 0.076404 0.111755 
0.445928 0.495681 0.021591 0.000581 0.036219 
0.701178 0.105392 0.106411 0.001753 0.085266 
0.092368 0.506113 0.114744 0.000000 0.286774 
0.335910 0.002922 0.040781 0.000114 0.620273 
0.042475 0.265601 0.011403 0.505528 0.174993 
0.492691 0.007665 0.000769 0.127498 0.371377 
0.215089 0.131000 0.015025 0.076644 0.562241 
0.331108 0.009704 0.000359 0.002989 0.655840 
0.187934 0.350949 0.072067 0.258092 0.130958 
0.155178 0.458470 0.121716 0.255398 0.009237 
0.361378 0.370890 0.094509 0.104579 0.068644 
0.557210 0.372094 0.000338 0.017730 0.052627 
0.299384 0.237973 0.055320 0.013291 0.394031 
0.184509 0.221625 0.406502 0.074214 0.113150 
0.160084 0.003343 0.028058 0.805153 0.003363 
0.028894 0.001783 0.350025 0.600685 0.018613 
0.028113 0.040170 0.101136 0.807777 0.022804 
0.164877 0.000063 0.083440 0.111273 0.640347 
0.173724 0.023254 0.378658 0.423547 0.000817 
0.384176 0.030073 0.053209 0.132195 0.400347 
0.594716 0.049188 0.009609 0.114678 0.231810 
0.815711 0.043907 0.003434 0.021205 0.115743 
0.277072 0.008796 0.307070 0.364721 0.042341 
0.527717 0.029975 0.186771 0.250144 0.005394 
0.099131 0.018397 0.249689 0.420634 0.212149 
0.178580 0.015846 0.293488 0.371195 0.140892 
0.011420 0.131174 0.600831 0.000072 0.256503 
0.062935 0.510927 0.008788 0.056650 0.360701 
0.029158 0.405333 0.084225 0.202388 0.278897 
0.081856 0.266280 0.029158 0.205331 0.417374 
0.000162 0.809672 0.018052 0.010005 0.162110 
0.000455 0.019420 0.061403 0.795479 0.123244 
0.070830 0.078043 0.152758 0.576004 0.122365 
0.230456 0.043919 0.107856 0.597036 0.020734 
0.087335 0.309815 0.020982 0.515082 0.066786 
0.167155 0.116082 0.089397 0.612085 0.015281 
0.098952 0.013882 0.041518 0.312116 0.533532 
0.012608 0.000127 0.833895 0.089518 0.063851 
0.002375 0.306150 0.376230 0.018053 0.297191 
0.030342 0.129291 0.134326 0.040468 0.665573 
0.059871 0.048670 0.011981 0.804994 0.074484 
0.001784 0.018443 0.031013 0.890368 0.058392 
0.114533 0.022063 0.227080 0.634167 0.002157 
0.021576 0.011292 0.193562 0.149839 0.623731 
0.016928 0.226880 0.528715 0.021505 0.205972 
0.022618 0.526703 0.253542 0.046971 0.150166 
0.001068 0.639551 0.246290 0.058006 0.055084 
0.012175 0.196211 0.514164 0.038813 0.238638 
0.053863 0.001328 0.743484 0.098676 0.102649 
0.129617 0.452264 0.304296 0.038051 0.075771 
0.135420 0.074095 0.121135 0.322918 0.346432 
0.038212 0.083142 0.441004 0.405811 0.031831 
0.005079 0.130295 0.475532 0.220169 0.168925 
0.004866 0.583371 0.015291 0.250014 0.146457 
0.436829 0.027934 0.000917 0.311189 0.223132 
0.177367 0.006366 0.001350 0.747124 0.067793 
0.005987 0.127366 0.120444 0.590383 0.155819 
0.000000 0.283141 0.122568 0.315314 0.278977 
0.032629 0.055681 0.019792 0.879666 0.012232 
0.053274 0.179428 0.102579 0.001090 0.663629 
0.102912 0.347773 0.137796 0.063329 0.348190 
0.125042 0.440407 0.086547 0.142332 0.205672 
0.141402 0.669922 0.000838 0.057923 0.129915 
0.242690 0.000048 0.001445 0.703326 0.052492 
0.430380 0.028271 0.004884 0.459267 0.077198 
0.099548 0.088439 0.770452 0.041543 0.000017 
0.273302 0.247019 0.443126 0.002234 0.034319 
0.018180 0.065216 0.576356 0.337516 0.002731 
0.037945 0.011656 0.394373 0.000364 0.555662 
0.040017 0.281045 0.519150 0.150376 0.009412 
0.059331 0.002271 0.105014 0.810373 0.023011 
0.007437 0.444876 0.252498 0.262038 0.033152 
0.016740 0.036991 0.110344 0.829272 0.006652 
0.116264 0.005615 0.169807 0.029139 0.679176 
0.214802 0.142327 0.094728 0.148564 0.399579 
0.053651 0.058399 0.014278 0.240444 0.633229 
0.145651 0.254934 0.028212 0.569110 0.002093 
0.019204 0.228266 0.490016 0.035510 0.227004 
0.049412 0.018387 0.313439 0.432347 0.186415 
0.021645 0.025392 0.789822 0.142281 0.020861 
0.058298 0.812196 0.071304 0.002616 0.055586 
0.000075 0.284670 0.336956 0.195823 0.182476 
0.046015 0.030739 0.026637 0.245303 0.651306 
0.078039 0.027574 0.037429 0.058938 0.798020 
0.332638 0.015486 0.101511 0.529452 0.020913 
0.479423 0.000037 0.228954 0.194097 0.097489 
0.341132 0.000860 0.300732 0.021235 0.336041 
0.098526 0.011359 0.004883 0.091539 0.793693 
0.000163 0.172888 0.004945 0.275847 0.546156 
0.019778 0.365598 0.077083 0.284895 0.252646 
0.172572 0.140279 0.129530 0.012076 0.545543 
0.270492 0.016806 0.344931 0.000004 0.367766 
0.062576 0.000754 0.793777 0.005500 0.137393 
0.102531 0.101551 0.701215 0.010300 0.084403 
0.008368 0.807792 0.001828 0.040521 0.141491 
0.007578 0.536426 0.166127 0.264146 0.025724 
0.021636 0.261612 0.324482 0.384164 0.008105 
0.030762 0.002148 0.030688 0.093181 0.843221 
0.191027 0.003139 0.000028 0.061776 0.744031 
0.024907 0.000520 0.007801 0.199838 0.766934 
0.001511 0.083715 0.000450 0.289477 0.624847 
0.332990 0.222943 0.003023 0.092526 0.348517 
0.294473 0.260230 0.049245 0.209344 0.186708 
0.156571 0.519546 0.000000 0.156992 0.166891 
0.158637 0.415909 0.017444 0.043687 0.364324 
0.121401 0.545157 0.010044 0.267677 0.055721 
0.013703 0.615103 0.036237 0.334801 0.000156 
0.021626 0.458032 0.122151 0.010990 0.387201 
0.076002 0.301385 0.259814 0.034561 0.328238 
0.000440 0.088994 0.110019 0.126643 0.673904 
0.000037 0.125101 0.008374 0.009718 0.856770 
0.574063 0.070172 0.054088 0.193973 0.107703 
0.725056 0.000979 0.007230 0.006309 0.260426 
0.500883 0.193779 0.107814 0.196971 0.000553 
0.411126 0.099096 0.009720 0.380768 0.099290 
0.184353 0.126607 0.466529 0.204506 0.018006 
0.005283 0.136555 0.717330 0.057160 0.083672 
0.002693 0.797428 0.001261 0.001577 0.197042 
0.494644 0.008714 0.001578 0.057885 0.437179 
0.288100 0.005023 0.021297 0.089370 0.596210 
0.150110 0.040934 0.122465 0.681989 0.004501 
0.049877 0.060017 0.043657 0.830941 0.015506 
0.026194 0.210920 0.010302 0.752531 0.000052 
0.154694 0.016765 0.724131 0.058537 0.045873 
0.392743 0.001392 0.530337 0.017838 0.057691 
0.270033 0.032427 0.361530 0.093819 0.242191 
0.017250 0.192812 0.159715 0.206092 0.424132 
0.122555 0.154449 0.044214 0.121408 0.557375 
0.295209 0.091763 0.008419 0.002570 0.602038 
0.166764 0.009800 0.043590 0.014556 0.765290 
0.464676 0.000966 0.046726 0.003101 0.484532 
0.187574 0.151095 0.246495 0.001559 0.413278 
0.330372 0.138486 0.381094 0.006644 0.143404 
0.038854 0.142745 0.113960 0.689886 0.014556 
0.035839 0.007902 0.007738 0.000837 0.947683 
0.090133 0.005327 0.355460 0.009955 0.539124 
0.032406 0.024320 0.685562 0.041580 0.216132 
0.000899 0.483861 0.336551 0.176990 0.001700 
0.380617 0.000650 0.463184 0.001152 0.154397 
0.000009 0.537717 0.003784 0.343660 0.114829 
0.000072 0.002268 0.605891 0.270520 0.121249 
0.300409 0.456244 0.000001 0.030874 0.212472 
0.332353 0.232036 0.006664 0.405696 0.023251 
0.230164 0.378429 0.010535 0.036693 0.344178 
0.386523 0.320718 0.003600 0.285613 0.003545 
0.168272 0.252525 0.000019 0.578169 0.001016 
0.245449 0.157682 0.000180 0.532507 0.064181 
0.125429 0.155874 0.021324 0.668150 0.029223 
0.183538 0.111293 0.010625 0.600820 0.093724 
0.144809 0.085381 0.006036 0.634193 0.129580 
0.096724 0.092231 0.006891 0.729932 0.074222 
0.121015 0.004139 0.468618 0.006241 0.399987 
0.199019 0.011833 0.528363 0.000150 0.260635 
0.162216 0.048461 0.623892 0.000008 0.165424 
0.000236 0.135455 0.680486 0.034119 0.149704 
0.023968 0.696692 0.091621 0.139132 0.048587 
0.009223 0.497128 0.226964 0.242795 0.023891 
0.008676 0.397006 0.169563 0.350034 0.074722 
0.031963 0.517296 0.068029 0.248217 0.134496 
0.000003 0.085900 0.430337 0.162639 0.321120 
0.149091 0.363499 0.134099 0.349419 0.003892 
0.081393 0.304869 0.018114 0.451552 0.144072 
0.154928 0.417517 0.021728 0.341529 0.064299 
0.030687 0.476815 0.000426 0.491819 0.000252 
0.000869 0.347219 0.039778 0.002585 0.609548 
0.049348 0.217889 0.182867 0.098355 0.451540 
0.061487 0.216519 0.047126 0.000048 0.674820 
0.198630 0.215564 0.109720 0.464578 0.011508 
0.317783 0.178059 0.124773 0.314189 0.065196 
0.337301 0.104758 0.089770 0.445315 0.022856 
0.183628 0.114712 0.003193 0.695205 0.003261 
0.261257 0.527864 0.023102 0.185561 0.002216 
0.034643 0.720729 0.109966 0.028734 0.105928 
0.414491 0.074485 0.046780 0.024653 0.439592 
0.086396 0.000051 0.028839 0.877799 0.006915 
0.008099 0.142625 0.538907 0.216661 0.093707 
0.092061 0.180520 0.106774 0.563749 0.056897 
0.189178 0.003852 0.135585 0.478221 0.193163 
0.240250 0.296702 0.202892 0.002864 0.257292 
0.270882 0.000005 0.000013 0.304217 0.424883 
0.021956 0.309023 0.500007 0.018125 0.150888 
0.013357 0.553463 0.000195 0.265292 0.167693 
0.004553 0.457959 0.086459 0.389571 0.061459 
0.084257 0.719433 0.019775 0.159352 0.017182 
0.135899 0.247394 0.463837 0.000564 0.152306 
0.011264 0.006143 0.965201 0.017333 0.000059 
0.094000 0.107547 0.295935 0.051314 0.451205 
0.341900 0.181889 0.060932 0.235042 0.180235 
0.158100 0.224265 0.001564 0.607683 0.008388 
0.061958 0.380749 0.454231 0.037109 0.065953 
0.027613 0.004534 0.948349 0.014081 0.005422 
0.171209 0.001300 0.693588 0.132624 0.001280 
0.340716 0.051812 0.322612 0.284839 0.000021 
0.209723 0.568099 0.188750 0.028717 0.004711 
0.498065 0.302820 0.003099 0.158964 0.037053 
0.634025 0.276238 0.013789 0.000009 0.075940 
0.224900 0.518274 0.076456 0.119074 0.061297 
0.146167 0.256317 0.035993 0.557621 0.003902 
0.227363 0.118005 0.153081 0.495494 0.006057 
0.346322 0.218300 0.081233 0.330595 0.023551 
0.239007 0.385547 0.369989 0.000019 0.005437 
0.139296 0.095466 0.159989 0.541765 0.063483 
0.070734 0.172677 0.040139 0.713064 0.003386 
0.043696 0.698111 0.117551 0.040428 0.100216 
0.084990 0.511605 0.271330 0.059587 0.072487 
0.011871 0.797482 0.006636 0.003090 0.180921 
0.026399 0.317012 0.638088 0.018356 0.000146 
0.079068 0.409720 0.439652 0.050518 0.021041 
0.144251 0.081771 0.046880 0.698114 0.028985 
0.237005 0.007957 0.749990 0.004817 0.000231 
0.002493 0.255526 0.234160 0.153639 0.354182 
0.001632 0.288637 0.219738 0.108308 0.381685 
0.050732 0.182363 0.169048 0.444952 0.152904 
0.004737 0.201047 0.248268 0.364272 0.181676 
0.124754 0.255074 0.000475 0.342353 0.277345 
0.028863 0.233566 0.000771 0.576441 0.160359 
0.505951 0.077417 0.000546 0.001412 0.414674 
0.488425 0.091546 0.005812 0.002195 0.412022 
0.000013 0.372542 0.152381 0.055336 0.419728 
0.000050 0.314236 0.181110 0.080559 0.424046 
0.171443 0.390978 0.260190 0.166168 0.011221 
0.070443 0.149031 0.106097 0.549927 0.124502 
0.993005 0.000294 0.004442 0.000248 0.002012 
0.847549 0.099848 0.002328 0.000130 0.050145 
0.845868 0.020076 0.001909 0.117740 0.014406 
0.562399 0.042802 0.077633 0.277499 0.039667 
0.198464 0.000890 0.351170 0.360519 0.088958 
0.008977 0.440351 0.401572 0.148609 0.000491 
0.191181 0.705281 0.039481 0.032739 0.031317 
0.022109 0.563194 0.123891 0.097835 0.192971 
0.404128 0.092313 0.002100 0.492731 0.008728 
0.058536 0.682694 0.135731 0.106244 0.016796 
0.000225 0.213690 0.228649 0.203396 0.354040 
0.167924 0.246625 0.261333 0.323026 0.001092 
0.475096 0.098176 0.011855 0.000092 0.414781 
0.428154 0.118678 0.030072 0.000092 0.423004 
0.006283 0.036897 0.198905 0.545835 0.212080 
0.002215 0.321647 0.017996 0.311663 0.346479 
0.043075 0.032945 0.719899 0.155875 0.048205 
0.030360 0.000223 0.968125 0.000098 0.001193 
0.014939 0.230150 0.552795 0.201890 0.000226 
0.069865 0.023692 0.049189 0.803071 0.054183 
0.002285 0.002888 0.469259 0.255402 0.270165 
0.019667 0.008716 0.778548 0.107224 0.085846 
0.335169 0.319056 0.065459 0.021144 0.259172 
0.323150 0.211140 0.081186 0.104680 0.279844 
0.150280 0.382933 0.176276 0.032988 0.257523 
0.000004 0.078067 0.089806 0.804693 0.027431 
0.156608 0.105827 0.141920 0.019358 0.576288 
0.525919 0.000295 0.041397 0.431866 0.000523 
0.499626 0.058371 0.000000 0.213557 0.228446 
0.054979 0.041856 0.745266 0.125186 0.032714 
0.225110 0.065471 0.049104 0.529597 0.130719 
0.162004 0.630112 0.006624 0.156150 0.045110 
0.000024 0.284084 0.642797 0.072068 0.001027 
0.173103 0.249633 0.111318 0.103851 0.362095 
0.085165 0.210038 0.200115 0.039406 0.465276 
0.037165 0.014891 0.335823 0.390959 0.221163 
0.238689 0.000056 0.035886 0.374426 0.350942 
0.197856 0.163159 0.062021 0.189359 0.387606 
0.068791 0.420583 0.065691 0.379769 0.065166 
0.112332 0.267981 0.010459 0.218073 0.391156 
0.435095 0.120885 0.246333 0.078466 0.119222 
0.069253 0.224303 0.369036 0.001416 0.335992 
0.001457 0.000112 0.481529 0.513331 0.003571 
0.385477 0.052582 0.175554 0.386103 0.000283 
0.078949 0.103660 0.062820 0.132564 0.622007 
0.000096 0.597670 0.200597 0.029004 0.172632 
0.065365 0.399069 0.530815 0.000738 0.004012 
0.142943 0.002515 0.001247 0.808815 0.044480 
0.017049 0.055830 0.096343 0.019334 0.811444 
0.006305 0.028670 0.085544 0.740909 0.138573 
0.144269 0.107886 0.013007 0.501630 0.233208 
0.397368 0.023237 0.104321 0.052746 0.422328 
0.004867 0.657597 0.253670 0.003306 0.080559 
0.102889 0.000836 0.162606 0.279782 0.453886 
0.001017 0.310667 0.374244 0.001629 0.312443 
0.007264 0.042458 0.236248 0.579948 0.134083 
0.043797 0.240604 0.001845 0.469893 0.243862 
0.035034 0.254281 0.033759 0.204149 0.472778 
0.097437 0.033199 0.026339 0.750016 0.093009 
0.029849 0.001598 0.484362 0.484161 0.000029 
0.005302 0.075287 0.848667 0.008684 0.062061 
0.163425 0.072885 0.560571 0.151659 0.051460 
0.023646 0.166112 0.123265 0.567398 0.119579 
0.091240 0.000045 0.428641 0.063539 0.416535 
0.002257 0.000039 0.187220 0.022533 0.787951 
0.188566 0.379636 0.022555 0.328037 0.081205 
0.003588 0.788536 0.141655 0.051771 0.014450 
0.076619 0.013928 0.221020 0.506043 0.182390 
0.176166 0.078922 0.046987 0.671014 0.026911 
0.006353 0.776127 0.095814 0.006184 0.115523 
0.282225 0.071893 0.421304 0.125623 0.098955 
0.019719 0.118679 0.444726 0.385106 0.031769 
0.479828 0.198009 0.002943 0.163126 0.156094 
0.000899 0.307949 0.185530 0.001542 0.504080 
0.070878 0.299591 0.000935 0.139532 0.489064 
0.184216 0.355869 0.142451 0.044522 0.272942 
0.375030 0.151582 0.000205 0.432715 0.040468 
0.001528 0.022858 0.106593 0.574889 0.294132 
0.008409 0.190107 0.075031 0.725192 0.001261 
0.019706 0.236958 0.374730 0.167169 0.201438 
0.016014 0.197175 0.001327 0.728646 0.056838 
0.170080 0.023446 0.380496 0.412611 0.013367 
0.097612 0.095690 0.617092 0.097879 0.091726 
0.429318 0.224633 0.207364 0.044702 0.093984 
0.564626 0.126546 0.035786 0.263540 0.009502 
0.713059 0.073351 0.077806 0.000842 0.134942 
0.455264 0.009298 0.066809 0.430805 0.037823 
0.394031 0.165184 0.000582 0.356274 0.083929 
0.308018 0.624227 0.015066 0.000618 0.052072 
0.138031 0.603756 0.004706 0.109924 0.143583 
0.010921 0.749800 0.020408 0.003887 0.214984 
0.002682 0.006759 0.163136 0.225958 0.601465 
0.135736 0.115202 0.277431 0.058251 0.413379 
0.152936 0.063527 0.301347 0.482168 0.000023 
0.064353 0.056699 0.663970 0.153169 0.061809 
0.011200 0.031813 0.069754 0.132875 0.754358 
0.035649 0.099999 0.592830 0.013508 0.258014 
0.150288 0.346709 0.128478 0.286737 0.087788 
0.037201 0.018978 0.547903 0.000764 0.395154 
0.322539 0.289677 0.000027 0.081931 0.305826 
0.099441 0.000090 0.814383 0.000020 0.086066 
0.006949 0.036540 0.929514 0.001820 0.025177 
0.173182 0.006797 0.785068 0.032098 0.002855 
0.067656 0.044678 0.019429 0.833625 0.034611 
0.233471 0.091167 0.371813 0.109938 0.193612 
0.117038 0.394932 0.418735 0.001131 0.068164 
0.050950 0.110821 0.825087 0.012862 0.000281 
0.000021 0.272711 0.203273 0.109638 0.414357 
0.570881 0.059812 0.001891 0.000106 0.367310 
0.621761 0.003864 0.002322 0.271733 0.100319 
0.397027 0.012312 0.031415 0.432990 0.126256 
0.119452 0.012680 0.154851 0.441366 0.271652 
0.233278 0.015774 0.728496 0.022036 0.000416 
0.022941 0.203859 0.400172 0.372297 0.000731 
0.658367 0.000067 0.000102 0.048187 0.293276 
0.013301 0.004360 0.844173 0.001852 0.136314 
0.110388 0.002494 0.645754 0.055826 0.185538 
0.000652 0.425027 0.121297 0.433235 0.019790 
0.423339 0.057678 0.408254 0.097970 0.012759 
0.023594 0.206105 0.301529 0.467841 0.000932 
0.141645 0.098407 0.429672 0.250386 0.079889 
0.000001 0.331266 0.104000 0.522152 0.042581 
0.392304 0.042308 0.409438 0.124005 0.031945 
0.092937 0.819117 0.033612 0.000045 0.054289 
0.026937 0.008348 0.950134 0.010082 0.004499 
0.430947 0.000243 0.341439 0.207869 0.019502 
0.120113 0.434060 0.224951 0.026948 0.193928 
0.044597 0.296104 0.242602 0.357957 0.058740 
0.096516 0.101215 0.078723 0.684613 0.038934 
0.020068 0.301356 0.430393 0.023863 0.224320 
0.007541 0.022505 0.017369 0.950203 0.002381 
0.000772 0.119339 0.518078 0.168833 0.192979 
0.105867 0.002833 0.728429 0.139009 0.023861 
0.031088 0.716523 0.000826 0.193183 0.058380 
0.362755 0.000001 0.005332 0.354958 0.276955 
0.019157 0.148005 0.675708 0.153930 0.003200 
0.006890 0.003580 0.283433 0.415675 0.290422 
0.000502 0.370939 0.247276 0.379437 0.001846 
0.143786 0.052094 0.504714 0.154977 0.144428 
0.141447 0.013182 0.681071 0.096877 0.067423 
0.161842 0.520623 0.200328 0.015883 0.101323 
0.006276 0.316802 0.665633 0.011128 0.000161 
0.097592 0.098214 0.756044 0.005228 0.042922 
0.015829 0.558334 0.140241 0.232980 0.052615 
0.002881 0.492490 0.305497 0.153608 0.045525 
0.344091 0.040421 0.033663 0.578578 0.003248 
0.581303 0.000260 0.022547 0.390950 0.004941 
0.115035 0.601928 0.125399 0.000022 0.157616 
0.168415 0.146982 0.135782 0.535087 0.013733 
0.000901 0.165070 0.409740 0.424267 0.000023 
0.071326 0.367213 0.416172 0.072608 0.072681 
0.163530 0.048746 0.637981 0.060170 0.089574 
0.600124 0.135356 0.160377 0.091572 0.012571 
0.563345 0.151711 0.164965 0.104680 0.015298 
0.559872 0.163327 0.154190 0.112695 0.009916 
0.606553 0.149242 0.140159 0.099260 0.004786 
0.151662 0.570072 0.071214 0.197611 0.009441 
0.136848 0.581049 0.073066 0.202749 0.006289 
0.118176 0.612065 0.063096 0.184853 0.021810 
0.136727 0.594164 0.060984 0.180089 0.028037 
0.306301 0.371684 0.132484 0.188132 0.001399 
0.329079 0.370430 0.120549 0.173315 0.006626 
0.366024 0.348417 0.134083 0.150111 0.001365 
0.356769 0.338632 0.146175 0.158407 0.000018 
0.203595 0.064697 0.535160 0.090240 0.106309 
0.207515 0.065760 0.526705 0.091812 0.108207 
0.192248 0.054743 0.572565 0.082524 0.097920 
0.174776 0.050552 0.585014 0.086926 0.102732 
0.364557 0.121943 0.333903 0.134145 0.045452 
0.362400 0.121221 0.340280 0.133351 0.042748 
0.346575 0.108643 0.373121 0.120386 0.051276 
0.332635 0.109149 0.373531 0.124335 0.060349 
0.143507 0.564020 0.076621 0.212615 0.003236 
0.110415 0.609220 0.058953 0.193505 0.027907 
0.117627 0.611892 0.062803 0.185463 0.022215 
0.143507 0.564020 0.076621 0.212615 0.003236 
0.109206 0.602549 0.058307 0.191386 0.038551 
0.101770 0.564898 0.050261 0.224741 0.058330 
0.163046 0.506771 0.075420 0.189739 0.065024 
0.150852 0.568112 0.063623 0.176546 0.040867 
0.196503 0.465042 0.082877 0.229973 0.025606 
0.184658 0.500846 0.078358 0.217435 0.018703 
0.186666 0.506292 0.079210 0.219799 0.008033 
0.185954 0.508176 0.078908 0.218960 0.008002 
0.417992 0.267897 0.153120 0.160915 0.000076 
0.338561 0.305522 0.173035 0.180888 0.001994 
0.348437 0.311869 0.165148 0.172643 0.001903 
0.406741 0.287602 0.148999 0.156584 0.000074 
0.249535 0.393824 0.138340 0.216876 0.001425 
0.292274 0.369558 0.139640 0.198293 0.000236 
0.253856 0.422514 0.107052 0.208942 0.007636 
0.295293 0.383742 0.116278 0.189769 0.014919 
0.329079 0.370430 0.120549 0.173315 0.006626 
0.288384 0.395664 0.118626 0.192055 0.005271 
0.385447 0.323530 0.141199 0.148387 0.001437 
0.383110 0.327632 0.140342 0.147487 0.001429 
0.418014 0.191798 0.231204 0.132340 0.026643 
0.436650 0.228111 0.173004 0.157396 0.004839 
0.527195 0.186259 0.152098 0.128518 0.005930 
0.518630 0.167247 0.181859 0.115400 0.016864 
0.572990 0.173956 0.138464 0.114106 0.000484 
0.492296 0.221228 0.139649 0.146758 0.000069 
0.505829 0.195403 0.177049 0.121640 0.000079 
0.583816 0.150744 0.169149 0.093840 0.002451 
0.515183 0.138402 0.236247 0.097432 0.012737 
0.594617 0.124333 0.191670 0.079047 0.010333 
0.455013 0.161474 0.238882 0.115738 0.028893 
0.563291 0.140011 0.189224 0.092206 0.015268 
0.251962 0.101810 0.438025 0.116454 0.091749 
0.277305 0.113775 0.393462 0.129788 0.085670 
0.313680 0.116153 0.371374 0.132501 0.066292 
0.291547 0.107958 0.402896 0.123151 0.074448 
0.344280 0.127484 0.333088 0.145426 0.049721 
0.365050 0.120351 0.330497 0.137000 0.047102 
0.383813 0.128384 0.308484 0.141231 0.038088 
0.388618 0.129991 0.299828 0.142999 0.038565 
0.369343 0.106961 0.367928 0.119614 0.036154 
0.371790 0.124362 0.329836 0.136806 0.037206 
0.306801 0.079561 0.451357 0.090166 0.072116 
0.337609 0.097770 0.400276 0.109336 0.055008 
0.126080 0.048721 0.635166 0.083599 0.106435 
0.152483 0.053407 0.596533 0.090711 0.106864 
0.143661 0.043105 0.639718 0.078855 0.094661 
0.158471 0.008082 0.653335 0.048955 0.131157 
0.161695 0.056634 0.572160 0.096191 0.113320 
0.185680 0.055013 0.555790 0.093439 0.110078 
0.209050 0.066430 0.522705 0.092658 0.109157 
0.209050 0.066430 0.522705 0.092658 0.109157 
0.235259 0.051830 0.541063 0.077616 0.094232 
0.218958 0.054060 0.552162 0.079325 0.095495 
0.216428 0.030293 0.599147 0.051204 0.102928 
0.202512 0.044615 0.598146 0.070049 0.084678 
0.176526 0.463708 0.094251 0.261535 0.003981 
0.108516 0.508875 0.053537 0.277254 0.051818 
0.147731 0.583505 0.062688 0.173953 0.032122 
0.078392 0.490990 0.030865 0.317379 0.082374 
0.165406 0.552886 0.070189 0.194766 0.016753 
0.245249 0.383911 0.124414 0.189853 0.056573 
0.100420 0.486122 0.034992 0.270566 0.107900 
0.198967 0.473757 0.084430 0.234284 0.008562 
0.339604 0.326792 0.160000 0.172044 0.001560 
0.406477 0.233152 0.215025 0.130132 0.015214 
0.428854 0.248872 0.157099 0.165097 0.000078 
0.314380 0.357225 0.138439 0.189896 0.000059 
0.307436 0.293753 0.193889 0.202688 0.002234 
0.281391 0.155922 0.342602 0.177867 0.042218 
0.625617 0.137995 0.147201 0.087055 0.002133 
0.630224 0.122908 0.162229 0.077537 0.007102 
0.416109 0.097600 0.377947 0.092616 0.015728 
0.391950 0.131105 0.296072 0.144225 0.036648 
0.342402 0.112884 0.354361 0.128501 0.061853 
0.264440 0.042519 0.545999 0.065376 0.081666 
0.209378 0.066535 0.521955 0.092803 0.109329 
0.357746 0.117942 0.338338 0.134259 0.051714 
0.156138 0.064985 0.538468 0.110377 0.130031 
0.175552 0.052013 0.580019 0.088342 0.104074 
0.179305 0.001905 0.628360 0.023203 0.167227 
0.063394 0.000018 0.718761 0.026541 0.191286 
0.184518 0.054059 0.561435 0.091819 0.108169 
0.090325 0.021632 0.651650 0.073569 0.162823 
0.186729 0.060938 0.176375 0.573475 0.002483 
0.125507 0.551490 0.038580 0.095407 0.189016 
0.115550 0.428955 0.056061 0.000037 0.399396 
0.059993 0.146642 0.054853 0.694836 0.043677 
0.034237 0.004343 0.329218 0.495719 0.136483 
0.169818 0.777397 0.000689 0.043922 0.008174 
0.043241 0.883924 0.031954 0.016163 0.024718 
0.029520 0.003301 0.786438 0.148324 0.032417 
0.036199 0.003359 0.034623 0.858998 0.066821 
0.189542 0.009278 0.654662 0.102893 0.043625 
0.269728 0.019282 0.497358 0.049315 0.164318 
0.339411 0.053446 0.382133 0.000486 0.224525 
0.226525 0.208903 0.242993 0.244077 0.077502 
0.174269 0.376283 0.000684 0.239558 0.209207 
0.015326 0.731908 0.022985 0.218806 0.010975 
0.000957 0.651329 0.011401 0.157408 0.178905 
0.595647 0.190166 0.204783 0.008255 0.001149 
0.018296 0.401030 0.019399 0.471789 0.089487 
0.050187 0.337523 0.070896 0.507171 0.034224 
0.096596 0.006423 0.810717 0.004069 0.082195 
0.193703 0.000228 0.000131 0.595222 0.210716 
0.116427 0.229100 0.161508 0.490811 0.002155 
0.026388 0.085922 0.761751 0.073413 0.052526 
0.123728 0.080425 0.422494 0.280953 0.092399 
0.005972 0.215869 0.430885 0.344203 0.003071 
0.066940 0.034691 0.455648 0.155440 0.287282 
0.250180 0.002488 0.181567 0.565458 0.000307 
0.015200 0.594172 0.061699 0.325882 0.003047 
0.302694 0.004310 0.081254 0.548555 0.063187 
0.031181 0.495569 0.048293 0.370278 0.054679 
0.292066 0.001978 0.046054 0.497239 0.162665 
0.026951 0.384591 0.010637 0.411580 0.166242 
0.001974 0.188969 0.491011 0.317718 0.000328 
0.111061 0.362691 0.040693 0.296257 0.189299 
0.036539 0.192927 0.002556 0.393137 0.374840 
0.211926 0.323564 0.103819 0.187715 0.172976 
0.073061 0.195979 0.064963 0.325460 0.340537 
0.003874 0.388678 0.026614 0.451951 0.128883 
0.097132 0.554126 0.024313 0.295540 0.028889 
0.332173 0.219596 0.295813 0.072382 0.080036 
0.108427 0.029760 0.416641 0.164737 0.280436 
0.327661 0.032744 0.597990 0.037742 0.003863 
0.160505 0.548251 0.005104 0.193913 0.092228 
0.172609 0.001592 0.620668 0.205116 0.000015 
0.042298 0.498360 0.355208 0.086497 0.017637 
0.012765 0.054642 0.530101 0.022839 0.379652 
0.036362 0.199417 0.510625 0.116362 0.137234 
0.032786 0.091150 0.114461 0.704080 0.057523 
0.011028 0.020533 0.000305 0.955676 0.012458 
0.079841 0.023960 0.034584 0.655616 0.205999 
0.082012 0.014436 0.071516 0.492357 0.339679 
0.202010 0.197509 0.449335 0.139402 0.011744 
0.000270 0.002992 0.196670 0.294589 0.505480 
0.123693 0.208997 0.654022 0.012707 0.000581 
0.006970 0.140847 0.073563 0.690294 0.088326 
0.023397 0.244056 0.076122 0.598303 0.058122 
0.032904 0.215079 0.312519 0.439050 0.000448 
0.012184 0.364272 0.011643 0.380464 0.231437 
0.212841 0.008167 0.512859 0.263050 0.003083 
0.007064 0.121133 0.342430 0.497240 0.032133 
0.000163 0.081259 0.439580 0.130895 0.348104 
0.018637 0.644024 0.005630 0.299169 0.032540 
0.112789 0.440979 0.003402 0.201455 0.241374 
0.006698 0.032577 0.117781 0.808270 0.034674 
0.027520 0.044357 0.100171 0.798397 0.029556 
0.024846 0.113123 0.195813 0.663272 0.002945 
0.015453 0.070355 0.236326 0.651379 0.026487 
0.009111 0.004958 0.067063 0.768837 0.150031 
0.013266 0.000414 0.012707 0.839604 0.134007 
0.001677 0.083701 0.003174 0.516169 0.395280 
0.048537 0.000186 0.046545 0.604961 0.299771 
0.115021 0.004840 0.169595 0.015267 0.695276 
0.122534 0.003206 0.309742 0.127281 0.437236 
0.059709 0.050571 0.073209 0.701912 0.114599 
0.055672 0.230855 0.063052 0.341783 0.308638 
0.184793 0.000001 0.206134 0.034705 0.574367 
0.000173 0.387852 0.107271 0.002149 0.502554 
0.140973 0.058484 0.312945 0.033395 0.454203 
0.043292 0.006870 0.351938 0.589949 0.007951 
0.041706 0.020866 0.263391 0.629794 0.044243 
0.305182 0.033230 0.023720 0.547397 0.090472 
0.328392 0.001628 0.157745 0.245148 0.267086 
0.243918 0.152695 0.068495 0.499123 0.035769 
0.076623 0.118954 0.009094 0.686845 0.108484 
0.043137 0.081588 0.000194 0.704771 0.170311 
0.017621 0.085409 0.013039 0.526761 0.357170 
0.000645 0.037512 0.035721 0.466028 0.460094 
0.046979 0.003224 0.229899 0.641383 0.078515 
0.038040 0.071947 0.036133 0.621494 0.232386 
0.000504 0.029295 0.134440 0.363946 0.471816 
0.077723 0.043675 0.000280 0.272693 0.605629 
0.022009 0.004001 0.013223 0.206732 0.754035 
0.092160 0.025314 0.022487 0.136638 0.723401 
0.070751 0.004253 0.031807 0.080948 0.812241 
0.142685 0.026796 0.154209 0.061293 0.615017 
0.182936 0.005447 0.080009 0.087452 0.644157 
0.212931 0.035150 0.002486 0.100876 0.648557 
0.388587 0.000796 0.020964 0.032224 0.557430 
0.006156 0.169041 0.116832 0.220148 0.487823 
0.046183 0.227336 0.014350 0.457698 0.254433 
0.107582 0.032232 0.502550 0.353496 0.004141 
0.081531 0.251672 0.628707 0.011598 0.026492 
0.112236 0.046768 0.736176 0.097277 0.007543 
0.162534 0.023980 0.492376 0.267608 0.053502 
0.079962 0.000086 0.374097 0.450122 0.095733 
0.006978 0.076244 0.269043 0.555305 0.092430 
0.004343 0.027053 0.180315 0.715388 0.072902 
0.016106 0.008636 0.135446 0.661611 0.178202 
0.059847 0.109888 0.526156 0.002292 0.301816 
0.087217 0.114672 0.399513 0.014714 0.383885 
0.108372 0.106461 0.251040 0.053724 0.480402 
0.020363 0.089568 0.028133 0.169087 0.692849 
0.057680 0.078435 0.127650 0.074053 0.662183 
0.065832 0.339857 0.177029 0.108352 0.308931 
0.059498 0.516908 0.090805 0.034110 0.298679 
0.041434 0.653640 0.014691 0.003772 0.286463 
0.071613 0.520066 0.061877 0.107368 0.239075 
0.030862 0.001637 0.689052 0.004933 0.273516 
0.012193 0.018793 0.148555 0.724655 0.095804 
0.019319 0.062220 0.008399 0.841567 0.068495 
0.184738 0.345299 0.231764 0.223073 0.015127 
0.150819 0.009226 0.454585 0.324411 0.060958 
0.036942 0.208477 0.664005 0.089861 0.000715 
0.004475 0.115474 0.536143 0.281868 0.062040 
0.000464 0.026854 0.263828 0.508265 0.200588 
0.006519 0.027495 0.100574 0.593515 0.271897 
0.051346 0.026615 0.860131 0.046651 0.015258 
0.003808 0.885782 0.026903 0.012447 0.071060 
0.001738 0.505328 0.056308 0.163646 0.272980 
0.012308 0.288063 0.016799 0.290589 0.392240 
0.010729 0.214894 0.118199 0.121126 0.535052 
0.014125 0.326717 0.218549 0.048665 0.391944 
0.048321 0.479659 0.239176 0.012596 0.220248 
0.102130 0.000534 0.540355 0.249817 0.107164 
0.083078 0.001152 0.352808 0.391446 0.171517 
0.032596 0.313745 0.384520 0.001187 0.267952 
0.001309 0.213988 0.331887 0.001054 0.451762 
0.035048 0.157310 0.222394 0.044045 0.541203 
0.001488 0.056152 0.281922 0.511252 0.149187 
0.017471 0.015962 0.180285 0.606317 0.179965 
0.001593 0.026286 0.216752 0.627551 0.127818 
0.031125 0.001036 0.140994 0.571666 0.255178 
0.034876 0.147449 0.483150 0.000174 0.334351 
0.052136 0.150606 0.345840 0.014620 0.436798 
0.022008 0.010378 0.199530 0.510648 0.257435 
0.012688 0.002275 0.211610 0.444273 0.329154 
0.004913 0.036299 0.268377 0.481185 0.209227 
0.014766 0.030263 0.223750 0.543815 0.187406 
0.022584 0.006605 0.171213 0.560208 0.239390 
0.019143 0.019628 0.199126 0.559183 0.202920 
0.042408 0.260540 0.425538 0.134520 0.136994 
0.021298 0.024348 0.887461 0.063799 0.003094 
0.145283 0.076713 0.680781 0.015594 0.081629 
0.224397 0.001350 0.106304 0.001812 0.666137 
0.131888 0.081492 0.233850 0.000019 0.552751 
0.061247 0.050097 0.254845 0.329469 0.304342 
0.090351 0.027567 0.031612 0.051938 0.798531 
0.004203 0.043784 0.007122 0.005685 0.939205 
0.021683 0.072831 0.054479 0.353555 0.497452 
0.019777 0.163078 0.000267 0.228065 0.588812 
0.001232 0.087645 0.069604 0.308033 0.533486 
0.711019 0.079115 0.015019 0.009924 0.184922 
0.247735 0.016909 0.459265 0.248374 0.027717 
0.519769 0.132340 0.139829 0.208020 0.000041 
0.741402 0.080940 0.047617 0.081122 0.048920 
0.382487 0.036065 0.003436 0.197525 0.380487 
0.082491 0.160470 0.060238 0.002968 0.693833 
0.074035 0.198502 0.044969 0.000000 0.682493 
0.072411 0.245905 0.042007 0.002148 0.637530 
0.067355 0.259201 0.038799 0.019641 0.615005 
0.056935 0.265027 0.031060 0.041306 0.605671 
0.048144 0.276218 0.022019 0.052984 0.600634 
0.066095 0.223358 0.039264 0.004205 0.667078 
0.048087 0.182603 0.024789 0.010049 0.734473 
0.059229 0.184834 0.033194 0.003979 0.718764 
0.069802 0.199426 0.041777 0.002091 0.686904 
0.382028 0.092616 0.105122 0.414938 0.005296 
0.220027 0.427972 0.006331 0.264083 0.081587 
0.044372 0.596898 0.167427 0.047780 0.143522 
0.023970 0.466745 0.344305 0.000032 0.164948 
0.000075 0.237279 0.215697 0.156258 0.390691 
0.496265 0.103766 0.000781 0.220449 0.178740 
0.341635 0.122312 0.002542 0.205708 0.327804 
0.228125 0.000977 0.530016 0.240497 0.000385 
0.561366 0.020536 0.219789 0.180353 0.017956 
0.187040 0.000015 0.158243 0.091033 0.563669 
0.068245 0.037218 0.001160 0.835703 0.057674 
0.077287 0.186033 0.518438 0.022759 0.195482 
0.249112 0.046937 0.658771 0.010963 0.034217 
0.002750 0.081672 0.779829 0.045621 0.090128 
0.008761 0.023767 0.227857 0.025364 0.714251 
0.397605 0.001499 0.212361 0.368727 0.019809 
0.350821 0.213297 0.000527 0.330489 0.104865 
0.141306 0.563000 0.064024 0.039845 0.191826 
0.053698 0.599785 0.113795 0.102639 0.130083 
0.146644 0.588726 0.173768 0.034512 0.056350 
0.332982 0.449957 0.122224 0.008202 0.086636 
0.177294 0.568523 0.247814 0.001892 0.004477 
0.369316 0.403221 0.198109 0.006485 0.022869 
0.001030 0.655056 0.226447 0.086938 0.030530 
0.050442 0.594440 0.285793 0.030813 0.038512 
0.110562 0.750008 0.092525 0.045632 0.001274 
0.199103 0.749177 0.041973 0.009679 0.000067 
0.142388 0.815452 0.015697 0.021851 0.004613 
0.083996 0.674655 0.088558 0.129750 0.023041 
0.027345 0.372036 0.274968 0.310079 0.015572 
0.306443 0.157081 0.531382 0.000198 0.004897 
0.002631 0.248027 0.313982 0.434162 0.001198 
0.000633 0.008068 0.339474 0.399168 0.252657 
0.089084 0.041762 0.002263 0.209460 0.657431 
0.058595 0.068639 0.015477 0.294971 0.562317 
0.009232 0.005227 0.300742 0.684440 0.000359 
0.060967 0.008914 0.196502 0.724909 0.008708 
0.227682 0.203427 0.026762 0.170793 0.371337 
0.328564 0.251846 0.004775 0.103866 0.310949 
0.275273 0.318931 0.017593 0.115267 0.272936 
0.194645 0.233968 0.050115 0.191440 0.329833 
0.168605 0.001200 0.050990 0.148163 0.631041 
0.107599 0.000127 0.118232 0.770095 0.003947 
0.157624 0.110062 0.002626 0.163124 0.566564 
0.119517 0.111966 0.021031 0.216418 0.531069 
0.318297 0.029541 0.079145 0.080426 0.492591 
0.370926 0.039610 0.098220 0.053464 0.437780 
0.332378 0.024163 0.152712 0.071951 0.418796 
0.245933 0.008104 0.128564 0.109828 0.507571 
0.218915 0.011579 0.068011 0.124885 0.576610 
0.262835 0.020129 0.032839 0.076464 0.607734 
0.271334 0.019305 0.063784 0.094038 0.551539 
0.224112 0.002732 0.087693 0.125611 0.559852 
0.238839 0.170239 0.000579 0.125757 0.464586 
0.348924 0.000743 0.202152 0.075121 0.373061 
0.001753 0.471034 0.210901 0.031400 0.284912 
0.444458 0.018916 0.150270 0.028430 0.357926 
0.024066 0.009705 0.184666 0.707142 0.074420 
0.028008 0.010742 0.111289 0.822964 0.026997 
0.054157 0.003679 0.109421 0.822283 0.010459 
0.040425 0.000030 0.168457 0.756050 0.035038 
0.229282 0.009794 0.015474 0.069289 0.676161 
0.169907 0.032674 0.030168 0.018590 0.748660 
0.265381 0.081558 0.042203 0.019186 0.591672 
0.286692 0.053926 0.021810 0.017805 0.619767 
0.188821 0.030912 0.025495 0.040596 0.714176 
0.033949 0.138563 0.640177 0.184077 0.003234 
0.081171 0.105246 0.509695 0.275129 0.028759 
0.065253 0.049182 0.713657 0.166107 0.005800 
0.000448 0.030243 0.072171 0.797006 0.100133 
0.133930 0.029186 0.624856 0.176816 0.035212 
0.157700 0.065421 0.409087 0.285252 0.082541 
0.004121 0.376584 0.348744 0.118639 0.151910 
0.007554 0.348213 0.526442 0.066402 0.051389 
0.224083 0.008878 0.591566 0.126793 0.048680 
0.241299 0.020270 0.398966 0.202771 0.136695 
0.018803 0.045338 0.369478 0.565167 0.001214 
0.035984 0.503821 0.403802 0.014460 0.041933 
0.000533 0.092396 0.608284 0.291746 0.007042 
0.067699 0.123966 0.375311 0.432965 0.000060 
0.090723 0.029688 0.055797 0.004825 0.818966 
0.126086 0.031594 0.037363 0.007533 0.797424 
0.053671 0.002683 0.023424 0.006387 0.913834 
0.033158 0.000033 0.033064 0.002485 0.931261 
0.028655 0.041755 0.015975 0.898284 0.015330 
0.029488 0.034820 0.014675 0.910833 0.010184 
0.037200 0.030173 0.023293 0.899319 0.010015 
0.034065 0.041620 0.025853 0.877980 0.020482 
0.028748 0.041333 0.010287 0.912572 0.007059 
0.023732 0.046038 0.009036 0.908962 0.012233 
0.022257 0.048497 0.001418 0.926500 0.001329 
0.052607 0.009913 0.066482 0.000442 0.870555 
0.205736 0.168226 0.145039 0.000467 0.480531 
0.243642 0.170989 0.107977 0.002907 0.474485 
0.217006 0.137691 0.093706 0.003359 0.548239 
0.175562 0.126371 0.125240 0.000556 0.572271 
0.042039 0.018963 0.019521 0.918460 0.001017 
0.081005 0.003963 0.019034 0.016075 0.879924 
0.099641 0.004212 0.017234 0.037953 0.840959 
0.042018 0.015590 0.039178 0.898977 0.004237 
0.037892 0.012329 0.070087 0.868416 0.011277 
0.025897 0.024947 0.070055 0.844881 0.034220 
0.032626 0.027170 0.041390 0.879977 0.018837 
0.023410 0.051823 0.017564 0.880160 0.027042 
0.028661 0.042440 0.043440 0.847173 0.038287 
0.012637 0.052966 0.023355 0.863150 0.047892 
0.004544 0.068532 0.004266 0.899230 0.023428 
0.017701 0.064933 0.003571 0.904757 0.009039 
0.029932 0.004114 0.096987 0.868521 0.000446 
0.011009 0.006859 0.126536 0.847229 0.008367 
0.044749 0.054125 0.205364 0.690687 0.005075 
0.079159 0.040772 0.134078 0.745991 0.000000 
0.073249 0.004036 0.057105 0.865360 0.000250 
0.019573 0.040455 0.064711 0.809456 0.065806 
0.020945 0.023722 0.111979 0.781545 0.061808 
0.006887 0.068668 0.036914 0.784126 0.103405 
0.000085 0.094574 0.008088 0.816600 0.080653 
0.004338 0.007992 0.279319 0.693591 0.014761 
0.000191 0.165235 0.000000 0.791242 0.043332 
0.022793 0.560290 0.246307 0.030227 0.140383 
0.064975 0.747416 0.139988 0.000168 0.047453 
0.218253 0.423723 0.311642 0.043045 0.003337 
0.002123 0.371390 0.343530 0.264291 0.018666 
0.000156 0.187170 0.292531 0.412845 0.107298 
0.001566 0.214550 0.319748 0.365948 0.098188 
0.000036 0.227758 0.354889 0.346670 0.070647 
0.181925 0.327981 0.402308 0.086663 0.001123 
0.018062 0.261191 0.642317 0.073139 0.005291 
0.013708 0.180983 0.678321 0.102009 0.024980 
0.050560 0.242055 0.572025 0.124153 0.011206 
0.058443 0.293555 0.551393 0.094790 0.001819 
0.066861 0.167591 0.462265 0.285491 0.017792 
0.111818 0.193800 0.495295 0.197027 0.002061 
0.094362 0.221367 0.494072 0.176985 0.013214 
0.066327 0.185256 0.496640 0.200890 0.050886 
0.002416 0.136989 0.192021 0.454579 0.213995 
0.075749 0.133035 0.469826 0.321262 0.000128 
0.015377 0.138318 0.146155 0.406264 0.293886 
0.016455 0.189437 0.190583 0.391195 0.212330 
0.022203 0.327543 0.286347 0.279714 0.084192 
0.015838 0.287579 0.285432 0.308000 0.103151 
0.039134 0.351707 0.237547 0.264665 0.106948 
0.039325 0.419876 0.230225 0.233215 0.077360 
0.121338 0.377251 0.133769 0.218135 0.149507 
0.149663 0.417150 0.105521 0.190186 0.137480 
0.109399 0.498275 0.114666 0.179364 0.098297 
0.089845 0.418285 0.143678 0.222425 0.125768 
0.109957 0.341867 0.138674 0.238138 0.171365 
0.126017 0.351241 0.121111 0.221275 0.180355 
0.000277 0.091057 0.337716 0.027562 0.543388 
0.027582 0.454675 0.022439 0.113369 0.381935 
0.019300 0.295225 0.440313 0.011564 0.233597 
0.000638 0.522124 0.061047 0.245735 0.170456 
0.411568 0.182261 0.270939 0.083268 0.051965 
0.000672 0.158247 0.200297 0.629403 0.011382 
0.049269 0.153312 0.344319 0.403366 0.049734 
0.036013 0.222271 0.441941 0.285976 0.013798 
0.002011 0.047906 0.144584 0.788178 0.017322 
0.069644 0.071040 0.324620 0.447278 0.087417 
0.001763 0.273636 0.212148 0.186089 0.326364 
0.161244 0.024212 0.273053 0.344372 0.197119 
0.067544 0.034899 0.797989 0.070991 0.028577 
0.025372 0.020061 0.732565 0.146223 0.075779 
0.033667 0.120066 0.767178 0.076280 0.002809 
0.011026 0.781247 0.063620 0.143952 0.000156 
0.598815 0.082438 0.023847 0.284317 0.010582 
0.003409 0.000538 0.550738 0.276107 0.169209 
0.009591 0.005139 0.933941 0.008283 0.043047 
0.009190 0.173988 0.567279 0.186782 0.062761 
0.002147 0.095676 0.651269 0.118960 0.131949 
0.029226 0.014740 0.805338 0.000876 0.149820 
0.150771 0.050468 0.778205 0.018743 0.001813 
0.274283 0.583859 0.014878 0.053775 0.073205 
0.114244 0.721714 0.002025 0.089116 0.072901 
0.306364 0.684191 0.000555 0.004725 0.004165 
0.060170 0.823580 0.038524 0.076048 0.001678 
0.049911 0.769775 0.001224 0.070821 0.108269 
0.224785 0.040183 0.633216 0.073547 0.028268 
0.270345 0.009276 0.483214 0.225159 0.012007 
0.030028 0.216174 0.446319 0.001565 0.305914 
0.048950 0.504005 0.215330 0.136104 0.095611 
0.209356 0.245954 0.488881 0.016463 0.039346 
0.014320 0.137005 0.081409 0.714010 0.053257 
0.005784 0.491841 0.233327 0.010209 0.258839 
0.568219 0.378537 0.000204 0.029858 0.023182 
0.251230 0.465363 0.148444 0.013201 0.121762 
0.168820 0.369217 0.140115 0.003406 0.318442 
0.331222 0.030000 0.428298 0.210153 0.000328 
0.142013 0.766272 0.026085 0.053312 0.012317 
0.402246 0.023231 0.135890 0.374850 0.063783 
0.340857 0.149645 0.025279 0.481822 0.002397 
0.000103 0.299621 0.267424 0.428047 0.004805 
0.034441 0.317176 0.414761 0.193244 0.040378 
0.079664 0.111107 0.591660 0.002585 0.214983 
0.006151 0.134214 0.089193 0.208090 0.562352 
0.023044 0.032359 0.668866 0.143159 0.132572 
0.000089 0.037708 0.508203 0.174824 0.279175 
0.043889 0.139979 0.423058 0.098343 0.294731 
0.033630 0.152739 0.589869 0.068253 0.155509 
0.014413 0.062986 0.869734 0.030421 0.022445 
0.002779 0.001566 0.424587 0.538809 0.032260 
0.005690 0.067195 0.917423 0.000005 0.009687 
0.108781 0.108668 0.110365 0.670905 0.001281 
0.213182 0.027079 0.023955 0.684253 0.051532 
0.107385 0.034961 0.710231 0.127248 0.020175 
0.069142 0.543753 0.382974 0.003474 0.000658 
0.016539 0.481258 0.495091 0.006530 0.000582 
0.081323 0.383144 0.480388 0.054681 0.000463 
0.152746 0.384475 0.397903 0.061848 0.003028 
0.452357 0.393654 0.096838 0.005296 0.051854 
0.001201 0.493802 0.491367 0.013595 0.000035 
0.164445 0.173680 0.398882 0.013059 0.249935 
0.008633 0.011357 0.572151 0.002914 0.404945 
0.136960 0.176029 0.217559 0.014496 0.454957 
0.000120 0.282328 0.097770 0.089508 0.530275 
0.007705 0.032047 0.349533 0.205094 0.405621 
0.031528 0.072711 0.324375 0.139018 0.432368 
0.004643 0.150474 0.357118 0.325698 0.162067 
0.028299 0.003011 0.615047 0.301470 0.052172 
0.079347 0.018131 0.273322 0.625705 0.003495 
0.000901 0.129391 0.004778 0.101015 0.763916 
0.342331 0.001155 0.018846 0.427097 0.210571 
0.191275 0.005115 0.463413 0.339467 0.000730 
0.000066 0.086056 0.187342 0.723818 0.002719 
0.005396 0.000903 0.022737 0.001841 0.969123 
0.001966 0.025060 0.026847 0.000004 0.946123 
0.002443 0.040958 0.228023 0.688151 0.040424 
0.056600 0.148801 0.006544 0.763936 0.024120 
0.087768 0.072599 0.002752 0.067161 0.769721 
0.218857 0.197873 0.081965 0.500271 0.001033 
0.138745 0.339726 0.025717 0.462926 0.032886 
0.074374 0.240946 0.213402 0.387431 0.083846 
0.022283 0.159723 0.131261 0.545539 0.141194 
0.003323 0.215023 0.069014 0.498114 0.214526 
0.051960 0.303624 0.158611 0.334562 0.151242 
0.000964 0.124026 0.792496 0.079260 0.003255 
0.000331 0.057310 0.003282 0.913634 0.025443 
0.012792 0.060548 0.722673 0.085002 0.118985 
0.036105 0.051900 0.567544 0.089323 0.255128 
0.035072 0.252167 0.002045 0.581826 0.128890 
0.078133 0.001714 0.000329 0.060624 0.859200 
0.226756 0.062328 0.000333 0.202562 0.508022 
0.478651 0.031123 0.037356 0.343407 0.109462 
0.377105 0.137421 0.023977 0.442056 0.019442 
0.139215 0.152197 0.040473 0.239585 0.428529 
0.071602 0.248995 0.147193 0.296525 0.235686 
0.102431 0.294439 0.134996 0.251731 0.216403 
0.096750 0.301639 0.155127 0.264130 0.182355 
0.076490 0.269870 0.171653 0.290259 0.191729 
0.032771 0.840604 0.120372 0.005093 0.001160 
0.016211 0.551460 0.291394 0.063558 0.077378 
0.006613 0.631061 0.244690 0.114979 0.002657 
0.014397 0.061396 0.799520 0.086251 0.038435 
0.000010 0.027234 0.409514 0.448880 0.114362 
0.011871 0.002858 0.265072 0.610274 0.109926 
0.006826 0.000370 0.261705 0.700504 0.030595 
0.000249 0.018663 0.423022 0.553596 0.004470 
0.096482 0.274129 0.504854 0.119437 0.005099 
0.120195 0.278951 0.479417 0.118003 0.003433 
0.088918 0.307130 0.510029 0.093673 0.000251 
0.012546 0.020619 0.163163 0.691686 0.111986 
0.004148 0.011288 0.244751 0.561970 0.177844 
0.053673 0.521052 0.061774 0.262546 0.100954 
0.006465 0.331456 0.637206 0.024024 0.000849 
0.249222 0.007759 0.082419 0.322817 0.337782 
0.162067 0.070621 0.017215 0.746523 0.003574 
0.080096 0.004431 0.034888 0.023275 0.857310 
0.001676 0.214712 0.000464 0.311561 0.471588 
0.181384 0.131655 0.023966 0.375670 0.287324 
0.431945 0.341928 0.017943 0.171681 0.036503 
0.404542 0.110227 0.220362 0.052079 0.212790 
0.158890 0.159621 0.088924 0.591174 0.001390 
0.006674 0.156799 0.300764 0.115577 0.420186 
0.021851 0.326563 0.231746 0.087594 0.332245 
0.007967 0.202391 0.463548 0.004583 0.321511 
0.058990 0.012799 0.194210 0.261132 0.472869 
0.138891 0.443807 0.265427 0.014717 0.137159 
0.289494 0.298556 0.230656 0.011199 0.170096 
0.080209 0.654353 0.180928 0.082822 0.001687 
0.000040 0.044706 0.520520 0.278952 0.155782 
0.023258 0.114557 0.542498 0.224368 0.095319 
0.012982 0.140253 0.648486 0.153034 0.045245 
0.058711 0.471562 0.172857 0.256676 0.040194 
0.010785 0.377960 0.078049 0.477109 0.056097 
0.230819 0.000946 0.707835 0.013699 0.046701 
0.047611 0.886194 0.011291 0.050331 0.004574 
0.137438 0.309132 0.368624 0.023874 0.160933 
0.118547 0.255601 0.291111 0.043942 0.290798 
0.017257 0.095177 0.831913 0.042388 0.013265 
0.000545 0.052510 0.695463 0.219476 0.032006 
0.074514 0.159325 0.300594 0.066843 0.398724 
0.074405 0.402524 0.305928 0.000853 0.216291 
0.303131 0.027807 0.002879 0.021861 0.644322 
0.332895 0.026320 0.001741 0.029106 0.609938 
0.178146 0.004418 0.002356 0.029480 0.785601 
0.131216 0.106627 0.169038 0.000002 0.593117 
0.080664 0.120469 0.239186 0.556370 0.003310 
0.119033 0.185313 0.253470 0.439716 0.002467 
0.173631 0.159132 0.197581 0.000456 0.469200 
0.030299 0.020967 0.707460 0.053370 0.187905 
0.002707 0.514698 0.098950 0.023510 0.360136 
0.087946 0.163787 0.300874 0.418664 0.028728 
0.015525 0.101248 0.167564 0.669432 0.046231 
0.352490 0.034226 0.039495 0.054938 0.518850 
0.326626 0.033381 0.035220 0.059752 0.545021 
0.357180 0.037716 0.025848 0.045773 0.533484 
0.378076 0.038799 0.038403 0.044322 0.500400 
0.031093 0.026231 0.011679 0.928689 0.002308 
0.317138 0.117783 0.058643 0.012718 0.493719 
0.269445 0.126419 0.071843 0.006849 0.525445 
0.290357 0.153849 0.084819 0.005210 0.465767 
0.343697 0.129481 0.059413 0.004404 0.463005 
0.226735 0.064535 0.364916 0.301768 0.042046 
0.078345 0.093011 0.766752 0.026551 0.035341 
0.098237 0.403798 0.346943 0.119172 0.031850 
0.165563 0.371173 0.410355 0.048216 0.004692 
0.041089 0.131584 0.112200 0.031056 0.684072 
0.355575 0.000011 0.106759 0.206885 0.330769 
0.533035 0.000017 0.098726 0.163413 0.204808 
0.799973 0.000065 0.066616 0.078350 0.054996 
0.781275 0.051702 0.010009 0.151347 0.005668 
0.003105 0.423539 0.003273 0.019166 0.550917 
0.000123 0.023423 0.222506 0.753398 0.000549 
0.064337 0.089684 0.420111 0.425492 0.000376 
0.038966 0.057838 0.626816 0.001170 0.275210 
0.443951 0.050166 0.011903 0.013085 0.480895 
0.428472 0.048559 0.005855 0.017113 0.500001 
0.466240 0.052839 0.000156 0.005217 0.475547 
0.519116 0.055434 0.008303 0.003766 0.413382 
0.299962 0.024456 0.025368 0.062120 0.588094 
0.349564 0.028500 0.008068 0.038293 0.575575 
0.354656 0.030721 0.014344 0.039366 0.560914 
0.304010 0.025183 0.041981 0.068109 0.560717 
0.336272 0.032167 0.051324 0.067575 0.512661 
0.432862 0.046224 0.053472 0.031473 0.435968 
0.461929 0.043187 0.078511 0.020743 0.395630 
0.379546 0.038301 0.065308 0.050465 0.466381 
0.404204 0.045808 0.019895 0.028372 0.501720 
0.397796 0.042005 0.009299 0.028207 0.522694 
0.348798 0.035432 0.020011 0.046822 0.548938 
0.319142 0.029236 0.027543 0.057273 0.566806 
0.429970 0.043389 0.044208 0.031456 0.450977 
0.379920 0.037431 0.048866 0.047661 0.486122 
0.009000 0.428335 0.275656 0.060766 0.226242 
0.128307 0.229100 0.359928 0.282336 0.000329 
0.016612 0.124645 0.150228 0.471299 0.237217 
0.028059 0.041777 0.013656 0.904828 0.011681 
0.041095 0.520329 0.227975 0.182638 0.027963 
0.019020 0.092998 0.513662 0.312291 0.062030 
0.066538 0.091963 0.054496 0.342946 0.444057 
0.048486 0.141748 0.092902 0.361714 0.355149 
0.006325 0.056333 0.062223 0.466840 0.408279 
0.008197 0.020052 0.025068 0.413236 0.533447 
0.092830 0.661336 0.124964 0.104554 0.016315 
0.151454 0.618035 0.067454 0.101438 0.061619 
0.188165 0.767840 0.015618 0.014242 0.014135 
0.195432 0.493909 0.053533 0.125198 0.131928 
0.152592 0.385641 0.085917 0.178788 0.197061 
0.206275 0.375090 0.041706 0.134783 0.242146 
0.296544 0.546141 0.003196 0.038135 0.115985 
0.128651 0.321155 0.459283 0.090848 0.000064 
0.148877 0.292201 0.449438 0.108666 0.000818 
0.153351 0.271725 0.075754 0.213965 0.285206 
0.118192 0.298389 0.110254 0.229694 0.243471 
0.084930 0.223565 0.110160 0.282362 0.298984 
0.120131 0.170284 0.075521 0.270153 0.363911 
0.019527 0.067343 0.500985 0.399374 0.012771 
0.044579 0.352766 0.544954 0.057275 0.000427 
0.053859 0.212706 0.550733 0.156743 0.025958 
0.163728 0.017059 0.381366 0.139497 0.298349 
0.084474 0.088134 0.397776 0.062604 0.367013 
0.042077 0.529813 0.152941 0.111862 0.163307 
0.024370 0.439796 0.209427 0.105247 0.221161 
0.006026 0.586645 0.135940 0.172220 0.099169 
0.026987 0.760492 0.070429 0.097962 0.044130 
0.013445 0.000470 0.103667 0.043351 0.839068 
0.000373 0.021712 0.078350 0.023808 0.875757 
0.026942 0.003933 0.096671 0.023666 0.848788 
0.023537 0.016554 0.167491 0.078671 0.713747 
0.008593 0.042828 0.065886 0.008880 0.873813 
0.014205 0.033482 0.052492 0.008498 0.891323 
0.017467 0.041173 0.026714 0.000135 0.914512 
0.015796 0.088251 0.061648 0.007101 0.827204 
0.011903 0.060679 0.119924 0.025101 0.782393 
0.010765 0.063035 0.241705 0.008847 0.675648 
0.012882 0.116796 0.010763 0.065282 0.794277 
0.175632 0.404521 0.039020 0.097128 0.283699 
0.104424 0.209817 0.183303 0.000003 0.502453 
0.009736 0.127868 0.006264 0.050893 0.805239 
0.044458 0.274289 0.090630 0.047138 0.543485 
0.196924 0.609378 0.027737 0.026330 0.139630 
0.068451 0.815404 0.030143 0.042095 0.043906 
0.004424 0.352321 0.271840 0.164461 0.206954 
0.000103 0.144956 0.656858 0.178499 0.019584 
0.036724 0.000073 0.523273 0.312640 0.127290 
0.000252 0.000504 0.370553 0.353022 0.275669 
0.000001 0.259699 0.341199 0.000629 0.398472 
0.117826 0.286614 0.001410 0.504557 0.089592 
0.270456 0.000130 0.447664 0.219585 0.062164 
0.049472 0.511589 0.137539 0.001281 0.300119 
0.017495 0.279699 0.248927 0.019023 0.434855 
0.015795 0.038362 0.308801 0.546673 0.090369 
0.036016 0.194567 0.335477 0.407516 0.026424 
0.000054 0.186284 0.598266 0.012409 0.202986 
0.012540 0.165103 0.451268 0.027515 0.343574 
0.051100 0.028160 0.421698 0.290515 0.208527 
0.116844 0.023984 0.661887 0.088223 0.109062 
0.000502 0.157737 0.615038 0.002093 0.224630 
0.140853 0.481859 0.084413 0.057704 0.235172 
0.090450 0.574048 0.112292 0.078498 0.144713 
0.069071 0.631684 0.108314 0.073709 0.117222 
0.138366 0.548192 0.076382 0.049595 0.187464 
0.299804 0.396625 0.014435 0.009739 0.279396 
0.011366 0.433643 0.015776 0.338911 0.200304 
0.002814 0.382372 0.380184 0.049684 0.184946 
0.024874 0.173855 0.571896 0.225030 0.004346 
0.108329 0.174332 0.367944 0.349004 0.000391 
0.387256 0.070659 0.012436 0.013633 0.516015 
0.351627 0.090265 0.034095 0.011436 0.512578 
0.384419 0.106948 0.035080 0.003520 0.470034 
0.425614 0.087951 0.015997 0.006505 0.463934 
0.071010 0.505887 0.160843 0.194861 0.067399 
0.018533 0.438758 0.283424 0.000946 0.258339 
0.032543 0.486353 0.236343 0.040385 0.204375 
0.067329 0.304648 0.438187 0.012122 0.177714 
0.074849 0.440044 0.005054 0.350265 0.129789 
0.002536 0.106823 0.595352 0.218939 0.076350 
0.445819 0.078012 0.006077 0.009170 0.460922 
0.414175 0.058708 0.002859 0.015465 0.508793 
0.423749 0.041749 0.031965 0.030626 0.471912 
0.214713 0.082895 0.051520 0.007533 0.643340 
0.397844 0.037809 0.003843 0.024439 0.536065 
0.409880 0.039482 0.000114 0.014719 0.535806 
0.503406 0.066093 0.000055 0.001461 0.428986 
0.468465 0.087805 0.007155 0.005453 0.431122 
0.040724 0.205095 0.151618 0.343083 0.259480 
0.043489 0.240713 0.178158 0.334490 0.203150 
0.473543 0.050568 0.030149 0.018369 0.427371 
0.511164 0.053555 0.030145 0.010576 0.394559 
0.074114 0.010982 0.600019 0.015355 0.299530 
0.005938 0.041354 0.557000 0.125175 0.270534 
0.308643 0.166556 0.081436 0.000911 0.442454 
0.353037 0.143312 0.058921 0.000969 0.443761 
0.002960 0.160112 0.148221 0.011003 0.677704 
0.126018 0.045835 0.024767 0.002467 0.800913 
0.104479 0.113890 0.032304 0.008313 0.741014 
0.112986 0.202239 0.009175 0.000002 0.675598 
0.122459 0.289741 0.261431 0.283144 0.043225 
0.046852 0.317749 0.350680 0.206381 0.078338 
0.010820 0.154226 0.724117 0.108052 0.002784 
0.092582 0.240618 0.498015 0.151711 0.017075 
0.087158 0.259300 0.513634 0.130867 0.009042 
0.059251 0.422113 0.186444 0.234617 0.097575 
0.120099 0.061815 0.097384 0.000700 0.720002 
0.164964 0.086543 0.074661 0.004103 0.669728 
0.021225 0.088086 0.075035 0.669090 0.146564 
0.557034 0.058361 0.004590 0.000754 0.379261 
0.017068 0.015290 0.003419 0.004314 0.959909 
0.028180 0.038251 0.006302 0.000475 0.926792 
0.060070 0.065175 0.027857 0.007213 0.839685 
0.053958 0.042287 0.028803 0.017792 0.857160 
0.035939 0.009782 0.036682 0.023108 0.894488 
0.008660 0.000000 0.025711 0.024318 0.941311 
0.024782 0.006299 0.025129 0.023768 0.920021 
0.057210 0.026825 0.035210 0.022181 0.858575 
0.057422 0.011734 0.056464 0.018839 0.855542 
0.088253 0.047249 0.051290 0.019625 0.793583 
0.007496 0.022264 0.041594 0.003457 0.925190 
0.007316 0.000038 0.017435 0.024559 0.950652 
0.008483 0.038248 0.067609 0.017252 0.868409 
0.007557 0.025946 0.056747 0.010450 0.899300 
0.003466 0.020598 0.084295 0.028219 0.863422 
0.006092 0.018094 0.067943 0.016849 0.891022 
0.000000 0.009424 0.101695 0.040700 0.848181 
0.004932 0.014648 0.098295 0.038332 0.843794 
0.009419 0.000319 0.146504 0.073871 0.769888 
0.000207 0.004549 0.124515 0.058644 0.812085 
0.213991 0.403610 0.050755 0.032955 0.298688 
0.175369 0.354118 0.077974 0.035111 0.357427 
0.000000 0.006401 0.146233 0.093261 0.754105 
0.001973 0.001106 0.130515 0.077134 0.789273 
0.017965 0.004892 0.163635 0.157514 0.655995 
0.015471 0.000333 0.118731 0.110288 0.755177 
0.042773 0.147406 0.212377 0.002838 0.594605 
0.000106 0.052762 0.122438 0.187431 0.637262 
0.070266 0.086202 0.263673 0.006180 0.573679 
0.078789 0.082466 0.224149 0.000059 0.614537 
0.149679 0.017975 0.275482 0.016548 0.540315 
0.147664 0.015128 0.204516 0.000080 0.632611 
0.000235 0.003151 0.082095 0.026493 0.888027 
0.003916 0.010585 0.064645 0.014025 0.906829 
0.012134 0.001091 0.150877 0.078596 0.757303 
0.005401 0.013588 0.043390 0.003988 0.933633 
0.007803 0.064095 0.003494 0.054708 0.869900 
0.012408 0.087476 0.000005 0.053474 0.846638 
0.036857 0.105239 0.007755 0.031717 0.818432 
0.012506 0.062609 0.000473 0.030629 0.893784 
0.096560 0.230432 0.008713 0.006176 0.658119 
0.113460 0.289128 0.000318 0.027760 0.569334 
0.134194 0.319485 0.000001 0.012869 0.533452 
0.136974 0.324654 0.068206 0.011670 0.458495 
0.094240 0.268365 0.000366 0.030503 0.606526 
0.121779 0.311855 0.056338 0.005483 0.504545 
0.094014 0.227062 0.008512 0.027523 0.642889 
0.118995 0.332168 0.074983 0.011021 0.462834 
0.128014 0.350765 0.081634 0.013137 0.426449 
0.111564 0.320036 0.069057 0.008780 0.490564 
0.112753 0.302806 0.056211 0.003878 0.524353 
0.096138 0.289170 0.053821 0.001125 0.559745 
0.073573 0.244616 0.003699 0.046535 0.631576 
0.190870 0.300384 0.000187 0.002793 0.505766 
0.154718 0.040055 0.320249 0.080609 0.404369 
0.090620 0.098775 0.304672 0.043783 0.462150 
0.012385 0.308972 0.201650 0.000077 0.476916 
0.010175 0.305772 0.273745 0.021770 0.388539 
0.082628 0.524409 0.155783 0.071710 0.165470 
0.059261 0.411483 0.216582 0.079889 0.232784 
0.000167 0.005552 0.175624 0.118769 0.699888 
0.009510 0.000892 0.172199 0.172080 0.645319 
0.000626 0.293153 0.312748 0.066155 0.327318 
0.038460 0.139664 0.248205 0.010298 0.563374 
0.005648 0.167774 0.018626 0.185166 0.622785 
0.043848 0.272882 0.010734 0.162162 0.510375 
0.002083 0.092413 0.068681 0.211828 0.624995 
0.129478 0.395173 0.110042 0.027558 0.337749 
0.077514 0.368084 0.140831 0.003119 0.410452 
0.070741 0.409390 0.180158 0.027111 0.312600 
0.117291 0.461445 0.131988 0.063100 0.226176 
0.064049 0.291562 0.006161 0.125791 0.512437 
0.027571 0.199581 0.021836 0.155988 0.595023 
0.069382 0.286351 0.002913 0.095254 0.546099 
0.043438 0.207075 0.022412 0.131855 0.595220 
0.101558 0.332090 0.089806 0.002655 0.473891 
0.098121 0.366631 0.105429 0.003072 0.426748 
0.069967 0.269936 0.000713 0.075052 0.584332 
0.029615 0.194153 0.004567 0.088455 0.683211 
0.098376 0.308089 0.078877 0.004004 0.510654 
0.023453 0.143852 0.047232 0.165399 0.620064 
0.012713 0.127951 0.022637 0.126433 0.710266 
0.001714 0.064646 0.023486 0.089049 0.821105 
0.003705 0.088270 0.051244 0.130217 0.726564 
0.013868 0.130680 0.057247 0.188634 0.609571 
0.004570 0.087766 0.076607 0.155025 0.676032 
0.001570 0.063447 0.103381 0.169228 0.662375 
0.000202 0.034105 0.064688 0.095712 0.805292 
0.000166 0.021693 0.089232 0.111229 0.777680 
0.000411 0.040986 0.046132 0.087353 0.825118 
0.000808 0.031976 0.029510 0.060459 0.877247 
0.002641 0.000525 0.096263 0.053886 0.846686 
0.000227 0.005247 0.065215 0.052593 0.876718 
0.000290 0.001769 0.052739 0.016504 0.928698 
0.000248 0.009557 0.043449 0.042096 0.904650 
0.000264 0.000020 0.023447 0.013041 0.963227 
0.000459 0.012870 0.032127 0.040041 0.914503 
0.000498 0.003182 0.016668 0.019577 0.960076 
0.017112 0.005327 0.017170 0.024186 0.936205 
0.040678 0.021095 0.024134 0.022900 0.891192 
0.004716 0.000101 0.008928 0.024837 0.961417 
0.007222 0.000915 0.003570 0.013775 0.974517 
0.018740 0.007043 0.011103 0.017098 0.946016 
0.027264 0.018804 0.012710 0.016709 0.924514 
0.002188 0.000201 0.000141 0.004191 0.993279 
0.004017 0.008798 0.002827 0.003311 0.981047 
0.458740 0.022699 0.013329 0.157032 0.348200 
0.738560 0.050575 0.005470 0.035526 0.169869 
0.000508 0.746969 0.033898 0.100581 0.118044 
0.011530 0.426347 0.054143 0.282743 0.225236 
0.003054 0.001531 0.015376 0.003113 0.976926 
0.001058 0.000010 0.005501 0.004362 0.989069 
0.003175 0.006590 0.038073 0.003534 0.948628 
0.002585 0.024446 0.010015 0.035295 0.927659 
0.001305 0.005710 0.007003 0.015741 0.970240 
0.000895 0.015708 0.020246 0.033445 0.929706 
0.001201 0.031041 0.018679 0.049650 0.899428 
0.069762 0.160875 0.010421 0.000004 0.758938 
0.060778 0.179371 0.009709 0.016804 0.733338 
0.042196 0.170894 0.003956 0.053679 0.729276 
0.037081 0.080225 0.755404 0.100419 0.026871 
0.059881 0.171370 0.682763 0.055253 0.030733 
0.000183 0.150037 0.014476 0.687908 0.147396 
0.000055 0.041263 0.653040 0.095868 0.209774 
0.006223 0.056141 0.418745 0.504750 0.014140 
0.313641 0.445698 0.114847 0.042888 0.082926 
0.000061 0.119081 0.748553 0.002152 0.130153 
0.033903 0.185515 0.745302 0.015640 0.019640 
0.003759 0.919152 0.005227 0.021773 0.050088 
0.021518 0.030466 0.533142 0.135425 0.279448 
0.744582 0.009708 0.013991 0.141860 0.089859 
0.000011 0.559135 0.003015 0.260906 0.176932 
0.006530 0.596132 0.000683 0.358676 0.037980 
0.046780 0.508554 0.124106 0.291491 0.029069 
0.007642 0.789124 0.075920 0.068055 0.059258 
0.632543 0.069392 0.017914 0.236024 0.044127 
0.014217 0.530455 0.013355 0.332071 0.109902 
0.011009 0.694941 0.024307 0.145755 0.123987 
0.000364 0.783240 0.044779 0.089565 0.082052 
0.016104 0.546278 0.018325 0.111643 0.307649 
0.490510 0.017473 0.115030 0.247440 0.129547 
0.364871 0.031273 0.371207 0.191023 0.041626 
0.062991 0.001774 0.885614 0.048905 0.000717 
0.219702 0.112808 0.444177 0.202343 0.020969 
0.004890 0.310348 0.035814 0.556593 0.092355 
0.018366 0.277491 0.614445 0.066463 0.023236 
0.088134 0.019351 0.797333 0.005313 0.089869 
0.213723 0.735186 0.009038 0.006290 0.035763 
0.010321 0.263314 0.010219 0.684610 0.031536 
0.022322 0.139303 0.053257 0.701233 0.083886 
0.819471 0.049658 0.000183 0.103395 0.027293 
0.639451 0.003811 0.031433 0.273956 0.051349 
0.512700 0.001995 0.014777 0.205993 0.264535 
0.004573 0.856295 0.019389 0.044808 0.074934 
0.030454 0.719801 0.067077 0.029715 0.152954 
0.564626 0.092636 0.086712 0.179402 0.076625 
0.488757 0.016230 0.013667 0.316029 0.165318 
0.062399 0.488423 0.029277 0.122290 0.297610 
0.785692 0.172627 0.031253 0.007233 0.003194 
0.000054 0.911584 0.035779 0.043026 0.009556 
0.113837 0.530187 0.233536 0.120691 0.001749 
0.059746 0.395794 0.540720 0.002479 0.001261 
0.749803 0.015840 0.109750 0.036334 0.088273 
0.804065 0.081671 0.033734 0.000080 0.080450 
0.690744 0.157380 0.086517 0.065353 0.000006 
0.566851 0.046462 0.203613 0.173383 0.009691 
0.642755 0.038566 0.116676 0.102376 0.099627 
0.643590 0.013019 0.302575 0.000018 0.040797 
0.452520 0.002394 0.013631 0.475381 0.056074 
0.443075 0.142135 0.134278 0.259252 0.021259 
0.725168 0.043874 0.051536 0.079908 0.099514 
0.653009 0.115499 0.143685 0.083069 0.004738 
0.303093 0.090365 0.002332 0.604133 0.000077 
0.539451 0.021889 0.025960 0.401883 0.010818 
0.069109 0.283194 0.252802 0.362144 0.032750 
0.116844 0.463803 0.187219 0.231015 0.001118 
0.000059 0.789519 0.013860 0.186504 0.010058 
0.018531 0.429977 0.106008 0.384188 0.061296 
0.356742 0.522256 0.077888 0.025867 0.017248 
0.014165 0.523874 0.414280 0.012868 0.034814 
0.005604 0.296236 0.623864 0.063839 0.010456 
0.079332 0.768461 0.024940 0.042499 0.084768 
0.000000 0.738958 0.183791 0.000924 0.076327 
0.542521 0.247829 0.086329 0.104113 0.019208 
0.266714 0.461899 0.114994 0.150780 0.005613 
0.489917 0.333189 0.108787 0.067763 0.000344 
0.043665 0.152560 0.710530 0.039935 0.053310 
0.017889 0.886953 0.000535 0.066201 0.028423 
0.484680 0.040564 0.105076 0.362323 0.007356 
0.017306 0.366206 0.008177 0.560153 0.048158 
0.222364 0.545829 0.003010 0.197438 0.031358 
0.913125 0.027845 0.018347 0.014242 0.026441 
0.123363 0.546093 0.001839 0.095167 0.233538 
0.544367 0.231697 0.000005 0.044185 0.179746 
0.163910 0.542565 0.289093 0.000569 0.003863 
0.292747 0.022128 0.265002 0.417113 0.003010 
0.254323 0.031872 0.478269 0.233570 0.001965 
0.068490 0.872160 0.000000 0.054582 0.004768 
0.549174 0.228517 0.001774 0.172548 0.047987 
0.177184 0.549077 0.258487 0.000797 0.014455 
0.171400 0.278909 0.002844 0.540760 0.006087 
0.015617 0.442311 0.045494 0.436833 0.059746 
0.191585 0.264599 0.151063 0.383684 0.009070 
0.014876 0.125196 0.352980 0.011259 0.495688 
0.003302 0.666023 0.322953 0.007649 0.000072 
0.501498 0.295488 0.130140 0.072490 0.000383 
0.601430 0.163064 0.076189 0.143341 0.015976 
0.000109 0.827762 0.157448 0.008717 0.005963 
0.025937 0.017836 0.935175 0.000049 0.021003 
0.178723 0.074742 0.570339 0.003573 0.172624 
0.275802 0.303049 0.006673 0.401711 0.012765 
0.065094 0.004530 0.686097 0.078856 0.165424 
0.210759 0.009771 0.479890 0.230946 0.068634 
0.246643 0.078804 0.117179 0.556908 0.000466 
0.250640 0.469647 0.023549 0.044550 0.211614 
0.966620 0.000027 0.012668 0.001806 0.018878 
0.956808 0.016987 0.001080 0.024665 0.000461 
0.798850 0.071368 0.082753 0.040613 0.006416 
0.020452 0.000318 0.754140 0.034274 0.190816 
0.703479 0.192328 0.000794 0.101291 0.002109 
0.000065 0.163945 0.205292 0.288029 0.342669 
0.074209 0.027322 0.364876 0.171579 0.362014 
0.037622 0.004002 0.443770 0.330876 0.183731 
0.009790 0.104697 0.240274 0.491082 0.154157 
0.338854 0.179752 0.350811 0.003476 0.127105 
0.133726 0.064934 0.723581 0.004959 0.072800 
0.394790 0.144638 0.242791 0.213756 0.004026 
0.021974 0.285710 0.069876 0.465492 0.156948 
0.018300 0.031180 0.030783 0.917966 0.001771 
0.042935 0.004891 0.247214 0.692570 0.012390 
0.002736 0.006195 0.323789 0.528437 0.138842 
0.001302 0.168661 0.174286 0.132576 0.523176 
0.060201 0.242333 0.035963 0.088581 0.572923 
0.009450 0.445929 0.001445 0.137369 0.405806 
0.265013 0.055550 0.462511 0.005927 0.210998 
0.097349 0.520361 0.116868 0.110985 0.154437 
0.081287 0.310125 0.235513 0.312489 0.060587 
0.184244 0.063109 0.064331 0.594773 0.093543 
0.220403 0.018859 0.132103 0.594216 0.034419 
0.002334 0.220365 0.175070 0.518137 0.084094 
0.009722 0.156714 0.334302 0.457914 0.041348 
0.537969 0.109305 0.097113 0.000200 0.255412 
0.772173 0.077723 0.027354 0.021894 0.100857 
0.579303 0.032283 0.099495 0.139051 0.149869 
0.653674 0.007828 0.000051 0.007579 0.330867 
0.482193 0.013588 0.238550 0.013269 0.252400 
0.023572 0.835690 0.122271 0.018343 0.000124 
0.138349 0.080103 0.325512 0.350285 0.105751 
0.009009 0.832599 0.036968 0.033680 0.087744 
0.653521 0.127325 0.000054 0.000053 0.219046 
0.006975 0.544315 0.314428 0.000160 0.134123 
0.053147 0.663058 0.143364 0.052794 0.087637 
0.697015 0.136712 0.165509 0.000749 0.000016 
0.426120 0.100278 0.351306 0.034021 0.088275 
0.247877 0.147846 0.462356 0.022529 0.119392 
0.437113 0.260919 0.292895 0.000000 0.009073 
0.170713 0.204728 0.566220 0.008903 0.049437 
0.322286 0.367532 0.176790 0.023598 0.109794 
0.041360 0.885393 0.011336 0.022998 0.038914 
0.011262 0.096848 0.861324 0.004546 0.026019 
0.013759 0.289913 0.534755 0.143204 0.018370 
0.136149 0.675319 0.135259 0.036347 0.016926 
0.312002 0.102497 0.038456 0.494062 0.052982 
0.255557 0.010040 0.129804 0.604278 0.000320 
0.031745 0.000672 0.930776 0.015218 0.021589 
0.076723 0.060964 0.623421 0.189227 0.049666 
0.295791 0.007130 0.670447 0.026632 0.000000 
0.019655 0.281114 0.516074 0.173825 0.009332 
0.103212 0.076071 0.063512 0.686581 0.070625 
0.064268 0.045807 0.153041 0.736831 0.000052 
0.430115 0.021576 0.380889 0.142368 0.025052 
0.317939 0.157371 0.159176 0.300290 0.065224 
0.009534 0.626764 0.102272 0.259508 0.001922 
0.061493 0.546304 0.200167 0.136628 0.055408 
0.403399 0.016776 0.001590 0.024824 0.553411 
0.010795 0.635360 0.041868 0.006247 0.305730 
0.000181 0.592339 0.044742 0.006709 0.356029 
0.347036 0.049625 0.015995 0.002795 0.584548 
0.279525 0.232667 0.340966 0.146839 0.000004 
0.010126 0.251654 0.007636 0.376614 0.353970 
0.146243 0.016519 0.584189 0.228742 0.024307 
0.050926 0.042455 0.000035 0.199845 0.706740 
0.051459 0.091952 0.010697 0.276098 0.569794 
0.005005 0.018182 0.011488 0.154046 0.811279 
0.008492 0.005718 0.002434 0.102644 0.880713 
0.004528 0.045878 0.007684 0.853199 0.088711 
0.076995 0.126994 0.140656 0.650795 0.004560 
0.054813 0.023523 0.457019 0.446129 0.018516 
0.002419 0.204342 0.555921 0.065590 0.171728 
0.137118 0.132852 0.169162 0.556951 0.003917 
0.044536 0.258270 0.309694 0.386643 0.000857 
0.184768 0.531866 0.283291 0.000008 0.000067 
0.058946 0.096400 0.228341 0.588865 0.027449 
0.057191 0.016700 0.106225 0.813307 0.006578 
0.078170 0.002006 0.051921 0.007756 0.860147 
0.223102 0.020337 0.038265 0.084384 0.633912 
0.169659 0.052699 0.077481 0.699726 0.000436 
0.201040 0.460775 0.263041 0.074888 0.000256 
0.002398 0.361735 0.327262 0.307361 0.001244 
0.359087 0.000826 0.196100 0.442887 0.001100 
0.196840 0.026457 0.119954 0.615012 0.041737 
0.184147 0.128680 0.000003 0.669289 0.017881 
0.032137 0.010629 0.941987 0.000870 0.014378 
0.053163 0.162490 0.094025 0.669579 0.020743 
0.001150 0.199647 0.361408 0.063564 0.374232 
0.151605 0.579995 0.216801 0.049438 0.002161 
0.014757 0.898784 0.046831 0.036280 0.003348 
0.055581 0.602791 0.193774 0.145608 0.002246 
0.180677 0.365822 0.358458 0.012445 0.082598 
0.005796 0.021469 0.971765 0.000970 0.000000 
0.004458 0.879676 0.053959 0.028128 0.033780 
0.008972 0.782032 0.037081 0.086158 0.085756 
0.000124 0.045069 0.834976 0.101812 0.018019 
0.202302 0.110201 0.570637 0.110876 0.005984 
0.157744 0.224055 0.545767 0.022888 0.049546 
0.044769 0.073421 0.812971 0.067027 0.001811 
0.119922 0.039311 0.000722 0.578326 0.261719 
0.538613 0.002932 0.076243 0.382190 0.000021 
0.003666 0.681166 0.245934 0.045039 0.024195 
0.015325 0.812694 0.049366 0.011250 0.111365 
0.456447 0.027545 0.057165 0.234538 0.224305 
0.290661 0.003644 0.080435 0.251457 0.373803 
0.199724 0.000271 0.196632 0.161821 0.441552 
0.394879 0.017365 0.180503 0.151441 0.255811 
0.626072 0.275159 0.027527 0.002359 0.068883 
0.403303 0.000464 0.449631 0.146567 0.000035 
0.024171 0.212856 0.724544 0.014094 0.024334 
0.001182 0.048845 0.930950 0.018737 0.000285 
0.105382 0.030628 0.242873 0.620422 0.000695 
0.126508 0.002296 0.011244 0.419504 0.440449 
0.005382 0.775208 0.003931 0.032789 0.182690 
0.032714 0.043928 0.547530 0.242180 0.133648 
0.895762 0.093958 0.001330 0.008949 0.000000 
0.053467 0.586375 0.344617 0.014573 0.000968 
0.011744 0.798221 0.123631 0.061607 0.004796 
0.546177 0.042315 0.031889 0.153924 0.225695 
0.134751 0.083946 0.584534 0.068036 0.128733 
0.000335 0.441961 0.454667 0.015135 0.087901 
0.051168 0.326695 0.571030 0.006406 0.044702 
0.113899 0.515728 0.011215 0.126170 0.232987 
0.000478 0.213318 0.328705 0.026951 0.430548 
0.118758 0.243016 0.066840 0.015111 0.556274 
0.077368 0.350316 0.024607 0.227955 0.319754 
0.920630 0.046360 0.004195 0.016036 0.012778 
0.412070 0.076513 0.413255 0.008113 0.090048 
0.313864 0.517985 0.139693 0.027731 0.000727 
0.573803 0.186870 0.000024 0.001270 0.238033 
0.301059 0.066702 0.002887 0.061192 0.568160 
0.244739 0.010102 0.090817 0.066752 0.587591 
0.402492 0.000726 0.167247 0.007738 0.421797 
0.000742 0.708815 0.024360 0.055610 0.210473 
0.406822 0.004627 0.002060 0.065257 0.521234 
0.458336 0.006441 0.115396 0.311477 0.108351 
0.023156 0.623685 0.153441 0.155651 0.044067 
0.003104 0.418400 0.170472 0.276747 0.131277 
0.056306 0.124153 0.361651 0.442389 0.015500 
0.139773 0.224577 0.356380 0.276187 0.003083 
0.008659 0.252824 0.062805 0.613660 0.062051 
0.051440 0.822961 0.090295 0.030216 0.005088 
0.204824 0.171848 0.205249 0.001469 0.416610 
0.016111 0.288610 0.411090 0.025726 0.258463 
0.033667 0.501581 0.228114 0.000465 0.236173 
0.035542 0.749137 0.009899 0.116847 0.088575 
0.050977 0.890506 0.008117 0.028145 0.022256 
0.055754 0.022378 0.463422 0.163412 0.295034 
0.055816 0.252689 0.483949 0.207396 0.000149 
0.838280 0.006639 0.045127 0.047093 0.062862 
0.626135 0.057123 0.206740 0.047541 0.062462 
0.531420 0.023310 0.015708 0.429525 0.000037 
0.856442 0.075655 0.010335 0.055574 0.001995 
0.091861 0.008378 0.000474 0.873235 0.026051 
0.117507 0.000001 0.138329 0.728031 0.016132 
0.002551 0.117283 0.509406 0.238676 0.132084 
0.135505 0.499330 0.030823 0.307747 0.026595 
0.033988 0.012561 0.797552 0.089712 0.066186 
0.003167 0.000701 0.369686 0.403952 0.222495 
0.029039 0.292678 0.036781 0.501583 0.139919 
0.000007 0.116502 0.764055 0.110910 0.008525 
0.215697 0.646190 0.010383 0.008941 0.118789 
0.016753 0.149741 0.634924 0.037283 0.161299 
0.027542 0.018687 0.911145 0.011932 0.030695 
0.610036 0.143017 0.154715 0.074704 0.017527 
0.392681 0.012515 0.127692 0.447677 0.019434 
0.124143 0.131426 0.094704 0.501612 0.148115 
0.447905 0.390778 0.117050 0.040930 0.003337 
0.020426 0.893096 0.045108 0.037094 0.004276 
0.191999 0.623169 0.003406 0.009806 0.171620 
0.387375 0.382858 0.196960 0.014577 0.018231 
0.144505 0.378539 0.342144 0.000052 0.134759 
0.605446 0.320268 0.006623 0.057409 0.010254 
0.608536 0.027685 0.007975 0.218786 0.137018 
0.353894 0.300033 0.017863 0.269711 0.058500 
0.263557 0.007362 0.604489 0.076106 0.048487 
0.042430 0.052921 0.754674 0.024559 0.125416 
0.059375 0.006647 0.626625 0.070473 0.236879 
0.320781 0.055023 0.417323 0.087710 0.119163 
0.092079 0.088561 0.761298 0.041704 0.016358 
0.261674 0.189802 0.499275 0.038521 0.010728 
0.138997 0.002011 0.393980 0.402535 0.062476 
0.038494 0.324630 0.336050 0.015122 0.285705 
0.447742 0.500255 0.001424 0.050575 0.000003 
0.093028 0.790576 0.088993 0.001029 0.026374 
0.100182 0.720014 0.001024 0.027192 0.151587 
0.013877 0.231792 0.292920 0.323718 0.137693 
0.021447 0.002581 0.467903 0.489680 0.018390 
0.103927 0.017020 0.310206 0.545813 0.023034 
0.165562 0.738123 0.046663 0.020203 0.029449 
0.320649 0.370332 0.013874 0.036443 0.258702 
0.028101 0.445007 0.470149 0.001567 0.055176 
0.031166 0.819719 0.058751 0.032262 0.058101 
0.030320 0.469800 0.009679 0.358319 0.131881 
0.133324 0.378617 0.218027 0.150157 0.119876 
0.684728 0.126695 0.010832 0.000073 0.177672 
0.022700 0.302330 0.133872 0.024937 0.516160 
0.258264 0.040660 0.007565 0.099951 0.593560 
0.511262 0.238657 0.001785 0.049250 0.199046 
0.064575 0.147957 0.516388 0.079652 0.191428 
0.099470 0.041776 0.718779 0.078981 0.060994 
0.030163 0.377875 0.454290 0.006653 0.131018 
0.000430 0.210133 0.470512 0.009483 0.309442 
0.597789 0.126548 0.042130 0.116941 0.116592 
0.385433 0.102050 0.173799 0.003547 0.335171 
0.445651 0.002856 0.000334 0.392095 0.159063 
0.834166 0.001295 0.003788 0.121309 0.039442 
0.435648 0.155820 0.134442 0.254343 0.019747 
0.357594 0.007523 0.272628 0.357868 0.004388 
0.588917 0.005339 0.099373 0.086478 0.219893 
0.667154 0.049008 0.018305 0.208431 0.057102 
0.000389 0.325310 0.038522 0.045257 0.590521 
0.002426 0.006159 0.621547 0.161430 0.208439 
0.010350 0.003336 0.430126 0.479877 0.076311 
0.056273 0.000575 0.055489 0.756742 0.130921 
0.333517 0.152318 0.506813 0.000117 0.007235 
0.028896 0.000506 0.568024 0.169579 0.232996 
0.063737 0.428799 0.057898 0.023436 0.426131 
0.661982 0.038872 0.156573 0.008507 0.134067 
0.364728 0.461337 0.158636 0.000061 0.015239 
0.001733 0.607485 0.384209 0.006247 0.000326 
0.052225 0.020603 0.877179 0.004186 0.045807 
0.168099 0.353583 0.477422 0.000193 0.000703 
0.125038 0.325891 0.000561 0.494844 0.053666 
0.542500 0.073895 0.353452 0.001658 0.028495 
0.035699 0.862905 0.061913 0.033776 0.005706 
0.125156 0.685634 0.070326 0.090798 0.028086 
0.050248 0.632257 0.005782 0.285788 0.025926 
0.016116 0.573318 0.392542 0.014747 0.003278 
0.000033 0.323238 0.326797 0.206872 0.143060 
0.021223 0.097191 0.763137 0.006174 0.112276 
0.026396 0.003465 0.865153 0.095955 0.009031 
0.092998 0.280884 0.020572 0.584148 0.021397 
0.178208 0.006351 0.549142 0.234281 0.032018 
0.081066 0.094889 0.556253 0.192624 0.075169 
0.215533 0.572542 0.006057 0.001007 0.204861 
0.281062 0.464612 0.151527 0.005594 0.097206 
0.046886 0.705331 0.134085 0.004018 0.109680 
0.000721 0.025913 0.829945 0.103824 0.039596 
0.009253 0.736753 0.028071 0.221430 0.004493 
0.003748 0.557952 0.160755 0.262915 0.014630 
0.001599 0.011298 0.384818 0.469917 0.132368 
0.042574 0.152358 0.782615 0.009483 0.012970 
0.088247 0.173895 0.620238 0.114424 0.003196 
0.073537 0.010159 0.001083 0.815835 0.099386 
0.001227 0.180045 0.047074 0.766253 0.005400 
0.024343 0.089289 0.237245 0.596352 0.052770 
0.058161 0.077432 0.109766 0.730076 0.024564 
0.030188 0.007825 0.252633 0.557742 0.151612 
0.438089 0.403680 0.003470 0.151338 0.003423 
0.003168 0.016191 0.814425 0.019357 0.146860 
0.044309 0.026385 0.099602 0.802840 0.026864 
0.005633 0.357237 0.240353 0.365825 0.030951 
0.175705 0.006279 0.330919 0.382982 0.104115 
0.109865 0.026531 0.006231 0.835840 0.021532 
0.039669 0.474305 0.001250 0.444579 0.040197 
0.195306 0.000007 0.529041 0.043456 0.232190 
0.085136 0.191962 0.619687 0.001292 0.101923 
0.266859 0.478156 0.007549 0.022656 0.224779 
0.053626 0.503841 0.000065 0.079335 0.363132 
0.000541 0.012480 0.617107 0.183758 0.186113 
0.124022 0.381925 0.099181 0.191128 0.203744 
0.002736 0.073796 0.835140 0.057811 0.030517 
0.587285 0.116608 0.068065 0.007751 0.220291 
0.034496 0.199719 0.003620 0.188676 0.573489 
0.186809 0.055234 0.421269 0.112368 0.224320 
0.112812 0.125995 0.001032 0.623804 0.136357 
0.203000 0.000002 0.675128 0.096530 0.025339 
0.022801 0.047623 0.641673 0.240517 0.047386 
0.250749 0.055223 0.020392 0.449347 0.224290 
0.119370 0.201088 0.119418 0.261518 0.298607 
0.010062 0.000694 0.461743 0.483147 0.044353 
0.140113 0.013083 0.091518 0.141313 0.613974 
0.016909 0.396636 0.278113 0.008393 0.299949 
0.812686 0.001165 0.032272 0.094200 0.059677 
0.017770 0.810146 0.000000 0.132270 0.039813 
0.011156 0.363236 0.456576 0.150784 0.018248 
0.156843 0.011120 0.438686 0.389540 0.003810 
0.182231 0.368903 0.220029 0.224730 0.004107 
0.220948 0.165364 0.019383 0.000549 0.593756 
0.015426 0.004959 0.469238 0.509977 0.000401 
0.074919 0.006165 0.834677 0.084109 0.000130 
0.814310 0.015674 0.094716 0.005300 0.070001 
0.001018 0.699825 0.052318 0.126983 0.119856 
0.129296 0.558002 0.006040 0.047628 0.259034 
0.063644 0.697792 0.008937 0.002014 0.227613 
0.024727 0.845584 0.015203 0.104451 0.010036 
0.103216 0.122126 0.548837 0.209355 0.016467 
0.074102 0.424803 0.480313 0.016306 0.004476 
0.271219 0.146476 0.199204 0.135723 0.247378 
0.020427 0.619009 0.185536 0.161134 0.013893 
0.191923 0.411196 0.192136 0.039409 0.165336 
0.140939 0.693395 0.106541 0.050753 0.008372 
0.007577 0.808531 0.016753 0.043904 0.123235 
0.129126 0.194798 0.489334 0.003247 0.183494 
0.024755 0.434069 0.445786 0.095034 0.000357 
0.108034 0.371741 0.399384 0.000133 0.120708 
0.000877 0.403912 0.004950 0.131801 0.458460 
0.071310 0.218058 0.684203 0.020040 0.006390 
0.047980 0.022439 0.097986 0.699393 0.132201 
0.002985 0.708959 0.028748 0.249833 0.009476 
0.005434 0.524191 0.220218 0.244245 0.005912 
0.392481 0.050588 0.516736 0.010371 0.029824 
0.178219 0.316723 0.288392 0.062930 0.153736 
0.004113 0.069002 0.820873 0.005679 0.100333 
0.161890 0.603490 0.145462 0.006468 0.082690 
0.018979 0.478289 0.293299 0.208628 0.000805 
0.143627 0.094469 0.321423 0.139254 0.301227 
0.102625 0.032877 0.772618 0.001085 0.090795 
0.170136 0.176474 0.577498 0.061997 0.013894 
0.393254 0.196369 0.351117 0.000125 0.059136 
0.541203 0.125814 0.288200 0.027074 0.017709 
0.885034 0.055368 0.043111 0.016372 0.000115 
0.558297 0.278591 0.000752 0.067912 0.094448 
0.446454 0.086288 0.000851 0.461650 0.004756 
0.352167 0.044741 0.122512 0.330004 0.150576 
0.270661 0.554563 0.001034 0.102354 0.071388 
0.042086 0.895695 0.018456 0.029189 0.014573 
0.054753 0.495958 0.000306 0.205808 0.243175 
0.199407 0.246403 0.099392 0.426567 0.028232 
0.000246 0.216149 0.208316 0.001632 0.573657 
0.446162 0.042309 0.444217 0.062132 0.005181 
0.005208 0.565508 0.216436 0.104519 0.108329 
0.300865 0.504703 0.019688 0.041053 0.133691 
0.036156 0.883872 0.051645 0.002270 0.026057 
0.019576 0.048983 0.567976 0.147579 0.215886 
0.011462 0.449616 0.350739 0.010524 0.177659 
0.005868 0.450917 0.471480 0.037896 0.033839 
0.036549 0.119030 0.756686 0.077542 0.010192 
0.285559 0.209478 0.142452 0.138809 0.223703 
0.014602 0.422511 0.187959 0.359077 0.015852 
0.109896 0.580324 0.099289 0.097848 0.112644 
0.302704 0.517918 0.015901 0.015141 0.148336 
0.078800 0.388614 0.046848 0.485677 0.000061 
0.092722 0.810267 0.009074 0.007826 0.080111 
0.016226 0.008924 0.524904 0.236484 0.213461 
0.000301 0.013505 0.428942 0.083894 0.473357 
0.175535 0.299675 0.009350 0.447416 0.068023 
0.497615 0.226710 0.025663 0.031548 0.218464 
0.003072 0.711728 0.284423 0.000715 0.000063 
0.006271 0.405411 0.018806 0.489833 0.079679 
0.078074 0.472888 0.000590 0.033485 0.414963 
0.021463 0.031401 0.378958 0.185323 0.382855 
0.003811 0.128085 0.391834 0.436567 0.039703 
0.075799 0.051606 0.146090 0.406088 0.320418 
0.263310 0.027324 0.011033 0.636255 0.062078 
0.098867 0.030470 0.784719 0.075464 0.010481 
0.006636 0.080385 0.765222 0.000114 0.147643 
0.274213 0.014165 0.256676 0.324428 0.130518 
0.032937 0.002770 0.420937 0.532991 0.010364 
0.168549 0.030869 0.244200 0.262780 0.293602 
0.028536 0.165467 0.001651 0.186330 0.618016 
0.102262 0.091402 0.029757 0.697363 0.079217 
0.100474 0.149987 0.001432 0.470644 0.277463 
0.031501 0.031489 0.183075 0.268215 0.485719 
0.055522 0.026205 0.075105 0.842154 0.001014 
0.031778 0.135459 0.015628 0.709478 0.107657 
0.042258 0.057812 0.020137 0.454455 0.425337 
0.072759 0.101709 0.012918 0.009934 0.802679 
0.025431 0.210962 0.169081 0.557464 0.037062 
0.056924 0.160005 0.247339 0.510592 0.025140 
0.151984 0.162939 0.437731 0.244453 0.002892 
0.000000 0.514543 0.000514 0.415246 0.069697 
0.006698 0.278128 0.188108 0.427843 0.099223 
0.003117 0.116560 0.077141 0.755390 0.047792 
0.013534 0.242276 0.006035 0.730467 0.007689 
0.076200 0.447106 0.006302 0.405012 0.065381 
0.000630 0.538433 0.040311 0.176475 0.244151 
0.263468 0.194045 0.027213 0.075919 0.439355 
0.608849 0.072282 0.150543 0.168319 0.000007 
0.236858 0.151000 0.039369 0.015842 0.556930 
0.028516 0.006341 0.360339 0.601349 0.003455 
0.060524 0.011594 0.031554 0.696834 0.199494 
0.049278 0.124242 0.630292 0.131072 0.065117 
0.198648 0.364881 0.000010 0.399676 0.036785 
0.068860 0.512483 0.003681 0.000088 0.414887 
0.000540 0.194605 0.665765 0.044656 0.094434 
0.002067 0.322377 0.641778 0.004488 0.029290 
0.020658 0.047911 0.858926 0.049349 0.023156 
0.248957 0.205566 0.000005 0.042492 0.502981 
0.292404 0.081016 0.091421 0.250698 0.284462 
0.102282 0.029766 0.533640 0.272916 0.061397 
0.141948 0.009361 0.311331 0.532105 0.005255 
0.035284 0.071645 0.114551 0.760253 0.018267 
0.197812 0.008461 0.237358 0.403616 0.152753 
0.084912 0.455762 0.000008 0.441034 0.018284 
0.148118 0.028434 0.586587 0.169230 0.067631 
0.000095 0.000022 0.979507 0.015384 0.004993 
0.088838 0.337453 0.014861 0.537612 0.021235 
0.319309 0.471752 0.004010 0.201071 0.003857 
0.000049 0.000091 0.504475 0.168242 0.327144 
0.862925 0.005985 0.122759 0.006061 0.002270 
0.745362 0.041239 0.210218 0.003115 0.000066 
0.482367 0.177636 0.048013 0.113912 0.178072 
0.560251 0.002912 0.031603 0.109793 0.295441 
0.028432 0.507253 0.004239 0.000304 0.459772 
0.008054 0.428809 0.133231 0.107838 0.322067 
0.110515 0.440560 0.001732 0.447001 0.000192 
0.004258 0.462244 0.043641 0.454632 0.035225 
0.013377 0.091045 0.687013 0.097867 0.110699 
0.028306 0.048044 0.379026 0.494686 0.049938 
0.042765 0.326266 0.180180 0.448502 0.002287 
0.309222 0.059371 0.268491 0.199825 0.163090 
0.735973 0.001510 0.116236 0.093274 0.053008 
0.569203 0.037674 0.154253 0.227096 0.011774 
0.700075 0.124989 0.003880 0.043680 0.127376 
0.022460 0.651256 0.017407 0.002693 0.306184 
0.000103 0.122220 0.720502 0.038608 0.118568 
0.106012 0.860546 0.007380 0.012819 0.013243 
0.011960 0.107052 0.444645 0.275546 0.160798 
0.036474 0.026726 0.442611 0.189216 0.304972 
0.009719 0.152411 0.675148 0.115720 0.047003 
0.000211 0.474602 0.445458 0.008336 0.071393 
0.014686 0.250972 0.000811 0.387367 0.346163 
0.056763 0.207417 0.087606 0.181329 0.466884 
0.066991 0.052279 0.106790 0.736117 0.037824 
0.181605 0.003789 0.401280 0.015985 0.397341 
0.033878 0.039727 0.467196 0.212425 0.246775 
0.004608 0.256751 0.115332 0.022028 0.601282 
0.000152 0.006773 0.121062 0.613002 0.259011 
0.491075 0.008152 0.035830 0.386530 0.078412 
0.053899 0.888292 0.000825 0.027326 0.029658 
0.009877 0.320181 0.526655 0.143246 0.000042 
0.036603 0.494788 0.450978 0.015816 0.001814 
0.005011 0.275358 0.310683 0.010768 0.398179 
0.063731 0.054476 0.016490 0.742081 0.123222 
0.214129 0.115507 0.095752 0.514581 0.060030 
0.044931 0.355355 0.551977 0.047322 0.000414 
0.001822 0.283859 0.451311 0.235586 0.027421 
0.088279 0.577234 0.124166 0.173598 0.036722 
0.014829 0.000024 0.498363 0.474959 0.011824 
0.291900 0.000988 0.473169 0.166780 0.067163 
0.002653 0.566074 0.024614 0.406001 0.000658 
0.084663 0.009140 0.373646 0.529625 0.002927 
0.224036 0.416541 0.006155 0.261368 0.091901 
0.030415 0.701025 0.216212 0.050449 0.001899 
0.114783 0.671953 0.050946 0.139381 0.022938 
0.029536 0.726795 0.139627 0.048729 0.055313 
0.094134 0.215367 0.595495 0.074281 0.020723 
0.287389 0.131489 0.506691 0.027860 0.046572 
0.530881 0.022590 0.372291 0.058788 0.015450 
0.350800 0.156345 0.140589 0.351769 0.000498 
0.175940 0.273981 0.045983 0.503996 0.000101 
0.336587 0.027045 0.036276 0.451452 0.148640 
0.547695 0.067590 0.264995 0.004908 0.114811 
0.050453 0.169762 0.676810 0.101934 0.001041 
0.157515 0.024095 0.102707 0.570324 0.145359 
0.047400 0.009145 0.424435 0.512748 0.006271 
0.013810 0.031169 0.506387 0.377505 0.071129 
0.250418 0.184101 0.248473 0.140026 0.176982 
0.004163 0.336935 0.000082 0.626569 0.032251 
0.131561 0.440939 0.249002 0.167638 0.010861 
0.397714 0.307835 0.080629 0.023073 0.190750 
0.288496 0.525240 0.010962 0.003879 0.171423 
0.007969 0.178183 0.267858 0.530478 0.015512 
0.241411 0.127337 0.300696 0.319585 0.010971 
0.157650 0.121506 0.217912 0.496358 0.006575 
0.130467 0.160372 0.636451 0.069977 0.002733 
0.096714 0.023521 0.638651 0.102437 0.138676 
0.000280 0.329944 0.009094 0.652892 0.007791 
0.000176 0.009716 0.034289 0.933463 0.022356 
0.004672 0.007258 0.552687 0.181219 0.254164 
0.023754 0.210167 0.022878 0.087809 0.655392 
0.127097 0.445131 0.013257 0.250956 0.163559 
0.384987 0.498054 0.116276 0.000601 0.000082 
0.013023 0.660850 0.197613 0.007014 0.121500 
0.462338 0.023765 0.105610 0.404026 0.004261 
0.115146 0.118381 0.486011 0.005392 0.275070 
0.102501 0.028165 0.000262 0.058989 0.810083 
0.168410 0.166749 0.054810 0.000652 0.609378 
0.017791 0.091206 0.270651 0.005504 0.614849 
0.007256 0.704932 0.090803 0.002768 0.194241 
0.010335 0.068234 0.276905 0.032186 0.612341 
0.273359 0.390749 0.335837 0.000041 0.000013 
0.149102 0.039006 0.120455 0.243610 0.447827 
0.143616 0.283543 0.525867 0.046653 0.000321 
0.109775 0.081662 0.565240 0.132443 0.110881 
0.073317 0.295250 0.406090 0.222652 0.002692 
0.000211 0.001277 0.128853 0.468682 0.400977 
0.020583 0.016141 0.262635 0.523775 0.176866 
0.490984 0.003349 0.499024 0.003867 0.002775 
0.594748 0.002827 0.328447 0.033415 0.040564 
0.589211 0.363503 0.014396 0.002431 0.030458 
0.469755 0.009519 0.477501 0.003192 0.040034 
0.215677 0.119043 0.472188 0.151078 0.042013 
0.262572 0.017729 0.010300 0.380366 0.329034 
0.056774 0.024228 0.038039 0.122948 0.758012 
0.189341 0.091445 0.002529 0.008995 0.707691 
0.000795 0.657471 0.170961 0.041115 0.129657 
0.272395 0.173773 0.001927 0.505876 0.046030 
0.001158 0.061704 0.497108 0.169167 0.270863 
0.230357 0.649079 0.028712 0.064960 0.026891 
0.220294 0.136563 0.034808 0.336651 0.271683 
0.003003 0.013527 0.001211 0.265649 0.716610 
0.160254 0.108020 0.036817 0.112876 0.582034 
0.490795 0.003842 0.199024 0.175567 0.130772 
0.001548 0.112816 0.726905 0.035091 0.123640 
0.011296 0.823097 0.002326 0.153744 0.009536 
0.125821 0.057190 0.426758 0.090123 0.300108 
0.051407 0.167401 0.310884 0.008099 0.462209 
0.022895 0.328591 0.256575 0.270582 0.121357 
0.004473 0.023289 0.221195 0.241113 0.509930 
0.016669 0.014377 0.073495 0.024319 0.871140 
0.014578 0.185426 0.009521 0.219156 0.571319 
0.082015 0.129586 0.140017 0.427897 0.220485 
0.420634 0.040380 0.351983 0.036281 0.150722 
0.198947 0.044595 0.307050 0.448278 0.001130 
0.210587 0.442345 0.246365 0.076522 0.024181 
0.026496 0.320311 0.351733 0.301306 0.000154 
0.075456 0.141594 0.708619 0.074329 0.000002 
0.316168 0.308112 0.332135 0.014884 0.028701 
0.006601 0.510269 0.130670 0.327161 0.025299 
0.156051 0.490518 0.125347 0.116347 0.111736 
0.068868 0.697319 0.014426 0.059010 0.160377 
0.572288 0.020204 0.262116 0.032552 0.112840 
0.005256 0.060005 0.899972 0.003903 0.030865 
0.010682 0.056056 0.655385 0.142628 0.135249 
0.110470 0.006153 0.056135 0.416904 0.410338 
0.013545 0.394511 0.196309 0.394967 0.000669 
0.001039 0.359542 0.126058 0.394675 0.118685 
0.003341 0.085982 0.413196 0.092270 0.405211 
0.000126 0.068380 0.470372 0.006285 0.454837 
0.000084 0.814431 0.012784 0.074212 0.098488 
0.075497 0.272967 0.154673 0.012463 0.484400 
0.019979 0.592690 0.012670 0.059928 0.314733 
0.006413 0.034731 0.697137 0.097027 0.164693 
0.000116 0.008879 0.001512 0.981943 0.007551 
0.084483 0.143023 0.427614 0.344221 0.000659 
0.288895 0.001441 0.230060 0.337892 0.141713 
0.306415 0.001864 0.101454 0.550324 0.039943 
0.409653 0.000329 0.027557 0.433289 0.129173 
0.000581 0.718626 0.000705 0.275101 0.004986 
0.047072 0.012629 0.599380 0.063744 0.277175 
0.004632 0.013491 0.828492 0.055208 0.098177 
0.054460 0.522156 0.149099 0.015300 0.258984 
0.300380 0.000711 0.068338 0.444362 0.186210 
0.445631 0.007262 0.453643 0.089189 0.004275 
0.186622 0.002652 0.131526 0.414152 0.265049 
0.020054 0.015282 0.757533 0.138209 0.068922 
0.208354 0.072744 0.660302 0.047268 0.011331 
0.263409 0.129391 0.446320 0.105976 0.054904 
0.032193 0.000615 0.516314 0.286969 0.163909 
0.316971 0.028380 0.272055 0.318052 0.064541 
0.156882 0.769402 0.048988 0.004435 0.020293 
0.226592 0.058692 0.070424 0.585993 0.058298 
0.277452 0.418403 0.003199 0.299826 0.001120 
0.170463 0.553831 0.043098 0.198529 0.034079 
0.000289 0.409867 0.389691 0.068319 0.131834 
0.026219 0.592134 0.226651 0.014749 0.140247 
0.012898 0.022514 0.497509 0.377755 0.089324 
0.017921 0.024426 0.268826 0.017127 0.671699 
0.002574 0.020631 0.406397 0.547197 0.023201 
0.276353 0.536762 0.034406 0.147928 0.004552 
0.046970 0.063723 0.710644 0.055892 0.122771 
0.100626 0.007986 0.826155 0.004507 0.060727 
0.455562 0.372794 0.069984 0.096209 0.005451 
0.186189 0.000511 0.545402 0.196136 0.071762 
0.043881 0.831909 0.010079 0.111004 0.003127 
0.126010 0.000202 0.001051 0.834570 0.038167 
0.401948 0.014495 0.443381 0.086738 0.053438 
0.037733 0.165442 0.482752 0.022127 0.291946 
0.033141 0.304452 0.004803 0.203825 0.453779 
0.118749 0.005096 0.737023 0.067841 0.071290 
0.010248 0.003902 0.707962 0.239059 0.038829 
0.028464 0.124989 0.538875 0.299338 0.008333 
0.021222 0.055708 0.165164 0.537933 0.219973 
0.038537 0.162781 0.008272 0.676614 0.113796 
0.392945 0.116213 0.000287 0.425412 0.065143 
0.034032 0.386879 0.029329 0.185531 0.364229 
0.040846 0.162938 0.000442 0.024160 0.771613 
0.026083 0.035521 0.013653 0.005131 0.919613 
0.186604 0.005912 0.115354 0.078618 0.613512 
0.123266 0.136481 0.226181 0.013117 0.500956 
0.410784 0.001422 0.315164 0.039549 0.233080 
0.213202 0.045357 0.539259 0.037507 0.164675 
0.048567 0.604263 0.244524 0.097364 0.005282 
0.006409 0.401449 0.085797 0.504689 0.001656 
0.231038 0.229636 0.002572 0.481955 0.054798 
0.030612 0.006460 0.748730 0.156556 0.057642 
0.042647 0.017654 0.615200 0.024083 0.300416 
0.001154 0.135385 0.523371 0.032189 0.307901 
0.004954 0.156730 0.372200 0.332559 0.133556 
0.233296 0.233749 0.260317 0.001036 0.271602 
0.189832 0.083642 0.105846 0.614355 0.006325 
0.151418 0.377521 0.237834 0.070000 0.163228 
0.470883 0.280358 0.170579 0.070740 0.007441 
0.000592 0.684008 0.161852 0.146267 0.007281 
0.886690 0.037890 0.000003 0.053399 0.022017 
0.118030 0.500578 0.011007 0.245953 0.124433 
0.026323 0.094282 0.003603 0.088960 0.786833 
0.002795 0.213639 0.006359 0.004383 0.772824 
0.382067 0.000205 0.042192 0.487435 0.088101 
0.010065 0.219470 0.315231 0.305457 0.149777 
0.000779 0.436452 0.088601 0.470368 0.003799 
0.356725 0.119096 0.024106 0.362279 0.137794 
0.261504 0.058839 0.040473 0.383757 0.255427 
0.494068 0.064863 0.044475 0.013570 0.383024 
0.008717 0.477386 0.260190 0.041091 0.212616 
0.337271 0.115520 0.282473 0.196044 0.068692 
0.075383 0.001328 0.483511 0.092223 0.347555 
0.121646 0.000152 0.322634 0.219824 0.335745 
0.250853 0.003662 0.130211 0.073389 0.541885 
0.032585 0.709328 0.008906 0.036759 0.212423 
0.104409 0.003194 0.652719 0.000289 0.239388 
0.224583 0.241504 0.026778 0.026175 0.480961 
0.093241 0.356053 0.004139 0.038590 0.507976 
0.281064 0.086481 0.442263 0.036742 0.153451 
0.305351 0.219352 0.262496 0.139069 0.073732 
0.007041 0.660095 0.010344 0.103886 0.218634 
0.000347 0.379955 0.001105 0.232878 0.385715 
0.003087 0.598884 0.205905 0.179138 0.012986 
0.005280 0.010789 0.754720 0.226492 0.002718 
0.150288 0.144513 0.013743 0.468171 0.223285 
0.237329 0.345693 0.267481 0.093808 0.055689 
0.091393 0.289737 0.232344 0.083754 0.302772 
0.058221 0.171556 0.419669 0.120796 0.229758 
0.003008 0.124020 0.206583 0.214109 0.452280 
0.010075 0.133188 0.100162 0.160421 0.596154 
0.063095 0.300481 0.630124 0.006253 0.000047 
0.261882 0.003961 0.244888 0.487241 0.002027 
0.444200 0.092217 0.033764 0.422671 0.007148 
0.430375 0.492450 0.022935 0.010307 0.043933 
0.281811 0.580472 0.060489 0.073196 0.004033 
0.087428 0.755796 0.002183 0.036075 0.118517 
0.066618 0.768040 0.119313 0.042629 0.003401 
0.117968 0.741081 0.004072 0.000036 0.136843 
0.248800 0.641687 0.088545 0.011480 0.009488 
0.067094 0.172872 0.088187 0.318956 0.352891 
0.037495 0.005611 0.241823 0.635472 0.079599 
0.017141 0.087378 0.036696 0.499019 0.359765 
0.083678 0.454987 0.014887 0.444591 0.001858 
0.003440 0.250626 0.028307 0.379955 0.337673 
0.138846 0.022306 0.414606 0.375217 0.049025 
0.026661 0.061731 0.048680 0.859211 0.003717 
0.461563 0.043809 0.003759 0.452265 0.038604 
0.404539 0.000287 0.125128 0.385939 0.084106 
0.046292 0.011192 0.001376 0.613988 0.327153 
0.021217 0.044669 0.317587 0.616527 0.000001 
0.075056 0.438585 0.159728 0.250476 0.076155 
0.017855 0.019053 0.367669 0.592466 0.002957 
0.163919 0.040082 0.251865 0.011412 0.532722 
0.006824 0.051227 0.028559 0.065137 0.848252 
0.001227 0.001314 0.082647 0.823529 0.091282 
0.350612 0.040457 0.375194 0.225288 0.008449 
0.424396 0.009985 0.450204 0.113109 0.002305 
0.129355 0.024417 0.599728 0.238500 0.008000 
0.256851 0.011470 0.074867 0.520234 0.136578 
0.001624 0.037358 0.052208 0.907556 0.001254 
0.001007 0.202659 0.131150 0.563035 0.102149 
0.529006 0.016807 0.403549 0.008963 0.041675 
0.266402 0.004480 0.013097 0.713649 0.002371 
0.224337 0.185214 0.097244 0.352142 0.141063 
0.030886 0.391806 0.012161 0.039932 0.525215 
0.088484 0.125496 0.014112 0.756302 0.015606 
0.017803 0.073661 0.142852 0.756948 0.008736 
0.209962 0.214532 0.571880 0.001567 0.002059 
0.091664 0.087504 0.198447 0.049037 0.573348 
0.017245 0.202818 0.137223 0.034690 0.608024 
0.367559 0.170253 0.004441 0.025468 0.432279 
0.001652 0.188556 0.371215 0.002323 0.436254 
0.283396 0.003289 0.074726 0.453230 0.185359 
0.096627 0.606569 0.075483 0.038127 0.183194 
0.099498 0.554925 0.017041 0.028546 0.299990 
0.002442 0.213341 0.526388 0.037215 0.220614 
0.002571 0.327313 0.421003 0.138427 0.110687 
0.418635 0.014476 0.218418 0.156089 0.192383 
0.302535 0.105578 0.230833 0.338645 0.022408 
0.019020 0.002037 0.843897 0.133657 0.001390 
0.002691 0.161581 0.111085 0.680824 0.043819 
0.209843 0.465403 0.117966 0.174116 0.032672 
0.457133 0.471488 0.039755 0.031605 0.000019 
0.038226 0.155173 0.193905 0.434477 0.178218 
0.024896 0.047675 0.457414 0.076840 0.393175 
0.188606 0.112044 0.480121 0.164818 0.054412 
0.000022 0.606468 0.180024 0.001380 0.212105 
0.274185 0.215942 0.208048 0.001416 0.300409 
0.449611 0.069965 0.263888 0.043958 0.172577 
0.650567 0.119128 0.093634 0.131795 0.004876 
0.162457 0.016624 0.088925 0.433775 0.298218 
0.021116 0.590728 0.360542 0.021195 0.006419 
0.138727 0.469182 0.000659 0.288586 0.102846 
0.027123 0.641788 0.009689 0.009366 0.312033 
0.398643 0.064044 0.002772 0.529984 0.004557 
0.002015 0.281355 0.069483 0.429892 0.217255 
0.000673 0.026263 0.423341 0.548303 0.001420 
0.019091 0.006300 0.016386 0.673311 0.284912 
0.074573 0.531637 0.316271 0.066415 0.011104 
0.000147 0.257640 0.669916 0.025753 0.046543 
0.004829 0.350470 0.154739 0.489412 0.000550 
0.002070 0.311348 0.319654 0.366112 0.000817 
0.000151 0.094694 0.612315 0.133008 0.159832 
0.058876 0.777112 0.075505 0.081273 0.007235 
0.011625 0.767644 0.194052 0.009002 0.017677 
0.000463 0.141777 0.013082 0.527347 0.317331 
0.288066 0.006345 0.409739 0.216034 0.079816 
0.085888 0.369994 0.353772 0.189823 0.000523 
0.008912 0.224205 0.173848 0.567864 0.025171 
0.056879 0.104908 0.316513 0.508449 0.013250 
0.006018 0.618087 0.299015 0.076582 0.000298 
0.598515 0.130119 0.007767 0.030606 0.232993 
0.453577 0.170528 0.046209 0.114841 0.214845 
0.273340 0.584832 0.124798 0.000155 0.016875 
0.517508 0.440632 0.010289 0.001350 0.030221 
0.504902 0.214150 0.088001 0.180183 0.012764 
0.245003 0.092777 0.446575 0.154794 0.060851 
0.030935 0.367688 0.008788 0.286528 0.306061 
0.085542 0.007485 0.245399 0.122304 0.539269 
0.018703 0.062733 0.523243 0.025920 0.369401 
0.096860 0.048030 0.732124 0.005106 0.117880 
0.204391 0.010643 0.009861 0.244504 0.530601 
0.006020 0.095923 0.000185 0.035993 0.861880 
0.008577 0.103261 0.329232 0.491264 0.067666 
0.170696 0.007091 0.608137 0.213535 0.000541 
0.278327 0.095173 0.469267 0.039983 0.117250 
0.094184 0.085491 0.694973 0.116636 0.008716 
0.009572 0.013844 0.216637 0.712283 0.047664 
0.066533 0.008219 0.242684 0.422863 0.259702 
0.005895 0.003948 0.866153 0.123511 0.000493 
0.004710 0.073920 0.097043 0.821051 0.003276 
0.062582 0.294385 0.026669 0.469229 0.147135 
0.002173 0.241539 0.066941 0.659617 0.029731 
0.070402 0.273465 0.041969 0.601747 0.012417 
0.121085 0.537860 0.193222 0.000805 0.147028 
0.082493 0.479222 0.227066 0.020802 0.190418 
0.408611 0.456579 0.111515 0.001170 0.022125 
0.017487 0.490636 0.466742 0.025135 0.000001 
0.204370 0.525497 0.218247 0.051306 0.000580 
0.175849 0.272930 0.359055 0.189980 0.002186 
0.320310 0.633032 0.037833 0.003019 0.005806 
0.004392 0.396760 0.584758 0.007604 0.006486 
0.000650 0.832218 0.155548 0.002090 0.009495 
0.363772 0.184399 0.001117 0.407354 0.043357 
0.078897 0.043500 0.048946 0.000409 0.828248 
0.079692 0.169043 0.253986 0.496005 0.001275 
0.019256 0.635521 0.008228 0.268830 0.068165 
0.091223 0.026190 0.650180 0.000693 0.231713 
0.245173 0.058835 0.357773 0.076427 0.261792 
0.083156 0.396303 0.058216 0.436171 0.026154 
0.050339 0.000073 0.154037 0.737224 0.058327 
0.019569 0.021031 0.026635 0.736054 0.196710 
0.004525 0.229225 0.250437 0.438874 0.076940 
0.052601 0.114881 0.609079 0.211789 0.011651 
0.015340 0.787941 0.035807 0.056076 0.104836 
0.000138 0.877958 0.024753 0.061998 0.035152 
0.004524 0.012742 0.716200 0.170551 0.095984 
0.005810 0.706186 0.000769 0.109691 0.177543 
0.097439 0.000152 0.552331 0.310335 0.039743 
0.030603 0.010928 0.841596 0.003655 0.113218 
0.111888 0.110447 0.177699 0.396016 0.203950 
0.265585 0.019177 0.045090 0.273893 0.396256 
0.103089 0.000006 0.750913 0.093646 0.052345 
0.080526 0.179724 0.008789 0.005140 0.725821 
0.252878 0.119844 0.149696 0.033551 0.444031 
0.075138 0.438042 0.013327 0.020750 0.452744 
0.002460 0.172838 0.543249 0.205169 0.076283 
0.138732 0.000325 0.076095 0.307250 0.477597 
0.465724 0.258974 0.058846 0.075467 0.140989 
0.109551 0.272706 0.168011 0.187442 0.262291 
0.617431 0.023777 0.046646 0.216829 0.095318 
0.527412 0.099214 0.261472 0.050679 0.061223 
0.617087 0.193472 0.155165 0.033137 0.001139 
0.428953 0.017810 0.168239 0.067903 0.317095 
0.000643 0.123441 0.123030 0.387311 0.365575 
0.099610 0.075012 0.011122 0.121002 0.693253 
0.131748 0.363057 0.053520 0.010740 0.440935 
0.007763 0.031280 0.442910 0.353460 0.164587 
0.100821 0.000914 0.208097 0.128445 0.561723 
0.188413 0.016417 0.301300 0.045376 0.448494 
0.012873 0.295082 0.271564 0.000068 0.420412 
0.099488 0.340216 0.013696 0.127090 0.419510 
0.004929 0.127644 0.011580 0.109897 0.745951 
0.008746 0.107546 0.625999 0.038125 0.219584 
0.015280 0.007131 0.095357 0.001681 0.880551 
0.349076 0.009517 0.197862 0.047679 0.395865 
0.421405 0.164139 0.142781 0.223019 0.048656 
0.045497 0.386592 0.000860 0.454921 0.112131 
0.002092 0.105142 0.080078 0.684507 0.128181 
0.000001 0.245781 0.037894 0.025710 0.690614 
0.139413 0.090341 0.262994 0.364879 0.142373 
0.516507 0.280329 0.065625 0.136152 0.001388 
0.105286 0.122377 0.074624 0.286750 0.410963 
0.059569 0.001243 0.009426 0.735842 0.193921 
0.003003 0.460610 0.050592 0.277063 0.208731 
0.027468 0.080221 0.077504 0.688105 0.126703 
0.111796 0.088366 0.011553 0.729843 0.058442 
0.048740 0.222076 0.015550 0.461084 0.252550 
0.362018 0.003600 0.080056 0.530120 0.024206 
0.208893 0.024023 0.009989 0.589724 0.167372 
0.002714 0.043363 0.019638 0.000137 0.934148 
0.004062 0.027488 0.081301 0.294981 0.592168 
0.003790 0.125340 0.123398 0.036690 0.710782 
0.089765 0.020876 0.002973 0.449451 0.436936 
0.070153 0.013598 0.287154 0.000469 0.628627 
0.000010 0.098991 0.083849 0.454011 0.363140 
0.443028 0.016711 0.114463 0.075325 0.350472 
0.100451 0.473957 0.008178 0.088521 0.328893 
0.027414 0.137504 0.227222 0.013224 0.594636 
0.004554 0.000010 0.024972 0.021113 0.949352 
0.155193 0.147929 0.059136 0.089366 0.548376 
0.094214 0.424355 0.066862 0.003661 0.410907 
0.036082 0.466958 0.001773 0.489951 0.005236 
0.625667 0.350828 0.000094 0.017712 0.005698 
0.430528 0.271749 0.196619 0.075290 0.025813 
0.004037 0.156497 0.411963 0.041693 0.385809 
0.007080 0.017543 0.065391 0.007221 0.902764 
0.327278 0.228014 0.380760 0.050650 0.013298 
0.406224 0.229885 0.055850 0.053111 0.254929 
0.352951 0.447016 0.026080 0.020983 0.152970 
0.160088 0.019872 0.654221 0.148058 0.017762 
0.002330 0.534128 0.167467 0.276974 0.019101 
0.002059 0.414229 0.197198 0.386301 0.000212 
0.741971 0.001770 0.147064 0.019982 0.089213 
0.298277 0.149655 0.340373 0.004265 0.207430 
0.445496 0.020193 0.163401 0.370906 0.000003 
0.016755 0.494931 0.450290 0.003669 0.034354 
0.178558 0.505919 0.174519 0.132718 0.008287 
0.007980 0.264186 0.647103 0.071981 0.008750 
0.000328 0.196078 0.290332 0.509568 0.003695 
0.019110 0.030846 0.032684 0.258087 0.659272 
0.378394 0.568922 0.023446 0.006914 0.022324 
0.135471 0.012884 0.558309 0.197187 0.096149 
0.002534 0.494202 0.005310 0.015273 0.482681 
0.154705 0.071824 0.102384 0.140457 0.530630 
0.370686 0.249102 0.051467 0.328727 0.000018 
0.668352 0.011659 0.294379 0.007267 0.018344 
0.430837 0.012030 0.217234 0.244895 0.095004 
0.101856 0.063182 0.556499 0.277801 0.000663 
0.097192 0.068732 0.191591 0.253585 0.388901 
0.076126 0.119388 0.108598 0.511273 0.184615 
0.007124 0.379260 0.288195 0.269583 0.055839 
0.394766 0.347877 0.197189 0.012324 0.047844 
0.364691 0.114851 0.132116 0.363557 0.024785 
0.186571 0.003538 0.493417 0.292744 0.023729 
0.002701 0.877465 0.018106 0.092829 0.008900 
0.573296 0.025876 0.229759 0.171057 0.000012 
0.162638 0.012058 0.147256 0.419720 0.258329 
0.058299 0.196482 0.385691 0.358824 0.000704 
0.156914 0.298304 0.147127 0.177129 0.220526 
0.288655 0.643943 0.039142 0.015415 0.012845 
0.200216 0.636230 0.026552 0.006639 0.130363 
0.000948 0.605514 0.075336 0.290824 0.027378 
0.009769 0.103352 0.070329 0.027858 0.788692 
0.039907 0.355521 0.020367 0.161370 0.422835 
0.002456 0.064923 0.413152 0.339684 0.179785 
0.284137 0.079137 0.417295 0.004605 0.214826 
0.019855 0.207762 0.687572 0.055582 0.029229 
0.731031 0.032466 0.116745 0.060764 0.058993 
0.803928 0.044364 0.144518 0.000739 0.006451 
0.787565 0.023942 0.040814 0.031870 0.115810 
0.726814 0.012285 0.067856 0.000124 0.192921 
0.633380 0.085762 0.223625 0.013804 0.043429 
0.528789 0.111787 0.141487 0.000006 0.217931 
0.000850 0.987504 0.000399 0.000180 0.011067 
0.088076 0.806427 0.018964 0.079610 0.006922 
0.019275 0.863667 0.003739 0.098466 0.014854 
0.785814 0.211071 0.001657 0.001077 0.000382 
0.218434 0.163898 0.020667 0.012678 0.584324 
0.103990 0.369287 0.100151 0.391668 0.034904 
0.275549 0.427703 0.083705 0.010875 0.202167 
0.369809 0.224884 0.184280 0.004694 0.216333 
0.505392 0.000006 0.278760 0.209727 0.006115 
0.015256 0.318057 0.359302 0.296226 0.011159 
0.285027 0.000190 0.216697 0.437960 0.060126 
0.561206 0.001266 0.088360 0.324800 0.024368 
0.920999 0.044205 0.004929 0.001366 0.028500 
0.885546 0.020910 0.020325 0.070740 0.002479 
0.836119 0.003751 0.077897 0.040900 0.041333 
0.712673 0.024192 0.068595 0.042618 0.151922 
0.281000 0.233963 0.328722 0.052620 0.103695 
0.164778 0.123561 0.531757 0.106152 0.073752 
0.448597 0.115365 0.359523 0.055616 0.020898 
0.635526 0.183000 0.174010 0.000043 0.007421 
0.053993 0.068953 0.853511 0.001658 0.021884 
0.029308 0.067205 0.253500 0.641883 0.008105 
0.363444 0.501988 0.019370 0.080901 0.034296 
0.002602 0.149416 0.624265 0.057545 0.166172 
0.095114 0.061461 0.632367 0.002833 0.208225 
0.004693 0.909795 0.012889 0.071342 0.001281 
0.354989 0.356552 0.033467 0.195337 0.059656 
0.210194 0.546032 0.023796 0.198035 0.021943 
0.143455 0.298441 0.141704 0.416390 0.000009 
0.285879 0.170513 0.104580 0.434219 0.004809 
0.169304 0.682383 0.057612 0.007731 0.082970 
0.006634 0.091924 0.798849 0.062816 0.039776 
0.019678 0.203875 0.581880 0.175391 0.019177 
0.000055 0.324461 0.493641 0.163174 0.018669 
0.052680 0.459735 0.221615 0.211642 0.054328 
0.012635 0.433041 0.323146 0.121872 0.109306 
0.139667 0.600890 0.094107 0.059876 0.105460 
0.350891 0.013046 0.442248 0.016604 0.177210 
0.459598 0.006892 0.012281 0.267589 0.253641 
0.752635 0.000221 0.043278 0.147891 0.055975 
0.482983 0.069878 0.338916 0.075567 0.032655 
0.319207 0.308935 0.287903 0.066594 0.017360 
0.000635 0.178936 0.322143 0.495423 0.002863 
0.075969 0.459668 0.170431 0.273281 0.020650 
0.002590 0.714962 0.131437 0.116909 0.034101 
0.272740 0.000331 0.425420 0.203286 0.098224 
0.555872 0.007380 0.331591 0.080699 0.024458 
0.507469 0.003487 0.184638 0.143333 0.161074 
0.700973 0.017475 0.180961 0.052805 0.047786 
0.378339 0.021226 0.457307 0.142853 0.000275 
0.205836 0.006931 0.379979 0.070902 0.336352 
0.196333 0.008996 0.728297 0.006383 0.059992 
0.003535 0.041348 0.006693 0.827459 0.120965 
0.020701 0.023925 0.116308 0.809775 0.029291 
0.057881 0.176433 0.130737 0.634548 0.000401 
0.106791 0.672662 0.201213 0.013086 0.006247 
0.150940 0.603521 0.119502 0.018357 0.107680 
0.387255 0.063019 0.043473 0.375852 0.130401 
0.187622 0.002107 0.026207 0.645823 0.138240 
0.144639 0.121716 0.314940 0.005023 0.413682 
0.177688 0.351360 0.021626 0.155850 0.293476 
0.009364 0.011268 0.064345 0.852245 0.062777 
0.000087 0.228706 0.678492 0.063457 0.029258 
0.011058 0.013406 0.323741 0.649847 0.001948 
0.110880 0.116243 0.138128 0.582616 0.052133 
0.006089 0.000150 0.569541 0.371613 0.052608 
0.321269 0.444568 0.203690 0.023826 0.006646 
0.031466 0.090088 0.800935 0.076812 0.000699 
0.030218 0.001859 0.022752 0.818548 0.126624 
0.098419 0.039003 0.086008 0.604887 0.171682 
0.095556 0.013035 0.186151 0.605737 0.099521 
0.001117 0.088904 0.319771 0.192299 0.397909 
0.032149 0.011389 0.293270 0.110756 0.552436 
0.000636 0.084590 0.548798 0.038568 0.327408 
0.231704 0.478240 0.000956 0.098804 0.190296 
0.100805 0.049671 0.032881 0.081665 0.734979 
0.275731 0.015731 0.005339 0.208392 0.494807 
0.014352 0.313591 0.087191 0.071982 0.512884 
0.091899 0.169262 0.013413 0.001836 0.723590 
0.135316 0.000020 0.856830 0.005976 0.001857 
0.031302 0.004180 0.918514 0.000537 0.045468 
0.058896 0.109997 0.623552 0.088500 0.119055 
0.135070 0.066478 0.580100 0.196353 0.021999 
0.177277 0.014575 0.380090 0.000800 0.427259 
0.007029 0.002629 0.073404 0.488232 0.428707 
0.083378 0.101332 0.043762 0.247097 0.524430 
0.026089 0.178530 0.062205 0.206716 0.526460 
0.155366 0.087559 0.313554 0.169938 0.273584 
0.034983 0.148313 0.193721 0.495457 0.127526 
0.004998 0.003332 0.344334 0.530089 0.117247 
0.018998 0.000118 0.523542 0.152507 0.304835 
0.015359 0.127304 0.270171 0.000198 0.586968 
0.009529 0.097233 0.086175 0.008605 0.798458 
0.288099 0.026656 0.367172 0.013677 0.304396 
0.288318 0.001231 0.070136 0.191465 0.448850 
0.436351 0.008319 0.079653 0.159162 0.316515 
0.540615 0.011886 0.244927 0.017669 0.184903 
0.067565 0.049955 0.291740 0.009745 0.580994 
0.014577 0.000144 0.529040 0.012498 0.443742 
0.029088 0.032677 0.003752 0.624459 0.310023 
0.158598 0.035588 0.352861 0.019702 0.433251 
0.021857 0.046049 0.555839 0.164014 0.212241 
0.002353 0.076358 0.408742 0.404005 0.108542 
0.176604 0.532726 0.208780 0.000097 0.081793 
0.000098 0.066789 0.762722 0.038578 0.131813 
0.000194 0.056377 0.321086 0.000891 0.621451 
0.021552 0.041748 0.004306 0.503819 0.428576 
0.014850 0.003209 0.012920 0.533385 0.435635 
0.022072 0.033993 0.341511 0.026484 0.575941 
0.005673 0.102266 0.027103 0.216113 0.648845 
0.000938 0.262094 0.382247 0.352964 0.001757 
0.260143 0.086970 0.378735 0.007229 0.266924 
0.375735 0.072809 0.205211 0.049465 0.296780 
0.261761 0.024050 0.178569 0.065560 0.470060 
0.220264 0.340839 0.380752 0.033815 0.024330 
0.319147 0.006876 0.001443 0.572826 0.099709 
0.000445 0.355628 0.046847 0.374532 0.222547 
0.028879 0.575441 0.001559 0.303680 0.090441 
0.112703 0.380384 0.468004 0.038087 0.000822 
0.099568 0.230933 0.648490 0.002514 0.018495 
0.098785 0.122094 0.001577 0.694093 0.083451 
0.070232 0.000304 0.000914 0.400613 0.527938 
0.266176 0.008442 0.022050 0.169224 0.534108 
0.611785 0.000698 0.002693 0.046633 0.338190 
0.629865 0.061106 0.023592 0.003238 0.282200 
0.354449 0.016592 0.093760 0.038908 0.496291 
0.219664 0.036656 0.077535 0.173335 0.492810 
0.389967 0.286194 0.104652 0.033400 0.185787 
0.207693 0.634584 0.017965 0.135361 0.004396 
0.024793 0.042978 0.919181 0.000088 0.012960 
0.046777 0.269681 0.003559 0.068697 0.611286 
0.003426 0.276106 0.486680 0.073645 0.160144 
0.014551 0.139190 0.571511 0.026773 0.247975 
0.264284 0.060387 0.136220 0.258796 0.280315 
0.092030 0.092453 0.015362 0.370987 0.429168 
0.130444 0.070865 0.036802 0.520227 0.241662 
0.282997 0.007007 0.030391 0.523721 0.155884 
0.018738 0.034609 0.875317 0.065351 0.005986 
0.043133 0.119877 0.001194 0.639711 0.196084 
0.505673 0.181389 0.000851 0.278573 0.033513 
0.384093 0.016944 0.589602 0.000265 0.009096 
0.369234 0.062499 0.019692 0.547861 0.000714 
0.125410 0.130729 0.037472 0.520633 0.185755 
0.238094 0.245486 0.054804 0.364933 0.096684 
0.005837 0.005671 0.000013 0.746589 0.241889 
0.004073 0.002106 0.001059 0.859165 0.133597 
0.075794 0.003928 0.610400 0.020934 0.288943 
0.101162 0.132411 0.042379 0.353484 0.370564 
0.222045 0.251005 0.056442 0.245106 0.225402 
0.414375 0.150895 0.143789 0.162752 0.128189 
0.172644 0.100239 0.132904 0.396159 0.198054 
0.064882 0.010825 0.378122 0.072432 0.473739 
0.062467 0.002803 0.516681 0.015779 0.402269 
0.157416 0.000216 0.438478 0.069706 0.334184 
0.150711 0.000156 0.300558 0.162597 0.385978 
0.299280 0.033771 0.177704 0.023954 0.465292 
0.130075 0.002043 0.323720 0.032590 0.511572 
0.005172 0.201250 0.155416 0.585034 0.053128 
0.052595 0.029167 0.773434 0.003001 0.141803 
0.009956 0.006550 0.000934 0.929155 0.053405 
0.059827 0.129405 0.114235 0.679807 0.016727 
0.004672 0.045539 0.875731 0.071141 0.002917 
0.389908 0.133788 0.350462 0.037369 0.088473 
0.183878 0.053041 0.467675 0.086525 0.208882 
0.542150 0.181210 0.054126 0.000081 0.222433 
0.267987 0.015746 0.183838 0.282762 0.249667 
0.273650 0.044194 0.294087 0.163932 0.224137 
0.499629 0.096269 0.174872 0.119740 0.109490 
0.576773 0.036817 0.037642 0.249776 0.098992 
0.026909 0.213649 0.389712 0.369483 0.000248 
0.145382 0.011853 0.174222 0.609222 0.059322 
0.524751 0.000343 0.178500 0.282882 0.013523 
0.002142 0.654938 0.000004 0.038745 0.304172 
0.000123 0.461593 0.318199 0.153025 0.067060 
0.000201 0.782828 0.000581 0.132660 0.083730 
0.514225 0.382107 0.083195 0.004184 0.016289 
0.348130 0.205118 0.182347 0.183883 0.080522 
0.889593 0.012327 0.004798 0.093207 0.000075 
0.007424 0.446650 0.533047 0.009125 0.003754 
0.121732 0.057098 0.144015 0.273676 0.403479 
0.052713 0.102424 0.025243 0.405902 0.413719 
0.000037 0.001594 0.051852 0.027388 0.919128 
0.001659 0.065782 0.011002 0.701425 0.220132 
0.010687 0.018230 0.052576 0.689802 0.228705 
0.011101 0.053715 0.178913 0.014614 0.741656 
0.076839 0.183280 0.208497 0.469747 0.061638 
0.322370 0.027575 0.254295 0.296641 0.099119 
0.109270 0.214160 0.631760 0.016759 0.028050 
0.000662 0.019693 0.115968 0.849148 0.014529 
0.508929 0.010093 0.000446 0.110886 0.369647 
0.196020 0.034384 0.558324 0.082652 0.128621 
0.430417 0.205732 0.001259 0.229449 0.133143 
0.564408 0.168493 0.100449 0.011308 0.155342 
0.104507 0.000230 0.208902 0.116636 0.569724 
0.229436 0.004837 0.137153 0.244319 0.384255 
0.207872 0.014013 0.033958 0.473456 0.270700 
0.164573 0.013517 0.169620 0.018167 0.634122 
0.065665 0.082203 0.109413 0.090540 0.652179 
0.271505 0.559417 0.045879 0.029596 0.093604 
0.010666 0.136061 0.130034 0.062964 0.660275 
0.541734 0.035391 0.230358 0.168976 0.023540 
0.144405 0.036529 0.359161 0.173165 0.286740 
0.149642 0.040025 0.726422 0.054795 0.029116 
0.002561 0.940616 0.039127 0.016416 0.001281 
0.036049 0.562049 0.262918 0.082054 0.056930 
0.052375 0.060461 0.410655 0.449453 0.027056 
0.001347 0.004750 0.367295 0.609659 0.016949 
0.002973 0.099097 0.334214 0.514809 0.048906 
0.000880 0.489327 0.407481 0.099199 0.003112 
0.399582 0.008566 0.174142 0.158271 0.259439 
0.019235 0.021989 0.234337 0.135182 0.589258 
0.004184 0.005568 0.257402 0.191778 0.541068 
0.044982 0.073096 0.243017 0.066580 0.572325 
0.302731 0.053115 0.295591 0.344385 0.004177 
0.007823 0.034517 0.000867 0.015899 0.940894 
0.011174 0.118624 0.003347 0.084797 0.782059 
0.004683 0.054230 0.015457 0.064112 0.861518 
0.008323 0.024522 0.000133 0.003416 0.963607 
0.009621 0.018603 0.000029 0.000430 0.971316 
0.077060 0.050396 0.146798 0.016928 0.708818 
0.005868 0.208807 0.253630 0.000157 0.531538 
0.045415 0.166157 0.321026 0.027818 0.439584 
0.001394 0.043139 0.066365 0.008944 0.880158 
0.076575 0.053511 0.052096 0.809020 0.008798 
0.056595 0.205441 0.239740 0.064242 0.433981 
0.003699 0.415425 0.082846 0.000010 0.498020 
0.274394 0.009510 0.000001 0.480573 0.235521 
0.524246 0.010139 0.120312 0.263441 0.081862 
0.074135 0.663161 0.029514 0.077633 0.155557 
0.322418 0.471635 0.191798 0.001682 0.012468 
0.003204 0.119103 0.251853 0.624281 0.001559 
0.040504 0.602868 0.160477 0.158949 0.037201 
0.094570 0.036891 0.062098 0.800231 0.006211 
0.110212 0.002515 0.050465 0.812381 0.024427 
0.012851 0.192695 0.002441 0.705060 0.086953 
0.149130 0.093398 0.256304 0.496544 0.004624 
0.008063 0.013069 0.234056 0.512161 0.232651 
0.077701 0.133214 0.042005 0.634151 0.112929 
0.003793 0.287086 0.109618 0.485776 0.113727 
0.023332 0.011818 0.053840 0.630825 0.280185 
0.013313 0.367219 0.194153 0.005934 0.419381 
0.731558 0.236286 0.009154 0.020587 0.002415 
0.027042 0.193620 0.299074 0.220929 0.259334 
0.545727 0.020363 0.000510 0.285319 0.148082 
0.092148 0.042758 0.086236 0.738591 0.040267 
0.013858 0.012099 0.247429 0.678567 0.048047 
0.070837 0.047330 0.463603 0.180913 0.237316 
0.352747 0.000923 0.051969 0.004917 0.589445 
0.040100 0.636691 0.015319 0.002239 0.305650 
0.062459 0.238951 0.002825 0.626511 0.069253 
0.007759 0.400705 0.000215 0.412562 0.178759 
0.055942 0.009586 0.773608 0.107939 0.052925 
0.725392 0.080652 0.007964 0.168492 0.017501 
0.349118 0.059600 0.068992 0.521390 0.000900 
0.367694 0.271805 0.171325 0.188644 0.000532 
0.712762 0.273520 0.010724 0.002904 0.000090 
0.002200 0.017689 0.049986 0.928232 0.001893 
0.012363 0.012140 0.006137 0.058121 0.911240 
0.067631 0.023774 0.083114 0.783997 0.041484 
0.035772 0.127553 0.023188 0.353771 0.459716 
0.020918 0.036143 0.176786 0.760473 0.005680 
0.222943 0.271693 0.342194 0.102921 0.060249 
0.047076 0.026696 0.719687 0.132193 0.074347 
0.012829 0.037090 0.550947 0.243377 0.155757 
0.139407 0.323749 0.278734 0.182687 0.075423 
0.239227 0.000446 0.401572 0.101432 0.257323 
0.396562 0.000005 0.122616 0.077243 0.403574 
0.233043 0.028067 0.155831 0.195659 0.387400 
0.142735 0.006851 0.385888 0.196212 0.268314 
0.060960 0.018334 0.015435 0.896325 0.008947 
0.000608 0.087793 0.068730 0.676723 0.166146 
0.060234 0.043879 0.187443 0.568218 0.140226 
0.197078 0.009899 0.113276 0.655583 0.024164 
0.087931 0.556317 0.003412 0.292392 0.059949 
0.004816 0.257839 0.476455 0.260498 0.000392 
0.005749 0.101775 0.472694 0.406028 0.013754 
0.003585 0.002740 0.465208 0.504166 0.024302 
0.380101 0.087667 0.002366 0.040316 0.489550 
0.277411 0.152654 0.042867 0.142682 0.384385 
0.311576 0.306811 0.110346 0.105930 0.165338 
0.507666 0.035124 0.011314 0.004732 0.441164 
0.695552 0.027813 0.027361 0.025430 0.223844 
0.154384 0.001176 0.115611 0.066809 0.662019 
0.043750 0.048475 0.006855 0.885569 0.015351 
0.021351 0.468920 0.026925 0.460867 0.021938 
0.142505 0.382471 0.414563 0.042875 0.017586 
0.041054 0.721226 0.149634 0.000144 0.087942 
0.122568 0.619804 0.023537 0.174941 0.059149 
0.193921 0.359454 0.439354 0.000180 0.007090 
0.368837 0.180226 0.391051 0.043145 0.016741 
0.018794 0.165729 0.249440 0.276199 0.289838 
0.001612 0.254580 0.146711 0.260676 0.336420 
0.001663 0.187771 0.162280 0.126000 0.522287 
0.000175 0.124523 0.297272 0.171606 0.406424 
0.006776 0.070482 0.212778 0.060791 0.649174 
0.094636 0.075727 0.023702 0.799506 0.006430 
0.009118 0.038887 0.025129 0.883350 0.043516 
0.000004 0.010310 0.153908 0.833525 0.002253 
0.081658 0.433909 0.356968 0.084890 0.042575 
0.020670 0.613317 0.119007 0.032889 0.214117 
0.609745 0.043614 0.048704 0.280523 0.017414 
0.069090 0.072917 0.405163 0.427570 0.025260 
0.204831 0.426809 0.189985 0.004501 0.173874 
0.011295 0.120112 0.614511 0.108399 0.145682 
0.129675 0.003437 0.611225 0.255339 0.000324 
0.492525 0.202839 0.026688 0.219859 0.058089 
0.343872 0.391062 0.241390 0.006949 0.016727 
0.637231 0.063954 0.053188 0.165643 0.079984 
0.338332 0.400833 0.114099 0.134299 0.012438 
0.727803 0.001773 0.162299 0.058107 0.050018 
0.005038 0.724944 0.008722 0.166956 0.094340 
0.122953 0.000175 0.328099 0.268822 0.279951 
0.006320 0.137431 0.167231 0.058313 0.630705 
0.000017 0.009936 0.314323 0.002413 0.673310 
0.255972 0.001294 0.188720 0.543408 0.010606 
0.109476 0.031999 0.355155 0.393482 0.109887 
0.058864 0.139030 0.790198 0.011776 0.000133 
0.118866 0.137586 0.692111 0.051334 0.000103 
0.034646 0.047041 0.895391 0.022532 0.000390 
0.116431 0.537100 0.257460 0.043674 0.045334 
0.215704 0.476988 0.072678 0.194069 0.040561 
0.000051 0.198292 0.067263 0.726751 0.007644 
0.027592 0.100085 0.389400 0.270115 0.212808 
0.001448 0.051661 0.481747 0.158521 0.306622 
0.000370 0.188324 0.020225 0.753948 0.037133 
0.003030 0.294291 0.067063 0.038715 0.596902 
0.012000 0.483486 0.005799 0.496937 0.001778 
0.051905 0.000632 0.438325 0.336985 0.172154 
0.071960 0.004258 0.376537 0.009349 0.537896 
0.032182 0.229920 0.346903 0.379651 0.011343 
0.149130 0.042440 0.168736 0.344885 0.294809 
0.039871 0.027287 0.130259 0.632792 0.169790 
0.023255 0.168308 0.787576 0.008933 0.011928 
0.044777 0.005050 0.467321 0.001119 0.481734 
0.115291 0.079424 0.090895 0.054145 0.660246 
0.236529 0.045347 0.119203 0.026444 0.572477 
0.000792 0.239583 0.040337 0.295492 0.423796 
0.027938 0.157117 0.014893 0.107110 0.692942 
0.227744 0.103413 0.048064 0.447195 0.173584 
0.002115 0.428911 0.022566 0.038937 0.507470 
0.034262 0.016251 0.197212 0.041111 0.711165 
0.050548 0.040505 0.750463 0.148894 0.009589 
0.004625 0.781472 0.154532 0.005103 0.054269 
0.000638 0.869900 0.084567 0.016055 0.028841 
0.002856 0.002494 0.147526 0.000023 0.847101 
0.145491 0.219746 0.260777 0.371898 0.002087 
0.196530 0.207244 0.204180 0.000381 0.391665 
0.403138 0.116626 0.033967 0.000940 0.445328 
0.451391 0.093277 0.014462 0.001947 0.438923 
0.036915 0.014543 0.015381 0.681388 0.251773 
0.094360 0.059982 0.058499 0.509776 0.277383 
0.431245 0.323497 0.021450 0.120200 0.103608 
0.091429 0.054882 0.572281 0.251583 0.029825 
0.798602 0.149829 0.035575 0.012621 0.003374 
0.097198 0.018221 0.183030 0.420173 0.281378 
0.043944 0.056730 0.336461 0.226964 0.335901 
0.026234 0.585077 0.313423 0.021426 0.053840 
0.005834 0.001342 0.000854 0.545639 0.446331 
0.085648 0.005122 0.701906 0.113867 0.093458 
0.087637 0.005040 0.709544 0.075055 0.122723 
0.033754 0.506857 0.190667 0.017519 0.251202 
0.004453 0.456765 0.287382 0.005290 0.246110 
0.245376 0.353831 0.023927 0.375827 0.001038 
0.230140 0.440903 0.029816 0.299138 0.000003 
0.000010 0.450514 0.353125 0.006999 0.189353 
0.198247 0.563990 0.000166 0.040479 0.197118 
0.000158 0.365452 0.505085 0.009140 0.120165 
0.127271 0.685515 0.003415 0.059916 0.123882 
0.001545 0.056339 0.802529 0.085574 0.054015 
0.028834 0.168269 0.731373 0.032360 0.039163 
0.007901 0.293280 0.626854 0.009846 0.062119 
0.053025 0.156876 0.283136 0.498719 0.008243 
0.073761 0.092766 0.751057 0.073560 0.008857 
0.158870 0.038623 0.649036 0.152603 0.000868 
0.083210 0.261222 0.173440 0.421683 0.060444 
0.068768 0.495512 0.431481 0.004239 0.000000 
0.067336 0.439042 0.479590 0.014027 0.000005 
0.306573 0.069649 0.331726 0.284402 0.007650 
0.279847 0.028338 0.409750 0.281099 0.000966 
0.028061 0.361725 0.387548 0.102826 0.119840 
0.010105 0.446767 0.229290 0.172829 0.141009 
0.244399 0.143108 0.289775 0.322518 0.000201 
0.152720 0.312725 0.190477 0.313764 0.030314 
0.129921 0.239617 0.520481 0.004190 0.105791 
0.284028 0.136915 0.302734 0.014925 0.261398 
0.052997 0.523020 0.081770 0.248570 0.093643 
0.451228 0.026943 0.028150 0.041348 0.452330 
0.218667 0.001601 0.752943 0.018652 0.008137 
0.124619 0.025776 0.778248 0.067144 0.004212 
0.056979 0.047127 0.512383 0.347641 0.035870 
0.011757 0.198818 0.068267 0.521258 0.199899 
0.052828 0.086065 0.009570 0.764718 0.086819 
0.017775 0.000716 0.658793 0.280032 0.042684 
0.409200 0.428006 0.006450 0.061177 0.095168 
0.236967 0.268570 0.218418 0.275574 0.000471 
0.238842 0.381324 0.122879 0.249685 0.007270 
0.043913 0.073714 0.398566 0.482528 0.001279 
0.005391 0.243764 0.185232 0.358435 0.207178 
0.049977 0.396206 0.118858 0.328083 0.106877 
0.222460 0.029202 0.497745 0.249284 0.001309 
0.060968 0.010411 0.865826 0.012908 0.049886 
0.061817 0.081107 0.805111 0.029410 0.022556 
0.000899 0.678852 0.062646 0.086775 0.170828 
0.013939 0.586155 0.144363 0.034290 0.221254 
0.140024 0.554474 0.054808 0.236348 0.014345 
0.273826 0.291678 0.423461 0.009423 0.001612 
0.280451 0.146049 0.562060 0.000048 0.011391 
0.045571 0.218298 0.660610 0.013314 0.062208 
0.166652 0.505984 0.306455 0.007667 0.013242 
0.369191 0.200365 0.074047 0.008832 0.347566 
0.330542 0.249958 0.023305 0.001012 0.395183 
0.256035 0.043892 0.649510 0.010977 0.039586 
0.037694 0.456450 0.094089 0.278464 0.133304 
0.008087 0.519983 0.127623 0.214381 0.129926 
0.012474 0.906646 0.002516 0.075416 0.002948 
0.060875 0.778086 0.010950 0.143161 0.006928 
0.081514 0.006636 0.806820 0.089344 0.015686 
0.000021 0.924774 0.035600 0.037987 0.001617 
0.026079 0.835597 0.132959 0.005329 0.000036 
0.001873 0.003586 0.376461 0.616016 0.002063 
0.217861 0.001172 0.657152 0.047094 0.076720 
0.960219 0.009036 0.000337 0.003870 0.026538 
0.835707 0.080580 0.002009 0.001739 0.079966 
0.752332 0.036589 0.017742 0.004472 0.188865 
0.812539 0.005143 0.042165 0.018246 0.121907 
0.078439 0.411560 0.139078 0.085525 0.285398 
0.135275 0.278994 0.094280 0.182712 0.308739 
0.068347 0.248688 0.036221 0.126749 0.519995 
0.017479 0.433038 0.048895 0.045201 0.455387 
0.675599 0.066348 0.011386 0.024082 0.222585 
0.676356 0.007186 0.023659 0.002270 0.290529 
0.513026 0.075963 0.055155 0.058812 0.297045 
0.402376 0.156392 0.065013 0.144209 0.232011 
0.549648 0.154604 0.017245 0.076812 0.201691 
0.355122 0.246712 0.025228 0.201878 0.171059 
0.336923 0.071423 0.143011 0.192642 0.256000 
0.300536 0.216691 0.032037 0.346003 0.104732 
0.069536 0.121148 0.298471 0.479271 0.031574 
0.014375 0.234328 0.267699 0.482169 0.001429 
0.009203 0.026404 0.210634 0.084647 0.669111 
0.023693 0.048231 0.067423 0.049794 0.810860 
0.022903 0.439859 0.094376 0.391139 0.051723 
0.001380 0.316564 0.074457 0.605099 0.002500 
0.012099 0.329441 0.233259 0.424909 0.000292 
0.076781 0.416530 0.216457 0.267736 0.022497 
0.783325 0.137247 0.048931 0.030087 0.000411 
0.014201 0.650471 0.279362 0.054966 0.001000 
0.000031 0.804916 0.173398 0.013928 0.007726 
0.846984 0.086167 0.024092 0.028622 0.014135 
0.352579 0.051062 0.104476 0.049746 0.442137 
0.332257 0.062608 0.164223 0.086111 0.354802 
0.394310 0.089711 0.112205 0.087968 0.315805 
0.415406 0.050288 0.074018 0.037924 0.422365 
0.127945 0.138225 0.631689 0.094333 0.007808 
0.207989 0.098462 0.597353 0.058246 0.037950 
0.298714 0.091837 0.537104 0.013706 0.058639 
0.184226 0.157673 0.608797 0.038062 0.011242 
0.262669 0.209567 0.192996 0.230576 0.104192 
0.382314 0.112891 0.280905 0.193918 0.029973 
0.436097 0.005553 0.104174 0.444537 0.009640 
0.274159 0.079279 0.113297 0.443066 0.090198 
0.199707 0.257173 0.146734 0.195821 0.200565 
0.209292 0.145698 0.086490 0.351566 0.206955 
0.146318 0.200950 0.060466 0.251150 0.341116 
0.067916 0.183103 0.011915 0.165303 0.571764 
0.177620 0.066677 0.612028 0.108009 0.035665 
0.106587 0.082988 0.648855 0.137769 0.023801 
0.101443 0.719334 0.166087 0.007472 0.005663 
0.110845 0.696507 0.181479 0.008165 0.003004 
0.120544 0.669951 0.197359 0.008879 0.003267 
0.126961 0.678835 0.175187 0.007656 0.011361 
0.048993 0.031559 0.558541 0.240027 0.120880 
0.006163 0.000251 0.548002 0.239650 0.205933 
0.025496 0.000332 0.577529 0.180762 0.215881 
0.085117 0.020456 0.577501 0.191605 0.125320 
0.006551 0.020256 0.521457 0.356643 0.095094 
0.002085 0.430300 0.349492 0.208906 0.009217 
0.065313 0.725032 0.205953 0.001104 0.002598 
0.095591 0.722919 0.169782 0.001465 0.010243 
0.092569 0.693173 0.201050 0.001078 0.012129 
0.067557 0.681795 0.246581 0.001322 0.002745 
0.707601 0.109112 0.000348 0.066127 0.116812 
0.933891 0.022337 0.000459 0.022982 0.020331 
0.455317 0.303445 0.002918 0.199004 0.039316 
0.670310 0.136830 0.015444 0.138234 0.039182 
0.557903 0.217436 0.004834 0.107774 0.112052 
0.427725 0.341994 0.000041 0.155097 0.075143 
0.577479 0.040582 0.034821 0.149511 0.197607 
0.653487 0.103732 0.002650 0.130152 0.109978 
0.861562 0.024479 0.003211 0.038931 0.071818 
0.650641 0.004281 0.067482 0.072444 0.205152 
0.399728 0.203393 0.265237 0.124403 0.007239 
0.388982 0.099112 0.301706 0.200772 0.009428 
0.277680 0.143328 0.377967 0.158705 0.042320 
0.315548 0.217378 0.338576 0.104716 0.023782 
0.307148 0.072864 0.085276 0.522431 0.012281 
0.146774 0.070260 0.060425 0.687225 0.035316 
0.125793 0.016774 0.084961 0.770771 0.001701 
0.307868 0.003144 0.126422 0.557243 0.005324 
0.003114 0.074178 0.598320 0.146740 0.177648 
0.119352 0.006785 0.660786 0.136785 0.076291 
0.071155 0.774003 0.005415 0.111530 0.037897 
0.008976 0.127303 0.784449 0.034054 0.045218 
0.019207 0.093265 0.685268 0.094498 0.107761 
0.039907 0.681317 0.001168 0.178580 0.099028 
0.005618 0.412474 0.224162 0.347192 0.010553 
0.019682 0.002338 0.439348 0.160460 0.378171 
0.047324 0.715550 0.235647 0.001263 0.000215 
0.058056 0.652562 0.000264 0.286179 0.002939 
0.123402 0.120908 0.032565 0.441587 0.281538 
0.036870 0.131112 0.282206 0.000248 0.549563 
0.169925 0.048626 0.044995 0.626440 0.110015 
0.204261 0.005123 0.019901 0.753022 0.017694 
0.021475 0.246738 0.035588 0.692864 0.003335 
0.540246 0.186820 0.028579 0.225546 0.018808 
0.946094 0.013092 0.009886 0.028931 0.001997 
0.003033 0.665494 0.196113 0.093761 0.041599 
0.118038 0.383408 0.448503 0.021619 0.028432 
0.105716 0.491914 0.399349 0.000363 0.002657 
0.001360 0.194593 0.461480 0.331466 0.011100 
0.225136 0.349559 0.371603 0.039614 0.014089 
0.067597 0.214269 0.610274 0.043046 0.064814 
0.129165 0.252096 0.504469 0.037940 0.076330 
0.119076 0.182377 0.486293 0.083414 0.128840 
0.069713 0.150390 0.573667 0.079109 0.127121 
0.296396 0.034937 0.137907 0.038828 0.491932 
0.287495 0.021117 0.235789 0.048271 0.407329 
0.068146 0.047708 0.628532 0.194344 0.061270 
0.128331 0.048132 0.635708 0.117753 0.070077 
0.186756 0.017412 0.684712 0.076702 0.034418 
0.120345 0.307607 0.485346 0.081752 0.004949 
0.241332 0.146971 0.587598 0.009372 0.014727 
0.259611 0.180004 0.527553 0.031376 0.001456 
0.137118 0.482601 0.333644 0.041081 0.005555 
0.026144 0.753437 0.098246 0.013692 0.108481 
0.123677 0.406943 0.222870 0.099998 0.146512 
0.004418 0.681620 0.034588 0.006790 0.272584 
0.400665 0.082326 0.425576 0.090166 0.001267 
0.422384 0.048643 0.432112 0.002549 0.094311 
0.540309 0.033456 0.294717 0.130960 0.000558 
0.303109 0.065718 0.525916 0.040570 0.064686 
0.237214 0.027745 0.647000 0.061006 0.027034 
0.007875 0.577151 0.016025 0.320530 0.078418 
0.029485 0.637711 0.017272 0.195845 0.119687 
0.472186 0.011999 0.482633 0.001679 0.031503 
0.366692 0.004168 0.616391 0.008486 0.004263 
0.105765 0.110597 0.444367 0.091016 0.248254 
0.010805 0.160153 0.641952 0.080385 0.106705 
0.052740 0.037556 0.456987 0.134866 0.317851 
0.057202 0.471725 0.068891 0.402175 0.000008 
0.001939 0.562022 0.030260 0.181693 0.224087 
0.062258 0.655855 0.019080 0.121511 0.141297 
0.110421 0.307041 0.041330 0.539113 0.002095 
0.000598 0.354319 0.013607 0.018867 0.612610 
0.277184 0.004797 0.001113 0.010942 0.705964 
0.369137 0.005669 0.007192 0.001543 0.616459 
0.481812 0.000674 0.002170 0.000268 0.515076 
0.262376 0.348935 0.012059 0.272978 0.103652 
0.340467 0.351131 0.006260 0.195799 0.106343 
0.467173 0.248193 0.012746 0.117969 0.153919 
0.071052 0.147694 0.612477 0.168479 0.000299 
0.056323 0.087435 0.637537 0.209215 0.009490 
0.405493 0.324632 0.000446 0.264954 0.004476 
0.075352 0.652214 0.268631 0.000874 0.002929 
0.114483 0.654683 0.209492 0.000682 0.020660 
0.167940 0.542182 0.000526 0.249843 0.039509 
0.123941 0.550115 0.312833 0.000536 0.012575 
0.223460 0.362080 0.003976 0.380487 0.029997 
0.269002 0.397190 0.325902 0.006628 0.001278 
0.192466 0.495596 0.300036 0.011868 0.000033 
0.149809 0.469716 0.002723 0.349996 0.027756 
0.172338 0.006339 0.212593 0.569451 0.039279 
0.227555 0.009548 0.278207 0.425711 0.058980 
0.031494 0.175280 0.042029 0.000463 0.750734 
0.086226 0.203882 0.006033 0.703573 0.000286 
0.137697 0.059508 0.080257 0.693272 0.029267 
0.508583 0.055659 0.003861 0.222778 0.209119 
0.470070 0.004496 0.012510 0.159202 0.353723 
0.376104 0.016981 0.242920 0.359586 0.004409 
0.500048 0.199633 0.018061 0.280639 0.001619 
0.372665 0.293131 0.002041 0.327739 0.004424 
0.393469 0.212037 0.019385 0.364062 0.011047 
0.518844 0.144290 0.055856 0.280825 0.000185 
0.269900 0.691031 0.015311 0.008780 0.014978 
0.054104 0.354265 0.547826 0.014482 0.029323 
0.113489 0.703835 0.162509 0.007311 0.012856 
0.121167 0.685657 0.169552 0.005338 0.018285 
0.009577 0.233710 0.632004 0.087872 0.036836 
0.001776 0.312030 0.660231 0.023906 0.002057 
0.526901 0.153912 0.000002 0.197921 0.121264 
0.141205 0.000343 0.320132 0.474203 0.064117 
0.012728 0.528722 0.251674 0.149808 0.057068 
0.019016 0.000003 0.443234 0.451319 0.086429 
0.064018 0.016829 0.442467 0.321656 0.155030 
0.066339 0.004406 0.402653 0.420423 0.106179 
0.035500 0.371129 0.526022 0.001943 0.065406 
0.114301 0.576050 0.002320 0.284502 0.022827 
0.126969 0.612041 0.249690 0.011234 0.000067 
0.111677 0.658766 0.219618 0.009881 0.000059 
0.102431 0.621007 0.002475 0.253922 0.020164 
0.328719 0.392664 0.264584 0.001076 0.012957 
0.318668 0.419476 0.222290 0.000301 0.039264 
0.236523 0.526291 0.212629 0.002769 0.021789 
0.237052 0.497167 0.251971 0.006556 0.007254 
0.284191 0.456352 0.001111 0.195766 0.062581 
0.210904 0.555786 0.194838 0.001312 0.037161 
0.111867 0.543642 0.004688 0.313553 0.026250 
0.091838 0.528165 0.005652 0.361418 0.012927 
0.117227 0.397723 0.007215 0.461335 0.016500 
0.147465 0.423655 0.010227 0.374751 0.043902 
0.137115 0.383419 0.303228 0.173409 0.002830 
0.205648 0.435683 0.254212 0.099345 0.005111 
0.130533 0.551873 0.128045 0.163826 0.025723 
0.053125 0.577877 0.063439 0.242754 0.062806 
0.002367 0.589940 0.000164 0.330909 0.076620 
0.408796 0.004689 0.559135 0.000076 0.027304 
0.180776 0.657562 0.075654 0.071397 0.014612 
0.150859 0.281935 0.024552 0.483533 0.059121 
0.100129 0.298387 0.014076 0.572917 0.014490 
0.100884 0.227821 0.030801 0.606589 0.033905 
0.006543 0.300352 0.361087 0.277776 0.054242 
0.142286 0.661369 0.168060 0.004766 0.023519 
0.033691 0.050231 0.002639 0.912512 0.000927 
0.019051 0.007713 0.025831 0.009343 0.938062 
0.000001 0.033754 0.021904 0.928469 0.015871 
0.003089 0.024248 0.965241 0.000382 0.007039 
0.151262 0.628024 0.208430 0.008005 0.004280 
0.154988 0.641163 0.182954 0.007026 0.013868 
0.153457 0.027573 0.368892 0.320045 0.130034 
0.121294 0.000206 0.318055 0.468684 0.091761 
0.097571 0.002262 0.374059 0.394888 0.131220 
0.097395 0.025603 0.404515 0.289272 0.183215 
0.292271 0.518678 0.159892 0.028815 0.000343 
0.031522 0.081308 0.581406 0.128929 0.176834 
0.005371 0.039227 0.608752 0.195900 0.150750 
0.000631 0.315436 0.315322 0.321007 0.047604 
0.006817 0.217240 0.268009 0.410974 0.096959 
0.010202 0.279629 0.175345 0.506697 0.028127 
0.003864 0.012036 0.204469 0.770636 0.008995 
0.061896 0.280745 0.411802 0.244946 0.000611 
0.000908 0.138340 0.232526 0.490018 0.138209 
0.006938 0.159803 0.117515 0.671566 0.044179 
0.010332 0.109124 0.031921 0.848400 0.000224 
0.028995 0.272897 0.106628 0.588785 0.002694 
0.075181 0.580872 0.001667 0.335837 0.006444 
0.078280 0.597820 0.004818 0.308064 0.011018 
0.107835 0.006592 0.302662 0.073671 0.509240 
0.185712 0.045055 0.317747 0.062862 0.388624 
0.255285 0.077348 0.159091 0.021302 0.486973 
0.101686 0.022279 0.144224 0.026080 0.705730 
0.059673 0.132396 0.688562 0.118131 0.001238 
0.000755 0.032672 0.895823 0.068716 0.002034 
0.004633 0.188423 0.535861 0.270048 0.001036 
0.040300 0.106193 0.537806 0.263074 0.052628 
0.000106 0.048395 0.103455 0.845879 0.002165 
0.089288 0.635751 0.003742 0.250267 0.020952 
0.090845 0.629399 0.003807 0.254631 0.021317 
0.095036 0.652544 0.002006 0.232555 0.017860 
0.095081 0.658155 0.002146 0.228126 0.016492 
0.099594 0.593709 0.004174 0.279153 0.023370 
0.077041 0.639510 0.002648 0.268823 0.011978 
0.117253 0.020973 0.523908 0.200537 0.137329 
0.250652 0.282996 0.018770 0.397413 0.050170 
0.008945 0.025816 0.841912 0.038495 0.084833 
0.252132 0.015740 0.294515 0.158948 0.278666 
0.006071 0.172059 0.469034 0.073825 0.279011 
0.124448 0.009217 0.008758 0.798650 0.058928 
0.060963 0.041871 0.001056 0.737323 0.158786 
0.040124 0.162885 0.021349 0.770210 0.005432 
0.001701 0.106787 0.003383 0.880543 0.007586 
0.133422 0.231383 0.030992 0.600879 0.003324 
0.027448 0.190339 0.400091 0.025373 0.356749 
0.102641 0.716948 0.168048 0.007561 0.004802 
0.110083 0.696568 0.182336 0.008204 0.002810 
0.099015 0.089118 0.008238 0.001379 0.802249 
0.201410 0.189223 0.020680 0.003053 0.585634 
0.597816 0.008717 0.006755 0.007127 0.379586 
0.042636 0.308859 0.420101 0.204929 0.023474 
0.045195 0.410056 0.382358 0.148104 0.014287 
0.012169 0.120514 0.571755 0.295416 0.000146 
0.029033 0.213068 0.502112 0.248047 0.007740 
0.230877 0.140834 0.070981 0.012417 0.544890 
0.022382 0.029182 0.734429 0.168634 0.045374 
0.033753 0.008243 0.653523 0.284751 0.019730 
0.338525 0.154736 0.164835 0.020090 0.321814 
0.101270 0.718103 0.165803 0.007460 0.007364 
0.086686 0.035395 0.059788 0.757971 0.060160 
0.077280 0.021308 0.076444 0.782963 0.042005 
0.018237 0.269871 0.010364 0.062111 0.639417 
0.001507 0.217675 0.001154 0.023192 0.756472 
0.196482 0.000782 0.068223 0.001579 0.732933 
0.002645 0.175828 0.000000 0.042680 0.778847 
0.017663 0.206509 0.000530 0.082787 0.692510 
0.010484 0.181567 0.152066 0.005910 0.649973 
0.090281 0.261840 0.542078 0.105294 0.000507 
0.066555 0.208505 0.574744 0.149062 0.001134 
0.009245 0.399029 0.538948 0.051964 0.000815 
0.061612 0.499091 0.424330 0.012106 0.002861 
0.223987 0.455106 0.002384 0.254235 0.064289 
0.179933 0.354718 0.003626 0.422944 0.038779 
0.116922 0.458086 0.001459 0.401352 0.022181 
0.073324 0.500122 0.000002 0.425748 0.000804 
0.187156 0.294764 0.014015 0.433635 0.070430 
0.166388 0.350687 0.011926 0.420973 0.050026 
0.195543 0.290500 0.366385 0.091304 0.056268 
0.042884 0.754508 0.200943 0.000044 0.001621 
0.567690 0.018917 0.006541 0.008134 0.398718 
0.446484 0.028385 0.031651 0.017635 0.475845 
0.485280 0.005287 0.069289 0.108115 0.332030 
0.031798 0.070550 0.096158 0.736905 0.064588 
0.045365 0.137499 0.062878 0.717469 0.036789 
0.365027 0.136904 0.061502 0.415598 0.020969 
0.074786 0.731480 0.189956 0.001018 0.002759 
0.103650 0.722663 0.159283 0.004961 0.009444 
0.064693 0.359982 0.002081 0.572678 0.000566 
0.255809 0.063932 0.354568 0.266282 0.059408 
0.023531 0.016429 0.153202 0.776581 0.030257 
0.054422 0.035463 0.103295 0.725172 0.081648 
0.077551 0.131052 0.499903 0.109694 0.181800 
0.103191 0.076488 0.049419 0.011303 0.759599 
0.102788 0.685925 0.202138 0.009094 0.000054 
0.100946 0.690494 0.200249 0.008302 0.000009 
0.074646 0.662608 0.001815 0.249074 0.011857 
0.051583 0.724729 0.220078 0.003392 0.000217 
0.017464 0.059418 0.603723 0.285801 0.033594 
0.031272 0.520040 0.339891 0.102423 0.006375 
0.045903 0.561494 0.389511 0.000003 0.003088 
0.228228 0.000242 0.213213 0.010717 0.547600 
0.262877 0.014459 0.116044 0.017258 0.589362 
0.235175 0.180724 0.042977 0.488780 0.052345 
0.023243 0.016118 0.529106 0.284476 0.147056 
0.000746 0.313541 0.664709 0.002456 0.018548 
0.002071 0.247309 0.741867 0.002741 0.006013 
0.027360 0.008089 0.152240 0.793101 0.019210 
0.068717 0.018947 0.125263 0.749722 0.037351 
0.075043 0.662198 0.001814 0.248919 0.012027 
0.060356 0.728019 0.207157 0.004245 0.000223 
0.074732 0.730949 0.189818 0.001745 0.002757 
0.093137 0.730443 0.169438 0.001893 0.005089 
0.101726 0.717242 0.166551 0.007493 0.006987 
0.090909 0.645113 0.003592 0.240270 0.020115 
0.092671 0.669691 0.001316 0.222142 0.014181 
0.099818 0.693869 0.198010 0.008210 0.000094 
0.090583 0.654605 0.002842 0.233698 0.018273 
0.075934 0.677875 0.001330 0.233765 0.011095 
0.079326 0.733272 0.181387 0.003717 0.002297 
0.077947 0.733506 0.183029 0.002860 0.002658 
0.069651 0.732874 0.192604 0.003947 0.000924 
0.069651 0.732874 0.192604 0.003947 0.000924 
0.071452 0.733732 0.189475 0.004496 0.000844 
0.083053 0.734908 0.176708 0.003621 0.001709 
0.060356 0.728018 0.207157 0.004245 0.000223 
0.061465 0.731156 0.202478 0.004805 0.000096 
0.069979 0.699484 0.000415 0.222054 0.008068 
0.065152 0.715088 0.000131 0.213100 0.006529 
0.061465 0.731156 0.202478 0.004805 0.000096 
0.069184 0.697592 0.000420 0.224641 0.008162 
0.060356 0.728019 0.207157 0.004245 0.000223 
0.081577 0.734079 0.178967 0.004247 0.001130 
0.071452 0.733733 0.189475 0.004496 0.000844 
0.064609 0.728707 0.201800 0.004789 0.000096 
0.083936 0.723383 0.187198 0.005333 0.000150 
0.092124 0.732571 0.167595 0.002676 0.005034 
0.092100 0.732380 0.167552 0.002936 0.005033 
0.096677 0.731403 0.162846 0.004837 0.004236 
0.095912 0.732260 0.163849 0.004737 0.003243 
0.101884 0.717687 0.167305 0.007234 0.005890 
0.102083 0.715824 0.169086 0.007607 0.005400 
0.099105 0.724908 0.166672 0.006099 0.003216 
0.102187 0.716549 0.169257 0.007615 0.004392 
0.100538 0.721057 0.167881 0.006783 0.003740 
0.102641 0.716948 0.168048 0.007561 0.004802 
0.100215 0.721524 0.165287 0.006728 0.006245 
0.097206 0.725333 0.168734 0.006113 0.002614 
0.094820 0.716420 0.181538 0.006554 0.000669 
0.082970 0.673037 0.001284 0.229634 0.013074 
0.081707 0.676085 0.001006 0.228921 0.012281 
0.090180 0.660814 0.002280 0.229847 0.016879 
0.087041 0.671989 0.001391 0.225059 0.014520 
0.077449 0.700109 0.000317 0.212841 0.009283 
0.065214 0.715041 0.000131 0.213085 0.006529 
0.102641 0.716948 0.168048 0.007561 0.004802 
0.110077 0.696586 0.182325 0.008203 0.002810 
0.109917 0.697026 0.182061 0.008191 0.002806 
0.108052 0.701971 0.180452 0.007278 0.002247 
0.093789 0.705329 0.193743 0.007019 0.000120 
0.091759 0.672391 0.001193 0.220871 0.013786 
0.091759 0.672391 0.001193 0.220871 0.013786 
0.088803 0.701119 0.000028 0.201986 0.008064 
0.086953 0.687302 0.000745 0.212916 0.012084 
0.087666 0.710247 0.000000 0.194987 0.007099 
0.102670 0.711270 0.178220 0.006457 0.001383 
0.089725 0.710754 0.192519 0.006975 0.000027 
0.086252 0.698792 0.000233 0.205042 0.009681 
0.099144 0.716304 0.177077 0.006415 0.001059 
0.094772 0.711254 0.186885 0.006771 0.000317 
0.100945 0.716121 0.175225 0.006348 0.001360 
0.079627 0.119372 0.028898 0.324620 0.447482 
0.067683 0.101005 0.029993 0.321580 0.479738 
0.079851 0.119163 0.033101 0.371825 0.396060 
0.104834 0.151385 0.030737 0.345270 0.367774 
0.064320 0.121801 0.040590 0.355950 0.417340 
0.082779 0.138511 0.024618 0.325777 0.428315 
0.084641 0.155571 0.032563 0.371111 0.356114 
0.071100 0.135352 0.045740 0.401119 0.346688 
0.049913 0.103252 0.044763 0.375813 0.426259 
0.043748 0.099087 0.052543 0.438614 0.366007 
0.066382 0.135380 0.054270 0.475919 0.268050 
0.096599 0.177550 0.037111 0.423363 0.265377 
0.130091 0.238038 0.028341 0.483488 0.120041 
0.089823 0.183469 0.045868 0.558048 0.122793 
0.115531 0.105799 0.042343 0.591878 0.144450 
0.077055 0.069373 0.057662 0.647727 0.148182 
0.088659 0.136213 0.026532 0.316577 0.432019 
0.097767 0.163486 0.027244 0.360593 0.350910 
0.063081 0.084499 0.056942 0.450678 0.344800 
0.074869 0.100289 0.040184 0.451394 0.333263 
0.061327 0.088041 0.035200 0.377314 0.438118 
0.051980 0.074621 0.046022 0.392522 0.434856 
0.189974 0.246144 0.028539 0.398934 0.136409 
0.159604 0.179665 0.035643 0.498229 0.126859 
0.162408 0.256431 0.023979 0.413707 0.143475 
0.042992 0.060449 0.061540 0.483667 0.351351 
0.033050 0.055420 0.062731 0.523655 0.325143 
0.040845 0.064266 0.077526 0.647160 0.170203 
0.058828 0.052963 0.084268 0.614165 0.189777 
0.118059 0.196998 0.022543 0.392499 0.269902 
0.102632 0.145509 0.029326 0.418457 0.304075 
0.126409 0.182471 0.025578 0.364976 0.300566 
0.036687 0.094183 0.062673 0.523170 0.283288 
0.036617 0.051485 0.052414 0.445168 0.414317 
0.035492 0.050959 0.036493 0.286809 0.590247 
0.034013 0.051004 0.044873 0.352675 0.517435 
0.044899 0.064457 0.039753 0.339055 0.511836 
0.039062 0.056076 0.027204 0.272569 0.605089 
0.039130 0.058677 0.051624 0.405732 0.444837 
0.032986 0.067250 0.044668 0.379376 0.475720 
0.062968 0.094758 0.024941 0.267414 0.549920 
0.052751 0.079057 0.023937 0.272075 0.572180 
0.066846 0.105100 0.024260 0.272514 0.531280 
0.048005 0.118677 0.074496 0.627907 0.130915 
0.063936 0.106983 0.032387 0.295599 0.501094 
0.070824 0.108812 0.021195 0.271085 0.528084 
0.051010 0.073229 0.029278 0.332782 0.513702 
0.041229 0.059188 0.023664 0.268974 0.606945 
0.028256 0.060221 0.037277 0.314482 0.559765 
0.042541 0.088360 0.036740 0.315846 0.516513 
0.031410 0.051457 0.032295 0.270812 0.614027 
0.043852 0.078912 0.031739 0.268499 0.576998 
0.056428 0.086983 0.022954 0.256132 0.577504 
0.057345 0.091464 0.020681 0.240979 0.589531 
0.059459 0.093486 0.022670 0.246025 0.578359 
0.032497 0.046652 0.027192 0.244464 0.649195 
0.034154 0.049031 0.023786 0.238324 0.654704 
0.037206 0.053545 0.021355 0.242728 0.645166 
0.028630 0.041101 0.023146 0.212931 0.694191 
0.028668 0.045272 0.023988 0.227946 0.674126 
0.043699 0.069461 0.019997 0.222524 0.644320 
0.044832 0.071111 0.021094 0.223195 0.639767 
0.044517 0.069760 0.026050 0.228358 0.631314 
0.040412 0.064858 0.023138 0.221364 0.650228 
0.048450 0.075923 0.020700 0.229934 0.624992 
0.044517 0.069760 0.026050 0.228358 0.631314 
0.037451 0.062231 0.024232 0.225826 0.650260 
0.034951 0.058824 0.023475 0.223063 0.659687 
0.028078 0.048401 0.023495 0.223256 0.676770 
0.029529 0.051668 0.023375 0.222115 0.673313 
0.034951 0.058824 0.023475 0.223063 0.659687 
0.028549 0.049214 0.023889 0.227005 0.671343 
0.041089 0.065313 0.022677 0.220643 0.650279 
0.042775 0.067445 0.018692 0.215489 0.655599 
0.042215 0.068196 0.028150 0.236054 0.625385 
0.051097 0.081499 0.018428 0.234830 0.614145 
0.047805 0.075989 0.018227 0.219827 0.638152 
0.046544 0.073388 0.018265 0.214025 0.647778 
0.043175 0.068450 0.017452 0.200228 0.670694 
0.050161 0.079049 0.019685 0.221706 0.629399 
0.045391 0.071962 0.018348 0.208546 0.655753 
0.042592 0.067563 0.017934 0.200094 0.671818 
0.047239 0.071405 0.019171 0.217902 0.644283 
0.044254 0.066892 0.017959 0.204130 0.666765 
0.051217 0.077074 0.020287 0.228486 0.622937 
0.053705 0.084439 0.020476 0.232149 0.609230 
0.042794 0.064704 0.018068 0.201589 0.672844 
0.034362 0.056090 0.022402 0.215270 0.671876 
0.035743 0.057525 0.021197 0.209524 0.676011 
0.034619 0.058264 0.023251 0.220941 0.662925 
0.028415 0.041466 0.022972 0.218179 0.688968 
0.028374 0.042836 0.022939 0.217867 0.687984 
0.028630 0.041101 0.023146 0.212931 0.694191 
0.028630 0.041101 0.023146 0.212931 0.694191 
0.028339 0.044029 0.022910 0.217595 0.687126 
0.028454 0.050275 0.022643 0.219519 0.679109 
0.056038 0.084330 0.022196 0.249456 0.587979 
0.047835 0.071690 0.021706 0.246720 0.612048 
0.043639 0.065402 0.019802 0.225079 0.646078 
0.041050 0.061521 0.018627 0.211725 0.667077 
0.034889 0.053775 0.022287 0.223307 0.665742 
0.030864 0.044308 0.021495 0.215366 0.687968 
0.029566 0.042445 0.020591 0.209456 0.697942 
0.031423 0.049007 0.021310 0.213510 0.684749 
0.029429 0.042249 0.020920 0.209976 0.697427 
0.030826 0.047864 0.020443 0.207949 0.692919 
0.038785 0.058127 0.018283 0.203980 0.680825 
0.031283 0.048375 0.020740 0.208171 0.691431 
0.028746 0.044952 0.022935 0.215486 0.687880 
0.037194 0.056781 0.018776 0.202943 0.684306 
0.035363 0.053369 0.020220 0.205682 0.685366 
0.038125 0.057138 0.017971 0.200510 0.686256 
0.049609 0.134434 0.814004 0.001948 0.000005 
0.048381 0.204639 0.736311 0.000744 0.009925 
0.050887 0.171179 0.774450 0.000783 0.002701 
0.065069 0.001913 0.115940 0.809749 0.007330 
0.030296 0.000238 0.158483 0.804394 0.006589 
0.056861 0.005918 0.125570 0.791570 0.020082 
0.050717 0.007228 0.135381 0.785298 0.021376 
0.041524 0.004637 0.169208 0.768315 0.016316 
0.020898 0.225088 0.741923 0.004038 0.008053 
0.020865 0.223715 0.750159 0.004032 0.001229 
0.047843 0.006979 0.134336 0.790402 0.020440 
0.052189 0.007613 0.107991 0.809909 0.022297 
0.052189 0.007613 0.107991 0.809909 0.022297 
0.054502 0.011981 0.145959 0.760381 0.027177 
0.046248 0.001832 0.114349 0.825053 0.012518 
0.058876 0.006127 0.096694 0.817509 0.020794 
0.067628 0.001207 0.322684 0.575578 0.032903 
0.073035 0.001303 0.268533 0.621596 0.035534 
0.052966 0.243968 0.682052 0.000015 0.021000 
0.049512 0.293264 0.637580 0.000014 0.019631 
0.074103 0.002592 0.096762 0.823529 0.003014 
0.096447 0.003893 0.185584 0.698218 0.015858 
0.060066 0.006251 0.078434 0.834035 0.021214 
0.055054 0.000935 0.331614 0.558631 0.053766 
0.020564 0.291210 0.665591 0.002459 0.020177 
0.037536 0.324414 0.598798 0.002212 0.037039 
0.077316 0.001637 0.363736 0.481451 0.075860 
0.058876 0.006127 0.096694 0.817509 0.020794 
0.053486 0.173640 0.770214 0.000017 0.002643 
0.065069 0.001913 0.115940 0.809749 0.007330 
0.024770 0.000270 0.188590 0.780064 0.006305 
0.036205 0.281906 0.644325 0.002380 0.035184 
0.047185 0.318176 0.607615 0.000013 0.027010 
0.047185 0.318176 0.607615 0.000013 0.027010 
0.049512 0.293264 0.637580 0.000014 0.019631 
0.049840 0.288586 0.641799 0.000014 0.019761 
0.041824 0.333009 0.584859 0.000012 0.040296 
0.034999 0.279243 0.649871 0.002168 0.033719 
0.046874 0.177618 0.769138 0.001840 0.004529 
0.048023 0.209164 0.730858 0.000739 0.011216 
0.047509 0.136668 0.811891 0.003759 0.000173 
0.010100 0.208190 0.778140 0.002875 0.000696 
0.096364 0.002674 0.336811 0.479616 0.084535 
0.042238 0.001501 0.158326 0.786776 0.011158 
0.040823 0.000672 0.119531 0.829649 0.009325 
0.052966 0.243968 0.682052 0.000015 0.021000 
0.052894 0.244994 0.681127 0.000015 0.020971 
0.040881 0.275670 0.659536 0.000511 0.023402 
0.024111 0.219939 0.744395 0.004143 0.007411 
0.040881 0.275670 0.659536 0.000511 0.023402 
0.028646 0.212825 0.750537 0.004608 0.003384 
0.034891 0.000099 0.156478 0.802068 0.006463 
0.046711 0.142966 0.805513 0.004206 0.000604 
0.045545 0.168724 0.778324 0.003604 0.003803 
0.047763 0.312545 0.615063 0.000013 0.024615 
0.050353 0.281261 0.648408 0.000014 0.019964 
0.052894 0.244994 0.681127 0.000015 0.020971 
0.048579 0.304467 0.625566 0.000014 0.021375 
0.039585 0.272029 0.664237 0.004093 0.020057 
0.039614 0.166556 0.788469 0.004987 0.000373 
0.039829 0.162046 0.792735 0.005014 0.000375 
0.034024 0.175813 0.785177 0.004967 0.000019 
0.033353 0.191560 0.769677 0.004868 0.000542 
0.034554 0.162997 0.797386 0.005044 0.000020 
0.034024 0.175813 0.785177 0.004967 0.000019 
0.029156 0.212231 0.750767 0.004626 0.003221 
0.031685 0.214105 0.746126 0.004625 0.003459 
0.027881 0.240620 0.717951 0.004424 0.009125 
0.029041 0.240333 0.717095 0.004418 0.009114 
0.031685 0.214105 0.746126 0.004625 0.003459 
0.027881 0.240620 0.717951 0.004424 0.009125 
0.033353 0.191560 0.769677 0.004869 0.000542 
0.038611 0.186983 0.768502 0.004861 0.001043 
0.029156 0.212231 0.750766 0.004626 0.003221 
0.046444 0.147468 0.800914 0.004182 0.000992 
0.046416 0.147942 0.800425 0.004180 0.001038 
0.046416 0.147942 0.800424 0.004180 0.001038 
0.045468 0.163298 0.784081 0.004094 0.003059 
0.045545 0.168724 0.778324 0.003604 0.003803 
0.045545 0.168724 0.778324 0.003604 0.003803 
0.045047 0.176292 0.769811 0.003565 0.005285 
0.046522 0.182717 0.763363 0.001827 0.005571 
0.046522 0.182717 0.763363 0.001827 0.005571 
0.046814 0.178497 0.768149 0.001838 0.004702 
0.045545 0.168724 0.778324 0.003604 0.003803 
0.046522 0.182717 0.763363 0.001827 0.005571 
0.036612 0.226792 0.725677 0.004565 0.006354 
0.044226 0.219476 0.725690 0.001736 0.008871 
0.031685 0.214105 0.746126 0.004625 0.003459 
0.042967 0.269293 0.665051 0.003784 0.018905 
0.038727 0.261017 0.680076 0.004190 0.015990 
0.048674 0.297624 0.634209 0.000014 0.019480 
0.045169 0.276191 0.659061 0.001502 0.018077 
0.035117 0.254414 0.692650 0.004268 0.013551 
0.029437 0.240235 0.716802 0.004416 0.009110 
0.046874 0.177618 0.769138 0.001840 0.004529 
0.048023 0.209164 0.730858 0.000739 0.011216 
0.048023 0.209164 0.730858 0.000739 0.011216 
0.048023 0.209164 0.730858 0.000739 0.011216 
0.045911 0.243940 0.698719 0.000706 0.010723 
0.050353 0.281261 0.648408 0.000014 0.019964 
0.050353 0.281261 0.648408 0.000014 0.019964 
0.045014 0.255632 0.685064 0.000692 0.013598 
0.050262 0.282555 0.647240 0.000014 0.019928 
0.045011 0.255671 0.685015 0.000692 0.013611 
0.048023 0.209164 0.730858 0.000739 0.011216 
0.045580 0.248858 0.693683 0.000701 0.011177 
0.041257 0.263519 0.679434 0.001846 0.013944 
0.045476 0.197430 0.746187 0.001786 0.009122 
0.046920 0.227321 0.714079 0.000722 0.010959 
0.048023 0.209164 0.730858 0.000739 0.011216 
0.111056 0.003082 0.270974 0.552738 0.062150 
0.045098 0.027863 0.267800 0.153366 0.505873 
0.042713 0.033245 0.274063 0.143847 0.506132 
0.047063 0.036631 0.301971 0.158494 0.455842 
0.050953 0.031122 0.293547 0.173276 0.451102 
0.039125 0.015549 0.305927 0.149868 0.489531 
0.042683 0.017285 0.280917 0.160630 0.498485 
0.047979 0.019067 0.311000 0.183783 0.438170 
0.040993 0.016876 0.341025 0.174471 0.426635 
0.030529 0.028574 0.333118 0.135530 0.472248 
0.030693 0.030042 0.371058 0.151248 0.416958 
0.044815 0.019824 0.385821 0.200024 0.349516 
0.050673 0.020138 0.354139 0.216984 0.358066 
0.061822 0.021928 0.411679 0.272560 0.232011 
0.038830 0.017518 0.455667 0.242313 0.245672 
0.074253 0.107294 0.489172 0.113648 0.215633 
0.086842 0.108361 0.466878 0.132916 0.205004 
0.060939 0.077156 0.434139 0.146232 0.281535 
0.061045 0.080612 0.453678 0.124778 0.279888 
0.047636 0.025025 0.265012 0.167979 0.494349 
0.052954 0.021044 0.294597 0.186732 0.444673 
0.046411 0.059103 0.383707 0.118677 0.392102 
0.053300 0.054754 0.361013 0.136293 0.394640 
0.045544 0.046824 0.319946 0.135651 0.452035 
0.044071 0.047782 0.342589 0.112694 0.452865 
0.089234 0.095658 0.451227 0.161928 0.201954 
0.101679 0.071229 0.422945 0.206723 0.197423 
0.074481 0.045548 0.396056 0.221217 0.262698 
0.070422 0.062242 0.411808 0.174397 0.281132 
0.076508 0.027137 0.377948 0.257659 0.260748 
0.046827 0.063170 0.409242 0.108299 0.372462 
0.031089 0.053160 0.409966 0.131644 0.374140 
0.032898 0.066320 0.496261 0.144677 0.259845 
0.052230 0.081525 0.479450 0.122646 0.264150 
0.059586 0.023680 0.331495 0.210120 0.375119 
0.054397 0.047864 0.337884 0.163604 0.396251 
0.057150 0.034908 0.329252 0.192467 0.386223 
0.025286 0.033413 0.412696 0.163352 0.365252 
0.023706 0.040746 0.367239 0.128086 0.440223 
0.032020 0.034783 0.289664 0.094334 0.549199 
0.037608 0.042051 0.333893 0.099463 0.486985 
0.038313 0.041619 0.307180 0.112872 0.500017 
0.032760 0.035626 0.267278 0.099144 0.565192 
0.039298 0.050737 0.367604 0.108175 0.434186 
0.027927 0.037178 0.330761 0.115363 0.488771 
0.038480 0.023794 0.229027 0.130861 0.577838 
0.036132 0.028945 0.250914 0.121683 0.562325 
0.040267 0.022206 0.230670 0.141996 0.564861 
0.017963 0.034483 0.503785 0.198937 0.244833 
0.034280 0.014034 0.264514 0.129008 0.558164 
0.037729 0.019821 0.250036 0.138488 0.553926 
0.038643 0.038586 0.289999 0.130141 0.502631 
0.032815 0.032767 0.266776 0.110513 0.557129 
0.029975 0.033575 0.287795 0.100377 0.548279 
0.030685 0.022119 0.288965 0.117538 0.540693 
0.026757 0.029641 0.258622 0.089630 0.595350 
0.027917 0.018505 0.256886 0.105063 0.591629 
0.031676 0.016641 0.241186 0.116953 0.593544 
0.034623 0.018741 0.229447 0.127084 0.590106 
0.036074 0.019893 0.209336 0.127209 0.607488 
0.028230 0.030697 0.259692 0.085278 0.596104 
0.028163 0.030707 0.239368 0.090738 0.611023 
0.029717 0.029673 0.241591 0.100080 0.598938 
0.023477 0.025598 0.229845 0.075640 0.645440 
0.022981 0.025227 0.242203 0.084930 0.624659 
0.028768 0.015572 0.218043 0.105593 0.632025 
0.029511 0.015974 0.221897 0.108322 0.624295 
0.027770 0.014683 0.225780 0.102530 0.629237 
0.027722 0.015006 0.223621 0.101755 0.631896 
0.029408 0.015449 0.228670 0.108577 0.617896 
0.028153 0.014790 0.228898 0.103946 0.624212 
0.026196 0.016623 0.238267 0.096810 0.622103 
0.026084 0.015181 0.231974 0.096306 0.630455 
0.024660 0.019443 0.234940 0.091132 0.629826 
0.024642 0.019498 0.235015 0.091068 0.629777 
0.026084 0.015181 0.231974 0.096306 0.630455 
0.024660 0.019443 0.234940 0.091132 0.629826 
0.027713 0.015001 0.223671 0.101721 0.631895 
0.028299 0.015318 0.220529 0.103873 0.631981 
0.026615 0.016889 0.242076 0.098357 0.616063 
0.031893 0.017263 0.226660 0.117065 0.607119 
0.030819 0.016682 0.219024 0.113121 0.620354 
0.029697 0.016075 0.213175 0.109004 0.632050 
0.028072 0.016730 0.205730 0.103041 0.646426 
0.031411 0.017322 0.212366 0.110766 0.628135 
0.030340 0.016731 0.205260 0.106990 0.640678 
0.028185 0.017378 0.205001 0.099388 0.650049 
0.030944 0.019134 0.199947 0.105442 0.644532 
0.029043 0.017959 0.204280 0.099490 0.649229 
0.032438 0.020058 0.208151 0.110312 0.629041 
0.033532 0.018491 0.209883 0.118244 0.619850 
0.028187 0.018166 0.207697 0.096557 0.649393 
0.026303 0.016554 0.227301 0.096547 0.633295 
0.026301 0.019484 0.219252 0.092305 0.642658 
0.026084 0.015181 0.231974 0.096306 0.630455 
0.023618 0.022933 0.239451 0.087283 0.626715 
0.023618 0.022933 0.239451 0.087283 0.626715 
0.024114 0.026294 0.234534 0.080108 0.634950 
0.023690 0.023673 0.234209 0.083959 0.634469 
0.024497 0.020237 0.236571 0.087822 0.630873 
0.024817 0.018950 0.234285 0.091629 0.630319 
0.034330 0.021228 0.218880 0.116747 0.608815 
0.032279 0.025858 0.238488 0.108706 0.594669 
0.029750 0.023833 0.219808 0.100191 0.626418 
0.028806 0.022024 0.209610 0.097962 0.641598 
0.026776 0.024691 0.221066 0.090175 0.637292 
0.025460 0.027759 0.232381 0.082027 0.632373 
0.024500 0.026715 0.223849 0.079830 0.645106 
0.025629 0.022511 0.224313 0.087157 0.640390 
0.024205 0.024187 0.220885 0.082477 0.648246 
0.025419 0.020151 0.215490 0.086615 0.652325 
0.027517 0.020385 0.211507 0.093764 0.646827 
0.025793 0.019107 0.215858 0.087890 0.651352 
0.025388 0.018807 0.228176 0.086509 0.641120 
0.026675 0.019761 0.210163 0.091619 0.651783 
0.026376 0.019539 0.210417 0.089875 0.653793 
0.027091 0.020069 0.208233 0.092313 0.652294 
0.052173 0.090403 0.531664 0.117899 0.207861 
0.259654 0.034432 0.100430 0.033497 0.571987 
0.313260 0.036658 0.068912 0.027964 0.553206 
0.277484 0.004426 0.005603 0.001228 0.711259 
0.332099 0.021113 0.023542 0.013117 0.610129 
0.216201 0.001684 0.000887 0.005269 0.775959 
0.000039 0.141657 0.000085 0.027279 0.830940 
0.181296 0.001738 0.000133 0.013342 0.803492 
0.345270 0.029415 0.047893 0.020247 0.557175 
0.215306 0.016567 0.088090 0.018525 0.661512 
0.163227 0.003023 0.052878 0.003928 0.776945 
0.222442 0.022466 0.078465 0.021720 0.654907 
0.175129 0.006960 0.047979 0.006531 0.763401 
0.156223 0.000553 0.000007 0.022557 0.820659 
0.191903 0.001495 0.000787 0.011949 0.793866 
0.222215 0.000481 0.000924 0.002931 0.773449 
0.267938 0.030168 0.085271 0.023919 0.592704 
0.307289 0.028622 0.059289 0.020687 0.584114 
0.329066 0.028034 0.045646 0.019297 0.577957 
0.247023 0.023008 0.064671 0.016630 0.648669 
0.222828 0.022345 0.078040 0.021603 0.655185 
0.167844 0.003335 0.040077 0.003025 0.785719 
0.159145 0.001875 0.035058 0.001642 0.802280 
0.180167 0.006124 0.047691 0.005709 0.760309 
0.180167 0.006124 0.047691 0.005709 0.760309 
0.147568 0.000578 0.028830 0.000451 0.822572 
0.180167 0.006124 0.047691 0.005709 0.760309 
0.191544 0.009908 0.055881 0.009390 0.733277 
0.191544 0.009908 0.055881 0.009390 0.733277 
0.203789 0.013945 0.063656 0.013341 0.705270 
0.203788 0.013945 0.063656 0.013341 0.705270 
0.191544 0.009908 0.055881 0.009390 0.733277 
0.180167 0.006124 0.047691 0.005709 0.760309 
0.191544 0.009908 0.055881 0.009390 0.733277 
0.181048 0.004548 0.043334 0.004189 0.766880 
0.191544 0.009908 0.055881 0.009390 0.733277 
0.180159 0.001134 0.000749 0.017407 0.800551 
0.174002 0.000362 0.000330 0.022088 0.803219 
0.166902 0.000319 0.027669 0.000225 0.804886 
0.209254 0.005856 0.032717 0.002433 0.749741 
0.194418 0.000037 0.000848 0.007012 0.797684 
0.193348 0.000970 0.014781 0.000004 0.790898 
0.232832 0.008667 0.032146 0.004263 0.722093 
0.241193 0.006200 0.017902 0.002438 0.732268 
0.231501 0.007592 0.030396 0.003481 0.727029 
0.257593 0.004552 0.011342 0.001378 0.725135 
0.210788 0.000288 0.000877 0.004584 0.783462 
0.247103 0.012558 0.038922 0.007152 0.694264 
0.208667 0.008721 0.052851 0.008237 0.721524 
0.237667 0.014596 0.043981 0.008955 0.694800 
0.222405 0.020852 0.075278 0.020135 0.661331 
0.203788 0.013945 0.063656 0.013341 0.705270 
0.216591 0.018022 0.070640 0.017348 0.677400 
0.250981 0.023377 0.060949 0.016896 0.647798 
0.242031 0.022543 0.063921 0.016294 0.655211 
0.211741 0.015842 0.066898 0.015204 0.690314 
0.203788 0.013945 0.063656 0.013341 0.705270 
0.259055 0.004578 0.005730 0.001386 0.729251 
0.311717 0.019817 0.022097 0.012312 0.634056 
0.295333 0.018776 0.031443 0.011665 0.642784 
0.291270 0.018517 0.036147 0.011505 0.642561 
0.299035 0.027853 0.057696 0.020131 0.595285 
0.284158 0.026467 0.068266 0.019130 0.601979 
0.265143 0.024696 0.063698 0.017849 0.628614 
0.283998 0.026452 0.068228 0.019119 0.602204 
0.265143 0.024696 0.063698 0.017849 0.628614 
0.265143 0.024696 0.063698 0.017849 0.628614 
0.267922 0.017033 0.046739 0.010582 0.657724 
0.260540 0.024203 0.062516 0.017481 0.635261 
0.238483 0.022154 0.061743 0.016001 0.661619 
0.252168 0.015766 0.047031 0.009736 0.675298 
0.263383 0.019817 0.056585 0.013633 0.646582 
0.260926 0.016588 0.045518 0.010306 0.666662 
0.108894 0.149260 0.457053 0.112911 0.171883 
0.133016 0.140690 0.426391 0.142571 0.157332 
0.148438 0.183054 0.452477 0.104820 0.111211 
0.173893 0.258737 0.427487 0.065962 0.073921 
0.094030 0.336998 0.491683 0.028531 0.048759 
0.231480 0.239719 0.387674 0.089923 0.051204 
0.194760 0.157869 0.422775 0.137530 0.087066 
0.167998 0.094774 0.392246 0.205055 0.139927 
0.302381 0.300750 0.332803 0.058611 0.005456 
0.000125 0.172673 0.271150 0.437252 0.118800 
0.005240 0.202982 0.292473 0.378653 0.120652 
0.138479 0.204816 0.487126 0.169566 0.000012 
0.117038 0.229226 0.492073 0.156594 0.005069 
0.023492 0.214589 0.207164 0.369621 0.185133 
0.006106 0.166927 0.223052 0.420021 0.183893 
0.020565 0.260720 0.268851 0.328039 0.121826 
0.046075 0.311211 0.235521 0.281616 0.125577 
0.094956 0.358632 0.166422 0.243424 0.136566 
0.111101 0.354441 0.149105 0.233545 0.151807 
0.105673 0.337122 0.151214 0.247280 0.158711 
0.091576 0.315415 0.167956 0.264543 0.160510 
0.074397 0.284673 0.185194 0.286003 0.169733 
0.114943 0.260302 0.483147 0.133485 0.008122 
0.130674 0.263137 0.469054 0.131263 0.005871 
0.149175 0.272159 0.454484 0.122423 0.001759 
0.047886 0.257545 0.195509 0.320557 0.178502 
0.108861 0.243143 0.489337 0.150373 0.008286 
0.108164 0.254688 0.488253 0.138826 0.010069 
0.064264 0.367395 0.197152 0.253516 0.117674 
0.021897 0.216675 0.229867 0.366110 0.165451 
0.004358 0.179880 0.244175 0.413080 0.158507 
0.021204 0.236409 0.251808 0.350026 0.140554 
0.049060 0.280583 0.227050 0.300124 0.143184 
0.079977 0.315755 0.182036 0.270563 0.151670 
0.065518 0.300938 0.195998 0.284123 0.153423 
0.144302 0.227204 0.477768 0.150638 0.000089 
0.045666 0.259733 0.215029 0.317863 0.161709 
0.004014 0.183731 0.270348 0.404650 0.137257 
0.064124 0.328092 0.200113 0.271327 0.136344 
0.082111 0.331691 0.182995 0.261080 0.142124 
0.119269 0.253222 0.483454 0.135183 0.008872 
0.114834 0.249443 0.484811 0.142924 0.007989 
0.001440 0.087169 0.601793 0.019058 0.290540 
0.157176 0.271274 0.000172 0.021760 0.549619 
0.156754 0.245815 0.464433 0.132982 0.000015 
0.119224 0.243446 0.486696 0.144434 0.006199 
0.129925 0.238402 0.483227 0.145085 0.003361 
0.137007 0.253610 0.473528 0.133466 0.002390 
0.126345 0.250962 0.478940 0.138052 0.005701 
0.338242 0.062206 0.265173 0.031611 0.302768 
0.306580 0.036871 0.096138 0.134527 0.425885 
0.062993 0.697414 0.093182 0.051512 0.094899 
0.003477 0.429322 0.007140 0.278416 0.281645 
0.051415 0.032053 0.282528 0.339345 0.294660 
0.078743 0.030257 0.021893 0.251945 0.617161 
0.203846 0.032988 0.006901 0.236689 0.519576 
0.130933 0.000053 0.572908 0.121505 0.174601 
0.035423 0.009678 0.328955 0.275238 0.350706 
0.034921 0.228005 0.013072 0.480240 0.243762 
0.091812 0.000019 0.043864 0.271014 0.593291 
0.001870 0.006343 0.007206 0.750050 0.234531 
0.193129 0.000131 0.093160 0.422166 0.291414 
0.000722 0.136219 0.237846 0.151394 0.473818 
0.163526 0.397918 0.004209 0.364437 0.069910 
0.346713 0.155487 0.086818 0.349837 0.061144 
0.000235 0.142270 0.122622 0.069004 0.665869 
0.012283 0.021923 0.320807 0.000715 0.644273 
0.285391 0.002425 0.593584 0.097424 0.021175 
0.067012 0.003934 0.012615 0.355149 0.561290 
0.034366 0.324727 0.142140 0.011832 0.486936 
0.256172 0.002176 0.452933 0.287411 0.001307 
0.013664 0.000032 0.237624 0.434037 0.314642 
0.449343 0.038639 0.002509 0.142085 0.367424 
0.395797 0.135819 0.000232 0.007859 0.460293 
0.273550 0.400327 0.009011 0.101863 0.215249 
0.334537 0.100375 0.233988 0.204951 0.126148 
0.000984 0.001328 0.298501 0.465988 0.233199 
0.200122 0.115150 0.000082 0.094648 0.589999 
0.105610 0.124721 0.062061 0.546993 0.160614 
0.184319 0.077010 0.225235 0.263673 0.249763 
0.006359 0.380581 0.280129 0.286157 0.046773 
0.081182 0.001214 0.874069 0.030596 0.012938 
0.032192 0.074653 0.292278 0.211136 0.389741 
0.004967 0.017873 0.374744 0.299143 0.303273 
0.008484 0.199591 0.003441 0.126142 0.662341 
0.123317 0.067185 0.089948 0.052716 0.666834 
0.004838 0.397480 0.056270 0.146099 0.395313 
0.556126 0.077438 0.004135 0.123231 0.239069 
0.773488 0.067686 0.008632 0.023911 0.126283 
0.252614 0.010916 0.272447 0.361046 0.102977 
0.564252 0.024382 0.141430 0.264225 0.005711 
0.033093 0.000002 0.236882 0.453597 0.276426 
0.134849 0.008424 0.318867 0.343941 0.193919 
0.002089 0.107283 0.537589 0.344911 0.008129 
0.032057 0.445823 0.004438 0.033953 0.483729 
0.002127 0.190043 0.010472 0.167363 0.629994 
0.003679 0.337826 0.097363 0.176371 0.384761 
0.003694 0.659216 0.028023 0.009332 0.299735 
0.001140 0.029661 0.079771 0.685777 0.203650 
0.035570 0.053730 0.147094 0.588113 0.175492 
0.001755 0.068200 0.602445 0.297956 0.029645 
0.020350 0.029899 0.648928 0.142590 0.158232 
0.059439 0.874186 0.003262 0.000413 0.062701 
0.077173 0.013373 0.032986 0.718525 0.157942 
0.026992 0.008020 0.716485 0.178300 0.070202 
0.000112 0.040697 0.679784 0.195667 0.083740 
0.052359 0.305719 0.005463 0.303455 0.333004 
0.092140 0.128349 0.099771 0.518959 0.160782 
0.368367 0.042586 0.000758 0.254422 0.333867 
0.049420 0.093079 0.251387 0.566149 0.039966 
0.001290 0.150708 0.034153 0.468324 0.345525 
0.007252 0.471978 0.193127 0.175917 0.151727 
0.006473 0.251961 0.178520 0.562948 0.000097 
0.148332 0.107047 0.032593 0.521568 0.190460 
0.062397 0.181570 0.333330 0.370164 0.052539 
0.026056 0.222854 0.152951 0.334698 0.263440 
0.204727 0.137844 0.001771 0.095225 0.560434 
0.090456 0.010951 0.854623 0.033430 0.010540 
0.004989 0.771413 0.029752 0.193666 0.000180 
0.002222 0.561341 0.028742 0.102219 0.305476 
0.002084 0.404326 0.081324 0.178884 0.333382 
0.041765 0.238886 0.043041 0.485836 0.190473 
0.049445 0.389214 0.015046 0.358601 0.187695 
0.001083 0.872555 0.122740 0.000029 0.003593 
0.053490 0.105699 0.494293 0.342650 0.003868 
0.103628 0.132269 0.023011 0.283029 0.458062 
0.083124 0.064061 0.035113 0.137049 0.680654 
0.157190 0.004366 0.037950 0.116516 0.683978 
0.341459 0.116290 0.081859 0.089397 0.370995 
0.552936 0.203427 0.019265 0.036126 0.188246 
0.135889 0.123709 0.641875 0.000000 0.098526 
0.271285 0.260599 0.438226 0.024750 0.005140 
0.006876 0.043951 0.384853 0.502978 0.061341 
0.003221 0.216076 0.000006 0.746546 0.034152 
0.085326 0.038571 0.187639 0.621873 0.066592 
0.030952 0.373829 0.423359 0.170905 0.000954 
0.010668 0.650237 0.208474 0.130024 0.000597 
0.006614 0.029013 0.094390 0.866492 0.003491 
0.024990 0.001461 0.202454 0.048005 0.723090 
0.182541 0.020268 0.001248 0.028265 0.767679 
0.102077 0.000886 0.176906 0.016946 0.703185 
0.024742 0.232640 0.010525 0.229717 0.502376 
0.002179 0.035709 0.566603 0.152700 0.242810 
0.000093 0.303888 0.007186 0.131673 0.557160 
0.000031 0.076549 0.439610 0.430999 0.052811 
0.054251 0.332525 0.231933 0.183667 0.197625 
0.000866 0.458759 0.011473 0.528274 0.000627 
0.000754 0.589212 0.057107 0.269390 0.083537 
0.316968 0.035463 0.004135 0.467675 0.175760 
0.079965 0.138974 0.055823 0.700754 0.024484 
0.073846 0.056786 0.334423 0.257837 0.277107 
0.141161 0.239232 0.189586 0.313065 0.116956 
0.048768 0.241101 0.000467 0.213479 0.496185 
0.001614 0.018754 0.241727 0.260772 0.477133 
0.072072 0.048742 0.014310 0.068306 0.796570 
0.009233 0.236222 0.007855 0.182131 0.564559 
0.092675 0.116000 0.111321 0.664828 0.015175 
0.001749 0.052622 0.000908 0.809029 0.135691 
0.258838 0.014250 0.000339 0.359450 0.367124 
0.131167 0.149616 0.705945 0.009287 0.003985 
0.036615 0.136236 0.491464 0.178962 0.156723 
0.000233 0.041618 0.309666 0.162169 0.486315 
0.015373 0.066781 0.059275 0.857002 0.001569 
0.051735 0.072823 0.254710 0.593035 0.027697 
0.018435 0.000005 0.185721 0.674634 0.121205 
0.238730 0.035963 0.080828 0.491709 0.152769 
0.227741 0.111441 0.000001 0.075481 0.585335 
0.030932 0.144354 0.015011 0.170276 0.639428 
0.031708 0.210660 0.009209 0.060863 0.687559 
0.102404 0.075243 0.003095 0.004090 0.815167 
0.024338 0.276154 0.019369 0.015399 0.664739 
0.000602 0.473332 0.005048 0.103941 0.417078 
0.000056 0.519390 0.068154 0.105658 0.306742 
0.004098 0.421842 0.306187 0.209199 0.058674 
0.053633 0.043479 0.132031 0.702723 0.068134 
0.116261 0.015141 0.006173 0.658139 0.204287 
0.302296 0.005026 0.000060 0.021346 0.671272 
0.367743 0.001699 0.009699 0.177672 0.443187 
0.044853 0.120468 0.666712 0.103633 0.064334 
0.139034 0.387092 0.366426 0.095728 0.011720 
0.149480 0.165466 0.374550 0.293074 0.017430 
0.000665 0.167049 0.654988 0.132937 0.044361 
0.062167 0.642236 0.059138 0.042548 0.193911 
0.532987 0.000134 0.001280 0.056789 0.408809 
0.291950 0.001967 0.008828 0.123294 0.573961 
0.135615 0.033715 0.044175 0.783728 0.002767 
0.006555 0.102517 0.008744 0.880818 0.001366 
0.035128 0.066775 0.071479 0.798028 0.028590 
0.239240 0.649487 0.046479 0.010052 0.054741 
0.121513 0.003427 0.822197 0.049598 0.003264 
0.223657 0.344561 0.243408 0.126966 0.061408 
0.139661 0.135523 0.180588 0.346309 0.197918 
0.013903 0.030573 0.028887 0.476011 0.450626 
0.271429 0.058618 0.011610 0.248859 0.409485 
0.361783 0.035503 0.026819 0.370412 0.205482 
0.135598 0.121015 0.014998 0.689119 0.039270 
0.155512 0.351650 0.180449 0.310846 0.001542 
0.005538 0.160974 0.191924 0.498573 0.142992 
0.029116 0.338964 0.042160 0.015051 0.574710 
0.028409 0.346144 0.175638 0.055011 0.394799 
0.010661 0.081864 0.057615 0.004667 0.845192 
0.108771 0.001928 0.025650 0.124540 0.739111 
0.002382 0.588314 0.068718 0.156018 0.184568 
0.001760 0.709030 0.079871 0.092613 0.116725 
0.648451 0.124365 0.004653 0.086575 0.135956 
0.454344 0.106614 0.051511 0.151795 0.235737 
0.352753 0.028352 0.018951 0.230144 0.369800 
0.338907 0.001214 0.343167 0.309474 0.007238 
0.454897 0.024479 0.001991 0.241013 0.277620 
0.221498 0.008423 0.002068 0.307633 0.460378 
0.167432 0.034327 0.473485 0.314574 0.010183 
0.239440 0.008611 0.476791 0.215017 0.060142 
0.080265 0.008540 0.699507 0.183426 0.028262 
0.146356 0.647980 0.114331 0.000236 0.091097 
0.048845 0.770013 0.087851 0.016114 0.077177 
0.037203 0.708887 0.066913 0.034936 0.152060 
0.038257 0.040276 0.375729 0.084427 0.461311 
0.021775 0.000261 0.597061 0.050213 0.330691 
0.032054 0.693650 0.025709 0.050690 0.197897 
0.002626 0.173614 0.656795 0.079096 0.087869 
0.061706 0.547727 0.247911 0.086823 0.055833 
0.666559 0.002629 0.180380 0.150428 0.000004 
0.000177 0.461325 0.310357 0.195103 0.033038 
0.060678 0.337966 0.337804 0.122398 0.141154 
0.085975 0.472564 0.211713 0.000626 0.229123 
0.010172 0.318985 0.340323 0.314949 0.015571 
0.154857 0.422192 0.283293 0.021964 0.117694 
0.080561 0.291369 0.004306 0.075898 0.547867 
0.042656 0.375732 0.018307 0.221157 0.342147 
0.332539 0.011067 0.000012 0.378529 0.277853 
0.238107 0.161073 0.079030 0.435672 0.086119 
0.046787 0.173174 0.055137 0.346012 0.378890 
0.113058 0.122682 0.057082 0.182979 0.524198 
0.162657 0.033253 0.013778 0.036142 0.754169 
0.013575 0.611814 0.055670 0.043994 0.274946 
0.025965 0.003256 0.669188 0.160706 0.140884 
0.040243 0.403540 0.027090 0.309274 0.219853 
0.369986 0.289081 0.192447 0.041614 0.106872 
0.017125 0.161261 0.230800 0.547640 0.043174 
0.019308 0.085491 0.015378 0.868129 0.011694 
0.029724 0.219362 0.539915 0.175147 0.035853 
0.016539 0.184380 0.036268 0.762722 0.000091 
0.053279 0.000041 0.405396 0.462519 0.078765 
0.171725 0.013133 0.534020 0.041287 0.239835 
0.016031 0.039258 0.705934 0.162486 0.076291 
0.075819 0.404691 0.053354 0.115697 0.350438 
0.197097 0.455281 0.187032 0.002533 0.158057 
0.203104 0.446064 0.076358 0.012817 0.261658 
0.376045 0.230806 0.059403 0.029748 0.303999 
0.460577 0.170925 0.001234 0.148442 0.218821 
0.131026 0.262770 0.008875 0.572877 0.024452 
0.224713 0.345049 0.008200 0.318489 0.103549 
0.329932 0.205456 0.032554 0.311815 0.120244 
0.197890 0.068633 0.045660 0.676885 0.010933 
0.042166 0.161975 0.041107 0.742861 0.011891 
0.067662 0.033648 0.152451 0.693865 0.052375 
0.096740 0.526014 0.283750 0.014223 0.079273 
0.090353 0.564619 0.156354 0.052505 0.136168 
0.074388 0.587025 0.059167 0.077759 0.201661 
0.023223 0.335791 0.002356 0.638557 0.000074 
0.091436 0.432446 0.448256 0.000009 0.027853 
0.017870 0.005021 0.000845 0.951216 0.025049 
0.122729 0.006795 0.784831 0.074232 0.011413 
0.232230 0.195706 0.153172 0.000407 0.418485 
0.259410 0.189938 0.111966 0.001086 0.437600 
0.426634 0.000009 0.333489 0.236109 0.003759 
0.590417 0.172441 0.000972 0.015971 0.220199 
0.009896 0.178317 0.369314 0.027334 0.415140 
0.263250 0.001284 0.036883 0.229543 0.469039 
0.163881 0.116495 0.044900 0.574046 0.100678 
0.154242 0.000199 0.059860 0.009316 0.776384 
0.271443 0.598742 0.115495 0.004583 0.009737 
0.306168 0.203890 0.004676 0.054064 0.431202 
0.050904 0.002234 0.083358 0.792896 0.070608 
0.406447 0.019401 0.402609 0.001662 0.169882 
0.138651 0.002748 0.520434 0.018150 0.320016 
0.372051 0.202698 0.074435 0.019272 0.331544 
0.141200 0.318588 0.089196 0.008268 0.442748 
0.001798 0.435018 0.148464 0.362595 0.052125 
0.422613 0.084825 0.317873 0.025461 0.149229 
0.486031 0.009953 0.055488 0.212111 0.236416 
0.388180 0.085348 0.068184 0.232627 0.225661 
0.101667 0.058365 0.647661 0.144777 0.047529 
0.108974 0.026396 0.428527 0.420948 0.015156 
0.000001 0.042285 0.120522 0.812877 0.024315 
0.180944 0.264009 0.050566 0.069729 0.434752 
0.051043 0.157066 0.390160 0.150655 0.251075 
0.049292 0.196436 0.000010 0.150996 0.603265 
0.279354 0.037438 0.344261 0.000223 0.338724 
0.217569 0.150141 0.165885 0.039655 0.426750 
0.243732 0.075800 0.165683 0.460164 0.054621 
0.310478 0.432743 0.111770 0.065143 0.079866 
0.056185 0.161077 0.001529 0.271872 0.509336 
0.000126 0.071987 0.361779 0.258995 0.307112 
0.466986 0.030744 0.469551 0.028015 0.004704 
0.094672 0.096551 0.121219 0.051030 0.636528 
0.122495 0.400346 0.476148 0.000193 0.000817 
0.004220 0.247794 0.342828 0.059941 0.345216 
0.139696 0.006440 0.022823 0.781190 0.049851 
0.115358 0.043274 0.003002 0.597995 0.240372 
0.051664 0.232407 0.086672 0.497899 0.131358 
0.016961 0.031871 0.154899 0.005677 0.790592 
0.001892 0.590900 0.185712 0.165812 0.055684 
0.204765 0.002299 0.514561 0.048104 0.230271 
0.069587 0.143788 0.009927 0.772075 0.004623 
0.275480 0.306407 0.137255 0.002002 0.278855 
0.010910 0.226076 0.631473 0.015036 0.116505 
0.016379 0.001286 0.561712 0.302177 0.118446 
0.068755 0.067747 0.015870 0.015387 0.832241 
0.020554 0.012230 0.035144 0.323393 0.608678 
0.000846 0.369414 0.035501 0.221701 0.372537 
0.001850 0.030229 0.064499 0.483651 0.419771 
0.031361 0.156801 0.011817 0.710183 0.089837 
0.063483 0.075618 0.416966 0.423544 0.020389 
0.082691 0.164329 0.359830 0.117294 0.275857 
0.267601 0.033413 0.157107 0.011634 0.530245 
0.361641 0.054362 0.374847 0.200248 0.008902 
0.087572 0.179426 0.360670 0.368610 0.003722 
0.217974 0.000044 0.189780 0.589579 0.002623 
0.002494 0.310254 0.054820 0.458494 0.173937 
0.001427 0.473031 0.459427 0.037345 0.028769 
0.082278 0.006442 0.282570 0.319413 0.309298 
0.331092 0.184110 0.281733 0.103850 0.099214 
0.039436 0.312553 0.187319 0.446872 0.013820 
0.033058 0.110814 0.198598 0.220089 0.437440 
0.567624 0.315638 0.012750 0.099963 0.004025 
0.116254 0.005434 0.095645 0.534296 0.248371 
0.000945 0.012442 0.077747 0.179621 0.729245 
0.269880 0.073024 0.409487 0.118667 0.128942 
0.026442 0.040768 0.181520 0.000472 0.750798 
0.000335 0.354267 0.177716 0.050000 0.417681 
0.110946 0.138048 0.001488 0.339515 0.410003 
0.148881 0.041875 0.015066 0.512637 0.281542 
0.254939 0.087995 0.008302 0.446010 0.202754 
0.130640 0.330449 0.002292 0.247852 0.288766 
0.126440 0.029859 0.002355 0.833894 0.007452 
0.040080 0.000018 0.035240 0.509869 0.414792 
0.159606 0.127230 0.001174 0.633376 0.078614 
0.000002 0.578341 0.001225 0.060959 0.359473 
0.002957 0.093894 0.006317 0.457553 0.439280 
0.014161 0.076833 0.014744 0.613636 0.280627 
0.018104 0.006304 0.093219 0.149129 0.733245 
0.135906 0.128025 0.043220 0.273901 0.418948 
0.069810 0.065362 0.636896 0.196305 0.031628 
0.016884 0.433435 0.008526 0.432088 0.109067 
0.002571 0.461561 0.504184 0.031666 0.000018 
0.228265 0.012382 0.341001 0.034352 0.384000 
0.076786 0.024321 0.850064 0.014737 0.034092 
0.362794 0.149017 0.281154 0.203308 0.003727 
0.003569 0.098172 0.789821 0.068169 0.040270 
0.533289 0.199347 0.045888 0.219868 0.001608 
0.000217 0.449244 0.315379 0.003712 0.231448 
0.000105 0.142731 0.606934 0.175962 0.074268 
0.006347 0.119298 0.505839 0.286898 0.081617 
0.005642 0.132763 0.748303 0.108822 0.004470 
0.040327 0.001237 0.955293 0.001265 0.001876 
0.139921 0.253647 0.005901 0.600517 0.000014 
0.011144 0.066710 0.410809 0.503721 0.007617 
0.064719 0.420948 0.458063 0.046637 0.009632 
0.144024 0.589071 0.175387 0.010184 0.081334 
0.000009 0.541134 0.301180 0.157487 0.000190 
0.192635 0.348916 0.011759 0.346973 0.099717 
0.049457 0.322688 0.035487 0.333775 0.258593 
0.502209 0.130228 0.195096 0.160732 0.011734 
0.374954 0.018660 0.559983 0.046197 0.000206 
0.277707 0.288205 0.099543 0.333416 0.001128 
0.468570 0.524198 0.001518 0.002562 0.003152 
0.130568 0.798977 0.065663 0.000724 0.004067 
0.178893 0.591949 0.212322 0.003898 0.012938 
0.026778 0.079240 0.484894 0.268311 0.140777 
0.088740 0.002250 0.732782 0.086310 0.089918 
0.123741 0.031146 0.844700 0.000131 0.000282 
0.179569 0.000108 0.250852 0.507517 0.061955 
0.033677 0.290877 0.458199 0.030982 0.186265 
0.002362 0.283084 0.443850 0.252803 0.017901 
0.110190 0.148811 0.625344 0.033100 0.082554 
0.000248 0.507764 0.151692 0.139183 0.201112 
0.238965 0.445346 0.049788 0.000766 0.265135 
0.061445 0.413301 0.479519 0.045416 0.000319 
0.159090 0.732420 0.040732 0.032195 0.035563 
0.592042 0.135718 0.170547 0.097294 0.004399 
0.603120 0.151771 0.156128 0.088386 0.000595 
0.567936 0.163935 0.168443 0.097979 0.001707 
0.558529 0.149148 0.178621 0.108722 0.004981 
0.171114 0.560175 0.110646 0.134743 0.023322 
0.152856 0.578069 0.094221 0.124206 0.050648 
0.140813 0.592029 0.096497 0.127206 0.043455 
0.164338 0.564739 0.112618 0.137145 0.021160 
0.324570 0.371338 0.178677 0.118441 0.006974 
0.372395 0.332864 0.189781 0.102835 0.002124 
0.378998 0.344860 0.175160 0.094472 0.006510 
0.346373 0.370136 0.160082 0.108799 0.014609 
0.195922 0.060544 0.502491 0.170734 0.070310 
0.159945 0.054573 0.533374 0.167583 0.084525 
0.182023 0.051904 0.524768 0.159666 0.081640 
0.199693 0.061709 0.497126 0.174020 0.067452 
0.360888 0.120662 0.333809 0.162773 0.021868 
0.324807 0.111046 0.374024 0.153910 0.036213 
0.343699 0.109069 0.368777 0.149711 0.028743 
0.361284 0.116277 0.343574 0.158854 0.020011 
0.172408 0.546149 0.118148 0.143879 0.019416 
0.171326 0.548997 0.117406 0.142976 0.019295 
0.140813 0.592029 0.096497 0.127206 0.043455 
0.133095 0.590870 0.091208 0.134966 0.049861 
0.131575 0.584119 0.090166 0.133424 0.060718 
0.175869 0.564635 0.091007 0.112506 0.055983 
0.181060 0.552103 0.087550 0.113818 0.065469 
0.121628 0.576507 0.072198 0.155155 0.074512 
0.210034 0.492263 0.116934 0.142400 0.038369 
0.231443 0.445122 0.124932 0.152141 0.046361 
0.217227 0.491777 0.120938 0.147277 0.022781 
0.214697 0.497696 0.119530 0.145562 0.022516 
0.421093 0.274746 0.195418 0.105889 0.002854 
0.408788 0.295939 0.189708 0.102795 0.002771 
0.360019 0.326445 0.202947 0.109968 0.000622 
0.369603 0.291377 0.219442 0.118906 0.000672 
0.308225 0.380324 0.183001 0.121308 0.007143 
0.257405 0.409709 0.183709 0.137756 0.011421 
0.274435 0.413612 0.151531 0.139778 0.020644 
0.310186 0.393675 0.161756 0.121970 0.012414 
0.344764 0.371082 0.159339 0.109741 0.015075 
0.317616 0.394421 0.150320 0.118225 0.019418 
0.391058 0.324012 0.180734 0.097478 0.006717 
0.389560 0.326602 0.180042 0.097105 0.006691 
0.411084 0.184639 0.242627 0.151478 0.010172 
0.512724 0.164623 0.197154 0.120002 0.005497 
0.543836 0.190197 0.170705 0.095018 0.000243 
0.455613 0.235625 0.199742 0.109000 0.000020 
0.580231 0.171903 0.164790 0.082140 0.000936 
0.573013 0.153724 0.182352 0.090893 0.000018 
0.490108 0.208251 0.199591 0.099486 0.002563 
0.486173 0.236547 0.178148 0.096531 0.002602 
0.491336 0.139155 0.238575 0.128698 0.002236 
0.572218 0.121613 0.197679 0.106637 0.001852 
0.449576 0.156740 0.239230 0.142546 0.011907 
0.536903 0.139106 0.201748 0.115972 0.006271 
0.255869 0.101815 0.432478 0.154096 0.055742 
0.292108 0.108881 0.401302 0.150910 0.046799 
0.315911 0.117754 0.366911 0.163208 0.036217 
0.281203 0.115539 0.392913 0.160138 0.050208 
0.358012 0.122398 0.327756 0.169644 0.022190 
0.342612 0.127707 0.329898 0.177002 0.022781 
0.383660 0.128276 0.299284 0.173044 0.015735 
0.369403 0.118149 0.334587 0.161749 0.016112 
0.395267 0.117720 0.307580 0.165100 0.014333 
0.384901 0.128691 0.297018 0.173604 0.015786 
0.337019 0.100372 0.391337 0.140770 0.030502 
0.284042 0.077034 0.450806 0.144643 0.043475 
0.119621 0.050055 0.566909 0.154132 0.109283 
0.118797 0.038814 0.577071 0.141789 0.123529 
0.138150 0.052402 0.551337 0.160916 0.097195 
0.154566 0.058629 0.531876 0.180038 0.074891 
0.170483 0.057525 0.521862 0.176648 0.073481 
0.154566 0.058629 0.531876 0.180038 0.074891 
0.200970 0.062104 0.496607 0.175133 0.065187 
0.205461 0.048561 0.518604 0.157575 0.069799 
0.218298 0.046480 0.502963 0.158099 0.074160 
0.200970 0.062104 0.496607 0.175133 0.065187 
0.188006 0.040617 0.542019 0.145034 0.084323 
0.188234 0.034704 0.542483 0.125113 0.109465 
0.132737 0.509607 0.087778 0.190973 0.078905 
0.204613 0.461371 0.140217 0.170755 0.023043 
0.167297 0.573723 0.091311 0.115700 0.051969 
0.111937 0.499802 0.058549 0.219124 0.110588 
0.191014 0.538242 0.106345 0.129505 0.034894 
0.278723 0.395031 0.152493 0.112778 0.060975 
0.170436 0.520196 0.067938 0.151182 0.090248 
0.231408 0.458598 0.128833 0.156892 0.024268 
0.349466 0.345521 0.196998 0.106745 0.001270 
0.427621 0.263502 0.198448 0.107531 0.002898 
0.441159 0.244912 0.244160 0.059710 0.010059 
0.322852 0.371852 0.181995 0.117048 0.006252 
0.327841 0.310680 0.233979 0.126783 0.000717 
0.272753 0.155021 0.341200 0.214861 0.016165 
0.621158 0.136390 0.161791 0.080645 0.000016 
0.618205 0.119650 0.170549 0.090600 0.000996 
0.389579 0.105656 0.363120 0.123980 0.017665 
0.387594 0.129591 0.293393 0.174819 0.014603 
0.336363 0.114996 0.354942 0.159386 0.034313 
0.202371 0.062537 0.494945 0.176354 0.063793 
0.233949 0.043132 0.501572 0.142914 0.078433 
0.352432 0.120490 0.334948 0.167000 0.025129 
0.153444 0.067470 0.503767 0.207187 0.068132 
0.168916 0.057634 0.522848 0.176982 0.073620 
0.072824 0.008400 0.587248 0.131568 0.199959 
0.142898 0.015269 0.577241 0.106652 0.157939 
0.170483 0.057525 0.521862 0.176648 0.073481 
0.084802 0.023077 0.571679 0.157374 0.163069 
0.337908 0.159451 0.111558 0.158468 0.232615 
0.040193 0.155857 0.095133 0.166243 0.542574 
0.391690 0.033532 0.178274 0.032964 0.363540 
0.135094 0.374110 0.000151 0.451021 0.039623 
0.004089 0.001313 0.147965 0.002743 0.843890 
0.005052 0.160939 0.787822 0.011074 0.035113 
0.000263 0.058104 0.002087 0.757575 0.181971 
0.010907 0.047954 0.849698 0.066783 0.024658 
0.053046 0.001303 0.635171 0.121765 0.188715 
0.170310 0.050864 0.333147 0.014630 0.431049 
0.002436 0.843075 0.085190 0.058890 0.010409 
0.018270 0.100857 0.554538 0.065315 0.261021 
0.004461 0.840836 0.076424 0.005721 0.072558 
0.036145 0.668004 0.001467 0.024832 0.269553 
0.002732 0.203342 0.439477 0.263609 0.090840 
0.632037 0.041806 0.028136 0.101675 0.196346 
0.000323 0.585190 0.091678 0.269249 0.053560 
0.049055 0.447546 0.052556 0.317616 0.133227 
0.277705 0.004864 0.000840 0.443415 0.273176 
0.010197 0.176848 0.033784 0.628139 0.151032 
0.095039 0.382260 0.115471 0.331679 0.075551 
0.014056 0.081348 0.844749 0.008226 0.051621 
0.169814 0.285264 0.225206 0.309407 0.010309 
0.004358 0.183538 0.691429 0.117379 0.003296 
0.100925 0.068198 0.355829 0.457519 0.017528 
0.249758 0.000091 0.386904 0.333820 0.029426 
0.052005 0.022501 0.470510 0.304258 0.150726 
0.258789 0.006358 0.196963 0.476270 0.061621 
0.011959 0.510816 0.165612 0.310621 0.000992 
0.241239 0.000861 0.147169 0.532213 0.078517 
0.022135 0.466286 0.138599 0.358351 0.014628 
0.056804 0.449169 0.017102 0.282037 0.194888 
0.002103 0.251322 0.357211 0.382443 0.006922 
0.063028 0.531748 0.000228 0.188061 0.216935 
0.025366 0.235263 0.224258 0.498007 0.017106 
0.252996 0.412136 0.114143 0.052175 0.168550 
0.020480 0.255044 0.027778 0.059996 0.636702 
0.336090 0.084118 0.556021 0.023656 0.000115 
0.066367 0.564227 0.084819 0.284068 0.000519 
0.373542 0.209185 0.367980 0.002684 0.046609 
0.078915 0.000011 0.569966 0.082669 0.268440 
0.287344 0.014973 0.640772 0.014112 0.042799 
0.094199 0.499707 0.301718 0.069137 0.035240 
0.121741 0.000461 0.663950 0.036321 0.177527 
0.003761 0.460059 0.017547 0.505457 0.013176 
0.016973 0.040336 0.493370 0.027785 0.421536 
0.020448 0.088852 0.557574 0.161405 0.171720 
0.015939 0.410862 0.565511 0.000387 0.007301 
0.037268 0.037480 0.106836 0.668420 0.149996 
0.056584 0.012839 0.027177 0.762116 0.141285 
0.043607 0.005530 0.766480 0.005302 0.179081 
0.159898 0.001954 0.386156 0.450568 0.001423 
0.042792 0.003921 0.471244 0.059442 0.422601 
0.016625 0.455298 0.131202 0.384966 0.011909 
0.012771 0.077395 0.164991 0.212744 0.532099 
0.031166 0.194669 0.307803 0.433998 0.032363 
0.263485 0.527655 0.102208 0.101092 0.005560 
0.126844 0.709727 0.072229 0.061927 0.029273 
0.110152 0.011680 0.613729 0.220265 0.044173 
0.274777 0.016310 0.426509 0.281362 0.001043 
0.028814 0.030348 0.057172 0.010590 0.873075 
0.038412 0.324653 0.000996 0.132315 0.503624 
0.013503 0.446641 0.288002 0.222493 0.029362 
0.172728 0.442804 0.025088 0.324963 0.034418 
0.174980 0.541216 0.055080 0.190653 0.038071 
0.271774 0.460546 0.058043 0.203300 0.006338 
0.000227 0.214906 0.397028 0.021686 0.366153 
0.015502 0.113712 0.241175 0.613891 0.015719 
0.001108 0.079978 0.310792 0.544630 0.063492 
0.044383 0.083884 0.104539 0.675782 0.091412 
0.028540 0.059328 0.192656 0.557855 0.161621 
0.018709 0.416830 0.280709 0.086291 0.197461 
0.000147 0.488637 0.288567 0.136961 0.085688 
0.031403 0.321758 0.180157 0.017789 0.448894 
0.125893 0.210015 0.054804 0.564221 0.045067 
0.316418 0.105821 0.001912 0.418911 0.156938 
0.086933 0.027155 0.008486 0.668616 0.208810 
0.046201 0.011244 0.107020 0.545862 0.289673 
0.048577 0.001208 0.297325 0.652839 0.000051 
0.040227 0.010840 0.216184 0.661310 0.071439 
0.278979 0.101830 0.268434 0.222897 0.127860 
0.288728 0.238572 0.113383 0.083784 0.275533 
0.259117 0.126407 0.004995 0.004494 0.604987 
0.000456 0.083399 0.104603 0.724432 0.087110 
0.000341 0.051556 0.068948 0.646040 0.233114 
0.003029 0.046754 0.022574 0.406888 0.520755 
0.005211 0.074967 0.002069 0.611510 0.306242 
0.032276 0.152495 0.013293 0.598819 0.203116 
0.020114 0.032339 0.006085 0.575908 0.365553 
0.007990 0.000936 0.011358 0.290307 0.689410 
0.026277 0.006079 0.071800 0.134977 0.760866 
0.058140 0.035227 0.111065 0.268321 0.527248 
0.070544 0.055689 0.204641 0.058259 0.610867 
0.140735 0.001256 0.247282 0.104562 0.506165 
0.126077 0.000211 0.436678 0.024703 0.412332 
0.056301 0.062872 0.384054 0.007936 0.488837 
0.431178 0.030267 0.178080 0.083281 0.277195 
0.468592 0.020586 0.276785 0.015487 0.218549 
0.191303 0.136366 0.056526 0.245862 0.369943 
0.052436 0.274069 0.005078 0.536696 0.131721 
0.050618 0.001212 0.840620 0.000168 0.107382 
0.509750 0.125672 0.292493 0.014416 0.057668 
0.025597 0.161544 0.328397 0.356444 0.128018 
0.041083 0.006850 0.685977 0.128794 0.137296 
0.081020 0.683413 0.040588 0.093860 0.101119 
0.108664 0.550271 0.045015 0.206211 0.089839 
0.050941 0.354001 0.001411 0.455517 0.138129 
0.119204 0.429212 0.035112 0.319505 0.096966 
0.021973 0.023747 0.233526 0.497896 0.222858 
0.026065 0.003684 0.202888 0.417442 0.349921 
0.036345 0.163471 0.321491 0.010397 0.468296 
0.016738 0.055388 0.081335 0.090875 0.755664 
0.048375 0.141392 0.195470 0.048775 0.565988 
0.020632 0.604107 0.213447 0.043740 0.118074 
0.012098 0.904787 0.017553 0.026455 0.039107 
0.014889 0.793599 0.041360 0.126142 0.024009 
0.274896 0.324465 0.006270 0.389123 0.005246 
0.046089 0.514228 0.179459 0.223337 0.036887 
0.007106 0.037616 0.062965 0.629977 0.262336 
0.137835 0.002634 0.274128 0.331228 0.254174 
0.143222 0.476316 0.030927 0.134252 0.215284 
0.109603 0.723831 0.079276 0.017473 0.069816 
0.441717 0.084915 0.234774 0.076871 0.161722 
0.294573 0.031115 0.127258 0.206573 0.340479 
0.111322 0.016719 0.028234 0.361001 0.482724 
0.001995 0.028247 0.000290 0.525864 0.443604 
0.004763 0.181773 0.270762 0.298703 0.243998 
0.143517 0.227881 0.035413 0.026464 0.566726 
0.031063 0.146000 0.011627 0.091671 0.719639 
0.000609 0.026698 0.014258 0.207634 0.750801 
0.000003 0.110111 0.078511 0.042178 0.769196 
0.225105 0.013681 0.088093 0.008409 0.664713 
0.003023 0.375406 0.040171 0.019069 0.562331 
0.006952 0.567633 0.076887 0.002557 0.345971 
0.040134 0.602791 0.045842 0.098996 0.212238 
0.019463 0.456592 0.031934 0.144261 0.347749 
0.001066 0.340301 0.005314 0.189574 0.463744 
0.009215 0.216799 0.211543 0.009428 0.553014 
0.067369 0.530524 0.033640 0.196380 0.172087 
0.051817 0.392375 0.005264 0.370594 0.179950 
0.078367 0.467961 0.027144 0.273843 0.152685 
0.002973 0.019527 0.297718 0.445358 0.234424 
0.005294 0.001308 0.284608 0.372564 0.336226 
0.011340 0.248141 0.296400 0.000268 0.443851 
0.002725 0.350417 0.003135 0.277574 0.366148 
0.007597 0.356624 0.003032 0.354123 0.278624 
0.036756 0.431917 0.032847 0.236594 0.261887 
0.042309 0.420613 0.020294 0.305349 0.211435 
0.017009 0.352475 0.000531 0.397447 0.232538 
0.035969 0.393685 0.007776 0.354916 0.207654 
0.048446 0.265389 0.075408 0.094865 0.515893 
0.010745 0.000003 0.899822 0.085138 0.004292 
0.073278 0.896392 0.006135 0.012097 0.012098 
0.003328 0.007891 0.680817 0.264262 0.043702 
0.108576 0.553776 0.063912 0.244865 0.028870 
0.015625 0.061777 0.160906 0.078122 0.683571 
0.068692 0.001420 0.414669 0.387438 0.127781 
0.002955 0.261606 0.000053 0.666304 0.069082 
0.176181 0.065912 0.083964 0.360234 0.313709 
0.445780 0.054533 0.002245 0.330554 0.166889 
0.761468 0.035774 0.042790 0.101573 0.058396 
0.084840 0.067584 0.049125 0.020108 0.778343 
0.074020 0.094605 0.029760 0.006238 0.795377 
0.046438 0.119548 0.010896 0.000107 0.823010 
0.045015 0.130258 0.010562 0.016377 0.797788 
0.035643 0.127572 0.005931 0.048198 0.782656 
0.013415 0.142692 0.000785 0.071730 0.771378 
0.038812 0.095261 0.008280 0.005923 0.851724 
0.013555 0.050650 0.000674 0.009914 0.925207 
0.021176 0.044763 0.003015 0.002605 0.928441 
0.044051 0.071264 0.010821 0.000173 0.873691 
