4388 2 4389
4390 4 4391
6 7 8
9 10 11
12 4392 4393
15 16 4394
18 19 4395
15 17 21
22 9649 4397
25 4398 4399
28 4400 30
31 32 33
34 4401 36
37 21 4402
39 40 41
42 25 43
22 44 4403
46 4404 48
49 4405 51
26 4406 4407
54 55 4408
57 58 59
55 16 60
61 62 63
64 65 52
66 16 4409
40 33 32
67 68 69
46 70 4410
63 46 4410
71 4411 4412
66 60 16
74 4414 4413
47 9650 4413
76 34 36
29 41 4416
40 39 33
4417 77 4418
57 78 79
30 29 80
4419 71 9651
21 37 4421
20 54 4422
83 67 69
32 31 62
84 85 86
19 18 72
48 47 73
61 32 62
72 4423 4412
38 4425 4424
28 30 89
90 18 20
91 80 29
60 56 4408
35 4426 4427
86 4428 84
48 70 46
22 4397 9652
88 4430 4424
34 76 58
78 57 94
4407 53 4431
4432 96 4433
4434 35 4427
98 68 79
99 4435 4436
101 102 4436
57 59 94
103 104 4437
90 20 4422
105 32 61
48 73 106
29 4416 91
40 32 91
15 4421 4409
4438 28 4439
108 4440 4441
50 109 110
74 4442 4414
104 44 22
42 43 100
58 76 59
4439 4443 4444
112 4445 4446
65 4418 107
113 67 83
4447 4448 4449
70 105 61
22 9652 4437
4420 4445 9653
56 60 116
28 117 4443
79 78 98
24 23 4451
32 105 91
119 68 98
18 90 4452
88 121 4430
45 44 88
4453 123 4454
124 4456 4455
18 4452 4455
28 89 117
69 68 119
76 36 4457
123 108 4441
48 106 4458
27 26 4459
37 121 66
118 23 4460
90 56 4461
66 121 4462
24 4451 93
25 4399 4463
70 127 105
72 4456 4423
128 94 59
111 117 4464
4465 106 4442
4466 131 4467
132 4468 102
133 127 70
106 4469 4458
94 128 78
108 123 4453
131 4466 4470
101 100 134
126 4459 4471
135 80 91
36 35 4472
43 25 4473
4448 99 4468
96 4432 4474
113 83 138
129 117 89
4475 120 4461
52 65 139
91 4476 135
140 4476 105
141 140 105
139 142 53
51 4477 49
60 4462 116
137 4478 4474
78 119 98
88 143 121
80 144 30
4473 25 4479
53 52 139
100 43 134
4457 125 4480
146 59 76
44 147 88
25 4463 4479
112 4446 4481
134 43 148
82 4450 4482
150 82 4482
151 4484 4483
144 80 135
30 144 89
105 127 152
152 141 105
102 101 134
4485 4469 4465
4472 4434 4486
69 119 153
95 4431 4487
83 69 153
154 83 153
44 104 4488
86 4467 156
111 4464 157
120 4475 4489
114 4449 4470
158 116 4490
154 138 83
4491 4492 4440
160 107 4444
92 4428 4493
113 138 4483
128 59 146
50 110 4494
104 103 155
140 141 152
151 110 4484
140 144 135
162 93 118
124 120 4495
4496 4477 4497
165 144 140
143 88 147
133 166 127
166 133 167
120 4489 163
143 158 4490
4488 155 4498
150 97 82
159 4491 168
108 122 4499
144 129 89
111 169 160
143 147 158
152 165 140
122 4478 170
50 4494 51
152 127 166
171 130 4500
4500 74 4492
146 4480 4501
132 102 134
136 148 43
173 138 154
4502 4503 4485
139 65 4504
165 152 166
119 78 175
153 119 175
133 4503 167
147 4498 176
165 166 167
97 150 177
103 93 178
124 4505 4481
107 160 179
156 4506 4493
151 138 173
4507 4495 4508
167 157 165
174 4502 171
51 161 4497
145 126 4509
129 144 165
165 157 129
111 157 169
95 4510 4471
110 151 182
4505 124 4507
183 157 167
155 103 4511
170 168 4499
4508 163 4512
164 4513 4496
4504 107 4514
97 177 186
187 4515 4516
125 4486 4517
4518 4510 4487
179 160 4519
188 169 157
183 167 174
158 147 4520
148 136 189
185 4514 4521
188 157 183
153 175 190
154 153 191
175 78 128
181 4522 4509
189 136 192
187 4516 185
154 191 173
179 4519 4523
194 128 4524
175 128 194
136 145 192
195 4526 4525
193 169 188
4517 186 4527
4528 142 4515
161 110 182
188 183 193
132 134 197
158 4520 4529
193 183 174
148 197 134
178 93 4530
170 137 198
4506 4531 4532
182 151 4533
4529 184 4512
175 194 190
155 4511 4534
189 197 148
176 155 202
155 4534 202
203 201 178
204 4536 4535
174 171 205
193 174 206
191 153 190
146 4501 4537
208 193 206
185 4521 209
210 4538 4539
206 174 205
211 4541 4540
195 186 177
199 4542 4532
177 150 4526
171 159 4543
4531 156 4544
197 189 213
156 131 4545
204 215 4536
4543 4546 4547
189 192 217
179 4523 208
162 4513 4548
4549 4550 4518
190 194 219
178 4530 203
4551 220 4552
4524 4537 4553
200 4533 4554
4555 216 4546
202 184 176
217 213 189
198 221 170
132 197 4540
4551 4541 4556
191 190 219
173 191 222
170 221 4557
223 184 202
4538 4558 4525
223 4559 184
208 206 205
204 4535 182
168 4557 4555
209 179 208
207 4560 4553
218 4561 4550
217 192 225
4539 180 4559
216 4562 4547
4548 215 4563
191 219 227
222 191 227
201 228 202
203 162 226
212 4544 214
142 4528 4549
215 204 4564
200 4554 222
209 208 4562
4565 4545 4552
4522 181 4566
228 223 202
201 203 228
230 4567 232
4527 4568 4569
221 198 234
204 182 4570
185 235 187
185 209 235
225 4566 224
213 211 197
221 236 216
210 223 237
238 4571 240
241 242 243
209 216 236
4568 186 4572
209 236 235
245 236 221
4558 210 4573
228 237 223
247 4574 4575
251 228 203
195 252 4576
245 221 234
237 228 251
244 4572 4576
4561 218 4577
4578 4579 4580
257 258 4581
204 4570 260
252 195 246
261 4582 263
4573 210 4583
210 237 4583
4563 4584 4585
266 267 4586
271 4588 4587
259 4590 4589
233 207 4569
215 4564 4584
272 273 274
4591 259 4589
200 222 275
235 236 278
236 245 278
4592 280 4593
282 283 284
285 286 287
288 289 290
4594 4595 4596
264 237 251
260 200 294
200 275 294
4597 4598 4599
298 299 300
303 304 4600
306 307 4601
309 310 311
4602 313 4603
315 316 4604
4605 4606 4607
309 311 321
322 323 4608
327 4610 4609
328 326 329
324 4612 4611
332 333 334
337 4614 4613
4615 4616 4617
341 342 4618
344 345 298
346 347 348
349 350 4619
352 4620 4621
354 355 356
357 358 359
306 4622 4623
4624 4625 4626
4627 4628 4629
368 4630 4631
4632 4633 4619
374 4635 4634
375 376 377
378 376 289
379 380 381
382 4636 384
4637 386 4638
283 4639 284
389 4640 4641
392 4642 4643
4644 4645 4646
397 4647 4648
227 219 4649
401 288 402
403 4650 405
408 4652 4651
409 410 411
412 4653 4654
415 416 417
418 419 420
421 243 422
423 424 425
426 8 7
427 4655 4656
430 431 432
433 434 435
436 437 438
439 440 395
441 440 442
444 445 446
447 4657 449
450 4658 452
453 454 4659
455 454 4660
457 458 4661
460 461 462
463 464 465
466 4662 4663
469 470 421
471 4664 4665
4666 475 9654
459 4669 4668
479 480 481
348 482 483
486 487 4670
490 491 4671
493 494 495
496 285 480
4672 4673 4674
500 501 502
4675 504 4676
506 507 508
363 509 4677
511 512 4678
514 4679 4680
518 4682 4681
519 520 521
522 4683 4684
525 4685 4686
528 529 530
4687 4688 4689
533 534 535
4690 4691 4692
540 4694 4693
543 4696 4695
4697 4698 4699
547 548 4700
552 4702 4701
4703 4704 4705
556 557 4706
558 4707 4708
399 560 400
4709 4710 4711
564 513 4712
4713 4714 4715
307 569 4716
4717 4718 4719
421 574 469
451 4720 575
4721 4722 4723
553 4724 4725
580 581 4726
582 583 584
585 586 587
588 589 590
591 284 592
593 4727 595
596 597 598
529 528 564
4728 4729 4730
604 4732 4731
444 605 4733
608 4735 4734
609 4736 611
612 4737 4738
617 4740 4739
620 621 4741
623 624 625
4742 317 4604
627 628 629
630 631 632
634 492 635
636 4743 4744
3 4745 1
469 640 470
641 642 4746
644 4747 646
647 4748 4749
650 651 4750
654 4752 4751
655 4753 657
658 4754 4755
661 662 663
664 665 666
667 668 669
670 668 671
4756 4697 4757
674 675 676
677 678 4758
680 681 682
665 683 666
684 4759 686
689 4761 4760
461 690 287
269 356 270
691 692 693
523 694 524
696 4763 4762
697 698 699
4764 701 4765
4766 4767 4642
704 4769 4768
4770 4771 4772
708 709 4773
711 712 230
599 713 252
714 558 715
718 4775 4774
719 720 721
722 723 724
725 4776 4777
728 729 730
731 4778 732
361 733 4779
734 674 565
735 736 737
4780 739 4781
741 742 743
4782 4783 4784
747 4785 748
4786 750 4787
752 753 754
755 487 756
4788 4789 4790
760 761 762
441 442 4791
764 765 4792
4793 4794 4795
607 4796 771
772 411 410
773 4797 774
775 4799 4798
776 777 4800
4740 4801 4802
780 4804 4803
781 782 783
4805 4806 4807
710 786 4773
418 787 788
620 622 789
790 791 792
793 794 795
796 797 798
799 800 801
804 4808 806
4809 808 4810
810 811 812
813 814 815
816 4811 817
749 818 4812
820 821 822
823 4813 824
651 316 315
4814 455 4660
826 827 4815
4816 830 4817
833 4819 4818
376 290 289
462 834 460
835 836 837
838 4820 4821
325 840 841
484 842 485
487 486 756
843 844 4822
846 844 4823
848 849 479
850 849 670
851 852 4824
854 4825 855
856 857 4826
705 4828 4827
828 861 862
4829 837 4830
863 864 865
866 4831 4832
541 4833 869
872 4835 4834
873 432 4836
753 874 4837
875 4838 4839
878 4840 4841
882 883 884
885 883 4842
887 4843 4844
890 891 867
825 892 4845
894 627 895
896 897 898
899 378 900
886 901 902
903 901 882
904 905 906
907 908 909
910 907 911
912 913 4846
915 913 916
917 4847 4848
918 4849 4850
319 4605 4851
299 298 345
4852 4853 4854
925 926 4855
4856 4857 4858
822 821 931
408 932 4859
933 934 4860
935 936 937
599 4861 4728
212 938 199
3 939 4745
940 941 942
943 944 945
946 947 948
949 950 951
952 950 953
954 955 4862
263 262 4863
958 262 959
961 962 963
433 964 434
965 896 898
8 966 4864
4865 4866 4867
971 4869 4868
247 4870 4871
4872 4873 4874
574 975 469
976 977 4875
335 4614 4876
978 979 980
4877 474 4878
983 4879 4880
986 4882 4881
987 988 989
4883 4884 4885
4886 4887 4888
596 995 4889
4890 4891 4892
288 1000 289
646 1001 1002
421 422 1003
1004 948 1005
1006 4893 4894
679 1009 4895
1011 4896 4897
352 4621 350
1016 1017 1018
248 1019 420
1020 1021 4898
1023 940 1024
491 1025 1026
1027 1028 1029
1032 4900 4899
1033 4901 1035
1036 1037 4902
4903 4904 4905
4906 599 4730
246 4861 252
826 1041 1042
1043 1044 1045
8 426 4907
4908 4909 4910
707 4912 4911
1049 11 1050
1051 1049 1052
1053 6 896
271 4914 4913
4915 4916 4838
1057 512 4917
1059 692 691
700 1060 1061
500 4918 501
1064 1001 1065
1066 1001 1067
1068 1042 1069
4919 4920 4921
4922 4923 4924
1077 4926 4925
1078 1079 4927
240 1081 1082
4928 1084 4929
1086 4930 4931
895 1088 894
1089 1090 1091
776 4932 4933
4934 4935 4936
453 456 454
1095 1096 1097
1099 667 920
1100 4937 4938
1103 1104 4939
4940 1107 4941
415 1109 1110
1111 1109 4942
492 1112 635
1044 1043 1113
4943 4944 4945
4946 1116 4947
464 1117 1118
4948 4949 4950
4951 1119 4952
4953 4954 4955
1128 4957 4956
1129 1130 1131
987 325 841
325 989 326
4958 4959 4960
1134 936 1135
937 936 4961
512 4962 4963
1138 1139 1068
1140 1141 234
1142 1018 1017
1143 1142 1017
630 517 4964
1144 389 4641
612 4738 1145
1146 1147 1148
1149 1141 1150
1151 903 882
903 1152 1153
1154 1155 4965
1156 797 796
1157 789 4966
1159 4968 4967
1160 1161 4969
4970 1163 4971
4972 1163 4973
1166 1061 1060
792 635 1112
1167 4974 4975
807 4977 4976
1171 1031 4978
988 1172 1173
722 4979 980
1043 1175 1176
4980 1178 4981
1179 4982 265
342 1180 4618
789 1181 620
1182 684 1183
1184 1185 249
1186 1187 1006
4983 1189 4984
259 4985 4581
1191 1049 1051
1192 1193 1194
1195 1196 1197
1198 4986 4987
1191 1201 4988
536 4990 4989
1203 1204 4991
4992 1072 4993
1207 442 1208
763 4791 4994
1055 1210 1211
1212 1213 1076
368 4631 4995
4996 4997 4998
753 1214 874
1215 1214 909
1216 4999 5000
1219 5001 1029
5002 5003 4620
1222 5004 5005
1227 5007 5006
1228 715 558
1229 1230 1231
539 938 5008
725 1232 1233
1234 14 13
1235 1236 1237
1238 1239 868
665 1240 683
1028 1027 5009
1241 1242 649
1243 523 1244
735 5010 1246
1248 5012 5011
5013 5014 4694
5015 5016 5017
1036 336 5018
1186 741 1118
1158 942 1115
4995 5019 5020
1253 714 5021
5022 1074 5019
876 5023 877
1114 1254 1255
1152 861 1256
1164 1220 1257
1220 1258 447
435 1259 1260
1261 5024 291
1265 5026 5025
1266 1267 1268
1102 5027 1269
1270 5028 760
1272 1273 1274
570 733 5029
1176 1113 1043
346 348 1275
4747 644 5030
646 1065 1001
5031 1277 5032
1278 5033 5034
1281 5035 5036
1282 1153 1256
1283 1110 1284
1286 5038 5037
1170 859 1048
1287 5040 5039
1288 874 593
1136 5042 5041
368 5043 4630
1031 5035 4909
536 5044 4990
1288 538 874
5045 1292 5046
1294 1295 1296
1297 1295 1298
1299 1300 1301
700 702 1060
887 1302 5047
1304 1208 440
1305 5048 5049
570 1225 5050
1307 1308 5051
5052 4757 5053
1310 5055 5054
552 4701 5056
555 5057 4708
1128 5059 5058
621 620 1130
5060 1313 5061
239 4571 1315
5062 1317 9655
1319 5064 1321
1322 1323 1324
686 5065 1326
1327 1328 1329
1330 1331 5066
1333 1321 5067
348 1003 5068
1335 1231 1230
5069 5070 5071
1266 1268 5072
1338 1339 1340
1339 961 1341
1342 5074 5073
1344 5076 5075
1023 1345 1346
1349 5078 5077
1350 732 1351
1352 1353 1354
1355 1356 5079
718 1358 4775
1162 1359 1360
1361 464 1243
1363 5081 5080
5082 5083 5084
1366 1283 831
1367 1267 1368
768 344 4794
1025 491 1116
1320 723 1334
724 723 5085
1370 518 5086
567 5088 5087
1373 5090 5089
543 5092 5091
5093 5094 5095
5096 5097 5098
1383 5100 5099
5101 1384 5102
1386 1387 561
1388 1389 5103
577 5104 5105
1294 1298 1295
5106 5107 4795
1390 1391 1392
615 1393 232
595 1394 593
373 5108 4634
5109 1396 5110
357 1398 919
358 357 5111
1215 593 874
632 1400 630
1401 1402 1403
1405 5113 5112
1406 5114 1407
5115 5116 9656
5118 5119 5120
5121 5122 5123
5124 5125 5126
1416 1417 5127
693 1415 5128
556 5130 5129
5131 5132 5133
1421 355 445
7 355 5134
1423 5136 5135
4595 5137 5138
1425 709 5139
1427 1428 5140
1430 1041 1151
1432 5142 5141
1385 1433 5143
1434 1435 5144
5145 4580 5146
361 1437 5147
1439 5148 5149
1407 5150 1440
611 1441 609
1442 1441 1443
1186 1360 741
5151 1299 5152
5153 1447 5154
999 1448 1449
5155 1450 5156
1451 5157 5158
785 4806 5082
5159 5160 5161
1271 5028 5162
1454 1455 1173
449 1027 447
1456 1091 1457
1458 792 1112
5163 1459 5164
283 5165 4802
1161 5166 951
4800 5167 5168
5169 4667 9657
1464 5172 5171
1465 1466 1467
394 5173 4644
1469 5174 1471
1472 432 5175
906 1474 5176
4891 998 5177
1477 5178 1479
1305 5180 5179
1380 5181 5098
1378 1483 5096
1484 1485 1486
1487 1488 1489
1491 5183 5182
1492 663 5184
605 5186 5185
1494 1495 1303
577 1496 5187
658 5189 5188
382 1500 5190
1502 1366 1503
1504 5191 1441
479 496 480
496 1505 5192
1021 449 5193
1022 4898 975
1503 1508 1502
956 622 4862
843 847 844
5194 5195 5196
300 1404 5113
5197 5198 5199
5200 5201 5202
478 477 4966
973 5203 5204
5205 1287 5206
1424 5137 5207
465 1515 463
273 1516 853
1517 1518 5208
1520 529 564
5209 532 5210
1521 1522 5211
721 1524 5212
857 692 1525
1362 1526 1527
1528 1470 5213
608 473 1529
839 836 1530
4886 990 5214
846 1533 1534
1535 1533 1536
1437 329 326
1353 1509 5215
367 5071 5216
1044 1538 900
1541 5218 5217
1542 1543 1544
232 1546 230
1447 1547 5219
5149 430 5220
680 1549 681
5221 5222 5223
5154 5219 5224
5225 1552 5226
13 5227 1234
1554 1359 5228
1360 1359 742
1555 1556 1418
1557 5229 1559
499 5230 1561
5231 5232 5233
1241 648 5234
1264 1566 1467
1567 5236 5235
5237 1570 5238
1274 1571 1272
1572 5239 5240
435 1507 5241
1507 449 448
5242 5243 5244
1576 5245 5246
576 5247 1580
5021 5248 5249
1581 5250 1216
5251 5252 5253
5254 1586 5255
5256 5257 5258
339 825 4845
5259 5260 5261
459 5262 5263
1265 5265 5264
732 1591 1351
1132 425 5266
5267 5268 5269
601 5271 5270
1595 1315 238
421 1003 574
828 1596 1058
1597 1596 1598
1599 947 5272
1496 1520 5273
1019 1483 1600
5274 1602 5275
1604 5277 5276
5278 5279 5280
1606 1277 5281
949 953 950
5058 1311 5282
1609 1333 1236
1610 280 5283
1307 595 5284
1613 1423 1614
543 4695 1614
5017 567 5285
1617 5287 5286
1385 5102 5288
1433 5289 5290
1574 1232 5242
312 314 5291
939 314 5292
1371 672 5293
457 5294 5295
1621 627 623
895 627 629
1622 5296 5297
1624 1528 5298
1528 5299 1626
444 661 5186
444 446 5300
646 645 864
1303 1495 1629
1327 935 1328
1631 5302 5301
5303 5304 5305
5306 5307 5056
832 4819 5308
339 5309 825
276 1635 1523
1636 1520 1637
530 529 1636
5310 1625 5299
1472 5312 5311
1640 827 5313
988 987 10
987 989 325
929 1642 1643
1580 1579 5314
1371 5315 672
1106 5316 5317
5318 5319 4648
1613 542 1647
1648 5320 5321
1650 5322 1652
1653 5323 5324
1656 1657 5325
1209 1654 4994
1660 5327 5326
1120 5328 937
467 1661 1662
1297 1663 1295
1322 5330 5329
1665 1666 1667
1472 5331 5332
5141 1431 5333
1355 5334 1661
1670 5335 1671
887 5047 5336
1198 1404 1673
5337 5338 5339
1676 1323 5340
1323 1562 1677
1277 5341 5281
614 613 5342
912 916 913
1501 1500 1585
1105 1643 1642
1678 1679 5343
1460 5166 1680
1681 1682 5344
5345 5346 5347
1685 1686 1635
1521 1686 5348
970 1536 5349
4868 970 5350
1457 1687 5351
536 1687 5352
591 5354 5353
5355 1689 5356
1203 1432 1204
5357 1163 5358
332 5359 5360
1692 1053 965
6 1053 1693
1033 1035 5361
694 463 5362
486 4670 5363
920 919 1398
272 1579 1516
4764 5364 5365
1022 574 401
5262 459 4668
5366 1496 5367
676 1496 5273
580 5368 5369
1698 880 879
296 1079 1699
1080 1079 5370
768 439 1468
677 4758 5371
718 4774 1206
5372 1632 5373
1701 1702 5374
1703 1704 5375
1708 5377 5376
1709 5378 1710
1504 5380 5379
1068 1069 1138
1712 1713 5381
447 1029 1220
1714 5382 311
929 1643 5383
872 4905 5384
5385 5386 5345
1059 794 1716
1202 1717 460
280 5387 5388
1070 4948 5389
1115 942 4946
5390 5391 5392
1016 1720 1017
1721 5394 5393
5395 5396 5397
5398 1347 5078
1724 1725 1558
5399 4932 5400
5401 5402 5403
1043 1045 1729
289 1045 378
5404 427 4656
558 806 4707
5348 4783 5405
1121 5407 5406
612 5408 4737
5409 5397 5410
1099 1389 667
1734 5411 5412
5413 5414 5415
831 1738 1739
589 1740 1741
5416 1742 5417
1743 1425 5139
667 671 668
5026 5264 5418
957 5419 5420
1641 1234 927
290 5421 5422
296 5222 1079
5423 5424 4975
5425 4937 5401
839 837 836
1567 5426 5427
1746 1191 1051
1747 1748 1749
1398 5428 1099
885 1024 1751
281 322 5429
1682 1755 5430
1274 1573 1571
1756 5431 5432
5433 4798 4797
5434 5435 5436
330 5437 331
1627 5438 5439
1761 1762 1763
576 5440 5247
308 657 656
1765 5441 5442
1086 1524 5443
1197 5444 1768
1770 5446 5445
423 425 5447
5448 5449 5450
1483 1019 1772
280 5388 5283
5451 5452 5453
1775 1679 698
360 5454 1286
1285 1766 1696
1171 4978 5455
5456 5457 5458
5459 4925 5460
354 1776 446
506 1776 269
1449 1778 1212
239 5461 1780
447 1258 1781
1782 5462 274
5463 404 5464
1034 1770 5465
1131 1181 1785
5466 505 5467
267 5468 5469
1790 1160 5470
1791 1792 5471
1536 846 4823
540 5473 5472
1390 1794 1545
1795 949 951
477 1795 772
1796 1797 5474
1799 1797 1800
377 899 1801
270 1802 1803
5475 5034 5476
873 1805 863
1806 5477 5478
437 1807 1808
1752 5479 1753
5480 1446 5481
338 5483 5482
1071 1462 5484
853 1813 273
1741 5485 1812
1625 5310 5486
1184 419 1340
420 419 249
1352 1815 1816
586 585 4752
1817 1449 1448
4945 4827 5487
721 720 1524
5488 5489 5490
941 945 944
1065 1805 1064
1818 5491 1633
1820 5492 1821
1320 5493 723
5494 522 5495
1152 5497 5496
1603 5498 1204
1823 5499 5500
1282 1256 1058
1526 5502 5501
1433 761 5143
1825 978 1615
5503 5504 5505
497 4674 5244
1782 1346 1345
1829 1830 5506
1356 584 583
5507 5508 4982
1774 423 5509
1044 900 5510
1832 1833 1834
1835 1836 5511
610 852 611
1792 5513 5512
1454 1438 1455
5514 5515 9658
596 996 597
1099 1750 5103
989 1437 326
1796 5474 5517
1840 5518 905
5519 5520 4955
234 1141 245
1150 1141 1842
1314 334 333
937 1328 935
1329 1328 890
1843 787 1844
1140 938 1842
1845 1846 1610
879 5521 5514
253 4577 5522
912 1847 5523
1849 1850 1306
1851 1850 908
974 5524 5525
1854 5527 5526
1842 1855 1856
1437 360 329
523 1243 694
5528 644 5529
1357 5530 5531
1401 1403 5112
1858 5532 1859
1217 1860 5533
5534 1038 5535
1862 5536 1863
1823 5500 1750
250 1063 1062
5537 5538 5539
5540 1865 5541
1291 875 5542
1255 774 1114
5543 1868 5544
1869 5545 1326
769 298 5546
923 5548 5547
921 1015 5549
754 788 752
1136 897 5042
1873 1582 1874
1875 5551 5550
973 5204 4876
1554 5552 1359
1876 5554 5553
5555 5556 5557
1420 1878 557
5558 4729 5559
1111 5072 1879
718 5561 5560
1469 1880 5562
1881 1882 5563
1142 1143 1884
5564 4663 5565
461 287 462
1296 1354 1353
1006 1187 5566
753 5567 1214
753 4837 1886
1887 1888 1889
1890 1888 1891
5568 5243 5569
5570 597 5571
1806 5572 5573
1424 5575 5574
612 5576 5408
5577 1134 5578
1895 1896 1897
1898 5579 5580
1261 5059 5024
5581 5582 5583
1900 1091 1456
1239 1901 868
5584 5585 5197
5435 1759 5586
1902 1201 1903
1542 1860 5587
1572 1905 5588
1124 5589 1372
1766 5591 5590
5592 5133 5593
5594 253 5595
5596 5597 5598
1100 4938 1269
1910 5599 1149
854 855 935
486 5601 5600
5602 5603 5118
1912 1913 5604
971 5605 1165
1164 1258 1220
5090 5606 5607
1674 5608 5338
471 4665 4734
894 1088 824
1287 5205 5609
630 1400 517
1914 507 1054
1874 1749 1748
1915 5611 5610
1126 5612 1868
1762 586 1916
1487 5613 5614
971 1258 5605
1917 1559 1558
1033 5615 1769
1177 894 824
1166 379 1918
1687 536 4989
460 834 1202
5616 5617 5618
5619 5620 5621
5622 5623 5372
5624 5509 5625
1922 1923 5626
1922 5626 5627
1498 1301 1300
1365 5629 5628
1925 5630 941
5631 1581 5632
703 5633 5634
1598 828 827
1653 5635 5323
1927 5636 1928
5637 1253 5249
1929 1311 5638
414 413 1930
974 4872 5524
1416 1418 5639
1932 5640 5641
851 5642 852
1935 1936 5643
1882 5644 1883
318 5645 922
525 4686 5195
5646 5647 9659
499 4673 5230
1574 499 5649
1944 5651 5650
859 1170 5652
809 5654 5653
5655 295 5656
1705 1947 1703
671 436 670
1948 5657 5658
625 624 5659
1950 5660 1951
1952 632 5661
1825 1538 1953
5297 4653 5662
1578 628 5663
629 628 1420
877 1203 1810
554 5665 5664
5666 5382 5667
1280 1279 5668
328 327 4609
953 1144 952
5669 5670 5671
1848 5672 5523
5673 4954 5674
1205 1822 5675
863 865 5676
1036 5677 336
1701 14 5678
1316 5679 5062
5680 5681 5654
1225 5007 1308
354 269 1776
5682 5683 5415
860 5684 5487
985 984 675
1086 5685 4930
1961 1374 1962
5686 5687 5106
1963 5688 5689
1877 5557 5690
1421 426 5134
701 5365 5691
1938 5693 5692
1965 1886 537
1798 906 905
5694 1966 5695
1939 1695 5364
5429 1754 5696
1095 1382 504
858 857 5697
1518 1870 5698
650 5699 651
5373 5700 5085
448 843 1507
1727 869 1726
640 1557 1559
5172 1464 5701
4639 283 5702
899 376 378
5703 1158 4968
1663 1591 5704
1869 1623 5545
1333 1334 5705
848 479 481
479 1505 496
727 5706 1232
5707 1728 5403
1972 5708 1761
1871 1673 1404
5709 1629 5710
5711 5712 5713
1974 979 1953
1299 5714 5715
5716 5717 5718
5719 431 5148
5720 5721 5722
664 666 1724
1255 1757 773
488 5711 5041
5723 1979 5724
1980 5725 5726
441 820 396
5727 1926 5728
340 5729 5730
5731 1162 4969
1143 5732 346
1983 1626 5733
886 882 901
1984 1466 1786
5734 5735 5736
1600 1985 1843
779 1666 5737
1932 1986 481
1266 231 1368
232 231 615
1582 5250 5738
1988 1194 1175
1989 1162 1360
1991 5740 5739
716 1992 1993
1367 1992 1267
1527 1526 1994
829 5741 1206
4958 5742 4858
1509 1946 5584
1283 5743 1110
1995 1651 1613
1927 1928 5744
5081 1363 5502
379 5745 1918
285 1996 286
1688 1456 5351
5746 5747 4921
1450 5344 5253
522 5494 5748
1531 1770 1672
1449 1817 1778
1999 5749 2000
1728 5750 5425
1676 5751 5570
423 2001 424
1132 4960 5447
1407 1440 1406
1674 547 2002
1951 1831 5752
663 662 1493
753 1886 754
960 328 5037
2003 1961 1962
1085 4929 5753
1244 523 5754
767 5107 694
4391 5755 5756
2005 5757 5758
958 535 534
1899 5760 5759
899 900 568
983 5761 5762
324 5763 4608
1845 322 1846
772 1460 411
1541 5765 5764
1218 1217 5533
2007 2008 2009
1825 1615 566
2010 1995 2011
1026 1025 963
1514 5766 5767
5768 2012 5769
5770 5771 5772
1345 5773 1782
902 5774 886
5775 5776 5777
2016 5778 1113
2017 5779 5780
1679 1775 1622
2005 5758 5781
285 287 480
5043 5782 4761
5783 592 5032
2019 1014 1545
2020 2021 5784
5079 1357 5531
520 1357 5785
538 4691 1886
5786 5307 5303
1826 5788 5787
1399 5789 5321
2024 1834 1833
2025 2026 2027
1442 1443 5159
5790 1120 4961
1519 5792 5791
5793 1971 5794
699 698 1679
2029 2030 5795
857 5796 692
1358 1268 1267
2033 2034 5797
360 1286 329
1527 274 273
1132 5266 2035
620 1131 1130
1268 718 5560
1490 5798 5355
2036 2037 2038
267 5800 5799
1272 1725 1273
1381 504 1382
665 664 5801
5802 213 5803
5804 543 5091
1423 5806 5805
5807 1771 5808
739 5809 5449
972 1772 5810
1199 4986 1673
280 1846 4593
1868 5811 1694
5812 5337 5706
5813 1927 5744
2042 1037 5814
1856 5815 2042
5816 5817 5763
5818 5819 5820
1520 1636 529
848 670 849
943 1526 5501
1344 5075 5821
1487 5614 1488
5822 5823 5824
1547 5825 5826
1972 2045 2046
1959 476 1317
917 5827 5194
940 1023 945
897 1136 5828
1456 286 1996
1695 5829 5830
1073 4924 2048
1688 286 1456
1078 1929 5831
5832 672 5833
1917 1913 2050
4744 638 5834
2018 643 5835
916 502 5836
873 4836 1805
1473 873 5837
1487 1836 5613
1528 1626 1470
759 5551 5838
5839 2053 5840
683 1693 1053
666 683 1692
238 5841 2054
1917 2050 2055
5593 5842 5843
416 1366 1502
1739 1366 831
1890 1891 5844
1078 1699 1079
1482 1985 1378
1021 5845 1260
298 769 344
949 5846 458
1186 1118 1187
1885 1117 2056
1708 5376 5847
1732 5848 2057
767 5849 4793
1207 1208 1671
5850 392 5851
919 4849 5852
1648 2023 331
687 4763 5853
486 5854 5601
777 1458 5855
1601 5856 5274
1720 1016 5857
1970 5858 1462
1313 5859 5101
5029 733 5860
332 5861 5359
5862 5863 5864
1539 5865 5866
1590 956 955
1006 5566 5867
5868 352 5869
903 1153 530
5536 5720 5505
5870 5871 5171
1758 5436 5872
2063 980 1174
5459 4739 5873
1414 5874 2064
2058 1304 439
1575 5339 5569
823 316 4813
2065 1287 5609
2024 2066 5875
1936 559 5876
1486 1485 5877
705 774 4770
1383 5878 5879
928 5881 5880
1072 5882 4993
1255 1254 1757
280 1610 1846
5883 1227 5884
5885 404 4650
5324 5886 5887
1077 5873 4942
537 5888 5889
777 792 1458
473 5890 5891
945 1346 943
2072 1452 1872
5892 5574 5893
498 1757 5894
2073 2074 2075
1676 5895 1323
750 5896 5897
1613 1614 542
386 5142 5898
935 1327 854
531 1327 5899
5268 5900 5901
5902 5452 5624
1915 996 2077
1862 1863 5903
5904 5905 5848
5191 1504 5906
1408 5117 5169
2063 1174 5491
1033 1694 5615
769 5546 5686
1871 300 299
1095 1097 1382
1952 5661 921
5907 1429 5908
963 962 2080
910 1843 1985
703 5634 5909
1036 904 5677
1372 1801 568
5910 5911 5519
1964 5912 5689
5913 5914 5915
1012 1583 5916
5646 472 5917
309 1298 310
816 2082 1987
5918 5919 5673
5920 5921 5922
5461 239 5923
349 5924 5925
1362 1527 1813
1875 5550 1813
1952 1627 5439
822 2088 396
1790 1680 5926
716 1358 1992
1782 1994 1346
1662 5334 5927
1335 1230 1643
391 5928 952
612 1145 5929
1873 2090 2091
1458 1112 1026
248 1772 1019
1564 5930 5931
696 413 1623
5932 1949 5933
4393 14 5374
1418 1556 5934
462 287 286
1960 5685 5935
1586 5936 1269
698 697 5937
640 1259 1557
1152 1256 1153
5938 5939 4808
567 4713 5285
1888 1887 5940
700 1061 1939
1104 5942 5941
387 5943 2094
1817 1448 585
5944 2095 5945
1784 5946 5463
5947 5948 4825
4843 5949 5950
1469 5562 5174
1384 5951 5528
566 1538 1825
647 4749 5952
1890 5953 1888
587 1817 585
764 1758 2057
2017 5955 5954
1724 1273 1725
5610 1563 5571
1166 1918 1061
716 867 717
1778 388 1213
5341 1277 5956
5924 5392 5957
969 1553 5958
1007 5959 821
5960 5492 5961
879 5516 1698
467 5962 5022
5963 5964 5965
1596 1905 1057
718 1268 1358
1326 1325 5771
498 5894 5966
1434 5259 1435
1583 1012 5251
1093 5967 5968
2098 931 1885
5969 5970 5971
1381 2100 5972
461 1968 690
417 782 5973
1885 2056 2098
1291 5542 5045
5974 1843 5975
1406 2101 1482
1421 606 5602
480 287 690
5976 1073 5977
2102 869 495
455 4814 5978
990 4885 427
5540 1700 5979
1756 1675 1928
2104 653 5980
2105 1479 1030
1173 1455 988
1994 1526 943
5981 3 5982
4782 5983 5984
1199 1673 5985
324 5986 5816
5987 1933 5640
5988 650 5277
1429 5989 5908
1901 1726 868
2108 374 1395
345 344 5990
5991 5992 5993
1821 1800 5994
1798 1799 906
1424 5207 5575
1866 1083 5457
1865 5996 5995
2109 1515 743
5997 5998 5999
6000 6001 6002
5414 6003 6004
5930 1564 5232
1211 6005 1055
955 2064 6006
1782 274 1994
1033 5446 4901
6007 4702 4807
6008 6009 5441
361 4779 4623
5525 6010 5960
377 1801 1976
306 4601 6009
1978 5912 1845
271 4913 4588
393 6011 4643
6012 918 6013
5292 4603 6014
722 724 4979
1776 508 5438
1771 425 424
279 6015 461
1069 812 1138
2016 1974 1953
941 940 945
1087 5996 6016
4847 5819 4731
6017 5433 5431
6018 5353 6019
2109 1304 2058
2109 2058 6020
856 4826 551
2066 6021 1609
6022 5055 5874
1995 1613 1647
1984 1787 2076
1849 594 1215
1849 908 1850
863 5676 2052
848 1986 668
6008 5454 4622
1765 5442 1285
1304 2109 1671
2113 2114 2115
332 334 5861
728 1816 1815
2116 1892 2003
4628 5948 5069
997 6023 1212
930 6024 6025
1798 905 1706
1853 1037 5526
6007 6026 5991
722 1971 1334
1832 1834 6027
1655 6011 6028
911 907 1214
6029 5906 5904
6030 5756 6031
491 1112 4671
1351 6032 6033
6034 1966 5694
512 4963 4678
1965 962 2118
1437 361 360
5992 6035 5672
5628 6026 5084
2046 679 6036
5867 5959 4893
728 1815 5704
1711 766 4792
851 6037 5863
519 521 1543
1454 1979 6038
2119 1867 6039
306 569 307
1873 1874 1748
2120 2056 2121
6040 4677 6041
1640 927 4855
5905 1504 5379
6029 1732 5407
722 980 5794
2122 1500 6042
2022 1873 1748
887 5336 6043
6044 1721 5393
583 6045 1356
5659 1949 6046
591 6047 6048
1158 940 942
5300 1627 6049
6050 5871 5406
1146 1148 1913
1329 526 5899
1400 508 507
1877 5915 6051
1458 1026 2080
537 5889 1965
2082 1749 1987
2007 2009 1510
1305 1081 5180
1965 2118 754
1912 5604 6052
2123 2124 2125
2126 1912 6052
925 2127 926
1148 2124 2123
1143 1275 2128
750 6053 4787
2038 2130 2131
241 6054 242
2124 2131 2125
348 483 1003
1912 2050 1913
1950 2132 5660
2125 2131 2130
2133 347 6055
1275 1143 346
242 1275 422
241 2055 2050
1720 2061 6056
2061 1192 6056
1146 1913 1917
893 340 4616
5513 1792 5980
2037 1597 1640
482 2134 483
2015 6057 2135
1275 348 5068
1725 1272 1147
2131 2124 2136
1192 1712 1193
243 2055 241
243 242 422
2061 1808 1192
2124 1148 1147
348 347 482
5319 207 6058
6057 2015 6059
2061 437 1808
615 231 6060
421 470 243
2102 494 1721
813 314 939
1138 634 6061
1712 1192 1713
6062 1599 6063
5678 1139 6061
2055 1559 1917
1069 6064 812
2055 243 470
1640 1597 1598
5138 6065 6066
1193 1175 1194
1069 1430 6064
2015 2135 2139
1712 1833 1193
1041 1430 1069
6067 6068 5131
2038 2131 2036
482 1988 6069
1430 2140 2138
1057 1905 2141
1808 1713 1192
528 1282 511
2055 470 1559
6070 1920 6071
1833 1176 1193
1193 1176 1175
2014 2139 2142
2016 1832 1974
2024 1833 6072
2140 1430 884
2014 5777 2139
1510 2009 5198
2138 6073 810
1151 884 1430
1159 6073 6074
1041 826 5496
6072 1712 5381
1721 2143 6075
2142 2145 1506
2146 12 2147
1152 862 861
1702 1701 791
1052 1050 841
1832 1176 1833
1175 1729 1988
812 811 6076
987 1050 10
1272 1571 2136
828 1058 861
483 574 1003
1151 882 884
828 1598 1596
1936 1935 559
1751 2140 883
1387 1386 6077
1151 5497 903
1176 1832 1113
1043 1729 1175
490 492 6078
791 1701 635
1092 2148 2146
1235 1834 5875
882 886 883
780 1386 6079
482 6069 6080
1702 2147 12
2145 2149 6081
1751 1159 6074
792 791 635
1092 2147 2150
850 670 6082
1444 1779 1300
1900 6083 1091
401 483 2134
1089 2148 1090
1832 6027 1974
1505 850 5775
6084 490 6078
884 883 2140
640 1559 470
1093 6085 5967
1388 6086 5163
6087 1807 6088
1089 1091 2151
1092 1090 2148
483 401 574
850 1505 849
2134 482 6080
790 2150 2147
401 2134 288
1807 437 6089
1538 1044 5778
6087 1389 5164
574 1022 975
1388 2066 6086
1111 1879 1109
810 6090 6084
1505 2014 1506
1000 1729 1045
1235 2066 1236
861 1058 1256
469 1260 640
1724 666 1273
1383 1897 5878
1557 6091 5229
686 1326 698
1751 1024 5703
530 1153 528
434 1557 1259
1158 1024 940
975 1260 469
640 1260 1259
596 932 995
792 777 790
1573 2141 5240
965 1573 1274
885 1345 1024
2047 6092 6093
2145 6081 1996
1457 1091 5399
1020 1022 6094
670 848 668
776 2150 777
2016 1113 1832
401 402 1022
1361 2056 1117
1637 2152 902
1505 479 849
1389 671 667
285 496 1996
5499 1823 6095
2066 1388 6021
1557 664 6091
1636 902 901
5009 1020 6094
1573 965 898
719 6097 6096
898 2047 2141
225 6099 6098
669 668 1986
491 1026 1112
290 5422 288
1345 885 5773
2108 1395 2153
1445 1197 6100
1237 1236 1971
4854 6101 6102
2047 898 5828
2063 978 980
669 920 667
978 1825 1953
6103 5400 5168
435 434 1259
376 375 290
6104 5167 5888
918 6105 6106
1458 6107 5855
1027 449 1020
1538 566 900
920 1398 1099
886 2013 4842
1852 5527 6108
273 1813 1527
1782 2013 5462
1023 1024 1345
1346 945 1023
699 1679 1678
918 4850 6105
1637 902 1636
1925 6109 5630
962 2070 2080
566 4715 900
528 511 6110
8 896 6
462 1688 834
1028 5421 5490
1398 1823 5428
1457 6103 1687
658 6112 6111
1240 1693 683
719 1966 6113
979 1237 5793
1708 6114 6115
460 279 461
5987 481 6116
899 377 376
447 1027 1029
1637 1644 2152
1783 2013 2152
665 2000 1240
961 2118 962
1975 375 6117
1021 1020 449
565 6118 4712
433 6119 964
965 1053 896
1644 272 1783
6012 2106 6120
1823 1398 357
1496 5366 1520
724 6121 1174
565 674 6118
1319 1321 359
1137 5713 565
6104 4690 5352
1976 1801 1895
1688 1687 834
1693 1240 1802
1823 359 6095
588 590 6122
1025 1341 963
2023 5789 5852
1925 6123 6124
1580 5314 1637
6125 2156 6123
1594 6127 6126
2157 1925 941
1338 2118 961
1096 6129 6128
1771 424 6130
6131 1580 5367
448 6132 843
2000 845 6133
2086 2157 944
6134 6135 5696
1633 6136 1818
6 2158 7
279 281 6015
460 1717 279
723 722 1334
1885 1187 1117
1338 961 1339
1999 6137 5749
1719 2156 6125
1999 2159 1803
5064 1319 6138
2161 2162 2163
845 6119 4822
358 6139 359
6140 2156 6141
2118 1338 788
593 1394 1288
844 846 2165
1219 1257 5001
6131 577 4721
734 6142 674
1202 1288 1394
358 5111 6143
487 734 5712
2157 2086 5957
6144 1369 5493
674 2166 675
5854 5363 4907
5986 324 4611
1802 270 2158
1845 1964 322
1319 6139 721
2166 985 675
1534 2165 846
2165 2159 1999
273 272 1516
754 2118 788
1338 1340 418
272 1644 1579
577 5187 5104
5088 5016 5674
1250 1818 2168
448 1781 6132
6142 734 6145
1975 5718 6128
1534 2159 2165
6121 5700 5305
1124 4953 5589
1976 1895 1897
595 1717 1394
755 6145 487
6136 1633 5304
2159 271 1803
1764 6146 1579
853 610 1813
6147 6148 6149
6150 1764 5440
1184 2164 1718
1994 943 1346
1215 874 1214
7 356 355
943 1824 944
239 1315 2170
846 1536 1533
752 911 5567
6151 2171 6152
1649 5320 5932
1866 1364 784
358 719 721
1649 6097 6143
6153 6154 6155
1227 5883 5051
681 1525 682
6156 1967 5933
6157 6158 4612
6146 6037 6159
1843 5974 787
578 1190 4723
2166 755 6160
269 354 356
969 1536 970
354 445 355
1849 1215 909
1576 6157 6161
2166 2044 985
1306 1308 6162
851 4824 6159
1383 6163 5100
1257 1096 4971
281 1846 322
5437 330 6046
445 606 1421
2173 1534 1533
2174 271 2159
5390 4633 6068
752 788 787
418 1844 787
910 911 5975
1849 1306 6162
2175 2176 2177
2176 2175 2178
964 2000 5801
1164 1257 4972
1524 6165 6164
1412 6166 756
6150 1190 4984
756 486 5600
1428 1427 641
2173 2174 1534
6096 1967 5695
5263 6167 4661
6168 1552 6169
5786 5623 4805
2175 2177 2179
2175 2180 2178
2177 2176 2181
1361 1244 6170
6171 6172 6173
1525 1059 6174
1426 6175 2182
2183 2175 2184
2184 2175 2179
2176 2178 2185
2181 2176 2185
720 1767 5443
2181 2179 2177
2173 1533 2186
6176 1767 6177
5245 6161 6178
758 6179 6180
6181 5358 4970
6113 1966 6177
858 681 5306
418 1340 419
2187 2179 2181
2006 6183 6182
2044 6184 985
6160 6166 5822
6153 5080 4789
1184 249 419
1185 1184 6067
2188 2189 2184
2175 2183 2190
2185 2191 2181
2184 2179 2188
2185 2178 2180
4869 6169 5225
4931 1087 6165
1054 4914 2174
610 853 852
2101 1406 1851
1536 969 5958
420 1844 418
983 6185 4879
2190 2180 2175
1125 5919 5910
5683 4818 6186
5663 6173 5246
2184 2189 2192
2193 2188 6187
2194 2188 2179
983 4880 1861
1412 756 5120
766 5864 5954
908 907 2101
1861 871 6188
2193 2195 2188
2188 2195 2189
2196 2185 2180
1711 611 852
1086 1767 6189
1844 420 1019
5914 1963 5724
2180 2190 2197
2187 2194 2179
2191 2187 2181
2185 2196 6190
2189 2195 2199
2172 2100 1381
5913 5690 5688
1369 6144 6191
2193 6187 2200
578 2006 6182
1621 623 6171
1784 2006 5946
1466 2201 1691
851 5862 5642
609 6192 4736
1604 5970 6034
5879 6193 6194
2192 2189 2199
6195 5132 6196
4830 6196 4632
2185 6190 2191
2196 2180 2203
2195 2193 2200
1866 784 5622
446 1776 1627
1084 4928 5995
446 445 354
1420 628 1878
1059 1525 692
2184 2192 2183
1165 1691 2201
6193 5520 6197
1525 681 5697
2204 2173 2186
917 5196 6198
2204 2174 2173
1843 1844 1600
6199 6200 9660
2198 2196 2207
4904 5823 6202
1308 1306 1225
623 1177 624
544 4699 6000
1450 5252 5156
609 5413 6192
1160 5926 1161
1600 1378 1985
1851 908 2101
2180 2197 2208
2209 2180 2208
2180 2209 2210
2210 2203 2180
6203 1415 5796
1999 1803 6137
2211 6204 2192
2211 6205 6204
2204 1054 2174
6206 6201 6207
1306 1850 5050
420 249 248
6197 6208 6209
2208 2197 2213
2196 2203 2207
2214 2194 6210
623 894 1177
838 6195 4820
6207 6163 6194
247 4575 5592
1188 2017 4983
1552 6211 5226
983 6212 5761
2213 2197 6213
2208 2213 2217
2214 2218 2194
5227 13 6214
2100 2172 6200
2209 2208 2217
2203 2210 2219
2191 2198 2207
2214 6210 2191
983 6215 6212
5603 4733 6216
1840 905 6217
1059 1716 2083
6179 4788 5869
1877 6218 5555
1011 1584 4896
1465 6219 2201
627 1621 628
2220 2199 2195
692 1415 693
1578 5556 628
2197 2190 6220
6221 6206 6209
5988 1178 4980
353 6222 4829
2209 2217 2210
2214 2191 2207
2207 2203 2221
2222 1535 6223
6219 6224 6211
6220 2190 6205
444 606 445
2017 1188 5779
2207 2221 2223
2203 2219 2221
6225 6226 5969
800 1643 1230
2204 1914 1054
1466 1691 1786
6227 6208 6228
1776 506 508
2225 6230 6229
2205 9661 9662
2217 2226 2210
2226 2227 2210
2227 2219 2210
4871 5810 4574
2226 2217 2228
270 1803 4587
894 623 627
2223 2229 2207
2129 2206 751
2225 6229 2218
1146 1558 1725
475 2092 2230
403 870 2012
2231 2218 2214
2092 6232 2230
978 1953 979
2224 6233 6234
2232 2199 2220
2192 2199 2232
2233 2226 2234
2226 2233 2227
2214 2207 2235
2207 2229 2235
2226 2228 2234
1409 751 2206
2236 2237 2219
244 2137 233
2219 2237 2221
4629 6235 5682
1310 6237 6236
513 564 6110
4903 4834 5535
2238 836 835
6221 2212 6238
2239 2227 2233
2227 2236 2219
394 2088 6239
2240 6241 6240
2241 2200 6230
836 2238 6242
2228 2217 2213
1685 1893 1772
2233 2234 2242
2243 2218 2231
2222 2244 2186
1408 6243 5115
2211 2192 6244
5049 6245 6246
2238 835 6247
2245 6244 6248
2214 2248 2231
818 1409 2230
2225 2218 2243
1409 818 751
2239 2233 2242
2223 2221 2249
6249 5002 5868
6158 1576 6172
6250 661 6049
972 1685 1772
2250 2229 2223
2251 2252 2253
2254 2253 2255
2068 1991 2247
6203 6022 5126
2256 2227 2239
2236 2227 2256
2214 2235 2248
2249 2221 2257
2253 2252 2255
2221 2237 2257
2258 6251 2255
2259 2254 2255
2258 2252 2260
2255 2252 2258
1483 1378 1600
2220 2195 6241
2241 2240 6240
2261 2234 2228
2212 6227 6252
315 652 4750
2215 6253 1553
795 794 691
1465 1566 6224
5955 2017 6254
793 6255 6256
2213 6213 6257
1380 5114 5181
2251 2263 2264
2240 2265 2220
1173 2081 1454
751 818 749
361 1438 733
2245 6248 2266
2016 1953 1538
2228 2213 6257
2263 2251 2267
2266 2232 2265
835 6222 6258
5083 5456 5089
556 5129 557
404 6259 5464
2269 2237 2236
2270 2271 2258
2272 2235 2229
2273 2251 2264
2260 2251 2273
2260 2252 2251
2258 2260 2270
2220 2265 2232
2216 2211 2245
2244 1914 2204
2253 2274 2251
2258 2271 6260
2238 2247 1991
2122 1231 2093
5971 5276 5278
2267 2251 2274
2250 2276 6261
2277 1407 1380
6251 2258 6260
2271 2270 2278
2239 2242 2279
2081 1173 1172
2280 1199 1567
1455 1438 5147
1414 6262 5124
2281 2234 2261
1177 824 5699
2215 1566 6263
2241 2225 2282
2282 2225 2243
2216 2283 2262
2228 2262 2284
1596 1057 1058
1129 693 1130
6042 6264 6265
2245 2283 2216
2281 2242 2234
2282 2240 2241
2272 2229 6261
981 6266 4877
2264 2263 2286
2287 2260 2273
2287 2270 2260
2256 2269 2236
2223 2249 2250
6267 5842 4821
2242 2281 2288
1783 2152 1644
2284 2261 2228
1010 1837 6268
895 629 1419
2284 2262 2290
6269 4768 6270
2292 2278 2270
2242 2293 2279
2256 2239 2279
2250 2249 2294
6256 2224 6234
1223 6271 6272
9 557 1878
677 5371 6273
5003 1221 6274
2262 2283 2290
2064 954 6262
1419 629 1420
2231 2248 2295
2268 1656 1658
2222 1645 5315
6275 6276 6277
2282 2243 2295
771 6278 535
2281 2261 2284
2248 2235 2272
2250 2294 2297
2270 2287 6279
2294 2257 2299
2257 2237 2299
5780 5325 6254
2293 2242 2300
2244 1371 5086
2301 6280 6281
6004 5161 4627
2275 2271 6282
2302 6282 2278
1407 657 5150
2270 2298 2292
5843 4784 4870
6283 2267 6284
2305 2298 2306
2300 2242 2288
2243 2231 2295
2092 6225 6285
6286 556 4706
1684 5386 6287
2273 2307 2287
2298 2308 2306
2249 2257 2294
1221 6249 6288
2267 2274 6284
507 517 1400
6289 982 4878
2274 2253 2310
750 4786 2021
2259 2275 2311
2301 6281 2311
2276 2250 2312
2302 2313 2275
2314 6291 6290
2315 2316 2288
2288 2316 2317
4769 704 5279
1984 5736 1466
2068 6292 5885
1407 2277 657
1914 2244 518
2293 2256 2279
2318 6293 6294
2315 2288 2281
2273 2264 2286
2248 2272 2319
2299 2237 2269
6279 6293 6295
2318 6296 6295
2299 2297 2294
2312 2250 2297
2300 2288 2317
2240 2320 2265
1758 5872 2057
6290 5097 6297
839 1530 5404
895 2065 1088
6298 302 4682
2245 2266 2321
607 771 6299
242 2128 1275
10 9 1172
1684 6300 5346
1508 2322 2323
2324 2308 2325
2284 2315 2281
2307 2273 2326
2269 2256 2327
2303 6301 6283
2317 2328 2300
2329 2306 2308
795 2330 793
2310 2253 2331
2254 2331 2253
2332 6303 6302
994 4887 6304
6305 1318 6255
1016 6059 438
2283 2245 2321
2320 2333 2265
1645 2049 5833
2272 2276 2334
1419 2065 895
2282 2295 6306
2256 2293 2335
2272 2336 2319
2286 2326 2273
2334 2336 2272
2308 6296 2325
6307 6308 6309
6310 6311 6312
1685 972 1686
2335 2293 6313
872 5384 6314
2284 2290 2315
1959 982 6289
6271 5668 6292
6315 2338 6316
2266 2265 2333
2263 6301 6317
2299 2340 2297
2312 2297 2340
6304 6318 6319
427 1530 5214
2254 6280 6320
2338 6315 2305
2304 2274 2342
2317 2316 2343
972 746 1686
2335 6313 2344
1493 662 1015
655 5591 4753
2313 2311 2275
2327 2256 2335
1455 989 988
641 643 1428
2318 2345 2325
823 824 1088
2310 2342 2274
2344 2300 2328
2310 2331 2342
6321 2309 6322
2331 2254 6320
2346 2292 6316
2343 2316 2315
750 6323 5896
2301 2311 2347
2278 2292 2346
2330 6324 793
954 2064 955
2290 2283 6325
2324 2348 2308
2317 2343 2328
2306 2329 2349
1120 5790 4950
2334 2276 2350
1611 443 2049
2351 1656 6326
2240 6306 6327
2290 6325 6328
2315 2290 6329
2348 2324 2325
1804 5476 6330
1521 6331 1686
2277 6332 657
2355 2307 2356
2269 2340 2299
6333 2357 6334
2327 2358 2269
2340 2269 2358
2326 2286 2359
2360 2307 2355
2360 2318 6294
2315 2354 2343
502 916 6035
2333 2320 2361
955 6335 1590
1806 6336 5572
2321 2266 2333
6337 1387 6338
2352 6339 6327
6340 6341 6288
5978 5940 6342
6328 6343 6329
2345 2362 2325
2363 2325 2362
2359 2286 2339
2286 2263 6317
2308 2348 6344
2329 2308 6344
2330 795 1129
2305 2306 2349
6345 6291 6346
2348 2325 2363
2100 6348 6347
6349 1759 6350
2331 2341 2342
2345 2318 2365
2366 2340 2358
2278 6351 2302
2319 2336 2368
1316 6352 5679
1201 2065 1419
1134 1135 5578
2369 6353 2319
1806 5573 6354
2311 2313 6355
2318 2360 2365
2361 2320 6356
6356 2320 6339
2021 2020 2019
1611 1566 1264
6357 6307 6269
2340 2366 2372
2369 2319 2368
2336 2334 2368
2334 2350 2373
2359 2356 2326
2326 2356 2307
1285 5038 1765
2276 6358 2350
2346 2367 6351
2375 2303 2304
6359 4709 6360
1455 1437 989
2313 2302 6361
2376 2348 2363
5317 6332 6345
1917 1558 1146
2377 6363 6362
2378 2344 6364
2377 2353 6363
1122 4952 5577
6365 6366 6321
2380 6368 6367
6366 6369 6340
500 502 5629
2276 2312 2340
2327 2335 2381
2358 2327 2381
2356 2359 2382
6370 1759 6349
4988 556 6286
6371 4710 6324
6372 6350 5434
1264 1263 1612
1464 6050 6373
2383 2328 2343
563 6371 6374
2248 6353 6367
1514 5767 823
2347 2311 6355
1320 1334 5067
2365 2385 2345
2377 6362 2361
2341 6375 2342
2380 6376 6368
2334 2373 2368
6343 2353 6377
2376 2364 2348
2370 6361 2367
301 6378 630
2384 2330 1129
2349 2329 2387
1722 914 913
1806 5478 1107
2276 2340 2372
2381 2335 6379
428 4655 6380
2388 2351 6381
2338 2305 2387
2363 2362 2376
2376 2362 2389
512 6092 4962
2276 2372 6358
1287 2065 1902
2390 2372 2366
2305 2349 2387
1462 1071 6382
2387 2329 2364
6376 2380 6383
1960 6384 5753
2359 2339 2391
2360 2355 2392
2392 2365 2360
2362 2345 2385
2359 2393 2382
2366 2358 2394
2378 6364 2383
2341 6385 6375
2347 2370 2395
956 478 6386
6387 4883 6388
6077 1397 5110
2394 2358 2381
2383 2343 2354
1106 6346 4940
622 6386 789
936 935 855
1191 1903 1201
1106 6389 5316
6390 6391 6365
6392 6390 5070
2382 2355 2356
2385 2389 2362
2392 2355 2382
5347 6393 6394
2341 2301 2396
987 841 1050
2301 2347 2396
2374 2373 2350
2303 2375 2397
6395 1955 6396
1052 1049 1050
2381 6379 2378
2398 2372 2390
780 1397 1386
2368 2373 2399
2398 2374 2372
277 1108 4941
2367 2346 2400
6397 2401 6398
915 6399 913
2346 2338 2400
2402 2376 2389
2393 2359 6400
2402 2364 2376
2394 2390 2366
2369 2368 2399
2404 2392 2382
1521 5211 6331
2339 2303 2397
2405 2385 2365
2386 2383 2354
561 4711 1386
2396 2347 2395
2359 2391 6400
6401 602 5586
1392 1794 1390
6402 1373 5458
1121 5870 4951
2377 2361 6403
1157 1570 6404
6405 2407 6406
1278 5475 6381
2394 2381 2408
2389 2385 2405
2351 6398 6370
10 1050 11
2409 2387 2364
2386 6377 6407
6380 992 6408
6409 6410 5328
2370 2367 2400
5477 1806 6354
2407 6411 6406
2386 6407 6412
6385 6413 9663
6415 6416 6374
6395 6391 5669
325 4610 840
2338 2387 2412
2409 2364 2402
2391 2339 6417
1766 5590 1696
2414 6419 6418
2414 6420 6419
2412 2387 2409
2378 2415 2381
2396 2395 6421
2417 6422 1955
2398 2169 2374
6270 6423 6424
2384 1785 6415
1570 6312 1181
2418 2338 2412
2378 2383 2415
2419 6426 6425
1251 6427 6428
2415 2420 2381
2381 2420 2408
589 1741 6429
6392 6430 6431
2398 2390 2421
6079 563 6416
459 6432 4669
6403 2361 6433
2388 6422 6397
2423 2369 2399
1804 6396 2388
614 5342 4803
2402 2389 2424
2338 2418 2400
2086 944 6434
5658 5840 6435
2397 2375 6414
2410 9664 9665
1347 6438 6437
2361 6426 6433
2389 2405 2424
2380 2425 2419
603 6439 6440
2394 2421 2390
2404 2426 6418
2403 2391 2413
680 2168 1818
2424 2405 2427
6441 779 4804
1408 5170 6243
1760 5945 6373
2371 6383 6425
2428 2386 6412
6442 925 6214
2421 2394 2408
2405 2365 6420
2400 6443 2370
2383 6444 2415
2373 2374 2430
2383 2386 6444
2431 6446 6445
1955 2432 2417
2410 6447 2397
1557 434 664
2393 6448 6405
2169 2430 2374
2380 2369 2425
2373 2430 2399
2404 1745 2426
1672 1629 1531
6417 2339 6447
2421 2408 2434
457 6167 6449
1902 1903 803
2402 2424 6445
4698 5803 6450
2393 2403 6448
1453 1513 5162
1747 1749 6451
2435 2423 2399
305 2432 6452
941 944 2157
6453 6454 6421
6455 6453 6443
1919 6457 6456
6458 2438 6459
6441 2411 6460
5671 303 6452
2408 2420 2434
6401 2401 6439
2405 2414 2439
5947 5210 6430
2425 2369 2423
2399 2430 2435
2426 1745 2414
2432 305 2417
2169 2398 6461
9666 2396 9667
2409 6446 2441
1570 1157 5238
541 869 2102
2400 6459 6455
603 6440 305
6463 2441 6464
2404 6411 1745
2427 2405 2442
1807 1713 1808
459 5846 6432
2443 2095 604
2444 2407 2433
391 952 1144
2439 2442 2405
2441 6463 2409
5206 1287 5039
1328 937 891
6458 6464 6465
1194 1988 2133
1745 2407 5427
1348 6466 5077
389 5294 5398
612 5929 5396
2440 9668 6467
2431 2424 2427
2421 2434 2446
2413 6468 2447
2448 6470 6469
1972 6471 5708
2433 2403 2447
2045 2423 2435
2403 2413 2447
2407 2444 1567
533 5248 534
6472 6473 6454
2415 6474 2420
952 5144 950
718 1206 5561
6311 2337 6460
2451 6475 2422
1435 1982 950
2452 6476 6477
1195 2453 6478
5410 6479 6466
6474 2415 6470
6480 1200 6468
1157 477 772
2431 2427 2455
4600 5827 4848
2051 643 4746
2423 2045 6481
2446 2434 6476
2428 2406 6475
1059 691 794
2448 6469 2451
1935 1937 1883
2442 2439 1744
2438 6465 6482
1349 6484 6483
532 5209 4689
890 867 6485
1972 6486 6481
2452 6477 2450
772 410 1157
2337 1667 6487
6488 1761 6489
1192 1194 2133
2444 2433 2280
1567 2444 2280
1251 5015 6427
1667 2337 6490
2043 2443 5818
779 6487 1666
779 5737 614
5063 6238 9669
1875 1813 610
1567 5985 6491
1970 2457 5858
2433 2447 2280
1325 6492 6493
531 525 4687
2427 2442 2455
6494 2458 6495
2431 2455 6496
5808 1771 6130
6488 2425 6486
2450 2448 2460
2416 6473 6467
2443 2457 1970
2456 2436 6482
6497 2419 6489
1207 1671 1589
6498 6499 6485
1665 6500 1666
2459 6501 6496
2441 6501 6502
1763 6503 6497
1763 6504 6503
2455 2442 2462
1993 867 716
1145 1666 2089
1741 1738 5485
2441 6502 2456
2463 6506 6505
2447 1200 1199
5928 6507 6508
2280 2447 1199
6499 580 5369
1200 6480 2440
6495 6509 6479
2064 1310 6236
2457 590 2062
6510 393 6484
409 6511 410
1982 1435 5228
6472 6512 6513
580 4726 5368
1674 5812 547
2443 2043 2457
2463 6514 6506
703 6507 4767
2089 6500 6494
525 531 4685
6515 6505 6511
1589 5335 5261
1982 951 950
6516 1310 5054
2462 1519 2455
2452 2450 2460
5746 4992 4831
6429 1741 6517
701 6519 6518
6520 6521 6509
527 373 6522
1519 2459 2455
1916 6524 6523
2458 2464 6520
2462 1517 1519
917 6198 5820
2155 2457 2043
6525 2332 6512
2465 797 4
438 2015 5776
2332 6525 2461
6526 580 6498
257 5508 6527
1665 6528 2458
2466 1431 6529
6524 1916 6530
1670 1671 2109
6510 2445 6521
6531 1198 6532
976 2155 2043
1110 1879 1284
6451 1943 6533
829 6534 5741
800 1230 801
1709 1993 1992
1198 4987 6532
6515 6535 6536
1162 5731 1359
1915 597 996
1974 1237 979
6537 6528 6514
2463 6538 6537
2459 2469 2461
1709 6539 6526
2460 6540 2452
976 372 2155
954 622 4741
1554 1670 5552
4917 512 6541
1740 1739 1738
4766 5850 5633
977 6522 4875
2459 1519 2469
1508 1923 2322
1727 495 869
5886 1655 6028
2155 590 2457
1358 1267 1992
2117 2464 6542
581 6539 6543
2451 6504 6523
416 415 1110
1367 1368 712
4635 6544 6545
6546 6547 6548
1738 1741 1740
581 373 527
2468 2069 6542
2469 1402 2461
712 1710 1367
1916 654 6530
1790 6549 1680
1879 1110 1109
2134 1000 288
588 6122 6545
654 2104 6540
1266 616 6060
1360 1186 1989
1013 2007 6550
472 5648 6551
1068 1234 1641
1207 1209 442
638 6553 6552
2025 2467 2026
1366 416 5743
1021 5193 5845
369 1863 1828
357 919 1399
2332 2461 1402
1862 5903 6554
1515 465 743
347 2133 1988
5844 1276 5030
1409 9670 9671
2025 2069 2468
2027 2026 2472
1914 517 507
2471 2026 2467
742 741 1360
415 1077 1109
465 1118 741
5471 5512 4895
1989 1008 6555
1368 230 712
1266 1368 1267
1573 898 2141
1075 4926 6556
1395 5108 6557
666 1692 1273
1740 589 2085
2351 6326 1278
1502 417 416
1710 2153 6558
1640 1598 827
1655 1654 5851
5020 4923 6559
1773 310 1180
4973 1163 5357
2046 6036 1606
6560 1922 5627
6176 6226 6189
4833 4696 6561
1008 2472 5470
1790 2472 2026
862 826 4815
1739 1503 1366
589 588 6562
2008 2007 5916
6531 6513 6302
417 1075 6556
1926 763 1654
5635 1653 6563
1208 442 440
2108 2075 374
1006 4894 6564
1653 5887 6565
2153 1710 712
2322 1923 2474
2085 6566 5920
1483 1893 1379
737 881 735
5576 5395 6399
2027 2473 6563
6567 6568 6492
6569 6020 5849
1111 616 1266
2027 2472 2473
417 1502 782
2108 2153 2073
2028 1969 6570
532 4688 6571
827 826 1641
1842 1856 1150
2072 1872 6572
230 1368 4567
441 6573 440
617 5460 6574
463 1243 464
1502 1508 782
6575 539 5014
711 2073 2153
511 1282 6541
781 4996 5973
711 2153 712
1788 2322 6576
2472 1008 6577
4997 6578 4890
997 1212 6579
763 1926 5727
344 768 1468
5921 6580 6581
1147 1146 1725
2475 1789 6582
1987 1874 5738
1234 1068 1139
1007 6583 6577
230 1546 711
6558 6557 6543
2108 2073 2075
1117 1187 1118
1007 821 6583
1926 2473 5728
515 6584 6585
395 6573 4645
1922 6581 1923
464 1361 1117
637 4743 6586
711 1546 6587
768 2058 439
822 396 820
6588 2476 6589
2136 1571 2036
1458 2080 6107
2113 2477 2114
1567 5235 5426
1788 2323 2322
2079 2477 2078
1212 1778 1213
711 2476 6588
369 689 1863
673 5473 4756
541 2102 6044
232 2039 1546
466 6591 6590
1277 6592 5956
463 694 1243
2039 232 1393
2475 2476 6587
2323 2478 783
997 4892 6023
1970 6593 2443
592 284 388
1546 2039 2475
6594 6582 6595
1147 2136 2124
1097 1897 6596
1372 1895 1801
6595 1789 6576
1400 632 508
1565 2479 2480
1640 926 6597
2475 267 5469
1361 1243 1244
1788 2478 2323
1450 2481 1681
1277 5031 6592
5963 5998 5733
1361 2121 2056
394 4646 2088
2120 2088 2098
1990 5740 5768
6598 701 6518
6599 5936 5254
6600 4853 6601
2039 1393 2040
822 2098 2088
1351 6033 6602
2478 2482 6603
5687 5495 4684
2039 5800 2475
267 266 5468
783 6603 6604
6605 2121 6170
6606 1476 5177
1460 772 1795
5909 5260 6508
2062 6517 1812
999 6607 1448
522 6608 4683
466 6590 6609
6610 653 6607
2038 926 2130
2483 2482 6611
1438 1226 5860
585 1448 653
1309 6612 1947
345 4852 299
4586 267 5799
6613 6570 6608
6100 1768 6614
282 284 6048
924 6616 6615
2357 6438 6449
1332 1331 1777
6606 6617 6618
308 307 6619
744 6267 5983
266 2483 6611
8 4864 896
6101 6615 6605
268 2483 266
1829 370 1830
690 1968 6135
6613 522 5748
543 1614 5092
6620 2154 6621
6409 4949 5747
5754 2004 6621
6622 5994 6623
587 1762 1607
6624 1660 6625
1402 2469 1998
1021 1260 975
2485 6627 6626
1790 2026 6549
2104 654 4751
949 458 953
1062 1035 250
592 5783 678
934 2486 6628
2332 1402 6303
1762 587 586
1436 2466 6629
6630 2289 6617
5723 1978 5884
6631 6102 6620
239 1780 6632
2028 6633 1969
1404 300 1871
6634 1499 5923
6273 6630 6635
653 6610 1837
1234 1139 14
2469 1519 5791
6631 5698 5548
2463 6536 6538
5236 1567 6491
654 1916 586
1792 6636 6637
6618 2289 6268
2480 2488 1937
5099 1382 6596
250 1035 1034
272 274 1783
6638 6639 4755
1265 2076 5265
6640 5662 4799
2106 331 6120
2489 735 881
1985 1482 910
634 635 1701
5792 5208 6633
484 2167 842
474 6384 4666
1779 1444 6641
387 6642 385
409 411 6643
411 1680 2471
750 5897 6644
2063 1615 978
2462 1744 1517
1465 1467 1566
6456 6638 5618
906 1799 1474
1692 965 1274
1744 2462 2442
1451 5158 6645
899 568 1801
2046 2045 6148
2414 1744 2439
546 217 6098
602 4732 5944
2435 2430 2045
1925 6646 6109
1791 6461 2446
1160 1162 6555
2414 1745 1744
5595 253 6647
2169 1791 6147
2430 2169 6149
2421 2446 2398
5598 638 6552
6648 5934 6649
1998 1403 1402
1144 953 458
1042 1641 826
1984 2076 5734
1265 5025 5735
1582 6650 5866
5189 6639 6651
1532 1531 5709
233 2137 6058
439 395 1468
1873 2022 2090
1775 698 1326
1333 5705 1236
428 2032 5984
1895 1372 1896
6202 5119 6652
2485 6653 6627
1730 5890 6551
5006 1226 6038
4816 5882 6654
1202 1394 1717
6569 767 5362
691 693 795
1914 518 4681
430 432 5332
1650 1422 5322
6601 5990 5173
679 2046 1009
1942 6656 6655
2078 2477 748
862 1152 826
1829 1831 6657
2165 1999 6133
1126 4957 5612
961 963 1341
485 5714 6658
1137 565 513
297 4598 6659
404 1279 6259
6660 6661 6662
1991 2068 2012
4835 872 5769
2109 743 6663
6664 1568 5465
6665 5964 5486
1856 2042 6666
963 2080 1026
1425 1743 6667
1278 2268 5033
1572 2141 1905
1527 1994 274
2062 1812 5484
5074 1342 5224
283 282 5165
328 329 1286
1897 1097 5717
725 4777 1232
282 2040 1393
1988 482 347
814 3 5981
2182 1183 1743
1792 6637 2104
1352 1816 948
1497 1183 684
321 6669 6668
634 811 492
1642 1103 1105
1714 311 5453
5432 6670 5568
1415 5125 5128
2238 6671 6242
925 6442 2493
409 6643 6535
263 2494 6672
1083 1866 5541
1651 1995 1652
6673 775 6674
2145 1996 6675
434 964 664
491 490 4947
397 2137 2496
887 4844 1302
878 4841 1210
1305 6246 6676
816 817 6677
1773 311 310
6678 6679 6108
1029 1028 5489
848 481 1986
440 439 1304
6680 6669 5666
1824 6681 6434
6682 2034 6683
1004 1946 1353
2063 1818 1250
1871 1870 1673
6114 5847 6684
6685 1156 6686
6546 6687 6688
198 4542 1140
1692 1274 1273
850 6082 438
1908 1233 6689
1460 1680 411
1755 893 892
6690 6691 6692
1980 5726 6693
387 2094 6642
4916 4638 5898
998 6578 6604
457 5295 458
2144 2143 2484
2143 494 2500
5005 6274 6341
4918 5607 5109
771 535 959
2072 2502 1376
1965 754 1886
5931 1210 6694
2072 6572 2502
1469 1471 6695
1762 1916 1763
2072 1376 5095
2502 1377 5093
577 5105 4722
1377 6696 5094
2489 881 1973
1957 1377 1958
567 5087 4714
2133 6055 1720
2502 1958 1377
2090 2162 2503
493 2084 2072
2084 493 2504
256 6697 6698
1629 1672 1303
2503 1471 6699
1143 1017 5732
536 4692 5044
1957 2501 1377
1469 6695 6700
6191 2103 5979
1786 6701 5466
907 909 1214
6702 540 4693
1691 503 6701
1727 2504 495
5667 6703 6704
1304 1671 1208
2204 2186 2244
1795 951 1460
1161 951 1982
6548 6705 6706
2501 2508 1377
1617 1242 6707
1488 842 2167
1276 6708 5073
466 6709 6591
6138 5212 6164
1489 1488 2111
493 495 2504
869 868 1726
6237 6516 5993
2489 1495 6710
2510 2508 2501
591 592 5354
1535 2186 1533
1377 2508 6711
677 6635 6019
6580 6589 6594
1972 2046 6471
1377 6711 6696
6239 6616 6600
2323 782 1508
2511 1560 6712
2144 2011 1647
2143 1721 494
1301 2491 1299
1899 6713 5580
2512 2508 1997
2500 2508 2512
1068 1641 1042
593 1215 4727
5739 993 6671
2 1859 4390
1444 1300 5151
5389 6382 4919
2102 495 494
1300 1779 1498
2446 6636 1791
1483 1772 1893
5326 6714 6715
1574 1941 6716
932 2060 1289
1489 2111 1659
1997 2112 2512
307 6717 6619
1498 1779 1499
598 932 596
1323 1677 1324
5982 3 4389
6718 2513 6719
2510 1997 2508
2484 2500 2512
2077 1056 1915
736 2171 6719
2112 2484 2512
2500 2484 2143
1487 1489 6720
2116 489 1892
2060 408 6714
6566 6562 6721
2484 2112 1331
1922 6560 5922
2171 6151 2514
1960 5935 475
1374 1961 1375
5966 2097 6712
1211 5611 6005
2138 810 812
1374 1614 5805
408 4859 4652
2116 1262 6722
2136 2036 2131
1572 6723 5239
1809 5479 6724
1262 2003 6725
5233 1564 6726
5511 5152 5715
1836 6727 1445
4897 1013 6728
1055 878 1210
1195 1836 2453
299 923 5547
1487 2453 1836
1444 6614 6641
1777 1331 2112
6729 291 6725
1932 669 1986
1262 2116 2003
6730 1322 5329
6715 4651 6625
1035 5544 5361
1753 6584 6731
6732 6352 6360
2465 1859 398
1836 1195 6727
1768 6733 1780
1246 1809 6724
1131 2384 1129
1838 1731 1730
608 2515 2029
295 4599 5656
6085 1093 6734
6735 2485 6626
5231 1562 5895
1826 5722 5788
1529 473 5891
750 6644 6053
1629 1495 2489
406 598 5751
2515 608 1529
515 1330 5066
240 1082 238
240 6632 2517
2029 2515 2516
1868 1608 5811
1127 6722 4956
2029 2516 2030
1770 5445 1672
1768 1616 6733
1248 5011 6736
6737 6735 6738
238 2054 1595
530 901 903
1422 5136 1651
6739 1247 6740
2323 783 782
2453 6741 6478
6730 406 5340
1616 5444 1196
6729 6742 4594
2010 1652 1995
1210 880 6694
1809 6743 6585
2485 6744 2011
1613 1651 1423
6745 6744 6737
2096 1196 6746
6747 1608 5282
6748 1617 5286
1082 2497 6749
238 6749 5841
514 6750 4679
2029 607 4735
2054 2030 2516
6347 4676 5972
1247 6739 1245
1550 6751 5221
9672 1838 9673
1929 1080 6747
4867 6738 6750
2517 1616 6752
2497 2031 2030
4596 293 5582
6753 6754 6745
1322 1324 6660
1894 1650 2094
2490 6755 6754
1195 2454 1196
1698 636 880
2246 2031 2497
2031 607 5795
1839 2518 6756
1929 1078 4927
789 6404 1181
5917 472 4664
1494 1245 1495
1413 6757 6758
2519 1324 1677
2497 6759 6676
6760 2520 6761
6762 6752 5287
1617 6748 1242
5806 5135 6742
5581 1169 6763
2520 6764 6761
5638 1311 6763
1694 5370 1551
516 6757 6765
6766 4680 6765
1562 1909 1677
6758 5012 5121
1698 6756 6586
6726 5834 5597
6762 1617 6767
6768 725 6553
1940 2495 6769
968 6770 6753
5048 5179 5938
4597 6771 5223
2031 2246 770
1652 6755 6772
1324 2519 6773
5596 6774 6775
6770 968 4866
6776 6402 6266
1565 5234 2521
1078 6728 1699
2495 1940 6777
6778 6779 6760
471 6780 261
637 2518 6781
607 2031 4796
649 1242 2096
6782 254 5122
6783 5606 6776
5423 5583 6066
6784 5950 6771
6766 6785 4865
6786 6787 6788
1168 1011 5831
6784 6789 6790
2523 255 6778
1436 6629 6791
648 1241 649
1241 2509 1242
261 959 4582
6782 6779 4578
6788 6774 6792
726 6793 727
6780 471 6299
1424 5892 6065
548 6794 2495
261 263 6777
1168 4974 6795
5585 6796 6550
6797 386 4637
548 2495 6672
1241 2524 2509
2492 6798 648
6768 6781 4776
1005 2523 6790
1481 6799 5939
1565 6800 1241
806 6801 804
958 959 535
1253 5637 6245
6794 548 6802
6803 6786 6804
1436 6805 2466
295 5655 6789
2487 2466 6785
6791 5123 5145
262 958 6806
1908 6689 6792
5893 1894 6807
1293 5046 5424
1599 6809 6808
1936 5876 6810
4915 6807 5943
2524 6800 6811
549 5616 2002
6812 4579 6809
6804 2522 6813
6698 6805 5146
1005 947 2523
1941 1561 6813
1919 5617 6690
1004 1352 948
4863 957 6691
256 6814 6697
6815 6720 5327
876 1432 5023
947 1005 948
6816 6817 6811
1450 5155 2481
6814 6812 6062
806 558 6801
549 4700 2494
6818 1669 5333
534 1154 4965
6797 967 6529
1292 1867 2481
660 659 2002
2119 1681 2481
1561 2488 2479
1835 485 842
4839 877 6039
710 1742 6819
1561 1941 5649
1154 710 6819
1352 1004 1353
6820 1601 6821
5215 1509 6822
5643 1936 6816
5416 6457 6823
1509 1353 1946
931 2098 822
1012 2007 1013
1669 1603 6824
5420 6823 6692
728 6825 1816
2119 877 1810
1205 1810 1203
1669 6818 2505
1228 986 4881
2008 1583 5430
946 6826 6827
986 786 6828
4704 5664 5057
2488 1561 1560
1735 5411 6820
1205 4991 1822
1354 1663 1815
946 6829 6826
1810 6830 2119
946 6825 6829
710 1154 6828
340 893 6831
1354 1296 1295
710 709 5417
4754 6111 5813
2119 1811 1681
893 1755 6831
6832 6833 5693
554 6834 5665
497 6670 4672
1935 1883 1938
6651 2437 6667
6835 2059 5856
1509 5199 6822
708 642 6836
775 6017 6674
6837 6838 6834
1446 5480 5153
642 1426 6836
786 6838 708
1426 642 6175
6839 6734 4936
1603 5275 5498
1094 1294 2525
2059 2052 6840
732 729 1591
731 6706 4778
1638 6841 6682
2097 6842 2511
728 1591 729
2033 2507 2034
6843 6832 5644
6830 1810 5481
554 4703 6844
1497 1743 1183
1351 1591 6032
1426 2182 1743
658 5188 6112
1093 5968 892
1734 6841 6835
708 6845 642
6846 338 6708
1451 6848 6847
5483 4617 5730
2526 2051 6845
554 6844 6837
579 2527 4725
1822 5825 5675
6247 835 6258
1497 684 697
1881 1695 5830
320 6843 4607
774 1255 773
6668 1351 6602
5343 6640 6673
1350 6849 732
6705 1639 6683
2527 2528 6850
1093 6851 4934
2528 2051 6850
1891 1634 5309
1451 6645 6848
6852 1473 6853
1451 6854 5157
319 4724 4606
6855 5311 6547
5759 4851 6713
2182 1182 1183
5691 6842 6519
1602 6840 5826
2528 2527 579
1427 2182 641
825 456 892
1623 5296 1775
318 5829 5645
6856 6687 6849
4659 6854 6857
684 686 5937
1180 6858 1773
2511 1881 5563
6859 6860 6688
863 2052 5837
2182 1427 1182
6861 6856 6680
865 864 645
579 1512 6862
1182 685 4759
2528 2018 5835
412 707 4771
1065 864 1805
873 1473 432
6863 1429 6864
1512 2018 6862
1087 6016 2160
6568 6864 5907
1899 1512 5760
4943 4765 6598
431 6865 1805
341 343 454
863 1805 864
1918 1898 922
1065 646 864
1939 1061 1918
1869 696 1623
6866 6867 5757
364 6868 5202
5989 5140 6867
2470 6860 6869
2001 1774 5451
342 2001 6858
455 6871 6870
6872 5781 6868
6873 6871 6342
1469 6874 1880
2499 6875 6859
860 6876 5684
1512 1899 5200
6877 738 6878
1166 380 379
1166 1060 2530
6879 6704 4717
6703 5902 5267
5579 6880 4658
1066 1002 1001
6881 364 5201
859 707 4911
6866 6882 6040
571 6883 2529
5859 6884 6877
1668 2529 1484
6885 6880 5745
860 6886 6876
6887 1548 5220
342 424 2001
6872 4625 6882
2079 2114 2477
2163 6888 509
1325 6493 5772
6889 5900 5625
572 5269 4718
5807 4781 5448
5641 6013 6106
1484 1548 6887
6890 5809 6891
5953 1890 5951
1774 2001 423
380 1166 2530
1250 1615 2063
6865 431 5719
1064 1067 1001
2114 2079 6892
6893 4626 6881
1048 5977 4976
747 748 2113
6883 571 4719
6886 860 5652
451 575 1880
6894 6891 4780
688 4785 4760
2530 1945 2531
1170 4977 5653
6895 1862 6554
2531 1624 380
5853 1869 5770
696 1930 413
1385 1314 5061
1066 1618 1002
5553 1439 6896
1067 1064 1630
6884 6897 6894
451 6885 4720
2531 1945 5681
1630 5554 5301
5183 6897 5060
2115 2114 6898
362 509 4624
6899 6893 6874
1486 1548 1484
2161 509 362
1067 6900 1066
1618 5289 5288
1690 2035 1592
510 6888 6898
6901 2067 5877
1067 5302 6900
509 2161 2163
1469 6700 6899
573 4860 6901
2533 1433 5290
575 381 5213
1548 1486 6902
6902 2532 6896
1229 934 801
6895 6903 5721
1314 333 1312
6904 6905 6906
6907 2285 6908
4922 1073 6909
1977 6910 2162
1624 2531 1814
6910 1977 6903
1876 6912 6911
6913 6665 5680
6889 4959 6025
1433 762 761
368 6559 5782
1662 6914 2048
6913 4810 5725
1631 1876 6911
933 801 934
6827 6063 5272
807 1073 6915
5881 928 5742
1231 2486 1229
1540 1470 1626
2533 6916 762
1539 1471 6917
934 1229 2486
6265 2285 6918
467 1662 5962
2035 1690 5356
6628 6918 6907
6919 1344 6920
2535 2534 384
6921 1820 6922
6264 6923 6904
2161 2503 2162
2091 2090 2503
6924 5880 6925
1314 1385 334
2090 2022 2162
6890 1491 5182
6024 4857 5383
808 6914 1981
807 6915 4809
333 1820 6921
384 2534 6923
1343 2535 384
468 370 5565
1983 6926 1626
1470 1540 6917
4856 6927 6070
1828 1830 369
5412 1736 5797
1344 6919 5076
1490 6922 5798
1857 1948 6928
467 4662 1661
762 1344 5821
1827 1830 5504
1335 1643 1105
1471 1539 6699
382 5190 4636
974 5961 6929
5217 1540 6926
5965 6693 6435
6927 6924 5619
2151 6083 2149
6930 1826 5787
1231 1335 2093
1343 384 383
1857 6928 5927
2091 6650 1873
4873 974 6929
4874 5360 6931
6932 1104 5941
1453 1270 2536
1857 519 5657
1830 1827 5506
1585 1500 2093
1343 2536 1270
383 6933 2536
6934 5621 6935
1827 6936 5752
2053 5839 5999
1800 6010 1799
6937 5865 5218
1475 5176 337
5564 6657 6709
349 5925 350
1542 1544 1860
198 1140 234
1619 1860 6938
1799 1798 1797
6939 1587 6933
816 1987 5631
1943 1749 6940
6941 6216 6942
584 2132 6943
6155 2087 6681
1217 1904 5587
1281 1513 1047
6655 1951 6533
2149 2145 6944
1874 1987 1749
1587 6945 6946
906 1475 904
1357 520 5530
6935 5517 5377
6937 5764 4999
1103 6684 5707
1453 1047 1513
6934 6115 6071
521 1544 1543
5942 5402 6599
1475 337 4613
6939 5255 5256
973 6931 5203
1544 312 6938
2146 2148 6947
946 948 1816
1218 1581 5000
1950 6656 6948
2539 2105 6949
815 5632 1218
1950 582 6943
6945 5258 4910
520 1555 521
2498 582 6948
1269 1046 5257
520 1556 1555
1555 2540 521
813 6950 1619
1907 1479 2110
1705 1707 6951
2498 796 2541
813 815 6950
5651 6031 6685
1156 796 6686
2540 312 1544
2542 6953 6952
1707 1705 5375
6944 6954 9674
6956 2543 9675
1171 6957 5036
6958 6949 5027
6959 5455 6960
1269 1032 6961
5330 6662 6962
813 1619 5291
1309 6963 6612
1089 2151 6964
1594 6965 6127
3 814 939
313 4602 6966
816 815 4811
6952 6957 6959
2538 12 2146
1252 2042 5814
336 6953 5018
6961 4899 4908
6967 1853 6217
796 798 2541
6968 1793 6969
813 939 814
1156 5755 797
6965 6970 6966
1030 1479 1478
904 4902 6967
1855 1249 6971
6958 1102 6963
1910 2042 6972
1030 4900 2105
6973 6974 6975
6976 2542 6960
2547 798 797
6972 1252 6977
1418 5127 6126
6976 2546 6977
2548 6979 6978
2465 2547 797
673 5052 6980
1620 639 939
2547 2545 6973
2105 2110 1479
6981 6982 6983
6014 6984 6985
1856 1855 6971
2549 9676 9677
1040 601 5270
6988 6970 5271
1477 6989 5178
6984 6988 5558
1910 1150 6666
1416 6990 1417
1858 1859 2
1670 6663 742
1907 1477 1479
2539 2110 2105
6990 1416 6982
5053 544 6991
741 743 465
2465 398 2547
6678 5013 5472
1 2550 4388
2550 1858 2
1911 5599 6992
6993 6992 6989
12 6994 4392
1179 6995 5507
397 6996 6997
560 398 1859
4647 397 6997
2505 6821 6998
6999 6987 9678
2538 2551 7000
2552 7001 7002
6981 2545 6996
2543 6956 7003
539 6575 938
2550 294 7004
2548 7005 6979
1858 7006 5532
1910 1149 1150
1620 6985 6527
2496 7007 7008
6994 12 7000
1179 7009 6995
2139 2135 2553
2554 278 7010
6993 6647 7011
599 4906 713
259 258 5559
2477 2113 748
260 294 7012
1858 7004 7006
7010 278 7013
2149 7001 6978
7012 7009 7014
1140 1842 1141
7011 253 7015
7016 251 4590
244 252 713
540 6702 545
1149 245 1141
275 400 560
251 7016 7017
2553 2543 7003
399 398 560
278 245 7013
229 260 7014
244 7007 2137
4591 4585 4985
265 229 1179
1842 938 1855
6947 6986 9679
253 5522 7015
2537 6955 7002
219 7019 4649
2554 235 278
264 251 7017
2050 2555 241
224 253 225
2553 2135 2556
2135 1018 2556
2551 2538 7020
260 229 204
546 6450 217
926 7021 2130
1912 7022 2050
1906 6099 5594
1140 199 938
926 2127 7021
7023 214 4565
2538 7018 7024
2544 7025 6999
187 235 7026
7027 2128 6054
2554 196 7026
7027 2555 7028
2562 7030 7029
2563 2429 7031
2544 7032 7025
1884 1143 2565
2558 2125 2130
2566 7034 7033
925 2493 2558
7005 7035 7032
925 2558 2127
2564 7035 2567
2125 2558 2568
1912 2126 7036
2128 2565 1143
1018 1142 7037
2568 2123 2125
2563 7031 7038
2570 2561 7028
7022 7036 7039
7033 2552 7040
2561 2565 2128
1018 7037 7041
2493 2429 2563
2556 1018 7041
2573 2126 2123
2574 7042 2568
2558 2493 2563
2123 7042 2573
2557 7043 7038
2569 7044 7039
2576 2568 2558
2572 1884 7045
2568 2576 2574
7020 7024 7046
2562 7047 7030
2557 7048 7043
2126 2573 2569
2576 2558 2578
2563 2578 2558
2565 2561 2579
7040 2552 7049
2567 2548 7034
2561 2570 2581
9680 2582 9681
2559 2549 7052
2572 7045 2579
2573 2583 2569
2556 2572 7053
2581 2570 2585
7048 2557 7054
7052 2560 7055
2579 2561 2581
2570 7044 7056
2552 7047 7049
7056 2583 7057
7046 7058 7054
2578 2563 2575
2583 2573 2574
2567 2588 2564
2556 9682 9683
2585 7057 2590
2564 2591 2560
2566 2592 7060
2588 2567 7060
2593 2583 7061
7062 7059 9684
2578 2575 7063
2564 2588 2591
2584 2572 7064
2574 2576 2594
2595 2588 2596
2596 2588 2592
2581 2597 2579
2584 7064 7065
2583 2593 2590
2560 2591 7066
2599 2571 2580
2595 2591 2588
7067 9685 7051
2600 7068 7069
2578 7063 7070
2560 7066 7055
7070 2601 7071
2586 7058 7072
2566 2571 2599
2593 7061 2594
2602 2603 7073
2602 7073 2596
2595 7074 2591
2592 2566 7075
2605 2596 2592
2599 2580 7076
2605 2602 2596
2603 2602 2607
2602 2608 2607
2608 2602 2605
2562 2606 2580
2603 2607 2609
2585 2590 7077
2601 7078 7071
2592 2611 2605
2587 2598 7079
2599 7080 7075
2598 2591 7081
2606 7082 7076
2604 7074 7083
2604 7083 2614
2609 7084 2603
2615 2590 2593
2593 2594 2616
7085 7086 7082
2599 2613 7080
2608 2605 7087
2584 7088 7062
7067 2582 7089
2620 7091 7090
2612 2586 7072
2605 2611 2618
7078 2601 7092
2585 7077 7090
2609 2607 2622
2597 2581 7091
2613 7086 2623
2616 2624 2593
2597 2620 2625
2608 7087 2626
2614 7093 2604
2615 2593 2624
2628 7094 7095
7094 7096 7081
2616 2594 2621
2608 2626 2607
2616 2629 2624
2609 7097 7084
7079 7096 7098
7099 2584 7065
2624 2629 2615
2616 2631 2629
2615 2632 2590
7088 2584 7099
2627 7093 2630
2633 2610 2632
2632 2610 2590
2631 2616 2634
2632 2615 2635
2621 2636 2616
2629 2637 2638
2635 2629 2638
2615 2629 2635
2631 2637 2629
2630 7097 7100
2622 2607 2626
2637 2631 2639
2600 7101 7068
2640 7103 7102
2616 2636 2634
7085 7089 7104
2637 2641 2638
2634 2642 2631
7098 7105 7106
2637 2639 2641
7107 7101 7108
2645 7110 7109
2641 2639 2646
7111 2640 7102
2626 2618 7112
2642 2639 2631
2633 2632 2648
2649 7114 7113
2630 7100 2650
2620 2610 2633
2636 2621 7115
7109 7106 7116
2642 7114 2651
2652 2653 2632
7092 7107 7115
2647 7112 2654
2639 2642 2655
2646 2639 2655
2635 2652 2632
7111 2613 7117
2613 2623 7117
2625 2620 2657
2653 2648 2632
2657 2620 2633
2622 7118 2658
2626 2647 7118
2659 7119 2625
2643 7105 7120
2618 7103 2654
2650 2622 7121
2627 7122 7095
2586 7110 7069
2634 2636 7113
2661 2638 2641
2623 2617 7123
2635 2638 2661
7124 7125 7104
2625 2657 2659
2640 2656 2664
2648 2653 2665
2655 2666 2646
2657 2633 2648
2652 2635 2661
2646 7126 2641
7127 7120 7128
7123 2662 7129
2582 2668 7124
2661 7126 2666
2658 7130 7121
2582 2589 7131
2653 2652 2670
2617 7125 2662
2636 2644 2649
2671 7132 7133
2672 2643 7127
2666 2655 2673
2653 2670 2665
2674 2648 2665
2675 2654 7134
2670 2676 2665
2645 7116 2672
7122 7132 7135
2657 2677 2659
2630 2650 7136
7137 2619 7119
2678 7138 7137
2657 2648 2674
2655 2679 2673
2661 2680 2652
2670 2652 2680
2651 2649 7139
2682 2663 2668
2651 2683 2684
2642 2651 2684
7135 7140 7141
2647 2654 7142
2589 7138 7131
2665 2676 2674
2658 2647 7143
2687 7145 7144
2675 2686 7142
7146 2660 7141
2676 2670 2689
2666 7147 2661
2684 2683 2690
2651 7139 2683
7148 2630 7136
2684 2679 2655
2655 2642 2684
2659 2677 2692
2678 2659 2692
2674 2677 2657
7146 7149 7128
2673 2679 2693
2664 2694 7150
2674 2695 2677
2696 2600 7151
2664 2656 7152
2692 2677 2698
7134 2640 7150
7133 2630 7148
7129 7153 7154
2666 7155 7147
2682 2668 7156
2695 2698 2677
2676 2689 2702
2700 2670 2680
2644 2703 7157
2669 7130 7158
2673 2705 2666
2674 2676 2702
2658 7143 2706
2649 7157 2681
2644 7108 7159
2705 2673 2707
2695 2674 2708
2678 2709 7160
2672 7161 7144
2705 2700 7155
2645 7145 7151
2673 2693 2711
7156 2668 7160
2689 2670 7162
2674 2702 2708
2658 2706 2704
2689 2713 2702
2705 2714 2700
2692 2698 2709
2715 2695 2708
2700 2712 7162
2695 2715 2698
2669 7158 2716
2673 2711 2707
2683 2681 2717
2690 2683 2717
2703 2644 7163
2719 2714 2720
2679 2684 2711
2692 2709 2678
2644 7159 7163
2663 2721 7164
2705 2707 2722
2700 2714 2723
2722 2720 2714
2714 2705 2722
2688 2724 7149
2719 2723 2714
2725 2690 2717
2726 2720 2722
2727 7165 2701
2707 2728 2722
2719 2720 2729
2729 2730 2719
2708 2702 7166
2702 2713 2731
2732 2663 2682
2733 2715 2708
2675 7167 2686
2706 2735 2704
2693 2679 2711
2720 2726 2736
2737 2707 2711
2710 2738 2687
2687 2739 2696
2718 2696 2739
2723 2719 2730
2684 2690 2725
2707 2737 2728
2709 2698 2740
2726 2722 2741
2730 2729 2742
2743 7168 7169
2682 7165 2732
2741 2722 2744
2745 2729 2720
2689 2712 2713
2735 2706 2746
2694 2664 2747
2725 2748 2684
2664 2697 2747
2669 2716 7170
2721 2663 2732
2704 2735 2750
2734 7167 7171
2744 2722 2728
2731 7172 7166
2672 2667 7161
2749 7173 7170
2723 2751 2700
2686 2746 2706
2704 2750 7174
7175 7152 7154
2701 2709 2740
2745 2720 2736
2681 2703 7176
2753 2746 2686
2754 7178 7177
2717 2681 7179
2712 2700 2751
2713 2712 2731
2711 2684 2737
2744 2728 2756
2732 2727 2757
2758 2727 7180
2698 2715 2759
2751 2723 2730
2728 2737 2760
2749 7181 7173
2742 2729 2745
2734 2753 2686
2737 2684 2748
2744 2762 2741
2703 2718 2752
2739 2687 7182
2667 2724 7183
2733 7172 2765
2755 7184 2717
2698 2759 2740
2758 7180 2740
2681 7176 7179
2751 2731 2712
2766 2738 2710
7140 2671 7168
7185 2734 7171
2731 2751 7186
2715 2733 7187
2742 2751 2730
2761 2743 7169
2756 2728 2760
2750 2735 2767
2735 2746 2767
7153 7164 7188
2765 2768 2733
2736 2726 2741
2756 2769 2744
7189 7174 7190
2771 2732 2757
2764 2710 7183
2742 2745 2772
2760 2737 2773
2752 2718 7191
2687 2738 7182
2775 2741 2762
2774 7191 7192
2731 7186 2776
2721 2732 2771
2777 2747 2778
2740 2759 2758
2762 2744 2769
2745 2736 2779
2699 7188 7193
2781 2767 2746
2782 2755 2752
2737 2748 2773
2765 2731 7194
7195 2716 7189
2783 2749 7195
2754 7177 7196
2784 2776 2742
2739 2763 7192
2753 2781 2746
2710 2764 2766
2760 2785 2756
2741 2779 2736
2786 7198 7197
2770 7190 7199
2787 2748 2725
7175 7193 7200
2738 2766 7201
7184 2755 7202
2769 2756 2785
2784 2742 2772
2743 2761 2789
2734 7185 2777
2727 2790 2757
2727 2758 7203
2792 2764 2724
2775 2779 2741
2772 2745 2779
2688 7204 2724
2759 7187 2768
2721 2771 2780
2793 2753 2734
2734 2777 7205
2794 2769 2785
2763 2738 7201
2790 2727 7206
2761 7181 7207
2781 2753 2793
2769 2775 2762
2780 2771 2796
2727 7203 7206
2773 2797 2760
2688 7178 7204
2765 7194 2798
2799 7209 7208
2752 2774 2782
2757 2790 2771
2785 2760 2797
7196 2743 7210
2748 2787 2773
2755 2782 2801
2764 2792 2802
7198 2786 7211
2789 2761 7212
2763 2788 2804
2796 2771 2805
2759 2768 7213
2798 2776 7214
2807 2772 2779
2799 7208 2798
2775 2769 7215
2784 2772 7216
2781 2793 2809
2804 2774 2763
2697 7200 7217
2784 7218 7214
2766 2764 2812
2805 2771 2790
2801 2813 7219
2779 2775 2808
2758 2759 2806
2761 7207 7212
2802 2792 2814
2769 2794 7215
2814 2792 2754
2811 7218 7220
2816 7221 2789
2791 2758 2806
2764 2802 2812
7209 7222 7223
7210 2743 7221
2767 2781 7224
2782 2774 2818
7225 7213 7223
7216 2807 7226
2812 2788 2766
7197 7217 7227
2810 2780 2796
2819 2820 7228
2805 2790 2795
7202 7219 7229
2794 2785 7228
2789 2803 2821
7211 2786 7230
2823 2773 2824
2774 2804 2825
2797 2773 2823
2767 7224 7199
2793 7205 7231
2826 2810 2796
2818 2774 2825
2778 2822 2777
2779 2808 2827
2799 2798 7232
2809 2793 2828
2773 2787 7233
2797 2819 2785
7234 2829 7235
2812 7236 2788
2812 2802 2830
2787 7229 2831
2807 2779 2827
2807 2832 7226
2795 2791 2833
2809 2828 2834
2801 2782 7235
2814 2830 2802
2835 2803 2783
2797 2823 2836
2835 2783 2770
2806 2833 2791
2799 7232 2837
2822 7237 7231
2808 2794 7238
2811 7220 2838
2789 2821 7239
2754 2800 2839
2836 2819 2797
2840 2822 7230
2827 7238 2841
2805 2795 2833
2810 2826 2842
2824 7233 2831
2813 2801 2829
2807 2843 2832
2844 2770 2809
2816 7239 7240
2846 2843 2807
2830 2814 2847
7227 2810 7241
2805 2833 7242
2843 2849 2832
2820 2841 2794
2828 7237 7243
2754 2839 2814
2836 2823 2851
2835 2770 2844
2807 2827 2846
2820 2819 2852
2850 2822 2840
2853 2812 7244
2833 7245 7242
2804 7236 2853
2825 2804 2853
2854 7247 7246
2835 2855 2803
2815 2832 2856
2851 2823 2824
2857 2811 2838
2829 2858 7248
2859 2847 2814
2859 2814 2839
2840 2786 7249
2815 2856 2838
2850 2840 2860
2842 2826 2861
2831 2813 2862
7245 2833 7250
2841 2820 2863
2850 7251 7243
2837 2811 2857
2827 2841 2846
2856 2832 7252
2845 2821 7253
2821 2803 7253
2841 2863 2846
2865 2818 2825
2836 2852 2819
2853 7244 7254
2820 2852 2863
2816 7240 2866
2839 2867 2859
2849 2843 2846
2865 2858 7255
7234 2818 7255
2832 2849 7252
2799 2837 2868
2855 2835 2844
2869 2853 7254
2866 2854 7246
2833 2806 7256
7248 2858 7257
2867 2839 2800
2836 2851 2871
2872 2849 2863
2852 2836 2871
2849 2846 2863
2845 2855 7258
2868 2817 7222
2864 2849 2872
2872 2863 2852
2809 7259 2844
2810 2842 7241
2852 2871 2872
2834 7251 2874
2831 2862 2875
2833 2870 2876
2877 7261 7260
2878 2848 7262
7250 2833 7263
2873 2855 2844
2877 7264 7261
2879 7263 2876
2851 2880 2871
2847 2859 2881
2882 7266 7265
2853 2865 2825
2874 2850 7267
2868 2837 2857
2840 7249 2883
2884 2882 7265
2809 2834 2874
2869 2847 2881
2859 2867 2881
2885 2883 2848
2886 2867 7268
2806 7225 7269
2862 7257 7270
2862 7270 2889
2845 2890 7271
2800 7247 7268
2860 2840 2883
2873 7259 7272
7267 2860 7273
2838 7274 2857
2856 2864 7275
2872 2871 2864
2851 7264 2893
7271 2890 7276
7256 7269 7277
7278 2878 7262
2877 7260 2875
2880 2851 2893
2887 2817 7279
2862 2889 2875
2838 7266 7274
2894 7279 7280
2864 2871 2895
2865 2853 7281
2871 2880 2895
2884 7275 2897
2880 2893 2895
7258 2873 7282
2884 2897 2898
2867 2899 2881
2854 2900 2886
2888 2858 7283
2857 7284 2868
2903 2864 2895
2864 2903 2904
2870 7277 2905
2883 2885 2906
2896 2907 7285
2907 7286 7285
2893 2877 2908
2864 2904 2897
2891 2909 2874
2875 2889 2910
2894 7280 2902
2902 7284 2892
2911 7287 2881
2877 2875 2912
2878 7278 7288
7283 2858 7286
2904 2903 2913
2890 7289 7276
2886 2914 7290
7291 7292 7273
2860 2883 7291
2879 7293 7288
2900 2916 2886
2899 2867 7290
2876 2917 2879
2918 2870 2905
2893 2919 2895
2869 2920 7294
2903 2895 2919
2921 7296 7295
2918 2876 2870
2901 2922 2888
7297 2873 7298
2873 7272 7298
7281 7294 7299
2913 2903 2919
2881 2899 2911
2882 2884 7300
2885 2848 7296
2875 2910 2912
2889 2888 7301
2897 2904 2913
7282 7297 7302
2893 2908 2925
2919 2893 2925
2920 2869 7287
2902 2892 2926
2908 2877 2927
2924 7300 7303
2897 2928 2898
2886 2916 2914
2929 7304 7305
7293 2879 7306
2910 2889 2931
2900 7289 7307
2933 7308 2924
2922 2931 7301
2905 2887 7304
2934 2916 2900
7292 2906 7309
2914 2936 2899
2879 2917 7306
2907 2896 2937
2913 2938 2897
2939 2918 7310
2940 2877 2912
2911 2899 7311
2908 2927 2925
2925 2941 2919
2917 2876 7312
2892 2882 7308
2896 7299 7313
2942 2920 2911
2897 2938 2928
2927 2877 2940
2906 2885 2921
2892 2933 2926
2939 7310 7314
2900 7307 2934
2909 2891 7315
2921 7295 7316
2943 2940 2912
2890 7302 7317
2910 2931 7318
7303 2898 7319
2947 2927 2940
2917 7312 2939
2911 7311 7320
2937 2896 7321
2919 2941 2950
2913 2919 2950
2910 2943 2912
2928 2946 7319
2947 2925 2927
7321 2896 7313
2951 2915 2930
2914 2916 7322
2929 7305 2953
2913 2950 2938
2910 2954 2943
2901 2907 2955
2945 2954 7318
2931 2922 2945
2956 7324 7323
2946 2957 2924
2925 2958 2941
2890 7317 2932
2935 7309 7325
2894 2902 7326
2952 7327 7322
2916 2934 2952
2960 2950 2941
2925 2947 2958
2954 2961 2943
2935 7328 7315
2922 2901 2955
2962 2921 2963
2960 2941 2958
2928 2938 2964
2948 7329 7320
7316 2915 7330
2938 2950 2960
2907 2937 2955
2946 2928 2964
2965 2924 2957
2966 2940 2943
2940 2966 2947
2934 2932 7331
2944 2923 7332
2930 7324 2968
2933 2924 2965
7333 2963 7330
7314 2929 7334
7325 2921 7335
2971 2960 2972
2973 2938 2960
7328 2935 7336
2952 2934 2974
2956 7323 7337
2966 2958 2947
2945 2922 2975
2966 2943 2976
2926 2959 7326
2977 2960 2971
2973 2960 2977
2938 2973 2964
2955 2975 2922
2933 2965 7338
2960 2958 2972
2921 2962 7335
2955 2937 2978
2964 2973 2979
2974 2934 7331
2949 2978 2937
2978 2949 2980
2929 2953 2981
2948 2982 7329
2953 2894 7339
2951 7340 7333
2984 2935 2970
2942 2982 7341
2926 7338 2985
2977 2971 2972
2936 7327 2986
2987 2958 2966
2987 2966 2976
2974 2988 2952
2968 2956 2989
2972 2958 2990
7336 2935 7342
2951 2930 2968
2944 7332 7343
2979 2946 2964
2986 2948 2936
2965 2957 2993
2943 2961 2976
2959 2926 2985
2987 2994 2958
2970 2962 2963
7334 2929 7344
2996 2988 2974
2957 2946 2993
2984 2991 7342
2990 2958 2994
2976 2961 2997
2894 2959 7339
2979 2973 7345
2979 2998 2946
2998 2993 2946
2949 7341 7346
2977 2972 2990
3000 7348 7347
2948 2986 3001
3000 7349 7348
7340 2951 7350
2975 2955 2978
2977 2990 3003
3000 7347 2975
2995 7344 2981
2952 2988 3004
2986 2952 3004
2987 2976 3005
2968 3002 7350
2944 7343 3006
3007 2963 2983
2956 7337 7351
3008 2967 2991
2974 2944 3006
2948 3001 7352
2992 2967 3008
2979 7345 3003
2976 2997 3005
2996 2974 3006
2970 2963 3007
2969 7353 7351
3007 2984 2970
3010 2961 7349
3004 2988 2996
2985 2965 3011
2997 2961 3010
2985 3012 2959
2981 2959 7354
2999 2980 7346
2987 3005 3014
2990 3015 3003
3003 3016 2979
2997 3010 7355
2984 3017 2991
2993 7356 2965
3000 2975 3018
3002 2968 2989
3015 2990 2994
2994 2987 3014
2978 2980 3019
2959 3012 7354
2998 2979 3020
2998 3021 2993
3014 3005 3022
3004 2996 3023
3011 7356 3021
2982 7352 3024
2979 3016 3020
3008 2991 3025
2978 7357 2975
2989 2956 3009
3014 3015 2994
3008 3026 2992
3009 7353 7358
2980 2999 3028
3018 7357 3029
2999 2982 3024
2984 3007 3017
3030 2996 3006
3001 2986 7359
3003 3015 3016
3026 3031 2992
3006 2992 3031
3000 3032 3010
3033 7360 7361
3005 7355 7362
2995 2981 3013
3012 2985 7363
2995 3027 2969
3019 2980 3028
3011 3034 7363
3026 3008 3025
3022 3005 7362
2986 3004 7359
3029 2978 3019
2996 3030 3023
3015 3014 3035
2995 3013 3027
3036 3037 3016
3020 3016 3037
3015 3036 3016
3031 3030 3006
3025 2991 3038
2991 3017 3038
3027 7364 7358
3007 2983 7365
3040 3017 3007
3038 3017 3040
3015 3035 3041
3036 3015 3041
3042 3024 7366
3012 3034 3013
3014 3022 3043
3001 3023 3044
3045 3020 3037
3021 2998 3020
3014 3046 3035
2983 7367 7365
3028 2999 3048
3022 3032 3049
3043 3022 3049
2999 3024 3048
3050 3031 3026
3000 3018 3051
3036 3041 3037
3019 3028 3029
3030 3031 3052
3047 7367 7368
3042 7366 3044
3032 3000 3051
3025 3038 3026
3044 3023 7369
3052 3031 3050
3035 3046 3041
3021 3020 3054
3039 7364 3055
3013 3034 3056
3053 7369 7370
3024 3042 3048
3011 7371 3034
3058 3009 3039
3018 3029 7372
3043 3060 3014
3038 7373 3026
3046 3014 3060
3060 3061 3046
3021 7374 3011
3063 3064 3038
3046 3065 3041
3050 7373 3064
2989 7375 7361
3047 3066 3040
3057 7371 3062
3054 3020 3045
2989 3009 7375
3040 3063 3038
3067 3030 3052
3002 7360 7368
3062 7374 7376
3043 3049 3068
3029 3028 7377
3040 3066 3063
7378 3053 7370
3044 3053 3042
3056 3034 3057
3029 7377 3059
3027 3013 3070
3063 3066 3071
3065 3046 3061
3070 3013 3056
3028 3048 3069
3059 7379 7372
3048 3042 3072
3059 3069 3073
3064 3052 3050
3067 3052 3074
3037 3041 3075
3045 3037 3075
3068 3060 3043
3033 3058 3076
3072 3042 3077
3045 3078 3054
3070 3055 3027
3052 3064 3079
3067 3080 7378
3080 3081 3053
3042 3053 3077
3058 3039 7380
3066 3047 3083
3048 3072 3069
3056 3084 3070
3062 7376 3085
3063 3079 3064
3074 3052 3079
3077 3053 3081
3061 3060 3065
3041 3065 3086
3075 3041 3086
3047 3087 3083
3088 3051 7379
3080 3067 3089
3032 3051 7381
3087 3047 3033
3058 7380 3091
3082 3039 3055
3049 3032 3092
3093 3081 3094
3056 3057 3095
7382 3055 7383
3084 7383 3070
3080 3094 3081
3092 3032 7381
3097 3077 3081
3098 3080 3089
3077 3097 3072
3097 3081 3093
3068 3049 3099
3067 3074 3089
3049 3092 3100
3079 3063 3071
3087 3033 3076
3078 3101 3054
3083 3071 3066
3062 3095 3057
3069 3072 3097
3069 3097 3102
3088 3090 3051
3059 3103 3088
3069 3102 3073
3099 3049 3100
3045 3075 3078
3104 3079 3071
3104 3074 3079
3105 3065 3060
3086 3065 3105
3073 3103 3059
3058 3106 3076
3093 3094 3107
3073 3102 3103
3094 3080 3098
3082 3055 7382
3095 3084 3056
3097 3093 3108
3062 7384 3095
3102 3097 3108
3106 3058 3091
3108 3093 3107
3104 3089 3074
3060 3068 3109
3104 3071 3083
3110 3078 3075
3106 3087 3076
3083 3087 3111
3112 3102 3108
3082 3113 3091
3108 3107 3114
3062 7385 7384
3087 3116 3111
3117 3086 3105
3118 3086 3117
3110 3086 3118
3087 3106 3116
3103 3102 7386
3119 7386 7387
3094 3098 3120
3101 3078 3110
3086 3110 3075
3089 3104 3098
3083 3098 3104
3098 3083 3111
3121 3101 3122
3090 3088 3123
3062 3085 7385
3101 3085 3054
3113 3106 3091
3124 3101 3121
3109 3068 3099
3101 3110 3122
3085 3101 3124
3120 3098 3125
3098 3111 3125
3125 3111 3116
3106 7388 3116
3112 3108 3126
3125 7388 7389
7390 3125 7389
3120 3107 3094
3060 3109 3105
3122 3110 3118
3088 3103 3123
3112 3128 7387
3124 3129 3115
3100 3092 3130
3115 3085 3124
3115 3096 3084
3113 3082 3096
3131 3096 3129
3112 3126 3128
3129 3124 3121
3131 3132 3096
3129 3096 3115
3109 3099 3105
3107 3120 3133
3126 3108 3114
3090 3123 3134
3130 3092 3090
3134 3130 3090
3119 3128 3135
3099 3100 3130
3122 3136 3121
3127 3133 7390
3132 3113 3096
3121 3137 3129
3127 3138 3139
3139 3133 3127
3128 3140 3135
3133 3120 3125
3136 3122 3118
3103 3119 3123
3131 3129 3140
3129 3137 3140
3119 3135 3141
3141 3136 3134
3127 3113 3132
3114 3107 3133
3123 3119 3134
3142 3133 3139
3130 3134 3143
3119 3141 3134
3143 3134 3118
3136 3118 3134
3143 3099 3130
3138 3131 3139
3126 3140 3128
3126 3142 3140
3114 3142 3126
3131 3127 3132
3138 3127 3131
3135 3140 3141
3140 3139 3131
3137 3121 3136
3139 3140 3142
3141 3137 3136
3141 3140 3137
3114 3133 3142
3099 3143 3105
3105 3143 3117
3117 3143 3118
211 2041 4556
275 222 400
211 213 5802
222 227 400
57 79 68
57 68 7391
67 7392 7391
38 4402 7393
55 54 7394
67 9686 7392
7393 4394 7396
4401 9687 9688
4425 9689 7398
49 7399 4405
4411 9690 7400
67 113 7401
4403 9691 9692
7401 9693 7403
4460 9694 9695
4426 10005 9697
20 7406 7394
10006 9699 10007
9701 9702 10008
9706 10010 10009
7406 9707 7410
9710 10012 10011
25 42 7411
62 31 33
4435 4447 7412
33 39 41
33 41 7413
4398 9711 7414
100 7412 9712
7413 9713 7416
100 9712 9714
4433 9715 7418
9716 4404 9717
84 9718 9719
9720 9721 10013
63 62 7422
9723 4438 9724
26 9725 4406
9728 10015 10014
10016 9730 10017
9732 10018 9733
10019 9735 10020
7429 10021 10022
7422 33 7429
932 1289 7430
4615 338 6846
1342 338 5482
634 1138 6076
1904 5765 5997
383 2536 1343
451 1880 452
6287 6652 6941
5192 1506 6675
7431 2164 6141
1340 2164 1184
5543 1062 7432
1229 801 1230
799 801 5901
983 5762 6185
1188 6183 1784
530 1636 901
356 7 2158
1535 2222 2186
1992 1367 5378
1500 2122 2093
845 2000 964
2142 1506 2014
910 1482 2101
1354 1815 1352
6942 5185 6300
2038 2037 6597
2215 2049 6253
6975 1931 7433
5639 6974 6983
5385 1683 6276
970 1781 5350
447 1781 4657
2511 1883 1937
6285 4812 6232
1807 6089 6088
340 1682 5729
1979 1454 2081
1927 699 5636
6855 6869 5331
280 4592 5387
1693 2158 6
356 2158 270
7434 6297 6336
2129 1787 5467
2110 6001 1907
1762 1761 1607
2519 1677 6775
5918 6428 7435
1264 1612 1611
747 1863 689
1016 438 7436
1019 1600 1844
777 2150 790
1092 2150 4933
1328 891 890
1596 1597 1905
1609 1236 2066
549 2002 547
1674 2002 5608
6646 1925 6124
1669 2505 6998
2485 2011 6653
6751 5949 6043
6980 1947 6969
2129 6348 2206
2120 2098 2056
1302 1494 1303
6736 1494 6764
914 7437 6437
6806 1155 5419
2247 1224 6272
2052 2059 6853
1703 5750 1704
1802 2158 1693
1016 7436 5857
6873 1887 6878
1057 2141 6093
986 1154 4882
414 4912 4654
705 4772 4828
5702 4801 6574
7438 6679 6968
1041 1069 1042
4840 7439 5521
1307 5284 1308
7440 1572 5588
6798 6773 6787
647 6661 4748
2517 1081 240
1106 1108 6389
1219 5488 1975
370 369 1830
817 7441 6677
609 1441 6003
763 820 441
1629 2489 5710
1702 791 790
2468 2467 2025
503 6181 4675
502 501 5836
6879 6875 6861
774 705 4944
2291 2019 6357
2021 2019 1794
1921 6925 6622
309 1297 1298
1937 2488 2511
970 5349 1781
1978 1845 1610
323 322 1964
1201 1902 2065
750 2021 6323
661 6250 662
6006 6334 6335
1338 418 788
6852 5312 5175
736 735 6152
704 6309 5280
2020 5784 6308
1348 7437 5409
912 4846 6333
1094 2525 6839
1296 2525 1294
5650 1943 6940
11 557 9
6654 4920 7442
1053 1692 683
1984 1786 1787
2291 6424 1014
1611 2049 6263
1006 6564 1186
2019 1545 1794
981 6338 6783
2072 2084 1452
1624 5298 380
378 1045 5510
2011 1995 1647
403 2012 2068
425 1771 5450
6799 6767 6707
1071 1812 7442
1944 7441 6030
6793 726 6802
1427 1429 6863
921 5549 1952
997 6579 4998
1634 1891 1888
2466 2506 1431
1852 7443 1853
1706 5518 1707
1096 1257 6129
1344 6916 6920
5318 7019 4560
2524 7444 2509
528 1153 1282
6330 1222 6369
5010 735 6710
570 569 733
307 4716 7445
4964 302 7446
1000 1045 289
1544 521 2540
982 6732 6337
533 6278 770
1339 2164 1340
433 5241 843
6721 588 6544
266 2478 1788
1947 1101 1703
1504 1441 5380
647 7447 6962
1168 6795 1011
2480 2479 2488
1970 5701 6593
790 2147 1702
2146 2147 1092
2222 6223 1645
758 6180 6154
693 1129 795
1877 6051 6218
6431 6571 5670
1454 1226 1438
2027 1653 6565
1921 6623 5620
2498 2541 582
1237 1974 1235
297 6659 6796
6717 307 7445
1508 1503 1923
380 2530 2531
1918 922 1939
2174 2159 1534
1223 5004 1280
591 6018 6047
1719 5391 7431
1339 1341 6140
2060 932 408
465 464 1118
390 4640 6483
507 506 1054
680 682 2168
2083 7435 6174
1849 909 908
6228 5911 6233
1754 5817 6134
1485 1484 2529
2517 1480 1081
1738 831 4817
6649 5785 6045
1456 1996 1900
1587 6946 2536
1574 6716 1232
2496 7008 1040
6041 510 6892
539 5008 7023
6817 6810 7444
2541 7448 582
1371 2244 2222
4705 555 6833
855 366 5160
962 1965 2070
4888 5537 6388
764 1657 6372
562 6359 6305
1856 1854 5815
1721 6075 5394
5308 1537 6322
1652 6772 1650
2533 762 1433
6857 6847 4935
866 4832 6410
1560 2511 2488
6561 543 5804
4790 5838 6186
947 1599 6808
1465 2201 1466
1165 2201 6168
936 855 1135
764 2057 765
1732 2057 1733
1014 2019 2291
5824 5534 6184
1669 6824 1432
6991 544 6002
5237 6490 6310
1577 6178 1964
1283 6534 831
1935 1938 5692
646 1002 644
1002 1618 5529
480 690 6116
844 2165 845
2285 6906 6908
2534 6912 6905
1746 1903 1191
367 5216 6235
2497 1082 6759
730 729 2507
2033 730 2507
1661 466 6609
927 1640 5313
2518 1839 6769
1401 1404 1198
6746 7447 5952
10 1172 988
6624 6741 6815
2003 1892 1961
870 6215 6188
6319 6275 5538
6314 2296 6318
1147 1272 2136
803 5040 1902
1354 1295 1663
1975 6117 5716
6723 1572 7440
695 1930 4762
1073 5976 6909
1093 892 6851
1688 462 286
1977 2162 2022
2119 2481 1867
1807 1459 1713
1859 2465 4
1253 804 714
357 359 1823
7448 7433 6648
1107 2314 7434
1751 883 885
902 2152 5774
1325 5065 6567
6930 6936 5503
2122 2486 1231
624 4981 6156
1851 1406 1440
910 2101 907
7449 6277 6394
889 888 2523
341 454 6870
6743 1809 6740
1419 5130 1201
1104 6932 4939
1565 2521 6803
1131 1785 2384
1131 620 1181
7443 7438 6951
4967 1115 6090
3144 3145 7450
3147 7450 3146
3149 3150 3148
3148 3150 3151
7451 3153 7452
3155 7452 7453
7454 3158 7455
3156 7455 7456
7457 3162 7458
3160 7458 7459
3165 3166 7460
7456 3159 7461
3167 7461 7462
3146 3169 7463
3147 7463 3170
7464 3173 7465
3171 7465 7466
3176 3177 3175
3175 3177 3178
7467 3181 7468
3179 7468 7469
3185 3183 3184
7457 3161 7470
3186 7470 7471
7469 3182 7472
3188 7472 7473
3190 7475 7474
3193 3177 3194
3195 7477 7476
7476 3191 7475
7478 3197 7479
3179 7479 7480
7481 3163 7482
3198 7482 7483
3201 3202 7484
3200 7484 7485
3164 3204 7486
3165 7486 3205
3207 3208 3206
3206 3208 3209
3211 3212 7487
3210 7487 3213
3217 3218 7488
3216 7488 3219
3221 3222 7489
3220 7489 3223
7490 3225 7491
3203 7491 7485
3227 3228 3226
3226 3228 3229
7483 3162 7492
3230 7492 7493
3226 3229 7494
3231 7494 3232
7495 7496 7497
7496 7498 7499
7497 7500 7501
7500 7502 7503
7504 7505 7495
7505 7506 7507
7508 3242 7509
3186 7509 7493
7510 3245 7511
3243 7511 7512
3247 7514 7513
7513 3249 7515
7516 7517 7518
7517 7519 7520
3255 3256 7521
3232 7521 3231
7522 3241 7523
3187 7523 7471
7524 7525 9739
7525 7527 9740
7529 7530 7531
7530 7532 7533
7534 3268 7535
3266 7535 7536
3270 3271 7537
3269 7537 3272
3273 7539 7538
3273 7538 3276
7540 7541 7542
3277 7541 7543
3250 7515 7544
7544 3281 7545
7524 7546 9741
7546 7548 9742
7550 7551 9743
7551 7553 9744
7555 3291 7556
3289 7556 7557
7558 3294 7559
3296 7559 7560
3256 3297 7561
3231 7561 3298
3300 3301 7562
3299 7562 3298
7563 7564 7565
7564 9745 7567
7568 7569 7570
7569 7571 7572
7573 7574 9746
7574 7575 9747
7554 7577 9748
7577 7579 9749
7581 3318 7582
7582 7583 7584
7585 3322 7586
3320 7586 7587
3324 3325 7588
3272 7588 3269
3326 3327 7589
3266 7589 7590
7591 3331 7592
3329 7592 7593
7594 7595 7596
7595 7597 7593
3335 7599 7598
7598 3337 7600
7601 7602 7506
7602 7603 7604
7605 7606 7607
7606 7608 7609
7610 7611 7612
7611 7542 7601
7613 3257 7614
3344 7614 7615
7616 3171 7617
3187 7617 7615
3156 7619 7618
7618 3347 7620
7528 7621 9750
7621 7623 9751
7576 7625 9752
7625 7626 9753
7627 7628 7629
7628 7630 7631
7632 7633 7634
7633 7635 7636
7637 7638 9754
7638 7639 9755
7641 7642 7643
7642 7644 7645
7646 7647 7648
7647 7531 7568
7649 3367 7650
3317 7650 7651
7652 7653 7654
7653 7655 7656
7657 7658 7659
7658 3375 7660
7661 7662 7663
7662 7643 7664
7665 7666 7667
3384 7669 7668
7668 3383 7666
3385 7669 7670
7670 7671 7672
7673 7674 7675
7674 7676 7677
7678 7679 7680
7679 7681 7682
7683 3398 7684
3396 7684 7685
7686 7687 7688
7687 7635 7689
7690 7691 7692
3404 7691 7693
3409 3410 3408
3408 3410 3411
3414 3415 3227
3227 3415 3228
3417 3418 3416
3271 3423 7694
3272 7694 3328
7695 7696 7697
7696 7698 7699
3289 7557 7700
3289 7700 3428
3429 3430 3411
3411 3430 3408
3431 3223 7701
3432 7701 3222
3434 3435 3433
3433 3435 3409
7702 3438 7703
3436 7703 7704
7705 7706 9756
7706 7707 9757
7709 7710 7510
7710 3264 7711
7712 7713 7714
3443 7713 3210
7715 7716 7518
7716 3445 7717
3448 3449 7718
3447 7718 3450
7719 7720 7721
7624 7722 7723
7722 7571 7533
7724 7725 7723
7725 7726 7727
7728 3255 7729
3230 7729 7730
7731 3198 7732
3232 7732 7730
3198 7731 3199
3199 3229 7733
7734 3458 7735
3456 7735 7736
7737 3224 7738
3460 7738 7739
7740 3462 7741
3203 7741 7739
3204 3219 7742
3205 7742 3218
3214 3207 3206
7743 3437 7744
3463 7744 7745
7746 3292 7747
3464 7747 7748
7749 7750 9758
7750 7607 9759
3408 3466 3409
3409 3466 3433
3430 3467 3408
3408 3467 3466
7752 7753 9760
7753 7707 9761
7756 3471 7757
3160 7757 7758
3473 3474 7759
7759 7760 7761
7762 3421 7763
3478 7765 7764
7764 7766 7767
3482 3483 3325
3325 3483 3269
3484 3273 7768
3485 7768 3276
7769 3487 7770
7770 3487 7771
7772 3488 7773
3169 3337 7774
7774 3337 7775
3467 3489 3466
3466 3489 3490
7776 3491 7777
3398 7777 7778
7704 7779 7780
3316 7779 7649
7751 7781 7782
3493 7781 7783
3495 3496 3494
3494 3496 7784
7785 7786 7787
7786 7583 7788
7688 7789 7790
7789 7791 7792
3403 7794 7793
7793 3413 7795
3208 3501 3209
3209 3501 3502
3151 7796 3148
3150 3507 3151
3151 3507 3508
7797 3153 7798
3175 7798 3176
3503 3185 7799
3417 7799 3193
7800 3168 7801
3460 7801 7802
7803 3461 7804
3159 7804 7802
7504 7805 7612
7805 7501 7806
7807 7808 7498
7808 7809 7810
7811 3514 7812
3188 7812 7478
7587 7813 7697
3424 7813 7814
7745 7815 7816
7815 7780 7584
7817 3517 7818
3290 7818 7555
7819 7820 7608
7820 7821 7776
7822 7823 7507
7823 7824 7807
7758 3172 7825
3161 7825 7616
7826 7827 7654
7828 7829 7830
7829 7831 7832
7833 7834 7831
7834 7835 7836
7837 7838 7660
7838 7663 7839
7840 7841 7676
7841 7681 7842
7843 3527 7844
3439 7844 7845
3493 7784 7846
7846 7847 7848
7849 7850 9762
7850 7852 9763
7853 3532 7854
3321 7854 7585
7855 3465 7856
3321 7856 7857
7858 7859 7655
7859 7830 7860
7861 3534 7862
3180 7862 7467
7863 3537 7864
3535 7864 3538
7865 3541 7866
3539 7866 7867
7868 3544 7869
3199 7869 7481
3546 3547 3545
3545 3547 3548
7870 3426 7871
3484 7871 3273
3435 3550 3409
3409 3550 3410
7693 7872 7873
3551 7872 7874
7875 7876 7873
7876 7877 7878
7879 7880 9764
7880 7882 9765
7727 7884 9766
7884 7885 9767
3249 7887 7886
7886 3442 7888
3481 7890 7889
7889 7891 7767
7892 7893 7894
7893 7895 7896
3557 3558 3494
3494 3558 3495
7897 3559 7898
3291 7898 7748
7609 3342 7899
3397 7899 7683
3396 7900 3397
3397 3494 7783
3561 3433 3490
3490 3433 3466
3562 3434 3561
3561 3434 3433
3250 7902 7901
7901 3564 7903
3281 7888 7904
7904 7567 9768
7874 7906 7907
7906 7816 7785
7908 3565 7909
3156 7909 7619
3567 3418 7910
3566 3418 3194
3419 3506 7911
3569 7911 3505
3482 3325 3570
3570 3325 7890
3571 3572 3483
3483 3572 7912
3282 7847 7913
7913 3563 7902
7914 3575 7915
3573 7915 7916
7917 3575 7918
3577 7918 7919
7920 7921 7922
7921 7923 7924
7925 3582 7926
3584 7926 7927
7928 3587 7929
3585 7929 7930
7931 3589 7932
3588 7932 7933
7934 3591 7935
3343 7935 7610
7936 3592 7937
3278 7937 7540
7938 3595 7939
7939 7940 7941
7942 7943 7944
7943 7945 7695
3274 7947 7946
7946 3599 7948
3275 7948 7949
7949 3600 7950
7951 7721 7714
3330 7953 7952
3330 7952 7591
3604 7954 3603
3603 3459 7955
3223 3431 7956
3605 7956 3606
3543 7957 3457
3457 3415 7734
7958 3607 7959
3540 7959 7960
7961 3475 7962
7962 3475 7760
7963 3609 7964
3536 7964 7965
7966 3611 7967
3536 7967 7863
7968 3544 7969
3540 7969 7865
7970 3542 7971
3457 7971 7972
3613 3614 3612
3612 3614 3615
3605 7974 7973
3605 7973 3617
7867 3542 7975
3618 7975 7976
7954 3604 7977
3620 7977 7978
3622 3623 3546
3546 3623 3547
7979 3625 7980
3624 7980 7981
7958 3539 7982
3626 7982 7983
7961 7984 7985
7984 7597 7986
3628 3629 7987
3222 7987 3432
7736 3459 7988
3630 7988 7989
7970 3456 7990
3619 7990 7991
3569 3632 7992
3419 7992 3420
3632 3148 3420
3453 3452 7993
7993 3452 7994
3195 7994 7995
7995 3633 7996
3634 3488 7997
7997 7772 7477
7976 3619 7998
3157 7998 7454
7978 3621 7999
3224 7999 7490
8000 3304 8001
3622 8001 3623
7983 3618 8002
3347 8002 7620
7986 8003 8004
8003 8005 8006
7989 3620 8007
3461 8007 7737
7991 3630 8008
3158 8008 7803
8009 3567 8010
3347 8010 8011
8012 3336 8013
3509 8013 7979
8014 8015 7712
3211 8015 3628
3216 3636 8016
3217 8016 3637
3201 3200 8017
3225 3304 8018
3621 3623 8019
3225 8019 3304
3604 3547 3621
3621 3547 3623
3603 3548 3604
3604 3548 3547
3414 3614 3603
3603 3614 3548
3226 3301 3227
3227 3301 3615
3231 3298 8020
3226 8020 3301
3639 3640 8021
3642 8021 3641
7916 3576 8022
3644 8022 3643
8023 3646 8024
3241 8024 7508
8025 3648 8026
3255 8026 3256
8027 3645 8028
3257 8028 7522
8029 3651 8030
3267 8030 7534
3652 3653 8031
3270 8031 3271
8032 3641 8033
3256 8033 3297
8034 3649 8035
3345 8035 7613
8036 3655 8037
3271 8037 3423
8038 3647 8039
3242 8039 7728
8040 3657 8041
3513 8041 7811
3658 3659 8042
3299 8042 3660
3661 3662 8043
3568 8043 3502
3662 3663 3502
3502 3663 3209
3206 3664 3214
3664 3665 3214
3214 3665 3215
3665 3666 3215
3419 8044 3506
7908 3167 8045
7800 3462 8046
3164 8046 3204
7740 3202 8047
3204 8047 3219
3202 3201 8048
3219 8048 3216
3216 3201 8049
3636 8049 3638
3638 8050 3636
3669 3221 8051
3668 8051 3220
3447 8053 8052
8052 3671 8054
3670 8056 8055
8055 3643 8057
8058 8059 8060
3673 8059 8061
3605 3617 8062
3223 8062 3220
3675 8064 8063
3675 8063 3672
3222 3221 8065
3628 8065 3677
3628 3677 8066
3211 8066 3212
3149 3678 3150
3150 3678 3682
3150 3682 3507
3507 3682 3504
3679 3681 3144
3144 3681 3145
3634 7996 8067
8067 3684 8068
3634 3685 8069
3488 8069 8070
7726 8071 8072
8071 8073 8074
8075 3690 8076
3688 8076 8074
7810 8077 8078
8077 8079 8080
7499 8081 8082
8081 8078 8083
8084 3689 8085
3243 8085 8086
8087 3695 8088
3295 8088 8089
8090 8091 8082
8091 8092 7502
8090 8093 7922
8093 8094 8095
8096 8097 8098
8097 8094 8083
3699 3700 8099
3690 8099 8100
8101 3702 8102
3696 8102 8103
3703 3699 3689
3689 3699 8075
8104 3706 8105
3704 8105 8106
3642 8108 8107
8107 3581 8109
7514 3247 8110
3295 8110 7560
3709 8112 8111
8111 3247 7903
3700 3699 3710
3710 3699 3703
8113 3712 8114
3695 8114 8101
8115 8116 8117
8116 8118 8119
8120 8121 8122
8121 8123 8095
8124 8125 8126
8125 8117 8127
8128 8129 8130
3718 8129 8131
8096 8132 8122
8132 8133 8134
3245 7887 8135
8135 3248 8136
8089 3696 8137
3248 8137 8136
8138 8139 8140
8139 8141 8142
8142 8143 7717
8143 8144 8145
8146 8147 8148
8147 8149 8145
7715 8150 8140
8150 8151 8119
7520 8152 8151
8152 8153 8127
8154 8155 8153
8155 8156 8157
3574 3729 8158
3704 8158 3730
3644 3660 8159
3573 8159 3659
3644 8056 8160
3644 8160 3660
3300 3731 8161
3612 8161 3450
3731 3670 8162
8162 3670 8053
7580 8163 8164
8163 8165 7627
7651 8166 8167
8166 8168 7636
8169 8170 9769
8170 8172 9770
3354 8174 8173
8173 8175 8176
7605 8177 8178
8177 8179 7652
7678 8180 8181
8180 8182 7656
7570 8183 8184
8183 8185 7657
3376 8187 8186
8186 3385 8188
7575 8189 8190
8189 8171 7661
8191 8192 8193
8192 8194 7664
7581 8195 8196
8195 8167 7686
8196 8197 7788
8197 7790 8198
8199 3500 8200
8200 7791 8201
8202 8203 8182
8203 8204 7826
8205 8206 8168
7563 8207 8208
8207 8209 7828
7677 8210 8211
8210 8212 7832
8213 8214 8209
8214 8215 7833
7672 8216 8188
8216 8217 8218
7626 8219 8185
8219 8190 7837
7667 8220 8194
8220 8187 7839
7749 8221 8179
8221 8208 7858
7842 8222 8212
8222 8181 7860
7857 3464 8223
3531 8223 8224
3733 8225 3434
3434 3734 3435
7604 8226 7822
8226 8227 8228
8229 8230 8231
8230 7809 8232
8233 3739 8234
3516 8234 7817
8232 8235 8236
8235 7824 8237
8238 8239 8227
8239 8240 8241
8242 3741 8243
8243 8244 7853
3734 3742 3435
3435 3742 3550
8245 3406 8246
3517 8246 7897
3557 3733 3562
3562 3733 3434
8247 8248 8249
8248 8079 8229
8250 8251 8252
8251 8098 8080
8253 8254 8255
8254 8133 8250
8118 8256 8138
8256 8257 8258
8259 8260 8261
3723 8260 8141
8262 3747 8263
3724 8263 8144
3747 8265 8264
8264 3726 8148
3549 3749 3465
3465 3749 7746
3750 3751 3485
3485 3751 3484
3485 3752 3750
3750 3752 3753
3751 3750 3749
3749 3750 3754
7905 8266 7545
8266 7782 7848
3755 3754 3753
3753 3754 3750
3427 3756 3428
8106 3579 8267
3574 8267 7914
3659 3658 8268
3729 8268 3640
7928 3584 8269
3645 8269 8023
8270 3707 8271
3647 8271 8025
7931 3587 8272
3649 8272 8027
8273 3758 8274
3650 8274 8029
3759 3760 8275
3652 8275 3653
3641 8032 8276
8276 3707 8108
8277 3589 8278
3654 8278 8034
3760 3762 8279
3653 8279 8036
7927 3586 8280
3646 8280 8038
8281 3764 8282
3656 8282 8040
3573 3659 8283
3574 8283 3729
3603 7955 3414
3414 3458 3415
3448 7974 8284
8284 3606 8285
7960 3608 8286
3470 8286 7756
3479 7953 8287
8287 3474 8288
7965 3610 8289
3533 8289 7861
3457 7972 3543
3543 3541 7868
3479 7765 8290
8290 3487 8291
3199 7733 3543
3543 3228 7957
8292 3173 8293
3533 8293 7966
7459 3163 8294
3470 8294 7968
3449 8285 8295
3449 8295 3613
3447 3672 8296
3448 8296 3616
3227 3615 3414
3414 3615 3614
8297 8298 8299
8298 8300 8301
3582 7923 8302
8302 3707 8270
3582 7925 8303
8303 8092 7924
7503 3237 8304
3588 8304 7930
7806 3238 8305
3590 8305 7933
8277 3761 8306
3590 8306 7934
8307 3764 8308
3591 8308 7936
8309 3758 8310
3594 8310 7938
8311 8312 8313
8312 8314 7942
3760 3759 8315
3598 8315 3599
3759 3767 8316
8316 3767 8317
8154 8318 8104
8318 7519 8297
7920 8319 8109
8319 8123 8131
3639 3721 8320
3730 8320 3728
3728 8156 8321
3728 8321 3730
3490 3489 3561
3561 3489 3768
3561 3768 3562
3562 3768 3769
3616 3676 8322
3617 8322 3770
8323 3182 8324
3486 8324 8325
7536 3189 8326
3326 8326 8323
7473 3189 8327
3513 8327 8328
8329 8330 7907
8330 7553 7875
8331 8332 7787
8332 7579 8329
8333 8334 7894
3555 8334 8335
8336 8337 7630
8337 3499 7792
7941 3515 8338
3554 8338 8333
8335 8339 8340
3771 8339 8341
8325 3181 8342
3772 8342 8343
8344 8345 7881
8345 7877 7550
7814 8346 7944
8346 7940 8347
8348 3610 8349
3773 8349 8350
8328 3268 8351
3656 8351 8352
8331 8353 8165
8353 8198 8336
7631 8354 8174
8355 8356 8357
8356 8358 8344
8352 3651 8359
3763 8359 8309
8343 3534 8360
3774 8360 8348
8347 8361 8313
3757 8361 8273
7480 3174 8362
3180 8362 8292
7466 3174 8363
3344 8363 8364
7896 3280 8365
3593 8365 8366
7640 8367 9771
8367 7549 9772
7547 8368 9773
8368 7639 9774
8176 8369 7629
8369 7644 8370
8364 3197 8371
3345 8371 8372
8373 8374 8375
8374 8376 8377
8378 3538 8379
3608 8379 8380
7708 8381 9775
8381 7852 9776
7543 8382 7603
8382 7895 8238
8366 3279 8383
3594 8383 8384
8380 3537 8385
3471 8385 8386
8372 3514 8387
3654 8387 8388
8370 8389 8164
8389 8172 7637
7645 8390 8193
8390 8175 8391
8377 8392 8340
8392 8240 7892
8388 3657 8393
3761 8393 8307
8386 3611 8394
3172 8394 7464
8384 3592 8395
3763 8395 8281
8396 3152 8397
3776 8397 8398
8350 3609 8399
3624 8399 8400
7963 3535 8401
3154 8401 7453
3535 3538 8402
3155 8402 8398
8403 3776 8404
3607 8404 8378
8224 3559 8405
3405 8405 7690
8406 8407 8228
8407 7754 8237
8241 8408 9777
8408 8376 9778
3562 3769 3557
3557 3769 3558
8247 8409 8252
3743 8409 8410
8410 8411 8255
3744 8411 3710
8258 8412 8261
3711 8412 8113
3396 7685 3733
3733 3399 8225
8413 8414 8072
8414 8231 8415
7702 3437 8416
3738 8416 8233
8415 8417 7885
8417 8236 7755
7878 8418 7692
8418 8358 8242
3399 8419 3734
3734 3527 3742
7743 3407 8420
3739 8420 8245
3494 7900 3557
3557 3396 3733
8100 3701 8421
8421 8249 8413
8087 3294 8422
3711 8422 8259
7558 3293 8423
3746 8423 8262
8424 3777 8425
3747 8425 8265
8341 8426 8375
8426 8244 8355
7883 8427 9779
8427 7849 9780
8428 8429 8073
3688 8429 8086
3263 8431 8430
8430 7711 7529
3731 3300 8432
3660 8432 3299
7720 8433 8014
3629 8433 8434
8431 8435 7565
8435 7646 8213
8436 8437 7675
8437 3387 7671
3289 3411 3290
3290 3411 3410
3428 8438 3289
3289 3429 3411
7724 8439 8428
8439 7532 7709
7845 3492 8440
3367 8440 8441
8441 3491 8442
8442 7821 8205
8218 8443 7659
8443 7835 8444
7778 3492 8445
3399 8445 8419
3431 3546 8446
3606 8446 3545
3290 3410 3516
3516 3410 3550
3449 3613 8447
3450 8447 3612
3432 3622 8448
3431 8448 3546
8434 3302 8449
3432 8449 3622
3729 3640 8450
3730 8450 3639
3297 3658 8451
3298 8451 3299
8103 3694 8452
3246 8452 7512
8084 3694 8453
3703 8453 3702
3703 3702 8454
3710 8454 8455
8134 8456 8457
8456 8458 8115
8120 8459 8130
8459 8457 8124
8157 8460 8126
3720 8460 8128
3301 3300 3615
3615 3300 3612
8444 8461 8184
8461 8215 7648
7836 8462 8211
8462 8217 8436
3516 3550 3738
3738 3550 3742
8458 8463 8257
8463 8253 8464
3641 3640 8465
3297 8465 3658
3614 3613 3548
3548 3613 3545
3642 3708 8466
3639 8466 3721
8455 3712 8467
3744 8467 8464
3738 3742 3438
3438 3742 7843
3348 3192 3145
3145 3192 3146
3192 3191 8468
3146 8468 3169
3272 3328 8469
3324 8469 3327
8470 3332 8471
3774 8471 8472
7981 3333 8473
8473 7596 8470
3175 3178 8012
3336 3178 7775
7590 3328 8474
3267 8474 8475
3426 7698 8476
8476 3274 7539
3478 7891 8477
8477 3327 7771
3191 3196 8478
8478 3196 7600
7855 3320 8479
8479 7699 7870
3598 7947 8480
8480 3425 7945
8472 3331 8481
3772 8481 8482
7594 8483 8005
3422 8483 8484
7599 3335 8485
3625 8485 8484
8475 3423 8486
3650 8486 8487
3349 3348 3681
3681 3348 3145
3484 3751 3549
3549 3751 3749
3427 3292 3754
3754 3292 3749
8487 3655 8488
3757 8488 8311
8482 3602 8489
8489 8291 7769
3598 3597 8490
8490 3597 8314
8112 3709 8491
3293 8491 8424
3778 8493 8492
8492 8149 8494
3566 3194 3176
3176 3194 3177
3147 3184 8495
3144 8495 3183
3147 3170 8496
3193 3194 3417
3417 3194 3418
3503 3508 3504
3504 3508 3507
3566 3176 8497
3152 8497 7451
3417 3416 8498
3503 8498 3508
3569 3631 3632
8396 3635 8499
3566 8499 7910
3569 3505 8500
3631 8500 3661
3505 3166 8501
3661 8501 3662
3166 3165 3662
3662 3165 3663
3165 3205 3663
3218 3217 3664
3664 3217 3665
3217 3637 3665
3665 3637 3666
3683 3504 3682
3144 3183 3679
3679 3183 3680
8403 3626 8502
3635 8502 8011
8400 3154 8503
3509 8503 7797
3482 3570 3779
3779 3570 3780
3672 8054 8504
8504 3781 8505
8058 8506 8057
8506 3674 8507
7912 3572 8508
3270 8508 3782
3481 3783 3570
3570 3783 3780
3617 3770 8509
3220 8509 3668
3482 3779 3483
3483 3779 3571
3221 3669 8510
8510 3669 8511
8512 3785 8513
8299 3766 8514
8514 8515 7919
3677 3784 8516
3270 3782 8517
3652 8517 3786
7917 3578 8518
3576 8518 8061
3652 3786 8519
3759 8519 3767
3754 3755 3427
3427 3755 3756
8288 3474 8520
3787 8520 8521
7766 3480 8522
3783 8522 8523
3276 3788 3485
3485 3788 3752
3275 3601 8524
3276 8524 3788
7516 8525 8300
8525 8493 8526
8527 8528 7985
8528 8529 7761
7762 8530 8004
3627 8530 8527
3790 3791 8531
3793 8531 3792
3796 3797 8532
8532 3797 8533
3800 8535 8534
8534 3802 8536
3804 8538 8537
8537 3806 8539
3808 8541 8540
8540 3810 8542
3812 8544 8543
8543 3801 8535
3814 3815 8545
3791 8545 3792
3816 8547 8546
8546 3818 8548
3821 3822 3820
3820 3822 8549
3824 8551 8550
8550 3826 8552
3828 3829 3830
3831 8554 8553
8553 3807 8539
3833 8556 8555
8555 3825 8551
3836 3837 8557
3835 8557 8558
3840 3822 3839
3839 3822 3841
8558 3838 8559
8559 8560 8561
3839 3841 8562
3824 8564 8563
8563 3844 8565
3845 8567 8566
8566 3805 8568
3847 8570 8569
8569 3849 8571
3853 3854 3852
3852 3854 3855
3857 3858 8572
3856 8572 3859
3862 3860 3861
3864 3865 8573
3863 8573 3866
3868 3869 8574
3867 8574 3870
3848 8570 8575
8575 3871 8576
3874 3875 3873
3873 3875 8577
3877 8579 8578
8578 3806 8567
3879 3874 8580
3878 8580 3873
8581 8582 8583
8582 8584 8585
8586 8587 8585
8587 8588 8589
8584 8590 8591
8590 8592 8593
3831 8579 8594
8594 3888 8595
3890 8597 8596
8596 3892 8598
8599 3896 8600
3894 8600 8601
8602 8603 8604
8603 8605 8606
3878 3902 8607
3879 8607 3903
3832 8554 8608
8608 3889 8609
8610 8611 9781
8611 8613 9782
8615 8616 8617
8616 8618 8619
3913 8621 8620
8620 3914 8622
3917 3918 8623
3916 8623 3919
3921 3922 8624
3920 8624 8625
3924 8627 8626
8626 8628 8629
8630 3929 8631
3895 8631 8599
8632 8633 9783
8633 8634 9784
8636 8637 9785
8637 8639 9786
3936 8642 8641
8641 3938 8643
3943 8645 8644
8644 3941 8646
3902 3878 8647
3945 8647 3944
3944 3947 8648
3946 8648 3948
3949 8650 8649
8649 3951 8651
8652 9787 8654
8653 8655 8656
8657 8658 8659
8658 8660 8661
8614 8662 9788
8662 8664 9789
8666 8667 9790
8667 8638 9791
8670 8671 8672
8671 8673 8674
8675 8676 8677
8676 8678 8679
3916 3972 8680
3917 8680 3973
3913 8682 8681
8681 3975 8683
3977 8685 8684
8684 3979 8686
3978 8685 8687
8687 3981 8688
8689 3984 8690
3983 8690 8691
8692 8693 8694
8693 8695 8593
8696 8697 9792
8697 8699 9793
8629 8701 8695
8701 8702 8703
3992 8705 8704
8704 3904 8706
3832 8705 8707
8707 3816 8708
8709 3800 8710
3995 8710 8711
8712 8713 9794
8713 8714 9795
8715 8716 9796
8716 8660 9797
8718 8719 8720
8719 8721 8722
8723 8724 8725
4002 8724 8726
8727 4008 8728
4006 8728 8729
8730 8731 9798
8731 8733 9799
8734 8735 8736
8735 8737 8738
8619 8739 8659
8739 8740 8741
8742 8743 8744
8743 8745 8674
8746 8747 8748
8747 8749 8750
8751 8752 8753
8752 8754 8755
8756 8757 8758
8757 8759 8738
8760 8761 8762
8760 8763 8764
4033 8763 4034
8765 8766 8767
8766 8768 8769
8770 4042 8771
8771 8772 8773
4044 8775 8774
8774 4046 8776
8723 8777 8778
8777 8779 8780
4051 8782 8781
8781 8783 8784
4056 4057 4055
4055 4057 4058
3875 4061 8577
3876 4061 4062
4064 4065 4063
4063 4065 4066
4067 4064 8785
4068 8785 4063
4068 4069 8786
4067 8786 4070
4073 8788 8787
8787 4071 8789
3974 4074 8790
8790 4074 8791
8792 8793 8794
8793 8795 8796
3428 4078 8797
3936 8797 8642
4055 3430 4056
4056 3430 3429
8798 4080 8799
3868 8799 3869
4058 4082 4081
4081 4082 4083
4084 8801 8800
8800 4086 8802
8610 8803 9800
8803 8805 9801
8807 3911 8808
8808 8809 8598
3856 3859 8810
8811 8812 8813
8812 8814 8602
4095 4096 8815
4094 8815 4097
8661 8816 8617
8816 8714 8817
8818 8819 8820
8819 8821 8817
3879 3903 8822
8822 3903 8823
3877 3845 8824
8824 3845 8825
3875 3874 8826
3846 3874 8825
4102 8828 8827
8827 4104 8829
4106 8831 8830
8830 3872 8832
3848 8831 8833
8833 4108 8834
3865 3864 8835
3852 3855 3861
3861 3855 3862
4109 8837 8836
8836 4087 8838
4110 8840 8839
8839 3937 8841
8700 8842 9802
8842 8844 9803
4081 4112 4058
4058 4112 4055
4112 3467 4055
4055 3467 3430
8806 8845 9804
8845 8847 9805
3804 8850 8849
8849 4118 8851
8852 8853 8854
3472 8853 3473
3476 8856 8855
8855 4072 8857
8858 4124 8859
8859 8860 8861
4126 3972 4127
4127 3972 3916
4128 4129 8862
3920 8862 3921
8863 8864 8683
8864 8865 8866
4132 8868 8867
8867 3983 8788
3815 3814 8869
3984 8869 8870
4134 3489 4112
4112 3489 3467
4046 8872 8871
8871 4136 8873
3964 8745 8874
8874 4085 8801
8875 8876 8877
8876 8843 8878
4137 3496 4138
4138 3496 3495
8670 8879 8880
8879 8881 8882
8883 8884 8885
8884 8780 8886
4143 4144 3853
3853 4144 3854
3829 3828 4145
4145 3828 4146
3809 8888 8887
8887 4148 8889
3820 8549 8890
3820 8890 4151
4149 4068 4063
3839 3829 4066
4066 3829 4145
4106 8892 8891
8891 3813 8893
3801 8892 8894
8894 4107 8895
8703 8896 8591
8896 8897 8586
8898 8899 8900
8899 8901 8581
3833 8565 8902
8902 4155 8903
8904 8905 8906
8905 8677 8792
3965 8672 8907
8907 8837 8908
3939 8643 8909
8909 4158 8910
8911 8912 8873
3988 8912 8696
8913 8914 8901
8914 8915 8592
3807 8708 8916
8916 3819 8850
8917 4163 8918
4021 8918 8750
8919 8920 8921
8920 8922 8923
8924 8925 8926
8925 8927 8919
8756 8928 8929
8928 8930 8751
8770 8931 8932
8931 8933 8765
4085 8935 8934
8934 4170 8936
8937 3528 8938
4137 8938 3496
8939 8940 9806
8940 8941 9807
8943 8944 8678
8944 4173 8945
3971 8947 8946
8946 8948 8679
8923 8949 8950
8949 8951 8746
3827 8552 8952
8952 4175 8953
4177 8955 8954
8954 4179 8956
4181 8958 8957
8957 4183 8959
3846 8568 8960
8960 4185 8961
4188 4189 8962
4187 8962 8963
3920 4076 8964
8964 4076 8965
4057 4192 4058
4058 4192 4082
4193 8967 8966
8966 8782 8968
8969 8970 8971
8970 8972 8968
8973 8974 9808
8974 8976 9809
8712 8978 9810
8978 8804 9811
8980 4090 8981
3896 8981 8982
8983 3973 8984
4123 8984 8985
8986 8987 8988
8987 8989 8990
3495 3558 4138
4138 3558 4199
3938 8840 8991
8991 4200 8992
4201 8993 4043
4043 4202 8773
4047 8776 8994
8994 8698 8875
4137 4138 8877
4047 4138 4044
4112 4081 4134
4134 4081 4203
4081 4083 4203
4203 4083 4204
8995 3564 8996
3895 8996 8997
8999 9813 9812
3929 9814 8980
8908 9000 8881
9000 8967 9001
3800 8709 9002
9002 4205 9003
3840 4065 4206
4206 4065 4207
4147 9005 9004
9004 4209 9006
4067 9008 9007
9007 3994 9009
4123 8985 4210
4210 3972 4126
3916 9010 4127
4127 3572 3571
8997 3563 9011
3928 9011 8937
4211 9013 9012
9012 4213 9014
9015 9016 9017
9016 4213 9018
9019 9020 9021
4219 9020 9022
4220 9024 9023
9023 4218 9025
4224 9027 9026
9026 4222 9028
4226 9030 9029
9029 4223 9031
3991 8702 9032
9032 4227 9033
3927 8628 9034
9034 4228 9035
9036 9037 9038
9037 4230 9039
9040 9041 8794
9041 9042 9043
9044 4234 9045
3923 9045 9046
7950 3600 9047
3922 9047 9044
3980 8686 9048
9048 4236 9049
4237 9051 9050
9050 4103 9052
9053 4079 9054
4239 9054 9055
4105 8829 9056
9056 4061 9057
4184 9059 9058
9058 4242 9060
8852 9061 9062
9061 4120 9063
4180 9065 9064
9064 4244 9066
4180 8956 9067
9067 4245 9068
4184 8959 9069
9069 4185 9070
4105 9072 9071
9071 4182 9073
4247 4248 4246
4246 4248 4249
9074 4251 9075
4239 9075 9076
4252 9078 9077
9077 4182 8958
4254 9080 9079
9079 4238 9052
4189 4256 4190
4190 4256 4257
4258 9082 9081
9081 9083 9084
4260 9086 9085
9085 4181 9060
4261 9088 9087
9087 9063 9089
4263 9091 9090
9090 4103 8828
4253 9093 9092
9092 4102 9073
4209 4070 9094
4266 9094 4069
4069 3794 9095
4266 9095 4267
3836 4133 3996
9096 4099 9097
3836 9097 4133
9098 4269 9099
8868 9100 8561
9100 4132 9101
3803 8536 9102
9102 4253 9078
3872 8576 9103
9103 4255 9080
4256 3950 9104
9104 3950 8650
3995 8711 9105
9105 4252 9086
3981 9088 9106
9106 4072 8789
4107 8832 9107
9107 4254 9091
3802 8895 9108
9108 4263 9093
3995 9110 9109
9109 4207 9111
3985 9113 9112
9112 4151 9083
4271 4272 9114
3866 9114 3863
3850 4273 9115
3847 9115 9116
3847 9116 9117
3847 9117 3871
3950 4256 9118
3871 9118 4255
4256 4189 9119
4255 9119 4238
4189 4188 4238
4238 4188 4237
4188 4248 4237
4237 4248 9120
4247 3947 3876
3876 3947 3873
3947 3944 9121
3873 9121 3878
9122 4275 9123
4277 9123 4276
4212 9013 9124
4212 9124 4279
3889 8595 9125
9125 4280 9126
3902 4282 9127
9127 4282 9128
4281 9130 9129
9129 3904 8609
3915 8622 9131
9131 4285 9132
3918 4287 9133
3919 9133 4288
3945 4276 9134
3902 9134 4282
3993 8706 9135
9135 4284 9136
3918 8791 9137
9137 4290 9138
3888 8823 9139
9139 4283 9140
4156 8903 9141
9141 4291 9142
4293 4294 9143
3946 9143 4295
4143 4297 9144
9144 4297 9145
3853 4298 4143
4143 4298 4297
3852 4299 3853
3853 4299 4298
3861 4300 3852
3852 4300 4299
3860 4301 3861
3861 4301 4300
4070 9005 9146
9146 4205 9008
4147 8888 9147
9147 3812 9003
3809 8541 9148
9148 3813 8544
9149 4108 8893
3863 3850 9150
9150 3850 8571
3863 4272 9151
3850 9151 4273
4272 4152 4273
3867 3870 9152
3668 9152 3669
9153 4303 9154
4094 9154 4304
9155 4279 9156
4304 9156 9157
3673 9159 9158
9158 9160 8060
3867 4250 9161
3868 9161 9055
9162 4251 9163
3675 9163 8064
4305 3870 9164
4262 9164 3869
3858 4305 9165
3859 9165 4262
4310 4306 3795
4146 4310 4150
4150 4310 3795
3830 4307 3828
3828 4307 4311
4308 3790 4309
4309 3790 3793
9098 4268 9166
3684 9166 8068
9101 4132 9167
9167 4132 9168
3686 9168 9169
9169 4073 8856
9170 9171 9172
9171 8818 9173
9174 9175 9172
4313 9175 4315
9176 9177 8900
9177 9178 9179
9180 9181 8583
9181 9182 9176
3890 9184 9183
9183 4315 9185
4321 9187 9186
9186 3942 9188
9180 9189 9190
9189 8589 9191
9019 9192 9190
9192 9193 9194
9195 9196 9197
9196 9182 9194
4324 4314 4326
4326 4314 4325
4320 9199 9198
9198 4327 9200
4314 4324 4315
4315 4324 4328
4329 9202 9201
9201 9203 9204
9205 4275 9206
9206 9207 9208
3942 8646 9209
9209 3894 8601
9210 3709 9211
3894 9211 8995
4328 4324 4334
4334 4324 4326
4321 9200 9212
9212 4335 9213
9214 9215 9216
9215 9217 9218
9219 9220 9193
9220 9221 9222
9218 9223 9224
9223 9225 9226
9227 9228 9229
9228 9230 9231
9222 9232 9197
9232 9233 9234
8982 3892 9235
3897 9235 9236
4320 9188 9237
9237 3897 9236
9238 9239 9240
9239 9241 9242
8811 9243 9241
9243 9244 9245
9246 9247 9244
9247 8146 9248
9249 9250 9216
9250 8814 9238
9249 9251 8605
9251 9224 9252
9252 9253 9254
9253 9255 9256
4351 4352 9257
4329 9257 4214
4294 4293 9258
4211 9258 4278
4293 4353 9259
4278 9259 9157
4095 4353 9260
4246 9260 3948
4094 4304 9261
4095 9261 4353
9262 9263 8668
9263 8720 9264
9265 9266 9267
4142 9266 9268
9269 4005 9270
4007 9270 9271
9272 9273 8725
9273 8744 9274
9275 9276 8737
9276 9277 9278
9279 9280 9281
3999 9280 9282
9283 9284 8749
9284 8699 9285
9286 9287 8748
9287 8772 9288
9289 9290 8754
9290 8657 9291
9292 9293 8753
4023 9293 9294
9295 9296 8665
9296 8758 9278
9297 9298 8759
9298 9299 9300
9274 9301 8779
9301 8673 9302
8778 9303 9271
9303 9304 9305
8886 9306 9307
9306 9302 8880
8883 9308 9304
9308 9268 9309
9310 4201 9311
4018 9311 9286
9312 4160 9313
4002 9313 9272
9314 9315 8922
9315 8655 9316
9317 9318 8921
9318 8767 9319
9320 9321 8927
9321 9322 9314
9323 9324 9325
9324 9326 9292
9289 9327 8717
9327 8930 9295
9294 9328 8929
9328 8762 9297
9316 9329 8951
9329 8844 9283
9288 9330 8950
9330 8932 9317
4174 9332 9331
9331 4110 8947
4082 4355 4083
4083 4355 9333
8915 9334 8694
9334 9335 9336
8898 9337 9338
9337 9339 9340
4159 8910 9341
9341 4360 9342
8913 9343 9815
9343 9338 9816
9346 9347 9348
9347 9349 9336
9350 9351 8945
9351 9352 9353
4192 4364 4082
4082 4364 4355
4158 8992 9354
9354 4053 9355
4083 4356 4204
4204 4356 4199
9179 9356 9339
9356 9357 9358
9359 9360 9361
9360 9178 9195
9362 9363 9364
9363 9361 9234
9240 9365 9214
9365 9366 9367
4348 9242 9368
9368 9369 9370
9371 9372 9245
9372 4369 9373
9248 9374 9371
4369 9374 9375
4111 8841 9376
4111 9376 4191
4128 4371 4129
4129 4371 4372
3753 3752 4372
4372 3752 4129
4371 4370 4372
4372 4370 4373
8878 3954 9377
9377 8999 8630
4372 4373 3753
3753 4373 3755
4078 3428 3756
9015 9378 9014
9378 4215 9202
4277 4295 9379
4352 9379 4294
4281 9126 9380
9380 4220 9027
4283 9128 9381
9381 4332 9382
4224 9030 9383
9383 4284 9130
4286 9132 9384
9384 9385 9386
9387 4376 9388
4288 9388 9389
4282 4276 9390
4332 9390 9205
4289 9136 9391
9391 4226 9392
9393 9394 9138
9394 9395 9387
4280 9140 9396
9396 4221 9024
4292 9142 9397
9397 4380 9398
4352 4294 9399
4214 9399 4211
4061 4104 9400
9400 9051 9120
9401 4240 9402
4097 9402 9076
4119 8851 9403
9403 4241 9059
9404 9405 8860
9405 4121 9062
4176 8953 9406
9406 4243 9065
4186 8961 9407
9407 4183 9072
9408 9409 9049
4125 9409 8861
4061 3875 9057
4186 3875 8826
4176 9068 9410
9410 3818 9411
4119 9070 9412
9412 3805 8538
4249 4187 9413
4096 9413 9401
9162 4302 9414
4097 9414 4094
4248 4247 4062
4062 4247 3876
9415 9416 9417
9416 8301 9418
9022 4218 9419
4332 9419 9382
9025 4218 9420
3885 9420 9191
3885 8588 9421
9421 4223 9028
3884 8897 9422
9422 4225 9031
4225 9033 9423
9423 4378 9392
4227 9035 9424
9424 4380 9425
9426 9427 9039
9427 4374 9428
9429 9430 9042
9430 9431 9432
9433 4377 9434
4235 9434 9435
8317 3767 9436
4234 9436 9433
9203 9437 9254
9437 9417 8606
9208 9438 9021
9438 9229 9219
4351 9440 9439
9439 4345 9441
9256 9442 9204
9442 4350 9440
3768 3489 4203
4203 3489 4134
3769 3768 4204
4204 3768 4203
3770 3676 9443
4250 9443 9074
4131 9445 9444
9444 9446 8866
3976 9446 9447
9447 3834 8621
4156 9449 9448
9448 3834 8556
8636 9450 8972
9450 9451 9001
8666 9452 9451
9452 9453 8882
8675 9454 9455
9454 9456 8990
8722 9457 9458
9457 9267 8885
8904 9459 9456
9459 9038 9460
8943 9461 9462
9461 9455 9463
4383 9465 9464
9464 3826 9445
8969 9466 8639
9466 9467 8977
9036 9468 9469
9468 8906 9043
4384 9471 9470
9470 4243 9472
4292 9474 9473
9473 3914 9449
9264 9475 9453
9475 9458 9307
9265 4000 9476
9476 8721 9282
9477 9478 9467
9478 9479 9480
4381 9428 9481
9481 4285 9474
4385 9472 9482
9482 4175 9465
9426 9483 9385
9483 9469 9432
3827 9411 9484
9484 3817 8564
3992 9486 9485
9485 3817 8547
4229 9488 9487
9487 8988 9460
8634 9489 9817
9489 8732 9818
8730 9490 9277
9490 8632 8663
8734 9491 9492
9491 9281 8718
3993 9494 9493
9493 3844 9486
9495 9496 9497
9496 9498 9499
4241 9501 9500
9500 4178 9502
8635 9503 9819
9503 8973 9820
8986 9504 9349
9504 8627 8692
4231 9506 9505
9505 3926 9488
4118 9508 9507
9507 4179 9501
4289 9510 9509
9509 4155 9494
9275 9511 8733
9511 9492 9262
9279 9512 9513
9512 8736 9300
9346 9514 8989
9514 9497 9463
4378 9425 9515
9515 4291 9510
3819 8548 9516
9516 4245 9508
4381 9398 9517
9517 4228 9506
3797 3796 9518
4387 9518 4270
9519 9520 9521
9520 9471 9522
3798 8533 9523
9523 9066 9519
4178 8955 9524
4178 9524 4387
4242 9502 9525
9525 4387 9526
4054 8783 9527
9527 9332 9353
8848 9528 9821
9528 9529 9822
9529 9530 9348
9530 8942 9495
3558 3769 4199
4199 3769 4204
4365 9532 9531
9531 9357 9359
4334 4326 9533
9533 9532 9362
9534 9535 9213
9535 9366 9370
4355 4045 9333
4356 4045 8775
9340 9536 9823
9536 9538 9824
4361 9342 9539
9539 4087 8802
9345 9540 9825
9540 9537 9826
9477 9541 9352
9541 8971 8784
4364 4170 4355
4355 4170 9542
4360 9355 9543
9543 4052 8838
4356 4044 4199
4199 4044 4138
9358 9544 9538
4312 9544 9174
4336 9369 9545
9545 3943 9187
4368 9373 9546
9546 3940 8645
4369 9375 9547
9547 3777 9548
9350 9549 9479
9549 9462 9499
8941 9550 9498
9550 8975 9480
4313 9184 9551
9551 9552 9170
8807 9553 8618
3912 9553 9554
3946 3948 9555
4293 9555 4353
8740 9556 9322
9556 9554 8656
9557 9558 8769
4057 4056 3939
3939 4056 3936
4056 3429 3936
3936 3429 8438
8615 9559 8809
9559 8821 9552
4017 9561 9560
9560 4135 8935
8911 4136 9562
9562 9561 8742
8917 4162 9563
4005 9563 8726
8924 9564 9565
9564 9325 8755
4045 9542 9566
9566 4135 8872
8963 4190 9567
4240 9567 9053
4192 4057 4159
4159 4057 3939
4202 8993 4009
4009 4201 8729
4246 4249 9568
4095 9568 4096
4190 4257 9569
4079 9569 8798
4257 3949 4080
4274 4277 9570
4351 9570 4352
3946 4295 9571
3944 9571 3945
3891 8597 9572
9572 4319 9199
4327 4319 9573
9573 4319 9185
4334 9575 9574
4334 9574 4328
9576 9577 9217
9577 9233 9578
9578 9579 9225
9579 9221 9231
4344 9230 9580
9580 9255 9226
4246 3948 4247
4247 3948 3947
9310 4163 9581
4006 9581 9269
9312 4162 9582
3989 9582 9285
9320 9583 8741
9583 9565 9291
9323 9584 9558
9584 8926 9319
4364 4192 4361
4361 4192 4159
9367 9585 9576
9585 9586 9364
4295 4277 9587
3945 9587 4276
4187 4249 9588
4188 9588 4248
9227 9589 9441
9589 9207 9122
9534 9590 9586
9590 4335 9575
4170 4364 8936
4086 4364 4361
3837 3793 3792
3837 3792 9591
3838 9591 3815
3975 3974 9592
3973 9592 3917
4385 9594 9593
9593 3978 9595
4384 9595 9596
9596 9082 9522
8870 3821 9597
3985 9597 9113
3915 9599 9598
9598 3974 8682
8796 4076 9600
3923 9600 8625
8863 3975 9601
4122 9601 8983
3843 8560 9602
3843 9602 8689
3968 8948 9603
9603 8965 8795
9040 4077 9604
4235 9604 9046
4383 9606 9605
9605 3979 9594
4071 9608 9607
9607 3982 8688
3983 8691 9609
9609 4259 9608
4286 9611 9610
9610 4074 9599
4370 4371 4191
4191 4371 4128
4078 4373 3937
3937 4373 4370
9393 9612 9431
9612 9611 9386
9408 9613 8865
9613 4236 9606
9429 9614 9395
4376 9614 9435
3940 9548 9615
9615 3709 9210
9246 9616 8494
9616 8813 9617
3822 3840 3823
3823 3840 4206
3822 3821 9618
3841 9618 3814
3854 4113 3855
3855 4113 4115
4065 3840 4066
4066 3840 3839
3855 4115 3862
4144 4114 3854
3854 4114 4113
4145 4146 4149
4149 4146 4150
3799 3823 9619
3796 9619 4206
4066 4145 4063
4063 4145 4149
4065 4064 4207
3994 9111 9009
4267 9620 4266
4264 4265 9621
4266 9621 4209
4207 4270 9622
4206 9622 3796
4265 9624 9623
9623 4148 9006
4296 9145 9625
9625 3810 8889
4298 3811 4297
4297 3811 8542
4299 3851 4298
4298 3851 3811
4300 3865 4299
4299 3865 3851
4301 3866 4300
4300 3866 3865
3866 4301 4271
4310 4146 4311
4311 4146 3828
4307 3830 4308
4308 3830 3790
4260 9526 9626
9626 4270 9110
3799 3798 9627
9627 9521 9084
3780 4210 3779
3779 4210 4126
8505 3781 9628
4302 9628 9153
8507 3674 9629
9629 9160 9155
3919 9631 9630
9630 3572 9010
3780 3783 9632
9632 3783 9633
4250 3867 9634
3770 9634 3668
3571 3779 4127
4127 3779 4126
8511 3669 9635
4305 9635 3870
8513 3785 9636
8515 9637 9017
9637 3766 9415
3858 9638 4305
3786 3782 9639
9639 3782 9631
4212 9159 9640
9640 3578 9018
3767 3786 9641
4377 9641 9389
3756 3755 4078
4078 3755 4373
3787 8521 9642
9642 4121 9404
3783 8523 9643
9643 8858 9633
3752 3788 4129
4129 3788 3921
3788 3601 9644
3921 9644 3922
9617 9645 8526
9645 8604 9418
8529 9646 8854
9646 9647 9089
4261 9647 9648
9648 3477 8857
1 4389 3
4389 1 4388
2 4391 5
4391 2 4390
4392 14 4393
14 4392 13
15 4394 17
18 4395 20
4396 24 4397
24 4396 9827
4398 27 4399
27 4398 26
4400 29 30
4401 35 36
37 4402 38
4403 44 45
4404 47 48
4405 50 51
4406 53 4407
53 4406 52
54 4408 56
4409 16 15
4410 70 61
63 4410 61
4411 72 4412
72 4411 19
73 4413 4414
4413 73 47
75 74 9828
4413 4415 74
4416 41 40
64 4418 65
4418 64 4417
81 4420 9829
4420 81 4419
21 4421 15
4422 54 56
87 4412 4423
4412 87 71
45 4424 4425
4424 45 88
60 4408 55
4426 82 4427
82 4426 81
4428 92 84
4397 24 4429
93 9830 24
37 38 4430
4424 4430 38
26 4407 95
4431 95 4407
92 4433 84
4433 92 4432
97 4427 82
4427 97 4434
4435 101 4436
101 4435 100
4436 102 99
4437 104 22
90 4422 56
4416 40 91
4421 66 4409
66 4421 37
77 4439 107
4439 77 4438
4440 75 4441
75 4440 74
4442 106 4414
73 4414 106
107 4439 4444
4439 28 4443
4444 4443 111
4445 87 4446
87 4445 71
4418 77 107
114 4447 4449
4447 99 4448
4449 4448 115
4429 103 4437
103 4429 9830
82 9829 4450
4420 9651 4445
4450 9653 112
4443 117 111
4451 23 118
4452 90 120
4430 121 37
122 4454 96
4454 122 4453
72 4455 4456
4455 72 18
4452 120 4455
124 4455 120
4457 36 125
123 4441 75
48 4458 70
27 4459 126
118 4460 49
90 4461 120
66 4462 60
4451 118 93
4399 27 4463
126 4463 27
124 87 4456
4423 4456 87
4464 117 129
130 4465 74
4442 74 4465
85 4467 86
4467 85 4466
4468 99 102
4469 70 4458
70 4469 133
108 4453 122
4466 114 4470
114 4466 85
4459 95 4471
95 4459 26
36 4472 125
43 4473 136
115 4468 132
4468 115 4448
4432 92 4474
137 4474 92
116 4461 56
4461 116 4475
4476 140 135
4476 91 105
4477 118 49
4462 121 116
122 4474 4478
4474 122 96
136 4479 145
4479 136 4473
76 4480 146
4480 76 4457
4463 145 4479
145 4463 126
4446 124 4481
124 4446 87
112 4482 4450
4482 112 149
150 4482 149
109 113 4484
4483 4484 113
130 4485 4465
4485 133 4469
4465 4469 106
125 4472 4486
4472 35 4434
4486 4434 97
4431 53 4487
142 4487 53
4488 104 155
4467 131 156
4464 129 157
4475 116 4489
158 4489 116
4449 131 4470
131 4449 115
4490 116 121
108 4491 4440
4491 159 4492
4440 4492 74
160 4444 111
4428 86 4493
156 4493 86
4483 138 151
4494 110 161
4484 110 109
4495 120 163
164 4496 4497
4496 118 4477
4497 4477 51
4489 158 163
143 4490 121
44 4498 147
4498 44 4488
4491 108 168
108 4499 168
4478 137 170
4494 161 51
4500 130 74
171 4500 159
4492 159 4500
125 172 4480
4501 4480 172
130 4502 4485
4502 174 4503
4485 4503 133
4504 65 107
4503 174 167
4498 155 176
4505 112 4481
112 4505 149
137 92 4506
4493 4506 92
180 4507 4508
4507 124 4495
4508 4495 163
4502 130 171
4497 161 164
4509 126 181
181 126 4510
4471 4510 126
149 4505 180
4507 180 4505
4511 103 178
170 4499 122
180 4508 184
4512 184 4508
162 4496 4513
4496 162 118
139 4514 185
4514 139 4504
4515 142 4516
139 4516 142
4486 186 4517
186 4486 97
142 4518 4487
4518 181 4510
4487 4510 95
4519 160 169
4520 147 176
107 179 4514
4521 4514 179
4522 145 4509
145 4522 192
4516 139 185
4519 193 4523
193 4519 169
4524 128 146
150 4525 4526
4525 150 149
125 4527 172
4527 125 4517
196 4528 187
4515 187 4528
4520 176 4529
184 4529 176
4530 93 162
137 4506 4532
4506 156 4531
4532 4531 199
182 4533 200
158 4529 163
4512 163 4529
178 201 4511
4534 4511 201
4534 201 202
164 4535 4536
4535 164 161
172 4537 4501
4537 172 207
4521 179 209
4538 149 4539
180 4539 149
115 132 4541
4540 4541 132
198 137 4542
4532 4542 137
177 4526 195
171 4543 205
199 4544 212
4544 199 4531
156 4545 214
4536 215 164
205 4543 4547
4543 159 4546
4547 4546 216
4523 193 208
4513 164 4548
215 4548 164
142 4549 4518
4549 218 4550
4518 4550 181
4530 162 203
115 4552 131
4552 115 4551
194 4524 4553
4524 146 4537
4553 4537 207
4533 151 4554
173 4554 151
168 4546 159
4546 168 4555
4540 197 211
220 4551 4556
4551 115 4541
4556 4541 211
170 4557 168
149 4538 4525
4538 210 4558
4525 4558 195
4559 180 184
4535 161 182
4557 216 4555
216 4557 221
219 194 4560
4553 4560 194
4561 224 4550
181 4550 224
210 4539 223
4559 223 4539
208 205 4562
4547 4562 205
162 4563 226
4563 162 4548
4544 156 214
4528 218 4549
218 4528 196
4564 204 229
4554 173 222
209 4562 216
220 4565 4552
4565 214 4545
4552 4545 131
192 4522 225
4566 225 4522
4567 231 232
172 4527 4569
4527 186 4568
4569 4568 233
4570 182 200
4566 181 224
4571 239 240
233 4568 244
4572 244 4568
195 4558 246
4573 246 4558
4574 248 4575
249 4575 248
4576 252 244
186 195 4572
4576 4572 195
224 4561 253
4577 253 4561
254 4578 4580
4578 255 4579
4580 4579 256
4581 258 259
4570 200 260
4582 262 263
246 4573 264
4583 264 4573
4583 237 264
226 4563 4585
4563 215 4584
4585 4584 265
266 4586 268
269 4587 4588
4587 269 270
251 4589 4590
4589 251 203
4569 207 172
4564 229 4584
265 4584 229
226 4589 203
4589 226 4591
279 4593 281
4593 279 4592
291 4594 4596
4594 292 4595
4596 4595 293
295 4597 4599
4597 296 4598
4599 4598 297
303 4600 305
4601 307 308
312 4602 314
4603 314 4602
315 4604 317
318 4605 4607
4605 319 4606
4607 4606 320
4608 323 324
325 326 4610
4609 4610 326
330 331 4612
4611 4612 331
335 4613 4614
4613 335 336
338 4615 4617
4615 339 4616
4617 4616 340
341 4618 343
4619 350 351
4620 353 4621
351 4621 353
4622 361 4623
361 4622 360
362 4624 4626
4624 363 4625
4626 4625 364
365 4627 4629
4627 366 4628
4629 4628 367
4630 370 4631
370 4630 369
351 4632 4619
4632 371 4633
4619 4633 349
372 373 4635
4634 4635 373
4636 383 384
385 4638 387
4638 385 4637
4639 388 284
4640 390 4641
391 4641 390
4642 393 4643
393 4642 390
394 4644 4646
4644 395 4645
4646 4645 396
4647 398 4648
399 4648 398
227 4649 400
4650 404 405
406 407 4652
4651 4652 407
4653 413 4654
414 4654 413
4655 429 4656
429 4655 428
4657 448 449
4658 451 452
4659 454 343
4660 454 456
4661 458 459
4662 467 4663
468 4663 467
4664 472 4665
473 4665 472
9831 4667 9832
4667 9831 4666
477 4668 4669
4668 477 478
4670 487 488
490 4671 492
497 4672 4674
4672 498 4673
4674 4673 499
503 4676 505
4676 503 4675
4677 509 510
511 4678 513
4679 516 4680
516 4679 515
302 4681 4682
4681 302 517
4683 523 4684
524 4684 523
4685 526 4686
527 4686 526
531 4687 4689
4687 304 4688
4689 4688 532
536 4690 4692
4690 537 4691
4692 4691 538
539 220 4694
4693 4694 220
541 542 4696
4695 4696 542
544 4697 4699
4697 545 4698
4699 4698 546
547 4700 549
550 551 4702
4701 4702 551
553 4703 4705
4703 554 4704
4705 4704 555
4706 557 11
4707 559 4708
555 4708 559
561 4709 4711
4709 562 4710
4711 4710 563
4712 513 565
566 4713 4715
4713 567 4714
4715 4714 568
4716 569 570
571 4717 4719
4717 572 4718
4719 4718 573
4720 381 575
576 4721 4723
4721 577 4722
4723 4722 578
4724 319 4725
579 4725 319
4726 581 527
4727 594 595
599 4728 4730
4728 600 4729
4730 4729 601
602 4731 4732
4731 602 603
444 4733 606
607 471 4735
4734 4735 471
4736 610 611
4737 614 4738
614 4737 613
615 616 4740
4739 4740 616
620 4741 622
626 4742 316
4604 316 4742
4743 637 4744
638 4744 637
4745 639 1
641 4746 643
4747 645 646
4748 649 4749
649 4748 648
650 4750 652
585 4751 4752
4751 585 653
4753 656 657
4754 660 4755
660 4754 659
673 4756 4757
4756 545 4697
4757 4697 544
4758 678 679
4759 685 686
687 688 4761
4760 4761 688
687 4762 4763
4762 687 695
700 4765 702
4765 700 4764
392 4766 4642
4766 703 4767
4642 4767 390
315 4768 4769
4768 315 317
705 4770 4772
4770 706 4771
4772 4771 707
4773 709 710
716 4774 4775
4774 716 717
4776 727 4777
727 4776 726
4778 729 732
4779 733 569
738 4781 740
4781 738 4780
744 4782 4784
4782 745 4783
4784 4783 746
4785 688 748
749 4787 751
4787 749 4786
757 4788 4790
4788 758 4789
4790 4789 759
441 4791 763
764 4792 766
767 4793 4795
4793 768 4794
4795 4794 769
4796 770 771
4797 706 774
412 706 4799
4798 4799 706
4800 777 778
615 4740 4802
4740 617 4801
4802 4801 283
779 614 4804
4803 4804 614
552 4805 4807
4805 784 4806
4807 4806 785
4773 786 708
4808 805 806
807 4810 809
4810 807 4809
4811 814 817
749 4812 819
4813 651 824
825 4814 456
4660 456 4814
4815 827 828
829 4817 831
4817 829 4816
832 757 4819
4818 4819 757
4820 429 4821
429 4820 839
4822 844 845
4823 844 847
4824 852 853
4825 366 855
4826 857 858
859 4827 4828
4827 859 860
353 4829 351
4830 351 4829
4831 867 4832
867 4831 717
4833 868 869
870 4834 4835
4834 870 871
4836 432 431
4837 874 538
4838 876 4839
877 4839 876
4840 880 4841
880 4840 879
4842 883 886
4843 889 4844
889 4843 888
4845 892 893
4846 913 914
4847 603 4848
305 4848 603
4849 919 4850
920 4850 919
318 4851 4605
4851 318 922
923 4852 4854
4852 345 4853
4854 4853 924
925 4855 927
928 4856 4858
4856 929 4857
4858 4857 930
4859 932 598
933 4860 573
4861 600 4728
600 4861 246
4745 939 639
4862 955 956
4863 262 957
4864 966 897
514 4865 4867
4865 967 4866
4867 4866 968
969 970 4869
4868 4869 970
4870 972 4871
972 4870 746
973 4872 4874
4872 974 4873
4874 4873 332
976 4875 372
4614 337 4876
973 4876 337
981 4878 982
4878 981 4877
4879 985 4880
985 4879 984
534 4881 4882
4881 534 715
990 4883 4885
4883 991 4884
4885 4884 992
990 4886 4888
4886 993 4887
4888 4887 994
596 4889 996
997 4890 4892
4890 998 4891
4892 4891 999
4893 1007 4894
1008 4894 1007
679 4895 1010
4896 1012 4897
1013 4897 1012
4621 351 350
1020 4898 1022
1030 4899 4900
4899 1030 1031
4901 1034 1035
1036 4902 904
872 4903 4905
4903 1038 4904
4905 4904 1039
1040 4730 601
4730 1040 4906
4861 599 252
8 4907 966
1046 4908 4910
4908 1031 4909
4910 4909 1047
414 4911 4912
4911 414 1048
1054 506 4914
4913 4914 506
875 4915 4838
4915 387 4916
4838 4916 876
1057 4917 1058
4918 613 501
1070 4919 4921
4919 1071 4920
4921 4920 1072
1073 4922 4924
4922 695 4923
4924 4923 1074
1075 4925 4926
4925 1075 1076
4927 1079 1080
1083 4928 1085
4929 1085 4928
4930 1087 4931
1087 4930 1084
4932 1090 4933
1092 4933 1090
1093 4934 4936
4934 453 4935
4936 4935 1094
4937 1101 4938
1102 4938 1101
1103 4939 1105
1106 4940 1108
4941 1108 4940
4942 1109 1077
702 4943 4945
4943 1114 4944
4945 4944 705
1115 4947 490
4947 1115 4946
1119 4948 4950
4948 1070 4949
4950 4949 1120
1121 4952 1122
4952 1121 4951
1123 4953 4955
4953 1124 4954
4955 4954 1125
1126 1127 4957
4956 4957 1127
1132 4958 4960
4958 930 4959
4960 4959 1133
937 4961 1120
4962 1137 4963
1137 4962 1136
4964 517 302
1144 4641 391
4738 614 1145
4965 1155 958
4966 789 478
1158 4967 4968
4967 1158 1115
1160 4969 1162
1095 4971 1096
4971 1095 4970
1164 4973 1165
4973 1164 4972
4974 1168 4975
1169 4975 1168
1170 1048 4977
4976 4977 1048
4978 1031 1030
4979 1174 980
1177 4980 624
4981 624 4980
4982 257 265
4618 1180 343
1188 4984 1190
4984 1188 4983
4985 257 4581
257 4985 265
4986 1199 4987
1200 4987 1199
4988 1201 556
1202 834 4990
4989 4990 834
1203 4991 1205
717 4992 1206
4993 1206 4992
4791 442 4994
1209 4994 442
4631 370 4995
468 4995 370
1075 4996 4998
4996 781 4997
4998 4997 997
4999 1217 5000
1218 5000 1217
5001 1220 1029
352 5002 4620
5002 1221 5003
4620 5003 353
5004 1223 5005
1224 5005 1223
1225 1226 5007
5006 5007 1226
5008 938 212
5009 1027 1020
5010 1245 1246
1247 5011 5012
5011 1247 1245
540 5013 4694
5013 1249 5014
4694 5014 539
1250 5015 5017
5015 1251 5016
5017 5016 567
1036 5018 1252
368 4995 5020
4995 468 5019
5020 5019 1074
5021 714 715
467 5019 468
5019 467 5022
5023 1203 877
5024 1262 291
1263 5025 5026
5025 1263 1264
5027 1032 1269
5028 1271 760
570 5029 1225
645 5030 1276
5030 645 4747
388 5031 592
5032 592 5031
5033 1279 5034
1280 5034 1279
5035 1171 5036
1171 5035 1031
1285 5037 5038
5037 1285 960
803 5039 5040
5039 803 802
966 488 5042
5041 5042 488
5043 689 4630
369 4630 689
1281 1047 5035
4909 5035 1047
5044 1288 4990
1202 4990 1288
1291 5045 1293
5046 1293 5045
5047 1302 1303
5048 1253 5049
1253 5048 804
5050 1225 1306
5051 1308 1227
1309 5052 5053
5052 673 4757
5053 4757 544
856 5054 5055
5054 856 551
4701 551 5056
858 5056 551
5057 1228 4708
558 4708 1228
1261 1311 5059
5058 5059 1311
1312 5060 1314
5061 1314 5060
4571 238 1315
1316 5063 9833
5063 1316 5062
5064 1320 1321
5065 1325 1326
5066 1331 1332
1333 5067 1334
5068 1003 422
367 5069 5071
5069 1336 5070
5071 5070 1337
1266 5072 1111
645 1276 5074
5073 5074 1276
1343 5075 5076
5075 1343 1270
1347 5077 5078
5077 1347 1348
5079 1356 1357
4775 1358 716
1362 759 5081
5080 5081 759
785 5082 5084
5082 1364 5083
5084 5083 1365
4794 344 769
5085 723 1369
1370 5086 1371
1124 1372 5088
5087 5088 1372
500 1365 5090
5089 5090 1365
1374 1375 5092
5091 5092 1375
1376 5093 5095
5093 1377 5094
5095 5094 493
1378 5096 5098
5096 1379 5097
5098 5097 1380
1381 1382 5100
5099 5100 1382
1313 5101 1385
5102 1385 5101
5103 1389 1099
5104 984 5105
984 5104 675
769 5106 4795
5106 524 5107
4795 5107 767
5108 1395 4634
374 4634 1395
613 5109 1397
5110 1397 5109
5111 357 1399
1404 5112 5113
5112 1404 1401
5114 1380 1407
1408 5115 9656
5115 1409 9671
5117 5116 9834
1410 5118 5120
5118 1411 5119
5120 5119 1412
1413 5121 5123
5121 1248 5122
5123 5122 254
1414 5124 5126
5124 621 5125
5126 5125 1415
1416 5127 1418
693 5128 1130
1419 5129 5130
5129 1419 1420
1185 5131 5133
5131 371 5132
5133 5132 838
7 5134 426
1422 5135 5136
5135 1422 292
293 4595 5138
4595 292 5137
5138 5137 1424
5139 709 1426
1427 5140 1429
386 1431 5142
5141 5142 1431
1385 5143 334
1434 5144 952
1436 5145 5146
5145 254 4580
5146 4580 256
361 5147 1438
5148 430 5149
430 5148 431
5150 308 1440
1444 5151 1445
5152 1445 5151
1446 5154 1342
5154 1446 5153
1292 5156 1167
5156 1292 5155
5157 310 5158
310 5157 1180
4806 784 5082
1364 5082 784
1442 5159 5161
5159 1135 5160
5161 5160 366
5028 1270 5162
1453 5162 1270
1388 5164 1389
5164 1388 5163
5165 615 4802
615 5165 1393
5166 1460 951
776 4800 5168
4800 778 5167
5168 5167 1461
1408 5169 9657
5169 476 9832
5170 4667 9654
1462 1463 5172
5171 5172 1463
5173 1468 4644
395 4644 1468
5174 1470 1471
5175 432 1473
906 5176 1475
999 5177 1476
5177 999 4891
5178 1478 1479
1480 5179 5180
5179 1480 1481
1482 5098 5181
5098 1482 1378
5096 1483 1379
1312 5182 5183
5182 1312 1490
5184 663 1493
661 663 5186
5185 5186 663
5187 1496 676
1497 5188 5189
5188 1497 697
5190 1500 1501
5191 1443 1441
5192 1505 1506
5193 449 1507
4898 1021 975
4862 622 954
917 5194 5196
5194 525 5195
5196 5195 977
300 5113 1405
1509 5197 5199
5197 1510 5198
5199 5198 1511
1512 5200 5202
5200 450 5201
5202 5201 364
4966 477 1157
5203 1513 5204
1281 5204 1513
823 5205 1514
5206 1514 5205
5137 1422 5207
1422 5137 292
1517 5208 1519
1327 5209 854
5210 854 5209
5211 1522 1523
721 5212 1319
5213 1470 575
993 4886 1530
5214 1530 4886
1353 5215 1296
5071 1337 5216
1537 5216 1337
1539 1540 5218
5217 5218 1540
5219 1547 865
1439 5149 1548
5220 1548 5149
1550 5221 5223
5221 1551 5222
5223 5222 296
1342 5154 5224
5154 1447 5219
5224 5219 865
969 5226 1553
5226 969 5225
5227 927 1234
1554 5228 1435
5229 1558 1559
5230 1560 1561
1562 5231 5233
5231 1563 5232
5233 5232 1564
1241 5234 1565
1518 5235 5236
5235 1518 1517
1569 5237 410
5238 410 5237
5239 1571 5240
1573 5240 1571
435 5241 433
1574 5242 5244
5242 1575 5243
5244 5243 497
5245 1577 5246
1578 5246 1577
5247 1579 1580
1253 5021 5249
5021 715 5248
5249 5248 533
5250 1582 1216
1583 5251 5253
5251 1584 5252
5253 5252 1450
1585 5255 1501
5255 1585 5254
1587 5256 5258
5256 1586 5257
5258 5257 1046
339 4845 893
1554 5259 5261
5259 1434 5260
5261 5260 1589
5262 1590 5263
1590 5262 956
1392 1391 5265
5264 5265 1391
5266 425 1592
572 5267 5269
5267 1593 5268
5269 5268 933
1594 1417 5271
5270 5271 1417
5272 947 946
5273 1520 564
1601 5274 1603
5275 1603 5274
650 652 5277
5276 5277 652
1605 5278 5280
5278 652 5279
5280 5279 704
1606 5281 1607
1128 5058 1608
5282 1608 5058
1610 5283 1307
5284 595 594
4695 542 1614
1250 5017 1615
5285 1615 5017
1616 5286 5287
5286 1616 1196
1384 1618 5102
5288 5102 1618
5289 1066 5290
1066 5289 1618
5242 1232 1575
312 5291 1619
939 5292 1620
1371 5293 1370
5294 1144 5295
1144 5294 389
5296 1623 5297
413 5297 1623
5298 1528 381
5299 1625 1626
444 5186 605
5300 446 1627
1067 5301 5302
5301 1067 1630
1632 5303 5305
5303 1549 5304
5305 5304 1633
858 5306 5056
5306 1549 5307
5056 5307 552
4819 1537 5308
1537 4819 833
5309 1634 825
1624 5299 1528
5299 1624 5310
1638 1639 5312
5311 5312 1639
5313 827 1641
5314 1579 1644
5315 1645 672
5316 655 5317
655 5316 1646
399 5318 4648
5318 207 5319
4648 5319 397
5320 1399 5321
1399 5320 1649
5322 1651 1652
5323 1655 5324
1655 5323 1654
1656 5325 1658
4994 1654 763
1489 1659 5327
5326 5327 1659
5328 891 937
1664 407 5330
5329 5330 407
5331 1668 5332
430 5332 1668
1432 5141 1669
5333 1669 5141
5334 1662 1661
5335 1589 1671
5047 1303 5336
1672 5336 1303
1575 5337 5339
5337 1674 5338
5339 5338 1675
1676 5340 406
587 5281 5341
5281 587 1607
5342 613 1397
5343 1679 1622
5166 1161 1680
1681 5344 1450
1683 5345 5347
5345 1684 5346
5347 5346 1492
5348 1686 746
5349 1536 847
971 4868 1258
5350 1258 4868
5351 1687 1688
5352 1687 1461
678 677 5354
5353 5354 677
1490 5355 1690
5356 1690 5355
1691 5357 503
5358 503 5357
5359 760 5360
1271 5360 760
1033 5361 1694
694 5362 767
488 966 4670
5363 4670 966
701 4764 5365
4764 700 5364
5365 5364 1695
956 5262 478
4668 478 5262
1637 5366 1580
5367 1580 5366
676 5273 564
5368 526 5369
1329 5369 526
1080 5370 1694
4758 679 5371
1010 5371 679
4774 717 1206
1700 5373 1369
5373 1700 5372
1701 5374 14
1703 5375 1705
1706 1707 5377
5376 5377 1707
5378 1367 1710
611 5379 5380
5379 611 1711
5381 1713 1459
5382 321 311
5383 1643 800
1039 5384 4905
5384 1039 1715
1683 5385 5345
5385 1715 5386
5345 5386 1684
5387 1717 5388
595 5388 1717
4948 1463 5389
1463 4948 1119
4946 942 1116
349 5390 5392
5390 1718 5391
5392 5391 1719
1647 5393 5394
5393 1647 542
1722 5395 5397
5395 612 5396
5397 5396 1723
389 5398 1349
5078 1349 5398
1457 5399 5400
5399 1090 4932
5400 4932 776
1728 5401 5403
5401 1100 5402
5403 5402 1104
839 5404 429
4656 429 5404
4707 806 559
1521 5348 5405
5348 746 4783
5405 4783 745
1732 5406 5407
5406 1732 1733
5408 501 4737
613 4737 501
1348 5409 5410
5409 1722 5397
5410 5397 1723
5411 1736 5412
1736 5411 1735
1737 5413 5415
5413 609 5414
5415 5414 365
1425 5417 709
5417 1425 5416
1743 5139 1426
1263 5026 5418
5026 1265 5264
5418 5264 1391
5419 1155 5420
1742 5420 1155
5421 402 5422
402 5421 1028
5222 1551 1079
1169 5423 4975
5423 1293 5424
4975 5424 1167
1728 5425 5401
5425 1101 4937
5401 4937 1100
5426 1745 5427
1745 5426 1744
5428 1750 1099
5429 322 1754
1682 5430 1583
5431 1757 5432
1757 5431 773
773 5433 4797
5433 775 4798
4797 4798 706
1758 5434 5436
5434 1759 5435
5436 5435 1760
5437 1648 331
5438 508 5439
632 5439 508
5440 1764 5247
1579 5247 1764
5441 656 5442
1766 5442 656
1086 5443 1767
5444 1616 1768
1033 5445 5446
5445 1033 1769
5447 425 1132
1771 5448 5450
5448 739 5449
5450 5449 1592
595 1307 5388
5283 5388 1307
1773 5451 5453
5451 1774 5452
5453 5452 1714
5454 1765 1286
1030 5455 4978
5455 1030 1478
1373 5456 5458
5456 1364 5457
5458 5457 1083
617 5459 5460
5459 1077 4925
5460 4925 1076
5461 1779 1780
5462 1783 274
1784 5464 1658
5464 1784 5463
1034 5465 1568
1786 5467 1787
5467 1786 5466
5468 1788 5469
1789 5469 1788
5470 1160 1008
1791 5471 1009
1536 4823 847
673 5472 5473
5472 673 1793
5474 1797 1798
1804 5475 5476
5475 1278 5034
5476 5034 1280
5477 277 5478
277 5477 276
5479 1809 1753
1205 5480 1810
5481 1810 5480
1811 1446 5483
5482 5483 1446
1071 5484 1812
5485 830 1812
5310 1624 5486
1814 5486 1624
586 4752 654
702 4945 5487
4945 705 4827
5487 4827 860
375 5488 5490
5488 1219 5489
5490 5489 1028
5491 1174 1633
5492 1800 1821
5493 1369 723
1403 5495 1405
5495 1403 5494
1151 1041 5497
5496 5497 1041
5498 1822 1204
5499 1609 5500
1609 5499 1333
1363 1824 5502
5501 5502 1824
5143 761 334
1826 5503 5505
5503 1827 5504
5505 5504 1828
4674 499 5244
1574 5244 499
1829 5506 1831
1179 5507 4982
5507 639 5508
4982 5508 257
5509 423 1133
5510 900 378
5511 1836 1445
1837 5512 5513
5512 1837 1010
879 5514 9658
5514 1838 9672
5516 5515 9835
5103 1750 1388
1798 5517 5474
5517 1798 1706
5518 1706 905
1125 5519 4955
5519 1841 5520
4955 5520 1123
5521 1731 5514
1838 5514 1731
4577 218 5522
196 5522 218
5523 1847 1848
5524 1474 5525
1474 5524 337
1852 5526 5527
5526 1852 1853
1384 5529 1618
5529 1384 5528
5530 519 5531
1857 5531 519
5112 1403 1405
5532 560 1859
5533 1860 1619
1861 5534 871
5535 871 5534
5536 1828 1863
5500 1609 1750
1864 5537 5539
5537 994 5538
5539 5538 619
1700 5540 1866
5541 1866 5540
5542 875 1867
1062 5543 1035
5544 1035 5543
5545 1775 1326
5546 298 300
1870 1871 5548
5547 5548 1871
5549 1015 662
5042 897 966
759 1362 5551
5550 5551 1362
5204 335 4876
335 5204 1281
5552 742 1359
1630 5553 5554
5553 1630 1439
1877 5555 5557
5555 1878 5556
5557 5556 1578
258 5558 5559
5558 601 4729
5559 4729 600
5072 1268 1879
1284 5560 5561
5560 1284 1879
5562 1880 575
5563 1882 1883
1829 5564 5565
5564 466 4663
5565 4663 468
5566 1187 1885
5567 911 1214
4837 538 1886
1756 5568 5569
5568 497 5243
5569 5243 1575
1676 5570 1563
5571 1563 5570
5572 1893 5573
1685 5573 1893
1650 5574 5575
5574 1650 1894
915 5408 5576
5408 915 501
1122 5578 1443
5578 1122 5577
5579 450 5580
1899 5580 450
5059 1262 5024
1262 5059 1128
1169 5581 5583
5581 1261 5582
5583 5582 293
1509 5584 5197
5584 297 5585
5197 5585 1510
1760 5435 602
5586 602 5435
1542 5587 1904
5588 1905 1597
5589 1896 1372
655 1646 5591
5590 5591 1646
247 5592 5593
5592 1185 5133
5593 5133 838
1906 5595 1907
5595 1906 5594
1908 5596 5598
5596 1909 5597
5598 5597 638
4938 1102 1269
5599 1911 1149
1421 1410 5601
5600 5601 1410
1410 5602 5118
5602 606 5603
5118 5603 1411
5604 1913 1148
5605 1164 1165
500 5090 5607
5090 1373 5606
5607 5606 1396
659 1675 5608
5338 5608 1675
4665 608 4734
608 4665 473
823 1088 5205
5609 5205 1088
1211 5610 5611
5610 1211 1563
5612 1608 1868
5613 1835 5614
842 5614 1835
5605 1258 1164
5615 1551 1769
1687 4989 834
660 5616 5618
5616 549 5617
5618 5617 1919
1920 5619 5621
5619 1921 5620
5621 5620 1796
1700 5622 5372
5622 784 5623
5372 5623 1632
1593 5624 5625
5624 1774 5509
5625 5509 1133
5626 1923 1503
1503 5627 5626
5627 1503 1739
502 1924 5629
5628 5629 1924
5630 942 941
816 5632 815
5632 816 5631
5633 1207 5634
1207 5633 1209
5635 1654 5323
1654 5635 1926
5636 1678 1928
770 5637 533
5249 533 5637
1929 5638 1168
4872 973 5524
337 5524 973
5639 1418 1931
5640 1933 5641
1934 5641 1933
5642 1711 852
1935 5643 1937
5644 1938 1883
5645 1939 922
527 977 4686
5195 4686 977
472 5646 9659
5646 1940 9836
5648 5647 9673
4673 1560 5230
1560 4673 498
1574 5649 1941
1942 1943 5651
5650 5651 1943
859 5652 860
1945 5653 5654
5653 1945 1170
1004 5655 1946
5656 1946 5655
5657 1543 5658
1543 5657 519
5659 624 1949
5660 1831 1951
5661 632 631
1622 5297 5662
5297 413 4653
5662 4653 412
5663 628 1621
986 1228 5665
5664 5665 1228
1954 5666 5667
5666 321 5382
5667 5382 1714
1280 5668 1223
328 4609 326
1955 5669 5671
5669 1956 5670
5671 5670 303
916 5523 5672
5523 916 912
1251 5673 5674
5673 1125 4954
5674 4954 1124
1205 5675 1447
5676 865 1547
5677 1475 336
5678 14 1139
1959 5062 5679
5062 1959 1317
809 5680 5654
5680 1814 5681
5654 5681 1945
5007 1227 1308
365 5682 5415
5682 833 5683
5415 5683 1737
1060 5487 5684
5487 1060 702
5685 1960 4930
1084 4930 1960
769 5686 5106
5686 1405 5687
5106 5687 524
5688 1577 5689
1964 5689 1577
1578 5690 5557
5690 1578 1577
1421 5134 355
1695 5691 5365
5691 1695 1881
555 5692 5693
5692 555 559
1178 5694 1967
5695 1967 5694
1939 5364 700
281 5429 1968
5696 1968 5429
858 5697 681
1518 5698 1969
5699 824 651
1369 5373 5085
5373 1632 5700
5085 5700 724
1462 5172 1970
5701 1970 5172
388 4639 1213
5702 1213 4639
1751 5703 1159
4968 1159 5703
1663 5704 1815
5545 1623 1775
5705 1334 1971
5706 1575 1232
1103 5403 1104
5403 1103 5707
5708 1607 1761
1532 5710 1973
5710 1532 5709
1137 5711 5713
5711 488 5712
5713 5712 734
5714 1835 5715
1835 5714 485
1975 5716 5718
5716 1976 5717
5718 5717 1097
1630 5719 1439
5148 1439 5719
1826 5720 5722
5720 1862 5721
5722 5721 1977
1137 1136 5711
5041 5711 1136
1978 5724 1963
5724 1978 5723
5725 1981 5726
1981 5725 808
820 5728 821
5728 820 5727
5729 1811 5730
1811 5729 1681
1982 5731 1161
4969 1161 5731
5732 1720 346
5733 1626 1625
1984 5734 5736
5734 1265 5735
5736 5735 1467
5737 1666 1145
1581 1987 5250
5738 5250 1987
1990 5739 5740
5739 1990 993
5741 1284 1206
930 4958 4858
4958 1132 5742
4858 5742 928
5584 1946 297
5743 416 1110
5744 1928 1675
1362 5081 1526
5502 1526 5081
5745 1898 1918
5351 1456 1457
1072 5746 4921
5746 866 5747
4921 5747 1070
1682 1583 5344
5253 5344 1583
5494 1403 5748
1998 5748 1403
5749 1240 2000
5750 1101 5425
1101 5750 1703
5751 598 5570
597 5570 598
1133 423 4960
5447 4960 423
5752 1831 1827
5037 328 1286
1084 5753 4929
5753 1084 1960
5754 523 2004
5107 524 694
5 4391 5756
4391 4 5755
5756 5755 1156
5757 1428 5758
643 5758 1428
579 319 5760
5759 5760 319
5761 405 5762
2006 5762 405
1754 322 5763
4608 5763 322
1904 5764 5765
5764 1904 1217
1218 5533 1619
5766 626 5767
316 5767 626
1990 5769 872
5769 1990 5768
688 5770 5772
5770 1869 5771
5772 5771 1325
5773 2013 1782
5774 2013 886
2014 5775 5777
5775 850 5776
5777 5776 2015
5778 1044 1113
5779 1658 5780
1658 5779 1784
5758 2018 5781
2018 5758 643
689 5043 4761
5043 368 5782
4761 5782 687
1606 5783 1277
5032 1277 5783
5784 2021 749
1355 5531 1857
5531 1355 5079
520 5785 1556
4691 537 1886
1632 5786 5303
5786 552 5307
5303 5307 1549
2022 1748 5788
5787 5788 1748
5789 1648 5321
1648 5789 2023
5159 1443 1135
1134 5790 936
4961 936 5790
2028 1998 5792
5791 5792 1998
979 5794 980
5794 979 5793
5795 2030 2031
5796 1415 692
2033 5797 1736
5266 1592 2035
1268 5560 1879
5798 1821 5355
1689 5355 1821
2039 5799 5800
5799 2039 2040
5801 664 964
2041 5803 545
5803 2041 5802
1238 5804 1375
5091 1375 5804
1962 5805 5806
5805 1962 1374
740 5808 341
5808 740 5807
1690 1592 5809
5449 5809 1592
5810 1772 248
4986 1198 1673
4593 1846 281
5811 1080 1694
727 5812 5706
5812 1674 5337
5706 5337 1575
659 5813 1675
5744 1675 5813
5814 1037 1036
5815 1037 2042
324 5816 5763
5816 1934 5817
5763 5817 1754
2043 5818 5820
5818 604 5819
5820 5819 917
943 5501 1824
1270 5821 5075
5821 1270 760
5614 842 1488
2044 5822 5824
5822 1412 5823
5824 5823 1038
5825 1822 5826
1602 5826 1822
5827 304 5194
525 5194 304
5828 1136 2047
5829 318 5830
1882 5830 318
4924 1074 2048
1078 5831 1011
443 5833 2049
5833 443 5832
636 4744 1564
5834 1564 4744
5835 643 2051
916 5836 915
4836 431 1805
1473 5837 2052
5613 1836 1835
1875 1737 5551
5838 5551 1737
1542 5840 1543
5840 1542 5839
5841 2030 2054
247 5593 5843
5593 838 5842
5843 5842 744
5844 1891 1276
5845 435 1260
5846 459 458
1707 5847 5376
5847 1707 1704
5848 765 2057
5849 768 4793
768 5849 2058
1209 5851 1654
5851 1209 5850
918 2023 4849
5852 4849 2023
696 5853 4763
5853 696 1869
5854 426 5601
1421 5601 426
777 5855 778
5856 1602 5274
1602 5856 2059
1720 5857 2061
5858 2062 1462
5859 1889 5101
1384 5101 1889
1225 5029 1226
5860 1226 5029
5861 761 5359
760 5359 761
766 5862 5864
5862 851 5863
5864 5863 1189
5865 1216 5866
1582 5866 1216
5566 1885 5867
931 5867 1885
832 5869 757
5869 832 5868
1828 5536 5505
5536 1862 5720
5505 5720 1826
1463 5870 5171
5870 1121 5871
5171 5871 1464
1760 5872 5436
5872 1760 1733
1077 5459 5873
5459 617 4739
5873 4739 616
5874 1310 2064
5339 1675 5569
1756 5569 1675
4813 316 651
2065 5609 1088
2024 5875 1834
5876 559 806
1486 5877 2067
4770 774 706
5878 1896 5879
1123 5879 1896
2035 5880 5881
5880 2035 1689
829 1206 5882
4993 5882 1206
1610 5884 1978
5884 1610 5883
2068 5885 403
4650 403 5885
1653 5324 5887
5324 1655 5886
5887 5886 2069
5873 1111 4942
1111 5873 616
5888 2070 5889
2070 5888 778
5890 2071 5891
2071 5890 1730
1291 5892 5893
5892 1424 5574
5893 5574 1894
5894 1757 1254
5895 1562 1323
5896 2076 5897
2076 5896 1392
1432 876 5142
5898 5142 876
5899 1327 1329
933 5268 5901
5268 1593 5900
5901 5900 799
1593 5902 5624
5902 1714 5452
5624 5452 1774
5903 1863 747
1732 5904 5848
5904 1504 5905
5848 5905 765
1443 5906 1122
5906 1443 5191
5117 476 5169
476 5117 1317
2063 5491 1818
5615 1694 1551
300 5686 5546
5686 300 1405
5661 631 921
2078 5908 2079
5908 2078 5907
5634 1207 5909
1589 5909 1207
5677 904 1475
1125 5910 5519
5910 1716 5911
5519 5911 1841
1978 1963 5912
5689 5912 1963
1877 5913 5915
5913 1963 5914
5915 5914 2081
5916 1583 2008
1940 5917 261
5917 1940 5646
1251 5918 5673
5918 2083 5919
5673 5919 1125
2085 5920 5922
5920 2074 5921
5922 5921 1922
1779 5923 1499
5923 1779 5461
5924 2086 5925
2087 5925 2086
5550 1362 1813
1952 5439 632
1790 5926 1160
1355 1857 5334
5927 5334 1857
5928 1434 952
5929 1145 2089
5930 1210 5931
1210 5930 1211
1649 5932 1967
5933 1967 5932
12 4393 1702
5374 1702 4393
1418 5934 1931
5685 2092 5935
2092 5685 1086
5936 1100 1269
698 5937 686
804 5938 4808
5938 1481 5939
4808 5939 805
566 5285 4713
5285 566 1615
1888 5940 1634
1585 5941 5942
5941 1585 2093
5943 1894 2094
602 5944 1760
5945 1760 5944
5946 405 5463
404 5463 405
854 5947 4825
5947 1336 5948
4825 5948 366
888 4843 5950
4843 887 5949
5950 5949 1550
5562 575 5174
1470 5174 575
1890 644 5951
5528 5951 644
4749 649 5952
2096 5952 649
5953 1889 1888
764 766 5955
5954 5955 766
1915 5610 597
5571 597 5610
587 5341 1817
5956 1817 5341
2086 5924 5957
5924 349 5392
5957 5392 1719
5958 1553 1535
5959 931 821
974 5960 5961
5960 1800 5492
5961 5492 1820
5516 1839 1698
5962 1074 5022
1074 5962 2048
2053 5963 5965
5963 1625 5964
5965 5964 1980
1326 5771 1869
5894 1254 5966
2097 5966 1254
5259 1554 1435
5251 1012 1584
5967 1755 5968
1755 5967 2008
1605 5969 5971
5969 2099 5970
5971 5970 1604
1381 5972 504
5973 782 781
5542 1867 5045
1292 5045 1867
752 5974 911
5975 911 5974
1421 5602 1410
414 5976 1048
5977 1048 5976
4814 1634 5978
1634 4814 825
4885 992 427
1865 5540 2103
5979 2103 5540
2104 5980 1792
817 5982 5
5982 817 5981
745 4782 5984
4782 744 5983
5984 5983 428
1199 5985 1567
5986 2106 5816
1934 5816 2106
481 5987 1932
5640 1932 5987
1178 5277 1604
5277 1178 5988
2107 2079 5989
5908 5989 2079
5990 344 1468
550 5991 5993
5991 1924 5992
5993 5992 1848
5994 1800 1797
5207 1650 5575
1650 5207 1422
1866 5457 1364
1087 1084 5996
5995 5996 1084
1904 5997 5999
5997 1983 5998
5999 5998 2053
544 6000 6002
6000 1906 6001
6002 6001 2110
365 5414 6004
5414 609 6003
6004 6003 1442
1211 5930 1563
5232 1563 5930
6005 1056 1055
6006 2064 1847
5446 1770 4901
1034 4901 1770
785 6007 4807
6007 550 4702
4807 4702 552
1765 6008 5441
6008 306 6009
5441 6009 656
569 4623 4779
4623 569 306
974 5525 5960
5525 1474 6010
5960 6010 1800
308 656 4601
6009 4601 656
5912 1964 1845
506 4588 4913
4588 506 269
1655 392 6011
4643 6011 392
2106 6013 1934
6013 2106 6012
1620 5292 6014
5292 314 4603
6014 4603 313
4979 724 1174
1776 5438 1627
6015 1968 461
5996 2103 6016
2103 5996 1865
603 4847 4731
4847 917 5819
4731 5819 604
1756 6017 5431
6017 775 5433
5431 5433 773
268 6018 6019
6018 591 5353
6019 5353 677
2109 6020 1515
4826 858 551
6021 1750 1609
1414 6022 5874
6022 856 5055
5874 5055 1310
5676 1547 2052
306 6008 4622
6008 1765 5454
4622 5454 360
5442 1766 1285
5861 334 761
367 4628 5069
4628 366 5948
5069 5948 1336
6023 1449 1212
6024 800 6025
799 6025 800
5526 1037 1854
550 6007 5991
6007 785 6026
5991 6026 1924
6027 1834 1235
6011 393 6028
2117 6028 393
1732 6029 5904
6029 1122 5906
5904 5906 1504
1944 6030 6031
6030 5 5756
6031 5756 1156
4671 1112 492
6032 1297 6033
1297 6032 1663
1604 5694 1178
5694 1604 6034
4963 513 4678
513 4963 1137
1848 5992 5672
5992 1924 6035
5672 6035 916
1365 5628 5084
5628 1924 6026
5084 6026 785
6036 679 678
1006 5867 4893
5867 931 5959
4893 5959 1007
728 5704 1591
1711 4792 765
1764 5863 6037
5863 1764 1189
1454 6038 1226
2119 6039 877
2107 6040 6041
6040 363 4677
6041 4677 510
1640 4855 926
765 5379 1711
5379 765 5905
1122 5407 1121
5407 1122 6029
722 5794 1971
6042 1500 382
5336 1769 6043
1769 5336 1672
541 5393 542
5393 541 6044
6045 1357 1356
625 5659 330
6046 330 5659
6047 282 6048
282 6047 2040
444 5300 661
6049 661 5300
1733 6050 5406
6050 1464 5871
5406 5871 1121
5899 526 531
5915 2081 6051
1172 6051 2081
5889 2070 1965
5180 1081 1480
1148 6052 5604
6052 1148 2123
2126 6052 2123
6053 2129 4787
751 4787 2129
6054 2128 242
5660 2132 1831
6055 347 346
1720 6056 2133
6056 1192 2133
893 4616 339
1837 5980 653
5980 1837 5513
6057 1018 2135
1275 5068 422
397 5319 2137
6058 2137 5319
1018 6057 1016
6059 1016 6057
615 6060 616
1138 6061 1139
1735 6062 1736
6063 1736 6062
1701 5678 634
6061 634 5678
6064 2138 812
293 5138 6066
5138 1424 6065
6066 6065 1293
6064 1430 2138
1185 6067 5131
6067 1718 6068
5131 6068 371
6069 1988 1729
929 6070 1642
6071 1642 6070
6072 1833 1712
5777 2015 2139
5198 2009 1511
6073 1159 810
6073 2140 6074
2140 6073 2138
5496 826 1152
2024 5381 1459
5381 2024 6072
6075 2143 2144
812 6076 1138
6077 1386 1397
5497 1152 903
6078 492 811
1235 5875 2066
6079 1386 563
1729 1000 6069
6080 6069 1000
6081 2149 1900
1751 6074 2140
6082 670 436
6083 2151 1091
6027 1235 1974
1505 5775 2014
810 6078 811
6078 810 6084
6085 2009 5967
2008 5967 2009
6086 1459 5163
1459 6086 2024
1389 6088 671
6088 1389 6087
2134 6080 1000
6089 437 436
1538 5778 2016
1807 5164 1459
5164 1807 6087
6086 2066 2024
1115 490 6090
6084 6090 490
5878 1897 1896
6091 1558 5229
1558 6091 1724
5703 1024 1158
5240 2141 1572
6092 1057 6093
1057 6092 512
6081 1900 1996
5399 1091 1090
6094 1022 402
1333 5499 1321
6095 1321 5499
6021 1388 1750
6091 664 1724
1028 6094 402
6094 1028 5009
1649 6096 6097
6096 1649 1967
1906 546 6099
6098 6099 546
5422 402 288
5773 885 2013
6100 1197 1768
923 4854 6102
4854 924 6101
6102 6101 2154
5828 898 897
1461 6103 5168
6103 1457 5400
5168 5400 776
537 6104 5888
6104 1461 5167
5888 5167 778
6105 669 6106
1932 6106 669
2070 5855 6107
5855 2070 778
4842 2013 885
5527 1854 6108
1249 6108 1854
5462 2013 1783
920 669 4850
6105 4850 669
6109 1116 5630
942 5630 1116
4715 568 900
528 6110 564
5421 375 5490
375 5421 290
5428 1823 1750
6103 1461 1687
699 1927 6112
6111 6112 1927
719 6113 720
5793 1237 1971
6114 1103 6115
1642 6115 1103
1933 6116 690
6116 1933 5987
6117 375 377
6118 676 4712
564 4712 676
6119 845 964
918 6012 2023
6120 2023 6012
5366 1637 1520
6121 1633 1174
6118 674 676
5713 734 565
1461 6104 5352
6104 537 4690
5352 4690 536
6095 359 1321
6122 590 2155
5789 919 5852
919 5789 1399
6123 2156 6124
1341 6124 2156
5314 1644 1637
2157 6125 1925
6123 1925 6125
1555 6126 6127
6126 1555 1418
1219 6128 6129
6128 1219 1975
6130 424 342
577 6131 1496
5367 1496 6131
6132 847 843
2000 6133 1999
1754 6134 5696
6134 1933 6135
5696 6135 1968
6136 680 1818
6015 281 1968
6137 1802 5749
1240 5749 1802
1719 6125 2157
1320 5064 2160
6138 2160 5064
6119 433 4822
843 4822 433
6139 1319 359
1339 6140 2164
6141 2164 6140
5001 1257 1220
1580 6131 576
4721 576 6131
6142 2166 674
1399 6143 5111
6143 1399 1649
487 5712 488
2157 5957 1719
2160 6144 1320
5493 1320 6144
426 5854 4907
5854 486 5363
4907 5363 966
2106 4611 331
4611 2106 5986
6139 358 721
5187 676 5104
675 5104 676
1124 5088 5674
5088 567 5016
5674 5016 1251
6132 1781 847
2166 6142 755
6145 755 6142
5718 1096 6128
1096 5718 1097
1633 6121 5305
6121 724 5700
5305 5700 1632
4953 1123 5589
1896 5589 1123
6145 734 487
680 6136 1549
5304 1549 6136
6146 1516 1579
2169 6147 6149
6147 1009 6148
6149 6148 2045
1190 6150 576
5440 576 6150
752 5567 753
1246 6151 735
6152 735 6151
5320 1648 5932
1949 5932 1648
6097 719 6143
358 6143 719
1363 6153 6155
6153 758 6154
6155 6154 2087
5883 1307 5051
1307 5883 1610
624 6156 1949
5933 1949 6156
324 6157 4612
6157 1576 6158
4612 6158 330
1516 6146 6159
6146 1764 6037
6159 6037 851
5974 752 787
4723 1190 576
2166 6160 2044
6157 323 6161
323 6157 324
6162 1308 594
853 6159 4824
6159 853 1516
6163 2172 5100
1381 5100 2172
1257 4971 1163
1648 5437 1949
6046 1949 5437
1718 5390 6068
5390 349 4633
6068 4633 371
910 5975 1843
1849 6162 594
5801 2000 665
4972 1257 1163
1087 6164 6165
6164 1087 2160
6166 755 756
1764 6150 1189
4984 1189 6150
756 5600 1410
719 6096 1966
5695 1966 6096
459 5263 4661
5263 1590 6167
4661 6167 457
1165 6168 971
6169 971 6168
552 5786 4805
5786 1632 5623
4805 5623 784
1361 6170 2121
1621 6171 6173
6171 625 6172
6173 6172 1576
6174 1059 2083
6175 641 2182
720 5443 1524
2099 6177 1966
6177 2099 6176
1577 5245 6178
5245 1576 6161
6178 6161 323
6179 352 6180
350 6180 352
1095 6181 4970
6181 503 5358
4970 5358 1163
720 6113 1767
6177 1767 6113
5306 681 1549
1188 6182 6183
6182 1188 1190
6184 1861 985
2044 6160 5822
6160 755 6166
5822 6166 1412
758 6153 4789
6153 1363 5080
4789 5080 759
6067 1184 1718
969 4869 5225
4869 971 6169
5225 6169 1552
1086 4931 1524
6165 1524 4931
4914 271 2174
1536 5958 1535
6185 984 4879
984 6185 578
2083 1716 5919
5910 5919 1716
1737 5683 6186
5683 833 4818
6186 4818 757
1578 5663 5246
5663 1621 6173
5246 6173 1576
6187 2188 2194
4880 985 1861
5120 756 1410
5864 1189 5954
2017 5954 1189
6188 871 870
1086 6189 2092
2081 5914 1979
5724 1979 5914
6190 2196 2198
1963 5913 5688
5913 1877 5690
5688 5690 1577
6144 2103 6191
2103 6144 2160
6187 2194 2200
578 6182 1190
6171 623 625
5946 2006 405
766 5642 5862
5642 766 1711
6192 610 4736
610 6192 1875
5970 1966 6034
1966 5970 2099
1383 5879 6194
5879 1123 6193
6194 6193 2202
837 6195 6196
6195 838 5132
6196 5132 371
351 4830 4632
4830 837 6196
4632 6196 371
6190 2198 2191
1866 5622 1700
1083 1865 4928
5995 4928 1865
2202 6193 6197
6193 1123 5520
6197 5520 1841
1525 5697 857
5196 976 6198
976 5196 977
2205 9662 6201
6199 9837 6200
6201 9660 2172
1039 4904 6202
4904 1038 5823
6202 5823 1412
4699 1906 6000
1906 4699 546
5252 1584 5156
1167 5156 1584
1737 1875 5413
6192 5413 1875
5926 1680 1161
856 5796 857
5796 856 6203
6137 1803 1802
6204 2183 2192
2190 6204 6205
6204 2190 2183
2202 6206 6207
6206 2205 6201
6207 6201 2172
5050 1850 570
2202 6197 6209
6197 1841 6208
6209 6208 2212
6210 2194 2187
6195 839 4820
839 6195 837
2202 6207 6194
6207 2172 6163
6194 6163 1383
4575 249 5592
1185 5592 249
4983 2017 1189
2215 5226 6211
5226 2215 1553
6212 405 5761
405 6212 403
6213 2197 2216
927 6214 925
6214 927 5227
2100 6200 2206
6210 2187 2191
870 403 6215
6212 6215 403
1411 5603 6216
5603 606 4733
6216 4733 605
1840 6217 1853
352 6179 5869
6179 758 4788
5869 4788 757
6218 1878 5555
1878 6218 9
4896 1584 1012
6219 1552 2201
5556 1878 628
2197 6220 2216
2212 6221 6209
6221 2205 6206
6209 6206 2202
650 4980 1177
4980 650 5988
6222 835 4829
837 4829 835
6223 1535 1553
1552 6219 6211
6219 1465 6224
6211 6224 2215
2216 6220 2211
6205 2211 6220
5779 1188 1784
1605 6225 5969
6225 2092 6226
5969 6226 2099
2224 6227 6228
6227 2212 6208
6228 6208 1841
2200 2194 6230
6229 6230 2194
1409 9838 9670
6199 9838 9837
247 4871 4574
4871 972 5810
4574 5810 248
4587 1803 271
6229 2194 2218
6232 818 2230
6233 1716 6234
794 6234 1716
365 4629 5682
4629 367 6235
5682 6235 833
1848 6236 6237
6236 1848 1847
513 6110 511
1038 4903 5535
4903 872 4834
5535 4834 871
2205 9839 1317
6238 9839 6221
6239 2088 2120
2195 2200 6241
6240 6241 2200
2241 6230 2225
836 6242 1530
2230 1409 6243
5115 6243 1409
2211 6244 2245
1305 5049 6246
5049 1253 6245
6246 6245 2246
2238 6247 2247
6244 2232 6248
2232 6244 2192
832 6249 5868
6249 1221 5002
5868 5002 352
330 6158 625
6172 625 6158
1952 6250 1627
6049 1627 6250
1415 6203 5126
6203 856 6022
5126 6022 1414
6251 2259 2255
2220 6241 2240
2241 6240 2200
2224 1318 6227
6252 6227 1318
315 4750 651
6253 1645 1553
6224 1566 2215
764 5955 1657
6254 1657 5955
6255 2224 6256
2224 6255 1318
2216 6257 6213
6257 2216 2262
1406 1482 5114
5181 5114 1482
6248 2232 2266
2228 6257 2262
353 6258 6222
6258 353 1224
1365 5083 5089
5083 1364 5456
5089 5456 1373
5129 1420 557
6259 2268 5464
1658 5464 2268
6260 2271 2275
1605 5971 5278
5971 1604 5276
5278 5276 652
2250 6261 2229
2259 6251 2275
6260 2275 6251
1455 5147 1437
6262 621 5124
621 6262 954
1177 5699 650
2215 6263 2049
2122 6042 6265
6042 382 6264
6265 6264 2285
2272 6261 2276
6266 1085 4877
474 4877 1085
429 6267 4821
6267 744 5842
4821 5842 838
1010 6268 2289
2291 6269 6270
6269 704 4768
6270 4768 317
793 6234 794
6234 793 6256
6271 2247 6272
2247 6271 2068
5371 2289 6273
2289 5371 1010
353 5003 1224
6274 1224 5003
2064 6262 1414
2222 5315 1371
619 6275 6277
6275 2296 6276
6277 6276 1683
6278 533 535
2270 6279 2298
2017 5780 6254
5780 1658 5325
6254 5325 1657
2244 5086 518
6280 2254 6281
2259 6281 2254
365 6004 4627
6004 1442 5161
4627 5161 366
2275 6282 2302
6282 2271 2278
5150 657 308
247 5843 4870
5843 744 4784
4870 4784 746
2303 6283 2304
6284 2304 6283
1605 819 6225
6285 6225 819
1049 6286 11
4706 11 6286
1715 6287 5386
6287 1715 1039
832 6288 6249
6288 832 2309
6284 2274 2304
476 4878 474
4878 476 6289
4786 749 2021
6281 2259 2311
2277 6290 6291
6290 2277 1380
315 4769 652
5279 652 4769
5736 1467 1466
6292 404 5885
404 6292 1279
6293 2307 6294
2307 6293 2287
2298 6279 6295
6279 2287 6293
6295 6293 2318
2308 6295 6296
6295 2308 2298
5872 1733 2057
2314 6290 6297
6290 1380 5097
6297 5097 1379
5404 1530 427
1370 6298 518
4682 518 6298
607 6299 471
663 1492 6300
5346 6300 1492
2263 2267 6301
6283 6301 2267
1401 6302 6303
6302 1401 1198
4887 993 6304
1990 6304 993
562 6255 793
6255 562 6305
6059 2015 438
1645 5833 672
2282 6306 2240
6296 2318 2325
704 6307 6309
6307 2020 6308
6309 6308 819
1570 6310 6312
6310 2337 6311
6312 6311 1785
6313 2293 2300
5384 2296 6314
2296 5384 1715
1959 6289 476
2068 6271 6292
6271 1223 5668
6292 5668 1279
2298 6315 2292
6316 2292 6315
6301 2303 6317
2339 6317 2303
994 6304 6319
6304 1990 6318
6319 6318 2296
427 5214 990
2301 6320 6280
6320 2301 2341
6315 2298 2305
6313 2300 2344
5591 656 4753
656 5591 1766
1337 6321 1537
6322 1537 6321
2331 6320 2341
2346 6316 2338
1794 5896 6323
5896 1794 1392
6324 562 793
6325 2283 2321
5790 1119 4950
1119 5790 1134
6326 1656 2268
2295 2352 6306
6327 6306 2352
6325 2321 6328
2353 6328 2321
2315 6329 2354
5476 1222 6330
1222 5476 1280
6331 1635 1686
6332 655 657
912 6334 1847
6334 912 6333
2360 6294 2307
502 6035 1924
6335 2357 1590
6336 1893 5572
1893 6336 1379
982 6338 981
6338 982 6337
2320 6327 6339
6327 2320 2240
2309 6340 6288
6340 1222 6341
6288 6341 1221
455 5978 6342
5978 1634 5940
6342 5940 1887
2290 6328 6329
6328 2353 6343
6329 6343 2354
2286 6317 2339
6344 2348 2364
2329 6344 2364
1106 6345 6346
6345 2277 6291
6346 6291 2314
2129 505 6348
6347 6348 505
1656 6349 1657
6350 1657 6349
6351 2367 2302
6352 982 5679
1959 5679 982
5578 1135 1443
6353 2248 2319
1685 1635 5573
6354 5573 1635
6355 2313 2370
2361 6356 2371
2371 6356 2352
6339 2352 6356
2291 6357 6269
6357 2020 6307
6269 6307 704
5038 1286 1765
6358 2374 2350
2346 6351 2278
1316 6359 6360
6359 562 4709
6360 4709 561
2313 6361 2370
1106 5317 6345
5317 655 6332
6345 6332 2277
2321 2333 6363
6362 6363 2333
6364 2344 2328
6363 2353 2321
4952 1134 5577
1134 4952 1119
1337 6365 6321
6365 2379 6366
6321 6366 2309
2295 6367 6368
6367 2295 2248
2309 6366 6340
6366 2379 6369
6340 6369 1222
500 5629 1365
2351 6370 1656
6349 1656 6370
1191 6286 1049
6286 1191 4988
2330 6371 6324
6371 563 4710
6324 4710 562
1758 6372 5434
6372 1657 6350
5434 6350 1759
1733 6373 6050
6373 1733 1760
6371 2330 6374
2384 6374 2330
2369 6367 6353
6367 2369 2380
5767 316 823
2347 6355 2370
1320 5067 1321
6362 2333 2361
6375 2304 2342
2352 6368 6376
6368 2352 2295
2354 6377 2386
6377 2354 6343
6361 2302 2367
6378 631 630
5478 277 1107
6379 2335 2344
427 992 4655
6380 4655 992
6381 2351 1278
6092 2047 4962
1136 4962 2047
6358 2372 2374
1462 6382 1463
2352 6376 2371
6383 2371 6376
474 5753 6384
5753 474 1085
6364 2328 2383
2375 2304 6385
6375 6385 2304
956 6386 622
1864 6387 6388
6387 991 4883
6388 4883 990
1387 6077 1396
5110 1396 6077
6346 2314 4940
1107 4940 2314
6386 478 789
6389 1697 5316
1646 5316 1697
1337 6390 6365
6390 1956 6391
6365 6391 2379
1336 6392 5070
6392 1956 6390
5070 6390 1337
1683 5347 6394
5347 1492 6393
6394 6393 618
2379 6395 1804
6396 1804 6395
6379 2344 2378
277 4941 1107
2388 6398 2351
6398 2388 6397
6399 1722 913
2393 6400 2403
5211 1523 6331
1635 6331 1523
4711 563 1386
6400 2391 2403
2401 5586 1759
5586 2401 6401
1085 6402 1083
5458 1083 6402
5870 1119 4951
1119 5870 1463
2377 6403 2406
1157 6404 789
2393 6406 2382
6406 2393 6405
1804 6381 5475
6381 1804 2388
6398 2401 6370
1759 6370 2401
2353 6407 6377
6407 2353 2377
428 6408 2032
6408 428 6380
1120 6409 5328
6409 866 6410
5328 6410 891
276 6354 1635
6354 276 5477
2404 6406 6411
6406 2404 2382
6407 2406 6412
2406 6407 2377
2375 6385 9663
6385 2341 9840
6414 6413 9664
2384 6415 6374
6415 2411 6416
6374 6416 563
1955 6395 5669
6395 2379 6391
5669 6391 1956
4610 327 840
2391 6417 2413
5590 1646 1696
2392 6418 6419
6418 2392 2404
2365 2392 6420
6419 6420 2392
2396 6421 2416
6422 2388 1955
2291 6270 6424
6270 317 6423
6424 6423 1290
6415 1785 2411
6312 1785 1181
2361 2371 6426
6425 6426 2371
6427 2168 6428
682 6428 2168
589 6429 590
1956 6392 6431
6392 1336 6430
6431 6430 532
780 6416 2411
6416 780 6079
1795 477 6432
4669 6432 477
2406 6433 2422
6433 2406 6403
6422 2401 6397
2401 6422 2417
6396 1955 2388
5342 780 4803
780 5342 1397
6434 944 1824
1948 5658 6435
5658 1543 5840
6435 5840 2053
2397 6414 2410
2341 9841 9840
6436 9841 9666
2357 914 6438
6437 6438 914
6426 9842 6433
2422 9842 2419
6439 2417 6440
2417 6439 2401
6418 2426 2414
2411 6441 780
4804 780 6441
5170 475 6243
2230 6243 475
5945 2095 6373
1464 6373 2095
2380 6425 6383
6425 2380 2419
2428 6412 2406
2429 6214 13
6214 2429 6442
2405 6420 2414
6443 2395 2370
6444 2428 2415
6444 2386 2428
2409 2402 6446
6445 6446 2402
6447 2339 2397
2433 2407 6448
6405 6448 2407
2413 6417 2410
6447 2410 6417
1590 6449 6167
6449 1590 2357
6445 2424 2431
546 4698 6450
4698 545 5803
6450 5803 213
6448 2403 2433
5162 1513 1271
6451 1749 1943
305 6452 303
2395 6453 6421
6453 2436 6454
6421 6454 2416
2400 6455 6443
6455 2436 6453
6443 6453 2395
1425 2437 6457
6456 6457 2437
2418 6459 2400
6459 2418 6458
779 6441 2337
6460 2337 6441
1955 5671 2432
6452 2432 5671
602 6401 603
6439 603 6401
1336 5947 6430
5947 854 5210
6430 5210 532
2169 6461 1791
9843 6462 9668
9843 2410 9665
6446 2431 2441
5238 1157 410
2438 6455 6459
6455 2438 2436
6440 2417 305
2412 6464 2418
6464 2412 6463
6411 2407 1745
949 6432 5846
6432 949 1795
6463 2412 2409
1514 5206 802
5039 802 5206
2438 6458 6465
6458 2418 6464
6465 6464 2441
5427 2407 1567
2445 1349 6466
5077 6466 1349
457 5398 5294
5398 457 1347
2089 5396 5929
5396 2089 1723
6462 2416 6467
2416 6462 9667
6468 1200 2447
2415 6469 6470
6469 2415 2428
6471 1607 5708
1607 6471 1606
5248 715 534
2436 6472 6454
6472 2449 6473
6454 6473 2416
6474 2450 2420
5144 1435 950
5561 1206 1284
1785 6311 2411
6460 2411 6311
6475 2406 2422
6476 2434 6477
2420 6477 2434
1195 6478 2454
1348 5410 6466
5410 1723 6479
6466 6479 2445
2450 6470 2448
6470 2450 6474
2410 6480 2413
6468 2413 6480
305 4600 4848
4600 304 5827
4848 5827 917
2051 4746 642
6481 2045 1972
2446 6476 2452
2428 6475 2451
6469 2428 2451
2441 2456 6465
6482 6465 2456
393 6483 6484
6483 393 390
1327 531 5209
4689 5209 531
6485 867 1993
2425 2423 6486
6481 6486 2423
6477 2420 2450
2337 6487 779
2425 6489 2419
6489 2425 6488
1250 2168 5015
6427 5015 2168
1667 6490 1569
5818 2443 604
6487 1667 1666
5737 1145 614
1318 9833 6252
5063 9655 6238
6252 9669 2212
5985 1673 6491
1870 6491 1673
5858 2457 2062
6492 2078 6493
748 6493 2078
4687 525 304
2089 6494 1723
6495 1723 6494
6496 2455 2459
341 5808 342
6130 342 5808
1761 6486 1972
6486 1761 6488
6473 2440 6467
2440 6473 2449
6482 2436 2438
1763 6489 1761
6489 1763 6497
1993 6498 6485
6498 580 6499
6485 6499 890
6500 2089 1666
2441 2431 6501
6496 6501 2431
2459 6502 6501
6502 2459 2461
6503 2419 6497
2419 6503 2422
2451 6503 6504
6503 2451 2422
5485 1738 830
6502 2461 2456
1667 1569 6506
6505 6506 1569
1434 5928 6508
5928 391 6507
6508 6507 703
890 5369 1329
5369 890 6499
6480 2410 2440
1723 6495 6479
6495 2458 6509
6479 6509 2445
2064 6236 1847
2445 6510 1349
6484 1349 6510
6511 1569 410
1982 5228 1359
2449 6472 6513
6472 2436 6512
6513 6512 2332
4726 526 5368
526 4726 527
5812 727 547
6514 1665 6506
1667 6506 1665
391 4767 6507
4767 391 390
1665 6494 6500
6494 1665 2458
4685 531 526
409 6515 6511
6515 2463 6505
6511 6505 1569
5335 1554 5261
1554 5335 1670
550 6516 551
5054 551 6516
866 5746 4831
5746 1072 4992
4831 4992 717
590 6517 2062
6517 590 6429
2097 1254 6519
6518 6519 1254
2458 6520 6509
6520 2117 6521
6509 6521 2445
527 6522 977
2448 6523 6524
6523 2448 2451
6520 2464 2117
976 5820 6198
5820 976 2043
2456 6512 2436
6512 2456 6525
438 5776 850
6525 2456 2461
1709 6498 1993
6498 1709 6526
639 1620 5508
6527 5508 1620
6528 2464 2458
2466 6529 967
2448 6524 2460
6530 2460 6524
393 6510 2117
6521 2117 6510
2449 6532 2440
6532 2449 6531
1747 6451 1951
6533 1951 6451
1283 5741 6534
5741 1283 1284
1200 6532 4987
6532 1200 2440
2463 6515 6536
6515 409 6535
6536 6535 2467
5731 1982 1359
2463 6537 6514
6537 2464 6528
6514 6528 1665
2468 6537 6538
6537 2468 2464
6539 581 6526
580 6526 581
6540 2104 2452
954 4741 621
5552 1670 742
1058 4917 1282
6541 1282 4917
703 4766 5633
4766 392 5850
5633 5850 1209
373 372 6522
4875 6522 372
2069 6028 2117
6028 2069 5886
2117 6542 2069
1709 6543 6539
6543 1709 1710
6504 1763 6523
1916 6523 1763
372 4635 6545
4635 374 6544
6545 6544 588
731 6546 6548
6546 2470 6547
6548 6547 1639
2468 6542 2464
6530 654 2460
6549 2471 1680
2155 6545 6122
6545 2155 372
654 6540 2460
1266 6060 231
6550 2007 1510
1838 1730 5648
6551 5648 1730
725 6552 6553
6552 725 1233
1366 5743 1283
1507 435 5193
5845 5193 435
747 2113 5903
6554 5903 2113
1890 5030 644
5030 1890 5844
2205 9844 9661
5116 9844 9834
1009 5471 4895
5471 1792 5512
4895 5512 1010
6555 1008 1160
4926 415 6556
415 4926 1077
373 581 5108
6557 5108 581
6326 2268 1278
6558 2153 1395
1655 5851 392
368 5020 6559
5020 1074 4923
6559 4923 695
1165 4973 1691
5357 1691 4973
6036 678 1606
1740 5627 1739
5627 1740 6560
1767 6176 6189
6176 2099 6226
6189 6226 2092
868 4833 6561
4833 541 4696
6561 4696 543
5470 2472 1790
862 4815 828
589 6562 2085
5916 2007 1012
1198 6531 6302
6531 2449 6513
6302 6513 2332
417 6556 415
1926 5635 2473
6563 2473 5635
4894 1989 6564
1989 4894 1008
5887 2025 6565
2025 5887 2069
6566 2075 5920
2074 5920 2075
915 5576 6399
5576 612 5395
6399 5395 1722
2027 6563 1653
1325 6567 6492
6567 685 6568
6492 6568 2078
767 6569 5849
6569 1515 6020
5849 6020 2058
6570 1969 2004
304 6571 4688
6571 304 303
6572 1872 1958
4567 1368 231
6573 395 440
1076 1213 5460
6574 5460 1213
1855 5014 1249
5014 1855 6575
511 6541 512
1075 5973 4996
5973 1075 417
1788 6576 1789
6577 1008 1007
997 4997 4890
4997 781 6578
4890 6578 998
6579 1212 1076
763 5727 820
1922 5921 6581
5921 2074 6580
6581 6580 2474
2475 6582 2476
5738 1874 1582
6583 2473 6577
2472 6577 2473
1710 6558 6543
6558 1395 6557
6543 6557 581
6583 821 2473
5728 2473 821
6584 1809 6585
1809 6584 1753
6573 396 4645
396 6573 441
6581 2474 1923
636 1698 4743
6586 4743 1698
711 6587 2476
2073 6589 2074
6589 2073 6588
6107 2080 2070
5235 1744 5426
1744 5235 1517
711 6588 2073
5473 545 4756
545 5473 540
6044 2102 1721
584 1356 6591
6590 6591 1356
1778 1817 6592
5956 6592 1817
2475 6587 1546
4892 1449 6023
1449 4892 999
6593 2095 2443
2474 6594 6595
6594 2476 6582
6595 6582 1789
1097 6596 1382
2474 6595 2322
6576 2322 6595
1640 6597 2037
2475 5469 1789
388 1778 5031
6592 5031 1778
1625 5963 5733
5963 2053 5998
5733 5998 1983
4646 396 2088
5740 2012 5768
2012 5740 1991
1114 6518 1254
6518 1114 6598
1585 6599 5254
6599 1100 5936
5254 5936 1586
394 6600 6601
6600 924 4853
6601 4853 345
6033 1297 6602
309 6602 1297
2478 6603 783
524 5687 4684
5687 1405 5495
4684 5495 522
5800 267 2475
5468 266 1788
6603 998 6604
998 6603 2482
2154 6605 1244
6170 1244 6605
2482 5177 998
5177 2482 6606
703 5909 6508
5909 1589 5260
6508 5260 1434
6517 1741 1812
6607 653 1448
6608 523 4683
523 6608 2004
1356 1355 6590
6609 6590 1355
1476 6610 999
6607 999 6610
6611 2482 2478
1438 5860 733
6612 1101 1947
4852 923 299
268 4586 2040
5799 2040 4586
522 6613 6608
6613 2028 6570
6608 6570 2004
1445 6100 1444
6614 1444 6100
6048 284 591
2120 6615 6616
6615 2120 2121
1347 6449 6438
6449 1347 457
1476 6606 6618
6606 2482 6617
6618 6617 2289
308 6619 1440
429 5983 6267
5983 429 428
266 6611 2478
4864 897 896
2154 6101 6605
6101 924 6615
6605 6615 2121
690 6135 1933
2028 5748 1998
5748 2028 6613
5092 1614 1374
1969 6620 2004
6621 2004 6620
866 6409 5747
6409 1120 4949
5747 4949 1070
1244 6621 2154
6621 1244 5754
1921 6622 6623
6622 1821 5994
6623 5994 1797
1664 6624 407
6625 407 6624
2484 1331 6627
6626 6627 1331
6549 2026 2471
2104 4751 653
5783 1606 678
934 6628 2067
6303 1402 1401
6629 2466 2487
2483 6617 2482
6617 2483 6630
1979 5884 1227
5884 1979 5723
1969 6631 6620
6631 923 6102
6620 6102 2154
239 6632 240
6633 1518 1969
2170 5923 239
5923 2170 6634
677 6273 6635
6273 2289 6630
6635 6630 2483
6610 1476 1837
2469 5791 1998
923 6631 5548
6631 1969 5698
5548 5698 1870
6536 2468 6538
2468 6536 2467
1518 5236 1870
6491 1870 5236
6636 2446 6637
2452 6637 2446
1476 6618 1837
6268 1837 6618
1383 5099 1897
6596 1897 5099
660 6638 4755
6638 2437 6639
4755 6639 658
5265 2076 1392
775 6640 4799
6640 1622 5662
4799 5662 412
6120 331 2023
2028 5792 6633
5792 1519 5208
6633 5208 1518
6384 1960 4666
475 4666 1960
1779 6641 1780
6642 2490 385
6643 411 2471
5897 2076 6644
1787 6644 2076
1919 6456 5618
6456 2437 6638
5618 6638 660
5158 1298 6645
1298 5158 310
2046 6148 1009
6098 217 225
4732 2095 5944
2095 4732 604
1025 6109 6646
6109 1025 1116
6461 2398 2446
6555 1162 1989
1907 6647 1477
6647 1907 5595
6147 1791 1009
2430 6149 2045
1908 6552 1233
6552 1908 5598
583 6648 6649
6648 1931 5934
6649 5934 1556
5734 2076 1265
1264 1467 5025
5735 5025 1467
6650 2091 5866
1539 5866 2091
1497 5189 6651
5189 658 6639
6651 6639 2437
5709 1531 1629
233 6058 207
5705 1971 1236
5984 2032 745
1039 6202 6652
6202 1412 5119
6652 5119 1411
6653 2144 6627
2484 6627 2144
473 6551 5890
6551 473 472
1227 5006 1979
6038 1979 5006
830 4816 6654
4816 829 5882
6654 5882 1072
1515 6569 463
5362 463 6569
1914 4681 517
5332 432 1472
5322 1422 1651
394 6601 5173
6601 345 5990
5173 5990 1468
1950 6655 6656
6655 1950 1951
6657 1831 2132
2165 6133 845
4957 1608 5612
1608 4957 1128
1299 2491 5714
6658 5714 2491
296 1699 4598
6659 4598 1699
6259 1279 2268
1322 6660 6662
6660 2492 6661
6662 6661 647
870 5769 2012
5769 870 4835
2109 6663 1670
1531 6664 1770
5465 1770 6664
1814 6665 5486
6665 1980 5964
5486 5964 1625
1856 6666 1150
1425 6667 2437
5033 2268 1279
2062 5484 1462
645 5074 865
5224 865 5074
5165 282 1393
1897 5717 1976
4777 727 1232
814 5981 817
6637 2452 2104
1350 1351 6669
6668 6669 1351
5453 311 1773
1756 5432 5568
5432 1757 6670
5568 6670 497
621 1130 5125
5128 5125 1130
993 6242 6671
6242 993 1530
6442 2429 2493
2471 6535 6643
6535 2471 2467
263 6672 2495
1083 5541 1865
1678 6674 1928
6674 1678 6673
2145 6675 1506
491 4947 1116
4844 889 1302
4841 880 1210
2246 6676 6246
6676 2246 2497
816 6677 2082
1249 6678 6108
6678 1793 6679
6108 6679 1852
1029 5489 1219
1954 6680 5666
6680 1350 6669
5666 6669 321
6681 2087 6434
2086 6434 2087
1638 6683 1639
6683 1638 6682
1103 6114 6684
6114 1708 5847
6684 5847 1704
1942 6685 2498
6686 2498 6685
2470 6546 6688
6546 731 6687
6688 6687 2499
4542 199 1140
6082 436 438
6689 1233 1941
1919 6690 6692
6690 2494 6691
6692 6691 957
5726 1981 6693
1948 6693 1981
6642 2094 2490
876 4916 5898
4916 387 4638
5898 4638 386
6578 783 6604
783 6578 781
5295 1144 458
1222 5005 6341
5005 1224 6274
6341 6274 1221
613 4918 5109
4918 500 5607
5109 5607 1396
1564 5931 636
6694 636 5931
6572 1958 2502
6695 1471 2503
2072 5095 493
2502 5093 1376
5105 984 4722
578 4722 984
494 5094 6696
5094 494 493
1372 568 5087
4714 5087 568
6055 346 1720
6697 2506 6698
2506 6697 2505
2503 6699 2091
5732 1017 1720
4692 1288 5044
1288 4692 538
6695 2503 6700
2161 6700 2503
1369 5979 1700
5979 1369 6191
6701 505 5466
505 6701 503
2041 4693 220
4693 2041 6702
1691 6701 1786
1954 5667 6704
5667 1714 6703
6704 6703 572
731 6548 6706
6548 1639 6705
6706 6705 2507
6707 1242 2509
338 1342 6708
5073 6708 1342
6709 584 6591
584 6709 2132
2160 6138 6164
6138 1319 5212
6164 5212 1524
1848 6237 5993
6237 1310 6516
5993 6516 550
2489 6710 735
5354 592 678
6711 2508 2500
6635 2483 6019
268 6019 2483
2474 6580 6594
6580 2074 6589
6594 6589 2476
6471 2046 1606
6711 2500 6696
494 6696 2500
394 6239 6600
6239 2120 6616
6600 6616 924
2511 6712 2097
6713 922 5580
1898 5580 922
4727 1215 594
1991 6671 2238
6671 1991 5739
4390 1859 4
5151 1300 1299
1070 5389 4919
5389 1463 6382
4919 6382 1071
6636 1792 1791
1660 5326 6715
5326 1659 6714
6715 6714 408
6716 1941 1233
1851 1440 6717
6619 6717 1440
5 5982 2
4389 2 5982
2514 6719 2171
6719 2514 6718
736 6719 2513
1487 6720 2453
2060 6714 1659
2075 6566 6721
6566 2085 6562
6721 6562 588
1740 5922 6560
5922 1740 2085
6151 1246 2514
5935 2092 475
498 5966 1560
6712 1560 5966
1915 6005 5611
6005 1915 1056
5805 1614 1423
598 4652 4859
4652 598 406
2116 6722 1127
6723 2036 5239
1571 5239 2036
1752 6724 5479
6724 1752 2514
1262 6725 291
1562 5233 1909
6726 1909 5233
1835 5511 5715
5511 1445 5152
5715 5152 1299
6727 1197 1445
1011 6728 1078
6728 1011 4897
299 5547 1871
1768 6641 6614
6641 1768 1780
1962 6729 2003
6725 2003 6729
406 5329 407
5329 406 6730
1660 6715 6625
6715 408 4651
6625 4651 407
1868 5361 5544
5361 1868 1694
515 1332 6584
6731 6584 1332
561 6732 6360
6732 982 6352
6360 6352 1316
6727 1195 1197
6733 2517 1780
1246 6724 2514
4599 1946 5656
1946 4599 297
2009 6085 1511
6734 1511 6085
1330 6735 1331
6626 1331 6735
1563 5231 1676
5895 1676 5231
5722 2022 5788
2022 5722 1977
1529 5891 2071
6644 1787 6053
2129 6053 1787
406 5751 1676
515 5066 1332
6632 1780 2517
5811 1608 1080
1262 1128 6722
4956 6722 1128
5445 1769 1672
6733 1616 2517
5011 1494 6736
1494 5011 1245
968 6737 6738
6737 2485 6735
6738 6735 1330
5136 1423 1651
1246 6739 1809
6740 1809 6739
1664 6478 6741
6478 1664 2454
1322 6730 1323
5340 1323 6730
5444 1197 1196
291 6729 4594
6729 1962 6742
4594 6742 292
6694 880 636
516 515 6743
6585 6743 515
6744 2010 2011
968 6745 6737
6745 2010 6744
6737 6744 2485
6746 1196 2454
1929 6747 1311
5282 1311 6747
2096 5286 1196
5286 2096 6748
1082 6749 238
6749 2030 5841
2030 6749 2497
6750 1330 4679
515 4679 1330
2029 4735 608
2100 6347 5972
6347 505 4676
5972 4676 504
6739 1246 1245
1769 1551 6751
5221 6751 1551
9845 5647 9836
9845 1839 9835
6747 1080 1608
514 4867 6750
4867 968 6738
6750 6738 1330
2517 6752 1480
291 4596 1261
5582 1261 4596
968 6753 6745
6753 2490 6754
6745 6754 2010
6660 1324 2492
6755 1652 6754
2010 6754 1652
5795 607 2029
1839 6756 1698
1929 4927 1080
6404 1570 1181
261 5917 471
4664 471 5917
6757 516 6758
1247 6758 516
1081 6676 6759
6676 1081 1305
889 6761 1302
6761 889 6760
1617 6762 5287
6762 1480 6752
5287 6752 1616
6748 2096 1242
1962 5806 6742
5806 1423 5135
6742 5135 292
1261 5581 1311
6763 1311 5581
1494 6761 6764
6761 1494 1302
1168 5638 1169
6763 1169 5638
5370 1079 1551
1413 6765 6757
6765 1413 2487
2487 6766 6765
6766 514 4680
6765 4680 516
1413 6758 5121
6758 1247 5012
5121 5012 1248
2518 637 6756
6586 6756 637
1909 6726 5597
6726 1564 5834
5597 5834 638
1480 6767 1481
6767 1480 6762
637 6768 638
6553 638 6768
1940 6769 1839
385 6753 6770
6753 385 2490
804 5048 5938
5048 1305 5179
5938 5179 1481
296 4597 5223
4597 295 6771
5223 6771 1550
6755 2490 6772
2094 6772 2490
1324 6773 2492
1909 5596 6775
5596 1908 6774
6775 6774 2519
385 4866 967
4866 385 6770
981 6776 6266
6776 1373 6402
6266 6402 1085
5234 648 2521
6728 1013 1699
2495 6777 263
889 6778 6760
6778 255 6779
6760 6779 2520
6780 959 261
6781 2518 726
4796 2031 770
2520 6782 1248
5122 1248 6782
981 6783 6776
6783 1396 5606
6776 5606 1373
1293 5423 6066
5423 1169 5583
6066 5583 293
295 6784 6771
6784 888 5950
6771 5950 1550
514 6766 4865
6766 2487 6785
4865 6785 967
2522 6786 6788
6786 2521 6787
6788 6787 2519
1168 5831 1929
888 6784 6790
6784 295 6789
6790 6789 1005
2523 6778 889
6629 2487 6791
1413 6791 2487
4582 959 262
254 6782 4578
6782 2520 6779
4578 6779 255
2522 6788 6792
6788 2519 6774
6792 6774 1908
6793 547 727
959 6299 771
6299 959 6780
1291 6065 5892
6065 1291 1293
6794 2518 2495
261 6777 1940
4974 1167 6795
1584 6795 1167
1510 5585 6550
5585 297 6796
6550 6796 1013
967 6797 385
4637 385 6797
548 6672 2494
6798 2521 648
725 6768 4776
6768 637 6781
4776 6781 726
6790 2523 888
6799 2509 5939
805 5939 2509
6800 2524 1241
6801 714 804
770 2246 5637
6245 5637 2246
2518 6794 726
6802 726 6794
2479 6803 6804
6803 2521 6786
6804 6786 2522
6805 2506 2466
5655 1005 6789
1005 5655 1004
6785 2466 967
1436 6791 5145
6791 1413 5123
5145 5123 254
6806 958 1155
1941 6792 6689
6792 1941 2522
1291 6807 875
6807 1291 5893
1292 5424 5046
5424 1292 1167
255 6808 6809
6808 255 2523
806 805 5876
6810 5876 805
387 4915 5943
4915 875 6807
5943 6807 1894
1565 6811 6800
6811 1565 2480
5616 660 2002
1599 6812 6809
6812 256 4579
6809 4579 255
2479 6813 1561
6813 2479 6804
256 6698 5146
6698 2506 6805
5146 6805 1436
1941 6813 2522
5617 549 6690
2494 6690 549
263 4863 2494
6691 2494 4863
6814 1735 6697
2505 6697 1735
1660 6815 5327
6815 2453 6720
5327 6720 1489
5023 1432 1203
2480 6816 6811
6816 1936 6817
6811 6817 2524
5155 1292 2481
1735 6814 6062
6814 256 6812
6062 6812 1599
6801 558 714
4700 548 2494
2506 6818 1431
5333 1431 6818
534 4965 958
386 6529 1431
6529 386 6797
875 4839 1867
6039 1867 4839
6819 1742 1155
1561 5649 499
1154 6819 1155
1735 6820 2505
6821 2505 6820
1296 5215 2525
6822 2525 5215
1937 5643 2480
6816 2480 5643
1742 5416 6823
5416 1425 6457
6823 6457 1919
6824 1603 1204
957 5420 6692
5420 1742 6823
6692 6823 1919
6825 946 1816
6818 2506 2505
1228 4881 715
2008 5430 1755
6826 2033 6827
1736 6827 2033
986 6828 1154
555 4704 5057
4704 554 5664
5057 5664 1228
1734 6820 5411
6820 1734 1601
4991 1204 1822
730 6826 6829
6826 730 2033
6830 1811 2119
6825 730 6829
730 6825 728
710 6828 786
340 6831 1682
710 5417 1742
659 4754 5813
4754 658 6111
5813 6111 1927
6831 1755 1682
1938 6832 5693
6832 320 6833
5693 6833 555
6834 786 5665
986 5665 786
6670 498 4672
498 6670 1757
1497 6667 1743
6667 1497 6651
1734 5856 1601
5856 1734 6835
1511 2525 5199
6822 5199 2525
708 6836 709
6017 1928 6674
1928 6017 1756
554 6837 6834
6837 2526 6838
6834 6838 786
5480 1447 5153
1447 5480 1205
6836 1426 709
6838 2526 708
6175 642 641
1094 6839 4936
6839 1511 6734
4936 6734 1093
5275 1602 5498
1822 5498 1602
2059 6840 1602
6706 2507 4778
729 4778 2507
6841 2034 6682
2034 6841 1734
6842 1881 2511
1882 6843 5644
6843 320 6832
5644 6832 1938
1811 6830 1446
5481 1446 6830
553 2527 4703
6844 4703 2527
6032 1591 1663
697 699 5188
6112 5188 699
5968 1755 892
1638 2059 6841
6835 6841 2059
6845 2051 642
1891 6846 1276
6708 1276 6846
1294 6847 6848
6847 1294 1094
1811 5483 5730
5483 338 4617
5730 4617 340
2526 6845 708
2527 2526 6844
6837 6844 2526
4725 2527 553
1547 5675 5825
5675 1547 1447
2247 6258 1224
6258 2247 6247
1881 5830 1882
6843 1882 4607
318 4607 1882
321 6602 309
6602 321 6668
1678 5343 6673
5343 1622 6640
6673 6640 775
6849 731 732
2507 6683 2034
6683 2507 6705
2527 6850 2526
6851 456 4934
453 4934 456
6850 2051 2526
1891 5309 339
1298 6848 6645
6848 1298 1294
1638 6853 2059
6853 1638 6852
6854 343 5157
1180 5157 343
553 4606 4724
4606 553 320
2470 6855 6547
6855 1472 5311
6547 5311 1639
1899 5759 6713
5759 319 4851
6713 4851 922
701 5691 6519
5691 1881 6842
6519 6842 2097
6840 1547 5826
1547 6840 2052
5296 1622 1775
5829 1695 5645
1939 5645 1695
1350 6856 6849
6856 2499 6687
6849 6687 731
453 4659 6857
4659 343 6854
6857 6854 1451
684 5937 697
6858 2001 1773
2511 5563 1883
2499 6859 6688
6859 2529 6860
6688 6860 2470
863 5837 873
1954 6861 6680
6861 2499 6856
6680 6856 1350
579 6862 2528
1182 4759 684
2528 5835 2051
412 4771 706
1182 6864 685
6864 1182 6863
6862 2018 2528
6016 2103 2160
2078 6568 5907
6568 685 6864
5907 6864 1429
5760 1512 579
1114 4943 6598
4943 702 4765
6598 4765 701
6865 1064 1805
2005 6866 5757
6866 2107 6867
5757 6867 1428
2018 1512 6868
5202 6868 1512
2107 5989 6867
5989 1429 5140
6867 5140 1428
6860 2529 6869
1668 6869 2529
2001 5451 1773
342 6858 1180
740 341 6871
6870 6871 341
364 6872 6868
6872 2005 5781
6868 5781 2018
1887 6873 6342
6873 740 6871
6342 6871 455
6874 452 1880
571 6859 6875
6859 571 2529
6876 2530 5684
1060 5684 2530
5200 1899 450
1889 6878 1887
6878 1889 6877
571 6879 4717
6879 1954 6704
4717 6704 572
572 6703 5267
6703 1714 5902
5267 5902 1593
450 5579 4658
5579 1898 6880
4658 6880 451
452 6881 450
5201 450 6881
859 4911 1048
2107 6866 6040
6866 2005 6882
6040 6882 363
6883 1485 2529
1889 5859 6877
5859 1313 6884
6877 6884 738
379 6885 5745
6885 451 6880
5745 6880 1898
1945 2530 6886
6876 6886 2530
1668 5220 430
5220 1668 6887
2005 6872 6882
6872 364 4625
6882 4625 363
6888 510 509
748 5772 6493
5772 748 688
1133 6889 5625
6889 799 5900
5625 5900 1593
933 573 5269
4718 5269 573
1771 5807 5448
5807 740 4781
5448 4781 739
1932 5641 6106
5641 1934 6013
6106 6013 918
1484 6887 1668
1491 6890 6891
6890 1690 5809
6891 5809 739
1889 5953 1384
5951 1384 5953
1064 5719 1630
5719 1064 6865
2114 6892 510
452 6893 6881
6893 362 4626
6881 4626 364
1073 807 5977
4976 5977 807
1485 4719 573
4719 1485 6883
1945 5652 1170
5652 1945 6886
738 6894 4780
6894 1491 6891
4780 6891 739
747 689 4785
4760 4785 689
807 809 4977
5653 4977 809
2115 6554 2113
6554 2115 6895
687 5853 688
5770 688 5853
1385 5061 1313
1876 5553 2532
6896 2532 5553
738 6884 6894
6884 1313 6897
6894 6897 1491
6885 379 4720
381 4720 379
2531 5681 1814
1876 5301 5554
5301 1876 1631
1312 5183 5060
5183 1491 6897
5060 6897 1313
6898 2114 510
4624 509 363
1469 6899 6874
6899 362 6893
6874 6893 452
6900 2533 1066
1433 5288 5289
5288 1433 1385
6888 2115 6898
2115 6888 2163
573 5877 1485
5877 573 6901
1631 6900 5302
6900 1631 2533
2161 362 6700
6899 6700 362
934 6901 4860
6901 934 2067
2533 5290 1066
5213 381 1528
6902 1486 2532
1548 6896 1439
6896 1548 6902
1862 6895 5721
6895 2115 6903
5721 6903 1977
2285 6904 6906
6904 2534 6905
6906 6905 2532
2067 6908 1486
6908 2067 6907
695 4922 1930
6909 1930 4922
6910 2163 2162
2163 6903 2115
6903 2163 6910
2534 2535 6912
6911 6912 2535
809 6913 5680
6913 1980 6665
5680 6665 1814
799 6889 6025
6889 1133 4959
6025 4959 930
695 5782 6559
5782 695 687
6914 808 2048
1980 6913 5725
6913 809 4810
5725 4810 808
1631 6911 2535
946 6827 5272
6827 1736 6063
5272 6063 1599
6915 1073 2048
2035 5742 1132
5742 2035 5881
6916 1344 762
1539 6917 1540
2122 6265 2486
6918 2486 6265
5962 1662 2048
2035 5356 1689
2067 6628 6907
6628 2486 6918
6907 6918 2285
2535 6920 1631
6920 2535 6919
1312 6921 1490
6922 1490 6921
2285 6264 6904
6264 382 6923
6904 6923 2534
1921 6924 6925
6924 928 5880
6925 5880 1689
1690 5182 1490
5182 1690 6890
800 6024 5383
6024 930 4857
5383 4857 929
6914 1662 1981
6915 808 4809
808 6915 2048
333 6921 1312
384 6923 382
5565 370 1829
6926 1540 1626
1470 6917 1471
929 4856 6070
4856 928 6927
6070 6927 1920
1734 5412 2034
5797 2034 5412
2535 5076 6919
5076 2535 1343
1820 5798 6922
5798 1820 1821
6928 1948 1981
4662 466 1661
762 5821 760
5504 1830 1828
6699 1539 2091
5190 383 4636
383 5190 1501
5961 1820 6929
333 6929 1820
1541 6926 1983
6926 1541 5217
2053 5965 6435
5965 1980 6693
6435 6693 1948
1920 6927 5619
6927 928 6924
5619 6924 1921
6083 1900 2149
1747 6930 1748
5787 1748 6930
1981 5927 6928
5927 1981 1662
6650 1582 1873
332 6929 333
6929 332 4873
973 4874 6931
4874 332 5360
6931 5360 1271
1335 5941 2093
5941 1335 6932
1857 5657 1948
5506 1827 1831
6933 1587 2536
1708 6934 6935
6934 1920 5621
6935 5621 1796
1747 5752 6936
5752 1747 1951
5839 1542 5999
1904 5999 1542
6010 1474 1799
1541 6937 5218
6937 1216 5865
5218 5865 1539
5176 1474 337
466 5564 6709
5564 1829 6657
6709 6657 2132
5925 2087 350
1619 6938 312
1501 6939 383
6933 383 6939
5631 1987 1581
6940 1749 2082
1684 6941 6942
6941 1411 6216
6942 6216 605
584 6943 582
1363 6155 1824
6681 1824 6155
1217 5587 1860
1942 6655 1943
6533 1943 6655
2149 6944 2537
6945 1047 6946
1453 6946 1047
5530 520 519
1708 6935 5377
6935 1796 5517
5377 5517 1706
1216 6937 4999
6937 1541 5764
4999 5764 1217
6684 1728 5707
1728 6684 1704
1920 6934 6071
6934 1708 6115
6071 6115 1642
1585 5942 6599
5942 1104 5402
6599 5402 1100
1475 4613 336
1587 6939 5256
6939 1501 5255
5256 5255 1586
6931 1513 5203
1513 6931 1271
1544 6938 1860
2146 6947 2538
5000 1581 1216
6656 2498 6948
2498 6656 1942
6949 2105 1032
5632 1581 1218
1950 6943 2132
1047 6945 4910
6945 1587 5258
4910 5258 1046
6948 582 1950
1269 5257 1586
6950 1218 1619
6951 1707 1840
6950 815 1218
1942 5651 6685
5651 1944 6031
6685 6031 1156
6686 796 2498
336 6952 6953
6952 336 335
1707 5375 1704
2537 6944 9674
6944 2145 9846
6955 6954 9675
2142 6954 9846
6954 2142 6956
335 1281 6957
5036 6957 1281
1102 6958 5027
6958 2539 6949
5027 6949 1032
2542 6959 6960
6959 1171 5455
6960 5455 1478
1269 6961 1046
1664 5330 6962
5330 1322 6662
6962 6662 647
813 5291 314
6963 1101 6612
1101 6963 1102
6964 2151 2544
2540 1555 6965
6127 6965 1555
4602 2540 6966
2540 4602 312
4811 815 814
2542 6952 6959
6952 335 6957
6959 6957 1171
1252 5814 1036
2542 5018 6953
5018 2542 1252
1046 6961 4908
6961 1032 4899
4908 4899 1031
904 6217 905
6217 904 6967
1705 6968 1947
6969 1947 6968
5755 4 797
2540 6965 6966
6965 1594 6970
6966 6970 313
1037 1853 4902
6967 4902 1853
6971 1249 1854
2539 6963 1309
6963 2539 6958
6972 2042 1252
4900 1032 2105
798 6973 6975
6973 2545 6974
6975 6974 1931
2546 6976 1478
6960 1478 6976
1910 6977 2546
6977 1910 6972
1417 6126 5127
6126 1417 1594
2542 6977 1252
6977 2542 6976
2151 9847 6979
6978 9847 2149
5052 1309 6980
1947 6980 1309
2547 6973 798
2545 6981 6983
6981 2496 6982
6983 6982 1416
1620 6014 6985
6014 313 6984
6985 6984 258
1856 6971 1854
6986 9848 6987
1089 9849 2148
1040 5270 1417
601 6988 5271
6988 313 6970
5271 6970 1594
6989 2546 5178
1478 5178 2546
258 6984 5558
6984 313 6988
5558 6988 601
1910 6666 2042
6990 1040 1417
6663 743 742
1040 6982 2496
6982 1040 6990
1309 6991 2539
6991 1309 5053
1793 6678 5472
6678 1249 5013
5472 5013 540
4388 2550 2
1910 6992 5599
6992 1910 2546
1477 6993 6989
6993 1911 6992
6989 6992 2546
2429 13 6994
4392 6994 13
6995 1 5507
639 5507 1
6996 2547 6997
2547 6996 2545
398 6997 2547
6997 398 4647
1601 1603 6821
6998 6821 1603
2544 6999 9678
6999 2549 9677
6964 6987 9849
2538 7000 12
7001 2537 7002
2537 7001 2149
2496 6996 397
6996 2496 6981
2142 2139 6956
7003 6956 2139
6575 1855 938
2550 7004 1858
2544 6979 7005
6979 2544 2151
7006 560 5532
560 7006 275
258 257 6985
6527 6985 257
7007 713 7008
713 7007 244
2429 6994 2551
7000 2551 6994
7009 1 6995
1 7009 2550
2554 7010 1911
1911 6993 7011
6993 1477 6647
7011 6647 253
4906 1040 713
259 5559 600
7012 294 2550
294 7006 7004
7006 294 275
1911 7010 1149
7013 1149 7010
7001 9850 6978
2548 9850 2552
260 7012 7014
7012 2550 7009
7014 7009 1179
1911 7011 9851
7015 2554 9851
600 4590 259
4590 600 7016
6702 2041 545
600 7017 7016
7017 600 246
2553 7003 2139
7013 245 1149
229 7014 1179
7007 2496 2137
259 4591 4985
4591 226 4585
4985 4585 265
2538 6947 9679
6947 2148 9848
7018 6986 9676
196 7015 5522
7015 196 2554
6955 2552 7002
2552 6955 2543
399 400 7019
4649 7019 400
264 7017 246
2551 7020 2557
6450 213 217
7021 2558 2130
7022 2555 2050
6099 225 5594
253 5594 225
7021 2127 2558
539 7023 220
4565 220 7023
7018 2549 7024
2559 7024 2549
2560 2549 7025
6999 7025 2549
187 7026 196
2555 6054 241
6054 2555 7027
2554 7026 235
2128 7027 2561
7028 2561 7027
2543 7029 7030
7029 2543 2553
7031 2429 2551
2564 2560 7032
7025 7032 2560
2548 2552 7034
7033 7034 2552
2544 7005 7032
7005 2548 7035
7032 7035 2564
7035 2548 2567
7036 2126 2569
7037 1142 1884
7031 2557 7038
2557 7031 2551
2570 7028 2555
2555 7022 7039
7022 1912 7036
7039 7036 2569
2566 7033 2571
7040 2571 7033
7037 1884 7041
2572 7041 1884
2556 7041 2572
7042 2123 2568
7042 2574 2573
2575 7038 7043
7038 2575 2563
7044 2570 7039
2555 7039 2570
7045 1884 2565
2557 7020 7046
7020 2538 7024
7046 7024 2559
2552 2543 7047
7030 7047 2543
2577 2575 7048
7043 7048 2575
2571 7049 2580
7049 2571 7040
2567 7034 2566
9852 7051 9853
9852 2556 9683
7052 2549 2560
7045 2565 2579
7053 2572 2584
2577 7054 2586
7054 2577 7048
2559 7052 2587
7055 2587 7052
7044 2569 7056
2583 7056 2569
2562 2580 7047
7049 7047 2580
2570 7056 2585
7057 2585 7056
2557 7046 7054
7046 2559 7058
7054 7058 2586
2589 7050 9854
7050 2589 9680
7057 2583 2590
2566 7060 2567
2588 7060 2592
7061 2583 2574
2584 7062 9684
7062 2589 9854
7053 7059 9682
7063 2575 2577
7064 2572 2579
7064 2579 7065
2597 7065 2579
7066 2591 2598
2582 7067 9681
7067 2562 9685
7051 7029 9853
7068 2586 7069
2586 7068 2577
7063 2601 7070
2601 7063 2577
7066 2587 7055
2587 7066 2598
2578 7071 2576
7071 2578 7070
7058 2559 7072
2587 7072 2559
7061 2574 2594
7073 2603 2595
7073 2595 2596
7074 2604 2591
7075 2566 2599
7076 2580 2606
7077 2590 2610
2594 9855 7078
7071 9855 2576
2587 7079 2612
7080 2611 7075
2592 7075 2611
7081 2591 2604
7082 2599 7076
2599 7082 2613
7074 2595 7083
2603 7083 2595
7083 2603 2614
7084 2614 2603
2606 7085 7082
7085 2617 7086
7082 7086 2613
7080 2613 2611
7087 2605 2618
7088 2589 7062
2589 7088 2619
2562 7067 2606
7089 2606 7067
2581 7090 7091
7090 2581 2585
2612 7072 2587
2594 7078 2621
7092 2621 7078
2610 7090 7077
7090 2610 2620
2597 7091 2620
7086 2617 2623
7087 2618 2626
7093 2627 2604
7094 2627 7095
2627 7094 2604
2604 7094 7081
7094 2628 7096
7081 7096 2598
2630 2614 7097
7084 7097 2614
2612 7079 7098
7079 2598 7096
7098 7096 2628
2625 7099 2597
7065 2597 7099
2619 7099 2625
7099 2619 7088
7093 2614 2630
7097 2622 7100
2622 7097 2609
2601 7068 7101
7068 2601 2577
2618 7102 7103
7102 2618 2611
2617 7085 7104
7085 2606 7089
7104 7089 2582
2612 7098 7106
7098 2628 7105
7106 7105 2643
2644 7107 7108
7107 2601 7101
7108 7101 2600
2586 7109 7110
7109 2586 2612
2613 7102 2611
7102 2613 7111
2626 7112 2647
2642 2634 7114
7113 7114 2634
7100 2622 2650
2636 7115 2644
2645 7109 7116
7109 2612 7106
7116 7106 2643
7114 2649 2651
2621 7092 7115
7092 2601 7107
7115 7107 2644
7112 2618 2654
2640 7117 2656
7117 2640 7111
7117 2623 2656
7118 2647 2658
2626 7118 2622
7119 2619 2625
2628 2660 7105
7120 7105 2660
7103 2640 2654
7121 2622 2658
7122 2628 7095
2628 7122 2660
2645 7069 7110
7069 2645 2600
7113 2636 2649
7123 2617 2662
2582 7124 7104
7124 2663 7125
7104 7125 2617
7126 2661 2641
2667 7127 7128
7127 2643 7120
7128 7120 2660
2623 7129 2656
7129 2623 7123
7124 2668 2663
7126 2646 2666
7130 2650 7121
2650 7130 2669
2582 7131 2668
7125 2663 2662
7132 2630 7133
2630 7132 2627
2672 7127 2667
7134 2654 2640
7116 2643 2672
2660 7122 7135
7122 2627 7132
7135 7132 2671
7136 2650 2669
2678 7137 2659
7119 2659 7137
2589 2619 7138
7137 7138 2619
7139 2649 2681
2660 7135 7141
7135 2671 7140
7141 7140 2685
7142 2654 2675
7138 2668 7131
2668 7138 2678
7143 2647 2686
2645 7144 7145
7144 2645 2672
7142 2686 2647
2688 7141 2685
7141 2688 7146
7147 2680 2661
7139 2681 2683
2691 7148 2669
7136 2669 7148
2660 7146 7128
7146 2688 7149
7128 7149 2667
2664 7150 2640
7151 2600 2645
2664 7152 2697
2675 7134 2694
7150 2694 7134
2671 7148 2691
7148 2671 7133
2656 7129 7154
7129 2662 7153
7154 7153 2699
7155 2680 7147
2680 7155 2700
2682 7156 2701
2644 7157 2649
7130 2658 7158
2704 7158 2658
7143 2686 2706
7157 2703 2681
7108 2600 7159
2696 7159 2600
2678 7160 2668
7161 2710 7144
2687 7144 2710
2705 7155 2666
7145 2696 7151
2696 7145 2687
2701 7160 2709
7160 2701 7156
2689 7162 2712
2700 7162 2670
7158 2704 2716
2703 7163 2718
7159 2696 7163
2718 7163 2696
2663 7164 2662
7149 2724 2667
7165 2682 2701
7166 2702 2731
7167 2734 2686
7168 2671 7169
2691 7169 2671
7165 2727 2732
7170 2716 2749
7167 2694 7171
2694 7167 2675
7172 2708 7166
2708 7172 2733
7161 2667 2710
2691 7170 7173
7170 2691 2669
2704 7174 2716
2699 7175 7154
7175 2697 7152
7154 7152 2656
7176 2703 2752
2688 7177 7178
7177 2688 2685
2717 7179 2755
7180 2727 2701
2761 7173 7181
7173 2761 2691
2739 7182 2763
7183 2724 2764
7172 2731 2765
7184 2725 2717
7180 2701 2740
2752 2755 7176
7179 7176 2755
2685 7168 2743
7168 2685 7140
2747 7185 2694
7171 2694 7185
7186 2751 2742
2715 7187 2759
2761 7169 2691
2699 7153 7188
7153 2662 7164
7188 7164 2721
2770 7189 7190
7189 2716 7174
7190 7174 2750
7183 2710 2667
2752 7191 2774
7182 2738 2763
2718 2739 7191
7192 7191 2739
7186 2742 2776
7188 2780 7193
2780 7188 2721
7194 2731 2776
2783 7189 2770
7189 2783 7195
7195 2749 2716
2685 7196 7177
7196 2685 2743
7192 2763 2774
2747 2697 7198
7197 7198 2697
2750 2767 7190
7199 7190 2767
2697 7175 7200
7175 2699 7193
7200 7193 2780
7201 2766 2788
2725 7202 2787
7202 2725 7184
7185 2747 2777
7203 2758 2791
7204 2792 2724
7187 2733 2768
2734 7205 2793
2763 7201 2788
2790 7206 2795
7181 2749 7207
2783 7207 2749
7203 2791 7206
2795 7206 2791
2754 2792 7178
7204 7178 2792
7194 2776 2798
2768 2765 7209
7208 7209 2765
2754 7196 9856
7210 2800 9856
2747 7198 2778
7211 2778 7198
2789 7212 2803
2759 7213 2806
7214 2776 2784
7208 2765 2798
2775 7215 2808
7216 2772 2807
7200 9857 7217
2810 9857 2780
7218 2811 7214
2798 7214 2811
2801 7219 2755
2783 2803 7207
7212 7207 2803
7215 2794 2808
2784 2815 7218
7220 7218 2815
7221 2743 2789
2768 7209 7223
7209 2799 7222
7223 7222 2817
2800 7210 2816
7221 2816 7210
7224 2781 2809
2817 7225 7223
7225 2806 7213
7223 7213 2768
2784 7216 2815
7226 2815 7216
2786 7197 7227
7197 2697 7217
7227 7217 2810
2819 7228 2785
2787 7202 7229
7202 2755 7219
7229 7219 2813
2794 7228 2820
2778 7230 2822
7230 2778 7211
7224 2770 7199
2770 7224 2809
7205 2777 7231
2822 7231 2777
7232 2798 2811
2773 7233 2824
2818 7234 2782
7235 2782 7234
7236 2804 2788
7229 2813 2831
7226 2832 2815
2801 7235 2829
7232 2811 2837
2828 7231 7237
7231 2828 2793
2808 7238 2827
7220 2815 2838
2789 7239 2816
2840 7230 2786
7238 2794 2841
7233 2787 2831
7239 2821 7240
2845 7240 2821
2786 7227 2848
7241 2848 7227
2805 7242 2796
7237 2850 7243
2850 7237 2822
7244 2812 2830
2826 7242 7245
7242 2826 2796
7236 2812 2853
2800 2816 7247
7246 7247 2816
2829 7248 2813
7249 2786 2848
2826 7250 2861
7250 2826 7245
2834 2828 7251
7243 7251 2828
2856 7252 2864
2845 7253 2855
7253 2803 2855
7244 2830 7254
2847 7254 2830
7240 2845 2866
2865 7255 2818
2829 7234 2858
7255 2858 7234
7252 2849 2864
2869 7254 2847
2866 7246 2816
2833 7256 2870
2813 7248 2862
7257 2862 7248
7258 2855 2873
2868 7222 2799
7259 2873 2844
7241 2842 2848
7251 2850 2874
2824 2831 7261
7260 7261 2831
7262 2848 2842
2861 7250 2879
7263 2879 7250
2851 2824 7264
7261 7264 2824
7263 2833 2876
2838 2856 7266
7265 7266 2856
7267 2850 2860
7249 2848 2883
2884 7265 2856
7268 2867 2800
2817 7269 7225
7269 2817 2887
7257 2888 7270
2888 7257 2858
7270 2888 2889
2845 7271 2866
7247 2886 7268
2886 7247 2854
2809 7272 7259
7272 2809 2874
2874 7267 2891
7273 2891 7267
7274 2892 2857
2856 7275 2884
7264 2877 2893
2866 7276 2854
7276 2866 7271
2870 7256 7277
7256 2806 7269
7277 7269 2887
2861 7278 2842
7262 2842 7278
7260 2831 2875
2887 7279 2894
7266 2882 7274
2892 7274 2882
7279 2817 7280
2868 7280 2817
2865 7281 2896
7275 2864 2897
2845 7258 2890
7282 2890 7258
2888 7283 2901
7284 2902 2868
7277 2887 2905
2896 7285 2865
2858 2865 7286
7285 7286 2865
7280 2868 2902
7284 2857 2892
7287 2869 2881
7278 2861 7288
2879 7288 2861
2901 7286 2907
7286 2901 7283
2900 7276 7289
7276 2900 2854
2886 7290 2867
2860 7291 7273
7291 2906 7292
7273 7292 2891
7291 2883 2906
2915 2878 7293
7288 7293 2878
2899 7290 2914
2869 7294 2853
2848 2878 7296
7295 7296 2878
2923 7298 2909
7298 2923 7297
7272 2909 7298
2909 7272 2874
2896 7281 7299
7281 2853 7294
7299 7294 2920
2882 7300 2924
2885 7296 2921
7301 2888 2922
2890 7282 7302
7282 2873 7297
7302 7297 2923
2920 7287 2911
2884 2898 7300
7303 7300 2898
7304 2894 7305
2894 7304 2887
2915 7293 2930
7306 2930 7293
7289 2890 7307
2932 7307 2890
7308 2882 2924
7301 2931 2889
2905 7304 2929
2891 7309 2935
7309 2891 7292
7306 2917 2930
7310 2918 2905
7311 2899 2936
7312 2876 2918
2892 7308 2933
7299 2920 7313
2942 7313 2920
2905 7314 7310
7314 2905 2929
7307 2932 2934
7315 2891 2935
7295 2915 7316
2915 7295 2878
7302 2944 7317
2944 7302 2923
7318 2931 2945
2924 7319 2946
7319 2924 7303
7312 2918 2939
7311 2948 7320
2948 7311 2936
2937 7321 2949
2928 7319 2898
2949 7313 2942
7313 2949 7321
7322 2916 2952
7305 2894 2953
7318 2954 2910
2930 7323 7324
7323 2930 2917
7317 2944 2932
7309 2906 7325
2921 7325 2906
2894 7326 2959
2936 2914 7327
7322 7327 2914
2923 2909 7328
7315 7328 2909
2942 2911 7329
7320 7329 2911
2921 7330 2963
7330 2921 7316
7331 2932 2944
7332 2923 2967
7324 2956 2968
2951 7330 2915
7330 2951 7333
2939 7314 2969
7334 2969 7314
2935 7325 2970
7335 2970 7325
2923 7328 2967
7336 2967 7328
2917 7337 7323
7337 2917 2939
2926 7326 2902
2933 7338 2926
7335 2962 2970
2974 7331 2944
7329 2982 2942
2953 7339 2981
7340 2963 7333
2963 7340 2983
2942 7341 2949
7338 2965 2985
7327 2952 2986
2967 7336 2991
7342 2991 7336
7332 2992 7343
2992 7332 2967
2969 7344 2995
7344 2969 7334
2984 7342 2935
7339 2959 2981
7345 2973 2977
2982 7346 7341
7346 2982 2999
2954 2945 7348
7347 7348 2945
2961 7348 7349
7348 2961 2954
2983 7350 3002
7350 2983 7340
7347 2945 2975
7344 2929 2981
2968 7350 2951
7343 2992 3006
2939 7351 7337
7351 2939 2969
2948 7352 2982
7345 2977 3003
7353 2956 7351
2956 7353 3009
3010 7349 3000
2981 7354 3013
7346 2980 2949
2997 7355 3005
7356 3011 2965
7354 3012 3013
7356 2993 3021
7352 3001 3024
7357 3018 2975
2969 7358 7353
7358 2969 3027
7357 2978 3029
3001 7359 3023
7360 3002 7361
2989 7361 3002
7355 3010 7362
3032 7362 3010
3012 7363 3034
3011 7363 2985
3022 7362 3032
7359 3004 3023
7364 3039 7358
3009 7358 3039
3007 7365 3040
7366 3024 3001
7367 3040 7365
3040 7367 3047
2983 3002 7367
7368 7367 3002
7366 3001 3044
3044 7369 3053
7364 3027 3055
7369 3023 7370
3030 7370 3023
7371 3057 3034
7372 3029 3059
7373 3050 3026
7374 3062 3011
7373 3038 3064
3058 7361 7375
7361 3058 3033
7371 3011 3062
7375 3009 3058
3033 7368 7360
7368 3033 3047
7374 3021 7376
3054 7376 3021
7377 3028 3069
3067 7378 3030
7370 3030 7378
7377 3069 3059
3051 3018 7379
7372 7379 3018
7378 3080 3053
7380 3039 3082
7376 3054 3085
3088 7379 3059
7381 3051 3090
7380 3082 3091
3096 7383 3084
7383 3096 7382
7383 3055 3070
3092 7381 3090
3082 7382 3096
7384 3084 3095
3115 3084 7385
7384 7385 3084
3103 7386 3119
3102 3112 7386
7387 7386 3112
7385 3085 3115
7388 3125 3116
3106 7389 7388
7389 3106 3113
3127 7389 3113
7389 3127 7390
7387 3128 3119
7390 3133 3125
4556 2041 220
211 5802 2041
7391 68 67
58 57 7392
7391 7392 57
4402 21 7393
17 7393 21
7394 54 20
34 58 9858
7392 7395 58
38 7393 7396
7393 17 4394
7396 4394 16
7397 9859 9688
7395 9687 9858
67 9860 9686
45 4425 9861
4425 38 9689
7398 7396 9862
109 50 7399
4405 7399 50
19 4411 9863
4411 71 9690
7400 4419 9864
7401 113 109
7402 9865 9692
7398 9691 9861
16 9866 9862
67 7401 9867
7401 109 9693
7403 7399 9868
7404 9869 9695
4396 9694 9827
22 9870 9649
7405 10023 9697
7397 10024 9859
67 10025 9860
16 55 7406
7394 7406 55
9863 10026 10027
9864 10028 10029
9699 10030 10031
9867 10032 9875
9868 10033 9701
9702 10034 9876
10035 9706 10036
10037 9865 10038
10039 9866 10040
16 7406 9879
7406 20 9707
7410 4395 9880
10041 9710 10042
10043 9879 10044
10045 9880 10046
7411 42 100
100 4435 7412
4435 99 4447
7412 4447 114
7413 41 29
26 4398 9881
4398 25 9711
7414 7411 9882
7412 114 7415
85 9883 114
33 7413 9884
7413 29 9713
7416 4400 9885
7415 9883 7417
84 9886 85
84 4433 9718
4433 96 9715
7418 4454 9887
75 9828 9888
4415 9650 9716
7419 9717 9889
7418 9887 7420
75 9890 123
9714 10047 9891
9886 10048 9720
9721 10049 9892
7422 62 33
33 9884 9893
7416 9885 9723
7423 9724 9894
64 52 9895
4406 7424 52
10050 9728 10051
10052 9888 10053
10054 9889 10055
9881 10056 10057
9882 10058 10059
9730 10060 10061
33 9893 10062
7423 9894 10063
7427 9733 10064
9895 10065 10066
9725 10067 10068
9735 10069 10070
10071 7427 10072
10073 64 10074
10075 7428 10076
63 7429 46
7429 63 7422
932 7430 995
339 6846 1891
6846 339 4615
1342 5482 1446
634 6076 811
1541 1983 5765
5997 5765 1983
1684 6287 6941
6287 1039 6652
6941 6652 1411
496 6675 1996
6675 496 5192
1719 7431 2156
6141 2156 7431
1868 5543 1126
7432 1126 5543
5901 801 933
5762 2006 6185
578 6185 2006
6183 2006 1784
1992 5378 1709
1684 6942 6300
6942 605 5185
6300 5185 663
2038 6597 926
6253 2049 1645
798 6975 2541
7433 2541 6975
1416 5639 6983
5639 1931 6974
6983 6974 2545
1715 6276 2296
6276 1715 5385
5350 1781 1258
4657 1781 448
2092 6285 6232
6285 819 4812
6232 4812 818
6089 436 6088
671 6088 436
5729 1682 1681
5636 699 1678
1472 6855 5331
6855 2470 6869
5331 6869 1668
4592 279 5387
1717 5387 279
1806 7434 6336
7434 2314 6297
6336 6297 1379
2129 5467 505
6001 1906 1907
6775 1677 1909
2083 5918 7435
5918 1251 6428
7435 6428 682
7436 438 437
4933 2150 776
5608 2002 659
1025 6124 1341
6124 1025 6646
1669 6998 1603
6653 2011 2144
1769 6751 6043
6751 1550 5949
6043 5949 887
673 6980 1793
6969 1793 6980
6348 2100 2206
1248 6736 2520
6764 2520 6736
1348 6437 7437
6437 1348 1347
262 6806 957
5419 957 6806
6272 1224 1223
2052 6853 1473
5750 1728 1704
437 5857 7436
5857 437 2061
740 6878 738
6878 740 6873
6093 2141 2047
4882 1154 534
4912 707 4654
412 4654 707
4772 707 4828
859 4828 707
1213 5702 6574
5702 283 4801
6574 4801 617
1705 7438 6968
7438 1852 6679
6968 6679 1793
879 4840 5521
4840 878 7439
5521 7439 1731
5284 594 1308
2037 7440 1597
5588 1597 7440
2521 6798 6787
6798 2492 6773
6787 6773 2519
6661 2492 4748
648 4748 2492
6389 1108 1697
5488 375 1975
1944 6677 7441
6677 1944 2082
6003 1441 1442
5710 2489 1973
1095 4675 6181
4675 1095 504
5836 501 915
1954 6879 6861
6879 571 6875
6861 6875 2499
774 4944 1114
6357 2019 2020
6925 1689 6622
1821 6622 1689
5349 847 1781
6323 2021 1794
6250 1952 662
955 6006 6335
6006 1847 6334
6335 6334 2357
1473 6852 5175
6852 1638 5312
5175 5312 1472
736 6152 2171
6309 9904 5280
1605 9904 819
749 819 5784
6308 5784 819
7437 914 5409
1722 5409 914
4846 914 6333
2357 6333 914
6839 2525 1511
1944 5650 2082
6940 2082 5650
830 6654 7442
6654 1072 4920
7442 4920 1071
6424 1290 1014
1611 6263 1566
6564 1989 1186
6338 1387 6783
1396 6783 1387
5298 381 380
5510 1045 1044
425 5450 1592
2509 6799 6707
6799 1481 6767
6707 6767 1617
7442 1812 830
7441 817 6030
5 6030 817
547 6793 548
6802 548 6793
1427 6863 1182
5549 662 1952
6579 1076 4998
1075 4998 1076
7443 1840 1853
5518 1840 1707
6129 1257 1219
2533 6920 6916
6920 2533 1631
207 5318 4560
5318 399 7019
4560 7019 219
7444 805 2509
1804 6369 2379
6369 1804 6330
1245 5010 1495
6710 1495 5010
570 7445 4716
7445 570 1850
630 4964 301
7446 301 4964
561 1387 6732
6337 6732 1387
6278 771 770
5241 1507 843
2075 6721 374
6544 374 6721
5380 1441 611
7447 2454 6962
1664 6962 2454
6795 1584 1011
5701 1464 6593
2095 6593 1464
6223 1553 1645
6180 2087 6154
2087 6180 350
6051 9 6218
9 6051 1172
1956 6431 5670
6431 532 6571
5670 6571 303
2027 6565 2025
6623 1797 5620
1796 5620 1797
1699 6796 6659
6796 1699 1013
1851 7445 1850
7445 1851 6717
5004 1222 1280
6018 268 6047
2040 6047 268
5391 1718 7431
2164 7431 1718
6140 1341 2156
389 6483 4640
6483 389 1349
7435 1525 6174
1525 7435 682
2224 6228 6233
6228 1841 5911
6233 5911 1716
5817 1933 6134
1933 5817 1934
1738 4817 830
583 6649 6045
6649 1556 5785
6045 5785 1357
6946 1453 2536
6716 1233 1232
7008 713 1040
2107 6041 2079
6892 2079 6041
5008 212 7023
214 7023 212
2524 6817 7444
6817 1936 6810
7444 6810 805
7448 583 582
553 4705 320
6833 320 4705
855 5160 1135
990 4888 6388
4888 994 5537
6388 5537 1864
764 6372 1758
6359 1318 6305
1318 6359 1316
5815 1854 1037
2144 1647 6075
5394 6075 1647
832 6322 2309
6322 832 5308
6772 2094 1650
453 6857 4935
6857 1451 6847
4935 6847 1094
4832 891 6410
891 4832 867
868 6561 1238
5804 1238 6561
757 4790 6186
4790 759 5838
6186 5838 1737
947 6808 2523
6168 2201 1552
2044 5824 6184
5824 1038 5534
6184 5534 1861
6824 1204 1432
2539 6991 2110
6002 2110 6991
1570 5237 6310
5237 1569 6490
6310 6490 2337
6178 323 1964
6534 829 831
1935 5692 559
1002 5529 644
480 6116 481
6906 1486 6908
1486 6906 2532
1876 6905 6912
6905 1876 2532
5216 833 6235
833 5216 1537
6759 1082 1081
1661 6609 1355
927 5313 1641
2518 6769 2495
2096 6746 5952
6746 2454 7447
5952 7447 647
1660 6624 6815
6624 1664 6741
6815 6741 2453
983 1861 6215
6188 6215 1861
994 6319 5538
6319 2296 6275
5538 6275 619
872 6318 1990
6318 872 6314
5040 1287 1902
6117 1976 5716
1976 6117 377
2036 7440 2037
7440 2036 6723
4762 1930 696
414 1930 5976
6909 5976 1930
6851 892 456
583 7448 6648
7448 2541 7433
6648 7433 1931
1107 7434 1806
5774 2152 2013
5065 685 6567
685 5065 686
1826 6930 5503
6930 1747 6936
5503 6936 1827
1178 6156 4981
6156 1178 1967
618 7449 6394
7449 619 6277
6394 6277 1683
6870 454 455
516 6743 1247
6740 1247 6743
5130 556 1201
1335 4939 6932
4939 1335 1105
1565 6803 2479
1840 7443 6951
7443 1852 7438
6951 7438 1705
1159 4967 810
6090 810 4967
3144 7450 3147
7450 3145 3146
3152 7452 3155
7452 3152 7451
7452 3154 7453
3154 7452 3153
3157 7455 3156
7455 3157 7454
7455 3159 7456
3159 7455 3158
3161 7457 3160
7458 3160 7457
7458 3162 7459
3163 7459 3162
3165 7460 3164
3156 7461 3167
7461 3156 7456
7461 3168 7462
3168 7461 3159
3146 7463 3147
7463 3169 3170
3172 7464 3171
7465 3171 7464
7465 3173 7466
3174 7466 3173
3180 7468 3179
7468 3180 7467
7468 3182 7469
3182 7468 3181
3162 7470 3186
7470 3162 7457
7470 3187 7471
3187 7470 3161
3179 7472 3188
7472 3179 7469
7472 3189 7473
3189 7472 3182
3191 7474 7475
7474 3191 3192
3196 3191 7477
7476 7477 3191
3195 7476 3190
7475 3190 7476
3188 7479 3179
7479 3188 7478
7479 3174 7480
3174 7479 3197
3199 7481 3198
7482 3198 7481
7482 3163 7483
3162 7483 3163
3201 7484 3200
7484 3203 7485
3203 7484 3202
3164 7486 3165
7486 3204 3205
3211 7487 3210
7487 3212 3213
3217 7488 3216
7488 3218 3219
3221 7489 3220
7489 3222 3223
3224 7491 3203
7491 3224 7490
7491 3200 7485
3200 7491 3225
3198 7492 3230
7492 3198 7483
7492 3186 7493
3186 7492 3162
3226 7494 3231
7494 3229 3232
3234 7495 7497
7495 3235 7496
7497 7496 3233
3233 7496 7499
7496 3235 7498
7499 7498 3236
3234 7497 7501
7497 3233 7500
7501 7500 3238
3238 7500 7503
7500 3233 7502
7503 7502 3237
3234 7504 7495
7504 3239 7505
7495 7505 3235
3235 7505 7507
7505 3239 7506
7507 7506 3240
3241 7509 3186
7509 3241 7508
7509 3230 7493
3230 7509 3242
3244 7511 3243
7511 3244 7510
7511 3246 7512
3246 7511 3245
3248 7513 7514
7513 3248 3249
3247 7513 3250
7515 3250 7513
3251 7516 7518
7516 3252 7517
7518 7517 3254
3254 7517 7520
7517 3252 7519
7520 7519 3253
3255 7521 3232
7521 3256 3231
3257 7523 3187
7523 3257 7522
7523 3186 7471
3186 7523 3241
3258 7524 9739
7524 3259 9905
7526 7525 9906
3261 9906 7528
7525 9905 7527
7528 9740 3260
3263 7529 7531
7529 3264 7530
7531 7530 3262
3262 7530 7533
7530 3264 7532
7533 7532 3265
3267 7535 3266
7535 3267 7534
7535 3189 7536
3189 7535 3268
3270 7537 3269
7537 3271 3272
3274 7538 7539
7538 3274 3275
7538 3275 3276
3278 7540 7542
7540 3279 7541
7542 7541 3277
7541 3280 7543
3280 7541 3279
3249 7544 7515
7544 3249 3281
3250 7544 3282
7545 3282 7544
3259 7524 9741
7524 3258 9907
7547 7546 9908
3284 9908 7549
7546 9907 7548
7549 9742 3283
3286 7550 9743
7550 3287 9909
7552 7551 9910
3285 9910 7554
7551 9909 7553
7554 9744 3288
3290 7555 3289
7556 3289 7555
7556 3291 7557
3292 7557 3291
3293 7559 3296
7559 3293 7558
7559 3295 7560
3295 7559 3294
3256 7561 3231
7561 3297 3298
3300 7562 3299
7562 3301 3298
3306 7563 7565
7563 3307 7564
7565 7564 3305
3305 7564 9911
7564 3307 9745
7567 7566 9912
3309 7568 7570
7568 3262 7569
7570 7569 3311
3311 7569 7572
7569 3262 7571
7572 7571 3310
3259 7573 9746
7573 3312 9913
7527 7574 9914
3260 9914 7576
7574 9913 7575
7576 9747 3313
3285 7554 9748
7554 3288 9915
7578 7577 9916
3314 9916 7580
7577 9915 7579
7580 9749 3315
3317 7582 3316
7582 3317 7581
3316 7582 7584
7582 3318 7583
7584 7583 3319
3321 7586 3320
7586 3321 7585
7586 3322 9917
3323 7587 9917
3324 7588 3272
7588 3325 3269
3326 7589 3266
7589 3328 7590
3328 7589 3327
3330 7592 3329
7592 3330 7591
7592 3332 7593
3332 7592 3331
3333 7594 7596
7594 3334 7595
7596 7595 3332
3332 7595 7593
7595 3334 7597
7593 7597 3329
3336 3337 7599
7598 7599 3337
3335 7600 3196
7600 3335 7598
3239 7601 7506
7601 3277 7602
7506 7602 3240
3240 7602 7604
7602 3277 7603
7604 7603 3338
3340 7605 7607
7605 3341 7606
7607 7606 3339
3339 7606 7609
7606 3341 7608
7609 7608 3342
3343 7610 7612
7610 3278 7611
7612 7611 3239
3239 7611 7601
7611 3278 7542
7601 7542 3277
3345 7614 3344
7614 3345 7613
7614 3187 7615
3187 7614 3257
3161 7617 3187
7617 3161 7616
7617 3344 7615
3344 7617 3171
3346 7618 7619
7618 3346 3347
3156 7618 3157
7620 3157 7618
3261 7528 9750
7528 3260 9918
7622 7621 9919
3350 9919 7624
7621 9918 7623
7624 9751 3310
3260 7576 9752
7576 3313 9920
7623 7625 9921
3310 9921 7572
7625 9920 7626
7572 9753 3311
3351 7627 7629
7627 3352 7628
7629 7628 3354
3354 7628 7631
7628 3352 7630
7631 7630 3353
3356 7632 7634
7632 3357 7633
7634 7633 3355
3355 7633 7636
7633 3357 7635
7636 7635 3358
3314 7637 9754
7637 3361 9922
7578 7638 9923
3285 9923 7640
7638 9922 7639
7640 9755 3284
3363 7641 7643
7641 3364 7642
7643 7642 3362
3362 7642 7645
7642 3364 7644
7645 7644 3365
3366 7646 7648
7646 3263 7647
7648 7647 3309
3309 7647 7568
7647 3263 7531
7568 7531 3262
3316 7650 3317
7650 3316 7649
7650 3368 7651
3368 7650 3367
3370 7652 7654
7652 3371 7653
7654 7653 3369
3369 7653 7656
7653 3371 7655
7656 7655 3372
3374 7657 7659
7657 3375 7658
7659 7658 3373
3373 7658 3376
7660 3376 7658
3377 7661 7663
7661 3363 7662
7663 7662 3378
3378 7662 7664
7662 3363 7643
7664 7643 3362
3381 7665 7667
7665 3382 7666
7667 7666 3383
3385 7668 7669
7668 3385 3383
3384 7668 3382
7666 3382 7668
3384 7670 7669
7670 3384 3386
3385 7670 7672
7670 3386 7671
7672 7671 3387
3389 7673 7675
7673 3390 7674
7675 7674 3388
3388 7674 7677
7674 3390 7676
7677 7676 3391
3393 7678 7680
7678 3394 7679
7680 7679 3392
3392 7679 7682
7679 3394 7681
7682 7681 3395
3397 7683 3396
7684 3396 7683
7684 3398 7685
3399 7685 3398
3401 7686 7688
7686 3358 7687
7688 7687 3400
3400 7687 7689
7687 3358 7635
7689 7635 3357
3405 7690 7692
7690 3406 7691
7692 7691 3404
7691 3406 7693
3407 7693 3406
3271 7694 3272
7694 3423 3328
3424 7695 7697
7695 3425 7696
7697 7696 3320
3320 7696 7699
7696 3425 7698
7699 7698 3426
3292 3427 7557
7700 7557 3427
7700 3427 3428
3431 7701 3432
7701 3223 3222
3437 7702 3436
7703 3436 7702
7703 3438 7704
3439 7704 3438
3261 7705 9756
7705 3440 9924
7526 7706 9925
3258 9925 7708
7706 9924 7707
7708 9757 3441
3244 7709 7510
7709 3264 7710
7510 7710 3245
3245 7710 3442
7711 3442 7710
3444 7712 7714
7712 3211 7713
7714 7713 3443
7713 3211 3210
3254 7715 7518
7715 3445 7716
7518 7716 3251
3251 7716 3446
7717 3446 7716
3448 7718 3447
7718 3449 3450
3451 7719 7721
7719 3303 7720
7721 7720 3444
3350 7624 7723
7624 3310 7722
7723 7722 3265
3265 7722 7533
7722 3310 7571
7533 7571 3262
3265 7724 7723
7724 3454 7725
7723 7725 3350
3350 7725 7727
7725 3454 7726
7727 7726 3455
3242 7729 3230
7729 3242 7728
7729 3232 7730
3232 7729 3255
3229 7732 3232
7732 3229 7731
7732 3230 7730
3230 7732 3198
7731 3229 3199
7733 3229 3228
3457 7734 3456
7735 3456 7734
7735 3458 7736
3459 7736 3458
3461 7738 3460
7738 3461 7737
7738 3203 7739
3203 7738 3224
3202 7741 3203
7741 3202 7740
7741 3460 7739
3460 7741 3462
3204 7742 3205
7742 3219 3218
3407 7743 3463
7744 3463 7743
7744 3437 7745
3436 7745 3437
3465 7746 3464
7747 3464 7746
7747 3292 7748
3291 7748 3292
3307 7749 9758
7749 3340 9926
7566 7750 9927
3308 9927 7751
7750 9926 7607
7751 9759 3339
3469 7752 9760
7752 3441 9928
7754 7753 9929
3468 9929 7755
7753 9928 7707
7755 9761 3440
3470 7756 3160
7757 3160 7756
7757 3471 7758
3172 7758 3471
3473 7759 3472
3472 7759 7761
7759 3474 7760
7761 7760 3475
3477 7763 3476
7763 3477 7762
3479 7764 7765
7764 3479 3480
3478 7764 7767
7764 3480 7766
7767 7766 3481
3484 7768 3485
7768 3273 3276
3486 7770 3326
7770 3486 7769
3326 7770 3327
7771 3327 7770
3196 7773 3335
7773 3196 7772
3169 7774 3170
3170 7774 3178
7775 3178 7774
3342 7777 3398
7777 3342 7776
7777 3492 7778
3492 7777 3491
3436 7704 7780
7704 3439 7779
7780 7779 3316
7779 3367 7649
3367 7779 3439
3308 7751 7782
7751 3339 7781
7782 7781 3493
7781 3397 7783
3397 7781 3339
3494 7784 3493
3498 7785 7787
7785 3319 7786
7787 7786 3497
3497 7786 7788
7786 3319 7583
7788 7583 3318
3401 7688 7790
7688 3400 7789
7790 7789 3499
3499 7789 7792
7789 3400 7791
7792 7791 3500
3402 7793 7794
7793 3402 3413
3403 7793 3412
7795 3412 7793
7796 3420 3148
3509 7798 3175
7798 3509 7797
7798 3153 3176
3503 7799 3417
7799 3185 3193
3462 7801 3460
7801 3462 7800
7801 3159 7802
3159 7801 3168
3158 7804 3159
7804 3158 7803
7804 3460 7802
3460 7804 3461
3239 7504 7612
7504 3234 7805
7612 7805 3343
3343 7805 7806
7805 3234 7501
7806 7501 3238
3235 7807 7498
7807 3511 7808
7498 7808 3236
3236 7808 7810
7808 3511 7809
7810 7809 3512
3513 7812 3188
7812 3513 7811
7812 3197 7478
3197 7812 3514
3320 7587 7697
7587 3323 7813
7697 7813 3424
7813 3515 7814
3515 7813 3323
3463 7745 7816
7745 3436 7815
7816 7815 3319
3319 7815 7584
7815 3436 7780
7584 7780 3316
3516 7817 3290
7818 3290 7817
7818 3517 7555
3291 7555 3517
3341 7819 7608
7819 3518 7820
7608 7820 3342
3342 7820 7776
7820 3518 7821
7776 7821 3491
3240 7822 7507
7822 3519 7823
7507 7823 3235
3235 7823 7807
7823 3519 7824
7807 7824 3511
3160 7758 3161
7825 3161 7758
7825 3172 7616
3171 7616 3172
3369 7826 7654
7826 3520 7827
7654 7827 3370
3522 7828 7830
7828 3523 7829
7830 7829 3521
3521 7829 7832
7829 3523 7831
7832 7831 3524
3523 7833 7831
7833 3525 7834
7831 7834 3524
3524 7834 7836
7834 3525 7835
7836 7835 3526
3375 7837 7660
7837 3377 7838
7660 7838 3376
3376 7838 7839
7838 3377 7663
7839 7663 3378
3390 7840 7676
7840 3395 7841
7676 7841 3391
3391 7841 7842
7841 3395 7681
7842 7681 3394
3438 7843 3439
7844 3439 7843
7844 3527 7845
3492 7845 3527
3496 7846 7784
7846 3496 3528
3493 7846 7848
7846 3528 7847
7848 7847 3282
3529 7849 9762
7849 3530 9930
7851 7850 9931
3469 9931 7752
7850 9930 7852
7752 9763 3441
3531 7854 3321
7854 3531 7853
7854 3532 7585
3322 7585 3532
3320 7855 3321
7856 3321 7855
7856 3464 7857
3464 7856 3465
3371 7858 7655
7858 3522 7859
7655 7859 3372
3372 7859 7860
7859 3522 7830
7860 7830 3521
3533 7862 3180
7862 3533 7861
7862 3181 7467
3181 7862 3534
3536 7864 3535
7864 3536 7863
7864 3537 3538
3540 7865 3539
7866 3539 7865
7866 3541 7867
3542 7867 3541
3543 7868 3199
7869 3199 7868
7869 3544 7481
3163 7481 3544
3549 7871 3484
7871 3549 7870
7871 3426 3273
3404 7693 7873
7693 3407 7872
7873 7872 3551
7872 3463 7874
3463 7872 3407
3551 7875 7873
7875 3287 7876
7873 7876 3404
3404 7876 7878
7876 3287 7877
7878 7877 3552
3286 7879 9764
7879 3283 9932
7881 7880 9933
3553 9933 7883
7880 9932 7882
7883 9765 3530
3350 7727 9766
7727 3455 9934
7622 7884 9935
3261 9935 7705
7884 9934 7885
7705 9767 3440
3245 7886 7887
7886 3245 3442
3249 7886 3281
7888 3281 7886
3325 7889 7890
7889 3325 3324
3481 7889 7767
7889 3324 7891
7767 7891 3478
3555 7892 7894
7892 3556 7893
7894 7893 3554
3554 7893 7896
7893 3556 7895
7896 7895 3280
3517 7897 3291
7898 3291 7897
7898 3559 7748
3464 7748 3559
3339 7899 3397
7899 3339 7609
7899 3398 7683
3398 7899 3342
7900 3494 3397
7783 3494 3493
3563 7901 7902
7901 3563 3564
3250 7901 3247
7903 3247 7901
3442 7904 7888
7904 3442 3305
3281 7904 9768
7904 3305 9911
7905 7567 9912
3551 7874 7907
7874 3463 7906
7907 7906 3498
3498 7906 7785
7906 3463 7816
7785 7816 3319
3167 7909 3156
7909 3167 7908
7909 3565 7619
3346 7619 3565
7910 3418 3566
3419 7911 3569
7911 3506 3505
3570 7890 3481
3483 7912 3269
3528 7913 7847
7913 3528 3563
3282 7913 3250
7902 3250 7913
3574 7915 3573
7915 3574 7914
7915 3576 7916
3576 7915 3575
3578 7918 3577
7918 3578 7917
7918 3579 7919
3579 7918 3575
3580 7920 7922
7920 3581 7921
7922 7921 3583
3583 7921 7924
7921 3581 7923
7924 7923 3582
3585 7926 3584
7926 3585 7925
7926 3586 7927
3586 7926 3582
3584 7929 3585
7929 3584 7928
7929 3588 7930
3588 7929 3587
3587 7932 3588
7932 3587 7931
7932 3590 7933
3590 7932 3589
3590 7935 3343
7935 3590 7934
7935 3278 7610
3278 7935 3591
3591 7937 3278
7937 3591 7936
7937 3279 7540
3279 7937 3592
3594 7939 3593
7939 3594 7938
3593 7939 7941
7939 3595 7940
7941 7940 3515
3596 7942 7944
7942 3597 7943
7944 7943 3424
3424 7943 7695
7943 3597 7945
7695 7945 3425
3598 7946 7947
7946 3598 3599
3274 7946 3275
7948 3275 7946
3599 7949 7948
7949 3599 3600
3275 7949 3601
7950 3601 7949
3443 7951 7714
7951 3451 7721
7714 7721 3444
3479 7952 7953
7952 3479 3602
7952 3331 7591
3331 7952 3602
7954 3459 3603
7955 3459 3458
3223 7956 3605
7956 3431 3606
7957 3415 3457
7734 3415 3458
3539 7958 3540
7959 3540 7958
7959 3607 7960
3608 7960 3607
3329 7962 3330
7962 3329 7961
3330 7962 3474
7760 3474 7962
3535 7964 3536
7964 3535 7963
7964 3610 7965
3610 7964 3609
3533 7967 3536
7967 3533 7966
7967 3537 7863
3537 7967 3611
3470 7968 3540
7969 3540 7968
7969 3544 7865
3541 7865 3544
3456 7970 3457
7971 3457 7970
7971 3542 7972
3541 7972 3542
3448 7973 7974
7973 3448 3616
7973 3616 3617
3539 7975 3618
7975 3539 7867
7975 3619 7976
3619 7975 3542
3459 7954 3620
7977 3620 7954
7977 3604 7978
3621 7978 3604
3509 7980 3624
7980 3509 7979
7980 3333 7981
3333 7980 3625
3607 7958 3626
7982 3626 7958
7982 3618 7983
3618 7982 3539
3475 7961 7985
7961 3329 7984
7985 7984 3627
3627 7984 7986
7984 3329 7597
7986 7597 3334
3628 7987 3222
7987 3629 3432
3456 7988 3630
7988 3456 7736
7988 3459 7989
3620 7989 3459
3542 7990 3619
7990 3542 7970
7990 3630 7991
3630 7990 3456
3569 7992 3419
7992 3632 3420
3453 7993 3190
3190 7994 3195
7994 3190 7993
3452 7995 7994
7995 3452 3633
3195 7995 3634
7996 3634 7995
3634 7997 3195
3195 7997 7477
7997 3488 7772
7477 7772 3196
3618 7998 3157
7998 3618 7976
7998 3158 7454
3158 7998 3619
3620 7999 3224
7999 3620 7978
7999 3225 7490
3225 7999 3621
3302 8001 3622
8001 3302 8000
8001 3304 3623
3626 8002 3347
8002 3626 7983
8002 3157 7620
3157 8002 3618
3627 7986 8004
7986 3334 8003
8004 8003 3421
3421 8003 8006
8003 3334 8005
8006 8005 3422
3630 8007 3461
8007 3630 7989
8007 3224 7737
3224 8007 3620
3619 8008 3158
8008 3619 7991
8008 3461 7803
3461 8008 3630
3346 8010 3347
8010 3346 8009
8010 3635 8011
3635 8010 3567
3175 8013 3509
8013 3175 8012
8013 3625 7979
3625 8013 3336
3444 8014 7712
8014 3629 8015
7712 8015 3211
8015 3629 3628
3216 8016 3217
8016 3636 3637
3201 8017 3638
3225 8018 3200
3621 8019 3225
8019 3623 3304
3231 8020 3226
8020 3298 3301
3639 8021 3642
8021 3640 3641
3573 8022 3644
8022 3573 7916
8022 3576 3643
3645 8024 3241
8024 3645 8023
8024 3242 7508
3242 8024 3646
3647 8026 3255
8026 3647 8025
8026 3648 3256
3649 8028 3257
8028 3649 8027
8028 3241 7522
3241 8028 3645
3650 8030 3267
8030 3650 8029
8030 3268 7534
3268 8030 3651
3652 8031 3270
8031 3653 3271
3648 8033 3256
8033 3648 8032
8033 3641 3297
3654 8035 3345
8035 3654 8034
8035 3257 7613
3257 8035 3649
3653 8037 3271
8037 3653 8036
8037 3655 3423
3646 8039 3242
8039 3646 8038
8039 3255 7728
3255 8039 3647
3656 8041 3513
8041 3656 8040
8041 3514 7811
3514 8041 3657
3658 8042 3299
8042 3659 3660
3661 8043 3568
8043 3662 3502
8044 3565 3506
3565 8045 3506
8045 3565 7908
3168 8046 3164
8046 3168 7800
8046 3462 3204
3462 8047 3204
8047 3462 7740
8047 3202 3219
3202 8048 3219
8048 3201 3216
3216 8049 3636
8049 3201 3638
8050 3510 3636
3669 8051 3668
8051 3221 3220
3670 8052 8053
8052 3670 3671
3447 8052 3672
8054 3672 8052
3644 8055 8056
8055 3644 3643
3670 8055 3671
8057 3671 8055
3674 8058 8060
8058 3643 8059
8060 8059 3673
8059 3576 8061
3576 8059 3643
3605 8062 3223
8062 3617 3220
3676 8063 8064
8063 3676 3616
8063 3616 3672
3222 8065 3628
8065 3221 3677
3628 8066 3211
8066 3677 3212
3633 8067 7996
8067 3633 3684
3634 8067 3685
8068 3685 8067
3634 8069 3488
8069 3686 8070
3686 8069 3685
3455 7726 8072
7726 3454 8071
8072 8071 3687
3687 8071 8074
8071 3454 8073
8074 8073 3688
3689 8076 3688
8076 3689 8075
8076 3690 8074
3687 8074 3690
3236 7810 8078
7810 3512 8077
8078 8077 3692
3692 8077 8080
8077 3512 8079
8080 8079 3691
3233 7499 8082
7499 3236 8081
8082 8081 3693
3693 8081 8083
8081 3236 8078
8083 8078 3692
3694 8085 3243
8085 3694 8084
8085 3688 8086
3688 8085 3689
3294 8088 3295
8088 3294 8087
8088 3696 8089
3696 8088 3695
3693 8090 8082
8090 3583 8091
8082 8091 3233
3233 8091 7502
8091 3583 8092
7502 8092 3237
3583 8090 7922
8090 3693 8093
7922 8093 3580
3580 8093 8095
8093 3693 8094
8095 8094 3697
3698 8096 8098
8096 3697 8097
8098 8097 3692
3692 8097 8083
8097 3697 8094
8083 8094 3693
3699 8099 3690
8099 3701 8100
3701 8099 3700
3695 8102 3696
8102 3695 8101
8102 3694 8103
3694 8102 3702
8075 3699 3690
3705 8105 3704
8105 3705 8104
8105 3579 8106
3579 8105 3706
3707 8107 8108
8107 3707 3581
3642 8107 3708
8109 3708 8107
3248 9936 3295
8110 9936 7514
8110 3296 7560
3296 8110 3247
3296 8111 8112
8111 3296 3247
3709 8111 3564
7903 3564 8111
3711 8114 3695
8114 3711 8113
8114 3702 8101
3702 8114 3712
3714 8115 8117
8115 3715 8116
8117 8116 3713
3713 8116 8119
8116 3715 8118
8119 8118 3716
3717 8120 8122
8120 3718 8121
8122 8121 3697
3697 8121 8095
8121 3718 8123
8095 8123 3580
3720 8124 8126
8124 3714 8125
8126 8125 3719
3719 8125 8127
8125 3714 8117
8127 8117 3713
3720 8128 8130
8128 3721 8129
8130 8129 3718
8129 3708 8131
3708 8129 3721
3697 8096 8122
8096 3698 8132
8122 8132 3717
3717 8132 8134
8132 3698 8133
8134 8133 3722
3249 8135 7887
8135 3249 3248
3245 8135 3246
8136 3246 8135
3295 8137 3248
8137 3295 8089
8137 3246 8136
3246 8137 3696
3716 8138 8140
8138 3723 8139
8140 8139 3445
3445 8139 8142
8139 3723 8141
8142 8141 3724
3445 8142 7717
8142 3724 8143
7717 8143 3446
3446 8143 8145
8143 3724 8144
8145 8144 3725
3726 8146 8148
8146 3727 8147
8148 8147 3725
3725 8147 8145
8147 3727 8149
8145 8149 3446
3445 7715 8140
7715 3254 8150
8140 8150 3716
3716 8150 8119
8150 3254 8151
8119 8151 3713
3254 7520 8151
7520 3253 8152
8151 8152 3713
3713 8152 8127
8152 3253 8153
8127 8153 3719
3253 8154 8153
8154 3705 8155
8153 8155 3719
3719 8155 8157
8155 3705 8156
8157 8156 3728
3574 8158 3704
8158 3729 3730
3644 8159 3573
8159 3660 3659
3670 8160 8056
8160 3670 3731
8160 3731 3660
3300 8161 3612
8161 3731 3450
3731 8162 3450
3450 8162 3447
8053 3447 8162
3314 7580 8164
7580 3315 8163
8164 8163 3351
3351 8163 7627
8163 3315 8165
7627 8165 3352
3317 7651 8167
7651 3368 8166
8167 8166 3358
3358 8166 7636
8166 3368 8168
7636 8168 3355
3312 8169 9769
8169 3361 9937
8171 8170 9938
3363 9938 7641
8170 9937 8172
7641 9770 3364
3732 8173 8174
8173 3732 3380
3354 8173 8176
8173 3380 8175
8176 8175 3365
3341 7605 8178
7605 3340 8177
8178 8177 3370
3370 8177 7652
8177 3340 8179
7652 8179 3371
3394 7678 8181
7678 3393 8180
8181 8180 3372
3372 8180 7656
8180 3393 8182
7656 8182 3369
3309 7570 8184
7570 3311 8183
8184 8183 3374
3374 8183 7657
8183 3311 8185
7657 8185 3375
3383 8186 8187
8186 3383 3385
3376 8186 3373
8188 3373 8186
3313 7575 8190
7575 3312 8189
8190 8189 3377
3377 8189 7661
8189 3312 8171
7661 8171 3363
3379 8191 8193
8191 3381 8192
8193 8192 3362
3362 8192 7664
8192 3381 8194
7664 8194 3378
3318 7581 8196
7581 3317 8195
8196 8195 3401
3401 8195 7686
8195 3317 8167
7686 8167 3358
3318 8196 7788
8196 3401 8197
7788 8197 3497
3497 8197 8198
8197 3401 7790
8198 7790 3499
3412 8200 3403
8200 3412 8199
3403 8200 8201
8200 3500 7791
8201 7791 3400
3393 8202 8182
8202 3560 8203
8182 8203 3369
3369 8203 7826
8203 3560 8204
7826 8204 3520
3368 8205 8168
8205 3518 8206
8168 8206 3355
3307 7563 8208
7563 3306 8207
8208 8207 3522
3522 8207 7828
8207 3306 8209
7828 8209 3523
3388 7677 8211
7677 3391 8210
8211 8210 3524
3524 8210 7832
8210 3391 8212
7832 8212 3521
3306 8213 8209
8213 3366 8214
8209 8214 3523
3523 8214 7833
8214 3366 8215
7833 8215 3525
3385 7672 8188
7672 3387 8216
8188 8216 3373
3373 8216 8218
8216 3387 8217
8218 8217 3526
3311 7626 8185
7626 3313 8219
8185 8219 3375
3375 8219 7837
8219 3313 8190
7837 8190 3377
3381 7667 8194
7667 3383 8220
8194 8220 3378
3378 8220 7839
8220 3383 8187
7839 8187 3376
3340 7749 8179
7749 3307 8221
8179 8221 3371
3371 8221 7858
8221 3307 8208
7858 8208 3522
3391 7842 8212
7842 3394 8222
8212 8222 3521
3521 8222 7860
8222 3394 8181
7860 8181 3372
3321 7857 3531
8223 3531 7857
8223 3464 8224
3559 8224 3464
8225 3734 3434
3240 7604 7822
7604 3338 8226
7822 8226 3519
3519 8226 8228
8226 3338 8227
8228 8227 3735
3737 8229 8231
8229 3512 8230
8231 8230 3736
3736 8230 8232
8230 3512 7809
8232 7809 3511
3738 8233 3516
8234 3516 8233
8234 3739 7817
3517 7817 3739
3736 8232 8236
8232 3511 8235
8236 8235 3468
3468 8235 8237
8235 3511 7824
8237 7824 3519
3338 8238 8227
8238 3556 8239
8227 8239 3735
3735 8239 8241
8239 3556 8240
8241 8240 3740
3405 8243 3531
8243 3405 8242
3531 8243 7853
8243 3741 8244
7853 8244 3532
3739 8245 3517
8246 3517 8245
8246 3406 7897
3559 7897 3406
3701 8247 8249
8247 3691 8248
8249 8248 3737
3737 8248 8229
8248 3691 8079
8229 8079 3512
3743 8250 8252
8250 3698 8251
8252 8251 3691
3691 8251 8080
8251 3698 8098
8080 8098 3692
3744 8253 8255
8253 3722 8254
8255 8254 3743
3743 8254 8250
8254 3722 8133
8250 8133 3698
3716 8118 8138
8118 3715 8256
8138 8256 3723
3723 8256 8258
8256 3715 8257
8258 8257 3745
3711 8259 8261
8259 3746 8260
8261 8260 3723
8260 3724 8141
3724 8260 3746
3746 8263 3724
8263 3746 8262
8263 3725 8144
3725 8263 3747
3748 8264 8265
8264 3748 3726
3747 8264 3725
8148 3725 8264
7746 3749 3292
3281 7905 7545
7905 3308 8266
7545 8266 3282
3282 8266 7848
8266 3308 7782
7848 7782 3493
3704 8267 3574
8267 3704 8106
8267 3575 7914
3575 8267 3579
3659 8268 3729
8268 3658 3640
3587 8269 3645
8269 3587 7928
8269 3646 8023
3646 8269 3584
3586 8271 3647
8271 3586 8270
8271 3648 8025
3648 8271 3707
3589 8272 3649
8272 3589 7931
8272 3645 8027
3645 8272 3587
3757 8274 3650
8274 3757 8273
8274 3651 8029
3651 8274 3758
3759 8275 3652
8275 3760 3653
3648 8276 8032
8276 3648 3707
3641 8276 3642
8108 3642 8276
3761 8278 3654
8278 3761 8277
8278 3649 8034
3649 8278 3589
3760 8279 3653
8279 3655 8036
3655 8279 3762
3584 8280 3646
8280 3584 7927
8280 3647 8038
3647 8280 3586
3763 8282 3656
8282 3763 8281
8282 3657 8040
3657 8282 3764
3573 8283 3574
8283 3659 3729
7955 3458 3414
3605 8284 7974
8284 3605 3606
3448 8284 3449
8285 3449 8284
3540 7960 3470
8286 3470 7960
8286 3608 7756
3471 7756 3608
3330 8287 7953
8287 3330 3474
3479 8287 3480
8288 3480 8287
3536 8289 3533
8289 3536 7965
8289 3534 7861
3534 8289 3610
7972 3541 3543
7868 3541 3544
3478 8290 7765
8290 3478 3487
3479 8290 3602
8291 3602 8290
7733 3228 3543
7957 3228 3415
3180 8293 3533
8293 3180 8292
8293 3611 7966
3611 8293 3173
3160 7459 3470
8294 3470 7459
8294 3163 7968
3544 7968 3163
3606 8295 8285
8295 3606 3545
8295 3545 3613
3447 8296 3448
8296 3672 3616
3706 8297 8299
8297 3252 8298
8299 8298 3766
3766 8298 8301
8298 3252 8300
8301 8300 3765
3581 8302 7923
8302 3581 3707
3582 8302 3586
8270 3586 8302
3585 8303 7925
8303 3585 3237
3582 8303 7924
8303 3237 8092
7924 8092 3583
3238 8304 3588
8304 3238 7503
8304 3585 7930
3585 8304 3237
3343 8305 3590
8305 3343 7806
8305 3588 7933
3588 8305 3238
3589 8306 3590
8306 3589 8277
8306 3591 7934
3591 8306 3761
3761 8308 3591
8308 3761 8307
8308 3592 7936
3592 8308 3764
3763 8310 3594
8310 3763 8309
8310 3595 7938
3595 8310 3758
3757 8311 8313
8311 3762 8312
8313 8312 3596
3596 8312 7942
8312 3762 8314
7942 8314 3597
3760 8315 3598
8315 3759 3599
3759 8316 3599
3599 8316 3600
8317 3600 8316
3705 8154 8104
8154 3253 8318
8104 8318 3706
3706 8318 8297
8318 3253 7519
8297 7519 3252
3581 7920 8109
7920 3580 8319
8109 8319 3708
3708 8319 8131
8319 3580 8123
8131 8123 3718
3639 8320 3730
8320 3721 3728
3705 8321 8156
8321 3705 3704
8321 3704 3730
3616 8322 3617
8322 3676 3770
3326 8324 3486
8324 3326 8323
8324 3181 8325
3181 8324 3182
3266 8326 3326
8326 3266 7536
8326 3182 8323
3182 8326 3189
3188 8327 3513
8327 3188 7473
8327 3268 8328
3268 8327 3189
3498 8329 7907
8329 3288 8330
7907 8330 3551
3551 8330 7875
8330 3288 7553
7875 7553 3287
3497 8331 7787
8331 3315 8332
7787 8332 3498
3498 8332 8329
8332 3315 7579
8329 7579 3288
3554 8333 7894
8333 3323 8334
7894 8334 3555
8334 3322 8335
3322 8334 3323
3352 8336 7630
8336 3499 8337
7630 8337 3353
3353 8337 3500
7792 3500 8337
3593 8338 3554
8338 3593 7941
8338 3323 8333
3323 8338 3515
3555 8335 8340
8335 3322 8339
8340 8339 3771
8339 3532 8341
3532 8339 3322
3486 8342 3772
8342 3486 8325
8342 3534 8343
3534 8342 3181
3553 8344 7881
8344 3552 8345
7881 8345 3286
3286 8345 7550
8345 3552 7877
7550 7877 3287
3424 7814 7944
7814 3515 8346
7944 8346 3596
3596 8346 8347
8346 3515 7940
8347 7940 3595
3774 8349 3773
8349 3774 8348
8349 3609 8350
3609 8349 3610
3513 8351 3656
8351 3513 8328
8351 3651 8352
3651 8351 3268
3315 8331 8165
8331 3497 8353
8165 8353 3352
3352 8353 8336
8353 3497 8198
8336 8198 3499
3354 7631 8174
7631 3353 8354
8174 8354 3732
3775 8355 8357
8355 3741 8356
8357 8356 3553
3553 8356 8344
8356 3741 8358
8344 8358 3552
3656 8359 3763
8359 3656 8352
8359 3758 8309
3758 8359 3651
3772 8360 3774
8360 3772 8343
8360 3610 8348
3610 8360 3534
3596 8347 8313
8347 3595 8361
8313 8361 3757
8361 3758 8273
3758 8361 3595
3179 8362 3180
8362 3179 7480
8362 3173 8292
3173 8362 3174
3171 8363 3344
8363 3171 7466
8363 3197 8364
3197 8363 3174
3554 8365 3593
8365 3554 7896
8365 3279 8366
3279 8365 3280
3285 7640 9771
7640 3284 9939
7552 8367 9940
3286 9940 7879
8367 9939 7549
7879 9772 3283
3259 7547 9773
7547 3284 9941
7573 8368 9942
3312 9942 8169
8368 9941 7639
8169 9774 3361
3354 8176 7629
8176 3365 8369
7629 8369 3351
3351 8369 8370
8369 3365 7644
8370 7644 3364
3344 8371 3345
8371 3344 8364
8371 3514 8372
3514 8371 3197
3775 8373 8375
8373 3529 8374
8375 8374 3771
3771 8374 8377
8374 3529 8376
8377 8376 3740
3607 8378 3608
8379 3608 8378
8379 3537 8380
3537 8379 3538
3258 7708 9775
7708 3441 9943
7548 8381 9944
3283 9944 7882
8381 9943 7852
7882 9776 3530
3277 7543 7603
7543 3280 8382
7603 8382 3338
3338 8382 8238
8382 3280 7895
8238 7895 3556
3593 8383 3594
8383 3593 8366
8383 3592 8384
3592 8383 3279
3608 8385 3471
8385 3608 8380
8385 3537 8386
3611 8386 3537
3345 8387 3654
8387 3345 8372
8387 3657 8388
3657 8387 3514
3351 8370 8164
8370 3364 8389
8164 8389 3314
3314 8389 7637
8389 3364 8172
7637 8172 3361
3362 7645 8193
7645 3365 8390
8193 8390 3379
3379 8390 8391
8390 3365 8175
8391 8175 3380
3771 8377 8340
8377 3740 8392
8340 8392 3555
3555 8392 7892
8392 3740 8240
7892 8240 3556
3654 8393 3761
8393 3654 8388
8393 3764 8307
3764 8393 3657
3471 8386 3172
8394 3172 8386
8394 3611 7464
3173 7464 3611
3594 8395 3763
8395 3594 8384
8395 3764 8281
3764 8395 3592
3635 8397 3776
8397 3635 8396
8397 3155 8398
3155 8397 3152
3773 8399 3624
8399 3773 8350
8399 3154 8400
3154 8399 3609
3609 8401 3154
8401 3609 7963
8401 3155 7453
3155 8401 3535
3535 8402 3155
8402 3776 8398
3776 8402 3538
3626 8403 3607
8404 3607 8403
8404 3538 8378
3538 8404 3776
3531 8224 3405
8405 3405 8224
8405 3559 7690
3406 7690 3559
3735 8406 8228
8406 3469 8407
8228 8407 3519
3519 8407 8237
8407 3469 7754
8237 7754 3468
3735 8241 9777
8241 3740 9945
8406 8408 9946
3469 9946 7851
8408 9945 8376
7851 9778 3529
3691 8247 8252
8247 3701 8409
8252 8409 3743
8409 3700 8410
3700 8409 3701
3743 8410 8255
8410 3700 8411
8255 8411 3744
8411 3700 3710
3723 8258 8261
8258 3745 8412
8261 8412 3711
8412 3712 8113
3712 8412 3745
7685 3399 3733
8225 3399 3734
3687 8413 8072
8413 3737 8414
8072 8414 3455
3455 8414 8415
8414 3737 8231
8415 8231 3736
3438 7702 3738
8416 3738 7702
8416 3437 8233
3739 8233 3437
3455 8415 7885
8415 3736 8417
7885 8417 3440
3440 8417 7755
8417 3736 8236
7755 8236 3468
3404 7878 7692
7878 3552 8418
7692 8418 3405
3405 8418 8242
8418 3552 8358
8242 8358 3741
8419 3527 3734
3437 7743 3739
8420 3739 7743
8420 3407 8245
3406 8245 3407
7900 3396 3557
3690 8421 3687
8421 3690 8100
3687 8421 8413
8421 3701 8249
8413 8249 3737
3695 8422 3711
8422 3695 8087
8422 3746 8259
3746 8422 3294
3294 8423 3746
8423 3294 7558
8423 3747 8262
3747 8423 3293
3293 8425 3747
8425 3293 8424
8425 3748 8265
3748 8425 3777
3771 8341 8375
8341 3532 8426
8375 8426 3775
3775 8426 8355
8426 3532 8244
8355 8244 3741
3553 7883 9779
7883 3530 9947
8357 8427 9948
3775 9948 8373
8427 9947 7849
8373 9780 3529
3454 8428 8073
8428 3244 8429
8073 8429 3688
8429 3243 8086
3243 8429 3244
3305 8430 8431
8430 3305 3442
3263 8430 7529
8430 3442 7711
7529 7711 3264
3731 8432 3660
8432 3300 3299
3444 7720 8014
7720 3303 8433
8014 8433 3629
8433 3302 8434
3302 8433 3303
3305 8431 7565
8431 3263 8435
7565 8435 3306
3306 8435 8213
8435 3263 7646
8213 7646 3366
3388 8436 7675
8436 3387 8437
7675 8437 3389
3389 8437 3386
7671 3386 8437
8438 3429 3289
3454 7724 8428
7724 3265 8439
8428 8439 3244
3244 8439 7709
8439 3265 7532
7709 7532 3264
3439 8440 3367
8440 3439 7845
8440 3492 8441
3491 8441 3492
3367 8442 3368
8442 3367 8441
3368 8442 8205
8442 3491 7821
8205 7821 3518
3373 8218 7659
8218 3526 8443
7659 8443 3374
3374 8443 8444
8443 3526 7835
8444 7835 3525
3398 7778 3399
8445 3399 7778
8445 3492 8419
3527 8419 3492
3431 8446 3606
8446 3546 3545
3449 8447 3450
8447 3613 3612
3432 8448 3431
8448 3622 3546
3629 8449 3432
8449 3629 8434
8449 3302 3622
3729 8450 3730
8450 3640 3639
3297 8451 3298
8451 3658 3299
3696 8452 3246
8452 3696 8103
8452 3243 7512
3243 8452 3694
3689 8453 3703
8453 3689 8084
8453 3694 3702
3703 8454 3710
8454 3712 8455
3712 8454 3702
3717 8134 8457
8134 3722 8456
8457 8456 3714
3714 8456 8115
8456 3722 8458
8115 8458 3715
3718 8120 8130
8120 3717 8459
8130 8459 3720
3720 8459 8124
8459 3717 8457
8124 8457 3714
3719 8157 8126
8157 3728 8460
8126 8460 3720
8460 3721 8128
3721 8460 3728
3374 8444 8184
8444 3525 8461
8184 8461 3309
3309 8461 7648
8461 3525 8215
7648 8215 3366
3524 7836 8211
7836 3526 8462
8211 8462 3388
3388 8462 8436
8462 3526 8217
8436 8217 3387
3715 8458 8257
8458 3722 8463
8257 8463 3745
3745 8463 8464
8463 3722 8253
8464 8253 3744
3641 8465 3297
8465 3640 3658
3642 8466 3639
8466 3708 3721
3710 8467 3744
8467 3710 8455
8467 3745 8464
3745 8467 3712
7843 3742 3527
3192 8468 3146
8468 3191 3169
3272 8469 3324
8469 3328 3327
3773 8471 3774
8471 3773 8470
8471 3331 8472
3331 8471 3332
3624 8473 3773
8473 3624 7981
3773 8473 8470
8473 3333 7596
8470 7596 3332
8012 3178 3336
3336 7775 3337
3266 8474 3267
8474 3266 7590
8474 3423 8475
3423 8474 3328
3425 8476 7698
8476 3425 3274
3426 8476 3273
7539 3273 8476
3324 8477 7891
8477 3324 3327
3478 8477 3487
7771 3487 8477
3191 8478 3169
3169 8478 3337
7600 3337 8478
3465 8479 3549
8479 3465 7855
3549 8479 7870
8479 3320 7699
7870 7699 3426
3274 8480 7947
8480 3274 3425
3598 8480 3597
7945 3597 8480
3774 8481 3772
8481 3774 8472
8481 3602 8482
3602 8481 3331
3334 7594 8005
7594 3333 8483
8005 8483 3422
8483 3625 8484
3625 8483 3333
3336 8485 3625
8485 3336 7599
8485 3422 8484
3422 8485 3335
3267 8486 3650
8486 3267 8475
8486 3655 8487
3655 8486 3423
3650 8488 3757
8488 3650 8487
8488 3762 8311
3762 8488 3655
3772 8489 3486
8489 3772 8482
3486 8489 7769
8489 3602 8291
7769 8291 3487
3598 8490 3760
3760 8490 3762
8314 3762 8490
3296 8491 3293
8491 3296 8112
8491 3777 8424
3777 8491 3709
3251 8492 8493
8492 3251 3446
3778 8492 8494
8492 3446 8149
8494 8149 3727
3147 8495 3144
8495 3184 3183
3147 8496 3184
3566 8497 3152
8497 3153 7451
3153 8497 3176
3417 8498 3503
8498 3416 3508
3152 8499 3566
8499 3152 8396
8499 3567 7910
3567 8499 3635
3569 8500 3631
8500 3505 3661
3505 8501 3661
8501 3166 3662
3776 8502 3635
8502 3776 8403
8502 3347 8011
3347 8502 3626
3624 8503 3509
8503 3624 8400
8503 3153 7797
3153 8503 3154
3671 8504 8054
8504 3671 3781
3672 8504 3675
8505 3675 8504
3643 8058 8057
8058 3674 8506
8057 8506 3671
3671 8506 3781
8507 3781 8506
3269 8508 3270
8508 3269 7912
8508 3572 3782
3617 8509 3220
8509 3770 3668
3221 8510 3677
3677 8510 3784
8511 3784 8510
3633 8512 3684
8513 3684 8512
3706 8514 3579
8514 3706 8299
3579 8514 7919
8514 3766 8515
7919 8515 3577
3677 8516 3212
3270 8517 3652
8517 3782 3786
3575 8518 3576
8518 3575 7917
8518 3673 8061
3673 8518 3578
3652 8519 3759
8519 3786 3767
3480 8520 3787
8520 3480 8288
8520 3473 8521
3473 8520 3474
3481 8522 3783
8522 3481 7766
8522 3787 8523
3787 8522 3480
3275 8524 3276
8524 3601 3788
3252 7516 8300
7516 3251 8525
8300 8525 3765
3765 8525 8526
8525 3251 8493
8526 8493 3778
3627 8527 7985
8527 3789 8528
7985 8528 3475
3475 8528 7761
8528 3789 8529
7761 8529 3472
3421 7762 8004
7762 3477 8530
8004 8530 3627
8530 3789 8527
3789 8530 3477
3790 8531 3793
8531 3791 3792
3796 8532 3799
3799 8532 3798
8533 3798 8532
3801 8534 8535
8534 3801 3802
3800 8534 3803
8536 3803 8534
3805 8537 8538
8537 3805 3806
3804 8537 3807
8539 3807 8537
3809 3810 8541
8540 8541 3810
3808 8542 3811
8542 3808 8540
3813 8543 8544
8543 3813 3801
3812 8543 3800
8535 3800 8543
3814 8545 3791
8545 3815 3792
3817 8546 8547
8546 3817 3818
3816 8546 3819
8548 3819 8546
8549 3822 3823
3825 8550 8551
8550 3825 3826
3824 8550 3827
8552 3827 8550
3832 8553 8554
8553 3832 3807
3831 8553 3806
8539 3806 8553
3834 8555 8556
8555 3834 3825
3833 8555 3824
8551 3824 8555
3836 8557 3835
8557 3838 8558
3838 8557 3837
3835 8559 3842
8559 3835 8558
3842 8559 8561
8559 3838 8560
8561 8560 3843
3839 8562 3829
3817 8563 8564
8563 3817 3844
3824 8563 3833
8565 3833 8563
3806 8566 8567
8566 3806 3805
3845 8568 3846
8568 3845 8566
3848 8569 8570
8569 3848 3849
3847 8569 3850
8571 3850 8569
3857 8572 3856
8572 3858 3859
3864 8573 3863
8573 3865 3866
3868 8574 3867
8574 3869 3870
3847 8575 8570
8575 3847 3871
3848 8575 3872
8576 3872 8575
3873 8577 3876
3831 8578 8579
8578 3831 3806
3877 8578 3845
8567 3845 8578
3879 8580 3878
8580 3874 3873
3881 8581 8583
8581 3882 8582
8583 8582 3880
3880 8582 8585
8582 3882 8584
8585 8584 3883
3883 8586 8585
8586 3884 8587
8585 8587 3880
3880 8587 8589
8587 3884 8588
8589 8588 3885
3883 8584 8591
8584 3882 8590
8591 8590 3887
3887 8590 8593
8590 3882 8592
8593 8592 3886
3877 8594 8579
8594 3877 3888
3831 8594 3889
8595 3889 8594
3891 8596 8597
8596 3891 3892
3890 8596 3893
8598 3893 8596
3895 8600 3894
8600 3895 8599
8600 9949 8601
3897 9949 3896
3898 8602 8604
8602 3899 8603
8604 8603 3901
3901 8603 8606
8603 3899 8605
8606 8605 3900
3878 8607 3879
8607 3902 3903
3831 8608 8554
8608 3831 3889
3832 8608 3904
8609 3904 8608
3905 8610 9781
8610 3906 9950
8612 8611 9951
3908 9951 8614
8611 9950 8613
8614 9782 3907
3910 8615 8617
8615 3911 8616
8617 8616 3909
3909 8616 8619
8616 3911 8618
8619 8618 3912
3834 8620 8621
8620 3834 3914
3913 8620 3915
8622 3915 8620
3917 8623 3916
8623 3918 3919
3921 8624 3920
8624 3923 8625
3923 8624 3922
3925 8626 8627
8626 3925 3926
3924 8626 8629
8626 3926 8628
8629 8628 3927
3928 9952 3895
8631 9952 8630
8631 9953 8599
3896 9953 3929
3908 8632 9783
8632 3930 9954
8612 8633 9955
3905 9955 8635
8633 9954 8634
8635 9784 3931
3933 8636 9785
8636 3934 9956
8638 8637 9957
3932 9957 8640
8637 9956 8639
8640 9786 3935
3937 3938 8642
8641 8642 3938
3936 8643 3939
8643 3936 8641
3940 8644 8645
8644 3940 3941
3943 8644 3942
8646 3942 8644
3902 8647 3945
8647 3878 3944
3944 8648 3946
8648 3947 3948
3950 8649 8650
8649 3950 3951
3949 8649 3952
8651 3952 8649
3954 8652 9958
8652 3955 9787
8654 8653 9959
3953 8653 8656
8653 3955 8655
8656 8655 3956
3957 8657 8659
8657 3958 8658
8659 8658 3909
3909 8658 8661
8658 3958 8660
8661 8660 3959
3908 8614 9788
8614 3907 9960
8663 8662 9961
3961 9961 8665
8662 9960 8664
8665 9789 3960
3963 8666 9790
8666 3933 9962
8668 8667 9963
3962 9963 8669
8667 9962 8638
8669 9791 3932
3965 8670 8672
8670 3966 8671
8672 8671 3964
3964 8671 8674
8671 3966 8673
8674 8673 3967
3969 8675 8677
8675 3970 8676
8677 8676 3968
3968 8676 8679
8676 3970 8678
8679 8678 3971
3916 8680 3917
8680 3972 3973
3974 8681 8682
8681 3974 3975
3913 8681 3976
8683 3976 8681
3978 8684 8685
8684 3978 3979
3977 8684 3980
8686 3980 8684
3977 8687 8685
8687 3977 3981
3978 8687 3982
8688 3982 8687
3843 8690 3983
8690 3843 8689
8690 3985 8691
3985 8690 3984
3986 8692 8694
8692 3924 8693
8694 8693 3886
3886 8693 8593
8693 3924 8695
8593 8695 3887
3988 8696 9792
8696 3989 9964
8698 8697 9965
3987 9965 8700
8697 9964 8699
8700 9793 3990
3924 8629 8695
8629 3927 8701
8695 8701 3887
3887 8701 8703
8701 3927 8702
8703 8702 3991
3832 8704 8705
8704 3832 3904
3992 8704 3993
8706 3993 8704
3992 8707 8705
8707 3992 3816
3832 8707 3807
8708 3807 8707
3994 8709 3995
8710 3995 8709
8710 3803 8711
3803 8710 3800
3906 8712 9794
8712 3997 9966
8613 8713 9967
3907 9967 8715
8713 9966 8714
8715 9795 3959
3907 8715 9796
8715 3959 9968
8664 8716 9969
3960 9969 8717
8716 9968 8660
8717 9797 3958
3998 8718 8720
8718 3999 8719
8720 8719 4001
4001 8719 8722
8719 3999 8721
8722 8721 4000
4003 8723 8725
8723 4004 8724
8725 8724 4002
8724 4005 8726
4005 8724 4004
4007 8728 4006
8728 4007 8727
8728 4009 8729
4009 8728 4008
3930 8730 9798
8730 4010 9970
8732 8731 9971
3932 9971 8669
8731 9970 8733
8669 9799 3962
4012 8734 8736
8734 4013 8735
8736 8735 4011
4011 8735 8738
8735 4013 8737
8738 8737 4014
3909 8619 8659
8619 3912 8739
8659 8739 3957
3957 8739 8741
8739 3912 8740
8741 8740 4015
4016 8742 8744
8742 4017 8743
8744 8743 3967
3967 8743 8674
8743 4017 8745
8674 8745 3964
4019 8746 8748
8746 4020 8747
8748 8747 4018
4018 8747 8750
8747 4020 8749
8750 8749 4021
4023 8751 8753
8751 4024 8752
8753 8752 4022
4022 8752 8755
8752 4024 8754
8755 8754 4025
4026 8756 8758
8756 4027 8757
8758 8757 4014
4014 8757 8738
8757 4027 8759
8738 8759 4011
4031 8760 8762
8760 4032 8761
8762 8761 4030
4032 8760 8764
8760 4031 8763
8764 8763 4033
8763 4031 4034
4037 8765 8767
8765 4038 8766
8767 8766 4036
4036 8766 8769
8766 4038 8768
8769 8768 4039
4041 8770 4040
8771 4040 8770
4040 8771 8773
8771 4042 8772
8773 8772 4043
4045 4046 8775
8774 8775 4046
4044 8776 4047
8776 4044 8774
4004 8723 8778
8723 4003 8777
8778 8777 4048
4048 8777 8780
8777 4003 8779
8780 8779 4049
4052 4053 8782
8781 8782 4053
4051 8781 8784
8781 4053 8783
8784 8783 4054
8577 4061 3876
4067 8785 4068
8785 4064 4063
4068 8786 4067
8786 4069 4070
3983 8787 8788
8787 3983 4071
4073 8787 4072
8789 4072 8787
3974 8790 3917
3917 8790 3918
8791 3918 8790
4075 8792 8794
8792 3968 8793
8794 8793 4077
4077 8793 8796
8793 3968 8795
8796 8795 4076
3428 8797 3936
8797 4078 8642
3937 8642 4078
4079 8799 3868
8799 4079 8798
8799 4080 3869
4085 4086 8801
8800 8801 4086
4084 8802 4087
8802 4084 8800
3906 8610 9800
8610 3905 9972
8804 8803 9973
4089 9973 8806
8803 9972 8805
8806 9801 4088
4090 8808 3892
8808 4090 8807
3892 8808 8598
8808 3911 8809
8598 8809 3893
3856 8810 4091
4092 8811 8813
8811 4093 8812
8813 8812 3898
3898 8812 8602
8812 4093 8814
8602 8814 3899
4095 8815 4094
8815 4096 4097
3909 8661 8617
8661 3959 8816
8617 8816 3910
3910 8816 8817
8816 3959 8714
8817 8714 3997
4100 8818 8820
8818 4101 8819
8820 8819 3997
3997 8819 8817
8819 4101 8821
8817 8821 3910
3879 8822 3877
3877 8822 3888
8823 3888 8822
3877 8824 3879
3879 8825 3874
8825 3879 8824
8826 3874 3846
3846 8825 3845
4103 4104 8828
8827 8828 4104
4102 8827 4105
8829 4105 8827
3848 8830 8831
8830 3848 3872
4106 8830 4107
8832 4107 8830
4106 8833 8831
8833 4106 4108
3848 8833 3849
8834 3849 8833
3865 8835 3851
4084 4087 8837
8836 8837 4087
4109 8838 4052
8838 4109 8836
3938 3937 8840
8839 8840 3937
4110 8841 4111
8841 4110 8839
3987 8700 9802
8700 3990 9974
8843 8842 9975
3954 9975 8652
8842 9974 8844
8652 9803 3955
4089 8806 9804
8806 4088 9976
8846 8845 9977
4116 9977 8848
8845 9976 8847
8848 9805 4117
3819 8849 8850
8849 3819 4118
3804 8849 4119
8851 4119 8849
4120 8852 8854
8852 4121 8853
8854 8853 3472
8853 4121 3473
4073 8855 8856
8855 4073 4072
3476 8855 3477
8857 3477 8855
4123 8859 4122
8859 4123 8858
4122 8859 8861
8859 4124 8860
8861 8860 4125
4128 8862 3920
8862 4129 3921
3975 8863 8683
8863 4130 8864
8683 8864 3976
3976 8864 8866
8864 4130 8865
8866 8865 4131
3843 8867 8868
8867 3843 3983
4132 8867 4073
8788 4073 8867
3815 8869 3984
8869 3821 8870
3821 8869 3814
4135 8871 8872
8871 4135 4136
4046 8871 3988
8873 3988 8871
4017 8874 8745
8874 4017 4085
3964 8874 4084
8801 4084 8874
4047 8875 8877
8875 3987 8876
8877 8876 4137
4137 8876 8878
8876 3987 8843
8878 8843 3954
3966 8670 8880
8670 3965 8879
8880 8879 4139
4139 8879 8882
8879 3965 8881
8882 8881 4140
4142 8883 8885
8883 4048 8884
8885 8884 4141
4141 8884 8886
8884 4048 8780
8886 8780 4049
4147 4148 8888
8887 8888 4148
3809 8889 3810
8889 3809 8887
3823 8890 8549
8890 3823 3799
8890 3799 4151
3801 8891 8892
8891 3801 3813
4106 8891 4108
8893 4108 8891
4106 8894 8892
8894 4106 4107
3801 8894 3802
8895 3802 8894
3887 8703 8591
8703 3991 8896
8591 8896 3883
3883 8896 8586
8896 3991 8897
8586 8897 3884
4153 8898 8900
8898 4154 8899
8900 8899 3881
3881 8899 8581
8899 4154 8901
8581 8901 3882
3844 8902 8565
8902 3844 4155
3833 8902 4156
8903 4156 8902
4157 8904 8906
8904 3969 8905
8906 8905 4075
4075 8905 8792
8905 3969 8677
8792 8677 3968
3964 8907 8672
8907 3964 4084
3965 8907 8908
8907 4084 8837
8908 8837 4109
3938 4158 8643
8909 8643 4158
3939 8910 4159
8910 3939 8909
4136 8911 8873
8911 4160 8912
8873 8912 3988
8912 3989 8696
3989 8912 4160
4154 8913 8901
8913 4161 8914
8901 8914 3882
3882 8914 8592
8914 4161 8915
8592 8915 3886
3816 8916 8708
8916 3816 3819
3807 8916 3804
8850 3804 8916
4162 8918 4021
8918 4162 8917
8918 4163 8750
4018 8750 4163
4165 8919 8921
8919 4166 8920
8921 8920 4164
4164 8920 8923
8920 4166 8922
8923 8922 4167
4168 8924 8926
8924 4169 8925
8926 8925 4165
4165 8925 8919
8925 4169 8927
8919 8927 4166
4027 8756 8929
8756 4026 8928
8929 8928 4023
4023 8928 8751
8928 4026 8930
8751 8930 4024
4042 8770 8932
8770 4041 8931
8932 8931 4037
4037 8931 8765
8931 4041 8933
8765 8933 4038
4135 4170 8935
8934 8935 4170
4085 8936 4086
8936 4085 8934
3928 8938 4137
8938 3928 8937
8938 3528 3496
4088 8939 9806
8939 4171 9978
8847 8940 9979
4117 9979 8942
8940 9978 8941
8942 9807 4172
3970 8943 8678
8943 4173 8944
8678 8944 3971
3971 8945 4174
8945 3971 8944
4110 4111 8947
8946 8947 4111
3971 8946 8679
8946 4111 8948
8679 8948 3968
4164 8923 8950
8923 4167 8949
8950 8949 4019
4019 8949 8746
8949 4167 8951
8746 8951 4020
3826 8952 8552
8952 3826 4175
3827 8952 4176
8953 4176 8952
4178 8954 8955
8954 4178 4179
4177 8954 4180
8956 4180 8954
4182 8957 8958
8957 4182 4183
4181 8959 4184
8959 4181 8957
3805 4185 8568
8960 8568 4185
3846 8961 4186
8961 3846 8960
4188 8962 4187
8962 4190 8963
4190 8962 4189
3920 8964 4128
4128 8964 4191
8965 4191 8964
4109 8966 8967
8966 4109 4052
4193 8966 8968
8966 4052 8782
8968 8782 4051
4194 8969 8971
8969 3934 8970
8971 8970 4051
4051 8970 8968
8970 3934 8972
8968 8972 4193
4171 8973 9808
8973 3931 9980
8975 8974 9981
4195 9981 8977
8974 9980 8976
8977 9809 3935
3997 8712 9810
8712 3906 9982
8820 8978 9983
4100 9983 8979
8978 9982 8804
8979 9811 4089
3929 9984 3896
8981 9984 8980
8981 9985 8982
3892 9985 4090
4122 8984 4123
8984 4122 8983
8984 3972 8985
3972 8984 3973
3925 8986 8988
8986 4197 8987
8988 8987 4196
4196 8987 8990
8987 4197 8989
8990 8989 4198
4110 4200 8840
8991 8840 4200
3938 8992 4158
8992 3938 8991
8993 4202 4043
8773 4202 4040
4046 8994 8776
8994 4046 3988
4047 8994 8875
8994 3988 8698
8875 8698 3987
8877 4138 4047
3894 8996 3895
8996 3894 8995
8996 3563 8997
3563 8996 3564
9958 8654 9813
9959 3953 9986
9812 8998 9814
8998 9987 8980
9987 8998 9986
3965 8908 8881
8908 4109 9000
8881 9000 4140
4140 9000 9001
9000 4109 8967
9001 8967 4193
3994 4205 8709
9002 8709 4205
3800 9002 3812
9003 3812 9002
4070 9004 9005
9004 4070 4209
4147 9004 4148
9006 4148 9004
4205 9007 9008
9007 4205 3994
4067 9007 4064
9009 4064 9007
8985 3972 4210
9010 3572 4127
3895 9011 3928
9011 3895 8997
9011 3528 8937
3528 9011 3563
4212 9012 9013
9012 4212 4213
4211 9012 4214
9014 4214 9012
4215 9015 9017
9015 4213 9016
9017 9016 3577
3577 9016 3578
9018 3578 9016
4216 9019 9021
9019 4217 9020
9021 9020 4219
9020 4218 9022
4218 9020 4217
4221 9023 9024
9023 4221 4218
4220 9023 4222
9025 4222 9023
4220 9026 9027
9026 4220 4222
4224 9026 4223
9028 4223 9026
4224 9029 9030
9029 4224 4223
4226 9029 4225
9031 4225 9029
3927 4227 8702
9032 8702 4227
3991 9033 4225
9033 3991 9032
3926 4228 8628
9034 8628 4228
3927 9035 4227
9035 3927 9034
4157 9036 9038
9036 4230 9037
9038 9037 4229
4229 9039 4231
9039 4229 9037
4077 9040 8794
9040 4232 9041
8794 9041 4075
4075 9041 9043
9041 4232 9042
9043 9042 4233
3922 9045 3923
9045 3922 9044
9045 4235 9046
4235 9045 4234
3601 9047 3922
9047 3601 7950
9047 4234 9044
4234 9047 3600
3979 9048 8686
9048 3979 4236
3980 9048 4125
9049 4125 9048
4104 9050 9051
9050 4104 4103
4237 9052 4238
9052 4237 9050
4240 9054 4239
9054 4240 9053
9054 3868 9055
3868 9054 4079
4104 4061 8829
9056 8829 4061
4105 9057 4186
9057 4105 9056
4241 9058 9059
9058 4241 4242
4184 9060 4181
9060 4184 9058
4121 8852 9062
8852 4120 9061
9062 9061 3980
3980 9061 3977
9063 3977 9061
4243 9064 9065
9064 4243 4244
4180 9064 4177
9066 4177 9064
4179 9067 8956
9067 4179 4245
4180 9067 4176
9068 4176 9067
4183 4185 8959
9069 8959 4185
4184 9070 4119
9070 4184 9069
4183 9071 9072
9071 4183 4182
4105 9073 4102
9073 4105 9071
4250 9075 4239
9075 4250 9074
9075 4097 9076
4097 9075 4251
4253 9077 9078
9077 4253 4182
4252 9077 4181
8958 4181 9077
4255 9079 9080
9079 4255 4238
4254 9079 4103
9052 4103 9079
3982 4259 9082
9081 9082 4259
4258 9081 9084
9081 4259 9083
9084 9083 4151
4252 9085 9086
9085 4252 4181
4260 9085 4242
9060 4242 9085
3981 9087 9088
9087 3981 3977
4261 9087 9089
9087 3977 9063
9089 9063 4120
4254 9090 9091
9090 4254 4103
4263 9090 4102
8828 4102 9090
4263 9092 9093
9092 4263 4102
4253 9092 4182
9073 4182 9092
4209 9094 4266
9094 4070 4069
4069 9095 4266
9095 3794 4267
3835 9097 3836
9097 3835 9096
9097 4099 4133
4268 9099 3842
9099 4268 9098
3843 8868 8561
8868 4132 9100
8561 9100 3842
3842 9100 4268
9101 4268 9100
3802 9102 8536
9102 3802 4253
3803 9102 4252
9078 4252 9102
3871 9103 8576
9103 3871 4255
3872 9103 4254
9080 4254 9103
4256 9104 4257
4257 9104 3949
8650 3949 9104
3803 9105 8711
9105 3803 4252
3995 9105 4260
9086 4260 9105
4261 9106 9088
9106 4261 4072
3981 9106 4071
8789 4071 9106
3872 9107 8832
9107 3872 4254
4107 9107 4263
9091 4263 9107
4107 9108 8895
9108 4107 4263
3802 9108 4253
9093 4253 9108
4270 9109 9110
9109 4270 4207
3995 9109 3994
9111 3994 9109
3820 9112 9113
9112 3820 4151
3985 9083 4259
9083 3985 9112
4271 9114 3866
9114 4272 3863
3850 9115 3847
9115 3951 9116
3951 9115 4273
3951 9117 9116
9117 3951 3950
9117 3950 3871
3950 9118 3871
9118 4256 4255
4256 9119 4255
9119 4189 4238
9120 4248 4062
3947 9121 3873
9121 3944 3878
4274 9123 4277
9123 4274 9122
9123 4275 4276
4211 9124 9013
9124 4211 4278
9124 4278 4279
3888 9125 8595
9125 3888 4280
3889 9125 4281
9126 4281 9125
3902 9127 3903
3903 9127 4283
9128 4283 9127
4284 9129 9130
9129 4284 3904
4281 9129 3889
8609 3889 9129
3914 9131 8622
9131 3914 4285
3915 9131 4286
9132 4286 9131
3918 9133 3919
9133 4287 4288
3945 9134 3902
9134 4276 4282
3904 9135 8706
9135 3904 4284
3993 9135 4289
9136 4289 9135
4074 9137 8791
9137 4074 4290
3918 9137 4287
9138 4287 9137
3903 9139 8823
9139 3903 4283
3888 9139 4280
9140 4280 9139
4155 9141 8903
9141 4155 4291
4156 9141 4292
9142 4292 9141
4293 9143 3946
9143 4294 4295
4143 9144 4208
4208 9145 4296
9145 4208 9144
4147 9146 9005
9146 4147 4205
4070 9146 4067
9008 4067 9146
3809 9147 8888
9147 3809 3812
4147 9003 4205
9003 4147 9147
3808 9148 8541
9148 3808 3813
3809 8544 3812
8544 3809 9148
3808 8893 3813
8893 3808 9149
3863 9150 3864
3864 9150 3849
8571 3849 9150
3863 9151 3850
9151 4272 4273
3867 9152 3668
9152 3870 3669
4302 9154 4094
9154 4302 9153
9154 4303 4304
4303 9156 4304
9156 4303 9155
9156 4278 9157
4278 9156 4279
4212 9158 9159
9158 4212 4279
3673 9158 8060
9158 4279 9160
8060 9160 3674
3867 9161 3868
9161 4239 9055
4239 9161 4250
4302 9163 3675
9163 4302 9162
9163 3676 8064
3676 9163 4251
4305 9164 4262
9164 3870 3869
3858 9165 3859
9165 4305 4262
4269 9166 3684
9166 4269 9098
9166 3685 8068
3685 9166 4268
4268 9167 3685
9167 4268 9101
3685 9167 3686
9168 3686 9167
4132 9169 9168
9169 4132 4073
3686 9169 3476
8856 3476 9169
4313 9170 9172
9170 4101 9171
9172 9171 4312
4312 9171 9173
9171 4101 8818
9173 8818 4100
4312 9174 9172
9174 4314 9175
9172 9175 4313
9175 4314 4315
3881 9176 8900
9176 4316 9177
8900 9177 4153
4153 9177 9179
9177 4316 9178
9179 9178 4317
3880 9180 8583
9180 4318 9181
8583 9181 3881
3881 9181 9176
9181 4318 9182
9176 9182 4316
4313 4315 9184
9183 9184 4315
3890 9183 4319
9185 4319 9183
3943 9186 9187
9186 3943 3942
4321 9188 4320
9188 4321 9186
4318 9180 9190
9180 3880 9189
9190 9189 4217
4217 9189 9191
9189 3880 8589
9191 8589 3885
4217 9019 9190
9019 4216 9192
9190 9192 4318
4318 9192 9194
9192 4216 9193
9194 9193 4322
4323 9195 9197
9195 4316 9196
9197 9196 4322
4322 9196 9194
9196 4316 9182
9194 9182 4318
4319 9198 9199
9198 4319 4327
4320 9198 4321
9200 4321 9198
4215 9201 9202
9201 4215 4330
4329 9201 9204
9201 4330 9203
9204 9203 4331
4332 9206 4219
9206 4332 9205
4219 9206 9208
9206 4275 9207
9208 9207 4333
3941 9209 8646
9209 3941 3894
3942 9988 3897
8601 9988 9209
3941 9211 3894
9211 3941 9210
9211 3564 8995
3564 9211 3709
4327 9212 9200
9212 4327 4335
4321 9212 4336
9213 4336 9212
4338 9214 9216
9214 4339 9215
9216 9215 4337
4337 9215 9218
9215 4339 9217
9218 9217 4340
4216 9219 9193
9219 4341 9220
9193 9220 4322
4322 9220 9222
9220 4341 9221
9222 9221 4342
4337 9218 9224
9218 4340 9223
9224 9223 4343
4343 9223 9226
9223 4340 9225
9226 9225 4344
4333 9227 9229
9227 4345 9228
9229 9228 4341
4341 9228 9231
9228 4345 9230
9231 9230 4344
4322 9222 9197
9222 4342 9232
9197 9232 4323
4323 9232 9234
9232 4342 9233
9234 9233 4346
3896 9235 3897
9235 3896 8982
9235 3891 9236
3891 9235 3892
3942 3897 9188
9237 9188 3897
4320 9236 3891
9236 4320 9237
4338 9238 9240
9238 4093 9239
9240 9239 4348
4348 9239 9242
9239 4093 9241
9242 9241 4347
4093 8811 9241
8811 4092 9243
9241 9243 4347
4347 9243 9245
9243 4092 9244
9245 9244 4349
4092 9246 9244
9246 3727 9247
9244 9247 4349
4349 9247 9248
9247 3727 8146
9248 8146 3726
4337 9249 9216
9249 3899 9250
9216 9250 4338
4338 9250 9238
9250 3899 8814
9238 8814 4093
3899 9249 8605
9249 4337 9251
8605 9251 3900
3900 9251 9252
9251 4337 9224
9252 9224 4343
3900 9252 9254
9252 4343 9253
9254 9253 4331
4331 9253 9256
9253 4343 9255
9256 9255 4350
4351 9257 4329
9257 4352 4214
4294 9258 4211
9258 4293 4278
4293 9259 4278
9259 4304 9157
4304 9259 4353
4095 9260 4246
9260 4353 3948
4094 9261 4095
9261 4304 4353
3962 9262 8668
9262 3998 9263
8668 9263 3963
3963 9263 9264
9263 3998 8720
9264 8720 4001
4000 9265 9267
9265 4060 9266
9267 9266 4142
9266 4059 9268
4059 9266 4060
4006 9270 4007
9270 4006 9269
9270 4004 9271
4004 9270 4005
4002 9272 8725
9272 4016 9273
8725 9273 4003
4003 9273 9274
9273 4016 8744
9274 8744 3967
4013 9275 8737
9275 4010 9276
8737 9276 4014
4014 9276 9278
9276 4010 9277
9278 9277 3961
4012 9279 9281
9279 4028 9280
9281 9280 3999
9280 4354 9282
4354 9280 4028
4020 9283 8749
9283 3990 9284
8749 9284 4021
4021 9284 9285
9284 3990 8699
9285 8699 3989
4018 9286 8748
9286 4043 9287
8748 9287 4019
4019 9287 9288
9287 4043 8772
9288 8772 4042
4024 9289 8754
9289 3958 9290
8754 9290 4025
4025 9290 9291
9290 3958 8657
9291 8657 3957
4022 9292 8753
9292 4034 9293
8753 9293 4023
9293 4031 9294
4031 9293 4034
3960 9295 8665
9295 4026 9296
8665 9296 3961
3961 9296 9278
9296 4026 8758
9278 8758 4014
4027 9297 8759
9297 4030 9298
8759 9298 4011
4011 9298 9300
9298 4030 9299
9300 9299 4029
4003 9274 8779
9274 3967 9301
8779 9301 4049
4049 9301 9302
9301 3967 8673
9302 8673 3966
4004 8778 9271
8778 4048 9303
9271 9303 4007
4007 9303 9305
9303 4048 9304
9305 9304 4050
4141 8886 9307
8886 4049 9306
9307 9306 4139
4139 9306 8880
9306 4049 9302
8880 9302 3966
4048 8883 9304
8883 4142 9308
9304 9308 4050
4050 9308 9309
9308 4142 9268
9309 9268 4059
4163 9310 4018
9311 4018 9310
9311 4201 9286
4043 9286 4201
4162 9312 4002
9313 4002 9312
9313 4016 9272
4016 9313 4160
4166 9314 8922
9314 3956 9315
8922 9315 4167
4167 9315 9316
9315 3956 8655
9316 8655 3955
4164 9317 8921
9317 4037 9318
8921 9318 4165
4165 9318 9319
9318 4037 8767
9319 8767 4036
4169 9320 8927
9320 4015 9321
8927 9321 4166
4166 9321 9314
9321 4015 9322
9314 9322 3956
4168 9323 9325
9323 4035 9324
9325 9324 4022
4022 9324 9292
9324 4035 9326
9292 9326 4034
3958 9289 8717
9289 4024 9327
8717 9327 3960
3960 9327 9295
9327 4024 8930
9295 8930 4026
4023 9294 8929
9294 4031 9328
8929 9328 4027
4027 9328 9297
9328 4031 8762
9297 8762 4030
4167 9316 8951
9316 3955 9329
8951 9329 4020
4020 9329 9283
9329 3955 8844
9283 8844 3990
4019 9288 8950
9288 4042 9330
8950 9330 4164
4164 9330 9317
9330 4042 8932
9317 8932 4037
4200 4110 9332
9331 9332 4110
4174 8947 3971
8947 4174 9331
4083 9333 4356
3886 8915 8694
8915 4161 9334
8694 9334 3986
3986 9334 9336
9334 4161 9335
9336 9335 4357
4154 8898 9338
8898 4153 9337
9338 9337 4358
4358 9337 9340
9337 4153 9339
9340 9339 4359
4158 4360 8910
9341 8910 4360
4159 9342 4361
9342 4159 9341
4161 8913 9815
8913 4154 9989
9344 9343 9990
4116 9990 9345
9343 9989 9338
9345 9816 4358
4362 9346 9348
9346 4197 9347
9348 9347 4357
4357 9347 9336
9347 4197 9349
9336 9349 3986
4173 9350 8945
9350 4363 9351
8945 9351 4174
4174 9351 9353
9351 4363 9352
9353 9352 4054
4200 4053 8992
9354 8992 4053
4158 9355 4360
9355 4158 9354
4153 9179 9339
9179 4317 9356
9339 9356 4359
4359 9356 9358
9356 4317 9357
9358 9357 4325
4365 9359 9361
9359 4317 9360
9361 9360 4323
4323 9360 9195
9360 4317 9178
9195 9178 4316
4366 9362 9364
9362 4365 9363
9364 9363 4346
4346 9363 9234
9363 4365 9361
9234 9361 4323
4338 9240 9214
9240 4348 9365
9214 9365 4339
4339 9365 9367
9365 4348 9366
9367 9366 4367
4347 9368 9242
9368 4347 4368
4348 9368 9370
9368 4368 9369
9370 9369 4336
4349 9371 9245
9371 4369 9372
9245 9372 4347
4347 9372 4368
9373 4368 9372
4349 9248 9371
9248 3726 9374
9371 9374 4369
9374 3748 9375
3748 9374 3726
3937 4370 8841
9376 8841 4370
9376 4370 4191
4137 8878 9991
9377 3928 9991
3928 9377 8630
9377 3954 8999
8630 8999 3929
4213 9015 9014
9015 4215 9378
9014 9378 4214
4214 9378 4329
9202 4329 9378
4277 9379 4352
9379 4295 4294
4280 9380 9126
9380 4280 4220
4281 9380 4224
9027 4224 9380
4282 9381 9128
9381 4282 4332
4283 9381 4221
9382 4221 9381
4226 9383 9030
9383 4226 4284
4224 9383 4281
9130 4281 9383
4285 9384 9132
9384 4285 4374
4286 9384 9386
9384 4374 9385
9386 9385 4375
4287 9388 4288
9388 4287 9387
9388 4377 9389
4377 9388 4376
4282 9390 4332
9390 4275 9205
4275 9390 4276
4284 9391 9136
9391 4284 4226
4289 9391 4378
9392 4378 9391
4290 9393 9138
9393 4379 9394
9138 9394 4287
4287 9394 9387
9394 4379 9395
9387 9395 4376
4283 9396 9140
9396 4283 4221
4280 9396 4220
9024 4220 9396
4291 9397 9142
9397 4291 4380
4292 9397 4381
9398 4381 9397
4352 9399 4214
9399 4294 4211
4061 9400 4062
4062 9400 9120
9400 4104 9051
9120 9051 4237
4096 9402 4097
9402 4096 9401
9402 4239 9076
4239 9402 4240
4118 9403 8851
9403 4118 4241
4119 9059 4184
9059 4119 9403
4124 9404 8860
9404 4121 9405
8860 9405 4125
4125 9405 3980
9062 3980 9405
4175 9406 8953
9406 4175 4243
4176 9406 4180
9065 4180 9406
4185 4183 8961
9407 8961 4183
4186 9072 4105
9072 4186 9407
4236 9408 9049
9408 4130 9409
9049 9409 4125
9409 4122 8861
4122 9409 4130
9057 3875 4186
4186 8826 3846
4245 9410 9068
9410 4245 3818
4176 9410 3827
9411 3827 9410
4185 3805 9070
9412 9070 3805
4119 9412 3804
8538 3804 9412
4249 9413 4096
9413 4240 9401
4240 9413 4187
4251 9414 4097
9414 4251 9162
9414 4302 4094
4330 9415 9417
9415 3766 9416
9417 9416 3901
3901 9416 9418
9416 3766 8301
9418 8301 3765
4219 9419 4332
9419 4219 9022
9419 4221 9382
4221 9419 4218
4222 9420 3885
9420 4222 9025
9420 4217 9191
4217 9420 4218
3884 9421 8588
9421 3884 4223
3885 9421 4222
9028 4222 9421
3991 4225 8897
9422 8897 4225
3884 9422 4223
9031 4223 9422
4227 9423 9033
9423 4227 4378
4225 9423 4226
9392 4226 9423
4228 9424 9035
9424 4228 4380
4227 9424 4378
9425 4378 9424
4230 9426 9039
9426 4374 9427
9039 9427 4231
4231 9427 4381
9428 4381 9427
4232 9429 9042
9429 4379 9430
9042 9430 4233
4233 9430 9432
9430 4379 9431
9432 9431 4375
4234 9434 4235
9434 4234 9433
9434 4376 9435
4376 9434 4377
3600 9436 4234
9436 3600 8317
9436 4377 9433
4377 9436 3767
4331 9203 9254
9203 4330 9437
9254 9437 3900
3900 9437 8606
9437 4330 9417
8606 9417 3901
4219 9208 9021
9208 4333 9438
9021 9438 4216
4216 9438 9219
9438 4333 9229
9219 9229 4341
4350 9439 9440
9439 4350 4345
4351 9439 4274
9441 4274 9439
4331 9256 9204
9256 4350 9442
9204 9442 4329
4329 9442 4351
9440 4351 9442
3770 9443 4250
9443 4251 9074
4251 9443 3676
3826 9444 9445
9444 3826 3825
4131 9444 8866
9444 3825 9446
8866 9446 3976
3825 9447 9446
9447 3825 3834
3976 9447 3913
8621 3913 9447
3914 9448 9449
9448 3914 3834
4156 9448 3833
8556 3833 9448
3934 8636 8972
8636 3933 9450
8972 9450 4193
4193 9450 9001
9450 3933 9451
9001 9451 4140
3933 8666 9451
8666 3963 9452
9451 9452 4140
4140 9452 8882
9452 3963 9453
8882 9453 4139
3970 8675 9455
8675 3969 9454
9455 9454 4198
4198 9454 8990
9454 3969 9456
8990 9456 4196
4001 8722 9458
8722 4000 9457
9458 9457 4141
4141 9457 8885
9457 4000 9267
8885 9267 4142
3969 8904 9456
8904 4157 9459
9456 9459 4196
4196 9459 9460
9459 4157 9038
9460 9038 4229
4173 8943 9462
8943 3970 9461
9462 9461 4382
4382 9461 9463
9461 3970 9455
9463 9455 4198
4175 9464 9465
9464 4175 3826
4383 9464 4131
9445 4131 9464
3934 8969 8639
8969 4194 9466
8639 9466 3935
3935 9466 8977
9466 4194 9467
8977 9467 4195
4230 9036 9469
9036 4157 9468
9469 9468 4233
4233 9468 9043
9468 4157 8906
9043 8906 4075
4244 9470 9471
9470 4244 4243
4384 9470 4385
9472 4385 9470
4285 9473 9474
9473 4285 3914
4292 9473 4156
9449 4156 9473
3963 9264 9453
9264 4001 9475
9453 9475 4139
4139 9475 9307
9475 4001 9458
9307 9458 4141
4060 9476 4354
9476 4060 9265
4354 9476 9282
9476 4000 8721
9282 8721 3999
4194 9477 9467
9477 4363 9478
9467 9478 4195
4195 9478 9480
9478 4363 9479
9480 9479 4386
4374 9481 9428
9481 4374 4285
4381 9481 4292
9474 4292 9481
4243 9482 9472
9482 4243 4175
4385 9482 4383
9465 4383 9482
4374 9426 9385
9426 4230 9483
9385 9483 4375
4375 9483 9432
9483 4230 9469
9432 9469 4233
3818 9484 9411
9484 3818 3817
3827 9484 3824
8564 3824 9484
3844 9485 9486
9485 3844 3817
3992 9485 3816
8547 3816 9485
3926 3925 9488
9487 9488 3925
4229 9487 9460
9487 3925 8988
9460 8988 4196
3931 8634 9817
8634 3930 9992
8976 9489 9993
3935 9993 8640
9489 9992 8732
8640 9818 3932
4010 8730 9277
8730 3930 9490
9277 9490 3961
3961 9490 8663
9490 3930 8632
8663 8632 3908
4013 8734 9492
8734 4012 9491
9492 9491 3998
3998 9491 8718
9491 4012 9281
8718 9281 3999
4155 9493 9494
9493 4155 3844
3993 9493 3992
9486 3992 9493
4362 9495 9497
9495 4172 9496
9497 9496 4382
4382 9496 9499
9496 4172 9498
9499 9498 4386
4179 9500 9501
9500 4179 4178
4241 9500 4242
9502 4242 9500
3905 8635 9819
8635 3931 9994
8805 9503 9995
4088 9995 8939
9503 9994 8973
8939 9820 4171
4197 8986 9349
8986 3925 9504
9349 9504 3986
3986 9504 8692
9504 3925 8627
8692 8627 3924
4228 3926 9506
9505 9506 3926
4231 9488 4229
9488 4231 9505
4245 9507 9508
9507 4245 4179
4118 9507 4241
9501 4241 9507
4291 9509 9510
9509 4291 4155
4289 9509 3993
9494 3993 9509
4010 9275 8733
9275 4013 9511
8733 9511 3962
3962 9511 9262
9511 4013 9492
9262 9492 3998
4028 9279 9513
9279 4012 9512
9513 9512 4029
4029 9512 9300
9512 4012 8736
9300 8736 4011
4197 9346 8989
9346 4362 9514
8989 9514 4198
4198 9514 9463
9514 4362 9497
9463 9497 4382
4380 9515 9425
9515 4380 4291
4378 9515 4289
9510 4289 9515
3818 9516 8548
9516 3818 4245
3819 9516 4118
9508 4118 9516
4380 9517 9398
9517 4380 4228
4381 9506 4231
9506 4381 9517
3797 9518 4387
9518 3796 4270
3798 9519 9521
9519 4244 9520
9521 9520 4258
4258 9520 9522
9520 4244 9471
9522 9471 4384
3797 9523 8533
9523 3797 4177
3798 9523 9519
9523 4177 9066
9519 9066 4244
4177 9524 8955
9524 4177 3797
9524 3797 4387
4178 9525 9502
9525 4178 4387
4242 9525 4260
9526 4260 9525
4053 4200 8783
9527 8783 4200
4054 9527 9353
9527 4200 9332
9353 9332 4174
4116 8848 9821
8848 4117 9996
9344 9528 9997
4161 9997 9335
9528 9996 9529
9335 9822 4357
4357 9529 9348
9529 4117 9530
9348 9530 4362
4362 9530 9495
9530 4117 8942
9495 8942 4172
4326 9531 9532
9531 4326 4325
4365 9531 9359
9531 4325 9357
9359 9357 4317
4334 9533 4366
4366 9533 9362
9533 4326 9532
9362 9532 4365
4335 9534 9213
9534 4367 9535
9213 9535 4336
4336 9535 9370
9535 4367 9366
9370 9366 4348
9333 4045 4356
4356 8775 4044
4358 9340 9823
9340 4359 9998
9537 9536 9999
4100 9999 9173
9536 9998 9538
9173 9824 4312
4360 4087 9342
9539 9342 4087
4361 8802 4086
8802 4361 9539
4116 9345 9825
9345 4358 10000
8846 9540 10001
4089 10001 8979
9540 10000 9537
8979 9826 4100
4363 9477 9352
9477 4194 9541
9352 9541 4054
4054 9541 8784
9541 4194 8971
8784 8971 4051
4355 9542 4045
4053 4052 9355
9543 9355 4052
4360 8838 4087
8838 4360 9543
4359 9358 9538
9358 4325 9544
9538 9544 4312
9544 4314 9174
4314 9544 4325
4368 9545 9369
9545 4368 3943
4336 9545 4321
9187 4321 9545
4369 9546 9373
9546 4369 3940
4368 9546 3943
8645 3943 9546
3748 9547 9375
9547 3748 3777
4369 9547 3940
9548 3940 9547
4363 9350 9479
9350 4173 9549
9479 9549 4386
4386 9549 9499
9549 4173 9462
9499 9462 4382
4172 8941 9498
8941 4171 9550
9498 9550 4386
4386 9550 9480
9550 4171 8975
9480 8975 4195
3890 9551 9184
9551 3890 3893
4313 9551 9170
9551 3893 9552
9170 9552 4101
3911 8807 8618
8807 4090 9553
8618 9553 3912
9553 10002 9554
3953 10002 4090
3946 9555 4293
9555 3948 4353
4015 8740 9322
8740 3912 9556
9322 9556 3956
3956 9556 8656
9556 3912 9554
8656 9554 3953
4039 9557 8769
9557 4035 9558
8769 9558 4036
3936 8438 3428
3911 8615 8809
8615 3910 9559
8809 9559 3893
3893 9559 9552
9559 3910 8821
9552 8821 4101
4136 9560 9561
9560 4136 4135
4017 9560 4085
8935 4085 9560
4160 9562 4016
9562 4160 8911
4016 9562 8742
9562 4136 9561
8742 9561 4017
4163 8917 4005
9563 4005 8917
9563 4162 8726
4002 8726 4162
4169 8924 9565
8924 4168 9564
9565 9564 4025
4025 9564 8755
9564 4168 9325
8755 9325 4022
4170 4135 9542
9566 9542 4135
4045 8872 4046
8872 4045 9566
4187 9567 4240
9567 4187 8963
9567 4079 9053
4079 9567 4190
8993 4201 4009
8729 4201 4006
4246 9568 4095
9568 4249 4096
4190 9569 4079
9569 4257 8798
4080 8798 4257
4274 9570 4351
9570 4277 4352
3946 9571 3944
9571 4295 3945
3890 9572 8597
9572 3890 4319
3891 9572 4320
9199 4320 9572
4327 9573 4328
4328 9185 4315
9185 4328 9573
4335 9574 9575
9574 4335 4327
9574 4327 4328
4339 9576 9217
9576 4346 9577
9217 9577 4340
4340 9577 9578
9577 4346 9233
9578 9233 4342
4340 9578 9225
9578 4342 9579
9225 9579 4344
4344 9579 9231
9579 4342 9221
9231 9221 4341
4345 9580 9230
9580 4345 4350
4344 9580 9226
9580 4350 9255
9226 9255 4343
4201 9310 4006
9581 4006 9310
9581 4163 9269
4005 9269 4163
4160 10003 3989
9582 10003 9312
9582 10004 9285
4021 10004 4162
4015 9320 8741
9320 4169 9583
8741 9583 3957
3957 9583 9291
9583 4169 9565
9291 9565 4025
4035 9323 9558
9323 4168 9584
9558 9584 4036
4036 9584 9319
9584 4168 8926
9319 8926 4165
4339 9367 9576
9367 4367 9585
9576 9585 4346
4346 9585 9364
9585 4367 9586
9364 9586 4366
4295 9587 3945
9587 4277 4276
4187 9588 4188
9588 4249 4248
4345 9227 9441
9227 4333 9589
9441 9589 4274
4274 9589 9122
9589 4333 9207
9122 9207 4275
4367 9534 9586
9534 4335 9590
9586 9590 4366
4366 9590 4334
9575 4334 9590
8936 4364 4086
3837 9591 3838
9591 3792 3815
3975 9592 3973
9592 3974 3917
3979 9593 9594
9593 3979 3978
4385 9593 4384
9595 4384 9593
3978 9596 9595
9596 3978 3982
4384 9596 9522
9596 3982 9082
9522 9082 4258
3984 9597 3985
9597 3984 8870
9597 3821 9113
3820 9113 3821
4074 9598 9599
9598 4074 3974
3915 9598 3913
8682 3913 9598
4077 9600 3923
9600 4077 8796
9600 3920 8625
3920 9600 4076
4130 9601 4122
9601 4130 8863
9601 3973 8983
3973 9601 3975
3838 9602 8560
9602 3838 3815
9602 3984 8689
3984 9602 3815
4111 9603 8948
9603 4111 4191
3968 9603 8795
9603 4191 8965
8795 8965 4076
4232 9604 4235
9604 4232 9040
9604 3923 9046
3923 9604 4077
4236 9605 9606
9605 4236 3979
4383 9605 4385
9594 4385 9605
4259 9607 9608
9607 4259 3982
4071 9607 3981
8688 3981 9607
3985 9609 8691
9609 3985 4259
3983 9609 4071
9608 4071 9609
4290 9610 9611
9610 4290 4074
4286 9610 3915
9599 3915 9610
4379 9393 9431
9393 4290 9612
9431 9612 4375
4375 9612 9386
9612 4290 9611
9386 9611 4286
4130 9408 8865
9408 4236 9613
8865 9613 4131
4131 9613 4383
9606 4383 9613
4379 9429 9395
9429 4232 9614
9395 9614 4376
9614 4235 9435
4235 9614 4232
3777 9615 9548
9615 3777 3709
3940 9615 3941
9210 3941 9615
3727 9246 8494
9246 4092 9616
8494 9616 3778
3778 9616 9617
9616 4092 8813
9617 8813 3898
3822 9618 3841
9618 3821 3814
3799 9619 3796
9619 3823 4206
4207 9009 9111
9009 4207 4064
9620 4264 4266
4264 9621 4266
9621 4265 4209
4207 9622 4206
9622 4270 3796
4296 9623 9624
9623 4296 4148
4265 9006 4209
9006 4265 9623
4297 3810 9145
9625 9145 3810
4296 8889 4148
8889 4296 9625
4297 8542 3810
4387 9626 9526
9626 4387 4270
4260 9626 3995
9110 3995 9626
3799 9627 4151
4151 9627 9084
9627 3798 9521
9084 9521 4258
3675 9628 4302
9628 3675 8505
9628 4303 9153
4303 9628 3781
3781 9629 4303
9629 3781 8507
4303 9629 9155
9629 3674 9160
9155 9160 4279
3782 9630 9631
9630 3782 3572
3919 9630 3916
9010 3916 9630
3780 9632 4210
4210 9633 4123
9633 4210 9632
4250 9634 3770
9634 3867 3668
3784 9635 4305
9635 3784 8511
9635 3669 3870
3684 9636 4269
9636 3684 8513
3577 8515 9017
8515 3766 9637
9017 9637 4215
4215 9637 4330
9415 4330 9637
9638 3784 4305
3786 9639 4288
4288 9639 3919
9631 3919 9639
3673 9640 9159
9640 3673 3578
4212 9640 4213
9018 4213 9640
3767 9641 4377
9641 4288 9389
4288 9641 3786
3473 9642 8521
9642 3473 4121
3787 9642 4124
9404 4124 9642
3787 9643 8523
9643 3787 4124
3783 9643 9633
9643 4124 8858
9633 8858 4123
3788 9644 3921
9644 3601 3922
3778 9617 8526
9617 3898 9645
8526 9645 3765
3765 9645 9418
9645 3898 8604
9418 8604 3901
3472 8529 8854
8529 3789 9646
8854 9646 4120
4120 9646 9089
9646 3789 9647
9089 9647 4261
3789 9648 9647
9648 3789 3477
4261 9648 4072
8857 4072 9648
9649 4396 4397
9650 4415 4413
4419 9651 4420
9652 4397 4429
9652 4429 4437
4420 9653 4450
4666 9654 4667
5062 9655 5063
9656 5116 5117
9657 4667 5170
9658 5515 5516
9659 5647 5648
6199 9660 6201
9661 6231 9662
6199 9662 6231
9663 6413 6414
9664 6413 9665
6436 9665 6413
6436 9667 6462
9667 6436 9666
9668 6462 6467
5063 9669 6252
9670 6231 9671
5116 9671 6231
5515 9673 5647
9673 5515 9672
9674 6954 6955
6956 9675 6954
9676 6986 9677
6987 9677 6986
9678 6987 6964
9679 6986 7018
7050 9681 7051
9681 7050 9680
9682 7059 9683
7050 9683 7059
9684 7059 7053
9685 7029 7051
9686 7395 7392
9687 7397 9688
7397 9687 7395
9689 7396 7398
9690 4419 7400
9691 7402 9692
7402 9691 7398
9693 7399 7403
9694 7404 9695
7404 9694 4396
9696 7405 9697
7405 9696 10024
7400 10077 10078
9698 10079 10006
9700 10007 10080
7403 10081 9703
9701 10082 9702
9703 10008 7408
10083 9704 10010
10084 7402 10085
10009 9705 10086
9707 4395 7410
10087 9708 10012
10088 7410 10089
10011 9709 10090
9711 7411 7414
9712 7412 7415
9713 4400 7416
9712 7415 9714
7417 9714 7415
9715 4454 7418
4415 9716 7419
9717 7419 9716
9718 7418 9719
7420 9719 7418
7417 10091 9722
9720 10092 9721
9722 10013 7421
7416 9723 7423
9724 7423 9723
9725 7424 4406
10093 9726 10015
10094 7419 10095
10014 9727 10096
7414 10097 10098
9729 10099 10016
9731 10017 10100
7423 10063 7427
9733 7427 9732
7424 10101 10102
9734 10103 10019
9736 10020 10104
7427 10105 10072
9737 10105 10075
9739 7525 7526
7525 9740 7528
9741 7546 7547
7546 9742 7549
9743 7551 7552
7551 9744 7554
9745 7566 7567
9746 7574 7527
7574 9747 7576
9748 7577 7578
7577 9749 7580
9750 7621 7622
7621 9751 7624
9752 7625 7623
7625 9753 7572
9754 7638 7578
7638 9755 7640
9756 7706 7526
7706 9757 7708
9758 7750 7566
7750 9759 7751
9760 7753 7754
7753 9761 7755
9762 7850 7851
7850 9763 7752
9764 7880 7881
7880 9765 7883
9766 7884 7622
7884 9767 7705
9768 7567 7905
9769 8170 8171
8170 9770 7641
9771 8367 7552
8367 9772 7879
9773 8368 7573
8368 9774 8169
9775 8381 7548
8381 9776 7882
9777 8408 8406
8408 9778 7851
9779 8427 8357
8427 9780 8373
9781 8611 8612
8611 9782 8614
9783 8633 8612
8633 9784 8635
9785 8637 8638
8637 9786 8640
9787 8653 8654
9788 8662 8663
8662 9789 8665
9790 8667 8668
8667 9791 8669
9792 8697 8698
8697 9793 8700
9794 8713 8613
8713 9795 8715
9796 8716 8664
8716 9797 8717
9798 8731 8732
8731 9799 8669
9800 8803 8804
8803 9801 8806
9802 8842 8843
8842 9803 8652
9804 8845 8846
8845 9805 8848
9806 8940 8847
8940 9807 8942
9808 8974 8975
8974 9809 8977
9810 8978 8820
8978 9811 8979
8654 9812 9813
9812 8654 8998
9814 8998 8980
9815 9343 9344
9343 9816 9345
9817 9489 8976
9489 9818 8640
9819 9503 8805
9503 9820 8939
9821 9528 9344
9528 9822 9335
9823 9536 9537
9536 9824 9173
9825 9540 8846
9540 9826 8979
24 9827 23
9828 74 4415
81 9829 82
9830 4429 24
103 9830 93
9829 4420 4450
9651 71 4445
9653 4445 112
474 9832 476
9832 474 9831
9831 474 4666
1316 9833 1318
1408 9656 5117
5115 9671 5116
5117 9834 1317
1408 9657 5170
5169 9832 4667
5170 9654 475
879 9658 5516
5514 9672 5515
5516 9835 1839
472 9659 5648
5646 9836 5647
5648 9673 1838
9662 6199 6201
9837 2206 6200
9660 6200 2172
9838 6231 9670
6231 9838 6199
9838 2206 9837
2206 9838 1409
9839 6238 1317
9839 2205 6221
2375 9663 6414
6385 9840 6413
6414 9664 2410
9841 6413 9840
6413 9841 6436
9841 2396 9666
2396 9841 2341
9842 2422 6433
9842 6426 2419
2410 9668 2440
9668 2410 9843
6462 9843 6436
9665 6436 9843
2416 9667 2396
9833 5063 6252
9655 1317 6238
9669 6238 2212
9844 6231 9661
6231 9844 5116
9844 1317 9834
1317 9844 2205
1839 9845 1940
9836 1940 9845
5647 9845 5515
9835 5515 9845
2537 9674 6955
6944 9846 6954
6955 9675 2543
2142 9846 2145
9847 6978 6979
9847 2151 2149
9848 2148 6987
9849 6987 2148
2544 9678 6964
6999 9677 6987
6964 9849 1089
9850 2548 6978
9850 7001 2552
1911 9851 2554
7015 9851 7011
2538 9679 7018
6947 9848 6986
7018 9676 2549
2556 9853 2553
9853 2556 9852
7051 9683 7050
9683 7051 9852
9854 7050 7059
9680 2589 2582
2584 9684 7053
7062 9854 7059
7053 9682 2556
9681 7067 7051
9685 2562 7029
9853 7029 2553
9855 7071 7078
9855 2594 2576
2754 9856 2800
7210 9856 7196
9857 2810 7217
9857 7200 2780
9858 58 7395
35 4401 9859
9688 9859 4401
4401 34 9687
9858 9687 34
7397 7395 9860
9686 9860 7395
9861 4425 7398
9689 38 7396
9862 7396 16
9863 4411 7400
9690 71 4419
9864 4419 81
22 4403 9865
9692 9865 4403
4403 45 9691
9861 9691 45
7402 7398 9866
9862 9866 7398
9867 7401 7403
9693 109 7399
9868 7399 49
49 4460 9869
9695 9869 4460
4460 23 9694
9827 9694 23
7404 4396 9870
9649 9870 4396
81 4426 10106
9697 9871 4426
4426 35 10005
9859 9696 35
7405 7397 10107
9860 9872 7397
9873 10108 10027
9700 10026 10078
7407 10109 10080
9698 10077 10029
9871 10028 10106
7405 10079 10023
9874 10110 10031
9872 10030 10107
67 10111 10025
67 9867 10112
9867 7403 10032
9875 9703 10113
7403 9868 10081
9868 49 10033
9701 9869 10082
7408 9702 10114
9702 7404 10034
9876 9870 10115
67 10112 10116
9875 10113 10035
9877 10036 10117
7408 10114 10083
9876 10115 10037
9704 10038 10084
7409 10086 10118
9705 10085 10039
9878 10040 10119
9879 7406 7410
9707 20 4395
9880 4395 19
67 10116 10111
9877 10117 10041
9874 10042 10110
7409 10118 10087
9878 10119 10043
9708 10044 10088
7407 10090 10109
9709 10089 10045
9873 10046 10108
9881 4398 7414
9711 25 7411
9882 7411 100
9883 7415 114
9884 7413 7416
9713 29 4400
9885 4400 28
9883 85 7417
9886 7417 85
9718 4433 7418
9715 96 4454
9887 4454 123
9828 4415 9888
7419 9888 4415
9650 47 9716
4404 9716 47
9717 4404 9889
46 9889 4404
9887 123 7420
9890 7420 123
100 9714 10120
9714 7417 10047
9891 9722 10121
7417 9886 10091
9886 84 10048
9720 9719 10092
7421 9721 10122
9721 7420 10049
9892 9890 10123
9884 7416 9893
7423 9893 7416
9885 28 9723
4438 9723 28
9724 4438 9894
77 9894 4438
9895 52 7424
100 10120 10124
9891 10121 10050
9896 10051 10125
7421 10122 10093
9892 10123 10052
9726 10053 10094
7425 10096 10126
9727 10095 10054
9897 10055 10127
9898 10128 10057
9731 10056 10098
7426 10129 10100
9729 10097 10059
9896 10058 10124
7425 10099 10125
9899 10130 10061
9897 10060 10126
46 10131 10127
9893 7423 9900
7427 10071 7423
9894 77 9732
4417 10018 77
9733 4417 9901
64 10073 4417
9902 10074 10066
9736 10065 10102
7428 10132 10104
9734 10101 10068
9898 10067 10128
7426 10103 10129
9903 10076 10070
9899 10069 10130
46 10133 10131
10062 9900 10134
10021 7429 10134
10064 9901 10135
10132 7428 10135
10022 9737 10136
10133 46 10136
9904 1605 5280
9904 6309 819
3258 9739 7526
7524 9905 7525
7526 9906 3261
9906 7525 7528
9905 3259 7527
9740 7527 3260
3259 9741 7547
7524 9907 7546
7547 9908 3284
9908 7546 7549
9907 3258 7548
9742 7548 3283
3286 9743 7552
7550 9909 7551
7552 9910 3285
9910 7551 7554
9909 3287 7553
9744 7553 3288
9911 7564 7567
9745 3307 7566
9912 7566 3308
3259 9746 7527
7573 9913 7574
7527 9914 3260
9914 7574 7576
9913 3312 7575
9747 7575 3313
3285 9748 7578
7554 9915 7577
7578 9916 3314
9916 7577 7580
9915 3288 7579
9749 7579 3315
7586 9917 7587
3323 9917 3322
3261 9750 7622
7528 9918 7621
7622 9919 3350
9919 7621 7624
9918 3260 7623
9751 7623 3310
3260 9752 7623
7576 9920 7625
7623 9921 3310
9921 7625 7572
9920 3313 7626
9753 7626 3311
3314 9754 7578
7637 9922 7638
7578 9923 3285
9923 7638 7640
9922 3361 7639
9755 7639 3284
3261 9756 7526
7705 9924 7706
7526 9925 3258
9925 7706 7708
9924 3440 7707
9757 7707 3441
3307 9758 7566
7749 9926 7750
7566 9927 3308
9927 7750 7751
9926 3340 7607
9759 7607 3339
3469 9760 7754
7752 9928 7753
7754 9929 3468
9929 7753 7755
9928 3441 7707
9761 7707 3440
3529 9762 7851
7849 9930 7850
7851 9931 3469
9931 7850 7752
9930 3530 7852
9763 7852 3441
3286 9764 7881
7879 9932 7880
7881 9933 3553
9933 7880 7883
9932 3283 7882
9765 7882 3530
3350 9766 7622
7727 9934 7884
7622 9935 3261
9935 7884 7705
9934 3455 7885
9767 7885 3440
3281 9768 7905
7904 9911 7567
7905 9912 3308
9936 8110 3295
9936 3248 7514
3312 9769 8171
8169 9937 8170
8171 9938 3363
9938 8170 7641
9937 3361 8172
9770 8172 3364
3285 9771 7552
7640 9939 8367
7552 9940 3286
9940 8367 7879
9939 3284 7549
9772 7549 3283
3259 9773 7573
7547 9941 8368
7573 9942 3312
9942 8368 8169
9941 3284 7639
9774 7639 3361
3258 9775 7548
7708 9943 8381
7548 9944 3283
9944 8381 7882
9943 3441 7852
9776 7852 3530
3735 9777 8406
8241 9945 8408
8406 9946 3469
9946 8408 7851
9945 3740 8376
9778 8376 3529
3553 9779 8357
7883 9947 8427
8357 9948 3775
9948 8427 8373
9947 3530 7849
9780 7849 3529
9949 3897 8601
9949 8600 3896
3905 9781 8612
8610 9950 8611
8612 9951 3908
9951 8611 8614
9950 3906 8613
9782 8613 3907
9952 8631 3895
9952 3928 8630
9953 3896 8599
9953 8631 3929
3908 9783 8612
8632 9954 8633
8612 9955 3905
9955 8633 8635
9954 3930 8634
9784 8634 3931
3933 9785 8638
8636 9956 8637
8638 9957 3932
9957 8637 8640
9956 3934 8639
9786 8639 3935
9958 8652 8654
9787 3955 8653
9959 8653 3953
3908 9788 8663
8614 9960 8662
8663 9961 3961
9961 8662 8665
9960 3907 8664
9789 8664 3960
3963 9790 8668
8666 9962 8667
8668 9963 3962
9963 8667 8669
9962 3933 8638
9791 8638 3932
3988 9792 8698
8696 9964 8697
8698 9965 3987
9965 8697 8700
9964 3989 8699
9793 8699 3990
3906 9794 8613
8712 9966 8713
8613 9967 3907
9967 8713 8715
9966 3997 8714
9795 8714 3959
3907 9796 8664
8715 9968 8716
8664 9969 3960
9969 8716 8717
9968 3959 8660
9797 8660 3958
3930 9798 8732
8730 9970 8731
8732 9971 3932
9971 8731 8669
9970 4010 8733
9799 8733 3962
3906 9800 8804
8610 9972 8803
8804 9973 4089
9973 8803 8806
9972 3905 8805
9801 8805 4088
3987 9802 8843
8700 9974 8842
8843 9975 3954
9975 8842 8652
9974 3990 8844
9803 8844 3955
4089 9804 8846
8806 9976 8845
8846 9977 4116
9977 8845 8848
9976 4088 8847
9805 8847 4117
4088 9806 8847
8939 9978 8940
8847 9979 4117
9979 8940 8942
9978 4171 8941
9807 8941 4172
4171 9808 8975
8973 9980 8974
8975 9981 4195
9981 8974 8977
9980 3931 8976
9809 8976 3935
3997 9810 8820
8712 9982 8978
8820 9983 4100
9983 8978 8979
9982 3906 8804
9811 8804 4089
9984 8981 3896
9984 3929 8980
9985 3892 8982
9985 8981 4090
3954 9958 8999
9813 8999 9958
8654 9959 8998
9986 8998 9959
8999 9812 3929
9814 3929 9812
9987 4090 8980
4090 9986 3953
9986 4090 9987
9988 8601 3897
9988 3942 9209
4161 9815 9344
8913 9989 9343
9344 9990 4116
9990 9343 9345
9989 4154 9338
9816 9338 4358
4137 9991 3928
9377 9991 8878
3931 9817 8976
8634 9992 9489
8976 9993 3935
9993 9489 8640
9992 3930 8732
9818 8732 3932
3905 9819 8805
8635 9994 9503
8805 9995 4088
9995 9503 8939
9994 3931 8973
9820 8973 4171
4116 9821 9344
8848 9996 9528
9344 9997 4161
9997 9528 9335
9996 4117 9529
9822 9529 4357
4358 9823 9537
9340 9998 9536
9537 9999 4100
9999 9536 9173
9998 4359 9538
9824 9538 4312
4116 9825 8846
9345 10000 9540
8846 10001 4089
10001 9540 8979
10000 4358 9537
9826 9537 4100
10002 3953 9554
10002 9553 4090
10003 9582 3989
10003 4160 9312
10004 4021 9285
10004 9582 4162
10005 9696 9697
9698 10007 9700
10007 9698 10006
9701 10008 9703
9704 10009 10010
10009 9704 9705
9708 9709 10012
10011 10012 9709
9720 10013 9722
9726 10014 10015
10014 9726 9727
9729 10016 9731
10017 9731 10016
10018 4417 9733
9734 10019 9736
10020 9736 10019
10021 9738 10022
9737 10022 9738
10023 9871 9697
10024 9696 9859
10025 9872 9860
10026 9873 10027
9873 10026 9700
10028 9698 10029
9698 10028 9871
10030 9874 10031
9874 10030 9872
10032 9703 9875
10033 9869 9701
10034 9870 9876
9875 10035 9877
10036 9877 10035
9876 10037 9704
10038 9704 10037
9705 10039 9878
10040 9878 10039
9877 10042 9874
10042 9877 10041
9878 10044 9708
10044 9878 10043
9709 10046 9873
10046 9709 10045
10047 9722 9891
10048 9719 9720
10049 9890 9892
9891 10050 9896
10051 9896 10050
9892 10052 9726
10053 9726 10052
9727 10054 9897
10055 9897 10054
10056 9731 10057
9898 10057 9731
10058 9896 10059
9729 10059 9896
10060 9897 10061
9899 10061 9897
10062 9893 9900
10063 9894 9732
10064 9733 9901
10065 9736 10066
9902 10066 9736
10067 9898 10068
9734 10068 9898
10069 9899 10070
9903 10070 9899
9900 10071 9738
10072 9738 10071
9901 10073 9902
10074 9902 10073
9737 10075 9903
10076 9903 10075
7405 10024 7397
10077 9700 10078
9700 10077 9698
10079 9699 10006
9699 10079 7405
10007 7407 10080
7407 10007 9699
10081 9701 9703
10082 7404 9702
10008 9702 7408
7408 10083 9706
10010 9706 10083
9704 10084 9705
10085 9705 10084
9706 10009 7409
10086 7409 10009
7409 10012 9710
10012 7409 10087
9708 10089 9709
10089 9708 10088
9710 10090 7407
10090 9710 10011
10091 9720 9722
10092 7420 9721
10013 9721 7421
7421 10093 9728
10015 9728 10093
9726 10094 9727
10095 9727 10094
9728 10014 7425
10096 7425 10014
10097 9729 10098
9731 10098 9729
10099 7425 10016
9730 10016 7425
10017 9730 10100
7426 10100 9730
10063 9732 7427
10101 9734 10102
9736 10102 9734
10103 7426 10019
9735 10019 7426
10020 9735 10104
7428 10104 9735
10105 9738 10072
9738 10105 9737
10105 7428 10075
7428 10105 7427
10106 4426 9871
10005 35 9696
10107 7397 9872
19 9863 10108
10027 10108 9863
9863 7400 10026
10078 10026 7400
9873 9700 10109
10080 10109 9700
7400 9864 10077
10029 10077 9864
9864 81 10028
10106 10028 81
9698 9871 10079
10023 10079 9871
7407 9699 10110
10031 10110 9699
9699 7405 10030
10107 10030 7405
9874 9872 10111
10025 10111 9872
10112 9867 9875
10032 7403 9703
10113 9703 7408
10081 9868 9701
10033 49 9869
10082 9869 7404
10114 9702 9876
10034 7404 9870
10115 9870 22
10112 9875 10116
9877 10116 9875
10113 7408 10035
9706 10035 7408
10036 9706 10117
7409 10117 9706
10114 9876 10083
9704 10083 9876
10115 22 10037
9865 10037 22
10038 9865 10084
7402 10084 9865
10086 9705 10118
9878 10118 9705
10085 7402 10039
9866 10039 7402
10040 9866 10119
16 10119 9866
10116 9874 10111
9874 10116 9877
10117 9710 10041
9710 10117 7409
10042 7407 10110
7407 10042 9710
10118 9708 10087
9708 10118 9878
10119 9879 10043
9879 10119 16
10044 7410 10088
7410 10044 9879
10090 9873 10109
9873 10090 9709
10089 9880 10045
9880 10089 7410
10046 19 10108
19 10046 9880
10120 9714 9891
10047 7417 9722
10121 9722 7421
10091 9886 9720
10048 84 9719
10092 9719 7420
10122 9721 9892
10049 7420 9890
10123 9890 75
10120 9891 10124
9896 10124 9891
10121 7421 10050
9728 10050 7421
10051 9728 10125
7425 10125 9728
10122 9892 10093
9726 10093 9892
10123 75 10052
9888 10052 75
10053 9888 10094
7419 10094 9888
10096 9727 10126
9897 10126 9727
10095 7419 10054
9889 10054 7419
10055 9889 10127
46 10127 9889
26 10057 10128
10057 26 9881
9881 10098 10056
10098 9881 7414
9898 10100 10129
10100 9898 9731
7414 10059 10097
10059 7414 9882
9882 10124 10058
10124 9882 100
9729 10125 10099
10125 9729 9896
7426 10061 10130
10061 7426 9730
9730 10126 10060
10126 9730 7425
9899 10127 10131
10127 9899 9897
10071 9900 7423
10018 9732 77
10073 9901 4417
64 10066 10074
10066 64 9895
9895 10102 10065
10102 9895 7424
9902 10104 10132
10104 9902 9736
7424 10068 10101
10068 7424 9725
9725 10128 10067
10128 9725 26
9734 10129 10103
10129 9734 9898
7428 10070 10076
10070 7428 9735
9735 10130 10069
10130 9735 7426
9903 10131 10133
10131 9903 9899
33 10134 7429
10134 33 10062
9738 10134 9900
10134 9738 10021
7427 10135 7428
10135 7427 10064
9902 10135 9901
10135 9902 10132
7429 10136 46
10136 7429 10022
9903 10136 9737
10136 9903 10133