42.130642 468.326416 84.329788
36.018391 454.576355 92.591232
47.193501 449.973785 85.165115
53.112244 459.227356 75.283287
43.301147 441.061646 92.361374
33.244175 443.465363 98.866524
54.154182 442.028290 76.884033
59.380135 447.640594 65.845322
60.573639 404.553955 72.375458
64.575554 399.099304 63.980125
63.991913 411.277771 63.398479
58.988152 413.741394 71.517967
59.782776 379.025299 73.160484
53.942577 371.780396 82.907951
55.694183 361.635742 74.574310
60.284340 368.463318 64.087761
22.221819 387.878418 102.454971
27.462969 381.660950 102.415619
31.395126 388.047577 100.987495
25.389124 393.515442 100.763123
13.288562 397.961945 106.297783
14.306528 402.941132 102.480110
9.461431 407.229340 106.602097
9.272184 401.808746 111.471809
17.028156 382.565247 102.895691
22.335623 376.270020 102.161774
17.829311 393.312256 103.144409
15.725786 389.293945 105.199715
12.819265 384.753265 115.690735
14.223042 389.148224 113.689850
10.830357 391.280548 119.827400
9.766462 385.754456 120.104027
15.562357 382.891541 106.860794
16.061136 386.007233 109.230591
13.658158 382.673035 111.849365
12.235860 380.206543 108.891365
12.402106 393.918976 109.367279
9.576281 396.849609 115.654335
5.830674 399.155365 121.781342
6.792646 391.967163 126.310974
37.639954 368.143158 98.086182
32.972683 375.149933 101.122314
27.622015 370.497772 101.497902
32.060955 365.015411 99.457619
13.210245 377.229889 106.146599
16.463161 362.534058 108.235680
16.749075 366.108246 107.741089
10.918553 367.442078 111.299858
11.272534 364.080811 111.672203
42.159237 353.498199 90.994812
36.208073 353.055817 94.872269
36.392731 346.335388 93.237053
41.810162 345.169708 88.192062
34.121010 340.491394 92.695908
40.153999 337.050476 85.838249
31.404163 323.285736 87.663109
35.968941 329.426239 86.479942
30.248354 335.229462 93.715591
25.104753 330.665405 97.119354
13.799281 336.615112 105.447197
8.317206 335.595947 107.908615
12.496218 323.666962 107.200409
18.653547 326.295685 102.522697
16.025034 356.228577 105.268654
19.722235 356.004700 102.642990
20.147694 357.706970 104.633675
16.292191 359.129059 107.682770
22.964144 355.748901 100.599831
24.469410 355.436676 99.891693
24.444649 356.757568 100.986153
22.952015 356.415894 101.068161
21.139074 356.114105 101.722420
20.110497 354.394348 102.347389
22.079294 355.064087 101.162613
16.805538 353.963898 105.170326
4.971041 352.735535 112.726654
8.610889 352.889832 111.692039
7.299378 356.760010 110.270988
4.209353 356.989014 110.945770
22.932713 358.677734 102.201736
25.324425 360.075806 101.733398
21.947033 363.020538 104.576767
20.793798 360.286896 104.615799
27.928003 361.941254 101.098305
26.505276 357.871826 100.062508
29.462122 358.605438 98.887718
23.794134 353.883148 99.972603
26.196148 352.181030 98.456467
26.978674 354.770905 99.240761
24.204584 349.309814 99.375526
21.571239 352.250946 101.319450
18.342428 350.885223 104.251419
14.176419 349.681915 108.084808
16.185837 344.962646 105.466431
20.821341 346.803192 102.048729
23.849760 366.691772 102.988358
30.851147 354.008911 97.235733
34.547394 359.727966 96.919235
30.471027 349.441772 96.543266
28.367998 345.217773 96.860489
24.575905 341.346954 98.376831
19.463650 338.807587 102.250992
15.184672 313.304901 97.427292
23.264944 317.323120 92.970863
31.621494 435.419495 98.455353
40.104019 434.196594 95.502151
40.935577 425.534882 92.418510
42.737495 427.749664 92.071747
37.417656 429.757660 94.643059
36.998238 426.670410 94.826180
53.388489 416.369507 77.262505
48.934261 418.740845 81.836311
49.144096 414.879456 80.939888
54.937767 409.901337 77.559738
41.992290 408.522552 88.765778
46.072460 409.322205 85.407509
42.470894 416.017548 87.143570
39.748318 415.441925 89.857849
36.213001 415.202576 91.951469
32.024685 415.329865 93.126213
32.283779 410.040588 93.191689
37.194969 408.931427 91.394897
30.923962 430.747711 95.806679
23.839312 429.877228 95.960564
25.198282 426.794434 95.415810
31.365973 427.322266 96.200653
15.465746 419.582550 91.660301
16.574579 422.127045 92.499588
13.383013 423.646271 93.900093
12.482781 419.183319 93.182465
14.605209 416.380310 93.367538
16.650034 418.101990 92.044662
33.816708 489.641907 79.868393
28.952766 473.754913 92.202682
48.922295 480.520386 70.270233
58.600216 468.580322 61.030025
64.748741 453.118561 52.603783
49.027523 356.534546 83.857880
49.899155 347.230499 78.904640
56.822025 351.937988 66.228104
54.784893 341.713226 62.611156
47.692623 336.850586 75.850746
35.602257 318.080505 75.198959
43.190231 326.573364 74.890602
50.312862 331.654419 58.521717
57.126648 341.355713 42.403900
59.601742 349.107574 48.453129
60.465324 354.859894 28.801470
52.534027 332.859009 33.006485
57.417000 353.151001 21.126686
37.428619 303.373169 40.705742
38.582802 294.317413 38.004593
47.815765 299.714630 25.042299
47.775688 308.663635 27.501530
61.262367 358.113251 55.453156
65.337265 421.599854 54.535816
61.484600 422.468811 64.991066
67.454620 407.738373 52.389542
68.172478 478.509888 26.212543
63.753651 475.245941 44.534206
69.813103 458.908356 39.518097
73.469810 463.168701 23.390659
41.358501 513.197876 29.566113
39.734776 504.153961 57.249695
52.039185 492.002380 51.015957
55.848038 499.029816 28.688271
75.668724 462.720215 9.604803
76.820343 460.742950 -8.494931
71.050705 473.874542 -17.914429
69.589073 480.024750 3.530928
59.411060 491.658356 -26.970467
58.483700 498.428528 -0.645097
54.859497 339.642334 13.624640
55.748753 357.769592 9.224529
47.888176 319.475830 31.680189
53.353622 325.638702 15.342977
41.287441 503.878784 -32.498848
41.133221 513.158691 -2.905056
64.233078 432.324707 -50.346367
66.710365 450.393921 -46.039188
74.051064 440.756470 -28.952042
70.500183 425.183716 -35.188915
52.247185 439.780884 -66.849815
56.059368 460.865967 -61.736382
51.403172 379.770172 -41.342529
43.360168 365.973236 -31.422407
35.891438 366.806122 -43.628925
43.277821 380.548981 -55.338711
50.177971 436.730347 85.740990
46.249306 431.286255 90.714119
50.119751 427.653595 85.479958
54.129543 430.677460 79.218201
58.183239 433.137268 69.628235
62.712662 435.098389 58.725296
71.546013 444.177399 35.131454
75.373238 449.670319 21.065836
77.568848 447.684418 -3.515158
77.099731 449.493195 9.979030
75.575455 428.978638 -18.953270
73.331963 419.199341 -22.944307
55.368023 366.703308 -5.786421
51.273453 347.044525 -2.582640
44.155678 350.445618 -15.302163
49.005581 366.864227 -19.308954
30.538355 352.072296 -34.864658
37.467033 351.788055 -25.729982
48.959099 317.230713 -1.812993
49.002087 306.234833 -4.519055
44.082718 309.379364 -18.886393
43.206635 319.580292 -15.198195
37.001774 309.445343 -30.489662
28.044041 309.447662 -38.696529
28.569851 322.454071 -35.601089
36.755070 322.169922 -26.925819
16.838987 286.482361 51.603989
17.603523 278.739166 48.779408
29.165836 281.765350 44.015095
26.970928 290.055969 46.291367
51.871864 297.773468 -8.403645
48.285397 302.260620 -23.158506
57.111195 380.028992 -25.811785
60.468117 381.549377 -15.498105
41.633041 301.983032 -35.314285
36.261913 335.807587 -24.200279
43.462681 333.304382 -13.777811
21.963375 352.629974 -42.708557
27.369110 365.982300 -53.120884
19.639978 398.386353 100.571747
22.408081 413.002960 93.970680
23.060944 416.671387 93.319519
19.243137 417.357758 92.560379
18.047279 414.426514 93.461433
10.456678 455.602905 104.066002
9.509074 438.108856 105.579895
21.909641 442.402496 103.925362
23.178370 456.259369 99.539757
49.735764 384.344055 90.570908
40.586323 390.324829 96.094101
37.811222 381.483246 99.302666
43.637497 374.064545 95.094452
46.268093 420.278748 85.033997
48.045849 422.229279 85.181061
45.336685 422.250549 87.297783
40.110722 361.373810 94.680229
47.021336 365.506897 89.941399
66.844116 392.943756 53.031651
56.577641 423.091919 73.885315
19.960117 522.579224 31.322781
19.165424 511.981354 62.964096
20.631338 513.809265 -33.749180
21.184118 522.698242 -3.677099
38.233212 467.382507 -73.053841
35.302940 446.850555 -79.238602
18.514923 448.640778 -86.698830
17.181974 476.140656 -76.443527
31.039946 381.030975 -65.899582
20.106977 309.929718 -43.495613
18.663422 324.151398 -40.449711
17.658096 493.834656 83.849304
14.362905 474.835083 98.051079
67.350861 439.086151 46.050499
60.103470 396.354431 76.557083
55.427700 403.856537 80.845184
53.086529 399.979218 85.573952
57.459858 389.952698 81.990845
62.806084 387.425537 68.144325
63.643993 379.095673 56.169907
64.795456 370.975311 42.772373
62.857941 360.248474 35.811562
75.737770 454.174225 -22.358059
68.503853 465.943054 -37.942917
57.231434 478.618958 -48.316990
40.035938 488.213318 -55.812542
76.822784 443.755798 -15.879877
18.867182 494.795197 -58.194790
10.316852 371.640228 110.194069
17.161095 371.402130 105.588905
8.839929 375.463013 109.972870
9.817822 348.568573 110.927307
5.775314 348.038055 112.357216
6.423344 342.860321 109.289139
11.141069 343.620087 108.034576
16.128454 307.869507 82.155678
25.797173 311.893829 78.277908
16.382507 294.072083 55.550285
25.898300 297.878662 49.604988
8.830706 383.521790 114.221214
7.262399 383.815125 114.496452
7.059489 382.704559 112.281128
9.027770 382.724640 112.059669
21.739933 357.097656 102.713593
6.676815 364.067108 113.784744
3.700539 363.845734 114.360039
3.974522 360.365631 113.019669
6.983412 360.522583 112.494156
41.192741 319.232269 54.971210
37.879299 311.900024 45.654205
51.219002 301.957336 11.563906
51.724239 313.105194 13.642136
50.405659 330.581421 -0.674204
28.460142 338.368774 -33.219723
19.609217 338.184235 -39.946320
-0.473830 339.794037 -46.280472
-0.479023 351.999176 -52.290924
11.395961 352.227905 -48.956879
9.430190 339.554504 -44.662266
27.433636 308.591583 64.305527
17.194702 304.236847 69.308052
17.038845 300.444183 60.769119
26.526133 304.663727 55.061794
3.568333 380.715790 115.462593
2.255107 379.759033 117.079262
2.717413 377.679047 114.227631
4.481884 379.670532 113.515587
9.777836 380.922668 110.329758
7.581196 379.904663 110.502365
7.993539 378.120941 110.302673
10.261621 383.374359 114.958626
10.680777 382.179443 112.179886
5.613353 384.271423 119.532555
8.403945 383.991333 117.906166
5.712535 384.383606 124.342621
5.122637 381.712708 113.937698
5.638011 380.553040 112.322632
8.715107 381.779999 110.733246
7.113801 381.396088 110.896408
5.891748 384.224304 117.417076
7.717226 383.926849 116.170166
5.376878 405.162781 116.675331
-0.370301 406.051849 118.821426
-0.369872 399.581757 124.301216
-0.306165 392.039642 128.852249
-0.339847 384.356079 127.402794
8.809732 298.559296 63.544594
8.406703 291.892548 58.271889
-2.376400 473.843445 100.021324
-2.089472 453.842560 104.867493
22.302401 356.040131 101.084625
22.911310 434.023590 98.810402
47.232517 398.449341 90.885124
26.551592 399.592163 97.491570
33.105263 395.353210 97.763680
32.724201 402.990784 94.696793
26.865429 405.670197 95.074776
14.137343 430.963257 99.152718
5.935954 427.399017 104.528008
9.416402 425.469635 98.127121
8.622010 418.754852 97.481682
5.862672 418.060394 105.106926
9.961482 411.320526 101.401489
11.534637 413.712952 96.112587
43.483555 423.957916 89.622894
45.835247 425.439819 88.313461
15.017828 406.886688 98.673355
20.588068 403.158203 97.501198
21.322231 408.116425 95.112961
16.135679 410.491577 95.220078
39.511799 400.323029 93.603569
52.044731 422.513733 80.721893
48.410706 411.572632 82.505226
64.128754 387.553131 -7.988332
60.064053 376.889465 -1.078542
67.431076 367.739410 17.515499
64.884193 363.723602 20.379324
59.841824 366.212402 16.210659
65.223473 369.572632 12.820051
75.815292 419.134399 -1.698635
76.143631 425.717590 -5.095199
75.973854 426.806610 1.562341
75.155632 419.677246 0.732333
74.807922 422.781891 6.584492
74.837700 425.673279 9.125599
73.638466 418.252563 10.317530
74.005646 418.434357 6.990208
76.370239 436.810364 9.645380
74.613792 434.711487 19.623964
72.430084 423.560516 16.548101
67.922966 420.770355 38.919296
68.365715 409.289917 27.652258
69.837883 417.667114 22.190193
70.775726 429.779205 29.564531
65.446136 368.096436 24.401321
65.468521 375.651215 28.017994
58.465485 369.414581 7.888507
1.516549 460.638794 -86.998756
1.048011 485.890991 -75.886574
61.703381 414.575226 -51.987305
50.512135 418.959290 -66.495987
66.949409 410.275604 -36.216213
69.763275 407.591675 -23.036255
36.784225 426.105499 -78.485474
23.117945 425.775085 -85.972397
68.740898 402.905609 40.443920
67.327522 397.805847 29.083796
56.644512 396.651978 -48.188251
47.705784 399.484100 -62.647976
62.764362 394.722229 -32.736965
65.936035 394.931458 -20.754608
33.660164 404.972717 -74.685204
15.393011 382.332916 -71.896927
16.051815 402.260986 -81.221573
68.528023 378.306946 16.924631
66.947266 376.767853 21.306240
66.717255 370.753845 19.935493
69.729164 372.839386 18.147390
67.298309 388.253754 41.004166
66.736488 386.754669 29.365643
5.551194 411.314789 111.624947
-0.381816 419.742676 109.156471
-0.279535 412.848114 113.988838
-0.584596 428.131104 106.313354
-1.543696 526.962708 3.156245
-1.982370 526.248901 33.789925
-1.932992 506.037720 -54.133568
-1.843591 519.832886 -26.499594
3.927580 335.092957 108.462654
6.402599 322.454529 109.339577
5.645100 371.446411 112.638245
2.845366 370.809113 113.221413
3.307189 367.282013 113.956596
6.243720 367.753906 113.332901
17.433878 427.408844 95.086403
13.986212 365.843445 -60.155609
8.848713 324.891846 -43.829826
9.709110 310.780792 -46.719513
32.438957 300.378052 -43.956928
20.186316 298.275482 -49.129177
2.533324 374.292145 113.258141
5.137341 374.857330 112.335304
5.167702 383.507050 115.969002
11.398218 360.208893 110.892769
5.033235 377.527649 112.282280
5.766068 379.444794 112.062202
0.767961 377.122162 114.834099
1.032309 373.967896 113.440651
27.273058 411.452698 94.060730
27.634504 415.851501 93.921173
3.003988 381.525330 120.693214
3.755787 382.536041 118.089340
-0.203853 380.545654 121.378975
40.600681 285.215271 35.200665
48.902008 289.704193 22.259846
1.737136 363.656586 114.440704
1.932207 360.071106 113.263237
-1.805150 514.356079 66.315704
-0.494235 378.554535 -72.289001
-0.472738 397.503113 -82.162010
68.801399 403.110382 20.548819
70.379303 399.391052 16.423441
71.496460 406.543457 13.510102
70.006226 410.535675 17.891327
8.381868 284.507141 54.208233
52.439812 293.263397 7.070787
8.894343 297.693115 -52.914127
45.965237 418.540588 84.531105
44.667408 417.095245 85.453506
19.976046 424.983124 93.976715
0.637049 425.104858 -85.295952
12.794291 353.234100 109.044930
11.318657 356.571838 108.240593
-0.777930 325.403839 -45.013111
8.822403 302.082214 72.036720
0.836933 379.175903 117.903450
-0.727899 364.471649 -61.326778
73.866676 412.730499 5.251441
75.267075 411.338287 8.238040
74.810364 408.154510 8.165393
73.504906 408.721832 6.827895
76.341293 414.145569 11.999630
77.236778 411.144257 10.422400
79.043068 413.785034 9.416503
78.092041 417.244202 10.346843
72.380432 415.288788 14.301421
74.078842 410.392029 12.804247
80.213234 415.776947 7.404608
80.545715 418.355621 8.546874
78.092865 419.951996 7.406976
74.810471 419.512024 3.852398
83.054665 419.195862 5.285681
79.635628 421.053894 3.285934
85.599510 418.582520 0.387211
81.291199 420.653503 -1.599553
86.819756 415.388336 -5.129259
81.576469 416.875732 -7.003729
67.822998 384.054779 21.534151
69.262993 384.716675 15.240845
87.330879 409.859131 -8.133533
80.927773 410.452393 -9.934828
86.434052 403.035583 -9.693611
80.836517 403.149353 -11.493846
84.855988 395.792572 -8.743667
80.525314 394.760406 -10.584638
83.524498 388.812378 -6.587881
79.243553 387.218201 -8.104813
81.600189 381.908081 -2.407886
77.110176 378.201172 -3.552710
82.109695 416.648956 -0.720419
83.204353 413.410400 -4.397020
73.707855 415.179474 -3.289219
81.008217 417.340729 4.022388
73.362358 402.838684 1.756166
71.569702 405.338562 1.193338
72.190025 403.954651 1.864903
71.504662 402.433685 -0.225470
69.999199 391.501923 16.270638
71.408371 391.756256 12.709814
71.186523 397.241058 13.043845
70.312416 387.507172 12.328770
69.309219 389.132385 11.123904
68.705307 392.773376 11.385198
68.033409 397.723938 11.183202
70.081871 387.793549 9.474568
71.034355 385.991974 9.932004
68.563568 389.290833 8.739352
68.093658 390.119720 9.815354
67.117020 392.655029 8.984724
67.506477 396.090790 6.409752
68.644936 393.569580 22.230494
68.982925 390.357544 -2.511343
66.124275 381.508392 1.354505
78.527496 376.899292 3.348227
75.481316 370.860870 3.057161
72.966606 369.389435 15.504106
74.509300 366.872986 9.804390
72.677231 409.927582 -5.079298
72.589737 403.834991 -6.251475
64.749130 375.240356 7.674669
71.896965 397.200317 -6.491619
79.401756 386.169830 -1.690897
76.393532 382.926605 2.081190
81.471626 391.163940 -5.041352
71.458359 382.663269 11.690319
72.139389 376.346588 13.341491
75.498260 375.390472 8.744184
73.566910 381.733276 6.852903
77.944969 389.551636 0.147358
74.951950 387.292603 2.885562
74.967041 392.415741 0.022468
72.103416 390.666840 2.695976
70.532600 388.650360 5.978582
72.445778 386.052002 6.466300
68.358215 393.249451 2.454816
71.295456 396.476196 0.080905
68.092644 390.566864 6.181894
77.316444 395.483002 -1.000979
79.361908 399.158508 -1.563259
77.352173 401.915619 0.345701
74.431984 399.100708 -0.196493
82.063530 396.946960 -7.161261
81.924355 397.567993 -3.695247
80.039917 393.107635 -2.232141
82.294418 402.877808 -4.996511
82.715004 403.302032 -8.037792
80.565231 403.075409 -2.687499
79.052895 404.187286 -0.797619
82.208267 411.633972 -2.400529
82.506508 407.718811 -4.299809
83.679565 409.139709 -6.715613
81.172272 406.627136 -2.139601
80.573372 409.570953 -0.990248
79.281837 408.057190 0.103482
79.926834 406.449615 -1.132146
78.119987 415.249817 6.208404
76.774307 413.816101 7.887146
79.290054 415.388550 3.304808
77.028511 416.115845 4.013645
77.656082 413.439514 3.000118
75.598251 415.184692 4.490852
76.696327 411.619049 3.900190
74.752823 408.944458 4.363827
21.190037 259.282166 45.751133
19.213024 269.528687 46.816128
8.795688 266.956451 48.857426
9.704828 257.084351 46.737045
77.991020 409.550568 1.989463
79.087395 411.666779 0.871514
80.838173 414.115936 0.120619
75.694984 405.341858 2.357754
77.118034 404.389130 1.334297
78.038368 405.936462 0.898541
76.532257 407.279083 2.267514
71.223579 401.373901 11.431149
69.954819 399.975006 8.267317
69.939598 398.330597 4.179722
54.006157 249.205673 31.893391
66.634430 256.393341 19.824129
61.790436 263.384766 17.557816
49.512657 256.989075 28.682379
63.580452 227.021820 46.966473
64.358505 208.865051 58.393524
82.731979 215.719116 52.534645
84.183197 236.986450 34.029575
81.274193 197.788696 68.030602
64.893227 192.628647 71.047249
78.419693 148.571259 105.034714
79.148331 163.899826 92.653587
63.530296 162.568771 96.782051
63.052505 147.353210 109.022324
103.676926 73.211205 142.318115
91.634315 74.754036 147.538406
85.026230 58.119862 146.292740
98.385635 53.816284 139.683350
138.529877 169.154587 65.722809
148.363556 156.810791 63.356712
151.770706 173.818436 56.792126
140.906509 186.997345 57.811340
98.929657 275.181091 -8.611813
89.514473 276.366089 -10.991150
84.802399 262.700348 7.989947
93.456375 260.065277 12.840816
141.232895 89.197502 89.389549
135.675873 98.480629 98.510544
134.674194 86.027786 106.151154
138.884735 76.321129 97.900925
112.347687 1.178898 81.598785
99.219963 0.205487 96.333069
100.668945 -18.194742 98.838249
114.326836 -17.625532 82.850098
144.073746 22.440559 20.795544
142.122864 6.385370 19.486382
141.855530 6.740796 -5.909617
143.867752 22.120773 -5.519666
104.233627 149.163803 95.796600
106.004738 165.198975 84.305832
93.557701 164.664032 88.481720
92.251259 149.509720 100.628883
327.193695 214.861694 20.527273
304.167969 214.368988 23.062292
306.437897 198.391296 24.382717
328.698212 198.995163 21.304258
144.440018 -79.895309 39.136177
145.079559 -96.396980 44.028683
145.576309 -92.162766 18.628370
144.330109 -76.011482 14.540745
204.170654 222.069290 28.290709
204.022598 239.891312 11.423955
191.701981 243.419510 11.207728
189.415253 224.892609 29.221464
138.539764 133.733841 73.445496
143.345581 144.532700 68.538834
135.250595 154.183060 72.429115
131.525162 141.337021 78.927437
153.428101 52.381058 -10.160961
156.298737 68.689568 -13.924862
156.734665 69.378387 7.610291
154.352188 53.252659 13.538195
150.313034 37.417557 17.914009
149.201996 36.674210 -7.087239
123.771393 145.153931 84.544792
126.003952 161.101257 75.161995
117.005005 163.742279 79.592201
114.660126 147.584457 90.279152
76.159271 42.978245 139.245560
91.986626 37.781303 130.262039
138.521408 -101.260841 68.846855
138.513000 -84.136848 63.716576
127.236176 -88.839439 84.514427
127.085655 -106.204887 89.969353
82.926270 15.972206 106.833862
97.046165 15.839588 96.217796
100.519600 26.229856 107.862007
85.972565 27.202230 116.726212
111.721237 -109.761696 107.952789
112.290161 -92.649498 101.907738
95.866562 -95.037827 117.638451
95.427597 -114.484909 124.549538
80.287468 180.802399 80.988678
64.612984 177.625336 84.316727
122.388542 73.519196 126.252861
114.046875 72.730080 134.643387
110.349968 53.064583 131.551743
120.370102 54.802853 122.972351
160.082870 128.110306 47.355137
172.212494 135.808838 43.305927
165.977066 156.795746 52.838310
156.739853 142.281631 57.660255
149.323654 -108.009453 21.566875
148.151199 -112.089790 47.470432
113.517731 -127.680000 112.167053
96.493881 -133.063629 128.626755
221.636337 138.204956 -26.118088
220.160339 140.842468 -13.044182
206.135040 123.143211 -9.448966
208.020844 121.510727 -23.334595
52.567932 76.984886 150.451309
61.513763 55.913734 147.436890
74.001839 69.218498 150.851959
66.919975 86.286118 150.246460
117.015472 39.064106 112.561066
105.473480 36.928963 121.290100
113.653549 28.516165 98.598610
36.944317 67.490967 145.841156
47.147427 42.021446 136.641708
47.923126 171.857376 86.399719
47.432079 158.132660 99.433434
48.289787 185.638657 74.119850
46.382355 203.370972 63.738674
30.527796 198.408783 67.159142
31.256922 182.166367 77.159126
44.818321 220.500107 54.337044
27.798059 216.009460 58.781414
38.465080 243.038040 40.677567
35.714371 252.124817 38.217163
149.696701 132.649170 61.778183
144.513229 123.448479 66.205711
128.951370 -122.789879 93.655350
109.129868 205.597763 -93.834648
125.093071 210.435974 -87.726959
122.661446 193.480743 -92.199722
107.142860 187.697220 -97.596443
107.190437 263.276611 16.830008
109.571114 277.102783 -7.351099
180.950638 136.138275 -69.184669
182.847687 127.360405 -64.631081
167.516235 121.049217 -67.431572
165.534531 132.134125 -72.980812
220.881393 137.980072 -47.689365
219.768311 143.108673 -55.495380
233.587479 153.035095 -58.277351
235.492401 146.185150 -51.260746
139.760834 -88.322639 -4.238786
137.818237 -72.500259 -9.245072
120.494438 34.733788 -68.021423
128.538162 51.044651 -67.631874
138.083588 43.827942 -50.304810
131.442383 27.795788 -49.850372
17.626997 178.470490 -99.354446
35.839111 181.294296 -101.683197
35.420284 164.664444 -104.155624
17.139227 163.385391 -101.176659
74.287621 207.381256 -99.237366
54.937744 199.859543 -100.359367
54.088524 213.835770 -96.537819
74.434120 223.098907 -94.845444
91.480774 198.850388 -99.554047
90.649391 180.573364 -102.788498
149.649185 54.786854 -31.425941
153.220505 70.444550 -32.749760
163.007996 87.761642 -34.749790
168.359253 93.945557 -34.574028
169.669312 93.936714 -19.642092
164.195435 87.925117 -18.892124
81.401352 279.508423 -13.555419
89.685806 282.314056 -33.310970
79.603928 285.435852 -35.725216
46.879658 260.123810 -76.678764
56.701687 265.583984 -72.204308
59.811203 259.979675 -76.160629
46.844913 253.753281 -80.621658
38.251488 97.603142 -111.208801
40.650513 74.899979 -107.204590
18.734091 75.991768 -106.937096
17.392244 97.318893 -111.064384
175.363190 100.722031 -45.922752
173.088257 105.189148 -54.654358
188.596191 111.890038 -53.534527
191.524567 106.562531 -45.593483
163.195587 100.710739 -56.351910
165.719864 96.114243 -46.574974
159.968155 90.203178 -47.728455
156.323639 94.627678 -58.498783
136.104218 66.586502 -65.471497
145.569244 77.790550 -62.707355
151.009949 73.039757 -48.559952
143.975464 59.680908 -49.833694
19.316574 10.304136 -88.277344
19.133699 30.316826 -96.609444
38.523003 29.678520 -96.049446
37.718204 8.530716 -89.657738
228.628586 155.349167 11.346208
241.886765 159.980103 7.100233
238.152679 165.085907 23.827467
226.629272 158.552872 27.818888
235.096741 173.718124 -71.135681
232.964569 180.057724 -73.072708
241.825684 187.378983 -73.677071
243.429749 181.129303 -72.543976
261.330292 155.789566 -10.705307
277.504791 155.332596 -13.814222
273.880493 161.457809 1.843091
256.480316 161.065735 4.539151
120.123093 279.673309 -33.610271
109.112076 280.049347 -33.387840
119.899979 278.476959 -6.206684
249.693970 147.541306 -33.056572
247.989471 148.851791 -44.945850
260.788727 152.953491 -49.503674
262.552643 149.735764 -37.699512
324.687531 230.475494 12.787465
301.616608 229.970474 14.833546
295.784180 156.057892 -31.037621
278.741058 152.267929 -28.552467
278.319031 152.913971 -41.783043
296.245087 158.928864 -44.214622
125.755829 12.492475 -48.835014
113.272995 18.809439 -66.382614
115.809479 -82.528267 -41.246433
112.231590 -65.878548 -46.668526
126.602394 -68.788078 -30.034714
129.574524 -85.016106 -24.690742
143.293304 -104.695862 -2.445510
119.014748 -100.113846 -38.465534
133.005920 -101.897484 -22.345245
60.170403 291.197906 -32.111004
69.030922 287.732849 -35.024391
58.357601 284.652039 -51.266014
51.247692 289.904572 -46.408798
178.351944 -212.339951 -9.023409
181.034882 -215.163071 21.970980
182.260529 -241.593094 16.158203
178.203476 -240.474258 -15.118879
29.067940 271.724304 -68.927071
25.463114 280.451721 -62.443684
39.092060 285.461823 -56.119675
44.947685 278.095764 -62.002968
176.614075 -185.264114 -5.030883
178.529495 -190.438065 24.167669
64.972504 286.075409 -13.041874
72.038963 281.975800 -14.091329
62.087662 277.479828 3.110595
69.106819 271.600708 2.849711
55.538265 270.963837 17.284616
176.957993 -222.622665 47.825077
180.509705 -248.256271 44.702183
46.637882 295.748596 -40.896862
36.383518 292.900909 -50.226719
22.397573 289.562012 -56.399422
9.525401 287.964844 -59.306042
-4.055846 287.250214 -60.649754
-1.764197 298.689606 -54.530113
155.970963 -123.224533 23.071507
151.266815 -120.010139 -2.558520
124.164375 -342.753174 -84.496246
125.501411 -358.986145 -72.924095
93.947014 -357.773560 -81.834045
96.520264 -344.017090 -92.288231
29.509001 -329.122101 -97.906517
65.059502 -339.142395 -96.828346
59.806793 -351.063171 -83.389252
25.654068 -340.059631 -82.703766
39.174389 -213.499298 -114.022087
39.444431 -191.693329 -107.341682
68.632042 -191.315125 -105.968788
69.024788 -212.761688 -113.595390
140.457672 -118.009933 -24.092768
126.023529 -116.766678 -41.137756
153.524017 -127.447723 49.875542
180.109451 -376.362244 52.694794
175.628433 -409.125092 49.936703
179.569824 -406.289764 11.376631
186.186798 -373.343323 12.715180
147.815033 -403.404938 -44.810467
116.557213 -402.248444 -59.895329
121.329613 -379.527649 -65.946930
153.274857 -377.006622 -51.488857
77.613800 -137.659103 142.903595
78.390228 -157.720795 145.355515
97.333435 -152.055084 130.835175
18.142336 -149.288437 165.111923
17.028782 -169.773407 167.431686
37.740410 -166.542404 163.764175
39.350521 -145.595306 160.865997
24.276703 -271.521881 138.252075
29.328657 -251.220200 146.700623
12.219696 -251.862976 149.400986
10.387803 -271.346100 141.375351
166.959915 -229.725937 71.639259
163.740768 -207.547684 74.218643
147.039520 -214.946991 93.591225
149.752640 -235.467728 91.822189
53.672192 -361.471130 -67.677650
22.996227 -349.103607 -64.299042
161.387802 -375.074738 89.269302
158.654282 -411.427582 86.909492
131.130524 -413.440063 115.732094
133.560410 -379.516327 116.052025
101.159576 -381.181946 128.502380
98.141716 -413.096741 126.965775
11.790711 -340.993896 83.492439
11.380392 -349.165497 82.227989
27.963129 -334.063416 104.163071
23.099735 -322.122345 107.180412
32.531643 -296.611755 -115.166992
64.449989 -302.792542 -115.272362
64.937393 -321.369537 -107.562614
31.520657 -314.624207 -107.957367
108.963303 -116.392761 -54.147060
102.662460 -98.969009 -50.596619
85.115669 -98.250870 -58.915600
81.694717 -79.103020 -61.005344
99.498772 -80.715988 -53.110207
81.407280 36.494690 -91.271706
89.563126 54.179432 -94.472229
106.548325 42.901478 -82.337135
98.983757 26.838337 -80.356819
55.061764 185.277985 -103.771233
54.389473 168.292664 -106.652077
81.505493 -393.965546 -67.063095
83.464142 -422.079529 -59.990967
49.134399 -415.210663 -54.709667
40.640255 -378.391052 -56.171432
142.250427 -430.594391 -41.587395
170.109726 -403.397003 -22.138155
162.829086 -432.491943 -21.049850
169.695969 -440.804352 49.400135
172.429428 -437.072784 11.238114
126.838104 -446.143219 113.992630
93.795364 -444.411774 123.428993
15.440977 -410.539856 88.042877
14.448066 -433.685150 77.528801
34.136875 -437.251587 99.868919
37.095444 -412.217316 108.219521
64.710266 -274.298859 126.302170
73.800491 -293.042358 122.724464
102.374794 -275.915466 117.716072
99.939751 -256.659088 119.268211
41.148872 -124.233826 157.409271
23.778292 -128.379379 161.380539
77.606781 -117.745613 139.161270
58.908066 -120.774147 150.511139
58.233749 -141.688751 153.906296
47.921543 -35.792007 143.198364
45.837860 -56.572773 147.087097
65.483948 -56.361404 137.340775
68.018715 -36.140484 133.134506
68.822853 -16.030958 126.996712
48.985477 -15.198627 136.858261
46.452404 23.599102 122.751076
66.150238 18.720922 115.895348
68.323448 31.320646 126.478760
31.507421 166.939575 88.614899
31.374329 153.029037 100.566849
171.379410 -252.837509 68.211075
11.941746 -383.934418 -29.199236
19.661684 -414.120148 -34.887703
4.745972 -418.230743 -6.664704
1.320468 -393.111389 1.858370
173.652969 -199.095123 50.096546
140.962860 -117.240219 72.236946
145.755920 -133.257523 74.875641
138.045166 26.521406 51.336464
135.924210 7.014390 44.514404
82.325195 79.100456 149.728073
80.211037 91.398544 147.577896
177.395309 -373.669098 -24.655682
121.338089 -476.389526 110.292183
88.857864 -475.321289 117.992226
84.068756 -504.412781 111.083633
115.384537 -505.521484 105.444946
6.487942 -455.268372 40.887001
10.424987 -483.609039 30.466871
16.429129 -486.906708 56.361332
14.917275 -459.241974 66.652725
14.363978 -511.685730 22.220556
16.781580 -538.775513 13.343887
19.750607 -543.731201 37.862297
19.185240 -515.362366 48.596230
153.080948 -445.630463 87.211357
154.402359 -499.716339 51.002583
160.830185 -471.232880 51.671619
146.361359 -475.145264 85.219612
140.445526 -504.425537 82.507507
114.829338 -427.347809 -55.123554
2.814967 -407.319275 63.070103
3.907473 -429.453644 52.508953
19.434702 -478.824249 -18.570242
11.838268 -448.381409 -13.272438
28.440323 -446.946960 -37.692547
36.382950 -477.612732 -40.734318
139.070053 -483.433655 -37.603592
139.984665 -457.003906 -39.360706
158.289398 -460.621429 -16.688784
155.412369 -487.151459 -14.444962
165.462158 -465.216919 15.131626
159.479614 -493.294861 16.746822
143.608780 -553.982971 47.910400
148.102570 -527.543457 49.648560
134.471375 -532.148682 79.396538
128.210770 -558.954041 75.566010
151.263290 -546.901611 15.724495
154.444397 -520.651123 16.582195
149.255630 -540.207031 -12.611016
152.356537 -513.831848 -13.057129
135.837891 -535.554871 -33.949127
137.973969 -509.523926 -35.291649
117.471840 -532.355469 -48.393372
117.068039 -507.021851 -50.279690
91.436195 -504.890747 -56.441429
94.298500 -530.686707 -54.271152
70.347008 -529.997742 -53.154018
65.722748 -504.140869 -53.444584
31.235075 -533.213562 -29.489956
26.003632 -507.156494 -23.556429
42.480011 -505.083618 -42.657406
48.030769 -530.965759 -45.239498
49.478592 -638.276306 -50.780285
43.688805 -610.218201 -49.353474
63.108936 -608.164490 -54.972614
68.062538 -635.690002 -53.827057
85.697090 -632.427002 -57.806675
82.293724 -606.331543 -55.293854
100.580109 -605.314026 -55.603851
104.454323 -630.871826 -56.414600
130.673416 -609.099792 -32.716732
132.920349 -634.238953 -33.647583
120.791367 -631.400391 -49.603378
117.927582 -605.981445 -48.526417
142.583145 -613.460205 -12.378490
142.948441 -637.952881 -13.587025
144.645889 -619.850342 12.715080
141.174942 -643.541504 11.621212
130.611877 -625.237122 38.419312
126.797157 -648.375183 35.012531
21.123486 -621.367554 4.944922
19.803537 -617.336487 -17.259426
25.362804 -643.988892 -23.195465
24.184088 -647.573669 -1.940671
45.221367 -628.615051 47.725964
47.853806 -653.637451 36.289845
63.125195 -652.682373 57.890011
63.125126 -629.861084 69.772118
140.826157 -577.823181 45.904533
147.976959 -571.239807 14.606605
145.756271 -564.926392 -12.317871
133.064667 -559.989563 -32.801487
35.437748 -558.185547 -36.705921
53.608593 -555.944092 -49.320778
20.608105 -569.751709 26.556187
18.034798 -565.042969 3.436899
93.109116 -607.209351 81.295837
117.114639 -606.842896 67.172997
122.485596 -583.831360 71.259598
97.250587 -583.967957 85.344482
145.762100 -596.096619 14.048106
143.081238 -589.041504 -12.243012
131.090668 -584.242493 -31.637762
98.640388 -580.117676 -53.418839
117.242760 -581.085876 -46.735031
78.869965 -580.434082 -54.339523
39.481628 -583.439941 -43.526066
58.470798 -581.125000 -52.982002
20.981203 -595.919373 15.139227
18.628759 -591.000793 -6.538005
89.018303 -652.433228 66.314919
112.348244 -651.233337 55.774624
113.884445 -629.120300 61.674641
90.170593 -631.309814 76.541061
87.963478 -673.241638 54.675739
66.742409 -674.498352 47.214809
109.841530 -657.284119 -56.703049
90.190971 -657.678040 -58.927116
124.016182 -656.843323 -49.327698
139.103241 -668.884216 12.106370
146.149246 -663.145874 -13.430184
124.807205 -673.417114 34.901558
108.622772 -672.638550 50.352139
39.668777 -696.623474 -28.059610
38.121689 -698.948120 -9.044584
32.865414 -672.614746 -5.098560
33.326809 -669.183716 -25.640562
59.354271 -690.803345 -56.268421
55.908016 -664.070496 -47.841930
72.633583 -661.107239 -53.245174
75.692497 -687.347229 -64.971581
113.901329 -683.408142 -64.490402
94.802849 -684.587952 -68.467110
131.160492 -682.953613 -55.925606
146.126175 -690.085876 -13.888467
144.835373 -685.117371 -37.978199
139.471069 -659.069824 -35.418938
139.178452 -695.884216 15.008777
118.253845 -730.156860 33.090652
141.318283 -724.606445 16.263926
116.712242 -701.084534 34.367931
94.539726 -824.085144 18.111250
94.881485 -856.562988 12.958656
115.826927 -853.470764 13.030689
118.795326 -821.329346 19.175280
40.552567 -725.166931 -34.209267
40.987328 -726.969604 -12.557248
78.786125 -715.578979 -75.112793
60.999672 -719.786621 -65.148796
154.160172 -748.134338 -17.859993
152.813675 -744.089417 -44.030987
149.802689 -714.155518 -40.376347
150.392334 -718.722595 -14.223030
41.712807 -818.934875 -26.272930
39.456715 -787.643982 -22.579149
40.194942 -785.960815 -44.928936
42.749790 -817.567505 -46.974842
78.829590 -746.518860 -81.757416
79.674980 -778.027283 -85.674057
61.268650 -780.925781 -76.268707
61.687462 -750.766663 -71.109962
151.641006 -813.198120 -23.587698
151.604431 -810.701904 -48.268383
154.003891 -776.286987 -46.769962
154.718491 -779.604004 -20.756088
120.095459 -759.002197 29.819195
121.238014 -789.468445 24.560856
143.613739 -783.900391 6.827424
143.773315 -753.557373 11.659276
93.607033 -761.761841 29.726616
95.227837 -791.954895 24.339052
55.843708 -885.151794 -46.872971
54.669128 -888.460693 -29.836195
48.154549 -853.077759 -28.655746
49.173798 -850.527893 -47.164478
82.137901 -811.036377 -85.700020
84.919182 -845.704224 -81.846352
68.360809 -847.264160 -73.851128
63.508041 -813.409180 -77.179504
140.749207 -884.362183 -28.802399
139.642105 -882.904175 -49.363903
146.504395 -846.743774 -49.217304
146.737457 -848.230713 -27.016048
113.752785 -888.384155 6.840172
132.961227 -886.216187 -6.631759
137.139374 -850.348389 -1.439464
94.544403 -890.785767 7.520337
94.608017 -924.439575 4.363213
110.767212 -922.540039 3.974634
61.142155 -918.773071 -45.254173
61.571270 -920.860657 -29.835094
74.125473 -916.020203 -65.528770
72.655060 -882.201355 -69.228584
86.783989 -880.227356 -76.983589
87.057518 -913.759766 -72.601776
120.303604 -882.037292 -73.227997
117.460846 -915.210449 -68.632553
102.670311 -913.478943 -73.537148
104.271576 -880.274231 -77.230347
132.223984 -915.749329 -47.557663
126.193138 -915.578064 -60.510860
132.706772 -882.191162 -63.303501
134.834488 -917.020935 -29.022234
127.434982 -920.164185 -8.908876
2.449282 -360.424896 -4.262360
8.197356 -366.053345 -16.934479
0.618650 -377.561584 13.521941
-1.516851 -369.754517 25.818285
32.203266 -493.921448 82.434441
33.051903 -464.813965 91.187637
30.612185 -549.445313 61.878922
32.261391 -522.381287 73.697945
30.721388 -575.335571 49.624222
32.147221 -627.607544 26.639612
30.960854 -600.847961 37.283230
35.141190 -653.217041 18.264151
40.416237 -677.087036 13.747053
45.388508 -702.848877 11.374281
50.843201 -757.474426 4.859419
50.074814 -729.294312 8.761665
40.091408 -756.842529 -17.621496
52.547142 -820.994629 -3.902336
50.986774 -788.344055 0.715984
62.467274 -891.046997 -11.845058
57.058483 -855.940247 -8.127943
68.959366 -922.940063 -14.540815
73.292946 -356.568146 126.139893
76.802788 -333.779785 125.692993
48.883751 -347.332245 119.132660
44.727596 -366.577850 117.823418
2.318615 -351.776825 52.011921
1.001656 -355.414154 49.871357
4.672100 -354.575439 64.792343
5.598607 -349.176056 65.609108
136.071228 -602.085876 42.814854
117.055954 -556.473206 -47.296104
74.970078 -554.880554 -53.724613
96.738701 -555.322754 -52.983315
44.502022 -604.652039 60.184589
65.623505 -606.962280 78.466484
69.486794 -582.903320 85.064384
46.789333 -580.323975 70.637314
91.561440 -735.572449 33.601170
67.917244 -732.945251 25.223299
70.336327 -760.362305 20.453085
90.642418 -711.612427 37.641148
138.238663 -711.184387 -60.907337
120.525276 -711.117981 -72.505318
101.563347 -743.005249 -84.156525
99.854324 -712.839417 -77.233276
123.690239 -741.144348 -79.528130
52.355160 -528.953552 92.691254
49.917950 -554.197876 81.973778
74.531151 -557.944458 93.677200
79.310158 -531.761047 102.705826
107.538734 -48.475536 -50.796318
121.526436 -52.137115 -35.130630
135.562180 52.210629 94.007042
127.152786 43.958294 103.541496
125.265747 32.804581 87.580185
135.618652 40.947983 75.453026
143.085724 52.127102 67.217270
141.460022 63.414394 85.655098
147.739441 65.851959 60.187111
144.735809 77.273148 77.556129
166.404694 118.134041 32.316803
179.418747 123.358948 29.162994
25.600286 23.108143 126.543282
26.683964 4.191829 134.903214
48.388969 4.401352 129.842178
57.947426 -162.568634 156.769165
72.786987 -246.087540 134.198654
49.280609 -249.492889 141.535751
41.582321 -273.005005 134.655945
8.024560 -326.075134 104.157631
0.289087 -337.199554 88.106308
-0.245021 -347.340668 65.989746
-0.370570 -350.444763 50.944881
56.408749 4.518750 -87.261620
57.843147 25.240440 -92.815598
17.483494 192.431885 -96.835419
35.700356 194.505920 -98.607735
34.648693 219.988235 -92.600456
16.992199 216.608932 -91.147507
16.711821 228.228134 -88.328178
33.186451 230.949783 -89.536934
13.492846 280.350037 -65.543983
15.162054 270.052856 -71.964935
-0.721208 -352.978333 32.703457
-1.479638 -355.308746 23.300976
-0.871545 -359.239655 44.919296
17.565622 -390.135254 96.189903
20.954914 -373.367676 101.134628
5.476738 -376.174164 79.555466
3.525303 -389.788208 72.849655
190.252563 -338.575897 17.637972
181.388504 -341.610779 57.120201
87.236130 -373.698364 -71.447029
336.395599 167.499573 -46.251160
315.720245 163.396866 -45.641926
316.600433 171.257126 -57.337700
337.457733 175.696106 -56.864365
61.117638 97.686363 -110.008064
68.011261 72.159264 -103.848999
76.025162 266.874237 4.289687
146.127579 275.673981 -0.161976
132.286301 278.052979 -3.821363
133.086029 265.162811 21.028435
144.092590 262.244232 23.874249
140.440506 230.041443 -74.329315
127.927643 228.703796 -80.242828
129.838745 246.701111 -69.694916
142.185333 246.299942 -63.429607
67.297119 -235.943909 -119.541206
37.065666 -235.072083 -118.600815
39.167122 -53.544456 -72.133934
37.422215 -33.419331 -77.879860
56.267082 -37.541370 -76.625221
59.009953 -57.507500 -71.325485
89.834183 84.768082 -102.274124
102.963295 69.231712 -92.913010
32.776062 92.122208 144.351135
48.844097 97.152603 145.450195
47.454426 114.850609 136.112808
30.962299 111.036819 136.638550
286.613983 191.834274 -70.721619
294.265656 178.036224 -65.776680
274.817780 170.675613 -63.742561
270.065887 178.122864 -69.089272
155.967743 -352.286377 -58.680439
181.276917 -335.894165 -27.182880
132.746735 -23.910137 -25.955046
131.116882 -39.984287 -20.676516
119.229935 -36.001915 -40.883289
121.809036 -20.150200 -47.079254
139.393326 23.794193 -28.893456
135.319656 8.537365 -28.760719
145.083603 38.822140 -30.117352
221.523773 136.440125 -38.530651
207.170212 121.647629 -36.157314
205.526382 124.345154 -45.477375
39.725777 -388.697021 114.934189
49.292545 -312.936218 117.389229
42.105080 -300.980469 121.494408
0.279808 -350.425720 38.222015
-0.233889 -350.002686 38.867130
51.360886 280.469940 19.158035
55.496273 284.802155 4.316410
263.378387 150.338974 -24.722479
249.290573 149.383499 -20.508575
177.756378 99.453491 -20.098507
193.603516 105.935257 -21.355036
190.350830 109.168503 -5.160652
175.826294 103.096825 -3.196226
177.490341 98.570816 -34.289158
193.887711 104.839165 -34.906757
129.033722 177.501724 67.268806
130.751404 195.728836 58.394276
120.665306 200.133469 58.873196
118.905540 181.575211 69.278992
107.974083 182.282471 72.823036
109.516853 200.480469 60.743183
96.893784 199.857758 63.637970
95.198776 182.028198 76.572845
74.156158 250.085922 25.300663
59.452045 240.939148 38.794014
41.834579 233.679581 46.752457
26.893541 227.823547 51.702389
13.715510 256.383820 -77.142586
34.035244 260.922516 -75.361237
30.060627 248.717621 -81.410172
13.538776 245.906097 -81.583359
0.064262 246.869949 -80.888977
-0.098680 257.828613 -77.016121
45.980740 266.848724 29.560247
33.960426 262.559540 39.688637
22.488293 248.905991 44.734257
324.850189 240.721603 0.614837
301.993073 240.640289 1.065438
53.736877 296.138550 -27.646921
56.708275 291.279572 -11.373080
324.997101 245.959915 -15.362349
301.833038 246.174530 -15.757432
116.697464 243.191406 36.822926
129.506607 244.049652 37.225708
120.203712 265.459229 18.915564
43.062698 276.450104 32.113033
31.856318 272.532623 41.901890
189.015427 -305.081879 26.609228
179.064041 -308.067200 61.473927
143.052322 -63.084499 33.298561
138.546356 -66.796593 57.701843
5.008615 -36.538841 149.011063
3.984308 -57.030315 152.991180
25.038370 -57.197582 152.060547
26.792307 -35.783333 148.077606
3.128861 21.343431 128.551208
4.052507 2.878394 135.978546
8.503852 276.105438 51.145958
41.859230 -100.833824 153.679474
43.611252 -77.824577 150.427597
22.952978 -79.379898 154.842789
20.786949 -105.670753 158.421936
10.552596 -130.652008 163.375229
8.511093 -142.135742 165.424149
20.012169 -287.623169 130.633530
9.276949 -287.225525 132.406128
247.887375 211.571442 32.424358
244.235794 227.801529 21.483847
229.400940 226.136719 23.899170
234.082932 208.681122 35.069847
78.988678 -96.723015 133.355911
60.718296 -98.254364 145.932434
153.025269 120.248001 50.958881
157.444611 111.484718 35.348286
24.223587 40.688164 132.964447
64.050720 103.256752 143.560272
63.265980 118.633171 133.813690
78.910172 106.377815 140.383057
78.255127 120.755539 130.021240
-0.348572 -347.098907 25.509525
-0.557789 -349.858582 28.422968
229.316101 218.645813 -66.686630
233.022278 211.615814 -70.765686
222.830872 203.664963 -72.151581
219.285156 212.557068 -68.210449
-0.752009 -401.858337 33.666927
-1.000178 -386.261810 44.199696
17.771547 -353.382843 -41.834675
5.179147 -349.863861 -25.733801
1.789037 -341.562714 -31.097486
2.202016 -336.586884 -42.320496
61.758034 -442.265381 117.197952
65.704269 -412.767883 123.440285
58.715282 -471.549744 109.725151
55.788490 -500.759949 101.605194
53.593555 -677.287292 30.072973
64.402931 -704.096313 30.672976
71.734627 -790.849915 14.940907
73.018501 -823.102600 9.392964
75.011238 -857.483215 4.426965
79.489304 -925.246338 -2.179336
77.130661 -892.380432 -0.130184
326.536438 243.736282 -31.308878
329.031799 237.141327 -44.852814
305.262695 236.301971 -48.696289
301.651550 243.890686 -33.755768
294.875854 156.477676 -16.394680
313.633698 158.845062 -18.116795
312.241608 163.794922 -2.777848
292.643402 162.226608 -0.521295
333.848297 161.183914 -20.062891
314.829651 158.211700 -32.754120
335.129089 161.883774 -33.883644
336.961609 186.816254 -64.587341
316.313171 182.100327 -65.545799
312.806030 196.750122 -69.182510
335.048004 201.489365 -66.741554
331.214020 227.515762 -56.016430
333.325958 214.970001 -63.749737
310.800293 212.787949 -66.407333
308.728088 225.564957 -58.989803
329.972992 184.793167 16.930531
308.276215 184.175339 19.873869
310.209381 172.605194 10.751736
331.139069 172.976334 7.952229
240.995331 241.178101 5.970907
226.934128 239.980118 8.482024
189.060898 140.875717 37.771381
209.150970 150.143280 31.921270
209.309525 159.658020 44.862625
186.864532 155.197418 47.233334
280.490082 227.739975 17.457010
279.856354 240.726715 2.190774
259.040100 240.675079 4.116282
260.999359 227.605164 19.708593
287.853516 182.001984 23.929274
267.611176 180.668930 28.572361
270.360687 169.714996 17.242460
289.861938 171.911499 13.754593
277.516357 158.685532 -53.716881
296.137665 166.144272 -56.384621
237.681442 190.245743 40.274700
250.775421 193.682968 36.632992
149.319427 111.819771 54.767033
168.134384 97.534843 -1.326464
162.799194 90.975723 0.457288
128.307556 58.988483 114.423286
128.758621 74.809753 117.959724
153.881348 73.098900 30.931440
151.701843 57.842083 37.974533
132.958435 76.166054 110.995728
134.571457 65.638901 106.053925
85.228004 0.500721 109.737709
23.953575 238.989059 46.527966
265.059479 196.798904 32.760197
262.776825 213.650223 29.792685
256.230469 169.794357 -66.129547
259.023529 161.251907 -59.428177
245.501205 153.208450 -54.629860
243.924561 162.142670 -62.169315
122.178139 104.969254 -90.870880
130.848953 93.692352 -83.618416
116.071327 83.825371 -88.959106
106.215210 97.174019 -97.334686
227.975464 233.471100 -54.867218
216.519791 231.131348 -55.157036
217.973755 239.179993 -43.735291
230.467712 240.556564 -44.458286
220.180511 245.230072 -29.008858
223.659470 247.777847 -10.591485
238.864349 247.164322 -13.045025
234.674698 245.586472 -30.943079
184.781525 -270.095245 5.244662
178.118134 -267.797791 -22.690144
115.530914 -146.014923 114.487701
132.456696 -140.137070 96.211617
100.496193 -235.150955 122.515579
9.544799 -358.017365 81.696823
27.399456 -347.115173 104.038719
0.838030 -424.251129 23.783791
184.353943 -273.798187 34.779602
11.556788 -481.047211 6.222610
5.555757 -451.746216 14.201753
61.330868 -477.281921 -53.797859
55.797913 -447.970520 -54.039070
86.217117 -451.025909 -58.071617
88.832123 -478.442047 -57.689503
115.349945 -453.618134 -53.262169
115.853088 -480.843109 -52.319523
101.506935 -560.907043 92.106560
102.589043 -775.718140 -87.841850
123.999733 -809.401062 -81.547020
103.215149 -810.101379 -87.144394
124.705757 -773.965942 -82.474724
141.531403 -741.418640 -65.483459
142.446671 -773.937988 -68.368790
140.598511 -816.234375 3.334884
104.199364 -845.025513 -83.047073
122.719482 -845.962952 -77.733650
141.233429 -808.962158 -68.204628
137.675781 -845.574219 -66.232803
-0.596862 -375.162567 53.349724
3.065457 -334.222717 -57.699780
159.823578 -314.159515 95.691673
161.301987 -343.256165 92.289589
77.358521 -312.559601 124.321465
105.042458 -297.242981 119.696396
114.019966 -74.991814 96.475159
97.718712 -76.545723 111.770088
114.648178 -36.878899 85.627724
114.849632 -56.328247 90.476410
127.684578 -52.821529 72.630463
126.946777 -34.625092 67.650841
140.132813 -29.320583 22.528149
140.363541 -46.512005 27.233276
138.865295 -43.486000 2.684117
139.504868 -26.636023 -2.518110
133.705322 -56.095455 -14.923672
141.726501 -59.883499 8.488467
73.421524 -21.599558 -76.335838
74.403900 -1.311941 -81.982841
91.113976 -8.021193 -74.442101
90.356079 -26.747194 -68.398842
31.637157 -291.671204 125.996185
2.492085 -360.459106 62.199322
70.115746 -382.912354 125.901001
104.113174 -350.947723 128.050659
135.644821 -346.171906 115.615959
246.548401 153.912598 -7.310669
156.415985 115.968468 -71.101196
153.569778 127.098442 -76.713165
255.976883 247.333054 -14.763515
251.004990 245.499710 -33.351357
251.266663 177.472855 33.844681
217.000000 223.300934 26.491064
205.201035 200.795395 40.388119
220.676407 204.288864 37.592373
126.986282 -244.208847 107.420410
129.395248 -266.061890 108.012070
153.851929 -258.419525 91.555069
1.328635 -350.057312 -10.083693
1.733745 -342.962128 -18.333557
51.161522 -330.043579 119.397148
20.428484 -535.701233 -9.480376
16.441952 -509.294464 -1.413840
23.064240 -561.073669 -18.104975
25.434155 -586.944214 -27.681093
28.665941 -613.462402 -36.116802
34.746380 -639.554932 -40.777397
42.593201 -665.631958 -40.492859
47.538074 -693.546143 -44.460175
39.889645 -755.156738 -40.284611
49.075043 -723.155518 -51.632973
48.431484 -753.259705 -57.810516
48.238617 -783.626953 -62.083630
56.687359 -848.896362 -61.653854
50.710464 -815.413086 -62.929562
62.477573 -883.012573 -58.943699
65.039108 -917.970093 -55.904789
-0.803262 -348.623322 17.295444
-0.433836 -349.591461 4.360395
102.990700 240.547012 35.437473
171.915680 110.095207 14.960141
186.061768 115.120285 12.732740
238.182281 173.137817 37.994545
3.466996 -328.146301 -73.734756
3.869966 -318.849243 -88.875648
286.963837 223.232681 -63.046394
281.895142 234.799225 -53.834641
252.382095 167.402466 20.638115
197.561966 134.226624 22.845783
211.668762 147.229218 15.368270
514.651245 242.572113 -18.468597
532.909607 238.500595 -18.640064
532.995422 242.166534 -29.683765
514.195679 245.585770 -30.511440
513.993774 234.509918 -9.113844
531.842834 230.468124 -10.197662
507.891602 177.860413 -23.147772
526.825378 178.392624 -27.940784
526.558777 186.390778 -17.354906
507.586243 186.890900 -12.826814
547.810242 216.527573 -7.637638
530.031189 219.656631 -5.650852
527.997253 208.007874 -5.699109
546.247131 205.567123 -8.743834
507.967041 175.877197 -51.334900
489.354523 173.447342 -46.979031
488.992676 180.516907 -58.734833
507.565430 183.343765 -62.008987
429.982117 183.670380 -1.484187
414.463898 185.145020 3.726541
416.659943 174.675186 -4.702629
432.049194 173.781433 -10.862528
476.243195 250.854141 -18.071669
495.717926 246.487320 -18.305729
494.463684 248.748550 -31.240679
474.312073 251.335922 -32.073765
471.242188 216.811462 2.616284
450.201324 220.245178 3.670409
448.176758 205.396332 3.023568
468.943207 202.095703 0.596781
453.854126 252.611008 -33.038570
456.080811 255.022522 -19.246645
509.685211 211.022110 -2.532236
490.957855 213.779724 0.383366
488.897461 199.814896 -2.247493
508.065582 198.171829 -6.013666
545.167419 180.949249 -56.331688
526.541321 178.295929 -54.299435
526.252625 186.422882 -63.919865
544.852844 189.164215 -64.529480
545.330261 195.452896 -13.831367
526.763367 196.745392 -9.993158
545.231262 186.208923 -21.617804
549.819763 232.827866 -52.234749
530.394165 234.114746 -54.938206
531.795715 239.924438 -42.139729
550.788391 237.573181 -40.323128
468.877014 179.437851 -13.436861
488.462830 178.450546 -18.047071
488.169617 188.051895 -8.525586
468.346741 189.634155 -4.882546
475.596802 243.390518 -6.886780
495.076508 238.779785 -7.859061
510.550323 235.088028 -57.100182
490.439148 235.322281 -58.668537
492.465240 244.144089 -45.251087
512.317200 242.407532 -43.815533
469.493622 219.575012 -66.172974
488.995575 221.539932 -66.654961
488.264709 206.405014 -68.332108
469.141327 203.391235 -66.188728
450.245422 173.170456 -18.869474
449.087189 180.725616 -7.680151
470.633759 171.317307 -41.300575
451.494446 169.790131 -34.290947
451.522766 174.783508 -48.409821
470.259186 177.775162 -54.251415
416.823914 241.314346 0.576172
432.710541 239.453110 0.981495
434.880402 251.693970 -7.506670
417.830505 252.827728 -8.979236
435.111237 256.601837 -20.747656
417.383942 256.752045 -22.692448
390.148438 247.472092 -37.880558
402.028381 248.918854 -37.219086
399.942444 236.906891 -44.440876
388.725525 235.976883 -45.747444
432.350769 211.144958 -63.825802
450.350922 216.021606 -65.333519
450.127594 198.993500 -63.292175
431.680969 193.997543 -59.946365
416.674774 177.635895 -48.144947
432.262787 180.514984 -53.203651
433.620422 171.690765 -42.081661
418.549957 169.415466 -36.032444
369.876068 167.997223 -37.776226
382.339142 169.546249 -38.949314
382.281372 165.165848 -25.387863
369.313721 165.089905 -24.126347
379.884705 174.570969 3.245498
379.432770 186.478287 11.570653
366.478607 186.308136 12.701527
366.919037 174.942001 3.997075
368.089508 243.183273 -0.389279
381.004608 243.317703 0.752275
380.295563 251.413528 -12.774146
367.308929 249.566208 -15.284695
417.520386 206.866806 -62.246780
414.229218 189.717880 -56.182392
391.357483 174.879059 1.699597
403.443329 175.046783 -0.875446
402.352661 186.393951 7.326520
390.283234 186.677139 9.976545
389.034760 213.974503 10.335903
400.255493 213.255905 7.891672
401.255524 227.559372 5.761118
390.676971 229.138260 7.637014
391.157349 243.436066 1.323510
402.720734 242.435043 1.211659
403.121338 253.256683 -9.675974
391.452515 252.587341 -10.846589
407.816589 205.343109 -60.766556
399.026978 202.682587 -60.742908
397.690857 214.671677 -57.475994
406.581207 218.018936 -58.451664
405.902496 167.486893 -30.681496
404.346802 174.767700 -43.612293
414.732574 211.469849 5.382017
401.971985 199.679367 10.151613
414.314362 198.405457 6.656568
403.374939 254.807495 -23.815447
370.603577 173.909531 -48.324490
356.566162 171.105560 -47.161026
356.740326 179.006516 -56.719391
370.939453 182.011749 -56.689644
355.538666 166.258499 -35.738297
354.238098 164.640793 -22.189751
350.524689 186.052002 14.446890
351.455505 174.415909 5.761374
349.574097 200.165787 18.090387
365.977692 200.953156 15.713850
365.000183 215.342239 14.042908
348.035858 214.957184 17.096704
347.550293 241.762848 -0.293184
347.722809 247.099579 -15.401031
366.990295 248.177490 -29.628567
349.144958 245.140793 -30.565079
381.347717 166.695328 -9.951560
393.089722 166.937042 -11.531929
508.814819 222.912811 -65.827515
528.606140 223.576019 -64.258156
526.940002 210.444290 -68.344467
507.593872 208.837006 -68.796585
526.164368 197.549606 -68.331490
545.082336 199.966431 -67.688080
493.566132 227.112152 -1.283756
512.144104 223.574112 -3.296111
549.438110 226.843491 -11.041256
415.412903 225.933701 3.731047
430.671387 223.710907 3.307691
387.634064 224.269608 -51.438839
378.353516 222.670746 -54.606129
378.098541 234.459122 -48.063732
416.827545 223.653015 -58.748959
412.936249 237.124542 -46.680141
432.267700 242.552094 -46.764229
432.210693 229.165802 -58.776600
390.060303 199.444717 -60.617775
380.898010 196.802002 -61.322292
379.643677 210.073029 -60.475994
388.975067 212.052917 -58.035492
366.448029 230.304199 9.659410
379.665192 229.933136 8.674524
352.092224 229.197540 -53.646931
351.438599 238.631180 -43.427177
367.156525 241.863388 -41.335854
366.855835 232.229935 -50.635956
378.950134 244.938217 -39.419018
353.003082 217.736832 -61.541393
367.505066 220.632111 -58.358994
347.246094 229.896851 11.421319
369.577759 194.155029 -62.508724
355.568604 191.141846 -63.638100
354.391022 204.856491 -65.040169
368.772125 207.590561 -62.921024
507.166443 195.172958 -67.595268
488.273102 192.263077 -65.651741
418.810516 167.601288 -19.360449
433.749268 168.191956 -26.194225
405.522552 166.965393 -14.358356
508.082092 173.612106 -37.123100
526.925842 175.160339 -41.381714
469.712463 172.324036 -25.752974
489.050415 172.486526 -31.874340
470.536469 234.400467 -59.222355
392.256927 179.555176 -49.452404
402.123199 182.972351 -51.961334
393.247986 171.890152 -40.680630
352.425812 167.485748 -7.229605
368.094025 167.644989 -8.908810
406.434174 195.036072 -58.628010
332.128204 165.974075 -4.838843
415.254517 250.658813 -36.668846
379.885986 250.980972 -27.053072
391.125549 253.573685 -25.129654
551.234619 239.138351 -28.578003
473.757751 230.987976 0.601464
429.495544 209.098648 3.875618
429.174316 195.850693 2.844589
382.283569 176.670090 -48.809433
381.864471 184.882996 -56.538631
390.951843 187.910446 -56.511898
378.712433 201.338943 14.289139
377.564819 215.220749 12.173622
545.374634 177.101212 -44.737217
390.006805 200.469986 12.484001
433.136932 252.660538 -34.712189
17.621445 204.766174 -93.874817
0.515909 191.456573 -95.668816
0.586142 204.183014 -92.969719
146.794739 42.458111 44.326206
111.012306 17.241158 85.149330
124.324394 20.302702 71.042641
163.469193 104.195976 17.527477
157.782745 96.727142 20.348097
215.890182 142.978195 -0.088531
202.312561 127.514008 6.374047
150.369400 79.847542 52.211349
74.840019 421.554352 -10.524210
72.418259 414.912781 -13.077240
77.083534 434.342682 -10.644397
9.766216 -118.185051 160.745621
-4.360919 -143.431641 164.633224
-5.217428 -155.067551 166.007309
73.495956 406.243225 3.449252
71.688332 400.638184 -0.960138
75.415352 403.411591 1.655294
73.579330 408.152313 5.518985
73.189934 407.139313 5.191377
77.677444 436.692719 -0.368787
70.328445 406.821289 -13.427794
67.988136 397.472076 -11.969944
75.208862 423.327179 4.473935
50.822914 -117.404404 -72.606422
55.650402 -136.493942 -80.366478
29.805752 -136.223373 -82.275642
26.233194 -118.655319 -74.306824
3.489055 -150.638489 -90.467712
1.251916 -133.937988 -82.824409
34.544197 -154.710236 -91.165703
152.037933 -189.172668 -58.724442
147.774445 -167.081802 -54.300159
162.791855 -164.208008 -30.447834
167.479721 -186.249130 -33.513573
166.064560 -149.175201 -3.353116
172.342346 -165.512665 -3.805677
156.161560 -147.082886 -28.064041
169.404358 -153.683456 24.601295
174.893814 -170.370529 24.460413
165.969177 -160.174652 51.917641
170.321198 -178.983231 51.487282
160.175613 -187.670654 75.355515
144.378937 -195.673126 96.394325
125.436501 -224.515945 109.617767
123.652489 -204.938217 113.195648
101.461548 -213.571091 127.139580
76.897163 -220.751541 139.033157
54.028728 -225.684052 148.722092
33.028751 -228.863541 155.107925
13.943348 -230.288116 157.551300
-2.818372 -231.462631 157.308868
-2.041059 -252.873306 149.552185
98.570213 219.240570 49.726093
79.818008 277.040558 -54.402397
98.964844 280.338623 -32.733067
90.847206 274.334320 -54.327389
111.825066 224.332581 -87.601219
93.900200 217.399155 -95.045944
95.552444 234.685028 -88.009636
113.909515 242.999908 -77.950562
70.366371 267.553314 -68.142105
64.546822 270.182556 -66.537895
77.802658 263.871246 -71.015388
63.104496 253.255493 -80.191696
46.852528 244.922638 -84.652740
145.697571 275.289612 -26.538204
158.946808 270.677704 -21.931761
154.708694 259.920898 -43.737030
143.866837 263.192352 -48.308296
138.691528 213.866043 -82.412796
149.054306 214.712448 -78.505585
147.850693 199.706558 -84.162109
136.844757 197.970337 -87.480705
189.826645 250.201340 -10.518577
201.554871 246.966614 -9.266156
196.996536 243.867096 -29.343113
185.656937 245.632172 -30.981102
149.653793 229.582932 -69.893539
81.596214 104.328995 -106.721146
98.204742 112.723198 -102.668060
114.660957 117.687698 -96.436714
151.178131 139.792023 -81.367958
143.588562 120.860977 -81.772942
140.617691 134.648529 -85.879044
162.406876 144.587784 -77.920982
174.898621 146.548386 -73.516678
187.515762 201.822311 43.016808
186.641571 176.870392 50.490582
207.088333 179.051956 46.502766
209.054352 155.229050 -66.770576
213.246307 152.093002 -64.312454
197.435089 142.074570 -63.486332
192.296707 146.903305 -66.067619
131.534714 277.952454 -30.720322
195.464325 234.238449 -44.166534
192.158844 226.785828 -56.470116
180.116592 225.116013 -57.587204
183.104996 235.062347 -45.692188
192.534729 214.925247 -64.971962
193.028870 202.776321 -70.718048
180.070999 200.432816 -73.121208
179.907608 213.052185 -66.967537
205.428925 160.689331 -68.920609
187.014893 153.489243 -69.118439
215.102661 239.835648 10.231670
169.449295 261.182648 8.278358
158.669464 270.171295 4.491700
154.130798 255.399460 27.440723
163.826080 245.060959 28.525774
231.892761 152.789124 -4.043730
235.823029 148.519379 -17.028927
237.220291 144.379684 -30.411280
203.548752 129.475754 -53.986774
237.484756 142.997665 -41.991859
225.491272 166.551590 41.652237
224.236237 184.088715 43.758045
147.617081 231.038437 40.028252
157.395966 220.285141 40.906990
212.319824 247.133469 -9.206244
208.285629 244.276642 -28.542141
237.957932 170.303787 -68.907486
228.283234 160.855865 -65.824280
224.679337 163.984329 -68.620476
185.470703 118.990547 -59.661114
201.889664 136.651566 -59.512390
170.114075 263.725220 -16.820694
204.059433 229.054993 -55.558300
206.094437 236.535706 -43.574741
168.988342 213.145920 -70.056358
159.110626 213.984375 -74.399101
159.592178 227.852814 -64.971283
168.995514 225.841934 -60.833588
210.157532 195.645187 -72.849373
206.687912 207.405441 -69.437218
158.038574 199.688065 -80.757469
168.367172 199.465561 -77.091835
221.367599 168.894348 -71.458069
139.343887 239.771042 38.733948
124.613495 220.633743 48.013191
134.639404 216.137009 48.311165
142.832458 207.215958 49.006134
153.757477 195.903809 49.891502
167.946259 183.196960 50.972820
112.325752 220.178207 48.565628
399.634216 191.440887 -57.461548
241.207001 168.397552 -66.593849
246.773102 178.979233 -71.362961
251.526443 175.565765 -69.507988
288.521088 209.085007 -68.999092
2.792124 347.855194 112.748451
3.001600 342.693207 109.816589
1.317922 370.404816 113.169640
1.494407 367.030762 113.853058
397.712036 225.364365 -50.257862
405.557159 227.073074 -51.528015
450.862183 233.002121 -58.878201
452.025543 245.163116 -46.562382
472.157684 245.342697 -46.230751
455.111328 248.355820 -6.234635
452.895782 235.683212 1.632632
448.141602 192.110794 -0.806927
450.695801 185.144928 -58.020344
585.897827 228.348160 -16.319218
603.571960 224.509140 -15.185402
604.834412 231.045364 -22.898090
586.901550 233.692383 -25.332739
620.751099 220.469818 -12.911896
602.258850 215.564285 -11.527079
619.120789 211.247086 -11.618847
600.646301 206.318359 -12.356991
617.285278 202.990463 -13.459167
615.722778 195.893234 -18.376175
599.359985 197.975571 -16.665537
599.123840 191.572144 -23.596834
615.502686 189.942139 -25.887819
581.551208 186.452286 -29.330786
581.658020 181.585876 -38.933273
599.490906 183.619339 -41.347195
599.407837 186.762924 -32.150986
616.583984 190.554276 -59.074673
599.778931 188.197083 -59.239391
600.078308 196.557816 -63.694752
617.023926 198.180878 -62.961952
584.886597 215.233185 -62.868862
603.004700 216.750732 -61.358147
601.024780 206.797119 -64.015549
582.952087 204.500854 -65.504776
619.644165 217.833786 -60.602749
603.856750 224.641983 -54.481701
620.494995 225.082993 -52.957333
566.988831 223.284302 -11.270150
568.271667 231.873215 -17.513718
550.679565 235.055450 -18.401035
582.048889 200.222870 -14.253972
583.112732 209.403076 -10.764897
565.547852 212.873566 -9.564778
564.246704 202.786377 -11.844791
545.466248 178.956375 -32.253799
563.598572 180.354172 -35.898796
563.426086 186.426163 -25.925159
581.482849 192.864243 -20.957020
563.561829 194.097107 -17.774204
581.579956 180.991272 -49.451313
599.457153 183.428192 -50.972633
587.138489 233.720322 -36.116184
605.138123 232.167557 -33.644798
604.877380 229.479355 -44.443893
586.944458 230.439545 -46.609833
563.533020 179.006470 -47.297756
569.172058 235.606201 -38.167595
568.680664 231.636322 -49.425060
585.838806 224.421783 -56.433441
567.311646 224.253662 -59.089870
621.672302 230.687836 -31.242922
621.822144 228.291779 -20.414200
569.023865 236.394440 -27.107893
581.560364 185.623169 -58.730976
563.406494 183.348801 -57.650360
563.356812 191.761246 -64.539574
581.896240 194.084564 -64.502594
546.612854 211.371384 -66.688309
565.810425 213.492874 -64.564537
564.223938 202.201752 -66.470810
617.597778 208.020386 -63.567093
548.199890 223.817688 -61.652561
694.569519 190.172577 -23.799030
699.293030 188.796051 -15.301256
691.254700 184.434250 -13.628206
685.977478 186.637634 -22.814686
671.908325 176.154541 -7.283201
680.099670 176.922394 1.615905
673.556641 180.597122 7.530543
664.022400 179.814484 -0.453316
702.652466 190.132156 -7.429289
695.003784 184.627686 -5.850517
701.550232 194.568115 -1.808216
709.681030 195.386200 -8.262746
709.318787 201.678406 -4.537461
716.868530 205.329468 -6.107460
715.347046 213.583252 -9.376745
704.130798 211.906784 -5.653365
697.818909 221.753647 -28.276518
711.350464 219.667923 -28.497253
708.749146 220.296570 -38.604229
695.008850 221.548843 -37.896248
700.117004 214.865036 -54.966438
687.484619 216.580780 -52.823009
691.517517 219.171127 -45.413391
705.389648 217.536041 -46.756721
688.376892 192.666763 -37.091721
690.212463 192.119492 -31.757917
681.464539 189.547745 -31.748299
679.264587 190.385193 -37.522556
699.058289 196.557053 8.006291
700.468811 193.311737 6.305599
700.537476 201.199524 0.024043
695.178833 204.371643 1.579193
656.111633 181.294373 -47.494385
655.749512 181.877823 -40.710468
645.797668 183.458130 -38.099770
645.435974 182.954834 -46.012905
649.844788 182.343948 -14.299483
646.423950 193.162323 -7.172116
640.339844 194.650711 -11.681285
645.165222 185.450607 -20.610266
656.145081 180.412064 -7.885773
661.032349 189.743195 3.785769
652.589172 191.124573 -1.877386
671.639832 188.902222 10.688775
643.937683 184.682022 -55.730324
651.242493 183.376511 -58.632641
763.459961 197.601547 -11.067765
758.181580 197.867416 -10.625132
758.818604 196.421829 -15.430747
764.156006 196.440567 -15.898208
649.515503 200.992996 -65.470360
643.331482 199.276688 -64.390259
644.511475 208.354736 -63.185482
650.980469 209.796707 -62.590069
657.560547 202.251694 -67.251419
659.522095 210.976395 -62.800682
766.122192 210.475586 -10.598454
760.499329 211.476395 -10.956946
759.513489 207.076904 -8.533277
764.921509 205.963776 -8.343756
702.970154 192.145920 -23.313152
707.136963 191.374222 -15.280493
724.414673 192.975830 -17.254688
723.169128 195.039276 -11.686833
715.248047 193.293518 -13.561648
713.345520 192.695404 -22.092775
705.960510 194.005875 -40.000206
710.187988 193.603104 -33.601654
700.099854 193.971237 -33.747265
696.266968 194.070221 -40.229694
692.987061 190.622803 -50.028114
692.697083 188.215256 -55.173260
700.816833 188.714935 -56.068417
702.308655 191.289307 -50.458492
721.794983 193.126312 -46.500290
720.395569 192.512985 -51.261917
728.948303 195.545776 -51.863132
730.433228 195.732437 -47.571613
636.649231 198.674942 -63.845299
637.938904 207.875427 -63.725338
691.175964 206.664703 -69.561050
699.641907 205.324371 -72.625397
695.673401 197.955765 -77.972687
686.954590 199.151749 -74.786308
653.812927 216.648224 -56.422192
646.913025 216.260132 -57.388939
767.251831 212.820114 -15.351825
761.555298 213.914230 -15.733516
673.630676 198.465347 9.900707
662.779114 200.682556 2.171620
653.654358 202.522491 -3.839247
647.078918 204.315277 -7.517216
641.003479 206.229492 -9.189039
718.201294 192.675888 -26.473064
697.521240 192.994110 -30.104336
686.715393 192.342850 -40.770882
681.398010 183.279449 -65.342087
684.060486 184.688187 -58.888794
677.519775 183.434189 -56.588882
673.712952 182.975998 -64.853706
685.789856 190.897278 -75.275047
694.665344 189.984253 -77.528885
695.978333 185.340881 -73.008057
687.772156 185.504868 -71.345993
697.460571 199.278030 11.434383
689.822510 205.042664 5.418622
649.661194 191.590546 -64.613792
643.052917 191.188675 -61.992863
636.859192 191.359192 -59.933334
667.460144 185.666992 -39.644100
669.017639 185.673279 -36.163818
656.940979 181.096649 -31.293173
655.834717 182.146484 -36.468765
676.356995 180.571625 -21.371580
682.473816 178.866882 -11.744567
664.828186 177.004547 -16.897560
645.674377 184.114609 -30.944000
637.655457 187.338379 -28.341856
637.846130 186.014252 -36.601185
637.524536 185.495255 -45.146385
636.746338 186.900452 -53.808743
628.808167 188.741165 -27.353100
629.057434 186.793335 -35.731262
629.006470 186.110458 -44.822281
628.857544 187.540268 -53.193436
631.022217 217.501633 -59.463821
639.496704 216.571808 -58.409138
629.959534 208.055634 -64.350731
630.834900 199.132324 -13.059461
628.996155 193.184265 -19.292526
637.875549 190.404495 -19.684521
633.225037 207.382156 -10.389338
685.842834 178.389023 8.154750
691.735657 181.045441 3.338973
696.175171 180.899979 8.512553
691.719666 178.892258 13.165002
716.375000 198.553864 -8.126541
723.703125 200.289734 -8.045188
724.534912 206.933060 -7.370481
658.667053 183.214844 -61.875267
662.961304 181.662460 -52.243931
726.779602 193.137360 -22.415464
753.664734 212.264908 -11.186110
741.902771 212.848419 -11.251081
740.625305 207.204315 -8.532863
752.803833 207.451080 -8.531027
735.500183 197.466461 -25.929871
742.971130 199.553497 -24.915997
740.580139 195.998199 -20.517998
733.127869 195.067108 -20.934668
718.249207 190.862686 -56.981220
725.161926 193.448212 -57.452232
724.823914 214.978577 -29.375879
713.040039 219.726990 -18.086224
724.302246 217.645416 -19.045208
703.757141 193.037979 -45.539776
711.566223 191.405975 -50.845921
712.878052 192.573364 -46.012630
721.547668 193.006638 -28.770267
717.791260 193.240051 -33.368610
725.331787 194.086868 -32.384064
727.924622 193.845734 -26.924744
675.184998 190.084686 -73.064690
676.540283 201.149338 -71.905045
758.587646 202.075363 -8.310491
763.876282 201.299744 -8.561559
629.159302 198.563690 -63.511497
628.693481 191.577026 -59.498371
694.185242 192.756561 -45.092674
700.489624 219.699554 -17.468327
684.930481 191.023529 -44.651993
716.182129 206.524277 -64.124954
723.338440 207.125534 -65.107635
722.948608 200.754669 -66.196007
715.968201 199.883759 -66.720894
754.207703 201.506989 -24.482302
761.074402 202.604904 -24.278185
759.977539 198.401337 -20.638035
752.800476 197.306717 -20.337595
731.063782 194.723175 -16.104946
739.073608 195.090042 -15.569707
738.495056 197.041168 -10.973345
729.911804 196.544220 -11.171448
730.582153 201.301071 -8.573936
739.293091 201.706711 -8.661782
755.394775 207.859009 -25.649139
744.596802 206.326691 -26.168636
743.701416 213.080582 -23.120636
755.315186 213.296371 -22.124649
675.136536 218.202881 -50.788937
683.949402 212.899231 -60.524090
672.177063 214.749359 -58.078018
711.820496 213.136627 -57.007900
706.642944 206.908768 -64.597855
695.603699 210.714828 -62.744617
680.488464 208.681870 -66.596123
733.796692 205.945068 -31.679533
732.726257 211.470474 -33.284988
733.974854 211.521667 -25.739309
683.571655 188.036835 -50.271980
751.940796 202.103683 -8.368431
652.253723 221.689209 -17.066702
659.814148 220.389877 -16.134438
661.532349 225.135880 -28.484894
652.998962 225.924332 -27.702751
751.903198 195.711716 -15.159428
751.568420 197.264877 -10.467435
717.522217 190.237701 -62.860935
718.803589 192.388580 -67.285721
723.548218 195.184128 -66.280014
723.603088 193.425186 -62.382069
669.400269 210.620651 -64.125687
705.493042 203.887100 -75.420502
702.816772 196.265656 -80.404892
661.667480 216.427841 -56.567356
655.929443 221.439133 -47.895649
664.270386 220.210754 -49.038696
719.969971 214.041550 -47.805519
678.505920 220.650070 -44.025734
667.306274 222.281784 -42.238701
658.264038 224.031555 -39.659309
651.073975 225.256287 -38.863274
649.414978 221.985184 -48.059685
754.711670 214.802078 -16.258453
762.193726 212.792328 -21.444407
631.937500 224.116013 -50.477566
641.371216 222.838562 -48.928665
632.927795 227.456970 -40.514317
643.096008 226.317734 -39.353794
672.029053 223.910080 -26.118557
669.793579 223.944687 -34.494003
684.629028 222.800888 -27.702286
681.666138 222.646576 -36.719242
721.503601 218.418640 -39.209354
776.021240 207.674988 -23.139748
775.283691 203.367035 -23.961195
767.181152 202.949219 -24.331572
768.186523 207.998291 -23.945667
762.023315 208.122147 -24.721846
768.064758 212.116730 -20.781380
687.136536 219.522934 -16.834377
732.612427 196.862335 -31.883537
672.409058 217.981094 -13.569298
682.246094 212.055908 -2.298866
692.059814 214.053864 -5.400280
666.128662 210.683853 -2.609139
656.222717 212.869049 -7.730535
643.111023 215.434204 -11.430058
649.119080 214.042480 -10.443953
634.557068 217.115341 -11.895289
676.530029 206.847168 4.964062
771.460205 196.275391 -16.980892
770.924622 196.799789 -11.839628
644.993774 223.117905 -17.518858
635.510315 225.186951 -18.499361
688.041077 179.252075 -3.188210
676.088562 188.551987 -43.658146
674.229492 185.871368 -47.826981
670.722351 182.403625 -54.561535
666.492432 182.877609 -63.993423
634.700989 229.039063 -29.150879
615.854553 186.783173 -34.304932
615.998840 185.624329 -43.479160
620.864075 228.835083 -42.543804
771.261780 199.992386 -8.994219
732.157410 202.032547 -51.386993
733.557678 201.481995 -49.651398
680.914124 181.069931 12.892174
688.462646 181.201279 17.467485
691.372803 193.537384 19.881809
682.462280 196.053574 15.803384
679.872375 187.884277 16.159756
688.719421 186.635605 19.929575
666.372314 184.957779 -42.306652
665.507751 183.636963 -46.314793
666.356812 202.244446 -69.339195
665.299805 191.494507 -70.696007
731.730896 207.235291 -8.504413
732.619995 212.840897 -11.797225
724.819214 213.626968 -11.189279
742.564758 215.580872 -17.122778
737.290161 204.286423 -27.288221
735.281067 201.717682 -30.673653
671.557983 183.838379 -30.066034
659.595337 179.173309 -24.989479
699.603149 187.424301 4.886769
696.673767 186.309982 0.255750
714.555603 193.163330 -39.812302
731.321167 213.736328 -46.149040
731.327332 216.707108 -39.429344
722.578674 193.688293 -39.631409
772.603333 204.283325 -8.630342
773.852966 208.931244 -10.645576
732.983154 216.042419 -18.435642
709.793152 189.182373 -56.700916
733.027588 207.962982 -48.852734
726.660889 210.156296 -51.618107
701.151062 189.585648 -78.640289
644.750732 227.338257 -27.945688
765.621765 198.394547 -21.232126
772.997498 198.441177 -21.849815
775.545349 210.724045 -20.321987
774.586853 211.529449 -15.456043
657.114502 191.865555 -67.742905
677.932556 189.969284 -40.751030
616.199158 186.668442 -52.032871
685.433655 202.948807 11.472768
694.555603 198.985321 16.457304
729.985840 195.502914 -39.920700
710.556763 203.134262 -69.384094
730.042175 211.144135 -54.345558
726.038513 212.598633 -60.159004
719.863831 212.623276 -58.821510
733.036133 206.496338 -52.780304
781.140991 210.703903 -15.467684
781.878296 209.902496 -20.117043
780.620667 208.082809 -10.692513
778.842896 203.553909 -9.062665
776.975769 199.630402 -9.565433
782.204895 207.153290 -22.817657
781.210754 203.196899 -23.503565
778.591980 198.530396 -21.665976
787.403076 206.403061 -22.829025
788.272766 208.916000 -20.058718
792.965698 205.420807 -10.529995
794.318542 207.324493 -12.528222
790.915771 208.064697 -12.738642
787.841797 207.518692 -10.967034
797.532410 204.269653 -11.322607
798.714966 206.712769 -13.013911
794.707153 208.902374 -15.903564
790.421814 209.169693 -15.454365
799.423645 208.418640 -16.504145
799.053040 207.756927 -19.977419
794.511719 208.014526 -19.247168
790.945618 208.658691 -18.268728
786.898987 209.847473 -15.410542
801.458374 203.909531 -13.229734
803.743408 204.615479 -17.305243
803.274536 207.503601 -16.998030
801.723816 206.248154 -13.826823
784.700317 203.125931 -9.494050
791.032166 202.136505 -10.247840
796.235535 201.180832 -11.436381
800.293701 201.064285 -13.807808
790.170532 198.751343 -11.197023
795.568298 198.699509 -12.909095
798.850952 199.015656 -15.091084
789.956299 196.523407 -13.938764
795.387390 197.374344 -15.329908
782.571960 199.295792 -10.073659
781.648621 196.456711 -12.705790
797.804932 198.208969 -16.311852
802.375000 202.003571 -17.897240
793.580566 207.109451 -21.734573
798.399902 206.155151 -22.148602
792.896790 205.144150 -23.251390
797.800293 204.166321 -23.116903
802.341797 207.452118 -20.111107
802.363831 205.516281 -21.345160
776.031067 196.700027 -12.317341
776.613037 196.481567 -17.436848
782.005920 196.224548 -17.535210
790.094788 196.081345 -18.483469
783.694275 198.586517 -21.618113
786.422546 202.789169 -23.493141
792.170471 202.324005 -23.554295
790.883118 198.659134 -22.243063
796.857605 201.627991 -22.993998
796.016357 199.050018 -21.768797
795.617737 197.454651 -18.792589
799.709595 200.909805 -21.524376
801.234619 203.122421 -21.778938
800.326172 200.012222 -18.401623
798.345154 198.677277 -18.713608
798.365906 199.432434 -20.856945
769.411499 198.937973 -41.715786
762.438599 199.430542 -40.177830
762.021667 198.512314 -44.621002
769.158813 198.258759 -46.341488
769.918457 211.314911 -39.327065
763.465454 212.309845 -38.485088
763.330505 206.992950 -36.812862
769.837891 205.815323 -38.044571
769.421875 214.068634 -44.661289
763.011963 215.200836 -43.898983
755.825928 212.976120 -37.191444
742.619934 212.037064 -35.170395
742.516296 206.218689 -33.952003
755.758911 207.382523 -35.569633
741.180359 201.888184 -49.912193
739.719177 198.413895 -46.350655
762.894409 202.567154 -37.882885
769.694275 201.494537 -39.049114
754.404297 202.958878 -51.397263
762.645020 203.508652 -52.722126
762.139465 199.919876 -49.322281
753.863953 199.235229 -47.887699
739.407837 197.382477 -40.732121
740.520935 198.047455 -35.302120
741.875732 201.538574 -33.534176
755.068481 208.476074 -52.211430
742.246704 208.218216 -50.423214
742.160767 214.070953 -47.334000
755.433228 213.613831 -49.182392
755.122803 202.500351 -35.978436
753.633301 198.064331 -42.753796
754.324707 198.982132 -38.134075
755.362305 215.917145 -42.876766
763.056763 213.005661 -50.101334
779.053101 208.308319 -54.414028
779.163147 203.952911 -55.077694
769.693848 203.596725 -54.046478
770.009583 208.293930 -53.818661
763.103210 208.290100 -52.966938
769.628357 212.428665 -50.566387
779.422852 198.093597 -48.642620
779.327148 198.334946 -43.793423
779.538635 200.569016 -40.887508
742.192505 216.634033 -40.847591
779.389343 204.510452 -39.921284
779.088257 209.889374 -40.921215
769.300293 199.832794 -50.997665
779.082764 199.837708 -52.828285
778.528076 211.703964 -51.413647
778.216370 213.051559 -45.909180
785.944641 212.051941 -47.327358
785.912842 210.894287 -52.325016
786.814453 209.329895 -42.433746
786.290649 204.250885 -41.289124
785.710205 200.633682 -42.242764
786.192810 208.257797 -54.869057
785.884521 204.414398 -55.500938
785.114868 200.293762 -53.610672
792.908142 207.999146 -55.704895
793.858521 210.518463 -53.633358
805.618225 206.930878 -46.694244
806.089233 209.716095 -48.234097
801.212219 209.706848 -47.243034
800.298767 207.552307 -45.118843
797.733765 210.230545 -46.949036
794.730896 209.177246 -44.463585
802.316467 211.286469 -50.550873
797.028992 211.007675 -49.714977
806.543152 211.852844 -51.812244
805.692993 210.868881 -55.041042
800.309998 210.422836 -53.478916
796.887451 210.517227 -52.461918
810.157349 207.269577 -49.067135
809.835327 209.813736 -49.265091
792.940613 211.504425 -48.848358
792.320984 204.471390 -42.881584
799.106628 204.068375 -44.433647
805.140991 203.950058 -46.661503
809.463318 204.438263 -49.473022
798.234131 200.621506 -45.330086
804.366821 201.312973 -47.607380
807.786499 202.380203 -50.389454
797.627075 198.303955 -48.207584
803.724487 199.787888 -50.103554
790.987915 200.669830 -43.519585
789.968445 198.440201 -46.300777
806.395447 201.305222 -51.406395
811.028809 205.885849 -53.330032
812.264160 208.810944 -53.080727
811.534180 212.024796 -52.618595
799.667419 209.137939 -55.156391
805.374329 208.932129 -56.186481
799.339661 207.681870 -56.771473
805.053223 207.395233 -57.232231
809.764648 211.220154 -55.746620
809.998962 209.266495 -56.286350
785.216431 198.534897 -45.164623
784.996582 198.360489 -49.517265
789.686035 198.139008 -50.565941
797.294312 198.342819 -52.549122
790.044678 200.374222 -54.592213
791.791077 204.615952 -56.314064
798.387024 204.885712 -57.123272
797.405884 201.153839 -55.963394
804.028809 205.064514 -57.147228
803.167358 202.293549 -56.255875
803.190186 199.991776 -53.621761
807.657532 204.804794 -56.300266
809.276306 206.943878 -56.584888
808.941895 203.480835 -53.558613
806.545593 201.857422 -53.765903
806.032166 202.981293 -55.726921
758.062012 198.543243 -62.935242
752.526001 199.010849 -61.245354
750.896118 196.640717 -65.013229
756.508728 196.130264 -66.891602
758.658997 209.954651 -64.060493
752.352417 211.005692 -61.664238
753.533325 207.176773 -59.789467
759.284363 206.664307 -62.102680
757.494629 211.145538 -68.348862
750.620300 212.141541 -66.528656
745.952393 211.360916 -59.446728
736.682861 211.191727 -56.768719
738.292664 206.203033 -54.882904
747.577637 206.989578 -57.431072
753.568726 202.966370 -59.695953
759.171570 202.695206 -61.666553
742.210571 197.988251 -70.490921
749.057373 198.983948 -72.456665
749.676208 196.756851 -69.279900
742.833557 195.997665 -67.038704
732.785950 195.124344 -59.443615
735.384033 197.292343 -55.673824
737.502319 201.251465 -54.634209
742.142639 203.047119 -72.072090
731.282104 201.911682 -68.625717
731.961609 208.416504 -67.467781
742.326782 209.171082 -70.063301
747.707886 202.342636 -57.457752
744.331055 195.686340 -62.774384
746.383179 198.192917 -58.979973
743.632751 212.448425 -64.634888
749.276550 208.988998 -71.553207
765.331848 204.460297 -77.394936
765.014832 200.189102 -77.351448
755.145752 199.209122 -74.675392
755.396790 203.947845 -75.314293
748.867371 203.480133 -73.793396
756.296448 208.670914 -72.983383
765.386536 196.199905 -69.896629
766.554504 197.846695 -65.809090
767.532593 201.704300 -64.396866
734.056824 212.600296 -62.144043
730.970215 196.661240 -67.110420
767.921509 205.268372 -64.804291
767.797791 208.533447 -66.589920
755.377625 196.594940 -71.450592
764.587830 196.971176 -74.472939
765.867798 208.383820 -74.990623
766.629150 210.374130 -70.634850
773.243347 209.828445 -72.303040
772.307922 208.390259 -76.732384
774.547424 208.136780 -68.274323
774.196167 204.597260 -66.680031
773.216370 201.214005 -66.318825
771.780396 204.586777 -78.890244
771.386902 200.895920 -78.685104
770.181824 197.560516 -75.887665
776.529907 204.431473 -80.303680
778.214966 207.771332 -78.166275
790.852783 205.796799 -72.268745
790.910095 207.471436 -73.949776
786.475708 207.317993 -72.736671
786.354736 206.188049 -70.745216
783.184021 208.107834 -72.135277
780.781189 207.775665 -70.073708
785.897217 209.196365 -75.904587
781.941101 209.062500 -74.622223
790.402771 209.167755 -77.408653
788.594299 207.640762 -80.580833
784.193420 207.527390 -78.920776
781.238586 208.301132 -77.394028
794.456238 205.949799 -74.693489
793.925598 207.777344 -75.342018
778.463989 209.198563 -73.664169
779.326416 204.373444 -68.115692
785.338318 203.512985 -69.601303
790.269653 203.151093 -71.512741
793.506958 203.042374 -74.305420
784.057556 200.461243 -69.784409
789.094727 200.469864 -71.951981
791.769714 200.673523 -74.420769
782.699707 197.790054 -71.180046
787.922974 198.524063 -73.341637
777.943970 200.952866 -67.992180
776.218140 198.119797 -69.327019
790.205383 199.458069 -74.943008
794.018616 203.276077 -78.676643
795.160339 206.487167 -78.918808
794.317932 209.112640 -78.704117
782.917603 206.196030 -80.686050
787.707397 205.815674 -81.887062
781.727600 203.633972 -81.434036
786.920410 203.517792 -82.185867
791.955261 207.980118 -81.155945
791.886169 206.217529 -81.831161
771.781067 198.206436 -67.701561
770.463196 196.755280 -71.406143
774.853394 196.815033 -72.643265
781.575684 196.773849 -74.730568
774.411804 197.799789 -76.956223
775.563965 200.904068 -79.581551
780.914429 200.711243 -80.780731
780.591370 197.980179 -78.491371
786.282349 200.948807 -81.384369
786.015564 198.718140 -79.533279
786.852600 197.757889 -76.366882
789.790588 201.183670 -80.740440
790.926392 203.668549 -81.680771
791.887390 200.825043 -77.910820
789.815186 199.249283 -77.292030
788.800293 199.494629 -79.515617
731.219971 195.241364 -63.441372
734.560852 191.019943 -82.889008
730.570740 191.584259 -80.315414
728.666199 189.426712 -82.892197
732.534058 188.792282 -85.466118
734.914063 201.353409 -85.903336
730.353699 202.378723 -83.132401
731.794189 199.277252 -80.183327
736.283325 198.494553 -83.015144
732.407349 201.244843 -90.124687
727.593079 202.309982 -87.635750
725.015686 202.623337 -79.671036
716.445984 203.015854 -73.874344
719.118652 199.009689 -71.768906
726.630615 199.303543 -76.748528
706.070190 189.398239 -79.304710
712.087219 189.442169 -81.867592
714.243469 187.959198 -78.629341
707.631775 187.036957 -75.519180
731.781189 195.190964 -79.250641
735.987061 194.606415 -82.164169
720.319153 189.938187 -86.383743
725.119934 190.188263 -89.361763
726.805969 188.826843 -86.138466
722.344543 188.371246 -83.209320
710.648132 186.821625 -71.825592
716.639648 188.339996 -75.419495
718.487915 190.522644 -72.725937
714.334656 188.294662 -68.581421
719.739990 194.018967 -71.670883
719.180908 193.680557 -88.259727
710.690552 193.064011 -83.649223
710.024597 198.447708 -83.567253
719.672791 198.700546 -87.982666
727.045654 195.110504 -76.202400
724.226196 188.988678 -80.061882
726.085266 191.358871 -77.358635
722.025208 202.798431 -84.101334
725.293518 198.527542 -90.854080
734.673950 192.713943 -97.319786
734.831787 189.673401 -95.736526
729.213806 189.803146 -92.194069
728.749451 193.402802 -94.095703
724.407227 193.870789 -91.337418
729.937805 197.764832 -93.449898
737.842529 188.322021 -88.928467
740.123474 190.344940 -86.414070
741.490356 193.742142 -85.581406
712.517700 203.819809 -78.826103
742.057800 197.171783 -86.479591
741.036743 199.770477 -89.108917
730.688782 188.324112 -88.841118
736.037781 188.104324 -92.455887
735.941223 196.676071 -96.611908
738.361450 199.707123 -93.136391
743.246948 199.224487 -95.644196
740.906067 196.341446 -99.108513
745.654236 198.969849 -91.497597
746.411255 196.586945 -88.865990
745.240417 193.243469 -88.130356
739.309631 192.211273 -99.529518
739.205383 189.734894 -97.818619
739.892578 188.394760 -94.708115
743.798950 192.256088 -101.563919
746.026550 196.003433 -101.183983
758.100342 195.778320 -96.227821
757.399231 197.029831 -97.729492
754.537842 197.073013 -96.429214
754.619507 196.522995 -94.420647
751.488953 198.058624 -95.829002
750.065735 197.947296 -93.626976
752.851746 198.066971 -99.435455
749.717163 198.185455 -98.186829
756.320801 197.871979 -101.178711
754.471069 195.538483 -104.058250
751.117737 196.082626 -102.619209
748.780762 196.979401 -100.931129
760.648315 195.380890 -98.831680
759.758972 196.924133 -99.344086
747.098328 198.583725 -97.215889
749.936768 195.941940 -90.976517
754.414368 194.827164 -92.930931
758.694092 193.781342 -95.420601
760.576538 192.898865 -98.721611
753.278870 192.441849 -92.532249
757.294922 191.585007 -95.384163
759.014832 190.847687 -98.340775
751.260132 190.137253 -92.927681
755.514343 189.860413 -95.747124
748.636414 193.239426 -90.028130
746.550232 190.621460 -90.450203
757.536560 190.013199 -97.779716
759.776855 192.429291 -101.865135
760.198669 194.802719 -102.614441
759.282593 197.347092 -102.743393
749.760925 194.258911 -103.719986
753.835571 193.440277 -104.975624
748.358765 191.744537 -103.233696
753.502991 191.250793 -104.297195
757.218262 195.691818 -104.695808
757.457092 193.822098 -104.727531
743.588379 190.301727 -88.867180
741.667175 188.511551 -91.103241
744.582764 188.585022 -92.794357
749.314697 188.449463 -95.029442
743.252563 188.498352 -96.365105
742.944885 189.643600 -99.522430
747.895569 189.552963 -101.491539
748.077515 188.142776 -98.485512
753.086060 189.552139 -102.529602
753.174377 188.494446 -100.120804
754.052734 188.598038 -97.443092
756.682739 190.137924 -102.193161
757.258179 191.637527 -103.807693
758.557312 190.646774 -100.672798
756.947693 189.536377 -99.322212
755.968628 189.309067 -100.714661
705.718933 192.528625 -81.246407
706.413940 196.174194 16.775074
707.658447 193.499435 13.159342
706.300720 183.996231 11.132162
703.184631 179.209000 14.121234
699.633301 177.899506 18.964199
698.306458 180.734329 22.807766
698.843628 185.358261 25.009645
707.996765 189.475677 10.705714
703.811035 196.436905 21.400690
700.745911 191.487762 24.737198
709.200256 189.751297 29.773476
711.808044 194.604782 25.978071
706.932983 183.521561 30.385548
705.363831 178.821762 27.652943
705.534058 176.270782 22.991543
713.671631 194.950165 20.806728
714.127258 192.353653 16.510073
713.286560 187.591721 13.877633
720.398682 193.700058 24.996603
721.477966 193.025177 31.446722
724.481567 179.000519 39.844677
724.901184 182.825134 41.413078
721.375549 183.120300 39.234970
720.100037 179.362839 37.779789
719.390686 184.132172 37.283012
715.857849 181.994400 35.439301
723.392395 188.422836 39.265972
721.321228 188.352554 36.963661
726.221924 192.048508 36.543110
723.297180 191.706314 35.594406
726.765503 188.224594 41.974701
728.115112 183.098328 42.970257
730.154907 187.013306 43.036182
729.052124 180.446960 41.660744
717.773499 188.548615 34.474312
712.553833 177.305191 31.764336
719.132935 175.946701 35.144089
724.960388 176.129120 37.340912
730.083862 178.447556 38.360737
719.660034 174.005783 30.371969
726.125305 175.502426 33.252132
730.210571 178.264389 34.663826
721.156372 175.681183 25.575813
727.150696 177.253769 29.788818
711.590027 174.692215 26.409880
712.796326 176.107224 20.748129
730.070007 178.854782 32.096111
733.482300 182.945801 37.760014
733.031433 184.699097 41.490108
727.196045 192.765305 32.937511
729.151794 191.605377 38.996353
730.971924 191.538269 35.501354
726.991577 192.249344 28.599152
731.692871 190.112900 32.045738
731.475220 190.294205 40.944096
733.393677 189.358704 38.511765
707.774719 177.512131 17.618612
710.908813 181.805405 14.407074
715.473450 180.873901 17.537342
723.051514 180.341278 22.566612
718.372253 186.722839 17.288095
719.998291 191.796921 20.123623
726.655396 189.924118 25.031855
725.391357 185.785049 22.568447
731.279968 187.716995 29.333021
729.970032 184.642548 27.841991
728.656799 180.665787 27.942987
733.114197 185.238724 32.401108
734.022278 187.243088 35.287281
732.601074 181.849518 34.341324
731.242065 181.301331 31.479601
731.833740 183.784286 30.687366
702.377502 185.458847 -74.296234
705.269226 185.242249 -69.194878
698.148926 184.903488 -67.867592
689.712891 184.109543 -66.544373
680.906921 185.049606 -70.366219
691.732910 185.680038 -60.679359
700.129456 186.313568 -62.274586
709.468506 187.267776 -63.935177
686.684937 187.025452 -54.604401
36.710209 424.704102 93.178986
40.026897 423.881775 91.647949
41.186253 418.507751 88.255630
38.764751 418.113251 90.062500
35.695606 417.827179 91.911148
31.790998 417.904022 92.673325
26.228712 424.981506 94.646004
31.864855 425.423798 94.930954
16.963083 419.551483 91.131630
18.753448 420.893890 91.344727
17.679312 418.679871 91.280800
23.584791 418.434509 92.437843
19.968374 418.709839 91.513756
43.698509 421.874786 87.434082
44.508316 420.823761 86.191780
42.219200 422.832245 89.651955
27.644777 418.101898 93.066376
44.213509 419.833405 85.864883
43.001751 419.058899 86.606865
21.631407 423.510620 92.894791
36.057053 420.030151 92.258812
32.044224 420.111877 93.299362
27.153183 422.747528 94.261177
32.162277 422.896881 94.161674
23.839165 420.225891 92.858696
21.377594 420.008270 92.109627
38.921047 419.964722 90.438568
27.723452 420.269897 93.618759
36.472980 422.585083 92.637039
20.923088 420.911438 92.163727
22.995888 422.040009 93.200493
43.866764 420.482941 87.194901
43.575970 420.197235 86.769226
14.323911 195.008224 69.343674
14.453166 178.338699 79.656586
39.470306 422.012512 90.950058
42.568577 419.992340 87.589653
41.064144 419.933014 88.987923
41.424679 421.435638 89.245140
42.902916 420.958313 87.818535
281.760010 213.823105 26.158268
284.730682 197.630356 28.143398
277.606567 246.967285 -16.187965
272.843628 244.121811 -38.386803
62.743984 -76.510925 141.311798
105.666260 -31.306118 -56.927158
107.256439 -14.637707 -63.387638
37.223618 -12.044682 -84.125008
55.876511 -16.357300 -81.867012
136.085434 -31.634308 46.604744
136.518936 -49.383610 51.204525
100.877983 -37.413628 102.019272
99.605629 -57.559383 106.054741
128.537140 -71.145416 78.879898
78.359879 -60.204491 -66.922897
74.831726 -41.045204 -70.931953
91.863892 -45.106522 -62.712593
95.991600 -62.965816 -58.879944
18.499828 -29.664814 -73.488846
18.593609 -9.335449 -80.997086
142.239883 -11.325622 19.932926
141.336197 -9.692526 -5.380443
123.165779 -3.591129 -49.263786
108.999237 2.454428 -65.490952
76.564308 17.823833 -86.193741
93.589058 10.123870 -77.395386
86.461006 -17.260515 113.973206
68.441193 2.302927 121.377335
137.394119 -12.979753 44.525875
27.364313 -15.139905 142.202850
39.645020 52.193584 -102.021385
61.156944 47.239101 -99.053658
134.169891 -7.425800 -28.594610
30.075966 142.756805 113.955795
30.147795 127.963409 125.809235
46.663494 131.299759 124.105125
47.005936 145.489304 111.824257
62.885254 133.235626 121.586884
78.169060 134.599594 117.943123
91.644424 135.191193 113.112114
121.927498 131.127380 95.072563
113.461128 133.132324 101.547783
136.170517 123.068970 80.618492
129.472321 127.958984 88.155716
142.574921 113.268616 72.273209
147.886673 101.936653 60.594234
152.501785 90.858109 45.764660
153.859177 102.166260 39.356575
147.652328 89.552788 68.768051
142.420517 101.739449 80.231400
136.246597 110.437347 89.714661
16.953800 86.921417 142.110733
19.737322 62.889553 141.026123
13.749857 210.949524 59.947456
469.426910 188.975388 -62.574692
584.549988 219.656937 -10.943146
30.036886 239.188019 -85.797752
15.263060 239.185150 -85.691475
-0.870046 225.270676 -87.299553
-1.726441 234.987122 -84.715309
101.044823 270.461945 -56.730824
87.605446 258.832947 -74.046043
68.698746 246.783005 -84.358154
50.824043 237.527893 -88.502068
125.293777 3.684421 64.884705
36.127525 208.827255 -95.743340
52.850780 226.798370 -92.408134
72.639908 236.661606 -89.604240
94.035202 249.802368 -79.837067
114.540627 263.883667 -61.490349
131.146301 265.070343 -53.683559
151.802002 245.063263 -58.551220
161.111954 241.755173 -53.540462
165.330200 254.800827 -38.376446
175.244156 249.484436 -33.852303
170.758240 238.042801 -48.924210
243.692490 240.412567 -47.281025
256.408447 237.460602 -51.858891
265.155243 230.226303 -59.858551
270.063416 219.762619 -66.471161
271.503998 207.440994 -70.758736
269.504791 194.132202 -72.502731
261.831329 183.205551 -71.893517
231.724319 160.750977 -63.615719
218.946564 151.451157 -61.328358
169.923523 112.077904 -61.736530
159.741989 107.219604 -64.292992
126.481979 74.057228 -78.192909
138.233032 84.672951 -73.916313
116.155502 58.202847 -81.383362
104.745605 -150.433533 -76.339111
97.744759 -133.546173 -69.125252
116.437943 -134.127548 -58.993999
124.152977 -149.273941 -65.100800
24.181734 -98.615654 -65.597443
46.404972 -98.271362 -66.434334
163.284775 -138.290039 24.571754
158.881699 -134.740768 -2.694415
148.243881 -133.078796 -25.861374
133.769043 -132.237350 -44.403912
160.220245 -143.074707 51.749279
79.276733 -178.394241 146.720169
99.322861 -172.332504 132.320923
15.978074 -189.507141 167.667648
36.718399 -187.332642 164.789536
151.256561 -149.996368 76.287170
57.965660 -183.520691 158.155548
118.709045 -165.223129 116.152626
136.878433 -158.065964 97.488037
90.606659 -116.565697 -63.424088
71.071152 -117.397873 -69.241875
66.534714 -97.902184 -63.960590
36.000172 116.926544 -113.658546
56.871712 118.609909 -112.037041
75.541077 122.543716 -109.452591
91.321785 143.107834 -106.056633
107.049782 151.261581 -100.720421
109.755020 133.006332 -99.966087
94.410980 125.394821 -105.125763
136.229630 164.475601 -90.165604
147.247086 168.825241 -86.741310
148.746536 153.596542 -84.774681
137.644424 148.890396 -88.668869
159.282593 157.649979 -81.736298
171.168655 159.422699 -76.682945
184.994156 162.509979 -71.628883
201.978210 168.201996 -71.988617
195.094772 190.414139 -73.625328
180.711761 187.148514 -75.846848
135.845917 181.506577 -89.736679
121.823410 176.264313 -94.323486
35.768589 149.947510 -106.822609
17.133825 146.891922 -103.279655
155.780640 85.175224 25.241005
159.490326 80.813507 3.228327
159.893936 79.194885 -17.038956
158.299927 79.642494 -34.052242
155.859283 82.200867 -48.345333
151.365463 86.705620 -60.821033
145.887054 93.538589 -71.314537
153.164658 100.654625 -67.592247
139.889557 102.074379 -79.744148
147.790222 109.473961 -75.514198
133.778915 112.726791 -86.716141
128.614349 125.772026 -91.780708
124.153610 141.663910 -94.126572
122.450287 158.260101 -95.007141
90.344643 161.714401 -105.449524
107.021156 168.886597 -99.783569
73.075920 173.183197 -106.919617
73.812958 190.475143 -102.824371
73.684776 139.514725 -110.584557
73.379097 154.688126 -109.607857
66.760094 278.746674 -56.684090
50.010265 270.854218 -67.611694
250.201248 193.085464 -73.703918
258.668945 195.006592 -73.252731
254.317398 186.264938 -72.748581
249.239807 186.858582 -73.252083
259.482910 204.752808 -72.327682
245.917145 210.727814 -71.829575
256.911102 215.532043 -69.764832
249.071518 202.235458 -73.637497
252.172379 224.612625 -65.174911
242.076050 218.698288 -68.493431
245.505569 231.097519 -60.072193
237.481232 225.113007 -64.140869
234.268890 228.538284 -60.511337
237.468185 234.143585 -55.722675
205.258377 217.571411 -63.862823
217.264313 221.263367 -62.422817
227.911224 225.154175 -61.364052
217.953049 176.553894 -73.173073
230.659302 187.581085 -74.250435
240.312195 196.069107 -74.237480
237.056320 204.190964 -73.365280
227.112198 195.545441 -74.045135
214.003448 185.048859 -74.029083
35.748878 132.814056 -109.841309
54.556053 135.820877 -111.424622
158.334839 171.284042 -83.696693
167.971420 172.543152 -79.222412
180.295486 173.202759 -74.863297
197.182877 176.963776 -73.592606
168.394730 186.042114 -79.604401
157.671539 185.880646 -83.373932
147.089081 184.363251 -86.565216
54.630886 153.466873 -109.125679
16.981041 130.734680 -106.673409
170.711349 209.637039 41.565849
175.321915 233.806808 28.731953
179.658310 251.313065 9.875476
179.526077 255.662231 -12.917653
-1.305386 268.532593 -72.488121
393.978027 165.503189 -27.310057
-1.051344 76.725578 -106.543861
-1.698802 97.554886 -111.306808
1.173293 12.229111 -84.938316
0.905612 31.024281 -96.131943
42.438137 -75.622635 -67.290794
21.673441 -72.918472 -64.798218
19.661703 -50.209137 -68.248917
1.189511 -116.049438 -73.569374
0.938646 -97.335274 -60.853378
0.979166 -47.732742 -61.462093
0.826760 -26.461809 -66.664474
19.242279 53.530296 -102.678864
17.103601 115.646095 -113.607803
-0.829645 130.334793 -105.409050
-0.383193 146.306961 -101.948044
-0.145337 163.031052 -99.858360
104.558426 106.361687 130.533325
103.675926 120.301804 119.587021
92.079643 120.522049 125.369965
92.911736 106.394722 136.210052
122.262093 105.059380 115.426025
121.726326 118.076164 105.501320
113.535889 119.627861 112.916336
113.845360 106.416687 123.264236
129.119904 115.295319 97.906876
129.308411 103.029427 107.030914
104.798462 91.135315 138.740662
114.422417 90.925827 131.225159
93.090179 91.294365 144.230362
129.207260 89.439110 114.568901
122.558052 90.437920 123.131783
8.276052 306.122650 84.670097
7.570829 311.330536 99.332108
2.493469 352.447327 113.212326
2.066049 356.603638 111.283783
1.896808 297.679932 63.938969
1.253259 290.925293 58.845585
0.104328 335.382721 109.462082
0.426915 322.089386 109.528877
-0.135244 377.041168 114.841309
-0.110865 373.832367 113.330894
0.181929 363.570251 114.346603
0.319384 359.894775 113.206841
0.867863 283.214081 54.835445
2.056604 301.460968 72.225533
0.460356 265.361847 49.331501
0.382246 255.443695 46.645527
10.516340 246.585922 45.309341
11.176809 236.013092 46.841267
15.259193 106.025528 136.159882
14.541168 145.906219 100.495781
14.074893 137.050385 115.534798
14.331262 161.632004 89.939880
12.197107 224.991745 52.487938
0.609773 274.634460 51.838505
0.392551 347.898376 112.627800
0.261222 342.514160 110.063301
-0.028790 370.237885 113.167770
0.081344 366.956329 113.759399
-0.944321 193.139145 70.580826
-1.337061 175.705276 80.962357
14.226151 123.216919 127.034050
1.518155 84.210396 139.545837
1.828718 60.045479 138.837631
-0.230716 209.298828 60.592361
2.089576 38.936085 131.402527
166.886169 -318.092163 -52.302532
148.591919 -334.044678 -71.394020
141.054138 -318.704681 -81.778564
155.554718 -307.019287 -68.443947
166.204025 -264.560730 -49.151287
168.087738 -239.782135 -43.025528
168.607147 -213.027222 -37.663017
120.787193 -324.885651 -93.845261
93.190758 -305.323273 -109.650833
95.606857 -325.844025 -102.571777
154.077759 -213.494263 -62.375484
153.506851 -239.258072 -66.893784
147.491394 -299.517548 -78.406509
150.201675 -285.121429 -75.631729
163.296265 -288.169067 -58.102501
117.883560 -306.123657 -100.625313
136.165970 -303.703156 -88.665680
62.699100 -153.329407 -88.066574
67.348022 -172.007065 -96.738358
39.087376 -171.821198 -99.024376
141.700989 -147.471542 -48.948460
130.197861 -167.557388 -71.406052
3.209379 -307.422333 -99.800720
135.165817 -285.734528 -90.549889
92.537827 -284.970490 -114.200470
116.076126 -285.197540 -103.625229
95.162521 -213.070267 -108.063126
117.089546 -213.293182 -97.356873
116.591194 -238.325867 -102.704300
93.791000 -236.438660 -113.681549
136.878693 -213.876495 -82.117546
134.641190 -189.321503 -77.083092
93.595963 -190.937576 -100.434563
115.418243 -189.937637 -90.755051
110.865166 -168.867630 -83.494354
135.967270 -239.668030 -86.818665
92.205887 -261.324738 -116.467186
64.082932 -259.601471 -122.121132
34.422379 -257.574493 -120.359634
4.976073 -260.161926 -116.624413
4.952537 -236.382126 -116.504158
90.095001 -170.679749 -92.039566
77.105515 -135.301102 -75.944420
84.468834 -153.207108 -83.481384
62.748245 -77.371666 -65.578156
110.326324 -532.181946 98.777946
-0.761163 -358.003448 10.422527
-2.003066 -364.086548 37.261326
175.882629 -280.371338 67.439034
186.666412 -301.232849 -6.393817
176.293991 -294.561890 -33.843636
7.744678 -366.221893 81.741867
24.492294 -359.425201 103.914398
157.294525 -283.705688 92.010475
106.130409 -321.374054 122.998421
0.334883 -366.966797 59.694061
151.987747 -263.190704 -71.152367
134.976074 -264.067230 -89.458488
116.351051 -262.956116 -104.520287
63.869610 -281.745117 -120.602379
33.313591 -278.454712 -118.848785
4.427127 -279.298859 -113.035744
20.898376 -305.645020 119.817642
9.127460 -300.267090 125.320625
16.572599 -297.691193 125.898796
-0.566838 -289.375336 133.273712
0.232931 -303.252075 124.596237
9.962218 -312.385925 116.271294
0.734308 -315.839874 114.426842
0.789556 -328.501862 103.265350
79.046272 -199.247375 144.791382
100.711006 -192.970123 130.889191
15.087486 -209.325500 163.825745
35.277977 -207.765167 161.248520
156.074799 -168.444031 76.645012
56.646664 -204.329865 155.160004
121.082451 -185.628326 115.890106
140.806641 -176.663040 97.750641
4.748394 -191.466751 -107.678352
4.022666 -171.378174 -99.989204
-3.745638 -209.972717 163.163193
0.849071 310.882050 99.681084
1.321622 305.552856 84.812981
-1.731103 494.731201 87.597557
-1.315499 310.951660 -47.513657
-1.257969 438.935699 106.596596
0.377711 356.333801 111.179657
-0.160453 379.098816 117.708130
0.358566 245.182892 44.621170
-0.085225 234.011276 46.117401
-0.054454 -345.933838 11.428067
-0.615131 223.287079 52.704636
0.859293 -344.717102 -2.708259
0.946835 -6.333235 -74.798592
66.495384 -949.628967 -27.777441
65.449593 -948.483398 -42.777313
69.028526 -974.895386 -38.548706
67.843796 -975.628235 -23.924595
86.078400 -944.054504 -69.374229
73.899506 -946.322144 -62.118591
100.608452 -943.201843 -70.526512
113.425652 -944.067261 -65.362854
108.565353 -971.209412 -62.617199
97.992470 -970.806458 -68.116394
120.822929 -944.645142 -56.548431
122.083427 -971.489380 -44.228558
125.968605 -944.927612 -45.550308
128.717728 -945.633484 -28.060881
124.195610 -971.053040 -28.135998
121.788368 -948.779724 -8.958095
117.288437 -973.952576 -8.877482
107.430443 -951.777161 3.601177
72.275429 -951.624146 -11.950288
71.990196 -976.626770 -7.954134
85.290840 -971.479858 -66.408195
75.772766 -973.549927 -58.159473
71.427330 -974.668579 -48.553539
68.229698 -947.687561 -53.358978
67.557259 -1001.403198 -33.932186
63.958229 -1000.695496 -19.440369
83.674294 -998.238525 -66.227318
75.574654 -1000.752808 -54.066616
104.715904 -997.056091 -62.399586
95.792229 -997.009460 -69.273415
122.599152 -996.630310 -44.318855
113.535683 -997.081787 -53.568447
115.532631 -971.548523 -53.997330
123.024811 -995.609436 -28.732538
116.124931 -996.865540 -6.839857
69.361282 -1000.115967 -2.407175
71.521301 -1001.462585 -43.988510
121.644852 -1088.646973 138.585449
120.573944 -1084.259399 138.560928
116.281372 -1084.115112 139.285187
115.035751 -1089.244873 139.577316
84.449577 -1089.971924 147.423798
82.847054 -1080.263794 150.579147
74.781174 -1081.354858 147.927032
73.663086 -1092.394043 144.869766
100.631760 -1090.125122 147.358124
101.877869 -1093.038940 143.728378
106.722931 -1093.160645 143.300247
108.660568 -1090.410156 147.008850
141.823639 -1083.048584 110.448486
141.704391 -1087.179199 107.630165
145.785950 -1086.874023 106.085655
147.237732 -1083.510864 107.685745
129.144608 -1087.359375 127.347824
129.206604 -1091.090942 124.099648
133.231216 -1090.374390 122.911308
135.136368 -1087.541870 125.013321
85.625374 -1073.626831 129.230255
72.326843 -1071.821411 126.589569
73.052368 -1078.204224 139.294464
85.081017 -1076.551147 141.790054
67.227386 -1086.092651 134.602676
66.220184 -1081.244629 120.701340
72.603981 -1089.006714 118.699570
73.658401 -1090.703247 131.539703
84.977585 -1089.690430 121.872650
84.917686 -1091.221436 133.475586
91.864212 -1083.458862 126.752258
93.256447 -1085.007446 139.884201
109.769798 -1083.031616 128.771851
105.114853 -1075.846924 130.339447
106.747887 -1080.900269 141.604584
112.988403 -1087.262207 139.942459
94.602463 -1076.392944 131.833176
98.676903 -1081.256836 142.486374
90.708092 -1085.917480 129.816589
95.900177 -1090.415771 125.965744
98.767052 -1092.153809 137.640396
93.380585 -1087.956665 141.856552
105.112320 -1089.733154 125.485703
107.874039 -1092.315796 136.626465
122.095261 -1075.406494 123.528961
111.839493 -1076.631958 125.641960
114.359070 -1081.909668 134.201752
121.155022 -1081.816650 133.377655
109.867317 -1089.117065 133.323547
108.214569 -1086.055420 124.363655
113.355209 -1089.977539 121.340065
115.132103 -1091.815308 131.003098
122.501381 -1088.867676 120.355125
122.287971 -1091.791870 130.545364
126.579132 -1081.769897 122.791428
125.551239 -1087.199585 132.490143
141.035172 -1080.065430 109.808861
137.651581 -1073.301147 111.236008
135.737213 -1080.128296 120.087196
139.026733 -1085.171021 118.494263
129.968689 -1074.545898 114.676163
129.949890 -1079.931152 121.860695
125.851677 -1083.711792 122.338600
126.655937 -1080.341187 116.007126
128.735138 -1087.879028 111.512703
127.564323 -1090.406372 118.994537
136.552383 -1087.824341 108.165009
134.879639 -1090.532227 117.461464
151.592545 -1071.239258 95.632217
149.242615 -1076.117554 103.580254
150.892654 -1081.489380 101.432671
151.636734 -1078.533691 92.022240
145.066315 -1071.251709 100.396919
144.581055 -1074.815674 106.144127
140.431778 -1079.520752 105.774254
141.430847 -1077.573120 101.264420
141.056931 -1085.408936 97.012482
140.080933 -1087.053101 102.723991
147.316177 -1084.464478 92.960281
147.092957 -1086.895874 100.835022
89.253296 -1071.029297 116.436272
72.453979 -1066.148926 113.912590
75.577461 -1092.028931 140.410645
66.521477 -1077.259277 107.827003
81.995476 -1092.339600 141.346909
88.534698 -1087.992676 111.309418
73.611916 -1086.101929 105.739655
90.245804 -1082.436768 121.477318
107.087395 -1084.866943 147.264282
107.596153 -1087.971436 110.029289
107.782471 -1083.314331 119.420013
102.233429 -1084.818359 147.772903
106.853828 -1071.504517 115.382149
124.086967 -1071.392090 107.099541
116.335655 -1092.731201 136.818649
120.168526 -1092.942139 136.412140
125.559807 -1087.071411 103.945412
127.283516 -1079.107666 114.125900
133.968170 -1083.823853 125.267220
139.857101 -1085.311279 93.621422
142.563446 -1076.762939 101.234161
131.195251 -1082.931763 126.414612
140.349884 -1068.425537 96.444138
147.736450 -1078.789307 107.478394
149.241699 -1083.450439 82.625336
154.529480 -1075.787842 79.923935
144.828629 -1078.300293 109.252563
152.023575 -1067.363159 85.353600
80.819389 -977.278137 3.560163
81.324020 -952.839294 -0.362884
93.118446 -953.875793 5.606462
91.823906 -978.218811 8.090148
104.622643 -976.334106 4.419216
78.934685 -999.250427 9.980697
91.702950 -999.340881 13.528071
103.684113 -998.740417 7.486943
125.605179 -1016.675598 -29.732351
122.815269 -1016.718018 -46.517956
112.996269 -1017.058350 -56.684597
105.148590 -1016.584167 -66.213989
94.639114 -1016.918274 -73.613991
69.391518 -1019.196411 2.330296
79.984016 -1016.000366 17.659599
93.712173 -1014.791748 22.466396
107.318016 -1015.059937 14.956799
68.878342 -1058.689331 99.061676
86.694603 -1057.435181 100.754524
83.798813 -1047.792725 82.623772
69.550377 -1056.633789 79.015282
103.673210 -1059.925171 97.603416
102.006409 -1047.887573 79.252960
120.628067 -1061.140137 89.957870
118.011276 -1051.716553 71.148376
136.791443 -1061.846436 79.985779
132.834396 -1055.494141 61.653076
150.627518 -1064.244873 70.512184
146.223816 -1061.478638 51.912430
156.478378 -1074.086670 64.888657
153.666946 -1071.804077 46.091011
63.525295 -1073.706299 92.407593
66.339432 -1071.133789 72.891640
72.970184 -1084.774536 88.884865
75.358826 -1083.127686 69.921013
88.596489 -1085.452271 88.075333
89.833321 -1083.819580 68.184441
148.994141 -1083.781006 47.815273
150.331802 -1084.549683 67.129951
106.560585 -1085.358276 84.401062
106.993164 -1083.662842 63.885658
123.583153 -1086.025513 78.755875
123.287415 -1084.990112 57.996510
138.188950 -1086.119507 72.547211
137.410416 -1085.946411 52.196323
81.056923 -1041.230713 59.695789
99.381310 -1036.022217 59.009323
114.117516 -1040.987061 49.950768
127.899292 -1047.464355 39.522800
140.458694 -1057.117065 29.716452
148.375168 -1068.634399 24.577005
126.759949 -1036.304688 13.018898
134.726212 -1055.226440 5.467061
140.411255 -1067.919434 2.455036
134.953461 -1066.670654 -19.603830
131.800995 -1053.312256 -18.576773
122.784248 -1053.024536 -57.483852
127.497833 -1052.289185 -40.312012
131.063644 -1065.768066 -41.622856
126.308472 -1067.315674 -59.804630
128.411972 -1035.655518 -13.108203
124.865234 -1034.882813 -35.038456
119.455528 -1034.482910 -51.242332
110.173134 -1067.629639 -80.289597
109.565941 -1052.608398 -79.570015
117.556152 -1053.204834 -69.478943
120.275604 -1067.786865 -71.836060
93.983650 -1068.985718 -84.917923
93.990494 -1053.393066 -86.746658
78.424667 -1055.763184 -75.629768
77.985863 -1070.418579 -75.852371
106.686905 -1033.995117 -72.085457
112.626701 -1034.911255 -62.247719
94.331383 -1034.336548 -79.214867
79.631645 -1036.953369 -70.112991
71.890282 -1056.844482 -56.673588
74.470772 -1037.975830 -53.758965
70.251274 -1071.056519 -58.509914
71.477310 -1055.980347 55.427773
71.546249 -1067.952148 50.751106
111.491158 -1027.752930 30.652010
95.832634 -1025.517578 38.770458
78.221535 -1032.184204 32.717556
70.034431 -1053.607910 30.139414
73.490646 -1067.312988 25.753366
67.853554 -1055.160522 6.480567
72.828873 -1067.510620 3.549945
78.895622 -1077.648438 47.387787
80.951027 -1074.101074 22.893995
79.564133 -1073.934326 1.285860
66.597130 -1055.946289 -13.721581
70.157944 -1068.339844 -15.434982
67.769798 -1056.263306 -29.357851
69.465584 -1069.073242 -31.015762
69.277176 -1070.143799 -43.979179
69.948952 -1056.813965 -42.050354
67.735374 -1039.416016 -29.758833
70.667473 -1039.024414 -41.231785
65.685448 -1040.050537 -13.100974
68.827362 -1037.050903 7.501700
145.297012 -1080.988159 25.439531
139.203598 -1078.382568 3.133534
132.435471 -1076.433228 -18.721054
127.559959 -1077.070190 -40.397816
121.117409 -1078.365356 -57.167080
115.120995 -1078.526245 -67.604614
106.663452 -1077.882080 -75.227753
93.536049 -1077.380005 -77.252831
81.616035 -1078.363281 -71.308678
75.830780 -1079.915649 -58.012630
74.351768 -1080.400879 -45.489189
76.810921 -1076.393066 -18.215179
74.727074 -1079.254028 -33.248104
62.705742 -1022.160767 -15.264690
65.492256 -1022.128113 -31.409439
69.373009 -1021.745056 -41.888931
80.732483 -1019.590027 -65.587494
73.992088 -1020.927429 -52.036823
91.372429 -1081.786133 44.477493
107.371895 -1082.186768 39.843384
122.492447 -1083.328979 34.172501
135.223389 -1084.102417 29.074553
131.131912 -1082.099854 5.884315
119.432312 -1081.881836 9.806377
104.989006 -1081.375610 14.626464
91.171883 -1078.466431 19.594549
124.676987 -1081.033081 -15.782356
114.354584 -1081.593994 -11.994874
100.851112 -1081.245728 -8.070418
88.920494 -1078.873657 -2.507111
85.094513 -1081.553833 -22.096853
95.544250 -1082.584473 -27.833155
107.796188 -1082.420288 -31.463667
117.684212 -1081.349976 -36.148808
112.023392 -1081.642700 -51.844677
102.720993 -1082.304443 -46.647419
91.773079 -1082.797363 -42.607338
82.909149 -1082.525757 -37.387791
107.639320 -1081.437622 -60.997269
93.852837 -1080.760498 -70.018227
102.084251 -1081.025757 -67.295517
85.891701 -1081.617432 -66.830116
82.889412 -1082.405396 -57.615635
82.308525 -1082.776123 -47.871193
89.668228 -1082.156494 -58.417915
90.416367 -1082.549438 -51.417900
99.957932 -1082.013062 -55.471485
97.109268 -1081.562988 -61.585995
89.801521 -1081.600586 -63.683479
93.638023 -1081.291138 -65.216263
118.702255 -1018.381958 -3.922850
-1.718587 279.560883 -66.266670
0.416433 215.797836 -90.024292
74.338249 -689.759338 40.271996
89.177536 -691.312927 43.962078
104.322762 -689.080200 43.636227
132.536041 -288.614624 110.454308
81.087166 -76.457245 127.492996
85.924461 -36.674160 118.295235
83.666931 -57.110935 122.602066
134.650665 -315.759430 112.828651
127.437279 -15.578238 65.502274
4.023649 -295.401855 -107.152901
0.708425 177.659302 -97.841797
103.336151 134.879700 107.621666
4.640275 -212.816620 -113.617790
75.175980 408.298431 10.607094
72.874512 406.602997 9.133518
72.318970 403.396851 8.213505
71.408272 401.887634 4.480281
71.019745 400.257263 1.362532
71.082756 399.301453 -0.728455
73.617241 404.359802 5.967439
71.874207 406.785614 3.077937
73.049011 406.782654 6.306873
74.049232 406.116455 7.488090
-1.738954 157.766846 90.237633
-1.387342 143.022354 101.432434
-0.405520 134.608810 116.960747
-0.019398 120.597900 127.252373
0.438628 352.376617 113.283401
-3.379610 -131.587585 162.584747
-1.504295 -117.041283 158.918427
1.415814 -69.860756 -58.001152
-5.149462 -171.929123 167.032059
0.152289 -100.774216 157.027695
0.284433 54.382423 -102.807640
0.655865 104.371918 134.958511
-4.411017 -190.835358 166.841263
-1.316757 115.379883 -112.248299
2.202762 -78.797005 155.751022
-1.073989 -272.490173 141.617493
4.928481 -16.153522 143.085678
-44.219482 465.938782 83.286644
-55.037540 456.292328 73.862076
-48.863251 447.362610 84.887985
-38.782482 453.032593 93.571449
-45.561180 439.361572 92.536560
-36.087402 442.098541 98.693726
-61.442711 444.485779 65.661591
-55.706188 439.473663 76.417023
-61.092327 403.739532 72.128265
-59.348072 412.778107 71.278442
-64.259354 409.821991 62.446178
-65.065857 397.750977 63.245781
-59.935452 377.234894 72.382401
-61.186142 367.675018 62.151119
-56.182510 360.860016 73.324890
-54.224743 370.716644 81.526291
-23.173473 388.007111 102.278076
-26.377592 393.660583 100.360405
-32.202599 388.101257 100.368835
-28.174517 381.655579 102.018723
-14.298745 398.300751 105.579948
-10.021762 402.077515 110.757004
-10.531186 407.174316 105.836975
-15.361822 402.855621 102.008423
-17.942499 382.808044 102.579727
-22.757772 376.231689 101.598900
-16.771429 389.573608 105.117905
-18.697384 393.608856 102.681664
-13.434544 384.827667 115.231071
-10.551785 385.784454 119.569901
-11.403718 391.188110 119.260063
-14.672276 389.427032 113.400528
-16.531857 383.024078 106.647568
-12.960755 380.211029 108.689331
-14.349997 382.889679 111.342392
-16.579248 386.405640 109.043610
-13.663276 393.806183 109.355309
-10.260322 396.820862 115.262894
-6.361286 398.835175 121.171074
-7.108615 391.758362 125.332367
-38.024517 367.934540 96.966568
-32.404812 364.812958 98.683449
-27.984299 370.542175 100.901009
-33.432339 374.947601 100.578835
-13.799581 377.246063 105.752388
-16.210890 362.393372 108.217804
-10.788891 363.864960 111.611031
-10.755049 367.684143 110.867279
-16.710594 366.246613 107.510498
-42.734680 352.913269 89.786041
-42.598724 344.576752 87.190117
-36.285686 345.894897 92.893990
-36.613850 352.467468 94.258400
-33.742630 339.846222 92.660255
-39.877708 336.082520 86.109566
-29.349197 322.276031 89.320663
-24.561054 330.084595 97.511215
-29.528419 334.746857 94.040070
-35.150944 328.772247 86.810211
-13.712067 336.688324 105.045502
-18.454515 326.255402 102.428520
-11.841906 323.671875 106.914871
-8.094318 335.661194 107.367043
-15.325114 356.257751 105.130661
-15.681568 358.951904 107.504501
-19.558388 357.731781 104.313766
-19.053743 355.735870 102.682487
-23.069632 355.244904 100.266792
-23.048414 355.884888 100.855515
-24.536684 356.547974 100.695061
-24.743895 355.045074 99.625137
-21.357212 355.472351 101.206032
-22.112597 354.411774 100.556900
-20.007530 353.799316 102.002495
-16.763727 353.408478 104.893303
-4.270392 352.565521 112.282661
-3.468304 356.586975 110.553902
-6.413339 356.532562 109.413712
-7.815153 352.757324 111.275711
-23.116491 358.227600 102.404388
-20.480200 360.183502 104.845131
-21.744387 363.228363 104.563354
-25.145864 360.107025 102.056427
-28.038605 362.442444 100.863960
-30.253855 358.169983 98.772644
-26.856144 357.350922 100.192390
-23.733557 353.341003 99.503960
-27.357759 354.483368 98.717186
-26.492481 351.603699 97.983078
-24.331835 348.925812 99.037560
-21.657373 351.820343 100.962570
-18.523792 350.607483 103.935684
-21.071707 346.620209 101.702553
-16.459370 344.876373 105.081131
-14.192768 349.473633 107.782715
-24.067583 366.785126 102.920723
-31.272940 353.620941 96.975769
-35.057987 359.141846 96.806152
-30.703093 348.690613 95.639824
-28.355379 344.665802 95.944527
-19.663626 338.426636 101.328163
-24.667650 341.112366 98.122459
-21.956610 316.357391 93.889397
-13.769166 312.573944 97.457718
-42.282757 432.788605 94.326828
-33.863289 434.339966 97.289925
-42.390842 424.683685 91.797920
-38.568378 425.810669 93.996201
-39.528610 428.493652 93.973221
-44.203251 426.825195 90.905731
-54.103065 415.530823 76.976364
-55.779976 408.937805 77.316124
-50.091743 413.896912 80.856682
-49.606007 417.859650 81.677010
-42.864525 407.310150 88.939003
-40.467888 414.135406 89.776283
-43.466106 414.838043 87.118309
-47.028370 408.263519 85.657692
-36.973423 413.981903 91.860268
-38.137428 407.608948 91.225967
-33.354542 408.866699 93.103722
-32.933495 414.378326 93.316338
-32.852463 429.678772 96.023796
-33.202751 426.415039 95.794044
-26.774794 426.060486 95.442024
-25.427109 429.336487 95.648636
-16.692856 418.898346 91.457710
-13.752052 418.739075 92.916573
-14.482925 423.123260 93.166908
-17.668522 421.449554 92.108253
-17.956722 417.336945 92.207291
-15.995641 415.785889 93.292168
-36.715561 488.185608 77.746979
-50.548546 478.502380 68.022408
-31.765184 472.129089 92.277390
-61.542336 465.155823 59.990654
-66.451118 450.240295 52.246399
-57.025730 351.216827 66.546623
-50.069290 346.300049 78.257805
-49.562149 355.773285 82.612473
-54.893253 340.577332 62.059700
-47.566635 335.979706 75.829216
-33.660019 317.073273 75.541321
-42.183353 325.633087 75.208481
-60.270847 347.782135 46.049721
-56.695869 339.549561 40.473537
-49.741386 329.856720 58.172634
-60.620579 352.380493 26.503513
-58.382900 348.912567 18.985674
-52.073647 330.971893 31.538218
-37.197014 300.892731 40.170784
-48.665073 305.526855 27.820021
-49.092068 295.813538 24.640829
-38.719097 291.857239 37.933609
-61.680271 357.587128 52.339027
-66.196648 419.739685 53.284451
-67.995461 405.852081 51.420517
-62.071331 420.923309 64.804367
-71.049767 478.313690 23.399508
-75.913582 460.130676 22.149956
-71.485168 455.691132 37.698364
-66.518700 473.329529 42.968250
-43.037254 512.758423 27.351650
-59.003899 497.688568 25.480135
-55.788120 490.159180 49.153629
-41.768799 503.740143 55.801125
-77.604691 460.966553 5.835218
-71.373322 478.564789 1.097469
-72.742783 471.883026 -19.517368
-77.810730 458.088226 -9.880168
-60.315739 496.367462 -3.078484
-60.190063 489.351532 -27.961573
-59.328373 352.325714 8.084154
-56.909241 335.763458 11.957335
-55.035637 321.898773 13.905350
-48.680866 317.018463 30.601448
-43.063828 501.112457 -34.212959
-43.681362 511.865784 -5.396157
-64.597618 429.170410 -49.974144
-71.237206 422.125946 -35.160370
-74.882988 436.920258 -28.781206
-67.628723 447.634277 -45.338417
-53.478130 436.080566 -64.721169
-54.777863 457.358215 -59.667072
-51.610043 378.180725 -40.103867
-42.415234 379.218750 -53.665543
-38.765793 363.964508 -44.290203
-46.684338 363.450409 -32.991100
-52.128384 434.365356 85.648384
-55.796844 428.561127 79.130783
-50.918835 426.148346 84.760765
-47.764107 429.675140 89.659470
-63.983837 432.851288 58.142532
-59.710220 430.684998 69.464996
-73.570694 440.065399 33.637413
-76.735840 444.494476 20.786936
-79.537491 444.581512 -4.415347
-79.172882 445.848236 8.201663
-73.205299 416.157867 -23.413515
-75.929565 425.749939 -19.214655
-59.587269 361.094055 -6.763993
-51.982986 362.842316 -21.528484
-49.653278 345.599365 -16.695660
-56.441704 341.986938 -3.094710
-34.608383 349.924591 -36.916271
-41.319645 349.058777 -27.616343
-52.842957 314.664063 -3.535134
-47.982971 318.234161 -17.399479
-47.627682 306.962646 -20.441265
-52.880867 304.562378 -5.418888
-42.547424 307.509033 -32.050240
-40.924839 319.753082 -28.765018
-32.453274 321.023926 -37.278820
-33.418251 308.304016 -39.664387
-15.953135 285.664001 51.060184
-26.286322 288.547943 45.680584
-28.607306 280.529663 43.591171
-17.336876 278.181732 48.254646
-53.878002 295.271484 -9.417978
-51.350166 299.731934 -24.182924
-57.569698 376.833008 -28.352928
-62.431026 378.657196 -16.340752
-44.657036 300.121643 -36.383755
-47.621948 330.754028 -16.510323
-40.319347 333.036530 -26.471504
-25.332664 349.788300 -43.943684
-28.168226 364.753174 -53.274784
-20.685785 398.326904 100.239754
-23.603783 412.248352 94.280716
-19.439587 413.751587 93.782631
-20.536781 416.586151 92.991425
-24.242579 415.856476 93.791031
-14.154627 454.477570 103.840179
-26.612400 455.481140 100.568031
-24.876276 441.625824 103.227028
-12.257291 437.712891 105.237968
-49.997227 383.564850 89.771225
-44.131187 373.690094 94.563850
-38.289101 381.488464 99.176422
-41.194176 390.253143 96.074501
-46.836235 419.340363 84.646698
-46.176159 421.382568 86.572739
-48.551949 421.559784 84.171455
-40.959751 360.688049 93.466888
-47.619602 364.671967 88.432716
-67.371567 390.972809 51.066929
-57.247948 421.375641 73.868782
-23.211563 522.793457 30.771397
-22.836466 511.918304 62.971561
-23.527851 522.318909 -4.314865
-22.911461 511.248596 -35.155003
-39.339558 466.161804 -70.019783
-24.134922 473.260864 -79.621323
-20.248644 450.915161 -85.621719
-38.413853 442.783234 -75.994507
-31.645329 380.643738 -65.244408
-22.960299 322.621399 -42.414177
-23.785097 308.634552 -44.436512
-20.569143 493.049133 84.617119
-17.805147 473.752350 97.955833
-69.491173 435.056732 45.570530
-60.733280 395.383392 75.502243
-57.328156 388.425293 81.463112
-53.187485 399.165070 85.261429
-55.761707 403.355103 80.301422
-63.402855 386.055176 65.771454
-64.641136 377.187195 53.389069
-65.537636 369.081665 39.275177
-63.387997 358.182373 32.391350
-68.511513 463.219574 -38.100094
-76.110748 450.950409 -22.694401
-42.407993 486.442169 -57.505936
-59.841076 476.472717 -48.104347
-77.989738 440.570435 -16.231892
-24.130320 497.888245 -62.434338
-10.480027 371.719299 109.922508
-9.141393 375.555817 109.638580
-17.490879 371.462524 105.441132
-9.419572 348.473663 110.563995
-11.329554 343.348450 107.026680
-6.241197 342.867126 108.957191
-5.048697 348.060028 111.914551
-13.661515 306.899109 82.956238
-23.251513 310.689240 79.324257
-14.820512 292.492676 55.824997
-24.881006 295.904968 49.560143
-9.591908 383.268951 113.911880
-9.780313 382.383453 112.161530
-8.053297 382.895630 112.289963
-8.128675 383.658508 114.229073
-21.848595 356.846375 101.984406
-6.117810 363.938141 113.765137
-6.328369 360.293701 112.235252
-3.381889 360.045807 112.882492
-3.287099 363.669464 114.141052
-39.837196 317.507721 55.065823
-37.227379 310.050995 45.014088
-53.459812 299.266052 9.233256
-53.663334 310.183746 12.069354
-53.997868 327.116089 -2.335847
-32.660248 335.474304 -35.524410
-23.495607 336.567963 -41.791489
-12.370510 337.934814 -44.998550
-14.003642 350.516388 -49.572292
-24.900528 307.315521 65.202866
-24.709230 302.943481 55.686272
-14.492596 298.938263 61.823387
-13.987983 303.132141 70.398506
-4.114739 380.827393 115.424904
-4.987292 379.741821 113.359726
-3.089913 377.648773 114.165947
-2.719160 379.733124 116.928833
-10.637426 380.828674 110.286346
-8.556549 378.151276 110.060905
-8.392126 379.963837 110.130783
-11.490507 382.015442 111.956451
-10.962598 383.370636 114.504189
-6.425246 384.159027 118.961456
-6.118799 384.683868 123.704514
-9.177461 384.047729 117.413544
-5.864599 382.088135 113.941811
-6.138721 380.864258 112.134033
-8.042768 381.519775 110.570053
-9.713842 381.691101 110.657623
-6.666342 383.993988 116.974770
-8.439634 383.762451 115.748245
-5.679260 404.768097 115.959999
-6.019925 291.190033 58.355999
-5.745210 297.809845 63.911118
-22.405622 355.476410 100.719543
-24.661074 433.783752 99.183815
-47.687962 397.716675 90.189148
-27.985447 399.419800 97.757935
-28.268507 404.922791 95.654762
-34.169930 402.192810 94.569176
-34.116730 395.063202 97.151527
-15.942143 430.565430 98.531044
-10.525768 424.670959 97.282928
-6.623108 426.795685 102.633995
-10.023905 418.326416 96.578255
-13.015708 413.338409 95.512978
-11.268826 410.974670 100.589508
-6.626040 417.466187 103.877663
-46.763809 424.526001 87.407417
-44.724785 423.166199 89.052483
-16.324903 406.669281 98.346474
-17.669043 410.193939 95.334831
-22.783079 407.637360 95.425049
-21.901669 402.937622 97.611961
-40.562130 399.498199 93.146019
-52.577557 421.498779 80.181602
-49.411930 410.623230 82.365372
-63.099907 373.494751 -2.184203
-65.973328 383.824646 -9.390317
-64.710724 366.321716 14.957965
-64.220100 368.063965 11.274613
-60.154930 362.068542 13.544622
-62.298355 361.903259 18.173983
-77.315048 416.215851 -2.988238
-76.730309 416.530457 1.029390
-77.583183 422.698456 1.418441
-76.950294 421.960815 -6.227740
-77.056732 418.959045 7.434011
-76.209427 415.500000 7.710355
-76.210236 414.741486 10.835814
-76.965828 421.839874 9.267492
-75.571228 419.270233 16.673103
-76.307610 430.233093 19.120073
-78.374947 432.500946 9.334073
-70.387779 417.325256 39.549175
-73.124680 425.187164 28.845470
-72.908051 414.178467 22.726372
-69.863808 406.779968 26.805210
-66.072350 372.415131 25.568966
-64.725731 364.756653 22.110361
-60.729321 365.657318 6.359251
-49.340263 416.727814 -64.167725
-60.842064 411.403870 -50.439152
-67.940392 406.546387 -36.107845
-70.171310 404.020721 -24.073467
-37.841873 422.579407 -76.703796
-23.196684 422.315796 -83.289833
-69.944374 400.604797 39.178463
-69.478836 394.909973 27.863770
-57.115913 393.702179 -47.350124
-45.689484 397.098785 -61.216526
-63.251957 391.459839 -33.049221
-66.383530 391.781494 -21.917091
-34.169846 403.672455 -74.235634
-18.174601 400.740906 -81.802795
-16.683971 379.887573 -71.982460
-69.409149 374.282776 15.216507
-70.034401 368.754242 16.211943
-67.215759 367.512817 17.797012
-67.643852 372.786560 19.120432
-68.182426 382.986145 26.907949
-67.969315 385.213257 38.575710
-6.032221 410.837585 110.699669
-5.466344 322.356171 108.912193
-3.745349 335.457489 108.754013
-5.517493 371.312103 112.707954
-6.087948 367.707703 113.025307
-3.153835 367.105652 113.732468
-2.893815 370.662262 113.121727
-18.911015 426.945099 94.056816
-15.641148 364.949036 -59.375744
-12.195265 324.149353 -44.561909
-13.161727 309.702271 -46.804348
-35.710083 298.493347 -44.694767
-25.340893 297.308228 -49.939583
-2.676922 374.278503 113.225174
-5.249984 374.759796 112.426422
-6.224200 383.415192 115.703407
-10.743643 359.936005 110.494766
-6.179504 379.526428 111.745903
-5.385890 377.523926 112.108009
-1.064099 377.104218 114.849373
-1.200437 373.919220 113.483429
-28.409004 410.645081 94.074478
-28.563395 415.112091 93.846054
-4.607702 382.482910 117.825089
-3.527940 381.523743 120.385406
-40.586655 283.257416 34.969318
-49.450771 286.945923 21.236177
-1.352835 359.993011 113.066711
-1.375170 363.507172 114.317329
-70.814720 399.449249 19.248873
-72.106232 406.729858 17.151182
-73.870255 401.717529 12.268442
-72.293785 395.693756 13.609017
-7.194942 284.126038 54.064034
-52.782425 290.749969 5.911171
-14.153387 298.063293 -52.737736
-45.348885 416.034241 85.214615
-46.607452 417.546112 84.126755
-21.302498 424.275391 93.503197
-12.375428 353.099579 108.477409
-10.588524 356.526093 107.700745
-5.670979 301.925446 72.390579
-1.086169 379.125793 117.826157
-74.328667 409.068909 4.442552
-73.854126 405.722504 5.026526
-76.618729 404.865601 6.997115
-76.892212 407.991669 7.625483
-78.573982 411.471466 12.149009
-79.697075 414.734650 10.654414
-80.976616 411.222748 9.196547
-79.407555 408.518616 9.755681
-75.151558 411.796844 14.432302
-76.011940 407.438202 12.248137
-81.802910 416.257935 8.888768
-81.677223 413.546509 7.730549
-76.736191 416.262177 5.167769
-79.209755 417.286255 7.544259
-80.480034 418.963196 3.221253
-84.293121 417.477539 5.330266
-82.475624 418.839478 -2.765227
-86.820473 416.403351 0.186180
-82.994408 414.681793 -7.931840
-87.855331 413.038116 -5.003659
-68.737335 380.939209 19.410688
-67.652222 381.787842 12.896638
-82.635544 408.812775 -9.810273
-87.933907 407.930359 -7.972826
-81.203163 401.786652 -11.404881
-86.907562 401.347900 -9.163124
-80.217743 394.378632 -10.980051
-85.326813 394.175751 -9.078127
-78.321365 386.423859 -9.147892
-83.006828 387.356812 -7.180701
-76.238029 377.524994 -4.690358
-80.534607 380.812714 -3.067921
-83.800934 411.223206 -4.133684
-82.852470 414.267059 -0.396820
-76.219498 412.632690 -4.691300
-82.001846 415.196899 4.429014
-72.952637 400.076569 -1.884726
-72.229362 397.544281 -0.803154
-74.465614 398.588043 2.229554
-72.916237 400.690582 0.577696
-72.857765 394.196167 10.182391
-72.381668 388.677399 10.040884
-71.544792 388.625092 14.132803
-70.016251 384.789886 9.568051
-69.654861 389.359528 8.558581
-69.674332 386.146210 8.304714
-69.040771 393.342804 8.244107
-69.743896 384.521637 6.962605
-70.266159 382.954163 8.055731
-68.971275 385.532166 6.432084
-68.765167 386.453583 7.155942
-67.874001 388.229614 6.397792
-67.824562 391.003357 4.214575
-70.753799 390.229828 19.830091
-66.957947 380.275635 -0.247556
-70.110489 387.956635 -4.036874
-77.402328 375.644165 2.278455
-73.799858 370.241852 1.791447
-71.635452 366.334167 14.407104
-73.005211 366.458496 9.169559
-74.358383 408.143524 -5.615450
-73.481232 402.000061 -7.088177
-64.459297 373.610016 6.150717
-72.097740 395.580231 -6.576601
-78.696831 384.101257 -1.741525
-76.193367 380.440735 2.122433
-81.365715 389.007721 -4.973670
-70.789162 379.648407 9.973088
-73.777489 379.145020 6.272019
-74.941162 374.181396 8.069494
-72.606331 373.808960 12.550575
-74.433044 383.950653 2.537297
-77.598732 386.682404 0.089082
-71.459587 386.041565 1.510533
-74.420326 388.715881 -0.655070
-70.293579 384.787018 4.703594
-71.841782 382.695923 5.498779
-68.061325 387.914886 1.046605
-70.965675 391.649017 -1.605029
-68.400574 386.210236 4.617780
-77.398560 391.999207 -1.010164
-74.680710 394.863312 -1.674579
-78.111389 398.183777 0.282953
-80.105301 395.898285 -0.927058
-80.236610 390.345062 -2.119881
-82.332085 394.934906 -3.257724
-82.495193 394.848938 -6.956669
-82.879738 400.215271 -4.151392
-83.370682 401.086456 -7.542803
-81.217018 399.875061 -1.862311
-79.998962 400.689545 0.290258
-84.154457 407.012115 -6.595467
-82.850319 405.075836 -3.802505
-82.583405 408.982300 -2.313786
-81.781364 403.679108 -1.479146
-81.319336 406.685883 -0.193576
-80.714775 402.922485 0.053856
-80.201508 404.563751 1.297608
-79.071129 412.563202 6.354490
-77.917824 410.577087 7.663918
-80.359169 412.744415 3.792576
-79.068443 410.173279 3.916089
-78.156303 411.154999 5.156882
-76.707542 410.053864 5.361611
-78.080460 407.860260 4.409562
-76.061768 406.024475 2.853615
-19.505152 258.782593 46.512280
-8.628789 257.003418 47.100124
-8.245466 266.858704 48.629227
-18.615938 269.041687 46.821114
-80.230270 408.726257 1.864451
-79.264954 406.111023 3.215261
-81.387344 411.601959 0.421680
-77.137871 402.278259 0.654457
-78.004646 403.949463 2.382097
-79.131638 402.341187 1.751336
-78.261055 401.020142 0.944444
-72.741417 397.823303 9.313308
-70.179535 396.332794 5.652192
-70.003731 393.473328 1.966450
-50.501659 247.930969 31.844330
-46.059845 256.090179 28.703218
-58.791962 262.590515 16.886763
-65.040222 256.316254 19.844372
-62.143841 225.662521 47.396072
-83.026909 236.020401 34.280811
-82.295616 213.478363 52.857681
-64.217682 207.622742 58.757050
-80.429596 194.725937 68.400482
-64.161743 190.789093 71.363815
-76.848190 146.813049 105.823174
-61.975349 146.315308 108.795692
-62.517815 160.501617 96.636612
-77.717010 161.478668 93.392487
-97.750473 74.849731 140.619247
-92.637352 57.225071 137.873077
-79.559418 61.178841 143.133575
-86.425117 76.874886 144.852341
-137.579041 163.014893 64.617111
-139.176361 182.157700 55.168343
-150.440063 168.961899 53.398643
-147.520920 150.360550 61.571503
-98.574028 275.315216 -8.398848
-92.650826 259.213440 14.210236
-81.897202 262.036743 7.716450
-88.072357 275.765961 -11.551128
-139.002838 87.158264 94.317749
-135.565628 75.222313 102.245781
-130.615585 84.391426 109.775124
-132.627609 95.910461 102.426437
-107.250687 3.823535 84.666763
-109.165398 -14.111445 84.929459
-94.322601 -15.153177 100.290756
-93.097824 2.768163 98.876617
-141.799942 26.026199 24.894144
-143.612640 25.210714 -1.054937
-141.531738 10.920411 -2.561637
-141.199890 10.249232 22.850157
-102.585159 144.744797 96.414169
-90.561348 146.047775 101.290230
-91.755081 161.291687 89.526947
-104.332497 159.832474 84.576141
-324.897186 210.412796 18.181189
-326.143311 193.937424 18.876518
-304.076263 194.199875 21.803051
-302.554962 210.149857 20.370516
-145.480316 -78.083389 31.618408
-144.417557 -74.080429 7.492054
-146.348358 -91.838737 9.799905
-146.855286 -96.256996 33.814919
-194.913239 224.716156 24.408932
-180.943573 229.550995 24.833055
-180.673050 248.649994 6.646819
-192.374649 243.314331 7.130980
-137.333496 127.192467 76.023682
-129.957352 135.119156 81.374252
-133.827423 147.592636 72.973503
-141.437744 137.365677 68.589973
-152.451767 50.886127 -4.200932
-151.048065 52.666721 18.759014
-154.457626 66.137573 12.403773
-155.689453 65.211609 -8.859346
-147.441620 38.660053 22.746145
-148.583008 37.104176 -1.909900
-122.124069 140.346069 86.134178
-113.126915 142.896698 91.463669
-115.514137 158.240875 80.097694
-124.433434 155.503311 76.176674
-86.569084 41.971985 128.792648
-70.998512 47.243126 136.138809
-141.528214 -100.966042 57.354225
-132.254333 -105.873512 78.166763
-130.664444 -86.533218 76.496254
-140.615479 -82.443092 55.154099
-77.051003 18.825726 108.597664
-80.376785 31.223574 116.470413
-94.738937 29.934814 107.731789
-91.610443 18.062744 98.482750
-118.673996 -110.426666 97.685226
-101.998482 -114.627434 115.925301
-99.221474 -93.732643 112.864334
-116.260216 -90.538849 95.710106
-78.901955 177.424744 81.122040
-63.361698 175.599792 84.489418
-116.781700 74.259605 126.910942
-114.688011 57.272144 123.418427
-104.352776 56.234055 131.025650
-108.141266 74.167267 134.188843
-158.263809 121.144806 45.763458
-155.272018 135.396729 55.673977
-164.146500 152.304077 48.564724
-170.019104 128.293655 40.401958
-149.384369 -108.729156 10.706302
-150.122864 -112.920212 34.058929
-121.900749 -129.274353 99.127892
-104.855850 -134.075226 117.517578
-223.075180 131.499863 -29.960402
-208.626236 114.739311 -25.801584
-206.728271 115.453018 -8.925026
-221.134659 134.620514 -14.987998
-48.877068 78.755463 146.064697
-63.511559 87.162437 146.654572
-69.301460 71.083839 146.935455
-56.976860 59.164406 142.905563
-111.877579 41.814812 113.403160
-108.602837 30.919756 99.795670
-100.077515 40.537762 120.974213
-33.423557 69.548492 141.738388
-42.561741 44.954975 133.756927
-47.789249 171.405975 86.273773
-47.306309 157.776306 99.044708
-47.814072 186.558746 74.476189
-31.540993 182.104294 77.254715
-29.879850 198.844284 67.116211
-46.169800 202.666183 63.472466
-26.760540 215.291336 59.089268
-43.071503 219.365829 55.041534
-34.624462 241.903168 40.861076
-32.199219 251.483078 38.898106
-147.765732 125.817734 62.041595
-143.533081 117.191307 68.466370
-135.567657 -124.024155 79.121620
-103.843842 208.127884 -95.055832
-102.038750 190.216766 -99.395988
-118.224823 194.957962 -95.506500
-120.054657 212.276718 -91.127289
-108.613655 277.204529 -6.605238
-105.436836 262.223572 17.467506
-178.747070 134.543167 -75.084351
-162.588821 130.187759 -78.013824
-165.191498 118.641991 -71.728935
-180.549591 124.798157 -69.804199
-220.606033 130.840424 -52.336334
-235.078964 140.247330 -54.740204
-233.701599 148.596115 -61.810696
-218.322388 138.009369 -59.071899
-139.617203 -89.746750 -11.707917
-137.003281 -71.092331 -15.083893
-121.406502 38.405182 -66.994865
-131.833344 31.242249 -46.726978
-138.876236 44.973949 -46.054111
-130.169998 53.302719 -65.401314
-17.065971 180.019913 -99.201981
-17.517660 164.963715 -101.584702
-35.799274 168.162018 -103.966583
-35.198803 183.342911 -101.524223
-71.190742 212.510635 -99.182991
-70.949898 227.363174 -93.973289
-51.416016 216.888687 -96.309441
-52.022125 202.843369 -100.216385
-87.472443 203.011810 -99.383057
-86.116859 184.690704 -103.043175
-153.154251 67.894646 -27.959637
-149.520905 53.714317 -25.728088
-162.330597 83.212173 -33.291454
-163.121979 82.774750 -17.024168
-168.468155 88.081497 -19.253242
-168.930664 88.010590 -33.966145
-78.889023 278.449707 -13.994574
-77.746315 283.557159 -35.431416
-88.066422 281.010468 -33.582699
-47.007874 261.682373 -76.635040
-46.912296 255.732147 -80.370804
-59.250919 261.196228 -75.120941
-56.392643 266.347931 -72.171310
-39.840778 98.416672 -109.830620
-19.753870 97.631577 -110.609009
-19.094734 76.422501 -107.160324
-40.548244 76.295456 -106.903618
-174.898514 94.839890 -47.056656
-188.989868 100.627327 -48.596539
-186.129684 107.017563 -57.053066
-171.706970 100.629585 -56.873215
-161.451294 96.889717 -57.384277
-154.767441 92.261139 -57.939270
-159.076431 86.570526 -46.500526
-164.827606 91.547226 -46.924713
-137.560471 67.367706 -62.535114
-145.140305 59.376717 -45.226414
-148.532715 73.266861 -44.988392
-143.402298 79.659241 -60.521526
-15.750535 10.667302 -89.567902
-33.980503 9.873107 -90.828125
-34.958168 31.145157 -97.062462
-16.115404 31.099655 -97.368401
-229.826508 152.429306 12.631776
-226.457062 155.083740 27.079157
-238.136337 162.479889 21.927711
-241.954529 156.851990 5.165757
-236.372314 172.793854 -74.067505
-245.010071 180.436493 -74.752884
-243.082870 187.058762 -75.831924
-233.853134 179.670197 -75.830338
-259.753540 152.337067 -14.272236
-255.252396 158.009476 0.735767
-271.647827 157.393936 -2.195095
-275.057770 151.128891 -18.173885
-118.649620 279.792480 -35.118675
-119.234245 278.659760 -6.205974
-109.451683 280.225372 -33.553402
-249.752441 142.260620 -36.680904
-260.890076 145.821625 -41.124203
-259.826355 149.667923 -52.442726
-247.822174 143.618759 -48.780972
-323.295044 225.445755 10.370333
-301.032135 224.871674 11.934048
-293.173340 150.985703 -34.493416
-294.330414 154.201828 -46.869606
-276.149963 151.926239 -44.654915
-276.026611 149.878494 -32.301708
-113.369736 23.528193 -66.474068
-125.916359 17.544382 -47.615269
-113.631958 -83.357437 -47.006607
-128.454056 -85.467361 -31.135548
-124.375458 -68.009087 -34.773094
-109.567406 -65.205688 -50.388142
-142.029800 -105.040916 -10.449483
-115.862251 -101.072556 -44.630238
-130.462402 -102.867569 -29.107399
-60.799587 290.081818 -32.348763
-53.371262 288.992950 -46.763977
-60.098698 284.540100 -51.189190
-68.944366 287.430603 -34.497364
-177.019745 -210.793350 -14.952226
-177.535583 -238.311142 -15.464922
-183.175323 -240.025742 15.087907
-181.742996 -213.782501 14.687746
-32.237270 272.812500 -69.728088
-47.612110 278.821808 -62.733917
-42.162354 284.630066 -57.122662
-30.443386 281.457306 -62.764763
-178.388229 -190.497330 12.918393
-174.589401 -185.636917 -15.729923
-63.537613 283.865784 -14.035806
-71.349609 281.205200 -14.647730
-68.716408 271.326660 2.129389
-61.399727 275.595123 2.116591
-53.397099 269.315643 16.625956
-182.292999 -246.543640 42.832855
-179.117233 -220.999008 42.160450
-49.006550 294.334503 -41.950592
-38.602093 291.272003 -51.032776
-27.310476 288.925354 -56.545204
-15.079132 288.119354 -59.399994
-148.784882 -121.488205 -12.639832
-155.802841 -124.794785 9.986151
-121.585876 -339.697632 -77.459114
-94.169640 -343.256500 -88.319099
-91.453430 -355.939575 -78.196884
-123.962013 -355.486176 -67.445992
-23.173206 -328.694031 -95.955727
-20.241030 -339.652618 -80.824585
-55.787415 -350.271271 -82.228233
-61.199203 -338.028748 -95.304955
-29.884596 -215.717743 -114.716599
-60.524563 -217.714035 -114.233673
-60.746429 -196.319351 -107.364182
-30.662224 -193.963959 -108.222504
-122.461472 -117.707954 -48.596958
-137.282730 -119.369934 -32.461708
-155.855484 -129.315918 34.894958
-182.744156 -378.439240 57.526379
-187.387222 -372.134125 19.573942
-181.550964 -405.245575 16.111734
-179.109756 -412.009430 53.123901
-147.570801 -400.645538 -43.581837
-152.756271 -373.589996 -45.441998
-120.828453 -376.288910 -62.474365
-115.930099 -398.507355 -59.086864
-86.526329 -138.427673 133.858047
-107.459557 -153.009216 118.515930
-88.907639 -158.126205 134.945190
-28.780428 -149.518051 162.315659
-50.049702 -145.989563 156.095505
-49.579033 -167.038971 158.459930
-28.115253 -170.040878 164.553009
-28.814800 -275.433624 138.334808
-13.749185 -272.814209 141.308258
-17.154776 -253.413742 148.600967
-34.930584 -254.547302 146.014389
-169.659790 -228.973740 67.938187
-153.048218 -236.620850 91.793365
-152.275391 -215.601379 88.183769
-167.392532 -207.220749 65.766052
-16.931402 -346.912506 -62.779434
-49.009022 -359.845276 -67.457504
-164.482224 -418.422089 88.650185
-166.179932 -383.593323 93.638443
-136.212112 -422.639526 115.619240
-100.461823 -422.430634 126.234634
-104.017227 -392.659149 130.139252
-138.531403 -390.391022 119.363853
-10.745075 -343.277679 80.043953
-23.111633 -328.443848 106.045815
-27.187233 -341.830261 102.262009
-11.556215 -352.734070 75.995827
-26.770315 -301.038239 -113.069679
-25.506754 -316.645721 -105.697212
-60.489998 -323.957367 -104.807365
-60.092808 -307.104736 -112.288872
-99.005585 -99.867470 -55.979443
-104.673767 -117.184685 -61.348415
-81.117134 -98.980675 -63.473061
-96.736732 -81.412041 -58.755829
-78.604263 -79.398262 -65.811752
-80.199127 40.386425 -92.817101
-98.194107 30.739742 -81.723526
-106.791069 46.806061 -83.011612
-89.143044 58.265980 -94.972900
-52.539108 170.725662 -105.790627
-52.423523 186.816055 -103.014626
-78.134476 -390.574768 -64.020912
-37.233482 -375.610687 -54.436192
-48.324528 -412.434967 -53.900036
-82.809898 -419.478149 -59.576012
-141.776779 -428.254730 -41.182579
-162.972870 -431.388397 -18.665060
-170.364609 -400.719299 -18.935038
-174.639221 -436.965454 12.535935
-173.768143 -444.088440 49.561153
-130.636368 -454.929230 111.999580
-96.232597 -452.732147 121.185440
-15.983687 -413.540924 81.693787
-36.021950 -418.111115 103.950439
-34.160042 -442.337311 96.391418
-15.695807 -435.855255 72.992775
-68.932419 -283.220825 130.798294
-104.541649 -263.912567 122.942055
-105.616150 -286.245239 125.181915
-76.038826 -304.538635 128.233032
-31.612963 -128.608078 159.289276
-48.626671 -124.804550 154.235031
-68.015816 -142.375061 146.920456
-65.852821 -121.617676 145.649994
-83.973763 -118.371574 132.453506
-39.942432 -35.172531 143.216583
-60.808479 -35.174469 133.355545
-60.214550 -55.394844 138.215439
-39.512695 -56.156025 147.787628
-40.681480 -14.190938 137.294662
-61.425499 -14.537792 128.140579
-40.241161 25.170792 123.391495
-63.175060 35.189903 125.145134
-59.944481 21.431755 117.244843
-32.377861 167.901993 88.532433
-32.028618 154.579498 100.649521
-173.647629 -253.327850 71.440880
-12.342865 -380.624573 -29.714729
-3.704949 -389.857635 -2.775280
-6.874058 -415.646606 -9.916306
-20.950775 -411.769653 -35.825424
-176.068420 -198.226074 40.208126
-144.867661 -117.995903 58.146404
-150.077499 -135.025345 58.695236
-133.791519 29.163134 54.843002
-132.949188 9.639316 47.636002
-76.833946 91.595894 144.754425
-78.228325 79.869339 146.656433
-176.421371 -369.787872 -17.847105
-125.352386 -484.516052 107.394325
-119.666489 -512.650574 102.527344
-87.319931 -510.497803 109.051971
-90.842667 -482.738953 115.488510
-9.326419 -456.031158 36.300907
-17.065845 -461.485809 63.092949
-18.858562 -488.505249 53.706478
-13.437565 -483.915100 27.402552
-17.559494 -512.837463 20.121046
-21.717669 -517.724609 46.288647
-21.867006 -545.657593 36.787777
-19.346727 -540.201233 12.108465
-159.364502 -451.209930 84.888260
-160.766083 -503.670624 47.379845
-146.381302 -511.360870 79.824593
-153.664551 -481.349884 82.071106
-167.070190 -474.817932 48.530258
-114.955147 -425.715546 -54.447029
-5.543147 -429.855530 46.607944
-4.419999 -408.196350 55.641575
-21.487989 -477.868011 -21.768354
-37.303097 -476.328522 -42.211842
-29.968231 -445.159698 -40.491772
-13.595886 -446.970947 -17.438828
-138.320236 -482.863953 -37.946308
-154.454971 -487.475677 -15.373822
-158.764755 -459.999542 -16.858185
-140.008408 -455.834351 -39.521004
-168.085846 -466.521332 13.517841
-161.896851 -495.170868 14.199161
-149.365204 -558.428650 46.319435
-134.523575 -563.475830 74.432205
-139.910461 -538.590637 77.157967
-154.768631 -531.484619 47.070629
-152.890244 -550.396484 15.246342
-157.304199 -523.510315 14.860235
-151.193619 -515.458008 -14.275755
-148.013474 -542.380737 -12.884749
-134.374252 -536.339722 -34.415024
-136.711197 -509.896088 -36.365067
-116.113365 -506.503113 -51.484756
-116.004250 -532.545715 -49.041668
-91.187668 -504.625153 -57.535526
-66.217987 -503.942139 -54.572624
-71.107460 -530.455750 -53.316578
-93.998192 -530.784424 -54.947491
-33.095390 -533.560913 -30.078112
-49.595009 -531.514954 -45.523899
-43.593155 -505.119629 -44.085491
-28.008871 -506.741272 -25.614513
-51.303417 -639.523621 -46.454605
-69.794189 -637.353882 -49.648808
-63.852833 -610.075439 -50.919502
-44.602798 -611.537842 -45.950497
-87.071953 -634.905701 -53.489525
-105.542709 -633.367920 -53.336475
-100.781143 -607.808105 -51.474705
-82.156891 -608.148254 -53.268311
-132.131287 -612.574890 -29.681732
-118.379433 -609.092041 -44.441605
-122.193764 -634.030518 -45.144829
-134.683365 -637.235413 -30.088579
-145.021210 -641.100525 -10.976283
-144.517700 -617.178772 -10.234767
-144.831024 -646.954651 12.848547
-147.283783 -623.904968 14.206246
-134.221878 -630.678833 39.444290
-131.259323 -652.488159 36.855156
-23.155390 -622.926270 5.929562
-27.011570 -649.056946 -0.657416
-27.179499 -644.292236 -20.301819
-21.741360 -618.341064 -14.516928
-48.672771 -632.835632 48.102890
-66.969307 -636.098938 70.400047
-66.913712 -657.912598 58.581963
-52.813175 -657.934448 36.908684
-149.308502 -575.844788 14.779916
-144.648514 -584.126770 45.393192
-131.890808 -561.957031 -32.477417
-145.187637 -568.154114 -11.847319
-36.833778 -558.926025 -35.723289
-54.448318 -556.976013 -47.604832
-22.184113 -572.222351 26.187860
-19.844925 -566.683838 3.156910
-97.283699 -614.171936 83.103699
-101.789597 -589.836182 86.458435
-127.779678 -589.030273 72.016678
-122.094643 -612.602478 68.777122
-148.046936 -600.231445 14.830496
-143.707275 -592.535095 -11.117098
-131.364227 -587.408569 -30.249329
-116.613083 -583.980347 -45.280689
-98.375977 -582.614197 -51.601456
-78.946556 -582.572083 -51.846821
-59.263031 -583.246033 -49.596714
-40.496407 -585.150696 -41.246197
-20.695038 -592.471741 -5.824114
-22.754694 -598.001465 15.429571
-91.318062 -657.807251 67.240211
-93.254440 -637.464172 78.032570
-117.948891 -635.111084 63.593632
-115.441826 -656.375427 58.034924
-89.064606 -676.562927 56.018013
-67.971054 -677.367126 48.121624
-92.094337 -659.333801 -56.928158
-110.892708 -659.065125 -55.327072
-125.471039 -658.756226 -46.992661
-147.471283 -665.148438 -11.969995
-142.928589 -671.359009 12.955950
-128.666489 -676.494141 36.709042
-111.215561 -675.974792 51.565151
-40.424488 -696.090393 -25.153160
-35.433403 -669.130798 -21.885050
-34.702888 -672.961487 -4.546475
-40.982582 -698.530579 -7.897179
-62.239433 -691.095947 -53.155617
-78.617546 -687.993408 -62.339867
-75.148788 -662.245850 -50.553402
-58.813103 -664.509399 -44.172585
-95.647339 -686.717957 -65.281120
-114.245239 -685.903198 -62.073483
-131.318420 -685.351990 -53.298534
-149.367630 -692.192566 -12.290254
-138.185013 -662.213867 -32.525906
-144.572891 -687.465210 -36.090313
-142.588303 -697.918335 16.353134
-120.814270 -731.450073 35.307766
-119.709869 -703.133606 37.448898
-144.725143 -725.914368 17.106037
-96.736107 -824.473328 21.002384
-122.347778 -822.089355 21.357056
-119.490654 -854.539856 14.692057
-97.450989 -856.959778 14.566841
-42.976143 -726.307617 -11.494493
-40.831154 -724.620422 -32.077396
-60.617302 -719.900208 -62.698170
-79.221336 -716.671082 -71.816231
-156.946915 -748.672546 -16.719893
-153.278122 -719.865845 -12.193226
-149.973083 -715.103943 -38.304272
-153.358200 -744.257141 -42.825012
-43.306690 -818.226868 -25.185312
-42.325802 -817.403137 -44.876499
-40.070320 -785.311523 -42.488956
-41.429569 -786.789734 -21.413664
-78.676659 -746.411194 -79.486221
-59.256840 -750.137573 -69.667931
-60.270367 -781.004272 -74.089592
-78.995659 -778.386169 -83.468376
-154.198441 -813.829346 -22.210358
-157.187103 -780.184204 -20.200254
-154.545700 -776.407776 -45.522846
-152.201385 -811.081238 -46.437618
-122.856644 -759.896667 31.778257
-147.485458 -754.536804 12.548679
-147.275620 -784.825684 7.887101
-124.527977 -790.366394 26.524199
-94.614883 -762.013611 31.099249
-96.690933 -792.073303 26.179089
-56.224380 -884.817566 -44.589043
-48.995651 -849.991516 -45.307064
-50.385384 -851.980530 -27.018431
-57.289875 -887.747192 -28.829224
-81.483658 -811.611328 -83.379845
-62.515385 -814.425293 -74.431740
-67.717468 -847.547791 -72.225014
-84.682327 -845.846252 -79.827866
-142.649963 -885.949280 -26.287664
-149.042130 -849.153320 -24.943357
-146.932022 -847.049255 -47.083885
-140.087418 -883.766663 -47.138115
-117.203331 -890.025391 8.637059
-140.195404 -851.761780 0.153879
-135.877853 -888.051453 -4.405493
-112.682144 -925.084900 5.121138
-95.633812 -926.662231 5.582185
-96.769051 -891.790100 8.635098
-64.045341 -920.740295 -29.184145
-61.459595 -918.809814 -42.756248
-73.357437 -916.198730 -64.552116
-86.360123 -913.816650 -71.678795
-86.417542 -880.206665 -74.868980
-72.020638 -882.320984 -67.828560
-120.046532 -882.184631 -72.447517
-103.521126 -880.299744 -76.633560
-102.054138 -913.830444 -73.363007
-116.725113 -915.768860 -69.070724
-132.051193 -917.243530 -46.411118
-132.363953 -882.674866 -62.789337
-126.458824 -916.334229 -59.516125
-135.868439 -918.934753 -26.858408
-129.937531 -922.513123 -6.473233
-2.642339 -354.746613 -11.015930
-1.591617 -366.016602 17.236109
-2.754361 -373.155365 6.359610
-7.421509 -359.722443 -21.785027
-33.752609 -497.220367 80.144669
-33.866928 -468.848267 88.622971
-32.973015 -552.731506 61.461845
-34.610397 -525.908447 72.392296
-33.292015 -578.753357 50.030151
-34.316235 -604.961670 37.986683
-34.068264 -630.767395 26.456285
-36.984291 -655.292969 17.959482
-42.176273 -677.548828 13.979522
-47.839977 -702.841797 12.353118
-52.317280 -756.794922 5.637949
-42.599174 -755.619751 -16.763960
-51.599369 -729.004639 9.749352
-53.432869 -820.426147 -2.387327
-51.975777 -787.649170 1.810110
-58.733925 -855.277222 -7.092378
-64.465210 -890.729980 -11.383374
-70.438988 -923.487915 -13.716640
-71.965355 -369.502441 128.472122
-42.462418 -375.718384 114.784340
-46.444481 -358.513428 118.192970
-75.059029 -346.652802 129.419312
-3.207080 -351.039276 47.680851
-5.616512 -349.606232 61.609104
-6.242122 -355.462372 56.830734
-3.459861 -354.721619 41.588402
-139.849426 -608.026123 43.777443
-115.837181 -558.304749 -46.506519
-96.023376 -556.703552 -52.490887
-75.128189 -556.348816 -52.264015
-46.145416 -608.130371 60.807953
-49.760590 -584.462402 71.294151
-72.844376 -587.851990 85.836502
-69.354919 -612.507446 79.196770
-92.333702 -736.367554 35.262161
-70.906624 -760.255737 21.734827
-68.705330 -733.341492 26.382460
-91.376045 -712.814453 39.513039
-121.152473 -712.053101 -69.908005
-138.619843 -712.136353 -58.528236
-101.687187 -743.226135 -81.934181
-124.586037 -740.809814 -77.477242
-100.109665 -714.411499 -73.921013
-55.637840 -533.828552 91.719131
-83.061111 -537.430176 101.685547
-78.063461 -563.156982 93.872925
-52.770634 -559.395813 82.067612
-119.879852 -50.793259 -38.989094
-105.050377 -50.149815 -54.165783
-132.293945 53.076557 97.614761
-133.187683 41.328964 79.195724
-121.719437 34.272312 90.052994
-122.860222 45.939167 105.705467
-141.517090 51.582901 71.980461
-139.144028 62.943348 90.674774
-143.780640 75.760368 83.003181
-146.587982 64.470322 65.594482
-165.257950 110.477493 31.078722
-178.318634 114.964180 26.409060
-40.791416 6.204452 130.655701
-18.737406 5.114266 135.449799
-19.238388 23.472084 127.939850
-69.707443 -163.312592 148.805923
-78.979210 -252.243851 133.782303
-45.702747 -279.050720 135.256882
-55.016968 -255.633057 140.985397
-7.023495 -328.774414 102.620056
-53.034119 5.980522 -88.549301
-54.994698 27.414371 -93.648964
-33.944149 195.815613 -98.883644
-16.083227 192.345169 -97.086327
-33.229046 221.833054 -92.814842
-32.304432 233.412491 -89.569878
-16.307148 229.400269 -88.210526
-16.136044 217.922699 -91.554161
-16.275764 279.446533 -65.809799
-17.682518 269.942566 -71.685387
-1.859304 -352.107239 26.866306
-2.397349 -358.228577 36.175659
-1.196649 -352.673798 16.686344
-17.727633 -394.476837 88.756004
-5.341655 -391.424194 63.749088
-7.380855 -379.135651 69.164688
-20.272346 -379.339294 93.737495
-183.942001 -345.065308 63.925518
-191.308136 -338.510406 25.605816
-85.083748 -372.198669 -70.209015
-333.953217 164.555801 -49.222893
-335.119446 173.692673 -59.183140
-314.636810 168.975113 -59.023228
-313.079376 159.989990 -48.376698
-61.570988 100.584999 -108.623825
-67.782837 74.752098 -104.040024
-75.019089 266.876038 3.753477
-143.047485 276.646545 -3.023595
-141.302826 263.523438 21.289801
-130.115829 265.135040 19.334194
-130.718353 278.524689 -4.967147
-135.541153 230.874237 -78.463890
-137.459259 246.946625 -66.865662
-124.883125 247.608185 -72.435272
-122.624680 229.773163 -83.709938
-27.787222 -238.199203 -118.190704
-58.884132 -241.314301 -118.511765
-35.496635 -54.468819 -72.990868
-55.364346 -57.205299 -72.765854
-52.464260 -37.210766 -78.179680
-33.437489 -33.455250 -78.538170
-89.616905 89.226814 -101.554527
-103.626717 73.808601 -93.274384
-30.467102 93.204544 141.032394
-30.042288 111.459946 133.809692
-46.245331 114.590797 133.171158
-46.477287 98.620720 141.792496
-285.341370 191.167892 -71.867012
-269.301971 178.591736 -70.490662
-274.494568 169.032974 -65.087105
-292.713440 176.855377 -67.201302
-181.165451 -333.648712 -15.838042
-155.469055 -348.442017 -50.002190
-132.825806 -18.863995 -27.269356
-120.525757 -14.932970 -48.527210
-119.110542 -32.999691 -44.584011
-131.439087 -36.727238 -24.026337
-139.356308 27.003416 -24.606932
-135.584747 13.166742 -26.016090
-144.911285 39.380714 -24.700623
-203.413696 118.320160 -48.141407
-205.725388 114.119888 -38.928905
-222.052185 129.115265 -41.993858
-38.914551 -395.031372 110.528496
-50.317154 -324.204407 121.468826
-44.429855 -310.323730 123.437119
-1.624679 -349.649750 34.876083
-55.351250 282.410309 3.407399
-50.577633 278.134918 18.282045
-249.501175 145.355804 -23.175299
-261.527435 146.940201 -28.280127
-177.352463 91.928246 -20.432037
-174.880478 95.543007 -3.850542
-190.721375 99.761673 -5.888784
-193.451309 96.900597 -22.823963
-193.081390 97.385490 -37.303940
-176.853394 91.703949 -35.413826
-128.234741 172.078400 67.069832
-117.750397 176.277695 69.773712
-118.635468 196.350861 58.424492
-129.101791 191.309967 56.510288
-106.312073 177.079803 72.942970
-93.323395 177.896164 77.252373
-95.031433 196.322479 64.472054
-107.465195 196.626617 60.759594
-72.326080 249.100250 25.490904
-56.520432 239.902817 38.918919
-38.719006 232.738907 47.715748
-24.021160 228.173874 52.679111
-18.250017 260.654449 -77.569878
-17.353733 249.186066 -81.189171
-32.433365 251.806534 -81.649559
-36.010002 263.477448 -75.976349
-43.694218 265.319214 29.224342
-31.697304 261.661957 39.969658
-20.196257 248.360764 46.212959
-322.858002 236.420486 -2.180772
-299.936829 236.951187 -1.850857
-55.879646 294.565582 -28.255274
-58.016788 289.249481 -11.916483
-299.854736 242.756973 -18.681406
-322.869415 241.827972 -18.020187
-114.352554 241.865631 35.671059
-118.239532 264.681732 18.339300
-126.776848 243.188980 35.333351
-42.351219 274.603271 31.294710
-30.787884 271.426880 41.793884
-191.169922 -306.129333 35.198452
-182.308395 -311.883636 70.541031
-138.693695 -63.515202 52.495037
-142.853317 -60.261833 28.694166
-17.782330 -35.839005 148.283737
-17.434065 -57.208389 152.556442
-7.978704 276.127289 50.923557
-43.743786 -100.991577 153.103806
-22.611462 -105.362251 157.958954
-18.836927 -79.962151 155.626114
-40.526947 -77.697281 151.127747
-17.447882 -130.729935 161.898209
-17.265999 -141.860718 163.305649
-23.259087 -292.702728 132.384003
-11.442714 -289.789703 133.496429
-246.305832 209.124771 27.503578
-230.180496 207.574097 30.177345
-223.594467 224.259018 20.381371
-240.718887 225.363480 17.408142
-62.788761 -98.266327 144.006592
-81.497528 -96.360680 129.963745
-152.099945 114.129539 51.266125
-157.009705 104.993187 36.077263
-19.676254 41.904724 133.142746
-61.577232 103.425262 140.817764
-61.454292 118.083641 131.735413
-75.879547 119.663849 128.868698
-75.928955 106.356483 138.365234
-1.089399 -349.627319 26.587545
-226.681030 220.694290 -68.574554
-216.296646 214.789902 -70.549393
-220.971298 205.635300 -74.795418
-231.261627 213.280655 -72.834343
-1.320524 -384.805481 35.307831
-1.583169 -400.167511 26.416971
-12.081035 -349.743622 -43.293888
-2.800268 -345.901794 -29.068438
-60.974174 -449.712402 114.451538
-65.403633 -421.089233 121.276016
-61.054764 -478.884155 107.590668
-58.351234 -506.844757 99.791153
-56.445454 -679.731201 30.434929
-65.759453 -705.089294 31.830542
-73.011253 -790.300598 16.626822
-74.304543 -822.715515 11.386164
-76.771553 -857.220337 5.651089
-78.921890 -892.586426 0.459709
-81.238457 -926.105896 -1.659106
-324.501801 241.179672 -34.262142
-299.953400 242.155273 -36.606480
-303.885986 234.992477 -50.795727
-327.497345 235.303253 -47.521915
-291.884766 153.095520 -20.580002
-289.858215 159.104279 -5.134964
-309.185699 159.855026 -7.527939
-310.619202 155.192368 -22.440193
-330.618530 157.719894 -24.326717
-332.266479 158.942612 -37.589680
-311.801392 154.836960 -36.064556
-334.401245 186.036377 -66.252991
-332.951569 199.785294 -68.682198
-310.349579 196.101715 -70.332130
-313.998627 181.625290 -66.895172
-330.030518 225.508362 -58.284378
-307.724030 224.486633 -60.811844
-309.590027 211.593948 -67.789787
-331.933868 213.538498 -65.818123
-326.892365 179.865662 13.270303
-327.736786 168.895218 3.105522
-307.546631 167.679611 6.305906
-305.925537 179.295746 16.388783
-219.470505 238.945602 5.294422
-237.015594 237.966766 2.487758
-188.198700 137.443115 35.499500
-185.068253 153.361435 43.034580
-207.040802 157.970032 41.234539
-208.611313 147.092590 31.380880
-279.319489 224.044861 13.819534
-259.266083 224.515030 15.631469
-256.137054 237.671524 0.749659
-277.302094 237.588882 -0.981628
-284.435394 180.237640 20.186785
-286.797211 169.057724 9.498953
-267.806000 167.246552 12.882113
-265.568451 177.873810 24.959549
-294.250580 164.548309 -57.952316
-275.768402 158.319763 -55.615520
-236.227631 189.048325 35.736008
-250.682892 191.291183 31.934832
-149.206451 105.860657 57.043625
-160.906738 85.281570 2.353289
-166.007462 91.500557 -1.253630
-123.348045 60.384975 116.115585
-123.663780 75.101212 119.816727
-147.914566 57.358284 43.018349
-151.570908 70.138847 35.696304
-130.244446 66.118393 109.098534
-128.230392 75.790344 113.790367
-78.037521 3.267683 111.928986
-21.198380 238.112991 47.295155
-262.940002 209.125015 25.053322
-264.881836 191.947662 28.256889
-256.333496 168.085999 -68.161575
-244.395462 159.640701 -65.377731
-245.882004 149.820190 -58.414978
-258.863037 158.734711 -61.860489
-121.168961 108.098969 -91.380768
-105.569061 101.121826 -96.995163
-116.575554 87.623993 -88.627586
-129.756317 96.536026 -83.078659
-224.032394 234.133728 -56.299660
-226.145599 240.540771 -46.797203
-212.026093 239.466553 -46.064407
-211.719070 231.952545 -56.884670
-213.231339 245.450287 -32.121071
-229.381363 245.442261 -33.197495
-233.743652 245.310089 -15.787291
-216.347061 246.369339 -14.213095
-177.637421 -265.466125 -19.452429
-186.198990 -268.671112 8.732464
-139.663376 -141.793243 80.043350
-125.056610 -147.673706 99.917160
-106.787888 -240.245728 122.118080
-25.355183 -355.122864 100.642822
-9.693410 -361.995087 73.754974
-3.033835 -422.691437 17.829256
-186.164536 -272.700714 40.033333
-8.082616 -450.913635 8.944387
-14.214409 -480.126923 2.097213
-61.474354 -476.378357 -54.857883
-88.687752 -477.795685 -58.563408
-86.128784 -449.128937 -58.962372
-56.211823 -446.146088 -55.186184
-115.726486 -480.002777 -52.548149
-115.704292 -452.557709 -53.251072
-108.080315 -564.720581 91.681450
-102.104843 -775.861145 -86.278259
-124.435287 -809.313232 -80.630043
-124.839005 -774.072327 -81.358803
-102.966644 -810.492981 -85.629303
-143.327133 -773.913513 -67.236908
-142.187271 -741.623474 -63.989883
-144.331055 -817.058594 4.346576
-104.252045 -845.023743 -81.550209
-122.285004 -846.402466 -76.095345
-141.353867 -809.568542 -66.716873
-137.410187 -846.157104 -64.447533
-2.382077 -374.968323 43.518726
-165.363770 -349.780334 96.654526
-163.343124 -319.140900 100.204918
-106.100891 -310.107605 128.595047
-76.680626 -325.011505 128.709763
-97.180595 -74.237679 109.431915
-114.357964 -71.637550 92.766457
-110.206215 -33.117065 86.150505
-124.664688 -30.222286 68.726341
-126.718269 -48.588955 71.337746
-112.517990 -52.237041 89.729164
-141.062164 -24.669506 22.474726
-140.140640 -21.764277 -3.416674
-139.444641 -39.852554 -0.554953
-141.241684 -42.350887 25.030376
-140.525879 -57.325657 3.943458
-132.545288 -53.937565 -18.849030
-71.124527 -20.019079 -79.297951
-88.654709 -24.190569 -71.669624
-89.193779 -4.044842 -76.259476
-71.718666 1.192806 -83.625320
-33.957195 -299.563293 128.657028
-4.543114 -361.701355 53.359356
-69.046783 -393.782471 126.267700
-104.934204 -363.689545 132.266190
-138.819809 -358.425903 121.829254
-246.883148 150.370697 -9.445145
-150.209534 126.123070 -80.759247
-153.793945 114.242790 -74.055214
-248.547516 244.476089 -35.723450
-253.513779 244.132263 -17.784288
-250.562454 174.622284 29.762987
-208.947144 223.439255 23.016365
-214.705673 203.724442 33.026924
-198.500366 201.762421 35.963543
-131.469406 -250.116165 108.090477
-156.437729 -261.371643 96.388863
-133.351456 -272.801788 113.853104
-0.726010 -346.603973 -12.975632
-49.666241 -341.175323 119.965752
-19.042883 -508.852234 -3.910633
-22.378637 -536.200195 -10.584652
-24.714626 -562.128906 -17.976566
-26.755062 -587.706848 -26.042074
-29.741039 -614.351807 -32.903679
-36.015450 -640.633179 -36.984669
-44.377232 -665.724426 -36.048923
-47.893444 -693.440369 -40.921932
-40.120468 -754.589600 -37.928425
-46.818226 -752.160583 -55.947365
-47.565392 -722.055603 -49.643394
-47.107689 -783.679871 -59.856030
-50.689640 -814.973572 -61.534996
-55.917664 -848.869080 -60.004623
-62.104565 -883.105103 -56.860943
-65.331207 -916.999756 -54.125462
-0.661214 -347.301422 15.390092
-0.650135 -346.908844 2.061769
-100.854813 238.866760 35.347336
-170.509766 102.400078 13.639882
-185.076569 106.441574 10.497915
-237.908463 171.531967 34.232166
-286.969238 222.080933 -64.271553
-281.521027 233.553726 -55.626762
-251.167618 164.892319 17.267805
-196.180771 127.786118 23.291832
-211.060272 143.888062 16.722097
-510.089508 241.010941 -21.662457
-509.012451 244.033218 -35.020256
-528.187256 240.623108 -33.896648
-528.696838 236.916092 -21.389219
-509.443756 232.560638 -11.020782
-528.004700 228.261627 -12.305107
-505.517242 174.726624 -26.179937
-504.902069 182.683365 -15.230970
-523.822144 182.981430 -19.501373
-524.506287 175.521393 -30.535509
-544.654724 213.293747 -8.955938
-543.246460 201.891891 -9.783747
-524.925781 204.266388 -6.638489
-526.539063 216.745270 -6.920469
-506.184326 174.863876 -54.068466
-505.594910 183.304993 -64.495781
-486.967590 180.108734 -61.754246
-487.579651 171.986420 -50.471481
-425.420258 178.230591 -5.464199
-428.597870 169.123520 -16.117399
-412.829224 169.644653 -10.403011
-410.892548 179.599075 -0.595949
-471.066254 248.243393 -21.744249
-468.697906 249.308334 -35.855011
-489.397247 246.830826 -35.627884
-491.158173 244.582001 -21.669760
-466.767761 213.051865 1.485811
-464.815491 197.883057 -0.400959
-443.855011 201.205444 1.246328
-445.700317 216.248474 1.982691
-450.874115 251.110077 -22.965496
-448.732147 250.036118 -36.774395
-506.537506 206.853302 -3.211145
-504.904572 193.721268 -7.351392
-485.466278 195.515549 -3.322208
-487.142975 209.952072 -0.445058
-542.991333 180.520538 -58.018997
-542.795532 189.460373 -66.358154
-524.169556 186.607010 -65.816689
-524.597961 177.841782 -56.521664
-542.392883 191.837875 -15.159596
-542.606934 183.199356 -23.485144
-523.766602 192.615540 -11.479383
-546.238708 232.551376 -56.223450
-546.678711 236.887573 -45.027477
-527.547058 239.457809 -46.915089
-526.487427 233.875092 -58.469917
-465.672913 175.011200 -16.679230
-464.758759 184.490967 -7.013224
-485.043365 183.265411 -10.871401
-485.903290 174.532623 -21.421238
-471.987061 240.431641 -8.949975
-490.955109 236.540970 -9.983601
-505.041290 234.958389 -59.763309
-507.648285 241.839798 -48.159138
-487.030457 243.346359 -48.942940
-485.997070 234.900909 -60.806313
-466.086884 219.279221 -68.086113
-465.915314 202.993652 -68.340820
-485.441406 206.753326 -70.122520
-485.526550 221.768814 -68.547081
-445.206848 176.451523 -11.380123
-447.492004 168.700729 -23.402033
-468.890961 169.936340 -45.491333
-468.371796 176.993774 -57.682911
-449.774414 174.044037 -52.308006
-449.710388 167.437424 -39.073826
-413.166351 235.790710 -2.820981
-411.557739 246.404373 -13.282897
-427.961365 246.031128 -10.930558
-426.616180 233.693161 -1.473320
-429.788818 251.840439 -24.959345
-412.686005 251.100845 -27.634731
-387.534302 242.436432 -42.688377
-387.394989 232.894867 -50.330677
-398.303101 233.613434 -49.324249
-398.441986 243.931107 -42.215637
-429.417389 210.187073 -65.877037
-429.102905 193.843643 -62.485203
-447.101898 198.699265 -65.565613
-446.861847 215.425873 -67.038475
-415.241577 176.841721 -52.275505
-417.482269 167.255966 -41.136894
-432.457947 169.960709 -46.608845
-430.502045 180.293152 -56.611931
-367.450165 166.257599 -41.237526
-366.748688 162.523697 -29.041323
-380.543396 163.084442 -30.655464
-380.768097 168.291077 -42.614002
-377.293152 169.427216 -2.608587
-363.652649 169.524353 -1.287413
-362.976624 180.696747 8.555593
-376.722260 179.755585 7.011447
-365.763123 237.351563 -3.713950
-365.363190 243.821503 -19.051319
-377.877899 244.852890 -17.585838
-378.560455 237.032669 -3.176204
-414.959686 206.104614 -64.209503
-412.310425 189.969177 -59.399155
-388.569916 169.418182 -3.973987
-388.367004 179.982010 5.513615
-398.978790 179.960815 2.929028
-400.461334 169.535553 -6.558169
-387.542114 208.608322 7.283831
-389.369019 223.756989 4.261353
-399.943878 222.367828 2.767350
-398.801788 207.238541 5.062415
-389.537903 237.954453 -3.081714
-387.238617 246.846115 -16.041763
-400.227753 247.667755 -14.791791
-400.979248 237.250900 -2.828360
-405.164703 204.404144 -63.640743
-404.916901 216.147308 -60.967308
-396.159088 213.145813 -60.781811
-396.452393 201.792877 -63.039841
-402.900269 173.730591 -47.276707
-404.455780 165.860550 -36.074677
-411.130493 205.157196 2.792532
-410.382568 192.237518 3.821217
-398.940247 193.461594 6.899959
-399.963623 250.235291 -29.315588
-368.386322 172.067535 -51.235535
-368.440460 180.488510 -59.336708
-354.644775 177.009949 -59.358551
-354.132202 168.759674 -50.376183
-352.955505 163.593140 -39.846165
-351.450317 161.118347 -27.238487
-347.940887 169.221207 0.346096
-347.061615 180.316772 10.169963
-346.458954 194.666687 15.248591
-345.630585 210.085999 15.016920
-362.536652 209.435974 11.590137
-363.078430 194.033844 13.017578
-345.118225 236.703094 -2.623874
-345.405304 242.258331 -18.300289
-365.369629 242.913727 -32.775200
-347.427826 241.263397 -33.158020
-390.651398 163.252060 -18.081198
-378.838287 163.314697 -16.213928
-505.258667 223.337540 -68.298332
-504.741547 209.423553 -71.064774
-524.415649 211.357727 -70.655289
-526.040405 223.775970 -66.955727
-542.923340 200.593964 -70.012283
-523.764343 198.281036 -70.272057
-508.291077 220.684525 -4.697283
-489.269684 224.406693 -2.669389
-545.784180 224.301132 -12.889440
-412.047302 220.049911 0.941672
-426.297211 218.342850 0.965462
-386.953278 222.018814 -55.957924
-376.988342 230.978195 -51.820637
-377.167999 220.121475 -58.494682
-414.865479 221.209702 -60.898735
-429.388550 227.416626 -60.857605
-429.264008 239.586823 -49.361824
-410.785278 233.703262 -50.715317
-387.925964 198.805328 -63.127228
-387.393219 210.689560 -61.720219
-378.115662 208.290421 -63.293957
-378.859772 195.724182 -63.648373
-364.135742 224.639709 6.883071
-377.552887 223.504517 5.593004
-350.867706 226.584839 -55.930912
-365.256561 228.823029 -53.517422
-365.446167 237.567596 -44.250717
-349.998016 235.520508 -45.734333
-377.160370 239.803604 -43.384602
-351.510132 215.780838 -63.552708
-365.813751 218.150894 -61.018276
-345.107269 225.071594 9.151916
-367.600525 192.739838 -64.676140
-366.830811 205.862534 -65.204865
-352.664764 202.929718 -67.006241
-353.683685 189.350800 -65.285393
-504.882568 195.604370 -69.722237
-485.768188 192.419144 -68.016502
-416.495636 164.135574 -25.642702
-431.834229 164.985123 -31.823009
-402.665344 163.455765 -21.126617
-506.179443 171.380661 -40.439648
-524.905518 173.317062 -44.286156
-467.508026 169.380524 -29.954084
-487.104492 170.017242 -35.714680
-465.198059 233.934494 -60.678318
-390.529236 178.763229 -52.715954
-392.114166 170.985168 -43.985825
-400.628082 182.628281 -55.475510
-349.541351 162.468094 -12.694142
-365.361572 163.039307 -14.747130
-404.601074 194.499069 -62.194328
-328.825775 161.409927 -10.031844
-412.211639 246.393799 -40.851559
-387.602875 247.434296 -30.428024
-377.249847 245.516205 -31.718794
-546.869385 237.107025 -32.578972
-469.281006 228.096268 -0.942666
-424.288391 204.379486 1.692106
-424.531006 190.256470 0.228792
-389.176910 187.147202 -59.844662
-379.814911 183.785355 -59.467270
-380.364990 175.334259 -51.745247
-375.537567 208.914124 9.245267
-376.318542 193.795624 11.119629
-543.303223 175.773682 -46.703564
-386.780334 194.271500 9.199242
-426.515076 249.263382 -38.251362
-16.933931 206.441330 -94.537422
-142.755142 43.744343 48.881424
-105.854546 19.878286 87.510559
-119.360985 23.199085 73.094208
-156.743332 90.783264 22.905054
-161.619919 98.021759 17.928244
-203.161575 119.821747 7.914476
-215.506378 138.978165 0.752074
-149.285736 76.552635 56.977283
-75.649651 418.074341 -11.015568
-73.452568 411.593201 -13.432510
-78.165680 430.932373 -11.207338
-13.812469 -118.010117 159.718643
-74.062775 404.204315 -0.055478
-71.591606 396.232117 -2.441929
-76.401550 400.021240 -0.505445
-73.451202 405.352570 1.563766
-73.455963 406.418243 2.230643
-79.079605 432.790588 -0.941845
-71.046280 403.395508 -14.204878
-68.748238 394.302063 -12.857060
-76.983330 419.442688 5.109639
-46.540810 -118.041031 -76.705574
-23.061337 -117.812469 -76.606461
-25.323277 -135.037827 -84.369324
-50.747189 -135.642822 -83.938210
-28.786924 -155.268616 -92.773766
-147.630219 -189.369278 -64.687378
-163.559097 -186.342560 -41.740715
-158.938293 -166.059433 -41.046230
-143.183319 -167.281265 -61.988102
-164.009995 -151.093201 -16.212286
-152.133743 -149.151474 -39.421429
-170.162216 -166.482681 -15.754645
-174.397934 -171.147217 11.359649
-169.229614 -155.020325 10.149093
-172.241806 -178.607956 37.539867
-167.727066 -161.092209 36.387737
-163.986832 -187.633606 61.311554
-150.591446 -196.221466 84.820404
-131.634293 -227.064301 107.479019
-108.556564 -216.092911 122.055138
-131.422729 -205.929016 104.612595
-61.691547 -229.802231 146.749130
-84.674980 -225.463547 135.745087
-20.692774 -231.856461 156.141068
-40.315826 -231.792130 153.373260
-97.031494 217.068329 50.218166
-79.905029 276.856750 -53.321079
-90.611252 274.692505 -53.640919
-99.251198 279.991211 -32.400845
-106.721840 226.197632 -88.674942
-109.431595 244.667648 -78.396393
-90.707748 236.664154 -87.524940
-88.811218 219.807388 -94.507362
-70.535820 268.697540 -66.779335
-65.428009 271.551697 -65.845581
-76.850128 265.362335 -68.880203
-47.818260 248.326355 -83.939568
-63.595520 256.674622 -78.748230
-141.335678 275.190552 -29.636789
-138.875748 263.310120 -51.415390
-148.489120 261.134766 -47.659878
-152.458282 272.674164 -26.214500
-133.498550 214.931793 -86.969002
-131.590622 198.277573 -92.207520
-142.985580 199.516937 -89.440910
-144.072723 215.155853 -83.578819
-178.074127 256.241577 -15.349853
-174.687149 250.440216 -35.697456
-185.631409 247.740906 -33.119305
-188.924088 251.185867 -13.594846
-145.347595 230.263016 -74.569824
-80.555534 108.504448 -105.798683
-97.385651 116.510437 -102.495628
-113.378471 120.855438 -97.638535
-146.947647 139.215851 -86.228958
-136.997925 135.321106 -89.534424
-140.849991 121.068573 -84.098030
-157.839386 143.229248 -83.584824
-171.921722 144.942688 -79.877350
-202.775146 178.928604 41.888554
-182.989212 176.417740 45.176376
-181.510422 203.860672 37.588394
-208.907089 153.218994 -71.115982
-190.321045 145.473404 -71.581741
-195.406219 139.096512 -67.884796
-213.078781 149.051147 -68.151550
-129.226532 277.537720 -32.854816
-186.203674 237.032318 -47.936337
-173.980316 238.181671 -50.310993
-173.335785 226.469040 -61.912449
-185.566635 228.003891 -59.324234
-187.767975 215.967758 -68.422653
-174.976959 213.800552 -71.715370
-176.043228 200.821823 -78.313110
-189.437393 203.446304 -74.919823
-204.862457 159.446259 -74.119713
-185.474350 152.740494 -75.011696
-205.436676 240.244370 7.045306
-162.002716 266.590912 3.612354
-158.511169 249.398285 25.334560
-149.938614 257.939423 24.224739
-153.134460 272.918274 0.474216
-236.814774 141.915680 -18.758831
-233.122574 147.286102 -3.425203
-237.902588 136.521301 -32.925896
-201.111313 124.572350 -56.972389
-237.317642 136.314896 -45.269051
-224.557007 165.181305 38.196564
-220.773911 184.283310 38.760483
-154.302765 221.725159 37.249962
-145.123932 231.696701 36.923332
-202.005936 248.126984 -13.010059
-199.182693 246.210449 -31.762951
-225.546631 162.513123 -72.608887
-228.960815 158.631195 -69.898613
-239.390320 169.060349 -72.277954
-183.422470 115.391838 -63.962952
-200.873245 133.570007 -63.642479
-161.231461 268.318542 -22.766930
-198.517700 237.803604 -46.766994
-198.745163 229.675232 -58.340969
-163.735779 213.810669 -75.797516
-162.741089 227.352554 -66.053955
-153.988815 229.001740 -70.373779
-153.943726 214.518616 -80.125473
-203.039917 209.084030 -72.857574
-207.946289 197.361191 -76.498100
-153.979904 200.021118 -86.415962
-164.398895 199.905670 -82.526268
-221.556885 168.287567 -75.485657
-136.831406 239.278793 35.992012
-132.426147 213.580231 45.721489
-122.048241 218.649628 46.384193
-151.896393 194.103226 45.976196
-141.293732 205.195450 45.445332
-165.792892 182.012115 46.713734
-110.080124 217.802612 48.067253
-397.683289 190.967972 -60.970451
-242.417648 166.929123 -69.698662
-252.322937 174.182251 -71.582947
-247.899307 177.929947 -73.346306
-287.927368 208.118729 -70.132622
-2.747892 342.588684 109.129715
-2.105947 347.804840 112.141205
-1.433652 366.910492 113.718636
-1.402292 370.278717 113.134949
-396.323517 223.559830 -54.495148
-404.053284 224.545349 -55.177528
-447.125153 231.482651 -60.735909
-466.946014 243.694870 -49.110092
-447.246216 242.600250 -49.138493
-450.989868 244.366852 -9.175384
-448.917358 231.392319 -0.453469
-443.640472 187.262329 -3.251461
-448.247772 184.654388 -60.984009
-582.900452 226.027390 -18.096792
-583.803040 231.634018 -28.557499
-602.759888 229.008377 -25.747471
-601.310242 222.230286 -16.648371
-619.280823 219.081955 -14.629978
-617.869080 209.613632 -11.725674
-600.322510 212.985870 -12.022477
-616.002930 200.579071 -14.003692
-598.777527 203.433487 -12.796706
-614.111023 192.817856 -19.732012
-614.052795 187.828812 -27.073437
-597.041992 189.066132 -24.739578
-597.238647 195.102997 -17.639563
-579.372559 184.253540 -30.219215
-597.423218 184.593292 -33.312752
-597.918091 181.993256 -42.770473
-579.780396 180.109955 -40.281513
-616.063843 189.958908 -60.843277
-616.898010 197.538116 -65.132965
-599.111877 196.194672 -65.865288
-598.472107 187.679596 -61.101234
-582.266418 214.892227 -65.751579
-580.962830 204.274445 -67.796768
-600.138367 206.095551 -66.711891
-601.264771 216.283829 -64.503815
-618.780762 217.907501 -63.788177
-620.009949 225.483337 -56.365337
-602.292725 224.655991 -58.418823
-546.483948 232.950333 -21.159014
-564.764465 229.456253 -19.787222
-563.772217 220.423798 -12.771330
-579.671692 197.249893 -15.102804
-561.526184 199.516632 -12.667579
-562.623047 209.908951 -10.517005
-580.731873 206.620438 -11.583703
-543.204773 176.902466 -34.234055
-560.994446 183.889709 -27.139824
-561.505554 178.362534 -37.469536
-579.248291 190.100952 -21.680426
-560.995789 191.022980 -18.734318
-579.883606 180.139816 -51.205906
-598.150085 182.787552 -52.628742
-584.926941 232.945755 -40.043911
-584.997803 230.359253 -51.228916
-603.292053 229.585464 -48.563084
-603.296692 231.358185 -37.159031
-561.621094 178.050262 -48.966522
-565.776001 231.201935 -53.807812
-565.998840 234.679382 -42.697609
-584.212830 223.952408 -60.503181
-564.962158 223.737259 -62.535152
-621.046448 229.452393 -34.545921
-620.723450 226.502167 -23.061871
-565.993408 234.384705 -30.649832
-579.860962 185.334167 -60.395325
-580.112427 194.121338 -66.324936
-561.526672 191.879822 -66.375572
-561.468384 183.082397 -59.294754
-544.239868 212.427643 -69.322044
-562.631897 202.357437 -68.901947
-563.672913 213.508774 -67.532784
-618.403015 207.505173 -65.938553
-544.976990 223.891266 -64.851448
-695.097473 187.861969 -25.017359
-686.228638 185.083527 -23.290453
-691.383545 183.159424 -14.000368
-699.668701 186.627823 -16.288397
-672.922058 175.119965 -6.933080
-665.336060 179.041412 0.321499
-674.902527 179.637863 8.020920
-681.250427 176.232498 1.960853
-703.020386 188.240494 -8.300718
-695.640015 183.356247 -6.287842
-702.218384 192.074783 -2.865623
-709.935791 198.736832 -5.829160
-710.275574 192.444824 -9.290116
-717.673828 202.179398 -6.972586
-704.555847 208.683975 -7.797414
-716.181763 210.443771 -10.897531
-699.430054 218.734024 -30.649656
-696.994690 218.920166 -40.556694
-710.681396 218.249466 -41.174381
-712.913208 217.121521 -30.607346
-702.488220 212.992935 -58.741444
-707.579712 215.858322 -50.114422
-693.939941 217.370712 -48.616676
-690.140625 215.096878 -56.572193
-689.113953 189.847549 -38.802555
-679.794128 188.011963 -38.918156
-681.913940 187.527939 -32.589199
-690.887817 189.585785 -33.243042
-699.517883 194.374893 6.771399
-695.730286 201.897858 0.241024
-701.195679 198.797607 -1.415310
-701.130737 191.115265 5.360524
-656.919922 179.736649 -49.725754
-645.743042 181.223969 -48.081043
-646.015137 181.791687 -39.723183
-656.253479 180.541565 -42.478855
-650.485718 180.486313 -14.075478
-645.458130 183.179749 -21.019039
-640.307983 192.658356 -11.862592
-647.049683 191.418472 -6.828727
-656.964844 179.264465 -7.147226
-653.366455 190.288773 -1.373137
-662.322754 189.089310 4.277155
-672.917053 187.814087 11.425703
-644.804626 183.328934 -58.152905
-652.800903 181.701736 -61.254730
-764.999207 195.669128 -12.662334
-765.510925 193.829712 -17.808825
-760.220947 194.102219 -17.166533
-759.696167 195.985809 -12.004111
-652.492737 199.375183 -69.197769
-654.191467 208.559128 -66.715286
-647.686218 207.376938 -66.829559
-645.987854 197.739502 -67.666771
-660.680664 200.318436 -71.605576
-662.644897 209.707489 -67.169006
-767.345886 208.129929 -11.615147
-766.232727 203.891800 -9.098905
-760.785889 204.922867 -9.154969
-761.699707 209.185379 -11.996994
-707.837952 188.978943 -16.706018
-703.907532 189.244461 -25.081060
-725.629822 190.203827 -19.490345
-714.422180 189.591797 -24.218414
-716.072205 190.536743 -15.222247
-724.346558 192.041901 -13.400828
-707.270996 190.228119 -42.845257
-697.428406 190.354507 -42.704666
-701.142883 190.601685 -35.923111
-711.304443 190.314346 -36.060417
-694.726135 186.545502 -53.854221
-704.014404 187.267838 -54.537388
-702.634033 185.066315 -60.754902
-694.502136 184.401672 -59.539154
-723.365845 190.361313 -50.259380
-731.981995 193.389740 -51.072571
-730.365234 193.266342 -56.125210
-721.983887 189.799881 -55.539318
-641.245789 206.933884 -67.044983
-639.178040 197.431656 -66.769142
-694.412170 204.626083 -74.785019
-690.380066 197.410950 -79.834740
-698.845215 195.727783 -83.228287
-702.875183 203.332123 -78.130539
-656.642822 216.240631 -60.505615
-649.577637 216.139343 -61.121265
-768.307068 210.272232 -16.578882
-762.622192 211.489960 -17.000370
-663.398193 199.318924 2.218364
-674.462402 196.529602 10.048696
-654.348755 201.365936 -3.710296
-647.953430 202.888443 -7.506491
-640.925232 204.722656 -9.325562
-719.404968 189.847122 -28.854715
-698.362488 190.114380 -32.044888
-687.597961 189.064606 -42.929726
-683.806213 180.713120 -69.873657
-676.579651 180.735703 -69.393715
-679.807739 180.695389 -60.480160
-686.060669 181.521805 -63.083118
-688.663635 188.612030 -80.578781
-690.306213 183.159302 -76.678238
-698.149109 183.352753 -78.603470
-697.027832 187.782059 -83.341652
-697.528442 197.007767 10.489744
-689.912170 202.441528 4.082326
-651.768555 189.493683 -68.157501
-644.897827 189.304657 -64.994118
-637.913452 190.113373 -62.603832
-667.868835 183.788071 -41.247604
-656.019287 180.747543 -37.824417
-657.156372 179.852631 -31.889450
-669.150269 184.005630 -36.967125
-676.495850 179.496994 -21.115944
-665.463074 175.918060 -16.368702
-682.806030 178.156860 -11.464356
-645.608948 182.126007 -32.011650
-637.294678 183.887451 -38.111107
-637.106445 185.028595 -29.489172
-637.543213 183.941574 -47.245239
-637.484253 185.755783 -56.078644
-627.998291 184.562653 -37.118538
-627.479675 186.496201 -28.624773
-628.501404 184.992081 -46.430351
-628.881165 187.100479 -54.753155
-632.059448 218.512192 -62.676243
-631.045044 207.906921 -66.603004
-641.983704 216.962982 -62.107960
-630.129944 197.192978 -13.394731
-637.596863 187.994446 -20.579029
-628.140930 190.695038 -20.750349
-631.815247 207.181305 -10.806906
-686.984375 177.055679 8.051341
-692.504272 177.381958 13.139779
-697.185547 179.189011 8.270485
-692.720947 179.772873 3.202801
-725.602539 204.029404 -8.478900
-724.958435 197.084671 -8.789180
-717.205078 195.118698 -8.883103
-665.068359 179.461548 -55.387165
-661.134277 181.008286 -65.459946
-728.131226 190.716568 -24.675251
-754.798096 209.834717 -12.182003
-754.082642 205.275436 -9.141218
-741.966431 205.051682 -9.072143
-743.118469 210.405121 -12.290429
-736.925293 195.522690 -28.061810
-734.705322 192.797485 -23.061823
-742.422546 193.325073 -22.645336
-744.554810 197.081879 -26.977886
-726.477844 191.078339 -62.147285
-719.649170 188.306702 -61.817528
-726.024536 211.933716 -30.916552
-725.191467 214.997330 -20.288811
-714.028320 216.239059 -19.692575
-705.298096 189.066818 -49.048206
-714.479675 189.209686 -49.696716
-713.254395 188.071075 -55.120964
-722.592041 190.625458 -31.214788
-729.003418 191.893890 -29.250652
-726.372803 191.673203 -34.994843
-718.917786 190.344025 -36.020557
-680.084900 199.613571 -76.561699
-678.448242 187.876953 -77.814995
-765.292786 199.443832 -9.642612
-760.032532 200.122818 -9.184796
-630.383850 197.880020 -65.569931
-629.347351 190.869873 -61.302647
-695.551575 188.816574 -48.137398
-701.249512 216.328369 -19.548357
-686.174133 187.468826 -47.340240
-717.853943 204.325027 -68.329491
-717.055298 198.176605 -72.627213
-724.219604 198.317383 -70.457840
-724.851929 204.497757 -68.974426
-755.549622 198.880890 -26.525551
-754.308899 194.760315 -22.256701
-761.250488 195.657120 -22.636370
-762.242981 199.751724 -26.439653
-732.592590 192.249252 -18.144548
-731.511108 193.901337 -12.972819
-740.324219 194.688278 -12.573603
-740.953369 192.558121 -17.566515
-732.177307 198.729980 -9.597618
-740.902466 199.494522 -9.395432
-756.537109 205.253922 -27.556017
-756.362061 210.804123 -23.733236
-744.967224 210.794205 -24.688248
-745.975647 204.096878 -28.038219
-678.141418 216.896591 -54.694756
-675.434998 213.664459 -62.165119
-687.077087 211.348083 -64.766655
-698.456055 208.862076 -67.480331
-708.853210 205.023117 -69.454491
-713.765747 211.422073 -60.513432
-683.876221 207.227219 -71.128761
-735.345154 203.838577 -33.197842
-735.373962 209.134720 -27.214336
-734.163879 209.030441 -34.591927
-684.912109 184.639786 -53.898647
-753.342468 200.181320 -9.026414
-652.700439 219.764404 -19.623783
-653.517700 224.152191 -30.686806
-663.102295 222.776642 -31.190762
-660.735718 217.909836 -18.508381
-753.275940 193.512558 -17.004066
-753.046814 195.380219 -11.936055
-718.726563 188.396729 -68.281883
-724.788757 191.259293 -67.354927
-724.650024 192.968033 -71.175896
-719.526917 191.214127 -73.344986
-672.832703 209.495483 -68.440948
-705.128845 195.045334 -86.169128
-708.111023 203.010986 -81.446960
-664.885254 215.573212 -60.723656
-667.296692 219.114822 -52.926411
-658.754944 220.844666 -51.625214
-721.735901 211.935898 -50.880623
-681.087036 218.913788 -47.325016
-669.803284 220.823608 -45.644676
-660.248901 222.697220 -43.000195
-652.601501 224.304550 -42.033165
-651.453064 222.083069 -51.484715
-755.762085 212.350098 -17.490156
-763.188171 210.204239 -23.027889
-643.320679 223.441132 -52.246384
-633.414734 225.085938 -53.981163
-633.966125 227.442184 -43.712852
-644.138672 225.823929 -42.462364
-672.022583 221.508942 -37.430229
-673.724121 220.940323 -28.918806
-683.825928 219.988281 -39.570648
-686.393921 219.722656 -30.414806
-723.200439 215.851974 -41.339478
-776.933655 204.499878 -25.289898
-768.949036 205.008057 -25.917439
-768.148926 199.867874 -26.542414
-776.312439 200.135498 -26.320406
-763.021912 205.356659 -26.701107
-768.963989 209.291428 -22.373226
-688.076355 216.615234 -19.077391
-733.862122 194.860062 -34.453262
-673.239441 215.342606 -15.625504
-692.323364 211.228073 -7.452755
-682.057129 209.636978 -3.860271
-657.271667 211.001892 -8.761080
-665.897705 208.400635 -3.981631
-642.969055 214.466476 -12.819016
-650.122681 212.626236 -11.365428
-633.320557 216.880524 -13.549026
-676.770874 204.459198 4.031065
-772.454163 194.612396 -13.658000
-772.904419 193.340042 -19.063807
-644.889832 221.646744 -20.583815
-634.918457 223.800720 -21.492277
-688.708618 178.701447 -3.153809
-675.953430 183.218765 -51.151833
-677.147705 185.771774 -46.278671
-669.530090 180.949585 -68.164787
-673.311218 179.935257 -58.173260
-634.870789 227.512466 -32.429020
-614.712769 184.498337 -35.648773
-615.034729 183.917984 -44.818390
-620.841492 228.956757 -46.175785
-772.981689 198.134811 -10.303026
-734.986511 199.014725 -52.799038
-733.591309 199.607224 -54.971985
-682.092346 179.938141 13.660368
-689.500183 180.130951 17.703407
-691.505798 191.406082 19.657164
-689.620667 185.306503 19.954128
-681.226196 186.589859 16.735443
-683.096375 194.002457 15.690880
-667.364746 182.911713 -44.700310
-667.108765 181.423294 -49.231403
-670.013062 200.523666 -73.936462
-668.617676 189.439346 -75.290863
-732.993042 204.832901 -9.304118
-725.634766 210.542358 -12.498448
-733.663513 210.471588 -12.926291
-743.804749 213.057251 -18.260569
-736.719116 199.793015 -32.737175
-738.847717 202.088150 -29.106682
-660.314575 177.807007 -24.900032
-671.929077 182.508469 -30.183249
-697.484619 184.816040 -0.220928
-700.358337 185.538788 4.634305
-715.861694 189.954620 -42.919334
-732.821289 211.163162 -48.625629
-732.779236 214.115189 -41.202156
-723.979919 190.917877 -42.796047
-775.372314 206.561584 -11.817065
-774.208435 202.226120 -9.566933
-734.257507 213.586639 -19.579884
-711.365234 186.278107 -61.613052
-728.182434 207.681808 -54.834167
-734.377441 205.631851 -51.823532
-702.807739 188.222153 -84.696991
-645.218628 225.661163 -31.318747
-766.723450 195.347824 -23.495642
-774.293396 195.152542 -24.393433
-776.626953 207.773621 -22.034712
-775.991150 208.921539 -16.712835
-659.816284 189.843292 -72.071266
-678.382019 187.301392 -42.631214
-615.499634 185.896408 -53.747200
-685.794800 200.248566 10.869856
-694.536987 196.176926 15.860935
-731.519592 192.813751 -42.967743
-712.343933 201.943771 -75.607323
-721.547791 210.356705 -62.262161
-727.517639 210.082275 -63.857616
-731.439331 208.727829 -57.664204
-734.425781 204.183441 -56.161819
-782.725952 206.910553 -22.016273
-782.327759 207.926285 -16.804880
-782.026184 205.749634 -12.003691
-780.456665 201.502182 -10.007379
-778.634399 197.581909 -10.994073
-782.922791 203.945328 -25.006712
-781.971252 199.818832 -25.976482
-779.720398 195.160904 -24.191637
-787.993530 203.081329 -25.087137
-788.980408 205.903656 -22.066345
-794.023315 202.838852 -11.784431
-788.895020 204.976974 -12.339808
-791.883179 205.362915 -14.430909
-795.288086 204.656021 -14.148520
-799.475464 203.902893 -14.518342
-798.533569 201.485016 -12.656962
-791.252991 206.321579 -17.152403
-795.375366 205.973572 -17.633188
-794.974182 205.125015 -21.362453
-799.275940 204.784470 -21.861143
-799.783081 205.500458 -18.205336
-791.642517 205.782013 -20.268320
-787.810364 207.023651 -16.862255
-802.309143 201.122559 -14.790084
-802.326782 203.473495 -15.338214
-803.423828 204.516418 -18.516331
-804.291077 201.757004 -18.905207
-786.100464 200.910858 -10.386882
-792.290161 199.696747 -11.255820
-797.470947 198.554672 -12.899230
-801.380798 198.259064 -15.434909
-791.392273 196.470718 -12.747264
-796.694092 196.134888 -14.731000
-799.959045 196.202774 -17.034285
-791.156311 193.984741 -15.975307
-796.435303 194.644196 -17.385065
-783.149292 194.126373 -14.740536
-784.062439 197.186996 -11.431314
-798.906067 195.317307 -18.381481
-803.269653 198.986343 -19.583269
-793.976379 203.986252 -23.834929
-798.693848 203.099243 -24.178871
-793.387390 201.847244 -25.455080
-798.263306 200.830536 -25.421265
-802.694763 202.522369 -23.160582
-802.389648 204.477615 -21.848743
-777.702454 194.280487 -14.371789
-778.181030 193.388519 -19.687710
-783.587524 193.118546 -19.875372
-791.319397 193.044159 -20.694359
-784.718201 195.162827 -24.159651
-786.926758 199.300339 -25.931717
-792.566772 198.905457 -25.942444
-791.594543 195.419174 -24.636898
-797.434265 198.215271 -25.443865
-796.787292 195.861862 -24.022614
-796.624084 194.457626 -20.828701
-800.582153 197.590866 -23.697306
-802.031189 199.920441 -23.724869
-801.343933 196.949417 -20.305031
-799.225403 196.289368 -23.019890
-799.312439 195.683701 -20.668600
-770.462585 196.508987 -43.620693
-770.043457 195.196854 -48.537487
-763.214355 196.107117 -46.999680
-763.729126 197.310852 -42.209846
-771.069031 208.812973 -40.640839
-771.133362 203.455063 -38.935272
-764.816162 204.788528 -37.703495
-764.720947 210.076004 -39.708786
-770.329163 211.351791 -46.004757
-764.002502 212.632721 -45.411156
-757.211731 210.704742 -38.375614
-757.381836 205.273483 -36.439285
-744.120972 204.176300 -35.021442
-743.972717 209.841614 -36.170155
-741.255737 195.233826 -49.606075
-742.369202 199.225082 -52.633347
-770.988586 199.234802 -40.323364
-764.425232 200.213928 -38.974567
-755.435852 200.380234 -53.638573
-755.212891 196.672928 -50.478611
-763.110840 197.170654 -51.565632
-763.348206 200.478897 -54.789158
-742.049744 196.063644 -38.250610
-741.083435 194.431885 -43.920982
-743.450928 199.743103 -35.805984
-755.833008 205.807968 -54.512844
-756.220764 210.990295 -51.420975
-743.107849 211.532486 -49.281914
-743.162903 205.716400 -52.837280
-756.800171 200.491013 -37.585091
-755.209534 195.601730 -45.576900
-755.920776 197.000732 -40.685326
-756.499878 213.377457 -44.417564
-763.702698 209.980682 -52.280930
-779.205261 204.320175 -56.030281
-770.226074 204.756256 -55.551994
-770.094055 200.058868 -55.998425
-779.491028 199.835587 -56.949154
-763.630798 205.087204 -55.094059
-770.152893 209.200409 -52.442974
-780.359741 195.469131 -45.580788
-780.010254 194.528290 -50.574375
-780.632202 198.072266 -42.250473
-743.331055 214.155518 -42.236950
-780.212463 207.197739 -42.106808
-780.531616 201.950912 -40.931213
-769.971069 196.326385 -53.200695
-779.462341 195.842239 -54.981041
-779.034729 208.339371 -52.926983
-779.151001 210.024841 -47.006157
-786.285889 207.209030 -53.709400
-786.659424 208.660309 -48.256767
-787.712585 206.322235 -43.484894
-787.302490 201.344925 -42.349461
-786.698669 197.763107 -43.649277
-786.146606 203.879333 -56.616066
-785.745605 200.018326 -57.450069
-785.166626 196.003647 -55.731739
-792.715454 203.387619 -57.664322
-793.853149 206.485580 -55.115112
-805.710083 203.236359 -47.454208
-800.604492 204.103226 -45.706619
-801.347290 205.955856 -48.206959
-806.099426 205.893539 -48.935215
-795.156555 205.900360 -45.286076
-797.918518 206.610916 -48.016926
-797.198853 207.315643 -50.815861
-801.257141 207.475113 -51.776989
-800.486450 206.255920 -55.315617
-805.042297 206.340485 -56.461025
-806.173950 207.800552 -52.726665
-797.028870 206.698853 -53.944065
-809.657471 205.879761 -50.176182
-809.823181 203.421616 -50.413116
-793.205811 207.930679 -49.773857
-793.153748 201.340225 -43.536579
-799.495361 200.719940 -45.122524
-805.017639 200.183411 -47.816956
-808.979187 200.398758 -51.334496
-798.793579 197.230820 -46.672913
-804.434021 197.434723 -49.348408
-807.767517 198.319443 -52.380547
-798.201965 194.565445 -49.893353
-803.948547 195.688065 -51.927902
-790.630737 194.973129 -47.926243
-791.655090 197.619080 -44.773518
-806.493652 197.130005 -53.358456
-811.685913 204.704086 -54.516914
-810.594604 201.621246 -55.209053
-811.001404 207.790894 -53.481430
-799.614624 204.608246 -57.079967
-804.522949 204.386566 -58.125496
-798.886353 203.015915 -58.912476
-804.292358 202.803528 -59.655540
-809.127441 204.946671 -58.004181
-808.849182 206.777496 -56.848709
-785.965027 195.298874 -46.822586
-785.334473 194.456436 -51.490570
-790.105835 193.954559 -52.611271
-797.678467 193.810837 -54.565723
-789.850891 195.799072 -56.660992
-791.450073 199.884308 -58.366291
-798.072021 199.943512 -59.357960
-797.433411 196.205383 -58.215652
-803.618164 200.171585 -59.676186
-803.042236 197.143417 -58.583176
-803.349426 195.436737 -55.547333
-807.399902 199.963120 -58.633240
-808.726257 202.516708 -58.841415
-808.754211 199.107025 -55.614010
-806.073425 197.991333 -57.989197
-806.599854 197.348953 -55.757683
-758.865845 195.953781 -67.428505
-757.270630 193.140564 -71.448326
-751.817200 193.885635 -69.602409
-753.627808 196.357407 -65.493736
-759.340332 206.924484 -67.780945
-760.040649 203.989548 -66.015388
-754.561096 204.519379 -63.603386
-753.253967 208.040558 -65.294365
-757.990967 208.320938 -72.158936
-751.347595 209.330551 -70.229446
-747.263367 208.678116 -63.015415
-748.898560 204.418198 -61.197208
-739.541138 203.751694 -58.315063
-737.898926 208.776917 -60.058537
-759.990662 200.068420 -65.855659
-754.618408 200.389862 -63.724293
-743.181152 195.115509 -74.600693
-743.975159 193.082886 -71.707336
-750.415100 193.758911 -73.762238
-749.718445 195.879944 -76.340874
-736.587219 194.741089 -60.030422
-734.052368 192.504395 -64.187080
-738.799133 198.767517 -58.366325
-743.154663 200.289536 -75.833817
-743.316284 206.593536 -74.195099
-733.042603 205.630203 -71.259125
-732.403564 199.109619 -72.326500
-749.085999 199.834885 -61.397343
-745.585754 192.882431 -67.396736
-747.706665 195.584732 -63.199451
-744.719299 209.936783 -68.450272
-749.815186 206.190903 -75.564980
-765.355591 200.497849 -81.361305
-755.562439 200.523239 -79.072632
-755.454163 195.564743 -78.642265
-765.126709 196.121353 -81.438957
-749.481079 200.536285 -77.565979
-756.495361 205.729004 -77.048012
-767.551208 195.112808 -70.465981
-766.024475 192.765366 -74.580070
-768.456787 198.918289 -69.032761
-735.118286 210.204269 -65.861702
-731.998657 193.778290 -71.649727
-768.541260 205.394409 -70.637993
-768.870361 202.603867 -69.057327
-755.839783 192.954529 -75.917610
-764.974487 192.997025 -79.019653
-766.063110 204.929520 -79.268608
-767.225952 207.172958 -74.566078
-772.427185 204.444977 -81.051285
-773.659546 206.288956 -76.378120
-775.136475 204.929443 -72.497208
-775.024597 201.736694 -70.999626
-774.040710 198.207932 -71.145866
-771.879578 200.345367 -83.115349
-771.354553 196.627045 -82.799385
-770.434509 193.422119 -80.413475
-776.521057 200.065109 -84.547600
-778.124329 203.796310 -82.451553
-791.366577 202.607666 -76.494179
-786.884216 202.993515 -74.971649
-786.760620 203.904221 -77.019073
-791.023071 204.121445 -78.076431
-781.271057 204.482758 -74.358696
-783.399841 204.666122 -76.507011
-782.053711 205.411316 -79.004227
-785.963928 205.403458 -80.188194
-784.069214 203.526657 -83.272224
-788.188049 203.502319 -84.527824
-790.190002 205.257248 -81.386719
-781.205017 204.518143 -81.854660
-793.813232 204.239075 -79.312920
-794.551208 202.589676 -78.795799
-778.704407 205.716324 -77.940315
-780.258179 201.123871 -72.308136
-785.944580 200.293610 -73.741684
-790.923401 199.885498 -75.897461
-793.723877 199.720444 -78.696526
-784.533020 197.105179 -74.324631
-789.515869 196.904922 -76.470093
-791.979919 197.015259 -79.020180
-782.925354 194.410294 -76.179825
-788.046753 194.857529 -78.196609
-776.874939 194.845383 -74.355820
-778.679260 197.705704 -72.633568
-790.352295 195.642776 -79.587112
-794.651489 202.612137 -82.694679
-793.815918 199.481354 -82.832039
-793.713440 204.990051 -82.356026
-782.671692 201.967651 -84.872910
-787.191162 201.608704 -85.946358
-781.642517 199.327301 -85.718758
-786.663208 199.226471 -86.500549
-791.299255 202.016403 -85.654861
-791.356384 203.742279 -84.848518
-772.557556 195.065155 -72.777115
-770.957092 193.199615 -76.240448
-775.322205 193.188019 -77.557838
-781.687073 192.902710 -79.567627
-774.656982 193.437881 -81.463730
-775.712463 196.477844 -83.855019
-781.030151 196.353256 -85.274979
-780.754150 193.585281 -83.257027
-786.102539 196.623581 -86.056450
-786.025940 194.323914 -84.400810
-786.954041 193.764954 -81.148003
-789.824036 197.012543 -85.307610
-790.715088 199.438644 -85.912704
-791.995239 196.989578 -82.478661
-788.818848 195.310104 -84.316628
-789.975952 195.264542 -81.909050
-732.361145 192.553009 -68.463097
-734.207397 190.887100 -92.140862
-732.102356 188.646454 -94.432915
-728.467346 189.206421 -91.658287
-730.362854 191.294800 -89.478569
-735.012024 200.723267 -94.124786
-736.235718 198.033920 -91.655983
-732.189026 198.537964 -88.457458
-730.849915 201.749741 -90.895599
-732.251526 200.398605 -98.304131
-727.915466 201.549866 -95.366524
-726.155151 201.870132 -86.900688
-727.781067 198.394592 -84.422951
-720.295288 197.887115 -78.698837
-718.116577 201.942963 -80.538490
-707.292664 188.369385 -86.053032
-708.717834 186.184967 -82.584839
-714.637268 186.771835 -86.223564
-712.568909 188.068604 -89.363914
-735.799683 194.317215 -91.222443
-731.870300 194.649414 -88.180946
-720.550659 188.561172 -94.375183
-722.555603 187.562637 -91.364853
-726.528198 188.287933 -94.528008
-724.863831 189.056091 -97.435928
-711.346191 186.061188 -79.015175
-714.922058 187.626282 -75.622154
-718.978149 189.777130 -80.040771
-717.073792 187.392609 -83.068962
-720.370056 193.104996 -78.933990
-719.577026 192.032562 -96.107597
-720.593872 197.407227 -95.248268
-711.686279 197.164902 -90.047791
-711.591187 191.745346 -90.799522
-727.671753 194.298950 -84.662949
-724.554810 188.573334 -88.385666
-726.558228 190.957901 -85.764732
-723.055908 202.154251 -91.573410
-725.492676 197.287476 -98.591583
-733.798340 191.177429 -105.984314
-728.036255 191.954544 -102.274384
-728.234802 188.552658 -100.738594
-733.679260 188.097443 -104.615585
-724.315186 192.367050 -99.174881
-729.555908 196.535782 -101.518784
-739.825439 190.348297 -95.572220
-737.332825 187.924133 -97.894073
-741.236267 193.605286 -94.860474
-714.626343 203.014679 -85.468651
-740.801453 199.448288 -97.766960
-741.860229 196.883804 -95.436935
-730.016907 187.722183 -97.483803
-735.145874 187.164108 -101.361938
-735.368286 195.482315 -105.094261
-738.017029 199.134613 -101.691910
-740.161926 195.049957 -108.046127
-742.707397 198.640076 -104.598274
-745.337952 198.686142 -100.411263
-745.993958 196.297882 -97.883354
-745.044250 193.252258 -97.232185
-738.602417 190.799240 -108.668365
-738.320740 188.155380 -106.931793
-739.143921 187.398209 -103.693451
-742.905212 190.802856 -110.350510
-745.090759 194.882370 -110.013054
-757.870789 195.401215 -105.539001
-754.388977 196.237976 -103.730591
-753.859619 196.815170 -105.732002
-757.075500 196.529785 -106.964798
-749.718140 197.770187 -102.849236
-750.847107 197.647385 -105.006416
-749.005920 197.507431 -107.224205
-752.095825 197.383438 -108.545563
-750.374329 195.227631 -111.131927
-753.629272 194.744934 -112.712601
-755.462708 197.218628 -110.079659
-747.921021 196.218506 -109.802460
-759.183289 196.585220 -108.410240
-760.095276 195.050537 -108.014771
-746.493958 198.038544 -106.323952
-749.624512 195.695740 -100.245392
-754.251587 194.672623 -102.349739
-758.232605 193.633835 -104.868927
-759.964844 192.648758 -107.829521
-752.921326 192.440353 -101.929634
-757.107056 191.585388 -104.738533
-758.737671 190.855820 -107.545441
-750.889893 189.970200 -102.524422
-755.319275 189.675171 -105.279793
-746.391663 190.307632 -100.140640
-748.451538 193.103882 -99.502480
-757.394226 189.810257 -107.260956
-759.377808 194.251648 -111.559074
-759.124695 191.813568 -110.863586
-758.292114 196.706589 -111.491852
-748.815308 193.248581 -112.262619
-753.039001 192.518814 -113.727287
-747.456848 190.505630 -111.975708
-752.616577 190.162201 -113.173912
-756.620544 192.947144 -113.621155
-756.195251 194.893219 -113.392189
-743.295288 190.319366 -97.996628
-740.943970 188.094254 -100.332413
-744.119324 188.084167 -102.276924
-748.852356 187.969101 -104.508682
-742.642212 187.339447 -105.521004
-742.166260 188.077606 -108.581261
-747.209229 188.220398 -110.502853
-747.603699 187.122025 -107.675079
-752.418823 188.445282 -111.642662
-752.755737 187.633362 -109.410652
-753.716553 188.188019 -106.914070
-756.175476 189.330872 -111.279785
-756.576660 190.803452 -112.753387
-758.134216 190.123901 -109.779205
-755.611450 188.539810 -109.937126
-756.682129 189.046097 -108.640587
-707.356812 191.449081 -87.687340
-706.298096 194.302185 16.470737
-708.138062 191.820877 12.650934
-703.730652 177.194519 13.787929
-706.968262 181.859909 11.144638
-700.214478 176.135406 18.681505
-698.630310 183.542618 24.891348
-698.737610 179.062256 22.714930
-708.778931 187.626068 10.627953
-703.431519 193.757965 21.294209
-700.190247 189.355377 24.914404
-711.353516 192.413361 26.513163
-708.330994 187.833389 30.561241
-706.372131 181.429214 30.637512
-705.686768 176.842834 27.275581
-706.174683 174.349594 22.406216
-713.592651 193.497223 21.133068
-714.637085 190.930603 16.629793
-713.802795 185.806381 14.202146
-720.725464 192.303650 25.564354
-720.999817 191.025253 32.410866
-723.992676 177.433853 40.829369
-719.748596 177.799820 38.627602
-720.976257 181.383133 40.122875
-723.908997 181.043472 42.643471
-715.289124 179.960419 36.345303
-718.903259 182.463837 38.569862
-720.685120 186.437790 38.065315
-722.775513 186.512817 40.210609
-722.810974 189.566025 36.497684
-725.386658 190.362869 37.759392
-725.555176 186.289658 43.003262
-726.984375 181.402435 44.447918
-728.814697 185.224243 44.381775
-728.205444 178.852097 42.887375
-717.209595 186.586319 35.424839
-712.481262 175.457108 31.742287
-718.936707 174.565948 35.470890
-724.905579 174.701828 38.028900
-729.722168 176.891998 39.369205
-719.768921 172.820160 30.496540
-726.284973 174.085495 33.620522
-730.182617 176.647934 35.305859
-721.786926 174.276001 25.646206
-727.540527 175.760513 30.041384
-713.680603 174.376205 20.601534
-712.162659 173.027374 26.223381
-730.162537 177.140717 32.443672
-731.880554 183.034897 42.814419
-732.977539 181.204163 38.660591
-726.741699 191.346558 33.924610
-728.184326 189.959427 40.002323
-730.357117 190.154678 36.459187
-727.092834 190.940765 29.282524
-731.418030 188.671097 32.768124
-732.472778 187.802643 39.618099
-730.155396 188.723282 42.283039
-708.325623 175.345032 17.423414
-711.367798 179.806198 14.669592
-716.783997 179.232468 17.617363
-723.895630 178.426132 22.662100
-719.101990 185.301941 17.564371
-720.666748 190.351624 20.324917
-727.360474 188.502457 25.083265
-726.176331 184.030212 22.564512
-731.678040 186.152206 29.561733
-730.649597 182.834579 27.763813
-729.105164 178.970016 28.129702
-733.056396 183.442596 32.912884
-733.498108 185.609055 36.093899
-732.439514 180.109497 34.955921
-732.061768 181.924393 30.978796
-731.327576 179.508865 31.807289
-703.944580 184.230148 -80.406830
-706.709961 183.851883 -75.271988
-700.158752 182.583084 -73.249283
-691.996155 181.433167 -71.453377
-683.758057 182.874512 -75.182068
-693.608032 182.421158 -65.351234
-701.855469 183.535751 -67.367081
-710.807617 185.427750 -69.612503
-688.369751 183.347183 -58.734547
-41.074745 423.218231 90.860703
-37.823799 424.139709 92.559692
-39.529705 417.079193 89.760460
-42.126514 417.573517 87.989296
-32.637756 417.082031 92.785637
-36.333195 416.918823 91.622475
-33.231686 424.700348 94.113037
-27.758797 424.326874 94.047058
-19.901810 420.250549 91.205872
-18.279968 418.840546 90.920341
-19.014343 417.946808 91.353630
-21.257450 417.984711 91.591675
-24.881702 417.726257 92.627464
-45.259689 419.915131 85.683807
-44.496971 421.038452 86.985512
-43.149883 422.251587 88.698586
-28.702372 417.431000 93.082741
-43.939724 418.135223 86.381096
-44.979271 418.905121 85.452393
-23.206863 422.976379 92.608673
-32.960522 419.361389 93.195099
-36.874645 419.287140 91.714355
-33.305981 422.141357 93.436272
-28.629028 422.101746 93.751457
-22.823145 419.113617 92.274368
-25.370207 419.403137 92.853752
-39.819000 419.175964 89.940681
-28.999414 419.585785 93.404671
-37.448021 421.783264 91.963402
-24.691088 421.291107 93.032448
-22.356915 420.083862 92.033760
-44.473900 419.669434 86.110130
-44.397160 419.215668 86.083633
-14.857498 195.208725 69.526482
-16.600378 178.330765 79.800034
-40.344856 421.151245 90.050385
-43.535664 419.096741 86.956711
-41.967968 419.095490 88.211777
-42.396919 420.617065 88.335144
-43.735180 420.104309 86.945145
-282.483948 194.632980 24.636467
-280.524628 210.341141 22.626780
-275.306213 244.262543 -19.317120
-270.905548 243.357025 -41.207268
-60.727322 -76.011467 141.670364
-104.374985 -28.604895 -60.544876
-105.590347 -9.907331 -65.119263
-33.518776 -11.521398 -84.660667
-52.205608 -15.785469 -83.563828
-136.777435 -45.191189 49.429020
-135.682632 -27.489761 47.354664
-95.916664 -54.493217 106.069458
-94.757866 -34.838120 102.232109
-129.054337 -67.523895 73.971725
-74.884781 -60.001080 -69.220192
-92.792091 -62.585167 -61.990265
-89.524147 -43.604065 -66.053772
-72.083252 -40.651943 -74.062744
-15.738914 -9.016672 -81.484192
-15.814647 -29.784607 -73.897133
-142.078201 -6.614398 22.286953
-141.508987 -4.554800 -3.962543
-122.391647 1.934993 -49.043777
-107.895660 7.437806 -65.984444
-91.719238 14.392825 -78.527802
-74.196541 21.017939 -87.492302
-78.836121 -15.065433 115.097343
-60.927364 4.973588 122.857857
-135.305573 -8.856421 47.179039
-18.446293 -14.865232 142.265091
-59.336571 50.025906 -99.829376
-37.228642 53.478882 -102.449455
-134.456390 -2.105550 -27.819546
-30.176645 142.889389 112.936607
-46.235039 145.295212 111.098289
-45.735939 130.637466 122.424492
-29.388643 128.175674 123.741142
-61.408337 132.138977 120.540329
-76.169876 132.699539 117.594322
-89.534370 132.565750 113.524826
-120.051620 127.501038 97.013351
-111.540894 129.806168 103.018280
-135.099060 118.067650 84.127640
-127.762856 123.963013 90.781647
-142.227310 108.237930 76.073784
-147.767288 97.339432 64.587959
-152.574203 97.144730 41.611206
-151.177658 86.863823 49.459049
-146.228012 87.381897 73.465485
-141.064514 98.506653 84.963455
-134.013184 107.664246 93.061363
-16.594275 64.277969 139.254227
-14.340318 87.796585 139.523178
-13.113219 212.241776 60.553295
-466.842529 188.514404 -64.773552
-581.781006 216.739716 -12.267367
-16.422798 239.706970 -84.342087
-33.207954 244.276978 -84.898643
-86.684448 261.766693 -72.889488
-99.910828 271.473267 -56.372562
-67.314476 250.519150 -83.050758
-50.193443 241.186462 -87.819260
-121.112968 6.659583 68.078026
-34.507454 210.996048 -95.513336
-51.245239 230.337982 -92.265739
-69.931343 240.715607 -88.152725
-90.151031 251.608490 -78.906693
-109.927734 264.617493 -62.164078
-126.687378 265.095337 -56.183636
-146.416092 245.797852 -62.827072
-154.423782 243.617279 -58.741508
-162.748154 240.686798 -54.322510
-165.608032 254.164902 -39.420380
-157.135513 258.044739 -43.815319
-240.861435 240.330780 -48.888573
-254.297165 237.353531 -53.839546
-263.734222 230.107651 -61.465698
-269.517090 219.684006 -68.046349
-270.704468 207.456741 -72.420113
-268.518250 195.789017 -74.034691
-261.808167 182.737000 -73.067917
-232.686340 158.174332 -67.060539
-219.164658 148.384018 -64.923706
-168.575027 108.838158 -64.634789
-157.691818 104.459618 -66.187065
-137.789368 86.008766 -72.770767
-127.797157 76.458984 -77.079369
-117.926079 62.381828 -81.136818
-97.172531 -152.787781 -82.575668
-117.759033 -149.503372 -73.310997
-111.320602 -133.815125 -66.677444
-91.617645 -134.116898 -75.999779
-42.410885 -98.315155 -68.683670
-20.879837 -99.001724 -67.168602
-156.921051 -136.148529 -14.466001
-163.100250 -140.065552 10.057623
-129.319489 -133.276520 -53.328304
-144.968063 -134.079468 -35.921959
-162.501862 -145.148407 35.912201
-109.195869 -172.925385 120.370148
-89.576447 -179.171371 137.221024
-47.827801 -188.105392 159.770126
-26.087822 -189.909714 164.753677
-155.657669 -151.776627 59.680618
-69.096756 -184.437836 150.818817
-144.244431 -159.403946 81.393700
-128.046570 -166.509888 101.517265
-62.723228 -98.670822 -67.438164
-67.188965 -117.491043 -74.573273
-85.990822 -117.108734 -69.842667
-38.106258 117.717781 -112.033340
-56.936424 121.237312 -110.524017
-75.039734 125.804070 -108.870163
-88.159088 147.536270 -106.951538
-91.946648 129.681839 -105.789474
-107.266975 136.869339 -101.571327
-103.736855 154.350113 -102.907997
-131.310547 165.435364 -94.709831
-133.525528 150.122208 -93.069626
-143.900208 153.619659 -89.971550
-141.970139 168.431183 -91.933449
-154.269241 156.612411 -87.327400
-167.717789 158.400024 -83.765617
-182.758926 162.254639 -77.715424
-200.729187 167.822083 -77.087006
-192.319229 191.395737 -78.468338
-177.150818 187.508514 -81.342857
-130.481033 181.941040 -94.246086
-117.318672 177.530380 -98.278496
-35.534306 151.584503 -105.803505
-17.568064 148.104080 -103.446053
-154.094833 80.356117 29.332359
-157.470917 76.004868 7.055551
-159.130112 74.618118 -13.183137
-157.839401 75.909492 -30.555790
-154.954987 79.754532 -45.743534
-149.985001 85.586098 -59.037605
-150.415176 99.435005 -68.219215
-144.175552 93.443810 -70.317589
-145.838791 109.172028 -76.883430
-138.120712 103.287338 -79.634087
-131.977142 114.781235 -87.766731
-126.083847 128.048004 -93.880737
-121.599197 144.438782 -97.306641
-118.593246 160.592422 -98.594681
-102.005478 172.629425 -102.143852
-86.903511 166.427872 -105.896408
-69.955353 177.513214 -106.182892
-69.779915 194.711411 -102.682625
-70.126251 161.718079 -108.416946
-71.613297 143.735016 -109.669289
-67.701157 278.652893 -55.882843
-52.204781 272.065033 -68.130241
-249.751770 193.875229 -75.766342
-250.054962 187.240677 -75.049881
-254.822845 186.718643 -74.413445
-257.798584 195.652679 -74.985420
-258.122772 205.896637 -74.276436
-244.805817 211.649658 -73.954720
-248.278030 203.041061 -75.521500
-255.811066 216.084106 -71.476173
-250.461609 225.039597 -66.932480
-239.995239 219.896317 -70.598747
-243.201370 231.629898 -61.712952
-234.682266 226.276199 -66.187325
-234.487839 234.639816 -57.580719
-230.861511 229.534088 -62.470486
-200.751526 219.264999 -66.584282
-212.757751 223.175949 -64.880661
-223.394714 226.996414 -63.411461
-217.727219 177.011169 -77.297050
-230.106201 188.283234 -77.405464
-239.367401 197.134140 -76.770920
-234.994675 205.611740 -75.873672
-225.646255 196.539932 -77.037590
-212.885025 186.138504 -78.157043
-36.429325 134.247925 -109.014290
-54.711880 138.946609 -110.196053
-153.570602 170.418564 -89.342529
-164.425049 172.200775 -86.036621
-177.010895 173.112885 -80.747841
-195.858063 177.632751 -78.515915
-164.516296 185.836304 -85.585640
-153.339890 185.362549 -89.343307
-141.979156 184.011810 -91.899094
-53.350323 156.233414 -108.161972
-18.583158 131.211884 -107.197716
-166.197357 211.535019 37.473629
-168.393082 238.455109 25.313471
-170.426697 257.453339 5.699508
-169.355240 262.521729 -18.305382
-392.455719 163.942444 -32.742744
-16.647772 -51.317253 -68.857819
-18.480335 -73.748672 -65.727097
-38.926426 -75.632339 -69.587540
-17.427048 53.824902 -103.274696
-19.487242 115.611664 -112.723854
-100.670753 105.632393 130.237030
-89.336151 106.201385 134.952499
-89.250679 119.442253 124.992416
-100.591644 119.034431 119.936562
-118.453285 103.810265 117.282066
-110.027199 105.351158 124.130974
-110.575890 117.784233 114.085007
-118.821304 116.095612 107.503349
-125.619438 101.351028 109.867935
-126.488937 113.346214 100.619919
-109.663681 90.873085 131.791489
-99.610947 91.636612 137.690567
-88.475304 92.618645 142.107742
-124.690498 88.315186 117.100235
-117.964134 89.848824 124.585632
-5.707497 305.903290 85.147903
-5.927577 311.285431 99.575363
-1.575598 352.351501 112.986191
-1.367418 356.380554 111.134232
-10.031491 236.109192 47.792126
-9.126208 246.847900 46.179352
-14.278385 107.366280 134.260330
-14.609140 137.131485 114.350708
-16.510826 148.112839 100.829605
-16.931362 162.559814 90.024063
-11.885698 225.424301 53.299374
-14.223844 123.672539 125.554207
-166.016830 -314.958557 -42.908360
-146.918488 -331.536621 -61.421497
-153.392731 -306.445740 -60.496258
-139.255081 -318.243774 -73.086014
-165.910660 -237.850677 -42.136246
-164.675674 -265.002136 -46.167072
-166.011215 -212.054977 -41.641277
-118.977844 -325.412872 -86.702538
-92.679108 -327.722748 -97.444908
-90.656326 -310.033722 -104.909988
-150.104202 -214.557938 -65.161964
-150.294479 -240.438675 -65.799446
-145.058578 -301.980316 -70.047089
-160.981094 -287.930054 -52.202114
-147.677307 -288.252319 -69.118942
-115.510872 -309.736969 -93.214043
-133.842667 -306.488403 -80.495865
-55.113506 -153.453613 -91.404869
-29.912682 -173.756775 -99.976288
-58.145969 -176.069489 -98.667076
-136.501953 -148.516571 -58.251934
-122.568657 -172.491959 -77.324799
-132.892471 -289.875702 -83.728325
-112.843636 -291.922852 -97.957611
-87.910866 -290.746613 -110.128120
-86.931602 -220.279221 -108.005852
-86.405876 -243.721756 -111.991722
-110.068367 -246.683243 -100.848175
-110.187691 -221.551147 -97.673401
-128.061340 -195.459030 -81.639397
-130.630569 -220.872528 -83.718315
-85.350159 -197.551407 -102.269989
-107.754013 -197.407257 -93.886932
-102.630623 -173.924957 -88.289627
-131.259628 -246.198547 -85.122948
-56.476749 -264.909607 -120.046997
-86.877029 -266.151215 -113.357231
-25.992733 -260.437469 -119.280998
-81.791687 -174.955582 -95.089088
-76.438950 -154.448349 -87.999672
-70.789085 -137.008698 -80.961388
-59.369667 -77.578453 -69.128487
-114.295639 -538.596130 97.003448
-1.370786 -361.786560 28.325502
-0.927171 -353.590729 3.588425
-178.592026 -280.609283 72.504219
-187.281784 -298.581818 -1.704084
-175.055618 -291.295227 -29.536072
-22.936834 -367.172363 97.998489
-8.430820 -370.333649 72.403419
-160.876999 -289.180298 99.568382
-106.574150 -335.839600 131.957855
-3.222409 -367.715454 49.643135
-149.475815 -265.751892 -67.320305
-131.771057 -270.001801 -85.050148
-110.994995 -270.227051 -100.628746
-58.970863 -286.684753 -118.281929
-26.578823 -282.553894 -117.947304
-21.428749 -312.452240 120.370247
-18.149405 -302.976196 127.201553
-9.276997 -303.242828 125.664902
-9.072804 -316.156006 115.656555
-109.434158 -193.796814 121.813095
-88.019646 -201.030319 137.261108
-44.371998 -209.590225 157.935959
-23.438105 -210.605316 162.262680
-160.268890 -169.105759 60.035828
-66.104385 -206.187424 149.910080
-147.892166 -177.332901 82.512131
-130.106598 -185.882050 102.880043
-69.111427 -950.180115 -27.207371
-71.024719 -975.803101 -23.344524
-71.057671 -975.739746 -37.732075
-67.742485 -948.508850 -41.635914
-85.570770 -944.202332 -68.853249
-73.651825 -946.295898 -61.149200
-99.905472 -943.741516 -70.657928
-98.370247 -971.460144 -68.201553
-109.214912 -972.469788 -62.269550
-112.876427 -944.856506 -65.080582
-120.880745 -945.684631 -55.614777
-121.919044 -973.620667 -42.075695
-124.589188 -973.920410 -24.907482
-129.283936 -948.031311 -25.689968
-125.760612 -946.573975 -44.075024
-123.510597 -952.022156 -6.852031
-119.458122 -976.739075 -6.011725
-107.915619 -955.006409 3.745109
-73.348595 -953.352356 -10.803333
-74.098595 -977.008179 -6.783839
-84.957222 -971.542542 -66.059509
-74.985878 -973.119324 -56.921677
-67.792656 -947.866577 -50.630753
-72.116058 -974.910339 -47.277546
-71.670059 -999.891357 -33.384743
-67.101334 -999.667847 -18.518196
-83.621262 -997.476624 -66.196014
-77.151787 -998.645264 -54.205791
-106.307426 -998.143433 -60.581326
-96.787010 -997.372864 -68.808929
-122.401077 -999.475220 -41.893383
-116.001106 -973.046814 -53.022938
-114.859795 -999.064514 -51.787834
-124.054596 -998.546875 -24.617416
-117.405579 -1000.296265 -3.510100
-71.014778 -999.791870 -1.239713
-73.354645 -1001.043091 -43.326351
-120.823219 -1088.322510 143.665222
-114.533165 -1088.060303 145.194595
-115.737968 -1082.973145 144.403961
-120.203720 -1083.302368 143.503204
-84.688072 -1085.912231 152.028351
-73.259209 -1088.612183 150.589294
-74.400215 -1076.965698 153.348343
-82.827972 -1075.507813 154.989349
-102.092178 -1087.430542 152.242081
-109.510574 -1088.055908 151.708221
-107.535744 -1091.227783 148.326721
-102.529282 -1090.818604 148.762894
-139.415436 -1086.386475 116.688461
-145.869766 -1086.004639 113.593658
-142.935471 -1090.846802 112.427795
-139.625687 -1090.218750 113.764786
-127.721489 -1089.082275 133.965225
-133.065903 -1089.881958 131.190918
-131.417694 -1093.029175 129.372940
-127.696098 -1093.709717 130.756119
-86.498199 -1070.732910 133.754272
-85.746300 -1072.131226 147.050323
-72.965759 -1073.970703 144.708969
-72.349609 -1068.661011 131.747971
-66.748520 -1082.522217 140.208786
-73.989937 -1088.275269 137.555420
-72.255142 -1087.654907 124.365425
-65.740112 -1079.168213 126.319725
-86.449181 -1089.462769 139.386627
-85.836700 -1088.853027 127.196190
-93.785767 -1081.789429 131.110977
-95.181908 -1081.856567 145.243927
-111.765152 -1081.980591 133.353638
-114.705879 -1085.181274 144.608917
-109.115662 -1078.766235 145.891891
-107.546326 -1074.967773 134.742203
-100.830551 -1078.740723 146.928513
-95.769493 -1074.190063 136.275528
-91.935150 -1083.974121 133.825897
-94.423393 -1085.110229 146.960907
-98.943520 -1090.243652 142.670959
-96.394485 -1089.329468 130.293945
-105.436241 -1089.205444 130.348022
-107.938011 -1091.220459 141.784134
-122.484886 -1076.485474 128.134720
-121.513428 -1081.517944 138.070709
-114.195152 -1081.140015 139.049881
-112.628616 -1076.123291 130.139557
-109.426781 -1088.125732 138.881866
-114.577477 -1091.468628 136.700256
-112.239227 -1090.217041 127.174690
-108.251701 -1085.494629 129.598572
-121.250938 -1090.657104 126.359047
-121.863808 -1092.126343 135.879013
-125.869263 -1083.689941 128.653076
-126.157837 -1086.866699 137.352264
-139.297607 -1084.595215 115.984985
-138.057541 -1087.730469 124.424278
-135.363098 -1082.167358 126.036522
-137.327164 -1076.970581 116.448326
-129.730286 -1081.147461 127.831116
-129.714188 -1076.769775 120.250305
-124.432175 -1086.230591 128.699051
-126.013962 -1093.321411 125.632179
-127.067505 -1091.063599 117.894455
-125.942719 -1083.096924 122.149231
-132.558731 -1093.832764 123.911667
-134.492645 -1091.585815 114.628616
-149.183762 -1076.718994 100.347969
-150.786896 -1083.371460 97.116859
-147.577164 -1086.475952 107.364929
-146.008865 -1081.058105 108.860054
-142.467484 -1078.651123 111.320450
-143.317505 -1075.704834 105.278252
-137.334457 -1084.087158 111.605034
-137.545135 -1091.122314 108.894539
-138.672440 -1090.140625 103.137543
-139.370407 -1082.515015 106.945374
-143.786163 -1091.649658 107.130714
-145.054260 -1089.433472 98.916412
-71.859085 -1064.737305 118.963234
-89.775764 -1069.653076 121.428795
-76.034828 -1088.741455 146.348724
-65.176277 -1077.051758 113.200172
-82.929054 -1089.516602 147.048355
-88.617363 -1088.368530 115.980125
-72.522034 -1086.363281 111.291664
-91.557808 -1081.710938 125.481575
-108.616295 -1082.125488 151.346695
-108.324341 -1082.999512 124.387787
-107.254181 -1088.896118 115.550201
-104.017899 -1082.108032 151.685913
-107.455620 -1070.999146 120.023903
-123.274910 -1073.803955 112.220383
-115.613991 -1092.229858 142.536758
-119.201721 -1092.834351 142.010681
-123.851883 -1090.679443 110.129562
-127.306656 -1081.514648 119.896500
-133.812225 -1084.733154 130.926270
-141.652756 -1081.295776 106.648262
-137.480026 -1090.573853 99.857742
-129.672211 -1084.732178 132.389160
-138.322021 -1073.637329 101.627914
-145.131714 -1082.432617 112.866257
-152.300644 -1081.355591 85.332047
-147.281189 -1088.574951 88.379799
-142.531830 -1081.556274 114.684914
-150.237656 -1073.443604 90.062248
-82.486885 -954.609009 0.525477
-82.012688 -978.260620 4.612360
-94.007721 -956.023071 5.368023
-105.015732 -979.817749 5.251241
-93.373619 -979.867615 8.421433
-80.897751 -1000.003601 11.611142
-105.302032 -1001.367065 9.101568
-93.533806 -1001.328796 13.748183
-124.040710 -1019.174316 -45.088486
-126.373680 -1019.649170 -26.008743
-114.649475 -1018.471375 -54.436523
-95.963608 -1017.256409 -72.458199
-106.549789 -1017.664551 -64.354477
-80.061569 -1018.130188 20.980539
-70.639008 -1019.725586 4.305364
-93.914680 -1018.339783 25.209187
-108.400146 -1018.520142 18.837749
-67.780495 -1059.395508 103.818779
-68.520706 -1058.483398 83.944817
-83.088791 -1049.687622 86.761795
-85.959732 -1058.697876 105.008560
-101.606476 -1051.354736 82.777229
-103.788834 -1061.821289 101.354301
-117.998642 -1054.969116 75.212440
-120.684990 -1063.823608 94.016151
-132.577789 -1059.142578 66.217056
-135.998871 -1066.323364 84.326408
-144.698685 -1066.627686 56.939850
-148.768768 -1070.020996 75.183693
-151.735214 -1076.588135 51.928658
-154.290237 -1079.301025 70.498619
-61.987705 -1075.096924 97.904610
-64.159584 -1073.130493 78.990211
-71.187431 -1086.408936 94.534370
-72.807396 -1086.046631 75.497147
-87.290192 -1087.694946 93.616829
-87.901642 -1087.044067 73.561378
-146.554993 -1088.192505 53.506927
-147.664734 -1089.750244 72.799515
-105.297470 -1088.572021 89.908478
-105.126930 -1087.148438 69.453094
-121.942368 -1090.330200 84.414970
-121.272362 -1088.913086 63.751339
-136.054779 -1091.312012 78.231743
-135.072281 -1090.230469 57.988422
-79.942368 -1043.634033 64.086945
-98.982643 -1039.797241 62.779442
-114.964256 -1043.754517 54.375153
-128.278778 -1050.865112 44.361847
-139.205673 -1061.735229 34.930176
-146.996460 -1072.139038 30.558645
-126.758072 -1039.575562 17.959290
-133.670135 -1058.624634 10.800580
-139.659149 -1070.441895 8.339624
-130.659393 -1056.019409 -14.001144
-134.029037 -1069.020996 -14.249901
-122.683563 -1055.347656 -53.912395
-126.841110 -1069.697876 -55.462196
-130.191681 -1068.061646 -36.861717
-126.466301 -1054.776855 -36.552654
-126.212608 -1038.359741 -7.917067
-124.501297 -1036.915771 -32.153656
-120.290123 -1036.635010 -49.064854
-112.388969 -1070.028076 -77.745407
-121.575386 -1070.311035 -68.433044
-118.232872 -1055.676147 -66.364937
-110.907730 -1054.783325 -76.876411
-95.818680 -1054.854858 -84.103050
-96.435760 -1070.533936 -81.442909
-80.013557 -1056.473999 -74.345490
-80.295151 -1071.719360 -73.840042
-107.797493 -1035.849609 -69.899460
-114.528473 -1036.592529 -60.325390
-95.914337 -1035.472534 -77.848175
-81.995369 -1036.603271 -69.650497
-78.739601 -1037.830566 -53.618275
-76.467964 -1057.881104 -56.077995
-73.363235 -1072.316406 -56.988125
-70.065918 -1057.936157 59.812954
-69.645027 -1069.912231 56.261574
-112.708344 -1030.803101 35.072231
-95.535973 -1028.813721 42.681183
-77.435181 -1034.637817 36.496296
-69.629166 -1055.402710 33.845356
-73.370720 -1069.056885 30.020327
-74.878075 -1068.842896 7.005260
-69.496513 -1056.288452 9.265655
-76.901978 -1080.300293 52.342449
-81.026749 -1076.105957 27.347658
-81.178284 -1075.586670 4.873053
-73.014030 -1069.841797 -12.996420
-69.662148 -1057.039185 -11.181377
-72.601044 -1070.320190 -28.919508
-72.187370 -1056.603516 -27.619892
-74.349174 -1056.845825 -40.983311
-72.395882 -1071.227295 -42.419048
-72.357445 -1037.700684 -27.981211
-75.298744 -1037.192383 -40.097317
-69.727226 -1038.936401 -11.267891
-69.839943 -1037.992554 9.851327
-143.400131 -1084.210938 31.455368
-137.879974 -1080.955322 9.135357
-131.986374 -1078.356567 -13.315786
-127.587212 -1078.854858 -35.536278
-121.793274 -1080.270996 -52.897411
-116.173019 -1080.444824 -63.620544
-95.550125 -1079.310669 -74.166603
-108.338837 -1079.795898 -71.647346
-83.975395 -1079.967285 -68.832657
-78.676132 -1081.252563 -55.493660
-77.509178 -1081.727173 -42.838783
-79.036301 -1077.916992 -14.769918
-77.751694 -1080.439575 -29.941219
-66.217072 -1020.488281 -14.633007
-69.591766 -1020.078674 -31.413130
-72.326279 -1021.074402 -41.864166
-81.162834 -1019.380676 -66.373634
-76.337639 -1019.833313 -52.704376
-89.714638 -1084.421631 49.767994
-105.749214 -1084.973267 45.542080
-120.764153 -1086.215698 40.177742
-133.225159 -1087.001343 35.107899
-129.963181 -1084.454834 11.745159
-118.694664 -1084.148438 15.398833
-104.622910 -1083.550049 19.796164
-90.971069 -1080.754150 24.369217
-124.263115 -1082.900391 -10.403808
-114.284515 -1083.562622 -6.830934
-101.519653 -1083.318604 -3.298897
-89.915894 -1080.898926 1.692874
-87.015633 -1083.323120 -18.175961
-97.104584 -1084.318848 -23.454182
-108.484894 -1084.168579 -26.896503
-118.157097 -1082.984131 -31.432636
-113.137260 -1083.278442 -47.583603
-104.017876 -1083.896118 -42.382061
-93.798790 -1084.301514 -38.628689
-85.506653 -1083.929932 -33.771801
-108.825386 -1083.004639 -56.803429
-95.894585 -1082.446045 -66.629211
-104.084160 -1082.890503 -63.199432
-88.161255 -1083.008911 -63.620090
-85.301331 -1083.650879 -54.187874
-84.894852 -1084.098755 -44.386692
-92.482880 -1083.975708 -47.451450
-91.780426 -1083.491821 -54.537716
-101.445877 -1083.497437 -51.216526
-98.722816 -1082.904907 -57.402779
-91.962791 -1082.969849 -60.025051
-95.489571 -1082.733521 -61.360332
-119.794716 -1020.980469 0.583390
-90.095268 -693.143982 45.284512
-75.410934 -691.210266 41.544559
-106.622406 -690.936707 45.436462
-136.257553 -299.430420 120.365189
-79.859085 -74.934212 126.805130
-79.047569 -35.294331 118.523598
-79.191299 -55.286629 123.046112
-138.024948 -328.489655 123.136864
-123.372002 -11.687779 67.983223
-101.218544 131.665787 108.377319
-77.165848 405.262543 9.799812
-75.332932 402.230194 8.866345
-74.202301 399.341522 6.995271
-73.437721 396.965668 4.250039
-72.586739 394.939606 1.335330
-70.785233 394.821014 -1.750126
-76.030533 400.458862 4.344480
-73.463234 402.803650 1.596293
-73.702568 404.345856 3.239047
-76.232513 402.626617 6.021881
