0.639381 0.112201 0.120184 0.123472 0.004762 
0.534195 0.250012 0.035607 0.147192 0.032995 
0.342850 0.458499 0.018808 0.089486 0.090358 
0.041786 0.833205 0.076170 0.000733 0.048105 
0.025374 0.505960 0.302985 0.072670 0.093011 
0.297318 0.522056 0.120328 0.034687 0.025611 
0.123126 0.709389 0.097533 0.000917 0.069034 
0.105601 0.539246 0.225287 0.006507 0.123359 
0.056278 0.421063 0.431322 0.000254 0.091083 
0.003790 0.200392 0.756867 0.013379 0.025573 
0.000510 0.050326 0.848349 0.093548 0.007267 
0.013409 0.566844 0.300710 0.046840 0.072196 
0.331799 0.519772 0.010742 0.045254 0.092434 
0.102874 0.819869 0.014895 0.000423 0.061939 
0.049100 0.644762 0.238742 0.007266 0.060130 
0.339467 0.610856 0.001275 0.045034 0.003368 
0.048974 0.819916 0.079436 0.000496 0.051177 
0.503383 0.409125 0.029655 0.007847 0.049991 
0.072910 0.807015 0.065196 0.039251 0.015627 
0.043690 0.454463 0.474123 0.022794 0.004930 
0.067602 0.878518 0.043825 0.003539 0.006516 
0.571177 0.298012 0.066663 0.000035 0.064112 
0.234606 0.583786 0.052302 0.038342 0.090964 
0.004326 0.901552 0.007061 0.053932 0.033129 
0.609652 0.247867 0.000399 0.116926 0.025157 
0.252800 0.713284 0.007052 0.018479 0.008384 
0.021392 0.758660 0.102149 0.046464 0.071335 
0.368950 0.366405 0.016092 0.086489 0.162064 
0.105404 0.678721 0.094261 0.041729 0.079885 
0.497560 0.489633 0.001301 0.005151 0.006354 
0.068217 0.850113 0.067364 0.007152 0.007154 
0.435737 0.435021 0.041407 0.078395 0.009440 
0.039232 0.880329 0.043841 0.000067 0.036531 
0.418325 0.425147 0.086313 0.052863 0.017352 
0.072842 0.757665 0.076215 0.022946 0.070332 
0.446319 0.448562 0.000645 0.017736 0.086738 
0.130467 0.780739 0.055230 0.012776 0.020789 
0.131826 0.520827 0.286210 0.053627 0.007511 
0.104667 0.265815 0.480524 0.044539 0.104455 
0.017973 0.082565 0.741463 0.092371 0.065628 
0.025150 0.565818 0.301912 0.089470 0.017649 
0.330850 0.646741 0.000007 0.017170 0.005233 
0.090169 0.801046 0.059213 0.036571 0.013001 
0.014374 0.605797 0.272342 0.098030 0.009458 
0.279806 0.527896 0.070376 0.117958 0.003963 
0.064130 0.663655 0.166930 0.071991 0.033293 
0.483414 0.475565 0.013030 0.001537 0.026454 
0.146250 0.596970 0.144424 0.049556 0.062800 
0.481422 0.482832 0.000365 0.000010 0.035372 
0.138110 0.636339 0.148438 0.000180 0.076934 
0.034307 0.441011 0.449837 0.000877 0.073968 
0.182043 0.705036 0.072076 0.027172 0.013673 
0.083820 0.565885 0.306883 0.000008 0.043404 
0.302087 0.666795 0.016667 0.007160 0.007292 
0.086327 0.729974 0.120695 0.062663 0.000341 
0.027925 0.512617 0.315136 0.048935 0.095388 
0.291864 0.510663 0.099400 0.086210 0.011863 
0.125297 0.668132 0.115799 0.031766 0.059006 
0.032278 0.613255 0.175487 0.000601 0.178379 
0.362856 0.466324 0.017525 0.136331 0.016963 
0.004863 0.941853 0.031192 0.020272 0.001819 
0.405074 0.407312 0.084705 0.099225 0.003683 
0.060409 0.872819 0.065835 0.000038 0.000899 
0.465706 0.468866 0.035617 0.000007 0.029804 
0.084799 0.709262 0.087513 0.042845 0.075581 
0.450375 0.456310 0.000787 0.016057 0.076471 
0.096582 0.715958 0.105800 0.010998 0.070662 
0.477293 0.485994 0.004007 0.018358 0.014347 
0.097052 0.673782 0.130405 0.037994 0.060767 
0.010070 0.405240 0.417051 0.072900 0.094739 
0.140775 0.776849 0.012426 0.010892 0.059057 
0.010225 0.762480 0.218706 0.002089 0.006499 
0.239047 0.519536 0.068457 0.034957 0.138003 
0.022114 0.819180 0.001026 0.018832 0.138847 
0.617300 0.158204 0.069625 0.001356 0.153514 
0.362170 0.501271 0.007046 0.037629 0.091884 
0.000029 0.811059 0.000376 0.167819 0.020717 
0.528821 0.293614 0.013747 0.119552 0.044266 
0.150641 0.780821 0.039136 0.015347 0.014056 
0.861573 0.058830 0.021362 0.057631 0.000604 
0.635495 0.317404 0.038606 0.000295 0.008201 
0.236144 0.630583 0.029890 0.065264 0.038119 
0.033962 0.739418 0.040931 0.123693 0.061996 
0.001654 0.556019 0.172118 0.189598 0.080610 
0.337133 0.370082 0.007413 0.203985 0.081387 
0.142000 0.728861 0.004894 0.121276 0.002968 
0.020709 0.875088 0.016517 0.047836 0.039850 
0.796852 0.035924 0.018621 0.145931 0.002672 
0.497571 0.111646 0.011628 0.368030 0.011126 
0.001201 0.460674 0.298038 0.079479 0.160607 
0.024554 0.233521 0.526494 0.187574 0.027857 
0.110995 0.084183 0.668856 0.135540 0.000426 
0.313906 0.007483 0.598730 0.012598 0.067282 
0.593901 0.015180 0.312398 0.072765 0.005756 
0.240622 0.556933 0.111518 0.049027 0.041901 
0.904430 0.016305 0.007496 0.011915 0.059854 
0.000208 0.005304 0.920279 0.013851 0.060358 
0.964341 0.000206 0.010355 0.002672 0.022426 
0.155260 0.068816 0.053495 0.000763 0.721666 
0.318078 0.217817 0.272607 0.002094 0.189404 
0.761502 0.005731 0.071183 0.046948 0.114637 
0.015274 0.081157 0.009485 0.824408 0.069676 
0.018051 0.668238 0.251612 0.015044 0.047055 
0.799162 0.039508 0.147108 0.001341 0.012881 
0.031723 0.017834 0.239406 0.035934 0.675104 
0.055292 0.426736 0.250375 0.225360 0.042238 
0.839221 0.022446 0.000998 0.101478 0.035856 
0.770353 0.018075 0.099158 0.080646 0.031769 
0.075936 0.056072 0.431213 0.436696 0.000083 
0.004719 0.253603 0.268819 0.271986 0.200873 
0.011089 0.010399 0.292174 0.680528 0.005811 
0.022279 0.036385 0.715380 0.153337 0.072619 
0.062887 0.000391 0.016873 0.881154 0.038694 
0.057500 0.603380 0.003487 0.016486 0.319148 
0.077504 0.014045 0.476892 0.097529 0.334030 
0.318349 0.388223 0.191998 0.088556 0.012874 
0.154028 0.268624 0.514885 0.047293 0.015169 
0.029564 0.566986 0.153239 0.086564 0.163647 
0.001724 0.004415 0.846816 0.059850 0.087193 
0.249061 0.225144 0.130787 0.383350 0.011658 
0.115394 0.462828 0.278460 0.143314 0.000004 
0.028163 0.187707 0.223074 0.238238 0.322819 
0.006771 0.910738 0.045808 0.013439 0.023245 
0.196625 0.167925 0.085798 0.016626 0.533027 
0.103397 0.036997 0.572693 0.011051 0.275862 
0.014699 0.675029 0.129151 0.113086 0.068036 
0.009921 0.402538 0.375947 0.143155 0.068439 
0.079650 0.546763 0.122719 0.238437 0.012431 
0.057165 0.204541 0.285893 0.002231 0.450170 
0.093814 0.334943 0.257876 0.304977 0.008390 
0.006764 0.004400 0.174813 0.512774 0.301250 
0.149916 0.293830 0.132347 0.423821 0.000085 
0.009331 0.004278 0.954085 0.002398 0.029908 
0.008184 0.011485 0.007252 0.914895 0.058183 
0.079328 0.112810 0.608478 0.024253 0.175132 
0.001250 0.578075 0.115342 0.273382 0.031951 
0.047749 0.514200 0.015991 0.149641 0.272419 
0.310326 0.149856 0.360420 0.027876 0.151522 
0.446545 0.119424 0.022364 0.390759 0.020908 
0.127174 0.682234 0.030532 0.021776 0.138284 
0.288039 0.345614 0.007539 0.230482 0.128327 
0.278659 0.450851 0.020177 0.133491 0.116822 
0.012589 0.003460 0.764836 0.128235 0.090879 
0.000769 0.412933 0.309617 0.034758 0.241922 
0.141680 0.092638 0.568772 0.045959 0.150951 
0.203137 0.481364 0.195402 0.049813 0.070283 
0.008343 0.447422 0.068464 0.120038 0.355732 
0.008063 0.486338 0.014112 0.489774 0.001713 
0.347847 0.350330 0.114531 0.187139 0.000153 
0.630317 0.101865 0.002515 0.262258 0.003045 
0.271304 0.145191 0.384497 0.134501 0.064509 
0.038954 0.078309 0.798974 0.063710 0.020054 
0.367732 0.217566 0.027371 0.368176 0.019155 
0.491221 0.055589 0.000023 0.025647 0.427520 
0.148961 0.027001 0.673843 0.000810 0.149384 
0.046246 0.082051 0.617053 0.000000 0.254651 
0.328797 0.411030 0.064089 0.103331 0.092753 
0.213054 0.636645 0.008603 0.003384 0.138314 
0.204900 0.415277 0.055380 0.302713 0.021730 
0.216483 0.254673 0.485422 0.000121 0.043301 
0.090855 0.401739 0.019610 0.428268 0.059529 
0.026724 0.050186 0.067508 0.820596 0.034986 
0.111889 0.804793 0.005803 0.023161 0.054354 
0.002927 0.426542 0.423641 0.113516 0.033373 
0.078358 0.063789 0.126473 0.116013 0.615367 
0.501129 0.172300 0.069327 0.224517 0.032727 
0.172702 0.690340 0.048961 0.087364 0.000633 
0.209797 0.081614 0.315586 0.003624 0.389380 
0.002802 0.354806 0.028350 0.000852 0.613191 
0.013610 0.057952 0.018041 0.443282 0.467115 
0.078064 0.327636 0.004745 0.168806 0.420748 
0.085622 0.648721 0.109773 0.136631 0.019252 
0.377032 0.366954 0.051069 0.190028 0.014917 
0.272609 0.507406 0.000570 0.051871 0.167544 
0.541821 0.133220 0.205379 0.099075 0.020505 
0.209414 0.393323 0.226580 0.015152 0.155532 
0.001462 0.515513 0.028391 0.143405 0.311229 
0.422486 0.457893 0.010873 0.056371 0.052377 
0.371997 0.370591 0.004783 0.244108 0.008521 
0.081201 0.486630 0.082801 0.278705 0.070663 
0.018627 0.488188 0.117844 0.251142 0.124199 
0.220482 0.587095 0.033489 0.123905 0.035030 
0.040623 0.355485 0.196153 0.167661 0.240078 
0.108611 0.551244 0.043283 0.103021 0.193842 
0.429463 0.286813 0.006676 0.222569 0.054478 
0.541173 0.029247 0.158163 0.014393 0.257024 
0.583875 0.000684 0.285493 0.000887 0.129061 
0.031628 0.808285 0.082124 0.075105 0.002858 
0.013965 0.081954 0.123010 0.369910 0.411161 
0.072367 0.004738 0.214231 0.012075 0.696589 
0.043764 0.071645 0.052568 0.151896 0.680128 
0.243425 0.432648 0.174530 0.000683 0.148714 
0.122583 0.859152 0.010741 0.006612 0.000913 
0.002229 0.776510 0.168091 0.031276 0.021894 
0.629157 0.078002 0.127934 0.000165 0.164742 
0.003675 0.215382 0.278964 0.176804 0.325175 
0.044521 0.338577 0.001306 0.441415 0.174182 
0.019932 0.243840 0.158779 0.068045 0.509404 
0.645081 0.084793 0.208701 0.035457 0.025968 
0.010992 0.100127 0.633496 0.235952 0.019434 
0.092372 0.019438 0.688949 0.081297 0.117945 
0.000226 0.545162 0.000980 0.001335 0.452296 
0.025996 0.005198 0.686496 0.062936 0.219373 
0.132369 0.140789 0.343715 0.013736 0.369392 
0.012380 0.167628 0.338125 0.084503 0.397364 
0.000604 0.252189 0.152355 0.000853 0.594000 
0.000008 0.005774 0.015816 0.503156 0.475246 
0.434120 0.053330 0.125494 0.018489 0.368568 
0.254795 0.270999 0.357097 0.014922 0.102187 
0.002282 0.027502 0.233511 0.011043 0.725662 
0.141723 0.544158 0.010951 0.275452 0.027717 
0.036700 0.000268 0.174860 0.026347 0.761825 
0.255181 0.606222 0.131957 0.005418 0.001222 
0.549051 0.228612 0.079313 0.132151 0.010873 
0.014537 0.005948 0.009147 0.297232 0.673136 
0.015892 0.046882 0.344298 0.024633 0.568295 
0.289521 0.380922 0.068850 0.255692 0.005014 
0.822920 0.011926 0.030620 0.061189 0.073346 
0.010993 0.323885 0.123615 0.273997 0.267509 
0.045105 0.065545 0.821930 0.041624 0.025796 
0.711284 0.101667 0.002300 0.154284 0.030465 
0.012369 0.385190 0.177741 0.416175 0.008524 
0.000018 0.856098 0.009797 0.118076 0.016011 
0.280871 0.021478 0.089606 0.608022 0.000024 
0.112922 0.193585 0.622790 0.000000 0.070703 
0.011742 0.631022 0.134162 0.025766 0.197307 
0.284701 0.338049 0.288741 0.081414 0.007095 
0.003312 0.736631 0.092953 0.086260 0.080844 
0.112163 0.487017 0.019398 0.380601 0.000820 
0.209050 0.614168 0.016292 0.151564 0.008927 
0.044208 0.646126 0.104986 0.203433 0.001248 
0.046640 0.173222 0.338203 0.050712 0.391223 
0.169628 0.013845 0.639709 0.134877 0.041941 
0.247144 0.124664 0.396717 0.208040 0.023434 
0.293425 0.380420 0.176452 0.023802 0.125901 
0.194521 0.030931 0.054292 0.607123 0.113133 
0.000298 0.346410 0.522570 0.018476 0.112246 
0.128716 0.495292 0.194599 0.114637 0.066756 
0.114383 0.811054 0.015446 0.053625 0.005492 
0.017205 0.079009 0.894222 0.004376 0.005188 
0.280528 0.007401 0.007625 0.543806 0.160641 
0.164840 0.025162 0.047668 0.107042 0.655287 
0.009906 0.833842 0.081776 0.007939 0.066537 
0.243052 0.189569 0.018063 0.387017 0.162299 
0.179945 0.384154 0.002220 0.167485 0.266196 
0.115821 0.052494 0.024596 0.582197 0.224892 
0.048753 0.065648 0.674203 0.143153 0.068242 
0.031920 0.699019 0.031906 0.236739 0.000416 
0.009293 0.276017 0.262493 0.000004 0.452192 
0.000642 0.412566 0.014522 0.113026 0.459244 
0.086881 0.478228 0.387809 0.002491 0.044590 
0.009049 0.221724 0.000065 0.717309 0.051852 
0.210636 0.144243 0.236155 0.405296 0.003669 
0.013377 0.285220 0.094978 0.386152 0.220273 
0.000612 0.456660 0.255105 0.120418 0.167205 
0.268599 0.261843 0.068874 0.392900 0.007784 
0.191161 0.072012 0.030247 0.523604 0.182975 
0.000017 0.258362 0.341438 0.399587 0.000596 
0.030761 0.001675 0.112686 0.635801 0.219077 
0.403635 0.421003 0.025471 0.125534 0.024358 
0.105255 0.018484 0.058632 0.331735 0.485893 
0.328435 0.008055 0.001118 0.368682 0.293711 
0.056113 0.088200 0.049669 0.743799 0.062219 
0.002781 0.197005 0.106644 0.138479 0.555090 
0.003178 0.083217 0.149366 0.758950 0.005289 
0.138521 0.028942 0.000601 0.524760 0.307175 
0.175509 0.089439 0.233559 0.499106 0.002387 
0.088823 0.361303 0.049772 0.043106 0.456997 
0.219682 0.499448 0.062621 0.022562 0.195688 
0.045745 0.514106 0.206362 0.022596 0.211191 
0.166190 0.103944 0.190762 0.475650 0.063454 
0.047429 0.128557 0.774784 0.004043 0.045187 
0.032372 0.006872 0.232456 0.206604 0.521696 
0.109289 0.209958 0.000664 0.034066 0.646023 
0.074643 0.087903 0.534404 0.063607 0.239443 
0.054863 0.011312 0.000207 0.098394 0.835225 
0.139495 0.000085 0.042592 0.054202 0.763626 
0.059003 0.040217 0.111950 0.158065 0.630765 
0.044445 0.008898 0.162564 0.018547 0.765545 
0.116144 0.413941 0.020346 0.449561 0.000009 
0.021355 0.183551 0.125540 0.658902 0.010652 
0.016181 0.000406 0.046586 0.935412 0.001415 
0.121218 0.652607 0.002313 0.222009 0.001853 
0.127623 0.353670 0.438857 0.067983 0.011867 
0.198449 0.672651 0.003203 0.123880 0.001817 
0.059174 0.053656 0.186767 0.694778 0.005625 
0.062925 0.374041 0.117266 0.432967 0.012800 
0.554061 0.109843 0.218644 0.060677 0.056775 
0.169430 0.676813 0.007932 0.145032 0.000793 
0.005584 0.523349 0.253037 0.208038 0.009992 
0.278271 0.106748 0.049357 0.060599 0.505025 
0.127514 0.077661 0.090245 0.042180 0.662400 
0.108012 0.173447 0.179399 0.032276 0.506865 
0.152342 0.183048 0.433722 0.125985 0.104903 
0.002450 0.525184 0.105940 0.242835 0.123591 
0.017728 0.828037 0.072327 0.068921 0.012988 
0.131118 0.197630 0.007968 0.335440 0.327843 
0.093594 0.040192 0.058999 0.717698 0.089517 
0.355353 0.217430 0.000493 0.355100 0.071623 
0.111739 0.845637 0.001600 0.000071 0.040953 
0.338762 0.151263 0.000014 0.422781 0.087179 
0.138148 0.011797 0.215106 0.022209 0.612740 
0.142411 0.323953 0.407764 0.113874 0.011998 
0.003731 0.131652 0.078583 0.060895 0.725139 
0.071745 0.148564 0.501914 0.065612 0.212166 
0.070453 0.022094 0.716941 0.138777 0.051735 
0.289021 0.033108 0.376736 0.300828 0.000308 
0.074008 0.289448 0.209767 0.025241 0.401536 
0.245577 0.169631 0.572017 0.009168 0.003607 
0.122894 0.037217 0.061994 0.014615 0.763280 
0.050447 0.164081 0.384185 0.045655 0.355633 
0.423788 0.109370 0.001156 0.392663 0.073022 
0.010024 0.331186 0.000236 0.311344 0.347210 
0.001988 0.018265 0.611708 0.199673 0.168367 
0.023387 0.001420 0.415268 0.413940 0.145986 
0.000218 0.337994 0.243700 0.121070 0.297018 
0.146912 0.005780 0.011158 0.832589 0.003561 
0.302226 0.227407 0.012157 0.015478 0.442732 
0.224894 0.042478 0.033608 0.683799 0.015221 
0.180950 0.564303 0.044407 0.185385 0.024956 
0.009584 0.450782 0.228717 0.251802 0.059114 
0.004573 0.409920 0.189226 0.061472 0.334810 
0.003815 0.362112 0.166077 0.458669 0.009326 
0.009333 0.233875 0.001114 0.385906 0.369772 
0.000017 0.329262 0.385920 0.245752 0.039049 
0.220937 0.643823 0.032334 0.078425 0.024481 
0.000463 0.615644 0.262411 0.022160 0.099322 
0.118158 0.180502 0.503958 0.021862 0.175520 
0.268459 0.580437 0.017743 0.124130 0.009232 
0.010839 0.443789 0.219611 0.066340 0.259422 
0.170990 0.308553 0.010368 0.083470 0.426620 
0.041201 0.591380 0.085521 0.063629 0.218269 
0.158969 0.420587 0.098713 0.189123 0.132607 
0.006883 0.087483 0.002381 0.038842 0.864412 
0.085275 0.017005 0.393786 0.110759 0.393175 
0.350669 0.451721 0.004427 0.179099 0.014084 
0.012739 0.737475 0.179558 0.001390 0.068838 
0.003841 0.637219 0.287382 0.033202 0.038355 
0.014699 0.115680 0.002206 0.168220 0.699195 
0.167726 0.028626 0.003672 0.110519 0.689456 
0.042611 0.225110 0.076394 0.343193 0.312692 
0.012989 0.011560 0.607402 0.367558 0.000491 
0.072347 0.864223 0.030575 0.020282 0.012572 
0.191338 0.072243 0.460021 0.034248 0.242150 
0.020793 0.002488 0.159143 0.035516 0.782060 
0.387300 0.257129 0.099429 0.224117 0.032024 
0.001821 0.152741 0.359735 0.089352 0.396350 
0.090669 0.074195 0.051290 0.310776 0.473070 
0.131233 0.599778 0.076444 0.068158 0.124387 
0.000592 0.027333 0.172038 0.190277 0.609760 
0.006624 0.227240 0.002593 0.134792 0.628749 
0.145629 0.064456 0.486935 0.077383 0.225597 
0.117423 0.607119 0.031235 0.201451 0.042773 
0.384412 0.338002 0.265412 0.011265 0.000909 
0.118272 0.020833 0.394853 0.428715 0.037327 
0.823741 0.007553 0.058757 0.037760 0.072189 
0.347419 0.410861 0.211420 0.027469 0.002831 
0.051624 0.473572 0.000208 0.240613 0.233983 
0.128040 0.050000 0.513577 0.091814 0.216569 
0.318067 0.026751 0.367669 0.008352 0.279162 
0.225609 0.049016 0.707819 0.016841 0.000715 
0.405019 0.051133 0.389505 0.154255 0.000088 
0.004584 0.327507 0.223802 0.205654 0.238453 
0.010406 0.195828 0.082055 0.303049 0.408662 
0.007394 0.000023 0.212071 0.623567 0.156945 
0.029091 0.034646 0.570694 0.022400 0.343169 
0.007735 0.009245 0.118652 0.388688 0.475680 
0.326126 0.271802 0.202338 0.191992 0.007743 
0.126147 0.001588 0.495187 0.138684 0.238394 
0.077881 0.411250 0.024841 0.453957 0.032071 
0.050048 0.113145 0.048142 0.405213 0.383453 
0.000296 0.022722 0.561458 0.232304 0.183221 
0.005751 0.304241 0.471450 0.050344 0.168214 
0.057026 0.276102 0.276544 0.322302 0.068025 
0.079794 0.287330 0.533875 0.018950 0.080051 
0.154850 0.472501 0.173263 0.199261 0.000125 
0.002780 0.126790 0.209425 0.062086 0.598919 
0.008383 0.059447 0.474768 0.368514 0.088888 
0.218997 0.002652 0.655398 0.055921 0.067033 
0.001635 0.235030 0.576639 0.128608 0.058087 
0.029652 0.010249 0.730986 0.228770 0.000343 
0.116172 0.038854 0.010744 0.828550 0.005680 
0.036649 0.230626 0.703086 0.026793 0.002845 
0.021255 0.168278 0.185928 0.615600 0.008940 
0.002413 0.019258 0.039389 0.842273 0.096668 
0.001659 0.265275 0.289850 0.440262 0.002954 
0.034475 0.226952 0.278732 0.443759 0.016082 
0.010446 0.127150 0.401955 0.253808 0.206642 
0.000674 0.013648 0.139235 0.707229 0.139213 
0.061250 0.580169 0.001208 0.093004 0.264370 
0.016459 0.014475 0.001713 0.965642 0.001711 
0.011084 0.047442 0.350512 0.467784 0.123178 
0.013013 0.122710 0.676345 0.092398 0.095533 
0.354510 0.092916 0.011313 0.522936 0.018324 
0.531903 0.169398 0.258274 0.031910 0.008516 
0.411194 0.359020 0.030816 0.198761 0.000208 
0.099745 0.597285 0.009233 0.181925 0.111813 
0.010559 0.653464 0.250936 0.078333 0.006708 
0.164634 0.690411 0.042188 0.012577 0.090189 
0.159367 0.181196 0.007165 0.537342 0.114930 
0.005578 0.605100 0.287254 0.101824 0.000245 
0.160473 0.486767 0.088593 0.170322 0.093844 
0.020034 0.508076 0.277917 0.176728 0.017245 
0.245108 0.505349 0.007504 0.238779 0.003261 
0.137114 0.174343 0.027876 0.554103 0.106564 
0.012604 0.222166 0.076729 0.648567 0.039934 
0.001778 0.232836 0.016235 0.089664 0.659487 
0.000080 0.291987 0.139549 0.001986 0.566399 
0.107980 0.003704 0.418589 0.073523 0.396203 
0.078458 0.097858 0.113593 0.079208 0.630883 
0.253855 0.005534 0.006957 0.413303 0.320351 
0.051521 0.138377 0.279599 0.010870 0.519633 
0.208052 0.502547 0.010714 0.239902 0.038785 
0.166619 0.222871 0.053973 0.035031 0.521507 
0.559243 0.170155 0.250233 0.003905 0.016463 
0.662779 0.091003 0.131440 0.050481 0.064296 
0.354324 0.015723 0.040458 0.305856 0.283639 
0.014866 0.022772 0.818646 0.058616 0.085100 
0.376645 0.407087 0.002047 0.197318 0.016903 
0.396848 0.021615 0.428324 0.036816 0.116397 
0.002577 0.005844 0.211946 0.304982 0.474651 
0.752227 0.050471 0.020792 0.173299 0.003211 
0.104808 0.353795 0.265201 0.275912 0.000285 
0.250529 0.134371 0.416626 0.164865 0.033608 
0.007848 0.404911 0.122343 0.377491 0.087408 
0.005651 0.228778 0.574138 0.174304 0.017129 
0.002175 0.409607 0.023197 0.344141 0.220880 
0.000000 0.081227 0.032144 0.856085 0.030544 
0.077799 0.123706 0.004120 0.486587 0.307787 
0.376398 0.011719 0.220103 0.333628 0.058152 
0.107072 0.026059 0.251555 0.612517 0.002797 
0.055676 0.054697 0.617891 0.266785 0.004950 
0.064679 0.026945 0.718927 0.168973 0.020476 
0.098739 0.047697 0.002504 0.779329 0.071732 
0.000466 0.581449 0.044090 0.373822 0.000173 
0.026737 0.380034 0.324845 0.057392 0.210993 
0.531349 0.177114 0.149165 0.024970 0.117403 
0.023473 0.406320 0.065072 0.371894 0.133240 
0.295333 0.020317 0.285943 0.386703 0.011703 
0.612068 0.072088 0.186947 0.093038 0.035859 
0.123021 0.041926 0.008800 0.580059 0.246193 
0.033631 0.768046 0.136841 0.004744 0.056737 
0.378277 0.242424 0.256375 0.005861 0.117062 
0.000011 0.479938 0.421406 0.066031 0.032614 
0.166897 0.129808 0.033574 0.626666 0.043056 
0.057944 0.688123 0.049624 0.086287 0.118023 
0.077064 0.751132 0.078136 0.084041 0.009627 
0.539585 0.047878 0.072719 0.339644 0.000174 
0.009413 0.136971 0.492731 0.344370 0.016516 
0.021887 0.109286 0.618341 0.180390 0.070096 
0.002805 0.642532 0.044610 0.288837 0.021216 
0.016642 0.001070 0.435307 0.229856 0.317125 
0.047622 0.004569 0.028078 0.831562 0.088169 
0.320543 0.274258 0.029819 0.023275 0.352105 
0.182619 0.343310 0.102041 0.009693 0.362337 
0.197040 0.168040 0.060250 0.572634 0.002035 
0.021896 0.212206 0.062318 0.685262 0.018318 
0.003242 0.128776 0.171890 0.601497 0.094595 
0.056275 0.810158 0.038044 0.000905 0.094618 
0.111129 0.259641 0.073284 0.175520 0.380426 
0.383018 0.000112 0.002937 0.495471 0.118462 
0.086390 0.197318 0.000253 0.418811 0.297227 
0.595047 0.001555 0.061750 0.340348 0.001300 
0.022159 0.410921 0.006559 0.234232 0.326129 
0.047848 0.446552 0.048069 0.030351 0.427180 
0.192754 0.375197 0.022927 0.156982 0.252141 
0.013024 0.161885 0.000615 0.823980 0.000495 
0.035411 0.306136 0.131740 0.481983 0.044730 
0.106732 0.279956 0.468119 0.119149 0.026044 
0.180753 0.770620 0.030723 0.017904 0.000000 
0.003207 0.165260 0.023346 0.648706 0.159482 
0.265307 0.611014 0.001274 0.089306 0.033099 
0.139994 0.185104 0.013487 0.022525 0.638890 
0.284786 0.324236 0.035501 0.313266 0.042211 
0.331735 0.049924 0.304066 0.185573 0.128702 
0.041765 0.007285 0.242326 0.277365 0.431259 
0.002731 0.029704 0.002062 0.700893 0.264610 
0.063690 0.065122 0.000555 0.311657 0.558975 
0.031339 0.063846 0.469421 0.065519 0.369875 
0.000049 0.000401 0.649374 0.016616 0.333560 
0.007159 0.366856 0.195925 0.001028 0.429032 
0.009950 0.003699 0.001180 0.020676 0.964495 
0.000630 0.148300 0.007182 0.230618 0.613270 
0.070009 0.154915 0.045235 0.681000 0.048841 
0.352567 0.289748 0.003873 0.000173 0.353639 
0.357788 0.024278 0.013923 0.268158 0.335852 
0.036282 0.007957 0.592445 0.190958 0.172358 
0.006528 0.236641 0.022837 0.608216 0.125777 
0.187992 0.302608 0.069606 0.415226 0.024568 
0.022771 0.007179 0.829534 0.049242 0.091275 
0.008507 0.359981 0.111972 0.405507 0.114032 
0.136167 0.367733 0.026348 0.126019 0.343733 
0.244533 0.023441 0.042846 0.078254 0.610926 
0.047375 0.113515 0.254384 0.577660 0.007065 
0.076526 0.058592 0.069733 0.000900 0.794249 
0.019260 0.288579 0.087201 0.005939 0.599021 
0.165481 0.006333 0.032158 0.265628 0.530401 
0.077151 0.280222 0.389647 0.224424 0.028557 
0.022394 0.375001 0.170528 0.420418 0.011658 
0.447581 0.026478 0.385984 0.006102 0.133855 
0.000218 0.078640 0.411597 0.477026 0.032519 
0.002095 0.015231 0.046397 0.695176 0.241101 
0.037521 0.171832 0.002191 0.354213 0.434244 
0.293127 0.499794 0.038933 0.105209 0.062936 
0.065936 0.313897 0.143099 0.393322 0.083746 
0.171508 0.102565 0.024442 0.664503 0.036981 
0.128866 0.169822 0.286443 0.068162 0.346707 
0.131620 0.342398 0.010576 0.255843 0.259562 
0.006909 0.057372 0.244392 0.588845 0.102482 
0.138180 0.048113 0.035878 0.764943 0.012887 
0.008413 0.001732 0.880971 0.008072 0.100812 
0.267601 0.324319 0.002671 0.404204 0.001205 
0.001200 0.264792 0.096081 0.636069 0.001857 
0.014751 0.215438 0.466528 0.007762 0.295521 
0.667018 0.013034 0.007309 0.224601 0.088038 
0.156576 0.042766 0.136190 0.415160 0.249307 
0.704138 0.151372 0.048634 0.053571 0.042285 
0.183198 0.486648 0.000159 0.317502 0.012493 
0.063831 0.054185 0.624249 0.020962 0.236773 
0.002482 0.022559 0.339729 0.634267 0.000964 
0.298573 0.019055 0.000215 0.669680 0.012477 
0.094472 0.001217 0.251332 0.547226 0.105753 
0.001797 0.086938 0.096429 0.765676 0.049159 
0.111206 0.098566 0.014550 0.070608 0.705070 
0.558994 0.156659 0.037315 0.005236 0.241796 
0.150186 0.626954 0.206758 0.005777 0.010326 
0.081411 0.018227 0.022010 0.546513 0.331838 
0.012152 0.005119 0.211124 0.766255 0.005350 
0.343747 0.469114 0.045216 0.000014 0.141908 
0.147680 0.200584 0.110766 0.282800 0.258170 
0.101072 0.054527 0.777498 0.046905 0.019998 
0.133566 0.015853 0.653374 0.188536 0.008672 
0.037297 0.114090 0.395427 0.304705 0.148481 
0.052660 0.083412 0.271781 0.586994 0.005154 
0.088377 0.384293 0.095206 0.023085 0.409040 
0.024471 0.009457 0.018470 0.943232 0.004370 
0.002093 0.008723 0.618884 0.357430 0.012869 
0.027344 0.017464 0.846172 0.108890 0.000130 
0.384064 0.077830 0.417224 0.087219 0.033664 
0.018837 0.554158 0.165067 0.162316 0.099622 
0.291430 0.117966 0.270700 0.110524 0.209380 
0.030434 0.423250 0.297070 0.234520 0.014726 
0.335915 0.185453 0.446240 0.007303 0.025089 
0.021506 0.058209 0.013978 0.582723 0.323585 
0.624079 0.238421 0.000338 0.091966 0.045196 
0.004355 0.213170 0.094216 0.559344 0.128915 
0.153753 0.006869 0.732760 0.012955 0.093663 
0.066180 0.228931 0.118775 0.297925 0.288189 
0.003597 0.220438 0.131134 0.059215 0.585617 
0.054358 0.302749 0.002325 0.414043 0.226525 
0.514135 0.045181 0.417003 0.014206 0.009476 
0.186576 0.479785 0.061712 0.066851 0.205076 
0.054339 0.657866 0.079622 0.015626 0.192547 
0.388560 0.468361 0.098387 0.009932 0.034760 
0.008512 0.521690 0.000804 0.048405 0.420589 
0.680746 0.136800 0.181172 0.000385 0.000897 
0.004748 0.524118 0.007488 0.061852 0.401794 
0.064708 0.007082 0.481193 0.006492 0.440525 
0.164201 0.571903 0.161926 0.012296 0.089675 
0.000035 0.537223 0.076924 0.181603 0.204215 
0.007555 0.723907 0.038010 0.011832 0.218697 
0.018542 0.099502 0.244321 0.062254 0.575380 
0.049760 0.333430 0.016645 0.192665 0.407500 
0.000344 0.064269 0.099134 0.001164 0.835089 
0.004265 0.042433 0.018666 0.259847 0.674790 
0.341893 0.001626 0.000001 0.233430 0.423051 
0.155999 0.032935 0.754598 0.042439 0.014029 
0.000459 0.006470 0.125731 0.628512 0.238828 
0.008386 0.214821 0.650338 0.120933 0.005522 
0.177843 0.034475 0.183435 0.462554 0.141694 
0.505031 0.273716 0.166119 0.011979 0.043155 
0.521390 0.192706 0.000153 0.075317 0.210434 
0.565204 0.029584 0.071556 0.329639 0.004017 
0.278208 0.246169 0.239657 0.190226 0.045740 
0.455086 0.057774 0.041245 0.424363 0.021533 
0.730461 0.079213 0.030416 0.143723 0.016188 
0.874639 0.006933 0.081489 0.036892 0.000047 
0.024722 0.200076 0.611569 0.003680 0.159953 
0.131272 0.049045 0.027605 0.682593 0.109485 
0.037199 0.098541 0.591588 0.179112 0.093560 
0.004970 0.362627 0.388909 0.032881 0.210612 
0.000031 0.054692 0.400676 0.295594 0.249007 
0.002300 0.240909 0.428225 0.094851 0.233715 
0.008384 0.222920 0.656018 0.029995 0.082683 
0.000430 0.188570 0.000109 0.804365 0.006526 
0.003279 0.148178 0.840431 0.001954 0.006158 
0.521437 0.162194 0.010252 0.165619 0.140498 
0.221779 0.036478 0.229623 0.104341 0.407779 
0.323176 0.003215 0.123329 0.004342 0.545938 
0.330617 0.005004 0.077960 0.281454 0.304964 
0.834115 0.004142 0.008542 0.150377 0.002823 
0.462604 0.010391 0.080146 0.083935 0.362924 
0.094979 0.779449 0.009399 0.104777 0.011396 
0.073039 0.276292 0.570003 0.080118 0.000549 
0.222796 0.000038 0.362090 0.407147 0.007929 
0.339783 0.056143 0.338054 0.109094 0.156926 
0.297835 0.476434 0.168702 0.055203 0.001826 
0.483111 0.278150 0.070758 0.126389 0.041591 
0.004753 0.195585 0.669350 0.073282 0.057029 
0.011606 0.406233 0.002412 0.205750 0.374000 
0.655064 0.089566 0.018277 0.223509 0.013583 
0.250055 0.057749 0.332690 0.263071 0.096434 
0.059312 0.008062 0.374101 0.557336 0.001189 
0.033674 0.105255 0.126989 0.662799 0.071283 
0.770122 0.003062 0.187957 0.038821 0.000038 
0.469344 0.000553 0.041907 0.328867 0.159328 
0.021762 0.003496 0.035390 0.914528 0.024824 
0.004727 0.131363 0.770205 0.077025 0.016679 
0.394066 0.434201 0.144507 0.009536 0.017690 
0.321589 0.130745 0.002822 0.466418 0.078426 
0.168329 0.000191 0.784253 0.016248 0.030978 
0.872304 0.089036 0.020257 0.001129 0.017275 
0.011131 0.120001 0.234527 0.179266 0.455075 
0.068023 0.398633 0.303022 0.230322 0.000000 
0.003588 0.030695 0.614437 0.299694 0.051587 
0.084770 0.000030 0.642775 0.164818 0.107607 
0.415037 0.083891 0.140473 0.360581 0.000019 
0.295858 0.179579 0.361737 0.139328 0.023498 
0.599895 0.258421 0.060277 0.072616 0.008791 
0.440754 0.012700 0.443447 0.004397 0.098702 
0.023374 0.004367 0.496693 0.157074 0.318492 
0.139929 0.067095 0.036726 0.156647 0.599602 
0.342142 0.065843 0.196955 0.390246 0.004814 
0.504390 0.047021 0.254535 0.015632 0.178422 
0.622168 0.012550 0.038761 0.003140 0.323381 
0.010742 0.238051 0.000018 0.296997 0.454192 
0.497642 0.003645 0.027079 0.308215 0.163419 
0.063280 0.166894 0.058177 0.461942 0.249708 
0.080568 0.066979 0.009819 0.266492 0.576141 
0.036950 0.058561 0.072931 0.062127 0.769431 
0.127458 0.001103 0.080258 0.047563 0.743618 
0.428349 0.056176 0.022426 0.000127 0.492923 
0.018380 0.446673 0.008528 0.058079 0.468340 
0.254069 0.003480 0.146685 0.016308 0.579457 
0.471822 0.007352 0.096465 0.167635 0.256726 
0.090131 0.026437 0.161694 0.011145 0.710592 
0.052028 0.001388 0.219804 0.019253 0.707527 
0.056064 0.103486 0.150858 0.312798 0.376793 
0.216351 0.028601 0.075804 0.109428 0.569815 
0.471262 0.390341 0.072944 0.000111 0.065343 
0.577640 0.001642 0.109276 0.006568 0.304875 
0.045163 0.052606 0.000012 0.800871 0.101348 
0.466292 0.028253 0.012339 0.058634 0.434482 
0.171586 0.198042 0.135460 0.494066 0.000846 
0.207534 0.003907 0.094689 0.667181 0.026689 
0.673924 0.021851 0.011032 0.010294 0.282899 
0.604828 0.152074 0.123840 0.000060 0.119199 
0.221303 0.018187 0.009211 0.720739 0.030559 
0.262229 0.155136 0.320054 0.196174 0.066406 
0.046625 0.091820 0.728809 0.117168 0.015578 
0.231672 0.003162 0.447197 0.315040 0.002929 
0.702091 0.004771 0.085140 0.160807 0.047192 
0.768443 0.002087 0.002027 0.214170 0.013273 
0.235373 0.050524 0.089449 0.215377 0.409277 
0.730222 0.006484 0.000001 0.171795 0.091499 
0.492331 0.038949 0.406509 0.008603 0.053608 
0.052150 0.050962 0.710753 0.093736 0.092399 
0.424388 0.003000 0.427840 0.006501 0.138272 
0.650628 0.026906 0.051059 0.217942 0.053465 
0.403873 0.137278 0.415886 0.030177 0.012786 
0.360450 0.293037 0.010201 0.231137 0.105175 
0.154316 0.363810 0.017303 0.192506 0.272065 
0.169804 0.209874 0.023559 0.005312 0.591451 
0.372973 0.015982 0.027492 0.557202 0.026352 
0.622450 0.111970 0.215005 0.016827 0.033748 
0.612607 0.050444 0.064559 0.077051 0.195340 
0.623910 0.239868 0.000406 0.134980 0.000836 
0.155600 0.086425 0.310909 0.305791 0.141275 
0.020352 0.070742 0.654420 0.122239 0.132247 
0.007786 0.052006 0.560909 0.037252 0.342046 
0.002942 0.016233 0.104613 0.526099 0.350113 
0.000024 0.129372 0.000146 0.385637 0.484821 
0.081131 0.047364 0.252809 0.147284 0.471411 
0.050323 0.564062 0.035745 0.004663 0.345207 
0.065303 0.068993 0.019808 0.602667 0.243229 
0.077207 0.004436 0.385991 0.294911 0.237457 
0.208677 0.002149 0.162382 0.125228 0.501563 
0.763139 0.150779 0.021021 0.005874 0.059187 
0.529092 0.002483 0.000248 0.000053 0.468124 
0.277129 0.096138 0.100032 0.044174 0.482526 
0.339885 0.227104 0.087413 0.012444 0.333153 
0.536890 0.207245 0.007101 0.241594 0.007170 
0.104989 0.004075 0.105926 0.069368 0.715643 
0.019744 0.383431 0.102634 0.011637 0.482553 
0.179936 0.038240 0.770039 0.000921 0.010865 
0.046788 0.334116 0.509949 0.068365 0.040782 
0.476241 0.001915 0.039012 0.482813 0.000019 
0.000473 0.430816 0.426862 0.070504 0.071344 
0.141988 0.109327 0.076457 0.649335 0.022892 
0.044987 0.314715 0.510361 0.061792 0.068146 
0.624748 0.000212 0.323604 0.005818 0.045618 
0.027119 0.048918 0.184089 0.012653 0.727221 
0.182365 0.169927 0.599565 0.044493 0.003650 
0.026992 0.226368 0.046938 0.002870 0.696831 
0.317619 0.000234 0.020612 0.521335 0.140200 
0.064268 0.432926 0.240732 0.257925 0.004149 
0.006900 0.651106 0.008352 0.142927 0.190714 
0.296390 0.661430 0.012776 0.000305 0.029099 
0.027378 0.285731 0.004151 0.527764 0.154975 
0.093201 0.153007 0.028990 0.656788 0.068013 
0.061167 0.015241 0.359376 0.489593 0.074624 
0.225081 0.002683 0.415586 0.346122 0.010528 
0.002436 0.040002 0.466171 0.283910 0.207481 
0.024986 0.117278 0.528726 0.297316 0.031694 
0.004677 0.008072 0.767085 0.178530 0.041636 
0.106758 0.045288 0.249190 0.572025 0.026740 
0.217800 0.055682 0.063510 0.430593 0.232416 
0.040566 0.224333 0.076430 0.630479 0.028193 
0.010080 0.099352 0.139458 0.634150 0.116961 
0.076787 0.445736 0.132991 0.203714 0.140772 
0.099784 0.160374 0.484617 0.155606 0.099619 
0.442866 0.117776 0.050898 0.108968 0.279492 
0.203478 0.325571 0.181451 0.001489 0.288011 
0.002500 0.819475 0.138684 0.007519 0.031821 
0.016279 0.657892 0.023429 0.178503 0.123896 
0.124528 0.021940 0.319662 0.023241 0.510628 
0.532552 0.008525 0.000956 0.418149 0.039818 
0.010101 0.000262 0.234492 0.496364 0.258782 
0.041113 0.084742 0.208764 0.001419 0.663962 
0.071662 0.262101 0.288363 0.002777 0.375097 
0.007328 0.000066 0.093075 0.886723 0.012808 
0.256548 0.065396 0.002387 0.571499 0.104171 
0.087180 0.120495 0.019289 0.496391 0.276645 
0.027554 0.288896 0.112507 0.001235 0.569808 
0.092887 0.023635 0.116570 0.302413 0.464495 
0.000547 0.176976 0.008422 0.457298 0.356757 
0.000069 0.051484 0.002041 0.352138 0.594268 
0.000225 0.060992 0.080814 0.005129 0.852840 
0.070576 0.190652 0.313155 0.151172 0.274446 
0.379259 0.019243 0.017735 0.245614 0.338149 
0.001368 0.055219 0.381053 0.458435 0.103926 
0.092231 0.000282 0.019259 0.140373 0.747855 
0.165543 0.362947 0.075357 0.340912 0.055242 
0.002821 0.215495 0.151996 0.315316 0.314372 
0.070869 0.522718 0.011121 0.281901 0.113390 
0.204662 0.526389 0.000507 0.248868 0.019574 
0.030287 0.317440 0.026798 0.055384 0.570092 
0.011570 0.517893 0.309901 0.016060 0.144576 
0.054335 0.127507 0.285716 0.503557 0.028885 
0.014129 0.001589 0.118251 0.226034 0.639997 
0.000097 0.068638 0.617392 0.286556 0.027317 
0.783841 0.000032 0.109402 0.078108 0.028616 
0.279420 0.212367 0.110078 0.061743 0.336392 
0.119712 0.375279 0.199993 0.047513 0.257503 
0.012159 0.357879 0.039990 0.483285 0.106687 
0.368192 0.319285 0.002184 0.039272 0.271066 
0.009049 0.009075 0.698096 0.000569 0.283211 
0.175095 0.022642 0.105895 0.004307 0.692061 
0.200528 0.192533 0.266771 0.338028 0.002140 
0.211833 0.497143 0.005595 0.146771 0.138658 
0.522646 0.261992 0.061162 0.070377 0.083822 
0.172028 0.007168 0.700250 0.102486 0.018068 
0.072390 0.074293 0.068684 0.450376 0.334257 
0.039887 0.145221 0.001386 0.668351 0.145155 
0.004001 0.081129 0.013093 0.867614 0.034163 
0.201718 0.100835 0.496431 0.046643 0.154372 
0.158116 0.065889 0.048286 0.539532 0.188176 
0.010008 0.173138 0.317830 0.485596 0.013427 
0.230737 0.608582 0.029825 0.109368 0.021488 
0.221805 0.113471 0.048255 0.015109 0.601360 
0.241143 0.000003 0.320807 0.121834 0.316214 
0.010577 0.426831 0.529840 0.024984 0.007769 
0.041863 0.002367 0.008860 0.034618 0.912291 
0.104795 0.224557 0.165613 0.000129 0.504906 
0.500589 0.127989 0.005571 0.004512 0.361339 
0.458293 0.000195 0.001160 0.033614 0.506738 
0.398448 0.063968 0.076031 0.216038 0.245515 
0.504890 0.147466 0.045229 0.070298 0.232117 
0.570844 0.141209 0.073991 0.116504 0.097452 
0.554126 0.105213 0.016568 0.000027 0.324067 
0.060289 0.053178 0.046414 0.743325 0.096794 
0.465216 0.283356 0.018356 0.004993 0.228078 
0.326661 0.141684 0.217925 0.312796 0.000934 
0.494428 0.230679 0.091756 0.122607 0.060530 
0.009479 0.146384 0.433348 0.345721 0.065068 
0.217096 0.342368 0.248464 0.084067 0.108005 
0.003402 0.039191 0.708031 0.245591 0.003784 
0.468084 0.000093 0.029525 0.375967 0.126331 
0.015779 0.000599 0.472151 0.374190 0.137281 
0.223029 0.101266 0.141840 0.080706 0.453159 
0.363739 0.169790 0.001912 0.310143 0.154416 
0.601515 0.038246 0.009373 0.232820 0.118046 
0.447195 0.089457 0.013303 0.109455 0.340589 
0.202152 0.442733 0.039622 0.152143 0.163349 
0.137429 0.136638 0.226084 0.004449 0.495400 
0.000065 0.693425 0.141699 0.000258 0.164553 
0.036469 0.828003 0.060303 0.030237 0.044987 
0.610635 0.034012 0.039182 0.302215 0.013956 
0.329693 0.012885 0.028929 0.066442 0.562052 
0.259703 0.513807 0.184424 0.016183 0.025883 
0.095344 0.002077 0.226847 0.557445 0.118288 
0.001730 0.064858 0.463416 0.002811 0.467185 
0.036850 0.309586 0.340626 0.031662 0.281275 
0.132810 0.505931 0.098566 0.006681 0.256012 
0.006019 0.351427 0.105413 0.023404 0.513738 
0.013924 0.264206 0.365234 0.306259 0.050377 
0.016050 0.010982 0.483420 0.018683 0.470865 
0.021164 0.135742 0.084998 0.147750 0.610347 
0.052387 0.065420 0.623485 0.247218 0.011489 
0.130450 0.352724 0.174930 0.335305 0.006592 
0.038040 0.001668 0.115473 0.089829 0.754988 
0.087269 0.056946 0.043913 0.317112 0.494760 
0.992220 0.001861 0.005368 0.000110 0.000442 
0.030311 0.556489 0.185682 0.127004 0.100514 
0.127380 0.649482 0.041661 0.181258 0.000219 
0.873855 0.037587 0.011247 0.074199 0.003112 
0.361895 0.339294 0.006665 0.093459 0.198687 
0.569293 0.172731 0.000000 0.024012 0.233964 
0.512899 0.083950 0.364211 0.024004 0.014936 
0.163661 0.545628 0.054123 0.042503 0.194086 
0.001460 0.177783 0.651147 0.096092 0.073519 
0.215130 0.002087 0.148233 0.028844 0.605706 
0.012376 0.000001 0.394037 0.173395 0.420191 
0.330926 0.075945 0.583258 0.003739 0.006133 
0.392513 0.187707 0.032807 0.192490 0.194482 
0.483958 0.000002 0.421622 0.063614 0.030804 
0.616139 0.014504 0.200810 0.061073 0.107474 
0.459753 0.078179 0.158811 0.000490 0.302767 
0.035293 0.001744 0.276474 0.309027 0.377462 
0.267816 0.073111 0.005121 0.033947 0.620005 
0.716460 0.040062 0.052616 0.012696 0.178166 
0.109638 0.194721 0.015846 0.146000 0.533796 
0.455080 0.150334 0.000556 0.176506 0.217523 
0.679546 0.081985 0.002537 0.153184 0.082749 
0.431250 0.044777 0.102457 0.096040 0.325475 
0.054373 0.013538 0.416386 0.333210 0.182494 
0.085322 0.108926 0.681368 0.101692 0.022691 
0.316187 0.088198 0.095773 0.454784 0.045058 
0.187796 0.070863 0.277970 0.407365 0.056006 
0.157896 0.009774 0.119362 0.547605 0.165363 
0.236065 0.004932 0.002959 0.728546 0.027498 
0.035041 0.036201 0.053044 0.612866 0.262848 
0.267816 0.020460 0.043923 0.593833 0.073966 
0.474091 0.136634 0.009127 0.006927 0.373221 
0.000031 0.008482 0.177160 0.000489 0.813838 
0.000762 0.724040 0.129896 0.000133 0.145169 
0.319613 0.271039 0.186363 0.154758 0.068226 
0.171351 0.434484 0.212167 0.032449 0.149550 
0.456711 0.002052 0.045559 0.001297 0.494381 
0.386912 0.048387 0.559514 0.004242 0.000946 
0.000185 0.212911 0.593489 0.021967 0.171448 
0.011417 0.186322 0.747986 0.019854 0.034420 
0.121719 0.010938 0.017490 0.727855 0.121998 
0.024020 0.094784 0.411012 0.002949 0.467236 
0.000100 0.026781 0.068796 0.055923 0.848400 
0.441292 0.265284 0.070563 0.207363 0.015498 
0.036094 0.071674 0.001806 0.714737 0.175688 
0.087647 0.065799 0.120343 0.039926 0.686286 
0.009110 0.130954 0.028253 0.059788 0.771895 
0.094295 0.019446 0.085314 0.366570 0.434374 
0.164261 0.025155 0.591492 0.014461 0.204631 
0.064694 0.012010 0.223729 0.112757 0.586811 
0.076563 0.075891 0.063311 0.191177 0.593058 
0.802709 0.000599 0.194064 0.000255 0.002374 
0.453591 0.474678 0.027300 0.001636 0.042795 
0.476566 0.310024 0.002596 0.072031 0.138782 
0.006071 0.020209 0.284905 0.162737 0.526078 
0.084217 0.286605 0.318354 0.274121 0.036703 
0.052324 0.015698 0.679977 0.186878 0.065123 
0.198763 0.268568 0.135470 0.281042 0.116157 
0.083942 0.012058 0.552236 0.001202 0.350562 
0.235378 0.062510 0.307119 0.006118 0.388875 
0.016694 0.009576 0.683602 0.049015 0.241113 
0.018010 0.050190 0.148546 0.668829 0.114425 
0.128188 0.370656 0.441814 0.056480 0.002862 
0.237662 0.016665 0.078284 0.191602 0.475787 
0.053280 0.082780 0.097710 0.074496 0.691733 
0.265147 0.000039 0.290978 0.130488 0.313348 
0.103731 0.007202 0.511953 0.019681 0.357433 
0.067093 0.001157 0.332222 0.031686 0.567842 
0.233115 0.090121 0.021182 0.300893 0.354688 
0.043547 0.180199 0.494222 0.030587 0.251445 
0.000000 0.250981 0.321687 0.000219 0.427113 
0.595576 0.390890 0.004739 0.007690 0.001105 
0.156458 0.680951 0.115946 0.034343 0.012302 
0.000596 0.468833 0.506605 0.023068 0.000898 
0.136720 0.782126 0.065892 0.005031 0.010230 
0.131453 0.492698 0.272118 0.014021 0.089710 
0.067692 0.251596 0.480615 0.079740 0.120357 
0.001548 0.069181 0.685707 0.178946 0.064619 
0.002106 0.485034 0.480460 0.004113 0.028286 
0.191564 0.681599 0.091426 0.004409 0.031001 
0.100161 0.473315 0.302397 0.122584 0.001543 
0.033947 0.289487 0.500791 0.033843 0.141932 
0.005210 0.142296 0.622002 0.113658 0.116834 
0.073081 0.483862 0.272790 0.003090 0.167177 
0.004572 0.332590 0.550328 0.005306 0.107204 
0.047511 0.137512 0.700752 0.065499 0.048726 
0.018550 0.180408 0.034267 0.643802 0.122974 
0.098631 0.402408 0.007535 0.337576 0.153850 
0.132390 0.619022 0.027676 0.103328 0.117584 
0.408071 0.192544 0.326420 0.068873 0.004092 
0.036949 0.834256 0.074704 0.004129 0.049961 
0.409630 0.480722 0.031322 0.000396 0.077931 
0.070100 0.789729 0.069091 0.063373 0.007707 
0.573605 0.331556 0.090860 0.000986 0.002992 
0.227563 0.706130 0.025050 0.023132 0.018124 
0.022892 0.850127 0.103778 0.020945 0.002257 
0.571819 0.317659 0.000252 0.070422 0.039847 
0.288026 0.468669 0.050715 0.106051 0.086539 
0.139070 0.647789 0.108480 0.062673 0.041988 
0.025746 0.820217 0.151360 0.002428 0.000249 
0.710386 0.154872 0.119394 0.014398 0.000950 
0.014437 0.546125 0.372110 0.047915 0.019413 
0.068348 0.025745 0.292114 0.501136 0.112657 
0.116174 0.000683 0.122805 0.672511 0.087826 
0.294349 0.031244 0.042997 0.567310 0.064100 
0.120562 0.041284 0.222303 0.002029 0.613823 
0.145196 0.019372 0.153066 0.428711 0.253654 
0.119008 0.023048 0.194555 0.492237 0.171151 
0.017214 0.083162 0.415133 0.319169 0.165321 
0.017978 0.038332 0.434922 0.404849 0.103921 
0.233846 0.599124 0.108071 0.058942 0.000017 
0.000329 0.022242 0.038325 0.818999 0.120105 
0.671899 0.044038 0.094977 0.088286 0.100800 
0.007393 0.003161 0.000008 0.989362 0.000075 
0.005941 0.613263 0.167253 0.054823 0.158721 
0.189702 0.031273 0.001380 0.038106 0.739539 
0.000051 0.165963 0.433717 0.159433 0.240836 
0.081923 0.625691 0.206430 0.078013 0.007943 
0.219730 0.193733 0.198448 0.344655 0.043434 
0.020250 0.125479 0.023076 0.115655 0.715540 
0.047317 0.008282 0.063259 0.000051 0.881091 
0.057097 0.000051 0.080927 0.806552 0.055373 
0.044719 0.133470 0.226426 0.000802 0.594583 
0.547092 0.000076 0.303137 0.000472 0.149223 
0.276383 0.054034 0.515297 0.000301 0.153985 
0.014511 0.947137 0.001551 0.032228 0.004574 
0.170177 0.552025 0.008444 0.250384 0.018969 
0.001275 0.541935 0.175812 0.019462 0.261516 
0.201673 0.518912 0.094255 0.142914 0.042246 
0.266119 0.424131 0.002428 0.176046 0.131276 
0.145074 0.433229 0.055514 0.002965 0.363218 
0.352614 0.101368 0.327355 0.007065 0.211597 
0.053015 0.391632 0.249627 0.082512 0.223214 
0.021167 0.545121 0.012518 0.343674 0.077520 
0.171088 0.257316 0.005090 0.288191 0.278315 
0.016001 0.428186 0.096980 0.451156 0.007677 
0.463047 0.049162 0.008498 0.475494 0.003799 
0.251150 0.078918 0.503582 0.011049 0.155301 
0.022978 0.435174 0.213218 0.209561 0.119069 
0.821769 0.000453 0.007340 0.146628 0.023810 
0.540110 0.005933 0.001694 0.375693 0.076569 
0.243217 0.560536 0.106783 0.004838 0.084626 
0.371283 0.228537 0.076526 0.308281 0.015374 
0.000672 0.724491 0.179993 0.094114 0.000730 
0.269414 0.004682 0.530571 0.054819 0.140515 
0.383561 0.471617 0.001862 0.114611 0.028348 
0.462036 0.171588 0.122246 0.076490 0.167641 
0.086574 0.525696 0.006731 0.333616 0.047383 
0.031682 0.558123 0.178559 0.229053 0.002582 
0.292198 0.348273 0.011514 0.274004 0.074011 
0.017978 0.591274 0.087862 0.099506 0.203381 
0.006171 0.722640 0.215177 0.047625 0.008387 
0.196021 0.603296 0.009740 0.009222 0.181720 
0.070922 0.100505 0.045354 0.611211 0.172008 
0.090786 0.728472 0.004576 0.060601 0.115566 
0.347368 0.442707 0.015705 0.146401 0.047819 
0.224293 0.282387 0.000554 0.438986 0.053780 
0.199010 0.062086 0.004004 0.727758 0.007142 
0.236642 0.672755 0.008286 0.003459 0.078858 
0.009374 0.058419 0.400868 0.525964 0.005376 
0.291953 0.257420 0.190090 0.022166 0.238371 
0.015647 0.047485 0.125865 0.751677 0.059326 
0.023350 0.492220 0.474218 0.003885 0.006326 
0.077568 0.093572 0.246731 0.275477 0.306652 
0.120888 0.015159 0.117614 0.352307 0.394032 
0.308740 0.022549 0.317950 0.035973 0.314788 
0.039942 0.096362 0.215436 0.175298 0.472962 
0.261223 0.067649 0.434574 0.011584 0.224969 
0.004031 0.021390 0.023637 0.035673 0.915269 
0.269954 0.288404 0.074130 0.000443 0.367069 
0.375255 0.371464 0.048165 0.181298 0.023819 
0.220692 0.385286 0.071015 0.088323 0.234685 
0.077672 0.461094 0.267353 0.008680 0.185201 
0.201309 0.326554 0.279474 0.001170 0.191493 
0.010139 0.106412 0.041013 0.678353 0.164083 
0.040013 0.000520 0.520721 0.001402 0.437344 
0.183641 0.000368 0.449684 0.012617 0.353691 
0.053150 0.001629 0.591041 0.000027 0.354153 
0.180769 0.011072 0.253805 0.084868 0.469486 
0.018450 0.141752 0.046242 0.671687 0.121869 
0.050194 0.004415 0.597989 0.340376 0.007025 
0.029259 0.015559 0.001138 0.800831 0.153213 
0.001704 0.000186 0.196395 0.696379 0.105336 
0.822396 0.047596 0.000688 0.101392 0.027928 
0.005540 0.111500 0.119104 0.503226 0.260629 
0.102638 0.514092 0.074996 0.127600 0.180674 
0.161380 0.152288 0.052448 0.569396 0.064489 
0.031221 0.209808 0.000000 0.036067 0.722905 
0.071133 0.110820 0.015513 0.365259 0.437275 
0.000154 0.229510 0.191809 0.360132 0.218395 
0.039088 0.311987 0.071670 0.272257 0.304997 
0.000001 0.272261 0.224158 0.102325 0.401255 
0.093371 0.066497 0.003317 0.107844 0.728971 
0.027751 0.114088 0.598391 0.058975 0.200795 
0.021000 0.515069 0.196747 0.224446 0.042739 
0.235357 0.081537 0.084380 0.598050 0.000676 
0.105430 0.030844 0.137872 0.660939 0.064916 
0.294835 0.622594 0.052988 0.015907 0.013676 
0.038759 0.482623 0.119433 0.292842 0.066342 
0.391824 0.271901 0.241861 0.002676 0.091738 
0.000092 0.228595 0.029868 0.581044 0.160402 
0.162095 0.625247 0.000540 0.110774 0.101344 
0.105229 0.470750 0.018595 0.000016 0.405410 
0.043336 0.032669 0.733664 0.179646 0.010685 
0.106451 0.214216 0.299986 0.377852 0.001495 
0.127326 0.601604 0.001188 0.127380 0.142502 
0.342712 0.007505 0.487179 0.057207 0.105398 
0.181896 0.109236 0.074886 0.001467 0.632514 
0.331436 0.149090 0.037940 0.041747 0.439786 
0.322678 0.563336 0.033136 0.012824 0.068026 
0.063076 0.189526 0.062814 0.043998 0.640587 
0.001318 0.175403 0.155651 0.073230 0.594397 
0.003629 0.214453 0.386299 0.091098 0.304522 
0.082346 0.070109 0.179741 0.645764 0.022041 
0.019162 0.380432 0.179137 0.002094 0.419174 
0.000319 0.102352 0.078890 0.159944 0.658496 
0.026874 0.111504 0.033631 0.100093 0.727898 
0.016133 0.007102 0.340761 0.026921 0.609084 
0.268641 0.037849 0.017548 0.012536 0.663427 
0.133687 0.059965 0.118389 0.500593 0.187365 
0.330585 0.009244 0.012948 0.436250 0.210972 
0.000632 0.232225 0.005746 0.679637 0.081761 
0.055028 0.280272 0.035393 0.396549 0.232758 
0.005010 0.399945 0.063873 0.116269 0.414903 
0.131915 0.152894 0.347839 0.036447 0.330905 
0.059392 0.392830 0.002242 0.345448 0.200088 
0.223110 0.000178 0.028938 0.159051 0.588723 
0.015416 0.097266 0.041130 0.150834 0.695353 
0.053036 0.242739 0.078077 0.488882 0.137266 
0.000239 0.000001 0.001051 0.022276 0.976432 
0.214620 0.060920 0.013090 0.705866 0.005504 
0.311859 0.204652 0.019647 0.403947 0.059895 
0.114150 0.394789 0.055984 0.049205 0.385873 
0.026084 0.168215 0.091386 0.684950 0.029365 
0.164138 0.319389 0.007579 0.157470 0.351424 
0.060711 0.570106 0.065142 0.158273 0.145768 
0.096685 0.671866 0.136749 0.090421 0.004279 
0.020723 0.355362 0.345664 0.273035 0.005216 
0.003339 0.236815 0.504588 0.009653 0.245606 
0.168353 0.082927 0.426092 0.012013 0.310615 
0.053574 0.446418 0.158773 0.013583 0.327652 
0.095945 0.200617 0.007323 0.436455 0.259660 
0.013509 0.195229 0.624587 0.056003 0.110672 
0.299401 0.434898 0.000328 0.000735 0.264639 
0.021405 0.506635 0.358907 0.010359 0.102694 
0.121088 0.195958 0.049198 0.586062 0.047695 
0.001037 0.369263 0.041985 0.302275 0.285441 
0.008853 0.065066 0.283533 0.613834 0.028714 
0.020689 0.105355 0.056804 0.201044 0.616108 
0.450199 0.399377 0.030923 0.100086 0.019415 
0.005361 0.377604 0.451461 0.118198 0.047376 
0.127773 0.577544 0.072212 0.000009 0.222462 
0.001450 0.205136 0.023204 0.030658 0.739552 
0.001074 0.332918 0.143797 0.494084 0.028127 
0.009970 0.266366 0.082108 0.398412 0.243144 
0.040795 0.184863 0.004124 0.766542 0.003676 
0.173648 0.154073 0.082016 0.009300 0.580963 
0.402959 0.046953 0.016462 0.409344 0.124281 
0.000980 0.296273 0.155603 0.047417 0.499727 
0.260856 0.168132 0.006656 0.530009 0.034347 
0.014691 0.009553 0.211251 0.590911 0.173594 
0.000333 0.005290 0.227737 0.351501 0.415139 
0.056176 0.211715 0.170073 0.049975 0.512061 
0.117936 0.119187 0.090551 0.051670 0.620656 
0.048678 0.003836 0.151797 0.297619 0.498070 
0.030487 0.257212 0.078150 0.174993 0.459159 
0.461876 0.000261 0.144716 0.092170 0.300978 
0.005234 0.261548 0.000000 0.718268 0.014951 
0.006274 0.188491 0.784196 0.017728 0.003312 
0.360131 0.001129 0.508934 0.001699 0.128108 
0.026737 0.136424 0.818661 0.000022 0.018156 
0.085845 0.143446 0.312402 0.301403 0.156904 
0.045770 0.229041 0.008312 0.180073 0.536803 
0.106290 0.477534 0.002942 0.060411 0.352822 
0.462927 0.198045 0.040850 0.248682 0.049496 
0.617837 0.174923 0.058718 0.107628 0.040894 
0.700376 0.104782 0.174439 0.007027 0.013375 
0.513969 0.087633 0.072652 0.233410 0.092335 
0.330426 0.128844 0.308340 0.218836 0.013554 
0.460773 0.216403 0.215552 0.098474 0.008799 
0.000003 0.229634 0.366017 0.001974 0.402372 
0.444128 0.001244 0.431720 0.000376 0.122532 
0.419624 0.068106 0.402960 0.060743 0.048568 
0.000742 0.240044 0.607197 0.133435 0.018583 
0.643902 0.027596 0.219234 0.014163 0.095104 
0.019634 0.210167 0.520084 0.004201 0.245915 
0.509410 0.033388 0.082247 0.197374 0.177581 
0.003176 0.244436 0.668707 0.021006 0.062675 
0.005576 0.178031 0.030862 0.376000 0.409531 
0.026666 0.063767 0.895737 0.013355 0.000475 
0.042784 0.200868 0.000521 0.747864 0.007963 
0.000317 0.023057 0.071676 0.326752 0.578197 
0.080318 0.026560 0.061565 0.203573 0.627985 
0.043904 0.229423 0.149779 0.164651 0.412243 
0.094393 0.001338 0.063978 0.311872 0.528420 
0.209726 0.162449 0.557998 0.013530 0.056297 
0.073318 0.105920 0.624830 0.096497 0.099435 
0.004683 0.047491 0.545780 0.276602 0.125444 
0.286539 0.551507 0.009563 0.111541 0.040851 
0.080291 0.715483 0.075959 0.032243 0.096023 
0.003844 0.542425 0.262357 0.016396 0.174979 
0.228143 0.438025 0.017406 0.123178 0.193247 
0.067168 0.644547 0.074272 0.138419 0.075594 
0.003289 0.514095 0.252093 0.203777 0.026746 
0.266185 0.560157 0.003956 0.156198 0.013504 
0.096386 0.639080 0.099716 0.100090 0.064729 
0.023912 0.541722 0.300984 0.039611 0.093771 
0.306946 0.580424 0.019318 0.021769 0.071543 
0.079379 0.771615 0.073197 0.058416 0.017393 
0.004652 0.614829 0.283431 0.097069 0.000019 
0.274073 0.488271 0.090070 0.144368 0.003216 
0.090694 0.569241 0.179415 0.131406 0.029243 
0.005943 0.434208 0.417925 0.049488 0.092436 
0.001347 0.034676 0.160972 0.660995 0.142011 
0.096432 0.217412 0.072450 0.400839 0.212866 
0.132265 0.481865 0.014164 0.201544 0.170162 
0.473940 0.010494 0.474904 0.040501 0.000160 
0.011696 0.850519 0.063507 0.068858 0.005418 
0.433785 0.450472 0.019788 0.087574 0.008382 
0.113209 0.658080 0.073054 0.075659 0.079998 
0.016565 0.443343 0.263222 0.060928 0.215943 
0.193048 0.589541 0.000566 0.000247 0.216599 
0.013736 0.859035 0.023985 0.004968 0.098276 
0.633427 0.187212 0.085139 0.040879 0.053343 
0.401944 0.419572 0.109256 0.067761 0.001467 
0.181794 0.579770 0.043560 0.133703 0.061172 
0.025455 0.809059 0.090307 0.070720 0.004460 
0.003640 0.566643 0.331601 0.030241 0.067874 
0.002014 0.313577 0.497844 0.108468 0.078097 
0.003459 0.159449 0.602796 0.156912 0.077384 
0.023932 0.079952 0.674550 0.205597 0.015970 
0.123954 0.013946 0.630752 0.224544 0.006804 
0.345817 0.060597 0.350823 0.185276 0.057487 
0.336963 0.273152 0.009611 0.346895 0.033379 
0.040758 0.008219 0.023119 0.859230 0.068674 
0.739823 0.001174 0.060004 0.124934 0.074064 
0.869720 0.015070 0.092399 0.017049 0.005762 
0.000460 0.270843 0.123696 0.086937 0.518064 
0.229294 0.620577 0.002794 0.039348 0.107986 
0.005543 0.399571 0.298916 0.036181 0.259789 
0.000093 0.213723 0.303285 0.200279 0.282621 
0.000128 0.117251 0.380031 0.064204 0.438388 
0.064220 0.269120 0.475121 0.000486 0.191054 
0.175253 0.295051 0.410435 0.095018 0.024243 
0.787024 0.126895 0.012847 0.003602 0.069633 
0.035360 0.091782 0.050888 0.716614 0.105355 
0.066980 0.068137 0.032075 0.367608 0.465200 
0.019854 0.113049 0.521029 0.134310 0.211758 
0.016601 0.307276 0.311545 0.332863 0.031715 
0.419207 0.075149 0.012894 0.003002 0.489748 
0.056657 0.010192 0.105304 0.760768 0.067079 
0.000005 0.006612 0.919999 0.039576 0.033809 
0.023637 0.308792 0.203632 0.266219 0.197720 
0.242812 0.311314 0.001003 0.408627 0.036244 
0.194486 0.257215 0.097141 0.246243 0.204915 
0.175127 0.573195 0.000016 0.003665 0.247997 
0.045455 0.104836 0.089010 0.473997 0.286702 
0.691824 0.088372 0.001800 0.000074 0.217929 
0.227193 0.270999 0.000522 0.120836 0.380450 
0.404206 0.097566 0.021332 0.377254 0.099641 
0.021740 0.399599 0.038670 0.206839 0.333152 
0.071085 0.774361 0.067577 0.086213 0.000764 
0.335380 0.363370 0.028749 0.250300 0.022201 
0.082370 0.544690 0.089129 0.272213 0.011599 
0.087995 0.594715 0.014983 0.206004 0.096303 
0.461987 0.155602 0.028186 0.351728 0.002498 
0.140890 0.296013 0.004175 0.533717 0.025206 
0.006731 0.569619 0.027259 0.092922 0.303469 
0.025392 0.579623 0.153545 0.082651 0.158789 
0.396321 0.403362 0.008867 0.189089 0.002361 
0.326001 0.372145 0.289658 0.005789 0.006407 
0.167898 0.275380 0.036441 0.441808 0.078473 
0.807322 0.001962 0.118679 0.022516 0.049520 
0.667124 0.055308 0.059755 0.120058 0.097754 
0.085125 0.024354 0.789027 0.014474 0.087020 
0.068582 0.415266 0.417000 0.008135 0.091017 
0.000076 0.081384 0.597476 0.272551 0.048512 
0.095310 0.365359 0.424023 0.111860 0.003448 
0.000084 0.217453 0.395003 0.214866 0.172594 
0.000199 0.000000 0.620424 0.376719 0.002657 
0.183319 0.436650 0.328469 0.051559 0.000003 
0.595402 0.012495 0.124811 0.117173 0.150119 
0.770318 0.078314 0.064881 0.004480 0.082007 
0.143307 0.324729 0.005910 0.249336 0.276719 
0.728188 0.002098 0.102096 0.096865 0.070752 
0.002608 0.049809 0.055167 0.819185 0.073231 
0.652335 0.088407 0.086987 0.078936 0.093336 
0.134977 0.389601 0.026623 0.109846 0.338953 
0.282519 0.009547 0.161865 0.546053 0.000016 
0.207612 0.138445 0.035255 0.521252 0.097436 
0.039144 0.593198 0.019172 0.157703 0.190784 
0.343310 0.285362 0.008679 0.284266 0.078383 
0.136699 0.643845 0.017176 0.093514 0.108766 
0.462040 0.126443 0.040382 0.367246 0.003889 
0.191306 0.367506 0.003905 0.335356 0.101927 
0.107029 0.108396 0.742885 0.016420 0.025269 
0.064096 0.335304 0.465804 0.123192 0.011605 
0.083050 0.590639 0.013067 0.145330 0.167913 
0.000952 0.136861 0.054772 0.021595 0.785820 
0.103373 0.201773 0.524731 0.161327 0.008796 
0.017489 0.275964 0.034857 0.343795 0.327895 
0.045054 0.562752 0.000728 0.237135 0.154331 
0.402061 0.088310 0.378564 0.035442 0.095623 
0.590102 0.184785 0.204789 0.000338 0.019985 
0.526127 0.282486 0.000009 0.111267 0.080112 
0.260668 0.372280 0.052476 0.079020 0.235555 
0.463712 0.164024 0.001931 0.317736 0.052597 
0.110485 0.005662 0.035489 0.848334 0.000031 
0.019777 0.041142 0.203833 0.561613 0.173634 
0.184767 0.085503 0.038235 0.663888 0.027608 
0.181083 0.438077 0.073258 0.258841 0.048742 
0.039494 0.108162 0.448311 0.043568 0.360466 
0.130861 0.021804 0.002948 0.834218 0.010169 
0.013569 0.058809 0.000767 0.785621 0.141234 
0.090902 0.106119 0.136529 0.664628 0.001823 
0.369598 0.077756 0.389808 0.158394 0.004444 
0.014724 0.190886 0.123399 0.314618 0.356374 
0.041377 0.329326 0.212464 0.385097 0.031736 
0.148089 0.037615 0.658723 0.125080 0.030493 
0.000000 0.735038 0.138477 0.079973 0.046512 
0.008462 0.058354 0.128621 0.774323 0.030240 
0.121919 0.312725 0.011064 0.471617 0.082675 
0.618804 0.262882 0.107537 0.006250 0.004528 
0.000108 0.444366 0.473719 0.073170 0.008637 
0.002989 0.795742 0.046393 0.108763 0.046113 
0.007570 0.052355 0.001899 0.232747 0.705429 
0.004265 0.761908 0.086511 0.089665 0.057651 
0.001935 0.028674 0.014202 0.867699 0.087491 
0.011419 0.735681 0.035724 0.114246 0.102931 
0.010481 0.079720 0.017076 0.098502 0.794221 
0.108210 0.196948 0.006643 0.422153 0.266046 
0.010188 0.427914 0.293601 0.103528 0.164769 
0.006883 0.310144 0.410438 0.154034 0.118502 
0.007396 0.251153 0.251817 0.209001 0.280633 
0.129373 0.129523 0.002796 0.258166 0.480141 
0.047320 0.463009 0.109047 0.063428 0.317197 
0.022493 0.590068 0.161208 0.036291 0.189941 
0.839582 0.079003 0.061354 0.005378 0.014683 
0.047745 0.823554 0.026563 0.006780 0.095358 
0.058992 0.070492 0.859735 0.000003 0.010778 
0.105799 0.083336 0.007264 0.780233 0.023368 
0.885382 0.016776 0.053964 0.002081 0.041797 
0.002116 0.108035 0.018662 0.097833 0.773355 
0.105066 0.389472 0.021276 0.434340 0.049846 
0.006082 0.118840 0.105839 0.004912 0.764326 
0.060631 0.063915 0.069017 0.804840 0.001597 
0.050582 0.572232 0.102020 0.010280 0.264886 
0.161559 0.710411 0.000856 0.014035 0.113139 
0.667230 0.199877 0.001084 0.002161 0.129648 
0.435334 0.011756 0.143705 0.398290 0.010914 
0.005612 0.039798 0.356818 0.004579 0.593193 
0.086909 0.003223 0.084045 0.006595 0.819228 
0.000361 0.271771 0.000012 0.000487 0.727370 
0.114160 0.097566 0.107754 0.315077 0.365444 
0.031504 0.000889 0.032190 0.088198 0.847219 
0.433952 0.001295 0.313427 0.245014 0.006313 
0.005696 0.002029 0.211596 0.316281 0.464399 
0.022054 0.271298 0.541087 0.130141 0.035420 
0.324617 0.406469 0.000385 0.000140 0.268389 
0.000188 0.518985 0.350373 0.051170 0.079284 
0.022641 0.247448 0.557493 0.028501 0.143916 
0.049684 0.038803 0.031750 0.447335 0.432427 
0.026823 0.019258 0.092142 0.846315 0.015462 
0.091266 0.018366 0.001677 0.833798 0.054893 
0.014038 0.033123 0.082533 0.689541 0.180765 
0.053462 0.016923 0.733953 0.100194 0.095467 
0.011239 0.001619 0.174077 0.750844 0.062221 
0.000031 0.117409 0.278690 0.469826 0.134045 
0.002347 0.489910 0.015037 0.160390 0.332315 
0.085377 0.597076 0.140752 0.048912 0.127883 
0.000006 0.890164 0.005777 0.011961 0.092093 
0.230415 0.027635 0.058052 0.513181 0.170717 
0.143309 0.109816 0.638938 0.000534 0.107403 
0.053201 0.247532 0.012554 0.671666 0.015047 
0.061104 0.003344 0.495860 0.056826 0.382867 
0.000503 0.630611 0.232044 0.094565 0.042277 
0.007449 0.819441 0.037667 0.123207 0.012235 
0.000642 0.613877 0.225545 0.021635 0.138300 
0.265035 0.011371 0.306846 0.400638 0.016109 
0.028948 0.530163 0.000143 0.271724 0.169021 
0.000056 0.014260 0.638908 0.121892 0.224884 
0.259471 0.217898 0.027789 0.269886 0.224956 
0.008289 0.280621 0.658386 0.039511 0.013193 
0.415738 0.171232 0.149307 0.116120 0.147603 
0.071970 0.157454 0.480963 0.280580 0.009032 
0.459813 0.383893 0.145088 0.001219 0.009988 
0.104257 0.024186 0.262280 0.607179 0.002098 
0.016350 0.390924 0.003599 0.388763 0.200365 
0.053277 0.531379 0.014964 0.194118 0.206263 
0.139442 0.002298 0.113599 0.703001 0.041660 
0.151315 0.149858 0.393215 0.213381 0.092231 
0.240894 0.313903 0.001902 0.429493 0.013809 
0.253512 0.275454 0.365667 0.104942 0.000426 
0.410740 0.059155 0.000550 0.069366 0.460189 
0.133719 0.322676 0.000110 0.357231 0.186264 
0.023449 0.076567 0.050293 0.535077 0.314614 
0.405059 0.459583 0.023023 0.112065 0.000270 
0.045053 0.165691 0.599877 0.026545 0.162835 
0.034810 0.250132 0.160040 0.140526 0.414492 
0.171706 0.457820 0.012259 0.000007 0.358207 
0.016039 0.437338 0.001712 0.541550 0.003363 
0.346466 0.176670 0.032848 0.330065 0.113951 
0.095334 0.004094 0.457591 0.003203 0.439778 
0.094549 0.080697 0.004226 0.115864 0.704663 
0.012770 0.457629 0.162703 0.000786 0.366111 
0.175159 0.578614 0.024378 0.217761 0.004087 
0.012060 0.408726 0.227028 0.214864 0.137322 
0.434318 0.198846 0.000004 0.284535 0.082297 
0.436029 0.230234 0.032562 0.148455 0.152720 
0.358044 0.193361 0.001018 0.011588 0.435989 
0.067157 0.343043 0.110120 0.212598 0.267082 
0.171810 0.142803 0.071147 0.610147 0.004093 
0.000000 0.007320 0.539666 0.452106 0.000907 
0.001288 0.076679 0.819018 0.015238 0.087777 
0.006410 0.137228 0.209797 0.000421 0.646144 
0.170291 0.005359 0.064677 0.432344 0.327329 
0.001040 0.095639 0.543856 0.005344 0.354122 
0.014504 0.212163 0.004046 0.165842 0.603445 
0.384084 0.366063 0.003024 0.066152 0.180678 
0.080216 0.046841 0.313182 0.000119 0.559642 
0.326824 0.268913 0.014598 0.018596 0.371068 
0.107584 0.289374 0.222815 0.010212 0.370014 
0.079339 0.055378 0.033148 0.749218 0.082918 
0.109088 0.214294 0.042048 0.627698 0.006873 
0.270448 0.073886 0.000484 0.643621 0.011560 
0.011814 0.168465 0.121423 0.621377 0.076920 
0.237258 0.165275 0.227727 0.333784 0.035955 
0.077757 0.135839 0.375220 0.260563 0.150621 
0.235142 0.035233 0.379822 0.108344 0.241459 
0.048644 0.088860 0.253196 0.509210 0.100090 
0.004367 0.338994 0.522678 0.120485 0.013476 
0.117438 0.302831 0.000925 0.441317 0.137489 
0.011629 0.242140 0.038239 0.531533 0.176459 
0.107283 0.154658 0.561587 0.128730 0.047742 
0.448374 0.407069 0.057368 0.086969 0.000219 
0.111035 0.032367 0.057442 0.782752 0.016404 
0.578517 0.267982 0.043340 0.026134 0.084027 
0.029943 0.072035 0.016349 0.102733 0.778939 
0.205437 0.064157 0.207882 0.324074 0.198451 
0.354281 0.030326 0.026027 0.159381 0.429985 
0.105785 0.765021 0.007824 0.089481 0.031889 
0.339087 0.191550 0.075449 0.009080 0.384834 
0.580959 0.216542 0.183220 0.008562 0.010717 
0.353090 0.368100 0.004428 0.042993 0.231388 
0.004847 0.844685 0.092653 0.055094 0.002721 
0.090001 0.891442 0.002232 0.005772 0.010552 
0.014318 0.686589 0.091400 0.016279 0.191414 
0.313392 0.089942 0.066324 0.514370 0.015972 
0.568422 0.006678 0.018238 0.406379 0.000283 
0.385880 0.287511 0.142023 0.164687 0.019899 
0.075537 0.584063 0.004566 0.128967 0.206867 
0.102706 0.362008 0.146330 0.377003 0.011952 
0.361918 0.398403 0.013393 0.035988 0.190299 
0.001217 0.561854 0.228578 0.208023 0.000328 
0.197694 0.568533 0.004562 0.002040 0.227171 
0.367080 0.439706 0.051488 0.042476 0.099250 
0.055038 0.517758 0.109748 0.048659 0.268796 
0.008317 0.696457 0.076329 0.180027 0.038869 
0.401859 0.244392 0.345863 0.006231 0.001654 
0.059440 0.766443 0.011637 0.137452 0.025029 
0.153989 0.229721 0.016634 0.024503 0.575153 
0.088009 0.320613 0.086867 0.071080 0.433432 
0.070258 0.728171 0.028425 0.089842 0.083304 
0.127081 0.084383 0.040332 0.052954 0.695249 
0.373320 0.147433 0.000913 0.002408 0.475927 
0.000085 0.175330 0.179226 0.259670 0.385689 
0.000188 0.106872 0.368753 0.003617 0.520570 
0.003515 0.224530 0.519720 0.000002 0.252233 
0.515602 0.270606 0.065173 0.148399 0.000220 
0.082736 0.000510 0.014127 0.564982 0.337646 
0.001867 0.006610 0.107465 0.080638 0.803419 
0.039935 0.040034 0.012227 0.353166 0.554638 
0.199124 0.042036 0.014680 0.235424 0.508735 
0.039061 0.000035 0.038308 0.351695 0.570900 
0.063405 0.287634 0.000753 0.320508 0.327700 
0.022954 0.000237 0.204297 0.008583 0.763929 
0.070194 0.657671 0.014704 0.039343 0.218088 
0.202712 0.427043 0.013416 0.356677 0.000152 
0.598897 0.104691 0.000488 0.291676 0.004249 
0.000035 0.737985 0.157074 0.104865 0.000041 
0.100124 0.643913 0.021971 0.075656 0.158336 
0.152128 0.003666 0.604337 0.026707 0.213163 
0.198348 0.395837 0.022220 0.031448 0.352147 
0.051123 0.530372 0.230585 0.016455 0.171465 
0.207243 0.563367 0.008704 0.026239 0.194447 
0.015423 0.254431 0.107105 0.268656 0.354386 
0.183027 0.023966 0.006017 0.755283 0.031707 
0.220838 0.199310 0.016621 0.262853 0.300378 
0.018204 0.622099 0.246466 0.081449 0.031783 
0.004557 0.481044 0.243198 0.029712 0.241489 
0.038546 0.653340 0.057430 0.237589 0.013095 
0.002257 0.364521 0.026583 0.576517 0.030122 
0.095476 0.585960 0.056078 0.246319 0.016167 
0.215090 0.341885 0.010089 0.002269 0.430667 
0.160111 0.339573 0.043961 0.115458 0.340897 
0.004153 0.326128 0.145423 0.056318 0.467978 
0.045730 0.378870 0.160745 0.386415 0.028239 
0.005851 0.019126 0.133519 0.532683 0.308821 
0.030576 0.083665 0.028887 0.592634 0.264239 
0.276145 0.001427 0.027303 0.683093 0.012032 
0.221411 0.088929 0.000343 0.291767 0.397550 
0.335789 0.264542 0.002134 0.221114 0.176421 
0.028906 0.069570 0.080922 0.780823 0.039780 
0.726539 0.200753 0.009452 0.043549 0.019707 
0.009053 0.057684 0.028480 0.268690 0.636094 
0.136885 0.000829 0.006664 0.101394 0.754228 
0.067917 0.000003 0.139467 0.723580 0.069033 
0.002941 0.026982 0.658886 0.301790 0.009400 
0.015029 0.162900 0.493513 0.265975 0.062583 
0.001872 0.287752 0.314839 0.196271 0.199267 
0.401711 0.177393 0.074665 0.248446 0.097785 
0.257079 0.039878 0.048203 0.519063 0.135778 
0.314125 0.016866 0.268197 0.400659 0.000153 
0.067455 0.103525 0.005491 0.552509 0.271021 
0.020774 0.001011 0.905704 0.064978 0.007533 
0.000101 0.168158 0.014976 0.801672 0.015093 
0.031320 0.001105 0.314266 0.103484 0.549824 
0.000131 0.557890 0.047367 0.172849 0.221763 
0.066190 0.186778 0.194254 0.009604 0.543174 
0.124834 0.000333 0.061076 0.583792 0.229964 
0.007487 0.412083 0.001974 0.152641 0.425815 
0.001003 0.210523 0.006198 0.383790 0.398487 
0.542366 0.089287 0.002554 0.193807 0.171986 
0.803052 0.031243 0.004425 0.011694 0.149586 
0.477743 0.113187 0.002344 0.161623 0.245104 
0.353066 0.094977 0.012804 0.335600 0.203553 
0.220441 0.120643 0.124667 0.202453 0.331797 
0.133205 0.135689 0.113559 0.016389 0.601158 
0.422981 0.077696 0.140364 0.356777 0.002182 
0.014809 0.081909 0.717564 0.129194 0.056524 
0.054435 0.495251 0.447326 0.000000 0.002989 
0.089561 0.119125 0.075734 0.664907 0.050673 
0.628929 0.005941 0.023773 0.229775 0.111583 
0.528254 0.114734 0.146187 0.114685 0.096140 
0.347386 0.165358 0.482442 0.000671 0.004143 
0.030195 0.430660 0.093969 0.347629 0.097546 
0.578563 0.115597 0.032389 0.041888 0.231561 
0.024304 0.438693 0.011024 0.000859 0.525120 
0.055528 0.000133 0.481453 0.458757 0.004128 
0.051095 0.057230 0.673877 0.207383 0.010415 
0.203242 0.001225 0.057960 0.334057 0.403517 
0.411683 0.558373 0.000244 0.009697 0.020002 
0.012839 0.188151 0.123811 0.404518 0.270681 
0.081649 0.753014 0.069933 0.000028 0.095375 
0.216664 0.356635 0.194977 0.150201 0.081524 
0.001632 0.478310 0.063930 0.418983 0.037145 
0.100279 0.020174 0.793622 0.014829 0.071096 
0.067859 0.724212 0.014624 0.180440 0.012865 
0.075988 0.007974 0.002325 0.714999 0.198714 
0.297653 0.161056 0.000052 0.456682 0.084557 
0.070693 0.089874 0.000093 0.816854 0.022486 
0.316545 0.171793 0.432366 0.036251 0.043046 
0.371906 0.298817 0.013094 0.077483 0.238700 
0.057984 0.453622 0.007106 0.361651 0.119637 
0.305043 0.005910 0.030891 0.622145 0.036010 
0.059545 0.021195 0.069616 0.629378 0.220266 
0.048022 0.848236 0.039831 0.017655 0.046256 
0.265962 0.418184 0.008210 0.046307 0.261336 
0.050131 0.093290 0.013695 0.180719 0.662164 
0.155638 0.315030 0.131488 0.000192 0.397652 
0.202379 0.197041 0.011189 0.068239 0.521152 
0.079700 0.000030 0.363672 0.545760 0.010838 
0.028636 0.303198 0.114293 0.545636 0.008236 
0.051691 0.546534 0.007557 0.065798 0.328420 
0.017428 0.647193 0.212500 0.038320 0.084559 
0.189517 0.013257 0.025239 0.197378 0.574609 
0.086453 0.002456 0.052196 0.840868 0.018027 
0.058061 0.347183 0.050186 0.543083 0.001488 
0.027777 0.456825 0.042526 0.136906 0.335966 
0.152037 0.153326 0.008246 0.406083 0.280308 
0.000015 0.270164 0.246531 0.297944 0.185346 
0.029061 0.113586 0.573332 0.282620 0.001401 
0.029344 0.122229 0.249176 0.566049 0.033203 
0.002498 0.282050 0.563107 0.124470 0.027874 
0.226266 0.007659 0.688774 0.053443 0.023859 
0.061210 0.054528 0.048981 0.419557 0.415724 
0.064877 0.143900 0.601348 0.123553 0.066321 
0.593853 0.210195 0.137264 0.057954 0.000733 
0.194899 0.596023 0.065086 0.041722 0.102269 
0.372088 0.475847 0.000753 0.004621 0.146692 
0.008333 0.705860 0.175915 0.020494 0.089398 
0.591130 0.232556 0.170804 0.004073 0.001439 
0.836310 0.043379 0.095268 0.025006 0.000038 
0.171016 0.800909 0.000839 0.009714 0.017522 
0.295939 0.200395 0.065823 0.328566 0.109277 
0.473905 0.293069 0.189845 0.017513 0.025668 
0.004348 0.542310 0.060698 0.391465 0.001179 
0.232436 0.463811 0.008082 0.127840 0.167831 
0.205010 0.447404 0.151283 0.136736 0.059566 
0.201713 0.613685 0.005245 0.034385 0.144972 
0.000113 0.274136 0.296997 0.115297 0.313456 
0.811410 0.181178 0.002997 0.004377 0.000037 
0.288016 0.311520 0.000800 0.122460 0.277204 
0.011161 0.505223 0.003411 0.117050 0.363155 
0.323856 0.439853 0.022779 0.014270 0.199242 
0.120128 0.208881 0.098315 0.532054 0.040623 
0.038581 0.239435 0.039326 0.660535 0.022123 
0.003379 0.704214 0.136335 0.051371 0.104701 
0.168214 0.058670 0.485899 0.021474 0.265743 
0.124102 0.002017 0.060962 0.620034 0.192885 
0.187136 0.782750 0.006329 0.001730 0.022055 
0.015731 0.447412 0.219799 0.184429 0.132629 
0.077410 0.002400 0.178220 0.310575 0.431395 
0.020134 0.051771 0.251657 0.586296 0.090141 
0.222653 0.089164 0.108207 0.339988 0.239988 
0.000616 0.436086 0.257371 0.251810 0.054117 
0.233802 0.541806 0.037664 0.000773 0.185954 
0.000954 0.546246 0.134650 0.001814 0.316336 
0.072988 0.297572 0.038732 0.001754 0.588955 
0.368348 0.074056 0.002452 0.513791 0.041353 
0.312726 0.273754 0.015831 0.175388 0.222300 
0.055348 0.476115 0.152850 0.254516 0.061171 
0.158932 0.173239 0.012100 0.467321 0.188408 
0.167447 0.622901 0.018631 0.019794 0.171227 
0.060032 0.167573 0.000015 0.092348 0.680033 
0.396172 0.440431 0.062372 0.087989 0.013036 
0.300500 0.061092 0.002913 0.629744 0.005751 
0.023150 0.511302 0.000137 0.361360 0.104051 
0.074410 0.041553 0.551605 0.148626 0.183805 
0.078054 0.003229 0.898101 0.004921 0.015695 
0.029956 0.426283 0.360883 0.028127 0.154751 
0.236248 0.581960 0.015897 0.085045 0.080849 
0.000040 0.527666 0.305627 0.002312 0.164355 
0.000428 0.075083 0.203087 0.019862 0.701541 
0.044009 0.144049 0.491586 0.026184 0.294173 
0.012663 0.064961 0.031917 0.105394 0.785065 
0.038317 0.119257 0.027439 0.004458 0.810529 
0.002044 0.064988 0.660417 0.064518 0.208033 
0.105916 0.390499 0.000060 0.373361 0.130165 
0.016574 0.430669 0.089078 0.127854 0.335825 
0.073550 0.024173 0.045963 0.006626 0.849687 
0.033732 0.135012 0.213782 0.198388 0.419087 
0.319357 0.028286 0.144911 0.431701 0.075744 
0.626250 0.146385 0.064382 0.150958 0.012025 
0.597738 0.208844 0.000381 0.048525 0.144513 
0.600608 0.012768 0.004829 0.071667 0.310127 
0.598784 0.109402 0.030497 0.019545 0.241772 
0.000000 0.033698 0.288431 0.017255 0.660616 
0.574823 0.018132 0.061929 0.304756 0.040360 
0.027303 0.873091 0.018304 0.036732 0.044570 
0.178164 0.000160 0.251876 0.526340 0.043460 
0.402725 0.042569 0.405859 0.137256 0.011592 
0.019609 0.000067 0.000384 0.017025 0.962914 
0.264470 0.007589 0.032656 0.102091 0.593194 
0.611336 0.024519 0.211204 0.125840 0.027101 
0.372211 0.000515 0.282722 0.344486 0.000066 
0.140636 0.582178 0.260252 0.012816 0.004118 
0.000882 0.122140 0.292468 0.007475 0.577034 
0.013810 0.005483 0.007361 0.228495 0.744850 
0.323969 0.288521 0.366440 0.020190 0.000879 
0.103423 0.067660 0.135308 0.636933 0.056676 
0.628294 0.342011 0.006901 0.019021 0.003772 
0.046301 0.328211 0.012755 0.467408 0.145325 
0.103132 0.411930 0.001046 0.163820 0.320071 
0.364632 0.051054 0.001046 0.582539 0.000729 
0.663585 0.172671 0.130852 0.013537 0.019355 
0.231776 0.453418 0.235480 0.076371 0.002955 
0.196898 0.326808 0.474834 0.000063 0.001397 
0.639498 0.059617 0.032128 0.049676 0.219081 
0.023062 0.259252 0.002975 0.052645 0.662067 
0.099289 0.029361 0.094342 0.710103 0.066904 
0.007097 0.739547 0.079483 0.166850 0.007023 
0.254315 0.226691 0.221052 0.048099 0.249843 
0.002251 0.235403 0.004771 0.418179 0.339397 
0.043551 0.194403 0.471832 0.181659 0.108556 
0.000558 0.128538 0.480308 0.058705 0.331892 
0.112691 0.324016 0.002690 0.192094 0.368509 
0.004946 0.006181 0.691770 0.220475 0.076628 
0.008971 0.010551 0.473304 0.037688 0.469486 
0.005842 0.731778 0.043464 0.050400 0.168516 
0.068027 0.232095 0.303232 0.357600 0.039047 
0.009120 0.241162 0.652619 0.000016 0.097084 
0.000015 0.313028 0.262792 0.349699 0.074467 
0.005660 0.215729 0.106933 0.517728 0.153950 
0.100457 0.005894 0.471762 0.406932 0.014955 
0.123112 0.020413 0.607647 0.248408 0.000419 
0.492400 0.019036 0.425120 0.061246 0.002198 
0.806122 0.037318 0.036514 0.013284 0.106761 
0.000352 0.414221 0.056606 0.433620 0.095202 
0.380819 0.279639 0.269958 0.017134 0.052450 
0.014774 0.322376 0.512108 0.071944 0.078799 
0.299725 0.092395 0.411643 0.001203 0.195034 
0.138162 0.110687 0.137452 0.006289 0.607410 
0.058302 0.448016 0.009644 0.037655 0.446383 
0.004626 0.256663 0.084540 0.615436 0.038733 
0.041144 0.276929 0.011720 0.011355 0.658852 
0.111543 0.435245 0.000027 0.007325 0.445860 
0.091328 0.094028 0.221915 0.167385 0.425344 
0.332449 0.247499 0.230919 0.082214 0.106919 
0.000040 0.153630 0.132044 0.668923 0.045363 
0.222253 0.165008 0.096058 0.502992 0.013689 
0.327064 0.222531 0.043194 0.082317 0.324895 
0.059950 0.061665 0.218957 0.028593 0.630835 
0.013829 0.004013 0.101242 0.074629 0.806286 
0.005751 0.000129 0.087957 0.846326 0.059837 
0.004163 0.106977 0.092440 0.432533 0.363886 
0.054436 0.045351 0.195251 0.562193 0.142770 
0.495760 0.007308 0.006969 0.034090 0.455874 
0.188526 0.001641 0.026275 0.135452 0.648105 
0.001168 0.125156 0.291380 0.112060 0.470235 
0.222998 0.107119 0.028785 0.068810 0.572289 
0.127532 0.066471 0.232655 0.465672 0.107670 
0.335309 0.044244 0.226160 0.307428 0.086859 
0.367751 0.115530 0.306242 0.188513 0.021964 
0.022650 0.020677 0.094368 0.371854 0.490452 
0.006845 0.469777 0.104093 0.400153 0.019132 
0.084592 0.085823 0.235303 0.556694 0.037587 
0.349553 0.179448 0.228487 0.238161 0.004350 
0.096407 0.746512 0.049478 0.004769 0.102834 
0.649413 0.133076 0.121296 0.063259 0.032957 
0.098101 0.086399 0.815181 0.000113 0.000206 
0.799027 0.041049 0.001145 0.066842 0.091936 
0.042563 0.046267 0.071680 0.724422 0.115067 
0.011134 0.309170 0.220124 0.359727 0.099845 
0.066030 0.374486 0.377246 0.163677 0.018561 
0.020674 0.035624 0.094697 0.598032 0.250974 
0.579909 0.006217 0.225583 0.124373 0.063918 
0.385700 0.006048 0.076896 0.495643 0.035713 
0.552918 0.051556 0.040018 0.339278 0.016230 
0.530373 0.002516 0.015061 0.155024 0.297026 
0.412320 0.032729 0.105008 0.280744 0.169199 
0.289553 0.005071 0.186922 0.516882 0.001571 
0.254271 0.002985 0.124532 0.460907 0.157305 
0.183330 0.003360 0.251988 0.492574 0.068748 
0.103659 0.002386 0.444679 0.423723 0.025553 
0.266883 0.047576 0.345588 0.338614 0.001339 
0.106394 0.013540 0.690742 0.188866 0.000459 
0.307038 0.002045 0.437302 0.085501 0.168114 
0.000291 0.039793 0.914355 0.042492 0.003068 
0.316282 0.032311 0.642663 0.000655 0.008089 
0.643489 0.001037 0.245181 0.110292 0.000000 
0.153781 0.007084 0.233710 0.597483 0.007942 
0.028005 0.762821 0.107512 0.060960 0.040702 
0.015318 0.169126 0.588450 0.002434 0.224671 
0.149452 0.203893 0.032998 0.512055 0.101602 
0.476485 0.370088 0.149202 0.002027 0.002198 
0.666644 0.265238 0.001197 0.061397 0.005524 
0.009540 0.739118 0.078767 0.093062 0.079513 
0.157908 0.124575 0.422551 0.294216 0.000750 
0.537608 0.081589 0.193723 0.095895 0.091185 
0.760946 0.007859 0.168705 0.058888 0.003602 
0.024228 0.018304 0.488699 0.032769 0.435999 
0.808450 0.102501 0.017293 0.031228 0.040529 
0.223969 0.090236 0.470165 0.006437 0.209194 
0.311024 0.082689 0.069673 0.323570 0.213044 
0.025163 0.026488 0.441306 0.142322 0.364721 
0.006330 0.060244 0.412391 0.463307 0.057728 
0.005358 0.733147 0.252259 0.006446 0.002790 
0.337310 0.260470 0.000338 0.401835 0.000047 
0.070718 0.756894 0.054524 0.117119 0.000745 
0.029087 0.029215 0.492287 0.337655 0.111756 
0.314202 0.309538 0.108965 0.168587 0.098708 
0.137716 0.421361 0.265141 0.049641 0.126142 
0.334591 0.104702 0.003066 0.442148 0.115493 
0.711470 0.079989 0.029687 0.168874 0.009979 
0.809289 0.067013 0.007219 0.000621 0.115858 
0.015419 0.177944 0.260965 0.362973 0.182699 
0.000446 0.842809 0.060545 0.066320 0.029880 
0.277856 0.303982 0.151654 0.105004 0.161504 
0.637740 0.075560 0.000830 0.124096 0.161775 
0.147472 0.020477 0.027468 0.247036 0.557546 
0.365460 0.271999 0.001581 0.010489 0.350470 
0.359834 0.095005 0.069568 0.008511 0.467082 
0.096287 0.620833 0.041762 0.003968 0.237150 
0.514832 0.099016 0.154343 0.176016 0.055793 
0.095104 0.123184 0.356808 0.204918 0.219987 
0.259156 0.610743 0.015727 0.012341 0.102033 
0.013711 0.816300 0.152625 0.011114 0.006249 
0.132790 0.061822 0.558898 0.220352 0.026138 
0.010490 0.086341 0.239949 0.619550 0.043670 
0.006069 0.458246 0.184614 0.229562 0.121509 
0.671601 0.023876 0.023128 0.261556 0.019839 
0.412382 0.000947 0.067406 0.488596 0.030668 
0.001394 0.232904 0.001359 0.000832 0.763511 
0.088429 0.638375 0.023108 0.096868 0.153219 
0.085101 0.065042 0.014325 0.768366 0.067165 
0.012184 0.313419 0.029823 0.267358 0.377216 
0.032388 0.300394 0.035500 0.456973 0.174745 
0.136712 0.029375 0.157146 0.493122 0.183645 
0.025373 0.104566 0.007063 0.195053 0.667946 
0.006632 0.188758 0.000003 0.206849 0.597759 
0.061271 0.429193 0.010597 0.433624 0.065315 
0.018957 0.002411 0.127846 0.035959 0.814826 
0.242896 0.050020 0.449696 0.001992 0.255397 
0.007833 0.235053 0.207540 0.055880 0.493693 
0.011904 0.868123 0.000090 0.107712 0.012172 
0.082399 0.112796 0.632384 0.138666 0.033754 
0.002470 0.871308 0.091380 0.020846 0.013996 
0.013872 0.025699 0.084417 0.647485 0.228528 
0.267373 0.182037 0.100460 0.014974 0.435155 
0.000287 0.262171 0.467395 0.002115 0.268031 
0.138676 0.283038 0.020355 0.057148 0.500783 
0.016704 0.090872 0.262313 0.625071 0.005040 
0.084198 0.051229 0.075976 0.053172 0.735426 
0.000208 0.533824 0.170318 0.045739 0.249911 
0.353613 0.020111 0.037889 0.307144 0.281242 
0.028330 0.072854 0.375394 0.442207 0.081215 
0.004520 0.059999 0.002410 0.331605 0.601466 
0.030713 0.168968 0.013986 0.134773 0.651559 
0.031450 0.043523 0.479550 0.026650 0.418827 
0.141596 0.044567 0.000965 0.585917 0.226956 
0.000037 0.849023 0.050346 0.058514 0.042080 
0.007020 0.012769 0.220569 0.092555 0.667087 
0.149012 0.045401 0.268470 0.010575 0.526541 
0.241959 0.014095 0.370319 0.373293 0.000334 
0.002918 0.015843 0.157818 0.631039 0.192382 
0.203109 0.545737 0.095710 0.051162 0.104282 
0.035750 0.754042 0.185573 0.010113 0.014522 
0.027423 0.777056 0.051671 0.112027 0.031823 
0.090322 0.227958 0.116637 0.006455 0.558628 
0.134202 0.039889 0.281412 0.082255 0.462241 
0.000001 0.002207 0.044444 0.115375 0.837973 
0.053674 0.272324 0.331853 0.333568 0.008581 
0.375292 0.404098 0.203634 0.001348 0.015628 
0.038481 0.315924 0.583786 0.048385 0.013424 
0.552706 0.250616 0.122569 0.004340 0.069768 
0.000580 0.157274 0.497892 0.190256 0.153998 
0.265260 0.135276 0.514281 0.000125 0.085058 
0.485414 0.138388 0.340840 0.023744 0.011614 
0.159396 0.002855 0.783213 0.032168 0.022369 
0.034457 0.000129 0.546985 0.001971 0.416457 
0.360588 0.542522 0.004811 0.078607 0.013473 
0.057519 0.101643 0.069478 0.736449 0.034910 
0.170469 0.026491 0.187838 0.335333 0.279869 
0.556660 0.020754 0.011170 0.384806 0.026611 
0.000841 0.471526 0.124899 0.238758 0.163975 
0.203065 0.019066 0.116103 0.641464 0.020302 
0.000016 0.000153 0.533826 0.297362 0.168643 
0.001013 0.440874 0.000160 0.085209 0.472744 
0.027704 0.285251 0.001902 0.526942 0.158200 
0.003717 0.604233 0.000960 0.152870 0.238220 
0.036357 0.320665 0.031800 0.255825 0.355353 
0.122354 0.118820 0.056334 0.441568 0.260924 
0.207232 0.047916 0.112787 0.625249 0.006815 
0.018517 0.108457 0.091026 0.238305 0.543695 
0.000344 0.415282 0.040742 0.467952 0.075680 
0.193494 0.114337 0.586735 0.027736 0.077698 
0.082166 0.000349 0.281190 0.171907 0.464387 
0.012404 0.686541 0.291850 0.008082 0.001122 
0.023513 0.004891 0.632530 0.271383 0.067683 
0.209085 0.168911 0.000166 0.000575 0.621263 
0.353333 0.133715 0.153376 0.155607 0.203968 
0.081959 0.533441 0.065329 0.038353 0.280918 
0.159273 0.111551 0.299689 0.302836 0.126651 
0.219957 0.316175 0.112637 0.300657 0.050573 
0.039455 0.421784 0.010010 0.258165 0.270586 
0.249788 0.015841 0.284761 0.078068 0.371542 
0.574754 0.013260 0.066014 0.063460 0.282512 
0.618291 0.269335 0.005625 0.071945 0.034804 
0.209438 0.597682 0.015496 0.177218 0.000165 
0.007632 0.238017 0.659709 0.060794 0.033849 
0.106635 0.284261 0.018480 0.111572 0.479053 
0.311396 0.022462 0.096820 0.053400 0.515922 
0.002905 0.002009 0.152627 0.105150 0.737309 
0.087203 0.055441 0.799952 0.041193 0.016211 
0.754159 0.079915 0.042532 0.008395 0.114998 
0.059067 0.036441 0.896301 0.008162 0.000030 
0.418494 0.474074 0.096802 0.000336 0.010294 
0.516133 0.164633 0.081635 0.047118 0.190481 
0.552047 0.412329 0.000381 0.000011 0.035232 
0.868146 0.101597 0.019042 0.005310 0.005905 
0.324394 0.396902 0.020712 0.005943 0.252049 
0.365385 0.174091 0.396939 0.007298 0.056287 
0.136952 0.008930 0.095729 0.755188 0.003202 
0.693016 0.018833 0.036537 0.175503 0.076111 
0.052080 0.064697 0.119812 0.003061 0.760350 
0.354183 0.003789 0.026713 0.365789 0.249524 
0.251828 0.132249 0.083634 0.000117 0.532172 
0.101169 0.145939 0.002837 0.672785 0.077270 
0.528954 0.012045 0.019674 0.200977 0.238350 
0.286001 0.060328 0.000001 0.155105 0.498565 
0.229942 0.013820 0.393763 0.106355 0.256120 
0.510918 0.203317 0.241125 0.044403 0.000237 
0.062611 0.084554 0.031351 0.097851 0.723633 
0.158475 0.022309 0.238987 0.013921 0.566308 
0.003718 0.507087 0.000336 0.481274 0.007585 
0.002847 0.089998 0.405483 0.020175 0.481496 
0.098562 0.562544 0.121502 0.207629 0.009763 
0.062124 0.021619 0.256355 0.658113 0.001789 
0.229370 0.416354 0.239512 0.102874 0.011890 
0.283260 0.052462 0.032182 0.358373 0.273723 
0.109845 0.415789 0.467312 0.001902 0.005153 
0.158235 0.003206 0.092197 0.670728 0.075634 
0.004487 0.095417 0.000592 0.381646 0.517857 
0.104796 0.070984 0.021823 0.036317 0.766079 
0.023637 0.169264 0.000017 0.480370 0.326712 
0.062433 0.638975 0.229635 0.067390 0.001568 
0.020138 0.766525 0.180851 0.008942 0.023544 
0.249768 0.199001 0.000913 0.034986 0.515333 
0.494417 0.004027 0.323503 0.169953 0.008099 
0.207839 0.002019 0.034038 0.594530 0.161573 
0.000088 0.102055 0.856106 0.028922 0.012829 
0.077138 0.023047 0.659457 0.200859 0.039499 
0.317609 0.311167 0.203382 0.017136 0.150706 
0.741165 0.018168 0.007126 0.025026 0.208515 
0.259803 0.011913 0.031656 0.591440 0.105187 
0.101192 0.503106 0.017986 0.018295 0.359421 
0.001270 0.025995 0.150431 0.772241 0.050063 
0.130694 0.000687 0.005403 0.841306 0.021909 
0.103137 0.214141 0.115222 0.560138 0.007363 
0.255700 0.090610 0.003454 0.403518 0.246717 
0.077441 0.001653 0.707939 0.120684 0.092284 
0.246598 0.006984 0.623619 0.113894 0.008904 
0.713683 0.004715 0.001200 0.257279 0.023123 
0.017627 0.010070 0.232994 0.134761 0.604548 
0.000382 0.242079 0.002324 0.585828 0.169387 
0.018727 0.029457 0.077139 0.687834 0.186842 
0.000658 0.289294 0.074587 0.426672 0.208788 
0.044591 0.000118 0.220994 0.351557 0.382739 
0.165844 0.388613 0.086028 0.346525 0.012991 
0.179892 0.177220 0.545599 0.094014 0.003275 
0.445193 0.005607 0.001018 0.370348 0.177833 
0.001216 0.227806 0.028329 0.604924 0.137724 
0.006492 0.252033 0.354332 0.039693 0.347450 
0.217245 0.032193 0.015202 0.074098 0.661263 
0.230787 0.246280 0.001199 0.406670 0.115064 
0.244338 0.233905 0.004917 0.229683 0.287157 
0.108363 0.443904 0.033587 0.302725 0.111421 
0.629575 0.000077 0.000053 0.369278 0.001017 
0.029704 0.113408 0.051686 0.022744 0.782457 
0.004851 0.547539 0.114393 0.333147 0.000070 
0.001924 0.042592 0.595565 0.143335 0.216584 
0.006326 0.040310 0.380076 0.003734 0.569555 
0.244408 0.161297 0.209877 0.377760 0.006658 
0.358121 0.108089 0.004032 0.508148 0.021611 
0.119904 0.089109 0.010986 0.779838 0.000163 
0.490064 0.107278 0.253589 0.001054 0.148015 
0.005176 0.000017 0.099748 0.119716 0.775343 
0.093454 0.283111 0.021475 0.583869 0.018091 
0.418527 0.167651 0.110370 0.227691 0.075761 
0.033015 0.010219 0.316686 0.544477 0.095604 
0.594249 0.030948 0.322629 0.004736 0.047439 
0.067201 0.545763 0.016277 0.034650 0.336109 
0.196387 0.019133 0.004621 0.013889 0.765969 
0.412649 0.015285 0.014548 0.509830 0.047688 
0.009287 0.503023 0.117549 0.002591 0.367550 
0.000083 0.004069 0.751138 0.038364 0.206346 
0.024970 0.070664 0.002604 0.362182 0.539580 
0.029076 0.569052 0.263677 0.137479 0.000717 
0.011584 0.070081 0.068228 0.008024 0.842083 
0.138747 0.022706 0.127874 0.032000 0.678673 
0.362652 0.066583 0.553261 0.013091 0.004413 
0.150507 0.359564 0.403447 0.067332 0.019150 
0.012524 0.674097 0.025254 0.238026 0.050099 
0.465682 0.148482 0.049095 0.251447 0.085294 
0.126260 0.008829 0.109550 0.697522 0.057838 
0.603336 0.013708 0.199947 0.152192 0.030818 
0.010340 0.014183 0.399740 0.568316 0.007421 
0.564215 0.007323 0.359543 0.013437 0.055482 
0.060062 0.103829 0.104628 0.003824 0.727656 
0.000000 0.516720 0.005061 0.009218 0.469000 
0.306589 0.013766 0.037227 0.453248 0.189170 
0.110207 0.041840 0.637982 0.159401 0.050570 
0.085596 0.703357 0.000656 0.037894 0.172498 
0.202048 0.000000 0.718280 0.003207 0.076464 
0.184013 0.199089 0.245938 0.002416 0.368545 
0.118831 0.000662 0.011369 0.008943 0.860195 
0.029995 0.008975 0.033171 0.464337 0.463522 
0.022432 0.193146 0.571430 0.010908 0.202085 
0.142902 0.307781 0.282482 0.215592 0.051244 
0.054666 0.219360 0.685410 0.008337 0.032226 
0.003219 0.052692 0.824932 0.004954 0.114203 
0.256646 0.000000 0.049467 0.642526 0.051361 
0.579523 0.001784 0.026345 0.306135 0.086213 
0.733469 0.068405 0.011847 0.008173 0.178107 
0.000204 0.135868 0.022103 0.121786 0.720038 
0.471966 0.014184 0.023603 0.010610 0.479636 
0.363957 0.106713 0.318699 0.189373 0.021258 
0.035263 0.009585 0.205096 0.317189 0.432866 
0.196494 0.197292 0.000000 0.056166 0.550048 
0.013910 0.590013 0.002203 0.041190 0.352684 
0.001511 0.412604 0.001874 0.050692 0.533319 
0.006914 0.091593 0.000086 0.777575 0.123832 
0.245354 0.013429 0.327964 0.413057 0.000195 
0.437672 0.053258 0.003508 0.079231 0.426331 
0.009819 0.054278 0.032308 0.016825 0.886769 
0.003979 0.018019 0.152900 0.011660 0.813442 
0.077898 0.000780 0.012540 0.210572 0.698209 
0.118011 0.173856 0.458574 0.249353 0.000206 
0.057412 0.005114 0.649644 0.048598 0.239231 
0.000146 0.033470 0.400700 0.118101 0.447583 
0.103990 0.118580 0.238759 0.030451 0.508220 
0.000316 0.243775 0.262744 0.115955 0.377210 
0.841439 0.001292 0.010363 0.139059 0.007847 
0.440658 0.090932 0.000422 0.073714 0.394274 
0.587974 0.094774 0.139832 0.124568 0.052852 
0.442311 0.307657 0.106293 0.006472 0.137266 
0.195188 0.522005 0.255958 0.000352 0.026497 
0.304434 0.343799 0.021945 0.002378 0.327444 
0.590405 0.005990 0.049830 0.151217 0.202558 
0.417668 0.022161 0.000748 0.150905 0.408518 
0.606491 0.046805 0.000319 0.331599 0.014785 
0.639029 0.003620 0.031596 0.057237 0.268518 
0.001724 0.260512 0.170668 0.087962 0.479134 
0.464033 0.017239 0.124295 0.224357 0.170076 
0.010050 0.264797 0.083113 0.009476 0.632563 
0.014592 0.512988 0.345924 0.004112 0.122383 
0.011493 0.512616 0.027351 0.013743 0.434797 
0.130146 0.324958 0.194149 0.350709 0.000038 
0.011382 0.070038 0.238538 0.006206 0.673836 
0.821652 0.017071 0.035721 0.015548 0.110007 
0.021977 0.037773 0.038052 0.900752 0.001446 
0.084008 0.016266 0.035705 0.863927 0.000094 
0.001657 0.000022 0.258438 0.736381 0.003501 
0.064920 0.032263 0.315109 0.567247 0.020462 
0.656598 0.000004 0.311926 0.022842 0.008630 
0.072471 0.351482 0.024130 0.005042 0.546876 
0.174938 0.078601 0.018142 0.007090 0.721228 
0.199098 0.001947 0.213893 0.117970 0.467093 
0.107351 0.088703 0.478802 0.311188 0.013955 
0.031037 0.076495 0.003644 0.186461 0.702362 
0.008448 0.695344 0.003408 0.116840 0.175961 
0.028957 0.004891 0.958978 0.000002 0.007172 
0.003661 0.512688 0.212523 0.196511 0.074617 
0.192982 0.098076 0.680643 0.019660 0.008639 
0.025627 0.077385 0.487064 0.254403 0.155520 
0.439756 0.103697 0.001867 0.449743 0.004936 
0.385880 0.083152 0.212266 0.011853 0.306849 
0.000027 0.142901 0.106876 0.020163 0.730033 
0.040408 0.037718 0.039819 0.037468 0.844586 
0.036244 0.377686 0.047140 0.001418 0.537512 
0.066078 0.476227 0.005555 0.151201 0.300939 
0.435671 0.044734 0.001137 0.374310 0.144147 
0.188091 0.182980 0.057541 0.380376 0.191012 
0.572991 0.029766 0.170309 0.058411 0.168523 
0.160762 0.018647 0.021572 0.776573 0.022447 
0.647678 0.002239 0.281179 0.014814 0.054091 
0.609154 0.015754 0.001934 0.355693 0.017465 
0.510812 0.037054 0.250375 0.037002 0.164757 
0.385284 0.116120 0.188485 0.005122 0.304990 
0.013002 0.068224 0.119969 0.793059 0.005746 
0.040553 0.406451 0.068168 0.030391 0.454437 
0.105983 0.239163 0.141423 0.038176 0.475256 
0.749390 0.028683 0.142304 0.079485 0.000139 
0.006916 0.968500 0.007827 0.004113 0.012644 
0.012831 0.830131 0.027736 0.114677 0.014625 
0.232851 0.647709 0.052643 0.025095 0.041703 
0.043235 0.669609 0.153561 0.065883 0.067712 
0.568322 0.361998 0.022233 0.028497 0.018950 
0.400845 0.510763 0.002160 0.071823 0.014409 
0.167165 0.597947 0.032922 0.119717 0.082249 
0.041931 0.300869 0.278926 0.175182 0.203092 
0.112468 0.590857 0.003470 0.037031 0.256174 
0.006826 0.742280 0.080357 0.021653 0.148883 
0.445474 0.281420 0.000045 0.132790 0.140271 
0.282349 0.580401 0.011116 0.090938 0.035196 
0.073704 0.814497 0.055336 0.001947 0.054515 
0.045206 0.499566 0.247986 0.079223 0.128019 
0.287055 0.492849 0.000026 0.154543 0.065527 
0.084360 0.748025 0.025053 0.142516 0.000046 
0.064267 0.019130 0.610619 0.115761 0.190222 
0.260522 0.073387 0.369182 0.173253 0.123656 
0.471970 0.212199 0.153839 0.141620 0.020372 
0.001107 0.841656 0.131268 0.008192 0.017778 
0.192120 0.017843 0.502573 0.054298 0.233166 
0.000702 0.509383 0.005727 0.209690 0.274498 
0.085802 0.519077 0.102418 0.081164 0.211539 
0.031156 0.001015 0.008327 0.959458 0.000043 
0.215658 0.018874 0.047168 0.192410 0.525889 
0.268968 0.002514 0.273352 0.000170 0.454996 
0.008323 0.058571 0.679924 0.000825 0.252358 
0.003387 0.021480 0.839790 0.081934 0.053409 
0.001821 0.603907 0.329939 0.010267 0.054065 
0.045886 0.037054 0.069083 0.753739 0.094238 
0.818625 0.000245 0.082702 0.021917 0.076511 
0.228063 0.299245 0.000359 0.466021 0.006312 
0.003240 0.264426 0.183010 0.449081 0.100243 
0.093239 0.706663 0.053119 0.056797 0.090183 
0.248540 0.405594 0.002927 0.342843 0.000097 
0.062866 0.465494 0.019464 0.378386 0.073790 
0.010295 0.035981 0.881540 0.063285 0.008899 
0.090015 0.117847 0.226554 0.079750 0.485834 
0.001053 0.044775 0.485159 0.261021 0.207992 
0.047562 0.399724 0.507871 0.028492 0.016351 
0.030222 0.117376 0.131717 0.720670 0.000016 
0.015799 0.298535 0.475024 0.003501 0.207142 
0.026821 0.396394 0.209967 0.017964 0.348853 
0.126727 0.527176 0.094845 0.158683 0.092569 
0.002179 0.417551 0.074833 0.076087 0.429350 
0.431639 0.235757 0.047865 0.191516 0.093224 
0.536347 0.061224 0.000106 0.169759 0.232564 
0.278742 0.511751 0.001017 0.051058 0.157432 
0.152716 0.793071 0.000005 0.054073 0.000135 
0.497870 0.113195 0.000407 0.160689 0.227839 
0.022579 0.099967 0.011267 0.074982 0.791206 
0.064627 0.370585 0.291420 0.039802 0.233566 
0.270257 0.463587 0.087472 0.000000 0.178683 
0.319856 0.077036 0.028772 0.574037 0.000299 
0.169223 0.593318 0.032889 0.180949 0.023621 
0.003524 0.391655 0.316319 0.106803 0.181699 
0.052934 0.571085 0.118569 0.002408 0.255004 
0.166441 0.414955 0.012348 0.009991 0.396266 
0.052275 0.452558 0.278482 0.000164 0.216520 
0.113822 0.791203 0.053065 0.038630 0.003279 
0.017899 0.615083 0.209809 0.038192 0.119016 
0.065622 0.517533 0.166227 0.025050 0.225568 
0.762806 0.066195 0.010541 0.035954 0.124502 
0.048182 0.545833 0.006348 0.049133 0.350505 
0.697332 0.170937 0.025038 0.036142 0.070551 
0.235582 0.390578 0.007129 0.272685 0.094027 
0.017548 0.486289 0.369475 0.038395 0.088293 
0.067299 0.584831 0.099694 0.008450 0.239726 
0.189558 0.575624 0.008875 0.010109 0.215834 
0.026565 0.271288 0.229804 0.301114 0.171230 
0.000027 0.265045 0.171338 0.007210 0.556380 
0.318587 0.072970 0.278236 0.030288 0.299919 
0.007787 0.418603 0.015949 0.165610 0.392052 
0.058488 0.322058 0.035372 0.025591 0.558491 
0.046474 0.455220 0.130902 0.167292 0.200112 
0.228876 0.300885 0.006218 0.052945 0.411076 
0.733575 0.172480 0.013429 0.076211 0.004305 
0.111640 0.214613 0.416574 0.046571 0.210602 
0.371313 0.022047 0.108570 0.446635 0.051435 
0.066328 0.040861 0.030994 0.838213 0.023604 
0.008407 0.247287 0.101918 0.269166 0.373222 
0.017146 0.075764 0.021574 0.849231 0.036285 
0.056882 0.131783 0.172631 0.602720 0.035984 
0.097554 0.001529 0.039431 0.131653 0.729833 
0.222308 0.099105 0.000704 0.042839 0.635045 
0.172655 0.117468 0.005213 0.700821 0.003843 
0.022614 0.000553 0.935991 0.015704 0.025138 
0.063947 0.261698 0.001634 0.599811 0.072909 
0.046468 0.034237 0.000866 0.917778 0.000650 
0.018572 0.092350 0.044062 0.766285 0.078730 
0.000996 0.323937 0.220249 0.006721 0.448096 
0.130494 0.647963 0.006854 0.211463 0.003226 
0.149358 0.422328 0.040036 0.322052 0.066225 
0.263709 0.064518 0.408565 0.019790 0.243417 
0.122301 0.674468 0.010900 0.005996 0.186335 
0.025445 0.543103 0.103083 0.105084 0.223285 
0.137497 0.316014 0.126888 0.015042 0.404559 
0.080987 0.060886 0.112572 0.016268 0.729286 
0.394223 0.196587 0.402668 0.001481 0.005041 
0.013420 0.111573 0.345182 0.108524 0.421301 
0.000277 0.040851 0.144100 0.104052 0.710720 
0.073480 0.002591 0.055893 0.414649 0.453387 
0.001820 0.452769 0.038145 0.064115 0.443151 
0.018765 0.008028 0.192616 0.264038 0.516553 
0.005547 0.000564 0.289180 0.002619 0.702090 
0.714500 0.046918 0.040775 0.169341 0.028467 
0.020103 0.481926 0.391977 0.104081 0.001913 
0.294325 0.134213 0.020447 0.307376 0.243638 
0.031619 0.508361 0.001994 0.222735 0.235291 
0.641930 0.008639 0.159526 0.149986 0.039919 
0.679975 0.061649 0.029779 0.051694 0.176904 
0.324196 0.345332 0.164073 0.113958 0.052440 
0.325834 0.009453 0.123868 0.535831 0.005013 
0.532938 0.171546 0.206010 0.014426 0.075080 
0.056548 0.001935 0.444341 0.496934 0.000242 
0.680866 0.000015 0.003012 0.000332 0.315775 
0.130938 0.440298 0.009837 0.360733 0.058194 
0.019433 0.066360 0.661232 0.130453 0.122521 
0.004491 0.402577 0.377327 0.104782 0.110823 
0.000470 0.200911 0.425973 0.331016 0.041630 
0.601288 0.164101 0.010089 0.144241 0.080281 
0.559261 0.351926 0.049461 0.031954 0.007397 
0.001824 0.266342 0.042122 0.537266 0.152445 
0.006569 0.015002 0.331143 0.643725 0.003562 
0.007150 0.416266 0.178270 0.231256 0.167058 
0.240059 0.024442 0.012910 0.039076 0.683514 
0.035434 0.221457 0.074324 0.196193 0.472592 
0.349447 0.015936 0.043526 0.531107 0.059983 
0.017986 0.326925 0.634202 0.009491 0.011397 
0.175627 0.118483 0.039324 0.094110 0.572456 
0.401495 0.167756 0.064285 0.009109 0.357355 
0.222174 0.276404 0.027264 0.031981 0.442178 
0.135829 0.011116 0.058817 0.783212 0.011026 
0.013147 0.020472 0.287761 0.654024 0.024596 
0.103199 0.201691 0.021958 0.099708 0.573443 
0.383886 0.387691 0.009577 0.001268 0.217579 
0.106325 0.000094 0.144761 0.745120 0.003700 
0.013151 0.347561 0.009229 0.015167 0.614893 
0.415769 0.100492 0.047934 0.435583 0.000222 
0.103564 0.086411 0.289932 0.343726 0.176367 
0.139575 0.019045 0.114891 0.094908 0.631581 
0.005979 0.120095 0.359232 0.297433 0.217261 
0.331579 0.194250 0.196907 0.000016 0.277248 
0.000713 0.175121 0.296943 0.451327 0.075896 
0.303077 0.527462 0.000465 0.137633 0.031363 
0.148304 0.000224 0.570723 0.258748 0.022002 
0.008035 0.357866 0.312174 0.000051 0.321873 
0.141263 0.051277 0.196396 0.597909 0.013154 
0.022276 0.000013 0.621445 0.229461 0.126805 
0.014364 0.260025 0.595993 0.019146 0.110471 
0.069576 0.163470 0.058709 0.563369 0.144877 
0.121359 0.016083 0.634377 0.046240 0.181940 
0.061731 0.087228 0.025503 0.819227 0.006311 
0.197927 0.003211 0.000615 0.759374 0.038873 
0.014305 0.022638 0.611721 0.016920 0.334416 
0.051547 0.369068 0.107379 0.191860 0.280145 
0.152084 0.004112 0.384729 0.265028 0.194047 
0.005738 0.448478 0.167419 0.003922 0.374444 
0.384014 0.114477 0.201530 0.228515 0.071463 
0.211739 0.003387 0.728664 0.010040 0.046170 
0.044427 0.084822 0.148769 0.695992 0.025991 
0.069797 0.008679 0.575020 0.016955 0.329549 
0.161011 0.198944 0.004971 0.390613 0.244461 
0.023077 0.256508 0.277779 0.157424 0.285213 
0.091985 0.375237 0.100873 0.245650 0.186256 
0.052265 0.340146 0.071676 0.002589 0.533324 
0.089949 0.444838 0.004659 0.427655 0.032898 
0.057609 0.140391 0.348123 0.000422 0.453454 
0.071394 0.255966 0.004165 0.059055 0.609420 
0.205587 0.284042 0.272644 0.174141 0.063586 
0.179263 0.117329 0.466326 0.005329 0.231753 
0.001641 0.016725 0.237273 0.701394 0.042966 
0.052876 0.293550 0.281934 0.113993 0.257647 
0.361757 0.021727 0.190781 0.002208 0.423526 
0.587900 0.191230 0.131525 0.089304 0.000041 
0.442175 0.053265 0.383752 0.000677 0.120130 
0.000375 0.000630 0.347996 0.208375 0.442624 
0.045385 0.226547 0.005123 0.559217 0.163728 
0.005680 0.108272 0.030526 0.520562 0.334961 
0.055119 0.166786 0.464401 0.129616 0.184078 
0.109039 0.534277 0.051050 0.149430 0.156204 
0.190499 0.053747 0.000107 0.191477 0.564170 
0.133090 0.167275 0.000040 0.070667 0.628928 
0.034246 0.283258 0.000792 0.384910 0.296794 
0.121471 0.006683 0.004227 0.626778 0.240841 
0.020424 0.152875 0.391924 0.108245 0.326532 
0.073186 0.061518 0.612569 0.043252 0.209475 
0.225773 0.190903 0.043226 0.525305 0.014793 
0.014556 0.352798 0.041283 0.540839 0.050524 
0.096272 0.222536 0.147615 0.518963 0.014614 
0.183895 0.342600 0.023997 0.314378 0.135130 
0.139865 0.052774 0.354493 0.445527 0.007342 
0.087493 0.656564 0.078764 0.163459 0.013720 
0.007988 0.651621 0.087717 0.012971 0.239703 
0.087530 0.009962 0.049636 0.311645 0.541227 
0.022879 0.648533 0.000010 0.001340 0.327238 
0.223372 0.014123 0.000491 0.214826 0.547187 
0.101460 0.739455 0.000131 0.149322 0.009631 
0.271318 0.264517 0.000079 0.285270 0.178815 
0.009106 0.488144 0.101050 0.105278 0.296421 
0.038494 0.561551 0.060857 0.318619 0.020478 
0.042344 0.146173 0.142938 0.648503 0.020042 
0.157363 0.005707 0.085391 0.724397 0.027142 
0.040294 0.021993 0.033759 0.200434 0.703520 
0.095383 0.013675 0.074492 0.493181 0.323269 
0.013484 0.098131 0.066869 0.041704 0.779812 
0.030920 0.043625 0.310012 0.001114 0.614329 
0.011017 0.004466 0.134821 0.698749 0.150947 
0.116768 0.097331 0.005024 0.435855 0.345022 
0.498408 0.084823 0.001086 0.097292 0.318390 
0.261152 0.055697 0.001411 0.297966 0.383774 
0.006232 0.345456 0.263315 0.182140 0.202856 
0.131311 0.149297 0.211217 0.022768 0.485407 
0.023039 0.075997 0.097915 0.612778 0.190272 
0.010153 0.117459 0.001737 0.717669 0.152982 
0.002411 0.101280 0.007758 0.430820 0.457732 
0.029165 0.106950 0.001126 0.730916 0.131842 
0.711365 0.066719 0.119495 0.102275 0.000147 
0.503827 0.208446 0.166290 0.066748 0.054690 
0.396880 0.323186 0.178080 0.026504 0.075349 
0.287343 0.501838 0.124537 0.000018 0.086265 
0.079616 0.853856 0.007117 0.034144 0.025268 
0.822359 0.005957 0.059245 0.004344 0.108096 
0.007170 0.863202 0.046694 0.018178 0.064756 
0.428169 0.018963 0.149499 0.394212 0.009157 
0.919096 0.001230 0.057158 0.003000 0.019515 
0.553220 0.131992 0.010663 0.065331 0.238794 
0.006043 0.606601 0.082584 0.164319 0.140453 
0.617827 0.102412 0.118754 0.044524 0.116483 
0.497816 0.019576 0.140352 0.316698 0.025558 
0.336631 0.090349 0.135449 0.420289 0.017283 
0.000351 0.615020 0.104688 0.201264 0.078676 
0.533339 0.174070 0.162816 0.128690 0.001086 
0.523148 0.190165 0.145709 0.140589 0.000388 
0.439601 0.280426 0.006031 0.095521 0.178421 
0.392532 0.335866 0.012183 0.067101 0.192318 
0.354981 0.376135 0.021482 0.053003 0.194400 
0.296964 0.439574 0.041818 0.034523 0.187121 
0.161832 0.627402 0.087689 0.000191 0.122887 
0.115617 0.650870 0.138874 0.086875 0.007764 
0.102707 0.578194 0.190907 0.100023 0.028168 
0.036775 0.535640 0.332468 0.062220 0.032897 
0.153949 0.641469 0.110205 0.004024 0.090354 
0.054102 0.665008 0.121829 0.066875 0.092187 
0.069353 0.926596 0.000311 0.000746 0.002995 
0.753410 0.065308 0.093152 0.001537 0.086594 
0.415822 0.271497 0.028501 0.000773 0.283408 
0.021625 0.792829 0.024797 0.107044 0.053704 
0.047962 0.707434 0.083462 0.131687 0.029455 
0.853827 0.000423 0.054310 0.062748 0.028692 
0.397948 0.192388 0.287657 0.022426 0.099582 
0.337015 0.079705 0.523639 0.011170 0.048470 
0.073263 0.794040 0.090930 0.006672 0.035095 
0.000511 0.585403 0.324220 0.000710 0.089156 
0.150035 0.732700 0.012673 0.093790 0.010803 
0.084798 0.759517 0.000608 0.057518 0.097560 
0.555780 0.147098 0.291743 0.000032 0.005347 
0.357703 0.166016 0.384188 0.039465 0.052628 
0.139006 0.235933 0.529850 0.093375 0.001836 
0.175107 0.130098 0.005934 0.344512 0.344348 
0.120714 0.282171 0.055732 0.155327 0.386055 
0.084150 0.057642 0.124808 0.190028 0.543373 
0.000456 0.734537 0.152818 0.001860 0.110329 
0.291015 0.064031 0.507956 0.063206 0.073792 
0.112402 0.047478 0.015300 0.678987 0.145833 
0.006358 0.000703 0.004941 0.509485 0.478514 
0.009612 0.066935 0.142516 0.115711 0.665225 
0.598336 0.099580 0.227951 0.051860 0.022273 
0.528247 0.025509 0.444418 0.000952 0.000874 
0.300051 0.009103 0.616222 0.064124 0.010500 
0.188142 0.002040 0.600110 0.201903 0.007806 
0.019332 0.516602 0.464023 0.000036 0.000007 
0.249083 0.704640 0.044809 0.000475 0.000993 
0.207040 0.000548 0.026348 0.200567 0.565497 
0.454586 0.048143 0.342292 0.001425 0.153553 
0.405877 0.100406 0.410675 0.015649 0.067392 
0.034457 0.089849 0.062017 0.436516 0.377161 
0.211487 0.539920 0.000218 0.099753 0.148622 
0.005992 0.528935 0.465024 0.000041 0.000008 
0.133259 0.000666 0.639042 0.226155 0.000879 
0.537000 0.074972 0.357699 0.004133 0.026196 
0.121146 0.139190 0.009518 0.072451 0.657696 
0.319882 0.140841 0.316296 0.055741 0.167240 
0.027697 0.078383 0.052457 0.557741 0.283722 
0.190444 0.112724 0.616439 0.080175 0.000218 
0.360858 0.120912 0.431723 0.052072 0.034436 
0.031611 0.132623 0.091542 0.426525 0.317699 
0.101813 0.138902 0.003752 0.612700 0.142834 
0.086662 0.550648 0.125237 0.148171 0.089282 
0.448920 0.093210 0.384140 0.008109 0.065621 
0.370351 0.117709 0.434932 0.043371 0.033638 
0.000301 0.403862 0.563493 0.007375 0.024969 
0.071024 0.828260 0.000148 0.070958 0.029610 
0.042412 0.691554 0.045697 0.028086 0.192251 
0.162658 0.000410 0.554351 0.279266 0.003315 
0.029358 0.583793 0.371890 0.007250 0.007709 
0.530956 0.073369 0.385922 0.000520 0.009232 
0.244316 0.010873 0.682797 0.050380 0.011634 
0.009089 0.363183 0.608148 0.019575 0.000006 
0.465615 0.007102 0.409240 0.117801 0.000242 
0.006094 0.315314 0.548933 0.116582 0.013078 
0.336976 0.602371 0.001152 0.039634 0.019867 
0.088482 0.393232 0.309130 0.102375 0.106781 
0.154890 0.199266 0.216436 0.357312 0.072096 
0.037839 0.528781 0.046291 0.157435 0.229654 
0.068785 0.164175 0.386216 0.380241 0.000582 
0.000571 0.003189 0.587292 0.225865 0.183083 
0.010243 0.017431 0.163031 0.118508 0.690786 
0.073502 0.199315 0.093315 0.180841 0.453027 
0.141170 0.100476 0.000813 0.299289 0.458252 
0.044500 0.566094 0.287020 0.030274 0.072112 
0.741865 0.016067 0.028483 0.037078 0.176507 
0.194715 0.214888 0.316135 0.003543 0.270718 
0.134622 0.087393 0.012595 0.330433 0.434957 
0.569883 0.009733 0.088369 0.271022 0.060992 
0.023828 0.028843 0.015003 0.650051 0.282275 
0.245664 0.069520 0.600498 0.071360 0.012958 
0.297530 0.087000 0.526215 0.068439 0.020817 
0.166801 0.072447 0.001957 0.647763 0.111032 
0.190201 0.402766 0.002828 0.183882 0.220322 
0.013303 0.504002 0.028356 0.005785 0.448554 
0.190505 0.723151 0.004347 0.073064 0.008933 
0.005404 0.337707 0.629400 0.027483 0.000005 
0.004119 0.507137 0.031410 0.426394 0.030939 
0.015972 0.677525 0.289142 0.008415 0.008947 
0.080111 0.641151 0.249935 0.005668 0.023136 
0.203663 0.004128 0.718035 0.061939 0.012235 
0.370902 0.026263 0.551635 0.043797 0.007403 
0.004006 0.057375 0.854607 0.022591 0.061421 
0.054127 0.038114 0.114247 0.223361 0.570151 
0.104052 0.060304 0.023128 0.647674 0.164842 
0.396200 0.125616 0.428186 0.008264 0.041734 
0.468227 0.204099 0.242487 0.019353 0.065835 
0.141072 0.012358 0.776082 0.057263 0.013224 
0.182415 0.648311 0.005951 0.105970 0.057353 
0.114531 0.096038 0.044632 0.719845 0.024955 
0.127426 0.047637 0.550958 0.053285 0.220694 
0.003580 0.894385 0.086423 0.009757 0.005855 
0.183202 0.468793 0.096061 0.249452 0.002492 
0.313781 0.458089 0.066890 0.148650 0.012590 
0.397622 0.313126 0.003828 0.090218 0.195207 
0.001549 0.391483 0.042871 0.491259 0.072838 
0.009613 0.001701 0.161077 0.093868 0.733741 
0.054485 0.034754 0.024394 0.347160 0.539208 
0.007051 0.179529 0.168339 0.072535 0.572546 
0.008918 0.642928 0.267597 0.057969 0.022588 
0.275699 0.099541 0.060345 0.452378 0.112037 
0.001713 0.361718 0.400287 0.142212 0.094070 
0.056743 0.540417 0.124687 0.274823 0.003330 
0.134289 0.712386 0.018134 0.134210 0.000982 
0.170835 0.765674 0.051970 0.001062 0.010459 
0.193656 0.763316 0.017061 0.018694 0.007273 
0.022052 0.005214 0.073300 0.813991 0.085443 
0.510630 0.030172 0.265631 0.172816 0.020752 
0.139864 0.621396 0.117447 0.000311 0.120982 
0.098936 0.072590 0.066552 0.264303 0.497618 
0.013336 0.672970 0.295925 0.008612 0.009156 
0.240629 0.004774 0.002142 0.719549 0.032906 
0.155508 0.290441 0.017554 0.019508 0.516990 
0.017641 0.572322 0.014328 0.199064 0.196645 
0.110926 0.173915 0.042393 0.571117 0.101648 
0.059060 0.611606 0.241996 0.000080 0.087258 
0.088486 0.488618 0.108764 0.258444 0.055687 
0.019055 0.619899 0.068850 0.000909 0.291287 
0.045725 0.280776 0.189435 0.059143 0.424920 
0.706811 0.043543 0.002905 0.124801 0.121939 
0.043665 0.234658 0.058044 0.662774 0.000858 
0.113406 0.226665 0.064316 0.594602 0.001011 
0.064917 0.330797 0.029548 0.569104 0.005634 
0.093616 0.349231 0.023557 0.522767 0.010828 
0.024508 0.536121 0.418571 0.003709 0.017091 
0.156153 0.371262 0.001334 0.386660 0.084591 
0.085793 0.479128 0.297096 0.016035 0.121948 
0.000233 0.267811 0.261000 0.273113 0.197843 
0.002175 0.356507 0.077794 0.011418 0.552106 
0.000421 0.676098 0.234590 0.083473 0.005419 
0.440363 0.185474 0.108782 0.234658 0.030723 
0.468556 0.030477 0.217390 0.230194 0.053382 
0.457026 0.213923 0.024198 0.029938 0.274915 
0.287911 0.235138 0.305621 0.004909 0.166421 
0.424750 0.075152 0.164414 0.003870 0.331813 
0.010297 0.281738 0.000162 0.707748 0.000055 
0.763604 0.168356 0.033040 0.001099 0.033902 
0.004373 0.007171 0.604204 0.232826 0.151425 
0.087264 0.627496 0.125917 0.118628 0.040695 
0.387278 0.523510 0.023082 0.056861 0.009268 
0.336979 0.563598 0.017164 0.003842 0.078417 
0.019836 0.590031 0.327739 0.000070 0.062324 
0.079740 0.507776 0.232318 0.120412 0.059754 
0.127655 0.623419 0.123867 0.116204 0.008855 
0.024602 0.212324 0.066608 0.612056 0.084410 
0.000178 0.328252 0.208832 0.075664 0.387075 
0.021496 0.373920 0.041182 0.535982 0.027420 
0.307537 0.220241 0.220820 0.248922 0.002480 
0.740826 0.080545 0.168240 0.003850 0.006539 
0.591615 0.101797 0.088594 0.123763 0.094230 
0.027876 0.779446 0.017186 0.065135 0.110358 
0.133796 0.082218 0.000004 0.766419 0.017563 
0.006731 0.487983 0.018765 0.426751 0.059770 
0.017368 0.648822 0.104489 0.023811 0.205510 
0.001779 0.883929 0.033725 0.014012 0.066554 
0.084307 0.712115 0.002774 0.136357 0.064446 
0.007251 0.274823 0.181969 0.437658 0.098298 
0.140902 0.352935 0.392019 0.112005 0.002139 
0.133724 0.020220 0.098290 0.746216 0.001550 
0.135775 0.311393 0.021059 0.223149 0.308624 
0.291141 0.562573 0.041554 0.087723 0.017009 
0.015435 0.233070 0.140630 0.413193 0.197672 
0.315208 0.403437 0.011983 0.022399 0.246974 
0.008418 0.100058 0.379695 0.155904 0.355926 
0.503075 0.155860 0.160131 0.165373 0.015560 
0.445393 0.008056 0.016243 0.257196 0.273112 
0.592141 0.059291 0.254732 0.092635 0.001201 
0.546164 0.138519 0.173847 0.135699 0.005773 
0.055905 0.067932 0.852800 0.022239 0.001123 
0.322435 0.000362 0.540934 0.089973 0.046297 
0.016370 0.048028 0.355145 0.000082 0.580375 
0.001550 0.838492 0.139844 0.001088 0.019026 
0.179677 0.335448 0.007641 0.286308 0.190927 
0.003888 0.352522 0.005347 0.595995 0.042248 
0.003467 0.513733 0.142476 0.331049 0.009275 
0.219202 0.310169 0.275916 0.193695 0.001018 
0.006088 0.470299 0.517771 0.000133 0.005709 
0.071957 0.026498 0.006516 0.531264 0.363765 
0.076344 0.496346 0.224116 0.186445 0.016748 
0.359097 0.353522 0.004514 0.034654 0.248212 
0.559121 0.162379 0.185073 0.000641 0.092785 
0.041042 0.457822 0.089207 0.320793 0.091136 
0.073068 0.254120 0.036882 0.622523 0.013407 
0.133077 0.210372 0.026661 0.628540 0.001351 
0.467915 0.000079 0.347503 0.139725 0.044778 
0.052294 0.187329 0.286690 0.472732 0.000956 
0.262831 0.181538 0.000045 0.347504 0.208082 
0.664252 0.022246 0.238390 0.015088 0.060025 
0.012447 0.341087 0.050465 0.534323 0.061679 
0.069575 0.017024 0.089754 0.821531 0.002115 
0.279557 0.242124 0.000370 0.127754 0.350196 
0.376662 0.286300 0.048598 0.144576 0.143864 
0.522378 0.005941 0.070516 0.309894 0.091271 
0.228393 0.690426 0.035512 0.010802 0.034867 
0.239326 0.318035 0.037432 0.366544 0.038663 
0.002083 0.531157 0.178078 0.186140 0.102543 
0.074998 0.031682 0.795610 0.096750 0.000959 
0.056515 0.006288 0.551852 0.301793 0.083552 
0.000381 0.001680 0.105762 0.790257 0.101919 
0.054955 0.130298 0.110892 0.244034 0.459820 
0.233209 0.482321 0.019427 0.002315 0.262728 
0.397044 0.296585 0.041431 0.264909 0.000032 
0.444016 0.113809 0.164535 0.236779 0.040862 
0.492101 0.083653 0.211696 0.187020 0.025529 
0.309104 0.228778 0.414912 0.030624 0.016582 
0.193067 0.064290 0.001605 0.673622 0.067416 
0.134607 0.237147 0.010699 0.414482 0.203065 
0.317515 0.012795 0.161180 0.351939 0.156571 
0.349367 0.067442 0.144103 0.340157 0.098932 
0.207889 0.004712 0.023327 0.000188 0.763884 
0.151391 0.000030 0.090361 0.741811 0.016407 
0.326171 0.270812 0.388008 0.014702 0.000308 
0.176869 0.003865 0.039778 0.771258 0.008230 
0.024220 0.703372 0.033174 0.166413 0.072822 
0.108728 0.579151 0.160778 0.124830 0.026513 
0.042683 0.477572 0.168345 0.206307 0.105092 
0.003126 0.462160 0.255510 0.130295 0.148908 
0.090211 0.502818 0.147857 0.206189 0.052924 
0.011014 0.366598 0.160666 0.208821 0.252901 
0.136781 0.521459 0.081841 0.006487 0.253433 
0.032186 0.464188 0.255935 0.036981 0.210710 
0.219023 0.318043 0.000746 0.455571 0.006617 
0.405962 0.246010 0.061828 0.277891 0.008309 
0.065186 0.080728 0.016200 0.812888 0.024998 
0.286904 0.067031 0.102035 0.409567 0.134463 
0.182580 0.084112 0.213869 0.510285 0.009154 
0.143240 0.220297 0.037714 0.490237 0.108512 
0.074593 0.501032 0.180851 0.177447 0.066077 
0.002906 0.267796 0.181157 0.005502 0.542639 
0.330247 0.111129 0.100734 0.363877 0.094012 
0.083094 0.082039 0.733231 0.002276 0.099360 
0.354864 0.327770 0.308916 0.000006 0.008444 
0.330585 0.100967 0.112258 0.355702 0.100489 
0.047026 0.157782 0.116136 0.667039 0.012017 
0.001472 0.733759 0.108650 0.109161 0.046958 
0.447978 0.022530 0.225271 0.206868 0.097353 
0.348805 0.059441 0.460835 0.118459 0.012460 
0.055205 0.425083 0.210656 0.018413 0.290643 
0.143491 0.162616 0.647727 0.000010 0.046155 
0.166056 0.135118 0.006717 0.614067 0.078042 
0.276700 0.085577 0.087487 0.416536 0.133700 
0.195272 0.090709 0.031087 0.476591 0.206341 
0.252167 0.066539 0.058109 0.433111 0.190075 
0.206291 0.147634 0.020053 0.223243 0.402779 
0.130146 0.172064 0.638942 0.016473 0.042375 
0.146306 0.001040 0.028837 0.363198 0.460619 
0.169681 0.000637 0.043766 0.360923 0.424993 
0.008582 0.064954 0.210186 0.715013 0.001266 
0.107089 0.121606 0.694178 0.010218 0.066910 
0.185370 0.219401 0.555715 0.001099 0.038416 
0.269798 0.213726 0.012871 0.464707 0.038898 
0.052197 0.000042 0.404972 0.541862 0.000927 
0.070970 0.005984 0.361358 0.556189 0.005497 
0.248206 0.049299 0.061225 0.429664 0.211606 
0.239414 0.367896 0.000858 0.365498 0.026334 
0.178778 0.001047 0.175399 0.518749 0.126027 
0.118791 0.394392 0.009627 0.357899 0.119291 
0.074108 0.307679 0.138296 0.013253 0.466664 
0.070297 0.008697 0.010922 0.242486 0.667597 
0.187928 0.054822 0.091093 0.217417 0.448740 
0.107213 0.779489 0.052908 0.001481 0.058909 
0.151143 0.694770 0.047158 0.036388 0.070541 
0.028843 0.016525 0.066652 0.792380 0.095600 
0.122083 0.269178 0.118554 0.471786 0.018399 
0.413528 0.000333 0.003796 0.581509 0.000834 
0.262615 0.093833 0.001600 0.634081 0.007872 
0.217230 0.306673 0.138779 0.095286 0.242031 
0.005589 0.779668 0.127811 0.000033 0.086898 
0.806167 0.128183 0.009183 0.020700 0.035767 
0.107016 0.430986 0.221171 0.000018 0.240808 
0.001063 0.150485 0.006137 0.802644 0.039671 
0.143113 0.003093 0.108574 0.427218 0.318002 
0.767271 0.034597 0.036611 0.003825 0.157696 
0.818967 0.037522 0.054223 0.030373 0.058915 
0.000001 0.880092 0.082514 0.008497 0.028896 
0.595360 0.000050 0.153654 0.222909 0.028027 
0.212073 0.000018 0.203762 0.302160 0.281988 
0.167476 0.000082 0.160320 0.362791 0.309331 
0.414486 0.013501 0.098578 0.381336 0.092099 
0.077781 0.053339 0.016749 0.829328 0.022803 
0.001543 0.158631 0.597512 0.024189 0.218126 
0.014221 0.275049 0.086301 0.593015 0.031415 
0.000552 0.055232 0.073725 0.792120 0.078372 
0.000864 0.096430 0.334797 0.162709 0.405199 
0.021638 0.196247 0.132186 0.610009 0.039919 
0.068717 0.223617 0.177364 0.513064 0.017238 
0.000287 0.184771 0.051364 0.671020 0.092559 
0.073252 0.172455 0.238066 0.496777 0.019450 
0.004183 0.106171 0.183036 0.698863 0.007747 
0.105799 0.015368 0.069547 0.501402 0.307884 
0.000793 0.124911 0.080576 0.708834 0.084886 
0.074544 0.012562 0.664456 0.234300 0.014139 
0.010242 0.031060 0.017849 0.832317 0.108532 
0.012306 0.142063 0.238591 0.230388 0.376652 
0.051116 0.036233 0.164257 0.748362 0.000032 
0.042397 0.003111 0.182146 0.744557 0.027789 
0.079960 0.076996 0.098760 0.528116 0.216169 
0.145002 0.059387 0.257697 0.507220 0.030694 
0.525677 0.318840 0.006646 0.091766 0.057072 
0.001108 0.338547 0.135968 0.128849 0.395528 
0.034541 0.087527 0.477211 0.282044 0.118677 
0.482667 0.506165 0.002087 0.002321 0.006761 
0.000979 0.555372 0.038118 0.019107 0.386425 
0.307267 0.006184 0.153234 0.045977 0.487337 
0.039320 0.590599 0.024187 0.109688 0.236207 
0.006060 0.664677 0.063230 0.000019 0.266013 
0.272954 0.038747 0.058810 0.002320 0.627168 
0.261356 0.016856 0.033779 0.687982 0.000026 
0.355154 0.022295 0.073307 0.006602 0.542642 
0.002690 0.351159 0.543391 0.064829 0.037932 
0.075460 0.293937 0.064961 0.562172 0.003471 
0.521597 0.011417 0.456339 0.001978 0.008669 
0.400445 0.000096 0.574600 0.014188 0.010671 
0.131905 0.637560 0.142304 0.085179 0.003054 
0.170315 0.065134 0.196746 0.001031 0.566774 
0.079297 0.026932 0.244911 0.648831 0.000028 
0.008825 0.298746 0.057874 0.630439 0.004116 
0.074380 0.414567 0.125839 0.263220 0.121994 
0.087985 0.444662 0.081313 0.308041 0.077999 
0.125978 0.431165 0.046693 0.367947 0.028217 
0.016621 0.332248 0.003801 0.560310 0.087020 
0.292200 0.271245 0.009420 0.415156 0.011978 
0.137800 0.244530 0.607726 0.000203 0.009740 
0.156486 0.342872 0.005585 0.494698 0.000359 
0.016581 0.028506 0.815406 0.053757 0.085751 
0.260160 0.041044 0.109862 0.588009 0.000925 
0.333015 0.000534 0.074300 0.341961 0.250190 
0.004441 0.149227 0.067903 0.697037 0.081392 
0.009192 0.274591 0.056452 0.506336 0.153429 
0.558200 0.233818 0.045494 0.062173 0.100315 
0.538589 0.421835 0.026637 0.000239 0.012701 
0.473117 0.001548 0.182943 0.099440 0.242953 
0.624971 0.011169 0.092457 0.015997 0.255406 
0.741474 0.002654 0.007853 0.074831 0.173187 
0.367723 0.003436 0.034644 0.099488 0.494709 
0.398721 0.003847 0.008532 0.035113 0.553787 
0.645519 0.000021 0.001692 0.184111 0.168657 
0.010800 0.294184 0.576887 0.074950 0.043179 
0.049383 0.189837 0.001776 0.728741 0.030263 
0.003001 0.279223 0.450853 0.155458 0.111464 
0.068883 0.013231 0.069287 0.814910 0.033689 
0.619683 0.002027 0.060771 0.020951 0.296568 
0.484775 0.001586 0.075806 0.080663 0.357170 
0.073582 0.207537 0.022142 0.677460 0.019279 
0.054094 0.030992 0.009191 0.884705 0.021018 
0.050760 0.085408 0.003534 0.749427 0.110872 
0.015447 0.003564 0.002405 0.928991 0.049593 
0.000095 0.016969 0.117068 0.808924 0.056944 
0.019636 0.000232 0.276374 0.669666 0.034092 
0.000042 0.034368 0.107907 0.699096 0.158587 
0.006408 0.100989 0.070898 0.692879 0.128826 
0.101134 0.163546 0.426016 0.292064 0.017240 
0.005298 0.067226 0.108993 0.480425 0.338057 
0.030785 0.000000 0.420379 0.520141 0.028695 
0.000220 0.054149 0.121106 0.579473 0.245053 
0.024754 0.178809 0.015344 0.413046 0.368046 
0.008661 0.093433 0.089290 0.510115 0.298500 
0.001180 0.030863 0.148349 0.627800 0.191808 
0.020206 0.000157 0.312320 0.600586 0.066730 
0.000185 0.045709 0.151633 0.536441 0.266032 
0.002695 0.009678 0.187272 0.679904 0.120451 
0.003431 0.083301 0.393191 0.005146 0.514931 
0.090392 0.002834 0.000736 0.901807 0.004231 
0.001967 0.051280 0.115343 0.474407 0.357002 
0.833983 0.115380 0.003711 0.044477 0.002449 
0.291684 0.006070 0.044878 0.533572 0.123796 
0.017445 0.306017 0.013128 0.483099 0.180310 
0.175634 0.012131 0.586997 0.221970 0.003268 
0.119986 0.011512 0.551173 0.288387 0.028943 
0.165864 0.134216 0.419116 0.019747 0.261057 
0.112479 0.001828 0.299168 0.542861 0.043664 
0.000454 0.202115 0.423684 0.313464 0.060283 
0.002377 0.021130 0.864893 0.095466 0.016135 
0.003173 0.104839 0.470996 0.412966 0.008026 
0.015992 0.030435 0.181573 0.754657 0.017343 
0.107443 0.151428 0.510971 0.044554 0.185605 
0.008575 0.000382 0.853639 0.136777 0.000627 
0.001648 0.616897 0.222838 0.106720 0.051897 
0.307491 0.217998 0.261547 0.000107 0.212857 
0.001786 0.075789 0.677451 0.242423 0.002551 
0.006643 0.121548 0.751252 0.120165 0.000392 
0.015800 0.207837 0.651182 0.104158 0.021023 
0.443196 0.001450 0.100604 0.128214 0.326536 
0.262045 0.093094 0.100342 0.542576 0.001943 
0.081715 0.083027 0.009471 0.811700 0.014086 
0.315508 0.026279 0.036598 0.430861 0.190754 
0.419378 0.064511 0.486799 0.027969 0.001344 
0.087574 0.004066 0.052586 0.728676 0.127099 
0.012791 0.159571 0.397958 0.403595 0.026085 
0.035866 0.188120 0.265569 0.508024 0.002422 
0.163014 0.107359 0.249005 0.029628 0.450993 
0.075418 0.000862 0.073995 0.111240 0.738484 
0.003646 0.050691 0.547645 0.194005 0.204014 
0.132357 0.028204 0.658922 0.120679 0.059839 
0.003479 0.049599 0.173282 0.757754 0.015887 
0.063000 0.040884 0.204425 0.524202 0.167489 
0.004574 0.175613 0.522991 0.296795 0.000028 
0.019679 0.003840 0.054483 0.466036 0.455962 
0.004494 0.570495 0.153585 0.248493 0.022934 
0.062714 0.264323 0.034044 0.101529 0.537390 
0.053602 0.091664 0.114286 0.008978 0.731470 
0.015255 0.039203 0.005937 0.699009 0.240596 
0.096070 0.432924 0.000492 0.395453 0.075060 
0.034491 0.099944 0.135680 0.030034 0.699852 
0.016310 0.197501 0.194636 0.457313 0.134241 
0.138522 0.216848 0.136551 0.493565 0.014515 
0.209434 0.053956 0.031416 0.005946 0.699247 
0.340918 0.000067 0.049203 0.239284 0.370528 
0.518948 0.036952 0.027295 0.009716 0.407089 
0.199545 0.113461 0.080326 0.001683 0.604985 
0.013951 0.026959 0.448200 0.312825 0.198065 
0.065290 0.091939 0.225869 0.549688 0.067215 
0.086485 0.608365 0.259353 0.007868 0.037929 
0.204827 0.002287 0.365459 0.422993 0.004434 
0.379225 0.000116 0.378575 0.117384 0.124699 
0.187290 0.490133 0.024030 0.290777 0.007770 
0.224344 0.456713 0.242552 0.071826 0.004565 
0.272270 0.000284 0.003851 0.153197 0.570398 
0.421735 0.035982 0.023951 0.041299 0.477033 
0.000030 0.628963 0.064431 0.157839 0.148737 
0.323426 0.019308 0.014817 0.160635 0.481814 
0.572025 0.133289 0.013071 0.160969 0.120645 
0.168085 0.129905 0.000195 0.697890 0.003924 
0.197877 0.291201 0.078076 0.410978 0.021868 
0.014660 0.000002 0.611965 0.364696 0.008676 
0.030303 0.000180 0.468208 0.455711 0.045598 
0.074469 0.203943 0.653180 0.039619 0.028789 
0.100751 0.132445 0.653528 0.025485 0.087790 
0.000061 0.000037 0.741253 0.000020 0.258630 
0.005163 0.159449 0.518488 0.236834 0.080067 
0.091868 0.431876 0.456162 0.018905 0.001189 
0.022553 0.073737 0.770808 0.020626 0.112276 
0.011973 0.680429 0.050923 0.242994 0.013681 
0.047717 0.055770 0.744711 0.005732 0.146070 
0.004090 0.368334 0.580018 0.011417 0.036141 
0.141207 0.010556 0.294359 0.553630 0.000248 
0.000739 0.272272 0.051139 0.411769 0.264081 
0.251498 0.089843 0.001452 0.332565 0.324642 
0.000563 0.745758 0.015166 0.234288 0.004225 
0.065252 0.376192 0.553645 0.003177 0.001733 
0.000892 0.295123 0.014895 0.497074 0.192016 
0.047437 0.007533 0.169821 0.001004 0.774204 
0.003020 0.017983 0.339373 0.356714 0.282909 
0.138129 0.043472 0.624524 0.185026 0.008850 
0.052439 0.525323 0.318047 0.102349 0.001843 
0.035337 0.491269 0.290918 0.157982 0.024494 
0.081677 0.000004 0.492728 0.380465 0.045126 
0.001682 0.242478 0.456024 0.283665 0.016151 
0.001268 0.345473 0.356693 0.219511 0.077055 
0.001502 0.235149 0.407249 0.314808 0.041292 
0.000349 0.267770 0.376193 0.241093 0.114594 
0.342448 0.000325 0.048540 0.150063 0.458624 
0.081405 0.022504 0.591349 0.013752 0.290989 
0.010523 0.707853 0.090890 0.041754 0.148980 
0.191865 0.240927 0.063183 0.051287 0.452738 
0.221102 0.276224 0.005783 0.000305 0.496585 
0.017385 0.314052 0.275926 0.239383 0.153254 
0.097869 0.324084 0.129834 0.103889 0.344324 
0.216485 0.000010 0.292486 0.364361 0.126658 
0.213716 0.142014 0.322919 0.015214 0.306136 
0.388524 0.001271 0.251201 0.159491 0.199513 
0.003782 0.310930 0.217752 0.228155 0.239381 
0.020230 0.478326 0.087621 0.241121 0.172702 
0.006335 0.381126 0.047357 0.137879 0.427303 
0.283835 0.160192 0.374768 0.180834 0.000371 
0.159223 0.022711 0.002998 0.545472 0.269596 
0.050342 0.106846 0.275192 0.543021 0.024599 
0.223670 0.325467 0.249528 0.198081 0.003254 
0.104054 0.360065 0.162754 0.334521 0.038606 
0.002548 0.319414 0.049493 0.426016 0.202528 
0.087906 0.226779 0.180285 0.418799 0.086230 
0.409536 0.017262 0.290824 0.276219 0.006159 
0.179120 0.032359 0.506569 0.245655 0.036297 
0.123955 0.135521 0.626905 0.068934 0.044684 
0.150632 0.050138 0.506433 0.206585 0.086213 
0.141141 0.123162 0.635361 0.081548 0.018787 
0.000815 0.075078 0.002714 0.556768 0.364626 
0.063574 0.073798 0.270240 0.485758 0.106630 
0.044928 0.000078 0.465536 0.238416 0.251041 
0.020609 0.008293 0.404583 0.187402 0.379114 
0.062546 0.043421 0.344252 0.389363 0.160418 
0.000483 0.106167 0.115928 0.561291 0.216132 
0.055739 0.000904 0.129946 0.507495 0.305916 
0.001767 0.038336 0.251947 0.174314 0.533636 
0.113369 0.178683 0.035862 0.009857 0.662229 
0.095413 0.085701 0.253578 0.513495 0.051813 
0.015446 0.167167 0.073362 0.128633 0.615393 
0.000392 0.157886 0.060269 0.606193 0.175261 
0.000705 0.015355 0.493374 0.483181 0.007385 
0.023671 0.231053 0.046250 0.620373 0.078653 
0.350810 0.099705 0.069122 0.009547 0.470816 
0.275251 0.002723 0.033449 0.028936 0.659642 
0.237799 0.067586 0.133163 0.014722 0.546730 
0.136680 0.013284 0.147106 0.000084 0.702846 
0.083834 0.009896 0.173713 0.000788 0.731770 
0.104291 0.010090 0.177126 0.000132 0.708361 
0.159699 0.075970 0.041842 0.026347 0.696143 
0.175077 0.076789 0.016773 0.010907 0.720454 
0.064658 0.295731 0.129949 0.455354 0.054309 
0.084402 0.286410 0.183388 0.432922 0.012878 
0.038970 0.264771 0.083825 0.531662 0.080772 
0.080400 0.214352 0.061417 0.627192 0.016638 
0.114584 0.201768 0.027406 0.105774 0.550468 
0.097632 0.056298 0.154161 0.662112 0.029797 
0.043539 0.063946 0.106606 0.752064 0.033845 
0.031605 0.641661 0.104065 0.205666 0.017004 
0.336022 0.026040 0.364518 0.001718 0.271702 
0.004374 0.535046 0.028818 0.361124 0.070639 
0.407899 0.198805 0.187836 0.035182 0.170279 
0.003735 0.491716 0.009975 0.414122 0.080452 
0.000729 0.418078 0.046507 0.311649 0.223037 
0.000973 0.541823 0.062078 0.289541 0.105585 
0.277622 0.186008 0.114163 0.160554 0.261653 
0.581436 0.329813 0.069231 0.000013 0.019507 
0.218589 0.165468 0.045344 0.291278 0.279321 
0.008821 0.035688 0.010670 0.440299 0.504522 
0.482855 0.479921 0.027886 0.008006 0.001332 
0.025398 0.227376 0.005390 0.545385 0.196451 
0.041886 0.136912 0.658224 0.096179 0.066798 
0.035272 0.108187 0.466173 0.000000 0.390368 
0.000208 0.000185 0.277647 0.543800 0.178159 
0.144651 0.342121 0.002091 0.034663 0.476473 
0.001470 0.002931 0.216685 0.000774 0.778140 
0.121669 0.294453 0.005907 0.053556 0.524415 
0.029789 0.228901 0.010703 0.028745 0.701862 
0.000321 0.136313 0.147925 0.047222 0.668219 
0.006388 0.173537 0.087141 0.016946 0.715989 
0.040087 0.104391 0.156409 0.000320 0.698793 
0.008313 0.243063 0.000269 0.003073 0.745283 
0.259767 0.012959 0.410167 0.008553 0.308554 
0.051500 0.200819 0.008893 0.080630 0.658159 
0.000335 0.025087 0.182486 0.555314 0.236778 
0.002489 0.026546 0.169905 0.606352 0.194708 
0.015574 0.000948 0.304082 0.552255 0.127143 
0.005505 0.111544 0.397456 0.453241 0.032256 
0.006803 0.072685 0.427353 0.486738 0.006420 
0.001400 0.010637 0.019379 0.337681 0.630903 
0.044925 0.166539 0.770391 0.012705 0.005440 
0.001702 0.212893 0.756550 0.000052 0.028803 
0.018838 0.002398 0.254858 0.722954 0.000952 
0.060196 0.172425 0.703251 0.022184 0.041943 
0.094614 0.356700 0.498600 0.049241 0.000845 
0.034134 0.246567 0.579015 0.048333 0.091951 
0.099349 0.127885 0.555609 0.110289 0.106869 
0.005172 0.024310 0.299115 0.667262 0.004141 
0.000851 0.196592 0.262150 0.390406 0.150000 
0.046324 0.153578 0.692414 0.034047 0.073637 
0.007646 0.096861 0.754968 0.006389 0.134136 
0.097686 0.020561 0.528452 0.158423 0.194877 
0.065087 0.096769 0.604857 0.075970 0.157317 
0.033103 0.187842 0.441112 0.134684 0.203259 
0.017399 0.003229 0.443814 0.008835 0.526723 
0.039679 0.028727 0.543356 0.082227 0.306012 
0.002477 0.040065 0.327096 0.000356 0.630005 
0.017824 0.006028 0.347330 0.165948 0.462870 
0.003628 0.025031 0.428908 0.106317 0.436117 
0.001463 0.050173 0.515756 0.080695 0.351913 
0.044083 0.050505 0.202576 0.041554 0.661282 
0.064086 0.088747 0.314920 0.391357 0.140890 
0.103502 0.040327 0.175715 0.115143 0.565313 
0.000027 0.002319 0.048490 0.693876 0.255289 
0.208457 0.426093 0.000681 0.316020 0.048749 
0.027199 0.026234 0.198914 0.707664 0.039989 
0.068457 0.582656 0.005169 0.235363 0.108354 
0.019064 0.112546 0.000008 0.854045 0.014338 
0.043313 0.164252 0.015449 0.760520 0.016466 
0.192024 0.016200 0.001301 0.539793 0.250682 
0.018126 0.109649 0.007968 0.841049 0.023207 
0.037573 0.100061 0.000001 0.015240 0.847125 
0.152410 0.092535 0.017762 0.008924 0.728370 
0.137988 0.083606 0.006073 0.014446 0.757887 
0.140220 0.054155 0.038809 0.004170 0.762646 
0.275323 0.335115 0.015901 0.255124 0.118537 
0.010733 0.414411 0.241011 0.050850 0.282995 
0.044475 0.127309 0.028315 0.367284 0.432617 
0.180511 0.096918 0.002046 0.306087 0.414438 
0.042626 0.084942 0.035869 0.318498 0.518065 
0.045868 0.047608 0.015247 0.270722 0.620555 
0.024740 0.019756 0.667368 0.169068 0.119067 
0.056087 0.015988 0.070573 0.268894 0.588459 
0.078887 0.226392 0.050010 0.103450 0.541261 
0.019502 0.189406 0.149441 0.270803 0.370848 
0.131650 0.168419 0.350340 0.341235 0.008355 
0.093436 0.042001 0.184577 0.677077 0.002908 
0.299572 0.002431 0.146968 0.000771 0.550257 
0.094814 0.102824 0.095542 0.020744 0.686077 
0.062674 0.007688 0.097326 0.826410 0.005902 
0.141058 0.007289 0.061366 0.400843 0.389444 
0.052102 0.004380 0.167890 0.485869 0.289758 
0.000192 0.761097 0.021626 0.117927 0.099158 
0.468289 0.134105 0.288586 0.056707 0.052313 
0.118414 0.606104 0.076362 0.063428 0.135692 
0.048486 0.621221 0.139315 0.046229 0.144749 
0.167084 0.665967 0.028727 0.047160 0.091062 
0.055251 0.658071 0.035053 0.251565 0.000060 
0.001294 0.359775 0.248532 0.390297 0.000102 
0.010427 0.752243 0.032912 0.184802 0.019616 
0.407884 0.060311 0.018934 0.037784 0.475087 
0.647560 0.085165 0.008615 0.160047 0.098613 
0.121478 0.660320 0.113346 0.041005 0.063851 
0.095481 0.814076 0.068647 0.020401 0.001395 
0.565862 0.241706 0.023963 0.077308 0.091161 
0.867568 0.004770 0.066694 0.026476 0.034492 
0.532052 0.334814 0.032559 0.053303 0.047273 
0.027006 0.826621 0.060927 0.003083 0.082363 
0.039010 0.730702 0.149344 0.021311 0.059633 
0.000349 0.777102 0.028915 0.059666 0.133969 
0.679312 0.132766 0.040662 0.122185 0.025075 
0.671427 0.181183 0.017836 0.106505 0.023049 
0.641193 0.000034 0.278286 0.055830 0.024657 
0.028639 0.119850 0.153310 0.655969 0.042232 
0.233558 0.192637 0.007675 0.543417 0.022713 
0.005406 0.566057 0.164333 0.170020 0.094185 
0.047860 0.601560 0.122371 0.181578 0.046630 
0.077059 0.545298 0.084483 0.292359 0.000800 
0.011500 0.560682 0.101073 0.079093 0.247652 
0.004018 0.407213 0.042563 0.089767 0.456438 
0.124494 0.004149 0.072813 0.139144 0.659400 
0.008464 0.761475 0.118549 0.111414 0.000098 
0.504315 0.378668 0.000103 0.034287 0.082627 
0.000390 0.275042 0.589525 0.111610 0.023433 
0.000448 0.126285 0.785912 0.025594 0.061760 
0.374515 0.010073 0.123285 0.132014 0.360114 
0.238122 0.170332 0.470205 0.053224 0.068116 
0.171288 0.256130 0.239866 0.007787 0.324929 
0.097217 0.010251 0.740566 0.036916 0.115051 
0.033911 0.015002 0.527209 0.267024 0.156855 
0.010737 0.030394 0.354538 0.478116 0.126215 
0.075267 0.889426 0.005558 0.000444 0.029306 
0.007431 0.000280 0.551197 0.050101 0.390991 
0.034589 0.610917 0.226782 0.090089 0.037623 
0.005861 0.565588 0.018445 0.253268 0.156838 
0.423940 0.551899 0.008368 0.006558 0.009235 
0.096195 0.569959 0.274500 0.055970 0.003375 
0.141818 0.511904 0.034464 0.075964 0.235849 
0.404710 0.006646 0.008396 0.031381 0.548867 
0.048032 0.361203 0.001414 0.046558 0.542793 
0.577623 0.149378 0.007873 0.111439 0.153687 
0.211872 0.418075 0.170565 0.058068 0.141419 
0.478084 0.467726 0.043209 0.007709 0.003272 
0.511876 0.102378 0.022563 0.195063 0.168119 
0.058427 0.329659 0.072464 0.003571 0.535879 
0.012022 0.096341 0.260276 0.367285 0.264077 
0.132138 0.004264 0.114798 0.103030 0.645770 
0.088310 0.000250 0.613049 0.220060 0.078330 
0.498946 0.063719 0.324335 0.038062 0.074937 
0.488263 0.061175 0.341267 0.044109 0.065187 
0.661690 0.040448 0.194859 0.002111 0.100892 
0.362107 0.072820 0.485898 0.075797 0.003378 
0.000366 0.645795 0.243986 0.013471 0.096382 
0.500984 0.444422 0.017889 0.019820 0.016884 
0.313593 0.447190 0.087178 0.000026 0.152013 
0.637011 0.097550 0.003368 0.037271 0.224801 
0.150790 0.004082 0.128333 0.098626 0.618169 
0.020965 0.454404 0.009786 0.048983 0.465862 
0.057118 0.000273 0.670426 0.186521 0.085661 
0.018677 0.083300 0.512339 0.000012 0.385672 
0.700329 0.025062 0.169418 0.000008 0.105183 
0.000000 0.659992 0.010797 0.214510 0.114701 
0.442334 0.092138 0.372758 0.058148 0.034622 
0.263683 0.033574 0.627411 0.013029 0.062303 
0.245132 0.016284 0.642372 0.022272 0.073940 
0.118294 0.008890 0.642281 0.130753 0.099782 
0.246965 0.358624 0.158015 0.000011 0.236385 
0.346198 0.284172 0.234513 0.033710 0.101406 
0.721385 0.086357 0.001430 0.000020 0.190808 
0.241366 0.560054 0.000985 0.129286 0.068308 
0.007969 0.113403 0.770686 0.032261 0.075682 
0.321918 0.573187 0.029318 0.002599 0.072978 
0.278686 0.680739 0.028994 0.009755 0.001827 
0.098782 0.168992 0.397618 0.004241 0.330368 
0.349570 0.259516 0.247656 0.135460 0.007799 
0.023484 0.726260 0.121306 0.126438 0.002511 
0.001715 0.626377 0.055403 0.032239 0.284266 
0.004171 0.075506 0.878526 0.022297 0.019500 
0.012707 0.686761 0.177201 0.067124 0.056207 
0.021100 0.531545 0.403773 0.041411 0.002171 
0.037603 0.643625 0.300797 0.009676 0.008300 
0.774959 0.027848 0.040178 0.155834 0.001181 
0.384589 0.236417 0.013746 0.038855 0.326393 
0.925266 0.034549 0.032249 0.000458 0.007478 
0.378378 0.493324 0.018869 0.025752 0.083677 
0.037019 0.424857 0.051291 0.302592 0.184241 
0.031086 0.758396 0.083680 0.030387 0.096451 
0.004999 0.467545 0.292811 0.077317 0.157328 
0.000068 0.338777 0.604763 0.030775 0.025617 
0.013141 0.442844 0.108579 0.006711 0.428725 
0.282075 0.017442 0.015151 0.058332 0.627000 
0.012068 0.514858 0.053108 0.056823 0.363144 
0.098446 0.003281 0.098589 0.110031 0.689653 
0.147990 0.003983 0.081448 0.133574 0.633005 
0.119041 0.521866 0.066896 0.063763 0.228434 
0.207407 0.008619 0.617182 0.097550 0.069242 
0.027163 0.633541 0.005135 0.103411 0.230751 
0.013751 0.525469 0.216998 0.059887 0.183896 
0.002912 0.482746 0.005695 0.054801 0.453847 
0.215363 0.016563 0.528376 0.180640 0.059058 
0.492771 0.033970 0.383012 0.020961 0.069285 
0.086646 0.000053 0.660179 0.185722 0.067400 
0.520515 0.265115 0.136781 0.047469 0.030119 
0.438977 0.365519 0.132347 0.016623 0.046534 
0.317677 0.065492 0.561980 0.014985 0.039866 
0.005509 0.016571 0.815784 0.006112 0.156025 
0.093174 0.029679 0.093200 0.098732 0.685215 
0.025420 0.533231 0.008590 0.170028 0.262732 
0.118343 0.795885 0.004973 0.033267 0.047532 
0.037163 0.010121 0.483332 0.343905 0.125479 
0.058802 0.540986 0.276992 0.043862 0.079358 
0.013646 0.614834 0.254021 0.117316 0.000183 
0.039477 0.482243 0.388854 0.087738 0.001688 
0.015403 0.395816 0.284608 0.048801 0.255372 
0.002181 0.679629 0.077662 0.000092 0.240435 
0.127763 0.133849 0.018828 0.714206 0.005353 
0.018560 0.085014 0.401844 0.086870 0.407711 
0.047593 0.350403 0.012661 0.192267 0.397076 
0.719610 0.053692 0.000044 0.045683 0.180971 
0.372911 0.486408 0.001828 0.036955 0.101899 
0.370869 0.001339 0.612731 0.001153 0.013908 
0.543436 0.311113 0.069978 0.059963 0.015511 
0.041746 0.186857 0.363910 0.000312 0.407175 
0.026033 0.266887 0.436196 0.240943 0.029941 
0.118207 0.007825 0.031697 0.152490 0.689781 
0.138422 0.486387 0.364139 0.000956 0.010095 
0.003045 0.420711 0.052610 0.464747 0.058888 
0.183353 0.405376 0.026860 0.076892 0.307519 
0.085790 0.698882 0.088840 0.066032 0.060455 
0.005063 0.556170 0.278555 0.027746 0.132465 
0.363613 0.508317 0.000981 0.125157 0.001932 
0.106050 0.040788 0.222100 0.096019 0.535043 
0.257408 0.138642 0.058229 0.057061 0.488660 
0.002871 0.023927 0.166695 0.672199 0.134307 
0.006751 0.651539 0.148544 0.169828 0.023338 
0.205771 0.033015 0.399991 0.046897 0.314326 
0.245104 0.521560 0.016196 0.003774 0.213367 
0.003928 0.035449 0.717166 0.052784 0.190673 
0.001028 0.164092 0.017595 0.805489 0.011797 
0.008837 0.102242 0.459019 0.404337 0.025565 
0.154039 0.405759 0.170043 0.213036 0.057123 
0.000146 0.795554 0.065357 0.056150 0.082793 
0.359223 0.024879 0.017632 0.498700 0.099565 
0.047164 0.043660 0.144440 0.004262 0.760473 
0.088407 0.660053 0.001140 0.131654 0.118746 
0.075798 0.584599 0.001475 0.262315 0.075813 
0.206009 0.510183 0.014137 0.209585 0.060086 
0.173722 0.499820 0.003915 0.291114 0.031430 
0.039442 0.615319 0.108847 0.124710 0.111682 
0.436919 0.022870 0.061410 0.225732 0.253069 
0.008786 0.104836 0.694975 0.020872 0.170531 
0.202468 0.340134 0.023033 0.431343 0.003022 
0.035127 0.434038 0.001156 0.486467 0.043212 
0.335866 0.321105 0.325310 0.015011 0.002709 
0.081817 0.440838 0.282749 0.003196 0.191401 
0.715482 0.078158 0.046678 0.147460 0.012223 
0.382684 0.291513 0.001609 0.293289 0.030905 
0.055745 0.195318 0.032061 0.258206 0.458669 
0.377260 0.355509 0.001784 0.009606 0.255841 
0.154983 0.232809 0.002110 0.608969 0.001129 
0.017095 0.542239 0.171305 0.213861 0.055499 
0.667779 0.135431 0.001329 0.000261 0.195200 
0.149870 0.671800 0.007990 0.035056 0.135284 
0.075239 0.026428 0.015918 0.094775 0.787641 
0.369850 0.018584 0.148635 0.098085 0.364845 
0.202362 0.093916 0.305646 0.000008 0.398068 
0.115081 0.025892 0.455669 0.126600 0.276759 
0.145020 0.569769 0.254987 0.000756 0.029468 
0.361240 0.380117 0.204187 0.016827 0.037630 
0.021717 0.076961 0.533885 0.006034 0.361403 
0.217560 0.176283 0.479409 0.002254 0.124494 
0.650661 0.199131 0.013921 0.103176 0.033111 
0.636118 0.152335 0.038123 0.139126 0.034299 
0.227848 0.049537 0.090450 0.550396 0.081769 
0.026873 0.000444 0.191256 0.084410 0.697017 
0.157826 0.438599 0.031896 0.011908 0.359772 
0.611524 0.062183 0.022118 0.100576 0.203598 
0.074641 0.741291 0.122470 0.049538 0.012059 
0.065850 0.043613 0.000989 0.888168 0.001380 
0.053437 0.286647 0.339590 0.319890 0.000436 
0.105658 0.016070 0.141106 0.678684 0.058482 
0.206143 0.535943 0.015833 0.105951 0.136130 
0.251195 0.649046 0.000068 0.097190 0.002500 
0.056517 0.782008 0.020985 0.039519 0.100971 
0.472519 0.152523 0.062168 0.000226 0.312564 
0.462801 0.259978 0.173588 0.102681 0.000953 
0.159095 0.016119 0.296022 0.097662 0.431102 
0.032876 0.731062 0.046630 0.004353 0.185079 
0.043471 0.648311 0.006981 0.044152 0.257085 
0.110274 0.008130 0.004456 0.136364 0.740776 
0.004114 0.009347 0.049459 0.030524 0.906557 
0.036538 0.047184 0.131981 0.780267 0.004030 
0.027777 0.000041 0.382063 0.580138 0.009980 
0.022731 0.053666 0.307375 0.521945 0.094283 
0.079692 0.269535 0.543356 0.024030 0.083387 
0.765484 0.016893 0.028365 0.185460 0.003797 
0.002420 0.133725 0.092546 0.547520 0.223789 
0.692081 0.011715 0.075552 0.000628 0.220024 
0.617808 0.162281 0.031708 0.140518 0.047684 
0.626685 0.117873 0.054161 0.171100 0.030182 
0.008873 0.051420 0.388985 0.110931 0.439792 
0.055570 0.128870 0.082857 0.729086 0.003617 
0.019146 0.590487 0.383849 0.002046 0.004472 
0.171424 0.096068 0.027272 0.686215 0.019021 
0.363064 0.280487 0.136178 0.202289 0.017982 
0.337438 0.230035 0.098476 0.307341 0.026711 
0.135449 0.242239 0.027837 0.521644 0.072830 
0.445860 0.425106 0.003071 0.015146 0.110817 
0.231564 0.138752 0.000578 0.597355 0.031751 
0.302165 0.040416 0.076393 0.353788 0.227238 
0.491658 0.202784 0.128245 0.173716 0.003597 
0.000999 0.241856 0.003064 0.317930 0.436151 
0.196501 0.155909 0.359846 0.239913 0.047831 
0.019595 0.086909 0.485614 0.397769 0.010113 
0.253256 0.038858 0.063671 0.081198 0.563018 
0.797834 0.033861 0.117019 0.050571 0.000715 
0.005683 0.021273 0.001266 0.860999 0.110779 
0.037432 0.046353 0.170055 0.646552 0.099607 
0.125639 0.327285 0.278170 0.189001 0.079905 
0.032053 0.201877 0.220484 0.369804 0.175782 
0.077331 0.422742 0.476582 0.000774 0.022572 
0.024629 0.514520 0.454413 0.004179 0.002258 
0.256890 0.176838 0.032853 0.153478 0.379940 
0.104524 0.066359 0.068474 0.262554 0.498089 
0.193405 0.549891 0.000008 0.226412 0.030285 
0.291624 0.228875 0.011000 0.013138 0.455363 
0.381904 0.061275 0.101246 0.007671 0.447904 
0.272551 0.068145 0.411928 0.019307 0.228070 
0.154148 0.038541 0.538726 0.066040 0.202545 
0.524497 0.183537 0.157356 0.134424 0.000186 
0.039347 0.069172 0.628878 0.243715 0.018888 
0.006523 0.740024 0.240582 0.007206 0.005665 
0.056045 0.000062 0.770344 0.081316 0.092232 
0.130354 0.098222 0.572791 0.000781 0.197851 
0.000002 0.255630 0.229143 0.045162 0.470064 
0.584390 0.060607 0.084090 0.265649 0.005265 
0.131877 0.059223 0.128625 0.554052 0.126223 
0.058238 0.022866 0.154462 0.622870 0.141564 
0.016018 0.408997 0.008771 0.563987 0.002227 
0.263274 0.057119 0.338005 0.167088 0.174513 
0.004150 0.139405 0.092669 0.758456 0.005320 
0.000072 0.117942 0.190337 0.652603 0.039046 
0.000003 0.026622 0.000003 0.065727 0.907645 
0.136687 0.480394 0.369437 0.005434 0.008048 
0.064700 0.111892 0.138830 0.640231 0.044346 
0.060054 0.196427 0.469103 0.016494 0.257921 
0.097173 0.323069 0.570947 0.004225 0.004586 
0.309806 0.030241 0.149605 0.462099 0.048249 
0.041318 0.278646 0.246148 0.433775 0.000113 
0.015665 0.069752 0.003091 0.830851 0.080641 
0.044646 0.013882 0.424909 0.079756 0.436807 
0.109386 0.087436 0.141946 0.586089 0.075143 
0.024103 0.071558 0.170681 0.653207 0.080450 
0.159641 0.082439 0.487836 0.101668 0.168416 
0.066316 0.011298 0.404128 0.503723 0.014536 
0.000008 0.055989 0.590901 0.194652 0.158450 
0.258536 0.115891 0.270021 0.074018 0.281535 
0.357179 0.066442 0.186541 0.046065 0.343773 
0.545623 0.036400 0.340155 0.077334 0.000489 
0.050000 0.231470 0.004428 0.589911 0.124191 
0.015081 0.008251 0.319745 0.522754 0.134169 
0.067185 0.462676 0.420871 0.001401 0.047868 
0.464278 0.020503 0.153922 0.175867 0.185430 
0.407698 0.002974 0.143888 0.347337 0.098103 
0.036221 0.725496 0.223357 0.008206 0.006720 
0.222224 0.247397 0.484053 0.019365 0.026961 
0.261174 0.008092 0.717056 0.002835 0.010843 
0.174015 0.035762 0.053886 0.735153 0.001184 
0.573619 0.012852 0.083100 0.101329 0.229100 
0.345692 0.003022 0.076673 0.574498 0.000115 
0.668244 0.085415 0.105426 0.136816 0.004099 
0.054748 0.000705 0.002924 0.289810 0.651814 
0.018344 0.400866 0.132386 0.223972 0.224432 
0.144914 0.410227 0.098471 0.012089 0.334299 
0.192844 0.607954 0.015810 0.003101 0.180290 
0.000749 0.103686 0.016570 0.260197 0.618798 
0.020065 0.322164 0.028256 0.135574 0.493941 
0.122757 0.002569 0.008459 0.848905 0.017310 
0.362412 0.001646 0.000281 0.526268 0.109393 
0.127400 0.190503 0.206568 0.043043 0.432486 
0.079425 0.318234 0.070036 0.023972 0.508332 
0.206152 0.000003 0.008787 0.668776 0.116281 
0.089015 0.062770 0.100379 0.531867 0.215969 
0.187835 0.002414 0.086972 0.378240 0.344540 
0.072809 0.000886 0.342084 0.001714 0.582507 
0.199624 0.002190 0.018912 0.723749 0.055525 
0.527781 0.029654 0.041475 0.375991 0.025100 
0.573950 0.034936 0.048863 0.340543 0.001707 
0.001691 0.021918 0.583660 0.018266 0.374466 
0.157827 0.023668 0.173514 0.459310 0.185681 
0.092079 0.066147 0.079751 0.468621 0.293402 
0.081580 0.281012 0.202550 0.407855 0.027002 
0.273321 0.015710 0.439430 0.270609 0.000931 
0.656401 0.092664 0.000026 0.184003 0.066906 
0.304446 0.056197 0.446415 0.156509 0.036433 
0.196845 0.134931 0.310933 0.273074 0.084217 
0.224155 0.156628 0.210979 0.162136 0.246102 
0.184444 0.048084 0.018919 0.000505 0.748048 
0.008366 0.290936 0.117938 0.338256 0.244503 
0.003755 0.361766 0.388298 0.212494 0.033687 
0.066791 0.418163 0.227350 0.175510 0.112186 
0.000966 0.069662 0.002308 0.418264 0.508800 
0.016976 0.062842 0.010377 0.480551 0.429253 
0.349799 0.065988 0.325200 0.108363 0.150650 
0.378170 0.000125 0.006955 0.281915 0.332834 
0.800190 0.040116 0.058013 0.094663 0.007018 
0.008780 0.355855 0.018507 0.042665 0.574192 
0.753618 0.001668 0.123671 0.090054 0.030990 
0.883346 0.000045 0.002560 0.112029 0.002020 
0.001174 0.465438 0.016980 0.116100 0.400308 
0.000744 0.118009 0.056856 0.322044 0.502347 
0.002404 0.000769 0.077790 0.155003 0.764034 
0.089386 0.132864 0.260822 0.512931 0.003997 
0.039740 0.125169 0.015005 0.057195 0.762891 
0.025718 0.000118 0.007682 0.207676 0.758806 
0.044992 0.090299 0.199881 0.044301 0.620526 
0.025538 0.064314 0.038406 0.062018 0.809724 
0.687606 0.221759 0.008470 0.012576 0.069589 
0.757591 0.026444 0.138009 0.059764 0.018192 
0.601398 0.000642 0.365270 0.000106 0.032584 
0.375654 0.028346 0.038785 0.303303 0.253912 
0.501679 0.075197 0.029142 0.145962 0.248021 
0.640812 0.199108 0.000336 0.035383 0.124361 
0.641287 0.039521 0.232490 0.079934 0.006767 
0.005459 0.088251 0.027517 0.136539 0.742233 
0.005584 0.143730 0.010770 0.008863 0.831054 
0.070798 0.577886 0.057019 0.048367 0.245930 
0.351994 0.019549 0.008425 0.053407 0.566624 
0.196087 0.000019 0.304245 0.479039 0.020610 
0.003285 0.543795 0.246482 0.031827 0.174611 
0.056242 0.022010 0.161140 0.657112 0.103496 
0.006573 0.242470 0.365669 0.382423 0.002865 
0.038027 0.012904 0.479310 0.303616 0.166142 
0.009526 0.282069 0.326609 0.041040 0.340756 
0.014094 0.157889 0.317085 0.190824 0.320107 
0.141733 0.080562 0.596016 0.130260 0.051429 
0.343479 0.025379 0.458863 0.170185 0.002095 
0.000421 0.000739 0.593636 0.114452 0.290752 
0.000162 0.008413 0.981598 0.001553 0.008273 
0.000862 0.130740 0.204551 0.609554 0.054293 
0.015060 0.046867 0.385686 0.141902 0.410485 
0.000951 0.016197 0.458500 0.522764 0.001587 
0.252120 0.165612 0.052216 0.529169 0.000883 
0.012542 0.371385 0.430028 0.016275 0.169770 
0.001892 0.029511 0.466326 0.313348 0.188921 
0.000770 0.021168 0.509931 0.423173 0.044958 
0.238107 0.456539 0.283258 0.022095 0.000001 
0.005651 0.418430 0.267065 0.247137 0.061716 
0.052770 0.006902 0.176339 0.158787 0.605201 
0.044605 0.337297 0.219685 0.385042 0.013371 
0.232657 0.390306 0.114451 0.237126 0.025461 
0.000348 0.348686 0.388541 0.001134 0.261291 
0.202297 0.505285 0.111483 0.160467 0.020468 
0.310890 0.375304 0.170477 0.132630 0.010700 
0.092676 0.696125 0.194106 0.016745 0.000348 
0.001100 0.195676 0.366197 0.435753 0.001274 
0.019098 0.053056 0.240035 0.686269 0.001543 
0.063754 0.610994 0.018684 0.256647 0.049921 
0.061273 0.311372 0.009522 0.489162 0.128672 
0.070877 0.004835 0.202192 0.587000 0.135096 
0.000255 0.861858 0.075046 0.045662 0.017179 
0.100352 0.613871 0.041582 0.214841 0.029354 
0.006287 0.064718 0.290666 0.516263 0.122067 
0.006501 0.110400 0.226183 0.621282 0.035634 
0.002851 0.173145 0.339936 0.483220 0.000847 
0.075074 0.494779 0.427387 0.002257 0.000504 
0.008406 0.308133 0.381791 0.300151 0.001520 
0.025160 0.000441 0.151282 0.327776 0.495340 
0.008566 0.002353 0.167262 0.234225 0.587594 
0.057545 0.000550 0.001570 0.934849 0.005487 
0.019615 0.094927 0.105287 0.767958 0.012213 
0.450672 0.004877 0.149763 0.007039 0.387649 
0.086690 0.098837 0.155205 0.110570 0.548698 
0.129496 0.017117 0.053549 0.166460 0.633377 
0.001964 0.570616 0.252114 0.166051 0.009255 
0.234559 0.103991 0.002040 0.657469 0.001941 
0.035036 0.315355 0.288102 0.009623 0.351885 
0.000064 0.049815 0.008558 0.018089 0.923473 
0.013560 0.000623 0.017016 0.131052 0.837748 
0.029920 0.076270 0.065545 0.045612 0.782652 
0.216414 0.056383 0.001106 0.663597 0.062500 
0.007300 0.371914 0.177009 0.431030 0.012746 
0.530361 0.156191 0.006497 0.248446 0.058504 
0.515846 0.078148 0.053510 0.211284 0.141212 
0.783598 0.146439 0.009221 0.055564 0.005177 
0.377583 0.101825 0.030831 0.396246 0.093515 
0.339549 0.043049 0.081468 0.240342 0.295593 
0.149448 0.004254 0.561079 0.056327 0.228891 
0.173878 0.000009 0.676292 0.011498 0.138323 
0.728287 0.027194 0.105543 0.041686 0.097291 
0.070883 0.534351 0.119997 0.268927 0.005842 
0.004793 0.014148 0.001625 0.975317 0.004117 
0.157750 0.066898 0.335895 0.192133 0.247324 
0.027167 0.172467 0.110071 0.000308 0.689988 
0.051361 0.149314 0.346141 0.023619 0.429565 
0.186173 0.372244 0.061482 0.336878 0.043224 
0.014651 0.304586 0.548759 0.129188 0.002816 
0.132226 0.816116 0.032790 0.004512 0.014356 
0.110784 0.752958 0.046720 0.017196 0.072342 
0.049584 0.043107 0.597233 0.012559 0.297517 
0.027678 0.609743 0.001890 0.331377 0.029313 
0.082601 0.661026 0.017521 0.237385 0.001467 
0.144700 0.005146 0.537033 0.011138 0.301983 
0.065047 0.540531 0.001691 0.378389 0.014342 
0.003463 0.412045 0.050321 0.227099 0.307072 
0.144821 0.240251 0.324021 0.000067 0.290840 
0.003350 0.305874 0.125467 0.351550 0.213759 
0.217454 0.201996 0.219301 0.003427 0.357822 
0.002133 0.176272 0.210203 0.437098 0.174294 
0.003967 0.337570 0.064141 0.473209 0.121113 
0.003599 0.143217 0.087077 0.737659 0.028448 
0.590111 0.035348 0.301179 0.026267 0.047095 
0.006248 0.006934 0.244514 0.113177 0.629126 
0.027229 0.510760 0.200437 0.241264 0.020311 
0.035077 0.717031 0.128120 0.025282 0.094490 
0.007680 0.668590 0.053840 0.156594 0.113297 
0.017469 0.712828 0.074544 0.102319 0.092840 
0.018528 0.897442 0.032650 0.028416 0.022965 
0.004963 0.126235 0.378864 0.388850 0.101088 
0.019985 0.032355 0.068643 0.874991 0.004026 
0.142467 0.080678 0.011855 0.735220 0.029780 
0.515741 0.161633 0.059576 0.204698 0.058352 
0.609187 0.239853 0.001715 0.078767 0.070478 
0.569597 0.004937 0.308274 0.050925 0.066267 
0.443114 0.217217 0.012966 0.189119 0.137585 
0.390169 0.287214 0.003219 0.145249 0.174149 
0.477404 0.269763 0.012916 0.134961 0.104956 
0.095724 0.005188 0.082982 0.752797 0.063310 
0.024670 0.002915 0.047209 0.772857 0.152349 
0.007611 0.089808 0.021965 0.734303 0.146314 
0.110126 0.338426 0.000031 0.314052 0.237364 
0.169788 0.001440 0.272207 0.428266 0.128299 
0.031858 0.042854 0.043094 0.219484 0.662710 
0.002677 0.140117 0.211405 0.644084 0.001717 
0.004148 0.107852 0.103231 0.723755 0.061014 
0.004038 0.028842 0.074677 0.878018 0.014426 
0.024127 0.092218 0.087952 0.681601 0.114102 
0.448539 0.051774 0.037609 0.430576 0.031502 
0.247528 0.002565 0.001737 0.503178 0.244992 
0.240327 0.006768 0.000993 0.339541 0.412371 
0.637845 0.067386 0.004824 0.246223 0.043722 
0.071681 0.067127 0.063551 0.597486 0.200155 
0.005349 0.180285 0.014741 0.512696 0.286929 
0.073288 0.527787 0.037527 0.232385 0.129013 
0.001131 0.219690 0.037692 0.536743 0.204744 
0.000007 0.305432 0.052228 0.539893 0.102440 
0.054072 0.095618 0.004352 0.396059 0.449899 
0.209069 0.023218 0.003620 0.425786 0.338308 
0.139036 0.000199 0.055538 0.323462 0.481765 
0.068802 0.025997 0.206399 0.697441 0.001361 
0.005295 0.011984 0.000260 0.090768 0.891693 
0.020999 0.031213 0.000833 0.248929 0.698026 
0.086466 0.062355 0.001517 0.334456 0.515205 
0.009541 0.013425 0.090854 0.884445 0.001735 
0.074156 0.010517 0.027144 0.184048 0.704135 
0.019456 0.431935 0.150802 0.373860 0.023948 
0.023177 0.013169 0.182641 0.323444 0.457569 
0.097283 0.004817 0.034014 0.833982 0.029904 
0.031031 0.229939 0.000002 0.462218 0.276811 
0.309514 0.000522 0.008657 0.487718 0.193590 
0.027996 0.220928 0.056034 0.598619 0.096423 
0.067057 0.425288 0.031271 0.469411 0.006973 
0.002942 0.080597 0.056281 0.825865 0.034315 
0.047488 0.050595 0.041576 0.792945 0.067396 
0.033690 0.004441 0.376367 0.293267 0.292235 
0.107800 0.142628 0.002935 0.477344 0.269292 
0.006333 0.118691 0.036040 0.236435 0.602501 
0.018497 0.061175 0.144910 0.357350 0.418067 
0.056403 0.008372 0.010532 0.018316 0.906378 
0.130437 0.031588 0.058933 0.050299 0.728743 
0.016564 0.012526 0.044260 0.044627 0.882022 
0.279079 0.019786 0.011558 0.510965 0.178612 
0.002436 0.016065 0.117824 0.836702 0.026973 
0.001437 0.046278 0.228283 0.685322 0.038682 
0.246186 0.384148 0.002797 0.107699 0.259170 
0.206470 0.268669 0.015053 0.209505 0.300302 
0.217950 0.030324 0.464375 0.037144 0.250208 
0.258188 0.081342 0.011006 0.648033 0.001432 
0.040516 0.258739 0.061867 0.088811 0.550067 
0.030681 0.005616 0.136475 0.589583 0.237645 
0.008084 0.125959 0.518877 0.001124 0.345957 
0.001753 0.006669 0.162079 0.619675 0.209824 
0.000373 0.115482 0.346684 0.001062 0.536399 
0.096896 0.071805 0.514041 0.007502 0.309755 
0.001968 0.178367 0.490459 0.013322 0.315884 
0.020449 0.197290 0.586720 0.000445 0.195096 
0.229301 0.003438 0.236433 0.041767 0.489062 
0.339905 0.012692 0.218685 0.073938 0.354781 
0.000004 0.240661 0.324365 0.027590 0.407380 
0.173656 0.231212 0.004844 0.018929 0.571358 
0.061865 0.416488 0.006728 0.056621 0.458299 
0.001730 0.185932 0.373343 0.020996 0.417998 
0.104700 0.110322 0.000007 0.021883 0.763089 
0.018096 0.093094 0.724347 0.153182 0.011281 
0.048127 0.527640 0.116993 0.289657 0.017583 
0.285638 0.000940 0.439461 0.125595 0.148366 
0.376375 0.231511 0.068279 0.031755 0.292080 
0.217510 0.119757 0.144289 0.069605 0.448839 
0.261424 0.029156 0.040707 0.144941 0.523773 
0.015143 0.463917 0.007960 0.372537 0.140443 
0.389401 0.000475 0.033439 0.574315 0.002370 
0.003553 0.542717 0.108416 0.304385 0.040929 
0.105390 0.199190 0.116462 0.037802 0.541156 
0.001252 0.297599 0.105753 0.119595 0.475800 
0.087467 0.317866 0.212152 0.001637 0.380878 
0.562233 0.015752 0.001497 0.395044 0.025475 
0.040802 0.395540 0.301216 0.260298 0.002144 
0.012450 0.089090 0.756466 0.120066 0.021927 
0.014991 0.637507 0.003338 0.252048 0.092116 
0.051625 0.012724 0.759349 0.157452 0.018851 
0.010059 0.260008 0.137015 0.569362 0.023556 
0.084754 0.322633 0.071537 0.371273 0.149803 
0.000117 0.118194 0.048400 0.753644 0.079646 
0.072124 0.000900 0.656161 0.262063 0.008752 
0.000560 0.052954 0.566165 0.346173 0.034149 
0.033457 0.280298 0.081569 0.521385 0.083291 
0.012015 0.164107 0.026408 0.616457 0.181013 
0.080023 0.267158 0.030907 0.390972 0.230939 
0.028604 0.200608 0.310953 0.433474 0.026361 
0.086136 0.565365 0.265329 0.002442 0.080728 
0.012713 0.019827 0.536806 0.175310 0.255344 
0.012006 0.061704 0.516228 0.248382 0.161680 
0.016338 0.095703 0.176916 0.103155 0.607888 
0.021474 0.602714 0.113224 0.065218 0.197369 
0.011875 0.158980 0.172630 0.221514 0.435001 
0.043489 0.608865 0.186541 0.015309 0.145796 
0.014694 0.217216 0.053459 0.024332 0.690299 
0.032565 0.051040 0.313773 0.387416 0.215206 
0.057296 0.035920 0.341473 0.272646 0.292664 
0.109050 0.001579 0.247006 0.180590 0.461775 
0.037865 0.000168 0.436311 0.088678 0.436977 
0.000192 0.578329 0.071829 0.019229 0.330422 
0.009897 0.459740 0.000481 0.377025 0.152857 
0.292561 0.012556 0.000374 0.581180 0.113328 
0.010878 0.524756 0.020531 0.270519 0.173316 
0.005814 0.414610 0.042069 0.076465 0.461041 
0.001610 0.245693 0.012108 0.225349 0.515240 
0.187515 0.101727 0.007732 0.448331 0.254695 
0.399689 0.014749 0.376854 0.057867 0.150840 
0.016412 0.057763 0.072175 0.514135 0.339516 
0.001401 0.323085 0.028803 0.321719 0.324992 
0.003314 0.086060 0.067642 0.378505 0.464479 
0.001567 0.257472 0.019333 0.260494 0.461134 
0.041255 0.470021 0.199944 0.285432 0.003348 
0.599801 0.174072 0.088189 0.114421 0.023517 
0.561229 0.255534 0.132603 0.047410 0.003223 
0.000345 0.786328 0.192918 0.002860 0.017548 
0.741721 0.152546 0.027427 0.001434 0.076872 
0.398425 0.255107 0.292575 0.029004 0.024889 
0.414960 0.163288 0.219849 0.104625 0.097278 
0.209375 0.224769 0.551828 0.000700 0.013329 
0.601809 0.011416 0.000460 0.326061 0.060254 
0.297643 0.190211 0.377373 0.054771 0.080002 
0.183839 0.077190 0.564354 0.018369 0.156248 
0.000904 0.703060 0.029425 0.071541 0.195070 
0.629725 0.031134 0.035527 0.291696 0.011919 
0.375753 0.113931 0.177456 0.171110 0.161750 
0.261504 0.033628 0.131902 0.254466 0.318500 
0.304032 0.103826 0.273745 0.136267 0.182130 
0.008544 0.001881 0.717662 0.204833 0.067080 
0.014099 0.019713 0.015777 0.941786 0.008625 
0.037827 0.024014 0.859530 0.073637 0.004993 
0.000561 0.125676 0.115808 0.707526 0.050429 
0.367638 0.018194 0.057139 0.328958 0.228071 
0.209240 0.038360 0.257988 0.196080 0.298332 
0.130923 0.013122 0.543612 0.029948 0.282394 
0.455608 0.002882 0.064537 0.431713 0.045261 
0.632856 0.005460 0.065982 0.291817 0.003884 
0.130709 0.000895 0.797309 0.000136 0.070951 
0.159428 0.092049 0.096536 0.007901 0.644086 
0.226030 0.002086 0.105759 0.146230 0.519895 
0.479525 0.099918 0.039432 0.340298 0.040828 
0.174923 0.085894 0.006389 0.613850 0.118944 
0.013043 0.038200 0.170445 0.076655 0.701658 
0.072524 0.123980 0.010046 0.004476 0.788974 
0.035577 0.003661 0.170948 0.073975 0.715840 
0.109429 0.000884 0.003232 0.181729 0.704726 
0.027010 0.283406 0.002554 0.592059 0.094971 
0.001026 0.049546 0.414435 0.489640 0.045353 
0.000007 0.732641 0.042949 0.211544 0.012858 
0.003135 0.742511 0.174039 0.052573 0.027742 
0.007150 0.460371 0.379126 0.152735 0.000619 
0.001060 0.786571 0.034198 0.078399 0.099773 
0.000000 0.675727 0.128996 0.120967 0.074311 
0.000623 0.625759 0.234446 0.122246 0.016926 
0.000006 0.636973 0.074986 0.210613 0.077422 
0.582083 0.000578 0.140232 0.129056 0.148052 
0.000429 0.607341 0.121229 0.033308 0.237693 
0.072078 0.024925 0.001803 0.136632 0.764562 
0.014566 0.274384 0.000685 0.184273 0.526092 
0.009417 0.045205 0.118474 0.807819 0.019085 
0.011326 0.618530 0.145249 0.002074 0.222821 
0.679518 0.082742 0.079595 0.089071 0.069074 
0.401752 0.330632 0.008719 0.203093 0.055804 
0.004932 0.868946 0.009590 0.049220 0.067312 
0.500004 0.123484 0.093162 0.051004 0.232346 
0.390850 0.352269 0.142722 0.000111 0.114048 
0.000005 0.925202 0.001063 0.007233 0.066497 
0.055947 0.736059 0.056869 0.089042 0.062083 
0.431583 0.392329 0.009333 0.059360 0.107395 
0.055256 0.710153 0.057912 0.176679 0.000000 
0.490288 0.246759 0.258806 0.003802 0.000345 
0.201914 0.552781 0.032621 0.178300 0.034385 
0.094800 0.630812 0.113026 0.101222 0.060140 
0.016030 0.690986 0.237268 0.020015 0.035701 
0.532782 0.416496 0.000297 0.030601 0.019823 
0.217683 0.570281 0.008236 0.026917 0.176884 
0.117958 0.657754 0.016781 0.001101 0.206406 
0.078027 0.561188 0.056712 0.001971 0.302102 
0.013049 0.437323 0.145525 0.000156 0.403947 
0.725983 0.160327 0.017205 0.038333 0.058152 
0.142305 0.676005 0.138780 0.001887 0.041022 
0.108257 0.804314 0.019949 0.042578 0.024902 
0.321974 0.612655 0.033777 0.000005 0.031589 
0.880378 0.072559 0.000231 0.043740 0.003093 
0.898229 0.000013 0.011832 0.066977 0.022948 
0.090025 0.740065 0.004993 0.097172 0.067745 
0.305181 0.260455 0.304716 0.032931 0.096718 
0.223201 0.193280 0.540614 0.038917 0.003987 
0.008066 0.000291 0.953105 0.004514 0.034024 
0.760083 0.159655 0.008664 0.016423 0.055175 
0.403604 0.407310 0.000286 0.002003 0.186797 
0.087448 0.675753 0.115036 0.000017 0.121746 
0.696414 0.131890 0.021748 0.110423 0.039525 
0.320312 0.306300 0.006309 0.362166 0.004913 
0.185705 0.388920 0.061960 0.333288 0.030127 
0.030746 0.083742 0.067485 0.796740 0.021287 
0.005521 0.099444 0.345457 0.502123 0.047455 
0.056432 0.097634 0.834888 0.007860 0.003186 
0.011791 0.040491 0.892610 0.028627 0.026480 
0.032351 0.424116 0.206663 0.289405 0.047464 
0.019785 0.259377 0.126389 0.390963 0.203486 
0.111425 0.149397 0.366853 0.359594 0.012730 
0.042863 0.143279 0.709644 0.000537 0.103676 
0.580651 0.139187 0.020679 0.244650 0.014833 
0.254956 0.090220 0.014896 0.580889 0.059040 
0.138828 0.015388 0.575896 0.261235 0.008653 
0.014541 0.419075 0.462750 0.083335 0.020300 
0.141534 0.467699 0.112136 0.248133 0.030498 
0.667224 0.028448 0.197575 0.020648 0.086105 
0.424663 0.066288 0.453394 0.008577 0.047077 
0.265879 0.043311 0.662560 0.016895 0.011355 
0.006701 0.755305 0.202241 0.010092 0.025661 
0.415980 0.371515 0.101508 0.099969 0.011028 
0.080588 0.720230 0.047087 0.016693 0.135402 
0.571616 0.077979 0.090204 0.259713 0.000488 
0.596930 0.296688 0.004239 0.006663 0.095479 
0.071884 0.023606 0.865226 0.008398 0.030886 
0.141258 0.072549 0.091205 0.692733 0.002255 
0.588262 0.228810 0.005320 0.158949 0.018659 
0.411293 0.125644 0.349798 0.023361 0.089903 
0.005650 0.053197 0.452705 0.440248 0.048199 
0.004796 0.001256 0.791179 0.202405 0.000363 
0.382658 0.276021 0.016256 0.304110 0.020955 
0.170437 0.285253 0.233954 0.302761 0.007594 
0.022153 0.017732 0.859563 0.072309 0.028242 
0.002191 0.013513 0.928063 0.040248 0.015986 
0.101782 0.022162 0.106174 0.769771 0.000111 
0.002580 0.197650 0.203962 0.592418 0.003391 
0.001396 0.488523 0.205407 0.297573 0.007100 
0.302194 0.069804 0.410620 0.178272 0.039110 
0.015435 0.144460 0.790777 0.045221 0.004107 
0.018459 0.025198 0.730237 0.204968 0.021138 
0.052353 0.112754 0.062444 0.737223 0.035225 
0.182311 0.341087 0.025137 0.446137 0.005328 
0.186423 0.220922 0.303775 0.286699 0.002182 
0.045438 0.511232 0.255689 0.180562 0.007079 
0.002740 0.002088 0.000005 0.870337 0.124830 
0.028828 0.324341 0.199216 0.298477 0.149138 
0.084770 0.244956 0.224044 0.367869 0.078361 
0.235566 0.188092 0.043505 0.513624 0.019214 
0.035879 0.388458 0.017811 0.200469 0.357383 
0.081047 0.700782 0.025911 0.154972 0.037288 
0.101866 0.029473 0.603812 0.264481 0.000368 
0.075229 0.548341 0.286107 0.018900 0.071423 
0.008607 0.080598 0.538538 0.298278 0.073979 
0.169927 0.000091 0.351818 0.416322 0.061843 
0.194675 0.094519 0.052345 0.617995 0.040467 
0.003919 0.004053 0.436555 0.554763 0.000709 
0.076988 0.035645 0.040079 0.088758 0.758531 
0.000220 0.031877 0.296795 0.300035 0.371073 
0.439021 0.053842 0.013831 0.191898 0.301408 
0.699263 0.005320 0.132511 0.014521 0.148385 
0.890817 0.004773 0.046374 0.055753 0.002282 
0.146896 0.005206 0.298250 0.048793 0.500856 
0.581099 0.348236 0.042795 0.000183 0.027687 
0.201015 0.516337 0.006632 0.108071 0.167944 
0.385356 0.493357 0.056775 0.061681 0.002832 
0.089203 0.644418 0.029043 0.056509 0.180827 
0.009240 0.716997 0.223060 0.005004 0.045699 
0.383147 0.433200 0.015912 0.153809 0.013932 
0.124531 0.616482 0.021358 0.090373 0.147256 
0.005147 0.874384 0.085151 0.023870 0.011448 
0.260376 0.086476 0.641802 0.006456 0.004890 
0.203333 0.137555 0.627552 0.026993 0.004566 
0.410619 0.142295 0.332757 0.021802 0.092526 
0.587478 0.069556 0.166126 0.018180 0.158660 
0.003024 0.779446 0.016351 0.000004 0.201175 
0.001244 0.815402 0.126301 0.030013 0.027040 
0.256189 0.439224 0.245856 0.018881 0.039850 
0.393830 0.179423 0.212647 0.035681 0.178420 
0.474817 0.149842 0.000084 0.000903 0.374354 
0.178193 0.412500 0.161920 0.239678 0.007710 
0.154364 0.000712 0.666665 0.006561 0.171697 
0.025838 0.001431 0.654115 0.289417 0.029198 
0.290465 0.149371 0.017958 0.495416 0.046790 
0.154743 0.028131 0.000004 0.714626 0.102497 
0.440687 0.117145 0.008204 0.433811 0.000153 
0.302651 0.208953 0.007634 0.003210 0.477552 
0.654872 0.186188 0.000774 0.157974 0.000192 
0.105442 0.330066 0.176754 0.323721 0.064017 
0.005969 0.445709 0.330146 0.161212 0.056965 
0.017128 0.279018 0.612970 0.014617 0.076267 
0.026604 0.282990 0.490853 0.018373 0.181180 
0.117886 0.022387 0.070306 0.671497 0.117924 
0.228219 0.022689 0.668736 0.025586 0.054770 
0.785782 0.058013 0.003498 0.124853 0.027855 
0.096858 0.013115 0.018942 0.762514 0.108571 
0.046455 0.872779 0.050410 0.026581 0.003776 
0.232442 0.061313 0.693258 0.011535 0.001451 
0.065630 0.850390 0.004190 0.001852 0.077939 
0.128832 0.000023 0.357288 0.375066 0.138791 
0.348157 0.088834 0.129093 0.285604 0.148312 
0.007853 0.000672 0.489720 0.113219 0.388535 
0.157759 0.482725 0.080981 0.211388 0.067146 
0.187703 0.359650 0.004238 0.447883 0.000527 
0.126044 0.549512 0.204268 0.099976 0.020200 
0.125405 0.564393 0.152879 0.124348 0.032975 
0.055266 0.714585 0.066742 0.150328 0.013079 
0.341231 0.039798 0.029296 0.520060 0.069614 
0.002672 0.228256 0.023514 0.675254 0.070305 
0.077391 0.341019 0.017463 0.017750 0.546376 
0.318649 0.110833 0.048657 0.502250 0.019610 
0.006386 0.822452 0.100718 0.026324 0.044120 
0.449420 0.029125 0.143811 0.377614 0.000030 
0.541226 0.021375 0.085325 0.310276 0.041799 
0.164530 0.003211 0.005391 0.734434 0.092435 
0.069817 0.525225 0.001903 0.011825 0.391229 
0.798509 0.063012 0.000931 0.064309 0.073239 
0.552434 0.116289 0.038944 0.146431 0.145901 
0.225680 0.191553 0.011070 0.008518 0.563179 
0.189365 0.458401 0.271609 0.028183 0.052442 
0.408158 0.073199 0.375391 0.041375 0.101877 
0.517073 0.351890 0.097144 0.017443 0.016450 
0.081463 0.193264 0.050934 0.628378 0.045961 
0.732905 0.105959 0.001360 0.126390 0.033386 
0.012003 0.867668 0.107564 0.012765 0.000000 
0.005069 0.294287 0.108063 0.349425 0.243156 
0.443590 0.264829 0.076102 0.089800 0.125679 
0.531495 0.031453 0.068358 0.327467 0.041228 
0.022201 0.201510 0.151891 0.077080 0.547319 
0.259444 0.011439 0.374851 0.331104 0.023161 
0.073850 0.202398 0.044886 0.665452 0.013413 
0.467164 0.144435 0.188447 0.129939 0.070015 
0.126873 0.235151 0.353922 0.001271 0.282782 
0.087281 0.614324 0.021035 0.001349 0.276012 
0.002339 0.251436 0.053624 0.428077 0.264524 
0.416424 0.485110 0.075181 0.022989 0.000295 
0.141188 0.067918 0.016494 0.717606 0.056794 
0.241989 0.181977 0.293130 0.248559 0.034345 
0.018543 0.472674 0.144957 0.351323 0.012503 
0.195501 0.544947 0.202969 0.029176 0.027406 
0.065452 0.287609 0.062755 0.008343 0.575842 
0.028070 0.013959 0.396695 0.531256 0.030020 
0.144594 0.088491 0.411756 0.331249 0.023910 
0.525850 0.091118 0.022859 0.030215 0.329959 
0.016529 0.621313 0.088819 0.270483 0.002856 
0.550174 0.016763 0.116702 0.002551 0.313811 
0.288858 0.104548 0.010045 0.596289 0.000259 
0.004161 0.431458 0.051755 0.003323 0.509303 
0.029688 0.143894 0.769406 0.014754 0.042259 
0.333402 0.020612 0.546738 0.069073 0.030175 
0.155095 0.052589 0.411220 0.151948 0.229149 
0.591751 0.205314 0.123410 0.026742 0.052783 
0.019232 0.040333 0.000007 0.131560 0.808868 
0.527804 0.003597 0.016630 0.450664 0.001305 
0.083807 0.125338 0.236552 0.543045 0.011259 
0.416920 0.020826 0.005750 0.064476 0.492028 
0.026496 0.160641 0.082054 0.435930 0.294879 
0.124548 0.103108 0.137356 0.579827 0.055161 
0.128754 0.118482 0.078359 0.523583 0.150821 
0.135814 0.128791 0.115266 0.511846 0.108282 
0.251757 0.015766 0.000365 0.568329 0.163783 
0.392316 0.081912 0.384053 0.141586 0.000133 
0.299649 0.132628 0.066312 0.469470 0.031941 
0.030607 0.008603 0.188805 0.630513 0.141472 
0.363118 0.276531 0.012007 0.239590 0.108754 
0.743946 0.104953 0.002547 0.148090 0.000464 
0.203966 0.380170 0.315011 0.091107 0.009745 
0.130400 0.587131 0.056129 0.157678 0.068662 
0.047714 0.641737 0.140165 0.073207 0.097178 
0.150941 0.625377 0.006814 0.007119 0.209749 
0.116372 0.554440 0.060938 0.192426 0.075824 
0.054264 0.536432 0.036797 0.010403 0.362104 
0.032114 0.505326 0.061464 0.002600 0.398496 
0.019277 0.096275 0.547128 0.115186 0.222134 
0.143143 0.405389 0.010453 0.000502 0.440514 
0.000227 0.014199 0.873492 0.085947 0.026135 
0.002158 0.496183 0.022642 0.429922 0.049094 
0.005108 0.271445 0.343407 0.372779 0.007262 
0.020568 0.286579 0.183132 0.433734 0.075987 
0.039083 0.000003 0.107816 0.581455 0.271643 
0.522372 0.011003 0.050426 0.412622 0.003578 
0.625861 0.307219 0.004996 0.059746 0.002177 
0.410845 0.440457 0.003280 0.081714 0.063704 
0.052552 0.541553 0.082149 0.144459 0.179287 
0.122097 0.622024 0.003373 0.000043 0.252464 
0.224649 0.006903 0.020525 0.682336 0.065588 
0.498518 0.404673 0.048229 0.001979 0.046601 
0.055308 0.476074 0.155625 0.223039 0.089954 
0.014556 0.438038 0.011633 0.367236 0.168537 
0.114726 0.352648 0.106504 0.200446 0.225676 
0.029411 0.234284 0.613566 0.120129 0.002610 
0.593604 0.237403 0.020466 0.099539 0.048988 
0.487627 0.138261 0.090758 0.237160 0.046195 
0.844991 0.016319 0.025720 0.095211 0.017758 
0.004622 0.090507 0.018759 0.868605 0.017507 
0.001493 0.350877 0.281592 0.121424 0.244615 
0.229905 0.567132 0.000213 0.032393 0.170357 
0.715919 0.070162 0.156815 0.046880 0.010224 
0.453317 0.219384 0.289298 0.021321 0.016680 
0.669487 0.022966 0.000621 0.025173 0.281753 
0.436270 0.314521 0.014686 0.112963 0.121561 
0.016432 0.691848 0.046555 0.097520 0.147645 
0.014860 0.458912 0.389014 0.021165 0.116049 
0.100207 0.502230 0.013664 0.239317 0.144582 
0.011006 0.011486 0.146228 0.678134 0.153147 
0.033405 0.633906 0.319154 0.013398 0.000137 
0.052455 0.022801 0.561320 0.361894 0.001531 
0.039085 0.113071 0.382894 0.447227 0.017722 
0.000927 0.004821 0.496919 0.482562 0.014770 
0.368358 0.384487 0.076421 0.157739 0.012995 
0.161675 0.517111 0.065224 0.189510 0.066480 
0.134661 0.511463 0.315595 0.037697 0.000584 
0.184415 0.346898 0.413104 0.021231 0.034352 
0.233924 0.428592 0.259432 0.071187 0.006865 
0.140995 0.756462 0.001324 0.094738 0.006481 
0.191188 0.024557 0.228205 0.499138 0.056912 
0.007456 0.659928 0.164587 0.123720 0.044309 
0.252129 0.352814 0.388895 0.001433 0.004730 
0.379077 0.013563 0.181508 0.425293 0.000560 
0.023773 0.349752 0.217589 0.408465 0.000422 
0.606947 0.080998 0.005276 0.048750 0.258029 
0.374979 0.519584 0.017541 0.069458 0.018437 
0.083905 0.741638 0.060104 0.102544 0.011809 
0.243236 0.459683 0.061522 0.197665 0.037894 
0.043771 0.007385 0.071938 0.633157 0.243749 
0.014216 0.302671 0.154774 0.528337 0.000003 
0.218848 0.117155 0.016680 0.060309 0.587009 
0.534503 0.253082 0.052891 0.013746 0.145779 
0.024235 0.073465 0.619957 0.000147 0.282195 
0.011104 0.070894 0.755544 0.071776 0.090683 
0.038707 0.011939 0.633965 0.065905 0.249484 
0.164098 0.099219 0.236354 0.278537 0.221792 
0.042289 0.186808 0.385949 0.372382 0.012572 
0.084609 0.227754 0.576341 0.042825 0.068471 
0.199974 0.177857 0.604735 0.015604 0.001830 
0.026018 0.043520 0.545377 0.224991 0.160094 
0.031545 0.410989 0.275014 0.263795 0.018656 
0.025177 0.165605 0.273488 0.401808 0.133922 
0.031050 0.020302 0.878165 0.007192 0.063291 
0.006810 0.379186 0.140290 0.357564 0.116151 
0.000005 0.713558 0.026080 0.201118 0.059239 
0.555912 0.173987 0.008649 0.256586 0.004867 
0.322124 0.323627 0.041546 0.274318 0.038385 
0.004332 0.002217 0.000236 0.666789 0.326425 
0.006913 0.737871 0.111461 0.038367 0.105388 
0.161258 0.122860 0.333496 0.373301 0.009084 
0.147427 0.274292 0.451946 0.126075 0.000259 
0.002101 0.426566 0.006357 0.138766 0.426210 
0.000013 0.447287 0.411033 0.102459 0.039208 
0.016257 0.662740 0.023544 0.059642 0.237816 
0.014953 0.037621 0.742588 0.013147 0.191691 
0.065559 0.028895 0.570351 0.045060 0.290134 
0.120847 0.106932 0.566874 0.014555 0.190792 
0.005740 0.473420 0.045897 0.160130 0.314814 
0.400409 0.104446 0.001708 0.247074 0.246362 
0.181359 0.040290 0.056394 0.431282 0.290676 
0.010856 0.310114 0.003786 0.168926 0.506318 
0.147912 0.021051 0.077843 0.414609 0.338586 
0.160354 0.001798 0.024577 0.343877 0.469394 
0.325419 0.047046 0.011624 0.282591 0.333320 
0.054886 0.001534 0.085486 0.573265 0.284829 
0.064345 0.019709 0.127514 0.560671 0.227761 
0.141941 0.012581 0.498973 0.024808 0.321696 
0.036325 0.393202 0.073889 0.495821 0.000762 
0.050302 0.292053 0.567992 0.000265 0.089388 
0.004745 0.000971 0.188220 0.693208 0.112856 
0.041012 0.041588 0.121226 0.649326 0.146849 
0.253778 0.116447 0.007027 0.443371 0.179377 
0.007316 0.081684 0.683068 0.225949 0.001984 
0.122174 0.188050 0.617391 0.063511 0.008874 
0.001040 0.200028 0.264526 0.517009 0.017398 
0.007744 0.024371 0.116207 0.630982 0.220696 
0.103429 0.250414 0.579375 0.066769 0.000014 
0.061189 0.704519 0.007827 0.226465 0.000000 
0.215667 0.598751 0.012961 0.014883 0.157738 
0.102871 0.012649 0.718325 0.065663 0.100492 
0.079804 0.254179 0.423127 0.221191 0.021698 
0.282985 0.497578 0.036462 0.181798 0.001177 
0.001733 0.147394 0.372952 0.477692 0.000228 
0.009660 0.106906 0.729995 0.041445 0.111994 
0.000291 0.015451 0.583737 0.391939 0.008582 
0.051172 0.401443 0.530745 0.007017 0.009623 
0.053007 0.010492 0.660306 0.057852 0.218342 
0.156081 0.122329 0.524839 0.004523 0.192228 
0.070719 0.312799 0.047403 0.552580 0.016499 
0.331477 0.063972 0.401206 0.202903 0.000442 
0.208656 0.140852 0.001026 0.547949 0.101518 
0.027227 0.613747 0.020697 0.189241 0.149087 
0.049200 0.082443 0.002915 0.825264 0.040179 
0.197173 0.022196 0.570481 0.208448 0.001703 
0.307654 0.576557 0.105879 0.002441 0.007470 
0.772420 0.037684 0.091537 0.038626 0.059733 
0.284773 0.073024 0.028564 0.461768 0.151872 
0.058362 0.002498 0.014908 0.771784 0.152449 
0.076834 0.129793 0.194648 0.579093 0.019631 
0.022336 0.013981 0.000057 0.938528 0.025099 
0.033107 0.055848 0.745436 0.007667 0.157941 
0.365235 0.188738 0.227794 0.154493 0.063739 
0.196346 0.097507 0.289041 0.300221 0.116885 
0.128007 0.007157 0.105349 0.460003 0.299484 
0.199892 0.001337 0.346080 0.450473 0.002218 
0.470637 0.008235 0.106124 0.037153 0.377851 
0.604687 0.022137 0.029924 0.151562 0.191690 
0.000029 0.020481 0.375043 0.357312 0.247135 
0.083727 0.068186 0.134980 0.559077 0.154030 
0.000107 0.660613 0.000000 0.252063 0.087218 
0.025624 0.166480 0.012501 0.477691 0.317704 
0.275104 0.005682 0.530784 0.055589 0.132841 
0.116067 0.646687 0.201991 0.001611 0.033645 
0.585389 0.010272 0.002584 0.368427 0.033328 
0.000002 0.229045 0.114179 0.507267 0.149507 
0.923987 0.014408 0.003036 0.056134 0.002435 
0.031354 0.050731 0.004066 0.889684 0.024165 
0.390182 0.031090 0.146541 0.430459 0.001728 
0.611195 0.019994 0.053419 0.225920 0.089472 
0.000128 0.023747 0.091128 0.652348 0.232649 
0.610170 0.008522 0.050253 0.004659 0.326396 
0.521315 0.185426 0.217850 0.003635 0.071774 
0.106776 0.024489 0.724242 0.107385 0.037108 
0.082613 0.350157 0.037146 0.502521 0.027563 
0.008763 0.000105 0.564473 0.162448 0.264210 
0.325466 0.005639 0.279661 0.359059 0.030175 
0.187326 0.345988 0.400690 0.052951 0.013045 
0.025545 0.075233 0.049385 0.711918 0.137918 
0.071502 0.118663 0.666357 0.137199 0.006278 
0.047608 0.232786 0.109847 0.523107 0.086651 
0.048706 0.360653 0.155219 0.325916 0.109506 
0.002352 0.538293 0.025086 0.265072 0.169197 
0.290108 0.014261 0.442295 0.000620 0.252715 
0.000001 0.652842 0.001067 0.180818 0.165272 
0.223301 0.279374 0.026734 0.413288 0.057303 
0.000058 0.232557 0.068618 0.523031 0.175735 
0.154532 0.252232 0.209819 0.003637 0.379781 
0.032502 0.263776 0.175514 0.291521 0.236686 
0.069708 0.027646 0.001154 0.420000 0.481491 
0.069733 0.062860 0.012946 0.512486 0.341974 
0.000435 0.371321 0.063268 0.362868 0.202109 
0.109726 0.006129 0.265332 0.597749 0.021063 
0.007596 0.108271 0.172620 0.676553 0.034960 
0.054853 0.181784 0.125297 0.558694 0.079371 
0.121324 0.136417 0.086190 0.497623 0.158446 
0.079327 0.000000 0.053346 0.457389 0.409938 
0.033505 0.069065 0.564581 0.332332 0.000517 
0.002006 0.408434 0.462216 0.056613 0.070731 
0.013286 0.070878 0.233126 0.045206 0.637504 
0.069012 0.001581 0.350715 0.575863 0.002829 
0.000352 0.005478 0.530182 0.463062 0.000926 
0.071725 0.041663 0.049957 0.539533 0.297123 
0.062298 0.070852 0.045033 0.716231 0.105586 
0.027715 0.000523 0.234856 0.677530 0.059375 
0.176720 0.082231 0.038413 0.475238 0.227397 
0.000020 0.092749 0.469270 0.287810 0.150151 
0.002767 0.064967 0.160274 0.690119 0.081872 
0.006381 0.000592 0.442429 0.547426 0.003173 
0.377193 0.108130 0.000104 0.338024 0.176549 
0.004121 0.055254 0.102934 0.715775 0.121916 
0.001309 0.051133 0.325812 0.458101 0.163644 
0.006224 0.791479 0.007843 0.154903 0.039551 
0.121489 0.583066 0.045274 0.090455 0.159716 
0.073509 0.380315 0.268911 0.162282 0.114984 
0.002791 0.193727 0.551830 0.121766 0.129885 
0.013716 0.008458 0.927095 0.027922 0.022809 
0.001051 0.010727 0.367744 0.186565 0.433913 
0.226502 0.276142 0.374943 0.117750 0.004662 
0.240891 0.300102 0.000001 0.260544 0.198463 
0.125525 0.398408 0.240523 0.202130 0.033414 
0.038521 0.251326 0.578743 0.062799 0.068610 
0.002271 0.213657 0.103035 0.680487 0.000551 
0.229799 0.013426 0.632950 0.048304 0.075521 
0.044389 0.526051 0.002075 0.162032 0.265452 
0.074509 0.005394 0.067525 0.661828 0.190744 
0.112804 0.121354 0.670518 0.005959 0.089364 
0.003530 0.750837 0.125542 0.044444 0.075647 
0.256872 0.070902 0.550628 0.102166 0.019433 
0.112549 0.031066 0.592486 0.126389 0.137510 
0.088444 0.056864 0.472512 0.284234 0.097946 
0.123182 0.508964 0.017147 0.333609 0.017098 
0.009469 0.059882 0.504262 0.060113 0.366274 
0.029526 0.004003 0.594524 0.364555 0.007392 
0.002530 0.068288 0.623152 0.262868 0.043162 
0.016484 0.076181 0.218182 0.465254 0.223900 
0.139308 0.070282 0.543227 0.176062 0.071120 
0.093984 0.000877 0.129359 0.705299 0.070481 
0.133452 0.573039 0.052279 0.241200 0.000030 
0.091080 0.067832 0.263471 0.545609 0.032009 
0.242585 0.081187 0.608296 0.058900 0.009032 
0.034585 0.012007 0.555468 0.160949 0.236991 
0.035839 0.048673 0.010732 0.215605 0.689153 
0.029139 0.001901 0.310893 0.650426 0.007641 
0.002434 0.084347 0.088336 0.809545 0.015338 
0.292379 0.045900 0.150901 0.028104 0.482715 
0.025378 0.000160 0.333064 0.319718 0.321680 
0.048884 0.218232 0.011770 0.512755 0.208359 
0.135874 0.000008 0.155665 0.069773 0.638681 
0.092101 0.009035 0.254754 0.168022 0.476088 
0.033361 0.005098 0.350552 0.357895 0.253094 
0.088956 0.001423 0.449340 0.179705 0.280575 
0.022709 0.050042 0.539069 0.361294 0.026885 
0.041689 0.162992 0.002805 0.775008 0.017507 
0.001287 0.159308 0.738549 0.000000 0.100856 
0.231929 0.098934 0.157430 0.508154 0.003553 
0.311403 0.025231 0.273697 0.272990 0.116679 
0.122118 0.215543 0.004234 0.299238 0.358866 
0.056912 0.027277 0.186275 0.101375 0.628162 
0.095349 0.031947 0.293179 0.004408 0.575117 
0.236285 0.088405 0.247174 0.096193 0.331945 
0.406714 0.074764 0.303128 0.013995 0.201399 
0.397289 0.012524 0.187612 0.117810 0.284766 
0.143849 0.246893 0.021410 0.587813 0.000035 
0.228428 0.243662 0.001829 0.307140 0.218941 
0.023657 0.149746 0.217578 0.514966 0.094053 
0.608870 0.133264 0.247025 0.003498 0.007343 
0.056509 0.459550 0.277039 0.206279 0.000623 
0.020928 0.053586 0.030690 0.523557 0.371239 
0.059350 0.077838 0.204054 0.556317 0.102442 
0.000105 0.136985 0.472799 0.386508 0.003603 
0.089718 0.007438 0.293145 0.559355 0.050344 
0.261691 0.015184 0.231154 0.066969 0.425002 
0.320025 0.039101 0.153076 0.376137 0.111661 
0.272246 0.271526 0.235360 0.218047 0.002820 
0.013518 0.000247 0.198002 0.077541 0.710692 
0.007096 0.109822 0.591371 0.181862 0.109849 
0.065810 0.050784 0.501479 0.000043 0.381884 
0.008597 0.000388 0.502668 0.000090 0.488256 
0.187488 0.094378 0.055262 0.065097 0.597775 
0.249938 0.034882 0.034789 0.058066 0.622325 
0.038738 0.200362 0.105334 0.090599 0.564967 
0.002974 0.408027 0.000043 0.031380 0.557576 
0.327111 0.007525 0.013611 0.163552 0.488202 
0.137706 0.494464 0.043868 0.035838 0.288125 
0.005633 0.364422 0.395307 0.222045 0.012593 
0.151695 0.004273 0.104419 0.269739 0.469875 
0.015379 0.208394 0.450301 0.302941 0.022985 
0.020945 0.410586 0.057018 0.113123 0.398328 
0.014675 0.487040 0.005075 0.385459 0.107751 
0.071286 0.241541 0.594254 0.086460 0.006458 
0.116046 0.269413 0.011449 0.285125 0.317967 
0.361320 0.129685 0.000128 0.208719 0.300148 
0.018735 0.129140 0.135599 0.038886 0.677640 
0.016981 0.383928 0.035346 0.038935 0.524810 
0.064205 0.000008 0.320118 0.004719 0.610950 
0.013043 0.056318 0.340423 0.353025 0.237191 
0.036184 0.399206 0.084362 0.090145 0.390104 
0.029606 0.071343 0.006086 0.071952 0.821013 
0.158444 0.089055 0.086071 0.097564 0.568865 
0.309367 0.092771 0.322712 0.189752 0.085399 
0.149049 0.452488 0.032889 0.133470 0.232104 
0.007832 0.596500 0.048610 0.004006 0.343051 
0.163442 0.278260 0.173040 0.138170 0.247087 
0.048643 0.208304 0.203308 0.212100 0.327645 
0.211231 0.355549 0.228731 0.076511 0.127978 
0.013829 0.079948 0.201761 0.211767 0.492696 
0.000998 0.145834 0.018560 0.022460 0.812148 
0.518248 0.084675 0.026263 0.167627 0.203187 
0.308546 0.033098 0.021701 0.083771 0.552884 
0.051847 0.602055 0.059981 0.032326 0.253791 
0.031454 0.055757 0.175502 0.004128 0.733160 
0.035201 0.030060 0.181311 0.467121 0.286308 
0.098434 0.001144 0.083628 0.006625 0.810168 
0.009426 0.299581 0.019719 0.089751 0.581522 
0.029775 0.008571 0.145871 0.320656 0.495127 
0.131638 0.035584 0.057261 0.248150 0.527366 
0.232314 0.164513 0.242604 0.204848 0.155720 
0.000513 0.514113 0.000201 0.418583 0.066589 
0.068238 0.523132 0.090654 0.293449 0.024528 
0.464858 0.002095 0.513234 0.003761 0.016051 
0.000002 0.410657 0.488396 0.009591 0.091354 
0.011432 0.517424 0.023549 0.443543 0.004051 
0.069616 0.706039 0.084537 0.000800 0.139008 
0.012906 0.591610 0.001295 0.379711 0.014478 
0.001232 0.046331 0.707010 0.006514 0.238912 
0.036181 0.007277 0.679981 0.228820 0.047740 
0.000328 0.021351 0.838146 0.089572 0.050603 
0.006039 0.076985 0.613879 0.098649 0.204449 
0.001146 0.780500 0.002881 0.012071 0.203403 
0.268778 0.067818 0.041436 0.617432 0.004535 
0.085309 0.018798 0.048455 0.311656 0.535782 
0.146174 0.111585 0.137003 0.223610 0.381627 
0.052638 0.050239 0.279692 0.006987 0.610444 
0.017225 0.044682 0.205099 0.447418 0.285575 
0.031550 0.265588 0.311538 0.182661 0.208664 
0.037444 0.027587 0.655621 0.158320 0.121028 
0.189341 0.305730 0.008392 0.345919 0.150618 
0.037644 0.374377 0.047919 0.011004 0.529056 
0.270969 0.053653 0.024702 0.128738 0.521937 
0.146841 0.031354 0.082881 0.054858 0.684066 
0.022511 0.556307 0.388750 0.009340 0.023092 
0.000037 0.494907 0.330381 0.042180 0.132494 
0.068729 0.169914 0.206981 0.261731 0.292645 
0.050022 0.128279 0.227401 0.030547 0.563750 
0.080815 0.049115 0.110556 0.054181 0.705333 
0.005601 0.147024 0.125367 0.028447 0.693562 
0.000362 0.241175 0.001584 0.336129 0.420750 
0.000519 0.117048 0.019759 0.513915 0.348759 
0.394035 0.000000 0.140818 0.331069 0.134078 
0.668343 0.019573 0.048042 0.126654 0.137389 
0.367719 0.023934 0.011934 0.291503 0.304910 
0.436283 0.141546 0.008913 0.179528 0.233731 
0.319487 0.075867 0.067726 0.119579 0.417341 
0.159747 0.074984 0.010944 0.245234 0.509090 
0.040506 0.000058 0.262236 0.586226 0.110974 
0.172029 0.082735 0.001060 0.512315 0.231861 
0.050922 0.004694 0.445368 0.479704 0.019311 
0.007031 0.000012 0.166245 0.756907 0.069804 
0.551159 0.001111 0.208950 0.214795 0.023983 
0.001083 0.035593 0.337264 0.622419 0.003641 
0.085155 0.043446 0.130796 0.438515 0.302088 
0.052651 0.132685 0.045463 0.715976 0.053225 
0.201893 0.000852 0.220452 0.525388 0.051415 
0.139570 0.153312 0.001562 0.619351 0.086206 
0.001813 0.050473 0.284305 0.662903 0.000506 
0.023273 0.104179 0.373550 0.494541 0.004457 
0.117011 0.057878 0.000005 0.549238 0.275869 
0.374025 0.010868 0.059141 0.215930 0.340036 
0.457951 0.005878 0.029239 0.066816 0.440116 
0.551273 0.026517 0.163203 0.090789 0.168218 
0.197377 0.016794 0.000077 0.245750 0.540002 
0.332975 0.016582 0.001371 0.078604 0.570468 
0.600773 0.045828 0.161755 0.002170 0.189474 
0.310145 0.342943 0.265009 0.067658 0.014245 
0.004967 0.073682 0.006713 0.846036 0.068602 
0.524176 0.053494 0.222280 0.126349 0.073701 
0.450195 0.008664 0.123454 0.408234 0.009453 
0.502673 0.008941 0.038855 0.438296 0.011235 
0.626798 0.027541 0.247527 0.028940 0.069194 
0.629498 0.008897 0.001262 0.307544 0.052798 
0.019578 0.330310 0.100079 0.449927 0.100106 
0.172841 0.225515 0.294778 0.274201 0.032664 
0.073475 0.451213 0.046628 0.382039 0.046645 
0.253961 0.001999 0.049681 0.692458 0.001900 
0.150175 0.476027 0.051594 0.296511 0.025693 
0.168547 0.253597 0.526539 0.022806 0.028512 
0.000162 0.255460 0.186836 0.519680 0.037863 
0.403263 0.103173 0.438908 0.054125 0.000530 
0.272447 0.001637 0.625639 0.003989 0.096287 
0.015670 0.134781 0.605306 0.134283 0.109960 
0.035254 0.045660 0.609443 0.028241 0.281402 
0.019817 0.650148 0.000054 0.033948 0.296032 
0.201704 0.001589 0.002730 0.433689 0.360287 
0.127274 0.109795 0.372760 0.359428 0.030744 
0.298298 0.299750 0.245081 0.007326 0.149544 
0.069669 0.164880 0.587645 0.059461 0.118346 
0.359590 0.076314 0.220429 0.001033 0.342633 
0.036881 0.481161 0.168686 0.049645 0.263627 
0.008534 0.020501 0.654447 0.308190 0.008329 
0.006596 0.524986 0.111748 0.356664 0.000006 
0.288763 0.136438 0.000719 0.515135 0.058945 
0.117516 0.039584 0.011548 0.627453 0.203899 
0.112630 0.304847 0.543073 0.008574 0.030875 
0.454700 0.154780 0.063824 0.325565 0.001131 
0.011544 0.579713 0.161447 0.073167 0.174130 
0.302174 0.090339 0.071545 0.486873 0.049069 
0.452549 0.265822 0.032283 0.227542 0.021804 
0.038861 0.017884 0.398761 0.411369 0.133125 
0.414560 0.192449 0.359330 0.011582 0.022080 
0.309623 0.116662 0.059808 0.436470 0.077438 
0.309997 0.294497 0.000380 0.285021 0.110105 
0.318767 0.061972 0.087828 0.524308 0.007125 
0.315031 0.024330 0.339882 0.271006 0.049752 
0.224897 0.007300 0.312767 0.339696 0.115341 
0.686561 0.010131 0.265515 0.013670 0.024124 
0.787870 0.065872 0.058094 0.054192 0.033972 
0.199243 0.517752 0.072463 0.005363 0.205179 
0.046408 0.042632 0.193434 0.221022 0.496504 
0.078653 0.027637 0.298195 0.112551 0.482965 
0.114245 0.165787 0.052553 0.279859 0.387556 
0.113417 0.189125 0.026128 0.670818 0.000512 
0.179071 0.019270 0.111089 0.643012 0.047558 
0.467278 0.075583 0.016180 0.416272 0.024687 
0.260375 0.003180 0.083447 0.027417 0.625580 
0.034403 0.400366 0.007278 0.265653 0.292299 
0.000090 0.021664 0.054723 0.632209 0.291315 
0.029290 0.305110 0.487425 0.030181 0.147994 
0.021174 0.790965 0.043237 0.107158 0.037467 
0.620670 0.164026 0.006978 0.205736 0.002590 
0.400142 0.326737 0.023633 0.025085 0.224403 
0.190785 0.668939 0.024432 0.004977 0.110868 
0.019342 0.864175 0.062180 0.053973 0.000330 
0.677871 0.150802 0.057300 0.047312 0.066715 
0.362744 0.204737 0.193915 0.025318 0.213286 
0.240340 0.135651 0.214964 0.046759 0.362287 
0.007203 0.716382 0.104989 0.043537 0.127888 
0.614805 0.189136 0.036690 0.158549 0.000819 
0.498732 0.299009 0.004083 0.197838 0.000338 
0.282740 0.485811 0.006616 0.203956 0.020877 
0.095016 0.623737 0.088938 0.130011 0.062298 
0.042741 0.505819 0.225703 0.088749 0.136987 
0.006616 0.472092 0.328050 0.036409 0.156834 
0.328407 0.480406 0.022880 0.015671 0.152636 
0.222669 0.544652 0.083614 0.010175 0.138889 
0.012148 0.120945 0.643215 0.130448 0.093244 
0.064013 0.017598 0.615239 0.275226 0.027923 
0.046786 0.376726 0.135976 0.187167 0.253345 
0.095792 0.456463 0.202430 0.090987 0.154328 
0.152608 0.057018 0.708705 0.011238 0.070431 
0.198137 0.030966 0.254141 0.512849 0.003907 
0.096034 0.476182 0.222477 0.009808 0.195499 
0.341505 0.324278 0.210851 0.018473 0.104892 
0.287250 0.496526 0.007189 0.173586 0.035450 
0.098588 0.787570 0.016499 0.020966 0.076378 
0.002580 0.680815 0.189089 0.059181 0.068335 
0.470617 0.483704 0.017589 0.028009 0.000080 
0.000443 0.061950 0.681980 0.087539 0.168087 
0.005718 0.543842 0.087141 0.007086 0.356212 
0.370123 0.122787 0.195501 0.306769 0.004820 
0.001247 0.170089 0.024643 0.608005 0.196016 
0.242082 0.395064 0.127182 0.127872 0.107800 
0.158694 0.233326 0.164004 0.439294 0.004681 
0.000142 0.020067 0.809361 0.096071 0.074359 
0.000098 0.041114 0.624888 0.073970 0.259930 
0.024240 0.474148 0.482930 0.014169 0.004513 
0.068212 0.174938 0.629838 0.004972 0.122041 
0.000978 0.030611 0.069422 0.550527 0.348461 
0.825997 0.053609 0.048651 0.068296 0.003447 
0.388243 0.035254 0.001666 0.522716 0.052122 
0.153770 0.002411 0.597634 0.228637 0.017549 
0.000117 0.273091 0.533395 0.110824 0.082574 
0.719993 0.249516 0.019704 0.010017 0.000770 
0.408445 0.535039 0.043898 0.001176 0.011442 
0.128551 0.805560 0.041622 0.000027 0.024239 
0.121847 0.410842 0.032966 0.275790 0.158555 
0.045118 0.417322 0.025044 0.265944 0.246573 
0.177117 0.019834 0.004542 0.781578 0.016929 
0.008188 0.015965 0.627149 0.148524 0.200174 
0.012298 0.021629 0.933267 0.022864 0.009943 
0.426235 0.243125 0.040611 0.162758 0.127271 
0.384672 0.221703 0.035588 0.262958 0.095079 
0.520701 0.244195 0.016115 0.063510 0.155478 
0.147384 0.277148 0.067668 0.392135 0.115665 
0.224543 0.008877 0.533596 0.232840 0.000144 
0.233606 0.715753 0.005923 0.001819 0.042899 
0.083315 0.489017 0.013567 0.198169 0.215933 
0.103456 0.834975 0.017414 0.002601 0.041555 
0.000941 0.377357 0.140682 0.029627 0.451393 
0.464376 0.483976 0.028771 0.006358 0.016519 
0.332962 0.329061 0.059189 0.220323 0.058465 
0.027662 0.294847 0.588177 0.018677 0.070637 
0.066561 0.170705 0.614599 0.014583 0.133552 
0.026039 0.115821 0.589778 0.009632 0.258730 
0.040201 0.021017 0.889972 0.042555 0.006255 
0.309829 0.155713 0.045992 0.484441 0.004025 
0.009837 0.162441 0.000035 0.794260 0.033428 
0.020950 0.085424 0.127153 0.693802 0.072670 
0.000094 0.019820 0.778570 0.087808 0.113709 
0.002156 0.047297 0.870653 0.048883 0.031011 
0.063880 0.042489 0.016943 0.874976 0.001713 
0.003304 0.088223 0.593207 0.066422 0.248845 
0.008150 0.285088 0.028181 0.369131 0.309450 
0.113499 0.825833 0.053273 0.000919 0.006476 
0.794453 0.201803 0.002671 0.000795 0.000279 
0.000067 0.179684 0.244536 0.420550 0.155163 
0.299149 0.616299 0.002317 0.031424 0.050811 
0.011944 0.138110 0.160698 0.521871 0.167376 
0.011815 0.001458 0.808715 0.167628 0.010384 
0.004554 0.134063 0.412027 0.426443 0.022914 
0.427582 0.061291 0.004741 0.505953 0.000433 
0.384545 0.276070 0.332266 0.006630 0.000489 
0.017589 0.483992 0.156671 0.339578 0.002170 
0.054910 0.010825 0.684895 0.127573 0.121797 
0.170384 0.011752 0.002387 0.798937 0.016541 
0.120201 0.065239 0.286241 0.509693 0.018627 
0.499356 0.406417 0.007862 0.076954 0.009411 
0.009309 0.603921 0.308773 0.001558 0.076438 
0.160201 0.001041 0.004029 0.693246 0.141483 
0.550328 0.127938 0.008876 0.271738 0.041120 
0.001828 0.469563 0.309744 0.211868 0.006997 
0.266827 0.082204 0.579447 0.032725 0.038797 
0.096910 0.012731 0.481302 0.034677 0.374380 
0.006814 0.424396 0.095008 0.468556 0.005227 
0.007654 0.075551 0.855459 0.021001 0.040335 
0.548246 0.243540 0.117514 0.026897 0.063803 
0.041505 0.012783 0.028347 0.780377 0.136988 
0.062416 0.414734 0.000431 0.499352 0.023067 
0.289542 0.324106 0.097382 0.207580 0.081391 
0.000755 0.973777 0.012323 0.008315 0.004831 
0.002730 0.737363 0.095294 0.012429 0.152183 
0.002863 0.486726 0.046060 0.450215 0.014134 
0.002966 0.002830 0.626937 0.334553 0.032715 
0.003085 0.381922 0.568046 0.025091 0.021857 
0.693643 0.081932 0.164178 0.057353 0.002895 
0.014974 0.544693 0.117663 0.112143 0.210527 
0.078712 0.283994 0.069980 0.372516 0.194798 
0.104006 0.200659 0.119792 0.443592 0.131951 
0.166624 0.079497 0.086350 0.629126 0.038403 
0.278352 0.474126 0.009691 0.158885 0.078947 
0.237558 0.643914 0.001265 0.064090 0.053173 
0.001185 0.579221 0.320635 0.020688 0.078271 
0.447810 0.207534 0.166863 0.008138 0.169656 
0.003544 0.935071 0.059383 0.000368 0.001635 
0.046605 0.812429 0.104876 0.000266 0.035824 
0.373902 0.343745 0.154621 0.026097 0.101635 
0.246629 0.646414 0.001349 0.092842 0.012766 
0.213928 0.678068 0.000315 0.104385 0.003305 
0.192706 0.086966 0.029685 0.612028 0.078614 
0.088931 0.712204 0.130171 0.040158 0.028537 
0.050168 0.428287 0.342173 0.179364 0.000008 
0.108678 0.006917 0.008968 0.857927 0.017511 
0.124474 0.043695 0.258314 0.418647 0.154869 
0.278175 0.419176 0.203582 0.088108 0.010959 
0.136908 0.435969 0.010616 0.416049 0.000458 
0.021674 0.304788 0.282695 0.037396 0.353447 
0.722864 0.070653 0.135733 0.070285 0.000465 
0.774326 0.026400 0.107029 0.048365 0.043880 
0.049443 0.131621 0.006499 0.716391 0.096044 
0.394055 0.063387 0.000526 0.260133 0.281899 
0.055806 0.502740 0.088958 0.140275 0.212220 
0.022930 0.818122 0.101583 0.011819 0.045546 
0.453926 0.143240 0.399279 0.002379 0.001176 
0.010109 0.235973 0.552065 0.081113 0.120741 
0.016359 0.168957 0.576109 0.098337 0.140239 
0.660736 0.253527 0.002401 0.063043 0.020294 
0.019616 0.483603 0.206104 0.060762 0.229915 
0.021922 0.010821 0.079002 0.824352 0.063904 
0.045277 0.187027 0.532605 0.065757 0.169333 
0.046469 0.336166 0.132993 0.376904 0.107468 
0.025004 0.000039 0.170800 0.530599 0.273559 
0.325755 0.137104 0.010262 0.484177 0.042702 
0.042744 0.402319 0.375473 0.000019 0.179446 
0.023502 0.007084 0.000133 0.004003 0.965279 
0.468185 0.023874 0.354297 0.150813 0.002831 
0.025350 0.193357 0.003577 0.714182 0.063533 
0.032596 0.612268 0.087335 0.265653 0.002148 
0.007621 0.334604 0.004592 0.310105 0.343077 
0.128354 0.287656 0.542765 0.041169 0.000056 
0.415720 0.087933 0.132196 0.131551 0.232600 
0.414422 0.093645 0.129903 0.299919 0.062111 
0.015573 0.074820 0.576551 0.217993 0.115063 
0.002433 0.029335 0.553699 0.303128 0.111404 
0.231107 0.485099 0.065846 0.008622 0.209326 
0.115420 0.534861 0.099748 0.008169 0.241803 
0.000019 0.072406 0.792074 0.077138 0.058363 
0.035374 0.001249 0.282312 0.675493 0.005572 
0.344721 0.000011 0.008514 0.570206 0.076548 
0.014935 0.356409 0.283402 0.021077 0.324177 
0.671548 0.076274 0.089883 0.160832 0.001463 
0.294609 0.408719 0.287353 0.002029 0.007291 
0.013196 0.317490 0.008478 0.076726 0.584109 
0.281847 0.235834 0.002918 0.478544 0.000857 
0.007878 0.033021 0.749660 0.030501 0.178941 
0.008676 0.154517 0.032666 0.459459 0.344682 
0.164055 0.000024 0.387103 0.414002 0.034816 
0.127052 0.006434 0.473763 0.335075 0.057676 
0.023936 0.085203 0.133066 0.756581 0.001214 
0.766391 0.124281 0.002484 0.007155 0.099690 
0.000163 0.147269 0.602373 0.116227 0.133969 
0.313233 0.495102 0.030432 0.014947 0.146286 
0.146519 0.356560 0.128396 0.006668 0.361858 
0.377056 0.282572 0.002217 0.062335 0.275821 
0.455277 0.285496 0.014809 0.241220 0.003198 
0.140268 0.586528 0.028431 0.191931 0.052842 
0.000013 0.284854 0.590585 0.124509 0.000039 
0.177868 0.012798 0.479065 0.309368 0.020901 
0.108233 0.056682 0.609803 0.194627 0.030656 
0.586922 0.035698 0.280979 0.073327 0.023075 
0.142207 0.007866 0.342845 0.158135 0.348947 
0.094609 0.688377 0.025152 0.168374 0.023488 
0.009671 0.793856 0.070225 0.018678 0.107570 
0.204730 0.059806 0.002457 0.674949 0.058058 
0.014930 0.924510 0.043975 0.003103 0.013481 
0.099234 0.020124 0.302714 0.563897 0.014031 
0.223979 0.020469 0.068928 0.476569 0.210055 
0.010876 0.174658 0.097201 0.207157 0.510108 
0.069744 0.010244 0.003338 0.490381 0.426293 
0.003234 0.213624 0.421126 0.361811 0.000205 
0.595017 0.157697 0.056658 0.185881 0.004747 
0.446780 0.106768 0.153126 0.251187 0.042139 
0.041092 0.717261 0.066863 0.065746 0.109038 
0.226132 0.452998 0.206741 0.009476 0.104654 
0.553449 0.126278 0.017752 0.240768 0.061753 
0.250733 0.671123 0.037195 0.027002 0.013947 
0.003610 0.329569 0.481265 0.172897 0.012659 
0.041118 0.057881 0.523162 0.231693 0.146146 
0.024736 0.287865 0.000908 0.401265 0.285226 
0.000792 0.637803 0.312189 0.030299 0.018918 
0.164281 0.195624 0.102966 0.533064 0.004064 
0.006994 0.017404 0.065980 0.909079 0.000544 
0.000182 0.054678 0.578520 0.292670 0.073950 
0.014352 0.004385 0.103429 0.283110 0.594724 
0.003546 0.000022 0.059979 0.068711 0.867742 
0.374544 0.441461 0.007355 0.017873 0.158767 
0.714261 0.038910 0.032590 0.034727 0.179512 
0.050318 0.576968 0.001489 0.079026 0.292199 
0.632844 0.047981 0.110626 0.126662 0.081887 
0.051738 0.085953 0.647583 0.207094 0.007632 
0.186560 0.613827 0.016479 0.139817 0.043317 
0.378678 0.033087 0.337140 0.153961 0.097133 
0.152217 0.290197 0.002570 0.543272 0.011743 
0.190369 0.119763 0.094278 0.520751 0.074838 
0.390106 0.152280 0.101375 0.311173 0.045065 
0.207107 0.084698 0.217076 0.368284 0.122835 
0.163734 0.701750 0.105912 0.004749 0.023854 
0.042699 0.244989 0.037609 0.451093 0.223609 
0.189678 0.444761 0.119453 0.225225 0.020883 
0.025106 0.003001 0.713360 0.256004 0.002529 
0.099709 0.130552 0.650728 0.069457 0.049553 
0.348696 0.013366 0.001559 0.000013 0.636366 
0.087626 0.066619 0.771051 0.056298 0.018407 
0.021943 0.034175 0.852069 0.091752 0.000060 
0.026268 0.392853 0.342900 0.156730 0.081249 
0.105889 0.001653 0.755925 0.000370 0.136162 
0.536015 0.346076 0.025519 0.001448 0.090941 
0.090937 0.036003 0.363310 0.502081 0.007669 
0.021603 0.002362 0.205365 0.722773 0.047896 
0.132543 0.350138 0.007352 0.088387 0.421580 
0.034740 0.125547 0.505859 0.333201 0.000654 
0.152855 0.000004 0.171957 0.637720 0.037465 
0.040895 0.313325 0.361885 0.165227 0.118668 
0.000732 0.009079 0.263855 0.719738 0.006596 
0.047755 0.076837 0.405635 0.469129 0.000644 
0.144200 0.187890 0.448932 0.127220 0.091759 
0.049160 0.128733 0.102816 0.554694 0.164597 
0.031763 0.159060 0.058026 0.497821 0.253330 
0.192322 0.174971 0.574879 0.009111 0.048717 
0.041141 0.024110 0.542457 0.078493 0.313798 
0.134590 0.011758 0.615822 0.112687 0.125143 
0.000528 0.033577 0.471251 0.200004 0.294640 
0.071590 0.387634 0.000642 0.404101 0.136033 
0.016573 0.029724 0.384898 0.537832 0.030973 
0.042678 0.242992 0.597404 0.000658 0.116269 
0.109517 0.515931 0.303956 0.000486 0.070110 
0.065252 0.560225 0.101126 0.134677 0.138720 
0.003200 0.444023 0.130023 0.119460 0.303294 
0.260632 0.292152 0.009314 0.024541 0.413360 
0.218156 0.356309 0.036368 0.020541 0.368626 
0.214009 0.149754 0.080637 0.019250 0.536349 
0.362285 0.000241 0.270037 0.031358 0.336080 
0.020024 0.437082 0.039962 0.394768 0.108163 
0.024085 0.184130 0.050602 0.739946 0.001237 
0.000124 0.015291 0.487597 0.496882 0.000105 
0.015884 0.062556 0.066852 0.672476 0.182232 
0.079951 0.205833 0.065535 0.490492 0.158188 
0.001030 0.617061 0.000521 0.057246 0.324143 
0.057217 0.009636 0.768303 0.063663 0.101181 
0.172723 0.417092 0.018705 0.247081 0.144398 
0.002298 0.637383 0.301591 0.055953 0.002774 
0.000406 0.172169 0.245855 0.085302 0.496268 
0.863248 0.027409 0.074903 0.034433 0.000007 
0.076221 0.388973 0.180189 0.330453 0.024164 
0.525191 0.002942 0.127808 0.288355 0.055704 
0.021458 0.058564 0.532638 0.002327 0.385014 
0.056263 0.569509 0.034052 0.339015 0.001160 
0.027445 0.420041 0.049506 0.459913 0.043094 
0.002205 0.198558 0.772446 0.026789 0.000002 
0.013099 0.153813 0.723025 0.059496 0.050567 
0.047468 0.020927 0.107272 0.558943 0.265390 
0.000074 0.457839 0.438107 0.080488 0.023492 
0.041978 0.336994 0.273886 0.321695 0.025446 
0.390014 0.091169 0.073092 0.207283 0.238442 
0.109903 0.003147 0.533788 0.183215 0.169948 
0.018958 0.315700 0.028216 0.362573 0.274553 
0.381484 0.161069 0.019832 0.234203 0.203412 
0.018614 0.015968 0.696857 0.169004 0.099556 
0.000658 0.370630 0.006280 0.586277 0.036156 
0.000080 0.003013 0.352420 0.636332 0.008154 
0.000150 0.010717 0.439710 0.549381 0.000042 
0.000731 0.254458 0.715476 0.020141 0.009194 
0.159707 0.009428 0.802136 0.022825 0.005904 
0.005509 0.113397 0.012038 0.822948 0.046108 
0.110059 0.066154 0.724337 0.027449 0.072001 
0.016731 0.000174 0.245162 0.697086 0.040846 
0.003968 0.274463 0.084280 0.410664 0.226625 
0.016517 0.172096 0.618125 0.191940 0.001321 
0.065274 0.006730 0.244063 0.388287 0.295645 
0.037119 0.010149 0.170463 0.696613 0.085657 
0.015220 0.439945 0.527263 0.017531 0.000042 
0.147769 0.014122 0.197657 0.612782 0.027671 
0.010109 0.073306 0.788288 0.089094 0.039203 
0.003639 0.172372 0.773776 0.033394 0.016819 
0.023332 0.135507 0.772977 0.054962 0.013222 
0.183134 0.015435 0.676033 0.001275 0.124123 
0.000297 0.320020 0.027452 0.521726 0.130505 
0.150702 0.035021 0.369466 0.255336 0.189475 
0.027574 0.003731 0.389511 0.002250 0.576934 
0.066084 0.689971 0.225634 0.012898 0.005414 
0.150082 0.419757 0.400651 0.022782 0.006729 
0.129494 0.038389 0.650237 0.001479 0.180401 
0.031959 0.001597 0.125998 0.830132 0.010316 
0.116987 0.032331 0.469980 0.360645 0.020057 
0.215629 0.020896 0.002793 0.519955 0.240728 
0.141865 0.077498 0.375826 0.402797 0.002015 
0.001144 0.002755 0.295829 0.064479 0.635793 
0.000648 0.625689 0.365187 0.008398 0.000077 
0.000012 0.178171 0.679621 0.142195 0.000002 
0.067911 0.684970 0.127233 0.074420 0.045467 
0.096749 0.484080 0.119683 0.290690 0.008797 
0.012916 0.099034 0.280530 0.572741 0.034780 
0.010056 0.486672 0.314174 0.188896 0.000203 
0.004574 0.135416 0.508879 0.299415 0.051717 
0.014278 0.676694 0.152564 0.154906 0.001558 
0.058504 0.649626 0.192284 0.094153 0.005432 
0.001258 0.041618 0.552241 0.286736 0.118147 
0.007994 0.021510 0.566755 0.216115 0.187626 
0.059713 0.262263 0.215535 0.439949 0.022540 
0.044830 0.008950 0.356181 0.297549 0.292489 
0.015324 0.438491 0.227083 0.317664 0.001438 
0.012375 0.650257 0.143846 0.188754 0.004767 
0.009856 0.023280 0.000074 0.006121 0.960668 
0.135050 0.591380 0.034778 0.205902 0.032890 
0.320871 0.093514 0.002364 0.460294 0.122957 
0.009189 0.000278 0.101233 0.838300 0.051001 
0.073165 0.168598 0.224497 0.518203 0.015537 
0.118552 0.002407 0.169740 0.343096 0.366206 
0.189315 0.202396 0.012612 0.501780 0.093896 
0.121422 0.200055 0.020160 0.615974 0.042389 
0.144054 0.016870 0.114669 0.720541 0.003865 
0.070521 0.423919 0.104475 0.397102 0.003983 
0.005959 0.020128 0.304197 0.512830 0.156887 
0.347230 0.485589 0.085389 0.065287 0.016505 
0.313573 0.485430 0.021562 0.109859 0.069576 
0.281049 0.022911 0.025441 0.415414 0.255186 
0.000337 0.054064 0.020972 0.711431 0.213196 
0.102275 0.704201 0.113209 0.025052 0.055263 
0.000965 0.287000 0.028344 0.260136 0.423556 
0.010438 0.624416 0.019713 0.221525 0.123908 
0.197082 0.266482 0.033681 0.417557 0.085198 
0.563573 0.050389 0.257594 0.100625 0.027819 
0.015053 0.000014 0.006292 0.957668 0.020974 
0.089248 0.022467 0.003530 0.688179 0.196577 
0.075232 0.594429 0.002225 0.113610 0.214505 
0.167812 0.500376 0.065519 0.249034 0.017259 
0.331870 0.002421 0.628771 0.004281 0.032656 
0.022216 0.028389 0.004562 0.859019 0.085813 
0.285448 0.141085 0.404609 0.164827 0.004031 
0.168452 0.035773 0.438578 0.343395 0.013803 
0.279237 0.078074 0.198783 0.342922 0.100984 
0.247040 0.136542 0.294942 0.320626 0.000850 
0.028507 0.078651 0.741175 0.025260 0.126407 
0.413370 0.173219 0.276806 0.134288 0.002317 
0.287830 0.249750 0.004438 0.348241 0.109741 
0.292152 0.119516 0.261103 0.271942 0.055288 
0.320881 0.167595 0.337536 0.168832 0.005156 
0.522129 0.142845 0.177541 0.148067 0.009418 
0.471687 0.004224 0.252424 0.192936 0.078729 
0.429288 0.425343 0.000411 0.136474 0.008483 
0.162229 0.011952 0.149501 0.519063 0.157255 
0.021196 0.350041 0.010071 0.001732 0.616960 
0.141197 0.031130 0.057863 0.365656 0.404153 
0.401366 0.095197 0.166127 0.267254 0.070056 
0.731976 0.003759 0.111792 0.087302 0.065170 
0.260624 0.359926 0.032289 0.279455 0.067706 
0.673326 0.052142 0.080483 0.165909 0.028139 
0.748767 0.057985 0.071415 0.114485 0.007348 
0.454987 0.124476 0.179856 0.206255 0.034426 
0.481341 0.376636 0.105934 0.006697 0.029393 
0.506734 0.288376 0.012077 0.103835 0.088978 
0.057057 0.777344 0.067255 0.036385 0.061958 
0.019461 0.006368 0.302190 0.669601 0.002381 
0.185936 0.804735 0.000000 0.008764 0.000564 
0.012950 0.489397 0.147783 0.003016 0.346854 
0.024865 0.447855 0.002181 0.198719 0.326379 
0.089607 0.450810 0.182857 0.001097 0.275629 
0.557496 0.163515 0.201803 0.002947 0.074238 
0.051164 0.492609 0.010099 0.388118 0.058010 
0.039091 0.196534 0.640059 0.049718 0.074597 
0.118348 0.031300 0.266178 0.136658 0.447516 
0.287649 0.131094 0.011565 0.422086 0.147606 
0.893737 0.008774 0.097318 0.000153 0.000019 
0.360809 0.194825 0.000009 0.377695 0.066662 
0.019296 0.002569 0.677438 0.278884 0.021813 
0.006542 0.290173 0.012734 0.076274 0.614277 
0.195133 0.044858 0.087186 0.660564 0.012259 
0.069073 0.055262 0.145269 0.659810 0.070586 
0.113177 0.027107 0.162158 0.663001 0.034557 
0.129171 0.005430 0.256071 0.589151 0.020177 
0.117108 0.163354 0.075331 0.544481 0.099726 
0.161783 0.075898 0.606697 0.130958 0.024664 
0.039589 0.003425 0.273513 0.652431 0.031041 
0.037647 0.013892 0.212918 0.678168 0.057375 
0.000151 0.000764 0.244859 0.614929 0.139297 
0.037185 0.001608 0.153052 0.320776 0.487377 
0.033779 0.489839 0.421564 0.023553 0.031265 
0.550617 0.265033 0.085128 0.098942 0.000281 
0.049835 0.491963 0.165102 0.278082 0.015018 
0.105073 0.014829 0.652706 0.131580 0.095813 
0.467088 0.295742 0.135782 0.095308 0.006080 
0.173460 0.010000 0.232243 0.399715 0.184582 
0.234478 0.118189 0.220835 0.311884 0.114614 
0.247836 0.190115 0.287271 0.183719 0.091059 
0.337837 0.007624 0.104659 0.479679 0.070202 
0.506810 0.014197 0.474186 0.000982 0.003826 
0.688704 0.043899 0.004679 0.262152 0.000565 
0.072366 0.657000 0.017336 0.190952 0.062346 
0.297812 0.095334 0.268464 0.313074 0.025315 
0.095903 0.263337 0.128856 0.008977 0.502928 
0.137255 0.365978 0.072892 0.001680 0.422196 
0.180530 0.380680 0.052046 0.013219 0.373525 
0.100841 0.257837 0.103061 0.009439 0.528823 
0.030649 0.005016 0.684696 0.248728 0.030911 
0.084611 0.513708 0.077520 0.305798 0.018363 
0.225583 0.367416 0.261150 0.116444 0.029408 
0.016353 0.395162 0.130658 0.363327 0.094501 
0.007969 0.324505 0.169257 0.286168 0.212101 
0.024674 0.057976 0.708686 0.061012 0.147653 
0.078673 0.107223 0.524884 0.126323 0.162896 
0.190581 0.226726 0.403673 0.005059 0.173962 
0.017808 0.041317 0.271446 0.586818 0.082610 
0.040107 0.116089 0.441524 0.338412 0.063869 
0.000213 0.000925 0.062717 0.758552 0.177592 
0.056858 0.063026 0.046487 0.731142 0.102487 
0.000734 0.002657 0.755693 0.007246 0.233670 
0.026951 0.040810 0.560213 0.123121 0.248905 
0.006824 0.678776 0.002644 0.031865 0.279891 
0.226976 0.006489 0.486412 0.009391 0.270732 
0.009667 0.261805 0.124415 0.021470 0.582643 
0.026564 0.035454 0.111199 0.003410 0.823373 
0.201328 0.044607 0.134732 0.135826 0.483507 
0.102666 0.006154 0.252517 0.158621 0.480042 
0.561967 0.000336 0.089986 0.345637 0.002075 
0.014447 0.420380 0.044649 0.003643 0.516881 
0.185030 0.060764 0.702709 0.000016 0.051480 
0.004508 0.102912 0.316230 0.560147 0.016203 
0.325708 0.486583 0.165030 0.014848 0.007831 
0.573389 0.158557 0.244926 0.018948 0.004180 
0.000008 0.364441 0.241875 0.370364 0.023311 
0.683809 0.140394 0.159547 0.014377 0.001873 
0.939932 0.016758 0.033249 0.000879 0.009183 
0.145761 0.130442 0.019932 0.676171 0.027693 
0.023079 0.774521 0.059452 0.036244 0.106704 
0.060613 0.693952 0.103086 0.075582 0.066767 
0.023356 0.153919 0.143572 0.640728 0.038425 
0.044825 0.274813 0.182377 0.453388 0.044597 
0.000320 0.200498 0.098381 0.587822 0.112979 
0.000504 0.703071 0.113633 0.161509 0.021283 
0.019524 0.744201 0.047946 0.027188 0.161142 
0.701465 0.006157 0.000216 0.292101 0.000062 
0.010513 0.494628 0.000854 0.460982 0.033023 
0.608195 0.090417 0.131485 0.045494 0.124408 
0.463540 0.054075 0.084370 0.141444 0.256572 
0.351187 0.000083 0.042948 0.306129 0.299653 
0.009410 0.463584 0.066807 0.460173 0.000026 
0.128992 0.072352 0.666177 0.131012 0.001468 
0.100844 0.107547 0.006041 0.706773 0.078796 
0.000402 0.035252 0.024981 0.847434 0.091932 
0.062263 0.009485 0.000024 0.627338 0.300889 
0.014512 0.000244 0.505502 0.478315 0.001427 
0.096228 0.001542 0.355809 0.503900 0.042521 
0.162129 0.423265 0.332337 0.067132 0.015137 
0.524539 0.041706 0.049799 0.097415 0.286540 
0.208148 0.016841 0.409338 0.191400 0.174273 
0.050054 0.362360 0.413036 0.138988 0.035561 
0.047216 0.427365 0.377834 0.146123 0.001462 
0.344871 0.063026 0.421254 0.092330 0.078519 
0.214901 0.362657 0.099186 0.323256 0.000000 
0.409380 0.376961 0.019253 0.178516 0.015889 
0.162165 0.009112 0.789351 0.035163 0.004209 
0.014370 0.079278 0.252662 0.187074 0.466616 
0.004511 0.116068 0.071187 0.800383 0.007850 
0.014044 0.091609 0.189517 0.032848 0.671982 
0.040720 0.082250 0.233970 0.563471 0.079589 
0.023554 0.051422 0.211186 0.711592 0.002247 
0.040493 0.048087 0.001707 0.467672 0.442041 
0.000008 0.128701 0.516843 0.351191 0.003256 
0.169562 0.649313 0.061858 0.119196 0.000071 
0.411698 0.014847 0.078547 0.246883 0.248024 
0.250811 0.044279 0.064783 0.596671 0.043457 
0.148019 0.089912 0.556096 0.037718 0.168256 
0.106360 0.059753 0.374730 0.267656 0.191503 
0.053824 0.266891 0.344324 0.003832 0.331129 
0.000029 0.282866 0.036176 0.399384 0.281544 
0.056836 0.190894 0.184146 0.339537 0.228586 
0.206339 0.035849 0.568634 0.112018 0.077160 
0.055495 0.026783 0.452997 0.046776 0.417949 
0.016024 0.024424 0.660714 0.105887 0.192951 
0.042531 0.146806 0.454893 0.028969 0.326799 
0.009196 0.129863 0.717688 0.142207 0.001047 
0.044031 0.087854 0.685938 0.005244 0.176933 
0.008407 0.001399 0.731612 0.024413 0.234169 
0.147360 0.064980 0.232615 0.008952 0.546094 
0.092184 0.006829 0.335461 0.001154 0.564372 
0.057294 0.392334 0.126791 0.049717 0.373864 
0.383762 0.406545 0.116908 0.022558 0.070227 
0.412929 0.383850 0.069995 0.075479 0.057747 
0.345083 0.479708 0.107801 0.040159 0.027247 
0.602333 0.252921 0.100588 0.016595 0.027563 
0.844720 0.062796 0.064390 0.004722 0.023372 
0.586623 0.246752 0.081606 0.034519 0.050500 
0.321237 0.260962 0.000412 0.229838 0.187551 
0.367802 0.340514 0.013803 0.155323 0.122558 
0.178861 0.363360 0.000200 0.355447 0.102132 
0.606133 0.169449 0.000015 0.091549 0.132854 
0.497312 0.073417 0.085993 0.070586 0.272693 
0.545817 0.119065 0.091548 0.030015 0.213554 
0.635738 0.003192 0.003367 0.083583 0.274119 
0.006380 0.166454 0.497908 0.273600 0.055658 
0.308163 0.135085 0.245068 0.020719 0.290966 
0.768724 0.008380 0.006285 0.065719 0.150893 
0.418651 0.036488 0.004227 0.154498 0.386136 
0.246576 0.062685 0.184354 0.104163 0.402223 
0.008490 0.036517 0.037123 0.879523 0.038347 
0.137057 0.036420 0.695105 0.012433 0.118985 
0.044776 0.425741 0.283597 0.243391 0.002494 
0.016645 0.382240 0.492117 0.096993 0.012006 
0.000426 0.041199 0.098771 0.670220 0.189384 
0.460868 0.208559 0.028144 0.150110 0.152319 
0.714898 0.028363 0.034640 0.120646 0.101453 
0.140510 0.218806 0.561019 0.079654 0.000010 
0.022804 0.098526 0.043956 0.721587 0.113127 
0.014527 0.121172 0.495769 0.364266 0.004267 
0.177463 0.005491 0.381381 0.079255 0.356410 
0.162610 0.222761 0.071076 0.219878 0.323675 
0.003523 0.025986 0.261106 0.675776 0.033609 
0.005330 0.026225 0.270111 0.601838 0.096495 
0.049082 0.104981 0.002076 0.777709 0.066152 
0.062786 0.205485 0.608794 0.034093 0.088842 
0.001043 0.595239 0.006839 0.003256 0.393623 
0.025387 0.755730 0.099715 0.011187 0.107980 
0.181593 0.001178 0.002635 0.264540 0.550054 
0.565939 0.058103 0.017830 0.332317 0.025811 
0.734424 0.029395 0.051285 0.180248 0.004648 
0.605725 0.015787 0.003205 0.022121 0.353162 
0.209022 0.000126 0.018343 0.640318 0.132191 
0.357740 0.132461 0.001918 0.391445 0.116436 
0.258356 0.009264 0.000104 0.673135 0.059140 
0.071799 0.000091 0.062896 0.086275 0.778939 
0.215376 0.135246 0.030316 0.141438 0.477623 
0.016669 0.021345 0.133831 0.500616 0.327539 
0.354208 0.073267 0.012476 0.329457 0.230592 
0.136940 0.062980 0.067942 0.152983 0.579155 
0.320318 0.030203 0.009538 0.450112 0.189829 
0.031945 0.396091 0.058340 0.006838 0.506786 
0.389450 0.014452 0.016990 0.515332 0.063776 
0.593509 0.069041 0.074509 0.235708 0.027233 
0.492008 0.188930 0.092385 0.139126 0.087551 
0.000060 0.003104 0.200423 0.759297 0.037116 
0.047954 0.006447 0.601929 0.032038 0.311633 
0.140261 0.064765 0.440673 0.335589 0.018712 
0.051185 0.000451 0.560053 0.326630 0.061681 
0.036052 0.285489 0.022017 0.650746 0.005696 
0.013858 0.098608 0.374652 0.190576 0.322306 
0.022104 0.163638 0.237453 0.141838 0.434967 
0.094226 0.351382 0.018616 0.353756 0.182019 
0.006382 0.015220 0.532972 0.291096 0.154331 
0.205414 0.177363 0.014513 0.263186 0.339524 
0.064646 0.250058 0.105920 0.080637 0.498739 
0.001408 0.278633 0.027585 0.161355 0.531018 
0.000466 0.375094 0.049639 0.103303 0.471498 
0.089190 0.152244 0.194632 0.003872 0.560062 
0.124969 0.126418 0.086196 0.019979 0.642438 
0.023512 0.135255 0.104179 0.661376 0.075678 
0.073060 0.267280 0.061104 0.456662 0.141894 
0.011747 0.336329 0.015121 0.582813 0.053990 
0.125892 0.231168 0.067603 0.367255 0.208083 
0.294832 0.568424 0.055625 0.048269 0.032849 
0.822530 0.082105 0.033620 0.003653 0.058093 
0.873112 0.001543 0.005757 0.061036 0.058552 
0.775173 0.015239 0.003900 0.016837 0.188851 
0.034334 0.136548 0.029890 0.714853 0.084374 
0.134822 0.119103 0.006204 0.553714 0.186157 
0.024903 0.026124 0.028563 0.085570 0.834840 
0.077893 0.000426 0.141461 0.091808 0.688412 
0.042494 0.014328 0.060374 0.138883 0.743922 
0.023365 0.074368 0.018042 0.276184 0.608042 
0.142704 0.047285 0.153450 0.058056 0.598505 
0.135927 0.320006 0.048214 0.139515 0.356339 
0.054173 0.185827 0.087317 0.272340 0.400345 
0.052314 0.043142 0.014641 0.625201 0.264703 
0.215902 0.520227 0.039340 0.024962 0.199569 
0.009621 0.104871 0.081479 0.436919 0.367110 
0.044158 0.083926 0.054617 0.045905 0.771394 
0.061833 0.237746 0.207365 0.258629 0.234426 
0.011549 0.226793 0.268565 0.012338 0.480754 
0.070055 0.319040 0.229252 0.014275 0.367378 
0.003154 0.038868 0.081729 0.654392 0.221857 
0.001777 0.051826 0.096043 0.701585 0.148769 
0.029294 0.015730 0.005398 0.453702 0.495876 
0.000458 0.010558 0.001713 0.265738 0.721533 
0.007759 0.002720 0.060827 0.496706 0.431988 
0.018888 0.083777 0.119302 0.033781 0.744253 
0.035816 0.170179 0.131115 0.037232 0.625658 
0.036664 0.032960 0.069307 0.554933 0.306135 
0.002692 0.006576 0.065020 0.418957 0.506755 
0.007931 0.028771 0.019475 0.224743 0.719081 
0.119675 0.155751 0.119349 0.298026 0.307200 
0.003236 0.146219 0.301549 0.305470 0.243524 
0.049828 0.062607 0.001591 0.015536 0.870438 
0.001671 0.000637 0.039334 0.337871 0.620486 
0.000095 0.049387 0.164660 0.466772 0.319086 
0.197769 0.476347 0.165208 0.085734 0.074942 
0.004714 0.258097 0.671287 0.065086 0.000816 
0.026859 0.466983 0.337392 0.105017 0.063749 
0.102178 0.255038 0.223394 0.234599 0.184791 
0.078374 0.446131 0.013077 0.372451 0.089968 
0.496862 0.341557 0.011413 0.012353 0.137816 
0.059148 0.358897 0.067974 0.042842 0.471139 
0.043502 0.132719 0.180833 0.351463 0.291484 
0.008810 0.213710 0.338085 0.251032 0.188364 
0.227002 0.516301 0.035359 0.153394 0.067943 
0.105207 0.598871 0.017554 0.254387 0.023980 
0.036496 0.357295 0.000304 0.483120 0.122785 
0.152494 0.492961 0.092288 0.014635 0.247623 
0.000020 0.229654 0.025649 0.088204 0.656472 
0.081131 0.001538 0.009919 0.192937 0.714475 
0.008386 0.081870 0.191346 0.391367 0.327031 
0.246602 0.293848 0.117031 0.149342 0.193177 
0.238844 0.341242 0.000800 0.024254 0.394860 
0.041596 0.514259 0.005713 0.280573 0.157860 
0.000761 0.289078 0.527805 0.005679 0.176678 
0.014035 0.307563 0.394753 0.000027 0.283622 
0.019847 0.028614 0.221787 0.545252 0.184499 
0.029089 0.012274 0.160321 0.516952 0.281364 
0.007263 0.022581 0.156465 0.605187 0.208504 
0.005767 0.061668 0.238912 0.165961 0.527692 
0.315880 0.088794 0.034451 0.013715 0.547161 
0.143850 0.411930 0.066246 0.356487 0.021488 
0.004555 0.359804 0.009653 0.000494 0.625494 
0.168247 0.088805 0.001840 0.691691 0.049417 
0.089775 0.218689 0.001117 0.492430 0.197988 
0.008150 0.031027 0.245122 0.173034 0.542667 
0.055254 0.003203 0.190232 0.074521 0.676790 
0.094813 0.831396 0.000391 0.004891 0.068509 
0.353619 0.531350 0.068688 0.018760 0.027582 
0.713737 0.187583 0.050058 0.024521 0.024101 
0.629955 0.115797 0.078220 0.063986 0.112042 
0.478798 0.046739 0.076305 0.156514 0.241644 
0.031038 0.383761 0.107924 0.007433 0.469845 
0.262673 0.447288 0.004936 0.172969 0.112134 
0.547207 0.035003 0.054997 0.001015 0.361778 
0.010868 0.524677 0.002776 0.002655 0.459024 
0.433446 0.218262 0.000176 0.049995 0.298121 
0.032920 0.011883 0.407895 0.144313 0.402989 
0.174142 0.228308 0.009682 0.451220 0.136649 
0.272019 0.141346 0.079447 0.028967 0.478221 
0.561428 0.121039 0.000227 0.004995 0.312310 
0.489340 0.003657 0.166147 0.003474 0.337382 
0.379232 0.303851 0.029521 0.115493 0.171903 
0.194152 0.009498 0.070052 0.714951 0.011347 
0.299824 0.000153 0.137801 0.562139 0.000083 
0.448749 0.286070 0.154655 0.047676 0.062851 
0.065475 0.331853 0.001696 0.300535 0.300441 
0.155673 0.136609 0.568073 0.059535 0.080109 
0.000976 0.303710 0.000195 0.356263 0.338856 
0.189043 0.036280 0.054721 0.181162 0.538794 
0.092532 0.035806 0.149940 0.088032 0.633690 
0.266816 0.022272 0.011107 0.420287 0.279517 
0.021660 0.466408 0.002068 0.317092 0.192771 
0.156991 0.560609 0.000199 0.181387 0.100815 
0.322152 0.612517 0.020854 0.040270 0.004206 
0.040208 0.500893 0.412569 0.041737 0.004594 
0.067437 0.555810 0.302851 0.004573 0.069329 
0.439217 0.231731 0.006827 0.032008 0.290217 
0.409983 0.128254 0.033028 0.001733 0.427002 
0.096787 0.196644 0.006653 0.017671 0.682245 
0.001063 0.266053 0.139047 0.005453 0.588384 
0.190274 0.268512 0.188003 0.029639 0.323572 
0.090797 0.708787 0.003401 0.180238 0.016778 
0.344101 0.177139 0.441998 0.001314 0.035447 
0.066598 0.487782 0.003135 0.160751 0.281734 
0.357144 0.093646 0.086131 0.139417 0.323662 
0.025081 0.365899 0.512651 0.074915 0.021455 
0.049906 0.322547 0.056493 0.046063 0.524990 
0.001926 0.021198 0.271852 0.238448 0.466576 
0.071889 0.558124 0.289968 0.006205 0.073814 
0.265667 0.566410 0.082535 0.005925 0.079463 
0.519969 0.238360 0.081444 0.015443 0.144784 
0.185147 0.715070 0.052353 0.012506 0.034925 
0.040478 0.240061 0.322900 0.068141 0.328421 
0.227970 0.690970 0.003972 0.014912 0.062176 
0.035324 0.477417 0.014739 0.348359 0.124161 
0.019114 0.059664 0.041074 0.515063 0.365085 
0.096622 0.087426 0.131162 0.115045 0.569744 
