-1.654279999999999917e-01 9.681099999999999428e-02 1.721999999999999920e-02
-1.613989999999999869e-01 8.491999999999999549e-02 2.945400000000000101e-02
-1.589039999999999897e-01 5.964599999999999763e-02 3.128800000000000331e-02
-1.492580000000000018e-01 2.620199999999999960e-02 3.556900000000000339e-02
-1.456490000000000007e-01 6.769999999999999759e-04 3.697299999999999892e-02
-1.491069999999999895e-01 -6.537300000000000055e-02 4.412200000000000150e-02
-1.547129999999999894e-01 -8.792200000000000015e-02 4.063900000000000151e-02
-1.601229999999999876e-01 -1.090290000000000009e-01 4.265599999999999947e-02
-1.654680000000000040e-01 -1.261770000000000114e-01 3.936200000000000115e-02
-1.749910000000000077e-01 -1.559059999999999890e-01 3.359399999999999886e-02
-1.814820000000000044e-01 -1.797110000000000096e-01 3.396500000000000213e-02
-1.857659999999999867e-01 -2.005899999999999905e-01 3.412899999999999961e-02
-1.907909999999999884e-01 -2.210550000000000015e-01 3.424599999999999866e-02
-1.950030000000000097e-01 -2.399709999999999899e-01 3.540700000000000097e-02
-2.004759999999999875e-01 -2.577340000000000186e-01 3.388000000000000039e-02
-2.050559999999999883e-01 -2.783359999999999723e-01 3.635599999999999943e-02
-2.152350000000000096e-01 -3.173139999999999850e-01 3.748800000000000049e-02
-2.244740000000000069e-01 -3.535159999999999969e-01 4.074400000000000244e-02
-2.290939999999999921e-01 -3.716409999999999991e-01 3.980500000000000010e-02
-2.379139999999999866e-01 -4.172799999999999843e-01 5.053799999999999959e-02
-2.469030000000000113e-01 -4.476820000000000244e-01 4.328100000000000003e-02
-2.499520000000000075e-01 -4.671989999999999754e-01 4.730499999999999983e-02
-2.548880000000000035e-01 -5.050289999999999502e-01 5.248699999999999893e-02
-2.527240000000000042e-01 -5.236530000000000351e-01 5.390600000000000253e-02
-2.543259999999999965e-01 -5.396990000000000398e-01 5.897899999999999671e-02
-2.556320000000000259e-01 -5.422369999999999690e-01 5.858900000000000219e-02
-2.564540000000000153e-01 -5.446109999999999562e-01 5.758699999999999930e-02
-2.400440000000000074e-01 -5.495569999999999622e-01 6.784700000000000453e-02
-2.214450000000000029e-01 -5.514440000000000452e-01 7.203299999999999981e-02
-2.041489999999999971e-01 -5.531610000000000138e-01 7.738799999999999846e-02
-1.878990000000000105e-01 -5.548990000000000311e-01 8.557499999999999829e-02
-1.713419999999999943e-01 -5.563169999999999504e-01 9.304099999999999870e-02
-1.552779999999999994e-01 -5.573679999999999746e-01 1.016470000000000012e-01
-1.391779999999999962e-01 -5.584120000000000195e-01 1.103090000000000043e-01
-1.263519999999999921e-01 -5.594130000000000491e-01 1.233019999999999949e-01
-1.156240000000000046e-01 -5.598600000000000243e-01 1.382569999999999910e-01
-1.162669999999999954e-01 -5.593150000000000066e-01 1.566760000000000097e-01
-1.164440000000000058e-01 -5.588309999999999667e-01 1.751469999999999971e-01
-1.140240000000000004e-01 -5.581650000000000222e-01 1.935620000000000118e-01
-1.046409999999999979e-01 -5.581690000000000262e-01 2.097330000000000028e-01
-8.608499999999999486e-02 -5.602780000000000538e-01 2.101540000000000075e-01
-7.018099999999999339e-02 -5.633399999999999519e-01 2.006519999999999970e-01
-5.370799999999999880e-02 -5.660969999999999613e-01 1.920060000000000100e-01
-3.522700000000000137e-02 -5.678790000000000227e-01 1.887030000000000096e-01
-1.641799999999999857e-02 -5.684360000000000523e-01 1.900789999999999980e-01
-1.744000000000000107e-03 -5.679920000000000524e-01 2.019789999999999919e-01
1.332900000000000057e-02 -5.670260000000000300e-01 2.133259999999999879e-01
1.073700000000000002e-02 -5.263430000000000053e-01 2.101149999999999962e-01
3.926999999999999935e-03 -4.846329999999999805e-01 2.011259999999999992e-01
8.040000000000000271e-03 -4.671960000000000002e-01 2.035220000000000085e-01
5.801999999999999866e-03 -4.448949999999999849e-01 2.001650000000000096e-01
2.436999999999999930e-03 -4.249049999999999772e-01 1.967460000000000042e-01
3.644000000000000104e-03 -3.642560000000000242e-01 1.908920000000000061e-01
1.162799999999999945e-02 -3.325629999999999975e-01 1.937989999999999990e-01
7.727999999999999627e-03 -3.119060000000000166e-01 1.908789999999999931e-01
3.730999999999999941e-03 -2.687490000000000157e-01 1.837989999999999902e-01
2.199000000000000000e-03 -2.487860000000000071e-01 1.821329999999999893e-01
-1.079999999999999960e-04 -2.094459999999999933e-01 1.800930000000000031e-01
1.492999999999999969e-03 -1.892959999999999920e-01 1.764270000000000005e-01
2.105999999999999799e-03 -1.684019999999999961e-01 1.743490000000000040e-01
-2.099000000000000171e-03 -1.240720000000000017e-01 1.693810000000000038e-01
2.439999999999999949e-04 -4.961499999999999938e-02 1.575429999999999886e-01
1.541999999999999968e-03 -3.306699999999999917e-02 1.547959999999999892e-01
1.286999999999999950e-03 -1.004299999999999984e-02 1.504379999999999884e-01
-2.710000000000000169e-03 1.302299999999999985e-02 1.463710000000000011e-01
9.797999999999999418e-03 2.550900000000000042e-02 1.463099999999999956e-01
5.947000000000000029e-03 4.662000000000000172e-02 1.474600000000000077e-01
1.930000000000000075e-03 6.821900000000000186e-02 1.504020000000000079e-01
1.008000000000000042e-02 8.069199999999999984e-02 1.515160000000000118e-01
9.680000000000000019e-04 1.082160000000000066e-01 1.435899999999999954e-01
-1.863999999999999988e-03 1.257939999999999892e-01 1.334650000000000003e-01
-4.778000000000000129e-03 1.436340000000000117e-01 1.183049999999999935e-01
-1.819000000000000087e-03 1.580409999999999870e-01 1.074510000000000048e-01
-1.074000000000000085e-03 2.074020000000000030e-01 7.513000000000000234e-02
-2.045500000000000096e-02 2.084739999999999926e-01 7.295400000000000496e-02
-3.911599999999999799e-02 2.139699999999999935e-01 6.739199999999999358e-02
-5.527900000000000175e-02 2.243960000000000121e-01 5.747100000000000125e-02
-6.759099999999999830e-02 2.380909999999999971e-01 4.361799999999999705e-02
-7.583199999999999663e-02 2.527170000000000250e-01 2.463699999999999918e-02
-8.133700000000000652e-02 2.668179999999999996e-01 3.691999999999999969e-03
-8.589399999999999813e-02 2.780599999999999739e-01 -1.952200000000000116e-02
-8.642800000000000482e-02 2.778450000000000086e-01 -4.679400000000000226e-02
-1.008000000000000007e-01 2.770259999999999945e-01 -3.547700000000000159e-02
-1.214910000000000018e-01 2.712390000000000079e-01 -3.722000000000000308e-02
-1.403560000000000085e-01 2.690759999999999819e-01 -3.448799999999999782e-02
-1.506349999999999911e-01 2.718800000000000106e-01 -1.434299999999999985e-02
-1.524520000000000042e-01 2.725409999999999777e-01 5.688000000000000347e-03
-1.486230000000000051e-01 2.612979999999999747e-01 2.153700000000000059e-02
-1.430559999999999887e-01 2.468450000000000089e-01 3.393899999999999695e-02
-1.384469999999999867e-01 2.289400000000000046e-01 4.372700000000000198e-02
-1.354229999999999878e-01 2.095170000000000088e-01 5.317800000000000304e-02
-1.360669999999999935e-01 1.897349999999999870e-01 6.227400000000000296e-02
-1.408949999999999925e-01 1.696910000000000085e-01 6.865100000000000369e-02
-1.480120000000000047e-01 1.499669999999999892e-01 6.945500000000000285e-02
-1.550570000000000004e-01 1.300169999999999937e-01 6.169600000000000084e-02
-1.595350000000000101e-01 1.117299999999999960e-01 4.424100000000000255e-02
-2.192989999999999939e-01 -5.132670000000000288e-01 8.354699999999999627e-02
-8.091199999999999781e-02 -4.488989999999999925e-01 2.005550000000000110e-01
-3.922500000000000292e-02 -5.077990000000000004e-01 1.807660000000000100e-01
-1.436800000000000056e-02 -5.371749999999999581e-01 1.940580000000000083e-01
1.241500000000000069e-02 -5.479270000000000529e-01 2.148909999999999987e-01
-4.376700000000000035e-02 1.790080000000000005e-01 9.125700000000000478e-02
-3.964600000000000068e-02 1.994090000000000029e-01 7.692899999999999738e-02
-1.122459999999999986e-01 2.735679999999999779e-01 -1.923499999999999863e-02
-2.223449999999999871e-01 -5.367990000000000261e-01 7.166999999999999760e-02
-1.873049999999999993e-01 -5.206359999999999877e-01 1.008909999999999946e-01
-1.192069999999999935e-01 -4.661060000000000203e-01 1.275090000000000112e-01
-1.305679999999999896e-01 2.722080000000000055e-01 -2.080900000000000111e-02
-4.370199999999999779e-02 -5.475440000000000307e-01 1.863839999999999941e-01
-1.089999999999999997e-02 -5.558929999999999705e-01 1.966410000000000102e-01
-9.719800000000000662e-02 2.715500000000000136e-01 -9.060999999999999610e-03
-7.250399999999999900e-02 2.253449999999999898e-01 5.276800000000000240e-02
-1.809590000000000087e-01 -5.399549999999999628e-01 9.632699999999999596e-02
-9.613199999999999523e-02 2.580689999999999928e-01 1.371099999999999923e-02
-1.158269999999999994e-01 -5.107460000000000333e-01 1.750259999999999871e-01
-2.435700000000000018e-02 -5.543299999999999894e-01 1.862030000000000074e-01
-1.625050000000000106e-01 -5.406290000000000262e-01 1.001869999999999983e-01
-1.325729999999999964e-01 2.650970000000000271e-01 1.249800000000000043e-02
-7.780299999999999716e-02 -5.391660000000000341e-01 2.003659999999999886e-01
-1.089360000000000051e-01 -5.408300000000000329e-01 2.002130000000000021e-01
-6.155399999999999761e-02 -5.540890000000000537e-01 1.940900000000000125e-01
-1.302760000000000029e-01 -5.442289999999999628e-01 1.164310000000000067e-01
-1.343439999999999912e-01 2.556229999999999891e-01 2.597999999999999962e-02
-1.183109999999999995e-01 2.555299999999999794e-01 2.006300000000000097e-02
-1.166390000000000066e-01 -5.447800000000000420e-01 1.568759999999999877e-01
-1.149260000000000004e-01 -5.372559999999999558e-01 1.332659999999999956e-01
-1.267079999999999873e-01 2.407940000000000080e-01 3.599900000000000322e-02
-6.041200000000000042e-02 -5.332400000000000473e-01 1.916400000000000048e-01
-1.168349999999999944e-01 -5.384379999999999722e-01 1.763139999999999985e-01
-1.145319999999999949e-01 -5.247779999999999667e-01 1.865630000000000066e-01
-1.086799999999999988e-01 -1.115389999999999993e-01 1.267210000000000003e-01
-9.848500000000000310e-02 1.805700000000000013e-02 1.159199999999999953e-01
-1.481369999999999909e-01 8.043699999999999461e-02 8.841200000000000447e-02
-2.309269999999999934e-01 -4.796000000000000263e-01 7.420799999999999619e-02
-2.446810000000000096e-01 -5.138449999999999962e-01 6.911799999999999888e-02
-1.706799999999999984e-01 -3.901560000000000028e-01 1.005759999999999987e-01
-7.087000000000000417e-03 -4.987059999999999826e-01 1.924960000000000004e-01
-5.335000000000000332e-03 -5.211329999999999574e-01 1.962760000000000060e-01
-1.093000000000000005e-03 -5.432730000000000059e-01 2.047650000000000026e-01
-2.158200000000000049e-02 1.668610000000000093e-01 1.008509999999999962e-01
-9.480700000000000238e-02 1.480700000000000072e-01 1.066509999999999958e-01
-2.402100000000000068e-01 -5.317380000000000440e-01 6.499599999999999822e-02
-5.828900000000000053e-02 2.071989999999999943e-01 6.904200000000000614e-02
-5.344399999999999845e-02 1.900489999999999957e-01 8.205500000000000294e-02
-7.550400000000000167e-02 2.096840000000000093e-01 6.419800000000000506e-02
-9.994100000000000206e-02 1.872620000000000118e-01 7.618600000000000372e-02
-6.283099999999999796e-02 1.721409999999999885e-01 9.479400000000000326e-02
-7.367600000000000537e-02 1.926579999999999959e-01 7.742599999999999483e-02
-9.468400000000000427e-02 2.008159999999999945e-01 6.773500000000000354e-02
-2.068969999999999976e-01 -5.256669999999999954e-01 8.944199999999999373e-02
-1.469930000000000125e-01 -5.363019999999999454e-01 1.067940000000000000e-01
-4.204000000000000098e-02 -5.247469999999999635e-01 1.827060000000000073e-01
-5.588100000000000012e-02 -5.091719999999999580e-01 1.918060000000000043e-01
-1.122129999999999933e-01 2.664110000000000089e-01 1.381000000000000066e-03
-9.645199999999999607e-02 -5.384879999999999667e-01 2.107549999999999979e-01
-6.190199999999999869e-02 -2.183970000000000078e-01 1.645439999999999958e-01
-1.509429999999999938e-01 -1.919279999999999875e-01 9.712899999999999312e-02
-6.384099999999999497e-02 -1.078520000000000034e-01 1.550819999999999976e-01
-5.179399999999999976e-02 4.398799999999999932e-02 1.439280000000000004e-01
-1.540050000000000030e-01 1.117240000000000039e-01 6.219299999999999828e-02
-1.563529999999999920e-01 7.773499999999999854e-02 5.530499999999999999e-02
-2.194079999999999919e-01 -4.399529999999999830e-01 7.019899999999999751e-02
-2.434099999999999875e-01 -4.754470000000000085e-01 6.233000000000000346e-02
-2.446440000000000003e-01 -4.944979999999999931e-01 6.502800000000000247e-02
-2.335599999999999898e-01 -5.009550000000000392e-01 7.640600000000000169e-02
-2.301769999999999927e-01 -5.186659999999999604e-01 7.332900000000000529e-02
-1.993409999999999904e-01 -3.829779999999999851e-01 7.560699999999999366e-02
-1.367100000000000086e-02 -4.205889999999999906e-01 1.816969999999999974e-01
2.223999999999999849e-03 -5.056519999999999904e-01 2.026090000000000113e-01
-5.366100000000000037e-02 1.390949999999999964e-01 1.216799999999999965e-01
-2.003200000000000119e-02 1.486919999999999908e-01 1.140869999999999940e-01
-1.187209999999999932e-01 1.991590000000000027e-01 6.303100000000000369e-02
-1.061799999999999966e-01 1.688620000000000121e-01 8.696199999999999763e-02
-1.664299999999999946e-01 -5.238140000000000018e-01 1.073199999999999987e-01
-1.279119999999999979e-01 -5.247420000000000417e-01 1.170319999999999971e-01
-1.489989999999999926e-01 -5.134929999999999772e-01 1.158639999999999948e-01
-1.968200000000000158e-02 -5.174809999999999688e-01 1.854500000000000037e-01
-2.417100000000000151e-02 -5.019040000000000168e-01 1.826649999999999940e-01
-4.423499999999999654e-02 -4.714590000000000169e-01 1.795700000000000074e-01
-5.167100000000000165e-02 -4.908440000000000025e-01 1.850729999999999875e-01
-2.752100000000000032e-02 -5.355630000000000113e-01 1.837660000000000127e-01
-7.824399999999999411e-02 -4.821570000000000022e-01 2.038800000000000057e-01
-8.417099999999999582e-02 -5.020649999999999835e-01 2.068619999999999903e-01
-6.689000000000000501e-02 -4.929040000000000088e-01 1.975999999999999979e-01
-6.381399999999999573e-02 -4.713789999999999925e-01 1.907989999999999964e-01
-1.857669999999999877e-01 -2.485590000000000022e-01 6.914700000000000013e-02
-1.548190000000000122e-01 -1.180889999999999995e-01 6.608100000000000085e-02
-1.593380000000000074e-01 9.797400000000000553e-02 4.081499999999999712e-02
-1.590600000000000069e-01 7.342899999999999427e-02 3.954200000000000076e-02
-1.537370000000000125e-01 5.806599999999999956e-02 5.554800000000000015e-02
-2.419429999999999914e-01 -4.552610000000000268e-01 5.951100000000000140e-02
-2.297160000000000035e-01 -4.562700000000000089e-01 7.079499999999999682e-02
-2.348709999999999964e-01 -4.363060000000000271e-01 6.409700000000000120e-02
-1.451200000000000059e-02 -3.754700000000000260e-01 1.785069999999999990e-01
-1.908800000000000080e-02 -3.392649999999999832e-01 1.751550000000000051e-01
-1.142199999999999986e-02 -4.559309999999999752e-01 1.859520000000000062e-01
-7.362999999999999753e-03 -4.397710000000000230e-01 1.876569999999999905e-01
-1.266199999999999964e-02 1.943280000000000007e-01 8.323600000000000443e-02
-2.497100000000000014e-02 1.834000000000000075e-01 8.986800000000000344e-02
-5.759899999999999742e-02 1.554449999999999998e-01 1.083579999999999960e-01
-3.243000000000000049e-02 1.184930000000000011e-01 1.375760000000000038e-01
-2.034100000000000144e-02 1.327909999999999924e-01 1.278670000000000084e-01
-1.424749999999999905e-01 1.438230000000000064e-01 7.661900000000000654e-02
-1.298519999999999952e-01 1.607339999999999880e-01 7.971300000000000607e-02
-1.236470000000000069e-01 1.798760000000000081e-01 7.268900000000000361e-02
-1.146230000000000027e-01 1.530729999999999869e-01 9.350500000000000478e-02
-1.299669999999999992e-01 1.235450000000000020e-01 1.014160000000000061e-01
-1.153170000000000028e-01 1.369799999999999907e-01 1.042919999999999958e-01
-1.312339999999999895e-01 1.408979999999999955e-01 8.916799999999999726e-02
-1.288169999999999871e-01 -5.022320000000000118e-01 1.191939999999999944e-01
-1.145169999999999938e-01 -5.147150000000000336e-01 1.314929999999999988e-01
-1.114750000000000046e-01 -5.156650000000000400e-01 1.489479999999999971e-01
-1.620299999999999865e-02 -4.800389999999999935e-01 1.847519999999999996e-01
-2.915299999999999836e-02 -4.627410000000000134e-01 1.784799999999999998e-01
-2.402999999999999928e-02 -4.412900000000000156e-01 1.783609999999999918e-01
-3.278299999999999964e-02 -4.223939999999999917e-01 1.757960000000000078e-01
-1.474299999999999916e-02 -3.955069999999999975e-01 1.794439999999999924e-01
-1.748100000000000001e-02 -2.449129999999999918e-01 1.728470000000000006e-01
-3.618000000000000122e-03 -2.308739999999999959e-01 1.799439999999999928e-01
-1.980700000000000169e-02 -2.230050000000000088e-01 1.712559999999999916e-01
-3.847899999999999932e-02 -2.431010000000000115e-01 1.722100000000000020e-01
-2.014700000000000102e-01 -2.887609999999999899e-01 5.918299999999999950e-02
-1.490499999999999985e-02 -1.069240000000000052e-01 1.648779999999999968e-01
-2.161499999999999880e-02 -1.273459999999999870e-01 1.668439999999999923e-01
-1.472620000000000040e-01 -8.242800000000000127e-02 6.254800000000000637e-02
-1.421469999999999956e-01 -4.608899999999999803e-02 5.528999999999999887e-02
-1.623140000000000138e-01 -1.319369999999999987e-01 5.616399999999999865e-02
-1.515970000000000095e-01 -9.937200000000000200e-02 6.198599999999999943e-02
-1.691350000000000076e-01 -1.457549999999999957e-01 4.641200000000000186e-02
-1.449199999999999967e-02 3.680699999999999944e-02 1.464640000000000108e-01
-1.424459999999999893e-01 1.308699999999999967e-02 5.396499999999999908e-02
-1.400659999999999961e-01 -7.484000000000000201e-03 5.335100000000000259e-02
-1.544069999999999887e-01 9.131999999999999840e-02 6.598900000000000599e-02
-1.545269999999999977e-01 4.741499999999999881e-02 4.007800000000000251e-02
-1.511609999999999898e-01 6.908899999999999764e-02 7.427599999999999481e-02
-2.284640000000000004e-01 -4.216520000000000268e-01 6.644200000000000106e-02
-1.981169999999999876e-01 -5.046230000000000437e-01 8.950800000000000423e-02
-2.323459999999999970e-01 -3.880870000000000153e-01 4.644000000000000211e-02
-2.234500000000000097e-01 -3.657329999999999748e-01 5.553400000000000003e-02
4.789999999999999879e-04 -3.808110000000000106e-01 1.902919999999999889e-01
7.720000000000000083e-04 -3.450050000000000061e-01 1.861240000000000117e-01
-6.875000000000000035e-03 -3.002489999999999881e-01 1.784209999999999963e-01
-1.156699999999999916e-02 -2.789189999999999725e-01 1.751709999999999934e-01
-3.718899999999999983e-02 -2.657470000000000110e-01 1.706429999999999891e-01
-2.275000000000000112e-03 -4.016080000000000205e-01 1.914180000000000048e-01
-4.712299999999999822e-02 1.649559999999999915e-01 1.015029999999999960e-01
-3.667000000000000121e-02 1.522209999999999952e-01 1.113230000000000053e-01
-7.519599999999999895e-02 1.427450000000000108e-01 1.166149999999999964e-01
-9.249999999999999889e-02 1.618420000000000136e-01 9.680199999999999916e-02
-7.347700000000000065e-02 1.607349999999999890e-01 1.023820000000000008e-01
-3.341199999999999726e-02 1.400639999999999941e-01 1.215679999999999955e-01
-1.555499999999999938e-02 1.160800000000000026e-01 1.395329999999999904e-01
-4.665099999999999802e-02 1.275660000000000127e-01 1.311070000000000013e-01
-1.687259999999999871e-01 -5.092809999999999837e-01 1.118880000000000013e-01
-1.147579999999999989e-01 -4.906159999999999966e-01 1.306660000000000044e-01
-5.361899999999999999e-02 -4.208649999999999891e-01 1.782860000000000000e-01
-5.646899999999999836e-02 -3.975330000000000252e-01 1.775390000000000024e-01
-3.701000000000000123e-02 -3.865149999999999975e-01 1.731810000000000016e-01
-5.424400000000000055e-02 -3.734729999999999994e-01 1.741900000000000115e-01
-6.697899999999999687e-02 -4.322059999999999791e-01 1.913950000000000096e-01
-4.900199999999999695e-02 -4.396300000000000208e-01 1.779779999999999973e-01
-1.526300000000000053e-02 -1.987980000000000025e-01 1.713179999999999981e-01
-1.372300000000000082e-02 -1.810219999999999885e-01 1.718330000000000135e-01
-2.162800000000000139e-02 -1.648610000000000075e-01 1.722140000000000060e-01
-9.303000000000000505e-03 -2.603320000000000078e-01 1.755019999999999913e-01
-2.325999999999999943e-02 -2.602679999999999993e-01 1.743190000000000017e-01
-1.954069999999999974e-01 -2.510270000000000001e-01 4.920900000000000274e-02
-2.090299999999999936e-01 -2.954700000000000104e-01 4.049400000000000222e-02
-2.085529999999999884e-01 -3.077400000000000135e-01 5.447300000000000059e-02
-4.337999999999999842e-03 -8.551999999999999880e-02 1.628529999999999978e-01
-1.439000000000000001e-02 -6.299799999999999844e-02 1.586839999999999917e-01
-4.626099999999999657e-02 -9.021600000000000452e-02 1.566889999999999949e-01
-1.987200000000000077e-02 -4.256100000000000161e-02 1.546420000000000017e-01
-1.474540000000000017e-01 -4.328200000000000103e-02 3.841399999999999676e-02
-1.442009999999999958e-01 -2.404500000000000040e-02 4.308399999999999730e-02
-1.451600000000000112e-01 -1.083029999999999965e-01 7.982599999999999418e-02
-1.779669999999999863e-01 -1.874919999999999920e-01 5.405100000000000182e-02
-1.342699999999999970e-02 5.888999999999999790e-02 1.494489999999999985e-01
-1.698699999999999863e-02 7.818100000000000049e-02 1.517650000000000110e-01
-3.559099999999999764e-02 5.147899999999999698e-02 1.472120000000000095e-01
-3.660599999999999965e-02 3.038400000000000128e-02 1.442180000000000129e-01
-1.336060000000000025e-01 1.201000000000000028e-03 7.058100000000000485e-02
-1.358650000000000135e-01 -2.382199999999999943e-02 6.445599999999999941e-02
-1.473609999999999920e-01 3.872500000000000248e-02 5.630500000000000088e-02
-1.461409999999999931e-01 5.028500000000000331e-02 7.395599999999999397e-02
-2.127590000000000037e-01 -4.743700000000000139e-01 7.791800000000000115e-02
-1.895830000000000015e-01 -4.489250000000000185e-01 8.670300000000000229e-02
-2.069580000000000031e-01 -4.545520000000000116e-01 7.705399999999999749e-02
-2.061280000000000057e-01 -4.046020000000000172e-01 7.589899999999999425e-02
-2.084449999999999914e-01 -4.213790000000000036e-01 7.421700000000000519e-02
-1.849520000000000053e-01 -4.174080000000000013e-01 8.675800000000000178e-02
-1.971269999999999967e-01 -4.360899999999999777e-01 8.049299999999999511e-02
-2.120990000000000097e-01 -3.648469999999999769e-01 6.797200000000000464e-02
-2.178299999999999959e-01 -3.305669999999999997e-01 4.494000000000000078e-02
-1.197900000000000006e-02 -3.581449999999999911e-01 1.789399999999999880e-01
-4.409099999999999825e-02 -3.404610000000000136e-01 1.696270000000000000e-01
-3.309299999999999742e-02 -3.615209999999999813e-01 1.718429999999999958e-01
-2.895500000000000157e-02 -3.296259999999999746e-01 1.721729999999999927e-01
-6.539999999999999807e-03 -3.223659999999999859e-01 1.798349999999999949e-01
4.274000000000000021e-03 -2.911210000000000186e-01 1.858430000000000082e-01
-4.028999999999999942e-02 -3.032299999999999995e-01 1.689470000000000138e-01
-9.214700000000000668e-02 1.157719999999999999e-01 1.338149999999999895e-01
-1.110079999999999956e-01 1.223140000000000061e-01 1.189260000000000039e-01
-8.183100000000000096e-02 1.759999999999999898e-01 8.891200000000000492e-02
-1.560100000000000028e-02 9.768400000000000694e-02 1.475589999999999957e-01
-5.318200000000000011e-02 1.148279999999999995e-01 1.392160000000000064e-01
-7.116000000000000103e-02 1.257810000000000039e-01 1.312099999999999933e-01
-7.350500000000000089e-02 1.064009999999999956e-01 1.432960000000000067e-01
-9.454100000000000004e-02 1.322760000000000047e-01 1.199500000000000011e-01
-1.492380000000000095e-01 -4.975760000000000183e-01 1.190459999999999990e-01
-1.297470000000000012e-01 -4.840539999999999843e-01 1.213889999999999969e-01
-1.092889999999999973e-01 -4.968719999999999803e-01 1.462970000000000104e-01
-1.025240000000000040e-01 -4.370330000000000048e-01 1.639180000000000081e-01
-6.495499999999999885e-02 -4.520359999999999934e-01 1.895660000000000123e-01
-4.121400000000000063e-02 -1.629099999999999993e-01 1.674569999999999947e-01
-4.928600000000000342e-02 -2.014739999999999864e-01 1.648719999999999908e-01
-5.351299999999999807e-02 -1.835630000000000039e-01 1.630939999999999890e-01
-1.830650000000000055e-01 -2.103460000000000052e-01 5.533300000000000024e-02
-1.836899999999999922e-01 -2.321989999999999887e-01 6.553699999999999803e-02
-1.720490000000000075e-01 -1.968340000000000090e-01 7.144300000000000650e-02
-1.616750000000000131e-01 -2.055369999999999975e-01 8.539800000000000169e-02
-1.753240000000000076e-01 -2.196919999999999984e-01 7.388400000000000523e-02
-1.709430000000000116e-01 -2.379519999999999968e-01 8.340100000000000291e-02
-1.757140000000000091e-01 -2.605890000000000151e-01 8.454200000000000603e-02
-2.064870000000000039e-01 -3.243249999999999744e-01 6.616600000000000259e-02
-1.958910000000000096e-01 -3.045309999999999961e-01 7.290199999999999458e-02
-1.903670000000000084e-01 -2.856980000000000075e-01 7.434999999999999942e-02
-2.520000000000000018e-02 -8.447399999999999354e-02 1.603710000000000135e-01
-3.207700000000000135e-02 -6.344400000000000039e-02 1.560620000000000063e-01
-4.248999999999999999e-02 -4.938900000000000234e-02 1.511520000000000086e-01
-5.497400000000000203e-02 -6.335300000000000653e-02 1.500370000000000037e-01
-5.125899999999999901e-02 -4.151599999999999735e-02 1.465650000000000008e-01
5.349999999999999721e-03 -1.431179999999999952e-01 1.747479999999999867e-01
-1.415800000000000045e-02 -2.092300000000000063e-02 1.514139999999999930e-01
-1.459799999999999986e-02 -1.606999999999999922e-03 1.474290000000000045e-01
-4.538699999999999679e-02 -1.882999999999999952e-02 1.435859999999999914e-01
-1.347939999999999972e-01 -4.714700000000000141e-02 7.153500000000000136e-02
-3.405799999999999800e-02 8.635800000000000420e-02 1.511740000000000028e-01
-3.100800000000000084e-02 6.848300000000000221e-02 1.507499999999999951e-01
-6.827199999999999935e-02 5.729100000000000165e-02 1.468770000000000076e-01
-6.515400000000000358e-02 1.545999999999999978e-02 1.345979999999999954e-01
-2.363600000000000076e-02 1.397699999999999984e-02 1.450599999999999945e-01
-1.271940000000000015e-01 -1.742799999999999905e-02 7.915600000000000414e-02
-1.138099999999999945e-01 1.739800000000000027e-02 1.024380000000000013e-01
-1.426689999999999903e-01 6.013700000000000295e-02 9.465700000000000502e-02
-2.145809999999999940e-01 -4.927139999999999853e-01 8.041299999999999837e-02
-1.935580000000000078e-01 -4.682239999999999736e-01 8.598300000000000387e-02
-1.804870000000000085e-01 -5.002419999999999645e-01 1.005579999999999946e-01
-1.674059999999999993e-01 -4.906179999999999986e-01 1.137809999999999933e-01
-2.210739999999999927e-01 -3.868360000000000132e-01 6.578799999999999926e-02
-2.269940000000000013e-01 -4.055469999999999908e-01 6.469900000000000651e-02
-1.843259999999999899e-01 -3.985299999999999954e-01 8.562599999999999378e-02
-2.162250000000000005e-01 -3.434650000000000203e-01 5.942399999999999766e-02
-5.588400000000000312e-02 -3.526460000000000150e-01 1.729819999999999969e-01
-2.687700000000000158e-02 -2.862350000000000172e-01 1.715830000000000133e-01
-3.512900000000000050e-02 1.046239999999999948e-01 1.445839999999999903e-01
-1.104659999999999948e-01 -5.008209999999999607e-01 1.634569999999999912e-01
-1.106789999999999996e-01 -4.684510000000000063e-01 1.827139999999999875e-01
-6.788399999999999990e-02 -3.847639999999999949e-01 1.874550000000000105e-01
-2.963700000000000015e-02 -1.429219999999999935e-01 1.676499999999999935e-01
-3.396600000000000313e-02 -1.865799999999999959e-01 1.714239999999999930e-01
-1.013710000000000028e-01 -1.881549999999999889e-01 1.494320000000000093e-01
-6.965599999999999570e-02 -1.996610000000000051e-01 1.675359999999999905e-01
-1.633209999999999940e-01 -2.206639999999999990e-01 8.749600000000000433e-02
-1.586740000000000095e-01 -1.827680000000000138e-01 8.410299999999999720e-02
-1.600070000000000103e-01 -2.565839999999999788e-01 9.785800000000000054e-02
-1.908479999999999899e-01 -2.654469999999999885e-01 6.832799999999999985e-02
-1.988469999999999960e-01 -2.714639999999999831e-01 5.524500000000000244e-02
-3.093100000000000016e-02 -7.118000000000000195e-03 1.460829999999999906e-01
-3.150499999999999828e-02 -2.957200000000000106e-02 1.494080000000000130e-01
-4.808599999999999680e-02 6.852900000000000658e-02 1.503899999999999959e-01
-6.494700000000000473e-02 7.292500000000000371e-02 1.512999999999999901e-01
-5.149000000000000105e-02 2.415700000000000139e-02 1.400349999999999928e-01
-4.627400000000000263e-02 7.682999999999999725e-03 1.426800000000000013e-01
-5.976999999999999674e-02 -2.968600000000000058e-02 1.399839999999999973e-01
-7.652599999999999680e-02 -4.385800000000000115e-02 1.358199999999999963e-01
-6.909600000000000464e-02 -5.652900000000000286e-02 1.430849999999999900e-01
-7.516799999999999871e-02 -7.548299999999999454e-02 1.435929999999999984e-01
-6.294199999999999795e-02 -8.950199999999999823e-02 1.522100000000000120e-01
-8.250300000000000689e-02 -9.765200000000000269e-02 1.439699999999999869e-01
-9.399599999999999622e-02 -1.200770000000000032e-01 1.422499999999999876e-01
-6.562199999999999978e-02 -1.291670000000000040e-01 1.585310000000000052e-01
-8.626999999999999946e-02 -6.131000000000000338e-02 1.301869999999999972e-01
-8.032300000000000550e-02 -1.206099999999999950e-01 1.492850000000000010e-01
-8.396000000000000685e-02 -1.395589999999999886e-01 1.531129999999999991e-01
-1.033730000000000065e-01 -7.788799999999999890e-02 1.224579999999999974e-01
-7.060600000000000209e-02 -1.504389999999999894e-01 1.603279999999999983e-01
-5.096699999999999842e-02 -1.458059999999999912e-01 1.625489999999999990e-01
-9.681499999999999828e-02 -1.697470000000000090e-01 1.522930000000000117e-01
-7.810400000000000675e-02 -1.769320000000000059e-01 1.629619999999999957e-01
-6.255900000000000349e-02 -1.641990000000000116e-01 1.605270000000000030e-01
-1.128379999999999939e-01 -2.508000000000000160e-02 9.778699999999999892e-02
-1.046190000000000037e-01 -4.387499999999999734e-02 1.124679999999999985e-01
-9.679300000000000403e-02 -2.568199999999999997e-02 1.146969999999999934e-01
-1.195750000000000007e-01 5.509999999999999490e-04 8.975600000000000245e-02
-8.729599999999999860e-02 -3.397999999999999979e-03 1.205340000000000023e-01
-7.981599999999999806e-02 1.003199999999999925e-02 1.269740000000000035e-01
-6.539100000000000468e-02 -7.054999999999999639e-03 1.354589999999999961e-01
-1.253589999999999982e-01 3.512400000000000244e-02 1.027489999999999931e-01
-1.195230000000000042e-01 9.293999999999999484e-02 1.299009999999999887e-01
-1.370480000000000032e-01 4.220499999999999946e-02 9.102000000000000368e-02
-1.813670000000000004e-01 -4.812230000000000119e-01 9.806900000000000339e-02
-5.390000000000000346e-02 9.302799999999999958e-02 1.493319999999999925e-01
-9.661200000000000343e-02 -4.906789999999999763e-01 2.017190000000000094e-01
-1.053550000000000042e-01 -5.072849999999999859e-01 1.985929999999999918e-01
-1.074819999999999942e-01 -4.699740000000000029e-01 1.429700000000000137e-01
-1.075699999999999990e-01 -4.821559999999999735e-01 1.650010000000000088e-01
-9.546399999999999331e-02 -4.361180000000000057e-01 1.961640000000000050e-01
-4.273199999999999915e-02 -2.215830000000000022e-01 1.711650000000000116e-01
-1.554079999999999906e-01 -1.388780000000000014e-01 7.616599999999999759e-02
-1.763220000000000065e-01 -3.024890000000000079e-01 8.605599999999999361e-02
-1.807400000000000118e-01 -3.416060000000000207e-01 8.783900000000000041e-02
-1.725849999999999884e-01 -3.601480000000000237e-01 9.492000000000000437e-02
-1.787759999999999905e-01 -3.796800000000000175e-01 8.913799999999999502e-02
-1.722269999999999912e-01 -3.213929999999999843e-01 9.221699999999999342e-02
-1.869709999999999983e-01 -3.219270000000000187e-01 8.177800000000000347e-02
-1.969380000000000019e-01 -3.414539999999999798e-01 7.285200000000000009e-02
-1.308940000000000103e-01 -2.954990000000000117e-01 1.278150000000000119e-01
-1.773949999999999971e-01 -2.792569999999999775e-01 8.260099999999999387e-02
-1.652099999999999957e-01 -2.865489999999999982e-01 1.001230000000000037e-01
-1.564589999999999870e-01 -2.701620000000000132e-01 1.038239999999999996e-01
-7.734099999999999309e-02 -3.255020000000000135e-01 1.833980000000000055e-01
-1.356819999999999971e-01 -3.490360000000000129e-01 1.299420000000000019e-01
-1.486899999999999888e-01 -2.918620000000000103e-01 1.169649999999999995e-01
-6.494500000000000273e-02 -3.307910000000000017e-01 1.756830000000000058e-01
-1.474380000000000135e-01 -3.148290000000000255e-01 1.204690000000000066e-01
-1.596609999999999974e-01 -3.309699999999999864e-01 1.110779999999999962e-01
-1.682750000000000079e-01 -3.428930000000000033e-01 9.863900000000000445e-02
-1.264290000000000136e-01 -3.163880000000000026e-01 1.324269999999999892e-01
-1.439729999999999899e-01 -2.514199999999999768e-01 1.150199999999999972e-01
-1.618769999999999931e-01 -3.083910000000000262e-01 1.061649999999999955e-01
-1.419060000000000044e-01 -3.288170000000000259e-01 1.261929999999999996e-01
-4.826799999999999841e-02 -3.208710000000000173e-01 1.683630000000000126e-01
-1.402839999999999920e-01 -9.380299999999999749e-02 8.136100000000000276e-02
-1.279609999999999914e-01 -8.571199999999999652e-02 9.627399999999999847e-02
-9.965200000000000446e-02 -1.522719999999999907e-01 1.461069999999999869e-01
-1.032489999999999936e-01 -5.882199999999999929e-02 1.180449999999999972e-01
-9.163200000000000511e-02 -4.289799999999999863e-02 1.218999999999999945e-01
-6.853399999999999770e-02 3.719499999999999890e-02 1.375929999999999931e-01
-1.023619999999999947e-01 5.008300000000000252e-02 1.346509999999999929e-01
-8.553199999999999692e-02 5.104399999999999910e-02 1.413790000000000047e-01
-8.748200000000000420e-02 7.100700000000000067e-02 1.487769999999999926e-01
-8.626200000000000534e-02 3.119299999999999851e-02 1.293009999999999993e-01
-1.033349999999999963e-01 3.819600000000000078e-02 1.262580000000000091e-01
-7.950000000000000122e-02 -2.580599999999999908e-02 1.298989999999999867e-01
-1.284299999999999886e-01 2.150099999999999928e-02 8.681999999999999440e-02
-1.087059999999999971e-01 1.077229999999999993e-01 1.311130000000000073e-01
-1.261849999999999916e-01 1.088930000000000037e-01 1.158389999999999975e-01
-9.928700000000000025e-02 9.166900000000000048e-02 1.438399999999999956e-01
-1.403659999999999908e-01 1.055159999999999987e-01 9.857599999999999696e-02
-1.385429999999999995e-01 7.004000000000000503e-02 1.085630000000000067e-01
-1.166679999999999939e-01 6.440099999999999991e-02 1.318580000000000030e-01
-1.331269999999999953e-01 9.305099999999999483e-02 1.151360000000000022e-01
-1.177170000000000022e-01 4.842400000000000176e-02 1.231030000000000041e-01
-1.011129999999999945e-01 6.380500000000000060e-02 1.415470000000000061e-01
-1.303660000000000097e-01 5.513900000000000051e-02 1.131520000000000026e-01
-1.123659999999999937e-01 -4.904080000000000106e-01 1.859339999999999882e-01
-1.044759999999999994e-01 -4.549819999999999975e-01 1.506770000000000054e-01
-1.228849999999999942e-01 -4.281519999999999770e-01 1.315250000000000030e-01
-1.121940000000000021e-01 -4.501990000000000158e-01 1.341910000000000047e-01
-1.694370000000000043e-01 -4.049499999999999766e-01 1.032900000000000068e-01
-8.094800000000000606e-02 -4.291789999999999772e-01 1.978530000000000011e-01
-1.086669999999999997e-01 -4.443630000000000080e-01 1.791049999999999864e-01
-7.075299999999999645e-02 -4.098999999999999866e-01 1.922790000000000055e-01
-8.400399999999999534e-02 -3.965250000000000163e-01 1.943739999999999912e-01
-9.120499999999999441e-02 -4.167739999999999778e-01 1.957790000000000086e-01
-1.053909999999999986e-01 -4.227529999999999899e-01 1.842669999999999864e-01
-3.190799999999999886e-02 -2.064030000000000031e-01 1.726429999999999909e-01
-1.547949999999999882e-01 -1.607049999999999867e-01 8.438400000000000067e-02
-1.454959999999999865e-01 -1.454769999999999952e-01 9.313699999999999757e-02
-1.237840000000000051e-01 -1.459779999999999966e-01 1.112849999999999950e-01
-1.362170000000000047e-01 -1.524129999999999929e-01 1.036709999999999993e-01
-1.248890000000000000e-01 -2.461699999999999999e-01 1.227250000000000008e-01
-7.413100000000000245e-02 -3.454740000000000033e-01 1.852340000000000098e-01
-1.031429999999999986e-01 -3.328720000000000012e-01 1.721030000000000060e-01
-1.664259999999999906e-01 -3.729299999999999837e-01 1.074709999999999971e-01
-1.041310000000000013e-01 -1.329369999999999996e-01 1.378949999999999898e-01
-1.176869999999999999e-01 -7.514700000000000546e-02 1.054179999999999978e-01
-1.166949999999999932e-01 -5.201299999999999674e-02 1.004379999999999995e-01
-1.126889999999999975e-01 3.276400000000000146e-02 1.131780000000000008e-01
-7.752799999999999969e-02 8.761099999999999444e-02 1.501530000000000087e-01
-8.976199999999999457e-02 1.028040000000000065e-01 1.425309999999999910e-01
-1.440829999999999889e-01 1.244999999999999996e-01 8.181700000000000084e-02
-1.492010000000000003e-01 1.017539999999999972e-01 8.193999999999999895e-02
-1.422899999999999998e-01 8.754699999999999982e-02 1.021740000000000009e-01
-1.101270000000000027e-01 7.880500000000000005e-02 1.390800000000000092e-01
-1.799429999999999918e-01 -4.356949999999999990e-01 9.401199999999999835e-02
-1.022269999999999984e-01 -4.772980000000000000e-01 1.966239999999999932e-01
-1.050490000000000035e-01 -4.626410000000000244e-01 1.630209999999999992e-01
-1.014970000000000039e-01 -4.556410000000000182e-01 1.942210000000000047e-01
-9.790000000000000091e-02 -3.851660000000000084e-01 1.879429999999999990e-01
-1.102270000000000055e-01 -1.504030000000000089e-01 1.263009999999999966e-01
-1.073370000000000019e-01 -1.713419999999999943e-01 1.305959999999999899e-01
-1.255380000000000107e-01 -1.631529999999999925e-01 1.160660000000000025e-01
-1.368600000000000094e-01 -1.757209999999999883e-01 1.067779999999999979e-01
-9.079299999999999871e-02 -2.022819999999999896e-01 1.629349999999999965e-01
-8.782099999999999629e-02 -1.855420000000000125e-01 1.612399999999999944e-01
-1.184169999999999945e-01 -1.294369999999999965e-01 1.185329999999999995e-01
-1.446230000000000016e-01 -1.241049999999999931e-01 8.787300000000000666e-02
-1.359450000000000103e-01 -2.103639999999999954e-01 1.144249999999999989e-01
-1.386169999999999902e-01 -2.290379999999999916e-01 1.151340000000000002e-01
-1.500420000000000087e-01 -2.123859999999999915e-01 1.014309999999999934e-01
-4.470999999999999974e-02 -2.834699999999999998e-01 1.684440000000000104e-01
-5.853200000000000069e-02 -2.971570000000000045e-01 1.680860000000000132e-01
-7.635799999999999532e-02 -2.867140000000000244e-01 1.734910000000000063e-01
-8.485600000000000087e-02 -3.074149999999999938e-01 1.823210000000000108e-01
-8.988400000000000556e-02 -2.885130000000000194e-01 1.790819999999999912e-01
-1.012139999999999984e-01 -3.067670000000000119e-01 1.734620000000000051e-01
-1.123630000000000045e-01 -2.997810000000000197e-01 1.334390000000000021e-01
-1.027570000000000011e-01 -2.983660000000000201e-01 1.500470000000000137e-01
-6.857699999999999907e-02 -3.083000000000000185e-01 1.763039999999999885e-01
-7.289500000000000146e-02 -3.629109999999999836e-01 1.873430000000000095e-01
-9.470199999999999452e-02 -3.515920000000000156e-01 1.861329999999999929e-01
-1.056710000000000010e-01 -3.536460000000000159e-01 1.632830000000000115e-01
-1.013170000000000043e-01 -3.349320000000000075e-01 1.512259999999999993e-01
-1.029410000000000047e-01 -3.686650000000000205e-01 1.788619999999999932e-01
-9.056799999999999573e-02 -3.286819999999999742e-01 1.843559999999999921e-01
-1.624309999999999921e-01 -3.555449999999999999e-01 1.105339999999999934e-01
-1.260890000000000066e-01 -3.689500000000000002e-01 1.340530000000000055e-01
-1.448399999999999965e-01 -3.712759999999999949e-01 1.272850000000000092e-01
-1.192769999999999941e-01 -3.556619999999999782e-01 1.335899999999999865e-01
-1.065720000000000001e-01 -3.173019999999999730e-01 1.398689999999999933e-01
-1.054469999999999991e-01 -4.340249999999999941e-01 1.420520000000000116e-01
-1.065819999999999962e-01 -4.195409999999999973e-01 1.399450000000000138e-01
-1.014660000000000006e-01 -4.031139999999999723e-01 1.556520000000000126e-01
-1.683649999999999869e-01 -4.198589999999999822e-01 1.060429999999999984e-01
-1.660300000000000109e-01 -4.710139999999999882e-01 1.151309999999999972e-01
-1.012529999999999958e-01 -4.137460000000000027e-01 1.673439999999999928e-01
-1.026249999999999940e-01 -4.011669999999999958e-01 1.859010000000000107e-01
-8.627500000000000446e-02 -3.735479999999999912e-01 1.915739999999999943e-01
-1.668840000000000046e-01 -1.755190000000000083e-01 7.183799999999999908e-02
-1.640840000000000076e-01 -1.540749999999999897e-01 6.722999999999999809e-02
-1.729930000000000079e-01 -1.674930000000000030e-01 5.407599999999999907e-02
-8.231299999999999728e-02 -2.206529999999999880e-01 1.698070000000000135e-01
-9.883400000000000518e-02 -2.215189999999999937e-01 1.603159999999999863e-01
-7.320400000000000518e-02 -2.346880000000000077e-01 1.706229999999999969e-01
-5.855099999999999888e-02 -2.376689999999999914e-01 1.652790000000000092e-01
-1.217199999999999949e-01 -2.252339999999999898e-01 1.225080000000000058e-01
-1.067049999999999943e-01 -1.963850000000000040e-01 1.332019999999999871e-01
-7.858999999999999320e-02 -2.685899999999999954e-01 1.753460000000000019e-01
-1.223199999999999982e-01 -1.136479999999999990e-01 1.075600000000000028e-01
-1.292879999999999863e-01 -1.323779999999999957e-01 1.028450000000000059e-01
-1.386080000000000090e-01 -1.941410000000000080e-01 1.102920000000000011e-01
-1.241320000000000062e-01 -1.870819999999999983e-01 1.210959999999999953e-01
-1.531790000000000096e-01 -2.333119999999999916e-01 1.014250000000000013e-01
-1.123569999999999985e-01 -2.818220000000000169e-01 1.316749999999999865e-01
-1.087540000000000034e-01 -2.589759999999999840e-01 1.338799999999999990e-01
-1.280989999999999907e-01 -2.692490000000000161e-01 1.230190000000000033e-01
-1.040579999999999977e-01 -2.839420000000000277e-01 1.638570000000000026e-01
-9.647899999999999532e-02 -2.642459999999999809e-01 1.710820000000000118e-01
-9.277499999999999636e-02 -2.420630000000000004e-01 1.697990000000000055e-01
-1.052540000000000003e-01 -2.605259999999999798e-01 1.569290000000000129e-01
-1.060949999999999949e-01 -2.411000000000000087e-01 1.496909999999999907e-01
-1.038489999999999969e-01 -2.765850000000000253e-01 1.497769999999999935e-01
-1.014909999999999979e-01 -3.736479999999999801e-01 1.578739999999999866e-01
-1.069230000000000042e-01 -3.702630000000000088e-01 1.395569999999999866e-01
-1.042939999999999978e-01 -3.871789999999999954e-01 1.715319999999999900e-01
-1.181259999999999949e-01 -3.361500000000000044e-01 1.326189999999999869e-01
-1.610840000000000050e-01 -3.899480000000000168e-01 1.154710000000000042e-01
-1.056740000000000040e-01 -4.029940000000000189e-01 1.412490000000000134e-01
-1.220409999999999967e-01 -4.090400000000000147e-01 1.364819999999999922e-01
-1.780200000000000116e-01 -4.573349999999999915e-01 1.017050000000000037e-01
-1.527469999999999939e-01 -4.833839999999999804e-01 1.203459999999999946e-01
-1.022430000000000005e-01 -2.046910000000000118e-01 1.509350000000000136e-01
-1.052540000000000003e-01 -2.189389999999999947e-01 1.371910000000000074e-01
-1.101099999999999995e-01 -2.369509999999999950e-01 1.307530000000000081e-01
-5.955699999999999883e-02 -2.730879999999999974e-01 1.666439999999999866e-01
-1.150589999999999946e-01 -9.623299999999999910e-02 1.146169999999999967e-01
-1.208520000000000011e-01 -2.053260000000000085e-01 1.226069999999999938e-01
-1.013830000000000009e-01 -3.886549999999999727e-01 1.507020000000000026e-01
-1.048759999999999970e-01 -3.538580000000000059e-01 1.418419999999999959e-01
-1.149030000000000051e-01 -3.869779999999999887e-01 1.349049999999999971e-01
-1.583229999999999915e-01 -4.100369999999999848e-01 1.199459999999999971e-01
-1.485100000000000031e-01 -3.927519999999999900e-01 1.263600000000000001e-01
-1.333499999999999963e-01 -3.920130000000000003e-01 1.299230000000000107e-01
-1.699910000000000032e-01 -4.365689999999999849e-01 1.059439999999999965e-01
-1.628139999999999865e-01 -4.526149999999999896e-01 1.177919999999999939e-01
-1.427569999999999950e-01 -4.641270000000000118e-01 1.251980000000000037e-01
-1.434850000000000014e-01 -4.399270000000000125e-01 1.274710000000000010e-01
-1.419390000000000096e-01 -4.146440000000000126e-01 1.299720000000000042e-01
-1.593219999999999914e-01 -4.309490000000000265e-01 1.201119999999999965e-01
-7.376199999999999424e-02 -5.161040000000000072e-01 2.008260000000000045e-01
-8.669799999999999729e-02 2.459000000000000075e-01 2.957200000000000106e-02
-1.055819999999999953e-01 2.460289999999999977e-01 2.902100000000000166e-02
-9.016000000000000403e-02 2.344880000000000020e-01 4.051799999999999846e-02
-1.108750000000000013e-01 2.161720000000000030e-01 5.426999999999999880e-02
-9.404300000000000159e-02 2.192810000000000037e-01 5.337200000000000277e-02
-1.097810000000000036e-01 2.321539999999999992e-01 4.154200000000000254e-02
-1.245840000000000003e-01 2.270800000000000041e-01 4.563199999999999895e-02
-3.745500000000000218e-02 -1.069309999999999983e-01 1.610330000000000095e-01
-1.352790000000000104e-01 -7.420200000000000407e-02 8.202199999999999769e-02
-1.392079999999999984e-01 -6.314000000000000168e-02 7.107600000000000029e-02
-4.637800000000000256e-02 -1.261230000000000129e-01 1.623930000000000096e-01
-1.010000000000000064e-01 -3.182559999999999834e-01 1.564250000000000085e-01
1.647079999999999933e-01 1.018509999999999971e-01 1.999499999999999889e-02
1.592339999999999867e-01 6.720199999999999785e-02 3.436299999999999771e-02
1.543329999999999980e-01 4.620699999999999807e-02 4.095900000000000235e-02
1.436649999999999872e-01 -1.714099999999999999e-02 3.851600000000000162e-02
1.464090000000000114e-01 -3.787200000000000288e-02 3.735999999999999738e-02
1.511530000000000096e-01 -5.824399999999999716e-02 3.743900000000000006e-02
1.557080000000000131e-01 -7.910899999999999876e-02 3.766599999999999809e-02
1.608179999999999887e-01 -1.019300000000000067e-01 4.126300000000000107e-02
1.692190000000000083e-01 -1.397480000000000111e-01 4.240599999999999925e-02
1.751749999999999974e-01 -1.577389999999999903e-01 3.596099999999999991e-02
1.855130000000000112e-01 -2.182729999999999948e-01 3.734500000000000319e-02
1.971070000000000044e-01 -2.956590000000000051e-01 3.843799999999999994e-02
1.967990000000000017e-01 -3.136059999999999959e-01 3.922199999999999992e-02
2.007520000000000138e-01 -3.327669999999999795e-01 4.063599999999999851e-02
2.006139999999999868e-01 -3.522710000000000008e-01 4.213200000000000278e-02
2.007819999999999883e-01 -3.688230000000000119e-01 4.395899999999999808e-02
2.039789999999999937e-01 -3.897289999999999921e-01 3.687800000000000106e-02
2.026840000000000031e-01 -4.054699999999999971e-01 4.829200000000000159e-02
2.068129999999999968e-01 -4.591899999999999871e-01 5.470099999999999962e-02
2.090899999999999981e-01 -4.780389999999999917e-01 4.704200000000000048e-02
2.116480000000000028e-01 -5.044980000000000020e-01 5.381600000000000272e-02
2.162129999999999885e-01 -5.232210000000000472e-01 5.794200000000000045e-02
2.209500000000000075e-01 -5.385050000000000114e-01 6.350899999999999601e-02
2.213870000000000005e-01 -5.414189999999999836e-01 6.297800000000000620e-02
2.217880000000000129e-01 -5.444130000000000358e-01 6.230800000000000227e-02
2.333439999999999959e-01 -5.389850000000000474e-01 7.599799999999999611e-02
2.306809999999999972e-01 -5.432989999999999764e-01 9.449299999999999367e-02
2.392509999999999915e-01 -5.437800000000000411e-01 1.105410000000000004e-01
2.277349999999999930e-01 -5.452099999999999724e-01 1.247100000000000014e-01
2.098279999999999867e-01 -5.475929999999999964e-01 1.276269999999999905e-01
1.917909999999999893e-01 -5.497090000000000032e-01 1.299490000000000089e-01
1.736610000000000098e-01 -5.517349999999999755e-01 1.317349999999999910e-01
1.554689999999999961e-01 -5.536020000000000385e-01 1.328259999999999996e-01
1.372109999999999996e-01 -5.551190000000000291e-01 1.326350000000000029e-01
1.188540000000000013e-01 -5.564740000000000242e-01 1.319569999999999910e-01
1.009609999999999952e-01 -5.580209999999999892e-01 1.361719999999999875e-01
8.842999999999999472e-02 -5.590199999999999614e-01 1.498329999999999940e-01
8.020800000000000152e-02 -5.594749999999999446e-01 1.664770000000000139e-01
7.373000000000000387e-02 -5.595890000000000031e-01 1.840029999999999999e-01
7.336600000000000066e-02 -5.593730000000000091e-01 2.027079999999999993e-01
7.124700000000000477e-02 -5.589129999999999932e-01 2.213910000000000045e-01
6.289300000000000446e-02 -5.585170000000000412e-01 2.383020000000000138e-01
4.500099999999999933e-02 -5.618319999999999981e-01 2.332680000000000031e-01
2.878999999999999962e-02 -5.647140000000000493e-01 2.239470000000000072e-01
1.878099999999999908e-02 2.105920000000000014e-01 7.315900000000000181e-02
3.745699999999999724e-02 2.178070000000000006e-01 6.766400000000000192e-02
5.401799999999999657e-02 2.287460000000000049e-01 5.740399999999999670e-02
6.711999999999999911e-02 2.429779999999999995e-01 4.286399999999999932e-02
7.589700000000000613e-02 2.569119999999999737e-01 2.363600000000000076e-02
8.328000000000000680e-02 2.692479999999999873e-01 3.690000000000000138e-03
8.852500000000000646e-02 2.793660000000000032e-01 -1.932100000000000137e-02
8.983800000000000119e-02 2.795019999999999727e-01 -4.625900000000000151e-02
1.224459999999999993e-01 2.759780000000000011e-01 -3.270100000000000090e-02
1.435879999999999934e-01 2.719750000000000223e-01 -3.062099999999999891e-02
1.532070000000000098e-01 2.751620000000000177e-01 -9.802999999999999214e-03
1.541450000000000042e-01 2.751330000000000164e-01 9.974999999999999492e-03
1.488960000000000006e-01 2.653739999999999988e-01 2.595099999999999837e-02
1.426550000000000040e-01 2.502570000000000072e-01 3.754199999999999898e-02
1.371640000000000081e-01 2.326779999999999959e-01 4.666800000000000115e-02
1.333900000000000086e-01 2.140100000000000058e-01 5.535199999999999843e-02
1.334970000000000045e-01 1.949359999999999982e-01 6.389300000000000535e-02
1.382579999999999920e-01 1.760899999999999965e-01 7.063700000000000534e-02
1.454519999999999980e-01 1.566569999999999907e-01 7.239600000000000202e-02
1.546379999999999977e-01 1.372950000000000004e-01 6.495199999999999585e-02
1.607939999999999925e-01 1.174940000000000012e-01 4.987300000000000066e-02
4.320299999999999835e-02 -5.236739999999999728e-01 2.318570000000000075e-01
9.596000000000000363e-03 1.975939999999999919e-01 8.115400000000000391e-02
7.846000000000000196e-02 1.891660000000000008e-01 8.114399999999999391e-02
1.037440000000000029e-01 2.801690000000000014e-01 -3.386800000000000227e-02
2.157389999999999863e-01 -4.599509999999999987e-01 1.210829999999999962e-01
7.368099999999999650e-02 -5.214130000000000154e-01 2.044900000000000051e-01
8.086999999999999744e-02 2.164200000000000013e-01 5.957500000000000295e-02
1.003190000000000054e-01 2.454179999999999973e-01 3.508900000000000213e-02
1.149529999999999996e-01 2.768209999999999837e-01 -1.660599999999999923e-02
9.548500000000000043e-02 2.626820000000000266e-01 1.200500000000000005e-02
2.149389999999999912e-01 -4.975479999999999903e-01 1.269520000000000093e-01
4.950600000000000139e-02 -5.453310000000000102e-01 2.351449999999999929e-01
7.136099999999999388e-02 2.299499999999999877e-01 5.169200000000000184e-02
8.132999999999999952e-02 2.464179999999999982e-01 3.375800000000000328e-02
1.341600000000000015e-01 2.761600000000000166e-01 -9.400999999999999635e-03
1.301740000000000119e-01 2.690400000000000014e-01 1.431900000000000013e-02
9.908400000000000540e-02 2.745279999999999943e-01 -8.208000000000000018e-03
8.883800000000000030e-02 -5.248190000000000355e-01 1.439769999999999939e-01
1.852119999999999878e-01 -5.059209999999999541e-01 1.346370000000000067e-01
2.268249999999999988e-01 -5.325739999999999919e-01 8.965599999999999958e-02
7.395300000000000484e-02 -5.439070000000000293e-01 2.035039999999999905e-01
7.416399999999999382e-02 -5.431110000000000104e-01 1.751089999999999869e-01
9.209599999999999731e-02 -5.432360000000000522e-01 1.423969999999999958e-01
2.149899999999999867e-01 -5.309289999999999843e-01 1.286569999999999936e-01
1.605040000000000078e-01 -5.360260000000000025e-01 1.366999999999999882e-01
6.606099999999999473e-02 -5.347389999999999644e-01 2.312240000000000129e-01
1.229869999999999991e-01 -5.367899999999999894e-01 1.373080000000000134e-01
1.051760000000000056e-01 -5.296710000000000029e-01 1.342790000000000095e-01
8.221799999999999942e-02 -5.454609999999999737e-01 1.570950000000000124e-01
1.040409999999999946e-01 -5.441799999999999971e-01 1.341430000000000122e-01
1.162409999999999971e-01 -2.472870000000000068e-01 1.232680000000000026e-01
9.864699999999999858e-02 2.339600000000000013e-02 1.278620000000000034e-01
1.430059999999999942e-01 9.411100000000000021e-02 1.045129999999999948e-01
3.496599999999999708e-02 -5.005830000000000002e-01 2.269230000000000136e-01
3.613399999999999945e-02 1.702790000000000137e-01 9.874800000000000244e-02
6.680999999999999439e-02 -3.762240000000000029e-01 1.908600000000000019e-01
2.271600000000000008e-01 -4.569259999999999988e-01 8.866699999999999582e-02
2.367100000000000107e-02 -5.347239999999999771e-01 2.225600000000000078e-01
2.370999999999999844e-02 -5.172339999999999716e-01 2.217570000000000097e-01
9.646200000000000607e-02 2.539710000000000023e-01 2.375899999999999887e-02
8.991899999999999893e-02 2.324199999999999877e-01 4.499899999999999733e-02
1.026050000000000018e-01 2.164470000000000005e-01 5.650600000000000067e-02
1.130489999999999967e-01 2.303910000000000124e-01 4.634200000000000125e-02
1.210230000000000056e-01 2.193479999999999874e-01 5.350599999999999801e-02
1.192600000000000049e-01 2.043220000000000036e-01 6.267000000000000348e-02
1.225780000000000064e-01 2.425809999999999911e-01 3.820400000000000185e-02
1.030210000000000015e-01 1.977109999999999979e-01 6.968000000000000582e-02
1.184240000000000015e-01 1.821270000000000111e-01 7.631400000000000683e-02
6.887600000000000666e-02 2.040279999999999871e-01 7.176599999999999646e-02
8.761199999999999544e-02 2.025849999999999873e-01 6.913999999999999313e-02
9.404200000000000059e-02 1.459260000000000002e-01 1.107559999999999933e-01
2.966200000000000087e-02 1.986150000000000138e-01 7.985100000000000531e-02
9.508999999999999397e-02 1.628159999999999885e-01 9.737400000000000222e-02
9.614100000000000423e-02 1.812819999999999987e-01 8.368799999999999850e-02
2.217580000000000107e-01 -5.251479999999999482e-01 7.534200000000000619e-02
2.272619999999999918e-01 -5.136190000000000477e-01 6.719799999999999385e-02
2.347219999999999862e-01 -5.150310000000000166e-01 8.895000000000000129e-02
2.289599999999999969e-01 -4.869390000000000107e-01 1.135489999999999972e-01
2.355629999999999946e-01 -4.991990000000000038e-01 9.856800000000000284e-02
2.295870000000000133e-01 -5.059449999999999781e-01 1.174990000000000062e-01
2.324130000000000085e-01 -4.809919999999999751e-01 9.365400000000000114e-02
2.220229999999999981e-01 -4.924160000000000204e-01 6.811000000000000387e-02
2.306229999999999947e-01 -5.278610000000000246e-01 1.202320000000000055e-01
2.385849999999999915e-01 -5.215170000000000083e-01 1.055969999999999964e-01
2.166899999999999937e-01 -4.770710000000000228e-01 1.234579999999999983e-01
2.288169999999999926e-01 -4.711130000000000040e-01 1.076669999999999988e-01
2.019090000000000051e-01 -5.133950000000000458e-01 1.318139999999999867e-01
1.946460000000000135e-01 -5.281460000000000043e-01 1.326549999999999951e-01
1.768019999999999869e-01 -5.308570000000000233e-01 1.355020000000000113e-01
1.116570000000000062e-01 2.704400000000000137e-01 3.930999999999999599e-03
1.461860000000000104e-01 -5.163410000000000499e-01 1.346239999999999937e-01
1.779600000000000071e-01 -2.382110000000000061e-01 1.010140000000000066e-01
6.115999999999999909e-02 -2.735000000000000209e-01 1.737670000000000048e-01
1.462390000000000079e-01 -1.051269999999999982e-01 9.231499999999999428e-02
7.223499999999999366e-02 -5.995400000000000035e-02 1.417080000000000006e-01
1.508210000000000106e-01 1.130800000000000000e-01 7.792399999999999327e-02
1.569299999999999862e-02 -4.999950000000000228e-01 2.148319999999999952e-01
1.302169999999999994e-01 1.625500000000000000e-01 8.166500000000000148e-02
1.117019999999999957e-01 1.643580000000000041e-01 9.099500000000000643e-02
1.111990000000000062e-01 1.471069999999999878e-01 1.039189999999999975e-01
2.129979999999999929e-01 -4.580489999999999839e-01 7.242500000000000326e-02
2.094570000000000043e-01 -4.115170000000000217e-01 7.762099999999999556e-02
5.196900000000000130e-02 -4.996659999999999990e-01 2.281469999999999887e-01
6.792600000000000027e-02 -5.152360000000000273e-01 2.257160000000000000e-01
6.044499999999999873e-02 2.156359999999999943e-01 6.463299999999999601e-02
5.095800000000000329e-02 1.997420000000000029e-01 7.695599999999999663e-02
4.314199999999999979e-02 1.847070000000000101e-01 8.874700000000000644e-02
6.278999999999999859e-02 1.899879999999999902e-01 8.283400000000000485e-02
5.783699999999999952e-02 1.739960000000000118e-01 9.579899999999999527e-02
2.341800000000000131e-02 1.834240000000000037e-01 9.010700000000000653e-02
-7.150000000000000322e-04 1.789340000000000097e-01 9.295899999999999996e-02
1.678999999999999937e-02 1.661239999999999939e-01 1.021100000000000063e-01
2.183839999999999948e-01 -5.143879999999999564e-01 1.265860000000000041e-01
2.305010000000000114e-01 -4.974259999999999793e-01 8.006199999999999428e-02
2.250109999999999888e-01 -4.772080000000000211e-01 7.741900000000000170e-02
2.130980000000000096e-01 -4.778970000000000162e-01 6.606900000000000273e-02
1.116759999999999975e-01 -4.923250000000000126e-01 1.406689999999999885e-01
8.174499999999999822e-02 -5.018590000000000551e-01 1.495049999999999990e-01
7.091799999999999493e-02 -4.657939999999999858e-01 1.648600000000000065e-01
7.972600000000000520e-02 -4.813990000000000213e-01 1.498529999999999862e-01
1.002569999999999989e-01 -5.100120000000000209e-01 1.357440000000000035e-01
9.746499999999999608e-02 -4.881300000000000083e-01 1.369559999999999944e-01
1.230870000000000020e-01 -5.146810000000000551e-01 1.400800000000000101e-01
1.324720000000000064e-01 -4.989890000000000159e-01 1.391120000000000134e-01
1.242690000000000045e-01 -4.533510000000000040e-01 1.407950000000000035e-01
7.864300000000000457e-02 -4.610830000000000206e-01 1.492310000000000025e-01
9.341499999999999804e-02 -4.689440000000000275e-01 1.384479999999999877e-01
1.073670000000000041e-01 -4.503400000000000181e-01 1.424700000000000133e-01
7.248499999999999388e-02 -4.414580000000000171e-01 1.562449999999999950e-01
6.889800000000000091e-02 -4.466010000000000257e-01 1.794350000000000112e-01
6.842399999999999871e-02 -4.238549999999999818e-01 1.704739999999999867e-01
7.452000000000000290e-02 -4.183160000000000212e-01 1.497840000000000005e-01
7.012400000000000577e-02 -4.235650000000000248e-01 1.889250000000000096e-01
1.035100000000000048e-01 -4.266820000000000057e-01 1.420750000000000068e-01
8.281700000000000172e-02 -4.307849999999999735e-01 1.425879999999999925e-01
7.186199999999999533e-02 -4.561120000000000174e-01 1.984690000000000065e-01
7.222900000000000154e-02 -4.689559999999999840e-01 1.811159999999999992e-01
7.233100000000000640e-02 -4.715420000000000167e-01 2.009479999999999877e-01
7.239400000000000002e-02 -4.884939999999999838e-01 2.052789999999999893e-01
6.981999999999999318e-02 -4.062250000000000028e-01 1.846319999999999906e-01
1.454749999999999932e-01 -4.259180000000000188e-01 1.295439999999999925e-01
1.887709999999999944e-01 -4.727850000000000108e-01 1.332929999999999948e-01
1.254079999999999917e-01 -4.342739999999999934e-01 1.398890000000000133e-01
8.618199999999999472e-02 -4.465020000000000100e-01 1.410250000000000115e-01
6.815799999999999637e-02 -4.044249999999999790e-01 1.658030000000000059e-01
6.908599999999999464e-02 -4.351849999999999885e-01 2.028369999999999895e-01
6.456399999999999639e-02 -4.171440000000000148e-01 2.060960000000000014e-01
2.000679999999999958e-01 -4.642950000000000133e-01 1.292439999999999978e-01
1.791870000000000129e-01 -4.512499999999999845e-01 1.329170000000000074e-01
1.829250000000000043e-01 -4.881460000000000243e-01 1.343360000000000110e-01
6.039200000000000124e-02 -4.476220000000000199e-01 2.182020000000000071e-01
1.990840000000000110e-01 -4.911280000000000090e-01 1.319829999999999892e-01
5.960300000000000320e-02 -4.012430000000000163e-01 2.091010000000000091e-01
3.637800000000000061e-02 -4.397139999999999938e-01 2.208849999999999980e-01
5.254999999999999949e-02 -4.262529999999999930e-01 2.185159999999999880e-01
7.736800000000000621e-02 -5.246250000000000080e-01 1.610020000000000062e-01
7.338200000000000278e-02 -5.026230000000000420e-01 1.909119999999999984e-01
1.895270000000000010e-01 -2.385440000000000060e-01 6.610299999999999510e-02
3.549599999999999977e-02 -1.959390000000000021e-01 1.863879999999999981e-01
4.556899999999999840e-02 -3.220310000000000117e-01 2.046099999999999863e-01
1.362770000000000092e-01 -1.655900000000000080e-02 7.149899999999999312e-02
1.396600000000000064e-01 2.055600000000000135e-02 7.150399999999999812e-02
3.905000000000000138e-02 5.534599999999999936e-02 1.482620000000000049e-01
3.154599999999999765e-02 1.794300000000000062e-02 1.461399999999999921e-01
2.113400000000000001e-02 -1.815400000000000000e-02 1.499659999999999882e-01
1.558090000000000031e-01 6.296799999999999620e-02 5.643999999999999712e-02
1.558759999999999868e-01 8.176300000000000234e-02 6.621499999999999608e-02
1.587050000000000127e-01 8.117199999999999416e-02 4.865699999999999886e-02
1.516490000000000060e-01 6.205200000000000299e-02 7.445100000000000329e-02
1.553819999999999923e-01 1.195399999999999935e-01 6.394700000000000384e-02
1.407130000000000047e-01 1.435950000000000004e-01 8.165000000000000036e-02
1.595399999999999874e-01 1.033319999999999933e-01 4.567600000000000132e-02
1.863799999999999832e-02 -4.760240000000000027e-01 2.156339999999999923e-01
7.673000000000000653e-02 1.602639999999999898e-01 1.040449999999999986e-01
1.199280000000000068e-01 1.201770000000000060e-01 1.173749999999999932e-01
1.540500000000000029e-02 1.490130000000000066e-01 1.144310000000000049e-01
1.742399999999999852e-02 -3.766590000000000216e-01 2.058659999999999934e-01
2.062930000000000041e-01 -4.397570000000000090e-01 6.374599999999999711e-02
2.031350000000000100e-01 -4.002370000000000094e-01 6.694100000000000050e-02
1.991380000000000094e-01 -3.637770000000000170e-01 6.193200000000000094e-02
3.480599999999999666e-02 1.556720000000000048e-01 1.099539999999999962e-01
1.293150000000000133e-01 -4.809610000000000274e-01 1.399729999999999863e-01
1.116260000000000030e-01 -4.714889999999999914e-01 1.419989999999999863e-01
4.453499999999999820e-02 -4.798109999999999875e-01 2.260969999999999924e-01
6.272800000000000598e-02 -4.794720000000000093e-01 2.227439999999999976e-01
6.349499999999999589e-02 -4.647999999999999909e-01 2.192300000000000082e-01
6.557799999999999740e-02 -4.956380000000000230e-01 2.236710000000000087e-01
1.641009999999999969e-01 -4.924760000000000248e-01 1.338600000000000068e-01
2.857399999999999871e-02 -4.202810000000000157e-01 2.165650000000000075e-01
3.860999999999999849e-02 -3.901629999999999820e-01 2.158400000000000041e-01
6.303200000000000469e-02 -3.871970000000000134e-01 2.012760000000000105e-01
5.456799999999999845e-02 -3.627730000000000121e-01 2.060549999999999882e-01
1.837599999999999997e-02 -4.349549999999999805e-01 2.121109999999999940e-01
2.100600000000000037e-02 -4.521350000000000091e-01 2.153629999999999989e-01
7.225399999999999878e-02 -5.247349999999999515e-01 1.823430000000000051e-01
7.244100000000000539e-02 -5.052299999999999569e-01 1.701320000000000054e-01
7.182399999999999896e-02 -4.878839999999999844e-01 1.673949999999999882e-01
7.250800000000000300e-02 -5.048000000000000265e-01 2.088830000000000131e-01
1.861599999999999921e-01 -2.196120000000000017e-01 5.998400000000000259e-02
1.947429999999999994e-01 -2.686769999999999992e-01 6.327299999999999591e-02
1.874159999999999993e-01 -2.341580000000000050e-01 4.345099999999999657e-02
1.903970000000000107e-01 -2.548369999999999802e-01 4.750399999999999762e-02
4.309899999999999842e-02 -1.611799999999999899e-01 1.766749999999999987e-01
2.782400000000000151e-02 -3.362809999999999966e-01 2.075780000000000125e-01
1.653169999999999917e-01 -1.221180000000000043e-01 4.376100000000000129e-02
1.599730000000000041e-01 -1.131220000000000003e-01 6.130499999999999838e-02
1.692730000000000068e-01 -1.509189999999999976e-01 5.947700000000000209e-02
1.560120000000000118e-01 -8.959200000000000497e-02 5.589800000000000324e-02
1.507259999999999989e-01 -7.925500000000000600e-02 6.704400000000000637e-02
1.798399999999999999e-02 -4.715899999999999953e-02 1.570739999999999914e-01
2.432600000000000040e-02 -1.251440000000000052e-01 1.727710000000000079e-01
2.670600000000000057e-02 -1.022379999999999955e-01 1.677949999999999997e-01
6.242000000000000152e-03 -1.064640000000000031e-01 1.664670000000000039e-01
1.463059999999999916e-01 2.274100000000000080e-02 4.674999999999999989e-02
1.486399999999999944e-01 4.141899999999999749e-02 5.941400000000000153e-02
1.818699999999999831e-02 6.034899999999999987e-02 1.491089999999999915e-01
3.005700000000000038e-02 3.749099999999999655e-02 1.465170000000000083e-01
3.800800000000000012e-02 -4.618749999999999800e-01 2.237770000000000037e-01
8.014799999999999702e-02 1.746399999999999897e-01 9.207700000000000606e-02
5.590900000000000036e-02 1.579770000000000063e-01 1.082229999999999998e-01
6.433200000000000029e-02 1.304400000000000004e-01 1.294849999999999890e-01
5.316699999999999898e-02 1.431900000000000117e-01 1.199309999999999959e-01
2.838600000000000151e-02 1.375159999999999993e-01 1.239500000000000046e-01
7.525999999999999357e-02 1.447160000000000113e-01 1.166810000000000069e-01
7.120999999999999726e-03 1.343199999999999950e-01 1.263940000000000063e-01
1.918200000000000113e-02 1.195520000000000055e-01 1.378910000000000136e-01
1.407009999999999927e-01 -4.450060000000000127e-01 1.324220000000000119e-01
3.039999999999999994e-02 -4.835010000000000141e-01 2.232490000000000030e-01
1.492380000000000095e-01 -5.022640000000000438e-01 1.328860000000000041e-01
1.622840000000000116e-01 -5.126199999999999646e-01 1.336440000000000128e-01
5.008800000000000058e-02 -3.807189999999999741e-01 2.112610000000000043e-01
7.285099999999999909e-02 -4.858080000000000176e-01 1.854989999999999972e-01
1.815890000000000004e-01 -1.990069999999999895e-01 4.643800000000000011e-02
1.809089999999999865e-01 -2.024330000000000018e-01 7.026300000000000601e-02
1.827040000000000053e-01 -2.226150000000000073e-01 8.278900000000000148e-02
1.745440000000000047e-01 -2.040210000000000079e-01 9.032800000000000551e-02
1.925459999999999949e-01 -2.570660000000000167e-01 7.239600000000000202e-02
1.864949999999999941e-01 -2.556559999999999944e-01 9.388299999999999423e-02
1.697980000000000045e-01 -2.190110000000000112e-01 1.046770000000000062e-01
1.642569999999999864e-01 -1.968779999999999974e-01 1.038120000000000015e-01
1.960500000000000020e-01 -2.789550000000000085e-01 4.731300000000000089e-02
1.935600000000000098e-01 -2.858749999999999902e-01 7.064700000000000146e-02
1.940250000000000030e-01 -2.720080000000000275e-01 8.620400000000000285e-02
1.963350000000000095e-01 -2.917950000000000266e-01 9.307600000000000595e-02
1.786739999999999995e-01 -2.567780000000000062e-01 1.052669999999999995e-01
1.954120000000000024e-01 -3.224980000000000069e-01 5.629599999999999882e-02
1.940109999999999890e-01 -3.021320000000000117e-01 5.505600000000000077e-02
1.395700000000000066e-02 -1.997220000000000106e-01 1.846879999999999911e-01
1.426000000000000011e-02 -2.261199999999999877e-01 1.890860000000000041e-01
1.710100000000000162e-02 -2.757220000000000226e-01 1.959150000000000058e-01
2.024099999999999858e-02 -2.966480000000000228e-01 1.998050000000000104e-01
1.532199999999999951e-01 -1.001210000000000017e-01 7.506599999999999384e-02
1.752440000000000109e-01 -1.661060000000000036e-01 5.326199999999999685e-02
1.794959999999999889e-01 -1.769860000000000044e-01 4.088800000000000073e-02
1.710349999999999926e-01 -1.831550000000000122e-01 8.469699999999999451e-02
1.618080000000000074e-01 -1.671610000000000040e-01 9.490700000000000525e-02
1.693139999999999923e-01 -1.646100000000000063e-01 7.488400000000000611e-02
1.620709999999999928e-01 -1.479040000000000077e-01 8.338600000000000179e-02
1.502900000000000069e-01 -1.549719999999999986e-01 1.046050000000000035e-01
1.576470000000000093e-01 -1.806119999999999948e-01 1.051070000000000060e-01
1.644730000000000081e-01 -1.359889999999999988e-01 6.418400000000000494e-02
1.563209999999999877e-01 -1.239220000000000044e-01 8.169899999999999385e-02
1.197320000000000051e-01 -1.708240000000000036e-01 1.236460000000000059e-01
1.502850000000000019e-01 -6.591700000000000337e-02 5.404099999999999876e-02
1.373989999999999934e-01 -3.798499999999999793e-02 7.663999999999999979e-02
1.458599999999999897e-01 -4.748600000000000043e-02 5.665099999999999997e-02
2.237700000000000106e-02 -1.520990000000000120e-01 1.788959999999999995e-01
4.238999999999999713e-02 -1.379209999999999881e-01 1.702569999999999917e-01
2.132500000000000021e-02 1.000280000000000058e-01 1.475380000000000025e-01
3.480599999999999666e-02 -3.612000000000000193e-03 1.463399999999999979e-01
4.766900000000000304e-02 4.436999999999999972e-03 1.436560000000000059e-01
1.593100000000000072e-02 2.131000000000000082e-03 1.487620000000000053e-01
1.980649999999999911e-01 -3.456029999999999935e-01 6.502099999999999547e-02
2.040780000000000094e-01 -3.278139999999999943e-01 7.861999999999999544e-02
2.130890000000000006e-01 -3.734999999999999987e-01 9.233700000000000241e-02
2.008260000000000045e-01 -3.851010000000000266e-01 5.759399999999999936e-02
1.344650000000000012e-01 -4.660150000000000126e-01 1.381670000000000120e-01
1.678099999999999870e-01 -4.695980000000000154e-01 1.334720000000000073e-01
1.485589999999999966e-01 -4.711469999999999825e-01 1.309279999999999888e-01
1.545320000000000027e-01 -4.562559999999999949e-01 1.291349999999999998e-01
1.494250000000000023e-01 -4.850769999999999804e-01 1.316859999999999975e-01
1.329200000000000000e-02 -4.144930000000000003e-01 2.061729999999999952e-01
2.492799999999999877e-02 -3.990630000000000011e-01 2.127340000000000064e-01
6.621699999999999808e-02 -3.497310000000000141e-01 1.858670000000000044e-01
1.867830000000000046e-01 -2.435539999999999927e-01 8.504899999999999960e-02
1.503950000000000009e-01 -2.113680000000000003e-01 1.085750000000000048e-01
1.436910000000000132e-01 -1.942780000000000062e-01 1.093210000000000015e-01
1.377529999999999866e-01 -2.391379999999999895e-01 1.173140000000000016e-01
1.526720000000000022e-01 -2.534879999999999911e-01 1.123699999999999977e-01
1.355089999999999906e-01 -2.147249999999999992e-01 1.133440000000000003e-01
1.517050000000000065e-01 -2.323419999999999930e-01 1.099139999999999978e-01
4.336700000000000277e-02 -2.138519999999999865e-01 1.867020000000000068e-01
2.815900000000000000e-02 -2.192330000000000112e-01 1.902079999999999882e-01
6.321599999999999442e-02 -2.337319999999999953e-01 1.720589999999999897e-01
5.788299999999999695e-02 -2.069999999999999896e-01 1.759229999999999960e-01
5.448100000000000165e-02 -2.256410000000000082e-01 1.829530000000000045e-01
5.403199999999999670e-02 -2.480009999999999992e-01 1.877300000000000080e-01
2.509099999999999872e-02 -3.183079999999999798e-01 2.044380000000000086e-01
3.884100000000000052e-02 -2.997830000000000217e-01 2.024509999999999921e-01
5.615900000000000059e-02 -3.039660000000000140e-01 1.950179999999999969e-01
1.556300000000000044e-02 -3.548700000000000188e-01 2.016769999999999952e-01
3.459299999999999875e-02 -3.671139999999999959e-01 2.125930000000000042e-01
1.290840000000000043e-01 -1.042970000000000008e-01 1.106079999999999980e-01
1.771000000000000074e-01 -1.813029999999999919e-01 6.162999999999999728e-02
1.509969999999999923e-01 -1.389269999999999949e-01 9.812800000000000689e-02
1.223619999999999985e-01 -1.958940000000000126e-01 1.228960000000000052e-01
1.329059999999999964e-01 -1.775410000000000044e-01 1.135840000000000044e-01
9.071799999999999309e-02 -1.864049999999999874e-01 1.440760000000000096e-01
1.191210000000000047e-01 -2.234919999999999962e-01 1.210050000000000014e-01
1.085770000000000068e-01 -1.823359999999999981e-01 1.317579999999999862e-01
1.019960000000000033e-01 -1.986960000000000115e-01 1.354859999999999953e-01
1.463339999999999919e-01 -1.696989999999999887e-01 1.098129999999999939e-01
1.428089999999999915e-01 -3.156699999999999784e-02 5.550000000000000072e-02
1.418609999999999871e-01 -6.032499999999999668e-02 7.523799999999999932e-02
1.458800000000000097e-01 -8.568499999999999728e-02 8.512500000000000622e-02
8.911000000000000518e-03 -7.047299999999999398e-02 1.600280000000000036e-01
3.026200000000000070e-02 -8.424299999999999844e-02 1.635079999999999867e-01
4.993199999999999722e-02 -8.237500000000000377e-02 1.554830000000000101e-01
6.412299999999999944e-02 -9.722600000000000686e-02 1.529280000000000084e-01
3.384100000000000302e-02 -6.497200000000000197e-02 1.591460000000000097e-01
1.413780000000000037e-01 -1.567999999999999949e-02 5.382499999999999785e-02
1.444979999999999876e-01 1.036000000000000029e-03 4.250799999999999718e-02
1.327250000000000096e-01 1.379999999999999933e-04 8.389000000000000623e-02
6.235600000000000170e-02 5.664799999999999697e-02 1.485120000000000051e-01
5.494899999999999785e-02 6.968599999999999794e-02 1.512129999999999863e-01
7.319599999999999718e-02 4.238900000000000307e-02 1.427660000000000040e-01
2.050849999999999895e-01 -3.670169999999999821e-01 7.821500000000000674e-02
2.136550000000000116e-01 -3.952479999999999882e-01 8.339900000000000091e-02
6.601799999999999335e-02 -3.639609999999999790e-01 1.717829999999999913e-01
4.963900000000000257e-02 -3.407879999999999798e-01 2.056840000000000057e-01
1.668530000000000013e-01 -2.442459999999999909e-01 1.101170000000000065e-01
3.329200000000000215e-02 -2.563219999999999943e-01 1.961710000000000120e-01
4.798100000000000281e-02 -1.833440000000000070e-01 1.803220000000000101e-01
6.103900000000000298e-02 -1.869840000000000113e-01 1.639629999999999976e-01
3.470100000000000268e-02 -2.794920000000000182e-01 1.997770000000000101e-01
6.486100000000000199e-02 -3.161320000000000241e-01 1.754749999999999921e-01
1.415279999999999871e-01 -1.215340000000000031e-01 1.031149999999999983e-01
1.206009999999999999e-01 -1.220650000000000068e-01 1.182509999999999950e-01
1.344299999999999939e-01 -1.391850000000000032e-01 1.129840000000000011e-01
1.277919999999999889e-01 -1.574419999999999986e-01 1.152600000000000013e-01
1.124489999999999934e-01 -1.428979999999999972e-01 1.243670000000000053e-01
1.078279999999999933e-01 -1.562590000000000090e-01 1.306980000000000086e-01
3.150100000000000122e-02 -1.727380000000000027e-01 1.823329999999999951e-01
1.333400000000000037e-02 -8.798200000000000465e-02 1.640300000000000091e-01
4.900399999999999895e-02 -1.028540000000000010e-01 1.610449999999999937e-01
8.337899999999999479e-02 -1.211699999999999999e-01 1.445430000000000048e-01
6.748999999999999444e-02 -7.861100000000000032e-02 1.463750000000000051e-01
1.404870000000000008e-01 2.582000000000000094e-03 6.185199999999999726e-02
1.412660000000000027e-01 3.913200000000000012e-02 8.011899999999999578e-02
1.452469999999999872e-01 5.773799999999999766e-02 9.305599999999999983e-02
5.251100000000000212e-02 2.270300000000000096e-02 1.433659999999999934e-01
4.256800000000000167e-02 1.088429999999999953e-01 1.442489999999999883e-01
4.292800000000000088e-02 1.280810000000000004e-01 1.312309999999999865e-01
5.619999999999999996e-02 1.189169999999999949e-01 1.373890000000000111e-01
9.106200000000000405e-02 1.042700000000000016e-01 1.430200000000000082e-01
7.870800000000000018e-02 1.164660000000000001e-01 1.383530000000000038e-01
8.906000000000000028e-02 1.289480000000000071e-01 1.266359999999999986e-01
1.078609999999999985e-01 1.307649999999999924e-01 1.173479999999999940e-01
1.217519999999999991e-01 8.938799999999999524e-02 1.327210000000000056e-01
6.485299999999999399e-02 9.022000000000000505e-03 1.400359999999999938e-01
5.524199999999999944e-02 3.828000000000000153e-02 1.439799999999999969e-01
7.553200000000000192e-02 2.608399999999999955e-02 1.382339999999999958e-01
2.045889999999999931e-01 -3.832010000000000138e-01 7.438200000000000367e-02
2.219319999999999904e-01 -4.345040000000000013e-01 8.729299999999999560e-02
2.249649999999999983e-01 -4.484989999999999810e-01 1.058629999999999988e-01
6.692499999999999838e-02 -3.817710000000000270e-01 1.686950000000000116e-01
3.870699999999999835e-02 -2.352170000000000094e-01 1.918229999999999935e-01
5.315899999999999792e-02 -2.653829999999999800e-01 1.917899999999999883e-01
5.542699999999999710e-02 -2.822970000000000201e-01 1.923020000000000007e-01
8.359199999999999964e-02 -2.036459999999999937e-01 1.469270000000000020e-01
5.757799999999999724e-02 -1.692629999999999968e-01 1.712990000000000068e-01
6.661200000000000454e-02 -1.716149999999999898e-01 1.596950000000000036e-01
5.930099999999999955e-02 -1.525809999999999944e-01 1.681970000000000132e-01
7.826099999999999723e-02 -1.369120000000000059e-01 1.512449999999999906e-01
6.116699999999999915e-02 -1.286259999999999903e-01 1.619140000000000024e-01
7.043199999999999461e-02 -1.134539999999999993e-01 1.536470000000000058e-01
1.072150000000000047e-01 -1.232390000000000013e-01 1.262999999999999956e-01
9.660399999999999543e-02 -1.145110000000000017e-01 1.350989999999999969e-01
6.264100000000000223e-02 -3.278170000000000250e-01 1.893279999999999963e-01
6.852999999999999370e-02 -3.211209999999999898e-01 1.574309999999999876e-01
6.586300000000000487e-02 -3.342530000000000223e-01 1.655600000000000127e-01
6.638299999999999756e-02 -3.013959999999999972e-01 1.611670000000000047e-01
6.745199999999999807e-02 -3.490249999999999742e-01 1.606360000000000010e-01
1.077520000000000006e-01 -2.149060000000000137e-01 1.299049999999999927e-01
1.003150000000000014e-01 -1.696090000000000098e-01 1.375359999999999916e-01
1.265799999999999981e-01 -1.941100000000000117e-02 9.003200000000000092e-02
1.301990000000000092e-01 -4.317900000000000210e-02 9.403200000000000447e-02
1.225939999999999946e-01 -5.992999999999999716e-02 1.041590000000000016e-01
1.365639999999999910e-01 -6.600599999999999523e-02 9.234199999999999353e-02
1.008359999999999951e-01 -7.031199999999999950e-02 1.245560000000000000e-01
1.129600000000000048e-01 -3.527899999999999786e-02 1.110850000000000032e-01
1.141390000000000043e-01 -7.155100000000000349e-02 1.140420000000000045e-01
1.184250000000000025e-01 -2.076300000000000021e-02 1.031809999999999949e-01
8.927899999999999725e-02 -5.582800000000000262e-02 1.311170000000000113e-01
9.373199999999999588e-02 -3.297499999999999737e-02 1.270199999999999940e-01
1.070799999999999946e-01 -4.962899999999999950e-02 1.174369999999999997e-01
1.072270000000000029e-01 -1.673699999999999841e-02 1.140120000000000022e-01
8.809599999999999376e-02 -1.049500000000000086e-02 1.286039999999999961e-01
1.213370000000000004e-01 -9.032999999999999363e-02 1.135420000000000040e-01
1.309120000000000006e-01 -8.011500000000000565e-02 1.021100000000000063e-01
5.477900000000000130e-02 -5.865800000000000181e-02 1.503390000000000004e-01
1.448919999999999930e-01 7.616699999999999859e-02 1.033810000000000007e-01
6.864499999999999769e-02 1.033810000000000007e-01 1.469429999999999903e-01
5.496299999999999797e-02 8.690900000000000014e-02 1.511550000000000116e-01
7.460300000000000264e-02 7.813699999999999812e-02 1.527699999999999891e-01
8.282200000000000673e-02 6.984999999999999890e-03 1.324609999999999954e-01
2.202109999999999901e-01 -4.142810000000000104e-01 9.494800000000000462e-02
2.134330000000000116e-01 -4.435459999999999958e-01 7.724699999999999622e-02
2.099979999999999902e-01 -4.288239999999999830e-01 7.608800000000000285e-02
2.092680000000000096e-01 -4.423750000000000182e-01 1.227810000000000012e-01
2.198410000000000086e-01 -4.297619999999999774e-01 1.093760000000000010e-01
3.269299999999999984e-02 -3.515599999999999836e-01 2.103760000000000074e-01
1.295650000000000135e-01 -2.837879999999999847e-01 1.264029999999999876e-01
1.337710000000000010e-01 -2.615250000000000075e-01 1.220439999999999997e-01
1.478049999999999919e-01 -2.710719999999999796e-01 1.160000000000000059e-01
1.677760000000000085e-01 -2.676669999999999883e-01 1.136530000000000040e-01
6.368100000000000149e-02 -2.548230000000000217e-01 1.736999999999999933e-01
7.359899999999999776e-02 -2.424439999999999928e-01 1.572469999999999979e-01
9.681499999999999828e-02 -1.374110000000000054e-01 1.370730000000000004e-01
8.117499999999999716e-02 -9.865799999999999570e-02 1.436040000000000094e-01
1.385220000000000062e-01 -9.376900000000000512e-02 9.815899999999999626e-02
8.436200000000000643e-02 -1.694450000000000123e-01 1.491760000000000030e-01
8.693700000000000039e-02 -7.663000000000000367e-02 1.347299999999999887e-01
1.042909999999999948e-01 1.160999999999999923e-03 1.199490000000000001e-01
1.185100000000000042e-01 -2.096999999999999906e-03 1.022409999999999985e-01
1.173369999999999969e-01 1.825799999999999992e-02 1.121390000000000026e-01
1.301430000000000087e-01 2.006000000000000144e-02 9.451299999999999979e-02
1.244340000000000029e-01 5.033599999999999880e-02 1.225230000000000069e-01
1.315600000000000103e-01 3.933600000000000291e-02 1.032099999999999962e-01
1.173730000000000051e-01 3.333099999999999952e-02 1.193000000000000033e-01
1.123610000000000025e-01 -1.046289999999999998e-01 1.205910000000000037e-01
1.517040000000000055e-01 9.377800000000000025e-02 8.376300000000000412e-02
1.339100000000000013e-01 8.427099999999999869e-02 1.209800000000000042e-01
1.089279999999999970e-01 5.805099999999999844e-02 1.387289999999999912e-01
9.402699999999999947e-02 7.834000000000000685e-02 1.501689999999999969e-01
8.659799999999999442e-02 5.845800000000000302e-02 1.483750000000000069e-01
1.089500000000000052e-01 8.483000000000000262e-02 1.423230000000000051e-01
1.088059999999999999e-01 4.549899999999999778e-02 1.331340000000000023e-01
9.000800000000000467e-02 4.036900000000000210e-02 1.378379999999999883e-01
1.236079999999999957e-01 6.883899999999999741e-02 1.314329999999999943e-01
2.138519999999999865e-01 -3.936669999999999892e-01 1.062219999999999970e-01
2.046070000000000111e-01 -3.803159999999999874e-01 1.142230000000000051e-01
2.132449999999999901e-01 -4.091279999999999917e-01 1.123009999999999980e-01
9.092000000000000082e-02 -1.527080000000000104e-01 1.429989999999999872e-01
5.649900000000000061e-02 -2.530599999999999863e-02 1.444650000000000101e-01
6.354300000000000226e-02 -4.149499999999999716e-02 1.431910000000000127e-01
7.613699999999999635e-02 -2.437500000000000083e-02 1.358099999999999863e-01
6.468200000000000338e-02 -7.451000000000000158e-03 1.390299999999999869e-01
4.318899999999999822e-02 -1.794600000000000015e-02 1.464660000000000128e-01
7.765099999999999780e-02 -4.367999999999999661e-02 1.366529999999999967e-01
1.360290000000000110e-01 6.092199999999999699e-02 1.142859999999999987e-01
1.506200000000000039e-01 7.891700000000000104e-02 8.843700000000000172e-02
1.451659999999999895e-01 1.074719999999999981e-01 9.422800000000000620e-02
1.397599999999999953e-01 1.255950000000000122e-01 9.155800000000000050e-02
1.248149999999999954e-01 1.316160000000000108e-01 1.043120000000000019e-01
1.338709999999999900e-01 1.134300000000000030e-01 1.074569999999999970e-01
1.263880000000000003e-01 1.049250000000000044e-01 1.215279999999999971e-01
1.267590000000000106e-01 1.461250000000000049e-01 9.439100000000000268e-02
1.549039999999999861e-01 -3.782800000000000051e-01 1.254369999999999929e-01
1.802330000000000043e-01 -4.319040000000000101e-01 1.312099999999999933e-01
1.015080000000000010e-01 -9.073599999999999721e-02 1.280119999999999869e-01
1.817519999999999969e-01 -3.791629999999999723e-01 1.260680000000000134e-01
2.012859999999999927e-01 -4.246079999999999854e-01 1.249460000000000015e-01
1.422779999999999878e-01 -4.059479999999999755e-01 1.292790000000000050e-01
1.252419999999999922e-01 -4.161250000000000226e-01 1.392799999999999871e-01
9.172900000000000498e-02 -4.086040000000000227e-01 1.398250000000000048e-01
8.817300000000000137e-02 -3.870439999999999992e-01 1.408689999999999942e-01
7.373699999999999699e-02 -3.942309999999999981e-01 1.497320000000000040e-01
1.304200000000000081e-01 2.579330000000000234e-01 2.884700000000000111e-02
1.136630000000000001e-01 2.574640000000000262e-01 2.283999999999999919e-02
1.991400000000000114e-01 -3.069450000000000234e-01 7.376000000000000612e-02
1.854409999999999947e-01 -2.766149999999999998e-01 1.043810000000000016e-01
4.262599999999999723e-02 -1.197190000000000060e-01 1.674160000000000093e-01
2.069809999999999983e-01 -3.634020000000000028e-01 1.048509999999999998e-01
2.088109999999999966e-01 -3.526540000000000230e-01 8.426500000000000656e-02
6.016900000000000026e-02 -2.951540000000000274e-01 1.779459999999999931e-01
9.199599999999999445e-02 -2.177350000000000119e-01 1.385850000000000137e-01
7.658600000000000130e-02 -2.212339999999999862e-01 1.480569999999999942e-01
8.308400000000000507e-02 -2.355919999999999959e-01 1.413889999999999869e-01
8.708599999999999675e-02 -2.522019999999999817e-01 1.383689999999999920e-01
7.414400000000000157e-02 -2.610080000000000178e-01 1.517010000000000025e-01
7.083299999999999319e-02 -2.781540000000000123e-01 1.547250000000000014e-01
6.809600000000000375e-02 -2.050200000000000078e-01 1.567280000000000062e-01
6.807100000000000650e-02 -2.221509999999999874e-01 1.625890000000000113e-01
9.108900000000000330e-02 -2.727789999999999937e-01 1.353209999999999968e-01
7.863399999999999557e-02 -2.900139999999999940e-01 1.452900000000000025e-01
1.150530000000000025e-01 -2.791150000000000020e-01 1.265219999999999956e-01
1.008190000000000058e-01 -2.368939999999999935e-01 1.309369999999999978e-01
7.489300000000000124e-02 -1.886879999999999946e-01 1.531909999999999938e-01
1.016849999999999976e-01 -2.593489999999999962e-01 1.301329999999999987e-01
2.646899999999999947e-02 -3.244899999999999868e-02 1.525279999999999969e-01
4.241799999999999737e-02 -4.126200000000000007e-02 1.518859999999999932e-01
1.617869999999999864e-01 -4.159229999999999872e-01 1.269649999999999945e-01
1.829479999999999995e-01 -4.123769999999999936e-01 1.291059999999999985e-01
1.522119999999999862e-01 -3.953760000000000052e-01 1.264730000000000021e-01
1.234829999999999955e-01 -3.352510000000000212e-01 1.340389999999999915e-01
1.656920000000000059e-01 -3.596550000000000025e-01 1.257790000000000019e-01
1.437249999999999917e-01 -3.438820000000000210e-01 1.285380000000000134e-01
1.583380000000000065e-01 -3.476659999999999751e-01 1.221880000000000049e-01
1.452700000000000102e-01 -3.643100000000000227e-01 1.258990000000000109e-01
9.504799999999999360e-02 -3.705390000000000073e-01 1.389600000000000002e-01
1.083019999999999955e-01 -3.885100000000000220e-01 1.398199999999999998e-01
1.049640000000000017e-01 -3.503160000000000163e-01 1.398250000000000048e-01
8.123299999999999965e-02 -3.508979999999999877e-01 1.420379999999999976e-01
1.304730000000000056e-01 -3.583839999999999804e-01 1.342319999999999902e-01
1.178499999999999964e-01 -3.714910000000000156e-01 1.393610000000000126e-01
1.261490000000000111e-01 -3.959630000000000094e-01 1.380240000000000078e-01
7.330799999999999816e-02 -3.692320000000000046e-01 1.492439999999999878e-01
1.042860000000000037e-01 -3.274889999999999746e-01 1.367210000000000092e-01
8.845200000000000284e-02 -3.350600000000000245e-01 1.383270000000000055e-01
7.406100000000000183e-02 -3.349239999999999995e-01 1.494070000000000120e-01
9.155599999999999850e-02 -3.100510000000000210e-01 1.355969999999999953e-01
7.709299999999999486e-02 -3.144000000000000128e-01 1.467259999999999953e-01
9.862600000000000533e-02 -2.927669999999999995e-01 1.317919999999999925e-01
1.120799999999999991e-01 -3.129819999999999824e-01 1.335590000000000110e-01
1.215170000000000000e-01 -3.003310000000000146e-01 1.303040000000000032e-01
1.371179999999999899e-01 -3.826999999999999846e-01 1.298719999999999875e-01
1.386189999999999922e-01 -3.048449999999999771e-01 1.261629999999999974e-01
1.332430000000000003e-01 -3.230100000000000193e-01 1.305129999999999901e-01
1.907159999999999966e-01 -3.336569999999999814e-01 1.146179999999999977e-01
1.862229999999999996e-01 -3.169130000000000003e-01 1.141640000000000016e-01
1.992379999999999984e-01 -3.243329999999999824e-01 1.025070000000000009e-01
1.992599999999999927e-01 -3.115890000000000049e-01 9.645199999999999607e-02
1.687879999999999936e-01 -3.267189999999999817e-01 1.222469999999999946e-01
1.775029999999999941e-01 -3.429079999999999906e-01 1.227440000000000059e-01
1.727370000000000017e-01 -3.078440000000000065e-01 1.188369999999999982e-01
1.681120000000000114e-01 -2.888279999999999736e-01 1.170400000000000051e-01
1.480760000000000132e-01 -3.268759999999999999e-01 1.225559999999999983e-01
1.515269999999999950e-01 -2.872020000000000128e-01 1.169120000000000020e-01
1.547229999999999994e-01 -3.083679999999999755e-01 1.187499999999999944e-01
1.912020000000000108e-01 -3.619550000000000267e-01 1.201149999999999995e-01
1.957949999999999968e-01 -3.489220000000000099e-01 1.139190000000000064e-01
2.041499999999999981e-01 -3.404710000000000236e-01 9.936499999999999500e-02
2.248219999999999941e-01 -5.472259999999999902e-01 4.316400000000000098e-02
2.313350000000000128e-01 -5.487100000000000311e-01 2.574200000000000099e-02
2.415259999999999907e-01 -5.489119999999999555e-01 1.018400000000000034e-02
2.493579999999999963e-01 -5.484999999999999876e-01 -6.483000000000000047e-03
2.504379999999999939e-01 -5.483160000000000256e-01 -2.490200000000000052e-02
2.403170000000000028e-01 -5.496940000000000159e-01 -4.035099999999999798e-02
2.229510000000000103e-01 -5.527870000000000283e-01 -4.605399999999999772e-02
2.059979999999999867e-01 -5.558629999999999960e-01 -5.340999999999999914e-02
1.909440000000000026e-01 -5.592650000000000121e-01 -6.423700000000000243e-02
1.809459999999999957e-01 -5.618859999999999966e-01 -8.024100000000000676e-02
1.719890000000000030e-01 -5.642549999999999510e-01 -9.691500000000000115e-02
1.562630000000000130e-01 -5.683089999999999531e-01 -1.071679999999999994e-01
1.377130000000000021e-01 -5.717360000000000220e-01 -1.107439999999999952e-01
1.189120000000000038e-01 -5.748140000000000471e-01 -1.135000000000000037e-01
1.000029999999999947e-01 -5.774970000000000381e-01 -1.159700000000000036e-01
8.104899999999999605e-02 -5.797649999999999748e-01 -1.181880000000000014e-01
6.200699999999999962e-02 -5.816240000000000299e-01 -1.201350000000000057e-01
4.288200000000000345e-02 -5.829520000000000257e-01 -1.214189999999999992e-01
2.365400000000000141e-02 -5.833319999999999617e-01 -1.210829999999999962e-01
4.429999999999999910e-03 -5.832720000000000127e-01 -1.211949999999999972e-01
4.753000000000000280e-03 -5.447279999999999900e-01 -1.146380000000000038e-01
9.433999999999999678e-03 -5.039249999999999563e-01 -1.124519999999999964e-01
9.329999999999999752e-03 -4.435959999999999903e-01 -1.164199999999999957e-01
9.499000000000000499e-03 -4.204550000000000232e-01 -1.174700000000000050e-01
1.518000000000000035e-03 -3.867530000000000134e-01 -1.197939999999999977e-01
3.508999999999999966e-03 -3.667210000000000192e-01 -1.206300000000000011e-01
2.615999999999999836e-03 -3.470110000000000139e-01 -1.198789999999999994e-01
1.742000000000000059e-03 -3.282379999999999742e-01 -1.228489999999999999e-01
3.122999999999999908e-03 -3.088839999999999919e-01 -1.250159999999999882e-01
-1.389999999999999960e-03 -2.676790000000000003e-01 -1.260900000000000076e-01
1.309000000000000051e-03 -2.202260000000000051e-01 -1.170130000000000059e-01
5.843000000000000103e-03 -1.712770000000000126e-01 -1.106929999999999997e-01
3.915000000000000077e-03 -1.480180000000000107e-01 -1.076460000000000056e-01
3.999999999999999819e-06 -1.313729999999999898e-01 -1.045399999999999940e-01
1.115000000000000106e-03 -1.127760000000000012e-01 -1.017669999999999964e-01
6.032000000000000035e-03 -9.403499999999999359e-02 -9.965599999999999459e-02
-8.026000000000000148e-03 -3.893400000000000333e-02 -9.426099999999999757e-02
-3.272999999999999868e-03 -1.467899999999999934e-02 -9.282100000000000073e-02
-2.462999999999999912e-03 5.133999999999999675e-03 -9.526400000000000146e-02
3.649999999999999816e-04 8.235499999999999765e-02 -1.131530000000000036e-01
5.559999999999999621e-04 1.027809999999999974e-01 -1.162210000000000049e-01
9.590000000000000000e-04 1.423649999999999916e-01 -1.185380000000000045e-01
5.220000000000000031e-04 1.943499999999999950e-01 -1.087029999999999941e-01
2.350000000000000092e-03 2.194230000000000069e-01 -9.987300000000000344e-02
1.853700000000000139e-02 2.296090000000000075e-01 -9.389899999999999636e-02
3.497399999999999815e-02 2.393069999999999919e-01 -9.108499999999999930e-02
5.116400000000000114e-02 2.495489999999999930e-01 -8.838899999999999535e-02
6.642299999999999593e-02 2.589899999999999980e-01 -7.908700000000000452e-02
7.974799999999999944e-02 2.703679999999999972e-01 -6.571799999999999864e-02
1.479570000000000052e-01 2.605290000000000106e-01 -4.818000000000000060e-02
1.491119999999999945e-01 2.459820000000000062e-01 -6.277599999999999847e-02
1.478250000000000119e-01 2.296519999999999950e-01 -7.451299999999999590e-02
1.454129999999999867e-01 2.113549999999999873e-01 -8.331900000000000417e-02
1.432609999999999995e-01 1.913400000000000101e-01 -8.804800000000000126e-02
1.425970000000000015e-01 1.701969999999999872e-01 -8.892700000000000604e-02
1.446669999999999900e-01 1.486389999999999934e-01 -8.488600000000000312e-02
1.505829999999999946e-01 1.276960000000000039e-01 -7.666900000000000104e-02
1.595370000000000121e-01 1.112400000000000055e-01 -6.243300000000000238e-02
1.681509999999999949e-01 1.026009999999999978e-01 -4.056099999999999983e-02
1.704579999999999984e-01 1.001879999999999993e-01 -1.870499999999999940e-02
1.152159999999999990e-01 3.961400000000000338e-02 -7.553799999999999404e-02
7.467600000000000626e-02 1.860890000000000044e-01 -1.106560000000000044e-01
1.637069999999999914e-01 8.879499999999999893e-02 -2.381399999999999836e-02
1.340500000000000025e-01 1.021979999999999972e-01 -8.496599999999999986e-02
1.114590000000000025e-01 1.900280000000000025e-01 -1.034569999999999934e-01
1.168280000000000013e-01 2.631669999999999843e-01 -6.172400000000000109e-02
1.229340000000000016e-01 2.485060000000000047e-01 -7.361800000000000288e-02
8.283899999999999597e-02 2.476059999999999928e-01 -8.473600000000000576e-02
1.299859999999999904e-01 1.355260000000000076e-01 -9.492899999999999949e-02
1.252949999999999897e-01 1.795150000000000079e-01 -9.862200000000000133e-02
1.139410000000000006e-01 2.719039999999999790e-01 -4.780100000000000321e-02
1.308690000000000131e-01 2.666040000000000076e-01 -4.868000000000000105e-02
9.824499999999999900e-02 2.676939999999999875e-01 -6.252099999999999325e-02
1.376120000000000121e-01 2.400259999999999894e-01 -7.311900000000000344e-02
1.315900000000000125e-01 2.204419999999999991e-01 -8.652200000000000168e-02
8.497300000000000686e-02 2.603070000000000106e-01 -7.484999999999999987e-02
1.621900000000000008e-01 1.009749999999999953e-01 -5.274399999999999922e-02
1.264760000000000051e-01 1.552620000000000111e-01 -9.841999999999999360e-02
1.343830000000000024e-01 2.552119999999999944e-01 -6.161400000000000210e-02
9.755199999999999982e-02 2.745389999999999775e-01 -5.017800000000000038e-02
1.178189999999999932e-01 2.341149999999999898e-01 -8.563400000000000178e-02
1.264840000000000131e-01 2.009009999999999962e-01 -9.468300000000000327e-02
9.966600000000000459e-02 2.079189999999999927e-01 -1.017350000000000060e-01
1.147630000000000039e-01 2.143079999999999985e-01 -9.550599999999999368e-02
1.480569999999999942e-01 8.505100000000000160e-02 -6.186699999999999838e-02
1.222860000000000058e-01 1.168899999999999939e-01 -9.748500000000000221e-02
1.004059999999999953e-01 2.305869999999999864e-01 -9.238000000000000378e-02
9.293700000000000572e-02 1.875239999999999962e-01 -1.088049999999999989e-01
1.048339999999999966e-01 1.679869999999999974e-01 -1.083179999999999976e-01
7.725100000000000022e-02 8.808699999999999863e-02 -1.083889999999999992e-01
6.852700000000000458e-02 2.198839999999999961e-01 -1.006650000000000045e-01
1.037340000000000068e-01 8.805699999999999639e-02 -1.006999999999999978e-01
9.476199999999999901e-02 1.523430000000000062e-01 -1.122179999999999983e-01
1.035969999999999946e-01 1.155640000000000001e-01 -1.068209999999999993e-01
1.136759999999999993e-01 1.480009999999999937e-01 -1.052479999999999943e-01
1.162890000000000035e-01 1.016029999999999989e-01 -9.763800000000000257e-02
6.828599999999999948e-02 2.410219999999999863e-01 -9.137399999999999689e-02
7.339500000000000191e-02 1.287830000000000086e-01 -1.159390000000000004e-01
4.847300000000000220e-02 2.264839999999999909e-01 -9.643599999999999395e-02
7.975699999999999457e-02 1.697670000000000012e-01 -1.131410000000000055e-01
9.266499999999999737e-02 1.334279999999999911e-01 -1.123439999999999994e-01
7.453600000000000503e-02 1.479340000000000099e-01 -1.160810000000000036e-01
5.904299999999999826e-02 1.380369999999999930e-01 -1.172310000000000019e-01
2.226849999999999941e-01 -5.323489999999999611e-01 4.698999999999999705e-02
2.272200000000000053e-01 -5.301029999999999909e-01 2.774000000000000077e-02
1.929720000000000046e-01 -4.317559999999999731e-01 -4.835699999999999721e-02
1.391270000000000007e-01 -2.890019999999999811e-01 -9.034000000000000363e-02
6.148100000000000093e-02 -5.125809999999999533e-01 -1.240770000000000067e-01
2.138100000000000070e-02 -5.524010000000000309e-01 -1.160619999999999985e-01
3.618000000000000122e-03 -5.690190000000000525e-01 -1.179670000000000024e-01
3.016999999999999890e-02 -5.687670000000000226e-01 -1.184240000000000015e-01
1.618469999999999909e-01 9.038499999999999313e-02 2.542900000000000021e-02
1.874899999999999831e-02 2.117670000000000108e-01 -1.035269999999999940e-01
1.039469999999999977e-01 2.519060000000000188e-01 -7.730499999999999872e-02
1.568180000000000129e-01 8.423999999999999544e-02 -4.525200000000000056e-02
1.556619999999999948e-01 6.872599999999999543e-02 -2.933099999999999943e-02
1.199709999999999943e-01 8.576999999999999902e-02 -9.063799999999999635e-02
1.400820000000000121e-01 6.759500000000000230e-02 -6.349399999999999489e-02
1.328330000000000066e-01 8.246599999999999764e-02 -7.864400000000000557e-02
1.480950000000000044e-01 6.124000000000000277e-02 -4.612800000000000233e-02
1.342319999999999902e-01 4.487300000000000316e-02 -5.895399999999999946e-02
1.492690000000000128e-01 4.438500000000000084e-02 -2.984300000000000147e-02
1.548420000000000074e-01 4.947700000000000015e-02 -1.384299999999999940e-02
1.417700000000000071e-01 3.946999999999999814e-02 -4.378499999999999753e-02
1.392720000000000069e-01 2.657199999999999840e-02 -3.542000000000000010e-02
4.032700000000000173e-02 1.220659999999999940e-01 -1.175760000000000000e-01
5.674699999999999883e-02 1.180449999999999972e-01 -1.166240000000000054e-01
2.287700000000000150e-02 1.354460000000000108e-01 -1.181159999999999988e-01
6.446699999999999653e-02 1.037229999999999958e-01 -1.139610000000000067e-01
5.251800000000000218e-02 8.330500000000000405e-02 -1.111400000000000027e-01
3.829199999999999965e-02 1.001979999999999954e-01 -1.148519999999999958e-01
8.598100000000000187e-02 1.100310000000000038e-01 -1.115150000000000030e-01
9.434599999999999931e-02 7.207600000000000118e-02 -9.987300000000000344e-02
1.794099999999999862e-02 8.968700000000000283e-02 -1.138529999999999959e-01
3.549000000000000071e-02 8.001199999999999979e-02 -1.114089999999999941e-01
2.070299999999999918e-02 7.078600000000000170e-02 -1.102250000000000035e-01
4.792099999999999832e-02 2.104719999999999924e-01 -1.044650000000000023e-01
7.959399999999999809e-02 2.046900000000000108e-01 -1.054199999999999998e-01
5.701500000000000318e-02 1.795849999999999946e-01 -1.128870000000000012e-01
2.393770000000000064e-01 -5.326929999999999721e-01 1.459000000000000054e-02
2.393649999999999944e-01 -4.654059999999999864e-01 -1.638099999999999973e-02
2.368359999999999910e-01 -5.093579999999999774e-01 1.646999999999999853e-02
2.225209999999999966e-01 -3.812539999999999818e-01 -1.696999999999999897e-02
7.331000000000000016e-02 -2.929840000000000222e-01 -1.223980000000000068e-01
1.645919999999999883e-01 -2.109050000000000091e-01 -5.045199999999999685e-02
1.796230000000000049e-01 -2.836339999999999972e-01 -4.417299999999999699e-02
6.476500000000000312e-02 -1.571369999999999989e-01 -1.030210000000000015e-01
1.474789999999999990e-01 -9.865300000000000458e-02 -2.226399999999999907e-02
3.147300000000000098e-02 -5.138989999999999947e-01 -1.156189999999999996e-01
2.546999999999999958e-02 -5.344179999999999486e-01 -1.155830000000000052e-01
1.577109999999999901e-01 4.796199999999999769e-02 1.970399999999999929e-02
1.433169999999999999e-01 7.084000000000000019e-03 -8.566999999999999962e-03
1.376670000000000116e-01 1.234599999999999934e-02 -3.088499999999999926e-02
1.609720000000000040e-01 6.743100000000000482e-02 1.426900000000000043e-02
1.517189999999999928e-01 3.216299999999999715e-02 2.280000000000000126e-04
1.582860000000000100e-01 5.448399999999999771e-02 3.687999999999999872e-03
1.372699999999999962e-02 1.735460000000000058e-01 -1.142989999999999978e-01
1.259260000000000101e-01 5.339399999999999702e-02 -7.282299999999999884e-02
1.262129999999999919e-01 6.748099999999999932e-02 -7.890400000000000191e-02
1.276090000000000002e-01 2.978300000000000045e-02 -5.742400000000000282e-02
4.197000000000000210e-03 1.255960000000000132e-01 -1.180510000000000032e-01
2.097100000000000006e-02 1.122699999999999948e-01 -1.170749999999999985e-01
1.653699999999999962e-02 1.526639999999999942e-01 -1.176169999999999993e-01
5.757099999999999718e-02 1.588960000000000095e-01 -1.157880000000000020e-01
3.423600000000000254e-02 1.598360000000000058e-01 -1.162249999999999950e-01
3.799000000000000293e-02 1.947049999999999892e-01 -1.091010000000000035e-01
4.602400000000000241e-02 3.805299999999999655e-02 -1.006419999999999954e-01
4.433600000000000041e-02 6.112599999999999978e-02 -1.065109999999999946e-01
6.941799999999999360e-02 6.950099999999999334e-02 -1.057249999999999995e-01
8.649800000000000544e-02 5.552800000000000097e-02 -9.737400000000000222e-02
2.304000000000000145e-02 4.879200000000000204e-02 -1.058439999999999936e-01
2.202419999999999933e-01 -4.975570000000000270e-01 3.246700000000000280e-02
2.201730000000000076e-01 -5.156899999999999817e-01 3.477999999999999842e-02
2.192350000000000132e-01 -4.771770000000000178e-01 3.578900000000000137e-02
2.359060000000000046e-01 -5.172639999999999461e-01 -3.930299999999999766e-02
2.464439999999999964e-01 -5.171949999999999603e-01 -2.805000000000000202e-03
2.474149999999999960e-01 -5.247429999999999595e-01 -2.411200000000000149e-02
2.483160000000000089e-01 -5.352850000000000108e-01 -4.921000000000000027e-03
2.418160000000000032e-01 -5.335140000000000438e-01 -3.690600000000000130e-02
2.268940000000000123e-01 -4.610330000000000261e-01 2.118599999999999997e-02
2.062620000000000009e-01 -5.321660000000000279e-01 -5.031700000000000061e-02
3.410900000000000043e-02 -2.925800000000000067e-01 -1.241359999999999963e-01
6.280600000000000072e-02 -2.368949999999999945e-01 -1.193950000000000011e-01
7.994400000000000117e-02 -3.739850000000000119e-01 -1.235320000000000029e-01
1.838509999999999867e-01 -1.998860000000000081e-01 -1.267199999999999924e-02
2.015019999999999867e-01 -2.639859999999999984e-01 4.449999999999999746e-04
2.829600000000000171e-02 -4.296019999999999839e-01 -1.138529999999999959e-01
1.598910000000000053e-01 -5.494620000000000060e-01 -1.066330000000000056e-01
9.105100000000000693e-02 -5.583580000000000210e-01 -1.204879999999999979e-01
7.400600000000000234e-02 -5.657889999999999864e-01 -1.214800000000000046e-01
2.589199999999999835e-02 -4.947420000000000151e-01 -1.136299999999999949e-01
1.063099999999999982e-02 -5.232930000000000081e-01 -1.135479999999999962e-01
5.180599999999999788e-02 -5.682540000000000369e-01 -1.225460000000000022e-01
1.451340000000000130e-01 -2.746999999999999876e-03 1.754500000000000157e-02
2.483099999999999891e-02 -8.266500000000000237e-02 -1.001070000000000015e-01
1.518200000000000105e-01 3.009399999999999922e-02 2.368299999999999919e-02
1.466840000000000088e-01 1.260299999999999962e-02 2.557900000000000104e-02
1.471639999999999893e-01 1.388099999999999924e-02 8.172000000000000444e-03
1.345339999999999869e-01 -7.076999999999999957e-03 -2.927599999999999994e-02
1.026159999999999989e-01 -2.053900000000000170e-02 -6.448700000000000265e-02
1.226669999999999983e-01 -2.257199999999999832e-02 -4.471399999999999680e-02
9.631900000000000184e-02 1.193000000000000050e-03 -7.384200000000000486e-02
9.834900000000000586e-02 2.613000000000000045e-02 -8.103399999999999492e-02
1.385119999999999962e-01 -1.660199999999999870e-02 -1.530199999999999963e-02
1.618680000000000119e-01 8.122799999999999465e-02 1.427699999999999976e-02
1.465049999999999963e-01 2.838800000000000004e-02 -1.723500000000000032e-02
1.101209999999999967e-01 6.203499999999999986e-02 -8.881100000000000105e-02
2.709599999999999856e-02 1.363100000000000075e-02 -9.556900000000000117e-02
5.860999999999999890e-03 3.987299999999999872e-02 -1.042649999999999966e-01
3.697000000000000199e-03 6.011500000000000177e-02 -1.090560000000000002e-01
2.351709999999999912e-01 -4.857630000000000003e-01 -3.244199999999999862e-02
2.433240000000000125e-01 -4.947869999999999768e-01 4.859999999999999954e-04
2.316169999999999896e-01 -4.861429999999999918e-01 2.135799999999999851e-02
2.356240000000000001e-01 -4.430120000000000169e-01 1.696000000000000025e-03
2.069259999999999988e-01 -3.598979999999999957e-01 2.077999999999999986e-02
2.123200000000000087e-01 -3.236559999999999993e-01 6.442999999999999942e-03
1.918950000000000100e-01 -5.418950000000000156e-01 -6.035700000000000093e-02
2.181269999999999876e-01 -5.149280000000000523e-01 -4.675200000000000189e-02
3.783399999999999958e-02 -3.349349999999999827e-01 -1.177490000000000064e-01
4.198000000000000342e-02 -2.602169999999999761e-01 -1.240890000000000049e-01
3.398099999999999732e-02 -2.169260000000000077e-01 -1.167969999999999980e-01
1.894389999999999963e-01 -2.097410000000000108e-01 9.655999999999999653e-03
2.223400000000000029e-02 -1.571150000000000047e-01 -1.095539999999999986e-01
1.990899999999999961e-02 -1.311970000000000081e-01 -1.065259999999999957e-01
1.589750000000000052e-01 -9.278200000000000336e-02 1.806900000000000173e-02
1.540799999999999947e-01 -7.386700000000000210e-02 1.790100000000000025e-02
1.717539999999999900e-01 -1.433889999999999887e-01 1.732900000000000065e-02
9.216000000000000233e-03 -4.835380000000000233e-01 -1.132780000000000037e-01
1.095600000000000046e-02 -4.635380000000000056e-01 -1.141139999999999932e-01
1.420180000000000053e-01 -5.404290000000000482e-01 -1.125300000000000050e-01
1.685909999999999909e-01 -5.438499999999999446e-01 -9.023799999999999877e-02
1.244230000000000058e-01 -5.541890000000000427e-01 -1.156319999999999987e-01
5.875199999999999867e-02 -5.518549999999999844e-01 -1.234360000000000041e-01
4.224599999999999883e-02 -5.480340000000000211e-01 -1.210559999999999969e-01
4.450599999999999695e-02 -5.257960000000000411e-01 -1.206929999999999947e-01
6.025699999999999806e-02 -5.321240000000000414e-01 -1.239389999999999936e-01
4.254800000000000249e-02 -5.003319999999999990e-01 -1.178020000000000039e-01
2.992399999999999921e-02 -4.794100000000000028e-01 -1.137230000000000046e-01
5.909799999999999776e-02 -4.922590000000000021e-01 -1.231249999999999983e-01
4.923000000000000292e-03 -7.639799999999999369e-02 -9.776100000000000068e-02
2.008899999999999922e-02 -1.048179999999999945e-01 -1.032580000000000026e-01
6.431000000000000084e-03 -5.283299999999999802e-02 -9.602099999999999524e-02
1.330899999999999965e-02 -2.986199999999999966e-02 -9.268099999999999949e-02
2.270700000000000149e-02 -6.568000000000000227e-02 -9.769400000000000306e-02
1.122009999999999952e-01 1.810499999999999957e-02 -6.729599999999999471e-02
1.139430000000000026e-01 -3.946999999999999988e-03 -5.891400000000000109e-02
8.739099999999999646e-02 -2.139900000000000135e-02 -7.442100000000000104e-02
5.604300000000000254e-02 8.307000000000000148e-03 -9.035899999999999488e-02
4.616200000000000164e-02 2.152000000000000093e-02 -9.584199999999999664e-02
5.190700000000000175e-02 -1.691799999999999901e-02 -8.648999999999999744e-02
9.906600000000000128e-02 4.547600000000000253e-02 -8.831799999999999373e-02
1.332069999999999921e-01 -6.721100000000000685e-02 -3.450600000000000195e-02
4.066000000000000170e-03 2.091399999999999856e-02 -9.880899999999999406e-02
2.574999999999999858e-02 2.904999999999999943e-02 -1.001019999999999965e-01
2.075700000000000045e-01 -4.438300000000000023e-01 4.427500000000000185e-02
2.189560000000000117e-01 -4.213080000000000158e-01 1.882299999999999945e-02
2.439060000000000117e-01 -5.028569999999999984e-01 -2.397699999999999831e-02
2.284920000000000007e-01 -4.987230000000000274e-01 -4.211600000000000066e-02
2.423949999999999994e-01 -4.821750000000000203e-01 -1.569900000000000115e-02
2.398899999999999921e-01 -4.713550000000000240e-01 1.623000000000000094e-03
2.014600000000000002e-01 -3.188610000000000055e-01 1.991599999999999968e-02
2.265379999999999894e-01 -5.350190000000000223e-01 -4.246199999999999974e-02
1.757849999999999968e-01 -5.010940000000000394e-01 -6.856099999999999695e-02
2.689799999999999830e-02 -2.748610000000000220e-01 -1.253120000000000067e-01
2.472099999999999992e-02 -2.504440000000000000e-01 -1.237580000000000069e-01
1.378500000000000038e-02 -2.647459999999999813e-01 -1.256110000000000004e-01
1.589499999999999941e-02 -2.046119999999999883e-01 -1.144619999999999943e-01
2.026700000000000029e-02 -2.271410000000000096e-01 -1.182190000000000046e-01
7.782999999999999988e-03 -1.897580000000000100e-01 -1.125759999999999955e-01
2.838500000000000051e-02 -1.946330000000000005e-01 -1.148269999999999985e-01
1.855499999999999927e-01 -2.066830000000000056e-01 2.881099999999999980e-02
1.912139999999999951e-01 -2.266360000000000041e-01 1.999000000000000082e-02
1.845120000000000093e-01 -1.881210000000000104e-01 2.217999999999999833e-02
1.936080000000000023e-01 -2.644110000000000071e-01 2.405699999999999852e-02
1.961610000000000020e-01 -2.857810000000000072e-01 2.325299999999999936e-02
1.639960000000000029e-01 -1.110270000000000007e-01 2.064699999999999869e-02
1.678759999999999974e-01 -1.277079999999999882e-01 2.398499999999999938e-02
1.662140000000000006e-01 -1.252060000000000117e-01 3.586999999999999911e-03
1.705939999999999956e-01 -1.451919999999999877e-01 -5.681000000000000286e-03
1.629819999999999880e-01 -1.294970000000000010e-01 -1.353799999999999969e-02
1.438889999999999891e-01 -7.527799999999999769e-02 -1.945600000000000107e-02
1.379890000000000005e-01 -9.126499999999999890e-02 -3.718400000000000177e-02
1.379620000000000013e-01 -5.105300000000000116e-02 -2.018999999999999961e-02
1.439940000000000109e-01 -4.808699999999999780e-02 4.330000000000000081e-04
1.263509999999999911e-01 -4.297399999999999831e-02 -3.819700000000000178e-02
1.523220000000000129e-01 -8.313199999999999756e-02 -3.752000000000000127e-03
1.480829999999999924e-01 -6.303699999999999581e-02 -3.409999999999999945e-04
1.448820000000000108e-01 -3.011799999999999894e-02 1.633599999999999983e-02
3.496900000000000008e-02 -4.560819999999999874e-01 -1.140309999999999935e-01
4.894099999999999839e-02 -4.765510000000000024e-01 -1.198290000000000050e-01
1.614700000000000163e-02 -3.969039999999999790e-01 -1.158980000000000010e-01
2.792999999999999997e-02 -4.073189999999999866e-01 -1.145599999999999952e-01
1.448589999999999878e-01 -5.591190000000000326e-01 -1.108620000000000022e-01
1.813379999999999992e-01 -5.466550000000000020e-01 -7.260500000000000287e-02
1.761320000000000108e-01 -5.295039999999999747e-01 -7.460400000000000365e-02
8.743199999999999583e-02 -4.681500000000000106e-01 -1.235070000000000057e-01
9.355499999999999927e-02 -5.056519999999999904e-01 -1.221769999999999939e-01
8.057300000000000573e-02 -5.235880000000000534e-01 -1.239930000000000060e-01
1.394660000000000066e-01 -3.185199999999999837e-02 -8.729999999999999913e-03
1.433490000000000042e-01 -1.467899999999999934e-02 3.644999999999999803e-03
3.754799999999999804e-02 -1.206979999999999997e-01 -1.036880000000000024e-01
3.946700000000000208e-02 -7.147299999999999487e-02 -9.624699999999999922e-02
1.252330000000000110e-01 -4.569000000000000145e-03 -4.608799999999999703e-02
7.821699999999999486e-02 1.318300000000000027e-02 -8.547299999999999343e-02
7.492300000000000348e-02 -5.256000000000000255e-03 -8.247899999999999676e-02
6.673999999999999377e-02 2.869899999999999882e-02 -9.380099999999999549e-02
6.762700000000000655e-02 4.963599999999999957e-02 -1.006459999999999994e-01
8.401799999999999546e-02 3.460599999999999787e-02 -9.053899999999999448e-02
5.043399999999999966e-02 -4.098899999999999766e-02 -8.936099999999999599e-02
3.273899999999999727e-02 -2.168899999999999995e-02 -8.973399999999999432e-02
7.164700000000000235e-02 -3.003700000000000120e-02 -8.123500000000000165e-02
5.375499999999999723e-02 -6.153299999999999742e-02 -9.121100000000000041e-02
7.204199999999999493e-02 -4.838499999999999746e-02 -8.191900000000000570e-02
2.151810000000000112e-01 -4.613940000000000263e-01 3.275499999999999939e-02
2.178970000000000073e-01 -4.391209999999999836e-01 2.296899999999999983e-02
2.118379999999999985e-01 -4.064650000000000207e-01 2.610099999999999920e-02
2.078460000000000030e-01 -4.250840000000000174e-01 3.804600000000000343e-02
2.123170000000000057e-01 -4.953899999999999970e-01 -4.899900000000000089e-02
2.054020000000000012e-01 -4.791460000000000163e-01 -5.088100000000000261e-02
2.210070000000000090e-01 -4.776810000000000223e-01 -4.393299999999999983e-02
2.077710000000000112e-01 -3.745009999999999728e-01 2.430399999999999922e-02
2.179869999999999863e-01 -3.917450000000000099e-01 1.781100000000000044e-02
1.576100000000000070e-02 -3.371850000000000125e-01 -1.203639999999999988e-01
2.408100000000000171e-02 -3.531719999999999859e-01 -1.169359999999999983e-01
1.914599999999999982e-02 -3.766140000000000043e-01 -1.164800000000000002e-01
4.276400000000000340e-02 -2.359539999999999971e-01 -1.212349999999999955e-01
5.866400000000000087e-02 -2.517800000000000038e-01 -1.217280000000000029e-01
7.640399999999999969e-02 -2.630129999999999968e-01 -1.196129999999999971e-01
4.802599999999999925e-02 -2.768849999999999922e-01 -1.242609999999999965e-01
6.095899999999999930e-02 -2.740850000000000231e-01 -1.235249999999999959e-01
8.651000000000000703e-03 -2.867379999999999929e-01 -1.258720000000000117e-01
5.997199999999999753e-02 -2.125489999999999879e-01 -1.146490000000000009e-01
5.328100000000000197e-02 -2.239500000000000102e-01 -1.190240000000000048e-01
1.911720000000000086e-01 -2.364759999999999918e-01 -1.638699999999999879e-02
1.879349999999999909e-01 -2.180850000000000011e-01 -1.305699999999999916e-02
1.950020000000000087e-01 -2.334100000000000064e-01 4.135999999999999920e-03
1.788079999999999947e-01 -2.172659999999999869e-01 -3.133899999999999880e-02
1.779489999999999961e-01 -1.797269999999999979e-01 -1.707099999999999937e-02
1.765480000000000105e-01 -1.658719999999999917e-01 -4.309999999999999595e-03
1.722249999999999892e-01 -1.928259999999999974e-01 -3.459899999999999781e-02
1.818289999999999906e-01 -1.884389999999999954e-01 4.491000000000000200e-03
1.594250000000000111e-01 -1.874379999999999935e-01 -5.194300000000000306e-02
1.721219999999999972e-01 -1.624659999999999993e-01 -1.879199999999999968e-02
2.072940000000000060e-01 -2.996840000000000059e-01 8.077000000000000846e-03
2.031489999999999962e-01 -2.802129999999999899e-01 9.664999999999999980e-03
1.980439999999999978e-01 -3.034959999999999880e-01 2.368999999999999925e-02
1.547139999999999904e-01 -1.325540000000000052e-01 -2.966600000000000140e-02
1.314819999999999878e-01 -2.894199999999999898e-02 -2.669499999999999998e-02
1.155869999999999953e-01 -4.188499999999999862e-02 -5.162400000000000322e-02
4.482400000000000273e-02 -4.159649999999999737e-01 -1.149570000000000036e-01
1.862640000000000129e-01 -5.208490000000000064e-01 -6.161300000000000110e-02
7.651299999999999768e-02 -5.470049999999999635e-01 -1.229679999999999940e-01
1.208520000000000011e-01 -5.293900000000000272e-01 -1.177419999999999994e-01
1.438049999999999884e-01 -5.177960000000000340e-01 -1.116879999999999956e-01
1.649410000000000043e-01 -5.209850000000000314e-01 -9.531199999999999395e-02
1.664599999999999969e-01 -4.996430000000000038e-01 -8.633299999999999308e-02
1.754709999999999881e-01 -4.794240000000000168e-01 -6.488800000000000123e-02
1.905630000000000102e-01 -4.929839999999999778e-01 -5.542699999999999710e-02
1.896019999999999928e-01 -4.713769999999999905e-01 -5.502900000000000152e-02
1.743059999999999887e-01 -4.566609999999999836e-01 -6.256699999999999762e-02
1.904909999999999937e-01 -4.486970000000000125e-01 -5.506199999999999983e-02
7.443600000000000216e-02 -4.806799999999999962e-01 -1.251609999999999945e-01
1.232179999999999942e-01 -4.891710000000000225e-01 -1.164039999999999936e-01
1.125229999999999980e-01 -5.048899999999999499e-01 -1.191780000000000062e-01
1.117530000000000051e-01 -4.679349999999999898e-01 -1.178909999999999958e-01
9.803099999999999314e-02 -4.887239999999999918e-01 -1.217980000000000035e-01
1.288390000000000091e-01 -5.059200000000000363e-01 -1.155150000000000066e-01
1.330449999999999966e-01 -4.710840000000000027e-01 -1.135990000000000055e-01
1.004459999999999936e-01 -5.224109999999999587e-01 -1.203899999999999970e-01
4.016000000000000125e-02 -9.832100000000000561e-02 -1.001459999999999989e-01
3.084800000000000042e-02 -4.856699999999999906e-02 -9.390500000000000236e-02
1.033820000000000017e-01 -8.046599999999999586e-02 -7.054299999999999460e-02
2.332940000000000014e-01 -4.682310000000000083e-01 -3.029099999999999848e-02
2.223179999999999878e-01 -3.686429999999999985e-01 -7.907000000000000833e-03
2.182620000000000116e-01 -3.484820000000000140e-01 2.243999999999999901e-03
2.046330000000000093e-01 -3.407950000000000146e-01 1.954900000000000040e-02
2.335100000000000023e-02 -3.036670000000000202e-01 -1.242090000000000000e-01
2.286799999999999944e-02 -3.216180000000000150e-01 -1.219029999999999975e-01
5.094200000000000117e-02 -3.493399999999999839e-01 -1.178789999999999977e-01
3.890799999999999814e-02 -3.726689999999999725e-01 -1.161350000000000021e-01
3.020099999999999868e-02 -3.870720000000000272e-01 -1.162699999999999984e-01
2.673999999999999988e-02 -1.769880000000000064e-01 -1.122120000000000062e-01
4.648499999999999854e-02 -1.612190000000000012e-01 -1.084900000000000031e-01
3.798499999999999793e-02 -1.422769999999999868e-01 -1.059540000000000065e-01
4.439599999999999796e-02 -2.036340000000000094e-01 -1.165110000000000035e-01
6.172799999999999815e-02 -1.921990000000000087e-01 -1.115629999999999955e-01
1.986229999999999940e-01 -2.495229999999999948e-01 3.583999999999999946e-03
1.800859999999999961e-01 -1.716560000000000030e-01 1.740699999999999886e-02
1.758609999999999896e-01 -1.576249999999999873e-01 1.216700000000000073e-02
1.482479999999999909e-01 -1.680830000000000102e-01 -5.825500000000000123e-02
1.641549999999999954e-01 -1.502000000000000002e-01 -2.647100000000000147e-02
1.549399999999999944e-01 -1.497600000000000042e-01 -4.080899999999999805e-02
1.538889999999999980e-01 -1.165930000000000022e-01 -2.210300000000000112e-02
1.131869999999999959e-01 -2.332100000000000145e-02 -5.565200000000000008e-02
9.003700000000000592e-02 -3.806999999999999967e-02 -7.237899999999999889e-02
8.704900000000000138e-02 -6.672400000000000553e-02 -7.693300000000000138e-02
1.034270000000000050e-01 -4.265900000000000247e-02 -6.426099999999999868e-02
9.409099999999999409e-02 -5.693200000000000344e-02 -7.243199999999999639e-02
4.448400000000000271e-02 -3.919159999999999866e-01 -1.154609999999999942e-01
5.707899999999999779e-02 -4.039749999999999730e-01 -1.178529999999999994e-01
4.301100000000000062e-02 -4.327219999999999955e-01 -1.149389999999999995e-01
8.660199999999999843e-02 -4.349509999999999765e-01 -1.230399999999999966e-01
9.874800000000000244e-02 -4.504799999999999915e-01 -1.211180000000000034e-01
7.330399999999999416e-02 -4.558369999999999922e-01 -1.251559999999999895e-01
6.944300000000000472e-02 -4.383110000000000062e-01 -1.247019999999999934e-01
7.216400000000000592e-02 -4.203899999999999859e-01 -1.250199999999999922e-01
9.041699999999999737e-02 -4.111909999999999732e-01 -1.186689999999999967e-01
1.495940000000000047e-01 -4.043709999999999805e-01 -9.962200000000000222e-02
1.087280000000000052e-01 -4.301369999999999916e-01 -1.162200000000000039e-01
1.139000000000000012e-01 -4.105619999999999825e-01 -1.147600000000000009e-01
1.716669999999999863e-01 -5.147310000000000496e-01 -7.817599999999999549e-02
1.745079999999999965e-01 -4.351769999999999805e-01 -5.973699999999999843e-02
2.213529999999999942e-01 -4.531789999999999985e-01 -3.921999999999999792e-02
7.895000000000000628e-02 -5.011769999999999836e-01 -1.246590000000000059e-01
1.666289999999999993e-01 -4.657220000000000248e-01 -7.938099999999999323e-02
1.640270000000000061e-01 -4.445169999999999955e-01 -7.977199999999999569e-02
1.418669999999999931e-01 -4.956119999999999970e-01 -1.114910000000000068e-01
2.327160000000000062e-01 -4.282569999999999988e-01 -1.560899999999999961e-02
2.201859999999999928e-01 -3.710570000000000257e-01 7.278999999999999880e-03
1.827090000000000103e-01 -3.531079999999999774e-01 -4.791600000000000026e-02
1.998620000000000119e-01 -3.254380000000000051e-01 -3.216399999999999815e-02
5.448100000000000165e-02 -3.707799999999999985e-01 -1.175279999999999936e-01
6.894200000000000328e-02 -3.576550000000000007e-01 -1.226200000000000068e-01
6.351199999999999901e-02 -3.818099999999999827e-01 -1.189999999999999947e-01
4.578200000000000325e-02 -1.828980000000000050e-01 -1.126469999999999971e-01
1.467019999999999991e-01 -1.319899999999999962e-01 -4.079100000000000087e-02
5.665900000000000103e-02 -4.238009999999999833e-01 -1.198700000000000043e-01
7.367200000000000137e-02 -3.970830000000000193e-01 -1.244070000000000037e-01
1.229449999999999987e-01 -4.462659999999999960e-01 -1.151329999999999992e-01
1.958449999999999913e-01 -3.984809999999999741e-01 -4.039199999999999735e-02
1.823120000000000018e-01 -4.154459999999999820e-01 -5.102899999999999797e-02
1.630739999999999967e-01 -3.968169999999999753e-01 -7.674400000000000666e-02
1.591190000000000104e-01 -4.111890000000000267e-01 -8.935400000000000287e-02
1.710019999999999873e-01 -4.018079999999999985e-01 -6.283600000000000296e-02
1.498420000000000030e-01 -4.238169999999999993e-01 -1.017249999999999960e-01
2.086359999999999881e-01 -4.387809999999999766e-01 -4.319200000000000123e-02
1.587260000000000060e-01 -5.007770000000000277e-01 -1.028000000000000025e-01
1.500309999999999977e-01 -4.745960000000000178e-01 -1.066970000000000002e-01
1.556629999999999958e-01 -4.562300000000000244e-01 -1.007030000000000008e-01
1.614170000000000049e-01 -4.792440000000000033e-01 -9.582799999999999652e-02
1.682859999999999912e-01 -4.833250000000000046e-01 -8.195299999999999807e-02
7.261800000000000199e-02 -7.344399999999999540e-02 -8.482299999999999562e-02
8.907700000000000340e-02 -8.809699999999999476e-02 -7.869299999999999906e-02
2.377499999999999891e-01 -4.519940000000000069e-01 -1.034999999999999983e-02
2.327420000000000044e-01 -4.464890000000000247e-01 -2.376199999999999840e-02
2.302909999999999957e-01 -4.101560000000000206e-01 -9.778999999999999498e-03
2.125839999999999952e-01 -3.625039999999999929e-01 -2.781199999999999992e-02
2.156150000000000011e-01 -3.484530000000000127e-01 -1.693400000000000113e-02
5.458099999999999757e-02 -2.941199999999999926e-01 -1.211099999999999954e-01
5.452300000000000202e-02 -3.279329999999999745e-01 -1.195470000000000005e-01
1.137979999999999964e-01 -3.317849999999999966e-01 -1.083270000000000066e-01
1.415540000000000131e-01 -1.478629999999999944e-01 -5.714000000000000329e-02
1.320220000000000005e-01 -1.268730000000000135e-01 -5.883499999999999841e-02
1.335189999999999988e-01 -1.606730000000000103e-01 -7.061499999999999722e-02
1.014179999999999943e-01 -9.922300000000000564e-02 -7.371500000000000274e-02
1.157070000000000043e-01 -1.274230000000000085e-01 -7.389199999999999935e-02
9.635599999999999721e-02 -1.192909999999999943e-01 -8.180099999999999871e-02
9.203000000000000069e-02 -1.376570000000000016e-01 -8.834999999999999798e-02
1.273469999999999880e-01 -1.042690000000000006e-01 -5.445400000000000240e-02
1.166940000000000061e-01 -9.084100000000000508e-02 -6.358099999999999863e-02
8.599600000000000299e-02 -1.054920000000000024e-01 -8.387999999999999623e-02
1.125769999999999965e-01 -6.655700000000000505e-02 -5.881999999999999729e-02
7.617999999999999772e-02 -1.194709999999999939e-01 -9.182099999999999984e-02
1.240030000000000021e-01 -6.011899999999999883e-02 -4.714499999999999941e-02
1.419850000000000001e-01 -1.146760000000000002e-01 -4.016000000000000125e-02
1.329649999999999999e-01 -4.291170000000000262e-01 -1.112729999999999969e-01
1.360959999999999948e-01 -4.073359999999999759e-01 -1.082000000000000045e-01
1.416969999999999896e-01 -3.871680000000000121e-01 -1.032359999999999944e-01
1.214849999999999958e-01 -3.880640000000000200e-01 -1.114730000000000026e-01
1.012080000000000063e-01 -3.479099999999999970e-01 -1.127319999999999989e-01
2.016570000000000029e-01 -4.194379999999999775e-01 -4.057499999999999996e-02
1.496999999999999997e-01 -4.412119999999999931e-01 -1.037140000000000006e-01
1.592719999999999969e-01 -4.335789999999999922e-01 -9.204099999999999782e-02
5.288899999999999851e-02 -1.165479999999999988e-01 -9.974900000000000433e-02
5.294800000000000201e-02 -1.380399999999999960e-01 -1.034790000000000015e-01
6.797100000000000364e-02 -1.338020000000000043e-01 -9.784800000000000442e-02
7.249700000000000588e-02 -9.529500000000000470e-02 -8.851399999999999546e-02
2.310359999999999914e-01 -4.253739999999999744e-01 5.395999999999999755e-03
2.225789999999999991e-01 -4.160909999999999886e-01 -3.010399999999999882e-02
2.263000000000000012e-01 -3.888400000000000190e-01 -2.135999999999999878e-03
2.248549999999999993e-01 -3.983499999999999819e-01 -2.059400000000000119e-02
2.267230000000000079e-01 -4.070500000000000229e-01 7.863999999999999463e-03
2.147280000000000022e-01 -3.856769999999999921e-01 -3.051200000000000093e-02
2.087690000000000101e-01 -3.377009999999999734e-01 -2.615800000000000070e-02
1.936549999999999938e-01 -3.497580000000000133e-01 -3.615899999999999670e-02
1.814890000000000114e-01 -3.319960000000000133e-01 -4.485399999999999804e-02
1.834820000000000062e-01 -3.891220000000000234e-01 -4.781900000000000039e-02
1.734769999999999923e-01 -3.633410000000000251e-01 -5.631400000000000294e-02
2.145849999999999980e-01 -3.330929999999999724e-01 -1.007500000000000062e-02
6.627800000000000358e-02 -3.138250000000000206e-01 -1.227379999999999999e-01
1.257479999999999987e-01 -1.451620000000000132e-01 -7.197199999999999431e-02
1.559149999999999980e-01 -3.896669999999999856e-01 -9.159799999999999887e-02
1.653779999999999972e-01 -3.791840000000000210e-01 -7.363100000000000200e-02
1.528710000000000069e-01 -3.708159999999999790e-01 -9.243600000000000427e-02
1.478470000000000062e-01 -3.250560000000000116e-01 -8.997199999999999642e-02
1.519089999999999885e-01 -3.475690000000000168e-01 -9.012199999999999378e-02
2.128049999999999942e-01 -4.041190000000000060e-01 -3.492900000000000171e-02
1.822670000000000123e-01 -3.116999999999999771e-01 -4.165499999999999758e-02
1.959849999999999925e-01 -3.727860000000000062e-01 -3.756600000000000217e-02
2.106969999999999954e-01 -3.147070000000000145e-01 -1.256900000000000031e-02
7.055699999999999472e-02 -3.377800000000000247e-01 -1.227960000000000024e-01
8.910700000000000565e-02 -3.442959999999999909e-01 -1.201149999999999995e-01
9.473600000000000076e-02 -3.711990000000000012e-01 -1.154069999999999957e-01
1.104020000000000001e-01 -3.711820000000000119e-01 -1.126159999999999939e-01
8.857500000000000095e-02 -3.872979999999999756e-01 -1.179380000000000012e-01
1.020149999999999946e-01 -3.902900000000000258e-01 -1.147610000000000019e-01
1.337939999999999963e-01 -3.719040000000000123e-01 -1.058090000000000003e-01
1.692599999999999938e-01 -3.420759999999999912e-01 -6.028300000000000325e-02
1.641869999999999996e-01 -3.576340000000000074e-01 -7.320300000000000418e-02
1.413949999999999929e-01 -3.564269999999999938e-01 -1.001390000000000058e-01
2.012720000000000065e-01 -2.932489999999999819e-01 -2.373000000000000109e-02
8.711900000000000199e-02 -3.065030000000000254e-01 -1.194690000000000057e-01
1.072390000000000010e-01 -2.768169999999999797e-01 -1.101339999999999958e-01
1.004410000000000025e-01 -2.961289999999999756e-01 -1.136630000000000001e-01
1.612989999999999979e-01 -3.358820000000000139e-01 -7.571799999999999364e-02
1.734469999999999901e-01 -2.946829999999999727e-01 -5.472599999999999687e-02
1.231180000000000052e-01 -3.527440000000000020e-01 -1.081079999999999958e-01
1.362869999999999915e-01 -3.364059999999999828e-01 -1.013059999999999933e-01
1.392180000000000084e-01 -3.105260000000000242e-01 -9.449200000000000654e-02
1.234839999999999965e-01 -2.930639999999999912e-01 -1.036419999999999980e-01
1.564399999999999957e-01 -3.129609999999999892e-01 -7.936899999999999511e-02
1.391439999999999899e-01 -2.325800000000000090e-01 -8.334999999999999354e-02
1.276019999999999932e-01 -2.699300000000000033e-01 -9.825499999999999512e-02
1.517310000000000048e-01 -2.215209999999999957e-01 -6.838400000000000034e-02
1.510080000000000033e-01 -2.051010000000000055e-01 -6.588099999999999512e-02
8.272300000000000486e-02 -2.436709999999999987e-01 -1.157569999999999988e-01
1.670349999999999890e-01 -3.185589999999999811e-01 -6.227699999999999902e-02
1.470160000000000078e-01 -2.701379999999999892e-01 -8.145299999999999763e-02
1.376310000000000033e-01 -2.521689999999999765e-01 -8.789700000000000291e-02
1.516089999999999938e-01 -2.504600000000000160e-01 -7.225600000000000078e-02
1.569029999999999869e-01 -2.332809999999999884e-01 -6.444800000000000528e-02
1.688189999999999968e-01 -2.302450000000000052e-01 -4.776400000000000090e-02
1.671489999999999920e-01 -2.486019999999999897e-01 -5.505999999999999783e-02
1.107520000000000032e-01 -2.198120000000000074e-01 -1.006419999999999954e-01
9.376199999999999812e-02 -2.254549999999999887e-01 -1.093530000000000058e-01
1.371499999999999941e-01 -2.095420000000000060e-01 -8.095600000000000018e-02
1.230949999999999961e-01 -2.134820000000000051e-01 -9.243500000000000327e-02
1.428260000000000085e-01 -1.909679999999999989e-01 -7.109200000000000241e-02
9.545299999999999618e-02 -1.845670000000000088e-01 -9.879300000000000581e-02
1.313189999999999913e-01 -1.769650000000000112e-01 -7.669700000000000129e-02
1.075360000000000066e-01 -1.976100000000000079e-01 -9.719500000000000361e-02
9.690999999999999615e-02 -1.580660000000000120e-01 -9.095200000000000506e-02
1.116579999999999934e-01 -1.805519999999999903e-01 -8.962000000000000521e-02
1.234750000000000014e-01 -1.932190000000000019e-01 -8.683200000000000640e-02
1.011530000000000068e-01 -1.719980000000000120e-01 -9.272800000000000487e-02
1.158099999999999963e-01 -1.615310000000000079e-01 -8.166400000000000048e-02
1.617280000000000106e-01 -2.971070000000000100e-01 -7.049700000000000411e-02
1.509580000000000088e-01 -2.993500000000000050e-01 -8.182899999999999896e-02
1.521160000000000012e-01 -2.850409999999999888e-01 -7.822099999999999886e-02
1.796989999999999976e-01 -2.433150000000000035e-01 -3.571200000000000069e-02
1.930230000000000001e-01 -2.530180000000000207e-01 -2.101300000000000043e-02
1.802539999999999976e-01 -2.636270000000000002e-01 -4.222999999999999671e-02
1.636160000000000114e-01 -2.727029999999999732e-01 -6.250999999999999612e-02
1.246280000000000027e-01 -2.467999999999999916e-01 -9.733899999999999497e-02
1.001189999999999997e-01 -2.392620000000000025e-01 -1.091680000000000011e-01
8.424900000000000444e-02 -1.704579999999999984e-01 -9.947999999999999898e-02
7.900799999999999490e-02 -1.876440000000000052e-01 -1.057909999999999962e-01
9.313799999999999857e-02 -2.034620000000000040e-01 -1.047939999999999983e-01
7.813599999999999712e-02 -2.069189999999999918e-01 -1.105280000000000012e-01
6.282999999999999696e-02 -1.741489999999999982e-01 -1.075689999999999980e-01
7.644700000000000106e-02 -2.255620000000000125e-01 -1.134060000000000068e-01
1.478200000000000000e-02 1.358999999999999965e-03 -9.422700000000000520e-02
3.660000000000000059e-02 -7.590000000000000175e-04 -9.144199999999999551e-02
1.647780000000000078e-01 -1.692929999999999990e-01 -3.619300000000000295e-02
1.263950000000000073e-01 -8.103100000000000580e-02 -5.071400000000000213e-02
2.019900000000000029e-01 -2.736799999999999788e-01 -1.048100000000000073e-02
1.950729999999999964e-01 -2.743729999999999780e-01 -2.697899999999999951e-02
-2.668869999999999854e-01 -5.465799999999999548e-01 4.089199999999999779e-02
-2.682709999999999817e-01 -5.483799999999999786e-01 2.254600000000000007e-02
-2.595279999999999809e-01 -5.511639999999999873e-01 6.438000000000000146e-03
-2.466980000000000006e-01 -5.535419999999999785e-01 -6.551000000000000399e-03
-2.325979999999999992e-01 -5.557539999999999702e-01 -1.821800000000000155e-02
-2.177290000000000059e-01 -5.579119999999999635e-01 -2.874799999999999925e-02
-2.033600000000000130e-01 -5.601509999999999545e-01 -4.022499999999999687e-02
-1.922460000000000002e-01 -5.623759999999999870e-01 -5.500499999999999834e-02
-1.829359999999999875e-01 -5.643660000000000343e-01 -7.128400000000000014e-02
-1.748899999999999899e-01 -5.666820000000000190e-01 -8.830899999999999861e-02
-1.648159999999999903e-01 -5.691739999999999577e-01 -1.043729999999999936e-01
-1.478059999999999929e-01 -5.724089999999999456e-01 -1.126670000000000033e-01
-1.291869999999999963e-01 -5.753300000000000081e-01 -1.165599999999999969e-01
-1.103829999999999950e-01 -5.779400000000000093e-01 -1.196829999999999977e-01
-9.143400000000000138e-02 -5.801429999999999643e-01 -1.223879999999999968e-01
-7.237499999999999489e-02 -5.818609999999999616e-01 -1.242850000000000066e-01
-5.318599999999999717e-02 -5.829910000000000370e-01 -1.234090000000000048e-01
-3.400999999999999857e-02 -5.835639999999999716e-01 -1.222130000000000022e-01
-1.478299999999999927e-02 -5.835919999999999996e-01 -1.216760000000000064e-01
-1.356300000000000040e-02 2.298520000000000008e-01 -9.499599999999999711e-02
-2.996400000000000105e-02 2.398460000000000036e-01 -9.482400000000000551e-02
-4.634400000000000325e-02 2.482709999999999917e-01 -8.869100000000000594e-02
-6.211400000000000254e-02 2.579770000000000119e-01 -8.026700000000000501e-02
-7.610500000000000598e-02 2.694529999999999981e-01 -6.698400000000000187e-02
-1.445180000000000076e-01 2.579799999999999871e-01 -5.270400000000000085e-02
-1.450329999999999953e-01 2.438879999999999937e-01 -6.761899999999999855e-02
-1.439310000000000034e-01 2.278340000000000087e-01 -7.959099999999999508e-02
-1.421489999999999976e-01 2.094100000000000128e-01 -8.828999999999999349e-02
-1.407990000000000075e-01 1.892369999999999886e-01 -9.254999999999999338e-02
-1.406360000000000110e-01 1.680929999999999924e-01 -9.269800000000000262e-02
-1.437579999999999969e-01 1.463480000000000059e-01 -9.020000000000000240e-02
-1.517870000000000053e-01 1.253259999999999930e-01 -8.391099999999999948e-02
-1.598670000000000091e-01 1.091789999999999983e-01 -6.714000000000000523e-02
-1.699839999999999962e-01 9.975900000000000045e-02 -4.535200000000000342e-02
-1.143139999999999989e-01 2.555529999999999746e-01 -6.849299999999999833e-02
-1.167920000000000069e-01 3.657500000000000334e-02 -8.050000000000000211e-02
-1.126650000000000013e-01 1.891780000000000128e-01 -1.036340000000000039e-01
-1.106309999999999932e-01 2.663789999999999769e-01 -5.426299999999999873e-02
-4.404700000000000282e-02 2.321759999999999935e-01 -9.694800000000000639e-02
-1.370939999999999936e-01 9.938900000000000512e-02 -8.748400000000000620e-02
-1.265280000000000016e-01 1.811000000000000110e-01 -9.939099999999999324e-02
-1.308429999999999871e-01 2.528679999999999817e-01 -6.486000000000000099e-02
-1.285229999999999984e-01 2.223640000000000061e-01 -8.814099999999999713e-02
-7.789300000000000390e-02 2.532849999999999824e-01 -8.056900000000000173e-02
-1.655389999999999917e-01 8.217000000000000692e-02 4.895000000000000046e-03
-1.284180000000000044e-01 1.372130000000000016e-01 -9.946099999999999386e-02
-1.289089999999999958e-01 2.637959999999999749e-01 -5.144300000000000261e-02
-9.404300000000000159e-02 2.723490000000000077e-01 -5.236099999999999782e-02
-1.634379999999999999e-01 9.873500000000000332e-02 -5.752899999999999681e-02
-4.977999999999999786e-02 2.192810000000000037e-01 -1.010729999999999962e-01
-2.487299999999999928e-02 2.179030000000000133e-01 -9.887899999999999467e-02
-1.382960000000000023e-01 1.246820000000000012e-01 -9.255299999999999638e-02
-1.288559999999999983e-01 1.583219999999999905e-01 -9.951300000000000423e-02
-1.499419999999999920e-01 1.101509999999999989e-01 -7.899799999999999878e-02
-1.938600000000000045e-02 -5.713420000000000165e-01 -1.187649999999999956e-01
-1.795400000000000121e-02 -5.554240000000000288e-01 -1.159300000000000053e-01
-1.177990000000000009e-01 -4.470219999999999749e-01 -1.207919999999999966e-01
-1.402079999999999993e-01 -3.011289999999999800e-01 -9.540899999999999381e-02
-1.983209999999999973e-01 -4.534159999999999857e-01 -2.959600000000000078e-02
-2.622519999999999851e-01 -5.318610000000000282e-01 4.550499999999999684e-02
-6.905000000000000027e-02 -2.901499999999999913e-02 -8.821700000000000375e-02
-1.487709999999999866e-01 1.998000000000000123e-02 -1.367100000000000086e-02
-1.285900000000000098e-01 2.021219999999999961e-01 -9.496999999999999886e-02
-6.421499999999999431e-02 2.362879999999999980e-01 -9.223199999999999454e-02
-1.617250000000000076e-01 5.929299999999999848e-02 2.903000000000000198e-03
-1.581110000000000015e-01 4.248199999999999893e-02 4.500999999999999793e-03
-1.582069999999999865e-01 4.831499999999999684e-02 -1.731100000000000000e-02
-2.574200000000000099e-02 1.868779999999999886e-01 -1.095499999999999946e-01
-1.445929999999999993e-01 7.902299999999999602e-02 -7.230599999999999528e-02
-1.101199999999999957e-01 1.506000000000000116e-01 -1.090959999999999985e-01
-1.087449999999999944e-01 1.707849999999999924e-01 -1.081749999999999934e-01
-8.618000000000000660e-02 1.820440000000000114e-01 -1.113829999999999959e-01
-6.094800000000000217e-02 1.564750000000000030e-01 -1.179150000000000059e-01
-8.569000000000000228e-02 1.579510000000000081e-01 -1.154820000000000013e-01
-6.598299999999999998e-02 1.754900000000000071e-01 -1.141820000000000057e-01
-7.485400000000000387e-02 1.380230000000000068e-01 -1.185309999999999975e-01
-9.621000000000000385e-02 1.337190000000000045e-01 -1.144619999999999943e-01
-4.620799999999999907e-02 1.777849999999999986e-01 -1.133129999999999971e-01
-8.383300000000000474e-02 1.170319999999999971e-01 -1.161230000000000040e-01
-1.228940000000000032e-01 1.133440000000000003e-01 -1.005619999999999986e-01
-3.910700000000000287e-02 -5.686080000000000023e-01 -1.192519999999999969e-01
-6.984500000000000430e-02 -4.204359999999999764e-01 -1.142740000000000006e-01
-1.856109999999999982e-01 -2.781750000000000056e-01 -3.920799999999999980e-02
-7.347900000000000265e-02 -3.179480000000000084e-01 -1.175910000000000011e-01
-7.311099999999999544e-02 -9.606900000000000162e-02 -9.258800000000000363e-02
-2.081790000000000029e-01 -3.836499999999999910e-01 -2.152499999999999900e-02
-2.606010000000000271e-01 -4.992449999999999943e-01 2.879599999999999868e-02
-2.472219999999999973e-01 -5.413949999999999596e-01 -7.320000000000000118e-03
-2.512269999999999781e-01 -5.192369999999999486e-01 -4.122999999999999929e-03
-2.616129999999999844e-01 -5.128650000000000153e-01 1.450300000000000027e-02
-2.387799999999999923e-01 -5.074490000000000389e-01 -7.938000000000000611e-03
-2.624920000000000031e-01 -5.336229999999999585e-01 1.081700000000000023e-02
-3.075400000000000009e-02 4.639900000000000274e-02 -1.069610000000000005e-01
-3.924600000000000311e-02 9.993999999999999412e-03 -9.724199999999999511e-02
-1.491439999999999988e-01 -1.116200000000000005e-02 -5.634000000000000119e-03
-1.626700000000000021e-02 1.135810000000000014e-01 -1.178540000000000004e-01
-6.678800000000000014e-02 2.125120000000000064e-01 -1.030699999999999950e-01
-9.638900000000000245e-02 2.278600000000000070e-01 -9.374799999999999800e-02
-1.132439999999999974e-01 2.329140000000000099e-01 -8.723999999999999810e-02
-1.247439999999999938e-01 2.413200000000000067e-01 -7.799000000000000377e-02
-1.106189999999999951e-01 2.122499999999999942e-01 -9.787899999999999379e-02
-8.878099999999999881e-02 2.082849999999999979e-01 -1.030950000000000061e-01
-1.637770000000000059e-01 6.921099999999999475e-02 -1.308499999999999941e-02
-1.595930000000000126e-01 6.564599999999999602e-02 -3.381900000000000184e-02
-1.518339999999999967e-01 2.680599999999999997e-02 1.606600000000000042e-02
-1.573849999999999971e-01 4.456100000000000338e-02 2.169099999999999848e-02
-1.416250000000000009e-01 3.155399999999999872e-02 -4.792600000000000332e-02
-1.543650000000000022e-01 3.007900000000000157e-02 -4.368000000000000355e-03
-1.509600000000000108e-01 3.389000000000000346e-02 -2.831900000000000042e-02
-1.497050000000000047e-01 8.200000000000000691e-03 1.858000000000000059e-03
-1.498500000000000110e-01 6.224699999999999678e-02 -5.523999999999999744e-02
-1.425349999999999950e-01 1.909500000000000086e-02 -3.462300000000000100e-02
-1.338600000000000033e-02 2.049060000000000048e-01 -1.037399999999999989e-01
-3.485900000000000110e-02 2.013729999999999964e-01 -1.043250000000000011e-01
-1.152790000000000065e-01 1.293850000000000000e-01 -1.065979999999999983e-01
-1.809200000000000044e-02 -5.180620000000000225e-01 -1.127480000000000010e-01
-1.000299999999999974e-02 -5.351479999999999571e-01 -1.138149999999999995e-01
-2.840700000000000169e-02 -4.401570000000000205e-01 -1.211219999999999936e-01
-1.761759999999999993e-01 -5.270949999999999802e-01 -6.862999999999999656e-02
-1.680530000000000079e-01 -1.286750000000000116e-01 6.850000000000000186e-03
-5.654399999999999704e-02 -1.573900000000000021e-01 -1.072140000000000037e-01
-2.622010000000000174e-01 -5.145429999999999726e-01 3.942899999999999877e-02
-2.539669999999999983e-01 -4.888080000000000203e-01 4.775900000000000284e-02
-1.990499999999999908e-02 1.462569999999999981e-01 -1.187779999999999947e-01
-4.198799999999999755e-02 1.524199999999999999e-01 -1.185760000000000008e-01
-1.392799999999999941e-02 5.342500000000000027e-02 -1.083550000000000069e-01
-2.402100000000000068e-02 -2.753900000000000098e-02 -9.354999999999999427e-02
-1.490889999999999993e-01 -1.281700000000000027e-02 2.058300000000000060e-02
-5.605999999999999872e-02 1.982589999999999908e-01 -1.061160000000000020e-01
-8.056900000000000173e-02 2.226750000000000118e-01 -9.787500000000000366e-02
-8.404200000000000559e-02 2.375889999999999946e-01 -9.054700000000000248e-02
-9.749299999999999633e-02 2.469079999999999886e-01 -8.130500000000000227e-02
-9.678499999999999603e-02 1.934960000000000013e-01 -1.067110000000000003e-01
-7.357900000000000551e-02 1.965109999999999912e-01 -1.079849999999999977e-01
-1.458760000000000057e-01 2.948999999999999799e-03 -2.052700000000000011e-02
-1.489149999999999918e-01 7.736999999999999954e-03 2.082799999999999929e-02
-6.000699999999999784e-02 -5.265879999999999450e-01 -1.159970000000000029e-01
-2.103899999999999867e-02 -3.941729999999999956e-01 -1.236410000000000009e-01
-3.808700000000000280e-02 -4.752950000000000230e-01 -1.179680000000000034e-01
-9.994899999999999618e-02 -5.629830000000000112e-01 -1.229630000000000029e-01
-1.168249999999999983e-01 -5.576449999999999463e-01 -1.207020000000000037e-01
-1.922609999999999875e-01 -2.341270000000000018e-01 -3.053999999999999857e-03
-1.856750000000000067e-01 -1.905350000000000099e-01 3.348999999999999980e-03
-1.989199999999999996e-02 -2.377769999999999884e-01 -1.219689999999999941e-01
-5.031200000000000255e-02 -2.007049999999999945e-01 -1.152780000000000055e-01
-1.712690000000000046e-01 -1.389289999999999969e-01 2.272499999999999867e-02
-1.527620000000000089e-01 -7.970499999999999807e-02 6.638999999999999936e-03
-3.232899999999999663e-02 -1.501460000000000017e-01 -1.083979999999999944e-01
-2.059620000000000062e-01 -5.412190000000000056e-01 -3.516500000000000181e-02
-2.364680000000000115e-01 -5.303320000000000256e-01 -1.705999999999999878e-02
-2.522619999999999862e-01 -4.599489999999999967e-01 2.841499999999999929e-02
-2.323320000000000107e-01 -3.793980000000000130e-01 2.335699999999999929e-02
-2.325109999999999955e-01 -3.879210000000000158e-01 4.883000000000000188e-03
-2.163849999999999940e-01 -3.284810000000000230e-01 2.589000000000000155e-03
-5.238999999999999733e-03 1.592889999999999862e-01 -1.173389999999999989e-01
-1.425700000000000058e-02 1.319599999999999940e-01 -1.186659999999999937e-01
-7.347700000000000065e-02 9.460399999999999365e-02 -1.142969999999999958e-01
-5.551400000000000085e-02 1.387140000000000040e-01 -1.188390000000000002e-01
-6.077500000000000263e-02 1.164629999999999971e-01 -1.182900000000000063e-01
-1.524999999999999967e-02 3.407700000000000312e-02 -1.033410000000000023e-01
-1.932100000000000137e-02 1.522500000000000069e-02 -9.814399999999999513e-02
-4.726700000000000346e-02 4.462300000000000294e-02 -1.058430000000000065e-01
-1.564600000000000019e-02 7.296300000000000008e-02 -1.119880000000000042e-01
-5.314300000000000274e-02 7.018800000000000039e-02 -1.110300000000000037e-01
-1.886399999999999882e-02 9.295299999999999396e-02 -1.155810000000000032e-01
-1.493389999999999995e-01 -5.891000000000000403e-03 8.665000000000000827e-03
-1.488329999999999931e-01 -2.985900000000000012e-02 7.642999999999999620e-03
-1.318159999999999887e-01 1.480099999999999992e-02 -5.309300000000000130e-02
-2.859400000000000136e-02 -3.538359999999999839e-01 -1.255000000000000004e-01
-2.363300000000000123e-02 -4.183629999999999849e-01 -1.225340000000000040e-01
-1.338290000000000035e-01 -5.399519999999999875e-01 -1.180469999999999992e-01
-7.871999999999999831e-02 -5.638840000000000519e-01 -1.249910000000000049e-01
-1.814399999999999902e-01 -5.468020000000000103e-01 -6.571100000000000552e-02
-1.672899999999999943e-01 -5.423590000000000355e-01 -9.976200000000000345e-02
-1.749280000000000002e-01 -5.543439999999999479e-01 -8.685800000000000465e-02
-2.072519999999999918e-01 -2.912640000000000229e-01 1.776200000000000001e-02
-1.953400000000000136e-01 -2.349789999999999934e-01 2.008100000000000163e-02
-1.859129999999999949e-01 -1.904839999999999867e-01 1.954900000000000040e-02
-1.767360000000000042e-01 -1.566200000000000092e-01 1.553099999999999967e-02
-1.810900000000000010e-01 -1.697380000000000000e-01 1.687400000000000011e-02
9.309999999999999699e-04 -2.431359999999999910e-01 -1.209670000000000051e-01
-1.552800000000000014e-02 -2.561350000000000016e-01 -1.247849999999999931e-01
-1.599899999999999933e-02 -2.201380000000000003e-01 -1.176800000000000068e-01
-1.259799999999999982e-02 -2.991179999999999950e-01 -1.266190000000000093e-01
-1.643010000000000026e-01 -1.133559999999999984e-01 1.819099999999999884e-02
-1.592129999999999934e-01 -9.403899999999999759e-02 2.070800000000000071e-02
-1.530120000000000091e-01 -7.323499999999999455e-02 2.195000000000000076e-02
-1.578950000000000076e-01 -9.824099999999999500e-02 1.363000000000000062e-03
-7.971000000000000654e-03 -1.025729999999999975e-01 -1.002330000000000026e-01
-1.566400000000000084e-02 -1.217860000000000054e-01 -1.032089999999999952e-01
-1.057199999999999980e-02 -8.726200000000000623e-02 -9.857299999999999396e-02
-1.470400000000000006e-02 -1.414789999999999937e-01 -1.058859999999999940e-01
-2.695699999999999832e-02 -1.316990000000000105e-01 -1.064620000000000011e-01
-1.401699999999999995e-02 -1.617439999999999989e-01 -1.093360000000000026e-01
-2.218900000000000039e-01 -5.404069999999999707e-01 -2.414799999999999933e-02
-2.140479999999999883e-01 -5.232010000000000272e-01 -3.279599999999999876e-02
-2.273950000000000138e-01 -5.162369999999999459e-01 -2.194899999999999976e-02
-1.930149999999999921e-01 -5.469770000000000465e-01 -4.862199999999999855e-02
-1.966090000000000060e-01 -5.086530000000000218e-01 -4.417200000000000293e-02
-1.973650000000000126e-01 -4.897830000000000239e-01 -3.898999999999999688e-02
-2.464109999999999912e-01 -4.380109999999999837e-01 1.125100000000000058e-02
-2.277359999999999940e-01 -3.618589999999999862e-01 2.300500000000000114e-02
-2.231249999999999900e-01 -3.505659999999999887e-01 4.866999999999999799e-03
-2.283949999999999869e-01 -3.711829999999999852e-01 4.377999999999999947e-03
-2.006769999999999943e-01 -3.646490000000000009e-01 -2.756400000000000169e-02
-2.171730000000000049e-01 -3.631099999999999883e-01 -1.341000000000000004e-02
-2.009880000000000000e-01 -3.455090000000000106e-01 -2.466600000000000042e-02
-2.142709999999999892e-01 -3.445199999999999929e-01 -1.309199999999999947e-02
-1.754680000000000129e-01 -3.172110000000000207e-01 -5.423999999999999655e-02
-1.958999999999999908e-01 -3.162679999999999936e-01 -3.056000000000000036e-02
-2.055939999999999990e-01 -3.302880000000000260e-01 -2.149999999999999828e-02
-2.434709999999999930e-01 -4.229840000000000266e-01 2.851100000000000162e-02
-2.383260000000000101e-01 -4.022689999999999877e-01 2.592900000000000066e-02
-2.484139999999999959e-01 -4.596549999999999803e-01 5.865999999999999687e-03
-2.449830000000000063e-01 -4.859410000000000118e-01 -4.390999999999999938e-03
-2.564679999999999738e-01 -4.784160000000000079e-01 2.652099999999999944e-02
-2.564080000000000248e-01 -4.930030000000000245e-01 8.786000000000000407e-03
-2.521829999999999905e-01 -5.028909999999999769e-01 -8.949999999999999623e-04
-2.197800000000000101e-02 -4.599999999999999922e-03 -9.379899999999999349e-02
-3.403500000000000275e-02 2.612300000000000039e-02 -1.016350000000000031e-01
-3.245100000000000068e-02 6.398900000000000421e-02 -1.106130000000000030e-01
-7.434300000000000630e-02 7.349999999999999589e-02 -1.100109999999999977e-01
-3.588199999999999723e-02 8.310599999999999932e-02 -1.139909999999999951e-01
-3.987700000000000272e-02 1.061249999999999971e-01 -1.177089999999999942e-01
-1.489640000000000131e-01 -3.211499999999999772e-02 2.385599999999999873e-02
-1.295080000000000120e-01 2.931900000000000131e-02 -6.530500000000000194e-02
-1.405869999999999898e-01 4.553299999999999709e-02 -6.081000000000000294e-02
-1.284569999999999879e-01 4.370299999999999879e-02 -7.415700000000000069e-02
-2.802599999999999883e-02 -5.348009999999999708e-01 -1.139730000000000049e-01
-3.868100000000000011e-02 -5.511700000000000488e-01 -1.163899999999999935e-01
-5.013900000000000301e-02 -5.386429999999999829e-01 -1.160439999999999944e-01
-5.752999999999999781e-02 -5.616510000000000113e-01 -1.219269999999999937e-01
-6.857399999999999607e-02 -5.479469999999999619e-01 -1.203349999999999975e-01
-8.245000000000000592e-03 -3.582560000000000189e-01 -1.224829999999999947e-01
-1.233500000000000048e-02 -3.766050000000000231e-01 -1.230160000000000003e-01
-4.445500000000000146e-02 -4.194579999999999975e-01 -1.203420000000000045e-01
-4.159999999999999636e-03 -4.083379999999999788e-01 -1.191580000000000000e-01
-4.524500000000000050e-02 -4.551959999999999895e-01 -1.169110000000000010e-01
-8.392000000000000154e-03 -4.547260000000000191e-01 -1.182620000000000060e-01
-8.640999999999999376e-03 -4.753060000000000063e-01 -1.167740000000000028e-01
-1.165799999999999996e-02 -4.954999999999999960e-01 -1.156169999999999976e-01
-2.422699999999999854e-02 -4.638200000000000101e-01 -1.194309999999999955e-01
-1.502310000000000034e-01 -5.518509999999999804e-01 -1.121370000000000006e-01
-8.989600000000000368e-02 -5.460530000000000106e-01 -1.250910000000000077e-01
-9.258199999999999763e-02 -5.265429999999999833e-01 -1.244149999999999978e-01
-1.836280000000000134e-01 -5.326790000000000136e-01 -5.699099999999999999e-02
-1.707650000000000001e-01 -5.183659999999999934e-01 -8.836399999999999810e-02
-2.022440000000000071e-01 -2.739019999999999788e-01 3.693999999999999801e-03
-2.099509999999999987e-01 -3.082889999999999797e-01 7.666000000000000071e-03
-2.132819999999999994e-01 -3.129480000000000040e-01 2.321799999999999906e-02
-1.865140000000000131e-01 -2.208459999999999868e-01 -1.358499999999999985e-02
-1.903610000000000024e-01 -2.117709999999999870e-01 1.181500000000000085e-02
-1.755430000000000046e-01 -2.486389999999999989e-01 -4.379099999999999659e-02
-1.831569999999999865e-01 -2.370520000000000127e-01 -2.545999999999999999e-02
-1.979730000000000101e-01 -2.511709999999999776e-01 1.020500000000000053e-02
-1.787700000000000122e-01 -1.976420000000000121e-01 -2.351800000000000071e-02
-1.394399999999999980e-02 -2.805840000000000001e-01 -1.261460000000000081e-01
-3.454200000000000326e-02 -2.480660000000000087e-01 -1.234490000000000032e-01
-6.858300000000000507e-02 -2.721660000000000190e-01 -1.222509999999999986e-01
-5.033900000000000180e-02 -2.568440000000000167e-01 -1.231990000000000030e-01
-6.865400000000000669e-02 -2.492580000000000073e-01 -1.202750000000000069e-01
-4.174900000000000139e-02 -2.714750000000000218e-01 -1.244640000000000052e-01
-4.592799999999999661e-02 -2.347509999999999875e-01 -1.211070000000000063e-01
-2.673999999999999988e-02 -2.031040000000000068e-01 -1.170329999999999981e-01
-1.640199999999999991e-02 -1.844300000000000106e-01 -1.135720000000000063e-01
-7.668400000000000216e-02 -2.276199999999999890e-01 -1.159499999999999975e-01
-1.553099999999999967e-02 -3.384190000000000254e-01 -1.225129999999999969e-01
-1.495789999999999897e-01 -8.025000000000000189e-02 -1.423400000000000012e-02
-1.619480000000000086e-01 -1.173730000000000051e-01 -7.997000000000000636e-03
-2.355399999999999855e-02 -1.077280000000000043e-01 -1.032610000000000056e-01
-3.541899999999999910e-02 -9.613299999999999623e-02 -1.025540000000000063e-01
-3.261800000000000116e-02 -7.535799999999999443e-02 -9.988400000000000056e-02
-4.834299999999999708e-02 -1.377269999999999883e-01 -1.062789999999999985e-01
-5.514999999999999764e-02 -1.038359999999999977e-01 -1.007269999999999971e-01
-1.950179999999999969e-01 -5.304649999999999643e-01 -4.323599999999999666e-02
-1.842260000000000009e-01 -5.165459999999999496e-01 -5.160399999999999709e-02
-1.743500000000000050e-01 -5.088880000000000070e-01 -6.751500000000000556e-02
-1.701360000000000094e-01 -4.967380000000000129e-01 -7.679199999999999915e-02
-2.487129999999999896e-01 -4.436320000000000263e-01 2.604599999999999971e-02
-1.714179999999999870e-01 -3.627290000000000236e-01 -5.660099999999999854e-02
-1.872780000000000000e-01 -3.505349999999999855e-01 -3.705900000000000166e-02
-2.417410000000000114e-01 -4.182969999999999744e-01 1.259900000000000082e-02
-2.521840000000000193e-01 -4.745860000000000078e-01 7.132999999999999584e-03
-2.203420000000000101e-01 -4.695280000000000009e-01 -1.395000000000000059e-02
-2.107559999999999989e-01 -4.852980000000000071e-01 -2.347600000000000034e-02
-3.627500000000000169e-02 -1.920799999999999938e-02 -9.342100000000000404e-02
-6.297300000000000120e-02 5.796199999999999963e-02 -1.075399999999999967e-01
-1.498809999999999865e-01 -5.319700000000000123e-02 2.048699999999999827e-02
-7.960599999999999621e-02 2.777800000000000061e-02 -9.590600000000000513e-02
-1.007900000000000046e-01 3.676000000000000014e-03 -8.081800000000000095e-02
-1.252709999999999935e-01 -1.933000000000000039e-03 -5.918500000000000150e-02
-4.465000000000000219e-02 -5.152039999999999953e-01 -1.136179999999999968e-01
-2.832199999999999995e-02 -5.070430000000000215e-01 -1.136960000000000054e-01
-4.420000000000000318e-02 -3.845390000000000197e-01 -1.229220000000000035e-01
-2.806499999999999967e-02 -3.724049999999999860e-01 -1.248409999999999936e-01
-9.532000000000000542e-03 -4.307389999999999830e-01 -1.201190000000000035e-01
-2.512100000000000097e-02 -4.857650000000000023e-01 -1.174069999999999975e-01
-1.383570000000000078e-01 -5.159040000000000292e-01 -1.162230000000000069e-01
-1.583140000000000103e-01 -5.250190000000000135e-01 -1.066600000000000048e-01
-1.537939999999999863e-01 -5.078829999999999734e-01 -1.088200000000000001e-01
-1.544729999999999992e-01 -4.861110000000000153e-01 -1.059660000000000046e-01
-1.387929999999999997e-01 -4.907380000000000075e-01 -1.153050000000000047e-01
-1.175510000000000027e-01 -5.205189999999999539e-01 -1.219129999999999936e-01
-1.214500000000000024e-01 -4.985490000000000199e-01 -1.209910000000000013e-01
-1.720629999999999937e-01 -5.372109999999999941e-01 -8.370500000000000163e-02
-1.725170000000000037e-01 -1.451530000000000042e-01 3.804999999999999789e-03
-1.664640000000000009e-01 -1.380850000000000133e-01 -1.341900000000000037e-02
-1.688739999999999963e-01 -1.602999999999999980e-01 -2.541799999999999962e-02
-2.259399999999999950e-02 -2.689480000000000204e-01 -1.242980000000000057e-01
-3.299099999999999949e-02 -2.905389999999999917e-01 -1.249149999999999983e-01
-3.749799999999999661e-02 -2.181710000000000038e-01 -1.195940000000000059e-01
-1.556009999999999893e-01 -1.187769999999999937e-01 -2.690000000000000030e-02
-1.523309999999999942e-01 -1.000159999999999938e-01 -2.170199999999999907e-02
-1.305000000000000084e-02 -6.315500000000000280e-02 -9.625899999999999734e-02
-2.942499999999999977e-02 -5.053699999999999859e-02 -9.590999999999999526e-02
-3.548799999999999871e-02 -1.705569999999999864e-01 -1.098810000000000064e-01
-3.692600000000000049e-02 -1.864409999999999956e-01 -1.134379999999999972e-01
-5.576199999999999907e-02 -8.092000000000000581e-02 -9.724499999999999811e-02
-4.804400000000000337e-02 -6.294700000000000295e-02 -9.623199999999999810e-02
-4.259000000000000286e-02 -1.172279999999999989e-01 -1.046839999999999993e-01
-5.837099999999999927e-02 -1.243120000000000058e-01 -1.031630000000000047e-01
-2.049179999999999890e-01 -2.932960000000000012e-01 -5.177000000000000178e-03
-2.082660000000000067e-01 -3.128750000000000142e-01 -1.068200000000000052e-02
-1.843509999999999871e-01 -3.254279999999999951e-01 -4.039199999999999735e-02
-2.371630000000000127e-01 -4.714180000000000037e-01 -8.149999999999999259e-03
-2.264319999999999944e-01 -4.929339999999999833e-01 -1.277700000000000016e-02
-2.036499999999999977e-01 -4.690559999999999730e-01 -2.701599999999999835e-02
-1.889929999999999943e-01 -4.659619999999999873e-01 -3.967899999999999899e-02
-1.813420000000000032e-01 -4.818470000000000253e-01 -4.980600000000000305e-02
-1.791679999999999939e-01 -4.966559999999999864e-01 -5.446399999999999852e-02
-1.770470000000000099e-01 -4.612660000000000093e-01 -5.493200000000000166e-02
-1.672480000000000078e-01 -4.589739999999999931e-01 -8.547399999999999443e-02
-1.707110000000000016e-01 -4.510979999999999990e-01 -6.797799999999999676e-02
-1.657160000000000022e-01 -4.759610000000000229e-01 -9.149000000000000188e-02
-1.713560000000000083e-01 -4.730759999999999965e-01 -6.910099999999999576e-02
-5.561699999999999977e-02 -2.090300000000000144e-02 -9.134000000000000452e-02
-4.863900000000000168e-02 -3.751800000000000274e-02 -9.225500000000000367e-02
-6.408400000000000207e-02 -4.788200000000000095e-02 -8.976199999999999457e-02
-4.484300000000000092e-02 -5.726000000000000187e-03 -9.308299999999999907e-02
-1.504659999999999886e-01 -6.534299999999999831e-02 2.269999999999999882e-03
-1.489840000000000053e-01 -4.970999999999999724e-02 -9.690000000000000262e-04
-1.018160000000000037e-01 2.680000000000000090e-02 -8.644300000000000594e-02
-8.523200000000000220e-02 7.459000000000000352e-03 -8.865900000000000170e-02
-6.614200000000000634e-02 3.771300000000000346e-02 -1.016240000000000060e-01
-5.500499999999999834e-02 2.499399999999999886e-02 -9.986200000000000632e-02
-6.735099999999999421e-02 -7.986000000000000043e-03 -9.037100000000000688e-02
-8.962900000000000034e-02 -1.467899999999999934e-02 -8.258999999999999675e-02
-1.164339999999999958e-01 1.384299999999999940e-02 -7.161900000000000210e-02
-1.099370000000000069e-01 -1.181800000000000038e-02 -7.227699999999999403e-02
-1.029790000000000011e-01 -3.198199999999999654e-02 -7.190499999999999670e-02
-1.211139999999999994e-01 -2.425300000000000025e-02 -5.776499999999999690e-02
-1.330409999999999926e-01 -1.987399999999999931e-02 -4.381100000000000272e-02
-1.374960000000000071e-01 -1.510000000000000112e-04 -4.022200000000000081e-02
-6.888700000000000379e-02 -3.533339999999999814e-01 -1.168030000000000040e-01
-3.969500000000000112e-02 -4.051150000000000029e-01 -1.221460000000000046e-01
-5.176599999999999951e-02 -4.351229999999999820e-01 -1.164209999999999967e-01
-1.484219999999999984e-01 -4.707540000000000058e-01 -1.091010000000000035e-01
-1.743750000000000022e-01 -1.580080000000000096e-01 -7.929000000000000284e-03
-1.478579999999999894e-01 -1.644639999999999991e-01 -5.900999999999999995e-02
-6.821900000000000186e-02 -1.400339999999999918e-01 -1.023130000000000012e-01
-7.073300000000000420e-02 -1.167610000000000037e-01 -9.594999999999999363e-02
-1.973300000000000054e-01 -2.939419999999999811e-01 -2.521899999999999836e-02
-1.763570000000000138e-01 -2.676290000000000058e-01 -4.959800000000000320e-02
-2.133940000000000003e-01 -5.032170000000000254e-01 -2.598999999999999921e-02
-6.196000000000000119e-02 8.153000000000000524e-03 -9.468799999999999439e-02
-8.268100000000000449e-02 -3.803000000000000130e-02 -8.279100000000000348e-02
-1.269619999999999915e-01 -7.323699999999999655e-02 -5.088199999999999668e-02
-8.501300000000000523e-02 -3.933220000000000049e-01 -1.147669999999999940e-01
-6.421399999999999331e-02 -3.853380000000000138e-01 -1.165260000000000046e-01
-1.248999999999999971e-01 -4.727489999999999748e-01 -1.199179999999999968e-01
-1.596889999999999976e-01 -1.632339999999999902e-01 -4.343999999999999945e-02
-1.719769999999999910e-01 -2.279569999999999930e-01 -4.488999999999999935e-02
-8.462999999999999690e-02 -1.305330000000000101e-01 -9.217799999999999605e-02
-1.779479999999999951e-01 -2.913700000000000179e-01 -5.058399999999999702e-02
-1.684440000000000104e-01 -3.039939999999999864e-01 -6.204400000000000193e-02
-1.615409999999999902e-01 -3.163799999999999946e-01 -7.080899999999999694e-02
-1.706139999999999879e-01 -3.336399999999999921e-01 -6.000799999999999884e-02
-1.664049999999999974e-01 -3.782739999999999991e-01 -7.111499999999999766e-02
-7.011799999999999977e-02 -6.010299999999999671e-02 -8.834500000000000686e-02
-8.014499999999999402e-02 -7.471600000000000463e-02 -8.774200000000000055e-02
-1.342869999999999897e-01 -5.425900000000000167e-02 -3.944600000000000189e-02
-1.138720000000000010e-01 -1.123750000000000027e-01 -7.417899999999999494e-02
-6.126299999999999801e-02 -3.344650000000000123e-01 -1.194540000000000046e-01
-7.133899999999999963e-02 -4.049619999999999886e-01 -1.145499999999999990e-01
-1.148150000000000004e-01 -4.254020000000000024e-01 -1.204910000000000009e-01
-1.041649999999999937e-01 -3.790140000000000176e-01 -1.191480000000000039e-01
-9.211900000000000643e-02 -4.163299999999999779e-01 -1.158539999999999986e-01
-1.084119999999999945e-01 -4.035940000000000083e-01 -1.199759999999999993e-01
-1.315489999999999993e-01 -4.130420000000000202e-01 -1.143050000000000038e-01
-8.213099999999999568e-02 -3.723589999999999955e-01 -1.147719999999999990e-01
-1.112559999999999938e-01 -3.414460000000000273e-01 -1.176939999999999931e-01
-1.098279999999999951e-01 -3.592359999999999998e-01 -1.184359999999999996e-01
-6.168400000000000272e-02 -3.692889999999999784e-01 -1.177910000000000068e-01
-6.858000000000000207e-02 -4.500330000000000163e-01 -1.144769999999999954e-01
-1.000299999999999939e-01 -4.400180000000000202e-01 -1.197980000000000017e-01
-1.642359999999999931e-01 -2.460509999999999919e-01 -6.030100000000000043e-02
-1.722879999999999967e-01 -1.811039999999999872e-01 -3.110299999999999870e-02
-1.504050000000000109e-01 -1.832030000000000047e-01 -6.347099999999999964e-02
-1.606080000000000008e-01 -1.840779999999999916e-01 -5.160399999999999709e-02
-1.715609999999999913e-01 -2.046900000000000108e-01 -4.164199999999999846e-02
-1.474169999999999925e-01 -3.294159999999999866e-01 -9.424899999999999944e-02
-1.914250000000000118e-01 -3.863090000000000135e-01 -3.498899999999999927e-02
-1.295370000000000132e-01 -3.687900000000000206e-02 -4.413600000000000162e-02
-1.173919999999999964e-01 -4.156200000000000172e-02 -5.929899999999999755e-02
-1.228049999999999975e-01 -5.601199999999999929e-02 -5.268400000000000166e-02
-1.384740000000000137e-01 -7.230200000000000515e-02 -3.349300000000000194e-02
-9.027000000000000302e-02 -9.043600000000000250e-02 -8.515799999999999759e-02
-1.059900000000000009e-01 -9.344700000000000228e-02 -7.447700000000000153e-02
-1.238969999999999932e-01 -9.329999999999999405e-02 -6.002500000000000197e-02
-4.657800000000000135e-02 -3.630740000000000078e-01 -1.235750000000000043e-01
-1.218970000000000053e-01 -3.718420000000000059e-01 -1.155950000000000033e-01
-1.391739999999999922e-01 -4.535069999999999935e-01 -1.133350000000000052e-01
-1.349680000000000046e-01 -4.327500000000000235e-01 -1.139509999999999967e-01
-1.469830000000000025e-01 -4.152129999999999987e-01 -1.035390000000000060e-01
-1.664640000000000009e-01 -4.392679999999999918e-01 -8.376400000000000512e-02
-1.521099999999999952e-01 -4.343940000000000023e-01 -1.012990000000000002e-01
-1.645850000000000091e-01 -4.137649999999999939e-01 -8.290200000000000347e-02
-1.695629999999999915e-01 -3.978300000000000169e-01 -6.715599999999999348e-02
-1.810579999999999967e-01 -4.428420000000000134e-01 -4.669700000000000240e-02
-1.893430000000000113e-01 -4.345499999999999918e-01 -3.669399999999999745e-02
-1.803559999999999885e-01 -4.211199999999999943e-01 -4.625200000000000145e-02
-6.513099999999999445e-02 -4.669659999999999922e-01 -1.144030000000000047e-01
-1.023909999999999959e-01 -4.853660000000000196e-01 -1.232100000000000001e-01
-1.570080000000000087e-01 -1.408959999999999935e-01 -3.422700000000000048e-02
-1.666930000000000078e-01 -2.612829999999999875e-01 -6.090299999999999880e-02
-1.625649999999999873e-01 -2.114119999999999888e-01 -5.648000000000000242e-02
-1.784940000000000138e-01 -2.160140000000000116e-01 -3.027799999999999936e-02
-1.568980000000000097e-01 -3.352339999999999764e-01 -7.851600000000000246e-02
-1.525130000000000097e-01 -3.172670000000000212e-01 -8.644699999999999607e-02
-1.355200000000000016e-01 -3.186320000000000263e-01 -1.024219999999999992e-01
-1.522759999999999947e-01 -3.483299999999999730e-01 -9.085600000000000620e-02
-1.347780000000000089e-01 -3.393129999999999757e-01 -1.060159999999999991e-01
-1.562929999999999875e-01 -3.681030000000000135e-01 -8.846999999999999309e-02
-1.486010000000000109e-01 -3.812889999999999890e-01 -9.847899999999999709e-02
-1.371020000000000016e-01 -3.741860000000000186e-01 -1.075460000000000027e-01
-1.618670000000000109e-01 -3.938039999999999874e-01 -8.414199999999999458e-02
-1.538980000000000070e-01 -4.015059999999999740e-01 -9.487400000000000000e-02
-1.624299999999999911e-01 -3.544680000000000053e-01 -7.088600000000000456e-02
-1.838780000000000137e-01 -3.648379999999999956e-01 -4.108200000000000046e-02
-1.758500000000000063e-01 -3.790520000000000000e-01 -5.119300000000000239e-02
-1.085559999999999997e-01 -5.214099999999999985e-02 -6.895199999999999940e-02
-1.159359999999999974e-01 -7.504500000000000060e-02 -6.379100000000000048e-02
-9.255800000000000138e-02 -1.074900000000000022e-01 -8.661499999999999755e-02
-1.012269999999999975e-01 -1.274929999999999952e-01 -8.550599999999999867e-02
-1.347959999999999992e-01 -9.122099999999999653e-02 -4.664599999999999996e-02
-1.439719999999999889e-01 -1.066909999999999942e-01 -3.910299999999999887e-02
-1.426370000000000138e-01 -9.027000000000000302e-02 -3.422900000000000248e-02
-1.459100000000000119e-01 -1.244610000000000022e-01 -4.505900000000000183e-02
-1.252199999999999980e-01 -3.550550000000000095e-01 -1.129040000000000044e-01
-1.412750000000000117e-01 -3.573299999999999810e-01 -1.026139999999999969e-01
-2.133780000000000121e-01 -4.510179999999999745e-01 -1.690499999999999989e-02
-2.344640000000000057e-01 -4.507490000000000108e-01 -7.313000000000000056e-03
-2.155720000000000136e-01 -4.089340000000000197e-01 -1.694599999999999926e-02
-1.957699999999999996e-01 -4.123850000000000016e-01 -3.008100000000000010e-02
-9.263200000000000600e-02 -3.564559999999999951e-01 -1.156100000000000044e-01
-8.554000000000000492e-02 -3.379309999999999814e-01 -1.161520000000000052e-01
-5.340199999999999808e-02 -3.145490000000000230e-01 -1.244419999999999971e-01
-8.620500000000000385e-02 -4.575029999999999930e-01 -1.168939999999999979e-01
-1.043319999999999942e-01 -4.640699999999999825e-01 -1.221430000000000016e-01
-8.187800000000000633e-02 -4.756440000000000112e-01 -1.165289999999999937e-01
-6.738900000000000445e-02 -4.910590000000000233e-01 -1.144190000000000068e-01
-4.626700000000000257e-02 -4.944620000000000126e-01 -1.164499999999999980e-01
-6.158199999999999785e-02 -5.095169999999999977e-01 -1.143359999999999932e-01
-8.415899999999999770e-02 -4.930899999999999728e-01 -1.182460000000000039e-01
-7.899799999999999878e-02 -5.117629999999999679e-01 -1.184179999999999955e-01
-9.865400000000000558e-02 -5.069000000000000172e-01 -1.239900000000000030e-01
-9.662800000000000555e-02 -3.212550000000000128e-01 -1.183779999999999971e-01
-1.204970000000000069e-01 -3.237160000000000037e-01 -1.128799999999999942e-01
-8.477099999999999913e-02 -3.027139999999999831e-01 -1.167740000000000028e-01
-1.068550000000000055e-01 -3.023719999999999741e-01 -1.164960000000000023e-01
-1.243800000000000044e-01 -3.045359999999999734e-01 -1.081669999999999993e-01
-5.064899999999999958e-02 -2.963580000000000103e-01 -1.251289999999999902e-01
-8.058899999999999397e-02 -2.884260000000000157e-01 -1.184339999999999976e-01
-1.225480000000000042e-01 -3.910199999999999787e-01 -1.164199999999999957e-01
-1.364070000000000005e-01 -3.969019999999999770e-01 -1.101000000000000034e-01
-1.795690000000000064e-01 -4.013970000000000038e-01 -4.686900000000000094e-02
-9.305399999999999783e-02 -5.543200000000000210e-02 -7.969800000000000495e-02
-1.009270000000000028e-01 -7.390900000000000247e-02 -7.678699999999999415e-02
-1.141879999999999978e-01 -1.356989999999999863e-01 -7.964499999999999358e-02
-1.318519999999999970e-01 -1.103869999999999990e-01 -5.588100000000000012e-02
-1.306789999999999896e-01 -1.284909999999999941e-01 -6.345499999999999752e-02
-1.455069999999999975e-01 -1.428240000000000065e-01 -5.322699999999999654e-02
-2.239109999999999989e-01 -4.331960000000000255e-01 -8.965000000000000746e-03
-1.296410000000000062e-01 -2.907600000000000184e-01 -1.026450000000000001e-01
-6.688299999999999801e-02 -3.034029999999999783e-01 -1.218250000000000027e-01
-1.309790000000000121e-01 -1.472880000000000023e-01 -6.999299999999999966e-02
-8.427600000000000369e-02 -2.582139999999999991e-01 -1.184420000000000056e-01
-9.038899999999999713e-02 -2.731790000000000052e-01 -1.186109999999999942e-01
-1.232400000000000023e-01 -2.687050000000000272e-01 -1.037089999999999956e-01
-1.165230000000000016e-01 -2.828910000000000036e-01 -1.095200000000000062e-01
-1.031340000000000034e-01 -2.634310000000000263e-01 -1.131879999999999969e-01
-1.370270000000000099e-01 -2.614710000000000090e-01 -9.056100000000000261e-02
-1.544669999999999932e-01 -2.726589999999999847e-01 -7.676900000000000390e-02
-1.241069999999999951e-01 -2.488450000000000106e-01 -1.001770000000000022e-01
-1.523780000000000134e-01 -2.579989999999999783e-01 -7.614700000000000635e-02
-1.393300000000000094e-01 -2.797359999999999847e-01 -9.233900000000000441e-02
-1.547090000000000132e-01 -2.953069999999999862e-01 -8.090400000000000369e-02
-1.655580000000000107e-01 -2.816620000000000235e-01 -6.546699999999999742e-02
-1.189090000000000008e-01 9.701899999999999413e-02 -9.969899999999999596e-02
-1.278219999999999912e-01 7.603000000000000036e-02 -8.797599999999999865e-02
-9.035899999999999488e-02 8.389399999999999635e-02 -1.089949999999999947e-01
-1.356330000000000036e-01 5.950600000000000334e-02 -7.445799999999999641e-02
-9.681099999999999428e-02 9.900499999999999579e-02 -1.102059999999999984e-01
-9.509299999999999697e-02 6.450000000000000178e-02 -1.027150000000000007e-01
-1.162630000000000052e-01 5.491700000000000054e-02 -8.908000000000000640e-02
-9.872000000000000219e-02 4.359999999999999987e-02 -9.438399999999999568e-02
-8.014100000000000390e-02 5.036899999999999711e-02 -1.023020000000000040e-01
-1.427130000000000065e-01 -1.921499999999999944e-02 -2.458799999999999875e-02
-1.377130000000000021e-01 -3.453300000000000120e-02 -3.168800000000000089e-02
-1.471109999999999918e-01 -3.218700000000000033e-02 -8.913000000000000783e-03
-3.521500000000000324e-02 1.300260000000000027e-01 -1.187949999999999978e-01
-1.866250000000000131e-01 -2.600180000000000269e-01 -2.898399999999999935e-02
-1.960139999999999938e-01 -2.770340000000000025e-01 -1.831899999999999848e-02
-1.940220000000000000e-01 -2.548619999999999775e-01 -1.088700000000000084e-02
-7.245500000000000551e-02 -1.924049999999999927e-01 -1.108050000000000007e-01
-9.317599999999999494e-02 -1.839200000000000002e-01 -1.012750000000000039e-01
-9.462099999999999678e-02 -1.644190000000000096e-01 -9.548600000000000143e-02
-7.945199999999999485e-02 -1.518239999999999867e-01 -1.003010000000000013e-01
-7.572399999999999964e-02 -1.708040000000000114e-01 -1.056219999999999937e-01
-5.486200000000000104e-02 -1.788669999999999982e-01 -1.096489999999999965e-01
-1.343419999999999892e-01 -1.708300000000000096e-01 -7.438999999999999779e-02
-1.151969999999999938e-01 -1.759139999999999870e-01 -8.863799999999999457e-02
-1.072929999999999995e-01 -1.952540000000000109e-01 -9.700999999999999901e-02
-1.436099999999999877e-01 -5.897299999999999764e-02 -1.735000000000000084e-02
-1.428560000000000108e-01 -4.132700000000000262e-02 -2.035700000000000010e-02
-1.596799999999999886e-01 -2.300959999999999950e-01 -6.318200000000000205e-02
-4.011399999999999688e-02 -3.332809999999999939e-01 -1.262929999999999886e-01
-9.745900000000000396e-02 -2.254839999999999900e-01 -1.095430000000000015e-01
-1.130410000000000026e-01 -2.124330000000000107e-01 -9.950399999999999523e-02
-9.213699999999999668e-02 -2.454169999999999963e-01 -1.151269999999999932e-01
-1.363060000000000105e-01 -2.170169999999999877e-01 -8.540399999999999381e-02
-1.226190000000000058e-01 -2.306570000000000009e-01 -9.823600000000000387e-02
-1.399759999999999893e-01 -2.413879999999999915e-01 -8.601999999999999924e-02
-1.415170000000000039e-01 -1.981580000000000008e-01 -7.641000000000000569e-02
-1.531240000000000101e-01 -1.980379999999999918e-01 -6.535699999999999843e-02
-1.485249999999999904e-01 -2.168039999999999967e-01 -7.387199999999999322e-02
-1.272830000000000072e-01 -1.969569999999999932e-01 -8.700399999999999801e-02
-1.344499999999999862e-01 -1.855590000000000017e-01 -7.864999999999999769e-02
-8.776200000000000667e-02 -2.071139999999999926e-01 -1.092250000000000026e-01
-6.348299999999999776e-02 -2.132699999999999874e-01 -1.160039999999999960e-01
-1.146999999999999964e-01 -1.574990000000000001e-01 -8.485700000000000187e-02
-9.660199999999999343e-02 -1.479979999999999907e-01 -9.056799999999999573e-02
-1.624730000000000063e-01 1.042489999999999944e-01 3.073700000000000043e-02
1.561659999999999993e-01 1.004759999999999959e-01 6.486999999999999711e-02
1.627409999999999968e-01 1.096560000000000035e-01 3.493700000000000278e-02
1.478129999999999999e-01 1.293219999999999925e-01 7.679500000000000215e-02
3.553400000000000308e-02 8.493399999999999561e-02 1.510160000000000113e-01
1.059400000000000064e-01 1.100840000000000013e-01 1.338900000000000090e-01
8.366999999999999438e-02 2.263030000000000042e-01 -9.687800000000000578e-02
1.502469999999999917e-01 1.110270000000000007e-01 -7.274799999999999323e-02
1.648350000000000093e-01 9.104099999999999693e-02 -2.079999999999999818e-03
1.678459999999999952e-01 1.009160000000000057e-01 4.318999999999999923e-03
1.404410000000000103e-01 1.240109999999999962e-01 -8.514299999999999646e-02
1.607419999999999960e-01 7.326699999999999879e-02 -5.677999999999999887e-03
-9.356000000000000427e-02 2.609679999999999778e-01 -6.809099999999999875e-02
-1.599140000000000006e-01 8.440100000000000380e-02 -5.135499999999999787e-02
-1.516979999999999995e-01 4.728899999999999770e-02 -4.034299999999999692e-02
-1.577349999999999863e-01 9.878099999999999381e-02 -6.450000000000000178e-02
-1.668659999999999866e-01 8.404000000000000359e-02 -2.697400000000000145e-02
-1.718369999999999898e-01 9.632100000000000384e-02 -2.374199999999999922e-02
-1.690319999999999878e-01 9.605299999999999949e-02 3.879999999999999985e-04
-1.525209999999999899e-01 9.344900000000000428e-02 -6.875699999999999867e-02
-1.094860000000000000e-01 7.844099999999999684e-02 -1.004499999999999976e-01
-2.428970000000000018e-01 -4.366280000000000161e-01 4.841600000000000070e-02
-1.164749999999999952e-01 -5.256319999999999881e-01 1.587260000000000060e-01
-1.306539999999999924e-01 2.726109999999999922e-01 -4.891999999999999647e-03
-9.387500000000000011e-02 -5.208880000000000177e-01 2.091919999999999891e-01
-1.287059999999999871e-01 -4.475979999999999959e-01 1.275350000000000095e-01
-4.651799999999999685e-02 -4.551200000000000245e-01 1.786860000000000115e-01
-3.458499999999999769e-02 -4.849319999999999742e-01 1.789040000000000075e-01
9.025000000000000036e-03 -3.951140000000000208e-01 2.008770000000000000e-01
-1.898410000000000097e-01 -2.347809999999999897e-01 5.313299999999999967e-02
-1.047119999999999995e-01 -3.825999999999999974e-03 1.056769999999999932e-01
-1.897330000000000128e-01 -3.641460000000000252e-01 7.982000000000000206e-02
-8.206299999999999706e-02 -1.598670000000000091e-01 1.589879999999999904e-01
-8.994199999999999418e-02 -8.523400000000000420e-02 1.348999999999999921e-01
-1.422430000000000083e-01 -2.739460000000000228e-01 1.195370000000000044e-01
-1.496599999999999875e-01 -3.496460000000000123e-01 1.224429999999999963e-01
-1.346030000000000004e-01 -1.121319999999999956e-01 9.600000000000000200e-02
-1.490380000000000038e-01 -1.706330000000000069e-01 9.488599999999999812e-02
-1.554510000000000058e-01 -3.734219999999999762e-01 1.198319999999999941e-01
-7.830800000000000261e-02 -2.532420000000000226e-01 1.735130000000000006e-01
7.163899999999999435e-02 -5.337229999999999475e-01 2.166319999999999912e-01
1.620769999999999988e-01 -4.370649999999999813e-01 1.279750000000000054e-01
4.700800000000000117e-02 -4.087549999999999795e-01 2.174439999999999984e-01
1.795199999999999921e-02 -1.775390000000000024e-01 1.821939999999999948e-01
1.973939999999999861e-01 -4.009539999999999771e-01 1.234159999999999979e-01
7.340599999999999903e-02 -1.484050000000000091e-01 1.570249999999999979e-01
1.729980000000000129e-01 -3.968530000000000113e-01 1.283130000000000104e-01
1.877199999999999980e-01 -2.977980000000000071e-01 1.079009999999999969e-01
6.089599999999999874e-02 2.010570000000000135e-01 -1.070900000000000046e-01
1.094839999999999980e-01 1.353310000000000068e-01 -1.066310000000000036e-01
-7.917999999999999691e-03 1.739650000000000085e-01 -1.146640000000000020e-01
1.274460000000000037e-01 1.237399999999999958e-02 -4.768300000000000316e-02
4.041899999999999660e-02 1.727090000000000014e-01 -1.139960000000000001e-01
1.930080000000000129e-01 -2.433039999999999925e-01 2.864399999999999932e-02
2.658100000000000046e-02 -4.459839999999999915e-01 -1.135869999999999935e-01
9.795199999999999740e-02 -5.399960000000000315e-01 -1.211620000000000058e-01
1.094439999999999996e-01 -5.529519999999999991e-01 -1.184179999999999955e-01
5.266300000000000148e-02 -4.470160000000000244e-01 -1.184579999999999939e-01
-5.009000000000000431e-03 -2.044739999999999891e-01 -1.148860000000000020e-01
1.600949999999999873e-01 -1.071690000000000004e-01 -3.297000000000000017e-03
1.493339999999999945e-01 -5.243500000000000244e-02 2.070400000000000018e-02
8.261999999999999900e-02 -2.803660000000000041e-01 -1.189420000000000061e-01
2.050420000000000020e-01 -4.595139999999999780e-01 -4.972800000000000137e-02
1.369720000000000104e-01 -4.528619999999999868e-01 -1.113309999999999994e-01
1.667029999999999901e-01 -4.212690000000000046e-01 -7.076499999999999457e-02
4.578999999999999737e-02 -3.127949999999999897e-01 -1.194169999999999954e-01
1.161660000000000054e-01 -1.140359999999999985e-01 -6.998000000000000054e-02
1.070929999999999938e-01 -1.390440000000000009e-01 -8.081000000000000683e-02
8.083999999999999519e-02 -1.482370000000000076e-01 -9.572100000000000053e-02
1.070799999999999946e-01 -3.095689999999999831e-01 -1.121520000000000017e-01
1.273330000000000017e-01 -3.172479999999999745e-01 -1.042600000000000054e-01
9.339300000000000379e-02 -2.612590000000000190e-01 -1.143610000000000043e-01
1.110580000000000039e-01 -2.577590000000000159e-01 -1.064070000000000016e-01
2.053800000000000070e-01 -2.891230000000000189e-01 -1.026900000000000035e-02
-2.028619999999999868e-01 -2.710699999999999776e-01 2.165299999999999864e-02
-1.074129999999999946e-01 1.139249999999999985e-01 -1.085330000000000045e-01
-2.653800000000000048e-01 -5.256150000000000544e-01 2.916200000000000042e-02
-2.750199999999999867e-02 1.669380000000000031e-01 -1.163840000000000013e-01
-1.100550000000000000e-01 -5.419549999999999645e-01 -1.226880000000000054e-01
-1.302840000000000109e-01 -5.636860000000000204e-01 -1.175989999999999952e-01
-1.844069999999999876e-01 -1.993610000000000104e-01 -8.304000000000000617e-03
-1.781189999999999996e-01 -1.756060000000000121e-01 -1.333100000000000084e-02
-1.577310000000000101e-01 -4.563880000000000159e-01 -9.863600000000000145e-02
-1.750649999999999984e-01 -3.464729999999999754e-01 -5.193500000000000200e-02
-1.723240000000000050e-01 -4.200760000000000050e-01 -6.198100000000000137e-02
-2.067539999999999933e-01 -4.356309999999999905e-01 -2.143099999999999866e-02
-2.390579999999999927e-01 -4.258370000000000211e-01 4.859999999999999954e-04
-7.453500000000000403e-02 -5.274060000000000414e-01 -1.189989999999999937e-01
-9.846699999999999897e-02 -2.848019999999999996e-01 -1.175049999999999983e-01
-1.117790000000000034e-01 -2.458009999999999917e-01 -1.070819999999999966e-01
-2.002599999999999936e-01 -5.396199999999999886e-01 8.677600000000000591e-02
-2.815399999999999847e-02 -3.126880000000000215e-01 1.718469999999999998e-01
-7.969099999999999795e-02 -4.646120000000000250e-01 2.021509999999999974e-01
-3.302100000000000174e-02 -4.068629999999999747e-01 1.747489999999999877e-01
-1.276859999999999939e-01 -3.787999999999999701e-02 8.008899999999999353e-02
-1.386759999999999937e-01 2.795800000000000021e-02 7.397700000000000109e-02
-1.288630000000000053e-01 -6.024800000000000294e-02 8.679099999999999315e-02
-1.945040000000000102e-01 -4.881900000000000128e-01 8.841799999999999660e-02
-9.808699999999999364e-02 -9.568799999999999528e-02 1.320999999999999952e-01
-1.286950000000000038e-01 7.340299999999999603e-02 1.231010000000000021e-01
-1.697970000000000035e-01 -2.729559999999999764e-01 9.300300000000000233e-02
-6.144600000000000062e-02 -2.569770000000000110e-01 1.661549999999999971e-01
3.018900000000000056e-02 -5.486130000000000173e-01 2.259279999999999899e-01
1.387100000000000000e-01 -5.333189999999999875e-01 1.384489999999999887e-01
2.040760000000000074e-01 -4.253959999999999964e-01 5.730999999999999983e-02
6.901799999999999602e-02 -3.922919999999999741e-01 1.819550000000000056e-01
1.951360000000000039e-01 -4.427309999999999857e-01 1.288980000000000126e-01
1.949700000000000044e-02 -2.501499999999999835e-01 1.940310000000000090e-01
1.051340000000000052e-01 -4.021890000000000187e-01 1.390059999999999907e-01
3.804300000000000043e-02 1.439660000000000106e-01 -1.176910000000000039e-01
2.436699999999999977e-02 1.886190000000000089e-01 -1.107069999999999999e-01
5.201000000000000068e-02 -8.474199999999999788e-02 -9.486600000000000588e-02
1.951640000000000041e-01 -5.080299999999999816e-01 -5.398100000000000120e-02
1.593670000000000087e-01 -5.319669999999999677e-01 -1.055090000000000056e-01
6.098900000000000154e-02 -1.033150000000000041e-01 -9.414400000000000546e-02
2.207629999999999870e-01 -4.303960000000000008e-01 -3.501400000000000345e-02
1.893980000000000108e-01 -2.955709999999999726e-01 -3.312999999999999973e-02
1.840489999999999904e-01 -3.678409999999999735e-01 -4.603600000000000053e-02
1.747209999999999874e-01 -3.808779999999999943e-01 -5.605500000000000066e-02
2.002039999999999931e-01 -3.091639999999999944e-01 -2.844000000000000000e-02
1.242090000000000000e-01 -2.305139999999999967e-01 -9.475300000000000389e-02
1.164749999999999952e-01 -2.360299999999999898e-01 -1.006839999999999957e-01
-1.678209999999999980e-01 8.637100000000000333e-02 -1.008099999999999968e-02
-1.617599999999999871e-01 6.589699999999999724e-02 1.655399999999999927e-02
-2.236150000000000082e-01 -3.882479999999999820e-01 -1.017799999999999955e-02
-5.715100000000000041e-02 9.270599999999999674e-02 -1.153710000000000013e-01
-2.207469999999999988e-01 -3.357249999999999956e-01 2.453100000000000072e-02
-2.369570000000000010e-01 -4.044670000000000210e-01 6.372000000000000060e-03
-2.271029999999999993e-01 -4.063760000000000150e-01 -9.060000000000000345e-03
-5.539100000000000273e-02 -4.057520000000000016e-01 -1.190510000000000040e-01
-1.482189999999999896e-01 -2.350859999999999894e-01 -7.671100000000000141e-02
-2.028399999999999995e-02 -3.216809999999999947e-01 -1.243490000000000012e-01
-4.982099999999999723e-02 -3.488559999999999994e-01 -1.235470000000000040e-01
-1.833349999999999980e-01 -3.013140000000000263e-01 -4.133400000000000268e-02
-1.650189999999999990e-01 -4.976789999999999825e-01 -9.593999999999999750e-02
-7.647199999999999831e-02 -4.365129999999999844e-01 -1.144540000000000002e-01
-1.701000000000000012e-01 -4.329259999999999775e-01 -6.781099999999999628e-02
-3.471400000000000180e-02 -3.098310000000000231e-01 -1.267320000000000113e-01
-6.260400000000000686e-02 -2.856420000000000070e-01 -1.232759999999999967e-01
9.074400000000000521e-02 -3.228170000000000206e-01 -1.190829999999999944e-01
