# https://github.com/mikedh/trimesh
v -0.51968790 1.15850000 0.63966740
v -0.50810200 1.14726100 0.63449000
v -0.50637590 1.12499500 0.63724900
v -0.49917630 1.09465700 0.64082910
v -0.49997330 1.07213800 0.63859620
v -0.50220410 1.00795300 0.64205070
v -0.51048650 0.98566620 0.64314890
v -0.51215810 0.96357460 0.64552300
v -0.51861730 0.94658330 0.64940700
v -0.53320660 0.92011870 0.65908720
v -0.54065930 0.89747930 0.66363600
v -0.54786070 0.87771410 0.66507880
v -0.55419340 0.85710930 0.66589700
v -0.55864410 0.83729210 0.66691170
v -0.56399400 0.82000980 0.66935290
v -0.56812770 0.80036890 0.67057130
v -0.57684490 0.76035230 0.67508000
v -0.58054460 0.72156250 0.67806580
v -0.58489610 0.70161560 0.67939120
v -0.58179270 0.65557190 0.68583900
v -0.59348400 0.62769390 0.69831810
v -0.59425640 0.61116960 0.70320410
v -0.59278380 0.58249820 0.70871470
v -0.58938220 0.56788960 0.70969830
v -0.58513300 0.55515290 0.70747310
v -0.58588340 0.55298720 0.70777900
v -0.58700370 0.55109020 0.70699200
v -0.57249920 0.55130080 0.70558940
v -0.55995450 0.55575210 0.70176220
v -0.54857190 0.55725260 0.69863290
v -0.53510770 0.55943740 0.69607550
v -0.52036260 0.55855170 0.69535660
v -0.50720770 0.55727570 0.69688490
v -0.49266960 0.55381570 0.69922900
v -0.47691970 0.55060450 0.70181070
v -0.46112250 0.54738320 0.70409650
v -0.44461660 0.54575530 0.70754500
v -0.42747440 0.54481300 0.71142280
v -0.41067180 0.54496720 0.71681560
v -0.39299470 0.54554260 0.71363840
v -0.37571410 0.54627430 0.71581690
v -0.35932810 0.54505860 0.71311140
v -0.34204620 0.54307630 0.70814940
v -0.32219800 0.54380810 0.70002290
v -0.29878860 0.54935740 0.68810150
v -0.27534130 0.56065340 0.66407240
v -0.27170460 0.56737460 0.63361530
v -0.28070420 0.60023300 0.64053010
v -0.29487800 0.63269660 0.64769510
v -0.30394740 0.64269980 0.64008500
v -0.31073500 0.65973860 0.63669590
v -0.31985370 0.67310300 0.63147230
v -0.32844640 0.72162190 0.61136180
v -0.32212700 0.74862710 0.59943420
v -0.32280530 0.76504910 0.60130400
v -0.31935020 0.79590900 0.59912340
v -0.31640520 0.81195860 0.59863570
v -0.31039800 0.84691640 0.59710780
v -0.30931130 0.86574590 0.59279620
v -0.30876460 0.88534400 0.58892490
v -0.31317370 0.92715190 0.58272610
v -0.31768660 0.99853440 0.56795520
v -0.31665330 1.01451600 0.56518020
v -0.31605940 1.03682100 0.56351220
v -0.31849570 1.05888500 0.56380890
v -0.30926710 1.06829700 0.55258690
v -0.31323550 1.08602300 0.55169800
v -0.31831910 1.10369600 0.55074960
v -0.31420510 1.11416700 0.54248360
v -0.32629890 1.13958800 0.54303840
v -0.33544180 1.15833700 0.53924170
v -0.34381860 1.18182300 0.53960130
v -0.35649610 1.19149900 0.52796900
v -0.38244990 1.23822300 0.50230060
v -0.39278620 1.24171400 0.51753550
v -0.40729130 1.25155700 0.52776000
v -0.42439020 1.26802800 0.53373790
v -0.44173010 1.29158000 0.53291930
v -0.46015530 1.31677600 0.52973410
v -0.47762520 1.34071100 0.52705200
v -0.50394900 1.35782300 0.52439730
v -0.53215680 1.36015300 0.51631820
v -0.52851330 1.35753500 0.53195170
v -0.53855630 1.34856000 0.54686660
v -0.54319440 1.34607600 0.56270530
v -0.52538390 1.34733200 0.57906670
v -0.50818370 1.34266000 0.58368380
v -0.49321480 1.32943400 0.58679810
v -0.48415920 1.31153300 0.58803200
v -0.47571140 1.29256600 0.59050050
v -0.46786480 1.27098300 0.59459760
v -0.46253240 1.24705600 0.60328400
v -0.46003860 1.22315500 0.61338100
v -0.46220210 1.20304700 0.62453250
v -0.47269580 1.18383400 0.63277800
v -0.49170340 1.16835600 0.63336860
v -0.56150530 0.58749480 0.69806600
v -0.37981340 0.64584880 0.69828110
v -0.32954820 0.59680710 0.69588550
v -0.30222340 0.57668280 0.67927960
v -0.27232810 0.58469660 0.63289660
v -0.39309730 1.21790900 0.54698990
v -0.40057810 1.23762600 0.53546340
v -0.51647170 1.35341200 0.54564280
v -0.56209320 0.56698780 0.70236350
v -0.53200790 0.58693830 0.68873520
v -0.47412880 0.63366330 0.70098960
v -0.52672740 1.35033600 0.56034170
v -0.33065720 0.56046710 0.70426150
v -0.29430700 0.56278410 0.67715370
v -0.49720070 1.35024100 0.53656160
v -0.43771880 1.27637700 0.54249600
v -0.52767940 0.57366230 0.69145990
v -0.47999370 1.32656700 0.54112840
v -0.42521180 0.59003540 0.70945020
v -0.30995330 0.55820190 0.69456430
v -0.51301090 0.57341500 0.69439080
v -0.49469600 1.33290300 0.57103570
v -0.36544760 0.56606550 0.71292760
v -0.40156680 0.56100890 0.71474710
v -0.34930860 0.55362020 0.71036550
v -0.48385040 0.56505690 0.70179220
v -0.48635400 1.31992100 0.57704550
v -0.48385460 1.32134200 0.56073400
v -0.44396670 0.55907110 0.70763670
v -0.46540590 0.56789050 0.70752860
v -0.47612590 1.30342900 0.57638500
v -0.34825600 0.57209230 0.70678770
v -0.42558900 0.56328940 0.71006940
v -0.41468420 0.57599100 0.71081760
v -0.41758110 0.95314290 0.62681430
v -0.40750910 1.07324600 0.62207740
v -0.44869180 1.13560400 0.64482250
v -0.57273170 0.60933980 0.69875720
v -0.57615430 0.58148370 0.70880200
v -0.51983190 0.69770940 0.68399860
v -0.30187480 0.61458860 0.66628510
v -0.29187180 0.59759650 0.66646300
v -0.28216050 0.58151410 0.66154990
v -0.37291970 1.20142600 0.53661780
v -0.40772190 1.19642600 0.59425860
v -0.57538720 0.56707310 0.70653170
v -0.41750340 1.25022700 0.54426900
v -0.40582830 1.23149100 0.54941400
v -0.43095460 1.25836900 0.55375450
v -0.43566540 1.23846700 0.58064350
v -0.40044510 1.21541200 0.56356210
v -0.42152380 1.23942000 0.56172560
v -0.43999930 1.25282900 0.57245870
v -0.55018450 0.58028220 0.69401770
v -0.49977310 0.57536970 0.69781830
v -0.32985920 0.58114750 0.70178200
v -0.34689260 0.59331090 0.70520850
v -0.49652110 1.34027200 0.55084960
v -0.38548670 0.56410030 0.71422100
v -0.37459160 0.84554330 0.62651170
v -0.47120540 0.87723700 0.66257210
v -0.37091820 0.94878650 0.61911560
v -0.35623160 1.09239000 0.59413480
v -0.47337670 1.16759800 0.63651980
v -0.48101130 1.13761300 0.63863960
v -0.56876980 0.63932730 0.68502330
v -0.58293310 0.60905600 0.70268830
v -0.58002840 0.59635410 0.70717180
v -0.57057040 0.59499790 0.70367500
v -0.56794830 0.58026380 0.70407440
v -0.55114560 0.70175410 0.67621870
v -0.32873230 0.67459150 0.65041680
v -0.28470490 0.61687220 0.64882980
v -0.37530680 1.17562700 0.57008190
v -0.35666500 1.18630200 0.54784090
v -0.45384090 1.25544800 0.58833860
v -0.42993320 1.21975300 0.59162780
v -0.51460870 0.58910580 0.69447530
v -0.48345330 0.58142560 0.70536600
v -0.50011000 0.59625540 0.70207220
v -0.31041630 0.59251350 0.68604250
v -0.31691430 0.60596790 0.68382690
v -0.33956170 0.62859850 0.68776350
v -0.34267480 0.61162930 0.69910900
v -0.31528410 0.57378350 0.69597200
v -0.37315240 0.61559480 0.70409830
v -0.37583940 0.59760470 0.70919200
v -0.35928540 0.60758780 0.70464360
v -0.35645800 0.62890390 0.69959140
v -0.52702290 0.82775390 0.67201390
v -0.48913690 0.95288670 0.65058540
v -0.49567340 1.15673600 0.63356170
v -0.49741130 1.13576400 0.63415110
v -0.47965470 1.12048400 0.63702280
v -0.58146190 0.62115070 0.69427720
v -0.57375400 0.62363940 0.69021920
v -0.57502750 0.63903800 0.68680890
v -0.34437470 0.71002120 0.62791730
v -0.35440810 0.74086950 0.61683570
v -0.31923300 0.64808140 0.66115080
v -0.32069660 0.65980980 0.65144920
v -0.37998470 1.22841900 0.51817320
v -0.38161090 1.21946600 0.53238330
v -0.38771650 1.19550100 0.56560520
v -0.35172120 1.15013800 0.56300670
v -0.35175850 1.16558500 0.54962880
v -0.45406380 1.19595100 0.62403060
v -0.44562830 1.21233000 0.61011870
v -0.44966070 1.23365800 0.59912520
v -0.42760750 1.20404800 0.60364880
v -0.42995700 1.17475100 0.62809950
v -0.42011830 1.18763600 0.61342660
v -0.43975770 1.19267100 0.62021280
v -0.48485990 0.59906230 0.70725350
v -0.46716200 0.58788820 0.70805830
v -0.45103190 0.58624630 0.70623400
v -0.31426040 0.62893810 0.67137610
v -0.33007980 0.63938620 0.67994930
v -0.33114140 0.65643290 0.66948490
v -0.33912150 0.67151700 0.66693020
v -0.33921160 0.69351220 0.63813130
v -0.33685860 0.81755760 0.60735190
v -0.31673790 0.82833780 0.60186740
v -0.33263160 0.83704230 0.61051460
v -0.35870110 0.82205400 0.61086400
v -0.55169570 0.79074340 0.66921740
v -0.32687790 0.94316700 0.58722270
v -0.33391670 0.92425190 0.59358500
v -0.48538030 0.98862540 0.64585230
v -0.48587720 1.02545700 0.63999970
v -0.50220380 0.93909520 0.64828650
v -0.48995210 0.97166730 0.64805930
v -0.51570490 0.92688590 0.65388950
v -0.32617290 1.08041500 0.57039330
v -0.47992790 1.08088700 0.63683080
v -0.48245850 1.06240500 0.63672760
v -0.47108000 1.14905200 0.64080180
v -0.49659490 1.11297500 0.63514030
v -0.46124340 1.12849400 0.63784190
v -0.57111140 0.65380060 0.68321950
v -0.54693390 0.59414690 0.68929120
v -0.58008200 0.68437000 0.68314680
v -0.56869920 0.70887310 0.67690960
v -0.32948540 0.70861270 0.61813820
v -0.33629770 0.73481300 0.60387540
v -0.33938400 0.77298790 0.60314300
v -0.33989110 0.79038850 0.60367030
v -0.36431230 0.80406900 0.61055320
v -0.33000430 0.68971050 0.62490440
v -0.38493970 1.20559800 0.55787500
v -0.36962350 1.19089200 0.55713050
v -0.38821250 1.18710800 0.58487330
v -0.41480030 1.21102300 0.58517820
v -0.40134220 1.20493600 0.57371430
v -0.36364210 1.17456100 0.55551650
v -0.33918470 1.14791500 0.55341130
v -0.36124350 1.16408800 0.57015650
v -0.51597440 0.59904970 0.69652830
v -0.46927180 0.61007380 0.70431030
v -0.35337840 0.67263770 0.67809120
v -0.35820980 0.69321350 0.67325030
v -0.34857390 0.70526990 0.65332850
v -0.36280490 0.71598390 0.66051070
v -0.36640710 0.66249130 0.69035590
v -0.34662510 0.65770950 0.68227410
v -0.32438640 0.85848590 0.60688860
v -0.32296560 0.87452200 0.60243400
v -0.33239000 0.88934860 0.60242280
v -0.33281880 0.80396270 0.60305000
v -0.34775780 0.80590080 0.60685040
v -0.54817860 0.82557710 0.66674040
v -0.56995920 0.78329860 0.67199410
v -0.56042230 0.77128610 0.67011150
v -0.31803690 0.96390810 0.57666260
v -0.32958170 0.98684040 0.57876610
v -0.35812110 0.96156990 0.60222520
v -0.33497760 1.00690200 0.57989170
v -0.50459620 1.02955200 0.63927800
v -0.49621920 1.04845800 0.63849290
v -0.47162580 0.96164550 0.64898210
v -0.52122110 0.88644600 0.66454870
v -0.32924830 1.09682700 0.56322130
v -0.33383510 1.11184500 0.56203910
v -0.34157710 1.09536200 0.58364740
v -0.34530300 1.07861800 0.58551390
v -0.46289670 1.06781000 0.63310700
v -0.47246660 1.04605200 0.63570870
v -0.47741170 1.10313400 0.63337690
v -0.45877760 1.11170900 0.63472630
v -0.56200700 0.61338250 0.68936740
v -0.54385190 0.63737130 0.68251650
v -0.55972380 0.62965030 0.68533240
v -0.55894030 0.67825870 0.67851500
v -0.56331990 0.65986280 0.68087180
v -0.54089560 0.66796450 0.67923160
v -0.55241810 0.64804500 0.68146820
v -0.55717270 0.71495570 0.67593710
v -0.57205280 0.74620370 0.67559480
v -0.34603030 0.72286030 0.61894400
v -0.37141010 0.74263890 0.63489810
v -0.35463180 0.72561950 0.63893810
v -0.36184430 0.75032970 0.62116550
v -0.34279280 0.75517720 0.60503070
v -0.32324670 0.78055290 0.60181800
v -0.36538770 0.77584660 0.62706910
v -0.38563510 1.15828900 0.61052860
v -0.40623450 1.16987900 0.62025710
v -0.41652130 1.22309700 0.57344240
v -0.33641770 1.12852700 0.55619910
v -0.35733090 1.15165100 0.58181600
v -0.37338800 1.16752500 0.59110210
v -0.36619300 1.14597600 0.60187380
v -0.39767070 1.17746000 0.60224790
v -0.50107790 0.60498830 0.70383520
v -0.48523430 0.61511790 0.70650590
v -0.45310860 0.60433760 0.70426590
v -0.43149200 0.66126180 0.70047250
v -0.36112530 0.64514400 0.69198540
v -0.34948780 0.89402770 0.61700570
v -0.35918370 0.85979590 0.62464500
v -0.36220370 0.87653710 0.62535090
v -0.53021480 0.86444360 0.66728920
v -0.52584160 0.84332110 0.67007320
v -0.50744540 0.87459850 0.66075120
v -0.49062800 0.86614000 0.66175090
v -0.51190490 0.85396250 0.66698110
v -0.50443050 0.83685900 0.67072020
v -0.51007770 0.81574640 0.67575770
v -0.55508670 0.75714500 0.67087980
v -0.54173970 0.77721550 0.67169190
v -0.53290050 0.79368750 0.67340720
v -0.33813170 0.96588880 0.58808530
v -0.34484480 0.98714810 0.58957800
v -0.35447650 1.00244400 0.59426240
v -0.36548980 0.98982270 0.60321150
v -0.36273490 1.01191400 0.59881580
v -0.30601140 0.90850600 0.58072340
v -0.32988680 1.02755100 0.57456460
v -0.32936830 1.04678200 0.57337360
v -0.35793510 1.03374700 0.59393210
v -0.46810860 1.02307300 0.63738050
v -0.33990240 1.12177600 0.57618890
v -0.33772860 1.10720300 0.57724330
v -0.36347560 1.10396500 0.60639790
v -0.37222010 1.06907900 0.60422670
v -0.33596190 1.06213500 0.57825870
v -0.45479290 1.04956700 0.63173380
v -0.42708720 1.07437300 0.62715200
v -0.44235610 1.11696400 0.64341810
v -0.56403460 0.60203180 0.69444180
v -0.54696170 0.62067470 0.68429140
v -0.52758630 0.60195680 0.68830020
v -0.51378710 0.61182590 0.69610700
v -0.56196150 0.68769390 0.67651280
v -0.57030440 0.66990050 0.68193740
v -0.53865670 0.68795090 0.67818210
v -0.56378360 0.73562210 0.67608150
v -0.37414180 0.73192230 0.64995530
v -0.35776400 0.78635460 0.60920210
v -0.34848970 1.13652500 0.57045810
v -0.43650850 0.60049550 0.70611150
v -0.41577080 0.62924360 0.70549600
v -0.37318140 0.70345410 0.67752810
v -0.34124860 0.91054970 0.60245900
v -0.34126840 0.87152860 0.61660080
v -0.41325640 0.87548210 0.63053090
v -0.37943970 0.86287500 0.62887760
v -0.49322330 0.85196590 0.66557490
v -0.48576410 0.88638820 0.65806180
v -0.48934890 0.82076500 0.67473740
v -0.53366450 0.81194000 0.67228020
v -0.54907140 0.80656050 0.66799370
v -0.34408160 1.04314400 0.58449720
v -0.34522750 1.02093600 0.58644800
v -0.35094660 1.11037500 0.58817040
v -0.35821920 1.11522600 0.60260490
v -0.35872410 1.07538000 0.59568120
v -0.35539960 1.05941000 0.59390930
v -0.37154980 1.02461600 0.60287300
v -0.38428450 1.01248100 0.61374280
v -0.37817270 0.99969530 0.61142610
v -0.38192870 0.98182450 0.61789670
v -0.37060120 0.96571080 0.61480030
v -0.38851290 0.96232950 0.62520900
v -0.39885690 0.94252020 0.62905340
v -0.37189850 0.92904110 0.62389550
v -0.39601760 0.99796010 0.62193830
v -0.38631340 0.94014390 0.62751700
v -0.38924550 0.92158740 0.62939440
v -0.41447710 0.98474790 0.62812050
v -0.37741150 0.90917280 0.62754340
v -0.35959000 0.91137070 0.61965070
v -0.40481370 0.89204810 0.62751320
v -0.38524470 0.88423610 0.62967840
v -0.37048730 0.89509280 0.62668480
v -0.43253300 1.03819600 0.62723760
v -0.41825650 1.01755100 0.62633970
v -0.40922610 1.03351600 0.62142890
v -0.44065360 1.06219600 0.62850390
v -0.39731190 1.05343900 0.61580470
v -0.38718740 1.06495600 0.61211490
v -0.37472810 1.04784000 0.60419830
v -0.43283110 1.09209900 0.63417230
v -0.40462920 1.13963200 0.63521320
v -0.44497040 1.10084800 0.63808600
v -0.53029550 0.61376900 0.68628000
v -0.35093770 1.13059500 0.59124790
v -0.38996720 0.60786360 0.70865680
v -0.39911010 0.59273720 0.71072450
v -0.45568550 0.63089690 0.70118310
v -0.43485810 0.61827740 0.70456230
v -0.39470080 0.65751960 0.70100130
v -0.35612000 0.84144970 0.61622110
v -0.48191800 0.93066350 0.65445110
v -0.51916240 0.78067760 0.67829150
v -0.53142770 0.74785830 0.67640760
v -0.52333820 0.72970370 0.68226660
v -0.53106120 0.70836670 0.67845310
v -0.51929330 0.76679800 0.67980090
v -0.53545680 0.76430990 0.67389110
v -0.54856810 0.74419680 0.67137360
v -0.46093060 0.79217620 0.67284950
v -0.51632290 0.79973270 0.67693630
v -0.49824940 0.79663270 0.67793570
v -0.48655770 0.81103260 0.67741380
v -0.39231850 0.75781230 0.65935870
v -0.47410240 0.73808670 0.68935010
v -0.47954210 0.79731290 0.68092850
v -0.38514580 0.75258140 0.64897220
v -0.48159610 0.77489670 0.68475820
v -0.49933270 0.75832600 0.68273590
v -0.51577230 0.74680500 0.68296260
v -0.45930980 0.77072360 0.67737880
v -0.46866640 0.82826740 0.66920800
v -0.49895690 0.77997130 0.68040800
v -0.47771260 0.75969160 0.68695130
v -0.37131180 0.76188290 0.63666800
v -0.46643890 0.97497440 0.64574460
v -0.44938140 0.98122680 0.63533700
v -0.40652850 0.91089180 0.62710110
v -0.41523040 1.00238600 0.62712660
v -0.40225550 1.01561600 0.62145410
v -0.37041890 1.08825300 0.60689920
v -0.39656450 1.10183600 0.62446090
v -0.37920450 1.10037100 0.61739990
v -0.37436910 1.11566600 0.61879150
v -0.38875690 1.08396400 0.61697720
v -0.40279630 1.09120000 0.62656430
v -0.38865240 1.03109000 0.61232450
v -0.44646730 1.08151300 0.63032010
v -0.39707160 1.15274100 0.62582840
v -0.41718010 1.15762800 0.63400630
v -0.38328250 1.13412800 0.62351070
v -0.43766130 1.15686200 0.63680770
v -0.42991100 1.12394200 0.64475930
v -0.40469510 1.11448500 0.63330520
v -0.42170870 1.14304900 0.64063350
v -0.41161290 1.10167600 0.63436020
v -0.39063720 1.11236800 0.62251830
v -0.42481530 1.10995100 0.64032630
v -0.41364520 0.60941340 0.70868750
v -0.44685880 0.64548900 0.69933460
v -0.47322610 0.67169420 0.69928070
v -0.46490080 0.64998010 0.69859860
v -0.51875290 0.68272120 0.68552000
v -0.38084530 0.66333870 0.69575790
v -0.41616500 0.65190630 0.70291880
v -0.37334820 0.68051410 0.68678680
v -0.38638180 0.69223170 0.69017980
v -0.39154440 0.67482080 0.69689250
v -0.40952740 0.67099760 0.70098770
v -0.34058900 0.85324450 0.61749940
v -0.47874130 0.90816610 0.65781340
v -0.46321050 0.92352620 0.65530060
v -0.43868890 0.92276770 0.64349980
v -0.45083700 0.91596420 0.65288060
v -0.44887710 0.83251930 0.66364110
v -0.38798080 0.73895110 0.66238580
v -0.41426580 0.75090930 0.67751100
v -0.51181680 0.71584310 0.68734280
v -0.41032020 0.93130380 0.62665550
v -0.43637060 0.99009860 0.62820350
v -0.43751890 1.01335000 0.62805180
v -0.41852320 1.08697900 0.62969460
v -0.36622850 1.12834100 0.60937650
v -0.37966910 1.14268500 0.61226290
v -0.45143150 1.17729300 0.63190420
v -0.45400870 1.15573900 0.64083040
v -0.43533870 1.14020400 0.64392180
v -0.39618290 1.12530900 0.62722110
v -0.53296750 0.65119100 0.68209120
v -0.39868740 0.62068500 0.70725240
v -0.43550270 0.63732910 0.70220490
v -0.40040710 0.63998280 0.70479970
v -0.40050400 0.70435730 0.69346150
v -0.42653910 0.91571890 0.63235190
v -0.42646600 0.89404680 0.63624670
v -0.43900380 0.90490250 0.64896910
v -0.45159240 0.89130560 0.65854820
v -0.40028760 0.86156150 0.62821660
v -0.39527910 0.87653210 0.63009900
v -0.43172350 0.93774500 0.63211300
v -0.46530840 0.94553760 0.65102380
v -0.45399690 0.86238560 0.66328560
v -0.45890500 0.84571940 0.66519530
v -0.47182780 0.85970960 0.66446250
v -0.37027180 0.79152940 0.62337250
v -0.38136410 0.78138320 0.63514860
v -0.39263890 0.78967470 0.64402620
v -0.39586120 0.77367730 0.66056660
v -0.39871440 0.78817950 0.65560420
v -0.41167050 0.77368890 0.66668710
v -0.44482350 0.78733480 0.67936240
v -0.42733330 0.78592880 0.67775070
v -0.38626020 0.77372740 0.64921020
v -0.38123830 0.72548120 0.67127640
v -0.39904190 0.73505170 0.67923570
v -0.42236840 0.73448850 0.68824940
v -0.43249970 0.75273190 0.68658170
v -0.40902640 0.71989910 0.68862960
v -0.39834240 0.75515290 0.66970150
v -0.50529630 0.73360090 0.68656920
v -0.46601750 0.71945360 0.69095240
v -0.48522320 0.71669350 0.69073180
v -0.45832560 0.73230870 0.68804330
v -0.44130700 0.76992010 0.68385440
v -0.45368780 0.66558020 0.69565600
v -0.45421080 0.67856380 0.69402930
v -0.43607650 0.69191560 0.69739750
v -0.51717180 0.66798100 0.68716090
v -0.51181090 0.62424820 0.69422780
v -0.42562940 0.68242390 0.69982740
v -0.40582710 0.69018640 0.69694000
v -0.39042150 0.71365600 0.68291030
v -0.49919600 0.89414140 0.65492330
v -0.49587510 0.91532460 0.65101190
v -0.51307730 0.90473690 0.65972600
v -0.39506170 0.84463740 0.62751340
v -0.41064440 0.84546750 0.63581390
v -0.38904860 0.83118710 0.62656240
v -0.37482850 0.82770090 0.62282840
v -0.44110020 0.84952890 0.66312480
v -0.42605560 0.87119150 0.64351500
v -0.39530620 0.80378250 0.63871330
v -0.44006710 0.95398810 0.63404180
v -0.44571050 0.93692360 0.64463810
v -0.45454220 0.87591710 0.66170130
v -0.43773130 0.88210400 0.65462120
v -0.47860900 0.84151470 0.66751790
v -0.44187450 0.80367900 0.67410900
v -0.43429620 0.82124190 0.66667090
v -0.45661700 0.81524810 0.66727790
v -0.41615140 0.79387080 0.66282710
v -0.40623240 0.80927480 0.64909580
v -0.40560900 0.82637290 0.63752670
v -0.41819300 0.81562370 0.65736960
v -0.41966140 0.83169790 0.65210130
v -0.42382590 0.80417430 0.66881320
v -0.43002530 0.71713920 0.69192600
v -0.44730940 0.72024930 0.69121920
v -0.41831000 0.70430210 0.69538850
v -0.45557440 0.75101780 0.68235070
v -0.50441740 0.69819210 0.69095960
v -0.45017080 0.69203410 0.69359980
v -0.46811020 0.68704600 0.69396910
v -0.52640020 0.63248970 0.68559700
v -0.50081480 0.61653300 0.70054270
v -0.41476650 0.86063880 0.63476740
v -0.42355120 0.85154580 0.65028020
v -0.43107700 0.83741270 0.66132860
v -0.38110380 0.79979570 0.62747690
v -0.42988140 0.96932850 0.62800200
v -0.43717220 0.86601440 0.65809030
v -0.43878480 0.70458160 0.69503750
v -0.44268260 0.73493180 0.68782090
v -0.45747260 0.70439120 0.69228990
v -0.50126510 0.67813430 0.69408560
v -0.49031840 0.69550850 0.69534330
v -0.47660420 0.69813050 0.69371180
v -0.51912990 0.65267550 0.68772790
v -0.50950270 0.64143020 0.69575820
v -0.49508380 0.63505930 0.70388160
v -0.49331450 0.65863680 0.70236170
v -0.48670490 0.67905000 0.70089050
v -0.50514180 0.66107860 0.69620570
v -0.36332570 0.58573150 0.71094050
v -0.46233840 1.30701300 0.54029170
v -0.47224470 1.30912100 0.55464200
v -0.45599610 1.29276500 0.54853920
v -0.45663630 1.27469000 0.57483410
v -0.44804000 1.27468700 0.56008510
v -0.46435850 1.29298200 0.56501440
v -0.46879280 1.28867300 0.58025670
v -0.34992510 0.94470310 0.59950390
v -0.46216180 0.99453700 0.64056850
v -0.47211440 1.00686200 0.64173780
v -0.35710190 0.92806580 0.61009790
v -0.42544860 0.76738020 0.68131220
v -0.35609870 1.11245300 0.34589800
v -0.34382070 1.08930800 0.35517020
v -0.33974410 1.07174600 0.36389290
v -0.33601450 1.01919300 0.37056340
v -0.33564870 1.00046800 0.37193340
v -0.32929390 0.98236320 0.36708820
v -0.32603950 0.96266530 0.36407950
v -0.32062860 0.94172600 0.36304520
v -0.31818830 0.90772540 0.35793100
v -0.32395400 0.88964210 0.34978050
v -0.32687530 0.82755690 0.34112420
v -0.32033060 0.75321000 0.34386780
v -0.31691180 0.73656740 0.34654530
v -0.31267520 0.71816070 0.35030710
v -0.30806030 0.70041940 0.35585410
v -0.30330820 0.68585760 0.36186730
v -0.30468280 0.66373820 0.36417050
v -0.29366210 0.65371020 0.37715240
v -0.27629550 0.60557310 0.39800160
v -0.27516810 0.58539290 0.39903450
v -0.27661060 0.56406160 0.41594700
v -0.27447760 0.54810750 0.42653950
v -0.27245440 0.53567970 0.43623030
v -0.27154710 0.53350090 0.43656180
v -0.27194950 0.53138840 0.43642670
v -0.26832510 0.53134170 0.45207270
v -0.26117610 0.53684730 0.46236330
v -0.24994680 0.54482830 0.47076130
v -0.23496880 0.55145450 0.47004160
v -0.22026090 0.55829820 0.47066330
v -0.21480650 0.56550270 0.48447410
v -0.22688190 0.56930020 0.49575790
v -0.24113430 0.57379790 0.50350410
v -0.25424590 0.57837700 0.51055750
v -0.26752620 0.58262180 0.51532140
v -0.27983840 0.58670180 0.51392940
v -0.28976790 0.58972390 0.52197990
v -0.29143480 0.59130950 0.53473190
v -0.28895000 0.59242220 0.54097750
v -0.28861430 0.59182120 0.54390250
v -0.28537150 0.58914210 0.55761380
v -0.28587660 0.58608160 0.57239860
v -0.28339490 0.58092730 0.59029680
v -0.27805830 0.57481830 0.61032150
v -0.37317260 1.24204100 0.48546200
v -0.36772610 1.25440600 0.47224150
v -0.36953850 1.26625100 0.45178700
v -0.37564290 1.28542600 0.43211370
v -0.38610540 1.30495100 0.41342500
v -0.39544610 1.32135100 0.39453860
v -0.40913850 1.33918900 0.37804280
v -0.43374960 1.34076700 0.36194890
v -0.40560910 1.32830800 0.34867420
v -0.39396390 1.31874400 0.33444090
v -0.37105920 1.31939300 0.33822480
v -0.35502130 1.31820800 0.34722890
v -0.34737380 1.30571200 0.35798480
v -0.34442740 1.28864500 0.36802020
v -0.34030710 1.26964300 0.37699820
v -0.33520500 1.24771500 0.38699400
v -0.32865670 1.22225500 0.39321060
v -0.32556300 1.19733500 0.39347740
v -0.32540460 1.17064900 0.38987290
v -0.32968330 1.14968400 0.38007550
v -0.33868280 1.13138000 0.36604070
v -0.27474130 0.61143740 0.59380830
v -0.37275030 1.22890400 0.49807350
v -0.33543930 1.22618500 0.44455390
v -0.41500560 1.33756800 0.35910020
v -0.27024700 0.62571530 0.45307100
v -0.28645950 0.62295110 0.55432080
v -0.35289310 1.25846700 0.43050710
v -0.36669190 1.28952100 0.40044480
v -0.39531980 1.33078400 0.36132510
v -0.38344790 1.31219900 0.39032700
v -0.24844440 0.59575180 0.45898580
v -0.28292430 0.59589400 0.58714250
v -0.36609220 1.27111900 0.43455680
v -0.37601660 1.29224600 0.41610360
v -0.38005800 1.32639400 0.35120940
v -0.36367900 1.31577100 0.36783040
v -0.39550280 1.33090500 0.37701520
v -0.28573090 0.61845010 0.51984360
v -0.22824750 0.60526510 0.47306480
v -0.26487910 0.54402330 0.45494780
v -0.28775920 0.60469610 0.55019880
v -0.28912320 0.60762810 0.53728750
v -0.28418690 0.60227130 0.51717700
v -0.23149760 0.56893730 0.46557610
v -0.23373930 0.58847080 0.50023820
v -0.28445240 0.60705060 0.57279930
v -0.26117590 0.59952080 0.51266110
v -0.27332020 0.61043050 0.51315380
v -0.29009900 0.60295320 0.52824460
v -0.27582930 0.59802650 0.51332220
v -0.27476630 0.81751230 0.44891650
v -0.28097700 1.05437000 0.45997070
v -0.30697530 1.11046700 0.41163570
v -0.27662670 0.62812440 0.60701530
v -0.34377240 1.20491600 0.49032670
v -0.28332280 0.74812160 0.55596750
v -0.27385710 0.61639300 0.42880150
v -0.27181980 0.59943100 0.61448100
v -0.27892600 0.61146080 0.61962410
v -0.37582860 1.30093400 0.39698100
v -0.36201360 1.27640600 0.41561680
v -0.34402280 1.25653800 0.41099030
v -0.34938880 1.27147200 0.39712960
v -0.34047490 1.25714700 0.39395820
v -0.33348490 1.23947200 0.40157850
v -0.35150170 1.28465200 0.38550800
v -0.33294480 1.23419500 0.41843070
v -0.32335240 1.21049000 0.41132040
v -0.34846690 1.24244300 0.44660130
v -0.34059350 1.24260400 0.43016000
v -0.30209060 1.16999500 0.45213430
v -0.36438380 1.23265300 0.48204830
v -0.31372490 1.19023700 0.44190280
v -0.32503070 1.21495100 0.43161600
v -0.27199990 0.54707310 0.44450510
v -0.27180500 0.55861120 0.43614080
v -0.26958040 0.56265350 0.45387850
v -0.26737190 0.59573030 0.45626880
v -0.27088840 0.57987000 0.45449080
v -0.25553210 0.58036800 0.45760180
v -0.27479820 0.59490320 0.44340820
v -0.27588260 0.57886600 0.42822650
v -0.24512850 0.56346090 0.46575700
v -0.25973020 0.56230510 0.46354770
v -0.26133830 0.61197360 0.45880230
v -0.27400720 0.60744890 0.44635590
v -0.23216530 0.58989630 0.46606800
v -0.22198010 0.58208200 0.47425330
v -0.22206010 0.58764740 0.48942350
v -0.38116770 1.32103200 0.37448900
v -0.24067210 0.61138650 0.50441670
v -0.28960190 0.81828110 0.39411330
v -0.28749980 0.79617990 0.53084830
v -0.29026990 0.93754290 0.40836760
v -0.27515810 0.98480870 0.49427620
v -0.31943640 1.12889300 0.38746760
v -0.27958560 0.62525080 0.62937180
v -0.31925430 1.18286900 0.40512950
v -0.31414280 1.18860200 0.42396960
v -0.30371160 1.16759200 0.43266290
v -0.27365470 0.61242750 0.41420060
v -0.27692650 0.65865700 0.40111980
v -0.27453140 0.63220930 0.58851430
v -0.28202420 0.62244600 0.57251160
v -0.35936670 1.25332100 0.45028580
v -0.35411640 1.23617500 0.46417870
v -0.34960110 1.21970900 0.47777430
v -0.34274970 1.22689600 0.45846640
v -0.33464590 1.20796600 0.47068170
v -0.35923150 1.21735600 0.49404260
v -0.36491420 1.21492900 0.51707920
v -0.35001040 1.20220300 0.51041440
v -0.24166500 0.58047420 0.46116460
v -0.27406430 0.57660030 0.44084430
v -0.27520100 0.59519290 0.42981170
v -0.27427040 0.59180860 0.41659540
v -0.26447510 0.64194750 0.51417470
v -0.28851750 0.63878130 0.52453360
v -0.28773790 0.67176310 0.53680970
v -0.28820090 0.65733740 0.52413540
v -0.27628980 0.62830960 0.51485660
v -0.27541340 0.64828210 0.51470690
v -0.25769350 0.61938930 0.51088090
v -0.24841310 0.63112850 0.50940100
v -0.25265070 0.67590140 0.50626570
v -0.28768570 0.67644510 0.52430360
v -0.27649760 0.66691120 0.51555870
v -0.26472080 0.68229760 0.51311900
v -0.28962790 0.69521620 0.53238560
v -0.28436070 0.68838870 0.54928950
v -0.28346830 0.71060380 0.54212360
v -0.28964010 0.71598650 0.52583600
v -0.27945080 0.70853820 0.55789720
v -0.26618030 0.70498380 0.51357230
v -0.28365160 0.70421540 0.52077840
v -0.28229590 0.67628230 0.56307770
v -0.28596810 0.66725780 0.54781740
v -0.28372480 0.66263610 0.56336780
v -0.28429040 0.64806320 0.56328100
v -0.27993240 0.72399670 0.55358670
v -0.25476460 0.69158020 0.47983940
v -0.24308700 0.63202950 0.46223510
v -0.25328580 0.69345560 0.50091880
v -0.28182170 0.68909700 0.51867160
v -0.28286340 0.72765300 0.53528500
v -0.27885620 0.69428770 0.56961190
v -0.28250680 0.70976510 0.57526600
v -0.25589870 0.63229280 0.45813490
v -0.24883450 0.65534820 0.46190720
v -0.23434090 0.62180560 0.46950490
v -0.27846480 0.67783010 0.58558740
v -0.24084440 0.61031790 0.46177020
v -0.28913760 0.72179460 0.57717560
v -0.29135560 0.67602810 0.60711780
v -0.28651570 0.69467300 0.59184060
v -0.28869290 0.62160230 0.53256650
v -0.28712160 0.63809740 0.55011310
v -0.30726580 0.81203890 0.36243850
v -0.29732410 0.85645860 0.55697000
v -0.30574460 0.76528980 0.56424320
v -0.31170660 1.01877600 0.40132240
v -0.31559400 1.04957100 0.39579400
v -0.29269110 1.09072400 0.52360760
v -0.29488690 1.05998200 0.53537310
v -0.29922600 1.02845000 0.54987500
v -0.33350950 1.08641800 0.37640690
v -0.32921660 1.10215700 0.38229710
v -0.33523440 1.10119000 0.36563920
v -0.32139050 1.08558200 0.38986000
v -0.33031120 1.13441100 0.37844020
v -0.31940920 1.15817000 0.39777760
v -0.33954440 1.11942000 0.36315400
v -0.28693580 0.64510250 0.62921720
v -0.31651840 1.19028800 0.46078410
v -0.29222030 1.13754400 0.43247080
v -0.34031620 1.18255500 0.51765260
v -0.32294730 0.71656340 0.59464120
v -0.27696600 0.62722900 0.39924910
v -0.28456730 0.66568050 0.38880820
v -0.29342090 0.69723560 0.37244470
v -0.33313530 1.19000400 0.49939260
v -0.24908410 0.64863330 0.50806640
v -0.26214200 0.66140930 0.51259720
v -0.27591150 0.64783460 0.59927100
v -0.27617620 0.65113310 0.58018960
v -0.27753270 0.66373040 0.58171400
v -0.27810960 0.63788230 0.57512700
v -0.23252280 0.62644240 0.48591790
v -0.30287250 0.68634990 0.60259340
v -0.30857330 0.71478250 0.58430060
v -0.28722330 0.73790530 0.56748910
v -0.30191230 0.74778520 0.56418470
v -0.30616270 0.66918490 0.61661670
v -0.29892360 0.65869460 0.62057310
v -0.28835140 0.62255670 0.54182170
v -0.28643770 0.63664470 0.53912130
v -0.28475650 0.65043650 0.53652600
v -0.28554170 0.63469900 0.56185870
v -0.30999790 0.82906170 0.35808670
v -0.30581290 0.78488750 0.35767620
v -0.32227460 0.81240230 0.34441260
v -0.31849300 0.79381260 0.34699880
v -0.28919110 0.88764470 0.54409690
v -0.31871190 0.74983220 0.57838180
v -0.31732830 0.92377530 0.36156780
v -0.30666080 0.93064040 0.37866710
v -0.30647120 0.89655510 0.37060440
v -0.31090840 0.95224060 0.37684090
v -0.30948340 0.96081970 0.39066460
v -0.30234290 1.00009100 0.55549780
v -0.29537770 0.92279800 0.55894310
v -0.29361220 0.94407070 0.55334620
v -0.30725600 0.94290960 0.57289340
v -0.33533720 1.05189400 0.37462900
v -0.32889920 1.06769100 0.38241190
v -0.30679170 1.09648100 0.53899640
v -0.29698270 1.07626700 0.53346810
v -0.28105510 0.66105360 0.60823110
v -0.32552750 1.20776800 0.45010720
v -0.32381350 1.19037300 0.48013220
v -0.29748650 1.15957200 0.48457850
v -0.31302500 1.17508300 0.48935220
v -0.32336000 1.17108800 0.51175170
v -0.30492780 1.17283900 0.46969610
v -0.33098270 1.17087000 0.53271500
v -0.31579800 1.15301400 0.52781460
v -0.25131520 0.67693510 0.48985700
v -0.28053550 0.64157710 0.61398880
v -0.23696790 0.62344800 0.50047930
v -0.22972380 0.60964650 0.49464500
v -0.30195970 0.73233620 0.57312740
v -0.28369410 0.65170180 0.54894520
v -0.31782610 0.84849680 0.34906950
v -0.30550620 0.84655380 0.37091300
v -0.29711360 0.82908780 0.37767130
v -0.29438480 0.84617460 0.38861750
v -0.30260380 0.79683930 0.36660980
v -0.28966730 0.80223130 0.38322970
v -0.28546080 0.83500120 0.40045690
v -0.28524340 0.85289040 0.40285730
v -0.31718200 0.77137080 0.34883080
v -0.29896930 0.77151050 0.36255730
v -0.29169020 0.78611370 0.37476530
v -0.28783080 0.76994200 0.38076680
v -0.28563050 0.80358060 0.39513320
v -0.30305720 0.73391180 0.35769080
v -0.30677310 0.75232470 0.35420660
v -0.30195890 0.85446800 0.58112020
v -0.30298620 0.83003300 0.58463650
v -0.31430660 0.79052170 0.58313800
v -0.31183470 0.77769500 0.58555420
v -0.30417230 0.94160180 0.39524730
v -0.31042840 0.88167110 0.36102950
v -0.32038640 0.87041460 0.34886230
v -0.29460330 0.86525210 0.38670570
v -0.29150680 0.87855710 0.40261510
v -0.30153370 0.88248530 0.38354730
v -0.29841630 0.89723820 0.39619090
v -0.28142350 0.88912390 0.41131470
v -0.28565110 0.86595680 0.40891430
v -0.30429630 0.91005070 0.37840580
v -0.29951590 0.91960320 0.39835750
v -0.27037510 0.87531930 0.43709740
v -0.31399770 0.97476020 0.37850520
v -0.30590180 1.00005100 0.40538320
v -0.31463950 0.99193230 0.38309440
v -0.30001680 0.89811820 0.56358420
v -0.28694110 0.90939430 0.54121280
v -0.30912150 1.13171800 0.53099060
v -0.29060220 1.04124200 0.53576690
v -0.28473100 1.04738800 0.52191050
v -0.30390930 1.04721100 0.55141600
v -0.29477460 0.71476260 0.36939820
v -0.28967030 0.73490930 0.37597520
v -0.27719640 0.69834040 0.40035170
v -0.29271560 0.67624720 0.37649210
v -0.24626160 0.66126360 0.50166600
v -0.23798910 0.64529210 0.47542900
v -0.23955550 0.65188950 0.49166730
v -0.24140580 0.66335870 0.48261510
v -0.23756620 0.63893650 0.49545580
v -0.31537250 0.68316790 0.61234480
v -0.31349790 0.70134820 0.59630940
v -0.28614180 0.76501260 0.54919340
v -0.29450920 0.81130210 0.37740580
v -0.27899360 0.84247940 0.41480980
v -0.27862940 0.85526810 0.41733850
v -0.27636960 0.82188920 0.42678900
v -0.27935680 0.81138760 0.41661070
v -0.27518700 0.83978070 0.42445840
v -0.27888420 0.82650090 0.41513830
v -0.29458670 0.84016770 0.55168160
v -0.29727790 0.83587140 0.56917710
v -0.28558470 0.82303610 0.52689330
v -0.28655650 0.84564410 0.53312280
v -0.29006810 0.83000140 0.54074210
v -0.29366680 0.81019710 0.54496990
v -0.31666310 0.76266580 0.58105830
v -0.30267210 0.77857370 0.57033380
v -0.29401590 0.78258380 0.55381360
v -0.31834100 0.73368110 0.59512250
v -0.31541050 0.73327470 0.57788740
v -0.27841010 0.93987140 0.42694500
v -0.30643610 0.86682310 0.36522500
v -0.28571940 0.90505080 0.40916060
v -0.27367610 0.85371120 0.43746620
v -0.27401260 0.86861570 0.42235930
v -0.27430340 0.86230520 0.47997040
v -0.27453990 0.83299490 0.44281940
v -0.27408710 0.86573390 0.45378010
v -0.27430890 0.85197910 0.46463640
v -0.27815590 0.87521980 0.41459960
v -0.31875390 1.00666400 0.38367710
v -0.30488600 0.97957910 0.40179530
v -0.29580910 0.95586340 0.40354490
v -0.30782680 0.97819530 0.56499380
v -0.29145360 0.96127080 0.54723300
v -0.28099960 0.96141000 0.52433390
v -0.27649120 0.94621200 0.50904040
v -0.28915370 0.98077020 0.54149150
v -0.32483480 1.01998300 0.38412110
v -0.33665180 1.03377400 0.37446710
v -0.30327870 1.03272600 0.41126830
v -0.28086810 1.08739100 0.50416150
v -0.28464550 1.10030400 0.51050990
v -0.27927690 1.07312400 0.49196760
v -0.28434890 0.69935360 0.38548420
v -0.27659350 0.67620110 0.40195370
v -0.28186510 0.75936100 0.53565610
v -0.30534140 0.75765090 0.56399940
v -0.28480350 0.81563910 0.40565960
v -0.30414740 0.80519030 0.56577760
v -0.28924370 0.86732470 0.54199630
v -0.28124720 0.86281260 0.52079910
v -0.30639690 0.78948230 0.56793880
v -0.28559550 0.78017660 0.53443650
v -0.28249450 0.92249180 0.41631310
v -0.27549600 0.92227340 0.43492230
v -0.27473740 0.90466300 0.42262760
v -0.27247480 0.88719710 0.42705200
v -0.27337980 0.90115830 0.44340320
v -0.27346120 0.88855890 0.45169060
v -0.29743440 0.87811440 0.55696100
v -0.30302300 0.96016070 0.56367180
v -0.28270810 0.94066660 0.52912520
v -0.27474140 0.92160030 0.48220690
v -0.27516720 0.96574950 0.50126240
v -0.32190020 1.03456400 0.39102240
v -0.31140560 1.06514800 0.39802850
v -0.30547430 1.08072700 0.40139910
v -0.28326340 1.06151700 0.51453370
v -0.29733480 1.13966600 0.51160390
v -0.30700580 1.16107900 0.50324780
v -0.29349040 1.14961500 0.49630670
v -0.27988180 1.12513500 0.47183410
v -0.28506090 1.14047900 0.47917710
v -0.29082500 1.15182300 0.46448500
v -0.29363060 1.15076000 0.44312450
v -0.28391370 1.10764000 0.44015160
v -0.27908490 1.04838300 0.50115650
v -0.28293590 1.07378900 0.51068230
v -0.27867270 1.05977600 0.48787560
v -0.28410440 0.68377380 0.38815070
v -0.27249010 0.63791950 0.41839090
v -0.27396040 0.62760460 0.43422880
v -0.28155880 0.74656600 0.53362280
v -0.29656280 0.82088850 0.55950100
v -0.29611030 0.79926500 0.54844800
v -0.29619970 0.79105280 0.54879760
v -0.27558640 0.84784750 0.49043020
v -0.28340040 0.87918910 0.52859860
v -0.27834290 0.87592780 0.51276070
v -0.28148680 0.89407250 0.52471830
v -0.27470990 0.90728430 0.49287750
v -0.27931820 0.91592520 0.51790650
v -0.27554430 0.92965930 0.50318760
v -0.27464130 0.92036340 0.44849220
v -0.27498170 0.92799060 0.46307400
v -0.28905090 0.77212890 0.55021530
v -0.28082260 0.78243510 0.51603230
v -0.28277670 0.77410230 0.52625080
v -0.28157840 0.79140860 0.51856000
v -0.28204600 0.76908440 0.52278350
v -0.27445380 0.83920820 0.45737010
v -0.27488870 0.87684630 0.46437020
v -0.29553070 1.01717400 0.41944460
v -0.29002060 0.99685580 0.41858860
v -0.28200000 0.98326040 0.42836680
v -0.29050500 0.97565580 0.41271360
v -0.27655240 0.97393740 0.45673510
v -0.27943650 1.00502300 0.44045800
v -0.27726230 0.97294020 0.44023220
v -0.28609480 1.01633700 0.43296590
v -0.27725970 0.98877840 0.47155890
v -0.27897830 1.00914600 0.46522850
v -0.27727770 0.99390910 0.44756190
v -0.28159430 1.02059800 0.44739010
v -0.27878820 1.02887500 0.47171810
v -0.27751190 0.95405830 0.43422900
v -0.28351110 0.96327570 0.42180430
v -0.27870930 0.98560490 0.51622680
v -0.30666310 1.09495300 0.40967740
v -0.28278580 1.12889500 0.49259350
v -0.28588070 1.11605600 0.50808350
v -0.27856250 1.10293200 0.49280540
v -0.27848340 1.04308100 0.47799030
v -0.27409490 0.66083100 0.41803750
v -0.27344150 0.62739410 0.41237040
v -0.27536550 0.64099360 0.40481460
v -0.27176060 0.64377470 0.44768790
v -0.27084490 0.64824700 0.42989160
v -0.31711870 0.74429070 0.57663870
v -0.27257170 0.79554550 0.44139150
v -0.27571910 0.80768450 0.43359230
v -0.27769550 0.80019630 0.42202660
v -0.28244070 0.79819220 0.40662060
v -0.28669130 0.80715520 0.52866980
v -0.27911560 0.81721040 0.50892780
v -0.27468980 0.90641450 0.46406970
v -0.27484990 0.94459510 0.48531520
v -0.28604310 0.94923600 0.41518750
v -0.27442680 0.87760060 0.48755810
v -0.27588730 0.96823520 0.47562350
v -0.28101200 1.03456100 0.45221870
v -0.28867500 1.03122300 0.43202020
v -0.28791880 1.04849600 0.43659510
v -0.29777100 1.04930800 0.41850340
v -0.28792000 1.07516900 0.43487210
v -0.29679180 1.06551500 0.41939640
v -0.28725150 1.06143800 0.43915650
v -0.27559430 0.93993900 0.44382510
v -0.31438800 1.11191300 0.39081660
v -0.29228120 1.10211200 0.42544370
v -0.28040140 1.08234200 0.45529170
v -0.27653730 1.09951300 0.47400200
v -0.27685140 1.08442200 0.48025040
v -0.27861350 1.10395700 0.45636840
v -0.28175420 1.07240600 0.45311780
v -0.27907030 1.06947300 0.47263270
v -0.28429620 1.08983200 0.43886270
v -0.27430450 0.68555550 0.41985440
v -0.27513610 0.70106500 0.42133850
v -0.27028020 0.67302120 0.42800650
v -0.27459340 0.89253360 0.47542660
v -0.27878170 1.01932300 0.51266470
v -0.27649040 1.00305600 0.50412670
v -0.27689330 1.01853200 0.48765540
v -0.27790390 1.03473900 0.50159310
v -0.28432780 1.02765400 0.52838070
v -0.27637770 1.00079300 0.48634990
v -0.29740550 1.08353200 0.42319950
v -0.31086960 1.09838900 0.39406980
v -0.31361210 1.12304700 0.40322220
v -0.31390610 1.14073800 0.40505880
v -0.30181070 1.14915600 0.42105670
v -0.30137900 1.12952300 0.41703000
v -0.28998750 1.12165900 0.42968400
v -0.30966580 1.16347400 0.41436000
v -0.26460110 0.72554820 0.45469690
v -0.26095130 0.67008690 0.46092170
v -0.27572570 0.95364090 0.45750240
v -0.27399650 0.71209850 0.43747040
v -0.27195030 0.66502090 0.44461440
v -0.25841310 0.70944590 0.47527520
v -0.25578540 0.70864740 0.49586910
v -0.27294780 0.72377030 0.51824400
v -0.27485490 0.74264900 0.51043650
v -0.28758110 0.73683190 0.51908640
v -0.35386010 1.30074400 0.37438100
v -0.36714560 1.30398700 0.38362570
v -0.29485410 0.75265880 0.36755780
v -0.28481940 0.78633800 0.39169240
v -0.28584260 0.92554170 0.53917530
v -0.27652380 0.71163440 0.40736310
v -0.28245300 0.71419140 0.38681210
v -0.28832060 0.78766260 0.53606160
v -0.27517920 0.83737240 0.47747730
v -0.27702940 0.83433730 0.49759570
v -0.27620030 0.82460570 0.48814800
v -0.27565730 0.81368410 0.48393740
v -0.27840530 0.80591840 0.50428700
v -0.27993870 0.79990050 0.50918890
v -0.27912080 0.84689830 0.51056480
v -0.28128020 0.83256200 0.51608560
v -0.27863130 0.80216390 0.48021730
v -0.27734290 0.79892200 0.49675040
v -0.27360260 0.79786320 0.45448490
v -0.27494150 0.82384880 0.46625280
v -0.27676870 0.86033280 0.50174860
v -0.27514350 0.80949490 0.46692200
v -0.29541360 1.01439600 0.54602620
v -0.28448790 1.00456500 0.53088020
v -0.25354310 0.69365040 0.46163750
v -0.26923120 0.68529780 0.45254150
v -0.25779990 0.71443600 0.46261650
v -0.27260890 0.76881170 0.46107480
v -0.27424930 0.73376730 0.43872890
v -0.27337390 0.75424790 0.44779200
v -0.27456650 0.74506780 0.43688210
v -0.26954100 0.73841400 0.45667180
v -0.27394520 0.75268260 0.49741540
v -0.26660380 0.73592250 0.49780720
v -0.27246890 0.76495550 0.48234470
v -0.27982880 0.76805910 0.50026490
v -0.26994430 0.75034770 0.46617020
v -0.26740060 0.74609220 0.48321450
v -0.26057930 0.72430970 0.48759480
v -0.28562020 0.75699690 0.51322830
v -0.27325540 0.78031080 0.47449470
v -0.27480120 0.77648770 0.49076890
v -0.28004900 0.77657850 0.50775150
v -0.27421090 0.79069160 0.48205040
v -0.27766290 0.78841540 0.50110450
v -0.27213750 0.79638500 0.47169080
v -0.27246920 0.78613050 0.46299050
v -0.27390360 0.78791980 0.45167310
v -0.26211760 0.72987940 0.47092830
v -0.27149440 0.78152020 0.43765040
v -0.27382690 0.77172410 0.44828570
v -0.27563860 0.74255950 0.40774750
v -0.27906090 0.75639770 0.40553890
v -0.28221600 0.74452120 0.39405500
v -0.28508310 0.75367710 0.38595190
v -0.27313170 0.75638880 0.42046100
v -0.27523030 0.74193900 0.42169260
v -0.27776410 0.76835730 0.41315690
v -0.28102500 0.78341530 0.41074000
v -0.27313550 0.76377180 0.43554480
v -0.27613830 0.78934020 0.42181360
v -0.27238580 0.77469800 0.42460640
v -0.27534370 0.72181290 0.42338750
v -0.27663670 0.72901880 0.41223730
v -0.27965430 0.72982000 0.39524230
v -0.26823100 0.52551310 0.42367020
v -0.26873400 0.52405190 0.41147070
v -0.27812230 0.52058580 0.40101780
v -0.29204870 0.51839560 0.39644690
v -0.30594540 0.51638300 0.39417240
v -0.31961240 0.51171620 0.39156970
v -0.33334490 0.50478440 0.39041830
v -0.34508430 0.49529750 0.39177640
v -0.35814930 0.48556940 0.39388010
v -0.37121670 0.47645090 0.39600020
v -0.38485170 0.46880480 0.39800680
v -0.40094140 0.46275730 0.40069410
v -0.41367930 0.45634420 0.40363210
v -0.42730070 0.45167620 0.40715660
v -0.44253050 0.45078550 0.41345730
v -0.45936060 0.45385000 0.42003710
v -0.47986030 0.45940670 0.42605440
v -0.50295740 0.46691890 0.43417010
v -0.52686670 0.47274840 0.45061820
v -0.54912560 0.47716940 0.47038290
v -0.53680010 0.50648520 0.46167520
v -0.52615840 0.53596800 0.45797450
v -0.52760340 0.58803060 0.46239010
v -0.52916760 0.61106120 0.46301050
v -0.53317630 0.65090490 0.46417830
v -0.53118740 0.67346810 0.46081630
v -0.53124390 0.69665850 0.45872310
v -0.53162750 0.71954040 0.45719880
v -0.53066760 0.74290790 0.45379180
v -0.53032140 0.79162040 0.45118760
v -0.52997740 0.84075250 0.44630260
v -0.54074700 0.88946570 0.43742230
v -0.54279830 0.91252830 0.43901790
v -0.54448960 0.92928130 0.44331930
v -0.54509170 0.94748460 0.44194420
v -0.54148080 0.96565470 0.43779150
v -0.54261920 1.02270500 0.44906900
v -0.53569330 1.04449700 0.44443430
v -0.53433370 1.06283600 0.44177170
v -0.53637180 1.12681400 0.43214670
v -0.53840480 1.14645200 0.43207540
v -0.54024640 1.18736300 0.43212460
v -0.53747800 1.23932800 0.42968050
v -0.53263460 1.26297300 0.42670820
v -0.52257130 1.27276200 0.41136200
v -0.51248720 1.28212700 0.39591400
v -0.50074750 1.29455900 0.38212670
v -0.48480900 1.31040500 0.36899100
v -0.45958800 1.32910500 0.36114290
v -0.41137890 1.30544400 0.32155740
v -0.42546790 1.28909500 0.31364080
v -0.43603210 1.26867100 0.31069960
v -0.44279930 1.24585000 0.31264710
v -0.44484990 1.22387800 0.31363410
v -0.44299810 1.20178900 0.31681340
v -0.43644500 1.17967400 0.31780160
v -0.42816190 1.15648000 0.31694110
v -0.41446110 1.13788600 0.31351770
v -0.39402520 1.12324900 0.31160730
v -0.37748480 1.11315700 0.32028360
v -0.45201550 1.07827400 0.34973860
v -0.49530530 1.22261700 0.36693940
v -0.38750930 1.10981800 0.32542440
v -0.44188460 1.13756400 0.33231660
v -0.47153220 1.22385800 0.33524560
v -0.43732950 1.31368900 0.33796220
v -0.44721020 1.29467400 0.32852880
v -0.47851130 1.29738700 0.35621280
v -0.45151650 1.16870100 0.32771870
v -0.46026000 1.21190900 0.32597840
v -0.42393620 1.32541100 0.34597860
v -0.41778920 1.31596600 0.33425330
v -0.44779930 1.32337300 0.34996180
v -0.44020890 1.28256300 0.31835240
v -0.45175140 1.25804200 0.32093300
v -0.46712580 1.31457800 0.35588040
v -0.40694930 1.12607300 0.31220800
v -0.45693300 1.18802700 0.32709170
v -0.42972460 1.30187900 0.32581770
v -0.43445290 1.33339800 0.35516420
v -0.45861700 1.27597100 0.32985850
v -0.45876250 1.23509100 0.32408770
v -0.47732580 1.24379000 0.34374580
v -0.46614250 1.25056600 0.33223610
v -0.42213400 1.11542400 0.32077370
v -0.45816500 1.15170800 0.33400460
v -0.47253600 1.27259300 0.34196820
v -0.48357570 1.22248600 0.35163010
v -0.47761630 1.20159600 0.34112110
v -0.49054730 1.12554700 0.37220390
v -0.49428640 1.25855600 0.36960480
v -0.47383370 1.12354300 0.34794880
v -0.48536270 1.18644600 0.34986470
v -0.47666350 1.15009200 0.34491680
v -0.46944970 1.18142100 0.33517670
v -0.46236950 1.13689900 0.33877650
v -0.49107940 1.28557400 0.36815760
v -0.49396710 1.16497500 0.37329150
v -0.50593110 1.26729600 0.38617990
v -0.49384400 1.20537900 0.36315510
v -0.48596780 1.16773300 0.35336210
v -0.49453230 1.18404500 0.37066790
v -0.50367370 1.17516700 0.38484890
v -0.26830150 0.53702290 0.42030050
v -0.27223100 0.53716540 0.40484570
v -0.38309370 0.58480620 0.35417200
v -0.45794670 0.75921620 0.36296140
v -0.47307510 0.50847460 0.43890180
v -0.52195750 0.49572410 0.44907740
v -0.53739900 0.48769530 0.46606560
v -0.51518970 0.48078660 0.44196650
v -0.35720710 1.10659200 0.35568030
v -0.52394110 1.25384000 0.41318050
v -0.46032490 1.30204100 0.34063160
v -0.40609780 1.10918300 0.31332250
v -0.39265680 1.09330800 0.31859110
v -0.45595580 1.12166600 0.33998880
v -0.42842040 1.10043500 0.32828040
v -0.43912110 1.11800700 0.33486980
v -0.41223320 1.09036600 0.32213160
v -0.42982010 1.07918100 0.33472610
v -0.39815350 1.07302000 0.32536690
v -0.38007290 1.07494600 0.32574970
v -0.41459530 1.07147300 0.32991990
v -0.40881470 1.05927400 0.33435530
v -0.51433450 1.16189900 0.40184710
v -0.50384140 1.15590800 0.38826850
v -0.52961800 1.17777900 0.41269230
v -0.49704310 1.14181000 0.38310750
v -0.50241610 1.12499700 0.39357810
v -0.51324200 1.14144900 0.40335900
v -0.48779550 1.14549200 0.36191280
v -0.47914170 1.10933800 0.35726850
v -0.52779400 1.13226600 0.41597190
v -0.51412340 1.12369100 0.40545340
v -0.52442700 1.11569700 0.41470470
v -0.50751770 1.24971700 0.38831390
v -0.48953480 1.24204100 0.36143140
v -0.50452130 1.21726100 0.38356030
v -0.28004710 0.53375500 0.39693850
v -0.32497530 0.57614080 0.36585300
v -0.28620260 0.55117700 0.38941880
v -0.35379890 0.64661430 0.34109750
v -0.52281340 0.75595860 0.39781680
v -0.41840430 0.83691030 0.34952800
v -0.40591450 0.75746760 0.33094770
v -0.50364060 0.89530770 0.40114510
v -0.39289030 0.94460400 0.34187990
v -0.50937510 0.52375690 0.44657120
v -0.51421320 0.50677250 0.45148540
v -0.35396240 1.07310000 0.34641230
v -0.38142110 1.03924400 0.33822370
v -0.40597930 1.04669400 0.33830280
v -0.36104130 1.08923000 0.34384420
v -0.37009150 1.06000400 0.33697080
v -0.36658810 1.07884100 0.33585640
v -0.53396180 1.21715100 0.41800110
v -0.44188720 1.08971500 0.34210260
v -0.44419120 1.10394700 0.34072970
v -0.43329150 1.06605600 0.34099300
v -0.53843200 1.16967700 0.42948960
v -0.52907320 1.15428600 0.41422100
v -0.53381130 1.19596300 0.41690690
v -0.50445980 1.19637200 0.38502490
v -0.51825380 1.20035400 0.40537470
v -0.51398290 1.23475800 0.39807970
v -0.50546930 1.08774500 0.40007160
v -0.50674150 1.10692900 0.39993170
v -0.49219910 1.11009600 0.38067020
v -0.48188550 1.09576600 0.36515050
v -0.52252500 1.09871200 0.41533930
v -0.27626800 0.56445390 0.39538510
v -0.27212220 0.54977360 0.40455480
v -0.28176640 0.58190850 0.38983260
v -0.32959300 0.53465870 0.37705130
v -0.29889730 0.54185260 0.38593810
v -0.31232750 0.53340080 0.38411050
v -0.29524420 0.52861990 0.39274000
v -0.32063930 0.52388890 0.38432860
v -0.29802010 0.59083510 0.37669140
v -0.34787430 0.51121640 0.37618250
v -0.51902190 0.76065050 0.42862750
v -0.52656610 0.81692860 0.39883100
v -0.50668960 0.65468730 0.40192420
v -0.37258510 0.84414240 0.33855380
v -0.36121240 0.77460930 0.33218550
v -0.51692130 0.59686170 0.45244120
v -0.40243970 0.47759100 0.39340960
v -0.44971970 0.46689390 0.42268580
v -0.46630800 0.46637990 0.42799180
v -0.51089660 0.53992790 0.45055110
v -0.53031340 0.52303060 0.46024240
v -0.48930970 0.47067050 0.43591010
v -0.35637240 1.03114200 0.35456970
v -0.52699970 0.97411720 0.42325720
v -0.35246860 1.05766400 0.35334840
v -0.35047310 1.04354000 0.35886570
v -0.36484930 1.04473100 0.34610700
v -0.40745520 1.03019900 0.34261570
v -0.45860790 1.02546800 0.36457900
v -0.42940610 1.01983700 0.35243670
v -0.46741070 1.04627700 0.36659520
v -0.46854910 1.06789900 0.36098080
v -0.39215710 1.02028000 0.34195440
v -0.36582300 1.09843000 0.34991360
v -0.38832340 1.05780800 0.33108200
v -0.46313230 1.09941600 0.34805940
v -0.51815530 1.06810000 0.41631550
v -0.53093810 1.09180800 0.43092790
v -0.53319140 1.10841500 0.43075410
v -0.33367850 0.55411790 0.36900490
v -0.30255060 0.55812030 0.37989390
v -0.28927310 0.57090730 0.38500030
v -0.31741170 0.59999820 0.36406750
v -0.32276470 0.68412380 0.34528770
v -0.34792790 0.71303580 0.33291130
v -0.35808880 0.49622540 0.38111760
v -0.34264220 0.52967060 0.36947030
v -0.51440440 0.70880030 0.43121360
v -0.52939430 0.79391970 0.41929550
v -0.53614070 0.83976930 0.41855460
v -0.35174670 0.83382300 0.33023480
v -0.53691440 0.90164620 0.42105700
v -0.53663010 0.92751680 0.42427210
v -0.34416170 0.95044760 0.35210300
v -0.34588780 0.96798470 0.35345550
v -0.34250790 0.90313690 0.34497400
v -0.52495540 0.55047280 0.45818060
v -0.52433170 0.56564240 0.45913720
v -0.41820310 0.47828170 0.39401070
v -0.38788230 0.48276420 0.38498530
v -0.42879960 0.46620160 0.40354360
v -0.47953350 0.47729020 0.43876890
v -0.49848240 0.48940450 0.43892870
v -0.49325310 0.50537560 0.44038790
v -0.47494570 0.49264240 0.43863250
v -0.49229660 0.52665340 0.44617610
v -0.50748890 0.54491990 0.45020980
v -0.47653270 0.52578190 0.43843850
v -0.54012590 0.98343260 0.43899200
v -0.53360060 0.95306760 0.42559920
v -0.53508640 1.00633600 0.43744300
v -0.52672320 1.02773200 0.43134700
v -0.52589790 0.99107710 0.42479620
v -0.45075600 1.05854900 0.35326490
v -0.44563350 1.03815200 0.35449120
v -0.47460900 1.02737800 0.37553560
v -0.49858390 1.06016900 0.39525050
v -0.50542580 1.07398400 0.40118320
v -0.50112840 1.03640400 0.40000860
v -0.47117590 1.08501900 0.35719050
v -0.41355550 0.97611770 0.34633100
v -0.53108810 1.07614800 0.43476800
v -0.52002630 1.08210800 0.41558710
v -0.28635840 0.61585900 0.38512640
v -0.30961630 0.62559620 0.36409760
v -0.31909990 0.54693550 0.37650270
v -0.33931260 0.54507010 0.36743210
v -0.31838830 0.56204980 0.37226780
v -0.30851220 0.57705990 0.37320830
v -0.33182500 0.72444670 0.33680270
v -0.33370450 0.51868830 0.38266230
v -0.38386980 0.52630270 0.37138610
v -0.52108810 0.78077540 0.43027590
v -0.52584790 0.80679540 0.43073600
v -0.52280150 0.79264100 0.43707420
v -0.53668450 0.85412080 0.43109740
v -0.53123040 0.83099810 0.43003170
v -0.53882430 0.87030230 0.43579120
v -0.53733600 0.86283690 0.41879200
v -0.33336620 0.83846110 0.33663420
v -0.34251910 0.81680740 0.33188350
v -0.33771950 0.85706660 0.33550760
v -0.33643740 0.77939740 0.33333420
v -0.33391530 0.75828000 0.33415630
v -0.34129540 0.93372700 0.35281340
v -0.33595140 0.91891110 0.34997640
v -0.35756820 0.92010840 0.34147060
v -0.36582370 0.89940150 0.33459200
v -0.37677910 0.91491260 0.33683150
v -0.39146630 0.96755880 0.34551840
v -0.41221550 0.95169780 0.34653100
v -0.39740540 0.99065810 0.35288690
v -0.37211160 0.99182210 0.35002900
v -0.42229740 1.00052800 0.34942730
v -0.37083590 0.95989530 0.34684870
v -0.37031720 0.97781740 0.35511120
v -0.35816740 1.00830100 0.35985310
v -0.50407170 0.56467280 0.45197630
v -0.48852730 0.54117300 0.44524480
v -0.52555390 0.63565350 0.45626820
v -0.51855060 0.62129530 0.45089790
v -0.41247970 0.46701850 0.39874380
v -0.36972550 0.48599190 0.38350420
v -0.37892200 0.49783430 0.37616630
v -0.47403020 0.54024340 0.41538590
v -0.45407640 0.50564500 0.42000780
v -0.45786310 0.49249420 0.42935390
v -0.38552800 1.00690700 0.34529670
v -0.37096610 1.02159600 0.34867250
v -0.52156260 0.93529340 0.41399350
v -0.51353800 0.98278980 0.41300550
v -0.42790890 1.03487100 0.34779470
v -0.48348780 1.05994100 0.37815970
v -0.48578840 1.04446300 0.38332160
v -0.49150130 1.07563100 0.38558120
v -0.49135940 1.09386300 0.38275490
v -0.48107400 1.07767400 0.37017190
v -0.50336460 1.01243700 0.40274100
v -0.51363300 1.03365000 0.41514350
v -0.48853510 1.02147200 0.38703790
v -0.50217110 0.99131860 0.40127310
v -0.48876420 1.00330500 0.38625080
v -0.28830440 0.59553000 0.38320350
v -0.30194820 0.61183590 0.37133270
v -0.30873220 0.64230880 0.36290890
v -0.29581620 0.63065120 0.37552210
v -0.35239020 0.54072120 0.36508410
v -0.36136110 0.55001750 0.36269800
v -0.34954330 0.55553640 0.36206450
v -0.31672200 0.67179470 0.35193990
v -0.31922380 0.65046910 0.35407860
v -0.52325180 0.70716830 0.44761140
v -0.51898710 0.68631190 0.44376960
v -0.52381530 0.65823670 0.45091620
v -0.53384050 0.81937030 0.41629460
v -0.52900660 0.80154740 0.40365370
v -0.52008580 0.78953120 0.39104960
v -0.52701890 0.77615050 0.41631950
v -0.52744520 0.77790640 0.40537720
v -0.52621420 0.76880010 0.44573860
v -0.52325570 0.84204730 0.40070030
v -0.53118810 0.83126440 0.40559400
v -0.37900750 0.80519950 0.33648550
v -0.37521780 0.82508750 0.33748710
v -0.35898180 0.80833560 0.33150730
v -0.39542380 0.82802030 0.34292650
v -0.37577110 0.86411230 0.33931840
v -0.36311580 0.87782140 0.33207540
v -0.39762410 0.85293040 0.34693590
v -0.35435100 0.85640210 0.33026370
v -0.41774350 0.85913400 0.35360360
v -0.37896630 0.88034520 0.33697650
v -0.34897290 0.73880980 0.33176510
v -0.35003080 0.75946950 0.33128470
v -0.33078100 0.74130660 0.33625510
v -0.39683160 0.91102840 0.34240420
v -0.40733990 1.01215500 0.34998270
v -0.44093270 1.00353700 0.35606710
v -0.51020350 0.60769580 0.44040350
v -0.36786690 0.51183600 0.37543830
v -0.46181260 0.47635790 0.43177630
v -0.43456410 0.48259390 0.40462850
v -0.41981760 0.49633980 0.39345750
v -0.40068820 0.50005410 0.38080890
v -0.39971890 0.52236600 0.37781700
v -0.38750860 0.54570390 0.36775890
v -0.36729820 0.53705810 0.36659950
v -0.37589340 0.55157630 0.36513640
v -0.39440520 0.56243050 0.36067140
v -0.38214040 0.56766980 0.35949140
v -0.47640620 0.52933600 0.42523950
v -0.44611810 0.52018300 0.39645390
v -0.44295390 0.50580290 0.40920890
v -0.46177840 0.54281980 0.39818060
v -0.46086240 0.51924550 0.41018350
v -0.43353770 0.50464540 0.40128750
v -0.44477240 0.54155290 0.39153820
v -0.44784150 0.48972590 0.41661550
v -0.51657780 0.95681160 0.41344820
v -0.51727660 1.00645400 0.41787840
v -0.46204000 0.96896140 0.36875380
v -0.33599650 0.56727820 0.36301060
v -0.34957060 0.66260470 0.33930840
v -0.34573050 0.68525260 0.33517320
v -0.32858550 0.70271400 0.34034320
v -0.52071720 0.74813700 0.43776400
v -0.51980740 0.72576340 0.44007790
v -0.51053700 0.69092210 0.42393240
v -0.51275740 0.66211660 0.43794600
v -0.51725400 0.64505030 0.44698100
v -0.53637060 0.88109010 0.41785560
v -0.52057250 0.89386290 0.40715950
v -0.52353840 0.91439590 0.41222410
v -0.53282200 0.85236760 0.40964060
v -0.51591020 0.86130240 0.39991540
v -0.35931370 0.79072260 0.33145510
v -0.34118300 0.87433750 0.33691260
v -0.34670970 0.88834160 0.33884870
v -0.42751220 0.87831050 0.35713160
v -0.38952870 0.89318880 0.34032180
v -0.40580100 0.89433570 0.35037350
v -0.38980040 0.92719010 0.33966650
v -0.44524400 1.02084500 0.35655060
v -0.47180790 1.01141600 0.37441170
v -0.47766540 0.98458350 0.37652140
v -0.45795690 1.00542800 0.36687710
v -0.46913710 0.99289090 0.37234980
v -0.51079950 0.63751980 0.43816780
v -0.50635820 0.61857890 0.43032160
v -0.50713590 0.58666780 0.44395240
v -0.48420700 0.57908780 0.41189720
v -0.47408510 0.56288120 0.40453720
v -0.48535590 0.55522720 0.42425900
v -0.49381190 0.57552000 0.42417960
v -0.49881010 0.59618950 0.41843280
v -0.49227750 0.60418600 0.40046280
v -0.45404530 0.60567350 0.35405720
v -0.47298140 0.58536410 0.39478540
v -0.48050710 0.60184900 0.38111580
v -0.38838620 0.51041760 0.37662820
v -0.40165670 0.57951180 0.35361620
v -0.35085830 0.57411970 0.35746590
v -0.46727980 0.51058760 0.42420360
v -0.40634150 0.55177490 0.36548690
v -0.41562570 0.56949200 0.35902820
v -0.43136040 0.51652240 0.38840980
v -0.33402290 0.60574400 0.35397990
v -0.33410700 0.66508700 0.34240540
v -0.41282270 0.67659090 0.33644290
v -0.39070610 0.70828280 0.32938560
v -0.50998990 0.66318990 0.42550330
v -0.51313100 0.67746080 0.40930100
v -0.50959420 0.64737250 0.41955770
v -0.52559580 0.87240900 0.40634920
v -0.41060650 0.91275070 0.34912340
v -0.50347350 0.59275130 0.43243800
v -0.50275970 0.62543100 0.41254800
v -0.46180290 0.56599250 0.38786600
v -0.38632150 0.62258940 0.34127130
v -0.39908370 0.60173260 0.34587070
v -0.43416310 0.61946510 0.34480060
v -0.43844640 0.60034680 0.35091690
v -0.41845710 0.61566510 0.34313610
v -0.44661520 0.58490900 0.36029170
v -0.36545980 0.58256180 0.35559790
v -0.41456990 0.51572930 0.38152740
v -0.42845810 0.53948790 0.38471620
v -0.42812080 0.55640780 0.37469510
v -0.41419790 0.53796850 0.37889520
v -0.40176090 0.53747900 0.37087070
v -0.49052490 0.97911840 0.38692140
v -0.47889350 0.96366090 0.37565460
v -0.32351300 0.58925220 0.36328950
v -0.33628630 0.58838970 0.35753040
v -0.33514080 0.62193010 0.34989920
v -0.37379710 0.66516850 0.33562460
v -0.36578240 0.68159950 0.33369600
v -0.52464360 0.75681420 0.41478390
v -0.51557830 0.71711750 0.41680780
v -0.49598840 0.70421740 0.37107120
v -0.42770270 0.89810640 0.35899890
v -0.43393940 0.91964690 0.36087730
v -0.44686720 0.88770930 0.35609040
v -0.46809030 0.95129080 0.36939440
v -0.45883820 0.92175290 0.36366370
v -0.47812430 0.93210100 0.37228720
v -0.48294930 0.91416340 0.37882440
v -0.43260540 0.94185890 0.35933020
v -0.44757440 0.95627650 0.36463180
v -0.48429650 0.94639390 0.37882530
v -0.44648960 0.98057280 0.36325120
v -0.49156660 0.93253980 0.38899030
v -0.43106070 0.98455520 0.35295070
v -0.41261850 0.92974000 0.34856880
v -0.45706720 0.58320540 0.37733690
v -0.46763850 0.60116130 0.36273130
v -0.46717840 0.62727770 0.35669080
v -0.48269360 0.62721700 0.36979960
v -0.50351230 0.68340890 0.37981130
v -0.37588230 0.60212850 0.35027550
v -0.44066280 0.56878090 0.36777090
v -0.43073790 0.57821100 0.35909210
v -0.50811560 0.93740640 0.40605640
v -0.51025870 0.91583840 0.40601190
v -0.49720350 0.91813400 0.39718110
v -0.49255160 0.95750080 0.38893300
v -0.32006510 0.61663970 0.35902770
v -0.35361460 0.60934410 0.34831870
v -0.33574280 0.64293630 0.34582330
v -0.35029870 0.62757920 0.34469980
v -0.32249130 0.63101720 0.35521430
v -0.36842310 0.63900920 0.33999170
v -0.37985770 0.69300960 0.33085470
v -0.39697440 0.68047070 0.33636650
v -0.41325370 0.70175320 0.33211690
v -0.40358070 0.63224820 0.33896210
v -0.42314980 0.66442840 0.34289470
v -0.36338960 0.69888700 0.33223540
v -0.52181260 0.73196090 0.40691830
v -0.45184350 0.90388690 0.35931790
v -0.45106400 0.62497570 0.34748610
v -0.43789960 0.64379070 0.34167260
v -0.45978310 0.65219280 0.34743120
v -0.45855470 0.71324540 0.35458560
v -0.46143490 0.68402300 0.34719520
v -0.36767260 0.61998840 0.34611960
v -0.40878920 0.72490490 0.32833610
v -0.39106280 0.65229940 0.33700450
v -0.37000670 0.71929230 0.33509250
v -0.51729900 0.70267130 0.40525180
v -0.50980120 0.68925540 0.39017700
v -0.50191230 0.65542410 0.38704500
v -0.49300730 0.65253590 0.37522900
v -0.50010460 0.63506000 0.39581020
v -0.49235100 0.62870720 0.38523510
v -0.47767280 0.64986230 0.35960730
v -0.43273880 0.68942090 0.33716060
v -0.44232080 0.67228660 0.34560020
v -0.47337180 0.67116680 0.35363260
v -0.38168460 0.74237620 0.33607750
v -0.51504850 0.73874030 0.38838900
v -0.49401210 0.77378800 0.37728270
v -0.50486230 0.75218080 0.37925510
v -0.44689010 0.70016920 0.34013940
v -0.41894190 0.74560690 0.32948180
v -0.48909800 0.67550930 0.36512830
v -0.47439520 0.69587080 0.36229840
v -0.46422740 0.73267190 0.36222560
v -0.47874320 0.75393460 0.37284650
v -0.44507460 0.72812780 0.34787860
v -0.45657650 0.81880620 0.35185860
v -0.46763920 0.78149870 0.37242900
v -0.43977500 0.82970340 0.34356280
v -0.43700920 0.84583370 0.34668970
v -0.51066230 0.80933510 0.38739520
v -0.43188630 0.71924150 0.33407880
v -0.44951370 0.77964110 0.35120940
v -0.45831120 0.79946440 0.35706880
v -0.44258880 0.79960860 0.34235140
v -0.43315140 0.81701730 0.34060280
v -0.41525600 0.81659640 0.34576500
v -0.42124350 0.79871650 0.33689360
v -0.47619580 0.83199840 0.38002180
v -0.49370570 0.82623760 0.38966950
v -0.45655010 0.84156220 0.35215150
v -0.46926730 0.83794580 0.36548440
v -0.44436420 0.85980250 0.34990070
v -0.48429030 0.86671820 0.38653940
v -0.45561510 0.87361460 0.35452840
v -0.47739780 0.85296690 0.37906060
v -0.48212660 0.89356600 0.37847130
v -0.47563310 0.87023150 0.36981400
v -0.46796080 0.85706940 0.36131350
v -0.48122460 0.87923490 0.37769930
v -0.46884200 0.88951720 0.36274940
v -0.43435760 0.74647930 0.34257500
v -0.44711080 0.74603670 0.35280620
v -0.44380940 0.76243300 0.34891980
v -0.39955090 0.80002440 0.34302140
v -0.38218210 0.78584830 0.34009700
v -0.40361040 0.77911760 0.33437990
v -0.42937910 0.77336330 0.33481890
v -0.46723210 0.80597810 0.37146180
v -0.49118580 0.81262650 0.38658450
v -0.49027770 0.88086910 0.39207670
v -0.49887680 0.86413120 0.39666920
v -0.48940110 0.84767560 0.39085800
v -0.50574970 0.84572570 0.39311270
v -0.50952580 0.87851110 0.40234430
v -0.51216310 0.82842550 0.39145010
v -0.52405960 1.05741200 0.42801890
v -0.51153110 1.05403700 0.41049360
v -0.39823630 0.87485880 0.34844520
v -0.43095710 0.96365800 0.35579770
v -0.36979860 0.76334520 0.33639480
v -0.38577860 0.76342870 0.33815780
v -0.60111510 0.54221730 0.70510850
v -0.59685410 0.53706870 0.69028630
v -0.58365580 0.53614790 0.68065780
v -0.57234360 0.53673950 0.67140000
v -0.57514860 0.53455850 0.65732130
v -0.58196670 0.53076260 0.64467340
v -0.58773480 0.52740090 0.63335730
v -0.59324550 0.52182940 0.62069100
v -0.59305240 0.51789970 0.60590000
v -0.58826770 0.51283020 0.59437170
v -0.58863690 0.51197610 0.57609710
v -0.60062240 0.51083560 0.56141050
v -0.61214170 0.51032750 0.54534620
v -0.61068300 0.50739070 0.52641950
v -0.60635500 0.50205120 0.50967740
v -0.60040830 0.49731960 0.49525620
v -0.59074840 0.49140070 0.48256350
v -0.57207360 0.48590900 0.47768790
v -0.55730400 0.48437390 0.48964040
v -0.54036060 1.27471800 0.44074220
v -0.54629780 1.28824200 0.45421620
v -0.55019900 1.30284000 0.46871690
v -0.55199610 1.31991400 0.48449850
v -0.54928730 1.34487900 0.50174130
v -0.56446180 1.33262100 0.55939220
v -0.57740460 1.31423600 0.55881260
v -0.58749540 1.29591300 0.55586780
v -0.59477560 1.27631500 0.55412620
v -0.59908960 1.25481900 0.55477690
v -0.60090170 1.23335900 0.55853460
v -0.60311200 1.21077900 0.56599380
v -0.60514640 1.18945300 0.57960030
v -0.59681630 1.17183600 0.59545750
v -0.57411580 1.16730500 0.60463680
v -0.56669020 1.33015600 0.53230250
v -0.58314290 1.10230000 0.55556960
v -0.59138170 1.25080400 0.52577820
v -0.55119780 1.34360300 0.53258930
v -0.55366400 1.28307500 0.46652720
v -0.60204500 1.16466500 0.56728020
v -0.59713260 1.24449000 0.54082200
v -0.56937160 1.32557800 0.54735210
v -0.58727740 1.28841200 0.54073900
v -0.55767430 1.32041000 0.49816780
v -0.53430200 1.14628500 0.63751450
v -0.59746420 1.20008000 0.54932530
v -0.55551990 1.33943500 0.54928590
v -0.54134580 1.35303400 0.52028790
v -0.58597130 1.16449700 0.59933260
v -0.55954350 1.27047600 0.47096910
v -0.54770290 1.26572600 0.45097210
v -0.60248800 1.18884500 0.56369710
v -0.59893420 1.22161300 0.54573850
v -0.60361810 1.17486100 0.58261650
v -0.55813960 0.49487610 0.48690180
v -0.55441600 0.50607140 0.48408410
v -0.60489600 0.60883080 0.54106810
v -0.59716970 0.76710430 0.57012080
v -0.59379570 0.61971640 0.64260030
v -0.59958680 0.55787830 0.70718510
v -0.56564450 1.04062900 0.50928510
v -0.55265150 1.09303400 0.61597290
v -0.59376440 1.26697900 0.54134270
v -0.56004550 1.29358000 0.48312950
v -0.53439460 1.12806500 0.62938070
v -0.53278830 1.11337700 0.62737970
v -0.55616340 1.11865900 0.61830890
v -0.55325950 1.23488200 0.45240360
v -0.59477480 1.14584900 0.58181390
v -0.59434560 1.21082300 0.52509250
v -0.59289270 1.23102500 0.52250700
v -0.58313100 1.23822200 0.50060800
v -0.57531460 1.20841200 0.47980260
v -0.58579260 1.21375500 0.50107220
v -0.57590640 1.22892800 0.48312330
v -0.58300550 1.19155700 0.49249940
v -0.59062870 1.19104900 0.51282960
v -0.56617010 1.22843000 0.46741850
v -0.58652820 1.17266700 0.50237230
v -0.59387670 1.17664800 0.54773000
v -0.57569790 0.49893570 0.47504800
v -0.57529130 0.62566640 0.50890730
v -0.58460390 0.79290930 0.62278100
v -0.57923130 0.73816920 0.50510440
v -0.56920070 0.97160040 0.51927650
v -0.59399610 0.68300780 0.64456090
v -0.60650930 0.58142510 0.68914040
v -0.57390310 0.54783970 0.67112310
v -0.57982340 0.56583670 0.67699210
v -0.59952990 0.56814590 0.67866960
v -0.57986400 0.57554620 0.66506620
v -0.59316250 0.55001270 0.67908490
v -0.55215690 1.10137500 0.46161720
v -0.55540050 1.07144100 0.47330470
v -0.54669940 1.06330200 0.62295360
v -0.54986480 1.15955000 0.44658280
v -0.56840060 1.26650600 0.48378650
v -0.57530580 1.29059800 0.51027920
v -0.58065370 1.29989800 0.52633230
v -0.57833060 1.31112900 0.53913810
v -0.58586540 1.27474900 0.52272000
v -0.57861100 1.26595700 0.50223270
v -0.55142180 1.13641300 0.62437010
v -0.56934460 1.13425300 0.60776370
v -0.52138830 1.09792100 0.63306200
v -0.51688610 1.11273100 0.64060430
v -0.57334500 1.10130500 0.59093190
v -0.54364990 1.10248300 0.62409140
v -0.56511790 1.10494200 0.60701510
v -0.53933600 1.08276600 0.62733830
v -0.57954050 1.13163100 0.58834310
v -0.56663240 1.09034600 0.59967410
v -0.54380980 1.25149500 0.44151170
v -0.55635310 1.25077600 0.45949270
v -0.59402720 1.19048700 0.53432530
v -0.54013240 0.53012080 0.47951790
v -0.54046570 0.51635830 0.47784790
v -0.55301630 0.60242730 0.47807860
v -0.60439210 0.54950740 0.61051870
v -0.55528130 0.95019400 0.64435710
v -0.56048720 0.90631830 0.50357270
v -0.60319710 0.57126320 0.70055670
v -0.59682780 0.59405490 0.70492850
v -0.55307280 1.19365300 0.44902150
v -0.56551180 1.20192500 0.46506850
v -0.54281710 1.10492000 0.44633880
v -0.55036820 1.03568200 0.46313830
v -0.52010640 1.06171300 0.63474350
v -0.56792690 1.25041400 0.47531370
v -0.57041150 1.28087600 0.49551490
v -0.56665570 1.29964100 0.50053970
v -0.56732730 1.31572600 0.51461970
v -0.58523600 1.25202100 0.50975310
v -0.57560760 1.25133200 0.48946630
v -0.55803300 1.07652100 0.61033170
v -0.51759730 1.08067700 0.63461190
v -0.58860900 0.54172510 0.47317680
v -0.54802370 0.64632960 0.47642240
v -0.56316920 0.57658120 0.47095550
v -0.60699830 0.51992700 0.51505730
v -0.61021950 0.52797290 0.53094420
v -0.58803540 0.84663970 0.64987420
v -0.57488040 0.89127750 0.65176580
v -0.54018680 0.82468370 0.46558460
v -0.55799200 0.86352400 0.49323190
v -0.54069050 0.93826980 0.65419600
v -0.54563380 0.99702260 0.63593980
v -0.54444770 0.91330990 0.47988340
v -0.59557180 0.54230660 0.64033980
v -0.58591260 0.55433160 0.66288330
v -0.60581840 0.61347430 0.69263470
v -0.60107930 0.69358210 0.68312920
v -0.60585340 0.68205310 0.67266260
v -0.59914670 0.74370000 0.66751580
v -0.54283450 1.20471400 0.43681780
v -0.55014890 1.17870900 0.44553710
v -0.58008260 1.14969400 0.49572200
v -0.57339690 1.18977700 0.47634190
v -0.57555640 1.16843300 0.48128120
v -0.54259610 1.08921500 0.44932790
v -0.54443700 1.07384600 0.45486490
v -0.56124710 1.10174900 0.47725840
v -0.54519210 1.12136600 0.44658270
v -0.56675590 1.12451200 0.47975250
v -0.54881340 1.13930500 0.44848400
v -0.53262790 1.06966100 0.63083200
v -0.53596050 1.04525200 0.63098120
v -0.57361800 1.08453800 0.58160860
v -0.55107730 0.69283750 0.47711700
v -0.54948220 0.62138680 0.47851590
v -0.60799020 0.54226440 0.54858880
v -0.60020130 0.51459120 0.49684470
v -0.59878460 0.53325930 0.61177960
v -0.58842180 0.53474800 0.58400540
v -0.59012170 0.52494640 0.59524520
v -0.58573320 0.78735590 0.67104450
v -0.57184610 0.84478050 0.66516460
v -0.55992260 0.88990050 0.66165000
v -0.55327500 0.92291090 0.65512110
v -0.55632290 0.91014390 0.65830950
v -0.52709330 0.81725810 0.44869470
v -0.53900630 0.80536580 0.46157950
v -0.53468310 0.84232920 0.46321020
v -0.53955720 0.75701820 0.46312430
v -0.54000890 0.96288010 0.64758250
v -0.53364470 0.98164250 0.64424360
v -0.52816170 1.00220300 0.64008960
v -0.55427690 0.97903420 0.63632780
v -0.54764050 0.95824000 0.45151520
v -0.54479420 0.93998840 0.46057470
v -0.54895720 0.97432070 0.45382350
v -0.54159900 0.92089730 0.46001080
v -0.54416640 0.93119270 0.47426500
v -0.53876410 0.90122140 0.45879440
v -0.58962020 0.54353050 0.65339070
v -0.59762530 0.55920410 0.64790490
v -0.58685550 0.56540820 0.65238330
v -0.59802490 0.53624790 0.62752780
v -0.60932230 0.57178590 0.63791360
v -0.60670490 0.58895520 0.64054370
v -0.60527540 0.63177480 0.68043670
v -0.59728350 0.71202080 0.68095390
v -0.60256540 0.72062220 0.66823890
v -0.60511700 0.69912850 0.67003220
v -0.58894010 0.70176920 0.64117930
v -0.60148120 0.70455690 0.65633830
v -0.59185150 0.72106810 0.64139540
v -0.59761870 0.72363620 0.65575060
v -0.58453820 0.74880470 0.61130510
v -0.58754420 0.75102610 0.63565300
v -0.59091650 0.73701550 0.64725880
v -0.59936280 0.64942730 0.69416890
v -0.59795720 0.67025850 0.69060140
v -0.60033710 0.61175710 0.67496880
v -0.58343170 0.59621490 0.67180890
v -0.60710850 0.59743460 0.68835130
v -0.59704110 0.58622240 0.67353090
v -0.58621920 0.58034830 0.67703790
v -0.54653780 1.05667200 0.45912540
v -0.55300160 1.08482800 0.46665330
v -0.55427900 1.11600700 0.46154970
v -0.57790510 1.13057000 0.49995610
v -0.55822410 1.13333800 0.46343180
v -0.56291340 1.15511200 0.46514420
v -0.51897260 1.04246100 0.63624910
v -0.58053210 1.09742800 0.57376920
v -0.58358460 1.11400000 0.58341310
v -0.58627490 1.10931900 0.56907460
v -0.56005280 0.52279210 0.47247290
v -0.57366580 0.51312660 0.47184220
v -0.58229810 0.52732130 0.47167360
v -0.59121780 0.51070550 0.48126440
v -0.59549020 0.52565700 0.48509190
v -0.53761680 0.68542500 0.46691240
v -0.54170030 0.66462550 0.47091180
v -0.56194330 0.62346310 0.49015510
v -0.53763570 0.62742790 0.46875270
v -0.56477440 0.59369930 0.48296760
v -0.53682910 0.58343610 0.47091830
v -0.53441340 0.56495680 0.47132710
v -0.53503250 0.54847490 0.47327880
v -0.54995590 0.58157580 0.47164600
v -0.60015920 0.52943950 0.56429920
v -0.60264610 0.53344500 0.50378580
v -0.60376500 0.55172840 0.50395380
v -0.60469550 0.54594540 0.62101590
v -0.59573760 0.55412000 0.59874210
v -0.59035860 0.80394010 0.66098210
v -0.59497720 0.76784080 0.66647020
v -0.58760650 0.76477930 0.67465450
v -0.58960490 0.86025580 0.63872830
v -0.57356860 0.86998970 0.65961200
v -0.58126650 0.82495860 0.61387810
v -0.58904420 0.84025480 0.62719450
v -0.58301420 0.82903260 0.66231260
v -0.58702270 0.88222840 0.62595780
v -0.53936630 0.77852690 0.46165820
v -0.55137970 0.81453890 0.47652320
v -0.57816520 0.78988270 0.49914410
v -0.56275310 0.80551810 0.48851800
v -0.57770760 0.81414170 0.50031100
v -0.55731890 0.79034950 0.48125570
v -0.55785550 0.82881590 0.48686990
v -0.54022510 0.85999630 0.47345550
v -0.53622770 0.87849780 0.46217630
v -0.58224150 0.83698830 0.50773190
v -0.54186020 0.70869190 0.46979810
v -0.56315870 0.99518460 0.62108410
v -0.56716500 0.96182140 0.63253340
v -0.54678040 0.95453090 0.46928250
v -0.55044780 0.96768930 0.48308230
v -0.55326560 0.98932440 0.47788490
v -0.55331220 0.92583820 0.49717390
v -0.55619600 0.96186230 0.50487380
v -0.60291560 0.55096600 0.63348110
v -0.61040020 0.56167650 0.62580280
v -0.60879340 0.56489170 0.61364250
v -0.60584220 0.57488100 0.60719640
v -0.60542510 0.62807650 0.69157840
v -0.58867890 0.70205730 0.61132080
v -0.58235180 0.71521160 0.62880460
v -0.60630910 0.65258950 0.68365860
v -0.59868330 0.59993910 0.67369710
v -0.57919360 0.60646080 0.65509350
v -0.59163280 0.59300900 0.64768150
v -0.55513800 1.04492000 0.47433950
v -0.57042370 1.11533200 0.49114500
v -0.52623550 1.02134700 0.63729020
v -0.57369350 1.09138000 0.51293110
v -0.57582330 1.07186000 0.53890570
v -0.57468020 1.06849700 0.57217990
v -0.57287980 0.54512450 0.46954440
v -0.55511350 0.54524780 0.47207880
v -0.56139140 0.66043670 0.48789060
v -0.55184560 0.67125440 0.47808960
v -0.54060210 0.60533710 0.47244520
v -0.55075490 0.56263800 0.47025370
v -0.60312480 0.56480080 0.55305480
v -0.59183270 0.55164930 0.57403490
v -0.59367100 0.56744930 0.57073100
v -0.59788880 0.58192700 0.57641120
v -0.59895090 0.57976640 0.55597400
v -0.60935440 0.56141100 0.53099070
v -0.60777270 0.57887620 0.53687020
v -0.59681270 0.53938210 0.59747340
v -0.56200210 0.93487040 0.64562820
v -0.57615750 0.94287500 0.63100370
v -0.58230660 0.91949290 0.61995940
v -0.54466280 0.79218180 0.46727550
v -0.55188090 0.76932000 0.47538580
v -0.54953700 0.84543640 0.48135810
v -0.57764690 0.95902320 0.61323700
v -0.57193590 0.97669200 0.61660880
v -0.54897340 0.99967630 0.45508420
v -0.55431640 1.01449600 0.47089110
v -0.54548610 0.89344660 0.48289040
v -0.54620680 0.87746280 0.48300850
v -0.55681250 0.98606710 0.50511140
v -0.55717110 1.00419900 0.49295640
v -0.55048240 0.94663950 0.49187900
v -0.55931390 0.94053690 0.50717800
v -0.59593290 0.78165420 0.65541330
v -0.59662570 0.75901980 0.65358790
v -0.58210370 0.74054470 0.62375600
v -0.58275260 0.60472180 0.66923560
v -0.58068070 0.58850620 0.65541310
v -0.59322180 0.60663110 0.64425470
v -0.60628450 0.60872730 0.63496760
v -0.61128480 0.59216340 0.62814030
v -0.61290380 0.57869350 0.62309360
v -0.61096600 0.61129140 0.62268640
v -0.60138450 0.60713060 0.59843700
v -0.60983610 0.61839530 0.61111920
v -0.59680590 0.59106830 0.59544510
v -0.60932090 0.59707100 0.61223330
v -0.56214010 1.04616000 0.49398560
v -0.55975050 1.02988500 0.48944060
v -0.56283010 1.02208700 0.50725810
v -0.55819980 1.05838900 0.48098600
v -0.54697940 1.00974000 0.63149040
v -0.54741530 1.02470100 0.62759930
v -0.57891330 1.09266000 0.53822610
v -0.57303720 1.07424100 0.52147010
v -0.56945110 1.09818200 0.49726820
v -0.56337000 1.08594800 0.48691910
v -0.56639250 1.05913200 0.50453960
v -0.57272360 1.05493200 0.52869600
v -0.57771430 1.08237400 0.55890440
v -0.57587330 1.05840100 0.55140890
v -0.57579680 1.03944900 0.54611430
v -0.57453870 1.04703600 0.56842750
v -0.57022210 1.05203900 0.58738220
v -0.56842760 1.07133300 0.59323920
v -0.57448540 0.69685360 0.50466050
v -0.55843190 0.63765700 0.48746850
v -0.56810620 0.61091680 0.49162510
v -0.59632210 0.59401630 0.56984050
v -0.57612710 0.92337260 0.63977000
v -0.58765570 0.90875580 0.58429210
v -0.56770250 0.92514440 0.51255710
v -0.56832890 0.95002310 0.51693890
v -0.59161770 0.77764980 0.63829950
v -0.58147300 0.80302280 0.61154590
v -0.59412240 0.57828450 0.65004260
v -0.56523990 1.07229000 0.49635270
v -0.56999980 1.03331200 0.52450130
v -0.57622950 0.99956210 0.57535510
v -0.57816000 0.65385130 0.52133500
v -0.56850060 0.66131730 0.50501380
v -0.60672420 0.59092540 0.54520580
v -0.57881630 0.91215110 0.60123500
v -0.58061190 0.84649150 0.60946050
v -0.58070200 0.93755850 0.52174150
v -0.58234310 0.77690250 0.61180530
v -0.58699920 0.76440630 0.60350360
v -0.59010660 0.75226320 0.59723710
v -0.58670500 0.73149470 0.60868040
v -0.59817280 0.68474320 0.60087470
v -0.56357240 1.00948700 0.51585450
v -0.57305430 0.99441750 0.52417010
v -0.57190950 1.01893700 0.58993110
v -0.58608690 0.95787500 0.55060530
v -0.57209330 0.71810910 0.49667460
v -0.57295210 0.64126020 0.51148490
v -0.60201970 0.62809720 0.53924250
v -0.59310250 0.66995110 0.53137750
v -0.58557760 0.63272300 0.52546760
v -0.59688000 0.64727510 0.53467060
v -0.60127680 0.64106510 0.55579620
v -0.57673080 0.67608330 0.51829160
v -0.59463100 0.71310390 0.53751720
v -0.59520650 0.69112660 0.53614140
v -0.57054910 0.67825500 0.50050730
v -0.57703840 0.59944840 0.50153040
v -0.59549110 0.61269970 0.52726640
v -0.58577920 0.82600850 0.59852370
v -0.58438430 0.89728840 0.61709870
v -0.58927620 0.88965040 0.58475660
v -0.58016040 0.88998650 0.59597980
v -0.58069200 0.87130740 0.60917410
v -0.59614890 0.73522160 0.57537240
v -0.58127700 0.67951990 0.63071170
v -0.57185840 1.03533400 0.58357880
v -0.57566920 1.03090600 0.56332530
v -0.57557490 1.01661100 0.57133940
v -0.57201440 1.00184100 0.59823720
v -0.58122370 0.97922960 0.53087180
v -0.58448090 0.97672620 0.54574850
v -0.57943280 0.97849280 0.56657350
v -0.56245880 0.68411020 0.48711510
v -0.59887730 0.67950020 0.54643360
v -0.59840590 0.60484870 0.56176890
v -0.60169210 0.62337840 0.55901200
v -0.59877110 0.64222830 0.57193930
v -0.60505070 0.62619590 0.59678480
v -0.59731200 0.62584930 0.57782890
v -0.60455200 0.64938570 0.59366410
v -0.59947960 0.66601680 0.60553840
v -0.60659250 0.63005160 0.62752390
v -0.59559650 0.63665560 0.63128850
v -0.60217340 0.64935380 0.62464400
v -0.57725550 0.58642580 0.49187430
v -0.59873580 0.58086830 0.52121850
v -0.57799780 0.93687880 0.60664840
v -0.58667190 0.80972730 0.60019850
v -0.58245590 0.86203560 0.59543000
v -0.58593190 0.86224320 0.62016030
v -0.59287200 0.73050540 0.59212420
v -0.59426480 0.75143960 0.58365120
v -0.59880650 0.74736790 0.56241920
v -0.59564600 0.71230290 0.58060910
v -0.59917270 0.71973050 0.55990410
v -0.59612310 0.69115310 0.58463110
v -0.59770000 0.67512180 0.57372890
v -0.59882850 0.67977940 0.56111710
v -0.60168380 0.66686720 0.59076430
v -0.59891620 0.65687900 0.58040390
v -0.59411000 0.70955530 0.60021610
v -0.58122900 0.70065850 0.62485800
v -0.59089120 0.68635200 0.61637990
v -0.57843090 1.01989000 0.55072520
v -0.57952460 0.99671880 0.55958980
v -0.58407190 0.96162040 0.53017450
v -0.58788810 0.94174690 0.53540840
v -0.57636020 0.98240810 0.58392150
v -0.57868480 0.96925000 0.59558800
v -0.57518830 0.98484630 0.59991020
v -0.58192820 0.95095980 0.59170870
v -0.59873560 0.69920790 0.54927150
v -0.59882890 0.69997590 0.56561440
v -0.57903550 0.62218610 0.65253510
v -0.58724310 0.62117240 0.67098690
v -0.59094870 0.66044250 0.65250410
v -0.58285310 0.65506410 0.63207260
v -0.58396110 0.69467860 0.52444590
v -0.58259660 0.71617450 0.51717600
v -0.56666360 0.73948130 0.48919790
v -0.58638910 0.59458250 0.51394930
v -0.59720810 0.59128700 0.52912860
v -0.58650000 0.58247520 0.50308220
v -0.58347230 0.57054600 0.48438800
v -0.56934160 0.56186790 0.47129900
v -0.58543990 0.55571410 0.47476550
v -0.59316240 0.57338280 0.49900110
v -0.59635090 0.55993970 0.48928410
v -0.60234070 0.56854040 0.51189470
v -0.58862350 0.73796000 0.52526360
v -0.59714130 0.73740170 0.54620740
v -0.58586060 0.75740350 0.51370180
v -0.59366580 0.76106050 0.53322390
v -0.59862760 0.76123360 0.55086520
v -0.56425330 0.76111700 0.48717430
v -0.58527200 0.77290190 0.50934370
v -0.59834980 0.66063840 0.54736250
v -0.60083570 0.65728690 0.55973400
v -0.59559850 0.66554960 0.62198010
v -0.57723800 1.01528800 0.53438140
v -0.58212950 0.99713060 0.54170850
v -0.58839080 0.93445760 0.54777990
v -0.57820530 0.96259870 0.57470270
v -0.58011590 0.94328880 0.56833410
v -0.58497450 0.93152530 0.58542080
v -0.58765590 0.63804120 0.66345760
v -0.59861700 0.77647920 0.55743310
v -0.57624430 0.75425970 0.49828050
v -0.58210530 0.92361150 0.56407920
v -0.58733410 0.80562100 0.51279540
v -0.58982890 0.79020000 0.51784730
v -0.59841280 0.79866230 0.55055060
v -0.59752400 0.78292520 0.54292390
v -0.59445480 0.80169500 0.53015470
v -0.59593950 0.80766360 0.56654430
v -0.59407540 0.79786140 0.58604050
v -0.59764190 0.81918310 0.55183760
v -0.59445440 0.81275850 0.58384130
v -0.59663160 0.78920220 0.56905080
v -0.59378100 0.77478300 0.58619930
v -0.58835710 0.78868730 0.59882000
v -0.59160230 1.16016800 0.54595260
v -0.59573690 1.14072700 0.56030950
v -0.58494240 1.14235200 0.51468780
v -0.59147620 1.12497300 0.57468420
v -0.58835000 1.15745400 0.51841160
v -0.58351960 1.12566400 0.52358850
v -0.58693560 1.11910200 0.55007480
v -0.58101830 1.10746200 0.53150500
v -0.57704820 1.11116700 0.51011470
v -0.56162350 1.05397400 0.60663620
v -0.56631030 1.03848000 0.59837470
v -0.55149850 1.04217000 0.62068550
v -0.56265400 1.17867100 0.46158060
v -0.58934370 0.81464150 0.62903500
v -0.59357630 0.79756260 0.64166320
v -0.59203260 0.82288210 0.64475110
v -0.57552450 0.87243650 0.50732260
v -0.58901720 0.88351850 0.52188570
v -0.58836650 0.90396550 0.52499200
v -0.57778360 0.91466590 0.51621950
v -0.57650670 0.89471800 0.51240630
v -0.56028940 0.88526810 0.49959710
v -0.58414190 0.90001850 0.56562230
v -0.59180520 0.89405930 0.54423610
v -0.59370270 0.87390890 0.53449360
v -0.56192140 1.01528000 0.61465380
v -0.56125590 1.03256500 0.61056530
v -0.58671000 0.84192930 0.59196280
v -0.55853590 0.71695170 0.48246530
v -0.59274230 0.84074550 0.52559110
v -0.59552770 0.85610410 0.53939730
v -0.59132190 0.81936620 0.52042430
v -0.58976890 0.85312630 0.56509600
v -0.59648380 0.83784760 0.55027770
v -0.59297380 0.82844010 0.56910630
v -0.58745340 0.87307410 0.57220660
v -0.58991900 0.87465680 0.58677870
v -0.59284410 0.85523160 0.57993330
v -0.58910670 0.87335800 0.55511420
v -0.58569320 0.88528970 0.56450240
v -0.58782780 0.85906630 0.51641910
v -0.57000100 0.85164120 0.50058450
v -0.59044450 0.91235820 0.54557540
v -0.58827360 0.92098730 0.52940340
v -0.50673760 1.16270000 0.63248040
v -0.33030090 1.11779300 0.37989430
v -0.34910690 1.12315600 0.35603370
v -0.32097370 1.14399000 0.38999290
v -0.29794500 1.11658400 0.52198180
v -0.28308830 1.12900800 0.45354360
v -0.48388140 1.26729300 0.35624960
v -0.42704380 1.14077300 0.31854390
v -0.36970960 1.10232800 0.33228250
v -0.36093580 1.10735600 0.33248510
v -0.43830990 1.15705000 0.32491640
v -0.38047170 1.09248800 0.33785370
v -0.55707510 1.33688000 0.51535430
v -0.57681430 1.15369400 0.59558620
v -0.57292870 1.11683400 0.60027390
v -0.58975800 1.16628100 0.59217250
v -0.56176930 1.15068100 0.61578020
v -0.55852100 1.16179900 0.62014670
v -0.53806620 1.15814400 0.63630300
v -0.59354200 1.16074500 0.58914960
v -0.58757710 1.14080400 0.53765490
v -0.58637340 0.63856480 0.69539340
v -0.44183700 0.57644910 0.70938810
v -0.50952090 1.34694200 0.56398560
v -0.38382250 0.57964000 0.71206100
v -0.48159950 0.65259150 0.70200200
v -0.34198080 0.64665960 0.68535050
v -0.32852150 0.61910590 0.68821800
v -0.32385150 0.69755060 0.60831250
v -0.53953760 0.84096050 0.66732920
v -0.41984070 1.05516700 0.62324580
v -0.54247950 0.72368220 0.67399510
v -0.38821230 0.90106140 0.62945340
v -0.39769900 0.97567900 0.62578430
v -0.46983580 0.81275440 0.67476440
v -0.48892400 0.73872480 0.68711950
v -0.45311620 0.95674160 0.64398610
v -0.46806100 0.89715340 0.66017780
v -0.49677590 0.71480060 0.68965390
v -0.39514720 0.81552720 0.63189380
v -0.28521760 0.60996180 0.56102790
v -0.24594430 0.67694040 0.46952230
v -0.29716180 0.70664910 0.58988160
v -0.30101040 0.87473910 0.57287040
v -0.27029230 0.68752400 0.43657750
v -0.27585910 0.89711140 0.50275900
v -0.26934840 0.70249510 0.45162650
v -0.28386660 0.76998710 0.39634180
v -0.50081430 1.23911400 0.37764650
v -0.47268010 1.16938000 0.33886380
v -0.54312190 1.21964500 0.43873560
v -0.42669100 1.04956800 0.34390220
v -0.51390360 1.21233500 0.39880670
v -0.33406550 0.80073140 0.33486100
v -0.51427790 0.57911400 0.45518730
v -0.44552960 0.47694670 0.42006550
v -0.43637350 0.46850220 0.41343270
v -0.49746560 0.56757290 0.43960220
v -0.53255450 0.85767940 0.45051270
v -0.36693570 0.93673700 0.34217460
v -0.34712150 0.98887610 0.35693930
v -0.51743050 0.77039840 0.38894990
v -0.36574830 0.56338760 0.36071060
v -0.44858340 0.55783230 0.38189130
v -0.41767230 0.59218410 0.34817080
v -0.51710990 0.73580440 0.42169470
v -0.45440270 0.93453920 0.36422010
v -0.47171510 0.91202920 0.36624670
v -0.48974600 0.90337770 0.38995670
v -0.50070860 0.73338970 0.37582050
v -0.48055480 0.72219510 0.36893030
v -0.50450200 0.79080510 0.38246180
v -0.48381320 0.79535620 0.38131520
v -0.36802870 0.74645450 0.33505820
v -0.57663770 0.80788460 0.66960090
v -0.59174230 1.17423200 0.52845080
v -0.60183780 0.55902290 0.69222530
v -0.55612650 1.21493700 0.45397070
v -0.60893480 0.54101380 0.52323990
v -0.61109270 0.52157600 0.54552740
v -0.58495820 0.88273510 0.64248170
v -0.58335790 0.90586000 0.63606730
v -0.59596830 0.60673510 0.58431910
v -0.58358720 0.71889740 0.61545100
v -0.60378330 0.64760240 0.61283530
v -0.58022360 0.63591900 0.64573760
v -0.59761820 0.64484920 0.67675570
v -0.59615570 0.54577700 0.48601450
v -0.59193590 0.77873270 0.52539570
v -0.59608610 0.82107970 0.53988000
v -0.54528540 0.57089150 0.69486940
v -0.36106180 0.76577350 0.61671930
v -0.37652000 0.63215300 0.70304840
v -0.34112890 0.68716810 0.66058320
v -0.45668700 1.03083500 0.63245230
v -0.46000840 1.09047900 0.63136890
v -0.45479260 1.00754800 0.63361640
v -0.54566350 0.60622570 0.68664100
v -0.40581400 0.96677820 0.62840850
v -0.41555580 1.12445200 0.64012580
v -0.50175220 0.80547270 0.67636490
v -0.38145280 0.81241880 0.62306710
v -0.27608450 0.58981340 0.60629360
v -0.24926470 0.59813300 0.50778350
v -0.28408060 0.63832870 0.38921480
v -0.28060820 0.73666950 0.54912780
v -0.26479520 0.65282770 0.45749220
v -0.30724890 0.80915200 0.57908140
v -0.26446130 0.72653780 0.50811110
v -0.51612430 1.18359000 0.40339480
v -0.52291220 1.23009000 0.40991160
v -0.50515030 0.96890520 0.40470780
v -0.35899830 0.52595540 0.36927750
v -0.40699680 0.48903460 0.38502670
v -0.50020900 0.95027210 0.39954070
v -0.35427450 0.59539960 0.35248600
v -0.39445240 0.74270930 0.33048230
v -0.40680590 0.65862960 0.34083580
v -0.41820490 0.64230710 0.33961540
v -0.38538260 0.72650490 0.33047200
v -0.46788660 0.82138290 0.36803700
v -0.47289270 0.81656260 0.37696930
v -0.54726130 1.15136800 0.62738870
v -0.52241770 1.13175400 0.64101060
v -0.60087980 0.68013660 0.66007320
v -0.57149830 1.14538000 0.48079430
v -0.59040750 0.73979270 0.67806550
v -0.60578590 0.66582390 0.67652310
v -0.59530770 0.66401070 0.66437160
v -0.56588280 0.63921620 0.49904400
v -0.59419420 0.83629280 0.57897530
v -0.54578810 0.72979240 0.47190880
v -0.56463430 0.70070890 0.48829430
v -0.58260590 0.76654110 0.62082260
v -0.59418730 0.57355080 0.59117150
v -0.58130100 0.61258800 0.50971060
v -0.60870760 0.63628680 0.60954580
v -0.55396850 0.74470770 0.47861490
v -0.57365350 0.77460660 0.49475600
v -0.51249920 0.71661670 0.38757380
f 26 27 142
f 29 105 28
f 142 27 28
f 142 25 26
f 38 39 129
f 164 134 163
f 135 164 23
f 126 35 36
f 44 45 116
f 191 21 22
f 36 37 125
f 19 238 239
f 210 211 255
f 40 120 39
f 30 2372 105
f 19 239 18
f 2372 113 106
f 105 29 30
f 111 104 154
f 353 18 239
f 34 35 122
f 589 91 586
f 81 82 83
f 585 587 112
f 288 192 286
f 75 103 199
f 294 269 17
f 93 94 204
f 10 533 229
f 277 11 12
f 587 145 112
f 15 267 14
f 49 169 736
f 87 118 2305
f 5 231 4
f 81 83 111
f 189 2 2405
f 1862 163 22
f 31 32 113
f 189 188 2
f 231 284 4
f 150 166 105
f 96 160 95
f 206 209 208
f 172 91 92
f 123 118 88
f 109 44 116
f 2305 108 86
f 111 154 114
f 84 104 83
f 79 80 114
f 117 174 113
f 584 127 588
f 75 76 103
f 91 172 586
f 235 161 190
f 155 120 40
f 125 37 38
f 582 128 153
f 118 123 124
f 43 44 109
f 124 123 127
f 121 109 128
f 123 89 127
f 45 46 110
f 58 220 219
f 110 100 116
f 46 139 110
f 177 178 99
f 151 33 34
f 585 78 583
f 47 101 46
f 117 33 151
f 196 50 51
f 33 117 32
f 242 55 300
f 119 155 41
f 42 121 119
f 221 218 220
f 122 175 151
f 53 194 240
f 110 116 45
f 240 2310 816
f 114 584 583
f 127 89 90
f 86 108 85
f 139 46 101
f 41 42 119
f 118 124 154
f 74 75 198
f 199 750 198
f 112 77 78
f 79 583 78
f 108 104 84
f 109 121 43
f 104 111 83
f 2305 86 87
f 118 87 88
f 81 111 80
f 117 113 32
f 123 88 89
f 108 84 85
f 114 583 79
f 119 121 128
f 126 122 35
f 588 586 587
f 66 67 230
f 121 42 43
f 114 154 124
f 30 31 2372
f 104 108 2305
f 118 154 2305
f 750 140 73
f 100 177 181
f 71 252 70
f 111 114 80
f 461 136 352
f 280 230 278
f 223 852 270
f 125 126 36
f 155 40 41
f 175 122 126
f 129 125 38
f 405 183 404
f 130 129 120
f 115 130 405
f 120 2306 130
f 115 212 2304
f 322 318 319
f 227 532 410
f 230 342 65
f 161 189 190
f 135 165 164
f 245 52 921
f 698 169 48
f 100 110 139
f 100 139 138
f 138 139 48
f 148 143 145
f 171 72 73
f 147 246 102
f 205 92 93
f 148 144 143
f 166 142 105
f 135 25 142
f 23 24 135
f 145 143 77
f 145 149 148
f 144 103 143
f 143 76 77
f 103 102 199
f 112 145 77
f 144 147 102
f 146 173 304
f 149 145 587
f 149 146 148
f 586 149 587
f 144 148 304
f 166 150 97
f 237 150 106
f 113 2372 31
f 460 2307 107
f 151 175 176
f 151 34 122
f 109 152 128
f 128 152 153
f 109 116 181
f 153 152 99
f 99 152 177
f 152 109 181
f 99 178 2309
f 589 127 90
f 2306 120 155
f 419 411 420
f 270 271 328
f 363 496 534
f 282 395 446
f 345 235 285
f 208 141 206
f 188 233 160
f 21 191 2303
f 164 163 1862
f 163 134 192
f 23 164 1862
f 166 165 135
f 346 165 97
f 134 164 165
f 165 166 97
f 142 166 135
f 350 238 351
f 416 415 411
f 261 215 216
f 215 261 2308
f 298 299 2373
f 301 433 2373
f 214 179 2309
f 2309 178 213
f 137 177 138
f 48 169 138
f 72 71 864
f 253 201 251
f 203 95 483
f 172 92 205
f 146 205 173
f 172 205 146
f 205 204 173
f 249 173 206
f 106 113 174
f 150 2372 106
f 151 174 117
f 176 254 174
f 175 210 176
f 311 310 210
f 169 137 138
f 178 177 137
f 256 261 216
f 178 137 213
f 2309 179 180
f 214 2309 213
f 49 213 137
f 185 2374 182
f 183 582 184
f 152 181 177
f 180 184 153
f 582 153 184
f 115 405 457
f 184 180 185
f 182 183 184
f 2308 261 314
f 184 185 182
f 314 2374 185
f 318 320 277
f 353 239 293
f 411 415 431
f 370 273 334
f 7 8 228
f 282 446 2377
f 435 591 434
f 533 11 277
f 278 67 68
f 281 342 230
f 308 307 302
f 342 281 374
f 133 233 235
f 483 95 160
f 1 2 2282
f 188 161 233
f 483 484 450
f 209 204 203
f 190 189 234
f 188 189 161
f 284 190 234
f 193 162 236
f 163 191 22
f 346 237 2379
f 238 20 351
f 293 239 350
f 265 57 218
f 197 51 52
f 921 2310 245
f 197 52 168
f 168 52 245
f 196 213 50
f 199 198 75
f 144 102 103
f 140 199 102
f 249 304 173
f 403 356 306
f 70 305 69
f 140 171 73
f 202 72 171
f 171 247 251
f 252 202 201
f 203 204 94
f 95 203 94
f 173 204 206
f 205 93 204
f 208 209 207
f 483 160 484
f 307 309 302
f 204 209 206
f 483 209 203
f 349 254 310
f 286 192 134
f 254 176 310
f 151 176 174
f 211 126 212
f 255 107 311
f 211 175 126
f 211 312 255
f 357 212 115
f 125 2304 126
f 312 211 212
f 50 213 49
f 214 213 196
f 214 196 215
f 215 197 168
f 297 259 258
f 258 259 257
f 216 215 168
f 217 168 245
f 217 194 258
f 257 464 256
f 168 217 2375
f 185 180 179
f 153 99 180
f 2309 180 99
f 100 138 177
f 116 100 181
f 185 179 2308
f 262 58 59
f 263 59 60
f 243 355 242
f 262 220 58
f 262 361 468
f 57 219 218
f 218 219 220
f 508 517 506
f 266 355 243
f 409 221 220
f 368 15 16
f 186 2311 267
f 271 955 62
f 273 62 63
f 329 272 328
f 224 333 61
f 263 361 262
f 592 226 6
f 592 6 225
f 7 225 6
f 226 337 283
f 282 231 232
f 6 226 274
f 228 8 187
f 187 8 227
f 187 276 228
f 228 225 7
f 229 9 1885
f 227 8 9
f 10 11 533
f 227 229 532
f 9 229 227
f 230 67 278
f 279 68 69
f 281 280 159
f 369 335 342
f 232 231 5
f 454 399 480
f 160 96 188
f 235 233 161
f 484 233 133
f 189 3 234
f 285 190 284
f 235 190 285
f 193 236 20
f 191 192 193
f 163 192 191
f 150 237 97
f 237 106 348
f 239 238 350
f 236 351 20
f 293 350 167
f 294 18 353
f 326 269 325
f 245 240 217
f 295 53 241
f 299 54 55
f 241 195 295
f 241 54 299
f 299 242 2373
f 57 265 56
f 221 244 266
f 196 51 197
f 240 245 2310
f 304 250 147
f 246 200 247
f 102 246 140
f 170 247 200
f 171 251 202
f 140 247 171
f 246 247 140
f 200 248 170
f 200 246 147
f 309 141 208
f 248 200 250
f 304 147 144
f 250 249 141
f 247 170 251
f 253 251 170
f 141 249 206
f 202 252 71
f 356 252 201
f 356 305 252
f 338 339 279
f 201 202 251
f 254 106 174
f 106 254 348
f 211 210 175
f 257 256 2375
f 2375 256 216
f 464 260 256
f 258 257 2375
f 464 257 359
f 297 258 194
f 260 98 314
f 179 214 2308
f 263 262 59
f 264 263 60
f 361 263 264
f 60 333 264
f 315 361 264
f 316 361 317
f 266 265 218
f 300 56 243
f 221 266 218
f 266 244 355
f 13 14 2311
f 319 186 323
f 368 267 15
f 268 222 16
f 268 17 269
f 16 222 368
f 222 268 269
f 271 270 955
f 223 270 328
f 273 271 62
f 330 332 377
f 329 328 271
f 329 331 272
f 334 63 64
f 64 65 335
f 369 336 370
f 275 226 283
f 226 275 274
f 5 275 232
f 337 226 592
f 276 434 228
f 227 410 187
f 499 187 410
f 410 470 499
f 568 131 2380
f 187 499 276
f 435 434 2318
f 277 531 533
f 279 278 68
f 305 279 69
f 338 279 305
f 339 280 278
f 371 340 159
f 230 65 66
f 335 65 342
f 373 281 159
f 281 373 374
f 283 282 232
f 283 343 282
f 231 282 2377
f 283 232 275
f 392 395 343
f 4 284 234
f 284 2377 285
f 446 344 399
f 134 165 346
f 346 97 237
f 134 346 286
f 288 347 287
f 347 286 2379
f 288 287 292
f 351 290 289
f 162 292 290
f 292 162 288
f 192 288 162
f 292 291 290
f 291 352 289
f 291 289 290
f 167 289 352
f 417 293 2313
f 269 294 325
f 194 53 295
f 298 296 195
f 354 474 512
f 297 194 295
f 298 433 296
f 299 298 195
f 242 299 55
f 265 243 56
f 242 300 243
f 425 354 296
f 309 208 303
f 450 485 453
f 208 207 303
f 250 141 248
f 250 304 249
f 252 305 70
f 201 253 306
f 308 403 306
f 307 306 253
f 306 307 308
f 302 309 303
f 447 302 303
f 403 308 481
f 248 309 307
f 309 248 141
f 170 248 307
f 310 176 210
f 311 107 578
f 310 311 563
f 255 311 210
f 512 259 354
f 256 260 261
f 2308 314 185
f 260 314 261
f 315 391 317
f 264 333 360
f 361 315 317
f 318 277 12
f 318 322 320
f 12 13 318
f 2311 318 13
f 267 2311 14
f 318 2311 319
f 366 545 323
f 502 321 364
f 321 320 322
f 364 321 322
f 321 157 365
f 323 322 319
f 324 323 186
f 186 267 367
f 2313 412 417
f 269 326 222
f 411 327 326
f 590 328 272
f 273 329 271
f 330 329 273
f 330 370 332
f 377 375 376
f 378 379 331
f 330 331 329
f 377 332 375
f 360 224 593
f 333 224 360
f 335 334 64
f 374 398 336
f 273 370 330
f 338 305 356
f 339 338 371
f 278 279 339
f 230 280 281
f 481 372 403
f 302 482 308
f 341 397 398
f 282 343 395
f 340 441 439
f 284 231 2377
f 401 2377 446
f 441 442 455
f 456 451 345
f 286 346 2379
f 402 348 349
f 348 254 349
f 563 349 310
f 289 167 350
f 290 351 236
f 350 351 289
f 519 520 575
f 414 352 136
f 414 167 352
f 353 293 417
f 294 353 325
f 195 297 295
f 297 296 354
f 242 355 2373
f 266 243 265
f 503 355 244
f 2373 355 301
f 306 356 201
f 338 356 403
f 400 449 447
f 481 442 372
f 357 312 212
f 98 260 462
f 255 312 406
f 466 464 465
f 465 359 530
f 259 359 257
f 360 388 315
f 264 360 315
f 316 409 468
f 384 385 382
f 388 391 315
f 323 364 322
f 366 430 545
f 368 367 267
f 327 368 222
f 367 324 186
f 367 327 419
f 368 327 367
f 326 327 222
f 424 418 2316
f 334 335 369
f 369 370 334
f 332 370 336
f 371 159 280
f 439 159 340
f 339 371 280
f 403 372 371
f 340 371 372
f 439 373 159
f 374 373 341
f 398 374 341
f 342 374 369
f 373 439 341
f 375 445 376
f 336 375 332
f 478 568 386
f 379 380 158
f 331 377 378
f 379 378 380
f 388 360 593
f 590 272 158
f 379 272 331
f 382 158 384
f 384 158 380
f 388 387 391
f 380 381 384
f 542 499 470
f 387 385 2314
f 394 393 438
f 593 158 382
f 378 383 2315
f 438 376 445
f 477 492 436
f 382 385 387
f 131 568 541
f 568 2380 386
f 437 386 383
f 2315 383 386
f 378 377 383
f 377 376 383
f 2380 2315 386
f 378 2315 380
f 2314 385 436
f 382 387 388
f 436 385 477
f 2314 391 387
f 317 391 390
f 2376 479 392
f 395 2312 344
f 2376 392 343
f 337 2376 283
f 394 445 396
f 393 437 438
f 2312 392 394
f 393 394 392
f 396 2312 394
f 344 2312 132
f 446 395 344
f 132 2312 396
f 398 396 445
f 396 398 397
f 443 444 132
f 447 303 448
f 345 285 401
f 2381 453 451
f 448 450 453
f 235 345 133
f 133 345 451
f 286 347 288
f 402 347 2379
f 348 2379 237
f 359 259 512
f 354 259 297
f 549 508 507
f 338 403 371
f 2306 405 130
f 358 407 457
f 182 404 183
f 183 405 2306
f 457 405 404
f 406 107 255
f 107 406 460
f 312 407 406
f 407 358 489
f 357 407 312
f 313 467 528
f 2374 490 488
f 464 359 465
f 363 534 156
f 363 156 316
f 537 409 156
f 468 409 220
f 156 409 316
f 321 365 320
f 320 365 531
f 531 277 320
f 470 410 469
f 323 324 366
f 167 414 2313
f 2313 414 413
f 412 2313 413
f 428 412 413
f 416 412 415
f 416 411 326
f 415 412 428
f 325 416 326
f 419 420 2382
f 411 419 327
f 367 419 324
f 420 424 421
f 427 426 431
f 433 301 504
f 476 2320 518
f 432 429 426
f 546 418 509
f 421 430 366
f 425 422 474
f 431 415 427
f 476 413 414
f 415 428 427
f 555 557 516
f 430 421 2316
f 548 473 430
f 565 538 566
f 355 503 301
f 507 506 505
f 513 474 517
f 518 413 476
f 426 418 424
f 510 554 509
f 431 426 424
f 558 432 423
f 429 418 426
f 433 425 296
f 425 433 511
f 374 336 369
f 375 336 398
f 479 478 437
f 479 437 393
f 2318 434 276
f 568 435 541
f 478 435 568
f 436 492 493
f 2314 436 389
f 438 437 383
f 376 438 383
f 394 438 445
f 443 439 441
f 442 441 340
f 456 399 454
f 340 372 442
f 441 440 443
f 308 482 481
f 455 442 486
f 443 440 444
f 440 452 454
f 132 397 443
f 341 443 397
f 454 444 440
f 132 444 480
f 398 445 375
f 401 446 399
f 448 303 207
f 400 486 449
f 448 207 450
f 400 447 448
f 447 449 482
f 450 207 483
f 450 484 485
f 452 2381 456
f 133 451 485
f 456 454 452
f 453 400 448
f 455 452 440
f 2381 452 486
f 485 451 453
f 400 453 2381
f 454 480 444
f 441 455 440
f 486 442 449
f 345 401 456
f 457 357 115
f 357 457 407
f 488 457 404
f 182 488 404
f 523 458 313
f 526 291 487
f 573 461 526
f 459 579 2307
f 581 576 577
f 291 461 352
f 98 408 490
f 462 260 464
f 408 98 462
f 408 463 490
f 457 488 358
f 458 489 313
f 408 466 467
f 462 464 466
f 466 465 529
f 462 466 408
f 408 467 463
f 262 468 220
f 316 468 361
f 469 365 2319
f 472 470 2319
f 531 365 469
f 469 2319 470
f 276 499 2318
f 477 131 498
f 472 542 470
f 471 492 498
f 544 493 494
f 472 471 542
f 501 430 473
f 502 545 501
f 156 534 536
f 474 422 517
f 524 528 525
f 425 474 354
f 461 573 559
f 136 476 414
f 559 2320 476
f 131 477 381
f 437 478 386
f 392 479 393
f 478 591 435
f 443 341 439
f 399 344 480
f 132 480 344
f 449 442 481
f 447 482 302
f 481 482 449
f 209 483 207
f 233 484 160
f 484 133 485
f 2381 486 400
f 455 486 452
f 2374 488 182
f 490 2374 98
f 292 487 291
f 347 402 562
f 287 487 292
f 576 526 487
f 358 488 490
f 467 313 463
f 523 528 524
f 406 407 489
f 463 489 358
f 490 463 358
f 529 465 491
f 530 512 513
f 557 525 529
f 469 532 531
f 531 532 533
f 498 492 477
f 492 471 494
f 472 495 494
f 493 492 494
f 472 494 471
f 495 157 543
f 493 362 389
f 497 389 362
f 389 436 493
f 362 564 496
f 389 497 390
f 496 363 497
f 363 390 497
f 542 498 541
f 541 2318 542
f 501 545 430
f 502 501 500
f 569 538 565
f 544 494 495
f 500 543 502
f 321 502 157
f 364 323 545
f 503 567 504
f 244 221 2383
f 505 504 567
f 433 504 511
f 503 504 301
f 507 508 506
f 422 425 511
f 505 506 511
f 549 510 508
f 549 507 550
f 418 429 509
f 515 594 522
f 522 429 558
f 511 504 505
f 511 506 422
f 359 512 530
f 513 512 474
f 514 513 475
f 513 516 530
f 514 515 571
f 555 516 514
f 594 510 522
f 491 530 516
f 514 516 513
f 513 517 475
f 506 517 422
f 517 508 475
f 2317 427 518
f 574 573 580
f 427 428 518
f 413 518 428
f 520 2317 2320
f 518 2320 2317
f 570 556 572
f 520 423 2317
f 520 519 423
f 519 521 423
f 429 432 558
f 571 555 514
f 521 558 423
f 558 515 522
f 556 521 519
f 521 571 558
f 559 574 2320
f 523 459 460
f 524 560 561
f 458 523 460
f 313 528 523
f 570 557 555
f 525 570 560
f 291 526 461
f 581 526 576
f 402 349 527
f 578 577 527
f 529 528 467
f 525 528 529
f 529 467 466
f 529 491 557
f 465 530 491
f 410 532 469
f 229 533 532
f 535 496 564
f 534 496 535
f 552 553 547
f 540 507 505
f 535 551 534
f 362 493 539
f 535 564 565
f 552 547 554
f 2321 536 551
f 534 551 536
f 409 537 221
f 536 2321 537
f 156 536 537
f 2321 2383 537
f 501 538 500
f 473 538 501
f 566 553 565
f 540 505 567
f 544 539 493
f 566 538 473
f 541 498 131
f 471 498 542
f 502 543 157
f 569 543 500
f 500 538 569
f 364 545 502
f 547 566 473
f 418 546 548
f 547 548 546
f 550 507 540
f 510 549 554
f 549 550 552
f 553 551 535
f 565 553 535
f 551 552 550
f 547 553 566
f 552 551 553
f 546 554 547
f 552 554 549
f 546 509 554
f 509 429 522
f 509 522 510
f 555 571 556
f 570 572 560
f 521 556 571
f 556 519 572
f 516 557 491
f 515 558 571
f 561 560 572
f 524 525 560
f 575 561 572
f 523 524 459
f 562 287 347
f 487 562 576
f 287 562 487
f 527 562 402
f 577 562 527
f 577 579 581
f 362 496 497
f 539 564 362
f 539 565 564
f 565 539 569
f 244 567 503
f 2383 567 244
f 537 2383 221
f 2321 540 2383
f 550 540 2321
f 2318 541 435
f 544 495 543
f 544 569 539
f 543 569 544
f 548 547 473
f 557 570 525
f 556 570 555
f 519 575 572
f 581 580 573
f 580 575 574
f 520 574 575
f 559 573 574
f 559 136 461
f 476 136 559
f 580 561 575
f 577 576 562
f 527 563 578
f 578 563 311
f 580 579 459
f 526 581 573
f 577 578 579
f 561 580 459
f 580 581 579
f 582 2306 119
f 585 112 78
f 124 584 114
f 127 584 124
f 583 584 585
f 149 586 172
f 588 587 585
f 584 588 585
f 589 588 127
f 91 589 90
f 588 589 586
f 593 590 158
f 328 590 223
f 225 434 591
f 592 591 2378
f 434 225 228
f 388 593 382
f 594 475 508
f 514 475 515
f 475 594 515
f 510 594 508
f 688 632 631
f 722 623 622
f 49 812 50
f 625 727 728
f 682 689 687
f 1109 669 699
f 240 816 53
f 786 785 772
f 638 2384 101
f 722 683 623
f 637 636 671
f 60 59 2325
f 686 628 2385
f 682 631 630
f 687 677 682
f 684 2385 627
f 736 169 698
f 674 649 648
f 2389 888 57
f 727 624 683
f 2325 59 887
f 59 58 887
f 56 2389 57
f 724 664 787
f 637 2384 638
f 874 878 731
f 744 641 640
f 61 850 852
f 726 727 683
f 62 955 849
f 685 671 636
f 673 667 699
f 676 663 645
f 68 67 855
f 672 700 673
f 1097 738 739
f 667 702 705
f 714 620 619
f 803 909 910
f 644 669 676
f 639 74 661
f 751 749 750
f 674 668 729
f 74 198 661
f 704 654 703
f 639 661 711
f 671 685 660
f 683 752 726
f 730 762 2385
f 642 673 643
f 629 686 689
f 681 680 633
f 668 647 663
f 674 647 668
f 645 663 646
f 644 676 645
f 795 688 677
f 676 729 668
f 730 2385 684
f 708 662 709
f 699 669 643
f 626 625 728
f 1109 1108 675
f 686 629 628
f 684 627 626
f 682 688 631
f 681 688 795
f 624 727 625
f 621 679 723
f 624 623 683
f 607 885 608
f 621 723 622
f 682 677 688
f 716 679 714
f 762 760 687
f 714 618 617
f 715 714 617
f 681 632 688
f 628 627 2385
f 714 619 618
f 682 630 689
f 757 835 795
f 729 676 669
f 723 679 716
f 677 760 757
f 674 729 675
f 620 679 621
f 728 684 626
f 701 702 700
f 658 809 659
f 673 642 672
f 47 638 101
f 733 891 954
f 806 808 805
f 637 671 2384
f 811 809 2283
f 707 655 704
f 632 681 633
f 660 697 671
f 672 642 641
f 674 675 650
f 652 1108 705
f 674 650 649
f 648 647 674
f 714 679 620
f 675 651 650
f 687 689 686
f 705 702 653
f 1091 1041 989
f 676 668 663
f 717 725 724
f 943 873 872
f 633 680 634
f 805 597 596
f 1108 651 675
f 878 925 930
f 744 745 708
f 598 960 952
f 960 987 800
f 644 643 669
f 891 845 847
f 685 636 635
f 665 837 743
f 629 689 630
f 635 634 680
f 911 804 909
f 737 657 656
f 72 815 73
f 1109 699 667
f 817 2386 1048
f 773 1105 774
f 660 693 698
f 697 660 698
f 698 693 736
f 139 101 48
f 2384 671 697
f 48 697 698
f 729 669 1109
f 667 705 1109
f 700 666 701
f 667 700 702
f 673 700 667
f 666 700 672
f 709 706 701
f 704 655 654
f 701 666 709
f 703 702 701
f 653 702 703
f 703 701 704
f 653 703 654
f 706 704 701
f 704 706 707
f 652 705 653
f 706 709 662
f 656 655 707
f 748 858 747
f 707 706 713
f 745 744 640
f 662 713 706
f 712 813 710
f 863 859 861
f 744 666 672
f 709 666 708
f 711 640 639
f 749 711 661
f 708 747 662
f 198 750 661
f 751 750 73
f 694 746 749
f 1092 735 1093
f 858 713 662
f 738 713 712
f 715 617 616
f 716 714 715
f 615 715 616
f 720 725 717
f 719 723 718
f 752 670 726
f 719 718 717
f 720 718 753
f 719 717 670
f 717 724 670
f 787 781 724
f 721 715 615
f 755 740 754
f 723 722 622
f 722 719 752
f 723 716 718
f 722 723 719
f 696 725 720
f 664 724 725
f 718 720 717
f 754 696 720
f 727 726 678
f 728 727 678
f 675 729 1109
f 681 834 680
f 680 834 665
f 684 728 869
f 840 605 838
f 1011 1010 973
f 55 890 300
f 601 847 602
f 854 805 808
f 1068 989 1090
f 804 64 63
f 1068 1065 1066
f 857 793 833
f 736 693 867
f 712 739 738
f 809 658 2285
f 738 707 713
f 739 712 710
f 707 738 737
f 739 710 997
f 739 997 1094
f 202 71 72
f 70 865 71
f 922 816 2310
f 695 968 923
f 610 609 819
f 880 886 606
f 753 716 715
f 743 742 660
f 693 660 742
f 743 660 685
f 867 693 823
f 665 743 2322
f 742 743 826
f 666 744 708
f 641 744 672
f 745 640 711
f 746 745 711
f 708 745 747
f 749 746 711
f 747 746 748
f 745 746 747
f 748 746 694
f 859 813 748
f 748 813 858
f 749 751 694
f 859 748 694
f 661 750 749
f 815 751 73
f 820 751 815
f 722 752 683
f 670 752 719
f 716 753 718
f 721 753 715
f 615 614 755
f 755 721 615
f 755 754 721
f 613 755 614
f 1047 740 817
f 696 754 740
f 728 678 869
f 757 795 677
f 756 761 760
f 766 759 761
f 759 757 761
f 765 768 758
f 836 757 759
f 769 770 772
f 776 758 769
f 759 765 758
f 769 758 768
f 776 836 758
f 677 687 760
f 762 687 686
f 760 761 757
f 763 821 756
f 756 760 762
f 730 763 762
f 756 762 763
f 822 764 767
f 767 766 822
f 783 765 766
f 759 766 765
f 783 766 767
f 774 768 783
f 774 1105 771
f 770 769 768
f 771 784 770
f 776 775 777
f 771 768 774
f 770 784 779
f 782 767 764
f 771 1107 784
f 770 768 771
f 785 769 772
f 825 775 790
f 777 825 824
f 785 790 775
f 777 775 825
f 782 773 767
f 773 774 783
f 775 776 769
f 793 857 790
f 824 825 823
f 776 777 871
f 837 665 796
f 779 792 786
f 779 2387 830
f 764 822 916
f 787 788 781
f 782 866 780
f 670 724 791
f 764 916 866
f 724 781 791
f 773 783 767
f 779 784 2387
f 785 775 769
f 1004 725 696
f 791 781 789
f 772 779 786
f 794 790 785
f 829 792 870
f 785 786 794
f 790 794 793
f 867 823 857
f 1049 2388 664
f 730 868 763
f 791 726 670
f 790 857 825
f 917 789 781
f 726 791 678
f 786 2324 794
f 792 830 870
f 830 831 870
f 52 51 832
f 794 2324 828
f 833 51 50
f 871 835 836
f 796 665 834
f 778 837 796
f 835 796 834
f 796 871 778
f 841 840 797
f 901 733 976
f 1111 877 884
f 932 887 888
f 941 829 870
f 901 845 891
f 848 847 903
f 270 983 955
f 61 333 850
f 962 800 987
f 990 803 910
f 856 802 855
f 805 807 806
f 807 2283 806
f 801 988 1066
f 853 854 801
f 807 805 596
f 596 1284 807
f 811 807 1284
f 810 2285 658
f 2283 809 735
f 1094 1097 739
f 809 2285 735
f 1071 2283 735
f 811 2283 807
f 1284 595 2284
f 811 1284 2284
f 657 810 658
f 809 811 659
f 857 833 812
f 736 812 49
f 707 737 656
f 737 1097 810
f 657 737 810
f 712 858 813
f 710 813 863
f 863 860 996
f 815 72 864
f 865 908 991
f 861 859 820
f 817 740 613
f 755 613 740
f 1489 612 2386
f 1003 1047 1048
f 819 966 1002
f 914 1002 966
f 912 609 608
f 915 819 1002
f 763 868 920
f 822 756 821
f 822 821 916
f 778 777 824
f 826 778 824
f 824 742 826
f 824 823 742
f 823 825 857
f 868 869 827
f 917 827 789
f 921 832 828
f 922 828 2324
f 792 829 2324
f 779 830 792
f 830 695 831
f 832 51 833
f 833 793 832
f 828 832 793
f 794 828 793
f 52 832 921
f 795 834 681
f 795 835 834
f 757 836 835
f 836 759 758
f 777 778 871
f 837 778 826
f 743 837 826
f 797 840 838
f 872 605 1443
f 1110 885 886
f 873 874 838
f 872 838 605
f 876 841 797
f 877 876 924
f 839 841 876
f 892 604 846
f 872 873 838
f 888 58 219
f 889 56 300
f 889 974 971
f 241 940 54
f 603 844 900
f 602 845 844
f 604 892 893
f 900 844 845
f 604 603 846
f 903 601 600
f 905 600 599
f 891 847 848
f 847 845 602
f 903 847 601
f 848 903 953
f 983 956 955
f 1130 849 1131
f 851 852 850
f 906 907 850
f 1112 984 851
f 852 851 983
f 853 801 987
f 854 853 597
f 855 802 2286
f 856 67 66
f 860 993 995
f 65 64 911
f 856 66 803
f 803 66 911
f 66 65 911
f 804 63 1130
f 812 833 50
f 857 812 867
f 713 858 712
f 747 858 662
f 820 859 694
f 861 862 992
f 862 864 865
f 862 861 820
f 863 861 860
f 815 862 820
f 862 865 992
f 860 995 996
f 859 863 813
f 997 710 996
f 1095 1094 814
f 865 864 71
f 815 864 862
f 908 70 69
f 992 865 991
f 915 612 611
f 2386 612 818
f 912 819 609
f 915 610 819
f 885 912 608
f 912 1114 966
f 818 612 915
f 917 918 920
f 780 2323 1132
f 764 866 782
f 780 866 2323
f 919 2323 866
f 736 867 812
f 742 823 693
f 869 868 730
f 868 827 920
f 869 730 684
f 827 678 789
f 869 678 827
f 835 871 796
f 776 871 836
f 943 894 873
f 894 943 896
f 874 873 875
f 838 874 797
f 874 731 924
f 875 873 894
f 924 731 877
f 797 874 924
f 874 875 878
f 884 970 1055
f 883 881 882
f 924 876 797
f 882 876 877
f 926 945 929
f 879 875 894
f 877 731 884
f 878 875 879
f 970 878 930
f 895 899 894
f 925 879 926
f 899 879 894
f 881 880 839
f 885 607 886
f 839 880 841
f 882 881 839
f 1110 881 883
f 882 839 876
f 883 1111 2329
f 1111 883 882
f 1161 1159 1172
f 884 1055 1111
f 607 606 886
f 881 886 880
f 888 887 58
f 798 887 932
f 2325 887 798
f 889 2389 56
f 890 889 300
f 937 55 54
f 241 53 940
f 937 54 843
f 829 816 922
f 843 54 940
f 891 733 901
f 897 900 901
f 929 925 926
f 895 894 896
f 896 892 846
f 893 943 872
f 893 892 943
f 976 978 944
f 898 897 944
f 895 897 898
f 897 896 846
f 895 896 897
f 846 900 897
f 898 978 979
f 898 951 895
f 951 899 895
f 603 900 846
f 901 900 845
f 901 976 944
f 1057 933 1056
f 951 898 979
f 926 946 945
f 946 902 945
f 905 903 600
f 599 952 905
f 952 800 904
f 598 952 599
f 905 953 903
f 953 905 904
f 982 906 2325
f 972 973 1010
f 1112 907 1014
f 986 957 958
f 956 957 959
f 987 961 853
f 801 962 987
f 805 854 597
f 988 854 808
f 1000 856 990
f 855 67 856
f 964 2286 802
f 865 70 908
f 855 2286 69
f 908 69 2286
f 996 710 863
f 911 909 803
f 999 990 910
f 804 911 64
f 959 1040 1131
f 912 913 1114
f 885 913 912
f 912 966 819
f 1046 967 1080
f 967 741 818
f 611 610 915
f 918 916 821
f 866 916 919
f 781 788 917
f 916 918 919
f 920 918 821
f 918 917 919
f 920 821 763
f 922 921 828
f 829 922 2324
f 941 816 829
f 968 695 1005
f 878 879 925
f 899 926 879
f 929 930 925
f 929 945 948
f 929 927 930
f 878 970 731
f 928 970 930
f 798 932 931
f 935 931 1006
f 935 934 931
f 2389 932 888
f 931 932 1006
f 1006 2389 971
f 935 1006 936
f 1119 1127 1118
f 935 933 1123
f 933 935 936
f 933 1057 1123
f 798 972 982
f 798 931 934
f 973 934 1122
f 1007 974 1008
f 938 937 799
f 938 799 939
f 937 938 890
f 1018 939 799
f 890 55 937
f 816 940 53
f 1051 941 831
f 891 848 954
f 892 896 943
f 898 944 978
f 901 944 897
f 949 945 902
f 899 946 926
f 979 902 946
f 1024 902 981
f 929 948 927
f 980 981 979
f 950 945 949
f 948 945 1023
f 947 950 949
f 1023 945 950
f 979 946 951
f 946 899 951
f 800 952 960
f 905 952 904
f 1062 986 1059
f 1026 953 904
f 954 848 1028
f 733 942 976
f 953 1028 848
f 906 982 842
f 907 906 842
f 906 850 333
f 1112 850 907
f 1112 851 850
f 956 851 984
f 955 959 849
f 959 955 956
f 956 984 957
f 959 957 1040
f 957 984 958
f 1031 1100 1038
f 1040 957 986
f 961 960 598
f 960 961 987
f 963 802 1000
f 1000 802 856
f 965 963 1000
f 802 963 964
f 1042 994 995
f 1040 734 1085
f 967 1002 914
f 914 1081 1080
f 741 967 1046
f 695 923 831
f 843 799 937
f 1018 799 969
f 927 690 1053
f 928 930 927
f 1126 1053 690
f 970 928 1055
f 731 970 884
f 57 888 219
f 936 1006 971
f 973 972 934
f 1011 973 1128
f 889 971 2389
f 1007 971 974
f 890 974 889
f 938 974 890
f 1008 938 939
f 1008 1115 732
f 976 942 977
f 1060 733 954
f 1059 985 1017
f 980 977 1016
f 977 978 976
f 1116 950 1009
f 927 948 690
f 1127 948 1023
f 947 949 1024
f 979 978 980
f 978 977 980
f 1058 980 1016
f 902 979 981
f 800 1025 904
f 1027 1026 1030
f 1031 1029 1100
f 982 2325 798
f 982 972 842
f 852 983 270
f 983 851 956
f 1015 984 1112
f 962 801 1066
f 989 988 808
f 854 988 801
f 808 1091 989
f 1095 1096 692
f 1063 1065 691
f 803 990 856
f 2286 991 908
f 993 992 991
f 992 993 860
f 1044 1042 1043
f 1074 1075 1073
f 1042 993 991
f 2287 814 997
f 861 992 860
f 2287 997 996
f 995 994 2287
f 994 1074 1076
f 1072 1041 692
f 1087 1084 1086
f 1001 999 1045
f 1001 1000 990
f 1069 691 1065
f 915 1002 818
f 1004 1003 1050
f 1003 1004 696
f 696 740 1047
f 1004 1050 1049
f 725 1004 664
f 1102 2326 1133
f 2386 741 1048
f 1002 967 818
f 1147 968 1005
f 1022 923 968
f 831 923 969
f 940 1051 843
f 799 843 969
f 1051 969 843
f 1129 1127 1119
f 1106 1140 1147
f 1007 936 971
f 974 938 1008
f 1115 1008 939
f 732 1007 1008
f 1123 934 935
f 950 1116 1023
f 1061 1128 947
f 1012 1014 907
f 1011 1128 1061
f 1012 1010 1011
f 907 842 1012
f 972 1010 842
f 1012 842 1010
f 1014 1012 2327
f 1011 1061 2327
f 2327 1083 1013
f 1013 985 1015
f 1015 1014 1013
f 1015 985 1059
f 1015 958 984
f 1016 977 1070
f 1070 977 942
f 1017 1016 1070
f 1017 985 1058
f 1115 939 975
f 1018 969 923
f 975 939 1018
f 1150 1022 1143
f 1142 1149 1143
f 1115 1021 1121
f 1020 1018 923
f 975 1019 1021
f 1019 975 1020
f 1020 975 1018
f 1151 1153 1125
f 923 1022 1020
f 690 948 1127
f 1061 1024 1083
f 1014 2327 1013
f 902 1024 949
f 1024 981 1083
f 800 962 1025
f 1026 904 1025
f 1028 1026 1027
f 1026 1025 1032
f 1027 1030 1035
f 1031 1027 1035
f 1028 1027 1039
f 1026 1028 953
f 1045 1063 691
f 1045 1037 1063
f 1035 1029 1031
f 734 986 1062
f 1030 1026 1032
f 1064 1032 1025
f 1036 1030 1032
f 1029 1035 1033
f 1034 1036 1037
f 999 910 1087
f 1033 1035 1034
f 1035 1030 1034
f 1037 1036 1063
f 1100 1070 1038
f 1027 1031 1039
f 1038 1039 1031
f 986 734 1040
f 1033 734 1062
f 1059 986 958
f 1071 1091 806
f 1064 1025 962
f 1043 991 2286
f 1044 1043 964
f 991 1043 1042
f 1000 1001 965
f 999 1001 990
f 1080 967 914
f 1050 1046 1082
f 1048 1047 817
f 1047 1003 696
f 817 1427 2386
f 1046 1048 741
f 787 664 2388
f 1004 1049 664
f 1102 1050 1082
f 1050 1003 1046
f 1048 1046 1003
f 816 941 940
f 969 1051 831
f 690 1127 1129
f 928 1053 1054
f 1126 1052 1053
f 1053 1052 1054
f 1166 1055 1168
f 927 1053 928
f 928 1054 1055
f 1007 732 1056
f 936 1056 933
f 1118 1116 1117
f 1057 1056 1120
f 1057 1117 1123
f 950 947 1009
f 981 980 1058
f 985 1013 1058
f 1017 1058 1016
f 1015 1059 958
f 1060 942 733
f 1039 1060 954
f 1028 1039 954
f 1024 1061 947
f 1011 2327 1012
f 2327 1061 1083
f 1100 1062 1059
f 1062 1100 1029
f 1063 1064 1065
f 1032 1064 1036
f 1066 1064 962
f 988 1068 1066
f 1069 1065 1068
f 1064 1066 1065
f 1041 1072 1090
f 989 1068 988
f 1067 1069 1068
f 994 1042 1074
f 1077 1069 1067
f 1069 1077 691
f 1017 1070 1100
f 942 1038 1070
f 1071 735 1092
f 1090 1067 1068
f 993 1042 995
f 963 1044 964
f 1042 1044 1074
f 1075 1074 1044
f 1067 1079 1073
f 1075 1044 963
f 1074 1073 1076
f 963 965 1075
f 1001 1045 691
f 1076 1073 1079
f 994 1076 2287
f 1078 1075 965
f 1001 1078 965
f 1079 1072 998
f 1077 1078 691
f 1001 691 1078
f 1046 1080 1082
f 1102 1099 2388
f 2326 1082 1080
f 741 2386 818
f 981 1058 1083
f 1083 1058 1013
f 1017 1100 1059
f 1029 1033 1062
f 1033 1089 734
f 1089 1085 734
f 1085 1086 1084
f 909 1088 910
f 1086 1085 1089
f 1085 1084 1131
f 1045 999 1087
f 1087 910 1088
f 1087 1086 1037
f 1088 909 804
f 1087 1088 1084
f 1034 1089 1033
f 1041 1090 989
f 1079 1090 1072
f 1067 1090 1079
f 806 1091 808
f 692 1091 1071
f 1093 735 2285
f 1096 1095 814
f 1097 1094 1093
f 1093 1094 1095
f 814 1094 997
f 1097 1093 810
f 692 1092 1095
f 1095 1092 1093
f 1096 998 1072
f 738 1097 737
f 1091 692 1041
f 1092 692 1071
f 1096 1072 692
f 1105 773 2390
f 788 1099 2323
f 1133 2328 1132
f 1089 1034 1086
f 1037 1086 1034
f 1087 1037 1045
f 1133 2326 2328
f 1049 1050 1102
f 1099 1102 1133
f 1107 1005 784
f 1104 782 780
f 773 782 1104
f 1156 1146 1103
f 1081 1170 1101
f 1104 780 1103
f 773 1104 2390
f 1134 1156 1103
f 1105 1107 771
f 1107 1105 1106
f 1140 1106 1141
f 1147 1005 1107
f 1147 1107 1106
f 651 1108 652
f 705 1108 1109
f 820 694 751
f 885 1110 913
f 881 1110 886
f 877 1111 882
f 1166 1111 1055
f 1112 1014 1015
f 1164 1170 1171
f 1114 1113 914
f 914 1113 1081
f 883 1162 1110
f 1160 1161 1162
f 1114 913 1172
f 920 827 917
f 1021 1115 975
f 1116 1009 1117
f 1116 1127 1023
f 1122 1117 1009
f 1117 1057 1118
f 1127 1116 1118
f 1118 1120 1119
f 1120 732 1121
f 1128 1009 947
f 1123 1122 934
f 1117 1122 1123
f 1115 1121 732
f 1152 1125 1021
f 1021 1125 1121
f 1153 1124 1125
f 1120 1121 1124
f 1129 1126 690
f 1153 1126 1124
f 1057 1120 1118
f 1124 1119 1120
f 1122 1128 973
f 1009 1128 1122
f 1124 1129 1119
f 1126 1129 1124
f 1131 1088 1130
f 849 959 1131
f 1130 1088 804
f 1084 1088 1131
f 62 849 63
f 1131 1040 1085
f 1101 1098 2328
f 1099 1133 1132
f 1134 2328 1098
f 1103 780 1132
f 1132 2328 1134
f 1159 1171 1172
f 1153 1154 1155
f 1132 1134 1103
f 1138 1136 1164
f 1081 1101 2326
f 1101 1170 1136
f 1152 1151 1125
f 1101 1136 1098
f 1164 1136 1170
f 1139 1156 1098
f 1163 1138 1164
f 1139 1138 1137
f 1135 1144 1137
f 1139 1137 1144
f 1142 1144 1135
f 1147 1140 1143
f 1140 1142 1143
f 1104 1103 1146
f 1141 1146 1145
f 1106 2390 1141
f 1143 1149 1150
f 1145 1144 1142
f 1156 1144 1145
f 2390 1104 1146
f 1145 1146 1156
f 2390 1146 1141
f 1143 1022 1147
f 968 1147 1022
f 1152 1019 1150
f 1148 1142 1135
f 1142 1148 1149
f 1135 1158 1154
f 1151 1149 1148
f 1150 1019 1020
f 1137 1167 1158
f 1052 1157 1168
f 1151 1152 1149
f 1019 1152 1021
f 1022 1150 1020
f 1152 1150 1149
f 1154 1153 1151
f 1154 1151 1148
f 1135 1154 1148
f 1144 1156 1139
f 1157 1052 1155
f 1158 1157 1155
f 1138 1163 1167
f 1155 1154 1158
f 1137 1158 1135
f 1167 1157 1158
f 1161 1172 913
f 1162 2329 1160
f 1163 1159 1160
f 1162 1161 913
f 1159 1161 1160
f 1110 1162 913
f 1165 1160 2329
f 1163 1165 1169
f 1159 1163 1164
f 2329 1166 1165
f 1163 1169 1167
f 1166 1168 1169
f 1111 1166 2329
f 1168 1055 1054
f 1166 1169 1165
f 1138 1167 1137
f 1052 1168 1054
f 1157 1169 1168
f 1167 1169 1157
f 1113 1170 1081
f 1171 1170 1113
f 1172 1171 1113
f 1171 1159 1164
f 1114 1172 1113
f 1145 1140 1141
f 1142 1140 1145
f 616 617 618
f 1311 1234 1272
f 1269 1219 1220
f 616 618 619
f 619 1276 616
f 1345 616 1276
f 1276 619 1173
f 1271 1269 1263
f 1271 1218 1219
f 1348 1312 1350
f 1236 1258 2292
f 647 648 1244
f 1353 1179 1180
f 2331 1258 1266
f 1488 611 612
f 1269 1240 2288
f 2330 1310 1234
f 1267 1261 1250
f 2338 1186 1187
f 1286 1253 1259
f 1247 1224 1225
f 607 608 1433
f 613 614 1486
f 1274 1275 1336
f 1239 1238 1251
f 1507 1357 1394
f 1310 2288 1255
f 1243 647 1244
f 1217 1285 1216
f 872 1443 1445
f 1234 1311 2330
f 1736 1515 1510
f 1237 1261 1260
f 1446 841 880
f 1255 2288 1259
f 1235 1231 1232
f 1397 601 602
f 1323 596 597
f 598 1366 961
f 1325 1297 1378
f 601 1397 1398
f 1334 1306 1213
f 2292 1228 1229
f 1247 1253 1246
f 1226 1227 1242
f 1327 1295 1328
f 1247 1246 1224
f 1339 1343 1340
f 1326 596 1323
f 1232 2291 2290
f 1293 1332 1233
f 1245 1243 1238
f 1226 1242 1254
f 1223 1224 1246
f 1239 1246 1253
f 2292 1258 1241
f 1229 1230 2289
f 1230 1231 1249
f 1240 1248 1286
f 1202 1920 1438
f 1188 1362 1361
f 1241 2331 1267
f 1188 1189 1362
f 1262 1264 1305
f 1265 1261 1267
f 1342 1479 1341
f 1282 1283 1191
f 1395 1204 1205
f 1249 1257 2289
f 1255 1256 1237
f 1245 1248 1221
f 1258 2331 1241
f 1437 1392 1436
f 1437 1498 1392
f 1242 1250 1261
f 1192 1282 1191
f 1238 1244 1251
f 1237 1242 1261
f 1246 1251 1223
f 1247 1256 1253
f 1503 1549 1201
f 1259 1256 1255
f 1550 1201 1549
f 1244 1222 1251
f 1495 1199 1200
f 1236 2292 2289
f 1198 1199 1496
f 1260 1234 1310
f 1260 1255 1237
f 1218 1271 1217
f 1272 1260 1261
f 1263 2330 1309
f 1242 1227 1250
f 1221 1248 1220
f 1238 1243 1244
f 1256 1247 1254
f 1260 1310 1255
f 1287 1257 1249
f 648 1222 1244
f 1237 1256 1254
f 1243 1252 663
f 663 1252 646
f 2289 1257 1236
f 1245 1252 1243
f 1228 1250 1227
f 1243 663 647
f 1221 646 1252
f 1268 1258 1236
f 1415 1209 1210
f 1251 1246 1239
f 1221 1252 1245
f 1381 1382 1343
f 1241 1250 1228
f 1272 1234 1260
f 1222 1223 1251
f 1225 1226 1254
f 1300 1333 1214
f 1212 1306 1308
f 1286 1245 1238
f 1286 1239 1253
f 1308 1306 1307
f 1241 1228 2292
f 1242 1237 1254
f 1256 1259 1253
f 1286 1259 1240
f 2288 1240 1259
f 1272 1261 1265
f 1274 1265 1273
f 1258 1268 1266
f 1265 2331 1273
f 1262 1304 1264
f 1273 2331 1266
f 1241 1267 1250
f 1257 1291 1236
f 1266 1268 1264
f 1271 1263 1309
f 1309 1217 1271
f 1248 1240 1220
f 1270 1273 1304
f 1269 1271 1219
f 1274 1272 1265
f 1311 1272 1336
f 1274 1273 1270
f 1264 1304 1266
f 1275 1274 1270
f 1274 1336 1272
f 1301 1303 1299
f 1270 1301 1299
f 1275 2391 1336
f 1175 1176 1350
f 614 615 1344
f 1277 1276 1173
f 1173 1174 1277
f 1312 1174 1175
f 1177 1349 1350
f 1312 1277 1174
f 1277 1312 1314
f 1183 1184 1360
f 1199 1495 1496
f 1445 893 872
f 1282 1281 1283
f 1282 1193 1281
f 1283 1281 1406
f 1190 1191 1283
f 600 601 1398
f 1484 1614 2393
f 1233 1330 1293
f 1288 1294 1292
f 1217 1309 1285
f 1215 1216 1285
f 1239 1286 1238
f 1235 1287 1231
f 1288 1287 1235
f 2291 1377 2290
f 1268 1289 1264
f 1293 1330 1290
f 1236 1291 1289
f 1288 1292 1287
f 1290 1291 1257
f 1331 1291 1290
f 1290 1292 1293
f 1296 1332 1293
f 1296 1292 1294
f 1292 1296 1293
f 1288 2293 1295
f 1288 1295 1294
f 1328 1295 2293
f 1327 1323 1368
f 1297 1296 1294
f 1378 1295 1327
f 1297 1325 2333
f 1297 1332 1296
f 1303 1301 1302
f 1275 1270 1299
f 1300 2391 1298
f 1298 2391 1275
f 1299 1298 1275
f 1214 1894 1335
f 1301 1304 1262
f 1302 1301 1262
f 1303 1302 1307
f 1299 1303 1298
f 1306 1334 1303
f 1333 1334 1213
f 1270 1304 1301
f 1304 1273 1266
f 1478 1479 1480
f 1308 1343 1382
f 1306 1303 1307
f 1213 1306 1212
f 1340 1341 1479
f 1302 1341 1340
f 1382 1212 1308
f 2288 1310 1263
f 1311 1336 2334
f 1312 1348 1314
f 1344 1346 614
f 1350 1312 1175
f 1314 1345 1277
f 1348 1349 1429
f 1348 1384 1314
f 1432 1384 1431
f 609 610 1387
f 1584 1278 1533
f 1517 1446 1447
f 1516 1433 1388
f 1396 1206 1207
f 1365 1189 1190
f 2338 1187 1361
f 1408 1405 1406
f 1407 1408 1406
f 1365 1283 1406
f 1365 1405 1362
f 1210 1734 1415
f 1474 1484 2393
f 1419 1483 1477
f 1555 1395 1556
f 1368 597 853
f 1369 853 961
f 1370 1368 1369
f 1378 1297 1294
f 1325 1324 1371
f 1371 1324 1376
f 1326 1328 2293
f 596 1326 1377
f 1368 1323 597
f 1368 1370 1327
f 1324 1325 1378
f 1328 1323 1327
f 1323 1328 1326
f 1377 2293 2290
f 1379 1330 1233
f 1291 1331 1289
f 1342 1305 1423
f 1290 1330 1331
f 1379 1331 1330
f 1335 1300 1214
f 1333 1300 1334
f 1300 1298 1334
f 1303 1334 1298
f 1329 1335 1894
f 1300 1335 2391
f 1329 1337 1335
f 2391 1337 1336
f 1338 2334 2392
f 1285 1309 1338
f 1340 1308 1307
f 1305 1342 1341
f 1262 1305 1341
f 1302 1340 1307
f 1375 1423 1233
f 1375 1233 1417
f 1262 1341 1302
f 1426 1381 1343
f 1379 1423 1305
f 1308 1340 1343
f 1345 1344 615
f 616 1345 615
f 1277 1345 1276
f 1346 1352 1486
f 1313 1545 1617
f 1493 1494 1591
f 1431 1429 1383
f 1384 1348 1429
f 1351 1177 1178
f 1429 1349 1347
f 1177 1350 1176
f 1348 1350 1349
f 1349 1177 1351
f 1434 1178 1179
f 1349 1351 1347
f 1314 1385 1344
f 1345 1314 1344
f 1384 1385 1314
f 1344 1385 1346
f 1386 1352 1432
f 1388 1547 1661
f 1387 1548 609
f 1430 1347 1390
f 1694 1709 1708
f 1444 1394 1443
f 1455 1456 1459
f 1407 1409 1280
f 1359 1195 1196
f 1197 1463 1976
f 1389 1466 1467
f 1362 1189 1365
f 1187 1188 1361
f 1322 1364 1321
f 1364 1194 1321
f 1321 1194 1363
f 1364 1322 1193
f 1281 1322 1406
f 1281 1193 1322
f 1283 1365 1190
f 1406 1322 1407
f 598 599 1460
f 1327 1370 1324
f 1734 1210 1211
f 1482 1543 1415
f 1369 1368 853
f 961 1366 1369
f 1370 1366 1324
f 1371 1373 1475
f 1373 1520 1457
f 1417 1233 1332
f 1520 1371 1376
f 1418 1417 2333
f 1417 1374 1375
f 1332 1297 2333
f 1417 1418 1374
f 1478 1339 1479
f 1480 1423 1375
f 1476 1375 1374
f 1472 1366 1460
f 596 1377 1284
f 2293 1377 1326
f 1295 1378 1294
f 1324 1378 1327
f 2392 1329 1215
f 1289 1379 1264
f 1331 1379 1289
f 1338 2330 1311
f 1309 2330 1338
f 1380 1426 1421
f 1426 1343 1339
f 1381 1426 1425
f 1427 1486 1487
f 1489 1487 1428
f 1430 1429 1347
f 1385 1384 1432
f 1547 1591 1546
f 1389 1180 1181
f 1466 1182 1403
f 1434 1353 1390
f 1351 1178 1434
f 1389 1353 1180
f 1523 1353 1389
f 1429 1430 1383
f 1351 1434 1347
f 1347 1434 1390
f 2394 1390 1353
f 1503 1202 1438
f 1550 1391 1495
f 1197 1198 1497
f 1392 1498 1499
f 1442 1393 1439
f 1447 880 606
f 1507 1508 1506
f 1204 1395 1554
f 1208 1367 1413
f 1597 1557 1442
f 1393 1440 1439
f 1556 1395 1396
f 1204 1554 1441
f 1448 602 844
f 1449 844 603
f 2341 1320 1458
f 1448 1397 602
f 1458 1397 2341
f 1449 1450 1448
f 1194 1400 1363
f 1196 1463 1464
f 1401 1195 2336
f 1522 1359 1464
f 1465 1184 1185
f 1404 1185 1186
f 1403 1527 1467
f 1182 1466 1181
f 1465 1360 1184
f 1182 1183 1403
f 2337 2338 1361
f 1404 1402 1465
f 1280 1411 1586
f 1186 2338 1404
f 1525 1402 1404
f 1362 1405 1524
f 1406 1405 1365
f 1407 1322 1321
f 1409 1407 1321
f 1407 1280 1408
f 1409 1321 1363
f 1470 1408 1280
f 1405 1408 1524
f 1363 1410 1409
f 1400 1401 1410
f 1411 1280 1409
f 1542 1413 1367
f 1414 1416 1412
f 1206 1396 1205
f 1543 1416 1414
f 1543 1414 1415
f 1209 1415 1414
f 1543 1484 1474
f 1367 1208 1412
f 1207 1208 1413
f 1324 1366 1472
f 1369 1366 1370
f 1376 1324 1472
f 2333 1417 1332
f 1475 1325 1371
f 2333 1475 1418
f 1566 1418 1475
f 1374 1418 1372
f 1419 1374 1372
f 1374 1419 1477
f 1566 1372 1418
f 1374 1477 1476
f 1375 1476 1480
f 1479 1339 1340
f 1478 1480 1476
f 1477 1483 1422
f 1478 1421 1339
f 1421 1420 1735
f 1421 1735 1380
f 1422 1735 1420
f 1420 1476 1477
f 1735 1422 1482
f 1233 1423 1379
f 1426 1339 1421
f 1425 1426 1380
f 1489 1427 1487
f 613 1486 1427
f 1487 1352 1386
f 1486 1352 1487
f 1383 1545 1431
f 1490 1530 1491
f 1432 1431 1313
f 1384 1429 1431
f 1432 1313 1616
f 1385 1432 1352
f 1493 1387 610
f 1548 1433 608
f 1466 1389 1181
f 1353 1434 1179
f 1490 2394 1530
f 1467 1527 1583
f 1435 1523 1583
f 2394 1353 1523
f 1389 1467 1523
f 1523 1435 2394
f 1436 1438 1437
f 1438 1920 1437
f 1498 1437 1440
f 1438 1436 1503
f 1439 1440 1203
f 1441 1442 1439
f 1498 1440 1393
f 1442 1441 1554
f 1505 1355 1498
f 1597 1442 1554
f 1393 1442 1557
f 1444 1443 605
f 1445 1443 1394
f 840 841 2335
f 893 1445 1560
f 1447 1446 880
f 606 607 1518
f 1358 1446 1517
f 1395 1205 1396
f 1207 1413 1396
f 1413 1542 1473
f 1449 1448 844
f 1399 1449 603
f 1449 1399 1450
f 603 604 1399
f 1399 1451 1450
f 1519 1565 1452
f 1399 1561 1451
f 1452 1565 2341
f 1450 1451 1452
f 2341 1565 1320
f 1448 2341 1397
f 1452 2341 1450
f 1448 1450 2341
f 1453 1320 1454
f 1398 1458 1459
f 1458 1398 1397
f 1453 1424 1455
f 1458 1320 1453
f 1454 1737 1424
f 1453 1454 1424
f 1472 1471 1376
f 1471 1456 1455
f 1453 1455 1459
f 1424 1457 1455
f 2342 1456 1460
f 1398 1459 2342
f 1521 1566 1373
f 1459 1458 1453
f 2342 1459 1456
f 599 2342 1460
f 1460 1471 1472
f 598 1460 1366
f 1398 2342 600
f 1461 1462 1410
f 1401 1461 1410
f 1463 1196 1976
f 1359 1196 1464
f 1497 1198 1496
f 1497 1553 1463
f 1552 1551 1594
f 1553 1464 1463
f 1522 1464 1571
f 1404 1465 1185
f 1360 1465 1402
f 1467 1466 1403
f 1583 1523 1467
f 1470 1524 1408
f 1280 1586 1470
f 1470 2337 1524
f 1538 1536 1469
f 1576 1534 1462
f 1410 1462 1409
f 1586 1534 1538
f 1586 1538 1469
f 1541 1470 1469
f 1456 1471 1460
f 2393 1614 1649
f 1396 1413 1473
f 1555 1556 1647
f 1556 1396 1473
f 1412 1416 1367
f 1416 1474 1367
f 1566 1475 1373
f 1325 1475 2333
f 1566 1569 1372
f 1636 1737 1634
f 1420 1477 1422
f 1476 1420 1478
f 1421 1478 1420
f 1480 1479 1342
f 1423 1480 1342
f 1482 1481 1543
f 1481 1482 1422
f 1484 1485 1614
f 1484 1481 1485
f 1483 1485 1481
f 1385 1352 1346
f 1650 1487 1386
f 1489 1488 612
f 1654 1488 1428
f 1428 1488 1489
f 1490 1430 1390
f 2394 1490 1390
f 1491 1492 1490
f 1491 2344 1492
f 1545 1313 1431
f 1591 1494 1652
f 611 1493 610
f 611 1494 1493
f 609 1548 608
f 1550 1495 1200
f 1201 1550 1200
f 1496 1495 1391
f 1197 1497 1463
f 1552 1497 1496
f 1553 1497 1552
f 1393 1557 1505
f 1498 1355 1499
f 1501 1621 1354
f 1392 1499 1502
f 1502 1499 1500
f 1436 1392 1501
f 1316 1502 2343
f 1392 1502 1501
f 1686 1684 1316
f 1920 1203 1440
f 1437 1920 1440
f 1503 1354 1549
f 1501 1354 1436
f 1354 1503 1436
f 1555 1597 1554
f 1732 1597 1555
f 1558 1504 1557
f 1393 1505 1498
f 1733 1355 1505
f 605 840 1444
f 1507 1394 1508
f 1509 1507 1506
f 1559 2335 1446
f 1508 1559 1506
f 1506 1559 1723
f 1508 1444 2335
f 1723 1559 1358
f 1509 1357 1507
f 1515 1451 1511
f 1445 1513 1560
f 1317 1514 1512
f 1510 1357 1512
f 1513 1510 1511
f 1317 1512 1509
f 1509 1512 1357
f 1512 1736 1510
f 1736 1512 1514
f 1562 1514 1710
f 1563 1515 1736
f 1451 1515 1563
f 1515 1511 1510
f 1447 1516 1517
f 1388 1661 1672
f 1516 1447 1518
f 1516 2355 1517
f 606 1518 1447
f 607 1433 1518
f 1637 1598 1625
f 1710 1712 1562
f 1519 1452 1563
f 1519 1598 1565
f 1471 1520 1376
f 1457 1520 1455
f 1455 1520 1471
f 1372 1569 1567
f 1359 1522 1573
f 1576 1462 2339
f 1461 1401 2336
f 1571 1572 1522
f 1524 2337 1361
f 1362 1524 1361
f 1539 1525 1536
f 1402 1525 1526
f 1527 2395 1609
f 1609 2395 1526
f 1491 1530 1531
f 1589 1610 1609
f 2344 1531 1533
f 1530 1529 1531
f 1531 1529 1532
f 1491 1531 2344
f 1609 1612 1528
f 1584 1533 1532
f 1608 1533 1278
f 2339 1577 1576
f 1534 1576 1468
f 1534 1468 1538
f 1462 1534 1411
f 1468 1537 1538
f 1536 1525 1541
f 1470 1586 1469
f 1534 1586 1411
f 1468 1576 1575
f 1540 1589 1535
f 1469 1536 1541
f 1539 1536 1535
f 1535 1536 1538
f 1535 1538 1537
f 1539 1535 1589
f 1525 1539 1526
f 1535 1537 1540
f 1528 1612 1613
f 1581 1579 1582
f 1470 1541 2337
f 1474 1542 1367
f 1484 1543 1481
f 1568 1614 1485
f 1649 1614 1615
f 1492 1383 1430
f 1383 1492 1545
f 1585 1492 2344
f 1651 1643 1669
f 1494 1488 1654
f 1545 1492 1585
f 1490 1492 1430
f 1388 1433 1548
f 1494 611 1488
f 1547 1548 1387
f 1591 1547 1387
f 1547 1620 1661
f 1354 1621 2347
f 2347 1550 1549
f 1391 1550 2347
f 1551 1496 1391
f 1391 1622 1551
f 1594 1596 1571
f 1551 1552 1496
f 1553 1571 1464
f 1555 1554 1395
f 1505 1557 1504
f 1648 2350 1319
f 1559 1508 2335
f 1394 1444 1508
f 1358 1559 1446
f 1445 1394 1513
f 1357 1513 1394
f 1560 1513 1511
f 1357 1510 1513
f 1511 1561 1560
f 1399 604 1561
f 1560 604 893
f 1451 1561 1511
f 1672 1516 1388
f 1516 1518 1433
f 1451 1563 1452
f 1598 1564 1624
f 1563 1564 1519
f 1565 1637 1320
f 1637 1565 1598
f 1569 1566 1521
f 1520 1373 1371
f 1521 1373 1457
f 1737 1631 1632
f 1419 1567 1483
f 1567 1569 1570
f 1568 1570 1544
f 1567 1570 1485
f 1634 1570 1569
f 1594 1571 1552
f 1572 1571 1596
f 1572 1578 1599
f 1599 1573 1522
f 1461 1573 2339
f 2339 1599 1577
f 1468 1575 1537
f 1579 1574 1578
f 1575 1576 1574
f 1573 1599 2339
f 1574 1576 1577
f 1574 1577 1578
f 1356 1675 1677
f 1574 1581 1575
f 1574 1579 1581
f 1578 1572 1600
f 1579 1578 1600
f 1676 1689 1679
f 1601 2345 1540
f 1640 1641 1679
f 1537 1575 1601
f 1527 1403 2395
f 1527 1528 1583
f 1435 1583 1528
f 1584 1532 1588
f 1532 1587 1588
f 1643 1608 1278
f 2397 1585 1608
f 1585 1617 1545
f 2344 1608 1585
f 1532 1533 1531
f 1608 2344 1533
f 1610 1589 1540
f 1609 1610 1612
f 1584 1588 2346
f 1587 1532 1529
f 1612 1610 1611
f 1611 1588 1587
f 1526 1589 1609
f 1539 1589 1526
f 1647 1556 1473
f 1615 1568 1544
f 1493 1591 1387
f 1546 1591 1652
f 1619 1546 1315
f 1653 1315 1652
f 1546 1619 1620
f 1546 1620 1547
f 1388 1548 1547
f 1354 2347 1549
f 1551 1595 1594
f 1600 1596 1356
f 1596 1595 1356
f 1595 1596 1594
f 1557 1597 1558
f 604 1560 1561
f 1562 1624 1564
f 1564 1598 1519
f 1625 1598 1624
f 1569 1521 1634
f 1572 1599 1522
f 1577 1599 1578
f 1596 1600 1572
f 1581 1601 1575
f 1607 1638 1639
f 1582 1639 1638
f 1607 1580 1605
f 1278 1584 1603
f 1619 1671 1657
f 1643 1603 1602
f 1602 1669 1643
f 1606 2346 1604
f 1580 1639 1640
f 1604 2400 1606
f 1605 1604 2346
f 1611 1645 1588
f 1605 1580 1664
f 2399 1657 1671
f 1645 1605 2346
f 1527 1609 1528
f 1610 1540 2345
f 1612 1587 1613
f 1610 2345 1611
f 2345 1638 1644
f 1435 1613 1529
f 1648 1647 1646
f 1615 1614 1568
f 1627 1615 1544
f 1649 1615 1633
f 1432 1616 1386
f 1617 1616 1313
f 1590 1617 2397
f 1616 1617 1590
f 1652 1315 1546
f 1655 1671 1619
f 1656 1620 1619
f 1656 1672 1661
f 1622 1391 2347
f 1595 1551 1673
f 1662 1622 2347
f 1673 1551 1622
f 1673 1622 1662
f 1658 1680 1699
f 1356 1595 1674
f 1562 1626 1624
f 1624 1626 1663
f 1625 1631 1637
f 2348 1627 1632
f 1716 1712 1710
f 1663 1626 1718
f 1627 1544 1632
f 1627 2348 1629
f 1663 2349 1628
f 1635 1633 1629
f 2348 1628 1629
f 1628 1625 1663
f 1712 1715 1718
f 1648 1319 1647
f 1630 1629 2349
f 1635 1629 1630
f 1737 1454 1631
f 1632 1631 2348
f 1634 1632 1544
f 1615 1627 1633
f 1629 1633 1627
f 1634 1544 1570
f 1646 2396 1648
f 1635 1648 2396
f 1521 1636 1634
f 1637 1454 1320
f 1454 1637 1631
f 1607 1639 1580
f 1681 1666 1668
f 1640 1664 1580
f 1641 1639 1582
f 1665 1664 1666
f 1579 1600 1677
f 1678 1582 1579
f 1641 1640 1639
f 1641 1676 1679
f 1356 1674 1675
f 1595 1673 1674
f 1659 1603 1606
f 1603 1643 1278
f 1604 1605 1664
f 1644 1638 1607
f 1585 2397 1617
f 1612 1611 1587
f 1645 1611 1644
f 1644 1607 1645
f 1605 1645 1607
f 2346 1588 1645
f 1529 1613 1587
f 1646 1647 1473
f 1647 1319 1555
f 1630 1714 2350
f 1649 2396 2393
f 1635 1649 1633
f 1650 1654 1428
f 1654 1618 1652
f 1487 1650 1428
f 1651 1618 1590
f 1618 1654 1650
f 1643 2397 1608
f 1651 1669 1653
f 1650 1590 1618
f 1654 1652 1494
f 1653 1652 1618
f 1651 1653 1618
f 1655 1619 1315
f 1655 1315 1653
f 1669 1655 1653
f 1619 1657 1656
f 1657 1658 1593
f 1658 1657 1592
f 1660 1592 2399
f 1657 1593 1656
f 1593 1658 1670
f 1659 1671 1602
f 1659 1602 1603
f 1660 2399 2400
f 1656 1661 1620
f 1672 1656 1593
f 1593 2401 1672
f 1358 1517 1738
f 1663 1718 2349
f 1625 1624 1663
f 1604 1664 1665
f 1679 1666 1640
f 1660 1665 1681
f 1604 1665 2400
f 1666 1681 1665
f 1640 1666 1664
f 1682 1668 1666
f 1666 1679 1682
f 1668 1667 1687
f 1655 1669 1602
f 1680 1658 1592
f 1602 1671 1655
f 1683 2401 2398
f 1621 1316 1662
f 1675 1674 1642
f 1642 1676 1675
f 1678 1677 1675
f 1642 1689 1676
f 1676 1641 1678
f 1356 1677 1600
f 1675 1676 1678
f 1582 1678 1641
f 1579 1677 1678
f 1667 1693 1687
f 1687 1681 1668
f 1592 1660 1680
f 1689 1682 1679
f 1668 1682 1690
f 1683 2398 1739
f 1672 1683 2355
f 2421 1623 1642
f 1662 1684 2421
f 2354 2403 1726
f 1685 1686 2343
f 1692 1686 1685
f 1699 1680 1687
f 1681 1687 1680
f 1688 1670 1699
f 1318 2398 1688
f 1670 1658 1699
f 1668 1690 1667
f 1689 1690 1682
f 2351 1692 2352
f 1667 1690 2352
f 1689 1623 1690
f 2351 1686 1692
f 1691 1692 1279
f 1693 1667 1691
f 1719 1720 1721
f 1692 1685 1695
f 1692 1695 1279
f 1719 1699 1693
f 1685 2353 2354
f 1514 1697 1710
f 1696 1708 1697
f 1317 1697 1514
f 1696 1694 1708
f 1355 1500 1499
f 2353 2343 1500
f 1705 1703 1704
f 1697 1317 1696
f 1500 1355 1698
f 1505 1504 1733
f 1720 1691 1279
f 1699 1687 1693
f 1694 1696 1703
f 1719 1721 1725
f 1703 1696 1704
f 1702 1725 1700
f 1317 1509 1704
f 1703 1705 1702
f 1707 1706 1727
f 1500 1698 2353
f 2353 1698 1727
f 1702 1701 1694
f 1695 1701 1700
f 1701 1695 1726
f 1701 1702 1700
f 1725 1702 1705
f 1688 1699 1719
f 1700 1279 1695
f 1694 1703 1702
f 1317 1704 1696
f 1506 1722 1509
f 1722 1704 1509
f 1722 1705 1704
f 1701 2402 1694
f 1727 2354 2353
f 1706 1713 1709
f 1626 1712 1718
f 1712 1626 1562
f 1713 1716 1709
f 2402 1726 2403
f 1727 2403 2354
f 1710 1708 1716
f 1706 1730 1713
f 1716 1708 1709
f 1708 1710 1697
f 1319 1728 1732
f 1712 1716 1715
f 1730 1706 1707
f 1711 1715 1713
f 2349 1714 1630
f 1728 2350 1714
f 1733 1731 1707
f 1731 1729 1730
f 1711 1717 1715
f 1717 1718 1715
f 1731 1504 1558
f 1713 1715 1716
f 1728 1717 1711
f 1718 1717 1714
f 2349 1718 1714
f 1720 1719 1693
f 1688 1719 1725
f 1693 1691 1720
f 1279 1700 1721
f 1725 1721 1700
f 1279 1721 1720
f 1723 1722 1506
f 1723 1738 1739
f 1738 1723 1358
f 1705 1722 1724
f 1724 1722 1723
f 1724 1723 1739
f 1724 1725 1705
f 1318 1725 1724
f 1725 1318 1688
f 1726 2402 1701
f 1685 2354 1695
f 1706 2403 1727
f 1733 1707 1698
f 1635 1630 1648
f 1714 1717 1728
f 1711 1729 1728
f 1729 1732 1728
f 1730 1729 1711
f 1732 1729 1558
f 1713 1730 1711
f 1730 1707 1731
f 1504 1731 1733
f 1558 1729 1731
f 1558 1597 1732
f 1728 1319 2350
f 1319 1732 1555
f 1727 1698 1707
f 1355 1733 1698
f 1425 1380 1734
f 1380 1735 1734
f 1415 1734 1482
f 1735 1482 1734
f 1613 1435 1528
f 1530 1435 1529
f 1736 1564 1563
f 1514 1562 1736
f 1564 1736 1562
f 1634 1737 1632
f 1424 1737 1636
f 1672 2355 1516
f 1724 1739 1318
f 1794 1282 1192
f 1758 1794 1192
f 1364 1856 1855
f 1216 1852 1759
f 1193 1856 1364
f 1855 1194 1364
f 1973 1199 1198
f 1770 1769 1792
f 1852 1216 1215
f 1282 1794 1795
f 1756 1820 1757
f 1750 1982 1751
f 1809 1854 1785
f 2301 1793 1779
f 1201 1923 1503
f 1770 1792 1785
f 1883 1922 1920
f 1788 1773 1772
f 1503 1923 1996
f 1791 1793 1771
f 1848 1806 2296
f 1758 1757 1794
f 1928 1208 1207
f 1933 1204 2004
f 1776 1810 1780
f 1412 1208 1930
f 1209 1866 1210
f 1790 1778 1760
f 2087 1775 2081
f 1762 1761 1803
f 1777 1786 84
f 1793 1772 1771
f 1781 1764 1786
f 1382 1381 1865
f 1783 2294 1763
f 1832 1865 1899
f 85 1786 1764
f 1206 1205 1931
f 1761 1760 1778
f 1781 1774 1839
f 1193 1282 1795
f 1790 1759 1852
f 2359 2332 1894
f 1787 1777 83
f 1762 1803 1783
f 1786 1774 1781
f 2410 2192 2222
f 1787 1763 2294
f 83 1777 84
f 1786 85 84
f 1780 1792 1769
f 1213 1835 1333
f 1912 1914 1748
f 2004 1204 1441
f 1820 1794 1757
f 1912 1747 1937
f 1745 1888 1746
f 1741 1740 2358
f 1195 2035 1196
f 1934 1888 1745
f 1994 2356 15
f 1799 1861 2358
f 1827 1743 1742
f 1987 1915 2356
f 1788 2295 1773
f 1742 1741 1831
f 1861 24 23
f 1803 1761 1778
f 2358 1829 1831
f 14 13 1916
f 1799 1740 27
f 1826 1862 1955
f 1862 1826 23
f 27 26 24
f 1794 1820 1795
f 25 24 26
f 24 1799 27
f 19 1891 238
f 1790 1760 1759
f 1777 1787 2294
f 1780 1768 1802
f 21 2303 2018
f 22 21 1890
f 1799 2358 1740
f 1827 1742 1831
f 1802 1782 1840
f 2301 1808 2295
f 1772 1793 2297
f 1773 2298 2299
f 1838 1839 1774
f 1211 1958 1900
f 1 1784 2405
f 1 2300 1784
f 1778 1790 1789
f 1770 1785 1791
f 1781 1765 1764
f 1781 1839 1765
f 1786 1777 1774
f 1839 1766 1765
f 1842 1784 2404
f 1810 1792 1780
f 1763 1787 82
f 1769 1768 1780
f 1971 1756 1755
f 1904 1963 1835
f 1885 10 229
f 1802 1768 1767
f 1839 1782 1766
f 83 82 1787
f 1926 1886 1925
f 1854 1816 2357
f 1215 1329 2332
f 1783 1763 1762
f 1875 5 4
f 1801 1848 1851
f 1886 1926 2079
f 1867 1906 1964
f 1766 1782 1767
f 275 5 1867
f 1924 1927 2008
f 1841 1872 1840
f 1881 1916 1991
f 2294 1774 1777
f 1382 1902 1212
f 1782 1839 1838
f 1869 1803 1836
f 1782 1802 1767
f 1802 1840 1776
f 1778 1789 1803
f 1872 1811 1810
f 1842 1804 1784
f 1842 1806 1804
f 1845 3 2405
f 1806 1842 1843
f 1804 1805 1845
f 2296 1846 1848
f 1845 1805 1844
f 234 3 1845
f 1807 1215 2332
f 1808 2301 1779
f 2238 2239 1779
f 2295 1808 1850
f 1810 1811 1813
f 1809 1785 1792
f 1816 1813 1815
f 1872 1810 1776
f 1810 1813 1809
f 1814 1811 1873
f 2359 1864 1817
f 1812 1817 1864
f 1813 1811 1814
f 1897 1815 1812
f 1814 1873 1868
f 1812 1813 1814
f 1864 2250 1897
f 1898 1818 1815
f 1812 1815 1813
f 1815 1818 1816
f 1818 2357 1816
f 1809 1816 1854
f 1812 1814 1817
f 1813 1816 1809
f 2357 1818 2242
f 2357 1819 1854
f 1980 1194 1855
f 1879 1911 1754
f 1754 1753 1879
f 1197 1976 1877
f 1748 1914 1749
f 1882 2362 1991
f 1944 2020 2178
f 2419 1923 2413
f 1744 1827 1889
f 2016 1858 2015
f 1954 2064 2065
f 1955 1862 22
f 1828 1827 1831
f 1828 1831 1829
f 2065 1830 1954
f 1828 1829 1957
f 2103 1938 1935
f 1830 1889 1828
f 1830 1936 1889
f 1831 1741 2358
f 1214 1863 1894
f 1899 1381 1425
f 1865 1960 1902
f 1866 1958 1210
f 1844 1849 1875
f 1212 1902 1904
f 1898 1815 1897
f 1802 1776 1780
f 1872 1776 1840
f 1789 1853 1868
f 1872 1841 1873
f 1782 1838 1840
f 1869 1870 1803
f 1840 1838 1837
f 1838 1774 1871
f 1840 1837 1841
f 1869 1841 1837
f 1873 1836 1868
f 1843 1842 2298
f 1843 2298 2295
f 1847 1801 1849
f 4 1845 1844
f 1848 1801 1847
f 1805 1806 1847
f 1848 1847 1806
f 1874 1801 1851
f 1805 1847 1844
f 1848 1846 1851
f 1834 1905 1849
f 1844 1847 1849
f 1843 1850 2296
f 1850 1966 2296
f 2295 1850 1843
f 2241 1966 1850
f 1966 1967 1965
f 2241 1850 1808
f 1967 1966 2241
f 1907 1851 1846
f 1852 1807 1853
f 1852 1215 1807
f 1810 1809 1792
f 1814 1868 1817
f 1790 1853 1789
f 1817 1853 1807
f 1852 1853 1790
f 1791 1785 1819
f 1856 1968 1855
f 2095 1975 1857
f 1795 1856 1193
f 1971 1820 1756
f 1877 1974 1197
f 1401 1400 1979
f 2038 2037 1910
f 1917 12 11
f 1921 1883 1920
f 2002 1999 2000
f 1883 1921 1997
f 1885 1924 1859
f 1964 274 275
f 1929 2009 1928
f 2057 1824 2119
f 2340 1203 1922
f 1937 1747 1746
f 1892 1952 1891
f 1915 268 16
f 1950 1946 1947
f 24 1861 1799
f 1861 23 1826
f 1890 1955 22
f 1955 1890 2022
f 1895 1214 1333
f 1864 1863 2250
f 1807 2359 1817
f 1863 1864 2359
f 1898 1897 1963
f 1865 1381 1899
f 1865 1832 1960
f 1900 1425 1211
f 1901 1960 1832
f 1212 1904 1213
f 1900 1958 1833
f 1867 5 1875
f 1905 1906 1867
f 1904 1835 1213
f 1789 1868 1836
f 1853 1817 1868
f 1841 1836 1873
f 1870 1869 1837
f 1838 1871 1837
f 1870 1783 1803
f 1774 2294 1871
f 1837 1871 1870
f 1873 1811 1872
f 1869 1836 1841
f 1845 4 234
f 1875 4 1844
f 1849 1874 1834
f 2092 2030 2091
f 1875 1849 1905
f 2030 2087 2088
f 2203 2162 2199
f 1908 1973 2034
f 1978 1195 1401
f 1857 1909 2035
f 1981 2036 1878
f 1911 1879 1983
f 2361 1752 1751
f 1880 2361 1910
f 2369 1983 1984
f 1911 1971 1755
f 1750 1749 1914
f 1910 2361 1982
f 1982 1913 2038
f 15 14 1916
f 1991 1990 1881
f 1921 1920 1202
f 2413 1201 1200
f 1924 9 8
f 1925 8 7
f 2097 2363 1919
f 1882 1917 1919
f 1924 1885 9
f 2008 1859 1924
f 2045 1885 1859
f 1925 1927 1924
f 1929 1207 1206
f 2010 1930 2009
f 2057 2058 2011
f 2076 1866 2054
f 2012 2059 1932
f 1934 1745 1744
f 1744 1743 1827
f 1985 2014 2015
f 1858 1912 1985
f 1889 1827 1828
f 20 1952 1951
f 1941 19 18
f 2408 18 294
f 1892 1891 1943
f 1940 1951 2021
f 238 1952 20
f 1941 1891 19
f 268 1915 1989
f 2408 1942 1941
f 1956 2022 1954
f 1826 1956 1829
f 2359 1894 1863
f 1835 1895 1333
f 1963 2250 1835
f 1214 1895 1863
f 1863 1895 2250
f 2250 1895 1835
f 1904 1902 1962
f 1864 1897 1812
f 2250 1963 1897
f 1818 1898 1896
f 1818 1896 2242
f 1900 1899 1425
f 1211 1210 1958
f 1959 1900 1833
f 1901 1832 1959
f 1865 1902 1382
f 1903 1901 2026
f 1896 1898 2407
f 1960 1962 1902
f 1906 1905 1834
f 1875 1905 1867
f 274 2027 6
f 1870 1871 1783
f 1874 1849 1801
f 2247 1834 1874
f 2092 1874 1851
f 1965 1907 1846
f 1907 2087 2030
f 1969 1968 1795
f 1968 1970 2031
f 2034 1973 1974
f 2035 1978 1857
f 1978 1979 1981
f 1979 2036 1981
f 1753 2361 1880
f 1751 1982 2361
f 1982 2038 1910
f 2205 2203 2204
f 1971 1972 1970
f 1754 1911 1755
f 1748 1747 1912
f 1914 2044 1913
f 1985 1912 1937
f 2044 1914 1912
f 1913 1982 1750
f 2062 1988 2061
f 268 1989 17
f 13 1991 1916
f 1917 1882 1991
f 1991 13 12
f 1919 1917 11
f 10 1918 1919
f 12 1917 1991
f 1885 1918 10
f 2097 1918 2045
f 1995 2166 1990
f 2097 1919 1918
f 1882 1919 2363
f 1922 1203 1920
f 1202 1503 1996
f 1931 1205 1933
f 2413 1923 1201
f 1200 1199 2006
f 2049 1923 2419
f 1925 1924 8
f 1926 1925 7
f 7 6 1926
f 1886 2007 1927
f 2008 1927 2052
f 1886 1927 1925
f 1929 1928 1207
f 1930 1928 2009
f 1931 1929 1206
f 1932 2009 1929
f 1412 2053 1414
f 2053 1930 2011
f 1932 1931 1887
f 1933 2055 1887
f 1887 2012 1932
f 1929 1931 1932
f 1204 1933 1205
f 1887 1931 1933
f 1889 1934 1744
f 1888 1934 1935
f 1889 1936 1934
f 2103 1935 1936
f 1934 1936 1935
f 1888 1937 1746
f 1938 2014 1935
f 1938 2015 2014
f 1938 2103 1939
f 2017 1986 2016
f 2024 2023 2066
f 1858 2016 1986
f 1951 2018 2303
f 1890 21 2018
f 2408 1941 18
f 17 2408 294
f 1989 2408 17
f 1893 1942 2408
f 1988 1893 1989
f 1947 1945 1942
f 1942 1893 1947
f 1943 1945 2406
f 1941 1943 1891
f 1950 1947 1893
f 1945 1943 1942
f 1941 1942 1943
f 1947 1946 1945
f 2020 1944 1946
f 2367 1798 2190
f 1944 1945 1946
f 1944 2178 2141
f 2172 2173 2175
f 1949 1950 2062
f 1950 1949 2063
f 20 1951 2303
f 2021 1951 1952
f 1952 238 1891
f 1953 2022 1890
f 1953 1890 2018
f 1954 2022 2064
f 1954 1957 1956
f 1955 2022 1956
f 1957 1954 1830
f 1955 1956 1826
f 1828 1957 1830
f 1829 1956 1957
f 1833 1958 2078
f 1959 1833 2084
f 1899 1900 1959
f 1959 1832 1899
f 1901 1903 1960
f 1962 1960 1903
f 2026 1961 1903
f 1963 1962 2407
f 2407 1962 1903
f 1904 1962 1963
f 1867 1964 275
f 2027 1964 1906
f 2249 1834 2247
f 1965 1846 1966
f 1965 1775 2087
f 2296 1966 1846
f 2244 2241 2239
f 1965 1967 1775
f 2302 2243 2244
f 1907 1965 2087
f 2087 2029 2088
f 2247 2092 2091
f 1969 1795 1820
f 1968 1969 1970
f 1971 1969 1820
f 2031 1970 1876
f 1979 1980 2036
f 1971 1911 1972
f 1969 1971 1970
f 1983 1972 1911
f 1876 1972 2369
f 1974 1973 1198
f 2006 1973 1908
f 1197 1974 1198
f 1975 1909 1857
f 2035 1909 1976
f 1976 1909 1877
f 2094 1909 1975
f 2161 2133 1977
f 2123 2411 1821
f 1978 2035 1195
f 1977 1857 1981
f 1978 1401 1979
f 1857 1978 1981
f 1980 1979 1400
f 1194 1980 1400
f 1980 1855 2032
f 1977 1981 1878
f 2360 1880 1910
f 1910 2037 2042
f 2360 2042 1984
f 1972 1983 2369
f 2360 1984 1983
f 1985 1937 2014
f 2015 1858 1985
f 1912 1858 2044
f 2416 1986 2017
f 1858 1986 2044
f 1913 1750 1914
f 1988 1989 1915
f 1989 1893 2408
f 2061 1988 1915
f 1893 1988 2062
f 2362 1995 1990
f 1993 1990 2166
f 1990 1991 2362
f 2138 2139 2136
f 1993 1881 1990
f 2251 1993 1992
f 1881 1993 2253
f 2135 1992 2111
f 1916 1994 15
f 2046 2097 2045
f 1882 2363 2362
f 1202 1996 2048
f 2048 1921 1202
f 1999 1997 2001
f 2206 2208 1823
f 1921 2048 1997
f 2000 1999 1998
f 2049 1996 1923
f 1999 2001 2420
f 1999 2002 1997
f 2001 2049 2211
f 2001 2048 2049
f 2050 2002 2279
f 2000 2269 2005
f 2005 2002 2000
f 2279 2002 2005
f 2050 1922 1883
f 2275 2270 2412
f 1884 2056 2003
f 2050 2003 1922
f 1441 2340 2004
f 2267 2005 2269
f 2005 2278 2279
f 2266 2413 2006
f 1200 2006 2413
f 1973 2006 1199
f 1886 2079 2007
f 1927 2007 2052
f 2008 2051 2046
f 1932 2059 2009
f 2011 2054 2053
f 1930 2010 2011
f 2057 2011 2010
f 2054 2011 2058
f 2053 2054 1209
f 1800 2075 2076
f 1209 1414 2053
f 1866 1209 2054
f 2055 1933 2004
f 2055 2056 2259
f 1860 2259 2258
f 2013 2059 2060
f 2059 2012 2060
f 1888 2014 1937
f 1935 2014 1888
f 2016 2015 2069
f 2067 1939 2066
f 2037 2039 2041
f 1953 2018 1940
f 1951 1940 2018
f 2368 1940 2021
f 2061 1987 2252
f 2101 2062 2061
f 1946 1950 2063
f 1892 2409 1952
f 2064 2022 1953
f 1830 2065 1936
f 1958 1866 2025
f 2025 2075 2078
f 2078 1958 2025
f 2104 1833 2078
f 1896 1961 2240
f 1964 2027 274
f 2249 1906 1834
f 2090 2091 2030
f 2145 2007 2263
f 2027 1926 6
f 1926 2027 2079
f 1901 2083 2026
f 2087 2081 2029
f 1907 2092 1851
f 2032 2031 2201
f 1968 2032 1855
f 2032 2201 2036
f 2033 2034 1877
f 2094 2411 2033
f 2034 1974 1877
f 2108 2411 2123
f 1976 1196 2035
f 2133 2095 1977
f 2032 2036 1980
f 2201 1878 2036
f 2039 2037 2038
f 2043 2042 2037
f 1984 2042 2205
f 2044 1986 1913
f 2040 2039 2416
f 2041 2040 2096
f 2016 2069 2017
f 2017 2074 2073
f 2096 2151 2109
f 2042 2043 2205
f 2040 2041 2039
f 2043 2037 2041
f 2042 2360 1910
f 2038 1913 1986
f 1885 2045 1918
f 2046 2045 1859
f 2008 2046 1859
f 2047 2046 2163
f 2049 2048 1996
f 1997 2048 2001
f 1997 2002 1883
f 2003 2340 1922
f 2004 2340 2003
f 2266 1908 2414
f 2266 2006 1908
f 2008 2052 2051
f 1930 2053 1412
f 2076 2054 2058
f 2057 2013 1824
f 2055 2259 1860
f 1887 1860 2012
f 2056 2055 2004
f 2003 2056 2004
f 2100 2013 2060
f 2058 2057 2118
f 2057 2010 2013
f 2013 2010 2059
f 2058 2118 2077
f 1824 2182 2146
f 2009 2059 2010
f 2012 2099 2060
f 2100 2099 2112
f 2099 2257 2112
f 1987 2061 1915
f 1893 2062 1950
f 1949 2101 2415
f 2064 2023 2065
f 2023 2024 2065
f 2103 2065 2024
f 2065 2103 1936
f 2023 2191 2190
f 2024 2066 1939
f 2367 2192 2193
f 2068 2017 2069
f 2067 2068 1939
f 2067 2066 1798
f 2068 2067 2070
f 2068 2070 2074
f 1939 2068 2069
f 2074 2070 2072
f 2074 2017 2068
f 2071 2073 2074
f 2071 2074 2072
f 2096 2040 2073
f 2017 2073 2416
f 2076 2075 2025
f 1866 2076 2025
f 2077 2076 2058
f 2077 1800 2076
f 2118 2119 2216
f 1800 2077 2105
f 2080 2027 1906
f 2007 2079 2263
f 2263 2079 2080
f 2027 2080 2079
f 1775 2244 2245
f 2081 2028 2082
f 2084 2104 2028
f 2104 2085 2082
f 2084 2083 1901
f 2246 2083 2028
f 1959 2084 1901
f 1833 2104 2084
f 2075 2085 2078
f 2084 2028 2083
f 2082 2028 2104
f 2075 1800 2085
f 2085 2086 2082
f 2086 2085 1800
f 2086 1800 2105
f 2029 2082 2086
f 2088 2029 2086
f 2030 2088 2090
f 2089 2088 2086
f 2180 2143 2089
f 2088 2089 2090
f 2089 2143 2090
f 2142 2091 2090
f 2092 1907 2030
f 2130 2194 2131
f 2034 2033 2149
f 1909 2094 1877
f 2411 2094 1975
f 2095 1821 1975
f 2094 2033 1877
f 1977 2095 1857
f 2109 2162 2043
f 2151 1796 2109
f 2136 2363 2047
f 2046 2047 2097
f 2138 2136 2110
f 2055 1860 1887
f 1860 2099 2012
f 1824 2013 2100
f 2099 2100 2060
f 2100 2112 2182
f 1822 2113 2415
f 2101 1822 2415
f 2114 1948 2113
f 2101 1949 2062
f 2061 2252 2101
f 2251 2102 1822
f 1993 2111 1992
f 1992 2102 2251
f 2063 2020 1946
f 2063 2116 2365
f 1939 2103 2024
f 2085 2104 2078
f 2144 2180 2181
f 2182 1824 2100
f 2132 2093 2414
f 2129 2108 2107
f 2108 2132 2033
f 2214 2213 2128
f 2051 2187 2163
f 2262 2276 2261
f 1993 2166 2111
f 2165 2139 2138
f 2237 2232 2236
f 2102 2164 2237
f 2102 2113 1822
f 2019 2365 2177
f 2235 2236 2232
f 2116 2115 2167
f 2102 2237 2113
f 2125 2194 2129
f 2116 2167 2177
f 2115 2116 1948
f 2063 1948 2116
f 2236 2115 2114
f 2170 2177 2167
f 2156 2153 2155
f 2167 2168 2140
f 2170 2172 2177
f 2117 2179 2019
f 2105 2089 2086
f 2216 2089 2105
f 2105 2077 2118
f 2105 2118 2216
f 2057 2119 2118
f 2080 1906 2249
f 2181 2180 2217
f 2149 1908 2034
f 2122 2196 2266
f 2107 2108 2123
f 2126 2134 2124
f 2107 2126 2127
f 2174 2214 2173
f 2107 2123 2126
f 2213 2150 2125
f 2194 2125 2131
f 2127 2126 2124
f 2107 2127 2125
f 2123 1821 2126
f 2127 2124 2128
f 2124 1796 2152
f 2152 2151 2155
f 2129 2107 2125
f 2131 2125 2150
f 2188 2130 2131
f 2108 2129 2132
f 2093 2132 2129
f 2201 2031 2202
f 2197 2198 2134
f 1821 2095 2417
f 2417 2134 2126
f 2124 2134 1796
f 2096 2109 2041
f 2109 2043 2041
f 2162 2109 2198
f 2163 2110 2047
f 2052 2186 2185
f 2220 2221 2187
f 2363 2136 1995
f 2110 2136 2047
f 2260 2277 2137
f 2111 2139 2165
f 2189 2172 2170
f 1944 2141 1825
f 1824 2146 2119
f 2181 2106 2144
f 2142 2090 2143
f 2248 2142 2120
f 2142 2143 2144
f 2142 2144 2120
f 2184 2106 2148
f 2217 2146 2147
f 2147 2146 2182
f 2183 2121 2182
f 2148 2147 2121
f 2148 2181 2147
f 2146 2217 2119
f 2148 2121 2219
f 2106 2184 2145
f 2149 2132 2414
f 2214 2176 2173
f 2188 2189 2171
f 2073 2071 2364
f 2151 2152 1796
f 2364 2151 2096
f 2152 2155 2153
f 2124 2152 2128
f 2364 2154 2155
f 2214 2153 2176
f 2152 2153 2128
f 2154 2071 2072
f 2156 2155 2154
f 2156 2154 2418
f 2153 2156 2176
f 2158 2072 2070
f 2366 2418 2160
f 2157 2117 2175
f 2158 2159 2160
f 1798 2367 2159
f 1798 2066 2190
f 2367 2193 2159
f 1798 2159 2158
f 2093 2195 2122
f 1878 2161 1977
f 2162 2198 2199
f 2197 2199 2198
f 2162 2203 2205
f 2221 2163 2187
f 2221 2098 2110
f 2260 2098 2225
f 2166 2139 2111
f 2209 2229 2370
f 2136 2139 1995
f 2139 2166 1995
f 2170 2167 2140
f 2168 2167 2115
f 2206 1823 2195
f 2171 2169 2207
f 2171 2170 2140
f 2189 2173 2172
f 2175 2173 2176
f 2174 2173 2189
f 2174 2150 2213
f 2174 2213 2214
f 2157 2175 2156
f 2177 2117 2019
f 2175 2117 2172
f 2117 2177 2172
f 2365 2178 2020
f 2178 2179 2141
f 2144 2143 2180
f 2216 2180 2089
f 2217 2216 2119
f 2181 2217 2147
f 2106 2181 2148
f 2183 2182 2112
f 2112 2257 2281
f 2182 2121 2147
f 2218 2121 2183
f 2225 2221 2220
f 2187 2051 2185
f 2148 2219 2184
f 2145 2184 2186
f 2185 2184 2219
f 2145 2186 2007
f 2187 2185 2219
f 2052 2185 2051
f 2185 2186 2184
f 2187 2219 2220
f 2186 2052 2007
f 2213 2125 2127
f 2188 2150 2174
f 2188 2171 2130
f 2171 2189 2170
f 2174 2189 2188
f 2064 2191 2023
f 2023 2190 2066
f 2064 1953 2191
f 2222 2367 2190
f 2410 2222 2368
f 2141 2193 1825
f 1825 2193 2192
f 2193 2160 2159
f 2193 2141 2215
f 2193 2215 2160
f 2129 2194 2093
f 2093 2194 2195
f 2122 2195 1823
f 2122 1823 2196
f 2224 2208 2212
f 2206 2130 2207
f 2194 2130 2195
f 2109 1796 2198
f 2134 2198 1796
f 2161 2200 2199
f 2200 2203 2199
f 1878 2200 2161
f 1878 2201 2200
f 1876 2202 2031
f 2201 2202 2200
f 2204 2203 2200
f 2162 2205 2043
f 2369 1984 2204
f 2200 2202 2204
f 2205 2204 1984
f 2168 2236 1797
f 2171 2140 2169
f 2169 2140 2168
f 2168 1797 2169
f 2210 2207 2169
f 2130 2171 2207
f 2210 1797 2223
f 2208 2206 2209
f 2212 2208 2370
f 2000 2226 2269
f 2209 2207 2210
f 2210 2169 1797
f 2229 2209 2210
f 1998 1999 2420
f 1823 2208 2224
f 2212 1998 2420
f 2127 2128 2213
f 2153 2214 2128
f 2215 2157 2366
f 2179 2215 2141
f 2178 2019 2179
f 2216 2217 2180
f 2219 2121 2220
f 2218 2220 2121
f 2220 2218 2225
f 2218 2280 2225
f 2098 2221 2225
f 2163 2221 2110
f 2150 2188 2131
f 1953 1940 2191
f 2368 2191 1940
f 2409 2368 2021
f 2191 2368 2222
f 2191 2222 2190
f 2130 2206 2195
f 2209 2206 2207
f 2212 2370 2227
f 2276 2268 2270
f 2230 2226 2227
f 1797 2235 2223
f 2229 2210 2223
f 2227 1998 2212
f 2224 2196 1823
f 2196 2224 2211
f 2183 2112 2281
f 2260 2225 2280
f 1998 2226 2000
f 2226 2230 2269
f 2230 2227 2370
f 1998 2227 2226
f 2223 2235 2228
f 2231 2233 2228
f 2164 2232 2237
f 2230 2229 2228
f 2230 2370 2229
f 2232 2234 2231
f 2234 2164 2135
f 2135 2265 2412
f 2231 2235 2232
f 2231 2234 2272
f 2223 2228 2229
f 2231 2228 2235
f 2230 2228 2371
f 2164 2234 2232
f 2236 2235 1797
f 2115 2236 2168
f 2113 2237 2114
f 2114 2237 2236
f 2302 2238 2242
f 1779 2239 1808
f 2238 2357 2242
f 2302 2239 2238
f 2244 1967 2241
f 2240 1961 2243
f 2302 2242 2240
f 2239 2241 1808
f 2240 2242 1896
f 1961 2246 2243
f 2245 2028 2081
f 2245 2244 2243
f 1967 2244 1775
f 2239 2302 2244
f 1961 2026 2246
f 2026 2083 2246
f 2245 2081 1775
f 2246 2245 2243
f 2245 2246 2028
f 1791 1779 1793
f 1854 1819 1785
f 2248 2091 2142
f 2264 2080 2249
f 2120 2145 2263
f 2091 2248 2247
f 2248 2264 2247
f 2263 2264 2120
f 2092 2247 1874
f 1972 1876 1970
f 2202 2369 2204
f 2252 1822 2101
f 2253 2251 2252
f 2251 1822 2252
f 1993 2251 2253
f 2253 2252 1987
f 1994 2253 1987
f 2255 2258 2254
f 1884 2259 2056
f 2259 2254 2258
f 2254 2259 1884
f 2279 1884 2050
f 2254 2278 2255
f 2256 2258 2255
f 2258 2257 1860
f 2257 2256 2281
f 2255 2261 2256
f 2258 2256 2257
f 2099 1860 2257
f 2046 2051 2163
f 2261 2260 2280
f 2277 2261 2276
f 2262 2261 2255
f 2264 2263 2080
f 2264 2249 2247
f 2120 2264 2248
f 2154 2364 2071
f 2151 2364 2155
f 1798 2158 2067
f 2070 2067 2158
f 2111 2265 2135
f 2165 2265 2111
f 2419 2266 2196
f 2267 2371 2271
f 2371 2267 2269
f 2371 2269 2230
f 2272 2271 2233
f 2274 2165 2138
f 2267 2271 2268
f 2231 2272 2233
f 2271 2270 2268
f 2412 2272 2234
f 2270 2271 2272
f 2273 2275 2274
f 2137 2274 2138
f 2273 2270 2275
f 2260 2137 2098
f 2273 2274 2137
f 2165 2274 2275
f 2276 2270 2273
f 2165 2275 2265
f 2276 2273 2277
f 2276 2262 2268
f 2137 2277 2273
f 2261 2277 2260
f 2005 2267 2278
f 2135 2412 2234
f 2275 2412 2265
f 2255 2278 2262
f 2279 2278 2254
f 1884 2279 2254
f 2218 2183 2281
f 2256 2280 2281
f 2261 2280 2256
f 2281 2280 2218
f 2282 188 96
f 317 363 316
f 390 363 317
f 699 643 673
f 1096 2287 998
f 811 2284 659
f 2286 964 1043
f 2283 1071 806
f 998 1076 1079
f 2287 1076 998
f 1093 2285 810
f 2287 1096 814
f 1249 2289 1230
f 1235 1232 2290
f 1269 2288 1263
f 595 1284 2291
f 1377 2291 1284
f 1248 1245 1286
f 2292 1229 2289
f 1231 1287 1249
f 2290 2293 1235
f 2293 1288 1235
f 1292 1290 1257
f 1636 1521 1457
f 1636 1457 1424
f 1871 2294 1783
f 2297 2295 1788
f 2297 1793 2301
f 2295 2298 1773
f 1788 1772 2297
f 2300 2299 2404
f 1819 2238 1779
f 1791 1819 1779
f 2296 1806 1843
f 2301 2295 2297
f 1992 2135 2164
f 1992 2164 2102
f 2243 2302 2240
f 105 142 28
f 129 39 120
f 2303 191 193
f 119 128 582
f 223 224 61
f 104 2305 154
f 146 304 148
f 2307 578 107
f 215 2308 214
f 137 169 49
f 172 146 149
f 140 750 199
f 2304 212 126
f 590 593 224
f 273 63 334
f 192 162 193
f 236 162 290
f 217 240 194
f 147 250 200
f 253 170 307
f 223 61 852
f 392 2312 395
f 2313 293 167
f 195 296 297
f 2314 390 391
f 319 2311 186
f 590 224 223
f 2315 2380 380
f 385 384 381
f 389 390 2314
f 132 396 397
f 325 353 417
f 406 458 460
f 420 421 2382
f 325 417 416
f 420 411 431
f 417 412 416
f 424 420 431
f 2316 418 548
f 424 2316 421
f 2317 432 427
f 430 2316 548
f 427 432 426
f 401 399 456
f 459 2307 460
f 2317 423 432
f 489 463 313
f 2319 365 157
f 472 2319 495
f 495 2319 157
f 2318 499 542
f 2320 574 520
f 349 563 527
f 550 2321 551
f 578 2307 579
f 2306 582 183
f 119 2306 155
f 225 591 592
f 754 720 753
f 635 2322 685
f 101 697 48
f 754 753 721
f 665 2322 680
f 2322 743 685
f 783 768 765
f 770 779 772
f 788 2323 919
f 678 791 789
f 792 2324 786
f 2310 921 922
f 817 613 1427
f 761 756 822
f 761 822 766
f 914 966 1114
f 2323 1099 1132
f 2325 906 60
f 788 919 917
f 798 934 972
f 941 1051 940
f 1056 936 1007
f 1120 1056 732
f 1036 1064 1063
f 1080 1081 2326
f 2326 1102 1082
f 2328 2326 1101
f 1163 1160 1165
f 2329 1162 883
f 1247 1225 1254
f 1267 2331 1265
f 1240 1269 1220
f 1183 1360 1403
f 2332 1329 1894
f 1236 1289 1268
f 1310 2330 1263
f 2334 1336 1337
f 1329 2392 1337
f 1311 2334 1338
f 1285 1338 2392
f 2335 1444 840
f 1573 2336 1359
f 2336 1195 1359
f 1404 2338 1525
f 1400 1410 1363
f 1461 2339 1462
f 1543 1474 1416
f 1567 1419 1372
f 2340 1439 1203
f 2342 599 600
f 1541 1525 2337
f 2338 2337 1525
f 1481 1422 1483
f 2343 1686 1316
f 1502 1316 1621
f 1461 2336 1573
f 1483 1567 1485
f 1552 1571 1553
f 1601 1540 1537
f 1581 1582 1638
f 2346 1603 1584
f 1601 1581 1638
f 1601 1638 2345
f 2346 1606 1603
f 1502 1621 1501
f 1662 2347 1621
f 1628 2348 1625
f 2348 1631 1625
f 2349 1629 1628
f 2350 1648 1630
f 1542 1646 1473
f 1651 1590 2397
f 1738 1517 2355
f 2421 1673 1662
f 1316 1684 1662
f 1660 1681 1680
f 1686 2351 1684
f 2351 2352 1623
f 2352 1692 1691
f 2352 1691 1667
f 1684 2351 2421
f 2343 2353 1685
f 2354 1726 1695
f 1683 1738 2355
f 1738 1683 1739
f 2356 16 15
f 2356 1915 16
f 1784 1804 2405
f 1770 1791 1771
f 1804 1806 1805
f 1819 2357 2238
f 1829 2358 1861
f 2332 2359 1807
f 1880 2360 1879
f 1829 1861 1826
f 2361 1753 1752
f 1880 1879 1753
f 1968 1856 1795
f 2360 1983 1879
f 1994 1916 1881
f 2406 1945 1825
f 1994 1987 2356
f 2362 2363 1995
f 1994 1881 2253
f 2340 1441 1439
f 2407 1961 1896
f 2029 2081 2082
f 2411 2108 2033
f 2149 2033 2132
f 2363 2097 2047
f 2063 2365 2020
f 2178 2365 2019
f 2365 2116 2177
f 2115 1948 2114
f 2120 2144 2106
f 1821 2417 2126
f 2417 2133 2197
f 2120 2106 2145
f 2073 2364 2096
f 2158 2160 2418
f 2157 2215 2179
f 2367 2222 2192
f 2368 2409 2410
f 2211 2419 2196
f 2417 2197 2134
f 2369 2202 1876
f 2370 2208 2209
f 2215 2366 2160
f 2117 2157 2179
f 2233 2371 2228
f 2050 1884 2003
f 2262 2278 2268
f 2372 150 105
f 2 188 2282
f 2304 130 115
f 130 2304 129
f 129 2304 125
f 20 2303 193
f 24 25 135
f 103 76 143
f 2373 433 298
f 196 197 215
f 168 2375 216
f 195 241 299
f 258 2375 217
f 331 330 377
f 2377 401 285
f 98 2374 314
f 2376 2378 479
f 2379 348 402
f 272 379 158
f 2380 131 381
f 2376 343 283
f 419 2382 324
f 2381 451 456
f 479 2378 478
f 591 478 2378
f 406 489 458
f 2383 540 567
f 524 561 459
f 337 2378 2376
f 2378 337 592
f 2384 697 101
f 1136 1138 1139
f 635 680 2322
f 2386 1427 1489
f 2385 762 686
f 2387 695 830
f 2387 784 1005
f 788 2388 1099
f 932 2389 1006
f 906 333 60
f 855 69 68
f 941 870 831
f 995 2287 996
f 695 2387 1005
f 1030 1036 1034
f 787 2388 788
f 1038 942 1060
f 1038 1060 1039
f 1073 1075 1078
f 1073 1078 1077
f 1073 1077 1067
f 1102 2388 1049
f 1098 1136 1139
f 1121 1125 1124
f 849 1130 63
f 1098 1156 1134
f 2390 1106 1105
f 1126 1153 1155
f 614 1346 1486
f 1215 1285 2392
f 1337 2391 1335
f 1337 2392 2334
f 1264 1379 1305
f 1474 2393 1542
f 2335 841 1446
f 1462 1411 1409
f 2343 1502 1500
f 1402 2395 1360
f 1530 2394 1435
f 2395 1402 1526
f 1570 1568 1485
f 2395 1403 1360
f 1386 1616 1590
f 2400 1659 1606
f 1611 2345 1644
f 1386 1590 1650
f 1635 2396 1649
f 1646 1542 2396
f 2396 1542 2393
f 1651 2397 1643
f 1688 2398 1670
f 2399 1592 1657
f 1665 1660 2400
f 1671 1659 2399
f 2400 2399 1659
f 2401 1683 1672
f 2401 1670 2398
f 1670 2401 1593
f 1674 1673 2421
f 2398 1318 1739
f 1674 2421 1642
f 1623 1689 1642
f 1623 2352 1690
f 2402 1709 1694
f 1709 2402 1706
f 2403 1706 2402
f 1425 1734 1211
f 1930 1208 1928
f 1842 2404 2298
f 1789 1836 1803
f 189 2405 3
f 1845 2405 1804
f 2406 2410 1892
f 10 1919 11
f 1938 1939 2069
f 1938 2069 2015
f 1892 1943 2406
f 2410 2409 1892
f 2415 2063 1949
f 1903 1961 2407
f 1963 2407 1898
f 2411 1975 1821
f 2413 2266 2419
f 2409 2021 1952
f 2031 2032 1968
f 2039 1986 2416
f 2002 2050 1883
f 2414 1908 2149
f 1948 2415 2113
f 2415 1948 2063
f 2040 2416 2073
f 2138 2110 2098
f 2133 2417 2095
f 2161 2199 2197
f 2137 2138 2098
f 2122 2266 2414
f 2414 2093 2122
f 2418 2154 2072
f 2156 2418 2366
f 2156 2366 2157
f 2156 2175 2176
f 2410 2406 2192
f 1825 2192 2406
f 2049 2419 2211
f 2161 2197 2133
f 2420 2211 2224
f 2420 2001 2211
f 2212 2420 2224
f 2371 2233 2271
f 2272 2412 2270
f 2267 2268 2278
f 1292 1257 1287
f 2300 2404 1784
f 2298 2404 2299
f 2380 381 380
f 385 381 477
f 366 2382 421
f 2382 366 324
f 1052 1126 1155
f 1623 2421 2351
f 1 2405 2
f 1825 1945 1944
f 2038 1986 2039
f 2158 2418 2072

