# https://github.com/mikedh/trimesh
v -0.33594490 1.16545300 0.71875600
v -0.32405180 1.15437400 0.71393560
v -0.32250500 1.13191500 0.71576310
v -0.31539280 1.10126500 0.71731340
v -0.31646540 1.07871400 0.71863550
v -0.31561950 1.01486500 0.72691990
v -0.32256050 0.99222740 0.72894180
v -0.32267190 0.97002540 0.73104000
v -0.32733650 0.95271810 0.73599970
v -0.33821650 0.92556210 0.74836820
v -0.34342320 0.90247600 0.75405320
v -0.34914410 0.88224260 0.75637020
v -0.35407910 0.86121550 0.75726410
v -0.35708160 0.84104960 0.75773480
v -0.36101610 0.82319700 0.75741090
v -0.36329580 0.80321040 0.75697710
v -0.36839490 0.76237930 0.75557700
v -0.36939960 0.72344720 0.75621260
v -0.37241370 0.70329740 0.75814440
v -0.36510130 0.65744750 0.76422610
v -0.37353240 0.62789200 0.77654200
v -0.37232660 0.61124400 0.78076080
v -0.36947810 0.58221540 0.78172880
v -0.36647330 0.56856990 0.77619670
v -0.36259330 0.55721700 0.76976550
v -0.36338920 0.55508180 0.76936570
v -0.36457750 0.55356410 0.76803750
v -0.35008230 0.55393880 0.76650370
v -0.33720920 0.55883270 0.76492060
v -0.32574410 0.56097240 0.76249820
v -0.31239750 0.56433760 0.76431680
v -0.29800960 0.56441140 0.76774870
v -0.28486560 0.56373610 0.76951340
v -0.27000450 0.56116470 0.76912840
v -0.25398190 0.55885000 0.76829720
v -0.23817640 0.55665710 0.76522420
v -0.22147320 0.55599590 0.76268300
v -0.20396140 0.55595640 0.76114650
v -0.18637310 0.55695760 0.76206960
v -0.17078020 0.55850640 0.75327000
v -0.15400580 0.56009760 0.74878960
v -0.13968190 0.55983560 0.74031830
v -0.12483780 0.55923110 0.72992980
v -0.10724110 0.56172400 0.71788940
v -0.08636683 0.56942980 0.70285450
v -0.07345344 0.58186660 0.67228530
v -0.08713960 0.58345630 0.64405090
v -0.09642474 0.61616010 0.65110520
v -0.11076330 0.64745600 0.66092130
v -0.12092860 0.65896570 0.65860760
v -0.12785680 0.67631260 0.65844070
v -0.14176730 0.68588110 0.65628080
v -0.17399870 0.72593680 0.63752170
v -0.18809770 0.74902410 0.61840420
v -0.19722580 0.76286490 0.61592540
v -0.19491690 0.79376780 0.61118500
v -0.18902110 0.80918850 0.61050630
v -0.17592870 0.84216320 0.60884050
v -0.17760230 0.86076220 0.60369480
v -0.17623990 0.88041770 0.60018350
v -0.17726990 0.92298980 0.59711550
v -0.18084250 0.99517300 0.58721350
v -0.18002220 1.01114600 0.58397880
v -0.18006270 1.03347900 0.58131630
v -0.18156700 1.05577500 0.58190260
v -0.18159490 1.06419600 0.56679270
v -0.18494250 1.08214600 0.56722560
v -0.18735350 1.10043600 0.56834550
v -0.18597240 1.11065900 0.55893440
v -0.19163530 1.13787300 0.56480020
v -0.19804270 1.15831400 0.56548250
v -0.20843430 1.18113200 0.56629580
v -0.22468600 1.19127800 0.56149850
v -0.25571640 1.24007000 0.54739470
v -0.25868810 1.24405600 0.56567980
v -0.26644910 1.25518600 0.58089900
v -0.27828830 1.27303600 0.59296140
v -0.29406920 1.29732800 0.59833560
v -0.31073280 1.32406300 0.60246320
v -0.32727110 1.34912400 0.60705030
v -0.35467570 1.36543500 0.61298030
v -0.38498800 1.36341000 0.61275670
v -0.37657840 1.36215200 0.62687830
v -0.38035110 1.35165400 0.64373500
v -0.37923800 1.34878800 0.66021340
v -0.35694680 1.35233200 0.67022830
v -0.33816090 1.35000100 0.66887290
v -0.32142540 1.33809300 0.66652080
v -0.31081430 1.32074400 0.66463210
v -0.30142290 1.30169400 0.66451780
v -0.29129550 1.28039900 0.66627080
v -0.28237810 1.25665300 0.67304740
v -0.27868490 1.23176300 0.68066550
v -0.28130290 1.20984000 0.68838250
v -0.29121610 1.18996600 0.69665890
v -0.30946970 1.17489700 0.70450460
v -0.34003540 0.58985830 0.76782140
v -0.16802470 0.65920430 0.73875390
v -0.11900160 0.61342990 0.71847500
v -0.09497087 0.59599760 0.69557480
v -0.09063780 0.60030330 0.64191530
v -0.24594940 1.22159400 0.59362560
v -0.25803960 1.24077600 0.58547710
v -0.36032540 1.35895200 0.63612640
v -0.33898420 0.56919200 0.76945180
v -0.31069860 0.59290470 0.76456910
v -0.25421470 0.64254270 0.77563510
v -0.36467420 1.35367100 0.65274580
v -0.11469140 0.57737310 0.72603460
v -0.08698839 0.58280910 0.69099560
v -0.34440880 1.35709600 0.62182770
v -0.28670580 1.28219200 0.60606110
v -0.30583730 0.57961570 0.76580560
v -0.32655250 1.33322500 0.61950940
v -0.20438000 0.60129430 0.76142560
v -0.09637848 0.57709390 0.71215260
v -0.29187890 0.57948850 0.77113420
v -0.32865320 1.34102600 0.65232990
v -0.14650350 0.58047410 0.74291930
v -0.17903540 0.57348380 0.75790090
v -0.13108100 0.56907620 0.73566370
v -0.26147660 0.57278140 0.77088440
v -0.31808040 1.32827200 0.65518510
v -0.32256130 1.32857500 0.63927560
v -0.22144850 0.56930760 0.76352000
v -0.24248270 0.57701150 0.76944960
v -0.30848870 1.31151400 0.65130690
v -0.12982100 0.58786330 0.73674580
v -0.20344690 0.57455500 0.76045600
v -0.19337380 0.58782270 0.75875690
v -0.25236730 0.95563060 0.67743380
v -0.23554110 1.07531000 0.67138770
v -0.26705080 1.14038100 0.70125730
v -0.35164580 0.61088840 0.77298660
v -0.35307600 0.58177200 0.77888400
v -0.30762930 0.70416040 0.77227700
v -0.10396660 0.63276680 0.68246190
v -0.09270660 0.61688500 0.67925620
v -0.08352994 0.60155440 0.67152330
v -0.23432220 1.20289300 0.57617790
v -0.23914280 1.20199400 0.64367920
v -0.35257860 0.56864780 0.77246820
v -0.26851810 1.25488100 0.60027240
v -0.25599840 1.23584400 0.60075530
v -0.27629630 1.26408300 0.61424170
v -0.26727520 1.24653400 0.64180220
v -0.24549720 1.21970200 0.61188790
v -0.26404090 1.24532400 0.61837810
v -0.27558460 1.26020500 0.63540050
v -0.32859410 0.58420100 0.76202330
v -0.27843210 0.58187970 0.77315890
v -0.11607060 0.59805090 0.72431950
v -0.13285730 0.60844420 0.73199260
v -0.33928570 1.34632700 0.63439710
v -0.16430690 0.57740720 0.75191230
v -0.21744770 0.84614890 0.66635720
v -0.27490640 0.88570000 0.73806700
v -0.20944450 0.94829240 0.65656920
v -0.19693450 1.09193600 0.62610510
v -0.29159660 1.17346400 0.69942860
v -0.29902840 1.14357400 0.70355550
v -0.35105880 0.64225170 0.76170280
v -0.36132770 0.60944950 0.77785050
v -0.35724030 0.59656650 0.78051750
v -0.34831970 0.59617350 0.77565130
v -0.34473170 0.58171500 0.77426130
v -0.33938860 0.70632790 0.76439580
v -0.14234560 0.68817430 0.67711130
v -0.09824005 0.63354250 0.65856770
v -0.21978090 1.17959400 0.60913300
v -0.21552020 1.18688300 0.57933600
v -0.28004730 1.26471800 0.65569580
v -0.25798040 1.22768400 0.65008640
v -0.29408170 0.59507310 0.77226300
v -0.26097390 0.58924070 0.77407280
v -0.27870080 0.60287420 0.77686690
v -0.10221510 0.61117720 0.70447070
v -0.10961430 0.62434540 0.70497880
v -0.13210150 0.64483680 0.71609050
v -0.13069600 0.62738620 0.72693150
v -0.10262080 0.59214120 0.71513300
v -0.15669270 0.63019500 0.74417940
v -0.15735460 0.61167610 0.74796580
v -0.14398790 0.62251260 0.73804650
v -0.14412450 0.64396670 0.73283530
v -0.32434980 0.83360510 0.76029560
v -0.29860370 0.96045620 0.73151460
v -0.31334640 1.16336900 0.70676770
v -0.31521440 1.14234100 0.70898340
v -0.29867200 1.12631700 0.70358360
v -0.36126080 0.62276090 0.77134030
v -0.35442400 0.62594290 0.76631020
v -0.35716660 0.64136310 0.76379220
v -0.16653430 0.72316880 0.66214140
v -0.18667450 0.75014630 0.65669510
v -0.12477970 0.66486380 0.68417990
v -0.13290970 0.67432080 0.67535670
v -0.24857530 1.22927900 0.56110360
v -0.24409440 1.22083600 0.57504090
v -0.23225190 1.19997400 0.60976710
v -0.20326590 1.15155400 0.59342300
v -0.20911740 1.16653300 0.58084650
v -0.27391110 1.20247700 0.68551440
v -0.26636760 1.22056900 0.67299330
v -0.27173520 1.24306700 0.66484670
v -0.25286370 1.21118000 0.66011980
v -0.25126460 1.17951300 0.68159790
v -0.24465510 1.19319300 0.66584410
v -0.26097790 1.19892300 0.67843290
v -0.26282120 0.60672840 0.77682880
v -0.24491930 0.59666260 0.77279560
v -0.22937170 0.59627430 0.76787730
v -0.11497820 0.64625720 0.69149310
v -0.12652030 0.65613880 0.70573420
v -0.13343900 0.67236300 0.69633910
v -0.14395130 0.68597590 0.69669200
v -0.15581190 0.70766830 0.66923240
v -0.19740530 0.81513040 0.63110040
v -0.18310690 0.82428810 0.61501970
v -0.18977160 0.83386920 0.63149250
v -0.21320340 0.82170750 0.64571800
v -0.34682680 0.79520350 0.76246290
v -0.18248380 0.94019050 0.60934900
v -0.18873390 0.92178450 0.61766230
v -0.29770360 0.99616350 0.72532550
v -0.30145200 1.03240100 0.71875380
v -0.31116340 0.94602140 0.73142750
v -0.30081630 0.97917410 0.72922640
v -0.32251130 0.93320760 0.73978790
v -0.18558490 1.07783800 0.59018860
v -0.29966840 1.08651800 0.70685950
v -0.30212200 1.06820700 0.70924090
v -0.28931300 1.15449100 0.69898680
v -0.31439600 1.11946200 0.71076880
v -0.28089250 1.13329000 0.69744980
v -0.35460280 0.65654490 0.76061350
v -0.32571940 0.59889460 0.76098920
v -0.36658110 0.68600830 0.75937250
v -0.35669400 0.71192310 0.75904500
v -0.16601580 0.71635620 0.64560850
v -0.18371900 0.73999820 0.63620010
v -0.20384880 0.77188250 0.63069590
v -0.20571870 0.78904440 0.62947600
v -0.21781620 0.80418910 0.65059100
v -0.15420160 0.70207220 0.65370830
v -0.23485100 1.20854000 0.60029810
v -0.22218020 1.19288300 0.59333100
v -0.22533400 1.19136500 0.62773350
v -0.24796660 1.21750500 0.63800180
v -0.23956360 1.21130300 0.62242850
v -0.21607880 1.17661900 0.59113670
v -0.20063910 1.14635500 0.57860220
v -0.21065060 1.16479100 0.60379880
v -0.29512970 0.60525270 0.77300170
v -0.24825950 0.61902180 0.77360110
v -0.14959800 0.68839200 0.71374470
v -0.15810080 0.70799300 0.71035910
v -0.16287650 0.71685210 0.68725720
v -0.17012030 0.72920000 0.70004520
v -0.15781950 0.67697810 0.72873300
v -0.14135070 0.67372490 0.71474570
v -0.18208850 0.85460910 0.62417860
v -0.18355350 0.87037520 0.61880890
v -0.18732940 0.88654370 0.62460750
v -0.19853120 0.80170150 0.62487590
v -0.20863600 0.80499680 0.63620640
v -0.34600110 0.83031100 0.76082710
v -0.36382190 0.78600640 0.75758370
v -0.35400000 0.77508640 0.76232860
v -0.18268340 0.96014770 0.59445950
v -0.18518820 0.98434460 0.60328290
v -0.20272140 0.96074170 0.63626430
v -0.18764790 1.00482900 0.60656440
v -0.31936480 1.03629800 0.72437230
v -0.31224740 1.05516700 0.71987400
v -0.28290210 0.96964120 0.72412220
v -0.32358110 0.89252440 0.75124440
v -0.18983630 1.09485500 0.58521120
v -0.19296100 1.11037300 0.58583280
v -0.19045240 1.09388600 0.60909920
v -0.19244120 1.07734200 0.61361680
v -0.28522870 1.07260600 0.69833190
v -0.29436880 1.05138800 0.70430410
v -0.29793920 1.10853100 0.70172130
v -0.27983910 1.11623700 0.69580750
v -0.34229160 0.61664020 0.76304010
v -0.32598290 0.64272660 0.76149260
v -0.34122720 0.63340490 0.76113070
v -0.34475680 0.68221060 0.76149230
v -0.34724470 0.66343500 0.75940610
v -0.32609310 0.67349930 0.76412950
v -0.33536610 0.65266270 0.76038910
v -0.34644340 0.71895510 0.76314610
v -0.36270950 0.74870860 0.75753100
v -0.17690820 0.73280250 0.65529150
v -0.19413050 0.75093700 0.68039440
v -0.17480640 0.73688780 0.67675590
v -0.19622630 0.75598990 0.66286040
v -0.19332490 0.75892030 0.63781700
v -0.19886970 0.77841360 0.61476630
v -0.20341740 0.78108330 0.66626620
v -0.21740680 1.16049000 0.64989460
v -0.23132120 1.17370900 0.66684520
v -0.25408630 1.22953200 0.62763230
v -0.19479610 1.12771900 0.58170360
v -0.20268600 1.15227700 0.61303020
v -0.21143360 1.16984100 0.62776470
v -0.20321600 1.14693700 0.63492020
v -0.22775460 1.18232900 0.64765420
v -0.27964260 0.61161370 0.77861360
v -0.26423610 0.62271250 0.77768600
v -0.23229030 0.61431450 0.76940680
v -0.21574260 0.67233880 0.76093800
v -0.15198210 0.65979070 0.72723570
v -0.19448330 0.89204690 0.64575810
v -0.20430000 0.85885560 0.65588600
v -0.20824990 0.87531590 0.65398680
v -0.33059580 0.87004890 0.75587840
v -0.32456270 0.84916770 0.75772420
v -0.31042720 0.88132700 0.74444080
v -0.29349620 0.87365570 0.74134370
v -0.31237260 0.86044070 0.75125220
v -0.30335860 0.84372340 0.75305960
v -0.30649990 0.82237170 0.75925150
v -0.34785160 0.76142980 0.76440400
v -0.33596940 0.78239800 0.76520570
v -0.32787120 0.79932870 0.76436800
v -0.18758800 0.96407530 0.61681310
v -0.19170550 0.98579280 0.62077340
v -0.19806630 1.00162100 0.62861550
v -0.20700660 0.98945990 0.64010020
v -0.20370350 1.01151400 0.63572800
v -0.17439580 0.90368760 0.59185370
v -0.18550620 1.02514200 0.59854270
v -0.18535410 1.04438900 0.59644080
v -0.20094010 1.03309400 0.62849810
v -0.29038250 1.02834500 0.70501610
v -0.19669720 1.11953200 0.60131620
v -0.19354070 1.10509000 0.60130180
v -0.20019350 1.10440900 0.63931380
v -0.20918370 1.06942400 0.64217650
v -0.18805130 1.06021800 0.60342940
v -0.27890830 1.05398300 0.69464540
v -0.25256700 1.07735200 0.68212280
v -0.26163000 1.12134900 0.69961540
v -0.34356320 0.60458040 0.76647220
v -0.32762150 0.62577680 0.76038800
v -0.30784040 0.60815790 0.76658220
v -0.29394650 0.61814650 0.77406500
v -0.34780050 0.69156880 0.75921490
v -0.35534750 0.67261310 0.75888900
v -0.32594330 0.69348540 0.76643980
v -0.35508460 0.73884880 0.76253560
v -0.18774110 0.74196730 0.69549420
v -0.21296070 0.78627890 0.64701580
v -0.19971940 1.13713600 0.59899100
v -0.21592010 0.61131530 0.76525220
v -0.19788600 0.64110790 0.75869020
v -0.17005440 0.71783040 0.72066150
v -0.19086560 0.90869470 0.62961560
v -0.18991510 0.86884610 0.64120680
v -0.24675040 0.87907160 0.68754840
v -0.21914950 0.86394730 0.66973380
v -0.29449920 0.85934150 0.74541530
v -0.29052050 0.89413130 0.73693740
v -0.28699910 0.82833670 0.75298480
v -0.32985370 0.81751750 0.76286160
v -0.34550220 0.81125060 0.76217030
v -0.19256620 1.04168600 0.61354510
v -0.19354260 1.01950200 0.61646710
v -0.19290710 1.10964000 0.61813470
v -0.19694310 1.11552300 0.63340230
v -0.19996940 1.07500300 0.62879950
v -0.19840590 1.05875600 0.62622400
v -0.20977360 1.02470100 0.64259270
v -0.21952120 1.01303600 0.65655650
v -0.21549060 0.99991060 0.65219090
v -0.21781810 0.98211920 0.65956080
v -0.20942640 0.96534530 0.65255690
v -0.22393340 0.96266910 0.66747500
v -0.23646100 0.94383490 0.66870640
v -0.21161160 0.92824040 0.65977710
v -0.22860940 0.99906770 0.66828520
v -0.22435060 0.94021720 0.66626070
v -0.22980590 0.92227710 0.66419930
v -0.24641110 0.98685640 0.67761260
v -0.22006070 0.90905940 0.65895150
v -0.20163950 0.90997920 0.65229390
v -0.24115790 0.89453600 0.67860320
v -0.22406090 0.88557880 0.66996030
v -0.21485450 0.89443610 0.65648560
v -0.25947350 1.04144200 0.68412960
v -0.24767080 1.01993100 0.67853570
v -0.23890590 1.03554800 0.67219290
v -0.26572540 1.06586600 0.68734800
v -0.22835940 1.05491700 0.66292560
v -0.22021060 1.06604100 0.65522890
v -0.21143410 1.04816000 0.64438130
v -0.25561310 1.09555900 0.68967880
v -0.22813260 1.14237400 0.67907190
v -0.26597230 1.10499700 0.69628330
v -0.31141740 0.61988410 0.76602310
v -0.19576700 1.13006200 0.61911060
v -0.17146220 0.62115010 0.75218980
v -0.17918240 0.60539800 0.75522140
v -0.23621660 0.64087320 0.77099770
v -0.21544030 0.62921930 0.76475750
v -0.18237070 0.66993880 0.74546660
v -0.20430630 0.83910990 0.65075420
v -0.28965520 0.93857320 0.73330410
v -0.31264630 0.78702280 0.76519800
v -0.32328840 0.75373870 0.76884140
v -0.31285440 0.73594250 0.77110300
v -0.32044940 0.71422540 0.77015620
v -0.31161240 0.77318520 0.76704600
v -0.32869560 0.76992300 0.76701120
v -0.34078680 0.74902960 0.76687720
v -0.25912950 0.80105440 0.74282840
v -0.31133420 0.80613200 0.76244410
v -0.29349080 0.80386610 0.75872120
v -0.28312660 0.81875150 0.75473940
v -0.19974990 0.76863710 0.71059530
v -0.26438760 0.74649230 0.76230240
v -0.27479290 0.80537280 0.75603740
v -0.19911160 0.76224200 0.69855980
v -0.27460230 0.78291190 0.76014490
v -0.29125620 0.76561850 0.76420300
v -0.30629440 0.75341300 0.76944680
v -0.25551090 0.77961320 0.74625440
v -0.26888300 0.83679080 0.74229530
v -0.29266900 0.78720930 0.76138670
v -0.26954520 0.76790690 0.76103440
v -0.19814260 0.76981650 0.67927880
v -0.27997780 0.98270750 0.71816470
v -0.27401740 0.98654550 0.69846730
v -0.24294490 0.91318500 0.67688250
v -0.24586080 1.00454700 0.67772660
v -0.23331680 1.01720600 0.67012860
v -0.20655630 1.08878900 0.64288860
v -0.22577110 1.10410200 0.66698560
v -0.21158950 1.10177100 0.65488060
v -0.20611580 1.11689000 0.65421190
v -0.22042980 1.08547900 0.65880440
v -0.23002870 1.09361200 0.67236380
v -0.22225280 1.03206900 0.65725330
v -0.27016590 1.08550700 0.68991720
v -0.22249410 1.15550400 0.66846920
v -0.23870130 1.16125200 0.68262270
v -0.21208870 1.13583600 0.66131010
v -0.25681280 1.16200800 0.69254500
v -0.24926060 1.12795700 0.69678690
v -0.22974300 1.11731400 0.67776320
v -0.24191810 1.14671400 0.69012280
v -0.23558490 1.10469500 0.68213520
v -0.22067640 1.11443000 0.66265700
v -0.24596030 1.11355200 0.69181100
v -0.19417230 0.62129580 0.75915090
v -0.22932290 0.65596500 0.76668050
v -0.25667060 0.68056610 0.77386020
v -0.24640920 0.65959240 0.77317250
v -0.30553520 0.68922390 0.77294700
v -0.17023190 0.67678840 0.73785700
v -0.20024440 0.66372390 0.75715750
v -0.16548540 0.69506150 0.72915480
v -0.17738320 0.70586500 0.73691100
v -0.18040880 0.68769620 0.74287020
v -0.19604130 0.68293540 0.75220830
v -0.19159820 0.85055530 0.64135180
v -0.28474780 0.91624120 0.73564300
v -0.27131950 0.93207360 0.72841090
v -0.25643150 0.92981440 0.70616730
v -0.26059510 0.92465580 0.72159230
v -0.25125310 0.84215740 0.73230200
v -0.19409330 0.74997850 0.71261850
v -0.20775670 0.76430210 0.73917170
v -0.29967830 0.72264240 0.77238990
v -0.24661450 0.93348520 0.67592040
v -0.26673500 0.99375760 0.68454830
v -0.26606270 1.01699000 0.68521970
v -0.24348990 1.08979300 0.68122480
v -0.20183190 1.12911400 0.64205690
v -0.21205620 1.14447500 0.64957180
v -0.27068200 1.18303300 0.69125330
v -0.27216900 1.16096000 0.69940610
v -0.25412040 1.14448300 0.69722520
v -0.22384370 1.12773300 0.66865420
v -0.31696200 0.65721150 0.76577180
v -0.18071210 0.63353120 0.75437320
v -0.21758660 0.64827550 0.76398620
v -0.18444460 0.65261930 0.75249850
v -0.19113430 0.71673480 0.74405020
v -0.25705200 0.91966030 0.69138060
v -0.25347490 0.89897320 0.69805650
v -0.25179000 0.91317940 0.71329310
v -0.25781270 0.90051130 0.72873570
v -0.23750540 0.86448510 0.67962050
v -0.23138730 0.87899300 0.67794070
v -0.26182470 0.94178790 0.69101390
v -0.27570180 0.95376810 0.72420180
v -0.25727410 0.87172450 0.73475830
v -0.26096720 0.85480680 0.73703070
v -0.27429360 0.86815140 0.73966590
v -0.21563160 0.79269340 0.66544130
v -0.20763930 0.78934190 0.68250010
v -0.21433280 0.79682840 0.69563790
v -0.20403450 0.78425980 0.71213820
v -0.21019260 0.79795250 0.70807510
v -0.21426570 0.78478260 0.72567910
v -0.24181580 0.79700340 0.74582390
v -0.22468470 0.79713370 0.74168390
v -0.20309760 0.78298150 0.69732190
v -0.18155150 0.73900070 0.71787270
v -0.19377030 0.74843320 0.73309710
v -0.21560040 0.74535190 0.74482470
v -0.22649600 0.76301860 0.74729650
v -0.20160890 0.73169790 0.74174990
v -0.20029980 0.76681790 0.72268680
v -0.29454090 0.74074120 0.77006090
v -0.25520230 0.72828740 0.76178600
v -0.27328960 0.72472170 0.76804890
v -0.24965190 0.74130470 0.75596900
v -0.23648820 0.77969090 0.74838740
v -0.23799760 0.67565490 0.76620310
v -0.24005250 0.68838410 0.76393970
v -0.22309510 0.70249950 0.75852900
v -0.30297180 0.67454130 0.77359150
v -0.29344430 0.63085920 0.77446620
v -0.21196230 0.69360990 0.75705260
v -0.19536760 0.70198470 0.74636470
v -0.18372310 0.72750660 0.73278830
v -0.30466180 0.90123360 0.73698530
v -0.30325330 0.92255980 0.73261170
v -0.31761890 0.91119590 0.74479750
v -0.23453380 0.84725490 0.67765270
v -0.23876250 0.85048910 0.69453170
v -0.23101960 0.83332430 0.67455550
v -0.22329470 0.82936370 0.66219760
v -0.24418590 0.85947820 0.73137510
v -0.24238110 0.87915530 0.70570500
v -0.22238610 0.80922040 0.69186220
v -0.26720950 0.95872710 0.69556050
v -0.26158970 0.94439200 0.70962830
v -0.25892290 0.88516460 0.73309770
v -0.24597580 0.89146780 0.72031730
v -0.27941670 0.84959300 0.74357700
v -0.24081770 0.81364620 0.74084370
v -0.23561980 0.83199070 0.73327290
v -0.25715470 0.82442170 0.73704590
v -0.21700170 0.80560290 0.72493970
v -0.22424370 0.81641280 0.70610200
v -0.23208190 0.83185230 0.69491280
v -0.22417480 0.82599450 0.71876110
v -0.22881010 0.84134280 0.71327530
v -0.22417750 0.81543260 0.73222930
v -0.22080030 0.72763210 0.75049900
v -0.23758150 0.72982480 0.75545300
v -0.20776260 0.71562910 0.75056730
v -0.24972750 0.76002920 0.74957560
v -0.29077030 0.70529040 0.77336670
v -0.23746650 0.70187980 0.76092620
v -0.25386820 0.69618500 0.76759350
v -0.30931450 0.63877680 0.76813770
v -0.28095600 0.62351520 0.77763810
v -0.24337140 0.86555820 0.69432590
v -0.23478430 0.86064890 0.71171170
v -0.23459700 0.84787940 0.72638460
v -0.22018120 0.80263870 0.67463130
v -0.26194860 0.97261980 0.68312850
v -0.24314140 0.87571670 0.72439250
v -0.22735030 0.71476570 0.75644040
v -0.23500230 0.74467910 0.75088410
v -0.24543310 0.71388960 0.76189840
v -0.28607150 0.68532020 0.77526350
v -0.27591490 0.70312250 0.77311780
v -0.26291290 0.70675880 0.76915910
v -0.30368570 0.65913870 0.77250380
v -0.29157270 0.64807820 0.77635100
v -0.27509330 0.64224380 0.77932490
v -0.27505640 0.66596670 0.77950460
v -0.27024380 0.68688820 0.77766270
v -0.28828420 0.66793460 0.77735150
v -0.14481400 0.60024560 0.74417560
v -0.30994740 1.31366900 0.61271630
v -0.31408140 1.31594400 0.62962090
v -0.30102130 1.29931100 0.61826850
v -0.29030460 1.28245900 0.64336650
v -0.28913780 1.28126000 0.62636750
v -0.30232190 1.30013400 0.63668720
v -0.29956020 1.29692500 0.65259050
v -0.19768840 0.94338130 0.63046350
v -0.27997660 1.00129800 0.70915130
v -0.28838960 1.01381900 0.71407610
v -0.19906150 0.92732790 0.64390630
v -0.22064190 0.77887460 0.74485780
v -0.29879330 1.10692300 0.39155590
v -0.28404830 1.08634900 0.39318780
v -0.27769050 1.06838800 0.39932210
v -0.27345160 1.01504400 0.40380980
v -0.27097920 0.99699750 0.39923610
v -0.26724020 0.97785520 0.39573240
v -0.26581610 0.95780250 0.39344090
v -0.26182070 0.93650320 0.39269590
v -0.26266420 0.90205590 0.39142500
v -0.27129860 0.88348260 0.39406200
v -0.27848190 0.82454930 0.38074560
v -0.27321920 0.75035340 0.38372260
v -0.26971570 0.73357860 0.38517530
v -0.26506250 0.71498170 0.38617120
v -0.25876870 0.69690440 0.38634060
v -0.25247690 0.68189430 0.38904800
v -0.25422010 0.65976910 0.39208710
v -0.23934500 0.64869850 0.39896430
v -0.22152710 0.59968060 0.41705160
v -0.22317390 0.57966070 0.42018680
v -0.21500420 0.55886790 0.43578670
v -0.20658340 0.54273500 0.44203050
v -0.20034250 0.53026570 0.44963370
v -0.19967940 0.52797830 0.44955870
v -0.20030220 0.52594440 0.44989510
v -0.18697980 0.52546360 0.45885310
v -0.17436090 0.53066280 0.45945770
v -0.16181010 0.53830910 0.45279850
v -0.14991940 0.54650870 0.44504950
v -0.13696000 0.55231870 0.45289350
v -0.13902770 0.55621250 0.46880420
v -0.14339270 0.56109430 0.48445440
v -0.14855290 0.56680580 0.49942770
v -0.15078230 0.57241200 0.51378550
v -0.15240830 0.57766790 0.52745040
v -0.15794880 0.58274740 0.53811610
v -0.15559580 0.58710720 0.55027510
v -0.14756800 0.59037450 0.55991530
v -0.14280000 0.59266420 0.56420970
v -0.14134020 0.59254180 0.56683090
v -0.13351160 0.59212560 0.57882150
v -0.12722270 0.59124580 0.59252050
v -0.11671230 0.58906080 0.60796610
v -0.10304050 0.58663870 0.62459220
v -0.25464180 1.24264000 0.52782180
v -0.25501550 1.25388100 0.51261520
v -0.26594690 1.26436200 0.49436320
v -0.27861500 1.28344100 0.47827170
v -0.29511110 1.30271300 0.46498000
v -0.30822800 1.32076000 0.45118740
v -0.32244270 1.34204500 0.44176020
v -0.35175530 1.34264700 0.43772770
v -0.33194560 1.33193000 0.41302450
v -0.32698940 1.32309700 0.39487710
v -0.30447740 1.32404700 0.38947720
v -0.28744960 1.31769500 0.39238210
v -0.28004690 1.30236500 0.39874820
v -0.27450030 1.28495800 0.40700630
v -0.26824960 1.26585400 0.41398990
v -0.26080220 1.24384900 0.42144510
v -0.25359200 1.21825600 0.42476700
v -0.25207500 1.19326500 0.42396880
v -0.25487410 1.16656200 0.42096400
v -0.26371120 1.14563200 0.41440740
v -0.27669400 1.12735700 0.40387600
v -0.11388200 0.62084510 0.60608200
v -0.25016200 1.22957400 0.53971330
v -0.24093690 1.22207500 0.47524570
v -0.33616740 1.33941800 0.42741460
v -0.18529230 0.62021160 0.45893650
v -0.14090300 0.62479960 0.57306070
v -0.25977210 1.25548500 0.46836250
v -0.28235360 1.28705300 0.44565820
v -0.31756780 1.33337500 0.42104100
v -0.29896680 1.31143400 0.44277050
v -0.16457670 0.59076590 0.45273120
v -0.12031070 0.60335430 0.60381670
v -0.26929870 1.26894400 0.47706570
v -0.28546330 1.28965700 0.46366450
v -0.30754180 1.32890200 0.40577850
v -0.28855160 1.31426300 0.41455970
v -0.31168320 1.33227700 0.43562300
v -0.15465380 0.61517840 0.54215950
v -0.14315320 0.59878770 0.46152920
v -0.18242210 0.53802710 0.46046190
v -0.13935730 0.60626970 0.57056410
v -0.14693260 0.60704120 0.55963060
v -0.15640310 0.59879560 0.54163410
v -0.14647750 0.56439500 0.44749780
v -0.14438600 0.58079690 0.49121320
v -0.12914920 0.61209020 0.59042110
v -0.15175750 0.59402520 0.51938310
v -0.15741160 0.60570100 0.52929510
v -0.15222740 0.60102650 0.55327580
v -0.15744470 0.59360770 0.53298180
v -0.18962470 0.81207360 0.45656450
v -0.19089290 1.04876500 0.46862850
v -0.23128600 1.10564800 0.43402090
v -0.11345190 0.63882130 0.61761040
v -0.22999370 1.20254300 0.52118820
v -0.16065490 0.74795510 0.56350180
v -0.20010390 0.61052740 0.43937300
v -0.10050840 0.61223840 0.62414380
v -0.10636560 0.62411770 0.63094310
v -0.29088250 1.29925700 0.44593530
v -0.27363740 1.27325700 0.45796590
v -0.25981140 1.25275200 0.44698740
v -0.26939520 1.26782300 0.43606010
v -0.26285970 1.25329800 0.42986580
v -0.25437000 1.23539800 0.43441470
v -0.27497440 1.28109800 0.42593330
v -0.24832490 1.22983300 0.45001580
v -0.24309710 1.20597200 0.43993230
v -0.25037150 1.23940800 0.48184420
v -0.25010130 1.23871700 0.46360610
v -0.20934610 1.16503700 0.46969930
v -0.24975630 1.23206000 0.52135280
v -0.22378520 1.18531300 0.46491580
v -0.23722690 1.21024300 0.45951200
v -0.19361780 0.54151220 0.45482330
v -0.19824880 0.55306110 0.44786180
v -0.18572320 0.55699160 0.46068330
v -0.18161450 0.59017980 0.46139430
v -0.18541860 0.57427950 0.46111350
v -0.17107270 0.57520250 0.45486000
v -0.19405020 0.58939860 0.45328180
v -0.20515550 0.57359060 0.44321580
v -0.15849780 0.55791790 0.45291890
v -0.17215720 0.55606600 0.45833790
v -0.17506880 0.60642150 0.46136250
v -0.19164110 0.60193040 0.45497340
v -0.14684610 0.58492570 0.45179880
v -0.13888340 0.57516190 0.46034170
v -0.13993420 0.57889310 0.47602570
v -0.30120450 1.32107600 0.42749380
v -0.14610290 0.60427350 0.49731050
v -0.22151150 0.81359750 0.40993130
v -0.17578180 0.79120040 0.53840310
v -0.21764070 0.93233620 0.42348530
v -0.17751920 0.97933840 0.50016320
v -0.25172610 1.12458900 0.41658850
v -0.10395900 0.63914140 0.63829090
v -0.24299910 1.17835600 0.43283560
v -0.23128740 1.18363500 0.44862260
v -0.21884200 1.16250100 0.45261430
v -0.20934230 0.60648570 0.42809460
v -0.21417700 0.65267020 0.41429630
v -0.11959950 0.64040900 0.59961370
v -0.13000440 0.62749560 0.58807710
v -0.25628370 1.25204000 0.48921380
v -0.24857820 1.23398700 0.50050770
v -0.23986510 1.21741300 0.51166940
v -0.24160380 1.22357800 0.49092960
v -0.23019890 1.20442000 0.49935040
v -0.24108300 1.21652800 0.53069940
v -0.23673900 1.21442700 0.55407530
v -0.22720090 1.20046200 0.54213950
v -0.15754060 0.57564780 0.45019530
v -0.19638730 0.57113830 0.45237430
v -0.20083550 0.58934610 0.44148830
v -0.21016760 0.58605940 0.43203920
v -0.15315890 0.63667080 0.51955800
v -0.15676390 0.63589140 0.54530470
v -0.15543190 0.67041180 0.55245430
v -0.15938650 0.65412660 0.54306570
v -0.15841330 0.62377860 0.53105430
v -0.15935780 0.64354170 0.52816390
v -0.15135810 0.61357810 0.51409660
v -0.14653900 0.62462880 0.50510350
v -0.15240470 0.66935740 0.50237830
v -0.16157430 0.67297120 0.54087220
v -0.16019430 0.66218440 0.52767980
v -0.15724070 0.67669620 0.51489600
v -0.16179560 0.69271440 0.54647320
v -0.15146850 0.68881370 0.56192660
v -0.15641750 0.70990200 0.55316720
v -0.16724200 0.71233210 0.53868750
v -0.14860880 0.71035480 0.56759110
v -0.15843690 0.69949020 0.51458090
v -0.16426580 0.69994590 0.53256950
v -0.14337160 0.67895930 0.57528190
v -0.14966290 0.66764640 0.56263810
v -0.14207200 0.66541210 0.57698590
v -0.14002900 0.65103320 0.57833660
v -0.15219710 0.72497450 0.56200940
v -0.16388460 0.68509800 0.47845140
v -0.15807590 0.62690790 0.45517460
v -0.15502590 0.68683810 0.49764880
v -0.16251080 0.68472670 0.53156090
v -0.16034070 0.72587340 0.54498290
v -0.14268180 0.69785870 0.57982430
v -0.14305590 0.71423390 0.58391510
v -0.17026840 0.62691710 0.46087210
v -0.16330100 0.65015540 0.45813450
v -0.14874130 0.61581700 0.46005130
v -0.13439740 0.68360630 0.59581840
v -0.15653030 0.60534950 0.45205570
v -0.15026030 0.72557400 0.58734430
v -0.12829490 0.68744420 0.61994770
v -0.13573880 0.70229770 0.60185580
v -0.15081770 0.62013780 0.55404840
v -0.14552330 0.63900180 0.56807800
v -0.25223770 0.80788210 0.39187820
v -0.17019600 0.85141330 0.56643590
v -0.18395080 0.75977870 0.57730330
v -0.23895200 1.01405900 0.42263140
v -0.24466420 1.04506800 0.41991410
v -0.18093940 1.08509700 0.53259980
v -0.17753620 1.05494300 0.54514050
v -0.17414840 1.02392400 0.56094520
v -0.26907280 1.08233900 0.41126140
v -0.26315360 1.09789300 0.41640540
v -0.27240650 1.09742000 0.40129830
v -0.25282930 1.08113900 0.41919120
v -0.26548160 1.13033500 0.41379350
v -0.24645910 1.15385700 0.42565650
v -0.27796720 1.11546500 0.40088400
v -0.11307640 0.65812290 0.63993230
v -0.21855300 1.18575400 0.48327480
v -0.20912850 1.13227900 0.44792010
v -0.21615010 1.18052000 0.54543220
v -0.16930590 0.72106340 0.62056820
v -0.21818520 0.62120430 0.41540630
v -0.22516680 0.66009280 0.40509320
v -0.23780360 0.69247310 0.39292970
v -0.21775060 1.18678300 0.52543330
v -0.14766260 0.64209330 0.50348350
v -0.15463810 0.65568270 0.51456430
v -0.11900680 0.65718360 0.60850180
v -0.12757540 0.65754150 0.59112710
v -0.13101650 0.66977420 0.59231970
v -0.12851220 0.64358860 0.58803110
v -0.14430550 0.61909440 0.47629140
v -0.14191690 0.69594600 0.62120150
v -0.16158770 0.71866530 0.60471530
v -0.15643690 0.73966110 0.57637090
v -0.17254210 0.74686860 0.57992590
v -0.13341430 0.68331470 0.63764240
v -0.12240590 0.67589110 0.63921040
v -0.14701110 0.62243330 0.56223060
v -0.14874780 0.63611280 0.55785310
v -0.15040780 0.64948870 0.55359590
v -0.13926660 0.63754790 0.57859720
v -0.25761240 0.82487740 0.39258200
v -0.25293890 0.78097590 0.38513580
v -0.27283330 0.80933740 0.38072310
v -0.26845200 0.79059830 0.38028540
v -0.17217920 0.88257980 0.55147550
v -0.18615850 0.74552670 0.59734510
v -0.25991270 0.91829830 0.39192150
v -0.24275780 0.92583160 0.40200680
v -0.24462170 0.89224660 0.39315090
v -0.24824780 0.94721410 0.40246670
v -0.24249840 0.95564160 0.41519910
v -0.17608200 0.99561590 0.56797520
v -0.17674920 0.91760680 0.56752230
v -0.17496980 0.93895500 0.56198110
v -0.18031380 0.93812680 0.58521400
v -0.27046940 1.04794800 0.40706810
v -0.26245190 1.06339400 0.41412810
v -0.18270410 1.09234300 0.55296450
v -0.17931150 1.07129000 0.54394710
v -0.12406270 0.66983160 0.61827840
v -0.23060780 1.20329600 0.47682980
v -0.21755460 1.18623200 0.50397560
v -0.19355340 1.15409500 0.49801180
v -0.20508550 1.17025100 0.50833730
v -0.20489290 1.16733200 0.53318350
v -0.20511800 1.16792500 0.48701910
v -0.20173420 1.16838400 0.55519160
v -0.19143080 1.14945500 0.54507180
v -0.15735560 0.67034200 0.48665160
v -0.11382210 0.65318960 0.62381290
v -0.14380730 0.61590820 0.49146830
v -0.14195230 0.60149500 0.48339770
v -0.16525680 0.73352860 0.58919060
v -0.14525790 0.65263480 0.56457760
v -0.26897330 0.84460600 0.39026650
v -0.24527370 0.84230190 0.39846260
v -0.23478830 0.82468250 0.39789660
v -0.22495220 0.84173490 0.40341710
v -0.24609320 0.79258730 0.39226320
v -0.22650400 0.79763490 0.40023540
v -0.21477310 0.83018990 0.41389460
v -0.21359820 0.84806150 0.41612560
v -0.26692530 0.76800710 0.38010500
v -0.24529300 0.76725910 0.38731620
v -0.23286200 0.78154210 0.39451660
v -0.22688490 0.76526440 0.39808660
v -0.21900060 0.79852120 0.41034430
v -0.25208130 0.72987600 0.38515410
v -0.25624900 0.74841970 0.38287930
v -0.17254040 0.84938750 0.59092750
v -0.17481460 0.82507680 0.59453790
v -0.19108850 0.78742830 0.59515580
v -0.18985540 0.77436020 0.59726160
v -0.23584330 0.93637360 0.41755340
v -0.25362920 0.87706470 0.38939550
v -0.26885200 0.86611540 0.38531060
v -0.22653480 0.86088560 0.40306100
v -0.22089630 0.87332220 0.41894030
v -0.23254850 0.87871260 0.40115670
v -0.22960740 0.89203150 0.41533990
v -0.20844940 0.88386970 0.42366980
v -0.21327690 0.86071670 0.42301330
v -0.23956900 0.90546200 0.39996230
v -0.23022470 0.91433540 0.41853430
v -0.18912950 0.87010900 0.44407310
v -0.25120730 0.96956400 0.40552390
v -0.23262030 0.99518170 0.42532120
v -0.25204010 0.98610730 0.41197430
v -0.17204990 0.89322330 0.57378500
v -0.17413520 0.90424950 0.54795630
v -0.18764540 1.12731600 0.54544230
v -0.17492130 1.03598300 0.54398980
v -0.17526150 1.04179200 0.52890980
v -0.17728780 1.04294300 0.56397530
v -0.23958910 0.71021480 0.39096500
v -0.23166180 0.73018860 0.39513370
v -0.21058570 0.69244230 0.41067370
v -0.23646910 0.67116340 0.39607030
v -0.14921700 0.65436210 0.49608180
v -0.14993330 0.63895980 0.46800080
v -0.14731480 0.64473480 0.48441680
v -0.15039970 0.65677160 0.47651170
v -0.14528890 0.63152380 0.48710220
v -0.14699380 0.69396910 0.63643480
v -0.15699760 0.70802170 0.61931700
v -0.17185100 0.76037050 0.55578390
v -0.23324720 0.80681060 0.39700570
v -0.20422580 0.83744000 0.42565950
v -0.20382480 0.85008160 0.42868650
v -0.19802380 0.81666550 0.43603010
v -0.20384460 0.80629210 0.42697360
v -0.19764110 0.83460940 0.43363670
v -0.20409760 0.82146800 0.42584090
v -0.17103750 0.83506530 0.56049860
v -0.17162790 0.83067840 0.57823690
v -0.17296250 0.81786050 0.53397630
v -0.17056540 0.84044220 0.54017360
v -0.17176920 0.82482500 0.54860370
v -0.17595110 0.80529100 0.55373300
v -0.19044360 0.75800790 0.59638930
v -0.18330210 0.77430810 0.58058900
v -0.17968180 0.77695730 0.56187970
v -0.17917060 0.73553860 0.61733400
v -0.17349920 0.73504870 0.60074120
v -0.20012110 0.93461980 0.43685790
v -0.24872180 0.86225080 0.39261840
v -0.21317840 0.89981990 0.42300430
v -0.19159520 0.84840760 0.44535790
v -0.19766600 0.86338850 0.43155720
v -0.17983030 0.85702260 0.48618780
v -0.19111670 0.82764200 0.45073810
v -0.18722830 0.86043470 0.46104460
v -0.18439560 0.84665690 0.47154300
v -0.20425460 0.86996860 0.42568070
v -0.25417670 1.00128300 0.41195850
v -0.23372100 0.97447390 0.42328980
v -0.22471840 0.95066530 0.42128450
v -0.17851730 0.97386610 0.57903290
v -0.17479470 0.95617400 0.55553250
v -0.17253560 0.95615240 0.53042270
v -0.17303440 0.94097770 0.51440880
v -0.17351580 0.97563320 0.54938470
v -0.25782250 1.01548700 0.41192360
v -0.27076460 1.02988100 0.40482830
v -0.22765980 1.02789500 0.42947350
v -0.17543420 1.08132900 0.51056940
v -0.17598070 1.09425800 0.51782540
v -0.17948340 1.06722400 0.49875430
v -0.22401420 0.69403040 0.40106610
v -0.21166180 0.67017850 0.41335710
v -0.16492650 0.75699100 0.54255020
v -0.18094030 0.75279790 0.57815140
v -0.21194230 0.81071310 0.41787590
v -0.18203110 0.80089050 0.57633920
v -0.17049680 0.86226710 0.54947190
v -0.17123470 0.85764370 0.52677150
v -0.18606910 0.78561200 0.57881920
v -0.17397960 0.77516410 0.54125060
v -0.20739370 0.91731160 0.42803960
v -0.19507620 0.91699420 0.44364170
v -0.19814900 0.89941780 0.43173360
v -0.19449590 0.88195790 0.43522560
v -0.19038380 0.89588540 0.45106160
v -0.18781410 0.88328330 0.45896490
v -0.17030220 0.87314690 0.56663120
v -0.17758440 0.95540780 0.57546130
v -0.17320700 0.93546200 0.53544220
v -0.17973970 0.91634140 0.48836360
v -0.17488200 0.96041290 0.50670830
v -0.25184170 1.03010000 0.41639610
v -0.24006890 1.06065800 0.42103430
v -0.23357120 1.07626400 0.42305360
v -0.17590860 1.05575400 0.52135140
v -0.18301990 1.13452500 0.52319550
v -0.19512450 1.15576200 0.51887780
v -0.18658720 1.14355500 0.50743480
v -0.18451190 1.11889200 0.48016940
v -0.18564870 1.13432300 0.48864400
v -0.19513400 1.14632700 0.47687760
v -0.20575920 1.14553300 0.45815970
v -0.19923100 1.10216900 0.45160780
v -0.17806860 1.04255400 0.50763410
v -0.17614550 1.06792000 0.51749280
v -0.18103720 1.05395700 0.49481810
v -0.22327870 0.67820830 0.40307360
v -0.20425170 0.63191140 0.42926570
v -0.19674520 0.62180420 0.44347650
v -0.16225590 0.74440500 0.54135590
v -0.17511970 0.81615390 0.56845030
v -0.17825280 0.79450360 0.55778500
v -0.17931980 0.78634300 0.55810910
v -0.17654280 0.84255860 0.49621170
v -0.17174340 0.87406680 0.53490730
v -0.17210380 0.87076690 0.51828100
v -0.17210990 0.88894380 0.53065010
v -0.17598240 0.90207190 0.49838610
v -0.17231080 0.91077970 0.52357300
v -0.17366950 0.92445900 0.50846010
v -0.18996540 0.91507690 0.45624140
v -0.18571810 0.92270010 0.47017170
v -0.17678800 0.76630740 0.55666080
v -0.17296370 0.77743900 0.52225700
v -0.17106350 0.76960570 0.53273910
v -0.17378220 0.78636470 0.52492160
v -0.16919030 0.76495340 0.52920960
v -0.18665330 0.83385590 0.46461370
v -0.18502470 0.87155050 0.47142280
v -0.21764480 1.01222300 0.43436780
v -0.21320070 0.99172020 0.43226420
v -0.20266130 0.97800090 0.43910150
v -0.21619090 0.97045320 0.42752970
v -0.18828770 0.96860690 0.46422830
v -0.19605080 0.99970490 0.44952540
v -0.19455270 0.96762590 0.44894450
v -0.20454690 1.01114200 0.44437610
v -0.18579680 0.98331810 0.47890160
v -0.18912850 1.00365100 0.47332020
v -0.19193360 0.98857750 0.45571410
v -0.19587480 1.01524000 0.45674830
v -0.18629530 1.02328900 0.47928150
v -0.19684810 0.94877290 0.44342370
v -0.20641340 0.95803980 0.43350600
v -0.17318050 0.98022080 0.52199880
v -0.23192960 1.09016100 0.43181130
v -0.17940700 1.12256900 0.50037400
v -0.17642310 1.11003100 0.51594810
v -0.17635850 1.09676800 0.49905130
v -0.18360670 1.03738400 0.48512420
v -0.20286060 0.65483550 0.42718510
v -0.20892610 0.62136990 0.42533810
v -0.21277010 0.63492350 0.41828000
v -0.18640920 0.63790640 0.45248120
v -0.19611120 0.64227060 0.43751630
v -0.18165020 0.74159560 0.59687660
v -0.19089270 0.78993720 0.44885160
v -0.19544760 0.80233980 0.44219150
v -0.20057080 0.79501760 0.43142760
v -0.21018780 0.79318040 0.41844780
v -0.17492280 0.80210950 0.53603130
v -0.17388850 0.81192210 0.51482170
v -0.18532630 0.90113150 0.47113700
v -0.17943080 0.93928780 0.49147690
v -0.21122900 0.94401700 0.42830550
v -0.17749360 0.87235480 0.49335490
v -0.18363240 0.96282770 0.48255580
v -0.19345030 1.02911400 0.46109380
v -0.20710110 1.02605700 0.44430310
v -0.20471650 1.04323400 0.44852470
v -0.22002580 1.04438100 0.43481760
v -0.20494670 1.06988700 0.44717680
v -0.21926010 1.06057000 0.43632860
v -0.20299860 1.05610900 0.45079590
v -0.19212310 0.93464070 0.45198520
v -0.24598670 1.10752200 0.41754720
v -0.21252210 1.09695200 0.44096640
v -0.19077770 1.07657600 0.46382560
v -0.18470430 1.09331600 0.48210090
v -0.18057170 1.07842500 0.48688920
v -0.18874850 1.09810000 0.46491830
v -0.19300240 1.06675000 0.46218260
v -0.18532760 1.06368700 0.48028330
v -0.20002840 1.08443100 0.44993770
v -0.20088040 0.67964760 0.42787100
v -0.19974790 0.69526870 0.42881720
v -0.19570110 0.66699280 0.43519690
v -0.18158520 0.88726760 0.48189620
v -0.17548820 1.01365200 0.51864320
v -0.17626460 0.99745620 0.50998380
v -0.18068650 1.01288800 0.49419190
v -0.17787150 1.02895800 0.50787480
v -0.17326480 1.02215500 0.53495580
v -0.18061930 0.99524880 0.49277670
v -0.21845790 1.07845000 0.44081560
v -0.24151320 1.09396500 0.41889420
v -0.24026400 1.11849500 0.42874340
v -0.23928970 1.13618400 0.43040820
v -0.22221480 1.14407800 0.44133440
v -0.22376590 1.12454300 0.43728270
v -0.20850500 1.11639400 0.44436380
v -0.23156830 1.15858900 0.43808040
v -0.18010600 0.71969000 0.45829130
v -0.17469270 0.66457240 0.46332700
v -0.18766290 0.94832250 0.46487640
v -0.19345390 0.70639560 0.44371480
v -0.18980350 0.65905850 0.45086850
v -0.16898350 0.70301030 0.47569420
v -0.15906780 0.70204190 0.49390180
v -0.16042320 0.71884990 0.52112150
v -0.17117670 0.73497720 0.51411860
v -0.17110270 0.73238090 0.53042150
v -0.28003210 1.29741600 0.41636690
v -0.28762010 1.30195100 0.43026390
v -0.23989330 0.74824780 0.39023940
v -0.21808960 0.78168070 0.40522610
v -0.17286900 0.92035470 0.54590080
v -0.20501780 0.70579360 0.41570370
v -0.22139610 0.70894120 0.40202600
v -0.17512450 0.78276370 0.54374000
v -0.18065410 0.83204050 0.48384550
v -0.17555650 0.82905550 0.50346580
v -0.17819470 0.81929870 0.49426810
v -0.17925660 0.80835540 0.49009520
v -0.17524670 0.80060360 0.51022510
v -0.17532130 0.79463020 0.51538190
v -0.17268240 0.84166620 0.51638040
v -0.17258950 0.82732260 0.52228980
v -0.18333070 0.79684570 0.48751900
v -0.17725320 0.79326480 0.50283700
v -0.18735970 0.79223380 0.46159110
v -0.18425090 0.81844800 0.47311440
v -0.17379270 0.85510170 0.50730250
v -0.18426710 0.80403720 0.47376260
v -0.17369330 1.00959000 0.55610620
v -0.17270260 0.99923900 0.53766840
v -0.16715750 0.68789910 0.46060380
v -0.18495000 0.67953040 0.45706450
v -0.17111530 0.70854370 0.46343490
v -0.18522190 0.76283990 0.46750550
v -0.19355160 0.72804630 0.44552930
v -0.18938240 0.74841070 0.45434040
v -0.19307390 0.73933510 0.44367890
v -0.18467770 0.73227650 0.46214940
v -0.17367690 0.74628470 0.50225810
v -0.16584450 0.73005780 0.49927470
v -0.17855110 0.75881970 0.48794300
v -0.17491940 0.76220590 0.50724740
v -0.18202190 0.74418200 0.47154130
v -0.17358310 0.73983450 0.48656480
v -0.16739130 0.71748310 0.48858710
v -0.17236630 0.75148430 0.52161900
v -0.18145660 0.77431090 0.48065160
v -0.17759090 0.77056810 0.49667160
v -0.17396240 0.77122350 0.51418560
v -0.17960170 0.78476500 0.48806850
v -0.17632480 0.78283270 0.50720950
v -0.18071330 0.79035550 0.47751800
v -0.18441650 0.78020500 0.46949480
v -0.18857200 0.78221950 0.45889130
v -0.17287610 0.72373100 0.47305670
v -0.19131170 0.77594220 0.44482990
v -0.18952920 0.76594760 0.45536760
v -0.20478080 0.73720040 0.41709990
v -0.20724560 0.75135780 0.41523000
v -0.21539340 0.73950570 0.40631630
v -0.22206970 0.74884370 0.40106220
v -0.19788160 0.75101500 0.42827540
v -0.19741410 0.73630320 0.42894020
v -0.20267630 0.76333100 0.42163390
v -0.20497190 0.77868960 0.41955410
v -0.19313760 0.75815230 0.44286910
v -0.19895030 0.78417090 0.43038950
v -0.19562510 0.76926190 0.43240340
v -0.19892110 0.71615170 0.43074160
v -0.20189340 0.72339040 0.41992530
v -0.21339060 0.72449280 0.40687630
v -0.21089220 0.51955580 0.44226550
v -0.22176440 0.51860430 0.43659770
v -0.23621060 0.51775110 0.43605780
v -0.25104730 0.51726750 0.43632000
v -0.26527590 0.51647650 0.43722110
v -0.27964770 0.51318010 0.43820170
v -0.29405340 0.50738910 0.43947700
v -0.30630680 0.49858460 0.44216750
v -0.31977690 0.48926880 0.44522180
v -0.33324300 0.48043010 0.44781270
v -0.34698400 0.47254940 0.44951510
v -0.36351940 0.46663340 0.45093630
v -0.37696720 0.46076230 0.45310440
v -0.39086550 0.45698300 0.45723540
v -0.40392230 0.45565410 0.46739720
v -0.41380420 0.45802090 0.48287370
v -0.42565010 0.46262030 0.50139830
v -0.43691790 0.47143020 0.52302550
v -0.43990380 0.47733530 0.55197690
v -0.43939680 0.48178500 0.58177150
v -0.43865840 0.51128390 0.56661710
v -0.43303920 0.54064540 0.55622770
v -0.42659210 0.59241430 0.56089690
v -0.42502730 0.61537400 0.56312540
v -0.42418510 0.65523290 0.56715920
v -0.42313670 0.67782210 0.56356370
v -0.42520850 0.70096780 0.56240170
v -0.42680090 0.72384310 0.56177600
v -0.42867920 0.74724140 0.55882200
v -0.43240810 0.79598000 0.55753020
v -0.43972060 0.84503040 0.55418370
v -0.44528660 0.89507190 0.54750320
v -0.44422970 0.91817920 0.54963260
v -0.44301860 0.93488370 0.55429710
v -0.44161240 0.95305060 0.55321150
v -0.43779210 0.97094280 0.54820350
v -0.43192950 1.02777800 0.55871370
v -0.42651750 1.04931000 0.55155380
v -0.42590390 1.06759200 0.54832610
v -0.43039560 1.13144100 0.53940080
v -0.43141360 1.15109400 0.53996550
v -0.43026290 1.19191900 0.54062040
v -0.42864020 1.24381800 0.53657430
v -0.42494450 1.26727300 0.53159910
v -0.42051800 1.27657600 0.51376580
v -0.41625990 1.28564600 0.49587030
v -0.41004580 1.29775500 0.47885790
v -0.39944520 1.31329200 0.46087180
v -0.37750860 1.33179900 0.44510710
v -0.34766780 1.30884900 0.38997540
v -0.36359560 1.29174100 0.38828250
v -0.37496760 1.27089000 0.38958370
v -0.38144130 1.24789400 0.39378920
v -0.38384930 1.22596400 0.39570910
v -0.38286700 1.20381200 0.39764380
v -0.37720460 1.18154800 0.39635190
v -0.37032650 1.15806400 0.39298860
v -0.36034290 1.13867800 0.38430140
v -0.34252390 1.12272600 0.37620660
v -0.32584100 1.10958900 0.37671070
v -0.38382600 1.08029500 0.43173280
v -0.41603720 1.22612700 0.46187470
v -0.33303830 1.10746100 0.38575010
v -0.37772990 1.13986300 0.41293940
v -0.40328800 1.22680000 0.42413700
v -0.36454670 1.31594900 0.41589070
v -0.37633800 1.29615700 0.41146390
v -0.39632510 1.29947200 0.44780440
v -0.38818730 1.17105000 0.41096490
v -0.39609330 1.21449000 0.41166950
v -0.34967210 1.32841200 0.41788670
v -0.34855100 1.31910500 0.40447380
v -0.36940220 1.32519400 0.43136960
v -0.37406910 1.28422600 0.39920570
v -0.38568780 1.26013400 0.40511540
v -0.38551420 1.31651800 0.44355410
v -0.35457430 1.12648000 0.38024740
v -0.39371760 1.19040100 0.41144800
v -0.36226590 1.30428700 0.40152910
v -0.35546500 1.33583500 0.43109280
v -0.38708840 1.27774000 0.41661240
v -0.39321260 1.23758100 0.40998520
v -0.40490640 1.24684300 0.43422560
v -0.39644580 1.25313100 0.42028030
v -0.36378650 1.11695100 0.39577360
v -0.39261320 1.15424100 0.41932430
v -0.39734810 1.27499600 0.43202140
v -0.41038580 1.22577700 0.44333060
v -0.40782420 1.20464300 0.43178990
v -0.41149070 1.12894900 0.46621340
v -0.41189950 1.26191700 0.46429080
v -0.40311170 1.12647500 0.43799720
v -0.41178830 1.18967500 0.44304250
v -0.40656360 1.15304200 0.43566020
v -0.40269470 1.18417400 0.42353530
v -0.39532080 1.13951200 0.42526600
v -0.40615880 1.28851300 0.46252730
v -0.41630420 1.16826200 0.46760660
v -0.41507560 1.27072900 0.48425920
v -0.41600070 1.20883200 0.45797400
v -0.41180710 1.17098800 0.44662140
v -0.41749250 1.18734200 0.46506190
v -0.42106130 1.17874700 0.48172450
v -0.21135690 0.53037260 0.43710630
v -0.22628660 0.53219110 0.43179110
v -0.34047710 0.58678900 0.40823080
v -0.39517110 0.76338740 0.44772880
v -0.40937360 0.51151130 0.50609700
v -0.43826110 0.50037480 0.54717180
v -0.43567420 0.49251000 0.57002370
v -0.43902450 0.48534490 0.53744020
v -0.29669980 1.10202000 0.40169800
v -0.42274600 1.25781500 0.51583200
v -0.38362680 1.30333700 0.42763040
v -0.35465660 1.10951600 0.38119950
v -0.34176740 1.09246900 0.37903950
v -0.38921400 1.12409900 0.42430240
v -0.36436410 1.10290000 0.40684930
v -0.37425100 1.12033600 0.41506060
v -0.35653770 1.09116200 0.39261150
v -0.36383770 1.08173300 0.41387120
v -0.34440490 1.07257200 0.38831480
v -0.32879540 1.07300500 0.37902000
v -0.35576460 1.07243200 0.40109540
v -0.34959650 1.05963000 0.40211430
v -0.42354680 1.16585300 0.50192780
v -0.42054320 1.15944800 0.48517610
v -0.43145570 1.18218800 0.51849410
v -0.41698360 1.14510300 0.47785490
v -0.41663650 1.12867200 0.49011460
v -0.42191320 1.14544100 0.50329260
v -0.41085990 1.14889800 0.45560790
v -0.40481300 1.11249700 0.44883720
v -0.42985040 1.13661200 0.52101760
v -0.42157990 1.12775100 0.50605920
v -0.42757470 1.11997500 0.51868410
v -0.41755770 1.25329200 0.48655200
v -0.41216760 1.24548100 0.45457540
v -0.41987730 1.22095700 0.48063240
v -0.23783770 0.53078330 0.43145230
v -0.28186900 0.57457840 0.40532850
v -0.24397190 0.54886750 0.42575330
v -0.30960670 0.64708440 0.39643370
v -0.44589450 0.76234730 0.50178010
v -0.35884670 0.83807600 0.42838950
v -0.35600010 0.75975910 0.40295320
v -0.41966780 0.89987080 0.49979060
v -0.33599660 0.94358460 0.40660580
v -0.42980490 0.52823160 0.53627710
v -0.43103160 0.51127080 0.54310810
v -0.29657270 1.07059700 0.38711870
v -0.32563900 1.03752900 0.39170630
v -0.34528670 1.04716900 0.40519110
v -0.30443620 1.08627200 0.39014400
v -0.31533590 1.05777000 0.38492610
v -0.31245660 1.07668400 0.38333660
v -0.43096810 1.22153100 0.52494490
v -0.37543070 1.09193000 0.42246710
v -0.37794310 1.10619300 0.42170190
v -0.36618320 1.06848400 0.42044470
v -0.43101150 1.17425800 0.53748120
v -0.43123360 1.15867200 0.51974990
v -0.43209360 1.20042600 0.52416070
v -0.42102740 1.20003500 0.48191870
v -0.42441850 1.20435100 0.50625010
v -0.42112170 1.23855300 0.49793650
v -0.41603380 1.09166800 0.49823550
v -0.41728340 1.11083400 0.49824140
v -0.41075700 1.11357500 0.47494630
v -0.40489360 1.09908000 0.45737770
v -0.42574470 1.10297800 0.51875720
v -0.23042380 0.55964580 0.42226740
v -0.22400030 0.54413100 0.42834180
v -0.23488770 0.57826370 0.42131230
v -0.28952230 0.53584050 0.42325170
v -0.25808160 0.54213630 0.42981390
v -0.27229180 0.53482430 0.43046110
v -0.25407500 0.52776780 0.43331080
v -0.28124000 0.52610980 0.43252810
v -0.25329590 0.58847060 0.41287800
v -0.30894230 0.51333620 0.42544090
v -0.43973820 0.76501910 0.53319020
v -0.44465760 0.82318410 0.50532250
v -0.43368880 0.66059730 0.49795620
v -0.31882560 0.84295200 0.40303700
v -0.31280900 0.77328910 0.39505210
v -0.42179500 0.60126100 0.54711270
v -0.36420950 0.48212950 0.44506180
v -0.41125590 0.47240190 0.47523830
v -0.41807220 0.47145860 0.49132060
v -0.42691890 0.54426110 0.54031400
v -0.43485110 0.52775310 0.56080440
v -0.42576430 0.47452110 0.51466340
v -0.29607260 1.02831700 0.39263930
v -0.42981790 0.97897690 0.52910480
v -0.29212050 1.05464300 0.39078190
v -0.28818250 1.04023500 0.39392460
v -0.30716710 1.04259700 0.39178070
v -0.34410110 1.03130800 0.41167020
v -0.38491650 1.02814500 0.44990840
v -0.36227330 1.02118800 0.42766240
v -0.39193050 1.04925400 0.45444490
v -0.39432280 1.07087400 0.44928860
v -0.33050000 1.02083200 0.40539120
v -0.30650000 1.09344400 0.39956060
v -0.33425270 1.05649000 0.38843790
v -0.39392550 1.10194700 0.43430970
v -0.42164790 1.07236400 0.51840020
v -0.42682960 1.09637500 0.53656510
v -0.42862340 1.11299500 0.53707220
v -0.29141600 0.55313650 0.41023780
v -0.26154160 0.55847710 0.42386050
v -0.24556030 0.56906460 0.42310930
v -0.27273830 0.59763110 0.40046510
v -0.27782020 0.68190060 0.38519730
v -0.30267150 0.71181140 0.39071810
v -0.31982320 0.49953660 0.43212060
v -0.30266560 0.53029740 0.41619020
v -0.43222800 0.71343310 0.53111330
v -0.44673960 0.79953600 0.52547660
v -0.44795120 0.84577730 0.52719640
v -0.30502820 0.83108040 0.38631820
v -0.44292310 0.90722470 0.53083830
v -0.44026430 0.93290570 0.53390460
v -0.28628120 0.94572560 0.40094450
v -0.28818420 0.96278300 0.39667070
v -0.28959650 0.89781230 0.39766260
v -0.43122570 0.55510710 0.55555130
v -0.42906830 0.57020730 0.55585560
v -0.37992040 0.48361220 0.44563590
v -0.34962510 0.48612770 0.43601250
v -0.39123580 0.47177770 0.45464230
v -0.41680510 0.48070880 0.50937080
v -0.42889100 0.49346400 0.52349830
v -0.42349930 0.50926490 0.52071260
v -0.41211630 0.49579190 0.50688050
v -0.41704540 0.53004640 0.52473730
v -0.42399000 0.54900980 0.53793830
v -0.40877240 0.52883780 0.50928370
v -0.43490580 0.98853700 0.54882240
v -0.43582780 0.95822660 0.53396650
v -0.43004600 1.01122800 0.54524540
v -0.42411600 1.03234800 0.53614160
v -0.42738700 0.99581070 0.53002470
v -0.38087860 1.06079900 0.43578190
v -0.37574470 1.04030900 0.43583850
v -0.39646270 1.03064600 0.46541100
v -0.41151470 1.06402900 0.49165710
v -0.41566210 1.07794600 0.49945620
v -0.41271490 1.04041300 0.49724690
v -0.39781960 1.08800400 0.44636190
v -0.35134900 0.97641790 0.41806520
v -0.42560180 1.08077700 0.54039430
v -0.42352800 1.08636200 0.51824470
v -0.23585070 0.61154410 0.41196160
v -0.26290800 0.62252710 0.39768950
v -0.27866820 0.54779020 0.42161180
v -0.29829850 0.54487940 0.41154850
v -0.27606330 0.56106160 0.41353780
v -0.26508340 0.57528770 0.41190650
v -0.28783420 0.72234990 0.38229940
v -0.29429550 0.52081300 0.43083100
v -0.34226490 0.52934290 0.42457710
v -0.44133760 0.78494590 0.53639540
v -0.44401960 0.81114360 0.53840610
v -0.43969560 0.79674950 0.54326380
v -0.44651550 0.85964840 0.54020090
v -0.44565100 0.83590380 0.53860010
v -0.44576790 0.87584280 0.54537510
v -0.44706860 0.86877430 0.52820050
v -0.28649660 0.83538690 0.38005800
v -0.29653610 0.81396090 0.38315700
v -0.29080310 0.85400880 0.38068970
v -0.29128040 0.77687000 0.38236260
v -0.28965750 0.75586750 0.38158470
v -0.28422600 0.92898150 0.39881140
v -0.28157190 0.91353920 0.39545810
v -0.30386290 0.91540680 0.40188600
v -0.31481610 0.89721250 0.39219340
v -0.32374420 0.91322480 0.39763990
v -0.33186330 0.96632250 0.40914990
v -0.35177820 0.95189560 0.41792220
v -0.33382410 0.99053370 0.41497380
v -0.31081080 0.99077460 0.40400250
v -0.35708320 1.00139600 0.42346460
v -0.31208610 0.95666800 0.40767190
v -0.30862030 0.97614830 0.40681780
v -0.29564800 1.00485900 0.39242690
v -0.41753610 0.56809850 0.53786830
v -0.41197200 0.54405500 0.52281360
v -0.42412920 0.64010410 0.55603160
v -0.42238590 0.62578830 0.54736610
v -0.37479200 0.47198290 0.45012550
v -0.33140660 0.48930620 0.43486320
v -0.34030030 0.49997770 0.42562590
v -0.40785560 0.54682270 0.49054120
v -0.40230730 0.51001340 0.48175390
v -0.40705780 0.49591140 0.48831280
v -0.32347170 1.00719400 0.40614240
v -0.31193780 1.01904300 0.39322880
v -0.42891180 0.94003990 0.51930100
v -0.42204180 0.98733160 0.51390020
v -0.36121590 1.03653400 0.42379890
v -0.40276930 1.06344500 0.47060520
v -0.40380350 1.04806100 0.47629490
v -0.40796120 1.07927400 0.47998280
v -0.40887900 1.09743000 0.47697850
v -0.40256890 1.08108300 0.46215230
v -0.41510340 1.01661300 0.50057550
v -0.41836960 1.03794000 0.51604830
v -0.40639270 1.02524400 0.48065570
v -0.41603280 0.99559470 0.49856800
v -0.40807750 1.00723200 0.47985210
v -0.24181380 0.59237220 0.41628880
v -0.25484710 0.60820550 0.40313500
v -0.26080620 0.63906370 0.39535550
v -0.24505910 0.62611550 0.40186540
v -0.31194750 0.54159040 0.41153780
v -0.31994900 0.55189130 0.41307810
v -0.30843720 0.55633880 0.40874140
v -0.27011950 0.66905240 0.38768040
v -0.27310000 0.64792930 0.39059460
v -0.43019100 0.71137490 0.54958170
v -0.42941330 0.69060390 0.54352790
v -0.42377710 0.66279160 0.55103220
v -0.44814950 0.82542630 0.52394650
v -0.44709410 0.80785240 0.51018600
v -0.44267520 0.79588100 0.49539320
v -0.44580860 0.78182410 0.52151340
v -0.44722720 0.78415690 0.51076780
v -0.43338080 0.77310040 0.55072790
v -0.43902650 0.84788800 0.50676810
v -0.44623350 0.83749670 0.51331100
v -0.32682200 0.80455190 0.40457330
v -0.32114210 0.82397950 0.40551700
v -0.30803160 0.80640770 0.39558930
v -0.33891120 0.82795310 0.41616060
v -0.32153470 0.86303360 0.40324390
v -0.31425480 0.87550130 0.38936930
v -0.33939360 0.85306970 0.41879300
v -0.30758610 0.85362740 0.38540540
v -0.35564960 0.86021890 0.43186500
v -0.32639880 0.87879310 0.40046480
v -0.30179530 0.73740220 0.39245890
v -0.30396550 0.75766040 0.38945680
v -0.28639130 0.73898910 0.38153760
v -0.34067780 0.91034190 0.41002480
v -0.34319800 1.01247800 0.41680870
v -0.37161550 1.00549000 0.43661720
v -0.42191640 0.61251550 0.53370390
v -0.32848350 0.51268880 0.42097880
v -0.41032020 0.47998280 0.49140140
v -0.39598370 0.48841630 0.45650630
v -0.38235310 0.50142160 0.44295530
v -0.36101030 0.50458500 0.43298770
v -0.35544340 0.52623480 0.43573260
v -0.34359110 0.54925870 0.42590920
v -0.32624190 0.53907940 0.41683180
v -0.33243290 0.55432940 0.42072670
v -0.35103080 0.56564230 0.41877190
v -0.33914440 0.56997330 0.41443120
v -0.41342080 0.53532260 0.49816440
v -0.39934900 0.52752690 0.45929130
v -0.39507420 0.51069200 0.46808940
v -0.40901440 0.55108270 0.46975370
v -0.40940370 0.52570620 0.47666110
v -0.38924480 0.50971090 0.45723500
v -0.39228120 0.54802210 0.46291720
v -0.40454320 0.49546370 0.47224480
v -0.42531390 0.96150250 0.51578980
v -0.42198040 1.01094900 0.52004430
v -0.38868020 0.97190960 0.45660660
v -0.29410910 0.56679910 0.40557800
v -0.30545480 0.66278020 0.39345130
v -0.30281500 0.68454430 0.38609800
v -0.28414390 0.70059850 0.38257660
v -0.43527370 0.75240900 0.54112770
v -0.43335880 0.73000990 0.54202590
v -0.43091040 0.69594770 0.52219000
v -0.42889080 0.66650190 0.53474220
v -0.42389220 0.64950780 0.54359830
v -0.44453820 0.88682470 0.52742550
v -0.42890590 0.89833710 0.51518830
v -0.43053460 0.91909720 0.51968140
v -0.44512360 0.85838190 0.51815480
v -0.42895590 0.86584890 0.50617450
v -0.31092360 0.78925030 0.39305670
v -0.29253210 0.87126970 0.38415270
v -0.29604960 0.88519340 0.38909890
v -0.36314640 0.87987010 0.43759560
v -0.33474990 0.89217390 0.40671820
v -0.34493650 0.89476950 0.42274190
v -0.33504210 0.92603410 0.40371120
v -0.37474700 1.02301700 0.43824560
v -0.39496190 1.01463300 0.46350560
v -0.40169260 0.98826200 0.46705900
v -0.38453590 1.00810300 0.45198970
v -0.39405750 0.99609970 0.46078700
v -0.42684570 0.64196930 0.53309050
v -0.42445680 0.62352860 0.52340260
v -0.41776920 0.59144250 0.53441500
v -0.40481450 0.58663840 0.49610830
v -0.40385600 0.57056340 0.48344170
v -0.41078000 0.56180740 0.50462020
v -0.40873110 0.58268600 0.51117550
v -0.41381090 0.60401020 0.50905000
v -0.41378130 0.61336100 0.49051380
v -0.40549490 0.61169950 0.43230220
v -0.40048440 0.59380090 0.47628810
v -0.41501880 0.60920050 0.46814520
v -0.34762230 0.51350500 0.42875930
v -0.35858490 0.58312000 0.41373170
v -0.30911660 0.57531930 0.40626590
v -0.41220160 0.51582270 0.49099280
v -0.36179470 0.55715870 0.42820240
v -0.36776160 0.57732040 0.42817460
v -0.38713540 0.52435880 0.44762260
v -0.29118590 0.60584450 0.40059480
v -0.29034530 0.66408050 0.38872160
v -0.36623250 0.67990100 0.40983600
v -0.34554010 0.70996240 0.39515460
v -0.43011700 0.66820140 0.52212690
v -0.43639410 0.68326740 0.50764710
v -0.43061000 0.65272630 0.51532600
v -0.43610250 0.87756070 0.51453030
v -0.35049120 0.91298210 0.42163020
v -0.41585330 0.59892360 0.52323050
v -0.42656550 0.63106580 0.50570950
v -0.40529580 0.57510530 0.46308620
v -0.34337030 0.62600260 0.40171050
v -0.35657040 0.60550040 0.40651560
v -0.38857810 0.62523200 0.41825490
v -0.39278940 0.60576780 0.42307490
v -0.37412360 0.62086280 0.41228260
v -0.39902880 0.58985830 0.43299110
v -0.32281020 0.58482240 0.40943020
v -0.37079050 0.52159210 0.44028930
v -0.37786980 0.54530570 0.45275770
v -0.37797880 0.56339390 0.44493040
v -0.36598790 0.54326960 0.44304760
v -0.35792150 0.54196820 0.43068800
v -0.41101780 0.98325060 0.48090630
v -0.40420690 0.96750860 0.46659250
v -0.27991850 0.58751630 0.40193100
v -0.29396180 0.58838520 0.40237100
v -0.29237230 0.62198230 0.39695110
v -0.32860810 0.66704870 0.40044960
v -0.32227860 0.68184770 0.39157300
v -0.44479900 0.76249760 0.51883640
v -0.43876050 0.72216070 0.51851290
v -0.43230880 0.71056960 0.46670600
v -0.36166530 0.89964550 0.43900180
v -0.36603940 0.92149910 0.44200580
v -0.38165800 0.89055750 0.44023190
v -0.39560160 0.95467750 0.45830650
v -0.38907040 0.92476240 0.45157580
v -0.40618290 0.93618370 0.46294750
v -0.41075660 0.91843120 0.47007130
v -0.36531850 0.94349150 0.43846170
v -0.37676380 0.95862110 0.44840220
v -0.40965400 0.95056870 0.47100460
v -0.37589540 0.98277000 0.44538680
v -0.41443300 0.93688000 0.48272300
v -0.36469690 0.98593410 0.43042110
v -0.35232440 0.92999360 0.42083190
v -0.39645620 0.59078800 0.45293900
v -0.41444050 0.60732900 0.44578460
v -0.41536780 0.63356220 0.44051850
v -0.42475520 0.63347950 0.45853600
v -0.43809780 0.68983920 0.47676050
v -0.33350990 0.60339290 0.40165910
v -0.39236040 0.57305460 0.43733830
v -0.38426940 0.58288480 0.42738200
v -0.42162660 0.94198170 0.50546510
v -0.42306290 0.92044540 0.50704930
v -0.41729990 0.92257190 0.49235050
v -0.41366550 0.96178760 0.48329330
v -0.27542280 0.61472810 0.39714190
v -0.31128370 0.61003580 0.39782340
v -0.29230200 0.64205700 0.39023230
v -0.30783810 0.62788010 0.39288620
v -0.27775270 0.62952720 0.39595950
v -0.32384290 0.64041360 0.40141020
v -0.33592540 0.69398590 0.39299320
v -0.35176780 0.68224610 0.40263570
v -0.36657560 0.70491430 0.40464940
v -0.35898140 0.63698820 0.40743310
v -0.37438430 0.66909640 0.42047900
v -0.31928930 0.69905860 0.39057840
v -0.44378080 0.73800390 0.50957930
v -0.38468200 0.90683440 0.44487080
v -0.40350890 0.63122470 0.42623780
v -0.39091330 0.64988610 0.41891300
v -0.41046330 0.65855450 0.43006530
v -0.40109440 0.71783620 0.43932900
v -0.41053940 0.69026820 0.43129700
v -0.32521060 0.62102950 0.39674050
v -0.36199180 0.72773460 0.39923540
v -0.34414630 0.65532850 0.40968550
v -0.32332430 0.71895270 0.39797210
v -0.44110470 0.70867440 0.50589040
v -0.43972250 0.69555700 0.48884620
v -0.43465310 0.66167710 0.48237350
v -0.43145220 0.65884530 0.46791110
v -0.43018970 0.64107140 0.48941280
v -0.42700520 0.63493200 0.47659870
v -0.42301720 0.65629460 0.44768920
v -0.38468160 0.69386780 0.41501750
v -0.39231130 0.67782140 0.42687590
v -0.42026760 0.67763880 0.44101760
v -0.33265220 0.74257650 0.40280100
v -0.44259460 0.74517100 0.49001940
v -0.42419400 0.77945060 0.47291290
v -0.43464050 0.75834190 0.47858620
v -0.39726930 0.70545720 0.42067560
v -0.37002720 0.74900290 0.40313240
v -0.43032260 0.68202660 0.45767160
v -0.41556950 0.70141630 0.45093640
v -0.40333740 0.73738580 0.44828280
v -0.41261470 0.75906310 0.46307120
v -0.38949620 0.73219300 0.42892200
v -0.39694190 0.82280130 0.43604590
v -0.40050520 0.78593020 0.45965360
v -0.38135280 0.83299100 0.42495410
v -0.37679530 0.84863720 0.42815010
v -0.43391130 0.81527450 0.48910230
v -0.38309250 0.72349570 0.41084230
v -0.39140480 0.78349920 0.43332200
v -0.39772620 0.80345650 0.44146540
v -0.38663470 0.80337750 0.42300020
v -0.37625660 0.82010790 0.42043580
v -0.35806140 0.81767000 0.42376190
v -0.36658080 0.80133290 0.41405200
v -0.40536140 0.83652190 0.46881370
v -0.41610820 0.83107260 0.48577350
v -0.39530400 0.84546960 0.43696630
v -0.40518170 0.84208690 0.45257600
v -0.38236910 0.86288460 0.43306650
v -0.41216200 0.87097260 0.47734140
v -0.39153650 0.87716540 0.44008200
v -0.40960890 0.85703860 0.46782910
v -0.41139700 0.89786410 0.46918640
v -0.40840660 0.87451440 0.45890510
v -0.40353000 0.86123820 0.44869620
v -0.41138170 0.88353240 0.46810010
v -0.40176540 0.89353680 0.45106890
v -0.37993830 0.75014340 0.42076440
v -0.38861820 0.74995370 0.43464860
v -0.38659350 0.76625850 0.42969390
v -0.34429530 0.80022990 0.41755890
v -0.32875530 0.78548130 0.41013400
v -0.35130390 0.78079830 0.40746220
v -0.37707950 0.77692950 0.41175960
v -0.40064520 0.81031990 0.45800500
v -0.41560070 0.81743970 0.48196300
v -0.41397520 0.88526710 0.48489260
v -0.41590590 0.86873490 0.49475540
v -0.41097790 0.85230560 0.48478580
v -0.42483700 0.85093250 0.49384820
v -0.42223320 0.88305010 0.50509660
v -0.43258620 0.83413980 0.49401040
v -0.42217380 1.06191000 0.53169870
v -0.41799080 1.05821100 0.51066280
v -0.33866490 0.87499320 0.41965340
v -0.36511770 0.96499050 0.43314210
v -0.31906480 0.76247970 0.40291110
v -0.33452640 0.76360090 0.40715110
v -0.37914540 0.54608570 0.76427430
v -0.39456750 0.54144750 0.76189950
v -0.41035490 0.53887300 0.75837260
v -0.42495640 0.53784550 0.75857350
v -0.43908790 0.53641090 0.76156390
v -0.45370400 0.53428470 0.76294520
v -0.46367630 0.53173580 0.75480090
v -0.45665520 0.52885990 0.74198610
v -0.44321330 0.52710730 0.73487490
v -0.43118650 0.52273660 0.73066260
v -0.42048220 0.52134100 0.71588860
v -0.42597670 0.51850340 0.69793700
v -0.43419490 0.51619270 0.68010130
v -0.44318430 0.51275970 0.66347110
v -0.45115520 0.50708000 0.64823800
v -0.45731810 0.50212030 0.63397330
v -0.46037440 0.49606290 0.61837110
v -0.44983070 0.49060780 0.60219350
v -0.43086410 0.48939660 0.60072210
v -0.42676610 1.27944800 0.54725830
v -0.42815700 1.29345700 0.56158730
v -0.42933780 1.30888200 0.57594130
v -0.42440830 1.32634900 0.59105170
v -0.40848220 1.34924900 0.60541500
v -0.40041310 1.33594700 0.66438990
v -0.41480770 1.31982500 0.66942810
v -0.42628870 1.30231700 0.67099570
v -0.43346450 1.28275400 0.67252380
v -0.43666560 1.26125800 0.67510870
v -0.43700070 1.23988300 0.67963150
v -0.43615760 1.21739200 0.68776050
v -0.43154770 1.19618100 0.70102210
v -0.41644520 1.17840800 0.71038240
v -0.39276480 1.17312900 0.70475130
v -0.41303450 1.33450900 0.64022810
v -0.42477550 1.10819300 0.67179610
v -0.44157830 1.25692000 0.64556000
v -0.39702410 1.34612800 0.63434140
v -0.43131640 1.28868600 0.57572450
v -0.43574550 1.17116100 0.68944490
v -0.44078550 1.25078900 0.66175690
v -0.41030510 1.33001400 0.65530990
v -0.43149050 1.29446300 0.65702770
v -0.42212660 1.32637900 0.60574330
v -0.34835450 1.15347400 0.72712980
v -0.43895840 1.20636500 0.67061890
v -0.39544460 1.34236900 0.65168450
v -0.39221860 1.35586700 0.61950060
v -0.40543070 1.17070300 0.70796070
v -0.43408780 1.27598900 0.58241780
v -0.43009720 1.27076700 0.55961850
v -0.43731680 1.19538200 0.68597350
v -0.44074890 1.22797600 0.66740240
v -0.42903280 1.18156100 0.70317980
v -0.43353400 0.49985320 0.59929720
v -0.43295150 0.51100580 0.59455740
v -0.43076750 0.61412980 0.67085520
v -0.42365910 0.77351570 0.69209740
v -0.45077260 0.62770340 0.75611960
v -0.37667810 0.55851850 0.77383030
v -0.42870130 1.04612400 0.62274720
v -0.37324300 1.09926200 0.71584270
v -0.43744290 1.27321900 0.66052020
v -0.43179180 1.29967100 0.59323000
v -0.35161490 1.13475900 0.72136960
v -0.35074320 1.11992800 0.72009470
v -0.37585980 1.12487400 0.71923830
v -0.43379700 1.23986000 0.56374000
v -0.42331520 1.15209500 0.69953240
v -0.44392620 1.21698200 0.64663740
v -0.44389320 1.23711600 0.64343170
v -0.44441680 1.24411900 0.61935700
v -0.44453470 1.21399900 0.59762240
v -0.44603510 1.21964300 0.62120260
v -0.44410320 1.23454700 0.60059340
v -0.44660110 1.19737500 0.61256780
v -0.44582900 1.19711400 0.63424860
v -0.43961320 1.23368200 0.58269980
v -0.44636700 1.17864100 0.62328570
v -0.43647340 1.18284400 0.66809660
v -0.45453030 0.50355280 0.60257500
v -0.43250830 0.63071150 0.62772470
v -0.42789090 0.80177840 0.74154810
v -0.43907130 0.74326260 0.62589660
v -0.42218090 0.97694250 0.63373010
v -0.42718860 0.69084650 0.76199040
v -0.39336270 0.58323930 0.78065760
v -0.42517430 0.54901510 0.75765450
v -0.42007410 0.56790590 0.76081610
v -0.40473770 0.57111450 0.77307350
v -0.42937280 0.58011920 0.75997200
v -0.40673410 0.55308280 0.76673510
v -0.43301120 1.10657100 0.57314250
v -0.43253800 1.07676200 0.58547630
v -0.36499880 1.06945700 0.72025690
v -0.43562890 1.16454000 0.55765350
v -0.43748830 1.27219700 0.59767340
v -0.43331040 1.29653100 0.62427350
v -0.43058590 1.30560400 0.64094480
v -0.42289500 1.31661600 0.65153610
v -0.43753020 1.28072100 0.64016530
v -0.43945170 1.27180900 0.61864460
v -0.36935710 1.14290000 0.72293400
v -0.39187320 1.14038300 0.71343820
v -0.33809990 1.10461800 0.72344590
v -0.33055060 1.12018200 0.72420600
v -0.40216150 1.10724000 0.70070590
v -0.36193750 1.10883300 0.71996900
v -0.38827220 1.11103000 0.71219300
v -0.35674940 1.08909600 0.72194710
v -0.40762160 1.13694200 0.69836520
v -0.39227850 1.09643400 0.70593680
v -0.42973810 1.25625600 0.54972570
v -0.43423850 1.25591000 0.57115510
v -0.44092760 1.19668200 0.65543710
v -0.42600680 0.53419930 0.58077110
v -0.42776800 0.52048700 0.57963810
v -0.43448800 0.60680060 0.59001660
v -0.45572760 0.55836330 0.73095880
v -0.36459830 0.95472150 0.73929220
v -0.42152500 0.91152590 0.61563810
v -0.38293840 0.57183380 0.77825200
v -0.37394640 0.59412250 0.78323630
v -0.43698580 1.19874300 0.56060270
v -0.43988970 1.20726300 0.58062900
v -0.43084240 1.10981400 0.55531270
v -0.43338870 1.04096300 0.57449640
v -0.33608610 1.06819900 0.72443930
v -0.43925290 1.25582100 0.59009510
v -0.43522750 1.28681200 0.60895010
v -0.42979710 1.30565500 0.61174610
v -0.42302110 1.32124600 0.62466800
v -0.44255520 1.25798300 0.62839420
v -0.44193470 1.25709300 0.60594460
v -0.38022330 1.08267900 0.71265480
v -0.33388070 1.08728500 0.72339220
v -0.46534460 0.54636280 0.60989190
v -0.43020530 0.65085690 0.58547800
v -0.44741730 0.58111650 0.59139810
v -0.44750750 0.52500830 0.65202170
v -0.43947940 0.53336770 0.66594340
v -0.39090770 0.84999110 0.74530980
v -0.37965400 0.89485330 0.74978330
v -0.42709010 0.82932120 0.57380340
v -0.42246640 0.86837850 0.60613580
v -0.34756180 0.94325940 0.74493040
v -0.35906470 1.00231500 0.73015850
v -0.42942460 0.91828050 0.58808090
v -0.46261220 0.54962010 0.75821350
v -0.43721390 0.55939280 0.75906320
v -0.38771570 0.61493790 0.78072870
v -0.38608760 0.69497490 0.76735970
v -0.39871680 0.68568220 0.77168080
v -0.39317150 0.74636890 0.76036530
v -0.42985390 1.20932200 0.54591310
v -0.43626420 1.18368700 0.55643120
v -0.44354720 1.15554300 0.61494010
v -0.44355220 1.19536300 0.59405830
v -0.44382400 1.17416700 0.59975220
v -0.42981280 1.09414400 0.55817880
v -0.42963690 1.07886200 0.56420090
v -0.43480980 1.10722000 0.59112440
v -0.43241360 1.12629000 0.55628240
v -0.43770270 1.13014000 0.59539140
v -0.43437250 1.14429900 0.55925810
v -0.34925320 1.07599100 0.72347790
v -0.35213810 1.05136000 0.72439120
v -0.40569870 1.09055600 0.69199840
v -0.42728630 0.69733320 0.58871030
v -0.43167550 0.62584510 0.58783750
v -0.43035530 0.54833950 0.68058650
v -0.45658160 0.51942100 0.63489380
v -0.45206830 0.54209920 0.73532320
v -0.42619430 0.54423610 0.72080650
v -0.43407820 0.53458780 0.72918220
v -0.37869870 0.78867560 0.75147260
v -0.37032570 0.84751850 0.75371480
v -0.36221210 0.89361070 0.75395820
v -0.35878950 0.92711750 0.74777360
v -0.36044240 0.91410670 0.75097070
v -0.43668420 0.82146610 0.55490670
v -0.42752330 0.80986290 0.57008450
v -0.43110120 0.84700480 0.56942320
v -0.42518780 0.76146380 0.57115180
v -0.34947250 0.96796480 0.73861790
v -0.34485340 0.98706860 0.73426610
v -0.34124620 1.00802500 0.72967290
v -0.36680370 0.98396230 0.73252740
v -0.44087950 0.96381310 0.56306820
v -0.43954550 0.94507540 0.57154570
v -0.43976960 0.97987920 0.56564600
v -0.43885250 0.92571880 0.57028520
v -0.43324160 0.93607500 0.58357380
v -0.43826440 0.90589530 0.56830270
v -0.44889980 0.55085530 0.76244280
v -0.45729690 0.56724820 0.76113880
v -0.44525640 0.57239260 0.75943240
v -0.46444880 0.54316160 0.74548540
v -0.46933810 0.58075890 0.75285850
v -0.46549480 0.59760810 0.75609120
v -0.39731990 0.63437590 0.77614650
v -0.38463250 0.71309770 0.76246180
v -0.39640160 0.72388780 0.76515000
v -0.39838550 0.70281800 0.76962990
v -0.42908020 0.71005730 0.75787480
v -0.41111900 0.71039520 0.76634660
v -0.42340650 0.72866000 0.75604590
v -0.40846220 0.72885920 0.76078920
v -0.44061790 0.75871660 0.73304120
v -0.42373380 0.75872520 0.74952800
v -0.41466930 0.74302130 0.75327690
v -0.38080010 0.65053340 0.77528470
v -0.38090940 0.67133940 0.77174190
v -0.40530250 0.61465790 0.77474420
v -0.41931280 0.59932130 0.76401960
v -0.39302260 0.59921410 0.78183070
v -0.40999650 0.58930280 0.77408690
v -0.41615940 0.58268710 0.76502960
v -0.43048230 1.06177800 0.56913260
v -0.43239780 1.09007100 0.57828430
v -0.43431920 1.12125000 0.57377630
v -0.44063920 1.13636100 0.61821790
v -0.43631400 1.13868300 0.57691120
v -0.43887000 1.16056500 0.58014950
v -0.33432790 1.04887900 0.72538130
v -0.41530730 1.10333800 0.68755730
v -0.41485820 1.11967200 0.69803580
v -0.42233360 1.11527700 0.68540830
v -0.44541900 0.52726910 0.58944590
v -0.45549440 0.51769330 0.59871170
v -0.46174360 0.53194960 0.60452090
v -0.46163880 0.51536460 0.61767340
v -0.46210850 0.53033420 0.62334000
v -0.42294190 0.68970690 0.57250170
v -0.42566390 0.66897230 0.57790770
v -0.43375050 0.62810350 0.60476760
v -0.42733710 0.63180440 0.57305840
v -0.44060960 0.59827800 0.60139910
v -0.42828570 0.58776520 0.57333380
v -0.42679330 0.56923690 0.57149450
v -0.42636620 0.55267890 0.57298390
v -0.43688320 0.58591050 0.58327910
v -0.42452100 0.53727770 0.69837190
v -0.45350570 0.53834560 0.64130510
v -0.45582850 0.55644130 0.64278180
v -0.46314000 0.55436880 0.73816970
v -0.44138000 0.56313350 0.72843260
v -0.38768340 0.80628690 0.74986500
v -0.38942960 0.77012190 0.75638310
v -0.37925580 0.76589780 0.75332980
v -0.39916670 0.86503240 0.74144040
v -0.37455590 0.87291930 0.75236460
v -0.42905960 0.83422790 0.73335980
v -0.41413230 0.84753970 0.74181490
v -0.38028330 0.83123270 0.74987430
v -0.40784200 0.88884960 0.73884910
v -0.42633510 0.78300620 0.57012480
v -0.42298950 0.81918700 0.58891170
v -0.43747210 0.79494220 0.62013860
v -0.42552810 0.81018860 0.60524910
v -0.43610150 0.81913130 0.62093930
v -0.42336410 0.79490750 0.59649610
v -0.42242000 0.83358350 0.60107410
v -0.42773670 0.86495370 0.58009030
v -0.43552470 0.88301530 0.57014280
v -0.43767870 0.84204250 0.62926300
v -0.42280820 0.71302590 0.57754080
v -0.38124490 1.00100600 0.72401120
v -0.37999940 0.96651190 0.73294900
v -0.43709850 0.95954870 0.58031060
v -0.43313090 0.97271390 0.59404400
v -0.43573310 0.99463870 0.58995120
v -0.42372940 0.93114010 0.60643210
v -0.42308720 0.96723530 0.61432980
v -0.46779570 0.55875420 0.75011660
v -0.46886190 0.57060780 0.74073610
v -0.46107640 0.57375280 0.73123160
v -0.45496690 0.58357840 0.72722820
v -0.38700280 0.62939290 0.77868420
v -0.44909090 0.71270690 0.73288530
v -0.43853540 0.72491360 0.74969210
v -0.39300170 0.65496890 0.77549640
v -0.40793660 0.60296020 0.77437910
v -0.43321350 0.61237830 0.75791920
v -0.44903470 0.60072330 0.75979460
v -0.43312610 1.05028600 0.58658030
v -0.43733850 1.12100600 0.60736160
v -0.34063550 1.02741400 0.72735120
v -0.43270620 1.09711000 0.62888590
v -0.42451440 1.07767900 0.65362960
v -0.41018140 1.07451700 0.68368160
v -0.45612230 0.54975400 0.59664270
v -0.44137970 0.54970000 0.58642290
v -0.43549080 0.66522810 0.60211010
v -0.42927080 0.67579830 0.58968660
v -0.42986150 0.60971100 0.57717530
v -0.43920910 0.56707810 0.58220090
v -0.42852460 0.57143730 0.68460190
v -0.42529890 0.56046910 0.70929780
v -0.42656740 0.57585810 0.70423640
v -0.43398230 0.58991260 0.70686090
v -0.42727940 0.58695630 0.68768120
v -0.44261270 0.56666160 0.66678310
v -0.43913380 0.58437530 0.67047000
v -0.44133460 0.54852780 0.72586010
v -0.37022770 0.93916860 0.74196990
v -0.38903490 0.94763880 0.73463500
v -0.40488050 0.92635810 0.73256000
v -0.42452090 0.79671180 0.57763600
v -0.42275650 0.77380880 0.58840140
v -0.42285330 0.85039940 0.59133940
v -0.40015690 0.96579310 0.72362790
v -0.39190120 0.98286960 0.72375860
v -0.43688730 1.00505700 0.56678460
v -0.43573990 1.01996700 0.58332010
v -0.42697940 0.89848130 0.59075910
v -0.42570360 0.88251680 0.59105200
v -0.42450530 0.99138410 0.61502900
v -0.43149170 1.00945800 0.60503840
v -0.42716980 0.95181220 0.60099270
v -0.42196810 0.94589010 0.61793370
v -0.39780320 0.78546310 0.75396690
v -0.40376840 0.76373700 0.75613100
v -0.43760310 0.75033680 0.74528460
v -0.42034220 0.60818320 0.76362610
v -0.43627980 0.59469460 0.75887650
v -0.45080710 0.61461530 0.75786630
v -0.46513260 0.61756000 0.75098880
v -0.46912000 0.60101680 0.74342740
v -0.46879160 0.58774710 0.73765350
v -0.46703560 0.62004600 0.73796710
v -0.44623960 0.61577710 0.72329040
v -0.46080580 0.62695400 0.72802480
v -0.44050340 0.59983840 0.72431330
v -0.46080230 0.60568980 0.72964830
v -0.43200660 1.05164600 0.60739230
v -0.43285020 1.03534000 0.60245420
v -0.42787730 1.02750100 0.61981830
v -0.43271730 1.06379400 0.59376370
v -0.36193980 1.01528100 0.72714620
v -0.36379230 1.03048000 0.72426490
v -0.42745400 1.09852400 0.65414240
v -0.42904300 1.07995700 0.63657100
v -0.43471300 1.10383200 0.61276730
v -0.43371300 1.09146100 0.60098060
v -0.43066000 1.06468400 0.61859170
v -0.42586430 1.06064300 0.64310400
v -0.41839210 1.08828700 0.67274030
v -0.41952470 1.06429000 0.66512830
v -0.42140470 1.04528700 0.66028170
v -0.41145860 1.05309300 0.68024300
v -0.40010370 1.05819600 0.69601430
v -0.39622060 1.07744400 0.70065420
v -0.43659810 0.70185320 0.62325090
v -0.43366850 0.64229730 0.60029960
v -0.43751880 0.61559910 0.60997940
v -0.42799630 0.60133380 0.70174830
v -0.38533360 0.92759280 0.74061290
v -0.41566210 0.91575690 0.69991610
v -0.42255930 0.93020950 0.62744840
v -0.42206620 0.95527420 0.63133550
v -0.41536550 0.78444790 0.74970370
v -0.43351760 0.81262360 0.73208070
v -0.45143160 0.58588310 0.76140710
v -0.43232490 1.07783300 0.61050770
v -0.42481160 1.03894400 0.63816920
v -0.40934050 1.00583600 0.68726030
v -0.42745780 0.65914370 0.63882780
v -0.43131180 0.66632100 0.62015790
v -0.43537960 0.59720640 0.67631270
v -0.41851510 0.92090440 0.71840690
v -0.42766880 0.85573800 0.72862640
v -0.43113420 0.94264810 0.64085000
v -0.43708980 0.78671030 0.73312820
v -0.43755600 0.77371010 0.72429100
v -0.43625990 0.76106450 0.71834300
v -0.44288140 0.74141730 0.73034280
v -0.44697410 0.69365930 0.72138040
v -0.42358810 1.01497300 0.62744500
v -0.42329500 0.99979530 0.64000600
v -0.40165260 1.02544300 0.69984520
v -0.42714750 0.96365620 0.66904130
v -0.43752210 0.72315590 0.61504830
v -0.42944360 0.64638290 0.62802530
v -0.43274500 0.63338120 0.66820090
v -0.43007020 0.67532650 0.65659170
v -0.43012470 0.63809700 0.64695820
v -0.43067990 0.65260310 0.66162890
v -0.42922250 0.64737450 0.68344960
v -0.42991640 0.68122810 0.63555110
v -0.43100500 0.71862290 0.66127350
v -0.43247820 0.69660290 0.66099100
v -0.43596470 0.68317410 0.61768850
v -0.43821610 0.60432990 0.62346420
v -0.43580170 0.61795040 0.65491930
v -0.42996720 0.83482350 0.71737040
v -0.41243450 0.90500910 0.73315640
v -0.41656510 0.89674030 0.70134250
v -0.42317860 0.89884180 0.71406920
v -0.42331010 0.88027420 0.72751760
v -0.42870700 0.74227420 0.69843540
v -0.44322390 0.68951520 0.75163500
v -0.40326570 1.04158100 0.69334530
v -0.41443840 1.03695100 0.67609920
v -0.41088060 1.02278000 0.68338190
v -0.39952400 1.00865300 0.70824600
v -0.42968340 0.98466230 0.64861680
v -0.42841750 0.98243190 0.66383660
v -0.41469720 0.98464410 0.68022940
v -0.43490580 0.68901060 0.60207520
v -0.43186020 0.68537170 0.67230330
v -0.42732400 0.61151100 0.69255840
v -0.42821170 0.62993640 0.68775170
v -0.43120430 0.64947590 0.69955820
v -0.44904740 0.63438520 0.71827220
v -0.43235780 0.63348790 0.70644460
v -0.44623540 0.65747360 0.71587900
v -0.45170650 0.67534370 0.72557130
v -0.46556910 0.63902540 0.74375240
v -0.45627640 0.64640790 0.74988470
v -0.46223810 0.65877070 0.74204060
v -0.44473950 0.59129960 0.61633550
v -0.44175270 0.58583170 0.65257540
v -0.41024610 0.94492080 0.72126030
v -0.43213420 0.81863320 0.71930490
v -0.42592340 0.87079020 0.71400300
v -0.41689290 0.87016640 0.73688450
v -0.43631730 0.73890120 0.71409460
v -0.42987580 0.75899310 0.70579780
v -0.42488690 0.75353460 0.68497750
v -0.43240580 0.71983860 0.70440870
v -0.42721870 0.72595160 0.68361680
v -0.43616970 0.69905960 0.70859840
v -0.43276440 0.68237190 0.69924000
v -0.42955650 0.68628420 0.68674870
v -0.44132200 0.67470100 0.71480320
v -0.43512030 0.66445430 0.70634110
v -0.44330940 0.71859050 0.72097770
v -0.44376850 0.71094900 0.74733770
v -0.45244470 0.69696100 0.73735550
v -0.42217140 1.02581700 0.66589050
v -0.41876520 1.00273100 0.67428580
v -0.43235550 0.96698210 0.64911560
v -0.43424150 0.94725110 0.65584590
v -0.40616990 0.98891690 0.69551180
v -0.40773590 0.97640240 0.70793740
v -0.40238880 0.99179200 0.71096520
v -0.41246780 0.95822240 0.70519310
v -0.42962210 0.70508020 0.67403920
v -0.42868780 0.70660450 0.69032250
v -0.43280750 0.62822150 0.75667900
v -0.41493680 0.62438900 0.76534030
v -0.42427570 0.66690560 0.76229260
v -0.44407720 0.66506270 0.75151920
v -0.43190930 0.69987410 0.64472350
v -0.43547970 0.72130770 0.63800200
v -0.43281790 0.74435570 0.60660690
v -0.43748350 0.59966000 0.63905820
v -0.43612710 0.59656620 0.65769560
v -0.44448610 0.58745430 0.63089270
v -0.45423070 0.57530880 0.61482120
v -0.45194620 0.56643900 0.59578190
v -0.46190290 0.56035740 0.60893200
v -0.45204600 0.57823970 0.63219720
v -0.46056450 0.56462650 0.62701320
v -0.45064170 0.57354690 0.64799800
v -0.43531720 0.74324290 0.64781350
v -0.42811050 0.74314740 0.66925500
v -0.43993110 0.76257050 0.63659480
v -0.43467060 0.76648090 0.65690090
v -0.42613930 0.76707340 0.67312420
v -0.42948000 0.76584170 0.60424690
v -0.44065970 0.77810650 0.63235580
v -0.43005730 0.66659510 0.67377350
v -0.42896740 0.66374880 0.68650490
v -0.45687500 0.67569440 0.74165590
v -0.42652990 1.02086200 0.65022260
v -0.42843060 1.00281800 0.65903810
v -0.42908200 0.94014970 0.66722850
v -0.40989220 0.96903100 0.68742290
v -0.41297130 0.94970520 0.68197950
v -0.41603490 0.93862470 0.69987780
v -0.41907590 0.64236690 0.76409400
v -0.42394750 0.78243550 0.67901830
v -0.43768990 0.75935230 0.61857080
v -0.41530440 0.92996320 0.67860450
v -0.44059560 0.81079890 0.63615800
v -0.44066010 0.79543420 0.64195210
v -0.42680290 0.80442350 0.67223760
v -0.43027020 0.78856490 0.66576670
v -0.43824880 0.80702140 0.65481160
v -0.42007410 0.81376330 0.68676630
v -0.42511220 0.80524040 0.70630400
v -0.42750250 0.82487230 0.67360760
v -0.42259310 0.81983860 0.70364440
v -0.42123040 0.79544770 0.69019100
v -0.42827220 0.78239450 0.70722170
v -0.43361210 0.79748900 0.71844530
v -0.43536300 1.16629200 0.66578710
v -0.43388220 1.14694000 0.68079830
v -0.44043880 1.14841900 0.63430800
v -0.42501100 1.13093800 0.69258300
v -0.44194320 1.16356200 0.63889660
v -0.43613920 1.13171800 0.64211980
v -0.43028910 1.12504300 0.66813000
v -0.43155070 1.11340300 0.64865220
v -0.43642180 1.11696500 0.62744210
v -0.38493170 1.06012200 0.71069770
v -0.39254470 1.04470200 0.70495330
v -0.37018110 1.04818200 0.71972600
v -0.43891100 1.18405300 0.57658170
v -0.41738530 0.82219550 0.74436710
v -0.40807700 0.80334860 0.74952660
v -0.40040100 0.82745760 0.74680000
v -0.42884010 0.87703010 0.62784130
v -0.43914680 0.88871550 0.64444010
v -0.43776330 0.90924030 0.64677380
v -0.42895670 0.91955680 0.63585080
v -0.42924880 0.89956880 0.63196780
v -0.42203520 0.89028940 0.61251490
v -0.41551050 0.90640650 0.68122260
v -0.43153740 0.89962200 0.66545860
v -0.43680860 0.87922120 0.65776740
v -0.38246020 1.02135000 0.71821750
v -0.38321840 1.03868400 0.71424730
v -0.42613060 0.85017890 0.71043060
v -0.42890470 0.72156460 0.59744390
v -0.43989460 0.84602010 0.64980830
v -0.43531190 0.86150230 0.66298670
v -0.44088860 0.82458170 0.64471200
v -0.41879050 0.85948480 0.68360520
v -0.42965890 0.84342850 0.67261770
v -0.41853450 0.83479900 0.68866520
v -0.41555440 0.87973140 0.68930770
v -0.41806750 0.88193440 0.70381160
v -0.41703770 0.86186590 0.69859920
v -0.42303850 0.87934030 0.67382090
v -0.41667950 0.89160790 0.68096300
v -0.43982610 0.86420360 0.63914780
v -0.42709790 0.85622800 0.61917590
v -0.43070340 0.91796650 0.66607310
v -0.43651370 0.92635950 0.65069090
v -0.32277410 1.16984900 0.71209430
v -0.26502630 1.11364000 0.41493970
v -0.28972860 1.11873400 0.39822350
v -0.25155240 1.13975700 0.41929790
v -0.18403320 1.11122800 0.53269870
v -0.19292900 1.12333900 0.46383900
v -0.40546400 1.27030500 0.44848720
v -0.36881190 1.14235900 0.39465550
v -0.31575790 1.09660700 0.38389360
v -0.30696460 1.10037800 0.38061370
v -0.37681190 1.15908000 0.40412670
v -0.32467040 1.08811000 0.39349150
v -0.41033910 1.34090500 0.62084000
v -0.40042760 1.15902500 0.70068550
v -0.39835610 1.12274900 0.70920250
v -0.41255260 1.17238100 0.70406270
v -0.38221500 1.15695000 0.71813680
v -0.37788630 1.16814700 0.72109340
v -0.35255880 1.16522600 0.72731300
v -0.41758140 1.16701400 0.70423720
v -0.43506770 1.14681900 0.65676370
v -0.36835520 0.63941080 0.77236190
v -0.21990800 0.58681170 0.76448010
v -0.34677800 1.35331600 0.65090330
v -0.16387060 0.59311290 0.75067790
v -0.26309490 0.66082600 0.77736940
v -0.13563260 0.66281750 0.71552340
v -0.12099520 0.63611620 0.71260680
v -0.15839420 0.70678720 0.63548210
v -0.33833130 0.84614780 0.75914280
v -0.24749360 1.05775900 0.67675360
v -0.33306560 0.72894310 0.76736260
v -0.22718160 0.90233440 0.66844210
v -0.23136710 0.97668760 0.67118790
v -0.26784710 0.82123060 0.74765960
v -0.27906070 0.74653550 0.76543160
v -0.26895150 0.96418350 0.71118180
v -0.27331890 0.90572920 0.73513050
v -0.28443420 0.72241590 0.77115230
v -0.22778910 0.81973200 0.68525380
v -0.13495760 0.61316490 0.57978080
v -0.15746960 0.67118830 0.46563200
v -0.14767530 0.71287690 0.60428880
v -0.17238740 0.86970160 0.58276770
v -0.19299360 0.68155550 0.44319410
v -0.17360130 0.89193490 0.50805690
v -0.18531990 0.69667060 0.45605540
v -0.21430360 0.76525880 0.40808040
v -0.41679020 1.24269600 0.47389350
v -0.40463660 1.17221400 0.42829150
v -0.42937380 1.22432200 0.54754160
v -0.36118150 1.05117100 0.41939150
v -0.42262550 1.21620700 0.49842590
v -0.28809930 0.79789970 0.38069900
v -0.42221330 0.58311250 0.54655880
v -0.40760710 0.48232740 0.47143840
v -0.40106160 0.47356720 0.46247850
v -0.41279930 0.57236190 0.52504490
v -0.43903260 0.86202610 0.55877610
v -0.31112020 0.93278420 0.40540150
v -0.28784450 0.98376850 0.39365190
v -0.44201500 0.77679510 0.49220610
v -0.32271650 0.56571090 0.41459330
v -0.39807650 0.56369680 0.45334240
v -0.37445070 0.59691330 0.41357480
v -0.43926870 0.74056280 0.52470570
v -0.38365480 0.93716410 0.45174000
v -0.40229450 0.91600200 0.45553230
v -0.41450980 0.90769260 0.48259210
v -0.43319060 0.73958750 0.47351810
v -0.41879100 0.72809140 0.45807040
v -0.43110650 0.79673210 0.48182540
v -0.41161970 0.80005930 0.47410840
v -0.31874510 0.74554070 0.40134360
v -0.37180950 0.80994770 0.75350010
v -0.44133430 1.18037800 0.64934830
v -0.39154460 0.56121740 0.77240820
v -0.43659260 1.22004400 0.56632280
v -0.44417430 0.54623150 0.65935130
v -0.43321000 0.52742410 0.67935490
v -0.39169530 0.88686220 0.74260290
v -0.39401500 0.91051060 0.74108050
v -0.43435290 0.61483460 0.71397260
v -0.44538090 0.72951320 0.73849030
v -0.45846390 0.65690660 0.73075580
v -0.43601970 0.64310010 0.75482190
v -0.40297430 0.64757620 0.77008940
v -0.46246750 0.55044970 0.62448100
v -0.43893510 0.78398480 0.64964460
v -0.43432750 0.82652150 0.66361280
v -0.32294440 0.57520730 0.76169500
v -0.20349720 0.76909860 0.65714940
v -0.16193700 0.64628450 0.74301650
v -0.15061080 0.70049760 0.69097590
v -0.28185660 1.03540500 0.69541890
v -0.28260640 1.09501300 0.69445090
v -0.28045910 1.01209800 0.69670940
v -0.32522140 0.61130110 0.76061540
v -0.24012420 0.96834500 0.67352670
v -0.23721170 1.12777200 0.68774280
v -0.29770870 0.81252740 0.75809640
v -0.22390170 0.81460810 0.66996350
v -0.10584170 0.60106650 0.61919720
v -0.14979180 0.59172920 0.50679510
v -0.22780730 0.63284190 0.40848570
v -0.15643910 0.73672620 0.55703750
v -0.17938480 0.64732330 0.46183440
v -0.18348360 0.80545140 0.58973730
v -0.15955880 0.72077220 0.50780790
v -0.42415100 1.18757300 0.50367150
v -0.42456490 1.23412800 0.51246610
v -0.41894330 0.97334200 0.50267590
v -0.31914430 0.52693260 0.41551980
v -0.36814750 0.49402210 0.43704260
v -0.41758500 0.95467890 0.49584570
v -0.31180050 0.59713440 0.40447270
v -0.34608770 0.74431290 0.39951030
v -0.35909850 0.66254560 0.41500090
v -0.37216570 0.64764870 0.41274690
v -0.33857700 0.72759350 0.39667560
v -0.40339940 0.82550170 0.45468310
v -0.40355160 0.82103680 0.46509170
v -0.36448580 1.15803300 0.72335350
v -0.33563470 1.13932100 0.72526490
v -0.41193770 0.68576570 0.76818200
v -0.44069100 1.15111900 0.59802360
v -0.38062430 0.74083610 0.75652250
v -0.39740610 0.66914920 0.77322630
v -0.41168960 0.66835070 0.76574740
v -0.43205280 0.64412270 0.61395620
v -0.41841380 0.84291090 0.69841260
v -0.42305990 0.73421190 0.58178790
v -0.43506840 0.70568480 0.60420270
v -0.43469080 0.77610090 0.74153940
v -0.43574910 0.58234460 0.72238460
v -0.43629180 0.61758720 0.63233180
v -0.45898610 0.64479840 0.72670240
v -0.42429760 0.74915630 0.59228950
v -0.43529100 0.77960010 0.61445710
v -0.44190850 0.72303250 0.48792590
f 26 27 142
f 29 105 28
f 142 27 28
f 142 25 26
f 38 39 129
f 164 134 163
f 135 164 23
f 126 35 36
f 44 45 116
f 191 21 22
f 36 37 125
f 19 238 239
f 210 211 255
f 40 120 39
f 30 2372 105
f 19 239 18
f 2372 113 106
f 105 29 30
f 111 104 154
f 353 18 239
f 34 35 122
f 589 91 586
f 81 82 83
f 585 587 112
f 288 192 286
f 75 103 199
f 294 269 17
f 93 94 204
f 10 533 229
f 277 11 12
f 587 145 112
f 15 267 14
f 49 169 736
f 87 118 2305
f 5 231 4
f 81 83 111
f 189 2 2405
f 1862 163 22
f 31 32 113
f 189 188 2
f 231 284 4
f 150 166 105
f 96 160 95
f 206 209 208
f 172 91 92
f 123 118 88
f 109 44 116
f 2305 108 86
f 111 154 114
f 84 104 83
f 79 80 114
f 117 174 113
f 584 127 588
f 75 76 103
f 91 172 586
f 235 161 190
f 155 120 40
f 125 37 38
f 582 128 153
f 118 123 124
f 43 44 109
f 124 123 127
f 121 109 128
f 123 89 127
f 45 46 110
f 58 220 219
f 110 100 116
f 46 139 110
f 177 178 99
f 151 33 34
f 585 78 583
f 47 101 46
f 117 33 151
f 196 50 51
f 33 117 32
f 242 55 300
f 119 155 41
f 42 121 119
f 221 218 220
f 122 175 151
f 53 194 240
f 110 116 45
f 240 2310 816
f 114 584 583
f 127 89 90
f 86 108 85
f 139 46 101
f 41 42 119
f 118 124 154
f 74 75 198
f 199 750 198
f 112 77 78
f 79 583 78
f 108 104 84
f 109 121 43
f 104 111 83
f 2305 86 87
f 118 87 88
f 81 111 80
f 117 113 32
f 123 88 89
f 108 84 85
f 114 583 79
f 119 121 128
f 126 122 35
f 588 586 587
f 66 67 230
f 121 42 43
f 114 154 124
f 30 31 2372
f 104 108 2305
f 118 154 2305
f 750 140 73
f 100 177 181
f 71 252 70
f 111 114 80
f 461 136 352
f 280 230 278
f 223 852 270
f 125 126 36
f 155 40 41
f 175 122 126
f 129 125 38
f 405 183 404
f 130 129 120
f 115 130 405
f 120 2306 130
f 115 212 2304
f 322 318 319
f 227 532 410
f 230 342 65
f 161 189 190
f 135 165 164
f 245 52 921
f 698 169 48
f 100 110 139
f 100 139 138
f 138 139 48
f 148 143 145
f 171 72 73
f 147 246 102
f 205 92 93
f 148 144 143
f 166 142 105
f 135 25 142
f 23 24 135
f 145 143 77
f 145 149 148
f 144 103 143
f 143 76 77
f 103 102 199
f 112 145 77
f 144 147 102
f 146 173 304
f 149 145 587
f 149 146 148
f 586 149 587
f 144 148 304
f 166 150 97
f 237 150 106
f 113 2372 31
f 460 2307 107
f 151 175 176
f 151 34 122
f 109 152 128
f 128 152 153
f 109 116 181
f 153 152 99
f 99 152 177
f 152 109 181
f 99 178 2309
f 589 127 90
f 2306 120 155
f 419 411 420
f 270 271 328
f 363 496 534
f 282 395 446
f 345 235 285
f 208 141 206
f 188 233 160
f 21 191 2303
f 164 163 1862
f 163 134 192
f 23 164 1862
f 166 165 135
f 346 165 97
f 134 164 165
f 165 166 97
f 142 166 135
f 350 238 351
f 416 415 411
f 261 215 216
f 215 261 2308
f 298 299 2373
f 301 433 2373
f 214 179 2309
f 2309 178 213
f 137 177 138
f 48 169 138
f 72 71 864
f 253 201 251
f 203 95 483
f 172 92 205
f 146 205 173
f 172 205 146
f 205 204 173
f 249 173 206
f 106 113 174
f 150 2372 106
f 151 174 117
f 176 254 174
f 175 210 176
f 311 310 210
f 169 137 138
f 178 177 137
f 256 261 216
f 178 137 213
f 2309 179 180
f 214 2309 213
f 49 213 137
f 185 2374 182
f 183 582 184
f 152 181 177
f 180 184 153
f 582 153 184
f 115 405 457
f 184 180 185
f 182 183 184
f 2308 261 314
f 184 185 182
f 314 2374 185
f 318 320 277
f 353 239 293
f 411 415 431
f 370 273 334
f 7 8 228
f 282 446 2377
f 435 591 434
f 533 11 277
f 278 67 68
f 281 342 230
f 308 307 302
f 342 281 374
f 133 233 235
f 483 95 160
f 1 2 2282
f 188 161 233
f 483 484 450
f 209 204 203
f 190 189 234
f 188 189 161
f 284 190 234
f 193 162 236
f 163 191 22
f 346 237 2379
f 238 20 351
f 293 239 350
f 265 57 218
f 197 51 52
f 921 2310 245
f 197 52 168
f 168 52 245
f 196 213 50
f 199 198 75
f 144 102 103
f 140 199 102
f 249 304 173
f 403 356 306
f 70 305 69
f 140 171 73
f 202 72 171
f 171 247 251
f 252 202 201
f 203 204 94
f 95 203 94
f 173 204 206
f 205 93 204
f 208 209 207
f 483 160 484
f 307 309 302
f 204 209 206
f 483 209 203
f 349 254 310
f 286 192 134
f 254 176 310
f 151 176 174
f 211 126 212
f 255 107 311
f 211 175 126
f 211 312 255
f 357 212 115
f 125 2304 126
f 312 211 212
f 50 213 49
f 214 213 196
f 214 196 215
f 215 197 168
f 297 259 258
f 258 259 257
f 216 215 168
f 217 168 245
f 217 194 258
f 257 464 256
f 168 217 2375
f 185 180 179
f 153 99 180
f 2309 180 99
f 100 138 177
f 116 100 181
f 185 179 2308
f 262 58 59
f 263 59 60
f 243 355 242
f 262 220 58
f 262 361 468
f 57 219 218
f 218 219 220
f 508 517 506
f 266 355 243
f 409 221 220
f 368 15 16
f 186 2311 267
f 271 955 62
f 273 62 63
f 329 272 328
f 224 333 61
f 263 361 262
f 592 226 6
f 592 6 225
f 7 225 6
f 226 337 283
f 282 231 232
f 6 226 274
f 228 8 187
f 187 8 227
f 187 276 228
f 228 225 7
f 229 9 1885
f 227 8 9
f 10 11 533
f 227 229 532
f 9 229 227
f 230 67 278
f 279 68 69
f 281 280 159
f 369 335 342
f 232 231 5
f 454 399 480
f 160 96 188
f 235 233 161
f 484 233 133
f 189 3 234
f 285 190 284
f 235 190 285
f 193 236 20
f 191 192 193
f 163 192 191
f 150 237 97
f 237 106 348
f 239 238 350
f 236 351 20
f 293 350 167
f 294 18 353
f 326 269 325
f 245 240 217
f 295 53 241
f 299 54 55
f 241 195 295
f 241 54 299
f 299 242 2373
f 57 265 56
f 221 244 266
f 196 51 197
f 240 245 2310
f 304 250 147
f 246 200 247
f 102 246 140
f 170 247 200
f 171 251 202
f 140 247 171
f 246 247 140
f 200 248 170
f 200 246 147
f 309 141 208
f 248 200 250
f 304 147 144
f 250 249 141
f 247 170 251
f 253 251 170
f 141 249 206
f 202 252 71
f 356 252 201
f 356 305 252
f 338 339 279
f 201 202 251
f 254 106 174
f 106 254 348
f 211 210 175
f 257 256 2375
f 2375 256 216
f 464 260 256
f 258 257 2375
f 464 257 359
f 297 258 194
f 260 98 314
f 179 214 2308
f 263 262 59
f 264 263 60
f 361 263 264
f 60 333 264
f 315 361 264
f 316 361 317
f 266 265 218
f 300 56 243
f 221 266 218
f 266 244 355
f 13 14 2311
f 319 186 323
f 368 267 15
f 268 222 16
f 268 17 269
f 16 222 368
f 222 268 269
f 271 270 955
f 223 270 328
f 273 271 62
f 330 332 377
f 329 328 271
f 329 331 272
f 334 63 64
f 64 65 335
f 369 336 370
f 275 226 283
f 226 275 274
f 5 275 232
f 337 226 592
f 276 434 228
f 227 410 187
f 499 187 410
f 410 470 499
f 568 131 2380
f 187 499 276
f 435 434 2318
f 277 531 533
f 279 278 68
f 305 279 69
f 338 279 305
f 339 280 278
f 371 340 159
f 230 65 66
f 335 65 342
f 373 281 159
f 281 373 374
f 283 282 232
f 283 343 282
f 231 282 2377
f 283 232 275
f 392 395 343
f 4 284 234
f 284 2377 285
f 446 344 399
f 134 165 346
f 346 97 237
f 134 346 286
f 288 347 287
f 347 286 2379
f 288 287 292
f 351 290 289
f 162 292 290
f 292 162 288
f 192 288 162
f 292 291 290
f 291 352 289
f 291 289 290
f 167 289 352
f 417 293 2313
f 269 294 325
f 194 53 295
f 298 296 195
f 354 474 512
f 297 194 295
f 298 433 296
f 299 298 195
f 242 299 55
f 265 243 56
f 242 300 243
f 425 354 296
f 309 208 303
f 450 485 453
f 208 207 303
f 250 141 248
f 250 304 249
f 252 305 70
f 201 253 306
f 308 403 306
f 307 306 253
f 306 307 308
f 302 309 303
f 447 302 303
f 403 308 481
f 248 309 307
f 309 248 141
f 170 248 307
f 310 176 210
f 311 107 578
f 310 311 563
f 255 311 210
f 512 259 354
f 256 260 261
f 2308 314 185
f 260 314 261
f 315 391 317
f 264 333 360
f 361 315 317
f 318 277 12
f 318 322 320
f 12 13 318
f 2311 318 13
f 267 2311 14
f 318 2311 319
f 366 545 323
f 502 321 364
f 321 320 322
f 364 321 322
f 321 157 365
f 323 322 319
f 324 323 186
f 186 267 367
f 2313 412 417
f 269 326 222
f 411 327 326
f 590 328 272
f 273 329 271
f 330 329 273
f 330 370 332
f 377 375 376
f 378 379 331
f 330 331 329
f 377 332 375
f 360 224 593
f 333 224 360
f 335 334 64
f 374 398 336
f 273 370 330
f 338 305 356
f 339 338 371
f 278 279 339
f 230 280 281
f 481 372 403
f 302 482 308
f 341 397 398
f 282 343 395
f 340 441 439
f 284 231 2377
f 401 2377 446
f 441 442 455
f 456 451 345
f 286 346 2379
f 402 348 349
f 348 254 349
f 563 349 310
f 289 167 350
f 290 351 236
f 350 351 289
f 519 520 575
f 414 352 136
f 414 167 352
f 353 293 417
f 294 353 325
f 195 297 295
f 297 296 354
f 242 355 2373
f 266 243 265
f 503 355 244
f 2373 355 301
f 306 356 201
f 338 356 403
f 400 449 447
f 481 442 372
f 357 312 212
f 98 260 462
f 255 312 406
f 466 464 465
f 465 359 530
f 259 359 257
f 360 388 315
f 264 360 315
f 316 409 468
f 384 385 382
f 388 391 315
f 323 364 322
f 366 430 545
f 368 367 267
f 327 368 222
f 367 324 186
f 367 327 419
f 368 327 367
f 326 327 222
f 424 418 2316
f 334 335 369
f 369 370 334
f 332 370 336
f 371 159 280
f 439 159 340
f 339 371 280
f 403 372 371
f 340 371 372
f 439 373 159
f 374 373 341
f 398 374 341
f 342 374 369
f 373 439 341
f 375 445 376
f 336 375 332
f 478 568 386
f 379 380 158
f 331 377 378
f 379 378 380
f 388 360 593
f 590 272 158
f 379 272 331
f 382 158 384
f 384 158 380
f 388 387 391
f 380 381 384
f 542 499 470
f 387 385 2314
f 394 393 438
f 593 158 382
f 378 383 2315
f 438 376 445
f 477 492 436
f 382 385 387
f 131 568 541
f 568 2380 386
f 437 386 383
f 2315 383 386
f 378 377 383
f 377 376 383
f 2380 2315 386
f 378 2315 380
f 2314 385 436
f 382 387 388
f 436 385 477
f 2314 391 387
f 317 391 390
f 2376 479 392
f 395 2312 344
f 2376 392 343
f 337 2376 283
f 394 445 396
f 393 437 438
f 2312 392 394
f 393 394 392
f 396 2312 394
f 344 2312 132
f 446 395 344
f 132 2312 396
f 398 396 445
f 396 398 397
f 443 444 132
f 447 303 448
f 345 285 401
f 2381 453 451
f 448 450 453
f 235 345 133
f 133 345 451
f 286 347 288
f 402 347 2379
f 348 2379 237
f 359 259 512
f 354 259 297
f 549 508 507
f 338 403 371
f 2306 405 130
f 358 407 457
f 182 404 183
f 183 405 2306
f 457 405 404
f 406 107 255
f 107 406 460
f 312 407 406
f 407 358 489
f 357 407 312
f 313 467 528
f 2374 490 488
f 464 359 465
f 363 534 156
f 363 156 316
f 537 409 156
f 468 409 220
f 156 409 316
f 321 365 320
f 320 365 531
f 531 277 320
f 470 410 469
f 323 324 366
f 167 414 2313
f 2313 414 413
f 412 2313 413
f 428 412 413
f 416 412 415
f 416 411 326
f 415 412 428
f 325 416 326
f 419 420 2382
f 411 419 327
f 367 419 324
f 420 424 421
f 427 426 431
f 433 301 504
f 476 2320 518
f 432 429 426
f 546 418 509
f 421 430 366
f 425 422 474
f 431 415 427
f 476 413 414
f 415 428 427
f 555 557 516
f 430 421 2316
f 548 473 430
f 565 538 566
f 355 503 301
f 507 506 505
f 513 474 517
f 518 413 476
f 426 418 424
f 510 554 509
f 431 426 424
f 558 432 423
f 429 418 426
f 433 425 296
f 425 433 511
f 374 336 369
f 375 336 398
f 479 478 437
f 479 437 393
f 2318 434 276
f 568 435 541
f 478 435 568
f 436 492 493
f 2314 436 389
f 438 437 383
f 376 438 383
f 394 438 445
f 443 439 441
f 442 441 340
f 456 399 454
f 340 372 442
f 441 440 443
f 308 482 481
f 455 442 486
f 443 440 444
f 440 452 454
f 132 397 443
f 341 443 397
f 454 444 440
f 132 444 480
f 398 445 375
f 401 446 399
f 448 303 207
f 400 486 449
f 448 207 450
f 400 447 448
f 447 449 482
f 450 207 483
f 450 484 485
f 452 2381 456
f 133 451 485
f 456 454 452
f 453 400 448
f 455 452 440
f 2381 452 486
f 485 451 453
f 400 453 2381
f 454 480 444
f 441 455 440
f 486 442 449
f 345 401 456
f 457 357 115
f 357 457 407
f 488 457 404
f 182 488 404
f 523 458 313
f 526 291 487
f 573 461 526
f 459 579 2307
f 581 576 577
f 291 461 352
f 98 408 490
f 462 260 464
f 408 98 462
f 408 463 490
f 457 488 358
f 458 489 313
f 408 466 467
f 462 464 466
f 466 465 529
f 462 466 408
f 408 467 463
f 262 468 220
f 316 468 361
f 469 365 2319
f 472 470 2319
f 531 365 469
f 469 2319 470
f 276 499 2318
f 477 131 498
f 472 542 470
f 471 492 498
f 544 493 494
f 472 471 542
f 501 430 473
f 502 545 501
f 156 534 536
f 474 422 517
f 524 528 525
f 425 474 354
f 461 573 559
f 136 476 414
f 559 2320 476
f 131 477 381
f 437 478 386
f 392 479 393
f 478 591 435
f 443 341 439
f 399 344 480
f 132 480 344
f 449 442 481
f 447 482 302
f 481 482 449
f 209 483 207
f 233 484 160
f 484 133 485
f 2381 486 400
f 455 486 452
f 2374 488 182
f 490 2374 98
f 292 487 291
f 347 402 562
f 287 487 292
f 576 526 487
f 358 488 490
f 467 313 463
f 523 528 524
f 406 407 489
f 463 489 358
f 490 463 358
f 529 465 491
f 530 512 513
f 557 525 529
f 469 532 531
f 531 532 533
f 498 492 477
f 492 471 494
f 472 495 494
f 493 492 494
f 472 494 471
f 495 157 543
f 493 362 389
f 497 389 362
f 389 436 493
f 362 564 496
f 389 497 390
f 496 363 497
f 363 390 497
f 542 498 541
f 541 2318 542
f 501 545 430
f 502 501 500
f 569 538 565
f 544 494 495
f 500 543 502
f 321 502 157
f 364 323 545
f 503 567 504
f 244 221 2383
f 505 504 567
f 433 504 511
f 503 504 301
f 507 508 506
f 422 425 511
f 505 506 511
f 549 510 508
f 549 507 550
f 418 429 509
f 515 594 522
f 522 429 558
f 511 504 505
f 511 506 422
f 359 512 530
f 513 512 474
f 514 513 475
f 513 516 530
f 514 515 571
f 555 516 514
f 594 510 522
f 491 530 516
f 514 516 513
f 513 517 475
f 506 517 422
f 517 508 475
f 2317 427 518
f 574 573 580
f 427 428 518
f 413 518 428
f 520 2317 2320
f 518 2320 2317
f 570 556 572
f 520 423 2317
f 520 519 423
f 519 521 423
f 429 432 558
f 571 555 514
f 521 558 423
f 558 515 522
f 556 521 519
f 521 571 558
f 559 574 2320
f 523 459 460
f 524 560 561
f 458 523 460
f 313 528 523
f 570 557 555
f 525 570 560
f 291 526 461
f 581 526 576
f 402 349 527
f 578 577 527
f 529 528 467
f 525 528 529
f 529 467 466
f 529 491 557
f 465 530 491
f 410 532 469
f 229 533 532
f 535 496 564
f 534 496 535
f 552 553 547
f 540 507 505
f 535 551 534
f 362 493 539
f 535 564 565
f 552 547 554
f 2321 536 551
f 534 551 536
f 409 537 221
f 536 2321 537
f 156 536 537
f 2321 2383 537
f 501 538 500
f 473 538 501
f 566 553 565
f 540 505 567
f 544 539 493
f 566 538 473
f 541 498 131
f 471 498 542
f 502 543 157
f 569 543 500
f 500 538 569
f 364 545 502
f 547 566 473
f 418 546 548
f 547 548 546
f 550 507 540
f 510 549 554
f 549 550 552
f 553 551 535
f 565 553 535
f 551 552 550
f 547 553 566
f 552 551 553
f 546 554 547
f 552 554 549
f 546 509 554
f 509 429 522
f 509 522 510
f 555 571 556
f 570 572 560
f 521 556 571
f 556 519 572
f 516 557 491
f 515 558 571
f 561 560 572
f 524 525 560
f 575 561 572
f 523 524 459
f 562 287 347
f 487 562 576
f 287 562 487
f 527 562 402
f 577 562 527
f 577 579 581
f 362 496 497
f 539 564 362
f 539 565 564
f 565 539 569
f 244 567 503
f 2383 567 244
f 537 2383 221
f 2321 540 2383
f 550 540 2321
f 2318 541 435
f 544 495 543
f 544 569 539
f 543 569 544
f 548 547 473
f 557 570 525
f 556 570 555
f 519 575 572
f 581 580 573
f 580 575 574
f 520 574 575
f 559 573 574
f 559 136 461
f 476 136 559
f 580 561 575
f 577 576 562
f 527 563 578
f 578 563 311
f 580 579 459
f 526 581 573
f 577 578 579
f 561 580 459
f 580 581 579
f 582 2306 119
f 585 112 78
f 124 584 114
f 127 584 124
f 583 584 585
f 149 586 172
f 588 587 585
f 584 588 585
f 589 588 127
f 91 589 90
f 588 589 586
f 593 590 158
f 328 590 223
f 225 434 591
f 592 591 2378
f 434 225 228
f 388 593 382
f 594 475 508
f 514 475 515
f 475 594 515
f 510 594 508
f 688 632 631
f 722 623 622
f 49 812 50
f 625 727 728
f 682 689 687
f 1109 669 699
f 240 816 53
f 786 785 772
f 638 2384 101
f 722 683 623
f 637 636 671
f 60 59 2325
f 686 628 2385
f 682 631 630
f 687 677 682
f 684 2385 627
f 736 169 698
f 674 649 648
f 2389 888 57
f 727 624 683
f 2325 59 887
f 59 58 887
f 56 2389 57
f 724 664 787
f 637 2384 638
f 874 878 731
f 744 641 640
f 61 850 852
f 726 727 683
f 62 955 849
f 685 671 636
f 673 667 699
f 676 663 645
f 68 67 855
f 672 700 673
f 1097 738 739
f 667 702 705
f 714 620 619
f 803 909 910
f 644 669 676
f 639 74 661
f 751 749 750
f 674 668 729
f 74 198 661
f 704 654 703
f 639 661 711
f 671 685 660
f 683 752 726
f 730 762 2385
f 642 673 643
f 629 686 689
f 681 680 633
f 668 647 663
f 674 647 668
f 645 663 646
f 644 676 645
f 795 688 677
f 676 729 668
f 730 2385 684
f 708 662 709
f 699 669 643
f 626 625 728
f 1109 1108 675
f 686 629 628
f 684 627 626
f 682 688 631
f 681 688 795
f 624 727 625
f 621 679 723
f 624 623 683
f 607 885 608
f 621 723 622
f 682 677 688
f 716 679 714
f 762 760 687
f 714 618 617
f 715 714 617
f 681 632 688
f 628 627 2385
f 714 619 618
f 682 630 689
f 757 835 795
f 729 676 669
f 723 679 716
f 677 760 757
f 674 729 675
f 620 679 621
f 728 684 626
f 701 702 700
f 658 809 659
f 673 642 672
f 47 638 101
f 733 891 954
f 806 808 805
f 637 671 2384
f 811 809 2283
f 707 655 704
f 632 681 633
f 660 697 671
f 672 642 641
f 674 675 650
f 652 1108 705
f 674 650 649
f 648 647 674
f 714 679 620
f 675 651 650
f 687 689 686
f 705 702 653
f 1091 1041 989
f 676 668 663
f 717 725 724
f 943 873 872
f 633 680 634
f 805 597 596
f 1108 651 675
f 878 925 930
f 744 745 708
f 598 960 952
f 960 987 800
f 644 643 669
f 891 845 847
f 685 636 635
f 665 837 743
f 629 689 630
f 635 634 680
f 911 804 909
f 737 657 656
f 72 815 73
f 1109 699 667
f 817 2386 1048
f 773 1105 774
f 660 693 698
f 697 660 698
f 698 693 736
f 139 101 48
f 2384 671 697
f 48 697 698
f 729 669 1109
f 667 705 1109
f 700 666 701
f 667 700 702
f 673 700 667
f 666 700 672
f 709 706 701
f 704 655 654
f 701 666 709
f 703 702 701
f 653 702 703
f 703 701 704
f 653 703 654
f 706 704 701
f 704 706 707
f 652 705 653
f 706 709 662
f 656 655 707
f 748 858 747
f 707 706 713
f 745 744 640
f 662 713 706
f 712 813 710
f 863 859 861
f 744 666 672
f 709 666 708
f 711 640 639
f 749 711 661
f 708 747 662
f 198 750 661
f 751 750 73
f 694 746 749
f 1092 735 1093
f 858 713 662
f 738 713 712
f 715 617 616
f 716 714 715
f 615 715 616
f 720 725 717
f 719 723 718
f 752 670 726
f 719 718 717
f 720 718 753
f 719 717 670
f 717 724 670
f 787 781 724
f 721 715 615
f 755 740 754
f 723 722 622
f 722 719 752
f 723 716 718
f 722 723 719
f 696 725 720
f 664 724 725
f 718 720 717
f 754 696 720
f 727 726 678
f 728 727 678
f 675 729 1109
f 681 834 680
f 680 834 665
f 684 728 869
f 840 605 838
f 1011 1010 973
f 55 890 300
f 601 847 602
f 854 805 808
f 1068 989 1090
f 804 64 63
f 1068 1065 1066
f 857 793 833
f 736 693 867
f 712 739 738
f 809 658 2285
f 738 707 713
f 739 712 710
f 707 738 737
f 739 710 997
f 739 997 1094
f 202 71 72
f 70 865 71
f 922 816 2310
f 695 968 923
f 610 609 819
f 880 886 606
f 753 716 715
f 743 742 660
f 693 660 742
f 743 660 685
f 867 693 823
f 665 743 2322
f 742 743 826
f 666 744 708
f 641 744 672
f 745 640 711
f 746 745 711
f 708 745 747
f 749 746 711
f 747 746 748
f 745 746 747
f 748 746 694
f 859 813 748
f 748 813 858
f 749 751 694
f 859 748 694
f 661 750 749
f 815 751 73
f 820 751 815
f 722 752 683
f 670 752 719
f 716 753 718
f 721 753 715
f 615 614 755
f 755 721 615
f 755 754 721
f 613 755 614
f 1047 740 817
f 696 754 740
f 728 678 869
f 757 795 677
f 756 761 760
f 766 759 761
f 759 757 761
f 765 768 758
f 836 757 759
f 769 770 772
f 776 758 769
f 759 765 758
f 769 758 768
f 776 836 758
f 677 687 760
f 762 687 686
f 760 761 757
f 763 821 756
f 756 760 762
f 730 763 762
f 756 762 763
f 822 764 767
f 767 766 822
f 783 765 766
f 759 766 765
f 783 766 767
f 774 768 783
f 774 1105 771
f 770 769 768
f 771 784 770
f 776 775 777
f 771 768 774
f 770 784 779
f 782 767 764
f 771 1107 784
f 770 768 771
f 785 769 772
f 825 775 790
f 777 825 824
f 785 790 775
f 777 775 825
f 782 773 767
f 773 774 783
f 775 776 769
f 793 857 790
f 824 825 823
f 776 777 871
f 837 665 796
f 779 792 786
f 779 2387 830
f 764 822 916
f 787 788 781
f 782 866 780
f 670 724 791
f 764 916 866
f 724 781 791
f 773 783 767
f 779 784 2387
f 785 775 769
f 1004 725 696
f 791 781 789
f 772 779 786
f 794 790 785
f 829 792 870
f 785 786 794
f 790 794 793
f 867 823 857
f 1049 2388 664
f 730 868 763
f 791 726 670
f 790 857 825
f 917 789 781
f 726 791 678
f 786 2324 794
f 792 830 870
f 830 831 870
f 52 51 832
f 794 2324 828
f 833 51 50
f 871 835 836
f 796 665 834
f 778 837 796
f 835 796 834
f 796 871 778
f 841 840 797
f 901 733 976
f 1111 877 884
f 932 887 888
f 941 829 870
f 901 845 891
f 848 847 903
f 270 983 955
f 61 333 850
f 962 800 987
f 990 803 910
f 856 802 855
f 805 807 806
f 807 2283 806
f 801 988 1066
f 853 854 801
f 807 805 596
f 596 1284 807
f 811 807 1284
f 810 2285 658
f 2283 809 735
f 1094 1097 739
f 809 2285 735
f 1071 2283 735
f 811 2283 807
f 1284 595 2284
f 811 1284 2284
f 657 810 658
f 809 811 659
f 857 833 812
f 736 812 49
f 707 737 656
f 737 1097 810
f 657 737 810
f 712 858 813
f 710 813 863
f 863 860 996
f 815 72 864
f 865 908 991
f 861 859 820
f 817 740 613
f 755 613 740
f 1489 612 2386
f 1003 1047 1048
f 819 966 1002
f 914 1002 966
f 912 609 608
f 915 819 1002
f 763 868 920
f 822 756 821
f 822 821 916
f 778 777 824
f 826 778 824
f 824 742 826
f 824 823 742
f 823 825 857
f 868 869 827
f 917 827 789
f 921 832 828
f 922 828 2324
f 792 829 2324
f 779 830 792
f 830 695 831
f 832 51 833
f 833 793 832
f 828 832 793
f 794 828 793
f 52 832 921
f 795 834 681
f 795 835 834
f 757 836 835
f 836 759 758
f 777 778 871
f 837 778 826
f 743 837 826
f 797 840 838
f 872 605 1443
f 1110 885 886
f 873 874 838
f 872 838 605
f 876 841 797
f 877 876 924
f 839 841 876
f 892 604 846
f 872 873 838
f 888 58 219
f 889 56 300
f 889 974 971
f 241 940 54
f 603 844 900
f 602 845 844
f 604 892 893
f 900 844 845
f 604 603 846
f 903 601 600
f 905 600 599
f 891 847 848
f 847 845 602
f 903 847 601
f 848 903 953
f 983 956 955
f 1130 849 1131
f 851 852 850
f 906 907 850
f 1112 984 851
f 852 851 983
f 853 801 987
f 854 853 597
f 855 802 2286
f 856 67 66
f 860 993 995
f 65 64 911
f 856 66 803
f 803 66 911
f 66 65 911
f 804 63 1130
f 812 833 50
f 857 812 867
f 713 858 712
f 747 858 662
f 820 859 694
f 861 862 992
f 862 864 865
f 862 861 820
f 863 861 860
f 815 862 820
f 862 865 992
f 860 995 996
f 859 863 813
f 997 710 996
f 1095 1094 814
f 865 864 71
f 815 864 862
f 908 70 69
f 992 865 991
f 915 612 611
f 2386 612 818
f 912 819 609
f 915 610 819
f 885 912 608
f 912 1114 966
f 818 612 915
f 917 918 920
f 780 2323 1132
f 764 866 782
f 780 866 2323
f 919 2323 866
f 736 867 812
f 742 823 693
f 869 868 730
f 868 827 920
f 869 730 684
f 827 678 789
f 869 678 827
f 835 871 796
f 776 871 836
f 943 894 873
f 894 943 896
f 874 873 875
f 838 874 797
f 874 731 924
f 875 873 894
f 924 731 877
f 797 874 924
f 874 875 878
f 884 970 1055
f 883 881 882
f 924 876 797
f 882 876 877
f 926 945 929
f 879 875 894
f 877 731 884
f 878 875 879
f 970 878 930
f 895 899 894
f 925 879 926
f 899 879 894
f 881 880 839
f 885 607 886
f 839 880 841
f 882 881 839
f 1110 881 883
f 882 839 876
f 883 1111 2329
f 1111 883 882
f 1161 1159 1172
f 884 1055 1111
f 607 606 886
f 881 886 880
f 888 887 58
f 798 887 932
f 2325 887 798
f 889 2389 56
f 890 889 300
f 937 55 54
f 241 53 940
f 937 54 843
f 829 816 922
f 843 54 940
f 891 733 901
f 897 900 901
f 929 925 926
f 895 894 896
f 896 892 846
f 893 943 872
f 893 892 943
f 976 978 944
f 898 897 944
f 895 897 898
f 897 896 846
f 895 896 897
f 846 900 897
f 898 978 979
f 898 951 895
f 951 899 895
f 603 900 846
f 901 900 845
f 901 976 944
f 1057 933 1056
f 951 898 979
f 926 946 945
f 946 902 945
f 905 903 600
f 599 952 905
f 952 800 904
f 598 952 599
f 905 953 903
f 953 905 904
f 982 906 2325
f 972 973 1010
f 1112 907 1014
f 986 957 958
f 956 957 959
f 987 961 853
f 801 962 987
f 805 854 597
f 988 854 808
f 1000 856 990
f 855 67 856
f 964 2286 802
f 865 70 908
f 855 2286 69
f 908 69 2286
f 996 710 863
f 911 909 803
f 999 990 910
f 804 911 64
f 959 1040 1131
f 912 913 1114
f 885 913 912
f 912 966 819
f 1046 967 1080
f 967 741 818
f 611 610 915
f 918 916 821
f 866 916 919
f 781 788 917
f 916 918 919
f 920 918 821
f 918 917 919
f 920 821 763
f 922 921 828
f 829 922 2324
f 941 816 829
f 968 695 1005
f 878 879 925
f 899 926 879
f 929 930 925
f 929 945 948
f 929 927 930
f 878 970 731
f 928 970 930
f 798 932 931
f 935 931 1006
f 935 934 931
f 2389 932 888
f 931 932 1006
f 1006 2389 971
f 935 1006 936
f 1119 1127 1118
f 935 933 1123
f 933 935 936
f 933 1057 1123
f 798 972 982
f 798 931 934
f 973 934 1122
f 1007 974 1008
f 938 937 799
f 938 799 939
f 937 938 890
f 1018 939 799
f 890 55 937
f 816 940 53
f 1051 941 831
f 891 848 954
f 892 896 943
f 898 944 978
f 901 944 897
f 949 945 902
f 899 946 926
f 979 902 946
f 1024 902 981
f 929 948 927
f 980 981 979
f 950 945 949
f 948 945 1023
f 947 950 949
f 1023 945 950
f 979 946 951
f 946 899 951
f 800 952 960
f 905 952 904
f 1062 986 1059
f 1026 953 904
f 954 848 1028
f 733 942 976
f 953 1028 848
f 906 982 842
f 907 906 842
f 906 850 333
f 1112 850 907
f 1112 851 850
f 956 851 984
f 955 959 849
f 959 955 956
f 956 984 957
f 959 957 1040
f 957 984 958
f 1031 1100 1038
f 1040 957 986
f 961 960 598
f 960 961 987
f 963 802 1000
f 1000 802 856
f 965 963 1000
f 802 963 964
f 1042 994 995
f 1040 734 1085
f 967 1002 914
f 914 1081 1080
f 741 967 1046
f 695 923 831
f 843 799 937
f 1018 799 969
f 927 690 1053
f 928 930 927
f 1126 1053 690
f 970 928 1055
f 731 970 884
f 57 888 219
f 936 1006 971
f 973 972 934
f 1011 973 1128
f 889 971 2389
f 1007 971 974
f 890 974 889
f 938 974 890
f 1008 938 939
f 1008 1115 732
f 976 942 977
f 1060 733 954
f 1059 985 1017
f 980 977 1016
f 977 978 976
f 1116 950 1009
f 927 948 690
f 1127 948 1023
f 947 949 1024
f 979 978 980
f 978 977 980
f 1058 980 1016
f 902 979 981
f 800 1025 904
f 1027 1026 1030
f 1031 1029 1100
f 982 2325 798
f 982 972 842
f 852 983 270
f 983 851 956
f 1015 984 1112
f 962 801 1066
f 989 988 808
f 854 988 801
f 808 1091 989
f 1095 1096 692
f 1063 1065 691
f 803 990 856
f 2286 991 908
f 993 992 991
f 992 993 860
f 1044 1042 1043
f 1074 1075 1073
f 1042 993 991
f 2287 814 997
f 861 992 860
f 2287 997 996
f 995 994 2287
f 994 1074 1076
f 1072 1041 692
f 1087 1084 1086
f 1001 999 1045
f 1001 1000 990
f 1069 691 1065
f 915 1002 818
f 1004 1003 1050
f 1003 1004 696
f 696 740 1047
f 1004 1050 1049
f 725 1004 664
f 1102 2326 1133
f 2386 741 1048
f 1002 967 818
f 1147 968 1005
f 1022 923 968
f 831 923 969
f 940 1051 843
f 799 843 969
f 1051 969 843
f 1129 1127 1119
f 1106 1140 1147
f 1007 936 971
f 974 938 1008
f 1115 1008 939
f 732 1007 1008
f 1123 934 935
f 950 1116 1023
f 1061 1128 947
f 1012 1014 907
f 1011 1128 1061
f 1012 1010 1011
f 907 842 1012
f 972 1010 842
f 1012 842 1010
f 1014 1012 2327
f 1011 1061 2327
f 2327 1083 1013
f 1013 985 1015
f 1015 1014 1013
f 1015 985 1059
f 1015 958 984
f 1016 977 1070
f 1070 977 942
f 1017 1016 1070
f 1017 985 1058
f 1115 939 975
f 1018 969 923
f 975 939 1018
f 1150 1022 1143
f 1142 1149 1143
f 1115 1021 1121
f 1020 1018 923
f 975 1019 1021
f 1019 975 1020
f 1020 975 1018
f 1151 1153 1125
f 923 1022 1020
f 690 948 1127
f 1061 1024 1083
f 1014 2327 1013
f 902 1024 949
f 1024 981 1083
f 800 962 1025
f 1026 904 1025
f 1028 1026 1027
f 1026 1025 1032
f 1027 1030 1035
f 1031 1027 1035
f 1028 1027 1039
f 1026 1028 953
f 1045 1063 691
f 1045 1037 1063
f 1035 1029 1031
f 734 986 1062
f 1030 1026 1032
f 1064 1032 1025
f 1036 1030 1032
f 1029 1035 1033
f 1034 1036 1037
f 999 910 1087
f 1033 1035 1034
f 1035 1030 1034
f 1037 1036 1063
f 1100 1070 1038
f 1027 1031 1039
f 1038 1039 1031
f 986 734 1040
f 1033 734 1062
f 1059 986 958
f 1071 1091 806
f 1064 1025 962
f 1043 991 2286
f 1044 1043 964
f 991 1043 1042
f 1000 1001 965
f 999 1001 990
f 1080 967 914
f 1050 1046 1082
f 1048 1047 817
f 1047 1003 696
f 817 1427 2386
f 1046 1048 741
f 787 664 2388
f 1004 1049 664
f 1102 1050 1082
f 1050 1003 1046
f 1048 1046 1003
f 816 941 940
f 969 1051 831
f 690 1127 1129
f 928 1053 1054
f 1126 1052 1053
f 1053 1052 1054
f 1166 1055 1168
f 927 1053 928
f 928 1054 1055
f 1007 732 1056
f 936 1056 933
f 1118 1116 1117
f 1057 1056 1120
f 1057 1117 1123
f 950 947 1009
f 981 980 1058
f 985 1013 1058
f 1017 1058 1016
f 1015 1059 958
f 1060 942 733
f 1039 1060 954
f 1028 1039 954
f 1024 1061 947
f 1011 2327 1012
f 2327 1061 1083
f 1100 1062 1059
f 1062 1100 1029
f 1063 1064 1065
f 1032 1064 1036
f 1066 1064 962
f 988 1068 1066
f 1069 1065 1068
f 1064 1066 1065
f 1041 1072 1090
f 989 1068 988
f 1067 1069 1068
f 994 1042 1074
f 1077 1069 1067
f 1069 1077 691
f 1017 1070 1100
f 942 1038 1070
f 1071 735 1092
f 1090 1067 1068
f 993 1042 995
f 963 1044 964
f 1042 1044 1074
f 1075 1074 1044
f 1067 1079 1073
f 1075 1044 963
f 1074 1073 1076
f 963 965 1075
f 1001 1045 691
f 1076 1073 1079
f 994 1076 2287
f 1078 1075 965
f 1001 1078 965
f 1079 1072 998
f 1077 1078 691
f 1001 691 1078
f 1046 1080 1082
f 1102 1099 2388
f 2326 1082 1080
f 741 2386 818
f 981 1058 1083
f 1083 1058 1013
f 1017 1100 1059
f 1029 1033 1062
f 1033 1089 734
f 1089 1085 734
f 1085 1086 1084
f 909 1088 910
f 1086 1085 1089
f 1085 1084 1131
f 1045 999 1087
f 1087 910 1088
f 1087 1086 1037
f 1088 909 804
f 1087 1088 1084
f 1034 1089 1033
f 1041 1090 989
f 1079 1090 1072
f 1067 1090 1079
f 806 1091 808
f 692 1091 1071
f 1093 735 2285
f 1096 1095 814
f 1097 1094 1093
f 1093 1094 1095
f 814 1094 997
f 1097 1093 810
f 692 1092 1095
f 1095 1092 1093
f 1096 998 1072
f 738 1097 737
f 1091 692 1041
f 1092 692 1071
f 1096 1072 692
f 1105 773 2390
f 788 1099 2323
f 1133 2328 1132
f 1089 1034 1086
f 1037 1086 1034
f 1087 1037 1045
f 1133 2326 2328
f 1049 1050 1102
f 1099 1102 1133
f 1107 1005 784
f 1104 782 780
f 773 782 1104
f 1156 1146 1103
f 1081 1170 1101
f 1104 780 1103
f 773 1104 2390
f 1134 1156 1103
f 1105 1107 771
f 1107 1105 1106
f 1140 1106 1141
f 1147 1005 1107
f 1147 1107 1106
f 651 1108 652
f 705 1108 1109
f 820 694 751
f 885 1110 913
f 881 1110 886
f 877 1111 882
f 1166 1111 1055
f 1112 1014 1015
f 1164 1170 1171
f 1114 1113 914
f 914 1113 1081
f 883 1162 1110
f 1160 1161 1162
f 1114 913 1172
f 920 827 917
f 1021 1115 975
f 1116 1009 1117
f 1116 1127 1023
f 1122 1117 1009
f 1117 1057 1118
f 1127 1116 1118
f 1118 1120 1119
f 1120 732 1121
f 1128 1009 947
f 1123 1122 934
f 1117 1122 1123
f 1115 1121 732
f 1152 1125 1021
f 1021 1125 1121
f 1153 1124 1125
f 1120 1121 1124
f 1129 1126 690
f 1153 1126 1124
f 1057 1120 1118
f 1124 1119 1120
f 1122 1128 973
f 1009 1128 1122
f 1124 1129 1119
f 1126 1129 1124
f 1131 1088 1130
f 849 959 1131
f 1130 1088 804
f 1084 1088 1131
f 62 849 63
f 1131 1040 1085
f 1101 1098 2328
f 1099 1133 1132
f 1134 2328 1098
f 1103 780 1132
f 1132 2328 1134
f 1159 1171 1172
f 1153 1154 1155
f 1132 1134 1103
f 1138 1136 1164
f 1081 1101 2326
f 1101 1170 1136
f 1152 1151 1125
f 1101 1136 1098
f 1164 1136 1170
f 1139 1156 1098
f 1163 1138 1164
f 1139 1138 1137
f 1135 1144 1137
f 1139 1137 1144
f 1142 1144 1135
f 1147 1140 1143
f 1140 1142 1143
f 1104 1103 1146
f 1141 1146 1145
f 1106 2390 1141
f 1143 1149 1150
f 1145 1144 1142
f 1156 1144 1145
f 2390 1104 1146
f 1145 1146 1156
f 2390 1146 1141
f 1143 1022 1147
f 968 1147 1022
f 1152 1019 1150
f 1148 1142 1135
f 1142 1148 1149
f 1135 1158 1154
f 1151 1149 1148
f 1150 1019 1020
f 1137 1167 1158
f 1052 1157 1168
f 1151 1152 1149
f 1019 1152 1021
f 1022 1150 1020
f 1152 1150 1149
f 1154 1153 1151
f 1154 1151 1148
f 1135 1154 1148
f 1144 1156 1139
f 1157 1052 1155
f 1158 1157 1155
f 1138 1163 1167
f 1155 1154 1158
f 1137 1158 1135
f 1167 1157 1158
f 1161 1172 913
f 1162 2329 1160
f 1163 1159 1160
f 1162 1161 913
f 1159 1161 1160
f 1110 1162 913
f 1165 1160 2329
f 1163 1165 1169
f 1159 1163 1164
f 2329 1166 1165
f 1163 1169 1167
f 1166 1168 1169
f 1111 1166 2329
f 1168 1055 1054
f 1166 1169 1165
f 1138 1167 1137
f 1052 1168 1054
f 1157 1169 1168
f 1167 1169 1157
f 1113 1170 1081
f 1171 1170 1113
f 1172 1171 1113
f 1171 1159 1164
f 1114 1172 1113
f 1145 1140 1141
f 1142 1140 1145
f 616 617 618
f 1311 1234 1272
f 1269 1219 1220
f 616 618 619
f 619 1276 616
f 1345 616 1276
f 1276 619 1173
f 1271 1269 1263
f 1271 1218 1219
f 1348 1312 1350
f 1236 1258 2292
f 647 648 1244
f 1353 1179 1180
f 2331 1258 1266
f 1488 611 612
f 1269 1240 2288
f 2330 1310 1234
f 1267 1261 1250
f 2338 1186 1187
f 1286 1253 1259
f 1247 1224 1225
f 607 608 1433
f 613 614 1486
f 1274 1275 1336
f 1239 1238 1251
f 1507 1357 1394
f 1310 2288 1255
f 1243 647 1244
f 1217 1285 1216
f 872 1443 1445
f 1234 1311 2330
f 1736 1515 1510
f 1237 1261 1260
f 1446 841 880
f 1255 2288 1259
f 1235 1231 1232
f 1397 601 602
f 1323 596 597
f 598 1366 961
f 1325 1297 1378
f 601 1397 1398
f 1334 1306 1213
f 2292 1228 1229
f 1247 1253 1246
f 1226 1227 1242
f 1327 1295 1328
f 1247 1246 1224
f 1339 1343 1340
f 1326 596 1323
f 1232 2291 2290
f 1293 1332 1233
f 1245 1243 1238
f 1226 1242 1254
f 1223 1224 1246
f 1239 1246 1253
f 2292 1258 1241
f 1229 1230 2289
f 1230 1231 1249
f 1240 1248 1286
f 1202 1920 1438
f 1188 1362 1361
f 1241 2331 1267
f 1188 1189 1362
f 1262 1264 1305
f 1265 1261 1267
f 1342 1479 1341
f 1282 1283 1191
f 1395 1204 1205
f 1249 1257 2289
f 1255 1256 1237
f 1245 1248 1221
f 1258 2331 1241
f 1437 1392 1436
f 1437 1498 1392
f 1242 1250 1261
f 1192 1282 1191
f 1238 1244 1251
f 1237 1242 1261
f 1246 1251 1223
f 1247 1256 1253
f 1503 1549 1201
f 1259 1256 1255
f 1550 1201 1549
f 1244 1222 1251
f 1495 1199 1200
f 1236 2292 2289
f 1198 1199 1496
f 1260 1234 1310
f 1260 1255 1237
f 1218 1271 1217
f 1272 1260 1261
f 1263 2330 1309
f 1242 1227 1250
f 1221 1248 1220
f 1238 1243 1244
f 1256 1247 1254
f 1260 1310 1255
f 1287 1257 1249
f 648 1222 1244
f 1237 1256 1254
f 1243 1252 663
f 663 1252 646
f 2289 1257 1236
f 1245 1252 1243
f 1228 1250 1227
f 1243 663 647
f 1221 646 1252
f 1268 1258 1236
f 1415 1209 1210
f 1251 1246 1239
f 1221 1252 1245
f 1381 1382 1343
f 1241 1250 1228
f 1272 1234 1260
f 1222 1223 1251
f 1225 1226 1254
f 1300 1333 1214
f 1212 1306 1308
f 1286 1245 1238
f 1286 1239 1253
f 1308 1306 1307
f 1241 1228 2292
f 1242 1237 1254
f 1256 1259 1253
f 1286 1259 1240
f 2288 1240 1259
f 1272 1261 1265
f 1274 1265 1273
f 1258 1268 1266
f 1265 2331 1273
f 1262 1304 1264
f 1273 2331 1266
f 1241 1267 1250
f 1257 1291 1236
f 1266 1268 1264
f 1271 1263 1309
f 1309 1217 1271
f 1248 1240 1220
f 1270 1273 1304
f 1269 1271 1219
f 1274 1272 1265
f 1311 1272 1336
f 1274 1273 1270
f 1264 1304 1266
f 1275 1274 1270
f 1274 1336 1272
f 1301 1303 1299
f 1270 1301 1299
f 1275 2391 1336
f 1175 1176 1350
f 614 615 1344
f 1277 1276 1173
f 1173 1174 1277
f 1312 1174 1175
f 1177 1349 1350
f 1312 1277 1174
f 1277 1312 1314
f 1183 1184 1360
f 1199 1495 1496
f 1445 893 872
f 1282 1281 1283
f 1282 1193 1281
f 1283 1281 1406
f 1190 1191 1283
f 600 601 1398
f 1484 1614 2393
f 1233 1330 1293
f 1288 1294 1292
f 1217 1309 1285
f 1215 1216 1285
f 1239 1286 1238
f 1235 1287 1231
f 1288 1287 1235
f 2291 1377 2290
f 1268 1289 1264
f 1293 1330 1290
f 1236 1291 1289
f 1288 1292 1287
f 1290 1291 1257
f 1331 1291 1290
f 1290 1292 1293
f 1296 1332 1293
f 1296 1292 1294
f 1292 1296 1293
f 1288 2293 1295
f 1288 1295 1294
f 1328 1295 2293
f 1327 1323 1368
f 1297 1296 1294
f 1378 1295 1327
f 1297 1325 2333
f 1297 1332 1296
f 1303 1301 1302
f 1275 1270 1299
f 1300 2391 1298
f 1298 2391 1275
f 1299 1298 1275
f 1214 1894 1335
f 1301 1304 1262
f 1302 1301 1262
f 1303 1302 1307
f 1299 1303 1298
f 1306 1334 1303
f 1333 1334 1213
f 1270 1304 1301
f 1304 1273 1266
f 1478 1479 1480
f 1308 1343 1382
f 1306 1303 1307
f 1213 1306 1212
f 1340 1341 1479
f 1302 1341 1340
f 1382 1212 1308
f 2288 1310 1263
f 1311 1336 2334
f 1312 1348 1314
f 1344 1346 614
f 1350 1312 1175
f 1314 1345 1277
f 1348 1349 1429
f 1348 1384 1314
f 1432 1384 1431
f 609 610 1387
f 1584 1278 1533
f 1517 1446 1447
f 1516 1433 1388
f 1396 1206 1207
f 1365 1189 1190
f 2338 1187 1361
f 1408 1405 1406
f 1407 1408 1406
f 1365 1283 1406
f 1365 1405 1362
f 1210 1734 1415
f 1474 1484 2393
f 1419 1483 1477
f 1555 1395 1556
f 1368 597 853
f 1369 853 961
f 1370 1368 1369
f 1378 1297 1294
f 1325 1324 1371
f 1371 1324 1376
f 1326 1328 2293
f 596 1326 1377
f 1368 1323 597
f 1368 1370 1327
f 1324 1325 1378
f 1328 1323 1327
f 1323 1328 1326
f 1377 2293 2290
f 1379 1330 1233
f 1291 1331 1289
f 1342 1305 1423
f 1290 1330 1331
f 1379 1331 1330
f 1335 1300 1214
f 1333 1300 1334
f 1300 1298 1334
f 1303 1334 1298
f 1329 1335 1894
f 1300 1335 2391
f 1329 1337 1335
f 2391 1337 1336
f 1338 2334 2392
f 1285 1309 1338
f 1340 1308 1307
f 1305 1342 1341
f 1262 1305 1341
f 1302 1340 1307
f 1375 1423 1233
f 1375 1233 1417
f 1262 1341 1302
f 1426 1381 1343
f 1379 1423 1305
f 1308 1340 1343
f 1345 1344 615
f 616 1345 615
f 1277 1345 1276
f 1346 1352 1486
f 1313 1545 1617
f 1493 1494 1591
f 1431 1429 1383
f 1384 1348 1429
f 1351 1177 1178
f 1429 1349 1347
f 1177 1350 1176
f 1348 1350 1349
f 1349 1177 1351
f 1434 1178 1179
f 1349 1351 1347
f 1314 1385 1344
f 1345 1314 1344
f 1384 1385 1314
f 1344 1385 1346
f 1386 1352 1432
f 1388 1547 1661
f 1387 1548 609
f 1430 1347 1390
f 1694 1709 1708
f 1444 1394 1443
f 1455 1456 1459
f 1407 1409 1280
f 1359 1195 1196
f 1197 1463 1976
f 1389 1466 1467
f 1362 1189 1365
f 1187 1188 1361
f 1322 1364 1321
f 1364 1194 1321
f 1321 1194 1363
f 1364 1322 1193
f 1281 1322 1406
f 1281 1193 1322
f 1283 1365 1190
f 1406 1322 1407
f 598 599 1460
f 1327 1370 1324
f 1734 1210 1211
f 1482 1543 1415
f 1369 1368 853
f 961 1366 1369
f 1370 1366 1324
f 1371 1373 1475
f 1373 1520 1457
f 1417 1233 1332
f 1520 1371 1376
f 1418 1417 2333
f 1417 1374 1375
f 1332 1297 2333
f 1417 1418 1374
f 1478 1339 1479
f 1480 1423 1375
f 1476 1375 1374
f 1472 1366 1460
f 596 1377 1284
f 2293 1377 1326
f 1295 1378 1294
f 1324 1378 1327
f 2392 1329 1215
f 1289 1379 1264
f 1331 1379 1289
f 1338 2330 1311
f 1309 2330 1338
f 1380 1426 1421
f 1426 1343 1339
f 1381 1426 1425
f 1427 1486 1487
f 1489 1487 1428
f 1430 1429 1347
f 1385 1384 1432
f 1547 1591 1546
f 1389 1180 1181
f 1466 1182 1403
f 1434 1353 1390
f 1351 1178 1434
f 1389 1353 1180
f 1523 1353 1389
f 1429 1430 1383
f 1351 1434 1347
f 1347 1434 1390
f 2394 1390 1353
f 1503 1202 1438
f 1550 1391 1495
f 1197 1198 1497
f 1392 1498 1499
f 1442 1393 1439
f 1447 880 606
f 1507 1508 1506
f 1204 1395 1554
f 1208 1367 1413
f 1597 1557 1442
f 1393 1440 1439
f 1556 1395 1396
f 1204 1554 1441
f 1448 602 844
f 1449 844 603
f 2341 1320 1458
f 1448 1397 602
f 1458 1397 2341
f 1449 1450 1448
f 1194 1400 1363
f 1196 1463 1464
f 1401 1195 2336
f 1522 1359 1464
f 1465 1184 1185
f 1404 1185 1186
f 1403 1527 1467
f 1182 1466 1181
f 1465 1360 1184
f 1182 1183 1403
f 2337 2338 1361
f 1404 1402 1465
f 1280 1411 1586
f 1186 2338 1404
f 1525 1402 1404
f 1362 1405 1524
f 1406 1405 1365
f 1407 1322 1321
f 1409 1407 1321
f 1407 1280 1408
f 1409 1321 1363
f 1470 1408 1280
f 1405 1408 1524
f 1363 1410 1409
f 1400 1401 1410
f 1411 1280 1409
f 1542 1413 1367
f 1414 1416 1412
f 1206 1396 1205
f 1543 1416 1414
f 1543 1414 1415
f 1209 1415 1414
f 1543 1484 1474
f 1367 1208 1412
f 1207 1208 1413
f 1324 1366 1472
f 1369 1366 1370
f 1376 1324 1472
f 2333 1417 1332
f 1475 1325 1371
f 2333 1475 1418
f 1566 1418 1475
f 1374 1418 1372
f 1419 1374 1372
f 1374 1419 1477
f 1566 1372 1418
f 1374 1477 1476
f 1375 1476 1480
f 1479 1339 1340
f 1478 1480 1476
f 1477 1483 1422
f 1478 1421 1339
f 1421 1420 1735
f 1421 1735 1380
f 1422 1735 1420
f 1420 1476 1477
f 1735 1422 1482
f 1233 1423 1379
f 1426 1339 1421
f 1425 1426 1380
f 1489 1427 1487
f 613 1486 1427
f 1487 1352 1386
f 1486 1352 1487
f 1383 1545 1431
f 1490 1530 1491
f 1432 1431 1313
f 1384 1429 1431
f 1432 1313 1616
f 1385 1432 1352
f 1493 1387 610
f 1548 1433 608
f 1466 1389 1181
f 1353 1434 1179
f 1490 2394 1530
f 1467 1527 1583
f 1435 1523 1583
f 2394 1353 1523
f 1389 1467 1523
f 1523 1435 2394
f 1436 1438 1437
f 1438 1920 1437
f 1498 1437 1440
f 1438 1436 1503
f 1439 1440 1203
f 1441 1442 1439
f 1498 1440 1393
f 1442 1441 1554
f 1505 1355 1498
f 1597 1442 1554
f 1393 1442 1557
f 1444 1443 605
f 1445 1443 1394
f 840 841 2335
f 893 1445 1560
f 1447 1446 880
f 606 607 1518
f 1358 1446 1517
f 1395 1205 1396
f 1207 1413 1396
f 1413 1542 1473
f 1449 1448 844
f 1399 1449 603
f 1449 1399 1450
f 603 604 1399
f 1399 1451 1450
f 1519 1565 1452
f 1399 1561 1451
f 1452 1565 2341
f 1450 1451 1452
f 2341 1565 1320
f 1448 2341 1397
f 1452 2341 1450
f 1448 1450 2341
f 1453 1320 1454
f 1398 1458 1459
f 1458 1398 1397
f 1453 1424 1455
f 1458 1320 1453
f 1454 1737 1424
f 1453 1454 1424
f 1472 1471 1376
f 1471 1456 1455
f 1453 1455 1459
f 1424 1457 1455
f 2342 1456 1460
f 1398 1459 2342
f 1521 1566 1373
f 1459 1458 1453
f 2342 1459 1456
f 599 2342 1460
f 1460 1471 1472
f 598 1460 1366
f 1398 2342 600
f 1461 1462 1410
f 1401 1461 1410
f 1463 1196 1976
f 1359 1196 1464
f 1497 1198 1496
f 1497 1553 1463
f 1552 1551 1594
f 1553 1464 1463
f 1522 1464 1571
f 1404 1465 1185
f 1360 1465 1402
f 1467 1466 1403
f 1583 1523 1467
f 1470 1524 1408
f 1280 1586 1470
f 1470 2337 1524
f 1538 1536 1469
f 1576 1534 1462
f 1410 1462 1409
f 1586 1534 1538
f 1586 1538 1469
f 1541 1470 1469
f 1456 1471 1460
f 2393 1614 1649
f 1396 1413 1473
f 1555 1556 1647
f 1556 1396 1473
f 1412 1416 1367
f 1416 1474 1367
f 1566 1475 1373
f 1325 1475 2333
f 1566 1569 1372
f 1636 1737 1634
f 1420 1477 1422
f 1476 1420 1478
f 1421 1478 1420
f 1480 1479 1342
f 1423 1480 1342
f 1482 1481 1543
f 1481 1482 1422
f 1484 1485 1614
f 1484 1481 1485
f 1483 1485 1481
f 1385 1352 1346
f 1650 1487 1386
f 1489 1488 612
f 1654 1488 1428
f 1428 1488 1489
f 1490 1430 1390
f 2394 1490 1390
f 1491 1492 1490
f 1491 2344 1492
f 1545 1313 1431
f 1591 1494 1652
f 611 1493 610
f 611 1494 1493
f 609 1548 608
f 1550 1495 1200
f 1201 1550 1200
f 1496 1495 1391
f 1197 1497 1463
f 1552 1497 1496
f 1553 1497 1552
f 1393 1557 1505
f 1498 1355 1499
f 1501 1621 1354
f 1392 1499 1502
f 1502 1499 1500
f 1436 1392 1501
f 1316 1502 2343
f 1392 1502 1501
f 1686 1684 1316
f 1920 1203 1440
f 1437 1920 1440
f 1503 1354 1549
f 1501 1354 1436
f 1354 1503 1436
f 1555 1597 1554
f 1732 1597 1555
f 1558 1504 1557
f 1393 1505 1498
f 1733 1355 1505
f 605 840 1444
f 1507 1394 1508
f 1509 1507 1506
f 1559 2335 1446
f 1508 1559 1506
f 1506 1559 1723
f 1508 1444 2335
f 1723 1559 1358
f 1509 1357 1507
f 1515 1451 1511
f 1445 1513 1560
f 1317 1514 1512
f 1510 1357 1512
f 1513 1510 1511
f 1317 1512 1509
f 1509 1512 1357
f 1512 1736 1510
f 1736 1512 1514
f 1562 1514 1710
f 1563 1515 1736
f 1451 1515 1563
f 1515 1511 1510
f 1447 1516 1517
f 1388 1661 1672
f 1516 1447 1518
f 1516 2355 1517
f 606 1518 1447
f 607 1433 1518
f 1637 1598 1625
f 1710 1712 1562
f 1519 1452 1563
f 1519 1598 1565
f 1471 1520 1376
f 1457 1520 1455
f 1455 1520 1471
f 1372 1569 1567
f 1359 1522 1573
f 1576 1462 2339
f 1461 1401 2336
f 1571 1572 1522
f 1524 2337 1361
f 1362 1524 1361
f 1539 1525 1536
f 1402 1525 1526
f 1527 2395 1609
f 1609 2395 1526
f 1491 1530 1531
f 1589 1610 1609
f 2344 1531 1533
f 1530 1529 1531
f 1531 1529 1532
f 1491 1531 2344
f 1609 1612 1528
f 1584 1533 1532
f 1608 1533 1278
f 2339 1577 1576
f 1534 1576 1468
f 1534 1468 1538
f 1462 1534 1411
f 1468 1537 1538
f 1536 1525 1541
f 1470 1586 1469
f 1534 1586 1411
f 1468 1576 1575
f 1540 1589 1535
f 1469 1536 1541
f 1539 1536 1535
f 1535 1536 1538
f 1535 1538 1537
f 1539 1535 1589
f 1525 1539 1526
f 1535 1537 1540
f 1528 1612 1613
f 1581 1579 1582
f 1470 1541 2337
f 1474 1542 1367
f 1484 1543 1481
f 1568 1614 1485
f 1649 1614 1615
f 1492 1383 1430
f 1383 1492 1545
f 1585 1492 2344
f 1651 1643 1669
f 1494 1488 1654
f 1545 1492 1585
f 1490 1492 1430
f 1388 1433 1548
f 1494 611 1488
f 1547 1548 1387
f 1591 1547 1387
f 1547 1620 1661
f 1354 1621 2347
f 2347 1550 1549
f 1391 1550 2347
f 1551 1496 1391
f 1391 1622 1551
f 1594 1596 1571
f 1551 1552 1496
f 1553 1571 1464
f 1555 1554 1395
f 1505 1557 1504
f 1648 2350 1319
f 1559 1508 2335
f 1394 1444 1508
f 1358 1559 1446
f 1445 1394 1513
f 1357 1513 1394
f 1560 1513 1511
f 1357 1510 1513
f 1511 1561 1560
f 1399 604 1561
f 1560 604 893
f 1451 1561 1511
f 1672 1516 1388
f 1516 1518 1433
f 1451 1563 1452
f 1598 1564 1624
f 1563 1564 1519
f 1565 1637 1320
f 1637 1565 1598
f 1569 1566 1521
f 1520 1373 1371
f 1521 1373 1457
f 1737 1631 1632
f 1419 1567 1483
f 1567 1569 1570
f 1568 1570 1544
f 1567 1570 1485
f 1634 1570 1569
f 1594 1571 1552
f 1572 1571 1596
f 1572 1578 1599
f 1599 1573 1522
f 1461 1573 2339
f 2339 1599 1577
f 1468 1575 1537
f 1579 1574 1578
f 1575 1576 1574
f 1573 1599 2339
f 1574 1576 1577
f 1574 1577 1578
f 1356 1675 1677
f 1574 1581 1575
f 1574 1579 1581
f 1578 1572 1600
f 1579 1578 1600
f 1676 1689 1679
f 1601 2345 1540
f 1640 1641 1679
f 1537 1575 1601
f 1527 1403 2395
f 1527 1528 1583
f 1435 1583 1528
f 1584 1532 1588
f 1532 1587 1588
f 1643 1608 1278
f 2397 1585 1608
f 1585 1617 1545
f 2344 1608 1585
f 1532 1533 1531
f 1608 2344 1533
f 1610 1589 1540
f 1609 1610 1612
f 1584 1588 2346
f 1587 1532 1529
f 1612 1610 1611
f 1611 1588 1587
f 1526 1589 1609
f 1539 1589 1526
f 1647 1556 1473
f 1615 1568 1544
f 1493 1591 1387
f 1546 1591 1652
f 1619 1546 1315
f 1653 1315 1652
f 1546 1619 1620
f 1546 1620 1547
f 1388 1548 1547
f 1354 2347 1549
f 1551 1595 1594
f 1600 1596 1356
f 1596 1595 1356
f 1595 1596 1594
f 1557 1597 1558
f 604 1560 1561
f 1562 1624 1564
f 1564 1598 1519
f 1625 1598 1624
f 1569 1521 1634
f 1572 1599 1522
f 1577 1599 1578
f 1596 1600 1572
f 1581 1601 1575
f 1607 1638 1639
f 1582 1639 1638
f 1607 1580 1605
f 1278 1584 1603
f 1619 1671 1657
f 1643 1603 1602
f 1602 1669 1643
f 1606 2346 1604
f 1580 1639 1640
f 1604 2400 1606
f 1605 1604 2346
f 1611 1645 1588
f 1605 1580 1664
f 2399 1657 1671
f 1645 1605 2346
f 1527 1609 1528
f 1610 1540 2345
f 1612 1587 1613
f 1610 2345 1611
f 2345 1638 1644
f 1435 1613 1529
f 1648 1647 1646
f 1615 1614 1568
f 1627 1615 1544
f 1649 1615 1633
f 1432 1616 1386
f 1617 1616 1313
f 1590 1617 2397
f 1616 1617 1590
f 1652 1315 1546
f 1655 1671 1619
f 1656 1620 1619
f 1656 1672 1661
f 1622 1391 2347
f 1595 1551 1673
f 1662 1622 2347
f 1673 1551 1622
f 1673 1622 1662
f 1658 1680 1699
f 1356 1595 1674
f 1562 1626 1624
f 1624 1626 1663
f 1625 1631 1637
f 2348 1627 1632
f 1716 1712 1710
f 1663 1626 1718
f 1627 1544 1632
f 1627 2348 1629
f 1663 2349 1628
f 1635 1633 1629
f 2348 1628 1629
f 1628 1625 1663
f 1712 1715 1718
f 1648 1319 1647
f 1630 1629 2349
f 1635 1629 1630
f 1737 1454 1631
f 1632 1631 2348
f 1634 1632 1544
f 1615 1627 1633
f 1629 1633 1627
f 1634 1544 1570
f 1646 2396 1648
f 1635 1648 2396
f 1521 1636 1634
f 1637 1454 1320
f 1454 1637 1631
f 1607 1639 1580
f 1681 1666 1668
f 1640 1664 1580
f 1641 1639 1582
f 1665 1664 1666
f 1579 1600 1677
f 1678 1582 1579
f 1641 1640 1639
f 1641 1676 1679
f 1356 1674 1675
f 1595 1673 1674
f 1659 1603 1606
f 1603 1643 1278
f 1604 1605 1664
f 1644 1638 1607
f 1585 2397 1617
f 1612 1611 1587
f 1645 1611 1644
f 1644 1607 1645
f 1605 1645 1607
f 2346 1588 1645
f 1529 1613 1587
f 1646 1647 1473
f 1647 1319 1555
f 1630 1714 2350
f 1649 2396 2393
f 1635 1649 1633
f 1650 1654 1428
f 1654 1618 1652
f 1487 1650 1428
f 1651 1618 1590
f 1618 1654 1650
f 1643 2397 1608
f 1651 1669 1653
f 1650 1590 1618
f 1654 1652 1494
f 1653 1652 1618
f 1651 1653 1618
f 1655 1619 1315
f 1655 1315 1653
f 1669 1655 1653
f 1619 1657 1656
f 1657 1658 1593
f 1658 1657 1592
f 1660 1592 2399
f 1657 1593 1656
f 1593 1658 1670
f 1659 1671 1602
f 1659 1602 1603
f 1660 2399 2400
f 1656 1661 1620
f 1672 1656 1593
f 1593 2401 1672
f 1358 1517 1738
f 1663 1718 2349
f 1625 1624 1663
f 1604 1664 1665
f 1679 1666 1640
f 1660 1665 1681
f 1604 1665 2400
f 1666 1681 1665
f 1640 1666 1664
f 1682 1668 1666
f 1666 1679 1682
f 1668 1667 1687
f 1655 1669 1602
f 1680 1658 1592
f 1602 1671 1655
f 1683 2401 2398
f 1621 1316 1662
f 1675 1674 1642
f 1642 1676 1675
f 1678 1677 1675
f 1642 1689 1676
f 1676 1641 1678
f 1356 1677 1600
f 1675 1676 1678
f 1582 1678 1641
f 1579 1677 1678
f 1667 1693 1687
f 1687 1681 1668
f 1592 1660 1680
f 1689 1682 1679
f 1668 1682 1690
f 1683 2398 1739
f 1672 1683 2355
f 2421 1623 1642
f 1662 1684 2421
f 2354 2403 1726
f 1685 1686 2343
f 1692 1686 1685
f 1699 1680 1687
f 1681 1687 1680
f 1688 1670 1699
f 1318 2398 1688
f 1670 1658 1699
f 1668 1690 1667
f 1689 1690 1682
f 2351 1692 2352
f 1667 1690 2352
f 1689 1623 1690
f 2351 1686 1692
f 1691 1692 1279
f 1693 1667 1691
f 1719 1720 1721
f 1692 1685 1695
f 1692 1695 1279
f 1719 1699 1693
f 1685 2353 2354
f 1514 1697 1710
f 1696 1708 1697
f 1317 1697 1514
f 1696 1694 1708
f 1355 1500 1499
f 2353 2343 1500
f 1705 1703 1704
f 1697 1317 1696
f 1500 1355 1698
f 1505 1504 1733
f 1720 1691 1279
f 1699 1687 1693
f 1694 1696 1703
f 1719 1721 1725
f 1703 1696 1704
f 1702 1725 1700
f 1317 1509 1704
f 1703 1705 1702
f 1707 1706 1727
f 1500 1698 2353
f 2353 1698 1727
f 1702 1701 1694
f 1695 1701 1700
f 1701 1695 1726
f 1701 1702 1700
f 1725 1702 1705
f 1688 1699 1719
f 1700 1279 1695
f 1694 1703 1702
f 1317 1704 1696
f 1506 1722 1509
f 1722 1704 1509
f 1722 1705 1704
f 1701 2402 1694
f 1727 2354 2353
f 1706 1713 1709
f 1626 1712 1718
f 1712 1626 1562
f 1713 1716 1709
f 2402 1726 2403
f 1727 2403 2354
f 1710 1708 1716
f 1706 1730 1713
f 1716 1708 1709
f 1708 1710 1697
f 1319 1728 1732
f 1712 1716 1715
f 1730 1706 1707
f 1711 1715 1713
f 2349 1714 1630
f 1728 2350 1714
f 1733 1731 1707
f 1731 1729 1730
f 1711 1717 1715
f 1717 1718 1715
f 1731 1504 1558
f 1713 1715 1716
f 1728 1717 1711
f 1718 1717 1714
f 2349 1718 1714
f 1720 1719 1693
f 1688 1719 1725
f 1693 1691 1720
f 1279 1700 1721
f 1725 1721 1700
f 1279 1721 1720
f 1723 1722 1506
f 1723 1738 1739
f 1738 1723 1358
f 1705 1722 1724
f 1724 1722 1723
f 1724 1723 1739
f 1724 1725 1705
f 1318 1725 1724
f 1725 1318 1688
f 1726 2402 1701
f 1685 2354 1695
f 1706 2403 1727
f 1733 1707 1698
f 1635 1630 1648
f 1714 1717 1728
f 1711 1729 1728
f 1729 1732 1728
f 1730 1729 1711
f 1732 1729 1558
f 1713 1730 1711
f 1730 1707 1731
f 1504 1731 1733
f 1558 1729 1731
f 1558 1597 1732
f 1728 1319 2350
f 1319 1732 1555
f 1727 1698 1707
f 1355 1733 1698
f 1425 1380 1734
f 1380 1735 1734
f 1415 1734 1482
f 1735 1482 1734
f 1613 1435 1528
f 1530 1435 1529
f 1736 1564 1563
f 1514 1562 1736
f 1564 1736 1562
f 1634 1737 1632
f 1424 1737 1636
f 1672 2355 1516
f 1724 1739 1318
f 1794 1282 1192
f 1758 1794 1192
f 1364 1856 1855
f 1216 1852 1759
f 1193 1856 1364
f 1855 1194 1364
f 1973 1199 1198
f 1770 1769 1792
f 1852 1216 1215
f 1282 1794 1795
f 1756 1820 1757
f 1750 1982 1751
f 1809 1854 1785
f 2301 1793 1779
f 1201 1923 1503
f 1770 1792 1785
f 1883 1922 1920
f 1788 1773 1772
f 1503 1923 1996
f 1791 1793 1771
f 1848 1806 2296
f 1758 1757 1794
f 1928 1208 1207
f 1933 1204 2004
f 1776 1810 1780
f 1412 1208 1930
f 1209 1866 1210
f 1790 1778 1760
f 2087 1775 2081
f 1762 1761 1803
f 1777 1786 84
f 1793 1772 1771
f 1781 1764 1786
f 1382 1381 1865
f 1783 2294 1763
f 1832 1865 1899
f 85 1786 1764
f 1206 1205 1931
f 1761 1760 1778
f 1781 1774 1839
f 1193 1282 1795
f 1790 1759 1852
f 2359 2332 1894
f 1787 1777 83
f 1762 1803 1783
f 1786 1774 1781
f 2410 2192 2222
f 1787 1763 2294
f 83 1777 84
f 1786 85 84
f 1780 1792 1769
f 1213 1835 1333
f 1912 1914 1748
f 2004 1204 1441
f 1820 1794 1757
f 1912 1747 1937
f 1745 1888 1746
f 1741 1740 2358
f 1195 2035 1196
f 1934 1888 1745
f 1994 2356 15
f 1799 1861 2358
f 1827 1743 1742
f 1987 1915 2356
f 1788 2295 1773
f 1742 1741 1831
f 1861 24 23
f 1803 1761 1778
f 2358 1829 1831
f 14 13 1916
f 1799 1740 27
f 1826 1862 1955
f 1862 1826 23
f 27 26 24
f 1794 1820 1795
f 25 24 26
f 24 1799 27
f 19 1891 238
f 1790 1760 1759
f 1777 1787 2294
f 1780 1768 1802
f 21 2303 2018
f 22 21 1890
f 1799 2358 1740
f 1827 1742 1831
f 1802 1782 1840
f 2301 1808 2295
f 1772 1793 2297
f 1773 2298 2299
f 1838 1839 1774
f 1211 1958 1900
f 1 1784 2405
f 1 2300 1784
f 1778 1790 1789
f 1770 1785 1791
f 1781 1765 1764
f 1781 1839 1765
f 1786 1777 1774
f 1839 1766 1765
f 1842 1784 2404
f 1810 1792 1780
f 1763 1787 82
f 1769 1768 1780
f 1971 1756 1755
f 1904 1963 1835
f 1885 10 229
f 1802 1768 1767
f 1839 1782 1766
f 83 82 1787
f 1926 1886 1925
f 1854 1816 2357
f 1215 1329 2332
f 1783 1763 1762
f 1875 5 4
f 1801 1848 1851
f 1886 1926 2079
f 1867 1906 1964
f 1766 1782 1767
f 275 5 1867
f 1924 1927 2008
f 1841 1872 1840
f 1881 1916 1991
f 2294 1774 1777
f 1382 1902 1212
f 1782 1839 1838
f 1869 1803 1836
f 1782 1802 1767
f 1802 1840 1776
f 1778 1789 1803
f 1872 1811 1810
f 1842 1804 1784
f 1842 1806 1804
f 1845 3 2405
f 1806 1842 1843
f 1804 1805 1845
f 2296 1846 1848
f 1845 1805 1844
f 234 3 1845
f 1807 1215 2332
f 1808 2301 1779
f 2238 2239 1779
f 2295 1808 1850
f 1810 1811 1813
f 1809 1785 1792
f 1816 1813 1815
f 1872 1810 1776
f 1810 1813 1809
f 1814 1811 1873
f 2359 1864 1817
f 1812 1817 1864
f 1813 1811 1814
f 1897 1815 1812
f 1814 1873 1868
f 1812 1813 1814
f 1864 2250 1897
f 1898 1818 1815
f 1812 1815 1813
f 1815 1818 1816
f 1818 2357 1816
f 1809 1816 1854
f 1812 1814 1817
f 1813 1816 1809
f 2357 1818 2242
f 2357 1819 1854
f 1980 1194 1855
f 1879 1911 1754
f 1754 1753 1879
f 1197 1976 1877
f 1748 1914 1749
f 1882 2362 1991
f 1944 2020 2178
f 2419 1923 2413
f 1744 1827 1889
f 2016 1858 2015
f 1954 2064 2065
f 1955 1862 22
f 1828 1827 1831
f 1828 1831 1829
f 2065 1830 1954
f 1828 1829 1957
f 2103 1938 1935
f 1830 1889 1828
f 1830 1936 1889
f 1831 1741 2358
f 1214 1863 1894
f 1899 1381 1425
f 1865 1960 1902
f 1866 1958 1210
f 1844 1849 1875
f 1212 1902 1904
f 1898 1815 1897
f 1802 1776 1780
f 1872 1776 1840
f 1789 1853 1868
f 1872 1841 1873
f 1782 1838 1840
f 1869 1870 1803
f 1840 1838 1837
f 1838 1774 1871
f 1840 1837 1841
f 1869 1841 1837
f 1873 1836 1868
f 1843 1842 2298
f 1843 2298 2295
f 1847 1801 1849
f 4 1845 1844
f 1848 1801 1847
f 1805 1806 1847
f 1848 1847 1806
f 1874 1801 1851
f 1805 1847 1844
f 1848 1846 1851
f 1834 1905 1849
f 1844 1847 1849
f 1843 1850 2296
f 1850 1966 2296
f 2295 1850 1843
f 2241 1966 1850
f 1966 1967 1965
f 2241 1850 1808
f 1967 1966 2241
f 1907 1851 1846
f 1852 1807 1853
f 1852 1215 1807
f 1810 1809 1792
f 1814 1868 1817
f 1790 1853 1789
f 1817 1853 1807
f 1852 1853 1790
f 1791 1785 1819
f 1856 1968 1855
f 2095 1975 1857
f 1795 1856 1193
f 1971 1820 1756
f 1877 1974 1197
f 1401 1400 1979
f 2038 2037 1910
f 1917 12 11
f 1921 1883 1920
f 2002 1999 2000
f 1883 1921 1997
f 1885 1924 1859
f 1964 274 275
f 1929 2009 1928
f 2057 1824 2119
f 2340 1203 1922
f 1937 1747 1746
f 1892 1952 1891
f 1915 268 16
f 1950 1946 1947
f 24 1861 1799
f 1861 23 1826
f 1890 1955 22
f 1955 1890 2022
f 1895 1214 1333
f 1864 1863 2250
f 1807 2359 1817
f 1863 1864 2359
f 1898 1897 1963
f 1865 1381 1899
f 1865 1832 1960
f 1900 1425 1211
f 1901 1960 1832
f 1212 1904 1213
f 1900 1958 1833
f 1867 5 1875
f 1905 1906 1867
f 1904 1835 1213
f 1789 1868 1836
f 1853 1817 1868
f 1841 1836 1873
f 1870 1869 1837
f 1838 1871 1837
f 1870 1783 1803
f 1774 2294 1871
f 1837 1871 1870
f 1873 1811 1872
f 1869 1836 1841
f 1845 4 234
f 1875 4 1844
f 1849 1874 1834
f 2092 2030 2091
f 1875 1849 1905
f 2030 2087 2088
f 2203 2162 2199
f 1908 1973 2034
f 1978 1195 1401
f 1857 1909 2035
f 1981 2036 1878
f 1911 1879 1983
f 2361 1752 1751
f 1880 2361 1910
f 2369 1983 1984
f 1911 1971 1755
f 1750 1749 1914
f 1910 2361 1982
f 1982 1913 2038
f 15 14 1916
f 1991 1990 1881
f 1921 1920 1202
f 2413 1201 1200
f 1924 9 8
f 1925 8 7
f 2097 2363 1919
f 1882 1917 1919
f 1924 1885 9
f 2008 1859 1924
f 2045 1885 1859
f 1925 1927 1924
f 1929 1207 1206
f 2010 1930 2009
f 2057 2058 2011
f 2076 1866 2054
f 2012 2059 1932
f 1934 1745 1744
f 1744 1743 1827
f 1985 2014 2015
f 1858 1912 1985
f 1889 1827 1828
f 20 1952 1951
f 1941 19 18
f 2408 18 294
f 1892 1891 1943
f 1940 1951 2021
f 238 1952 20
f 1941 1891 19
f 268 1915 1989
f 2408 1942 1941
f 1956 2022 1954
f 1826 1956 1829
f 2359 1894 1863
f 1835 1895 1333
f 1963 2250 1835
f 1214 1895 1863
f 1863 1895 2250
f 2250 1895 1835
f 1904 1902 1962
f 1864 1897 1812
f 2250 1963 1897
f 1818 1898 1896
f 1818 1896 2242
f 1900 1899 1425
f 1211 1210 1958
f 1959 1900 1833
f 1901 1832 1959
f 1865 1902 1382
f 1903 1901 2026
f 1896 1898 2407
f 1960 1962 1902
f 1906 1905 1834
f 1875 1905 1867
f 274 2027 6
f 1870 1871 1783
f 1874 1849 1801
f 2247 1834 1874
f 2092 1874 1851
f 1965 1907 1846
f 1907 2087 2030
f 1969 1968 1795
f 1968 1970 2031
f 2034 1973 1974
f 2035 1978 1857
f 1978 1979 1981
f 1979 2036 1981
f 1753 2361 1880
f 1751 1982 2361
f 1982 2038 1910
f 2205 2203 2204
f 1971 1972 1970
f 1754 1911 1755
f 1748 1747 1912
f 1914 2044 1913
f 1985 1912 1937
f 2044 1914 1912
f 1913 1982 1750
f 2062 1988 2061
f 268 1989 17
f 13 1991 1916
f 1917 1882 1991
f 1991 13 12
f 1919 1917 11
f 10 1918 1919
f 12 1917 1991
f 1885 1918 10
f 2097 1918 2045
f 1995 2166 1990
f 2097 1919 1918
f 1882 1919 2363
f 1922 1203 1920
f 1202 1503 1996
f 1931 1205 1933
f 2413 1923 1201
f 1200 1199 2006
f 2049 1923 2419
f 1925 1924 8
f 1926 1925 7
f 7 6 1926
f 1886 2007 1927
f 2008 1927 2052
f 1886 1927 1925
f 1929 1928 1207
f 1930 1928 2009
f 1931 1929 1206
f 1932 2009 1929
f 1412 2053 1414
f 2053 1930 2011
f 1932 1931 1887
f 1933 2055 1887
f 1887 2012 1932
f 1929 1931 1932
f 1204 1933 1205
f 1887 1931 1933
f 1889 1934 1744
f 1888 1934 1935
f 1889 1936 1934
f 2103 1935 1936
f 1934 1936 1935
f 1888 1937 1746
f 1938 2014 1935
f 1938 2015 2014
f 1938 2103 1939
f 2017 1986 2016
f 2024 2023 2066
f 1858 2016 1986
f 1951 2018 2303
f 1890 21 2018
f 2408 1941 18
f 17 2408 294
f 1989 2408 17
f 1893 1942 2408
f 1988 1893 1989
f 1947 1945 1942
f 1942 1893 1947
f 1943 1945 2406
f 1941 1943 1891
f 1950 1947 1893
f 1945 1943 1942
f 1941 1942 1943
f 1947 1946 1945
f 2020 1944 1946
f 2367 1798 2190
f 1944 1945 1946
f 1944 2178 2141
f 2172 2173 2175
f 1949 1950 2062
f 1950 1949 2063
f 20 1951 2303
f 2021 1951 1952
f 1952 238 1891
f 1953 2022 1890
f 1953 1890 2018
f 1954 2022 2064
f 1954 1957 1956
f 1955 2022 1956
f 1957 1954 1830
f 1955 1956 1826
f 1828 1957 1830
f 1829 1956 1957
f 1833 1958 2078
f 1959 1833 2084
f 1899 1900 1959
f 1959 1832 1899
f 1901 1903 1960
f 1962 1960 1903
f 2026 1961 1903
f 1963 1962 2407
f 2407 1962 1903
f 1904 1962 1963
f 1867 1964 275
f 2027 1964 1906
f 2249 1834 2247
f 1965 1846 1966
f 1965 1775 2087
f 2296 1966 1846
f 2244 2241 2239
f 1965 1967 1775
f 2302 2243 2244
f 1907 1965 2087
f 2087 2029 2088
f 2247 2092 2091
f 1969 1795 1820
f 1968 1969 1970
f 1971 1969 1820
f 2031 1970 1876
f 1979 1980 2036
f 1971 1911 1972
f 1969 1971 1970
f 1983 1972 1911
f 1876 1972 2369
f 1974 1973 1198
f 2006 1973 1908
f 1197 1974 1198
f 1975 1909 1857
f 2035 1909 1976
f 1976 1909 1877
f 2094 1909 1975
f 2161 2133 1977
f 2123 2411 1821
f 1978 2035 1195
f 1977 1857 1981
f 1978 1401 1979
f 1857 1978 1981
f 1980 1979 1400
f 1194 1980 1400
f 1980 1855 2032
f 1977 1981 1878
f 2360 1880 1910
f 1910 2037 2042
f 2360 2042 1984
f 1972 1983 2369
f 2360 1984 1983
f 1985 1937 2014
f 2015 1858 1985
f 1912 1858 2044
f 2416 1986 2017
f 1858 1986 2044
f 1913 1750 1914
f 1988 1989 1915
f 1989 1893 2408
f 2061 1988 1915
f 1893 1988 2062
f 2362 1995 1990
f 1993 1990 2166
f 1990 1991 2362
f 2138 2139 2136
f 1993 1881 1990
f 2251 1993 1992
f 1881 1993 2253
f 2135 1992 2111
f 1916 1994 15
f 2046 2097 2045
f 1882 2363 2362
f 1202 1996 2048
f 2048 1921 1202
f 1999 1997 2001
f 2206 2208 1823
f 1921 2048 1997
f 2000 1999 1998
f 2049 1996 1923
f 1999 2001 2420
f 1999 2002 1997
f 2001 2049 2211
f 2001 2048 2049
f 2050 2002 2279
f 2000 2269 2005
f 2005 2002 2000
f 2279 2002 2005
f 2050 1922 1883
f 2275 2270 2412
f 1884 2056 2003
f 2050 2003 1922
f 1441 2340 2004
f 2267 2005 2269
f 2005 2278 2279
f 2266 2413 2006
f 1200 2006 2413
f 1973 2006 1199
f 1886 2079 2007
f 1927 2007 2052
f 2008 2051 2046
f 1932 2059 2009
f 2011 2054 2053
f 1930 2010 2011
f 2057 2011 2010
f 2054 2011 2058
f 2053 2054 1209
f 1800 2075 2076
f 1209 1414 2053
f 1866 1209 2054
f 2055 1933 2004
f 2055 2056 2259
f 1860 2259 2258
f 2013 2059 2060
f 2059 2012 2060
f 1888 2014 1937
f 1935 2014 1888
f 2016 2015 2069
f 2067 1939 2066
f 2037 2039 2041
f 1953 2018 1940
f 1951 1940 2018
f 2368 1940 2021
f 2061 1987 2252
f 2101 2062 2061
f 1946 1950 2063
f 1892 2409 1952
f 2064 2022 1953
f 1830 2065 1936
f 1958 1866 2025
f 2025 2075 2078
f 2078 1958 2025
f 2104 1833 2078
f 1896 1961 2240
f 1964 2027 274
f 2249 1906 1834
f 2090 2091 2030
f 2145 2007 2263
f 2027 1926 6
f 1926 2027 2079
f 1901 2083 2026
f 2087 2081 2029
f 1907 2092 1851
f 2032 2031 2201
f 1968 2032 1855
f 2032 2201 2036
f 2033 2034 1877
f 2094 2411 2033
f 2034 1974 1877
f 2108 2411 2123
f 1976 1196 2035
f 2133 2095 1977
f 2032 2036 1980
f 2201 1878 2036
f 2039 2037 2038
f 2043 2042 2037
f 1984 2042 2205
f 2044 1986 1913
f 2040 2039 2416
f 2041 2040 2096
f 2016 2069 2017
f 2017 2074 2073
f 2096 2151 2109
f 2042 2043 2205
f 2040 2041 2039
f 2043 2037 2041
f 2042 2360 1910
f 2038 1913 1986
f 1885 2045 1918
f 2046 2045 1859
f 2008 2046 1859
f 2047 2046 2163
f 2049 2048 1996
f 1997 2048 2001
f 1997 2002 1883
f 2003 2340 1922
f 2004 2340 2003
f 2266 1908 2414
f 2266 2006 1908
f 2008 2052 2051
f 1930 2053 1412
f 2076 2054 2058
f 2057 2013 1824
f 2055 2259 1860
f 1887 1860 2012
f 2056 2055 2004
f 2003 2056 2004
f 2100 2013 2060
f 2058 2057 2118
f 2057 2010 2013
f 2013 2010 2059
f 2058 2118 2077
f 1824 2182 2146
f 2009 2059 2010
f 2012 2099 2060
f 2100 2099 2112
f 2099 2257 2112
f 1987 2061 1915
f 1893 2062 1950
f 1949 2101 2415
f 2064 2023 2065
f 2023 2024 2065
f 2103 2065 2024
f 2065 2103 1936
f 2023 2191 2190
f 2024 2066 1939
f 2367 2192 2193
f 2068 2017 2069
f 2067 2068 1939
f 2067 2066 1798
f 2068 2067 2070
f 2068 2070 2074
f 1939 2068 2069
f 2074 2070 2072
f 2074 2017 2068
f 2071 2073 2074
f 2071 2074 2072
f 2096 2040 2073
f 2017 2073 2416
f 2076 2075 2025
f 1866 2076 2025
f 2077 2076 2058
f 2077 1800 2076
f 2118 2119 2216
f 1800 2077 2105
f 2080 2027 1906
f 2007 2079 2263
f 2263 2079 2080
f 2027 2080 2079
f 1775 2244 2245
f 2081 2028 2082
f 2084 2104 2028
f 2104 2085 2082
f 2084 2083 1901
f 2246 2083 2028
f 1959 2084 1901
f 1833 2104 2084
f 2075 2085 2078
f 2084 2028 2083
f 2082 2028 2104
f 2075 1800 2085
f 2085 2086 2082
f 2086 2085 1800
f 2086 1800 2105
f 2029 2082 2086
f 2088 2029 2086
f 2030 2088 2090
f 2089 2088 2086
f 2180 2143 2089
f 2088 2089 2090
f 2089 2143 2090
f 2142 2091 2090
f 2092 1907 2030
f 2130 2194 2131
f 2034 2033 2149
f 1909 2094 1877
f 2411 2094 1975
f 2095 1821 1975
f 2094 2033 1877
f 1977 2095 1857
f 2109 2162 2043
f 2151 1796 2109
f 2136 2363 2047
f 2046 2047 2097
f 2138 2136 2110
f 2055 1860 1887
f 1860 2099 2012
f 1824 2013 2100
f 2099 2100 2060
f 2100 2112 2182
f 1822 2113 2415
f 2101 1822 2415
f 2114 1948 2113
f 2101 1949 2062
f 2061 2252 2101
f 2251 2102 1822
f 1993 2111 1992
f 1992 2102 2251
f 2063 2020 1946
f 2063 2116 2365
f 1939 2103 2024
f 2085 2104 2078
f 2144 2180 2181
f 2182 1824 2100
f 2132 2093 2414
f 2129 2108 2107
f 2108 2132 2033
f 2214 2213 2128
f 2051 2187 2163
f 2262 2276 2261
f 1993 2166 2111
f 2165 2139 2138
f 2237 2232 2236
f 2102 2164 2237
f 2102 2113 1822
f 2019 2365 2177
f 2235 2236 2232
f 2116 2115 2167
f 2102 2237 2113
f 2125 2194 2129
f 2116 2167 2177
f 2115 2116 1948
f 2063 1948 2116
f 2236 2115 2114
f 2170 2177 2167
f 2156 2153 2155
f 2167 2168 2140
f 2170 2172 2177
f 2117 2179 2019
f 2105 2089 2086
f 2216 2089 2105
f 2105 2077 2118
f 2105 2118 2216
f 2057 2119 2118
f 2080 1906 2249
f 2181 2180 2217
f 2149 1908 2034
f 2122 2196 2266
f 2107 2108 2123
f 2126 2134 2124
f 2107 2126 2127
f 2174 2214 2173
f 2107 2123 2126
f 2213 2150 2125
f 2194 2125 2131
f 2127 2126 2124
f 2107 2127 2125
f 2123 1821 2126
f 2127 2124 2128
f 2124 1796 2152
f 2152 2151 2155
f 2129 2107 2125
f 2131 2125 2150
f 2188 2130 2131
f 2108 2129 2132
f 2093 2132 2129
f 2201 2031 2202
f 2197 2198 2134
f 1821 2095 2417
f 2417 2134 2126
f 2124 2134 1796
f 2096 2109 2041
f 2109 2043 2041
f 2162 2109 2198
f 2163 2110 2047
f 2052 2186 2185
f 2220 2221 2187
f 2363 2136 1995
f 2110 2136 2047
f 2260 2277 2137
f 2111 2139 2165
f 2189 2172 2170
f 1944 2141 1825
f 1824 2146 2119
f 2181 2106 2144
f 2142 2090 2143
f 2248 2142 2120
f 2142 2143 2144
f 2142 2144 2120
f 2184 2106 2148
f 2217 2146 2147
f 2147 2146 2182
f 2183 2121 2182
f 2148 2147 2121
f 2148 2181 2147
f 2146 2217 2119
f 2148 2121 2219
f 2106 2184 2145
f 2149 2132 2414
f 2214 2176 2173
f 2188 2189 2171
f 2073 2071 2364
f 2151 2152 1796
f 2364 2151 2096
f 2152 2155 2153
f 2124 2152 2128
f 2364 2154 2155
f 2214 2153 2176
f 2152 2153 2128
f 2154 2071 2072
f 2156 2155 2154
f 2156 2154 2418
f 2153 2156 2176
f 2158 2072 2070
f 2366 2418 2160
f 2157 2117 2175
f 2158 2159 2160
f 1798 2367 2159
f 1798 2066 2190
f 2367 2193 2159
f 1798 2159 2158
f 2093 2195 2122
f 1878 2161 1977
f 2162 2198 2199
f 2197 2199 2198
f 2162 2203 2205
f 2221 2163 2187
f 2221 2098 2110
f 2260 2098 2225
f 2166 2139 2111
f 2209 2229 2370
f 2136 2139 1995
f 2139 2166 1995
f 2170 2167 2140
f 2168 2167 2115
f 2206 1823 2195
f 2171 2169 2207
f 2171 2170 2140
f 2189 2173 2172
f 2175 2173 2176
f 2174 2173 2189
f 2174 2150 2213
f 2174 2213 2214
f 2157 2175 2156
f 2177 2117 2019
f 2175 2117 2172
f 2117 2177 2172
f 2365 2178 2020
f 2178 2179 2141
f 2144 2143 2180
f 2216 2180 2089
f 2217 2216 2119
f 2181 2217 2147
f 2106 2181 2148
f 2183 2182 2112
f 2112 2257 2281
f 2182 2121 2147
f 2218 2121 2183
f 2225 2221 2220
f 2187 2051 2185
f 2148 2219 2184
f 2145 2184 2186
f 2185 2184 2219
f 2145 2186 2007
f 2187 2185 2219
f 2052 2185 2051
f 2185 2186 2184
f 2187 2219 2220
f 2186 2052 2007
f 2213 2125 2127
f 2188 2150 2174
f 2188 2171 2130
f 2171 2189 2170
f 2174 2189 2188
f 2064 2191 2023
f 2023 2190 2066
f 2064 1953 2191
f 2222 2367 2190
f 2410 2222 2368
f 2141 2193 1825
f 1825 2193 2192
f 2193 2160 2159
f 2193 2141 2215
f 2193 2215 2160
f 2129 2194 2093
f 2093 2194 2195
f 2122 2195 1823
f 2122 1823 2196
f 2224 2208 2212
f 2206 2130 2207
f 2194 2130 2195
f 2109 1796 2198
f 2134 2198 1796
f 2161 2200 2199
f 2200 2203 2199
f 1878 2200 2161
f 1878 2201 2200
f 1876 2202 2031
f 2201 2202 2200
f 2204 2203 2200
f 2162 2205 2043
f 2369 1984 2204
f 2200 2202 2204
f 2205 2204 1984
f 2168 2236 1797
f 2171 2140 2169
f 2169 2140 2168
f 2168 1797 2169
f 2210 2207 2169
f 2130 2171 2207
f 2210 1797 2223
f 2208 2206 2209
f 2212 2208 2370
f 2000 2226 2269
f 2209 2207 2210
f 2210 2169 1797
f 2229 2209 2210
f 1998 1999 2420
f 1823 2208 2224
f 2212 1998 2420
f 2127 2128 2213
f 2153 2214 2128
f 2215 2157 2366
f 2179 2215 2141
f 2178 2019 2179
f 2216 2217 2180
f 2219 2121 2220
f 2218 2220 2121
f 2220 2218 2225
f 2218 2280 2225
f 2098 2221 2225
f 2163 2221 2110
f 2150 2188 2131
f 1953 1940 2191
f 2368 2191 1940
f 2409 2368 2021
f 2191 2368 2222
f 2191 2222 2190
f 2130 2206 2195
f 2209 2206 2207
f 2212 2370 2227
f 2276 2268 2270
f 2230 2226 2227
f 1797 2235 2223
f 2229 2210 2223
f 2227 1998 2212
f 2224 2196 1823
f 2196 2224 2211
f 2183 2112 2281
f 2260 2225 2280
f 1998 2226 2000
f 2226 2230 2269
f 2230 2227 2370
f 1998 2227 2226
f 2223 2235 2228
f 2231 2233 2228
f 2164 2232 2237
f 2230 2229 2228
f 2230 2370 2229
f 2232 2234 2231
f 2234 2164 2135
f 2135 2265 2412
f 2231 2235 2232
f 2231 2234 2272
f 2223 2228 2229
f 2231 2228 2235
f 2230 2228 2371
f 2164 2234 2232
f 2236 2235 1797
f 2115 2236 2168
f 2113 2237 2114
f 2114 2237 2236
f 2302 2238 2242
f 1779 2239 1808
f 2238 2357 2242
f 2302 2239 2238
f 2244 1967 2241
f 2240 1961 2243
f 2302 2242 2240
f 2239 2241 1808
f 2240 2242 1896
f 1961 2246 2243
f 2245 2028 2081
f 2245 2244 2243
f 1967 2244 1775
f 2239 2302 2244
f 1961 2026 2246
f 2026 2083 2246
f 2245 2081 1775
f 2246 2245 2243
f 2245 2246 2028
f 1791 1779 1793
f 1854 1819 1785
f 2248 2091 2142
f 2264 2080 2249
f 2120 2145 2263
f 2091 2248 2247
f 2248 2264 2247
f 2263 2264 2120
f 2092 2247 1874
f 1972 1876 1970
f 2202 2369 2204
f 2252 1822 2101
f 2253 2251 2252
f 2251 1822 2252
f 1993 2251 2253
f 2253 2252 1987
f 1994 2253 1987
f 2255 2258 2254
f 1884 2259 2056
f 2259 2254 2258
f 2254 2259 1884
f 2279 1884 2050
f 2254 2278 2255
f 2256 2258 2255
f 2258 2257 1860
f 2257 2256 2281
f 2255 2261 2256
f 2258 2256 2257
f 2099 1860 2257
f 2046 2051 2163
f 2261 2260 2280
f 2277 2261 2276
f 2262 2261 2255
f 2264 2263 2080
f 2264 2249 2247
f 2120 2264 2248
f 2154 2364 2071
f 2151 2364 2155
f 1798 2158 2067
f 2070 2067 2158
f 2111 2265 2135
f 2165 2265 2111
f 2419 2266 2196
f 2267 2371 2271
f 2371 2267 2269
f 2371 2269 2230
f 2272 2271 2233
f 2274 2165 2138
f 2267 2271 2268
f 2231 2272 2233
f 2271 2270 2268
f 2412 2272 2234
f 2270 2271 2272
f 2273 2275 2274
f 2137 2274 2138
f 2273 2270 2275
f 2260 2137 2098
f 2273 2274 2137
f 2165 2274 2275
f 2276 2270 2273
f 2165 2275 2265
f 2276 2273 2277
f 2276 2262 2268
f 2137 2277 2273
f 2261 2277 2260
f 2005 2267 2278
f 2135 2412 2234
f 2275 2412 2265
f 2255 2278 2262
f 2279 2278 2254
f 1884 2279 2254
f 2218 2183 2281
f 2256 2280 2281
f 2261 2280 2256
f 2281 2280 2218
f 2282 188 96
f 317 363 316
f 390 363 317
f 699 643 673
f 1096 2287 998
f 811 2284 659
f 2286 964 1043
f 2283 1071 806
f 998 1076 1079
f 2287 1076 998
f 1093 2285 810
f 2287 1096 814
f 1249 2289 1230
f 1235 1232 2290
f 1269 2288 1263
f 595 1284 2291
f 1377 2291 1284
f 1248 1245 1286
f 2292 1229 2289
f 1231 1287 1249
f 2290 2293 1235
f 2293 1288 1235
f 1292 1290 1257
f 1636 1521 1457
f 1636 1457 1424
f 1871 2294 1783
f 2297 2295 1788
f 2297 1793 2301
f 2295 2298 1773
f 1788 1772 2297
f 2300 2299 2404
f 1819 2238 1779
f 1791 1819 1779
f 2296 1806 1843
f 2301 2295 2297
f 1992 2135 2164
f 1992 2164 2102
f 2243 2302 2240
f 105 142 28
f 129 39 120
f 2303 191 193
f 119 128 582
f 223 224 61
f 104 2305 154
f 146 304 148
f 2307 578 107
f 215 2308 214
f 137 169 49
f 172 146 149
f 140 750 199
f 2304 212 126
f 590 593 224
f 273 63 334
f 192 162 193
f 236 162 290
f 217 240 194
f 147 250 200
f 253 170 307
f 223 61 852
f 392 2312 395
f 2313 293 167
f 195 296 297
f 2314 390 391
f 319 2311 186
f 590 224 223
f 2315 2380 380
f 385 384 381
f 389 390 2314
f 132 396 397
f 325 353 417
f 406 458 460
f 420 421 2382
f 325 417 416
f 420 411 431
f 417 412 416
f 424 420 431
f 2316 418 548
f 424 2316 421
f 2317 432 427
f 430 2316 548
f 427 432 426
f 401 399 456
f 459 2307 460
f 2317 423 432
f 489 463 313
f 2319 365 157
f 472 2319 495
f 495 2319 157
f 2318 499 542
f 2320 574 520
f 349 563 527
f 550 2321 551
f 578 2307 579
f 2306 582 183
f 119 2306 155
f 225 591 592
f 754 720 753
f 635 2322 685
f 101 697 48
f 754 753 721
f 665 2322 680
f 2322 743 685
f 783 768 765
f 770 779 772
f 788 2323 919
f 678 791 789
f 792 2324 786
f 2310 921 922
f 817 613 1427
f 761 756 822
f 761 822 766
f 914 966 1114
f 2323 1099 1132
f 2325 906 60
f 788 919 917
f 798 934 972
f 941 1051 940
f 1056 936 1007
f 1120 1056 732
f 1036 1064 1063
f 1080 1081 2326
f 2326 1102 1082
f 2328 2326 1101
f 1163 1160 1165
f 2329 1162 883
f 1247 1225 1254
f 1267 2331 1265
f 1240 1269 1220
f 1183 1360 1403
f 2332 1329 1894
f 1236 1289 1268
f 1310 2330 1263
f 2334 1336 1337
f 1329 2392 1337
f 1311 2334 1338
f 1285 1338 2392
f 2335 1444 840
f 1573 2336 1359
f 2336 1195 1359
f 1404 2338 1525
f 1400 1410 1363
f 1461 2339 1462
f 1543 1474 1416
f 1567 1419 1372
f 2340 1439 1203
f 2342 599 600
f 1541 1525 2337
f 2338 2337 1525
f 1481 1422 1483
f 2343 1686 1316
f 1502 1316 1621
f 1461 2336 1573
f 1483 1567 1485
f 1552 1571 1553
f 1601 1540 1537
f 1581 1582 1638
f 2346 1603 1584
f 1601 1581 1638
f 1601 1638 2345
f 2346 1606 1603
f 1502 1621 1501
f 1662 2347 1621
f 1628 2348 1625
f 2348 1631 1625
f 2349 1629 1628
f 2350 1648 1630
f 1542 1646 1473
f 1651 1590 2397
f 1738 1517 2355
f 2421 1673 1662
f 1316 1684 1662
f 1660 1681 1680
f 1686 2351 1684
f 2351 2352 1623
f 2352 1692 1691
f 2352 1691 1667
f 1684 2351 2421
f 2343 2353 1685
f 2354 1726 1695
f 1683 1738 2355
f 1738 1683 1739
f 2356 16 15
f 2356 1915 16
f 1784 1804 2405
f 1770 1791 1771
f 1804 1806 1805
f 1819 2357 2238
f 1829 2358 1861
f 2332 2359 1807
f 1880 2360 1879
f 1829 1861 1826
f 2361 1753 1752
f 1880 1879 1753
f 1968 1856 1795
f 2360 1983 1879
f 1994 1916 1881
f 2406 1945 1825
f 1994 1987 2356
f 2362 2363 1995
f 1994 1881 2253
f 2340 1441 1439
f 2407 1961 1896
f 2029 2081 2082
f 2411 2108 2033
f 2149 2033 2132
f 2363 2097 2047
f 2063 2365 2020
f 2178 2365 2019
f 2365 2116 2177
f 2115 1948 2114
f 2120 2144 2106
f 1821 2417 2126
f 2417 2133 2197
f 2120 2106 2145
f 2073 2364 2096
f 2158 2160 2418
f 2157 2215 2179
f 2367 2222 2192
f 2368 2409 2410
f 2211 2419 2196
f 2417 2197 2134
f 2369 2202 1876
f 2370 2208 2209
f 2215 2366 2160
f 2117 2157 2179
f 2233 2371 2228
f 2050 1884 2003
f 2262 2278 2268
f 2372 150 105
f 2 188 2282
f 2304 130 115
f 130 2304 129
f 129 2304 125
f 20 2303 193
f 24 25 135
f 103 76 143
f 2373 433 298
f 196 197 215
f 168 2375 216
f 195 241 299
f 258 2375 217
f 331 330 377
f 2377 401 285
f 98 2374 314
f 2376 2378 479
f 2379 348 402
f 272 379 158
f 2380 131 381
f 2376 343 283
f 419 2382 324
f 2381 451 456
f 479 2378 478
f 591 478 2378
f 406 489 458
f 2383 540 567
f 524 561 459
f 337 2378 2376
f 2378 337 592
f 2384 697 101
f 1136 1138 1139
f 635 680 2322
f 2386 1427 1489
f 2385 762 686
f 2387 695 830
f 2387 784 1005
f 788 2388 1099
f 932 2389 1006
f 906 333 60
f 855 69 68
f 941 870 831
f 995 2287 996
f 695 2387 1005
f 1030 1036 1034
f 787 2388 788
f 1038 942 1060
f 1038 1060 1039
f 1073 1075 1078
f 1073 1078 1077
f 1073 1077 1067
f 1102 2388 1049
f 1098 1136 1139
f 1121 1125 1124
f 849 1130 63
f 1098 1156 1134
f 2390 1106 1105
f 1126 1153 1155
f 614 1346 1486
f 1215 1285 2392
f 1337 2391 1335
f 1337 2392 2334
f 1264 1379 1305
f 1474 2393 1542
f 2335 841 1446
f 1462 1411 1409
f 2343 1502 1500
f 1402 2395 1360
f 1530 2394 1435
f 2395 1402 1526
f 1570 1568 1485
f 2395 1403 1360
f 1386 1616 1590
f 2400 1659 1606
f 1611 2345 1644
f 1386 1590 1650
f 1635 2396 1649
f 1646 1542 2396
f 2396 1542 2393
f 1651 2397 1643
f 1688 2398 1670
f 2399 1592 1657
f 1665 1660 2400
f 1671 1659 2399
f 2400 2399 1659
f 2401 1683 1672
f 2401 1670 2398
f 1670 2401 1593
f 1674 1673 2421
f 2398 1318 1739
f 1674 2421 1642
f 1623 1689 1642
f 1623 2352 1690
f 2402 1709 1694
f 1709 2402 1706
f 2403 1706 2402
f 1425 1734 1211
f 1930 1208 1928
f 1842 2404 2298
f 1789 1836 1803
f 189 2405 3
f 1845 2405 1804
f 2406 2410 1892
f 10 1919 11
f 1938 1939 2069
f 1938 2069 2015
f 1892 1943 2406
f 2410 2409 1892
f 2415 2063 1949
f 1903 1961 2407
f 1963 2407 1898
f 2411 1975 1821
f 2413 2266 2419
f 2409 2021 1952
f 2031 2032 1968
f 2039 1986 2416
f 2002 2050 1883
f 2414 1908 2149
f 1948 2415 2113
f 2415 1948 2063
f 2040 2416 2073
f 2138 2110 2098
f 2133 2417 2095
f 2161 2199 2197
f 2137 2138 2098
f 2122 2266 2414
f 2414 2093 2122
f 2418 2154 2072
f 2156 2418 2366
f 2156 2366 2157
f 2156 2175 2176
f 2410 2406 2192
f 1825 2192 2406
f 2049 2419 2211
f 2161 2197 2133
f 2420 2211 2224
f 2420 2001 2211
f 2212 2420 2224
f 2371 2233 2271
f 2272 2412 2270
f 2267 2268 2278
f 1292 1257 1287
f 2300 2404 1784
f 2298 2404 2299
f 2380 381 380
f 385 381 477
f 366 2382 421
f 2382 366 324
f 1052 1126 1155
f 1623 2421 2351
f 1 2405 2
f 1825 1945 1944
f 2038 1986 2039
f 2158 2418 2072

