# https://github.com/mikedh/trimesh
v 0.01599894 1.16622900 0.76651180
v 0.02421759 1.15566600 0.75616220
v 0.03194307 1.13463500 0.75857750
v 0.03880234 1.10408600 0.75590490
v 0.03668222 1.08156100 0.75624810
v 0.03356866 1.01729500 0.75828160
v 0.02554631 0.99521460 0.76188890
v 0.02426516 0.97306750 0.76387750
v 0.02201263 0.95614160 0.77120190
v 0.01881318 0.92998760 0.78874660
v 0.01640280 0.90765830 0.79772720
v 0.01030202 0.88851000 0.80387480
v 0.00496234 0.86850460 0.80971360
v 0.00276059 0.84908790 0.81525970
v 0.00209618 0.83225230 0.82216730
v 0.00044324 0.81302520 0.82764020
v -0.00283407 0.77382320 0.83959920
v -0.00412401 0.73556200 0.84690070
v -0.00411086 0.71610900 0.85313880
v 0.00581688 0.67046990 0.85611580
v 0.00782266 0.64247990 0.87367290
v 0.01089701 0.62583830 0.87694120
v 0.01466262 0.59687940 0.87915600
v 0.01579092 0.58201530 0.87721010
v 0.01574746 0.56890570 0.87356780
v 0.01583213 0.56681710 0.87455800
v 0.01475141 0.56495320 0.87546880
v 0.01771790 0.56415970 0.86122220
v 0.01621196 0.56776920 0.84794970
v 0.01610037 0.56840340 0.83608900
v 0.01745239 0.56947510 0.82233580
v 0.02593059 0.56776270 0.81036220
v 0.03726516 0.56578940 0.80372420
v 0.04965415 0.56146480 0.79625690
v 0.06296154 0.55720750 0.78800080
v 0.07576536 0.55284420 0.77896670
v 0.08994430 0.55057640 0.76999840
v 0.10533290 0.54928750 0.76156320
v 0.11861870 0.54805180 0.75001480
v 0.12365640 0.54596000 0.73288800
v 0.12399590 0.54394850 0.71556330
v 0.12378190 0.54058230 0.69925690
v 0.12228280 0.53681310 0.68162250
v 0.12044140 0.53559140 0.66029270
v 0.11762900 0.53899160 0.63386000
v 0.11154850 0.54921400 0.60059350
v 0.10999980 0.56121460 0.57168430
v 0.11055660 0.59327020 0.58628200
v 0.11134120 0.62561480 0.60313890
v 0.10509830 0.63969690 0.60511900
v 0.10468590 0.65807630 0.60845330
v 0.09726748 0.67301110 0.61180140
v 0.07717499 0.72371160 0.60775240
v 0.07473012 0.75353910 0.59497180
v 0.07837577 0.76983760 0.59508460
v 0.08177634 0.80095110 0.59058330
v 0.08585508 0.81664190 0.58744280
v 0.09378941 0.85067120 0.58038840
v 0.09235048 0.86966830 0.57649610
v 0.09076591 0.88942920 0.57337700
v 0.08607406 0.93187220 0.57259520
v 0.07520303 1.00412900 0.56761630
v 0.07326295 1.02011400 0.56515010
v 0.07103094 1.04242700 0.56366740
v 0.06784513 1.06435100 0.56583020
v 0.06386598 1.07360600 0.55169030
v 0.06008083 1.09123400 0.55401670
v 0.06227479 1.10944100 0.55546470
v 0.06043429 1.11982600 0.54631460
v 0.05400654 1.14520900 0.55649300
v 0.04746649 1.16475000 0.56131810
v 0.04323519 1.18843300 0.56742470
v 0.02671310 1.19851000 0.57103580
v -0.00574727 1.24796500 0.57634320
v 0.00030201 1.25031100 0.59395910
v 0.00119516 1.26020200 0.61136010
v -0.00253217 1.27708500 0.62807290
v -0.01150987 1.30139800 0.64074290
v -0.02177308 1.32821700 0.65286570
v -0.03149507 1.35344100 0.66533440
v -0.04956025 1.37035900 0.68503910
v -0.07389202 1.37004600 0.70175330
v -0.05936964 1.36784200 0.70861500
v -0.05311691 1.35750500 0.72454810
v -0.04308280 1.35373400 0.73742890
v -0.01992004 1.35827900 0.73401270
v -0.00626180 1.35328900 0.72294570
v 0.00396362 1.33914400 0.71340260
v 0.01012079 1.32164800 0.70661640
v 0.01647577 1.30278300 0.70145430
v 0.02367543 1.28124900 0.69791270
v 0.03178494 1.25687400 0.69931280
v 0.03926192 1.23238600 0.70360150
v 0.04390636 1.21134700 0.71181480
v 0.04157596 1.19177300 0.72447700
v 0.03228941 1.17671800 0.74165030
v 0.01426984 0.59969570 0.84614360
v 0.12014500 0.64433640 0.70231140
v 0.12668830 0.58859100 0.65983790
v 0.12257090 0.56687470 0.62840170
v 0.11010890 0.57841170 0.57408690
v 0.02382559 1.22585400 0.61118520
v 0.01040122 1.24569700 0.61061160
v -0.04101714 1.36562400 0.70747850
v 0.01693662 0.57912280 0.84935480
v 0.01641194 0.59719390 0.81565940
v 0.06957823 0.64045040 0.78188240
v -0.03569413 1.35944300 0.72362540
v 0.12636480 0.55221460 0.66772850
v 0.11934810 0.55236260 0.62211100
v -0.03646381 1.36176000 0.68694810
v -0.00222820 1.28589100 0.64354790
v 0.01986768 0.58354360 0.81367740
v -0.02475609 1.33753600 0.67559880
v 0.10329640 0.59333110 0.75189100
v 0.12250340 0.54829830 0.64542380
v 0.03299876 0.58232440 0.80663270
v -0.00905792 1.34337700 0.70478130
v 0.12560740 0.56214100 0.70244390
v 0.12063250 0.56248730 0.73852490
v 0.12561480 0.54765650 0.68795030
v 0.05872828 0.57207220 0.79226950
v -0.00000587 1.33000400 0.70203680
v -0.01164949 1.33163000 0.69041800
v 0.08905428 0.56342110 0.76654090
v 0.07506209 0.57387680 0.78175710
v 0.00515407 1.31372300 0.69334880
v 0.12934180 0.56571570 0.68390630
v 0.10488430 0.56727440 0.75676700
v 0.11186790 0.57880760 0.74683500
v 0.06935522 0.95984980 0.68569300
v 0.07438097 1.07977600 0.67138540
v 0.06617473 1.14361500 0.71446940
v 0.01376229 0.62247810 0.85533020
v 0.02015999 0.59452950 0.86360970
v 0.02535749 0.70646120 0.79586450
v 0.11453360 0.60582890 0.62101580
v 0.11399060 0.58748620 0.61384430
v 0.11230070 0.57108020 0.60357400
v 0.02482158 1.20856000 0.58930800
v 0.05472509 1.20470600 0.65080980
v 0.01805785 0.58008880 0.86320000
v 0.00907931 1.25882400 0.62901650
v 0.01915058 1.23965600 0.62280050
v 0.00988354 1.26740400 0.64506500
v 0.02922424 1.24784700 0.66450570
v 0.03310100 1.22299100 0.62685670
v 0.02102041 1.24806200 0.64238170
v 0.02027490 1.26218700 0.66312680
v 0.01312387 0.59170940 0.83467910
v 0.04550665 0.58332720 0.80087130
v 0.12886820 0.57251660 0.66390700
v 0.12837590 0.58664140 0.67967830
v -0.02750158 1.34956400 0.69539110
v 0.12420140 0.56309610 0.72254890
v 0.08930679 0.85123120 0.65104720
v 0.06163797 0.88482410 0.74948700
v 0.08745524 0.95457100 0.64095610
v 0.07543703 1.09837600 0.61285460
v 0.04582081 1.17625000 0.72885040
v 0.03997145 1.14605500 0.73337210
v 0.00508970 0.65282170 0.84506150
v 0.01396198 0.62277700 0.86625890
v 0.01831403 0.60971370 0.86577550
v 0.01776738 0.60770040 0.85581690
v 0.01760044 0.59277060 0.85457270
v 0.00665540 0.71351770 0.82124130
v 0.10118110 0.67060450 0.63226480
v 0.11556030 0.60843050 0.59660960
v 0.05744413 1.18680000 0.60868060
v 0.04299990 1.19323300 0.58246750
v 0.02665117 1.26572400 0.68305780
v 0.04143112 1.22931700 0.66650960
v 0.03328301 0.59800620 0.80826350
v 0.06198128 0.58850870 0.79303880
v 0.04888135 0.60432790 0.80230820
v 0.12453610 0.58274160 0.63878030
v 0.12306310 0.59730150 0.64251740
v 0.12078140 0.62218640 0.66304590
v 0.12750610 0.60470820 0.67177150
v 0.12708500 0.56375210 0.64906870
v 0.12512270 0.61290830 0.70177480
v 0.12546830 0.59496890 0.70773710
v 0.12768050 0.60275680 0.68961800
v 0.12617800 0.62375610 0.68287400
v 0.01856371 0.83685850 0.78814210
v 0.04518180 0.96152430 0.75395610
v 0.03143521 1.16528400 0.74612250
v 0.03114979 1.14426400 0.74791900
v 0.04145703 1.12889500 0.73333310
v 0.00782878 0.63532000 0.86132370
v 0.00677466 0.63738000 0.85256460
v 0.00559024 0.65314200 0.85154900
v 0.08459417 0.71250350 0.62987170
v 0.07934061 0.74620140 0.63226740
v 0.11035850 0.64201150 0.63103130
v 0.10549350 0.65556020 0.62602570
v 0.00670069 1.23614300 0.58421900
v 0.01735166 1.22697000 0.59366850
v 0.04369030 1.20393100 0.61772980
v 0.06185387 1.15830700 0.58692100
v 0.04954482 1.17315200 0.57992080
v 0.04835908 1.20410800 0.70514410
v 0.04545937 1.22146700 0.69030000
v 0.03624479 1.24349500 0.68665890
v 0.05148839 1.21322000 0.67215880
v 0.06544994 1.18200000 0.68891870
v 0.06237741 1.19595200 0.67237630
v 0.05457466 1.20067600 0.69173330
v 0.06274916 0.60627030 0.79387970
v 0.07438624 0.59394310 0.78159580
v 0.08241944 0.59101970 0.76770560
v 0.11751930 0.62107660 0.63293060
v 0.11907340 0.63230220 0.65033960
v 0.11182860 0.65031080 0.64546210
v 0.10868310 0.66658730 0.65016290
v 0.09220595 0.69389990 0.63129300
v 0.08841466 0.82216730 0.60959270
v 0.09203297 0.83223990 0.58871480
v 0.09426857 0.84125330 0.60652530
v 0.08370527 0.82743280 0.63104570
v 0.00547552 0.80217290 0.81276280
v 0.08575175 0.94863880 0.58615470
v 0.08951282 0.93018210 0.59586640
v 0.04778528 0.99741010 0.74974020
v 0.04620905 1.03451200 0.74738560
v 0.03211113 0.94828520 0.75844290
v 0.04430105 0.98045140 0.75342200
v 0.02560211 0.93607450 0.77152640
v 0.06564785 1.08567600 0.57609260
v 0.04714696 1.08969400 0.73874870
v 0.04638485 1.07134400 0.74194390
v 0.04666371 1.15741400 0.72562010
v 0.03825103 1.12272500 0.75066540
v 0.05224209 1.13649600 0.71812970
v 0.00471910 0.66756690 0.84541530
v 0.01136105 0.60551220 0.82907400
v 0.00085149 0.69861400 0.85132000
v -0.00061946 0.72202870 0.83655990
v 0.08252628 0.71059240 0.61219070
v 0.07456070 0.74041350 0.61052310
v 0.08049733 0.77814940 0.61144060
v 0.08219477 0.79542620 0.61161560
v 0.07877778 0.81001720 0.63619970
v 0.09031085 0.69212170 0.61491570
v 0.03411262 1.21076400 0.61215990
v 0.04398511 1.19856100 0.59804120
v 0.05833224 1.19489700 0.62982390
v 0.04365132 1.21957600 0.65087470
v 0.04293431 1.21401100 0.63306630
v 0.04903057 1.18283500 0.59255210
v 0.05842555 1.15490600 0.57166230
v 0.06195779 1.17195600 0.59926810
v 0.03366750 0.60822530 0.80891620
v 0.07139318 0.61627710 0.77980030
v 0.11337660 0.66860670 0.66759700
v 0.11050430 0.69010970 0.66800790
v 0.09686734 0.70212840 0.65052110
v 0.09996838 0.71423600 0.66508100
v 0.11832410 0.65949400 0.68536190
v 0.11720340 0.65238480 0.66471120
v 0.09278696 0.86253510 0.59718280
v 0.09224097 0.87873100 0.59304820
v 0.09411853 0.89468190 0.60013330
v 0.08500897 0.80866690 0.60446580
v 0.08287036 0.81111210 0.61967350
v 0.00639237 0.83664290 0.80636420
v -0.00006422 0.79616630 0.83095480
v 0.00187819 0.78349720 0.82236230
v 0.08088319 0.96920170 0.57289830
v 0.07862332 0.99261420 0.58347290
v 0.08581898 0.96802690 0.62022400
v 0.07680021 1.01276500 0.58842610
v 0.03125801 1.03905600 0.75851330
v 0.03872511 1.05776900 0.75390270
v 0.05844177 0.96994490 0.74215930
v 0.02633382 0.89537470 0.78192370
v 0.06599409 1.10340400 0.57199040
v 0.06647493 1.11911900 0.57342810
v 0.07094643 1.10106400 0.59531510
v 0.07164557 1.08440300 0.59971840
v 0.05309342 1.07594400 0.72308900
v 0.05188793 1.05476700 0.73405490
v 0.04638295 1.11178900 0.73389880
v 0.05238046 1.11943200 0.71572800
v 0.00854912 0.62607490 0.84193570
v 0.00990053 0.64855580 0.82082610
v 0.00697350 0.64226110 0.83729920
v 0.00350087 0.69067450 0.83051370
v 0.00310416 0.67272040 0.83682570
v 0.01033045 0.67883620 0.81487430
v 0.00649478 0.65995710 0.82765130
v 0.00459336 0.72717430 0.82571720
v -0.00168172 0.75931790 0.83629450
v 0.07965036 0.72706910 0.62656660
v 0.08458574 0.74756570 0.65652410
v 0.08602990 0.72513830 0.64746960
v 0.08003667 0.75577770 0.64068230
v 0.07938562 0.76050940 0.61570030
v 0.08070002 0.78535920 0.59505110
v 0.08732484 0.78054030 0.64610020
v 0.07946381 1.16544700 0.64349190
v 0.07484865 1.17719200 0.66577150
v 0.03308404 1.23155400 0.64530970
v 0.06596209 1.13670100 0.57010150
v 0.07253244 1.15874800 0.60352230
v 0.07091707 1.17447800 0.62198510
v 0.08212392 1.15210000 0.62296090
v 0.06764025 1.18606500 0.64775160
v 0.04967370 0.61318340 0.80341690
v 0.06260582 0.62232030 0.79289000
v 0.08048604 0.60925140 0.76706110
v 0.09531981 0.66446140 0.74562420
v 0.12246300 0.64194510 0.68281500
v 0.09419523 0.89897710 0.62267040
v 0.09431159 0.86497690 0.63581260
v 0.09373134 0.88181650 0.63826330
v 0.01868491 0.87398620 0.78940470
v 0.01966993 0.85246190 0.78642060
v 0.03060369 0.88335220 0.76847510
v 0.04447100 0.87437650 0.75936580
v 0.02928569 0.86252150 0.77533700
v 0.03607873 0.84495940 0.77320050
v 0.03347892 0.82399430 0.78057860
v 0.00511535 0.76906410 0.81931380
v 0.00933025 0.78774320 0.80467900
v 0.01459903 0.80329270 0.79557630
v 0.08216097 0.97179960 0.59591060
v 0.08077158 0.99323590 0.60204530
v 0.07975944 1.00864500 0.61251090
v 0.08227238 0.99626450 0.62670560
v 0.07866418 1.01811100 0.62185040
v 0.08680323 0.91284820 0.56613980
v 0.07399354 1.03332000 0.58117220
v 0.07197286 1.05251000 0.58001030
v 0.07638924 1.03983900 0.61501760
v 0.05579029 1.03170700 0.73226680
v 0.06946099 1.12783400 0.58926050
v 0.06904818 1.11312900 0.58846370
v 0.08326192 1.10971600 0.62498960
v 0.07624182 1.07527700 0.63215450
v 0.07117293 1.06783600 0.58814040
v 0.05663760 1.05747100 0.71647460
v 0.06911125 1.08090800 0.69085100
v 0.07006800 1.12484000 0.71001110
v 0.01152149 0.61464300 0.84631800
v 0.00918236 0.63217320 0.82556910
v 0.01973146 0.61176570 0.81098250
v 0.03515042 0.62055330 0.80515690
v 0.00110610 0.70039600 0.83182440
v 0.00201506 0.68330850 0.84293160
v 0.01164798 0.69857120 0.81112660
v 0.00347167 0.74825430 0.83070260
v 0.09146239 0.73457090 0.66810070
v 0.07780030 0.79227130 0.62997040
v 0.07144052 1.14563100 0.58747120
v 0.09280842 0.60423820 0.75625110
v 0.10715320 0.63127970 0.73848710
v 0.11033950 0.70201910 0.68232520
v 0.09217982 0.91647690 0.60708790
v 0.09632150 0.87611730 0.61590030
v 0.07568817 0.88230520 0.68645590
v 0.08871520 0.86878980 0.65561820
v 0.04358011 0.86006740 0.76340620
v 0.04761307 0.89463580 0.75430520
v 0.05007930 0.82834000 0.76787530
v 0.01372596 0.82155250 0.79424860
v 0.00614052 0.81774050 0.80883830
v 0.07438611 1.04904400 0.59828950
v 0.07642799 1.02689000 0.60045250
v 0.07436361 1.11629600 0.60476910
v 0.08368819 1.12073800 0.61814560
v 0.07469457 1.08144400 0.61626230
v 0.07630204 1.06552900 0.61255960
v 0.07702568 1.03082100 0.63134190
v 0.07812372 1.01867400 0.64804470
v 0.07999073 1.00593000 0.64175740
v 0.08049370 0.98781370 0.64851670
v 0.08568897 0.97170640 0.63803480
v 0.07991304 0.96814920 0.65790940
v 0.07572955 0.94851890 0.66843050
v 0.08840535 0.93454590 0.64443220
v 0.07393060 1.00396500 0.66153860
v 0.08244222 0.94592780 0.65777760
v 0.08215887 0.92749040 0.66170610
v 0.06983387 0.99127320 0.68093840
v 0.08729976 0.91478810 0.65128500
v 0.09156370 0.91660060 0.63222950
v 0.07540519 0.89846340 0.67682560
v 0.08384985 0.89006940 0.65931350
v 0.09034087 0.90055240 0.64543250
v 0.06410176 1.04533600 0.69551750
v 0.06913256 1.02421000 0.68303410
v 0.07142156 1.04004400 0.67278420
v 0.06037278 1.06947800 0.70201330
v 0.07474533 1.05980900 0.65972710
v 0.07634442 1.07125400 0.64903230
v 0.07689077 1.05404900 0.63451140
v 0.07032532 1.09911000 0.69870510
v 0.08622779 1.14648600 0.67415190
v 0.06521384 1.10839500 0.70993650
v 0.01725944 0.62377660 0.81166030
v 0.07956284 1.13601300 0.60524730
v 0.12027970 0.60703900 0.71925570
v 0.11837610 0.59332180 0.73041730
v 0.07829779 0.63603610 0.76599840
v 0.09381908 0.62186900 0.75325410
v 0.11541490 0.65726510 0.71562820
v 0.09332433 0.84523990 0.63076710
v 0.05170737 0.93890910 0.75149940
v 0.02538519 0.78928110 0.78723360
v 0.01528983 0.75747150 0.79822700
v 0.02207525 0.73841490 0.79358490
v 0.01607517 0.71815530 0.80272830
v 0.02527975 0.77534720 0.78823700
v 0.01286323 0.77432370 0.80037120
v 0.00928359 0.75578740 0.81534940
v 0.06926715 0.79900070 0.74834480
v 0.02771592 0.80822070 0.78429710
v 0.04315102 0.80442910 0.77508100
v 0.05318364 0.81836050 0.76802860
v 0.09640645 0.76128780 0.68714340
v 0.06507545 0.74449160 0.76799270
v 0.06000200 0.80424150 0.76636940
v 0.09112187 0.75686520 0.67535960
v 0.05906547 0.78174660 0.76993940
v 0.04309768 0.76609860 0.77957540
v 0.02849705 0.75503420 0.78778780
v 0.07084924 0.77712720 0.74974060
v 0.06435300 0.83553510 0.75179360
v 0.04308211 0.78773480 0.77733810
v 0.06235967 0.76631590 0.76880020
v 0.08930407 0.76633630 0.65699930
v 0.06103106 0.98330420 0.73665060
v 0.06505366 0.98940820 0.71703820
v 0.07408575 0.91730590 0.67750360
v 0.07004301 1.00892800 0.68090600
v 0.07214586 1.02187300 0.66664370
v 0.07908521 1.09447100 0.63164020
v 0.08127678 1.10845900 0.66258760
v 0.08476491 1.10644200 0.64420480
v 0.08877895 1.12154600 0.64043330
v 0.07924981 1.09033900 0.65253730
v 0.07982440 1.09796800 0.66926700
v 0.07544784 1.03742900 0.65070360
v 0.05824658 1.08898900 0.70671730
v 0.08338215 1.15933600 0.66211110
v 0.07793233 1.16477400 0.68298230
v 0.08866680 1.14021900 0.65005390
v 0.06725440 1.16436400 0.70074100
v 0.07859339 1.13164400 0.70067100
v 0.08437100 1.12134800 0.67390930
v 0.08035507 1.15043000 0.69102190
v 0.08137569 1.10874200 0.68060860
v 0.08311325 1.11878100 0.65626220
v 0.07850398 1.11742200 0.69453560
v 0.11020530 0.61142960 0.74029410
v 0.08386680 0.65001410 0.75773490
v 0.06918773 0.67823190 0.77719580
v 0.07300236 0.65595860 0.77160930
v 0.02656665 0.69144400 0.79684420
v 0.11778280 0.66183330 0.70059060
v 0.10573640 0.65378890 0.73536800
v 0.11396100 0.67836540 0.68859230
v 0.11319130 0.69141350 0.70075080
v 0.11519010 0.67436990 0.70975780
v 0.10896940 0.67217020 0.72739260
v 0.09690204 0.85781150 0.61624620
v 0.05469738 0.91615750 0.75121270
v 0.06617186 0.93119220 0.73997970
v 0.07424242 0.93017180 0.71410290
v 0.07263055 0.92333530 0.72935500
v 0.07836941 0.83932450 0.73665060
v 0.10050280 0.74238930 0.68407530
v 0.09996595 0.75451930 0.71560060
v 0.03264233 0.72374170 0.78861110
v 0.07177688 0.93776330 0.67991200
v 0.06433822 0.99760960 0.70183950
v 0.06299005 1.02077900 0.70153820
v 0.07436118 1.09385800 0.68434260
v 0.08602338 1.13406300 0.62811720
v 0.08531412 1.15009900 0.63984500
v 0.05497435 1.18504000 0.70797770
v 0.06109377 1.16407100 0.71647390
v 0.07459610 1.14797700 0.70392640
v 0.08453152 1.13182900 0.66312110
v 0.01524643 0.66139300 0.81004050
v 0.11587540 0.62080950 0.72502370
v 0.09291436 0.64096560 0.75143950
v 0.11381380 0.64018550 0.72339970
v 0.11059770 0.70482170 0.71382130
v 0.07173865 0.92302460 0.69784220
v 0.07486621 0.90136080 0.70007920
v 0.07704013 0.91205260 0.71789370
v 0.07417461 0.89836830 0.73340650
v 0.07975192 0.86797490 0.67447970
v 0.08207672 0.88291850 0.66961080
v 0.06994113 0.94526040 0.70157980
v 0.06341538 0.95354350 0.73893520
v 0.07377075 0.86930110 0.73809510
v 0.07079428 0.85276740 0.74302170
v 0.06119983 0.86725320 0.75089710
v 0.08154510 0.79616010 0.64879920
v 0.09051461 0.78737150 0.66321090
v 0.09053887 0.79482380 0.67798590
v 0.09878089 0.77706010 0.69041780
v 0.09529879 0.79224650 0.68997190
v 0.09902880 0.77857460 0.70730300
v 0.08397177 0.79228910 0.74036120
v 0.09451035 0.78999330 0.72643690
v 0.09520566 0.77762370 0.67598330
v 0.10530300 0.72561980 0.68471110
v 0.10379380 0.73640390 0.70349160
v 0.09690055 0.73714180 0.72749180
v 0.09197316 0.75624570 0.73438260
v 0.10385580 0.72152740 0.71755820
v 0.10153430 0.75777650 0.69770890
v 0.03802013 0.74124060 0.78374130
v 0.07047994 0.72541680 0.76351260
v 0.05675406 0.72374590 0.77708730
v 0.07477219 0.73790690 0.75587410
v 0.08711713 0.77424030 0.74007620
v 0.07851792 0.67072010 0.76020550
v 0.07783046 0.68373720 0.75897200
v 0.09180746 0.69538620 0.74526810
v 0.02832103 0.67665020 0.79762550
v 0.03621248 0.63311160 0.80338550
v 0.09938217 0.68499920 0.73898240
v 0.10959480 0.69112310 0.72111470
v 0.10868610 0.71392120 0.69922730
v 0.03518752 0.90293100 0.75950020
v 0.03711394 0.92425190 0.75528930
v 0.03027737 0.91360210 0.77325660
v 0.08166113 0.85094840 0.67009830
v 0.08041377 0.85220900 0.68768980
v 0.08353871 0.83733910 0.66480420
v 0.08741793 0.83306620 0.65081350
v 0.08128318 0.85586080 0.72834990
v 0.08018733 0.87833740 0.70421260
v 0.08606622 0.80941510 0.67738470
v 0.06797688 0.96183590 0.70919890
v 0.07183752 0.94458420 0.72027480
v 0.07314417 0.88292720 0.73746900
v 0.08032077 0.88884990 0.72059770
v 0.05623635 0.84915900 0.75666430
v 0.08435267 0.80894870 0.73524990
v 0.08629941 0.82679990 0.72524280
v 0.07123465 0.82224780 0.74218530
v 0.09488666 0.79923850 0.70839020
v 0.08852027 0.81446890 0.69244810
v 0.08302679 0.83285640 0.68476320
v 0.08930835 0.82109380 0.70688650
v 0.08622468 0.83773140 0.70483620
v 0.09294404 0.80898860 0.71851150
v 0.09354546 0.72028200 0.73630780
v 0.08246480 0.72474330 0.74919150
v 0.10198360 0.70630430 0.72943420
v 0.07456277 0.75681660 0.75017910
v 0.04063104 0.70592490 0.78860050
v 0.08023277 0.69671660 0.75406750
v 0.07167358 0.69362220 0.77032330
v 0.02003114 0.64210370 0.80691720
v 0.04843490 0.62494710 0.80140070
v 0.07812738 0.86752180 0.69031300
v 0.08416382 0.85790000 0.70681810
v 0.08471532 0.84314070 0.71955440
v 0.08276333 0.80533880 0.65959860
v 0.06668946 0.97664940 0.69679090
v 0.08168546 0.87248010 0.72226530
v 0.08904838 0.70823760 0.74517770
v 0.08496009 0.73935150 0.74378320
v 0.07558529 0.70968250 0.75832240
v 0.04494623 0.68597440 0.79117160
v 0.05430430 0.70255920 0.78337490
v 0.06548165 0.70512880 0.77521960
v 0.02695270 0.66155210 0.80063930
v 0.03927817 0.65008750 0.80108310
v 0.05501200 0.64297280 0.79707440
v 0.05601101 0.66638860 0.79362470
v 0.06050535 0.68635750 0.78705150
v 0.04314084 0.66933920 0.79669180
v 0.12899660 0.58117460 0.69780270
v -0.01594481 1.31776800 0.66115320
v -0.01052586 1.31933200 0.67774630
v -0.00672546 1.30289000 0.66129910
v 0.01388351 1.28462200 0.67734250
v 0.00631241 1.28431000 0.66205420
v 0.00202937 1.30308600 0.67756840
v 0.01199154 1.29886900 0.68996040
v 0.08612243 0.95089210 0.61221090
v 0.06146455 1.00297100 0.73013930
v 0.05600530 1.01550600 0.73829110
v 0.09030540 0.93423900 0.62427700
v 0.09576498 0.77102680 0.72668710
v -0.12232170 1.12457500 0.46613620
v -0.10889460 1.10189700 0.46155320
v -0.10045500 1.08390300 0.46394910
v -0.09550400 1.03051600 0.46656680
v -0.09641268 1.01191100 0.46406750
v -0.09575947 0.99240100 0.46064040
v -0.09633426 0.97239450 0.45789430
v -0.09402210 0.95109310 0.45463920
v -0.09729878 0.91694700 0.45066850
v -0.10757390 0.89900020 0.45042090
v -0.11747380 0.83746170 0.44651990
v -0.11203680 0.76281440 0.44414400
v -0.10782500 0.74614770 0.44385210
v -0.10238680 0.72773010 0.44327910
v -0.09521190 0.71001260 0.44333460
v -0.08790143 0.69532480 0.44225040
v -0.08706980 0.67324040 0.44465320
v -0.07059456 0.66279080 0.44154450
v -0.04472727 0.61403300 0.43922100
v -0.04370039 0.59381900 0.43942720
v -0.02875897 0.57243220 0.44735310
v -0.01849184 0.55636620 0.45014060
v -0.00909569 0.54382630 0.45277930
v -0.00845206 0.54161720 0.45215980
v -0.00878865 0.53951740 0.45250080
v 0.00681653 0.53916600 0.45625430
v 0.01877452 0.54416550 0.46056300
v 0.03302768 0.55159820 0.45916830
v 0.04615250 0.55869380 0.45238440
v 0.05876841 0.56538290 0.44465280
v 0.07178104 0.57343790 0.43845150
v 0.08530741 0.58199180 0.44404370
v 0.08844707 0.58715730 0.45974550
v 0.08296176 0.59061920 0.47390300
v 0.07029131 0.59292150 0.48107040
v 0.05811988 0.59585750 0.48475900
v 0.04853946 0.59780780 0.49352610
v 0.05171487 0.59804630 0.50608820
v 0.05380416 0.59889510 0.51251810
v 0.05674758 0.59832580 0.51267440
v 0.07075569 0.59569120 0.51120900
v 0.08041240 0.59011970 0.52141330
v 0.09147713 0.58210880 0.53429560
v 0.10061130 0.57271550 0.55136520
v -0.01474930 1.25184200 0.55918470
v -0.02490277 1.26318800 0.54798820
v -0.04057527 1.27666800 0.53634300
v -0.06096418 1.29553100 0.53075780
v -0.08171440 1.31603800 0.52849360
v -0.10051950 1.33517700 0.52446380
v -0.11913020 1.35711500 0.52491460
v -0.14811160 1.36068700 0.53558770
v -0.14250920 1.34819900 0.50451310
v -0.14806140 1.34053400 0.48597470
v -0.13058640 1.33820000 0.47056110
v -0.11398110 1.33372800 0.46366770
v -0.10232990 1.31953400 0.46406720
v -0.09304169 1.30168300 0.46715330
v -0.08344705 1.28226700 0.46855180
v -0.07232407 1.25991900 0.46946430
v -0.06306737 1.23425000 0.46641810
v -0.06173207 1.20896900 0.46380920
v -0.06677769 1.18207200 0.46428180
v -0.07841804 1.16122700 0.46436170
v -0.09565654 1.14327800 0.46410310
v 0.09631576 0.61190190 0.54399980
v -0.00426165 1.23857100 0.56594610
v -0.02728277 1.23608300 0.50455020
v -0.13866520 1.35603900 0.51897980
v 0.00813811 0.63385050 0.45630720
v 0.06498846 0.62766170 0.52108830
v -0.04924847 1.26844900 0.51099260
v -0.08100280 1.30108500 0.50476300
v -0.12586530 1.34810900 0.50430450
v -0.09736465 1.32568000 0.51226440
v 0.02873994 0.60298960 0.44868230
v 0.08812888 0.59690230 0.53614910
v -0.05329822 1.28133000 0.52404010
v -0.07393448 1.30307400 0.52167890
v -0.12494450 1.34443000 0.48570530
v -0.10417180 1.32910300 0.48329100
v -0.11315170 1.34679500 0.51375560
v 0.05446311 0.62634870 0.49575170
v 0.05285060 0.61246840 0.44162920
v 0.01082249 0.55162500 0.45938830
v 0.06300583 0.61124790 0.51217960
v 0.05006605 0.61397350 0.51072870
v 0.05386890 0.61089790 0.49004850
v 0.04715240 0.57640840 0.44762990
v 0.08392567 0.60125310 0.45189690
v 0.08015493 0.61037650 0.52692040
v 0.07456998 0.61057840 0.47940930
v 0.06170884 0.62010860 0.48265960
v 0.04848216 0.61015920 0.50137620
v 0.06070048 0.60751840 0.48336040
v 0.00188335 0.82557330 0.45765870
v 0.00995026 1.06159900 0.47213420
v -0.04178340 1.12000300 0.46624980
v 0.10048370 0.62630660 0.55925060
v 0.00454943 1.21364100 0.53817610
v 0.07244780 0.75190700 0.53389970
v -0.01531494 0.62464570 0.44916010
v 0.10682050 0.59643670 0.55919800
v 0.10445240 0.60783030 0.56848710
v -0.08842149 1.31331700 0.51008840
v -0.06643526 1.28702900 0.50981830
v -0.05944578 1.26733300 0.49205180
v -0.07398144 1.28262500 0.48860780
v -0.07056283 1.26876000 0.47872020
v -0.06001416 1.25092400 0.47692090
v -0.08468469 1.29618500 0.48375880
v -0.04654963 1.24492100 0.48683010
v -0.04609835 1.22160500 0.47366020
v -0.03333068 1.25226100 0.51654860
v -0.04212751 1.25271200 0.50052530
v -0.00234495 1.17904500 0.48186990
v -0.01279506 1.24244300 0.54992380
v -0.01682671 1.20002500 0.48504880
v -0.03156214 1.22512400 0.48827550
v -0.00117996 0.55509720 0.45574580
v -0.00869187 0.56676980 0.45248210
v 0.00778761 0.57063070 0.45952910
v 0.01202042 0.60366310 0.45793110
v 0.00823551 0.58789670 0.45995480
v 0.02241610 0.58790390 0.45326920
v -0.00279536 0.60313750 0.45672670
v -0.01717098 0.58719860 0.45157410
v 0.03521444 0.57067960 0.45400170
v 0.02154585 0.56951360 0.45960030
v 0.01809397 0.61974790 0.45462510
v 0.00038734 0.61564050 0.45696050
v 0.04552744 0.59684490 0.44323500
v 0.05829353 0.58909390 0.44031040
v 0.07229039 0.59702250 0.44185540
v -0.10873580 1.33506500 0.50117360
v 0.08041019 0.62384190 0.46017750
v -0.05215647 0.82639230 0.44751350
v 0.05600070 0.80206720 0.51986920
v -0.04026812 0.94592380 0.45274090
v 0.03638389 0.99101100 0.49087800
v -0.06758377 1.13972000 0.46072570
v 0.11010510 0.61989830 0.57885810
v -0.05012001 1.19363100 0.46802820
v -0.03160470 1.19876600 0.47477510
v -0.01955644 1.17686900 0.47251240
v -0.02893941 0.62079250 0.44383720
v -0.04136288 0.66716770 0.43951120
v 0.09474146 0.63326890 0.54245350
v 0.08183080 0.62568440 0.52895980
v -0.03655185 1.26321400 0.52755700
v -0.02221622 1.24578400 0.53140030
v -0.00845421 1.22910300 0.53545740
v -0.02037760 1.23646400 0.51874380
v -0.00583855 1.21717300 0.51917650
v -0.00037218 1.22683200 0.55260890
v 0.01349980 1.22212900 0.57148160
v 0.01567285 1.20908700 0.55572640
v 0.03585349 0.58771180 0.44833020
v -0.00527104 0.58483170 0.45607420
v -0.01483365 0.60341340 0.45038960
v -0.02720086 0.60017350 0.44554620
v 0.06809579 0.65212740 0.48520900
v 0.04750048 0.64571720 0.50023010
v 0.05407571 0.67695310 0.51495850
v 0.04717469 0.66415300 0.50241290
v 0.05781487 0.63737640 0.48691580
v 0.05706033 0.65725430 0.48866220
v 0.07572204 0.63073610 0.47821950
v 0.07705476 0.64311720 0.46981370
v 0.06508360 0.68624450 0.47294500
v 0.04738429 0.68307390 0.50516500
v 0.05504559 0.67551450 0.49187810
v 0.06389854 0.69220440 0.48697500
v 0.05005588 0.70051110 0.51565580
v 0.06507583 0.69248830 0.52395860
v 0.06114792 0.71527680 0.52102810
v 0.04606484 0.72170920 0.51314440
v 0.07366702 0.71197750 0.53108090
v 0.06008829 0.71450390 0.48934410
v 0.04865408 0.71119860 0.50405300
v 0.07551058 0.67930380 0.53148720
v 0.06207662 0.67155900 0.52211980
v 0.07347698 0.66577360 0.53232490
v 0.07271816 0.65130280 0.53096400
v 0.07104658 0.72776080 0.52939790
v 0.04126601 0.70068240 0.45955010
v 0.03455241 0.63911080 0.44460450
v 0.05891298 0.70339360 0.47104240
v 0.04972420 0.69666520 0.49918310
v 0.05747142 0.73286050 0.51730630
v 0.08080006 0.69666530 0.53854760
v 0.08344935 0.71169720 0.54579750
v 0.02215874 0.63982810 0.44980780
v 0.03009911 0.66262220 0.44632930
v 0.04592557 0.62899940 0.44306320
v 0.08979585 0.67849070 0.54931310
v 0.03614479 0.61734820 0.44462420
v 0.08292663 0.72429900 0.55161640
v 0.09730652 0.67566500 0.57315220
v 0.09131443 0.69527380 0.55952450
v 0.04850363 0.62829850 0.50762540
v 0.06144226 0.64298220 0.52177110
v -0.08895747 0.82118220 0.44385280
v 0.07573947 0.86139120 0.54213020
v 0.06577554 0.77009460 0.55630140
v -0.05655265 1.02852600 0.46155600
v -0.06213081 1.05977500 0.46116910
v 0.05557801 1.09645100 0.51947110
v 0.06096601 1.06547800 0.52947010
v 0.06739502 1.03374500 0.54264290
v -0.08615649 1.09789400 0.46735910
v -0.07806552 1.11337300 0.46730930
v -0.09472447 1.11300700 0.46130690
v -0.06839599 1.09623900 0.46436850
v -0.08064666 1.14593200 0.46528770
v -0.05758864 1.16899300 0.46483520
v -0.09880002 1.13137700 0.46313230
v 0.10720470 0.63997960 0.58492320
v -0.00318654 1.19965200 0.49843220
v -0.01485958 1.14602100 0.46470680
v 0.02723592 1.18961800 0.55196240
v 0.07565614 0.72105830 0.58973530
v -0.04355322 0.63570870 0.43960330
v -0.05573943 0.67441680 0.43888490
v -0.07368738 0.70636290 0.43891040
v 0.01653746 1.19721900 0.53548800
v 0.07259208 0.66011010 0.46988510
v 0.06802419 0.67175880 0.48396150
v 0.09883894 0.64702250 0.55494850
v 0.08988133 0.65316150 0.53892520
v 0.08976067 0.66532650 0.54283660
v 0.08556649 0.64074460 0.53324770
v 0.06123018 0.63546370 0.44732640
v 0.09223634 0.68938650 0.57995020
v 0.07722703 0.71935530 0.57211660
v 0.07850667 0.74101720 0.54383670
v 0.07022452 0.75333690 0.55403180
v 0.09689269 0.67064610 0.59134480
v 0.10353150 0.65939150 0.58853190
v 0.05380070 0.62844660 0.51526950
v 0.05543328 0.64255200 0.51243540
v 0.05710658 0.65631190 0.50968010
v 0.07127766 0.63835200 0.52757010
v -0.09351528 0.83802020 0.44731070
v -0.09247760 0.79417350 0.43850830
v -0.11238470 0.82222590 0.44418140
v -0.10847480 0.80351930 0.44206320
v 0.06840118 0.89307990 0.52990090
v 0.06584329 0.75483560 0.57560240
v -0.09352400 0.93296630 0.45192770
v -0.07384623 0.93895270 0.45745230
v -0.08028527 0.90543750 0.44961890
v -0.07743720 0.96061690 0.46010390
v -0.06408887 0.96967700 0.46257270
v 0.07139254 1.00540900 0.54822270
v 0.07769543 0.92789900 0.54401620
v 0.07441423 0.94935290 0.53951090
v 0.08147893 0.94778570 0.56224620
v -0.09034447 1.06340600 0.46671600
v -0.07943896 1.07872300 0.46662540
v 0.05592158 1.10186400 0.54045110
v 0.05942453 1.08190300 0.52945600
v 0.09880616 0.65849390 0.56720720
v -0.01688153 1.21757900 0.49950990
v 0.00752015 1.19882900 0.51611670
v 0.02605689 1.16722500 0.49763570
v 0.02049418 1.18258900 0.51319350
v 0.03175247 1.17781700 0.53500280
v 0.01031256 1.18148200 0.49445140
v 0.04413936 1.17694200 0.55352880
v 0.04781669 1.15863200 0.53898840
v 0.05207959 0.68655010 0.46277830
v 0.10261700 0.63856030 0.56876690
v 0.07404009 0.63467290 0.45604940
v 0.07248677 0.62001980 0.44829920
v 0.07557111 0.73734520 0.55989200
v 0.06510702 0.65635160 0.51932220
v -0.10474860 0.85760610 0.45058000
v -0.07974821 0.85522600 0.44952830
v -0.07010069 0.83737670 0.44646480
v -0.05899769 0.85458910 0.44703560
v -0.08326368 0.80623770 0.44003570
v -0.06207465 0.81065410 0.44199180
v -0.04470000 0.84303130 0.44974060
v -0.04239560 0.86090090 0.45102740
v -0.10694860 0.78097350 0.44105720
v -0.08464584 0.78060990 0.43626080
v -0.07032089 0.79501000 0.43728650
v -0.06332524 0.77881950 0.43588610
v -0.04963683 0.81178230 0.44379820
v -0.09119207 0.74310710 0.43770360
v -0.09609871 0.76157830 0.43813930
v 0.08791468 0.85847890 0.56337560
v 0.08719055 0.83399960 0.56725030
v 0.07551321 0.79541120 0.57507250
v 0.07640861 0.78216370 0.57568480
v -0.05763640 0.95028330 0.46058770
v -0.09041859 0.89052090 0.44777570
v -0.10630260 0.87953540 0.44849910
v -0.06044686 0.87370510 0.44804720
v -0.04536219 0.88680040 0.45443870
v -0.06631830 0.89148940 0.45003910
v -0.05444173 0.90560790 0.45693850
v -0.03352892 0.89726400 0.44815700
v -0.03690592 0.87422060 0.45219400
v -0.07265818 0.91868460 0.45328640
v -0.05279058 0.92809470 0.45856700
v -0.00567033 0.88344460 0.44889640
v -0.07743434 0.98332370 0.46269270
v -0.05021974 1.00945400 0.46063430
v -0.07375942 1.00077200 0.46333530
v 0.08072395 0.90288450 0.54881100
v 0.06695208 0.91492740 0.52722540
v 0.05471337 1.13757600 0.53542280
v 0.06178968 1.04650800 0.52718810
v 0.05608189 1.05288800 0.51342050
v 0.06679480 1.05260000 0.54690920
v -0.07697595 0.72384190 0.43751440
v -0.06856530 0.74383720 0.43616150
v -0.04151439 0.70687850 0.43789580
v -0.07027942 0.68527470 0.43959920
v 0.06582269 0.67179610 0.46480200
v 0.04776049 0.65315750 0.44656750
v 0.06097408 0.66154160 0.45460600
v 0.05086768 0.67190520 0.45187490
v 0.06675790 0.64918660 0.45463960
v 0.08973818 0.68580310 0.59552780
v 0.08185357 0.70538630 0.58356490
v 0.06691241 0.76941500 0.53159980
v -0.06939286 0.81946740 0.44491950
v -0.02948446 0.85079400 0.44636760
v -0.02699569 0.86353580 0.44745060
v -0.01741238 0.83020410 0.44694240
v -0.02774039 0.81971620 0.44471790
v -0.01911304 0.84813760 0.44584180
v -0.02914350 0.83485820 0.44503760
v 0.07059666 0.84537750 0.53789940
v 0.08016692 0.84025540 0.55251290
v 0.05427939 0.82908420 0.51657450
v 0.05955429 0.85144710 0.52118720
v 0.06312857 0.83558940 0.52833980
v 0.06309317 0.81575720 0.53388920
v 0.07258118 0.76622910 0.57493530
v 0.07273496 0.78315940 0.55823900
v 0.06693192 0.78718140 0.54044740
v 0.07143825 0.73824230 0.59100840
v 0.07150889 0.73920370 0.57347510
v -0.01825815 0.94796680 0.45119940
v -0.08490599 0.87556980 0.44750910
v -0.03735416 0.91326840 0.45063680
v -0.00661065 0.86173650 0.45068480
v -0.02046901 0.87681540 0.44527660
v 0.02461386 0.86952870 0.47956300
v -0.00281603 0.84103710 0.45405400
v 0.00631852 0.87345610 0.46085960
v 0.01388675 0.85954930 0.46842840
v -0.02921272 0.88336560 0.44658150
v -0.07531298 1.01605800 0.46329490
v -0.05265836 0.98873940 0.46066650
v -0.04683486 0.96438880 0.45537530
v 0.07613531 0.98342550 0.55803070
v 0.07089216 0.96667210 0.53432460
v 0.05678294 0.96715580 0.51344650
v 0.04618074 0.95232330 0.50126960
v 0.06761260 0.98623060 0.52925600
v -0.07807272 1.03048600 0.46404090
v -0.09230153 1.04529300 0.46624790
v -0.04306934 1.04206400 0.46031470
v 0.04708144 1.09312800 0.49833660
v 0.05095903 1.10599700 0.50468880
v 0.03698150 1.07925200 0.49052910
v -0.05795843 0.70816830 0.43690710
v -0.04017570 0.68470290 0.43868380
v 0.05969564 0.76453600 0.51902220
v 0.06550482 0.76246130 0.55592510
v -0.03966707 0.82367660 0.44780020
v 0.07029727 0.81036250 0.55591150
v 0.06639259 0.87281900 0.52835050
v 0.05193652 0.86899560 0.51077450
v 0.07009538 0.79461970 0.55881380
v 0.05781177 0.78562400 0.52123180
v -0.02975477 0.93076530 0.44945670
v -0.01021376 0.93023500 0.45302070
v -0.02056832 0.91277870 0.44611720
v -0.01554325 0.89533050 0.44600520
v -0.00195628 0.90904330 0.45542710
v 0.00498894 0.89634160 0.45971250
v 0.07645673 0.88304410 0.54252570
v 0.07698312 0.96526150 0.55347050
v 0.05965074 0.94639400 0.51734810
v 0.02557130 0.92848760 0.48326600
v 0.04116339 0.97189810 0.49551290
v -0.07036818 1.04498300 0.46289600
v -0.05720005 1.07527900 0.45958150
v -0.05009790 1.09071200 0.45786590
v 0.05216875 1.06712500 0.50729710
v 0.04608507 1.14584700 0.51452410
v 0.03426248 1.16761100 0.51698920
v 0.03690158 1.15629900 0.50201460
v 0.02344754 1.13186300 0.47790370
v 0.02824962 1.14766000 0.48470840
v 0.01350527 1.15986300 0.48037150
v -0.00610628 1.15915900 0.47120010
v -0.00537534 1.11557100 0.46288350
v 0.04261504 1.05425300 0.49676870
v 0.05014249 1.07946500 0.50433330
v 0.03318697 1.06605000 0.48799090
v -0.05576910 0.69249120 0.43737000
v -0.02428833 0.64624250 0.44390900
v -0.01051302 0.63583390 0.45176800
v 0.05801043 0.75187130 0.51670140
v 0.07052569 0.82642250 0.54669350
v 0.06403127 0.80472840 0.53779020
v 0.06394868 0.79650800 0.53803500
v 0.03169353 0.85488000 0.48701840
v 0.05779940 0.88509400 0.51693860
v 0.04659707 0.88230630 0.50456650
v 0.05550871 0.90005480 0.51371740
v 0.03317655 0.91399950 0.49033920
v 0.05125092 0.92199180 0.50853630
v 0.04136351 0.93600360 0.49733410
v 0.00146704 0.92808920 0.45989090
v 0.01268425 0.93538700 0.46936460
v 0.06637819 0.77665050 0.53441290
v 0.04797987 0.78889430 0.50507360
v 0.05335930 0.77995620 0.51343950
v 0.04934674 0.79767060 0.50785140
v 0.05108693 0.77513990 0.51033700
v 0.00836851 0.84695960 0.46346320
v 0.01388315 0.88434810 0.46853730
v -0.03242113 1.02608400 0.45877090
v -0.03047678 1.00536200 0.45509690
v -0.01820370 0.99136670 0.45458300
v -0.03611773 0.98408420 0.45387170
v 0.00787623 0.98142780 0.46665610
v -0.00632961 1.01288800 0.45911460
v -0.00598964 0.98077630 0.45764240
v -0.01599303 1.02458200 0.45967810
v 0.01719702 0.99571050 0.47876490
v 0.01226975 1.01627900 0.47561400
v 0.00037371 1.00161300 0.46187140
v -0.00177091 1.02832900 0.46500630
v 0.01899683 1.03572600 0.47830440
v -0.01137572 0.96202740 0.45430180
v -0.02492055 0.97148110 0.45251010
v 0.05173197 0.99135170 0.50700730
v -0.04388332 1.10448300 0.46462860
v 0.03884916 1.13507400 0.49203130
v 0.04900677 1.12188700 0.50390640
v 0.04009061 1.10892600 0.48947430
v 0.02481912 1.04968700 0.48176840
v -0.02448283 0.66919790 0.44267490
v -0.03029019 0.63575970 0.44253440
v -0.03768428 0.64943020 0.44037200
v 0.00271256 0.65192690 0.45537230
v -0.01321028 0.65653750 0.44744550
v 0.06687803 0.74937920 0.57330550
v -0.00269436 0.80394150 0.45070630
v -0.01102501 0.81603320 0.44933070
v -0.02190408 0.80863000 0.44528320
v -0.03786192 0.80628310 0.44516400
v 0.05502810 0.81313380 0.51806600
v 0.04407326 0.82386540 0.50032680
v 0.01399091 0.91387290 0.46880670
v 0.02760927 0.95128050 0.48634310
v -0.03215209 0.95752460 0.45184890
v 0.02977790 0.88459020 0.48544660
v 0.02015975 0.97507680 0.48082620
v 0.00302007 1.04208900 0.46734460
v -0.01777757 1.03958400 0.46111580
v -0.01299769 1.05667200 0.46341630
v -0.03335153 1.05833100 0.46084080
v -0.01339407 1.08340700 0.46288760
v -0.03151538 1.07447800 0.46210640
v -0.00999279 1.06950000 0.46445590
v -0.00256229 0.94773880 0.45800880
v -0.06261485 1.12243600 0.45904070
v -0.02246772 1.11074100 0.46205630
v 0.00784775 1.08962700 0.46862760
v 0.02510427 1.10603500 0.47793930
v 0.02952819 1.09080800 0.48156300
v 0.01060831 1.11115900 0.46813930
v 0.00489997 1.07982200 0.46837420
v 0.02155975 1.07621700 0.47865360
v -0.00743363 1.09782000 0.46229850
v -0.02235554 0.69393380 0.44213160
v -0.02082313 0.70950950 0.44221850
v -0.01393773 0.68124650 0.44509320
v 0.02165840 0.89974790 0.47680370
v 0.04959130 1.02493000 0.50474060
v 0.04359828 1.00891900 0.49809020
v 0.03188520 1.02484100 0.48715240
v 0.04254135 1.04059200 0.49674850
v 0.05953470 1.03299000 0.51798920
v 0.03036445 1.00718800 0.48622420
v -0.02794285 1.09235400 0.46520600
v -0.05846808 1.10872000 0.45814170
v -0.05180320 1.13324500 0.46575260
v -0.04959702 1.15098500 0.46623970
v -0.02910739 1.15830900 0.46598750
v -0.03310754 1.13869800 0.46491470
v -0.01679469 1.13006300 0.46202970
v -0.03831432 1.17324300 0.46773280
v 0.01322167 0.73360570 0.45262920
v 0.01922059 0.67793730 0.44967280
v 0.00863328 0.96112330 0.46630560
v -0.00650134 0.72054970 0.44982110
v -0.00000532 0.67319480 0.45430150
v 0.03480141 0.71831290 0.45937940
v 0.05252798 0.71822570 0.47025560
v 0.05465205 0.73206410 0.49847170
v 0.04314961 0.74858110 0.49436750
v 0.04315629 0.74318490 0.50987360
v -0.09457415 1.31290700 0.47932730
v -0.09495569 1.31601000 0.49550800
v -0.07835765 0.76167770 0.43572560
v -0.05259582 0.79455160 0.44163380
v 0.06603765 0.93109290 0.52542060
v -0.03453257 0.72015190 0.43903210
v -0.05575920 0.72297060 0.43736210
v 0.05878785 0.79328190 0.52392460
v 0.02278851 0.84471990 0.47741210
v 0.03654889 0.84122260 0.49209220
v 0.03011327 0.83172980 0.48488940
v 0.02753375 0.82093390 0.48121260
v 0.04088672 0.81275110 0.49656830
v 0.04367294 0.80659730 0.50068490
v 0.04486856 0.85341390 0.50259030
v 0.04825040 0.83894490 0.50695510
v 0.02282191 0.80940540 0.48055880
v 0.03635189 0.80636000 0.49025860
v 0.00730737 0.80604180 0.45923330
v 0.01483968 0.83150110 0.46922560
v 0.03913314 0.86704840 0.49591700
v 0.01527215 0.81718770 0.46935120
v 0.06709846 1.01972300 0.53729980
v 0.06145472 1.01002300 0.51952380
v 0.02610871 0.70163600 0.44918440
v 0.00844543 0.69338460 0.45347720
v 0.02368469 0.72245280 0.45264010
v 0.01349187 0.77724170 0.46162880
v -0.00512903 0.74218650 0.44981690
v 0.00257867 0.76268670 0.45430650
v -0.00694372 0.75347450 0.44911040
v 0.01207391 0.74689080 0.45664290
v 0.04167219 0.76181160 0.48473630
v 0.04741042 0.74564430 0.47867040
v 0.03035143 0.77358780 0.47436210
v 0.03690712 0.77572160 0.49260540
v 0.01927575 0.75885930 0.46268020
v 0.03443371 0.75496000 0.47100970
v 0.04274143 0.73356320 0.46833610
v 0.04191824 0.76350770 0.50473600
v 0.02233541 0.78852020 0.47185990
v 0.03471934 0.78458220 0.48245280
v 0.04278367 0.78357410 0.49820540
v 0.02685615 0.79865830 0.47828160
v 0.03988848 0.79578760 0.49252280
v 0.02122350 0.80459550 0.46948560
v 0.01494145 0.79450130 0.46314870
v 0.00505921 0.79620390 0.45743130
v 0.02762803 0.73820740 0.46043810
v -0.00530839 0.78998310 0.44761650
v 0.00243707 0.78012060 0.45519050
v -0.03393457 0.75114770 0.43865610
v -0.03725865 0.76516960 0.43905330
v -0.04906449 0.75332370 0.43778630
v -0.05753367 0.76251350 0.43626700
v -0.02138701 0.76495060 0.44134230
v -0.02052970 0.75036670 0.44239470
v -0.02977394 0.77711400 0.44071660
v -0.03312326 0.79233810 0.44059560
v -0.00755068 0.77218680 0.44734790
v -0.02118666 0.79792330 0.44320280
v -0.01708424 0.78317000 0.44200230
v -0.01922992 0.73027640 0.44375560
v -0.02992532 0.73753800 0.44050040
v -0.04697720 0.73849730 0.43820540
v -0.02017754 0.53322830 0.44604240
v -0.03190787 0.53176730 0.44265560
v -0.04607570 0.52883080 0.44290940
v -0.05911685 0.52639250 0.44950530
v -0.06944424 0.52417120 0.45900470
v -0.07983218 0.51944880 0.46815890
v -0.08909243 0.51235120 0.47814540
v -0.09542353 0.50202460 0.48716480
v -0.10101940 0.49180530 0.49863440
v -0.10561720 0.48301580 0.51116340
v -0.10800250 0.47741890 0.52562360
v -0.10991710 0.47334240 0.54231250
v -0.10950500 0.46892170 0.55600840
v -0.10722970 0.46683560 0.57036050
v -0.10477040 0.46630720 0.58651110
v -0.10173070 0.46965640 0.60410120
v -0.09618986 0.47624200 0.62432130
v -0.09563580 0.48437310 0.64844610
v -0.09671483 0.49184200 0.67700330
v -0.08983530 0.50064720 0.70493330
v -0.10494080 0.52498670 0.68958900
v -0.11494810 0.55262880 0.67820410
v -0.12790190 0.60285330 0.68121410
v -0.13098980 0.62552770 0.68311380
v -0.13589780 0.66483440 0.68766120
v -0.13857940 0.68727370 0.68433140
v -0.14158040 0.71029190 0.68336870
v -0.14449160 0.73299610 0.68304670
v -0.14855880 0.75610890 0.68063460
v -0.15172780 0.80428570 0.67831060
v -0.15122010 0.85332160 0.67090600
v -0.15246210 0.90317550 0.66160690
v -0.15123180 0.92630510 0.66309600
v -0.14936150 0.94309420 0.66709980
v -0.14964790 0.96131450 0.66579300
v -0.15181930 0.97951690 0.66070890
v -0.14777170 1.03691900 0.66993440
v -0.15122690 1.05903900 0.66303950
v -0.15295880 1.07745800 0.66075850
v -0.15997960 1.14188000 0.65729850
v -0.16136860 1.16148700 0.65938650
v -0.16175340 1.20244500 0.66155350
v -0.15636230 1.25409300 0.65633140
v -0.15505470 1.27778100 0.65089770
v -0.16176810 1.28822900 0.63422550
v -0.16838380 1.29835500 0.61745470
v -0.17418010 1.31172400 0.60099750
v -0.17505460 1.32839500 0.58069260
v -0.16717450 1.34890800 0.55547410
v -0.16835370 1.32535900 0.49282200
v -0.18381260 1.30849400 0.49952810
v -0.19702760 1.28943600 0.50674770
v -0.20184560 1.26595400 0.51310150
v -0.20093110 1.24334100 0.51526320
v -0.19737640 1.22070300 0.51584550
v -0.19281690 1.19800900 0.51145030
v -0.18795390 1.17442700 0.50456350
v -0.18166700 1.15552700 0.49192830
v -0.16899340 1.14041900 0.47613910
v -0.15452250 1.12729900 0.46781930
v -0.18667840 1.09427200 0.54246880
v -0.18889920 1.24043600 0.58710280
v -0.15608230 1.12500300 0.47923670
v -0.18836140 1.15488900 0.52470230
v -0.20232380 1.24301800 0.54970210
v -0.16975950 1.33256200 0.52377740
v -0.18293160 1.31289200 0.52607550
v -0.18174630 1.31571600 0.56776240
v -0.19628610 1.18686900 0.52911170
v -0.20144530 1.23100500 0.53498050
v -0.15571720 1.34522200 0.51775190
v -0.16174430 1.33581800 0.50562990
v -0.16630200 1.34207600 0.53953020
v -0.18835700 1.30141800 0.51433940
v -0.19770380 1.27763300 0.52518310
v -0.17444380 1.33315400 0.55845150
v -0.17785490 1.14358400 0.48547020
v -0.19935080 1.20663900 0.53295770
v -0.17570680 1.32112500 0.51020660
v -0.15445580 1.35332400 0.53188260
v -0.19111270 1.29468500 0.53597370
v -0.20172150 1.25457100 0.53270210
v -0.19766770 1.26293600 0.55963540
v -0.19896420 1.27003500 0.54361030
v -0.18181890 1.13297900 0.50247500
v -0.19700710 1.16957600 0.53809360
v -0.19243890 1.29172700 0.55452990
v -0.19583130 1.24105000 0.56902910
v -0.20171950 1.22023600 0.55790790
v -0.18981960 1.14207800 0.58740890
v -0.18524190 1.27660400 0.58868560
v -0.19756750 1.14095900 0.55895360
v -0.19932190 1.20468100 0.56920340
v -0.20004930 1.16797800 0.55932960
v -0.20146690 1.19987900 0.54768210
v -0.19706860 1.15450100 0.54428020
v -0.18157320 1.30367400 0.58518980
v -0.18699450 1.18185800 0.58991170
v -0.17576280 1.28426900 0.60714980
v -0.19091720 1.22320200 0.58312470
v -0.19844840 1.18561200 0.57191100
v -0.18792800 1.20124200 0.58873080
v -0.18180060 1.19180400 0.60423040
v -0.02289472 0.54464480 0.44356920
v -0.03872966 0.54521110 0.44175490
v -0.14368190 0.59473020 0.50182540
v -0.19072710 0.77240800 0.56336190
v -0.11423650 0.52480780 0.62163460
v -0.10538340 0.51250830 0.67122850
v -0.09287517 0.51011420 0.69196690
v -0.10176580 0.49752610 0.66224260
v -0.11540020 1.11907500 0.47342140
v -0.16316160 1.26936500 0.63654300
v -0.18104410 1.32004400 0.54374830
v -0.17733130 1.12660200 0.48542800
v -0.16639380 1.10955200 0.47829890
v -0.19326740 1.13881800 0.53992580
v -0.18009810 1.11792400 0.51211840
v -0.18521860 1.13509300 0.52430330
v -0.17662530 1.10735800 0.49546910
v -0.17810900 1.09620800 0.51712590
v -0.16638850 1.08915200 0.48680990
v -0.15486970 1.08997000 0.47276980
v -0.17429480 1.08791000 0.50193840
v -0.16886480 1.07488800 0.50002810
v -0.17328070 1.17789600 0.62213400
v -0.17991950 1.17226200 0.60620600
v -0.16923960 1.19351000 0.64053730
v -0.18218760 1.15808300 0.59803530
v -0.17693290 1.14084100 0.60817830
v -0.17233120 1.15728000 0.62198980
v -0.19480000 1.16270500 0.57882700
v -0.19426290 1.12629400 0.56875360
v -0.16653320 1.14797000 0.64037990
v -0.17107950 1.13942300 0.62379240
v -0.16644650 1.13138100 0.63689510
v -0.17669500 1.26662800 0.60968900
v -0.19089050 1.26042400 0.58010720
v -0.18126890 1.23430700 0.60438780
v -0.04991734 0.54221020 0.44280210
v -0.09962048 0.58599890 0.46256900
v -0.05888395 0.55998160 0.44400780
v -0.13459120 0.65720140 0.47332750
v -0.18653030 0.76942620 0.63797700
v -0.18068770 0.85069360 0.51556960
v -0.17890170 0.76854410 0.50343790
v -0.18452940 0.91038320 0.61755120
v -0.15599330 0.95689450 0.49612590
v -0.11570350 0.53936730 0.65866380
v -0.10684020 0.52456390 0.66487070
v -0.12288250 1.08639300 0.46411070
v -0.14656030 1.05472500 0.48376560
v -0.16450880 1.06212300 0.50056710
v -0.12812580 1.10271500 0.46890670
v -0.14065160 1.07430600 0.47180780
v -0.13850470 1.09301400 0.46808420
v -0.16615300 1.23261700 0.64742450
v -0.18380560 1.10622300 0.53050070
v -0.18590640 1.12062300 0.53142580
v -0.17825510 1.08248800 0.52328870
v -0.16317340 1.18481400 0.65828510
v -0.16819270 1.17002900 0.64067590
v -0.16813990 1.21155200 0.64656340
v -0.18143690 1.21318400 0.60518250
v -0.17090740 1.21638500 0.62747800
v -0.17286000 1.25115800 0.62025440
v -0.17354650 1.10328100 0.61427960
v -0.17357890 1.12259000 0.61504660
v -0.18543650 1.12603400 0.59403080
v -0.19066090 1.11226300 0.57572600
v -0.16597800 1.11428300 0.63580730
v -0.04779725 0.57293790 0.43958170
v -0.03853828 0.55777980 0.44075860
v -0.05502522 0.59060980 0.44075400
v -0.09594726 0.54344650 0.46969660
v -0.07000282 0.55065430 0.45104670
v -0.07978042 0.54214270 0.46037710
v -0.06352564 0.53678220 0.45055480
v -0.08544467 0.53228980 0.46587830
v -0.07453654 0.60017230 0.44742410
v -0.10800840 0.52032020 0.48392070
v -0.16247410 0.77306270 0.65591870
v -0.18625490 0.83076670 0.63859210
v -0.17359160 0.66752040 0.63069410
v -0.14683670 0.85534440 0.48381930
v -0.14311280 0.78544540 0.47354410
v -0.13371990 0.61104760 0.66744010
v -0.11642370 0.48846790 0.54027830
v -0.11225950 0.48072390 0.59793670
v -0.10444140 0.48287680 0.61324850
v -0.11811820 0.55569490 0.66132570
v -0.11003360 0.54070560 0.68298280
v -0.09645520 0.48999970 0.63538410
v -0.11984630 1.04432500 0.47199280
v -0.16144000 0.98841010 0.64275340
v -0.11732820 1.07055900 0.46674880
v -0.11250050 1.05614600 0.46840550
v -0.13094620 1.05857300 0.47335920
v -0.16283700 1.04553800 0.50450110
v -0.18195540 1.04073100 0.55671990
v -0.17296340 1.03456300 0.52611650
v -0.18420640 1.06184400 0.56501220
v -0.18762760 1.08398400 0.56255520
v -0.15130560 1.03583700 0.49422840
v -0.12535030 1.11116900 0.47698260
v -0.15545220 1.07382700 0.48416240
v -0.19300320 1.11616500 0.55044570
v -0.16550390 1.08335900 0.63330240
v -0.15901450 1.10681300 0.65191540
v -0.15964770 1.12350000 0.65366550
v -0.10465190 0.56321280 0.46786930
v -0.07591591 0.56734470 0.45186900
v -0.06345458 0.57989230 0.44458780
v -0.09581808 0.60986760 0.45594240
v -0.11154180 0.69433770 0.45174990
v -0.13606110 0.72363400 0.46414980
v -0.11008300 0.50518710 0.49480950
v -0.10964630 0.53913840 0.47652210
v -0.15790300 0.72172560 0.65550890
v -0.17268280 0.80766110 0.65486400
v -0.17083750 0.85404770 0.65311570
v -0.13843980 0.84409070 0.46348280
v -0.16360450 0.91534120 0.64893970
v -0.15986220 0.94115140 0.64939140
v -0.11727290 0.96102050 0.46518310
v -0.11620070 0.97844610 0.46809330
v -0.12392610 0.91374380 0.45848910
v -0.11922290 0.56643930 0.67713060
v -0.12340390 0.58101310 0.67693680
v -0.12060560 0.49060940 0.55537610
v -0.11933970 0.49291380 0.52349720
v -0.11519870 0.47956880 0.56942580
v -0.09871692 0.49739200 0.62598360
v -0.10492140 0.50632750 0.64564070
v -0.11003290 0.52186360 0.64148390
v -0.10653970 0.51089080 0.62237420
v -0.11468910 0.54342690 0.64184790
v -0.11974960 0.56053340 0.65805530
v -0.11944580 0.54136230 0.62505000
v -0.15172510 0.99742080 0.66092150
v -0.15895570 0.96692730 0.64809800
v -0.15360710 1.02064200 0.65722930
v -0.15783850 1.04242700 0.64839250
v -0.16067370 1.00552900 0.64310020
v -0.18340560 1.07431300 0.54375050
v -0.18009960 1.05358800 0.54045250
v -0.18209700 1.04265800 0.57609320
v -0.17599170 1.07555900 0.60646820
v -0.17296790 1.08942600 0.61494150
v -0.17378170 1.05161300 0.61119680
v -0.19103940 1.10152900 0.56237350
v -0.16381680 0.98978220 0.51389730
v -0.15684430 1.09095600 0.65430430
v -0.16582620 1.09753000 0.63415690
v -0.06069764 0.62472140 0.44108130
v -0.09039134 0.63538410 0.45017900
v -0.08911250 0.55614460 0.46240260
v -0.10876050 0.55451040 0.47270040
v -0.09111683 0.57161590 0.46054430
v -0.08392624 0.58659950 0.45367890
v -0.12374250 0.73452040 0.45253120
v -0.09463892 0.52698980 0.47524810
v -0.12801630 0.53679120 0.51355680
v -0.16076440 0.79309430 0.65735600
v -0.15983070 0.81937850 0.65744480
v -0.15754340 0.80497010 0.66338050
v -0.15820300 0.86781690 0.65687670
v -0.15983750 0.84411140 0.65672400
v -0.15407500 0.88395160 0.66026780
v -0.16889400 0.87697090 0.65144810
v -0.12496060 0.84834730 0.44932170
v -0.13251810 0.82686020 0.45682690
v -0.12845220 0.86706290 0.45175160
v -0.12805080 0.78942350 0.45366430
v -0.12635310 0.76829530 0.45247220
v -0.11644530 0.94443160 0.46158100
v -0.11502870 0.92910960 0.45714330
v -0.13504310 0.93100590 0.46884500
v -0.14487490 0.91025250 0.47309560
v -0.14972530 0.92631730 0.48225210
v -0.15366300 0.98005740 0.49482030
v -0.16365060 0.96524950 0.51390450
v -0.15535240 1.00467800 0.49902240
v -0.13539550 1.00583500 0.48317590
v -0.16868060 1.01476900 0.52038650
v -0.13933840 0.97161940 0.48032110
v -0.13571340 0.99104550 0.48065400
v -0.11954910 1.02091200 0.47400700
v -0.12456310 0.57993010 0.65554560
v -0.11992790 0.55709850 0.63841330
v -0.13742380 0.64960070 0.67681570
v -0.13729580 0.63528110 0.66799080
v -0.11443400 0.47899480 0.55241890
v -0.11447270 0.49492280 0.50578230
v -0.12331600 0.50790360 0.51147310
v -0.13904960 0.55350810 0.61222340
v -0.12384880 0.51795420 0.59927290
v -0.11904630 0.50498370 0.60859380
v -0.14515350 1.02210300 0.49153270
v -0.13377580 1.03582400 0.48049360
v -0.17230640 0.94997620 0.63668540
v -0.17065450 0.99775970 0.62895630
v -0.17358510 1.05014500 0.52267070
v -0.18327030 1.07555100 0.58481100
v -0.18065950 1.05985200 0.58959440
v -0.18130860 1.09119600 0.59572010
v -0.18376270 1.10958500 0.59439270
v -0.18728000 1.09374000 0.57812730
v -0.17376850 1.02755400 0.61483670
v -0.16647200 1.04865200 0.62943740
v -0.17931960 1.03667000 0.59394280
v -0.17627910 1.00645000 0.61366150
v -0.18019410 1.01838800 0.59378850
v -0.06375738 0.60449810 0.44253490
v -0.08048011 0.62135790 0.44792300
v -0.09059044 0.65203200 0.44834030
v -0.07343704 0.63987930 0.44393190
v -0.11728740 0.55072510 0.48311640
v -0.12180740 0.56062960 0.49048760
v -0.11768270 0.56553130 0.47914760
v -0.10311480 0.68184280 0.44986450
v -0.10332010 0.66057540 0.45276750
v -0.14692290 0.72059340 0.67060680
v -0.14770880 0.69970510 0.66519150
v -0.14039830 0.67214300 0.67204920
v -0.17426020 0.83365100 0.65310610
v -0.18396940 0.81553560 0.64417820
v -0.18868170 0.80286000 0.63005020
v -0.17567090 0.78969310 0.65330580
v -0.18348240 0.79169090 0.64569750
v -0.15585400 0.78146840 0.67312010
v -0.18500480 0.85606660 0.63584980
v -0.18191540 0.84543090 0.64490640
v -0.15258830 0.81650770 0.48820650
v -0.14874800 0.83630130 0.48610050
v -0.13963850 0.81900660 0.47202990
v -0.16164040 0.83995750 0.50243990
v -0.14847050 0.87545310 0.48570560
v -0.14467720 0.88846380 0.47092340
v -0.16089080 0.86516760 0.50575680
v -0.14068760 0.86666350 0.46418580
v -0.17844700 0.87326200 0.51644820
v -0.15138880 0.89191400 0.48586270
v -0.13508550 0.74935100 0.46574600
v -0.13584540 0.76997580 0.46574760
v -0.12340860 0.75128890 0.45098950
v -0.15840660 0.92351250 0.50136310
v -0.16116170 1.02633200 0.50740310
v -0.17767270 1.01854600 0.53786870
v -0.14240750 0.62126100 0.65609710
v -0.11807680 0.52154400 0.50119360
v -0.10681050 0.49342590 0.60916060
v -0.12239940 0.49446280 0.57486800
v -0.12928900 0.50652970 0.55646440
v -0.12669620 0.51105790 0.53334000
v -0.13338510 0.53229410 0.52965190
v -0.13546630 0.55542380 0.51313760
v -0.12226390 0.54758690 0.49735810
v -0.13075700 0.56139670 0.50226150
v -0.14396670 0.57273020 0.51558880
v -0.13831420 0.57776120 0.50452940
v -0.13208080 0.54291170 0.62006970
v -0.13877140 0.53230730 0.57917790
v -0.12714240 0.51736810 0.58403590
v -0.14585970 0.55559970 0.59217190
v -0.13472090 0.53247550 0.59881650
v -0.12949400 0.51542260 0.57199490
v -0.14783900 0.55174080 0.57440030
v -0.12162160 0.50201020 0.59256040
v -0.17233860 0.97174870 0.63230270
v -0.16552000 1.02127700 0.63360300
v -0.18482690 0.98378630 0.56201730
v -0.10937880 0.57706880 0.46827190
v -0.13278080 0.67328280 0.46971010
v -0.13227160 0.69612840 0.46556260
v -0.11900540 0.71288340 0.45280920
v -0.15560230 0.76108140 0.66306910
v -0.15245090 0.73890190 0.66373280
v -0.16146450 0.70374090 0.64842170
v -0.14934750 0.67536620 0.65737370
v -0.14155550 0.65876480 0.66488880
v -0.16779100 0.89498180 0.64863720
v -0.18034380 0.90856820 0.63498150
v -0.17442440 0.92896560 0.63807880
v -0.17799680 0.86660840 0.64669200
v -0.18594880 0.87559320 0.62886200
v -0.14126850 0.80147260 0.47193870
v -0.12925140 0.88451860 0.45470450
v -0.13124070 0.89889200 0.45926870
v -0.18347130 0.89280740 0.52492520
v -0.15541980 0.90530680 0.49540660
v -0.16273720 0.90706730 0.51300390
v -0.15556700 0.93927100 0.49346430
v -0.17884910 1.03607000 0.54143090
v -0.18251190 1.02656300 0.57321300
v -0.18287660 0.99945890 0.57941810
v -0.18227890 1.02046700 0.55748440
v -0.18348260 1.00788800 0.56997200
v -0.14738150 0.65080070 0.65602520
v -0.15090500 0.63153450 0.64845290
v -0.13563750 0.60080910 0.65466760
v -0.15093870 0.59159420 0.61845080
v -0.14943620 0.57548330 0.60585090
v -0.13919200 0.56868850 0.62642440
v -0.14428490 0.58919250 0.63278800
v -0.15156180 0.61008710 0.63288120
v -0.16291060 0.61775780 0.61729770
v -0.18264440 0.61684720 0.56058550
v -0.15909250 0.59710220 0.59945270
v -0.17368790 0.61437920 0.59750140
v -0.12657290 0.52078960 0.51992800
v -0.15365840 0.58993630 0.51762380
v -0.12200440 0.58412150 0.47774460
v -0.12710010 0.52412630 0.61228220
v -0.14706710 0.56192920 0.52797500
v -0.15767990 0.57973980 0.53193290
v -0.13879370 0.52731930 0.56281030
v -0.11343390 0.61607880 0.46382090
v -0.12002710 0.67580150 0.46048690
v -0.17953230 0.68703350 0.51278580
v -0.16911250 0.71896510 0.49213550
v -0.15941260 0.67602360 0.64950160
v -0.17419480 0.68999630 0.64130570
v -0.16272770 0.66006160 0.64482680
v -0.18072240 0.88677250 0.63922030
v -0.16416560 0.92604540 0.51544260
v -0.14336230 0.60668270 0.64518630
v -0.16163850 0.63857100 0.63389140
v -0.15647870 0.57791560 0.58627030
v -0.15490540 0.63308260 0.49815510
v -0.15665510 0.61285490 0.51251810
v -0.18030880 0.62993790 0.53833930
v -0.17629260 0.61133600 0.54609140
v -0.17278250 0.62597520 0.52452460
v -0.17299810 0.59613280 0.55837750
v -0.13213710 0.59251560 0.48845160
v -0.13496320 0.52624530 0.54513180
v -0.14532120 0.54904760 0.55698900
v -0.15201450 0.56656630 0.55108900
v -0.14301850 0.54692190 0.54183110
v -0.13961720 0.54775510 0.52743840
v -0.18110780 0.99409750 0.59593020
v -0.18383590 0.97838090 0.58018880
v -0.10041820 0.59917850 0.46012310
v -0.11280270 0.59851070 0.46668750
v -0.11651820 0.63246720 0.46341280
v -0.15234430 0.67569620 0.48451670
v -0.14819090 0.69224640 0.47756590
v -0.17711420 0.77010480 0.65219260
v -0.17091280 0.72977320 0.64882360
v -0.18431680 0.71695460 0.60117380
v -0.18174870 0.91264910 0.52625190
v -0.18327140 0.93422520 0.53273080
v -0.18956400 0.90166210 0.54362810
v -0.18576280 0.96591300 0.56788170
v -0.18852950 0.93616270 0.55721660
v -0.18560930 0.94653560 0.57812110
v -0.18351880 0.92870190 0.58637400
v -0.17995800 0.95632220 0.53203140
v -0.18462920 0.97106570 0.54692490
v -0.18379310 0.96106400 0.58656770
v -0.18223740 0.99541140 0.54567940
v -0.18239860 0.94737190 0.59925560
v -0.17408070 0.99913520 0.52897420
v -0.16469410 0.94322710 0.51596250
v -0.16527420 0.59412500 0.57678110
v -0.18240360 0.61293640 0.57685270
v -0.18759000 0.63887470 0.57228560
v -0.18445390 0.63955310 0.59232950
v -0.18677140 0.69643320 0.61296360
v -0.14384600 0.61164410 0.49274600
v -0.16377570 0.57980050 0.55779620
v -0.16535320 0.58906070 0.54457510
v -0.17929260 0.95259440 0.62281060
v -0.18128050 0.93098930 0.62519750
v -0.18299440 0.93311710 0.60951160
v -0.18171460 0.97243450 0.59922520
v -0.10090660 0.62667930 0.45552450
v -0.13043570 0.61951490 0.47516540
v -0.11912160 0.65360890 0.46278490
v -0.13037470 0.63804170 0.47159130
v -0.10479980 0.64120510 0.45590060
v -0.14563930 0.64937890 0.48271910
v -0.15994900 0.70372650 0.48579300
v -0.17090540 0.69035790 0.49932430
v -0.18210470 0.71244680 0.51078280
v -0.16575840 0.64313270 0.51146380
v -0.18243240 0.67445010 0.52418800
v -0.14776550 0.70958770 0.47456040
v -0.18162320 0.74507100 0.64520510
v -0.18936150 0.91804760 0.54925750
v -0.18719020 0.63583020 0.55385720
v -0.18680170 0.65391260 0.53852030
v -0.19162480 0.66341090 0.56016080
v -0.19299610 0.72573730 0.56093180
v -0.19314010 0.69537590 0.56000450
v -0.14200540 0.62969240 0.48404960
v -0.18153710 0.73576450 0.50527340
v -0.16265380 0.66257880 0.49817240
v -0.15213450 0.73028650 0.47920790
v -0.18008910 0.71544690 0.64128270
v -0.18338520 0.70232770 0.62455810
v -0.18161880 0.66827270 0.61729500
v -0.18594050 0.66507640 0.60323450
v -0.17321140 0.64804350 0.62133960
v -0.17714840 0.64147240 0.60895730
v -0.18981340 0.66197640 0.58178170
v -0.18930460 0.70038430 0.52976810
v -0.19036240 0.68265750 0.54167650
v -0.19132420 0.68314600 0.57409370
v -0.15960890 0.75358620 0.48768070
v -0.18635000 0.75198540 0.62607470
v -0.18177890 0.78684100 0.60169540
v -0.18269800 0.76510130 0.61255110
v -0.19379120 0.71124400 0.54344720
v -0.18680140 0.75662660 0.51393500
v -0.18574370 0.68813330 0.59259390
v -0.18737440 0.70873690 0.57803430
v -0.19124400 0.74571840 0.56911210
v -0.18651160 0.76734660 0.58601870
v -0.19458420 0.74031600 0.54561750
v -0.19449710 0.83210710 0.55302010
v -0.18639560 0.79510950 0.57544110
v -0.19222460 0.84228480 0.53401260
v -0.19013360 0.85879030 0.53228380
v -0.18909420 0.82253390 0.61949600
v -0.18845110 0.73037130 0.52809330
v -0.19464520 0.79246140 0.54886740
v -0.19345770 0.81276290 0.55857520
v -0.19363500 0.81211250 0.53705950
v -0.19065060 0.82928740 0.52742720
v -0.18007830 0.82999310 0.51212850
v -0.18658910 0.81051240 0.51624500
v -0.18303150 0.84600730 0.58500000
v -0.18221430 0.84057290 0.60506780
v -0.19372130 0.85488080 0.55230930
v -0.19004480 0.85184410 0.57046260
v -0.19163220 0.87299970 0.53984420
v -0.18146690 0.88111360 0.59426110
v -0.19209530 0.88719730 0.55161160
v -0.18344780 0.86707350 0.58464500
v -0.18346930 0.90802870 0.58596280
v -0.18763760 0.88448810 0.57646400
v -0.19131890 0.87096430 0.56609910
v -0.18359530 0.89363790 0.58507030
v -0.19002010 0.90359550 0.56655310
v -0.19228230 0.75835460 0.53333590
v -0.19444320 0.75864720 0.54953160
v -0.19443860 0.77486850 0.54372180
v -0.16830330 0.81233990 0.50319060
v -0.15657240 0.79713650 0.49118790
v -0.17563710 0.79046610 0.50266450
v -0.19096950 0.78505730 0.52345420
v -0.18681660 0.81956340 0.57404560
v -0.18189070 0.82680590 0.60158350
v -0.18237600 0.89551100 0.60196120
v -0.18538390 0.87896550 0.61164280
v -0.18186740 0.86222750 0.60153760
v -0.18759540 0.85976030 0.61695580
v -0.18547850 0.89349410 0.62358450
v -0.18900120 0.84199100 0.62238460
v -0.16000240 1.07226400 0.64497700
v -0.16849680 1.06923600 0.62505970
v -0.15907880 0.88714610 0.50709340
v -0.17624700 0.97810380 0.52991770
v -0.14892200 0.77429200 0.48130360
v -0.16099870 0.77471820 0.49187620
v 0.00575400 0.55723010 0.88732740
v -0.00949270 0.55322550 0.88334000
v -0.02375527 0.55138530 0.87553790
v -0.03786672 0.55019890 0.87188200
v -0.05091854 0.54840600 0.87796090
v -0.06530453 0.54559420 0.88021590
v -0.07366519 0.54239900 0.87061540
v -0.07315341 0.53919750 0.85607770
v -0.06771101 0.53646340 0.84203770
v -0.05975554 0.53172980 0.83224970
v -0.05596130 0.53039390 0.81439810
v -0.06018044 0.52844170 0.79599310
v -0.07096467 0.52570360 0.77965110
v -0.08847082 0.52050740 0.77369330
v -0.10287070 0.51341410 0.76532910
v -0.11366690 0.50746620 0.75465090
v -0.11208770 0.50338750 0.73821730
v -0.09472083 0.50859290 0.72958630
v -0.07942764 0.51373430 0.71942850
v -0.14602080 1.28881200 0.66474150
v -0.13714390 1.30172400 0.67716870
v -0.12794060 1.31596600 0.68942370
v -0.11567040 1.33234300 0.70042240
v -0.09590477 1.35452400 0.70623760
v -0.05668309 1.33788800 0.74988650
v -0.06541574 1.32089900 0.76038220
v -0.07449215 1.30351300 0.76707640
v -0.08226837 1.28532000 0.77305390
v -0.08608499 1.26445900 0.77742870
v -0.08606376 1.24326900 0.78177970
v -0.08475816 1.22095200 0.78957690
v -0.07940271 1.19967000 0.80202470
v -0.05851655 1.18595100 0.80002060
v -0.03627578 1.17833200 0.79166610
v -0.08061395 1.33771700 0.73683270
v -0.08356722 1.11470900 0.76498700
v -0.10413900 1.26144000 0.75332990
v -0.07148852 1.35123100 0.72498330
v -0.13211330 1.29627400 0.69049670
v -0.08505365 1.17574800 0.78993280
v -0.09493869 1.25451600 0.76620600
v -0.06991052 1.33238300 0.74743090
v -0.08759182 1.29721200 0.75866500
v -0.10709420 1.33192800 0.71246360
v 0.01373084 1.15480100 0.78171180
v -0.09809334 1.21114500 0.77731290
v -0.06046871 1.34632300 0.73809990
v -0.07587923 1.36178700 0.71065590
v -0.04875048 1.17719400 0.79620070
v -0.13204300 1.28353200 0.69756350
v -0.14241770 1.27956200 0.67661200
v -0.08983927 1.19960100 0.78973250
v -0.09582738 1.23219300 0.77249290
v -0.07335625 1.18620300 0.79975500
v -0.08646713 0.52202830 0.71904560
v -0.09199410 0.53161910 0.71408110
v -0.08780354 0.62357270 0.77867650
v -0.07550516 0.78276650 0.79383020
v -0.06796974 0.63850620 0.86869110
v 0.00947131 0.57262650 0.88630860
v -0.11476890 1.05431200 0.72565230
v -0.01628776 1.10458000 0.77720910
v -0.09277877 1.27678300 0.76494500
v -0.12241190 1.30625200 0.70571770
v 0.00644840 1.13830200 0.77244150
v 0.00542252 1.12384700 0.76883860
v -0.01559993 1.12990000 0.78150450
v -0.14625990 1.24889700 0.68198990
v -0.06846868 1.15739500 0.79076240
v -0.11191820 1.22290100 0.75784060
v -0.11067320 1.24272800 0.75423700
v -0.12175600 1.25042900 0.73314670
v -0.13734370 1.22192000 0.71570900
v -0.12396290 1.22631600 0.73546350
v -0.13286150 1.24196400 0.71752010
v -0.13156360 1.20483300 0.72896150
v -0.11995400 1.20371700 0.74727600
v -0.14065990 1.24201000 0.70082070
v -0.12677740 1.18585600 0.73774630
v -0.09615978 1.18817600 0.77222680
v -0.10585940 0.51601190 0.72632790
v -0.11314680 0.63996360 0.74374510
v -0.05537983 0.81214360 0.84081820
v -0.12364050 0.75232910 0.74640020
v -0.11769970 0.98611760 0.74211710
v -0.04696842 0.70288860 0.86783580
v -0.00648678 0.59838370 0.89026020
v -0.03820484 0.56140550 0.87186290
v -0.03396529 0.58060370 0.87442960
v -0.01852254 0.58527900 0.88606790
v -0.04389046 0.59228030 0.87325460
v -0.02079043 0.56656650 0.88230440
v -0.14412310 1.11574700 0.68628750
v -0.13599000 1.08564200 0.69492140
v -0.00829328 1.07470900 0.77783980
v -0.15530810 1.17415200 0.67709400
v -0.12660510 1.27910400 0.71204170
v -0.10824580 1.30186600 0.73329110
v -0.09488128 1.30896700 0.74496490
v -0.08236183 1.31905400 0.75017130
v -0.10325610 1.28523700 0.74795720
v -0.11731700 1.27783000 0.73091690
v -0.00835985 1.14749100 0.78099130
v -0.03207449 1.14553000 0.78528850
v 0.01684954 1.10807500 0.76402510
v 0.02599598 1.12221100 0.76771980
v -0.04812834 1.11411700 0.77443740
v -0.00388496 1.11340400 0.77578510
v -0.03080374 1.11708000 0.78028190
v 0.00059505 1.09363500 0.77462430
v -0.05376428 1.14396100 0.78208300
v -0.03782343 1.10276900 0.77670350
v -0.14927700 1.26579900 0.66819830
v -0.14067430 1.26437300 0.68830960
v -0.10463560 1.20255800 0.76274120
v -0.09801529 0.55238220 0.69837480
v -0.09428170 0.53905890 0.69737530
v -0.13052970 0.61615730 0.71132790
v -0.07995902 0.56789330 0.84480190
v -0.00302958 0.96202430 0.79901570
v -0.13090880 0.92096900 0.73031380
v 0.00375050 0.58676790 0.88808610
v 0.01108102 0.60900000 0.88125940
v -0.15190140 1.20803700 0.68045940
v -0.14461070 1.21587600 0.69947970
v -0.15208770 1.11959600 0.67029130
v -0.14069680 1.04989900 0.68435430
v 0.01796924 1.07179800 0.76536510
v -0.13337170 1.26335100 0.70643450
v -0.11837320 1.29307900 0.72096960
v -0.11169130 1.31153400 0.72119370
v -0.09808952 1.32590000 0.72883400
v -0.11509430 1.26370300 0.74027110
v -0.12629090 1.26381200 0.72086410
v -0.02469248 1.08854800 0.77799450
v 0.02035415 1.09069400 0.76324350
v -0.13271260 0.54997800 0.73430790
v -0.13353270 0.66016140 0.70674520
v -0.13162870 0.58833740 0.71435310
v -0.10035610 0.53173440 0.76799290
v -0.08693697 0.54147530 0.77525030
v -0.02106833 0.86222660 0.83764630
v -0.01015619 0.90511280 0.82340080
v -0.14654420 0.83778570 0.69391670
v -0.13523450 0.87773210 0.72321130
v 0.01159892 0.94859120 0.79153950
v -0.00123022 1.00828300 0.78555420
v -0.13953020 0.92706660 0.70278510
v -0.07497410 0.56014890 0.87460240
v -0.05069304 0.57117770 0.87358700
v -0.00192417 0.62995510 0.88526920
v -0.00564440 0.70961390 0.87034930
v -0.01753398 0.69964100 0.87522770
v -0.01639289 0.76014220 0.86123750
v -0.15607350 1.21932100 0.66515270
v -0.15509660 1.19331100 0.67660550
v -0.12982140 1.16318300 0.72877010
v -0.14089210 1.20357200 0.71262490
v -0.13914530 1.18218300 0.71731060
v -0.14983300 1.10378600 0.67165550
v -0.14628350 1.08828000 0.67604610
v -0.13567490 1.11586100 0.70229740
v -0.15292910 1.13604800 0.67257610
v -0.13644870 1.13849000 0.70860890
v -0.15326270 1.15391000 0.67693640
v 0.00700930 1.08026300 0.77191080
v 0.00372224 1.05604900 0.77458950
v -0.05610691 1.09738500 0.77003610
v -0.13737430 0.70643080 0.71016000
v -0.13082180 0.63530800 0.70880170
v -0.07286337 0.55787920 0.78256660
v -0.11516860 0.52466280 0.75627680
v -0.07411921 0.55184090 0.84713160
v -0.06023310 0.55319900 0.82090970
v -0.06296336 0.54359140 0.83211640
v -0.00631352 0.80161280 0.84501560
v -0.00195577 0.85770620 0.82695420
v 0.00468988 0.90172970 0.81380940
v 0.00497200 0.93424220 0.80348200
v 0.00524212 0.92168580 0.80827030
v -0.15159980 0.82973040 0.67346080
v -0.14849810 0.81833630 0.69109000
v -0.14696670 0.85541360 0.68786490
v -0.14720470 0.77013450 0.69347320
v 0.00823306 0.97324700 0.78675550
v 0.01053376 0.99179240 0.77964490
v 0.01176057 1.01221300 0.77268230
v -0.00704188 0.99089350 0.79326450
v -0.14671580 0.97224670 0.67497620
v -0.14438780 0.95368110 0.68366980
v -0.14561620 0.98835030 0.67713490
v -0.14491950 0.93430310 0.68326830
v -0.14062170 0.94482840 0.69685690
v -0.14578510 0.91443460 0.68224650
v -0.06140863 0.56235940 0.87890570
v -0.07085473 0.57813890 0.87725750
v -0.05935684 0.58376360 0.87401430
v -0.07878520 0.55354080 0.86239820
v -0.08476299 0.59077240 0.87070880
v -0.08117441 0.60790830 0.87227640
v -0.01314935 0.64887940 0.88254740
v -0.00566455 0.72757210 0.86456270
v -0.01795233 0.73775790 0.86746480
v -0.01837470 0.71672960 0.87274450
v -0.05011262 0.72168100 0.86265400
v -0.03169432 0.72342460 0.86986460
v -0.04563864 0.74043790 0.85950000
v -0.03044730 0.74169020 0.86322690
v -0.06842467 0.76848350 0.83733360
v -0.04789625 0.76990730 0.85047710
v -0.03796554 0.75511590 0.85552900
v 0.00178355 0.66500650 0.87535370
v 0.00024699 0.68572550 0.87148350
v -0.02039413 0.62885500 0.88357310
v -0.03460044 0.61216220 0.87546400
v -0.00633318 0.61435730 0.88900910
v -0.02405994 0.60340290 0.88550470
v -0.03063975 0.59579530 0.87759000
v -0.14333320 1.07102100 0.67971180
v -0.14036290 1.09911800 0.68949390
v -0.14521360 1.13036700 0.68821220
v -0.12518300 1.14415200 0.72887460
v -0.14573280 1.14760800 0.69282870
v -0.14694950 1.16923200 0.69814860
v 0.01893115 1.05246300 0.76566200
v -0.06649729 1.11006600 0.77190280
v -0.06001628 1.12638200 0.78009440
v -0.07358560 1.12174100 0.77457230
v -0.11144770 0.53874830 0.70996010
v -0.11421540 0.52712300 0.72161290
v -0.12574630 0.53750410 0.72756080
v -0.12098870 0.52055040 0.73931800
v -0.12413900 0.53468900 0.74617110
v -0.13819050 0.69913870 0.69325440
v -0.13595850 0.67841050 0.69865760
v -0.12696310 0.63748900 0.72539070
v -0.13282830 0.64151750 0.69363210
v -0.13028780 0.60701740 0.72378740
v -0.12243210 0.59968240 0.69300640
v -0.11398060 0.58351310 0.68940490
v -0.10695670 0.56852570 0.69051460
v -0.12350190 0.59606790 0.70573250
v -0.06256854 0.54698230 0.79831920
v -0.11166050 0.54401230 0.76093510
v -0.11392230 0.56214680 0.76187450
v -0.08229132 0.56420150 0.85499270
v -0.06990329 0.57255010 0.83421860
v -0.01529234 0.81931620 0.84596260
v -0.01444162 0.78365120 0.85478860
v -0.00524756 0.77926660 0.84959810
v -0.03053068 0.87689170 0.83513980
v -0.00475539 0.88327590 0.82609230
v -0.05964845 0.84399990 0.83131220
v -0.04432497 0.85846070 0.83649750
v -0.00976332 0.84327240 0.83735810
v -0.04010216 0.89941620 0.82785230
v -0.14814830 0.79156330 0.69205110
v -0.14232940 0.82795620 0.70922350
v -0.13069240 0.80377690 0.74288960
v -0.13698450 0.81928450 0.72508060
v -0.13045050 0.82801690 0.74289950
v -0.14079790 0.80388820 0.71727160
v -0.13811510 0.84264800 0.72011760
v -0.14341600 0.87352900 0.69805880
v -0.14555950 0.89155960 0.68553740
v -0.12608660 0.85100100 0.74980770
v -0.13958850 0.72226230 0.69859080
v -0.02328094 1.00825600 0.79227060
v -0.01836358 0.97488400 0.80273140
v -0.14112470 0.96829400 0.69181330
v -0.13563900 0.98168610 0.70468310
v -0.13611270 1.00349900 0.69948210
v -0.13325220 0.94030610 0.72059880
v -0.12912880 0.97647490 0.72643820
v -0.08214341 0.56891020 0.86770100
v -0.08753470 0.58025160 0.85922630
v -0.08494998 0.58323280 0.84717470
v -0.08184865 0.59306980 0.84057090
v -0.00231969 0.64435180 0.88272330
v -0.07545435 0.72233370 0.84153110
v -0.06085803 0.73550730 0.85426280
v -0.00969173 0.66943870 0.87952360
v -0.02258044 0.61709660 0.88447400
v -0.04955606 0.62412720 0.86955790
v -0.06452203 0.61185710 0.87346450
v -0.13486680 1.05910800 0.69504820
v -0.12883160 1.12915600 0.71769280
v 0.01300059 1.03149900 0.77070050
v -0.11293730 1.10492000 0.73231620
v -0.09313261 1.08503400 0.74862330
v -0.06476692 1.08151200 0.76590470
v -0.12825440 0.55596900 0.71959580
v -0.11770150 0.56044680 0.70580330
v -0.13034930 0.67431690 0.72397380
v -0.13551870 0.68493290 0.71112770
v -0.13127960 0.61947760 0.69781770
v -0.12242500 0.57744640 0.70228390
v -0.07225162 0.58092950 0.78708040
v -0.06316189 0.56971700 0.81016870
v -0.06637355 0.58508340 0.80597850
v -0.07191403 0.59936210 0.81097450
v -0.07229553 0.59634850 0.79061990
v -0.09179375 0.57461810 0.77635210
v -0.08764368 0.59262810 0.77663170
v -0.07043309 0.55778010 0.83308480
v -0.00646844 0.94728440 0.80607130
v -0.02553932 0.95692580 0.81067570
v -0.04041267 0.93592840 0.81704790
v -0.14688150 0.80535400 0.69934780
v -0.14375340 0.78266270 0.71031920
v -0.14049180 0.85922130 0.71027040
v -0.04052608 0.97439810 0.80391290
v -0.03311638 0.99091520 0.79855350
v -0.14461600 1.01369700 0.67774730
v -0.13738370 1.02869600 0.69250270
v -0.13916630 0.90732160 0.70663000
v -0.13947700 0.89137090 0.70785010
v -0.12625690 1.00039800 0.72516630
v -0.12895500 1.01841000 0.71317320
v -0.13408980 0.96082350 0.71378300
v -0.12911790 0.95532860 0.73096470
v -0.02384643 0.79853480 0.85302220
v -0.02833442 0.77662060 0.85675530
v -0.06167196 0.76062010 0.84837400
v -0.03608550 0.62091860 0.87447790
v -0.05159379 0.60640700 0.87173890
v -0.06717193 0.62553370 0.87104370
v -0.08255965 0.62763930 0.86657790
v -0.08808850 0.61079060 0.86091800
v -0.08960750 0.59724380 0.85604820
v -0.08862170 0.62972380 0.85481840
v -0.07721734 0.62521320 0.83167510
v -0.08732387 0.63649390 0.84307300
v -0.07183560 0.60925820 0.82965380
v -0.08622324 0.61524990 0.84486950
v -0.12383610 1.06013200 0.71283990
v -0.12752180 1.04401300 0.70908720
v -0.11841270 1.03596900 0.72468180
v -0.13121130 1.07250100 0.70146110
v -0.00460771 1.02124400 0.78425370
v -0.00702957 1.03627600 0.78208030
v -0.09524480 1.10565800 0.75111380
v -0.10603180 1.08767500 0.73667070
v -0.12345270 1.11196600 0.72010150
v -0.12892230 1.09993500 0.70923180
v -0.11703160 1.07289000 0.72205560
v -0.10047440 1.06828500 0.74071580
v -0.07724119 1.09534700 0.76095630
v -0.08285500 1.07154000 0.75545980
v -0.08733381 1.05265600 0.75238130
v -0.06853762 1.06027200 0.76469140
v -0.05092817 1.06505900 0.77308620
v -0.04452382 1.08403500 0.77450480
v -0.12142070 0.71102440 0.74252630
v -0.12864530 0.65161930 0.72117970
v -0.12637780 0.62468760 0.73114320
v -0.07013050 0.61118730 0.80397760
v -0.01932780 0.93732390 0.81607420
v -0.06956488 0.92478630 0.79497700
v -0.12565460 0.93989880 0.74025860
v -0.12198640 0.96481880 0.74214690
v -0.04140440 0.79614220 0.84935200
v -0.06333869 0.82229780 0.83231710
v -0.06598652 0.59702630 0.87604000
v -0.12245410 1.08615900 0.71608810
v -0.10479160 1.04673200 0.73797970
v -0.06738453 1.01414500 0.77597810
v -0.10470910 0.66868570 0.75153100
v -0.11738770 0.67568850 0.73718240
v -0.08315047 0.60589100 0.78103970
v -0.05861471 0.92983460 0.81019630
v -0.06051021 0.86525300 0.82568560
v -0.11488000 0.95164150 0.75255820
v -0.06563306 0.79645090 0.83532330
v -0.06947319 0.78324180 0.82775880
v -0.07055428 0.77048100 0.82209630
v -0.07122407 0.75110580 0.83617420
v -0.07896650 0.70326830 0.83041300
v -0.11592450 1.02350700 0.73313600
v -0.11025140 1.00845200 0.74453440
v -0.05205420 1.03283100 0.77949470
v -0.08560213 0.97110400 0.76084850
v -0.12780590 0.73211240 0.73660360
v -0.11147230 0.65583800 0.74307340
v -0.09248618 0.64255350 0.77843980
v -0.10060740 0.68445580 0.76935030
v -0.10118490 0.64744130 0.75892310
v -0.09632837 0.66182350 0.77286100
v -0.08176191 0.65695810 0.78926570
v -0.10930590 0.69065330 0.75028000
v -0.10014750 0.72787630 0.77439920
v -0.10024300 0.70576310 0.77427020
v -0.12307400 0.69237400 0.73736400
v -0.12045230 0.61360750 0.74345600
v -0.10071520 0.62691530 0.76794410
v -0.06707371 0.84407560 0.81709870
v -0.04653146 0.91474310 0.82172780
v -0.06720767 0.90586580 0.79624670
v -0.06505583 0.90791850 0.81041620
v -0.05785374 0.88970800 0.82225020
v -0.07428446 0.75154750 0.80141960
v -0.06364284 0.70017910 0.85888810
v -0.05579831 1.04874100 0.77338640
v -0.07391653 1.04439300 0.76353460
v -0.06871808 1.03061000 0.77052100
v -0.04667291 1.01614200 0.78654760
v -0.10378400 0.99273770 0.75202790
v -0.08935612 0.98975700 0.75671510
v -0.07404693 0.99277850 0.77150780
v -0.13224550 0.69790250 0.72453360
v -0.09268280 0.69462550 0.78290660
v -0.07376054 0.62134910 0.79554860
v -0.07758756 0.63967460 0.79199770
v -0.07486305 0.65914590 0.80393320
v -0.08165149 0.64397160 0.82890290
v -0.07267695 0.64315410 0.81051590
v -0.08065644 0.66706580 0.82537570
v -0.08143770 0.68499410 0.83638870
v -0.08535826 0.64884480 0.85917610
v -0.07510824 0.65669880 0.86259960
v -0.08317876 0.66852520 0.85592640
v -0.12655820 0.59943730 0.73850850
v -0.10118830 0.59395100 0.76455640
v -0.05039965 0.95379990 0.80798380
v -0.06765945 0.82796020 0.82004600
v -0.06651511 0.87992810 0.81186890
v -0.04839979 0.88037420 0.82961880
v -0.07217899 0.74828280 0.81872710
v -0.07076337 0.76820130 0.80805360
v -0.08123094 0.76287770 0.78935160
v -0.07347414 0.72919380 0.80853830
v -0.08334897 0.73534070 0.78953110
v -0.07430281 0.70850390 0.81428630
v -0.07643789 0.69188960 0.80453650
v -0.08205460 0.69577150 0.79291780
v -0.07642032 0.68423730 0.82230390
v -0.07488498 0.67402530 0.81189940
v -0.07568984 0.72816710 0.82827180
v -0.06578202 0.72126240 0.85359710
v -0.07644280 0.70660960 0.84709880
v -0.08438499 1.03308200 0.75664180
v -0.07836712 1.01038100 0.76450840
v -0.10524090 0.97524360 0.75503850
v -0.10110160 0.95534700 0.75976170
v -0.06265789 0.99777830 0.78462610
v -0.05531495 0.98507770 0.79468770
v -0.04834249 0.99980510 0.79195240
v -0.06129270 0.96710930 0.79596070
v -0.09130634 0.71445670 0.78397300
v -0.07950208 0.71606010 0.79523240
v -0.05009397 0.63986100 0.86731730
v -0.03132209 0.63741880 0.87445410
v -0.04276156 0.67916770 0.86895470
v -0.06356717 0.67576910 0.86071870
v -0.10824600 0.70904580 0.76009080
v -0.11435680 0.73048830 0.75538240
v -0.13410630 0.75320760 0.72898570
v -0.10907900 0.60885220 0.75411230
v -0.09643985 0.60576940 0.76788010
v -0.11625150 0.59530540 0.74867550
v -0.13019200 0.58116900 0.73835480
v -0.12990600 0.57309960 0.71882190
v -0.13363820 0.56436990 0.73364230
v -0.11940420 0.58426900 0.75212400
v -0.12632380 0.56899160 0.75016430
v -0.10850800 0.57988880 0.76380110
v -0.11036380 0.75242480 0.76426590
v -0.09449154 0.75248140 0.78037320
v -0.11961620 0.77167170 0.75618050
v -0.10589560 0.77572950 0.77199970
v -0.09162217 0.77639180 0.78348700
v -0.13686530 0.77474880 0.72616590
v -0.12355620 0.78706400 0.75351540
v -0.08944419 0.67597120 0.78259780
v -0.08064973 0.67334040 0.79194120
v -0.07852441 0.68537760 0.85302480
v -0.09866759 1.02862700 0.74854530
v -0.09229677 1.01006200 0.75303930
v -0.08910924 0.94782040 0.76231200
v -0.06962948 0.97774410 0.77993580
v -0.07255950 0.95817640 0.77589170
v -0.06719418 0.94750410 0.79352020
v -0.03627545 0.65505870 0.87195810
v -0.08661473 0.79176820 0.78703830
v -0.12919880 0.76824010 0.74081320
v -0.07495478 0.93837480 0.77391210
v -0.12211330 0.81979850 0.75649180
v -0.11826560 0.80452530 0.76108330
v -0.09265876 0.81370790 0.78273220
v -0.09895878 0.79783500 0.77903170
v -0.10963650 0.81628760 0.77063660
v -0.07748812 0.82295230 0.78795220
v -0.06742356 0.81442550 0.80545560
v -0.09125451 0.83414320 0.78185030
v -0.06735216 0.82898260 0.80168450
v -0.07586699 0.80469160 0.79119040
v -0.06880443 0.79157530 0.80817010
v -0.06885979 0.80684820 0.82031090
v -0.09657621 1.17186900 0.76900240
v -0.08715017 1.15218700 0.77995840
v -0.11653280 1.15550400 0.74303530
v -0.07181076 1.13706500 0.78242830
v -0.11512110 1.17032700 0.74822540
v -0.10889660 1.13873500 0.74682550
v -0.09104256 1.13101200 0.76636940
v -0.10174360 1.12043000 0.74932310
v -0.11666040 1.12466600 0.73362290
v -0.03074771 1.06647100 0.77929890
v -0.04077724 1.05149800 0.77841430
v -0.01403255 1.05401900 0.78073240
v -0.14832490 1.19287700 0.69577360
v -0.04592363 0.83324190 0.84123240
v -0.03543482 0.81546380 0.84786870
v -0.02931322 0.83975540 0.84310800
v -0.12772470 0.88661500 0.74441180
v -0.11576870 0.89765890 0.76025310
v -0.11239070 0.91799990 0.75994240
v -0.12091080 0.92896400 0.74939060
v -0.12409190 0.90902540 0.74707800
v -0.13269170 0.89975190 0.72825350
v -0.07422484 0.91498350 0.77710110
v -0.09430890 0.90797400 0.76723560
v -0.10468500 0.88822200 0.76810090
v -0.02655235 1.02818500 0.78653890
v -0.02846497 1.04525900 0.78256930
v -0.06777381 0.85931710 0.80906610
v -0.13719360 0.73049990 0.71938430
v -0.11327540 0.85513980 0.76599190
v -0.10142160 0.87069190 0.77300960
v -0.11714950 0.83370620 0.76307990
v -0.07702447 0.86842870 0.78305110
v -0.09244503 0.85270190 0.77988940
v -0.07472683 0.84388220 0.78794600
v -0.07065398 0.88859650 0.78506520
v -0.06615701 0.89108310 0.79902940
v -0.06681254 0.87094780 0.79412530
v -0.08475192 0.88805190 0.77519610
v -0.07547165 0.90023200 0.77776130
v -0.12043740 0.87321330 0.75788120
v -0.13117230 0.86575040 0.73664450
v -0.09208951 0.92594310 0.76460030
v -0.10759720 0.93483790 0.75995200
v 0.02372136 1.17117600 0.75416080
v -0.08005021 1.12919900 0.46656360
v -0.11010180 1.13539200 0.46663560
v -0.06563074 1.15494400 0.46252030
v 0.05019375 1.12212600 0.52226060
v 0.00716727 1.13652500 0.46947370
v -0.19005970 1.28618300 0.57268470
v -0.18623440 1.15856200 0.50468270
v -0.14148960 1.11502300 0.46887360
v -0.13574900 1.11918700 0.46166010
v -0.19028400 1.17478500 0.51727740
v -0.14406540 1.10616200 0.48146800
v -0.08919717 1.34549700 0.71980270
v -0.04574506 1.16503000 0.78858900
v -0.04018218 1.12955700 0.77879230
v -0.05704730 1.17704700 0.79683600
v -0.02048672 1.16125200 0.78782320
v -0.01448019 1.17204100 0.78858940
v 0.01124714 1.16676200 0.78455090
v -0.06226554 1.17198000 0.79574480
v -0.10109570 1.15293700 0.76023500
v 0.00847858 0.65294840 0.86548210
v 0.08980062 0.58054270 0.76257040
v -0.02263035 1.35779000 0.71229800
v 0.12444630 0.57830730 0.71847200
v 0.06466944 0.65975700 0.78621320
v 0.12045040 0.64061020 0.66265380
v 0.12410070 0.61127930 0.65394040
v 0.08493644 0.70185440 0.59915470
v 0.01188462 0.85128240 0.79819230
v 0.06797364 1.06192500 0.68231360
v 0.00986999 0.73470440 0.81115530
v 0.08269925 0.90696920 0.66148680
v 0.07430735 0.98157440 0.66499600
v 0.06539327 0.81969280 0.75622570
v 0.05290381 0.74598100 0.77663140
v 0.06790318 0.96473790 0.72557440
v 0.06389392 0.90472710 0.74613750
v 0.04684314 0.72232960 0.78324110
v 0.08279354 0.82185770 0.67316070
v 0.07251802 0.61527210 0.51885840
v 0.03656394 0.68462400 0.44870010
v 0.08679189 0.70922660 0.56631660
v 0.08480122 0.87911350 0.55641480
v -0.00725600 0.69572730 0.45042330
v 0.03991511 0.90363740 0.49735120
v 0.00777869 0.71052730 0.45285020
v -0.04732842 0.77891470 0.43727730
v -0.18306560 1.25658300 0.59825380
v -0.20122600 1.18762800 0.55248140
v -0.15324510 1.23409700 0.66614670
v -0.17440820 1.06518400 0.51956650
v -0.17365570 1.22866800 0.62045510
v -0.12587040 0.81065510 0.45126840
v -0.12878320 0.59359970 0.66636730
v -0.11843060 0.48894250 0.59342500
v -0.11561920 0.48098040 0.58202030
v -0.13188310 0.58240910 0.64350080
v -0.14910290 0.87037050 0.67466890
v -0.14005740 0.94802170 0.47603980
v -0.11379050 0.99946970 0.47001150
v -0.18778480 0.78360480 0.62720680
v -0.12788780 0.57342010 0.49181380
v -0.15635060 0.56892340 0.57225660
v -0.16746080 0.60264920 0.52735130
v -0.16910580 0.74817730 0.65458100
v -0.18733740 0.94913690 0.55316070
v -0.18821650 0.92623670 0.57023700
v -0.18283710 0.91805180 0.59956900
v -0.18328380 0.74622870 0.60739240
v -0.18702350 0.73531500 0.58628500
v -0.18705530 0.80376810 0.61233160
v -0.18115430 0.80939930 0.59276160
v -0.14863760 0.75733870 0.47932830
v -0.00316777 0.82122560 0.83466800
v -0.10846370 1.18662500 0.75711800
v -0.00547859 0.57518810 0.88680560
v -0.14768190 1.22903000 0.68533090
v -0.09568772 0.55354920 0.77227220
v -0.07241395 0.53690310 0.78000210
v -0.02352236 0.89815950 0.82918900
v -0.02673438 0.92107080 0.82315150
v -0.07091825 0.62445440 0.81793910
v -0.07038811 0.73937500 0.84489300
v -0.08486119 0.66653840 0.84416630
v -0.05424286 0.65442900 0.86485280
v -0.01997143 0.66132470 0.87610080
v -0.12639430 0.55468380 0.74757710
v -0.11253260 0.79321920 0.76678210
v -0.10175830 0.83583840 0.77583940
v 0.01445651 0.58186820 0.83091040
v 0.07933108 0.77143760 0.63716440
v 0.12213880 0.62958960 0.70216760
v 0.10439420 0.68289490 0.64806930
v 0.05765282 1.03898000 0.71967140
v 0.05073734 1.09808300 0.71787050
v 0.06128787 1.01591800 0.71990080
v 0.01057654 0.61756470 0.82615430
v 0.07185216 0.97292400 0.67344270
v 0.08360947 1.13170100 0.68640260
v 0.03980584 0.81342810 0.77577360
v 0.08234320 0.81843600 0.65699960
v 0.10161000 0.58827150 0.55003570
v 0.08259848 0.61064740 0.46925060
v -0.05559161 0.64707790 0.44021200
v 0.06838122 0.74078460 0.52712460
v 0.01431635 0.66073850 0.45163350
v 0.07786000 0.81405680 0.56736420
v 0.05473555 0.73579510 0.48550200
v -0.17212150 1.19964800 0.62450330
v -0.16780870 1.24595400 0.63410000
v -0.17681460 0.98401930 0.61868360
v -0.11799950 0.53588140 0.49070600
v -0.12541130 0.50029810 0.54115270
v -0.18047060 0.96537780 0.61239730
v -0.12788150 0.60542590 0.47778830
v -0.17164330 0.75363770 0.49470600
v -0.17345650 0.66866740 0.51038220
v -0.17759410 0.65225700 0.52102610
v -0.16545230 0.73732040 0.48821310
v -0.18894690 0.83508950 0.57189380
v -0.18401670 0.83045020 0.58097670
v -0.00185250 1.16074000 0.78613530
v 0.02338935 1.14108100 0.77275560
v -0.03097716 0.69889460 0.87282880
v -0.13810790 1.15920200 0.71354730
v -0.00484165 0.75457970 0.85502960
v -0.01518287 0.68327550 0.87740350
v -0.03004743 0.68139000 0.87139240
v -0.12130930 0.65345800 0.73277140
v -0.06783255 0.85198670 0.79482730
v -0.14156420 0.74317720 0.70327440
v -0.13264540 0.71447740 0.72697480
v -0.06072048 0.78625360 0.84312400
v -0.06824128 0.59176150 0.82615860
v -0.11400960 0.62688180 0.74973490
v -0.08685348 0.65434920 0.84087960
v -0.14085600 0.75810120 0.71378250
v -0.13256470 0.78844150 0.73713610
v -0.18598340 0.72978690 0.62417670
f 26 27 142
f 29 105 28
f 142 27 28
f 142 25 26
f 38 39 129
f 164 134 163
f 135 164 23
f 126 35 36
f 44 45 116
f 191 21 22
f 36 37 125
f 19 238 239
f 210 211 255
f 40 120 39
f 30 2372 105
f 19 239 18
f 2372 113 106
f 105 29 30
f 111 104 154
f 353 18 239
f 34 35 122
f 589 91 586
f 81 82 83
f 585 587 112
f 288 192 286
f 75 103 199
f 294 269 17
f 93 94 204
f 10 533 229
f 277 11 12
f 587 145 112
f 15 267 14
f 49 169 736
f 87 118 2305
f 5 231 4
f 81 83 111
f 189 2 2405
f 1862 163 22
f 31 32 113
f 189 188 2
f 231 284 4
f 150 166 105
f 96 160 95
f 206 209 208
f 172 91 92
f 123 118 88
f 109 44 116
f 2305 108 86
f 111 154 114
f 84 104 83
f 79 80 114
f 117 174 113
f 584 127 588
f 75 76 103
f 91 172 586
f 235 161 190
f 155 120 40
f 125 37 38
f 582 128 153
f 118 123 124
f 43 44 109
f 124 123 127
f 121 109 128
f 123 89 127
f 45 46 110
f 58 220 219
f 110 100 116
f 46 139 110
f 177 178 99
f 151 33 34
f 585 78 583
f 47 101 46
f 117 33 151
f 196 50 51
f 33 117 32
f 242 55 300
f 119 155 41
f 42 121 119
f 221 218 220
f 122 175 151
f 53 194 240
f 110 116 45
f 240 2310 816
f 114 584 583
f 127 89 90
f 86 108 85
f 139 46 101
f 41 42 119
f 118 124 154
f 74 75 198
f 199 750 198
f 112 77 78
f 79 583 78
f 108 104 84
f 109 121 43
f 104 111 83
f 2305 86 87
f 118 87 88
f 81 111 80
f 117 113 32
f 123 88 89
f 108 84 85
f 114 583 79
f 119 121 128
f 126 122 35
f 588 586 587
f 66 67 230
f 121 42 43
f 114 154 124
f 30 31 2372
f 104 108 2305
f 118 154 2305
f 750 140 73
f 100 177 181
f 71 252 70
f 111 114 80
f 461 136 352
f 280 230 278
f 223 852 270
f 125 126 36
f 155 40 41
f 175 122 126
f 129 125 38
f 405 183 404
f 130 129 120
f 115 130 405
f 120 2306 130
f 115 212 2304
f 322 318 319
f 227 532 410
f 230 342 65
f 161 189 190
f 135 165 164
f 245 52 921
f 698 169 48
f 100 110 139
f 100 139 138
f 138 139 48
f 148 143 145
f 171 72 73
f 147 246 102
f 205 92 93
f 148 144 143
f 166 142 105
f 135 25 142
f 23 24 135
f 145 143 77
f 145 149 148
f 144 103 143
f 143 76 77
f 103 102 199
f 112 145 77
f 144 147 102
f 146 173 304
f 149 145 587
f 149 146 148
f 586 149 587
f 144 148 304
f 166 150 97
f 237 150 106
f 113 2372 31
f 460 2307 107
f 151 175 176
f 151 34 122
f 109 152 128
f 128 152 153
f 109 116 181
f 153 152 99
f 99 152 177
f 152 109 181
f 99 178 2309
f 589 127 90
f 2306 120 155
f 419 411 420
f 270 271 328
f 363 496 534
f 282 395 446
f 345 235 285
f 208 141 206
f 188 233 160
f 21 191 2303
f 164 163 1862
f 163 134 192
f 23 164 1862
f 166 165 135
f 346 165 97
f 134 164 165
f 165 166 97
f 142 166 135
f 350 238 351
f 416 415 411
f 261 215 216
f 215 261 2308
f 298 299 2373
f 301 433 2373
f 214 179 2309
f 2309 178 213
f 137 177 138
f 48 169 138
f 72 71 864
f 253 201 251
f 203 95 483
f 172 92 205
f 146 205 173
f 172 205 146
f 205 204 173
f 249 173 206
f 106 113 174
f 150 2372 106
f 151 174 117
f 176 254 174
f 175 210 176
f 311 310 210
f 169 137 138
f 178 177 137
f 256 261 216
f 178 137 213
f 2309 179 180
f 214 2309 213
f 49 213 137
f 185 2374 182
f 183 582 184
f 152 181 177
f 180 184 153
f 582 153 184
f 115 405 457
f 184 180 185
f 182 183 184
f 2308 261 314
f 184 185 182
f 314 2374 185
f 318 320 277
f 353 239 293
f 411 415 431
f 370 273 334
f 7 8 228
f 282 446 2377
f 435 591 434
f 533 11 277
f 278 67 68
f 281 342 230
f 308 307 302
f 342 281 374
f 133 233 235
f 483 95 160
f 1 2 2282
f 188 161 233
f 483 484 450
f 209 204 203
f 190 189 234
f 188 189 161
f 284 190 234
f 193 162 236
f 163 191 22
f 346 237 2379
f 238 20 351
f 293 239 350
f 265 57 218
f 197 51 52
f 921 2310 245
f 197 52 168
f 168 52 245
f 196 213 50
f 199 198 75
f 144 102 103
f 140 199 102
f 249 304 173
f 403 356 306
f 70 305 69
f 140 171 73
f 202 72 171
f 171 247 251
f 252 202 201
f 203 204 94
f 95 203 94
f 173 204 206
f 205 93 204
f 208 209 207
f 483 160 484
f 307 309 302
f 204 209 206
f 483 209 203
f 349 254 310
f 286 192 134
f 254 176 310
f 151 176 174
f 211 126 212
f 255 107 311
f 211 175 126
f 211 312 255
f 357 212 115
f 125 2304 126
f 312 211 212
f 50 213 49
f 214 213 196
f 214 196 215
f 215 197 168
f 297 259 258
f 258 259 257
f 216 215 168
f 217 168 245
f 217 194 258
f 257 464 256
f 168 217 2375
f 185 180 179
f 153 99 180
f 2309 180 99
f 100 138 177
f 116 100 181
f 185 179 2308
f 262 58 59
f 263 59 60
f 243 355 242
f 262 220 58
f 262 361 468
f 57 219 218
f 218 219 220
f 508 517 506
f 266 355 243
f 409 221 220
f 368 15 16
f 186 2311 267
f 271 955 62
f 273 62 63
f 329 272 328
f 224 333 61
f 263 361 262
f 592 226 6
f 592 6 225
f 7 225 6
f 226 337 283
f 282 231 232
f 6 226 274
f 228 8 187
f 187 8 227
f 187 276 228
f 228 225 7
f 229 9 1885
f 227 8 9
f 10 11 533
f 227 229 532
f 9 229 227
f 230 67 278
f 279 68 69
f 281 280 159
f 369 335 342
f 232 231 5
f 454 399 480
f 160 96 188
f 235 233 161
f 484 233 133
f 189 3 234
f 285 190 284
f 235 190 285
f 193 236 20
f 191 192 193
f 163 192 191
f 150 237 97
f 237 106 348
f 239 238 350
f 236 351 20
f 293 350 167
f 294 18 353
f 326 269 325
f 245 240 217
f 295 53 241
f 299 54 55
f 241 195 295
f 241 54 299
f 299 242 2373
f 57 265 56
f 221 244 266
f 196 51 197
f 240 245 2310
f 304 250 147
f 246 200 247
f 102 246 140
f 170 247 200
f 171 251 202
f 140 247 171
f 246 247 140
f 200 248 170
f 200 246 147
f 309 141 208
f 248 200 250
f 304 147 144
f 250 249 141
f 247 170 251
f 253 251 170
f 141 249 206
f 202 252 71
f 356 252 201
f 356 305 252
f 338 339 279
f 201 202 251
f 254 106 174
f 106 254 348
f 211 210 175
f 257 256 2375
f 2375 256 216
f 464 260 256
f 258 257 2375
f 464 257 359
f 297 258 194
f 260 98 314
f 179 214 2308
f 263 262 59
f 264 263 60
f 361 263 264
f 60 333 264
f 315 361 264
f 316 361 317
f 266 265 218
f 300 56 243
f 221 266 218
f 266 244 355
f 13 14 2311
f 319 186 323
f 368 267 15
f 268 222 16
f 268 17 269
f 16 222 368
f 222 268 269
f 271 270 955
f 223 270 328
f 273 271 62
f 330 332 377
f 329 328 271
f 329 331 272
f 334 63 64
f 64 65 335
f 369 336 370
f 275 226 283
f 226 275 274
f 5 275 232
f 337 226 592
f 276 434 228
f 227 410 187
f 499 187 410
f 410 470 499
f 568 131 2380
f 187 499 276
f 435 434 2318
f 277 531 533
f 279 278 68
f 305 279 69
f 338 279 305
f 339 280 278
f 371 340 159
f 230 65 66
f 335 65 342
f 373 281 159
f 281 373 374
f 283 282 232
f 283 343 282
f 231 282 2377
f 283 232 275
f 392 395 343
f 4 284 234
f 284 2377 285
f 446 344 399
f 134 165 346
f 346 97 237
f 134 346 286
f 288 347 287
f 347 286 2379
f 288 287 292
f 351 290 289
f 162 292 290
f 292 162 288
f 192 288 162
f 292 291 290
f 291 352 289
f 291 289 290
f 167 289 352
f 417 293 2313
f 269 294 325
f 194 53 295
f 298 296 195
f 354 474 512
f 297 194 295
f 298 433 296
f 299 298 195
f 242 299 55
f 265 243 56
f 242 300 243
f 425 354 296
f 309 208 303
f 450 485 453
f 208 207 303
f 250 141 248
f 250 304 249
f 252 305 70
f 201 253 306
f 308 403 306
f 307 306 253
f 306 307 308
f 302 309 303
f 447 302 303
f 403 308 481
f 248 309 307
f 309 248 141
f 170 248 307
f 310 176 210
f 311 107 578
f 310 311 563
f 255 311 210
f 512 259 354
f 256 260 261
f 2308 314 185
f 260 314 261
f 315 391 317
f 264 333 360
f 361 315 317
f 318 277 12
f 318 322 320
f 12 13 318
f 2311 318 13
f 267 2311 14
f 318 2311 319
f 366 545 323
f 502 321 364
f 321 320 322
f 364 321 322
f 321 157 365
f 323 322 319
f 324 323 186
f 186 267 367
f 2313 412 417
f 269 326 222
f 411 327 326
f 590 328 272
f 273 329 271
f 330 329 273
f 330 370 332
f 377 375 376
f 378 379 331
f 330 331 329
f 377 332 375
f 360 224 593
f 333 224 360
f 335 334 64
f 374 398 336
f 273 370 330
f 338 305 356
f 339 338 371
f 278 279 339
f 230 280 281
f 481 372 403
f 302 482 308
f 341 397 398
f 282 343 395
f 340 441 439
f 284 231 2377
f 401 2377 446
f 441 442 455
f 456 451 345
f 286 346 2379
f 402 348 349
f 348 254 349
f 563 349 310
f 289 167 350
f 290 351 236
f 350 351 289
f 519 520 575
f 414 352 136
f 414 167 352
f 353 293 417
f 294 353 325
f 195 297 295
f 297 296 354
f 242 355 2373
f 266 243 265
f 503 355 244
f 2373 355 301
f 306 356 201
f 338 356 403
f 400 449 447
f 481 442 372
f 357 312 212
f 98 260 462
f 255 312 406
f 466 464 465
f 465 359 530
f 259 359 257
f 360 388 315
f 264 360 315
f 316 409 468
f 384 385 382
f 388 391 315
f 323 364 322
f 366 430 545
f 368 367 267
f 327 368 222
f 367 324 186
f 367 327 419
f 368 327 367
f 326 327 222
f 424 418 2316
f 334 335 369
f 369 370 334
f 332 370 336
f 371 159 280
f 439 159 340
f 339 371 280
f 403 372 371
f 340 371 372
f 439 373 159
f 374 373 341
f 398 374 341
f 342 374 369
f 373 439 341
f 375 445 376
f 336 375 332
f 478 568 386
f 379 380 158
f 331 377 378
f 379 378 380
f 388 360 593
f 590 272 158
f 379 272 331
f 382 158 384
f 384 158 380
f 388 387 391
f 380 381 384
f 542 499 470
f 387 385 2314
f 394 393 438
f 593 158 382
f 378 383 2315
f 438 376 445
f 477 492 436
f 382 385 387
f 131 568 541
f 568 2380 386
f 437 386 383
f 2315 383 386
f 378 377 383
f 377 376 383
f 2380 2315 386
f 378 2315 380
f 2314 385 436
f 382 387 388
f 436 385 477
f 2314 391 387
f 317 391 390
f 2376 479 392
f 395 2312 344
f 2376 392 343
f 337 2376 283
f 394 445 396
f 393 437 438
f 2312 392 394
f 393 394 392
f 396 2312 394
f 344 2312 132
f 446 395 344
f 132 2312 396
f 398 396 445
f 396 398 397
f 443 444 132
f 447 303 448
f 345 285 401
f 2381 453 451
f 448 450 453
f 235 345 133
f 133 345 451
f 286 347 288
f 402 347 2379
f 348 2379 237
f 359 259 512
f 354 259 297
f 549 508 507
f 338 403 371
f 2306 405 130
f 358 407 457
f 182 404 183
f 183 405 2306
f 457 405 404
f 406 107 255
f 107 406 460
f 312 407 406
f 407 358 489
f 357 407 312
f 313 467 528
f 2374 490 488
f 464 359 465
f 363 534 156
f 363 156 316
f 537 409 156
f 468 409 220
f 156 409 316
f 321 365 320
f 320 365 531
f 531 277 320
f 470 410 469
f 323 324 366
f 167 414 2313
f 2313 414 413
f 412 2313 413
f 428 412 413
f 416 412 415
f 416 411 326
f 415 412 428
f 325 416 326
f 419 420 2382
f 411 419 327
f 367 419 324
f 420 424 421
f 427 426 431
f 433 301 504
f 476 2320 518
f 432 429 426
f 546 418 509
f 421 430 366
f 425 422 474
f 431 415 427
f 476 413 414
f 415 428 427
f 555 557 516
f 430 421 2316
f 548 473 430
f 565 538 566
f 355 503 301
f 507 506 505
f 513 474 517
f 518 413 476
f 426 418 424
f 510 554 509
f 431 426 424
f 558 432 423
f 429 418 426
f 433 425 296
f 425 433 511
f 374 336 369
f 375 336 398
f 479 478 437
f 479 437 393
f 2318 434 276
f 568 435 541
f 478 435 568
f 436 492 493
f 2314 436 389
f 438 437 383
f 376 438 383
f 394 438 445
f 443 439 441
f 442 441 340
f 456 399 454
f 340 372 442
f 441 440 443
f 308 482 481
f 455 442 486
f 443 440 444
f 440 452 454
f 132 397 443
f 341 443 397
f 454 444 440
f 132 444 480
f 398 445 375
f 401 446 399
f 448 303 207
f 400 486 449
f 448 207 450
f 400 447 448
f 447 449 482
f 450 207 483
f 450 484 485
f 452 2381 456
f 133 451 485
f 456 454 452
f 453 400 448
f 455 452 440
f 2381 452 486
f 485 451 453
f 400 453 2381
f 454 480 444
f 441 455 440
f 486 442 449
f 345 401 456
f 457 357 115
f 357 457 407
f 488 457 404
f 182 488 404
f 523 458 313
f 526 291 487
f 573 461 526
f 459 579 2307
f 581 576 577
f 291 461 352
f 98 408 490
f 462 260 464
f 408 98 462
f 408 463 490
f 457 488 358
f 458 489 313
f 408 466 467
f 462 464 466
f 466 465 529
f 462 466 408
f 408 467 463
f 262 468 220
f 316 468 361
f 469 365 2319
f 472 470 2319
f 531 365 469
f 469 2319 470
f 276 499 2318
f 477 131 498
f 472 542 470
f 471 492 498
f 544 493 494
f 472 471 542
f 501 430 473
f 502 545 501
f 156 534 536
f 474 422 517
f 524 528 525
f 425 474 354
f 461 573 559
f 136 476 414
f 559 2320 476
f 131 477 381
f 437 478 386
f 392 479 393
f 478 591 435
f 443 341 439
f 399 344 480
f 132 480 344
f 449 442 481
f 447 482 302
f 481 482 449
f 209 483 207
f 233 484 160
f 484 133 485
f 2381 486 400
f 455 486 452
f 2374 488 182
f 490 2374 98
f 292 487 291
f 347 402 562
f 287 487 292
f 576 526 487
f 358 488 490
f 467 313 463
f 523 528 524
f 406 407 489
f 463 489 358
f 490 463 358
f 529 465 491
f 530 512 513
f 557 525 529
f 469 532 531
f 531 532 533
f 498 492 477
f 492 471 494
f 472 495 494
f 493 492 494
f 472 494 471
f 495 157 543
f 493 362 389
f 497 389 362
f 389 436 493
f 362 564 496
f 389 497 390
f 496 363 497
f 363 390 497
f 542 498 541
f 541 2318 542
f 501 545 430
f 502 501 500
f 569 538 565
f 544 494 495
f 500 543 502
f 321 502 157
f 364 323 545
f 503 567 504
f 244 221 2383
f 505 504 567
f 433 504 511
f 503 504 301
f 507 508 506
f 422 425 511
f 505 506 511
f 549 510 508
f 549 507 550
f 418 429 509
f 515 594 522
f 522 429 558
f 511 504 505
f 511 506 422
f 359 512 530
f 513 512 474
f 514 513 475
f 513 516 530
f 514 515 571
f 555 516 514
f 594 510 522
f 491 530 516
f 514 516 513
f 513 517 475
f 506 517 422
f 517 508 475
f 2317 427 518
f 574 573 580
f 427 428 518
f 413 518 428
f 520 2317 2320
f 518 2320 2317
f 570 556 572
f 520 423 2317
f 520 519 423
f 519 521 423
f 429 432 558
f 571 555 514
f 521 558 423
f 558 515 522
f 556 521 519
f 521 571 558
f 559 574 2320
f 523 459 460
f 524 560 561
f 458 523 460
f 313 528 523
f 570 557 555
f 525 570 560
f 291 526 461
f 581 526 576
f 402 349 527
f 578 577 527
f 529 528 467
f 525 528 529
f 529 467 466
f 529 491 557
f 465 530 491
f 410 532 469
f 229 533 532
f 535 496 564
f 534 496 535
f 552 553 547
f 540 507 505
f 535 551 534
f 362 493 539
f 535 564 565
f 552 547 554
f 2321 536 551
f 534 551 536
f 409 537 221
f 536 2321 537
f 156 536 537
f 2321 2383 537
f 501 538 500
f 473 538 501
f 566 553 565
f 540 505 567
f 544 539 493
f 566 538 473
f 541 498 131
f 471 498 542
f 502 543 157
f 569 543 500
f 500 538 569
f 364 545 502
f 547 566 473
f 418 546 548
f 547 548 546
f 550 507 540
f 510 549 554
f 549 550 552
f 553 551 535
f 565 553 535
f 551 552 550
f 547 553 566
f 552 551 553
f 546 554 547
f 552 554 549
f 546 509 554
f 509 429 522
f 509 522 510
f 555 571 556
f 570 572 560
f 521 556 571
f 556 519 572
f 516 557 491
f 515 558 571
f 561 560 572
f 524 525 560
f 575 561 572
f 523 524 459
f 562 287 347
f 487 562 576
f 287 562 487
f 527 562 402
f 577 562 527
f 577 579 581
f 362 496 497
f 539 564 362
f 539 565 564
f 565 539 569
f 244 567 503
f 2383 567 244
f 537 2383 221
f 2321 540 2383
f 550 540 2321
f 2318 541 435
f 544 495 543
f 544 569 539
f 543 569 544
f 548 547 473
f 557 570 525
f 556 570 555
f 519 575 572
f 581 580 573
f 580 575 574
f 520 574 575
f 559 573 574
f 559 136 461
f 476 136 559
f 580 561 575
f 577 576 562
f 527 563 578
f 578 563 311
f 580 579 459
f 526 581 573
f 577 578 579
f 561 580 459
f 580 581 579
f 582 2306 119
f 585 112 78
f 124 584 114
f 127 584 124
f 583 584 585
f 149 586 172
f 588 587 585
f 584 588 585
f 589 588 127
f 91 589 90
f 588 589 586
f 593 590 158
f 328 590 223
f 225 434 591
f 592 591 2378
f 434 225 228
f 388 593 382
f 594 475 508
f 514 475 515
f 475 594 515
f 510 594 508
f 688 632 631
f 722 623 622
f 49 812 50
f 625 727 728
f 682 689 687
f 1109 669 699
f 240 816 53
f 786 785 772
f 638 2384 101
f 722 683 623
f 637 636 671
f 60 59 2325
f 686 628 2385
f 682 631 630
f 687 677 682
f 684 2385 627
f 736 169 698
f 674 649 648
f 2389 888 57
f 727 624 683
f 2325 59 887
f 59 58 887
f 56 2389 57
f 724 664 787
f 637 2384 638
f 874 878 731
f 744 641 640
f 61 850 852
f 726 727 683
f 62 955 849
f 685 671 636
f 673 667 699
f 676 663 645
f 68 67 855
f 672 700 673
f 1097 738 739
f 667 702 705
f 714 620 619
f 803 909 910
f 644 669 676
f 639 74 661
f 751 749 750
f 674 668 729
f 74 198 661
f 704 654 703
f 639 661 711
f 671 685 660
f 683 752 726
f 730 762 2385
f 642 673 643
f 629 686 689
f 681 680 633
f 668 647 663
f 674 647 668
f 645 663 646
f 644 676 645
f 795 688 677
f 676 729 668
f 730 2385 684
f 708 662 709
f 699 669 643
f 626 625 728
f 1109 1108 675
f 686 629 628
f 684 627 626
f 682 688 631
f 681 688 795
f 624 727 625
f 621 679 723
f 624 623 683
f 607 885 608
f 621 723 622
f 682 677 688
f 716 679 714
f 762 760 687
f 714 618 617
f 715 714 617
f 681 632 688
f 628 627 2385
f 714 619 618
f 682 630 689
f 757 835 795
f 729 676 669
f 723 679 716
f 677 760 757
f 674 729 675
f 620 679 621
f 728 684 626
f 701 702 700
f 658 809 659
f 673 642 672
f 47 638 101
f 733 891 954
f 806 808 805
f 637 671 2384
f 811 809 2283
f 707 655 704
f 632 681 633
f 660 697 671
f 672 642 641
f 674 675 650
f 652 1108 705
f 674 650 649
f 648 647 674
f 714 679 620
f 675 651 650
f 687 689 686
f 705 702 653
f 1091 1041 989
f 676 668 663
f 717 725 724
f 943 873 872
f 633 680 634
f 805 597 596
f 1108 651 675
f 878 925 930
f 744 745 708
f 598 960 952
f 960 987 800
f 644 643 669
f 891 845 847
f 685 636 635
f 665 837 743
f 629 689 630
f 635 634 680
f 911 804 909
f 737 657 656
f 72 815 73
f 1109 699 667
f 817 2386 1048
f 773 1105 774
f 660 693 698
f 697 660 698
f 698 693 736
f 139 101 48
f 2384 671 697
f 48 697 698
f 729 669 1109
f 667 705 1109
f 700 666 701
f 667 700 702
f 673 700 667
f 666 700 672
f 709 706 701
f 704 655 654
f 701 666 709
f 703 702 701
f 653 702 703
f 703 701 704
f 653 703 654
f 706 704 701
f 704 706 707
f 652 705 653
f 706 709 662
f 656 655 707
f 748 858 747
f 707 706 713
f 745 744 640
f 662 713 706
f 712 813 710
f 863 859 861
f 744 666 672
f 709 666 708
f 711 640 639
f 749 711 661
f 708 747 662
f 198 750 661
f 751 750 73
f 694 746 749
f 1092 735 1093
f 858 713 662
f 738 713 712
f 715 617 616
f 716 714 715
f 615 715 616
f 720 725 717
f 719 723 718
f 752 670 726
f 719 718 717
f 720 718 753
f 719 717 670
f 717 724 670
f 787 781 724
f 721 715 615
f 755 740 754
f 723 722 622
f 722 719 752
f 723 716 718
f 722 723 719
f 696 725 720
f 664 724 725
f 718 720 717
f 754 696 720
f 727 726 678
f 728 727 678
f 675 729 1109
f 681 834 680
f 680 834 665
f 684 728 869
f 840 605 838
f 1011 1010 973
f 55 890 300
f 601 847 602
f 854 805 808
f 1068 989 1090
f 804 64 63
f 1068 1065 1066
f 857 793 833
f 736 693 867
f 712 739 738
f 809 658 2285
f 738 707 713
f 739 712 710
f 707 738 737
f 739 710 997
f 739 997 1094
f 202 71 72
f 70 865 71
f 922 816 2310
f 695 968 923
f 610 609 819
f 880 886 606
f 753 716 715
f 743 742 660
f 693 660 742
f 743 660 685
f 867 693 823
f 665 743 2322
f 742 743 826
f 666 744 708
f 641 744 672
f 745 640 711
f 746 745 711
f 708 745 747
f 749 746 711
f 747 746 748
f 745 746 747
f 748 746 694
f 859 813 748
f 748 813 858
f 749 751 694
f 859 748 694
f 661 750 749
f 815 751 73
f 820 751 815
f 722 752 683
f 670 752 719
f 716 753 718
f 721 753 715
f 615 614 755
f 755 721 615
f 755 754 721
f 613 755 614
f 1047 740 817
f 696 754 740
f 728 678 869
f 757 795 677
f 756 761 760
f 766 759 761
f 759 757 761
f 765 768 758
f 836 757 759
f 769 770 772
f 776 758 769
f 759 765 758
f 769 758 768
f 776 836 758
f 677 687 760
f 762 687 686
f 760 761 757
f 763 821 756
f 756 760 762
f 730 763 762
f 756 762 763
f 822 764 767
f 767 766 822
f 783 765 766
f 759 766 765
f 783 766 767
f 774 768 783
f 774 1105 771
f 770 769 768
f 771 784 770
f 776 775 777
f 771 768 774
f 770 784 779
f 782 767 764
f 771 1107 784
f 770 768 771
f 785 769 772
f 825 775 790
f 777 825 824
f 785 790 775
f 777 775 825
f 782 773 767
f 773 774 783
f 775 776 769
f 793 857 790
f 824 825 823
f 776 777 871
f 837 665 796
f 779 792 786
f 779 2387 830
f 764 822 916
f 787 788 781
f 782 866 780
f 670 724 791
f 764 916 866
f 724 781 791
f 773 783 767
f 779 784 2387
f 785 775 769
f 1004 725 696
f 791 781 789
f 772 779 786
f 794 790 785
f 829 792 870
f 785 786 794
f 790 794 793
f 867 823 857
f 1049 2388 664
f 730 868 763
f 791 726 670
f 790 857 825
f 917 789 781
f 726 791 678
f 786 2324 794
f 792 830 870
f 830 831 870
f 52 51 832
f 794 2324 828
f 833 51 50
f 871 835 836
f 796 665 834
f 778 837 796
f 835 796 834
f 796 871 778
f 841 840 797
f 901 733 976
f 1111 877 884
f 932 887 888
f 941 829 870
f 901 845 891
f 848 847 903
f 270 983 955
f 61 333 850
f 962 800 987
f 990 803 910
f 856 802 855
f 805 807 806
f 807 2283 806
f 801 988 1066
f 853 854 801
f 807 805 596
f 596 1284 807
f 811 807 1284
f 810 2285 658
f 2283 809 735
f 1094 1097 739
f 809 2285 735
f 1071 2283 735
f 811 2283 807
f 1284 595 2284
f 811 1284 2284
f 657 810 658
f 809 811 659
f 857 833 812
f 736 812 49
f 707 737 656
f 737 1097 810
f 657 737 810
f 712 858 813
f 710 813 863
f 863 860 996
f 815 72 864
f 865 908 991
f 861 859 820
f 817 740 613
f 755 613 740
f 1489 612 2386
f 1003 1047 1048
f 819 966 1002
f 914 1002 966
f 912 609 608
f 915 819 1002
f 763 868 920
f 822 756 821
f 822 821 916
f 778 777 824
f 826 778 824
f 824 742 826
f 824 823 742
f 823 825 857
f 868 869 827
f 917 827 789
f 921 832 828
f 922 828 2324
f 792 829 2324
f 779 830 792
f 830 695 831
f 832 51 833
f 833 793 832
f 828 832 793
f 794 828 793
f 52 832 921
f 795 834 681
f 795 835 834
f 757 836 835
f 836 759 758
f 777 778 871
f 837 778 826
f 743 837 826
f 797 840 838
f 872 605 1443
f 1110 885 886
f 873 874 838
f 872 838 605
f 876 841 797
f 877 876 924
f 839 841 876
f 892 604 846
f 872 873 838
f 888 58 219
f 889 56 300
f 889 974 971
f 241 940 54
f 603 844 900
f 602 845 844
f 604 892 893
f 900 844 845
f 604 603 846
f 903 601 600
f 905 600 599
f 891 847 848
f 847 845 602
f 903 847 601
f 848 903 953
f 983 956 955
f 1130 849 1131
f 851 852 850
f 906 907 850
f 1112 984 851
f 852 851 983
f 853 801 987
f 854 853 597
f 855 802 2286
f 856 67 66
f 860 993 995
f 65 64 911
f 856 66 803
f 803 66 911
f 66 65 911
f 804 63 1130
f 812 833 50
f 857 812 867
f 713 858 712
f 747 858 662
f 820 859 694
f 861 862 992
f 862 864 865
f 862 861 820
f 863 861 860
f 815 862 820
f 862 865 992
f 860 995 996
f 859 863 813
f 997 710 996
f 1095 1094 814
f 865 864 71
f 815 864 862
f 908 70 69
f 992 865 991
f 915 612 611
f 2386 612 818
f 912 819 609
f 915 610 819
f 885 912 608
f 912 1114 966
f 818 612 915
f 917 918 920
f 780 2323 1132
f 764 866 782
f 780 866 2323
f 919 2323 866
f 736 867 812
f 742 823 693
f 869 868 730
f 868 827 920
f 869 730 684
f 827 678 789
f 869 678 827
f 835 871 796
f 776 871 836
f 943 894 873
f 894 943 896
f 874 873 875
f 838 874 797
f 874 731 924
f 875 873 894
f 924 731 877
f 797 874 924
f 874 875 878
f 884 970 1055
f 883 881 882
f 924 876 797
f 882 876 877
f 926 945 929
f 879 875 894
f 877 731 884
f 878 875 879
f 970 878 930
f 895 899 894
f 925 879 926
f 899 879 894
f 881 880 839
f 885 607 886
f 839 880 841
f 882 881 839
f 1110 881 883
f 882 839 876
f 883 1111 2329
f 1111 883 882
f 1161 1159 1172
f 884 1055 1111
f 607 606 886
f 881 886 880
f 888 887 58
f 798 887 932
f 2325 887 798
f 889 2389 56
f 890 889 300
f 937 55 54
f 241 53 940
f 937 54 843
f 829 816 922
f 843 54 940
f 891 733 901
f 897 900 901
f 929 925 926
f 895 894 896
f 896 892 846
f 893 943 872
f 893 892 943
f 976 978 944
f 898 897 944
f 895 897 898
f 897 896 846
f 895 896 897
f 846 900 897
f 898 978 979
f 898 951 895
f 951 899 895
f 603 900 846
f 901 900 845
f 901 976 944
f 1057 933 1056
f 951 898 979
f 926 946 945
f 946 902 945
f 905 903 600
f 599 952 905
f 952 800 904
f 598 952 599
f 905 953 903
f 953 905 904
f 982 906 2325
f 972 973 1010
f 1112 907 1014
f 986 957 958
f 956 957 959
f 987 961 853
f 801 962 987
f 805 854 597
f 988 854 808
f 1000 856 990
f 855 67 856
f 964 2286 802
f 865 70 908
f 855 2286 69
f 908 69 2286
f 996 710 863
f 911 909 803
f 999 990 910
f 804 911 64
f 959 1040 1131
f 912 913 1114
f 885 913 912
f 912 966 819
f 1046 967 1080
f 967 741 818
f 611 610 915
f 918 916 821
f 866 916 919
f 781 788 917
f 916 918 919
f 920 918 821
f 918 917 919
f 920 821 763
f 922 921 828
f 829 922 2324
f 941 816 829
f 968 695 1005
f 878 879 925
f 899 926 879
f 929 930 925
f 929 945 948
f 929 927 930
f 878 970 731
f 928 970 930
f 798 932 931
f 935 931 1006
f 935 934 931
f 2389 932 888
f 931 932 1006
f 1006 2389 971
f 935 1006 936
f 1119 1127 1118
f 935 933 1123
f 933 935 936
f 933 1057 1123
f 798 972 982
f 798 931 934
f 973 934 1122
f 1007 974 1008
f 938 937 799
f 938 799 939
f 937 938 890
f 1018 939 799
f 890 55 937
f 816 940 53
f 1051 941 831
f 891 848 954
f 892 896 943
f 898 944 978
f 901 944 897
f 949 945 902
f 899 946 926
f 979 902 946
f 1024 902 981
f 929 948 927
f 980 981 979
f 950 945 949
f 948 945 1023
f 947 950 949
f 1023 945 950
f 979 946 951
f 946 899 951
f 800 952 960
f 905 952 904
f 1062 986 1059
f 1026 953 904
f 954 848 1028
f 733 942 976
f 953 1028 848
f 906 982 842
f 907 906 842
f 906 850 333
f 1112 850 907
f 1112 851 850
f 956 851 984
f 955 959 849
f 959 955 956
f 956 984 957
f 959 957 1040
f 957 984 958
f 1031 1100 1038
f 1040 957 986
f 961 960 598
f 960 961 987
f 963 802 1000
f 1000 802 856
f 965 963 1000
f 802 963 964
f 1042 994 995
f 1040 734 1085
f 967 1002 914
f 914 1081 1080
f 741 967 1046
f 695 923 831
f 843 799 937
f 1018 799 969
f 927 690 1053
f 928 930 927
f 1126 1053 690
f 970 928 1055
f 731 970 884
f 57 888 219
f 936 1006 971
f 973 972 934
f 1011 973 1128
f 889 971 2389
f 1007 971 974
f 890 974 889
f 938 974 890
f 1008 938 939
f 1008 1115 732
f 976 942 977
f 1060 733 954
f 1059 985 1017
f 980 977 1016
f 977 978 976
f 1116 950 1009
f 927 948 690
f 1127 948 1023
f 947 949 1024
f 979 978 980
f 978 977 980
f 1058 980 1016
f 902 979 981
f 800 1025 904
f 1027 1026 1030
f 1031 1029 1100
f 982 2325 798
f 982 972 842
f 852 983 270
f 983 851 956
f 1015 984 1112
f 962 801 1066
f 989 988 808
f 854 988 801
f 808 1091 989
f 1095 1096 692
f 1063 1065 691
f 803 990 856
f 2286 991 908
f 993 992 991
f 992 993 860
f 1044 1042 1043
f 1074 1075 1073
f 1042 993 991
f 2287 814 997
f 861 992 860
f 2287 997 996
f 995 994 2287
f 994 1074 1076
f 1072 1041 692
f 1087 1084 1086
f 1001 999 1045
f 1001 1000 990
f 1069 691 1065
f 915 1002 818
f 1004 1003 1050
f 1003 1004 696
f 696 740 1047
f 1004 1050 1049
f 725 1004 664
f 1102 2326 1133
f 2386 741 1048
f 1002 967 818
f 1147 968 1005
f 1022 923 968
f 831 923 969
f 940 1051 843
f 799 843 969
f 1051 969 843
f 1129 1127 1119
f 1106 1140 1147
f 1007 936 971
f 974 938 1008
f 1115 1008 939
f 732 1007 1008
f 1123 934 935
f 950 1116 1023
f 1061 1128 947
f 1012 1014 907
f 1011 1128 1061
f 1012 1010 1011
f 907 842 1012
f 972 1010 842
f 1012 842 1010
f 1014 1012 2327
f 1011 1061 2327
f 2327 1083 1013
f 1013 985 1015
f 1015 1014 1013
f 1015 985 1059
f 1015 958 984
f 1016 977 1070
f 1070 977 942
f 1017 1016 1070
f 1017 985 1058
f 1115 939 975
f 1018 969 923
f 975 939 1018
f 1150 1022 1143
f 1142 1149 1143
f 1115 1021 1121
f 1020 1018 923
f 975 1019 1021
f 1019 975 1020
f 1020 975 1018
f 1151 1153 1125
f 923 1022 1020
f 690 948 1127
f 1061 1024 1083
f 1014 2327 1013
f 902 1024 949
f 1024 981 1083
f 800 962 1025
f 1026 904 1025
f 1028 1026 1027
f 1026 1025 1032
f 1027 1030 1035
f 1031 1027 1035
f 1028 1027 1039
f 1026 1028 953
f 1045 1063 691
f 1045 1037 1063
f 1035 1029 1031
f 734 986 1062
f 1030 1026 1032
f 1064 1032 1025
f 1036 1030 1032
f 1029 1035 1033
f 1034 1036 1037
f 999 910 1087
f 1033 1035 1034
f 1035 1030 1034
f 1037 1036 1063
f 1100 1070 1038
f 1027 1031 1039
f 1038 1039 1031
f 986 734 1040
f 1033 734 1062
f 1059 986 958
f 1071 1091 806
f 1064 1025 962
f 1043 991 2286
f 1044 1043 964
f 991 1043 1042
f 1000 1001 965
f 999 1001 990
f 1080 967 914
f 1050 1046 1082
f 1048 1047 817
f 1047 1003 696
f 817 1427 2386
f 1046 1048 741
f 787 664 2388
f 1004 1049 664
f 1102 1050 1082
f 1050 1003 1046
f 1048 1046 1003
f 816 941 940
f 969 1051 831
f 690 1127 1129
f 928 1053 1054
f 1126 1052 1053
f 1053 1052 1054
f 1166 1055 1168
f 927 1053 928
f 928 1054 1055
f 1007 732 1056
f 936 1056 933
f 1118 1116 1117
f 1057 1056 1120
f 1057 1117 1123
f 950 947 1009
f 981 980 1058
f 985 1013 1058
f 1017 1058 1016
f 1015 1059 958
f 1060 942 733
f 1039 1060 954
f 1028 1039 954
f 1024 1061 947
f 1011 2327 1012
f 2327 1061 1083
f 1100 1062 1059
f 1062 1100 1029
f 1063 1064 1065
f 1032 1064 1036
f 1066 1064 962
f 988 1068 1066
f 1069 1065 1068
f 1064 1066 1065
f 1041 1072 1090
f 989 1068 988
f 1067 1069 1068
f 994 1042 1074
f 1077 1069 1067
f 1069 1077 691
f 1017 1070 1100
f 942 1038 1070
f 1071 735 1092
f 1090 1067 1068
f 993 1042 995
f 963 1044 964
f 1042 1044 1074
f 1075 1074 1044
f 1067 1079 1073
f 1075 1044 963
f 1074 1073 1076
f 963 965 1075
f 1001 1045 691
f 1076 1073 1079
f 994 1076 2287
f 1078 1075 965
f 1001 1078 965
f 1079 1072 998
f 1077 1078 691
f 1001 691 1078
f 1046 1080 1082
f 1102 1099 2388
f 2326 1082 1080
f 741 2386 818
f 981 1058 1083
f 1083 1058 1013
f 1017 1100 1059
f 1029 1033 1062
f 1033 1089 734
f 1089 1085 734
f 1085 1086 1084
f 909 1088 910
f 1086 1085 1089
f 1085 1084 1131
f 1045 999 1087
f 1087 910 1088
f 1087 1086 1037
f 1088 909 804
f 1087 1088 1084
f 1034 1089 1033
f 1041 1090 989
f 1079 1090 1072
f 1067 1090 1079
f 806 1091 808
f 692 1091 1071
f 1093 735 2285
f 1096 1095 814
f 1097 1094 1093
f 1093 1094 1095
f 814 1094 997
f 1097 1093 810
f 692 1092 1095
f 1095 1092 1093
f 1096 998 1072
f 738 1097 737
f 1091 692 1041
f 1092 692 1071
f 1096 1072 692
f 1105 773 2390
f 788 1099 2323
f 1133 2328 1132
f 1089 1034 1086
f 1037 1086 1034
f 1087 1037 1045
f 1133 2326 2328
f 1049 1050 1102
f 1099 1102 1133
f 1107 1005 784
f 1104 782 780
f 773 782 1104
f 1156 1146 1103
f 1081 1170 1101
f 1104 780 1103
f 773 1104 2390
f 1134 1156 1103
f 1105 1107 771
f 1107 1105 1106
f 1140 1106 1141
f 1147 1005 1107
f 1147 1107 1106
f 651 1108 652
f 705 1108 1109
f 820 694 751
f 885 1110 913
f 881 1110 886
f 877 1111 882
f 1166 1111 1055
f 1112 1014 1015
f 1164 1170 1171
f 1114 1113 914
f 914 1113 1081
f 883 1162 1110
f 1160 1161 1162
f 1114 913 1172
f 920 827 917
f 1021 1115 975
f 1116 1009 1117
f 1116 1127 1023
f 1122 1117 1009
f 1117 1057 1118
f 1127 1116 1118
f 1118 1120 1119
f 1120 732 1121
f 1128 1009 947
f 1123 1122 934
f 1117 1122 1123
f 1115 1121 732
f 1152 1125 1021
f 1021 1125 1121
f 1153 1124 1125
f 1120 1121 1124
f 1129 1126 690
f 1153 1126 1124
f 1057 1120 1118
f 1124 1119 1120
f 1122 1128 973
f 1009 1128 1122
f 1124 1129 1119
f 1126 1129 1124
f 1131 1088 1130
f 849 959 1131
f 1130 1088 804
f 1084 1088 1131
f 62 849 63
f 1131 1040 1085
f 1101 1098 2328
f 1099 1133 1132
f 1134 2328 1098
f 1103 780 1132
f 1132 2328 1134
f 1159 1171 1172
f 1153 1154 1155
f 1132 1134 1103
f 1138 1136 1164
f 1081 1101 2326
f 1101 1170 1136
f 1152 1151 1125
f 1101 1136 1098
f 1164 1136 1170
f 1139 1156 1098
f 1163 1138 1164
f 1139 1138 1137
f 1135 1144 1137
f 1139 1137 1144
f 1142 1144 1135
f 1147 1140 1143
f 1140 1142 1143
f 1104 1103 1146
f 1141 1146 1145
f 1106 2390 1141
f 1143 1149 1150
f 1145 1144 1142
f 1156 1144 1145
f 2390 1104 1146
f 1145 1146 1156
f 2390 1146 1141
f 1143 1022 1147
f 968 1147 1022
f 1152 1019 1150
f 1148 1142 1135
f 1142 1148 1149
f 1135 1158 1154
f 1151 1149 1148
f 1150 1019 1020
f 1137 1167 1158
f 1052 1157 1168
f 1151 1152 1149
f 1019 1152 1021
f 1022 1150 1020
f 1152 1150 1149
f 1154 1153 1151
f 1154 1151 1148
f 1135 1154 1148
f 1144 1156 1139
f 1157 1052 1155
f 1158 1157 1155
f 1138 1163 1167
f 1155 1154 1158
f 1137 1158 1135
f 1167 1157 1158
f 1161 1172 913
f 1162 2329 1160
f 1163 1159 1160
f 1162 1161 913
f 1159 1161 1160
f 1110 1162 913
f 1165 1160 2329
f 1163 1165 1169
f 1159 1163 1164
f 2329 1166 1165
f 1163 1169 1167
f 1166 1168 1169
f 1111 1166 2329
f 1168 1055 1054
f 1166 1169 1165
f 1138 1167 1137
f 1052 1168 1054
f 1157 1169 1168
f 1167 1169 1157
f 1113 1170 1081
f 1171 1170 1113
f 1172 1171 1113
f 1171 1159 1164
f 1114 1172 1113
f 1145 1140 1141
f 1142 1140 1145
f 616 617 618
f 1311 1234 1272
f 1269 1219 1220
f 616 618 619
f 619 1276 616
f 1345 616 1276
f 1276 619 1173
f 1271 1269 1263
f 1271 1218 1219
f 1348 1312 1350
f 1236 1258 2292
f 647 648 1244
f 1353 1179 1180
f 2331 1258 1266
f 1488 611 612
f 1269 1240 2288
f 2330 1310 1234
f 1267 1261 1250
f 2338 1186 1187
f 1286 1253 1259
f 1247 1224 1225
f 607 608 1433
f 613 614 1486
f 1274 1275 1336
f 1239 1238 1251
f 1507 1357 1394
f 1310 2288 1255
f 1243 647 1244
f 1217 1285 1216
f 872 1443 1445
f 1234 1311 2330
f 1736 1515 1510
f 1237 1261 1260
f 1446 841 880
f 1255 2288 1259
f 1235 1231 1232
f 1397 601 602
f 1323 596 597
f 598 1366 961
f 1325 1297 1378
f 601 1397 1398
f 1334 1306 1213
f 2292 1228 1229
f 1247 1253 1246
f 1226 1227 1242
f 1327 1295 1328
f 1247 1246 1224
f 1339 1343 1340
f 1326 596 1323
f 1232 2291 2290
f 1293 1332 1233
f 1245 1243 1238
f 1226 1242 1254
f 1223 1224 1246
f 1239 1246 1253
f 2292 1258 1241
f 1229 1230 2289
f 1230 1231 1249
f 1240 1248 1286
f 1202 1920 1438
f 1188 1362 1361
f 1241 2331 1267
f 1188 1189 1362
f 1262 1264 1305
f 1265 1261 1267
f 1342 1479 1341
f 1282 1283 1191
f 1395 1204 1205
f 1249 1257 2289
f 1255 1256 1237
f 1245 1248 1221
f 1258 2331 1241
f 1437 1392 1436
f 1437 1498 1392
f 1242 1250 1261
f 1192 1282 1191
f 1238 1244 1251
f 1237 1242 1261
f 1246 1251 1223
f 1247 1256 1253
f 1503 1549 1201
f 1259 1256 1255
f 1550 1201 1549
f 1244 1222 1251
f 1495 1199 1200
f 1236 2292 2289
f 1198 1199 1496
f 1260 1234 1310
f 1260 1255 1237
f 1218 1271 1217
f 1272 1260 1261
f 1263 2330 1309
f 1242 1227 1250
f 1221 1248 1220
f 1238 1243 1244
f 1256 1247 1254
f 1260 1310 1255
f 1287 1257 1249
f 648 1222 1244
f 1237 1256 1254
f 1243 1252 663
f 663 1252 646
f 2289 1257 1236
f 1245 1252 1243
f 1228 1250 1227
f 1243 663 647
f 1221 646 1252
f 1268 1258 1236
f 1415 1209 1210
f 1251 1246 1239
f 1221 1252 1245
f 1381 1382 1343
f 1241 1250 1228
f 1272 1234 1260
f 1222 1223 1251
f 1225 1226 1254
f 1300 1333 1214
f 1212 1306 1308
f 1286 1245 1238
f 1286 1239 1253
f 1308 1306 1307
f 1241 1228 2292
f 1242 1237 1254
f 1256 1259 1253
f 1286 1259 1240
f 2288 1240 1259
f 1272 1261 1265
f 1274 1265 1273
f 1258 1268 1266
f 1265 2331 1273
f 1262 1304 1264
f 1273 2331 1266
f 1241 1267 1250
f 1257 1291 1236
f 1266 1268 1264
f 1271 1263 1309
f 1309 1217 1271
f 1248 1240 1220
f 1270 1273 1304
f 1269 1271 1219
f 1274 1272 1265
f 1311 1272 1336
f 1274 1273 1270
f 1264 1304 1266
f 1275 1274 1270
f 1274 1336 1272
f 1301 1303 1299
f 1270 1301 1299
f 1275 2391 1336
f 1175 1176 1350
f 614 615 1344
f 1277 1276 1173
f 1173 1174 1277
f 1312 1174 1175
f 1177 1349 1350
f 1312 1277 1174
f 1277 1312 1314
f 1183 1184 1360
f 1199 1495 1496
f 1445 893 872
f 1282 1281 1283
f 1282 1193 1281
f 1283 1281 1406
f 1190 1191 1283
f 600 601 1398
f 1484 1614 2393
f 1233 1330 1293
f 1288 1294 1292
f 1217 1309 1285
f 1215 1216 1285
f 1239 1286 1238
f 1235 1287 1231
f 1288 1287 1235
f 2291 1377 2290
f 1268 1289 1264
f 1293 1330 1290
f 1236 1291 1289
f 1288 1292 1287
f 1290 1291 1257
f 1331 1291 1290
f 1290 1292 1293
f 1296 1332 1293
f 1296 1292 1294
f 1292 1296 1293
f 1288 2293 1295
f 1288 1295 1294
f 1328 1295 2293
f 1327 1323 1368
f 1297 1296 1294
f 1378 1295 1327
f 1297 1325 2333
f 1297 1332 1296
f 1303 1301 1302
f 1275 1270 1299
f 1300 2391 1298
f 1298 2391 1275
f 1299 1298 1275
f 1214 1894 1335
f 1301 1304 1262
f 1302 1301 1262
f 1303 1302 1307
f 1299 1303 1298
f 1306 1334 1303
f 1333 1334 1213
f 1270 1304 1301
f 1304 1273 1266
f 1478 1479 1480
f 1308 1343 1382
f 1306 1303 1307
f 1213 1306 1212
f 1340 1341 1479
f 1302 1341 1340
f 1382 1212 1308
f 2288 1310 1263
f 1311 1336 2334
f 1312 1348 1314
f 1344 1346 614
f 1350 1312 1175
f 1314 1345 1277
f 1348 1349 1429
f 1348 1384 1314
f 1432 1384 1431
f 609 610 1387
f 1584 1278 1533
f 1517 1446 1447
f 1516 1433 1388
f 1396 1206 1207
f 1365 1189 1190
f 2338 1187 1361
f 1408 1405 1406
f 1407 1408 1406
f 1365 1283 1406
f 1365 1405 1362
f 1210 1734 1415
f 1474 1484 2393
f 1419 1483 1477
f 1555 1395 1556
f 1368 597 853
f 1369 853 961
f 1370 1368 1369
f 1378 1297 1294
f 1325 1324 1371
f 1371 1324 1376
f 1326 1328 2293
f 596 1326 1377
f 1368 1323 597
f 1368 1370 1327
f 1324 1325 1378
f 1328 1323 1327
f 1323 1328 1326
f 1377 2293 2290
f 1379 1330 1233
f 1291 1331 1289
f 1342 1305 1423
f 1290 1330 1331
f 1379 1331 1330
f 1335 1300 1214
f 1333 1300 1334
f 1300 1298 1334
f 1303 1334 1298
f 1329 1335 1894
f 1300 1335 2391
f 1329 1337 1335
f 2391 1337 1336
f 1338 2334 2392
f 1285 1309 1338
f 1340 1308 1307
f 1305 1342 1341
f 1262 1305 1341
f 1302 1340 1307
f 1375 1423 1233
f 1375 1233 1417
f 1262 1341 1302
f 1426 1381 1343
f 1379 1423 1305
f 1308 1340 1343
f 1345 1344 615
f 616 1345 615
f 1277 1345 1276
f 1346 1352 1486
f 1313 1545 1617
f 1493 1494 1591
f 1431 1429 1383
f 1384 1348 1429
f 1351 1177 1178
f 1429 1349 1347
f 1177 1350 1176
f 1348 1350 1349
f 1349 1177 1351
f 1434 1178 1179
f 1349 1351 1347
f 1314 1385 1344
f 1345 1314 1344
f 1384 1385 1314
f 1344 1385 1346
f 1386 1352 1432
f 1388 1547 1661
f 1387 1548 609
f 1430 1347 1390
f 1694 1709 1708
f 1444 1394 1443
f 1455 1456 1459
f 1407 1409 1280
f 1359 1195 1196
f 1197 1463 1976
f 1389 1466 1467
f 1362 1189 1365
f 1187 1188 1361
f 1322 1364 1321
f 1364 1194 1321
f 1321 1194 1363
f 1364 1322 1193
f 1281 1322 1406
f 1281 1193 1322
f 1283 1365 1190
f 1406 1322 1407
f 598 599 1460
f 1327 1370 1324
f 1734 1210 1211
f 1482 1543 1415
f 1369 1368 853
f 961 1366 1369
f 1370 1366 1324
f 1371 1373 1475
f 1373 1520 1457
f 1417 1233 1332
f 1520 1371 1376
f 1418 1417 2333
f 1417 1374 1375
f 1332 1297 2333
f 1417 1418 1374
f 1478 1339 1479
f 1480 1423 1375
f 1476 1375 1374
f 1472 1366 1460
f 596 1377 1284
f 2293 1377 1326
f 1295 1378 1294
f 1324 1378 1327
f 2392 1329 1215
f 1289 1379 1264
f 1331 1379 1289
f 1338 2330 1311
f 1309 2330 1338
f 1380 1426 1421
f 1426 1343 1339
f 1381 1426 1425
f 1427 1486 1487
f 1489 1487 1428
f 1430 1429 1347
f 1385 1384 1432
f 1547 1591 1546
f 1389 1180 1181
f 1466 1182 1403
f 1434 1353 1390
f 1351 1178 1434
f 1389 1353 1180
f 1523 1353 1389
f 1429 1430 1383
f 1351 1434 1347
f 1347 1434 1390
f 2394 1390 1353
f 1503 1202 1438
f 1550 1391 1495
f 1197 1198 1497
f 1392 1498 1499
f 1442 1393 1439
f 1447 880 606
f 1507 1508 1506
f 1204 1395 1554
f 1208 1367 1413
f 1597 1557 1442
f 1393 1440 1439
f 1556 1395 1396
f 1204 1554 1441
f 1448 602 844
f 1449 844 603
f 2341 1320 1458
f 1448 1397 602
f 1458 1397 2341
f 1449 1450 1448
f 1194 1400 1363
f 1196 1463 1464
f 1401 1195 2336
f 1522 1359 1464
f 1465 1184 1185
f 1404 1185 1186
f 1403 1527 1467
f 1182 1466 1181
f 1465 1360 1184
f 1182 1183 1403
f 2337 2338 1361
f 1404 1402 1465
f 1280 1411 1586
f 1186 2338 1404
f 1525 1402 1404
f 1362 1405 1524
f 1406 1405 1365
f 1407 1322 1321
f 1409 1407 1321
f 1407 1280 1408
f 1409 1321 1363
f 1470 1408 1280
f 1405 1408 1524
f 1363 1410 1409
f 1400 1401 1410
f 1411 1280 1409
f 1542 1413 1367
f 1414 1416 1412
f 1206 1396 1205
f 1543 1416 1414
f 1543 1414 1415
f 1209 1415 1414
f 1543 1484 1474
f 1367 1208 1412
f 1207 1208 1413
f 1324 1366 1472
f 1369 1366 1370
f 1376 1324 1472
f 2333 1417 1332
f 1475 1325 1371
f 2333 1475 1418
f 1566 1418 1475
f 1374 1418 1372
f 1419 1374 1372
f 1374 1419 1477
f 1566 1372 1418
f 1374 1477 1476
f 1375 1476 1480
f 1479 1339 1340
f 1478 1480 1476
f 1477 1483 1422
f 1478 1421 1339
f 1421 1420 1735
f 1421 1735 1380
f 1422 1735 1420
f 1420 1476 1477
f 1735 1422 1482
f 1233 1423 1379
f 1426 1339 1421
f 1425 1426 1380
f 1489 1427 1487
f 613 1486 1427
f 1487 1352 1386
f 1486 1352 1487
f 1383 1545 1431
f 1490 1530 1491
f 1432 1431 1313
f 1384 1429 1431
f 1432 1313 1616
f 1385 1432 1352
f 1493 1387 610
f 1548 1433 608
f 1466 1389 1181
f 1353 1434 1179
f 1490 2394 1530
f 1467 1527 1583
f 1435 1523 1583
f 2394 1353 1523
f 1389 1467 1523
f 1523 1435 2394
f 1436 1438 1437
f 1438 1920 1437
f 1498 1437 1440
f 1438 1436 1503
f 1439 1440 1203
f 1441 1442 1439
f 1498 1440 1393
f 1442 1441 1554
f 1505 1355 1498
f 1597 1442 1554
f 1393 1442 1557
f 1444 1443 605
f 1445 1443 1394
f 840 841 2335
f 893 1445 1560
f 1447 1446 880
f 606 607 1518
f 1358 1446 1517
f 1395 1205 1396
f 1207 1413 1396
f 1413 1542 1473
f 1449 1448 844
f 1399 1449 603
f 1449 1399 1450
f 603 604 1399
f 1399 1451 1450
f 1519 1565 1452
f 1399 1561 1451
f 1452 1565 2341
f 1450 1451 1452
f 2341 1565 1320
f 1448 2341 1397
f 1452 2341 1450
f 1448 1450 2341
f 1453 1320 1454
f 1398 1458 1459
f 1458 1398 1397
f 1453 1424 1455
f 1458 1320 1453
f 1454 1737 1424
f 1453 1454 1424
f 1472 1471 1376
f 1471 1456 1455
f 1453 1455 1459
f 1424 1457 1455
f 2342 1456 1460
f 1398 1459 2342
f 1521 1566 1373
f 1459 1458 1453
f 2342 1459 1456
f 599 2342 1460
f 1460 1471 1472
f 598 1460 1366
f 1398 2342 600
f 1461 1462 1410
f 1401 1461 1410
f 1463 1196 1976
f 1359 1196 1464
f 1497 1198 1496
f 1497 1553 1463
f 1552 1551 1594
f 1553 1464 1463
f 1522 1464 1571
f 1404 1465 1185
f 1360 1465 1402
f 1467 1466 1403
f 1583 1523 1467
f 1470 1524 1408
f 1280 1586 1470
f 1470 2337 1524
f 1538 1536 1469
f 1576 1534 1462
f 1410 1462 1409
f 1586 1534 1538
f 1586 1538 1469
f 1541 1470 1469
f 1456 1471 1460
f 2393 1614 1649
f 1396 1413 1473
f 1555 1556 1647
f 1556 1396 1473
f 1412 1416 1367
f 1416 1474 1367
f 1566 1475 1373
f 1325 1475 2333
f 1566 1569 1372
f 1636 1737 1634
f 1420 1477 1422
f 1476 1420 1478
f 1421 1478 1420
f 1480 1479 1342
f 1423 1480 1342
f 1482 1481 1543
f 1481 1482 1422
f 1484 1485 1614
f 1484 1481 1485
f 1483 1485 1481
f 1385 1352 1346
f 1650 1487 1386
f 1489 1488 612
f 1654 1488 1428
f 1428 1488 1489
f 1490 1430 1390
f 2394 1490 1390
f 1491 1492 1490
f 1491 2344 1492
f 1545 1313 1431
f 1591 1494 1652
f 611 1493 610
f 611 1494 1493
f 609 1548 608
f 1550 1495 1200
f 1201 1550 1200
f 1496 1495 1391
f 1197 1497 1463
f 1552 1497 1496
f 1553 1497 1552
f 1393 1557 1505
f 1498 1355 1499
f 1501 1621 1354
f 1392 1499 1502
f 1502 1499 1500
f 1436 1392 1501
f 1316 1502 2343
f 1392 1502 1501
f 1686 1684 1316
f 1920 1203 1440
f 1437 1920 1440
f 1503 1354 1549
f 1501 1354 1436
f 1354 1503 1436
f 1555 1597 1554
f 1732 1597 1555
f 1558 1504 1557
f 1393 1505 1498
f 1733 1355 1505
f 605 840 1444
f 1507 1394 1508
f 1509 1507 1506
f 1559 2335 1446
f 1508 1559 1506
f 1506 1559 1723
f 1508 1444 2335
f 1723 1559 1358
f 1509 1357 1507
f 1515 1451 1511
f 1445 1513 1560
f 1317 1514 1512
f 1510 1357 1512
f 1513 1510 1511
f 1317 1512 1509
f 1509 1512 1357
f 1512 1736 1510
f 1736 1512 1514
f 1562 1514 1710
f 1563 1515 1736
f 1451 1515 1563
f 1515 1511 1510
f 1447 1516 1517
f 1388 1661 1672
f 1516 1447 1518
f 1516 2355 1517
f 606 1518 1447
f 607 1433 1518
f 1637 1598 1625
f 1710 1712 1562
f 1519 1452 1563
f 1519 1598 1565
f 1471 1520 1376
f 1457 1520 1455
f 1455 1520 1471
f 1372 1569 1567
f 1359 1522 1573
f 1576 1462 2339
f 1461 1401 2336
f 1571 1572 1522
f 1524 2337 1361
f 1362 1524 1361
f 1539 1525 1536
f 1402 1525 1526
f 1527 2395 1609
f 1609 2395 1526
f 1491 1530 1531
f 1589 1610 1609
f 2344 1531 1533
f 1530 1529 1531
f 1531 1529 1532
f 1491 1531 2344
f 1609 1612 1528
f 1584 1533 1532
f 1608 1533 1278
f 2339 1577 1576
f 1534 1576 1468
f 1534 1468 1538
f 1462 1534 1411
f 1468 1537 1538
f 1536 1525 1541
f 1470 1586 1469
f 1534 1586 1411
f 1468 1576 1575
f 1540 1589 1535
f 1469 1536 1541
f 1539 1536 1535
f 1535 1536 1538
f 1535 1538 1537
f 1539 1535 1589
f 1525 1539 1526
f 1535 1537 1540
f 1528 1612 1613
f 1581 1579 1582
f 1470 1541 2337
f 1474 1542 1367
f 1484 1543 1481
f 1568 1614 1485
f 1649 1614 1615
f 1492 1383 1430
f 1383 1492 1545
f 1585 1492 2344
f 1651 1643 1669
f 1494 1488 1654
f 1545 1492 1585
f 1490 1492 1430
f 1388 1433 1548
f 1494 611 1488
f 1547 1548 1387
f 1591 1547 1387
f 1547 1620 1661
f 1354 1621 2347
f 2347 1550 1549
f 1391 1550 2347
f 1551 1496 1391
f 1391 1622 1551
f 1594 1596 1571
f 1551 1552 1496
f 1553 1571 1464
f 1555 1554 1395
f 1505 1557 1504
f 1648 2350 1319
f 1559 1508 2335
f 1394 1444 1508
f 1358 1559 1446
f 1445 1394 1513
f 1357 1513 1394
f 1560 1513 1511
f 1357 1510 1513
f 1511 1561 1560
f 1399 604 1561
f 1560 604 893
f 1451 1561 1511
f 1672 1516 1388
f 1516 1518 1433
f 1451 1563 1452
f 1598 1564 1624
f 1563 1564 1519
f 1565 1637 1320
f 1637 1565 1598
f 1569 1566 1521
f 1520 1373 1371
f 1521 1373 1457
f 1737 1631 1632
f 1419 1567 1483
f 1567 1569 1570
f 1568 1570 1544
f 1567 1570 1485
f 1634 1570 1569
f 1594 1571 1552
f 1572 1571 1596
f 1572 1578 1599
f 1599 1573 1522
f 1461 1573 2339
f 2339 1599 1577
f 1468 1575 1537
f 1579 1574 1578
f 1575 1576 1574
f 1573 1599 2339
f 1574 1576 1577
f 1574 1577 1578
f 1356 1675 1677
f 1574 1581 1575
f 1574 1579 1581
f 1578 1572 1600
f 1579 1578 1600
f 1676 1689 1679
f 1601 2345 1540
f 1640 1641 1679
f 1537 1575 1601
f 1527 1403 2395
f 1527 1528 1583
f 1435 1583 1528
f 1584 1532 1588
f 1532 1587 1588
f 1643 1608 1278
f 2397 1585 1608
f 1585 1617 1545
f 2344 1608 1585
f 1532 1533 1531
f 1608 2344 1533
f 1610 1589 1540
f 1609 1610 1612
f 1584 1588 2346
f 1587 1532 1529
f 1612 1610 1611
f 1611 1588 1587
f 1526 1589 1609
f 1539 1589 1526
f 1647 1556 1473
f 1615 1568 1544
f 1493 1591 1387
f 1546 1591 1652
f 1619 1546 1315
f 1653 1315 1652
f 1546 1619 1620
f 1546 1620 1547
f 1388 1548 1547
f 1354 2347 1549
f 1551 1595 1594
f 1600 1596 1356
f 1596 1595 1356
f 1595 1596 1594
f 1557 1597 1558
f 604 1560 1561
f 1562 1624 1564
f 1564 1598 1519
f 1625 1598 1624
f 1569 1521 1634
f 1572 1599 1522
f 1577 1599 1578
f 1596 1600 1572
f 1581 1601 1575
f 1607 1638 1639
f 1582 1639 1638
f 1607 1580 1605
f 1278 1584 1603
f 1619 1671 1657
f 1643 1603 1602
f 1602 1669 1643
f 1606 2346 1604
f 1580 1639 1640
f 1604 2400 1606
f 1605 1604 2346
f 1611 1645 1588
f 1605 1580 1664
f 2399 1657 1671
f 1645 1605 2346
f 1527 1609 1528
f 1610 1540 2345
f 1612 1587 1613
f 1610 2345 1611
f 2345 1638 1644
f 1435 1613 1529
f 1648 1647 1646
f 1615 1614 1568
f 1627 1615 1544
f 1649 1615 1633
f 1432 1616 1386
f 1617 1616 1313
f 1590 1617 2397
f 1616 1617 1590
f 1652 1315 1546
f 1655 1671 1619
f 1656 1620 1619
f 1656 1672 1661
f 1622 1391 2347
f 1595 1551 1673
f 1662 1622 2347
f 1673 1551 1622
f 1673 1622 1662
f 1658 1680 1699
f 1356 1595 1674
f 1562 1626 1624
f 1624 1626 1663
f 1625 1631 1637
f 2348 1627 1632
f 1716 1712 1710
f 1663 1626 1718
f 1627 1544 1632
f 1627 2348 1629
f 1663 2349 1628
f 1635 1633 1629
f 2348 1628 1629
f 1628 1625 1663
f 1712 1715 1718
f 1648 1319 1647
f 1630 1629 2349
f 1635 1629 1630
f 1737 1454 1631
f 1632 1631 2348
f 1634 1632 1544
f 1615 1627 1633
f 1629 1633 1627
f 1634 1544 1570
f 1646 2396 1648
f 1635 1648 2396
f 1521 1636 1634
f 1637 1454 1320
f 1454 1637 1631
f 1607 1639 1580
f 1681 1666 1668
f 1640 1664 1580
f 1641 1639 1582
f 1665 1664 1666
f 1579 1600 1677
f 1678 1582 1579
f 1641 1640 1639
f 1641 1676 1679
f 1356 1674 1675
f 1595 1673 1674
f 1659 1603 1606
f 1603 1643 1278
f 1604 1605 1664
f 1644 1638 1607
f 1585 2397 1617
f 1612 1611 1587
f 1645 1611 1644
f 1644 1607 1645
f 1605 1645 1607
f 2346 1588 1645
f 1529 1613 1587
f 1646 1647 1473
f 1647 1319 1555
f 1630 1714 2350
f 1649 2396 2393
f 1635 1649 1633
f 1650 1654 1428
f 1654 1618 1652
f 1487 1650 1428
f 1651 1618 1590
f 1618 1654 1650
f 1643 2397 1608
f 1651 1669 1653
f 1650 1590 1618
f 1654 1652 1494
f 1653 1652 1618
f 1651 1653 1618
f 1655 1619 1315
f 1655 1315 1653
f 1669 1655 1653
f 1619 1657 1656
f 1657 1658 1593
f 1658 1657 1592
f 1660 1592 2399
f 1657 1593 1656
f 1593 1658 1670
f 1659 1671 1602
f 1659 1602 1603
f 1660 2399 2400
f 1656 1661 1620
f 1672 1656 1593
f 1593 2401 1672
f 1358 1517 1738
f 1663 1718 2349
f 1625 1624 1663
f 1604 1664 1665
f 1679 1666 1640
f 1660 1665 1681
f 1604 1665 2400
f 1666 1681 1665
f 1640 1666 1664
f 1682 1668 1666
f 1666 1679 1682
f 1668 1667 1687
f 1655 1669 1602
f 1680 1658 1592
f 1602 1671 1655
f 1683 2401 2398
f 1621 1316 1662
f 1675 1674 1642
f 1642 1676 1675
f 1678 1677 1675
f 1642 1689 1676
f 1676 1641 1678
f 1356 1677 1600
f 1675 1676 1678
f 1582 1678 1641
f 1579 1677 1678
f 1667 1693 1687
f 1687 1681 1668
f 1592 1660 1680
f 1689 1682 1679
f 1668 1682 1690
f 1683 2398 1739
f 1672 1683 2355
f 2421 1623 1642
f 1662 1684 2421
f 2354 2403 1726
f 1685 1686 2343
f 1692 1686 1685
f 1699 1680 1687
f 1681 1687 1680
f 1688 1670 1699
f 1318 2398 1688
f 1670 1658 1699
f 1668 1690 1667
f 1689 1690 1682
f 2351 1692 2352
f 1667 1690 2352
f 1689 1623 1690
f 2351 1686 1692
f 1691 1692 1279
f 1693 1667 1691
f 1719 1720 1721
f 1692 1685 1695
f 1692 1695 1279
f 1719 1699 1693
f 1685 2353 2354
f 1514 1697 1710
f 1696 1708 1697
f 1317 1697 1514
f 1696 1694 1708
f 1355 1500 1499
f 2353 2343 1500
f 1705 1703 1704
f 1697 1317 1696
f 1500 1355 1698
f 1505 1504 1733
f 1720 1691 1279
f 1699 1687 1693
f 1694 1696 1703
f 1719 1721 1725
f 1703 1696 1704
f 1702 1725 1700
f 1317 1509 1704
f 1703 1705 1702
f 1707 1706 1727
f 1500 1698 2353
f 2353 1698 1727
f 1702 1701 1694
f 1695 1701 1700
f 1701 1695 1726
f 1701 1702 1700
f 1725 1702 1705
f 1688 1699 1719
f 1700 1279 1695
f 1694 1703 1702
f 1317 1704 1696
f 1506 1722 1509
f 1722 1704 1509
f 1722 1705 1704
f 1701 2402 1694
f 1727 2354 2353
f 1706 1713 1709
f 1626 1712 1718
f 1712 1626 1562
f 1713 1716 1709
f 2402 1726 2403
f 1727 2403 2354
f 1710 1708 1716
f 1706 1730 1713
f 1716 1708 1709
f 1708 1710 1697
f 1319 1728 1732
f 1712 1716 1715
f 1730 1706 1707
f 1711 1715 1713
f 2349 1714 1630
f 1728 2350 1714
f 1733 1731 1707
f 1731 1729 1730
f 1711 1717 1715
f 1717 1718 1715
f 1731 1504 1558
f 1713 1715 1716
f 1728 1717 1711
f 1718 1717 1714
f 2349 1718 1714
f 1720 1719 1693
f 1688 1719 1725
f 1693 1691 1720
f 1279 1700 1721
f 1725 1721 1700
f 1279 1721 1720
f 1723 1722 1506
f 1723 1738 1739
f 1738 1723 1358
f 1705 1722 1724
f 1724 1722 1723
f 1724 1723 1739
f 1724 1725 1705
f 1318 1725 1724
f 1725 1318 1688
f 1726 2402 1701
f 1685 2354 1695
f 1706 2403 1727
f 1733 1707 1698
f 1635 1630 1648
f 1714 1717 1728
f 1711 1729 1728
f 1729 1732 1728
f 1730 1729 1711
f 1732 1729 1558
f 1713 1730 1711
f 1730 1707 1731
f 1504 1731 1733
f 1558 1729 1731
f 1558 1597 1732
f 1728 1319 2350
f 1319 1732 1555
f 1727 1698 1707
f 1355 1733 1698
f 1425 1380 1734
f 1380 1735 1734
f 1415 1734 1482
f 1735 1482 1734
f 1613 1435 1528
f 1530 1435 1529
f 1736 1564 1563
f 1514 1562 1736
f 1564 1736 1562
f 1634 1737 1632
f 1424 1737 1636
f 1672 2355 1516
f 1724 1739 1318
f 1794 1282 1192
f 1758 1794 1192
f 1364 1856 1855
f 1216 1852 1759
f 1193 1856 1364
f 1855 1194 1364
f 1973 1199 1198
f 1770 1769 1792
f 1852 1216 1215
f 1282 1794 1795
f 1756 1820 1757
f 1750 1982 1751
f 1809 1854 1785
f 2301 1793 1779
f 1201 1923 1503
f 1770 1792 1785
f 1883 1922 1920
f 1788 1773 1772
f 1503 1923 1996
f 1791 1793 1771
f 1848 1806 2296
f 1758 1757 1794
f 1928 1208 1207
f 1933 1204 2004
f 1776 1810 1780
f 1412 1208 1930
f 1209 1866 1210
f 1790 1778 1760
f 2087 1775 2081
f 1762 1761 1803
f 1777 1786 84
f 1793 1772 1771
f 1781 1764 1786
f 1382 1381 1865
f 1783 2294 1763
f 1832 1865 1899
f 85 1786 1764
f 1206 1205 1931
f 1761 1760 1778
f 1781 1774 1839
f 1193 1282 1795
f 1790 1759 1852
f 2359 2332 1894
f 1787 1777 83
f 1762 1803 1783
f 1786 1774 1781
f 2410 2192 2222
f 1787 1763 2294
f 83 1777 84
f 1786 85 84
f 1780 1792 1769
f 1213 1835 1333
f 1912 1914 1748
f 2004 1204 1441
f 1820 1794 1757
f 1912 1747 1937
f 1745 1888 1746
f 1741 1740 2358
f 1195 2035 1196
f 1934 1888 1745
f 1994 2356 15
f 1799 1861 2358
f 1827 1743 1742
f 1987 1915 2356
f 1788 2295 1773
f 1742 1741 1831
f 1861 24 23
f 1803 1761 1778
f 2358 1829 1831
f 14 13 1916
f 1799 1740 27
f 1826 1862 1955
f 1862 1826 23
f 27 26 24
f 1794 1820 1795
f 25 24 26
f 24 1799 27
f 19 1891 238
f 1790 1760 1759
f 1777 1787 2294
f 1780 1768 1802
f 21 2303 2018
f 22 21 1890
f 1799 2358 1740
f 1827 1742 1831
f 1802 1782 1840
f 2301 1808 2295
f 1772 1793 2297
f 1773 2298 2299
f 1838 1839 1774
f 1211 1958 1900
f 1 1784 2405
f 1 2300 1784
f 1778 1790 1789
f 1770 1785 1791
f 1781 1765 1764
f 1781 1839 1765
f 1786 1777 1774
f 1839 1766 1765
f 1842 1784 2404
f 1810 1792 1780
f 1763 1787 82
f 1769 1768 1780
f 1971 1756 1755
f 1904 1963 1835
f 1885 10 229
f 1802 1768 1767
f 1839 1782 1766
f 83 82 1787
f 1926 1886 1925
f 1854 1816 2357
f 1215 1329 2332
f 1783 1763 1762
f 1875 5 4
f 1801 1848 1851
f 1886 1926 2079
f 1867 1906 1964
f 1766 1782 1767
f 275 5 1867
f 1924 1927 2008
f 1841 1872 1840
f 1881 1916 1991
f 2294 1774 1777
f 1382 1902 1212
f 1782 1839 1838
f 1869 1803 1836
f 1782 1802 1767
f 1802 1840 1776
f 1778 1789 1803
f 1872 1811 1810
f 1842 1804 1784
f 1842 1806 1804
f 1845 3 2405
f 1806 1842 1843
f 1804 1805 1845
f 2296 1846 1848
f 1845 1805 1844
f 234 3 1845
f 1807 1215 2332
f 1808 2301 1779
f 2238 2239 1779
f 2295 1808 1850
f 1810 1811 1813
f 1809 1785 1792
f 1816 1813 1815
f 1872 1810 1776
f 1810 1813 1809
f 1814 1811 1873
f 2359 1864 1817
f 1812 1817 1864
f 1813 1811 1814
f 1897 1815 1812
f 1814 1873 1868
f 1812 1813 1814
f 1864 2250 1897
f 1898 1818 1815
f 1812 1815 1813
f 1815 1818 1816
f 1818 2357 1816
f 1809 1816 1854
f 1812 1814 1817
f 1813 1816 1809
f 2357 1818 2242
f 2357 1819 1854
f 1980 1194 1855
f 1879 1911 1754
f 1754 1753 1879
f 1197 1976 1877
f 1748 1914 1749
f 1882 2362 1991
f 1944 2020 2178
f 2419 1923 2413
f 1744 1827 1889
f 2016 1858 2015
f 1954 2064 2065
f 1955 1862 22
f 1828 1827 1831
f 1828 1831 1829
f 2065 1830 1954
f 1828 1829 1957
f 2103 1938 1935
f 1830 1889 1828
f 1830 1936 1889
f 1831 1741 2358
f 1214 1863 1894
f 1899 1381 1425
f 1865 1960 1902
f 1866 1958 1210
f 1844 1849 1875
f 1212 1902 1904
f 1898 1815 1897
f 1802 1776 1780
f 1872 1776 1840
f 1789 1853 1868
f 1872 1841 1873
f 1782 1838 1840
f 1869 1870 1803
f 1840 1838 1837
f 1838 1774 1871
f 1840 1837 1841
f 1869 1841 1837
f 1873 1836 1868
f 1843 1842 2298
f 1843 2298 2295
f 1847 1801 1849
f 4 1845 1844
f 1848 1801 1847
f 1805 1806 1847
f 1848 1847 1806
f 1874 1801 1851
f 1805 1847 1844
f 1848 1846 1851
f 1834 1905 1849
f 1844 1847 1849
f 1843 1850 2296
f 1850 1966 2296
f 2295 1850 1843
f 2241 1966 1850
f 1966 1967 1965
f 2241 1850 1808
f 1967 1966 2241
f 1907 1851 1846
f 1852 1807 1853
f 1852 1215 1807
f 1810 1809 1792
f 1814 1868 1817
f 1790 1853 1789
f 1817 1853 1807
f 1852 1853 1790
f 1791 1785 1819
f 1856 1968 1855
f 2095 1975 1857
f 1795 1856 1193
f 1971 1820 1756
f 1877 1974 1197
f 1401 1400 1979
f 2038 2037 1910
f 1917 12 11
f 1921 1883 1920
f 2002 1999 2000
f 1883 1921 1997
f 1885 1924 1859
f 1964 274 275
f 1929 2009 1928
f 2057 1824 2119
f 2340 1203 1922
f 1937 1747 1746
f 1892 1952 1891
f 1915 268 16
f 1950 1946 1947
f 24 1861 1799
f 1861 23 1826
f 1890 1955 22
f 1955 1890 2022
f 1895 1214 1333
f 1864 1863 2250
f 1807 2359 1817
f 1863 1864 2359
f 1898 1897 1963
f 1865 1381 1899
f 1865 1832 1960
f 1900 1425 1211
f 1901 1960 1832
f 1212 1904 1213
f 1900 1958 1833
f 1867 5 1875
f 1905 1906 1867
f 1904 1835 1213
f 1789 1868 1836
f 1853 1817 1868
f 1841 1836 1873
f 1870 1869 1837
f 1838 1871 1837
f 1870 1783 1803
f 1774 2294 1871
f 1837 1871 1870
f 1873 1811 1872
f 1869 1836 1841
f 1845 4 234
f 1875 4 1844
f 1849 1874 1834
f 2092 2030 2091
f 1875 1849 1905
f 2030 2087 2088
f 2203 2162 2199
f 1908 1973 2034
f 1978 1195 1401
f 1857 1909 2035
f 1981 2036 1878
f 1911 1879 1983
f 2361 1752 1751
f 1880 2361 1910
f 2369 1983 1984
f 1911 1971 1755
f 1750 1749 1914
f 1910 2361 1982
f 1982 1913 2038
f 15 14 1916
f 1991 1990 1881
f 1921 1920 1202
f 2413 1201 1200
f 1924 9 8
f 1925 8 7
f 2097 2363 1919
f 1882 1917 1919
f 1924 1885 9
f 2008 1859 1924
f 2045 1885 1859
f 1925 1927 1924
f 1929 1207 1206
f 2010 1930 2009
f 2057 2058 2011
f 2076 1866 2054
f 2012 2059 1932
f 1934 1745 1744
f 1744 1743 1827
f 1985 2014 2015
f 1858 1912 1985
f 1889 1827 1828
f 20 1952 1951
f 1941 19 18
f 2408 18 294
f 1892 1891 1943
f 1940 1951 2021
f 238 1952 20
f 1941 1891 19
f 268 1915 1989
f 2408 1942 1941
f 1956 2022 1954
f 1826 1956 1829
f 2359 1894 1863
f 1835 1895 1333
f 1963 2250 1835
f 1214 1895 1863
f 1863 1895 2250
f 2250 1895 1835
f 1904 1902 1962
f 1864 1897 1812
f 2250 1963 1897
f 1818 1898 1896
f 1818 1896 2242
f 1900 1899 1425
f 1211 1210 1958
f 1959 1900 1833
f 1901 1832 1959
f 1865 1902 1382
f 1903 1901 2026
f 1896 1898 2407
f 1960 1962 1902
f 1906 1905 1834
f 1875 1905 1867
f 274 2027 6
f 1870 1871 1783
f 1874 1849 1801
f 2247 1834 1874
f 2092 1874 1851
f 1965 1907 1846
f 1907 2087 2030
f 1969 1968 1795
f 1968 1970 2031
f 2034 1973 1974
f 2035 1978 1857
f 1978 1979 1981
f 1979 2036 1981
f 1753 2361 1880
f 1751 1982 2361
f 1982 2038 1910
f 2205 2203 2204
f 1971 1972 1970
f 1754 1911 1755
f 1748 1747 1912
f 1914 2044 1913
f 1985 1912 1937
f 2044 1914 1912
f 1913 1982 1750
f 2062 1988 2061
f 268 1989 17
f 13 1991 1916
f 1917 1882 1991
f 1991 13 12
f 1919 1917 11
f 10 1918 1919
f 12 1917 1991
f 1885 1918 10
f 2097 1918 2045
f 1995 2166 1990
f 2097 1919 1918
f 1882 1919 2363
f 1922 1203 1920
f 1202 1503 1996
f 1931 1205 1933
f 2413 1923 1201
f 1200 1199 2006
f 2049 1923 2419
f 1925 1924 8
f 1926 1925 7
f 7 6 1926
f 1886 2007 1927
f 2008 1927 2052
f 1886 1927 1925
f 1929 1928 1207
f 1930 1928 2009
f 1931 1929 1206
f 1932 2009 1929
f 1412 2053 1414
f 2053 1930 2011
f 1932 1931 1887
f 1933 2055 1887
f 1887 2012 1932
f 1929 1931 1932
f 1204 1933 1205
f 1887 1931 1933
f 1889 1934 1744
f 1888 1934 1935
f 1889 1936 1934
f 2103 1935 1936
f 1934 1936 1935
f 1888 1937 1746
f 1938 2014 1935
f 1938 2015 2014
f 1938 2103 1939
f 2017 1986 2016
f 2024 2023 2066
f 1858 2016 1986
f 1951 2018 2303
f 1890 21 2018
f 2408 1941 18
f 17 2408 294
f 1989 2408 17
f 1893 1942 2408
f 1988 1893 1989
f 1947 1945 1942
f 1942 1893 1947
f 1943 1945 2406
f 1941 1943 1891
f 1950 1947 1893
f 1945 1943 1942
f 1941 1942 1943
f 1947 1946 1945
f 2020 1944 1946
f 2367 1798 2190
f 1944 1945 1946
f 1944 2178 2141
f 2172 2173 2175
f 1949 1950 2062
f 1950 1949 2063
f 20 1951 2303
f 2021 1951 1952
f 1952 238 1891
f 1953 2022 1890
f 1953 1890 2018
f 1954 2022 2064
f 1954 1957 1956
f 1955 2022 1956
f 1957 1954 1830
f 1955 1956 1826
f 1828 1957 1830
f 1829 1956 1957
f 1833 1958 2078
f 1959 1833 2084
f 1899 1900 1959
f 1959 1832 1899
f 1901 1903 1960
f 1962 1960 1903
f 2026 1961 1903
f 1963 1962 2407
f 2407 1962 1903
f 1904 1962 1963
f 1867 1964 275
f 2027 1964 1906
f 2249 1834 2247
f 1965 1846 1966
f 1965 1775 2087
f 2296 1966 1846
f 2244 2241 2239
f 1965 1967 1775
f 2302 2243 2244
f 1907 1965 2087
f 2087 2029 2088
f 2247 2092 2091
f 1969 1795 1820
f 1968 1969 1970
f 1971 1969 1820
f 2031 1970 1876
f 1979 1980 2036
f 1971 1911 1972
f 1969 1971 1970
f 1983 1972 1911
f 1876 1972 2369
f 1974 1973 1198
f 2006 1973 1908
f 1197 1974 1198
f 1975 1909 1857
f 2035 1909 1976
f 1976 1909 1877
f 2094 1909 1975
f 2161 2133 1977
f 2123 2411 1821
f 1978 2035 1195
f 1977 1857 1981
f 1978 1401 1979
f 1857 1978 1981
f 1980 1979 1400
f 1194 1980 1400
f 1980 1855 2032
f 1977 1981 1878
f 2360 1880 1910
f 1910 2037 2042
f 2360 2042 1984
f 1972 1983 2369
f 2360 1984 1983
f 1985 1937 2014
f 2015 1858 1985
f 1912 1858 2044
f 2416 1986 2017
f 1858 1986 2044
f 1913 1750 1914
f 1988 1989 1915
f 1989 1893 2408
f 2061 1988 1915
f 1893 1988 2062
f 2362 1995 1990
f 1993 1990 2166
f 1990 1991 2362
f 2138 2139 2136
f 1993 1881 1990
f 2251 1993 1992
f 1881 1993 2253
f 2135 1992 2111
f 1916 1994 15
f 2046 2097 2045
f 1882 2363 2362
f 1202 1996 2048
f 2048 1921 1202
f 1999 1997 2001
f 2206 2208 1823
f 1921 2048 1997
f 2000 1999 1998
f 2049 1996 1923
f 1999 2001 2420
f 1999 2002 1997
f 2001 2049 2211
f 2001 2048 2049
f 2050 2002 2279
f 2000 2269 2005
f 2005 2002 2000
f 2279 2002 2005
f 2050 1922 1883
f 2275 2270 2412
f 1884 2056 2003
f 2050 2003 1922
f 1441 2340 2004
f 2267 2005 2269
f 2005 2278 2279
f 2266 2413 2006
f 1200 2006 2413
f 1973 2006 1199
f 1886 2079 2007
f 1927 2007 2052
f 2008 2051 2046
f 1932 2059 2009
f 2011 2054 2053
f 1930 2010 2011
f 2057 2011 2010
f 2054 2011 2058
f 2053 2054 1209
f 1800 2075 2076
f 1209 1414 2053
f 1866 1209 2054
f 2055 1933 2004
f 2055 2056 2259
f 1860 2259 2258
f 2013 2059 2060
f 2059 2012 2060
f 1888 2014 1937
f 1935 2014 1888
f 2016 2015 2069
f 2067 1939 2066
f 2037 2039 2041
f 1953 2018 1940
f 1951 1940 2018
f 2368 1940 2021
f 2061 1987 2252
f 2101 2062 2061
f 1946 1950 2063
f 1892 2409 1952
f 2064 2022 1953
f 1830 2065 1936
f 1958 1866 2025
f 2025 2075 2078
f 2078 1958 2025
f 2104 1833 2078
f 1896 1961 2240
f 1964 2027 274
f 2249 1906 1834
f 2090 2091 2030
f 2145 2007 2263
f 2027 1926 6
f 1926 2027 2079
f 1901 2083 2026
f 2087 2081 2029
f 1907 2092 1851
f 2032 2031 2201
f 1968 2032 1855
f 2032 2201 2036
f 2033 2034 1877
f 2094 2411 2033
f 2034 1974 1877
f 2108 2411 2123
f 1976 1196 2035
f 2133 2095 1977
f 2032 2036 1980
f 2201 1878 2036
f 2039 2037 2038
f 2043 2042 2037
f 1984 2042 2205
f 2044 1986 1913
f 2040 2039 2416
f 2041 2040 2096
f 2016 2069 2017
f 2017 2074 2073
f 2096 2151 2109
f 2042 2043 2205
f 2040 2041 2039
f 2043 2037 2041
f 2042 2360 1910
f 2038 1913 1986
f 1885 2045 1918
f 2046 2045 1859
f 2008 2046 1859
f 2047 2046 2163
f 2049 2048 1996
f 1997 2048 2001
f 1997 2002 1883
f 2003 2340 1922
f 2004 2340 2003
f 2266 1908 2414
f 2266 2006 1908
f 2008 2052 2051
f 1930 2053 1412
f 2076 2054 2058
f 2057 2013 1824
f 2055 2259 1860
f 1887 1860 2012
f 2056 2055 2004
f 2003 2056 2004
f 2100 2013 2060
f 2058 2057 2118
f 2057 2010 2013
f 2013 2010 2059
f 2058 2118 2077
f 1824 2182 2146
f 2009 2059 2010
f 2012 2099 2060
f 2100 2099 2112
f 2099 2257 2112
f 1987 2061 1915
f 1893 2062 1950
f 1949 2101 2415
f 2064 2023 2065
f 2023 2024 2065
f 2103 2065 2024
f 2065 2103 1936
f 2023 2191 2190
f 2024 2066 1939
f 2367 2192 2193
f 2068 2017 2069
f 2067 2068 1939
f 2067 2066 1798
f 2068 2067 2070
f 2068 2070 2074
f 1939 2068 2069
f 2074 2070 2072
f 2074 2017 2068
f 2071 2073 2074
f 2071 2074 2072
f 2096 2040 2073
f 2017 2073 2416
f 2076 2075 2025
f 1866 2076 2025
f 2077 2076 2058
f 2077 1800 2076
f 2118 2119 2216
f 1800 2077 2105
f 2080 2027 1906
f 2007 2079 2263
f 2263 2079 2080
f 2027 2080 2079
f 1775 2244 2245
f 2081 2028 2082
f 2084 2104 2028
f 2104 2085 2082
f 2084 2083 1901
f 2246 2083 2028
f 1959 2084 1901
f 1833 2104 2084
f 2075 2085 2078
f 2084 2028 2083
f 2082 2028 2104
f 2075 1800 2085
f 2085 2086 2082
f 2086 2085 1800
f 2086 1800 2105
f 2029 2082 2086
f 2088 2029 2086
f 2030 2088 2090
f 2089 2088 2086
f 2180 2143 2089
f 2088 2089 2090
f 2089 2143 2090
f 2142 2091 2090
f 2092 1907 2030
f 2130 2194 2131
f 2034 2033 2149
f 1909 2094 1877
f 2411 2094 1975
f 2095 1821 1975
f 2094 2033 1877
f 1977 2095 1857
f 2109 2162 2043
f 2151 1796 2109
f 2136 2363 2047
f 2046 2047 2097
f 2138 2136 2110
f 2055 1860 1887
f 1860 2099 2012
f 1824 2013 2100
f 2099 2100 2060
f 2100 2112 2182
f 1822 2113 2415
f 2101 1822 2415
f 2114 1948 2113
f 2101 1949 2062
f 2061 2252 2101
f 2251 2102 1822
f 1993 2111 1992
f 1992 2102 2251
f 2063 2020 1946
f 2063 2116 2365
f 1939 2103 2024
f 2085 2104 2078
f 2144 2180 2181
f 2182 1824 2100
f 2132 2093 2414
f 2129 2108 2107
f 2108 2132 2033
f 2214 2213 2128
f 2051 2187 2163
f 2262 2276 2261
f 1993 2166 2111
f 2165 2139 2138
f 2237 2232 2236
f 2102 2164 2237
f 2102 2113 1822
f 2019 2365 2177
f 2235 2236 2232
f 2116 2115 2167
f 2102 2237 2113
f 2125 2194 2129
f 2116 2167 2177
f 2115 2116 1948
f 2063 1948 2116
f 2236 2115 2114
f 2170 2177 2167
f 2156 2153 2155
f 2167 2168 2140
f 2170 2172 2177
f 2117 2179 2019
f 2105 2089 2086
f 2216 2089 2105
f 2105 2077 2118
f 2105 2118 2216
f 2057 2119 2118
f 2080 1906 2249
f 2181 2180 2217
f 2149 1908 2034
f 2122 2196 2266
f 2107 2108 2123
f 2126 2134 2124
f 2107 2126 2127
f 2174 2214 2173
f 2107 2123 2126
f 2213 2150 2125
f 2194 2125 2131
f 2127 2126 2124
f 2107 2127 2125
f 2123 1821 2126
f 2127 2124 2128
f 2124 1796 2152
f 2152 2151 2155
f 2129 2107 2125
f 2131 2125 2150
f 2188 2130 2131
f 2108 2129 2132
f 2093 2132 2129
f 2201 2031 2202
f 2197 2198 2134
f 1821 2095 2417
f 2417 2134 2126
f 2124 2134 1796
f 2096 2109 2041
f 2109 2043 2041
f 2162 2109 2198
f 2163 2110 2047
f 2052 2186 2185
f 2220 2221 2187
f 2363 2136 1995
f 2110 2136 2047
f 2260 2277 2137
f 2111 2139 2165
f 2189 2172 2170
f 1944 2141 1825
f 1824 2146 2119
f 2181 2106 2144
f 2142 2090 2143
f 2248 2142 2120
f 2142 2143 2144
f 2142 2144 2120
f 2184 2106 2148
f 2217 2146 2147
f 2147 2146 2182
f 2183 2121 2182
f 2148 2147 2121
f 2148 2181 2147
f 2146 2217 2119
f 2148 2121 2219
f 2106 2184 2145
f 2149 2132 2414
f 2214 2176 2173
f 2188 2189 2171
f 2073 2071 2364
f 2151 2152 1796
f 2364 2151 2096
f 2152 2155 2153
f 2124 2152 2128
f 2364 2154 2155
f 2214 2153 2176
f 2152 2153 2128
f 2154 2071 2072
f 2156 2155 2154
f 2156 2154 2418
f 2153 2156 2176
f 2158 2072 2070
f 2366 2418 2160
f 2157 2117 2175
f 2158 2159 2160
f 1798 2367 2159
f 1798 2066 2190
f 2367 2193 2159
f 1798 2159 2158
f 2093 2195 2122
f 1878 2161 1977
f 2162 2198 2199
f 2197 2199 2198
f 2162 2203 2205
f 2221 2163 2187
f 2221 2098 2110
f 2260 2098 2225
f 2166 2139 2111
f 2209 2229 2370
f 2136 2139 1995
f 2139 2166 1995
f 2170 2167 2140
f 2168 2167 2115
f 2206 1823 2195
f 2171 2169 2207
f 2171 2170 2140
f 2189 2173 2172
f 2175 2173 2176
f 2174 2173 2189
f 2174 2150 2213
f 2174 2213 2214
f 2157 2175 2156
f 2177 2117 2019
f 2175 2117 2172
f 2117 2177 2172
f 2365 2178 2020
f 2178 2179 2141
f 2144 2143 2180
f 2216 2180 2089
f 2217 2216 2119
f 2181 2217 2147
f 2106 2181 2148
f 2183 2182 2112
f 2112 2257 2281
f 2182 2121 2147
f 2218 2121 2183
f 2225 2221 2220
f 2187 2051 2185
f 2148 2219 2184
f 2145 2184 2186
f 2185 2184 2219
f 2145 2186 2007
f 2187 2185 2219
f 2052 2185 2051
f 2185 2186 2184
f 2187 2219 2220
f 2186 2052 2007
f 2213 2125 2127
f 2188 2150 2174
f 2188 2171 2130
f 2171 2189 2170
f 2174 2189 2188
f 2064 2191 2023
f 2023 2190 2066
f 2064 1953 2191
f 2222 2367 2190
f 2410 2222 2368
f 2141 2193 1825
f 1825 2193 2192
f 2193 2160 2159
f 2193 2141 2215
f 2193 2215 2160
f 2129 2194 2093
f 2093 2194 2195
f 2122 2195 1823
f 2122 1823 2196
f 2224 2208 2212
f 2206 2130 2207
f 2194 2130 2195
f 2109 1796 2198
f 2134 2198 1796
f 2161 2200 2199
f 2200 2203 2199
f 1878 2200 2161
f 1878 2201 2200
f 1876 2202 2031
f 2201 2202 2200
f 2204 2203 2200
f 2162 2205 2043
f 2369 1984 2204
f 2200 2202 2204
f 2205 2204 1984
f 2168 2236 1797
f 2171 2140 2169
f 2169 2140 2168
f 2168 1797 2169
f 2210 2207 2169
f 2130 2171 2207
f 2210 1797 2223
f 2208 2206 2209
f 2212 2208 2370
f 2000 2226 2269
f 2209 2207 2210
f 2210 2169 1797
f 2229 2209 2210
f 1998 1999 2420
f 1823 2208 2224
f 2212 1998 2420
f 2127 2128 2213
f 2153 2214 2128
f 2215 2157 2366
f 2179 2215 2141
f 2178 2019 2179
f 2216 2217 2180
f 2219 2121 2220
f 2218 2220 2121
f 2220 2218 2225
f 2218 2280 2225
f 2098 2221 2225
f 2163 2221 2110
f 2150 2188 2131
f 1953 1940 2191
f 2368 2191 1940
f 2409 2368 2021
f 2191 2368 2222
f 2191 2222 2190
f 2130 2206 2195
f 2209 2206 2207
f 2212 2370 2227
f 2276 2268 2270
f 2230 2226 2227
f 1797 2235 2223
f 2229 2210 2223
f 2227 1998 2212
f 2224 2196 1823
f 2196 2224 2211
f 2183 2112 2281
f 2260 2225 2280
f 1998 2226 2000
f 2226 2230 2269
f 2230 2227 2370
f 1998 2227 2226
f 2223 2235 2228
f 2231 2233 2228
f 2164 2232 2237
f 2230 2229 2228
f 2230 2370 2229
f 2232 2234 2231
f 2234 2164 2135
f 2135 2265 2412
f 2231 2235 2232
f 2231 2234 2272
f 2223 2228 2229
f 2231 2228 2235
f 2230 2228 2371
f 2164 2234 2232
f 2236 2235 1797
f 2115 2236 2168
f 2113 2237 2114
f 2114 2237 2236
f 2302 2238 2242
f 1779 2239 1808
f 2238 2357 2242
f 2302 2239 2238
f 2244 1967 2241
f 2240 1961 2243
f 2302 2242 2240
f 2239 2241 1808
f 2240 2242 1896
f 1961 2246 2243
f 2245 2028 2081
f 2245 2244 2243
f 1967 2244 1775
f 2239 2302 2244
f 1961 2026 2246
f 2026 2083 2246
f 2245 2081 1775
f 2246 2245 2243
f 2245 2246 2028
f 1791 1779 1793
f 1854 1819 1785
f 2248 2091 2142
f 2264 2080 2249
f 2120 2145 2263
f 2091 2248 2247
f 2248 2264 2247
f 2263 2264 2120
f 2092 2247 1874
f 1972 1876 1970
f 2202 2369 2204
f 2252 1822 2101
f 2253 2251 2252
f 2251 1822 2252
f 1993 2251 2253
f 2253 2252 1987
f 1994 2253 1987
f 2255 2258 2254
f 1884 2259 2056
f 2259 2254 2258
f 2254 2259 1884
f 2279 1884 2050
f 2254 2278 2255
f 2256 2258 2255
f 2258 2257 1860
f 2257 2256 2281
f 2255 2261 2256
f 2258 2256 2257
f 2099 1860 2257
f 2046 2051 2163
f 2261 2260 2280
f 2277 2261 2276
f 2262 2261 2255
f 2264 2263 2080
f 2264 2249 2247
f 2120 2264 2248
f 2154 2364 2071
f 2151 2364 2155
f 1798 2158 2067
f 2070 2067 2158
f 2111 2265 2135
f 2165 2265 2111
f 2419 2266 2196
f 2267 2371 2271
f 2371 2267 2269
f 2371 2269 2230
f 2272 2271 2233
f 2274 2165 2138
f 2267 2271 2268
f 2231 2272 2233
f 2271 2270 2268
f 2412 2272 2234
f 2270 2271 2272
f 2273 2275 2274
f 2137 2274 2138
f 2273 2270 2275
f 2260 2137 2098
f 2273 2274 2137
f 2165 2274 2275
f 2276 2270 2273
f 2165 2275 2265
f 2276 2273 2277
f 2276 2262 2268
f 2137 2277 2273
f 2261 2277 2260
f 2005 2267 2278
f 2135 2412 2234
f 2275 2412 2265
f 2255 2278 2262
f 2279 2278 2254
f 1884 2279 2254
f 2218 2183 2281
f 2256 2280 2281
f 2261 2280 2256
f 2281 2280 2218
f 2282 188 96
f 317 363 316
f 390 363 317
f 699 643 673
f 1096 2287 998
f 811 2284 659
f 2286 964 1043
f 2283 1071 806
f 998 1076 1079
f 2287 1076 998
f 1093 2285 810
f 2287 1096 814
f 1249 2289 1230
f 1235 1232 2290
f 1269 2288 1263
f 595 1284 2291
f 1377 2291 1284
f 1248 1245 1286
f 2292 1229 2289
f 1231 1287 1249
f 2290 2293 1235
f 2293 1288 1235
f 1292 1290 1257
f 1636 1521 1457
f 1636 1457 1424
f 1871 2294 1783
f 2297 2295 1788
f 2297 1793 2301
f 2295 2298 1773
f 1788 1772 2297
f 2300 2299 2404
f 1819 2238 1779
f 1791 1819 1779
f 2296 1806 1843
f 2301 2295 2297
f 1992 2135 2164
f 1992 2164 2102
f 2243 2302 2240
f 105 142 28
f 129 39 120
f 2303 191 193
f 119 128 582
f 223 224 61
f 104 2305 154
f 146 304 148
f 2307 578 107
f 215 2308 214
f 137 169 49
f 172 146 149
f 140 750 199
f 2304 212 126
f 590 593 224
f 273 63 334
f 192 162 193
f 236 162 290
f 217 240 194
f 147 250 200
f 253 170 307
f 223 61 852
f 392 2312 395
f 2313 293 167
f 195 296 297
f 2314 390 391
f 319 2311 186
f 590 224 223
f 2315 2380 380
f 385 384 381
f 389 390 2314
f 132 396 397
f 325 353 417
f 406 458 460
f 420 421 2382
f 325 417 416
f 420 411 431
f 417 412 416
f 424 420 431
f 2316 418 548
f 424 2316 421
f 2317 432 427
f 430 2316 548
f 427 432 426
f 401 399 456
f 459 2307 460
f 2317 423 432
f 489 463 313
f 2319 365 157
f 472 2319 495
f 495 2319 157
f 2318 499 542
f 2320 574 520
f 349 563 527
f 550 2321 551
f 578 2307 579
f 2306 582 183
f 119 2306 155
f 225 591 592
f 754 720 753
f 635 2322 685
f 101 697 48
f 754 753 721
f 665 2322 680
f 2322 743 685
f 783 768 765
f 770 779 772
f 788 2323 919
f 678 791 789
f 792 2324 786
f 2310 921 922
f 817 613 1427
f 761 756 822
f 761 822 766
f 914 966 1114
f 2323 1099 1132
f 2325 906 60
f 788 919 917
f 798 934 972
f 941 1051 940
f 1056 936 1007
f 1120 1056 732
f 1036 1064 1063
f 1080 1081 2326
f 2326 1102 1082
f 2328 2326 1101
f 1163 1160 1165
f 2329 1162 883
f 1247 1225 1254
f 1267 2331 1265
f 1240 1269 1220
f 1183 1360 1403
f 2332 1329 1894
f 1236 1289 1268
f 1310 2330 1263
f 2334 1336 1337
f 1329 2392 1337
f 1311 2334 1338
f 1285 1338 2392
f 2335 1444 840
f 1573 2336 1359
f 2336 1195 1359
f 1404 2338 1525
f 1400 1410 1363
f 1461 2339 1462
f 1543 1474 1416
f 1567 1419 1372
f 2340 1439 1203
f 2342 599 600
f 1541 1525 2337
f 2338 2337 1525
f 1481 1422 1483
f 2343 1686 1316
f 1502 1316 1621
f 1461 2336 1573
f 1483 1567 1485
f 1552 1571 1553
f 1601 1540 1537
f 1581 1582 1638
f 2346 1603 1584
f 1601 1581 1638
f 1601 1638 2345
f 2346 1606 1603
f 1502 1621 1501
f 1662 2347 1621
f 1628 2348 1625
f 2348 1631 1625
f 2349 1629 1628
f 2350 1648 1630
f 1542 1646 1473
f 1651 1590 2397
f 1738 1517 2355
f 2421 1673 1662
f 1316 1684 1662
f 1660 1681 1680
f 1686 2351 1684
f 2351 2352 1623
f 2352 1692 1691
f 2352 1691 1667
f 1684 2351 2421
f 2343 2353 1685
f 2354 1726 1695
f 1683 1738 2355
f 1738 1683 1739
f 2356 16 15
f 2356 1915 16
f 1784 1804 2405
f 1770 1791 1771
f 1804 1806 1805
f 1819 2357 2238
f 1829 2358 1861
f 2332 2359 1807
f 1880 2360 1879
f 1829 1861 1826
f 2361 1753 1752
f 1880 1879 1753
f 1968 1856 1795
f 2360 1983 1879
f 1994 1916 1881
f 2406 1945 1825
f 1994 1987 2356
f 2362 2363 1995
f 1994 1881 2253
f 2340 1441 1439
f 2407 1961 1896
f 2029 2081 2082
f 2411 2108 2033
f 2149 2033 2132
f 2363 2097 2047
f 2063 2365 2020
f 2178 2365 2019
f 2365 2116 2177
f 2115 1948 2114
f 2120 2144 2106
f 1821 2417 2126
f 2417 2133 2197
f 2120 2106 2145
f 2073 2364 2096
f 2158 2160 2418
f 2157 2215 2179
f 2367 2222 2192
f 2368 2409 2410
f 2211 2419 2196
f 2417 2197 2134
f 2369 2202 1876
f 2370 2208 2209
f 2215 2366 2160
f 2117 2157 2179
f 2233 2371 2228
f 2050 1884 2003
f 2262 2278 2268
f 2372 150 105
f 2 188 2282
f 2304 130 115
f 130 2304 129
f 129 2304 125
f 20 2303 193
f 24 25 135
f 103 76 143
f 2373 433 298
f 196 197 215
f 168 2375 216
f 195 241 299
f 258 2375 217
f 331 330 377
f 2377 401 285
f 98 2374 314
f 2376 2378 479
f 2379 348 402
f 272 379 158
f 2380 131 381
f 2376 343 283
f 419 2382 324
f 2381 451 456
f 479 2378 478
f 591 478 2378
f 406 489 458
f 2383 540 567
f 524 561 459
f 337 2378 2376
f 2378 337 592
f 2384 697 101
f 1136 1138 1139
f 635 680 2322
f 2386 1427 1489
f 2385 762 686
f 2387 695 830
f 2387 784 1005
f 788 2388 1099
f 932 2389 1006
f 906 333 60
f 855 69 68
f 941 870 831
f 995 2287 996
f 695 2387 1005
f 1030 1036 1034
f 787 2388 788
f 1038 942 1060
f 1038 1060 1039
f 1073 1075 1078
f 1073 1078 1077
f 1073 1077 1067
f 1102 2388 1049
f 1098 1136 1139
f 1121 1125 1124
f 849 1130 63
f 1098 1156 1134
f 2390 1106 1105
f 1126 1153 1155
f 614 1346 1486
f 1215 1285 2392
f 1337 2391 1335
f 1337 2392 2334
f 1264 1379 1305
f 1474 2393 1542
f 2335 841 1446
f 1462 1411 1409
f 2343 1502 1500
f 1402 2395 1360
f 1530 2394 1435
f 2395 1402 1526
f 1570 1568 1485
f 2395 1403 1360
f 1386 1616 1590
f 2400 1659 1606
f 1611 2345 1644
f 1386 1590 1650
f 1635 2396 1649
f 1646 1542 2396
f 2396 1542 2393
f 1651 2397 1643
f 1688 2398 1670
f 2399 1592 1657
f 1665 1660 2400
f 1671 1659 2399
f 2400 2399 1659
f 2401 1683 1672
f 2401 1670 2398
f 1670 2401 1593
f 1674 1673 2421
f 2398 1318 1739
f 1674 2421 1642
f 1623 1689 1642
f 1623 2352 1690
f 2402 1709 1694
f 1709 2402 1706
f 2403 1706 2402
f 1425 1734 1211
f 1930 1208 1928
f 1842 2404 2298
f 1789 1836 1803
f 189 2405 3
f 1845 2405 1804
f 2406 2410 1892
f 10 1919 11
f 1938 1939 2069
f 1938 2069 2015
f 1892 1943 2406
f 2410 2409 1892
f 2415 2063 1949
f 1903 1961 2407
f 1963 2407 1898
f 2411 1975 1821
f 2413 2266 2419
f 2409 2021 1952
f 2031 2032 1968
f 2039 1986 2416
f 2002 2050 1883
f 2414 1908 2149
f 1948 2415 2113
f 2415 1948 2063
f 2040 2416 2073
f 2138 2110 2098
f 2133 2417 2095
f 2161 2199 2197
f 2137 2138 2098
f 2122 2266 2414
f 2414 2093 2122
f 2418 2154 2072
f 2156 2418 2366
f 2156 2366 2157
f 2156 2175 2176
f 2410 2406 2192
f 1825 2192 2406
f 2049 2419 2211
f 2161 2197 2133
f 2420 2211 2224
f 2420 2001 2211
f 2212 2420 2224
f 2371 2233 2271
f 2272 2412 2270
f 2267 2268 2278
f 1292 1257 1287
f 2300 2404 1784
f 2298 2404 2299
f 2380 381 380
f 385 381 477
f 366 2382 421
f 2382 366 324
f 1052 1126 1155
f 1623 2421 2351
f 1 2405 2
f 1825 1945 1944
f 2038 1986 2039
f 2158 2418 2072

