# https://github.com/mikedh/trimesh
v 0.39077010 1.16626200 -0.50957460
v 0.38018520 1.15473500 -0.51625420
v 0.38071670 1.13214400 -0.51618310
v 0.37715650 1.10081000 -0.51864960
v 0.37895220 1.07827300 -0.51681650
v 0.38866720 1.01519600 -0.52365600
v 0.40018770 0.99443840 -0.52545830
v 0.40540480 0.97326910 -0.53008550
v 0.41395430 0.95674970 -0.53076250
v 0.43089140 0.92995400 -0.52873390
v 0.43927000 0.90715100 -0.52789290
v 0.44489690 0.88704300 -0.52478900
v 0.44851860 0.86605960 -0.52137870
v 0.45077440 0.84593710 -0.51939640
v 0.45340230 0.82814340 -0.51631720
v 0.45638530 0.80832670 -0.51501090
v 0.46156830 0.76762120 -0.51138140
v 0.46520500 0.72887820 -0.51239080
v 0.46953070 0.70890630 -0.51180130
v 0.47206270 0.66333150 -0.52231770
v 0.48862440 0.63452750 -0.52350830
v 0.49265970 0.61854210 -0.52849150
v 0.49465410 0.58995470 -0.53257420
v 0.48966190 0.57587260 -0.53100380
v 0.48338610 0.56388620 -0.52963910
v 0.48378940 0.56177230 -0.52875570
v 0.48364060 0.56027680 -0.52695530
v 0.47223160 0.56009150 -0.53610680
v 0.46669050 0.56529270 -0.54772020
v 0.46492550 0.56813010 -0.55913890
v 0.46509790 0.57207540 -0.57243290
v 0.46681020 0.57305120 -0.58707220
v 0.46451230 0.57241450 -0.60012720
v 0.45078300 0.56621220 -0.60069290
v 0.44327160 0.56076090 -0.58739310
v 0.43671010 0.55548340 -0.57349380
v 0.42730660 0.55087140 -0.56022120
v 0.41153930 0.54585610 -0.55429000
v 0.39717360 0.54158130 -0.54498450
v 0.38239010 0.53893700 -0.53509000
v 0.36735900 0.53648970 -0.52656340
v 0.35298050 0.53250920 -0.51914610
v 0.33758320 0.52834580 -0.51055460
v 0.31842110 0.52646700 -0.50107460
v 0.29378240 0.52862050 -0.49065520
v 0.26220110 0.53732020 -0.47736150
v 0.23702880 0.54926300 -0.49175030
v 0.24731360 0.58045410 -0.47961460
v 0.26178920 0.61218400 -0.48422830
v 0.26281630 0.62758650 -0.48259170
v 0.26271200 0.64543360 -0.48809910
v 0.26439230 0.66234600 -0.48866910
v 0.25405010 0.71601680 -0.48966400
v 0.23577550 0.74273770 -0.49581690
v 0.23334430 0.75852630 -0.50095420
v 0.22481730 0.78867390 -0.50642050
v 0.21939520 0.80372690 -0.51087340
v 0.20790260 0.83658540 -0.51901440
v 0.20309160 0.85541670 -0.51772150
v 0.19981340 0.87511590 -0.51536490
v 0.19796250 0.91769030 -0.51212020
v 0.19104910 0.99012670 -0.50435940
v 0.18771390 1.00606300 -0.50298170
v 0.18507820 1.02837800 -0.50165830
v 0.18683060 1.05057300 -0.49976060
v 0.17441190 1.05919600 -0.49115500
v 0.17629710 1.07731700 -0.48959160
v 0.17853170 1.09565100 -0.48852040
v 0.17090890 1.10575100 -0.48250300
v 0.17828310 1.13295500 -0.48318370
v 0.18447710 1.15241700 -0.47759650
v 0.19133350 1.17609400 -0.47427470
v 0.19937110 1.18659200 -0.45966110
v 0.21461720 1.23407100 -0.42709960
v 0.22920670 1.23757800 -0.43841920
v 0.24514470 1.24837700 -0.44423250
v 0.26169710 1.26604600 -0.44491780
v 0.27575200 1.29082000 -0.43869110
v 0.28949600 1.31790400 -0.43029410
v 0.30301370 1.34359600 -0.42227310
v 0.32560590 1.36327100 -0.41070130
v 0.34936490 1.36555200 -0.39252780
v 0.35139410 1.36451000 -0.40862160
v 0.36602790 1.35634600 -0.41970850
v 0.37565270 1.35459000 -0.43317340
v 0.36447270 1.35729300 -0.45419680
v 0.35126660 1.34823000 -0.46339460
v 0.34061210 1.33263000 -0.47065180
v 0.33369070 1.31423900 -0.47513780
v 0.32717250 1.29512600 -0.48114960
v 0.32133960 1.27376200 -0.48924680
v 0.31899810 1.25080400 -0.50177040
v 0.32054600 1.22764400 -0.51396030
v 0.32787330 1.20724800 -0.52242500
v 0.34189250 1.18842700 -0.52558190
v 0.36188620 1.17434800 -0.52015060
v 0.46378590 0.59588270 -0.54393480
v 0.34189320 0.63334680 -0.54170560
v 0.31132970 0.57600120 -0.51453790
v 0.28430480 0.55464630 -0.49754700
v 0.23801770 0.56633230 -0.48876990
v 0.23861530 1.21502600 -0.46757760
v 0.24190770 1.23424000 -0.45355660
v 0.34476470 1.36048600 -0.42572690
v 0.46507650 0.57600930 -0.54399520
v 0.46012510 0.60024210 -0.57302190
v 0.42194080 0.64169270 -0.58049090
v 0.35951070 1.35900600 -0.43602910
v 0.32098000 0.54119730 -0.51305210
v 0.28020590 0.54024080 -0.49154170
v 0.32428670 1.35440700 -0.42386390
v 0.27619680 1.27567700 -0.44919350
v 0.46378020 0.58761540 -0.57840090
v 0.31139440 1.32932300 -0.43387700
v 0.40022210 0.58945570 -0.54907370
v 0.30169800 0.53682320 -0.50134740
v 0.46478350 0.58832320 -0.59329750
v 0.33626480 1.33595300 -0.45540390
v 0.35233660 0.55321950 -0.52615240
v 0.38601620 0.55555800 -0.54005510
v 0.34077430 0.53815130 -0.51845780
v 0.44209340 0.57546490 -0.59366200
v 0.33162690 1.32235800 -0.46386180
v 0.32366210 1.32321500 -0.44936630
v 0.42374600 0.56367500 -0.55908780
v 0.43102750 0.57551730 -0.57761300
v 0.32281090 1.30519000 -0.46700320
v 0.33318990 0.55433410 -0.52453300
v 0.40653950 0.56349810 -0.55103440
v 0.39402020 0.57330100 -0.54582130
v 0.30791500 0.95237150 -0.53269830
v 0.28625590 1.07199500 -0.53380160
v 0.32648640 1.13809400 -0.54211650
v 0.47470000 0.61770770 -0.54103770
v 0.48112500 0.58863510 -0.54218630
v 0.44901340 0.71104080 -0.57409490
v 0.28093780 0.59370580 -0.48760650
v 0.27494070 0.57535030 -0.48360570
v 0.26567790 0.55911560 -0.47825350
v 0.21721500 1.19727400 -0.46327510
v 0.26756590 1.19592600 -0.50997510
v 0.47814460 0.57462950 -0.53938860
v 0.25957230 1.24819800 -0.45723120
v 0.25090800 1.22913700 -0.46601720
v 0.27455840 1.25753000 -0.46220230
v 0.28773560 1.23930200 -0.48760250
v 0.25093700 1.21292000 -0.48122020
v 0.26887570 1.23848900 -0.47332010
v 0.28899460 1.25328100 -0.47755240
v 0.45827650 0.59043440 -0.55561360
v 0.45375950 0.58873200 -0.60159820
v 0.31373920 0.55993400 -0.51847380
v 0.32626210 0.57429410 -0.52771970
v 0.33046070 1.34318000 -0.43580890
v 0.37110110 0.55537440 -0.53327150
v 0.27623930 0.84101570 -0.53788780
v 0.37931540 0.88195840 -0.54614680
v 0.26045030 0.94398650 -0.53584240
v 0.22795610 1.08708000 -0.52093130
v 0.34465370 1.17193700 -0.52719860
v 0.35552970 1.14262600 -0.52681830
v 0.46280270 0.64808430 -0.53310570
v 0.48312650 0.61580520 -0.53433470
v 0.48443840 0.60364350 -0.54068290
v 0.47488730 0.60269540 -0.54404810
v 0.47174010 0.58851870 -0.54039850
v 0.45438780 0.71232520 -0.54180720
v 0.28207840 0.66035280 -0.49970740
v 0.25641230 0.59461720 -0.48844340
v 0.22883170 1.17432700 -0.49799070
v 0.20565130 1.18156800 -0.47861950
v 0.30666690 1.25740600 -0.48854110
v 0.28623080 1.22096000 -0.50083070
v 0.46268120 0.60377860 -0.59094080
v 0.43748430 0.59152920 -0.59226330
v 0.44858780 0.60938760 -0.60036010
v 0.29318110 0.57039240 -0.50355560
v 0.29790030 0.58473120 -0.50305590
v 0.30922790 0.60997080 -0.51969430
v 0.31841630 0.59204230 -0.52425500
v 0.30184400 0.55129500 -0.50931300
v 0.34418280 0.60168280 -0.53876540
v 0.35252130 0.58511700 -0.53502370
v 0.33353490 0.59071310 -0.53382800
v 0.32605130 0.61139560 -0.53156220
v 0.43765860 0.83889350 -0.54959910
v 0.38434410 0.95977630 -0.53664740
v 0.36722430 1.16314600 -0.51978270
v 0.37145290 1.14233200 -0.52050780
v 0.35576610 1.12537400 -0.52571950
v 0.47809210 0.62952190 -0.53178860
v 0.47112070 0.63327430 -0.53620340
v 0.46815700 0.64732430 -0.52946410
v 0.27514220 0.70490250 -0.49957390
v 0.26997480 0.73706080 -0.50996330
v 0.28531050 0.63057720 -0.49636050
v 0.27906370 0.64443880 -0.49495630
v 0.21825380 1.22327800 -0.44215360
v 0.22407700 1.21495300 -0.45570410
v 0.23880900 1.19432800 -0.48979240
v 0.20465350 1.14759100 -0.49919320
v 0.20179380 1.16135800 -0.48432430
v 0.32050840 1.19968600 -0.52479250
v 0.30673830 1.21563100 -0.51492660
v 0.30609870 1.23670100 -0.50238780
v 0.28851860 1.20552200 -0.51350790
v 0.30056230 1.17637500 -0.53550800
v 0.28559300 1.18853700 -0.52496500
v 0.30591250 1.19546300 -0.52596620
v 0.43439070 0.60906360 -0.59227210
v 0.42762700 0.59529830 -0.57801720
v 0.42239160 0.59157910 -0.56302090
v 0.28973510 0.60878360 -0.49652300
v 0.30156850 0.62004450 -0.50932730
v 0.29651320 0.63901620 -0.50546010
v 0.29793760 0.65546470 -0.51043780
v 0.27832930 0.68502830 -0.50021660
v 0.23970860 0.81059230 -0.51919440
v 0.21785230 0.81888620 -0.51816810
v 0.23362780 0.82872170 -0.52577280
v 0.26103020 0.81665870 -0.52362010
v 0.45163670 0.80054290 -0.53176590
v 0.20875810 0.93524500 -0.51877380
v 0.21842540 0.91704970 -0.52378250
v 0.37528600 0.99429070 -0.53066390
v 0.37019210 1.03069500 -0.52410190
v 0.39987360 0.94876250 -0.53868870
v 0.38234260 0.97825330 -0.53307740
v 0.41524410 0.93749760 -0.53754550
v 0.19588070 1.07256400 -0.50154690
v 0.35891030 1.08550600 -0.52242140
v 0.36267440 1.06720900 -0.52158370
v 0.34486030 1.15301700 -0.53051720
v 0.37178140 1.11942600 -0.51835890
v 0.33846970 1.13123100 -0.53400250
v 0.46352450 0.66235500 -0.52940630
v 0.45617070 0.60515890 -0.55770180
v 0.46772910 0.69168100 -0.51772280
v 0.46045150 0.71754020 -0.52466060
v 0.25980040 0.70238440 -0.49074440
v 0.25325630 0.73233440 -0.49479050
v 0.24760860 0.76771410 -0.50819540
v 0.24553380 0.78455970 -0.51199790
v 0.26665600 0.79879330 -0.52501860
v 0.26440770 0.68272320 -0.49151540
v 0.23518350 1.20186400 -0.47983150
v 0.22032110 1.18728700 -0.48409410
v 0.24727080 1.18455900 -0.50644560
v 0.27071810 1.21069600 -0.49880690
v 0.25429300 1.20407400 -0.49256030
v 0.21384710 1.17141700 -0.48727860
v 0.19198230 1.14280000 -0.49077730
v 0.21731940 1.16073200 -0.50152150
v 0.46116080 0.61385770 -0.58976080
v 0.42551730 0.61780230 -0.57749920
v 0.31294490 0.65716510 -0.52052200
v 0.30941970 0.67785300 -0.52601460
v 0.29166540 0.69220640 -0.51538600
v 0.30246010 0.70342350 -0.52668380
v 0.32843410 0.64793450 -0.53042870
v 0.31202250 0.64046140 -0.51812010
v 0.22320140 0.84947270 -0.52390800
v 0.21767170 0.86524730 -0.52460140
v 0.22350860 0.88154980 -0.52773030
v 0.23685640 0.79714460 -0.51342150
v 0.25167460 0.80036050 -0.51698380
v 0.44838620 0.83543930 -0.53080030
v 0.45762390 0.79115880 -0.51517880
v 0.45677820 0.78055410 -0.52634470
v 0.19780960 0.95519500 -0.50858940
v 0.20556800 0.97946110 -0.51281390
v 0.24059710 0.95641870 -0.52786960
v 0.20913540 1.00000500 -0.51381630
v 0.38762480 1.03637100 -0.51850570
v 0.37736690 1.05437700 -0.51879650
v 0.36584290 0.96549810 -0.53322040
v 0.42699970 0.89730620 -0.54379920
v 0.19321430 1.09005700 -0.49723250
v 0.19474800 1.10577000 -0.49683460
v 0.21228170 1.08885900 -0.51164570
v 0.21685050 1.07241500 -0.51409550
v 0.34274130 1.07106300 -0.52570760
v 0.35431980 1.05006300 -0.52445690
v 0.35407140 1.10769400 -0.52321600
v 0.33826970 1.11397100 -0.53473710
v 0.46077260 0.62275920 -0.54136840
v 0.45221660 0.64881030 -0.55550270
v 0.45714610 0.63927830 -0.54121120
v 0.45673370 0.68806700 -0.53688640
v 0.45823220 0.66918490 -0.53474580
v 0.45152890 0.67967360 -0.55515790
v 0.45385540 0.65857370 -0.54600410
v 0.45671230 0.72484140 -0.53485880
v 0.46047330 0.75406320 -0.51749980
v 0.26978540 0.71970030 -0.50003960
v 0.29249650 0.73950390 -0.52021710
v 0.28807020 0.71729580 -0.51179000
v 0.27550620 0.74593360 -0.51735470
v 0.25463220 0.75148490 -0.50393370
v 0.23113950 0.77373040 -0.50455110
v 0.27850910 0.76985060 -0.52792140
v 0.25398930 1.15636800 -0.53248620
v 0.27584790 1.16958200 -0.53548950
v 0.26824700 1.22245900 -0.48666230
v 0.19265870 1.12316900 -0.49308860
v 0.21910310 1.14734700 -0.51252430
v 0.23632300 1.16412200 -0.51674530
v 0.23464350 1.14171200 -0.52795360
v 0.26079960 1.17763300 -0.52253470
v 0.44735280 0.61825490 -0.59986620
v 0.43156060 0.62488130 -0.59159340
v 0.41997850 0.60977650 -0.56337390
v 0.38815990 0.66027640 -0.55125950
v 0.32563360 0.62994210 -0.53103110
v 0.24474140 0.88700150 -0.53451160
v 0.25938290 0.85371770 -0.53743690
v 0.26077580 0.87069140 -0.53831590
v 0.43556050 0.87506320 -0.54093460
v 0.43499930 0.85435070 -0.54777380
v 0.41477580 0.88583750 -0.55181160
v 0.39929400 0.87525330 -0.55376810
v 0.42226150 0.86518700 -0.55393490
v 0.41757180 0.84779270 -0.56018960
v 0.42617860 0.82718820 -0.56297260
v 0.45535820 0.76700610 -0.53284960
v 0.44951390 0.78803780 -0.54301410
v 0.44430090 0.80491960 -0.54931110
v 0.21685120 0.95931850 -0.52114060
v 0.22225760 0.98109140 -0.52111250
v 0.23179340 0.99708220 -0.52311910
v 0.24602350 0.98520110 -0.52736680
v 0.24057310 1.00711500 -0.52451470
v 0.19324450 0.89829380 -0.50934140
v 0.20147980 1.02022200 -0.50985970
v 0.19970440 1.03940000 -0.50808480
v 0.23292860 1.02859100 -0.52213420
v 0.35277270 1.02673300 -0.52734970
v 0.20534480 1.11524600 -0.50838150
v 0.20534800 1.10050700 -0.50815790
v 0.23742360 1.09932600 -0.53084460
v 0.24773430 1.06502900 -0.52655070
v 0.20676160 1.05521800 -0.51016280
v 0.33610120 1.05214600 -0.52717740
v 0.30646160 1.07470600 -0.53282890
v 0.32207120 1.11897300 -0.54388500
v 0.46471890 0.61078750 -0.54109050
v 0.45342560 0.63180740 -0.55440890
v 0.45953420 0.61568060 -0.57543940
v 0.45809260 0.62646030 -0.59062740
v 0.45633750 0.69723420 -0.53266380
v 0.46192170 0.67832620 -0.52744350
v 0.45142280 0.69978230 -0.55534560
v 0.46086390 0.74462800 -0.52703570
v 0.30120730 0.72555450 -0.52917660
v 0.26393530 0.78213670 -0.51673550
v 0.20697240 1.13264300 -0.50406900
v 0.40794260 0.60240970 -0.55362940
v 0.38117430 0.62511910 -0.54862180
v 0.32188380 0.69079890 -0.53088510
v 0.22916870 0.90381590 -0.52926860
v 0.23920610 0.86368480 -0.53339380
v 0.31163600 0.87451720 -0.53699180
v 0.27944700 0.85874950 -0.54047440
v 0.40404230 0.86136900 -0.55638570
v 0.39155360 0.89443340 -0.54939630
v 0.40491890 0.82953040 -0.56326170
v 0.44335100 0.82298120 -0.54648200
v 0.44993060 0.81651350 -0.53232870
v 0.21655710 1.03693400 -0.51625820
v 0.21938720 1.01485200 -0.51851370
v 0.21988700 1.10462300 -0.51688410
v 0.23057470 1.11015200 -0.52872840
v 0.23225130 1.07032100 -0.52130580
v 0.22942240 1.05412800 -0.52101360
v 0.24943530 1.02045600 -0.52562020
v 0.26623870 1.00909300 -0.52971800
v 0.26046250 0.99587180 -0.52968400
v 0.26767060 0.97811840 -0.53301350
v 0.25723000 0.96106980 -0.53353740
v 0.27793210 0.95899990 -0.53613400
v 0.29031640 0.93998290 -0.53482650
v 0.26468800 0.92409350 -0.53752710
v 0.28111780 0.99535020 -0.53216270
v 0.27839590 0.93659970 -0.53822090
v 0.28342350 0.91835170 -0.53908280
v 0.30156380 0.98366230 -0.53170960
v 0.27276560 0.90476030 -0.53893220
v 0.25341370 0.90528730 -0.53579660
v 0.30134700 0.89025080 -0.53576020
v 0.28318900 0.88066120 -0.54087370
v 0.26726070 0.89001460 -0.53884750
v 0.31443250 1.03887600 -0.52966210
v 0.30206470 1.01687300 -0.53057940
v 0.29074270 1.03223000 -0.53030240
v 0.32069980 1.06362000 -0.52932300
v 0.27613520 1.05127500 -0.53034630
v 0.26450530 1.06202100 -0.53026300
v 0.25131660 1.04389900 -0.52661940
v 0.31243200 1.09325900 -0.53735860
v 0.28175510 1.13844200 -0.54792290
v 0.32439580 1.10307000 -0.53771500
v 0.45794010 0.62711360 -0.57133220
v 0.21922170 1.12479200 -0.52026390
v 0.36291200 0.59831590 -0.53979580
v 0.37516390 0.58569250 -0.54231260
v 0.41588340 0.63637650 -0.56367220
v 0.40203460 0.61930680 -0.55266780
v 0.35366080 0.64758820 -0.54674630
v 0.25650300 0.83400580 -0.53301080
v 0.38060940 0.93674480 -0.54042310
v 0.43830510 0.79281210 -0.56343080
v 0.44895480 0.75993460 -0.55707880
v 0.44697610 0.74231560 -0.56773070
v 0.45155150 0.72075740 -0.56112870
v 0.44019970 0.77911160 -0.56566610
v 0.44862680 0.77584160 -0.55080620
v 0.45581150 0.75503020 -0.54093080
v 0.38502890 0.79674190 -0.55286040
v 0.43349850 0.81154350 -0.56209770
v 0.41709920 0.80735800 -0.56920790
v 0.40345910 0.81934590 -0.56520160
v 0.31824000 0.75092890 -0.54176820
v 0.40428070 0.74477160 -0.57023400
v 0.39850110 0.80445190 -0.56690370
v 0.30857680 0.74753250 -0.53278780
v 0.40369620 0.78255080 -0.57077610
v 0.42371450 0.76990870 -0.57673140
v 0.43998100 0.75932130 -0.57148130
v 0.38840430 0.77508720 -0.55411220
v 0.38499030 0.83334940 -0.55305700
v 0.42015770 0.79102370 -0.57235710
v 0.40269510 0.76673520 -0.57080060
v 0.28985340 0.75599610 -0.53000450
v 0.35851450 0.97821220 -0.53221220
v 0.33821670 0.98332820 -0.53298410
v 0.30124180 0.90918660 -0.53496590
v 0.30057160 1.00139100 -0.53108960
v 0.28551100 1.01363100 -0.53099990
v 0.24542040 1.08418000 -0.52932330
v 0.27371350 1.09937000 -0.54197770
v 0.25560110 1.09701000 -0.53757820
v 0.25005750 1.11191900 -0.54035630
v 0.26596650 1.08127000 -0.53457230
v 0.28162630 1.08993500 -0.53909390
v 0.26840120 1.02820600 -0.52871350
v 0.32557480 1.08337300 -0.53060280
v 0.27031730 1.15132900 -0.54291130
v 0.29170920 1.15756300 -0.54346010
v 0.25830650 1.13112700 -0.54367030
v 0.31214470 1.15914300 -0.54083010
v 0.31000560 1.12504200 -0.54866130
v 0.28343270 1.11311100 -0.54679340
v 0.29932390 1.14335600 -0.54768230
v 0.29147720 1.10123500 -0.54374900
v 0.26643820 1.10923900 -0.54360830
v 0.30500320 1.11069600 -0.54544510
v 0.38405530 0.60516570 -0.54808160
v 0.40612370 0.64884030 -0.55700650
v 0.41449260 0.67884250 -0.57722730
v 0.41644400 0.65668060 -0.57034290
v 0.45034360 0.69626750 -0.57687590
v 0.33922510 0.65090060 -0.54100490
v 0.37575270 0.64723110 -0.54940020
v 0.33004560 0.66743560 -0.53230500
v 0.33734770 0.68070240 -0.54176010
v 0.34610470 0.66402700 -0.54631950
v 0.36444070 0.66404830 -0.55053490
v 0.24066450 0.84539850 -0.53283260
v 0.38112200 0.91405590 -0.54386370
v 0.36403850 0.92611990 -0.53690760
v 0.33701840 0.92356800 -0.54022580
v 0.35248100 0.91720690 -0.53853550
v 0.36433560 0.83426250 -0.54965620
v 0.31790830 0.73155050 -0.53836890
v 0.34779480 0.74609330 -0.54583010
v 0.44115900 0.72882480 -0.57936480
v 0.30293780 0.92986790 -0.53338540
v 0.32280220 0.99116130 -0.53199620
v 0.32174210 1.01446200 -0.53042760
v 0.29791570 1.08686000 -0.53745500
v 0.23906450 1.12393400 -0.53340980
v 0.24921580 1.14073400 -0.53725050
v 0.32197300 1.18053200 -0.53194100
v 0.32849680 1.15847000 -0.53675690
v 0.31345950 1.14170900 -0.54629140
v 0.27180290 1.12283500 -0.54698520
v 0.45146650 0.66367330 -0.56489980
v 0.36752300 0.61273480 -0.54339240
v 0.39797050 0.63806710 -0.55244650
v 0.36383630 0.63175730 -0.54592180
v 0.34719350 0.69494820 -0.54931650
v 0.32133380 0.91594480 -0.53615350
v 0.32427670 0.89420020 -0.53825560
v 0.34136590 0.90543010 -0.54243950
v 0.35778550 0.89253440 -0.54110600
v 0.30027920 0.85933180 -0.53926860
v 0.29389160 0.87392970 -0.53989750
v 0.32412120 0.93843540 -0.53594060
v 0.36222520 0.94850380 -0.53461510
v 0.36499650 0.86430050 -0.54542820
v 0.37239630 0.84883130 -0.54890090
v 0.38255290 0.86496380 -0.54969160
v 0.28091910 0.78636690 -0.52545170
v 0.29407730 0.77686070 -0.53553690
v 0.30757820 0.78522330 -0.54015800
v 0.32158250 0.76687180 -0.54296290
v 0.32006540 0.78243450 -0.54316140
v 0.33832320 0.76947220 -0.54214200
v 0.36997600 0.78722560 -0.55563670
v 0.35317660 0.78237090 -0.55361410
v 0.30692550 0.76724380 -0.54035050
v 0.32125180 0.71480300 -0.53456570
v 0.33749280 0.72676590 -0.54265330
v 0.36089560 0.73008730 -0.55085010
v 0.36610200 0.75011610 -0.55404030
v 0.35132610 0.71290110 -0.54882110
v 0.33011220 0.74785460 -0.54173600
v 0.43298620 0.74598840 -0.57997040
v 0.40339180 0.72505380 -0.56533770
v 0.41598600 0.72603080 -0.58002290
v 0.39536060 0.73622210 -0.55878360
v 0.37045590 0.76893900 -0.55662180
v 0.40722190 0.67017130 -0.55978260
v 0.40467400 0.68300630 -0.55924110
v 0.38475010 0.69110450 -0.55170550
v 0.45140610 0.68174830 -0.58009170
v 0.45540770 0.63890910 -0.59054480
v 0.37710060 0.67919050 -0.54970170
v 0.35584820 0.68208590 -0.55083510
v 0.33555940 0.70356660 -0.53983750
v 0.40358340 0.90468910 -0.54963390
v 0.39739830 0.92512860 -0.54542570
v 0.41717420 0.91548150 -0.54440990
v 0.29666800 0.84198180 -0.53912990
v 0.31418920 0.84410750 -0.53859720
v 0.29202890 0.82808500 -0.53741580
v 0.27819810 0.82336590 -0.53347300
v 0.35421120 0.84973720 -0.54735800
v 0.32981010 0.87082250 -0.53958090
v 0.30590530 0.80042260 -0.53907850
v 0.33114700 0.95542180 -0.53554610
v 0.34275920 0.93822860 -0.53823870
v 0.36340160 0.87768110 -0.54320750
v 0.34473730 0.88216520 -0.54481730
v 0.39168210 0.84838320 -0.55502470
v 0.36366170 0.80325570 -0.55293640
v 0.35245290 0.81991060 -0.54808460
v 0.37565830 0.81867810 -0.54918480
v 0.33797330 0.79060340 -0.54307800
v 0.32083940 0.80580110 -0.54150890
v 0.31210820 0.82444240 -0.53919680
v 0.33491830 0.81300830 -0.54308000
v 0.33210130 0.82981240 -0.54249910
v 0.34538730 0.80098160 -0.54931650
v 0.37249980 0.71462160 -0.55173350
v 0.38819730 0.72172420 -0.55504310
v 0.36442290 0.69888940 -0.55192620
v 0.38919250 0.75452060 -0.55487200
v 0.43675250 0.71086540 -0.58574670
v 0.39799780 0.69507680 -0.55639060
v 0.41088850 0.69372900 -0.56977880
v 0.45644630 0.64607140 -0.57316820
v 0.44612710 0.63006550 -0.59799200
v 0.31611320 0.85970330 -0.53769920
v 0.33335630 0.85014100 -0.54123090
v 0.34621640 0.83610110 -0.54574390
v 0.28980930 0.79583280 -0.53120660
v 0.31840620 0.96982830 -0.53285870
v 0.34709340 0.86585770 -0.54580930
v 0.38416680 0.70420610 -0.55246970
v 0.38026270 0.73525580 -0.55402650
v 0.40081230 0.70868440 -0.56021080
v 0.43633430 0.69067490 -0.58998470
v 0.42268090 0.70567160 -0.58622330
v 0.41277400 0.70594900 -0.57625260
v 0.45377630 0.66650580 -0.57946710
v 0.44999720 0.65545220 -0.59159500
v 0.43538770 0.64649340 -0.59616340
v 0.42985550 0.66939990 -0.59331600
v 0.42057780 0.68810030 -0.58800300
v 0.44244690 0.67417940 -0.59177640
v 0.34407980 0.57014760 -0.53254240
v 0.29590640 1.30849800 -0.43942500
v 0.31088070 1.31061400 -0.44829380
v 0.29410790 1.29355200 -0.44886480
v 0.30489180 1.27570300 -0.47326280
v 0.29187960 1.27491300 -0.46227690
v 0.30819720 1.29399300 -0.46077430
v 0.31765820 1.29034700 -0.47375820
v 0.23317430 0.93896520 -0.52736510
v 0.35096580 0.99750890 -0.53086090
v 0.35943370 1.01085800 -0.52931950
v 0.24499660 0.92258860 -0.53311850
v 0.35566320 0.76356590 -0.55255740
v 0.15544280 1.10919600 -0.28239420
v 0.15017090 1.08296100 -0.29642120
v 0.15132920 1.06549000 -0.30612120
v 0.14907620 1.01202700 -0.31077130
v 0.14744070 0.99337410 -0.30910320
v 0.14407790 0.97385980 -0.30802720
v 0.14211640 0.95379830 -0.30627230
v 0.13850380 0.93241410 -0.30688800
v 0.13770160 0.89808540 -0.30285540
v 0.14252150 0.88022490 -0.29352130
v 0.14905520 0.81817910 -0.28563450
v 0.14786730 0.74392480 -0.28908620
v 0.14652080 0.72722810 -0.29291560
v 0.14429080 0.70869890 -0.29755700
v 0.14222140 0.69094670 -0.30442030
v 0.13940940 0.67629150 -0.31136540
v 0.14268090 0.65442410 -0.31397610
v 0.13393690 0.64400860 -0.32833210
v 0.12249650 0.59523700 -0.35150920
v 0.12406330 0.57517410 -0.35367060
v 0.11604250 0.55361090 -0.36827930
v 0.11210840 0.53767670 -0.37839050
v 0.10807110 0.52520620 -0.38739190
v 0.10766320 0.52286160 -0.38753490
v 0.10854140 0.52093710 -0.38793970
v 0.09878912 0.52032770 -0.40074410
v 0.09067598 0.52535090 -0.41060060
v 0.08029770 0.53308230 -0.42026990
v 0.07467147 0.54112120 -0.43339310
v 0.08603279 0.54612330 -0.44384700
v 0.09885242 0.55209000 -0.45236650
v 0.10062710 0.55976170 -0.46739940
v 0.10230910 0.56815290 -0.48190990
v 0.10239850 0.57612490 -0.49529670
v 0.10613710 0.58384200 -0.50728270
v 0.11882810 0.58683690 -0.50756210
v 0.13066690 0.58556810 -0.50202290
v 0.14178500 0.58367750 -0.49561980
v 0.14855000 0.58427960 -0.49612120
v 0.15133500 0.58358440 -0.49699790
v 0.16428970 0.58072160 -0.50240330
v 0.17859970 0.57600190 -0.50363510
v 0.19571620 0.56858230 -0.50127930
v 0.21552580 0.56043780 -0.49870900
v 0.20129910 1.23677800 -0.41280290
v 0.19440170 1.24671300 -0.39826460
v 0.18704740 1.25983600 -0.37980170
v 0.18598170 1.27883400 -0.35870850
v 0.18873990 1.29894300 -0.33778110
v 0.18957760 1.31691000 -0.31794260
v 0.19563630 1.33627200 -0.29911040
v 0.21344520 1.33853400 -0.27608600
v 0.18292820 1.32573000 -0.27209390
v 0.16762450 1.31613700 -0.26195680
v 0.14714390 1.31554500 -0.27371660
v 0.13537990 1.31254800 -0.28779840
v 0.13244360 1.29940100 -0.30024120
v 0.13382920 1.28167800 -0.30999610
v 0.13347590 1.26248000 -0.31977560
v 0.13247110 1.24040600 -0.33084230
v 0.12861270 1.21483000 -0.33890710
v 0.12863260 1.18965400 -0.33926910
v 0.13162610 1.16308700 -0.33528620
v 0.13667860 1.14249600 -0.32480290
v 0.14375420 1.12492900 -0.30878790
v 0.20249990 0.59690960 -0.48775810
v 0.20447460 1.22436700 -0.42574010
v 0.15420620 1.21825800 -0.38412190
v 0.19493050 1.33495800 -0.27930610
v 0.10149290 0.61483660 -0.40263570
v 0.16525340 0.61260850 -0.49056570
v 0.16577800 1.25034200 -0.36422130
v 0.16668780 1.28273300 -0.33192620
v 0.17729110 1.32772500 -0.28765920
v 0.17744190 1.30705100 -0.31767970
v 0.08303270 0.58564230 -0.41848660
v 0.19321860 0.58250330 -0.49547420
v 0.17874760 1.26382900 -0.36393760
v 0.18097250 1.28547400 -0.34329490
v 0.15964890 1.32290500 -0.28310820
v 0.15088150 1.30998300 -0.30384020
v 0.18261270 1.32769900 -0.30257550
v 0.13074220 0.61282450 -0.49140260
v 0.09426720 0.59273670 -0.43835400
v 0.09429769 0.53274980 -0.40336880
v 0.15864560 0.59591290 -0.49605780
v 0.14666350 0.59900340 -0.49116810
v 0.12608800 0.59911160 -0.49928430
v 0.07916644 0.55871960 -0.43612610
v 0.09774484 0.58008490 -0.47107590
v 0.18152410 0.59612990 -0.49841370
v 0.10244570 0.59841400 -0.49694640
v 0.11573120 0.60766800 -0.49480320
v 0.13751770 0.59634350 -0.49488170
v 0.11642430 0.59687340 -0.50137840
v 0.11553690 0.80697670 -0.39940280
v 0.11834860 1.04346800 -0.41141350
v 0.12551940 1.10153400 -0.35987130
v 0.21639030 0.61127810 -0.48017540
v 0.17593060 1.19861600 -0.42636790
v 0.18039320 0.73618080 -0.47519050
v 0.10766280 0.60565300 -0.37861980
v 0.22252860 0.58398060 -0.49101620
v 0.22729410 0.59328710 -0.48041240
v 0.17339020 1.29490300 -0.32595020
v 0.16835550 1.26892900 -0.34736840
v 0.15004620 1.24886700 -0.34956640
v 0.14992070 1.26394600 -0.33461940
v 0.14020000 1.24972200 -0.33521520
v 0.13641880 1.23198300 -0.34491590
v 0.14765680 1.27707700 -0.32276260
v 0.14221890 1.22660400 -0.36076930
v 0.13177780 1.20253800 -0.35715580
v 0.16701000 1.23466100 -0.38146550
v 0.15413900 1.23455600 -0.36851840
v 0.12705850 1.16077400 -0.40183830
v 0.19200650 1.22721700 -0.41230190
v 0.13354230 1.18189100 -0.38894500
v 0.13967050 1.20720400 -0.37588630
v 0.10065310 0.53602250 -0.39251540
v 0.10368760 0.54758510 -0.38476620
v 0.09747556 0.55163890 -0.40153590
v 0.09654839 0.58486630 -0.40499120
v 0.09836300 0.56885470 -0.40239370
v 0.08657981 0.57004800 -0.41267260
v 0.10464650 0.58393210 -0.39255290
v 0.10707030 0.56810510 -0.37724350
v 0.07865146 0.55277670 -0.42270000
v 0.08932500 0.55076400 -0.41263470
v 0.09235312 0.60143420 -0.40877980
v 0.10417190 0.59645640 -0.39567720
v 0.08373028 0.57917680 -0.43600350
v 0.09358763 0.56888410 -0.44135600
v 0.09539938 0.57536180 -0.45604070
v 0.16899500 1.31676800 -0.30453390
v 0.09693860 0.60429450 -0.47319130
v 0.11729180 0.80790560 -0.34264590
v 0.15963840 0.78568380 -0.46854230
v 0.11874630 0.92741180 -0.35794240
v 0.13049230 0.97376630 -0.44272800
v 0.12994490 1.12091500 -0.33373400
v 0.23777390 0.60554770 -0.48541110
v 0.12864300 1.17468300 -0.35193920
v 0.12901980 1.18003900 -0.37158610
v 0.12371640 1.15823800 -0.38256170
v 0.11294230 0.60188370 -0.36495320
v 0.11736650 0.64824960 -0.35264660
v 0.20148390 0.61822380 -0.48983420
v 0.18333990 0.61120280 -0.49509290
v 0.17806260 1.24600500 -0.38136460
v 0.17759250 1.22933900 -0.39712940
v 0.17735780 1.21336000 -0.41231760
v 0.16549140 1.21935700 -0.39507190
v 0.16165840 1.20061600 -0.40984390
v 0.19092170 1.21218000 -0.42569010
v 0.20438260 1.20891800 -0.44515510
v 0.18876510 1.19553400 -0.44305390
v 0.07992507 0.57052540 -0.42534100
v 0.10413810 0.56567760 -0.38960890
v 0.10686820 0.58441600 -0.37913770
v 0.11254230 0.58123120 -0.36711190
v 0.11171390 0.63782580 -0.48501180
v 0.13806790 0.63026800 -0.48212010
v 0.15296120 0.66230240 -0.48118260
v 0.14004970 0.64835450 -0.47847080
v 0.12140160 0.62262110 -0.48612970
v 0.12327460 0.64208880 -0.48213650
v 0.10141240 0.61660830 -0.48813860
v 0.09812237 0.62578670 -0.47670010
v 0.10790770 0.66833960 -0.46474600
v 0.14220260 0.66698130 -0.47480020
v 0.12691510 0.65964900 -0.47697220
v 0.11709940 0.67628090 -0.47406730
v 0.15205590 0.68489770 -0.47346200
v 0.16744300 0.67757960 -0.48171140
v 0.16273460 0.70015670 -0.47824110
v 0.14931640 0.70545390 -0.46717960
v 0.17858390 0.69636020 -0.47654640
v 0.12168050 0.69818700 -0.46976120
v 0.14031710 0.69486430 -0.46978610
v 0.18005000 0.66415300 -0.48252110
v 0.16349430 0.65678830 -0.48291330
v 0.17855590 0.65069530 -0.48466050
v 0.17693220 0.63641070 -0.48691820
v 0.17579070 0.71207760 -0.47491910
v 0.10122500 0.68321720 -0.43838010
v 0.08577685 0.62153300 -0.42608780
v 0.10934520 0.68528650 -0.45789100
v 0.13580850 0.68036390 -0.47227380
v 0.15770960 0.71747170 -0.47473180
v 0.18870480 0.68102300 -0.47811760
v 0.19623230 0.69607190 -0.47658320
v 0.09162660 0.62184230 -0.41397530
v 0.09062992 0.64477390 -0.42238370
v 0.09159770 0.61004830 -0.43433790
v 0.20264150 0.66281510 -0.47907090
v 0.08270117 0.59992220 -0.42710160
v 0.20100500 0.70908110 -0.47570740
v 0.22757100 0.66089420 -0.47619540
v 0.21188630 0.67969140 -0.47477170
v 0.14359930 0.61295300 -0.48749320
v 0.16273460 0.62753650 -0.48620490
v 0.13596940 0.80200230 -0.31099330
v 0.17906620 0.84609970 -0.48829260
v 0.19923350 0.75774880 -0.47904000
v 0.13023130 1.01004000 -0.34499240
v 0.13132200 1.04120000 -0.33967570
v 0.14718260 1.08032200 -0.47005970
v 0.15588280 1.04978700 -0.47937030
v 0.16646400 1.01854200 -0.49161190
v 0.14501540 1.07947900 -0.31941140
v 0.14015190 1.09482100 -0.32611840
v 0.14413540 1.09450600 -0.30885890
v 0.13299260 1.07754800 -0.33282700
v 0.13849390 1.12728500 -0.32294010
v 0.12911510 1.15012700 -0.34422650
v 0.14552510 1.11309700 -0.30577920
v 0.24279330 0.62539290 -0.47992310
v 0.14177790 1.18227800 -0.40618670
v 0.11530770 1.12736400 -0.38488830
v 0.18108270 1.17712600 -0.45453220
v 0.23842690 0.71259450 -0.48099370
v 0.12041620 0.61685760 -0.35176130
v 0.12419130 0.65550910 -0.33998640
v 0.13033130 0.68728130 -0.32288700
v 0.16956930 1.18278200 -0.43784600
v 0.10044210 0.64255920 -0.47200780
v 0.11166260 0.65634100 -0.47827530
v 0.21354010 0.63186930 -0.48440720
v 0.19576760 0.63814950 -0.48876480
v 0.19791060 0.64975710 -0.48384080
v 0.18896900 0.62605790 -0.49236120
v 0.09824671 0.61501050 -0.44936130
v 0.23274930 0.67615720 -0.47671350
v 0.22273930 0.70890870 -0.47358030
v 0.19170870 0.72539860 -0.47790040
v 0.20006850 0.74073220 -0.47347350
v 0.24500410 0.65847740 -0.48294540
v 0.24438970 0.64541700 -0.48013820
v 0.15289210 0.61297070 -0.48794000
v 0.15169510 0.62739330 -0.48738150
v 0.15058560 0.64139900 -0.48580760
v 0.17399100 0.62344480 -0.48906390
v 0.13545740 0.81885200 -0.30535010
v 0.13476980 0.77480860 -0.30575730
v 0.14685920 0.80281550 -0.29023610
v 0.14688170 0.78420640 -0.29482790
v 0.16463500 0.87702380 -0.48183160
v 0.22027180 0.74525660 -0.48138390
v 0.13650790 0.91416800 -0.30648580
v 0.13050700 0.92068550 -0.32586120
v 0.13144350 0.88639970 -0.31856390
v 0.13228850 0.94251920 -0.32288280
v 0.13244040 0.95147050 -0.33656310
v 0.17391650 0.99034260 -0.49435410
v 0.17719890 0.91250790 -0.49102680
v 0.17050670 0.93359060 -0.49004110
v 0.19072710 0.93312220 -0.50264070
v 0.14698390 1.04493400 -0.31552850
v 0.14140310 1.06027800 -0.32483560
v 0.16481350 1.08732500 -0.48047020
v 0.15560330 1.06626800 -0.47773810
v 0.22295360 0.64329400 -0.47655370
v 0.14660530 1.19996000 -0.39309080
v 0.15478400 1.18261700 -0.42228750
v 0.13267460 1.15005000 -0.43412030
v 0.14840830 1.16630900 -0.43393300
v 0.16381230 1.16460600 -0.45366840
v 0.13405230 1.16424800 -0.41811920
v 0.17813610 1.16398600 -0.47087210
v 0.16399610 1.14475200 -0.46959230
v 0.10079210 0.66919290 -0.44984290
v 0.22619110 0.62327320 -0.47785890
v 0.09872768 0.61441040 -0.46486630
v 0.09573150 0.59896950 -0.45946770
v 0.20765760 0.72462270 -0.47304040
v 0.16306750 0.64159180 -0.48702080
v 0.14005990 0.83862320 -0.29496340
v 0.13332480 0.83612390 -0.31906510
v 0.12590610 0.81861900 -0.32672430
v 0.12329390 0.83589720 -0.33741420
v 0.13075170 0.78678680 -0.31431890
v 0.11993460 0.79141390 -0.33262630
v 0.11629800 0.82458390 -0.35038160
v 0.11810940 0.84224470 -0.35367170
v 0.14335360 0.76196520 -0.29343250
v 0.12872220 0.76116970 -0.31091820
v 0.12295940 0.77519150 -0.32458010
v 0.12625920 0.75954270 -0.33213620
v 0.11786750 0.79279970 -0.34502220
v 0.13410030 0.72383570 -0.30544350
v 0.13587770 0.74237080 -0.30114520
v 0.19313740 0.84390150 -0.50843130
v 0.19803010 0.81959650 -0.50859600
v 0.21101020 0.78223090 -0.49737670
v 0.21355370 0.76924390 -0.49591630
v 0.12959580 0.93201580 -0.34236950
v 0.13410100 0.87150490 -0.30854900
v 0.14063210 0.86069350 -0.29387480
v 0.12796570 0.85451600 -0.33780070
v 0.12095980 0.86841820 -0.35186130
v 0.13039920 0.87244490 -0.33249690
v 0.12700420 0.88729150 -0.34502450
v 0.11215490 0.87877520 -0.36208730
v 0.11517430 0.85567880 -0.35798350
v 0.13004160 0.89996360 -0.32643240
v 0.12713150 0.90979690 -0.34661670
v 0.10738820 0.86455900 -0.38950320
v 0.13369330 0.96530280 -0.32352950
v 0.12844420 0.99093780 -0.35086640
v 0.13395660 0.98266670 -0.32760470
v 0.18275240 0.88778260 -0.49460340
v 0.16078660 0.89872690 -0.48062850
v 0.16087550 1.12275500 -0.47357100
v 0.15403150 1.03064600 -0.47982020
v 0.14425700 1.03638400 -0.46813190
v 0.17005590 1.03774500 -0.49207040
v 0.12924380 0.70458630 -0.31874560
v 0.12738210 0.72458580 -0.32707740
v 0.11554360 0.68787430 -0.35146610
v 0.13040230 0.66625360 -0.32673490
v 0.10101280 0.65338870 -0.46249900
v 0.09289606 0.63400090 -0.43910800
v 0.10087800 0.64162110 -0.45279560
v 0.09903245 0.65235680 -0.44288670
v 0.10091510 0.62894330 -0.45784360
v 0.24816560 0.67542080 -0.48154290
v 0.23522010 0.69542520 -0.47684950
v 0.17571630 0.75386560 -0.47298630
v 0.12425700 0.80072450 -0.32675690
v 0.11129870 0.83196310 -0.36539400
v 0.11138380 0.84478250 -0.36807130
v 0.11209540 0.81133780 -0.37753680
v 0.11356980 0.80089970 -0.36697020
v 0.10990500 0.82918740 -0.37563790
v 0.11155370 0.81593430 -0.36564050
v 0.17508010 0.82976590 -0.48396300
v 0.18482770 0.82531170 -0.49867930
v 0.15568230 0.81250870 -0.46622260
v 0.15874790 0.83505250 -0.47195540
v 0.16638910 0.81957590 -0.47596970
v 0.17174680 0.79983240 -0.47786680
v 0.21562240 0.75400310 -0.49018700
v 0.19713940 0.76878370 -0.48888510
v 0.18052400 0.77163190 -0.47980460
v 0.23484070 0.72839230 -0.48834560
v 0.21989950 0.72861390 -0.47917950
v 0.11073000 0.92931370 -0.37852010
v 0.13308270 0.85653990 -0.31388190
v 0.11569240 0.89480310 -0.35940310
v 0.11113820 0.84305310 -0.38877740
v 0.10781170 0.85803480 -0.37420190
v 0.12612150 0.85164570 -0.42851280
v 0.11361430 0.82239830 -0.39360070
v 0.11563400 0.85503420 -0.40450480
v 0.12021270 0.84133400 -0.41437770
v 0.10962510 0.86480980 -0.36572720
v 0.13634890 0.99781040 -0.32699200
v 0.12871060 0.97028240 -0.34800930
v 0.12226610 0.94593260 -0.35214800
v 0.18404480 0.96872510 -0.50010550
v 0.16513830 0.95075660 -0.48609680
v 0.14712490 0.95054190 -0.46849400
v 0.13819850 0.93532020 -0.45527700
v 0.15959710 0.97015690 -0.48259910
v 0.13928670 1.01209400 -0.32538030
v 0.14778210 1.02681600 -0.31374120
v 0.12520070 1.02348100 -0.35768880
v 0.13090010 1.07596100 -0.45440310
v 0.13477730 1.08912600 -0.46012010
v 0.12727550 1.06181700 -0.44249590
v 0.12185000 0.68906170 -0.33627830
v 0.11572240 0.66573770 -0.35308140
v 0.16145140 0.74878570 -0.47072830
v 0.20061810 0.75081680 -0.47612470
v 0.11450990 0.80508690 -0.35478660
v 0.19035110 0.79497420 -0.49186680
v 0.16441050 0.85672590 -0.47935700
v 0.14820690 0.85213160 -0.46353480
v 0.19630310 0.78050970 -0.48857970
v 0.16167530 0.76943020 -0.47007210
v 0.11313460 0.91212020 -0.36709850
v 0.11036720 0.91162250 -0.38677220
v 0.10758430 0.89403290 -0.37476470
v 0.10694260 0.87651890 -0.37938860
v 0.11095990 0.89044880 -0.39531420
v 0.11320470 0.87783940 -0.40326510
v 0.17825970 0.86774910 -0.48908180
v 0.18138920 0.95022220 -0.49794560
v 0.15121640 0.92988000 -0.47183100
v 0.12597920 0.91079790 -0.43121180
v 0.13360270 0.95477190 -0.44887180
v 0.13573410 1.02650500 -0.33238230
v 0.12776560 1.05659400 -0.34373050
v 0.12306110 1.07190000 -0.34952060
v 0.13922750 1.05037700 -0.46217600
v 0.14310710 1.12969500 -0.45889420
v 0.14711930 1.15251500 -0.44938950
v 0.13372510 1.13937700 -0.44592330
v 0.11601580 1.11380800 -0.42568320
v 0.12056250 1.12985800 -0.43216080
v 0.12084790 1.14181700 -0.41664070
v 0.11837040 1.14070100 -0.39511870
v 0.11187190 1.09690800 -0.39360750
v 0.13323930 1.03712800 -0.44965000
v 0.13638210 1.06258600 -0.45926500
v 0.12673300 1.04855900 -0.43816710
v 0.12178370 0.67342920 -0.33865970
v 0.11092890 0.62735090 -0.36905880
v 0.10602710 0.61676370 -0.38399350
v 0.15812530 0.73639440 -0.47261380
v 0.18037440 0.81044130 -0.48993960
v 0.17538370 0.78892250 -0.48008920
v 0.17685780 0.78095440 -0.47876850
v 0.13116120 0.83721330 -0.43774730
v 0.15305680 0.86849580 -0.47004870
v 0.14249940 0.86523070 -0.45720660
v 0.14954960 0.88334680 -0.46739670
v 0.13100160 0.89650440 -0.44058220
v 0.14471040 0.90514740 -0.46207880
v 0.13546150 0.91881130 -0.44999190
v 0.11326220 0.90964250 -0.40003850
v 0.11801960 0.91722720 -0.41384070
v 0.17729640 0.76140640 -0.47404990
v 0.14658880 0.77204890 -0.45861840
v 0.15410580 0.76359020 -0.46552850
v 0.14898990 0.78093040 -0.46015630
v 0.15054340 0.75873600 -0.46425000
v 0.11796260 0.82859560 -0.40746580
v 0.11939950 0.86615710 -0.41442900
v 0.12149700 1.00742600 -0.36759330
v 0.11751520 0.98672820 -0.36816790
v 0.11300030 0.97276250 -0.37954650
v 0.11798580 0.96552320 -0.36228030
v 0.11529860 0.96316050 -0.40824690
v 0.11268510 0.99436380 -0.39215020
v 0.11174420 0.96224840 -0.39210070
v 0.11654330 1.00600100 -0.38329020
v 0.12106720 0.97792930 -0.42197930
v 0.11881280 0.99836850 -0.41617340
v 0.11282280 0.98316490 -0.39944940
v 0.11606660 1.00996000 -0.39846260
v 0.12184910 1.01793800 -0.42229720
v 0.11107540 0.94342940 -0.38598180
v 0.11370140 0.95287050 -0.37259600
v 0.14129610 0.97459290 -0.46220010
v 0.12566950 1.08606000 -0.35759370
v 0.12482870 1.11761000 -0.44461750
v 0.13371680 1.10497100 -0.45797960
v 0.12356930 1.09132300 -0.44505120
v 0.12319650 1.03198900 -0.42871680
v 0.11055020 0.65030880 -0.36841780
v 0.11336450 0.61687810 -0.36337700
v 0.11672640 0.63055180 -0.35648130
v 0.10453560 0.63284270 -0.39768640
v 0.10770840 0.63763870 -0.38025180
v 0.21906890 0.73973810 -0.47933750
v 0.11201330 0.78499650 -0.39252200
v 0.11339720 0.79717560 -0.38430280
v 0.11392770 0.78974390 -0.37266200
v 0.11823130 0.78796700 -0.35716990
v 0.15769690 0.79665060 -0.46715980
v 0.14175330 0.80661620 -0.45323460
v 0.11790220 0.89567210 -0.41487340
v 0.12687550 0.93373070 -0.43431720
v 0.11535190 0.93893830 -0.36548250
v 0.12908630 0.86689760 -0.43550870
v 0.12267540 0.95736690 -0.42564200
v 0.11632360 1.02382100 -0.40358300
v 0.11795120 1.02101200 -0.38194590
v 0.11755630 1.03817000 -0.38695680
v 0.12177820 1.03972600 -0.36686530
v 0.11530640 1.06477400 -0.38608520
v 0.12080610 1.05589700 -0.36864560
v 0.11684500 1.05100900 -0.38997930
v 0.11208250 0.92923930 -0.39558460
v 0.12699620 1.10364000 -0.33786440
v 0.11575240 1.09207400 -0.37690190
v 0.11466870 1.07127900 -0.40806950
v 0.11721400 1.08798300 -0.42730580
v 0.12018390 1.07292900 -0.43269560
v 0.11210090 1.09269500 -0.41046550
v 0.11572390 1.06149500 -0.40525750
v 0.12061100 1.05830100 -0.42428720
v 0.11244090 1.07915800 -0.39156380
v 0.11027490 0.67504340 -0.37034060
v 0.11075330 0.69058880 -0.37202110
v 0.10750960 0.66238300 -0.37879530
v 0.12333510 0.88180260 -0.42482980
v 0.13942220 1.00814100 -0.45913870
v 0.13513890 0.99190340 -0.45152780
v 0.12803470 1.00741600 -0.43685890
v 0.13385050 1.02350300 -0.44963410
v 0.14770190 1.01664100 -0.47345120
v 0.12732600 0.98976060 -0.43555200
v 0.12127850 1.07388600 -0.37278540
v 0.12505770 1.08993800 -0.34154810
v 0.12852720 1.11465500 -0.35031070
v 0.12770990 1.13229300 -0.35235310
v 0.12063020 1.13961100 -0.37160680
v 0.12060670 1.12008500 -0.36734240
v 0.11368990 1.11137100 -0.38235810
v 0.12475860 1.15450300 -0.36322800
v 0.11016000 0.71433140 -0.40843530
v 0.09732126 0.65960860 -0.41241930
v 0.11559900 0.94286120 -0.40888860
v 0.11092110 0.70141750 -0.38840710
v 0.10693030 0.65410060 -0.39535860
v 0.10539790 0.70027130 -0.43154880
v 0.11426330 0.69865140 -0.45027150
v 0.13220630 0.71560980 -0.46706840
v 0.13373330 0.73118670 -0.45376090
v 0.14751620 0.72642820 -0.46123020
v 0.14527080 1.29353000 -0.31196950
v 0.16077830 1.29730200 -0.31598960
v 0.12801180 0.74229580 -0.31721470
v 0.12299430 0.77606470 -0.34283920
v 0.15830140 0.91482800 -0.47972110
v 0.11431480 0.70115110 -0.35846060
v 0.12072230 0.70387250 -0.33817590
v 0.16363290 0.77711220 -0.47188760
v 0.12573370 0.82676040 -0.42598920
v 0.13511260 0.82371230 -0.44384560
v 0.13074400 0.81400140 -0.43541200
v 0.12858930 0.80308770 -0.43172050
v 0.13943830 0.79537860 -0.44908350
v 0.14297840 0.78940780 -0.45281860
v 0.14217270 0.83624810 -0.45495100
v 0.14660830 0.82195390 -0.45890480
v 0.13023470 0.79171230 -0.42685680
v 0.13553630 0.78856500 -0.44254150
v 0.11547400 0.78737610 -0.40518590
v 0.12122240 0.81327550 -0.41571830
v 0.13667350 0.84966840 -0.44771590
v 0.12141710 0.79894050 -0.41630710
v 0.16349420 1.00418700 -0.48776840
v 0.15035080 0.99368270 -0.47493550
v 0.10011500 0.68299770 -0.42003100
v 0.10340170 0.67467680 -0.40221190
v 0.10563900 0.70349590 -0.41829310
v 0.11726980 0.75840050 -0.41174620
v 0.11298810 0.72303330 -0.39008550
v 0.11439840 0.74370450 -0.39892640
v 0.11319210 0.73438000 -0.38816690
v 0.11374620 0.72784000 -0.40863310
v 0.12540270 0.74414440 -0.44807620
v 0.11802420 0.72761190 -0.45017770
v 0.12411120 0.75483780 -0.43187710
v 0.13485850 0.75783630 -0.44794380
v 0.11695450 0.73992850 -0.41742850
v 0.11836900 0.73639410 -0.43473190
v 0.11517810 0.71426270 -0.44079450
v 0.14134160 0.74647280 -0.46015680
v 0.12279370 0.77000890 -0.42383470
v 0.13023000 0.76626660 -0.43835560
v 0.14046640 0.76629620 -0.45291100
v 0.12700100 0.78037540 -0.43016340
v 0.13737550 0.77808490 -0.44650600
v 0.12079040 0.78605200 -0.42162730
v 0.11734410 0.77574570 -0.41365210
v 0.11451200 0.77742350 -0.40259760
v 0.11066120 0.71964760 -0.42460850
v 0.11065420 0.77095970 -0.38894550
v 0.11411600 0.76121730 -0.39931530
v 0.11400970 0.73207020 -0.35908430
v 0.11567690 0.74609450 -0.35619050
v 0.11980800 0.73420150 -0.34507330
v 0.12443730 0.74327590 -0.33771950
v 0.11196030 0.74585800 -0.37179660
v 0.11313310 0.73130970 -0.37299060
v 0.11344710 0.75804010 -0.36354970
v 0.11510200 0.77326280 -0.36060530
v 0.11182550 0.75314860 -0.38686770
v 0.11256600 0.77888400 -0.37257300
v 0.11034560 0.76405580 -0.37595140
v 0.11308410 0.71120130 -0.37454470
v 0.11452980 0.71848030 -0.36348310
v 0.11817970 0.71941780 -0.34667690
v 0.11911660 0.51541830 -0.37963210
v 0.12822080 0.51447010 -0.37141310
v 0.13951010 0.51238800 -0.36259450
v 0.15148150 0.51059500 -0.35404330
v 0.16444370 0.50933680 -0.34834670
v 0.17729700 0.50541610 -0.34249980
v 0.19080100 0.49936860 -0.33823050
v 0.20299260 0.49047300 -0.33704790
v 0.21671650 0.48152290 -0.33648350
v 0.23078420 0.47387080 -0.33639160
v 0.24537510 0.46805370 -0.33661250
v 0.26218080 0.46390450 -0.33714880
v 0.27573270 0.45943800 -0.33921710
v 0.28995490 0.45651740 -0.34150790
v 0.30609920 0.45497260 -0.34382100
v 0.32416080 0.45657370 -0.34565450
v 0.34524680 0.46234390 -0.34285720
v 0.36882660 0.47091160 -0.33812800
v 0.39720370 0.47908980 -0.33680860
v 0.42552180 0.48558740 -0.34459190
v 0.40842230 0.51354550 -0.34253500
v 0.39622920 0.54256860 -0.34040820
v 0.39697980 0.59483840 -0.33843980
v 0.39678440 0.61792040 -0.33806280
v 0.39756140 0.65794080 -0.33741370
v 0.39254990 0.68013560 -0.33517840
v 0.39014290 0.70313880 -0.33283950
v 0.38822000 0.72589110 -0.33101620
v 0.38439530 0.74897630 -0.32786350
v 0.37892600 0.79733680 -0.32573040
v 0.37024950 0.84597050 -0.32303860
v 0.36707090 0.89568160 -0.31372220
v 0.36875440 0.91875580 -0.31469920
v 0.37035980 0.93559790 -0.31849740
v 0.36994290 0.95374520 -0.31692950
v 0.36536790 0.97166980 -0.31277030
v 0.36462490 1.02875800 -0.32378150
v 0.35609550 1.05011200 -0.31987420
v 0.35296390 1.06826700 -0.31758010
v 0.34798770 1.13196100 -0.30799670
v 0.34922720 1.15155100 -0.30660620
v 0.34883660 1.19241600 -0.30548190
v 0.33844220 1.24329300 -0.30768450
v 0.33081750 1.26630000 -0.30704560
v 0.31569100 1.27522700 -0.29643180
v 0.30047310 1.28378100 -0.28566450
v 0.28478450 1.29534100 -0.27597570
v 0.26547780 1.31020000 -0.26748320
v 0.23803140 1.32681200 -0.26876670
v 0.18128080 1.30200200 -0.24421330
v 0.19355950 1.28501600 -0.23259480
v 0.20556020 1.26609100 -0.22346280
v 0.21497600 1.24353100 -0.22154820
v 0.21923550 1.22165500 -0.22175670
v 0.22049180 1.19950500 -0.22530600
v 0.21659560 1.17700400 -0.22859980
v 0.21020620 1.15342200 -0.23124120
v 0.19801000 1.13351900 -0.23072610
v 0.17913080 1.11698800 -0.23310030
v 0.16719670 1.10935100 -0.24892000
v 0.25010430 1.07697400 -0.24893200
v 0.28214490 1.22398000 -0.25832020
v 0.17821390 1.10535800 -0.24975880
v 0.23044950 1.13553300 -0.23848950
v 0.25180000 1.22400400 -0.23252750
v 0.21059330 1.31040100 -0.25305990
v 0.21825680 1.29152700 -0.24116550
v 0.25639340 1.29666700 -0.25721650
v 0.23516850 1.16696600 -0.22968680
v 0.23912020 1.21108000 -0.22710970
v 0.19979420 1.32210200 -0.26458120
v 0.19071600 1.31248000 -0.25501850
v 0.22372810 1.32048100 -0.26159660
v 0.20955750 1.27912500 -0.23288310
v 0.22440370 1.25621400 -0.22839510
v 0.24427280 1.31275900 -0.26121820
v 0.19157510 1.12102500 -0.23105090
v 0.23847430 1.18678900 -0.22784870
v 0.20032230 1.29831200 -0.24331540
v 0.21229590 1.33067200 -0.26992890
v 0.23137790 1.27413200 -0.23721930
v 0.23509560 1.23423400 -0.22621600
v 0.25681830 1.24396700 -0.24164940
v 0.24270050 1.25014800 -0.23336680
v 0.20849050 1.11251100 -0.23871990
v 0.24497360 1.15050500 -0.23280370
v 0.24911870 1.27220800 -0.24310770
v 0.26768620 1.22334500 -0.24548630
v 0.26075540 1.20208900 -0.23657360
v 0.28825870 1.12724700 -0.26132210
v 0.27876300 1.25949600 -0.26292500
v 0.26641400 1.12392300 -0.24167990
v 0.26970350 1.18754400 -0.24533330
v 0.26548590 1.15068800 -0.23939390
v 0.25332640 1.18126300 -0.23180880
v 0.25175060 1.13608900 -0.23582080
v 0.27274810 1.28592100 -0.26437020
v 0.29185070 1.16661500 -0.25810700
v 0.29314640 1.26871200 -0.27687690
v 0.28211180 1.20702900 -0.25340910
v 0.27271220 1.16900700 -0.24818150
v 0.28936110 1.18577400 -0.25693300
v 0.30072510 1.17732700 -0.26979450
v 0.11705380 0.52542300 -0.37335010
v 0.12968040 0.52743490 -0.36380420
v 0.22442720 0.58013370 -0.28694950
v 0.28589260 0.75889070 -0.25667170
v 0.34013540 0.51331760 -0.33843340
v 0.39044990 0.50133690 -0.33775000
v 0.41229400 0.49501620 -0.34633040
v 0.38205370 0.48573360 -0.33544070
v 0.15902340 1.10209500 -0.29063920
v 0.31968350 1.25663000 -0.29614290
v 0.23384510 1.29972000 -0.24876330
v 0.19268190 1.10422000 -0.23298420
v 0.18329840 1.08840300 -0.24405450
v 0.24725130 1.12043700 -0.23906550
v 0.21786080 1.09837700 -0.24444400
v 0.23012850 1.11602800 -0.24236370
v 0.20275520 1.08619200 -0.23950020
v 0.22323960 1.07733800 -0.24925830
v 0.19189880 1.06852500 -0.24842870
v 0.17580400 1.07021600 -0.25670470
v 0.20880940 1.06760300 -0.24580000
v 0.20559540 1.05481500 -0.25106110
v 0.31701150 1.16492300 -0.28256130
v 0.30381740 1.15813300 -0.27203120
v 0.33192870 1.18185100 -0.29201450
v 0.30018830 1.14361400 -0.26518730
v 0.30934210 1.12727800 -0.27376690
v 0.31771210 1.14453900 -0.28433230
v 0.27973350 1.14700300 -0.25422600
v 0.27553340 1.11021600 -0.24857920
v 0.33387380 1.13671300 -0.29597320
v 0.32041330 1.12699600 -0.28634010
v 0.33141420 1.12004500 -0.29571230
v 0.29726230 1.25147300 -0.27695320
v 0.27363670 1.24292600 -0.25518110
v 0.29624200 1.21914300 -0.27134580
v 0.13890840 0.52515910 -0.35708980
v 0.17219790 0.56937330 -0.31561800
v 0.14190220 0.54269200 -0.34806160
v 0.18979580 0.64035210 -0.28357100
v 0.35684750 0.76025830 -0.27839230
v 0.23510400 0.83468090 -0.24957550
v 0.22681030 0.75243710 -0.24863560
v 0.32940340 0.89908730 -0.27855400
v 0.20341360 0.93945590 -0.26816860
v 0.37687280 0.52942260 -0.33685300
v 0.38369410 0.51287080 -0.34078400
v 0.15763990 1.06731300 -0.28451270
v 0.18412840 1.03529500 -0.26904200
v 0.20520700 1.04237200 -0.25622480
v 0.16157280 1.08385600 -0.27926550
v 0.17122620 1.05509800 -0.27080500
v 0.16581730 1.07352000 -0.27043670
v 0.33441730 1.22123800 -0.29630690
v 0.23715010 1.08798700 -0.24722190
v 0.23788970 1.10222300 -0.24481920
v 0.22996510 1.06435400 -0.25225100
v 0.34746750 1.17462200 -0.30352860
v 0.33351550 1.15856300 -0.29344280
v 0.33589560 1.20025300 -0.29456490
v 0.29927920 1.19844500 -0.27092940
v 0.31790360 1.20338300 -0.28670960
v 0.30803160 1.23712800 -0.28317090
v 0.31480100 1.09059000 -0.28171180
v 0.31531820 1.10970800 -0.28026630
v 0.29501670 1.11183400 -0.26695070
v 0.28201150 1.09683300 -0.25444050
v 0.33164960 1.10301900 -0.29592820
v 0.13045280 0.55487880 -0.35364100
v 0.12665730 0.53950310 -0.36174750
v 0.13302390 0.57239690 -0.34643810
v 0.18147760 0.52804290 -0.32493840
v 0.15397400 0.53406530 -0.34171090
v 0.16706900 0.52637630 -0.33675120
v 0.15285830 0.52077910 -0.34925650
v 0.17556820 0.51723440 -0.33481770
v 0.14700870 0.58238820 -0.33158870
v 0.20200150 0.50677670 -0.32166920
v 0.36255630 0.76496820 -0.30896230
v 0.35561800 0.82142850 -0.27797820
v 0.35219690 0.65795870 -0.28676470
v 0.19151710 0.83798170 -0.26682970
v 0.18421130 0.76779710 -0.26786400
v 0.38358070 0.60245480 -0.33115010
v 0.26092830 0.47782520 -0.32822770
v 0.31825010 0.46877580 -0.33633070
v 0.33263260 0.47053200 -0.34584310
v 0.37907880 0.54570500 -0.33990100
v 0.40126110 0.52989710 -0.34247800
v 0.35647940 0.47599160 -0.34312260
v 0.16505300 1.02568000 -0.29151670
v 0.34899490 0.97919260 -0.29981150
v 0.15845600 1.05165700 -0.29100170
v 0.15931320 1.03765500 -0.29702960
v 0.16980870 1.03965800 -0.28100450
v 0.20942950 1.02652400 -0.26111090
v 0.26531050 1.02513800 -0.25940480
v 0.23407370 1.01756800 -0.26083220
v 0.27265410 1.04646700 -0.25920240
v 0.27010440 1.06812200 -0.25448370
v 0.19640590 1.01688400 -0.26945030
v 0.16566560 1.09485900 -0.28182530
v 0.18642040 1.05368900 -0.25900510
v 0.25842940 1.09892000 -0.24426330
v 0.33060420 1.07221000 -0.29687420
v 0.34479580 1.09678700 -0.30823430
v 0.34558090 1.11347000 -0.30776120
v 0.18236690 0.54777300 -0.31604800
v 0.15512920 0.55040430 -0.33494270
v 0.14176270 0.56219250 -0.34192300
v 0.16228080 0.59238870 -0.31470390
v 0.15760040 0.67574890 -0.29352190
v 0.17737650 0.70572860 -0.27550460
v 0.21394760 0.49260970 -0.32443640
v 0.19411490 0.52453640 -0.31591590
v 0.36453940 0.71307900 -0.31200050
v 0.36497810 0.79912100 -0.29761000
v 0.36549630 0.84546190 -0.29601720
v 0.17006450 0.82604730 -0.26916540
v 0.36290480 0.90734670 -0.29706870
v 0.36147940 0.93322330 -0.29995380
v 0.15925760 0.94245610 -0.29212060
v 0.16149800 0.95972580 -0.29515950
v 0.15771670 0.89505100 -0.28359960
v 0.39455850 0.55701440 -0.33960150
v 0.39374620 0.57220900 -0.33913540
v 0.27637980 0.47942720 -0.32526490
v 0.24463010 0.48124980 -0.32252110
v 0.28977580 0.46863790 -0.33257630
v 0.34785740 0.48370100 -0.34691450
v 0.36509510 0.49422940 -0.33705870
v 0.36036900 0.51040160 -0.33695120
v 0.34273590 0.49856370 -0.34385760
v 0.36009380 0.53219460 -0.34027500
v 0.37561000 0.55064460 -0.33945910
v 0.34371470 0.53012000 -0.33418850
v 0.36325610 0.98936870 -0.31395350
v 0.35716450 0.95859500 -0.30132890
v 0.35653900 1.01188000 -0.31329030
v 0.34591260 1.03264500 -0.30868750
v 0.34678970 0.99602020 -0.30183060
v 0.25144320 1.05751400 -0.25356000
v 0.24855570 1.03686200 -0.25605790
v 0.28370970 1.02817400 -0.26478030
v 0.30877230 1.06265300 -0.27897530
v 0.31554590 1.07694300 -0.28348350
v 0.31397130 1.03921100 -0.28315530
v 0.26999480 1.08534700 -0.25046950
v 0.22118160 0.97270780 -0.26411170
v 0.34726900 1.08122300 -0.31153540
v 0.33085150 1.08631200 -0.29625190
v 0.13252770 0.60622140 -0.33923150
v 0.15242420 0.61724190 -0.31560170
v 0.17092860 0.54005780 -0.32750580
v 0.18923850 0.53957700 -0.31484500
v 0.16824090 0.55503040 -0.32348890
v 0.15766560 0.56932160 -0.32632480
v 0.16133840 0.71603950 -0.28196730
v 0.18812250 0.51276040 -0.33003940
v 0.23481820 0.52352910 -0.30764800
v 0.36275650 0.78516660 -0.31034230
v 0.36290860 0.81159750 -0.30983630
v 0.36659780 0.79731870 -0.31549470
v 0.36453850 0.86011880 -0.30816910
v 0.36343790 0.83636130 -0.30809400
v 0.36601050 0.87645310 -0.31251060
v 0.36514950 0.86855910 -0.29566830
v 0.15325980 0.82940370 -0.27952180
v 0.16301160 0.80845080 -0.27311780
v 0.15551520 0.84824730 -0.27707170
v 0.16049890 0.77080620 -0.27605690
v 0.15995110 0.74967280 -0.27790600
v 0.15600380 0.92580970 -0.29119240
v 0.15176820 0.91038980 -0.29043100
v 0.17115090 0.91273770 -0.27779700
v 0.17970620 0.89229650 -0.27044000
v 0.18983790 0.90838600 -0.27079920
v 0.20141040 0.96229630 -0.27183870
v 0.22186470 0.94835940 -0.26338410
v 0.20600060 0.98675080 -0.27349280
v 0.18269870 0.98718030 -0.28377920
v 0.22816480 0.99774690 -0.26274660
v 0.18346580 0.95315880 -0.28080210
v 0.18262850 0.97229560 -0.28565800
v 0.16695660 1.00229400 -0.29312760
v 0.37243660 0.57031900 -0.33677940
v 0.35634060 0.54628650 -0.33663580
v 0.38900810 0.64189650 -0.33269320
v 0.38230950 0.62682510 -0.32934610
v 0.27273070 0.46879200 -0.33271840
v 0.22633380 0.48305780 -0.32435040
v 0.23302040 0.49516340 -0.31496730
v 0.33512670 0.54178740 -0.31224060
v 0.32057080 0.50618160 -0.32565520
v 0.32948030 0.49301160 -0.33065710
v 0.19263230 1.00346700 -0.27571930
v 0.17747790 1.01687700 -0.28117870
v 0.34566300 0.94014460 -0.29020500
v 0.33377670 0.98691680 -0.29142480
v 0.22996500 1.03264500 -0.25843970
v 0.29055830 1.06117800 -0.26530520
v 0.29511550 1.04599000 -0.26983570
v 0.29879790 1.07743900 -0.27078500
v 0.29642450 1.09557300 -0.26841420
v 0.28448000 1.07865700 -0.25871240
v 0.31874890 1.01552700 -0.28487690
v 0.32954680 1.03750500 -0.29531730
v 0.30008800 1.02329400 -0.27305090
v 0.31913760 0.99441060 -0.28310060
v 0.30116870 1.00515400 -0.27255770
v 0.13767210 0.58637960 -0.33904560
v 0.14771190 0.60330630 -0.32473770
v 0.14938330 0.63362830 -0.31365920
v 0.13947000 0.62144840 -0.32830360
v 0.20227490 0.53650200 -0.31081460
v 0.21015500 0.54658210 -0.30783660
v 0.19801520 0.55114860 -0.30923460
v 0.15312890 0.66313990 -0.30075890
v 0.15795020 0.64234170 -0.30341000
v 0.37825560 0.71262750 -0.32470980
v 0.37483640 0.69140430 -0.32239750
v 0.38273210 0.66409460 -0.32970780
v 0.36522800 0.82490240 -0.29407850
v 0.36001980 0.80640250 -0.28259620
v 0.34987140 0.79334850 -0.27211340
v 0.36416180 0.78111910 -0.29508720
v 0.36118090 0.78272640 -0.28452750
v 0.37554840 0.77417010 -0.32150220
v 0.35122040 0.84645130 -0.27905460
v 0.36005990 0.83627830 -0.28372900
v 0.19935680 0.79953790 -0.26253300
v 0.19483260 0.81914800 -0.26474730
v 0.17914750 0.80116610 -0.26757960
v 0.21507520 0.82355870 -0.26070510
v 0.19328870 0.85809740 -0.26730510
v 0.17774630 0.87071500 -0.26797080
v 0.21673430 0.84874200 -0.26227700
v 0.17069640 0.84870990 -0.26849030
v 0.23411130 0.85714640 -0.25158540
v 0.19373850 0.87459270 -0.26481230
v 0.17569720 0.73131290 -0.27279510
v 0.17488230 0.75189880 -0.27147660
v 0.15872340 0.73267140 -0.28102540
v 0.20977070 0.90660650 -0.26392250
v 0.21344890 1.00863600 -0.26767730
v 0.24723860 1.00222500 -0.25894940
v 0.37246070 0.61229340 -0.32186580
v 0.22124430 0.50852960 -0.31632270
v 0.32942470 0.48116120 -0.34260140
v 0.29603710 0.48281820 -0.32462970
v 0.27839360 0.49503880 -0.31617700
v 0.25499740 0.49913010 -0.31526180
v 0.25190450 0.51968740 -0.30642520
v 0.23536000 0.54185990 -0.29945200
v 0.21738180 0.53380940 -0.30931890
v 0.22349050 0.54748160 -0.30142170
v 0.23895780 0.55900440 -0.29100370
v 0.22670750 0.56365530 -0.29379630
v 0.34172420 0.53148550 -0.32073360
v 0.30191800 0.52096720 -0.30933690
v 0.30568800 0.50573270 -0.32098370
v 0.31523780 0.54478010 -0.30530950
v 0.32117710 0.52084780 -0.31498910
v 0.29393490 0.50383610 -0.31743360
v 0.29763200 0.54119750 -0.30189670
v 0.31368240 0.49021250 -0.32680960
v 0.33920890 0.96132120 -0.29031540
v 0.33599920 1.01071300 -0.29663880
v 0.27428270 0.96914780 -0.25869410
v 0.18373290 0.56167540 -0.31169870
v 0.18427480 0.65596490 -0.28260050
v 0.17835550 0.67826100 -0.27990470
v 0.16066260 0.69438800 -0.28677220
v 0.36895270 0.75293150 -0.31649420
v 0.37096440 0.73064720 -0.31872650
v 0.36034270 0.69477160 -0.30612310
v 0.36962180 0.66661110 -0.31842290
v 0.37741310 0.65021680 -0.32638470
v 0.36321300 0.88671290 -0.29431680
v 0.34668290 0.89856030 -0.28363080
v 0.34873010 0.91933330 -0.28839780
v 0.36068650 0.85757990 -0.28710540
v 0.34324600 0.86544780 -0.27738560
v 0.18096890 0.78367170 -0.26780940
v 0.15762030 0.86579690 -0.27728500
v 0.16223870 0.88024080 -0.27770420
v 0.24295320 0.87698750 -0.25011110
v 0.20363630 0.88826610 -0.26371070
v 0.22264620 0.89058930 -0.26342890
v 0.20116950 0.92188990 -0.26712210
v 0.25010600 1.01968700 -0.25811330
v 0.28204810 1.01209400 -0.26363990
v 0.28956150 0.98562040 -0.26534770
v 0.26722360 1.00515600 -0.25975460
v 0.28028520 0.99343830 -0.26188760
v 0.36998100 0.64195750 -0.31914410
v 0.36552210 0.62248470 -0.31277570
v 0.37302750 0.59110340 -0.32563360
v 0.34230630 0.58004980 -0.30181910
v 0.33004050 0.56366850 -0.30104140
v 0.34836480 0.55751360 -0.31521100
v 0.35450500 0.57841810 -0.31202450
v 0.35510760 0.59939460 -0.30511570
v 0.34228590 0.60644750 -0.29042540
v 0.28975970 0.60384020 -0.26095550
v 0.32438500 0.58553370 -0.29150060
v 0.32451730 0.60273630 -0.27669050
v 0.24144580 0.50819250 -0.31215860
v 0.24240930 0.57595670 -0.28124230
v 0.19753840 0.56986880 -0.30529230
v 0.33381070 0.51242280 -0.32384560
v 0.25235600 0.54903010 -0.29185380
v 0.25790630 0.56673910 -0.28176430
v 0.28563050 0.51597440 -0.30762880
v 0.17838050 0.60017880 -0.30519230
v 0.17014310 0.65773430 -0.28983820
v 0.23999230 0.67183910 -0.25223460
v 0.21605270 0.70270680 -0.25641860
v 0.36297740 0.66715810 -0.30750540
v 0.35925510 0.68130990 -0.29130240
v 0.36211000 0.65122580 -0.30190700
v 0.35239450 0.87719490 -0.28352960
v 0.22489930 0.90949310 -0.26328780
v 0.36473340 0.59668990 -0.31651250
v 0.35517340 0.62860150 -0.29757150
v 0.31117060 0.56620540 -0.29230810
v 0.22142270 0.61755690 -0.27300180
v 0.23597130 0.59739530 -0.27352470
v 0.26702610 0.61588670 -0.25798820
v 0.27445560 0.59776660 -0.26417410
v 0.25213580 0.61159390 -0.26284420
v 0.28636410 0.58335200 -0.27071370
v 0.20909460 0.57783050 -0.29575960
v 0.26760650 0.51437900 -0.30856540
v 0.28025680 0.53763170 -0.30048790
v 0.27597010 0.55260980 -0.28851260
v 0.26533700 0.53412340 -0.29830270
v 0.25058640 0.53486430 -0.29920800
v 0.30456040 0.98115200 -0.27300400
v 0.29171480 0.96477220 -0.26479930
v 0.16938280 0.58233120 -0.31347220
v 0.18236880 0.58310130 -0.30820950
v 0.17718470 0.61599240 -0.30006900
v 0.20573800 0.65943540 -0.27093240
v 0.19642040 0.67529800 -0.27108630
v 0.36374350 0.76159250 -0.29396410
v 0.36013470 0.72118410 -0.29810770
v 0.32659650 0.70595080 -0.26235950
v 0.24271060 0.89672140 -0.25213910
v 0.24822460 0.91845040 -0.25303920
v 0.26215370 0.88674810 -0.24962500
v 0.28117000 0.95175770 -0.25948190
v 0.27309580 0.92167320 -0.25452450
v 0.29214560 0.93308330 -0.26227670
v 0.29987670 0.91569270 -0.26732010
v 0.24543010 0.94030820 -0.25592690
v 0.26025040 0.95570030 -0.25568050
v 0.29857970 0.94790460 -0.26711860
v 0.25714200 0.97971910 -0.25737030
v 0.31002350 0.93485520 -0.27397050
v 0.23856640 0.98261820 -0.25995160
v 0.22496380 0.92657490 -0.26309940
v 0.30308360 0.58208440 -0.28172260
v 0.30578830 0.60062420 -0.26450400
v 0.30133330 0.62633920 -0.25827630
v 0.32013410 0.62799920 -0.26576030
v 0.33814930 0.68598560 -0.26823520
v 0.21471570 0.59637410 -0.28375430
v 0.28452850 0.56722300 -0.28008990
v 0.27153630 0.57589100 -0.27567750
v 0.33134780 0.94136250 -0.28374200
v 0.33525640 0.92005250 -0.28249060
v 0.31984070 0.92112870 -0.27861330
v 0.30870740 0.95978800 -0.27416850
v 0.16271960 0.60903590 -0.30909860
v 0.19385240 0.60354620 -0.29182900
v 0.17438320 0.63617690 -0.29390420
v 0.18849690 0.62134930 -0.28854180
v 0.16329570 0.62342790 -0.30479140
v 0.20361920 0.63332130 -0.27795330
v 0.20766760 0.68719930 -0.26288420
v 0.22502230 0.67477130 -0.25799290
v 0.23825540 0.69728280 -0.25052580
v 0.23617380 0.62762110 -0.26422740
v 0.25228360 0.65981290 -0.25244460
v 0.19306120 0.69250010 -0.27099580
v 0.36129070 0.73641690 -0.28695630
v 0.26663590 0.90330020 -0.25150310
v 0.28343810 0.62239530 -0.25457270
v 0.26767280 0.63967660 -0.25091510
v 0.28942490 0.65014550 -0.25095270
v 0.28588500 0.71219180 -0.25493780
v 0.28675450 0.68186580 -0.25398080
v 0.20486930 0.61385680 -0.28245610
v 0.23129150 0.71996390 -0.24790820
v 0.22279170 0.64714560 -0.26602400
v 0.19777700 0.71332500 -0.26801120
v 0.35929030 0.70676150 -0.28642130
v 0.34743070 0.69251970 -0.27546630
v 0.34184810 0.65807380 -0.27503400
v 0.32938440 0.65424550 -0.26747170
v 0.34527180 0.63776190 -0.28347990
v 0.33462160 0.63060720 -0.27657710
v 0.31007260 0.64986380 -0.25778000
v 0.25794620 0.68556740 -0.24500540
v 0.27042030 0.66831810 -0.24654370
v 0.30171410 0.67060460 -0.25469410
v 0.20671000 0.73688890 -0.26249880
v 0.34767230 0.74224670 -0.27226900
v 0.32197280 0.77534690 -0.26972340
v 0.33436470 0.75473470 -0.26634710
v 0.27182880 0.69706170 -0.24548200
v 0.23986670 0.74112160 -0.24469880
v 0.32004150 0.67662390 -0.25985490
v 0.30396960 0.69612230 -0.26013190
v 0.29226220 0.73246020 -0.25907090
v 0.30744000 0.75491400 -0.26547910
v 0.27270900 0.72616760 -0.24599440
v 0.27596380 0.81797980 -0.24746380
v 0.29563580 0.78210330 -0.26344460
v 0.25659360 0.82722710 -0.24438930
v 0.25356010 0.84355190 -0.24582550
v 0.33850590 0.81236140 -0.26982790
v 0.25485550 0.71538900 -0.24307080
v 0.27383400 0.77827760 -0.24636650
v 0.28182510 0.79893560 -0.25032240
v 0.26133390 0.79733760 -0.24392160
v 0.25046100 0.81397740 -0.24402680
v 0.23255770 0.81395550 -0.24914770
v 0.23945520 0.79478300 -0.24481190
v 0.30190400 0.83328400 -0.26834760
v 0.32155960 0.82900110 -0.27366470
v 0.27399210 0.84064500 -0.24783920
v 0.29039700 0.83844030 -0.25670320
v 0.26050930 0.85805820 -0.24661780
v 0.30823960 0.86865710 -0.27291270
v 0.27123430 0.87276520 -0.24930090
v 0.30055990 0.85425890 -0.26777390
v 0.30064990 0.89510860 -0.26706400
v 0.29413150 0.87123010 -0.26020420
v 0.28584640 0.85730460 -0.25380220
v 0.30063420 0.88075350 -0.26660010
v 0.28433430 0.88980660 -0.25500460
v 0.25985440 0.74365070 -0.24283310
v 0.27545170 0.74460260 -0.24765510
v 0.26961070 0.76053370 -0.24490290
v 0.22055750 0.79604550 -0.25710210
v 0.20532900 0.78050640 -0.26324960
v 0.22384140 0.77421650 -0.25067550
v 0.24873580 0.76982130 -0.24300950
v 0.29343940 0.80645580 -0.26206980
v 0.31910030 0.81509660 -0.27242500
v 0.31480720 0.88336320 -0.27571030
v 0.32607990 0.86768080 -0.27447880
v 0.31655550 0.85029910 -0.27407500
v 0.33307960 0.84907790 -0.27262900
v 0.33665930 0.88280130 -0.27784030
v 0.33990150 0.83184010 -0.27173210
v 0.34048000 1.06201400 -0.30615140
v 0.32450420 1.05763400 -0.29191320
v 0.21648100 0.87059650 -0.26435670
v 0.24114840 0.96180900 -0.25849030
v 0.19445700 0.75719580 -0.26687590
v 0.20953330 0.75817570 -0.26136910
v 0.49097630 0.55375410 -0.51328200
v 0.49993330 0.54991200 -0.50022290
v 0.50882290 0.54777290 -0.48660810
v 0.51901810 0.54723730 -0.47609600
v 0.52999030 0.54615010 -0.46664510
v 0.54017640 0.54459770 -0.45596600
v 0.54667740 0.54323010 -0.44464110
v 0.54721220 0.54073970 -0.42996650
v 0.53349430 0.53765680 -0.42392440
v 0.52341860 0.53096980 -0.42986870
v 0.50687000 0.52873300 -0.43735450
v 0.48823670 0.52715840 -0.43409060
v 0.47647810 0.52445080 -0.41842940
v 0.47597840 0.52047670 -0.39964160
v 0.47429140 0.51432300 -0.38269930
v 0.47039790 0.50888080 -0.36783360
v 0.46386960 0.50237820 -0.35352140
v 0.44897580 0.49610240 -0.34162690
v 0.44064950 0.49361740 -0.35859340
v 0.34073720 1.27851400 -0.31863700
v 0.34913850 1.29254000 -0.32967410
v 0.35714110 1.30798300 -0.34096420
v 0.36246500 1.32552000 -0.35518640
v 0.36185150 1.34990800 -0.37364970
v 0.39380630 1.33952000 -0.42439020
v 0.40836460 1.32304200 -0.41949990
v 0.41940800 1.30607900 -0.41295300
v 0.42707370 1.28672900 -0.40932780
v 0.43238860 1.26534700 -0.40914130
v 0.43715360 1.24417600 -0.41185480
v 0.44358160 1.22208100 -0.41787810
v 0.45187940 1.20134200 -0.42973480
v 0.45355950 1.18328000 -0.44709550
v 0.44107050 1.17606400 -0.46737820
v 0.38717270 1.33602900 -0.39826810
v 0.42916390 1.11316000 -0.41363200
v 0.41661280 1.26010100 -0.38385200
v 0.37235990 1.34921400 -0.40274000
v 0.36124320 1.28850300 -0.33795200
v 0.44805970 1.17626300 -0.41824990
v 0.42719930 1.25463800 -0.39633800
v 0.39502370 1.33237900 -0.41162510
v 0.41376930 1.29727500 -0.39969880
v 0.37061160 1.32603500 -0.36748610
v 0.40519920 1.15486100 -0.50370180
v 0.43476040 1.21071900 -0.40312560
v 0.38208710 1.34593600 -0.41727900
v 0.35933270 1.35844300 -0.39370860
v 0.44691730 1.17484500 -0.45550370
v 0.36903010 1.27642800 -0.34056410
v 0.35215650 1.27048100 -0.32526710
v 0.44477250 1.20026400 -0.41528880
v 0.43304720 1.23222900 -0.39974220
v 0.45303800 1.18671900 -0.43266390
v 0.43948550 0.50411310 -0.35595290
v 0.43442410 0.51499250 -0.35416860
v 0.47388430 0.62236740 -0.40779590
v 0.47727840 0.78223290 -0.42413010
v 0.53658220 0.63804270 -0.46119010
v 0.49560730 0.56626540 -0.52188710
v 0.40378160 1.04944900 -0.37433750
v 0.42252750 1.10197000 -0.48194150
v 0.42227670 1.27671900 -0.39797700
v 0.37095590 1.29950000 -0.35220850
v 0.41030130 1.13574700 -0.50277430
v 0.40811650 1.12083700 -0.50184570
v 0.42976430 1.12688200 -0.48494300
v 0.36075650 1.24040200 -0.32428670
v 0.44477190 1.15807200 -0.43484070
v 0.42367100 1.22085800 -0.38109930
v 0.41939610 1.24071400 -0.37961480
v 0.40244450 1.24654400 -0.36215390
v 0.39200990 1.21624500 -0.34381550
v 0.40827090 1.22275400 -0.36064600
v 0.39158410 1.23663000 -0.34718120
v 0.40484780 1.20033800 -0.35314210
v 0.41883370 1.20077200 -0.36977630
v 0.37800260 1.23522100 -0.33475560
v 0.41312890 1.18196300 -0.36091730
v 0.43374080 1.18707800 -0.40180530
v 0.45319730 0.50912410 -0.34008310
v 0.44937650 0.63775940 -0.37174470
v 0.50021320 0.81035040 -0.46511430
v 0.44385920 0.74948230 -0.36616860
v 0.41895300 0.98168020 -0.37937530
v 0.51790090 0.70019320 -0.48064490
v 0.51052390 0.59201520 -0.51477580
v 0.51839420 0.55842060 -0.47573120
v 0.51638890 0.57718450 -0.48176330
v 0.51373130 0.58015280 -0.50125420
v 0.52193540 0.58966860 -0.47470530
v 0.51150470 0.56206000 -0.49518530
v 0.37229270 1.10813700 -0.33276680
v 0.38013040 1.07874000 -0.34360290
v 0.41973460 1.07200200 -0.48911860
v 0.36301170 1.16548500 -0.31777600
v 0.38123160 1.27321500 -0.35045910
v 0.39263400 1.29758700 -0.37450440
v 0.40102820 1.30715600 -0.38871590
v 0.40215300 1.31862800 -0.40118100
v 0.40785770 1.28309600 -0.38314700
v 0.39600180 1.27359100 -0.36542880
v 0.42390430 1.14488800 -0.49186540
v 0.43400730 1.14363000 -0.46956800
v 0.39867120 1.10523700 -0.50927930
v 0.39259130 1.12062000 -0.51497520
v 0.43292160 1.11146700 -0.45106200
v 0.41762590 1.11066900 -0.49387350
v 0.43142680 1.11429300 -0.46950430
v 0.41380810 1.09092500 -0.49661630
v 0.43707640 1.14232200 -0.44783340
v 0.42936080 1.10026200 -0.46122390
v 0.34710570 1.25600900 -0.31704210
v 0.36449220 1.25653900 -0.33021750
v 0.42859890 1.20071700 -0.38926990
v 0.41869450 0.53927720 -0.35375060
v 0.41930600 0.52545720 -0.35310640
v 0.42508780 0.61168690 -0.34473020
v 0.53949960 0.57089400 -0.42564920
v 0.43556910 0.95814200 -0.50043430
v 0.41235670 0.91556920 -0.36678350
v 0.50223330 0.58005710 -0.52050010
v 0.49797710 0.60211550 -0.53035740
v 0.36302410 1.19948100 -0.32081820
v 0.37869030 1.20883200 -0.33283030
v 0.35923190 1.11080500 -0.32023710
v 0.37435820 1.04247300 -0.33579160
v 0.39854340 1.06905500 -0.50890690
v 0.37996950 1.25722700 -0.34212490
v 0.38501730 1.28763300 -0.36137980
v 0.38129760 1.30599300 -0.36730800
v 0.38407120 1.32179600 -0.38106490
v 0.40557720 1.26041200 -0.37069180
v 0.39088470 1.25877300 -0.35384490
v 0.42555690 1.08593500 -0.47382790
v 0.39534370 1.08781300 -0.51014410
v 0.46325950 0.55236440 -0.34206420
v 0.41582990 0.65495740 -0.34435740
v 0.43607520 0.58581450 -0.33836270
v 0.47399250 0.53242900 -0.38727600
v 0.47568760 0.54129520 -0.40296920
v 0.46411650 0.85492340 -0.48601070
v 0.45451580 0.89893710 -0.49477410
v 0.38929870 0.83136320 -0.33706100
v 0.41075800 0.87238920 -0.35805690
v 0.43234300 0.94735210 -0.51844360
v 0.42486520 1.00542600 -0.49902740
v 0.38819460 0.92026580 -0.35060460
v 0.54690370 0.56063390 -0.45008810
v 0.52766820 0.56916920 -0.46842370
v 0.50390480 0.62321350 -0.51841120
v 0.48584890 0.70138880 -0.50755170
v 0.49982430 0.69369500 -0.50434970
v 0.48152370 0.75206290 -0.49503310
v 0.34908720 1.20946000 -0.31170480
v 0.36090950 1.18446800 -0.31753800
v 0.40646940 1.15850300 -0.35664310
v 0.39079650 1.19757100 -0.34082810
v 0.39610130 1.17661600 -0.34463620
v 0.36082820 1.09519600 -0.32320210
v 0.36487890 1.08008700 -0.32827110
v 0.38521140 1.10939300 -0.34543970
v 0.36059990 1.12731000 -0.31968990
v 0.38999080 1.13241100 -0.34598510
v 0.36365850 1.14536800 -0.32020120
v 0.40885400 1.07756200 -0.50145630
v 0.41299830 1.05345400 -0.49969110
v 0.43020380 1.09502700 -0.44148430
v 0.41466780 0.70146680 -0.34477170
v 0.42032670 0.63034860 -0.34498830
v 0.47740980 0.55677480 -0.41966170
v 0.47061410 0.52622100 -0.36838540
v 0.54024250 0.55367780 -0.42498930
v 0.51299990 0.55202190 -0.43645190
v 0.52349260 0.54325020 -0.43028120
v 0.46486860 0.79400040 -0.50084130
v 0.45470430 0.85223820 -0.50609160
v 0.44901190 0.89807190 -0.51189710
v 0.44052270 0.93109080 -0.51050490
v 0.44452190 0.91826800 -0.51110170
v 0.37270980 0.82244330 -0.32461380
v 0.38891140 0.81198310 -0.33332490
v 0.38198700 0.84844480 -0.33595180
v 0.39435320 0.76399600 -0.33421630
v 0.42723400 0.97170150 -0.51272200
v 0.41984590 0.99040240 -0.51312700
v 0.41212000 1.01062400 -0.51170370
v 0.43210290 0.98734490 -0.49479930
v 0.37378570 0.96483650 -0.32557680
v 0.37626190 0.94650860 -0.33459380
v 0.37446030 0.98096270 -0.32754250
v 0.37576480 0.92713270 -0.33450830
v 0.38323830 0.93787260 -0.34651640
v 0.37534040 0.90723870 -0.33364160
v 0.53757410 0.56088090 -0.46106290
v 0.54402720 0.57769860 -0.45701870
v 0.53357130 0.58241800 -0.46355950
v 0.55052420 0.55537890 -0.43718750
v 0.55399950 0.59235410 -0.44797610
v 0.55078030 0.60876730 -0.45334950
v 0.50650440 0.64283930 -0.50871100
v 0.47988150 0.71900410 -0.50432970
v 0.48950590 0.73050410 -0.49818490
v 0.49618080 0.71034610 -0.50198570
v 0.51650650 0.71946330 -0.47663920
v 0.50457300 0.71868170 -0.49248570
v 0.50741220 0.73674330 -0.47648980
v 0.49729400 0.73627840 -0.48844590
v 0.51278780 0.76890740 -0.45050750
v 0.50238880 0.76688670 -0.47155890
v 0.49766300 0.75052150 -0.47883250
v 0.49107420 0.65750630 -0.51770380
v 0.48732610 0.67812890 -0.51541940
v 0.51307370 0.62363320 -0.50226020
v 0.51688890 0.60859980 -0.48481760
v 0.51005220 0.60798970 -0.51582280
v 0.51751840 0.59852200 -0.49847990
v 0.51603610 0.59190500 -0.48762930
v 0.36869360 1.06315400 -0.33234850
v 0.37533530 1.09180600 -0.33763200
v 0.37348510 1.12282400 -0.33196400
v 0.40675440 1.13944700 -0.36154150
v 0.37685120 1.14031500 -0.33243780
v 0.38073420 1.16221600 -0.33232840
v 0.39917240 1.04989800 -0.51063040
v 0.43183990 1.10864000 -0.43209870
v 0.43776520 1.12516900 -0.44044680
v 0.43427380 1.12102800 -0.42604040
v 0.43613420 0.53200200 -0.34176420
v 0.44988970 0.52328500 -0.33799210
v 0.45801760 0.53768890 -0.33951410
v 0.46450780 0.52162400 -0.35164390
v 0.46799680 0.53675340 -0.35553110
v 0.39955140 0.69271550 -0.33886960
v 0.40653260 0.67247650 -0.34118540
v 0.43316840 0.63350880 -0.35586630
v 0.40526880 0.63507680 -0.34031990
v 0.43813410 0.60423100 -0.34812790
v 0.40952180 0.59119440 -0.34132920
v 0.40864600 0.57283540 -0.34446070
v 0.41088940 0.55672760 -0.34776070
v 0.42274400 0.59021590 -0.34028780
v 0.49053260 0.54583040 -0.43310340
v 0.47263760 0.54535970 -0.37465110
v 0.47490230 0.56351610 -0.37394630
v 0.54855440 0.56703670 -0.43076700
v 0.52670930 0.57323080 -0.43375150
v 0.46874480 0.81172100 -0.49281610
v 0.47433270 0.77535550 -0.49402520
v 0.46700330 0.77127630 -0.50178100
v 0.46709910 0.87007180 -0.47761750
v 0.45226990 0.87716610 -0.50035840
v 0.49657070 0.84315160 -0.45928900
v 0.48308590 0.85442950 -0.47204250
v 0.46153560 0.83627170 -0.49737440
v 0.47147030 0.89472340 -0.47299250
v 0.39172640 0.78533290 -0.33312430
v 0.40414680 0.82256220 -0.34410990
v 0.43772450 0.80071670 -0.35949340
v 0.41900190 0.81479690 -0.35267720
v 0.43566560 0.82490480 -0.36022080
v 0.41337860 0.79909210 -0.34684140
v 0.41174020 0.83753710 -0.35254030
v 0.38861550 0.86680190 -0.34402330
v 0.37792400 0.88443150 -0.33627730
v 0.44009520 0.84827230 -0.36585440
v 0.40241590 0.71628350 -0.34034870
v 0.43727450 1.00493000 -0.47957010
v 0.44109940 0.97011370 -0.48493220
v 0.38023110 0.96128880 -0.34218730
v 0.38743630 0.97496930 -0.35394080
v 0.38510580 0.99673320 -0.34897170
v 0.40124200 0.93403760 -0.36379570
v 0.40248240 0.97022050 -0.37107090
v 0.55218560 0.57071990 -0.44328820
v 0.55269990 0.58340000 -0.43500780
v 0.54347430 0.58666950 -0.42694250
v 0.53499800 0.59551100 -0.42745270
v 0.50044010 0.63732160 -0.51709830
v 0.52234410 0.72344720 -0.44500720
v 0.51976080 0.73480020 -0.46521760
v 0.50033940 0.66286350 -0.51036030
v 0.51557710 0.61209170 -0.50017920
v 0.52269100 0.62207070 -0.47114260
v 0.53636960 0.61080040 -0.46243530
v 0.38160320 1.05226700 -0.34503770
v 0.39753700 1.12371700 -0.35573890
v 0.40784440 1.02939500 -0.50934640
v 0.40900800 1.10050500 -0.37538960
v 0.42030860 1.08185800 -0.39955280
v 0.42903860 1.07908800 -0.43186110
v 0.44755220 0.55493110 -0.33770680
v 0.42995300 0.55413970 -0.34108980
v 0.43047880 0.67034880 -0.35195460
v 0.41764730 0.68009770 -0.34528890
v 0.41150500 0.61340620 -0.34207640
v 0.42448110 0.57126870 -0.33994460
v 0.48041730 0.57980420 -0.42328790
v 0.50205680 0.56862940 -0.43542690
v 0.49758110 0.58407330 -0.43308250
v 0.50249560 0.59919680 -0.43048710
v 0.48293670 0.59529430 -0.42550720
v 0.47867560 0.57459250 -0.40075400
v 0.47648980 0.59225610 -0.40567740
v 0.52619170 0.55906950 -0.42940290
v 0.44025630 0.94243910 -0.49716020
v 0.44822290 0.95141620 -0.47896530
v 0.46450630 0.93204250 -0.47117290
v 0.39714620 0.79949860 -0.33707610
v 0.40881900 0.77759030 -0.34197640
v 0.40077470 0.85324940 -0.34949710
v 0.45537990 0.97138160 -0.46793950
v 0.44694660 0.98763340 -0.47272610
v 0.37346310 1.00626400 -0.32847540
v 0.38177760 1.02176600 -0.34216750
v 0.39285720 0.90075530 -0.35202150
v 0.39543220 0.88498410 -0.35137790
v 0.40029490 0.99427930 -0.37193750
v 0.39345180 1.01216000 -0.36146680
v 0.39402910 0.95422940 -0.36080530
v 0.40878550 0.94949830 -0.37126400
v 0.47838940 0.79105350 -0.48707020
v 0.48703870 0.77015560 -0.48641950
v 0.51469890 0.75995620 -0.46255840
v 0.51697530 0.61747640 -0.48387140
v 0.52581190 0.60443990 -0.46936560
v 0.53739110 0.62487450 -0.46163820
v 0.54815610 0.62894630 -0.45029620
v 0.55152640 0.61343280 -0.44058730
v 0.55082000 0.60066800 -0.43379460
v 0.54639060 0.63240510 -0.43747690
v 0.52303950 0.62632410 -0.43297340
v 0.53677070 0.63916280 -0.43058520
v 0.52018140 0.60975740 -0.43515690
v 0.53960190 0.61797490 -0.42971750
v 0.39453190 1.05440200 -0.36137630
v 0.39195800 1.03792200 -0.35783660
v 0.40237520 1.03072600 -0.37294700
v 0.38574750 1.06605400 -0.35031530
v 0.42418950 1.01829200 -0.49488960
v 0.42290810 1.03337700 -0.49170820
v 0.42186240 1.10265800 -0.39783600
v 0.41191710 1.08365500 -0.38388760
v 0.39948280 1.10671800 -0.36193390
v 0.39101380 1.09397700 -0.35413580
v 0.40119120 1.06783100 -0.36992910
v 0.41524110 1.06461000 -0.39079890
v 0.42671260 1.09296000 -0.41841380
v 0.42500480 1.06878700 -0.41147100
v 0.42476910 1.04982100 -0.40628500
v 0.42983050 1.05771300 -0.42797310
v 0.43101150 1.06253200 -0.44743270
v 0.42950720 1.08154100 -0.45395530
v 0.44352520 0.70794070 -0.36600690
v 0.42957740 0.64738800 -0.35200240
v 0.44102530 0.62190080 -0.35598250
v 0.49475680 0.61069210 -0.43079650
v 0.44763120 0.93081880 -0.48389590
v 0.46583850 0.92359910 -0.43589960
v 0.42016660 0.93523450 -0.37299020
v 0.42010120 0.96029500 -0.37590530
v 0.49289050 0.79175950 -0.47626570
v 0.50206100 0.82208540 -0.45521770
v 0.53960830 0.59603700 -0.46209680
v 0.39654920 1.08068300 -0.36256910
v 0.41370250 1.04283400 -0.38709350
v 0.43987250 1.01138800 -0.43320620
v 0.45009930 0.66585430 -0.38422920
v 0.43920830 0.67227670 -0.36823250
v 0.47534730 0.60480310 -0.41317620
v 0.47330300 0.92850630 -0.45313060
v 0.49175330 0.86454700 -0.45636210
v 0.43372740 0.94874400 -0.37938720
v 0.50767780 0.79653450 -0.45342710
v 0.50469000 0.78357580 -0.44501120
v 0.50116020 0.77079630 -0.44042770
v 0.51457210 0.75183790 -0.44629010
v 0.51672580 0.70455350 -0.43442350
v 0.40769830 1.01840600 -0.38019310
v 0.42118370 1.00471400 -0.38431150
v 0.43765550 1.03022700 -0.44871130
v 0.43921910 0.96913490 -0.40793520
v 0.43701760 0.72876280 -0.35934320
v 0.44484680 0.65270190 -0.37518630
v 0.47459450 0.64129760 -0.40296030
v 0.46449260 0.68276530 -0.39372320
v 0.45815920 0.64513250 -0.38901150
v 0.46877930 0.66028690 -0.39810130
v 0.48090590 0.65603660 -0.41651580
v 0.44833930 0.68782700 -0.37990610
v 0.46586850 0.72640070 -0.39632030
v 0.46743920 0.70434290 -0.39578210
v 0.44035050 0.68900680 -0.36275130
v 0.44865050 0.61093400 -0.36737860
v 0.46789660 0.62518390 -0.39199310
v 0.49091650 0.84392800 -0.44432340
v 0.47350270 0.91158940 -0.46801480
v 0.46770290 0.90461440 -0.43751170
v 0.47887400 0.90728080 -0.44633180
v 0.48493320 0.88852560 -0.45807140
v 0.48482990 0.75109170 -0.42812460
v 0.52651260 0.69973590 -0.46358210
v 0.43333440 1.04616900 -0.44299150
v 0.43095630 1.04173600 -0.42253760
v 0.43516640 1.02784100 -0.42996400
v 0.44233500 1.01355400 -0.45630090
v 0.43202300 0.99037460 -0.38887730
v 0.43641890 0.98784350 -0.40344120
v 0.44047510 0.99024810 -0.42441870
v 0.42887000 0.69396800 -0.35166510
v 0.47480290 0.69357410 -0.40499990
v 0.48691730 0.62062100 -0.42552540
v 0.48352990 0.63885020 -0.42108960
v 0.49430700 0.65873960 -0.42552160
v 0.52097330 0.64542340 -0.42974680
v 0.50065010 0.64294370 -0.42939800
v 0.51549570 0.66818560 -0.42989920
v 0.52428740 0.68669220 -0.43487590
v 0.54531560 0.65076250 -0.44501680
v 0.53839120 0.65726430 -0.45441010
v 0.54068270 0.67026370 -0.44574100
v 0.45037760 0.59784980 -0.35795830
v 0.46975590 0.59394410 -0.38888820
v 0.46519530 0.95164800 -0.46037080
v 0.49464470 0.82791440 -0.44462830
v 0.48347160 0.87952470 -0.44405660
v 0.48165100 0.87728400 -0.46774400
v 0.50059250 0.74872350 -0.43588860
v 0.48867350 0.76792230 -0.43423810
v 0.47534890 0.76211410 -0.41758750
v 0.49294610 0.72914610 -0.43042250
v 0.47709470 0.73452800 -0.41570610
v 0.50001470 0.70881980 -0.43097750
v 0.49280830 0.69171280 -0.42524300
v 0.48226360 0.69503230 -0.41752320
v 0.50970460 0.68507290 -0.43193590
v 0.50045460 0.67417630 -0.42868910
v 0.51170580 0.72913610 -0.43699690
v 0.52398590 0.72118770 -0.46025110
v 0.52802680 0.70785010 -0.44696600
v 0.43019910 1.03065600 -0.40971210
v 0.43565470 1.00791300 -0.41782280
v 0.43615210 0.97300340 -0.38765480
v 0.44162900 0.95339710 -0.39249330
v 0.44652560 0.99514810 -0.44071630
v 0.45389050 0.98272910 -0.45104810
v 0.44823480 0.99727560 -0.45667230
v 0.45876510 0.96514370 -0.44562880
v 0.47384730 0.71336250 -0.40708160
v 0.48278250 0.71542930 -0.42065600
v 0.52147830 0.63793590 -0.47094060
v 0.51322420 0.63346630 -0.48886590
v 0.51556800 0.67619390 -0.48111290
v 0.52755400 0.67532590 -0.46193440
v 0.45554930 0.70688610 -0.38447850
v 0.45189480 0.72807550 -0.37704370
v 0.42844880 0.74940460 -0.35291880
v 0.45706270 0.60669970 -0.38061070
v 0.46671800 0.60414170 -0.39664310
v 0.45965670 0.59512580 -0.36947950
v 0.45648480 0.58123120 -0.35223110
v 0.44310980 0.57150350 -0.33907650
v 0.45938050 0.56621400 -0.34317440
v 0.46590830 0.58527540 -0.36674100
v 0.46932660 0.57112830 -0.35817440
v 0.47345980 0.58080820 -0.38078000
v 0.45763040 0.75048360 -0.38362490
v 0.46908400 0.75128340 -0.40312100
v 0.45072160 0.76936750 -0.37281200
v 0.46279890 0.77418080 -0.38974010
v 0.47010200 0.77536060 -0.40653040
v 0.42400010 0.77069320 -0.35101010
v 0.44787830 0.78463220 -0.36851510
v 0.47521910 0.67482210 -0.40762810
v 0.48263740 0.67250520 -0.41816300
v 0.53478590 0.68680140 -0.44810890
v 0.42542290 1.02584500 -0.39408350
v 0.43310020 1.00814200 -0.39992930
v 0.44223090 0.94596420 -0.40477890
v 0.44659210 0.97523940 -0.43185370
v 0.44717460 0.95587920 -0.42588280
v 0.46121600 0.94592170 -0.43841330
v 0.51284120 0.65144570 -0.48458650
v 0.47197640 0.79091420 -0.41200870
v 0.43830110 0.76508230 -0.35986630
v 0.44865080 0.93628850 -0.42174460
v 0.44811800 0.81748650 -0.37078030
v 0.45287540 0.80246810 -0.37541820
v 0.46784900 0.81264920 -0.40511450
v 0.46634080 0.79661550 -0.39826750
v 0.45950020 0.81469290 -0.38595700
v 0.47214360 0.82244220 -0.42024910
v 0.48231870 0.81387070 -0.43761780
v 0.46614750 0.83307960 -0.40605820
v 0.47832850 0.82832090 -0.43620550
v 0.47449650 0.80415640 -0.42294010
v 0.48653500 0.79117510 -0.43692330
v 0.49660910 0.80689200 -0.44276360
v 0.43291200 1.17049400 -0.40032590
v 0.44120150 1.15189200 -0.41389900
v 0.41832940 1.15173900 -0.37255230
v 0.44027310 1.13689400 -0.42962190
v 0.42180210 1.16711500 -0.37497750
v 0.42122720 1.13510300 -0.38133350
v 0.43077290 1.12981400 -0.40676330
v 0.42165040 1.11717000 -0.39026350
v 0.41028630 1.12029600 -0.37152170
v 0.42879140 1.06376600 -0.46847800
v 0.43200340 1.04881400 -0.45880330
v 0.42414270 1.05119800 -0.48460550
v 0.37714650 1.18554400 -0.32974690
v 0.48928490 0.82952250 -0.47208160
v 0.48421390 0.80978600 -0.47934040
v 0.47446960 0.83317340 -0.48153760
v 0.43069510 0.88311800 -0.36659650
v 0.44565780 0.89539500 -0.37854690
v 0.44400270 0.91579730 -0.38168760
v 0.43158640 0.92562460 -0.37441400
v 0.43106810 0.90555270 -0.37109830
v 0.41291000 0.89447020 -0.36314780
v 0.45365150 0.91323260 -0.42243550
v 0.44772090 0.90600900 -0.40091850
v 0.44867240 0.88572790 -0.39161050
v 0.43356080 1.02512400 -0.47478760
v 0.43080230 1.04236600 -0.47168780
v 0.48356270 0.85896470 -0.44004540
v 0.42108760 0.72618620 -0.34808320
v 0.45313830 0.85325930 -0.38158620
v 0.45413580 0.86854810 -0.39563950
v 0.45262360 0.83173380 -0.37702260
v 0.46632430 0.86799770 -0.41919130
v 0.46237380 0.85134510 -0.40487310
v 0.47123050 0.84345020 -0.42257480
v 0.46241000 0.88731370 -0.42717330
v 0.47092840 0.88991430 -0.43906040
v 0.46922730 0.86980570 -0.43414500
v 0.45788670 0.88713560 -0.41060830
v 0.45635030 0.89878410 -0.42080200
v 0.44574020 0.87094550 -0.37283430
v 0.42530660 0.86173580 -0.36185000
v 0.44495040 0.92404940 -0.40241550
v 0.44311270 0.93276090 -0.38625140
v 0.37681200 1.17001700 -0.51522140
v 0.13979050 1.11059900 -0.32391880
v 0.15063130 1.11781800 -0.29539790
v 0.13051240 1.13610400 -0.33608160
v 0.14968000 1.10650400 -0.46699140
v 0.11301020 1.11812400 -0.40745530
v 0.26502870 1.26776200 -0.25257460
v 0.21044190 1.13803100 -0.23484040
v 0.16459610 1.10036800 -0.26422970
v 0.15725340 1.10645000 -0.26761010
v 0.22286770 1.15464200 -0.23355170
v 0.17582830 1.08960700 -0.26556880
v 0.37263830 1.34181300 -0.38494260
v 0.43733390 1.16385700 -0.45683910
v 0.43495690 1.12676100 -0.46049530
v 0.44673740 1.17655500 -0.44737110
v 0.43177040 1.15940900 -0.48110790
v 0.42326090 1.16810000 -0.47890560
v 0.40610910 1.16625100 -0.49868420
v 0.44384080 1.17330900 -0.44144480
v 0.42892970 1.15073000 -0.39316430
v 0.48074370 0.64524850 -0.52316960
v 0.41793540 0.58011740 -0.55671480
v 0.34552710 1.35213100 -0.44452330
v 0.36534000 0.56997930 -0.53448100
v 0.42262210 0.66138740 -0.58573400
v 0.30972060 0.62833170 -0.51860340
v 0.30626590 0.59872350 -0.51086730
v 0.24958680 0.69236410 -0.48385300
v 0.44275460 0.85122700 -0.53634410
v 0.29979110 1.05483800 -0.53083080
v 0.45176830 0.73507010 -0.54780940
v 0.28444840 0.89776430 -0.54004580
v 0.28564150 0.97309940 -0.53376070
v 0.38765370 0.81819280 -0.55889910
v 0.41608860 0.74865080 -0.57861240
v 0.34741460 0.95874860 -0.53551790
v 0.37318100 0.90088230 -0.54194050
v 0.42693670 0.72637540 -0.58426790
v 0.30112790 0.81296910 -0.53705840
v 0.17021500 0.60008390 -0.49642270
v 0.09548803 0.66614250 -0.42973240
v 0.21702180 0.69500000 -0.47470230
v 0.18831950 0.86429090 -0.50189320
v 0.10966280 0.67659820 -0.38752110
v 0.13628830 0.88635620 -0.44899280
v 0.10746840 0.69140760 -0.40259990
v 0.12122040 0.75972220 -0.34741330
v 0.28877730 1.24057300 -0.26805650
v 0.25846270 1.16953000 -0.23449130
v 0.34823850 1.22426000 -0.31420090
v 0.22629760 1.04691500 -0.25455430
v 0.31053490 1.21492300 -0.28247340
v 0.15701390 0.79188400 -0.27822890
v 0.38264140 0.58502730 -0.33589170
v 0.31415300 0.47718500 -0.33016350
v 0.30242550 0.46959380 -0.33259330
v 0.36361070 0.57143120 -0.32555340
v 0.37199640 0.86310720 -0.32667660
v 0.17963050 0.92983770 -0.27687680
v 0.16112590 0.98086560 -0.29695930
v 0.34827990 0.77397910 -0.27097710
v 0.21227400 0.55913110 -0.30153950
v 0.29679680 0.55778890 -0.29206110
v 0.25463080 0.58861580 -0.26951670
v 0.36117830 0.74000140 -0.30252240
v 0.26815530 0.93431670 -0.25470680
v 0.28628930 0.91252000 -0.25761250
v 0.31137940 0.90569720 -0.27470670
v 0.33065550 0.73557630 -0.26463700
v 0.31013770 0.72312080 -0.26284170
v 0.33237670 0.79317560 -0.26867350
v 0.31162130 0.79721260 -0.27037280
v 0.19366860 0.74019200 -0.26731550
v 0.45981200 0.81509350 -0.50652160
v 0.42662220 1.18427500 -0.38378520
v 0.50463480 0.56964850 -0.51016400
v 0.36542910 1.22084400 -0.32502340
v 0.47595900 0.55388450 -0.39444870
v 0.47634590 0.53573620 -0.41790500
v 0.45743950 0.89079650 -0.48113360
v 0.45524560 0.91431040 -0.47772570
v 0.50802480 0.62449810 -0.43313410
v 0.52060370 0.73993270 -0.45231990
v 0.53376230 0.66874420 -0.43599990
v 0.52300320 0.65297200 -0.46821380
v 0.50776830 0.65636020 -0.50109130
v 0.46944460 0.55685000 -0.35547520
v 0.45813450 0.79144600 -0.38208810
v 0.46146150 0.83441150 -0.39486660
v 0.46099060 0.58193500 -0.56138640
v 0.27183790 0.76156900 -0.51729370
v 0.34309770 0.61852990 -0.54058090
v 0.29307450 0.67161090 -0.51256060
v 0.33974470 1.03358800 -0.52784560
v 0.33820480 1.09350400 -0.52783820
v 0.34033220 1.01017400 -0.52983520
v 0.45469230 0.61750430 -0.55752940
v 0.29475180 0.96483850 -0.53261110
v 0.29496720 1.12427700 -0.54901630
v 0.41935700 0.81644190 -0.56677070
v 0.28587900 0.80857890 -0.53232870
v 0.21327150 0.57563560 -0.49574720
v 0.09951675 0.59380920 -0.48520790
v 0.12694920 0.62833710 -0.34174010
v 0.17253870 0.72509880 -0.47416220
v 0.09885982 0.64220790 -0.40801920
v 0.20158790 0.80018170 -0.49884280
v 0.12070490 0.71856630 -0.46064410
v 0.31693520 1.18659400 -0.28459490
v 0.32078230 1.23324700 -0.29119660
v 0.32504510 0.97238260 -0.28476040
v 0.21031250 0.52194960 -0.31227910
v 0.26278060 0.48866670 -0.31821560
v 0.32054680 0.95338790 -0.28068650
v 0.19714190 0.59028970 -0.29686380
v 0.21701900 0.73719350 -0.25312870
v 0.23716540 0.65366280 -0.25865320
v 0.24882100 0.63757980 -0.25674690
v 0.20987120 0.72066760 -0.25762300
v 0.29205830 0.82179380 -0.25852120
v 0.29912900 0.81758840 -0.26630080
v 0.41677020 1.15925700 -0.49177880
v 0.39599420 1.13995100 -0.51132820
v 0.50868000 0.69436900 -0.49395960
v 0.39386550 1.15340400 -0.34516680
v 0.47119860 0.74634110 -0.50302510
v 0.50125050 0.67724550 -0.50622730
v 0.50723380 0.67706270 -0.49123110
v 0.43700030 0.64988380 -0.36342130
v 0.47170910 0.85110520 -0.43265480
v 0.40502290 0.73764670 -0.34107670
v 0.42965050 0.71067540 -0.35258810
v 0.50873520 0.78543820 -0.46148380
v 0.51730760 0.59178950 -0.43570080
v 0.45451140 0.62444730 -0.37379910
v 0.53305820 0.65677080 -0.43156520
v 0.41340030 0.75333130 -0.34525840
v 0.43360810 0.78503970 -0.35638270
v 0.34661810 0.71997300 -0.27243770
f 26 27 142
f 29 105 28
f 142 27 28
f 142 25 26
f 38 39 129
f 164 134 163
f 135 164 23
f 126 35 36
f 44 45 116
f 191 21 22
f 36 37 125
f 19 238 239
f 210 211 255
f 40 120 39
f 30 2372 105
f 19 239 18
f 2372 113 106
f 105 29 30
f 111 104 154
f 353 18 239
f 34 35 122
f 589 91 586
f 81 82 83
f 585 587 112
f 288 192 286
f 75 103 199
f 294 269 17
f 93 94 204
f 10 533 229
f 277 11 12
f 587 145 112
f 15 267 14
f 49 169 736
f 87 118 2305
f 5 231 4
f 81 83 111
f 189 2 2405
f 1862 163 22
f 31 32 113
f 189 188 2
f 231 284 4
f 150 166 105
f 96 160 95
f 206 209 208
f 172 91 92
f 123 118 88
f 109 44 116
f 2305 108 86
f 111 154 114
f 84 104 83
f 79 80 114
f 117 174 113
f 584 127 588
f 75 76 103
f 91 172 586
f 235 161 190
f 155 120 40
f 125 37 38
f 582 128 153
f 118 123 124
f 43 44 109
f 124 123 127
f 121 109 128
f 123 89 127
f 45 46 110
f 58 220 219
f 110 100 116
f 46 139 110
f 177 178 99
f 151 33 34
f 585 78 583
f 47 101 46
f 117 33 151
f 196 50 51
f 33 117 32
f 242 55 300
f 119 155 41
f 42 121 119
f 221 218 220
f 122 175 151
f 53 194 240
f 110 116 45
f 240 2310 816
f 114 584 583
f 127 89 90
f 86 108 85
f 139 46 101
f 41 42 119
f 118 124 154
f 74 75 198
f 199 750 198
f 112 77 78
f 79 583 78
f 108 104 84
f 109 121 43
f 104 111 83
f 2305 86 87
f 118 87 88
f 81 111 80
f 117 113 32
f 123 88 89
f 108 84 85
f 114 583 79
f 119 121 128
f 126 122 35
f 588 586 587
f 66 67 230
f 121 42 43
f 114 154 124
f 30 31 2372
f 104 108 2305
f 118 154 2305
f 750 140 73
f 100 177 181
f 71 252 70
f 111 114 80
f 461 136 352
f 280 230 278
f 223 852 270
f 125 126 36
f 155 40 41
f 175 122 126
f 129 125 38
f 405 183 404
f 130 129 120
f 115 130 405
f 120 2306 130
f 115 212 2304
f 322 318 319
f 227 532 410
f 230 342 65
f 161 189 190
f 135 165 164
f 245 52 921
f 698 169 48
f 100 110 139
f 100 139 138
f 138 139 48
f 148 143 145
f 171 72 73
f 147 246 102
f 205 92 93
f 148 144 143
f 166 142 105
f 135 25 142
f 23 24 135
f 145 143 77
f 145 149 148
f 144 103 143
f 143 76 77
f 103 102 199
f 112 145 77
f 144 147 102
f 146 173 304
f 149 145 587
f 149 146 148
f 586 149 587
f 144 148 304
f 166 150 97
f 237 150 106
f 113 2372 31
f 460 2307 107
f 151 175 176
f 151 34 122
f 109 152 128
f 128 152 153
f 109 116 181
f 153 152 99
f 99 152 177
f 152 109 181
f 99 178 2309
f 589 127 90
f 2306 120 155
f 419 411 420
f 270 271 328
f 363 496 534
f 282 395 446
f 345 235 285
f 208 141 206
f 188 233 160
f 21 191 2303
f 164 163 1862
f 163 134 192
f 23 164 1862
f 166 165 135
f 346 165 97
f 134 164 165
f 165 166 97
f 142 166 135
f 350 238 351
f 416 415 411
f 261 215 216
f 215 261 2308
f 298 299 2373
f 301 433 2373
f 214 179 2309
f 2309 178 213
f 137 177 138
f 48 169 138
f 72 71 864
f 253 201 251
f 203 95 483
f 172 92 205
f 146 205 173
f 172 205 146
f 205 204 173
f 249 173 206
f 106 113 174
f 150 2372 106
f 151 174 117
f 176 254 174
f 175 210 176
f 311 310 210
f 169 137 138
f 178 177 137
f 256 261 216
f 178 137 213
f 2309 179 180
f 214 2309 213
f 49 213 137
f 185 2374 182
f 183 582 184
f 152 181 177
f 180 184 153
f 582 153 184
f 115 405 457
f 184 180 185
f 182 183 184
f 2308 261 314
f 184 185 182
f 314 2374 185
f 318 320 277
f 353 239 293
f 411 415 431
f 370 273 334
f 7 8 228
f 282 446 2377
f 435 591 434
f 533 11 277
f 278 67 68
f 281 342 230
f 308 307 302
f 342 281 374
f 133 233 235
f 483 95 160
f 1 2 2282
f 188 161 233
f 483 484 450
f 209 204 203
f 190 189 234
f 188 189 161
f 284 190 234
f 193 162 236
f 163 191 22
f 346 237 2379
f 238 20 351
f 293 239 350
f 265 57 218
f 197 51 52
f 921 2310 245
f 197 52 168
f 168 52 245
f 196 213 50
f 199 198 75
f 144 102 103
f 140 199 102
f 249 304 173
f 403 356 306
f 70 305 69
f 140 171 73
f 202 72 171
f 171 247 251
f 252 202 201
f 203 204 94
f 95 203 94
f 173 204 206
f 205 93 204
f 208 209 207
f 483 160 484
f 307 309 302
f 204 209 206
f 483 209 203
f 349 254 310
f 286 192 134
f 254 176 310
f 151 176 174
f 211 126 212
f 255 107 311
f 211 175 126
f 211 312 255
f 357 212 115
f 125 2304 126
f 312 211 212
f 50 213 49
f 214 213 196
f 214 196 215
f 215 197 168
f 297 259 258
f 258 259 257
f 216 215 168
f 217 168 245
f 217 194 258
f 257 464 256
f 168 217 2375
f 185 180 179
f 153 99 180
f 2309 180 99
f 100 138 177
f 116 100 181
f 185 179 2308
f 262 58 59
f 263 59 60
f 243 355 242
f 262 220 58
f 262 361 468
f 57 219 218
f 218 219 220
f 508 517 506
f 266 355 243
f 409 221 220
f 368 15 16
f 186 2311 267
f 271 955 62
f 273 62 63
f 329 272 328
f 224 333 61
f 263 361 262
f 592 226 6
f 592 6 225
f 7 225 6
f 226 337 283
f 282 231 232
f 6 226 274
f 228 8 187
f 187 8 227
f 187 276 228
f 228 225 7
f 229 9 1885
f 227 8 9
f 10 11 533
f 227 229 532
f 9 229 227
f 230 67 278
f 279 68 69
f 281 280 159
f 369 335 342
f 232 231 5
f 454 399 480
f 160 96 188
f 235 233 161
f 484 233 133
f 189 3 234
f 285 190 284
f 235 190 285
f 193 236 20
f 191 192 193
f 163 192 191
f 150 237 97
f 237 106 348
f 239 238 350
f 236 351 20
f 293 350 167
f 294 18 353
f 326 269 325
f 245 240 217
f 295 53 241
f 299 54 55
f 241 195 295
f 241 54 299
f 299 242 2373
f 57 265 56
f 221 244 266
f 196 51 197
f 240 245 2310
f 304 250 147
f 246 200 247
f 102 246 140
f 170 247 200
f 171 251 202
f 140 247 171
f 246 247 140
f 200 248 170
f 200 246 147
f 309 141 208
f 248 200 250
f 304 147 144
f 250 249 141
f 247 170 251
f 253 251 170
f 141 249 206
f 202 252 71
f 356 252 201
f 356 305 252
f 338 339 279
f 201 202 251
f 254 106 174
f 106 254 348
f 211 210 175
f 257 256 2375
f 2375 256 216
f 464 260 256
f 258 257 2375
f 464 257 359
f 297 258 194
f 260 98 314
f 179 214 2308
f 263 262 59
f 264 263 60
f 361 263 264
f 60 333 264
f 315 361 264
f 316 361 317
f 266 265 218
f 300 56 243
f 221 266 218
f 266 244 355
f 13 14 2311
f 319 186 323
f 368 267 15
f 268 222 16
f 268 17 269
f 16 222 368
f 222 268 269
f 271 270 955
f 223 270 328
f 273 271 62
f 330 332 377
f 329 328 271
f 329 331 272
f 334 63 64
f 64 65 335
f 369 336 370
f 275 226 283
f 226 275 274
f 5 275 232
f 337 226 592
f 276 434 228
f 227 410 187
f 499 187 410
f 410 470 499
f 568 131 2380
f 187 499 276
f 435 434 2318
f 277 531 533
f 279 278 68
f 305 279 69
f 338 279 305
f 339 280 278
f 371 340 159
f 230 65 66
f 335 65 342
f 373 281 159
f 281 373 374
f 283 282 232
f 283 343 282
f 231 282 2377
f 283 232 275
f 392 395 343
f 4 284 234
f 284 2377 285
f 446 344 399
f 134 165 346
f 346 97 237
f 134 346 286
f 288 347 287
f 347 286 2379
f 288 287 292
f 351 290 289
f 162 292 290
f 292 162 288
f 192 288 162
f 292 291 290
f 291 352 289
f 291 289 290
f 167 289 352
f 417 293 2313
f 269 294 325
f 194 53 295
f 298 296 195
f 354 474 512
f 297 194 295
f 298 433 296
f 299 298 195
f 242 299 55
f 265 243 56
f 242 300 243
f 425 354 296
f 309 208 303
f 450 485 453
f 208 207 303
f 250 141 248
f 250 304 249
f 252 305 70
f 201 253 306
f 308 403 306
f 307 306 253
f 306 307 308
f 302 309 303
f 447 302 303
f 403 308 481
f 248 309 307
f 309 248 141
f 170 248 307
f 310 176 210
f 311 107 578
f 310 311 563
f 255 311 210
f 512 259 354
f 256 260 261
f 2308 314 185
f 260 314 261
f 315 391 317
f 264 333 360
f 361 315 317
f 318 277 12
f 318 322 320
f 12 13 318
f 2311 318 13
f 267 2311 14
f 318 2311 319
f 366 545 323
f 502 321 364
f 321 320 322
f 364 321 322
f 321 157 365
f 323 322 319
f 324 323 186
f 186 267 367
f 2313 412 417
f 269 326 222
f 411 327 326
f 590 328 272
f 273 329 271
f 330 329 273
f 330 370 332
f 377 375 376
f 378 379 331
f 330 331 329
f 377 332 375
f 360 224 593
f 333 224 360
f 335 334 64
f 374 398 336
f 273 370 330
f 338 305 356
f 339 338 371
f 278 279 339
f 230 280 281
f 481 372 403
f 302 482 308
f 341 397 398
f 282 343 395
f 340 441 439
f 284 231 2377
f 401 2377 446
f 441 442 455
f 456 451 345
f 286 346 2379
f 402 348 349
f 348 254 349
f 563 349 310
f 289 167 350
f 290 351 236
f 350 351 289
f 519 520 575
f 414 352 136
f 414 167 352
f 353 293 417
f 294 353 325
f 195 297 295
f 297 296 354
f 242 355 2373
f 266 243 265
f 503 355 244
f 2373 355 301
f 306 356 201
f 338 356 403
f 400 449 447
f 481 442 372
f 357 312 212
f 98 260 462
f 255 312 406
f 466 464 465
f 465 359 530
f 259 359 257
f 360 388 315
f 264 360 315
f 316 409 468
f 384 385 382
f 388 391 315
f 323 364 322
f 366 430 545
f 368 367 267
f 327 368 222
f 367 324 186
f 367 327 419
f 368 327 367
f 326 327 222
f 424 418 2316
f 334 335 369
f 369 370 334
f 332 370 336
f 371 159 280
f 439 159 340
f 339 371 280
f 403 372 371
f 340 371 372
f 439 373 159
f 374 373 341
f 398 374 341
f 342 374 369
f 373 439 341
f 375 445 376
f 336 375 332
f 478 568 386
f 379 380 158
f 331 377 378
f 379 378 380
f 388 360 593
f 590 272 158
f 379 272 331
f 382 158 384
f 384 158 380
f 388 387 391
f 380 381 384
f 542 499 470
f 387 385 2314
f 394 393 438
f 593 158 382
f 378 383 2315
f 438 376 445
f 477 492 436
f 382 385 387
f 131 568 541
f 568 2380 386
f 437 386 383
f 2315 383 386
f 378 377 383
f 377 376 383
f 2380 2315 386
f 378 2315 380
f 2314 385 436
f 382 387 388
f 436 385 477
f 2314 391 387
f 317 391 390
f 2376 479 392
f 395 2312 344
f 2376 392 343
f 337 2376 283
f 394 445 396
f 393 437 438
f 2312 392 394
f 393 394 392
f 396 2312 394
f 344 2312 132
f 446 395 344
f 132 2312 396
f 398 396 445
f 396 398 397
f 443 444 132
f 447 303 448
f 345 285 401
f 2381 453 451
f 448 450 453
f 235 345 133
f 133 345 451
f 286 347 288
f 402 347 2379
f 348 2379 237
f 359 259 512
f 354 259 297
f 549 508 507
f 338 403 371
f 2306 405 130
f 358 407 457
f 182 404 183
f 183 405 2306
f 457 405 404
f 406 107 255
f 107 406 460
f 312 407 406
f 407 358 489
f 357 407 312
f 313 467 528
f 2374 490 488
f 464 359 465
f 363 534 156
f 363 156 316
f 537 409 156
f 468 409 220
f 156 409 316
f 321 365 320
f 320 365 531
f 531 277 320
f 470 410 469
f 323 324 366
f 167 414 2313
f 2313 414 413
f 412 2313 413
f 428 412 413
f 416 412 415
f 416 411 326
f 415 412 428
f 325 416 326
f 419 420 2382
f 411 419 327
f 367 419 324
f 420 424 421
f 427 426 431
f 433 301 504
f 476 2320 518
f 432 429 426
f 546 418 509
f 421 430 366
f 425 422 474
f 431 415 427
f 476 413 414
f 415 428 427
f 555 557 516
f 430 421 2316
f 548 473 430
f 565 538 566
f 355 503 301
f 507 506 505
f 513 474 517
f 518 413 476
f 426 418 424
f 510 554 509
f 431 426 424
f 558 432 423
f 429 418 426
f 433 425 296
f 425 433 511
f 374 336 369
f 375 336 398
f 479 478 437
f 479 437 393
f 2318 434 276
f 568 435 541
f 478 435 568
f 436 492 493
f 2314 436 389
f 438 437 383
f 376 438 383
f 394 438 445
f 443 439 441
f 442 441 340
f 456 399 454
f 340 372 442
f 441 440 443
f 308 482 481
f 455 442 486
f 443 440 444
f 440 452 454
f 132 397 443
f 341 443 397
f 454 444 440
f 132 444 480
f 398 445 375
f 401 446 399
f 448 303 207
f 400 486 449
f 448 207 450
f 400 447 448
f 447 449 482
f 450 207 483
f 450 484 485
f 452 2381 456
f 133 451 485
f 456 454 452
f 453 400 448
f 455 452 440
f 2381 452 486
f 485 451 453
f 400 453 2381
f 454 480 444
f 441 455 440
f 486 442 449
f 345 401 456
f 457 357 115
f 357 457 407
f 488 457 404
f 182 488 404
f 523 458 313
f 526 291 487
f 573 461 526
f 459 579 2307
f 581 576 577
f 291 461 352
f 98 408 490
f 462 260 464
f 408 98 462
f 408 463 490
f 457 488 358
f 458 489 313
f 408 466 467
f 462 464 466
f 466 465 529
f 462 466 408
f 408 467 463
f 262 468 220
f 316 468 361
f 469 365 2319
f 472 470 2319
f 531 365 469
f 469 2319 470
f 276 499 2318
f 477 131 498
f 472 542 470
f 471 492 498
f 544 493 494
f 472 471 542
f 501 430 473
f 502 545 501
f 156 534 536
f 474 422 517
f 524 528 525
f 425 474 354
f 461 573 559
f 136 476 414
f 559 2320 476
f 131 477 381
f 437 478 386
f 392 479 393
f 478 591 435
f 443 341 439
f 399 344 480
f 132 480 344
f 449 442 481
f 447 482 302
f 481 482 449
f 209 483 207
f 233 484 160
f 484 133 485
f 2381 486 400
f 455 486 452
f 2374 488 182
f 490 2374 98
f 292 487 291
f 347 402 562
f 287 487 292
f 576 526 487
f 358 488 490
f 467 313 463
f 523 528 524
f 406 407 489
f 463 489 358
f 490 463 358
f 529 465 491
f 530 512 513
f 557 525 529
f 469 532 531
f 531 532 533
f 498 492 477
f 492 471 494
f 472 495 494
f 493 492 494
f 472 494 471
f 495 157 543
f 493 362 389
f 497 389 362
f 389 436 493
f 362 564 496
f 389 497 390
f 496 363 497
f 363 390 497
f 542 498 541
f 541 2318 542
f 501 545 430
f 502 501 500
f 569 538 565
f 544 494 495
f 500 543 502
f 321 502 157
f 364 323 545
f 503 567 504
f 244 221 2383
f 505 504 567
f 433 504 511
f 503 504 301
f 507 508 506
f 422 425 511
f 505 506 511
f 549 510 508
f 549 507 550
f 418 429 509
f 515 594 522
f 522 429 558
f 511 504 505
f 511 506 422
f 359 512 530
f 513 512 474
f 514 513 475
f 513 516 530
f 514 515 571
f 555 516 514
f 594 510 522
f 491 530 516
f 514 516 513
f 513 517 475
f 506 517 422
f 517 508 475
f 2317 427 518
f 574 573 580
f 427 428 518
f 413 518 428
f 520 2317 2320
f 518 2320 2317
f 570 556 572
f 520 423 2317
f 520 519 423
f 519 521 423
f 429 432 558
f 571 555 514
f 521 558 423
f 558 515 522
f 556 521 519
f 521 571 558
f 559 574 2320
f 523 459 460
f 524 560 561
f 458 523 460
f 313 528 523
f 570 557 555
f 525 570 560
f 291 526 461
f 581 526 576
f 402 349 527
f 578 577 527
f 529 528 467
f 525 528 529
f 529 467 466
f 529 491 557
f 465 530 491
f 410 532 469
f 229 533 532
f 535 496 564
f 534 496 535
f 552 553 547
f 540 507 505
f 535 551 534
f 362 493 539
f 535 564 565
f 552 547 554
f 2321 536 551
f 534 551 536
f 409 537 221
f 536 2321 537
f 156 536 537
f 2321 2383 537
f 501 538 500
f 473 538 501
f 566 553 565
f 540 505 567
f 544 539 493
f 566 538 473
f 541 498 131
f 471 498 542
f 502 543 157
f 569 543 500
f 500 538 569
f 364 545 502
f 547 566 473
f 418 546 548
f 547 548 546
f 550 507 540
f 510 549 554
f 549 550 552
f 553 551 535
f 565 553 535
f 551 552 550
f 547 553 566
f 552 551 553
f 546 554 547
f 552 554 549
f 546 509 554
f 509 429 522
f 509 522 510
f 555 571 556
f 570 572 560
f 521 556 571
f 556 519 572
f 516 557 491
f 515 558 571
f 561 560 572
f 524 525 560
f 575 561 572
f 523 524 459
f 562 287 347
f 487 562 576
f 287 562 487
f 527 562 402
f 577 562 527
f 577 579 581
f 362 496 497
f 539 564 362
f 539 565 564
f 565 539 569
f 244 567 503
f 2383 567 244
f 537 2383 221
f 2321 540 2383
f 550 540 2321
f 2318 541 435
f 544 495 543
f 544 569 539
f 543 569 544
f 548 547 473
f 557 570 525
f 556 570 555
f 519 575 572
f 581 580 573
f 580 575 574
f 520 574 575
f 559 573 574
f 559 136 461
f 476 136 559
f 580 561 575
f 577 576 562
f 527 563 578
f 578 563 311
f 580 579 459
f 526 581 573
f 577 578 579
f 561 580 459
f 580 581 579
f 582 2306 119
f 585 112 78
f 124 584 114
f 127 584 124
f 583 584 585
f 149 586 172
f 588 587 585
f 584 588 585
f 589 588 127
f 91 589 90
f 588 589 586
f 593 590 158
f 328 590 223
f 225 434 591
f 592 591 2378
f 434 225 228
f 388 593 382
f 594 475 508
f 514 475 515
f 475 594 515
f 510 594 508
f 688 632 631
f 722 623 622
f 49 812 50
f 625 727 728
f 682 689 687
f 1109 669 699
f 240 816 53
f 786 785 772
f 638 2384 101
f 722 683 623
f 637 636 671
f 60 59 2325
f 686 628 2385
f 682 631 630
f 687 677 682
f 684 2385 627
f 736 169 698
f 674 649 648
f 2389 888 57
f 727 624 683
f 2325 59 887
f 59 58 887
f 56 2389 57
f 724 664 787
f 637 2384 638
f 874 878 731
f 744 641 640
f 61 850 852
f 726 727 683
f 62 955 849
f 685 671 636
f 673 667 699
f 676 663 645
f 68 67 855
f 672 700 673
f 1097 738 739
f 667 702 705
f 714 620 619
f 803 909 910
f 644 669 676
f 639 74 661
f 751 749 750
f 674 668 729
f 74 198 661
f 704 654 703
f 639 661 711
f 671 685 660
f 683 752 726
f 730 762 2385
f 642 673 643
f 629 686 689
f 681 680 633
f 668 647 663
f 674 647 668
f 645 663 646
f 644 676 645
f 795 688 677
f 676 729 668
f 730 2385 684
f 708 662 709
f 699 669 643
f 626 625 728
f 1109 1108 675
f 686 629 628
f 684 627 626
f 682 688 631
f 681 688 795
f 624 727 625
f 621 679 723
f 624 623 683
f 607 885 608
f 621 723 622
f 682 677 688
f 716 679 714
f 762 760 687
f 714 618 617
f 715 714 617
f 681 632 688
f 628 627 2385
f 714 619 618
f 682 630 689
f 757 835 795
f 729 676 669
f 723 679 716
f 677 760 757
f 674 729 675
f 620 679 621
f 728 684 626
f 701 702 700
f 658 809 659
f 673 642 672
f 47 638 101
f 733 891 954
f 806 808 805
f 637 671 2384
f 811 809 2283
f 707 655 704
f 632 681 633
f 660 697 671
f 672 642 641
f 674 675 650
f 652 1108 705
f 674 650 649
f 648 647 674
f 714 679 620
f 675 651 650
f 687 689 686
f 705 702 653
f 1091 1041 989
f 676 668 663
f 717 725 724
f 943 873 872
f 633 680 634
f 805 597 596
f 1108 651 675
f 878 925 930
f 744 745 708
f 598 960 952
f 960 987 800
f 644 643 669
f 891 845 847
f 685 636 635
f 665 837 743
f 629 689 630
f 635 634 680
f 911 804 909
f 737 657 656
f 72 815 73
f 1109 699 667
f 817 2386 1048
f 773 1105 774
f 660 693 698
f 697 660 698
f 698 693 736
f 139 101 48
f 2384 671 697
f 48 697 698
f 729 669 1109
f 667 705 1109
f 700 666 701
f 667 700 702
f 673 700 667
f 666 700 672
f 709 706 701
f 704 655 654
f 701 666 709
f 703 702 701
f 653 702 703
f 703 701 704
f 653 703 654
f 706 704 701
f 704 706 707
f 652 705 653
f 706 709 662
f 656 655 707
f 748 858 747
f 707 706 713
f 745 744 640
f 662 713 706
f 712 813 710
f 863 859 861
f 744 666 672
f 709 666 708
f 711 640 639
f 749 711 661
f 708 747 662
f 198 750 661
f 751 750 73
f 694 746 749
f 1092 735 1093
f 858 713 662
f 738 713 712
f 715 617 616
f 716 714 715
f 615 715 616
f 720 725 717
f 719 723 718
f 752 670 726
f 719 718 717
f 720 718 753
f 719 717 670
f 717 724 670
f 787 781 724
f 721 715 615
f 755 740 754
f 723 722 622
f 722 719 752
f 723 716 718
f 722 723 719
f 696 725 720
f 664 724 725
f 718 720 717
f 754 696 720
f 727 726 678
f 728 727 678
f 675 729 1109
f 681 834 680
f 680 834 665
f 684 728 869
f 840 605 838
f 1011 1010 973
f 55 890 300
f 601 847 602
f 854 805 808
f 1068 989 1090
f 804 64 63
f 1068 1065 1066
f 857 793 833
f 736 693 867
f 712 739 738
f 809 658 2285
f 738 707 713
f 739 712 710
f 707 738 737
f 739 710 997
f 739 997 1094
f 202 71 72
f 70 865 71
f 922 816 2310
f 695 968 923
f 610 609 819
f 880 886 606
f 753 716 715
f 743 742 660
f 693 660 742
f 743 660 685
f 867 693 823
f 665 743 2322
f 742 743 826
f 666 744 708
f 641 744 672
f 745 640 711
f 746 745 711
f 708 745 747
f 749 746 711
f 747 746 748
f 745 746 747
f 748 746 694
f 859 813 748
f 748 813 858
f 749 751 694
f 859 748 694
f 661 750 749
f 815 751 73
f 820 751 815
f 722 752 683
f 670 752 719
f 716 753 718
f 721 753 715
f 615 614 755
f 755 721 615
f 755 754 721
f 613 755 614
f 1047 740 817
f 696 754 740
f 728 678 869
f 757 795 677
f 756 761 760
f 766 759 761
f 759 757 761
f 765 768 758
f 836 757 759
f 769 770 772
f 776 758 769
f 759 765 758
f 769 758 768
f 776 836 758
f 677 687 760
f 762 687 686
f 760 761 757
f 763 821 756
f 756 760 762
f 730 763 762
f 756 762 763
f 822 764 767
f 767 766 822
f 783 765 766
f 759 766 765
f 783 766 767
f 774 768 783
f 774 1105 771
f 770 769 768
f 771 784 770
f 776 775 777
f 771 768 774
f 770 784 779
f 782 767 764
f 771 1107 784
f 770 768 771
f 785 769 772
f 825 775 790
f 777 825 824
f 785 790 775
f 777 775 825
f 782 773 767
f 773 774 783
f 775 776 769
f 793 857 790
f 824 825 823
f 776 777 871
f 837 665 796
f 779 792 786
f 779 2387 830
f 764 822 916
f 787 788 781
f 782 866 780
f 670 724 791
f 764 916 866
f 724 781 791
f 773 783 767
f 779 784 2387
f 785 775 769
f 1004 725 696
f 791 781 789
f 772 779 786
f 794 790 785
f 829 792 870
f 785 786 794
f 790 794 793
f 867 823 857
f 1049 2388 664
f 730 868 763
f 791 726 670
f 790 857 825
f 917 789 781
f 726 791 678
f 786 2324 794
f 792 830 870
f 830 831 870
f 52 51 832
f 794 2324 828
f 833 51 50
f 871 835 836
f 796 665 834
f 778 837 796
f 835 796 834
f 796 871 778
f 841 840 797
f 901 733 976
f 1111 877 884
f 932 887 888
f 941 829 870
f 901 845 891
f 848 847 903
f 270 983 955
f 61 333 850
f 962 800 987
f 990 803 910
f 856 802 855
f 805 807 806
f 807 2283 806
f 801 988 1066
f 853 854 801
f 807 805 596
f 596 1284 807
f 811 807 1284
f 810 2285 658
f 2283 809 735
f 1094 1097 739
f 809 2285 735
f 1071 2283 735
f 811 2283 807
f 1284 595 2284
f 811 1284 2284
f 657 810 658
f 809 811 659
f 857 833 812
f 736 812 49
f 707 737 656
f 737 1097 810
f 657 737 810
f 712 858 813
f 710 813 863
f 863 860 996
f 815 72 864
f 865 908 991
f 861 859 820
f 817 740 613
f 755 613 740
f 1489 612 2386
f 1003 1047 1048
f 819 966 1002
f 914 1002 966
f 912 609 608
f 915 819 1002
f 763 868 920
f 822 756 821
f 822 821 916
f 778 777 824
f 826 778 824
f 824 742 826
f 824 823 742
f 823 825 857
f 868 869 827
f 917 827 789
f 921 832 828
f 922 828 2324
f 792 829 2324
f 779 830 792
f 830 695 831
f 832 51 833
f 833 793 832
f 828 832 793
f 794 828 793
f 52 832 921
f 795 834 681
f 795 835 834
f 757 836 835
f 836 759 758
f 777 778 871
f 837 778 826
f 743 837 826
f 797 840 838
f 872 605 1443
f 1110 885 886
f 873 874 838
f 872 838 605
f 876 841 797
f 877 876 924
f 839 841 876
f 892 604 846
f 872 873 838
f 888 58 219
f 889 56 300
f 889 974 971
f 241 940 54
f 603 844 900
f 602 845 844
f 604 892 893
f 900 844 845
f 604 603 846
f 903 601 600
f 905 600 599
f 891 847 848
f 847 845 602
f 903 847 601
f 848 903 953
f 983 956 955
f 1130 849 1131
f 851 852 850
f 906 907 850
f 1112 984 851
f 852 851 983
f 853 801 987
f 854 853 597
f 855 802 2286
f 856 67 66
f 860 993 995
f 65 64 911
f 856 66 803
f 803 66 911
f 66 65 911
f 804 63 1130
f 812 833 50
f 857 812 867
f 713 858 712
f 747 858 662
f 820 859 694
f 861 862 992
f 862 864 865
f 862 861 820
f 863 861 860
f 815 862 820
f 862 865 992
f 860 995 996
f 859 863 813
f 997 710 996
f 1095 1094 814
f 865 864 71
f 815 864 862
f 908 70 69
f 992 865 991
f 915 612 611
f 2386 612 818
f 912 819 609
f 915 610 819
f 885 912 608
f 912 1114 966
f 818 612 915
f 917 918 920
f 780 2323 1132
f 764 866 782
f 780 866 2323
f 919 2323 866
f 736 867 812
f 742 823 693
f 869 868 730
f 868 827 920
f 869 730 684
f 827 678 789
f 869 678 827
f 835 871 796
f 776 871 836
f 943 894 873
f 894 943 896
f 874 873 875
f 838 874 797
f 874 731 924
f 875 873 894
f 924 731 877
f 797 874 924
f 874 875 878
f 884 970 1055
f 883 881 882
f 924 876 797
f 882 876 877
f 926 945 929
f 879 875 894
f 877 731 884
f 878 875 879
f 970 878 930
f 895 899 894
f 925 879 926
f 899 879 894
f 881 880 839
f 885 607 886
f 839 880 841
f 882 881 839
f 1110 881 883
f 882 839 876
f 883 1111 2329
f 1111 883 882
f 1161 1159 1172
f 884 1055 1111
f 607 606 886
f 881 886 880
f 888 887 58
f 798 887 932
f 2325 887 798
f 889 2389 56
f 890 889 300
f 937 55 54
f 241 53 940
f 937 54 843
f 829 816 922
f 843 54 940
f 891 733 901
f 897 900 901
f 929 925 926
f 895 894 896
f 896 892 846
f 893 943 872
f 893 892 943
f 976 978 944
f 898 897 944
f 895 897 898
f 897 896 846
f 895 896 897
f 846 900 897
f 898 978 979
f 898 951 895
f 951 899 895
f 603 900 846
f 901 900 845
f 901 976 944
f 1057 933 1056
f 951 898 979
f 926 946 945
f 946 902 945
f 905 903 600
f 599 952 905
f 952 800 904
f 598 952 599
f 905 953 903
f 953 905 904
f 982 906 2325
f 972 973 1010
f 1112 907 1014
f 986 957 958
f 956 957 959
f 987 961 853
f 801 962 987
f 805 854 597
f 988 854 808
f 1000 856 990
f 855 67 856
f 964 2286 802
f 865 70 908
f 855 2286 69
f 908 69 2286
f 996 710 863
f 911 909 803
f 999 990 910
f 804 911 64
f 959 1040 1131
f 912 913 1114
f 885 913 912
f 912 966 819
f 1046 967 1080
f 967 741 818
f 611 610 915
f 918 916 821
f 866 916 919
f 781 788 917
f 916 918 919
f 920 918 821
f 918 917 919
f 920 821 763
f 922 921 828
f 829 922 2324
f 941 816 829
f 968 695 1005
f 878 879 925
f 899 926 879
f 929 930 925
f 929 945 948
f 929 927 930
f 878 970 731
f 928 970 930
f 798 932 931
f 935 931 1006
f 935 934 931
f 2389 932 888
f 931 932 1006
f 1006 2389 971
f 935 1006 936
f 1119 1127 1118
f 935 933 1123
f 933 935 936
f 933 1057 1123
f 798 972 982
f 798 931 934
f 973 934 1122
f 1007 974 1008
f 938 937 799
f 938 799 939
f 937 938 890
f 1018 939 799
f 890 55 937
f 816 940 53
f 1051 941 831
f 891 848 954
f 892 896 943
f 898 944 978
f 901 944 897
f 949 945 902
f 899 946 926
f 979 902 946
f 1024 902 981
f 929 948 927
f 980 981 979
f 950 945 949
f 948 945 1023
f 947 950 949
f 1023 945 950
f 979 946 951
f 946 899 951
f 800 952 960
f 905 952 904
f 1062 986 1059
f 1026 953 904
f 954 848 1028
f 733 942 976
f 953 1028 848
f 906 982 842
f 907 906 842
f 906 850 333
f 1112 850 907
f 1112 851 850
f 956 851 984
f 955 959 849
f 959 955 956
f 956 984 957
f 959 957 1040
f 957 984 958
f 1031 1100 1038
f 1040 957 986
f 961 960 598
f 960 961 987
f 963 802 1000
f 1000 802 856
f 965 963 1000
f 802 963 964
f 1042 994 995
f 1040 734 1085
f 967 1002 914
f 914 1081 1080
f 741 967 1046
f 695 923 831
f 843 799 937
f 1018 799 969
f 927 690 1053
f 928 930 927
f 1126 1053 690
f 970 928 1055
f 731 970 884
f 57 888 219
f 936 1006 971
f 973 972 934
f 1011 973 1128
f 889 971 2389
f 1007 971 974
f 890 974 889
f 938 974 890
f 1008 938 939
f 1008 1115 732
f 976 942 977
f 1060 733 954
f 1059 985 1017
f 980 977 1016
f 977 978 976
f 1116 950 1009
f 927 948 690
f 1127 948 1023
f 947 949 1024
f 979 978 980
f 978 977 980
f 1058 980 1016
f 902 979 981
f 800 1025 904
f 1027 1026 1030
f 1031 1029 1100
f 982 2325 798
f 982 972 842
f 852 983 270
f 983 851 956
f 1015 984 1112
f 962 801 1066
f 989 988 808
f 854 988 801
f 808 1091 989
f 1095 1096 692
f 1063 1065 691
f 803 990 856
f 2286 991 908
f 993 992 991
f 992 993 860
f 1044 1042 1043
f 1074 1075 1073
f 1042 993 991
f 2287 814 997
f 861 992 860
f 2287 997 996
f 995 994 2287
f 994 1074 1076
f 1072 1041 692
f 1087 1084 1086
f 1001 999 1045
f 1001 1000 990
f 1069 691 1065
f 915 1002 818
f 1004 1003 1050
f 1003 1004 696
f 696 740 1047
f 1004 1050 1049
f 725 1004 664
f 1102 2326 1133
f 2386 741 1048
f 1002 967 818
f 1147 968 1005
f 1022 923 968
f 831 923 969
f 940 1051 843
f 799 843 969
f 1051 969 843
f 1129 1127 1119
f 1106 1140 1147
f 1007 936 971
f 974 938 1008
f 1115 1008 939
f 732 1007 1008
f 1123 934 935
f 950 1116 1023
f 1061 1128 947
f 1012 1014 907
f 1011 1128 1061
f 1012 1010 1011
f 907 842 1012
f 972 1010 842
f 1012 842 1010
f 1014 1012 2327
f 1011 1061 2327
f 2327 1083 1013
f 1013 985 1015
f 1015 1014 1013
f 1015 985 1059
f 1015 958 984
f 1016 977 1070
f 1070 977 942
f 1017 1016 1070
f 1017 985 1058
f 1115 939 975
f 1018 969 923
f 975 939 1018
f 1150 1022 1143
f 1142 1149 1143
f 1115 1021 1121
f 1020 1018 923
f 975 1019 1021
f 1019 975 1020
f 1020 975 1018
f 1151 1153 1125
f 923 1022 1020
f 690 948 1127
f 1061 1024 1083
f 1014 2327 1013
f 902 1024 949
f 1024 981 1083
f 800 962 1025
f 1026 904 1025
f 1028 1026 1027
f 1026 1025 1032
f 1027 1030 1035
f 1031 1027 1035
f 1028 1027 1039
f 1026 1028 953
f 1045 1063 691
f 1045 1037 1063
f 1035 1029 1031
f 734 986 1062
f 1030 1026 1032
f 1064 1032 1025
f 1036 1030 1032
f 1029 1035 1033
f 1034 1036 1037
f 999 910 1087
f 1033 1035 1034
f 1035 1030 1034
f 1037 1036 1063
f 1100 1070 1038
f 1027 1031 1039
f 1038 1039 1031
f 986 734 1040
f 1033 734 1062
f 1059 986 958
f 1071 1091 806
f 1064 1025 962
f 1043 991 2286
f 1044 1043 964
f 991 1043 1042
f 1000 1001 965
f 999 1001 990
f 1080 967 914
f 1050 1046 1082
f 1048 1047 817
f 1047 1003 696
f 817 1427 2386
f 1046 1048 741
f 787 664 2388
f 1004 1049 664
f 1102 1050 1082
f 1050 1003 1046
f 1048 1046 1003
f 816 941 940
f 969 1051 831
f 690 1127 1129
f 928 1053 1054
f 1126 1052 1053
f 1053 1052 1054
f 1166 1055 1168
f 927 1053 928
f 928 1054 1055
f 1007 732 1056
f 936 1056 933
f 1118 1116 1117
f 1057 1056 1120
f 1057 1117 1123
f 950 947 1009
f 981 980 1058
f 985 1013 1058
f 1017 1058 1016
f 1015 1059 958
f 1060 942 733
f 1039 1060 954
f 1028 1039 954
f 1024 1061 947
f 1011 2327 1012
f 2327 1061 1083
f 1100 1062 1059
f 1062 1100 1029
f 1063 1064 1065
f 1032 1064 1036
f 1066 1064 962
f 988 1068 1066
f 1069 1065 1068
f 1064 1066 1065
f 1041 1072 1090
f 989 1068 988
f 1067 1069 1068
f 994 1042 1074
f 1077 1069 1067
f 1069 1077 691
f 1017 1070 1100
f 942 1038 1070
f 1071 735 1092
f 1090 1067 1068
f 993 1042 995
f 963 1044 964
f 1042 1044 1074
f 1075 1074 1044
f 1067 1079 1073
f 1075 1044 963
f 1074 1073 1076
f 963 965 1075
f 1001 1045 691
f 1076 1073 1079
f 994 1076 2287
f 1078 1075 965
f 1001 1078 965
f 1079 1072 998
f 1077 1078 691
f 1001 691 1078
f 1046 1080 1082
f 1102 1099 2388
f 2326 1082 1080
f 741 2386 818
f 981 1058 1083
f 1083 1058 1013
f 1017 1100 1059
f 1029 1033 1062
f 1033 1089 734
f 1089 1085 734
f 1085 1086 1084
f 909 1088 910
f 1086 1085 1089
f 1085 1084 1131
f 1045 999 1087
f 1087 910 1088
f 1087 1086 1037
f 1088 909 804
f 1087 1088 1084
f 1034 1089 1033
f 1041 1090 989
f 1079 1090 1072
f 1067 1090 1079
f 806 1091 808
f 692 1091 1071
f 1093 735 2285
f 1096 1095 814
f 1097 1094 1093
f 1093 1094 1095
f 814 1094 997
f 1097 1093 810
f 692 1092 1095
f 1095 1092 1093
f 1096 998 1072
f 738 1097 737
f 1091 692 1041
f 1092 692 1071
f 1096 1072 692
f 1105 773 2390
f 788 1099 2323
f 1133 2328 1132
f 1089 1034 1086
f 1037 1086 1034
f 1087 1037 1045
f 1133 2326 2328
f 1049 1050 1102
f 1099 1102 1133
f 1107 1005 784
f 1104 782 780
f 773 782 1104
f 1156 1146 1103
f 1081 1170 1101
f 1104 780 1103
f 773 1104 2390
f 1134 1156 1103
f 1105 1107 771
f 1107 1105 1106
f 1140 1106 1141
f 1147 1005 1107
f 1147 1107 1106
f 651 1108 652
f 705 1108 1109
f 820 694 751
f 885 1110 913
f 881 1110 886
f 877 1111 882
f 1166 1111 1055
f 1112 1014 1015
f 1164 1170 1171
f 1114 1113 914
f 914 1113 1081
f 883 1162 1110
f 1160 1161 1162
f 1114 913 1172
f 920 827 917
f 1021 1115 975
f 1116 1009 1117
f 1116 1127 1023
f 1122 1117 1009
f 1117 1057 1118
f 1127 1116 1118
f 1118 1120 1119
f 1120 732 1121
f 1128 1009 947
f 1123 1122 934
f 1117 1122 1123
f 1115 1121 732
f 1152 1125 1021
f 1021 1125 1121
f 1153 1124 1125
f 1120 1121 1124
f 1129 1126 690
f 1153 1126 1124
f 1057 1120 1118
f 1124 1119 1120
f 1122 1128 973
f 1009 1128 1122
f 1124 1129 1119
f 1126 1129 1124
f 1131 1088 1130
f 849 959 1131
f 1130 1088 804
f 1084 1088 1131
f 62 849 63
f 1131 1040 1085
f 1101 1098 2328
f 1099 1133 1132
f 1134 2328 1098
f 1103 780 1132
f 1132 2328 1134
f 1159 1171 1172
f 1153 1154 1155
f 1132 1134 1103
f 1138 1136 1164
f 1081 1101 2326
f 1101 1170 1136
f 1152 1151 1125
f 1101 1136 1098
f 1164 1136 1170
f 1139 1156 1098
f 1163 1138 1164
f 1139 1138 1137
f 1135 1144 1137
f 1139 1137 1144
f 1142 1144 1135
f 1147 1140 1143
f 1140 1142 1143
f 1104 1103 1146
f 1141 1146 1145
f 1106 2390 1141
f 1143 1149 1150
f 1145 1144 1142
f 1156 1144 1145
f 2390 1104 1146
f 1145 1146 1156
f 2390 1146 1141
f 1143 1022 1147
f 968 1147 1022
f 1152 1019 1150
f 1148 1142 1135
f 1142 1148 1149
f 1135 1158 1154
f 1151 1149 1148
f 1150 1019 1020
f 1137 1167 1158
f 1052 1157 1168
f 1151 1152 1149
f 1019 1152 1021
f 1022 1150 1020
f 1152 1150 1149
f 1154 1153 1151
f 1154 1151 1148
f 1135 1154 1148
f 1144 1156 1139
f 1157 1052 1155
f 1158 1157 1155
f 1138 1163 1167
f 1155 1154 1158
f 1137 1158 1135
f 1167 1157 1158
f 1161 1172 913
f 1162 2329 1160
f 1163 1159 1160
f 1162 1161 913
f 1159 1161 1160
f 1110 1162 913
f 1165 1160 2329
f 1163 1165 1169
f 1159 1163 1164
f 2329 1166 1165
f 1163 1169 1167
f 1166 1168 1169
f 1111 1166 2329
f 1168 1055 1054
f 1166 1169 1165
f 1138 1167 1137
f 1052 1168 1054
f 1157 1169 1168
f 1167 1169 1157
f 1113 1170 1081
f 1171 1170 1113
f 1172 1171 1113
f 1171 1159 1164
f 1114 1172 1113
f 1145 1140 1141
f 1142 1140 1145
f 616 617 618
f 1311 1234 1272
f 1269 1219 1220
f 616 618 619
f 619 1276 616
f 1345 616 1276
f 1276 619 1173
f 1271 1269 1263
f 1271 1218 1219
f 1348 1312 1350
f 1236 1258 2292
f 647 648 1244
f 1353 1179 1180
f 2331 1258 1266
f 1488 611 612
f 1269 1240 2288
f 2330 1310 1234
f 1267 1261 1250
f 2338 1186 1187
f 1286 1253 1259
f 1247 1224 1225
f 607 608 1433
f 613 614 1486
f 1274 1275 1336
f 1239 1238 1251
f 1507 1357 1394
f 1310 2288 1255
f 1243 647 1244
f 1217 1285 1216
f 872 1443 1445
f 1234 1311 2330
f 1736 1515 1510
f 1237 1261 1260
f 1446 841 880
f 1255 2288 1259
f 1235 1231 1232
f 1397 601 602
f 1323 596 597
f 598 1366 961
f 1325 1297 1378
f 601 1397 1398
f 1334 1306 1213
f 2292 1228 1229
f 1247 1253 1246
f 1226 1227 1242
f 1327 1295 1328
f 1247 1246 1224
f 1339 1343 1340
f 1326 596 1323
f 1232 2291 2290
f 1293 1332 1233
f 1245 1243 1238
f 1226 1242 1254
f 1223 1224 1246
f 1239 1246 1253
f 2292 1258 1241
f 1229 1230 2289
f 1230 1231 1249
f 1240 1248 1286
f 1202 1920 1438
f 1188 1362 1361
f 1241 2331 1267
f 1188 1189 1362
f 1262 1264 1305
f 1265 1261 1267
f 1342 1479 1341
f 1282 1283 1191
f 1395 1204 1205
f 1249 1257 2289
f 1255 1256 1237
f 1245 1248 1221
f 1258 2331 1241
f 1437 1392 1436
f 1437 1498 1392
f 1242 1250 1261
f 1192 1282 1191
f 1238 1244 1251
f 1237 1242 1261
f 1246 1251 1223
f 1247 1256 1253
f 1503 1549 1201
f 1259 1256 1255
f 1550 1201 1549
f 1244 1222 1251
f 1495 1199 1200
f 1236 2292 2289
f 1198 1199 1496
f 1260 1234 1310
f 1260 1255 1237
f 1218 1271 1217
f 1272 1260 1261
f 1263 2330 1309
f 1242 1227 1250
f 1221 1248 1220
f 1238 1243 1244
f 1256 1247 1254
f 1260 1310 1255
f 1287 1257 1249
f 648 1222 1244
f 1237 1256 1254
f 1243 1252 663
f 663 1252 646
f 2289 1257 1236
f 1245 1252 1243
f 1228 1250 1227
f 1243 663 647
f 1221 646 1252
f 1268 1258 1236
f 1415 1209 1210
f 1251 1246 1239
f 1221 1252 1245
f 1381 1382 1343
f 1241 1250 1228
f 1272 1234 1260
f 1222 1223 1251
f 1225 1226 1254
f 1300 1333 1214
f 1212 1306 1308
f 1286 1245 1238
f 1286 1239 1253
f 1308 1306 1307
f 1241 1228 2292
f 1242 1237 1254
f 1256 1259 1253
f 1286 1259 1240
f 2288 1240 1259
f 1272 1261 1265
f 1274 1265 1273
f 1258 1268 1266
f 1265 2331 1273
f 1262 1304 1264
f 1273 2331 1266
f 1241 1267 1250
f 1257 1291 1236
f 1266 1268 1264
f 1271 1263 1309
f 1309 1217 1271
f 1248 1240 1220
f 1270 1273 1304
f 1269 1271 1219
f 1274 1272 1265
f 1311 1272 1336
f 1274 1273 1270
f 1264 1304 1266
f 1275 1274 1270
f 1274 1336 1272
f 1301 1303 1299
f 1270 1301 1299
f 1275 2391 1336
f 1175 1176 1350
f 614 615 1344
f 1277 1276 1173
f 1173 1174 1277
f 1312 1174 1175
f 1177 1349 1350
f 1312 1277 1174
f 1277 1312 1314
f 1183 1184 1360
f 1199 1495 1496
f 1445 893 872
f 1282 1281 1283
f 1282 1193 1281
f 1283 1281 1406
f 1190 1191 1283
f 600 601 1398
f 1484 1614 2393
f 1233 1330 1293
f 1288 1294 1292
f 1217 1309 1285
f 1215 1216 1285
f 1239 1286 1238
f 1235 1287 1231
f 1288 1287 1235
f 2291 1377 2290
f 1268 1289 1264
f 1293 1330 1290
f 1236 1291 1289
f 1288 1292 1287
f 1290 1291 1257
f 1331 1291 1290
f 1290 1292 1293
f 1296 1332 1293
f 1296 1292 1294
f 1292 1296 1293
f 1288 2293 1295
f 1288 1295 1294
f 1328 1295 2293
f 1327 1323 1368
f 1297 1296 1294
f 1378 1295 1327
f 1297 1325 2333
f 1297 1332 1296
f 1303 1301 1302
f 1275 1270 1299
f 1300 2391 1298
f 1298 2391 1275
f 1299 1298 1275
f 1214 1894 1335
f 1301 1304 1262
f 1302 1301 1262
f 1303 1302 1307
f 1299 1303 1298
f 1306 1334 1303
f 1333 1334 1213
f 1270 1304 1301
f 1304 1273 1266
f 1478 1479 1480
f 1308 1343 1382
f 1306 1303 1307
f 1213 1306 1212
f 1340 1341 1479
f 1302 1341 1340
f 1382 1212 1308
f 2288 1310 1263
f 1311 1336 2334
f 1312 1348 1314
f 1344 1346 614
f 1350 1312 1175
f 1314 1345 1277
f 1348 1349 1429
f 1348 1384 1314
f 1432 1384 1431
f 609 610 1387
f 1584 1278 1533
f 1517 1446 1447
f 1516 1433 1388
f 1396 1206 1207
f 1365 1189 1190
f 2338 1187 1361
f 1408 1405 1406
f 1407 1408 1406
f 1365 1283 1406
f 1365 1405 1362
f 1210 1734 1415
f 1474 1484 2393
f 1419 1483 1477
f 1555 1395 1556
f 1368 597 853
f 1369 853 961
f 1370 1368 1369
f 1378 1297 1294
f 1325 1324 1371
f 1371 1324 1376
f 1326 1328 2293
f 596 1326 1377
f 1368 1323 597
f 1368 1370 1327
f 1324 1325 1378
f 1328 1323 1327
f 1323 1328 1326
f 1377 2293 2290
f 1379 1330 1233
f 1291 1331 1289
f 1342 1305 1423
f 1290 1330 1331
f 1379 1331 1330
f 1335 1300 1214
f 1333 1300 1334
f 1300 1298 1334
f 1303 1334 1298
f 1329 1335 1894
f 1300 1335 2391
f 1329 1337 1335
f 2391 1337 1336
f 1338 2334 2392
f 1285 1309 1338
f 1340 1308 1307
f 1305 1342 1341
f 1262 1305 1341
f 1302 1340 1307
f 1375 1423 1233
f 1375 1233 1417
f 1262 1341 1302
f 1426 1381 1343
f 1379 1423 1305
f 1308 1340 1343
f 1345 1344 615
f 616 1345 615
f 1277 1345 1276
f 1346 1352 1486
f 1313 1545 1617
f 1493 1494 1591
f 1431 1429 1383
f 1384 1348 1429
f 1351 1177 1178
f 1429 1349 1347
f 1177 1350 1176
f 1348 1350 1349
f 1349 1177 1351
f 1434 1178 1179
f 1349 1351 1347
f 1314 1385 1344
f 1345 1314 1344
f 1384 1385 1314
f 1344 1385 1346
f 1386 1352 1432
f 1388 1547 1661
f 1387 1548 609
f 1430 1347 1390
f 1694 1709 1708
f 1444 1394 1443
f 1455 1456 1459
f 1407 1409 1280
f 1359 1195 1196
f 1197 1463 1976
f 1389 1466 1467
f 1362 1189 1365
f 1187 1188 1361
f 1322 1364 1321
f 1364 1194 1321
f 1321 1194 1363
f 1364 1322 1193
f 1281 1322 1406
f 1281 1193 1322
f 1283 1365 1190
f 1406 1322 1407
f 598 599 1460
f 1327 1370 1324
f 1734 1210 1211
f 1482 1543 1415
f 1369 1368 853
f 961 1366 1369
f 1370 1366 1324
f 1371 1373 1475
f 1373 1520 1457
f 1417 1233 1332
f 1520 1371 1376
f 1418 1417 2333
f 1417 1374 1375
f 1332 1297 2333
f 1417 1418 1374
f 1478 1339 1479
f 1480 1423 1375
f 1476 1375 1374
f 1472 1366 1460
f 596 1377 1284
f 2293 1377 1326
f 1295 1378 1294
f 1324 1378 1327
f 2392 1329 1215
f 1289 1379 1264
f 1331 1379 1289
f 1338 2330 1311
f 1309 2330 1338
f 1380 1426 1421
f 1426 1343 1339
f 1381 1426 1425
f 1427 1486 1487
f 1489 1487 1428
f 1430 1429 1347
f 1385 1384 1432
f 1547 1591 1546
f 1389 1180 1181
f 1466 1182 1403
f 1434 1353 1390
f 1351 1178 1434
f 1389 1353 1180
f 1523 1353 1389
f 1429 1430 1383
f 1351 1434 1347
f 1347 1434 1390
f 2394 1390 1353
f 1503 1202 1438
f 1550 1391 1495
f 1197 1198 1497
f 1392 1498 1499
f 1442 1393 1439
f 1447 880 606
f 1507 1508 1506
f 1204 1395 1554
f 1208 1367 1413
f 1597 1557 1442
f 1393 1440 1439
f 1556 1395 1396
f 1204 1554 1441
f 1448 602 844
f 1449 844 603
f 2341 1320 1458
f 1448 1397 602
f 1458 1397 2341
f 1449 1450 1448
f 1194 1400 1363
f 1196 1463 1464
f 1401 1195 2336
f 1522 1359 1464
f 1465 1184 1185
f 1404 1185 1186
f 1403 1527 1467
f 1182 1466 1181
f 1465 1360 1184
f 1182 1183 1403
f 2337 2338 1361
f 1404 1402 1465
f 1280 1411 1586
f 1186 2338 1404
f 1525 1402 1404
f 1362 1405 1524
f 1406 1405 1365
f 1407 1322 1321
f 1409 1407 1321
f 1407 1280 1408
f 1409 1321 1363
f 1470 1408 1280
f 1405 1408 1524
f 1363 1410 1409
f 1400 1401 1410
f 1411 1280 1409
f 1542 1413 1367
f 1414 1416 1412
f 1206 1396 1205
f 1543 1416 1414
f 1543 1414 1415
f 1209 1415 1414
f 1543 1484 1474
f 1367 1208 1412
f 1207 1208 1413
f 1324 1366 1472
f 1369 1366 1370
f 1376 1324 1472
f 2333 1417 1332
f 1475 1325 1371
f 2333 1475 1418
f 1566 1418 1475
f 1374 1418 1372
f 1419 1374 1372
f 1374 1419 1477
f 1566 1372 1418
f 1374 1477 1476
f 1375 1476 1480
f 1479 1339 1340
f 1478 1480 1476
f 1477 1483 1422
f 1478 1421 1339
f 1421 1420 1735
f 1421 1735 1380
f 1422 1735 1420
f 1420 1476 1477
f 1735 1422 1482
f 1233 1423 1379
f 1426 1339 1421
f 1425 1426 1380
f 1489 1427 1487
f 613 1486 1427
f 1487 1352 1386
f 1486 1352 1487
f 1383 1545 1431
f 1490 1530 1491
f 1432 1431 1313
f 1384 1429 1431
f 1432 1313 1616
f 1385 1432 1352
f 1493 1387 610
f 1548 1433 608
f 1466 1389 1181
f 1353 1434 1179
f 1490 2394 1530
f 1467 1527 1583
f 1435 1523 1583
f 2394 1353 1523
f 1389 1467 1523
f 1523 1435 2394
f 1436 1438 1437
f 1438 1920 1437
f 1498 1437 1440
f 1438 1436 1503
f 1439 1440 1203
f 1441 1442 1439
f 1498 1440 1393
f 1442 1441 1554
f 1505 1355 1498
f 1597 1442 1554
f 1393 1442 1557
f 1444 1443 605
f 1445 1443 1394
f 840 841 2335
f 893 1445 1560
f 1447 1446 880
f 606 607 1518
f 1358 1446 1517
f 1395 1205 1396
f 1207 1413 1396
f 1413 1542 1473
f 1449 1448 844
f 1399 1449 603
f 1449 1399 1450
f 603 604 1399
f 1399 1451 1450
f 1519 1565 1452
f 1399 1561 1451
f 1452 1565 2341
f 1450 1451 1452
f 2341 1565 1320
f 1448 2341 1397
f 1452 2341 1450
f 1448 1450 2341
f 1453 1320 1454
f 1398 1458 1459
f 1458 1398 1397
f 1453 1424 1455
f 1458 1320 1453
f 1454 1737 1424
f 1453 1454 1424
f 1472 1471 1376
f 1471 1456 1455
f 1453 1455 1459
f 1424 1457 1455
f 2342 1456 1460
f 1398 1459 2342
f 1521 1566 1373
f 1459 1458 1453
f 2342 1459 1456
f 599 2342 1460
f 1460 1471 1472
f 598 1460 1366
f 1398 2342 600
f 1461 1462 1410
f 1401 1461 1410
f 1463 1196 1976
f 1359 1196 1464
f 1497 1198 1496
f 1497 1553 1463
f 1552 1551 1594
f 1553 1464 1463
f 1522 1464 1571
f 1404 1465 1185
f 1360 1465 1402
f 1467 1466 1403
f 1583 1523 1467
f 1470 1524 1408
f 1280 1586 1470
f 1470 2337 1524
f 1538 1536 1469
f 1576 1534 1462
f 1410 1462 1409
f 1586 1534 1538
f 1586 1538 1469
f 1541 1470 1469
f 1456 1471 1460
f 2393 1614 1649
f 1396 1413 1473
f 1555 1556 1647
f 1556 1396 1473
f 1412 1416 1367
f 1416 1474 1367
f 1566 1475 1373
f 1325 1475 2333
f 1566 1569 1372
f 1636 1737 1634
f 1420 1477 1422
f 1476 1420 1478
f 1421 1478 1420
f 1480 1479 1342
f 1423 1480 1342
f 1482 1481 1543
f 1481 1482 1422
f 1484 1485 1614
f 1484 1481 1485
f 1483 1485 1481
f 1385 1352 1346
f 1650 1487 1386
f 1489 1488 612
f 1654 1488 1428
f 1428 1488 1489
f 1490 1430 1390
f 2394 1490 1390
f 1491 1492 1490
f 1491 2344 1492
f 1545 1313 1431
f 1591 1494 1652
f 611 1493 610
f 611 1494 1493
f 609 1548 608
f 1550 1495 1200
f 1201 1550 1200
f 1496 1495 1391
f 1197 1497 1463
f 1552 1497 1496
f 1553 1497 1552
f 1393 1557 1505
f 1498 1355 1499
f 1501 1621 1354
f 1392 1499 1502
f 1502 1499 1500
f 1436 1392 1501
f 1316 1502 2343
f 1392 1502 1501
f 1686 1684 1316
f 1920 1203 1440
f 1437 1920 1440
f 1503 1354 1549
f 1501 1354 1436
f 1354 1503 1436
f 1555 1597 1554
f 1732 1597 1555
f 1558 1504 1557
f 1393 1505 1498
f 1733 1355 1505
f 605 840 1444
f 1507 1394 1508
f 1509 1507 1506
f 1559 2335 1446
f 1508 1559 1506
f 1506 1559 1723
f 1508 1444 2335
f 1723 1559 1358
f 1509 1357 1507
f 1515 1451 1511
f 1445 1513 1560
f 1317 1514 1512
f 1510 1357 1512
f 1513 1510 1511
f 1317 1512 1509
f 1509 1512 1357
f 1512 1736 1510
f 1736 1512 1514
f 1562 1514 1710
f 1563 1515 1736
f 1451 1515 1563
f 1515 1511 1510
f 1447 1516 1517
f 1388 1661 1672
f 1516 1447 1518
f 1516 2355 1517
f 606 1518 1447
f 607 1433 1518
f 1637 1598 1625
f 1710 1712 1562
f 1519 1452 1563
f 1519 1598 1565
f 1471 1520 1376
f 1457 1520 1455
f 1455 1520 1471
f 1372 1569 1567
f 1359 1522 1573
f 1576 1462 2339
f 1461 1401 2336
f 1571 1572 1522
f 1524 2337 1361
f 1362 1524 1361
f 1539 1525 1536
f 1402 1525 1526
f 1527 2395 1609
f 1609 2395 1526
f 1491 1530 1531
f 1589 1610 1609
f 2344 1531 1533
f 1530 1529 1531
f 1531 1529 1532
f 1491 1531 2344
f 1609 1612 1528
f 1584 1533 1532
f 1608 1533 1278
f 2339 1577 1576
f 1534 1576 1468
f 1534 1468 1538
f 1462 1534 1411
f 1468 1537 1538
f 1536 1525 1541
f 1470 1586 1469
f 1534 1586 1411
f 1468 1576 1575
f 1540 1589 1535
f 1469 1536 1541
f 1539 1536 1535
f 1535 1536 1538
f 1535 1538 1537
f 1539 1535 1589
f 1525 1539 1526
f 1535 1537 1540
f 1528 1612 1613
f 1581 1579 1582
f 1470 1541 2337
f 1474 1542 1367
f 1484 1543 1481
f 1568 1614 1485
f 1649 1614 1615
f 1492 1383 1430
f 1383 1492 1545
f 1585 1492 2344
f 1651 1643 1669
f 1494 1488 1654
f 1545 1492 1585
f 1490 1492 1430
f 1388 1433 1548
f 1494 611 1488
f 1547 1548 1387
f 1591 1547 1387
f 1547 1620 1661
f 1354 1621 2347
f 2347 1550 1549
f 1391 1550 2347
f 1551 1496 1391
f 1391 1622 1551
f 1594 1596 1571
f 1551 1552 1496
f 1553 1571 1464
f 1555 1554 1395
f 1505 1557 1504
f 1648 2350 1319
f 1559 1508 2335
f 1394 1444 1508
f 1358 1559 1446
f 1445 1394 1513
f 1357 1513 1394
f 1560 1513 1511
f 1357 1510 1513
f 1511 1561 1560
f 1399 604 1561
f 1560 604 893
f 1451 1561 1511
f 1672 1516 1388
f 1516 1518 1433
f 1451 1563 1452
f 1598 1564 1624
f 1563 1564 1519
f 1565 1637 1320
f 1637 1565 1598
f 1569 1566 1521
f 1520 1373 1371
f 1521 1373 1457
f 1737 1631 1632
f 1419 1567 1483
f 1567 1569 1570
f 1568 1570 1544
f 1567 1570 1485
f 1634 1570 1569
f 1594 1571 1552
f 1572 1571 1596
f 1572 1578 1599
f 1599 1573 1522
f 1461 1573 2339
f 2339 1599 1577
f 1468 1575 1537
f 1579 1574 1578
f 1575 1576 1574
f 1573 1599 2339
f 1574 1576 1577
f 1574 1577 1578
f 1356 1675 1677
f 1574 1581 1575
f 1574 1579 1581
f 1578 1572 1600
f 1579 1578 1600
f 1676 1689 1679
f 1601 2345 1540
f 1640 1641 1679
f 1537 1575 1601
f 1527 1403 2395
f 1527 1528 1583
f 1435 1583 1528
f 1584 1532 1588
f 1532 1587 1588
f 1643 1608 1278
f 2397 1585 1608
f 1585 1617 1545
f 2344 1608 1585
f 1532 1533 1531
f 1608 2344 1533
f 1610 1589 1540
f 1609 1610 1612
f 1584 1588 2346
f 1587 1532 1529
f 1612 1610 1611
f 1611 1588 1587
f 1526 1589 1609
f 1539 1589 1526
f 1647 1556 1473
f 1615 1568 1544
f 1493 1591 1387
f 1546 1591 1652
f 1619 1546 1315
f 1653 1315 1652
f 1546 1619 1620
f 1546 1620 1547
f 1388 1548 1547
f 1354 2347 1549
f 1551 1595 1594
f 1600 1596 1356
f 1596 1595 1356
f 1595 1596 1594
f 1557 1597 1558
f 604 1560 1561
f 1562 1624 1564
f 1564 1598 1519
f 1625 1598 1624
f 1569 1521 1634
f 1572 1599 1522
f 1577 1599 1578
f 1596 1600 1572
f 1581 1601 1575
f 1607 1638 1639
f 1582 1639 1638
f 1607 1580 1605
f 1278 1584 1603
f 1619 1671 1657
f 1643 1603 1602
f 1602 1669 1643
f 1606 2346 1604
f 1580 1639 1640
f 1604 2400 1606
f 1605 1604 2346
f 1611 1645 1588
f 1605 1580 1664
f 2399 1657 1671
f 1645 1605 2346
f 1527 1609 1528
f 1610 1540 2345
f 1612 1587 1613
f 1610 2345 1611
f 2345 1638 1644
f 1435 1613 1529
f 1648 1647 1646
f 1615 1614 1568
f 1627 1615 1544
f 1649 1615 1633
f 1432 1616 1386
f 1617 1616 1313
f 1590 1617 2397
f 1616 1617 1590
f 1652 1315 1546
f 1655 1671 1619
f 1656 1620 1619
f 1656 1672 1661
f 1622 1391 2347
f 1595 1551 1673
f 1662 1622 2347
f 1673 1551 1622
f 1673 1622 1662
f 1658 1680 1699
f 1356 1595 1674
f 1562 1626 1624
f 1624 1626 1663
f 1625 1631 1637
f 2348 1627 1632
f 1716 1712 1710
f 1663 1626 1718
f 1627 1544 1632
f 1627 2348 1629
f 1663 2349 1628
f 1635 1633 1629
f 2348 1628 1629
f 1628 1625 1663
f 1712 1715 1718
f 1648 1319 1647
f 1630 1629 2349
f 1635 1629 1630
f 1737 1454 1631
f 1632 1631 2348
f 1634 1632 1544
f 1615 1627 1633
f 1629 1633 1627
f 1634 1544 1570
f 1646 2396 1648
f 1635 1648 2396
f 1521 1636 1634
f 1637 1454 1320
f 1454 1637 1631
f 1607 1639 1580
f 1681 1666 1668
f 1640 1664 1580
f 1641 1639 1582
f 1665 1664 1666
f 1579 1600 1677
f 1678 1582 1579
f 1641 1640 1639
f 1641 1676 1679
f 1356 1674 1675
f 1595 1673 1674
f 1659 1603 1606
f 1603 1643 1278
f 1604 1605 1664
f 1644 1638 1607
f 1585 2397 1617
f 1612 1611 1587
f 1645 1611 1644
f 1644 1607 1645
f 1605 1645 1607
f 2346 1588 1645
f 1529 1613 1587
f 1646 1647 1473
f 1647 1319 1555
f 1630 1714 2350
f 1649 2396 2393
f 1635 1649 1633
f 1650 1654 1428
f 1654 1618 1652
f 1487 1650 1428
f 1651 1618 1590
f 1618 1654 1650
f 1643 2397 1608
f 1651 1669 1653
f 1650 1590 1618
f 1654 1652 1494
f 1653 1652 1618
f 1651 1653 1618
f 1655 1619 1315
f 1655 1315 1653
f 1669 1655 1653
f 1619 1657 1656
f 1657 1658 1593
f 1658 1657 1592
f 1660 1592 2399
f 1657 1593 1656
f 1593 1658 1670
f 1659 1671 1602
f 1659 1602 1603
f 1660 2399 2400
f 1656 1661 1620
f 1672 1656 1593
f 1593 2401 1672
f 1358 1517 1738
f 1663 1718 2349
f 1625 1624 1663
f 1604 1664 1665
f 1679 1666 1640
f 1660 1665 1681
f 1604 1665 2400
f 1666 1681 1665
f 1640 1666 1664
f 1682 1668 1666
f 1666 1679 1682
f 1668 1667 1687
f 1655 1669 1602
f 1680 1658 1592
f 1602 1671 1655
f 1683 2401 2398
f 1621 1316 1662
f 1675 1674 1642
f 1642 1676 1675
f 1678 1677 1675
f 1642 1689 1676
f 1676 1641 1678
f 1356 1677 1600
f 1675 1676 1678
f 1582 1678 1641
f 1579 1677 1678
f 1667 1693 1687
f 1687 1681 1668
f 1592 1660 1680
f 1689 1682 1679
f 1668 1682 1690
f 1683 2398 1739
f 1672 1683 2355
f 2421 1623 1642
f 1662 1684 2421
f 2354 2403 1726
f 1685 1686 2343
f 1692 1686 1685
f 1699 1680 1687
f 1681 1687 1680
f 1688 1670 1699
f 1318 2398 1688
f 1670 1658 1699
f 1668 1690 1667
f 1689 1690 1682
f 2351 1692 2352
f 1667 1690 2352
f 1689 1623 1690
f 2351 1686 1692
f 1691 1692 1279
f 1693 1667 1691
f 1719 1720 1721
f 1692 1685 1695
f 1692 1695 1279
f 1719 1699 1693
f 1685 2353 2354
f 1514 1697 1710
f 1696 1708 1697
f 1317 1697 1514
f 1696 1694 1708
f 1355 1500 1499
f 2353 2343 1500
f 1705 1703 1704
f 1697 1317 1696
f 1500 1355 1698
f 1505 1504 1733
f 1720 1691 1279
f 1699 1687 1693
f 1694 1696 1703
f 1719 1721 1725
f 1703 1696 1704
f 1702 1725 1700
f 1317 1509 1704
f 1703 1705 1702
f 1707 1706 1727
f 1500 1698 2353
f 2353 1698 1727
f 1702 1701 1694
f 1695 1701 1700
f 1701 1695 1726
f 1701 1702 1700
f 1725 1702 1705
f 1688 1699 1719
f 1700 1279 1695
f 1694 1703 1702
f 1317 1704 1696
f 1506 1722 1509
f 1722 1704 1509
f 1722 1705 1704
f 1701 2402 1694
f 1727 2354 2353
f 1706 1713 1709
f 1626 1712 1718
f 1712 1626 1562
f 1713 1716 1709
f 2402 1726 2403
f 1727 2403 2354
f 1710 1708 1716
f 1706 1730 1713
f 1716 1708 1709
f 1708 1710 1697
f 1319 1728 1732
f 1712 1716 1715
f 1730 1706 1707
f 1711 1715 1713
f 2349 1714 1630
f 1728 2350 1714
f 1733 1731 1707
f 1731 1729 1730
f 1711 1717 1715
f 1717 1718 1715
f 1731 1504 1558
f 1713 1715 1716
f 1728 1717 1711
f 1718 1717 1714
f 2349 1718 1714
f 1720 1719 1693
f 1688 1719 1725
f 1693 1691 1720
f 1279 1700 1721
f 1725 1721 1700
f 1279 1721 1720
f 1723 1722 1506
f 1723 1738 1739
f 1738 1723 1358
f 1705 1722 1724
f 1724 1722 1723
f 1724 1723 1739
f 1724 1725 1705
f 1318 1725 1724
f 1725 1318 1688
f 1726 2402 1701
f 1685 2354 1695
f 1706 2403 1727
f 1733 1707 1698
f 1635 1630 1648
f 1714 1717 1728
f 1711 1729 1728
f 1729 1732 1728
f 1730 1729 1711
f 1732 1729 1558
f 1713 1730 1711
f 1730 1707 1731
f 1504 1731 1733
f 1558 1729 1731
f 1558 1597 1732
f 1728 1319 2350
f 1319 1732 1555
f 1727 1698 1707
f 1355 1733 1698
f 1425 1380 1734
f 1380 1735 1734
f 1415 1734 1482
f 1735 1482 1734
f 1613 1435 1528
f 1530 1435 1529
f 1736 1564 1563
f 1514 1562 1736
f 1564 1736 1562
f 1634 1737 1632
f 1424 1737 1636
f 1672 2355 1516
f 1724 1739 1318
f 1794 1282 1192
f 1758 1794 1192
f 1364 1856 1855
f 1216 1852 1759
f 1193 1856 1364
f 1855 1194 1364
f 1973 1199 1198
f 1770 1769 1792
f 1852 1216 1215
f 1282 1794 1795
f 1756 1820 1757
f 1750 1982 1751
f 1809 1854 1785
f 2301 1793 1779
f 1201 1923 1503
f 1770 1792 1785
f 1883 1922 1920
f 1788 1773 1772
f 1503 1923 1996
f 1791 1793 1771
f 1848 1806 2296
f 1758 1757 1794
f 1928 1208 1207
f 1933 1204 2004
f 1776 1810 1780
f 1412 1208 1930
f 1209 1866 1210
f 1790 1778 1760
f 2087 1775 2081
f 1762 1761 1803
f 1777 1786 84
f 1793 1772 1771
f 1781 1764 1786
f 1382 1381 1865
f 1783 2294 1763
f 1832 1865 1899
f 85 1786 1764
f 1206 1205 1931
f 1761 1760 1778
f 1781 1774 1839
f 1193 1282 1795
f 1790 1759 1852
f 2359 2332 1894
f 1787 1777 83
f 1762 1803 1783
f 1786 1774 1781
f 2410 2192 2222
f 1787 1763 2294
f 83 1777 84
f 1786 85 84
f 1780 1792 1769
f 1213 1835 1333
f 1912 1914 1748
f 2004 1204 1441
f 1820 1794 1757
f 1912 1747 1937
f 1745 1888 1746
f 1741 1740 2358
f 1195 2035 1196
f 1934 1888 1745
f 1994 2356 15
f 1799 1861 2358
f 1827 1743 1742
f 1987 1915 2356
f 1788 2295 1773
f 1742 1741 1831
f 1861 24 23
f 1803 1761 1778
f 2358 1829 1831
f 14 13 1916
f 1799 1740 27
f 1826 1862 1955
f 1862 1826 23
f 27 26 24
f 1794 1820 1795
f 25 24 26
f 24 1799 27
f 19 1891 238
f 1790 1760 1759
f 1777 1787 2294
f 1780 1768 1802
f 21 2303 2018
f 22 21 1890
f 1799 2358 1740
f 1827 1742 1831
f 1802 1782 1840
f 2301 1808 2295
f 1772 1793 2297
f 1773 2298 2299
f 1838 1839 1774
f 1211 1958 1900
f 1 1784 2405
f 1 2300 1784
f 1778 1790 1789
f 1770 1785 1791
f 1781 1765 1764
f 1781 1839 1765
f 1786 1777 1774
f 1839 1766 1765
f 1842 1784 2404
f 1810 1792 1780
f 1763 1787 82
f 1769 1768 1780
f 1971 1756 1755
f 1904 1963 1835
f 1885 10 229
f 1802 1768 1767
f 1839 1782 1766
f 83 82 1787
f 1926 1886 1925
f 1854 1816 2357
f 1215 1329 2332
f 1783 1763 1762
f 1875 5 4
f 1801 1848 1851
f 1886 1926 2079
f 1867 1906 1964
f 1766 1782 1767
f 275 5 1867
f 1924 1927 2008
f 1841 1872 1840
f 1881 1916 1991
f 2294 1774 1777
f 1382 1902 1212
f 1782 1839 1838
f 1869 1803 1836
f 1782 1802 1767
f 1802 1840 1776
f 1778 1789 1803
f 1872 1811 1810
f 1842 1804 1784
f 1842 1806 1804
f 1845 3 2405
f 1806 1842 1843
f 1804 1805 1845
f 2296 1846 1848
f 1845 1805 1844
f 234 3 1845
f 1807 1215 2332
f 1808 2301 1779
f 2238 2239 1779
f 2295 1808 1850
f 1810 1811 1813
f 1809 1785 1792
f 1816 1813 1815
f 1872 1810 1776
f 1810 1813 1809
f 1814 1811 1873
f 2359 1864 1817
f 1812 1817 1864
f 1813 1811 1814
f 1897 1815 1812
f 1814 1873 1868
f 1812 1813 1814
f 1864 2250 1897
f 1898 1818 1815
f 1812 1815 1813
f 1815 1818 1816
f 1818 2357 1816
f 1809 1816 1854
f 1812 1814 1817
f 1813 1816 1809
f 2357 1818 2242
f 2357 1819 1854
f 1980 1194 1855
f 1879 1911 1754
f 1754 1753 1879
f 1197 1976 1877
f 1748 1914 1749
f 1882 2362 1991
f 1944 2020 2178
f 2419 1923 2413
f 1744 1827 1889
f 2016 1858 2015
f 1954 2064 2065
f 1955 1862 22
f 1828 1827 1831
f 1828 1831 1829
f 2065 1830 1954
f 1828 1829 1957
f 2103 1938 1935
f 1830 1889 1828
f 1830 1936 1889
f 1831 1741 2358
f 1214 1863 1894
f 1899 1381 1425
f 1865 1960 1902
f 1866 1958 1210
f 1844 1849 1875
f 1212 1902 1904
f 1898 1815 1897
f 1802 1776 1780
f 1872 1776 1840
f 1789 1853 1868
f 1872 1841 1873
f 1782 1838 1840
f 1869 1870 1803
f 1840 1838 1837
f 1838 1774 1871
f 1840 1837 1841
f 1869 1841 1837
f 1873 1836 1868
f 1843 1842 2298
f 1843 2298 2295
f 1847 1801 1849
f 4 1845 1844
f 1848 1801 1847
f 1805 1806 1847
f 1848 1847 1806
f 1874 1801 1851
f 1805 1847 1844
f 1848 1846 1851
f 1834 1905 1849
f 1844 1847 1849
f 1843 1850 2296
f 1850 1966 2296
f 2295 1850 1843
f 2241 1966 1850
f 1966 1967 1965
f 2241 1850 1808
f 1967 1966 2241
f 1907 1851 1846
f 1852 1807 1853
f 1852 1215 1807
f 1810 1809 1792
f 1814 1868 1817
f 1790 1853 1789
f 1817 1853 1807
f 1852 1853 1790
f 1791 1785 1819
f 1856 1968 1855
f 2095 1975 1857
f 1795 1856 1193
f 1971 1820 1756
f 1877 1974 1197
f 1401 1400 1979
f 2038 2037 1910
f 1917 12 11
f 1921 1883 1920
f 2002 1999 2000
f 1883 1921 1997
f 1885 1924 1859
f 1964 274 275
f 1929 2009 1928
f 2057 1824 2119
f 2340 1203 1922
f 1937 1747 1746
f 1892 1952 1891
f 1915 268 16
f 1950 1946 1947
f 24 1861 1799
f 1861 23 1826
f 1890 1955 22
f 1955 1890 2022
f 1895 1214 1333
f 1864 1863 2250
f 1807 2359 1817
f 1863 1864 2359
f 1898 1897 1963
f 1865 1381 1899
f 1865 1832 1960
f 1900 1425 1211
f 1901 1960 1832
f 1212 1904 1213
f 1900 1958 1833
f 1867 5 1875
f 1905 1906 1867
f 1904 1835 1213
f 1789 1868 1836
f 1853 1817 1868
f 1841 1836 1873
f 1870 1869 1837
f 1838 1871 1837
f 1870 1783 1803
f 1774 2294 1871
f 1837 1871 1870
f 1873 1811 1872
f 1869 1836 1841
f 1845 4 234
f 1875 4 1844
f 1849 1874 1834
f 2092 2030 2091
f 1875 1849 1905
f 2030 2087 2088
f 2203 2162 2199
f 1908 1973 2034
f 1978 1195 1401
f 1857 1909 2035
f 1981 2036 1878
f 1911 1879 1983
f 2361 1752 1751
f 1880 2361 1910
f 2369 1983 1984
f 1911 1971 1755
f 1750 1749 1914
f 1910 2361 1982
f 1982 1913 2038
f 15 14 1916
f 1991 1990 1881
f 1921 1920 1202
f 2413 1201 1200
f 1924 9 8
f 1925 8 7
f 2097 2363 1919
f 1882 1917 1919
f 1924 1885 9
f 2008 1859 1924
f 2045 1885 1859
f 1925 1927 1924
f 1929 1207 1206
f 2010 1930 2009
f 2057 2058 2011
f 2076 1866 2054
f 2012 2059 1932
f 1934 1745 1744
f 1744 1743 1827
f 1985 2014 2015
f 1858 1912 1985
f 1889 1827 1828
f 20 1952 1951
f 1941 19 18
f 2408 18 294
f 1892 1891 1943
f 1940 1951 2021
f 238 1952 20
f 1941 1891 19
f 268 1915 1989
f 2408 1942 1941
f 1956 2022 1954
f 1826 1956 1829
f 2359 1894 1863
f 1835 1895 1333
f 1963 2250 1835
f 1214 1895 1863
f 1863 1895 2250
f 2250 1895 1835
f 1904 1902 1962
f 1864 1897 1812
f 2250 1963 1897
f 1818 1898 1896
f 1818 1896 2242
f 1900 1899 1425
f 1211 1210 1958
f 1959 1900 1833
f 1901 1832 1959
f 1865 1902 1382
f 1903 1901 2026
f 1896 1898 2407
f 1960 1962 1902
f 1906 1905 1834
f 1875 1905 1867
f 274 2027 6
f 1870 1871 1783
f 1874 1849 1801
f 2247 1834 1874
f 2092 1874 1851
f 1965 1907 1846
f 1907 2087 2030
f 1969 1968 1795
f 1968 1970 2031
f 2034 1973 1974
f 2035 1978 1857
f 1978 1979 1981
f 1979 2036 1981
f 1753 2361 1880
f 1751 1982 2361
f 1982 2038 1910
f 2205 2203 2204
f 1971 1972 1970
f 1754 1911 1755
f 1748 1747 1912
f 1914 2044 1913
f 1985 1912 1937
f 2044 1914 1912
f 1913 1982 1750
f 2062 1988 2061
f 268 1989 17
f 13 1991 1916
f 1917 1882 1991
f 1991 13 12
f 1919 1917 11
f 10 1918 1919
f 12 1917 1991
f 1885 1918 10
f 2097 1918 2045
f 1995 2166 1990
f 2097 1919 1918
f 1882 1919 2363
f 1922 1203 1920
f 1202 1503 1996
f 1931 1205 1933
f 2413 1923 1201
f 1200 1199 2006
f 2049 1923 2419
f 1925 1924 8
f 1926 1925 7
f 7 6 1926
f 1886 2007 1927
f 2008 1927 2052
f 1886 1927 1925
f 1929 1928 1207
f 1930 1928 2009
f 1931 1929 1206
f 1932 2009 1929
f 1412 2053 1414
f 2053 1930 2011
f 1932 1931 1887
f 1933 2055 1887
f 1887 2012 1932
f 1929 1931 1932
f 1204 1933 1205
f 1887 1931 1933
f 1889 1934 1744
f 1888 1934 1935
f 1889 1936 1934
f 2103 1935 1936
f 1934 1936 1935
f 1888 1937 1746
f 1938 2014 1935
f 1938 2015 2014
f 1938 2103 1939
f 2017 1986 2016
f 2024 2023 2066
f 1858 2016 1986
f 1951 2018 2303
f 1890 21 2018
f 2408 1941 18
f 17 2408 294
f 1989 2408 17
f 1893 1942 2408
f 1988 1893 1989
f 1947 1945 1942
f 1942 1893 1947
f 1943 1945 2406
f 1941 1943 1891
f 1950 1947 1893
f 1945 1943 1942
f 1941 1942 1943
f 1947 1946 1945
f 2020 1944 1946
f 2367 1798 2190
f 1944 1945 1946
f 1944 2178 2141
f 2172 2173 2175
f 1949 1950 2062
f 1950 1949 2063
f 20 1951 2303
f 2021 1951 1952
f 1952 238 1891
f 1953 2022 1890
f 1953 1890 2018
f 1954 2022 2064
f 1954 1957 1956
f 1955 2022 1956
f 1957 1954 1830
f 1955 1956 1826
f 1828 1957 1830
f 1829 1956 1957
f 1833 1958 2078
f 1959 1833 2084
f 1899 1900 1959
f 1959 1832 1899
f 1901 1903 1960
f 1962 1960 1903
f 2026 1961 1903
f 1963 1962 2407
f 2407 1962 1903
f 1904 1962 1963
f 1867 1964 275
f 2027 1964 1906
f 2249 1834 2247
f 1965 1846 1966
f 1965 1775 2087
f 2296 1966 1846
f 2244 2241 2239
f 1965 1967 1775
f 2302 2243 2244
f 1907 1965 2087
f 2087 2029 2088
f 2247 2092 2091
f 1969 1795 1820
f 1968 1969 1970
f 1971 1969 1820
f 2031 1970 1876
f 1979 1980 2036
f 1971 1911 1972
f 1969 1971 1970
f 1983 1972 1911
f 1876 1972 2369
f 1974 1973 1198
f 2006 1973 1908
f 1197 1974 1198
f 1975 1909 1857
f 2035 1909 1976
f 1976 1909 1877
f 2094 1909 1975
f 2161 2133 1977
f 2123 2411 1821
f 1978 2035 1195
f 1977 1857 1981
f 1978 1401 1979
f 1857 1978 1981
f 1980 1979 1400
f 1194 1980 1400
f 1980 1855 2032
f 1977 1981 1878
f 2360 1880 1910
f 1910 2037 2042
f 2360 2042 1984
f 1972 1983 2369
f 2360 1984 1983
f 1985 1937 2014
f 2015 1858 1985
f 1912 1858 2044
f 2416 1986 2017
f 1858 1986 2044
f 1913 1750 1914
f 1988 1989 1915
f 1989 1893 2408
f 2061 1988 1915
f 1893 1988 2062
f 2362 1995 1990
f 1993 1990 2166
f 1990 1991 2362
f 2138 2139 2136
f 1993 1881 1990
f 2251 1993 1992
f 1881 1993 2253
f 2135 1992 2111
f 1916 1994 15
f 2046 2097 2045
f 1882 2363 2362
f 1202 1996 2048
f 2048 1921 1202
f 1999 1997 2001
f 2206 2208 1823
f 1921 2048 1997
f 2000 1999 1998
f 2049 1996 1923
f 1999 2001 2420
f 1999 2002 1997
f 2001 2049 2211
f 2001 2048 2049
f 2050 2002 2279
f 2000 2269 2005
f 2005 2002 2000
f 2279 2002 2005
f 2050 1922 1883
f 2275 2270 2412
f 1884 2056 2003
f 2050 2003 1922
f 1441 2340 2004
f 2267 2005 2269
f 2005 2278 2279
f 2266 2413 2006
f 1200 2006 2413
f 1973 2006 1199
f 1886 2079 2007
f 1927 2007 2052
f 2008 2051 2046
f 1932 2059 2009
f 2011 2054 2053
f 1930 2010 2011
f 2057 2011 2010
f 2054 2011 2058
f 2053 2054 1209
f 1800 2075 2076
f 1209 1414 2053
f 1866 1209 2054
f 2055 1933 2004
f 2055 2056 2259
f 1860 2259 2258
f 2013 2059 2060
f 2059 2012 2060
f 1888 2014 1937
f 1935 2014 1888
f 2016 2015 2069
f 2067 1939 2066
f 2037 2039 2041
f 1953 2018 1940
f 1951 1940 2018
f 2368 1940 2021
f 2061 1987 2252
f 2101 2062 2061
f 1946 1950 2063
f 1892 2409 1952
f 2064 2022 1953
f 1830 2065 1936
f 1958 1866 2025
f 2025 2075 2078
f 2078 1958 2025
f 2104 1833 2078
f 1896 1961 2240
f 1964 2027 274
f 2249 1906 1834
f 2090 2091 2030
f 2145 2007 2263
f 2027 1926 6
f 1926 2027 2079
f 1901 2083 2026
f 2087 2081 2029
f 1907 2092 1851
f 2032 2031 2201
f 1968 2032 1855
f 2032 2201 2036
f 2033 2034 1877
f 2094 2411 2033
f 2034 1974 1877
f 2108 2411 2123
f 1976 1196 2035
f 2133 2095 1977
f 2032 2036 1980
f 2201 1878 2036
f 2039 2037 2038
f 2043 2042 2037
f 1984 2042 2205
f 2044 1986 1913
f 2040 2039 2416
f 2041 2040 2096
f 2016 2069 2017
f 2017 2074 2073
f 2096 2151 2109
f 2042 2043 2205
f 2040 2041 2039
f 2043 2037 2041
f 2042 2360 1910
f 2038 1913 1986
f 1885 2045 1918
f 2046 2045 1859
f 2008 2046 1859
f 2047 2046 2163
f 2049 2048 1996
f 1997 2048 2001
f 1997 2002 1883
f 2003 2340 1922
f 2004 2340 2003
f 2266 1908 2414
f 2266 2006 1908
f 2008 2052 2051
f 1930 2053 1412
f 2076 2054 2058
f 2057 2013 1824
f 2055 2259 1860
f 1887 1860 2012
f 2056 2055 2004
f 2003 2056 2004
f 2100 2013 2060
f 2058 2057 2118
f 2057 2010 2013
f 2013 2010 2059
f 2058 2118 2077
f 1824 2182 2146
f 2009 2059 2010
f 2012 2099 2060
f 2100 2099 2112
f 2099 2257 2112
f 1987 2061 1915
f 1893 2062 1950
f 1949 2101 2415
f 2064 2023 2065
f 2023 2024 2065
f 2103 2065 2024
f 2065 2103 1936
f 2023 2191 2190
f 2024 2066 1939
f 2367 2192 2193
f 2068 2017 2069
f 2067 2068 1939
f 2067 2066 1798
f 2068 2067 2070
f 2068 2070 2074
f 1939 2068 2069
f 2074 2070 2072
f 2074 2017 2068
f 2071 2073 2074
f 2071 2074 2072
f 2096 2040 2073
f 2017 2073 2416
f 2076 2075 2025
f 1866 2076 2025
f 2077 2076 2058
f 2077 1800 2076
f 2118 2119 2216
f 1800 2077 2105
f 2080 2027 1906
f 2007 2079 2263
f 2263 2079 2080
f 2027 2080 2079
f 1775 2244 2245
f 2081 2028 2082
f 2084 2104 2028
f 2104 2085 2082
f 2084 2083 1901
f 2246 2083 2028
f 1959 2084 1901
f 1833 2104 2084
f 2075 2085 2078
f 2084 2028 2083
f 2082 2028 2104
f 2075 1800 2085
f 2085 2086 2082
f 2086 2085 1800
f 2086 1800 2105
f 2029 2082 2086
f 2088 2029 2086
f 2030 2088 2090
f 2089 2088 2086
f 2180 2143 2089
f 2088 2089 2090
f 2089 2143 2090
f 2142 2091 2090
f 2092 1907 2030
f 2130 2194 2131
f 2034 2033 2149
f 1909 2094 1877
f 2411 2094 1975
f 2095 1821 1975
f 2094 2033 1877
f 1977 2095 1857
f 2109 2162 2043
f 2151 1796 2109
f 2136 2363 2047
f 2046 2047 2097
f 2138 2136 2110
f 2055 1860 1887
f 1860 2099 2012
f 1824 2013 2100
f 2099 2100 2060
f 2100 2112 2182
f 1822 2113 2415
f 2101 1822 2415
f 2114 1948 2113
f 2101 1949 2062
f 2061 2252 2101
f 2251 2102 1822
f 1993 2111 1992
f 1992 2102 2251
f 2063 2020 1946
f 2063 2116 2365
f 1939 2103 2024
f 2085 2104 2078
f 2144 2180 2181
f 2182 1824 2100
f 2132 2093 2414
f 2129 2108 2107
f 2108 2132 2033
f 2214 2213 2128
f 2051 2187 2163
f 2262 2276 2261
f 1993 2166 2111
f 2165 2139 2138
f 2237 2232 2236
f 2102 2164 2237
f 2102 2113 1822
f 2019 2365 2177
f 2235 2236 2232
f 2116 2115 2167
f 2102 2237 2113
f 2125 2194 2129
f 2116 2167 2177
f 2115 2116 1948
f 2063 1948 2116
f 2236 2115 2114
f 2170 2177 2167
f 2156 2153 2155
f 2167 2168 2140
f 2170 2172 2177
f 2117 2179 2019
f 2105 2089 2086
f 2216 2089 2105
f 2105 2077 2118
f 2105 2118 2216
f 2057 2119 2118
f 2080 1906 2249
f 2181 2180 2217
f 2149 1908 2034
f 2122 2196 2266
f 2107 2108 2123
f 2126 2134 2124
f 2107 2126 2127
f 2174 2214 2173
f 2107 2123 2126
f 2213 2150 2125
f 2194 2125 2131
f 2127 2126 2124
f 2107 2127 2125
f 2123 1821 2126
f 2127 2124 2128
f 2124 1796 2152
f 2152 2151 2155
f 2129 2107 2125
f 2131 2125 2150
f 2188 2130 2131
f 2108 2129 2132
f 2093 2132 2129
f 2201 2031 2202
f 2197 2198 2134
f 1821 2095 2417
f 2417 2134 2126
f 2124 2134 1796
f 2096 2109 2041
f 2109 2043 2041
f 2162 2109 2198
f 2163 2110 2047
f 2052 2186 2185
f 2220 2221 2187
f 2363 2136 1995
f 2110 2136 2047
f 2260 2277 2137
f 2111 2139 2165
f 2189 2172 2170
f 1944 2141 1825
f 1824 2146 2119
f 2181 2106 2144
f 2142 2090 2143
f 2248 2142 2120
f 2142 2143 2144
f 2142 2144 2120
f 2184 2106 2148
f 2217 2146 2147
f 2147 2146 2182
f 2183 2121 2182
f 2148 2147 2121
f 2148 2181 2147
f 2146 2217 2119
f 2148 2121 2219
f 2106 2184 2145
f 2149 2132 2414
f 2214 2176 2173
f 2188 2189 2171
f 2073 2071 2364
f 2151 2152 1796
f 2364 2151 2096
f 2152 2155 2153
f 2124 2152 2128
f 2364 2154 2155
f 2214 2153 2176
f 2152 2153 2128
f 2154 2071 2072
f 2156 2155 2154
f 2156 2154 2418
f 2153 2156 2176
f 2158 2072 2070
f 2366 2418 2160
f 2157 2117 2175
f 2158 2159 2160
f 1798 2367 2159
f 1798 2066 2190
f 2367 2193 2159
f 1798 2159 2158
f 2093 2195 2122
f 1878 2161 1977
f 2162 2198 2199
f 2197 2199 2198
f 2162 2203 2205
f 2221 2163 2187
f 2221 2098 2110
f 2260 2098 2225
f 2166 2139 2111
f 2209 2229 2370
f 2136 2139 1995
f 2139 2166 1995
f 2170 2167 2140
f 2168 2167 2115
f 2206 1823 2195
f 2171 2169 2207
f 2171 2170 2140
f 2189 2173 2172
f 2175 2173 2176
f 2174 2173 2189
f 2174 2150 2213
f 2174 2213 2214
f 2157 2175 2156
f 2177 2117 2019
f 2175 2117 2172
f 2117 2177 2172
f 2365 2178 2020
f 2178 2179 2141
f 2144 2143 2180
f 2216 2180 2089
f 2217 2216 2119
f 2181 2217 2147
f 2106 2181 2148
f 2183 2182 2112
f 2112 2257 2281
f 2182 2121 2147
f 2218 2121 2183
f 2225 2221 2220
f 2187 2051 2185
f 2148 2219 2184
f 2145 2184 2186
f 2185 2184 2219
f 2145 2186 2007
f 2187 2185 2219
f 2052 2185 2051
f 2185 2186 2184
f 2187 2219 2220
f 2186 2052 2007
f 2213 2125 2127
f 2188 2150 2174
f 2188 2171 2130
f 2171 2189 2170
f 2174 2189 2188
f 2064 2191 2023
f 2023 2190 2066
f 2064 1953 2191
f 2222 2367 2190
f 2410 2222 2368
f 2141 2193 1825
f 1825 2193 2192
f 2193 2160 2159
f 2193 2141 2215
f 2193 2215 2160
f 2129 2194 2093
f 2093 2194 2195
f 2122 2195 1823
f 2122 1823 2196
f 2224 2208 2212
f 2206 2130 2207
f 2194 2130 2195
f 2109 1796 2198
f 2134 2198 1796
f 2161 2200 2199
f 2200 2203 2199
f 1878 2200 2161
f 1878 2201 2200
f 1876 2202 2031
f 2201 2202 2200
f 2204 2203 2200
f 2162 2205 2043
f 2369 1984 2204
f 2200 2202 2204
f 2205 2204 1984
f 2168 2236 1797
f 2171 2140 2169
f 2169 2140 2168
f 2168 1797 2169
f 2210 2207 2169
f 2130 2171 2207
f 2210 1797 2223
f 2208 2206 2209
f 2212 2208 2370
f 2000 2226 2269
f 2209 2207 2210
f 2210 2169 1797
f 2229 2209 2210
f 1998 1999 2420
f 1823 2208 2224
f 2212 1998 2420
f 2127 2128 2213
f 2153 2214 2128
f 2215 2157 2366
f 2179 2215 2141
f 2178 2019 2179
f 2216 2217 2180
f 2219 2121 2220
f 2218 2220 2121
f 2220 2218 2225
f 2218 2280 2225
f 2098 2221 2225
f 2163 2221 2110
f 2150 2188 2131
f 1953 1940 2191
f 2368 2191 1940
f 2409 2368 2021
f 2191 2368 2222
f 2191 2222 2190
f 2130 2206 2195
f 2209 2206 2207
f 2212 2370 2227
f 2276 2268 2270
f 2230 2226 2227
f 1797 2235 2223
f 2229 2210 2223
f 2227 1998 2212
f 2224 2196 1823
f 2196 2224 2211
f 2183 2112 2281
f 2260 2225 2280
f 1998 2226 2000
f 2226 2230 2269
f 2230 2227 2370
f 1998 2227 2226
f 2223 2235 2228
f 2231 2233 2228
f 2164 2232 2237
f 2230 2229 2228
f 2230 2370 2229
f 2232 2234 2231
f 2234 2164 2135
f 2135 2265 2412
f 2231 2235 2232
f 2231 2234 2272
f 2223 2228 2229
f 2231 2228 2235
f 2230 2228 2371
f 2164 2234 2232
f 2236 2235 1797
f 2115 2236 2168
f 2113 2237 2114
f 2114 2237 2236
f 2302 2238 2242
f 1779 2239 1808
f 2238 2357 2242
f 2302 2239 2238
f 2244 1967 2241
f 2240 1961 2243
f 2302 2242 2240
f 2239 2241 1808
f 2240 2242 1896
f 1961 2246 2243
f 2245 2028 2081
f 2245 2244 2243
f 1967 2244 1775
f 2239 2302 2244
f 1961 2026 2246
f 2026 2083 2246
f 2245 2081 1775
f 2246 2245 2243
f 2245 2246 2028
f 1791 1779 1793
f 1854 1819 1785
f 2248 2091 2142
f 2264 2080 2249
f 2120 2145 2263
f 2091 2248 2247
f 2248 2264 2247
f 2263 2264 2120
f 2092 2247 1874
f 1972 1876 1970
f 2202 2369 2204
f 2252 1822 2101
f 2253 2251 2252
f 2251 1822 2252
f 1993 2251 2253
f 2253 2252 1987
f 1994 2253 1987
f 2255 2258 2254
f 1884 2259 2056
f 2259 2254 2258
f 2254 2259 1884
f 2279 1884 2050
f 2254 2278 2255
f 2256 2258 2255
f 2258 2257 1860
f 2257 2256 2281
f 2255 2261 2256
f 2258 2256 2257
f 2099 1860 2257
f 2046 2051 2163
f 2261 2260 2280
f 2277 2261 2276
f 2262 2261 2255
f 2264 2263 2080
f 2264 2249 2247
f 2120 2264 2248
f 2154 2364 2071
f 2151 2364 2155
f 1798 2158 2067
f 2070 2067 2158
f 2111 2265 2135
f 2165 2265 2111
f 2419 2266 2196
f 2267 2371 2271
f 2371 2267 2269
f 2371 2269 2230
f 2272 2271 2233
f 2274 2165 2138
f 2267 2271 2268
f 2231 2272 2233
f 2271 2270 2268
f 2412 2272 2234
f 2270 2271 2272
f 2273 2275 2274
f 2137 2274 2138
f 2273 2270 2275
f 2260 2137 2098
f 2273 2274 2137
f 2165 2274 2275
f 2276 2270 2273
f 2165 2275 2265
f 2276 2273 2277
f 2276 2262 2268
f 2137 2277 2273
f 2261 2277 2260
f 2005 2267 2278
f 2135 2412 2234
f 2275 2412 2265
f 2255 2278 2262
f 2279 2278 2254
f 1884 2279 2254
f 2218 2183 2281
f 2256 2280 2281
f 2261 2280 2256
f 2281 2280 2218
f 2282 188 96
f 317 363 316
f 390 363 317
f 699 643 673
f 1096 2287 998
f 811 2284 659
f 2286 964 1043
f 2283 1071 806
f 998 1076 1079
f 2287 1076 998
f 1093 2285 810
f 2287 1096 814
f 1249 2289 1230
f 1235 1232 2290
f 1269 2288 1263
f 595 1284 2291
f 1377 2291 1284
f 1248 1245 1286
f 2292 1229 2289
f 1231 1287 1249
f 2290 2293 1235
f 2293 1288 1235
f 1292 1290 1257
f 1636 1521 1457
f 1636 1457 1424
f 1871 2294 1783
f 2297 2295 1788
f 2297 1793 2301
f 2295 2298 1773
f 1788 1772 2297
f 2300 2299 2404
f 1819 2238 1779
f 1791 1819 1779
f 2296 1806 1843
f 2301 2295 2297
f 1992 2135 2164
f 1992 2164 2102
f 2243 2302 2240
f 105 142 28
f 129 39 120
f 2303 191 193
f 119 128 582
f 223 224 61
f 104 2305 154
f 146 304 148
f 2307 578 107
f 215 2308 214
f 137 169 49
f 172 146 149
f 140 750 199
f 2304 212 126
f 590 593 224
f 273 63 334
f 192 162 193
f 236 162 290
f 217 240 194
f 147 250 200
f 253 170 307
f 223 61 852
f 392 2312 395
f 2313 293 167
f 195 296 297
f 2314 390 391
f 319 2311 186
f 590 224 223
f 2315 2380 380
f 385 384 381
f 389 390 2314
f 132 396 397
f 325 353 417
f 406 458 460
f 420 421 2382
f 325 417 416
f 420 411 431
f 417 412 416
f 424 420 431
f 2316 418 548
f 424 2316 421
f 2317 432 427
f 430 2316 548
f 427 432 426
f 401 399 456
f 459 2307 460
f 2317 423 432
f 489 463 313
f 2319 365 157
f 472 2319 495
f 495 2319 157
f 2318 499 542
f 2320 574 520
f 349 563 527
f 550 2321 551
f 578 2307 579
f 2306 582 183
f 119 2306 155
f 225 591 592
f 754 720 753
f 635 2322 685
f 101 697 48
f 754 753 721
f 665 2322 680
f 2322 743 685
f 783 768 765
f 770 779 772
f 788 2323 919
f 678 791 789
f 792 2324 786
f 2310 921 922
f 817 613 1427
f 761 756 822
f 761 822 766
f 914 966 1114
f 2323 1099 1132
f 2325 906 60
f 788 919 917
f 798 934 972
f 941 1051 940
f 1056 936 1007
f 1120 1056 732
f 1036 1064 1063
f 1080 1081 2326
f 2326 1102 1082
f 2328 2326 1101
f 1163 1160 1165
f 2329 1162 883
f 1247 1225 1254
f 1267 2331 1265
f 1240 1269 1220
f 1183 1360 1403
f 2332 1329 1894
f 1236 1289 1268
f 1310 2330 1263
f 2334 1336 1337
f 1329 2392 1337
f 1311 2334 1338
f 1285 1338 2392
f 2335 1444 840
f 1573 2336 1359
f 2336 1195 1359
f 1404 2338 1525
f 1400 1410 1363
f 1461 2339 1462
f 1543 1474 1416
f 1567 1419 1372
f 2340 1439 1203
f 2342 599 600
f 1541 1525 2337
f 2338 2337 1525
f 1481 1422 1483
f 2343 1686 1316
f 1502 1316 1621
f 1461 2336 1573
f 1483 1567 1485
f 1552 1571 1553
f 1601 1540 1537
f 1581 1582 1638
f 2346 1603 1584
f 1601 1581 1638
f 1601 1638 2345
f 2346 1606 1603
f 1502 1621 1501
f 1662 2347 1621
f 1628 2348 1625
f 2348 1631 1625
f 2349 1629 1628
f 2350 1648 1630
f 1542 1646 1473
f 1651 1590 2397
f 1738 1517 2355
f 2421 1673 1662
f 1316 1684 1662
f 1660 1681 1680
f 1686 2351 1684
f 2351 2352 1623
f 2352 1692 1691
f 2352 1691 1667
f 1684 2351 2421
f 2343 2353 1685
f 2354 1726 1695
f 1683 1738 2355
f 1738 1683 1739
f 2356 16 15
f 2356 1915 16
f 1784 1804 2405
f 1770 1791 1771
f 1804 1806 1805
f 1819 2357 2238
f 1829 2358 1861
f 2332 2359 1807
f 1880 2360 1879
f 1829 1861 1826
f 2361 1753 1752
f 1880 1879 1753
f 1968 1856 1795
f 2360 1983 1879
f 1994 1916 1881
f 2406 1945 1825
f 1994 1987 2356
f 2362 2363 1995
f 1994 1881 2253
f 2340 1441 1439
f 2407 1961 1896
f 2029 2081 2082
f 2411 2108 2033
f 2149 2033 2132
f 2363 2097 2047
f 2063 2365 2020
f 2178 2365 2019
f 2365 2116 2177
f 2115 1948 2114
f 2120 2144 2106
f 1821 2417 2126
f 2417 2133 2197
f 2120 2106 2145
f 2073 2364 2096
f 2158 2160 2418
f 2157 2215 2179
f 2367 2222 2192
f 2368 2409 2410
f 2211 2419 2196
f 2417 2197 2134
f 2369 2202 1876
f 2370 2208 2209
f 2215 2366 2160
f 2117 2157 2179
f 2233 2371 2228
f 2050 1884 2003
f 2262 2278 2268
f 2372 150 105
f 2 188 2282
f 2304 130 115
f 130 2304 129
f 129 2304 125
f 20 2303 193
f 24 25 135
f 103 76 143
f 2373 433 298
f 196 197 215
f 168 2375 216
f 195 241 299
f 258 2375 217
f 331 330 377
f 2377 401 285
f 98 2374 314
f 2376 2378 479
f 2379 348 402
f 272 379 158
f 2380 131 381
f 2376 343 283
f 419 2382 324
f 2381 451 456
f 479 2378 478
f 591 478 2378
f 406 489 458
f 2383 540 567
f 524 561 459
f 337 2378 2376
f 2378 337 592
f 2384 697 101
f 1136 1138 1139
f 635 680 2322
f 2386 1427 1489
f 2385 762 686
f 2387 695 830
f 2387 784 1005
f 788 2388 1099
f 932 2389 1006
f 906 333 60
f 855 69 68
f 941 870 831
f 995 2287 996
f 695 2387 1005
f 1030 1036 1034
f 787 2388 788
f 1038 942 1060
f 1038 1060 1039
f 1073 1075 1078
f 1073 1078 1077
f 1073 1077 1067
f 1102 2388 1049
f 1098 1136 1139
f 1121 1125 1124
f 849 1130 63
f 1098 1156 1134
f 2390 1106 1105
f 1126 1153 1155
f 614 1346 1486
f 1215 1285 2392
f 1337 2391 1335
f 1337 2392 2334
f 1264 1379 1305
f 1474 2393 1542
f 2335 841 1446
f 1462 1411 1409
f 2343 1502 1500
f 1402 2395 1360
f 1530 2394 1435
f 2395 1402 1526
f 1570 1568 1485
f 2395 1403 1360
f 1386 1616 1590
f 2400 1659 1606
f 1611 2345 1644
f 1386 1590 1650
f 1635 2396 1649
f 1646 1542 2396
f 2396 1542 2393
f 1651 2397 1643
f 1688 2398 1670
f 2399 1592 1657
f 1665 1660 2400
f 1671 1659 2399
f 2400 2399 1659
f 2401 1683 1672
f 2401 1670 2398
f 1670 2401 1593
f 1674 1673 2421
f 2398 1318 1739
f 1674 2421 1642
f 1623 1689 1642
f 1623 2352 1690
f 2402 1709 1694
f 1709 2402 1706
f 2403 1706 2402
f 1425 1734 1211
f 1930 1208 1928
f 1842 2404 2298
f 1789 1836 1803
f 189 2405 3
f 1845 2405 1804
f 2406 2410 1892
f 10 1919 11
f 1938 1939 2069
f 1938 2069 2015
f 1892 1943 2406
f 2410 2409 1892
f 2415 2063 1949
f 1903 1961 2407
f 1963 2407 1898
f 2411 1975 1821
f 2413 2266 2419
f 2409 2021 1952
f 2031 2032 1968
f 2039 1986 2416
f 2002 2050 1883
f 2414 1908 2149
f 1948 2415 2113
f 2415 1948 2063
f 2040 2416 2073
f 2138 2110 2098
f 2133 2417 2095
f 2161 2199 2197
f 2137 2138 2098
f 2122 2266 2414
f 2414 2093 2122
f 2418 2154 2072
f 2156 2418 2366
f 2156 2366 2157
f 2156 2175 2176
f 2410 2406 2192
f 1825 2192 2406
f 2049 2419 2211
f 2161 2197 2133
f 2420 2211 2224
f 2420 2001 2211
f 2212 2420 2224
f 2371 2233 2271
f 2272 2412 2270
f 2267 2268 2278
f 1292 1257 1287
f 2300 2404 1784
f 2298 2404 2299
f 2380 381 380
f 385 381 477
f 366 2382 421
f 2382 366 324
f 1052 1126 1155
f 1623 2421 2351
f 1 2405 2
f 1825 1945 1944
f 2038 1986 2039
f 2158 2418 2072

