# https://github.com/mikedh/trimesh
v 0.10726160 1.16967500 -0.71472670
v 0.09442570 1.15875300 -0.71299400
v 0.09341712 1.13620500 -0.71441190
v 0.08724818 1.10538800 -0.71609230
v 0.08864674 1.08282100 -0.71584210
v 0.09095246 1.01895700 -0.72189570
v 0.09911406 0.99677240 -0.72400400
v 0.10053020 0.97482330 -0.72720190
v 0.10688340 0.95785980 -0.73124890
v 0.12148190 0.93103870 -0.73994720
v 0.12854070 0.90800680 -0.74338810
v 0.13485420 0.88782500 -0.74355300
v 0.14000870 0.86686650 -0.74250920
v 0.14333340 0.84677690 -0.74186510
v 0.14765260 0.82906850 -0.74077810
v 0.15048620 0.80918290 -0.74009510
v 0.15620270 0.76859440 -0.73734800
v 0.15778930 0.72975690 -0.73656490
v 0.16134510 0.70964950 -0.73582560
v 0.15619380 0.66331590 -0.73966040
v 0.16820040 0.63294010 -0.74552930
v 0.16821620 0.61614400 -0.74933170
v 0.16623680 0.58717140 -0.74969030
v 0.16185700 0.57427950 -0.74334760
v 0.15677150 0.56224910 -0.73954250
v 0.15752570 0.56014980 -0.73890440
v 0.15813720 0.55865880 -0.73720070
v 0.14391090 0.55842120 -0.74058970
v 0.13189980 0.56381160 -0.74502520
v 0.12145850 0.56623870 -0.75025190
v 0.10952720 0.56914400 -0.75676280
v 0.09637613 0.56889230 -0.76353130
v 0.08410982 0.56779150 -0.76849840
v 0.06971966 0.56473000 -0.77184310
v 0.05402110 0.56193640 -0.77478110
v 0.03800504 0.55926510 -0.77552370
v 0.02124754 0.55819250 -0.77753630
v 0.00412583 0.55786160 -0.78151650
v -0.01264537 0.55862480 -0.78693710
v -0.02962747 0.55937140 -0.78110300
v -0.04700242 0.56042520 -0.78210610
v -0.06284949 0.55931110 -0.77717670
v -0.07855900 0.55743740 -0.76843960
v -0.09666683 0.55835450 -0.75701060
v -0.11767760 0.56407830 -0.74141860
v -0.13676100 0.57538610 -0.71395540
v -0.13378820 0.58042210 -0.68317610
v -0.12713230 0.61370470 -0.69064150
v -0.11024620 0.64530040 -0.69861920
v -0.10177450 0.65765360 -0.69456350
v -0.09667860 0.67557470 -0.69370340
v -0.08419504 0.68621540 -0.68920250
v -0.05840486 0.72791270 -0.66515510
v -0.06986691 0.75549250 -0.65283730
v -0.07090760 0.77210180 -0.65238910
v -0.06844272 0.80203200 -0.64289070
v -0.07273505 0.81797740 -0.64272800
v -0.08225820 0.85231860 -0.64223490
v -0.08309675 0.87115960 -0.63765010
v -0.08310507 0.89072940 -0.63337230
v -0.07986962 0.93286690 -0.62841490
v -0.07332018 1.00411500 -0.61389630
v -0.07326921 1.01989900 -0.61001590
v -0.07238370 1.04202200 -0.60645220
v -0.06925758 1.06401600 -0.60551820
v -0.07599474 1.07276600 -0.59212730
v -0.07345389 1.09076100 -0.59180480
v -0.07092232 1.10899200 -0.59214230
v -0.07543428 1.11925600 -0.58379540
v -0.06992111 1.14642600 -0.58873640
v -0.05999464 1.16496500 -0.58631940
v -0.05131564 1.18829200 -0.58657740
v -0.03687283 1.19844000 -0.57780490
v -0.00884673 1.24706200 -0.55768900
v -0.00130358 1.25021600 -0.57477330
v 0.00994709 1.26077000 -0.58802310
v 0.02398446 1.27830800 -0.59762000
v 0.03998448 1.30263100 -0.60027500
v 0.05696701 1.32908500 -0.60134180
v 0.07350610 1.35394700 -0.60315960
v 0.10073500 1.37020700 -0.60365030
v 0.12952350 1.36939100 -0.59765650
v 0.12451040 1.36818800 -0.61318070
v 0.13169460 1.35805700 -0.62899200
v 0.13420110 1.35503200 -0.64527700
v 0.11500910 1.35772300 -0.65949560
v 0.09721744 1.35327900 -0.66158910
v 0.08189534 1.34009400 -0.66220330
v 0.07156310 1.32297900 -0.66192290
v 0.06250020 1.30432600 -0.66303670
v 0.05370022 1.28316400 -0.66606440
v 0.04804464 1.25917100 -0.67362280
v 0.04553151 1.23499300 -0.68273180
v 0.04873925 1.21383900 -0.69166880
v 0.05917603 1.19445300 -0.70064500
v 0.07834139 1.17935700 -0.70624730
v 0.13439740 0.59530310 -0.74415590
v -0.03963950 0.66029950 -0.76709660
v -0.08701313 0.61043850 -0.75258040
v -0.11665940 0.59254040 -0.73650890
v -0.12742690 0.59652780 -0.68201450
v -0.00641904 1.22647100 -0.60406150
v 0.00298119 1.24613400 -0.59396280
v 0.11073710 1.36532200 -0.62556770
v 0.13443940 0.57482970 -0.74323350
v 0.10757700 0.59765100 -0.75853620
v 0.05363920 0.64560640 -0.78040650
v 0.11877830 1.36023900 -0.64101890
v -0.08906207 0.57491820 -0.76288530
v -0.12371230 0.57850220 -0.73275490
v 0.09293833 1.36162600 -0.61436310
v 0.03523510 1.28694500 -0.60866350
v 0.10391990 0.58420470 -0.76131310
v 0.07553700 1.33800000 -0.61527020
v 0.00309112 0.60308570 -0.77841000
v -0.10740800 0.57286980 -0.74923410
v 0.09084379 0.58374780 -0.76854020
v 0.08588132 1.34350800 -0.64690470
v -0.05687740 0.58031500 -0.77851110
v -0.02135022 0.57475720 -0.78405230
v -0.07206572 0.56792720 -0.77250060
v 0.06151309 0.57608220 -0.77565380
v 0.07600442 1.33106600 -0.65143980
v 0.07704642 1.33188800 -0.63494480
v 0.02097569 0.57152100 -0.77714170
v 0.04257659 0.57977160 -0.77855440
v 0.06582223 1.31477700 -0.64907760
v -0.07371540 0.58671300 -0.77172520
v 0.00279330 0.57635130 -0.77978140
v -0.00771622 0.58936170 -0.78051390
v 0.01267207 0.96199810 -0.69204050
v 0.00053723 1.08191100 -0.68415410
v 0.03507963 1.14577700 -0.70983240
v 0.14620170 0.61607360 -0.74990010
v 0.14967720 0.58646350 -0.75133830
v 0.10216290 0.70870990 -0.76627630
v -0.10771830 0.62788320 -0.71893000
v -0.11658220 0.61040500 -0.71674610
v -0.12878590 0.59591720 -0.71241750
v -0.02308288 1.20900800 -0.58973810
v -0.00011704 1.20526800 -0.65379910
v 0.14787300 0.57286370 -0.74634040
v 0.01673170 1.25966200 -0.60624110
v 0.00513573 1.24039400 -0.60895800
v 0.02757457 1.26835100 -0.61823920
v 0.02707475 1.24903600 -0.64595110
v -0.00205933 1.22382600 -0.62177310
v 0.01749300 1.24905400 -0.62428660
v 0.03256665 1.26338400 -0.63856970
v 0.12193690 0.58958220 -0.74706410
v 0.07822336 0.58571420 -0.77379270
v -0.08883205 0.59549760 -0.75985010
v -0.07169278 0.60685290 -0.76491030
v 0.09169627 1.35012700 -0.62723790
v -0.03689640 0.57799780 -0.78005670
v -0.02733678 0.85361000 -0.68715410
v 0.05809384 0.88909750 -0.74291490
v -0.03346497 0.95677850 -0.67800610
v -0.04205258 1.09930500 -0.64338030
v 0.06003575 1.17782200 -0.70280300
v 0.06777069 1.14814000 -0.70815980
v 0.14193980 0.64822080 -0.74108000
v 0.15690400 0.61403250 -0.74904570
v 0.15402150 0.60118560 -0.75309050
v 0.14412040 0.60092120 -0.75077120
v 0.14212720 0.58704570 -0.74551920
v 0.13151650 0.71177050 -0.75200820
v -0.08003661 0.68867870 -0.70963520
v -0.12125680 0.62997250 -0.69854070
v -0.02958773 1.18536500 -0.62521940
v -0.04080107 1.19337700 -0.59735940
v 0.04179209 1.26718000 -0.65732670
v 0.02005998 1.23024800 -0.65586280
v 0.09293355 0.59935000 -0.76962310
v 0.06127210 0.59253690 -0.77889510
v 0.07877503 0.60667460 -0.77766370
v -0.10591870 0.60736640 -0.74187310
v -0.09905036 0.62080990 -0.74088870
v -0.07920499 0.64393230 -0.75078910
v -0.07524279 0.62534470 -0.75900790
v -0.10257900 0.58841710 -0.75205630
v -0.04793735 0.63023040 -0.77326080
v -0.04591922 0.61191690 -0.77752340
v -0.06110641 0.62186150 -0.76952010
v -0.06210892 0.64272010 -0.76234810
v 0.11299870 0.83873160 -0.75413360
v 0.07716588 0.96436340 -0.73092260
v 0.08254316 1.16783100 -0.70796240
v 0.08477959 1.14680700 -0.70971840
v 0.06751620 1.13097200 -0.70713580
v 0.15464570 0.62839700 -0.74620400
v 0.14646130 0.63229260 -0.74597390
v 0.14837910 0.64721110 -0.74095610
v -0.06204083 0.72536610 -0.69065950
v -0.04461136 0.75316610 -0.68158810
v -0.09299935 0.66320460 -0.71903820
v -0.08835778 0.67406610 -0.70939230
v -0.01248097 1.23573000 -0.57236050
v -0.01341842 1.22675800 -0.58669150
v -0.01666654 1.20518900 -0.62296840
v -0.05142568 1.15876400 -0.61440270
v -0.04784316 1.17348000 -0.60058230
v 0.04093051 1.20651900 -0.69029990
v 0.03220218 1.22370300 -0.67733300
v 0.03678114 1.24528700 -0.66726920
v 0.01670782 1.21424700 -0.66707920
v 0.01770988 1.18403200 -0.69031740
v 0.00923788 1.19692100 -0.67483640
v 0.02754599 1.20254400 -0.68431550
v 0.06318886 0.61008020 -0.78120790
v 0.04509776 0.59956340 -0.78078820
v 0.02901961 0.59878740 -0.77814870
v -0.09837592 0.64313220 -0.72699490
v -0.08451010 0.65355190 -0.73855840
v -0.08301726 0.67154950 -0.72970600
v -0.07442324 0.68650710 -0.72850990
v -0.06961370 0.70897730 -0.69954120
v -0.05746790 0.82397790 -0.65880640
v -0.07524124 0.83397660 -0.64725030
v -0.06287088 0.84338430 -0.66001460
v -0.03793291 0.82910070 -0.66892670
v 0.13580850 0.80075260 -0.74895690
v -0.06851946 0.94940120 -0.63635690
v -0.06648494 0.93171400 -0.64779680
v 0.07384723 0.99972800 -0.72412950
v 0.07493051 1.03614200 -0.71695420
v 0.09039445 0.95055550 -0.73056630
v 0.07821459 0.98299020 -0.72771520
v 0.10377120 0.93843830 -0.73669250
v -0.06056249 1.08551400 -0.61065370
v 0.06920535 1.09109200 -0.70981450
v 0.07189218 1.07274000 -0.71123010
v 0.05742986 1.15896700 -0.70496600
v 0.08418149 1.12396100 -0.71159180
v 0.04864815 1.13782600 -0.70660730
v 0.14522650 0.66259820 -0.74149130
v 0.11911980 0.60423540 -0.74864470
v 0.15612050 0.69222040 -0.73742220
v 0.14734720 0.71778960 -0.74359480
v -0.06441767 0.71806960 -0.67449530
v -0.05610504 0.74479700 -0.66338390
v -0.05710482 0.78020910 -0.66159700
v -0.05366609 0.79683410 -0.65805340
v -0.03715756 0.81175180 -0.67617790
v -0.07432781 0.70363060 -0.68458610
v -0.01574702 1.21350900 -0.61302150
v -0.03054092 1.19874200 -0.60929010
v -0.01775163 1.19557700 -0.64165900
v 0.00764527 1.22030300 -0.64616200
v -0.00449207 1.21470300 -0.63302910
v -0.03822818 1.18310500 -0.60889000
v -0.06102998 1.15600100 -0.60190380
v -0.04114403 1.17161600 -0.62261780
v 0.09380281 0.60955960 -0.77015480
v 0.04796422 0.62198540 -0.78113700
v -0.06173412 0.68711140 -0.74150600
v -0.05587372 0.70761110 -0.73753110
v -0.06173169 0.71977560 -0.71623800
v -0.05019409 0.73106810 -0.72660350
v -0.05000239 0.67632130 -0.75452750
v -0.06869558 0.67188340 -0.74396780
v -0.07134750 0.86443310 -0.65483030
v -0.07312691 0.88052220 -0.65066760
v -0.06746440 0.89650770 -0.65522960
v -0.05975913 0.81020540 -0.65387480
v -0.04682625 0.81258380 -0.66216740
v 0.13377830 0.83580570 -0.74783430
v 0.15180270 0.79205360 -0.74081350
v 0.14342830 0.78087730 -0.74735390
v -0.07424444 0.96960940 -0.62298420
v -0.06527296 0.99314490 -0.62836860
v -0.04672228 0.96996670 -0.66178960
v -0.06059002 1.01334700 -0.63009170
v 0.09347407 1.04042600 -0.71899630
v 0.08513395 1.05916200 -0.71643470
v 0.06019222 0.97267460 -0.72554230
v 0.10898860 0.89789710 -0.74741130
v -0.06199868 1.10318700 -0.60661020
v -0.06140449 1.11888400 -0.60778920
v -0.05234158 1.10137300 -0.62840800
v -0.04843062 1.08494000 -0.63178580
v 0.05302895 1.07766800 -0.70455180
v 0.06244282 1.05624500 -0.70920660
v 0.06608919 1.11324100 -0.70652690
v 0.04731460 1.12095100 -0.71000600
v 0.13452200 0.62252230 -0.74345540
v 0.11890460 0.64799970 -0.75080610
v 0.13236850 0.63927270 -0.74294850
v 0.13619440 0.68793360 -0.74662800
v 0.13775060 0.66940940 -0.74241290
v 0.12022700 0.67844470 -0.75590290
v 0.12707370 0.65829110 -0.74691040
v 0.13793300 0.72456990 -0.74966070
v 0.15136590 0.75479940 -0.74028260
v -0.05290970 0.73500470 -0.68223800
v -0.03489253 0.75626190 -0.70433160
v -0.05299754 0.74023540 -0.70354870
v -0.04231390 0.76332890 -0.68901820
v -0.05960657 0.76455640 -0.67046050
v -0.06839977 0.78730320 -0.64969130
v -0.03983522 0.78854470 -0.69374120
v -0.02331138 1.16648200 -0.66669040
v -0.00450353 1.17845000 -0.67924360
v 0.01092495 1.23254200 -0.63492090
v -0.06201864 1.13639100 -0.60415030
v -0.04658639 1.15919100 -0.63355940
v -0.03225548 1.17513900 -0.64518870
v -0.03985713 1.15307500 -0.65433460
v -0.01148297 1.18668600 -0.66083120
v 0.07984880 0.61542780 -0.77925760
v 0.06433610 0.62609510 -0.78194490
v 0.03170240 0.61690430 -0.77912220
v 0.01178037 0.67455900 -0.77800680
v -0.05702303 0.65987950 -0.75765030
v -0.05224338 0.90117250 -0.67177730
v -0.04204494 0.86727910 -0.68060000
v -0.03976827 0.88414460 -0.68139410
v 0.11721300 0.87537680 -0.74879810
v 0.11226530 0.85435860 -0.75208790
v 0.09425000 0.88672060 -0.74600650
v 0.07754556 0.87813360 -0.74481330
v 0.09855009 0.86557610 -0.75030280
v 0.09069710 0.84862020 -0.75405320
v 0.09582758 0.82724060 -0.75860550
v 0.13829000 0.76706700 -0.75067600
v 0.12632090 0.78769040 -0.75428860
v 0.11793220 0.80443200 -0.75582930
v -0.05960399 0.97277310 -0.64070040
v -0.05365705 0.99418760 -0.64297340
v -0.04630396 1.00990600 -0.64980760
v -0.03846409 0.99796980 -0.66231960
v -0.03874548 1.01949000 -0.65519150
v -0.08389992 0.91367960 -0.62405810
v -0.06376020 1.03364600 -0.62235460
v -0.06278071 1.05269400 -0.61923650
v -0.04191867 1.04100700 -0.64806390
v 0.05797049 1.03339700 -0.71124450
v -0.05775398 1.12782300 -0.62330450
v -0.05715187 1.11312000 -0.62251780
v -0.03909787 1.11088800 -0.65728370
v -0.02880840 1.07668600 -0.65821990
v -0.05611886 1.06808800 -0.62372670
v 0.04565179 1.05929000 -0.70226260
v 0.01835028 1.08345300 -0.69363720
v 0.02900029 1.12707200 -0.71072350
v 0.13716500 0.61023540 -0.74426330
v 0.12009950 0.63117660 -0.74822220
v 0.10446530 0.61282270 -0.76083220
v 0.09237180 0.62241800 -0.77136950
v 0.13849090 0.69745160 -0.74416490
v 0.14541310 0.67869960 -0.74024110
v 0.11954030 0.69848880 -0.75746510
v 0.14546950 0.74471260 -0.74688810
v -0.04169595 0.75085860 -0.72092860
v -0.04121779 0.79377400 -0.67229110
v -0.05707297 1.14573200 -0.62157120
v 0.01492514 0.61343020 -0.77930810
v -0.00508630 0.64271730 -0.77859880
v -0.04120622 0.71737750 -0.74355820
v -0.06098406 0.91831870 -0.65829900
v -0.05801684 0.87816580 -0.66832660
v 0.00831818 0.88485800 -0.69872690
v -0.02308758 0.87121580 -0.68853700
v 0.07985563 0.86392130 -0.74862720
v 0.07306876 0.89822990 -0.74011750
v 0.07520737 0.83274680 -0.75754400
v 0.11913180 0.82267470 -0.75425440
v 0.13406440 0.81675170 -0.74909840
v -0.05252327 1.04982700 -0.63468950
v -0.05255999 1.02781400 -0.63846260
v -0.04801771 1.11693800 -0.63689500
v -0.04459762 1.12173600 -0.65273540
v -0.03892990 1.08246400 -0.64571750
v -0.04316635 1.06661200 -0.64514000
v -0.03066984 1.03231300 -0.66017780
v -0.02024909 1.02064700 -0.67370960
v -0.02603431 1.00780000 -0.67095400
v -0.02277899 0.98997470 -0.67780920
v -0.03382278 0.97380350 -0.67402440
v -0.01632413 0.97044180 -0.68511950
v -0.00506428 0.95085600 -0.68671440
v -0.03170417 0.93675420 -0.68126400
v -0.00954201 1.00632700 -0.68351060
v -0.01752601 0.94806610 -0.68523130
v -0.01355696 0.92967430 -0.68402240
v 0.00841670 0.99347450 -0.69162440
v -0.02496809 0.91695070 -0.68191800
v -0.04371145 0.91893100 -0.67656300
v 0.00109306 0.90105740 -0.69272930
v -0.01697366 0.89235540 -0.68604680
v -0.03189259 0.90288110 -0.68264590
v 0.02466411 1.04738000 -0.69453510
v 0.01136586 1.02637500 -0.69113140
v 0.00261586 1.04219000 -0.68533800
v 0.03180774 1.07157100 -0.69709050
v -0.00812040 1.06174900 -0.67688260
v -0.01686320 1.07300800 -0.67023160
v -0.02777941 1.05555300 -0.66111150
v 0.02209881 1.10157100 -0.70104760
v -0.00710169 1.14820100 -0.69403140
v 0.03289587 1.11072900 -0.70723530
v 0.10688900 0.62468540 -0.75883470
v -0.05098223 1.13680500 -0.64052790
v -0.03158523 0.62188740 -0.77840470
v -0.02288475 0.60644810 -0.78000440
v 0.03510407 0.64352860 -0.78061370
v 0.01379857 0.63132570 -0.77941500
v -0.02438056 0.67130000 -0.77054910
v -0.04244740 0.84846560 -0.67272720
v 0.06952672 0.94228170 -0.73457460
v 0.10383190 0.79180620 -0.76087720
v 0.11559180 0.75869630 -0.76047540
v 0.10655550 0.74063430 -0.76520200
v 0.11400260 0.71912730 -0.76166850
v 0.10355150 0.77790080 -0.76248120
v 0.12000950 0.77502330 -0.75764130
v 0.13230150 0.75447050 -0.75454400
v 0.04741425 0.80413150 -0.75258230
v 0.10154240 0.81097050 -0.75935710
v 0.08349477 0.80850770 -0.76171740
v 0.07208142 0.82307040 -0.76009200
v -0.02142898 0.77296060 -0.73244290
v 0.05751477 0.75045420 -0.77222610
v 0.06462129 0.80947680 -0.76321220
v -0.02461596 0.76691210 -0.72063130
v 0.06610023 0.78711340 -0.76771230
v 0.08344083 0.77007170 -0.76621680
v 0.09943880 0.75796460 -0.76572510
v 0.04489696 0.78292760 -0.75765460
v 0.05518803 0.84027120 -0.74993600
v 0.08371016 0.79176020 -0.76387260
v 0.06176220 0.77198670 -0.76981800
v -0.03592938 0.77554310 -0.70557170
v 0.05558625 0.98568130 -0.72064190
v 0.04116652 0.99114000 -0.70645480
v 0.00188616 0.91988540 -0.69318400
v 0.00873338 1.01113000 -0.69116490
v -0.00381815 1.02413900 -0.68419950
v -0.03084912 1.09595900 -0.65902070
v -0.01273594 1.10981600 -0.68468710
v -0.02649448 1.10804800 -0.67196720
v -0.03260299 1.12288300 -0.67215720
v -0.01634099 1.09221100 -0.67416020
v -0.00511284 1.10000600 -0.68644370
v -0.01579675 1.03924200 -0.67254760
v 0.03600632 1.09070000 -0.70218730
v -0.01335749 1.16080600 -0.68306280
v 0.00476345 1.16664200 -0.69455460
v -0.02530525 1.14153800 -0.67827640
v 0.02421217 1.16719300 -0.70164430
v 0.01652699 1.13387300 -0.70874800
v -0.00639145 1.12294600 -0.69420940
v 0.00862530 1.15248400 -0.70237090
v 0.00125080 1.11065700 -0.69602070
v -0.01980110 1.11969400 -0.68291850
v 0.01275358 1.11958600 -0.70405560
v -0.00790776 0.62277170 -0.77931480
v 0.02685243 0.65855520 -0.77969020
v 0.05469050 0.68350790 -0.77786780
v 0.04505038 0.66237870 -0.77916440
v 0.10053990 0.69373080 -0.76711480
v -0.03652256 0.67697140 -0.76199290
v -0.00386313 0.66540920 -0.77688410
v -0.04275038 0.69443520 -0.75262560
v -0.03011157 0.70588020 -0.75788750
v -0.02610233 0.68834730 -0.76494490
v -0.00951489 0.68449870 -0.77297920
v -0.05785589 0.85985060 -0.66894640
v 0.06600025 0.91991160 -0.73835160
v 0.05125892 0.93470370 -0.73144630
v 0.03036933 0.93277100 -0.71396740
v 0.04027620 0.92659630 -0.72604540
v 0.03749013 0.84382250 -0.73918150
v -0.02850568 0.75499160 -0.73532510
v 0.00298883 0.76181320 -0.74644770
v 0.09444325 0.72699860 -0.76958520
v 0.00621983 0.94000110 -0.69089830
v 0.02951674 0.99948430 -0.69677070
v 0.03007729 1.02270200 -0.69642100
v 0.00931131 1.09601500 -0.69359340
v -0.03928710 1.13521400 -0.66124630
v -0.03029072 1.15131200 -0.66864860
v 0.03830214 1.18745100 -0.69711460
v 0.04047334 1.16589600 -0.70605130
v 0.02175900 1.15016000 -0.70768900
v -0.01568390 1.13303200 -0.68797030
v 0.11191460 0.66193010 -0.75896580
v -0.02249876 0.63455820 -0.77820770
v 0.01506711 0.65048620 -0.77942400
v -0.02000633 0.65380100 -0.77587960
v -0.01611380 0.71752850 -0.76289830
v 0.02106055 0.92510250 -0.70070520
v 0.02074748 0.90360000 -0.70520990
v 0.02981184 0.91515080 -0.72004340
v 0.04005983 0.90228700 -0.73287990
v -0.00285197 0.87029400 -0.69366180
v -0.00734923 0.88502080 -0.68979790
v 0.02562882 0.94720900 -0.70088860
v 0.05386166 0.95654260 -0.72681780
v 0.04168219 0.87374850 -0.73953340
v 0.04624047 0.85734130 -0.74333810
v 0.05860992 0.87165170 -0.74552700
v -0.02835437 0.79845220 -0.68635470
v -0.02681168 0.79550410 -0.70519790
v -0.01252337 0.80037580 -0.71194950
v -0.01292875 0.78665790 -0.73062960
v -0.00853770 0.80023380 -0.72449210
v 0.00349154 0.78389640 -0.73393260
v 0.03032349 0.79948070 -0.75595000
v 0.01437781 0.79728880 -0.74875800
v -0.02291848 0.78798900 -0.71965260
v -0.03012327 0.73765890 -0.73636710
v -0.01301659 0.74671840 -0.74596650
v 0.00685443 0.74682900 -0.76100710
v 0.01685193 0.76507480 -0.76116260
v -0.00602133 0.73213430 -0.75837240
v -0.01175771 0.76691400 -0.73693210
v 0.08858472 0.74502670 -0.76941200
v 0.04877261 0.73206660 -0.77355620
v 0.06792422 0.72864660 -0.77344120
v 0.04176193 0.74502200 -0.76954850
v 0.02592161 0.78222800 -0.76008010
v 0.03450928 0.67870980 -0.77952880
v 0.03553097 0.69174510 -0.77856740
v 0.01736609 0.70514600 -0.77584280
v 0.09779469 0.67908010 -0.76691290
v 0.09156526 0.63511290 -0.77194950
v 0.00655239 0.69574540 -0.77550070
v -0.01128426 0.70312640 -0.76608200
v -0.02423390 0.72687000 -0.75078210
v 0.08674711 0.90600400 -0.73867790
v 0.08390683 0.92698470 -0.73386340
v 0.10098610 0.91637360 -0.74285110
v -0.00765855 0.85332570 -0.69297350
v 0.00715147 0.85468970 -0.70254730
v -0.01304914 0.83972560 -0.69146080
v -0.02599288 0.83552910 -0.68483310
v 0.02949888 0.86056110 -0.73667270
v 0.02030130 0.88077070 -0.71251110
v -0.00778849 0.81328210 -0.70532820
v 0.03294538 0.96369630 -0.70406720
v 0.03684048 0.94704060 -0.71596730
v 0.04236746 0.88718630 -0.73749520
v 0.02782157 0.89254910 -0.72604790
v 0.06513143 0.85356390 -0.74959500
v 0.02849160 0.81549940 -0.74947630
v 0.02265522 0.83252910 -0.73975530
v 0.04431863 0.82692100 -0.74546260
v 0.01013777 0.80345810 -0.72990880
v 0.00108387 0.81998210 -0.71688540
v 0.00302688 0.83541350 -0.70336680
v 0.01443133 0.82478700 -0.72397190
v 0.01375569 0.84135880 -0.72031440
v 0.01374880 0.81466550 -0.73778980
v 0.01336870 0.72977280 -0.76715820
v 0.03022687 0.73306730 -0.77094880
v 0.00081585 0.71739210 -0.76884900
v 0.04023724 0.76348250 -0.76271710
v 0.08639693 0.70945160 -0.77239630
v 0.03188881 0.70529470 -0.77737360
v 0.04956939 0.69964910 -0.77618400
v 0.10412510 0.64350150 -0.76072690
v 0.08062114 0.62737630 -0.77828740
v 0.01058796 0.87001040 -0.70221880
v 0.01617051 0.86148070 -0.71940090
v 0.02053425 0.84816500 -0.73280780
v -0.01900849 0.80779560 -0.69163990
v 0.02378472 0.97858780 -0.69574560
v 0.02673192 0.87665110 -0.72998060
v 0.02087515 0.71754720 -0.77323950
v 0.02645478 0.74765310 -0.76628430
v 0.03960315 0.71746980 -0.77604880
v 0.08308441 0.68944800 -0.77584210
v 0.07218519 0.70693030 -0.77655930
v 0.05854510 0.71036060 -0.77624330
v 0.09860534 0.66372210 -0.76567540
v 0.08955449 0.65229720 -0.77410650
v 0.07479985 0.64591370 -0.78158060
v 0.07403419 0.66963630 -0.78198140
v 0.06806011 0.69033600 -0.78148610
v 0.08606424 0.67205180 -0.77623680
v -0.05857675 0.60005110 -0.77675220
v 0.05807988 1.31877800 -0.61156640
v 0.06659054 1.31988200 -0.62687460
v 0.05150483 1.30378400 -0.61802500
v 0.04742925 1.28586100 -0.64407630
v 0.04234681 1.28529600 -0.62778200
v 0.05686720 1.30395500 -0.63570820
v 0.05781972 1.30018500 -0.65168000
v -0.05386347 0.95291370 -0.65773890
v 0.05206902 1.00491800 -0.71405300
v 0.06129191 1.01747200 -0.71690220
v -0.04806471 0.93641490 -0.66933360
v 0.01182205 0.77895080 -0.75264880
v 0.00492477 1.12037100 -0.39880470
v -0.00742690 1.09568600 -0.40670590
v -0.01110031 1.07801900 -0.41537310
v -0.01629217 1.02453100 -0.41807120
v -0.01750388 1.00591500 -0.41569630
v -0.02015905 0.98635390 -0.41369310
v -0.02132949 0.96626570 -0.41154390
v -0.02510287 0.94491040 -0.41075650
v -0.02466863 0.91056510 -0.40673320
v -0.01666295 0.89260660 -0.40018330
v -0.00941488 0.83027380 -0.39478350
v -0.01322196 0.75561060 -0.39845240
v -0.01617183 0.73886570 -0.40117680
v -0.02008146 0.72035570 -0.40479440
v -0.02467014 0.70256110 -0.41025660
v -0.03000517 0.68782990 -0.41536430
v -0.02796067 0.66583020 -0.41855680
v -0.04026300 0.65557300 -0.43012980
v -0.05701017 0.60730960 -0.45121180
v -0.05710575 0.58716150 -0.45302460
v -0.06527167 0.56630980 -0.46855660
v -0.06746625 0.55096220 -0.47999690
v -0.07078979 0.53879870 -0.48966570
v -0.07140663 0.53650830 -0.48989460
v -0.07066640 0.53449600 -0.49011270
v -0.08107139 0.53437860 -0.50234670
v -0.09328237 0.53969280 -0.50539290
v -0.10679870 0.54682140 -0.50021200
v -0.11937500 0.55384450 -0.49239250
v -0.13365090 0.56147800 -0.49132310
v -0.13345360 0.56575070 -0.50726920
v -0.12460990 0.57051420 -0.52093530
v -0.11483250 0.57618880 -0.53341050
v -0.10811530 0.58161790 -0.54637150
v -0.10341120 0.58659690 -0.55941600
v -0.09372886 0.59141180 -0.56671420
v -0.09046098 0.59526820 -0.57883780
v -0.09461819 0.59779970 -0.59084960
v -0.09893003 0.59936860 -0.59589350
v -0.10049720 0.59899890 -0.59842830
v -0.10938120 0.59711640 -0.60950690
v -0.11755920 0.59579500 -0.62213470
v -0.11965320 0.59053070 -0.64001630
v -0.12809750 0.58566860 -0.65920910
v -0.01377796 1.25003100 -0.53871900
v -0.01283493 1.26006400 -0.52272970
v -0.01139342 1.27397100 -0.50356150
v -0.00218093 1.29315100 -0.48501930
v 0.00945184 1.31392100 -0.46859940
v 0.01953872 1.33203600 -0.45238030
v 0.03606468 1.34899500 -0.43967670
v 0.06290513 1.35133700 -0.42858840
v 0.03795588 1.34070800 -0.40910640
v 0.02921992 1.33180200 -0.39262320
v 0.00572611 1.33301100 -0.39210460
v -0.01105754 1.32826300 -0.39829340
v -0.01872503 1.31404700 -0.40689850
v -0.02256800 1.29657100 -0.41639560
v -0.02759452 1.27722400 -0.42478730
v -0.03338278 1.25473700 -0.43382010
v -0.03990117 1.22867800 -0.43871480
v -0.04115729 1.20331700 -0.43858190
v -0.03769456 1.17640100 -0.43572290
v -0.02942760 1.15546700 -0.42793720
v -0.01658628 1.13757100 -0.41647410
v -0.12322320 0.62187910 -0.64301570
v -0.01704020 1.23739800 -0.55142860
v -0.04150145 1.23211900 -0.49070860
v 0.04519736 1.34840800 -0.42206520
v -0.08258875 0.62890120 -0.49921010
v -0.10453850 0.63051710 -0.60552860
v -0.02355322 1.26549500 -0.47976610
v -0.00789601 1.29886200 -0.45280120
v 0.02526954 1.34236800 -0.42007550
v 0.00872236 1.32289600 -0.44593990
v -0.10346250 0.59890840 -0.49382630
v -0.11651060 0.60525510 -0.63736480
v -0.01158978 1.27853600 -0.48586040
v -0.00003862 1.30059200 -0.46939410
v 0.01187989 1.33908700 -0.40713560
v -0.00657183 1.32596800 -0.42016460
v 0.02241830 1.34215200 -0.43564630
v -0.09369739 0.62364580 -0.57294390
v -0.12687060 0.60788980 -0.49896260
v -0.08514868 0.54700550 -0.50461240
v -0.10529600 0.61213580 -0.60173190
v -0.09812741 0.61408770 -0.59070270
v -0.09298063 0.60730130 -0.57105720
v -0.12125960 0.57202600 -0.49048810
v -0.12194800 0.59013620 -0.52745770
v -0.11159270 0.61588880 -0.62343640
v -0.10697830 0.60308710 -0.55246670
v -0.09861410 0.61468730 -0.56035190
v -0.09302159 0.60890120 -0.58352100
v -0.09660647 0.60245920 -0.56292520
v -0.08096148 0.81989540 -0.49052440
v -0.08731533 1.05696800 -0.49657160
v -0.05522900 1.11473600 -0.45458070
v -0.11987560 0.63886210 -0.65554670
v -0.04191940 1.21144400 -0.53775110
v -0.09214378 0.75341810 -0.59961790
v -0.06811853 0.61899750 -0.47981020
v -0.12966280 0.61083030 -0.66340130
v -0.12379900 0.62327650 -0.66912020
v 0.00110684 1.31079100 -0.45093950
v -0.01343108 1.28447800 -0.46667310
v -0.02874588 1.26338100 -0.45894540
v -0.02273732 1.27942500 -0.44631510
v -0.03002572 1.26446500 -0.44159580
v -0.03720329 1.24609400 -0.44787230
v -0.01921616 1.29299300 -0.43511950
v -0.03972617 1.24028400 -0.46444820
v -0.04731299 1.21626700 -0.45572310
v -0.02970249 1.24890600 -0.49493310
v -0.03484163 1.24903900 -0.47735970
v -0.07319103 1.17427100 -0.49228410
v -0.02159574 1.24045900 -0.53367130
v -0.06083717 1.19520400 -0.48433050
v -0.04885466 1.22047300 -0.47612490
v -0.07579978 0.55024690 -0.49616450
v -0.07449747 0.56131760 -0.48727760
v -0.08191205 0.56594060 -0.50338320
v -0.08630711 0.59900360 -0.50227660
v -0.08228030 0.58319180 -0.50281090
v -0.09663677 0.58357860 -0.49651700
v -0.07417052 0.59789270 -0.49374780
v -0.06864300 0.58139580 -0.48002910
v -0.10862870 0.56586560 -0.49477960
v -0.09556802 0.56483910 -0.50169420
v -0.09295619 0.61515240 -0.50125060
v -0.07612244 0.61050860 -0.49568560
v -0.12110910 0.59291700 -0.49239700
v -0.13225730 0.58447500 -0.49840610
v -0.13023270 0.58839180 -0.51395230
v 0.00817157 1.33322300 -0.43055680
v -0.11940790 0.61351540 -0.53360860
v -0.05507234 0.82020550 -0.44016410
v -0.08619324 0.80012860 -0.57383000
v -0.06243944 0.94004380 -0.45037040
v -0.09403512 0.98739440 -0.53065890
v -0.04008888 1.13408400 -0.43272360
v -0.12227510 0.63750870 -0.67811480
v -0.04758016 1.18818800 -0.44943350
v -0.05669641 1.19353300 -0.46685170
v -0.06685756 1.17172500 -0.47378960
v -0.06326801 0.61464400 -0.46615390
v -0.06017171 0.66041200 -0.45149560
v -0.12143070 0.64233890 -0.63686530
v -0.11318520 0.63131130 -0.62211730
v -0.02022342 1.26033800 -0.50040170
v -0.02721523 1.24293000 -0.51351020
v -0.03423888 1.22653400 -0.52639870
v -0.03678182 1.23300700 -0.50574620
v -0.04664783 1.21380300 -0.51646630
v -0.02867798 1.22510300 -0.54461850
v -0.02584991 1.22118800 -0.56801020
v -0.03853095 1.20793300 -0.55845390
v -0.11034120 0.58358190 -0.49235590
v -0.07390297 0.57951050 -0.49170870
v -0.06855885 0.59777560 -0.48135240
v -0.06366994 0.59410330 -0.46911790
v -0.10642670 0.64571680 -0.55337240
v -0.09411881 0.64433780 -0.57667430
v -0.09958058 0.67805350 -0.58535220
v -0.09447858 0.66276060 -0.57491070
v -0.09757508 0.63275730 -0.56230460
v -0.09831292 0.65262670 -0.56018180
v -0.10928480 0.62271250 -0.54805050
v -0.11673290 0.63379930 -0.54113930
v -0.11209930 0.67863290 -0.53767460
v -0.09493331 0.68174130 -0.57338030
v -0.09864393 0.67129550 -0.56036180
v -0.10632350 0.68589560 -0.54987440
v -0.09619750 0.70109970 -0.57994080
v -0.10457100 0.69553970 -0.59600100
v -0.10295150 0.71729980 -0.58776860
v -0.09373784 0.72137650 -0.57261480
v -0.10728160 0.71652230 -0.60355870
v -0.10809920 0.70858330 -0.55132020
v -0.09650631 0.70907170 -0.56626090
v -0.10878090 0.68439290 -0.61006360
v -0.10480780 0.67431490 -0.59551720
v -0.10834230 0.67072380 -0.61108770
v -0.10803770 0.65620330 -0.61216560
v -0.10301270 0.73134000 -0.59900650
v -0.11231750 0.69637140 -0.51311580
v -0.11002590 0.63511060 -0.49372440
v -0.11321940 0.69659260 -0.53433060
v -0.09692048 0.69380850 -0.56468160
v -0.10087820 0.73399180 -0.58043820
v -0.11066330 0.70296490 -0.61564030
v -0.10099910 0.71612630 -0.62006010
v -0.09778552 0.63553160 -0.49930570
v -0.10511460 0.65852150 -0.49567860
v -0.12069280 0.62465700 -0.49699400
v -0.11351350 0.68734810 -0.63227020
v -0.11154140 0.61339090 -0.49214610
v -0.09327695 0.72747600 -0.62216220
v -0.10366420 0.68650230 -0.65546690
v -0.09830307 0.69944770 -0.63526560
v -0.09614167 0.62772840 -0.58551210
v -0.10232300 0.64535420 -0.60074770
v -0.03345167 0.81430890 -0.41050780
v -0.08462544 0.86101710 -0.60025930
v -0.07258761 0.77000160 -0.61235110
v -0.04708875 1.02291400 -0.44217090
v -0.04336825 1.05412000 -0.43790020
v -0.09027842 1.09412600 -0.56110990
v -0.08704206 1.06361300 -0.57307210
v -0.08290801 1.03251700 -0.58829280
v -0.02163334 1.09211700 -0.42547970
v -0.02831827 1.10760200 -0.42999100
v -0.01806782 1.10719500 -0.41556200
v -0.03812434 1.09051400 -0.43275950
v -0.02747180 1.14016300 -0.42688150
v -0.04434215 1.16345500 -0.44233240
v -0.01440577 1.12567300 -0.41403570
v -0.11416680 0.65704560 -0.67850170
v -0.06204508 1.19547100 -0.50340300
v -0.07561938 1.14086500 -0.47179230
v -0.05024288 1.18898600 -0.56434790
v -0.06555860 0.72256070 -0.64914980
v -0.05794596 0.62898490 -0.45132750
v -0.05180212 0.66736540 -0.43961080
v -0.04225388 0.69890930 -0.42351150
v -0.05284193 1.19540300 -0.54448180
v -0.11620250 0.65130150 -0.53951920
v -0.10685530 0.66482790 -0.54871460
v -0.11937250 0.65827820 -0.64703870
v -0.11772600 0.66067250 -0.62789510
v -0.11541020 0.67318360 -0.62898090
v -0.11618890 0.64707850 -0.62365960
v -0.12453890 0.62841570 -0.51328180
v -0.08989152 0.69475810 -0.65415880
v -0.07762372 0.72125330 -0.63610280
v -0.09183514 0.74340850 -0.61201610
v -0.07629054 0.75249550 -0.61232210
v -0.09692434 0.68505200 -0.67307810
v -0.10498520 0.67466070 -0.67545910
v -0.09898573 0.62927790 -0.59423820
v -0.10056950 0.64303920 -0.59002690
v -0.10144720 0.65660690 -0.58615100
v -0.10709400 0.64276380 -0.61180620
v -0.02991264 0.83142400 -0.40714470
v -0.03204249 0.78677470 -0.40731620
v -0.01440393 0.81498770 -0.39686010
v -0.01812950 0.79624290 -0.39883600
v -0.09016131 0.89175270 -0.58513430
v -0.06640284 0.75597880 -0.63173800
v -0.02697572 0.92667630 -0.40964580
v -0.03982340 0.93332790 -0.42528150
v -0.03675248 0.89902040 -0.41870720
v -0.03695824 0.95515060 -0.42304460
v -0.04165139 0.96420810 -0.43581840
v -0.08254576 1.00458900 -0.59639070
v -0.08559944 0.92735920 -0.59944170
v -0.08904936 0.94839060 -0.59369790
v -0.08280315 0.94819060 -0.61672800
v -0.01962783 1.05752100 -0.42153370
v -0.02771924 1.07297900 -0.42855670
v -0.08004474 1.10097400 -0.57892550
v -0.08644550 1.08002400 -0.57164110
v -0.11406830 0.67157810 -0.65578840
v -0.05166351 1.21330600 -0.49448860
v -0.05840831 1.19559800 -0.52377580
v -0.08385758 1.16345000 -0.52322660
v -0.06992993 1.17951800 -0.53077360
v -0.06516495 1.17682100 -0.55517990
v -0.07454391 1.17744400 -0.50998230
v -0.06160484 1.17656700 -0.57723510
v -0.07455839 1.15807800 -0.56949230
v -0.11696640 0.68132180 -0.52210020
v -0.11664480 0.65255060 -0.66242410
v -0.12243780 0.62524530 -0.52832860
v -0.12634590 0.61092400 -0.52081630
v -0.07954205 0.73766380 -0.62180090
v -0.10559990 0.65873070 -0.59778610
v -0.02086711 0.85104470 -0.39966900
v -0.03627257 0.84873370 -0.41940190
v -0.04475657 0.83100740 -0.42530740
v -0.05090625 0.84837450 -0.43433170
v -0.03857093 0.79901410 -0.41371230
v -0.05199296 0.80386660 -0.43013320
v -0.05891046 0.83696670 -0.44659510
v -0.05997923 0.85484210 -0.44875520
v -0.01940019 0.77367210 -0.39962100
v -0.03874223 0.77313370 -0.41170840
v -0.04815856 0.78759210 -0.42255780
v -0.05060476 0.77146140 -0.42941290
v -0.05816100 0.80528410 -0.44109970
v -0.03182831 0.73567590 -0.40941930
v -0.02860417 0.75416690 -0.40571140
v -0.08727208 0.85961540 -0.62474150
v -0.08761826 0.83528570 -0.62900560
v -0.08064261 0.79526090 -0.63209580
v -0.07880638 0.78219560 -0.63325970
v -0.04626491 0.94474020 -0.44044640
v -0.03075137 0.88410200 -0.41027840
v -0.01907840 0.87311920 -0.39940970
v -0.04763690 0.86725900 -0.43496530
v -0.05583910 0.88100740 -0.44846090
v -0.04274227 0.88506230 -0.43132530
v -0.04890274 0.89997010 -0.44264130
v -0.06839968 0.89111820 -0.45385150
v -0.06243542 0.86819550 -0.45368750
v -0.04067865 0.91260080 -0.42564080
v -0.04986689 0.92249960 -0.44380270
v -0.08483746 0.87726180 -0.47647530
v -0.03581334 0.97795050 -0.42396840
v -0.05131853 1.00381500 -0.44682200
v -0.03704888 0.99535960 -0.42773340
v -0.08388720 0.90279130 -0.60621950
v -0.09181295 0.91338410 -0.58123500
v -0.08004323 1.13636500 -0.57146370
v -0.08878334 1.04459000 -0.57245850
v -0.09381973 1.05039400 -0.55822750
v -0.07981210 1.05145600 -0.59043340
v -0.04078194 0.71648420 -0.42061760
v -0.04834462 0.73645430 -0.42492730
v -0.06317327 0.69985990 -0.44809110
v -0.04294549 0.67789890 -0.42772970
v -0.11630110 0.66360830 -0.53194820
v -0.12011260 0.64813510 -0.50395990
v -0.11782710 0.65364730 -0.52050630
v -0.11954700 0.66590650 -0.51257040
v -0.12093760 0.64075840 -0.52362750
v -0.08286735 0.69417010 -0.66868670
v -0.07744163 0.70911750 -0.65027040
v -0.08518272 0.76836920 -0.59122100
v -0.04686162 0.81312850 -0.42485260
v -0.06991326 0.84443210 -0.45785020
v -0.07115376 0.85725700 -0.46002550
v -0.07511763 0.82390970 -0.46905730
v -0.06961944 0.81333370 -0.46008870
v -0.07614631 0.84172690 -0.46612850
v -0.06987301 0.82843580 -0.45832470
v -0.08557587 0.84458930 -0.59481930
v -0.08838073 0.84073520 -0.61239770
v -0.08756558 0.82690170 -0.56893130
v -0.08900011 0.84957880 -0.57476390
v -0.08655665 0.83419180 -0.58325100
v -0.08462528 0.81447250 -0.58879990
v -0.07455523 0.76641540 -0.63219500
v -0.08052143 0.78227160 -0.61545990
v -0.07918757 0.78623010 -0.59672680
v -0.06867248 0.74001670 -0.64867160
v -0.06882806 0.73931110 -0.63112450
v -0.07788709 0.94199040 -0.46613450
v -0.03419569 0.86915360 -0.41456870
v -0.06474101 0.90725600 -0.45195920
v -0.08142041 0.85571650 -0.47800520
v -0.07753169 0.87044270 -0.46321880
v -0.08655528 0.86519230 -0.51993770
v -0.08069288 0.83519240 -0.48402410
v -0.08407829 0.86805700 -0.49379790
v -0.08472176 0.85456390 -0.50499440
v -0.07167876 0.87711760 -0.45670780
v -0.03450118 1.01051100 -0.42805380
v -0.04973778 0.98308800 -0.44464240
v -0.05705099 0.95862520 -0.44625440
v -0.08045774 0.98324120 -0.60815600
v -0.09012623 0.96537100 -0.58678970
v -0.09445647 0.96476940 -0.56197860
v -0.09442126 0.94924360 -0.54646560
v -0.09130718 0.98461880 -0.58008420
v -0.03104294 1.02478700 -0.42765700
v -0.01854818 1.03936300 -0.42013070
v -0.05684686 1.03649600 -0.45156530
v -0.09787517 1.08992400 -0.53979640
v -0.09653987 1.10306300 -0.54664030
v -0.09574711 1.07562400 -0.52765290
v -0.05372694 0.70082770 -0.43453780
v -0.06213118 0.67786170 -0.45101940
v -0.09394588 0.76463080 -0.57922220
v -0.07276723 0.76234180 -0.61255020
v -0.06162093 0.81755150 -0.45081590
v -0.08286337 0.80966550 -0.61202570
v -0.08933218 0.87141130 -0.58359320
v -0.09109430 0.86643410 -0.56111800
v -0.08140016 0.79401270 -0.61502300
v -0.08689892 0.78392920 -0.57691370
v -0.07089581 0.92467340 -0.45698470
v -0.08121472 0.92435600 -0.47397180
v -0.07866342 0.90648750 -0.46233790
v -0.08112366 0.88901000 -0.46670900
v -0.08400282 0.90329460 -0.48253020
v -0.08481060 0.89085320 -0.49106230
v -0.08474176 0.88264090 -0.59969770
v -0.08431806 0.96506450 -0.60606920
v -0.09373632 0.94423740 -0.56765500
v -0.08844375 0.92435660 -0.52065610
v -0.09453026 0.96852110 -0.53803480
v -0.03669792 1.03929700 -0.43290850
v -0.04797028 1.06963300 -0.44018340
v -0.05419696 1.08511400 -0.44374490
v -0.09522299 1.06434300 -0.55063780
v -0.08818342 1.14349000 -0.54994790
v -0.07867015 1.16569800 -0.54350920
v -0.08965700 1.15323100 -0.53405390
v -0.09524799 1.12762800 -0.50766820
v -0.09380407 1.14355200 -0.51558690
v -0.08583537 1.15537400 -0.50222300
v -0.07754419 1.15417600 -0.48228080
v -0.08352473 1.11049600 -0.47766620
v -0.09561766 1.05095900 -0.53686630
v -0.09583709 1.07653400 -0.54668960
v -0.09453302 1.06227900 -0.52364460
v -0.05338355 0.68535020 -0.43790290
v -0.06643359 0.64017220 -0.46874380
v -0.07014131 0.63034990 -0.48453890
v -0.09921617 0.75280530 -0.57833670
v -0.08668922 0.82549730 -0.60323550
v -0.08250652 0.80368860 -0.59297040
v -0.08120684 0.79555670 -0.59332420
v -0.08785637 0.85095510 -0.53070630
v -0.09155067 0.88293450 -0.56886120
v -0.09143960 0.87936350 -0.55231640
v -0.09245850 0.89769190 -0.56425070
v -0.09012302 0.91024510 -0.53145340
v -0.09305100 0.91932220 -0.55657010
v -0.09297428 0.93267020 -0.54102330
v -0.08405691 0.92261840 -0.48728630
v -0.08583172 0.93046910 -0.50159850
v -0.08170934 0.77529200 -0.59199610
v -0.09071283 0.78627420 -0.55821990
v -0.09052341 0.77816090 -0.56882290
v -0.08932625 0.79517050 -0.56066350
v -0.09304642 0.77353920 -0.56567110
v -0.08334107 0.84167140 -0.49817840
v -0.08474390 0.87940480 -0.50409210
v -0.06470656 1.02046200 -0.45887000
v -0.06828724 0.99960620 -0.45824880
v -0.07694805 0.98563860 -0.46701390
v -0.06518638 0.97827550 -0.45353940
v -0.08618406 0.97634750 -0.49441670
v -0.08256394 1.00743100 -0.47799540
v -0.08293780 0.97520110 -0.47823540
v -0.07561276 1.01911700 -0.47122670
v -0.08680662 0.99136160 -0.50900320
v -0.08571317 1.01176400 -0.50250170
v -0.08507380 0.99627840 -0.48501190
v -0.08234999 1.02321100 -0.48477810
v -0.08952083 1.03140900 -0.50813940
v -0.08084966 0.95624490 -0.47275500
v -0.07326440 0.96561920 -0.46132340
v -0.09518011 0.98861900 -0.55285720
v -0.05450146 1.09918800 -0.45241800
v -0.09734665 1.13157800 -0.52845710
v -0.09623622 1.11888500 -0.54434450
v -0.09942163 1.10529100 -0.52809100
v -0.09194327 1.04558500 -0.51404080
v -0.06856262 0.66291140 -0.46640810
v -0.06364702 0.62949990 -0.46364880
v -0.06127467 0.64284180 -0.45576850
v -0.07800439 0.64681820 -0.49529680
v -0.07013728 0.65099240 -0.47924400
v -0.06701896 0.75029170 -0.62990370
v -0.08105331 0.79777350 -0.48329870
v -0.07675547 0.80984070 -0.47596260
v -0.07217524 0.80220960 -0.46532000
v -0.06329315 0.80004240 -0.45194840
v -0.08676151 0.81106260 -0.57128310
v -0.08968390 0.82071170 -0.55009700
v -0.08489598 0.90893870 -0.50312230
v -0.08918910 0.94732790 -0.52328730
v -0.06865187 0.95160670 -0.45579260
v -0.08800311 0.88058670 -0.52702120
v -0.08724433 0.97082830 -0.51338100
v -0.08466203 1.03714800 -0.48918660
v -0.07375297 1.03419800 -0.47045960
v -0.07617613 1.05146900 -0.47475950
v -0.06339029 1.05287700 -0.45864910
v -0.07710568 1.07821900 -0.47307400
v -0.06442543 1.06911700 -0.46012920
v -0.07805228 1.06438800 -0.47708430
v -0.08349199 0.94215650 -0.48229250
v -0.04498051 1.11684200 -0.43507190
v -0.07184282 1.10549100 -0.46523220
v -0.08856456 1.08490200 -0.49174660
v -0.09594582 1.10181300 -0.50957950
v -0.09664805 1.08673800 -0.51564040
v -0.09154960 1.10642400 -0.49252630
v -0.08636908 1.07504600 -0.48986570
v -0.09222727 1.07195400 -0.50862410
v -0.08212132 1.09269200 -0.47633260
v -0.07101830 0.68755260 -0.46650840
v -0.07154531 0.70310230 -0.46741030
v -0.07349568 0.67528730 -0.47560230
v -0.08611457 0.89527990 -0.51472260
v -0.09518771 1.02205500 -0.54848390
v -0.09515667 1.00570400 -0.54011970
v -0.09347158 1.02103300 -0.52361530
v -0.09548401 1.03729900 -0.53726690
v -0.09321179 1.03074500 -0.56461840
v -0.09256749 1.00331400 -0.52261520
v -0.06536726 1.08716300 -0.46418980
v -0.04865725 1.10315300 -0.43747750
v -0.04813428 1.12780800 -0.44727700
v -0.04931602 1.14555300 -0.44900320
v -0.06455096 1.15306900 -0.46261030
v -0.06280187 1.13345000 -0.45884620
v -0.07612717 1.12487100 -0.46876760
v -0.05662924 1.16793500 -0.45739080
v -0.08495600 0.72724070 -0.49954560
v -0.09397648 0.67336490 -0.50014540
v -0.08591173 0.95603430 -0.49553140
v -0.07316139 0.71462980 -0.48317690
v -0.07586570 0.66805800 -0.49250140
v -0.10625900 0.71397600 -0.51010320
v -0.10699670 0.71102210 -0.53064120
v -0.10479490 0.72791380 -0.55739470
v -0.09632036 0.74460850 -0.54890320
v -0.09308531 0.74181300 -0.56477700
v -0.01571317 1.30946800 -0.42439440
v -0.00574845 1.31423100 -0.43657450
v -0.04268468 0.75421300 -0.41675930
v -0.05605277 0.78797020 -0.43898170
v -0.09285137 0.92942340 -0.57859220
v -0.06653028 0.71330240 -0.45398260
v -0.05612428 0.71565690 -0.43532490
v -0.08593788 0.79164570 -0.57923540
v -0.08612162 0.84023620 -0.51813620
v -0.08872411 0.83758970 -0.53822980
v -0.08755349 0.82768430 -0.52904740
v -0.08737051 0.81669350 -0.52504370
v -0.08930855 0.80935640 -0.54567270
v -0.08891612 0.80345330 -0.55093910
v -0.09005644 0.85036830 -0.55102920
v -0.08934110 0.83617390 -0.55721940
v -0.08355337 0.80513980 -0.52237080
v -0.08864980 0.80227320 -0.53825140
v -0.08269124 0.80039800 -0.49624740
v -0.08417550 0.82652710 -0.50740870
v -0.08970987 0.86361670 -0.54165520
v -0.08390132 0.81222240 -0.50846630
v -0.08616094 1.01834700 -0.58462580
v -0.09345937 1.00790800 -0.56788850
v -0.10148580 0.69678660 -0.49828290
v -0.08549922 0.68769030 -0.49057960
v -0.09606194 0.71700170 -0.50156500
v -0.08428277 0.77161930 -0.50332480
v -0.07653985 0.73608370 -0.48316080
v -0.07989557 0.75679080 -0.49108220
v -0.07647960 0.74734180 -0.48092880
v -0.08377560 0.74104660 -0.50007090
v -0.09750846 0.75643360 -0.53753030
v -0.10412090 0.73967870 -0.53519490
v -0.09145161 0.76831980 -0.52348870
v -0.09274735 0.77152460 -0.54288540
v -0.08758861 0.75329330 -0.50811770
v -0.09803190 0.74988230 -0.52193820
v -0.10521830 0.72784040 -0.52368210
v -0.09646313 0.76091410 -0.55689540
v -0.08759887 0.78336420 -0.51606610
v -0.09052620 0.77982570 -0.53224030
v -0.09174616 0.78028460 -0.55004720
v -0.08867031 0.79384270 -0.52337690
v -0.08978727 0.79188430 -0.54279020
v -0.08808644 0.79933060 -0.51269500
v -0.08551573 0.78891200 -0.50458530
v -0.08142838 0.79045890 -0.49388690
v -0.09793022 0.73349030 -0.50866880
v -0.08079299 0.78365010 -0.47986800
v -0.08022254 0.77424640 -0.49107450
v -0.06864288 0.74424200 -0.45299350
v -0.06506461 0.75812730 -0.45140920
v -0.05889432 0.74613960 -0.44133590
v -0.05486485 0.75525320 -0.43366580
v -0.07475193 0.75821420 -0.46421710
v -0.07287681 0.74383420 -0.46627890
v -0.06864816 0.77018030 -0.45808970
v -0.06579863 0.78531870 -0.45575040
v -0.07807193 0.76596170 -0.47871990
v -0.07357278 0.79133270 -0.46494050
v -0.07710575 0.77656640 -0.46747800
v -0.07189636 0.72386190 -0.46879880
v -0.06867562 0.73080550 -0.45791130
v -0.06121077 0.73136410 -0.44239050
v -0.06600155 0.52744180 -0.47830280
v -0.05994618 0.52553370 -0.46777260
v -0.05011673 0.52241980 -0.45761960
v -0.03605179 0.52049390 -0.45337570
v -0.02201172 0.51879680 -0.45195840
v -0.00814355 0.51446550 -0.45011140
v 0.00572867 0.50783020 -0.44971890
v 0.01737027 0.49836550 -0.45158790
v 0.03035433 0.48891170 -0.45476670
v 0.04341725 0.48033530 -0.45826980
v 0.05703324 0.47362690 -0.46232900
v 0.07273335 0.46874350 -0.46779090
v 0.08496694 0.46333670 -0.47323630
v 0.09787501 0.45931310 -0.47904210
v 0.11243550 0.45684940 -0.48614620
v 0.12649040 0.45902920 -0.49753000
v 0.14180220 0.46565770 -0.51191720
v 0.15946330 0.47521930 -0.52767440
v 0.17479890 0.48441770 -0.55120740
v 0.18266530 0.49193100 -0.57925840
v 0.17894960 0.51900780 -0.56138430
v 0.17243720 0.54756610 -0.54967850
v 0.17191450 0.59964440 -0.54983570
v 0.17197900 0.62269350 -0.55054070
v 0.17274430 0.66258590 -0.55269940
v 0.16940590 0.68499120 -0.54945090
v 0.16857160 0.70816140 -0.54746770
v 0.16774080 0.73105030 -0.54619550
v 0.16648060 0.75439280 -0.54259430
v 0.16549180 0.80310460 -0.53939330
v 0.16400270 0.85232960 -0.53306330
v 0.16636060 0.90220720 -0.52431460
v 0.16696640 0.92526820 -0.52630470
v 0.16709890 0.94201080 -0.53077120
v 0.16756650 0.96016810 -0.52953180
v 0.16761590 0.97826860 -0.52395810
v 0.16611120 1.03545400 -0.53375760
v 0.16193630 1.05724600 -0.52654620
v 0.16080950 1.07553500 -0.52354130
v 0.16345040 1.13947600 -0.51421170
v 0.16611350 1.15900300 -0.51396780
v 0.16654100 1.19996400 -0.51429890
v 0.15641060 1.25105400 -0.51317080
v 0.15149910 1.27455700 -0.50933320
v 0.14325320 1.28433000 -0.49292310
v 0.13499730 1.29371200 -0.47634770
v 0.12600460 1.30617500 -0.46048390
v 0.11347630 1.32220600 -0.44387390
v 0.08901476 1.34036600 -0.43195440
v 0.04930735 1.31712700 -0.38340820
v 0.06562801 1.30049500 -0.37809930
v 0.07760283 1.27976300 -0.37720360
v 0.08541165 1.25672200 -0.38007620
v 0.08918485 1.23461000 -0.38093170
v 0.08983084 1.21210600 -0.38228280
v 0.08455310 1.18955100 -0.38252980
v 0.07667983 1.16618100 -0.38168610
v 0.06583522 1.14660500 -0.37497280
v 0.04776452 1.13043900 -0.36806440
v 0.03012752 1.12115900 -0.37539600
v 0.10228700 1.08810500 -0.41403170
v 0.13043530 1.23481600 -0.44185980
v 0.03945612 1.11789100 -0.38174650
v 0.09277870 1.14682200 -0.39379410
v 0.11207240 1.23573400 -0.40654220
v 0.07163844 1.32515700 -0.40467450
v 0.08345675 1.30585300 -0.39757110
v 0.10957010 1.30895900 -0.43040400
v 0.09974662 1.17912300 -0.39288260
v 0.10431050 1.22334500 -0.39451540
v 0.05663007 1.33690200 -0.41014870
v 0.05293657 1.32766700 -0.39724150
v 0.07923847 1.33430600 -0.41906350
v 0.07914784 1.29372900 -0.38598290
v 0.09134534 1.26919800 -0.39047250
v 0.09768089 1.32587900 -0.42818490
v 0.05988000 1.13427000 -0.37179620
v 0.10356420 1.19899000 -0.39376650
v 0.06677929 1.31336000 -0.39111700
v 0.06507298 1.34435900 -0.42169730
v 0.09500365 1.28716400 -0.40112770
v 0.10003820 1.24651200 -0.39392410
v 0.11444770 1.25571800 -0.41663050
v 0.10445310 1.26217900 -0.40375300
v 0.07052542 1.12521400 -0.38670460
v 0.10643660 1.16235900 -0.40009020
v 0.10771640 1.28430700 -0.41480810
v 0.12182040 1.23460300 -0.42451830
v 0.11866070 1.21360100 -0.41298860
v 0.13149700 1.13747200 -0.44501190
v 0.12611390 1.27058600 -0.44525520
v 0.12000050 1.13507100 -0.41789520
v 0.12425960 1.19858300 -0.42357610
v 0.12103310 1.16188700 -0.41591840
v 0.11414100 1.19300600 -0.40468230
v 0.11057220 1.14771100 -0.40571990
v 0.12056650 1.29739300 -0.44426570
v 0.13664420 1.17684000 -0.44517810
v 0.13262550 1.27910500 -0.46457250
v 0.13080780 1.21764000 -0.43754160
v 0.12527400 1.17989800 -0.42699480
v 0.13537510 1.19609900 -0.44341490
v 0.14114680 1.18723800 -0.45937350
v -0.06686168 0.53840660 -0.47352060
v -0.05675042 0.53874660 -0.46119340
v 0.05620661 0.58992080 -0.41879250
v 0.12523180 0.76948680 -0.42889900
v 0.13588660 0.51671570 -0.50860650
v 0.17155010 0.50640890 -0.54463660
v 0.17522830 0.50131870 -0.56814380
v 0.16820360 0.49050800 -0.53723740
v 0.00457693 1.11389600 -0.40825050
v 0.14664630 1.26557100 -0.49400530
v 0.09367691 1.31310800 -0.41220030
v 0.05996724 1.11739600 -0.37331310
v 0.04632385 1.10125400 -0.37706230
v 0.10549120 1.13189200 -0.40504410
v 0.07662296 1.11058100 -0.39508690
v 0.09019605 1.12729400 -0.39680920
v 0.06527366 1.09897200 -0.38337160
v 0.07869617 1.08926400 -0.40122650
v 0.05143999 1.08118800 -0.38477410
v 0.03340276 1.08271700 -0.38309180
v 0.06728591 1.08008700 -0.39120640
v 0.06175050 1.06729400 -0.39391680
v 0.14915270 1.17404000 -0.47801490
v 0.14201220 1.16788100 -0.46248540
v 0.15731080 1.19026400 -0.49433390
v 0.14010040 1.15347100 -0.45476970
v 0.14371000 1.13670700 -0.46621290
v 0.14829990 1.15357800 -0.47941710
v 0.12793020 1.15758900 -0.43515900
v 0.12438370 1.12097700 -0.42793270
v 0.15718840 1.14490800 -0.49690490
v 0.14883080 1.13589700 -0.48214420
v 0.15421620 1.12837000 -0.49525590
v 0.13599290 1.26165500 -0.46609520
v 0.12471640 1.25419500 -0.43564490
v 0.13768830 1.22938900 -0.45952730
v -0.04824062 0.53569590 -0.45387810
v -0.00277839 0.57956340 -0.42590890
v -0.04204932 0.55340460 -0.44710660
v 0.02624033 0.65129460 -0.40581320
v 0.17433880 0.76809230 -0.48427790
v 0.08165532 0.84605420 -0.40887920
v 0.07413951 0.76432770 -0.39948080
v 0.15569400 0.90784490 -0.47291360
v 0.04993532 0.95095850 -0.40528140
v 0.16272360 0.53378930 -0.53307450
v 0.16424680 0.51756650 -0.54147500
v 0.00414359 1.07998500 -0.39883780
v 0.03409517 1.04753200 -0.39723670
v 0.05868965 1.05482000 -0.39798470
v 0.01108402 1.09633500 -0.39767140
v 0.02215787 1.06745400 -0.39253230
v 0.01830909 1.08618100 -0.39079520
v 0.15817980 1.22945900 -0.50048030
v 0.09263002 1.09926500 -0.40533010
v 0.09525502 1.11332100 -0.40292380
v 0.08293417 1.07598700 -0.40663660
v 0.16578940 1.18224100 -0.51141440
v 0.15851780 1.16686000 -0.49517330
v 0.16010880 1.20847800 -0.49891970
v 0.13970920 1.20846200 -0.46022750
v 0.14880150 1.21249600 -0.48302880
v 0.14241410 1.24676700 -0.47625410
v 0.14391710 1.09971800 -0.47481700
v 0.14540390 1.11886000 -0.47434550
v 0.13432110 1.12177200 -0.45282720
v 0.12701200 1.10733600 -0.43582560
v 0.15308780 1.11135100 -0.49537520
v -0.05297867 0.56631170 -0.45206180
v -0.05824721 0.55119340 -0.45983470
v -0.04831609 0.58379270 -0.44583710
v 0.00232745 0.53797820 -0.43689050
v -0.02891805 0.54446590 -0.44428610
v -0.01518483 0.53637780 -0.44324530
v -0.03281336 0.53087930 -0.45019180
v -0.00686115 0.52688060 -0.44334180
v -0.03101044 0.59333070 -0.43460820
v 0.02142150 0.51519340 -0.43729170
v 0.16495380 0.77179540 -0.51460860
v 0.17463210 0.82916720 -0.48525700
v 0.16467090 0.66591950 -0.48474560
v 0.03606919 0.84947140 -0.40556080
v 0.02787393 0.77932430 -0.40362490
v 0.16462330 0.60786340 -0.53681270
v 0.07458567 0.48337390 -0.46020020
v 0.12412170 0.47270450 -0.48868530
v 0.13042260 0.47309410 -0.50482700
v 0.16219710 0.55027280 -0.53583240
v 0.17477270 0.53508050 -0.55496010
v 0.14722270 0.47936190 -0.52166970
v 0.00625263 1.03789900 -0.40687460
v 0.16233560 0.98673700 -0.50412210
v 0.00128367 1.06414000 -0.40422930
v -0.00126819 1.04992200 -0.40919180
v 0.01570067 1.05190300 -0.40032180
v 0.05976643 1.03881700 -0.40391620
v 0.10861470 1.03589400 -0.43072790
v 0.08177232 1.02861000 -0.41386970
v 0.11565640 1.05709500 -0.43429060
v 0.11602880 1.07891400 -0.42943190
v 0.04425134 1.02928700 -0.40453860
v 0.01429811 1.10630600 -0.40355600
v 0.04128417 1.06613900 -0.39043370
v 0.11170880 1.11013100 -0.41525800
v 0.15078260 1.08056800 -0.49492320
v 0.15884130 1.10447300 -0.51221660
v 0.16052600 1.12111100 -0.51251200
v 0.00579730 0.55731890 -0.42777170
v -0.02492905 0.56115220 -0.43983750
v -0.03957171 0.57316320 -0.44248640
v -0.01103028 0.60314220 -0.42350680
v -0.00694278 0.68710250 -0.40436620
v 0.01871910 0.71725950 -0.39930220
v 0.03161630 0.50043310 -0.44285840
v 0.01615092 0.53355330 -0.43040200
v 0.16231760 0.71980870 -0.51561710
v 0.17152330 0.80619390 -0.50616550
v 0.17275590 0.85245310 -0.50644460
v 0.01753611 0.83748630 -0.39450010
v 0.17076410 0.91420510 -0.50794520
v 0.16911980 0.94005590 -0.51028100
v -0.00001495 0.95467720 -0.40573320
v 0.00085223 0.97211510 -0.40862110
v 0.00166771 0.90708490 -0.39808980
v 0.17145310 0.56193770 -0.54787950
v 0.17058000 0.57706750 -0.54704680
v 0.09015951 0.48463290 -0.46257140
v 0.06107329 0.48778150 -0.44981030
v 0.10033710 0.47280240 -0.47283350
v 0.13803540 0.48639700 -0.51792180
v 0.15560460 0.49834360 -0.52528140
v 0.15149060 0.51431100 -0.52169330
v 0.13556660 0.50138090 -0.51286250
v 0.14833810 0.53605950 -0.52367480
v 0.15947970 0.55510970 -0.53340070
v 0.13869220 0.53417600 -0.50909210
v 0.16681530 0.99607860 -0.52407590
v 0.16667550 0.96565530 -0.50954360
v 0.16366830 1.01903100 -0.52020340
v 0.15768290 1.04030200 -0.51143600
v 0.16027460 1.00367100 -0.50505490
v 0.10063650 1.06855300 -0.41853910
v 0.09602378 1.04799300 -0.41953360
v 0.12277610 1.03843700 -0.44378210
v 0.13928260 1.07199500 -0.46877690
v 0.14352950 1.08600800 -0.47630810
v 0.14167620 1.04832600 -0.47411600
v 0.11815580 1.09622700 -0.42630540
v 0.06717514 0.98398650 -0.41198630
v 0.15896830 1.08878100 -0.51589490
v 0.15164660 1.09467100 -0.49488330
v -0.04575953 0.61770370 -0.43945460
v -0.02009108 0.62828160 -0.42193970
v -0.00821494 0.55022240 -0.43639570
v 0.01237105 0.54879450 -0.42808500
v -0.00920872 0.56530890 -0.43210580
v -0.01950984 0.58006190 -0.43266130
v 0.00164773 0.72759060 -0.39682020
v 0.00639237 0.52198040 -0.44245290
v 0.05727383 0.53098370 -0.43484330
v 0.16462750 0.79190870 -0.51664930
v 0.16519520 0.81828490 -0.51722240
v 0.16397370 0.80382560 -0.52345190
v 0.16705810 0.86675020 -0.51764270
v 0.16654040 0.84301940 -0.51670530
v 0.16608340 0.88300770 -0.52238390
v 0.17267820 0.87548760 -0.50669340
v -0.00202306 0.84134720 -0.39271740
v 0.00903336 0.82008200 -0.39354880
v 0.00177424 0.86010970 -0.39206480
v 0.00449267 0.78257000 -0.39456890
v 0.00286677 0.76140730 -0.39499540
v -0.00275825 0.93801820 -0.40374260
v -0.00642689 0.92257740 -0.40154800
v 0.01661821 0.92449520 -0.39912220
v 0.02720286 0.90384200 -0.39660810
v 0.03655783 0.92011190 -0.39999630
v 0.04697045 0.97402920 -0.40470660
v 0.06618120 0.95982230 -0.41530500
v 0.05065531 0.99865340 -0.40678690
v 0.02518653 0.99942750 -0.40816380
v 0.07487950 1.00891400 -0.41314520
v 0.02672371 0.96528480 -0.40460520
v 0.02417143 0.98446540 -0.40856580
v 0.00680184 1.01445600 -0.40852280
v 0.15553830 0.57479660 -0.53187650
v 0.14542360 0.55035940 -0.52005520
v 0.16854110 0.64706080 -0.54300640
v 0.16446690 0.63235640 -0.53589810
v 0.08421366 0.47351830 -0.46735910
v 0.04314374 0.49030700 -0.44603580
v 0.05275038 0.50238650 -0.43966810
v 0.14082230 0.54942680 -0.48896410
v 0.12621180 0.51146570 -0.48748320
v 0.13319910 0.49772590 -0.49383510
v 0.03777206 1.01585500 -0.40782180
v 0.02200595 1.02897900 -0.40360680
v 0.16401700 0.94805640 -0.49286580
v 0.15492960 0.99534020 -0.48886100
v 0.07989024 1.04384100 -0.40992980
v 0.12880870 1.07130600 -0.44849530
v 0.13078420 1.05589000 -0.45402870
v 0.13448450 1.08721600 -0.45735770
v 0.13423150 1.10545100 -0.45449720
v 0.12666400 1.08907200 -0.44039870
v 0.14496250 1.02448900 -0.47702100
v 0.14983340 1.04592800 -0.49202960
v 0.13375800 1.03299700 -0.45829300
v 0.14609150 1.00342200 -0.47484230
v 0.13490240 1.01485000 -0.45768990
v -0.04187953 0.59755480 -0.43938520
v -0.02773138 0.61433010 -0.42882250
v -0.02196402 0.64480800 -0.41964970
v -0.03596747 0.63273530 -0.43058200
v 0.02586891 0.54516350 -0.42774370
v 0.03459792 0.55498980 -0.42778550
v 0.02281992 0.56004320 -0.42537230
v -0.01369529 0.67451320 -0.40958760
v -0.01036344 0.65350960 -0.41303130
v 0.16478770 0.71838430 -0.53409930
v 0.16362040 0.69738270 -0.52901610
v 0.16497170 0.66953900 -0.53825260
v 0.17354280 0.83200310 -0.50407690
v 0.17538740 0.81394230 -0.49105640
v 0.17250010 0.80145520 -0.47628970
v 0.17169390 0.78832980 -0.50292370
v 0.17500140 0.79024950 -0.49251150
v 0.16452910 0.78013140 -0.53310950
v 0.17154410 0.85429560 -0.48427020
v 0.17543170 0.84371190 -0.49300750
v 0.04365785 0.81084080 -0.40840530
v 0.03919420 0.83056010 -0.40726340
v 0.02397566 0.81279420 -0.40173990
v 0.05916095 0.83473150 -0.41272910
v 0.03811113 0.86958960 -0.40549860
v 0.02612992 0.88205200 -0.39536770
v 0.06006132 0.85998440 -0.41489540
v 0.01918664 0.86008410 -0.39316680
v 0.08009131 0.86843710 -0.41111010
v 0.04065301 0.88587130 -0.40279280
v 0.01810426 0.74293110 -0.40103600
v 0.01806004 0.76355390 -0.40083090
v -0.00000516 0.74433230 -0.39577630
v 0.05521122 0.91786760 -0.40976860
v 0.06009544 1.02034100 -0.41003840
v 0.09201857 1.01332400 -0.42244210
v 0.16217510 0.61843600 -0.52304790
v 0.04142557 0.51589390 -0.43680940
v 0.12784020 0.48399580 -0.50195550
v 0.10800500 0.48829580 -0.47071650
v 0.09437027 0.50162830 -0.45774620
v 0.07349543 0.50565080 -0.44731420
v 0.07194445 0.52788760 -0.44390190
v 0.06100768 0.55015110 -0.43015740
v 0.04062516 0.54185300 -0.43072590
v 0.04937711 0.55595500 -0.42739140
v 0.06753081 0.56821790 -0.42730640
v 0.05532867 0.57282980 -0.42430060
v 0.14451760 0.53757700 -0.49720610
v 0.11519450 0.52895520 -0.46735710
v 0.11511250 0.51168860 -0.47651440
v 0.12683180 0.55323460 -0.47337870
v 0.12980690 0.52805100 -0.48106730
v 0.10643370 0.51034700 -0.46772250
v 0.11300260 0.55011570 -0.46181800
v 0.12157080 0.49546960 -0.48234500
v 0.15952370 0.96955010 -0.48992700
v 0.15438140 1.01891300 -0.49543640
v 0.11658280 0.97974970 -0.43239590
v 0.00881287 0.57117060 -0.42414140
v 0.02161832 0.66704990 -0.40351330
v 0.01741347 0.68948190 -0.39929920
v -0.00136813 0.70580170 -0.39972270
v 0.16400060 0.75928170 -0.52380320
v 0.16348370 0.73688190 -0.52572260
v 0.16168940 0.70189110 -0.50751480
v 0.16190590 0.67294630 -0.52138460
v 0.16272100 0.65600150 -0.53163090
v 0.17205440 0.89366870 -0.50519550
v 0.16711000 0.90650810 -0.48678800
v 0.16665230 0.92710920 -0.49256590
v 0.17436080 0.86487120 -0.49683220
v 0.16674220 0.87363720 -0.47877770
v 0.02525169 0.79526120 -0.40239970
v 0.00395525 0.87763150 -0.39314860
v 0.00810879 0.89209720 -0.39517630
v 0.08890729 0.88822140 -0.41314180
v 0.04958070 0.89952370 -0.40729230
v 0.06519314 0.90192970 -0.41811840
v 0.04809256 0.93330050 -0.40437490
v 0.09569458 1.03075200 -0.42233240
v 0.12176600 1.02242800 -0.44145550
v 0.12776560 0.99577440 -0.44531150
v 0.10989570 1.01584700 -0.43153130
v 0.12093340 1.00386300 -0.43843530
v 0.16183690 0.64826860 -0.52088470
v 0.16126740 0.62919080 -0.51216060
v 0.15914380 0.59724770 -0.52549020
v 0.14753120 0.58907700 -0.49023050
v 0.13638750 0.57344000 -0.48310930
v 0.15123910 0.56405690 -0.49939120
v 0.15716850 0.58503700 -0.50233410
v 0.16079280 0.60647070 -0.49859000
v 0.15687070 0.61417360 -0.47974600
v 0.12563750 0.61407420 -0.42822470
v 0.13920780 0.59477850 -0.47136750
v 0.14807940 0.61154250 -0.45890420
v 0.06159402 0.51535890 -0.44096970
v 0.07486471 0.58571960 -0.42151730
v 0.02405937 0.57865690 -0.42099750
v 0.13818930 0.51814430 -0.49292040
v 0.07926679 0.55771630 -0.43288090
v 0.08848121 0.57614740 -0.42844620
v 0.10197200 0.52414400 -0.45762070
v 0.00677873 0.60985070 -0.41659820
v 0.00575582 0.66880110 -0.40431000
v 0.08490772 0.68341950 -0.40211440
v 0.06132686 0.71453360 -0.39741380
v 0.16266480 0.67416080 -0.50867350
v 0.16767150 0.68895130 -0.49341830
v 0.16416280 0.65846700 -0.50255970
v 0.17077310 0.88487680 -0.48956700
v 0.06750276 0.92089970 -0.41857260
v 0.16020950 0.60314110 -0.51335640
v 0.16066160 0.63623780 -0.49410900
v 0.12401710 0.57758650 -0.46673620
v 0.05943872 0.62842820 -0.40833790
v 0.07239880 0.60787180 -0.41358420
v 0.10689460 0.62668660 -0.41556640
v 0.11079900 0.60804390 -0.42323560
v 0.09148542 0.62242820 -0.41271770
v 0.11823890 0.59313220 -0.43395400
v 0.03858026 0.58723210 -0.41919840
v 0.08447176 0.52235340 -0.45338150
v 0.09726140 0.54684390 -0.45420900
v 0.10173250 0.56077600 -0.44108390
v 0.08809410 0.54174340 -0.44283370
v 0.07446662 0.54307260 -0.43718740
v 0.13755370 0.99075830 -0.45882710
v 0.12986900 0.97489880 -0.44505010
v -0.00440126 0.59268060 -0.42350070
v 0.00918025 0.59252760 -0.41995170
v 0.00777898 0.62605240 -0.41279100
v 0.04599992 0.67074870 -0.40294850
v 0.03752084 0.68656330 -0.39896450
v 0.17194170 0.76888140 -0.50117590
v 0.16716770 0.72841430 -0.50218270
v 0.15637050 0.71526030 -0.45273670
v 0.08815164 0.90784670 -0.41576510
v 0.09313085 0.92943070 -0.41916180
v 0.10760040 0.89780760 -0.41791550
v 0.12258110 0.96224040 -0.43528260
v 0.11688660 0.93246280 -0.42669010
v 0.13116370 0.94327370 -0.44193280
v 0.13548240 0.92557290 -0.44941410
v 0.08968714 0.95118420 -0.42215030
v 0.10435830 0.96654190 -0.42447950
v 0.13480010 0.95781550 -0.44967600
v 0.10123840 0.99059890 -0.42504650
v 0.14151650 0.94430810 -0.46067410
v 0.08325268 0.99378630 -0.41999880
v 0.06798822 0.93801710 -0.41804550
v 0.12884000 0.58977120 -0.45065540
v 0.13800240 0.61039580 -0.43888020
v 0.13677500 0.63648900 -0.43275390
v 0.14937290 0.63742940 -0.44864970
v 0.16335240 0.69482790 -0.46273380
v 0.04881606 0.60665830 -0.41304380
v 0.11266550 0.57615650 -0.43962180
v 0.10319540 0.58542120 -0.43024730
v 0.15582440 0.94999620 -0.47955170
v 0.15922040 0.92853930 -0.47992840
v 0.14778860 0.93021200 -0.46896390
v 0.14052720 0.96926650 -0.46105140
v -0.00854904 0.61984770 -0.41860620
v 0.02647922 0.61379740 -0.41159220
v 0.00790895 0.64690750 -0.40840090
v 0.02299493 0.63202630 -0.40809370
v -0.00622324 0.63434110 -0.41525780
v 0.04116332 0.64428850 -0.40627220
v 0.05110876 0.69879940 -0.39794500
v 0.06892403 0.68635110 -0.40070800
v 0.08402691 0.70891590 -0.40065810
v 0.07647448 0.63870390 -0.40792360
v 0.09587392 0.67123660 -0.40733220
v 0.03459984 0.70370420 -0.40118640
v 0.17268500 0.74399180 -0.49301750
v 0.11144180 0.91425220 -0.42146470
v 0.12289280 0.63307800 -0.42070920
v 0.11050600 0.65083040 -0.41109880
v 0.12954350 0.66088370 -0.42200690
v 0.12544120 0.72286620 -0.42578920
v 0.12601570 0.69256180 -0.42449870
v 0.04043101 0.62450330 -0.40912290
v 0.07864208 0.73193000 -0.39730000
v 0.06351956 0.65842640 -0.40548630
v 0.04019544 0.72446760 -0.40354800
v 0.17069980 0.71448860 -0.49040240
v 0.16731550 0.70087580 -0.47408190
v 0.16305560 0.66661510 -0.46919820
v 0.15626880 0.66336850 -0.45613750
v 0.16170850 0.64590730 -0.47721530
v 0.15652020 0.63921300 -0.46536350
v 0.14429550 0.65985180 -0.43796110
v 0.10416370 0.69713360 -0.40407340
v 0.11483330 0.67958820 -0.40993890
v 0.13849940 0.68088190 -0.43216890
v 0.05060427 0.74815610 -0.40439230
v 0.16974370 0.75058810 -0.47344400
v 0.14937020 0.78446960 -0.45954020
v 0.16156790 0.76361160 -0.46197270
v 0.11661800 0.70832560 -0.41074290
v 0.08778168 0.75302210 -0.39912570
v 0.15183760 0.68624860 -0.44601930
v 0.13779480 0.70610720 -0.43916120
v 0.12916320 0.74284360 -0.43321050
v 0.13880460 0.76464040 -0.44761020
v 0.11742610 0.73737410 -0.41259060
v 0.12080240 0.82897120 -0.41839210
v 0.13082470 0.79227880 -0.44020560
v 0.10378250 0.83867130 -0.40909770
v 0.10042350 0.85495600 -0.41023000
v 0.16458830 0.82086640 -0.46879150
v 0.10207720 0.72706300 -0.40251530
v 0.11888010 0.78939560 -0.41509570
v 0.12483090 0.80972030 -0.42270660
v 0.10832480 0.80878200 -0.40891820
v 0.09799615 0.82555950 -0.40628770
v 0.07937996 0.82543320 -0.40669090
v 0.08720526 0.80651230 -0.40302360
v 0.13537980 0.84314300 -0.44874510
v 0.14836320 0.83803040 -0.46417920
v 0.11901150 0.85165920 -0.41880590
v 0.13067000 0.84883630 -0.43324940
v 0.10682850 0.86932220 -0.41368620
v 0.13951540 0.87823550 -0.45677200
v 0.11627620 0.88373650 -0.42013060
v 0.13525540 0.86413990 -0.44809830
v 0.13625700 0.90499000 -0.44878820
v 0.13316560 0.88143050 -0.43897320
v 0.12801700 0.86788210 -0.42927980
v 0.13660270 0.89066100 -0.44775590
v 0.12649640 0.90033980 -0.43082600
v 0.10691140 0.75520440 -0.40535910
v 0.11944170 0.75568360 -0.41585800
v 0.11537030 0.77180270 -0.41147780
v 0.06549182 0.80728570 -0.40923870
v 0.04908660 0.79162930 -0.40902670
v 0.07062269 0.78590620 -0.40245620
v 0.09668385 0.78157460 -0.40248190
v 0.13042980 0.81668510 -0.43850340
v 0.14655170 0.82424060 -0.46143360
v 0.14379240 0.89267070 -0.46309430
v 0.15221360 0.87637540 -0.46930830
v 0.14442020 0.85948980 -0.46243830
v 0.15935280 0.85771450 -0.46953620
v 0.16155110 0.89124170 -0.47592650
v 0.16531010 0.84025940 -0.47166650
v 0.15500960 1.06989500 -0.50741290
v 0.14733180 1.06627100 -0.48728700
v 0.05898232 0.88194040 -0.41628560
v 0.08531004 0.97286740 -0.42179010
v 0.03762329 0.76845780 -0.40592180
v 0.05366316 0.76938650 -0.40648800
v 0.17055040 0.55305730 -0.72731240
v 0.18423260 0.54976920 -0.71910320
v 0.19816880 0.54821660 -0.71060650
v 0.21208690 0.54748900 -0.70609750
v 0.22625720 0.54597300 -0.70331700
v 0.24049520 0.54407220 -0.69959460
v 0.25210350 0.54272380 -0.69361130
v 0.26094140 0.54089920 -0.68176270
v 0.25503040 0.53955770 -0.66770900
v 0.24350900 0.53301430 -0.66530370
v 0.22547580 0.53002680 -0.66610190
v 0.20660860 0.52790720 -0.66615980
v 0.18799100 0.52727560 -0.65953030
v 0.19703970 0.52249830 -0.64327480
v 0.20536820 0.51563860 -0.62872990
v 0.21243440 0.50973350 -0.61526780
v 0.21498160 0.50287330 -0.59991010
v 0.19659610 0.49957830 -0.59257890
v 0.17864630 0.50234860 -0.59836390
v 0.15528700 1.28611400 -0.52473970
v 0.15801190 1.29956300 -0.53889700
v 0.16023020 1.31443000 -0.55304340
v 0.15907000 1.33148800 -0.56848650
v 0.14831610 1.35405500 -0.58548220
v 0.15530560 1.34215700 -0.64482750
v 0.17095350 1.32662800 -0.64655430
v 0.18192560 1.30887400 -0.64549520
v 0.18828300 1.28909600 -0.64549260
v 0.19255990 1.26785200 -0.64715130
v 0.19456890 1.24665800 -0.65123650
v 0.19628060 1.22439500 -0.65904600
v 0.19738060 1.20348600 -0.67309680
v 0.19009600 1.18612500 -0.68968740
v 0.16908650 1.17779100 -0.70007430
v 0.16142210 1.34011900 -0.61843390
v 0.18329540 1.11596700 -0.64519050
v 0.19123950 1.26371500 -0.61719060
v 0.14524410 1.35210000 -0.61626750
v 0.16446940 1.29484400 -0.55185330
v 0.19624840 1.17859500 -0.66080330
v 0.19386500 1.25758300 -0.63312470
v 0.16254640 1.33595700 -0.63376470
v 0.18337640 1.30083200 -0.63077100
v 0.16138170 1.33174200 -0.58305620
v 0.12142780 1.15742700 -0.71903630
v 0.19615360 1.21345100 -0.64158320
v 0.14742000 1.34805400 -0.63345580
v 0.13768860 1.36195000 -0.60279920
v 0.18091580 1.17704500 -0.69408590
v 0.16990380 1.28247900 -0.55737960
v 0.16180410 1.27744200 -0.53578450
v 0.19752350 1.20259500 -0.65698530
v 0.19617570 1.23498300 -0.63834320
v 0.19517100 1.18899900 -0.67603770
v 0.18261670 0.51205900 -0.59546000
v 0.18176680 0.52259710 -0.58951480
v 0.19885640 0.62388990 -0.65065410
v 0.20084150 0.78291030 -0.66991460
v 0.23949340 0.63670560 -0.71328870
v 0.17122250 0.56432990 -0.73846880
v 0.17982460 1.05401600 -0.59681410
v 0.14269780 1.10419100 -0.70044610
v 0.18986910 1.27975300 -0.63283570
v 0.16845040 1.30569200 -0.56874620
v 0.12411150 1.13833600 -0.71384670
v 0.12203350 1.12368500 -0.71189770
v 0.14732350 1.12876000 -0.70671590
v 0.16866300 1.24700100 -0.53814440
v 0.18946140 1.15875700 -0.67404540
v 0.19666500 1.22423300 -0.61720260
v 0.19432930 1.24420900 -0.61436530
v 0.18956090 1.25124000 -0.59080810
v 0.18726540 1.22144500 -0.56907530
v 0.19316450 1.22700600 -0.59193710
v 0.18601840 1.24182300 -0.57238650
v 0.19350270 1.20490500 -0.58304230
v 0.19773950 1.20457800 -0.60437090
v 0.17825630 1.24089500 -0.55565520
v 0.19689010 1.18614400 -0.59328330
v 0.19578380 1.18992400 -0.63928400
v 0.20302270 0.51107260 -0.58853210
v 0.19767810 0.63960800 -0.60730390
v 0.21194050 0.81047820 -0.71363660
v 0.20272660 0.75196600 -0.60214580
v 0.19036960 0.98560720 -0.60649940
v 0.21770270 0.69874430 -0.72871110
v 0.18891460 0.58901710 -0.74226710
v 0.21235730 0.55865690 -0.70700910
v 0.20872540 0.57687560 -0.71391280
v 0.19742090 0.57822970 -0.73022290
v 0.21764340 0.58924320 -0.71197650
v 0.19733830 0.56116110 -0.72140510
v 0.17206990 1.11442100 -0.54707640
v 0.17276180 1.08461200 -0.55960600
v 0.13600620 1.07438800 -0.70510410
v 0.17316140 1.17223700 -0.53083190
v 0.17691410 1.27887600 -0.57139500
v 0.17800030 1.30287800 -0.59834360
v 0.17861850 1.31171900 -0.61528940
v 0.17395160 1.32282300 -0.62725180
v 0.18575130 1.28726600 -0.61293440
v 0.18362670 1.27859700 -0.59135800
v 0.14156310 1.14674000 -0.71210050
v 0.16093780 1.14513400 -0.69742390
v 0.11071610 1.10857000 -0.71774690
v 0.10338180 1.12421100 -0.72016500
v 0.16762180 1.11341400 -0.67938310
v 0.13324840 1.11297800 -0.70889320
v 0.15664830 1.11624500 -0.69417910
v 0.12830440 1.09350800 -0.70996950
v 0.17469090 1.14396000 -0.68030030
v 0.15876010 1.10235300 -0.68578110
v 0.16062920 1.26332000 -0.52568100
v 0.16951890 1.26283700 -0.54570450
v 0.19710960 1.20388600 -0.62616960
v 0.17276290 0.54406550 -0.57577480
v 0.17233040 0.53020390 -0.57564290
v 0.19186400 0.61507870 -0.57130170
v 0.25877610 0.57181850 -0.67684780
v 0.14309630 0.96043340 -0.72279020
v 0.18418300 0.91988570 -0.59211870
v 0.17841330 0.57742920 -0.74207570
v 0.17085560 0.59904720 -0.75095310
v 0.17155740 1.20607500 -0.53490740
v 0.17984230 1.21463200 -0.55321130
v 0.16654640 1.11776300 -0.52991790
v 0.16922530 1.04865800 -0.54931320
v 0.10918780 1.07243500 -0.71666550
v 0.17813320 1.26281400 -0.56330140
v 0.17670870 1.29329200 -0.58294790
v 0.17116590 1.31167000 -0.58704420
v 0.16729730 1.32694700 -0.60112200
v 0.18884240 1.26487900 -0.60019570
v 0.18373390 1.26406700 -0.57835380
v 0.14850720 1.08813100 -0.69426510
v 0.10662710 1.09134400 -0.71735550
v 0.21952110 0.55248720 -0.58879690
v 0.18599000 0.65887720 -0.56692300
v 0.20135490 0.58786150 -0.57172320
v 0.20454910 0.53388860 -0.63262470
v 0.19769500 0.54333640 -0.64646640
v 0.17245540 0.85628980 -0.72079730
v 0.15985830 0.90036090 -0.72473030
v 0.16907370 0.83656970 -0.55569380
v 0.18232670 0.87665030 -0.58395930
v 0.12902800 0.94885110 -0.73378760
v 0.13417080 1.00757300 -0.71508120
v 0.16986790 0.92584630 -0.56707490
v 0.25018140 0.55965650 -0.70010740
v 0.22461600 0.56887370 -0.70663620
v 0.18325300 0.62033460 -0.74677000
v 0.17715970 0.70096960 -0.73980500
v 0.19061770 0.69191760 -0.74103760
v 0.18163630 0.75276230 -0.73338970
v 0.16392540 1.21680100 -0.52052590
v 0.17184360 1.19130400 -0.53020810
v 0.19292290 1.16297800 -0.58555460
v 0.18716490 1.20286700 -0.56536740
v 0.18989490 1.18166600 -0.57054160
v 0.16593900 1.10207300 -0.53292260
v 0.16662680 1.08675200 -0.53891170
v 0.17760150 1.11499000 -0.56437520
v 0.16876950 1.13418800 -0.53042740
v 0.18260300 1.13773400 -0.56763190
v 0.17209180 1.15206700 -0.53269130
v 0.12157390 1.08040200 -0.71270290
v 0.12496600 1.05609100 -0.71185280
v 0.16936650 1.09734900 -0.66906390
v 0.18507900 0.70543110 -0.56856380
v 0.18836820 0.63402690 -0.56959610
v 0.19204440 0.55921290 -0.66187290
v 0.21270430 0.52707100 -0.61548700
v 0.25977850 0.55472510 -0.67482160
v 0.23072440 0.55312120 -0.67056930
v 0.24309000 0.54493980 -0.66824990
v 0.16488640 0.79510790 -0.73156810
v 0.15446470 0.85345700 -0.73381910
v 0.14584360 0.89915640 -0.73598630
v 0.14058380 0.93274800 -0.73230660
v 0.14317080 0.91965660 -0.73419030
v 0.16384450 0.82866730 -0.53518310
v 0.16886710 0.81711390 -0.55222440
v 0.16652700 0.85425120 -0.55039160
v 0.17056300 0.76882480 -0.55445970
v 0.12842840 0.97349710 -0.72700110
v 0.12223380 0.99235350 -0.72383110
v 0.11686700 1.01293900 -0.71973170
v 0.14249040 0.98943970 -0.71510810
v 0.16636990 0.97109440 -0.53908250
v 0.16577510 0.95257520 -0.54806390
v 0.16665780 0.98717200 -0.54145990
v 0.16537920 0.93320840 -0.54741260
v 0.16789970 0.94365010 -0.56153570
v 0.16506170 0.91334460 -0.54604240
v 0.23643820 0.56014500 -0.70439990
v 0.24494570 0.57640950 -0.70638800
v 0.23288350 0.58173220 -0.70712640
v 0.26009850 0.55482620 -0.69086200
v 0.25896170 0.59052140 -0.70573690
v 0.25422290 0.60679260 -0.71037330
v 0.19150210 0.64034370 -0.74245260
v 0.17422780 0.71941140 -0.73739480
v 0.18624080 0.73025310 -0.73677860
v 0.18948060 0.70910890 -0.74002830
v 0.21855890 0.71822750 -0.72566980
v 0.20149790 0.71735840 -0.73580080
v 0.21202620 0.73663220 -0.72540380
v 0.19759450 0.73593950 -0.73149320
v 0.22784680 0.76883650 -0.70345980
v 0.21027140 0.76695650 -0.71982800
v 0.20252080 0.75071880 -0.72421660
v 0.17452900 0.65587660 -0.74466660
v 0.17352570 0.67691640 -0.74341030
v 0.19908210 0.62116640 -0.73707910
v 0.20975260 0.60755840 -0.72138430
v 0.18889110 0.60477530 -0.74514930
v 0.20316660 0.59619080 -0.73215710
v 0.20658780 0.59089530 -0.72101990
v 0.16740340 1.06962900 -0.54389150
v 0.17184120 1.09793000 -0.55240450
v 0.17411900 1.12904200 -0.54726820
v 0.19030630 1.14385300 -0.58948500
v 0.17763510 1.14634700 -0.54967040
v 0.18203680 1.16803600 -0.55190430
v 0.10800920 1.05323400 -0.71715350
v 0.17582330 1.11105300 -0.66221450
v 0.17772430 1.12695200 -0.67319210
v 0.18117110 1.12345800 -0.65861100
v 0.19310910 0.53479990 -0.57652750
v 0.20463960 0.52455180 -0.58292420
v 0.21385670 0.53820450 -0.58511580
v 0.21719920 0.52204070 -0.59836860
v 0.21855520 0.53718890 -0.60338470
v 0.17333860 0.69718780 -0.55699370
v 0.17879460 0.67672070 -0.56103190
v 0.19657460 0.63683290 -0.58440550
v 0.17823170 0.63944420 -0.55774220
v 0.20062270 0.60669770 -0.58085250
v 0.17744680 0.59590600 -0.56142650
v 0.17348600 0.57776680 -0.56259600
v 0.17189780 0.56162690 -0.56613760
v 0.18929070 0.59357810 -0.56696270
v 0.20819190 0.54647160 -0.66892450
v 0.21160230 0.54633860 -0.62151170
v 0.21505100 0.56430090 -0.62207460
v 0.26310610 0.56692930 -0.68581560
v 0.24364320 0.57350800 -0.67846900
v 0.17275030 0.81293730 -0.72802460
v 0.17675680 0.77662450 -0.73215470
v 0.16616520 0.77237070 -0.73268140
v 0.17904760 0.87147270 -0.71486580
v 0.15531340 0.87848680 -0.72803210
v 0.21171180 0.84339240 -0.70738420
v 0.19540880 0.85528370 -0.71537980
v 0.16420270 0.83745740 -0.72861150
v 0.18565160 0.89592320 -0.71222810
v 0.16984780 0.79032200 -0.55286710
v 0.17682570 0.82684740 -0.56959540
v 0.20187370 0.80346780 -0.59510820
v 0.18656780 0.81839940 -0.58331190
v 0.20078150 0.82771000 -0.59551830
v 0.18166430 0.80286530 -0.57636670
v 0.18184220 0.84161470 -0.58006070
v 0.16912000 0.87229940 -0.56106000
v 0.16538650 0.89044180 -0.54910270
v 0.20390560 0.85075520 -0.60304400
v 0.17489700 0.72060810 -0.56106980
v 0.15416060 1.00680400 -0.70355700
v 0.15526310 0.97219100 -0.71142280
v 0.16713830 0.96717520 -0.55680700
v 0.17010130 0.98055640 -0.57054460
v 0.16947680 1.00243400 -0.56553420
v 0.17712730 0.93903760 -0.58458060
v 0.17850950 0.97520670 -0.59160460
v 0.25884070 0.56955440 -0.69840410
v 0.26455270 0.58260480 -0.69324110
v 0.26125490 0.58715280 -0.68187210
v 0.25325320 0.59611950 -0.67945710
v 0.18179000 0.63485090 -0.74609040
v 0.23680240 0.72328880 -0.69979980
v 0.22674620 0.73392760 -0.71770150
v 0.18646180 0.66076640 -0.74312950
v 0.20150670 0.60966330 -0.73470870
v 0.22172030 0.62151110 -0.71341880
v 0.23731700 0.60962910 -0.71108790
v 0.17196050 1.05808500 -0.56101550
v 0.18428430 1.12862900 -0.57961250
v 0.11511340 1.03210000 -0.71728100
v 0.18486730 1.10464900 -0.60168770
v 0.18282740 1.08518900 -0.62783910
v 0.17303950 1.08162000 -0.65981050
v 0.20787530 0.55608110 -0.57767680
v 0.19072150 0.55730810 -0.57258170
v 0.19567710 0.67370490 -0.58088220
v 0.18752830 0.68397290 -0.56936390
v 0.18224530 0.61760470 -0.56154430
v 0.18882690 0.57457990 -0.56786610
v 0.19623020 0.58162070 -0.66760630
v 0.21925000 0.56889410 -0.67459960
v 0.21473770 0.58448720 -0.67523100
v 0.21923530 0.59990550 -0.67650480
v 0.19991290 0.59681530 -0.67013250
v 0.20531640 0.57597160 -0.64704910
v 0.19951010 0.59335290 -0.64935370
v 0.24551020 0.56044950 -0.67171860
v 0.14904900 0.94480830 -0.72276470
v 0.16374790 0.95330540 -0.70907760
v 0.18105930 0.93336190 -0.70780740
v 0.17260090 0.80415420 -0.55974450
v 0.17805020 0.78158280 -0.56982980
v 0.17518630 0.85801830 -0.57207710
v 0.17493370 0.97285960 -0.70111090
v 0.16550570 0.98926460 -0.70170550
v 0.16825140 1.01242400 -0.54218100
v 0.17022260 1.02759600 -0.55830500
v 0.17198890 0.90609890 -0.57025830
v 0.17311580 0.89015300 -0.57088640
v 0.17791470 0.99931100 -0.59168230
v 0.17367950 1.01744600 -0.58035010
v 0.17322430 0.95958220 -0.57899630
v 0.18232720 0.95412920 -0.59439510
v 0.18396760 0.79230200 -0.72848500
v 0.19085020 0.77074950 -0.72851960
v 0.22442470 0.75948830 -0.71486930
v 0.21086200 0.61640670 -0.72190270
v 0.22439240 0.60390040 -0.71098910
v 0.23932110 0.62352170 -0.71272110
v 0.25446980 0.62729030 -0.70854580
v 0.26168530 0.61220700 -0.70036520
v 0.26418140 0.60001180 -0.69296880
v 0.25913010 0.63161040 -0.69675620
v 0.23964730 0.62621530 -0.68313140
v 0.25290390 0.63912330 -0.68724970
v 0.23650520 0.60957580 -0.68392230
v 0.25647050 0.61810430 -0.68556800
v 0.17636210 1.05952000 -0.58143580
v 0.17441390 1.04325200 -0.57686070
v 0.17936760 1.03548600 -0.59425520
v 0.17402750 1.07163500 -0.56786620
v 0.13583380 1.02049500 -0.71133990
v 0.13655910 1.03564600 -0.70820950
v 0.18518990 1.10595500 -0.62765230
v 0.18290600 1.08760500 -0.61010530
v 0.18258050 1.11148700 -0.58555010
v 0.17814510 1.09924900 -0.57437470
v 0.17922690 1.07252000 -0.59233810
v 0.18221980 1.06836600 -0.61719140
v 0.17858270 1.09574200 -0.64756010
v 0.18033500 1.07176700 -0.64010060
v 0.18161190 1.05289100 -0.63476140
v 0.17475320 1.06031300 -0.65613750
v 0.16568880 1.06484200 -0.67348880
v 0.16171190 1.08378600 -0.67887140
v 0.20037870 0.71056390 -0.60074330
v 0.19443970 0.65081060 -0.57990940
v 0.20050090 0.62428070 -0.58931350
v 0.21140390 0.61121510 -0.67815530
v 0.16066840 0.93284930 -0.71348470
v 0.19499070 0.92471870 -0.67533560
v 0.19036200 0.93906450 -0.60096700
v 0.19132800 0.96410970 -0.60365700
v 0.20068460 0.79218810 -0.72154940
v 0.21739050 0.82216800 -0.70511570
v 0.23950820 0.59467710 -0.71067000
v 0.17873780 1.08563700 -0.58404450
v 0.18335300 1.04680200 -0.61239310
v 0.17905970 1.01373800 -0.66434210
v 0.19422780 0.66818840 -0.61852270
v 0.19448330 0.67510170 -0.59934780
v 0.19717350 0.60629150 -0.65586790
v 0.19566820 0.92935980 -0.69418030
v 0.20897410 0.86487730 -0.70320410
v 0.19909600 0.95146220 -0.61423210
v 0.22253290 0.79650760 -0.70497180
v 0.22172990 0.78360900 -0.69602810
v 0.21841810 0.77084010 -0.69131550
v 0.23043380 0.75182220 -0.69951630
v 0.23313820 0.70458460 -0.68809170
v 0.18417990 1.02306300 -0.60159500
v 0.19088450 1.00840500 -0.61282660
v 0.17001680 1.03240700 -0.67725010
v 0.18712390 0.97142820 -0.64089520
v 0.19949250 0.73167760 -0.59216740
v 0.19471710 0.65529080 -0.60776410
v 0.20322350 0.64261210 -0.64715960
v 0.20146820 0.68439660 -0.63488820
v 0.19710640 0.64710720 -0.62660450
v 0.20150270 0.66178330 -0.64039160
v 0.20204850 0.65701800 -0.66234220
v 0.19619180 0.69020620 -0.61449850
v 0.20345420 0.72782350 -0.63879700
v 0.20426060 0.70574290 -0.63864620
v 0.19876440 0.69183360 -0.59578300
v 0.19929410 0.61310490 -0.60284130
v 0.20255350 0.62671650 -0.63416530
v 0.21087570 0.84426470 -0.69140250
v 0.18986010 0.91261210 -0.70808560
v 0.19451740 0.90576710 -0.67777830
v 0.20243250 0.90792900 -0.68971500
v 0.20308280 0.88907190 -0.70271170
v 0.20475170 0.75155510 -0.67618400
v 0.23290400 0.69870010 -0.71710280
v 0.16955340 1.04850900 -0.67048830
v 0.17776120 1.04437500 -0.65152710
v 0.17699150 1.03030500 -0.65965220
v 0.16994530 1.01551400 -0.68572900
v 0.19503110 0.99315030 -0.62255320
v 0.18860560 0.99025150 -0.63627030
v 0.18092930 0.99248880 -0.65622350
v 0.19503800 0.69736770 -0.58045720
v 0.20492420 0.69466600 -0.65014100
v 0.20477500 0.62135420 -0.67177010
v 0.20262940 0.63974310 -0.66728720
v 0.21211880 0.65924330 -0.67504230
v 0.23781960 0.64560660 -0.68281750
v 0.21785520 0.64324940 -0.67891160
v 0.23232050 0.66835150 -0.68316010
v 0.24034160 0.68666570 -0.68983760
v 0.25558570 0.64954570 -0.70457590
v 0.24526240 0.65605980 -0.71000640
v 0.25198940 0.66929560 -0.70460990
v 0.20534210 0.59989210 -0.59565180
v 0.20486040 0.59552450 -0.63212830
v 0.18636010 0.95280480 -0.69804900
v 0.21375050 0.82816250 -0.69278250
v 0.20558060 0.87997630 -0.68892870
v 0.19640140 0.87812250 -0.71085420
v 0.21652140 0.74851940 -0.68909250
v 0.20684190 0.76820040 -0.68347880
v 0.20115860 0.76294570 -0.66278670
v 0.21019830 0.72928990 -0.68132020
v 0.20239050 0.73537880 -0.66136060
v 0.21676700 0.70891490 -0.68335820
v 0.21078730 0.69208720 -0.67575940
v 0.20404130 0.69582910 -0.66470870
v 0.22622420 0.68513550 -0.68511450
v 0.21758720 0.67442360 -0.68005670
v 0.22817900 0.72924360 -0.68980490
v 0.23257850 0.72039160 -0.71442650
v 0.24118680 0.70748320 -0.70301670
v 0.18298470 1.03337400 -0.63975200
v 0.18132810 1.01033600 -0.64855090
v 0.19768440 0.97547110 -0.62333960
v 0.19765550 0.95551770 -0.62963150
v 0.18078370 0.99723600 -0.67365390
v 0.18191970 0.98447060 -0.68588470
v 0.17454860 0.99906950 -0.68847770
v 0.18745290 0.96664820 -0.68232460
v 0.20369560 0.71444950 -0.65182580
v 0.20399710 0.71611690 -0.66812790
v 0.22157760 0.63736670 -0.71467040
v 0.20643080 0.63217780 -0.72704540
v 0.21535120 0.67479450 -0.72731740
v 0.23308040 0.67452190 -0.71327330
v 0.20066480 0.70885020 -0.62273510
v 0.20225730 0.73020770 -0.61508420
v 0.19504700 0.75275140 -0.58335680
v 0.19895500 0.60858670 -0.61848370
v 0.19837390 0.60578490 -0.63721030
v 0.20667930 0.59681490 -0.61032540
v 0.21188690 0.58254940 -0.59387390
v 0.20548490 0.57306700 -0.57610640
v 0.21702630 0.56666550 -0.58773920
v 0.21244210 0.58633540 -0.61122120
v 0.21866600 0.57167030 -0.60563000
v 0.21099430 0.58179490 -0.62708500
v 0.20435330 0.75225930 -0.62432520
v 0.20269370 0.75246330 -0.64688140
v 0.20559600 0.77144550 -0.61203230
v 0.20592710 0.77561120 -0.63295200
v 0.20194300 0.77639920 -0.65083470
v 0.19111530 0.77415310 -0.58140120
v 0.20598910 0.78685060 -0.60735890
v 0.20270610 0.67599090 -0.65218320
v 0.20331560 0.67337910 -0.66499940
v 0.24650390 0.68613630 -0.70555640
v 0.18825190 1.02905100 -0.62414950
v 0.18976540 1.01075900 -0.63258030
v 0.19000860 0.94810660 -0.63929220
v 0.18122890 0.97717970 -0.66530130
v 0.18267660 0.95779140 -0.65976820
v 0.19120550 0.94729260 -0.67620600
v 0.21112240 0.65003580 -0.72784090
v 0.20080740 0.79178980 -0.65681370
v 0.20135170 0.76786900 -0.59444580
v 0.18424600 0.93811020 -0.65631810
v 0.20647260 0.81959470 -0.61046200
v 0.20741500 0.80434370 -0.61643990
v 0.20334680 0.81363420 -0.64967740
v 0.20506440 0.79774640 -0.64267710
v 0.20772940 0.81613350 -0.62928750
v 0.19844320 0.82312640 -0.66479410
v 0.20190300 0.81440660 -0.68455420
v 0.20233830 0.83406360 -0.65011620
v 0.19893910 0.82894950 -0.68192380
v 0.19909570 0.80484610 -0.66807780
v 0.20517400 0.79155720 -0.68525860
v 0.21517260 0.80707940 -0.69163780
v 0.19547870 1.17341900 -0.63717340
v 0.19281410 1.15459300 -0.65254660
v 0.19481300 1.15564300 -0.60519360
v 0.18580740 1.13860300 -0.66548070
v 0.19695960 1.17082200 -0.60942310
v 0.19284520 1.13879200 -0.61383280
v 0.18792170 1.13282100 -0.64045850
v 0.18873800 1.12065400 -0.62133200
v 0.18803990 1.12447200 -0.59947310
v 0.15313880 1.06592600 -0.69057190
v 0.16038640 1.05098900 -0.68347770
v 0.14123970 1.05344600 -0.70257590
v 0.18019620 1.19153600 -0.54876320
v 0.20032840 0.83015440 -0.71726850
v 0.19253210 0.81069930 -0.72269830
v 0.18348780 0.83445830 -0.72172440
v 0.19772750 0.88611400 -0.60005910
v 0.20524730 0.89736620 -0.61834530
v 0.20349230 0.91782010 -0.62081200
v 0.19830570 0.92854280 -0.60808740
v 0.19784280 0.90853890 -0.60450680
v 0.18421850 0.89868350 -0.58925910
v 0.18639640 0.91478090 -0.65905110
v 0.19432470 0.90786700 -0.63806730
v 0.19918600 0.88754500 -0.63016440
v 0.15353730 1.02713800 -0.69785900
v 0.15289190 1.04446800 -0.69403580
v 0.20531080 0.85941580 -0.68528640
v 0.18978470 0.72989590 -0.57515540
v 0.20701110 0.85496230 -0.62342950
v 0.19887530 0.86985710 -0.63542450
v 0.20793720 0.83352450 -0.61858610
v 0.19429200 0.86848410 -0.66147590
v 0.19884800 0.85213900 -0.64704790
v 0.19688710 0.84405550 -0.66668890
v 0.18975260 0.88843820 -0.66717410
v 0.19564570 0.89099900 -0.68059820
v 0.19299070 0.87084410 -0.67651900
v 0.19212380 0.88780690 -0.65012110
v 0.18789860 0.90006620 -0.65865330
v 0.20693410 0.87300820 -0.61258670
v 0.19312140 0.86509230 -0.59337910
v 0.19235840 0.92606680 -0.63828780
v 0.20126940 0.93481330 -0.62468360
v 0.09297576 1.17423200 -0.71104950
v -0.02723645 1.12341900 -0.42811780
v -0.00430151 1.13006300 -0.40814220
v -0.04012223 1.14932100 -0.43528920
v -0.08717994 1.12034000 -0.56028680
v -0.08869382 1.13178900 -0.49038200
v 0.11775240 1.27930500 -0.43031620
v 0.07488994 1.15071300 -0.38462100
v 0.02086137 1.11104400 -0.38695510
v 0.01231816 1.11640700 -0.38619850
v 0.08789935 1.16662700 -0.38808700
v 0.03073591 1.10101200 -0.39370710
v 0.15425050 1.34631400 -0.60016350
v 0.17363080 1.16468900 -0.69101670
v 0.16516680 1.12846400 -0.68907360
v 0.18690170 1.17720400 -0.68832820
v 0.15377110 1.16109800 -0.70634860
v 0.15073960 1.17172900 -0.71190230
v 0.12554230 1.16921300 -0.71871260
v 0.18899730 1.17289600 -0.68275350
v 0.19392750 1.15396600 -0.62840490
v 0.16223790 0.64442260 -0.74248400
v 0.01926882 0.58903320 -0.77751340
v 0.10144350 1.35755000 -0.64236470
v -0.03843575 0.59367470 -0.77986000
v 0.06207002 0.66412230 -0.78133720
v -0.07324238 0.66048030 -0.74543260
v -0.08581870 0.63253700 -0.74459330
v -0.07276398 0.70776520 -0.66579830
v 0.12576120 0.85152010 -0.74883940
v 0.01238022 1.06405700 -0.68858390
v 0.12537410 0.73419030 -0.75646520
v -0.01427845 0.90920700 -0.68526890
v -0.00765821 0.98401690 -0.68700600
v 0.05573696 0.82478390 -0.75559770
v 0.07238765 0.75067790 -0.77022250
v 0.04359194 0.96702560 -0.71640170
v 0.05517815 0.90880820 -0.73892130
v 0.07947718 0.72645540 -0.77268520
v -0.00701995 0.82436350 -0.69757800
v -0.10928720 0.61809740 -0.61172680
v -0.11133840 0.67984930 -0.50190060
v -0.09027293 0.71321540 -0.63781410
v -0.08598708 0.87969520 -0.61604840
v -0.07109372 0.68985600 -0.48366010
v -0.09120798 0.90027830 -0.54154540
v -0.08272903 0.70432300 -0.49396040
v -0.06017884 0.77177980 -0.44231160
v 0.13293420 1.25122700 -0.45373590
v 0.11735020 1.18105100 -0.40894970
v 0.16197030 1.23153300 -0.52288000
v 0.07821671 1.05862100 -0.40648660
v 0.14465850 1.22442600 -0.47610430
v 0.00071925 0.80369900 -0.39363840
v 0.16290270 0.58985740 -0.53836440
v 0.12240520 0.48203660 -0.48271740
v 0.11186170 0.47378820 -0.47803530
v 0.15346010 0.57756350 -0.51798270
v 0.16427470 0.86937700 -0.53743560
v 0.02481098 0.94163460 -0.40122440
v 0.00010446 0.99314520 -0.41144180
v 0.17141820 0.78220280 -0.47384750
v 0.03902737 0.56800250 -0.42414820
v 0.11289810 0.56900310 -0.45781940
v 0.09093418 0.59896740 -0.41792120
v 0.16658860 0.74703580 -0.50746720
v 0.11219450 0.94514670 -0.42548400
v 0.12757530 0.92295320 -0.43460500
v 0.14185890 0.91511380 -0.46110700
v 0.15898910 0.74464380 -0.45791870
v 0.14189920 0.73281840 -0.44579290
v 0.15941760 0.80192470 -0.46418210
v 0.14082500 0.80669510 -0.45515760
v 0.03671335 0.75148320 -0.40453740
v 0.15788380 0.81611720 -0.73491640
v 0.19768170 1.18763500 -0.61993080
v 0.18468820 0.56796980 -0.73248190
v 0.17167610 1.22722100 -0.54060220
v 0.20435300 0.55536850 -0.63997260
v 0.18894760 0.53851590 -0.65890670
v 0.16945660 0.89248250 -0.71440600
v 0.16952310 0.91604690 -0.71100710
v 0.22462120 0.62457340 -0.68248400
v 0.23352900 0.73960110 -0.70696320
v 0.24887990 0.66849990 -0.69300060
v 0.22498300 0.65233450 -0.71455820
v 0.19748890 0.65424230 -0.73874170
v 0.21951480 0.55732470 -0.60345040
v 0.20733740 0.79305710 -0.62454820
v 0.20526030 0.83567120 -0.63838350
v 0.11800270 0.58034970 -0.75054160
v -0.04790832 0.77817480 -0.68643810
v -0.04362849 0.64643680 -0.77074400
v -0.07019214 0.70158080 -0.72183070
v 0.04788645 1.04065800 -0.70346520
v 0.04902159 1.10020300 -0.70444490
v 0.04624939 1.01743400 -0.70504100
v 0.11839520 0.61662710 -0.74902970
v 0.00063760 0.97524840 -0.68948810
v 0.00325299 1.13370300 -0.70155750
v 0.08723168 0.81728940 -0.76027370
v -0.01934592 0.82042980 -0.68728190
v -0.12735690 0.60072450 -0.65501130
v -0.11215870 0.60099370 -0.54078840
v -0.05040285 0.64009010 -0.44160800
v -0.09966466 0.74344000 -0.59413240
v -0.08901382 0.65610500 -0.49961580
v -0.08521622 0.81377600 -0.62541390
v -0.10804750 0.72982070 -0.54443910
v 0.14843280 1.19572700 -0.48036500
v 0.14941860 1.24219200 -0.48947930
v 0.15037000 0.98120190 -0.47831350
v 0.03258100 0.53026340 -0.43123130
v 0.07970561 0.49491140 -0.45231330
v 0.14813970 0.96242180 -0.47195720
v 0.02728767 0.59995760 -0.41604830
v 0.06342612 0.74905820 -0.39900390
v 0.07959141 0.66509320 -0.40598640
v 0.09103546 0.64885600 -0.40780810
v 0.05514932 0.73246040 -0.39887760
v 0.13108230 0.83211240 -0.43513500
v 0.13357180 0.82758680 -0.44521830
v 0.13720690 1.16188800 -0.71432230
v 0.10878120 1.14326300 -0.71973970
v 0.20332920 0.69271760 -0.73605320
v 0.18745560 1.15849300 -0.56917990
v 0.16852570 0.74730310 -0.73450930
v 0.19005980 0.67527980 -0.74167360
v 0.20327010 0.67551730 -0.73240360
v 0.19565520 0.65286840 -0.59354940
v 0.19438200 0.85189860 -0.67630260
v 0.17641130 0.74187000 -0.56434700
v 0.19564060 0.71402770 -0.58215050
v 0.22016730 0.78523970 -0.71249460
v 0.23391740 0.59180960 -0.68104360
v 0.20134090 0.62636150 -0.61164540
v 0.24911730 0.65672000 -0.68802690
v 0.18225150 0.75714170 -0.57251380
v 0.19871290 0.78805170 -0.59012410
v 0.16856460 0.72838470 -0.47216100
f 26 27 142
f 29 105 28
f 142 27 28
f 142 25 26
f 38 39 129
f 164 134 163
f 135 164 23
f 126 35 36
f 44 45 116
f 191 21 22
f 36 37 125
f 19 238 239
f 210 211 255
f 40 120 39
f 30 2372 105
f 19 239 18
f 2372 113 106
f 105 29 30
f 111 104 154
f 353 18 239
f 34 35 122
f 589 91 586
f 81 82 83
f 585 587 112
f 288 192 286
f 75 103 199
f 294 269 17
f 93 94 204
f 10 533 229
f 277 11 12
f 587 145 112
f 15 267 14
f 49 169 736
f 87 118 2305
f 5 231 4
f 81 83 111
f 189 2 2405
f 1862 163 22
f 31 32 113
f 189 188 2
f 231 284 4
f 150 166 105
f 96 160 95
f 206 209 208
f 172 91 92
f 123 118 88
f 109 44 116
f 2305 108 86
f 111 154 114
f 84 104 83
f 79 80 114
f 117 174 113
f 584 127 588
f 75 76 103
f 91 172 586
f 235 161 190
f 155 120 40
f 125 37 38
f 582 128 153
f 118 123 124
f 43 44 109
f 124 123 127
f 121 109 128
f 123 89 127
f 45 46 110
f 58 220 219
f 110 100 116
f 46 139 110
f 177 178 99
f 151 33 34
f 585 78 583
f 47 101 46
f 117 33 151
f 196 50 51
f 33 117 32
f 242 55 300
f 119 155 41
f 42 121 119
f 221 218 220
f 122 175 151
f 53 194 240
f 110 116 45
f 240 2310 816
f 114 584 583
f 127 89 90
f 86 108 85
f 139 46 101
f 41 42 119
f 118 124 154
f 74 75 198
f 199 750 198
f 112 77 78
f 79 583 78
f 108 104 84
f 109 121 43
f 104 111 83
f 2305 86 87
f 118 87 88
f 81 111 80
f 117 113 32
f 123 88 89
f 108 84 85
f 114 583 79
f 119 121 128
f 126 122 35
f 588 586 587
f 66 67 230
f 121 42 43
f 114 154 124
f 30 31 2372
f 104 108 2305
f 118 154 2305
f 750 140 73
f 100 177 181
f 71 252 70
f 111 114 80
f 461 136 352
f 280 230 278
f 223 852 270
f 125 126 36
f 155 40 41
f 175 122 126
f 129 125 38
f 405 183 404
f 130 129 120
f 115 130 405
f 120 2306 130
f 115 212 2304
f 322 318 319
f 227 532 410
f 230 342 65
f 161 189 190
f 135 165 164
f 245 52 921
f 698 169 48
f 100 110 139
f 100 139 138
f 138 139 48
f 148 143 145
f 171 72 73
f 147 246 102
f 205 92 93
f 148 144 143
f 166 142 105
f 135 25 142
f 23 24 135
f 145 143 77
f 145 149 148
f 144 103 143
f 143 76 77
f 103 102 199
f 112 145 77
f 144 147 102
f 146 173 304
f 149 145 587
f 149 146 148
f 586 149 587
f 144 148 304
f 166 150 97
f 237 150 106
f 113 2372 31
f 460 2307 107
f 151 175 176
f 151 34 122
f 109 152 128
f 128 152 153
f 109 116 181
f 153 152 99
f 99 152 177
f 152 109 181
f 99 178 2309
f 589 127 90
f 2306 120 155
f 419 411 420
f 270 271 328
f 363 496 534
f 282 395 446
f 345 235 285
f 208 141 206
f 188 233 160
f 21 191 2303
f 164 163 1862
f 163 134 192
f 23 164 1862
f 166 165 135
f 346 165 97
f 134 164 165
f 165 166 97
f 142 166 135
f 350 238 351
f 416 415 411
f 261 215 216
f 215 261 2308
f 298 299 2373
f 301 433 2373
f 214 179 2309
f 2309 178 213
f 137 177 138
f 48 169 138
f 72 71 864
f 253 201 251
f 203 95 483
f 172 92 205
f 146 205 173
f 172 205 146
f 205 204 173
f 249 173 206
f 106 113 174
f 150 2372 106
f 151 174 117
f 176 254 174
f 175 210 176
f 311 310 210
f 169 137 138
f 178 177 137
f 256 261 216
f 178 137 213
f 2309 179 180
f 214 2309 213
f 49 213 137
f 185 2374 182
f 183 582 184
f 152 181 177
f 180 184 153
f 582 153 184
f 115 405 457
f 184 180 185
f 182 183 184
f 2308 261 314
f 184 185 182
f 314 2374 185
f 318 320 277
f 353 239 293
f 411 415 431
f 370 273 334
f 7 8 228
f 282 446 2377
f 435 591 434
f 533 11 277
f 278 67 68
f 281 342 230
f 308 307 302
f 342 281 374
f 133 233 235
f 483 95 160
f 1 2 2282
f 188 161 233
f 483 484 450
f 209 204 203
f 190 189 234
f 188 189 161
f 284 190 234
f 193 162 236
f 163 191 22
f 346 237 2379
f 238 20 351
f 293 239 350
f 265 57 218
f 197 51 52
f 921 2310 245
f 197 52 168
f 168 52 245
f 196 213 50
f 199 198 75
f 144 102 103
f 140 199 102
f 249 304 173
f 403 356 306
f 70 305 69
f 140 171 73
f 202 72 171
f 171 247 251
f 252 202 201
f 203 204 94
f 95 203 94
f 173 204 206
f 205 93 204
f 208 209 207
f 483 160 484
f 307 309 302
f 204 209 206
f 483 209 203
f 349 254 310
f 286 192 134
f 254 176 310
f 151 176 174
f 211 126 212
f 255 107 311
f 211 175 126
f 211 312 255
f 357 212 115
f 125 2304 126
f 312 211 212
f 50 213 49
f 214 213 196
f 214 196 215
f 215 197 168
f 297 259 258
f 258 259 257
f 216 215 168
f 217 168 245
f 217 194 258
f 257 464 256
f 168 217 2375
f 185 180 179
f 153 99 180
f 2309 180 99
f 100 138 177
f 116 100 181
f 185 179 2308
f 262 58 59
f 263 59 60
f 243 355 242
f 262 220 58
f 262 361 468
f 57 219 218
f 218 219 220
f 508 517 506
f 266 355 243
f 409 221 220
f 368 15 16
f 186 2311 267
f 271 955 62
f 273 62 63
f 329 272 328
f 224 333 61
f 263 361 262
f 592 226 6
f 592 6 225
f 7 225 6
f 226 337 283
f 282 231 232
f 6 226 274
f 228 8 187
f 187 8 227
f 187 276 228
f 228 225 7
f 229 9 1885
f 227 8 9
f 10 11 533
f 227 229 532
f 9 229 227
f 230 67 278
f 279 68 69
f 281 280 159
f 369 335 342
f 232 231 5
f 454 399 480
f 160 96 188
f 235 233 161
f 484 233 133
f 189 3 234
f 285 190 284
f 235 190 285
f 193 236 20
f 191 192 193
f 163 192 191
f 150 237 97
f 237 106 348
f 239 238 350
f 236 351 20
f 293 350 167
f 294 18 353
f 326 269 325
f 245 240 217
f 295 53 241
f 299 54 55
f 241 195 295
f 241 54 299
f 299 242 2373
f 57 265 56
f 221 244 266
f 196 51 197
f 240 245 2310
f 304 250 147
f 246 200 247
f 102 246 140
f 170 247 200
f 171 251 202
f 140 247 171
f 246 247 140
f 200 248 170
f 200 246 147
f 309 141 208
f 248 200 250
f 304 147 144
f 250 249 141
f 247 170 251
f 253 251 170
f 141 249 206
f 202 252 71
f 356 252 201
f 356 305 252
f 338 339 279
f 201 202 251
f 254 106 174
f 106 254 348
f 211 210 175
f 257 256 2375
f 2375 256 216
f 464 260 256
f 258 257 2375
f 464 257 359
f 297 258 194
f 260 98 314
f 179 214 2308
f 263 262 59
f 264 263 60
f 361 263 264
f 60 333 264
f 315 361 264
f 316 361 317
f 266 265 218
f 300 56 243
f 221 266 218
f 266 244 355
f 13 14 2311
f 319 186 323
f 368 267 15
f 268 222 16
f 268 17 269
f 16 222 368
f 222 268 269
f 271 270 955
f 223 270 328
f 273 271 62
f 330 332 377
f 329 328 271
f 329 331 272
f 334 63 64
f 64 65 335
f 369 336 370
f 275 226 283
f 226 275 274
f 5 275 232
f 337 226 592
f 276 434 228
f 227 410 187
f 499 187 410
f 410 470 499
f 568 131 2380
f 187 499 276
f 435 434 2318
f 277 531 533
f 279 278 68
f 305 279 69
f 338 279 305
f 339 280 278
f 371 340 159
f 230 65 66
f 335 65 342
f 373 281 159
f 281 373 374
f 283 282 232
f 283 343 282
f 231 282 2377
f 283 232 275
f 392 395 343
f 4 284 234
f 284 2377 285
f 446 344 399
f 134 165 346
f 346 97 237
f 134 346 286
f 288 347 287
f 347 286 2379
f 288 287 292
f 351 290 289
f 162 292 290
f 292 162 288
f 192 288 162
f 292 291 290
f 291 352 289
f 291 289 290
f 167 289 352
f 417 293 2313
f 269 294 325
f 194 53 295
f 298 296 195
f 354 474 512
f 297 194 295
f 298 433 296
f 299 298 195
f 242 299 55
f 265 243 56
f 242 300 243
f 425 354 296
f 309 208 303
f 450 485 453
f 208 207 303
f 250 141 248
f 250 304 249
f 252 305 70
f 201 253 306
f 308 403 306
f 307 306 253
f 306 307 308
f 302 309 303
f 447 302 303
f 403 308 481
f 248 309 307
f 309 248 141
f 170 248 307
f 310 176 210
f 311 107 578
f 310 311 563
f 255 311 210
f 512 259 354
f 256 260 261
f 2308 314 185
f 260 314 261
f 315 391 317
f 264 333 360
f 361 315 317
f 318 277 12
f 318 322 320
f 12 13 318
f 2311 318 13
f 267 2311 14
f 318 2311 319
f 366 545 323
f 502 321 364
f 321 320 322
f 364 321 322
f 321 157 365
f 323 322 319
f 324 323 186
f 186 267 367
f 2313 412 417
f 269 326 222
f 411 327 326
f 590 328 272
f 273 329 271
f 330 329 273
f 330 370 332
f 377 375 376
f 378 379 331
f 330 331 329
f 377 332 375
f 360 224 593
f 333 224 360
f 335 334 64
f 374 398 336
f 273 370 330
f 338 305 356
f 339 338 371
f 278 279 339
f 230 280 281
f 481 372 403
f 302 482 308
f 341 397 398
f 282 343 395
f 340 441 439
f 284 231 2377
f 401 2377 446
f 441 442 455
f 456 451 345
f 286 346 2379
f 402 348 349
f 348 254 349
f 563 349 310
f 289 167 350
f 290 351 236
f 350 351 289
f 519 520 575
f 414 352 136
f 414 167 352
f 353 293 417
f 294 353 325
f 195 297 295
f 297 296 354
f 242 355 2373
f 266 243 265
f 503 355 244
f 2373 355 301
f 306 356 201
f 338 356 403
f 400 449 447
f 481 442 372
f 357 312 212
f 98 260 462
f 255 312 406
f 466 464 465
f 465 359 530
f 259 359 257
f 360 388 315
f 264 360 315
f 316 409 468
f 384 385 382
f 388 391 315
f 323 364 322
f 366 430 545
f 368 367 267
f 327 368 222
f 367 324 186
f 367 327 419
f 368 327 367
f 326 327 222
f 424 418 2316
f 334 335 369
f 369 370 334
f 332 370 336
f 371 159 280
f 439 159 340
f 339 371 280
f 403 372 371
f 340 371 372
f 439 373 159
f 374 373 341
f 398 374 341
f 342 374 369
f 373 439 341
f 375 445 376
f 336 375 332
f 478 568 386
f 379 380 158
f 331 377 378
f 379 378 380
f 388 360 593
f 590 272 158
f 379 272 331
f 382 158 384
f 384 158 380
f 388 387 391
f 380 381 384
f 542 499 470
f 387 385 2314
f 394 393 438
f 593 158 382
f 378 383 2315
f 438 376 445
f 477 492 436
f 382 385 387
f 131 568 541
f 568 2380 386
f 437 386 383
f 2315 383 386
f 378 377 383
f 377 376 383
f 2380 2315 386
f 378 2315 380
f 2314 385 436
f 382 387 388
f 436 385 477
f 2314 391 387
f 317 391 390
f 2376 479 392
f 395 2312 344
f 2376 392 343
f 337 2376 283
f 394 445 396
f 393 437 438
f 2312 392 394
f 393 394 392
f 396 2312 394
f 344 2312 132
f 446 395 344
f 132 2312 396
f 398 396 445
f 396 398 397
f 443 444 132
f 447 303 448
f 345 285 401
f 2381 453 451
f 448 450 453
f 235 345 133
f 133 345 451
f 286 347 288
f 402 347 2379
f 348 2379 237
f 359 259 512
f 354 259 297
f 549 508 507
f 338 403 371
f 2306 405 130
f 358 407 457
f 182 404 183
f 183 405 2306
f 457 405 404
f 406 107 255
f 107 406 460
f 312 407 406
f 407 358 489
f 357 407 312
f 313 467 528
f 2374 490 488
f 464 359 465
f 363 534 156
f 363 156 316
f 537 409 156
f 468 409 220
f 156 409 316
f 321 365 320
f 320 365 531
f 531 277 320
f 470 410 469
f 323 324 366
f 167 414 2313
f 2313 414 413
f 412 2313 413
f 428 412 413
f 416 412 415
f 416 411 326
f 415 412 428
f 325 416 326
f 419 420 2382
f 411 419 327
f 367 419 324
f 420 424 421
f 427 426 431
f 433 301 504
f 476 2320 518
f 432 429 426
f 546 418 509
f 421 430 366
f 425 422 474
f 431 415 427
f 476 413 414
f 415 428 427
f 555 557 516
f 430 421 2316
f 548 473 430
f 565 538 566
f 355 503 301
f 507 506 505
f 513 474 517
f 518 413 476
f 426 418 424
f 510 554 509
f 431 426 424
f 558 432 423
f 429 418 426
f 433 425 296
f 425 433 511
f 374 336 369
f 375 336 398
f 479 478 437
f 479 437 393
f 2318 434 276
f 568 435 541
f 478 435 568
f 436 492 493
f 2314 436 389
f 438 437 383
f 376 438 383
f 394 438 445
f 443 439 441
f 442 441 340
f 456 399 454
f 340 372 442
f 441 440 443
f 308 482 481
f 455 442 486
f 443 440 444
f 440 452 454
f 132 397 443
f 341 443 397
f 454 444 440
f 132 444 480
f 398 445 375
f 401 446 399
f 448 303 207
f 400 486 449
f 448 207 450
f 400 447 448
f 447 449 482
f 450 207 483
f 450 484 485
f 452 2381 456
f 133 451 485
f 456 454 452
f 453 400 448
f 455 452 440
f 2381 452 486
f 485 451 453
f 400 453 2381
f 454 480 444
f 441 455 440
f 486 442 449
f 345 401 456
f 457 357 115
f 357 457 407
f 488 457 404
f 182 488 404
f 523 458 313
f 526 291 487
f 573 461 526
f 459 579 2307
f 581 576 577
f 291 461 352
f 98 408 490
f 462 260 464
f 408 98 462
f 408 463 490
f 457 488 358
f 458 489 313
f 408 466 467
f 462 464 466
f 466 465 529
f 462 466 408
f 408 467 463
f 262 468 220
f 316 468 361
f 469 365 2319
f 472 470 2319
f 531 365 469
f 469 2319 470
f 276 499 2318
f 477 131 498
f 472 542 470
f 471 492 498
f 544 493 494
f 472 471 542
f 501 430 473
f 502 545 501
f 156 534 536
f 474 422 517
f 524 528 525
f 425 474 354
f 461 573 559
f 136 476 414
f 559 2320 476
f 131 477 381
f 437 478 386
f 392 479 393
f 478 591 435
f 443 341 439
f 399 344 480
f 132 480 344
f 449 442 481
f 447 482 302
f 481 482 449
f 209 483 207
f 233 484 160
f 484 133 485
f 2381 486 400
f 455 486 452
f 2374 488 182
f 490 2374 98
f 292 487 291
f 347 402 562
f 287 487 292
f 576 526 487
f 358 488 490
f 467 313 463
f 523 528 524
f 406 407 489
f 463 489 358
f 490 463 358
f 529 465 491
f 530 512 513
f 557 525 529
f 469 532 531
f 531 532 533
f 498 492 477
f 492 471 494
f 472 495 494
f 493 492 494
f 472 494 471
f 495 157 543
f 493 362 389
f 497 389 362
f 389 436 493
f 362 564 496
f 389 497 390
f 496 363 497
f 363 390 497
f 542 498 541
f 541 2318 542
f 501 545 430
f 502 501 500
f 569 538 565
f 544 494 495
f 500 543 502
f 321 502 157
f 364 323 545
f 503 567 504
f 244 221 2383
f 505 504 567
f 433 504 511
f 503 504 301
f 507 508 506
f 422 425 511
f 505 506 511
f 549 510 508
f 549 507 550
f 418 429 509
f 515 594 522
f 522 429 558
f 511 504 505
f 511 506 422
f 359 512 530
f 513 512 474
f 514 513 475
f 513 516 530
f 514 515 571
f 555 516 514
f 594 510 522
f 491 530 516
f 514 516 513
f 513 517 475
f 506 517 422
f 517 508 475
f 2317 427 518
f 574 573 580
f 427 428 518
f 413 518 428
f 520 2317 2320
f 518 2320 2317
f 570 556 572
f 520 423 2317
f 520 519 423
f 519 521 423
f 429 432 558
f 571 555 514
f 521 558 423
f 558 515 522
f 556 521 519
f 521 571 558
f 559 574 2320
f 523 459 460
f 524 560 561
f 458 523 460
f 313 528 523
f 570 557 555
f 525 570 560
f 291 526 461
f 581 526 576
f 402 349 527
f 578 577 527
f 529 528 467
f 525 528 529
f 529 467 466
f 529 491 557
f 465 530 491
f 410 532 469
f 229 533 532
f 535 496 564
f 534 496 535
f 552 553 547
f 540 507 505
f 535 551 534
f 362 493 539
f 535 564 565
f 552 547 554
f 2321 536 551
f 534 551 536
f 409 537 221
f 536 2321 537
f 156 536 537
f 2321 2383 537
f 501 538 500
f 473 538 501
f 566 553 565
f 540 505 567
f 544 539 493
f 566 538 473
f 541 498 131
f 471 498 542
f 502 543 157
f 569 543 500
f 500 538 569
f 364 545 502
f 547 566 473
f 418 546 548
f 547 548 546
f 550 507 540
f 510 549 554
f 549 550 552
f 553 551 535
f 565 553 535
f 551 552 550
f 547 553 566
f 552 551 553
f 546 554 547
f 552 554 549
f 546 509 554
f 509 429 522
f 509 522 510
f 555 571 556
f 570 572 560
f 521 556 571
f 556 519 572
f 516 557 491
f 515 558 571
f 561 560 572
f 524 525 560
f 575 561 572
f 523 524 459
f 562 287 347
f 487 562 576
f 287 562 487
f 527 562 402
f 577 562 527
f 577 579 581
f 362 496 497
f 539 564 362
f 539 565 564
f 565 539 569
f 244 567 503
f 2383 567 244
f 537 2383 221
f 2321 540 2383
f 550 540 2321
f 2318 541 435
f 544 495 543
f 544 569 539
f 543 569 544
f 548 547 473
f 557 570 525
f 556 570 555
f 519 575 572
f 581 580 573
f 580 575 574
f 520 574 575
f 559 573 574
f 559 136 461
f 476 136 559
f 580 561 575
f 577 576 562
f 527 563 578
f 578 563 311
f 580 579 459
f 526 581 573
f 577 578 579
f 561 580 459
f 580 581 579
f 582 2306 119
f 585 112 78
f 124 584 114
f 127 584 124
f 583 584 585
f 149 586 172
f 588 587 585
f 584 588 585
f 589 588 127
f 91 589 90
f 588 589 586
f 593 590 158
f 328 590 223
f 225 434 591
f 592 591 2378
f 434 225 228
f 388 593 382
f 594 475 508
f 514 475 515
f 475 594 515
f 510 594 508
f 688 632 631
f 722 623 622
f 49 812 50
f 625 727 728
f 682 689 687
f 1109 669 699
f 240 816 53
f 786 785 772
f 638 2384 101
f 722 683 623
f 637 636 671
f 60 59 2325
f 686 628 2385
f 682 631 630
f 687 677 682
f 684 2385 627
f 736 169 698
f 674 649 648
f 2389 888 57
f 727 624 683
f 2325 59 887
f 59 58 887
f 56 2389 57
f 724 664 787
f 637 2384 638
f 874 878 731
f 744 641 640
f 61 850 852
f 726 727 683
f 62 955 849
f 685 671 636
f 673 667 699
f 676 663 645
f 68 67 855
f 672 700 673
f 1097 738 739
f 667 702 705
f 714 620 619
f 803 909 910
f 644 669 676
f 639 74 661
f 751 749 750
f 674 668 729
f 74 198 661
f 704 654 703
f 639 661 711
f 671 685 660
f 683 752 726
f 730 762 2385
f 642 673 643
f 629 686 689
f 681 680 633
f 668 647 663
f 674 647 668
f 645 663 646
f 644 676 645
f 795 688 677
f 676 729 668
f 730 2385 684
f 708 662 709
f 699 669 643
f 626 625 728
f 1109 1108 675
f 686 629 628
f 684 627 626
f 682 688 631
f 681 688 795
f 624 727 625
f 621 679 723
f 624 623 683
f 607 885 608
f 621 723 622
f 682 677 688
f 716 679 714
f 762 760 687
f 714 618 617
f 715 714 617
f 681 632 688
f 628 627 2385
f 714 619 618
f 682 630 689
f 757 835 795
f 729 676 669
f 723 679 716
f 677 760 757
f 674 729 675
f 620 679 621
f 728 684 626
f 701 702 700
f 658 809 659
f 673 642 672
f 47 638 101
f 733 891 954
f 806 808 805
f 637 671 2384
f 811 809 2283
f 707 655 704
f 632 681 633
f 660 697 671
f 672 642 641
f 674 675 650
f 652 1108 705
f 674 650 649
f 648 647 674
f 714 679 620
f 675 651 650
f 687 689 686
f 705 702 653
f 1091 1041 989
f 676 668 663
f 717 725 724
f 943 873 872
f 633 680 634
f 805 597 596
f 1108 651 675
f 878 925 930
f 744 745 708
f 598 960 952
f 960 987 800
f 644 643 669
f 891 845 847
f 685 636 635
f 665 837 743
f 629 689 630
f 635 634 680
f 911 804 909
f 737 657 656
f 72 815 73
f 1109 699 667
f 817 2386 1048
f 773 1105 774
f 660 693 698
f 697 660 698
f 698 693 736
f 139 101 48
f 2384 671 697
f 48 697 698
f 729 669 1109
f 667 705 1109
f 700 666 701
f 667 700 702
f 673 700 667
f 666 700 672
f 709 706 701
f 704 655 654
f 701 666 709
f 703 702 701
f 653 702 703
f 703 701 704
f 653 703 654
f 706 704 701
f 704 706 707
f 652 705 653
f 706 709 662
f 656 655 707
f 748 858 747
f 707 706 713
f 745 744 640
f 662 713 706
f 712 813 710
f 863 859 861
f 744 666 672
f 709 666 708
f 711 640 639
f 749 711 661
f 708 747 662
f 198 750 661
f 751 750 73
f 694 746 749
f 1092 735 1093
f 858 713 662
f 738 713 712
f 715 617 616
f 716 714 715
f 615 715 616
f 720 725 717
f 719 723 718
f 752 670 726
f 719 718 717
f 720 718 753
f 719 717 670
f 717 724 670
f 787 781 724
f 721 715 615
f 755 740 754
f 723 722 622
f 722 719 752
f 723 716 718
f 722 723 719
f 696 725 720
f 664 724 725
f 718 720 717
f 754 696 720
f 727 726 678
f 728 727 678
f 675 729 1109
f 681 834 680
f 680 834 665
f 684 728 869
f 840 605 838
f 1011 1010 973
f 55 890 300
f 601 847 602
f 854 805 808
f 1068 989 1090
f 804 64 63
f 1068 1065 1066
f 857 793 833
f 736 693 867
f 712 739 738
f 809 658 2285
f 738 707 713
f 739 712 710
f 707 738 737
f 739 710 997
f 739 997 1094
f 202 71 72
f 70 865 71
f 922 816 2310
f 695 968 923
f 610 609 819
f 880 886 606
f 753 716 715
f 743 742 660
f 693 660 742
f 743 660 685
f 867 693 823
f 665 743 2322
f 742 743 826
f 666 744 708
f 641 744 672
f 745 640 711
f 746 745 711
f 708 745 747
f 749 746 711
f 747 746 748
f 745 746 747
f 748 746 694
f 859 813 748
f 748 813 858
f 749 751 694
f 859 748 694
f 661 750 749
f 815 751 73
f 820 751 815
f 722 752 683
f 670 752 719
f 716 753 718
f 721 753 715
f 615 614 755
f 755 721 615
f 755 754 721
f 613 755 614
f 1047 740 817
f 696 754 740
f 728 678 869
f 757 795 677
f 756 761 760
f 766 759 761
f 759 757 761
f 765 768 758
f 836 757 759
f 769 770 772
f 776 758 769
f 759 765 758
f 769 758 768
f 776 836 758
f 677 687 760
f 762 687 686
f 760 761 757
f 763 821 756
f 756 760 762
f 730 763 762
f 756 762 763
f 822 764 767
f 767 766 822
f 783 765 766
f 759 766 765
f 783 766 767
f 774 768 783
f 774 1105 771
f 770 769 768
f 771 784 770
f 776 775 777
f 771 768 774
f 770 784 779
f 782 767 764
f 771 1107 784
f 770 768 771
f 785 769 772
f 825 775 790
f 777 825 824
f 785 790 775
f 777 775 825
f 782 773 767
f 773 774 783
f 775 776 769
f 793 857 790
f 824 825 823
f 776 777 871
f 837 665 796
f 779 792 786
f 779 2387 830
f 764 822 916
f 787 788 781
f 782 866 780
f 670 724 791
f 764 916 866
f 724 781 791
f 773 783 767
f 779 784 2387
f 785 775 769
f 1004 725 696
f 791 781 789
f 772 779 786
f 794 790 785
f 829 792 870
f 785 786 794
f 790 794 793
f 867 823 857
f 1049 2388 664
f 730 868 763
f 791 726 670
f 790 857 825
f 917 789 781
f 726 791 678
f 786 2324 794
f 792 830 870
f 830 831 870
f 52 51 832
f 794 2324 828
f 833 51 50
f 871 835 836
f 796 665 834
f 778 837 796
f 835 796 834
f 796 871 778
f 841 840 797
f 901 733 976
f 1111 877 884
f 932 887 888
f 941 829 870
f 901 845 891
f 848 847 903
f 270 983 955
f 61 333 850
f 962 800 987
f 990 803 910
f 856 802 855
f 805 807 806
f 807 2283 806
f 801 988 1066
f 853 854 801
f 807 805 596
f 596 1284 807
f 811 807 1284
f 810 2285 658
f 2283 809 735
f 1094 1097 739
f 809 2285 735
f 1071 2283 735
f 811 2283 807
f 1284 595 2284
f 811 1284 2284
f 657 810 658
f 809 811 659
f 857 833 812
f 736 812 49
f 707 737 656
f 737 1097 810
f 657 737 810
f 712 858 813
f 710 813 863
f 863 860 996
f 815 72 864
f 865 908 991
f 861 859 820
f 817 740 613
f 755 613 740
f 1489 612 2386
f 1003 1047 1048
f 819 966 1002
f 914 1002 966
f 912 609 608
f 915 819 1002
f 763 868 920
f 822 756 821
f 822 821 916
f 778 777 824
f 826 778 824
f 824 742 826
f 824 823 742
f 823 825 857
f 868 869 827
f 917 827 789
f 921 832 828
f 922 828 2324
f 792 829 2324
f 779 830 792
f 830 695 831
f 832 51 833
f 833 793 832
f 828 832 793
f 794 828 793
f 52 832 921
f 795 834 681
f 795 835 834
f 757 836 835
f 836 759 758
f 777 778 871
f 837 778 826
f 743 837 826
f 797 840 838
f 872 605 1443
f 1110 885 886
f 873 874 838
f 872 838 605
f 876 841 797
f 877 876 924
f 839 841 876
f 892 604 846
f 872 873 838
f 888 58 219
f 889 56 300
f 889 974 971
f 241 940 54
f 603 844 900
f 602 845 844
f 604 892 893
f 900 844 845
f 604 603 846
f 903 601 600
f 905 600 599
f 891 847 848
f 847 845 602
f 903 847 601
f 848 903 953
f 983 956 955
f 1130 849 1131
f 851 852 850
f 906 907 850
f 1112 984 851
f 852 851 983
f 853 801 987
f 854 853 597
f 855 802 2286
f 856 67 66
f 860 993 995
f 65 64 911
f 856 66 803
f 803 66 911
f 66 65 911
f 804 63 1130
f 812 833 50
f 857 812 867
f 713 858 712
f 747 858 662
f 820 859 694
f 861 862 992
f 862 864 865
f 862 861 820
f 863 861 860
f 815 862 820
f 862 865 992
f 860 995 996
f 859 863 813
f 997 710 996
f 1095 1094 814
f 865 864 71
f 815 864 862
f 908 70 69
f 992 865 991
f 915 612 611
f 2386 612 818
f 912 819 609
f 915 610 819
f 885 912 608
f 912 1114 966
f 818 612 915
f 917 918 920
f 780 2323 1132
f 764 866 782
f 780 866 2323
f 919 2323 866
f 736 867 812
f 742 823 693
f 869 868 730
f 868 827 920
f 869 730 684
f 827 678 789
f 869 678 827
f 835 871 796
f 776 871 836
f 943 894 873
f 894 943 896
f 874 873 875
f 838 874 797
f 874 731 924
f 875 873 894
f 924 731 877
f 797 874 924
f 874 875 878
f 884 970 1055
f 883 881 882
f 924 876 797
f 882 876 877
f 926 945 929
f 879 875 894
f 877 731 884
f 878 875 879
f 970 878 930
f 895 899 894
f 925 879 926
f 899 879 894
f 881 880 839
f 885 607 886
f 839 880 841
f 882 881 839
f 1110 881 883
f 882 839 876
f 883 1111 2329
f 1111 883 882
f 1161 1159 1172
f 884 1055 1111
f 607 606 886
f 881 886 880
f 888 887 58
f 798 887 932
f 2325 887 798
f 889 2389 56
f 890 889 300
f 937 55 54
f 241 53 940
f 937 54 843
f 829 816 922
f 843 54 940
f 891 733 901
f 897 900 901
f 929 925 926
f 895 894 896
f 896 892 846
f 893 943 872
f 893 892 943
f 976 978 944
f 898 897 944
f 895 897 898
f 897 896 846
f 895 896 897
f 846 900 897
f 898 978 979
f 898 951 895
f 951 899 895
f 603 900 846
f 901 900 845
f 901 976 944
f 1057 933 1056
f 951 898 979
f 926 946 945
f 946 902 945
f 905 903 600
f 599 952 905
f 952 800 904
f 598 952 599
f 905 953 903
f 953 905 904
f 982 906 2325
f 972 973 1010
f 1112 907 1014
f 986 957 958
f 956 957 959
f 987 961 853
f 801 962 987
f 805 854 597
f 988 854 808
f 1000 856 990
f 855 67 856
f 964 2286 802
f 865 70 908
f 855 2286 69
f 908 69 2286
f 996 710 863
f 911 909 803
f 999 990 910
f 804 911 64
f 959 1040 1131
f 912 913 1114
f 885 913 912
f 912 966 819
f 1046 967 1080
f 967 741 818
f 611 610 915
f 918 916 821
f 866 916 919
f 781 788 917
f 916 918 919
f 920 918 821
f 918 917 919
f 920 821 763
f 922 921 828
f 829 922 2324
f 941 816 829
f 968 695 1005
f 878 879 925
f 899 926 879
f 929 930 925
f 929 945 948
f 929 927 930
f 878 970 731
f 928 970 930
f 798 932 931
f 935 931 1006
f 935 934 931
f 2389 932 888
f 931 932 1006
f 1006 2389 971
f 935 1006 936
f 1119 1127 1118
f 935 933 1123
f 933 935 936
f 933 1057 1123
f 798 972 982
f 798 931 934
f 973 934 1122
f 1007 974 1008
f 938 937 799
f 938 799 939
f 937 938 890
f 1018 939 799
f 890 55 937
f 816 940 53
f 1051 941 831
f 891 848 954
f 892 896 943
f 898 944 978
f 901 944 897
f 949 945 902
f 899 946 926
f 979 902 946
f 1024 902 981
f 929 948 927
f 980 981 979
f 950 945 949
f 948 945 1023
f 947 950 949
f 1023 945 950
f 979 946 951
f 946 899 951
f 800 952 960
f 905 952 904
f 1062 986 1059
f 1026 953 904
f 954 848 1028
f 733 942 976
f 953 1028 848
f 906 982 842
f 907 906 842
f 906 850 333
f 1112 850 907
f 1112 851 850
f 956 851 984
f 955 959 849
f 959 955 956
f 956 984 957
f 959 957 1040
f 957 984 958
f 1031 1100 1038
f 1040 957 986
f 961 960 598
f 960 961 987
f 963 802 1000
f 1000 802 856
f 965 963 1000
f 802 963 964
f 1042 994 995
f 1040 734 1085
f 967 1002 914
f 914 1081 1080
f 741 967 1046
f 695 923 831
f 843 799 937
f 1018 799 969
f 927 690 1053
f 928 930 927
f 1126 1053 690
f 970 928 1055
f 731 970 884
f 57 888 219
f 936 1006 971
f 973 972 934
f 1011 973 1128
f 889 971 2389
f 1007 971 974
f 890 974 889
f 938 974 890
f 1008 938 939
f 1008 1115 732
f 976 942 977
f 1060 733 954
f 1059 985 1017
f 980 977 1016
f 977 978 976
f 1116 950 1009
f 927 948 690
f 1127 948 1023
f 947 949 1024
f 979 978 980
f 978 977 980
f 1058 980 1016
f 902 979 981
f 800 1025 904
f 1027 1026 1030
f 1031 1029 1100
f 982 2325 798
f 982 972 842
f 852 983 270
f 983 851 956
f 1015 984 1112
f 962 801 1066
f 989 988 808
f 854 988 801
f 808 1091 989
f 1095 1096 692
f 1063 1065 691
f 803 990 856
f 2286 991 908
f 993 992 991
f 992 993 860
f 1044 1042 1043
f 1074 1075 1073
f 1042 993 991
f 2287 814 997
f 861 992 860
f 2287 997 996
f 995 994 2287
f 994 1074 1076
f 1072 1041 692
f 1087 1084 1086
f 1001 999 1045
f 1001 1000 990
f 1069 691 1065
f 915 1002 818
f 1004 1003 1050
f 1003 1004 696
f 696 740 1047
f 1004 1050 1049
f 725 1004 664
f 1102 2326 1133
f 2386 741 1048
f 1002 967 818
f 1147 968 1005
f 1022 923 968
f 831 923 969
f 940 1051 843
f 799 843 969
f 1051 969 843
f 1129 1127 1119
f 1106 1140 1147
f 1007 936 971
f 974 938 1008
f 1115 1008 939
f 732 1007 1008
f 1123 934 935
f 950 1116 1023
f 1061 1128 947
f 1012 1014 907
f 1011 1128 1061
f 1012 1010 1011
f 907 842 1012
f 972 1010 842
f 1012 842 1010
f 1014 1012 2327
f 1011 1061 2327
f 2327 1083 1013
f 1013 985 1015
f 1015 1014 1013
f 1015 985 1059
f 1015 958 984
f 1016 977 1070
f 1070 977 942
f 1017 1016 1070
f 1017 985 1058
f 1115 939 975
f 1018 969 923
f 975 939 1018
f 1150 1022 1143
f 1142 1149 1143
f 1115 1021 1121
f 1020 1018 923
f 975 1019 1021
f 1019 975 1020
f 1020 975 1018
f 1151 1153 1125
f 923 1022 1020
f 690 948 1127
f 1061 1024 1083
f 1014 2327 1013
f 902 1024 949
f 1024 981 1083
f 800 962 1025
f 1026 904 1025
f 1028 1026 1027
f 1026 1025 1032
f 1027 1030 1035
f 1031 1027 1035
f 1028 1027 1039
f 1026 1028 953
f 1045 1063 691
f 1045 1037 1063
f 1035 1029 1031
f 734 986 1062
f 1030 1026 1032
f 1064 1032 1025
f 1036 1030 1032
f 1029 1035 1033
f 1034 1036 1037
f 999 910 1087
f 1033 1035 1034
f 1035 1030 1034
f 1037 1036 1063
f 1100 1070 1038
f 1027 1031 1039
f 1038 1039 1031
f 986 734 1040
f 1033 734 1062
f 1059 986 958
f 1071 1091 806
f 1064 1025 962
f 1043 991 2286
f 1044 1043 964
f 991 1043 1042
f 1000 1001 965
f 999 1001 990
f 1080 967 914
f 1050 1046 1082
f 1048 1047 817
f 1047 1003 696
f 817 1427 2386
f 1046 1048 741
f 787 664 2388
f 1004 1049 664
f 1102 1050 1082
f 1050 1003 1046
f 1048 1046 1003
f 816 941 940
f 969 1051 831
f 690 1127 1129
f 928 1053 1054
f 1126 1052 1053
f 1053 1052 1054
f 1166 1055 1168
f 927 1053 928
f 928 1054 1055
f 1007 732 1056
f 936 1056 933
f 1118 1116 1117
f 1057 1056 1120
f 1057 1117 1123
f 950 947 1009
f 981 980 1058
f 985 1013 1058
f 1017 1058 1016
f 1015 1059 958
f 1060 942 733
f 1039 1060 954
f 1028 1039 954
f 1024 1061 947
f 1011 2327 1012
f 2327 1061 1083
f 1100 1062 1059
f 1062 1100 1029
f 1063 1064 1065
f 1032 1064 1036
f 1066 1064 962
f 988 1068 1066
f 1069 1065 1068
f 1064 1066 1065
f 1041 1072 1090
f 989 1068 988
f 1067 1069 1068
f 994 1042 1074
f 1077 1069 1067
f 1069 1077 691
f 1017 1070 1100
f 942 1038 1070
f 1071 735 1092
f 1090 1067 1068
f 993 1042 995
f 963 1044 964
f 1042 1044 1074
f 1075 1074 1044
f 1067 1079 1073
f 1075 1044 963
f 1074 1073 1076
f 963 965 1075
f 1001 1045 691
f 1076 1073 1079
f 994 1076 2287
f 1078 1075 965
f 1001 1078 965
f 1079 1072 998
f 1077 1078 691
f 1001 691 1078
f 1046 1080 1082
f 1102 1099 2388
f 2326 1082 1080
f 741 2386 818
f 981 1058 1083
f 1083 1058 1013
f 1017 1100 1059
f 1029 1033 1062
f 1033 1089 734
f 1089 1085 734
f 1085 1086 1084
f 909 1088 910
f 1086 1085 1089
f 1085 1084 1131
f 1045 999 1087
f 1087 910 1088
f 1087 1086 1037
f 1088 909 804
f 1087 1088 1084
f 1034 1089 1033
f 1041 1090 989
f 1079 1090 1072
f 1067 1090 1079
f 806 1091 808
f 692 1091 1071
f 1093 735 2285
f 1096 1095 814
f 1097 1094 1093
f 1093 1094 1095
f 814 1094 997
f 1097 1093 810
f 692 1092 1095
f 1095 1092 1093
f 1096 998 1072
f 738 1097 737
f 1091 692 1041
f 1092 692 1071
f 1096 1072 692
f 1105 773 2390
f 788 1099 2323
f 1133 2328 1132
f 1089 1034 1086
f 1037 1086 1034
f 1087 1037 1045
f 1133 2326 2328
f 1049 1050 1102
f 1099 1102 1133
f 1107 1005 784
f 1104 782 780
f 773 782 1104
f 1156 1146 1103
f 1081 1170 1101
f 1104 780 1103
f 773 1104 2390
f 1134 1156 1103
f 1105 1107 771
f 1107 1105 1106
f 1140 1106 1141
f 1147 1005 1107
f 1147 1107 1106
f 651 1108 652
f 705 1108 1109
f 820 694 751
f 885 1110 913
f 881 1110 886
f 877 1111 882
f 1166 1111 1055
f 1112 1014 1015
f 1164 1170 1171
f 1114 1113 914
f 914 1113 1081
f 883 1162 1110
f 1160 1161 1162
f 1114 913 1172
f 920 827 917
f 1021 1115 975
f 1116 1009 1117
f 1116 1127 1023
f 1122 1117 1009
f 1117 1057 1118
f 1127 1116 1118
f 1118 1120 1119
f 1120 732 1121
f 1128 1009 947
f 1123 1122 934
f 1117 1122 1123
f 1115 1121 732
f 1152 1125 1021
f 1021 1125 1121
f 1153 1124 1125
f 1120 1121 1124
f 1129 1126 690
f 1153 1126 1124
f 1057 1120 1118
f 1124 1119 1120
f 1122 1128 973
f 1009 1128 1122
f 1124 1129 1119
f 1126 1129 1124
f 1131 1088 1130
f 849 959 1131
f 1130 1088 804
f 1084 1088 1131
f 62 849 63
f 1131 1040 1085
f 1101 1098 2328
f 1099 1133 1132
f 1134 2328 1098
f 1103 780 1132
f 1132 2328 1134
f 1159 1171 1172
f 1153 1154 1155
f 1132 1134 1103
f 1138 1136 1164
f 1081 1101 2326
f 1101 1170 1136
f 1152 1151 1125
f 1101 1136 1098
f 1164 1136 1170
f 1139 1156 1098
f 1163 1138 1164
f 1139 1138 1137
f 1135 1144 1137
f 1139 1137 1144
f 1142 1144 1135
f 1147 1140 1143
f 1140 1142 1143
f 1104 1103 1146
f 1141 1146 1145
f 1106 2390 1141
f 1143 1149 1150
f 1145 1144 1142
f 1156 1144 1145
f 2390 1104 1146
f 1145 1146 1156
f 2390 1146 1141
f 1143 1022 1147
f 968 1147 1022
f 1152 1019 1150
f 1148 1142 1135
f 1142 1148 1149
f 1135 1158 1154
f 1151 1149 1148
f 1150 1019 1020
f 1137 1167 1158
f 1052 1157 1168
f 1151 1152 1149
f 1019 1152 1021
f 1022 1150 1020
f 1152 1150 1149
f 1154 1153 1151
f 1154 1151 1148
f 1135 1154 1148
f 1144 1156 1139
f 1157 1052 1155
f 1158 1157 1155
f 1138 1163 1167
f 1155 1154 1158
f 1137 1158 1135
f 1167 1157 1158
f 1161 1172 913
f 1162 2329 1160
f 1163 1159 1160
f 1162 1161 913
f 1159 1161 1160
f 1110 1162 913
f 1165 1160 2329
f 1163 1165 1169
f 1159 1163 1164
f 2329 1166 1165
f 1163 1169 1167
f 1166 1168 1169
f 1111 1166 2329
f 1168 1055 1054
f 1166 1169 1165
f 1138 1167 1137
f 1052 1168 1054
f 1157 1169 1168
f 1167 1169 1157
f 1113 1170 1081
f 1171 1170 1113
f 1172 1171 1113
f 1171 1159 1164
f 1114 1172 1113
f 1145 1140 1141
f 1142 1140 1145
f 616 617 618
f 1311 1234 1272
f 1269 1219 1220
f 616 618 619
f 619 1276 616
f 1345 616 1276
f 1276 619 1173
f 1271 1269 1263
f 1271 1218 1219
f 1348 1312 1350
f 1236 1258 2292
f 647 648 1244
f 1353 1179 1180
f 2331 1258 1266
f 1488 611 612
f 1269 1240 2288
f 2330 1310 1234
f 1267 1261 1250
f 2338 1186 1187
f 1286 1253 1259
f 1247 1224 1225
f 607 608 1433
f 613 614 1486
f 1274 1275 1336
f 1239 1238 1251
f 1507 1357 1394
f 1310 2288 1255
f 1243 647 1244
f 1217 1285 1216
f 872 1443 1445
f 1234 1311 2330
f 1736 1515 1510
f 1237 1261 1260
f 1446 841 880
f 1255 2288 1259
f 1235 1231 1232
f 1397 601 602
f 1323 596 597
f 598 1366 961
f 1325 1297 1378
f 601 1397 1398
f 1334 1306 1213
f 2292 1228 1229
f 1247 1253 1246
f 1226 1227 1242
f 1327 1295 1328
f 1247 1246 1224
f 1339 1343 1340
f 1326 596 1323
f 1232 2291 2290
f 1293 1332 1233
f 1245 1243 1238
f 1226 1242 1254
f 1223 1224 1246
f 1239 1246 1253
f 2292 1258 1241
f 1229 1230 2289
f 1230 1231 1249
f 1240 1248 1286
f 1202 1920 1438
f 1188 1362 1361
f 1241 2331 1267
f 1188 1189 1362
f 1262 1264 1305
f 1265 1261 1267
f 1342 1479 1341
f 1282 1283 1191
f 1395 1204 1205
f 1249 1257 2289
f 1255 1256 1237
f 1245 1248 1221
f 1258 2331 1241
f 1437 1392 1436
f 1437 1498 1392
f 1242 1250 1261
f 1192 1282 1191
f 1238 1244 1251
f 1237 1242 1261
f 1246 1251 1223
f 1247 1256 1253
f 1503 1549 1201
f 1259 1256 1255
f 1550 1201 1549
f 1244 1222 1251
f 1495 1199 1200
f 1236 2292 2289
f 1198 1199 1496
f 1260 1234 1310
f 1260 1255 1237
f 1218 1271 1217
f 1272 1260 1261
f 1263 2330 1309
f 1242 1227 1250
f 1221 1248 1220
f 1238 1243 1244
f 1256 1247 1254
f 1260 1310 1255
f 1287 1257 1249
f 648 1222 1244
f 1237 1256 1254
f 1243 1252 663
f 663 1252 646
f 2289 1257 1236
f 1245 1252 1243
f 1228 1250 1227
f 1243 663 647
f 1221 646 1252
f 1268 1258 1236
f 1415 1209 1210
f 1251 1246 1239
f 1221 1252 1245
f 1381 1382 1343
f 1241 1250 1228
f 1272 1234 1260
f 1222 1223 1251
f 1225 1226 1254
f 1300 1333 1214
f 1212 1306 1308
f 1286 1245 1238
f 1286 1239 1253
f 1308 1306 1307
f 1241 1228 2292
f 1242 1237 1254
f 1256 1259 1253
f 1286 1259 1240
f 2288 1240 1259
f 1272 1261 1265
f 1274 1265 1273
f 1258 1268 1266
f 1265 2331 1273
f 1262 1304 1264
f 1273 2331 1266
f 1241 1267 1250
f 1257 1291 1236
f 1266 1268 1264
f 1271 1263 1309
f 1309 1217 1271
f 1248 1240 1220
f 1270 1273 1304
f 1269 1271 1219
f 1274 1272 1265
f 1311 1272 1336
f 1274 1273 1270
f 1264 1304 1266
f 1275 1274 1270
f 1274 1336 1272
f 1301 1303 1299
f 1270 1301 1299
f 1275 2391 1336
f 1175 1176 1350
f 614 615 1344
f 1277 1276 1173
f 1173 1174 1277
f 1312 1174 1175
f 1177 1349 1350
f 1312 1277 1174
f 1277 1312 1314
f 1183 1184 1360
f 1199 1495 1496
f 1445 893 872
f 1282 1281 1283
f 1282 1193 1281
f 1283 1281 1406
f 1190 1191 1283
f 600 601 1398
f 1484 1614 2393
f 1233 1330 1293
f 1288 1294 1292
f 1217 1309 1285
f 1215 1216 1285
f 1239 1286 1238
f 1235 1287 1231
f 1288 1287 1235
f 2291 1377 2290
f 1268 1289 1264
f 1293 1330 1290
f 1236 1291 1289
f 1288 1292 1287
f 1290 1291 1257
f 1331 1291 1290
f 1290 1292 1293
f 1296 1332 1293
f 1296 1292 1294
f 1292 1296 1293
f 1288 2293 1295
f 1288 1295 1294
f 1328 1295 2293
f 1327 1323 1368
f 1297 1296 1294
f 1378 1295 1327
f 1297 1325 2333
f 1297 1332 1296
f 1303 1301 1302
f 1275 1270 1299
f 1300 2391 1298
f 1298 2391 1275
f 1299 1298 1275
f 1214 1894 1335
f 1301 1304 1262
f 1302 1301 1262
f 1303 1302 1307
f 1299 1303 1298
f 1306 1334 1303
f 1333 1334 1213
f 1270 1304 1301
f 1304 1273 1266
f 1478 1479 1480
f 1308 1343 1382
f 1306 1303 1307
f 1213 1306 1212
f 1340 1341 1479
f 1302 1341 1340
f 1382 1212 1308
f 2288 1310 1263
f 1311 1336 2334
f 1312 1348 1314
f 1344 1346 614
f 1350 1312 1175
f 1314 1345 1277
f 1348 1349 1429
f 1348 1384 1314
f 1432 1384 1431
f 609 610 1387
f 1584 1278 1533
f 1517 1446 1447
f 1516 1433 1388
f 1396 1206 1207
f 1365 1189 1190
f 2338 1187 1361
f 1408 1405 1406
f 1407 1408 1406
f 1365 1283 1406
f 1365 1405 1362
f 1210 1734 1415
f 1474 1484 2393
f 1419 1483 1477
f 1555 1395 1556
f 1368 597 853
f 1369 853 961
f 1370 1368 1369
f 1378 1297 1294
f 1325 1324 1371
f 1371 1324 1376
f 1326 1328 2293
f 596 1326 1377
f 1368 1323 597
f 1368 1370 1327
f 1324 1325 1378
f 1328 1323 1327
f 1323 1328 1326
f 1377 2293 2290
f 1379 1330 1233
f 1291 1331 1289
f 1342 1305 1423
f 1290 1330 1331
f 1379 1331 1330
f 1335 1300 1214
f 1333 1300 1334
f 1300 1298 1334
f 1303 1334 1298
f 1329 1335 1894
f 1300 1335 2391
f 1329 1337 1335
f 2391 1337 1336
f 1338 2334 2392
f 1285 1309 1338
f 1340 1308 1307
f 1305 1342 1341
f 1262 1305 1341
f 1302 1340 1307
f 1375 1423 1233
f 1375 1233 1417
f 1262 1341 1302
f 1426 1381 1343
f 1379 1423 1305
f 1308 1340 1343
f 1345 1344 615
f 616 1345 615
f 1277 1345 1276
f 1346 1352 1486
f 1313 1545 1617
f 1493 1494 1591
f 1431 1429 1383
f 1384 1348 1429
f 1351 1177 1178
f 1429 1349 1347
f 1177 1350 1176
f 1348 1350 1349
f 1349 1177 1351
f 1434 1178 1179
f 1349 1351 1347
f 1314 1385 1344
f 1345 1314 1344
f 1384 1385 1314
f 1344 1385 1346
f 1386 1352 1432
f 1388 1547 1661
f 1387 1548 609
f 1430 1347 1390
f 1694 1709 1708
f 1444 1394 1443
f 1455 1456 1459
f 1407 1409 1280
f 1359 1195 1196
f 1197 1463 1976
f 1389 1466 1467
f 1362 1189 1365
f 1187 1188 1361
f 1322 1364 1321
f 1364 1194 1321
f 1321 1194 1363
f 1364 1322 1193
f 1281 1322 1406
f 1281 1193 1322
f 1283 1365 1190
f 1406 1322 1407
f 598 599 1460
f 1327 1370 1324
f 1734 1210 1211
f 1482 1543 1415
f 1369 1368 853
f 961 1366 1369
f 1370 1366 1324
f 1371 1373 1475
f 1373 1520 1457
f 1417 1233 1332
f 1520 1371 1376
f 1418 1417 2333
f 1417 1374 1375
f 1332 1297 2333
f 1417 1418 1374
f 1478 1339 1479
f 1480 1423 1375
f 1476 1375 1374
f 1472 1366 1460
f 596 1377 1284
f 2293 1377 1326
f 1295 1378 1294
f 1324 1378 1327
f 2392 1329 1215
f 1289 1379 1264
f 1331 1379 1289
f 1338 2330 1311
f 1309 2330 1338
f 1380 1426 1421
f 1426 1343 1339
f 1381 1426 1425
f 1427 1486 1487
f 1489 1487 1428
f 1430 1429 1347
f 1385 1384 1432
f 1547 1591 1546
f 1389 1180 1181
f 1466 1182 1403
f 1434 1353 1390
f 1351 1178 1434
f 1389 1353 1180
f 1523 1353 1389
f 1429 1430 1383
f 1351 1434 1347
f 1347 1434 1390
f 2394 1390 1353
f 1503 1202 1438
f 1550 1391 1495
f 1197 1198 1497
f 1392 1498 1499
f 1442 1393 1439
f 1447 880 606
f 1507 1508 1506
f 1204 1395 1554
f 1208 1367 1413
f 1597 1557 1442
f 1393 1440 1439
f 1556 1395 1396
f 1204 1554 1441
f 1448 602 844
f 1449 844 603
f 2341 1320 1458
f 1448 1397 602
f 1458 1397 2341
f 1449 1450 1448
f 1194 1400 1363
f 1196 1463 1464
f 1401 1195 2336
f 1522 1359 1464
f 1465 1184 1185
f 1404 1185 1186
f 1403 1527 1467
f 1182 1466 1181
f 1465 1360 1184
f 1182 1183 1403
f 2337 2338 1361
f 1404 1402 1465
f 1280 1411 1586
f 1186 2338 1404
f 1525 1402 1404
f 1362 1405 1524
f 1406 1405 1365
f 1407 1322 1321
f 1409 1407 1321
f 1407 1280 1408
f 1409 1321 1363
f 1470 1408 1280
f 1405 1408 1524
f 1363 1410 1409
f 1400 1401 1410
f 1411 1280 1409
f 1542 1413 1367
f 1414 1416 1412
f 1206 1396 1205
f 1543 1416 1414
f 1543 1414 1415
f 1209 1415 1414
f 1543 1484 1474
f 1367 1208 1412
f 1207 1208 1413
f 1324 1366 1472
f 1369 1366 1370
f 1376 1324 1472
f 2333 1417 1332
f 1475 1325 1371
f 2333 1475 1418
f 1566 1418 1475
f 1374 1418 1372
f 1419 1374 1372
f 1374 1419 1477
f 1566 1372 1418
f 1374 1477 1476
f 1375 1476 1480
f 1479 1339 1340
f 1478 1480 1476
f 1477 1483 1422
f 1478 1421 1339
f 1421 1420 1735
f 1421 1735 1380
f 1422 1735 1420
f 1420 1476 1477
f 1735 1422 1482
f 1233 1423 1379
f 1426 1339 1421
f 1425 1426 1380
f 1489 1427 1487
f 613 1486 1427
f 1487 1352 1386
f 1486 1352 1487
f 1383 1545 1431
f 1490 1530 1491
f 1432 1431 1313
f 1384 1429 1431
f 1432 1313 1616
f 1385 1432 1352
f 1493 1387 610
f 1548 1433 608
f 1466 1389 1181
f 1353 1434 1179
f 1490 2394 1530
f 1467 1527 1583
f 1435 1523 1583
f 2394 1353 1523
f 1389 1467 1523
f 1523 1435 2394
f 1436 1438 1437
f 1438 1920 1437
f 1498 1437 1440
f 1438 1436 1503
f 1439 1440 1203
f 1441 1442 1439
f 1498 1440 1393
f 1442 1441 1554
f 1505 1355 1498
f 1597 1442 1554
f 1393 1442 1557
f 1444 1443 605
f 1445 1443 1394
f 840 841 2335
f 893 1445 1560
f 1447 1446 880
f 606 607 1518
f 1358 1446 1517
f 1395 1205 1396
f 1207 1413 1396
f 1413 1542 1473
f 1449 1448 844
f 1399 1449 603
f 1449 1399 1450
f 603 604 1399
f 1399 1451 1450
f 1519 1565 1452
f 1399 1561 1451
f 1452 1565 2341
f 1450 1451 1452
f 2341 1565 1320
f 1448 2341 1397
f 1452 2341 1450
f 1448 1450 2341
f 1453 1320 1454
f 1398 1458 1459
f 1458 1398 1397
f 1453 1424 1455
f 1458 1320 1453
f 1454 1737 1424
f 1453 1454 1424
f 1472 1471 1376
f 1471 1456 1455
f 1453 1455 1459
f 1424 1457 1455
f 2342 1456 1460
f 1398 1459 2342
f 1521 1566 1373
f 1459 1458 1453
f 2342 1459 1456
f 599 2342 1460
f 1460 1471 1472
f 598 1460 1366
f 1398 2342 600
f 1461 1462 1410
f 1401 1461 1410
f 1463 1196 1976
f 1359 1196 1464
f 1497 1198 1496
f 1497 1553 1463
f 1552 1551 1594
f 1553 1464 1463
f 1522 1464 1571
f 1404 1465 1185
f 1360 1465 1402
f 1467 1466 1403
f 1583 1523 1467
f 1470 1524 1408
f 1280 1586 1470
f 1470 2337 1524
f 1538 1536 1469
f 1576 1534 1462
f 1410 1462 1409
f 1586 1534 1538
f 1586 1538 1469
f 1541 1470 1469
f 1456 1471 1460
f 2393 1614 1649
f 1396 1413 1473
f 1555 1556 1647
f 1556 1396 1473
f 1412 1416 1367
f 1416 1474 1367
f 1566 1475 1373
f 1325 1475 2333
f 1566 1569 1372
f 1636 1737 1634
f 1420 1477 1422
f 1476 1420 1478
f 1421 1478 1420
f 1480 1479 1342
f 1423 1480 1342
f 1482 1481 1543
f 1481 1482 1422
f 1484 1485 1614
f 1484 1481 1485
f 1483 1485 1481
f 1385 1352 1346
f 1650 1487 1386
f 1489 1488 612
f 1654 1488 1428
f 1428 1488 1489
f 1490 1430 1390
f 2394 1490 1390
f 1491 1492 1490
f 1491 2344 1492
f 1545 1313 1431
f 1591 1494 1652
f 611 1493 610
f 611 1494 1493
f 609 1548 608
f 1550 1495 1200
f 1201 1550 1200
f 1496 1495 1391
f 1197 1497 1463
f 1552 1497 1496
f 1553 1497 1552
f 1393 1557 1505
f 1498 1355 1499
f 1501 1621 1354
f 1392 1499 1502
f 1502 1499 1500
f 1436 1392 1501
f 1316 1502 2343
f 1392 1502 1501
f 1686 1684 1316
f 1920 1203 1440
f 1437 1920 1440
f 1503 1354 1549
f 1501 1354 1436
f 1354 1503 1436
f 1555 1597 1554
f 1732 1597 1555
f 1558 1504 1557
f 1393 1505 1498
f 1733 1355 1505
f 605 840 1444
f 1507 1394 1508
f 1509 1507 1506
f 1559 2335 1446
f 1508 1559 1506
f 1506 1559 1723
f 1508 1444 2335
f 1723 1559 1358
f 1509 1357 1507
f 1515 1451 1511
f 1445 1513 1560
f 1317 1514 1512
f 1510 1357 1512
f 1513 1510 1511
f 1317 1512 1509
f 1509 1512 1357
f 1512 1736 1510
f 1736 1512 1514
f 1562 1514 1710
f 1563 1515 1736
f 1451 1515 1563
f 1515 1511 1510
f 1447 1516 1517
f 1388 1661 1672
f 1516 1447 1518
f 1516 2355 1517
f 606 1518 1447
f 607 1433 1518
f 1637 1598 1625
f 1710 1712 1562
f 1519 1452 1563
f 1519 1598 1565
f 1471 1520 1376
f 1457 1520 1455
f 1455 1520 1471
f 1372 1569 1567
f 1359 1522 1573
f 1576 1462 2339
f 1461 1401 2336
f 1571 1572 1522
f 1524 2337 1361
f 1362 1524 1361
f 1539 1525 1536
f 1402 1525 1526
f 1527 2395 1609
f 1609 2395 1526
f 1491 1530 1531
f 1589 1610 1609
f 2344 1531 1533
f 1530 1529 1531
f 1531 1529 1532
f 1491 1531 2344
f 1609 1612 1528
f 1584 1533 1532
f 1608 1533 1278
f 2339 1577 1576
f 1534 1576 1468
f 1534 1468 1538
f 1462 1534 1411
f 1468 1537 1538
f 1536 1525 1541
f 1470 1586 1469
f 1534 1586 1411
f 1468 1576 1575
f 1540 1589 1535
f 1469 1536 1541
f 1539 1536 1535
f 1535 1536 1538
f 1535 1538 1537
f 1539 1535 1589
f 1525 1539 1526
f 1535 1537 1540
f 1528 1612 1613
f 1581 1579 1582
f 1470 1541 2337
f 1474 1542 1367
f 1484 1543 1481
f 1568 1614 1485
f 1649 1614 1615
f 1492 1383 1430
f 1383 1492 1545
f 1585 1492 2344
f 1651 1643 1669
f 1494 1488 1654
f 1545 1492 1585
f 1490 1492 1430
f 1388 1433 1548
f 1494 611 1488
f 1547 1548 1387
f 1591 1547 1387
f 1547 1620 1661
f 1354 1621 2347
f 2347 1550 1549
f 1391 1550 2347
f 1551 1496 1391
f 1391 1622 1551
f 1594 1596 1571
f 1551 1552 1496
f 1553 1571 1464
f 1555 1554 1395
f 1505 1557 1504
f 1648 2350 1319
f 1559 1508 2335
f 1394 1444 1508
f 1358 1559 1446
f 1445 1394 1513
f 1357 1513 1394
f 1560 1513 1511
f 1357 1510 1513
f 1511 1561 1560
f 1399 604 1561
f 1560 604 893
f 1451 1561 1511
f 1672 1516 1388
f 1516 1518 1433
f 1451 1563 1452
f 1598 1564 1624
f 1563 1564 1519
f 1565 1637 1320
f 1637 1565 1598
f 1569 1566 1521
f 1520 1373 1371
f 1521 1373 1457
f 1737 1631 1632
f 1419 1567 1483
f 1567 1569 1570
f 1568 1570 1544
f 1567 1570 1485
f 1634 1570 1569
f 1594 1571 1552
f 1572 1571 1596
f 1572 1578 1599
f 1599 1573 1522
f 1461 1573 2339
f 2339 1599 1577
f 1468 1575 1537
f 1579 1574 1578
f 1575 1576 1574
f 1573 1599 2339
f 1574 1576 1577
f 1574 1577 1578
f 1356 1675 1677
f 1574 1581 1575
f 1574 1579 1581
f 1578 1572 1600
f 1579 1578 1600
f 1676 1689 1679
f 1601 2345 1540
f 1640 1641 1679
f 1537 1575 1601
f 1527 1403 2395
f 1527 1528 1583
f 1435 1583 1528
f 1584 1532 1588
f 1532 1587 1588
f 1643 1608 1278
f 2397 1585 1608
f 1585 1617 1545
f 2344 1608 1585
f 1532 1533 1531
f 1608 2344 1533
f 1610 1589 1540
f 1609 1610 1612
f 1584 1588 2346
f 1587 1532 1529
f 1612 1610 1611
f 1611 1588 1587
f 1526 1589 1609
f 1539 1589 1526
f 1647 1556 1473
f 1615 1568 1544
f 1493 1591 1387
f 1546 1591 1652
f 1619 1546 1315
f 1653 1315 1652
f 1546 1619 1620
f 1546 1620 1547
f 1388 1548 1547
f 1354 2347 1549
f 1551 1595 1594
f 1600 1596 1356
f 1596 1595 1356
f 1595 1596 1594
f 1557 1597 1558
f 604 1560 1561
f 1562 1624 1564
f 1564 1598 1519
f 1625 1598 1624
f 1569 1521 1634
f 1572 1599 1522
f 1577 1599 1578
f 1596 1600 1572
f 1581 1601 1575
f 1607 1638 1639
f 1582 1639 1638
f 1607 1580 1605
f 1278 1584 1603
f 1619 1671 1657
f 1643 1603 1602
f 1602 1669 1643
f 1606 2346 1604
f 1580 1639 1640
f 1604 2400 1606
f 1605 1604 2346
f 1611 1645 1588
f 1605 1580 1664
f 2399 1657 1671
f 1645 1605 2346
f 1527 1609 1528
f 1610 1540 2345
f 1612 1587 1613
f 1610 2345 1611
f 2345 1638 1644
f 1435 1613 1529
f 1648 1647 1646
f 1615 1614 1568
f 1627 1615 1544
f 1649 1615 1633
f 1432 1616 1386
f 1617 1616 1313
f 1590 1617 2397
f 1616 1617 1590
f 1652 1315 1546
f 1655 1671 1619
f 1656 1620 1619
f 1656 1672 1661
f 1622 1391 2347
f 1595 1551 1673
f 1662 1622 2347
f 1673 1551 1622
f 1673 1622 1662
f 1658 1680 1699
f 1356 1595 1674
f 1562 1626 1624
f 1624 1626 1663
f 1625 1631 1637
f 2348 1627 1632
f 1716 1712 1710
f 1663 1626 1718
f 1627 1544 1632
f 1627 2348 1629
f 1663 2349 1628
f 1635 1633 1629
f 2348 1628 1629
f 1628 1625 1663
f 1712 1715 1718
f 1648 1319 1647
f 1630 1629 2349
f 1635 1629 1630
f 1737 1454 1631
f 1632 1631 2348
f 1634 1632 1544
f 1615 1627 1633
f 1629 1633 1627
f 1634 1544 1570
f 1646 2396 1648
f 1635 1648 2396
f 1521 1636 1634
f 1637 1454 1320
f 1454 1637 1631
f 1607 1639 1580
f 1681 1666 1668
f 1640 1664 1580
f 1641 1639 1582
f 1665 1664 1666
f 1579 1600 1677
f 1678 1582 1579
f 1641 1640 1639
f 1641 1676 1679
f 1356 1674 1675
f 1595 1673 1674
f 1659 1603 1606
f 1603 1643 1278
f 1604 1605 1664
f 1644 1638 1607
f 1585 2397 1617
f 1612 1611 1587
f 1645 1611 1644
f 1644 1607 1645
f 1605 1645 1607
f 2346 1588 1645
f 1529 1613 1587
f 1646 1647 1473
f 1647 1319 1555
f 1630 1714 2350
f 1649 2396 2393
f 1635 1649 1633
f 1650 1654 1428
f 1654 1618 1652
f 1487 1650 1428
f 1651 1618 1590
f 1618 1654 1650
f 1643 2397 1608
f 1651 1669 1653
f 1650 1590 1618
f 1654 1652 1494
f 1653 1652 1618
f 1651 1653 1618
f 1655 1619 1315
f 1655 1315 1653
f 1669 1655 1653
f 1619 1657 1656
f 1657 1658 1593
f 1658 1657 1592
f 1660 1592 2399
f 1657 1593 1656
f 1593 1658 1670
f 1659 1671 1602
f 1659 1602 1603
f 1660 2399 2400
f 1656 1661 1620
f 1672 1656 1593
f 1593 2401 1672
f 1358 1517 1738
f 1663 1718 2349
f 1625 1624 1663
f 1604 1664 1665
f 1679 1666 1640
f 1660 1665 1681
f 1604 1665 2400
f 1666 1681 1665
f 1640 1666 1664
f 1682 1668 1666
f 1666 1679 1682
f 1668 1667 1687
f 1655 1669 1602
f 1680 1658 1592
f 1602 1671 1655
f 1683 2401 2398
f 1621 1316 1662
f 1675 1674 1642
f 1642 1676 1675
f 1678 1677 1675
f 1642 1689 1676
f 1676 1641 1678
f 1356 1677 1600
f 1675 1676 1678
f 1582 1678 1641
f 1579 1677 1678
f 1667 1693 1687
f 1687 1681 1668
f 1592 1660 1680
f 1689 1682 1679
f 1668 1682 1690
f 1683 2398 1739
f 1672 1683 2355
f 2421 1623 1642
f 1662 1684 2421
f 2354 2403 1726
f 1685 1686 2343
f 1692 1686 1685
f 1699 1680 1687
f 1681 1687 1680
f 1688 1670 1699
f 1318 2398 1688
f 1670 1658 1699
f 1668 1690 1667
f 1689 1690 1682
f 2351 1692 2352
f 1667 1690 2352
f 1689 1623 1690
f 2351 1686 1692
f 1691 1692 1279
f 1693 1667 1691
f 1719 1720 1721
f 1692 1685 1695
f 1692 1695 1279
f 1719 1699 1693
f 1685 2353 2354
f 1514 1697 1710
f 1696 1708 1697
f 1317 1697 1514
f 1696 1694 1708
f 1355 1500 1499
f 2353 2343 1500
f 1705 1703 1704
f 1697 1317 1696
f 1500 1355 1698
f 1505 1504 1733
f 1720 1691 1279
f 1699 1687 1693
f 1694 1696 1703
f 1719 1721 1725
f 1703 1696 1704
f 1702 1725 1700
f 1317 1509 1704
f 1703 1705 1702
f 1707 1706 1727
f 1500 1698 2353
f 2353 1698 1727
f 1702 1701 1694
f 1695 1701 1700
f 1701 1695 1726
f 1701 1702 1700
f 1725 1702 1705
f 1688 1699 1719
f 1700 1279 1695
f 1694 1703 1702
f 1317 1704 1696
f 1506 1722 1509
f 1722 1704 1509
f 1722 1705 1704
f 1701 2402 1694
f 1727 2354 2353
f 1706 1713 1709
f 1626 1712 1718
f 1712 1626 1562
f 1713 1716 1709
f 2402 1726 2403
f 1727 2403 2354
f 1710 1708 1716
f 1706 1730 1713
f 1716 1708 1709
f 1708 1710 1697
f 1319 1728 1732
f 1712 1716 1715
f 1730 1706 1707
f 1711 1715 1713
f 2349 1714 1630
f 1728 2350 1714
f 1733 1731 1707
f 1731 1729 1730
f 1711 1717 1715
f 1717 1718 1715
f 1731 1504 1558
f 1713 1715 1716
f 1728 1717 1711
f 1718 1717 1714
f 2349 1718 1714
f 1720 1719 1693
f 1688 1719 1725
f 1693 1691 1720
f 1279 1700 1721
f 1725 1721 1700
f 1279 1721 1720
f 1723 1722 1506
f 1723 1738 1739
f 1738 1723 1358
f 1705 1722 1724
f 1724 1722 1723
f 1724 1723 1739
f 1724 1725 1705
f 1318 1725 1724
f 1725 1318 1688
f 1726 2402 1701
f 1685 2354 1695
f 1706 2403 1727
f 1733 1707 1698
f 1635 1630 1648
f 1714 1717 1728
f 1711 1729 1728
f 1729 1732 1728
f 1730 1729 1711
f 1732 1729 1558
f 1713 1730 1711
f 1730 1707 1731
f 1504 1731 1733
f 1558 1729 1731
f 1558 1597 1732
f 1728 1319 2350
f 1319 1732 1555
f 1727 1698 1707
f 1355 1733 1698
f 1425 1380 1734
f 1380 1735 1734
f 1415 1734 1482
f 1735 1482 1734
f 1613 1435 1528
f 1530 1435 1529
f 1736 1564 1563
f 1514 1562 1736
f 1564 1736 1562
f 1634 1737 1632
f 1424 1737 1636
f 1672 2355 1516
f 1724 1739 1318
f 1794 1282 1192
f 1758 1794 1192
f 1364 1856 1855
f 1216 1852 1759
f 1193 1856 1364
f 1855 1194 1364
f 1973 1199 1198
f 1770 1769 1792
f 1852 1216 1215
f 1282 1794 1795
f 1756 1820 1757
f 1750 1982 1751
f 1809 1854 1785
f 2301 1793 1779
f 1201 1923 1503
f 1770 1792 1785
f 1883 1922 1920
f 1788 1773 1772
f 1503 1923 1996
f 1791 1793 1771
f 1848 1806 2296
f 1758 1757 1794
f 1928 1208 1207
f 1933 1204 2004
f 1776 1810 1780
f 1412 1208 1930
f 1209 1866 1210
f 1790 1778 1760
f 2087 1775 2081
f 1762 1761 1803
f 1777 1786 84
f 1793 1772 1771
f 1781 1764 1786
f 1382 1381 1865
f 1783 2294 1763
f 1832 1865 1899
f 85 1786 1764
f 1206 1205 1931
f 1761 1760 1778
f 1781 1774 1839
f 1193 1282 1795
f 1790 1759 1852
f 2359 2332 1894
f 1787 1777 83
f 1762 1803 1783
f 1786 1774 1781
f 2410 2192 2222
f 1787 1763 2294
f 83 1777 84
f 1786 85 84
f 1780 1792 1769
f 1213 1835 1333
f 1912 1914 1748
f 2004 1204 1441
f 1820 1794 1757
f 1912 1747 1937
f 1745 1888 1746
f 1741 1740 2358
f 1195 2035 1196
f 1934 1888 1745
f 1994 2356 15
f 1799 1861 2358
f 1827 1743 1742
f 1987 1915 2356
f 1788 2295 1773
f 1742 1741 1831
f 1861 24 23
f 1803 1761 1778
f 2358 1829 1831
f 14 13 1916
f 1799 1740 27
f 1826 1862 1955
f 1862 1826 23
f 27 26 24
f 1794 1820 1795
f 25 24 26
f 24 1799 27
f 19 1891 238
f 1790 1760 1759
f 1777 1787 2294
f 1780 1768 1802
f 21 2303 2018
f 22 21 1890
f 1799 2358 1740
f 1827 1742 1831
f 1802 1782 1840
f 2301 1808 2295
f 1772 1793 2297
f 1773 2298 2299
f 1838 1839 1774
f 1211 1958 1900
f 1 1784 2405
f 1 2300 1784
f 1778 1790 1789
f 1770 1785 1791
f 1781 1765 1764
f 1781 1839 1765
f 1786 1777 1774
f 1839 1766 1765
f 1842 1784 2404
f 1810 1792 1780
f 1763 1787 82
f 1769 1768 1780
f 1971 1756 1755
f 1904 1963 1835
f 1885 10 229
f 1802 1768 1767
f 1839 1782 1766
f 83 82 1787
f 1926 1886 1925
f 1854 1816 2357
f 1215 1329 2332
f 1783 1763 1762
f 1875 5 4
f 1801 1848 1851
f 1886 1926 2079
f 1867 1906 1964
f 1766 1782 1767
f 275 5 1867
f 1924 1927 2008
f 1841 1872 1840
f 1881 1916 1991
f 2294 1774 1777
f 1382 1902 1212
f 1782 1839 1838
f 1869 1803 1836
f 1782 1802 1767
f 1802 1840 1776
f 1778 1789 1803
f 1872 1811 1810
f 1842 1804 1784
f 1842 1806 1804
f 1845 3 2405
f 1806 1842 1843
f 1804 1805 1845
f 2296 1846 1848
f 1845 1805 1844
f 234 3 1845
f 1807 1215 2332
f 1808 2301 1779
f 2238 2239 1779
f 2295 1808 1850
f 1810 1811 1813
f 1809 1785 1792
f 1816 1813 1815
f 1872 1810 1776
f 1810 1813 1809
f 1814 1811 1873
f 2359 1864 1817
f 1812 1817 1864
f 1813 1811 1814
f 1897 1815 1812
f 1814 1873 1868
f 1812 1813 1814
f 1864 2250 1897
f 1898 1818 1815
f 1812 1815 1813
f 1815 1818 1816
f 1818 2357 1816
f 1809 1816 1854
f 1812 1814 1817
f 1813 1816 1809
f 2357 1818 2242
f 2357 1819 1854
f 1980 1194 1855
f 1879 1911 1754
f 1754 1753 1879
f 1197 1976 1877
f 1748 1914 1749
f 1882 2362 1991
f 1944 2020 2178
f 2419 1923 2413
f 1744 1827 1889
f 2016 1858 2015
f 1954 2064 2065
f 1955 1862 22
f 1828 1827 1831
f 1828 1831 1829
f 2065 1830 1954
f 1828 1829 1957
f 2103 1938 1935
f 1830 1889 1828
f 1830 1936 1889
f 1831 1741 2358
f 1214 1863 1894
f 1899 1381 1425
f 1865 1960 1902
f 1866 1958 1210
f 1844 1849 1875
f 1212 1902 1904
f 1898 1815 1897
f 1802 1776 1780
f 1872 1776 1840
f 1789 1853 1868
f 1872 1841 1873
f 1782 1838 1840
f 1869 1870 1803
f 1840 1838 1837
f 1838 1774 1871
f 1840 1837 1841
f 1869 1841 1837
f 1873 1836 1868
f 1843 1842 2298
f 1843 2298 2295
f 1847 1801 1849
f 4 1845 1844
f 1848 1801 1847
f 1805 1806 1847
f 1848 1847 1806
f 1874 1801 1851
f 1805 1847 1844
f 1848 1846 1851
f 1834 1905 1849
f 1844 1847 1849
f 1843 1850 2296
f 1850 1966 2296
f 2295 1850 1843
f 2241 1966 1850
f 1966 1967 1965
f 2241 1850 1808
f 1967 1966 2241
f 1907 1851 1846
f 1852 1807 1853
f 1852 1215 1807
f 1810 1809 1792
f 1814 1868 1817
f 1790 1853 1789
f 1817 1853 1807
f 1852 1853 1790
f 1791 1785 1819
f 1856 1968 1855
f 2095 1975 1857
f 1795 1856 1193
f 1971 1820 1756
f 1877 1974 1197
f 1401 1400 1979
f 2038 2037 1910
f 1917 12 11
f 1921 1883 1920
f 2002 1999 2000
f 1883 1921 1997
f 1885 1924 1859
f 1964 274 275
f 1929 2009 1928
f 2057 1824 2119
f 2340 1203 1922
f 1937 1747 1746
f 1892 1952 1891
f 1915 268 16
f 1950 1946 1947
f 24 1861 1799
f 1861 23 1826
f 1890 1955 22
f 1955 1890 2022
f 1895 1214 1333
f 1864 1863 2250
f 1807 2359 1817
f 1863 1864 2359
f 1898 1897 1963
f 1865 1381 1899
f 1865 1832 1960
f 1900 1425 1211
f 1901 1960 1832
f 1212 1904 1213
f 1900 1958 1833
f 1867 5 1875
f 1905 1906 1867
f 1904 1835 1213
f 1789 1868 1836
f 1853 1817 1868
f 1841 1836 1873
f 1870 1869 1837
f 1838 1871 1837
f 1870 1783 1803
f 1774 2294 1871
f 1837 1871 1870
f 1873 1811 1872
f 1869 1836 1841
f 1845 4 234
f 1875 4 1844
f 1849 1874 1834
f 2092 2030 2091
f 1875 1849 1905
f 2030 2087 2088
f 2203 2162 2199
f 1908 1973 2034
f 1978 1195 1401
f 1857 1909 2035
f 1981 2036 1878
f 1911 1879 1983
f 2361 1752 1751
f 1880 2361 1910
f 2369 1983 1984
f 1911 1971 1755
f 1750 1749 1914
f 1910 2361 1982
f 1982 1913 2038
f 15 14 1916
f 1991 1990 1881
f 1921 1920 1202
f 2413 1201 1200
f 1924 9 8
f 1925 8 7
f 2097 2363 1919
f 1882 1917 1919
f 1924 1885 9
f 2008 1859 1924
f 2045 1885 1859
f 1925 1927 1924
f 1929 1207 1206
f 2010 1930 2009
f 2057 2058 2011
f 2076 1866 2054
f 2012 2059 1932
f 1934 1745 1744
f 1744 1743 1827
f 1985 2014 2015
f 1858 1912 1985
f 1889 1827 1828
f 20 1952 1951
f 1941 19 18
f 2408 18 294
f 1892 1891 1943
f 1940 1951 2021
f 238 1952 20
f 1941 1891 19
f 268 1915 1989
f 2408 1942 1941
f 1956 2022 1954
f 1826 1956 1829
f 2359 1894 1863
f 1835 1895 1333
f 1963 2250 1835
f 1214 1895 1863
f 1863 1895 2250
f 2250 1895 1835
f 1904 1902 1962
f 1864 1897 1812
f 2250 1963 1897
f 1818 1898 1896
f 1818 1896 2242
f 1900 1899 1425
f 1211 1210 1958
f 1959 1900 1833
f 1901 1832 1959
f 1865 1902 1382
f 1903 1901 2026
f 1896 1898 2407
f 1960 1962 1902
f 1906 1905 1834
f 1875 1905 1867
f 274 2027 6
f 1870 1871 1783
f 1874 1849 1801
f 2247 1834 1874
f 2092 1874 1851
f 1965 1907 1846
f 1907 2087 2030
f 1969 1968 1795
f 1968 1970 2031
f 2034 1973 1974
f 2035 1978 1857
f 1978 1979 1981
f 1979 2036 1981
f 1753 2361 1880
f 1751 1982 2361
f 1982 2038 1910
f 2205 2203 2204
f 1971 1972 1970
f 1754 1911 1755
f 1748 1747 1912
f 1914 2044 1913
f 1985 1912 1937
f 2044 1914 1912
f 1913 1982 1750
f 2062 1988 2061
f 268 1989 17
f 13 1991 1916
f 1917 1882 1991
f 1991 13 12
f 1919 1917 11
f 10 1918 1919
f 12 1917 1991
f 1885 1918 10
f 2097 1918 2045
f 1995 2166 1990
f 2097 1919 1918
f 1882 1919 2363
f 1922 1203 1920
f 1202 1503 1996
f 1931 1205 1933
f 2413 1923 1201
f 1200 1199 2006
f 2049 1923 2419
f 1925 1924 8
f 1926 1925 7
f 7 6 1926
f 1886 2007 1927
f 2008 1927 2052
f 1886 1927 1925
f 1929 1928 1207
f 1930 1928 2009
f 1931 1929 1206
f 1932 2009 1929
f 1412 2053 1414
f 2053 1930 2011
f 1932 1931 1887
f 1933 2055 1887
f 1887 2012 1932
f 1929 1931 1932
f 1204 1933 1205
f 1887 1931 1933
f 1889 1934 1744
f 1888 1934 1935
f 1889 1936 1934
f 2103 1935 1936
f 1934 1936 1935
f 1888 1937 1746
f 1938 2014 1935
f 1938 2015 2014
f 1938 2103 1939
f 2017 1986 2016
f 2024 2023 2066
f 1858 2016 1986
f 1951 2018 2303
f 1890 21 2018
f 2408 1941 18
f 17 2408 294
f 1989 2408 17
f 1893 1942 2408
f 1988 1893 1989
f 1947 1945 1942
f 1942 1893 1947
f 1943 1945 2406
f 1941 1943 1891
f 1950 1947 1893
f 1945 1943 1942
f 1941 1942 1943
f 1947 1946 1945
f 2020 1944 1946
f 2367 1798 2190
f 1944 1945 1946
f 1944 2178 2141
f 2172 2173 2175
f 1949 1950 2062
f 1950 1949 2063
f 20 1951 2303
f 2021 1951 1952
f 1952 238 1891
f 1953 2022 1890
f 1953 1890 2018
f 1954 2022 2064
f 1954 1957 1956
f 1955 2022 1956
f 1957 1954 1830
f 1955 1956 1826
f 1828 1957 1830
f 1829 1956 1957
f 1833 1958 2078
f 1959 1833 2084
f 1899 1900 1959
f 1959 1832 1899
f 1901 1903 1960
f 1962 1960 1903
f 2026 1961 1903
f 1963 1962 2407
f 2407 1962 1903
f 1904 1962 1963
f 1867 1964 275
f 2027 1964 1906
f 2249 1834 2247
f 1965 1846 1966
f 1965 1775 2087
f 2296 1966 1846
f 2244 2241 2239
f 1965 1967 1775
f 2302 2243 2244
f 1907 1965 2087
f 2087 2029 2088
f 2247 2092 2091
f 1969 1795 1820
f 1968 1969 1970
f 1971 1969 1820
f 2031 1970 1876
f 1979 1980 2036
f 1971 1911 1972
f 1969 1971 1970
f 1983 1972 1911
f 1876 1972 2369
f 1974 1973 1198
f 2006 1973 1908
f 1197 1974 1198
f 1975 1909 1857
f 2035 1909 1976
f 1976 1909 1877
f 2094 1909 1975
f 2161 2133 1977
f 2123 2411 1821
f 1978 2035 1195
f 1977 1857 1981
f 1978 1401 1979
f 1857 1978 1981
f 1980 1979 1400
f 1194 1980 1400
f 1980 1855 2032
f 1977 1981 1878
f 2360 1880 1910
f 1910 2037 2042
f 2360 2042 1984
f 1972 1983 2369
f 2360 1984 1983
f 1985 1937 2014
f 2015 1858 1985
f 1912 1858 2044
f 2416 1986 2017
f 1858 1986 2044
f 1913 1750 1914
f 1988 1989 1915
f 1989 1893 2408
f 2061 1988 1915
f 1893 1988 2062
f 2362 1995 1990
f 1993 1990 2166
f 1990 1991 2362
f 2138 2139 2136
f 1993 1881 1990
f 2251 1993 1992
f 1881 1993 2253
f 2135 1992 2111
f 1916 1994 15
f 2046 2097 2045
f 1882 2363 2362
f 1202 1996 2048
f 2048 1921 1202
f 1999 1997 2001
f 2206 2208 1823
f 1921 2048 1997
f 2000 1999 1998
f 2049 1996 1923
f 1999 2001 2420
f 1999 2002 1997
f 2001 2049 2211
f 2001 2048 2049
f 2050 2002 2279
f 2000 2269 2005
f 2005 2002 2000
f 2279 2002 2005
f 2050 1922 1883
f 2275 2270 2412
f 1884 2056 2003
f 2050 2003 1922
f 1441 2340 2004
f 2267 2005 2269
f 2005 2278 2279
f 2266 2413 2006
f 1200 2006 2413
f 1973 2006 1199
f 1886 2079 2007
f 1927 2007 2052
f 2008 2051 2046
f 1932 2059 2009
f 2011 2054 2053
f 1930 2010 2011
f 2057 2011 2010
f 2054 2011 2058
f 2053 2054 1209
f 1800 2075 2076
f 1209 1414 2053
f 1866 1209 2054
f 2055 1933 2004
f 2055 2056 2259
f 1860 2259 2258
f 2013 2059 2060
f 2059 2012 2060
f 1888 2014 1937
f 1935 2014 1888
f 2016 2015 2069
f 2067 1939 2066
f 2037 2039 2041
f 1953 2018 1940
f 1951 1940 2018
f 2368 1940 2021
f 2061 1987 2252
f 2101 2062 2061
f 1946 1950 2063
f 1892 2409 1952
f 2064 2022 1953
f 1830 2065 1936
f 1958 1866 2025
f 2025 2075 2078
f 2078 1958 2025
f 2104 1833 2078
f 1896 1961 2240
f 1964 2027 274
f 2249 1906 1834
f 2090 2091 2030
f 2145 2007 2263
f 2027 1926 6
f 1926 2027 2079
f 1901 2083 2026
f 2087 2081 2029
f 1907 2092 1851
f 2032 2031 2201
f 1968 2032 1855
f 2032 2201 2036
f 2033 2034 1877
f 2094 2411 2033
f 2034 1974 1877
f 2108 2411 2123
f 1976 1196 2035
f 2133 2095 1977
f 2032 2036 1980
f 2201 1878 2036
f 2039 2037 2038
f 2043 2042 2037
f 1984 2042 2205
f 2044 1986 1913
f 2040 2039 2416
f 2041 2040 2096
f 2016 2069 2017
f 2017 2074 2073
f 2096 2151 2109
f 2042 2043 2205
f 2040 2041 2039
f 2043 2037 2041
f 2042 2360 1910
f 2038 1913 1986
f 1885 2045 1918
f 2046 2045 1859
f 2008 2046 1859
f 2047 2046 2163
f 2049 2048 1996
f 1997 2048 2001
f 1997 2002 1883
f 2003 2340 1922
f 2004 2340 2003
f 2266 1908 2414
f 2266 2006 1908
f 2008 2052 2051
f 1930 2053 1412
f 2076 2054 2058
f 2057 2013 1824
f 2055 2259 1860
f 1887 1860 2012
f 2056 2055 2004
f 2003 2056 2004
f 2100 2013 2060
f 2058 2057 2118
f 2057 2010 2013
f 2013 2010 2059
f 2058 2118 2077
f 1824 2182 2146
f 2009 2059 2010
f 2012 2099 2060
f 2100 2099 2112
f 2099 2257 2112
f 1987 2061 1915
f 1893 2062 1950
f 1949 2101 2415
f 2064 2023 2065
f 2023 2024 2065
f 2103 2065 2024
f 2065 2103 1936
f 2023 2191 2190
f 2024 2066 1939
f 2367 2192 2193
f 2068 2017 2069
f 2067 2068 1939
f 2067 2066 1798
f 2068 2067 2070
f 2068 2070 2074
f 1939 2068 2069
f 2074 2070 2072
f 2074 2017 2068
f 2071 2073 2074
f 2071 2074 2072
f 2096 2040 2073
f 2017 2073 2416
f 2076 2075 2025
f 1866 2076 2025
f 2077 2076 2058
f 2077 1800 2076
f 2118 2119 2216
f 1800 2077 2105
f 2080 2027 1906
f 2007 2079 2263
f 2263 2079 2080
f 2027 2080 2079
f 1775 2244 2245
f 2081 2028 2082
f 2084 2104 2028
f 2104 2085 2082
f 2084 2083 1901
f 2246 2083 2028
f 1959 2084 1901
f 1833 2104 2084
f 2075 2085 2078
f 2084 2028 2083
f 2082 2028 2104
f 2075 1800 2085
f 2085 2086 2082
f 2086 2085 1800
f 2086 1800 2105
f 2029 2082 2086
f 2088 2029 2086
f 2030 2088 2090
f 2089 2088 2086
f 2180 2143 2089
f 2088 2089 2090
f 2089 2143 2090
f 2142 2091 2090
f 2092 1907 2030
f 2130 2194 2131
f 2034 2033 2149
f 1909 2094 1877
f 2411 2094 1975
f 2095 1821 1975
f 2094 2033 1877
f 1977 2095 1857
f 2109 2162 2043
f 2151 1796 2109
f 2136 2363 2047
f 2046 2047 2097
f 2138 2136 2110
f 2055 1860 1887
f 1860 2099 2012
f 1824 2013 2100
f 2099 2100 2060
f 2100 2112 2182
f 1822 2113 2415
f 2101 1822 2415
f 2114 1948 2113
f 2101 1949 2062
f 2061 2252 2101
f 2251 2102 1822
f 1993 2111 1992
f 1992 2102 2251
f 2063 2020 1946
f 2063 2116 2365
f 1939 2103 2024
f 2085 2104 2078
f 2144 2180 2181
f 2182 1824 2100
f 2132 2093 2414
f 2129 2108 2107
f 2108 2132 2033
f 2214 2213 2128
f 2051 2187 2163
f 2262 2276 2261
f 1993 2166 2111
f 2165 2139 2138
f 2237 2232 2236
f 2102 2164 2237
f 2102 2113 1822
f 2019 2365 2177
f 2235 2236 2232
f 2116 2115 2167
f 2102 2237 2113
f 2125 2194 2129
f 2116 2167 2177
f 2115 2116 1948
f 2063 1948 2116
f 2236 2115 2114
f 2170 2177 2167
f 2156 2153 2155
f 2167 2168 2140
f 2170 2172 2177
f 2117 2179 2019
f 2105 2089 2086
f 2216 2089 2105
f 2105 2077 2118
f 2105 2118 2216
f 2057 2119 2118
f 2080 1906 2249
f 2181 2180 2217
f 2149 1908 2034
f 2122 2196 2266
f 2107 2108 2123
f 2126 2134 2124
f 2107 2126 2127
f 2174 2214 2173
f 2107 2123 2126
f 2213 2150 2125
f 2194 2125 2131
f 2127 2126 2124
f 2107 2127 2125
f 2123 1821 2126
f 2127 2124 2128
f 2124 1796 2152
f 2152 2151 2155
f 2129 2107 2125
f 2131 2125 2150
f 2188 2130 2131
f 2108 2129 2132
f 2093 2132 2129
f 2201 2031 2202
f 2197 2198 2134
f 1821 2095 2417
f 2417 2134 2126
f 2124 2134 1796
f 2096 2109 2041
f 2109 2043 2041
f 2162 2109 2198
f 2163 2110 2047
f 2052 2186 2185
f 2220 2221 2187
f 2363 2136 1995
f 2110 2136 2047
f 2260 2277 2137
f 2111 2139 2165
f 2189 2172 2170
f 1944 2141 1825
f 1824 2146 2119
f 2181 2106 2144
f 2142 2090 2143
f 2248 2142 2120
f 2142 2143 2144
f 2142 2144 2120
f 2184 2106 2148
f 2217 2146 2147
f 2147 2146 2182
f 2183 2121 2182
f 2148 2147 2121
f 2148 2181 2147
f 2146 2217 2119
f 2148 2121 2219
f 2106 2184 2145
f 2149 2132 2414
f 2214 2176 2173
f 2188 2189 2171
f 2073 2071 2364
f 2151 2152 1796
f 2364 2151 2096
f 2152 2155 2153
f 2124 2152 2128
f 2364 2154 2155
f 2214 2153 2176
f 2152 2153 2128
f 2154 2071 2072
f 2156 2155 2154
f 2156 2154 2418
f 2153 2156 2176
f 2158 2072 2070
f 2366 2418 2160
f 2157 2117 2175
f 2158 2159 2160
f 1798 2367 2159
f 1798 2066 2190
f 2367 2193 2159
f 1798 2159 2158
f 2093 2195 2122
f 1878 2161 1977
f 2162 2198 2199
f 2197 2199 2198
f 2162 2203 2205
f 2221 2163 2187
f 2221 2098 2110
f 2260 2098 2225
f 2166 2139 2111
f 2209 2229 2370
f 2136 2139 1995
f 2139 2166 1995
f 2170 2167 2140
f 2168 2167 2115
f 2206 1823 2195
f 2171 2169 2207
f 2171 2170 2140
f 2189 2173 2172
f 2175 2173 2176
f 2174 2173 2189
f 2174 2150 2213
f 2174 2213 2214
f 2157 2175 2156
f 2177 2117 2019
f 2175 2117 2172
f 2117 2177 2172
f 2365 2178 2020
f 2178 2179 2141
f 2144 2143 2180
f 2216 2180 2089
f 2217 2216 2119
f 2181 2217 2147
f 2106 2181 2148
f 2183 2182 2112
f 2112 2257 2281
f 2182 2121 2147
f 2218 2121 2183
f 2225 2221 2220
f 2187 2051 2185
f 2148 2219 2184
f 2145 2184 2186
f 2185 2184 2219
f 2145 2186 2007
f 2187 2185 2219
f 2052 2185 2051
f 2185 2186 2184
f 2187 2219 2220
f 2186 2052 2007
f 2213 2125 2127
f 2188 2150 2174
f 2188 2171 2130
f 2171 2189 2170
f 2174 2189 2188
f 2064 2191 2023
f 2023 2190 2066
f 2064 1953 2191
f 2222 2367 2190
f 2410 2222 2368
f 2141 2193 1825
f 1825 2193 2192
f 2193 2160 2159
f 2193 2141 2215
f 2193 2215 2160
f 2129 2194 2093
f 2093 2194 2195
f 2122 2195 1823
f 2122 1823 2196
f 2224 2208 2212
f 2206 2130 2207
f 2194 2130 2195
f 2109 1796 2198
f 2134 2198 1796
f 2161 2200 2199
f 2200 2203 2199
f 1878 2200 2161
f 1878 2201 2200
f 1876 2202 2031
f 2201 2202 2200
f 2204 2203 2200
f 2162 2205 2043
f 2369 1984 2204
f 2200 2202 2204
f 2205 2204 1984
f 2168 2236 1797
f 2171 2140 2169
f 2169 2140 2168
f 2168 1797 2169
f 2210 2207 2169
f 2130 2171 2207
f 2210 1797 2223
f 2208 2206 2209
f 2212 2208 2370
f 2000 2226 2269
f 2209 2207 2210
f 2210 2169 1797
f 2229 2209 2210
f 1998 1999 2420
f 1823 2208 2224
f 2212 1998 2420
f 2127 2128 2213
f 2153 2214 2128
f 2215 2157 2366
f 2179 2215 2141
f 2178 2019 2179
f 2216 2217 2180
f 2219 2121 2220
f 2218 2220 2121
f 2220 2218 2225
f 2218 2280 2225
f 2098 2221 2225
f 2163 2221 2110
f 2150 2188 2131
f 1953 1940 2191
f 2368 2191 1940
f 2409 2368 2021
f 2191 2368 2222
f 2191 2222 2190
f 2130 2206 2195
f 2209 2206 2207
f 2212 2370 2227
f 2276 2268 2270
f 2230 2226 2227
f 1797 2235 2223
f 2229 2210 2223
f 2227 1998 2212
f 2224 2196 1823
f 2196 2224 2211
f 2183 2112 2281
f 2260 2225 2280
f 1998 2226 2000
f 2226 2230 2269
f 2230 2227 2370
f 1998 2227 2226
f 2223 2235 2228
f 2231 2233 2228
f 2164 2232 2237
f 2230 2229 2228
f 2230 2370 2229
f 2232 2234 2231
f 2234 2164 2135
f 2135 2265 2412
f 2231 2235 2232
f 2231 2234 2272
f 2223 2228 2229
f 2231 2228 2235
f 2230 2228 2371
f 2164 2234 2232
f 2236 2235 1797
f 2115 2236 2168
f 2113 2237 2114
f 2114 2237 2236
f 2302 2238 2242
f 1779 2239 1808
f 2238 2357 2242
f 2302 2239 2238
f 2244 1967 2241
f 2240 1961 2243
f 2302 2242 2240
f 2239 2241 1808
f 2240 2242 1896
f 1961 2246 2243
f 2245 2028 2081
f 2245 2244 2243
f 1967 2244 1775
f 2239 2302 2244
f 1961 2026 2246
f 2026 2083 2246
f 2245 2081 1775
f 2246 2245 2243
f 2245 2246 2028
f 1791 1779 1793
f 1854 1819 1785
f 2248 2091 2142
f 2264 2080 2249
f 2120 2145 2263
f 2091 2248 2247
f 2248 2264 2247
f 2263 2264 2120
f 2092 2247 1874
f 1972 1876 1970
f 2202 2369 2204
f 2252 1822 2101
f 2253 2251 2252
f 2251 1822 2252
f 1993 2251 2253
f 2253 2252 1987
f 1994 2253 1987
f 2255 2258 2254
f 1884 2259 2056
f 2259 2254 2258
f 2254 2259 1884
f 2279 1884 2050
f 2254 2278 2255
f 2256 2258 2255
f 2258 2257 1860
f 2257 2256 2281
f 2255 2261 2256
f 2258 2256 2257
f 2099 1860 2257
f 2046 2051 2163
f 2261 2260 2280
f 2277 2261 2276
f 2262 2261 2255
f 2264 2263 2080
f 2264 2249 2247
f 2120 2264 2248
f 2154 2364 2071
f 2151 2364 2155
f 1798 2158 2067
f 2070 2067 2158
f 2111 2265 2135
f 2165 2265 2111
f 2419 2266 2196
f 2267 2371 2271
f 2371 2267 2269
f 2371 2269 2230
f 2272 2271 2233
f 2274 2165 2138
f 2267 2271 2268
f 2231 2272 2233
f 2271 2270 2268
f 2412 2272 2234
f 2270 2271 2272
f 2273 2275 2274
f 2137 2274 2138
f 2273 2270 2275
f 2260 2137 2098
f 2273 2274 2137
f 2165 2274 2275
f 2276 2270 2273
f 2165 2275 2265
f 2276 2273 2277
f 2276 2262 2268
f 2137 2277 2273
f 2261 2277 2260
f 2005 2267 2278
f 2135 2412 2234
f 2275 2412 2265
f 2255 2278 2262
f 2279 2278 2254
f 1884 2279 2254
f 2218 2183 2281
f 2256 2280 2281
f 2261 2280 2256
f 2281 2280 2218
f 2282 188 96
f 317 363 316
f 390 363 317
f 699 643 673
f 1096 2287 998
f 811 2284 659
f 2286 964 1043
f 2283 1071 806
f 998 1076 1079
f 2287 1076 998
f 1093 2285 810
f 2287 1096 814
f 1249 2289 1230
f 1235 1232 2290
f 1269 2288 1263
f 595 1284 2291
f 1377 2291 1284
f 1248 1245 1286
f 2292 1229 2289
f 1231 1287 1249
f 2290 2293 1235
f 2293 1288 1235
f 1292 1290 1257
f 1636 1521 1457
f 1636 1457 1424
f 1871 2294 1783
f 2297 2295 1788
f 2297 1793 2301
f 2295 2298 1773
f 1788 1772 2297
f 2300 2299 2404
f 1819 2238 1779
f 1791 1819 1779
f 2296 1806 1843
f 2301 2295 2297
f 1992 2135 2164
f 1992 2164 2102
f 2243 2302 2240
f 105 142 28
f 129 39 120
f 2303 191 193
f 119 128 582
f 223 224 61
f 104 2305 154
f 146 304 148
f 2307 578 107
f 215 2308 214
f 137 169 49
f 172 146 149
f 140 750 199
f 2304 212 126
f 590 593 224
f 273 63 334
f 192 162 193
f 236 162 290
f 217 240 194
f 147 250 200
f 253 170 307
f 223 61 852
f 392 2312 395
f 2313 293 167
f 195 296 297
f 2314 390 391
f 319 2311 186
f 590 224 223
f 2315 2380 380
f 385 384 381
f 389 390 2314
f 132 396 397
f 325 353 417
f 406 458 460
f 420 421 2382
f 325 417 416
f 420 411 431
f 417 412 416
f 424 420 431
f 2316 418 548
f 424 2316 421
f 2317 432 427
f 430 2316 548
f 427 432 426
f 401 399 456
f 459 2307 460
f 2317 423 432
f 489 463 313
f 2319 365 157
f 472 2319 495
f 495 2319 157
f 2318 499 542
f 2320 574 520
f 349 563 527
f 550 2321 551
f 578 2307 579
f 2306 582 183
f 119 2306 155
f 225 591 592
f 754 720 753
f 635 2322 685
f 101 697 48
f 754 753 721
f 665 2322 680
f 2322 743 685
f 783 768 765
f 770 779 772
f 788 2323 919
f 678 791 789
f 792 2324 786
f 2310 921 922
f 817 613 1427
f 761 756 822
f 761 822 766
f 914 966 1114
f 2323 1099 1132
f 2325 906 60
f 788 919 917
f 798 934 972
f 941 1051 940
f 1056 936 1007
f 1120 1056 732
f 1036 1064 1063
f 1080 1081 2326
f 2326 1102 1082
f 2328 2326 1101
f 1163 1160 1165
f 2329 1162 883
f 1247 1225 1254
f 1267 2331 1265
f 1240 1269 1220
f 1183 1360 1403
f 2332 1329 1894
f 1236 1289 1268
f 1310 2330 1263
f 2334 1336 1337
f 1329 2392 1337
f 1311 2334 1338
f 1285 1338 2392
f 2335 1444 840
f 1573 2336 1359
f 2336 1195 1359
f 1404 2338 1525
f 1400 1410 1363
f 1461 2339 1462
f 1543 1474 1416
f 1567 1419 1372
f 2340 1439 1203
f 2342 599 600
f 1541 1525 2337
f 2338 2337 1525
f 1481 1422 1483
f 2343 1686 1316
f 1502 1316 1621
f 1461 2336 1573
f 1483 1567 1485
f 1552 1571 1553
f 1601 1540 1537
f 1581 1582 1638
f 2346 1603 1584
f 1601 1581 1638
f 1601 1638 2345
f 2346 1606 1603
f 1502 1621 1501
f 1662 2347 1621
f 1628 2348 1625
f 2348 1631 1625
f 2349 1629 1628
f 2350 1648 1630
f 1542 1646 1473
f 1651 1590 2397
f 1738 1517 2355
f 2421 1673 1662
f 1316 1684 1662
f 1660 1681 1680
f 1686 2351 1684
f 2351 2352 1623
f 2352 1692 1691
f 2352 1691 1667
f 1684 2351 2421
f 2343 2353 1685
f 2354 1726 1695
f 1683 1738 2355
f 1738 1683 1739
f 2356 16 15
f 2356 1915 16
f 1784 1804 2405
f 1770 1791 1771
f 1804 1806 1805
f 1819 2357 2238
f 1829 2358 1861
f 2332 2359 1807
f 1880 2360 1879
f 1829 1861 1826
f 2361 1753 1752
f 1880 1879 1753
f 1968 1856 1795
f 2360 1983 1879
f 1994 1916 1881
f 2406 1945 1825
f 1994 1987 2356
f 2362 2363 1995
f 1994 1881 2253
f 2340 1441 1439
f 2407 1961 1896
f 2029 2081 2082
f 2411 2108 2033
f 2149 2033 2132
f 2363 2097 2047
f 2063 2365 2020
f 2178 2365 2019
f 2365 2116 2177
f 2115 1948 2114
f 2120 2144 2106
f 1821 2417 2126
f 2417 2133 2197
f 2120 2106 2145
f 2073 2364 2096
f 2158 2160 2418
f 2157 2215 2179
f 2367 2222 2192
f 2368 2409 2410
f 2211 2419 2196
f 2417 2197 2134
f 2369 2202 1876
f 2370 2208 2209
f 2215 2366 2160
f 2117 2157 2179
f 2233 2371 2228
f 2050 1884 2003
f 2262 2278 2268
f 2372 150 105
f 2 188 2282
f 2304 130 115
f 130 2304 129
f 129 2304 125
f 20 2303 193
f 24 25 135
f 103 76 143
f 2373 433 298
f 196 197 215
f 168 2375 216
f 195 241 299
f 258 2375 217
f 331 330 377
f 2377 401 285
f 98 2374 314
f 2376 2378 479
f 2379 348 402
f 272 379 158
f 2380 131 381
f 2376 343 283
f 419 2382 324
f 2381 451 456
f 479 2378 478
f 591 478 2378
f 406 489 458
f 2383 540 567
f 524 561 459
f 337 2378 2376
f 2378 337 592
f 2384 697 101
f 1136 1138 1139
f 635 680 2322
f 2386 1427 1489
f 2385 762 686
f 2387 695 830
f 2387 784 1005
f 788 2388 1099
f 932 2389 1006
f 906 333 60
f 855 69 68
f 941 870 831
f 995 2287 996
f 695 2387 1005
f 1030 1036 1034
f 787 2388 788
f 1038 942 1060
f 1038 1060 1039
f 1073 1075 1078
f 1073 1078 1077
f 1073 1077 1067
f 1102 2388 1049
f 1098 1136 1139
f 1121 1125 1124
f 849 1130 63
f 1098 1156 1134
f 2390 1106 1105
f 1126 1153 1155
f 614 1346 1486
f 1215 1285 2392
f 1337 2391 1335
f 1337 2392 2334
f 1264 1379 1305
f 1474 2393 1542
f 2335 841 1446
f 1462 1411 1409
f 2343 1502 1500
f 1402 2395 1360
f 1530 2394 1435
f 2395 1402 1526
f 1570 1568 1485
f 2395 1403 1360
f 1386 1616 1590
f 2400 1659 1606
f 1611 2345 1644
f 1386 1590 1650
f 1635 2396 1649
f 1646 1542 2396
f 2396 1542 2393
f 1651 2397 1643
f 1688 2398 1670
f 2399 1592 1657
f 1665 1660 2400
f 1671 1659 2399
f 2400 2399 1659
f 2401 1683 1672
f 2401 1670 2398
f 1670 2401 1593
f 1674 1673 2421
f 2398 1318 1739
f 1674 2421 1642
f 1623 1689 1642
f 1623 2352 1690
f 2402 1709 1694
f 1709 2402 1706
f 2403 1706 2402
f 1425 1734 1211
f 1930 1208 1928
f 1842 2404 2298
f 1789 1836 1803
f 189 2405 3
f 1845 2405 1804
f 2406 2410 1892
f 10 1919 11
f 1938 1939 2069
f 1938 2069 2015
f 1892 1943 2406
f 2410 2409 1892
f 2415 2063 1949
f 1903 1961 2407
f 1963 2407 1898
f 2411 1975 1821
f 2413 2266 2419
f 2409 2021 1952
f 2031 2032 1968
f 2039 1986 2416
f 2002 2050 1883
f 2414 1908 2149
f 1948 2415 2113
f 2415 1948 2063
f 2040 2416 2073
f 2138 2110 2098
f 2133 2417 2095
f 2161 2199 2197
f 2137 2138 2098
f 2122 2266 2414
f 2414 2093 2122
f 2418 2154 2072
f 2156 2418 2366
f 2156 2366 2157
f 2156 2175 2176
f 2410 2406 2192
f 1825 2192 2406
f 2049 2419 2211
f 2161 2197 2133
f 2420 2211 2224
f 2420 2001 2211
f 2212 2420 2224
f 2371 2233 2271
f 2272 2412 2270
f 2267 2268 2278
f 1292 1257 1287
f 2300 2404 1784
f 2298 2404 2299
f 2380 381 380
f 385 381 477
f 366 2382 421
f 2382 366 324
f 1052 1126 1155
f 1623 2421 2351
f 1 2405 2
f 1825 1945 1944
f 2038 1986 2039
f 2158 2418 2072

