# https://github.com/mikedh/trimesh
v 0.06965564 1.16731200 -0.72762560
v 0.05709262 1.15630100 -0.72485860
v 0.05606045 1.13372000 -0.72595900
v 0.05046380 1.10280000 -0.72557410
v 0.05191374 1.08030400 -0.72470910
v 0.05363420 1.01647700 -0.73132300
v 0.06158320 0.99421500 -0.73344120
v 0.06279451 0.97226720 -0.73682400
v 0.06876263 0.95541950 -0.74184530
v 0.08250413 0.92886990 -0.75255780
v 0.08930614 0.90592890 -0.75700730
v 0.09569460 0.88577760 -0.75796190
v 0.10116200 0.86485140 -0.75815900
v 0.10487590 0.84479330 -0.75884010
v 0.10953960 0.82708210 -0.75903400
v 0.11226580 0.80711740 -0.75847850
v 0.11741550 0.76637950 -0.75516780
v 0.11873930 0.72742880 -0.75446290
v 0.12218050 0.70726090 -0.75457880
v 0.11713990 0.66102110 -0.75995210
v 0.12916060 0.63094560 -0.76728870
v 0.12914190 0.61433700 -0.77185260
v 0.12738420 0.58540430 -0.77351190
v 0.12335480 0.57220650 -0.76758390
v 0.11850500 0.55999880 -0.76404890
v 0.11929750 0.55788310 -0.76350840
v 0.11997780 0.55634210 -0.76188210
v 0.10569120 0.55601190 -0.76498440
v 0.09333667 0.56147300 -0.76822810
v 0.08243247 0.56399990 -0.77235360
v 0.06984253 0.56701940 -0.77742430
v 0.05593054 0.56695630 -0.78246550
v 0.04316962 0.56598820 -0.78602480
v 0.02858536 0.56293040 -0.78840770
v 0.01271991 0.56012700 -0.79027620
v -0.00329889 0.55737320 -0.78996100
v -0.02015683 0.55636200 -0.79088220
v -0.03748852 0.55626240 -0.79384360
v -0.05484682 0.55713040 -0.79688350
v -0.07104343 0.55728600 -0.78910060
v -0.08753816 0.55777430 -0.78348420
v -0.10057390 0.55611330 -0.77328310
v -0.11581170 0.55403380 -0.76376270
v -0.13360470 0.55478320 -0.75182850
v -0.15418060 0.56044860 -0.73564060
v -0.17095900 0.57169520 -0.70669690
v -0.16419470 0.57624110 -0.67644220
v -0.15930760 0.61005120 -0.68428690
v -0.14407050 0.64204360 -0.69391160
v -0.13533740 0.65442080 -0.69062290
v -0.12983580 0.67221760 -0.69004500
v -0.11730730 0.68326630 -0.68680870
v -0.08985919 0.72529930 -0.66514890
v -0.10114410 0.75268250 -0.65216740
v -0.10249340 0.76928110 -0.65174450
v -0.09934889 0.79922780 -0.64249030
v -0.10372740 0.81514400 -0.64208420
v -0.11321060 0.84949110 -0.64090920
v -0.11386220 0.86836180 -0.63638100
v -0.11368160 0.88796860 -0.63221990
v -0.11033480 0.93017840 -0.62772920
v -0.10341220 1.00170100 -0.61434710
v -0.10311670 1.01750800 -0.61054250
v -0.10183800 1.03963300 -0.60704920
v -0.09824737 1.06157000 -0.60622850
v -0.10420480 1.07041900 -0.59255580
v -0.10154160 1.08840700 -0.59248390
v -0.09878083 1.10660100 -0.59297640
v -0.10245400 1.11687900 -0.58425680
v -0.09700729 1.14398400 -0.58951250
v -0.08637200 1.16220200 -0.58755950
v -0.07829152 1.18570900 -0.58892400
v -0.06346492 1.19617800 -0.58124380
v -0.03547216 1.24585300 -0.56376660
v -0.02871755 1.24856700 -0.58128270
v -0.01821509 1.25885300 -0.59532000
v -0.00465597 1.27612800 -0.60588200
v 0.01083901 1.30050700 -0.60981000
v 0.02724028 1.32713400 -0.61223200
v 0.04321139 1.35218900 -0.61517680
v 0.06979892 1.36908400 -0.61778730
v 0.09896668 1.36907500 -0.61395880
v 0.09293685 1.36754700 -0.62903120
v 0.09955609 1.35763300 -0.64533290
v 0.10099900 1.35465500 -0.66177190
v 0.08054089 1.35657200 -0.67453540
v 0.06265443 1.35183900 -0.67533470
v 0.04762978 1.33824800 -0.67485130
v 0.03771414 1.32086300 -0.67375990
v 0.02890862 1.30202100 -0.67407790
v 0.02011642 1.28072200 -0.67631240
v 0.01324341 1.25695800 -0.68367970
v 0.01013615 1.23269000 -0.69246130
v 0.01265708 1.21146800 -0.70157940
v 0.02229987 1.19206800 -0.71137020
v 0.04109760 1.17695000 -0.71796100
v 0.09577942 0.59297150 -0.76625140
v -0.07953431 0.65756250 -0.76858530
v -0.12529090 0.60736140 -0.74985860
v -0.15294020 0.58892800 -0.73087840
v -0.15965060 0.59296360 -0.67548270
v -0.03536209 1.22429000 -0.60983870
v -0.02547786 1.24413100 -0.60061530
v 0.07853036 1.36387400 -0.64035850
v 0.09600242 0.57244370 -0.76634080
v 0.06798352 0.59555310 -0.77871000
v 0.01144779 0.64400930 -0.79482110
v 0.08561642 1.35904700 -0.65635100
v -0.12683140 0.57133830 -0.75866670
v -0.15959260 0.57485580 -0.72654830
v 0.06140879 1.36038700 -0.62796030
v 0.00554100 1.28483100 -0.61781630
v 0.06386985 0.58217210 -0.78113100
v 0.04449438 1.33635900 -0.62753390
v -0.03832435 0.60109680 -0.78724210
v -0.14445350 0.56924920 -0.74410750
v 0.04995734 0.58191180 -0.78659520
v 0.05263979 1.34175600 -0.65987580
v -0.09541630 0.57726260 -0.77547980
v -0.06318708 0.57292660 -0.79184850
v -0.10998140 0.56455270 -0.76866730
v 0.02007212 0.57433890 -0.79125480
v 0.04261784 1.32917400 -0.66365800
v 0.04464132 1.33020800 -0.64726340
v -0.02040803 0.56961480 -0.78940380
v 0.00095287 0.57800910 -0.79254240
v 0.03279707 1.31277900 -0.66049100
v -0.11248300 0.58325660 -0.76890380
v -0.03871206 0.57454900 -0.79057540
v -0.04924904 0.58753450 -0.78976130
v -0.02256744 0.95945390 -0.69720280
v -0.03507646 1.07937000 -0.69017840
v -0.00251370 1.14333400 -0.71859080
v 0.10713800 0.61410140 -0.77157910
v 0.11077650 0.58461520 -0.77455070
v 0.06141273 0.70681620 -0.78135930
v -0.14334700 0.62469630 -0.71448100
v -0.15151500 0.60699980 -0.71135930
v -0.16277010 0.59217660 -0.70575530
v -0.05066441 1.20675400 -0.59419340
v -0.03256304 1.20263100 -0.65962170
v 0.10929270 0.57076960 -0.77015060
v -0.01268021 1.25757900 -0.61394900
v -0.02430990 1.23824600 -0.61567370
v -0.00283556 1.26625800 -0.62677800
v -0.00525843 1.24677000 -0.65429490
v -0.03221623 1.22148800 -0.62778000
v -0.01318401 1.24686400 -0.63194870
v 0.00070691 1.26118600 -0.64739570
v 0.08319754 0.58725630 -0.76859570
v 0.03684035 0.58401510 -0.79037550
v -0.12695570 0.59199950 -0.75623160
v -0.11064530 0.60369720 -0.76297670
v 0.05951536 1.34867700 -0.64064760
v -0.07815885 0.57571550 -0.78582410
v -0.06159251 0.85079750 -0.68953340
v 0.01931420 0.88667250 -0.75066800
v -0.06779315 0.95406000 -0.68071630
v -0.07381155 1.09678700 -0.64597230
v 0.02287913 1.17550400 -0.71404180
v 0.03030184 1.14578600 -0.71964370
v 0.10297950 0.64579520 -0.76118260
v 0.11787330 0.61209510 -0.77115370
v 0.11493450 0.59944740 -0.77575830
v 0.10514630 0.59897970 -0.77303330
v 0.10346010 0.58483820 -0.76841700
v 0.09127570 0.70968320 -0.76825210
v -0.11456620 0.68545430 -0.70750610
v -0.15463700 0.62644210 -0.69272360
v -0.05899086 1.18237900 -0.62876420
v -0.06854901 1.19071600 -0.60042270
v 0.00875695 1.26480300 -0.66672540
v -0.01288751 1.22784300 -0.66351860
v 0.05203415 0.59751060 -0.78776330
v 0.01952188 0.59087950 -0.79396730
v 0.03703603 0.60505640 -0.79383990
v -0.14289830 0.60385600 -0.73722810
v -0.13631490 0.61747010 -0.73697190
v -0.11737090 0.64087900 -0.74874010
v -0.11362900 0.62217240 -0.75672490
v -0.13998200 0.58481550 -0.74737200
v -0.08802095 0.62737550 -0.77381320
v -0.08643103 0.60917700 -0.77875170
v -0.10016390 0.61863970 -0.76803260
v -0.10149840 0.63984820 -0.76199630
v 0.07313804 0.83660330 -0.76688010
v 0.03924797 0.96183990 -0.73942180
v 0.04508812 1.16545600 -0.72025710
v 0.04716713 1.14445700 -0.72219330
v 0.03010955 1.12860800 -0.71872990
v 0.11562510 0.62630900 -0.76760310
v 0.10743190 0.63013980 -0.76696020
v 0.10942780 0.64487530 -0.76144280
v -0.09550828 0.72235870 -0.69024210
v -0.07817281 0.75072250 -0.68278960
v -0.12814140 0.65983140 -0.71563090
v -0.12321570 0.67108100 -0.70656200
v -0.03937712 1.23389900 -0.57788840
v -0.04098917 1.22461100 -0.59197210
v -0.04626698 1.20241600 -0.62762010
v -0.07982943 1.15574900 -0.61606750
v -0.07519996 1.17058500 -0.60267990
v 0.00494553 1.20416500 -0.69963990
v -0.00269426 1.22138000 -0.68600640
v 0.00256378 1.24305500 -0.67640260
v -0.01710867 1.21178300 -0.67438960
v -0.01825166 1.18168400 -0.69781520
v -0.02522052 1.19444600 -0.68149790
v -0.00800641 1.20026900 -0.69273470
v 0.02119327 0.60848660 -0.79592510
v 0.00322723 0.59787360 -0.79437250
v -0.01257667 0.59693290 -0.79044830
v -0.13457930 0.63992510 -0.72329560
v -0.12163610 0.65037750 -0.73601320
v -0.11909250 0.66817660 -0.72708530
v -0.11097540 0.68342600 -0.72688860
v -0.10279700 0.70547040 -0.69840910
v -0.08975683 0.82113440 -0.65930860
v -0.10657390 0.83114370 -0.64640960
v -0.09524514 0.84053810 -0.66011770
v -0.07088478 0.82631800 -0.67059150
v 0.09668553 0.79872780 -0.76577620
v -0.10135050 0.94713360 -0.63758090
v -0.09848278 0.92899290 -0.64809200
v 0.03634452 0.99728760 -0.73281660
v 0.03789841 1.03373400 -0.72582700
v 0.05243723 0.94799530 -0.73968850
v 0.04050409 0.98048910 -0.73637550
v 0.06521062 0.93603920 -0.74723940
v -0.08952731 1.08295300 -0.61183560
v 0.03234458 1.08864600 -0.71911440
v 0.03516211 1.07028700 -0.71994330
v 0.02012871 1.15666200 -0.71613520
v 0.04689407 1.12156600 -0.72265520
v 0.01135289 1.13546900 -0.71676640
v 0.10607310 0.66022610 -0.76091160
v 0.08021509 0.60193360 -0.76953350
v 0.11697470 0.68984930 -0.75663650
v 0.10717710 0.71561130 -0.75983480
v -0.09613660 0.71508250 -0.67389960
v -0.08798356 0.74225980 -0.66370010
v -0.08947436 0.77741820 -0.66200410
v -0.08573070 0.79401060 -0.65866730
v -0.07070448 0.80900940 -0.67797520
v -0.10639840 0.70028160 -0.68308470
v -0.04504735 1.21105300 -0.61797700
v -0.05919496 1.19603400 -0.61305390
v -0.04953032 1.19326100 -0.64628840
v -0.02443432 1.21787700 -0.65280990
v -0.03571189 1.21250000 -0.63885390
v -0.06619835 1.18012700 -0.61173740
v -0.08894647 1.15355300 -0.60312420
v -0.06997422 1.16841300 -0.62507780
v 0.05293075 0.60771970 -0.78829150
v 0.00603354 0.62030960 -0.79391590
v -0.09930579 0.68405260 -0.74080380
v -0.09335595 0.70463730 -0.73738010
v -0.09767650 0.71688350 -0.71576130
v -0.08713183 0.72824520 -0.72706530
v -0.08885858 0.67346910 -0.75504530
v -0.10663620 0.66894050 -0.74298590
v -0.10324880 0.86160030 -0.65427280
v -0.10488210 0.87770890 -0.65011450
v -0.09968130 0.89370680 -0.65517370
v -0.09171090 0.80735400 -0.65425280
v -0.07927769 0.80978270 -0.66326670
v 0.09461015 0.83378490 -0.76350920
v 0.11312690 0.78990120 -0.75870130
v 0.10405340 0.77873170 -0.76428850
v -0.10532820 0.96721250 -0.62339250
v -0.09711018 0.99080630 -0.62972260
v -0.07997205 0.96727650 -0.66370430
v -0.09207381 1.01091400 -0.63156030
v 0.05640231 1.03794400 -0.72846900
v 0.04828996 1.05668600 -0.72538310
v 0.02247648 0.97028720 -0.73365280
v 0.06952200 0.89570060 -0.75914310
v -0.08997667 1.10060700 -0.60743950
v -0.08895683 1.11631900 -0.60857900
v -0.08280313 1.09882900 -0.63018600
v -0.07939939 1.08238500 -0.63400670
v 0.01627515 1.07526600 -0.71329290
v 0.02586944 1.05380300 -0.71736130
v 0.02880576 1.11090700 -0.71745070
v 0.00977544 1.11849000 -0.71948110
v 0.09569781 0.62014490 -0.76435740
v 0.07988689 0.64575650 -0.77061600
v 0.09341485 0.63684410 -0.76307950
v 0.09632865 0.68570230 -0.76403290
v 0.09849657 0.66697880 -0.76121460
v 0.08077603 0.67642090 -0.77417450
v 0.08786124 0.65596490 -0.76611310
v 0.09768889 0.72245070 -0.76571440
v 0.11236870 0.75258090 -0.75781390
v -0.08602631 0.73236420 -0.68267190
v -0.07039805 0.75375590 -0.70624820
v -0.08815707 0.73749430 -0.70389540
v -0.07673044 0.76084050 -0.69047250
v -0.09266048 0.76180340 -0.67070540
v -0.09993697 0.78454090 -0.64936830
v -0.07484125 0.78594400 -0.69540300
v -0.05682522 1.16387900 -0.67051980
v -0.03927858 1.17594600 -0.68468920
v -0.02038749 1.23023200 -0.64194800
v -0.08928366 1.13385300 -0.60494640
v -0.07729151 1.15664500 -0.63564690
v -0.06421626 1.17273400 -0.64851980
v -0.07247949 1.15059500 -0.65695270
v -0.04426641 1.18386000 -0.66550960
v 0.03795201 0.61384120 -0.79536490
v 0.02223673 0.62451700 -0.79616100
v -0.01009534 0.61507860 -0.79132140
v -0.02966587 0.67246260 -0.78486850
v -0.09624011 0.65712260 -0.75788230
v -0.08514383 0.89828940 -0.67234290
v -0.07593036 0.86441330 -0.68215270
v -0.07385893 0.88127770 -0.68332750
v 0.07770763 0.87323170 -0.76156450
v 0.07256250 0.85219460 -0.76451960
v 0.05505244 0.88440410 -0.75648720
v 0.03858016 0.87569570 -0.75383910
v 0.05901400 0.86336240 -0.76154720
v 0.05090302 0.84642880 -0.76484680
v 0.05566268 0.82511730 -0.77006410
v 0.09851716 0.76493900 -0.76705190
v 0.08665724 0.78570040 -0.77027610
v 0.07804709 0.80240370 -0.77022280
v -0.09257897 0.97043540 -0.64250470
v -0.08663030 0.99179710 -0.64518130
v -0.07879631 1.00731600 -0.65195560
v -0.07164142 0.99525290 -0.66475600
v -0.07178216 1.01690900 -0.65803620
v -0.11392750 0.91098200 -0.62299560
v -0.09417818 1.03117200 -0.62339190
v -0.09259490 1.05016000 -0.62021020
v -0.07434043 1.03843500 -0.65072010
v 0.02128530 1.03097800 -0.71915930
v -0.08755780 1.12526600 -0.62449170
v -0.08689540 1.11056700 -0.62377910
v -0.07217583 1.10838800 -0.66009750
v -0.06242093 1.07412600 -0.66219130
v -0.08643359 1.06556500 -0.62532510
v 0.00917119 1.05686200 -0.71025180
v -0.01784048 1.08098800 -0.70065880
v -0.00853655 1.12457400 -0.71865750
v 0.09840999 0.60792770 -0.76581490
v 0.08111399 0.62887240 -0.76846200
v 0.06501744 0.61076900 -0.78082590
v 0.05146996 0.62061040 -0.78909880
v 0.09869999 0.69513000 -0.76129710
v 0.10618430 0.67628370 -0.75901960
v 0.07954462 0.69648740 -0.77440910
v 0.10569640 0.74250760 -0.76367370
v -0.07847644 0.74818600 -0.72220110
v -0.07448369 0.79101580 -0.67387840
v -0.08677046 1.14316700 -0.62289000
v -0.02675601 0.61151630 -0.78956260
v -0.04653690 0.64060460 -0.78503050
v -0.07916558 0.71442300 -0.74440800
v -0.09365139 0.91555900 -0.65887620
v -0.09082118 0.87531750 -0.66861260
v -0.02655452 0.88215050 -0.70291330
v -0.05746054 0.86840050 -0.69116640
v 0.04056809 0.86157540 -0.75815540
v 0.03445298 0.89573610 -0.74856670
v 0.03519640 0.83054350 -0.76719210
v 0.07929063 0.82059620 -0.76804850
v 0.09489661 0.81474690 -0.76543060
v -0.08351600 1.04724400 -0.63635260
v -0.08407741 1.02525600 -0.64017860
v -0.07919175 1.11440100 -0.63897200
v -0.07716739 1.11924900 -0.65503810
v -0.07135068 1.07991400 -0.64882310
v -0.07546382 1.06404800 -0.64780900
v -0.06415755 1.02973000 -0.66371040
v -0.05474471 1.01803000 -0.67791480
v -0.06016564 1.00515500 -0.67457190
v -0.05743089 0.98733460 -0.68164760
v -0.06797426 0.97110400 -0.67683080
v -0.05129615 0.96776920 -0.68913310
v -0.03995593 0.94824180 -0.69091570
v -0.06624679 0.93406420 -0.68419510
v -0.04479226 1.00373000 -0.68848820
v -0.05234460 0.94539000 -0.68898380
v -0.04826934 0.92700850 -0.68788470
v -0.02712127 0.99090070 -0.69723020
v -0.05992325 0.91432000 -0.68716660
v -0.07703798 0.91604540 -0.67775200
v -0.03365856 0.89836900 -0.69672520
v -0.05141753 0.88962000 -0.68930040
v -0.06636036 0.90005630 -0.68574340
v -0.01163197 1.04490700 -0.70208660
v -0.02455872 1.02384200 -0.69765290
v -0.03302289 1.03966000 -0.69147080
v -0.00463175 1.06912700 -0.70497590
v -0.04316890 1.05919600 -0.68229750
v -0.05146029 1.07044200 -0.67509430
v -0.06167013 1.05299300 -0.66517990
v -0.01458370 1.09911700 -0.70827390
v -0.04320202 1.14573000 -0.69926030
v -0.00429489 1.10827200 -0.71527620
v 0.06794039 0.62257080 -0.77921670
v -0.08236742 1.13428500 -0.64226930
v -0.07263494 0.61947810 -0.78184270
v -0.06433275 0.60432810 -0.78614280
v -0.00684333 0.64174920 -0.79186210
v -0.02794842 0.62941060 -0.78918290
v -0.06464298 0.66867920 -0.77323630
v -0.07565298 0.84568950 -0.67405770
v 0.03136788 0.93977420 -0.74270050
v 0.06348111 0.78977060 -0.77386250
v 0.07537208 0.75676120 -0.77599710
v 0.06584696 0.73873570 -0.77996210
v 0.07345829 0.71718940 -0.77719190
v 0.06306002 0.77589600 -0.77576170
v 0.08003550 0.77306300 -0.77323860
v 0.09221792 0.75238870 -0.77058550
v 0.00783420 0.80181470 -0.76041760
v 0.06130512 0.80887410 -0.77155020
v 0.04312249 0.80641450 -0.77256380
v 0.03187509 0.82089680 -0.76961020
v -0.05940090 0.77043050 -0.73540350
v 0.01632184 0.74846920 -0.78180690
v 0.02418911 0.80732520 -0.77225410
v -0.06158823 0.76441050 -0.72335670
v 0.02525863 0.78504710 -0.77722780
v 0.04269054 0.76806390 -0.77782990
v 0.05867975 0.75602910 -0.77918930
v 0.00505199 0.78059780 -0.76537560
v 0.01587632 0.83790180 -0.75782040
v 0.04316093 0.78971000 -0.77507290
v 0.02075504 0.76995350 -0.77923990
v -0.07192759 0.77300320 -0.70758570
v 0.01809373 0.98335200 -0.72870530
v 0.00477520 0.98874310 -0.71346870
v -0.03295253 0.91719790 -0.69719480
v -0.02699326 1.00856700 -0.69718280
v -0.03927355 1.02158000 -0.68976860
v -0.06419898 1.09343300 -0.66262070
v -0.04837134 1.10726300 -0.68975920
v -0.06096517 1.10554600 -0.67587170
v -0.06692019 1.12043100 -0.67543160
v -0.05122476 1.08963400 -0.67905420
v -0.04090086 1.09744900 -0.69208190
v -0.05036352 1.03667100 -0.67726510
v -0.00063666 1.08832900 -0.71007840
v -0.04849690 1.15833700 -0.68780460
v -0.03143609 1.16419200 -0.70080780
v -0.06005968 1.13908000 -0.68207320
v -0.01265732 1.16475900 -0.70950660
v -0.02083509 1.13136700 -0.71578300
v -0.04257118 1.12046500 -0.69952580
v -0.02821583 1.15000300 -0.70885970
v -0.03511158 1.10816200 -0.70193700
v -0.05509569 1.11722300 -0.68725650
v -0.02420141 1.11708900 -0.71074780
v -0.04945080 0.62072880 -0.78663520
v -0.01487329 0.65663100 -0.78895050
v 0.01298652 0.68165910 -0.78930690
v 0.00325522 0.66054660 -0.79071900
v 0.05988579 0.69185440 -0.78272530
v -0.07590956 0.67413780 -0.76342210
v -0.04510805 0.66319790 -0.78242900
v -0.08136789 0.69152310 -0.75343880
v -0.06931320 0.70308770 -0.75973320
v -0.06576410 0.68557640 -0.76708520
v -0.05031601 0.68212040 -0.77727790
v -0.09085596 0.85701020 -0.66936370
v 0.02756527 0.91743040 -0.74633920
v 0.01312398 0.93232920 -0.73907540
v -0.00654589 0.93035610 -0.72034690
v 0.00227652 0.92429190 -0.73328550
v -0.00124114 0.84143700 -0.74617070
v -0.06649569 0.75234510 -0.73761870
v -0.03595637 0.75935880 -0.75106480
v 0.05336749 0.72514540 -0.78347890
v -0.02887422 0.93743110 -0.69570540
v -0.00621689 0.99702620 -0.70300690
v -0.00589521 1.02025400 -0.70315710
v -0.02688109 1.09353400 -0.70004020
v -0.07255985 1.13274500 -0.66393290
v -0.06417885 1.14884000 -0.67203450
v 0.00178448 1.18503900 -0.70615900
v 0.00313455 1.16350000 -0.71535750
v -0.01558970 1.14768600 -0.71526870
v -0.05131108 1.13056800 -0.69255290
v 0.07296318 0.65992850 -0.77840230
v -0.06371358 0.63226600 -0.78253860
v -0.02661694 0.64852690 -0.78799260
v -0.06100502 0.65144340 -0.77983650
v -0.05593057 0.71492180 -0.76590450
v -0.01453748 0.92256770 -0.70630730
v -0.01515397 0.90105460 -0.71084450
v -0.00750347 0.91273560 -0.72637680
v 0.00169856 0.89994930 -0.74004450
v -0.03746069 0.86754580 -0.69718290
v -0.04194081 0.88231520 -0.69346940
v -0.01011456 0.94471740 -0.70682740
v 0.01601052 0.95417640 -0.73462540
v 0.00296021 0.87138660 -0.74672780
v 0.00733869 0.85495840 -0.75067030
v 0.01961938 0.86924990 -0.75340970
v -0.06276096 0.79574930 -0.68888150
v -0.06272714 0.79293370 -0.70780440
v -0.04902503 0.79785690 -0.71564260
v -0.05087285 0.78420510 -0.73428210
v -0.04608553 0.79780560 -0.72846790
v -0.03471459 0.78148820 -0.73871400
v -0.00943696 0.79706970 -0.76247320
v -0.02489021 0.79486880 -0.75427890
v -0.05999127 0.78549800 -0.72256470
v -0.06788970 0.73496370 -0.73831330
v -0.05179745 0.74418240 -0.74940710
v -0.03298907 0.74430540 -0.76575920
v -0.02310351 0.76260170 -0.76666960
v -0.04547797 0.72949190 -0.76205430
v -0.05006137 0.76444550 -0.74061340
v 0.04753062 0.74312900 -0.78216160
v 0.00749664 0.73009670 -0.78298840
v 0.02659941 0.72676160 -0.78479330
v 0.00101018 0.74280290 -0.77751730
v -0.01405608 0.77979630 -0.76626450
v -0.00722546 0.67678020 -0.78861140
v -0.00612453 0.68978560 -0.78739630
v -0.02392643 0.70301520 -0.78247130
v 0.05797551 0.67715540 -0.78440690
v 0.05062810 0.63331580 -0.78919570
v -0.03463912 0.69354600 -0.78124770
v -0.05143151 0.70061590 -0.76989500
v -0.06295731 0.72406500 -0.75300230
v 0.04821136 0.90351490 -0.74812350
v 0.04571562 0.92443470 -0.74280120
v 0.06191474 0.91405750 -0.75351160
v -0.04218554 0.85053780 -0.69620680
v -0.02860184 0.85208400 -0.70743000
v -0.04752867 0.83691670 -0.69450120
v -0.06019824 0.83272450 -0.68736610
v -0.00902102 0.85818570 -0.74311930
v -0.01671146 0.87836810 -0.71839490
v -0.04375888 0.81071410 -0.70932690
v -0.00315587 0.96125330 -0.71056580
v -0.00056256 0.94474590 -0.72301520
v 0.00376640 0.88483040 -0.74473310
v -0.00997178 0.89016270 -0.73232020
v 0.02582278 0.85119640 -0.75805450
v -0.01085865 0.81309850 -0.75590820
v -0.01610552 0.83016490 -0.74589500
v 0.00517249 0.82455420 -0.75292420
v -0.02784468 0.80105550 -0.73519990
v -0.03591982 0.81755440 -0.72153090
v -0.03276363 0.83281080 -0.70804030
v -0.02312293 0.82235360 -0.72957730
v -0.02355098 0.83890360 -0.72580400
v -0.02483767 0.81227150 -0.74332240
v -0.02698671 0.72735240 -0.77266250
v -0.01058026 0.73080800 -0.77801010
v -0.03964965 0.71498920 -0.77343330
v 0.00008526 0.76114340 -0.77020480
v 0.04514997 0.70761010 -0.78600820
v -0.00963932 0.70328330 -0.78551830
v 0.00807875 0.69770790 -0.78645560
v 0.06588971 0.64141490 -0.78169950
v 0.03877881 0.62573710 -0.79390160
v -0.02511454 0.86739380 -0.70724960
v -0.02114195 0.85903640 -0.72497270
v -0.01775405 0.84578480 -0.73874020
v -0.05382574 0.80510210 -0.69481930
v -0.01174781 0.97608880 -0.70157030
v -0.01133498 0.87426260 -0.73621210
v -0.02016142 0.71535830 -0.77989490
v -0.01388730 0.74524790 -0.77262200
v -0.00184113 0.71547070 -0.78474360
v 0.04142932 0.68758300 -0.78911750
v 0.03057378 0.70510770 -0.78860840
v 0.01701963 0.70845740 -0.78687920
v 0.05949282 0.66178120 -0.78476250
v 0.04836685 0.65054120 -0.79055390
v 0.03262966 0.64434600 -0.79587370
v 0.03190517 0.66804730 -0.79557860
v 0.02604098 0.68867540 -0.79366320
v 0.04451000 0.67031710 -0.79115450
v -0.09838468 0.59693040 -0.77572070
v 0.02787628 1.31675400 -0.62241840
v 0.03498162 1.31808000 -0.63841690
v 0.02091219 1.30175100 -0.62840880
v 0.01508281 1.28369100 -0.65404630
v 0.01108323 1.28324000 -0.63745100
v 0.02482814 1.30199400 -0.64647120
v 0.02489795 1.29800700 -0.66242160
v -0.08668849 0.95019980 -0.65903190
v 0.01502734 1.00257900 -0.72185360
v 0.02418955 1.01509400 -0.72512020
v -0.08131098 0.93359100 -0.67066440
v -0.02763305 0.77650340 -0.75792220
v -0.00807036 1.12021200 -0.40559510
v -0.02090901 1.09511000 -0.41239720
v -0.02555726 1.07725100 -0.42016520
v -0.03048380 1.02363100 -0.42219320
v -0.03108794 1.00490900 -0.42016950
v -0.03351022 0.98533340 -0.41779260
v -0.03442204 0.96523900 -0.41540010
v -0.03800363 0.94385040 -0.41418900
v -0.03708530 0.90950310 -0.41000450
v -0.02855738 0.89162620 -0.40387320
v -0.02061981 0.82935030 -0.39849520
v -0.02430947 0.75461650 -0.40125370
v -0.02733124 0.73783250 -0.40368840
v -0.03137220 0.71927650 -0.40692690
v -0.03607702 0.70145800 -0.41217020
v -0.04163990 0.68669230 -0.41687410
v -0.03976968 0.66468920 -0.41999700
v -0.05299158 0.65427130 -0.43033630
v -0.07182444 0.60569360 -0.44867160
v -0.07213874 0.58551250 -0.45006620
v -0.08071133 0.56447700 -0.46513830
v -0.08273757 0.54887440 -0.47625960
v -0.08626709 0.53645420 -0.48551760
v -0.08700496 0.53419310 -0.48567350
v -0.08636287 0.53213890 -0.48576810
v -0.09451313 0.53195320 -0.49960590
v -0.10661640 0.53716760 -0.50319780
v -0.11983510 0.54396620 -0.49692160
v -0.13221000 0.55077240 -0.48860650
v -0.14670340 0.55805230 -0.48821710
v -0.15018440 0.56283940 -0.50362920
v -0.14425350 0.56752730 -0.51881010
v -0.13644930 0.57303370 -0.53266850
v -0.13052420 0.57850220 -0.54599350
v -0.12403520 0.58361860 -0.55819070
v -0.11349030 0.58816210 -0.56438450
v -0.11505000 0.59167640 -0.57694100
v -0.12464040 0.59422650 -0.58528300
v -0.12985770 0.59619550 -0.58920590
v -0.13187580 0.59591030 -0.59141220
v -0.14227160 0.59475390 -0.60120860
v -0.14739220 0.59203980 -0.61516160
v -0.15233950 0.58729220 -0.63263730
v -0.15859510 0.58223710 -0.65261960
v -0.03931615 1.24910000 -0.54453500
v -0.03776960 1.25951400 -0.52882180
v -0.03569451 1.27385800 -0.51003030
v -0.02447631 1.29297700 -0.49250750
v -0.01130261 1.31398900 -0.47732680
v 0.00029194 1.33253500 -0.46199790
v 0.01829538 1.34940300 -0.44996430
v 0.04623291 1.35081200 -0.44072930
v 0.02281283 1.33988200 -0.41996010
v 0.01519063 1.33051100 -0.40317990
v -0.00802889 1.33279500 -0.40065910
v -0.02530228 1.32834400 -0.40551020
v -0.03378234 1.31420900 -0.41341780
v -0.03873539 1.29683300 -0.42250130
v -0.04434837 1.27728300 -0.43020120
v -0.05078889 1.25452700 -0.43853230
v -0.05752126 1.22818900 -0.44269810
v -0.05822269 1.20262200 -0.44238030
v -0.05413134 1.17559300 -0.43966580
v -0.04498933 1.15466200 -0.43247430
v -0.03100862 1.13690600 -0.42202500
v -0.15284690 0.61893640 -0.63710830
v -0.04305493 1.23616000 -0.55681530
v -0.06329070 1.23124800 -0.49446260
v 0.02904766 1.34795900 -0.43315120
v -0.09712425 0.62644690 -0.49714830
v -0.13246630 0.62730350 -0.60070210
v -0.04505690 1.26507300 -0.48518340
v -0.02656715 1.29846100 -0.45978660
v 0.00936456 1.34183200 -0.42999360
v -0.00964823 1.32296400 -0.45465310
v -0.11737460 0.59615430 -0.49124090
v -0.14891140 0.60196520 -0.63005400
v -0.03376072 1.27821800 -0.49238090
v -0.02081115 1.30053400 -0.47717610
v -0.00287385 1.33840100 -0.41622740
v -0.02268507 1.32602600 -0.42769390
v 0.00500016 1.34235600 -0.44523270
v -0.11465280 0.62027640 -0.57117340
v -0.14115000 0.60468770 -0.49587710
v -0.09854128 0.54452450 -0.50224190
v -0.13468470 0.60937140 -0.59558130
v -0.12523530 0.61085160 -0.58633230
v -0.11380460 0.60393590 -0.56919590
v -0.13461750 0.56895900 -0.48751980
v -0.14163800 0.58716340 -0.52531370
v -0.14382060 0.61270910 -0.61626660
v -0.12747040 0.60005530 -0.55104900
v -0.11808580 0.61147730 -0.55798790
v -0.11876400 0.60533710 -0.58065320
v -0.11622600 0.59922830 -0.56054990
v -0.09793607 0.81790770 -0.48965220
v -0.10680680 1.05508200 -0.49618010
v -0.07226758 1.11348400 -0.45687820
v -0.15163440 0.63602960 -0.64986890
v -0.06637016 1.20988700 -0.54116480
v -0.11819290 0.75089820 -0.59724460
v -0.08290902 0.61692720 -0.47743190
v -0.16030040 0.60749760 -0.65692260
v -0.15533580 0.62011270 -0.66311190
v -0.01766252 1.31068700 -0.45888350
v -0.03351124 1.28403200 -0.47307980
v -0.04856294 1.26311300 -0.46401100
v -0.04127018 1.27923400 -0.45205220
v -0.04813624 1.26424200 -0.44662970
v -0.05582662 1.24569100 -0.45214740
v -0.03691876 1.29302900 -0.44136890
v -0.05981567 1.23977100 -0.46842980
v -0.06597337 1.21545100 -0.45902230
v -0.05232779 1.24832400 -0.49971890
v -0.05616595 1.24856500 -0.48177850
v -0.09387591 1.17269800 -0.49333680
v -0.04653948 1.23942500 -0.53883190
v -0.08127660 1.19390100 -0.48642910
v -0.06916520 1.21949700 -0.47927870
v -0.09030907 0.54785620 -0.49273410
v -0.08917155 0.55917690 -0.48414340
v -0.09547520 0.56347560 -0.50080570
v -0.10036990 0.59647760 -0.49998450
v -0.09605881 0.58073150 -0.50042680
v -0.11026070 0.58093260 -0.49378450
v -0.08832220 0.59560350 -0.49130690
v -0.08334751 0.57933200 -0.47710290
v -0.12177150 0.56297580 -0.49140280
v -0.10910840 0.56222360 -0.49905230
v -0.10729500 0.61251670 -0.49899720
v -0.09038488 0.60817960 -0.49342310
v -0.13487950 0.58984180 -0.48949290
v -0.14621710 0.58121850 -0.49485340
v -0.14706650 0.58546370 -0.51042270
v -0.00867256 1.33310100 -0.43919940
v -0.13889100 0.61054840 -0.53138760
v -0.06908741 0.81875470 -0.44076560
v -0.11011660 0.79770550 -0.57226530
v -0.07788823 0.93851940 -0.45113950
v -0.11549850 0.98520960 -0.52930960
v -0.05584352 1.13312600 -0.43622140
v -0.15420440 0.63421190 -0.67237700
v -0.06521377 1.18725300 -0.45263620
v -0.07572326 1.19238300 -0.46932760
v -0.08609064 1.17034400 -0.47537820
v -0.07851271 0.61276420 -0.46356200
v -0.07468371 0.65877040 -0.45000080
v -0.15052590 0.63939660 -0.63113520
v -0.14326300 0.62825930 -0.61596060
v -0.04333217 1.25975500 -0.50596660
v -0.05089428 1.24208100 -0.51835710
v -0.05836774 1.22534900 -0.53054470
v -0.05969850 1.23207700 -0.50982940
v -0.06980085 1.21250400 -0.51964800
v -0.05396371 1.22374800 -0.54907710
v -0.05202959 1.21910900 -0.57243030
v -0.06392106 1.20587000 -0.56191740
v -0.12393730 0.58071170 -0.48953850
v -0.08809032 0.57725010 -0.48896620
v -0.08313900 0.59568420 -0.47872790
v -0.07848352 0.59220340 -0.46635010
v -0.12578650 0.64260590 -0.55132370
v -0.11554940 0.64095410 -0.57502470
v -0.12161150 0.67478730 -0.58270850
v -0.11502470 0.65939910 -0.57329460
v -0.11709320 0.62951270 -0.56021610
v -0.11763250 0.64939700 -0.55821060
v -0.12922880 0.61963690 -0.54620900
v -0.13585560 0.63086590 -0.53871900
v -0.13005670 0.67561410 -0.53544840
v -0.11482620 0.67841920 -0.57179070
v -0.11756130 0.66807280 -0.55845090
v -0.12490050 0.68282360 -0.54794560
v -0.11672150 0.69778480 -0.57825870
v -0.12820320 0.69232170 -0.59230830
v -0.12500820 0.71401200 -0.58439080
v -0.11291160 0.71805100 -0.57138720
v -0.13203340 0.71332850 -0.59921370
v -0.12605400 0.70555590 -0.54916130
v -0.11524310 0.70582180 -0.56468610
v -0.13484850 0.68121550 -0.60543760
v -0.12883780 0.67114330 -0.59160600
v -0.13635630 0.66757720 -0.60569770
v -0.13671840 0.65304150 -0.60656290
v -0.12750520 0.72822610 -0.59510160
v -0.12862240 0.69343310 -0.51078090
v -0.12460540 0.63222330 -0.49135940
v -0.13047110 0.69358570 -0.53193760
v -0.11573430 0.69055810 -0.56298510
v -0.12180870 0.73062470 -0.57723810
v -0.13677520 0.69980790 -0.61095910
v -0.12792120 0.71315400 -0.61639210
v -0.11243040 0.63282300 -0.49706560
v -0.12014260 0.65570030 -0.49353370
v -0.13515820 0.62156480 -0.49431840
v -0.14110830 0.68413690 -0.62728890
v -0.12570640 0.61049540 -0.48959560
v -0.12098630 0.72477910 -0.61944970
v -0.13350470 0.68328690 -0.65135050
v -0.12651040 0.69649990 -0.63180740
v -0.12070300 0.62432680 -0.58246750
v -0.12906510 0.64207980 -0.59645970
v -0.04551474 0.81317130 -0.41254720
v -0.11246940 0.85844010 -0.59893380
v -0.09972066 0.76760510 -0.61176560
v -0.06275400 1.02164600 -0.44426310
v -0.05899734 1.05294800 -0.44044750
v -0.11559460 1.09184500 -0.56042270
v -0.11347550 1.06130100 -0.57256340
v -0.11111080 1.03019400 -0.58818260
v -0.03675079 1.09122100 -0.42973890
v -0.04378355 1.10666500 -0.43394520
v -0.03221533 1.10651200 -0.42055410
v -0.05362214 1.08947400 -0.43601830
v -0.04287118 1.13933800 -0.43137630
v -0.06113858 1.16249600 -0.44564290
v -0.02855157 1.12504100 -0.41963180
v -0.14581030 0.65359170 -0.67326680
v -0.08377841 1.19393600 -0.50538120
v -0.09412732 1.13929000 -0.47274450
v -0.07573281 1.18670400 -0.56682280
v -0.09552440 0.71990780 -0.64859420
v -0.07267521 0.62736250 -0.44920690
v -0.06519882 0.66591850 -0.43912490
v -0.05430003 0.69767700 -0.42446030
v -0.07726378 1.19345600 -0.54694920
v -0.13481330 0.64834300 -0.53702770
v -0.12628670 0.66180310 -0.54706790
v -0.14904260 0.65530900 -0.64145130
v -0.14601300 0.65770010 -0.62247020
v -0.14280200 0.66998400 -0.62383930
v -0.14529980 0.64413720 -0.61792090
v -0.14047620 0.62534340 -0.51018170
v -0.11984320 0.69181750 -0.65138750
v -0.10648650 0.71860510 -0.63461110
v -0.11885890 0.74076550 -0.60951420
v -0.10359140 0.75012810 -0.61138160
v -0.12840190 0.68184840 -0.66952430
v -0.13628300 0.67116460 -0.67105180
v -0.12520090 0.62592080 -0.59045410
v -0.12520300 0.63979240 -0.58630090
v -0.12445920 0.65343870 -0.58269690
v -0.13581770 0.63960320 -0.60646100
v -0.04186715 0.83032620 -0.40952940
v -0.04365854 0.78564120 -0.40946990
v -0.02570578 0.81402740 -0.40004310
v -0.02944772 0.79524590 -0.40167370
v -0.11653050 0.88923460 -0.58344770
v -0.09543135 0.75347750 -0.63157540
v -0.03967882 0.92559670 -0.41284640
v -0.05370256 0.93209360 -0.42750550
v -0.04980889 0.89779760 -0.42113730
v -0.05088041 0.95397130 -0.42551910
v -0.05646753 0.96295150 -0.43798970
v -0.11105020 1.00219500 -0.59608940
v -0.11380630 0.92477750 -0.59838700
v -0.11626450 0.94586920 -0.59235440
v -0.11215230 0.94556300 -0.61586850
v -0.03429870 1.05662100 -0.42561410
v -0.04292608 1.07199600 -0.43222710
v -0.10685180 1.09864000 -0.57904380
v -0.11270640 1.07771700 -0.57121480
v -0.14380750 0.66830460 -0.65068500
v -0.07321580 1.21211700 -0.49734910
v -0.08166532 1.19400100 -0.52597340
v -0.10639200 1.16139500 -0.52343890
v -0.09340416 1.17770000 -0.53204530
v -0.08968141 1.17432700 -0.55653170
v -0.09622445 1.17553500 -0.51097530
v -0.08785335 1.17406500 -0.57878260
v -0.10029160 1.15568500 -0.57008880
v -0.13352010 0.67830410 -0.51950520
v -0.14836760 0.64954790 -0.65706030
v -0.14012400 0.62226220 -0.52538850
v -0.14348620 0.60795870 -0.51757800
v -0.10743480 0.73516090 -0.62038330
v -0.13106030 0.65562160 -0.59313350
v -0.03249296 0.85003910 -0.40274300
v -0.04863679 0.84745060 -0.42183870
v -0.05765988 0.82971020 -0.42686660
v -0.06407556 0.84698190 -0.43591390
v -0.05077624 0.79783710 -0.41528910
v -0.06505265 0.80248120 -0.43101040
v -0.07312905 0.83543090 -0.44728970
v -0.07436032 0.85329140 -0.44956100
v -0.03064549 0.77265110 -0.40219350
v -0.05041491 0.77194670 -0.41356000
v -0.06098907 0.78634930 -0.42332590
v -0.06519220 0.77009650 -0.42893230
v -0.07224465 0.80382750 -0.44131220
v -0.04336414 0.73454240 -0.41112870
v -0.04001759 0.75306810 -0.40774900
v -0.11696430 0.85685450 -0.62313260
v -0.11743970 0.83248660 -0.62722980
v -0.11057880 0.79244220 -0.63070750
v -0.10858050 0.77939650 -0.63195250
v -0.06116565 0.94341110 -0.44227230
v -0.04311944 0.88294030 -0.41311200
v -0.03079373 0.87212460 -0.40281420
v -0.06040310 0.86577910 -0.43739560
v -0.07051218 0.87951750 -0.44959980
v -0.05641093 0.88374950 -0.43335430
v -0.06343036 0.89858340 -0.44426640
v -0.08350199 0.88948910 -0.45418590
v -0.07734252 0.86661390 -0.45425800
v -0.05435347 0.91133660 -0.42779080
v -0.06473101 0.92111360 -0.44536940
v -0.10124870 0.87537210 -0.47562640
v -0.04996165 0.97680390 -0.42661240
v -0.06716521 1.00246800 -0.44848570
v -0.05159040 0.99420890 -0.43035430
v -0.11265490 0.90017940 -0.60514870
v -0.11780770 0.91089380 -0.57950260
v -0.10600110 1.13400900 -0.57161130
v -0.11505890 1.04226300 -0.57174070
v -0.11855050 1.04808200 -0.55705320
v -0.10812730 1.04913600 -0.59059090
v -0.05279663 0.71525870 -0.42172700
v -0.06095468 0.73510880 -0.42542930
v -0.07672829 0.69831360 -0.44756390
v -0.05528469 0.67664440 -0.42832680
v -0.13400010 0.66062150 -0.52943960
v -0.13524930 0.64505630 -0.50126860
v -0.13458410 0.65062190 -0.51794180
v -0.13535230 0.66286230 -0.50983270
v -0.13790960 0.63772210 -0.52078860
v -0.11424000 0.69135800 -0.66652740
v -0.10735910 0.70639900 -0.64868950
v -0.11085110 0.76615070 -0.58982250
v -0.05974254 0.81182690 -0.42605910
v -0.08479036 0.84275660 -0.45795020
v -0.08627805 0.85556270 -0.46009280
v -0.09059415 0.82211060 -0.46867720
v -0.08446613 0.81163890 -0.45999630
v -0.09153333 0.83995040 -0.46578500
v -0.08466755 0.82675800 -0.45835530
v -0.11274720 0.84203390 -0.59335010
v -0.11680210 0.83802750 -0.61064860
v -0.11146270 0.82447780 -0.56733280
v -0.11389760 0.84710860 -0.57305820
v -0.11249500 0.83167370 -0.58170560
v -0.11041910 0.81199490 -0.58736190
v -0.10381130 0.76373850 -0.63122760
v -0.10824880 0.77965160 -0.61407160
v -0.10485040 0.78389690 -0.59566140
v -0.09919095 0.73726330 -0.64800540
v -0.09749994 0.73678830 -0.63053320
v -0.09424423 0.94025340 -0.46598260
v -0.04653960 0.86793200 -0.41726620
v -0.07992272 0.90568020 -0.45253710
v -0.09779773 0.85382980 -0.47728940
v -0.09300066 0.86867500 -0.46287520
v -0.10598260 0.86305250 -0.51878470
v -0.09735633 0.83325810 -0.48325140
v -0.10161940 0.86607470 -0.49291510
v -0.10299770 0.85250490 -0.50396900
v -0.08682480 0.87544150 -0.45676520
v -0.04917212 1.00939200 -0.43093270
v -0.06525995 0.98174640 -0.44633580
v -0.07240897 0.95718280 -0.44746470
v -0.10966590 0.98076200 -0.60783190
v -0.11672620 0.96289200 -0.58545520
v -0.11870690 0.96239760 -0.56034170
v -0.11697250 0.94695290 -0.54483780
v -0.11743970 0.98217780 -0.57875800
v -0.04586316 1.02372500 -0.43075730
v -0.03306555 1.03846000 -0.42406470
v -0.07315202 1.03511300 -0.45315790
v -0.12134570 1.08770600 -0.53852590
v -0.12063110 1.10082500 -0.54550520
v -0.11807330 1.07348300 -0.52653460
v -0.06657860 0.69943850 -0.43457760
v -0.07637104 0.67624450 -0.44987450
v -0.11768210 0.76202270 -0.57675460
v -0.10004960 0.75995030 -0.61194120
v -0.07620796 0.81595220 -0.45099850
v -0.11097360 0.80701170 -0.61062120
v -0.11540270 0.86889640 -0.58190460
v -0.11444730 0.86404360 -0.55935460
v -0.10946170 0.79136390 -0.61363800
v -0.11089910 0.78148900 -0.57527560
v -0.08658524 0.92303040 -0.45717590
v -0.09786684 0.92253760 -0.47353770
v -0.09446381 0.90473170 -0.46201040
v -0.09703373 0.88720200 -0.46615570
v -0.10096640 0.90139590 -0.48183330
v -0.10223020 0.88889720 -0.49024140
v -0.11276070 0.88006160 -0.59848510
v -0.11273820 0.96249680 -0.60519340
v -0.11841870 0.94183270 -0.56596020
v -0.10835340 0.92224740 -0.51960010
v -0.11646180 0.96628330 -0.53652520
v -0.05195730 1.03818300 -0.43572540
v -0.06379679 1.06844100 -0.44261890
v -0.07026645 1.08388700 -0.44599100
v -0.11939520 1.06206900 -0.54942940
v -0.11267730 1.14125400 -0.54964970
v -0.10243590 1.16335300 -0.54396120
v -0.11296700 1.15110200 -0.53377540
v -0.11658600 1.12566600 -0.50688200
v -0.11567790 1.14151100 -0.51502430
v -0.10676330 1.15346000 -0.50234140
v -0.09718645 1.15258300 -0.48297000
v -0.10218490 1.10879200 -0.47783140
v -0.11841920 1.04875200 -0.53561740
v -0.11978110 1.07428400 -0.54550110
v -0.11634690 1.06016600 -0.52258430
v -0.06658842 0.68391370 -0.43763380
v -0.08149138 0.63826300 -0.46664220
v -0.08485633 0.62821090 -0.48236520
v -0.12038710 0.74946680 -0.57492050
v -0.11405360 0.82287830 -0.60159670
v -0.10835770 0.80125820 -0.59167710
v -0.10681740 0.79317650 -0.59211880
v -0.10809340 0.84873650 -0.52934180
v -0.11592890 0.88050280 -0.56707860
v -0.11392600 0.87702940 -0.55063560
v -0.11641960 0.89528980 -0.56247390
v -0.11082540 0.90805790 -0.53015320
v -0.11635920 0.91697270 -0.55488620
v -0.11482180 0.93041600 -0.53949450
v -0.10151180 0.92071020 -0.48664500
v -0.10431870 0.92848380 -0.50083340
v -0.10728940 0.77298830 -0.59084460
v -0.11259920 0.78376280 -0.55628270
v -0.11338220 0.77561650 -0.56684040
v -0.11172740 0.79271030 -0.55884150
v -0.11506030 0.77081540 -0.56340040
v -0.10104970 0.83964720 -0.49721060
v -0.10305150 0.87737250 -0.50318940
v -0.08135749 1.01895700 -0.45983650
v -0.08470105 0.99804640 -0.45892850
v -0.09374375 0.98394520 -0.46710160
v -0.08112805 0.97674300 -0.45433900
v -0.10453850 0.97442810 -0.49384780
v -0.10017400 1.00564800 -0.47783310
v -0.10031360 0.97338930 -0.47788890
v -0.09293808 1.01744500 -0.47155060
v -0.10641720 0.98937610 -0.50840260
v -0.10508350 1.00983900 -0.50206900
v -0.10303290 0.99442820 -0.48461830
v -0.10056200 1.02140800 -0.48467130
v -0.10960150 1.02942000 -0.50744480
v -0.09773757 0.95446220 -0.47246370
v -0.08956714 0.96396780 -0.46154610
v -0.11875010 0.98630000 -0.55130460
v -0.07126365 1.09792600 -0.45469420
v -0.12053430 1.12952600 -0.52748860
v -0.12021650 1.11666500 -0.54331370
v -0.12214960 1.10314100 -0.52680450
v -0.11265670 1.04354800 -0.51318750
v -0.08350677 0.66105900 -0.46470200
v -0.07879774 0.62766250 -0.46133430
v -0.07625930 0.64112770 -0.45374030
v -0.09274834 0.64447250 -0.49343100
v -0.08512538 0.64893020 -0.47733740
v -0.09576052 0.74780460 -0.62962690
v -0.09717107 0.79581170 -0.48236970
v -0.09251026 0.80797280 -0.47539890
v -0.08715945 0.80044420 -0.46501360
v -0.07819853 0.79844900 -0.45164000
v -0.11063290 0.80863960 -0.56970020
v -0.11144840 0.81834290 -0.54835420
v -0.10331010 0.90693550 -0.50233670
v -0.10951160 0.94521360 -0.52226460
v -0.08450199 0.95001060 -0.45624880
v -0.10808080 0.87841580 -0.52579790
v -0.10698690 0.96879920 -0.51264980
v -0.10331990 1.03531100 -0.48896090
v -0.09116283 1.03256200 -0.47098180
v -0.09401257 1.04980400 -0.47521680
v -0.08017821 1.05141700 -0.46000570
v -0.09500351 1.07658300 -0.47366010
v -0.08137892 1.06765900 -0.46157360
v -0.09615461 1.06270500 -0.47748380
v -0.10080840 0.94029290 -0.48177340
v -0.06076288 1.11579300 -0.43811480
v -0.08934463 1.10399000 -0.46652700
v -0.10789120 1.08306200 -0.49145660
v -0.11712110 1.09980200 -0.50862170
v -0.11808650 1.08467000 -0.51454480
v -0.11112050 1.10455800 -0.49211250
v -0.10547500 1.07322900 -0.48969120
v -0.11291220 1.06995700 -0.50785280
v -0.10040040 1.09099600 -0.47659560
v -0.08549859 0.68575100 -0.46534130
v -0.08622701 0.70129300 -0.46636230
v -0.08810709 0.67335300 -0.47419250
v -0.10531020 0.89319850 -0.51375560
v -0.11869960 1.01977200 -0.54709860
v -0.11771920 1.00346100 -0.53870090
v -0.11472230 1.01890700 -0.52248450
v -0.11815010 1.03508300 -0.53596810
v -0.11832050 1.02839400 -0.56338560
v -0.11350200 1.00119700 -0.52149960
v -0.08274532 1.08569200 -0.46567700
v -0.06449014 1.10203700 -0.44019270
v -0.06490579 1.12670000 -0.45008580
v -0.06643955 1.14445200 -0.45176710
v -0.08255185 1.15170900 -0.46446690
v -0.08037088 1.13211000 -0.46066660
v -0.09421143 1.12330200 -0.46964550
v -0.07444959 1.16674000 -0.45989590
v -0.10156900 0.72502620 -0.49786720
v -0.10928640 0.67071530 -0.49811000
v -0.10415010 0.95409850 -0.49489290
v -0.08865847 0.71268080 -0.48212510
v -0.09088401 0.66580010 -0.49087660
v -0.12272250 0.71114830 -0.50807570
v -0.12433170 0.70812640 -0.52854630
v -0.12281360 0.72482050 -0.55549400
v -0.11393760 0.74156090 -0.54750240
v -0.11105640 0.73841150 -0.56338160
v -0.03262951 1.30972600 -0.43116600
v -0.02330412 1.31417400 -0.44401540
v -0.05463640 0.75298530 -0.41807940
v -0.07180400 0.78653870 -0.43802600
v -0.11857230 0.92695770 -0.57685340
v -0.08073464 0.71165380 -0.45322330
v -0.06920066 0.71421870 -0.43524350
v -0.11022080 0.78921460 -0.57766570
v -0.10531990 0.83808490 -0.51689580
v -0.10954680 0.83531330 -0.53669920
v -0.10754710 0.82545630 -0.52760180
v -0.10695040 0.81448360 -0.52357950
v -0.11056630 0.80698840 -0.54394740
v -0.11056140 0.80105490 -0.54921170
v -0.11216540 0.84803020 -0.54936940
v -0.11202010 0.83379410 -0.55553110
v -0.10289710 0.80295660 -0.52116570
v -0.10919510 0.79989730 -0.53658540
v -0.09981008 0.79833950 -0.49518250
v -0.10244540 0.82443290 -0.50628750
v -0.11099120 0.86134200 -0.54013720
v -0.10212520 0.81011220 -0.50730720
v -0.11367070 1.01598900 -0.58408850
v -0.11861300 1.00552800 -0.56651920
v -0.11710000 0.69405760 -0.49648720
v -0.10070270 0.68538510 -0.48918700
v -0.11231660 0.71440680 -0.49987810
v -0.10172980 0.76944660 -0.50192990
v -0.09233823 0.73411150 -0.48206490
v -0.09642494 0.75473680 -0.48989670
v -0.09224359 0.74539450 -0.47992460
v -0.10082330 0.73887610 -0.49845300
v -0.11391450 0.75325170 -0.53590700
v -0.12107020 0.73668850 -0.53341280
v -0.10984890 0.76587690 -0.52168760
v -0.11122900 0.76890340 -0.54105280
v -0.10526890 0.75104420 -0.50632450
v -0.11555630 0.74718500 -0.52016080
v -0.12217920 0.72496880 -0.52174780
v -0.11125620 0.75781650 -0.55524700
v -0.10609080 0.78107580 -0.51447400
v -0.10998940 0.77741680 -0.53041760
v -0.11231650 0.77772910 -0.54809300
v -0.10783610 0.79151490 -0.52173540
v -0.11044250 0.78945810 -0.54100260
v -0.10647710 0.79706420 -0.51114920
v -0.10310120 0.78673200 -0.50324060
v -0.09832484 0.78840980 -0.49284980
v -0.11483890 0.73085560 -0.50684870
v -0.09658632 0.78171260 -0.47887450
v -0.09683815 0.77220660 -0.49001340
v -0.08258802 0.74260670 -0.45254080
v -0.07882361 0.75648480 -0.45136140
v -0.07224166 0.74460940 -0.44143930
v -0.06836185 0.75377580 -0.43375410
v -0.08929913 0.75646330 -0.46351350
v -0.08774380 0.74203690 -0.46548810
v -0.08274798 0.76848130 -0.45794750
v -0.08009234 0.78367570 -0.45559470
v -0.09375963 0.76403580 -0.47778520
v -0.08814502 0.78952260 -0.46467730
v -0.09184409 0.77475700 -0.46678000
v -0.08681671 0.72204210 -0.46788080
v -0.08297345 0.72911140 -0.45727200
v -0.07468103 0.72983730 -0.44217720
v -0.08342646 0.52538230 -0.47324640
v -0.07746152 0.52367360 -0.46263010
v -0.06469988 0.52104110 -0.45633470
v -0.05003629 0.51964370 -0.45470650
v -0.03588530 0.51842360 -0.45541970
v -0.02174621 0.51453020 -0.45567670
v -0.00773665 0.50833710 -0.45733490
v 0.00402389 0.49944370 -0.46077620
v 0.01698132 0.49035790 -0.46511110
v 0.02994747 0.48192810 -0.46942010
v 0.04339952 0.47496630 -0.47371550
v 0.05911407 0.46961090 -0.47882880
v 0.07138920 0.46386360 -0.48394960
v 0.08448274 0.45936060 -0.48904000
v 0.09951207 0.45630870 -0.49491100
v 0.11406200 0.45828630 -0.50576310
v 0.12631700 0.46420740 -0.52320530
v 0.13923470 0.47358630 -0.54322270
v 0.14871830 0.48256880 -0.56976980
v 0.15465780 0.49049530 -0.59818760
v 0.15270080 0.51780450 -0.57968440
v 0.14757080 0.54627440 -0.56714220
v 0.14803250 0.59838220 -0.56636170
v 0.14785550 0.62145370 -0.56717430
v 0.14798480 0.66136590 -0.56973840
v 0.14497270 0.68381630 -0.56626830
v 0.14450560 0.70703690 -0.56431080
v 0.14404030 0.72997090 -0.56301930
v 0.14342030 0.75336080 -0.55936290
v 0.14318930 0.80212180 -0.55618530
v 0.14043210 0.85137640 -0.55015780
v 0.14090340 0.90141820 -0.54167990
v 0.14080000 0.92452040 -0.54377790
v 0.14038020 0.94127110 -0.54833260
v 0.14063960 0.95947220 -0.54717430
v 0.14215740 0.97759700 -0.54185960
v 0.14304810 1.03489400 -0.55150420
v 0.14081560 1.05682400 -0.54381170
v 0.13976690 1.07514400 -0.54088070
v 0.14175050 1.13930200 -0.53247390
v 0.14384700 1.15891300 -0.53267470
v 0.14432940 1.19987100 -0.53306570
v 0.13528890 1.25113400 -0.53103300
v 0.12993100 1.27451300 -0.52706340
v 0.12261390 1.28420700 -0.51012730
v 0.11508410 1.29345600 -0.49313110
v 0.10703390 1.30580600 -0.47675800
v 0.09513123 1.32151500 -0.45966500
v 0.07191986 1.33965200 -0.44603960
v 0.03610818 1.31674700 -0.39469440
v 0.05285913 1.30024800 -0.39026710
v 0.06520242 1.27967100 -0.38990950
v 0.07309412 1.25667700 -0.39309730
v 0.07681103 1.23455800 -0.39419010
v 0.07699270 1.21203000 -0.39584100
v 0.07185737 1.18939100 -0.39549460
v 0.06423246 1.16594300 -0.39396670
v 0.05419855 1.14629500 -0.38626400
v 0.03704291 1.12997900 -0.37760140
v 0.01891516 1.12069000 -0.38359890
v 0.08788253 1.08785900 -0.42784730
v 0.11358430 1.23472000 -0.45816010
v 0.02771113 1.11756500 -0.39073330
v 0.07951115 1.14663400 -0.40718490
v 0.09732020 1.23560600 -0.42177290
v 0.05679518 1.32468300 -0.41744950
v 0.06932714 1.30562000 -0.41088700
v 0.09261477 1.30846900 -0.44571540
v 0.08621469 1.17901000 -0.40703840
v 0.09051567 1.22324700 -0.40915500
v 0.04134218 1.33624200 -0.42210150
v 0.03863294 1.32702600 -0.40896330
v 0.06326509 1.33378300 -0.43234900
v 0.06598156 1.29358200 -0.39888520
v 0.07789365 1.26905700 -0.40416490
v 0.08070721 1.32516800 -0.44288460
v 0.04869764 1.13391400 -0.38250730
v 0.08972494 1.19890400 -0.40840630
v 0.05303777 1.31300300 -0.40345830
v 0.04890628 1.34378400 -0.43405540
v 0.08063769 1.28695700 -0.41516320
v 0.08650594 1.24642700 -0.40811160
v 0.09903191 1.25555100 -0.43198990
v 0.08988210 1.26199600 -0.41846140
v 0.05807481 1.12488000 -0.39825890
v 0.09246729 1.16225400 -0.41465180
v 0.09213029 1.28401900 -0.42985310
v 0.10603840 1.23450000 -0.44030390
v 0.10318870 1.21348200 -0.42879640
v 0.11431180 1.13733900 -0.46127140
v 0.10894730 1.27042400 -0.46129010
v 0.10468670 1.13499900 -0.43343410
v 0.10822840 1.19848200 -0.43965150
v 0.10562520 1.16182400 -0.43169870
v 0.09944378 1.19292400 -0.42009170
v 0.09626749 1.14760900 -0.42052180
v 0.10294650 1.29705200 -0.46012740
v 0.11898660 1.17674000 -0.46206170
v 0.11428250 1.27898000 -0.48097700
v 0.11409930 1.21753600 -0.45392700
v 0.10883810 1.17980900 -0.44316870
v 0.11799320 1.19598400 -0.46018400
v 0.12270980 1.18713800 -0.47649320
v -0.08335670 0.53665950 -0.46916510
v -0.07307156 0.53697450 -0.45698190
v 0.04395039 0.58944700 -0.42772220
v 0.11141150 0.76927580 -0.44332410
v 0.12064980 0.51516170 -0.51926790
v 0.14766340 0.50484110 -0.56235550
v 0.14899530 0.50000760 -0.58616910
v 0.14514100 0.48884940 -0.55481550
v -0.00920578 1.11343100 -0.41475810
v 0.12620850 1.26551000 -0.51138540
v 0.07823824 1.31271400 -0.42637520
v 0.04882282 1.11703600 -0.38394630
v 0.03495049 1.10090100 -0.38676030
v 0.09144546 1.13173500 -0.41930400
v 0.06361173 1.11024700 -0.40703510
v 0.07686117 1.12706600 -0.40990380
v 0.05343356 1.09860300 -0.39432450
v 0.06538215 1.08890500 -0.41320390
v 0.03952080 1.08083500 -0.39480220
v 0.02164051 1.08236700 -0.39187660
v 0.05492919 1.07969400 -0.40221910
v 0.04926829 1.06686300 -0.40443720
v 0.12919290 1.17393500 -0.49571080
v 0.12326790 1.16778100 -0.47966050
v 0.13562270 1.19014300 -0.51284010
v 0.12185760 1.15338800 -0.47179510
v 0.12486480 1.13660300 -0.48334110
v 0.12869760 1.15343900 -0.49684200
v 0.11110180 1.15748300 -0.45137640
v 0.10838730 1.12088600 -0.44369960
v 0.13630580 1.14478900 -0.51492390
v 0.12936080 1.13574100 -0.49945220
v 0.13408720 1.12817500 -0.51278780
v 0.11750040 1.26155000 -0.48275170
v 0.10839160 1.25409300 -0.45151630
v 0.11952570 1.22930000 -0.47633350
v -0.06274249 0.53424510 -0.45238710
v -0.01522671 0.57851490 -0.42913060
v -0.05616026 0.55201350 -0.44614580
v 0.01494219 0.65026330 -0.41032380
v 0.15645120 0.76768580 -0.50230510
v 0.06840569 0.84536700 -0.42283410
v 0.06219408 0.76384940 -0.41061220
v 0.13964510 0.90769580 -0.48884020
v 0.03677678 0.95033490 -0.41519210
v 0.14112050 0.53236580 -0.54911910
v 0.14149480 0.51613750 -0.55764230
v -0.00876960 1.07948300 -0.40524880
v 0.02134936 1.04728600 -0.40625230
v 0.04593455 1.05437300 -0.40821710
v -0.00180821 1.09585900 -0.40470480
v 0.00969137 1.06701800 -0.40024900
v 0.00597741 1.08575800 -0.39838930
v 0.13698340 1.22934000 -0.51864870
v 0.07886208 1.09899400 -0.41844580
v 0.08154946 1.11309100 -0.41631830
v 0.06929367 1.07562300 -0.41885890
v 0.14350570 1.18215600 -0.53022920
v 0.13708950 1.16678200 -0.51359440
v 0.13848870 1.20832700 -0.51743400
v 0.12135850 1.20837200 -0.47720910
v 0.12844470 1.21238400 -0.50073010
v 0.12305870 1.24667500 -0.49338960
v 0.12512240 1.09954500 -0.49159260
v 0.12629020 1.11872100 -0.49141710
v 0.11680790 1.12162500 -0.46914560
v 0.11052410 1.10723100 -0.45169540
v 0.13315460 1.11113300 -0.51268880
v -0.06814911 0.56464900 -0.44884420
v -0.07434524 0.54946110 -0.45574830
v -0.06280661 0.58224240 -0.44354590
v -0.01029812 0.53790300 -0.44302640
v -0.04243521 0.54354070 -0.44583190
v -0.02846562 0.53588860 -0.44697410
v -0.04670885 0.53006180 -0.45172310
v -0.01993802 0.52672440 -0.44863180
v -0.04450378 0.59192930 -0.43415850
v 0.00848625 0.51496550 -0.44517740
v 0.14381930 0.77090010 -0.53131410
v 0.15589620 0.82878010 -0.50373570
v 0.14814820 0.66533290 -0.50117910
v 0.02321414 0.84870940 -0.41435190
v 0.01563910 0.77846330 -0.41090170
v 0.14249800 0.60663980 -0.55251100
v 0.06131869 0.48354670 -0.47011730
v 0.11180910 0.47181580 -0.49661670
v 0.11919540 0.47239800 -0.51232060
v 0.14003720 0.54886580 -0.55163800
v 0.14913470 0.53381460 -0.57276450
v 0.12887850 0.47772490 -0.53434540
v -0.00721208 1.03729000 -0.41297480
v 0.14163600 0.98632550 -0.52145850
v -0.01209343 1.06354800 -0.41011230
v -0.01509693 1.04921200 -0.41448260
v 0.00267642 1.05140900 -0.40740800
v 0.04661024 1.03832500 -0.41407740
v 0.09309132 1.03561800 -0.44499060
v 0.06759368 1.02823200 -0.42615410
v 0.09978751 1.05687000 -0.44906280
v 0.10037940 1.07872300 -0.44430730
v 0.03112064 1.02876300 -0.41336110
v 0.00086389 1.10595100 -0.41065640
v 0.02894980 1.06595100 -0.40011190
v 0.09698943 1.10997100 -0.42991480
v 0.13131900 1.08030400 -0.51179410
v 0.13810640 1.10418400 -0.52974220
v 0.13947230 1.12086500 -0.53032360
v -0.00668694 0.55638710 -0.43231590
v -0.03833626 0.56026380 -0.44162590
v -0.05366267 0.57168940 -0.44116290
v -0.02340341 0.60197830 -0.42559220
v -0.01821122 0.68598760 -0.40668320
v 0.00722712 0.71631510 -0.40541860
v 0.01840037 0.50058800 -0.45208760
v 0.00355318 0.53290650 -0.43704160
v 0.14260950 0.71886040 -0.53195560
v 0.15055490 0.80556120 -0.52397500
v 0.15034800 0.85187550 -0.52445120
v 0.00612973 0.83668410 -0.40118190
v 0.14706750 0.91357980 -0.52601700
v 0.14516350 0.93940890 -0.52830820
v -0.01277496 0.95384330 -0.41049610
v -0.01223026 0.97133900 -0.41315490
v -0.01023786 0.90624810 -0.40299830
v 0.14700230 0.56063490 -0.56505050
v 0.14640740 0.57576880 -0.56391210
v 0.07703161 0.48414220 -0.47164750
v 0.04765085 0.48772780 -0.45983840
v 0.08719009 0.47239860 -0.48202980
v 0.12100280 0.48468300 -0.52823100
v 0.13548220 0.49678820 -0.54043700
v 0.13220040 0.51275330 -0.53604110
v 0.11966980 0.49971820 -0.52293430
v 0.12920250 0.53461460 -0.53673870
v 0.13796800 0.55369900 -0.54862840
v 0.12260300 0.53268490 -0.52055170
v 0.14225600 0.99542480 -0.54202050
v 0.14377320 0.96507000 -0.52743730
v 0.14167370 1.01851700 -0.53773510
v 0.13743210 1.03995200 -0.52838380
v 0.13999700 1.00330600 -0.52215340
v 0.08599889 1.06826800 -0.43217120
v 0.08137434 1.04767500 -0.43283070
v 0.10638650 1.03821200 -0.45893870
v 0.12121770 1.07179800 -0.48502770
v 0.12487560 1.08581000 -0.49291200
v 0.12365760 1.04810900 -0.49024840
v 0.10260460 1.09607500 -0.44142180
v 0.05337042 0.98347500 -0.42312010
v 0.13825920 1.08844700 -0.53325700
v 0.13198700 1.09442600 -0.51194540
v -0.05948263 0.61627190 -0.43825340
v -0.03241211 0.62705490 -0.42311710
v -0.02100951 0.54979600 -0.44082130
v -0.00010427 0.54794300 -0.43349170
v -0.02211159 0.56431340 -0.43494160
v -0.03264796 0.57884750 -0.43383200
v -0.00924536 0.72663010 -0.40028590
v -0.00655248 0.52221840 -0.44962070
v 0.04425437 0.53066570 -0.44419690
v 0.14273700 0.79100690 -0.53340300
v 0.14242130 0.81741940 -0.53408330
v 0.14166130 0.80288490 -0.54024790
v 0.14280970 0.86598810 -0.53479310
v 0.14298550 0.84222310 -0.53370020
v 0.14121720 0.88219850 -0.53963560
v 0.14972200 0.87490440 -0.52477200
v -0.01311772 0.84046950 -0.39720640
v -0.00208685 0.81924710 -0.39906520
v -0.00935802 0.85925520 -0.39705750
v -0.00648201 0.78170850 -0.39910810
v -0.00803266 0.76051730 -0.39911450
v -0.01526093 0.93715580 -0.40835830
v -0.01865544 0.92167400 -0.40597600
v 0.00449188 0.92373510 -0.40526150
v 0.01532295 0.90308060 -0.40417720
v 0.02419074 0.91939710 -0.40853770
v 0.03389465 0.97341080 -0.41416700
v 0.05215580 0.95929720 -0.42643320
v 0.03736043 0.99805600 -0.41635070
v 0.01188109 0.99885030 -0.41533810
v 0.06088447 1.00846500 -0.42483460
v 0.01389837 0.96463540 -0.41113450
v 0.01089291 0.98408110 -0.41290220
v -0.00649218 1.01386800 -0.41475810
v 0.13495820 0.57343480 -0.54589500
v 0.12731320 0.54891210 -0.53245280
v 0.14477000 0.64587410 -0.55960300
v 0.14203780 0.63118540 -0.55181390
v 0.07079557 0.47373310 -0.47753430
v 0.02973886 0.49059360 -0.45622170
v 0.03958751 0.50197390 -0.44899740
v 0.12532470 0.54882150 -0.50166310
v 0.11208720 0.51053550 -0.49792740
v 0.11942620 0.49670330 -0.50363970
v 0.02445777 1.01526700 -0.41590810
v 0.00893402 1.02859900 -0.41146000
v 0.14450130 0.94771620 -0.51031300
v 0.13646200 0.99510430 -0.50539990
v 0.06602087 1.04346800 -0.42203050
v 0.11180020 1.07114500 -0.46422600
v 0.11366530 1.05570000 -0.46971520
v 0.11690810 1.08705100 -0.47348490
v 0.11673330 1.10529900 -0.47071790
v 0.10997770 1.08895000 -0.45615020
v 0.12713040 1.02428400 -0.49309720
v 0.13086580 1.04566300 -0.50854900
v 0.11674250 1.03280000 -0.47391610
v 0.12870770 1.00324100 -0.49078720
v 0.11818860 1.01466400 -0.47320990
v -0.05576288 0.59610080 -0.43798840
v -0.04071681 0.61299190 -0.42893940
v -0.03403297 0.64361990 -0.42098220
v -0.04894913 0.63140750 -0.43047890
v 0.01339397 0.54439890 -0.43430430
v 0.02203064 0.55429350 -0.43473350
v 0.01045544 0.55919400 -0.43123560
v -0.02508239 0.67342650 -0.41182640
v -0.02215298 0.65228710 -0.41478150
v 0.14266390 0.71734170 -0.55059140
v 0.14221800 0.69634630 -0.54528780
v 0.14210170 0.66841670 -0.55446560
v 0.15206940 0.83145460 -0.52221810
v 0.15607330 0.81351350 -0.50949780
v 0.15501540 0.80109640 -0.49442570
v 0.15171860 0.78770430 -0.52077090
v 0.15597640 0.78978720 -0.51074430
v 0.14269280 0.77915390 -0.54980590
v 0.15313390 0.85393030 -0.50239850
v 0.15541590 0.84327940 -0.51161830
v 0.03070305 0.81004150 -0.41754540
v 0.02622756 0.82977450 -0.41627870
v 0.01174081 0.81197120 -0.40904220
v 0.04559722 0.83399920 -0.42357980
v 0.02531022 0.86884670 -0.41435030
v 0.01441287 0.88127420 -0.40300670
v 0.04618945 0.85928650 -0.42596260
v 0.00782146 0.85928540 -0.40010330
v 0.06652383 0.86776520 -0.42459200
v 0.02798196 0.88517430 -0.41200670
v 0.00639381 0.74201940 -0.40690210
v 0.00631018 0.76266650 -0.40680290
v -0.01088767 0.74340470 -0.39934540
v 0.04164686 0.91725590 -0.42033470
v 0.04648760 1.01980900 -0.42006650
v 0.07725458 1.01295500 -0.43541680
v 0.14190870 0.61736430 -0.53863880
v 0.02850405 0.51536780 -0.44491320
v 0.11378330 0.48252250 -0.51070300
v 0.09502463 0.48774100 -0.47950680
v 0.08102427 0.50127480 -0.46717040
v 0.06036675 0.50525480 -0.45652880
v 0.05829151 0.52759500 -0.45422910
v 0.04811906 0.54990340 -0.43989880
v 0.02792670 0.54126960 -0.43839850
v 0.03675068 0.55549800 -0.43588390
v 0.05451317 0.56814420 -0.43801050
v 0.04264878 0.57252170 -0.43362940
v 0.12930540 0.53668880 -0.50934330
v 0.10081290 0.52866850 -0.47853440
v 0.10107490 0.51099270 -0.48686580
v 0.11148970 0.55296310 -0.48603770
v 0.11521090 0.52753480 -0.49244390
v 0.09252962 0.50985080 -0.47790610
v 0.09830251 0.54996950 -0.47372580
v 0.10809370 0.49470840 -0.49180610
v 0.14081720 0.96928400 -0.50683180
v 0.13529290 1.01864200 -0.51206890
v 0.10120290 0.97947320 -0.44708380
v -0.00348174 0.57016520 -0.42852710
v 0.01044317 0.66594790 -0.40724560
v 0.00643160 0.68854510 -0.40336150
v -0.01251419 0.70472570 -0.40225980
v 0.14268910 0.75832900 -0.54043660
v 0.14238210 0.73589480 -0.54219840
v 0.14326730 0.70098830 -0.52375320
v 0.14194970 0.67193420 -0.53734710
v 0.14100740 0.65490340 -0.54745780
v 0.14901660 0.89308640 -0.52334900
v 0.14846280 0.90619130 -0.50447890
v 0.14694020 0.92673790 -0.51030990
v 0.15345350 0.86440180 -0.51535750
v 0.14949390 0.87335450 -0.49624650
v 0.01302361 0.79441960 -0.40967560
v -0.00737080 0.87678910 -0.39838080
v -0.00347997 0.89128670 -0.40071100
v 0.07504156 0.88766660 -0.42680010
v 0.03631842 0.89887530 -0.41740760
v 0.05094723 0.90134210 -0.42950990
v 0.03508443 0.93265830 -0.41417730
v 0.08085740 1.03042000 -0.43562650
v 0.10559010 1.02218800 -0.45652550
v 0.11169230 0.99555730 -0.46051050
v 0.09433964 1.01555400 -0.44592210
v 0.10506120 1.00361600 -0.45339930
v 0.14245280 0.64725150 -0.53670870
v 0.14336470 0.62822110 -0.52789710
v 0.13905200 0.59604950 -0.54037530
v 0.13089540 0.58853050 -0.50488300
v 0.12027380 0.57295400 -0.49686630
v 0.13515220 0.56322540 -0.51292600
v 0.14036230 0.58417690 -0.51702210
v 0.14393730 0.60569820 -0.51403320
v 0.14099820 0.61361060 -0.49511510
v 0.11262380 0.61383540 -0.44192400
v 0.12337440 0.59460910 -0.48579380
v 0.13330350 0.61115400 -0.47383580
v 0.04840144 0.51496830 -0.45028360
v 0.06230828 0.58543550 -0.43218560
v 0.01191592 0.57773480 -0.42653580
v 0.12382310 0.51728720 -0.50381570
v 0.06594265 0.55771270 -0.44430160
v 0.07517104 0.57635650 -0.44096110
v 0.08796100 0.52395400 -0.46828430
v -0.00516232 0.60868170 -0.41986390
v -0.00543719 0.66771470 -0.40739920
v 0.07329751 0.68305250 -0.41334210
v 0.05005848 0.71399740 -0.40640450
v 0.14476530 0.67327730 -0.52494280
v 0.15086700 0.68825400 -0.51025830
v 0.14686120 0.65763460 -0.51885690
v 0.15134640 0.88449280 -0.50772690
v 0.05320827 0.92035260 -0.43005830
v 0.14141330 0.60219370 -0.52855220
v 0.14388050 0.63550540 -0.50993770
v 0.10840620 0.57748320 -0.48020430
v 0.04786611 0.62781260 -0.41697010
v 0.06044302 0.60741170 -0.42362050
v 0.09454465 0.62646360 -0.42834650
v 0.09812086 0.60777840 -0.43605750
v 0.07941165 0.62211720 -0.42438140
v 0.10504850 0.59280750 -0.44703630
v 0.02642139 0.58651570 -0.42622030
v 0.07048806 0.52190270 -0.46404800
v 0.08267517 0.54665020 -0.46589870
v 0.08825892 0.56039600 -0.45302440
v 0.07454524 0.54137050 -0.45383090
v 0.06101743 0.54295940 -0.44802610
v 0.12122900 0.99059250 -0.47422700
v 0.11406230 0.97469800 -0.46019730
v -0.01672545 0.59157530 -0.42634460
v -0.00293054 0.59141930 -0.42373930
v -0.00393981 0.62489130 -0.41602660
v 0.03466788 0.66997290 -0.40979680
v 0.02648168 0.68580040 -0.40525110
v 0.15264250 0.76825820 -0.51894810
v 0.14884720 0.72764840 -0.51922690
v 0.14074840 0.71498840 -0.46936600
v 0.07402199 0.90728580 -0.42938380
v 0.07867458 0.92892160 -0.43294420
v 0.09352221 0.89746530 -0.43197750
v 0.10723010 0.96200000 -0.45014100
v 0.10215130 0.93219350 -0.44120360
v 0.11589020 0.94309940 -0.45688080
v 0.12027400 0.92540480 -0.46434480
v 0.07505696 0.95074900 -0.43516930
v 0.08945339 0.96618600 -0.43858170
v 0.11914780 0.95764870 -0.46480470
v 0.08621912 0.99024090 -0.43892680
v 0.12587200 0.94416160 -0.47582190
v 0.06872548 0.99336660 -0.43236710
v 0.05375779 0.93748950 -0.42944190
v 0.11448840 0.58949850 -0.46442890
v 0.12434870 0.61014950 -0.45328190
v 0.12322800 0.63629320 -0.44738340
v 0.13493110 0.63716200 -0.46395250
v 0.14743310 0.69452190 -0.47948310
v 0.03700546 0.60605560 -0.42113530
v 0.09922609 0.57578700 -0.45229220
v 0.09014203 0.58519760 -0.44269580
v 0.13862800 0.94982430 -0.49584830
v 0.14205150 0.92834870 -0.49650660
v 0.13222930 0.93009520 -0.48409870
v 0.12448240 0.96911250 -0.47637580
v -0.02059421 0.61867290 -0.42081630
v 0.01491649 0.61285920 -0.41701120
v -0.00350321 0.64581850 -0.41179100
v 0.01163240 0.63103970 -0.41303080
v -0.01810631 0.63314100 -0.41742270
v 0.02978412 0.64345390 -0.41266110
v 0.03998600 0.69816180 -0.40576880
v 0.05750748 0.68586020 -0.41039280
v 0.07230869 0.70856500 -0.41212790
v 0.06474280 0.63826640 -0.41826610
v 0.08381442 0.67096560 -0.41960710
v 0.02319530 0.70289410 -0.40740220
v 0.15484580 0.74344250 -0.51072380
v 0.09708005 0.91394170 -0.43571270
v 0.11020070 0.63288400 -0.43441920
v 0.09831879 0.65062690 -0.42417790
v 0.11652250 0.66071930 -0.43639130
v 0.11182590 0.72264820 -0.44023400
v 0.11253620 0.69234130 -0.43891960
v 0.02884135 0.62389290 -0.41678070
v 0.06716914 0.73153100 -0.40807250
v 0.05191033 0.65786080 -0.41446860
v 0.02837675 0.72365060 -0.41083170
v 0.15362620 0.71390220 -0.50766570
v 0.15069380 0.70047510 -0.49110190
v 0.14708480 0.66623760 -0.48559310
v 0.14113730 0.66307260 -0.47210930
v 0.14562450 0.64541130 -0.49324620
v 0.14108530 0.63882560 -0.48106870
v 0.13018260 0.65965990 -0.45328330
v 0.09222978 0.69688930 -0.41689170
v 0.10251580 0.67940010 -0.42350740
v 0.12455750 0.68069070 -0.44733600
v 0.03840900 0.74743970 -0.41297640
v 0.15264060 0.75021530 -0.49111030
v 0.13367010 0.78426540 -0.47538170
v 0.14528930 0.76328030 -0.47913730
v 0.10401170 0.70812130 -0.42462810
v 0.07595545 0.75268600 -0.41083320
v 0.13686190 0.68602940 -0.46211590
v 0.12326940 0.70587830 -0.45438020
v 0.11510770 0.74263140 -0.44785700
v 0.12393210 0.76444120 -0.46275830
v 0.10450070 0.73715140 -0.42663760
v 0.10730590 0.82875450 -0.43258270
v 0.11646800 0.79208580 -0.45484920
v 0.09066724 0.83837610 -0.42254950
v 0.08704914 0.85459590 -0.42379480
v 0.14826410 0.82056510 -0.48597960
v 0.09008405 0.72680150 -0.41530700
v 0.10561060 0.78916720 -0.42925530
v 0.11111340 0.80951380 -0.43713140
v 0.09544030 0.80853080 -0.42240300
v 0.08506437 0.82523530 -0.41949670
v 0.06646981 0.82476140 -0.42025160
v 0.07453533 0.80610250 -0.41584220
v 0.12053610 0.84297480 -0.46355690
v 0.13284670 0.83787860 -0.47954080
v 0.10538170 0.85143640 -0.43294590
v 0.11639160 0.84865260 -0.44789610
v 0.09320952 0.86901230 -0.42750620
v 0.12441140 0.87808470 -0.47167630
v 0.10231960 0.88348840 -0.43431170
v 0.12036790 0.86397800 -0.46290370
v 0.12125190 0.90482550 -0.46364600
v 0.11859290 0.88126260 -0.45369560
v 0.11385850 0.86769320 -0.44381490
v 0.12173770 0.89050220 -0.46258040
v 0.11203390 0.90015130 -0.44540390
v 0.09447014 0.75495060 -0.41868770
v 0.10622400 0.75545720 -0.43004980
v 0.10237760 0.77156560 -0.42545360
v 0.05238667 0.80659110 -0.42034200
v 0.03618813 0.79083310 -0.41834690
v 0.05827798 0.78533630 -0.41375900
v 0.08434421 0.78128470 -0.41515440
v 0.11604450 0.81649600 -0.45314140
v 0.13114170 0.82409090 -0.47674750
v 0.12855930 0.89253010 -0.47808240
v 0.13664570 0.87623340 -0.48465460
v 0.12924330 0.85934800 -0.47742680
v 0.14339170 0.85748450 -0.48597670
v 0.14495090 0.89104050 -0.49262770
v 0.14884340 0.83997000 -0.48891120
v 0.13502460 1.06957200 -0.52438150
v 0.12841710 1.06602200 -0.50385910
v 0.04496650 0.88129290 -0.42716400
v 0.07065300 0.97243790 -0.43442680
v 0.02515581 0.76760460 -0.41408790
v 0.04111157 0.76865400 -0.41575680
v 0.13280300 0.55045410 -0.75271630
v 0.14680730 0.54696460 -0.74516430
v 0.16102580 0.54525020 -0.73718700
v 0.17512000 0.54441340 -0.73329290
v 0.18942470 0.54284200 -0.73137840
v 0.20386480 0.54077260 -0.72866990
v 0.21556220 0.53916920 -0.72292820
v 0.22263330 0.53706170 -0.70999240
v 0.21418180 0.53471830 -0.69744900
v 0.20279990 0.52877840 -0.69339110
v 0.18467650 0.52671870 -0.69195280
v 0.16618330 0.52582000 -0.68775830
v 0.15241680 0.52564070 -0.67356850
v 0.16490360 0.52087470 -0.65976880
v 0.17576450 0.51408710 -0.64696460
v 0.18479030 0.50833010 -0.63465850
v 0.18824220 0.50164340 -0.61940210
v 0.16876050 0.49931710 -0.61518900
v 0.14987480 0.50121520 -0.61694860
v 0.13238470 1.28603200 -0.54281160
v 0.13373910 1.29944500 -0.55720420
v 0.13437600 1.31429000 -0.57154470
v 0.13163290 1.33139900 -0.58687920
v 0.11969620 1.35431100 -0.60318630
v 0.12231260 1.34191800 -0.66275080
v 0.13730000 1.32586600 -0.66550270
v 0.14886480 1.30844600 -0.66521550
v 0.15602480 1.28892500 -0.66553490
v 0.16111720 1.26784400 -0.66738860
v 0.16262650 1.24658400 -0.67147320
v 0.16124520 1.22421300 -0.67897900
v 0.15866610 1.20326000 -0.69282600
v 0.15456750 1.18503900 -0.70966060
v 0.13381500 1.17579500 -0.71972780
v 0.13043530 1.34012300 -0.63688680
v 0.15184870 1.11505000 -0.66416370
v 0.16231590 1.26390200 -0.63741070
v 0.11427230 1.35216400 -0.63362150
v 0.13947940 1.29486100 -0.57054700
v 0.16050050 1.17834700 -0.68056800
v 0.16365120 1.25765100 -0.65346050
v 0.13044670 1.33581100 -0.65223000
v 0.15227850 1.30085000 -0.65058290
v 0.13315810 1.33185400 -0.60156010
v 0.08398325 1.15503800 -0.73118120
v 0.16453320 1.21329900 -0.66180110
v 0.11521180 1.34789600 -0.65088310
v 0.10727560 1.36191800 -0.61967570
v 0.14564810 1.17556900 -0.71372870
v 0.14498740 1.28262200 -0.57634570
v 0.13842880 1.27746500 -0.55421860
v 0.16136800 1.20238900 -0.67693100
v 0.16554270 1.23492800 -0.65876370
v 0.15843200 1.18859000 -0.69577340
v 0.15381410 0.51092270 -0.61399220
v 0.15354950 0.52142410 -0.60792720
v 0.16507910 0.62222050 -0.66802680
v 0.16828800 0.78109220 -0.68876330
v 0.20184450 0.63404210 -0.73761060
v 0.13296740 0.56216570 -0.76342990
v 0.15350680 1.05323100 -0.61520030
v 0.10806670 1.10202800 -0.71703730
v 0.15933120 1.27986400 -0.65299250
v 0.14195950 1.30583100 -0.58771730
v 0.08783604 1.13556800 -0.72908280
v 0.08626979 1.12088100 -0.72679070
v 0.11211030 1.12691400 -0.72370290
v 0.14590200 1.24717600 -0.55684620
v 0.15530760 1.15790500 -0.69364160
v 0.16817340 1.22424900 -0.63771410
v 0.16613660 1.24436600 -0.63475340
v 0.16296430 1.25148800 -0.61092090
v 0.16242620 1.22156200 -0.58897880
v 0.16653420 1.22710300 -0.61225350
v 0.16111420 1.24208200 -0.59218750
v 0.16758920 1.20489300 -0.60334790
v 0.17018950 1.20450200 -0.62495410
v 0.15464550 1.24114700 -0.57487610
v 0.17011580 1.18598400 -0.61378940
v 0.16359910 1.18971300 -0.65927970
v 0.17502410 0.51046920 -0.61007020
v 0.17040720 0.63843200 -0.62512610
v 0.17451040 0.80789390 -0.73354650
v 0.17514170 0.75055410 -0.62113330
v 0.16457450 0.98468320 -0.62497630
v 0.17914350 0.69643900 -0.75048200
v 0.15032630 0.58713560 -0.76691450
v 0.17532350 0.55560920 -0.73379450
v 0.17139850 0.57404650 -0.73991050
v 0.15935550 0.57596350 -0.75562510
v 0.18031880 0.58638610 -0.73780550
v 0.15971870 0.55857630 -0.74746180
v 0.14896090 1.11404000 -0.56545310
v 0.14895250 1.08407300 -0.57777410
v 0.10052880 1.07208300 -0.71963410
v 0.15005910 1.17216600 -0.54993680
v 0.15118440 1.27915000 -0.59077490
v 0.14965600 1.30322100 -0.61785360
v 0.14850440 1.31188700 -0.63488820
v 0.14261870 1.32281800 -0.64655140
v 0.15662120 1.28752000 -0.63288920
v 0.15638950 1.27891200 -0.61117600
v 0.10523180 1.14463000 -0.72835720
v 0.12604990 1.14343700 -0.71554730
v 0.07380160 1.10590800 -0.72903700
v 0.06628269 1.12155000 -0.73082440
v 0.13388560 1.11198000 -0.69726210
v 0.09796065 1.11050200 -0.72508020
v 0.12207710 1.11454000 -0.71150800
v 0.09250727 1.09107000 -0.72428120
v 0.14082160 1.14260500 -0.69930200
v 0.12492190 1.10066800 -0.70318090
v 0.13828490 1.26339000 -0.54394600
v 0.14597930 1.26301300 -0.56452660
v 0.16697630 1.20374500 -0.64652950
v 0.14605100 0.54322290 -0.59325560
v 0.14551170 0.52935800 -0.59336980
v 0.16661780 0.61386670 -0.58896610
v 0.21873300 0.56765090 -0.70389620
v 0.10545640 0.95815320 -0.73704810
v 0.15941450 0.91891580 -0.60961530
v 0.13991790 0.57546330 -0.76677760
v 0.13185560 0.59736830 -0.77442010
v 0.14924800 1.20618700 -0.55366840
v 0.15639460 1.21475900 -0.57249290
v 0.14450660 1.11745300 -0.54801870
v 0.14522350 1.04808300 -0.56724160
v 0.07233976 1.06993800 -0.72704500
v 0.15360640 1.26313500 -0.58262020
v 0.14963670 1.29356500 -0.60238730
v 0.14322350 1.31188900 -0.60617320
v 0.13820860 1.32728800 -0.61995780
v 0.16128690 1.26515600 -0.62029180
v 0.15790700 1.26438300 -0.59811350
v 0.11435130 1.08612800 -0.71085420
v 0.06978211 1.08879100 -0.72751860
v 0.19250480 0.55121790 -0.60876460
v 0.16017980 0.65765620 -0.58487140
v 0.17582350 0.58650700 -0.59010700
v 0.17457020 0.53227760 -0.65104050
v 0.16502410 0.54167830 -0.66321980
v 0.13501270 0.85396800 -0.73948150
v 0.12269000 0.89844940 -0.74250080
v 0.14512470 0.83555600 -0.57286570
v 0.15714740 0.87561920 -0.60166560
v 0.09054363 0.94669880 -0.74706050
v 0.09738353 1.00523500 -0.72834000
v 0.14528800 0.92494040 -0.58448990
v 0.21338170 0.55646270 -0.72828900
v 0.18754360 0.56587380 -0.73342810
v 0.14424330 0.61855620 -0.76978080
v 0.13800550 0.69870650 -0.75878330
v 0.15141430 0.68986590 -0.76139610
v 0.14268790 0.75027470 -0.75101530
v 0.14240480 1.21692800 -0.53891900
v 0.14917260 1.19129900 -0.54916830
v 0.16644190 1.16274700 -0.60572260
v 0.16249730 1.20288700 -0.58524240
v 0.16457190 1.18157400 -0.59060260
v 0.14397070 1.10169800 -0.55081170
v 0.14441330 1.08630800 -0.55669980
v 0.15324790 1.11455100 -0.58308560
v 0.14633210 1.13395000 -0.54887230
v 0.15764760 1.13742000 -0.58691160
v 0.14910780 1.15191900 -0.55156130
v 0.08529050 1.07793900 -0.72550340
v 0.08858475 1.05366800 -0.72439020
v 0.13627420 1.09601400 -0.68682410
v 0.15860240 0.70418050 -0.58693600
v 0.16308940 0.63280960 -0.58717780
v 0.15640340 0.55749820 -0.67724700
v 0.18489140 0.52566620 -0.63502770
v 0.21928540 0.55044780 -0.70290160
v 0.19057860 0.54969940 -0.69616060
v 0.20264760 0.54078230 -0.69602690
v 0.12660030 0.79291310 -0.75002270
v 0.11732100 0.85154870 -0.75302040
v 0.10757690 0.89729020 -0.75221430
v 0.10234070 0.93072240 -0.74713410
v 0.10483580 0.91770120 -0.74958030
v 0.14095320 0.82767960 -0.55211090
v 0.14502920 0.81608440 -0.56938140
v 0.14263340 0.85325370 -0.56753380
v 0.14619640 0.76775810 -0.57166390
v 0.09053051 0.97125670 -0.73994370
v 0.08460339 0.99000670 -0.73585100
v 0.07961213 1.01045300 -0.73079510
v 0.10560170 0.98710190 -0.72913700
v 0.14013710 0.97038220 -0.55686250
v 0.14032420 0.95175880 -0.56573840
v 0.14055800 0.98650640 -0.55932040
v 0.14018220 0.93234270 -0.56499320
v 0.14310780 0.94278070 -0.57905900
v 0.14018360 0.91244270 -0.56350910
v 0.19948030 0.55713020 -0.73200580
v 0.20783830 0.57354260 -0.73329180
v 0.19572790 0.57879450 -0.73366570
v 0.22267110 0.55134860 -0.71855840
v 0.22161700 0.58778860 -0.73149630
v 0.21681790 0.60417230 -0.73565590
v 0.15256540 0.63843230 -0.76507170
v 0.13514980 0.71702230 -0.75535550
v 0.14713070 0.72792130 -0.75534890
v 0.15022110 0.70696280 -0.75956720
v 0.18020440 0.71586500 -0.74712080
v 0.16251120 0.71517230 -0.75611920
v 0.17381350 0.73430390 -0.74628640
v 0.15886190 0.73357280 -0.75093150
v 0.19111330 0.76622810 -0.72487510
v 0.17218580 0.76434920 -0.73930190
v 0.16427100 0.74816560 -0.74362700
v 0.13539080 0.65389260 -0.76568440
v 0.13431920 0.67485600 -0.76354020
v 0.16055580 0.61911990 -0.76090760
v 0.17207430 0.60497870 -0.74632400
v 0.15007830 0.60299890 -0.76913510
v 0.16499010 0.59399730 -0.75718230
v 0.16898300 0.58829830 -0.74644190
v 0.14478330 1.06912400 -0.56163340
v 0.14855820 1.09746200 -0.57060430
v 0.15075490 1.12873200 -0.56593400
v 0.16341650 1.14353100 -0.60935810
v 0.15380680 1.14612800 -0.56874760
v 0.15774200 1.16793900 -0.57147430
v 0.07107782 1.05074600 -0.72746670
v 0.14325180 1.10986600 -0.68061840
v 0.14400890 1.12582200 -0.69170080
v 0.14873030 1.12242300 -0.67745910
v 0.16611070 0.53384070 -0.59633390
v 0.17698030 0.52362040 -0.60382900
v 0.18684160 0.53694000 -0.60506390
v 0.19065350 0.52081540 -0.61824100
v 0.19133020 0.53596680 -0.62338820
v 0.14795130 0.69598230 -0.57431760
v 0.15309760 0.67547840 -0.57873090
v 0.17088910 0.63562120 -0.60220400
v 0.15336200 0.63821610 -0.57497640
v 0.17504220 0.60552200 -0.59884520
v 0.15265740 0.59474100 -0.57838060
v 0.14834810 0.57668260 -0.57960030
v 0.14627230 0.56062800 -0.58330200
v 0.16407520 0.59234110 -0.58472680
v 0.16858860 0.54441080 -0.68961580
v 0.18279550 0.54488430 -0.64094940
v 0.18494860 0.56305490 -0.64141210
v 0.22417380 0.56327560 -0.71251700
v 0.20364130 0.57022500 -0.70342570
v 0.13477600 0.81065260 -0.74671630
v 0.13813780 0.77420150 -0.75005850
v 0.12748960 0.77010880 -0.75071870
v 0.14154780 0.86889390 -0.73280910
v 0.11968310 0.87681170 -0.74845230
v 0.17503680 0.84085290 -0.72756670
v 0.15776670 0.85259310 -0.73340190
v 0.12706930 0.83540350 -0.74824100
v 0.14832420 0.89322890 -0.72953180
v 0.14608390 0.78927850 -0.56999690
v 0.15179850 0.82577270 -0.58727070
v 0.17463250 0.80211060 -0.61436370
v 0.16006230 0.81721100 -0.60185530
v 0.17371490 0.82637600 -0.61479420
v 0.15540030 0.80171530 -0.59461430
v 0.15600050 0.84051320 -0.59813910
v 0.14468850 0.87131130 -0.57834550
v 0.14095400 0.88948970 -0.56640900
v 0.17652420 0.84938960 -0.62259730
v 0.14911810 0.71942100 -0.57866000
v 0.11812600 1.00437200 -0.71822880
v 0.11835370 0.96971450 -0.72626690
v 0.14200110 0.96636560 -0.57447630
v 0.14530960 0.97973320 -0.58817750
v 0.14448190 1.00168200 -0.58333570
v 0.15269000 0.93813930 -0.60194970
v 0.15402760 0.97431630 -0.60909020
v 0.22168080 0.56641000 -0.72546010
v 0.22619190 0.57932500 -0.71894500
v 0.22150400 0.58324520 -0.70783300
v 0.21398970 0.59247780 -0.70491370
v 0.14269600 0.63300840 -0.76836840
v 0.19964530 0.72050980 -0.72194470
v 0.18882890 0.73139580 -0.73926420
v 0.14735370 0.65881170 -0.76454650
v 0.16316220 0.60754970 -0.75912750
v 0.18419210 0.61871480 -0.73820310
v 0.19989310 0.60688480 -0.73637900
v 0.14758750 1.05747900 -0.57906660
v 0.15843030 1.12823200 -0.59891460
v 0.07809860 1.02962200 -0.72829910
v 0.15687730 1.10410500 -0.62080680
v 0.15246750 1.08435200 -0.64645900
v 0.14066610 1.08034800 -0.67768120
v 0.18138360 0.55476220 -0.59710210
v 0.16437850 0.55626060 -0.59155910
v 0.16996270 0.67250370 -0.59874640
v 0.16121280 0.68273750 -0.58764930
v 0.15763920 0.61639670 -0.57862030
v 0.16319770 0.57338010 -0.58606550
v 0.15966320 0.57980100 -0.68391740
v 0.17979350 0.56644130 -0.69645610
v 0.17608830 0.58223020 -0.69545600
v 0.18116570 0.59746940 -0.69669740
v 0.16311200 0.59491530 -0.68716900
v 0.17177460 0.57446780 -0.66489040
v 0.16549790 0.59176680 -0.66647460
v 0.20552260 0.55642980 -0.69834470
v 0.11146630 0.94257360 -0.73789330
v 0.12691280 0.95075500 -0.72477700
v 0.14406620 0.93065230 -0.72458850
v 0.14801380 0.80309070 -0.57719450
v 0.15197310 0.78043750 -0.58784130
v 0.15020740 0.85699650 -0.58962440
v 0.13865070 0.97026500 -0.71733080
v 0.12925810 0.98666540 -0.71694650
v 0.14214490 1.01183600 -0.56015820
v 0.14492020 1.02696100 -0.57628190
v 0.14742220 0.90515540 -0.58762150
v 0.14849650 0.88918260 -0.58825830
v 0.15318800 0.99842890 -0.60935240
v 0.14896980 1.01665200 -0.59815340
v 0.14870810 0.95870980 -0.59645910
v 0.15787550 0.95322060 -0.61180640
v 0.14556650 0.78980290 -0.74654610
v 0.15224400 0.76820510 -0.74668300
v 0.18685190 0.75694070 -0.73605530
v 0.17311700 0.61384780 -0.74654670
v 0.18702010 0.60104100 -0.73648080
v 0.20178050 0.62084300 -0.73753200
v 0.21682800 0.62458170 -0.73298090
v 0.22344270 0.60918360 -0.72487800
v 0.22548050 0.59668950 -0.71785150
v 0.22077800 0.62847820 -0.72079080
v 0.20117770 0.62325980 -0.70592780
v 0.21437460 0.63578510 -0.71124060
v 0.19739470 0.60674440 -0.70655820
v 0.21735340 0.61463600 -0.71024490
v 0.15082360 1.05882500 -0.59969770
v 0.14916810 1.04253900 -0.59494400
v 0.15403290 1.03470200 -0.61234360
v 0.14946540 1.07102900 -0.58605560
v 0.09939215 1.01813600 -0.72469310
v 0.10044990 1.03329500 -0.72175450
v 0.15473420 1.10524500 -0.64664230
v 0.15453020 1.08688600 -0.62890000
v 0.15630020 1.11098900 -0.60457290
v 0.15310560 1.09870800 -0.59298110
v 0.15289030 1.07181000 -0.61081860
v 0.15361540 1.06748400 -0.63579960
v 0.14682030 1.09471600 -0.66592210
v 0.14918500 1.07070500 -0.65836050
v 0.15147140 1.05178200 -0.65316020
v 0.14322410 1.05901100 -0.67413980
v 0.13300800 1.06324800 -0.69090290
v 0.12855440 1.08215100 -0.69628400
v 0.17298740 0.70917360 -0.61925850
v 0.16911740 0.64959590 -0.59753250
v 0.17434980 0.62304660 -0.60739220
v 0.17358950 0.60907110 -0.69685160
v 0.12350980 0.93036780 -0.72955030
v 0.16383040 0.92302170 -0.69497370
v 0.16563250 0.93806690 -0.61858480
v 0.16596540 0.96314410 -0.62196210
v 0.16256770 0.78959710 -0.74035020
v 0.18095620 0.81964860 -0.72583650
v 0.20221990 0.59194980 -0.73664130
v 0.15295440 1.08501000 -0.60258820
v 0.15550480 1.04587200 -0.63099770
v 0.14847000 1.01239300 -0.68281650
v 0.16478620 0.66672780 -0.63602000
v 0.16697190 0.67378200 -0.61701840
v 0.16237290 0.60462510 -0.67281630
v 0.16092930 0.92714780 -0.71371720
v 0.17291070 0.86243410 -0.72348020
v 0.17100610 0.95018150 -0.63377850
v 0.18594190 0.79395110 -0.72599890
v 0.18628680 0.78118000 -0.71684920
v 0.18319360 0.76850480 -0.71174020
v 0.19376350 0.74917010 -0.72114740
v 0.19644060 0.70182510 -0.71007810
v 0.15810640 1.02220200 -0.62005560
v 0.16365790 1.00742600 -0.63185050
v 0.13698190 1.03059200 -0.69445210
v 0.15522140 0.96995220 -0.65888530
v 0.17259690 0.73035240 -0.61080180
v 0.16648320 0.65391290 -0.62528860
v 0.17026180 0.64086290 -0.66527690
v 0.17056450 0.68274130 -0.65314020
v 0.16656760 0.64555810 -0.64419760
v 0.16968370 0.66009460 -0.65847440
v 0.16748160 0.65521310 -0.68029980
v 0.16732990 0.68875840 -0.63238750
v 0.17273960 0.72615560 -0.65755660
v 0.17314400 0.70404590 -0.65732580
v 0.17178760 0.69048310 -0.61403700
v 0.17100130 0.61183250 -0.62052190
v 0.17091890 0.62506110 -0.65217380
v 0.17706220 0.84213180 -0.71171720
v 0.15279270 0.90994100 -0.72579340
v 0.16314610 0.90398840 -0.69693000
v 0.16878510 0.90590190 -0.71013670
v 0.16693840 0.88660090 -0.72242100
v 0.17077070 0.74960700 -0.69513800
v 0.19465000 0.69610380 -0.73929090
v 0.13724460 1.04692700 -0.68803230
v 0.14696040 1.04311900 -0.66974850
v 0.14649080 1.02904400 -0.67803720
v 0.13582680 1.01340000 -0.70239710
v 0.16557720 0.99182610 -0.64183210
v 0.15678990 0.98881420 -0.65416450
v 0.15129320 0.99116590 -0.67480050
v 0.16888950 0.69615320 -0.59858170
v 0.17239570 0.69288880 -0.66874500
v 0.16816070 0.61941900 -0.68970460
v 0.16706320 0.63789100 -0.68514040
v 0.17608060 0.65711120 -0.69408930
v 0.20003640 0.64269390 -0.70524690
v 0.18071710 0.64094330 -0.69868360
v 0.19519340 0.66558800 -0.70502780
v 0.20293830 0.68371220 -0.71248310
v 0.21767660 0.64668340 -0.72816050
v 0.20746600 0.65331760 -0.73365700
v 0.21405360 0.66642500 -0.72779190
v 0.17824000 0.59882700 -0.61409600
v 0.17319720 0.59415090 -0.65019350
v 0.15056360 0.95034690 -0.71612700
v 0.17955000 0.82594910 -0.71319270
v 0.17230030 0.87793190 -0.70920050
v 0.15901710 0.87540170 -0.72897410
v 0.18108720 0.74623670 -0.70915760
v 0.17239430 0.76615470 -0.70278280
v 0.16902260 0.76117500 -0.68152310
v 0.17520410 0.72719090 -0.70062500
v 0.16976670 0.73359320 -0.67998600
v 0.18095590 0.70663140 -0.70326890
v 0.17555340 0.69000130 -0.69484640
v 0.17012690 0.69397210 -0.68316510
v 0.18947130 0.68258510 -0.70605030
v 0.18127110 0.67213200 -0.69984550
v 0.19198280 0.72661450 -0.71127650
v 0.19462870 0.71776580 -0.73634970
v 0.20359360 0.70465370 -0.72546520
v 0.15193380 1.03204500 -0.65793680
v 0.15047700 1.00896700 -0.66698510
v 0.16786540 0.97408920 -0.64278790
v 0.16686450 0.95402800 -0.64873230
v 0.14928420 0.99570830 -0.69216060
v 0.14817200 0.98246530 -0.70401000
v 0.14009790 0.99687760 -0.70544640
v 0.15513830 0.96488290 -0.70164380
v 0.17119100 0.71268330 -0.67041700
v 0.17024620 0.71424550 -0.68670460
v 0.18391670 0.63460820 -0.73886160
v 0.16831400 0.62977260 -0.75079810
v 0.17708060 0.67241950 -0.74999660
v 0.19517640 0.67179140 -0.73643870
v 0.17115680 0.70730680 -0.64116510
v 0.17360950 0.72870990 -0.63384840
v 0.16811670 0.75146790 -0.60210020
v 0.16876390 0.60717240 -0.63596310
v 0.16587420 0.60422340 -0.65445010
v 0.17766990 0.59559820 -0.62878690
v 0.18481750 0.58144020 -0.61298450
v 0.17947660 0.57174180 -0.59498700
v 0.19014900 0.56539850 -0.60744950
v 0.18326200 0.58509740 -0.63029890
v 0.19010200 0.57046010 -0.62539860
v 0.17989380 0.58044840 -0.64583590
v 0.17515040 0.75069460 -0.64337400
v 0.17209290 0.75077140 -0.66578510
v 0.17726770 0.76997110 -0.63130610
v 0.17643050 0.77399620 -0.65222810
v 0.17163900 0.77469510 -0.66990990
v 0.16421210 0.77287810 -0.60019500
v 0.17797760 0.78540890 -0.62674950
v 0.16970950 0.67422860 -0.67041420
v 0.16886190 0.67153030 -0.68320010
v 0.20854090 0.68327060 -0.72841350
v 0.15904180 1.02790800 -0.64302060
v 0.15901110 1.00938000 -0.65110650
v 0.15798810 0.94652030 -0.65720630
v 0.15371230 0.97604040 -0.68390230
v 0.15437770 0.95658870 -0.67844480
v 0.16024890 0.94569610 -0.69576870
v 0.17292530 0.64766490 -0.75119710
v 0.17007540 0.79005760 -0.67584200
v 0.17407720 0.76650770 -0.61348000
v 0.15519770 0.93684980 -0.67516890
v 0.17834160 0.81815760 -0.63004620
v 0.17889710 0.80285860 -0.63598800
v 0.17280820 0.81193380 -0.66891310
v 0.17519400 0.79609150 -0.66202530
v 0.17846870 0.81459120 -0.64888690
v 0.16705980 0.82138580 -0.68371580
v 0.16835630 0.81249250 -0.70366260
v 0.16923500 0.83207490 -0.66851780
v 0.16601990 0.82712330 -0.70080610
v 0.16728880 0.80307560 -0.68691900
v 0.17102420 0.78954770 -0.70457750
v 0.18075950 0.80483140 -0.71189160
v 0.16331470 1.17314200 -0.65712700
v 0.15864450 1.15428800 -0.67206250
v 0.16659740 1.15530000 -0.62542820
v 0.15240280 1.13772000 -0.68469130
v 0.16849710 1.17053100 -0.62985820
v 0.16380760 1.13832500 -0.63380170
v 0.15690860 1.13203500 -0.65994350
v 0.15895530 1.12004900 -0.64079290
v 0.16029030 1.12401300 -0.61900540
v 0.11916490 1.06395800 -0.70695110
v 0.12683980 1.04912300 -0.70008530
v 0.10585230 1.05119200 -0.71710860
v 0.15654300 1.19153300 -0.56817180
v 0.16256210 0.82752960 -0.73592170
v 0.15442150 0.80812180 -0.74099000
v 0.14557180 0.83190920 -0.73965920
v 0.17136230 0.88486760 -0.61894360
v 0.17629070 0.89593600 -0.63819840
v 0.17411500 0.91638420 -0.64059010
v 0.17152970 0.92732760 -0.62725430
v 0.17138800 0.90732040 -0.62343560
v 0.15920090 0.89767840 -0.60688380
v 0.15657930 0.91344530 -0.67782390
v 0.16282400 0.90621530 -0.65640330
v 0.16885980 0.88597330 -0.64909140
v 0.11832250 1.02487900 -0.71301080
v 0.11828360 1.04235300 -0.70965570
v 0.17252820 0.85743170 -0.70507530
v 0.16312560 0.72864550 -0.59365510
v 0.17786730 0.85347550 -0.64319630
v 0.16857330 0.86829200 -0.65443350
v 0.17932210 0.83205670 -0.63831620
v 0.16161740 0.86662830 -0.67993960
v 0.16709580 0.85039360 -0.66571230
v 0.16586880 0.84239400 -0.68549180
v 0.15873740 0.88687230 -0.68582030
v 0.16380980 0.88916730 -0.69961370
v 0.16148310 0.86911340 -0.69502240
v 0.16107230 0.88624330 -0.66877190
v 0.15750100 0.89866420 -0.67739430
v 0.17875810 0.87160410 -0.63248650
v 0.16702230 0.86389430 -0.61187090
v 0.16060070 0.92442730 -0.65641040
v 0.17121280 0.93334820 -0.64419990
v 0.05569137 1.17178300 -0.72284210
v -0.04265559 1.12254200 -0.43238510
v -0.01814546 1.12956700 -0.41440180
v -0.05619665 1.14838500 -0.43888470
v -0.11249290 1.11806500 -0.55995450
v -0.10853370 1.12995700 -0.49022680
v 0.10120230 1.27904400 -0.44596100
v 0.06235982 1.15043500 -0.39666540
v 0.00872327 1.11098200 -0.39471890
v 0.00045402 1.11669700 -0.39358170
v 0.07492679 1.16643900 -0.40120470
v 0.01800067 1.10076300 -0.40201700
v 0.12452960 1.34642800 -0.61818630
v 0.13852050 1.16333900 -0.70985860
v 0.13076310 1.12690800 -0.70703660
v 0.15189620 1.17594300 -0.70827130
v 0.11760790 1.15923500 -0.72359450
v 0.11377840 1.16990200 -0.72853610
v 0.08791358 1.16687700 -0.73167090
v 0.15420170 1.17188700 -0.70258590
v 0.16371890 1.15348000 -0.64847590
v 0.12323070 0.64227750 -0.76365020
v -0.02211483 0.58711800 -0.78864060
v 0.06823543 1.35606800 -0.65646420
v -0.07944182 0.59127390 -0.78373870
v 0.01996119 0.66252990 -0.79455090
v -0.11102960 0.65740890 -0.74389570
v -0.12426750 0.62967990 -0.74253860
v -0.10383330 0.70488060 -0.66450770
v 0.08638496 0.84943360 -0.76299730
v -0.02354000 1.06155300 -0.69539660
v 0.08505018 0.73216590 -0.77223090
v -0.04887719 0.90650770 -0.68886690
v -0.04288196 0.98138490 -0.69172610
v 0.01596156 0.82250720 -0.76373940
v 0.03132216 0.74871140 -0.78125730
v 0.00619589 0.96474210 -0.72387300
v 0.01667402 0.90638040 -0.74653890
v 0.03818979 0.72462690 -0.78536730
v -0.04220800 0.82165820 -0.70149460
v -0.13960020 0.61529730 -0.60518050
v -0.12677040 0.67693320 -0.49964430
v -0.11916260 0.71045240 -0.63523700
v -0.11523930 0.87700700 -0.61467540
v -0.08623573 0.68788190 -0.48251440
v -0.11276650 0.89802000 -0.54004970
v -0.09851189 0.70214240 -0.49241790
v -0.07436792 0.77019420 -0.44213240
v 0.11530700 1.25112600 -0.47018250
v 0.10238900 1.18097800 -0.42454090
v 0.14052740 1.23169000 -0.54106500
v 0.06466622 1.05823200 -0.41833610
v 0.12506930 1.22433000 -0.49345030
v -0.01029142 0.80283820 -0.39805040
v 0.14104430 0.58853430 -0.55357910
v 0.10972000 0.48135440 -0.49108480
v 0.09894497 0.47321280 -0.48673610
v 0.13464390 0.57640380 -0.53189380
v 0.14023670 0.86842360 -0.55464030
v 0.01239952 0.94092500 -0.40797510
v -0.01336922 0.99242650 -0.41540700
v 0.15419460 0.78185070 -0.49177510
v 0.02660455 0.56735260 -0.43146010
v 0.09777306 0.56901170 -0.47058420
v 0.07858570 0.59867780 -0.42964870
v 0.14703810 0.74623000 -0.52437700
v 0.09733899 0.94483010 -0.43994800
v 0.11274450 0.92276760 -0.44933930
v 0.12675130 0.91496260 -0.47599820
v 0.14295650 0.74433030 -0.47487650
v 0.12695000 0.73259150 -0.46127360
v 0.14338360 0.80164990 -0.48092270
v 0.12572100 0.80653960 -0.47023990
v 0.02449219 0.75061650 -0.41244540
v 0.11998140 0.81402880 -0.75369880
v 0.16818960 1.18741500 -0.64038810
v 0.14662710 0.56568280 -0.75781780
v 0.14906670 1.22739200 -0.55939450
v 0.17263220 0.55378230 -0.65804760
v 0.15383630 0.53684950 -0.67351430
v 0.13222140 0.89003490 -0.73257170
v 0.13238410 0.91344890 -0.72799300
v 0.18635300 0.62207770 -0.70315560
v 0.19615060 0.73690720 -0.72879470
v 0.21086800 0.66537860 -0.71622330
v 0.18721070 0.64959350 -0.73831130
v 0.15868080 0.65221360 -0.76113990
v 0.19137040 0.55612590 -0.62335080
v 0.17836580 0.79151180 -0.64401720
v 0.17465750 0.83404670 -0.65776070
v 0.07893287 0.57809410 -0.77187090
v -0.08242100 0.77558290 -0.68756240
v -0.08377943 0.64369310 -0.77194670
v -0.10634270 0.69856520 -0.72059760
v 0.01166322 1.03822300 -0.71081080
v 0.01203366 1.09774100 -0.71411410
v 0.01002604 1.01498200 -0.71222010
v 0.07940795 0.61433150 -0.76952250
v -0.03456258 0.97264810 -0.69423470
v -0.03348621 1.13121500 -0.70755940
v 0.04696099 0.81518170 -0.77126700
v -0.05365830 0.81766480 -0.69024810
v -0.15822170 0.59733790 -0.64853710
v -0.13325990 0.59787910 -0.53967700
v -0.06408677 0.63862830 -0.44062410
v -0.12380230 0.74039210 -0.59060350
v -0.10401780 0.65354730 -0.49752120
v -0.11466990 0.81099080 -0.62374330
v -0.12551820 0.72684690 -0.54243670
v 0.12817110 1.19561400 -0.49805640
v 0.12899320 1.24209400 -0.50713710
v 0.13308030 0.98102750 -0.49431620
v 0.01992525 0.52964380 -0.43868960
v 0.06653921 0.49443770 -0.46142110
v 0.13172060 0.96227980 -0.48755170
v 0.01539537 0.59899880 -0.42149770
v 0.05170832 0.74850180 -0.40894700
v 0.06776507 0.66469510 -0.41675050
v 0.07915991 0.64854310 -0.41945680
v 0.04362445 0.73185010 -0.40773330
v 0.11674710 0.83192940 -0.44980760
v 0.11888570 0.82741120 -0.45997310
v 0.10034980 1.15970800 -0.72995420
v 0.07158724 1.14063800 -0.73090620
v 0.16443380 0.69056920 -0.75726440
v 0.16215640 1.15830800 -0.58897740
v 0.12952400 0.74494730 -0.75219350
v 0.15092870 0.67327600 -0.76268470
v 0.16468570 0.67325060 -0.75424260
v 0.16882930 0.65160080 -0.61122820
v 0.16250350 0.85016460 -0.69490820
v 0.15042550 0.74070070 -0.58215720
v 0.16921190 0.71279190 -0.60047740
v 0.18284970 0.78268250 -0.73326310
v 0.19445140 0.58897750 -0.70398040
v 0.17250690 0.62491880 -0.62967910
v 0.21110060 0.65349740 -0.71149980
v 0.15567340 0.75591460 -0.59087000
v 0.17162160 0.78672560 -0.60916640
v 0.15173790 0.72801390 -0.48955630
f 26 27 142
f 29 105 28
f 142 27 28
f 142 25 26
f 38 39 129
f 164 134 163
f 135 164 23
f 126 35 36
f 44 45 116
f 191 21 22
f 36 37 125
f 19 238 239
f 210 211 255
f 40 120 39
f 30 2372 105
f 19 239 18
f 2372 113 106
f 105 29 30
f 111 104 154
f 353 18 239
f 34 35 122
f 589 91 586
f 81 82 83
f 585 587 112
f 288 192 286
f 75 103 199
f 294 269 17
f 93 94 204
f 10 533 229
f 277 11 12
f 587 145 112
f 15 267 14
f 49 169 736
f 87 118 2305
f 5 231 4
f 81 83 111
f 189 2 2405
f 1862 163 22
f 31 32 113
f 189 188 2
f 231 284 4
f 150 166 105
f 96 160 95
f 206 209 208
f 172 91 92
f 123 118 88
f 109 44 116
f 2305 108 86
f 111 154 114
f 84 104 83
f 79 80 114
f 117 174 113
f 584 127 588
f 75 76 103
f 91 172 586
f 235 161 190
f 155 120 40
f 125 37 38
f 582 128 153
f 118 123 124
f 43 44 109
f 124 123 127
f 121 109 128
f 123 89 127
f 45 46 110
f 58 220 219
f 110 100 116
f 46 139 110
f 177 178 99
f 151 33 34
f 585 78 583
f 47 101 46
f 117 33 151
f 196 50 51
f 33 117 32
f 242 55 300
f 119 155 41
f 42 121 119
f 221 218 220
f 122 175 151
f 53 194 240
f 110 116 45
f 240 2310 816
f 114 584 583
f 127 89 90
f 86 108 85
f 139 46 101
f 41 42 119
f 118 124 154
f 74 75 198
f 199 750 198
f 112 77 78
f 79 583 78
f 108 104 84
f 109 121 43
f 104 111 83
f 2305 86 87
f 118 87 88
f 81 111 80
f 117 113 32
f 123 88 89
f 108 84 85
f 114 583 79
f 119 121 128
f 126 122 35
f 588 586 587
f 66 67 230
f 121 42 43
f 114 154 124
f 30 31 2372
f 104 108 2305
f 118 154 2305
f 750 140 73
f 100 177 181
f 71 252 70
f 111 114 80
f 461 136 352
f 280 230 278
f 223 852 270
f 125 126 36
f 155 40 41
f 175 122 126
f 129 125 38
f 405 183 404
f 130 129 120
f 115 130 405
f 120 2306 130
f 115 212 2304
f 322 318 319
f 227 532 410
f 230 342 65
f 161 189 190
f 135 165 164
f 245 52 921
f 698 169 48
f 100 110 139
f 100 139 138
f 138 139 48
f 148 143 145
f 171 72 73
f 147 246 102
f 205 92 93
f 148 144 143
f 166 142 105
f 135 25 142
f 23 24 135
f 145 143 77
f 145 149 148
f 144 103 143
f 143 76 77
f 103 102 199
f 112 145 77
f 144 147 102
f 146 173 304
f 149 145 587
f 149 146 148
f 586 149 587
f 144 148 304
f 166 150 97
f 237 150 106
f 113 2372 31
f 460 2307 107
f 151 175 176
f 151 34 122
f 109 152 128
f 128 152 153
f 109 116 181
f 153 152 99
f 99 152 177
f 152 109 181
f 99 178 2309
f 589 127 90
f 2306 120 155
f 419 411 420
f 270 271 328
f 363 496 534
f 282 395 446
f 345 235 285
f 208 141 206
f 188 233 160
f 21 191 2303
f 164 163 1862
f 163 134 192
f 23 164 1862
f 166 165 135
f 346 165 97
f 134 164 165
f 165 166 97
f 142 166 135
f 350 238 351
f 416 415 411
f 261 215 216
f 215 261 2308
f 298 299 2373
f 301 433 2373
f 214 179 2309
f 2309 178 213
f 137 177 138
f 48 169 138
f 72 71 864
f 253 201 251
f 203 95 483
f 172 92 205
f 146 205 173
f 172 205 146
f 205 204 173
f 249 173 206
f 106 113 174
f 150 2372 106
f 151 174 117
f 176 254 174
f 175 210 176
f 311 310 210
f 169 137 138
f 178 177 137
f 256 261 216
f 178 137 213
f 2309 179 180
f 214 2309 213
f 49 213 137
f 185 2374 182
f 183 582 184
f 152 181 177
f 180 184 153
f 582 153 184
f 115 405 457
f 184 180 185
f 182 183 184
f 2308 261 314
f 184 185 182
f 314 2374 185
f 318 320 277
f 353 239 293
f 411 415 431
f 370 273 334
f 7 8 228
f 282 446 2377
f 435 591 434
f 533 11 277
f 278 67 68
f 281 342 230
f 308 307 302
f 342 281 374
f 133 233 235
f 483 95 160
f 1 2 2282
f 188 161 233
f 483 484 450
f 209 204 203
f 190 189 234
f 188 189 161
f 284 190 234
f 193 162 236
f 163 191 22
f 346 237 2379
f 238 20 351
f 293 239 350
f 265 57 218
f 197 51 52
f 921 2310 245
f 197 52 168
f 168 52 245
f 196 213 50
f 199 198 75
f 144 102 103
f 140 199 102
f 249 304 173
f 403 356 306
f 70 305 69
f 140 171 73
f 202 72 171
f 171 247 251
f 252 202 201
f 203 204 94
f 95 203 94
f 173 204 206
f 205 93 204
f 208 209 207
f 483 160 484
f 307 309 302
f 204 209 206
f 483 209 203
f 349 254 310
f 286 192 134
f 254 176 310
f 151 176 174
f 211 126 212
f 255 107 311
f 211 175 126
f 211 312 255
f 357 212 115
f 125 2304 126
f 312 211 212
f 50 213 49
f 214 213 196
f 214 196 215
f 215 197 168
f 297 259 258
f 258 259 257
f 216 215 168
f 217 168 245
f 217 194 258
f 257 464 256
f 168 217 2375
f 185 180 179
f 153 99 180
f 2309 180 99
f 100 138 177
f 116 100 181
f 185 179 2308
f 262 58 59
f 263 59 60
f 243 355 242
f 262 220 58
f 262 361 468
f 57 219 218
f 218 219 220
f 508 517 506
f 266 355 243
f 409 221 220
f 368 15 16
f 186 2311 267
f 271 955 62
f 273 62 63
f 329 272 328
f 224 333 61
f 263 361 262
f 592 226 6
f 592 6 225
f 7 225 6
f 226 337 283
f 282 231 232
f 6 226 274
f 228 8 187
f 187 8 227
f 187 276 228
f 228 225 7
f 229 9 1885
f 227 8 9
f 10 11 533
f 227 229 532
f 9 229 227
f 230 67 278
f 279 68 69
f 281 280 159
f 369 335 342
f 232 231 5
f 454 399 480
f 160 96 188
f 235 233 161
f 484 233 133
f 189 3 234
f 285 190 284
f 235 190 285
f 193 236 20
f 191 192 193
f 163 192 191
f 150 237 97
f 237 106 348
f 239 238 350
f 236 351 20
f 293 350 167
f 294 18 353
f 326 269 325
f 245 240 217
f 295 53 241
f 299 54 55
f 241 195 295
f 241 54 299
f 299 242 2373
f 57 265 56
f 221 244 266
f 196 51 197
f 240 245 2310
f 304 250 147
f 246 200 247
f 102 246 140
f 170 247 200
f 171 251 202
f 140 247 171
f 246 247 140
f 200 248 170
f 200 246 147
f 309 141 208
f 248 200 250
f 304 147 144
f 250 249 141
f 247 170 251
f 253 251 170
f 141 249 206
f 202 252 71
f 356 252 201
f 356 305 252
f 338 339 279
f 201 202 251
f 254 106 174
f 106 254 348
f 211 210 175
f 257 256 2375
f 2375 256 216
f 464 260 256
f 258 257 2375
f 464 257 359
f 297 258 194
f 260 98 314
f 179 214 2308
f 263 262 59
f 264 263 60
f 361 263 264
f 60 333 264
f 315 361 264
f 316 361 317
f 266 265 218
f 300 56 243
f 221 266 218
f 266 244 355
f 13 14 2311
f 319 186 323
f 368 267 15
f 268 222 16
f 268 17 269
f 16 222 368
f 222 268 269
f 271 270 955
f 223 270 328
f 273 271 62
f 330 332 377
f 329 328 271
f 329 331 272
f 334 63 64
f 64 65 335
f 369 336 370
f 275 226 283
f 226 275 274
f 5 275 232
f 337 226 592
f 276 434 228
f 227 410 187
f 499 187 410
f 410 470 499
f 568 131 2380
f 187 499 276
f 435 434 2318
f 277 531 533
f 279 278 68
f 305 279 69
f 338 279 305
f 339 280 278
f 371 340 159
f 230 65 66
f 335 65 342
f 373 281 159
f 281 373 374
f 283 282 232
f 283 343 282
f 231 282 2377
f 283 232 275
f 392 395 343
f 4 284 234
f 284 2377 285
f 446 344 399
f 134 165 346
f 346 97 237
f 134 346 286
f 288 347 287
f 347 286 2379
f 288 287 292
f 351 290 289
f 162 292 290
f 292 162 288
f 192 288 162
f 292 291 290
f 291 352 289
f 291 289 290
f 167 289 352
f 417 293 2313
f 269 294 325
f 194 53 295
f 298 296 195
f 354 474 512
f 297 194 295
f 298 433 296
f 299 298 195
f 242 299 55
f 265 243 56
f 242 300 243
f 425 354 296
f 309 208 303
f 450 485 453
f 208 207 303
f 250 141 248
f 250 304 249
f 252 305 70
f 201 253 306
f 308 403 306
f 307 306 253
f 306 307 308
f 302 309 303
f 447 302 303
f 403 308 481
f 248 309 307
f 309 248 141
f 170 248 307
f 310 176 210
f 311 107 578
f 310 311 563
f 255 311 210
f 512 259 354
f 256 260 261
f 2308 314 185
f 260 314 261
f 315 391 317
f 264 333 360
f 361 315 317
f 318 277 12
f 318 322 320
f 12 13 318
f 2311 318 13
f 267 2311 14
f 318 2311 319
f 366 545 323
f 502 321 364
f 321 320 322
f 364 321 322
f 321 157 365
f 323 322 319
f 324 323 186
f 186 267 367
f 2313 412 417
f 269 326 222
f 411 327 326
f 590 328 272
f 273 329 271
f 330 329 273
f 330 370 332
f 377 375 376
f 378 379 331
f 330 331 329
f 377 332 375
f 360 224 593
f 333 224 360
f 335 334 64
f 374 398 336
f 273 370 330
f 338 305 356
f 339 338 371
f 278 279 339
f 230 280 281
f 481 372 403
f 302 482 308
f 341 397 398
f 282 343 395
f 340 441 439
f 284 231 2377
f 401 2377 446
f 441 442 455
f 456 451 345
f 286 346 2379
f 402 348 349
f 348 254 349
f 563 349 310
f 289 167 350
f 290 351 236
f 350 351 289
f 519 520 575
f 414 352 136
f 414 167 352
f 353 293 417
f 294 353 325
f 195 297 295
f 297 296 354
f 242 355 2373
f 266 243 265
f 503 355 244
f 2373 355 301
f 306 356 201
f 338 356 403
f 400 449 447
f 481 442 372
f 357 312 212
f 98 260 462
f 255 312 406
f 466 464 465
f 465 359 530
f 259 359 257
f 360 388 315
f 264 360 315
f 316 409 468
f 384 385 382
f 388 391 315
f 323 364 322
f 366 430 545
f 368 367 267
f 327 368 222
f 367 324 186
f 367 327 419
f 368 327 367
f 326 327 222
f 424 418 2316
f 334 335 369
f 369 370 334
f 332 370 336
f 371 159 280
f 439 159 340
f 339 371 280
f 403 372 371
f 340 371 372
f 439 373 159
f 374 373 341
f 398 374 341
f 342 374 369
f 373 439 341
f 375 445 376
f 336 375 332
f 478 568 386
f 379 380 158
f 331 377 378
f 379 378 380
f 388 360 593
f 590 272 158
f 379 272 331
f 382 158 384
f 384 158 380
f 388 387 391
f 380 381 384
f 542 499 470
f 387 385 2314
f 394 393 438
f 593 158 382
f 378 383 2315
f 438 376 445
f 477 492 436
f 382 385 387
f 131 568 541
f 568 2380 386
f 437 386 383
f 2315 383 386
f 378 377 383
f 377 376 383
f 2380 2315 386
f 378 2315 380
f 2314 385 436
f 382 387 388
f 436 385 477
f 2314 391 387
f 317 391 390
f 2376 479 392
f 395 2312 344
f 2376 392 343
f 337 2376 283
f 394 445 396
f 393 437 438
f 2312 392 394
f 393 394 392
f 396 2312 394
f 344 2312 132
f 446 395 344
f 132 2312 396
f 398 396 445
f 396 398 397
f 443 444 132
f 447 303 448
f 345 285 401
f 2381 453 451
f 448 450 453
f 235 345 133
f 133 345 451
f 286 347 288
f 402 347 2379
f 348 2379 237
f 359 259 512
f 354 259 297
f 549 508 507
f 338 403 371
f 2306 405 130
f 358 407 457
f 182 404 183
f 183 405 2306
f 457 405 404
f 406 107 255
f 107 406 460
f 312 407 406
f 407 358 489
f 357 407 312
f 313 467 528
f 2374 490 488
f 464 359 465
f 363 534 156
f 363 156 316
f 537 409 156
f 468 409 220
f 156 409 316
f 321 365 320
f 320 365 531
f 531 277 320
f 470 410 469
f 323 324 366
f 167 414 2313
f 2313 414 413
f 412 2313 413
f 428 412 413
f 416 412 415
f 416 411 326
f 415 412 428
f 325 416 326
f 419 420 2382
f 411 419 327
f 367 419 324
f 420 424 421
f 427 426 431
f 433 301 504
f 476 2320 518
f 432 429 426
f 546 418 509
f 421 430 366
f 425 422 474
f 431 415 427
f 476 413 414
f 415 428 427
f 555 557 516
f 430 421 2316
f 548 473 430
f 565 538 566
f 355 503 301
f 507 506 505
f 513 474 517
f 518 413 476
f 426 418 424
f 510 554 509
f 431 426 424
f 558 432 423
f 429 418 426
f 433 425 296
f 425 433 511
f 374 336 369
f 375 336 398
f 479 478 437
f 479 437 393
f 2318 434 276
f 568 435 541
f 478 435 568
f 436 492 493
f 2314 436 389
f 438 437 383
f 376 438 383
f 394 438 445
f 443 439 441
f 442 441 340
f 456 399 454
f 340 372 442
f 441 440 443
f 308 482 481
f 455 442 486
f 443 440 444
f 440 452 454
f 132 397 443
f 341 443 397
f 454 444 440
f 132 444 480
f 398 445 375
f 401 446 399
f 448 303 207
f 400 486 449
f 448 207 450
f 400 447 448
f 447 449 482
f 450 207 483
f 450 484 485
f 452 2381 456
f 133 451 485
f 456 454 452
f 453 400 448
f 455 452 440
f 2381 452 486
f 485 451 453
f 400 453 2381
f 454 480 444
f 441 455 440
f 486 442 449
f 345 401 456
f 457 357 115
f 357 457 407
f 488 457 404
f 182 488 404
f 523 458 313
f 526 291 487
f 573 461 526
f 459 579 2307
f 581 576 577
f 291 461 352
f 98 408 490
f 462 260 464
f 408 98 462
f 408 463 490
f 457 488 358
f 458 489 313
f 408 466 467
f 462 464 466
f 466 465 529
f 462 466 408
f 408 467 463
f 262 468 220
f 316 468 361
f 469 365 2319
f 472 470 2319
f 531 365 469
f 469 2319 470
f 276 499 2318
f 477 131 498
f 472 542 470
f 471 492 498
f 544 493 494
f 472 471 542
f 501 430 473
f 502 545 501
f 156 534 536
f 474 422 517
f 524 528 525
f 425 474 354
f 461 573 559
f 136 476 414
f 559 2320 476
f 131 477 381
f 437 478 386
f 392 479 393
f 478 591 435
f 443 341 439
f 399 344 480
f 132 480 344
f 449 442 481
f 447 482 302
f 481 482 449
f 209 483 207
f 233 484 160
f 484 133 485
f 2381 486 400
f 455 486 452
f 2374 488 182
f 490 2374 98
f 292 487 291
f 347 402 562
f 287 487 292
f 576 526 487
f 358 488 490
f 467 313 463
f 523 528 524
f 406 407 489
f 463 489 358
f 490 463 358
f 529 465 491
f 530 512 513
f 557 525 529
f 469 532 531
f 531 532 533
f 498 492 477
f 492 471 494
f 472 495 494
f 493 492 494
f 472 494 471
f 495 157 543
f 493 362 389
f 497 389 362
f 389 436 493
f 362 564 496
f 389 497 390
f 496 363 497
f 363 390 497
f 542 498 541
f 541 2318 542
f 501 545 430
f 502 501 500
f 569 538 565
f 544 494 495
f 500 543 502
f 321 502 157
f 364 323 545
f 503 567 504
f 244 221 2383
f 505 504 567
f 433 504 511
f 503 504 301
f 507 508 506
f 422 425 511
f 505 506 511
f 549 510 508
f 549 507 550
f 418 429 509
f 515 594 522
f 522 429 558
f 511 504 505
f 511 506 422
f 359 512 530
f 513 512 474
f 514 513 475
f 513 516 530
f 514 515 571
f 555 516 514
f 594 510 522
f 491 530 516
f 514 516 513
f 513 517 475
f 506 517 422
f 517 508 475
f 2317 427 518
f 574 573 580
f 427 428 518
f 413 518 428
f 520 2317 2320
f 518 2320 2317
f 570 556 572
f 520 423 2317
f 520 519 423
f 519 521 423
f 429 432 558
f 571 555 514
f 521 558 423
f 558 515 522
f 556 521 519
f 521 571 558
f 559 574 2320
f 523 459 460
f 524 560 561
f 458 523 460
f 313 528 523
f 570 557 555
f 525 570 560
f 291 526 461
f 581 526 576
f 402 349 527
f 578 577 527
f 529 528 467
f 525 528 529
f 529 467 466
f 529 491 557
f 465 530 491
f 410 532 469
f 229 533 532
f 535 496 564
f 534 496 535
f 552 553 547
f 540 507 505
f 535 551 534
f 362 493 539
f 535 564 565
f 552 547 554
f 2321 536 551
f 534 551 536
f 409 537 221
f 536 2321 537
f 156 536 537
f 2321 2383 537
f 501 538 500
f 473 538 501
f 566 553 565
f 540 505 567
f 544 539 493
f 566 538 473
f 541 498 131
f 471 498 542
f 502 543 157
f 569 543 500
f 500 538 569
f 364 545 502
f 547 566 473
f 418 546 548
f 547 548 546
f 550 507 540
f 510 549 554
f 549 550 552
f 553 551 535
f 565 553 535
f 551 552 550
f 547 553 566
f 552 551 553
f 546 554 547
f 552 554 549
f 546 509 554
f 509 429 522
f 509 522 510
f 555 571 556
f 570 572 560
f 521 556 571
f 556 519 572
f 516 557 491
f 515 558 571
f 561 560 572
f 524 525 560
f 575 561 572
f 523 524 459
f 562 287 347
f 487 562 576
f 287 562 487
f 527 562 402
f 577 562 527
f 577 579 581
f 362 496 497
f 539 564 362
f 539 565 564
f 565 539 569
f 244 567 503
f 2383 567 244
f 537 2383 221
f 2321 540 2383
f 550 540 2321
f 2318 541 435
f 544 495 543
f 544 569 539
f 543 569 544
f 548 547 473
f 557 570 525
f 556 570 555
f 519 575 572
f 581 580 573
f 580 575 574
f 520 574 575
f 559 573 574
f 559 136 461
f 476 136 559
f 580 561 575
f 577 576 562
f 527 563 578
f 578 563 311
f 580 579 459
f 526 581 573
f 577 578 579
f 561 580 459
f 580 581 579
f 582 2306 119
f 585 112 78
f 124 584 114
f 127 584 124
f 583 584 585
f 149 586 172
f 588 587 585
f 584 588 585
f 589 588 127
f 91 589 90
f 588 589 586
f 593 590 158
f 328 590 223
f 225 434 591
f 592 591 2378
f 434 225 228
f 388 593 382
f 594 475 508
f 514 475 515
f 475 594 515
f 510 594 508
f 688 632 631
f 722 623 622
f 49 812 50
f 625 727 728
f 682 689 687
f 1109 669 699
f 240 816 53
f 786 785 772
f 638 2384 101
f 722 683 623
f 637 636 671
f 60 59 2325
f 686 628 2385
f 682 631 630
f 687 677 682
f 684 2385 627
f 736 169 698
f 674 649 648
f 2389 888 57
f 727 624 683
f 2325 59 887
f 59 58 887
f 56 2389 57
f 724 664 787
f 637 2384 638
f 874 878 731
f 744 641 640
f 61 850 852
f 726 727 683
f 62 955 849
f 685 671 636
f 673 667 699
f 676 663 645
f 68 67 855
f 672 700 673
f 1097 738 739
f 667 702 705
f 714 620 619
f 803 909 910
f 644 669 676
f 639 74 661
f 751 749 750
f 674 668 729
f 74 198 661
f 704 654 703
f 639 661 711
f 671 685 660
f 683 752 726
f 730 762 2385
f 642 673 643
f 629 686 689
f 681 680 633
f 668 647 663
f 674 647 668
f 645 663 646
f 644 676 645
f 795 688 677
f 676 729 668
f 730 2385 684
f 708 662 709
f 699 669 643
f 626 625 728
f 1109 1108 675
f 686 629 628
f 684 627 626
f 682 688 631
f 681 688 795
f 624 727 625
f 621 679 723
f 624 623 683
f 607 885 608
f 621 723 622
f 682 677 688
f 716 679 714
f 762 760 687
f 714 618 617
f 715 714 617
f 681 632 688
f 628 627 2385
f 714 619 618
f 682 630 689
f 757 835 795
f 729 676 669
f 723 679 716
f 677 760 757
f 674 729 675
f 620 679 621
f 728 684 626
f 701 702 700
f 658 809 659
f 673 642 672
f 47 638 101
f 733 891 954
f 806 808 805
f 637 671 2384
f 811 809 2283
f 707 655 704
f 632 681 633
f 660 697 671
f 672 642 641
f 674 675 650
f 652 1108 705
f 674 650 649
f 648 647 674
f 714 679 620
f 675 651 650
f 687 689 686
f 705 702 653
f 1091 1041 989
f 676 668 663
f 717 725 724
f 943 873 872
f 633 680 634
f 805 597 596
f 1108 651 675
f 878 925 930
f 744 745 708
f 598 960 952
f 960 987 800
f 644 643 669
f 891 845 847
f 685 636 635
f 665 837 743
f 629 689 630
f 635 634 680
f 911 804 909
f 737 657 656
f 72 815 73
f 1109 699 667
f 817 2386 1048
f 773 1105 774
f 660 693 698
f 697 660 698
f 698 693 736
f 139 101 48
f 2384 671 697
f 48 697 698
f 729 669 1109
f 667 705 1109
f 700 666 701
f 667 700 702
f 673 700 667
f 666 700 672
f 709 706 701
f 704 655 654
f 701 666 709
f 703 702 701
f 653 702 703
f 703 701 704
f 653 703 654
f 706 704 701
f 704 706 707
f 652 705 653
f 706 709 662
f 656 655 707
f 748 858 747
f 707 706 713
f 745 744 640
f 662 713 706
f 712 813 710
f 863 859 861
f 744 666 672
f 709 666 708
f 711 640 639
f 749 711 661
f 708 747 662
f 198 750 661
f 751 750 73
f 694 746 749
f 1092 735 1093
f 858 713 662
f 738 713 712
f 715 617 616
f 716 714 715
f 615 715 616
f 720 725 717
f 719 723 718
f 752 670 726
f 719 718 717
f 720 718 753
f 719 717 670
f 717 724 670
f 787 781 724
f 721 715 615
f 755 740 754
f 723 722 622
f 722 719 752
f 723 716 718
f 722 723 719
f 696 725 720
f 664 724 725
f 718 720 717
f 754 696 720
f 727 726 678
f 728 727 678
f 675 729 1109
f 681 834 680
f 680 834 665
f 684 728 869
f 840 605 838
f 1011 1010 973
f 55 890 300
f 601 847 602
f 854 805 808
f 1068 989 1090
f 804 64 63
f 1068 1065 1066
f 857 793 833
f 736 693 867
f 712 739 738
f 809 658 2285
f 738 707 713
f 739 712 710
f 707 738 737
f 739 710 997
f 739 997 1094
f 202 71 72
f 70 865 71
f 922 816 2310
f 695 968 923
f 610 609 819
f 880 886 606
f 753 716 715
f 743 742 660
f 693 660 742
f 743 660 685
f 867 693 823
f 665 743 2322
f 742 743 826
f 666 744 708
f 641 744 672
f 745 640 711
f 746 745 711
f 708 745 747
f 749 746 711
f 747 746 748
f 745 746 747
f 748 746 694
f 859 813 748
f 748 813 858
f 749 751 694
f 859 748 694
f 661 750 749
f 815 751 73
f 820 751 815
f 722 752 683
f 670 752 719
f 716 753 718
f 721 753 715
f 615 614 755
f 755 721 615
f 755 754 721
f 613 755 614
f 1047 740 817
f 696 754 740
f 728 678 869
f 757 795 677
f 756 761 760
f 766 759 761
f 759 757 761
f 765 768 758
f 836 757 759
f 769 770 772
f 776 758 769
f 759 765 758
f 769 758 768
f 776 836 758
f 677 687 760
f 762 687 686
f 760 761 757
f 763 821 756
f 756 760 762
f 730 763 762
f 756 762 763
f 822 764 767
f 767 766 822
f 783 765 766
f 759 766 765
f 783 766 767
f 774 768 783
f 774 1105 771
f 770 769 768
f 771 784 770
f 776 775 777
f 771 768 774
f 770 784 779
f 782 767 764
f 771 1107 784
f 770 768 771
f 785 769 772
f 825 775 790
f 777 825 824
f 785 790 775
f 777 775 825
f 782 773 767
f 773 774 783
f 775 776 769
f 793 857 790
f 824 825 823
f 776 777 871
f 837 665 796
f 779 792 786
f 779 2387 830
f 764 822 916
f 787 788 781
f 782 866 780
f 670 724 791
f 764 916 866
f 724 781 791
f 773 783 767
f 779 784 2387
f 785 775 769
f 1004 725 696
f 791 781 789
f 772 779 786
f 794 790 785
f 829 792 870
f 785 786 794
f 790 794 793
f 867 823 857
f 1049 2388 664
f 730 868 763
f 791 726 670
f 790 857 825
f 917 789 781
f 726 791 678
f 786 2324 794
f 792 830 870
f 830 831 870
f 52 51 832
f 794 2324 828
f 833 51 50
f 871 835 836
f 796 665 834
f 778 837 796
f 835 796 834
f 796 871 778
f 841 840 797
f 901 733 976
f 1111 877 884
f 932 887 888
f 941 829 870
f 901 845 891
f 848 847 903
f 270 983 955
f 61 333 850
f 962 800 987
f 990 803 910
f 856 802 855
f 805 807 806
f 807 2283 806
f 801 988 1066
f 853 854 801
f 807 805 596
f 596 1284 807
f 811 807 1284
f 810 2285 658
f 2283 809 735
f 1094 1097 739
f 809 2285 735
f 1071 2283 735
f 811 2283 807
f 1284 595 2284
f 811 1284 2284
f 657 810 658
f 809 811 659
f 857 833 812
f 736 812 49
f 707 737 656
f 737 1097 810
f 657 737 810
f 712 858 813
f 710 813 863
f 863 860 996
f 815 72 864
f 865 908 991
f 861 859 820
f 817 740 613
f 755 613 740
f 1489 612 2386
f 1003 1047 1048
f 819 966 1002
f 914 1002 966
f 912 609 608
f 915 819 1002
f 763 868 920
f 822 756 821
f 822 821 916
f 778 777 824
f 826 778 824
f 824 742 826
f 824 823 742
f 823 825 857
f 868 869 827
f 917 827 789
f 921 832 828
f 922 828 2324
f 792 829 2324
f 779 830 792
f 830 695 831
f 832 51 833
f 833 793 832
f 828 832 793
f 794 828 793
f 52 832 921
f 795 834 681
f 795 835 834
f 757 836 835
f 836 759 758
f 777 778 871
f 837 778 826
f 743 837 826
f 797 840 838
f 872 605 1443
f 1110 885 886
f 873 874 838
f 872 838 605
f 876 841 797
f 877 876 924
f 839 841 876
f 892 604 846
f 872 873 838
f 888 58 219
f 889 56 300
f 889 974 971
f 241 940 54
f 603 844 900
f 602 845 844
f 604 892 893
f 900 844 845
f 604 603 846
f 903 601 600
f 905 600 599
f 891 847 848
f 847 845 602
f 903 847 601
f 848 903 953
f 983 956 955
f 1130 849 1131
f 851 852 850
f 906 907 850
f 1112 984 851
f 852 851 983
f 853 801 987
f 854 853 597
f 855 802 2286
f 856 67 66
f 860 993 995
f 65 64 911
f 856 66 803
f 803 66 911
f 66 65 911
f 804 63 1130
f 812 833 50
f 857 812 867
f 713 858 712
f 747 858 662
f 820 859 694
f 861 862 992
f 862 864 865
f 862 861 820
f 863 861 860
f 815 862 820
f 862 865 992
f 860 995 996
f 859 863 813
f 997 710 996
f 1095 1094 814
f 865 864 71
f 815 864 862
f 908 70 69
f 992 865 991
f 915 612 611
f 2386 612 818
f 912 819 609
f 915 610 819
f 885 912 608
f 912 1114 966
f 818 612 915
f 917 918 920
f 780 2323 1132
f 764 866 782
f 780 866 2323
f 919 2323 866
f 736 867 812
f 742 823 693
f 869 868 730
f 868 827 920
f 869 730 684
f 827 678 789
f 869 678 827
f 835 871 796
f 776 871 836
f 943 894 873
f 894 943 896
f 874 873 875
f 838 874 797
f 874 731 924
f 875 873 894
f 924 731 877
f 797 874 924
f 874 875 878
f 884 970 1055
f 883 881 882
f 924 876 797
f 882 876 877
f 926 945 929
f 879 875 894
f 877 731 884
f 878 875 879
f 970 878 930
f 895 899 894
f 925 879 926
f 899 879 894
f 881 880 839
f 885 607 886
f 839 880 841
f 882 881 839
f 1110 881 883
f 882 839 876
f 883 1111 2329
f 1111 883 882
f 1161 1159 1172
f 884 1055 1111
f 607 606 886
f 881 886 880
f 888 887 58
f 798 887 932
f 2325 887 798
f 889 2389 56
f 890 889 300
f 937 55 54
f 241 53 940
f 937 54 843
f 829 816 922
f 843 54 940
f 891 733 901
f 897 900 901
f 929 925 926
f 895 894 896
f 896 892 846
f 893 943 872
f 893 892 943
f 976 978 944
f 898 897 944
f 895 897 898
f 897 896 846
f 895 896 897
f 846 900 897
f 898 978 979
f 898 951 895
f 951 899 895
f 603 900 846
f 901 900 845
f 901 976 944
f 1057 933 1056
f 951 898 979
f 926 946 945
f 946 902 945
f 905 903 600
f 599 952 905
f 952 800 904
f 598 952 599
f 905 953 903
f 953 905 904
f 982 906 2325
f 972 973 1010
f 1112 907 1014
f 986 957 958
f 956 957 959
f 987 961 853
f 801 962 987
f 805 854 597
f 988 854 808
f 1000 856 990
f 855 67 856
f 964 2286 802
f 865 70 908
f 855 2286 69
f 908 69 2286
f 996 710 863
f 911 909 803
f 999 990 910
f 804 911 64
f 959 1040 1131
f 912 913 1114
f 885 913 912
f 912 966 819
f 1046 967 1080
f 967 741 818
f 611 610 915
f 918 916 821
f 866 916 919
f 781 788 917
f 916 918 919
f 920 918 821
f 918 917 919
f 920 821 763
f 922 921 828
f 829 922 2324
f 941 816 829
f 968 695 1005
f 878 879 925
f 899 926 879
f 929 930 925
f 929 945 948
f 929 927 930
f 878 970 731
f 928 970 930
f 798 932 931
f 935 931 1006
f 935 934 931
f 2389 932 888
f 931 932 1006
f 1006 2389 971
f 935 1006 936
f 1119 1127 1118
f 935 933 1123
f 933 935 936
f 933 1057 1123
f 798 972 982
f 798 931 934
f 973 934 1122
f 1007 974 1008
f 938 937 799
f 938 799 939
f 937 938 890
f 1018 939 799
f 890 55 937
f 816 940 53
f 1051 941 831
f 891 848 954
f 892 896 943
f 898 944 978
f 901 944 897
f 949 945 902
f 899 946 926
f 979 902 946
f 1024 902 981
f 929 948 927
f 980 981 979
f 950 945 949
f 948 945 1023
f 947 950 949
f 1023 945 950
f 979 946 951
f 946 899 951
f 800 952 960
f 905 952 904
f 1062 986 1059
f 1026 953 904
f 954 848 1028
f 733 942 976
f 953 1028 848
f 906 982 842
f 907 906 842
f 906 850 333
f 1112 850 907
f 1112 851 850
f 956 851 984
f 955 959 849
f 959 955 956
f 956 984 957
f 959 957 1040
f 957 984 958
f 1031 1100 1038
f 1040 957 986
f 961 960 598
f 960 961 987
f 963 802 1000
f 1000 802 856
f 965 963 1000
f 802 963 964
f 1042 994 995
f 1040 734 1085
f 967 1002 914
f 914 1081 1080
f 741 967 1046
f 695 923 831
f 843 799 937
f 1018 799 969
f 927 690 1053
f 928 930 927
f 1126 1053 690
f 970 928 1055
f 731 970 884
f 57 888 219
f 936 1006 971
f 973 972 934
f 1011 973 1128
f 889 971 2389
f 1007 971 974
f 890 974 889
f 938 974 890
f 1008 938 939
f 1008 1115 732
f 976 942 977
f 1060 733 954
f 1059 985 1017
f 980 977 1016
f 977 978 976
f 1116 950 1009
f 927 948 690
f 1127 948 1023
f 947 949 1024
f 979 978 980
f 978 977 980
f 1058 980 1016
f 902 979 981
f 800 1025 904
f 1027 1026 1030
f 1031 1029 1100
f 982 2325 798
f 982 972 842
f 852 983 270
f 983 851 956
f 1015 984 1112
f 962 801 1066
f 989 988 808
f 854 988 801
f 808 1091 989
f 1095 1096 692
f 1063 1065 691
f 803 990 856
f 2286 991 908
f 993 992 991
f 992 993 860
f 1044 1042 1043
f 1074 1075 1073
f 1042 993 991
f 2287 814 997
f 861 992 860
f 2287 997 996
f 995 994 2287
f 994 1074 1076
f 1072 1041 692
f 1087 1084 1086
f 1001 999 1045
f 1001 1000 990
f 1069 691 1065
f 915 1002 818
f 1004 1003 1050
f 1003 1004 696
f 696 740 1047
f 1004 1050 1049
f 725 1004 664
f 1102 2326 1133
f 2386 741 1048
f 1002 967 818
f 1147 968 1005
f 1022 923 968
f 831 923 969
f 940 1051 843
f 799 843 969
f 1051 969 843
f 1129 1127 1119
f 1106 1140 1147
f 1007 936 971
f 974 938 1008
f 1115 1008 939
f 732 1007 1008
f 1123 934 935
f 950 1116 1023
f 1061 1128 947
f 1012 1014 907
f 1011 1128 1061
f 1012 1010 1011
f 907 842 1012
f 972 1010 842
f 1012 842 1010
f 1014 1012 2327
f 1011 1061 2327
f 2327 1083 1013
f 1013 985 1015
f 1015 1014 1013
f 1015 985 1059
f 1015 958 984
f 1016 977 1070
f 1070 977 942
f 1017 1016 1070
f 1017 985 1058
f 1115 939 975
f 1018 969 923
f 975 939 1018
f 1150 1022 1143
f 1142 1149 1143
f 1115 1021 1121
f 1020 1018 923
f 975 1019 1021
f 1019 975 1020
f 1020 975 1018
f 1151 1153 1125
f 923 1022 1020
f 690 948 1127
f 1061 1024 1083
f 1014 2327 1013
f 902 1024 949
f 1024 981 1083
f 800 962 1025
f 1026 904 1025
f 1028 1026 1027
f 1026 1025 1032
f 1027 1030 1035
f 1031 1027 1035
f 1028 1027 1039
f 1026 1028 953
f 1045 1063 691
f 1045 1037 1063
f 1035 1029 1031
f 734 986 1062
f 1030 1026 1032
f 1064 1032 1025
f 1036 1030 1032
f 1029 1035 1033
f 1034 1036 1037
f 999 910 1087
f 1033 1035 1034
f 1035 1030 1034
f 1037 1036 1063
f 1100 1070 1038
f 1027 1031 1039
f 1038 1039 1031
f 986 734 1040
f 1033 734 1062
f 1059 986 958
f 1071 1091 806
f 1064 1025 962
f 1043 991 2286
f 1044 1043 964
f 991 1043 1042
f 1000 1001 965
f 999 1001 990
f 1080 967 914
f 1050 1046 1082
f 1048 1047 817
f 1047 1003 696
f 817 1427 2386
f 1046 1048 741
f 787 664 2388
f 1004 1049 664
f 1102 1050 1082
f 1050 1003 1046
f 1048 1046 1003
f 816 941 940
f 969 1051 831
f 690 1127 1129
f 928 1053 1054
f 1126 1052 1053
f 1053 1052 1054
f 1166 1055 1168
f 927 1053 928
f 928 1054 1055
f 1007 732 1056
f 936 1056 933
f 1118 1116 1117
f 1057 1056 1120
f 1057 1117 1123
f 950 947 1009
f 981 980 1058
f 985 1013 1058
f 1017 1058 1016
f 1015 1059 958
f 1060 942 733
f 1039 1060 954
f 1028 1039 954
f 1024 1061 947
f 1011 2327 1012
f 2327 1061 1083
f 1100 1062 1059
f 1062 1100 1029
f 1063 1064 1065
f 1032 1064 1036
f 1066 1064 962
f 988 1068 1066
f 1069 1065 1068
f 1064 1066 1065
f 1041 1072 1090
f 989 1068 988
f 1067 1069 1068
f 994 1042 1074
f 1077 1069 1067
f 1069 1077 691
f 1017 1070 1100
f 942 1038 1070
f 1071 735 1092
f 1090 1067 1068
f 993 1042 995
f 963 1044 964
f 1042 1044 1074
f 1075 1074 1044
f 1067 1079 1073
f 1075 1044 963
f 1074 1073 1076
f 963 965 1075
f 1001 1045 691
f 1076 1073 1079
f 994 1076 2287
f 1078 1075 965
f 1001 1078 965
f 1079 1072 998
f 1077 1078 691
f 1001 691 1078
f 1046 1080 1082
f 1102 1099 2388
f 2326 1082 1080
f 741 2386 818
f 981 1058 1083
f 1083 1058 1013
f 1017 1100 1059
f 1029 1033 1062
f 1033 1089 734
f 1089 1085 734
f 1085 1086 1084
f 909 1088 910
f 1086 1085 1089
f 1085 1084 1131
f 1045 999 1087
f 1087 910 1088
f 1087 1086 1037
f 1088 909 804
f 1087 1088 1084
f 1034 1089 1033
f 1041 1090 989
f 1079 1090 1072
f 1067 1090 1079
f 806 1091 808
f 692 1091 1071
f 1093 735 2285
f 1096 1095 814
f 1097 1094 1093
f 1093 1094 1095
f 814 1094 997
f 1097 1093 810
f 692 1092 1095
f 1095 1092 1093
f 1096 998 1072
f 738 1097 737
f 1091 692 1041
f 1092 692 1071
f 1096 1072 692
f 1105 773 2390
f 788 1099 2323
f 1133 2328 1132
f 1089 1034 1086
f 1037 1086 1034
f 1087 1037 1045
f 1133 2326 2328
f 1049 1050 1102
f 1099 1102 1133
f 1107 1005 784
f 1104 782 780
f 773 782 1104
f 1156 1146 1103
f 1081 1170 1101
f 1104 780 1103
f 773 1104 2390
f 1134 1156 1103
f 1105 1107 771
f 1107 1105 1106
f 1140 1106 1141
f 1147 1005 1107
f 1147 1107 1106
f 651 1108 652
f 705 1108 1109
f 820 694 751
f 885 1110 913
f 881 1110 886
f 877 1111 882
f 1166 1111 1055
f 1112 1014 1015
f 1164 1170 1171
f 1114 1113 914
f 914 1113 1081
f 883 1162 1110
f 1160 1161 1162
f 1114 913 1172
f 920 827 917
f 1021 1115 975
f 1116 1009 1117
f 1116 1127 1023
f 1122 1117 1009
f 1117 1057 1118
f 1127 1116 1118
f 1118 1120 1119
f 1120 732 1121
f 1128 1009 947
f 1123 1122 934
f 1117 1122 1123
f 1115 1121 732
f 1152 1125 1021
f 1021 1125 1121
f 1153 1124 1125
f 1120 1121 1124
f 1129 1126 690
f 1153 1126 1124
f 1057 1120 1118
f 1124 1119 1120
f 1122 1128 973
f 1009 1128 1122
f 1124 1129 1119
f 1126 1129 1124
f 1131 1088 1130
f 849 959 1131
f 1130 1088 804
f 1084 1088 1131
f 62 849 63
f 1131 1040 1085
f 1101 1098 2328
f 1099 1133 1132
f 1134 2328 1098
f 1103 780 1132
f 1132 2328 1134
f 1159 1171 1172
f 1153 1154 1155
f 1132 1134 1103
f 1138 1136 1164
f 1081 1101 2326
f 1101 1170 1136
f 1152 1151 1125
f 1101 1136 1098
f 1164 1136 1170
f 1139 1156 1098
f 1163 1138 1164
f 1139 1138 1137
f 1135 1144 1137
f 1139 1137 1144
f 1142 1144 1135
f 1147 1140 1143
f 1140 1142 1143
f 1104 1103 1146
f 1141 1146 1145
f 1106 2390 1141
f 1143 1149 1150
f 1145 1144 1142
f 1156 1144 1145
f 2390 1104 1146
f 1145 1146 1156
f 2390 1146 1141
f 1143 1022 1147
f 968 1147 1022
f 1152 1019 1150
f 1148 1142 1135
f 1142 1148 1149
f 1135 1158 1154
f 1151 1149 1148
f 1150 1019 1020
f 1137 1167 1158
f 1052 1157 1168
f 1151 1152 1149
f 1019 1152 1021
f 1022 1150 1020
f 1152 1150 1149
f 1154 1153 1151
f 1154 1151 1148
f 1135 1154 1148
f 1144 1156 1139
f 1157 1052 1155
f 1158 1157 1155
f 1138 1163 1167
f 1155 1154 1158
f 1137 1158 1135
f 1167 1157 1158
f 1161 1172 913
f 1162 2329 1160
f 1163 1159 1160
f 1162 1161 913
f 1159 1161 1160
f 1110 1162 913
f 1165 1160 2329
f 1163 1165 1169
f 1159 1163 1164
f 2329 1166 1165
f 1163 1169 1167
f 1166 1168 1169
f 1111 1166 2329
f 1168 1055 1054
f 1166 1169 1165
f 1138 1167 1137
f 1052 1168 1054
f 1157 1169 1168
f 1167 1169 1157
f 1113 1170 1081
f 1171 1170 1113
f 1172 1171 1113
f 1171 1159 1164
f 1114 1172 1113
f 1145 1140 1141
f 1142 1140 1145
f 616 617 618
f 1311 1234 1272
f 1269 1219 1220
f 616 618 619
f 619 1276 616
f 1345 616 1276
f 1276 619 1173
f 1271 1269 1263
f 1271 1218 1219
f 1348 1312 1350
f 1236 1258 2292
f 647 648 1244
f 1353 1179 1180
f 2331 1258 1266
f 1488 611 612
f 1269 1240 2288
f 2330 1310 1234
f 1267 1261 1250
f 2338 1186 1187
f 1286 1253 1259
f 1247 1224 1225
f 607 608 1433
f 613 614 1486
f 1274 1275 1336
f 1239 1238 1251
f 1507 1357 1394
f 1310 2288 1255
f 1243 647 1244
f 1217 1285 1216
f 872 1443 1445
f 1234 1311 2330
f 1736 1515 1510
f 1237 1261 1260
f 1446 841 880
f 1255 2288 1259
f 1235 1231 1232
f 1397 601 602
f 1323 596 597
f 598 1366 961
f 1325 1297 1378
f 601 1397 1398
f 1334 1306 1213
f 2292 1228 1229
f 1247 1253 1246
f 1226 1227 1242
f 1327 1295 1328
f 1247 1246 1224
f 1339 1343 1340
f 1326 596 1323
f 1232 2291 2290
f 1293 1332 1233
f 1245 1243 1238
f 1226 1242 1254
f 1223 1224 1246
f 1239 1246 1253
f 2292 1258 1241
f 1229 1230 2289
f 1230 1231 1249
f 1240 1248 1286
f 1202 1920 1438
f 1188 1362 1361
f 1241 2331 1267
f 1188 1189 1362
f 1262 1264 1305
f 1265 1261 1267
f 1342 1479 1341
f 1282 1283 1191
f 1395 1204 1205
f 1249 1257 2289
f 1255 1256 1237
f 1245 1248 1221
f 1258 2331 1241
f 1437 1392 1436
f 1437 1498 1392
f 1242 1250 1261
f 1192 1282 1191
f 1238 1244 1251
f 1237 1242 1261
f 1246 1251 1223
f 1247 1256 1253
f 1503 1549 1201
f 1259 1256 1255
f 1550 1201 1549
f 1244 1222 1251
f 1495 1199 1200
f 1236 2292 2289
f 1198 1199 1496
f 1260 1234 1310
f 1260 1255 1237
f 1218 1271 1217
f 1272 1260 1261
f 1263 2330 1309
f 1242 1227 1250
f 1221 1248 1220
f 1238 1243 1244
f 1256 1247 1254
f 1260 1310 1255
f 1287 1257 1249
f 648 1222 1244
f 1237 1256 1254
f 1243 1252 663
f 663 1252 646
f 2289 1257 1236
f 1245 1252 1243
f 1228 1250 1227
f 1243 663 647
f 1221 646 1252
f 1268 1258 1236
f 1415 1209 1210
f 1251 1246 1239
f 1221 1252 1245
f 1381 1382 1343
f 1241 1250 1228
f 1272 1234 1260
f 1222 1223 1251
f 1225 1226 1254
f 1300 1333 1214
f 1212 1306 1308
f 1286 1245 1238
f 1286 1239 1253
f 1308 1306 1307
f 1241 1228 2292
f 1242 1237 1254
f 1256 1259 1253
f 1286 1259 1240
f 2288 1240 1259
f 1272 1261 1265
f 1274 1265 1273
f 1258 1268 1266
f 1265 2331 1273
f 1262 1304 1264
f 1273 2331 1266
f 1241 1267 1250
f 1257 1291 1236
f 1266 1268 1264
f 1271 1263 1309
f 1309 1217 1271
f 1248 1240 1220
f 1270 1273 1304
f 1269 1271 1219
f 1274 1272 1265
f 1311 1272 1336
f 1274 1273 1270
f 1264 1304 1266
f 1275 1274 1270
f 1274 1336 1272
f 1301 1303 1299
f 1270 1301 1299
f 1275 2391 1336
f 1175 1176 1350
f 614 615 1344
f 1277 1276 1173
f 1173 1174 1277
f 1312 1174 1175
f 1177 1349 1350
f 1312 1277 1174
f 1277 1312 1314
f 1183 1184 1360
f 1199 1495 1496
f 1445 893 872
f 1282 1281 1283
f 1282 1193 1281
f 1283 1281 1406
f 1190 1191 1283
f 600 601 1398
f 1484 1614 2393
f 1233 1330 1293
f 1288 1294 1292
f 1217 1309 1285
f 1215 1216 1285
f 1239 1286 1238
f 1235 1287 1231
f 1288 1287 1235
f 2291 1377 2290
f 1268 1289 1264
f 1293 1330 1290
f 1236 1291 1289
f 1288 1292 1287
f 1290 1291 1257
f 1331 1291 1290
f 1290 1292 1293
f 1296 1332 1293
f 1296 1292 1294
f 1292 1296 1293
f 1288 2293 1295
f 1288 1295 1294
f 1328 1295 2293
f 1327 1323 1368
f 1297 1296 1294
f 1378 1295 1327
f 1297 1325 2333
f 1297 1332 1296
f 1303 1301 1302
f 1275 1270 1299
f 1300 2391 1298
f 1298 2391 1275
f 1299 1298 1275
f 1214 1894 1335
f 1301 1304 1262
f 1302 1301 1262
f 1303 1302 1307
f 1299 1303 1298
f 1306 1334 1303
f 1333 1334 1213
f 1270 1304 1301
f 1304 1273 1266
f 1478 1479 1480
f 1308 1343 1382
f 1306 1303 1307
f 1213 1306 1212
f 1340 1341 1479
f 1302 1341 1340
f 1382 1212 1308
f 2288 1310 1263
f 1311 1336 2334
f 1312 1348 1314
f 1344 1346 614
f 1350 1312 1175
f 1314 1345 1277
f 1348 1349 1429
f 1348 1384 1314
f 1432 1384 1431
f 609 610 1387
f 1584 1278 1533
f 1517 1446 1447
f 1516 1433 1388
f 1396 1206 1207
f 1365 1189 1190
f 2338 1187 1361
f 1408 1405 1406
f 1407 1408 1406
f 1365 1283 1406
f 1365 1405 1362
f 1210 1734 1415
f 1474 1484 2393
f 1419 1483 1477
f 1555 1395 1556
f 1368 597 853
f 1369 853 961
f 1370 1368 1369
f 1378 1297 1294
f 1325 1324 1371
f 1371 1324 1376
f 1326 1328 2293
f 596 1326 1377
f 1368 1323 597
f 1368 1370 1327
f 1324 1325 1378
f 1328 1323 1327
f 1323 1328 1326
f 1377 2293 2290
f 1379 1330 1233
f 1291 1331 1289
f 1342 1305 1423
f 1290 1330 1331
f 1379 1331 1330
f 1335 1300 1214
f 1333 1300 1334
f 1300 1298 1334
f 1303 1334 1298
f 1329 1335 1894
f 1300 1335 2391
f 1329 1337 1335
f 2391 1337 1336
f 1338 2334 2392
f 1285 1309 1338
f 1340 1308 1307
f 1305 1342 1341
f 1262 1305 1341
f 1302 1340 1307
f 1375 1423 1233
f 1375 1233 1417
f 1262 1341 1302
f 1426 1381 1343
f 1379 1423 1305
f 1308 1340 1343
f 1345 1344 615
f 616 1345 615
f 1277 1345 1276
f 1346 1352 1486
f 1313 1545 1617
f 1493 1494 1591
f 1431 1429 1383
f 1384 1348 1429
f 1351 1177 1178
f 1429 1349 1347
f 1177 1350 1176
f 1348 1350 1349
f 1349 1177 1351
f 1434 1178 1179
f 1349 1351 1347
f 1314 1385 1344
f 1345 1314 1344
f 1384 1385 1314
f 1344 1385 1346
f 1386 1352 1432
f 1388 1547 1661
f 1387 1548 609
f 1430 1347 1390
f 1694 1709 1708
f 1444 1394 1443
f 1455 1456 1459
f 1407 1409 1280
f 1359 1195 1196
f 1197 1463 1976
f 1389 1466 1467
f 1362 1189 1365
f 1187 1188 1361
f 1322 1364 1321
f 1364 1194 1321
f 1321 1194 1363
f 1364 1322 1193
f 1281 1322 1406
f 1281 1193 1322
f 1283 1365 1190
f 1406 1322 1407
f 598 599 1460
f 1327 1370 1324
f 1734 1210 1211
f 1482 1543 1415
f 1369 1368 853
f 961 1366 1369
f 1370 1366 1324
f 1371 1373 1475
f 1373 1520 1457
f 1417 1233 1332
f 1520 1371 1376
f 1418 1417 2333
f 1417 1374 1375
f 1332 1297 2333
f 1417 1418 1374
f 1478 1339 1479
f 1480 1423 1375
f 1476 1375 1374
f 1472 1366 1460
f 596 1377 1284
f 2293 1377 1326
f 1295 1378 1294
f 1324 1378 1327
f 2392 1329 1215
f 1289 1379 1264
f 1331 1379 1289
f 1338 2330 1311
f 1309 2330 1338
f 1380 1426 1421
f 1426 1343 1339
f 1381 1426 1425
f 1427 1486 1487
f 1489 1487 1428
f 1430 1429 1347
f 1385 1384 1432
f 1547 1591 1546
f 1389 1180 1181
f 1466 1182 1403
f 1434 1353 1390
f 1351 1178 1434
f 1389 1353 1180
f 1523 1353 1389
f 1429 1430 1383
f 1351 1434 1347
f 1347 1434 1390
f 2394 1390 1353
f 1503 1202 1438
f 1550 1391 1495
f 1197 1198 1497
f 1392 1498 1499
f 1442 1393 1439
f 1447 880 606
f 1507 1508 1506
f 1204 1395 1554
f 1208 1367 1413
f 1597 1557 1442
f 1393 1440 1439
f 1556 1395 1396
f 1204 1554 1441
f 1448 602 844
f 1449 844 603
f 2341 1320 1458
f 1448 1397 602
f 1458 1397 2341
f 1449 1450 1448
f 1194 1400 1363
f 1196 1463 1464
f 1401 1195 2336
f 1522 1359 1464
f 1465 1184 1185
f 1404 1185 1186
f 1403 1527 1467
f 1182 1466 1181
f 1465 1360 1184
f 1182 1183 1403
f 2337 2338 1361
f 1404 1402 1465
f 1280 1411 1586
f 1186 2338 1404
f 1525 1402 1404
f 1362 1405 1524
f 1406 1405 1365
f 1407 1322 1321
f 1409 1407 1321
f 1407 1280 1408
f 1409 1321 1363
f 1470 1408 1280
f 1405 1408 1524
f 1363 1410 1409
f 1400 1401 1410
f 1411 1280 1409
f 1542 1413 1367
f 1414 1416 1412
f 1206 1396 1205
f 1543 1416 1414
f 1543 1414 1415
f 1209 1415 1414
f 1543 1484 1474
f 1367 1208 1412
f 1207 1208 1413
f 1324 1366 1472
f 1369 1366 1370
f 1376 1324 1472
f 2333 1417 1332
f 1475 1325 1371
f 2333 1475 1418
f 1566 1418 1475
f 1374 1418 1372
f 1419 1374 1372
f 1374 1419 1477
f 1566 1372 1418
f 1374 1477 1476
f 1375 1476 1480
f 1479 1339 1340
f 1478 1480 1476
f 1477 1483 1422
f 1478 1421 1339
f 1421 1420 1735
f 1421 1735 1380
f 1422 1735 1420
f 1420 1476 1477
f 1735 1422 1482
f 1233 1423 1379
f 1426 1339 1421
f 1425 1426 1380
f 1489 1427 1487
f 613 1486 1427
f 1487 1352 1386
f 1486 1352 1487
f 1383 1545 1431
f 1490 1530 1491
f 1432 1431 1313
f 1384 1429 1431
f 1432 1313 1616
f 1385 1432 1352
f 1493 1387 610
f 1548 1433 608
f 1466 1389 1181
f 1353 1434 1179
f 1490 2394 1530
f 1467 1527 1583
f 1435 1523 1583
f 2394 1353 1523
f 1389 1467 1523
f 1523 1435 2394
f 1436 1438 1437
f 1438 1920 1437
f 1498 1437 1440
f 1438 1436 1503
f 1439 1440 1203
f 1441 1442 1439
f 1498 1440 1393
f 1442 1441 1554
f 1505 1355 1498
f 1597 1442 1554
f 1393 1442 1557
f 1444 1443 605
f 1445 1443 1394
f 840 841 2335
f 893 1445 1560
f 1447 1446 880
f 606 607 1518
f 1358 1446 1517
f 1395 1205 1396
f 1207 1413 1396
f 1413 1542 1473
f 1449 1448 844
f 1399 1449 603
f 1449 1399 1450
f 603 604 1399
f 1399 1451 1450
f 1519 1565 1452
f 1399 1561 1451
f 1452 1565 2341
f 1450 1451 1452
f 2341 1565 1320
f 1448 2341 1397
f 1452 2341 1450
f 1448 1450 2341
f 1453 1320 1454
f 1398 1458 1459
f 1458 1398 1397
f 1453 1424 1455
f 1458 1320 1453
f 1454 1737 1424
f 1453 1454 1424
f 1472 1471 1376
f 1471 1456 1455
f 1453 1455 1459
f 1424 1457 1455
f 2342 1456 1460
f 1398 1459 2342
f 1521 1566 1373
f 1459 1458 1453
f 2342 1459 1456
f 599 2342 1460
f 1460 1471 1472
f 598 1460 1366
f 1398 2342 600
f 1461 1462 1410
f 1401 1461 1410
f 1463 1196 1976
f 1359 1196 1464
f 1497 1198 1496
f 1497 1553 1463
f 1552 1551 1594
f 1553 1464 1463
f 1522 1464 1571
f 1404 1465 1185
f 1360 1465 1402
f 1467 1466 1403
f 1583 1523 1467
f 1470 1524 1408
f 1280 1586 1470
f 1470 2337 1524
f 1538 1536 1469
f 1576 1534 1462
f 1410 1462 1409
f 1586 1534 1538
f 1586 1538 1469
f 1541 1470 1469
f 1456 1471 1460
f 2393 1614 1649
f 1396 1413 1473
f 1555 1556 1647
f 1556 1396 1473
f 1412 1416 1367
f 1416 1474 1367
f 1566 1475 1373
f 1325 1475 2333
f 1566 1569 1372
f 1636 1737 1634
f 1420 1477 1422
f 1476 1420 1478
f 1421 1478 1420
f 1480 1479 1342
f 1423 1480 1342
f 1482 1481 1543
f 1481 1482 1422
f 1484 1485 1614
f 1484 1481 1485
f 1483 1485 1481
f 1385 1352 1346
f 1650 1487 1386
f 1489 1488 612
f 1654 1488 1428
f 1428 1488 1489
f 1490 1430 1390
f 2394 1490 1390
f 1491 1492 1490
f 1491 2344 1492
f 1545 1313 1431
f 1591 1494 1652
f 611 1493 610
f 611 1494 1493
f 609 1548 608
f 1550 1495 1200
f 1201 1550 1200
f 1496 1495 1391
f 1197 1497 1463
f 1552 1497 1496
f 1553 1497 1552
f 1393 1557 1505
f 1498 1355 1499
f 1501 1621 1354
f 1392 1499 1502
f 1502 1499 1500
f 1436 1392 1501
f 1316 1502 2343
f 1392 1502 1501
f 1686 1684 1316
f 1920 1203 1440
f 1437 1920 1440
f 1503 1354 1549
f 1501 1354 1436
f 1354 1503 1436
f 1555 1597 1554
f 1732 1597 1555
f 1558 1504 1557
f 1393 1505 1498
f 1733 1355 1505
f 605 840 1444
f 1507 1394 1508
f 1509 1507 1506
f 1559 2335 1446
f 1508 1559 1506
f 1506 1559 1723
f 1508 1444 2335
f 1723 1559 1358
f 1509 1357 1507
f 1515 1451 1511
f 1445 1513 1560
f 1317 1514 1512
f 1510 1357 1512
f 1513 1510 1511
f 1317 1512 1509
f 1509 1512 1357
f 1512 1736 1510
f 1736 1512 1514
f 1562 1514 1710
f 1563 1515 1736
f 1451 1515 1563
f 1515 1511 1510
f 1447 1516 1517
f 1388 1661 1672
f 1516 1447 1518
f 1516 2355 1517
f 606 1518 1447
f 607 1433 1518
f 1637 1598 1625
f 1710 1712 1562
f 1519 1452 1563
f 1519 1598 1565
f 1471 1520 1376
f 1457 1520 1455
f 1455 1520 1471
f 1372 1569 1567
f 1359 1522 1573
f 1576 1462 2339
f 1461 1401 2336
f 1571 1572 1522
f 1524 2337 1361
f 1362 1524 1361
f 1539 1525 1536
f 1402 1525 1526
f 1527 2395 1609
f 1609 2395 1526
f 1491 1530 1531
f 1589 1610 1609
f 2344 1531 1533
f 1530 1529 1531
f 1531 1529 1532
f 1491 1531 2344
f 1609 1612 1528
f 1584 1533 1532
f 1608 1533 1278
f 2339 1577 1576
f 1534 1576 1468
f 1534 1468 1538
f 1462 1534 1411
f 1468 1537 1538
f 1536 1525 1541
f 1470 1586 1469
f 1534 1586 1411
f 1468 1576 1575
f 1540 1589 1535
f 1469 1536 1541
f 1539 1536 1535
f 1535 1536 1538
f 1535 1538 1537
f 1539 1535 1589
f 1525 1539 1526
f 1535 1537 1540
f 1528 1612 1613
f 1581 1579 1582
f 1470 1541 2337
f 1474 1542 1367
f 1484 1543 1481
f 1568 1614 1485
f 1649 1614 1615
f 1492 1383 1430
f 1383 1492 1545
f 1585 1492 2344
f 1651 1643 1669
f 1494 1488 1654
f 1545 1492 1585
f 1490 1492 1430
f 1388 1433 1548
f 1494 611 1488
f 1547 1548 1387
f 1591 1547 1387
f 1547 1620 1661
f 1354 1621 2347
f 2347 1550 1549
f 1391 1550 2347
f 1551 1496 1391
f 1391 1622 1551
f 1594 1596 1571
f 1551 1552 1496
f 1553 1571 1464
f 1555 1554 1395
f 1505 1557 1504
f 1648 2350 1319
f 1559 1508 2335
f 1394 1444 1508
f 1358 1559 1446
f 1445 1394 1513
f 1357 1513 1394
f 1560 1513 1511
f 1357 1510 1513
f 1511 1561 1560
f 1399 604 1561
f 1560 604 893
f 1451 1561 1511
f 1672 1516 1388
f 1516 1518 1433
f 1451 1563 1452
f 1598 1564 1624
f 1563 1564 1519
f 1565 1637 1320
f 1637 1565 1598
f 1569 1566 1521
f 1520 1373 1371
f 1521 1373 1457
f 1737 1631 1632
f 1419 1567 1483
f 1567 1569 1570
f 1568 1570 1544
f 1567 1570 1485
f 1634 1570 1569
f 1594 1571 1552
f 1572 1571 1596
f 1572 1578 1599
f 1599 1573 1522
f 1461 1573 2339
f 2339 1599 1577
f 1468 1575 1537
f 1579 1574 1578
f 1575 1576 1574
f 1573 1599 2339
f 1574 1576 1577
f 1574 1577 1578
f 1356 1675 1677
f 1574 1581 1575
f 1574 1579 1581
f 1578 1572 1600
f 1579 1578 1600
f 1676 1689 1679
f 1601 2345 1540
f 1640 1641 1679
f 1537 1575 1601
f 1527 1403 2395
f 1527 1528 1583
f 1435 1583 1528
f 1584 1532 1588
f 1532 1587 1588
f 1643 1608 1278
f 2397 1585 1608
f 1585 1617 1545
f 2344 1608 1585
f 1532 1533 1531
f 1608 2344 1533
f 1610 1589 1540
f 1609 1610 1612
f 1584 1588 2346
f 1587 1532 1529
f 1612 1610 1611
f 1611 1588 1587
f 1526 1589 1609
f 1539 1589 1526
f 1647 1556 1473
f 1615 1568 1544
f 1493 1591 1387
f 1546 1591 1652
f 1619 1546 1315
f 1653 1315 1652
f 1546 1619 1620
f 1546 1620 1547
f 1388 1548 1547
f 1354 2347 1549
f 1551 1595 1594
f 1600 1596 1356
f 1596 1595 1356
f 1595 1596 1594
f 1557 1597 1558
f 604 1560 1561
f 1562 1624 1564
f 1564 1598 1519
f 1625 1598 1624
f 1569 1521 1634
f 1572 1599 1522
f 1577 1599 1578
f 1596 1600 1572
f 1581 1601 1575
f 1607 1638 1639
f 1582 1639 1638
f 1607 1580 1605
f 1278 1584 1603
f 1619 1671 1657
f 1643 1603 1602
f 1602 1669 1643
f 1606 2346 1604
f 1580 1639 1640
f 1604 2400 1606
f 1605 1604 2346
f 1611 1645 1588
f 1605 1580 1664
f 2399 1657 1671
f 1645 1605 2346
f 1527 1609 1528
f 1610 1540 2345
f 1612 1587 1613
f 1610 2345 1611
f 2345 1638 1644
f 1435 1613 1529
f 1648 1647 1646
f 1615 1614 1568
f 1627 1615 1544
f 1649 1615 1633
f 1432 1616 1386
f 1617 1616 1313
f 1590 1617 2397
f 1616 1617 1590
f 1652 1315 1546
f 1655 1671 1619
f 1656 1620 1619
f 1656 1672 1661
f 1622 1391 2347
f 1595 1551 1673
f 1662 1622 2347
f 1673 1551 1622
f 1673 1622 1662
f 1658 1680 1699
f 1356 1595 1674
f 1562 1626 1624
f 1624 1626 1663
f 1625 1631 1637
f 2348 1627 1632
f 1716 1712 1710
f 1663 1626 1718
f 1627 1544 1632
f 1627 2348 1629
f 1663 2349 1628
f 1635 1633 1629
f 2348 1628 1629
f 1628 1625 1663
f 1712 1715 1718
f 1648 1319 1647
f 1630 1629 2349
f 1635 1629 1630
f 1737 1454 1631
f 1632 1631 2348
f 1634 1632 1544
f 1615 1627 1633
f 1629 1633 1627
f 1634 1544 1570
f 1646 2396 1648
f 1635 1648 2396
f 1521 1636 1634
f 1637 1454 1320
f 1454 1637 1631
f 1607 1639 1580
f 1681 1666 1668
f 1640 1664 1580
f 1641 1639 1582
f 1665 1664 1666
f 1579 1600 1677
f 1678 1582 1579
f 1641 1640 1639
f 1641 1676 1679
f 1356 1674 1675
f 1595 1673 1674
f 1659 1603 1606
f 1603 1643 1278
f 1604 1605 1664
f 1644 1638 1607
f 1585 2397 1617
f 1612 1611 1587
f 1645 1611 1644
f 1644 1607 1645
f 1605 1645 1607
f 2346 1588 1645
f 1529 1613 1587
f 1646 1647 1473
f 1647 1319 1555
f 1630 1714 2350
f 1649 2396 2393
f 1635 1649 1633
f 1650 1654 1428
f 1654 1618 1652
f 1487 1650 1428
f 1651 1618 1590
f 1618 1654 1650
f 1643 2397 1608
f 1651 1669 1653
f 1650 1590 1618
f 1654 1652 1494
f 1653 1652 1618
f 1651 1653 1618
f 1655 1619 1315
f 1655 1315 1653
f 1669 1655 1653
f 1619 1657 1656
f 1657 1658 1593
f 1658 1657 1592
f 1660 1592 2399
f 1657 1593 1656
f 1593 1658 1670
f 1659 1671 1602
f 1659 1602 1603
f 1660 2399 2400
f 1656 1661 1620
f 1672 1656 1593
f 1593 2401 1672
f 1358 1517 1738
f 1663 1718 2349
f 1625 1624 1663
f 1604 1664 1665
f 1679 1666 1640
f 1660 1665 1681
f 1604 1665 2400
f 1666 1681 1665
f 1640 1666 1664
f 1682 1668 1666
f 1666 1679 1682
f 1668 1667 1687
f 1655 1669 1602
f 1680 1658 1592
f 1602 1671 1655
f 1683 2401 2398
f 1621 1316 1662
f 1675 1674 1642
f 1642 1676 1675
f 1678 1677 1675
f 1642 1689 1676
f 1676 1641 1678
f 1356 1677 1600
f 1675 1676 1678
f 1582 1678 1641
f 1579 1677 1678
f 1667 1693 1687
f 1687 1681 1668
f 1592 1660 1680
f 1689 1682 1679
f 1668 1682 1690
f 1683 2398 1739
f 1672 1683 2355
f 2421 1623 1642
f 1662 1684 2421
f 2354 2403 1726
f 1685 1686 2343
f 1692 1686 1685
f 1699 1680 1687
f 1681 1687 1680
f 1688 1670 1699
f 1318 2398 1688
f 1670 1658 1699
f 1668 1690 1667
f 1689 1690 1682
f 2351 1692 2352
f 1667 1690 2352
f 1689 1623 1690
f 2351 1686 1692
f 1691 1692 1279
f 1693 1667 1691
f 1719 1720 1721
f 1692 1685 1695
f 1692 1695 1279
f 1719 1699 1693
f 1685 2353 2354
f 1514 1697 1710
f 1696 1708 1697
f 1317 1697 1514
f 1696 1694 1708
f 1355 1500 1499
f 2353 2343 1500
f 1705 1703 1704
f 1697 1317 1696
f 1500 1355 1698
f 1505 1504 1733
f 1720 1691 1279
f 1699 1687 1693
f 1694 1696 1703
f 1719 1721 1725
f 1703 1696 1704
f 1702 1725 1700
f 1317 1509 1704
f 1703 1705 1702
f 1707 1706 1727
f 1500 1698 2353
f 2353 1698 1727
f 1702 1701 1694
f 1695 1701 1700
f 1701 1695 1726
f 1701 1702 1700
f 1725 1702 1705
f 1688 1699 1719
f 1700 1279 1695
f 1694 1703 1702
f 1317 1704 1696
f 1506 1722 1509
f 1722 1704 1509
f 1722 1705 1704
f 1701 2402 1694
f 1727 2354 2353
f 1706 1713 1709
f 1626 1712 1718
f 1712 1626 1562
f 1713 1716 1709
f 2402 1726 2403
f 1727 2403 2354
f 1710 1708 1716
f 1706 1730 1713
f 1716 1708 1709
f 1708 1710 1697
f 1319 1728 1732
f 1712 1716 1715
f 1730 1706 1707
f 1711 1715 1713
f 2349 1714 1630
f 1728 2350 1714
f 1733 1731 1707
f 1731 1729 1730
f 1711 1717 1715
f 1717 1718 1715
f 1731 1504 1558
f 1713 1715 1716
f 1728 1717 1711
f 1718 1717 1714
f 2349 1718 1714
f 1720 1719 1693
f 1688 1719 1725
f 1693 1691 1720
f 1279 1700 1721
f 1725 1721 1700
f 1279 1721 1720
f 1723 1722 1506
f 1723 1738 1739
f 1738 1723 1358
f 1705 1722 1724
f 1724 1722 1723
f 1724 1723 1739
f 1724 1725 1705
f 1318 1725 1724
f 1725 1318 1688
f 1726 2402 1701
f 1685 2354 1695
f 1706 2403 1727
f 1733 1707 1698
f 1635 1630 1648
f 1714 1717 1728
f 1711 1729 1728
f 1729 1732 1728
f 1730 1729 1711
f 1732 1729 1558
f 1713 1730 1711
f 1730 1707 1731
f 1504 1731 1733
f 1558 1729 1731
f 1558 1597 1732
f 1728 1319 2350
f 1319 1732 1555
f 1727 1698 1707
f 1355 1733 1698
f 1425 1380 1734
f 1380 1735 1734
f 1415 1734 1482
f 1735 1482 1734
f 1613 1435 1528
f 1530 1435 1529
f 1736 1564 1563
f 1514 1562 1736
f 1564 1736 1562
f 1634 1737 1632
f 1424 1737 1636
f 1672 2355 1516
f 1724 1739 1318
f 1794 1282 1192
f 1758 1794 1192
f 1364 1856 1855
f 1216 1852 1759
f 1193 1856 1364
f 1855 1194 1364
f 1973 1199 1198
f 1770 1769 1792
f 1852 1216 1215
f 1282 1794 1795
f 1756 1820 1757
f 1750 1982 1751
f 1809 1854 1785
f 2301 1793 1779
f 1201 1923 1503
f 1770 1792 1785
f 1883 1922 1920
f 1788 1773 1772
f 1503 1923 1996
f 1791 1793 1771
f 1848 1806 2296
f 1758 1757 1794
f 1928 1208 1207
f 1933 1204 2004
f 1776 1810 1780
f 1412 1208 1930
f 1209 1866 1210
f 1790 1778 1760
f 2087 1775 2081
f 1762 1761 1803
f 1777 1786 84
f 1793 1772 1771
f 1781 1764 1786
f 1382 1381 1865
f 1783 2294 1763
f 1832 1865 1899
f 85 1786 1764
f 1206 1205 1931
f 1761 1760 1778
f 1781 1774 1839
f 1193 1282 1795
f 1790 1759 1852
f 2359 2332 1894
f 1787 1777 83
f 1762 1803 1783
f 1786 1774 1781
f 2410 2192 2222
f 1787 1763 2294
f 83 1777 84
f 1786 85 84
f 1780 1792 1769
f 1213 1835 1333
f 1912 1914 1748
f 2004 1204 1441
f 1820 1794 1757
f 1912 1747 1937
f 1745 1888 1746
f 1741 1740 2358
f 1195 2035 1196
f 1934 1888 1745
f 1994 2356 15
f 1799 1861 2358
f 1827 1743 1742
f 1987 1915 2356
f 1788 2295 1773
f 1742 1741 1831
f 1861 24 23
f 1803 1761 1778
f 2358 1829 1831
f 14 13 1916
f 1799 1740 27
f 1826 1862 1955
f 1862 1826 23
f 27 26 24
f 1794 1820 1795
f 25 24 26
f 24 1799 27
f 19 1891 238
f 1790 1760 1759
f 1777 1787 2294
f 1780 1768 1802
f 21 2303 2018
f 22 21 1890
f 1799 2358 1740
f 1827 1742 1831
f 1802 1782 1840
f 2301 1808 2295
f 1772 1793 2297
f 1773 2298 2299
f 1838 1839 1774
f 1211 1958 1900
f 1 1784 2405
f 1 2300 1784
f 1778 1790 1789
f 1770 1785 1791
f 1781 1765 1764
f 1781 1839 1765
f 1786 1777 1774
f 1839 1766 1765
f 1842 1784 2404
f 1810 1792 1780
f 1763 1787 82
f 1769 1768 1780
f 1971 1756 1755
f 1904 1963 1835
f 1885 10 229
f 1802 1768 1767
f 1839 1782 1766
f 83 82 1787
f 1926 1886 1925
f 1854 1816 2357
f 1215 1329 2332
f 1783 1763 1762
f 1875 5 4
f 1801 1848 1851
f 1886 1926 2079
f 1867 1906 1964
f 1766 1782 1767
f 275 5 1867
f 1924 1927 2008
f 1841 1872 1840
f 1881 1916 1991
f 2294 1774 1777
f 1382 1902 1212
f 1782 1839 1838
f 1869 1803 1836
f 1782 1802 1767
f 1802 1840 1776
f 1778 1789 1803
f 1872 1811 1810
f 1842 1804 1784
f 1842 1806 1804
f 1845 3 2405
f 1806 1842 1843
f 1804 1805 1845
f 2296 1846 1848
f 1845 1805 1844
f 234 3 1845
f 1807 1215 2332
f 1808 2301 1779
f 2238 2239 1779
f 2295 1808 1850
f 1810 1811 1813
f 1809 1785 1792
f 1816 1813 1815
f 1872 1810 1776
f 1810 1813 1809
f 1814 1811 1873
f 2359 1864 1817
f 1812 1817 1864
f 1813 1811 1814
f 1897 1815 1812
f 1814 1873 1868
f 1812 1813 1814
f 1864 2250 1897
f 1898 1818 1815
f 1812 1815 1813
f 1815 1818 1816
f 1818 2357 1816
f 1809 1816 1854
f 1812 1814 1817
f 1813 1816 1809
f 2357 1818 2242
f 2357 1819 1854
f 1980 1194 1855
f 1879 1911 1754
f 1754 1753 1879
f 1197 1976 1877
f 1748 1914 1749
f 1882 2362 1991
f 1944 2020 2178
f 2419 1923 2413
f 1744 1827 1889
f 2016 1858 2015
f 1954 2064 2065
f 1955 1862 22
f 1828 1827 1831
f 1828 1831 1829
f 2065 1830 1954
f 1828 1829 1957
f 2103 1938 1935
f 1830 1889 1828
f 1830 1936 1889
f 1831 1741 2358
f 1214 1863 1894
f 1899 1381 1425
f 1865 1960 1902
f 1866 1958 1210
f 1844 1849 1875
f 1212 1902 1904
f 1898 1815 1897
f 1802 1776 1780
f 1872 1776 1840
f 1789 1853 1868
f 1872 1841 1873
f 1782 1838 1840
f 1869 1870 1803
f 1840 1838 1837
f 1838 1774 1871
f 1840 1837 1841
f 1869 1841 1837
f 1873 1836 1868
f 1843 1842 2298
f 1843 2298 2295
f 1847 1801 1849
f 4 1845 1844
f 1848 1801 1847
f 1805 1806 1847
f 1848 1847 1806
f 1874 1801 1851
f 1805 1847 1844
f 1848 1846 1851
f 1834 1905 1849
f 1844 1847 1849
f 1843 1850 2296
f 1850 1966 2296
f 2295 1850 1843
f 2241 1966 1850
f 1966 1967 1965
f 2241 1850 1808
f 1967 1966 2241
f 1907 1851 1846
f 1852 1807 1853
f 1852 1215 1807
f 1810 1809 1792
f 1814 1868 1817
f 1790 1853 1789
f 1817 1853 1807
f 1852 1853 1790
f 1791 1785 1819
f 1856 1968 1855
f 2095 1975 1857
f 1795 1856 1193
f 1971 1820 1756
f 1877 1974 1197
f 1401 1400 1979
f 2038 2037 1910
f 1917 12 11
f 1921 1883 1920
f 2002 1999 2000
f 1883 1921 1997
f 1885 1924 1859
f 1964 274 275
f 1929 2009 1928
f 2057 1824 2119
f 2340 1203 1922
f 1937 1747 1746
f 1892 1952 1891
f 1915 268 16
f 1950 1946 1947
f 24 1861 1799
f 1861 23 1826
f 1890 1955 22
f 1955 1890 2022
f 1895 1214 1333
f 1864 1863 2250
f 1807 2359 1817
f 1863 1864 2359
f 1898 1897 1963
f 1865 1381 1899
f 1865 1832 1960
f 1900 1425 1211
f 1901 1960 1832
f 1212 1904 1213
f 1900 1958 1833
f 1867 5 1875
f 1905 1906 1867
f 1904 1835 1213
f 1789 1868 1836
f 1853 1817 1868
f 1841 1836 1873
f 1870 1869 1837
f 1838 1871 1837
f 1870 1783 1803
f 1774 2294 1871
f 1837 1871 1870
f 1873 1811 1872
f 1869 1836 1841
f 1845 4 234
f 1875 4 1844
f 1849 1874 1834
f 2092 2030 2091
f 1875 1849 1905
f 2030 2087 2088
f 2203 2162 2199
f 1908 1973 2034
f 1978 1195 1401
f 1857 1909 2035
f 1981 2036 1878
f 1911 1879 1983
f 2361 1752 1751
f 1880 2361 1910
f 2369 1983 1984
f 1911 1971 1755
f 1750 1749 1914
f 1910 2361 1982
f 1982 1913 2038
f 15 14 1916
f 1991 1990 1881
f 1921 1920 1202
f 2413 1201 1200
f 1924 9 8
f 1925 8 7
f 2097 2363 1919
f 1882 1917 1919
f 1924 1885 9
f 2008 1859 1924
f 2045 1885 1859
f 1925 1927 1924
f 1929 1207 1206
f 2010 1930 2009
f 2057 2058 2011
f 2076 1866 2054
f 2012 2059 1932
f 1934 1745 1744
f 1744 1743 1827
f 1985 2014 2015
f 1858 1912 1985
f 1889 1827 1828
f 20 1952 1951
f 1941 19 18
f 2408 18 294
f 1892 1891 1943
f 1940 1951 2021
f 238 1952 20
f 1941 1891 19
f 268 1915 1989
f 2408 1942 1941
f 1956 2022 1954
f 1826 1956 1829
f 2359 1894 1863
f 1835 1895 1333
f 1963 2250 1835
f 1214 1895 1863
f 1863 1895 2250
f 2250 1895 1835
f 1904 1902 1962
f 1864 1897 1812
f 2250 1963 1897
f 1818 1898 1896
f 1818 1896 2242
f 1900 1899 1425
f 1211 1210 1958
f 1959 1900 1833
f 1901 1832 1959
f 1865 1902 1382
f 1903 1901 2026
f 1896 1898 2407
f 1960 1962 1902
f 1906 1905 1834
f 1875 1905 1867
f 274 2027 6
f 1870 1871 1783
f 1874 1849 1801
f 2247 1834 1874
f 2092 1874 1851
f 1965 1907 1846
f 1907 2087 2030
f 1969 1968 1795
f 1968 1970 2031
f 2034 1973 1974
f 2035 1978 1857
f 1978 1979 1981
f 1979 2036 1981
f 1753 2361 1880
f 1751 1982 2361
f 1982 2038 1910
f 2205 2203 2204
f 1971 1972 1970
f 1754 1911 1755
f 1748 1747 1912
f 1914 2044 1913
f 1985 1912 1937
f 2044 1914 1912
f 1913 1982 1750
f 2062 1988 2061
f 268 1989 17
f 13 1991 1916
f 1917 1882 1991
f 1991 13 12
f 1919 1917 11
f 10 1918 1919
f 12 1917 1991
f 1885 1918 10
f 2097 1918 2045
f 1995 2166 1990
f 2097 1919 1918
f 1882 1919 2363
f 1922 1203 1920
f 1202 1503 1996
f 1931 1205 1933
f 2413 1923 1201
f 1200 1199 2006
f 2049 1923 2419
f 1925 1924 8
f 1926 1925 7
f 7 6 1926
f 1886 2007 1927
f 2008 1927 2052
f 1886 1927 1925
f 1929 1928 1207
f 1930 1928 2009
f 1931 1929 1206
f 1932 2009 1929
f 1412 2053 1414
f 2053 1930 2011
f 1932 1931 1887
f 1933 2055 1887
f 1887 2012 1932
f 1929 1931 1932
f 1204 1933 1205
f 1887 1931 1933
f 1889 1934 1744
f 1888 1934 1935
f 1889 1936 1934
f 2103 1935 1936
f 1934 1936 1935
f 1888 1937 1746
f 1938 2014 1935
f 1938 2015 2014
f 1938 2103 1939
f 2017 1986 2016
f 2024 2023 2066
f 1858 2016 1986
f 1951 2018 2303
f 1890 21 2018
f 2408 1941 18
f 17 2408 294
f 1989 2408 17
f 1893 1942 2408
f 1988 1893 1989
f 1947 1945 1942
f 1942 1893 1947
f 1943 1945 2406
f 1941 1943 1891
f 1950 1947 1893
f 1945 1943 1942
f 1941 1942 1943
f 1947 1946 1945
f 2020 1944 1946
f 2367 1798 2190
f 1944 1945 1946
f 1944 2178 2141
f 2172 2173 2175
f 1949 1950 2062
f 1950 1949 2063
f 20 1951 2303
f 2021 1951 1952
f 1952 238 1891
f 1953 2022 1890
f 1953 1890 2018
f 1954 2022 2064
f 1954 1957 1956
f 1955 2022 1956
f 1957 1954 1830
f 1955 1956 1826
f 1828 1957 1830
f 1829 1956 1957
f 1833 1958 2078
f 1959 1833 2084
f 1899 1900 1959
f 1959 1832 1899
f 1901 1903 1960
f 1962 1960 1903
f 2026 1961 1903
f 1963 1962 2407
f 2407 1962 1903
f 1904 1962 1963
f 1867 1964 275
f 2027 1964 1906
f 2249 1834 2247
f 1965 1846 1966
f 1965 1775 2087
f 2296 1966 1846
f 2244 2241 2239
f 1965 1967 1775
f 2302 2243 2244
f 1907 1965 2087
f 2087 2029 2088
f 2247 2092 2091
f 1969 1795 1820
f 1968 1969 1970
f 1971 1969 1820
f 2031 1970 1876
f 1979 1980 2036
f 1971 1911 1972
f 1969 1971 1970
f 1983 1972 1911
f 1876 1972 2369
f 1974 1973 1198
f 2006 1973 1908
f 1197 1974 1198
f 1975 1909 1857
f 2035 1909 1976
f 1976 1909 1877
f 2094 1909 1975
f 2161 2133 1977
f 2123 2411 1821
f 1978 2035 1195
f 1977 1857 1981
f 1978 1401 1979
f 1857 1978 1981
f 1980 1979 1400
f 1194 1980 1400
f 1980 1855 2032
f 1977 1981 1878
f 2360 1880 1910
f 1910 2037 2042
f 2360 2042 1984
f 1972 1983 2369
f 2360 1984 1983
f 1985 1937 2014
f 2015 1858 1985
f 1912 1858 2044
f 2416 1986 2017
f 1858 1986 2044
f 1913 1750 1914
f 1988 1989 1915
f 1989 1893 2408
f 2061 1988 1915
f 1893 1988 2062
f 2362 1995 1990
f 1993 1990 2166
f 1990 1991 2362
f 2138 2139 2136
f 1993 1881 1990
f 2251 1993 1992
f 1881 1993 2253
f 2135 1992 2111
f 1916 1994 15
f 2046 2097 2045
f 1882 2363 2362
f 1202 1996 2048
f 2048 1921 1202
f 1999 1997 2001
f 2206 2208 1823
f 1921 2048 1997
f 2000 1999 1998
f 2049 1996 1923
f 1999 2001 2420
f 1999 2002 1997
f 2001 2049 2211
f 2001 2048 2049
f 2050 2002 2279
f 2000 2269 2005
f 2005 2002 2000
f 2279 2002 2005
f 2050 1922 1883
f 2275 2270 2412
f 1884 2056 2003
f 2050 2003 1922
f 1441 2340 2004
f 2267 2005 2269
f 2005 2278 2279
f 2266 2413 2006
f 1200 2006 2413
f 1973 2006 1199
f 1886 2079 2007
f 1927 2007 2052
f 2008 2051 2046
f 1932 2059 2009
f 2011 2054 2053
f 1930 2010 2011
f 2057 2011 2010
f 2054 2011 2058
f 2053 2054 1209
f 1800 2075 2076
f 1209 1414 2053
f 1866 1209 2054
f 2055 1933 2004
f 2055 2056 2259
f 1860 2259 2258
f 2013 2059 2060
f 2059 2012 2060
f 1888 2014 1937
f 1935 2014 1888
f 2016 2015 2069
f 2067 1939 2066
f 2037 2039 2041
f 1953 2018 1940
f 1951 1940 2018
f 2368 1940 2021
f 2061 1987 2252
f 2101 2062 2061
f 1946 1950 2063
f 1892 2409 1952
f 2064 2022 1953
f 1830 2065 1936
f 1958 1866 2025
f 2025 2075 2078
f 2078 1958 2025
f 2104 1833 2078
f 1896 1961 2240
f 1964 2027 274
f 2249 1906 1834
f 2090 2091 2030
f 2145 2007 2263
f 2027 1926 6
f 1926 2027 2079
f 1901 2083 2026
f 2087 2081 2029
f 1907 2092 1851
f 2032 2031 2201
f 1968 2032 1855
f 2032 2201 2036
f 2033 2034 1877
f 2094 2411 2033
f 2034 1974 1877
f 2108 2411 2123
f 1976 1196 2035
f 2133 2095 1977
f 2032 2036 1980
f 2201 1878 2036
f 2039 2037 2038
f 2043 2042 2037
f 1984 2042 2205
f 2044 1986 1913
f 2040 2039 2416
f 2041 2040 2096
f 2016 2069 2017
f 2017 2074 2073
f 2096 2151 2109
f 2042 2043 2205
f 2040 2041 2039
f 2043 2037 2041
f 2042 2360 1910
f 2038 1913 1986
f 1885 2045 1918
f 2046 2045 1859
f 2008 2046 1859
f 2047 2046 2163
f 2049 2048 1996
f 1997 2048 2001
f 1997 2002 1883
f 2003 2340 1922
f 2004 2340 2003
f 2266 1908 2414
f 2266 2006 1908
f 2008 2052 2051
f 1930 2053 1412
f 2076 2054 2058
f 2057 2013 1824
f 2055 2259 1860
f 1887 1860 2012
f 2056 2055 2004
f 2003 2056 2004
f 2100 2013 2060
f 2058 2057 2118
f 2057 2010 2013
f 2013 2010 2059
f 2058 2118 2077
f 1824 2182 2146
f 2009 2059 2010
f 2012 2099 2060
f 2100 2099 2112
f 2099 2257 2112
f 1987 2061 1915
f 1893 2062 1950
f 1949 2101 2415
f 2064 2023 2065
f 2023 2024 2065
f 2103 2065 2024
f 2065 2103 1936
f 2023 2191 2190
f 2024 2066 1939
f 2367 2192 2193
f 2068 2017 2069
f 2067 2068 1939
f 2067 2066 1798
f 2068 2067 2070
f 2068 2070 2074
f 1939 2068 2069
f 2074 2070 2072
f 2074 2017 2068
f 2071 2073 2074
f 2071 2074 2072
f 2096 2040 2073
f 2017 2073 2416
f 2076 2075 2025
f 1866 2076 2025
f 2077 2076 2058
f 2077 1800 2076
f 2118 2119 2216
f 1800 2077 2105
f 2080 2027 1906
f 2007 2079 2263
f 2263 2079 2080
f 2027 2080 2079
f 1775 2244 2245
f 2081 2028 2082
f 2084 2104 2028
f 2104 2085 2082
f 2084 2083 1901
f 2246 2083 2028
f 1959 2084 1901
f 1833 2104 2084
f 2075 2085 2078
f 2084 2028 2083
f 2082 2028 2104
f 2075 1800 2085
f 2085 2086 2082
f 2086 2085 1800
f 2086 1800 2105
f 2029 2082 2086
f 2088 2029 2086
f 2030 2088 2090
f 2089 2088 2086
f 2180 2143 2089
f 2088 2089 2090
f 2089 2143 2090
f 2142 2091 2090
f 2092 1907 2030
f 2130 2194 2131
f 2034 2033 2149
f 1909 2094 1877
f 2411 2094 1975
f 2095 1821 1975
f 2094 2033 1877
f 1977 2095 1857
f 2109 2162 2043
f 2151 1796 2109
f 2136 2363 2047
f 2046 2047 2097
f 2138 2136 2110
f 2055 1860 1887
f 1860 2099 2012
f 1824 2013 2100
f 2099 2100 2060
f 2100 2112 2182
f 1822 2113 2415
f 2101 1822 2415
f 2114 1948 2113
f 2101 1949 2062
f 2061 2252 2101
f 2251 2102 1822
f 1993 2111 1992
f 1992 2102 2251
f 2063 2020 1946
f 2063 2116 2365
f 1939 2103 2024
f 2085 2104 2078
f 2144 2180 2181
f 2182 1824 2100
f 2132 2093 2414
f 2129 2108 2107
f 2108 2132 2033
f 2214 2213 2128
f 2051 2187 2163
f 2262 2276 2261
f 1993 2166 2111
f 2165 2139 2138
f 2237 2232 2236
f 2102 2164 2237
f 2102 2113 1822
f 2019 2365 2177
f 2235 2236 2232
f 2116 2115 2167
f 2102 2237 2113
f 2125 2194 2129
f 2116 2167 2177
f 2115 2116 1948
f 2063 1948 2116
f 2236 2115 2114
f 2170 2177 2167
f 2156 2153 2155
f 2167 2168 2140
f 2170 2172 2177
f 2117 2179 2019
f 2105 2089 2086
f 2216 2089 2105
f 2105 2077 2118
f 2105 2118 2216
f 2057 2119 2118
f 2080 1906 2249
f 2181 2180 2217
f 2149 1908 2034
f 2122 2196 2266
f 2107 2108 2123
f 2126 2134 2124
f 2107 2126 2127
f 2174 2214 2173
f 2107 2123 2126
f 2213 2150 2125
f 2194 2125 2131
f 2127 2126 2124
f 2107 2127 2125
f 2123 1821 2126
f 2127 2124 2128
f 2124 1796 2152
f 2152 2151 2155
f 2129 2107 2125
f 2131 2125 2150
f 2188 2130 2131
f 2108 2129 2132
f 2093 2132 2129
f 2201 2031 2202
f 2197 2198 2134
f 1821 2095 2417
f 2417 2134 2126
f 2124 2134 1796
f 2096 2109 2041
f 2109 2043 2041
f 2162 2109 2198
f 2163 2110 2047
f 2052 2186 2185
f 2220 2221 2187
f 2363 2136 1995
f 2110 2136 2047
f 2260 2277 2137
f 2111 2139 2165
f 2189 2172 2170
f 1944 2141 1825
f 1824 2146 2119
f 2181 2106 2144
f 2142 2090 2143
f 2248 2142 2120
f 2142 2143 2144
f 2142 2144 2120
f 2184 2106 2148
f 2217 2146 2147
f 2147 2146 2182
f 2183 2121 2182
f 2148 2147 2121
f 2148 2181 2147
f 2146 2217 2119
f 2148 2121 2219
f 2106 2184 2145
f 2149 2132 2414
f 2214 2176 2173
f 2188 2189 2171
f 2073 2071 2364
f 2151 2152 1796
f 2364 2151 2096
f 2152 2155 2153
f 2124 2152 2128
f 2364 2154 2155
f 2214 2153 2176
f 2152 2153 2128
f 2154 2071 2072
f 2156 2155 2154
f 2156 2154 2418
f 2153 2156 2176
f 2158 2072 2070
f 2366 2418 2160
f 2157 2117 2175
f 2158 2159 2160
f 1798 2367 2159
f 1798 2066 2190
f 2367 2193 2159
f 1798 2159 2158
f 2093 2195 2122
f 1878 2161 1977
f 2162 2198 2199
f 2197 2199 2198
f 2162 2203 2205
f 2221 2163 2187
f 2221 2098 2110
f 2260 2098 2225
f 2166 2139 2111
f 2209 2229 2370
f 2136 2139 1995
f 2139 2166 1995
f 2170 2167 2140
f 2168 2167 2115
f 2206 1823 2195
f 2171 2169 2207
f 2171 2170 2140
f 2189 2173 2172
f 2175 2173 2176
f 2174 2173 2189
f 2174 2150 2213
f 2174 2213 2214
f 2157 2175 2156
f 2177 2117 2019
f 2175 2117 2172
f 2117 2177 2172
f 2365 2178 2020
f 2178 2179 2141
f 2144 2143 2180
f 2216 2180 2089
f 2217 2216 2119
f 2181 2217 2147
f 2106 2181 2148
f 2183 2182 2112
f 2112 2257 2281
f 2182 2121 2147
f 2218 2121 2183
f 2225 2221 2220
f 2187 2051 2185
f 2148 2219 2184
f 2145 2184 2186
f 2185 2184 2219
f 2145 2186 2007
f 2187 2185 2219
f 2052 2185 2051
f 2185 2186 2184
f 2187 2219 2220
f 2186 2052 2007
f 2213 2125 2127
f 2188 2150 2174
f 2188 2171 2130
f 2171 2189 2170
f 2174 2189 2188
f 2064 2191 2023
f 2023 2190 2066
f 2064 1953 2191
f 2222 2367 2190
f 2410 2222 2368
f 2141 2193 1825
f 1825 2193 2192
f 2193 2160 2159
f 2193 2141 2215
f 2193 2215 2160
f 2129 2194 2093
f 2093 2194 2195
f 2122 2195 1823
f 2122 1823 2196
f 2224 2208 2212
f 2206 2130 2207
f 2194 2130 2195
f 2109 1796 2198
f 2134 2198 1796
f 2161 2200 2199
f 2200 2203 2199
f 1878 2200 2161
f 1878 2201 2200
f 1876 2202 2031
f 2201 2202 2200
f 2204 2203 2200
f 2162 2205 2043
f 2369 1984 2204
f 2200 2202 2204
f 2205 2204 1984
f 2168 2236 1797
f 2171 2140 2169
f 2169 2140 2168
f 2168 1797 2169
f 2210 2207 2169
f 2130 2171 2207
f 2210 1797 2223
f 2208 2206 2209
f 2212 2208 2370
f 2000 2226 2269
f 2209 2207 2210
f 2210 2169 1797
f 2229 2209 2210
f 1998 1999 2420
f 1823 2208 2224
f 2212 1998 2420
f 2127 2128 2213
f 2153 2214 2128
f 2215 2157 2366
f 2179 2215 2141
f 2178 2019 2179
f 2216 2217 2180
f 2219 2121 2220
f 2218 2220 2121
f 2220 2218 2225
f 2218 2280 2225
f 2098 2221 2225
f 2163 2221 2110
f 2150 2188 2131
f 1953 1940 2191
f 2368 2191 1940
f 2409 2368 2021
f 2191 2368 2222
f 2191 2222 2190
f 2130 2206 2195
f 2209 2206 2207
f 2212 2370 2227
f 2276 2268 2270
f 2230 2226 2227
f 1797 2235 2223
f 2229 2210 2223
f 2227 1998 2212
f 2224 2196 1823
f 2196 2224 2211
f 2183 2112 2281
f 2260 2225 2280
f 1998 2226 2000
f 2226 2230 2269
f 2230 2227 2370
f 1998 2227 2226
f 2223 2235 2228
f 2231 2233 2228
f 2164 2232 2237
f 2230 2229 2228
f 2230 2370 2229
f 2232 2234 2231
f 2234 2164 2135
f 2135 2265 2412
f 2231 2235 2232
f 2231 2234 2272
f 2223 2228 2229
f 2231 2228 2235
f 2230 2228 2371
f 2164 2234 2232
f 2236 2235 1797
f 2115 2236 2168
f 2113 2237 2114
f 2114 2237 2236
f 2302 2238 2242
f 1779 2239 1808
f 2238 2357 2242
f 2302 2239 2238
f 2244 1967 2241
f 2240 1961 2243
f 2302 2242 2240
f 2239 2241 1808
f 2240 2242 1896
f 1961 2246 2243
f 2245 2028 2081
f 2245 2244 2243
f 1967 2244 1775
f 2239 2302 2244
f 1961 2026 2246
f 2026 2083 2246
f 2245 2081 1775
f 2246 2245 2243
f 2245 2246 2028
f 1791 1779 1793
f 1854 1819 1785
f 2248 2091 2142
f 2264 2080 2249
f 2120 2145 2263
f 2091 2248 2247
f 2248 2264 2247
f 2263 2264 2120
f 2092 2247 1874
f 1972 1876 1970
f 2202 2369 2204
f 2252 1822 2101
f 2253 2251 2252
f 2251 1822 2252
f 1993 2251 2253
f 2253 2252 1987
f 1994 2253 1987
f 2255 2258 2254
f 1884 2259 2056
f 2259 2254 2258
f 2254 2259 1884
f 2279 1884 2050
f 2254 2278 2255
f 2256 2258 2255
f 2258 2257 1860
f 2257 2256 2281
f 2255 2261 2256
f 2258 2256 2257
f 2099 1860 2257
f 2046 2051 2163
f 2261 2260 2280
f 2277 2261 2276
f 2262 2261 2255
f 2264 2263 2080
f 2264 2249 2247
f 2120 2264 2248
f 2154 2364 2071
f 2151 2364 2155
f 1798 2158 2067
f 2070 2067 2158
f 2111 2265 2135
f 2165 2265 2111
f 2419 2266 2196
f 2267 2371 2271
f 2371 2267 2269
f 2371 2269 2230
f 2272 2271 2233
f 2274 2165 2138
f 2267 2271 2268
f 2231 2272 2233
f 2271 2270 2268
f 2412 2272 2234
f 2270 2271 2272
f 2273 2275 2274
f 2137 2274 2138
f 2273 2270 2275
f 2260 2137 2098
f 2273 2274 2137
f 2165 2274 2275
f 2276 2270 2273
f 2165 2275 2265
f 2276 2273 2277
f 2276 2262 2268
f 2137 2277 2273
f 2261 2277 2260
f 2005 2267 2278
f 2135 2412 2234
f 2275 2412 2265
f 2255 2278 2262
f 2279 2278 2254
f 1884 2279 2254
f 2218 2183 2281
f 2256 2280 2281
f 2261 2280 2256
f 2281 2280 2218
f 2282 188 96
f 317 363 316
f 390 363 317
f 699 643 673
f 1096 2287 998
f 811 2284 659
f 2286 964 1043
f 2283 1071 806
f 998 1076 1079
f 2287 1076 998
f 1093 2285 810
f 2287 1096 814
f 1249 2289 1230
f 1235 1232 2290
f 1269 2288 1263
f 595 1284 2291
f 1377 2291 1284
f 1248 1245 1286
f 2292 1229 2289
f 1231 1287 1249
f 2290 2293 1235
f 2293 1288 1235
f 1292 1290 1257
f 1636 1521 1457
f 1636 1457 1424
f 1871 2294 1783
f 2297 2295 1788
f 2297 1793 2301
f 2295 2298 1773
f 1788 1772 2297
f 2300 2299 2404
f 1819 2238 1779
f 1791 1819 1779
f 2296 1806 1843
f 2301 2295 2297
f 1992 2135 2164
f 1992 2164 2102
f 2243 2302 2240
f 105 142 28
f 129 39 120
f 2303 191 193
f 119 128 582
f 223 224 61
f 104 2305 154
f 146 304 148
f 2307 578 107
f 215 2308 214
f 137 169 49
f 172 146 149
f 140 750 199
f 2304 212 126
f 590 593 224
f 273 63 334
f 192 162 193
f 236 162 290
f 217 240 194
f 147 250 200
f 253 170 307
f 223 61 852
f 392 2312 395
f 2313 293 167
f 195 296 297
f 2314 390 391
f 319 2311 186
f 590 224 223
f 2315 2380 380
f 385 384 381
f 389 390 2314
f 132 396 397
f 325 353 417
f 406 458 460
f 420 421 2382
f 325 417 416
f 420 411 431
f 417 412 416
f 424 420 431
f 2316 418 548
f 424 2316 421
f 2317 432 427
f 430 2316 548
f 427 432 426
f 401 399 456
f 459 2307 460
f 2317 423 432
f 489 463 313
f 2319 365 157
f 472 2319 495
f 495 2319 157
f 2318 499 542
f 2320 574 520
f 349 563 527
f 550 2321 551
f 578 2307 579
f 2306 582 183
f 119 2306 155
f 225 591 592
f 754 720 753
f 635 2322 685
f 101 697 48
f 754 753 721
f 665 2322 680
f 2322 743 685
f 783 768 765
f 770 779 772
f 788 2323 919
f 678 791 789
f 792 2324 786
f 2310 921 922
f 817 613 1427
f 761 756 822
f 761 822 766
f 914 966 1114
f 2323 1099 1132
f 2325 906 60
f 788 919 917
f 798 934 972
f 941 1051 940
f 1056 936 1007
f 1120 1056 732
f 1036 1064 1063
f 1080 1081 2326
f 2326 1102 1082
f 2328 2326 1101
f 1163 1160 1165
f 2329 1162 883
f 1247 1225 1254
f 1267 2331 1265
f 1240 1269 1220
f 1183 1360 1403
f 2332 1329 1894
f 1236 1289 1268
f 1310 2330 1263
f 2334 1336 1337
f 1329 2392 1337
f 1311 2334 1338
f 1285 1338 2392
f 2335 1444 840
f 1573 2336 1359
f 2336 1195 1359
f 1404 2338 1525
f 1400 1410 1363
f 1461 2339 1462
f 1543 1474 1416
f 1567 1419 1372
f 2340 1439 1203
f 2342 599 600
f 1541 1525 2337
f 2338 2337 1525
f 1481 1422 1483
f 2343 1686 1316
f 1502 1316 1621
f 1461 2336 1573
f 1483 1567 1485
f 1552 1571 1553
f 1601 1540 1537
f 1581 1582 1638
f 2346 1603 1584
f 1601 1581 1638
f 1601 1638 2345
f 2346 1606 1603
f 1502 1621 1501
f 1662 2347 1621
f 1628 2348 1625
f 2348 1631 1625
f 2349 1629 1628
f 2350 1648 1630
f 1542 1646 1473
f 1651 1590 2397
f 1738 1517 2355
f 2421 1673 1662
f 1316 1684 1662
f 1660 1681 1680
f 1686 2351 1684
f 2351 2352 1623
f 2352 1692 1691
f 2352 1691 1667
f 1684 2351 2421
f 2343 2353 1685
f 2354 1726 1695
f 1683 1738 2355
f 1738 1683 1739
f 2356 16 15
f 2356 1915 16
f 1784 1804 2405
f 1770 1791 1771
f 1804 1806 1805
f 1819 2357 2238
f 1829 2358 1861
f 2332 2359 1807
f 1880 2360 1879
f 1829 1861 1826
f 2361 1753 1752
f 1880 1879 1753
f 1968 1856 1795
f 2360 1983 1879
f 1994 1916 1881
f 2406 1945 1825
f 1994 1987 2356
f 2362 2363 1995
f 1994 1881 2253
f 2340 1441 1439
f 2407 1961 1896
f 2029 2081 2082
f 2411 2108 2033
f 2149 2033 2132
f 2363 2097 2047
f 2063 2365 2020
f 2178 2365 2019
f 2365 2116 2177
f 2115 1948 2114
f 2120 2144 2106
f 1821 2417 2126
f 2417 2133 2197
f 2120 2106 2145
f 2073 2364 2096
f 2158 2160 2418
f 2157 2215 2179
f 2367 2222 2192
f 2368 2409 2410
f 2211 2419 2196
f 2417 2197 2134
f 2369 2202 1876
f 2370 2208 2209
f 2215 2366 2160
f 2117 2157 2179
f 2233 2371 2228
f 2050 1884 2003
f 2262 2278 2268
f 2372 150 105
f 2 188 2282
f 2304 130 115
f 130 2304 129
f 129 2304 125
f 20 2303 193
f 24 25 135
f 103 76 143
f 2373 433 298
f 196 197 215
f 168 2375 216
f 195 241 299
f 258 2375 217
f 331 330 377
f 2377 401 285
f 98 2374 314
f 2376 2378 479
f 2379 348 402
f 272 379 158
f 2380 131 381
f 2376 343 283
f 419 2382 324
f 2381 451 456
f 479 2378 478
f 591 478 2378
f 406 489 458
f 2383 540 567
f 524 561 459
f 337 2378 2376
f 2378 337 592
f 2384 697 101
f 1136 1138 1139
f 635 680 2322
f 2386 1427 1489
f 2385 762 686
f 2387 695 830
f 2387 784 1005
f 788 2388 1099
f 932 2389 1006
f 906 333 60
f 855 69 68
f 941 870 831
f 995 2287 996
f 695 2387 1005
f 1030 1036 1034
f 787 2388 788
f 1038 942 1060
f 1038 1060 1039
f 1073 1075 1078
f 1073 1078 1077
f 1073 1077 1067
f 1102 2388 1049
f 1098 1136 1139
f 1121 1125 1124
f 849 1130 63
f 1098 1156 1134
f 2390 1106 1105
f 1126 1153 1155
f 614 1346 1486
f 1215 1285 2392
f 1337 2391 1335
f 1337 2392 2334
f 1264 1379 1305
f 1474 2393 1542
f 2335 841 1446
f 1462 1411 1409
f 2343 1502 1500
f 1402 2395 1360
f 1530 2394 1435
f 2395 1402 1526
f 1570 1568 1485
f 2395 1403 1360
f 1386 1616 1590
f 2400 1659 1606
f 1611 2345 1644
f 1386 1590 1650
f 1635 2396 1649
f 1646 1542 2396
f 2396 1542 2393
f 1651 2397 1643
f 1688 2398 1670
f 2399 1592 1657
f 1665 1660 2400
f 1671 1659 2399
f 2400 2399 1659
f 2401 1683 1672
f 2401 1670 2398
f 1670 2401 1593
f 1674 1673 2421
f 2398 1318 1739
f 1674 2421 1642
f 1623 1689 1642
f 1623 2352 1690
f 2402 1709 1694
f 1709 2402 1706
f 2403 1706 2402
f 1425 1734 1211
f 1930 1208 1928
f 1842 2404 2298
f 1789 1836 1803
f 189 2405 3
f 1845 2405 1804
f 2406 2410 1892
f 10 1919 11
f 1938 1939 2069
f 1938 2069 2015
f 1892 1943 2406
f 2410 2409 1892
f 2415 2063 1949
f 1903 1961 2407
f 1963 2407 1898
f 2411 1975 1821
f 2413 2266 2419
f 2409 2021 1952
f 2031 2032 1968
f 2039 1986 2416
f 2002 2050 1883
f 2414 1908 2149
f 1948 2415 2113
f 2415 1948 2063
f 2040 2416 2073
f 2138 2110 2098
f 2133 2417 2095
f 2161 2199 2197
f 2137 2138 2098
f 2122 2266 2414
f 2414 2093 2122
f 2418 2154 2072
f 2156 2418 2366
f 2156 2366 2157
f 2156 2175 2176
f 2410 2406 2192
f 1825 2192 2406
f 2049 2419 2211
f 2161 2197 2133
f 2420 2211 2224
f 2420 2001 2211
f 2212 2420 2224
f 2371 2233 2271
f 2272 2412 2270
f 2267 2268 2278
f 1292 1257 1287
f 2300 2404 1784
f 2298 2404 2299
f 2380 381 380
f 385 381 477
f 366 2382 421
f 2382 366 324
f 1052 1126 1155
f 1623 2421 2351
f 1 2405 2
f 1825 1945 1944
f 2038 1986 2039
f 2158 2418 2072

