# https://github.com/mikedh/trimesh
v -0.28206710 1.17751500 -0.79464630
v -0.29293280 1.16643800 -0.78780350
v -0.29428960 1.14387500 -0.78874940
v -0.29926950 1.11275600 -0.78684820
v -0.29717640 1.09013800 -0.78699650
v -0.29476050 1.02574300 -0.79156200
v -0.28703910 1.00375300 -0.79644890
v -0.28569010 0.98172040 -0.79935780
v -0.28210810 0.96515720 -0.80695880
v -0.27485960 0.93966080 -0.82431970
v -0.27062130 0.91760560 -0.83340730
v -0.26448590 0.89834720 -0.83924860
v -0.25741480 0.87817220 -0.84164870
v -0.25272090 0.85862370 -0.84451420
v -0.24718320 0.84153900 -0.84760810
v -0.24290030 0.82210560 -0.85027080
v -0.23383660 0.78256180 -0.85753510
v -0.22923940 0.74413540 -0.86171970
v -0.22754590 0.72440880 -0.86705280
v -0.23301930 0.67789380 -0.86846940
v -0.23434250 0.64946470 -0.88523950
v -0.23839850 0.63311730 -0.88878830
v -0.24135940 0.60410320 -0.89109370
v -0.23869220 0.58990750 -0.88696570
v -0.23928940 0.57678050 -0.88345640
v -0.23893620 0.57469570 -0.88441000
v -0.23749110 0.57289830 -0.88480990
v -0.24353720 0.57219860 -0.87156520
v -0.24592480 0.57677670 -0.85872030
v -0.25129580 0.57827420 -0.84822710
v -0.26426490 0.57994400 -0.84364030
v -0.27861880 0.57824420 -0.84669170
v -0.29127110 0.57576000 -0.84983430
v -0.30550960 0.57086820 -0.84894900
v -0.32011110 0.56618840 -0.84367830
v -0.33085390 0.56134620 -0.83250420
v -0.33800770 0.55820290 -0.81752100
v -0.34714850 0.55531870 -0.80279410
v -0.35894120 0.55282010 -0.78991810
v -0.36772200 0.55220200 -0.77424100
v -0.38328200 0.55040230 -0.76658820
v -0.39500640 0.54730100 -0.75520540
v -0.40610400 0.54358290 -0.74143720
v -0.41477850 0.54253510 -0.72188040
v -0.40940390 0.54558220 -0.69581170
v -0.39963580 0.55482840 -0.66314930
v -0.39427920 0.56578560 -0.63429150
v -0.39665930 0.59836710 -0.64746890
v -0.39834320 0.63130400 -0.66296280
v -0.39028250 0.64453210 -0.66391390
v -0.38574580 0.66240080 -0.66672720
v -0.38168720 0.67873800 -0.66891210
v -0.36647520 0.73070240 -0.66138680
v -0.37402130 0.75899960 -0.64665210
v -0.37680320 0.77548360 -0.64665900
v -0.37925350 0.80669590 -0.64200350
v -0.38295760 0.82253410 -0.63921340
v -0.39088080 0.85668960 -0.63276290
v -0.38941870 0.87560000 -0.62858060
v -0.38769500 0.89527470 -0.62515290
v -0.38298220 0.93764440 -0.62321360
v -0.37277790 1.00970400 -0.61581750
v -0.37133370 1.02563000 -0.61282420
v -0.36936340 1.04787800 -0.61064550
v -0.36728860 1.06999100 -0.61188070
v -0.36610510 1.07901800 -0.59710410
v -0.36479080 1.09709500 -0.59841590
v -0.36469160 1.11542300 -0.60017750
v -0.36404190 1.12576600 -0.59077380
v -0.36310110 1.15296000 -0.59806380
v -0.35409300 1.17172000 -0.60184540
v -0.34750970 1.19511400 -0.60703960
v -0.33121690 1.20616200 -0.60757040
v -0.29823870 1.25580000 -0.60685690
v -0.30143370 1.25824000 -0.62531100
v -0.29985490 1.26841900 -0.64246430
v -0.29410350 1.28578000 -0.65780920
v -0.28300760 1.31014100 -0.66794440
v -0.26897330 1.33629600 -0.67696860
v -0.25527960 1.36094000 -0.68631880
v -0.23414070 1.37867300 -0.70153560
v -0.20688850 1.37823400 -0.71188770
v -0.21920370 1.37668000 -0.72223240
v -0.22157740 1.36682800 -0.73960570
v -0.22842400 1.36324900 -0.75451740
v -0.25212700 1.36744500 -0.75622090
v -0.26827150 1.36317200 -0.74848420
v -0.28149590 1.34974200 -0.74128990
v -0.28994200 1.33217200 -0.73630960
v -0.29822980 1.31318000 -0.73292990
v -0.30774700 1.29189300 -0.73097620
v -0.31820920 1.26823700 -0.73417470
v -0.32376830 1.24331300 -0.74010600
v -0.32514390 1.22177300 -0.74917400
v -0.31963380 1.20196400 -0.76139000
v -0.30510940 1.18692600 -0.77516100
v -0.24549990 0.60842750 -0.85871550
v -0.38972780 0.65128950 -0.76057330
v -0.41063790 0.59638510 -0.72150410
v -0.40975960 0.57392800 -0.69037320
v -0.39534160 0.58304040 -0.63591400
v -0.32192590 1.23400800 -0.64646480
v -0.30869840 1.25374700 -0.64348980
v -0.23731170 1.37391800 -0.72526380
v -0.24547780 0.58799980 -0.86099020
v -0.26943060 0.60800940 -0.84321300
v -0.32569650 0.64912530 -0.83225270
v -0.23890470 1.36903500 -0.74265900
v -0.41283360 0.55988150 -0.72977560
v -0.40820960 0.55910200 -0.68417040
v -0.24607750 1.36954000 -0.70630680
v -0.29154980 1.29479900 -0.67285550
v -0.27285460 0.59424830 -0.84404110
v -0.26199240 1.34636800 -0.69844830
v -0.35394970 0.59986580 -0.79879370
v -0.41320300 0.55554160 -0.70723040
v -0.28692190 0.59248860 -0.84876540
v -0.26977860 1.35253500 -0.73049050
v -0.39388760 0.56879000 -0.75914560
v -0.36530570 0.56813080 -0.78160040
v -0.40288500 0.55474610 -0.74723440
v -0.31535510 0.58123410 -0.84645070
v -0.28087240 1.34028800 -0.72935830
v -0.27110280 1.34063800 -0.71604960
v -0.34096960 0.57119460 -0.81691190
v -0.33046250 0.58250990 -0.83418110
v -0.28786120 1.32345000 -0.72270730
v -0.40613860 0.57319660 -0.74495930
v -0.35169960 0.57331940 -0.80138610
v -0.35927840 0.58466730 -0.79169390
v -0.35344520 0.96792910 -0.73230100
v -0.35813300 1.08781200 -0.71648620
v -0.34320990 1.15243900 -0.75589730
v -0.24727440 0.63081710 -0.86871150
v -0.24885370 0.60195250 -0.87637150
v -0.28784740 0.71766300 -0.84732390
v -0.39989150 0.61214940 -0.68168540
v -0.39983180 0.59352550 -0.67527840
v -0.39924010 0.57678610 -0.66545520
v -0.32657660 1.21642900 -0.62523990
v -0.34491560 1.21270700 -0.69100800
v -0.24602800 0.58770290 -0.87490160
v -0.30478260 1.26732100 -0.66119500
v -0.31556970 1.24802500 -0.65702270
v -0.30301600 1.27629300 -0.67696890
v -0.32013070 1.25787500 -0.69956790
v -0.32845770 1.23129700 -0.66357030
v -0.31470640 1.25706500 -0.67650170
v -0.31077450 1.27185100 -0.69654200
v -0.25099450 0.60156380 -0.84779470
v -0.30057320 0.59297880 -0.85076090
v -0.41239580 0.58037670 -0.72608060
v -0.40579400 0.59414170 -0.74077620
v -0.25387750 1.35820100 -0.71691800
v -0.37710720 0.56945780 -0.77032970
v -0.37715310 0.85837320 -0.70243110
v -0.32417430 0.89287930 -0.79212180
v -0.37755940 0.96174350 -0.69085190
v -0.37038480 1.10510100 -0.65879600
v -0.31922900 1.18521700 -0.76305190
v -0.31404420 1.15540600 -0.77071180
v -0.23919030 0.66136570 -0.85735720
v -0.24278300 0.62994890 -0.87862960
v -0.24778600 0.61713560 -0.87900990
v -0.24898140 0.61559430 -0.86902510
v -0.24553340 0.60110760 -0.86745680
v -0.25614720 0.72376120 -0.85099540
v -0.38496430 0.67722050 -0.68953520
v -0.40211470 0.61372790 -0.65726940
v -0.35239710 1.19240400 -0.65093630
v -0.34463120 1.19984800 -0.62187400
v -0.31385220 1.27607800 -0.71713900
v -0.33158910 1.23906900 -0.70389470
v -0.28714600 0.60825580 -0.84833250
v -0.31819930 0.59773650 -0.84561020
v -0.30376090 0.61405000 -0.85135300
v -0.41034720 0.59009580 -0.70045150
v -0.40776330 0.60458950 -0.70378860
v -0.40544100 0.63051130 -0.72346190
v -0.40720430 0.61234830 -0.73323920
v -0.41391070 0.57155780 -0.71122530
v -0.39308790 0.61963780 -0.76019820
v -0.39048080 0.60153930 -0.76494050
v -0.39882900 0.60975100 -0.74892820
v -0.40176630 0.63100850 -0.74376120
v -0.28302550 0.84730330 -0.83538450
v -0.30707330 0.96976410 -0.79105890
v -0.30209740 1.17543100 -0.77865750
v -0.30052710 1.15440700 -0.78112500
v -0.31321470 1.13818200 -0.76949090
v -0.24050950 0.64371730 -0.87369800
v -0.24316560 0.64669000 -0.86555870
v -0.23689490 0.66110720 -0.86345030
v -0.37742180 0.72114650 -0.68275730
v -0.36975590 0.75445200 -0.68447280
v -0.39370370 0.64834150 -0.69000220
v -0.38880970 0.66164460 -0.68422800
v -0.30865130 1.24360100 -0.61698160
v -0.31736910 1.23431300 -0.62824220
v -0.34050430 1.21219300 -0.65648750
v -0.36541270 1.16676000 -0.62921310
v -0.35273720 1.18024100 -0.62044280
v -0.33075310 1.21431900 -0.74372600
v -0.33194560 1.23186800 -0.72839860
v -0.32430480 1.25433100 -0.72267570
v -0.33937520 1.22236900 -0.71138860
v -0.34949610 1.19117200 -0.73103610
v -0.34909110 1.20450200 -0.71369660
v -0.33882190 1.21026800 -0.73152260
v -0.31899100 0.61552040 -0.84561200
v -0.33088100 0.60259050 -0.83421050
v -0.33934810 0.59935140 -0.82064780
v -0.40151540 0.62780490 -0.69332910
v -0.39980350 0.63910240 -0.71065090
v -0.39275270 0.65679320 -0.70438370
v -0.38963240 0.67325890 -0.70832130
v -0.37983620 0.70150820 -0.68658560
v -0.38170710 0.82852350 -0.66135450
v -0.38813760 0.83841930 -0.64110150
v -0.38698720 0.84786410 -0.65882910
v -0.37346050 0.83378710 -0.68171940
v -0.25893440 0.81212060 -0.84770600
v -0.38119230 0.95463780 -0.63638870
v -0.38424150 0.93642120 -0.64673130
v -0.30997620 1.00557600 -0.78566190
v -0.30838940 1.04273300 -0.78139190
v -0.29413550 0.95671200 -0.79646980
v -0.30621950 0.98869160 -0.78961320
v -0.28639470 0.94542410 -0.80973270
v -0.36571220 1.09177600 -0.62122830
v -0.31230000 1.09807000 -0.77317010
v -0.31029660 1.07966900 -0.77581680
v -0.32195260 1.16620600 -0.76325240
v -0.30151560 1.13151900 -0.78241860
v -0.32966710 1.14481100 -0.75993870
v -0.23744640 0.67600410 -0.85842750
v -0.25488390 0.61576280 -0.84487850
v -0.23091860 0.70657510 -0.86455610
v -0.23942440 0.73142830 -0.85557680
v -0.37048080 0.71743760 -0.66670270
v -0.36793040 0.74773770 -0.66249130
v -0.37574360 0.78422250 -0.66288180
v -0.37673370 0.80152280 -0.66295810
v -0.37526080 0.81598820 -0.68754540
v -0.37589030 0.69838780 -0.67079010
v -0.33235310 1.21922000 -0.64917710
v -0.34287090 1.20509800 -0.63746230
v -0.35243780 1.20280100 -0.67107940
v -0.33543890 1.22855000 -0.68899060
v -0.33725170 1.22246500 -0.67138020
v -0.34929500 1.18961300 -0.63281640
v -0.36363710 1.16240600 -0.61395890
v -0.35939120 1.17796900 -0.64245650
v -0.28758900 0.61850210 -0.84832630
v -0.32950900 0.62509910 -0.83254220
v -0.39074290 0.67536680 -0.72630650
v -0.39059640 0.69702960 -0.72580800
v -0.38575670 0.71049840 -0.70510980
v -0.38626450 0.72246990 -0.72010710
v -0.39451260 0.66690790 -0.74467090
v -0.39391130 0.65887400 -0.72435330
v -0.39039120 0.86887050 -0.64936710
v -0.38977430 0.88498660 -0.64496640
v -0.38855290 0.90103280 -0.65202220
v -0.37996590 0.81476830 -0.65605350
v -0.37500550 0.81735560 -0.67055770
v -0.26297810 0.84674790 -0.84422970
v -0.24076140 0.80512030 -0.85213900
v -0.25048650 0.79315070 -0.85257750
v -0.37726630 0.97485900 -0.62237980
v -0.37458790 0.99856780 -0.63217790
v -0.37881330 0.97495070 -0.66996070
v -0.37234490 1.01882700 -0.63648820
v -0.29233880 1.04753000 -0.79075590
v -0.29971650 1.06621700 -0.78556440
v -0.32203050 0.97787070 -0.78121610
v -0.28626100 0.90539900 -0.82306590
v -0.36503010 1.10949500 -0.61714690
v -0.36554020 1.12519000 -0.61852400
v -0.36870170 1.10744800 -0.64071840
v -0.36822170 1.09088700 -0.64550630
v -0.32431690 1.08428200 -0.76145100
v -0.31785800 1.06291100 -0.77011660
v -0.31421290 1.12030500 -0.76893910
v -0.33203170 1.12782200 -0.76194080
v -0.24454160 0.63535790 -0.85487360
v -0.25978210 0.65929870 -0.84381670
v -0.24504970 0.65168480 -0.85046580
v -0.24723150 0.70054530 -0.85046880
v -0.24269820 0.68212660 -0.85226470
v -0.26411870 0.68978810 -0.84493470
v -0.25198180 0.67022180 -0.84668260
v -0.25100060 0.73711860 -0.85337860
v -0.23765120 0.76822330 -0.85561860
v -0.37090480 0.73510910 -0.67960250
v -0.37266720 0.75546360 -0.70917350
v -0.38068590 0.73489590 -0.69922260
v -0.37380480 0.76344110 -0.69261770
v -0.37624470 0.76668120 -0.66752510
v -0.37805280 0.79114110 -0.64655170
v -0.38002640 0.78801480 -0.69984710
v -0.36922320 1.17253500 -0.68863050
v -0.36178560 1.18515600 -0.70958790
v -0.32614340 1.24062400 -0.68161070
v -0.36510800 1.14275700 -0.61514200
v -0.37051110 1.16579300 -0.64819160
v -0.36561800 1.18179600 -0.66587650
v -0.37590250 1.15911600 -0.66915010
v -0.35715270 1.19336300 -0.69043750
v -0.30431240 0.62297980 -0.85185700
v -0.31968230 0.63155950 -0.84465580
v -0.33973660 0.61769370 -0.82093670
v -0.35530040 0.67183440 -0.79757340
v -0.39864950 0.64927610 -0.74304220
v -0.38592590 0.90569910 -0.67434650
v -0.38437950 0.87190480 -0.68792770
v -0.38339190 0.88878840 -0.68999890
v -0.27973630 0.88410540 -0.83180560
v -0.28358000 0.86271910 -0.83221840
v -0.29364970 0.89260140 -0.81182800
v -0.30715760 0.88302170 -0.80280770
v -0.29245680 0.87217570 -0.81998750
v -0.29886260 0.85436580 -0.81821460
v -0.29516340 0.83340330 -0.82515960
v -0.25491720 0.77879470 -0.85107770
v -0.26831970 0.79812970 -0.84600700
v -0.27779760 0.81402220 -0.84305870
v -0.37803030 0.97819880 -0.64532350
v -0.37502220 0.99964840 -0.65084910
v -0.37272110 1.01526000 -0.66083150
v -0.37346740 1.00315400 -0.67545040
v -0.37074500 1.02495800 -0.66980120
v -0.38444020 0.91852870 -0.61718830
v -0.37049290 1.03921100 -0.62854230
v -0.36891420 1.05839300 -0.62673360
v -0.36942410 1.04654600 -0.66227440
v -0.32195650 1.03972500 -0.76973510
v -0.37099760 1.13387500 -0.63362900
v -0.36972330 1.11922200 -0.63320450
v -0.37586520 1.11669700 -0.67194080
v -0.36742380 1.08242000 -0.67844570
v -0.36829780 1.07400900 -0.63433740
v -0.32967440 1.06573800 -0.75623140
v -0.34840940 1.08955300 -0.73415850
v -0.34840310 1.13358300 -0.75348260
v -0.24442250 0.62358110 -0.85937880
v -0.25594190 0.64267040 -0.84381740
v -0.27452030 0.62279450 -0.84362440
v -0.29061410 0.63112480 -0.84812750
v -0.24458530 0.71028190 -0.85103730
v -0.23735840 0.69213810 -0.85699460
v -0.26744480 0.70952180 -0.84660290
v -0.24590070 0.75778290 -0.85748670
v -0.38276550 0.74442240 -0.72041480
v -0.37323140 0.79826510 -0.68148240
v -0.36745240 1.15152600 -0.63334050
v -0.34803170 0.61184420 -0.80712380
v -0.36380880 0.63791960 -0.78898520
v -0.38457220 0.70864410 -0.73906720
v -0.38590860 0.92295110 -0.65839180
v -0.38854910 0.88269160 -0.66817760
v -0.35821410 0.89024780 -0.73434760
v -0.37613750 0.87600400 -0.70673120
v -0.30635870 0.86895820 -0.80769210
v -0.31022850 0.90299400 -0.79652560
v -0.31254870 0.83729680 -0.81337750
v -0.27747850 0.83226570 -0.84155810
v -0.26179750 0.82782830 -0.84599300
v -0.36955390 1.05538500 -0.64523260
v -0.37092390 1.03324700 -0.64809910
v -0.37141170 1.12281400 -0.65018410
v -0.37765810 1.12760900 -0.66511150
v -0.36869390 1.08825500 -0.66238780
v -0.37008520 1.07218400 -0.65927010
v -0.36819640 1.03791700 -0.67877690
v -0.36745740 1.02616400 -0.69577180
v -0.36986810 1.01322100 -0.69000850
v -0.37050800 0.99529280 -0.69735270
v -0.37606990 0.97884820 -0.68751330
v -0.36978340 0.97585960 -0.70730940
v -0.36530690 0.95651710 -0.71827190
v -0.37815760 0.94176920 -0.69476230
v -0.36380330 1.01187200 -0.70984570
v -0.37201470 0.95354830 -0.70771530
v -0.37107180 0.93514610 -0.71187160
v -0.35520280 0.99936670 -0.72783210
v -0.37651140 0.92214450 -0.70192040
v -0.38254900 0.92354860 -0.68330960
v -0.36004990 0.90639450 -0.72488770
v -0.37290940 0.89761010 -0.71053660
v -0.37978770 0.90773310 -0.69656910
v -0.34345150 1.05350800 -0.73877220
v -0.35186410 1.03227600 -0.72828940
v -0.35603760 1.04801600 -0.71850850
v -0.33890600 1.07781900 -0.74446410
v -0.36091150 1.06756500 -0.70565670
v -0.36444860 1.07876900 -0.69515690
v -0.36727040 1.06122600 -0.68130610
v -0.34914170 1.10782200 -0.74212010
v -0.37050580 1.15423800 -0.72022280
v -0.34322170 1.11720600 -0.75288030
v -0.27230580 0.63485380 -0.84323930
v -0.37572290 1.14274400 -0.65153220
v -0.38095520 0.61343490 -0.77350940
v -0.37197740 0.59941630 -0.77974360
v -0.33828470 0.64451400 -0.81929580
v -0.35077120 0.62935900 -0.80452940
v -0.38037410 0.66404380 -0.77137140
v -0.37965600 0.85305200 -0.68173100
v -0.31387960 0.94705290 -0.79043890
v -0.29089010 0.80011520 -0.83886700
v -0.27800030 0.76834510 -0.84616310
v -0.28690110 0.74970240 -0.84747810
v -0.27630900 0.72931350 -0.84698160
v -0.29103210 0.78633340 -0.84118640
v -0.27457150 0.78508300 -0.84661720
v -0.26141580 0.76609270 -0.85340960
v -0.33217730 0.80690580 -0.79567780
v -0.29230610 0.81860330 -0.83345690
v -0.30586000 0.81375600 -0.82204610
v -0.31574240 0.82734730 -0.81413590
v -0.37845440 0.76880100 -0.74150250
v -0.32789260 0.75347460 -0.81849990
v -0.32264190 0.81315520 -0.81324190
v -0.37462790 0.76461670 -0.72909060
v -0.32191080 0.79086900 -0.81820970
v -0.30652690 0.77592640 -0.82978170
v -0.29442950 0.76609080 -0.84243390
v -0.33379200 0.78507850 -0.79838390
v -0.32663160 0.84358390 -0.79672760
v -0.30624670 0.79733750 -0.82585440
v -0.32515190 0.77535440 -0.81797150
v -0.37817880 0.77393710 -0.71092080
v -0.32576990 0.99118120 -0.77617920
v -0.33676830 0.99730860 -0.75945860
v -0.35938240 0.92527410 -0.72544620
v -0.35413060 1.01700500 -0.72704370
v -0.36009500 1.02982100 -0.71379690
v -0.37040210 1.10161200 -0.67803920
v -0.36972540 1.11562100 -0.70945190
v -0.37394330 1.11380000 -0.69118720
v -0.37896980 1.12870500 -0.68787180
v -0.36678500 1.09794100 -0.69874260
v -0.36413410 1.10591000 -0.71512000
v -0.36428270 1.04497800 -0.69767010
v -0.33786870 1.09710900 -0.75058110
v -0.37037640 1.16699900 -0.70776140
v -0.36168520 1.17307100 -0.72729640
v -0.37701870 1.14745600 -0.69709280
v -0.34914930 1.17399100 -0.74372580
v -0.35815210 1.14016500 -0.74527980
v -0.36933720 1.12897000 -0.72068270
v -0.36197570 1.15874300 -0.73576250
v -0.36389740 1.11673900 -0.72646890
v -0.37414120 1.12562900 -0.70387330
v -0.35868840 1.12579800 -0.73941520
v -0.36301530 0.61775760 -0.78841940
v -0.34349740 0.65808280 -0.81014830
v -0.32675890 0.68688240 -0.82721600
v -0.33156390 0.66448930 -0.82290000
v -0.28809510 0.70259180 -0.84796740
v -0.38887630 0.66893870 -0.75887500
v -0.36529940 0.66062360 -0.78740970
v -0.39011990 0.68587030 -0.74692460
v -0.38445220 0.69860190 -0.75803670
v -0.38327310 0.68133940 -0.76683620
v -0.37137020 0.67898930 -0.78120870
v -0.38897440 0.86437590 -0.66885480
v -0.31705770 0.92432220 -0.79174030
v -0.33013900 0.93903590 -0.78190690
v -0.34620100 0.93786410 -0.75992570
v -0.33910260 0.93096440 -0.77348620
v -0.34193970 0.84684610 -0.78277030
v -0.38029380 0.74940620 -0.73958210
v -0.36627660 0.76140430 -0.76819120
v -0.29794260 0.73484930 -0.84456550
v -0.35727060 0.94580820 -0.72741730
v -0.34312580 1.00574300 -0.74576630
v -0.34137320 1.02893200 -0.74474180
v -0.35584680 1.10210400 -0.72898300
v -0.37857170 1.14107800 -0.67512660
v -0.37593110 1.15727600 -0.68633990
v -0.33561380 1.19479900 -0.74762900
v -0.33729620 1.17279800 -0.75568310
v -0.35360470 1.15660400 -0.74720590
v -0.37404390 1.13897300 -0.71043740
v -0.27134070 0.67255040 -0.84372130
v -0.37553750 0.62728930 -0.77815770
v -0.35112070 0.64847380 -0.80286650
v -0.37538630 0.64684030 -0.77722750
v -0.37784120 0.71186260 -0.76977300
v -0.35074640 0.93096300 -0.74401170
v -0.35279130 0.90923820 -0.74699340
v -0.34709410 0.91961660 -0.76421630
v -0.33926710 0.90598090 -0.77798370
v -0.36344660 0.87554460 -0.72332730
v -0.36562210 0.89031980 -0.71790170
v -0.34784130 0.95321380 -0.74705700
v -0.32762980 0.96138190 -0.77968830
v -0.33759810 0.87695130 -0.78294720
v -0.33390500 0.86054520 -0.78795610
v -0.32363790 0.87535340 -0.79429790
v -0.37168840 0.80266930 -0.70049810
v -0.37755910 0.79503040 -0.71701040
v -0.37182090 0.80213260 -0.73079090
v -0.37496540 0.78426810 -0.74521890
v -0.37247690 0.79959610 -0.74367260
v -0.36451540 0.78489460 -0.75856910
v -0.34759010 0.79992650 -0.78944060
v -0.35993930 0.79717400 -0.77718560
v -0.37823010 0.78541150 -0.73071420
v -0.37821170 0.73205940 -0.73976960
v -0.37269420 0.74310470 -0.75762710
v -0.36176350 0.74434940 -0.78007910
v -0.35634880 0.76370590 -0.78593710
v -0.37019370 0.72849970 -0.77175560
v -0.37253560 0.76448610 -0.75133100
v -0.30348460 0.75193860 -0.83857350
v -0.33360980 0.73417550 -0.81538800
v -0.31959450 0.73320080 -0.82879190
v -0.33799510 0.74626390 -0.80709830
v -0.35086340 0.78190270 -0.79034430
v -0.33915630 0.67904990 -0.81247140
v -0.33943840 0.69211340 -0.81148120
v -0.35409970 0.70296350 -0.79787570
v -0.28880230 0.68772110 -0.84839550
v -0.29299970 0.64351750 -0.84658210
v -0.36150190 0.69217710 -0.79209090
v -0.37469580 0.69806670 -0.77624290
v -0.37873510 0.72067350 -0.75491620
v -0.29794100 0.91160170 -0.80156110
v -0.29955330 0.93256860 -0.79573520
v -0.29073350 0.92310820 -0.81354720
v -0.36599410 0.85844500 -0.71964830
v -0.36116780 0.85996070 -0.73659520
v -0.36864580 0.84474050 -0.71496530
v -0.37411680 0.84036810 -0.70154740
v -0.34657850 0.86322590 -0.77500460
v -0.35477570 0.88587880 -0.75224880
v -0.36896430 0.81697580 -0.72867330
v -0.34310180 0.96977980 -0.75345150
v -0.34155030 0.95227860 -0.76474850
v -0.33727160 0.89058800 -0.78197130
v -0.34871530 0.89627460 -0.76755420
v -0.31871680 0.85755610 -0.80108590
v -0.34849300 0.81639830 -0.78375190
v -0.35179570 0.83394650 -0.77347610
v -0.33459360 0.82990090 -0.78846210
v -0.36165790 0.80581660 -0.75893660
v -0.36647720 0.82219310 -0.74362820
v -0.36403020 0.84053710 -0.73444660
v -0.35981370 0.82822610 -0.75671080
v -0.35812510 0.84495930 -0.75403600
v -0.35970910 0.81597180 -0.76868000
v -0.35749530 0.72775080 -0.78904410
v -0.34596910 0.73279860 -0.80135970
v -0.36645770 0.71350460 -0.78345750
v -0.33761540 0.76479330 -0.80012180
v -0.30402480 0.71644650 -0.84256530
v -0.34325380 0.70502050 -0.80737150
v -0.33060810 0.70218840 -0.82072370
v -0.27716830 0.65333040 -0.84380850
v -0.30439720 0.63492590 -0.85057820
v -0.35881270 0.87537070 -0.73854820
v -0.35638790 0.86520010 -0.75562990
v -0.35219590 0.85035870 -0.76761470
v -0.36986210 0.81230370 -0.71078860
v -0.34701930 0.98473890 -0.74176750
v -0.34904480 0.87984490 -0.76937620
v -0.35199850 0.71596280 -0.79771860
v -0.34851610 0.74711870 -0.79524280
v -0.33861160 0.71819550 -0.81083360
v -0.30618070 0.69600600 -0.84257190
v -0.31702780 0.71235440 -0.83632530
v -0.32763650 0.71416580 -0.82728960
v -0.28626920 0.67280860 -0.84534610
v -0.29717620 0.66032580 -0.84824960
v -0.31308370 0.65253970 -0.84893980
v -0.31602480 0.67589240 -0.84588690
v -0.32188680 0.69548470 -0.83907550
v -0.30316940 0.67954310 -0.84811110
v -0.39806830 0.58810490 -0.75698680
v -0.27464150 1.32695100 -0.68657280
v -0.27594330 1.32859700 -0.70395200
v -0.28369030 1.31213600 -0.68897210
v -0.30088240 1.29426200 -0.70912930
v -0.29626440 1.29350800 -0.69271530
v -0.28838160 1.31237400 -0.70683880
v -0.29598990 1.30870800 -0.72096250
v -0.38134990 0.95778340 -0.66235990
v -0.32804220 1.01086300 -0.76992690
v -0.32019760 1.02352200 -0.77561910
v -0.38264020 0.94109670 -0.67502500
v -0.36110500 0.77823850 -0.77826940
v -0.19644670 1.13251700 -0.47714360
v -0.20991430 1.10908900 -0.47666670
v -0.21599860 1.09140700 -0.48382190
v -0.21937250 1.03770600 -0.48469160
v -0.21844410 1.01911000 -0.48206340
v -0.21917700 0.99959710 -0.47864010
v -0.21876280 0.97951900 -0.47640850
v -0.22126420 0.95805460 -0.47460690
v -0.21813290 0.92389230 -0.47073780
v -0.20765680 0.90637660 -0.46739660
v -0.19692780 0.84449220 -0.46371490
v -0.19994530 0.76968200 -0.46469690
v -0.20338560 0.75285790 -0.46572900
v -0.20801710 0.73422830 -0.46688360
v -0.21414640 0.71624860 -0.46924950
v -0.22086530 0.70134160 -0.47123460
v -0.22003090 0.67943160 -0.47503660
v -0.23620740 0.66852620 -0.47818690
v -0.25955200 0.61936290 -0.48742970
v -0.25991570 0.59915720 -0.48819810
v -0.27455920 0.57736350 -0.49551680
v -0.28282040 0.56128060 -0.50218420
v -0.29069730 0.54863450 -0.50771200
v -0.29120210 0.54631500 -0.50749840
v -0.29064100 0.54432260 -0.50809530
v -0.30615500 0.54332390 -0.51213130
v -0.31890850 0.54795750 -0.51373860
v -0.33337880 0.55477180 -0.51160390
v -0.34724890 0.56156030 -0.50610830
v -0.36070900 0.56798710 -0.49969170
v -0.37461990 0.57587350 -0.49557340
v -0.38589480 0.58346240 -0.50570670
v -0.38428610 0.58833820 -0.52173050
v -0.37606150 0.59239470 -0.53431810
v -0.36346790 0.59584140 -0.54115710
v -0.35130110 0.59967430 -0.54391140
v -0.33943120 0.60265490 -0.54868320
v -0.33975590 0.60331730 -0.56161780
v -0.34515390 0.60397380 -0.56572930
v -0.34788880 0.60315430 -0.56666380
v -0.36134770 0.59939820 -0.56985290
v -0.37045420 0.59397230 -0.58061530
v -0.37965320 0.58589580 -0.59483170
v -0.38720810 0.57681350 -0.61281070
v -0.29152760 1.25917500 -0.58832660
v -0.28194920 1.26956000 -0.57555530
v -0.27019800 1.28381200 -0.56043820
v -0.25294110 1.30381500 -0.54998120
v -0.23394540 1.32483600 -0.54296200
v -0.21652550 1.34352700 -0.53491580
v -0.19703840 1.36287200 -0.53212220
v -0.16781680 1.36622900 -0.53631570
v -0.17885090 1.35439600 -0.50728320
v -0.17743900 1.34555400 -0.48863340
v -0.19729960 1.34626600 -0.47615490
v -0.21474710 1.34107300 -0.47274790
v -0.22615520 1.32698400 -0.47564430
v -0.23475180 1.30942700 -0.48101790
v -0.24265370 1.28963900 -0.48497530
v -0.25173920 1.26681100 -0.48898450
v -0.25908080 1.24053100 -0.48895920
v -0.25921070 1.21517800 -0.48709320
v -0.25307570 1.18840100 -0.48635620
v -0.24095600 1.16783800 -0.48428820
v -0.22372550 1.15026200 -0.48048020
v -0.38508310 0.61581920 -0.60382520
v -0.30144150 1.24638300 -0.59686430
v -0.28774600 1.24202700 -0.53265480
v -0.17970730 1.36245400 -0.52191820
v -0.31140190 0.63796750 -0.50798940
v -0.35742710 0.63253080 -0.57636670
v -0.26693980 1.27555300 -0.53381080
v -0.23924730 1.30947900 -0.52019340
v -0.19531890 1.35507600 -0.51029770
v -0.22181030 1.33392200 -0.52374240
v -0.33157040 0.60648230 -0.50183680
v -0.37685600 0.60088260 -0.59590920
v -0.26085740 1.28889900 -0.54548610
v -0.24236770 1.31143500 -0.53826150
v -0.19987770 1.35166800 -0.49240980
v -0.22165440 1.33765300 -0.49381330
v -0.20600170 1.35463900 -0.52200760
v -0.34377880 0.63126480 -0.54803430
v -0.35632820 0.61527000 -0.49623500
v -0.31120280 0.55574690 -0.51329740
v -0.35487310 0.61551560 -0.56885530
v -0.34285500 0.61940240 -0.56468500
v -0.34580820 0.61519200 -0.54496150
v -0.34909840 0.57926090 -0.50155410
v -0.38347680 0.60275290 -0.51322890
v -0.37011390 0.61434290 -0.58569860
v -0.36886860 0.61308960 -0.53868880
v -0.35692620 0.62358470 -0.54241440
v -0.33956440 0.61541450 -0.55586200
v -0.35482530 0.61111390 -0.54273880
v -0.31036480 0.82997090 -0.50269030
v -0.32276060 1.06592200 -0.51082020
v -0.27560260 1.12564900 -0.49197310
v -0.38925250 0.63065080 -0.61864290
v -0.31349790 1.22022500 -0.57153630
v -0.36958040 0.75673560 -0.58747100
v -0.28742440 0.62944790 -0.50156570
v -0.39402740 0.60052620 -0.62013390
v -0.39188890 0.61242070 -0.62883200
v -0.23089380 1.32163500 -0.52366980
v -0.25141730 1.29482500 -0.52862270
v -0.26122980 1.27466700 -0.51303010
v -0.24913800 1.29081500 -0.50614980
v -0.25292490 1.27616400 -0.49777550
v -0.26203100 1.25758600 -0.49877060
v -0.24032750 1.30465200 -0.49892470
v -0.27293760 1.25124900 -0.51126130
v -0.27341380 1.22717700 -0.49961650
v -0.28031590 1.25872300 -0.54291100
v -0.27555330 1.25949300 -0.52519480
v -0.31226240 1.18299000 -0.51662540
v -0.29516740 1.24972800 -0.57962460
v -0.29857360 1.20451900 -0.51681810
v -0.28554200 1.23055600 -0.51632040
v -0.29922680 0.55961120 -0.50999100
v -0.29310140 0.57122940 -0.50443850
v -0.30896940 0.57485940 -0.51287020
v -0.31440140 0.60770060 -0.51016130
v -0.31013570 0.59207860 -0.51227790
v -0.32455850 0.59161510 -0.50614470
v -0.29960700 0.60756870 -0.50861540
v -0.28559810 0.59187480 -0.50168850
v -0.33662400 0.57388450 -0.50715860
v -0.32263840 0.57314250 -0.51199140
v -0.32102080 0.62357710 -0.50692590
v -0.30314250 0.61998270 -0.50876080
v -0.34853470 0.59985490 -0.49764520
v -0.36127190 0.59175670 -0.49569820
v -0.37484050 0.59923390 -0.50030070
v -0.21440410 1.34441000 -0.51045870
v -0.37949520 0.62558800 -0.52056570
v -0.25698000 0.83184730 -0.48650120
v -0.35805570 0.80698970 -0.56986280
v -0.27224960 0.95116650 -0.48801420
v -0.34477210 0.99542750 -0.53472670
v -0.25159760 1.14598800 -0.48243890
v -0.39769750 0.62467090 -0.63891110
v -0.26908400 1.19937200 -0.49340280
v -0.28593800 1.20369800 -0.50397440
v -0.29729450 1.18143000 -0.50394340
v -0.27445330 0.62586960 -0.49463820
v -0.26437340 0.67234490 -0.48681030
v -0.38486920 0.63712110 -0.60124690
v -0.37230570 0.62965040 -0.58734610
v -0.27539300 1.27001400 -0.55288220
v -0.28851090 1.25246100 -0.55973530
v -0.30133350 1.23580700 -0.56640480
v -0.29222370 1.24274400 -0.54780350
v -0.30600830 1.22323100 -0.55111010
v -0.30687990 1.23406200 -0.58462310
v -0.31641840 1.22874900 -0.60589020
v -0.32137090 1.21569700 -0.59079260
v -0.33823540 0.59099960 -0.50194880
v -0.29679770 0.58931540 -0.50765000
v -0.28747500 0.60818130 -0.50248590
v -0.27586330 0.60518590 -0.49591440
v -0.36503900 0.65524780 -0.54284930
v -0.34087960 0.65123870 -0.55412470
v -0.35064780 0.68240820 -0.56726760
v -0.34192110 0.66970130 -0.55579480
v -0.35363310 0.64134760 -0.54451870
v -0.35416360 0.66129070 -0.54513170
v -0.37144420 0.63309280 -0.53711600
v -0.37579800 0.64520850 -0.52936190
v -0.36374050 0.68861000 -0.52941050
v -0.34333860 0.68863230 -0.55798610
v -0.35290970 0.67981210 -0.54689950
v -0.36372950 0.69559150 -0.54302650
v -0.34686760 0.70601570 -0.56830380
v -0.36108350 0.69755620 -0.57749070
v -0.35801610 0.72040050 -0.57453360
v -0.34426510 0.72729130 -0.56484580
v -0.36997450 0.71669060 -0.58510960
v -0.36150940 0.71822300 -0.54416160
v -0.34713680 0.71637770 -0.55633320
v -0.36997180 0.68401880 -0.58619220
v -0.35955510 0.67689100 -0.57316900
v -0.36991660 0.67049950 -0.58406730
v -0.36714280 0.65622830 -0.58407210
v -0.36832480 0.73255430 -0.58288510
v -0.34886900 0.70511800 -0.50819650
v -0.33857160 0.64239570 -0.49775490
v -0.35963540 0.70620860 -0.52648150
v -0.34782910 0.70165990 -0.55198310
v -0.35584780 0.73794420 -0.56978510
v -0.37520280 0.70119650 -0.59374400
v -0.37724020 0.71624040 -0.60120580
v -0.32596640 0.64350950 -0.50234170
v -0.33464000 0.66603850 -0.49883370
v -0.34971010 0.63198130 -0.49661430
v -0.38111640 0.68272240 -0.60611990
v -0.33960080 0.62060080 -0.49812440
v -0.37626910 0.72894460 -0.60676630
v -0.38588370 0.68028270 -0.63073180
v -0.38229230 0.69971560 -0.61608620
v -0.34209400 0.63368150 -0.56114210
v -0.35570240 0.64810870 -0.57491380
v -0.22481950 0.82759910 -0.46800500
v -0.37642390 0.86669190 -0.59284020
v -0.36245050 0.77592370 -0.60885020
v -0.25828500 1.03453100 -0.48883970
v -0.25409810 1.06584300 -0.48579480
v -0.36249450 1.10097100 -0.56351500
v -0.36508700 1.07024700 -0.57494550
v -0.36882070 1.03879700 -0.58948150
v -0.23073260 1.10489800 -0.48743990
v -0.23953570 1.12000000 -0.48773740
v -0.22415460 1.11986200 -0.47897920
v -0.24839730 1.10249900 -0.48441830
v -0.23817120 1.15260100 -0.48491010
v -0.26161020 1.17500700 -0.48837790
v -0.22050680 1.13841200 -0.47918490
v -0.39489210 0.64502390 -0.64413320
v -0.31031660 1.20440800 -0.53190540
v -0.30283350 1.15064800 -0.49633720
v -0.33471410 1.19705400 -0.58890290
v -0.36436220 0.72693880 -0.64364580
v -0.26111380 0.64100230 -0.48776680
v -0.25116370 0.67983760 -0.48140660
v -0.23576000 0.71189320 -0.47246160
v -0.32567250 1.20368100 -0.57108250
v -0.37245020 0.66243890 -0.52828310
v -0.36662920 0.67478930 -0.54126140
v -0.38878650 0.65121960 -0.61340280
v -0.38152340 0.65705310 -0.59646270
v -0.38052300 0.66924250 -0.60026090
v -0.37722840 0.64461810 -0.59076840
v -0.36419210 0.63798360 -0.50357340
v -0.38020340 0.69421430 -0.63652840
v -0.36756740 0.72451530 -0.62632240
v -0.37368140 0.74574040 -0.59828850
v -0.36408820 0.75829760 -0.60691810
v -0.38217920 0.67542220 -0.64859230
v -0.38895680 0.66400020 -0.64704650
v -0.34737450 0.63377820 -0.56880390
v -0.34975450 0.64767890 -0.56554390
v -0.35169840 0.66138360 -0.56272670
v -0.36423750 0.64320300 -0.58232360
v -0.22061100 0.84484690 -0.46737650
v -0.22150790 0.80025110 -0.46485330
v -0.20188150 0.82905050 -0.46340480
v -0.20556580 0.81018980 -0.46326120
v -0.37091050 0.89813620 -0.57914660
v -0.36277330 0.76133840 -0.62865160
v -0.22193430 0.93980460 -0.47290140
v -0.23875930 0.94554550 -0.48461160
v -0.23329330 0.91172220 -0.47744930
v -0.23588370 0.96744900 -0.48426800
v -0.24794110 0.97622630 -0.49090070
v -0.37143240 1.01058800 -0.59607880
v -0.37808550 0.93316720 -0.59390260
v -0.37543120 0.95449900 -0.58869500
v -0.37934280 0.95331340 -0.61219620
v -0.22545690 1.07047100 -0.48560620
v -0.23673140 1.08546400 -0.48704290
v -0.36326690 1.10748100 -0.58415850
v -0.36442120 1.08667900 -0.57429370
v -0.38842800 0.66311820 -0.62521500
v -0.29777430 1.22294100 -0.53007940
v -0.31889220 1.20436200 -0.55075940
v -0.33751640 1.17102900 -0.53661070
v -0.33158810 1.18772300 -0.55026520
v -0.34150470 1.18472500 -0.57304550
v -0.32324790 1.18565700 -0.53066490
v -0.35024970 1.18339300 -0.59353080
v -0.35614060 1.16497000 -0.57974130
v -0.35825110 0.69072160 -0.51396210
v -0.39167700 0.64319840 -0.62768700
v -0.37395340 0.63649430 -0.51555050
v -0.37422170 0.62209230 -0.50720470
v -0.36723170 0.74194460 -0.61323910
v -0.36006600 0.66118820 -0.57205680
v -0.20998370 0.86483600 -0.46456680
v -0.23136990 0.86141780 -0.47738210
v -0.24074700 0.84322260 -0.47929400
v -0.25114240 0.86024280 -0.48405160
v -0.23047540 0.81218470 -0.46802260
v -0.24852140 0.81580070 -0.47958590
v -0.26411530 0.84839390 -0.49007510
v -0.26691870 0.86621830 -0.49086560
v -0.20644180 0.78758940 -0.46309370
v -0.22906750 0.78639660 -0.46579310
v -0.24266390 0.80038910 -0.47159230
v -0.24841530 0.78393780 -0.47459540
v -0.25919860 0.81671250 -0.48627220
v -0.22097850 0.74915450 -0.46521490
v -0.21689920 0.76779250 -0.46397500
v -0.38657030 0.86420780 -0.61517700
v -0.38603410 0.83977430 -0.61915490
v -0.37517980 0.80077090 -0.62591250
v -0.37440190 0.78754330 -0.62711080
v -0.25385420 0.95656340 -0.49182240
v -0.22407700 0.89718960 -0.47177340
v -0.20895620 0.88689220 -0.46551400
v -0.24905280 0.87910830 -0.48703520
v -0.26446930 0.89246630 -0.49196830
v -0.24408320 0.89724180 -0.48546810
v -0.25585580 0.91164670 -0.49199930
v -0.27749880 0.90215690 -0.48693100
v -0.27257730 0.87948300 -0.49145310
v -0.23935310 0.92484790 -0.48363590
v -0.25807200 0.93414910 -0.49228950
v -0.30467290 0.88749450 -0.49177470
v -0.23606040 0.99021420 -0.48567480
v -0.26379570 1.01530200 -0.49097390
v -0.24062840 1.00740700 -0.48488970
v -0.38057200 0.90828150 -0.59938440
v -0.37000840 0.91991850 -0.57587600
v -0.36109400 1.14306100 -0.57816960
v -0.36557290 1.05124800 -0.57318880
v -0.36201370 1.05737700 -0.55865390
v -0.36773090 1.05770000 -0.59329180
v -0.23374410 0.72942950 -0.46981260
v -0.24260670 0.74916330 -0.47203820
v -0.26605690 0.71185070 -0.48356380
v -0.23781220 0.69090840 -0.47598140
v -0.36651520 0.67401710 -0.52199290
v -0.35208950 0.65619870 -0.49939390
v -0.36074510 0.66311150 -0.51304910
v -0.35530440 0.67463910 -0.50571260
v -0.36717860 0.65110340 -0.51312250
v -0.37565590 0.69111000 -0.65173440
v -0.37024930 0.71075030 -0.63857690
v -0.36467740 0.77433940 -0.58427150
v -0.24229850 0.82545330 -0.47673970
v -0.27997820 0.85547510 -0.48878290
v -0.28277790 0.86821460 -0.48936040
v -0.29133580 0.83460150 -0.49152860
v -0.28073010 0.82429130 -0.48974840
v -0.29025170 0.85250320 -0.48940620
v -0.27989530 0.83946220 -0.48864470
v -0.37168810 0.85058410 -0.58842750
v -0.38030210 0.84574790 -0.60374860
v -0.35716100 0.83399770 -0.56597890
v -0.36208860 0.85642280 -0.57073840
v -0.36486120 0.84066560 -0.57847450
v -0.36469280 0.82081370 -0.58402060
v -0.37104520 0.77148660 -0.62658510
v -0.37109670 0.78807880 -0.60954830
v -0.36361280 0.79244330 -0.59248360
v -0.36919030 0.74402880 -0.64297270
v -0.36298000 0.74465770 -0.62658940
v -0.29429190 0.95238120 -0.48997250
v -0.22834550 0.88203910 -0.47419430
v -0.27401500 0.91838250 -0.48805560
v -0.30271410 0.86600020 -0.49460640
v -0.28998930 0.88116570 -0.48717650
v -0.33231130 0.87398620 -0.52501160
v -0.30597340 0.84537370 -0.49863470
v -0.31568920 0.87768620 -0.50475910
v -0.32238710 0.86390330 -0.51326430
v -0.28142710 0.88805930 -0.48672850
v -0.23939920 1.02268600 -0.48537210
v -0.26048030 0.99469340 -0.49128380
v -0.26611710 0.96994410 -0.48814330
v -0.37441000 0.98879160 -0.60681660
v -0.37268940 0.97169660 -0.58282810
v -0.36219460 0.97186160 -0.55991300
v -0.35260360 0.95690830 -0.54707140
v -0.37029680 0.99113140 -0.57705240
v -0.23692830 1.03716000 -0.48585030
v -0.22301900 1.05238800 -0.48529290
v -0.27227340 1.04756600 -0.48949920
v -0.35634780 1.09722300 -0.54164880
v -0.35984940 1.11013600 -0.54809790
v -0.34721280 1.08341300 -0.53265200
v -0.25089060 0.71339410 -0.47725830
v -0.26633380 0.68977020 -0.48571340
v -0.35964930 0.76942810 -0.57066820
v -0.36177790 0.76831310 -0.60873270
v -0.26865800 0.82884680 -0.49075730
v -0.37094470 0.81559720 -0.60638960
v -0.36871580 0.87787230 -0.57789990
v -0.35571190 0.87383290 -0.55927450
v -0.37094500 0.79985260 -0.60931800
v -0.35882150 0.79053500 -0.57185950
v -0.28247770 0.93550290 -0.48745820
v -0.30135870 0.93451270 -0.49358710
v -0.29126220 0.91709140 -0.48623090
v -0.29550880 0.89951840 -0.48757120
v -0.30863640 0.91322150 -0.49764350
v -0.31489420 0.90052400 -0.50287460
v -0.37730210 0.88834070 -0.59285380
v -0.37596680 0.97059790 -0.60266510
v -0.36431500 0.95118940 -0.56454110
v -0.33371120 0.93295150 -0.52744210
v -0.34860950 0.97638660 -0.54033940
v -0.24516000 1.05138300 -0.48627560
v -0.25980200 1.08111000 -0.48462230
v -0.26760240 1.09627500 -0.48373860
v -0.35932640 1.07148200 -0.55179680
v -0.35574610 1.15051900 -0.55603530
v -0.34537570 1.17330900 -0.55599460
v -0.34747820 1.16021100 -0.54251700
v -0.33729900 1.13562500 -0.51703710
v -0.34064460 1.15113000 -0.52484560
v -0.32739050 1.16354200 -0.51796010
v -0.31017970 1.16341000 -0.50497410
v -0.31154100 1.11987100 -0.49680730
v -0.35145350 1.05855800 -0.54001670
v -0.35803160 1.08373400 -0.54834630
v -0.34357490 1.07026500 -0.52979520
v -0.25203760 0.69784810 -0.47979320
v -0.27924220 0.65127040 -0.49594990
v -0.29272910 0.64049640 -0.50382590
v -0.35771790 0.75680050 -0.56840830
v -0.37219410 0.83143300 -0.59684440
v -0.36532900 0.80981680 -0.58809550
v -0.36499120 0.80160390 -0.58848780
v -0.33829960 0.85944140 -0.53354400
v -0.36132440 0.88998600 -0.56551360
v -0.35128730 0.88705940 -0.55220980
v -0.35961380 0.90488660 -0.56172110
v -0.34016340 0.91854990 -0.53572780
v -0.35630860 0.92673130 -0.55558810
v -0.34790380 0.94058480 -0.54306550
v -0.31221070 0.93232220 -0.50170120
v -0.32268240 0.93968040 -0.51194810
v -0.36398910 0.78169250 -0.58678190
v -0.35104760 0.79370410 -0.55461970
v -0.35494330 0.78483810 -0.56379610
v -0.35250530 0.80247490 -0.55732100
v -0.35294920 0.78004110 -0.56049320
v -0.31689290 0.85131890 -0.50832520
v -0.32291410 0.88865300 -0.51264540
v -0.28233980 1.03120900 -0.49093460
v -0.28398420 1.01025500 -0.48892570
v -0.29556630 0.99587420 -0.49129930
v -0.27776030 0.98915330 -0.48779900
v -0.31937580 0.98569390 -0.50736130
v -0.30730840 1.01722300 -0.49688550
v -0.30674640 0.98506790 -0.49667930
v -0.29818290 1.02922600 -0.49514640
v -0.32729890 1.00014200 -0.52024250
v -0.32330200 1.02071000 -0.51591150
v -0.31314740 1.00587800 -0.50099860
v -0.31122720 1.03274300 -0.50304260
v -0.33017690 1.04005400 -0.51887790
v -0.30118610 0.96635540 -0.49341240
v -0.28847130 0.97613830 -0.48909640
v -0.35827400 0.99592990 -0.55243800
v -0.27316610 1.11019300 -0.49072430
v -0.35048430 1.13888200 -0.53329340
v -0.35883710 1.12599800 -0.54655820
v -0.35153910 1.11281600 -0.53132150
v -0.33586110 1.05395900 -0.52271790
v -0.27940620 0.67423850 -0.49516770
v -0.27347760 0.64087140 -0.49339840
v -0.26694450 0.65462850 -0.48963570
v -0.30659780 0.65621110 -0.50684470
v -0.29026700 0.66135700 -0.50021650
v -0.36193790 0.75576930 -0.62656800
v -0.30544380 0.80824150 -0.49644910
v -0.29728470 0.82040320 -0.49474640
v -0.28618050 0.81307360 -0.49124070
v -0.27016120 0.81123670 -0.49085560
v -0.35746560 0.81804650 -0.56780800
v -0.34846210 0.82860530 -0.54891430
v -0.32361610 0.91814440 -0.51208420
v -0.33579020 0.95577480 -0.53018530
v -0.28088930 0.96241270 -0.48787270
v -0.33703720 0.88910020 -0.53106880
v -0.32954170 0.97952580 -0.52319610
v -0.31600340 1.04645500 -0.50568250
v -0.29674610 1.04433400 -0.49559790
v -0.30158690 1.06136000 -0.49821010
v -0.28234140 1.06353200 -0.49116960
v -0.30240430 1.08803300 -0.49648250
v -0.28458310 1.07966800 -0.49185120
v -0.30479740 1.07412200 -0.49936960
v -0.30900160 0.95198460 -0.49870500
v -0.25625480 1.12850100 -0.48162970
v -0.29493110 1.11558200 -0.49221000
v -0.32230800 1.09381800 -0.50611100
v -0.33844390 1.10994400 -0.51763160
v -0.34190170 1.09476200 -0.52211450
v -0.32590050 1.11515000 -0.50544890
v -0.31907160 1.08412600 -0.50568990
v -0.33382060 1.08039100 -0.51852610
v -0.30896080 1.10219100 -0.49646080
v -0.28221380 0.69886790 -0.49458160
v -0.28430840 0.71431980 -0.49414030
v -0.29030970 0.68600740 -0.49744780
v -0.33021850 0.90413280 -0.52116540
v -0.35673520 1.02940200 -0.54941520
v -0.35155330 1.01336100 -0.54223030
v -0.34155190 1.02917300 -0.52959680
v -0.35114360 1.04493800 -0.54021640
v -0.36446100 1.03760100 -0.56399590
v -0.33969350 1.01156200 -0.52899030
v -0.28812730 1.09755700 -0.49491360
v -0.26012050 1.11462800 -0.48159120
v -0.26616290 1.13909600 -0.48992410
v -0.26873970 1.15674600 -0.49092020
v -0.28911910 1.16345400 -0.49444840
v -0.28498810 1.14401900 -0.49145850
v -0.30118990 1.13475100 -0.49300420
v -0.28016400 1.17865000 -0.49470440
v -0.31952660 0.73749550 -0.50270480
v -0.32443530 0.68162610 -0.50292660
v -0.31962850 0.96537930 -0.50770560
v -0.29928340 0.72514590 -0.50061690
v -0.30467290 0.67760600 -0.50558740
v -0.34216310 0.72270000 -0.50758540
v -0.35169480 0.72024730 -0.52587670
v -0.35554310 0.73653650 -0.55130370
v -0.34548360 0.75324010 -0.54483520
v -0.34310190 0.74870620 -0.56042610
v -0.23206040 1.32150400 -0.49216260
v -0.22887470 1.32517900 -0.50792130
v -0.23438070 0.76727470 -0.46780280
v -0.25830880 0.79994890 -0.48096080
v -0.36947370 0.93603680 -0.57366730
v -0.27269340 0.72500670 -0.48634540
v -0.25269350 0.72808410 -0.47926580
v -0.36017930 0.79821740 -0.57431850
v -0.33017080 0.84919720 -0.52337550
v -0.34222120 0.84585250 -0.53951410
v -0.33647240 0.83629400 -0.53183470
v -0.33398730 0.82545850 -0.52821350
v -0.34557210 0.81747440 -0.54500000
v -0.34788310 0.81136810 -0.54944050
v -0.34940490 0.85815850 -0.55067980
v -0.35212980 0.84374590 -0.55566910
v -0.32906990 0.81401720 -0.52739220
v -0.34162380 0.81108880 -0.53834690
v -0.31564640 0.81047500 -0.50469680
v -0.32271920 0.83593990 -0.51484330
v -0.34471770 0.87170510 -0.54305580
v -0.32290900 0.82165350 -0.51528090
v -0.36902570 1.02469400 -0.58440400
v -0.36588770 1.01472200 -0.56615470
v -0.33186020 0.70507830 -0.50119470
v -0.31347190 0.69734770 -0.50170370
v -0.32962050 0.72605110 -0.50338080
v -0.32124250 0.78171150 -0.50855860
v -0.30168490 0.74664080 -0.49867970
v -0.31014730 0.76711590 -0.50160580
v -0.30029330 0.75791090 -0.49709810
v -0.31903700 0.75118990 -0.50516220
v -0.34609490 0.76599790 -0.53449870
v -0.35157880 0.74922270 -0.53001060
v -0.33756800 0.77813170 -0.52204610
v -0.34126260 0.78056300 -0.54104120
v -0.32652130 0.76327460 -0.51053070
v -0.34102230 0.75916580 -0.51982140
v -0.34723250 0.73689570 -0.51982090
v -0.34379460 0.76873670 -0.55425370
v -0.33013970 0.79316430 -0.51850060
v -0.34117380 0.78918840 -0.53047080
v -0.34611500 0.78846630 -0.54749160
v -0.33463170 0.80339220 -0.52474900
v -0.34497460 0.80054570 -0.54099330
v -0.32859810 0.80925720 -0.51618420
v -0.32284380 0.79899430 -0.50960370
v -0.31382340 0.80062510 -0.50257440
v -0.33462220 0.74249120 -0.50880580
v -0.30257070 0.79426210 -0.49389890
v -0.31093820 0.78452820 -0.50095100
v -0.27372960 0.75571770 -0.48554860
v -0.27035520 0.76948150 -0.48812870
v -0.25880280 0.75824000 -0.48339680
v -0.25302650 0.76748230 -0.47712730
v -0.28637350 0.76928110 -0.48829610
v -0.28685260 0.75479210 -0.49012150
v -0.27797260 0.78123380 -0.49050870
v -0.27450450 0.79642300 -0.49147620
v -0.30002510 0.77655000 -0.49454340
v -0.28655630 0.80222050 -0.49001670
v -0.29054400 0.78745370 -0.48888700
v -0.28730040 0.73488590 -0.49315230
v -0.27699070 0.74226490 -0.48903240
v -0.26055670 0.74338070 -0.48396800
v -0.27835800 0.53825290 -0.50326070
v -0.26674920 0.53713500 -0.49935250
v -0.25325310 0.53455350 -0.49478600
v -0.23975100 0.53195100 -0.48925270
v -0.22614060 0.52916530 -0.48627680
v -0.21328340 0.52453470 -0.49147590
v -0.20230170 0.51816690 -0.50010920
v -0.19461380 0.50874890 -0.50905960
v -0.18801380 0.49998590 -0.52117420
v -0.18231510 0.49277110 -0.53424740
v -0.17817270 0.48833380 -0.54871500
v -0.17461370 0.48546230 -0.56539170
v -0.17345210 0.48219710 -0.57939060
v -0.17203850 0.48036200 -0.59390020
v -0.16983410 0.47980000 -0.61009730
v -0.16677270 0.48249390 -0.62781180
v -0.15861300 0.48726780 -0.64765290
v -0.14521700 0.49401680 -0.66824360
v -0.13139370 0.50054500 -0.69351780
v -0.12740610 0.50691370 -0.72264100
v -0.12540800 0.53442710 -0.70526710
v -0.12402600 0.56347710 -0.69304000
v -0.11552660 0.61496880 -0.69345910
v -0.11458550 0.63793960 -0.69430310
v -0.11192600 0.67756030 -0.69695670
v -0.11050610 0.69992540 -0.69275630
v -0.10906030 0.72301540 -0.69093660
v -0.10822440 0.74581960 -0.68956000
v -0.10654610 0.76907480 -0.68602860
v -0.10368780 0.81758180 -0.68321550
v -0.10920430 0.86590580 -0.67484740
v -0.10939880 0.91568400 -0.66590850
v -0.11314380 0.93853600 -0.66677380
v -0.11727640 0.95504350 -0.67016440
v -0.11895480 0.97312570 -0.66846530
v -0.11874460 0.99129500 -0.66298980
v -0.12824870 1.04815500 -0.67103680
v -0.12728280 1.07023300 -0.66338870
v -0.12680020 1.08863400 -0.66066890
v -0.12130290 1.15298800 -0.65590440
v -0.11995970 1.17257800 -0.65767320
v -0.12445930 1.21311000 -0.65836830
v -0.13024410 1.26452100 -0.65413380
v -0.13441520 1.28769700 -0.64847500
v -0.13244880 1.29776900 -0.63064920
v -0.13070160 1.30753700 -0.61272140
v -0.13006550 1.32040900 -0.59523040
v -0.13278160 1.33670500 -0.57535070
v -0.14678180 1.35534500 -0.55267080
v -0.15436710 1.33279700 -0.49045480
v -0.13727620 1.31635000 -0.49417680
v -0.12271250 1.29753600 -0.49885920
v -0.11438660 1.27502600 -0.50464160
v -0.11192700 1.25279500 -0.50722120
v -0.11369870 1.23034000 -0.50912870
v -0.11832410 1.20776500 -0.50641770
v -0.12495300 1.18442900 -0.50143070
v -0.13348080 1.16544700 -0.49057430
v -0.14912950 1.15005100 -0.47811050
v -0.16478130 1.13667800 -0.47290790
v -0.11406960 1.10440200 -0.53777260
v -0.10997620 1.25087500 -0.58022940
v -0.16066970 1.13423200 -0.48363920
v -0.11465920 1.16433600 -0.51799450
v -0.10425830 1.25345100 -0.54075760
v -0.14731610 1.34011000 -0.52048270
v -0.13219430 1.32175000 -0.52008760
v -0.12754160 1.32430200 -0.56152450
v -0.10826020 1.19678700 -0.52138780
v -0.10500550 1.24124800 -0.52621830
v -0.16318040 1.35161000 -0.51748000
v -0.15931450 1.34240500 -0.50456240
v -0.14869770 1.34912200 -0.53671300
v -0.12893260 1.31011400 -0.50772330
v -0.11698970 1.28672900 -0.51706860
v -0.13772450 1.34066100 -0.55389120
v -0.13838530 1.15343700 -0.48508640
v -0.10521910 1.21674000 -0.52452970
v -0.14347710 1.32893300 -0.50607760
v -0.16212030 1.35932000 -0.53155900
v -0.12145450 1.30404700 -0.52849280
v -0.10859970 1.26455900 -0.52391860
v -0.10946510 1.27295500 -0.55107390
v -0.11147140 1.27979900 -0.53500190
v -0.13194290 1.14318600 -0.50154390
v -0.10563620 1.17967600 -0.53040520
v -0.11741480 1.30113600 -0.54668800
v -0.10682700 1.25144800 -0.56105570
v -0.10168870 1.23086600 -0.54917160
v -0.10616670 1.15311000 -0.58105070
v -0.11803220 1.28619100 -0.58161450
v -0.10254480 1.15163300 -0.55179460
v -0.10223770 1.21535000 -0.56075550
v -0.10096560 1.17865500 -0.55137980
v -0.10178250 1.21034300 -0.53917760
v -0.10458660 1.16475300 -0.53689090
v -0.12432640 1.31264600 -0.57863830
v -0.10459080 1.19275100 -0.58496820
v -0.12425970 1.29373300 -0.60142900
v -0.10651510 1.23387900 -0.57636370
v -0.10232570 1.19640100 -0.56372860
v -0.10515780 1.21210800 -0.58325710
v -0.10790650 1.20273600 -0.59979270
v -0.27710860 0.54900580 -0.49809720
v -0.26165080 0.55048370 -0.49446970
v -0.14896320 0.60416610 -0.51366740
v -0.09608310 0.78403240 -0.56070250
v -0.14841270 0.53771040 -0.64083000
v -0.13057460 0.52270290 -0.68711020
v -0.13199460 0.51713120 -0.71074520
v -0.13481630 0.50747160 -0.67882370
v -0.20153750 1.12708200 -0.48584690
v -0.12893510 1.27924300 -0.63301000
v -0.13182130 1.32860700 -0.53797820
v -0.13866210 1.13647200 -0.48536650
v -0.15033040 1.11905900 -0.48065950
v -0.10823260 1.14885400 -0.53322290
v -0.12902040 1.12791200 -0.51049760
v -0.11794550 1.14459900 -0.51872000
v -0.13672320 1.11732400 -0.49534620
v -0.12901590 1.10616400 -0.51557120
v -0.14782350 1.09871400 -0.48895670
v -0.16212710 1.09907100 -0.47774910
v -0.13675570 1.09782700 -0.50198070
v -0.14217880 1.08467800 -0.50143440
v -0.11230420 1.18882100 -0.61918220
v -0.10807930 1.18319800 -0.60245170
v -0.11591870 1.20449200 -0.63758340
v -0.10663120 1.16899600 -0.59421100
v -0.10984210 1.15178600 -0.60519710
v -0.11298640 1.16824300 -0.61933230
v -0.10396800 1.17365200 -0.57141080
v -0.10399860 1.13713000 -0.56221440
v -0.11628950 1.15899000 -0.63839530
v -0.11403480 1.15042800 -0.62134920
v -0.11710250 1.14244200 -0.63494420
v -0.12127920 1.27639700 -0.60403370
v -0.11216790 1.27047000 -0.57246340
v -0.11349290 1.24477100 -0.59884960
v -0.25083860 0.54777090 -0.49115500
v -0.19900310 0.59244220 -0.48400610
v -0.24309290 0.56570840 -0.48719060
v -0.16561220 0.66528720 -0.48592480
v -0.07830780 0.78288530 -0.63379980
v -0.11754690 0.86125550 -0.51418130
v -0.12042600 0.77867390 -0.50505710
v -0.09320399 0.92292270 -0.61359140
v -0.15130770 0.96618320 -0.50030670
v -0.13013230 0.55095630 -0.67392820
v -0.13399010 0.53495530 -0.68200170
v -0.19504890 1.09422700 -0.47588740
v -0.16652520 1.06354100 -0.49010370
v -0.14580910 1.07174800 -0.50285950
v -0.18957420 1.11077100 -0.47951660
v -0.17562860 1.08290100 -0.47990380
v -0.17921340 1.10146600 -0.47657380
v -0.12163360 1.24325900 -0.64393060
v -0.11875090 1.11599900 -0.52602890
v -0.11573450 1.13025500 -0.52576190
v -0.12719470 1.09250000 -0.52148870
v -0.12053990 1.19582700 -0.65575320
v -0.11513690 1.18105500 -0.63828510
v -0.11877640 1.22239400 -0.64322290
v -0.11065880 1.22392700 -0.60015060
v -0.11760170 1.22696100 -0.62389210
v -0.12104270 1.26124300 -0.61557600
v -0.11341180 1.11436000 -0.61154710
v -0.11255200 1.13360100 -0.61242190
v -0.10824580 1.13711000 -0.58867380
v -0.10589730 1.12318800 -0.56991220
v -0.11785060 1.12538600 -0.63394080
v -0.25516970 0.57843530 -0.48871810
v -0.26289790 0.56288700 -0.49259090
v -0.24866520 0.59619720 -0.48595720
v -0.19879490 0.54962700 -0.49097100
v -0.23005530 0.55643600 -0.48517400
v -0.21672990 0.54768180 -0.48604610
v -0.23568760 0.54233390 -0.48720870
v -0.20928940 0.53796050 -0.48913040
v -0.22846390 0.60620180 -0.48306910
v -0.18375400 0.52781100 -0.50432220
v -0.09543141 0.78644330 -0.66010730
v -0.08055917 0.84421350 -0.63415160
v -0.09143105 0.68086320 -0.63087610
v -0.15849010 0.86426250 -0.49064230
v -0.16274620 0.79408280 -0.48365960
v -0.11464900 0.62329840 -0.67857490
v -0.16542020 0.49844670 -0.56066630
v -0.15919160 0.49407360 -0.61889700
v -0.16257660 0.49609980 -0.63577280
v -0.12861770 0.56736270 -0.67667440
v -0.12541480 0.55090690 -0.69849090
v -0.15260250 0.50037220 -0.65784850
v -0.19487090 1.05225300 -0.48468660
v -0.11246010 1.00037600 -0.64371630
v -0.19931410 1.07821700 -0.47958320
v -0.20320010 1.06382400 -0.48288830
v -0.18420510 1.06685100 -0.48351870
v -0.14590550 1.05510000 -0.50693650
v -0.11601550 1.05136800 -0.55372510
v -0.13070910 1.04459800 -0.52560730
v -0.11271940 1.07259700 -0.56118490
v -0.11036470 1.09470300 -0.55785880
v -0.15901760 1.04492000 -0.49937350
v -0.19080340 1.11960300 -0.48757100
v -0.15835840 1.08289900 -0.48848390
v -0.10731220 1.12657500 -0.54441740
v -0.11867710 1.09454000 -0.63158220
v -0.12272200 1.11796700 -0.65084810
v -0.12199060 1.13463000 -0.65242710
v -0.19195810 0.57002160 -0.48850360
v -0.22467910 0.57329850 -0.48409930
v -0.23918080 0.58568730 -0.48551360
v -0.20583120 0.61642120 -0.48141920
v -0.19543260 0.70137270 -0.47269200
v -0.17000340 0.73177280 -0.47809630
v -0.17992730 0.51346440 -0.51579600
v -0.18407090 0.54630470 -0.49597090
v -0.09914737 0.73466330 -0.65996080
v -0.08695968 0.82102360 -0.65432850
v -0.09101587 0.86725850 -0.65307410
v -0.17211220 0.85231950 -0.47383600
v -0.10162650 0.92830380 -0.65136290
v -0.10715630 0.95375790 -0.65217380
v -0.19646330 0.96876520 -0.47916720
v -0.19731910 0.98622570 -0.48195310
v -0.19035250 0.92144030 -0.47229790
v -0.12193590 0.57775730 -0.69128470
v -0.11968730 0.59275880 -0.69041620
v -0.16104600 0.50268770 -0.57524830
v -0.16681520 0.50315670 -0.54375790
v -0.16364490 0.49241010 -0.59059350
v -0.15745410 0.50881230 -0.65054350
v -0.14121540 0.51709680 -0.66368270
v -0.14035340 0.53332030 -0.65916200
v -0.15402270 0.52330010 -0.64464430
v -0.13918350 0.55533070 -0.65980380
v -0.12894520 0.57241840 -0.67335600
v -0.14218880 0.55418420 -0.64252140
v -0.12097350 1.00902300 -0.66267810
v -0.11105610 0.97916530 -0.65024800
v -0.12226050 1.03207800 -0.65812740
v -0.12180290 1.05371900 -0.64817810
v -0.11536130 1.01724500 -0.64360230
v -0.11722540 1.08457000 -0.54014190
v -0.12107870 1.06386900 -0.53792210
v -0.11215470 1.05360000 -0.57266460
v -0.11302050 1.08670700 -0.60334460
v -0.11417210 1.10055200 -0.61225890
v -0.11353190 1.06284300 -0.60860640
v -0.10747850 1.11225100 -0.55683660
v -0.14005430 0.99949560 -0.51518450
v -0.12430440 1.10213300 -0.65360300
v -0.11833140 1.10867700 -0.63233670
v -0.24430830 0.63037890 -0.48311520
v -0.21380140 0.64180800 -0.47914310
v -0.20791580 0.56215200 -0.48637150
v -0.18650650 0.56157510 -0.49237660
v -0.20722200 0.57775650 -0.48463570
v -0.21702470 0.59275690 -0.48306140
v -0.18523490 0.74200360 -0.46981600
v -0.19822890 0.53313300 -0.49653310
v -0.15989260 0.54623100 -0.52947700
v -0.09668630 0.80649920 -0.66181000
v -0.09548188 0.83267280 -0.66429660
v -0.10092090 0.81822880 -0.66744580
v -0.10122310 0.88076450 -0.66182540
v -0.09794701 0.85722910 -0.66225240
v -0.10616490 0.89668820 -0.66495740
v -0.09439513 0.89010330 -0.65212820
v -0.18962440 0.85577880 -0.46480710
v -0.17920050 0.83473030 -0.46970300
v -0.18643690 0.87465140 -0.46599900
v -0.18288550 0.79704110 -0.46869170
v -0.18405190 0.77583920 -0.46841710
v -0.19766430 0.95207600 -0.47617860
v -0.19970570 0.93658530 -0.47265970
v -0.17761730 0.93919620 -0.47947740
v -0.16630810 0.91883890 -0.48121600
v -0.15978240 0.93521640 -0.48860590
v -0.15498380 0.98920110 -0.49993810
v -0.13891480 0.97501500 -0.51490320
v -0.15326450 1.01389800 -0.50364290
v -0.17599320 1.01434100 -0.49206170
v -0.13529830 1.02466800 -0.52084620
v -0.17200880 0.98010570 -0.48926110
v -0.17592360 0.99947590 -0.48995420
v -0.19400480 1.02886000 -0.48680440
v -0.12681210 0.59216830 -0.67015740
v -0.13699800 0.56952090 -0.65534200
v -0.11027660 0.66206370 -0.68654150
v -0.11193800 0.64764140 -0.67806910
v -0.16779000 0.49107950 -0.57412870
v -0.17406080 0.50395270 -0.52676650
v -0.16452920 0.51721440 -0.53024860
v -0.12748500 0.56623780 -0.62415230
v -0.14602980 0.53078490 -0.61632130
v -0.14816800 0.51798860 -0.62680010
v -0.16513890 1.03096600 -0.49806160
v -0.17912720 1.04423900 -0.48982680
v -0.10181420 0.96236520 -0.63512060
v -0.10935690 1.00952400 -0.62731720
v -0.13131530 1.06013200 -0.52206580
v -0.11038680 1.08657600 -0.58064790
v -0.11145620 1.07092500 -0.58600150
v -0.11072420 1.10230100 -0.59157370
v -0.10932360 1.12068400 -0.58955840
v -0.10825040 1.10469400 -0.57312550
v -0.11163280 1.03895000 -0.61244090
v -0.11701080 1.05993800 -0.62793450
v -0.11103180 1.04784700 -0.59075160
v -0.10839530 1.01801300 -0.61095830
v -0.10948510 1.02966100 -0.59059270
v -0.24037530 0.61027460 -0.48369710
v -0.22339730 0.62751730 -0.48102920
v -0.21478570 0.65846130 -0.47775820
v -0.23195580 0.64580980 -0.48016780
v -0.17552360 0.55828070 -0.50038140
v -0.16868460 0.56827800 -0.50547090
v -0.17677850 0.57305930 -0.49642770
v -0.20351520 0.68855640 -0.47376660
v -0.20159990 0.66734550 -0.47656990
v -0.10366460 0.73312620 -0.67805410
v -0.10418800 0.71228140 -0.67248090
v -0.10707550 0.68444860 -0.68125950
v -0.08716351 0.84698100 -0.65179930
v -0.08076900 0.82897330 -0.64012650
v -0.07774791 0.81638540 -0.62547100
v -0.08517604 0.80310590 -0.65149400
v -0.08037874 0.80516840 -0.64171030
v -0.10302060 0.79469270 -0.67695020
v -0.08395187 0.86937570 -0.63159560
v -0.08372500 0.85882520 -0.64122840
v -0.14971010 0.82584940 -0.49305960
v -0.15486790 0.84541080 -0.49207210
v -0.16730310 0.82750570 -0.48193760
v -0.13780660 0.84991800 -0.50364630
v -0.15737060 0.88443120 -0.49197820
v -0.16602800 0.89705190 -0.47903390
v -0.13904240 0.87501190 -0.50739010
v -0.17083400 0.87499230 -0.47379960
v -0.12035860 0.88376100 -0.51527470
v -0.15518630 0.90098090 -0.49117670
v -0.17091610 0.75753450 -0.47860880
v -0.17112450 0.77817210 -0.47824880
v -0.18665220 0.75871100 -0.46817290
v -0.14566260 0.93302330 -0.50423010
v -0.14625300 1.03584900 -0.51015360
v -0.12323360 1.02888400 -0.53624560
v -0.11047510 0.63374250 -0.66508100
v -0.17033860 0.52989040 -0.51905730
v -0.15940860 0.50645050 -0.63170050
v -0.15485280 0.50714140 -0.59367040
v -0.15275180 0.51879320 -0.57384750
v -0.16000250 0.52248970 -0.55149440
v -0.15285120 0.54294190 -0.54522200
v -0.15460090 0.56555450 -0.52829250
v -0.16750480 0.55585010 -0.51331240
v -0.16089240 0.57076130 -0.51783580
v -0.14570580 0.58283440 -0.52805590
v -0.15338340 0.58729490 -0.51803080
v -0.13182160 0.55567790 -0.63373760
v -0.13721000 0.54481170 -0.59269880
v -0.14697060 0.52992330 -0.60077130
v -0.12733710 0.56843210 -0.60298400
v -0.13560550 0.54518750 -0.61268540
v -0.14788560 0.52772800 -0.58857980
v -0.13035200 0.56438370 -0.58539340
v -0.15058970 0.51489540 -0.61077210
v -0.10486970 0.98384670 -0.63047170
v -0.11470100 1.03281300 -0.63275540
v -0.11060830 0.99475680 -0.55891930
v -0.18787750 0.58406540 -0.48768620
v -0.16893760 0.68122570 -0.48274670
v -0.17119100 0.70393410 -0.47816830
v -0.18872680 0.72015720 -0.47107470
v -0.09927815 0.77390690 -0.66849630
v -0.09975667 0.75153750 -0.67040210
v -0.09821936 0.71680330 -0.65173770
v -0.10532800 0.68805700 -0.66423560
v -0.10926890 0.67124570 -0.67398050
v -0.09676502 0.90812090 -0.64994840
v -0.09278027 0.92129400 -0.63152890
v -0.09802607 0.94157400 -0.63615340
v -0.08802233 0.87981250 -0.64394430
v -0.08638694 0.88868800 -0.62445880
v -0.16565550 0.80998590 -0.48243970
v -0.18539480 0.89219070 -0.46818400
v -0.18278920 0.90670450 -0.47188360
v -0.11480220 0.90350690 -0.52290940
v -0.14912390 0.91465410 -0.49911760
v -0.13760200 0.91692730 -0.51423410
v -0.15160860 0.94854700 -0.49772680
v -0.12184610 1.04642100 -0.53936080
v -0.11185040 1.03752000 -0.56991800
v -0.10927850 1.01062400 -0.57617190
v -0.11506150 1.03118800 -0.55462160
v -0.11100630 1.01887800 -0.56673260
v -0.10676820 0.66342460 -0.66356160
v -0.10542570 0.64426100 -0.65508840
v -0.11698340 0.61319880 -0.66578140
v -0.11401720 0.60422700 -0.62648260
v -0.11952250 0.58820090 -0.61494670
v -0.12303870 0.58140730 -0.63764700
v -0.11616720 0.60187070 -0.64215500
v -0.10924120 0.62276390 -0.64004970
v -0.10296330 0.63040860 -0.62180610
v -0.09829368 0.62855110 -0.56204260
v -0.11042370 0.60911970 -0.60595280
v -0.09750960 0.62680930 -0.59997130
v -0.16064840 0.53079890 -0.53718640
v -0.13600900 0.60015340 -0.52741210
v -0.17355040 0.59173790 -0.49358210
v -0.13924150 0.53703950 -0.62783340
v -0.14031160 0.57271320 -0.54022330
v -0.12950340 0.59081080 -0.54139610
v -0.14148910 0.53947250 -0.57701410
v -0.18672410 0.62318100 -0.48226380
v -0.18370620 0.68311900 -0.47719470
v -0.11543580 0.69766860 -0.51610000
v -0.13157020 0.72877850 -0.49814960
v -0.09920744 0.68902810 -0.65304330
v -0.08810612 0.70339870 -0.64078550
v -0.09651467 0.67312440 -0.64783530
v -0.08962108 0.89975450 -0.63571470
v -0.13648270 0.93593210 -0.51627020
v -0.11299010 0.61924070 -0.65432210
v -0.10012060 0.65146560 -0.63787350
v -0.11885640 0.59069710 -0.59417420
v -0.13982460 0.64251850 -0.50679570
v -0.13278420 0.62205440 -0.51903290
v -0.10586360 0.64092280 -0.54057470
v -0.10815270 0.62271310 -0.54982180
v -0.11668780 0.63659090 -0.52929500
v -0.10848970 0.60799130 -0.56307810
v -0.16240920 0.60101980 -0.50240570
v -0.14880050 0.53767650 -0.56053640
v -0.13586600 0.56071970 -0.56887260
v -0.12743600 0.57627660 -0.56028310
v -0.14020040 0.55745150 -0.55438250
v -0.14697640 0.55817520 -0.54123870
v -0.10705090 1.00554200 -0.59270940
v -0.10738840 0.98965830 -0.57692290
v -0.19963970 0.60578000 -0.48254650
v -0.18585920 0.60561480 -0.48519680
v -0.18447900 0.63967460 -0.48090630
v -0.14744580 0.68482690 -0.49414090
v -0.15377040 0.70111320 -0.48825320
v -0.08445044 0.78358710 -0.64970360
v -0.09044087 0.74316290 -0.64853250
v -0.08196218 0.72969090 -0.59807260
v -0.11699010 0.92328770 -0.52436190
v -0.11534710 0.94494080 -0.53049320
v -0.10649950 0.91273370 -0.54055240
v -0.10789840 0.97705390 -0.56463590
v -0.10651820 0.94728230 -0.55390470
v -0.10493830 0.95790720 -0.57483640
v -0.10346820 0.94023970 -0.58353180
v -0.11958860 0.96686490 -0.53023310
v -0.11339940 0.98184190 -0.54428240
v -0.10515490 0.97252330 -0.58330760
v -0.11672860 1.00602900 -0.54330140
v -0.10235190 0.95913410 -0.59605170
v -0.12755780 1.00934600 -0.52808920
v -0.13653580 0.95309710 -0.51663010
v -0.10827700 0.60443810 -0.58282100
v -0.09413170 0.62499230 -0.57784650
v -0.09074294 0.65088150 -0.57159780
v -0.08898153 0.65205670 -0.59178590
v -0.08151303 0.70932160 -0.61039020
v -0.15089530 0.62062360 -0.50401220
v -0.11692210 0.59132860 -0.56490100
v -0.11879760 0.60027990 -0.55149040
v -0.10010530 0.96473480 -0.61963980
v -0.09618216 0.94339190 -0.62165230
v -0.09833761 0.94523710 -0.60598500
v -0.10464300 0.98405450 -0.59598090
v -0.20178390 0.63342590 -0.47971100
v -0.16759680 0.62747530 -0.48902650
v -0.18297470 0.66090360 -0.47952410
v -0.16929830 0.64593400 -0.48545690
v -0.19848570 0.64807890 -0.47909660
v -0.15300620 0.65821260 -0.49379170
v -0.14101800 0.71314580 -0.49363370
v -0.12773680 0.70059970 -0.50579540
v -0.11533690 0.72318610 -0.51439870
v -0.12703210 0.65312820 -0.51774250
v -0.10898700 0.68531340 -0.52620980
v -0.15546380 0.71835070 -0.48512770
v -0.08147091 0.75859310 -0.64203260
v -0.10639340 0.92914310 -0.54603680
v -0.09572938 0.64736950 -0.55393730
v -0.10013810 0.66503430 -0.53873590
v -0.09045091 0.67516220 -0.55835980
v -0.09375059 0.73740520 -0.55841960
v -0.09284188 0.70706450 -0.55797240
v -0.15518020 0.63837450 -0.49564280
v -0.11729520 0.74612680 -0.50809240
v -0.13458600 0.67252470 -0.50632500
v -0.14975850 0.73928750 -0.48616800
v -0.08322933 0.72894180 -0.63897510
v -0.08337358 0.71554380 -0.62215970
v -0.08630073 0.68133240 -0.61610860
v -0.08573517 0.67795700 -0.60144090
v -0.09271593 0.66098400 -0.62253100
v -0.09228158 0.65432390 -0.60959750
v -0.08656081 0.67423770 -0.57973780
v -0.10098570 0.71139940 -0.52894470
v -0.09587412 0.69384810 -0.54004770
v -0.08741611 0.69522230 -0.57145120
v -0.14080010 0.76313280 -0.49133750
v -0.07917349 0.76515980 -0.62234940
v -0.08838875 0.79924370 -0.59899800
v -0.08073584 0.77812690 -0.60828990
v -0.09394647 0.72264800 -0.54115450
v -0.11086720 0.76727650 -0.51469720
v -0.08357501 0.70066060 -0.59025390
v -0.08996340 0.72080840 -0.57639720
v -0.09362572 0.75746890 -0.56650750
v -0.08978596 0.77953280 -0.58300140
v -0.09404478 0.75180760 -0.54284630
v -0.09647543 0.84365750 -0.54928820
v -0.09627568 0.80683820 -0.57333560
v -0.10393330 0.85330620 -0.53136370
v -0.10663200 0.86970950 -0.52978910
v -0.08092558 0.83581930 -0.61492470
v -0.10149570 0.74134770 -0.52616000
v -0.09522306 0.80399520 -0.54556340
v -0.09481946 0.82442980 -0.55507140
v -0.10056800 0.82330510 -0.53436690
v -0.10628400 0.84014080 -0.52543180
v -0.11810850 0.84049280 -0.51104960
v -0.11172570 0.82107480 -0.51549330
v -0.09901702 0.85768400 -0.58316160
v -0.09223385 0.85290860 -0.60224190
v -0.09862049 0.86632150 -0.54859940
v -0.09733048 0.86351330 -0.56711200
v -0.10422560 0.88407840 -0.53674430
v -0.09973285 0.89288830 -0.59210450
v -0.10210820 0.89847530 -0.54804630
v -0.10026690 0.87870200 -0.58251230
v -0.10236770 0.91961220 -0.58337220
v -0.10025650 0.89606100 -0.57325350
v -0.09857695 0.88253100 -0.56242040
v -0.10160030 0.90524040 -0.58262810
v -0.10165040 0.91501510 -0.56293620
v -0.09906885 0.76958960 -0.53095990
v -0.09423609 0.77019660 -0.54655970
v -0.09578995 0.78632550 -0.54069130
v -0.12968910 0.82273040 -0.50195520
v -0.14380280 0.80678280 -0.49411910
v -0.12345920 0.80054690 -0.50341570
v -0.10561300 0.79594200 -0.52233160
v -0.09766140 0.83123360 -0.57167090
v -0.09225558 0.83908270 -0.59905450
v -0.09781578 0.90753640 -0.59908050
v -0.09111014 0.89156260 -0.60779770
v -0.09544812 0.87433380 -0.59891270
v -0.08611917 0.87274370 -0.61259150
v -0.08947976 0.90633960 -0.61932760
v -0.08207142 0.85527800 -0.61768930
v -0.12208510 1.08347000 -0.64403130
v -0.11676480 1.08044400 -0.62304480
v -0.14154990 0.89683530 -0.50932810
v -0.12439910 0.98845270 -0.52863950
v -0.15367680 0.78336090 -0.48829560
v -0.13857440 0.78451500 -0.49367610
v -0.22845170 0.56527560 -0.89671570
v -0.21539930 0.56200000 -0.90584820
v -0.20225860 0.56031370 -0.89626420
v -0.19207290 0.56021560 -0.88577220
v -0.17766080 0.55851590 -0.88557080
v -0.16300020 0.55624100 -0.88519180
v -0.15027840 0.55417050 -0.88270400
v -0.13972940 0.55089550 -0.87271620
v -0.13982430 0.54764490 -0.85775900
v -0.14715080 0.54191250 -0.84801820
v -0.15450150 0.54058070 -0.83131470
v -0.15999350 0.53997710 -0.81315320
v -0.15582260 0.53878440 -0.79386430
v -0.13910030 0.53439970 -0.78549180
v -0.12461930 0.52800070 -0.77670960
v -0.11235870 0.52252630 -0.76745420
v -0.10371400 0.51622190 -0.75422620
v -0.11489830 0.51353320 -0.73778650
v -0.13327170 0.51713270 -0.74136820
v -0.14109280 1.29862100 -0.66344960
v -0.14809760 1.31133400 -0.67688530
v -0.15553170 1.32541200 -0.69006910
v -0.16590820 1.34166400 -0.70266570
v -0.18397990 1.36386700 -0.71210410
v -0.21006940 1.35052100 -0.76549000
v -0.19807030 1.33416200 -0.77460290
v -0.18793130 1.31635800 -0.77899730
v -0.18023760 1.29738800 -0.78266810
v -0.17728580 1.27605600 -0.78545620
v -0.17576900 1.25500500 -0.79011450
v -0.17610220 1.23269000 -0.79790290
v -0.17964860 1.21109500 -0.81041260
v -0.19762840 1.19479500 -0.81676210
v -0.22074200 1.18717700 -0.81156620
v -0.19104500 1.34856300 -0.74619440
v -0.17877040 1.12545200 -0.77465100
v -0.16106670 1.27344100 -0.75997270
v -0.20337520 1.36093200 -0.73607410
v -0.14971000 1.30623300 -0.69115400
v -0.17520630 1.18700700 -0.79785630
v -0.16757230 1.26663400 -0.77446060
v -0.19800060 1.34441400 -0.75987410
v -0.17807870 1.30916600 -0.76736310
v -0.17171760 1.34142900 -0.71621920
v -0.27121970 1.16563200 -0.80512210
v -0.16905830 1.22265400 -0.78134790
v -0.21077290 1.35653800 -0.75167530
v -0.20253230 1.37099600 -0.72074700
v -0.20777440 1.18603500 -0.81421840
v -0.14715120 1.29397500 -0.69863700
v -0.14123860 1.28974600 -0.67613080
v -0.17268780 1.21112500 -0.79585610
v -0.16639460 1.24416000 -0.78017220
v -0.18432340 1.19690400 -0.81053010
v -0.12848610 0.52667620 -0.73924550
v -0.12720100 0.53731930 -0.73357090
v -0.14219040 0.63652300 -0.79395580
v -0.15315470 0.79535220 -0.81325750
v -0.16550180 0.64965090 -0.88364190
v -0.23397010 0.58015760 -0.89662060
v -0.15315260 1.06517900 -0.73117180
v -0.24218870 1.11302700 -0.79970470
v -0.17215510 1.28850000 -0.77238330
v -0.15682260 1.31625900 -0.70753100
v -0.26624400 1.14663000 -0.80234810
v -0.26595000 1.13246900 -0.79915950
v -0.24156410 1.13764900 -0.80696930
v -0.13456080 1.25970600 -0.68143120
v -0.18902200 1.16732200 -0.80383750
v -0.15477190 1.23426100 -0.76204070
v -0.15623820 1.25418000 -0.75872710
v -0.14674760 1.26224300 -0.73698900
v -0.13604530 1.23323600 -0.71665010
v -0.14345850 1.23804900 -0.73927990
v -0.13923070 1.25348400 -0.71938250
v -0.13802350 1.21626900 -0.73123730
v -0.14694620 1.21512500 -0.75102450
v -0.13618340 1.25310300 -0.70114160
v -0.14110700 1.19717400 -0.74079600
v -0.16839680 1.19931100 -0.77800480
v -0.10701800 0.52482330 -0.73826200
v -0.12016990 0.65357180 -0.75690050
v -0.18633250 0.82243330 -0.85683300
v -0.11625090 0.76596860 -0.75615470
v -0.14349120 0.99793830 -0.74741800
v -0.18791850 0.71295640 -0.88388080
v -0.22261760 0.60680960 -0.90573160
v -0.19184420 0.57138690 -0.88670140
v -0.19649220 0.59036680 -0.89008120
v -0.20910070 0.59452360 -0.90489810
v -0.18720480 0.60229940 -0.88732930
v -0.20538650 0.57586660 -0.90205520
v -0.13262940 1.12689800 -0.68703310
v -0.13836530 1.09670500 -0.69709300
v -0.24967360 1.08308700 -0.80069310
v -0.12493780 1.18529700 -0.67566400
v -0.14869020 1.29007800 -0.71418600
v -0.16441950 1.31269100 -0.73760310
v -0.17405320 1.32061000 -0.75216470
v -0.18497470 1.33109800 -0.75991300
v -0.16500050 1.29678400 -0.75372580
v -0.15352720 1.28934900 -0.73472270
v -0.24992450 1.15531800 -0.80912740
v -0.22541450 1.15405900 -0.80724650
v -0.27822700 1.11669400 -0.79722160
v -0.28652640 1.13190400 -0.79716630
v -0.21047380 1.12283200 -0.79387670
v -0.25468530 1.12173900 -0.80198150
v -0.22716080 1.12520800 -0.80146320
v -0.25918100 1.10201500 -0.80073860
v -0.20485460 1.15304700 -0.79922360
v -0.22100070 1.11151700 -0.79511640
v -0.13527110 1.27620500 -0.66693880
v -0.13920890 1.27511500 -0.68846810
v -0.15994220 1.21367600 -0.76849190
v -0.13004210 0.56065010 -0.71853350
v -0.13179210 0.54690310 -0.71852180
v -0.10725490 0.62977480 -0.72197900
v -0.13689950 0.58091520 -0.86360530
v -0.24968730 0.97097190 -0.82497870
v -0.13141570 0.93291930 -0.73395490
v -0.23124900 0.59450190 -0.90142650
v -0.23880990 0.61640890 -0.89356390
v -0.12893870 1.21904600 -0.67916530
v -0.13268990 1.22700200 -0.69919950
v -0.12719070 1.13074600 -0.66997660
v -0.13422930 1.06100800 -0.68608490
v -0.27844810 1.08032700 -0.79609890
v -0.14197890 1.27456200 -0.70787270
v -0.15608920 1.30392600 -0.72397530
v -0.16450420 1.32165600 -0.72455560
v -0.17651060 1.33598500 -0.73442140
v -0.15345190 1.27538000 -0.74463430
v -0.14571890 1.27533400 -0.72354400
v -0.23374120 1.09709200 -0.79752480
v -0.28137420 1.09926700 -0.79528460
v -0.09354685 0.56601090 -0.74887890
v -0.11152300 0.67352160 -0.71632340
v -0.10021980 0.60226180 -0.72623080
v -0.12774480 0.54615800 -0.77979280
v -0.14091220 0.55522020 -0.78829340
v -0.22198370 0.87163590 -0.85913610
v -0.23637610 0.91440310 -0.84778480
v -0.10998900 0.85096390 -0.69860110
v -0.12367010 0.89013630 -0.72745270
v -0.26648580 0.95803190 -0.82379910
v -0.25458880 1.01686100 -0.81051400
v -0.12794660 0.93858270 -0.70524290
v -0.15335440 0.57184110 -0.88601060
v -0.17957830 0.58149750 -0.88796360
v -0.22853220 0.63803740 -0.90014400
v -0.22577340 0.71744060 -0.88406600
v -0.21637640 0.70866970 -0.89404000
v -0.22058960 0.76932940 -0.88160420
v -0.12847520 1.23008500 -0.66318310
v -0.12650050 1.20432500 -0.67487110
v -0.13957130 1.17436600 -0.73143780
v -0.13384100 1.21481800 -0.71286990
v -0.13417740 1.19350400 -0.71794890
v -0.12893110 1.11494000 -0.67175380
v -0.13136770 1.09941900 -0.67674530
v -0.13821290 1.12697500 -0.70428810
v -0.12628580 1.14718700 -0.67202240
v -0.13693350 1.14966700 -0.71026300
v -0.12563870 1.16503500 -0.67618140
v -0.26606260 1.08869400 -0.79943190
v -0.26213870 1.06449000 -0.80067720
v -0.20347330 1.10680200 -0.78607470
v -0.11301970 0.71994370 -0.71778590
v -0.10990240 0.64869040 -0.71923120
v -0.15434750 0.57081900 -0.79815770
v -0.11243620 0.53984860 -0.76828250
v -0.13785420 0.56371170 -0.86417840
v -0.15111500 0.56357640 -0.83767580
v -0.14550660 0.55409030 -0.84786120
v -0.23250930 0.81012980 -0.86529980
v -0.24286870 0.86688760 -0.85272340
v -0.25358850 0.91128580 -0.84353840
v -0.25639100 0.94352260 -0.83273380
v -0.25535540 0.93108290 -0.83771330
v -0.10761630 0.84253500 -0.67785700
v -0.10696140 0.83163810 -0.69596810
v -0.11224430 0.86822290 -0.69204250
v -0.10928390 0.78347910 -0.69824250
v -0.26420920 0.98244080 -0.81719830
v -0.26833300 1.00080900 -0.81040870
v -0.27140850 1.02104700 -0.80352310
v -0.24705710 0.99957950 -0.81682990
v -0.12415560 0.98375440 -0.67698260
v -0.12568780 0.96512450 -0.68564960
v -0.12670230 0.99972000 -0.67888090
v -0.12329000 0.94590810 -0.68558940
v -0.12879480 0.95618630 -0.69893000
v -0.12055070 0.92622990 -0.68492950
v -0.16763100 0.57266930 -0.88772880
v -0.15954150 0.58923110 -0.88863030
v -0.17147200 0.59432870 -0.88616210
v -0.14193840 0.56593320 -0.87953580
v -0.14552160 0.60334330 -0.88877560
v -0.15092700 0.62005260 -0.88938990
v -0.21864410 0.65765090 -0.90037290
v -0.22546090 0.73551410 -0.87874620
v -0.21775780 0.74695340 -0.88726050
v -0.21631420 0.72580020 -0.89172640
v -0.18567630 0.73200900 -0.87928270
v -0.20345820 0.73298590 -0.88804940
v -0.19104200 0.75062840 -0.87680600
v -0.20577830 0.75139860 -0.88214350
v -0.17155540 0.77927670 -0.85246300
v -0.19021860 0.78033560 -0.86896760
v -0.19952660 0.76508870 -0.87381780
v -0.23144840 0.67249190 -0.88809490
v -0.23030320 0.69326200 -0.88446590
v -0.20998420 0.63817420 -0.90119280
v -0.19655750 0.62190460 -0.89114690
v -0.22361000 0.62276310 -0.90454440
v -0.20498680 0.61292240 -0.90284510
v -0.19954860 0.60544150 -0.89399610
v -0.13314720 1.08213700 -0.68094970
v -0.13535420 1.11023200 -0.69092600
v -0.13164630 1.14153900 -0.68865560
v -0.14334730 1.15514200 -0.73264020
v -0.13095960 1.15881200 -0.69298150
v -0.12994990 1.18050600 -0.69774650
v -0.27921410 1.06099800 -0.79615380
v -0.19383290 1.12020300 -0.78503160
v -0.19827740 1.13588700 -0.79553050
v -0.18667200 1.13211000 -0.78621820
v -0.11194150 0.54966410 -0.72577080
v -0.10340880 0.53869390 -0.73504350
v -0.09651877 0.55196220 -0.74229190
v -0.10089240 0.53536510 -0.75467340
v -0.10195720 0.55031640 -0.76030880
v -0.11207190 0.71207050 -0.70115470
v -0.11248160 0.69150290 -0.70744030
v -0.11016830 0.65111750 -0.73622190
v -0.11249500 0.65439850 -0.70398900
v -0.10490970 0.62096800 -0.73442610
v -0.11642780 0.61132860 -0.70629680
v -0.12203720 0.59363500 -0.70605430
v -0.12622450 0.57788180 -0.70904460
v -0.10822290 0.60849010 -0.71634440
v -0.15797230 0.55852880 -0.81572330
v -0.11669420 0.55897180 -0.77330240
v -0.11451400 0.57701580 -0.77548220
v -0.13708400 0.57722280 -0.87406450
v -0.14528030 0.58425330 -0.85122230
v -0.22511180 0.82842490 -0.86755280
v -0.22376220 0.79278100 -0.87559450
v -0.22877980 0.78763990 -0.86670080
v -0.21350950 0.88655550 -0.85505540
v -0.24069690 0.89248710 -0.85142590
v -0.18727680 0.85346450 -0.84414620
v -0.19907660 0.86852640 -0.85443650
v -0.23257110 0.85231080 -0.86037850
v -0.20600690 0.90915230 -0.84572820
v -0.10864560 0.80491280 -0.69654120
v -0.11173580 0.84132820 -0.71445680
v -0.11392380 0.81755280 -0.74987550
v -0.11545630 0.83242580 -0.73059970
v -0.11611410 0.84171900 -0.74928130
v -0.11061360 0.81739300 -0.72271490
v -0.11869550 0.85534220 -0.72479580
v -0.11957970 0.88560820 -0.70137660
v -0.11907560 0.90350260 -0.68854110
v -0.12012090 0.86469330 -0.75651570
v -0.11231330 0.73542120 -0.70557310
v -0.23152690 1.01666000 -0.81090370
v -0.23381190 0.98364500 -0.82351160
v -0.13016880 0.97952140 -0.69360130
v -0.13607650 0.99267250 -0.70654040
v -0.13661420 1.01447700 -0.70133470
v -0.13395200 0.95166290 -0.72324760
v -0.14105730 0.98732770 -0.72867690
v -0.14442470 0.58154510 -0.88460230
v -0.13700020 0.59374330 -0.87953670
v -0.13560830 0.59675600 -0.86729830
v -0.13843390 0.60618100 -0.85999460
v -0.22871580 0.65240450 -0.89740720
v -0.15948260 0.73428120 -0.85879680
v -0.17618020 0.74628620 -0.87019660
v -0.22267130 0.67786140 -0.89601430
v -0.20714890 0.62653840 -0.90193600
v -0.18313280 0.63431210 -0.88291040
v -0.16756690 0.62256940 -0.88604240
v -0.13877220 1.07014600 -0.69747850
v -0.14203960 1.14019100 -0.72081280
v -0.27247950 1.04012600 -0.80028040
v -0.15389760 1.11566000 -0.73844560
v -0.17036940 1.09555600 -0.75800910
v -0.19529070 1.09122600 -0.78002650
v -0.09815859 0.57018870 -0.73359880
v -0.11080800 0.57211990 -0.72103040
v -0.10956620 0.68810280 -0.73338510
v -0.11262980 0.69846300 -0.71967540
v -0.11039460 0.63253790 -0.70867500
v -0.11001920 0.58956830 -0.71666530
v -0.15494720 0.59354170 -0.80412870
v -0.15455670 0.58071350 -0.82813040
v -0.15443540 0.59646080 -0.82412790
v -0.15091740 0.61156240 -0.82850620
v -0.15450690 0.60877780 -0.80843750
v -0.13610770 0.58821270 -0.79171270
v -0.14124040 0.60594340 -0.79231680
v -0.14263370 0.56968630 -0.85048740
v -0.24449740 0.95632090 -0.83109680
v -0.22489370 0.96597930 -0.83031180
v -0.20862860 0.94539750 -0.83430830
v -0.11006890 0.81871030 -0.70380280
v -0.10992040 0.79617670 -0.71531340
v -0.11985840 0.87153270 -0.71417130
v -0.21201360 0.98308880 -0.81943280
v -0.22049830 0.99945510 -0.81536580
v -0.12913320 1.02496300 -0.67938420
v -0.13601600 1.03975600 -0.69456020
v -0.12581740 0.91910460 -0.70961930
v -0.12365250 0.90336640 -0.71120780
v -0.14415420 1.01114500 -0.72773400
v -0.14273950 1.02922200 -0.71570730
v -0.13586880 0.97188780 -0.71589760
v -0.13774740 0.96664390 -0.73376350
v -0.21506230 0.80806860 -0.87380820
v -0.20952850 0.78626370 -0.87666690
v -0.17694420 0.77132920 -0.86414090
v -0.19554470 0.63069390 -0.88989580
v -0.18030680 0.61663730 -0.88451000
v -0.16571140 0.63655970 -0.88531080
v -0.14994780 0.64002130 -0.88452450
v -0.14102290 0.62407950 -0.88097500
v -0.13634610 0.61095950 -0.87702430
v -0.14099990 0.64307030 -0.87503660
v -0.14435820 0.63747350 -0.84959510
v -0.14007300 0.64987550 -0.86327130
v -0.14809340 0.62111720 -0.84714710
v -0.13829400 0.62864680 -0.86508130
v -0.14673500 1.07105800 -0.71687520
v -0.14387200 1.05494700 -0.71235210
v -0.14953950 1.04693600 -0.72949150
v -0.14162870 1.08350600 -0.70439960
v -0.25157590 1.02965400 -0.80756280
v -0.24975690 1.04461800 -0.80450720
v -0.16860550 1.11628300 -0.75973740
v -0.15979920 1.09838000 -0.74392750
v -0.14639760 1.12289300 -0.72425950
v -0.14308580 1.11094700 -0.71243150
v -0.15168780 1.08374900 -0.72734970
v -0.16383160 1.07895400 -0.74916600
v -0.18455430 1.10556000 -0.77261050
v -0.17877890 1.08181900 -0.76674720
v -0.17413340 1.06308200 -0.76312050
v -0.19125950 1.07003000 -0.77792540
v -0.20793030 1.07421300 -0.78835010
v -0.21451620 1.09304100 -0.79097140
v -0.11596220 0.72452790 -0.75362600
v -0.10967980 0.66520960 -0.73156500
v -0.10927200 0.63840010 -0.74210830
v -0.15404050 0.62346910 -0.82214060
v -0.22947210 0.94654720 -0.83768770
v -0.17806830 0.93555270 -0.81156580
v -0.13439700 0.95207460 -0.74431630
v -0.13855520 0.97683920 -0.74646740
v -0.19803370 0.80622730 -0.86797380
v -0.18208400 0.83210850 -0.84558110
v -0.16552370 0.60782480 -0.88868850
v -0.14780770 1.09707800 -0.72041860
v -0.15989250 1.05753400 -0.74548360
v -0.19014400 1.02346000 -0.78811660
v -0.12978860 0.68176280 -0.76499800
v -0.11990970 0.68909750 -0.74875750
v -0.14665800 0.61884890 -0.79670350
v -0.19456450 0.93832600 -0.82140830
v -0.18912700 0.87425730 -0.83734660
v -0.13950900 0.96419630 -0.75955630
v -0.17725900 0.80673790 -0.84948870
v -0.17205710 0.79372420 -0.84238910
v -0.16665200 0.78160110 -0.83793720
v -0.16675520 0.76226470 -0.85208390
v -0.15213300 0.71574500 -0.84866080
v -0.14933830 1.03470200 -0.73854530
v -0.15036790 1.02013700 -0.75174160
v -0.20558230 1.04171100 -0.79351020
v -0.16605060 0.98241030 -0.77546050
v -0.11332220 0.74579850 -0.74585020
v -0.12372370 0.66910370 -0.75574730
v -0.13724620 0.65543320 -0.79337960
v -0.13186870 0.69756920 -0.78314070
v -0.13137540 0.66048940 -0.77289560
v -0.13475850 0.67480870 -0.78734280
v -0.14569810 0.66963590 -0.80628480
v -0.12629190 0.70386960 -0.76297420
v -0.13231500 0.74101920 -0.78851700
v -0.13178750 0.71888210 -0.78814650
v -0.11450880 0.70588110 -0.74825170
v -0.11712660 0.62695260 -0.75288750
v -0.13080330 0.63984470 -0.78159940
v -0.17973790 0.85371760 -0.82999750
v -0.20160020 0.92416420 -0.83738430
v -0.17479560 0.91694950 -0.81484180
v -0.18794010 0.91658030 -0.82082770
v -0.19156560 0.89875520 -0.83462590
v -0.15505140 0.76373060 -0.81921610
v -0.17303310 0.71083030 -0.87204740
v -0.20277190 1.05793500 -0.78760640
v -0.18564740 1.05426300 -0.77583130
v -0.18982640 1.04009600 -0.78283960
v -0.20964790 1.02476900 -0.80093110
v -0.15224330 1.00478800 -0.76199110
v -0.16444380 1.00123000 -0.77077490
v -0.18055590 1.00288700 -0.78492690
v -0.11076630 0.71172340 -0.73304430
v -0.13694680 0.70753130 -0.79814850
v -0.15225710 0.63388560 -0.81341960
v -0.14917920 0.65229760 -0.80956510
v -0.14827650 0.67142610 -0.82234980
v -0.14379100 0.65689470 -0.84823310
v -0.14996950 0.65531830 -0.82877850
v -0.14623050 0.67983800 -0.84431780
v -0.14913070 0.69770260 -0.85513390
v -0.14740490 0.66160920 -0.87825200
v -0.15888170 0.66841660 -0.87889770
v -0.15050330 0.68108270 -0.87457740
v -0.10845960 0.61371450 -0.74934270
v -0.12839710 0.60814820 -0.77966330
v -0.20128670 0.96274840 -0.82220100
v -0.17875420 0.83764060 -0.83295780
v -0.18314650 0.88919720 -0.82386860
v -0.19733950 0.89015000 -0.84572620
v -0.16125720 0.75990170 -0.83540040
v -0.16106930 0.77996520 -0.82495170
v -0.14691940 0.77564950 -0.80853560
v -0.15540500 0.74129330 -0.82594810
v -0.14468160 0.74809530 -0.80760710
v -0.15346180 0.72073460 -0.83185260
v -0.14831990 0.70437880 -0.82279660
v -0.14497710 0.70838250 -0.81036030
v -0.15106330 0.69667060 -0.84033360
v -0.14995120 0.68641240 -0.82994690
v -0.15797610 0.74008990 -0.84561890
v -0.17043670 0.73237490 -0.86957440
v -0.15794860 0.71867260 -0.86457290
v -0.17445450 1.04367200 -0.76882560
v -0.17796460 1.02073700 -0.77757310
v -0.14882390 0.98751410 -0.76481750
v -0.15017400 0.96760200 -0.77097010
v -0.19353200 1.00678600 -0.79687790
v -0.19928200 0.99383640 -0.80759040
v -0.20685310 1.00844400 -0.80598680
v -0.19202520 0.97639190 -0.80924650
v -0.13830210 0.72734400 -0.79979930
v -0.14788480 0.72858280 -0.81302700
v -0.18327720 0.65009630 -0.88097610
v -0.20086920 0.64701210 -0.89048410
v -0.19145050 0.68911100 -0.88447730
v -0.17124510 0.68655060 -0.87461010
v -0.12690320 0.72236780 -0.77266740
v -0.12192480 0.74391400 -0.76723440
v -0.11247240 0.76692380 -0.73620580
v -0.12552800 0.62210140 -0.76594020
v -0.13581780 0.61886210 -0.78148360
v -0.11505320 0.61016540 -0.76239960
v -0.10222820 0.59619990 -0.75049890
v -0.09909294 0.58726810 -0.73160370
v -0.09501636 0.58027340 -0.74721940
v -0.11085760 0.59942380 -0.76568850
v -0.10284470 0.58471810 -0.76355190
v -0.12051790 0.59445920 -0.77819270
v -0.12485070 0.76584090 -0.77669210
v -0.13642620 0.76554750 -0.79614630
v -0.11903160 0.78535060 -0.76627850
v -0.12834260 0.78915640 -0.78509670
v -0.13920390 0.78946340 -0.79987790
v -0.11204850 0.78841770 -0.73249310
v -0.11691850 0.80085490 -0.76237680
v -0.13976500 0.68880220 -0.79838840
v -0.14588380 0.68592630 -0.80959710
v -0.15580090 0.69752630 -0.87065990
v -0.16187210 1.03977800 -0.75801490
v -0.16371800 1.02161100 -0.76648760
v -0.16067310 0.95944300 -0.77643530
v -0.18367090 0.98757540 -0.79357620
v -0.17660940 0.96863140 -0.79159300
v -0.18359010 0.95758470 -0.80839500
v -0.19720620 0.66475670 -0.88683640
v -0.14404670 0.80470720 -0.80432220
v -0.11375570 0.78195740 -0.74893830
v -0.17086540 0.94934970 -0.79116200
v -0.11992260 0.83357160 -0.76480220
v -0.12134110 0.81826590 -0.77061100
v -0.14062430 0.82679520 -0.79821680
v -0.13463460 0.81114130 -0.79322420
v -0.12782720 0.82988620 -0.78187670
v -0.15185400 0.83588320 -0.80982740
v -0.16539210 0.82602670 -0.82391120
v -0.14418210 0.84692340 -0.79679780
v -0.16455300 0.84084930 -0.82172200
v -0.15272790 0.81742280 -0.81230780
v -0.16500060 0.80304150 -0.82461660
v -0.17490370 0.81688410 -0.83416680
v -0.16743690 1.18295200 -0.77530770
v -0.17369310 1.16324900 -0.78835390
v -0.14915570 1.16643200 -0.74827350
v -0.18700700 1.14727800 -0.79454490
v -0.15019840 1.18139400 -0.75341190
v -0.15557620 1.14944400 -0.75348750
v -0.17163580 1.14197100 -0.77462060
v -0.16248310 1.13111600 -0.75693360
v -0.15031840 1.13546900 -0.73901210
v -0.22737720 1.07503000 -0.79677160
v -0.21719660 1.06025800 -0.79441530
v -0.24334550 1.06237100 -0.80147370
v -0.12985390 1.20405200 -0.69492100
v -0.19592770 0.84339500 -0.85915730
v -0.20474870 0.82536970 -0.86736240
v -0.21231160 0.84941940 -0.86333230
v -0.12474680 0.89979760 -0.74959540
v -0.13213240 0.91077460 -0.76808540
v -0.13694950 0.93087520 -0.76837820
v -0.13368350 0.94166530 -0.75508450
v -0.12975380 0.92190050 -0.75252870
v -0.12760910 0.91197450 -0.73224780
v -0.16755910 0.92644300 -0.79595020
v -0.15240090 0.91980810 -0.77930190
v -0.14228780 0.90017250 -0.77567030
v -0.22969470 1.03654800 -0.80429330
v -0.22877250 1.05368600 -0.80004250
v -0.17650760 0.86948930 -0.82389530
v -0.11336510 0.74423270 -0.72624150
v -0.12872660 0.86868080 -0.77528240
v -0.14281530 0.88264110 -0.78154610
v -0.12389070 0.84743950 -0.77214260
v -0.15755370 0.88099680 -0.80348570
v -0.14619320 0.86505890 -0.79292850
v -0.15566170 0.85672590 -0.81014360
v -0.16564630 0.90047860 -0.80591370
v -0.17378330 0.90222740 -0.81822130
v -0.16590940 0.88309760 -0.81610870
v -0.15643010 0.90001740 -0.79140080
v -0.16429450 0.91206370 -0.79728370
v -0.12510650 0.88687110 -0.76528870
v -0.12190760 0.87881620 -0.74189520
v -0.15604690 0.93771930 -0.77766480
v -0.14259090 0.94745460 -0.76959420
v -0.29358290 1.18189500 -0.78536600
v -0.23809870 1.13586000 -0.48640260
v -0.20883680 1.14285200 -0.47965760
v -0.25368520 1.16118200 -0.48459400
v -0.35977360 1.12715200 -0.56487700
v -0.32275290 1.14045800 -0.50601290
v -0.11685160 1.29562400 -0.56496500
v -0.12737520 1.16876900 -0.50257950
v -0.17670420 1.12373800 -0.47638400
v -0.18388990 1.12749000 -0.47033200
v -0.11694970 1.18449100 -0.51159660
v -0.17145490 1.11509100 -0.48827830
v -0.18718800 1.35536600 -0.72718340
v -0.21183630 1.17402900 -0.80683840
v -0.21737130 1.13750900 -0.80180570
v -0.19949440 1.18598300 -0.81352760
v -0.23668070 1.16994100 -0.81008650
v -0.24234740 1.18047300 -0.81322910
v -0.26752040 1.17749300 -0.80640100
v -0.19445680 1.18143000 -0.81071240
v -0.16301790 1.16395000 -0.76672080
v -0.23276710 0.65976580 -0.87699150
v -0.34376540 0.58826980 -0.81368670
v -0.25425730 1.36666000 -0.73448420
v -0.38155720 0.58457130 -0.77008180
v -0.32253630 0.66869780 -0.83696560
v -0.39865070 0.64756910 -0.72285080
v -0.40664700 0.61870560 -0.71501960
v -0.37080870 0.70732400 -0.65447270
v -0.27116070 0.86143840 -0.83891050
v -0.35064770 1.07004700 -0.72690820
v -0.26614240 0.74519260 -0.85201930
v -0.37142440 0.91458310 -0.71208030
v -0.36434730 0.98958670 -0.71403530
v -0.32783720 0.82803450 -0.80217840
v -0.31589900 0.75549810 -0.82726760
v -0.33594720 0.97249290 -0.76820950
v -0.32671870 0.91268340 -0.78825190
v -0.31023250 0.73236330 -0.83586890
v -0.36733150 0.82936670 -0.72345360
v -0.36359540 0.61922870 -0.57670070
v -0.34188180 0.68782820 -0.50106480
v -0.37744920 0.71395980 -0.62200970
v -0.38388140 0.88468900 -0.60772270
v -0.29762330 0.70036040 -0.50237910
v -0.34585000 0.90828370 -0.54374380
v -0.31345740 0.71455550 -0.50165360
v -0.26123590 0.78348020 -0.48429740
v -0.11596240 1.26662400 -0.59184660
v -0.10104320 1.19817200 -0.54412390
v -0.13124070 1.24476000 -0.66458530
v -0.13167900 1.07515700 -0.51890100
v -0.11748490 1.23910500 -0.61619810
v -0.18650330 0.81813140 -0.46667310
v -0.11914100 0.60573580 -0.67900510
v -0.15429280 0.50209960 -0.61277890
v -0.16013510 0.49407370 -0.60265570
v -0.12418720 0.59488640 -0.65635030
v -0.11273160 0.88273280 -0.67825930
v -0.17157910 0.95647100 -0.48511010
v -0.19982740 1.00721900 -0.48416040
v -0.07758854 0.79705270 -0.62296280
v -0.16507740 0.58192530 -0.50693650
v -0.12256870 0.58146120 -0.58082570
v -0.12069080 0.61326690 -0.53376820
v -0.09191692 0.76175600 -0.65366850
v -0.10892040 0.96013060 -0.55007730
v -0.10356080 0.93758770 -0.56675380
v -0.09981907 0.92995000 -0.59651290
v -0.08135034 0.75912400 -0.60362900
v -0.08763686 0.74760480 -0.58347630
v -0.08283725 0.81679300 -0.60840530
v -0.09412744 0.82140150 -0.59105810
v -0.15394570 0.76632630 -0.48676930
v -0.23703220 0.83000720 -0.85599150
v -0.15610600 1.19773500 -0.76284850
v -0.22155090 0.58369370 -0.90458440
v -0.13258620 1.23995500 -0.68460120
v -0.13247180 0.56758510 -0.78563190
v -0.15464940 0.55000340 -0.79450120
v -0.22194630 0.90765680 -0.85039390
v -0.22053530 0.93048150 -0.84331880
v -0.15092980 0.63649540 -0.83600750
v -0.16659590 0.75076810 -0.86115890
v -0.14584830 0.67951360 -0.86357930
v -0.17968680 0.66484120 -0.87867570
v -0.21114780 0.67075070 -0.89643910
v -0.10119360 0.57041940 -0.76153770
v -0.12454240 0.80684600 -0.77790310
v -0.13563460 0.84910000 -0.78835140
v -0.25488970 0.59202030 -0.84521200
v -0.37893010 0.77811710 -0.68855360
v -0.39113550 0.63647100 -0.76052300
v -0.38848210 0.68987180 -0.70504230
v -0.32911590 1.04713500 -0.75927690
v -0.32799940 1.10681600 -0.75916280
v -0.33198960 1.02391100 -0.76056610
v -0.25661370 0.62800460 -0.84364360
v -0.36052990 0.98102450 -0.72204010
v -0.36537940 1.13982900 -0.73204840
v -0.30245240 0.82276570 -0.82223950
v -0.37052110 0.82530220 -0.70773290
v -0.38903640 0.59223910 -0.61095470
v -0.37815820 0.61232380 -0.52970050
v -0.25002870 0.65259260 -0.48359490
v -0.36640460 0.74563410 -0.58016740
v -0.31863620 0.66462750 -0.50360460
v -0.37757080 0.81947240 -0.61835050
v -0.35723290 0.73929630 -0.53820270
v -0.11476400 1.21042300 -0.62124370
v -0.12307360 1.25619300 -0.63022730
v -0.10541720 0.99582610 -0.61593840
v -0.17303230 0.54383130 -0.50837220
v -0.16151190 0.51281010 -0.56056440
v -0.10245470 0.97725920 -0.60915420
v -0.16870090 0.61325360 -0.49195770
v -0.12852220 0.76338650 -0.49791790
v -0.12156020 0.67917300 -0.51575850
v -0.11404920 0.66299510 -0.52474580
v -0.13548730 0.74678760 -0.49322470
v -0.09685508 0.84678340 -0.56893110
v -0.09831847 0.84211410 -0.57913890
v -0.25505790 1.17039700 -0.80836300
v -0.28250420 1.15110700 -0.79992770
v -0.20321920 0.70836840 -0.89031610
v -0.13490100 1.17044500 -0.71472270
v -0.22540530 0.76278120 -0.86990450
v -0.21809030 0.69217720 -0.89581550
v -0.20391160 0.69092200 -0.88821710
v -0.11578280 0.66698750 -0.74386680
v -0.16290000 0.86435220 -0.81723280
v -0.11151380 0.75656620 -0.70942010
v -0.11148930 0.72831990 -0.73503250
v -0.17984400 0.79672720 -0.85853160
v -0.14945760 0.60330150 -0.84371700
v -0.12002280 0.64000570 -0.76176880
v -0.14201190 0.66762260 -0.86087520
v -0.11174630 0.77172590 -0.71956320
v -0.11259660 0.80214590 -0.74419900
v -0.08031629 0.74294270 -0.62085190
f 26 27 142
f 29 105 28
f 142 27 28
f 142 25 26
f 38 39 129
f 164 134 163
f 135 164 23
f 126 35 36
f 44 45 116
f 191 21 22
f 36 37 125
f 19 238 239
f 210 211 255
f 40 120 39
f 30 2372 105
f 19 239 18
f 2372 113 106
f 105 29 30
f 111 104 154
f 353 18 239
f 34 35 122
f 589 91 586
f 81 82 83
f 585 587 112
f 288 192 286
f 75 103 199
f 294 269 17
f 93 94 204
f 10 533 229
f 277 11 12
f 587 145 112
f 15 267 14
f 49 169 736
f 87 118 2305
f 5 231 4
f 81 83 111
f 189 2 2405
f 1862 163 22
f 31 32 113
f 189 188 2
f 231 284 4
f 150 166 105
f 96 160 95
f 206 209 208
f 172 91 92
f 123 118 88
f 109 44 116
f 2305 108 86
f 111 154 114
f 84 104 83
f 79 80 114
f 117 174 113
f 584 127 588
f 75 76 103
f 91 172 586
f 235 161 190
f 155 120 40
f 125 37 38
f 582 128 153
f 118 123 124
f 43 44 109
f 124 123 127
f 121 109 128
f 123 89 127
f 45 46 110
f 58 220 219
f 110 100 116
f 46 139 110
f 177 178 99
f 151 33 34
f 585 78 583
f 47 101 46
f 117 33 151
f 196 50 51
f 33 117 32
f 242 55 300
f 119 155 41
f 42 121 119
f 221 218 220
f 122 175 151
f 53 194 240
f 110 116 45
f 240 2310 816
f 114 584 583
f 127 89 90
f 86 108 85
f 139 46 101
f 41 42 119
f 118 124 154
f 74 75 198
f 199 750 198
f 112 77 78
f 79 583 78
f 108 104 84
f 109 121 43
f 104 111 83
f 2305 86 87
f 118 87 88
f 81 111 80
f 117 113 32
f 123 88 89
f 108 84 85
f 114 583 79
f 119 121 128
f 126 122 35
f 588 586 587
f 66 67 230
f 121 42 43
f 114 154 124
f 30 31 2372
f 104 108 2305
f 118 154 2305
f 750 140 73
f 100 177 181
f 71 252 70
f 111 114 80
f 461 136 352
f 280 230 278
f 223 852 270
f 125 126 36
f 155 40 41
f 175 122 126
f 129 125 38
f 405 183 404
f 130 129 120
f 115 130 405
f 120 2306 130
f 115 212 2304
f 322 318 319
f 227 532 410
f 230 342 65
f 161 189 190
f 135 165 164
f 245 52 921
f 698 169 48
f 100 110 139
f 100 139 138
f 138 139 48
f 148 143 145
f 171 72 73
f 147 246 102
f 205 92 93
f 148 144 143
f 166 142 105
f 135 25 142
f 23 24 135
f 145 143 77
f 145 149 148
f 144 103 143
f 143 76 77
f 103 102 199
f 112 145 77
f 144 147 102
f 146 173 304
f 149 145 587
f 149 146 148
f 586 149 587
f 144 148 304
f 166 150 97
f 237 150 106
f 113 2372 31
f 460 2307 107
f 151 175 176
f 151 34 122
f 109 152 128
f 128 152 153
f 109 116 181
f 153 152 99
f 99 152 177
f 152 109 181
f 99 178 2309
f 589 127 90
f 2306 120 155
f 419 411 420
f 270 271 328
f 363 496 534
f 282 395 446
f 345 235 285
f 208 141 206
f 188 233 160
f 21 191 2303
f 164 163 1862
f 163 134 192
f 23 164 1862
f 166 165 135
f 346 165 97
f 134 164 165
f 165 166 97
f 142 166 135
f 350 238 351
f 416 415 411
f 261 215 216
f 215 261 2308
f 298 299 2373
f 301 433 2373
f 214 179 2309
f 2309 178 213
f 137 177 138
f 48 169 138
f 72 71 864
f 253 201 251
f 203 95 483
f 172 92 205
f 146 205 173
f 172 205 146
f 205 204 173
f 249 173 206
f 106 113 174
f 150 2372 106
f 151 174 117
f 176 254 174
f 175 210 176
f 311 310 210
f 169 137 138
f 178 177 137
f 256 261 216
f 178 137 213
f 2309 179 180
f 214 2309 213
f 49 213 137
f 185 2374 182
f 183 582 184
f 152 181 177
f 180 184 153
f 582 153 184
f 115 405 457
f 184 180 185
f 182 183 184
f 2308 261 314
f 184 185 182
f 314 2374 185
f 318 320 277
f 353 239 293
f 411 415 431
f 370 273 334
f 7 8 228
f 282 446 2377
f 435 591 434
f 533 11 277
f 278 67 68
f 281 342 230
f 308 307 302
f 342 281 374
f 133 233 235
f 483 95 160
f 1 2 2282
f 188 161 233
f 483 484 450
f 209 204 203
f 190 189 234
f 188 189 161
f 284 190 234
f 193 162 236
f 163 191 22
f 346 237 2379
f 238 20 351
f 293 239 350
f 265 57 218
f 197 51 52
f 921 2310 245
f 197 52 168
f 168 52 245
f 196 213 50
f 199 198 75
f 144 102 103
f 140 199 102
f 249 304 173
f 403 356 306
f 70 305 69
f 140 171 73
f 202 72 171
f 171 247 251
f 252 202 201
f 203 204 94
f 95 203 94
f 173 204 206
f 205 93 204
f 208 209 207
f 483 160 484
f 307 309 302
f 204 209 206
f 483 209 203
f 349 254 310
f 286 192 134
f 254 176 310
f 151 176 174
f 211 126 212
f 255 107 311
f 211 175 126
f 211 312 255
f 357 212 115
f 125 2304 126
f 312 211 212
f 50 213 49
f 214 213 196
f 214 196 215
f 215 197 168
f 297 259 258
f 258 259 257
f 216 215 168
f 217 168 245
f 217 194 258
f 257 464 256
f 168 217 2375
f 185 180 179
f 153 99 180
f 2309 180 99
f 100 138 177
f 116 100 181
f 185 179 2308
f 262 58 59
f 263 59 60
f 243 355 242
f 262 220 58
f 262 361 468
f 57 219 218
f 218 219 220
f 508 517 506
f 266 355 243
f 409 221 220
f 368 15 16
f 186 2311 267
f 271 955 62
f 273 62 63
f 329 272 328
f 224 333 61
f 263 361 262
f 592 226 6
f 592 6 225
f 7 225 6
f 226 337 283
f 282 231 232
f 6 226 274
f 228 8 187
f 187 8 227
f 187 276 228
f 228 225 7
f 229 9 1885
f 227 8 9
f 10 11 533
f 227 229 532
f 9 229 227
f 230 67 278
f 279 68 69
f 281 280 159
f 369 335 342
f 232 231 5
f 454 399 480
f 160 96 188
f 235 233 161
f 484 233 133
f 189 3 234
f 285 190 284
f 235 190 285
f 193 236 20
f 191 192 193
f 163 192 191
f 150 237 97
f 237 106 348
f 239 238 350
f 236 351 20
f 293 350 167
f 294 18 353
f 326 269 325
f 245 240 217
f 295 53 241
f 299 54 55
f 241 195 295
f 241 54 299
f 299 242 2373
f 57 265 56
f 221 244 266
f 196 51 197
f 240 245 2310
f 304 250 147
f 246 200 247
f 102 246 140
f 170 247 200
f 171 251 202
f 140 247 171
f 246 247 140
f 200 248 170
f 200 246 147
f 309 141 208
f 248 200 250
f 304 147 144
f 250 249 141
f 247 170 251
f 253 251 170
f 141 249 206
f 202 252 71
f 356 252 201
f 356 305 252
f 338 339 279
f 201 202 251
f 254 106 174
f 106 254 348
f 211 210 175
f 257 256 2375
f 2375 256 216
f 464 260 256
f 258 257 2375
f 464 257 359
f 297 258 194
f 260 98 314
f 179 214 2308
f 263 262 59
f 264 263 60
f 361 263 264
f 60 333 264
f 315 361 264
f 316 361 317
f 266 265 218
f 300 56 243
f 221 266 218
f 266 244 355
f 13 14 2311
f 319 186 323
f 368 267 15
f 268 222 16
f 268 17 269
f 16 222 368
f 222 268 269
f 271 270 955
f 223 270 328
f 273 271 62
f 330 332 377
f 329 328 271
f 329 331 272
f 334 63 64
f 64 65 335
f 369 336 370
f 275 226 283
f 226 275 274
f 5 275 232
f 337 226 592
f 276 434 228
f 227 410 187
f 499 187 410
f 410 470 499
f 568 131 2380
f 187 499 276
f 435 434 2318
f 277 531 533
f 279 278 68
f 305 279 69
f 338 279 305
f 339 280 278
f 371 340 159
f 230 65 66
f 335 65 342
f 373 281 159
f 281 373 374
f 283 282 232
f 283 343 282
f 231 282 2377
f 283 232 275
f 392 395 343
f 4 284 234
f 284 2377 285
f 446 344 399
f 134 165 346
f 346 97 237
f 134 346 286
f 288 347 287
f 347 286 2379
f 288 287 292
f 351 290 289
f 162 292 290
f 292 162 288
f 192 288 162
f 292 291 290
f 291 352 289
f 291 289 290
f 167 289 352
f 417 293 2313
f 269 294 325
f 194 53 295
f 298 296 195
f 354 474 512
f 297 194 295
f 298 433 296
f 299 298 195
f 242 299 55
f 265 243 56
f 242 300 243
f 425 354 296
f 309 208 303
f 450 485 453
f 208 207 303
f 250 141 248
f 250 304 249
f 252 305 70
f 201 253 306
f 308 403 306
f 307 306 253
f 306 307 308
f 302 309 303
f 447 302 303
f 403 308 481
f 248 309 307
f 309 248 141
f 170 248 307
f 310 176 210
f 311 107 578
f 310 311 563
f 255 311 210
f 512 259 354
f 256 260 261
f 2308 314 185
f 260 314 261
f 315 391 317
f 264 333 360
f 361 315 317
f 318 277 12
f 318 322 320
f 12 13 318
f 2311 318 13
f 267 2311 14
f 318 2311 319
f 366 545 323
f 502 321 364
f 321 320 322
f 364 321 322
f 321 157 365
f 323 322 319
f 324 323 186
f 186 267 367
f 2313 412 417
f 269 326 222
f 411 327 326
f 590 328 272
f 273 329 271
f 330 329 273
f 330 370 332
f 377 375 376
f 378 379 331
f 330 331 329
f 377 332 375
f 360 224 593
f 333 224 360
f 335 334 64
f 374 398 336
f 273 370 330
f 338 305 356
f 339 338 371
f 278 279 339
f 230 280 281
f 481 372 403
f 302 482 308
f 341 397 398
f 282 343 395
f 340 441 439
f 284 231 2377
f 401 2377 446
f 441 442 455
f 456 451 345
f 286 346 2379
f 402 348 349
f 348 254 349
f 563 349 310
f 289 167 350
f 290 351 236
f 350 351 289
f 519 520 575
f 414 352 136
f 414 167 352
f 353 293 417
f 294 353 325
f 195 297 295
f 297 296 354
f 242 355 2373
f 266 243 265
f 503 355 244
f 2373 355 301
f 306 356 201
f 338 356 403
f 400 449 447
f 481 442 372
f 357 312 212
f 98 260 462
f 255 312 406
f 466 464 465
f 465 359 530
f 259 359 257
f 360 388 315
f 264 360 315
f 316 409 468
f 384 385 382
f 388 391 315
f 323 364 322
f 366 430 545
f 368 367 267
f 327 368 222
f 367 324 186
f 367 327 419
f 368 327 367
f 326 327 222
f 424 418 2316
f 334 335 369
f 369 370 334
f 332 370 336
f 371 159 280
f 439 159 340
f 339 371 280
f 403 372 371
f 340 371 372
f 439 373 159
f 374 373 341
f 398 374 341
f 342 374 369
f 373 439 341
f 375 445 376
f 336 375 332
f 478 568 386
f 379 380 158
f 331 377 378
f 379 378 380
f 388 360 593
f 590 272 158
f 379 272 331
f 382 158 384
f 384 158 380
f 388 387 391
f 380 381 384
f 542 499 470
f 387 385 2314
f 394 393 438
f 593 158 382
f 378 383 2315
f 438 376 445
f 477 492 436
f 382 385 387
f 131 568 541
f 568 2380 386
f 437 386 383
f 2315 383 386
f 378 377 383
f 377 376 383
f 2380 2315 386
f 378 2315 380
f 2314 385 436
f 382 387 388
f 436 385 477
f 2314 391 387
f 317 391 390
f 2376 479 392
f 395 2312 344
f 2376 392 343
f 337 2376 283
f 394 445 396
f 393 437 438
f 2312 392 394
f 393 394 392
f 396 2312 394
f 344 2312 132
f 446 395 344
f 132 2312 396
f 398 396 445
f 396 398 397
f 443 444 132
f 447 303 448
f 345 285 401
f 2381 453 451
f 448 450 453
f 235 345 133
f 133 345 451
f 286 347 288
f 402 347 2379
f 348 2379 237
f 359 259 512
f 354 259 297
f 549 508 507
f 338 403 371
f 2306 405 130
f 358 407 457
f 182 404 183
f 183 405 2306
f 457 405 404
f 406 107 255
f 107 406 460
f 312 407 406
f 407 358 489
f 357 407 312
f 313 467 528
f 2374 490 488
f 464 359 465
f 363 534 156
f 363 156 316
f 537 409 156
f 468 409 220
f 156 409 316
f 321 365 320
f 320 365 531
f 531 277 320
f 470 410 469
f 323 324 366
f 167 414 2313
f 2313 414 413
f 412 2313 413
f 428 412 413
f 416 412 415
f 416 411 326
f 415 412 428
f 325 416 326
f 419 420 2382
f 411 419 327
f 367 419 324
f 420 424 421
f 427 426 431
f 433 301 504
f 476 2320 518
f 432 429 426
f 546 418 509
f 421 430 366
f 425 422 474
f 431 415 427
f 476 413 414
f 415 428 427
f 555 557 516
f 430 421 2316
f 548 473 430
f 565 538 566
f 355 503 301
f 507 506 505
f 513 474 517
f 518 413 476
f 426 418 424
f 510 554 509
f 431 426 424
f 558 432 423
f 429 418 426
f 433 425 296
f 425 433 511
f 374 336 369
f 375 336 398
f 479 478 437
f 479 437 393
f 2318 434 276
f 568 435 541
f 478 435 568
f 436 492 493
f 2314 436 389
f 438 437 383
f 376 438 383
f 394 438 445
f 443 439 441
f 442 441 340
f 456 399 454
f 340 372 442
f 441 440 443
f 308 482 481
f 455 442 486
f 443 440 444
f 440 452 454
f 132 397 443
f 341 443 397
f 454 444 440
f 132 444 480
f 398 445 375
f 401 446 399
f 448 303 207
f 400 486 449
f 448 207 450
f 400 447 448
f 447 449 482
f 450 207 483
f 450 484 485
f 452 2381 456
f 133 451 485
f 456 454 452
f 453 400 448
f 455 452 440
f 2381 452 486
f 485 451 453
f 400 453 2381
f 454 480 444
f 441 455 440
f 486 442 449
f 345 401 456
f 457 357 115
f 357 457 407
f 488 457 404
f 182 488 404
f 523 458 313
f 526 291 487
f 573 461 526
f 459 579 2307
f 581 576 577
f 291 461 352
f 98 408 490
f 462 260 464
f 408 98 462
f 408 463 490
f 457 488 358
f 458 489 313
f 408 466 467
f 462 464 466
f 466 465 529
f 462 466 408
f 408 467 463
f 262 468 220
f 316 468 361
f 469 365 2319
f 472 470 2319
f 531 365 469
f 469 2319 470
f 276 499 2318
f 477 131 498
f 472 542 470
f 471 492 498
f 544 493 494
f 472 471 542
f 501 430 473
f 502 545 501
f 156 534 536
f 474 422 517
f 524 528 525
f 425 474 354
f 461 573 559
f 136 476 414
f 559 2320 476
f 131 477 381
f 437 478 386
f 392 479 393
f 478 591 435
f 443 341 439
f 399 344 480
f 132 480 344
f 449 442 481
f 447 482 302
f 481 482 449
f 209 483 207
f 233 484 160
f 484 133 485
f 2381 486 400
f 455 486 452
f 2374 488 182
f 490 2374 98
f 292 487 291
f 347 402 562
f 287 487 292
f 576 526 487
f 358 488 490
f 467 313 463
f 523 528 524
f 406 407 489
f 463 489 358
f 490 463 358
f 529 465 491
f 530 512 513
f 557 525 529
f 469 532 531
f 531 532 533
f 498 492 477
f 492 471 494
f 472 495 494
f 493 492 494
f 472 494 471
f 495 157 543
f 493 362 389
f 497 389 362
f 389 436 493
f 362 564 496
f 389 497 390
f 496 363 497
f 363 390 497
f 542 498 541
f 541 2318 542
f 501 545 430
f 502 501 500
f 569 538 565
f 544 494 495
f 500 543 502
f 321 502 157
f 364 323 545
f 503 567 504
f 244 221 2383
f 505 504 567
f 433 504 511
f 503 504 301
f 507 508 506
f 422 425 511
f 505 506 511
f 549 510 508
f 549 507 550
f 418 429 509
f 515 594 522
f 522 429 558
f 511 504 505
f 511 506 422
f 359 512 530
f 513 512 474
f 514 513 475
f 513 516 530
f 514 515 571
f 555 516 514
f 594 510 522
f 491 530 516
f 514 516 513
f 513 517 475
f 506 517 422
f 517 508 475
f 2317 427 518
f 574 573 580
f 427 428 518
f 413 518 428
f 520 2317 2320
f 518 2320 2317
f 570 556 572
f 520 423 2317
f 520 519 423
f 519 521 423
f 429 432 558
f 571 555 514
f 521 558 423
f 558 515 522
f 556 521 519
f 521 571 558
f 559 574 2320
f 523 459 460
f 524 560 561
f 458 523 460
f 313 528 523
f 570 557 555
f 525 570 560
f 291 526 461
f 581 526 576
f 402 349 527
f 578 577 527
f 529 528 467
f 525 528 529
f 529 467 466
f 529 491 557
f 465 530 491
f 410 532 469
f 229 533 532
f 535 496 564
f 534 496 535
f 552 553 547
f 540 507 505
f 535 551 534
f 362 493 539
f 535 564 565
f 552 547 554
f 2321 536 551
f 534 551 536
f 409 537 221
f 536 2321 537
f 156 536 537
f 2321 2383 537
f 501 538 500
f 473 538 501
f 566 553 565
f 540 505 567
f 544 539 493
f 566 538 473
f 541 498 131
f 471 498 542
f 502 543 157
f 569 543 500
f 500 538 569
f 364 545 502
f 547 566 473
f 418 546 548
f 547 548 546
f 550 507 540
f 510 549 554
f 549 550 552
f 553 551 535
f 565 553 535
f 551 552 550
f 547 553 566
f 552 551 553
f 546 554 547
f 552 554 549
f 546 509 554
f 509 429 522
f 509 522 510
f 555 571 556
f 570 572 560
f 521 556 571
f 556 519 572
f 516 557 491
f 515 558 571
f 561 560 572
f 524 525 560
f 575 561 572
f 523 524 459
f 562 287 347
f 487 562 576
f 287 562 487
f 527 562 402
f 577 562 527
f 577 579 581
f 362 496 497
f 539 564 362
f 539 565 564
f 565 539 569
f 244 567 503
f 2383 567 244
f 537 2383 221
f 2321 540 2383
f 550 540 2321
f 2318 541 435
f 544 495 543
f 544 569 539
f 543 569 544
f 548 547 473
f 557 570 525
f 556 570 555
f 519 575 572
f 581 580 573
f 580 575 574
f 520 574 575
f 559 573 574
f 559 136 461
f 476 136 559
f 580 561 575
f 577 576 562
f 527 563 578
f 578 563 311
f 580 579 459
f 526 581 573
f 577 578 579
f 561 580 459
f 580 581 579
f 582 2306 119
f 585 112 78
f 124 584 114
f 127 584 124
f 583 584 585
f 149 586 172
f 588 587 585
f 584 588 585
f 589 588 127
f 91 589 90
f 588 589 586
f 593 590 158
f 328 590 223
f 225 434 591
f 592 591 2378
f 434 225 228
f 388 593 382
f 594 475 508
f 514 475 515
f 475 594 515
f 510 594 508
f 688 632 631
f 722 623 622
f 49 812 50
f 625 727 728
f 682 689 687
f 1109 669 699
f 240 816 53
f 786 785 772
f 638 2384 101
f 722 683 623
f 637 636 671
f 60 59 2325
f 686 628 2385
f 682 631 630
f 687 677 682
f 684 2385 627
f 736 169 698
f 674 649 648
f 2389 888 57
f 727 624 683
f 2325 59 887
f 59 58 887
f 56 2389 57
f 724 664 787
f 637 2384 638
f 874 878 731
f 744 641 640
f 61 850 852
f 726 727 683
f 62 955 849
f 685 671 636
f 673 667 699
f 676 663 645
f 68 67 855
f 672 700 673
f 1097 738 739
f 667 702 705
f 714 620 619
f 803 909 910
f 644 669 676
f 639 74 661
f 751 749 750
f 674 668 729
f 74 198 661
f 704 654 703
f 639 661 711
f 671 685 660
f 683 752 726
f 730 762 2385
f 642 673 643
f 629 686 689
f 681 680 633
f 668 647 663
f 674 647 668
f 645 663 646
f 644 676 645
f 795 688 677
f 676 729 668
f 730 2385 684
f 708 662 709
f 699 669 643
f 626 625 728
f 1109 1108 675
f 686 629 628
f 684 627 626
f 682 688 631
f 681 688 795
f 624 727 625
f 621 679 723
f 624 623 683
f 607 885 608
f 621 723 622
f 682 677 688
f 716 679 714
f 762 760 687
f 714 618 617
f 715 714 617
f 681 632 688
f 628 627 2385
f 714 619 618
f 682 630 689
f 757 835 795
f 729 676 669
f 723 679 716
f 677 760 757
f 674 729 675
f 620 679 621
f 728 684 626
f 701 702 700
f 658 809 659
f 673 642 672
f 47 638 101
f 733 891 954
f 806 808 805
f 637 671 2384
f 811 809 2283
f 707 655 704
f 632 681 633
f 660 697 671
f 672 642 641
f 674 675 650
f 652 1108 705
f 674 650 649
f 648 647 674
f 714 679 620
f 675 651 650
f 687 689 686
f 705 702 653
f 1091 1041 989
f 676 668 663
f 717 725 724
f 943 873 872
f 633 680 634
f 805 597 596
f 1108 651 675
f 878 925 930
f 744 745 708
f 598 960 952
f 960 987 800
f 644 643 669
f 891 845 847
f 685 636 635
f 665 837 743
f 629 689 630
f 635 634 680
f 911 804 909
f 737 657 656
f 72 815 73
f 1109 699 667
f 817 2386 1048
f 773 1105 774
f 660 693 698
f 697 660 698
f 698 693 736
f 139 101 48
f 2384 671 697
f 48 697 698
f 729 669 1109
f 667 705 1109
f 700 666 701
f 667 700 702
f 673 700 667
f 666 700 672
f 709 706 701
f 704 655 654
f 701 666 709
f 703 702 701
f 653 702 703
f 703 701 704
f 653 703 654
f 706 704 701
f 704 706 707
f 652 705 653
f 706 709 662
f 656 655 707
f 748 858 747
f 707 706 713
f 745 744 640
f 662 713 706
f 712 813 710
f 863 859 861
f 744 666 672
f 709 666 708
f 711 640 639
f 749 711 661
f 708 747 662
f 198 750 661
f 751 750 73
f 694 746 749
f 1092 735 1093
f 858 713 662
f 738 713 712
f 715 617 616
f 716 714 715
f 615 715 616
f 720 725 717
f 719 723 718
f 752 670 726
f 719 718 717
f 720 718 753
f 719 717 670
f 717 724 670
f 787 781 724
f 721 715 615
f 755 740 754
f 723 722 622
f 722 719 752
f 723 716 718
f 722 723 719
f 696 725 720
f 664 724 725
f 718 720 717
f 754 696 720
f 727 726 678
f 728 727 678
f 675 729 1109
f 681 834 680
f 680 834 665
f 684 728 869
f 840 605 838
f 1011 1010 973
f 55 890 300
f 601 847 602
f 854 805 808
f 1068 989 1090
f 804 64 63
f 1068 1065 1066
f 857 793 833
f 736 693 867
f 712 739 738
f 809 658 2285
f 738 707 713
f 739 712 710
f 707 738 737
f 739 710 997
f 739 997 1094
f 202 71 72
f 70 865 71
f 922 816 2310
f 695 968 923
f 610 609 819
f 880 886 606
f 753 716 715
f 743 742 660
f 693 660 742
f 743 660 685
f 867 693 823
f 665 743 2322
f 742 743 826
f 666 744 708
f 641 744 672
f 745 640 711
f 746 745 711
f 708 745 747
f 749 746 711
f 747 746 748
f 745 746 747
f 748 746 694
f 859 813 748
f 748 813 858
f 749 751 694
f 859 748 694
f 661 750 749
f 815 751 73
f 820 751 815
f 722 752 683
f 670 752 719
f 716 753 718
f 721 753 715
f 615 614 755
f 755 721 615
f 755 754 721
f 613 755 614
f 1047 740 817
f 696 754 740
f 728 678 869
f 757 795 677
f 756 761 760
f 766 759 761
f 759 757 761
f 765 768 758
f 836 757 759
f 769 770 772
f 776 758 769
f 759 765 758
f 769 758 768
f 776 836 758
f 677 687 760
f 762 687 686
f 760 761 757
f 763 821 756
f 756 760 762
f 730 763 762
f 756 762 763
f 822 764 767
f 767 766 822
f 783 765 766
f 759 766 765
f 783 766 767
f 774 768 783
f 774 1105 771
f 770 769 768
f 771 784 770
f 776 775 777
f 771 768 774
f 770 784 779
f 782 767 764
f 771 1107 784
f 770 768 771
f 785 769 772
f 825 775 790
f 777 825 824
f 785 790 775
f 777 775 825
f 782 773 767
f 773 774 783
f 775 776 769
f 793 857 790
f 824 825 823
f 776 777 871
f 837 665 796
f 779 792 786
f 779 2387 830
f 764 822 916
f 787 788 781
f 782 866 780
f 670 724 791
f 764 916 866
f 724 781 791
f 773 783 767
f 779 784 2387
f 785 775 769
f 1004 725 696
f 791 781 789
f 772 779 786
f 794 790 785
f 829 792 870
f 785 786 794
f 790 794 793
f 867 823 857
f 1049 2388 664
f 730 868 763
f 791 726 670
f 790 857 825
f 917 789 781
f 726 791 678
f 786 2324 794
f 792 830 870
f 830 831 870
f 52 51 832
f 794 2324 828
f 833 51 50
f 871 835 836
f 796 665 834
f 778 837 796
f 835 796 834
f 796 871 778
f 841 840 797
f 901 733 976
f 1111 877 884
f 932 887 888
f 941 829 870
f 901 845 891
f 848 847 903
f 270 983 955
f 61 333 850
f 962 800 987
f 990 803 910
f 856 802 855
f 805 807 806
f 807 2283 806
f 801 988 1066
f 853 854 801
f 807 805 596
f 596 1284 807
f 811 807 1284
f 810 2285 658
f 2283 809 735
f 1094 1097 739
f 809 2285 735
f 1071 2283 735
f 811 2283 807
f 1284 595 2284
f 811 1284 2284
f 657 810 658
f 809 811 659
f 857 833 812
f 736 812 49
f 707 737 656
f 737 1097 810
f 657 737 810
f 712 858 813
f 710 813 863
f 863 860 996
f 815 72 864
f 865 908 991
f 861 859 820
f 817 740 613
f 755 613 740
f 1489 612 2386
f 1003 1047 1048
f 819 966 1002
f 914 1002 966
f 912 609 608
f 915 819 1002
f 763 868 920
f 822 756 821
f 822 821 916
f 778 777 824
f 826 778 824
f 824 742 826
f 824 823 742
f 823 825 857
f 868 869 827
f 917 827 789
f 921 832 828
f 922 828 2324
f 792 829 2324
f 779 830 792
f 830 695 831
f 832 51 833
f 833 793 832
f 828 832 793
f 794 828 793
f 52 832 921
f 795 834 681
f 795 835 834
f 757 836 835
f 836 759 758
f 777 778 871
f 837 778 826
f 743 837 826
f 797 840 838
f 872 605 1443
f 1110 885 886
f 873 874 838
f 872 838 605
f 876 841 797
f 877 876 924
f 839 841 876
f 892 604 846
f 872 873 838
f 888 58 219
f 889 56 300
f 889 974 971
f 241 940 54
f 603 844 900
f 602 845 844
f 604 892 893
f 900 844 845
f 604 603 846
f 903 601 600
f 905 600 599
f 891 847 848
f 847 845 602
f 903 847 601
f 848 903 953
f 983 956 955
f 1130 849 1131
f 851 852 850
f 906 907 850
f 1112 984 851
f 852 851 983
f 853 801 987
f 854 853 597
f 855 802 2286
f 856 67 66
f 860 993 995
f 65 64 911
f 856 66 803
f 803 66 911
f 66 65 911
f 804 63 1130
f 812 833 50
f 857 812 867
f 713 858 712
f 747 858 662
f 820 859 694
f 861 862 992
f 862 864 865
f 862 861 820
f 863 861 860
f 815 862 820
f 862 865 992
f 860 995 996
f 859 863 813
f 997 710 996
f 1095 1094 814
f 865 864 71
f 815 864 862
f 908 70 69
f 992 865 991
f 915 612 611
f 2386 612 818
f 912 819 609
f 915 610 819
f 885 912 608
f 912 1114 966
f 818 612 915
f 917 918 920
f 780 2323 1132
f 764 866 782
f 780 866 2323
f 919 2323 866
f 736 867 812
f 742 823 693
f 869 868 730
f 868 827 920
f 869 730 684
f 827 678 789
f 869 678 827
f 835 871 796
f 776 871 836
f 943 894 873
f 894 943 896
f 874 873 875
f 838 874 797
f 874 731 924
f 875 873 894
f 924 731 877
f 797 874 924
f 874 875 878
f 884 970 1055
f 883 881 882
f 924 876 797
f 882 876 877
f 926 945 929
f 879 875 894
f 877 731 884
f 878 875 879
f 970 878 930
f 895 899 894
f 925 879 926
f 899 879 894
f 881 880 839
f 885 607 886
f 839 880 841
f 882 881 839
f 1110 881 883
f 882 839 876
f 883 1111 2329
f 1111 883 882
f 1161 1159 1172
f 884 1055 1111
f 607 606 886
f 881 886 880
f 888 887 58
f 798 887 932
f 2325 887 798
f 889 2389 56
f 890 889 300
f 937 55 54
f 241 53 940
f 937 54 843
f 829 816 922
f 843 54 940
f 891 733 901
f 897 900 901
f 929 925 926
f 895 894 896
f 896 892 846
f 893 943 872
f 893 892 943
f 976 978 944
f 898 897 944
f 895 897 898
f 897 896 846
f 895 896 897
f 846 900 897
f 898 978 979
f 898 951 895
f 951 899 895
f 603 900 846
f 901 900 845
f 901 976 944
f 1057 933 1056
f 951 898 979
f 926 946 945
f 946 902 945
f 905 903 600
f 599 952 905
f 952 800 904
f 598 952 599
f 905 953 903
f 953 905 904
f 982 906 2325
f 972 973 1010
f 1112 907 1014
f 986 957 958
f 956 957 959
f 987 961 853
f 801 962 987
f 805 854 597
f 988 854 808
f 1000 856 990
f 855 67 856
f 964 2286 802
f 865 70 908
f 855 2286 69
f 908 69 2286
f 996 710 863
f 911 909 803
f 999 990 910
f 804 911 64
f 959 1040 1131
f 912 913 1114
f 885 913 912
f 912 966 819
f 1046 967 1080
f 967 741 818
f 611 610 915
f 918 916 821
f 866 916 919
f 781 788 917
f 916 918 919
f 920 918 821
f 918 917 919
f 920 821 763
f 922 921 828
f 829 922 2324
f 941 816 829
f 968 695 1005
f 878 879 925
f 899 926 879
f 929 930 925
f 929 945 948
f 929 927 930
f 878 970 731
f 928 970 930
f 798 932 931
f 935 931 1006
f 935 934 931
f 2389 932 888
f 931 932 1006
f 1006 2389 971
f 935 1006 936
f 1119 1127 1118
f 935 933 1123
f 933 935 936
f 933 1057 1123
f 798 972 982
f 798 931 934
f 973 934 1122
f 1007 974 1008
f 938 937 799
f 938 799 939
f 937 938 890
f 1018 939 799
f 890 55 937
f 816 940 53
f 1051 941 831
f 891 848 954
f 892 896 943
f 898 944 978
f 901 944 897
f 949 945 902
f 899 946 926
f 979 902 946
f 1024 902 981
f 929 948 927
f 980 981 979
f 950 945 949
f 948 945 1023
f 947 950 949
f 1023 945 950
f 979 946 951
f 946 899 951
f 800 952 960
f 905 952 904
f 1062 986 1059
f 1026 953 904
f 954 848 1028
f 733 942 976
f 953 1028 848
f 906 982 842
f 907 906 842
f 906 850 333
f 1112 850 907
f 1112 851 850
f 956 851 984
f 955 959 849
f 959 955 956
f 956 984 957
f 959 957 1040
f 957 984 958
f 1031 1100 1038
f 1040 957 986
f 961 960 598
f 960 961 987
f 963 802 1000
f 1000 802 856
f 965 963 1000
f 802 963 964
f 1042 994 995
f 1040 734 1085
f 967 1002 914
f 914 1081 1080
f 741 967 1046
f 695 923 831
f 843 799 937
f 1018 799 969
f 927 690 1053
f 928 930 927
f 1126 1053 690
f 970 928 1055
f 731 970 884
f 57 888 219
f 936 1006 971
f 973 972 934
f 1011 973 1128
f 889 971 2389
f 1007 971 974
f 890 974 889
f 938 974 890
f 1008 938 939
f 1008 1115 732
f 976 942 977
f 1060 733 954
f 1059 985 1017
f 980 977 1016
f 977 978 976
f 1116 950 1009
f 927 948 690
f 1127 948 1023
f 947 949 1024
f 979 978 980
f 978 977 980
f 1058 980 1016
f 902 979 981
f 800 1025 904
f 1027 1026 1030
f 1031 1029 1100
f 982 2325 798
f 982 972 842
f 852 983 270
f 983 851 956
f 1015 984 1112
f 962 801 1066
f 989 988 808
f 854 988 801
f 808 1091 989
f 1095 1096 692
f 1063 1065 691
f 803 990 856
f 2286 991 908
f 993 992 991
f 992 993 860
f 1044 1042 1043
f 1074 1075 1073
f 1042 993 991
f 2287 814 997
f 861 992 860
f 2287 997 996
f 995 994 2287
f 994 1074 1076
f 1072 1041 692
f 1087 1084 1086
f 1001 999 1045
f 1001 1000 990
f 1069 691 1065
f 915 1002 818
f 1004 1003 1050
f 1003 1004 696
f 696 740 1047
f 1004 1050 1049
f 725 1004 664
f 1102 2326 1133
f 2386 741 1048
f 1002 967 818
f 1147 968 1005
f 1022 923 968
f 831 923 969
f 940 1051 843
f 799 843 969
f 1051 969 843
f 1129 1127 1119
f 1106 1140 1147
f 1007 936 971
f 974 938 1008
f 1115 1008 939
f 732 1007 1008
f 1123 934 935
f 950 1116 1023
f 1061 1128 947
f 1012 1014 907
f 1011 1128 1061
f 1012 1010 1011
f 907 842 1012
f 972 1010 842
f 1012 842 1010
f 1014 1012 2327
f 1011 1061 2327
f 2327 1083 1013
f 1013 985 1015
f 1015 1014 1013
f 1015 985 1059
f 1015 958 984
f 1016 977 1070
f 1070 977 942
f 1017 1016 1070
f 1017 985 1058
f 1115 939 975
f 1018 969 923
f 975 939 1018
f 1150 1022 1143
f 1142 1149 1143
f 1115 1021 1121
f 1020 1018 923
f 975 1019 1021
f 1019 975 1020
f 1020 975 1018
f 1151 1153 1125
f 923 1022 1020
f 690 948 1127
f 1061 1024 1083
f 1014 2327 1013
f 902 1024 949
f 1024 981 1083
f 800 962 1025
f 1026 904 1025
f 1028 1026 1027
f 1026 1025 1032
f 1027 1030 1035
f 1031 1027 1035
f 1028 1027 1039
f 1026 1028 953
f 1045 1063 691
f 1045 1037 1063
f 1035 1029 1031
f 734 986 1062
f 1030 1026 1032
f 1064 1032 1025
f 1036 1030 1032
f 1029 1035 1033
f 1034 1036 1037
f 999 910 1087
f 1033 1035 1034
f 1035 1030 1034
f 1037 1036 1063
f 1100 1070 1038
f 1027 1031 1039
f 1038 1039 1031
f 986 734 1040
f 1033 734 1062
f 1059 986 958
f 1071 1091 806
f 1064 1025 962
f 1043 991 2286
f 1044 1043 964
f 991 1043 1042
f 1000 1001 965
f 999 1001 990
f 1080 967 914
f 1050 1046 1082
f 1048 1047 817
f 1047 1003 696
f 817 1427 2386
f 1046 1048 741
f 787 664 2388
f 1004 1049 664
f 1102 1050 1082
f 1050 1003 1046
f 1048 1046 1003
f 816 941 940
f 969 1051 831
f 690 1127 1129
f 928 1053 1054
f 1126 1052 1053
f 1053 1052 1054
f 1166 1055 1168
f 927 1053 928
f 928 1054 1055
f 1007 732 1056
f 936 1056 933
f 1118 1116 1117
f 1057 1056 1120
f 1057 1117 1123
f 950 947 1009
f 981 980 1058
f 985 1013 1058
f 1017 1058 1016
f 1015 1059 958
f 1060 942 733
f 1039 1060 954
f 1028 1039 954
f 1024 1061 947
f 1011 2327 1012
f 2327 1061 1083
f 1100 1062 1059
f 1062 1100 1029
f 1063 1064 1065
f 1032 1064 1036
f 1066 1064 962
f 988 1068 1066
f 1069 1065 1068
f 1064 1066 1065
f 1041 1072 1090
f 989 1068 988
f 1067 1069 1068
f 994 1042 1074
f 1077 1069 1067
f 1069 1077 691
f 1017 1070 1100
f 942 1038 1070
f 1071 735 1092
f 1090 1067 1068
f 993 1042 995
f 963 1044 964
f 1042 1044 1074
f 1075 1074 1044
f 1067 1079 1073
f 1075 1044 963
f 1074 1073 1076
f 963 965 1075
f 1001 1045 691
f 1076 1073 1079
f 994 1076 2287
f 1078 1075 965
f 1001 1078 965
f 1079 1072 998
f 1077 1078 691
f 1001 691 1078
f 1046 1080 1082
f 1102 1099 2388
f 2326 1082 1080
f 741 2386 818
f 981 1058 1083
f 1083 1058 1013
f 1017 1100 1059
f 1029 1033 1062
f 1033 1089 734
f 1089 1085 734
f 1085 1086 1084
f 909 1088 910
f 1086 1085 1089
f 1085 1084 1131
f 1045 999 1087
f 1087 910 1088
f 1087 1086 1037
f 1088 909 804
f 1087 1088 1084
f 1034 1089 1033
f 1041 1090 989
f 1079 1090 1072
f 1067 1090 1079
f 806 1091 808
f 692 1091 1071
f 1093 735 2285
f 1096 1095 814
f 1097 1094 1093
f 1093 1094 1095
f 814 1094 997
f 1097 1093 810
f 692 1092 1095
f 1095 1092 1093
f 1096 998 1072
f 738 1097 737
f 1091 692 1041
f 1092 692 1071
f 1096 1072 692
f 1105 773 2390
f 788 1099 2323
f 1133 2328 1132
f 1089 1034 1086
f 1037 1086 1034
f 1087 1037 1045
f 1133 2326 2328
f 1049 1050 1102
f 1099 1102 1133
f 1107 1005 784
f 1104 782 780
f 773 782 1104
f 1156 1146 1103
f 1081 1170 1101
f 1104 780 1103
f 773 1104 2390
f 1134 1156 1103
f 1105 1107 771
f 1107 1105 1106
f 1140 1106 1141
f 1147 1005 1107
f 1147 1107 1106
f 651 1108 652
f 705 1108 1109
f 820 694 751
f 885 1110 913
f 881 1110 886
f 877 1111 882
f 1166 1111 1055
f 1112 1014 1015
f 1164 1170 1171
f 1114 1113 914
f 914 1113 1081
f 883 1162 1110
f 1160 1161 1162
f 1114 913 1172
f 920 827 917
f 1021 1115 975
f 1116 1009 1117
f 1116 1127 1023
f 1122 1117 1009
f 1117 1057 1118
f 1127 1116 1118
f 1118 1120 1119
f 1120 732 1121
f 1128 1009 947
f 1123 1122 934
f 1117 1122 1123
f 1115 1121 732
f 1152 1125 1021
f 1021 1125 1121
f 1153 1124 1125
f 1120 1121 1124
f 1129 1126 690
f 1153 1126 1124
f 1057 1120 1118
f 1124 1119 1120
f 1122 1128 973
f 1009 1128 1122
f 1124 1129 1119
f 1126 1129 1124
f 1131 1088 1130
f 849 959 1131
f 1130 1088 804
f 1084 1088 1131
f 62 849 63
f 1131 1040 1085
f 1101 1098 2328
f 1099 1133 1132
f 1134 2328 1098
f 1103 780 1132
f 1132 2328 1134
f 1159 1171 1172
f 1153 1154 1155
f 1132 1134 1103
f 1138 1136 1164
f 1081 1101 2326
f 1101 1170 1136
f 1152 1151 1125
f 1101 1136 1098
f 1164 1136 1170
f 1139 1156 1098
f 1163 1138 1164
f 1139 1138 1137
f 1135 1144 1137
f 1139 1137 1144
f 1142 1144 1135
f 1147 1140 1143
f 1140 1142 1143
f 1104 1103 1146
f 1141 1146 1145
f 1106 2390 1141
f 1143 1149 1150
f 1145 1144 1142
f 1156 1144 1145
f 2390 1104 1146
f 1145 1146 1156
f 2390 1146 1141
f 1143 1022 1147
f 968 1147 1022
f 1152 1019 1150
f 1148 1142 1135
f 1142 1148 1149
f 1135 1158 1154
f 1151 1149 1148
f 1150 1019 1020
f 1137 1167 1158
f 1052 1157 1168
f 1151 1152 1149
f 1019 1152 1021
f 1022 1150 1020
f 1152 1150 1149
f 1154 1153 1151
f 1154 1151 1148
f 1135 1154 1148
f 1144 1156 1139
f 1157 1052 1155
f 1158 1157 1155
f 1138 1163 1167
f 1155 1154 1158
f 1137 1158 1135
f 1167 1157 1158
f 1161 1172 913
f 1162 2329 1160
f 1163 1159 1160
f 1162 1161 913
f 1159 1161 1160
f 1110 1162 913
f 1165 1160 2329
f 1163 1165 1169
f 1159 1163 1164
f 2329 1166 1165
f 1163 1169 1167
f 1166 1168 1169
f 1111 1166 2329
f 1168 1055 1054
f 1166 1169 1165
f 1138 1167 1137
f 1052 1168 1054
f 1157 1169 1168
f 1167 1169 1157
f 1113 1170 1081
f 1171 1170 1113
f 1172 1171 1113
f 1171 1159 1164
f 1114 1172 1113
f 1145 1140 1141
f 1142 1140 1145
f 616 617 618
f 1311 1234 1272
f 1269 1219 1220
f 616 618 619
f 619 1276 616
f 1345 616 1276
f 1276 619 1173
f 1271 1269 1263
f 1271 1218 1219
f 1348 1312 1350
f 1236 1258 2292
f 647 648 1244
f 1353 1179 1180
f 2331 1258 1266
f 1488 611 612
f 1269 1240 2288
f 2330 1310 1234
f 1267 1261 1250
f 2338 1186 1187
f 1286 1253 1259
f 1247 1224 1225
f 607 608 1433
f 613 614 1486
f 1274 1275 1336
f 1239 1238 1251
f 1507 1357 1394
f 1310 2288 1255
f 1243 647 1244
f 1217 1285 1216
f 872 1443 1445
f 1234 1311 2330
f 1736 1515 1510
f 1237 1261 1260
f 1446 841 880
f 1255 2288 1259
f 1235 1231 1232
f 1397 601 602
f 1323 596 597
f 598 1366 961
f 1325 1297 1378
f 601 1397 1398
f 1334 1306 1213
f 2292 1228 1229
f 1247 1253 1246
f 1226 1227 1242
f 1327 1295 1328
f 1247 1246 1224
f 1339 1343 1340
f 1326 596 1323
f 1232 2291 2290
f 1293 1332 1233
f 1245 1243 1238
f 1226 1242 1254
f 1223 1224 1246
f 1239 1246 1253
f 2292 1258 1241
f 1229 1230 2289
f 1230 1231 1249
f 1240 1248 1286
f 1202 1920 1438
f 1188 1362 1361
f 1241 2331 1267
f 1188 1189 1362
f 1262 1264 1305
f 1265 1261 1267
f 1342 1479 1341
f 1282 1283 1191
f 1395 1204 1205
f 1249 1257 2289
f 1255 1256 1237
f 1245 1248 1221
f 1258 2331 1241
f 1437 1392 1436
f 1437 1498 1392
f 1242 1250 1261
f 1192 1282 1191
f 1238 1244 1251
f 1237 1242 1261
f 1246 1251 1223
f 1247 1256 1253
f 1503 1549 1201
f 1259 1256 1255
f 1550 1201 1549
f 1244 1222 1251
f 1495 1199 1200
f 1236 2292 2289
f 1198 1199 1496
f 1260 1234 1310
f 1260 1255 1237
f 1218 1271 1217
f 1272 1260 1261
f 1263 2330 1309
f 1242 1227 1250
f 1221 1248 1220
f 1238 1243 1244
f 1256 1247 1254
f 1260 1310 1255
f 1287 1257 1249
f 648 1222 1244
f 1237 1256 1254
f 1243 1252 663
f 663 1252 646
f 2289 1257 1236
f 1245 1252 1243
f 1228 1250 1227
f 1243 663 647
f 1221 646 1252
f 1268 1258 1236
f 1415 1209 1210
f 1251 1246 1239
f 1221 1252 1245
f 1381 1382 1343
f 1241 1250 1228
f 1272 1234 1260
f 1222 1223 1251
f 1225 1226 1254
f 1300 1333 1214
f 1212 1306 1308
f 1286 1245 1238
f 1286 1239 1253
f 1308 1306 1307
f 1241 1228 2292
f 1242 1237 1254
f 1256 1259 1253
f 1286 1259 1240
f 2288 1240 1259
f 1272 1261 1265
f 1274 1265 1273
f 1258 1268 1266
f 1265 2331 1273
f 1262 1304 1264
f 1273 2331 1266
f 1241 1267 1250
f 1257 1291 1236
f 1266 1268 1264
f 1271 1263 1309
f 1309 1217 1271
f 1248 1240 1220
f 1270 1273 1304
f 1269 1271 1219
f 1274 1272 1265
f 1311 1272 1336
f 1274 1273 1270
f 1264 1304 1266
f 1275 1274 1270
f 1274 1336 1272
f 1301 1303 1299
f 1270 1301 1299
f 1275 2391 1336
f 1175 1176 1350
f 614 615 1344
f 1277 1276 1173
f 1173 1174 1277
f 1312 1174 1175
f 1177 1349 1350
f 1312 1277 1174
f 1277 1312 1314
f 1183 1184 1360
f 1199 1495 1496
f 1445 893 872
f 1282 1281 1283
f 1282 1193 1281
f 1283 1281 1406
f 1190 1191 1283
f 600 601 1398
f 1484 1614 2393
f 1233 1330 1293
f 1288 1294 1292
f 1217 1309 1285
f 1215 1216 1285
f 1239 1286 1238
f 1235 1287 1231
f 1288 1287 1235
f 2291 1377 2290
f 1268 1289 1264
f 1293 1330 1290
f 1236 1291 1289
f 1288 1292 1287
f 1290 1291 1257
f 1331 1291 1290
f 1290 1292 1293
f 1296 1332 1293
f 1296 1292 1294
f 1292 1296 1293
f 1288 2293 1295
f 1288 1295 1294
f 1328 1295 2293
f 1327 1323 1368
f 1297 1296 1294
f 1378 1295 1327
f 1297 1325 2333
f 1297 1332 1296
f 1303 1301 1302
f 1275 1270 1299
f 1300 2391 1298
f 1298 2391 1275
f 1299 1298 1275
f 1214 1894 1335
f 1301 1304 1262
f 1302 1301 1262
f 1303 1302 1307
f 1299 1303 1298
f 1306 1334 1303
f 1333 1334 1213
f 1270 1304 1301
f 1304 1273 1266
f 1478 1479 1480
f 1308 1343 1382
f 1306 1303 1307
f 1213 1306 1212
f 1340 1341 1479
f 1302 1341 1340
f 1382 1212 1308
f 2288 1310 1263
f 1311 1336 2334
f 1312 1348 1314
f 1344 1346 614
f 1350 1312 1175
f 1314 1345 1277
f 1348 1349 1429
f 1348 1384 1314
f 1432 1384 1431
f 609 610 1387
f 1584 1278 1533
f 1517 1446 1447
f 1516 1433 1388
f 1396 1206 1207
f 1365 1189 1190
f 2338 1187 1361
f 1408 1405 1406
f 1407 1408 1406
f 1365 1283 1406
f 1365 1405 1362
f 1210 1734 1415
f 1474 1484 2393
f 1419 1483 1477
f 1555 1395 1556
f 1368 597 853
f 1369 853 961
f 1370 1368 1369
f 1378 1297 1294
f 1325 1324 1371
f 1371 1324 1376
f 1326 1328 2293
f 596 1326 1377
f 1368 1323 597
f 1368 1370 1327
f 1324 1325 1378
f 1328 1323 1327
f 1323 1328 1326
f 1377 2293 2290
f 1379 1330 1233
f 1291 1331 1289
f 1342 1305 1423
f 1290 1330 1331
f 1379 1331 1330
f 1335 1300 1214
f 1333 1300 1334
f 1300 1298 1334
f 1303 1334 1298
f 1329 1335 1894
f 1300 1335 2391
f 1329 1337 1335
f 2391 1337 1336
f 1338 2334 2392
f 1285 1309 1338
f 1340 1308 1307
f 1305 1342 1341
f 1262 1305 1341
f 1302 1340 1307
f 1375 1423 1233
f 1375 1233 1417
f 1262 1341 1302
f 1426 1381 1343
f 1379 1423 1305
f 1308 1340 1343
f 1345 1344 615
f 616 1345 615
f 1277 1345 1276
f 1346 1352 1486
f 1313 1545 1617
f 1493 1494 1591
f 1431 1429 1383
f 1384 1348 1429
f 1351 1177 1178
f 1429 1349 1347
f 1177 1350 1176
f 1348 1350 1349
f 1349 1177 1351
f 1434 1178 1179
f 1349 1351 1347
f 1314 1385 1344
f 1345 1314 1344
f 1384 1385 1314
f 1344 1385 1346
f 1386 1352 1432
f 1388 1547 1661
f 1387 1548 609
f 1430 1347 1390
f 1694 1709 1708
f 1444 1394 1443
f 1455 1456 1459
f 1407 1409 1280
f 1359 1195 1196
f 1197 1463 1976
f 1389 1466 1467
f 1362 1189 1365
f 1187 1188 1361
f 1322 1364 1321
f 1364 1194 1321
f 1321 1194 1363
f 1364 1322 1193
f 1281 1322 1406
f 1281 1193 1322
f 1283 1365 1190
f 1406 1322 1407
f 598 599 1460
f 1327 1370 1324
f 1734 1210 1211
f 1482 1543 1415
f 1369 1368 853
f 961 1366 1369
f 1370 1366 1324
f 1371 1373 1475
f 1373 1520 1457
f 1417 1233 1332
f 1520 1371 1376
f 1418 1417 2333
f 1417 1374 1375
f 1332 1297 2333
f 1417 1418 1374
f 1478 1339 1479
f 1480 1423 1375
f 1476 1375 1374
f 1472 1366 1460
f 596 1377 1284
f 2293 1377 1326
f 1295 1378 1294
f 1324 1378 1327
f 2392 1329 1215
f 1289 1379 1264
f 1331 1379 1289
f 1338 2330 1311
f 1309 2330 1338
f 1380 1426 1421
f 1426 1343 1339
f 1381 1426 1425
f 1427 1486 1487
f 1489 1487 1428
f 1430 1429 1347
f 1385 1384 1432
f 1547 1591 1546
f 1389 1180 1181
f 1466 1182 1403
f 1434 1353 1390
f 1351 1178 1434
f 1389 1353 1180
f 1523 1353 1389
f 1429 1430 1383
f 1351 1434 1347
f 1347 1434 1390
f 2394 1390 1353
f 1503 1202 1438
f 1550 1391 1495
f 1197 1198 1497
f 1392 1498 1499
f 1442 1393 1439
f 1447 880 606
f 1507 1508 1506
f 1204 1395 1554
f 1208 1367 1413
f 1597 1557 1442
f 1393 1440 1439
f 1556 1395 1396
f 1204 1554 1441
f 1448 602 844
f 1449 844 603
f 2341 1320 1458
f 1448 1397 602
f 1458 1397 2341
f 1449 1450 1448
f 1194 1400 1363
f 1196 1463 1464
f 1401 1195 2336
f 1522 1359 1464
f 1465 1184 1185
f 1404 1185 1186
f 1403 1527 1467
f 1182 1466 1181
f 1465 1360 1184
f 1182 1183 1403
f 2337 2338 1361
f 1404 1402 1465
f 1280 1411 1586
f 1186 2338 1404
f 1525 1402 1404
f 1362 1405 1524
f 1406 1405 1365
f 1407 1322 1321
f 1409 1407 1321
f 1407 1280 1408
f 1409 1321 1363
f 1470 1408 1280
f 1405 1408 1524
f 1363 1410 1409
f 1400 1401 1410
f 1411 1280 1409
f 1542 1413 1367
f 1414 1416 1412
f 1206 1396 1205
f 1543 1416 1414
f 1543 1414 1415
f 1209 1415 1414
f 1543 1484 1474
f 1367 1208 1412
f 1207 1208 1413
f 1324 1366 1472
f 1369 1366 1370
f 1376 1324 1472
f 2333 1417 1332
f 1475 1325 1371
f 2333 1475 1418
f 1566 1418 1475
f 1374 1418 1372
f 1419 1374 1372
f 1374 1419 1477
f 1566 1372 1418
f 1374 1477 1476
f 1375 1476 1480
f 1479 1339 1340
f 1478 1480 1476
f 1477 1483 1422
f 1478 1421 1339
f 1421 1420 1735
f 1421 1735 1380
f 1422 1735 1420
f 1420 1476 1477
f 1735 1422 1482
f 1233 1423 1379
f 1426 1339 1421
f 1425 1426 1380
f 1489 1427 1487
f 613 1486 1427
f 1487 1352 1386
f 1486 1352 1487
f 1383 1545 1431
f 1490 1530 1491
f 1432 1431 1313
f 1384 1429 1431
f 1432 1313 1616
f 1385 1432 1352
f 1493 1387 610
f 1548 1433 608
f 1466 1389 1181
f 1353 1434 1179
f 1490 2394 1530
f 1467 1527 1583
f 1435 1523 1583
f 2394 1353 1523
f 1389 1467 1523
f 1523 1435 2394
f 1436 1438 1437
f 1438 1920 1437
f 1498 1437 1440
f 1438 1436 1503
f 1439 1440 1203
f 1441 1442 1439
f 1498 1440 1393
f 1442 1441 1554
f 1505 1355 1498
f 1597 1442 1554
f 1393 1442 1557
f 1444 1443 605
f 1445 1443 1394
f 840 841 2335
f 893 1445 1560
f 1447 1446 880
f 606 607 1518
f 1358 1446 1517
f 1395 1205 1396
f 1207 1413 1396
f 1413 1542 1473
f 1449 1448 844
f 1399 1449 603
f 1449 1399 1450
f 603 604 1399
f 1399 1451 1450
f 1519 1565 1452
f 1399 1561 1451
f 1452 1565 2341
f 1450 1451 1452
f 2341 1565 1320
f 1448 2341 1397
f 1452 2341 1450
f 1448 1450 2341
f 1453 1320 1454
f 1398 1458 1459
f 1458 1398 1397
f 1453 1424 1455
f 1458 1320 1453
f 1454 1737 1424
f 1453 1454 1424
f 1472 1471 1376
f 1471 1456 1455
f 1453 1455 1459
f 1424 1457 1455
f 2342 1456 1460
f 1398 1459 2342
f 1521 1566 1373
f 1459 1458 1453
f 2342 1459 1456
f 599 2342 1460
f 1460 1471 1472
f 598 1460 1366
f 1398 2342 600
f 1461 1462 1410
f 1401 1461 1410
f 1463 1196 1976
f 1359 1196 1464
f 1497 1198 1496
f 1497 1553 1463
f 1552 1551 1594
f 1553 1464 1463
f 1522 1464 1571
f 1404 1465 1185
f 1360 1465 1402
f 1467 1466 1403
f 1583 1523 1467
f 1470 1524 1408
f 1280 1586 1470
f 1470 2337 1524
f 1538 1536 1469
f 1576 1534 1462
f 1410 1462 1409
f 1586 1534 1538
f 1586 1538 1469
f 1541 1470 1469
f 1456 1471 1460
f 2393 1614 1649
f 1396 1413 1473
f 1555 1556 1647
f 1556 1396 1473
f 1412 1416 1367
f 1416 1474 1367
f 1566 1475 1373
f 1325 1475 2333
f 1566 1569 1372
f 1636 1737 1634
f 1420 1477 1422
f 1476 1420 1478
f 1421 1478 1420
f 1480 1479 1342
f 1423 1480 1342
f 1482 1481 1543
f 1481 1482 1422
f 1484 1485 1614
f 1484 1481 1485
f 1483 1485 1481
f 1385 1352 1346
f 1650 1487 1386
f 1489 1488 612
f 1654 1488 1428
f 1428 1488 1489
f 1490 1430 1390
f 2394 1490 1390
f 1491 1492 1490
f 1491 2344 1492
f 1545 1313 1431
f 1591 1494 1652
f 611 1493 610
f 611 1494 1493
f 609 1548 608
f 1550 1495 1200
f 1201 1550 1200
f 1496 1495 1391
f 1197 1497 1463
f 1552 1497 1496
f 1553 1497 1552
f 1393 1557 1505
f 1498 1355 1499
f 1501 1621 1354
f 1392 1499 1502
f 1502 1499 1500
f 1436 1392 1501
f 1316 1502 2343
f 1392 1502 1501
f 1686 1684 1316
f 1920 1203 1440
f 1437 1920 1440
f 1503 1354 1549
f 1501 1354 1436
f 1354 1503 1436
f 1555 1597 1554
f 1732 1597 1555
f 1558 1504 1557
f 1393 1505 1498
f 1733 1355 1505
f 605 840 1444
f 1507 1394 1508
f 1509 1507 1506
f 1559 2335 1446
f 1508 1559 1506
f 1506 1559 1723
f 1508 1444 2335
f 1723 1559 1358
f 1509 1357 1507
f 1515 1451 1511
f 1445 1513 1560
f 1317 1514 1512
f 1510 1357 1512
f 1513 1510 1511
f 1317 1512 1509
f 1509 1512 1357
f 1512 1736 1510
f 1736 1512 1514
f 1562 1514 1710
f 1563 1515 1736
f 1451 1515 1563
f 1515 1511 1510
f 1447 1516 1517
f 1388 1661 1672
f 1516 1447 1518
f 1516 2355 1517
f 606 1518 1447
f 607 1433 1518
f 1637 1598 1625
f 1710 1712 1562
f 1519 1452 1563
f 1519 1598 1565
f 1471 1520 1376
f 1457 1520 1455
f 1455 1520 1471
f 1372 1569 1567
f 1359 1522 1573
f 1576 1462 2339
f 1461 1401 2336
f 1571 1572 1522
f 1524 2337 1361
f 1362 1524 1361
f 1539 1525 1536
f 1402 1525 1526
f 1527 2395 1609
f 1609 2395 1526
f 1491 1530 1531
f 1589 1610 1609
f 2344 1531 1533
f 1530 1529 1531
f 1531 1529 1532
f 1491 1531 2344
f 1609 1612 1528
f 1584 1533 1532
f 1608 1533 1278
f 2339 1577 1576
f 1534 1576 1468
f 1534 1468 1538
f 1462 1534 1411
f 1468 1537 1538
f 1536 1525 1541
f 1470 1586 1469
f 1534 1586 1411
f 1468 1576 1575
f 1540 1589 1535
f 1469 1536 1541
f 1539 1536 1535
f 1535 1536 1538
f 1535 1538 1537
f 1539 1535 1589
f 1525 1539 1526
f 1535 1537 1540
f 1528 1612 1613
f 1581 1579 1582
f 1470 1541 2337
f 1474 1542 1367
f 1484 1543 1481
f 1568 1614 1485
f 1649 1614 1615
f 1492 1383 1430
f 1383 1492 1545
f 1585 1492 2344
f 1651 1643 1669
f 1494 1488 1654
f 1545 1492 1585
f 1490 1492 1430
f 1388 1433 1548
f 1494 611 1488
f 1547 1548 1387
f 1591 1547 1387
f 1547 1620 1661
f 1354 1621 2347
f 2347 1550 1549
f 1391 1550 2347
f 1551 1496 1391
f 1391 1622 1551
f 1594 1596 1571
f 1551 1552 1496
f 1553 1571 1464
f 1555 1554 1395
f 1505 1557 1504
f 1648 2350 1319
f 1559 1508 2335
f 1394 1444 1508
f 1358 1559 1446
f 1445 1394 1513
f 1357 1513 1394
f 1560 1513 1511
f 1357 1510 1513
f 1511 1561 1560
f 1399 604 1561
f 1560 604 893
f 1451 1561 1511
f 1672 1516 1388
f 1516 1518 1433
f 1451 1563 1452
f 1598 1564 1624
f 1563 1564 1519
f 1565 1637 1320
f 1637 1565 1598
f 1569 1566 1521
f 1520 1373 1371
f 1521 1373 1457
f 1737 1631 1632
f 1419 1567 1483
f 1567 1569 1570
f 1568 1570 1544
f 1567 1570 1485
f 1634 1570 1569
f 1594 1571 1552
f 1572 1571 1596
f 1572 1578 1599
f 1599 1573 1522
f 1461 1573 2339
f 2339 1599 1577
f 1468 1575 1537
f 1579 1574 1578
f 1575 1576 1574
f 1573 1599 2339
f 1574 1576 1577
f 1574 1577 1578
f 1356 1675 1677
f 1574 1581 1575
f 1574 1579 1581
f 1578 1572 1600
f 1579 1578 1600
f 1676 1689 1679
f 1601 2345 1540
f 1640 1641 1679
f 1537 1575 1601
f 1527 1403 2395
f 1527 1528 1583
f 1435 1583 1528
f 1584 1532 1588
f 1532 1587 1588
f 1643 1608 1278
f 2397 1585 1608
f 1585 1617 1545
f 2344 1608 1585
f 1532 1533 1531
f 1608 2344 1533
f 1610 1589 1540
f 1609 1610 1612
f 1584 1588 2346
f 1587 1532 1529
f 1612 1610 1611
f 1611 1588 1587
f 1526 1589 1609
f 1539 1589 1526
f 1647 1556 1473
f 1615 1568 1544
f 1493 1591 1387
f 1546 1591 1652
f 1619 1546 1315
f 1653 1315 1652
f 1546 1619 1620
f 1546 1620 1547
f 1388 1548 1547
f 1354 2347 1549
f 1551 1595 1594
f 1600 1596 1356
f 1596 1595 1356
f 1595 1596 1594
f 1557 1597 1558
f 604 1560 1561
f 1562 1624 1564
f 1564 1598 1519
f 1625 1598 1624
f 1569 1521 1634
f 1572 1599 1522
f 1577 1599 1578
f 1596 1600 1572
f 1581 1601 1575
f 1607 1638 1639
f 1582 1639 1638
f 1607 1580 1605
f 1278 1584 1603
f 1619 1671 1657
f 1643 1603 1602
f 1602 1669 1643
f 1606 2346 1604
f 1580 1639 1640
f 1604 2400 1606
f 1605 1604 2346
f 1611 1645 1588
f 1605 1580 1664
f 2399 1657 1671
f 1645 1605 2346
f 1527 1609 1528
f 1610 1540 2345
f 1612 1587 1613
f 1610 2345 1611
f 2345 1638 1644
f 1435 1613 1529
f 1648 1647 1646
f 1615 1614 1568
f 1627 1615 1544
f 1649 1615 1633
f 1432 1616 1386
f 1617 1616 1313
f 1590 1617 2397
f 1616 1617 1590
f 1652 1315 1546
f 1655 1671 1619
f 1656 1620 1619
f 1656 1672 1661
f 1622 1391 2347
f 1595 1551 1673
f 1662 1622 2347
f 1673 1551 1622
f 1673 1622 1662
f 1658 1680 1699
f 1356 1595 1674
f 1562 1626 1624
f 1624 1626 1663
f 1625 1631 1637
f 2348 1627 1632
f 1716 1712 1710
f 1663 1626 1718
f 1627 1544 1632
f 1627 2348 1629
f 1663 2349 1628
f 1635 1633 1629
f 2348 1628 1629
f 1628 1625 1663
f 1712 1715 1718
f 1648 1319 1647
f 1630 1629 2349
f 1635 1629 1630
f 1737 1454 1631
f 1632 1631 2348
f 1634 1632 1544
f 1615 1627 1633
f 1629 1633 1627
f 1634 1544 1570
f 1646 2396 1648
f 1635 1648 2396
f 1521 1636 1634
f 1637 1454 1320
f 1454 1637 1631
f 1607 1639 1580
f 1681 1666 1668
f 1640 1664 1580
f 1641 1639 1582
f 1665 1664 1666
f 1579 1600 1677
f 1678 1582 1579
f 1641 1640 1639
f 1641 1676 1679
f 1356 1674 1675
f 1595 1673 1674
f 1659 1603 1606
f 1603 1643 1278
f 1604 1605 1664
f 1644 1638 1607
f 1585 2397 1617
f 1612 1611 1587
f 1645 1611 1644
f 1644 1607 1645
f 1605 1645 1607
f 2346 1588 1645
f 1529 1613 1587
f 1646 1647 1473
f 1647 1319 1555
f 1630 1714 2350
f 1649 2396 2393
f 1635 1649 1633
f 1650 1654 1428
f 1654 1618 1652
f 1487 1650 1428
f 1651 1618 1590
f 1618 1654 1650
f 1643 2397 1608
f 1651 1669 1653
f 1650 1590 1618
f 1654 1652 1494
f 1653 1652 1618
f 1651 1653 1618
f 1655 1619 1315
f 1655 1315 1653
f 1669 1655 1653
f 1619 1657 1656
f 1657 1658 1593
f 1658 1657 1592
f 1660 1592 2399
f 1657 1593 1656
f 1593 1658 1670
f 1659 1671 1602
f 1659 1602 1603
f 1660 2399 2400
f 1656 1661 1620
f 1672 1656 1593
f 1593 2401 1672
f 1358 1517 1738
f 1663 1718 2349
f 1625 1624 1663
f 1604 1664 1665
f 1679 1666 1640
f 1660 1665 1681
f 1604 1665 2400
f 1666 1681 1665
f 1640 1666 1664
f 1682 1668 1666
f 1666 1679 1682
f 1668 1667 1687
f 1655 1669 1602
f 1680 1658 1592
f 1602 1671 1655
f 1683 2401 2398
f 1621 1316 1662
f 1675 1674 1642
f 1642 1676 1675
f 1678 1677 1675
f 1642 1689 1676
f 1676 1641 1678
f 1356 1677 1600
f 1675 1676 1678
f 1582 1678 1641
f 1579 1677 1678
f 1667 1693 1687
f 1687 1681 1668
f 1592 1660 1680
f 1689 1682 1679
f 1668 1682 1690
f 1683 2398 1739
f 1672 1683 2355
f 2421 1623 1642
f 1662 1684 2421
f 2354 2403 1726
f 1685 1686 2343
f 1692 1686 1685
f 1699 1680 1687
f 1681 1687 1680
f 1688 1670 1699
f 1318 2398 1688
f 1670 1658 1699
f 1668 1690 1667
f 1689 1690 1682
f 2351 1692 2352
f 1667 1690 2352
f 1689 1623 1690
f 2351 1686 1692
f 1691 1692 1279
f 1693 1667 1691
f 1719 1720 1721
f 1692 1685 1695
f 1692 1695 1279
f 1719 1699 1693
f 1685 2353 2354
f 1514 1697 1710
f 1696 1708 1697
f 1317 1697 1514
f 1696 1694 1708
f 1355 1500 1499
f 2353 2343 1500
f 1705 1703 1704
f 1697 1317 1696
f 1500 1355 1698
f 1505 1504 1733
f 1720 1691 1279
f 1699 1687 1693
f 1694 1696 1703
f 1719 1721 1725
f 1703 1696 1704
f 1702 1725 1700
f 1317 1509 1704
f 1703 1705 1702
f 1707 1706 1727
f 1500 1698 2353
f 2353 1698 1727
f 1702 1701 1694
f 1695 1701 1700
f 1701 1695 1726
f 1701 1702 1700
f 1725 1702 1705
f 1688 1699 1719
f 1700 1279 1695
f 1694 1703 1702
f 1317 1704 1696
f 1506 1722 1509
f 1722 1704 1509
f 1722 1705 1704
f 1701 2402 1694
f 1727 2354 2353
f 1706 1713 1709
f 1626 1712 1718
f 1712 1626 1562
f 1713 1716 1709
f 2402 1726 2403
f 1727 2403 2354
f 1710 1708 1716
f 1706 1730 1713
f 1716 1708 1709
f 1708 1710 1697
f 1319 1728 1732
f 1712 1716 1715
f 1730 1706 1707
f 1711 1715 1713
f 2349 1714 1630
f 1728 2350 1714
f 1733 1731 1707
f 1731 1729 1730
f 1711 1717 1715
f 1717 1718 1715
f 1731 1504 1558
f 1713 1715 1716
f 1728 1717 1711
f 1718 1717 1714
f 2349 1718 1714
f 1720 1719 1693
f 1688 1719 1725
f 1693 1691 1720
f 1279 1700 1721
f 1725 1721 1700
f 1279 1721 1720
f 1723 1722 1506
f 1723 1738 1739
f 1738 1723 1358
f 1705 1722 1724
f 1724 1722 1723
f 1724 1723 1739
f 1724 1725 1705
f 1318 1725 1724
f 1725 1318 1688
f 1726 2402 1701
f 1685 2354 1695
f 1706 2403 1727
f 1733 1707 1698
f 1635 1630 1648
f 1714 1717 1728
f 1711 1729 1728
f 1729 1732 1728
f 1730 1729 1711
f 1732 1729 1558
f 1713 1730 1711
f 1730 1707 1731
f 1504 1731 1733
f 1558 1729 1731
f 1558 1597 1732
f 1728 1319 2350
f 1319 1732 1555
f 1727 1698 1707
f 1355 1733 1698
f 1425 1380 1734
f 1380 1735 1734
f 1415 1734 1482
f 1735 1482 1734
f 1613 1435 1528
f 1530 1435 1529
f 1736 1564 1563
f 1514 1562 1736
f 1564 1736 1562
f 1634 1737 1632
f 1424 1737 1636
f 1672 2355 1516
f 1724 1739 1318
f 1794 1282 1192
f 1758 1794 1192
f 1364 1856 1855
f 1216 1852 1759
f 1193 1856 1364
f 1855 1194 1364
f 1973 1199 1198
f 1770 1769 1792
f 1852 1216 1215
f 1282 1794 1795
f 1756 1820 1757
f 1750 1982 1751
f 1809 1854 1785
f 2301 1793 1779
f 1201 1923 1503
f 1770 1792 1785
f 1883 1922 1920
f 1788 1773 1772
f 1503 1923 1996
f 1791 1793 1771
f 1848 1806 2296
f 1758 1757 1794
f 1928 1208 1207
f 1933 1204 2004
f 1776 1810 1780
f 1412 1208 1930
f 1209 1866 1210
f 1790 1778 1760
f 2087 1775 2081
f 1762 1761 1803
f 1777 1786 84
f 1793 1772 1771
f 1781 1764 1786
f 1382 1381 1865
f 1783 2294 1763
f 1832 1865 1899
f 85 1786 1764
f 1206 1205 1931
f 1761 1760 1778
f 1781 1774 1839
f 1193 1282 1795
f 1790 1759 1852
f 2359 2332 1894
f 1787 1777 83
f 1762 1803 1783
f 1786 1774 1781
f 2410 2192 2222
f 1787 1763 2294
f 83 1777 84
f 1786 85 84
f 1780 1792 1769
f 1213 1835 1333
f 1912 1914 1748
f 2004 1204 1441
f 1820 1794 1757
f 1912 1747 1937
f 1745 1888 1746
f 1741 1740 2358
f 1195 2035 1196
f 1934 1888 1745
f 1994 2356 15
f 1799 1861 2358
f 1827 1743 1742
f 1987 1915 2356
f 1788 2295 1773
f 1742 1741 1831
f 1861 24 23
f 1803 1761 1778
f 2358 1829 1831
f 14 13 1916
f 1799 1740 27
f 1826 1862 1955
f 1862 1826 23
f 27 26 24
f 1794 1820 1795
f 25 24 26
f 24 1799 27
f 19 1891 238
f 1790 1760 1759
f 1777 1787 2294
f 1780 1768 1802
f 21 2303 2018
f 22 21 1890
f 1799 2358 1740
f 1827 1742 1831
f 1802 1782 1840
f 2301 1808 2295
f 1772 1793 2297
f 1773 2298 2299
f 1838 1839 1774
f 1211 1958 1900
f 1 1784 2405
f 1 2300 1784
f 1778 1790 1789
f 1770 1785 1791
f 1781 1765 1764
f 1781 1839 1765
f 1786 1777 1774
f 1839 1766 1765
f 1842 1784 2404
f 1810 1792 1780
f 1763 1787 82
f 1769 1768 1780
f 1971 1756 1755
f 1904 1963 1835
f 1885 10 229
f 1802 1768 1767
f 1839 1782 1766
f 83 82 1787
f 1926 1886 1925
f 1854 1816 2357
f 1215 1329 2332
f 1783 1763 1762
f 1875 5 4
f 1801 1848 1851
f 1886 1926 2079
f 1867 1906 1964
f 1766 1782 1767
f 275 5 1867
f 1924 1927 2008
f 1841 1872 1840
f 1881 1916 1991
f 2294 1774 1777
f 1382 1902 1212
f 1782 1839 1838
f 1869 1803 1836
f 1782 1802 1767
f 1802 1840 1776
f 1778 1789 1803
f 1872 1811 1810
f 1842 1804 1784
f 1842 1806 1804
f 1845 3 2405
f 1806 1842 1843
f 1804 1805 1845
f 2296 1846 1848
f 1845 1805 1844
f 234 3 1845
f 1807 1215 2332
f 1808 2301 1779
f 2238 2239 1779
f 2295 1808 1850
f 1810 1811 1813
f 1809 1785 1792
f 1816 1813 1815
f 1872 1810 1776
f 1810 1813 1809
f 1814 1811 1873
f 2359 1864 1817
f 1812 1817 1864
f 1813 1811 1814
f 1897 1815 1812
f 1814 1873 1868
f 1812 1813 1814
f 1864 2250 1897
f 1898 1818 1815
f 1812 1815 1813
f 1815 1818 1816
f 1818 2357 1816
f 1809 1816 1854
f 1812 1814 1817
f 1813 1816 1809
f 2357 1818 2242
f 2357 1819 1854
f 1980 1194 1855
f 1879 1911 1754
f 1754 1753 1879
f 1197 1976 1877
f 1748 1914 1749
f 1882 2362 1991
f 1944 2020 2178
f 2419 1923 2413
f 1744 1827 1889
f 2016 1858 2015
f 1954 2064 2065
f 1955 1862 22
f 1828 1827 1831
f 1828 1831 1829
f 2065 1830 1954
f 1828 1829 1957
f 2103 1938 1935
f 1830 1889 1828
f 1830 1936 1889
f 1831 1741 2358
f 1214 1863 1894
f 1899 1381 1425
f 1865 1960 1902
f 1866 1958 1210
f 1844 1849 1875
f 1212 1902 1904
f 1898 1815 1897
f 1802 1776 1780
f 1872 1776 1840
f 1789 1853 1868
f 1872 1841 1873
f 1782 1838 1840
f 1869 1870 1803
f 1840 1838 1837
f 1838 1774 1871
f 1840 1837 1841
f 1869 1841 1837
f 1873 1836 1868
f 1843 1842 2298
f 1843 2298 2295
f 1847 1801 1849
f 4 1845 1844
f 1848 1801 1847
f 1805 1806 1847
f 1848 1847 1806
f 1874 1801 1851
f 1805 1847 1844
f 1848 1846 1851
f 1834 1905 1849
f 1844 1847 1849
f 1843 1850 2296
f 1850 1966 2296
f 2295 1850 1843
f 2241 1966 1850
f 1966 1967 1965
f 2241 1850 1808
f 1967 1966 2241
f 1907 1851 1846
f 1852 1807 1853
f 1852 1215 1807
f 1810 1809 1792
f 1814 1868 1817
f 1790 1853 1789
f 1817 1853 1807
f 1852 1853 1790
f 1791 1785 1819
f 1856 1968 1855
f 2095 1975 1857
f 1795 1856 1193
f 1971 1820 1756
f 1877 1974 1197
f 1401 1400 1979
f 2038 2037 1910
f 1917 12 11
f 1921 1883 1920
f 2002 1999 2000
f 1883 1921 1997
f 1885 1924 1859
f 1964 274 275
f 1929 2009 1928
f 2057 1824 2119
f 2340 1203 1922
f 1937 1747 1746
f 1892 1952 1891
f 1915 268 16
f 1950 1946 1947
f 24 1861 1799
f 1861 23 1826
f 1890 1955 22
f 1955 1890 2022
f 1895 1214 1333
f 1864 1863 2250
f 1807 2359 1817
f 1863 1864 2359
f 1898 1897 1963
f 1865 1381 1899
f 1865 1832 1960
f 1900 1425 1211
f 1901 1960 1832
f 1212 1904 1213
f 1900 1958 1833
f 1867 5 1875
f 1905 1906 1867
f 1904 1835 1213
f 1789 1868 1836
f 1853 1817 1868
f 1841 1836 1873
f 1870 1869 1837
f 1838 1871 1837
f 1870 1783 1803
f 1774 2294 1871
f 1837 1871 1870
f 1873 1811 1872
f 1869 1836 1841
f 1845 4 234
f 1875 4 1844
f 1849 1874 1834
f 2092 2030 2091
f 1875 1849 1905
f 2030 2087 2088
f 2203 2162 2199
f 1908 1973 2034
f 1978 1195 1401
f 1857 1909 2035
f 1981 2036 1878
f 1911 1879 1983
f 2361 1752 1751
f 1880 2361 1910
f 2369 1983 1984
f 1911 1971 1755
f 1750 1749 1914
f 1910 2361 1982
f 1982 1913 2038
f 15 14 1916
f 1991 1990 1881
f 1921 1920 1202
f 2413 1201 1200
f 1924 9 8
f 1925 8 7
f 2097 2363 1919
f 1882 1917 1919
f 1924 1885 9
f 2008 1859 1924
f 2045 1885 1859
f 1925 1927 1924
f 1929 1207 1206
f 2010 1930 2009
f 2057 2058 2011
f 2076 1866 2054
f 2012 2059 1932
f 1934 1745 1744
f 1744 1743 1827
f 1985 2014 2015
f 1858 1912 1985
f 1889 1827 1828
f 20 1952 1951
f 1941 19 18
f 2408 18 294
f 1892 1891 1943
f 1940 1951 2021
f 238 1952 20
f 1941 1891 19
f 268 1915 1989
f 2408 1942 1941
f 1956 2022 1954
f 1826 1956 1829
f 2359 1894 1863
f 1835 1895 1333
f 1963 2250 1835
f 1214 1895 1863
f 1863 1895 2250
f 2250 1895 1835
f 1904 1902 1962
f 1864 1897 1812
f 2250 1963 1897
f 1818 1898 1896
f 1818 1896 2242
f 1900 1899 1425
f 1211 1210 1958
f 1959 1900 1833
f 1901 1832 1959
f 1865 1902 1382
f 1903 1901 2026
f 1896 1898 2407
f 1960 1962 1902
f 1906 1905 1834
f 1875 1905 1867
f 274 2027 6
f 1870 1871 1783
f 1874 1849 1801
f 2247 1834 1874
f 2092 1874 1851
f 1965 1907 1846
f 1907 2087 2030
f 1969 1968 1795
f 1968 1970 2031
f 2034 1973 1974
f 2035 1978 1857
f 1978 1979 1981
f 1979 2036 1981
f 1753 2361 1880
f 1751 1982 2361
f 1982 2038 1910
f 2205 2203 2204
f 1971 1972 1970
f 1754 1911 1755
f 1748 1747 1912
f 1914 2044 1913
f 1985 1912 1937
f 2044 1914 1912
f 1913 1982 1750
f 2062 1988 2061
f 268 1989 17
f 13 1991 1916
f 1917 1882 1991
f 1991 13 12
f 1919 1917 11
f 10 1918 1919
f 12 1917 1991
f 1885 1918 10
f 2097 1918 2045
f 1995 2166 1990
f 2097 1919 1918
f 1882 1919 2363
f 1922 1203 1920
f 1202 1503 1996
f 1931 1205 1933
f 2413 1923 1201
f 1200 1199 2006
f 2049 1923 2419
f 1925 1924 8
f 1926 1925 7
f 7 6 1926
f 1886 2007 1927
f 2008 1927 2052
f 1886 1927 1925
f 1929 1928 1207
f 1930 1928 2009
f 1931 1929 1206
f 1932 2009 1929
f 1412 2053 1414
f 2053 1930 2011
f 1932 1931 1887
f 1933 2055 1887
f 1887 2012 1932
f 1929 1931 1932
f 1204 1933 1205
f 1887 1931 1933
f 1889 1934 1744
f 1888 1934 1935
f 1889 1936 1934
f 2103 1935 1936
f 1934 1936 1935
f 1888 1937 1746
f 1938 2014 1935
f 1938 2015 2014
f 1938 2103 1939
f 2017 1986 2016
f 2024 2023 2066
f 1858 2016 1986
f 1951 2018 2303
f 1890 21 2018
f 2408 1941 18
f 17 2408 294
f 1989 2408 17
f 1893 1942 2408
f 1988 1893 1989
f 1947 1945 1942
f 1942 1893 1947
f 1943 1945 2406
f 1941 1943 1891
f 1950 1947 1893
f 1945 1943 1942
f 1941 1942 1943
f 1947 1946 1945
f 2020 1944 1946
f 2367 1798 2190
f 1944 1945 1946
f 1944 2178 2141
f 2172 2173 2175
f 1949 1950 2062
f 1950 1949 2063
f 20 1951 2303
f 2021 1951 1952
f 1952 238 1891
f 1953 2022 1890
f 1953 1890 2018
f 1954 2022 2064
f 1954 1957 1956
f 1955 2022 1956
f 1957 1954 1830
f 1955 1956 1826
f 1828 1957 1830
f 1829 1956 1957
f 1833 1958 2078
f 1959 1833 2084
f 1899 1900 1959
f 1959 1832 1899
f 1901 1903 1960
f 1962 1960 1903
f 2026 1961 1903
f 1963 1962 2407
f 2407 1962 1903
f 1904 1962 1963
f 1867 1964 275
f 2027 1964 1906
f 2249 1834 2247
f 1965 1846 1966
f 1965 1775 2087
f 2296 1966 1846
f 2244 2241 2239
f 1965 1967 1775
f 2302 2243 2244
f 1907 1965 2087
f 2087 2029 2088
f 2247 2092 2091
f 1969 1795 1820
f 1968 1969 1970
f 1971 1969 1820
f 2031 1970 1876
f 1979 1980 2036
f 1971 1911 1972
f 1969 1971 1970
f 1983 1972 1911
f 1876 1972 2369
f 1974 1973 1198
f 2006 1973 1908
f 1197 1974 1198
f 1975 1909 1857
f 2035 1909 1976
f 1976 1909 1877
f 2094 1909 1975
f 2161 2133 1977
f 2123 2411 1821
f 1978 2035 1195
f 1977 1857 1981
f 1978 1401 1979
f 1857 1978 1981
f 1980 1979 1400
f 1194 1980 1400
f 1980 1855 2032
f 1977 1981 1878
f 2360 1880 1910
f 1910 2037 2042
f 2360 2042 1984
f 1972 1983 2369
f 2360 1984 1983
f 1985 1937 2014
f 2015 1858 1985
f 1912 1858 2044
f 2416 1986 2017
f 1858 1986 2044
f 1913 1750 1914
f 1988 1989 1915
f 1989 1893 2408
f 2061 1988 1915
f 1893 1988 2062
f 2362 1995 1990
f 1993 1990 2166
f 1990 1991 2362
f 2138 2139 2136
f 1993 1881 1990
f 2251 1993 1992
f 1881 1993 2253
f 2135 1992 2111
f 1916 1994 15
f 2046 2097 2045
f 1882 2363 2362
f 1202 1996 2048
f 2048 1921 1202
f 1999 1997 2001
f 2206 2208 1823
f 1921 2048 1997
f 2000 1999 1998
f 2049 1996 1923
f 1999 2001 2420
f 1999 2002 1997
f 2001 2049 2211
f 2001 2048 2049
f 2050 2002 2279
f 2000 2269 2005
f 2005 2002 2000
f 2279 2002 2005
f 2050 1922 1883
f 2275 2270 2412
f 1884 2056 2003
f 2050 2003 1922
f 1441 2340 2004
f 2267 2005 2269
f 2005 2278 2279
f 2266 2413 2006
f 1200 2006 2413
f 1973 2006 1199
f 1886 2079 2007
f 1927 2007 2052
f 2008 2051 2046
f 1932 2059 2009
f 2011 2054 2053
f 1930 2010 2011
f 2057 2011 2010
f 2054 2011 2058
f 2053 2054 1209
f 1800 2075 2076
f 1209 1414 2053
f 1866 1209 2054
f 2055 1933 2004
f 2055 2056 2259
f 1860 2259 2258
f 2013 2059 2060
f 2059 2012 2060
f 1888 2014 1937
f 1935 2014 1888
f 2016 2015 2069
f 2067 1939 2066
f 2037 2039 2041
f 1953 2018 1940
f 1951 1940 2018
f 2368 1940 2021
f 2061 1987 2252
f 2101 2062 2061
f 1946 1950 2063
f 1892 2409 1952
f 2064 2022 1953
f 1830 2065 1936
f 1958 1866 2025
f 2025 2075 2078
f 2078 1958 2025
f 2104 1833 2078
f 1896 1961 2240
f 1964 2027 274
f 2249 1906 1834
f 2090 2091 2030
f 2145 2007 2263
f 2027 1926 6
f 1926 2027 2079
f 1901 2083 2026
f 2087 2081 2029
f 1907 2092 1851
f 2032 2031 2201
f 1968 2032 1855
f 2032 2201 2036
f 2033 2034 1877
f 2094 2411 2033
f 2034 1974 1877
f 2108 2411 2123
f 1976 1196 2035
f 2133 2095 1977
f 2032 2036 1980
f 2201 1878 2036
f 2039 2037 2038
f 2043 2042 2037
f 1984 2042 2205
f 2044 1986 1913
f 2040 2039 2416
f 2041 2040 2096
f 2016 2069 2017
f 2017 2074 2073
f 2096 2151 2109
f 2042 2043 2205
f 2040 2041 2039
f 2043 2037 2041
f 2042 2360 1910
f 2038 1913 1986
f 1885 2045 1918
f 2046 2045 1859
f 2008 2046 1859
f 2047 2046 2163
f 2049 2048 1996
f 1997 2048 2001
f 1997 2002 1883
f 2003 2340 1922
f 2004 2340 2003
f 2266 1908 2414
f 2266 2006 1908
f 2008 2052 2051
f 1930 2053 1412
f 2076 2054 2058
f 2057 2013 1824
f 2055 2259 1860
f 1887 1860 2012
f 2056 2055 2004
f 2003 2056 2004
f 2100 2013 2060
f 2058 2057 2118
f 2057 2010 2013
f 2013 2010 2059
f 2058 2118 2077
f 1824 2182 2146
f 2009 2059 2010
f 2012 2099 2060
f 2100 2099 2112
f 2099 2257 2112
f 1987 2061 1915
f 1893 2062 1950
f 1949 2101 2415
f 2064 2023 2065
f 2023 2024 2065
f 2103 2065 2024
f 2065 2103 1936
f 2023 2191 2190
f 2024 2066 1939
f 2367 2192 2193
f 2068 2017 2069
f 2067 2068 1939
f 2067 2066 1798
f 2068 2067 2070
f 2068 2070 2074
f 1939 2068 2069
f 2074 2070 2072
f 2074 2017 2068
f 2071 2073 2074
f 2071 2074 2072
f 2096 2040 2073
f 2017 2073 2416
f 2076 2075 2025
f 1866 2076 2025
f 2077 2076 2058
f 2077 1800 2076
f 2118 2119 2216
f 1800 2077 2105
f 2080 2027 1906
f 2007 2079 2263
f 2263 2079 2080
f 2027 2080 2079
f 1775 2244 2245
f 2081 2028 2082
f 2084 2104 2028
f 2104 2085 2082
f 2084 2083 1901
f 2246 2083 2028
f 1959 2084 1901
f 1833 2104 2084
f 2075 2085 2078
f 2084 2028 2083
f 2082 2028 2104
f 2075 1800 2085
f 2085 2086 2082
f 2086 2085 1800
f 2086 1800 2105
f 2029 2082 2086
f 2088 2029 2086
f 2030 2088 2090
f 2089 2088 2086
f 2180 2143 2089
f 2088 2089 2090
f 2089 2143 2090
f 2142 2091 2090
f 2092 1907 2030
f 2130 2194 2131
f 2034 2033 2149
f 1909 2094 1877
f 2411 2094 1975
f 2095 1821 1975
f 2094 2033 1877
f 1977 2095 1857
f 2109 2162 2043
f 2151 1796 2109
f 2136 2363 2047
f 2046 2047 2097
f 2138 2136 2110
f 2055 1860 1887
f 1860 2099 2012
f 1824 2013 2100
f 2099 2100 2060
f 2100 2112 2182
f 1822 2113 2415
f 2101 1822 2415
f 2114 1948 2113
f 2101 1949 2062
f 2061 2252 2101
f 2251 2102 1822
f 1993 2111 1992
f 1992 2102 2251
f 2063 2020 1946
f 2063 2116 2365
f 1939 2103 2024
f 2085 2104 2078
f 2144 2180 2181
f 2182 1824 2100
f 2132 2093 2414
f 2129 2108 2107
f 2108 2132 2033
f 2214 2213 2128
f 2051 2187 2163
f 2262 2276 2261
f 1993 2166 2111
f 2165 2139 2138
f 2237 2232 2236
f 2102 2164 2237
f 2102 2113 1822
f 2019 2365 2177
f 2235 2236 2232
f 2116 2115 2167
f 2102 2237 2113
f 2125 2194 2129
f 2116 2167 2177
f 2115 2116 1948
f 2063 1948 2116
f 2236 2115 2114
f 2170 2177 2167
f 2156 2153 2155
f 2167 2168 2140
f 2170 2172 2177
f 2117 2179 2019
f 2105 2089 2086
f 2216 2089 2105
f 2105 2077 2118
f 2105 2118 2216
f 2057 2119 2118
f 2080 1906 2249
f 2181 2180 2217
f 2149 1908 2034
f 2122 2196 2266
f 2107 2108 2123
f 2126 2134 2124
f 2107 2126 2127
f 2174 2214 2173
f 2107 2123 2126
f 2213 2150 2125
f 2194 2125 2131
f 2127 2126 2124
f 2107 2127 2125
f 2123 1821 2126
f 2127 2124 2128
f 2124 1796 2152
f 2152 2151 2155
f 2129 2107 2125
f 2131 2125 2150
f 2188 2130 2131
f 2108 2129 2132
f 2093 2132 2129
f 2201 2031 2202
f 2197 2198 2134
f 1821 2095 2417
f 2417 2134 2126
f 2124 2134 1796
f 2096 2109 2041
f 2109 2043 2041
f 2162 2109 2198
f 2163 2110 2047
f 2052 2186 2185
f 2220 2221 2187
f 2363 2136 1995
f 2110 2136 2047
f 2260 2277 2137
f 2111 2139 2165
f 2189 2172 2170
f 1944 2141 1825
f 1824 2146 2119
f 2181 2106 2144
f 2142 2090 2143
f 2248 2142 2120
f 2142 2143 2144
f 2142 2144 2120
f 2184 2106 2148
f 2217 2146 2147
f 2147 2146 2182
f 2183 2121 2182
f 2148 2147 2121
f 2148 2181 2147
f 2146 2217 2119
f 2148 2121 2219
f 2106 2184 2145
f 2149 2132 2414
f 2214 2176 2173
f 2188 2189 2171
f 2073 2071 2364
f 2151 2152 1796
f 2364 2151 2096
f 2152 2155 2153
f 2124 2152 2128
f 2364 2154 2155
f 2214 2153 2176
f 2152 2153 2128
f 2154 2071 2072
f 2156 2155 2154
f 2156 2154 2418
f 2153 2156 2176
f 2158 2072 2070
f 2366 2418 2160
f 2157 2117 2175
f 2158 2159 2160
f 1798 2367 2159
f 1798 2066 2190
f 2367 2193 2159
f 1798 2159 2158
f 2093 2195 2122
f 1878 2161 1977
f 2162 2198 2199
f 2197 2199 2198
f 2162 2203 2205
f 2221 2163 2187
f 2221 2098 2110
f 2260 2098 2225
f 2166 2139 2111
f 2209 2229 2370
f 2136 2139 1995
f 2139 2166 1995
f 2170 2167 2140
f 2168 2167 2115
f 2206 1823 2195
f 2171 2169 2207
f 2171 2170 2140
f 2189 2173 2172
f 2175 2173 2176
f 2174 2173 2189
f 2174 2150 2213
f 2174 2213 2214
f 2157 2175 2156
f 2177 2117 2019
f 2175 2117 2172
f 2117 2177 2172
f 2365 2178 2020
f 2178 2179 2141
f 2144 2143 2180
f 2216 2180 2089
f 2217 2216 2119
f 2181 2217 2147
f 2106 2181 2148
f 2183 2182 2112
f 2112 2257 2281
f 2182 2121 2147
f 2218 2121 2183
f 2225 2221 2220
f 2187 2051 2185
f 2148 2219 2184
f 2145 2184 2186
f 2185 2184 2219
f 2145 2186 2007
f 2187 2185 2219
f 2052 2185 2051
f 2185 2186 2184
f 2187 2219 2220
f 2186 2052 2007
f 2213 2125 2127
f 2188 2150 2174
f 2188 2171 2130
f 2171 2189 2170
f 2174 2189 2188
f 2064 2191 2023
f 2023 2190 2066
f 2064 1953 2191
f 2222 2367 2190
f 2410 2222 2368
f 2141 2193 1825
f 1825 2193 2192
f 2193 2160 2159
f 2193 2141 2215
f 2193 2215 2160
f 2129 2194 2093
f 2093 2194 2195
f 2122 2195 1823
f 2122 1823 2196
f 2224 2208 2212
f 2206 2130 2207
f 2194 2130 2195
f 2109 1796 2198
f 2134 2198 1796
f 2161 2200 2199
f 2200 2203 2199
f 1878 2200 2161
f 1878 2201 2200
f 1876 2202 2031
f 2201 2202 2200
f 2204 2203 2200
f 2162 2205 2043
f 2369 1984 2204
f 2200 2202 2204
f 2205 2204 1984
f 2168 2236 1797
f 2171 2140 2169
f 2169 2140 2168
f 2168 1797 2169
f 2210 2207 2169
f 2130 2171 2207
f 2210 1797 2223
f 2208 2206 2209
f 2212 2208 2370
f 2000 2226 2269
f 2209 2207 2210
f 2210 2169 1797
f 2229 2209 2210
f 1998 1999 2420
f 1823 2208 2224
f 2212 1998 2420
f 2127 2128 2213
f 2153 2214 2128
f 2215 2157 2366
f 2179 2215 2141
f 2178 2019 2179
f 2216 2217 2180
f 2219 2121 2220
f 2218 2220 2121
f 2220 2218 2225
f 2218 2280 2225
f 2098 2221 2225
f 2163 2221 2110
f 2150 2188 2131
f 1953 1940 2191
f 2368 2191 1940
f 2409 2368 2021
f 2191 2368 2222
f 2191 2222 2190
f 2130 2206 2195
f 2209 2206 2207
f 2212 2370 2227
f 2276 2268 2270
f 2230 2226 2227
f 1797 2235 2223
f 2229 2210 2223
f 2227 1998 2212
f 2224 2196 1823
f 2196 2224 2211
f 2183 2112 2281
f 2260 2225 2280
f 1998 2226 2000
f 2226 2230 2269
f 2230 2227 2370
f 1998 2227 2226
f 2223 2235 2228
f 2231 2233 2228
f 2164 2232 2237
f 2230 2229 2228
f 2230 2370 2229
f 2232 2234 2231
f 2234 2164 2135
f 2135 2265 2412
f 2231 2235 2232
f 2231 2234 2272
f 2223 2228 2229
f 2231 2228 2235
f 2230 2228 2371
f 2164 2234 2232
f 2236 2235 1797
f 2115 2236 2168
f 2113 2237 2114
f 2114 2237 2236
f 2302 2238 2242
f 1779 2239 1808
f 2238 2357 2242
f 2302 2239 2238
f 2244 1967 2241
f 2240 1961 2243
f 2302 2242 2240
f 2239 2241 1808
f 2240 2242 1896
f 1961 2246 2243
f 2245 2028 2081
f 2245 2244 2243
f 1967 2244 1775
f 2239 2302 2244
f 1961 2026 2246
f 2026 2083 2246
f 2245 2081 1775
f 2246 2245 2243
f 2245 2246 2028
f 1791 1779 1793
f 1854 1819 1785
f 2248 2091 2142
f 2264 2080 2249
f 2120 2145 2263
f 2091 2248 2247
f 2248 2264 2247
f 2263 2264 2120
f 2092 2247 1874
f 1972 1876 1970
f 2202 2369 2204
f 2252 1822 2101
f 2253 2251 2252
f 2251 1822 2252
f 1993 2251 2253
f 2253 2252 1987
f 1994 2253 1987
f 2255 2258 2254
f 1884 2259 2056
f 2259 2254 2258
f 2254 2259 1884
f 2279 1884 2050
f 2254 2278 2255
f 2256 2258 2255
f 2258 2257 1860
f 2257 2256 2281
f 2255 2261 2256
f 2258 2256 2257
f 2099 1860 2257
f 2046 2051 2163
f 2261 2260 2280
f 2277 2261 2276
f 2262 2261 2255
f 2264 2263 2080
f 2264 2249 2247
f 2120 2264 2248
f 2154 2364 2071
f 2151 2364 2155
f 1798 2158 2067
f 2070 2067 2158
f 2111 2265 2135
f 2165 2265 2111
f 2419 2266 2196
f 2267 2371 2271
f 2371 2267 2269
f 2371 2269 2230
f 2272 2271 2233
f 2274 2165 2138
f 2267 2271 2268
f 2231 2272 2233
f 2271 2270 2268
f 2412 2272 2234
f 2270 2271 2272
f 2273 2275 2274
f 2137 2274 2138
f 2273 2270 2275
f 2260 2137 2098
f 2273 2274 2137
f 2165 2274 2275
f 2276 2270 2273
f 2165 2275 2265
f 2276 2273 2277
f 2276 2262 2268
f 2137 2277 2273
f 2261 2277 2260
f 2005 2267 2278
f 2135 2412 2234
f 2275 2412 2265
f 2255 2278 2262
f 2279 2278 2254
f 1884 2279 2254
f 2218 2183 2281
f 2256 2280 2281
f 2261 2280 2256
f 2281 2280 2218
f 2282 188 96
f 317 363 316
f 390 363 317
f 699 643 673
f 1096 2287 998
f 811 2284 659
f 2286 964 1043
f 2283 1071 806
f 998 1076 1079
f 2287 1076 998
f 1093 2285 810
f 2287 1096 814
f 1249 2289 1230
f 1235 1232 2290
f 1269 2288 1263
f 595 1284 2291
f 1377 2291 1284
f 1248 1245 1286
f 2292 1229 2289
f 1231 1287 1249
f 2290 2293 1235
f 2293 1288 1235
f 1292 1290 1257
f 1636 1521 1457
f 1636 1457 1424
f 1871 2294 1783
f 2297 2295 1788
f 2297 1793 2301
f 2295 2298 1773
f 1788 1772 2297
f 2300 2299 2404
f 1819 2238 1779
f 1791 1819 1779
f 2296 1806 1843
f 2301 2295 2297
f 1992 2135 2164
f 1992 2164 2102
f 2243 2302 2240
f 105 142 28
f 129 39 120
f 2303 191 193
f 119 128 582
f 223 224 61
f 104 2305 154
f 146 304 148
f 2307 578 107
f 215 2308 214
f 137 169 49
f 172 146 149
f 140 750 199
f 2304 212 126
f 590 593 224
f 273 63 334
f 192 162 193
f 236 162 290
f 217 240 194
f 147 250 200
f 253 170 307
f 223 61 852
f 392 2312 395
f 2313 293 167
f 195 296 297
f 2314 390 391
f 319 2311 186
f 590 224 223
f 2315 2380 380
f 385 384 381
f 389 390 2314
f 132 396 397
f 325 353 417
f 406 458 460
f 420 421 2382
f 325 417 416
f 420 411 431
f 417 412 416
f 424 420 431
f 2316 418 548
f 424 2316 421
f 2317 432 427
f 430 2316 548
f 427 432 426
f 401 399 456
f 459 2307 460
f 2317 423 432
f 489 463 313
f 2319 365 157
f 472 2319 495
f 495 2319 157
f 2318 499 542
f 2320 574 520
f 349 563 527
f 550 2321 551
f 578 2307 579
f 2306 582 183
f 119 2306 155
f 225 591 592
f 754 720 753
f 635 2322 685
f 101 697 48
f 754 753 721
f 665 2322 680
f 2322 743 685
f 783 768 765
f 770 779 772
f 788 2323 919
f 678 791 789
f 792 2324 786
f 2310 921 922
f 817 613 1427
f 761 756 822
f 761 822 766
f 914 966 1114
f 2323 1099 1132
f 2325 906 60
f 788 919 917
f 798 934 972
f 941 1051 940
f 1056 936 1007
f 1120 1056 732
f 1036 1064 1063
f 1080 1081 2326
f 2326 1102 1082
f 2328 2326 1101
f 1163 1160 1165
f 2329 1162 883
f 1247 1225 1254
f 1267 2331 1265
f 1240 1269 1220
f 1183 1360 1403
f 2332 1329 1894
f 1236 1289 1268
f 1310 2330 1263
f 2334 1336 1337
f 1329 2392 1337
f 1311 2334 1338
f 1285 1338 2392
f 2335 1444 840
f 1573 2336 1359
f 2336 1195 1359
f 1404 2338 1525
f 1400 1410 1363
f 1461 2339 1462
f 1543 1474 1416
f 1567 1419 1372
f 2340 1439 1203
f 2342 599 600
f 1541 1525 2337
f 2338 2337 1525
f 1481 1422 1483
f 2343 1686 1316
f 1502 1316 1621
f 1461 2336 1573
f 1483 1567 1485
f 1552 1571 1553
f 1601 1540 1537
f 1581 1582 1638
f 2346 1603 1584
f 1601 1581 1638
f 1601 1638 2345
f 2346 1606 1603
f 1502 1621 1501
f 1662 2347 1621
f 1628 2348 1625
f 2348 1631 1625
f 2349 1629 1628
f 2350 1648 1630
f 1542 1646 1473
f 1651 1590 2397
f 1738 1517 2355
f 2421 1673 1662
f 1316 1684 1662
f 1660 1681 1680
f 1686 2351 1684
f 2351 2352 1623
f 2352 1692 1691
f 2352 1691 1667
f 1684 2351 2421
f 2343 2353 1685
f 2354 1726 1695
f 1683 1738 2355
f 1738 1683 1739
f 2356 16 15
f 2356 1915 16
f 1784 1804 2405
f 1770 1791 1771
f 1804 1806 1805
f 1819 2357 2238
f 1829 2358 1861
f 2332 2359 1807
f 1880 2360 1879
f 1829 1861 1826
f 2361 1753 1752
f 1880 1879 1753
f 1968 1856 1795
f 2360 1983 1879
f 1994 1916 1881
f 2406 1945 1825
f 1994 1987 2356
f 2362 2363 1995
f 1994 1881 2253
f 2340 1441 1439
f 2407 1961 1896
f 2029 2081 2082
f 2411 2108 2033
f 2149 2033 2132
f 2363 2097 2047
f 2063 2365 2020
f 2178 2365 2019
f 2365 2116 2177
f 2115 1948 2114
f 2120 2144 2106
f 1821 2417 2126
f 2417 2133 2197
f 2120 2106 2145
f 2073 2364 2096
f 2158 2160 2418
f 2157 2215 2179
f 2367 2222 2192
f 2368 2409 2410
f 2211 2419 2196
f 2417 2197 2134
f 2369 2202 1876
f 2370 2208 2209
f 2215 2366 2160
f 2117 2157 2179
f 2233 2371 2228
f 2050 1884 2003
f 2262 2278 2268
f 2372 150 105
f 2 188 2282
f 2304 130 115
f 130 2304 129
f 129 2304 125
f 20 2303 193
f 24 25 135
f 103 76 143
f 2373 433 298
f 196 197 215
f 168 2375 216
f 195 241 299
f 258 2375 217
f 331 330 377
f 2377 401 285
f 98 2374 314
f 2376 2378 479
f 2379 348 402
f 272 379 158
f 2380 131 381
f 2376 343 283
f 419 2382 324
f 2381 451 456
f 479 2378 478
f 591 478 2378
f 406 489 458
f 2383 540 567
f 524 561 459
f 337 2378 2376
f 2378 337 592
f 2384 697 101
f 1136 1138 1139
f 635 680 2322
f 2386 1427 1489
f 2385 762 686
f 2387 695 830
f 2387 784 1005
f 788 2388 1099
f 932 2389 1006
f 906 333 60
f 855 69 68
f 941 870 831
f 995 2287 996
f 695 2387 1005
f 1030 1036 1034
f 787 2388 788
f 1038 942 1060
f 1038 1060 1039
f 1073 1075 1078
f 1073 1078 1077
f 1073 1077 1067
f 1102 2388 1049
f 1098 1136 1139
f 1121 1125 1124
f 849 1130 63
f 1098 1156 1134
f 2390 1106 1105
f 1126 1153 1155
f 614 1346 1486
f 1215 1285 2392
f 1337 2391 1335
f 1337 2392 2334
f 1264 1379 1305
f 1474 2393 1542
f 2335 841 1446
f 1462 1411 1409
f 2343 1502 1500
f 1402 2395 1360
f 1530 2394 1435
f 2395 1402 1526
f 1570 1568 1485
f 2395 1403 1360
f 1386 1616 1590
f 2400 1659 1606
f 1611 2345 1644
f 1386 1590 1650
f 1635 2396 1649
f 1646 1542 2396
f 2396 1542 2393
f 1651 2397 1643
f 1688 2398 1670
f 2399 1592 1657
f 1665 1660 2400
f 1671 1659 2399
f 2400 2399 1659
f 2401 1683 1672
f 2401 1670 2398
f 1670 2401 1593
f 1674 1673 2421
f 2398 1318 1739
f 1674 2421 1642
f 1623 1689 1642
f 1623 2352 1690
f 2402 1709 1694
f 1709 2402 1706
f 2403 1706 2402
f 1425 1734 1211
f 1930 1208 1928
f 1842 2404 2298
f 1789 1836 1803
f 189 2405 3
f 1845 2405 1804
f 2406 2410 1892
f 10 1919 11
f 1938 1939 2069
f 1938 2069 2015
f 1892 1943 2406
f 2410 2409 1892
f 2415 2063 1949
f 1903 1961 2407
f 1963 2407 1898
f 2411 1975 1821
f 2413 2266 2419
f 2409 2021 1952
f 2031 2032 1968
f 2039 1986 2416
f 2002 2050 1883
f 2414 1908 2149
f 1948 2415 2113
f 2415 1948 2063
f 2040 2416 2073
f 2138 2110 2098
f 2133 2417 2095
f 2161 2199 2197
f 2137 2138 2098
f 2122 2266 2414
f 2414 2093 2122
f 2418 2154 2072
f 2156 2418 2366
f 2156 2366 2157
f 2156 2175 2176
f 2410 2406 2192
f 1825 2192 2406
f 2049 2419 2211
f 2161 2197 2133
f 2420 2211 2224
f 2420 2001 2211
f 2212 2420 2224
f 2371 2233 2271
f 2272 2412 2270
f 2267 2268 2278
f 1292 1257 1287
f 2300 2404 1784
f 2298 2404 2299
f 2380 381 380
f 385 381 477
f 366 2382 421
f 2382 366 324
f 1052 1126 1155
f 1623 2421 2351
f 1 2405 2
f 1825 1945 1944
f 2038 1986 2039
f 2158 2418 2072

