# https://github.com/mikedh/trimesh
v -0.45055550 1.18306100 -0.75868170
v -0.45611970 1.17113100 -0.74786080
v -0.45392380 1.14865600 -0.74781090
v -0.45766980 1.11734000 -0.74445490
v -0.45471160 1.09479100 -0.74598480
v -0.45276620 1.03059100 -0.75320610
v -0.44876780 1.00909100 -0.76267150
v -0.44824690 0.98716100 -0.76648120
v -0.44812120 0.97077010 -0.77521430
v -0.44874080 0.94543330 -0.79426060
v -0.44807570 0.92343240 -0.80450050
v -0.44504360 0.90436540 -0.81300140
v -0.44183420 0.88441380 -0.82053180
v -0.43964470 0.86501740 -0.82626430
v -0.43620730 0.84796880 -0.83177580
v -0.43393630 0.82862810 -0.83670380
v -0.42894740 0.78914880 -0.84744360
v -0.42748840 0.75080350 -0.85448650
v -0.42656250 0.73132320 -0.86073410
v -0.43334060 0.68513870 -0.86462810
v -0.43339560 0.65730510 -0.88230000
v -0.43787190 0.64130230 -0.88678010
v -0.44216610 0.61271470 -0.89086410
v -0.44254400 0.59788020 -0.88852420
v -0.44295340 0.58482780 -0.88471700
v -0.44263400 0.58272290 -0.88564380
v -0.44121320 0.58091680 -0.88608960
v -0.44886300 0.57996590 -0.87372420
v -0.45156720 0.58368240 -0.86066600
v -0.45523740 0.58451650 -0.84939120
v -0.46311850 0.58598170 -0.83808440
v -0.47540500 0.58445730 -0.83003040
v -0.48658990 0.58213930 -0.82327710
v -0.49609150 0.57715040 -0.81268180
v -0.50305850 0.57207880 -0.79894840
v -0.50381390 0.56646360 -0.78372780
v -0.50291980 0.56218990 -0.76740000
v -0.50216000 0.55845920 -0.75024180
v -0.49648990 0.55486970 -0.73392840
v -0.49017660 0.55286060 -0.71721990
v -0.48583770 0.55127940 -0.70041140
v -0.48456880 0.54771680 -0.68421910
v -0.48264630 0.54346310 -0.66676400
v -0.47955390 0.54189100 -0.64561370
v -0.47386690 0.54536480 -0.61965060
v -0.46376610 0.55583800 -0.58744570
v -0.46937560 0.57134070 -0.56077610
v -0.45769510 0.60036330 -0.57685880
v -0.45495500 0.63058950 -0.59518530
v -0.45040050 0.64522560 -0.59762600
v -0.45349450 0.66353870 -0.59961360
v -0.44918020 0.67950410 -0.60358900
v -0.43578030 0.73246150 -0.60110310
v -0.43742410 0.76197680 -0.58693870
v -0.44000420 0.77847410 -0.58660650
v -0.44325820 0.80943110 -0.58102610
v -0.44868910 0.82445990 -0.57684760
v -0.46030100 0.85680290 -0.56744940
v -0.45981210 0.87583420 -0.56349190
v -0.45857190 0.89566870 -0.56071120
v -0.45699080 0.93832040 -0.56005030
v -0.45307430 1.01103000 -0.55470740
v -0.45308210 1.02703600 -0.55153150
v -0.45117020 1.04940700 -0.55023820
v -0.45010400 1.07156800 -0.55234250
v -0.44388640 1.08089200 -0.53907830
v -0.44338580 1.09897300 -0.54109550
v -0.44349010 1.11723500 -0.54347010
v -0.43934880 1.12775900 -0.53528270
v -0.44246420 1.15479800 -0.54244110
v -0.43540450 1.17344200 -0.54959600
v -0.43312740 1.19715100 -0.55672290
v -0.41820010 1.20787800 -0.56382960
v -0.39149640 1.25995200 -0.57448370
v -0.40077630 1.26173400 -0.59061140
v -0.40551760 1.27146600 -0.60738390
v -0.40610100 1.28852000 -0.62421320
v -0.40072010 1.31304100 -0.63808480
v -0.39352600 1.33998300 -0.65139480
v -0.38684420 1.36561100 -0.66436240
v -0.37386750 1.38398000 -0.68608820
v -0.35330930 1.38423300 -0.70659830
v -0.36868870 1.38321300 -0.71114900
v -0.37787120 1.37401200 -0.72640160
v -0.39035980 1.36969900 -0.73672580
v -0.41246520 1.37452500 -0.72874650
v -0.42309690 1.36742900 -0.71562350
v -0.42966270 1.35065000 -0.70655310
v -0.43371530 1.33242300 -0.69934250
v -0.43879760 1.31333300 -0.69291160
v -0.44552100 1.29183100 -0.68751310
v -0.45590790 1.26820600 -0.68620310
v -0.46462440 1.24394100 -0.68920190
v -0.47009020 1.22296800 -0.69726010
v -0.47110680 1.20424200 -0.71152380
v -0.46335290 1.19055100 -0.73074110
v -0.44983120 0.61555340 -0.85856030
v -0.49346590 0.65091800 -0.68643930
v -0.48371550 0.59410550 -0.64611640
v -0.47620430 0.57351700 -0.61453030
v -0.46500680 0.58776670 -0.56429810
v -0.42477840 1.23532100 -0.60371100
v -0.41324450 1.25626700 -0.60522170
v -0.38642220 1.38058600 -0.70657830
v -0.45110820 0.59502830 -0.86218840
v -0.46514960 0.61397660 -0.83267000
v -0.49389410 0.65375720 -0.78243110
v -0.39486350 1.37652600 -0.72203420
v -0.48643640 0.55844990 -0.65235120
v -0.47382730 0.55894490 -0.60801180
v -0.38680490 1.37516100 -0.68590370
v -0.40935150 1.29705600 -0.63945430
v -0.46888560 0.60030070 -0.83173270
v -0.39558140 1.35017800 -0.67378110
v -0.49534940 0.60240560 -0.74150730
v -0.48028300 0.55452390 -0.63056500
v -0.48211270 0.59878540 -0.82494750
v -0.41512700 1.35484600 -0.70087390
v -0.48982650 0.56879130 -0.68686310
v -0.49218950 0.56940300 -0.72322740
v -0.48653620 0.55435090 -0.67268290
v -0.50079260 0.58729450 -0.80342900
v -0.42319900 1.34116200 -0.69656180
v -0.40986090 1.34326600 -0.68700740
v -0.50167010 0.57519460 -0.76471090
v -0.50358240 0.58769310 -0.78412960
v -0.42612070 1.32445500 -0.68733430
v -0.49209100 0.57176550 -0.66797810
v -0.49825270 0.57617440 -0.74605080
v -0.49446370 0.58669850 -0.73359760
v -0.46898980 0.96953350 -0.67267190
v -0.47569250 1.08847300 -0.65447320
v -0.48491920 1.15286700 -0.69685630
v -0.44759400 0.63841410 -0.86729700
v -0.45100770 0.61032980 -0.87694520
v -0.47414540 0.72378790 -0.81546760
v -0.46034270 0.61065120 -0.61230010
v -0.46108480 0.59278170 -0.60400080
v -0.46066480 0.57711070 -0.59250620
v -0.42074850 1.21804600 -0.58203820
v -0.46191190 1.21272000 -0.63603260
v -0.44923990 0.59586170 -0.87596520
v -0.41626470 1.26946000 -0.62337990
v -0.42368260 1.24966800 -0.61562060
v -0.42048230 1.27794100 -0.63895250
v -0.44274120 1.25771100 -0.65419170
v -0.43722700 1.23230700 -0.61693960
v -0.43005970 1.25815200 -0.63424360
v -0.43410940 1.27238600 -0.65459940
v -0.45286770 0.60779990 -0.84728220
v -0.49292530 0.59934970 -0.81638430
v -0.48957820 0.57858100 -0.64813630
v -0.49342460 0.59262380 -0.66353330
v -0.39671840 1.36306100 -0.69322980
v -0.49010050 0.57008240 -0.70699990
v -0.46903110 0.85891700 -0.63794930
v -0.47119770 0.89617740 -0.74145480
v -0.47315500 0.96174960 -0.62564720
v -0.46745870 1.10596600 -0.59636340
v -0.47185420 1.18777400 -0.71438660
v -0.46653870 1.15851800 -0.72337120
v -0.43863540 0.66801380 -0.85401490
v -0.44223410 0.63761670 -0.87678430
v -0.44855030 0.62550480 -0.87850620
v -0.45091210 0.62352930 -0.86881140
v -0.45068610 0.60861050 -0.86755880
v -0.44927150 0.72981520 -0.83592960
v -0.45789060 0.67744580 -0.62252960
v -0.46256400 0.61482260 -0.58819980
v -0.45267970 1.19298200 -0.59623480
v -0.43636490 1.20195700 -0.57144960
v -0.44460080 1.27586900 -0.67271230
v -0.45415100 1.23847900 -0.65376830
v -0.48133020 0.61450260 -0.82384030
v -0.50147300 0.60369850 -0.80001940
v -0.49463610 0.62040460 -0.81350660
v -0.47743200 0.58886750 -0.62574740
v -0.47341740 0.60227250 -0.63142730
v -0.48133850 0.62799050 -0.64893990
v -0.48594770 0.61004040 -0.65810040
v -0.48482850 0.57007690 -0.63380020
v -0.49645430 0.61918460 -0.68547510
v -0.49485020 0.60136320 -0.69161380
v -0.49549360 0.60879230 -0.67324700
v -0.49095940 0.62953230 -0.66710920
v -0.45898050 0.85278030 -0.80165200
v -0.46056090 0.97401660 -0.74792610
v -0.46149540 1.17935200 -0.73559420
v -0.45908330 1.15856900 -0.73878280
v -0.46306800 1.14164100 -0.72273030
v -0.43975350 0.65106960 -0.87110680
v -0.44246580 0.65367120 -0.86285410
v -0.43634600 0.66804310 -0.86011170
v -0.45232460 0.72190730 -0.61793680
v -0.44713130 0.75536610 -0.62260730
v -0.46141220 0.64767750 -0.62166580
v -0.45898000 0.66178780 -0.61642640
v -0.40383210 1.24690900 -0.58026610
v -0.41509850 1.23677300 -0.58778500
v -0.44627540 1.21415200 -0.60487000
v -0.45338160 1.16590700 -0.57235360
v -0.44070370 1.18140200 -0.56782740
v -0.47205550 1.21510600 -0.69012010
v -0.46546210 1.23181500 -0.67553570
v -0.45565970 1.25392600 -0.67368050
v -0.46413610 1.22171500 -0.65735000
v -0.48195900 1.19093400 -0.67106020
v -0.47396200 1.20389900 -0.65540320
v -0.47319300 1.21037100 -0.67575460
v -0.50107520 0.62143370 -0.79852500
v -0.50273520 0.60772010 -0.78280230
v -0.50104620 0.60351630 -0.76713930
v -0.46461650 0.62581330 -0.62396070
v -0.47119290 0.63720010 -0.64003960
v -0.46638790 0.65600970 -0.63530470
v -0.46657280 0.67269420 -0.63963890
v -0.45498450 0.70211270 -0.62044440
v -0.45425870 0.83032410 -0.59836270
v -0.45694200 0.83912980 -0.57681250
v -0.46199130 0.84846220 -0.59390020
v -0.45455710 0.83598430 -0.62023990
v -0.44682040 0.81846640 -0.82698320
v -0.46324780 0.95523220 -0.57198910
v -0.46684600 0.93659740 -0.58139910
v -0.46090940 1.00957400 -0.74035110
v -0.45855700 1.04675700 -0.73634020
v -0.45254980 0.96172230 -0.76024300
v -0.45967910 0.99295460 -0.74647070
v -0.45224500 0.95080960 -0.77587600
v -0.45060220 1.09303900 -0.56254840
v -0.46055830 1.10193400 -0.72608740
v -0.45906020 1.08361400 -0.72967350
v -0.47116090 1.16869200 -0.71293870
v -0.45586360 1.13583900 -0.73886760
v -0.47349610 1.14679100 -0.70635420
v -0.43656690 0.68263590 -0.85426820
v -0.45375810 0.62175640 -0.84184300
v -0.43044260 0.71349370 -0.85927540
v -0.43571780 0.73763380 -0.84664420
v -0.44059800 0.71891060 -0.60476870
v -0.43654650 0.74950800 -0.60299200
v -0.44178120 0.78746210 -0.60264700
v -0.44576610 0.80437150 -0.60204290
v -0.45527350 0.81790000 -0.62534490
v -0.44575450 0.69950030 -0.60693050
v -0.43534570 1.22051000 -0.60192840
v -0.44081960 1.20707400 -0.58652110
v -0.46142410 1.20326900 -0.61450390
v -0.45236640 1.22848700 -0.63815170
v -0.44827760 1.22339700 -0.62062380
v -0.44311730 1.19097000 -0.58034900
v -0.44871240 1.16401000 -0.55719520
v -0.45560160 1.17877400 -0.58531960
v -0.48124090 0.62473360 -0.82311600
v -0.49781080 0.62975700 -0.78139200
v -0.47551410 0.67459680 -0.65535040
v -0.47368820 0.69622970 -0.65600780
v -0.45992770 0.70976430 -0.63982600
v -0.46545520 0.72134160 -0.65412550
v -0.48589550 0.66566080 -0.67072420
v -0.47601890 0.65784690 -0.65284630
v -0.46606910 0.86874940 -0.58319390
v -0.46625040 0.88488800 -0.57879160
v -0.46899960 0.90088170 -0.58561380
v -0.44873410 0.81717950 -0.59419410
v -0.44939180 0.81998760 -0.60948400
v -0.44796150 0.85294670 -0.82059920
v -0.43303720 0.81170040 -0.83973070
v -0.44199490 0.79971110 -0.83594610
v -0.45448970 0.97585810 -0.56109650
v -0.45946180 0.99964830 -0.56971670
v -0.47122480 0.97512080 -0.60493990
v -0.46124710 1.01999000 -0.57383260
v -0.45103280 1.05247100 -0.75304150
v -0.45493370 1.07073100 -0.74396460
v -0.46688700 0.98117440 -0.73075150
v -0.45649710 0.91064370 -0.78818740
v -0.44860210 1.11087800 -0.55946410
v -0.44997580 1.12655800 -0.56094540
v -0.46208950 1.10822000 -0.57902940
v -0.46150740 1.09183400 -0.58427570
v -0.46321890 1.08748600 -0.70983990
v -0.46118820 1.06641500 -0.72110650
v -0.46004810 1.12407400 -0.72100300
v -0.47393670 1.12952400 -0.70686900
v -0.44588500 0.64200390 -0.85302350
v -0.45402660 0.66496990 -0.83444680
v -0.44408500 0.65787450 -0.84748250
v -0.44282420 0.70657440 -0.84191380
v -0.44009550 0.68831580 -0.84663150
v -0.45630610 0.69552440 -0.83061770
v -0.44767820 0.67603160 -0.83952320
v -0.44494910 0.74325610 -0.83927420
v -0.43269170 0.77482050 -0.84538620
v -0.44586140 0.73622060 -0.61706980
v -0.45845230 0.75612330 -0.64473510
v -0.46005700 0.73463520 -0.63370060
v -0.45217440 0.76471990 -0.62971040
v -0.44075390 0.76995150 -0.60757260
v -0.44211250 0.79400210 -0.58598450
v -0.46069000 0.78933650 -0.63476690
v -0.48265940 1.17229500 -0.62402940
v -0.48374530 1.18449200 -0.64651410
v -0.44178600 1.24118600 -0.63470730
v -0.44873370 1.14424600 -0.55826740
v -0.46719620 1.16581000 -0.58648270
v -0.47045440 1.18180900 -0.60459830
v -0.48034600 1.15879700 -0.60356460
v -0.47239890 1.19310500 -0.63065670
v -0.49498900 0.62934630 -0.81302780
v -0.49963090 0.63730050 -0.79638830
v -0.49909290 0.62173540 -0.76628980
v -0.49087370 0.67382320 -0.73580500
v -0.48791170 0.64781400 -0.66773420
v -0.47044810 0.90547690 -0.60806210
v -0.47260630 0.87183600 -0.62168190
v -0.47399490 0.88871020 -0.62366650
v -0.45422390 0.88954960 -0.79928900
v -0.45759440 0.86808570 -0.79818340
v -0.45704330 0.89761550 -0.77497180
v -0.46297850 0.88735610 -0.76031620
v -0.45919350 0.87718550 -0.78293480
v -0.46307990 0.85909790 -0.77846110
v -0.46286230 0.83827930 -0.78678690
v -0.44637370 0.78538890 -0.83393180
v -0.45453270 0.80437370 -0.82153610
v -0.45972710 0.81994180 -0.81244330
v -0.46617240 0.97890160 -0.58089860
v -0.46697730 1.00048300 -0.58683610
v -0.46892850 1.01607600 -0.59697330
v -0.47045150 1.00366600 -0.61131650
v -0.46934580 1.02575600 -0.60621180
v -0.45404600 0.91922960 -0.55439820
v -0.45895200 1.04051200 -0.56637600
v -0.45706470 1.05974700 -0.56540030
v -0.46782460 1.04745000 -0.59913260
v -0.46305560 1.04296600 -0.71917130
v -0.46247580 1.13464700 -0.57160430
v -0.46040320 1.12006600 -0.57178890
v -0.47856060 1.11665000 -0.60632480
v -0.47127560 1.08308400 -0.61551530
v -0.45819420 1.07515700 -0.57336760
v -0.46410440 1.06859100 -0.70298490
v -0.47265490 1.09103300 -0.67432730
v -0.48566750 1.13374400 -0.69217570
v -0.44735730 0.63054060 -0.85805010
v -0.45198910 0.64838170 -0.83792990
v -0.46845840 0.62875980 -0.82874620
v -0.48289570 0.63736410 -0.82060690
v -0.43983410 0.71621700 -0.84231590
v -0.43569610 0.69859220 -0.85172320
v -0.45843890 0.71538510 -0.82835250
v -0.44050030 0.76417110 -0.84290200
v -0.46898520 0.74331050 -0.65340280
v -0.44824300 0.80102010 -0.62073360
v -0.46207290 1.15262900 -0.57118510
v -0.49818750 0.61496920 -0.75057170
v -0.49363600 0.63949550 -0.72546780
v -0.47699890 0.70821190 -0.66988990
v -0.47056270 0.92286400 -0.59225650
v -0.47095590 0.88244160 -0.60151370
v -0.46718370 0.89184310 -0.67405450
v -0.47237670 0.87632230 -0.64210940
v -0.46421130 0.87332190 -0.76517940
v -0.46306800 0.90714470 -0.75284650
v -0.47117460 0.84139650 -0.76734440
v -0.45819740 0.83808730 -0.81049650
v -0.44824490 0.83410870 -0.82354190
v -0.46375420 1.05647900 -0.58266000
v -0.46579090 1.03432100 -0.58477800
v -0.46717570 1.12355600 -0.58749870
v -0.47886750 1.12741600 -0.59908040
v -0.46748200 1.08905700 -0.59996790
v -0.46815540 1.07306400 -0.59628730
v -0.46910820 1.03871500 -0.61561070
v -0.47042250 1.02682400 -0.63246470
v -0.47081740 1.01379900 -0.62632740
v -0.47119430 0.99574310 -0.63340860
v -0.47269640 0.97897650 -0.62265560
v -0.47101020 0.97628810 -0.64338630
v -0.47463350 0.95748340 -0.65556350
v -0.47139880 0.94182250 -0.62939560
v -0.47014110 1.01271200 -0.64714780
v -0.47201390 0.95387550 -0.64349510
v -0.47569200 0.93577690 -0.64760330
v -0.47063040 1.00084400 -0.66747380
v -0.47472710 0.92243570 -0.63662600
v -0.47100980 0.92344020 -0.61739640
v -0.46837600 0.90786650 -0.66438420
v -0.47388790 0.89807090 -0.64650040
v -0.47454090 0.90783850 -0.63071900
v -0.46685690 1.05555800 -0.68121240
v -0.46851790 1.03385000 -0.66848670
v -0.46874070 1.04931200 -0.65748080
v -0.46712950 1.08013100 -0.68790370
v -0.47158760 1.06845900 -0.64351810
v -0.47334670 1.07939900 -0.63233720
v -0.47069660 1.06193700 -0.61830030
v -0.47840540 1.10879900 -0.68131170
v -0.49483300 1.15323700 -0.65285550
v -0.47784220 1.11850000 -0.69333500
v -0.46589120 0.64075670 -0.82911040
v -0.47373460 1.14286300 -0.58677440
v -0.49575400 0.61388600 -0.70376630
v -0.49505100 0.60043050 -0.71536280
v -0.49338820 0.64798720 -0.76471010
v -0.49612740 0.63219260 -0.74607750
v -0.49382000 0.66437460 -0.70006180
v -0.46311080 0.85418210 -0.61780330
v -0.46479810 0.95094280 -0.74432960
v -0.46785700 0.80563340 -0.80189470
v -0.46177820 0.77427970 -0.81616840
v -0.47042710 0.75567760 -0.81330180
v -0.46480140 0.73533200 -0.82246920
v -0.46979500 0.79201970 -0.80440810
v -0.45934580 0.79108060 -0.81827600
v -0.45173820 0.77221710 -0.83124500
v -0.47572330 0.80998200 -0.74266180
v -0.46529250 0.82378160 -0.79577140
v -0.46945140 0.81816030 -0.77879250
v -0.47388240 0.83131580 -0.76645770
v -0.47520940 0.76871950 -0.67338920
v -0.48365510 0.75701590 -0.76529350
v -0.47859440 0.81683170 -0.76223350
v -0.46766140 0.76478320 -0.66272960
v -0.48017940 0.79464700 -0.76743040
v -0.47390540 0.78050900 -0.78626220
v -0.47374890 0.77181840 -0.80436580
v -0.47750690 0.78815560 -0.74465760
v -0.47321920 0.84684000 -0.74540850
v -0.47160820 0.80180100 -0.78230160
v -0.48203540 0.77898830 -0.76580120
v -0.46321740 0.77487580 -0.64518880
v -0.46753080 0.99423650 -0.72399050
v -0.46753100 0.99968990 -0.70378500
v -0.46972830 0.92665410 -0.66487490
v -0.46956560 1.01848500 -0.66674610
v -0.46932960 1.03088000 -0.65187720
v -0.47393690 1.10225900 -0.61439170
v -0.48664290 1.11524400 -0.64345920
v -0.48364190 1.11352200 -0.62495480
v -0.48842900 1.12795200 -0.61983510
v -0.47851850 1.09815800 -0.63476120
v -0.48292130 1.10581200 -0.65086510
v -0.46962000 1.04582700 -0.63502020
v -0.46848630 1.09979600 -0.69290020
v -0.49029300 1.16615500 -0.64142970
v -0.49069780 1.17238500 -0.66276540
v -0.49115770 1.14655700 -0.62907530
v -0.48666660 1.17392400 -0.68300070
v -0.49226410 1.13952200 -0.68085320
v -0.49194790 1.12814200 -0.65390090
v -0.49364860 1.15796200 -0.67049360
v -0.48790550 1.11630300 -0.66140770
v -0.48989050 1.12482900 -0.63650760
v -0.48883790 1.12543000 -0.67529260
v -0.49366340 0.61939310 -0.72673150
v -0.49077510 0.66092790 -0.75370370
v -0.48966790 0.69102630 -0.77581000
v -0.49074740 0.66832520 -0.77076460
v -0.47579440 0.70884010 -0.81681440
v -0.49114830 0.66846190 -0.68494270
v -0.49269610 0.66200590 -0.72217410
v -0.48379480 0.68483330 -0.67444840
v -0.48749590 0.69821230 -0.68569560
v -0.49237210 0.68134240 -0.69392820
v -0.49324250 0.67993660 -0.71267410
v -0.46964420 0.86417440 -0.60236570
v -0.46706060 0.92803840 -0.74434770
v -0.47208450 0.94190120 -0.72800620
v -0.47317320 0.93983350 -0.70082500
v -0.47415000 0.93329670 -0.71625280
v -0.47725290 0.84911510 -0.72495400
v -0.47510020 0.74922500 -0.67144100
v -0.48261640 0.76224010 -0.70193860
v -0.47835520 0.74066640 -0.80535340
v -0.46961590 0.94725000 -0.66708040
v -0.46658170 1.00779900 -0.68854560
v -0.46626690 1.03109600 -0.68798230
v -0.47957960 1.10262000 -0.66678520
v -0.48418670 1.14057600 -0.60807570
v -0.48680340 1.15664700 -0.61947310
v -0.47798820 1.19566200 -0.69212770
v -0.48234970 1.17375300 -0.69931260
v -0.49095420 1.15624100 -0.68447790
v -0.49305520 1.13801100 -0.64256960
v -0.46283540 0.67831500 -0.82712390
v -0.49550040 0.62809540 -0.71016570
v -0.49254810 0.65090300 -0.74371520
v -0.49433880 0.64758130 -0.70858450
v -0.49064780 0.71210530 -0.69813800
v -0.46815300 0.93276250 -0.68514330
v -0.46905610 0.91091460 -0.68757130
v -0.47525580 0.92152710 -0.70446120
v -0.47548000 0.90831700 -0.72064080
v -0.46629740 0.87700610 -0.66208880
v -0.46882660 0.89151470 -0.65610780
v -0.46836180 0.95508760 -0.68866960
v -0.46979110 0.96436690 -0.72686240
v -0.47543310 0.87943170 -0.72660740
v -0.47465880 0.86329300 -0.73342040
v -0.47107680 0.87871090 -0.74412240
v -0.45493130 0.80467370 -0.63883750
v -0.46617390 0.79572640 -0.65144740
v -0.46806760 0.80293170 -0.66621060
v -0.47583390 0.78439140 -0.67781050
v -0.47419110 0.79991020 -0.67744830
v -0.47598770 0.78575170 -0.69471390
v -0.48358450 0.80201350 -0.72851600
v -0.48506380 0.79839190 -0.71134000
v -0.47164600 0.78555790 -0.66356710
v -0.47320540 0.73195090 -0.67342110
v -0.48008980 0.74346780 -0.69052500
v -0.48601200 0.74558920 -0.71471990
v -0.48623540 0.76526330 -0.72185600
v -0.48663400 0.72919680 -0.70366670
v -0.47657760 0.76479410 -0.68492260
v -0.47889960 0.75738830 -0.79643840
v -0.48438310 0.73733570 -0.76015330
v -0.48397220 0.73751810 -0.77953810
v -0.48310910 0.74904960 -0.75045010
v -0.48570330 0.78379880 -0.72793120
v -0.48763370 0.68196780 -0.75721380
v -0.48629340 0.69491840 -0.75555910
v -0.48887200 0.70489000 -0.73524830
v -0.47765250 0.69406340 -0.81765620
v -0.48366520 0.64985780 -0.81835590
v -0.49158220 0.69376880 -0.72667120
v -0.49228830 0.69867640 -0.70580050
v -0.48240530 0.72068120 -0.68557370
v -0.45618820 0.91645270 -0.76362650
v -0.45547080 0.93732510 -0.75738580
v -0.45658070 0.92820790 -0.77739800
v -0.46487660 0.85986870 -0.65799720
v -0.46722250 0.86136270 -0.67545170
v -0.46366050 0.84611720 -0.65286870
v -0.46319980 0.84159290 -0.63843240
v -0.47722980 0.86516650 -0.71539390
v -0.47133320 0.88738190 -0.69173710
v -0.46556780 0.81799840 -0.66568980
v -0.46816340 0.97184160 -0.69617790
v -0.47245510 0.95447540 -0.70699180
v -0.47531610 0.89306250 -0.72554090
v -0.47696380 0.89806590 -0.70702340
v -0.47000920 0.86124140 -0.75306840
v -0.48152090 0.81837150 -0.72282580
v -0.47848610 0.83562830 -0.71203190
v -0.47411710 0.83268680 -0.73458170
v -0.47507050 0.80686320 -0.69587390
v -0.47089130 0.82291140 -0.68001340
v -0.46684470 0.84178670 -0.67262360
v -0.47359060 0.82940660 -0.69425910
v -0.47272580 0.84632160 -0.69224380
v -0.48042760 0.81714410 -0.70410130
v -0.48700680 0.72931950 -0.72510890
v -0.48507730 0.73506940 -0.74160650
v -0.49038250 0.71459050 -0.71585330
v -0.48022690 0.76766780 -0.74446530
v -0.48298720 0.72218440 -0.80113860
v -0.48554370 0.70750020 -0.74920480
v -0.48691720 0.70574900 -0.76769140
v -0.46888870 0.65924970 -0.82527250
v -0.49350230 0.64116470 -0.81147350
v -0.46740320 0.87688670 -0.67796720
v -0.47373710 0.86663870 -0.69394520
v -0.47624180 0.85199790 -0.70656890
v -0.45871330 0.81400910 -0.64893120
v -0.46742270 0.98660840 -0.68364710
v -0.47728380 0.88161850 -0.70884920
v -0.48703500 0.71789800 -0.73578390
v -0.48460570 0.74924090 -0.73465710
v -0.48469760 0.72100100 -0.75426040
v -0.48667980 0.70196750 -0.80152860
v -0.48822290 0.71732980 -0.78793010
v -0.48849580 0.71815220 -0.77389560
v -0.47619310 0.67891560 -0.82029710
v -0.48611480 0.66664000 -0.81443000
v -0.49685690 0.65856000 -0.80286490
v -0.49539690 0.68155360 -0.79728810
v -0.49390690 0.70051990 -0.78722570
v -0.48805710 0.68560730 -0.80793700
v -0.49520110 0.58719940 -0.68157460
v -0.40049260 1.32955800 -0.65872760
v -0.40862480 1.33098500 -0.67421390
v -0.40881760 1.31423000 -0.65758220
v -0.43110990 1.29502600 -0.66985570
v -0.42085030 1.29499500 -0.65622950
v -0.42005820 1.31395200 -0.67224750
v -0.43195960 1.30937500 -0.68264080
v -0.47032950 0.95790360 -0.59703350
v -0.46665400 1.01374500 -0.71687300
v -0.46406130 1.02687000 -0.72555380
v -0.47263140 0.94094970 -0.60919580
v -0.48577020 0.77942460 -0.71227630
v -0.24199610 1.14349900 -0.49966340
v -0.25476560 1.11703000 -0.49534610
v -0.26308820 1.09892600 -0.49728930
v -0.26485420 1.04532100 -0.49486770
v -0.26247820 1.02679800 -0.49266480
v -0.26157440 1.00719600 -0.48970760
v -0.25963390 0.98715090 -0.48781000
v -0.26047800 0.96565770 -0.48504130
v -0.25486390 0.93163910 -0.48301430
v -0.24353040 0.91444510 -0.48515520
v -0.23009200 0.85306580 -0.48644180
v -0.23156390 0.77830680 -0.48510830
v -0.23458160 0.76142070 -0.48371970
v -0.23887280 0.74273030 -0.48201840
v -0.24494500 0.72465200 -0.48016140
v -0.25130220 0.70964690 -0.47763590
v -0.25331920 0.68784790 -0.48177960
v -0.26681290 0.67649940 -0.47280700
v -0.28964580 0.62687360 -0.46495250
v -0.29101480 0.60679890 -0.46719170
v -0.30519360 0.58450320 -0.46049820
v -0.31424770 0.56789770 -0.45679890
v -0.32315600 0.55502990 -0.45403100
v -0.32325140 0.55267500 -0.45367360
v -0.32346860 0.55075190 -0.45461940
v -0.33649460 0.54918530 -0.44535640
v -0.34861060 0.55369800 -0.44093350
v -0.36273990 0.56056360 -0.43720760
v -0.37682630 0.56786750 -0.43304180
v -0.39010570 0.57525350 -0.42730060
v -0.40223400 0.58385250 -0.42010670
v -0.41468540 0.59335450 -0.41360260
v -0.42897500 0.60186690 -0.41613650
v -0.43940710 0.60717950 -0.42640930
v -0.44894840 0.61206560 -0.43651470
v -0.45624240 0.61659220 -0.44633890
v -0.45984240 0.61701600 -0.45895560
v -0.46542240 0.61821830 -0.47057810
v -0.46633940 0.61824190 -0.47733440
v -0.46686670 0.61705350 -0.48004480
v -0.47048640 0.61222140 -0.49305230
v -0.47396240 0.60683930 -0.50672510
v -0.47639330 0.59771350 -0.52293600
v -0.47471760 0.58603710 -0.54100060
v -0.37967940 1.26444500 -0.55938670
v -0.36691060 1.27570100 -0.55115760
v -0.35028700 1.29020700 -0.54236210
v -0.33034890 1.31020300 -0.54039060
v -0.31097000 1.33188100 -0.54125430
v -0.29264230 1.35119400 -0.54031810
v -0.27399690 1.37057800 -0.54561140
v -0.24938640 1.37369600 -0.56180110
v -0.24696640 1.36193300 -0.53065180
v -0.23772590 1.35309800 -0.51429490
v -0.25054860 1.35328500 -0.49480030
v -0.26477590 1.34708700 -0.48482390
v -0.27719260 1.33396800 -0.48243210
v -0.28648880 1.31633300 -0.48429850
v -0.29380110 1.29623100 -0.48554600
v -0.30238290 1.27310700 -0.48621970
v -0.30799270 1.24667100 -0.48387140
v -0.30682600 1.22147800 -0.48245690
v -0.30054270 1.19503200 -0.48422150
v -0.28808410 1.17494400 -0.48714130
v -0.27022670 1.15819400 -0.49151140
v -0.46524500 0.62428710 -0.53533740
v -0.38960640 1.25009300 -0.56461800
v -0.35282140 1.24768400 -0.51061350
v -0.25397790 1.37004900 -0.54361530
v -0.34195380 0.64400860 -0.44484400
v -0.45407930 0.64160520 -0.49777500
v -0.33588520 1.28199000 -0.51979780
v -0.30634080 1.31651100 -0.51837610
v -0.26316800 1.36220300 -0.52664420
v -0.29249640 1.34122100 -0.52829410
v -0.36211210 0.61325630 -0.43604750
v -0.46751310 0.61017320 -0.52314880
v -0.33537260 1.29522200 -0.53304100
v -0.31627610 1.31819200 -0.53380940
v -0.25977580 1.35816600 -0.50859500
v -0.28017050 1.34448400 -0.50095900
v -0.27780640 1.36214900 -0.53276700
v -0.44686510 0.64286090 -0.46366280
v -0.38730870 0.62249010 -0.43346140
v -0.34118880 0.56154580 -0.44284090
v -0.46111200 0.62638600 -0.48932150
v -0.45812230 0.63154080 -0.47740780
v -0.45175380 0.62884460 -0.45643450
v -0.37949940 0.58604740 -0.43333070
v -0.41718170 0.61369400 -0.41747230
v -0.46255600 0.62369370 -0.51196710
v -0.43815730 0.62677130 -0.43709530
v -0.44248290 0.63677040 -0.44925850
v -0.45730430 0.62848880 -0.46768980
v -0.44902460 0.62618320 -0.44704080
v -0.34750090 0.83560660 -0.46411990
v -0.37044810 1.07092200 -0.47415940
v -0.32189990 1.13186700 -0.48018030
v -0.45291720 0.63417770 -0.54973150
v -0.39022380 1.22409600 -0.53647950
v -0.42285710 0.75922570 -0.52851630
v -0.31731530 0.63593020 -0.44999660
v -0.46852350 0.60804370 -0.55276920
v -0.45695880 0.61547750 -0.55848970
v -0.30041600 1.32876500 -0.52478340
v -0.32013900 1.30146500 -0.52144860
v -0.32122930 1.28059800 -0.50409500
v -0.30833930 1.29719400 -0.50224970
v -0.30748510 1.28235600 -0.49357570
v -0.31526450 1.26350500 -0.49131790
v -0.29826370 1.31137600 -0.49874930
v -0.33004320 1.25682800 -0.49833930
v -0.32524800 1.23308500 -0.48741750
v -0.35111120 1.26469800 -0.52271060
v -0.33899840 1.26530700 -0.50906200
v -0.36710920 1.18849700 -0.48564140
v -0.37842260 1.25454400 -0.55056170
v -0.35517150 1.21023700 -0.49156620
v -0.34351900 1.23627900 -0.49698670
v -0.32957040 0.56551580 -0.44715890
v -0.32202260 0.57746020 -0.44917300
v -0.33915420 0.58067180 -0.44348090
v -0.34490750 0.61354730 -0.44438220
v -0.34074550 0.59778420 -0.44502620
v -0.35487460 0.59803240 -0.43822860
v -0.33016390 0.61359950 -0.44633950
v -0.31502440 0.59837270 -0.45144970
v -0.36622660 0.58005020 -0.43526680
v -0.35260590 0.57889240 -0.44096190
v -0.35152590 0.62967050 -0.44295950
v -0.33382880 0.62597230 -0.44593090
v -0.37964640 0.60698290 -0.43448320
v -0.39155750 0.59926240 -0.42899670
v -0.40287580 0.60765710 -0.42107800
v -0.28062940 1.35170600 -0.51894260
v -0.41872120 0.63681940 -0.42484650
v -0.29347970 0.83877510 -0.47452390
v -0.41266500 0.80979510 -0.51240310
v -0.31148850 0.95789040 -0.47265560
v -0.39661780 0.99939240 -0.48735310
v -0.29656770 1.15284900 -0.48133890
v -0.45818070 0.62708550 -0.57069560
v -0.31823360 1.20554800 -0.48373040
v -0.33809600 1.20953100 -0.48583230
v -0.34795320 1.18708000 -0.48119450
v -0.30373040 0.63279520 -0.45585740
v -0.29273170 0.67970970 -0.45843460
v -0.45867620 0.64463980 -0.53486080
v -0.45784960 0.63806830 -0.51578240
v -0.35132660 1.27622500 -0.53356780
v -0.36508710 1.25803800 -0.53472380
v -0.37811410 1.24042900 -0.53623440
v -0.36293230 1.24803100 -0.52268260
v -0.37584980 1.22788800 -0.52041470
v -0.38951630 1.23776900 -0.55125990
v -0.40672370 1.23222800 -0.56682270
v -0.40474390 1.21906400 -0.55113560
v -0.36874200 0.59781970 -0.43465920
v -0.32663360 0.59544320 -0.44654020
v -0.31703690 0.61462040 -0.44975060
v -0.30539160 0.61207950 -0.45644320
v -0.42846770 0.66611830 -0.45017940
v -0.44241290 0.66104850 -0.47336330
v -0.43662660 0.69019500 -0.49244130
v -0.43599760 0.67788310 -0.47773390
v -0.43799070 0.65247340 -0.45724550
v -0.43111790 0.67071960 -0.46164950
v -0.42923850 0.64476030 -0.43975760
v -0.42082050 0.65614880 -0.43469190
v -0.40795680 0.69683310 -0.44984420
v -0.42964670 0.69528650 -0.48225700
v -0.42699210 0.68812870 -0.46696730
v -0.41715710 0.70354430 -0.46008540
v -0.42713110 0.71208300 -0.49369460
v -0.43576780 0.70386920 -0.50839560
v -0.42915680 0.72611210 -0.50666260
v -0.41785530 0.73166890 -0.49354860
v -0.42859580 0.72023160 -0.52194970
v -0.41375810 0.72529280 -0.46600190
v -0.41999680 0.72192610 -0.48355320
v -0.43825740 0.68902010 -0.51899150
v -0.44192220 0.68473150 -0.50175060
v -0.44206210 0.67623060 -0.51572610
v -0.44665110 0.66280210 -0.51234260
v -0.42505450 0.73588770 -0.52118070
v -0.38149860 0.71220010 -0.44564370
v -0.36936380 0.64932930 -0.43656190
v -0.40141600 0.71368530 -0.45285310
v -0.42337360 0.70814670 -0.47768380
v -0.42334010 0.74326510 -0.50388650
v -0.43285460 0.70417110 -0.53002710
v -0.43094110 0.71816350 -0.53931850
v -0.35723650 0.64989170 -0.44236330
v -0.36612720 0.67254600 -0.44155360
v -0.38057190 0.63908610 -0.43486270
v -0.43775550 0.68491810 -0.54151400
v -0.37045460 0.62761650 -0.43467230
v -0.42867590 0.73028170 -0.54569360
v -0.43864650 0.68024450 -0.56623880
v -0.43599690 0.70078300 -0.55306440
v -0.45134330 0.64459380 -0.47623660
v -0.44809370 0.65613400 -0.49704220
v -0.25672500 0.83509030 -0.48014100
v -0.43612080 0.86838940 -0.53313350
v -0.42190420 0.77847690 -0.55039080
v -0.30201450 1.04125300 -0.48272560
v -0.29802340 1.07274000 -0.48279190
v -0.42766400 1.10360400 -0.50994110
v -0.43336700 1.07252400 -0.51939510
v -0.44212800 1.04061900 -0.53082600
v -0.27801050 1.11217200 -0.49363340
v -0.28628960 1.12719500 -0.49037870
v -0.26860640 1.12779100 -0.49121140
v -0.29387320 1.10952400 -0.48536850
v -0.28511380 1.15981600 -0.48843380
v -0.30882980 1.18147900 -0.48255290
v -0.26632770 1.14651900 -0.49246770
v -0.44809370 0.64445550 -0.57744570
v -0.37198400 1.20964500 -0.50058790
v -0.34900770 1.15632500 -0.47217710
v -0.41428820 1.19909100 -0.54503270
v -0.42934900 0.72945600 -0.58427560
v -0.29047960 0.64837160 -0.46187070
v -0.27975510 0.68749340 -0.46402840
v -0.26368490 0.72004040 -0.46905940
v -0.40042520 1.20710200 -0.53139500
v -0.41558180 0.67224850 -0.43943000
v -0.42063910 0.68389630 -0.45331140
v -0.45071080 0.65523510 -0.54847440
v -0.45070590 0.66333920 -0.53089660
v -0.44392630 0.67341700 -0.53481980
v -0.45483400 0.65237770 -0.52265200
v -0.39596370 0.64602720 -0.43187160
v -0.43529320 0.69434560 -0.57330990
v -0.42584130 0.72675330 -0.56706100
v -0.42743080 0.74766270 -0.53837680
v -0.42060690 0.76082030 -0.54860570
v -0.44309770 0.67637020 -0.58416370
v -0.44755800 0.66429610 -0.58054200
v -0.45268100 0.64373870 -0.48540480
v -0.44934480 0.65774790 -0.48611590
v -0.44504300 0.67115670 -0.48699300
v -0.45053870 0.65068530 -0.50781940
v -0.25315180 0.85250340 -0.47992710
v -0.25066020 0.80852400 -0.47483070
v -0.23362980 0.83757760 -0.48334530
v -0.23602470 0.81871730 -0.48086760
v -0.42775160 0.90020410 -0.52275180
v -0.42435800 0.76404170 -0.57017520
v -0.25972880 0.94742180 -0.48315660
v -0.28017490 0.95251920 -0.48626840
v -0.27101250 0.91898210 -0.48185300
v -0.27806850 0.97447720 -0.48801730
v -0.29203920 0.98293660 -0.48748900
v -0.44386790 1.01219200 -0.53718760
v -0.43787750 0.93461170 -0.53715700
v -0.43736250 0.95601080 -0.53164230
v -0.44872000 0.95429360 -0.55253700
v -0.27189890 1.07785600 -0.49433780
v -0.28295760 1.09265800 -0.49082770
v -0.43633230 1.10965200 -0.52884810
v -0.43319030 1.08901600 -0.51902110
v -0.44128960 0.66348360 -0.55963240
v -0.36017530 1.22832400 -0.50427650
v -0.38684090 1.20869000 -0.51491990
v -0.39792520 1.17554800 -0.49382580
v -0.39755830 1.19158400 -0.50955470
v -0.41469780 1.18746900 -0.52729680
v -0.38297090 1.19078200 -0.49391530
v -0.43060830 1.18576500 -0.54286290
v -0.43018880 1.16745000 -0.52774760
v -0.39323570 0.69870230 -0.44253730
v -0.44772530 0.64422220 -0.56058170
v -0.41030680 0.64694600 -0.42605520
v -0.40505670 0.63129870 -0.42373270
v -0.42333130 0.74413080 -0.55417800
v -0.44674970 0.66994220 -0.49936970
v -0.24314280 0.87290100 -0.48188590
v -0.26795390 0.86878340 -0.48254720
v -0.27648400 0.85041540 -0.47901840
v -0.28799760 0.86724660 -0.47682420
v -0.26077540 0.81994900 -0.47520750
v -0.28226940 0.82292870 -0.47409980
v -0.30169960 0.85517150 -0.47347670
v -0.30495400 0.87292640 -0.47344380
v -0.23616110 0.79614680 -0.48004340
v -0.25720360 0.79456400 -0.47136560
v -0.27230840 0.80811660 -0.46997150
v -0.27837050 0.79149300 -0.47041210
v -0.29479560 0.82364680 -0.47268360
v -0.24838340 0.75755510 -0.47286960
v -0.24490610 0.77625440 -0.47465520
v -0.45197350 0.86496940 -0.55170620
v -0.45063500 0.84057000 -0.55570390
v -0.43632100 0.80349940 -0.56592280
v -0.43599540 0.79026930 -0.56718340
v -0.29705020 0.96321030 -0.48469720
v -0.25986300 0.90469390 -0.48180670
v -0.24319600 0.89496190 -0.48291910
v -0.28839940 0.88604820 -0.48076310
v -0.30440780 0.89910240 -0.47702060
v -0.28405170 0.90422460 -0.48333040
v -0.29782780 0.91831690 -0.48240860
v -0.31390680 0.90898720 -0.46695990
v -0.31064530 0.88609560 -0.47191650
v -0.27968670 0.93186330 -0.48437530
v -0.30037650 0.94078080 -0.48228740
v -0.33981610 0.89382350 -0.45859660
v -0.27954400 0.99725040 -0.48910290
v -0.30728300 1.02186600 -0.48167950
v -0.28408830 1.01448000 -0.48837010
v -0.44078300 0.90957730 -0.54142260
v -0.42743700 0.92202720 -0.51986890
v -0.43228580 1.14531300 -0.52494940
v -0.43211550 1.05350600 -0.51780070
v -0.42271300 1.06006000 -0.50631920
v -0.44309710 1.05954600 -0.53492320
v -0.26088240 0.73764730 -0.46851660
v -0.27088800 0.75690940 -0.47007470
v -0.29377600 0.71946410 -0.45735190
v -0.26668180 0.69887060 -0.46948460
v -0.40606700 0.68305720 -0.44072190
v -0.38241550 0.66348430 -0.43429280
v -0.39728180 0.67285210 -0.43353210
v -0.38671100 0.68258850 -0.43677230
v -0.40276590 0.66092370 -0.42977700
v -0.43928830 0.69257340 -0.58887520
v -0.43080820 0.71262190 -0.57813840
v -0.41768430 0.77675910 -0.52614530
v -0.27595390 0.83253260 -0.47689870
v -0.31514990 0.86224730 -0.46494990
v -0.31835370 0.87490440 -0.46481650
v -0.32580290 0.84113310 -0.46141310
v -0.31503390 0.83108040 -0.46361160
v -0.32455940 0.85913940 -0.46087560
v -0.31441330 0.84628370 -0.46399060
v -0.43109440 0.85242110 -0.52858710
v -0.44289210 0.84700410 -0.54140140
v -0.41170970 0.83677160 -0.50931150
v -0.41757400 0.85895310 -0.51396260
v -0.42216440 0.84292250 -0.51996740
v -0.42298940 0.82293270 -0.52464840
v -0.43221250 0.77430890 -0.56726650
v -0.43043600 0.79072230 -0.55018540
v -0.42181120 0.79460060 -0.53350670
v -0.43273740 0.74688560 -0.58361820
v -0.42477040 0.74737470 -0.56800540
v -0.33185420 0.95882880 -0.46396700
v -0.26428680 0.88951850 -0.48378360
v -0.31192410 0.92514880 -0.47034570
v -0.33851240 0.87218300 -0.46079920
v -0.32436810 0.88790640 -0.46040100
v -0.37747710 0.87845860 -0.47840860
v -0.34243630 0.85129960 -0.46243270
v -0.35459840 0.88326140 -0.46605020
v -0.36350780 0.86900180 -0.47098920
v -0.31678620 0.89489730 -0.46423480
v -0.28328790 1.02980900 -0.48809110
v -0.30386610 1.00129200 -0.48275660
v -0.30674300 0.97667240 -0.47645510
v -0.44810420 0.99010480 -0.54693240
v -0.43431840 0.97345990 -0.52675750
v -0.41842750 0.97460270 -0.50722790
v -0.40599030 0.96030050 -0.49609660
v -0.43199300 0.99310140 -0.52166270
v -0.28151940 1.04435100 -0.48926920
v -0.26905600 1.05985200 -0.49473700
v -0.31547980 1.05404000 -0.47798780
v -0.41361730 1.10053100 -0.49196350
v -0.41974830 1.11320100 -0.49669590
v -0.40139430 1.08723400 -0.48661980
v -0.27860060 0.72132470 -0.46358320
v -0.29432330 0.69723080 -0.45747480
v -0.41598640 0.77322170 -0.51133490
v -0.42016840 0.77103760 -0.55068540
v -0.30529590 0.83561120 -0.47081460
v -0.43149510 0.81787700 -0.54624500
v -0.42440610 0.88012590 -0.52165440
v -0.41020700 0.87672310 -0.50377140
v -0.42966630 0.80246480 -0.55013720
v -0.41363370 0.79345450 -0.51380940
v -0.31969180 0.94220570 -0.46661100
v -0.33921110 0.94074530 -0.46320410
v -0.32630420 0.92381320 -0.46065560
v -0.33013730 0.90615640 -0.45919160
v -0.34680160 0.91919240 -0.46301680
v -0.35421040 0.90617540 -0.46480440
v -0.43562770 0.88992790 -0.53525950
v -0.44532690 0.97185710 -0.54353840
v -0.42059200 0.95375910 -0.51085910
v -0.38264760 0.93732870 -0.48029490
v -0.40116640 0.98009280 -0.49114100
v -0.28959400 1.05841500 -0.48645650
v -0.30315730 1.08792300 -0.47959630
v -0.31020220 1.10292200 -0.47550280
v -0.41861440 1.07443100 -0.50066680
v -0.42026420 1.15350300 -0.50583570
v -0.41167590 1.17652600 -0.50973460
v -0.40913880 1.16432000 -0.49540980
v -0.38861930 1.14026500 -0.47609650
v -0.39561710 1.15574800 -0.48150620
v -0.38103120 1.16869200 -0.48047160
v -0.35969200 1.16879800 -0.47681200
v -0.35617800 1.12547800 -0.46856780
v -0.40645380 1.06207800 -0.49245490
v -0.41689500 1.08681600 -0.49772560
v -0.39653080 1.07427200 -0.48499480
v -0.28012060 0.70560860 -0.46309440
v -0.30876930 0.65809450 -0.45342650
v -0.32332590 0.64680200 -0.44893640
v -0.41877120 0.76150780 -0.50658090
v -0.43360680 0.83290560 -0.53563000
v -0.42307720 0.81208660 -0.52907750
v -0.42164930 0.80404400 -0.52998080
v -0.38546700 0.86349870 -0.48405830
v -0.41681310 0.89260310 -0.50980950
v -0.40478310 0.89024460 -0.49812640
v -0.41489580 0.90764030 -0.50676570
v -0.39078220 0.92250020 -0.48589270
v -0.41087800 0.92974570 -0.50224800
v -0.40043510 0.94417790 -0.49220310
v -0.35240900 0.93804280 -0.46579200
v -0.36645830 0.94480360 -0.47089640
v -0.41797030 0.78412630 -0.52862230
v -0.40287880 0.79708540 -0.49838640
v -0.40954130 0.78817670 -0.50560430
v -0.40449350 0.80579060 -0.50130430
v -0.40850910 0.78365360 -0.50157460
v -0.35619540 0.85668500 -0.46796810
v -0.36480360 0.89376850 -0.47064260
v -0.32460230 1.03749500 -0.47434970
v -0.32431210 1.01671500 -0.47071390
v -0.33508210 1.00215500 -0.46649660
v -0.31753240 0.99577970 -0.47161350
v -0.36326950 0.99098640 -0.46881090
v -0.34877940 1.02307200 -0.46660050
v -0.34709230 0.99099450 -0.46530090
v -0.34042270 1.03518100 -0.47020010
v -0.37737330 1.00486400 -0.47565640
v -0.37275820 1.02563800 -0.47351680
v -0.35548800 1.01148500 -0.46668720
v -0.35579650 1.03826200 -0.47042460
v -0.37974010 1.04476100 -0.47734580
v -0.34002160 0.97253690 -0.46434340
v -0.32713120 0.98263490 -0.46708160
v -0.41387460 0.99898690 -0.50143630
v -0.31871370 1.11649800 -0.47959860
v -0.40722920 1.14280100 -0.48596270
v -0.41880580 1.12914200 -0.49575270
v -0.40613040 1.11657300 -0.48398160
v -0.38676250 1.05838000 -0.47968150
v -0.30920570 0.68109300 -0.45324920
v -0.30264160 0.64785910 -0.45584800
v -0.29597590 0.66184660 -0.45840220
v -0.33752030 0.66232040 -0.44646890
v -0.32035720 0.66788810 -0.44996090
v -0.42339870 0.75845340 -0.56819280
v -0.33977560 0.81421220 -0.45972980
v -0.33204690 0.82669540 -0.46121750
v -0.32015720 0.81979940 -0.46169670
v -0.30613480 0.81801570 -0.46941770
v -0.41193530 0.82084310 -0.51068380
v -0.39874960 0.83197730 -0.49491790
v -0.36652510 0.92324920 -0.47025180
v -0.38673610 0.96001650 -0.48199140
v -0.31940660 0.96905890 -0.46894410
v -0.38473430 0.89326770 -0.48254180
v -0.37983100 0.98411760 -0.47717350
v -0.36165730 1.05181600 -0.47118950
v -0.33985520 1.05025000 -0.47173210
v -0.34583630 1.06710500 -0.47191270
v -0.32569160 1.06977400 -0.47519320
v -0.34664270 1.09381400 -0.47066340
v -0.32848290 1.08583400 -0.47486850
v -0.34962770 1.07976800 -0.47173120
v -0.34890880 0.95785390 -0.46499290
v -0.30003430 1.13531500 -0.47879450
v -0.33904340 1.12157800 -0.47143540
v -0.36896640 1.09894700 -0.47109030
v -0.38828850 1.11449000 -0.47734910
v -0.39300340 1.09906400 -0.47898930
v -0.37274960 1.12026300 -0.46974790
v -0.36552930 1.08932700 -0.47161930
v -0.38382720 1.08493500 -0.47803730
v -0.35308000 1.10790000 -0.46849560
v -0.31216620 0.70577290 -0.45249690
v -0.31447520 0.72127440 -0.45262280
v -0.31982110 0.69271900 -0.44929400
v -0.37546350 0.90878260 -0.47596410
v -0.41296910 1.03255400 -0.49959840
v -0.40537730 1.01689100 -0.49380700
v -0.39301310 1.03330800 -0.48463180
v -0.40562100 1.04849300 -0.49263250
v -0.42544690 1.04009400 -0.51091300
v -0.39082720 1.01579000 -0.48347300
v -0.33358670 1.10354600 -0.47624950
v -0.30311890 1.12139200 -0.47722240
v -0.31277150 1.14556900 -0.48212080
v -0.31592600 1.16311900 -0.48177450
v -0.33610700 1.16932800 -0.47651620
v -0.33079810 1.15003800 -0.47616120
v -0.34564820 1.14054600 -0.46998800
v -0.32841980 1.18465900 -0.48041050
v -0.35203670 0.74272180 -0.45786560
v -0.35573020 0.68777310 -0.44637160
v -0.36288420 0.97067950 -0.46873280
v -0.33142460 0.73118030 -0.45419570
v -0.33579450 0.68376540 -0.44670850
v -0.37495760 0.72890630 -0.45142660
v -0.39407340 0.72657810 -0.45922910
v -0.41304010 0.74233900 -0.47744240
v -0.39967600 0.75724880 -0.48205030
v -0.40912110 0.75170490 -0.49424350
v -0.28891970 1.32844000 -0.49540650
v -0.29270420 1.33248600 -0.51097390
v -0.26226780 0.77531410 -0.47038720
v -0.29042950 0.80716190 -0.46829050
v -0.42722530 0.93819220 -0.51806100
v -0.30132550 0.73243850 -0.45617690
v -0.28118520 0.73601120 -0.46262180
v -0.41550510 0.80097330 -0.51622180
v -0.37384930 0.85376470 -0.47726530
v -0.39055080 0.84964340 -0.48822940
v -0.38219990 0.84045290 -0.48276270
v -0.37821150 0.82978530 -0.48003160
v -0.39440750 0.82099990 -0.49184800
v -0.39768340 0.81475110 -0.49536800
v -0.40146130 0.86144730 -0.49664000
v -0.40464580 0.84686640 -0.50073350
v -0.37280460 0.81857120 -0.48088360
v -0.38791330 0.81454640 -0.48721710
v -0.35218390 0.81574310 -0.46434870
v -0.36341260 0.84091880 -0.47156950
v -0.39529180 0.87531830 -0.49094250
v -0.36323830 0.82657570 -0.47159220
v -0.43842520 1.02656800 -0.52689140
v -0.42595390 1.01713800 -0.51272000
v -0.36349650 0.71101190 -0.44920960
v -0.34510070 0.70339060 -0.44990260
v -0.36181930 0.73157960 -0.45405520
v -0.35682260 0.78645280 -0.46624930
v -0.33402380 0.75247610 -0.45819460
v -0.34368880 0.77258240 -0.46137390
v -0.33269780 0.76390940 -0.45853440
v -0.35250650 0.75619810 -0.46157860
v -0.39181700 0.77036150 -0.47604670
v -0.39411430 0.75489510 -0.46668400
v -0.37608250 0.78166240 -0.47466750
v -0.39175530 0.78352490 -0.48627300
v -0.36152510 0.76772830 -0.46598510
v -0.37870130 0.76367810 -0.46759860
v -0.38481460 0.74215520 -0.46162900
v -0.40441730 0.77200140 -0.49164900
v -0.36898390 0.79724680 -0.47313220
v -0.38286560 0.79258130 -0.48131110
v -0.39714870 0.79172850 -0.49191310
v -0.37563910 0.80717730 -0.47783730
v -0.39126600 0.80384700 -0.48902520
v -0.36804390 0.81338740 -0.47093730
v -0.35975450 0.80362230 -0.46676280
v -0.34913100 0.80599830 -0.46293160
v -0.36833280 0.74771310 -0.45867960
v -0.33555840 0.80045330 -0.45762890
v -0.34503880 0.79004210 -0.46168510
v -0.30377330 0.76323730 -0.45840620
v -0.30252870 0.77683180 -0.46301240
v -0.29029730 0.76555070 -0.46529490
v -0.28310280 0.77486490 -0.46973350
v -0.31713190 0.77632150 -0.45639560
v -0.31750910 0.76170010 -0.45657550
v -0.31092900 0.78827140 -0.46247540
v -0.30958670 0.80319290 -0.46680400
v -0.33248990 0.78276220 -0.45786280
v -0.31957400 0.80903310 -0.45993950
v -0.32221950 0.79431440 -0.45650590
v -0.31797510 0.74154250 -0.45637680
v -0.30728410 0.74941560 -0.45747820
v -0.29059160 0.75111630 -0.46135030
v -0.31400640 0.54557550 -0.46434800
v -0.30582000 0.54544850 -0.47352760
v -0.29658180 0.54414100 -0.48461030
v -0.28673760 0.54275520 -0.49562010
v -0.27879750 0.54150870 -0.50736140
v -0.27078050 0.53768820 -0.51905900
v -0.26401250 0.53162700 -0.53153290
v -0.26058540 0.52278210 -0.54334930
v -0.25747480 0.51394450 -0.55681870
v -0.25469500 0.50643440 -0.57069900
v -0.25173780 0.50004650 -0.58474340
v -0.24851450 0.49451270 -0.60082330
v -0.24761340 0.48922200 -0.61423140
v -0.24614930 0.48523750 -0.62830560
v -0.24467250 0.48277690 -0.64441500
v -0.24322230 0.48376470 -0.66251970
v -0.24128910 0.48985630 -0.68358190
v -0.23791570 0.49892060 -0.70718850
v -0.24260830 0.50776220 -0.73498580
v -0.25970980 0.51413690 -0.75889940
v -0.24924920 0.54140210 -0.74517900
v -0.24381720 0.57025630 -0.73362010
v -0.24325110 0.62237400 -0.73468830
v -0.24411760 0.64538890 -0.73518340
v -0.24559710 0.68522000 -0.73724420
v -0.24451150 0.70762990 -0.73285700
v -0.24413640 0.73079110 -0.73073240
v -0.24409330 0.75365750 -0.72917270
v -0.24255670 0.77699440 -0.72582480
v -0.24181170 0.82565600 -0.72264550
v -0.24258550 0.87448550 -0.71439640
v -0.24129700 0.92432740 -0.70520800
v -0.24468730 0.94725960 -0.70555480
v -0.24962880 0.96376120 -0.70767250
v -0.25008300 0.98193620 -0.70625630
v -0.24688060 1.00026000 -0.70263560
v -0.25810580 1.05710100 -0.70768460
v -0.25461320 1.07917300 -0.70088240
v -0.25348930 1.09755900 -0.69835240
v -0.24775200 1.16201600 -0.69513390
v -0.24735380 1.18167000 -0.69703650
v -0.25087540 1.22248900 -0.69666540
v -0.25893100 1.27301000 -0.68726800
v -0.26090420 1.29613800 -0.68023020
v -0.25265050 1.30625100 -0.66433730
v -0.24451290 1.31595400 -0.64815740
v -0.23748180 1.32873500 -0.63190990
v -0.23241280 1.34487200 -0.61217910
v -0.23727210 1.36275000 -0.58541450
v -0.21825170 1.34010900 -0.52555710
v -0.20501690 1.32357600 -0.53586810
v -0.19479310 1.30440100 -0.54566210
v -0.18928010 1.28232200 -0.55438790
v -0.18697230 1.26040200 -0.55803880
v -0.18732000 1.23787500 -0.55931240
v -0.18891020 1.21505400 -0.55535280
v -0.19090070 1.19135300 -0.54870240
v -0.18954580 1.17157400 -0.53634410
v -0.19159660 1.15483300 -0.51760770
v -0.20769700 1.14552100 -0.50735800
v -0.19601410 1.11294500 -0.58907870
v -0.21253420 1.25944600 -0.62674510
v -0.20741820 1.14209500 -0.51859170
v -0.19034890 1.17225400 -0.56907560
v -0.19397170 1.26137600 -0.59163860
v -0.22416390 1.34776100 -0.55582730
v -0.21064190 1.32923400 -0.56159000
v -0.22220350 1.33240600 -0.60162700
v -0.18737140 1.20483500 -0.57380590
v -0.18860230 1.24913500 -0.57822040
v -0.23713810 1.35929100 -0.54649700
v -0.22815170 1.35020500 -0.53630730
v -0.23193740 1.35689100 -0.57008800
v -0.20332720 1.31726100 -0.55152310
v -0.19604220 1.29421800 -0.56489130
v -0.22879090 1.34853500 -0.59035000
v -0.18903300 1.15910100 -0.52987950
v -0.18718570 1.22479400 -0.57722260
v -0.21505990 1.33638100 -0.54424010
v -0.24217950 1.36685700 -0.55981060
v -0.20429680 1.31166600 -0.57361300
v -0.19094380 1.27229500 -0.57454990
v -0.20181510 1.28106200 -0.59936600
v -0.19773590 1.28761500 -0.58361060
v -0.19526760 1.14987000 -0.54701520
v -0.18791130 1.18805400 -0.58362510
v -0.20741290 1.30908100 -0.59200980
v -0.20282930 1.25983400 -0.61002370
v -0.19484700 1.23910100 -0.60054710
v -0.20854770 1.16197000 -0.62990220
v -0.22053210 1.29469600 -0.62464870
v -0.19222400 1.16049400 -0.60532730
v -0.20021960 1.22376900 -0.61079730
v -0.19211640 1.18746000 -0.60473520
v -0.18913120 1.21879000 -0.59228450
v -0.18887950 1.17332700 -0.59042820
v -0.22569910 1.32094700 -0.61890540
v -0.20824230 1.20153400 -0.63395630
v -0.23382890 1.30230000 -0.64053710
v -0.20765330 1.24251500 -0.62475180
v -0.20077840 1.20498900 -0.61391080
v -0.20868290 1.22083400 -0.63184640
v -0.21868690 1.21133000 -0.64514100
v -0.30861380 0.55604970 -0.46210250
v -0.29889030 0.55883500 -0.47443360
v -0.21305630 0.61452090 -0.55944600
v -0.18235960 0.79365860 -0.61976170
v -0.24021830 0.54106430 -0.67811040
v -0.24115180 0.52951590 -0.72823120
v -0.25676200 0.52364020 -0.74593950
v -0.23731720 0.51389090 -0.72049010
v -0.24946830 1.13621600 -0.50439300
v -0.24986810 1.28780800 -0.66816040
v -0.21710650 1.33641900 -0.57815780
v -0.18906970 1.14220400 -0.53105020
v -0.19963430 1.12563900 -0.52240420
v -0.19022820 1.15732000 -0.58605100
v -0.19768660 1.13516600 -0.55700850
v -0.19273770 1.15247800 -0.56892720
v -0.19314860 1.12359100 -0.54132000
v -0.19995530 1.11369100 -0.56250590
v -0.20164870 1.10539000 -0.53102210
v -0.21154650 1.10662000 -0.51582510
v -0.19730220 1.10447400 -0.54757430
v -0.20191340 1.09136600 -0.54466130
v -0.22842360 1.19761300 -0.66256560
v -0.21917510 1.19189600 -0.64798620
v -0.23769610 1.21348100 -0.67868050
v -0.21257120 1.17785100 -0.64244820
v -0.21870500 1.16068800 -0.65211730
v -0.22809420 1.17709100 -0.66321390
v -0.20403180 1.18241300 -0.62111770
v -0.19697550 1.14608400 -0.61479150
v -0.23697420 1.16799400 -0.68045100
v -0.22890220 1.15932300 -0.66532670
v -0.23617990 1.15140700 -0.67722480
v -0.23184180 1.28502500 -0.64431710
v -0.21154100 1.27898800 -0.61862010
v -0.22304170 1.25334000 -0.64243000
v -0.29155910 0.55704850 -0.48328970
v -0.24877940 0.60311390 -0.51196710
v -0.28290480 0.57491020 -0.48515550
v -0.21844950 0.67530260 -0.52637050
v -0.19534710 0.79239660 -0.69302610
v -0.18605670 0.87033120 -0.56947740
v -0.18310510 0.78805430 -0.56016290
v -0.20312170 0.93220970 -0.66882210
v -0.21139070 0.97466730 -0.54171340
v -0.23804820 0.55693790 -0.71493500
v -0.24414200 0.54071930 -0.72092530
v -0.24104160 1.10209800 -0.50094800
v -0.22044570 1.07081100 -0.52467360
v -0.20628200 1.07861700 -0.54459510
v -0.23662000 1.11886800 -0.50494940
v -0.22505020 1.09064600 -0.51254830
v -0.22657630 1.10914400 -0.50764160
v -0.24571830 1.25227900 -0.68209020
v -0.19578640 1.12413100 -0.57609450
v -0.19347130 1.13843500 -0.57669920
v -0.20098020 1.10038200 -0.56924080
v -0.24733930 1.20496200 -0.69486190
v -0.23612090 1.19009700 -0.68042510
v -0.24185050 1.23152600 -0.68305480
v -0.22130250 1.23246300 -0.64449520
v -0.23545560 1.23572300 -0.66469290
v -0.23577290 1.26992300 -0.65528630
v -0.22327690 1.12330900 -0.65746180
v -0.22325560 1.14252600 -0.65828040
v -0.21222730 1.14601200 -0.63683660
v -0.20104500 1.13215100 -0.62155040
v -0.23600530 1.13434600 -0.67638440
v -0.28977730 0.58665440 -0.47395120
v -0.29763310 0.57094620 -0.47114700
v -0.28354330 0.60459100 -0.47611380
v -0.25372050 0.56099470 -0.52076090
v -0.27483490 0.56658420 -0.49636840
v -0.26756100 0.55894700 -0.50835220
v -0.28198920 0.55303450 -0.49624020
v -0.26392910 0.54981090 -0.51627700
v -0.26818020 0.61541400 -0.48884640
v -0.24618940 0.53967090 -0.54005290
v -0.22399950 0.79467920 -0.70509090
v -0.19953030 0.85353930 -0.69228620
v -0.19843600 0.68965690 -0.68721030
v -0.21083080 0.87308690 -0.52950580
v -0.21158260 0.80297830 -0.52194690
v -0.23695830 0.63070790 -0.72119090
v -0.23757520 0.50656870 -0.59758620
v -0.23629780 0.49695980 -0.65551190
v -0.24439100 0.49775940 -0.67081850
v -0.23979910 0.57343860 -0.71695780
v -0.24668300 0.55767510 -0.73840380
v -0.24305570 0.50346880 -0.69470300
v -0.24423400 1.05995200 -0.50802630
v -0.23183790 1.00973600 -0.68935390
v -0.24635790 1.08601700 -0.50216000
v -0.25125120 1.07159900 -0.50337260
v -0.23429260 1.07457300 -0.51197820
v -0.20964890 1.06243500 -0.54902640
v -0.20166080 1.06011100 -0.60427240
v -0.20473140 1.05280200 -0.57291510
v -0.20220680 1.08141700 -0.61197570
v -0.19955890 1.10351800 -0.60932250
v -0.21922240 1.05253300 -0.53709160
v -0.23961710 1.12939100 -0.50991730
v -0.21155990 1.08985300 -0.52630930
v -0.19302210 1.13530700 -0.59727020
v -0.23516440 1.10351300 -0.67437860
v -0.24657990 1.12692200 -0.69041930
v -0.24680940 1.14360900 -0.69191530
v -0.24819070 0.58179320 -0.52281820
v -0.26861000 0.58317770 -0.49669800
v -0.27776170 0.59467170 -0.48442610
v -0.25038400 0.62624620 -0.50239340
v -0.23411400 0.71041820 -0.49640020
v -0.21403190 0.74077290 -0.51334330
v -0.24622480 0.52510090 -0.55184580
v -0.24284190 0.55795370 -0.53196230
v -0.22393140 0.74276470 -0.70552260
v -0.21559130 0.82976770 -0.70481540
v -0.21878150 0.87606620 -0.70315060
v -0.21451840 0.86113610 -0.50821010
v -0.22631020 0.93740600 -0.69924120
v -0.23127720 0.96294480 -0.69818050
v -0.24170140 0.97670270 -0.50163350
v -0.24496860 0.99386580 -0.50437870
v -0.23159110 0.92971130 -0.49833740
v -0.24274990 0.58467050 -0.73218090
v -0.24228340 0.59982830 -0.73146190
v -0.23433900 0.50949510 -0.61279000
v -0.23761740 0.51271140 -0.58108340
v -0.23797970 0.49779780 -0.62687610
v -0.24677520 0.51095200 -0.68586330
v -0.23769090 0.52196220 -0.70323370
v -0.23760730 0.53807890 -0.69823200
v -0.24432030 0.52591900 -0.68075430
v -0.24134340 0.55981740 -0.69816400
v -0.23975990 0.57837680 -0.71345030
v -0.23746690 0.55827730 -0.68108580
v -0.24829360 1.01803800 -0.70225830
v -0.23367700 0.98842010 -0.69532380
v -0.24719500 1.04117600 -0.69831790
v -0.24339240 1.06276400 -0.68910580
v -0.23459410 1.02655600 -0.68805920
v -0.19902350 1.09308800 -0.59053400
v -0.20073210 1.07229500 -0.58748660
v -0.20538220 1.06255100 -0.62318720
v -0.21916000 1.09569100 -0.65044710
v -0.22390490 1.10952000 -0.65806290
v -0.22085990 1.07189300 -0.65559990
v -0.19715490 1.12111000 -0.60908160
v -0.20813190 1.00788300 -0.55988240
v -0.24876680 1.11107500 -0.69259340
v -0.23544330 1.11764000 -0.67500210
v -0.27764370 0.63863820 -0.47441780
v -0.25286710 0.65080720 -0.49210210
v -0.25858020 0.57304620 -0.51112650
v -0.24428860 0.57329920 -0.52818000
v -0.25617100 0.58837500 -0.50864380
v -0.26131550 0.60266720 -0.49898410
v -0.22300130 0.75083820 -0.49844560
v -0.25684540 0.54531420 -0.52768080
v -0.22755930 0.55631150 -0.57057980
v -0.22708800 0.81463140 -0.70515200
v -0.22918180 0.84091540 -0.70424790
v -0.23203190 0.82648040 -0.70997920
v -0.23243700 0.88937950 -0.70301180
v -0.22998630 0.86570540 -0.70317830
v -0.23818680 0.90526680 -0.70481300
v -0.22088360 0.89903060 -0.70192610
v -0.22483110 0.86443240 -0.49137890
v -0.21823990 0.84350610 -0.50106520
v -0.22333240 0.88330760 -0.49420480
v -0.22057530 0.80578350 -0.49848320
v -0.22129670 0.78460260 -0.49773840
v -0.24067390 0.96010260 -0.49817950
v -0.24024300 0.94465720 -0.49399540
v -0.22504220 0.94742860 -0.51137880
v -0.21485830 0.92744890 -0.51781920
v -0.21289190 0.94380680 -0.52740460
v -0.21576810 0.99743330 -0.54007710
v -0.20644960 0.98353840 -0.56015400
v -0.21684880 1.02197800 -0.54437070
v -0.23241500 1.02202800 -0.52418490
v -0.20704660 1.03295200 -0.56703870
v -0.22683360 0.98795350 -0.52355150
v -0.23073080 1.00726900 -0.52209130
v -0.24385320 1.03647900 -0.50923480
v -0.24073120 0.59819360 -0.71009590
v -0.24022300 0.57420330 -0.69395100
v -0.23928800 0.66979290 -0.72862560
v -0.23599730 0.65518600 -0.72095590
v -0.24116200 0.49818360 -0.61014860
v -0.24364250 0.51534510 -0.56380610
v -0.23355380 0.52761620 -0.56897630
v -0.21875130 0.57234280 -0.66992020
v -0.22968710 0.53533310 -0.65702280
v -0.23196300 0.52163930 -0.66626020
v -0.22516860 1.03882400 -0.53389660
v -0.23176240 1.05165300 -0.51870790
v -0.21870450 0.97175610 -0.68562450
v -0.22262860 1.01889900 -0.67545860
v -0.20351360 1.06806800 -0.56894720
v -0.20793960 1.09552300 -0.63055790
v -0.21049270 1.07990600 -0.63539800
v -0.21336630 1.11125300 -0.63994430
v -0.21247570 1.12961300 -0.63789220
v -0.20363170 1.11362100 -0.62407700
v -0.21990040 1.04811600 -0.66029020
v -0.23136430 1.06900400 -0.67217400
v -0.21126450 1.05690700 -0.64035500
v -0.21595300 1.02725600 -0.66042820
v -0.20937360 1.03878300 -0.64106320
v -0.27666070 0.61899260 -0.48023860
v -0.26165530 0.63643350 -0.48815800
v -0.25153090 0.66712360 -0.48843330
v -0.26622210 0.65422230 -0.47953910
v -0.23667620 0.56986910 -0.53940160
v -0.23146950 0.57963420 -0.54644950
v -0.23699940 0.58476130 -0.53579890
v -0.24074550 0.69743300 -0.49218820
v -0.24192040 0.67653720 -0.49701730
v -0.23679130 0.74108830 -0.71899750
v -0.23274390 0.72018230 -0.71530160
v -0.23606260 0.69234120 -0.72398310
v -0.21472870 0.85579740 -0.70356370
v -0.20239570 0.83820950 -0.69720610
v -0.19261440 0.82590760 -0.68555170
v -0.21151900 0.81200070 -0.70402830
v -0.20206550 0.81442180 -0.69876520
v -0.23766010 0.80276900 -0.71768530
v -0.20185670 0.87862060 -0.68868130
v -0.20600440 0.86793770 -0.69720760
v -0.20531010 0.83469730 -0.53658710
v -0.20830700 0.85427960 -0.53256090
v -0.21377520 0.83633480 -0.51756490
v -0.19966820 0.85880470 -0.55128330
v -0.21078090 0.89322090 -0.53123350
v -0.21268130 0.90581920 -0.51577510
v -0.20228040 0.88388580 -0.55366600
v -0.21381050 0.88379230 -0.50881990
v -0.18930870 0.89270080 -0.56919930
v -0.20843080 0.90974560 -0.53150030
v -0.21598860 0.76644380 -0.51363320
v -0.21602330 0.78704980 -0.51308630
v -0.22326950 0.76749230 -0.49619320
v -0.20673470 0.94173130 -0.54756090
v -0.21402770 1.04393300 -0.55324060
v -0.20173460 1.03740100 -0.58579070
v -0.22799960 0.64135720 -0.71051740
v -0.23762240 0.54119850 -0.55810670
v -0.24261730 0.50865090 -0.66736990
v -0.23003090 0.51241300 -0.63205010
v -0.22617220 0.52570670 -0.61357840
v -0.23104680 0.53116960 -0.59090260
v -0.22291380 0.55188270 -0.58694690
v -0.22216910 0.57564580 -0.57141230
v -0.23185740 0.56680840 -0.55371940
v -0.22649910 0.58146050 -0.56029410
v -0.21325590 0.59278340 -0.57361010
v -0.21880640 0.59776390 -0.56248780
v -0.22451230 0.56100080 -0.67767990
v -0.21782860 0.55179710 -0.63649910
v -0.22734660 0.53550280 -0.64159790
v -0.21291470 0.57553670 -0.64970270
v -0.22070490 0.55108190 -0.65634000
v -0.22556770 0.53411630 -0.62938240
v -0.21247660 0.57256330 -0.63164420
v -0.23023170 0.51938140 -0.65000130
v -0.21953720 0.99326600 -0.68023380
v -0.23015110 1.04206300 -0.67810050
v -0.19704610 1.00388200 -0.61194840
v -0.24285580 0.59542770 -0.52263840
v -0.21939680 0.69107880 -0.52141110
v -0.21947050 0.71370590 -0.51630460
v -0.22741200 0.72915020 -0.49850160
v -0.23115900 0.78205700 -0.71072800
v -0.23207060 0.75963860 -0.71211130
v -0.21730300 0.72499380 -0.70030600
v -0.22749550 0.69586080 -0.70915320
v -0.23376180 0.67888090 -0.71721990
v -0.22155220 0.91716920 -0.69969640
v -0.20925320 0.93062830 -0.68568750
v -0.21583760 0.95091940 -0.68792580
v -0.21113460 0.88889400 -0.69797620
v -0.20097170 0.89799210 -0.68139000
v -0.21287310 0.81884430 -0.51904070
v -0.22412800 0.90077900 -0.49679990
v -0.22428800 0.91519690 -0.50153050
v -0.18751440 0.91251520 -0.57811580
v -0.20689890 0.92341340 -0.54135550
v -0.20424270 0.92568990 -0.56018570
v -0.20984770 0.95715030 -0.53917640
v -0.20160330 1.05492300 -0.58889250
v -0.20349060 1.04652000 -0.62107040
v -0.20286250 1.01977500 -0.62818900
v -0.20057300 1.04003300 -0.60580600
v -0.20091350 1.02794700 -0.61874370
v -0.22650580 0.67121310 -0.70918380
v -0.21971580 0.65219060 -0.70348140
v -0.23241500 0.62029660 -0.70924100
v -0.21033390 0.61116540 -0.67676280
v -0.21030920 0.59520220 -0.66392030
v -0.22092770 0.58750050 -0.68397640
v -0.21885430 0.60861160 -0.69003740
v -0.21361290 0.63010400 -0.69018330
v -0.20081230 0.63828230 -0.67607530
v -0.17827300 0.63837580 -0.62031560
v -0.20311920 0.61782940 -0.65776330
v -0.18921120 0.63573400 -0.65665650
v -0.23009590 0.54055970 -0.57726450
v -0.20383540 0.61013310 -0.57584980
v -0.23341640 0.60351350 -0.53464570
v -0.22654510 0.54165770 -0.66998200
v -0.21068540 0.58223980 -0.58633180
v -0.20125380 0.60056220 -0.59091030
v -0.21796180 0.54705640 -0.62004700
v -0.23956260 0.63439590 -0.51744680
v -0.22888660 0.69272760 -0.50871260
v -0.18194800 0.70754040 -0.57227250
v -0.18996030 0.73824030 -0.54944620
v -0.21676110 0.69728050 -0.70234010
v -0.20215930 0.71245210 -0.69638180
v -0.21074700 0.68165540 -0.69977210
v -0.20844730 0.90900050 -0.69047220
v -0.20438140 0.94462500 -0.56252250
v -0.22369360 0.62647100 -0.70090900
v -0.20724550 0.65963470 -0.69061580
v -0.20682110 0.59945730 -0.64372700
v -0.20141370 0.65255050 -0.55503270
v -0.19858910 0.63216750 -0.56896590
v -0.17927370 0.65093930 -0.59769080
v -0.18338290 0.63238510 -0.60550490
v -0.18641410 0.64671250 -0.58372480
v -0.18736460 0.61744050 -0.61789510
v -0.22496690 0.61243890 -0.54633990
v -0.22095360 0.54550610 -0.60225170
v -0.21335970 0.56926370 -0.61417670
v -0.20269630 0.58492520 -0.60893600
v -0.21238130 0.56591650 -0.59909550
v -0.21703960 0.56755430 -0.58514160
v -0.20766110 1.01473100 -0.64417440
v -0.20093860 0.99890340 -0.62984800
v -0.24766250 0.61618500 -0.50908200
v -0.23994660 0.61692400 -0.52079790
v -0.23546460 0.65045610 -0.51589420
v -0.20490220 0.69480390 -0.54095770
v -0.20729660 0.71081230 -0.53226340
v -0.20881630 0.79257640 -0.70351390
v -0.21061770 0.75181310 -0.70112610
v -0.18232660 0.73954890 -0.65904160
v -0.19041800 0.93216990 -0.57848050
v -0.19155970 0.95380700 -0.58446160
v -0.18520860 0.92205210 -0.59730350
v -0.19620790 0.98631960 -0.61850190
v -0.19037050 0.95661990 -0.60939240
v -0.19694660 0.96730520 -0.62927070
v -0.19993230 0.94959140 -0.63739930
v -0.19572950 0.97558670 -0.58244080
v -0.19451160 0.99082110 -0.59742570
v -0.20126490 0.98183050 -0.63668710
v -0.19777070 1.01483300 -0.59499990
v -0.20474250 0.96837730 -0.64917700
v -0.20264810 1.01781700 -0.57690540
v -0.20484740 0.96172600 -0.56281780
v -0.19327110 0.61347170 -0.63665270
v -0.17919300 0.63467920 -0.63660300
v -0.17542480 0.66083070 -0.63193120
v -0.18045990 0.66170800 -0.65158220
v -0.18425410 0.71911770 -0.67111030
v -0.21214090 0.63098370 -0.54964990
v -0.19499870 0.60033850 -0.61681260
v -0.19361130 0.60976780 -0.60368310
v -0.21116780 0.97410670 -0.67199250
v -0.20841800 0.95275100 -0.67533440
v -0.20519880 0.95447240 -0.65984130
v -0.20660000 0.99329350 -0.64824190
v -0.24583210 0.64319790 -0.50252410
v -0.22412040 0.63816620 -0.53075440
v -0.23042890 0.67078010 -0.51229890
v -0.22231110 0.65606510 -0.52514040
v -0.24297620 0.65792120 -0.50328340
v -0.21013050 0.66831200 -0.53876360
v -0.19770270 0.72277660 -0.54221490
v -0.18893800 0.71012230 -0.55778620
v -0.18451740 0.73297660 -0.57178710
v -0.19125450 0.66292320 -0.56866860
v -0.18042710 0.69561540 -0.58456910
v -0.20745920 0.72797660 -0.52862090
v -0.20076800 0.76790730 -0.69909500
v -0.18725600 0.93846860 -0.60228030
v -0.17398640 0.65740330 -0.61361320
v -0.17352930 0.67512710 -0.59789880
v -0.17133970 0.68525080 -0.61969330
v -0.17862720 0.74708120 -0.61826550
v -0.17659610 0.71677340 -0.61803590
v -0.21302330 0.64856300 -0.53995180
v -0.18162130 0.75558140 -0.56461640
v -0.19766260 0.68264370 -0.55719300
v -0.20114840 0.74853220 -0.53075080
v -0.19883650 0.73826860 -0.69624290
v -0.19036460 0.72501010 -0.68154710
v -0.18863300 0.69075050 -0.67506750
v -0.18255880 0.68762280 -0.66163440
v -0.19537990 0.66989760 -0.67899960
v -0.18944600 0.66336980 -0.66740110
v -0.17560790 0.68422880 -0.64099090
v -0.17343020 0.72170830 -0.58927900
v -0.17012710 0.70396010 -0.60071260
v -0.17509540 0.70523280 -0.63272390
v -0.19611350 0.77229100 -0.53957450
v -0.19034800 0.77484520 -0.68239070
v -0.19291640 0.80868380 -0.65713890
v -0.18777090 0.78782560 -0.66848610
v -0.16971240 0.73273470 -0.60305610
v -0.17786260 0.77679180 -0.57280890
v -0.17852210 0.71062350 -0.65161620
v -0.18204740 0.73026520 -0.63609690
v -0.18320490 0.76698060 -0.62548960
v -0.18976500 0.78873480 -0.64163670
v -0.17072850 0.76180990 -0.60523270
v -0.17800950 0.85328430 -0.60969060
v -0.18939280 0.81633460 -0.63053870
v -0.17845840 0.86279770 -0.59020590
v -0.18083350 0.87909970 -0.58762620
v -0.19184810 0.84530300 -0.67456420
v -0.17814470 0.75139490 -0.58849680
v -0.17463070 0.81374960 -0.60693970
v -0.17883010 0.83406760 -0.61568210
v -0.17573820 0.83293390 -0.59441530
v -0.17834580 0.84961720 -0.58391420
v -0.18492030 0.84966420 -0.56648880
v -0.17985310 0.83047150 -0.57290140
v -0.19592260 0.86715770 -0.63853860
v -0.19805780 0.86227840 -0.65865130
v -0.17996040 0.87591330 -0.60809510
v -0.18650800 0.87306840 -0.62545900
v -0.18128160 0.89350680 -0.59483150
v -0.20075400 0.90224920 -0.64638260
v -0.18334900 0.90795590 -0.60604490
v -0.19656160 0.88817910 -0.63757340
v -0.19874660 0.92899110 -0.63768900
v -0.19145290 0.90560100 -0.62999800
v -0.18539110 0.89210740 -0.62081170
v -0.19763730 0.91464600 -0.63733410
v -0.18851760 0.92452980 -0.61994750
v -0.17266040 0.77933260 -0.59218470
v -0.17320190 0.78009920 -0.60849880
v -0.17269890 0.79614720 -0.60226280
v -0.19142080 0.83178360 -0.55356870
v -0.20085490 0.81569340 -0.54072740
v -0.18580060 0.80980470 -0.55743160
v -0.17600850 0.80551170 -0.58158970
v -0.18950770 0.84078190 -0.62873510
v -0.19678010 0.84846120 -0.65568100
v -0.20218700 0.91682920 -0.65361400
v -0.19898870 0.90091130 -0.66419390
v -0.19975150 0.88369480 -0.65433620
v -0.19606320 0.88212910 -0.67047790
v -0.20181080 0.91564680 -0.67551920
v -0.19417230 0.86470470 -0.67673200
v -0.24277400 1.09244100 -0.68476760
v -0.22985440 1.08944700 -0.66739550
v -0.20532400 0.90566190 -0.55401950
v -0.19980300 0.99703600 -0.57890010
v -0.20620270 0.79231870 -0.53065040
v -0.19546140 0.79360220 -0.54255100
v -0.42987400 0.57343770 -0.89593530
v -0.41552500 0.57003210 -0.90278890
v -0.40099920 0.56854120 -0.89542410
v -0.38764760 0.56821250 -0.88946720
v -0.37419700 0.56646880 -0.89462520
v -0.36011160 0.56414550 -0.89865390
v -0.34759720 0.56181460 -0.89545370
v -0.34068890 0.55833720 -0.88272710
v -0.34129720 0.55507880 -0.86778300
v -0.34567250 0.54954830 -0.85630400
v -0.34647880 0.54821530 -0.83807150
v -0.33933870 0.54695760 -0.82052750
v -0.32365530 0.54508660 -0.80863560
v -0.30476400 0.54163440 -0.80907120
v -0.28758340 0.53598310 -0.80824960
v -0.27219970 0.53106370 -0.80598070
v -0.25824810 0.52500730 -0.79835850
v -0.26230480 0.52151280 -0.77902090
v -0.27760100 0.52360180 -0.76784190
v -0.27293100 1.30693100 -0.69121180
v -0.28470350 1.31957000 -0.70061570
v -0.29679350 1.33358900 -0.70958890
v -0.31121460 1.34981800 -0.71693790
v -0.33215260 1.37123300 -0.71724480
v -0.37891130 1.35513000 -0.75287000
v -0.37170740 1.33939100 -0.76631070
v -0.36372340 1.32254600 -0.77543670
v -0.35700930 1.30476900 -0.78360590
v -0.35418120 1.28387000 -0.78858460
v -0.35348010 1.26308600 -0.79467360
v -0.35556250 1.24099000 -0.80292930
v -0.36160440 1.21953700 -0.81474100
v -0.38038000 1.20298700 -0.81300950
v -0.40090610 1.19431400 -0.80184380
v -0.35277020 1.35570900 -0.74534070
v -0.34568440 1.13370000 -0.78340820
v -0.32924040 1.28165800 -0.77165000
v -0.35975750 1.36823100 -0.73099140
v -0.29155740 1.31461300 -0.71326920
v -0.35206180 1.19556800 -0.80542860
v -0.34040740 1.27485600 -0.78291260
v -0.36524250 1.35005400 -0.75349710
v -0.34859320 1.31682000 -0.77089120
v -0.32184180 1.34972700 -0.72716410
v -0.44211380 1.17191500 -0.77194390
v -0.34247600 1.23111500 -0.79045090
v -0.37321730 1.36286900 -0.74132470
v -0.35283790 1.37762600 -0.71685510
v -0.38882590 1.19384000 -0.80739360
v -0.29188610 1.30249500 -0.72136330
v -0.27771510 1.29817500 -0.70302490
v -0.35007300 1.21974800 -0.80346170
v -0.34030620 1.25269300 -0.78987080
v -0.36570560 1.20523900 -0.81334160
v -0.27330490 0.53349890 -0.76928450
v -0.26938980 0.54421070 -0.76515470
v -0.31569960 0.64354290 -0.80923070
v -0.33606970 0.80223870 -0.82297950
v -0.36084080 0.65752530 -0.89048820
v -0.43508080 0.58841670 -0.89661010
v -0.30410630 1.07369300 -0.75392580
v -0.41342380 1.12002300 -0.78176100
v -0.34446070 1.29654900 -0.77866320
v -0.30447390 1.32473300 -0.72550820
v -0.43689440 1.15297100 -0.77370030
v -0.43456460 1.13885500 -0.76986030
v -0.41654940 1.14485400 -0.78798840
v -0.27293460 1.26835800 -0.71107550
v -0.36752060 1.17626700 -0.80398240
v -0.32216530 1.24306000 -0.77800680
v -0.32347090 1.26266200 -0.77317260
v -0.30661480 1.27081400 -0.75664330
v -0.28691360 1.24230200 -0.74377640
v -0.30294370 1.24704300 -0.76143090
v -0.29199350 1.26234400 -0.74416920
v -0.29403250 1.22541400 -0.75675810
v -0.30976310 1.22415900 -0.77175080
v -0.28146310 1.26202500 -0.72899980
v -0.30009310 1.20631300 -0.76469130
v -0.33968450 1.20780100 -0.78842950
v -0.25594040 0.53334180 -0.78208170
v -0.27894010 0.66125310 -0.78732610
v -0.37600630 0.83008820 -0.85720020
v -0.27795370 0.77363440 -0.78689480
v -0.30145280 1.00602400 -0.77130430
v -0.38382140 0.72086320 -0.88456630
v -0.42220460 0.61515900 -0.90384220
v -0.38766750 0.57939800 -0.89023220
v -0.39310300 0.59838290 -0.89201110
v -0.40889060 0.60263730 -0.90334610
v -0.38341610 0.61031490 -0.89172940
v -0.40500990 0.58393830 -0.90108210
v -0.26929440 1.13580600 -0.72024510
v -0.27791440 1.10549100 -0.72777860
v -0.42030130 1.08988900 -0.78136540
v -0.25873140 1.19441300 -0.71183810
v -0.29954940 1.29861300 -0.73492110
v -0.32322090 1.32134900 -0.75029710
v -0.33888230 1.32851500 -0.75870830
v -0.35267690 1.33828100 -0.76053200
v -0.33053770 1.30504500 -0.76438290
v -0.31260420 1.29767500 -0.75138790
v -0.42586880 1.16212900 -0.78712630
v -0.40251360 1.16148700 -0.79541590
v -0.44439080 1.12239100 -0.76356000
v -0.45242370 1.13720800 -0.75964860
v -0.38254980 1.13078300 -0.78837120
v -0.42572060 1.12851200 -0.77802870
v -0.40094430 1.13260000 -0.78962440
v -0.42920240 1.10852600 -0.77642070
v -0.38036620 1.16119800 -0.79485750
v -0.39237250 1.11895200 -0.78681400
v -0.26839470 1.28473000 -0.69714320
v -0.28014240 1.28376300 -0.71554000
v -0.32869250 1.22237100 -0.78252180
v -0.26403310 0.56662830 -0.75010300
v -0.26417450 0.55276930 -0.74969840
v -0.25052480 0.63765590 -0.76319680
v -0.33495690 0.58790770 -0.87333410
v -0.42704510 0.97749450 -0.80484440
v -0.28497970 0.94101060 -0.76244720
v -0.43103290 0.60288670 -0.89984400
v -0.43896390 0.62498490 -0.89266710
v -0.26530070 1.22795300 -0.71243780
v -0.27687380 1.23598000 -0.72916560
v -0.25803890 1.13970600 -0.70634610
v -0.26958720 1.06983100 -0.71923000
v -0.44323480 1.08596700 -0.76384110
v -0.29027360 1.28331600 -0.73226700
v -0.31060940 1.31231900 -0.74066870
v -0.31831680 1.33020300 -0.73806390
v -0.33326230 1.34466100 -0.74231760
v -0.31621440 1.28374300 -0.76064000
v -0.30064180 1.28383100 -0.74455390
v -0.40461640 1.10424500 -0.78394810
v -0.44577220 1.10476900 -0.76094170
v -0.24887930 0.57510710 -0.79588870
v -0.25193210 0.68135030 -0.75558850
v -0.24513200 0.61057190 -0.77138490
v -0.29264530 0.55396570 -0.80819040
v -0.30865850 0.56235760 -0.80917080
v -0.41137880 0.87823880 -0.84625350
v -0.42180240 0.92086000 -0.83074510
v -0.25364750 0.85884040 -0.73493370
v -0.27502460 0.89826110 -0.75879370
v -0.44191450 0.96420640 -0.79749770
v -0.42719260 1.02348500 -0.78957120
v -0.27155570 0.94696060 -0.73691250
v -0.35032520 0.57966160 -0.89803770
v -0.37626710 0.58956110 -0.89482360
v -0.42732250 0.64634920 -0.89744780
v -0.42337790 0.72500310 -0.87779220
v -0.41384760 0.71650060 -0.88787430
v -0.41536450 0.77644140 -0.87156980
v -0.25854570 1.23889100 -0.69785700
v -0.26041530 1.21339300 -0.71009200
v -0.29437320 1.18349900 -0.75717620
v -0.28247340 1.22397100 -0.74187380
v -0.28407710 1.20268200 -0.74695690
v -0.26002880 1.12385800 -0.70756360
v -0.26388640 1.10829800 -0.71146650
v -0.28091820 1.13582900 -0.73414930
v -0.25824790 1.15619900 -0.70833860
v -0.28259520 1.15864300 -0.73965160
v -0.25955110 1.17411900 -0.71212310
v -0.43443820 1.09490300 -0.77263670
v -0.43111260 1.07087100 -0.77658510
v -0.37264140 1.11466600 -0.78471230
v -0.25501560 0.72777890 -0.75561820
v -0.25177690 0.65652310 -0.75919720
v -0.32585270 0.57731500 -0.81052970
v -0.27342910 0.54835960 -0.80574680
v -0.33854620 0.57106640 -0.87412060
v -0.34532990 0.57119680 -0.84523360
v -0.34379120 0.56168420 -0.85674020
v -0.42445910 0.81696780 -0.85257910
v -0.42963080 0.87326070 -0.83432330
v -0.43616790 0.91743200 -0.82046500
v -0.43554180 0.94980220 -0.80953380
v -0.43607880 0.93727290 -0.81441820
v -0.24111230 0.85109000 -0.71785760
v -0.24976650 0.83956780 -0.73334440
v -0.25315330 0.87625210 -0.72838730
v -0.24956170 0.79133540 -0.73632480
v -0.43800620 0.98883550 -0.79240640
v -0.43939380 1.00706800 -0.78417280
v -0.43978710 1.02719900 -0.77626550
v -0.42228040 1.00633100 -0.79839090
v -0.25804510 0.99248850 -0.71243940
v -0.26248680 0.97376370 -0.71980260
v -0.26089130 1.00848300 -0.71371250
v -0.26018840 0.95451960 -0.72033600
v -0.27008040 0.96467490 -0.73099630
v -0.25725550 0.93482780 -0.72048590
v -0.36468410 0.58077120 -0.89787920
v -0.35643590 0.59726020 -0.89878250
v -0.36790980 0.60236080 -0.89468580
v -0.34025430 0.57336030 -0.88991290
v -0.34212900 0.61107440 -0.89827820
v -0.34723960 0.62789280 -0.89822980
v -0.41692530 0.66578730 -0.89659880
v -0.42289300 0.74282260 -0.87162720
v -0.41384370 0.75430800 -0.87863490
v -0.41338040 0.73347150 -0.88461030
v -0.38063480 0.73978640 -0.87994650
v -0.40008110 0.74074320 -0.88383530
v -0.38536290 0.75822790 -0.87555780
v -0.40099560 0.75885690 -0.87672880
v -0.36092950 0.78686220 -0.85663660
v -0.38284650 0.78785070 -0.86744350
v -0.39287750 0.77253480 -0.87018190
v -0.42985000 0.68040270 -0.88417480
v -0.42848710 0.70098900 -0.87961400
v -0.40883170 0.64623430 -0.89924330
v -0.39348230 0.62991210 -0.89265620
v -0.42288270 0.63111350 -0.90245470
v -0.40432450 0.62101110 -0.90223380
v -0.39709390 0.61347850 -0.89483080
v -0.26685750 1.09098700 -0.71484480
v -0.27301770 1.11907600 -0.72303820
v -0.26919170 1.15049500 -0.72194780
v -0.29776560 1.16415700 -0.75725510
v -0.27055680 1.16784800 -0.72589260
v -0.27169620 1.18962300 -0.73044910
v -0.44348780 1.06662100 -0.76424210
v -0.36368910 1.12843700 -0.78668690
v -0.37224490 1.14431600 -0.79390460
v -0.35782540 1.14062600 -0.79013780
v -0.25302550 0.55739970 -0.76725320
v -0.25112610 0.54710050 -0.78026620
v -0.24822230 0.56081390 -0.78918940
v -0.25667010 0.54427400 -0.79934340
v -0.26088430 0.55925450 -0.80312260
v -0.24907030 0.71977390 -0.74011620
v -0.25011570 0.69925660 -0.74661320
v -0.26028700 0.65903940 -0.77388460
v -0.24712600 0.66205320 -0.74436060
v -0.25371570 0.62918910 -0.77569780
v -0.24973850 0.61851620 -0.74573130
v -0.25293670 0.60037830 -0.74316200
v -0.25675800 0.58424720 -0.74389670
v -0.24776140 0.61623330 -0.75866270
v -0.33902940 0.56559560 -0.82324830
v -0.28044140 0.56729570 -0.80683580
v -0.28034760 0.58548780 -0.80885920
v -0.33554440 0.58439650 -0.88383750
v -0.34143610 0.59154370 -0.85993210
v -0.41642640 0.83508340 -0.85417080
v -0.41728450 0.79966640 -0.86415540
v -0.42407370 0.79446710 -0.85657290
v -0.40247030 0.89345310 -0.84574560
v -0.42661410 0.89878540 -0.83245970
v -0.37241830 0.86155480 -0.84637660
v -0.38827540 0.87584810 -0.85040090
v -0.42165400 0.85877020 -0.84458580
v -0.39275130 0.91650020 -0.84041150
v -0.24942780 0.81280410 -0.73448810
v -0.26018680 0.84914390 -0.74945070
v -0.27396580 0.82532070 -0.78238670
v -0.26807480 0.84046080 -0.76417230
v -0.27589680 0.84951910 -0.78130030
v -0.26195140 0.82521110 -0.75766320
v -0.26874450 0.86352080 -0.75797660
v -0.26161740 0.89402410 -0.73598130
v -0.25669620 0.91206660 -0.72434680
v -0.28259790 0.87240580 -0.78670440
v -0.25201400 0.74313210 -0.74358450
v -0.40613550 1.02389000 -0.79896890
v -0.41221160 0.99061800 -0.80963540
v -0.26928650 0.98813190 -0.72601950
v -0.27929760 1.00119600 -0.73627510
v -0.27778400 1.02309800 -0.73165430
v -0.28372470 0.95986560 -0.75169130
v -0.29266770 0.99551450 -0.75448050
v -0.34148780 0.58909190 -0.89507580
v -0.33419550 0.60094060 -0.88908040
v -0.33267060 0.60368100 -0.87679430
v -0.33433340 0.61316440 -0.86922510
v -0.42713840 0.66058150 -0.89407050
v -0.35122220 0.74163940 -0.86463260
v -0.36922720 0.75401200 -0.87328440
v -0.42039580 0.68585450 -0.89120970
v -0.40624630 0.63461010 -0.90071900
v -0.37840740 0.64228600 -0.88803490
v -0.36361620 0.63059870 -0.89389910
v -0.27816610 1.07889500 -0.72807780
v -0.29139050 1.14911100 -0.74738300
v -0.43951210 1.04615500 -0.77218970
v -0.30878700 1.12436400 -0.75933070
v -0.33112720 1.10392000 -0.77130750
v -0.36240560 1.09916700 -0.78258120
v -0.24586490 0.57876400 -0.78008470
v -0.25114660 0.57990050 -0.76298030
v -0.25931760 0.69596910 -0.77110010
v -0.25417920 0.70635560 -0.75806610
v -0.24744350 0.64022120 -0.74984710
v -0.24859220 0.59722850 -0.75880060
v -0.33022450 0.60014690 -0.81399520
v -0.34254640 0.58809090 -0.83505770
v -0.33997210 0.60370100 -0.83134700
v -0.33705270 0.61851280 -0.83697490
v -0.33242260 0.61551550 -0.81715270
v -0.30753680 0.59570890 -0.81223650
v -0.31316840 0.61299400 -0.80898770
v -0.33936330 0.57686990 -0.85957070
v -0.42420080 0.96288850 -0.81247180
v -0.40615750 0.97312110 -0.81942770
v -0.39211370 0.95309330 -0.82978910
v -0.25333620 0.82658630 -0.74084530
v -0.25762520 0.80402770 -0.75141520
v -0.26624500 0.87982990 -0.74775970
v -0.39055130 0.99070530 -0.81441680
v -0.39724700 1.00690300 -0.80736460
v -0.26274920 1.03378600 -0.71417890
v -0.27459960 1.04848300 -0.72602620
v -0.27091160 0.92742540 -0.74161150
v -0.26926370 0.91166810 -0.74376450
v -0.29526430 1.01941100 -0.75273910
v -0.28911240 1.03770400 -0.74262670
v -0.28289680 0.98021450 -0.74443120
v -0.29121900 0.97474950 -0.76025500
v -0.40847590 0.81499640 -0.86361110
v -0.40367240 0.79347490 -0.86892720
v -0.36857370 0.77906910 -0.86711300
v -0.39219080 0.63869030 -0.89163060
v -0.37603420 0.62465830 -0.89069630
v -0.36139820 0.64449260 -0.89254480
v -0.34556720 0.64771160 -0.89292240
v -0.33709250 0.63141410 -0.88988040
v -0.33278640 0.61806780 -0.88627650
v -0.33622150 0.65030960 -0.88369040
v -0.33700020 0.64446220 -0.85776970
v -0.33457440 0.65688240 -0.87187880
v -0.34156350 0.62834840 -0.85513260
v -0.33360100 0.63565880 -0.87404970
v -0.29279660 1.07967900 -0.74311730
v -0.28853990 1.06356100 -0.73974400
v -0.30046970 1.05535700 -0.75316820
v -0.28348030 1.09222900 -0.73345550
v -0.42360050 1.03639300 -0.78800180
v -0.42110340 1.05144000 -0.78584050
v -0.33068760 1.12475200 -0.77312070
v -0.31563260 1.10688900 -0.76289670
v -0.29635190 1.13168800 -0.74921940
v -0.28820030 1.11969900 -0.74011410
v -0.30119840 1.09232600 -0.75122480
v -0.32119450 1.08736300 -0.76620830
v -0.34997570 1.11369400 -0.77945920
v -0.34193420 1.09000300 -0.77647290
v -0.33580500 1.07130200 -0.77535900
v -0.35743450 1.07799200 -0.78247830
v -0.37685680 1.08189900 -0.78602060
v -0.38432250 1.10061600 -0.78577690
v -0.27531270 0.73223190 -0.78546210
v -0.25804470 0.67310090 -0.76971630
v -0.26181570 0.64645170 -0.77990000
v -0.33818350 0.63019550 -0.82960810
v -0.41250790 0.95335850 -0.82418560
v -0.35685910 0.94272160 -0.81643900
v -0.29166190 0.96008530 -0.77120970
v -0.29646860 0.98487330 -0.77194410
v -0.39043390 0.81357440 -0.86375490
v -0.36820200 0.84002450 -0.84832440
v -0.36201370 0.61590640 -0.89708090
v -0.29518380 1.10572800 -0.74611860
v -0.31578460 1.06595100 -0.76455610
v -0.35957170 1.03129400 -0.79243860
v -0.29195030 0.68913230 -0.78945810
v -0.27572530 0.69672000 -0.77973930
v -0.32039070 0.62572620 -0.80994550
v -0.37559150 0.94581500 -0.82042270
v -0.37195560 0.88249530 -0.83975020
v -0.30199120 0.97208080 -0.78369260
v -0.36500930 0.81450590 -0.85288200
v -0.36031860 0.80107180 -0.84623790
v -0.35502340 0.78869100 -0.84241690
v -0.35678830 0.76969970 -0.85688850
v -0.34384760 0.72265590 -0.85542300
v -0.30375640 1.04296400 -0.76137690
v -0.30933350 1.02828800 -0.77323000
v -0.37603690 1.04944800 -0.79213020
v -0.33256340 0.99022330 -0.78851050
v -0.27020270 0.75356610 -0.77923140
v -0.28199000 0.67663160 -0.78425940
v -0.31148320 0.66255280 -0.81105290
v -0.30255330 0.70480350 -0.80446870
v -0.29669320 0.66779160 -0.79577090
v -0.30673030 0.68198520 -0.80685580
v -0.32558820 0.67653130 -0.81779920
v -0.28829990 0.71130700 -0.78923860
v -0.30612060 0.74823210 -0.80896760
v -0.30525580 0.72609160 -0.80880680
v -0.27108610 0.71363050 -0.78162800
v -0.27369400 0.63476080 -0.78549040
v -0.29980640 0.64716760 -0.80397980
v -0.36617610 0.86088600 -0.83162140
v -0.38600370 0.93187010 -0.83466190
v -0.35538650 0.92392690 -0.81988280
v -0.36980430 0.92383290 -0.82083300
v -0.37505230 0.90663730 -0.83493300
v -0.34044740 0.77051570 -0.82641550
v -0.36652980 0.71853450 -0.87672350
v -0.37150540 1.06570200 -0.78742620
v -0.35118870 1.06227100 -0.78276700
v -0.35751970 1.04798800 -0.78768350
v -0.38227790 1.03246600 -0.79781130
v -0.31469200 1.01283700 -0.78201570
v -0.32932150 1.00916900 -0.78529860
v -0.34965690 1.01060700 -0.79213050
v -0.26067220 0.71956040 -0.76997380
v -0.31460620 0.71462350 -0.81488080
v -0.33341280 0.64058530 -0.82206000
v -0.32972680 0.65909010 -0.81936930
v -0.33608420 0.67835810 -0.83020910
v -0.33595850 0.66385510 -0.85643640
v -0.33892000 0.66225170 -0.83623860
v -0.33778660 0.68676980 -0.85217130
v -0.34192680 0.70469260 -0.86239690
v -0.34217710 0.66910230 -0.88633260
v -0.35354110 0.67612870 -0.88607330
v -0.34466130 0.68857020 -0.88209310
v -0.26381930 0.62202540 -0.78728410
v -0.29601780 0.61553260 -0.80358180
v -0.38117450 0.97053410 -0.82092050
v -0.36557550 0.84486970 -0.83525290
v -0.36698920 0.89623940 -0.82466750
v -0.38410700 0.89769540 -0.84322950
v -0.35035020 0.76675210 -0.84064970
v -0.34799560 0.78669690 -0.83021180
v -0.32828240 0.78259360 -0.82109480
v -0.34329790 0.74801180 -0.83233850
v -0.32600340 0.75506400 -0.82016370
v -0.34315450 0.72744040 -0.83852310
v -0.33534080 0.71120810 -0.83139860
v -0.32790050 0.71533660 -0.82096530
v -0.34266570 0.70340560 -0.84749880
v -0.33945240 0.69325750 -0.83739760
v -0.34834490 0.74713480 -0.85154420
v -0.36365190 0.73999740 -0.87373230
v -0.35064510 0.72612240 -0.87083790
v -0.33808410 1.05176800 -0.78038610
v -0.34454530 1.02860900 -0.78663600
v -0.31256450 0.99544730 -0.78559520
v -0.31615080 0.97539350 -0.79034540
v -0.36566060 1.01457300 -0.79950610
v -0.37458490 1.00160400 -0.80774550
v -0.38126360 1.01616300 -0.80361440
v -0.36831890 0.98405630 -0.81132860
v -0.31684730 0.73440940 -0.81560380
v -0.33152740 0.73551600 -0.82280450
v -0.37815470 0.65801250 -0.88566740
v -0.39747420 0.65501450 -0.89088240
v -0.38723190 0.69699440 -0.88531050
v -0.36525450 0.69438160 -0.88057420
v -0.29363990 0.72973820 -0.79751270
v -0.28724350 0.75141500 -0.79472240
v -0.26528640 0.77476410 -0.77104320
v -0.28721750 0.62963080 -0.79294160
v -0.30365260 0.62607120 -0.80162850
v -0.27580140 0.61834900 -0.79561700
v -0.25831230 0.60486040 -0.79196300
v -0.24620420 0.59574740 -0.77723430
v -0.24987660 0.58924720 -0.79316370
v -0.27337290 0.60785700 -0.80089420
v -0.26472710 0.59360480 -0.80357030
v -0.28769620 0.60255190 -0.80729990
v -0.29448660 0.77322920 -0.80179890
v -0.31348680 0.77266250 -0.81410420
v -0.28499810 0.79288860 -0.79496980
v -0.30172150 0.79642200 -0.80771350
v -0.31782920 0.79651260 -0.81645380
v -0.26469340 0.79624840 -0.76720230
v -0.28160690 0.80845330 -0.79244510
v -0.31688050 0.69584360 -0.81375950
v -0.32795620 0.69284660 -0.82007390
v -0.34938680 0.70505480 -0.87754960
v -0.32224330 1.04804000 -0.77530540
v -0.32706020 1.02971000 -0.78223760
v -0.32792680 0.96717550 -0.79098420
v -0.35568850 0.99516060 -0.79878300
v -0.34865600 0.97609510 -0.79867620
v -0.36047360 0.96501520 -0.81247880
v -0.39318630 0.67265570 -0.88739900
v -0.32405760 0.81169040 -0.81886390
v -0.27268930 0.78971280 -0.78162330
v -0.34332270 0.95670070 -0.79970030
v -0.28561470 0.84113020 -0.79382370
v -0.28921800 0.82573550 -0.79828900
v -0.31802410 0.83388290 -0.81606550
v -0.31073480 0.81826360 -0.81315590
v -0.29994530 0.83716560 -0.80592550
v -0.33327430 0.84278220 -0.82166920
v -0.35203780 0.83280300 -0.82698190
v -0.32107540 0.85387400 -0.81277680
v -0.35028550 0.84763430 -0.82545790
v -0.33550940 0.82430140 -0.82205580
v -0.35136210 0.80986980 -0.82906280
v -0.36185760 0.82411760 -0.83734730
v -0.33723960 1.19147400 -0.78674730
v -0.34678990 1.17172300 -0.79752890
v -0.30950360 1.17537300 -0.76916150
v -0.36180670 1.15610300 -0.79679340
v -0.31288130 1.19033200 -0.77317050
v -0.31714500 1.15826700 -0.77158790
v -0.33915370 1.15027700 -0.78613080
v -0.32438340 1.13977100 -0.77248130
v -0.30620650 1.14430900 -0.76077950
v -0.39805550 1.08233700 -0.78644070
v -0.38746930 1.06777400 -0.78841270
v -0.41440600 1.06936300 -0.78530430
v -0.27138110 1.21315800 -0.72721940
v -0.38632980 0.85078830 -0.85598150
v -0.39701730 0.83250140 -0.86057340
v -0.40327110 0.85627860 -0.85373850
v -0.28455320 0.90762490 -0.77896640
v -0.29827590 0.91842490 -0.79355120
v -0.30286790 0.93857490 -0.79232300
v -0.29490160 0.94953490 -0.78136090
v -0.29028120 0.92974930 -0.78016190
v -0.28068950 0.92005520 -0.76200520
v -0.34227670 0.93358340 -0.80456850
v -0.32137630 0.92738260 -0.79585720
v -0.31060860 0.90774390 -0.79614900
v -0.40233610 1.04385500 -0.79341170
v -0.40019460 1.06100600 -0.78956380
v -0.36122120 0.87619100 -0.82531790
v -0.25941290 0.75209020 -0.76284710
v -0.29803800 0.87610960 -0.80049830
v -0.31345570 0.89007320 -0.80080420
v -0.29237230 0.85487800 -0.79907770
v -0.33674910 0.88756680 -0.81311820
v -0.32139900 0.87208250 -0.80873090
v -0.33654340 0.86366890 -0.82115400
v -0.34472690 0.90724580 -0.81335840
v -0.35597030 0.90911510 -0.82290090
v -0.34830060 0.88985600 -0.82286100
v -0.33014650 0.90721350 -0.80423720
v -0.33990770 0.91909260 -0.80648780
v -0.29069640 0.89448200 -0.79321020
v -0.27877910 0.88673840 -0.77268860
v -0.32410270 0.94537450 -0.79340070
v -0.30857360 0.95519330 -0.79159950
v -0.45740840 1.18648000 -0.74521100
v -0.28500840 1.14308500 -0.48976380
v -0.25576970 1.15173000 -0.49665120
v -0.29971290 1.16792200 -0.48247400
v -0.42617870 1.12980900 -0.51258890
v -0.37095960 1.14565700 -0.47209350
v -0.21360890 1.30386700 -0.60930000
v -0.19313470 1.17566400 -0.54908410
v -0.22252550 1.13546600 -0.50644630
v -0.22703710 1.14115000 -0.49939780
v -0.18987780 1.19205200 -0.56156650
v -0.22201580 1.12505500 -0.51807080
v -0.34116310 1.36288300 -0.72991320
v -0.39022300 1.18200900 -0.79885270
v -0.39239560 1.14517700 -0.79346930
v -0.38067800 1.19547200 -0.80708550
v -0.41454640 1.17700900 -0.79355540
v -0.41992000 1.18790100 -0.79122300
v -0.43718800 1.18339800 -0.77187650
v -0.37524520 1.19053700 -0.80747800
v -0.32938510 1.17257500 -0.78082860
v -0.43213160 0.66731380 -0.87366240
v -0.49988970 0.59195990 -0.75967330
v -0.40494140 1.37197300 -0.70844230
v -0.49259650 0.58501900 -0.70265990
v -0.49420020 0.67365890 -0.78679450
v -0.47623590 0.64555450 -0.65130460
v -0.47550980 0.61597210 -0.64303550
v -0.43698090 0.70914110 -0.59276990
v -0.45140390 0.86728580 -0.81090440
v -0.46967470 1.07159400 -0.66706820
v -0.45457800 0.75123970 -0.82745910
v -0.47490870 0.91514490 -0.64815760
v -0.47120350 0.99043000 -0.65132360
v -0.47684890 0.83132300 -0.74968690
v -0.47947140 0.75968170 -0.77944250
v -0.47057880 0.97497350 -0.71232350
v -0.47195040 0.91580110 -0.73611650
v -0.48339000 0.73764720 -0.79127670
v -0.46363750 0.83071980 -0.66142260
v -0.46123210 0.62930120 -0.50128300
v -0.37260680 0.69461680 -0.44247000
v -0.43117720 0.71458500 -0.55992040
v -0.44731220 0.88573850 -0.54637030
v -0.32930020 0.70665990 -0.45007440
v -0.39808880 0.91185230 -0.49180760
v -0.34539620 0.72035370 -0.45293190
v -0.29438510 0.79059930 -0.46915720
v -0.22225820 1.27525300 -0.63519420
v -0.18995740 1.20679200 -0.59749980
v -0.26260460 1.25336300 -0.69739690
v -0.20221100 1.08284700 -0.56542210
v -0.23283660 1.24777900 -0.65728290
v -0.22263440 0.82683080 -0.49474390
v -0.23982410 0.61284010 -0.72038700
v -0.23177710 0.50601650 -0.65067600
v -0.23561950 0.49843970 -0.63931780
v -0.23211800 0.60099640 -0.69901360
v -0.24721840 0.89131120 -0.71659640
v -0.22329520 0.96460170 -0.51955380
v -0.24825960 1.01483300 -0.50477120
v -0.19075270 0.80664530 -0.68335310
v -0.22865770 0.59322010 -0.54940810
v -0.20626830 0.59072910 -0.62957200
v -0.19109200 0.62327190 -0.58645420
v -0.21584580 0.77026050 -0.70375950
v -0.19165250 0.96934440 -0.60475250
v -0.19204300 0.94705980 -0.62256710
v -0.20272620 0.93923860 -0.65052580
v -0.18581420 0.76885930 -0.66407890
v -0.18588580 0.75693370 -0.64318110
v -0.19098010 0.82629270 -0.66780800
v -0.19521450 0.83080670 -0.64752440
v -0.20540610 0.77536180 -0.52915210
v -0.42813140 0.83661130 -0.84238010
v -0.32241010 1.20654100 -0.77929740
v -0.42130660 0.59185100 -0.90196410
v -0.27145070 1.24877400 -0.71544700
v -0.30053550 0.57519420 -0.80982830
v -0.32344520 0.55638020 -0.80888350
v -0.40918010 0.91440820 -0.83844130
v -0.40598100 0.93745570 -0.83280550
v -0.34120070 0.64345890 -0.84327290
v -0.35820040 0.75829980 -0.86596970
v -0.33958150 0.68662340 -0.87134820
v -0.37422910 0.67271520 -0.88364460
v -0.40901080 0.67880290 -0.89325090
v -0.26170380 0.57939150 -0.80332590
v -0.29524370 0.81420380 -0.80321900
v -0.30963550 0.85632120 -0.80925170
v -0.45597380 0.59809300 -0.84428080
v -0.45365120 0.78007130 -0.62522600
v -0.49499490 0.63609090 -0.68617890
v -0.46216930 0.68908750 -0.63859580
v -0.46398020 1.04998900 -0.70630030
v -0.46501830 1.10994900 -0.70523950
v -0.46548120 1.02655700 -0.70648510
v -0.45369960 0.63383750 -0.83895010
v -0.47282320 0.98226800 -0.66043070
v -0.49369280 1.13896100 -0.66584550
v -0.46698780 0.82731490 -0.78059270
v -0.45991310 0.82694560 -0.64571140
v -0.47248430 0.60149290 -0.54186200
v -0.42978570 0.62532480 -0.42733120
v -0.28020150 0.66027510 -0.46712840
v -0.42248050 0.74899130 -0.51952710
v -0.34976960 0.67087060 -0.44464820
v -0.43979770 0.82148580 -0.55719700
v -0.40476750 0.74570300 -0.46731900
v -0.23211430 1.21913100 -0.66317130
v -0.24252730 1.26502600 -0.66847340
v -0.21487360 1.00513500 -0.66636150
v -0.23620960 0.55509780 -0.54713770
v -0.23338650 0.52078240 -0.59898270
v -0.20963390 0.98654080 -0.66125970
v -0.22862710 0.62505180 -0.53510960
v -0.18734920 0.77271890 -0.55041120
v -0.18888040 0.68941180 -0.57060700
v -0.18284540 0.67317930 -0.58048980
v -0.19130690 0.75612730 -0.54315990
v -0.18710510 0.85632590 -0.62711600
v -0.19355490 0.85160820 -0.63513440
v -0.42900010 1.17695800 -0.78198690
v -0.44985560 1.15665600 -0.76325870
v -0.40018550 0.71627130 -0.88733130
v -0.28295750 1.17954700 -0.74411890
v -0.42311600 0.76971640 -0.86169440
v -0.41571370 0.70011440 -0.89034850
v -0.40023490 0.69873500 -0.88599920
v -0.26934620 0.67472040 -0.77754950
v -0.34603760 0.87117470 -0.82486030
v -0.25403700 0.76434450 -0.74673070
v -0.26262200 0.73613770 -0.77118360
v -0.36996500 0.80447350 -0.86085970
v -0.34265160 0.61057140 -0.85137280
v -0.28081070 0.64768400 -0.79181190
v -0.33572180 0.67463550 -0.86916420
v -0.25867130 0.77953350 -0.75574430
v -0.27038870 0.80996440 -0.77751630
v -0.18927830 0.75261410 -0.68092040
f 26 27 142
f 29 105 28
f 142 27 28
f 142 25 26
f 38 39 129
f 164 134 163
f 135 164 23
f 126 35 36
f 44 45 116
f 191 21 22
f 36 37 125
f 19 238 239
f 210 211 255
f 40 120 39
f 30 2372 105
f 19 239 18
f 2372 113 106
f 105 29 30
f 111 104 154
f 353 18 239
f 34 35 122
f 589 91 586
f 81 82 83
f 585 587 112
f 288 192 286
f 75 103 199
f 294 269 17
f 93 94 204
f 10 533 229
f 277 11 12
f 587 145 112
f 15 267 14
f 49 169 736
f 87 118 2305
f 5 231 4
f 81 83 111
f 189 2 2405
f 1862 163 22
f 31 32 113
f 189 188 2
f 231 284 4
f 150 166 105
f 96 160 95
f 206 209 208
f 172 91 92
f 123 118 88
f 109 44 116
f 2305 108 86
f 111 154 114
f 84 104 83
f 79 80 114
f 117 174 113
f 584 127 588
f 75 76 103
f 91 172 586
f 235 161 190
f 155 120 40
f 125 37 38
f 582 128 153
f 118 123 124
f 43 44 109
f 124 123 127
f 121 109 128
f 123 89 127
f 45 46 110
f 58 220 219
f 110 100 116
f 46 139 110
f 177 178 99
f 151 33 34
f 585 78 583
f 47 101 46
f 117 33 151
f 196 50 51
f 33 117 32
f 242 55 300
f 119 155 41
f 42 121 119
f 221 218 220
f 122 175 151
f 53 194 240
f 110 116 45
f 240 2310 816
f 114 584 583
f 127 89 90
f 86 108 85
f 139 46 101
f 41 42 119
f 118 124 154
f 74 75 198
f 199 750 198
f 112 77 78
f 79 583 78
f 108 104 84
f 109 121 43
f 104 111 83
f 2305 86 87
f 118 87 88
f 81 111 80
f 117 113 32
f 123 88 89
f 108 84 85
f 114 583 79
f 119 121 128
f 126 122 35
f 588 586 587
f 66 67 230
f 121 42 43
f 114 154 124
f 30 31 2372
f 104 108 2305
f 118 154 2305
f 750 140 73
f 100 177 181
f 71 252 70
f 111 114 80
f 461 136 352
f 280 230 278
f 223 852 270
f 125 126 36
f 155 40 41
f 175 122 126
f 129 125 38
f 405 183 404
f 130 129 120
f 115 130 405
f 120 2306 130
f 115 212 2304
f 322 318 319
f 227 532 410
f 230 342 65
f 161 189 190
f 135 165 164
f 245 52 921
f 698 169 48
f 100 110 139
f 100 139 138
f 138 139 48
f 148 143 145
f 171 72 73
f 147 246 102
f 205 92 93
f 148 144 143
f 166 142 105
f 135 25 142
f 23 24 135
f 145 143 77
f 145 149 148
f 144 103 143
f 143 76 77
f 103 102 199
f 112 145 77
f 144 147 102
f 146 173 304
f 149 145 587
f 149 146 148
f 586 149 587
f 144 148 304
f 166 150 97
f 237 150 106
f 113 2372 31
f 460 2307 107
f 151 175 176
f 151 34 122
f 109 152 128
f 128 152 153
f 109 116 181
f 153 152 99
f 99 152 177
f 152 109 181
f 99 178 2309
f 589 127 90
f 2306 120 155
f 419 411 420
f 270 271 328
f 363 496 534
f 282 395 446
f 345 235 285
f 208 141 206
f 188 233 160
f 21 191 2303
f 164 163 1862
f 163 134 192
f 23 164 1862
f 166 165 135
f 346 165 97
f 134 164 165
f 165 166 97
f 142 166 135
f 350 238 351
f 416 415 411
f 261 215 216
f 215 261 2308
f 298 299 2373
f 301 433 2373
f 214 179 2309
f 2309 178 213
f 137 177 138
f 48 169 138
f 72 71 864
f 253 201 251
f 203 95 483
f 172 92 205
f 146 205 173
f 172 205 146
f 205 204 173
f 249 173 206
f 106 113 174
f 150 2372 106
f 151 174 117
f 176 254 174
f 175 210 176
f 311 310 210
f 169 137 138
f 178 177 137
f 256 261 216
f 178 137 213
f 2309 179 180
f 214 2309 213
f 49 213 137
f 185 2374 182
f 183 582 184
f 152 181 177
f 180 184 153
f 582 153 184
f 115 405 457
f 184 180 185
f 182 183 184
f 2308 261 314
f 184 185 182
f 314 2374 185
f 318 320 277
f 353 239 293
f 411 415 431
f 370 273 334
f 7 8 228
f 282 446 2377
f 435 591 434
f 533 11 277
f 278 67 68
f 281 342 230
f 308 307 302
f 342 281 374
f 133 233 235
f 483 95 160
f 1 2 2282
f 188 161 233
f 483 484 450
f 209 204 203
f 190 189 234
f 188 189 161
f 284 190 234
f 193 162 236
f 163 191 22
f 346 237 2379
f 238 20 351
f 293 239 350
f 265 57 218
f 197 51 52
f 921 2310 245
f 197 52 168
f 168 52 245
f 196 213 50
f 199 198 75
f 144 102 103
f 140 199 102
f 249 304 173
f 403 356 306
f 70 305 69
f 140 171 73
f 202 72 171
f 171 247 251
f 252 202 201
f 203 204 94
f 95 203 94
f 173 204 206
f 205 93 204
f 208 209 207
f 483 160 484
f 307 309 302
f 204 209 206
f 483 209 203
f 349 254 310
f 286 192 134
f 254 176 310
f 151 176 174
f 211 126 212
f 255 107 311
f 211 175 126
f 211 312 255
f 357 212 115
f 125 2304 126
f 312 211 212
f 50 213 49
f 214 213 196
f 214 196 215
f 215 197 168
f 297 259 258
f 258 259 257
f 216 215 168
f 217 168 245
f 217 194 258
f 257 464 256
f 168 217 2375
f 185 180 179
f 153 99 180
f 2309 180 99
f 100 138 177
f 116 100 181
f 185 179 2308
f 262 58 59
f 263 59 60
f 243 355 242
f 262 220 58
f 262 361 468
f 57 219 218
f 218 219 220
f 508 517 506
f 266 355 243
f 409 221 220
f 368 15 16
f 186 2311 267
f 271 955 62
f 273 62 63
f 329 272 328
f 224 333 61
f 263 361 262
f 592 226 6
f 592 6 225
f 7 225 6
f 226 337 283
f 282 231 232
f 6 226 274
f 228 8 187
f 187 8 227
f 187 276 228
f 228 225 7
f 229 9 1885
f 227 8 9
f 10 11 533
f 227 229 532
f 9 229 227
f 230 67 278
f 279 68 69
f 281 280 159
f 369 335 342
f 232 231 5
f 454 399 480
f 160 96 188
f 235 233 161
f 484 233 133
f 189 3 234
f 285 190 284
f 235 190 285
f 193 236 20
f 191 192 193
f 163 192 191
f 150 237 97
f 237 106 348
f 239 238 350
f 236 351 20
f 293 350 167
f 294 18 353
f 326 269 325
f 245 240 217
f 295 53 241
f 299 54 55
f 241 195 295
f 241 54 299
f 299 242 2373
f 57 265 56
f 221 244 266
f 196 51 197
f 240 245 2310
f 304 250 147
f 246 200 247
f 102 246 140
f 170 247 200
f 171 251 202
f 140 247 171
f 246 247 140
f 200 248 170
f 200 246 147
f 309 141 208
f 248 200 250
f 304 147 144
f 250 249 141
f 247 170 251
f 253 251 170
f 141 249 206
f 202 252 71
f 356 252 201
f 356 305 252
f 338 339 279
f 201 202 251
f 254 106 174
f 106 254 348
f 211 210 175
f 257 256 2375
f 2375 256 216
f 464 260 256
f 258 257 2375
f 464 257 359
f 297 258 194
f 260 98 314
f 179 214 2308
f 263 262 59
f 264 263 60
f 361 263 264
f 60 333 264
f 315 361 264
f 316 361 317
f 266 265 218
f 300 56 243
f 221 266 218
f 266 244 355
f 13 14 2311
f 319 186 323
f 368 267 15
f 268 222 16
f 268 17 269
f 16 222 368
f 222 268 269
f 271 270 955
f 223 270 328
f 273 271 62
f 330 332 377
f 329 328 271
f 329 331 272
f 334 63 64
f 64 65 335
f 369 336 370
f 275 226 283
f 226 275 274
f 5 275 232
f 337 226 592
f 276 434 228
f 227 410 187
f 499 187 410
f 410 470 499
f 568 131 2380
f 187 499 276
f 435 434 2318
f 277 531 533
f 279 278 68
f 305 279 69
f 338 279 305
f 339 280 278
f 371 340 159
f 230 65 66
f 335 65 342
f 373 281 159
f 281 373 374
f 283 282 232
f 283 343 282
f 231 282 2377
f 283 232 275
f 392 395 343
f 4 284 234
f 284 2377 285
f 446 344 399
f 134 165 346
f 346 97 237
f 134 346 286
f 288 347 287
f 347 286 2379
f 288 287 292
f 351 290 289
f 162 292 290
f 292 162 288
f 192 288 162
f 292 291 290
f 291 352 289
f 291 289 290
f 167 289 352
f 417 293 2313
f 269 294 325
f 194 53 295
f 298 296 195
f 354 474 512
f 297 194 295
f 298 433 296
f 299 298 195
f 242 299 55
f 265 243 56
f 242 300 243
f 425 354 296
f 309 208 303
f 450 485 453
f 208 207 303
f 250 141 248
f 250 304 249
f 252 305 70
f 201 253 306
f 308 403 306
f 307 306 253
f 306 307 308
f 302 309 303
f 447 302 303
f 403 308 481
f 248 309 307
f 309 248 141
f 170 248 307
f 310 176 210
f 311 107 578
f 310 311 563
f 255 311 210
f 512 259 354
f 256 260 261
f 2308 314 185
f 260 314 261
f 315 391 317
f 264 333 360
f 361 315 317
f 318 277 12
f 318 322 320
f 12 13 318
f 2311 318 13
f 267 2311 14
f 318 2311 319
f 366 545 323
f 502 321 364
f 321 320 322
f 364 321 322
f 321 157 365
f 323 322 319
f 324 323 186
f 186 267 367
f 2313 412 417
f 269 326 222
f 411 327 326
f 590 328 272
f 273 329 271
f 330 329 273
f 330 370 332
f 377 375 376
f 378 379 331
f 330 331 329
f 377 332 375
f 360 224 593
f 333 224 360
f 335 334 64
f 374 398 336
f 273 370 330
f 338 305 356
f 339 338 371
f 278 279 339
f 230 280 281
f 481 372 403
f 302 482 308
f 341 397 398
f 282 343 395
f 340 441 439
f 284 231 2377
f 401 2377 446
f 441 442 455
f 456 451 345
f 286 346 2379
f 402 348 349
f 348 254 349
f 563 349 310
f 289 167 350
f 290 351 236
f 350 351 289
f 519 520 575
f 414 352 136
f 414 167 352
f 353 293 417
f 294 353 325
f 195 297 295
f 297 296 354
f 242 355 2373
f 266 243 265
f 503 355 244
f 2373 355 301
f 306 356 201
f 338 356 403
f 400 449 447
f 481 442 372
f 357 312 212
f 98 260 462
f 255 312 406
f 466 464 465
f 465 359 530
f 259 359 257
f 360 388 315
f 264 360 315
f 316 409 468
f 384 385 382
f 388 391 315
f 323 364 322
f 366 430 545
f 368 367 267
f 327 368 222
f 367 324 186
f 367 327 419
f 368 327 367
f 326 327 222
f 424 418 2316
f 334 335 369
f 369 370 334
f 332 370 336
f 371 159 280
f 439 159 340
f 339 371 280
f 403 372 371
f 340 371 372
f 439 373 159
f 374 373 341
f 398 374 341
f 342 374 369
f 373 439 341
f 375 445 376
f 336 375 332
f 478 568 386
f 379 380 158
f 331 377 378
f 379 378 380
f 388 360 593
f 590 272 158
f 379 272 331
f 382 158 384
f 384 158 380
f 388 387 391
f 380 381 384
f 542 499 470
f 387 385 2314
f 394 393 438
f 593 158 382
f 378 383 2315
f 438 376 445
f 477 492 436
f 382 385 387
f 131 568 541
f 568 2380 386
f 437 386 383
f 2315 383 386
f 378 377 383
f 377 376 383
f 2380 2315 386
f 378 2315 380
f 2314 385 436
f 382 387 388
f 436 385 477
f 2314 391 387
f 317 391 390
f 2376 479 392
f 395 2312 344
f 2376 392 343
f 337 2376 283
f 394 445 396
f 393 437 438
f 2312 392 394
f 393 394 392
f 396 2312 394
f 344 2312 132
f 446 395 344
f 132 2312 396
f 398 396 445
f 396 398 397
f 443 444 132
f 447 303 448
f 345 285 401
f 2381 453 451
f 448 450 453
f 235 345 133
f 133 345 451
f 286 347 288
f 402 347 2379
f 348 2379 237
f 359 259 512
f 354 259 297
f 549 508 507
f 338 403 371
f 2306 405 130
f 358 407 457
f 182 404 183
f 183 405 2306
f 457 405 404
f 406 107 255
f 107 406 460
f 312 407 406
f 407 358 489
f 357 407 312
f 313 467 528
f 2374 490 488
f 464 359 465
f 363 534 156
f 363 156 316
f 537 409 156
f 468 409 220
f 156 409 316
f 321 365 320
f 320 365 531
f 531 277 320
f 470 410 469
f 323 324 366
f 167 414 2313
f 2313 414 413
f 412 2313 413
f 428 412 413
f 416 412 415
f 416 411 326
f 415 412 428
f 325 416 326
f 419 420 2382
f 411 419 327
f 367 419 324
f 420 424 421
f 427 426 431
f 433 301 504
f 476 2320 518
f 432 429 426
f 546 418 509
f 421 430 366
f 425 422 474
f 431 415 427
f 476 413 414
f 415 428 427
f 555 557 516
f 430 421 2316
f 548 473 430
f 565 538 566
f 355 503 301
f 507 506 505
f 513 474 517
f 518 413 476
f 426 418 424
f 510 554 509
f 431 426 424
f 558 432 423
f 429 418 426
f 433 425 296
f 425 433 511
f 374 336 369
f 375 336 398
f 479 478 437
f 479 437 393
f 2318 434 276
f 568 435 541
f 478 435 568
f 436 492 493
f 2314 436 389
f 438 437 383
f 376 438 383
f 394 438 445
f 443 439 441
f 442 441 340
f 456 399 454
f 340 372 442
f 441 440 443
f 308 482 481
f 455 442 486
f 443 440 444
f 440 452 454
f 132 397 443
f 341 443 397
f 454 444 440
f 132 444 480
f 398 445 375
f 401 446 399
f 448 303 207
f 400 486 449
f 448 207 450
f 400 447 448
f 447 449 482
f 450 207 483
f 450 484 485
f 452 2381 456
f 133 451 485
f 456 454 452
f 453 400 448
f 455 452 440
f 2381 452 486
f 485 451 453
f 400 453 2381
f 454 480 444
f 441 455 440
f 486 442 449
f 345 401 456
f 457 357 115
f 357 457 407
f 488 457 404
f 182 488 404
f 523 458 313
f 526 291 487
f 573 461 526
f 459 579 2307
f 581 576 577
f 291 461 352
f 98 408 490
f 462 260 464
f 408 98 462
f 408 463 490
f 457 488 358
f 458 489 313
f 408 466 467
f 462 464 466
f 466 465 529
f 462 466 408
f 408 467 463
f 262 468 220
f 316 468 361
f 469 365 2319
f 472 470 2319
f 531 365 469
f 469 2319 470
f 276 499 2318
f 477 131 498
f 472 542 470
f 471 492 498
f 544 493 494
f 472 471 542
f 501 430 473
f 502 545 501
f 156 534 536
f 474 422 517
f 524 528 525
f 425 474 354
f 461 573 559
f 136 476 414
f 559 2320 476
f 131 477 381
f 437 478 386
f 392 479 393
f 478 591 435
f 443 341 439
f 399 344 480
f 132 480 344
f 449 442 481
f 447 482 302
f 481 482 449
f 209 483 207
f 233 484 160
f 484 133 485
f 2381 486 400
f 455 486 452
f 2374 488 182
f 490 2374 98
f 292 487 291
f 347 402 562
f 287 487 292
f 576 526 487
f 358 488 490
f 467 313 463
f 523 528 524
f 406 407 489
f 463 489 358
f 490 463 358
f 529 465 491
f 530 512 513
f 557 525 529
f 469 532 531
f 531 532 533
f 498 492 477
f 492 471 494
f 472 495 494
f 493 492 494
f 472 494 471
f 495 157 543
f 493 362 389
f 497 389 362
f 389 436 493
f 362 564 496
f 389 497 390
f 496 363 497
f 363 390 497
f 542 498 541
f 541 2318 542
f 501 545 430
f 502 501 500
f 569 538 565
f 544 494 495
f 500 543 502
f 321 502 157
f 364 323 545
f 503 567 504
f 244 221 2383
f 505 504 567
f 433 504 511
f 503 504 301
f 507 508 506
f 422 425 511
f 505 506 511
f 549 510 508
f 549 507 550
f 418 429 509
f 515 594 522
f 522 429 558
f 511 504 505
f 511 506 422
f 359 512 530
f 513 512 474
f 514 513 475
f 513 516 530
f 514 515 571
f 555 516 514
f 594 510 522
f 491 530 516
f 514 516 513
f 513 517 475
f 506 517 422
f 517 508 475
f 2317 427 518
f 574 573 580
f 427 428 518
f 413 518 428
f 520 2317 2320
f 518 2320 2317
f 570 556 572
f 520 423 2317
f 520 519 423
f 519 521 423
f 429 432 558
f 571 555 514
f 521 558 423
f 558 515 522
f 556 521 519
f 521 571 558
f 559 574 2320
f 523 459 460
f 524 560 561
f 458 523 460
f 313 528 523
f 570 557 555
f 525 570 560
f 291 526 461
f 581 526 576
f 402 349 527
f 578 577 527
f 529 528 467
f 525 528 529
f 529 467 466
f 529 491 557
f 465 530 491
f 410 532 469
f 229 533 532
f 535 496 564
f 534 496 535
f 552 553 547
f 540 507 505
f 535 551 534
f 362 493 539
f 535 564 565
f 552 547 554
f 2321 536 551
f 534 551 536
f 409 537 221
f 536 2321 537
f 156 536 537
f 2321 2383 537
f 501 538 500
f 473 538 501
f 566 553 565
f 540 505 567
f 544 539 493
f 566 538 473
f 541 498 131
f 471 498 542
f 502 543 157
f 569 543 500
f 500 538 569
f 364 545 502
f 547 566 473
f 418 546 548
f 547 548 546
f 550 507 540
f 510 549 554
f 549 550 552
f 553 551 535
f 565 553 535
f 551 552 550
f 547 553 566
f 552 551 553
f 546 554 547
f 552 554 549
f 546 509 554
f 509 429 522
f 509 522 510
f 555 571 556
f 570 572 560
f 521 556 571
f 556 519 572
f 516 557 491
f 515 558 571
f 561 560 572
f 524 525 560
f 575 561 572
f 523 524 459
f 562 287 347
f 487 562 576
f 287 562 487
f 527 562 402
f 577 562 527
f 577 579 581
f 362 496 497
f 539 564 362
f 539 565 564
f 565 539 569
f 244 567 503
f 2383 567 244
f 537 2383 221
f 2321 540 2383
f 550 540 2321
f 2318 541 435
f 544 495 543
f 544 569 539
f 543 569 544
f 548 547 473
f 557 570 525
f 556 570 555
f 519 575 572
f 581 580 573
f 580 575 574
f 520 574 575
f 559 573 574
f 559 136 461
f 476 136 559
f 580 561 575
f 577 576 562
f 527 563 578
f 578 563 311
f 580 579 459
f 526 581 573
f 577 578 579
f 561 580 459
f 580 581 579
f 582 2306 119
f 585 112 78
f 124 584 114
f 127 584 124
f 583 584 585
f 149 586 172
f 588 587 585
f 584 588 585
f 589 588 127
f 91 589 90
f 588 589 586
f 593 590 158
f 328 590 223
f 225 434 591
f 592 591 2378
f 434 225 228
f 388 593 382
f 594 475 508
f 514 475 515
f 475 594 515
f 510 594 508
f 688 632 631
f 722 623 622
f 49 812 50
f 625 727 728
f 682 689 687
f 1109 669 699
f 240 816 53
f 786 785 772
f 638 2384 101
f 722 683 623
f 637 636 671
f 60 59 2325
f 686 628 2385
f 682 631 630
f 687 677 682
f 684 2385 627
f 736 169 698
f 674 649 648
f 2389 888 57
f 727 624 683
f 2325 59 887
f 59 58 887
f 56 2389 57
f 724 664 787
f 637 2384 638
f 874 878 731
f 744 641 640
f 61 850 852
f 726 727 683
f 62 955 849
f 685 671 636
f 673 667 699
f 676 663 645
f 68 67 855
f 672 700 673
f 1097 738 739
f 667 702 705
f 714 620 619
f 803 909 910
f 644 669 676
f 639 74 661
f 751 749 750
f 674 668 729
f 74 198 661
f 704 654 703
f 639 661 711
f 671 685 660
f 683 752 726
f 730 762 2385
f 642 673 643
f 629 686 689
f 681 680 633
f 668 647 663
f 674 647 668
f 645 663 646
f 644 676 645
f 795 688 677
f 676 729 668
f 730 2385 684
f 708 662 709
f 699 669 643
f 626 625 728
f 1109 1108 675
f 686 629 628
f 684 627 626
f 682 688 631
f 681 688 795
f 624 727 625
f 621 679 723
f 624 623 683
f 607 885 608
f 621 723 622
f 682 677 688
f 716 679 714
f 762 760 687
f 714 618 617
f 715 714 617
f 681 632 688
f 628 627 2385
f 714 619 618
f 682 630 689
f 757 835 795
f 729 676 669
f 723 679 716
f 677 760 757
f 674 729 675
f 620 679 621
f 728 684 626
f 701 702 700
f 658 809 659
f 673 642 672
f 47 638 101
f 733 891 954
f 806 808 805
f 637 671 2384
f 811 809 2283
f 707 655 704
f 632 681 633
f 660 697 671
f 672 642 641
f 674 675 650
f 652 1108 705
f 674 650 649
f 648 647 674
f 714 679 620
f 675 651 650
f 687 689 686
f 705 702 653
f 1091 1041 989
f 676 668 663
f 717 725 724
f 943 873 872
f 633 680 634
f 805 597 596
f 1108 651 675
f 878 925 930
f 744 745 708
f 598 960 952
f 960 987 800
f 644 643 669
f 891 845 847
f 685 636 635
f 665 837 743
f 629 689 630
f 635 634 680
f 911 804 909
f 737 657 656
f 72 815 73
f 1109 699 667
f 817 2386 1048
f 773 1105 774
f 660 693 698
f 697 660 698
f 698 693 736
f 139 101 48
f 2384 671 697
f 48 697 698
f 729 669 1109
f 667 705 1109
f 700 666 701
f 667 700 702
f 673 700 667
f 666 700 672
f 709 706 701
f 704 655 654
f 701 666 709
f 703 702 701
f 653 702 703
f 703 701 704
f 653 703 654
f 706 704 701
f 704 706 707
f 652 705 653
f 706 709 662
f 656 655 707
f 748 858 747
f 707 706 713
f 745 744 640
f 662 713 706
f 712 813 710
f 863 859 861
f 744 666 672
f 709 666 708
f 711 640 639
f 749 711 661
f 708 747 662
f 198 750 661
f 751 750 73
f 694 746 749
f 1092 735 1093
f 858 713 662
f 738 713 712
f 715 617 616
f 716 714 715
f 615 715 616
f 720 725 717
f 719 723 718
f 752 670 726
f 719 718 717
f 720 718 753
f 719 717 670
f 717 724 670
f 787 781 724
f 721 715 615
f 755 740 754
f 723 722 622
f 722 719 752
f 723 716 718
f 722 723 719
f 696 725 720
f 664 724 725
f 718 720 717
f 754 696 720
f 727 726 678
f 728 727 678
f 675 729 1109
f 681 834 680
f 680 834 665
f 684 728 869
f 840 605 838
f 1011 1010 973
f 55 890 300
f 601 847 602
f 854 805 808
f 1068 989 1090
f 804 64 63
f 1068 1065 1066
f 857 793 833
f 736 693 867
f 712 739 738
f 809 658 2285
f 738 707 713
f 739 712 710
f 707 738 737
f 739 710 997
f 739 997 1094
f 202 71 72
f 70 865 71
f 922 816 2310
f 695 968 923
f 610 609 819
f 880 886 606
f 753 716 715
f 743 742 660
f 693 660 742
f 743 660 685
f 867 693 823
f 665 743 2322
f 742 743 826
f 666 744 708
f 641 744 672
f 745 640 711
f 746 745 711
f 708 745 747
f 749 746 711
f 747 746 748
f 745 746 747
f 748 746 694
f 859 813 748
f 748 813 858
f 749 751 694
f 859 748 694
f 661 750 749
f 815 751 73
f 820 751 815
f 722 752 683
f 670 752 719
f 716 753 718
f 721 753 715
f 615 614 755
f 755 721 615
f 755 754 721
f 613 755 614
f 1047 740 817
f 696 754 740
f 728 678 869
f 757 795 677
f 756 761 760
f 766 759 761
f 759 757 761
f 765 768 758
f 836 757 759
f 769 770 772
f 776 758 769
f 759 765 758
f 769 758 768
f 776 836 758
f 677 687 760
f 762 687 686
f 760 761 757
f 763 821 756
f 756 760 762
f 730 763 762
f 756 762 763
f 822 764 767
f 767 766 822
f 783 765 766
f 759 766 765
f 783 766 767
f 774 768 783
f 774 1105 771
f 770 769 768
f 771 784 770
f 776 775 777
f 771 768 774
f 770 784 779
f 782 767 764
f 771 1107 784
f 770 768 771
f 785 769 772
f 825 775 790
f 777 825 824
f 785 790 775
f 777 775 825
f 782 773 767
f 773 774 783
f 775 776 769
f 793 857 790
f 824 825 823
f 776 777 871
f 837 665 796
f 779 792 786
f 779 2387 830
f 764 822 916
f 787 788 781
f 782 866 780
f 670 724 791
f 764 916 866
f 724 781 791
f 773 783 767
f 779 784 2387
f 785 775 769
f 1004 725 696
f 791 781 789
f 772 779 786
f 794 790 785
f 829 792 870
f 785 786 794
f 790 794 793
f 867 823 857
f 1049 2388 664
f 730 868 763
f 791 726 670
f 790 857 825
f 917 789 781
f 726 791 678
f 786 2324 794
f 792 830 870
f 830 831 870
f 52 51 832
f 794 2324 828
f 833 51 50
f 871 835 836
f 796 665 834
f 778 837 796
f 835 796 834
f 796 871 778
f 841 840 797
f 901 733 976
f 1111 877 884
f 932 887 888
f 941 829 870
f 901 845 891
f 848 847 903
f 270 983 955
f 61 333 850
f 962 800 987
f 990 803 910
f 856 802 855
f 805 807 806
f 807 2283 806
f 801 988 1066
f 853 854 801
f 807 805 596
f 596 1284 807
f 811 807 1284
f 810 2285 658
f 2283 809 735
f 1094 1097 739
f 809 2285 735
f 1071 2283 735
f 811 2283 807
f 1284 595 2284
f 811 1284 2284
f 657 810 658
f 809 811 659
f 857 833 812
f 736 812 49
f 707 737 656
f 737 1097 810
f 657 737 810
f 712 858 813
f 710 813 863
f 863 860 996
f 815 72 864
f 865 908 991
f 861 859 820
f 817 740 613
f 755 613 740
f 1489 612 2386
f 1003 1047 1048
f 819 966 1002
f 914 1002 966
f 912 609 608
f 915 819 1002
f 763 868 920
f 822 756 821
f 822 821 916
f 778 777 824
f 826 778 824
f 824 742 826
f 824 823 742
f 823 825 857
f 868 869 827
f 917 827 789
f 921 832 828
f 922 828 2324
f 792 829 2324
f 779 830 792
f 830 695 831
f 832 51 833
f 833 793 832
f 828 832 793
f 794 828 793
f 52 832 921
f 795 834 681
f 795 835 834
f 757 836 835
f 836 759 758
f 777 778 871
f 837 778 826
f 743 837 826
f 797 840 838
f 872 605 1443
f 1110 885 886
f 873 874 838
f 872 838 605
f 876 841 797
f 877 876 924
f 839 841 876
f 892 604 846
f 872 873 838
f 888 58 219
f 889 56 300
f 889 974 971
f 241 940 54
f 603 844 900
f 602 845 844
f 604 892 893
f 900 844 845
f 604 603 846
f 903 601 600
f 905 600 599
f 891 847 848
f 847 845 602
f 903 847 601
f 848 903 953
f 983 956 955
f 1130 849 1131
f 851 852 850
f 906 907 850
f 1112 984 851
f 852 851 983
f 853 801 987
f 854 853 597
f 855 802 2286
f 856 67 66
f 860 993 995
f 65 64 911
f 856 66 803
f 803 66 911
f 66 65 911
f 804 63 1130
f 812 833 50
f 857 812 867
f 713 858 712
f 747 858 662
f 820 859 694
f 861 862 992
f 862 864 865
f 862 861 820
f 863 861 860
f 815 862 820
f 862 865 992
f 860 995 996
f 859 863 813
f 997 710 996
f 1095 1094 814
f 865 864 71
f 815 864 862
f 908 70 69
f 992 865 991
f 915 612 611
f 2386 612 818
f 912 819 609
f 915 610 819
f 885 912 608
f 912 1114 966
f 818 612 915
f 917 918 920
f 780 2323 1132
f 764 866 782
f 780 866 2323
f 919 2323 866
f 736 867 812
f 742 823 693
f 869 868 730
f 868 827 920
f 869 730 684
f 827 678 789
f 869 678 827
f 835 871 796
f 776 871 836
f 943 894 873
f 894 943 896
f 874 873 875
f 838 874 797
f 874 731 924
f 875 873 894
f 924 731 877
f 797 874 924
f 874 875 878
f 884 970 1055
f 883 881 882
f 924 876 797
f 882 876 877
f 926 945 929
f 879 875 894
f 877 731 884
f 878 875 879
f 970 878 930
f 895 899 894
f 925 879 926
f 899 879 894
f 881 880 839
f 885 607 886
f 839 880 841
f 882 881 839
f 1110 881 883
f 882 839 876
f 883 1111 2329
f 1111 883 882
f 1161 1159 1172
f 884 1055 1111
f 607 606 886
f 881 886 880
f 888 887 58
f 798 887 932
f 2325 887 798
f 889 2389 56
f 890 889 300
f 937 55 54
f 241 53 940
f 937 54 843
f 829 816 922
f 843 54 940
f 891 733 901
f 897 900 901
f 929 925 926
f 895 894 896
f 896 892 846
f 893 943 872
f 893 892 943
f 976 978 944
f 898 897 944
f 895 897 898
f 897 896 846
f 895 896 897
f 846 900 897
f 898 978 979
f 898 951 895
f 951 899 895
f 603 900 846
f 901 900 845
f 901 976 944
f 1057 933 1056
f 951 898 979
f 926 946 945
f 946 902 945
f 905 903 600
f 599 952 905
f 952 800 904
f 598 952 599
f 905 953 903
f 953 905 904
f 982 906 2325
f 972 973 1010
f 1112 907 1014
f 986 957 958
f 956 957 959
f 987 961 853
f 801 962 987
f 805 854 597
f 988 854 808
f 1000 856 990
f 855 67 856
f 964 2286 802
f 865 70 908
f 855 2286 69
f 908 69 2286
f 996 710 863
f 911 909 803
f 999 990 910
f 804 911 64
f 959 1040 1131
f 912 913 1114
f 885 913 912
f 912 966 819
f 1046 967 1080
f 967 741 818
f 611 610 915
f 918 916 821
f 866 916 919
f 781 788 917
f 916 918 919
f 920 918 821
f 918 917 919
f 920 821 763
f 922 921 828
f 829 922 2324
f 941 816 829
f 968 695 1005
f 878 879 925
f 899 926 879
f 929 930 925
f 929 945 948
f 929 927 930
f 878 970 731
f 928 970 930
f 798 932 931
f 935 931 1006
f 935 934 931
f 2389 932 888
f 931 932 1006
f 1006 2389 971
f 935 1006 936
f 1119 1127 1118
f 935 933 1123
f 933 935 936
f 933 1057 1123
f 798 972 982
f 798 931 934
f 973 934 1122
f 1007 974 1008
f 938 937 799
f 938 799 939
f 937 938 890
f 1018 939 799
f 890 55 937
f 816 940 53
f 1051 941 831
f 891 848 954
f 892 896 943
f 898 944 978
f 901 944 897
f 949 945 902
f 899 946 926
f 979 902 946
f 1024 902 981
f 929 948 927
f 980 981 979
f 950 945 949
f 948 945 1023
f 947 950 949
f 1023 945 950
f 979 946 951
f 946 899 951
f 800 952 960
f 905 952 904
f 1062 986 1059
f 1026 953 904
f 954 848 1028
f 733 942 976
f 953 1028 848
f 906 982 842
f 907 906 842
f 906 850 333
f 1112 850 907
f 1112 851 850
f 956 851 984
f 955 959 849
f 959 955 956
f 956 984 957
f 959 957 1040
f 957 984 958
f 1031 1100 1038
f 1040 957 986
f 961 960 598
f 960 961 987
f 963 802 1000
f 1000 802 856
f 965 963 1000
f 802 963 964
f 1042 994 995
f 1040 734 1085
f 967 1002 914
f 914 1081 1080
f 741 967 1046
f 695 923 831
f 843 799 937
f 1018 799 969
f 927 690 1053
f 928 930 927
f 1126 1053 690
f 970 928 1055
f 731 970 884
f 57 888 219
f 936 1006 971
f 973 972 934
f 1011 973 1128
f 889 971 2389
f 1007 971 974
f 890 974 889
f 938 974 890
f 1008 938 939
f 1008 1115 732
f 976 942 977
f 1060 733 954
f 1059 985 1017
f 980 977 1016
f 977 978 976
f 1116 950 1009
f 927 948 690
f 1127 948 1023
f 947 949 1024
f 979 978 980
f 978 977 980
f 1058 980 1016
f 902 979 981
f 800 1025 904
f 1027 1026 1030
f 1031 1029 1100
f 982 2325 798
f 982 972 842
f 852 983 270
f 983 851 956
f 1015 984 1112
f 962 801 1066
f 989 988 808
f 854 988 801
f 808 1091 989
f 1095 1096 692
f 1063 1065 691
f 803 990 856
f 2286 991 908
f 993 992 991
f 992 993 860
f 1044 1042 1043
f 1074 1075 1073
f 1042 993 991
f 2287 814 997
f 861 992 860
f 2287 997 996
f 995 994 2287
f 994 1074 1076
f 1072 1041 692
f 1087 1084 1086
f 1001 999 1045
f 1001 1000 990
f 1069 691 1065
f 915 1002 818
f 1004 1003 1050
f 1003 1004 696
f 696 740 1047
f 1004 1050 1049
f 725 1004 664
f 1102 2326 1133
f 2386 741 1048
f 1002 967 818
f 1147 968 1005
f 1022 923 968
f 831 923 969
f 940 1051 843
f 799 843 969
f 1051 969 843
f 1129 1127 1119
f 1106 1140 1147
f 1007 936 971
f 974 938 1008
f 1115 1008 939
f 732 1007 1008
f 1123 934 935
f 950 1116 1023
f 1061 1128 947
f 1012 1014 907
f 1011 1128 1061
f 1012 1010 1011
f 907 842 1012
f 972 1010 842
f 1012 842 1010
f 1014 1012 2327
f 1011 1061 2327
f 2327 1083 1013
f 1013 985 1015
f 1015 1014 1013
f 1015 985 1059
f 1015 958 984
f 1016 977 1070
f 1070 977 942
f 1017 1016 1070
f 1017 985 1058
f 1115 939 975
f 1018 969 923
f 975 939 1018
f 1150 1022 1143
f 1142 1149 1143
f 1115 1021 1121
f 1020 1018 923
f 975 1019 1021
f 1019 975 1020
f 1020 975 1018
f 1151 1153 1125
f 923 1022 1020
f 690 948 1127
f 1061 1024 1083
f 1014 2327 1013
f 902 1024 949
f 1024 981 1083
f 800 962 1025
f 1026 904 1025
f 1028 1026 1027
f 1026 1025 1032
f 1027 1030 1035
f 1031 1027 1035
f 1028 1027 1039
f 1026 1028 953
f 1045 1063 691
f 1045 1037 1063
f 1035 1029 1031
f 734 986 1062
f 1030 1026 1032
f 1064 1032 1025
f 1036 1030 1032
f 1029 1035 1033
f 1034 1036 1037
f 999 910 1087
f 1033 1035 1034
f 1035 1030 1034
f 1037 1036 1063
f 1100 1070 1038
f 1027 1031 1039
f 1038 1039 1031
f 986 734 1040
f 1033 734 1062
f 1059 986 958
f 1071 1091 806
f 1064 1025 962
f 1043 991 2286
f 1044 1043 964
f 991 1043 1042
f 1000 1001 965
f 999 1001 990
f 1080 967 914
f 1050 1046 1082
f 1048 1047 817
f 1047 1003 696
f 817 1427 2386
f 1046 1048 741
f 787 664 2388
f 1004 1049 664
f 1102 1050 1082
f 1050 1003 1046
f 1048 1046 1003
f 816 941 940
f 969 1051 831
f 690 1127 1129
f 928 1053 1054
f 1126 1052 1053
f 1053 1052 1054
f 1166 1055 1168
f 927 1053 928
f 928 1054 1055
f 1007 732 1056
f 936 1056 933
f 1118 1116 1117
f 1057 1056 1120
f 1057 1117 1123
f 950 947 1009
f 981 980 1058
f 985 1013 1058
f 1017 1058 1016
f 1015 1059 958
f 1060 942 733
f 1039 1060 954
f 1028 1039 954
f 1024 1061 947
f 1011 2327 1012
f 2327 1061 1083
f 1100 1062 1059
f 1062 1100 1029
f 1063 1064 1065
f 1032 1064 1036
f 1066 1064 962
f 988 1068 1066
f 1069 1065 1068
f 1064 1066 1065
f 1041 1072 1090
f 989 1068 988
f 1067 1069 1068
f 994 1042 1074
f 1077 1069 1067
f 1069 1077 691
f 1017 1070 1100
f 942 1038 1070
f 1071 735 1092
f 1090 1067 1068
f 993 1042 995
f 963 1044 964
f 1042 1044 1074
f 1075 1074 1044
f 1067 1079 1073
f 1075 1044 963
f 1074 1073 1076
f 963 965 1075
f 1001 1045 691
f 1076 1073 1079
f 994 1076 2287
f 1078 1075 965
f 1001 1078 965
f 1079 1072 998
f 1077 1078 691
f 1001 691 1078
f 1046 1080 1082
f 1102 1099 2388
f 2326 1082 1080
f 741 2386 818
f 981 1058 1083
f 1083 1058 1013
f 1017 1100 1059
f 1029 1033 1062
f 1033 1089 734
f 1089 1085 734
f 1085 1086 1084
f 909 1088 910
f 1086 1085 1089
f 1085 1084 1131
f 1045 999 1087
f 1087 910 1088
f 1087 1086 1037
f 1088 909 804
f 1087 1088 1084
f 1034 1089 1033
f 1041 1090 989
f 1079 1090 1072
f 1067 1090 1079
f 806 1091 808
f 692 1091 1071
f 1093 735 2285
f 1096 1095 814
f 1097 1094 1093
f 1093 1094 1095
f 814 1094 997
f 1097 1093 810
f 692 1092 1095
f 1095 1092 1093
f 1096 998 1072
f 738 1097 737
f 1091 692 1041
f 1092 692 1071
f 1096 1072 692
f 1105 773 2390
f 788 1099 2323
f 1133 2328 1132
f 1089 1034 1086
f 1037 1086 1034
f 1087 1037 1045
f 1133 2326 2328
f 1049 1050 1102
f 1099 1102 1133
f 1107 1005 784
f 1104 782 780
f 773 782 1104
f 1156 1146 1103
f 1081 1170 1101
f 1104 780 1103
f 773 1104 2390
f 1134 1156 1103
f 1105 1107 771
f 1107 1105 1106
f 1140 1106 1141
f 1147 1005 1107
f 1147 1107 1106
f 651 1108 652
f 705 1108 1109
f 820 694 751
f 885 1110 913
f 881 1110 886
f 877 1111 882
f 1166 1111 1055
f 1112 1014 1015
f 1164 1170 1171
f 1114 1113 914
f 914 1113 1081
f 883 1162 1110
f 1160 1161 1162
f 1114 913 1172
f 920 827 917
f 1021 1115 975
f 1116 1009 1117
f 1116 1127 1023
f 1122 1117 1009
f 1117 1057 1118
f 1127 1116 1118
f 1118 1120 1119
f 1120 732 1121
f 1128 1009 947
f 1123 1122 934
f 1117 1122 1123
f 1115 1121 732
f 1152 1125 1021
f 1021 1125 1121
f 1153 1124 1125
f 1120 1121 1124
f 1129 1126 690
f 1153 1126 1124
f 1057 1120 1118
f 1124 1119 1120
f 1122 1128 973
f 1009 1128 1122
f 1124 1129 1119
f 1126 1129 1124
f 1131 1088 1130
f 849 959 1131
f 1130 1088 804
f 1084 1088 1131
f 62 849 63
f 1131 1040 1085
f 1101 1098 2328
f 1099 1133 1132
f 1134 2328 1098
f 1103 780 1132
f 1132 2328 1134
f 1159 1171 1172
f 1153 1154 1155
f 1132 1134 1103
f 1138 1136 1164
f 1081 1101 2326
f 1101 1170 1136
f 1152 1151 1125
f 1101 1136 1098
f 1164 1136 1170
f 1139 1156 1098
f 1163 1138 1164
f 1139 1138 1137
f 1135 1144 1137
f 1139 1137 1144
f 1142 1144 1135
f 1147 1140 1143
f 1140 1142 1143
f 1104 1103 1146
f 1141 1146 1145
f 1106 2390 1141
f 1143 1149 1150
f 1145 1144 1142
f 1156 1144 1145
f 2390 1104 1146
f 1145 1146 1156
f 2390 1146 1141
f 1143 1022 1147
f 968 1147 1022
f 1152 1019 1150
f 1148 1142 1135
f 1142 1148 1149
f 1135 1158 1154
f 1151 1149 1148
f 1150 1019 1020
f 1137 1167 1158
f 1052 1157 1168
f 1151 1152 1149
f 1019 1152 1021
f 1022 1150 1020
f 1152 1150 1149
f 1154 1153 1151
f 1154 1151 1148
f 1135 1154 1148
f 1144 1156 1139
f 1157 1052 1155
f 1158 1157 1155
f 1138 1163 1167
f 1155 1154 1158
f 1137 1158 1135
f 1167 1157 1158
f 1161 1172 913
f 1162 2329 1160
f 1163 1159 1160
f 1162 1161 913
f 1159 1161 1160
f 1110 1162 913
f 1165 1160 2329
f 1163 1165 1169
f 1159 1163 1164
f 2329 1166 1165
f 1163 1169 1167
f 1166 1168 1169
f 1111 1166 2329
f 1168 1055 1054
f 1166 1169 1165
f 1138 1167 1137
f 1052 1168 1054
f 1157 1169 1168
f 1167 1169 1157
f 1113 1170 1081
f 1171 1170 1113
f 1172 1171 1113
f 1171 1159 1164
f 1114 1172 1113
f 1145 1140 1141
f 1142 1140 1145
f 616 617 618
f 1311 1234 1272
f 1269 1219 1220
f 616 618 619
f 619 1276 616
f 1345 616 1276
f 1276 619 1173
f 1271 1269 1263
f 1271 1218 1219
f 1348 1312 1350
f 1236 1258 2292
f 647 648 1244
f 1353 1179 1180
f 2331 1258 1266
f 1488 611 612
f 1269 1240 2288
f 2330 1310 1234
f 1267 1261 1250
f 2338 1186 1187
f 1286 1253 1259
f 1247 1224 1225
f 607 608 1433
f 613 614 1486
f 1274 1275 1336
f 1239 1238 1251
f 1507 1357 1394
f 1310 2288 1255
f 1243 647 1244
f 1217 1285 1216
f 872 1443 1445
f 1234 1311 2330
f 1736 1515 1510
f 1237 1261 1260
f 1446 841 880
f 1255 2288 1259
f 1235 1231 1232
f 1397 601 602
f 1323 596 597
f 598 1366 961
f 1325 1297 1378
f 601 1397 1398
f 1334 1306 1213
f 2292 1228 1229
f 1247 1253 1246
f 1226 1227 1242
f 1327 1295 1328
f 1247 1246 1224
f 1339 1343 1340
f 1326 596 1323
f 1232 2291 2290
f 1293 1332 1233
f 1245 1243 1238
f 1226 1242 1254
f 1223 1224 1246
f 1239 1246 1253
f 2292 1258 1241
f 1229 1230 2289
f 1230 1231 1249
f 1240 1248 1286
f 1202 1920 1438
f 1188 1362 1361
f 1241 2331 1267
f 1188 1189 1362
f 1262 1264 1305
f 1265 1261 1267
f 1342 1479 1341
f 1282 1283 1191
f 1395 1204 1205
f 1249 1257 2289
f 1255 1256 1237
f 1245 1248 1221
f 1258 2331 1241
f 1437 1392 1436
f 1437 1498 1392
f 1242 1250 1261
f 1192 1282 1191
f 1238 1244 1251
f 1237 1242 1261
f 1246 1251 1223
f 1247 1256 1253
f 1503 1549 1201
f 1259 1256 1255
f 1550 1201 1549
f 1244 1222 1251
f 1495 1199 1200
f 1236 2292 2289
f 1198 1199 1496
f 1260 1234 1310
f 1260 1255 1237
f 1218 1271 1217
f 1272 1260 1261
f 1263 2330 1309
f 1242 1227 1250
f 1221 1248 1220
f 1238 1243 1244
f 1256 1247 1254
f 1260 1310 1255
f 1287 1257 1249
f 648 1222 1244
f 1237 1256 1254
f 1243 1252 663
f 663 1252 646
f 2289 1257 1236
f 1245 1252 1243
f 1228 1250 1227
f 1243 663 647
f 1221 646 1252
f 1268 1258 1236
f 1415 1209 1210
f 1251 1246 1239
f 1221 1252 1245
f 1381 1382 1343
f 1241 1250 1228
f 1272 1234 1260
f 1222 1223 1251
f 1225 1226 1254
f 1300 1333 1214
f 1212 1306 1308
f 1286 1245 1238
f 1286 1239 1253
f 1308 1306 1307
f 1241 1228 2292
f 1242 1237 1254
f 1256 1259 1253
f 1286 1259 1240
f 2288 1240 1259
f 1272 1261 1265
f 1274 1265 1273
f 1258 1268 1266
f 1265 2331 1273
f 1262 1304 1264
f 1273 2331 1266
f 1241 1267 1250
f 1257 1291 1236
f 1266 1268 1264
f 1271 1263 1309
f 1309 1217 1271
f 1248 1240 1220
f 1270 1273 1304
f 1269 1271 1219
f 1274 1272 1265
f 1311 1272 1336
f 1274 1273 1270
f 1264 1304 1266
f 1275 1274 1270
f 1274 1336 1272
f 1301 1303 1299
f 1270 1301 1299
f 1275 2391 1336
f 1175 1176 1350
f 614 615 1344
f 1277 1276 1173
f 1173 1174 1277
f 1312 1174 1175
f 1177 1349 1350
f 1312 1277 1174
f 1277 1312 1314
f 1183 1184 1360
f 1199 1495 1496
f 1445 893 872
f 1282 1281 1283
f 1282 1193 1281
f 1283 1281 1406
f 1190 1191 1283
f 600 601 1398
f 1484 1614 2393
f 1233 1330 1293
f 1288 1294 1292
f 1217 1309 1285
f 1215 1216 1285
f 1239 1286 1238
f 1235 1287 1231
f 1288 1287 1235
f 2291 1377 2290
f 1268 1289 1264
f 1293 1330 1290
f 1236 1291 1289
f 1288 1292 1287
f 1290 1291 1257
f 1331 1291 1290
f 1290 1292 1293
f 1296 1332 1293
f 1296 1292 1294
f 1292 1296 1293
f 1288 2293 1295
f 1288 1295 1294
f 1328 1295 2293
f 1327 1323 1368
f 1297 1296 1294
f 1378 1295 1327
f 1297 1325 2333
f 1297 1332 1296
f 1303 1301 1302
f 1275 1270 1299
f 1300 2391 1298
f 1298 2391 1275
f 1299 1298 1275
f 1214 1894 1335
f 1301 1304 1262
f 1302 1301 1262
f 1303 1302 1307
f 1299 1303 1298
f 1306 1334 1303
f 1333 1334 1213
f 1270 1304 1301
f 1304 1273 1266
f 1478 1479 1480
f 1308 1343 1382
f 1306 1303 1307
f 1213 1306 1212
f 1340 1341 1479
f 1302 1341 1340
f 1382 1212 1308
f 2288 1310 1263
f 1311 1336 2334
f 1312 1348 1314
f 1344 1346 614
f 1350 1312 1175
f 1314 1345 1277
f 1348 1349 1429
f 1348 1384 1314
f 1432 1384 1431
f 609 610 1387
f 1584 1278 1533
f 1517 1446 1447
f 1516 1433 1388
f 1396 1206 1207
f 1365 1189 1190
f 2338 1187 1361
f 1408 1405 1406
f 1407 1408 1406
f 1365 1283 1406
f 1365 1405 1362
f 1210 1734 1415
f 1474 1484 2393
f 1419 1483 1477
f 1555 1395 1556
f 1368 597 853
f 1369 853 961
f 1370 1368 1369
f 1378 1297 1294
f 1325 1324 1371
f 1371 1324 1376
f 1326 1328 2293
f 596 1326 1377
f 1368 1323 597
f 1368 1370 1327
f 1324 1325 1378
f 1328 1323 1327
f 1323 1328 1326
f 1377 2293 2290
f 1379 1330 1233
f 1291 1331 1289
f 1342 1305 1423
f 1290 1330 1331
f 1379 1331 1330
f 1335 1300 1214
f 1333 1300 1334
f 1300 1298 1334
f 1303 1334 1298
f 1329 1335 1894
f 1300 1335 2391
f 1329 1337 1335
f 2391 1337 1336
f 1338 2334 2392
f 1285 1309 1338
f 1340 1308 1307
f 1305 1342 1341
f 1262 1305 1341
f 1302 1340 1307
f 1375 1423 1233
f 1375 1233 1417
f 1262 1341 1302
f 1426 1381 1343
f 1379 1423 1305
f 1308 1340 1343
f 1345 1344 615
f 616 1345 615
f 1277 1345 1276
f 1346 1352 1486
f 1313 1545 1617
f 1493 1494 1591
f 1431 1429 1383
f 1384 1348 1429
f 1351 1177 1178
f 1429 1349 1347
f 1177 1350 1176
f 1348 1350 1349
f 1349 1177 1351
f 1434 1178 1179
f 1349 1351 1347
f 1314 1385 1344
f 1345 1314 1344
f 1384 1385 1314
f 1344 1385 1346
f 1386 1352 1432
f 1388 1547 1661
f 1387 1548 609
f 1430 1347 1390
f 1694 1709 1708
f 1444 1394 1443
f 1455 1456 1459
f 1407 1409 1280
f 1359 1195 1196
f 1197 1463 1976
f 1389 1466 1467
f 1362 1189 1365
f 1187 1188 1361
f 1322 1364 1321
f 1364 1194 1321
f 1321 1194 1363
f 1364 1322 1193
f 1281 1322 1406
f 1281 1193 1322
f 1283 1365 1190
f 1406 1322 1407
f 598 599 1460
f 1327 1370 1324
f 1734 1210 1211
f 1482 1543 1415
f 1369 1368 853
f 961 1366 1369
f 1370 1366 1324
f 1371 1373 1475
f 1373 1520 1457
f 1417 1233 1332
f 1520 1371 1376
f 1418 1417 2333
f 1417 1374 1375
f 1332 1297 2333
f 1417 1418 1374
f 1478 1339 1479
f 1480 1423 1375
f 1476 1375 1374
f 1472 1366 1460
f 596 1377 1284
f 2293 1377 1326
f 1295 1378 1294
f 1324 1378 1327
f 2392 1329 1215
f 1289 1379 1264
f 1331 1379 1289
f 1338 2330 1311
f 1309 2330 1338
f 1380 1426 1421
f 1426 1343 1339
f 1381 1426 1425
f 1427 1486 1487
f 1489 1487 1428
f 1430 1429 1347
f 1385 1384 1432
f 1547 1591 1546
f 1389 1180 1181
f 1466 1182 1403
f 1434 1353 1390
f 1351 1178 1434
f 1389 1353 1180
f 1523 1353 1389
f 1429 1430 1383
f 1351 1434 1347
f 1347 1434 1390
f 2394 1390 1353
f 1503 1202 1438
f 1550 1391 1495
f 1197 1198 1497
f 1392 1498 1499
f 1442 1393 1439
f 1447 880 606
f 1507 1508 1506
f 1204 1395 1554
f 1208 1367 1413
f 1597 1557 1442
f 1393 1440 1439
f 1556 1395 1396
f 1204 1554 1441
f 1448 602 844
f 1449 844 603
f 2341 1320 1458
f 1448 1397 602
f 1458 1397 2341
f 1449 1450 1448
f 1194 1400 1363
f 1196 1463 1464
f 1401 1195 2336
f 1522 1359 1464
f 1465 1184 1185
f 1404 1185 1186
f 1403 1527 1467
f 1182 1466 1181
f 1465 1360 1184
f 1182 1183 1403
f 2337 2338 1361
f 1404 1402 1465
f 1280 1411 1586
f 1186 2338 1404
f 1525 1402 1404
f 1362 1405 1524
f 1406 1405 1365
f 1407 1322 1321
f 1409 1407 1321
f 1407 1280 1408
f 1409 1321 1363
f 1470 1408 1280
f 1405 1408 1524
f 1363 1410 1409
f 1400 1401 1410
f 1411 1280 1409
f 1542 1413 1367
f 1414 1416 1412
f 1206 1396 1205
f 1543 1416 1414
f 1543 1414 1415
f 1209 1415 1414
f 1543 1484 1474
f 1367 1208 1412
f 1207 1208 1413
f 1324 1366 1472
f 1369 1366 1370
f 1376 1324 1472
f 2333 1417 1332
f 1475 1325 1371
f 2333 1475 1418
f 1566 1418 1475
f 1374 1418 1372
f 1419 1374 1372
f 1374 1419 1477
f 1566 1372 1418
f 1374 1477 1476
f 1375 1476 1480
f 1479 1339 1340
f 1478 1480 1476
f 1477 1483 1422
f 1478 1421 1339
f 1421 1420 1735
f 1421 1735 1380
f 1422 1735 1420
f 1420 1476 1477
f 1735 1422 1482
f 1233 1423 1379
f 1426 1339 1421
f 1425 1426 1380
f 1489 1427 1487
f 613 1486 1427
f 1487 1352 1386
f 1486 1352 1487
f 1383 1545 1431
f 1490 1530 1491
f 1432 1431 1313
f 1384 1429 1431
f 1432 1313 1616
f 1385 1432 1352
f 1493 1387 610
f 1548 1433 608
f 1466 1389 1181
f 1353 1434 1179
f 1490 2394 1530
f 1467 1527 1583
f 1435 1523 1583
f 2394 1353 1523
f 1389 1467 1523
f 1523 1435 2394
f 1436 1438 1437
f 1438 1920 1437
f 1498 1437 1440
f 1438 1436 1503
f 1439 1440 1203
f 1441 1442 1439
f 1498 1440 1393
f 1442 1441 1554
f 1505 1355 1498
f 1597 1442 1554
f 1393 1442 1557
f 1444 1443 605
f 1445 1443 1394
f 840 841 2335
f 893 1445 1560
f 1447 1446 880
f 606 607 1518
f 1358 1446 1517
f 1395 1205 1396
f 1207 1413 1396
f 1413 1542 1473
f 1449 1448 844
f 1399 1449 603
f 1449 1399 1450
f 603 604 1399
f 1399 1451 1450
f 1519 1565 1452
f 1399 1561 1451
f 1452 1565 2341
f 1450 1451 1452
f 2341 1565 1320
f 1448 2341 1397
f 1452 2341 1450
f 1448 1450 2341
f 1453 1320 1454
f 1398 1458 1459
f 1458 1398 1397
f 1453 1424 1455
f 1458 1320 1453
f 1454 1737 1424
f 1453 1454 1424
f 1472 1471 1376
f 1471 1456 1455
f 1453 1455 1459
f 1424 1457 1455
f 2342 1456 1460
f 1398 1459 2342
f 1521 1566 1373
f 1459 1458 1453
f 2342 1459 1456
f 599 2342 1460
f 1460 1471 1472
f 598 1460 1366
f 1398 2342 600
f 1461 1462 1410
f 1401 1461 1410
f 1463 1196 1976
f 1359 1196 1464
f 1497 1198 1496
f 1497 1553 1463
f 1552 1551 1594
f 1553 1464 1463
f 1522 1464 1571
f 1404 1465 1185
f 1360 1465 1402
f 1467 1466 1403
f 1583 1523 1467
f 1470 1524 1408
f 1280 1586 1470
f 1470 2337 1524
f 1538 1536 1469
f 1576 1534 1462
f 1410 1462 1409
f 1586 1534 1538
f 1586 1538 1469
f 1541 1470 1469
f 1456 1471 1460
f 2393 1614 1649
f 1396 1413 1473
f 1555 1556 1647
f 1556 1396 1473
f 1412 1416 1367
f 1416 1474 1367
f 1566 1475 1373
f 1325 1475 2333
f 1566 1569 1372
f 1636 1737 1634
f 1420 1477 1422
f 1476 1420 1478
f 1421 1478 1420
f 1480 1479 1342
f 1423 1480 1342
f 1482 1481 1543
f 1481 1482 1422
f 1484 1485 1614
f 1484 1481 1485
f 1483 1485 1481
f 1385 1352 1346
f 1650 1487 1386
f 1489 1488 612
f 1654 1488 1428
f 1428 1488 1489
f 1490 1430 1390
f 2394 1490 1390
f 1491 1492 1490
f 1491 2344 1492
f 1545 1313 1431
f 1591 1494 1652
f 611 1493 610
f 611 1494 1493
f 609 1548 608
f 1550 1495 1200
f 1201 1550 1200
f 1496 1495 1391
f 1197 1497 1463
f 1552 1497 1496
f 1553 1497 1552
f 1393 1557 1505
f 1498 1355 1499
f 1501 1621 1354
f 1392 1499 1502
f 1502 1499 1500
f 1436 1392 1501
f 1316 1502 2343
f 1392 1502 1501
f 1686 1684 1316
f 1920 1203 1440
f 1437 1920 1440
f 1503 1354 1549
f 1501 1354 1436
f 1354 1503 1436
f 1555 1597 1554
f 1732 1597 1555
f 1558 1504 1557
f 1393 1505 1498
f 1733 1355 1505
f 605 840 1444
f 1507 1394 1508
f 1509 1507 1506
f 1559 2335 1446
f 1508 1559 1506
f 1506 1559 1723
f 1508 1444 2335
f 1723 1559 1358
f 1509 1357 1507
f 1515 1451 1511
f 1445 1513 1560
f 1317 1514 1512
f 1510 1357 1512
f 1513 1510 1511
f 1317 1512 1509
f 1509 1512 1357
f 1512 1736 1510
f 1736 1512 1514
f 1562 1514 1710
f 1563 1515 1736
f 1451 1515 1563
f 1515 1511 1510
f 1447 1516 1517
f 1388 1661 1672
f 1516 1447 1518
f 1516 2355 1517
f 606 1518 1447
f 607 1433 1518
f 1637 1598 1625
f 1710 1712 1562
f 1519 1452 1563
f 1519 1598 1565
f 1471 1520 1376
f 1457 1520 1455
f 1455 1520 1471
f 1372 1569 1567
f 1359 1522 1573
f 1576 1462 2339
f 1461 1401 2336
f 1571 1572 1522
f 1524 2337 1361
f 1362 1524 1361
f 1539 1525 1536
f 1402 1525 1526
f 1527 2395 1609
f 1609 2395 1526
f 1491 1530 1531
f 1589 1610 1609
f 2344 1531 1533
f 1530 1529 1531
f 1531 1529 1532
f 1491 1531 2344
f 1609 1612 1528
f 1584 1533 1532
f 1608 1533 1278
f 2339 1577 1576
f 1534 1576 1468
f 1534 1468 1538
f 1462 1534 1411
f 1468 1537 1538
f 1536 1525 1541
f 1470 1586 1469
f 1534 1586 1411
f 1468 1576 1575
f 1540 1589 1535
f 1469 1536 1541
f 1539 1536 1535
f 1535 1536 1538
f 1535 1538 1537
f 1539 1535 1589
f 1525 1539 1526
f 1535 1537 1540
f 1528 1612 1613
f 1581 1579 1582
f 1470 1541 2337
f 1474 1542 1367
f 1484 1543 1481
f 1568 1614 1485
f 1649 1614 1615
f 1492 1383 1430
f 1383 1492 1545
f 1585 1492 2344
f 1651 1643 1669
f 1494 1488 1654
f 1545 1492 1585
f 1490 1492 1430
f 1388 1433 1548
f 1494 611 1488
f 1547 1548 1387
f 1591 1547 1387
f 1547 1620 1661
f 1354 1621 2347
f 2347 1550 1549
f 1391 1550 2347
f 1551 1496 1391
f 1391 1622 1551
f 1594 1596 1571
f 1551 1552 1496
f 1553 1571 1464
f 1555 1554 1395
f 1505 1557 1504
f 1648 2350 1319
f 1559 1508 2335
f 1394 1444 1508
f 1358 1559 1446
f 1445 1394 1513
f 1357 1513 1394
f 1560 1513 1511
f 1357 1510 1513
f 1511 1561 1560
f 1399 604 1561
f 1560 604 893
f 1451 1561 1511
f 1672 1516 1388
f 1516 1518 1433
f 1451 1563 1452
f 1598 1564 1624
f 1563 1564 1519
f 1565 1637 1320
f 1637 1565 1598
f 1569 1566 1521
f 1520 1373 1371
f 1521 1373 1457
f 1737 1631 1632
f 1419 1567 1483
f 1567 1569 1570
f 1568 1570 1544
f 1567 1570 1485
f 1634 1570 1569
f 1594 1571 1552
f 1572 1571 1596
f 1572 1578 1599
f 1599 1573 1522
f 1461 1573 2339
f 2339 1599 1577
f 1468 1575 1537
f 1579 1574 1578
f 1575 1576 1574
f 1573 1599 2339
f 1574 1576 1577
f 1574 1577 1578
f 1356 1675 1677
f 1574 1581 1575
f 1574 1579 1581
f 1578 1572 1600
f 1579 1578 1600
f 1676 1689 1679
f 1601 2345 1540
f 1640 1641 1679
f 1537 1575 1601
f 1527 1403 2395
f 1527 1528 1583
f 1435 1583 1528
f 1584 1532 1588
f 1532 1587 1588
f 1643 1608 1278
f 2397 1585 1608
f 1585 1617 1545
f 2344 1608 1585
f 1532 1533 1531
f 1608 2344 1533
f 1610 1589 1540
f 1609 1610 1612
f 1584 1588 2346
f 1587 1532 1529
f 1612 1610 1611
f 1611 1588 1587
f 1526 1589 1609
f 1539 1589 1526
f 1647 1556 1473
f 1615 1568 1544
f 1493 1591 1387
f 1546 1591 1652
f 1619 1546 1315
f 1653 1315 1652
f 1546 1619 1620
f 1546 1620 1547
f 1388 1548 1547
f 1354 2347 1549
f 1551 1595 1594
f 1600 1596 1356
f 1596 1595 1356
f 1595 1596 1594
f 1557 1597 1558
f 604 1560 1561
f 1562 1624 1564
f 1564 1598 1519
f 1625 1598 1624
f 1569 1521 1634
f 1572 1599 1522
f 1577 1599 1578
f 1596 1600 1572
f 1581 1601 1575
f 1607 1638 1639
f 1582 1639 1638
f 1607 1580 1605
f 1278 1584 1603
f 1619 1671 1657
f 1643 1603 1602
f 1602 1669 1643
f 1606 2346 1604
f 1580 1639 1640
f 1604 2400 1606
f 1605 1604 2346
f 1611 1645 1588
f 1605 1580 1664
f 2399 1657 1671
f 1645 1605 2346
f 1527 1609 1528
f 1610 1540 2345
f 1612 1587 1613
f 1610 2345 1611
f 2345 1638 1644
f 1435 1613 1529
f 1648 1647 1646
f 1615 1614 1568
f 1627 1615 1544
f 1649 1615 1633
f 1432 1616 1386
f 1617 1616 1313
f 1590 1617 2397
f 1616 1617 1590
f 1652 1315 1546
f 1655 1671 1619
f 1656 1620 1619
f 1656 1672 1661
f 1622 1391 2347
f 1595 1551 1673
f 1662 1622 2347
f 1673 1551 1622
f 1673 1622 1662
f 1658 1680 1699
f 1356 1595 1674
f 1562 1626 1624
f 1624 1626 1663
f 1625 1631 1637
f 2348 1627 1632
f 1716 1712 1710
f 1663 1626 1718
f 1627 1544 1632
f 1627 2348 1629
f 1663 2349 1628
f 1635 1633 1629
f 2348 1628 1629
f 1628 1625 1663
f 1712 1715 1718
f 1648 1319 1647
f 1630 1629 2349
f 1635 1629 1630
f 1737 1454 1631
f 1632 1631 2348
f 1634 1632 1544
f 1615 1627 1633
f 1629 1633 1627
f 1634 1544 1570
f 1646 2396 1648
f 1635 1648 2396
f 1521 1636 1634
f 1637 1454 1320
f 1454 1637 1631
f 1607 1639 1580
f 1681 1666 1668
f 1640 1664 1580
f 1641 1639 1582
f 1665 1664 1666
f 1579 1600 1677
f 1678 1582 1579
f 1641 1640 1639
f 1641 1676 1679
f 1356 1674 1675
f 1595 1673 1674
f 1659 1603 1606
f 1603 1643 1278
f 1604 1605 1664
f 1644 1638 1607
f 1585 2397 1617
f 1612 1611 1587
f 1645 1611 1644
f 1644 1607 1645
f 1605 1645 1607
f 2346 1588 1645
f 1529 1613 1587
f 1646 1647 1473
f 1647 1319 1555
f 1630 1714 2350
f 1649 2396 2393
f 1635 1649 1633
f 1650 1654 1428
f 1654 1618 1652
f 1487 1650 1428
f 1651 1618 1590
f 1618 1654 1650
f 1643 2397 1608
f 1651 1669 1653
f 1650 1590 1618
f 1654 1652 1494
f 1653 1652 1618
f 1651 1653 1618
f 1655 1619 1315
f 1655 1315 1653
f 1669 1655 1653
f 1619 1657 1656
f 1657 1658 1593
f 1658 1657 1592
f 1660 1592 2399
f 1657 1593 1656
f 1593 1658 1670
f 1659 1671 1602
f 1659 1602 1603
f 1660 2399 2400
f 1656 1661 1620
f 1672 1656 1593
f 1593 2401 1672
f 1358 1517 1738
f 1663 1718 2349
f 1625 1624 1663
f 1604 1664 1665
f 1679 1666 1640
f 1660 1665 1681
f 1604 1665 2400
f 1666 1681 1665
f 1640 1666 1664
f 1682 1668 1666
f 1666 1679 1682
f 1668 1667 1687
f 1655 1669 1602
f 1680 1658 1592
f 1602 1671 1655
f 1683 2401 2398
f 1621 1316 1662
f 1675 1674 1642
f 1642 1676 1675
f 1678 1677 1675
f 1642 1689 1676
f 1676 1641 1678
f 1356 1677 1600
f 1675 1676 1678
f 1582 1678 1641
f 1579 1677 1678
f 1667 1693 1687
f 1687 1681 1668
f 1592 1660 1680
f 1689 1682 1679
f 1668 1682 1690
f 1683 2398 1739
f 1672 1683 2355
f 2421 1623 1642
f 1662 1684 2421
f 2354 2403 1726
f 1685 1686 2343
f 1692 1686 1685
f 1699 1680 1687
f 1681 1687 1680
f 1688 1670 1699
f 1318 2398 1688
f 1670 1658 1699
f 1668 1690 1667
f 1689 1690 1682
f 2351 1692 2352
f 1667 1690 2352
f 1689 1623 1690
f 2351 1686 1692
f 1691 1692 1279
f 1693 1667 1691
f 1719 1720 1721
f 1692 1685 1695
f 1692 1695 1279
f 1719 1699 1693
f 1685 2353 2354
f 1514 1697 1710
f 1696 1708 1697
f 1317 1697 1514
f 1696 1694 1708
f 1355 1500 1499
f 2353 2343 1500
f 1705 1703 1704
f 1697 1317 1696
f 1500 1355 1698
f 1505 1504 1733
f 1720 1691 1279
f 1699 1687 1693
f 1694 1696 1703
f 1719 1721 1725
f 1703 1696 1704
f 1702 1725 1700
f 1317 1509 1704
f 1703 1705 1702
f 1707 1706 1727
f 1500 1698 2353
f 2353 1698 1727
f 1702 1701 1694
f 1695 1701 1700
f 1701 1695 1726
f 1701 1702 1700
f 1725 1702 1705
f 1688 1699 1719
f 1700 1279 1695
f 1694 1703 1702
f 1317 1704 1696
f 1506 1722 1509
f 1722 1704 1509
f 1722 1705 1704
f 1701 2402 1694
f 1727 2354 2353
f 1706 1713 1709
f 1626 1712 1718
f 1712 1626 1562
f 1713 1716 1709
f 2402 1726 2403
f 1727 2403 2354
f 1710 1708 1716
f 1706 1730 1713
f 1716 1708 1709
f 1708 1710 1697
f 1319 1728 1732
f 1712 1716 1715
f 1730 1706 1707
f 1711 1715 1713
f 2349 1714 1630
f 1728 2350 1714
f 1733 1731 1707
f 1731 1729 1730
f 1711 1717 1715
f 1717 1718 1715
f 1731 1504 1558
f 1713 1715 1716
f 1728 1717 1711
f 1718 1717 1714
f 2349 1718 1714
f 1720 1719 1693
f 1688 1719 1725
f 1693 1691 1720
f 1279 1700 1721
f 1725 1721 1700
f 1279 1721 1720
f 1723 1722 1506
f 1723 1738 1739
f 1738 1723 1358
f 1705 1722 1724
f 1724 1722 1723
f 1724 1723 1739
f 1724 1725 1705
f 1318 1725 1724
f 1725 1318 1688
f 1726 2402 1701
f 1685 2354 1695
f 1706 2403 1727
f 1733 1707 1698
f 1635 1630 1648
f 1714 1717 1728
f 1711 1729 1728
f 1729 1732 1728
f 1730 1729 1711
f 1732 1729 1558
f 1713 1730 1711
f 1730 1707 1731
f 1504 1731 1733
f 1558 1729 1731
f 1558 1597 1732
f 1728 1319 2350
f 1319 1732 1555
f 1727 1698 1707
f 1355 1733 1698
f 1425 1380 1734
f 1380 1735 1734
f 1415 1734 1482
f 1735 1482 1734
f 1613 1435 1528
f 1530 1435 1529
f 1736 1564 1563
f 1514 1562 1736
f 1564 1736 1562
f 1634 1737 1632
f 1424 1737 1636
f 1672 2355 1516
f 1724 1739 1318
f 1794 1282 1192
f 1758 1794 1192
f 1364 1856 1855
f 1216 1852 1759
f 1193 1856 1364
f 1855 1194 1364
f 1973 1199 1198
f 1770 1769 1792
f 1852 1216 1215
f 1282 1794 1795
f 1756 1820 1757
f 1750 1982 1751
f 1809 1854 1785
f 2301 1793 1779
f 1201 1923 1503
f 1770 1792 1785
f 1883 1922 1920
f 1788 1773 1772
f 1503 1923 1996
f 1791 1793 1771
f 1848 1806 2296
f 1758 1757 1794
f 1928 1208 1207
f 1933 1204 2004
f 1776 1810 1780
f 1412 1208 1930
f 1209 1866 1210
f 1790 1778 1760
f 2087 1775 2081
f 1762 1761 1803
f 1777 1786 84
f 1793 1772 1771
f 1781 1764 1786
f 1382 1381 1865
f 1783 2294 1763
f 1832 1865 1899
f 85 1786 1764
f 1206 1205 1931
f 1761 1760 1778
f 1781 1774 1839
f 1193 1282 1795
f 1790 1759 1852
f 2359 2332 1894
f 1787 1777 83
f 1762 1803 1783
f 1786 1774 1781
f 2410 2192 2222
f 1787 1763 2294
f 83 1777 84
f 1786 85 84
f 1780 1792 1769
f 1213 1835 1333
f 1912 1914 1748
f 2004 1204 1441
f 1820 1794 1757
f 1912 1747 1937
f 1745 1888 1746
f 1741 1740 2358
f 1195 2035 1196
f 1934 1888 1745
f 1994 2356 15
f 1799 1861 2358
f 1827 1743 1742
f 1987 1915 2356
f 1788 2295 1773
f 1742 1741 1831
f 1861 24 23
f 1803 1761 1778
f 2358 1829 1831
f 14 13 1916
f 1799 1740 27
f 1826 1862 1955
f 1862 1826 23
f 27 26 24
f 1794 1820 1795
f 25 24 26
f 24 1799 27
f 19 1891 238
f 1790 1760 1759
f 1777 1787 2294
f 1780 1768 1802
f 21 2303 2018
f 22 21 1890
f 1799 2358 1740
f 1827 1742 1831
f 1802 1782 1840
f 2301 1808 2295
f 1772 1793 2297
f 1773 2298 2299
f 1838 1839 1774
f 1211 1958 1900
f 1 1784 2405
f 1 2300 1784
f 1778 1790 1789
f 1770 1785 1791
f 1781 1765 1764
f 1781 1839 1765
f 1786 1777 1774
f 1839 1766 1765
f 1842 1784 2404
f 1810 1792 1780
f 1763 1787 82
f 1769 1768 1780
f 1971 1756 1755
f 1904 1963 1835
f 1885 10 229
f 1802 1768 1767
f 1839 1782 1766
f 83 82 1787
f 1926 1886 1925
f 1854 1816 2357
f 1215 1329 2332
f 1783 1763 1762
f 1875 5 4
f 1801 1848 1851
f 1886 1926 2079
f 1867 1906 1964
f 1766 1782 1767
f 275 5 1867
f 1924 1927 2008
f 1841 1872 1840
f 1881 1916 1991
f 2294 1774 1777
f 1382 1902 1212
f 1782 1839 1838
f 1869 1803 1836
f 1782 1802 1767
f 1802 1840 1776
f 1778 1789 1803
f 1872 1811 1810
f 1842 1804 1784
f 1842 1806 1804
f 1845 3 2405
f 1806 1842 1843
f 1804 1805 1845
f 2296 1846 1848
f 1845 1805 1844
f 234 3 1845
f 1807 1215 2332
f 1808 2301 1779
f 2238 2239 1779
f 2295 1808 1850
f 1810 1811 1813
f 1809 1785 1792
f 1816 1813 1815
f 1872 1810 1776
f 1810 1813 1809
f 1814 1811 1873
f 2359 1864 1817
f 1812 1817 1864
f 1813 1811 1814
f 1897 1815 1812
f 1814 1873 1868
f 1812 1813 1814
f 1864 2250 1897
f 1898 1818 1815
f 1812 1815 1813
f 1815 1818 1816
f 1818 2357 1816
f 1809 1816 1854
f 1812 1814 1817
f 1813 1816 1809
f 2357 1818 2242
f 2357 1819 1854
f 1980 1194 1855
f 1879 1911 1754
f 1754 1753 1879
f 1197 1976 1877
f 1748 1914 1749
f 1882 2362 1991
f 1944 2020 2178
f 2419 1923 2413
f 1744 1827 1889
f 2016 1858 2015
f 1954 2064 2065
f 1955 1862 22
f 1828 1827 1831
f 1828 1831 1829
f 2065 1830 1954
f 1828 1829 1957
f 2103 1938 1935
f 1830 1889 1828
f 1830 1936 1889
f 1831 1741 2358
f 1214 1863 1894
f 1899 1381 1425
f 1865 1960 1902
f 1866 1958 1210
f 1844 1849 1875
f 1212 1902 1904
f 1898 1815 1897
f 1802 1776 1780
f 1872 1776 1840
f 1789 1853 1868
f 1872 1841 1873
f 1782 1838 1840
f 1869 1870 1803
f 1840 1838 1837
f 1838 1774 1871
f 1840 1837 1841
f 1869 1841 1837
f 1873 1836 1868
f 1843 1842 2298
f 1843 2298 2295
f 1847 1801 1849
f 4 1845 1844
f 1848 1801 1847
f 1805 1806 1847
f 1848 1847 1806
f 1874 1801 1851
f 1805 1847 1844
f 1848 1846 1851
f 1834 1905 1849
f 1844 1847 1849
f 1843 1850 2296
f 1850 1966 2296
f 2295 1850 1843
f 2241 1966 1850
f 1966 1967 1965
f 2241 1850 1808
f 1967 1966 2241
f 1907 1851 1846
f 1852 1807 1853
f 1852 1215 1807
f 1810 1809 1792
f 1814 1868 1817
f 1790 1853 1789
f 1817 1853 1807
f 1852 1853 1790
f 1791 1785 1819
f 1856 1968 1855
f 2095 1975 1857
f 1795 1856 1193
f 1971 1820 1756
f 1877 1974 1197
f 1401 1400 1979
f 2038 2037 1910
f 1917 12 11
f 1921 1883 1920
f 2002 1999 2000
f 1883 1921 1997
f 1885 1924 1859
f 1964 274 275
f 1929 2009 1928
f 2057 1824 2119
f 2340 1203 1922
f 1937 1747 1746
f 1892 1952 1891
f 1915 268 16
f 1950 1946 1947
f 24 1861 1799
f 1861 23 1826
f 1890 1955 22
f 1955 1890 2022
f 1895 1214 1333
f 1864 1863 2250
f 1807 2359 1817
f 1863 1864 2359
f 1898 1897 1963
f 1865 1381 1899
f 1865 1832 1960
f 1900 1425 1211
f 1901 1960 1832
f 1212 1904 1213
f 1900 1958 1833
f 1867 5 1875
f 1905 1906 1867
f 1904 1835 1213
f 1789 1868 1836
f 1853 1817 1868
f 1841 1836 1873
f 1870 1869 1837
f 1838 1871 1837
f 1870 1783 1803
f 1774 2294 1871
f 1837 1871 1870
f 1873 1811 1872
f 1869 1836 1841
f 1845 4 234
f 1875 4 1844
f 1849 1874 1834
f 2092 2030 2091
f 1875 1849 1905
f 2030 2087 2088
f 2203 2162 2199
f 1908 1973 2034
f 1978 1195 1401
f 1857 1909 2035
f 1981 2036 1878
f 1911 1879 1983
f 2361 1752 1751
f 1880 2361 1910
f 2369 1983 1984
f 1911 1971 1755
f 1750 1749 1914
f 1910 2361 1982
f 1982 1913 2038
f 15 14 1916
f 1991 1990 1881
f 1921 1920 1202
f 2413 1201 1200
f 1924 9 8
f 1925 8 7
f 2097 2363 1919
f 1882 1917 1919
f 1924 1885 9
f 2008 1859 1924
f 2045 1885 1859
f 1925 1927 1924
f 1929 1207 1206
f 2010 1930 2009
f 2057 2058 2011
f 2076 1866 2054
f 2012 2059 1932
f 1934 1745 1744
f 1744 1743 1827
f 1985 2014 2015
f 1858 1912 1985
f 1889 1827 1828
f 20 1952 1951
f 1941 19 18
f 2408 18 294
f 1892 1891 1943
f 1940 1951 2021
f 238 1952 20
f 1941 1891 19
f 268 1915 1989
f 2408 1942 1941
f 1956 2022 1954
f 1826 1956 1829
f 2359 1894 1863
f 1835 1895 1333
f 1963 2250 1835
f 1214 1895 1863
f 1863 1895 2250
f 2250 1895 1835
f 1904 1902 1962
f 1864 1897 1812
f 2250 1963 1897
f 1818 1898 1896
f 1818 1896 2242
f 1900 1899 1425
f 1211 1210 1958
f 1959 1900 1833
f 1901 1832 1959
f 1865 1902 1382
f 1903 1901 2026
f 1896 1898 2407
f 1960 1962 1902
f 1906 1905 1834
f 1875 1905 1867
f 274 2027 6
f 1870 1871 1783
f 1874 1849 1801
f 2247 1834 1874
f 2092 1874 1851
f 1965 1907 1846
f 1907 2087 2030
f 1969 1968 1795
f 1968 1970 2031
f 2034 1973 1974
f 2035 1978 1857
f 1978 1979 1981
f 1979 2036 1981
f 1753 2361 1880
f 1751 1982 2361
f 1982 2038 1910
f 2205 2203 2204
f 1971 1972 1970
f 1754 1911 1755
f 1748 1747 1912
f 1914 2044 1913
f 1985 1912 1937
f 2044 1914 1912
f 1913 1982 1750
f 2062 1988 2061
f 268 1989 17
f 13 1991 1916
f 1917 1882 1991
f 1991 13 12
f 1919 1917 11
f 10 1918 1919
f 12 1917 1991
f 1885 1918 10
f 2097 1918 2045
f 1995 2166 1990
f 2097 1919 1918
f 1882 1919 2363
f 1922 1203 1920
f 1202 1503 1996
f 1931 1205 1933
f 2413 1923 1201
f 1200 1199 2006
f 2049 1923 2419
f 1925 1924 8
f 1926 1925 7
f 7 6 1926
f 1886 2007 1927
f 2008 1927 2052
f 1886 1927 1925
f 1929 1928 1207
f 1930 1928 2009
f 1931 1929 1206
f 1932 2009 1929
f 1412 2053 1414
f 2053 1930 2011
f 1932 1931 1887
f 1933 2055 1887
f 1887 2012 1932
f 1929 1931 1932
f 1204 1933 1205
f 1887 1931 1933
f 1889 1934 1744
f 1888 1934 1935
f 1889 1936 1934
f 2103 1935 1936
f 1934 1936 1935
f 1888 1937 1746
f 1938 2014 1935
f 1938 2015 2014
f 1938 2103 1939
f 2017 1986 2016
f 2024 2023 2066
f 1858 2016 1986
f 1951 2018 2303
f 1890 21 2018
f 2408 1941 18
f 17 2408 294
f 1989 2408 17
f 1893 1942 2408
f 1988 1893 1989
f 1947 1945 1942
f 1942 1893 1947
f 1943 1945 2406
f 1941 1943 1891
f 1950 1947 1893
f 1945 1943 1942
f 1941 1942 1943
f 1947 1946 1945
f 2020 1944 1946
f 2367 1798 2190
f 1944 1945 1946
f 1944 2178 2141
f 2172 2173 2175
f 1949 1950 2062
f 1950 1949 2063
f 20 1951 2303
f 2021 1951 1952
f 1952 238 1891
f 1953 2022 1890
f 1953 1890 2018
f 1954 2022 2064
f 1954 1957 1956
f 1955 2022 1956
f 1957 1954 1830
f 1955 1956 1826
f 1828 1957 1830
f 1829 1956 1957
f 1833 1958 2078
f 1959 1833 2084
f 1899 1900 1959
f 1959 1832 1899
f 1901 1903 1960
f 1962 1960 1903
f 2026 1961 1903
f 1963 1962 2407
f 2407 1962 1903
f 1904 1962 1963
f 1867 1964 275
f 2027 1964 1906
f 2249 1834 2247
f 1965 1846 1966
f 1965 1775 2087
f 2296 1966 1846
f 2244 2241 2239
f 1965 1967 1775
f 2302 2243 2244
f 1907 1965 2087
f 2087 2029 2088
f 2247 2092 2091
f 1969 1795 1820
f 1968 1969 1970
f 1971 1969 1820
f 2031 1970 1876
f 1979 1980 2036
f 1971 1911 1972
f 1969 1971 1970
f 1983 1972 1911
f 1876 1972 2369
f 1974 1973 1198
f 2006 1973 1908
f 1197 1974 1198
f 1975 1909 1857
f 2035 1909 1976
f 1976 1909 1877
f 2094 1909 1975
f 2161 2133 1977
f 2123 2411 1821
f 1978 2035 1195
f 1977 1857 1981
f 1978 1401 1979
f 1857 1978 1981
f 1980 1979 1400
f 1194 1980 1400
f 1980 1855 2032
f 1977 1981 1878
f 2360 1880 1910
f 1910 2037 2042
f 2360 2042 1984
f 1972 1983 2369
f 2360 1984 1983
f 1985 1937 2014
f 2015 1858 1985
f 1912 1858 2044
f 2416 1986 2017
f 1858 1986 2044
f 1913 1750 1914
f 1988 1989 1915
f 1989 1893 2408
f 2061 1988 1915
f 1893 1988 2062
f 2362 1995 1990
f 1993 1990 2166
f 1990 1991 2362
f 2138 2139 2136
f 1993 1881 1990
f 2251 1993 1992
f 1881 1993 2253
f 2135 1992 2111
f 1916 1994 15
f 2046 2097 2045
f 1882 2363 2362
f 1202 1996 2048
f 2048 1921 1202
f 1999 1997 2001
f 2206 2208 1823
f 1921 2048 1997
f 2000 1999 1998
f 2049 1996 1923
f 1999 2001 2420
f 1999 2002 1997
f 2001 2049 2211
f 2001 2048 2049
f 2050 2002 2279
f 2000 2269 2005
f 2005 2002 2000
f 2279 2002 2005
f 2050 1922 1883
f 2275 2270 2412
f 1884 2056 2003
f 2050 2003 1922
f 1441 2340 2004
f 2267 2005 2269
f 2005 2278 2279
f 2266 2413 2006
f 1200 2006 2413
f 1973 2006 1199
f 1886 2079 2007
f 1927 2007 2052
f 2008 2051 2046
f 1932 2059 2009
f 2011 2054 2053
f 1930 2010 2011
f 2057 2011 2010
f 2054 2011 2058
f 2053 2054 1209
f 1800 2075 2076
f 1209 1414 2053
f 1866 1209 2054
f 2055 1933 2004
f 2055 2056 2259
f 1860 2259 2258
f 2013 2059 2060
f 2059 2012 2060
f 1888 2014 1937
f 1935 2014 1888
f 2016 2015 2069
f 2067 1939 2066
f 2037 2039 2041
f 1953 2018 1940
f 1951 1940 2018
f 2368 1940 2021
f 2061 1987 2252
f 2101 2062 2061
f 1946 1950 2063
f 1892 2409 1952
f 2064 2022 1953
f 1830 2065 1936
f 1958 1866 2025
f 2025 2075 2078
f 2078 1958 2025
f 2104 1833 2078
f 1896 1961 2240
f 1964 2027 274
f 2249 1906 1834
f 2090 2091 2030
f 2145 2007 2263
f 2027 1926 6
f 1926 2027 2079
f 1901 2083 2026
f 2087 2081 2029
f 1907 2092 1851
f 2032 2031 2201
f 1968 2032 1855
f 2032 2201 2036
f 2033 2034 1877
f 2094 2411 2033
f 2034 1974 1877
f 2108 2411 2123
f 1976 1196 2035
f 2133 2095 1977
f 2032 2036 1980
f 2201 1878 2036
f 2039 2037 2038
f 2043 2042 2037
f 1984 2042 2205
f 2044 1986 1913
f 2040 2039 2416
f 2041 2040 2096
f 2016 2069 2017
f 2017 2074 2073
f 2096 2151 2109
f 2042 2043 2205
f 2040 2041 2039
f 2043 2037 2041
f 2042 2360 1910
f 2038 1913 1986
f 1885 2045 1918
f 2046 2045 1859
f 2008 2046 1859
f 2047 2046 2163
f 2049 2048 1996
f 1997 2048 2001
f 1997 2002 1883
f 2003 2340 1922
f 2004 2340 2003
f 2266 1908 2414
f 2266 2006 1908
f 2008 2052 2051
f 1930 2053 1412
f 2076 2054 2058
f 2057 2013 1824
f 2055 2259 1860
f 1887 1860 2012
f 2056 2055 2004
f 2003 2056 2004
f 2100 2013 2060
f 2058 2057 2118
f 2057 2010 2013
f 2013 2010 2059
f 2058 2118 2077
f 1824 2182 2146
f 2009 2059 2010
f 2012 2099 2060
f 2100 2099 2112
f 2099 2257 2112
f 1987 2061 1915
f 1893 2062 1950
f 1949 2101 2415
f 2064 2023 2065
f 2023 2024 2065
f 2103 2065 2024
f 2065 2103 1936
f 2023 2191 2190
f 2024 2066 1939
f 2367 2192 2193
f 2068 2017 2069
f 2067 2068 1939
f 2067 2066 1798
f 2068 2067 2070
f 2068 2070 2074
f 1939 2068 2069
f 2074 2070 2072
f 2074 2017 2068
f 2071 2073 2074
f 2071 2074 2072
f 2096 2040 2073
f 2017 2073 2416
f 2076 2075 2025
f 1866 2076 2025
f 2077 2076 2058
f 2077 1800 2076
f 2118 2119 2216
f 1800 2077 2105
f 2080 2027 1906
f 2007 2079 2263
f 2263 2079 2080
f 2027 2080 2079
f 1775 2244 2245
f 2081 2028 2082
f 2084 2104 2028
f 2104 2085 2082
f 2084 2083 1901
f 2246 2083 2028
f 1959 2084 1901
f 1833 2104 2084
f 2075 2085 2078
f 2084 2028 2083
f 2082 2028 2104
f 2075 1800 2085
f 2085 2086 2082
f 2086 2085 1800
f 2086 1800 2105
f 2029 2082 2086
f 2088 2029 2086
f 2030 2088 2090
f 2089 2088 2086
f 2180 2143 2089
f 2088 2089 2090
f 2089 2143 2090
f 2142 2091 2090
f 2092 1907 2030
f 2130 2194 2131
f 2034 2033 2149
f 1909 2094 1877
f 2411 2094 1975
f 2095 1821 1975
f 2094 2033 1877
f 1977 2095 1857
f 2109 2162 2043
f 2151 1796 2109
f 2136 2363 2047
f 2046 2047 2097
f 2138 2136 2110
f 2055 1860 1887
f 1860 2099 2012
f 1824 2013 2100
f 2099 2100 2060
f 2100 2112 2182
f 1822 2113 2415
f 2101 1822 2415
f 2114 1948 2113
f 2101 1949 2062
f 2061 2252 2101
f 2251 2102 1822
f 1993 2111 1992
f 1992 2102 2251
f 2063 2020 1946
f 2063 2116 2365
f 1939 2103 2024
f 2085 2104 2078
f 2144 2180 2181
f 2182 1824 2100
f 2132 2093 2414
f 2129 2108 2107
f 2108 2132 2033
f 2214 2213 2128
f 2051 2187 2163
f 2262 2276 2261
f 1993 2166 2111
f 2165 2139 2138
f 2237 2232 2236
f 2102 2164 2237
f 2102 2113 1822
f 2019 2365 2177
f 2235 2236 2232
f 2116 2115 2167
f 2102 2237 2113
f 2125 2194 2129
f 2116 2167 2177
f 2115 2116 1948
f 2063 1948 2116
f 2236 2115 2114
f 2170 2177 2167
f 2156 2153 2155
f 2167 2168 2140
f 2170 2172 2177
f 2117 2179 2019
f 2105 2089 2086
f 2216 2089 2105
f 2105 2077 2118
f 2105 2118 2216
f 2057 2119 2118
f 2080 1906 2249
f 2181 2180 2217
f 2149 1908 2034
f 2122 2196 2266
f 2107 2108 2123
f 2126 2134 2124
f 2107 2126 2127
f 2174 2214 2173
f 2107 2123 2126
f 2213 2150 2125
f 2194 2125 2131
f 2127 2126 2124
f 2107 2127 2125
f 2123 1821 2126
f 2127 2124 2128
f 2124 1796 2152
f 2152 2151 2155
f 2129 2107 2125
f 2131 2125 2150
f 2188 2130 2131
f 2108 2129 2132
f 2093 2132 2129
f 2201 2031 2202
f 2197 2198 2134
f 1821 2095 2417
f 2417 2134 2126
f 2124 2134 1796
f 2096 2109 2041
f 2109 2043 2041
f 2162 2109 2198
f 2163 2110 2047
f 2052 2186 2185
f 2220 2221 2187
f 2363 2136 1995
f 2110 2136 2047
f 2260 2277 2137
f 2111 2139 2165
f 2189 2172 2170
f 1944 2141 1825
f 1824 2146 2119
f 2181 2106 2144
f 2142 2090 2143
f 2248 2142 2120
f 2142 2143 2144
f 2142 2144 2120
f 2184 2106 2148
f 2217 2146 2147
f 2147 2146 2182
f 2183 2121 2182
f 2148 2147 2121
f 2148 2181 2147
f 2146 2217 2119
f 2148 2121 2219
f 2106 2184 2145
f 2149 2132 2414
f 2214 2176 2173
f 2188 2189 2171
f 2073 2071 2364
f 2151 2152 1796
f 2364 2151 2096
f 2152 2155 2153
f 2124 2152 2128
f 2364 2154 2155
f 2214 2153 2176
f 2152 2153 2128
f 2154 2071 2072
f 2156 2155 2154
f 2156 2154 2418
f 2153 2156 2176
f 2158 2072 2070
f 2366 2418 2160
f 2157 2117 2175
f 2158 2159 2160
f 1798 2367 2159
f 1798 2066 2190
f 2367 2193 2159
f 1798 2159 2158
f 2093 2195 2122
f 1878 2161 1977
f 2162 2198 2199
f 2197 2199 2198
f 2162 2203 2205
f 2221 2163 2187
f 2221 2098 2110
f 2260 2098 2225
f 2166 2139 2111
f 2209 2229 2370
f 2136 2139 1995
f 2139 2166 1995
f 2170 2167 2140
f 2168 2167 2115
f 2206 1823 2195
f 2171 2169 2207
f 2171 2170 2140
f 2189 2173 2172
f 2175 2173 2176
f 2174 2173 2189
f 2174 2150 2213
f 2174 2213 2214
f 2157 2175 2156
f 2177 2117 2019
f 2175 2117 2172
f 2117 2177 2172
f 2365 2178 2020
f 2178 2179 2141
f 2144 2143 2180
f 2216 2180 2089
f 2217 2216 2119
f 2181 2217 2147
f 2106 2181 2148
f 2183 2182 2112
f 2112 2257 2281
f 2182 2121 2147
f 2218 2121 2183
f 2225 2221 2220
f 2187 2051 2185
f 2148 2219 2184
f 2145 2184 2186
f 2185 2184 2219
f 2145 2186 2007
f 2187 2185 2219
f 2052 2185 2051
f 2185 2186 2184
f 2187 2219 2220
f 2186 2052 2007
f 2213 2125 2127
f 2188 2150 2174
f 2188 2171 2130
f 2171 2189 2170
f 2174 2189 2188
f 2064 2191 2023
f 2023 2190 2066
f 2064 1953 2191
f 2222 2367 2190
f 2410 2222 2368
f 2141 2193 1825
f 1825 2193 2192
f 2193 2160 2159
f 2193 2141 2215
f 2193 2215 2160
f 2129 2194 2093
f 2093 2194 2195
f 2122 2195 1823
f 2122 1823 2196
f 2224 2208 2212
f 2206 2130 2207
f 2194 2130 2195
f 2109 1796 2198
f 2134 2198 1796
f 2161 2200 2199
f 2200 2203 2199
f 1878 2200 2161
f 1878 2201 2200
f 1876 2202 2031
f 2201 2202 2200
f 2204 2203 2200
f 2162 2205 2043
f 2369 1984 2204
f 2200 2202 2204
f 2205 2204 1984
f 2168 2236 1797
f 2171 2140 2169
f 2169 2140 2168
f 2168 1797 2169
f 2210 2207 2169
f 2130 2171 2207
f 2210 1797 2223
f 2208 2206 2209
f 2212 2208 2370
f 2000 2226 2269
f 2209 2207 2210
f 2210 2169 1797
f 2229 2209 2210
f 1998 1999 2420
f 1823 2208 2224
f 2212 1998 2420
f 2127 2128 2213
f 2153 2214 2128
f 2215 2157 2366
f 2179 2215 2141
f 2178 2019 2179
f 2216 2217 2180
f 2219 2121 2220
f 2218 2220 2121
f 2220 2218 2225
f 2218 2280 2225
f 2098 2221 2225
f 2163 2221 2110
f 2150 2188 2131
f 1953 1940 2191
f 2368 2191 1940
f 2409 2368 2021
f 2191 2368 2222
f 2191 2222 2190
f 2130 2206 2195
f 2209 2206 2207
f 2212 2370 2227
f 2276 2268 2270
f 2230 2226 2227
f 1797 2235 2223
f 2229 2210 2223
f 2227 1998 2212
f 2224 2196 1823
f 2196 2224 2211
f 2183 2112 2281
f 2260 2225 2280
f 1998 2226 2000
f 2226 2230 2269
f 2230 2227 2370
f 1998 2227 2226
f 2223 2235 2228
f 2231 2233 2228
f 2164 2232 2237
f 2230 2229 2228
f 2230 2370 2229
f 2232 2234 2231
f 2234 2164 2135
f 2135 2265 2412
f 2231 2235 2232
f 2231 2234 2272
f 2223 2228 2229
f 2231 2228 2235
f 2230 2228 2371
f 2164 2234 2232
f 2236 2235 1797
f 2115 2236 2168
f 2113 2237 2114
f 2114 2237 2236
f 2302 2238 2242
f 1779 2239 1808
f 2238 2357 2242
f 2302 2239 2238
f 2244 1967 2241
f 2240 1961 2243
f 2302 2242 2240
f 2239 2241 1808
f 2240 2242 1896
f 1961 2246 2243
f 2245 2028 2081
f 2245 2244 2243
f 1967 2244 1775
f 2239 2302 2244
f 1961 2026 2246
f 2026 2083 2246
f 2245 2081 1775
f 2246 2245 2243
f 2245 2246 2028
f 1791 1779 1793
f 1854 1819 1785
f 2248 2091 2142
f 2264 2080 2249
f 2120 2145 2263
f 2091 2248 2247
f 2248 2264 2247
f 2263 2264 2120
f 2092 2247 1874
f 1972 1876 1970
f 2202 2369 2204
f 2252 1822 2101
f 2253 2251 2252
f 2251 1822 2252
f 1993 2251 2253
f 2253 2252 1987
f 1994 2253 1987
f 2255 2258 2254
f 1884 2259 2056
f 2259 2254 2258
f 2254 2259 1884
f 2279 1884 2050
f 2254 2278 2255
f 2256 2258 2255
f 2258 2257 1860
f 2257 2256 2281
f 2255 2261 2256
f 2258 2256 2257
f 2099 1860 2257
f 2046 2051 2163
f 2261 2260 2280
f 2277 2261 2276
f 2262 2261 2255
f 2264 2263 2080
f 2264 2249 2247
f 2120 2264 2248
f 2154 2364 2071
f 2151 2364 2155
f 1798 2158 2067
f 2070 2067 2158
f 2111 2265 2135
f 2165 2265 2111
f 2419 2266 2196
f 2267 2371 2271
f 2371 2267 2269
f 2371 2269 2230
f 2272 2271 2233
f 2274 2165 2138
f 2267 2271 2268
f 2231 2272 2233
f 2271 2270 2268
f 2412 2272 2234
f 2270 2271 2272
f 2273 2275 2274
f 2137 2274 2138
f 2273 2270 2275
f 2260 2137 2098
f 2273 2274 2137
f 2165 2274 2275
f 2276 2270 2273
f 2165 2275 2265
f 2276 2273 2277
f 2276 2262 2268
f 2137 2277 2273
f 2261 2277 2260
f 2005 2267 2278
f 2135 2412 2234
f 2275 2412 2265
f 2255 2278 2262
f 2279 2278 2254
f 1884 2279 2254
f 2218 2183 2281
f 2256 2280 2281
f 2261 2280 2256
f 2281 2280 2218
f 2282 188 96
f 317 363 316
f 390 363 317
f 699 643 673
f 1096 2287 998
f 811 2284 659
f 2286 964 1043
f 2283 1071 806
f 998 1076 1079
f 2287 1076 998
f 1093 2285 810
f 2287 1096 814
f 1249 2289 1230
f 1235 1232 2290
f 1269 2288 1263
f 595 1284 2291
f 1377 2291 1284
f 1248 1245 1286
f 2292 1229 2289
f 1231 1287 1249
f 2290 2293 1235
f 2293 1288 1235
f 1292 1290 1257
f 1636 1521 1457
f 1636 1457 1424
f 1871 2294 1783
f 2297 2295 1788
f 2297 1793 2301
f 2295 2298 1773
f 1788 1772 2297
f 2300 2299 2404
f 1819 2238 1779
f 1791 1819 1779
f 2296 1806 1843
f 2301 2295 2297
f 1992 2135 2164
f 1992 2164 2102
f 2243 2302 2240
f 105 142 28
f 129 39 120
f 2303 191 193
f 119 128 582
f 223 224 61
f 104 2305 154
f 146 304 148
f 2307 578 107
f 215 2308 214
f 137 169 49
f 172 146 149
f 140 750 199
f 2304 212 126
f 590 593 224
f 273 63 334
f 192 162 193
f 236 162 290
f 217 240 194
f 147 250 200
f 253 170 307
f 223 61 852
f 392 2312 395
f 2313 293 167
f 195 296 297
f 2314 390 391
f 319 2311 186
f 590 224 223
f 2315 2380 380
f 385 384 381
f 389 390 2314
f 132 396 397
f 325 353 417
f 406 458 460
f 420 421 2382
f 325 417 416
f 420 411 431
f 417 412 416
f 424 420 431
f 2316 418 548
f 424 2316 421
f 2317 432 427
f 430 2316 548
f 427 432 426
f 401 399 456
f 459 2307 460
f 2317 423 432
f 489 463 313
f 2319 365 157
f 472 2319 495
f 495 2319 157
f 2318 499 542
f 2320 574 520
f 349 563 527
f 550 2321 551
f 578 2307 579
f 2306 582 183
f 119 2306 155
f 225 591 592
f 754 720 753
f 635 2322 685
f 101 697 48
f 754 753 721
f 665 2322 680
f 2322 743 685
f 783 768 765
f 770 779 772
f 788 2323 919
f 678 791 789
f 792 2324 786
f 2310 921 922
f 817 613 1427
f 761 756 822
f 761 822 766
f 914 966 1114
f 2323 1099 1132
f 2325 906 60
f 788 919 917
f 798 934 972
f 941 1051 940
f 1056 936 1007
f 1120 1056 732
f 1036 1064 1063
f 1080 1081 2326
f 2326 1102 1082
f 2328 2326 1101
f 1163 1160 1165
f 2329 1162 883
f 1247 1225 1254
f 1267 2331 1265
f 1240 1269 1220
f 1183 1360 1403
f 2332 1329 1894
f 1236 1289 1268
f 1310 2330 1263
f 2334 1336 1337
f 1329 2392 1337
f 1311 2334 1338
f 1285 1338 2392
f 2335 1444 840
f 1573 2336 1359
f 2336 1195 1359
f 1404 2338 1525
f 1400 1410 1363
f 1461 2339 1462
f 1543 1474 1416
f 1567 1419 1372
f 2340 1439 1203
f 2342 599 600
f 1541 1525 2337
f 2338 2337 1525
f 1481 1422 1483
f 2343 1686 1316
f 1502 1316 1621
f 1461 2336 1573
f 1483 1567 1485
f 1552 1571 1553
f 1601 1540 1537
f 1581 1582 1638
f 2346 1603 1584
f 1601 1581 1638
f 1601 1638 2345
f 2346 1606 1603
f 1502 1621 1501
f 1662 2347 1621
f 1628 2348 1625
f 2348 1631 1625
f 2349 1629 1628
f 2350 1648 1630
f 1542 1646 1473
f 1651 1590 2397
f 1738 1517 2355
f 2421 1673 1662
f 1316 1684 1662
f 1660 1681 1680
f 1686 2351 1684
f 2351 2352 1623
f 2352 1692 1691
f 2352 1691 1667
f 1684 2351 2421
f 2343 2353 1685
f 2354 1726 1695
f 1683 1738 2355
f 1738 1683 1739
f 2356 16 15
f 2356 1915 16
f 1784 1804 2405
f 1770 1791 1771
f 1804 1806 1805
f 1819 2357 2238
f 1829 2358 1861
f 2332 2359 1807
f 1880 2360 1879
f 1829 1861 1826
f 2361 1753 1752
f 1880 1879 1753
f 1968 1856 1795
f 2360 1983 1879
f 1994 1916 1881
f 2406 1945 1825
f 1994 1987 2356
f 2362 2363 1995
f 1994 1881 2253
f 2340 1441 1439
f 2407 1961 1896
f 2029 2081 2082
f 2411 2108 2033
f 2149 2033 2132
f 2363 2097 2047
f 2063 2365 2020
f 2178 2365 2019
f 2365 2116 2177
f 2115 1948 2114
f 2120 2144 2106
f 1821 2417 2126
f 2417 2133 2197
f 2120 2106 2145
f 2073 2364 2096
f 2158 2160 2418
f 2157 2215 2179
f 2367 2222 2192
f 2368 2409 2410
f 2211 2419 2196
f 2417 2197 2134
f 2369 2202 1876
f 2370 2208 2209
f 2215 2366 2160
f 2117 2157 2179
f 2233 2371 2228
f 2050 1884 2003
f 2262 2278 2268
f 2372 150 105
f 2 188 2282
f 2304 130 115
f 130 2304 129
f 129 2304 125
f 20 2303 193
f 24 25 135
f 103 76 143
f 2373 433 298
f 196 197 215
f 168 2375 216
f 195 241 299
f 258 2375 217
f 331 330 377
f 2377 401 285
f 98 2374 314
f 2376 2378 479
f 2379 348 402
f 272 379 158
f 2380 131 381
f 2376 343 283
f 419 2382 324
f 2381 451 456
f 479 2378 478
f 591 478 2378
f 406 489 458
f 2383 540 567
f 524 561 459
f 337 2378 2376
f 2378 337 592
f 2384 697 101
f 1136 1138 1139
f 635 680 2322
f 2386 1427 1489
f 2385 762 686
f 2387 695 830
f 2387 784 1005
f 788 2388 1099
f 932 2389 1006
f 906 333 60
f 855 69 68
f 941 870 831
f 995 2287 996
f 695 2387 1005
f 1030 1036 1034
f 787 2388 788
f 1038 942 1060
f 1038 1060 1039
f 1073 1075 1078
f 1073 1078 1077
f 1073 1077 1067
f 1102 2388 1049
f 1098 1136 1139
f 1121 1125 1124
f 849 1130 63
f 1098 1156 1134
f 2390 1106 1105
f 1126 1153 1155
f 614 1346 1486
f 1215 1285 2392
f 1337 2391 1335
f 1337 2392 2334
f 1264 1379 1305
f 1474 2393 1542
f 2335 841 1446
f 1462 1411 1409
f 2343 1502 1500
f 1402 2395 1360
f 1530 2394 1435
f 2395 1402 1526
f 1570 1568 1485
f 2395 1403 1360
f 1386 1616 1590
f 2400 1659 1606
f 1611 2345 1644
f 1386 1590 1650
f 1635 2396 1649
f 1646 1542 2396
f 2396 1542 2393
f 1651 2397 1643
f 1688 2398 1670
f 2399 1592 1657
f 1665 1660 2400
f 1671 1659 2399
f 2400 2399 1659
f 2401 1683 1672
f 2401 1670 2398
f 1670 2401 1593
f 1674 1673 2421
f 2398 1318 1739
f 1674 2421 1642
f 1623 1689 1642
f 1623 2352 1690
f 2402 1709 1694
f 1709 2402 1706
f 2403 1706 2402
f 1425 1734 1211
f 1930 1208 1928
f 1842 2404 2298
f 1789 1836 1803
f 189 2405 3
f 1845 2405 1804
f 2406 2410 1892
f 10 1919 11
f 1938 1939 2069
f 1938 2069 2015
f 1892 1943 2406
f 2410 2409 1892
f 2415 2063 1949
f 1903 1961 2407
f 1963 2407 1898
f 2411 1975 1821
f 2413 2266 2419
f 2409 2021 1952
f 2031 2032 1968
f 2039 1986 2416
f 2002 2050 1883
f 2414 1908 2149
f 1948 2415 2113
f 2415 1948 2063
f 2040 2416 2073
f 2138 2110 2098
f 2133 2417 2095
f 2161 2199 2197
f 2137 2138 2098
f 2122 2266 2414
f 2414 2093 2122
f 2418 2154 2072
f 2156 2418 2366
f 2156 2366 2157
f 2156 2175 2176
f 2410 2406 2192
f 1825 2192 2406
f 2049 2419 2211
f 2161 2197 2133
f 2420 2211 2224
f 2420 2001 2211
f 2212 2420 2224
f 2371 2233 2271
f 2272 2412 2270
f 2267 2268 2278
f 1292 1257 1287
f 2300 2404 1784
f 2298 2404 2299
f 2380 381 380
f 385 381 477
f 366 2382 421
f 2382 366 324
f 1052 1126 1155
f 1623 2421 2351
f 1 2405 2
f 1825 1945 1944
f 2038 1986 2039
f 2158 2418 2072

