# https://github.com/mikedh/trimesh
v -0.75640310 1.17121500 -0.44857530
v -0.75587930 1.16062100 -0.43535200
v -0.75800760 1.13822200 -0.43356250
v -0.75948330 1.10740400 -0.42696490
v -0.75769770 1.08480400 -0.42790450
v -0.75800380 1.02034300 -0.42997480
v -0.75750060 0.99803270 -0.43825410
v -0.75983270 0.97597040 -0.44024790
v -0.76390950 0.95921100 -0.44714810
v -0.77081230 0.93238780 -0.46269830
v -0.77265720 0.90929420 -0.47017190
v -0.77131790 0.88910340 -0.47626840
v -0.76879560 0.86814990 -0.48074640
v -0.76720800 0.84804240 -0.48351260
v -0.76454100 0.83028120 -0.48675670
v -0.76322550 0.81039610 -0.48930290
v -0.75977040 0.76968030 -0.49449080
v -0.76006440 0.73076880 -0.49672880
v -0.76064370 0.71068460 -0.50081370
v -0.76942730 0.66469490 -0.49764180
v -0.77701240 0.63542030 -0.51110460
v -0.78111850 0.61872920 -0.51220490
v -0.78353340 0.58983940 -0.51144660
v -0.77973740 0.57598440 -0.50702120
v -0.77555520 0.56434720 -0.50134950
v -0.77508490 0.56216040 -0.50196410
v -0.77352460 0.56055260 -0.50264620
v -0.77804150 0.56074210 -0.48876030
v -0.78333200 0.56583310 -0.47699510
v -0.78976130 0.56808980 -0.46723940
v -0.79918660 0.57128340 -0.45757980
v -0.81125160 0.57148230 -0.44905370
v -0.82193190 0.57064670 -0.44121940
v -0.83208420 0.56754000 -0.43050540
v -0.84003970 0.56462110 -0.41668160
v -0.83743350 0.56036950 -0.40122740
v -0.82754440 0.55697430 -0.38794470
v -0.81806410 0.55416220 -0.37340610
v -0.80922060 0.55221860 -0.35825690
v -0.80045230 0.55195060 -0.34255430
v -0.80066300 0.55030280 -0.32519740
v -0.80177350 0.54712030 -0.30891150
v -0.78924490 0.54315220 -0.29648490
v -0.77378710 0.54160960 -0.28168210
v -0.74949350 0.54471220 -0.27068700
v -0.71729900 0.55412590 -0.25945320
v -0.69324610 0.56594810 -0.24317850
v -0.70411190 0.59805890 -0.25255710
v -0.71525240 0.63005630 -0.26520190
v -0.71281320 0.64424960 -0.27100780
v -0.71501300 0.66277740 -0.27191030
v -0.71437880 0.67895480 -0.27711430
v -0.70352570 0.73177230 -0.28013640
v -0.69466210 0.76071330 -0.26797650
v -0.69645430 0.77702600 -0.26507610
v -0.69201300 0.80779740 -0.26337200
v -0.69287330 0.82368170 -0.25888980
v -0.69421560 0.85801270 -0.24934560
v -0.69032270 0.87701430 -0.24841020
v -0.68658340 0.89670100 -0.24859130
v -0.68281370 0.93899590 -0.25204740
v -0.67136060 1.01102500 -0.25718450
v -0.66799430 1.02694800 -0.25707010
v -0.66476490 1.04913100 -0.25830630
v -0.66446320 1.07118600 -0.26141520
v -0.65236070 1.08055800 -0.25320580
v -0.65258170 1.09861800 -0.25569020
v -0.65321420 1.11684700 -0.25853850
v -0.64546730 1.12744300 -0.25360110
v -0.65023760 1.15433200 -0.26056890
v -0.64760010 1.17318600 -0.26985370
v -0.64765870 1.19634200 -0.27901360
v -0.63757430 1.20611200 -0.29287200
v -0.61493190 1.25360700 -0.32101640
v -0.63096380 1.25593900 -0.33068280
v -0.64275970 1.26559000 -0.34400470
v -0.65047720 1.28207200 -0.36020300
v -0.65158090 1.30596900 -0.37690030
v -0.65160680 1.33260900 -0.39334800
v -0.65198970 1.35784700 -0.40902670
v -0.65141350 1.37692400 -0.43395080
v -0.64014750 1.37480600 -0.46081450
v -0.65631210 1.37476400 -0.45916920
v -0.67064760 1.36477500 -0.46927050
v -0.68626730 1.36092200 -0.47391480
v -0.70330270 1.36480800 -0.45688700
v -0.70685920 1.35661400 -0.44042440
v -0.70868520 1.34162800 -0.42685420
v -0.70915590 1.32398100 -0.41726710
v -0.71095820 1.30548400 -0.40781070
v -0.71463820 1.28452000 -0.39855800
v -0.72328750 1.26124200 -0.39146810
v -0.73338450 1.23773800 -0.38768200
v -0.74370400 1.21729700 -0.38952410
v -0.75104210 1.19762800 -0.40002440
v -0.75241040 1.18185300 -0.41918480
v -0.78351980 0.59671640 -0.47833430
v -0.79634460 0.65093740 -0.31929280
v -0.77242390 0.59548410 -0.28301000
v -0.74530730 0.57310680 -0.26741950
v -0.69543280 0.58314550 -0.24406450
v -0.66057330 1.23227300 -0.32742480
v -0.64952450 1.25143900 -0.33679720
v -0.67048460 1.37138900 -0.44767120
v -0.78083160 0.57685720 -0.47884540
v -0.79874710 0.59973450 -0.45445530
v -0.82863340 0.64767320 -0.40961510
v -0.68457760 1.36773900 -0.45836840
v -0.78053990 0.55908740 -0.28567760
v -0.73935300 0.55830820 -0.26497460
v -0.66240680 1.36725200 -0.42817180
v -0.66050050 1.29050800 -0.37249220
v -0.80374340 0.58655920 -0.45261900
v -0.66369220 1.34199700 -0.41293420
v -0.81570020 0.59901400 -0.36715300
v -0.76083930 0.55467680 -0.27472170
v -0.81658790 0.58668560 -0.44498280
v -0.69313360 1.34554200 -0.42892280
v -0.80269030 0.56870690 -0.31240770
v -0.80646080 0.56760280 -0.34825930
v -0.79465350 0.55439520 -0.30011870
v -0.83691370 0.57899880 -0.42302040
v -0.69843510 1.33241900 -0.42032370
v -0.68215330 1.33446000 -0.41821410
v -0.82627520 0.57015170 -0.38632270
v -0.83668570 0.58145370 -0.40367280
v -0.69703340 1.31644000 -0.40937000
v -0.79275270 0.57281340 -0.29644380
v -0.81684280 0.57242260 -0.36999300
v -0.81252340 0.58394300 -0.35864570
v -0.74386100 0.96550990 -0.34697150
v -0.73879580 1.08602400 -0.33638870
v -0.76081200 1.14914200 -0.37576740
v -0.78396360 0.61803900 -0.49054530
v -0.78730210 0.58884580 -0.49525980
v -0.79958510 0.71069830 -0.44711880
v -0.73204460 0.61083370 -0.27347210
v -0.72700820 0.59246850 -0.26840890
v -0.71874900 0.57598430 -0.26229540
v -0.64805890 1.21583500 -0.30837840
v -0.70978570 1.21081200 -0.33733430
v -0.78074050 0.57604860 -0.49274490
v -0.66020700 1.26417200 -0.35248040
v -0.66423900 1.24557300 -0.34014230
v -0.67098920 1.27237400 -0.36486760
v -0.69851930 1.25285200 -0.36648020
v -0.67774030 1.22930000 -0.33346740
v -0.67815340 1.25356100 -0.35446830
v -0.69055140 1.26697800 -0.37192720
v -0.78453380 0.59096670 -0.46558960
v -0.82736050 0.58890500 -0.43664130
v -0.77739290 0.57954410 -0.28358680
v -0.78813080 0.59364270 -0.29524010
v -0.67329370 1.35390300 -0.43085300
v -0.80204520 0.56924820 -0.33257450
v -0.73803020 0.85738930 -0.30542010
v -0.77544520 0.88862720 -0.40061700
v -0.73096760 0.96107500 -0.30058410
v -0.70227270 1.10521900 -0.29076010
v -0.75359530 1.18113800 -0.40057610
v -0.75363660 1.15092300 -0.40781110
v -0.77314950 0.64923250 -0.48411150
v -0.78153170 0.61605230 -0.50101370
v -0.78749440 0.60375720 -0.49928950
v -0.78700230 0.60309170 -0.48915190
v -0.78625710 0.58852910 -0.48577270
v -0.78026170 0.71315480 -0.47346720
v -0.73477110 0.67761880 -0.28172440
v -0.71465860 0.61342340 -0.25632840
v -0.68323570 1.19163400 -0.30523710
v -0.65737740 1.20097300 -0.29077120
v -0.70769100 1.26968500 -0.38414900
v -0.70929610 1.23446100 -0.35936010
v -0.81459120 0.60233080 -0.44537250
v -0.83624450 0.59566600 -0.42130410
v -0.82777970 0.61021280 -0.43627790
v -0.75391070 0.58915500 -0.27301030
v -0.75501710 0.60329860 -0.27815060
v -0.77196830 0.62971600 -0.28698850
v -0.78098850 0.61162150 -0.29132780
v -0.76506260 0.57063760 -0.27525750
v -0.79979060 0.61954630 -0.31483270
v -0.80389920 0.60147860 -0.31867460
v -0.79389720 0.60965200 -0.30363300
v -0.78728400 0.63055410 -0.30078850
v -0.78647770 0.84023780 -0.45703700
v -0.76444380 0.96480070 -0.41734970
v -0.75324310 1.17017800 -0.42316070
v -0.75440560 1.14906000 -0.42478370
v -0.75303800 1.13370800 -0.40679000
v -0.77776280 0.63003460 -0.49789310
v -0.77834720 0.63372470 -0.48964080
v -0.77261210 0.64848460 -0.49056720
v -0.72752970 0.72211370 -0.28079360
v -0.72696210 0.75511700 -0.28413270
v -0.73719670 0.64774420 -0.28093610
v -0.73035010 0.66138650 -0.28074950
v -0.62968150 1.24204700 -0.31863550
v -0.64396500 1.23295100 -0.31879370
v -0.68032600 1.21136100 -0.31816430
v -0.67397220 1.16564900 -0.28202110
v -0.66040690 1.18088500 -0.28409290
v -0.74281480 1.21029700 -0.38136080
v -0.72940780 1.22727200 -0.37320180
v -0.71834140 1.24820700 -0.37855790
v -0.72105800 1.21869100 -0.35611300
v -0.74484280 1.18876000 -0.35732950
v -0.72997450 1.20200300 -0.34812970
v -0.73829180 1.20712500 -0.36720420
v -0.83467800 0.61339510 -0.42180790
v -0.83487180 0.60145020 -0.40460130
v -0.82604230 0.59814840 -0.39128980
v -0.74284740 0.62646790 -0.27822500
v -0.75823210 0.63852410 -0.28532710
v -0.74998630 0.65670250 -0.28682430
v -0.75216870 0.67343630 -0.29014830
v -0.73110650 0.70229110 -0.28133940
v -0.70773650 0.82939390 -0.27545170
v -0.69815500 0.83949530 -0.25660210
v -0.71088100 0.84840270 -0.26938470
v -0.71886480 0.83401810 -0.29457430
v -0.77532470 0.80209790 -0.47710730
v -0.69292770 0.95581070 -0.26109060
v -0.70211530 0.93723480 -0.26546770
v -0.76260210 1.00084100 -0.41350180
v -0.75929300 1.03803500 -0.41379110
v -0.76324720 0.95134470 -0.43091580
v -0.76293720 0.98372530 -0.41803010
v -0.76936460 0.93966750 -0.44469990
v -0.67063600 1.09270400 -0.26944500
v -0.75555970 1.09354400 -0.40785830
v -0.75620520 1.07505200 -0.41036610
v -0.75463590 1.16230300 -0.39767060
v -0.75700330 1.12630900 -0.42344700
v -0.75418090 1.14148000 -0.38823500
v -0.77062530 0.66357990 -0.48661860
v -0.78553020 0.60561820 -0.46252710
v -0.76405590 0.69323900 -0.49633310
v -0.76803650 0.71899580 -0.48672800
v -0.71038870 0.71910430 -0.27663180
v -0.70502970 0.74883030 -0.28083940
v -0.70910970 0.78634450 -0.27465310
v -0.70518710 0.80238650 -0.27980890
v -0.72460500 0.81615860 -0.29590920
v -0.71529350 0.69951200 -0.27718830
v -0.67045350 1.21979900 -0.31834980
v -0.66821340 1.20576100 -0.30250480
v -0.69845020 1.20076100 -0.31939640
v -0.70115490 1.22532300 -0.34527360
v -0.68902110 1.21996400 -0.33201260
v -0.66789100 1.19010500 -0.29478570
v -0.66258300 1.16336600 -0.27104030
v -0.68154150 1.17830400 -0.29304040
v -0.81372450 0.61254820 -0.44563170
v -0.83179660 0.62383490 -0.40580930
v -0.76831490 0.67574100 -0.29818050
v -0.76587220 0.69704810 -0.30150770
v -0.74475830 0.70973280 -0.29605180
v -0.75625970 0.72122910 -0.30613480
v -0.78361640 0.66632000 -0.30821920
v -0.76852330 0.65933900 -0.29405370
v -0.70673170 0.86966610 -0.26084260
v -0.70336720 0.88591900 -0.25879890
v -0.70830670 0.90174900 -0.26467740
v -0.70201900 0.81585520 -0.27333490
v -0.71080720 0.81789120 -0.28604350
v -0.77540970 0.83715750 -0.47569930
v -0.76296190 0.79319330 -0.48997270
v -0.77180410 0.78214380 -0.48381450
v -0.67961730 0.97628080 -0.25611230
v -0.68580020 0.99974160 -0.26489490
v -0.71613180 0.97491680 -0.28642280
v -0.68726840 1.01971900 -0.27063920
v -0.75625760 1.04207400 -0.43229940
v -0.75757120 1.06106700 -0.42413900
v -0.76675980 0.97379390 -0.40002630
v -0.77946300 0.89915960 -0.45139530
v -0.66650240 1.11042800 -0.26884590
v -0.66762300 1.12609300 -0.27042060
v -0.68699680 1.10796600 -0.28103410
v -0.69074430 1.09126900 -0.28325000
v -0.75216710 1.08037900 -0.39090490
v -0.75581550 1.05871300 -0.40029320
v -0.75378470 1.11595500 -0.40468230
v -0.75271470 1.12447100 -0.38594600
v -0.77916640 0.62366720 -0.47770270
v -0.78452050 0.64941480 -0.46182480
v -0.77684990 0.64023310 -0.47509880
v -0.77558250 0.68910320 -0.47768450
v -0.77262990 0.67034320 -0.47932330
v -0.78499950 0.68022440 -0.46146100
v -0.77878510 0.65941390 -0.46925570
v -0.77594800 0.72588540 -0.47890760
v -0.76388290 0.75590500 -0.49044490
v -0.72159950 0.73593260 -0.28539760
v -0.74470500 0.75545540 -0.30158890
v -0.74307650 0.73444610 -0.28964420
v -0.73413140 0.76429690 -0.28939130
v -0.71071240 0.76938210 -0.28091360
v -0.69371440 0.79224160 -0.26780290
v -0.73926910 0.78933010 -0.29644380
v -0.72448780 1.17261700 -0.31379300
v -0.73544590 1.18386500 -0.33411800
v -0.68951410 1.23737800 -0.34811160
v -0.66438790 1.14370500 -0.26994230
v -0.69265700 1.16571700 -0.28844970
v -0.70311800 1.18099600 -0.30436670
v -0.71272170 1.15919400 -0.29667300
v -0.71843600 1.19326000 -0.32513010
v -0.82756650 0.61915030 -0.43685530
v -0.83286060 0.62938050 -0.42172020
v -0.82508800 0.61644540 -0.39186130
v -0.81151870 0.67066490 -0.36768090
v -0.78470140 0.64874450 -0.30347380
v -0.72324110 0.90566090 -0.28167430
v -0.73145580 0.87141860 -0.29110500
v -0.73275170 0.88822080 -0.29361900
v -0.78005640 0.87677460 -0.46001550
v -0.78437390 0.85581120 -0.45581560
v -0.77933750 0.88774590 -0.43671330
v -0.77781790 0.87843570 -0.42037940
v -0.78343310 0.86671350 -0.44177380
v -0.78762170 0.84960450 -0.43454320
v -0.79309120 0.82869510 -0.44060700
v -0.77620360 0.76838610 -0.47937760
v -0.78208430 0.78910570 -0.46855870
v -0.78705400 0.80599110 -0.46203320
v -0.69801810 0.97910920 -0.26993530
v -0.70011040 1.00027800 -0.27691760
v -0.70593530 1.01547800 -0.28609700
v -0.71720690 1.00290900 -0.29482860
v -0.71139460 1.02485300 -0.29390080
v -0.67808400 0.91995810 -0.24765170
v -0.67943400 1.04012100 -0.26836600
v -0.67687390 1.05926800 -0.26930670
v -0.70463110 1.04657300 -0.29109300
v -0.75796130 1.03575500 -0.39586010
v -0.68282040 1.13465400 -0.27597260
v -0.68172420 1.11996700 -0.27610010
v -0.71564510 1.11678600 -0.29578760
v -0.71550690 1.08194700 -0.30465830
v -0.68227360 1.07467600 -0.27530070
v -0.75112280 1.06216300 -0.38279500
v -0.74634650 1.08695600 -0.35514490
v -0.76091010 1.13047900 -0.36946750
v -0.78127500 0.61157960 -0.48061760
v -0.78332710 0.63246450 -0.46318320
v -0.80078030 0.61502480 -0.45176650
v -0.81410080 0.62539160 -0.44375540
v -0.77219970 0.69847510 -0.47931830
v -0.76864890 0.67964740 -0.48625790
v -0.78706270 0.70019910 -0.46183540
v -0.77166900 0.74595880 -0.48588590
v -0.75857930 0.74329350 -0.30472800
v -0.71970990 0.79847550 -0.29166480
v -0.68137560 1.15257100 -0.27684180
v -0.82076360 0.61081850 -0.37626210
v -0.81144510 0.63720020 -0.35446540
v -0.77517910 0.70880270 -0.31263570
v -0.71194260 0.92347030 -0.27131660
v -0.71987110 0.88287370 -0.27503600
v -0.74898800 0.88795050 -0.34202310
v -0.74043920 0.87487350 -0.30969850
v -0.78175760 0.86432840 -0.42316180
v -0.77239080 0.89823530 -0.41529070
v -0.79113110 0.83309930 -0.41976000
v -0.78540460 0.82419790 -0.46307600
v -0.77624460 0.81809960 -0.47588220
v -0.69148690 1.05582900 -0.28057090
v -0.69492600 1.03372300 -0.28010870
v -0.69597100 1.12319200 -0.28563610
v -0.71135950 1.12795000 -0.29074470
v -0.70400110 1.08823100 -0.29361810
v -0.70247470 1.07228600 -0.28995150
v -0.71656560 1.03748500 -0.30220690
v -0.72880490 1.02520800 -0.31348300
v -0.72595710 1.01248800 -0.30740240
v -0.73174270 0.99435080 -0.31113480
v -0.72776040 0.97827770 -0.29998650
v -0.73796470 0.97452500 -0.31793100
v -0.74114050 0.95468810 -0.32845420
v -0.73377400 0.94096150 -0.30223230
v -0.73681070 1.01041100 -0.32500870
v -0.73905330 0.95220110 -0.31601980
v -0.74067750 0.93364310 -0.31913340
v -0.74292720 0.99710420 -0.34343740
v -0.73729030 0.92107280 -0.30782380
v -0.72798440 0.92318360 -0.29068640
v -0.74282940 0.90429620 -0.33502120
v -0.74076520 0.89623920 -0.31554640
v -0.73543970 0.90689490 -0.30130240
v -0.74558740 1.05074600 -0.36081300
v -0.74256870 1.02998500 -0.34697990
v -0.73860380 1.04613600 -0.33780710
v -0.74769080 1.07477300 -0.36871030
v -0.73225280 1.06617600 -0.32644470
v -0.72638850 1.07777500 -0.31753450
v -0.71777780 1.06068800 -0.30560880
v -0.75308030 1.10499000 -0.36038840
v -0.74934370 1.15298500 -0.33236860
v -0.75735900 1.11391900 -0.37226210
v -0.79719540 0.62670070 -0.45299810
v -0.69954940 1.14325800 -0.28431170
v -0.80684900 0.61317800 -0.33134250
v -0.80936830 0.59893290 -0.34169540
v -0.82379790 0.64329320 -0.39215870
v -0.81887200 0.62839180 -0.37325540
v -0.80157940 0.66358680 -0.33270920
v -0.72603650 0.85192560 -0.28842410
v -0.76739080 0.94231110 -0.41038860
v -0.79602970 0.79363740 -0.44985130
v -0.78969740 0.76025780 -0.45855900
v -0.79828830 0.74243100 -0.45242610
v -0.79278050 0.72083700 -0.45808520
v -0.79780580 0.77977520 -0.45008740
v -0.78630880 0.77651590 -0.46271380
v -0.78107870 0.75586010 -0.47402200
v -0.78896870 0.80378340 -0.39197350
v -0.79411460 0.81264950 -0.44687680
v -0.79753760 0.80972450 -0.42907740
v -0.79409060 0.82342200 -0.41703080
v -0.76913390 0.76779340 -0.32428240
v -0.80805590 0.75057710 -0.40586540
v -0.79762800 0.80963820 -0.41012820
v -0.75888300 0.76370000 -0.31626850
v -0.80252570 0.78746270 -0.41242780
v -0.80474100 0.77180590 -0.43093370
v -0.80204860 0.75991140 -0.44687630
v -0.79324670 0.78216980 -0.39111970
v -0.78433000 0.83988450 -0.39917400
v -0.80044630 0.79313030 -0.43002820
v -0.80498050 0.77221090 -0.40887090
v -0.74734650 0.77459430 -0.30293440
v -0.76547130 0.98738540 -0.39460020
v -0.75761880 0.99413980 -0.37641870
v -0.74250240 0.92314630 -0.33659960
v -0.74247290 1.01477000 -0.34409660
v -0.73758700 1.02817500 -0.33099000
v -0.71705410 1.10124600 -0.30294060
v -0.73848400 1.11496400 -0.32573260
v -0.72910980 1.11332400 -0.30950670
v -0.72965080 1.12858700 -0.30440000
v -0.73040960 1.09695100 -0.31900740
v -0.74138070 1.10438900 -0.33178990
v -0.72837040 1.04391200 -0.31775640
v -0.75208780 1.09379800 -0.37404170
v -0.73927250 1.16601200 -0.32548600
v -0.74933170 1.17122100 -0.34458830
v -0.73555030 1.14716200 -0.31238770
v -0.75326540 1.17062300 -0.36488640
v -0.76102400 1.13757800 -0.35699010
v -0.74816970 1.12770000 -0.33268270
v -0.75610120 1.15660600 -0.34891820
v -0.75001050 1.11496400 -0.33957500
v -0.73591250 1.12542300 -0.31989280
v -0.75687760 1.12342500 -0.35216820
v -0.81148290 0.61704990 -0.35427230
v -0.81680860 0.65654700 -0.38377970
v -0.81784670 0.68423610 -0.40884760
v -0.82157690 0.66277440 -0.40063180
v -0.80018390 0.69578600 -0.44494110
v -0.79321190 0.66841100 -0.32009270
v -0.80893320 0.65983790 -0.35338030
v -0.78285460 0.68523780 -0.31356190
v -0.78981200 0.69796340 -0.32401940
v -0.79730550 0.68077600 -0.32895760
v -0.80545230 0.67834340 -0.34574620
v -0.72026140 0.86454620 -0.27471280
v -0.76962480 0.91960180 -0.40741320
v -0.77214490 0.93532730 -0.39221710
v -0.76411500 0.93526210 -0.36643940
v -0.77197180 0.92806810 -0.37941460
v -0.78327960 0.84424820 -0.37867220
v -0.77096010 0.74893170 -0.31940680
v -0.78902200 0.76059200 -0.34578620
v -0.80607920 0.72901150 -0.44192440
v -0.74250980 0.94358200 -0.34019300
v -0.74848180 1.00273800 -0.36453070
v -0.74747460 1.02593500 -0.36571460
v -0.74720590 1.09985100 -0.34662750
v -0.71924810 1.14119600 -0.29747460
v -0.72615380 1.15709100 -0.30729200
v -0.74957980 1.19126400 -0.37866940
v -0.75781920 1.16943000 -0.38110190
v -0.75994440 1.15380500 -0.36242540
v -0.74169770 1.13832900 -0.32427500
v -0.79172360 0.66395820 -0.45508450
v -0.80784270 0.62689010 -0.33870460
v -0.81576400 0.64732800 -0.37296830
v -0.80563880 0.64634500 -0.33916120
v -0.79678990 0.71116490 -0.33568550
v -0.75251170 0.92838560 -0.35460750
v -0.75641760 0.90672910 -0.35396070
v -0.76877420 0.91712770 -0.36722390
v -0.77608040 0.90306900 -0.38083730
v -0.74470290 0.87361940 -0.33011620
v -0.74162230 0.88854370 -0.32557190
v -0.75307320 0.95049080 -0.35942450
v -0.76899670 0.95760800 -0.39388560
v -0.77955130 0.87395440 -0.38379070
v -0.78146920 0.85730860 -0.38892370
v -0.77878540 0.87129580 -0.40165360
v -0.73315300 0.80223200 -0.30543200
v -0.75009020 0.79500410 -0.31058390
v -0.75725490 0.80150010 -0.32398740
v -0.76666800 0.78189870 -0.33204150
v -0.76329210 0.79689920 -0.33472390
v -0.78033530 0.78423220 -0.34182230
v -0.79344020 0.79786540 -0.37552130
v -0.79093290 0.79593990 -0.35819180
v -0.76038490 0.78466050 -0.31879940
v -0.77144280 0.73153560 -0.32031130
v -0.78405300 0.74256120 -0.33401440
v -0.79651420 0.74323960 -0.35567790
v -0.79724490 0.76228530 -0.36445290
v -0.79421770 0.72761510 -0.34364810
v -0.77579480 0.76321780 -0.33347700
v -0.80862440 0.74719020 -0.43727260
v -0.80932800 0.73157680 -0.39861840
v -0.81339960 0.73009990 -0.41754250
v -0.80445640 0.74379750 -0.39084500
v -0.79682420 0.78010800 -0.37242810
v -0.81402610 0.67703770 -0.38974670
v -0.81200750 0.68998440 -0.38962710
v -0.80870840 0.70160030 -0.37031720
v -0.80441900 0.68153170 -0.44580190
v -0.81362810 0.63800690 -0.44217110
v -0.80854850 0.69120090 -0.36046420
v -0.80120890 0.69736260 -0.34127700
v -0.78528600 0.72036300 -0.32668640
v -0.77159060 0.90665230 -0.42865630
v -0.76644570 0.92749910 -0.42526470
v -0.77542890 0.91745250 -0.44268810
v -0.74421360 0.85669960 -0.32496900
v -0.75267090 0.85768330 -0.34045220
v -0.74341790 0.84325530 -0.31902210
v -0.73431560 0.83962040 -0.30749560
v -0.77941750 0.86091110 -0.37108800
v -0.76312230 0.88369100 -0.35356020
v -0.75264080 0.81580940 -0.32651880
v -0.75572170 0.96683140 -0.36736150
v -0.76570240 0.94949210 -0.37331390
v -0.77819270 0.88754170 -0.38414650
v -0.77322900 0.89394780 -0.36666230
v -0.78299750 0.85343070 -0.40878570
v -0.78873470 0.81434160 -0.37233320
v -0.78209760 0.83211750 -0.36447960
v -0.78336080 0.82681220 -0.38697830
v -0.77757080 0.80481060 -0.34578360
v -0.76131470 0.81972790 -0.33942180
v -0.75258580 0.83827380 -0.33660310
v -0.77225820 0.82661780 -0.34863470
v -0.76827510 0.84315430 -0.34953900
v -0.78314190 0.81466480 -0.35437550
v -0.80237370 0.72650550 -0.36350380
v -0.80509740 0.73084710 -0.38036440
v -0.80268730 0.71255150 -0.35251900
v -0.79790400 0.76223470 -0.38796950
v -0.80988180 0.71173490 -0.43374720
v -0.80936680 0.70296480 -0.38482870
v -0.81397010 0.69961530 -0.40257820
v -0.79869830 0.64562990 -0.45074960
v -0.82544240 0.63097030 -0.43663780
v -0.75283340 0.87305020 -0.34378910
v -0.76785230 0.86326460 -0.35273770
v -0.77673100 0.84841460 -0.36174000
v -0.73939040 0.81135760 -0.31439000
v -0.74754270 0.98192740 -0.35838950
v -0.77553680 0.87759190 -0.36663540
v -0.80674770 0.71445200 -0.37250410
v -0.80122150 0.74531150 -0.37536870
v -0.80906850 0.71588020 -0.39121290
v -0.81583550 0.69207950 -0.43305970
v -0.81997330 0.70948870 -0.42288030
v -0.81706020 0.71147840 -0.40926220
v -0.80371810 0.66612770 -0.44631610
v -0.81531130 0.65527790 -0.44074310
v -0.82873870 0.64948030 -0.43073420
v -0.82686640 0.67301940 -0.42827590
v -0.82481090 0.69270240 -0.41970700
v -0.81721270 0.67507840 -0.43755690
v -0.80091640 0.58804810 -0.30803730
v -0.66107140 1.32192700 -0.39613330
v -0.67540910 1.32293400 -0.40623720
v -0.66818210 1.30700000 -0.39001870
v -0.69414520 1.28848700 -0.38887710
v -0.67877260 1.28859500 -0.38147540
v -0.68495850 1.30659500 -0.39774860
v -0.70034650 1.30197800 -0.40124010
v -0.71206720 0.95805600 -0.27877690
v -0.76180730 1.00723000 -0.38983160
v -0.76172370 1.01941600 -0.40009200
v -0.72228930 0.94101640 -0.28555340
v -0.79323790 0.77709940 -0.35686790
v -0.45133140 1.13017100 -0.31155700
v -0.46049450 1.10552600 -0.29936580
v -0.46934670 1.08784400 -0.29625430
v -0.47074990 1.03473300 -0.28852570
v -0.46732680 1.01654100 -0.28535120
v -0.46562920 0.99707970 -0.28197790
v -0.46351330 0.97705030 -0.28006810
v -0.46365690 0.95574310 -0.27596980
v -0.45927560 0.92146510 -0.27510370
v -0.45117740 0.90354420 -0.28161660
v -0.44307170 0.84130830 -0.28597780
v -0.44554310 0.76678680 -0.27981030
v -0.44822960 0.75011470 -0.27647960
v -0.45162880 0.73168540 -0.27208350
v -0.45723710 0.71400540 -0.26731360
v -0.46261440 0.69942790 -0.26189510
v -0.46508840 0.67734900 -0.26308730
v -0.47663240 0.66727380 -0.25061740
v -0.49448850 0.61901420 -0.23052840
v -0.49521910 0.59881020 -0.22938500
v -0.51011440 0.57742070 -0.22134670
v -0.52108230 0.56167600 -0.22314950
v -0.53043630 0.54891700 -0.22169770
v -0.53072130 0.54669980 -0.22086830
v -0.53054540 0.54461430 -0.22138340
v -0.54653330 0.54407690 -0.21989120
v -0.55775160 0.54915200 -0.21398130
v -0.56457530 0.55634260 -0.20125250
v -0.57089150 0.56392190 -0.18815750
v -0.57622600 0.57150090 -0.17481230
v -0.58101650 0.58018560 -0.16159930
v -0.58806000 0.58973470 -0.14947670
v -0.60280410 0.59762690 -0.14764150
v -0.61283720 0.60109640 -0.15903450
v -0.61175710 0.60245530 -0.17366990
v -0.60689740 0.60447430 -0.18561820
v -0.60254390 0.60552570 -0.19796780
v -0.60702190 0.60546520 -0.21012510
v -0.61353940 0.60571090 -0.21210300
v -0.61639200 0.60478470 -0.21226960
v -0.62999570 0.60171690 -0.20895030
v -0.64299060 0.59578370 -0.21387360
v -0.65804450 0.58715150 -0.22103260
v -0.67485710 0.57758620 -0.23048640
v -0.59669730 1.25720300 -0.31418350
v -0.58069190 1.26736500 -0.31406160
v -0.56100080 1.28080400 -0.31509500
v -0.54171910 1.30068000 -0.32176250
v -0.52400200 1.32191400 -0.33111210
v -0.50650010 1.34073900 -0.33851700
v -0.49094110 1.35927000 -0.35215520
v -0.47500450 1.36187700 -0.37697900
v -0.46056770 1.35086500 -0.34884210
v -0.44557930 1.34237700 -0.33733220
v -0.44938670 1.34321400 -0.31418570
v -0.45851530 1.33756800 -0.29903830
v -0.46949270 1.32541500 -0.29077020
v -0.47844530 1.30743000 -0.28902290
v -0.48637440 1.28774200 -0.28577690
v -0.49489200 1.26484500 -0.28174760
v -0.49965930 1.23866600 -0.27592680
v -0.49890730 1.21346300 -0.27378970
v -0.49488850 1.18657000 -0.27615360
v -0.48547650 1.16558800 -0.28246970
v -0.47222420 1.14752600 -0.29324420
v -0.66818920 0.61698710 -0.22590700
v -0.60948270 1.24443200 -0.31177970
v -0.55156460 1.24075400 -0.28134540
v -0.47202530 1.35873200 -0.35818850
v -0.54755880 0.63893800 -0.21662180
v -0.62971240 0.63398480 -0.21951400
v -0.53878470 1.27313900 -0.29973380
v -0.51073120 1.30709600 -0.31144920
v -0.47367110 1.35136200 -0.33865880
v -0.50162530 1.33098100 -0.32728990
v -0.56025640 0.60866630 -0.19981280
v -0.65684730 0.60221680 -0.22332030
v -0.54366540 1.28615700 -0.31224450
v -0.52606870 1.30857700 -0.32163140
v -0.46331100 1.34802900 -0.32323220
v -0.47901520 1.33465600 -0.30767300
v -0.48944940 1.35118200 -0.33840910
v -0.60442480 0.63461090 -0.19835430
v -0.57723530 0.61871270 -0.18146030
v -0.55122080 0.55663680 -0.21862710
v -0.62387840 0.61657190 -0.21563940
v -0.61185000 0.62125380 -0.21242950
v -0.60427730 0.61905190 -0.19289310
v -0.57350070 0.58206200 -0.18691130
v -0.59228550 0.61004700 -0.15162840
v -0.64564430 0.61593090 -0.21916980
v -0.61212850 0.62038210 -0.17029180
v -0.60876950 0.62893190 -0.18379310
v -0.60528150 0.61786390 -0.20536010
v -0.60788660 0.61632040 -0.18381770
v -0.54346220 0.83130480 -0.22192010
v -0.55818140 1.06772800 -0.22848810
v -0.51492000 1.12501200 -0.25948030
v -0.67750030 0.63040690 -0.23968430
v -0.59830480 1.21978400 -0.28447230
v -0.64493560 0.75756020 -0.23534980
v -0.52325060 0.62976680 -0.22135190
v -0.68485710 0.60116380 -0.23310960
v -0.68768510 0.61221980 -0.24267650
v -0.50769990 1.31895500 -0.32024030
v -0.52483220 1.29228200 -0.30819040
v -0.51921030 1.27218600 -0.29085640
v -0.50672490 1.28881100 -0.29449350
v -0.50246630 1.27410100 -0.28656650
v -0.50891780 1.25553000 -0.28058350
v -0.49601140 1.30296500 -0.29579460
v -0.52548150 1.24935000 -0.28014740
v -0.51719670 1.22593600 -0.27079100
v -0.55462440 1.25697800 -0.29426640
v -0.53770270 1.25734300 -0.28742710
v -0.55560350 1.18391000 -0.24843890
v -0.59241230 1.24806400 -0.30545490
v -0.54677100 1.20455400 -0.26048950
v -0.53773930 1.22963000 -0.27199500
v -0.53887520 0.56014600 -0.22074540
v -0.53070740 0.57172350 -0.21914020
v -0.54859240 0.57565540 -0.22008350
v -0.55207030 0.60876120 -0.21708140
v -0.54913890 0.59292020 -0.21987700
v -0.55699050 0.59332300 -0.20631750
v -0.53771000 0.60815940 -0.22094970
v -0.52237860 0.59221070 -0.22014450
v -0.56673020 0.57590310 -0.19840570
v -0.55872970 0.57445390 -0.21079240
v -0.55680050 0.62493260 -0.21220310
v -0.54062780 0.62065670 -0.21966970
v -0.57311230 0.60300780 -0.18748700
v -0.57835520 0.59551250 -0.17532520
v -0.58180300 0.60400450 -0.16200930
v -0.48636350 1.34082200 -0.32449130
v -0.59703050 0.63325500 -0.15721420
v -0.49023790 0.83218090 -0.24074860
v -0.62555620 0.80842030 -0.23022390
v -0.50699310 0.95135040 -0.24354370
v -0.59068780 0.99755070 -0.22381360
v -0.49145630 1.14446600 -0.27191080
v -0.69775160 0.62459270 -0.24825360
v -0.51024880 1.19819400 -0.26884800
v -0.52887080 1.20326900 -0.26232670
v -0.53638420 1.18176900 -0.25220300
v -0.50865260 0.62593380 -0.22230000
v -0.49766700 0.67218140 -0.23030200
v -0.66616420 0.63835000 -0.22656170
v -0.64814850 0.63117250 -0.22102160
v -0.55898880 1.26785100 -0.30494570
v -0.57294190 1.25099300 -0.29800640
v -0.58639240 1.23478500 -0.29152540
v -0.56617200 1.24159000 -0.28722470
v -0.57772530 1.22276300 -0.27757690
v -0.60383760 1.23275400 -0.29896390
v -0.62663700 1.22814500 -0.30428250
v -0.61840870 1.21567300 -0.28998930
v -0.56549420 0.59345020 -0.19479770
v -0.53510040 0.58986330 -0.22071230
v -0.52410940 0.60851670 -0.22103150
v -0.51082930 0.60528510 -0.22134690
v -0.61124130 0.66143120 -0.18125690
v -0.60555980 0.65380840 -0.20696350
v -0.62049510 0.68455930 -0.21577380
v -0.60725680 0.67209480 -0.20955960
v -0.60809710 0.64598540 -0.19008170
v -0.60714290 0.66579200 -0.19239900
v -0.61044110 0.64054010 -0.16995490
v -0.60274610 0.65264210 -0.16546820
v -0.59635000 0.69432680 -0.18158630
v -0.60925170 0.69087660 -0.21229930
v -0.60724090 0.68391020 -0.19681650
v -0.60858760 0.70115430 -0.18774970
v -0.61768360 0.70795660 -0.21988230
v -0.63448900 0.69935430 -0.22118180
v -0.63041710 0.72227520 -0.22156630
v -0.61366650 0.72925510 -0.22062300
v -0.64462730 0.71801500 -0.22849750
v -0.60769000 0.72325920 -0.19327300
v -0.61000850 0.71903840 -0.21158110
v -0.64570260 0.68540890 -0.22541550
v -0.63095510 0.67880850 -0.21722030
v -0.64354920 0.67188690 -0.22505190
v -0.64160980 0.65749330 -0.22410620
v -0.64186430 0.73385160 -0.22925980
v -0.57027780 0.70883110 -0.18906200
v -0.56587520 0.64482370 -0.19580150
v -0.59124540 0.71120010 -0.18654920
v -0.60768300 0.70469670 -0.20662830
v -0.62610810 0.74007090 -0.22093740
v -0.65312650 0.70205740 -0.23227920
v -0.65863080 0.71651530 -0.23913840
v -0.56017600 0.64531260 -0.20797910
v -0.56440020 0.66824580 -0.20072830
v -0.57040650 0.63492840 -0.18507250
v -0.66480700 0.68301640 -0.23772460
v -0.56472520 0.62321470 -0.19307460
v -0.66131420 0.72890240 -0.24485250
v -0.68243750 0.67906980 -0.25524010
v -0.67150940 0.69930130 -0.24661960
v -0.60988430 0.63573380 -0.21057850
v -0.62766300 0.64958410 -0.21922560
v -0.46270470 0.82546770 -0.26505990
v -0.65307330 0.86815930 -0.24064000
v -0.65806780 0.77715270 -0.25239890
v -0.49946990 1.03351800 -0.26187250
v -0.49513730 1.06465600 -0.26598080
v -0.62355280 1.10314300 -0.23634960
v -0.63429560 1.07217600 -0.24005060
v -0.64845250 1.04052700 -0.24442100
v -0.48086630 1.10208900 -0.28752370
v -0.48645860 1.11768800 -0.28206950
v -0.47089200 1.11725200 -0.29049960
v -0.49011960 1.10093000 -0.27200420
v -0.48386580 1.15024900 -0.28371590
v -0.50222360 1.17363700 -0.27030780
v -0.46931570 1.13561700 -0.29468070
v -0.69706520 0.64327380 -0.25821480
v -0.56587750 1.20467200 -0.26100730
v -0.53444110 1.15156800 -0.24163090
v -0.62547310 1.19741200 -0.27779520
v -0.68672680 0.72862540 -0.27360420
v -0.49579760 0.64069710 -0.23072440
v -0.48659370 0.67920190 -0.23965120
v -0.47136170 0.71072770 -0.25038010
v -0.60594420 1.20401600 -0.27369030
v -0.59961810 0.66928420 -0.17021570
v -0.60908850 0.68099480 -0.18154240
v -0.67493480 0.65134500 -0.23732860
v -0.66043520 0.65832950 -0.22659110
v -0.66188970 0.67020780 -0.23111980
v -0.65389980 0.64612620 -0.22286800
v -0.58166590 0.64244970 -0.17455860
v -0.68424240 0.69331410 -0.26254880
v -0.67253760 0.72557970 -0.26330850
v -0.65493980 0.74612400 -0.24015090
v -0.65590900 0.75936670 -0.25231970
v -0.69699290 0.67536920 -0.26666410
v -0.69794310 0.66304450 -0.26157980
v -0.61786730 0.63538650 -0.21534160
v -0.61861260 0.64962620 -0.21278760
v -0.61905700 0.66362550 -0.21090340
v -0.63843760 0.64451920 -0.22241100
v -0.45888490 0.84258210 -0.26801960
v -0.45703860 0.79834140 -0.26337500
v -0.44516830 0.82616800 -0.28060380
v -0.44696340 0.80753350 -0.27636140
v -0.63987120 0.89974530 -0.23493320
v -0.67359580 0.76295810 -0.26519030
v -0.46279330 0.93755100 -0.27364390
v -0.48179240 0.94387830 -0.26637840
v -0.47335840 0.90986100 -0.26563140
v -0.48010910 0.96552460 -0.27050410
v -0.49260040 0.97470070 -0.26531900
v -0.65472780 1.01214200 -0.24650140
v -0.65422970 0.93451730 -0.24388670
v -0.64907640 0.95589580 -0.24188200
v -0.67163350 0.95473140 -0.24945720
v -0.47616140 1.06756600 -0.28774130
v -0.48433780 1.08313800 -0.28112350
v -0.64059450 1.10934000 -0.24819180
v -0.63323690 1.08864000 -0.24093250
v -0.68001020 0.66207210 -0.24917810
v -0.55620040 1.22232100 -0.27092720
v -0.58594090 1.20478800 -0.26606500
v -0.58728630 1.17319800 -0.24002310
v -0.59378680 1.18884200 -0.25489110
v -0.61755540 1.18553900 -0.26192080
v -0.57338810 1.18686900 -0.24881970
v -0.63923320 1.18512400 -0.26732390
v -0.63256790 1.16696800 -0.25309130
v -0.57988910 0.69573630 -0.18102060
v -0.68365290 0.64210390 -0.24807390
v -0.58973150 0.64348820 -0.16135650
v -0.58444130 0.62773980 -0.16265490
v -0.66192740 0.74272810 -0.25493890
v -0.63037480 0.66308620 -0.21626130
v -0.45064250 0.86216900 -0.27632770
v -0.47247970 0.85963940 -0.26409910
v -0.47835040 0.84218710 -0.25497580
v -0.48738490 0.85975560 -0.24944120
v -0.46486980 0.81053000 -0.25855590
v -0.48084030 0.81568740 -0.24475220
v -0.49740380 0.84888370 -0.23824090
v -0.50129320 0.86643330 -0.23974760
v -0.44740480 0.78501940 -0.27435260
v -0.46155550 0.78487340 -0.25645380
v -0.47299040 0.79944420 -0.24797450
v -0.47935370 0.78326850 -0.24467310
v -0.49246110 0.81709070 -0.24000560
v -0.45696430 0.74729010 -0.26101850
v -0.45368420 0.76574030 -0.26484170
v -0.67755760 0.86593630 -0.24270960
v -0.68078330 0.84142920 -0.24310120
v -0.67979690 0.80159330 -0.25225120
v -0.68025640 0.78839970 -0.25337200
v -0.49678790 0.95538900 -0.25971140
v -0.46411930 0.89492210 -0.27016780
v -0.45045350 0.88415610 -0.27863240
v -0.48927840 0.87818430 -0.25448440
v -0.50238730 0.89215920 -0.24593510
v -0.48621960 0.89587200 -0.26025710
v -0.49772350 0.91078840 -0.25439740
v -0.50860820 0.90290560 -0.23431220
v -0.50690790 0.87965800 -0.23839430
v -0.48107860 0.92338320 -0.26333140
v -0.49958780 0.93329720 -0.25487830
v -0.53183600 0.88916700 -0.21885140
v -0.48048650 0.98833800 -0.27083940
v -0.50454200 1.01449800 -0.25781420
v -0.48398930 1.00579400 -0.26970280
v -0.66009820 0.90964880 -0.24489110
v -0.63701830 0.92156900 -0.23377040
v -0.63436740 1.14511400 -0.24770130
v -0.63338750 1.05318000 -0.23769360
v -0.61971620 1.05948700 -0.23178700
v -0.65051230 1.05933400 -0.24864400
v -0.46828290 0.72822460 -0.25197890
v -0.47558970 0.74832170 -0.24815160
v -0.49670510 0.71188030 -0.23029680
v -0.47492000 0.68969950 -0.24877820
v -0.59122390 0.68029680 -0.17431450
v -0.57066620 0.65935440 -0.18390780
v -0.58064190 0.66933900 -0.17340440
v -0.57294230 0.67880450 -0.18164160
v -0.58417810 0.65734910 -0.16793030
v -0.69707350 0.69172820 -0.27227010
v -0.68336840 0.71155450 -0.26911720
v -0.63916490 0.77516350 -0.23656480
v -0.47638920 0.82472710 -0.25095790
v -0.51032720 0.85639220 -0.22934480
v -0.51305960 0.86913450 -0.22914190
v -0.52151440 0.83576650 -0.22476240
v -0.51165130 0.82523250 -0.22862570
v -0.51928780 0.85369890 -0.22413070
v -0.51025640 0.84040430 -0.22858250
v -0.64744250 0.85202610 -0.23759490
v -0.66508880 0.84757390 -0.23839270
v -0.62193360 0.83549220 -0.22953680
v -0.62841720 0.85799170 -0.23117220
v -0.63601450 0.84213190 -0.23369490
v -0.64055480 0.82207900 -0.23502850
v -0.67725730 0.77269830 -0.25698990
v -0.66414910 0.78901260 -0.24567530
v -0.64624190 0.79332620 -0.24043130
v -0.68879400 0.74580900 -0.26969660
v -0.67209160 0.74622500 -0.26433670
v -0.52327310 0.95369150 -0.22869300
v -0.46946780 0.87997210 -0.26884610
v -0.50734270 0.91879610 -0.23908680
v -0.53228180 0.86749190 -0.22152200
v -0.51757830 0.88253760 -0.22420110
v -0.57483350 0.87563900 -0.22235000
v -0.53747840 0.84677550 -0.22209690
v -0.54868830 0.87934380 -0.22099670
v -0.55943120 0.86550950 -0.22163150
v -0.51097800 0.88907790 -0.23009920
v -0.48371320 1.02095600 -0.27212330
v -0.50204860 0.99376280 -0.25845150
v -0.50327920 0.96968990 -0.24989130
v -0.66483080 0.99021910 -0.25053100
v -0.64365200 0.97320910 -0.23902790
v -0.62061590 0.97375150 -0.22886810
v -0.60488570 0.95886440 -0.22512190
v -0.63830170 0.99277180 -0.23656300
v -0.48293590 1.03514600 -0.27585020
v -0.47410020 1.04946100 -0.28777020
v -0.51010510 1.04722900 -0.25371310
v -0.60327320 1.09971000 -0.22600370
v -0.61019220 1.11261800 -0.22861910
v -0.59059940 1.08572600 -0.22558340
v -0.48354900 0.71289410 -0.24026460
v -0.49834960 0.68973120 -0.22976560
v -0.62787830 0.77105470 -0.22698040
v -0.65720080 0.76965430 -0.25362300
v -0.50160970 0.82947380 -0.23558600
v -0.66195550 0.81654990 -0.24372270
v -0.63761360 0.87946660 -0.23424790
v -0.61603140 0.87545860 -0.22707220
v -0.66413410 0.80078500 -0.24534220
v -0.62766700 0.79195530 -0.23007080
v -0.51328260 0.93634020 -0.23428780
v -0.53066340 0.93604580 -0.22465720
v -0.51830450 0.91851570 -0.22559370
v -0.52221720 0.90108410 -0.22234310
v -0.53867420 0.91489430 -0.22130460
v -0.54682490 0.90222310 -0.22045260
v -0.65318000 0.88979490 -0.24187760
v -0.66154990 0.97196180 -0.24816570
v -0.62525040 0.95298420 -0.23006520
v -0.57775380 0.93475800 -0.22276840
v -0.59736000 0.97845040 -0.22404480
v -0.48908600 1.04972700 -0.27141180
v -0.49828460 1.08025900 -0.26231900
v -0.50307650 1.09585500 -0.25735800
v -0.61283050 1.07372700 -0.22968840
v -0.61436150 1.15315900 -0.23673610
v -0.60699470 1.17478400 -0.24722820
v -0.59844990 1.16293000 -0.23493210
v -0.57222180 1.13807900 -0.22617000
v -0.58027990 1.15362600 -0.22917940
v -0.56645470 1.16532100 -0.23634000
v -0.54555410 1.16451300 -0.24179530
v -0.54054290 1.12140400 -0.23335010
v -0.59893790 1.06078800 -0.22666150
v -0.60938130 1.08606200 -0.22878770
v -0.58611170 1.07248700 -0.22554990
v -0.48550540 0.69727010 -0.23884050
v -0.51293800 0.65139150 -0.22122530
v -0.52868510 0.64090060 -0.22007560
v -0.62686300 0.75900570 -0.22224920
v -0.65528770 0.83264830 -0.23747440
v -0.64394680 0.81101180 -0.23709850
v -0.64382970 0.80280010 -0.23785500
v -0.58518840 0.86107480 -0.22290090
v -0.62409710 0.89164970 -0.22941790
v -0.60789220 0.88872720 -0.22548200
v -0.62022050 0.90660240 -0.22835310
v -0.58823260 0.92032060 -0.22314090
v -0.61351270 0.92852320 -0.22714680
v -0.59881800 0.94246670 -0.22412300
v -0.54406080 0.93400340 -0.22250520
v -0.55871500 0.94143110 -0.22224340
v -0.64085620 0.78259130 -0.23828990
v -0.61020330 0.79554710 -0.22312800
v -0.61967030 0.78651200 -0.22563680
v -0.61287330 0.80424200 -0.22497800
v -0.61658180 0.78194370 -0.22284210
v -0.55206630 0.85283980 -0.22167930
v -0.55937840 0.89033980 -0.22166530
v -0.51790890 1.03136600 -0.24606900
v -0.51685900 1.01080200 -0.24135470
v -0.52557020 0.99708160 -0.23230940
v -0.51138110 0.98952310 -0.24308790
v -0.55292540 0.98746670 -0.22324930
v -0.53745720 1.01876800 -0.22841170
v -0.53664030 0.98665370 -0.22606020
v -0.53084670 1.03020900 -0.23584040
v -0.56796700 1.00203600 -0.22383360
v -0.56199820 1.02255600 -0.22501450
v -0.54409250 1.00757000 -0.22522360
v -0.54479250 1.03425000 -0.22985500
v -0.56903580 1.04205900 -0.22569000
v -0.53049520 0.96783080 -0.22687680
v -0.51910210 0.97711340 -0.23460570
v -0.61267220 0.99796730 -0.22725380
v -0.51217380 1.10954500 -0.25909590
v -0.59325080 1.14173000 -0.22569020
v -0.60840210 1.12850100 -0.22876450
v -0.59239820 1.11545700 -0.22288510
v -0.57569850 1.05608000 -0.22506930
v -0.51250650 0.67438040 -0.22169860
v -0.50701100 0.64092060 -0.22305660
v -0.50066590 0.65449940 -0.22768550
v -0.54187520 0.65695440 -0.21609140
v -0.52424930 0.66168110 -0.21841500
v -0.67145290 0.75737110 -0.26469900
v -0.53567700 0.80948370 -0.21943440
v -0.52817210 0.82157870 -0.22331840
v -0.51698340 0.81407400 -0.22646640
v -0.50319210 0.81192470 -0.23460790
v -0.62358930 0.81950800 -0.22974870
v -0.60354330 0.83023780 -0.22402580
v -0.55945250 0.91988310 -0.22143640
v -0.58114930 0.95764730 -0.22306090
v -0.51294750 0.96306620 -0.23817310
v -0.58256090 0.89078860 -0.22269250
v -0.57174840 0.98141600 -0.22324170
v -0.54984790 1.04813600 -0.22886010
v -0.53042220 1.04515700 -0.23849400
v -0.53534810 1.06236100 -0.23733940
v -0.51815150 1.06364800 -0.24861280
v -0.53445210 1.08911600 -0.23761940
v -0.52024440 1.07982800 -0.24867950
v -0.53817780 1.07525800 -0.23635620
v -0.53966240 0.95362280 -0.22377910
v -0.49409900 1.12739200 -0.26670040
v -0.52679530 1.11625500 -0.24340670
v -0.55443120 1.09575200 -0.22857580
v -0.57354020 1.11236900 -0.22444860
v -0.57914720 1.09719500 -0.22322420
v -0.55614950 1.11727700 -0.22684360
v -0.55200970 1.08589200 -0.22994200
v -0.57119620 1.08249000 -0.22603560
v -0.53859190 1.10366300 -0.23367780
v -0.51466910 0.69913190 -0.22210370
v -0.51621220 0.71469490 -0.22223700
v -0.52261060 0.68649010 -0.21795750
v -0.57061610 0.90585660 -0.22205080
v -0.60942770 1.03152300 -0.22801590
v -0.60071920 1.01549900 -0.22567820
v -0.58469200 1.03131600 -0.22482370
v -0.59891220 1.04714300 -0.22637280
v -0.62535070 1.03960100 -0.23270650
v -0.58301760 1.01366900 -0.22410180
v -0.52485670 1.09774200 -0.24903370
v -0.49664730 1.11381200 -0.26281960
v -0.50693510 1.13804100 -0.26595090
v -0.50921820 1.15575900 -0.26574720
v -0.52442910 1.16348600 -0.25221460
v -0.52090470 1.14385800 -0.25364720
v -0.53119710 1.13566500 -0.24038280
v -0.51871290 1.17813100 -0.26006520
v -0.55140770 0.73879600 -0.21466010
v -0.55794710 0.68332280 -0.21053280
v -0.55343980 0.96714450 -0.22261390
v -0.53227350 0.72568010 -0.21978220
v -0.53900800 0.67821790 -0.21577900
v -0.56628510 0.72585520 -0.19602620
v -0.58697180 0.72402200 -0.19536860
v -0.60956390 0.74032250 -0.20459340
v -0.59829060 0.75611270 -0.21135730
v -0.61031500 0.75085330 -0.22116460
v -0.48551830 1.31966000 -0.29773120
v -0.49516600 1.32310500 -0.31071110
v -0.46651290 0.76599950 -0.25236190
v -0.48918170 0.79980200 -0.23955150
v -0.63514540 0.93772760 -0.23305120
v -0.50312220 0.72523410 -0.22750460
v -0.48516260 0.72773820 -0.23905470
v -0.63031560 0.79960670 -0.23132290
v -0.57215680 0.85078820 -0.22209410
v -0.59228090 0.84748060 -0.22332290
v -0.58272270 0.83791060 -0.22232340
v -0.57839980 0.82708120 -0.22135460
v -0.59873590 0.81911560 -0.22315170
v -0.60362960 0.81298880 -0.22408570
v -0.60551350 0.85977410 -0.22498160
v -0.61098000 0.84533170 -0.22637270
v -0.57466460 0.81552610 -0.22418940
v -0.59111830 0.81256010 -0.22175790
v -0.54874930 0.81176610 -0.21986170
v -0.56082500 0.83743830 -0.22164830
v -0.59669240 0.87335120 -0.22376640
v -0.56135800 0.82312350 -0.22139940
v -0.64423950 1.02642900 -0.24128190
v -0.62772070 1.01662000 -0.23264700
v -0.56195150 0.70711610 -0.20537750
v -0.54728050 0.69849250 -0.21577290
v -0.55966530 0.72801590 -0.20775590
v -0.55534210 0.78299220 -0.21778240
v -0.53364260 0.74744930 -0.22007340
v -0.54238720 0.76822750 -0.21952640
v -0.53168340 0.75880250 -0.22072110
v -0.55163880 0.75253430 -0.21619970
v -0.59070180 0.76952090 -0.20565470
v -0.58887170 0.75298070 -0.19817960
v -0.57632820 0.77956600 -0.21400070
v -0.59556790 0.78318250 -0.21390760
v -0.56038030 0.76475250 -0.21443200
v -0.57555490 0.76189730 -0.20583640
v -0.57914260 0.73975200 -0.20028040
v -0.60839080 0.77079990 -0.21506620
v -0.56861560 0.79454860 -0.21724030
v -0.58480980 0.79046500 -0.21805050
v -0.60252330 0.79062080 -0.21879170
v -0.57627910 0.80476820 -0.21828820
v -0.59526690 0.80199310 -0.22145690
v -0.56583570 0.81059060 -0.21740310
v -0.55710380 0.80031180 -0.21758250
v -0.54600640 0.80186830 -0.22033350
v -0.56279850 0.74530450 -0.20377810
v -0.53189250 0.79544010 -0.21868770
v -0.54272120 0.78569850 -0.22024440
v -0.50379530 0.75626090 -0.22818390
v -0.50218770 0.77010710 -0.23193830
v -0.49196860 0.75808370 -0.23771350
v -0.48531540 0.76709410 -0.24342260
v -0.51531740 0.77017830 -0.22272340
v -0.51673540 0.75556690 -0.22304830
v -0.50914440 0.78213200 -0.22888510
v -0.50732550 0.79720640 -0.23251650
v -0.53006670 0.77761030 -0.22000520
v -0.51654150 0.80324460 -0.22479080
v -0.51910820 0.78851670 -0.22114480
v -0.51859500 0.73543400 -0.22320830
v -0.50794490 0.74264330 -0.22670290
v -0.49282700 0.74338480 -0.23493000
v -0.51758850 0.53858310 -0.21877690
v -0.50570850 0.53703490 -0.22154490
v -0.49900880 0.53401650 -0.23401000
v -0.49565920 0.53181810 -0.24827570
v -0.49498280 0.52984610 -0.26233570
v -0.49382220 0.52523300 -0.27618930
v -0.49423870 0.51838980 -0.28996170
v -0.49706840 0.50874840 -0.30126110
v -0.50136540 0.49910120 -0.31376900
v -0.50645080 0.49078210 -0.32645340
v -0.51233380 0.48438930 -0.33952660
v -0.51990530 0.47935010 -0.35424060
v -0.52766130 0.47441180 -0.36536250
v -0.53580740 0.47101380 -0.37711620
v -0.54491530 0.46897640 -0.39056250
v -0.55481400 0.47019040 -0.40578740
v -0.56359220 0.47497870 -0.42539780
v -0.57183360 0.48232340 -0.44839380
v -0.58526750 0.48931460 -0.47377230
v -0.60560310 0.49537380 -0.49509470
v -0.59266500 0.52352010 -0.48443750
v -0.58431880 0.55285740 -0.47639330
v -0.58221300 0.60479000 -0.48140300
v -0.58201550 0.62780390 -0.48322150
v -0.58234670 0.66753270 -0.48723740
v -0.57838140 0.68997790 -0.48545900
v -0.57590200 0.71310160 -0.48556530
v -0.57404140 0.73593600 -0.48595180
v -0.57010690 0.75921230 -0.48529930
v -0.56652230 0.80777270 -0.48520800
v -0.56201950 0.85691730 -0.48084100
v -0.55348170 0.90688470 -0.48096870
v -0.55549150 0.92993070 -0.48228290
v -0.56003230 0.94663310 -0.48332730
v -0.55886480 0.96479950 -0.48390680
v -0.55337140 0.98289250 -0.48495800
v -0.56323350 1.04007500 -0.48738970
v -0.55673920 1.06204000 -0.48291900
v -0.55432000 1.08038400 -0.48128560
v -0.54616610 1.14456700 -0.48252670
v -0.54627040 1.16416600 -0.48473740
v -0.54875920 1.20490500 -0.48276740
v -0.54746640 1.25665000 -0.47745170
v -0.54488980 1.28009000 -0.47171070
v -0.52953670 1.28999800 -0.46187960
v -0.51428130 1.29953300 -0.45176700
v -0.49982260 1.31224700 -0.44136030
v -0.48613840 1.32830100 -0.42613400
v -0.47638320 1.34824300 -0.40218960
v -0.43534430 1.32559400 -0.35443040
v -0.42886090 1.30779900 -0.36834600
v -0.42604390 1.28701800 -0.37954620
v -0.42716140 1.26407400 -0.38752040
v -0.42814790 1.24201300 -0.39035080
v -0.42999070 1.21977500 -0.39051570
v -0.43009360 1.19747200 -0.38536300
v -0.42840290 1.17405500 -0.37825100
v -0.42113080 1.15447500 -0.36785060
v -0.41412610 1.13810700 -0.35001030
v -0.42397410 1.12967200 -0.33319200
v -0.45663510 1.09540300 -0.40592030
v -0.47985060 1.24116300 -0.44210630
v -0.42928990 1.12641800 -0.34315100
v -0.44267390 1.15522900 -0.39320640
v -0.44791590 1.24269800 -0.41846320
v -0.45257370 1.33324300 -0.38011390
v -0.44511410 1.31279400 -0.38923300
v -0.47308550 1.31540600 -0.42029160
v -0.43720200 1.18660400 -0.40196520
v -0.43804400 1.23052100 -0.40790970
v -0.45879330 1.34669300 -0.36720710
v -0.44728490 1.33692600 -0.36100710
v -0.46508870 1.34257600 -0.39039020
v -0.43498510 1.30058700 -0.38240120
v -0.43673200 1.27623300 -0.39512960
v -0.47231240 1.33286000 -0.40900650
v -0.41765240 1.14211800 -0.36212800
v -0.43703080 1.20627800 -0.40663920
v -0.44062700 1.32117400 -0.37248180
v -0.46837130 1.35433900 -0.37774560
v -0.44681160 1.29394500 -0.40071290
v -0.43836150 1.25361200 -0.40403340
v -0.45747610 1.26255900 -0.42301740
v -0.44701050 1.26913700 -0.41062360
v -0.43234720 1.13294100 -0.37295840
v -0.44289450 1.16962400 -0.40938280
v -0.45756170 1.29106900 -0.41591370
v -0.46389330 1.24125300 -0.43113180
v -0.45249360 1.22042400 -0.42610940
v -0.48083400 1.14351300 -0.44307010
v -0.48392020 1.27701600 -0.43941480
v -0.45709900 1.14175600 -0.42558560
v -0.46154490 1.20518700 -0.43359100
v -0.45492060 1.16855400 -0.42719130
v -0.44567520 1.19996800 -0.41898070
v -0.44736580 1.15481000 -0.41414940
v -0.48438610 1.30376700 -0.43370640
v -0.48292200 1.18308500 -0.44559300
v -0.50224600 1.28524300 -0.44861990
v -0.47555890 1.22397600 -0.44114410
v -0.46412170 1.18634800 -0.43538530
v -0.48095850 1.20230700 -0.44535010
v -0.49553040 1.19328200 -0.45381270
v -0.51409430 0.55004970 -0.21916180
v -0.49971320 0.55014370 -0.22604720
v -0.46503320 0.59932490 -0.34378040
v -0.46998660 0.77543220 -0.41896240
v -0.55698410 0.52618950 -0.42601830
v -0.58085280 0.51178200 -0.46971450
v -0.59971030 0.50556320 -0.48376320
v -0.57596020 0.49643370 -0.46200980
v -0.46048680 1.12330500 -0.31209390
v -0.53000930 1.27125000 -0.46515660
v -0.45788860 1.31979100 -0.40174690
v -0.41873840 1.12521500 -0.36262470
v -0.42368460 1.10959600 -0.34876260
v -0.44825750 1.13930000 -0.40821800
v -0.44106360 1.11833300 -0.37855660
v -0.44520070 1.13560700 -0.39088340
v -0.42859390 1.10671400 -0.36804220
v -0.44677040 1.09693800 -0.38098460
v -0.43051500 1.08922000 -0.35390120
v -0.43109150 1.09154400 -0.33588180
v -0.43629380 1.08777500 -0.36997020
v -0.43904640 1.07503900 -0.36433350
v -0.51297610 1.17979800 -0.46370390
v -0.49845040 1.17388900 -0.45453140
v -0.52797910 1.19575800 -0.47465720
v -0.49218240 1.15967200 -0.44904780
v -0.50261320 1.14271200 -0.45420590
v -0.51404640 1.15927700 -0.46296130
v -0.47144530 1.16379100 -0.43898530
v -0.46601530 1.12742100 -0.43136590
v -0.53004420 1.15029800 -0.47395240
v -0.51647260 1.14153400 -0.46350640
v -0.52827010 1.13372700 -0.47102020
v -0.50328550 1.26772300 -0.45159670
v -0.47452710 1.26072400 -0.43622020
v -0.49618330 1.23552100 -0.45187220
v -0.49504960 0.54716780 -0.23627820
v -0.47006970 0.59012310 -0.28435940
v -0.48907490 0.56481610 -0.24338910
v -0.44950310 0.66091470 -0.31553890
v -0.51403490 0.77237540 -0.47838180
v -0.44960960 0.85355200 -0.37891830
v -0.44082490 0.77200050 -0.36797400
v -0.50837180 0.91275460 -0.45996610
v -0.45139200 0.95967430 -0.35010990
v -0.57245830 0.54034480 -0.46018850
v -0.57978460 0.52382180 -0.46325120
v -0.45087000 1.08956600 -0.30911770
v -0.44310740 1.05559500 -0.33655600
v -0.44325580 1.06260800 -0.36124310
v -0.44887520 1.10568900 -0.31638810
v -0.44174190 1.07650100 -0.32547210
v -0.44092840 1.09539900 -0.32218690
v -0.53508090 1.23482100 -0.47607340
v -0.45094520 1.10708400 -0.39479950
v -0.44967010 1.12137400 -0.39679480
v -0.45169970 1.08360800 -0.38562370
v -0.54473600 1.18742500 -0.48335640
v -0.52876320 1.17231500 -0.47492520
v -0.53342880 1.21382200 -0.47700290
v -0.49644540 1.21456100 -0.45348880
v -0.51831800 1.21820700 -0.46483010
v -0.51266090 1.25263100 -0.45852120
v -0.50976060 1.10545100 -0.45650110
v -0.50966210 1.12466500 -0.45763940
v -0.48854010 1.12774200 -0.44587960
v -0.47336040 1.11365100 -0.43480130
v -0.52833080 1.11669800 -0.46963270
v -0.49256000 0.57786070 -0.23206450
v -0.49905610 0.56271940 -0.22535300
v -0.48807730 0.59539680 -0.23820150
v -0.48036530 0.54816750 -0.28760850
v -0.48650580 0.55547360 -0.25628560
v -0.48628370 0.54712920 -0.26989860
v -0.49254010 0.54210690 -0.25186840
v -0.48676050 0.53742400 -0.27796290
v -0.47786240 0.60456000 -0.25630610
v -0.48355580 0.52575990 -0.30688420
v -0.54426730 0.77653190 -0.47397650
v -0.51483020 0.83352640 -0.47979890
v -0.51796380 0.67044410 -0.46552960
v -0.45113620 0.85872330 -0.33287120
v -0.44820970 0.78897500 -0.32198760
v -0.57049490 0.61327130 -0.47235760
v -0.50993390 0.49205970 -0.35805340
v -0.54434930 0.48285530 -0.40475400
v -0.55918830 0.48379990 -0.41366010
v -0.57521550 0.55672250 -0.46203520
v -0.58857170 0.54009080 -0.47931930
v -0.56932200 0.48818050 -0.43564730
v -0.45751600 1.04727100 -0.31041180
v -0.53415110 0.99171190 -0.47820360
v -0.45644760 1.07374700 -0.30651650
v -0.46171860 1.05958500 -0.30430950
v -0.45004770 1.06101400 -0.31954410
v -0.44932130 1.04663700 -0.36225870
v -0.47063240 1.04259000 -0.41404000
v -0.45858100 1.03631800 -0.38451970
v -0.47329640 1.06361000 -0.42209760
v -0.46856350 1.08548900 -0.42230100
v -0.45122960 1.03759500 -0.34654410
v -0.45429650 1.11548900 -0.32074340
v -0.43614450 1.07413300 -0.34377430
v -0.45597130 1.11708600 -0.41615070
v -0.52779790 1.08589400 -0.46689740
v -0.54393500 1.10952900 -0.47785070
v -0.54432560 1.12618100 -0.47961780
v -0.47531350 0.56848210 -0.29304730
v -0.48135800 0.57186860 -0.26061860
v -0.48496580 0.58454980 -0.24676260
v -0.46684220 0.61377270 -0.27661970
v -0.44975490 0.69798150 -0.28384470
v -0.44454240 0.72729840 -0.31024890
v -0.48998250 0.51091180 -0.31638140
v -0.47628580 0.54417040 -0.30245120
v -0.54683430 0.72470260 -0.47101020
v -0.53571120 0.81058210 -0.48237220
v -0.53540200 0.85691660 -0.48486270
v -0.44141110 0.84762560 -0.31306400
v -0.53690850 0.91882230 -0.48471640
v -0.53944750 0.94474480 -0.48414770
v -0.45554680 0.96502730 -0.30042070
v -0.45911330 0.98226620 -0.30216290
v -0.44713670 0.91757270 -0.29995870
v -0.58258440 0.56729270 -0.47620430
v -0.58155170 0.58245160 -0.47663980
v -0.51669890 0.49505220 -0.37202570
v -0.49989000 0.49814440 -0.34493180
v -0.52829530 0.48347750 -0.38096800
v -0.56796620 0.49636640 -0.42674510
v -0.56870050 0.50583200 -0.44711730
v -0.56590300 0.52217280 -0.44403450
v -0.56254710 0.51131100 -0.42482040
v -0.56733480 0.54418190 -0.44407470
v -0.57311790 0.56179740 -0.45948630
v -0.55525350 0.54297570 -0.43135320
v -0.55364180 1.00072800 -0.48490090
v -0.53895390 0.97045370 -0.48254160
v -0.54997150 1.02385100 -0.48282640
v -0.54240870 1.04532400 -0.47596650
v -0.53535710 1.00872500 -0.47691760
v -0.46066850 1.07572700 -0.40481780
v -0.46173900 1.05517400 -0.40015800
v -0.48162220 1.04466500 -0.42993590
v -0.50391990 1.07775000 -0.45098380
v -0.51092500 1.09167300 -0.45644580
v -0.50869040 1.05394100 -0.45362690
v -0.46526700 1.10281000 -0.42431940
v -0.45784010 0.99216990 -0.36860460
v -0.54725860 1.09376300 -0.47843560
v -0.52780790 1.10000800 -0.46794120
v -0.48395960 0.62940300 -0.24293930
v -0.46645380 0.63937150 -0.26887260
v -0.47957910 0.56073430 -0.27746200
v -0.47486990 0.55963270 -0.29917510
v -0.47548340 0.57590760 -0.27715980
v -0.47529370 0.59082770 -0.26710260
v -0.44246390 0.73828350 -0.29353630
v -0.48646020 0.53223190 -0.29113010
v -0.48511340 0.54163780 -0.34290830
v -0.54618090 0.79667530 -0.47471510
v -0.54644200 0.82306270 -0.47614620
v -0.55251940 0.80855760 -0.47747650
v -0.54650870 0.87148980 -0.47960290
v -0.54557610 0.84777810 -0.47809200
v -0.55152970 0.88770200 -0.47994520
v -0.53547680 0.88000560 -0.48540180
v -0.44067570 0.85216130 -0.29358500
v -0.44054900 0.83054100 -0.30396120
v -0.44020220 0.87079270 -0.29798260
v -0.44095230 0.79320570 -0.29816030
v -0.44108780 0.77209660 -0.29581910
v -0.45362010 0.94849410 -0.29700450
v -0.45176830 0.93317510 -0.29272330
v -0.44745620 0.93443050 -0.31554160
v -0.44378830 0.91350590 -0.32519560
v -0.44667920 0.92939030 -0.33533060
v -0.45148650 0.98281050 -0.34783590
v -0.45974170 0.96784110 -0.36762800
v -0.45330270 1.00730200 -0.35231190
v -0.45603960 1.00847000 -0.32697870
v -0.45838560 1.01683600 -0.37711220
v -0.45301150 0.97470820 -0.32740120
v -0.45832140 0.99367740 -0.32594680
v -0.45689260 1.02381900 -0.30888440
v -0.57013190 0.58167050 -0.45843920
v -0.56292910 0.55848890 -0.44265400
v -0.57404600 0.65212440 -0.48047210
v -0.56870310 0.63767490 -0.47371940
v -0.52033890 0.48361700 -0.36590530
v -0.49428110 0.50077570 -0.32751270
v -0.48930810 0.51302300 -0.33772370
v -0.53256290 0.55608970 -0.43144900
v -0.53689200 0.52042130 -0.41228200
v -0.54485830 0.50688250 -0.41786460
v -0.45589700 1.02466400 -0.33987480
v -0.45040210 1.03751000 -0.32428220
v -0.52346850 0.95287400 -0.47566680
v -0.52086600 1.00051800 -0.46782450
v -0.45526800 1.05163700 -0.38240630
v -0.48546870 1.07742900 -0.43755970
v -0.49059690 1.06188900 -0.43990660
v -0.49333630 1.09317000 -0.44505590
v -0.49039070 1.11142700 -0.44521930
v -0.47790240 1.09535100 -0.43464500
v -0.51120740 1.02996200 -0.45643930
v -0.52478540 1.05126500 -0.46487410
v -0.49455100 1.03884100 -0.44256900
v -0.50939040 1.00881500 -0.45602300
v -0.49412930 1.02060800 -0.44269290
v -0.48271020 0.60911720 -0.24560510
v -0.47296720 0.62557550 -0.26065920
v -0.46495500 0.65604290 -0.26787360
v -0.47585380 0.64428090 -0.25357120
v -0.47403910 0.55553930 -0.31252220
v -0.47319890 0.56500120 -0.32158710
v -0.47132440 0.57039170 -0.30985860
v -0.45485790 0.68553290 -0.27679630
v -0.45722620 0.66427090 -0.27915870
v -0.56383250 0.72335500 -0.47871680
v -0.56002330 0.70243250 -0.47485680
v -0.56802590 0.67453800 -0.47928580
v -0.53302880 0.83638890 -0.48470170
v -0.52008830 0.81826940 -0.48231520
v -0.50746030 0.80582900 -0.47404600
v -0.53261520 0.79262520 -0.48182750
v -0.52169380 0.79451090 -0.48208960
v -0.56087570 0.78487590 -0.48205530
v -0.51482460 0.85875290 -0.47697160
v -0.52183620 0.84807040 -0.48332670
v -0.45103630 0.81983730 -0.33946250
v -0.45197200 0.83966870 -0.33551200
v -0.44797760 0.82261490 -0.31899260
v -0.45448360 0.84303320 -0.35621990
v -0.45105030 0.87876070 -0.33570980
v -0.44230320 0.89180650 -0.32325810
v -0.45729440 0.86816590 -0.35831750
v -0.44034140 0.87014780 -0.31541990
v -0.45217490 0.87597510 -0.37832450
v -0.44830080 0.89498930 -0.33856340
v -0.44581940 0.75299790 -0.31075620
v -0.44607390 0.77361300 -0.31138450
v -0.44177470 0.75510510 -0.29240750
v -0.45444430 0.92634140 -0.35479630
v -0.45677860 1.02865300 -0.36238180
v -0.46430630 1.02050300 -0.39586510
v -0.55741530 0.62373560 -0.46722990
v -0.48613380 0.52673430 -0.32672350
v -0.55513560 0.49459010 -0.41271390
v -0.52468830 0.49788840 -0.39008090
v -0.51010950 0.51095520 -0.37783610
v -0.50036920 0.51654550 -0.35682710
v -0.49112570 0.53707170 -0.35878480
v -0.48028900 0.56066460 -0.34721840
v -0.47838080 0.55227160 -0.32694950
v -0.47699120 0.56662650 -0.33582210
v -0.47409240 0.57754730 -0.35461360
v -0.47181990 0.58272370 -0.34246630
v -0.54207110 0.54499400 -0.43435060
v -0.51461330 0.53610840 -0.40277040
v -0.52627550 0.52054230 -0.40084510
v -0.51683680 0.55935110 -0.41746880
v -0.52809690 0.53536830 -0.41761210
v -0.51800870 0.51912520 -0.39167960
v -0.50630240 0.55645970 -0.40278900
v -0.53456420 0.50468230 -0.40515490
v -0.52131940 0.97453280 -0.47143160
v -0.52707700 1.02414300 -0.46959720
v -0.47129340 0.98605620 -0.42028890
v -0.46971770 0.58168370 -0.29604070
v -0.44696010 0.67678350 -0.31138820
v -0.44402950 0.69957910 -0.30803940
v -0.44494580 0.71652450 -0.28980910
v -0.55331220 0.76411760 -0.47653140
v -0.55576280 0.74179520 -0.47580590
v -0.53926350 0.70666970 -0.46874180
v -0.55388860 0.67808670 -0.46963730
v -0.56391240 0.66129860 -0.47295900
v -0.53397200 0.89823210 -0.48497320
v -0.51755410 0.91115070 -0.47538630
v -0.52287870 0.93181150 -0.47732510
v -0.52562270 0.86930100 -0.48405470
v -0.51091740 0.87822050 -0.47121030
v -0.44794960 0.80502310 -0.31973090
v -0.44147990 0.88819870 -0.30084040
v -0.44337090 0.90247580 -0.30563590
v -0.45370170 0.89543840 -0.38799330
v -0.45217520 0.90824570 -0.34833720
v -0.46090450 0.90987020 -0.36530480
v -0.45025260 0.94211650 -0.34762790
v -0.46421180 1.03787800 -0.39987540
v -0.47950610 1.02865400 -0.42805080
v -0.48287510 1.00172600 -0.43336030
v -0.47120860 1.02245900 -0.41477330
v -0.47671240 1.01007200 -0.42615860
v -0.55421480 0.65344030 -0.46847350
v -0.54627330 0.63418450 -0.46597000
v -0.56102620 0.60277060 -0.46390690
v -0.52731180 0.59409610 -0.44371300
v -0.52218990 0.57892990 -0.43096060
v -0.54060550 0.57069380 -0.44387090
v -0.54069610 0.59120450 -0.45195260
v -0.53515200 0.61212930 -0.45644080
v -0.51703610 0.62012810 -0.45027830
v -0.46855570 0.62032100 -0.41487810
v -0.50991190 0.60006900 -0.43278840
v -0.49693930 0.61725760 -0.43996280
v -0.49118690 0.52586850 -0.34664190
v -0.46698800 0.59440750 -0.36236050
v -0.46686470 0.58893330 -0.31146830
v -0.54108620 0.52625260 -0.42516950
v -0.47955710 0.56677980 -0.36619340
v -0.47345870 0.58448230 -0.37595750
v -0.50582520 0.53160270 -0.38878600
v -0.46014980 0.61998090 -0.29468620
v -0.44807220 0.67909530 -0.29558280
v -0.44468160 0.69100890 -0.37520560
v -0.43961590 0.72276210 -0.35288300
v -0.54114460 0.67893820 -0.46890540
v -0.52497870 0.69316430 -0.47269400
v -0.53541450 0.66301300 -0.46918240
v -0.51947050 0.88939900 -0.47903250
v -0.46147060 0.92876160 -0.36830960
v -0.54933270 0.60879350 -0.46065080
v -0.52862610 0.64109180 -0.46187860
v -0.50643380 0.58251980 -0.41767380
v -0.45226980 0.63702880 -0.34801290
v -0.45799100 0.61622490 -0.36039880
v -0.45728490 0.63359110 -0.39569980
v -0.46521200 0.61498910 -0.39933220
v -0.45562920 0.62994600 -0.37996450
v -0.47563100 0.59996900 -0.40697390
v -0.46648430 0.59751330 -0.32609720
v -0.49849920 0.53051310 -0.37225550
v -0.49737760 0.55342620 -0.38769780
v -0.48509400 0.56865720 -0.38959380
v -0.48871650 0.55042730 -0.37523060
v -0.48468960 0.55244430 -0.36112870
v -0.49556980 0.99638270 -0.44402010
v -0.48274160 0.98072750 -0.43444960
v -0.46727360 0.60319900 -0.28304530
v -0.46427110 0.60276590 -0.29674860
v -0.45624070 0.63614270 -0.29617680
v -0.44630750 0.67970060 -0.33590960
v -0.44269490 0.69586810 -0.32795270
v -0.53091260 0.77311120 -0.48085860
v -0.53273440 0.73285120 -0.47463110
v -0.49292760 0.71987650 -0.44845570
v -0.45637460 0.91510190 -0.38811080
v -0.45933980 0.93653030 -0.39411300
v -0.45780860 0.90429730 -0.40720980
v -0.47380350 0.96829020 -0.42578630
v -0.46594750 0.93865680 -0.41824570
v -0.48016920 0.94898870 -0.43387220
v -0.48797920 0.93121870 -0.43733380
v -0.46227360 0.95844710 -0.39169370
v -0.46445490 0.97327870 -0.40695050
v -0.48730190 0.96345750 -0.43884370
v -0.46565490 0.99746120 -0.40462600
v -0.49801210 0.94977640 -0.44570650
v -0.46266120 1.00124500 -0.38629650
v -0.46128220 0.94587940 -0.36928710
v -0.49068310 0.59586430 -0.41958660
v -0.47790400 0.61615100 -0.42811160
v -0.47163660 0.64222810 -0.42743020
v -0.48549650 0.64256350 -0.44227140
v -0.49675320 0.69943250 -0.46001720
v -0.45847080 0.61594290 -0.33681840
v -0.48216280 0.58338710 -0.40113140
v -0.47360910 0.59300060 -0.39124760
v -0.51317520 0.95499050 -0.46393190
v -0.51313490 0.93339680 -0.46639320
v -0.50543270 0.93547160 -0.45259840
v -0.49790500 0.97477870 -0.44610820
v -0.46213930 0.63044840 -0.27968620
v -0.45664350 0.62365690 -0.31474030
v -0.45217090 0.65709030 -0.29707760
v -0.45265280 0.64185840 -0.31178240
v -0.45883360 0.64488370 -0.28249570
v -0.44994550 0.65344500 -0.33024880
v -0.44078830 0.70748810 -0.34200400
v -0.44288180 0.69430050 -0.35934790
v -0.44653110 0.71650000 -0.37456230
v -0.45120230 0.64670130 -0.36536290
v -0.44978880 0.67852270 -0.38587490
v -0.44401620 0.71322160 -0.32577210
v -0.52272510 0.74814520 -0.47960740
v -0.46108530 0.92061610 -0.41185480
v -0.46102950 0.63935260 -0.41231090
v -0.45212530 0.65751530 -0.39996870
v -0.46162980 0.66689740 -0.42005900
v -0.46688800 0.72882010 -0.41726700
v -0.46539150 0.69849160 -0.41670980
v -0.45490330 0.63410390 -0.32899130
v -0.44037200 0.73931290 -0.37102210
v -0.44904500 0.66685440 -0.35303180
v -0.44577050 0.73376110 -0.33231810
v -0.52089450 0.71859880 -0.47611270
v -0.50658550 0.70528340 -0.46709020
v -0.50319850 0.67119580 -0.46042430
v -0.49104480 0.66802280 -0.45211470
v -0.51201410 0.65081710 -0.45870880
v -0.50125390 0.64428910 -0.45136150
v -0.47602840 0.66529210 -0.43624810
v -0.44682730 0.70429340 -0.39473400
v -0.45046060 0.68610530 -0.40531890
v -0.47268340 0.68641120 -0.42903660
v -0.44578550 0.75700060 -0.34366140
v -0.50547530 0.75497330 -0.47004250
v -0.49733210 0.78957670 -0.44680240
v -0.49813620 0.76810680 -0.45814330
v -0.45123980 0.71470080 -0.40877450
v -0.44130990 0.76007380 -0.38107930
v -0.48702250 0.69103680 -0.44212410
v -0.48016210 0.71151930 -0.42896790
v -0.47435970 0.74863350 -0.42185030
v -0.48800340 0.77010540 -0.43327150
v -0.45291570 0.74363890 -0.41145720
v -0.45881080 0.83494740 -0.41740610
v -0.48103380 0.79804970 -0.42579240
v -0.44956680 0.84526220 -0.40072280
v -0.45058690 0.86169540 -0.39806120
v -0.50240560 0.82548850 -0.46489410
v -0.45012760 0.73411000 -0.39288330
v -0.45582940 0.79548170 -0.41396540
v -0.46336990 0.81560120 -0.42061680
v -0.44967180 0.81519010 -0.40401380
v -0.44692380 0.83236430 -0.39437870
v -0.44741780 0.83301590 -0.37577530
v -0.44382490 0.81372370 -0.38281300
v -0.48889780 0.84879350 -0.43306260
v -0.50154370 0.84319180 -0.44860610
v -0.45896760 0.85769830 -0.41659650
v -0.47351860 0.85452900 -0.42803020
v -0.45373300 0.87582680 -0.40515450
v -0.49594360 0.88375630 -0.43975150
v -0.45983380 0.88988290 -0.41537120
v -0.48799120 0.86981680 -0.43378120
v -0.48795210 0.91059940 -0.43661830
v -0.47865550 0.88706730 -0.43219740
v -0.46925740 0.87361900 -0.42632290
v -0.48743680 0.89625230 -0.43573560
v -0.47007520 0.90613820 -0.42660570
v -0.44717770 0.76164990 -0.40037690
v -0.45641510 0.76185580 -0.41386710
v -0.45217340 0.77803100 -0.40989770
v -0.44990590 0.81546460 -0.36113880
v -0.45013480 0.80047000 -0.34418740
v -0.44334980 0.79379750 -0.36536640
v -0.44381560 0.78835500 -0.39120190
v -0.47920260 0.82249500 -0.42619320
v -0.49932850 0.82945550 -0.44577280
v -0.50104330 0.89806020 -0.44584740
v -0.50528200 0.88144000 -0.45489050
v -0.50054570 0.86481490 -0.44512100
v -0.50414210 0.86249900 -0.46118480
v -0.50962360 0.89597530 -0.46594580
v -0.50480850 0.84485040 -0.46691040
v -0.53925610 1.07500700 -0.47298280
v -0.52072890 1.07171100 -0.46193380
v -0.45935780 0.89011260 -0.35824350
v -0.46336980 0.98021930 -0.38795570
v -0.44807410 0.77779610 -0.33164930
v -0.44762390 0.77806850 -0.34771600
v -0.76323060 0.55407560 -0.51422870
v -0.75380240 0.55045630 -0.52699090
v -0.74325590 0.54895240 -0.53943120
v -0.73677230 0.54838580 -0.55254100
v -0.73380250 0.54713660 -0.56669100
v -0.73021440 0.54532540 -0.58097050
v -0.72227780 0.54379440 -0.59131520
v -0.70759150 0.54144220 -0.59061500
v -0.70286130 0.53831270 -0.57639700
v -0.70574160 0.53251150 -0.56458570
v -0.70564470 0.53125790 -0.54632990
v -0.70022520 0.53085570 -0.52814080
v -0.68402400 0.52938070 -0.51690530
v -0.66644310 0.52480590 -0.52314140
v -0.65025090 0.51819850 -0.52781170
v -0.63520530 0.51251690 -0.53050410
v -0.61952660 0.50600950 -0.52933500
v -0.60882360 0.50250170 -0.51273060
v -0.62443630 0.50470030 -0.50201450
v -0.56036140 1.29131800 -0.47684930
v -0.57494000 1.30426300 -0.48049640
v -0.58978560 1.31842500 -0.48315620
v -0.60583320 1.33503600 -0.48363530
v -0.62479220 1.35755200 -0.47596120
v -0.68189790 1.34421200 -0.49225890
v -0.68058760 1.32783900 -0.50716310
v -0.67709860 1.31049100 -0.51825830
v -0.67440720 1.29275900 -0.52861870
v -0.67506250 1.27148100 -0.53247010
v -0.67871240 1.25025600 -0.53341690
v -0.68630470 1.22818600 -0.53022410
v -0.70038260 1.20753100 -0.52713200
v -0.71763150 1.18981300 -0.52274370
v -0.73468590 1.17783200 -0.50914640
v -0.65475190 1.34318000 -0.49454530
v -0.67315100 1.11965200 -0.51295420
v -0.64534300 1.26805400 -0.52751530
v -0.65559580 1.35709500 -0.47950920
v -0.58665950 1.29946000 -0.48899810
v -0.68819740 1.18253800 -0.52618530
v -0.66089530 1.26141100 -0.53115570
v -0.66955780 1.33828000 -0.49762900
v -0.66160100 1.30395200 -0.51922910
v -0.61955460 1.33553200 -0.48908580
v -0.75862740 1.15854100 -0.46281690
v -0.66892460 1.21715100 -0.53098760
v -0.67215230 1.35218800 -0.48393960
v -0.64368050 1.36691300 -0.46959900
v -0.72438670 1.17922300 -0.51743370
v -0.59058650 1.28734000 -0.49613630
v -0.57010350 1.28259400 -0.48515320
v -0.68442030 1.20638900 -0.52930520
v -0.66568640 1.23865100 -0.53272480
v -0.70339680 1.19297700 -0.52549830
v -0.62040500 0.51463610 -0.50388980
v -0.61578630 0.52547220 -0.50099370
v -0.67354170 0.62679130 -0.52691580
v -0.69307610 0.78565410 -0.53502880
v -0.73387590 0.63889580 -0.57633190
v -0.77314550 0.56638400 -0.51569940
v -0.62458110 1.05790000 -0.50788440
v -0.73228260 1.10661200 -0.47882770
v -0.66150820 1.28365000 -0.52797960
v -0.60319140 1.31011900 -0.49510090
v -0.74971710 1.14063200 -0.46284500
v -0.74693240 1.12638600 -0.46016800
v -0.73835990 1.13096600 -0.48405000
v -0.57074290 1.25223800 -0.49257190
v -0.70183140 1.16238900 -0.52120430
v -0.64451730 1.22814400 -0.53075000
v -0.64199980 1.24835100 -0.52927000
v -0.61915890 1.25596400 -0.52221620
v -0.59811520 1.22605900 -0.51530690
v -0.61958450 1.23139600 -0.52533620
v -0.60136270 1.24668100 -0.51569590
v -0.61081770 1.20912600 -0.52323560
v -0.63169730 1.20846700 -0.52917360
v -0.58639950 1.24589900 -0.50483380
v -0.62073670 1.19004700 -0.52664490
v -0.66667190 1.19384400 -0.52731090
v -0.60587710 0.51394210 -0.51981740
v -0.63069690 0.64334570 -0.52171270
v -0.73491330 0.81259300 -0.54876790
v -0.62568510 0.75538150 -0.52891250
v -0.63216720 0.98944740 -0.51982930
v -0.74908290 0.70088060 -0.55535470
v -0.77270360 0.59182690 -0.53269270
v -0.73691070 0.55959470 -0.55245010
v -0.74272580 0.57815550 -0.54864460
v -0.76053030 0.58035680 -0.54004960
v -0.73896690 0.59065180 -0.55677130
v -0.75316840 0.56261460 -0.53958050
v -0.57671690 1.11891100 -0.49584330
v -0.58851730 1.08888800 -0.49790140
v -0.73723610 1.07659300 -0.47279770
v -0.56244890 1.17718600 -0.49373680
v -0.60287210 1.28389700 -0.50597320
v -0.62986170 1.30794400 -0.51129790
v -0.64753670 1.31560100 -0.51254350
v -0.66080640 1.32582700 -0.50872440
v -0.64252280 1.29189300 -0.52151960
v -0.62109480 1.28369500 -0.51663810
v -0.74571320 1.14860800 -0.48007320
v -0.72759710 1.14764000 -0.49618400
v -0.75385700 1.11062900 -0.44980120
v -0.76003440 1.12577900 -0.44425700
v -0.70834500 1.11636800 -0.50050340
v -0.74161810 1.11541800 -0.47030070
v -0.72467550 1.11872300 -0.49197180
v -0.74348080 1.09568800 -0.46591280
v -0.71185570 1.14562000 -0.51142800
v -0.71574380 1.10505300 -0.49286300
v -0.55969520 1.26872900 -0.48304740
v -0.57831140 1.26800900 -0.49467200
v -0.65349420 1.20772600 -0.52942610
v -0.60728270 0.54902590 -0.48871120
v -0.60767610 0.53521240 -0.48762600
v -0.59727870 0.61926320 -0.50724290
v -0.70317290 0.57160130 -0.58297870
v -0.75031700 0.96187770 -0.48088590
v -0.61675520 0.92389390 -0.51301170
v -0.77464050 0.58000740 -0.52263750
v -0.78344440 0.60188570 -0.51579670
v -0.56716860 1.21113000 -0.49333790
v -0.58367290 1.21947300 -0.50511660
v -0.56059990 1.12254200 -0.48802890
v -0.57841380 1.05306700 -0.49255330
v -0.75217390 1.07436500 -0.44767740
v -0.59411510 1.26793800 -0.50631730
v -0.61473750 1.29826600 -0.50735100
v -0.62054620 1.31636900 -0.50150680
v -0.63584330 1.33119800 -0.49902510
v -0.62879690 1.26961700 -0.52298220
v -0.60801210 1.26909300 -0.51446140
v -0.72532190 1.09060700 -0.48399340
v -0.75401350 1.09334700 -0.44560200
v -0.60850660 0.55561630 -0.53565790
v -0.59526990 0.66326720 -0.50159280
v -0.59523880 0.59172460 -0.51578370
v -0.65435190 0.53642050 -0.52745280
v -0.66946580 0.54566650 -0.52371990
v -0.74145250 0.85766190 -0.50842800
v -0.74819520 0.90171030 -0.49728360
v -0.58152810 0.84105190 -0.49310710
v -0.60817170 0.88076520 -0.51034030
v -0.76408890 0.95032960 -0.46947760
v -0.74609450 1.00947900 -0.47212860
v -0.59450980 0.93007680 -0.49472840
v -0.72709470 0.56128540 -0.58947850
v -0.73471430 0.57018190 -0.56419000
v -0.77596430 0.62320250 -0.52647940
v -0.76447880 0.70290290 -0.51711760
v -0.76629280 0.69454940 -0.53096260
v -0.75517040 0.75442040 -0.51960100
v -0.55449380 1.22210900 -0.48343840
v -0.56256420 1.19628400 -0.49220530
v -0.61336150 1.16694700 -0.52122480
v -0.59475700 1.20737600 -0.51345370
v -0.59919440 1.18598200 -0.51647770
v -0.56328730 1.10677900 -0.48788080
v -0.56882030 1.09134700 -0.48933630
v -0.59311370 1.11919500 -0.50353080
v -0.56128040 1.13900200 -0.49012510
v -0.59631810 1.14195300 -0.50872730
v -0.56368870 1.15691700 -0.49338400
v -0.74674530 1.08245600 -0.45948550
v -0.74476270 1.05808000 -0.46250440
v -0.69776200 1.10045400 -0.50122920
v -0.59696200 0.70976470 -0.50276410
v -0.59651170 0.63833850 -0.50420090
v -0.68565670 0.56147050 -0.52065580
v -0.63570010 0.52983190 -0.53138080
v -0.70339510 0.55436460 -0.58312840
v -0.70670520 0.55419580 -0.55364070
v -0.70484930 0.54475500 -0.56515650
v -0.75201370 0.79624480 -0.50167130
v -0.75665590 0.85467450 -0.49230600
v -0.76176660 0.90042100 -0.48553100
v -0.75962740 0.93405570 -0.47997310
v -0.76077600 0.92093300 -0.48272580
v -0.56377610 0.83326310 -0.48148570
v -0.57776270 0.82169040 -0.49240020
v -0.57782480 0.85868780 -0.48843380
v -0.57976960 0.77347450 -0.49353150
v -0.75822930 0.97521150 -0.46810310
v -0.75617510 0.99409840 -0.46142900
v -0.75275170 1.01466800 -0.45548320
v -0.74426520 0.99124200 -0.47995390
v -0.56850050 0.97564030 -0.48535670
v -0.57721240 0.95700620 -0.48650060
v -0.57089670 0.99170130 -0.48645850
v -0.57644640 0.93763620 -0.48592420
v -0.58978850 0.94792830 -0.49150170
v -0.57494130 0.91778520 -0.48534450
v -0.73281780 0.56172820 -0.57626800
v -0.73200690 0.57843590 -0.58407870
v -0.73353500 0.58333290 -0.57191020
v -0.71464700 0.55604080 -0.59444360
v -0.72574560 0.59304650 -0.59604980
v -0.73068660 0.60938310 -0.59185000
v -0.76920920 0.64311260 -0.53323710
v -0.76005860 0.72087680 -0.51348070
v -0.75942790 0.73225420 -0.52500230
v -0.76401990 0.71153790 -0.52908280
v -0.74653880 0.72043600 -0.55649680
v -0.75832980 0.71971250 -0.54053430
v -0.74714840 0.73895590 -0.55029970
v -0.75345230 0.73800100 -0.53597650
v -0.72329390 0.77096600 -0.56361030
v -0.74055800 0.76895370 -0.54753640
v -0.74554960 0.75265100 -0.54029280
v -0.77384190 0.65845390 -0.51657250
v -0.77068650 0.67922550 -0.51458910
v -0.76378550 0.62382130 -0.54049440
v -0.74737820 0.60938330 -0.54873430
v -0.77448840 0.60774740 -0.53244430
v -0.75999240 0.59868880 -0.54485740
v -0.74883910 0.59263350 -0.54650620
v -0.57336680 1.07413500 -0.49067650
v -0.58166760 1.10231200 -0.49630130
v -0.57702170 1.13356400 -0.49780330
v -0.61731710 1.14774700 -0.51868400
v -0.57947060 1.15089600 -0.50136490
v -0.58186240 1.17266900 -0.50555650
v -0.75223420 1.05505900 -0.44637710
v -0.69062600 1.11432400 -0.50717570
v -0.70187290 1.12977800 -0.51067850
v -0.68679940 1.12695100 -0.51196800
v -0.60065410 0.53872890 -0.50743710
v -0.60191480 0.52808130 -0.52025110
v -0.60476450 0.54151510 -0.52960270
v -0.61792300 0.52511310 -0.53198500
v -0.62283190 0.54006430 -0.53493150
v -0.58487160 0.70206410 -0.49117670
v -0.58960580 0.68140120 -0.49500860
v -0.60837710 0.64073980 -0.51636420
v -0.58740070 0.64421030 -0.49176820
v -0.60409350 0.61057110 -0.51801860
v -0.59122760 0.60056010 -0.49033470
v -0.59419040 0.58268240 -0.48618020
v -0.59846340 0.56668170 -0.48521040
v -0.59358070 0.59788260 -0.50312590
v -0.70005290 0.54937730 -0.53157440
v -0.64216520 0.54898650 -0.53215040
v -0.64235160 0.56687050 -0.53606020
v -0.70843400 0.56770730 -0.59193420
v -0.70754710 0.57468770 -0.56862320
v -0.74718390 0.81407510 -0.50898150
v -0.75283200 0.77802620 -0.51396790
v -0.75346830 0.77347610 -0.50350110
v -0.73599990 0.87304960 -0.51499560
v -0.75126380 0.87983000 -0.49244240
v -0.72938660 0.84561960 -0.54830280
v -0.73712150 0.85711590 -0.53159760
v -0.75028660 0.83875390 -0.50143290
v -0.73490300 0.89767720 -0.52141510
v -0.57803860 0.79492560 -0.49324880
v -0.59355320 0.83117700 -0.50340290
v -0.61888630 0.80700440 -0.52828010
v -0.60647250 0.82244280 -0.51398700
v -0.61933170 0.83129200 -0.52789440
v -0.59889010 0.80714060 -0.50943500
v -0.60368900 0.84574890 -0.50951580
v -0.58774980 0.87663240 -0.49347920
v -0.57753080 0.89485750 -0.48649560
v -0.62670480 0.85428600 -0.53175320
v -0.58779980 0.72537790 -0.49490970
v -0.73225670 1.00894300 -0.49058950
v -0.73747250 0.97387220 -0.49118030
v -0.58564690 0.97150840 -0.48971250
v -0.59878830 0.98473100 -0.49512470
v -0.59423410 1.00667100 -0.49373200
v -0.61067740 0.94310780 -0.50484200
v -0.61813400 0.97915890 -0.50685140
v -0.72097050 0.57135060 -0.59556080
v -0.71273180 0.58405600 -0.59609030
v -0.70449900 0.58735150 -0.58702570
v -0.70370800 0.59662180 -0.57905270
v -0.77472930 0.63762240 -0.52445730
v -0.71820410 0.72547620 -0.57159290
v -0.73730250 0.73598020 -0.56361800
v -0.77027620 0.66347000 -0.52800440
v -0.76182780 0.61225430 -0.54299800
v -0.73745170 0.62306790 -0.55949140
v -0.73505790 0.61165730 -0.57541810
v -0.58980330 1.06234800 -0.49670990
v -0.60783910 1.13265300 -0.51161550
v -0.75080460 1.03388000 -0.45335040
v -0.62967710 1.10860100 -0.51269560
v -0.65559740 1.08891100 -0.51138720
v -0.68815870 1.08482000 -0.50436800
v -0.59929340 0.55972440 -0.52260050
v -0.59746680 0.56134180 -0.50483150
v -0.60532780 0.67765710 -0.51575590
v -0.59812020 0.68823650 -0.50390170
v -0.59071670 0.62221160 -0.49529520
v -0.59429020 0.57888360 -0.50227230
v -0.69027740 0.58418520 -0.52455700
v -0.70458240 0.57142330 -0.54387660
v -0.70213540 0.58716140 -0.54066110
v -0.70096770 0.60204890 -0.54671160
v -0.69280670 0.59943910 -0.52800830
v -0.66858090 0.57849100 -0.53041160
v -0.67203630 0.59621290 -0.52651790
v -0.70361330 0.56039550 -0.56865300
v -0.74864750 0.94616800 -0.48630710
v -0.73348300 0.95503190 -0.49923810
v -0.73210360 0.93526150 -0.51677050
v -0.58388590 0.80867620 -0.49796280
v -0.59257810 0.78600360 -0.50503180
v -0.59691530 0.86227810 -0.50193730
v -0.72740150 0.97502390 -0.51092780
v -0.72901380 0.99144590 -0.50168940
v -0.57156800 1.01694100 -0.48857790
v -0.58723640 1.03192300 -0.49358200
v -0.59684050 0.91031650 -0.49766050
v -0.59690030 0.89438960 -0.49912270
v -0.61881400 1.00323600 -0.50590990
v -0.60841960 1.02150300 -0.50018070
v -0.60623360 0.96367370 -0.49980220
v -0.61990640 0.95809390 -0.51127470
v -0.74906830 0.79384320 -0.52082450
v -0.74989890 0.77252070 -0.52836980
v -0.73505240 0.76163770 -0.56157000
v -0.74702740 0.61827860 -0.54943310
v -0.73631430 0.60542350 -0.56279340
v -0.73439970 0.62571050 -0.57676120
v -0.72741080 0.62968220 -0.59078060
v -0.71827130 0.61400640 -0.59495320
v -0.71128480 0.60133360 -0.59446710
v -0.71447900 0.63315210 -0.59104550
v -0.70767670 0.62793640 -0.56762760
v -0.70702140 0.64018780 -0.58208080
v -0.70906380 0.61147260 -0.56380950
v -0.70647320 0.61892090 -0.58411320
v -0.60970800 1.06356300 -0.50294460
v -0.60524080 1.04735200 -0.50032240
v -0.62180590 1.03940700 -0.50735180
v -0.59648630 1.07581200 -0.49972520
v -0.74238100 1.02248600 -0.47332390
v -0.73943620 1.03771000 -0.47364440
v -0.65550120 1.10978300 -0.51368440
v -0.63795910 1.09141900 -0.51152170
v -0.61372470 1.11548400 -0.51001570
v -0.60277370 1.10332700 -0.50488670
v -0.62034940 1.07644600 -0.50699040
v -0.64488920 1.07207700 -0.51134940
v -0.67563330 1.09922000 -0.50861800
v -0.66779260 1.07524400 -0.50986770
v -0.66228980 1.05636800 -0.51166480
v -0.68421940 1.06350300 -0.50633370
v -0.70245200 1.06773400 -0.49901750
v -0.70841260 1.08659100 -0.49531800
v -0.62435180 0.71401570 -0.52547710
v -0.60434300 0.65479620 -0.51386580
v -0.61252600 0.62799350 -0.52049880
v -0.70113690 0.61379080 -0.53935500
v -0.73746660 0.93438290 -0.49633240
v -0.69976260 0.92746140 -0.52939630
v -0.62516600 0.94296680 -0.52015050
v -0.62877160 0.96797620 -0.52079640
v -0.74274070 0.79409250 -0.53777830
v -0.72638280 0.82443340 -0.55390070
v -0.73514060 0.59680710 -0.57822750
v -0.61222030 1.08962600 -0.50609420
v -0.63978770 1.05053900 -0.51246780
v -0.69145840 1.01675000 -0.51200610
v -0.64265210 0.67174550 -0.52027120
v -0.62373830 0.67888150 -0.51772680
v -0.67874870 0.60919150 -0.52518750
v -0.71854820 0.93182930 -0.53158500
v -0.72566610 0.86720590 -0.54541620
v -0.63936470 0.95497490 -0.52795240
v -0.72550400 0.79871390 -0.55884270
v -0.71676690 0.78582200 -0.55668260
v -0.71273970 0.77308540 -0.55245230
v -0.71903550 0.75391170 -0.56535090
v -0.70848990 0.70644160 -0.56498230
v -0.62860260 1.02690600 -0.51272590
v -0.63917620 1.01211700 -0.52020840
v -0.70545280 1.03526200 -0.50421220
v -0.66667330 0.97449210 -0.51621510
v -0.61624610 0.73525510 -0.52360340
v -0.63185750 0.65896990 -0.51859390
v -0.66973040 0.64540750 -0.53152660
v -0.65758870 0.68735660 -0.53107310
v -0.65010100 0.65044810 -0.52321620
v -0.66306030 0.66470140 -0.53055680
v -0.68492190 0.65984640 -0.53227910
v -0.63849520 0.69371140 -0.52256130
v -0.66143130 0.73075360 -0.53558340
v -0.66124510 0.70862200 -0.53476680
v -0.61960660 0.69539950 -0.52233630
v -0.62605930 0.61677970 -0.52027460
v -0.65674840 0.62972370 -0.52857230
v -0.71353130 0.84668860 -0.54624320
v -0.73179270 0.91457240 -0.52568000
v -0.70215570 0.90847080 -0.52903940
v -0.71322240 0.91049910 -0.53816050
v -0.72585380 0.89138830 -0.53930900
v -0.69921540 0.75413950 -0.53719130
v -0.73297420 0.70063030 -0.56566200
v -0.69893880 1.05146400 -0.50287290
v -0.67919460 1.04759400 -0.50913600
v -0.68722900 1.03341100 -0.50937680
v -0.71367140 1.01822600 -0.50509660
v -0.64856410 0.99653700 -0.52400950
v -0.66209820 0.99341460 -0.51729180
v -0.68300500 0.99550650 -0.51277690
v -0.60560980 0.70131130 -0.51537490
v -0.67263680 0.69744820 -0.53576320
v -0.69450110 0.62413400 -0.53330670
v -0.68987670 0.64257020 -0.53197630
v -0.69848740 0.66182840 -0.54120450
v -0.70489300 0.64719190 -0.56673920
v -0.70251520 0.64568940 -0.54645500
v -0.70471870 0.67016730 -0.56236350
v -0.70942860 0.68834990 -0.57189110
v -0.72182580 0.65162280 -0.59021430
v -0.72856820 0.65817160 -0.58071850
v -0.72197070 0.67135440 -0.58642140
v -0.61795310 0.60345660 -0.52470890
v -0.65409790 0.59824420 -0.52854150
v -0.72340310 0.95513450 -0.52231970
v -0.71451530 0.83052340 -0.54904910
v -0.71182460 0.88249080 -0.54105770
v -0.73334940 0.88008180 -0.53246540
v -0.71124200 0.75077360 -0.54977640
v -0.70677000 0.77060950 -0.53978120
v -0.68569890 0.76577700 -0.53521560
v -0.70428810 0.73172470 -0.54207810
v -0.68405160 0.73820670 -0.53538240
v -0.70619940 0.71119640 -0.54820970
v -0.69874500 0.69461450 -0.54142070
v -0.68722970 0.69858970 -0.53565460
v -0.70721090 0.68716010 -0.55713280
v -0.70315150 0.67675590 -0.54761930
v -0.71010870 0.73129760 -0.56108380
v -0.73302540 0.72231150 -0.56839030
v -0.72090510 0.70969210 -0.57643910
v -0.66675180 1.03662200 -0.51269060
v -0.67548580 1.01343600 -0.51178200
v -0.64898290 0.97880160 -0.52643750
v -0.65483330 0.95870070 -0.52635600
v -0.70036000 1.00011500 -0.51480520
v -0.71228030 0.98717220 -0.51728200
v -0.71573480 1.00173300 -0.51004940
v -0.70798490 0.96940050 -0.52269790
v -0.67440690 0.71728710 -0.53604630
v -0.69072660 0.71886260 -0.53601480
v -0.73745230 0.63895280 -0.55871060
v -0.75169730 0.63423380 -0.54513450
v -0.74791590 0.67699590 -0.55212650
v -0.73187790 0.67630500 -0.56806480
v -0.64604080 0.71207880 -0.52905720
v -0.63833650 0.73347160 -0.53021320
v -0.60859050 0.75649210 -0.51800360
v -0.64153100 0.61203860 -0.52196310
v -0.66011020 0.60895330 -0.52380970
v -0.63226850 0.60001050 -0.52781840
v -0.61508050 0.58583310 -0.52997320
v -0.59862260 0.57678010 -0.52029000
v -0.60806150 0.56986740 -0.53343080
v -0.63224570 0.58921890 -0.53304670
v -0.62565500 0.57438070 -0.53768240
v -0.64809290 0.58442940 -0.53352190
v -0.64722290 0.75540230 -0.53447760
v -0.66972610 0.75537950 -0.53684180
v -0.63505880 0.77474770 -0.53375060
v -0.65568770 0.77873720 -0.53738440
v -0.67400890 0.77933380 -0.53721080
v -0.60608660 0.77805410 -0.51569040
v -0.63047800 0.79021660 -0.53358510
v -0.67476500 0.67882930 -0.53303680
v -0.68756210 0.67618160 -0.53390040
v -0.72366730 0.68816880 -0.58097460
v -0.65103130 1.03258100 -0.51784870
v -0.65896600 1.01402000 -0.51902290
v -0.66451140 0.95110920 -0.51890690
v -0.69176600 0.98013300 -0.51484680
v -0.68600150 0.96075700 -0.51549280
v -0.70121870 0.95010290 -0.52590700
v -0.74874160 0.65237990 -0.54706990
v -0.68012090 0.79468530 -0.53592490
v -0.61842830 0.77138560 -0.52653400
v -0.68230690 0.94106590 -0.51646370
v -0.63366030 0.82299950 -0.53480450
v -0.63936270 0.80766730 -0.53641470
v -0.67279110 0.81662250 -0.53606990
v -0.66559840 0.80083410 -0.53805060
v -0.65212540 0.81938330 -0.53849950
v -0.68846750 0.82599000 -0.53303340
v -0.70818340 0.81695640 -0.53587850
v -0.67330680 0.83691670 -0.53346740
v -0.70566870 0.83155240 -0.53297250
v -0.69144680 0.80765250 -0.53389510
v -0.70874530 0.79401450 -0.53873790
v -0.71324020 0.80939810 -0.54992710
v -0.66458100 1.17742000 -0.52520570
v -0.67999370 1.15889500 -0.52084350
v -0.63277830 1.15940900 -0.52431670
v -0.69338330 1.14245600 -0.51599540
v -0.63688030 1.17458100 -0.52714950
v -0.64156530 1.14265700 -0.52159020
v -0.66832940 1.13659000 -0.51756950
v -0.64915460 1.12454400 -0.51719290
v -0.62736990 1.12836000 -0.51633660
v -0.72073770 1.06844700 -0.48824060
v -0.71274390 1.05366300 -0.49489900
v -0.73367880 1.05566600 -0.47766810
v -0.57925780 1.19629400 -0.50383800
v -0.73887020 0.83207410 -0.53692810
v -0.74362800 0.81242320 -0.52920730
v -0.74061030 0.83573990 -0.51944050
v -0.62392170 0.88984320 -0.52632390
v -0.64238530 0.90073290 -0.53395970
v -0.64527120 0.92115100 -0.53219430
v -0.63264920 0.93218690 -0.52741450
v -0.62867310 0.91222920 -0.52681140
v -0.61359990 0.90272890 -0.51273500
v -0.68456660 0.91767650 -0.51884610
v -0.66263780 0.91085000 -0.52365340
v -0.65424720 0.89067020 -0.52839110
v -0.72721510 1.02945300 -0.48949010
v -0.72381060 1.04688400 -0.48841180
v -0.70807700 0.86193620 -0.54021270
v -0.60274650 0.73396540 -0.50936080
v -0.64675400 0.85829820 -0.53669770
v -0.65948390 0.87297550 -0.52927280
v -0.64162590 0.83688900 -0.53729110
v -0.68585340 0.87139990 -0.52741920
v -0.67093640 0.85518910 -0.53062960
v -0.69061560 0.84691270 -0.53096330
v -0.69210110 0.89122450 -0.52291560
v -0.70478610 0.89365970 -0.53029990
v -0.70097450 0.87352570 -0.52698560
v -0.67490600 0.89077020 -0.52379170
v -0.68388940 0.90293600 -0.52023270
v -0.63615060 0.87646610 -0.53554560
v -0.61710120 0.86893520 -0.52129140
v -0.66314890 0.92904830 -0.52143080
v -0.64946200 0.93807560 -0.52992750
v -0.75525510 1.17620600 -0.43405390
v -0.48475800 1.13348600 -0.28349950
v -0.46213300 1.13980700 -0.30400660
v -0.49433050 1.15959000 -0.27287620
v -0.62367020 1.12951000 -0.23897850
v -0.55448870 1.14233000 -0.23121800
v -0.47080710 1.28591500 -0.42864030
v -0.43097960 1.15853300 -0.37670280
v -0.43703930 1.12034500 -0.32518420
v -0.43775930 1.12649000 -0.31718080
v -0.43609580 1.17478900 -0.38861190
v -0.44218540 1.10974600 -0.33542860
v -0.63807190 1.34996300 -0.48466800
v -0.72323020 1.16604700 -0.51115130
v -0.71799920 1.13136600 -0.49854550
v -0.71677530 1.18053400 -0.52050890
v -0.73853820 1.16317300 -0.49116410
v -0.74585100 1.17308100 -0.48998530
v -0.75847760 1.17025800 -0.46713920
v -0.71072560 1.17644900 -0.52146220
v -0.65600850 1.15786000 -0.52330130
v -0.77553460 0.64680970 -0.50438700
v -0.82281760 0.58717960 -0.38355250
v -0.68751930 1.36162200 -0.44198190
v -0.80389310 0.58444250 -0.32886150
v -0.82616940 0.66659430 -0.41678980
v -0.76886770 0.64739870 -0.29088350
v -0.76472420 0.61773060 -0.28300100
v -0.69893540 0.70877010 -0.27293360
v -0.77837750 0.85292440 -0.46832000
v -0.74164890 1.06778400 -0.34817830
v -0.78380670 0.73567700 -0.46712940
v -0.74086000 0.91310690 -0.31831500
v -0.73938670 0.98794800 -0.32692510
v -0.79046950 0.82461040 -0.40044460
v -0.80859530 0.75197050 -0.42078930
v -0.76518870 0.96935880 -0.38079650
v -0.77392230 0.90861390 -0.39733050
v -0.81447450 0.72886860 -0.42918840
v -0.74600130 0.82759670 -0.32661920
v -0.63532330 0.62108190 -0.21540680
v -0.56489160 0.69050110 -0.19481020
v -0.67271330 0.71347190 -0.25430540
v -0.66934490 0.88623920 -0.24370580
v -0.53146250 0.70082780 -0.21824120
v -0.59798150 0.91001920 -0.22417420
v -0.54648630 0.71568180 -0.21613370
v -0.49446480 0.78359530 -0.23916580
v -0.49127610 1.25746600 -0.44682360
v -0.44916410 1.18790300 -0.42261440
v -0.55666140 1.23699500 -0.48314960
v -0.45105700 1.06622200 -0.38109680
v -0.51195860 1.23027700 -0.46033160
v -0.44072280 0.81446660 -0.29508550
v -0.57367820 0.59576530 -0.46897190
v -0.53734350 0.49156730 -0.40389450
v -0.53397440 0.48416320 -0.39228190
v -0.55668450 0.58380930 -0.45401020
v -0.56634710 0.87391450 -0.48229920
v -0.44929690 0.95123010 -0.32444580
v -0.46305440 1.00311700 -0.30245350
v -0.50573050 0.78661400 -0.47165490
v -0.47180100 0.57841350 -0.32602850
v -0.49862950 0.57392240 -0.40575800
v -0.46170020 0.60669310 -0.37874200
v -0.53718890 0.75167890 -0.47381800
v -0.46489800 0.95154420 -0.41402720
v -0.47344100 0.92874660 -0.42888640
v -0.49892640 0.92059490 -0.44471320
v -0.49620160 0.74919780 -0.45352840
v -0.48661960 0.73806820 -0.43446680
v -0.49932800 0.80671440 -0.45820390
v -0.49438670 0.81210100 -0.43830560
v -0.44692550 0.76087570 -0.32995450
v -0.75721690 0.81733970 -0.49603830
v -0.64729270 1.19145900 -0.52840920
v -0.76523000 0.56991340 -0.52816100
v -0.57249610 1.23236100 -0.49555250
v -0.66173570 0.55787130 -0.52846660
v -0.68349200 0.54060820 -0.51804800
v -0.73642600 0.89401120 -0.50520170
v -0.73373980 0.91775200 -0.50516740
v -0.70630620 0.62682290 -0.55260060
v -0.72601010 0.74168610 -0.56940850
v -0.71167510 0.66999260 -0.58032040
v -0.73579780 0.65398530 -0.56132870
v -0.76327620 0.65686720 -0.53753530
v -0.62318720 0.56006400 -0.53735000
v -0.64731050 0.79629270 -0.53749130
v -0.66160020 0.83881610 -0.53633870
v -0.78958720 0.58198740 -0.46300340
v -0.73121220 0.77999510 -0.28783550
v -0.79796970 0.63623540 -0.31741230
v -0.74713250 0.68941320 -0.29264950
v -0.75302570 1.04351400 -0.38443390
v -0.75200300 1.10301300 -0.38745600
v -0.75597310 1.02047000 -0.38188020
v -0.78526530 0.61800290 -0.46168040
v -0.74122360 0.97900530 -0.33521500
v -0.75545010 1.13793400 -0.34297520
v -0.79555300 0.81855500 -0.43243160
v -0.73600600 0.82428820 -0.31382580
v -0.67526500 0.59310790 -0.22853420
v -0.60742860 0.62092080 -0.15823900
v -0.48736710 0.65185090 -0.23962670
v -0.63886890 0.74699900 -0.22915760
v -0.55352730 0.66605850 -0.21325660
v -0.67534060 0.82043040 -0.24643400
v -0.59941080 0.74378850 -0.19640080
v -0.51529730 1.20150100 -0.46421640
v -0.52522670 1.24779300 -0.46647420
v -0.51251860 0.98644290 -0.45980300
v -0.47891780 0.54082960 -0.31869450
v -0.50734960 0.50625320 -0.36172760
v -0.50751460 0.96769490 -0.45511710
v -0.46221260 0.61021220 -0.31514950
v -0.44055880 0.75719400 -0.35658350
v -0.44907840 0.67296710 -0.36933390
v -0.45031120 0.65631460 -0.38025200
v -0.44071500 0.74098510 -0.34753080
v -0.47565070 0.83783600 -0.42759590
v -0.48567010 0.83327920 -0.43024190
v -0.74981820 1.16353900 -0.47657450
v -0.76036650 1.14466200 -0.44997120
v -0.75901160 0.69509230 -0.54252550
v -0.59782080 1.16278100 -0.51354830
v -0.75583530 0.74844360 -0.50668430
v -0.76759930 0.67794960 -0.53095800
v -0.75511900 0.67799900 -0.54119170
v -0.61767530 0.65669050 -0.51709230
v -0.70036540 0.85455460 -0.52826590
v -0.58975070 0.74648290 -0.49874180
v -0.60735010 0.71790470 -0.51677210
v -0.73314900 0.78740470 -0.55708740
v -0.70843480 0.59369050 -0.55997800
v -0.63455560 0.62973590 -0.52447600
v -0.70747030 0.65796300 -0.57921790
v -0.59695500 0.76152690 -0.50618550
v -0.61423870 0.79166020 -0.52436130
v -0.50442750 0.73277710 -0.46842560
f 26 27 142
f 29 105 28
f 142 27 28
f 142 25 26
f 38 39 129
f 164 134 163
f 135 164 23
f 126 35 36
f 44 45 116
f 191 21 22
f 36 37 125
f 19 238 239
f 210 211 255
f 40 120 39
f 30 2372 105
f 19 239 18
f 2372 113 106
f 105 29 30
f 111 104 154
f 353 18 239
f 34 35 122
f 589 91 586
f 81 82 83
f 585 587 112
f 288 192 286
f 75 103 199
f 294 269 17
f 93 94 204
f 10 533 229
f 277 11 12
f 587 145 112
f 15 267 14
f 49 169 736
f 87 118 2305
f 5 231 4
f 81 83 111
f 189 2 2405
f 1862 163 22
f 31 32 113
f 189 188 2
f 231 284 4
f 150 166 105
f 96 160 95
f 206 209 208
f 172 91 92
f 123 118 88
f 109 44 116
f 2305 108 86
f 111 154 114
f 84 104 83
f 79 80 114
f 117 174 113
f 584 127 588
f 75 76 103
f 91 172 586
f 235 161 190
f 155 120 40
f 125 37 38
f 582 128 153
f 118 123 124
f 43 44 109
f 124 123 127
f 121 109 128
f 123 89 127
f 45 46 110
f 58 220 219
f 110 100 116
f 46 139 110
f 177 178 99
f 151 33 34
f 585 78 583
f 47 101 46
f 117 33 151
f 196 50 51
f 33 117 32
f 242 55 300
f 119 155 41
f 42 121 119
f 221 218 220
f 122 175 151
f 53 194 240
f 110 116 45
f 240 2310 816
f 114 584 583
f 127 89 90
f 86 108 85
f 139 46 101
f 41 42 119
f 118 124 154
f 74 75 198
f 199 750 198
f 112 77 78
f 79 583 78
f 108 104 84
f 109 121 43
f 104 111 83
f 2305 86 87
f 118 87 88
f 81 111 80
f 117 113 32
f 123 88 89
f 108 84 85
f 114 583 79
f 119 121 128
f 126 122 35
f 588 586 587
f 66 67 230
f 121 42 43
f 114 154 124
f 30 31 2372
f 104 108 2305
f 118 154 2305
f 750 140 73
f 100 177 181
f 71 252 70
f 111 114 80
f 461 136 352
f 280 230 278
f 223 852 270
f 125 126 36
f 155 40 41
f 175 122 126
f 129 125 38
f 405 183 404
f 130 129 120
f 115 130 405
f 120 2306 130
f 115 212 2304
f 322 318 319
f 227 532 410
f 230 342 65
f 161 189 190
f 135 165 164
f 245 52 921
f 698 169 48
f 100 110 139
f 100 139 138
f 138 139 48
f 148 143 145
f 171 72 73
f 147 246 102
f 205 92 93
f 148 144 143
f 166 142 105
f 135 25 142
f 23 24 135
f 145 143 77
f 145 149 148
f 144 103 143
f 143 76 77
f 103 102 199
f 112 145 77
f 144 147 102
f 146 173 304
f 149 145 587
f 149 146 148
f 586 149 587
f 144 148 304
f 166 150 97
f 237 150 106
f 113 2372 31
f 460 2307 107
f 151 175 176
f 151 34 122
f 109 152 128
f 128 152 153
f 109 116 181
f 153 152 99
f 99 152 177
f 152 109 181
f 99 178 2309
f 589 127 90
f 2306 120 155
f 419 411 420
f 270 271 328
f 363 496 534
f 282 395 446
f 345 235 285
f 208 141 206
f 188 233 160
f 21 191 2303
f 164 163 1862
f 163 134 192
f 23 164 1862
f 166 165 135
f 346 165 97
f 134 164 165
f 165 166 97
f 142 166 135
f 350 238 351
f 416 415 411
f 261 215 216
f 215 261 2308
f 298 299 2373
f 301 433 2373
f 214 179 2309
f 2309 178 213
f 137 177 138
f 48 169 138
f 72 71 864
f 253 201 251
f 203 95 483
f 172 92 205
f 146 205 173
f 172 205 146
f 205 204 173
f 249 173 206
f 106 113 174
f 150 2372 106
f 151 174 117
f 176 254 174
f 175 210 176
f 311 310 210
f 169 137 138
f 178 177 137
f 256 261 216
f 178 137 213
f 2309 179 180
f 214 2309 213
f 49 213 137
f 185 2374 182
f 183 582 184
f 152 181 177
f 180 184 153
f 582 153 184
f 115 405 457
f 184 180 185
f 182 183 184
f 2308 261 314
f 184 185 182
f 314 2374 185
f 318 320 277
f 353 239 293
f 411 415 431
f 370 273 334
f 7 8 228
f 282 446 2377
f 435 591 434
f 533 11 277
f 278 67 68
f 281 342 230
f 308 307 302
f 342 281 374
f 133 233 235
f 483 95 160
f 1 2 2282
f 188 161 233
f 483 484 450
f 209 204 203
f 190 189 234
f 188 189 161
f 284 190 234
f 193 162 236
f 163 191 22
f 346 237 2379
f 238 20 351
f 293 239 350
f 265 57 218
f 197 51 52
f 921 2310 245
f 197 52 168
f 168 52 245
f 196 213 50
f 199 198 75
f 144 102 103
f 140 199 102
f 249 304 173
f 403 356 306
f 70 305 69
f 140 171 73
f 202 72 171
f 171 247 251
f 252 202 201
f 203 204 94
f 95 203 94
f 173 204 206
f 205 93 204
f 208 209 207
f 483 160 484
f 307 309 302
f 204 209 206
f 483 209 203
f 349 254 310
f 286 192 134
f 254 176 310
f 151 176 174
f 211 126 212
f 255 107 311
f 211 175 126
f 211 312 255
f 357 212 115
f 125 2304 126
f 312 211 212
f 50 213 49
f 214 213 196
f 214 196 215
f 215 197 168
f 297 259 258
f 258 259 257
f 216 215 168
f 217 168 245
f 217 194 258
f 257 464 256
f 168 217 2375
f 185 180 179
f 153 99 180
f 2309 180 99
f 100 138 177
f 116 100 181
f 185 179 2308
f 262 58 59
f 263 59 60
f 243 355 242
f 262 220 58
f 262 361 468
f 57 219 218
f 218 219 220
f 508 517 506
f 266 355 243
f 409 221 220
f 368 15 16
f 186 2311 267
f 271 955 62
f 273 62 63
f 329 272 328
f 224 333 61
f 263 361 262
f 592 226 6
f 592 6 225
f 7 225 6
f 226 337 283
f 282 231 232
f 6 226 274
f 228 8 187
f 187 8 227
f 187 276 228
f 228 225 7
f 229 9 1885
f 227 8 9
f 10 11 533
f 227 229 532
f 9 229 227
f 230 67 278
f 279 68 69
f 281 280 159
f 369 335 342
f 232 231 5
f 454 399 480
f 160 96 188
f 235 233 161
f 484 233 133
f 189 3 234
f 285 190 284
f 235 190 285
f 193 236 20
f 191 192 193
f 163 192 191
f 150 237 97
f 237 106 348
f 239 238 350
f 236 351 20
f 293 350 167
f 294 18 353
f 326 269 325
f 245 240 217
f 295 53 241
f 299 54 55
f 241 195 295
f 241 54 299
f 299 242 2373
f 57 265 56
f 221 244 266
f 196 51 197
f 240 245 2310
f 304 250 147
f 246 200 247
f 102 246 140
f 170 247 200
f 171 251 202
f 140 247 171
f 246 247 140
f 200 248 170
f 200 246 147
f 309 141 208
f 248 200 250
f 304 147 144
f 250 249 141
f 247 170 251
f 253 251 170
f 141 249 206
f 202 252 71
f 356 252 201
f 356 305 252
f 338 339 279
f 201 202 251
f 254 106 174
f 106 254 348
f 211 210 175
f 257 256 2375
f 2375 256 216
f 464 260 256
f 258 257 2375
f 464 257 359
f 297 258 194
f 260 98 314
f 179 214 2308
f 263 262 59
f 264 263 60
f 361 263 264
f 60 333 264
f 315 361 264
f 316 361 317
f 266 265 218
f 300 56 243
f 221 266 218
f 266 244 355
f 13 14 2311
f 319 186 323
f 368 267 15
f 268 222 16
f 268 17 269
f 16 222 368
f 222 268 269
f 271 270 955
f 223 270 328
f 273 271 62
f 330 332 377
f 329 328 271
f 329 331 272
f 334 63 64
f 64 65 335
f 369 336 370
f 275 226 283
f 226 275 274
f 5 275 232
f 337 226 592
f 276 434 228
f 227 410 187
f 499 187 410
f 410 470 499
f 568 131 2380
f 187 499 276
f 435 434 2318
f 277 531 533
f 279 278 68
f 305 279 69
f 338 279 305
f 339 280 278
f 371 340 159
f 230 65 66
f 335 65 342
f 373 281 159
f 281 373 374
f 283 282 232
f 283 343 282
f 231 282 2377
f 283 232 275
f 392 395 343
f 4 284 234
f 284 2377 285
f 446 344 399
f 134 165 346
f 346 97 237
f 134 346 286
f 288 347 287
f 347 286 2379
f 288 287 292
f 351 290 289
f 162 292 290
f 292 162 288
f 192 288 162
f 292 291 290
f 291 352 289
f 291 289 290
f 167 289 352
f 417 293 2313
f 269 294 325
f 194 53 295
f 298 296 195
f 354 474 512
f 297 194 295
f 298 433 296
f 299 298 195
f 242 299 55
f 265 243 56
f 242 300 243
f 425 354 296
f 309 208 303
f 450 485 453
f 208 207 303
f 250 141 248
f 250 304 249
f 252 305 70
f 201 253 306
f 308 403 306
f 307 306 253
f 306 307 308
f 302 309 303
f 447 302 303
f 403 308 481
f 248 309 307
f 309 248 141
f 170 248 307
f 310 176 210
f 311 107 578
f 310 311 563
f 255 311 210
f 512 259 354
f 256 260 261
f 2308 314 185
f 260 314 261
f 315 391 317
f 264 333 360
f 361 315 317
f 318 277 12
f 318 322 320
f 12 13 318
f 2311 318 13
f 267 2311 14
f 318 2311 319
f 366 545 323
f 502 321 364
f 321 320 322
f 364 321 322
f 321 157 365
f 323 322 319
f 324 323 186
f 186 267 367
f 2313 412 417
f 269 326 222
f 411 327 326
f 590 328 272
f 273 329 271
f 330 329 273
f 330 370 332
f 377 375 376
f 378 379 331
f 330 331 329
f 377 332 375
f 360 224 593
f 333 224 360
f 335 334 64
f 374 398 336
f 273 370 330
f 338 305 356
f 339 338 371
f 278 279 339
f 230 280 281
f 481 372 403
f 302 482 308
f 341 397 398
f 282 343 395
f 340 441 439
f 284 231 2377
f 401 2377 446
f 441 442 455
f 456 451 345
f 286 346 2379
f 402 348 349
f 348 254 349
f 563 349 310
f 289 167 350
f 290 351 236
f 350 351 289
f 519 520 575
f 414 352 136
f 414 167 352
f 353 293 417
f 294 353 325
f 195 297 295
f 297 296 354
f 242 355 2373
f 266 243 265
f 503 355 244
f 2373 355 301
f 306 356 201
f 338 356 403
f 400 449 447
f 481 442 372
f 357 312 212
f 98 260 462
f 255 312 406
f 466 464 465
f 465 359 530
f 259 359 257
f 360 388 315
f 264 360 315
f 316 409 468
f 384 385 382
f 388 391 315
f 323 364 322
f 366 430 545
f 368 367 267
f 327 368 222
f 367 324 186
f 367 327 419
f 368 327 367
f 326 327 222
f 424 418 2316
f 334 335 369
f 369 370 334
f 332 370 336
f 371 159 280
f 439 159 340
f 339 371 280
f 403 372 371
f 340 371 372
f 439 373 159
f 374 373 341
f 398 374 341
f 342 374 369
f 373 439 341
f 375 445 376
f 336 375 332
f 478 568 386
f 379 380 158
f 331 377 378
f 379 378 380
f 388 360 593
f 590 272 158
f 379 272 331
f 382 158 384
f 384 158 380
f 388 387 391
f 380 381 384
f 542 499 470
f 387 385 2314
f 394 393 438
f 593 158 382
f 378 383 2315
f 438 376 445
f 477 492 436
f 382 385 387
f 131 568 541
f 568 2380 386
f 437 386 383
f 2315 383 386
f 378 377 383
f 377 376 383
f 2380 2315 386
f 378 2315 380
f 2314 385 436
f 382 387 388
f 436 385 477
f 2314 391 387
f 317 391 390
f 2376 479 392
f 395 2312 344
f 2376 392 343
f 337 2376 283
f 394 445 396
f 393 437 438
f 2312 392 394
f 393 394 392
f 396 2312 394
f 344 2312 132
f 446 395 344
f 132 2312 396
f 398 396 445
f 396 398 397
f 443 444 132
f 447 303 448
f 345 285 401
f 2381 453 451
f 448 450 453
f 235 345 133
f 133 345 451
f 286 347 288
f 402 347 2379
f 348 2379 237
f 359 259 512
f 354 259 297
f 549 508 507
f 338 403 371
f 2306 405 130
f 358 407 457
f 182 404 183
f 183 405 2306
f 457 405 404
f 406 107 255
f 107 406 460
f 312 407 406
f 407 358 489
f 357 407 312
f 313 467 528
f 2374 490 488
f 464 359 465
f 363 534 156
f 363 156 316
f 537 409 156
f 468 409 220
f 156 409 316
f 321 365 320
f 320 365 531
f 531 277 320
f 470 410 469
f 323 324 366
f 167 414 2313
f 2313 414 413
f 412 2313 413
f 428 412 413
f 416 412 415
f 416 411 326
f 415 412 428
f 325 416 326
f 419 420 2382
f 411 419 327
f 367 419 324
f 420 424 421
f 427 426 431
f 433 301 504
f 476 2320 518
f 432 429 426
f 546 418 509
f 421 430 366
f 425 422 474
f 431 415 427
f 476 413 414
f 415 428 427
f 555 557 516
f 430 421 2316
f 548 473 430
f 565 538 566
f 355 503 301
f 507 506 505
f 513 474 517
f 518 413 476
f 426 418 424
f 510 554 509
f 431 426 424
f 558 432 423
f 429 418 426
f 433 425 296
f 425 433 511
f 374 336 369
f 375 336 398
f 479 478 437
f 479 437 393
f 2318 434 276
f 568 435 541
f 478 435 568
f 436 492 493
f 2314 436 389
f 438 437 383
f 376 438 383
f 394 438 445
f 443 439 441
f 442 441 340
f 456 399 454
f 340 372 442
f 441 440 443
f 308 482 481
f 455 442 486
f 443 440 444
f 440 452 454
f 132 397 443
f 341 443 397
f 454 444 440
f 132 444 480
f 398 445 375
f 401 446 399
f 448 303 207
f 400 486 449
f 448 207 450
f 400 447 448
f 447 449 482
f 450 207 483
f 450 484 485
f 452 2381 456
f 133 451 485
f 456 454 452
f 453 400 448
f 455 452 440
f 2381 452 486
f 485 451 453
f 400 453 2381
f 454 480 444
f 441 455 440
f 486 442 449
f 345 401 456
f 457 357 115
f 357 457 407
f 488 457 404
f 182 488 404
f 523 458 313
f 526 291 487
f 573 461 526
f 459 579 2307
f 581 576 577
f 291 461 352
f 98 408 490
f 462 260 464
f 408 98 462
f 408 463 490
f 457 488 358
f 458 489 313
f 408 466 467
f 462 464 466
f 466 465 529
f 462 466 408
f 408 467 463
f 262 468 220
f 316 468 361
f 469 365 2319
f 472 470 2319
f 531 365 469
f 469 2319 470
f 276 499 2318
f 477 131 498
f 472 542 470
f 471 492 498
f 544 493 494
f 472 471 542
f 501 430 473
f 502 545 501
f 156 534 536
f 474 422 517
f 524 528 525
f 425 474 354
f 461 573 559
f 136 476 414
f 559 2320 476
f 131 477 381
f 437 478 386
f 392 479 393
f 478 591 435
f 443 341 439
f 399 344 480
f 132 480 344
f 449 442 481
f 447 482 302
f 481 482 449
f 209 483 207
f 233 484 160
f 484 133 485
f 2381 486 400
f 455 486 452
f 2374 488 182
f 490 2374 98
f 292 487 291
f 347 402 562
f 287 487 292
f 576 526 487
f 358 488 490
f 467 313 463
f 523 528 524
f 406 407 489
f 463 489 358
f 490 463 358
f 529 465 491
f 530 512 513
f 557 525 529
f 469 532 531
f 531 532 533
f 498 492 477
f 492 471 494
f 472 495 494
f 493 492 494
f 472 494 471
f 495 157 543
f 493 362 389
f 497 389 362
f 389 436 493
f 362 564 496
f 389 497 390
f 496 363 497
f 363 390 497
f 542 498 541
f 541 2318 542
f 501 545 430
f 502 501 500
f 569 538 565
f 544 494 495
f 500 543 502
f 321 502 157
f 364 323 545
f 503 567 504
f 244 221 2383
f 505 504 567
f 433 504 511
f 503 504 301
f 507 508 506
f 422 425 511
f 505 506 511
f 549 510 508
f 549 507 550
f 418 429 509
f 515 594 522
f 522 429 558
f 511 504 505
f 511 506 422
f 359 512 530
f 513 512 474
f 514 513 475
f 513 516 530
f 514 515 571
f 555 516 514
f 594 510 522
f 491 530 516
f 514 516 513
f 513 517 475
f 506 517 422
f 517 508 475
f 2317 427 518
f 574 573 580
f 427 428 518
f 413 518 428
f 520 2317 2320
f 518 2320 2317
f 570 556 572
f 520 423 2317
f 520 519 423
f 519 521 423
f 429 432 558
f 571 555 514
f 521 558 423
f 558 515 522
f 556 521 519
f 521 571 558
f 559 574 2320
f 523 459 460
f 524 560 561
f 458 523 460
f 313 528 523
f 570 557 555
f 525 570 560
f 291 526 461
f 581 526 576
f 402 349 527
f 578 577 527
f 529 528 467
f 525 528 529
f 529 467 466
f 529 491 557
f 465 530 491
f 410 532 469
f 229 533 532
f 535 496 564
f 534 496 535
f 552 553 547
f 540 507 505
f 535 551 534
f 362 493 539
f 535 564 565
f 552 547 554
f 2321 536 551
f 534 551 536
f 409 537 221
f 536 2321 537
f 156 536 537
f 2321 2383 537
f 501 538 500
f 473 538 501
f 566 553 565
f 540 505 567
f 544 539 493
f 566 538 473
f 541 498 131
f 471 498 542
f 502 543 157
f 569 543 500
f 500 538 569
f 364 545 502
f 547 566 473
f 418 546 548
f 547 548 546
f 550 507 540
f 510 549 554
f 549 550 552
f 553 551 535
f 565 553 535
f 551 552 550
f 547 553 566
f 552 551 553
f 546 554 547
f 552 554 549
f 546 509 554
f 509 429 522
f 509 522 510
f 555 571 556
f 570 572 560
f 521 556 571
f 556 519 572
f 516 557 491
f 515 558 571
f 561 560 572
f 524 525 560
f 575 561 572
f 523 524 459
f 562 287 347
f 487 562 576
f 287 562 487
f 527 562 402
f 577 562 527
f 577 579 581
f 362 496 497
f 539 564 362
f 539 565 564
f 565 539 569
f 244 567 503
f 2383 567 244
f 537 2383 221
f 2321 540 2383
f 550 540 2321
f 2318 541 435
f 544 495 543
f 544 569 539
f 543 569 544
f 548 547 473
f 557 570 525
f 556 570 555
f 519 575 572
f 581 580 573
f 580 575 574
f 520 574 575
f 559 573 574
f 559 136 461
f 476 136 559
f 580 561 575
f 577 576 562
f 527 563 578
f 578 563 311
f 580 579 459
f 526 581 573
f 577 578 579
f 561 580 459
f 580 581 579
f 582 2306 119
f 585 112 78
f 124 584 114
f 127 584 124
f 583 584 585
f 149 586 172
f 588 587 585
f 584 588 585
f 589 588 127
f 91 589 90
f 588 589 586
f 593 590 158
f 328 590 223
f 225 434 591
f 592 591 2378
f 434 225 228
f 388 593 382
f 594 475 508
f 514 475 515
f 475 594 515
f 510 594 508
f 688 632 631
f 722 623 622
f 49 812 50
f 625 727 728
f 682 689 687
f 1109 669 699
f 240 816 53
f 786 785 772
f 638 2384 101
f 722 683 623
f 637 636 671
f 60 59 2325
f 686 628 2385
f 682 631 630
f 687 677 682
f 684 2385 627
f 736 169 698
f 674 649 648
f 2389 888 57
f 727 624 683
f 2325 59 887
f 59 58 887
f 56 2389 57
f 724 664 787
f 637 2384 638
f 874 878 731
f 744 641 640
f 61 850 852
f 726 727 683
f 62 955 849
f 685 671 636
f 673 667 699
f 676 663 645
f 68 67 855
f 672 700 673
f 1097 738 739
f 667 702 705
f 714 620 619
f 803 909 910
f 644 669 676
f 639 74 661
f 751 749 750
f 674 668 729
f 74 198 661
f 704 654 703
f 639 661 711
f 671 685 660
f 683 752 726
f 730 762 2385
f 642 673 643
f 629 686 689
f 681 680 633
f 668 647 663
f 674 647 668
f 645 663 646
f 644 676 645
f 795 688 677
f 676 729 668
f 730 2385 684
f 708 662 709
f 699 669 643
f 626 625 728
f 1109 1108 675
f 686 629 628
f 684 627 626
f 682 688 631
f 681 688 795
f 624 727 625
f 621 679 723
f 624 623 683
f 607 885 608
f 621 723 622
f 682 677 688
f 716 679 714
f 762 760 687
f 714 618 617
f 715 714 617
f 681 632 688
f 628 627 2385
f 714 619 618
f 682 630 689
f 757 835 795
f 729 676 669
f 723 679 716
f 677 760 757
f 674 729 675
f 620 679 621
f 728 684 626
f 701 702 700
f 658 809 659
f 673 642 672
f 47 638 101
f 733 891 954
f 806 808 805
f 637 671 2384
f 811 809 2283
f 707 655 704
f 632 681 633
f 660 697 671
f 672 642 641
f 674 675 650
f 652 1108 705
f 674 650 649
f 648 647 674
f 714 679 620
f 675 651 650
f 687 689 686
f 705 702 653
f 1091 1041 989
f 676 668 663
f 717 725 724
f 943 873 872
f 633 680 634
f 805 597 596
f 1108 651 675
f 878 925 930
f 744 745 708
f 598 960 952
f 960 987 800
f 644 643 669
f 891 845 847
f 685 636 635
f 665 837 743
f 629 689 630
f 635 634 680
f 911 804 909
f 737 657 656
f 72 815 73
f 1109 699 667
f 817 2386 1048
f 773 1105 774
f 660 693 698
f 697 660 698
f 698 693 736
f 139 101 48
f 2384 671 697
f 48 697 698
f 729 669 1109
f 667 705 1109
f 700 666 701
f 667 700 702
f 673 700 667
f 666 700 672
f 709 706 701
f 704 655 654
f 701 666 709
f 703 702 701
f 653 702 703
f 703 701 704
f 653 703 654
f 706 704 701
f 704 706 707
f 652 705 653
f 706 709 662
f 656 655 707
f 748 858 747
f 707 706 713
f 745 744 640
f 662 713 706
f 712 813 710
f 863 859 861
f 744 666 672
f 709 666 708
f 711 640 639
f 749 711 661
f 708 747 662
f 198 750 661
f 751 750 73
f 694 746 749
f 1092 735 1093
f 858 713 662
f 738 713 712
f 715 617 616
f 716 714 715
f 615 715 616
f 720 725 717
f 719 723 718
f 752 670 726
f 719 718 717
f 720 718 753
f 719 717 670
f 717 724 670
f 787 781 724
f 721 715 615
f 755 740 754
f 723 722 622
f 722 719 752
f 723 716 718
f 722 723 719
f 696 725 720
f 664 724 725
f 718 720 717
f 754 696 720
f 727 726 678
f 728 727 678
f 675 729 1109
f 681 834 680
f 680 834 665
f 684 728 869
f 840 605 838
f 1011 1010 973
f 55 890 300
f 601 847 602
f 854 805 808
f 1068 989 1090
f 804 64 63
f 1068 1065 1066
f 857 793 833
f 736 693 867
f 712 739 738
f 809 658 2285
f 738 707 713
f 739 712 710
f 707 738 737
f 739 710 997
f 739 997 1094
f 202 71 72
f 70 865 71
f 922 816 2310
f 695 968 923
f 610 609 819
f 880 886 606
f 753 716 715
f 743 742 660
f 693 660 742
f 743 660 685
f 867 693 823
f 665 743 2322
f 742 743 826
f 666 744 708
f 641 744 672
f 745 640 711
f 746 745 711
f 708 745 747
f 749 746 711
f 747 746 748
f 745 746 747
f 748 746 694
f 859 813 748
f 748 813 858
f 749 751 694
f 859 748 694
f 661 750 749
f 815 751 73
f 820 751 815
f 722 752 683
f 670 752 719
f 716 753 718
f 721 753 715
f 615 614 755
f 755 721 615
f 755 754 721
f 613 755 614
f 1047 740 817
f 696 754 740
f 728 678 869
f 757 795 677
f 756 761 760
f 766 759 761
f 759 757 761
f 765 768 758
f 836 757 759
f 769 770 772
f 776 758 769
f 759 765 758
f 769 758 768
f 776 836 758
f 677 687 760
f 762 687 686
f 760 761 757
f 763 821 756
f 756 760 762
f 730 763 762
f 756 762 763
f 822 764 767
f 767 766 822
f 783 765 766
f 759 766 765
f 783 766 767
f 774 768 783
f 774 1105 771
f 770 769 768
f 771 784 770
f 776 775 777
f 771 768 774
f 770 784 779
f 782 767 764
f 771 1107 784
f 770 768 771
f 785 769 772
f 825 775 790
f 777 825 824
f 785 790 775
f 777 775 825
f 782 773 767
f 773 774 783
f 775 776 769
f 793 857 790
f 824 825 823
f 776 777 871
f 837 665 796
f 779 792 786
f 779 2387 830
f 764 822 916
f 787 788 781
f 782 866 780
f 670 724 791
f 764 916 866
f 724 781 791
f 773 783 767
f 779 784 2387
f 785 775 769
f 1004 725 696
f 791 781 789
f 772 779 786
f 794 790 785
f 829 792 870
f 785 786 794
f 790 794 793
f 867 823 857
f 1049 2388 664
f 730 868 763
f 791 726 670
f 790 857 825
f 917 789 781
f 726 791 678
f 786 2324 794
f 792 830 870
f 830 831 870
f 52 51 832
f 794 2324 828
f 833 51 50
f 871 835 836
f 796 665 834
f 778 837 796
f 835 796 834
f 796 871 778
f 841 840 797
f 901 733 976
f 1111 877 884
f 932 887 888
f 941 829 870
f 901 845 891
f 848 847 903
f 270 983 955
f 61 333 850
f 962 800 987
f 990 803 910
f 856 802 855
f 805 807 806
f 807 2283 806
f 801 988 1066
f 853 854 801
f 807 805 596
f 596 1284 807
f 811 807 1284
f 810 2285 658
f 2283 809 735
f 1094 1097 739
f 809 2285 735
f 1071 2283 735
f 811 2283 807
f 1284 595 2284
f 811 1284 2284
f 657 810 658
f 809 811 659
f 857 833 812
f 736 812 49
f 707 737 656
f 737 1097 810
f 657 737 810
f 712 858 813
f 710 813 863
f 863 860 996
f 815 72 864
f 865 908 991
f 861 859 820
f 817 740 613
f 755 613 740
f 1489 612 2386
f 1003 1047 1048
f 819 966 1002
f 914 1002 966
f 912 609 608
f 915 819 1002
f 763 868 920
f 822 756 821
f 822 821 916
f 778 777 824
f 826 778 824
f 824 742 826
f 824 823 742
f 823 825 857
f 868 869 827
f 917 827 789
f 921 832 828
f 922 828 2324
f 792 829 2324
f 779 830 792
f 830 695 831
f 832 51 833
f 833 793 832
f 828 832 793
f 794 828 793
f 52 832 921
f 795 834 681
f 795 835 834
f 757 836 835
f 836 759 758
f 777 778 871
f 837 778 826
f 743 837 826
f 797 840 838
f 872 605 1443
f 1110 885 886
f 873 874 838
f 872 838 605
f 876 841 797
f 877 876 924
f 839 841 876
f 892 604 846
f 872 873 838
f 888 58 219
f 889 56 300
f 889 974 971
f 241 940 54
f 603 844 900
f 602 845 844
f 604 892 893
f 900 844 845
f 604 603 846
f 903 601 600
f 905 600 599
f 891 847 848
f 847 845 602
f 903 847 601
f 848 903 953
f 983 956 955
f 1130 849 1131
f 851 852 850
f 906 907 850
f 1112 984 851
f 852 851 983
f 853 801 987
f 854 853 597
f 855 802 2286
f 856 67 66
f 860 993 995
f 65 64 911
f 856 66 803
f 803 66 911
f 66 65 911
f 804 63 1130
f 812 833 50
f 857 812 867
f 713 858 712
f 747 858 662
f 820 859 694
f 861 862 992
f 862 864 865
f 862 861 820
f 863 861 860
f 815 862 820
f 862 865 992
f 860 995 996
f 859 863 813
f 997 710 996
f 1095 1094 814
f 865 864 71
f 815 864 862
f 908 70 69
f 992 865 991
f 915 612 611
f 2386 612 818
f 912 819 609
f 915 610 819
f 885 912 608
f 912 1114 966
f 818 612 915
f 917 918 920
f 780 2323 1132
f 764 866 782
f 780 866 2323
f 919 2323 866
f 736 867 812
f 742 823 693
f 869 868 730
f 868 827 920
f 869 730 684
f 827 678 789
f 869 678 827
f 835 871 796
f 776 871 836
f 943 894 873
f 894 943 896
f 874 873 875
f 838 874 797
f 874 731 924
f 875 873 894
f 924 731 877
f 797 874 924
f 874 875 878
f 884 970 1055
f 883 881 882
f 924 876 797
f 882 876 877
f 926 945 929
f 879 875 894
f 877 731 884
f 878 875 879
f 970 878 930
f 895 899 894
f 925 879 926
f 899 879 894
f 881 880 839
f 885 607 886
f 839 880 841
f 882 881 839
f 1110 881 883
f 882 839 876
f 883 1111 2329
f 1111 883 882
f 1161 1159 1172
f 884 1055 1111
f 607 606 886
f 881 886 880
f 888 887 58
f 798 887 932
f 2325 887 798
f 889 2389 56
f 890 889 300
f 937 55 54
f 241 53 940
f 937 54 843
f 829 816 922
f 843 54 940
f 891 733 901
f 897 900 901
f 929 925 926
f 895 894 896
f 896 892 846
f 893 943 872
f 893 892 943
f 976 978 944
f 898 897 944
f 895 897 898
f 897 896 846
f 895 896 897
f 846 900 897
f 898 978 979
f 898 951 895
f 951 899 895
f 603 900 846
f 901 900 845
f 901 976 944
f 1057 933 1056
f 951 898 979
f 926 946 945
f 946 902 945
f 905 903 600
f 599 952 905
f 952 800 904
f 598 952 599
f 905 953 903
f 953 905 904
f 982 906 2325
f 972 973 1010
f 1112 907 1014
f 986 957 958
f 956 957 959
f 987 961 853
f 801 962 987
f 805 854 597
f 988 854 808
f 1000 856 990
f 855 67 856
f 964 2286 802
f 865 70 908
f 855 2286 69
f 908 69 2286
f 996 710 863
f 911 909 803
f 999 990 910
f 804 911 64
f 959 1040 1131
f 912 913 1114
f 885 913 912
f 912 966 819
f 1046 967 1080
f 967 741 818
f 611 610 915
f 918 916 821
f 866 916 919
f 781 788 917
f 916 918 919
f 920 918 821
f 918 917 919
f 920 821 763
f 922 921 828
f 829 922 2324
f 941 816 829
f 968 695 1005
f 878 879 925
f 899 926 879
f 929 930 925
f 929 945 948
f 929 927 930
f 878 970 731
f 928 970 930
f 798 932 931
f 935 931 1006
f 935 934 931
f 2389 932 888
f 931 932 1006
f 1006 2389 971
f 935 1006 936
f 1119 1127 1118
f 935 933 1123
f 933 935 936
f 933 1057 1123
f 798 972 982
f 798 931 934
f 973 934 1122
f 1007 974 1008
f 938 937 799
f 938 799 939
f 937 938 890
f 1018 939 799
f 890 55 937
f 816 940 53
f 1051 941 831
f 891 848 954
f 892 896 943
f 898 944 978
f 901 944 897
f 949 945 902
f 899 946 926
f 979 902 946
f 1024 902 981
f 929 948 927
f 980 981 979
f 950 945 949
f 948 945 1023
f 947 950 949
f 1023 945 950
f 979 946 951
f 946 899 951
f 800 952 960
f 905 952 904
f 1062 986 1059
f 1026 953 904
f 954 848 1028
f 733 942 976
f 953 1028 848
f 906 982 842
f 907 906 842
f 906 850 333
f 1112 850 907
f 1112 851 850
f 956 851 984
f 955 959 849
f 959 955 956
f 956 984 957
f 959 957 1040
f 957 984 958
f 1031 1100 1038
f 1040 957 986
f 961 960 598
f 960 961 987
f 963 802 1000
f 1000 802 856
f 965 963 1000
f 802 963 964
f 1042 994 995
f 1040 734 1085
f 967 1002 914
f 914 1081 1080
f 741 967 1046
f 695 923 831
f 843 799 937
f 1018 799 969
f 927 690 1053
f 928 930 927
f 1126 1053 690
f 970 928 1055
f 731 970 884
f 57 888 219
f 936 1006 971
f 973 972 934
f 1011 973 1128
f 889 971 2389
f 1007 971 974
f 890 974 889
f 938 974 890
f 1008 938 939
f 1008 1115 732
f 976 942 977
f 1060 733 954
f 1059 985 1017
f 980 977 1016
f 977 978 976
f 1116 950 1009
f 927 948 690
f 1127 948 1023
f 947 949 1024
f 979 978 980
f 978 977 980
f 1058 980 1016
f 902 979 981
f 800 1025 904
f 1027 1026 1030
f 1031 1029 1100
f 982 2325 798
f 982 972 842
f 852 983 270
f 983 851 956
f 1015 984 1112
f 962 801 1066
f 989 988 808
f 854 988 801
f 808 1091 989
f 1095 1096 692
f 1063 1065 691
f 803 990 856
f 2286 991 908
f 993 992 991
f 992 993 860
f 1044 1042 1043
f 1074 1075 1073
f 1042 993 991
f 2287 814 997
f 861 992 860
f 2287 997 996
f 995 994 2287
f 994 1074 1076
f 1072 1041 692
f 1087 1084 1086
f 1001 999 1045
f 1001 1000 990
f 1069 691 1065
f 915 1002 818
f 1004 1003 1050
f 1003 1004 696
f 696 740 1047
f 1004 1050 1049
f 725 1004 664
f 1102 2326 1133
f 2386 741 1048
f 1002 967 818
f 1147 968 1005
f 1022 923 968
f 831 923 969
f 940 1051 843
f 799 843 969
f 1051 969 843
f 1129 1127 1119
f 1106 1140 1147
f 1007 936 971
f 974 938 1008
f 1115 1008 939
f 732 1007 1008
f 1123 934 935
f 950 1116 1023
f 1061 1128 947
f 1012 1014 907
f 1011 1128 1061
f 1012 1010 1011
f 907 842 1012
f 972 1010 842
f 1012 842 1010
f 1014 1012 2327
f 1011 1061 2327
f 2327 1083 1013
f 1013 985 1015
f 1015 1014 1013
f 1015 985 1059
f 1015 958 984
f 1016 977 1070
f 1070 977 942
f 1017 1016 1070
f 1017 985 1058
f 1115 939 975
f 1018 969 923
f 975 939 1018
f 1150 1022 1143
f 1142 1149 1143
f 1115 1021 1121
f 1020 1018 923
f 975 1019 1021
f 1019 975 1020
f 1020 975 1018
f 1151 1153 1125
f 923 1022 1020
f 690 948 1127
f 1061 1024 1083
f 1014 2327 1013
f 902 1024 949
f 1024 981 1083
f 800 962 1025
f 1026 904 1025
f 1028 1026 1027
f 1026 1025 1032
f 1027 1030 1035
f 1031 1027 1035
f 1028 1027 1039
f 1026 1028 953
f 1045 1063 691
f 1045 1037 1063
f 1035 1029 1031
f 734 986 1062
f 1030 1026 1032
f 1064 1032 1025
f 1036 1030 1032
f 1029 1035 1033
f 1034 1036 1037
f 999 910 1087
f 1033 1035 1034
f 1035 1030 1034
f 1037 1036 1063
f 1100 1070 1038
f 1027 1031 1039
f 1038 1039 1031
f 986 734 1040
f 1033 734 1062
f 1059 986 958
f 1071 1091 806
f 1064 1025 962
f 1043 991 2286
f 1044 1043 964
f 991 1043 1042
f 1000 1001 965
f 999 1001 990
f 1080 967 914
f 1050 1046 1082
f 1048 1047 817
f 1047 1003 696
f 817 1427 2386
f 1046 1048 741
f 787 664 2388
f 1004 1049 664
f 1102 1050 1082
f 1050 1003 1046
f 1048 1046 1003
f 816 941 940
f 969 1051 831
f 690 1127 1129
f 928 1053 1054
f 1126 1052 1053
f 1053 1052 1054
f 1166 1055 1168
f 927 1053 928
f 928 1054 1055
f 1007 732 1056
f 936 1056 933
f 1118 1116 1117
f 1057 1056 1120
f 1057 1117 1123
f 950 947 1009
f 981 980 1058
f 985 1013 1058
f 1017 1058 1016
f 1015 1059 958
f 1060 942 733
f 1039 1060 954
f 1028 1039 954
f 1024 1061 947
f 1011 2327 1012
f 2327 1061 1083
f 1100 1062 1059
f 1062 1100 1029
f 1063 1064 1065
f 1032 1064 1036
f 1066 1064 962
f 988 1068 1066
f 1069 1065 1068
f 1064 1066 1065
f 1041 1072 1090
f 989 1068 988
f 1067 1069 1068
f 994 1042 1074
f 1077 1069 1067
f 1069 1077 691
f 1017 1070 1100
f 942 1038 1070
f 1071 735 1092
f 1090 1067 1068
f 993 1042 995
f 963 1044 964
f 1042 1044 1074
f 1075 1074 1044
f 1067 1079 1073
f 1075 1044 963
f 1074 1073 1076
f 963 965 1075
f 1001 1045 691
f 1076 1073 1079
f 994 1076 2287
f 1078 1075 965
f 1001 1078 965
f 1079 1072 998
f 1077 1078 691
f 1001 691 1078
f 1046 1080 1082
f 1102 1099 2388
f 2326 1082 1080
f 741 2386 818
f 981 1058 1083
f 1083 1058 1013
f 1017 1100 1059
f 1029 1033 1062
f 1033 1089 734
f 1089 1085 734
f 1085 1086 1084
f 909 1088 910
f 1086 1085 1089
f 1085 1084 1131
f 1045 999 1087
f 1087 910 1088
f 1087 1086 1037
f 1088 909 804
f 1087 1088 1084
f 1034 1089 1033
f 1041 1090 989
f 1079 1090 1072
f 1067 1090 1079
f 806 1091 808
f 692 1091 1071
f 1093 735 2285
f 1096 1095 814
f 1097 1094 1093
f 1093 1094 1095
f 814 1094 997
f 1097 1093 810
f 692 1092 1095
f 1095 1092 1093
f 1096 998 1072
f 738 1097 737
f 1091 692 1041
f 1092 692 1071
f 1096 1072 692
f 1105 773 2390
f 788 1099 2323
f 1133 2328 1132
f 1089 1034 1086
f 1037 1086 1034
f 1087 1037 1045
f 1133 2326 2328
f 1049 1050 1102
f 1099 1102 1133
f 1107 1005 784
f 1104 782 780
f 773 782 1104
f 1156 1146 1103
f 1081 1170 1101
f 1104 780 1103
f 773 1104 2390
f 1134 1156 1103
f 1105 1107 771
f 1107 1105 1106
f 1140 1106 1141
f 1147 1005 1107
f 1147 1107 1106
f 651 1108 652
f 705 1108 1109
f 820 694 751
f 885 1110 913
f 881 1110 886
f 877 1111 882
f 1166 1111 1055
f 1112 1014 1015
f 1164 1170 1171
f 1114 1113 914
f 914 1113 1081
f 883 1162 1110
f 1160 1161 1162
f 1114 913 1172
f 920 827 917
f 1021 1115 975
f 1116 1009 1117
f 1116 1127 1023
f 1122 1117 1009
f 1117 1057 1118
f 1127 1116 1118
f 1118 1120 1119
f 1120 732 1121
f 1128 1009 947
f 1123 1122 934
f 1117 1122 1123
f 1115 1121 732
f 1152 1125 1021
f 1021 1125 1121
f 1153 1124 1125
f 1120 1121 1124
f 1129 1126 690
f 1153 1126 1124
f 1057 1120 1118
f 1124 1119 1120
f 1122 1128 973
f 1009 1128 1122
f 1124 1129 1119
f 1126 1129 1124
f 1131 1088 1130
f 849 959 1131
f 1130 1088 804
f 1084 1088 1131
f 62 849 63
f 1131 1040 1085
f 1101 1098 2328
f 1099 1133 1132
f 1134 2328 1098
f 1103 780 1132
f 1132 2328 1134
f 1159 1171 1172
f 1153 1154 1155
f 1132 1134 1103
f 1138 1136 1164
f 1081 1101 2326
f 1101 1170 1136
f 1152 1151 1125
f 1101 1136 1098
f 1164 1136 1170
f 1139 1156 1098
f 1163 1138 1164
f 1139 1138 1137
f 1135 1144 1137
f 1139 1137 1144
f 1142 1144 1135
f 1147 1140 1143
f 1140 1142 1143
f 1104 1103 1146
f 1141 1146 1145
f 1106 2390 1141
f 1143 1149 1150
f 1145 1144 1142
f 1156 1144 1145
f 2390 1104 1146
f 1145 1146 1156
f 2390 1146 1141
f 1143 1022 1147
f 968 1147 1022
f 1152 1019 1150
f 1148 1142 1135
f 1142 1148 1149
f 1135 1158 1154
f 1151 1149 1148
f 1150 1019 1020
f 1137 1167 1158
f 1052 1157 1168
f 1151 1152 1149
f 1019 1152 1021
f 1022 1150 1020
f 1152 1150 1149
f 1154 1153 1151
f 1154 1151 1148
f 1135 1154 1148
f 1144 1156 1139
f 1157 1052 1155
f 1158 1157 1155
f 1138 1163 1167
f 1155 1154 1158
f 1137 1158 1135
f 1167 1157 1158
f 1161 1172 913
f 1162 2329 1160
f 1163 1159 1160
f 1162 1161 913
f 1159 1161 1160
f 1110 1162 913
f 1165 1160 2329
f 1163 1165 1169
f 1159 1163 1164
f 2329 1166 1165
f 1163 1169 1167
f 1166 1168 1169
f 1111 1166 2329
f 1168 1055 1054
f 1166 1169 1165
f 1138 1167 1137
f 1052 1168 1054
f 1157 1169 1168
f 1167 1169 1157
f 1113 1170 1081
f 1171 1170 1113
f 1172 1171 1113
f 1171 1159 1164
f 1114 1172 1113
f 1145 1140 1141
f 1142 1140 1145
f 616 617 618
f 1311 1234 1272
f 1269 1219 1220
f 616 618 619
f 619 1276 616
f 1345 616 1276
f 1276 619 1173
f 1271 1269 1263
f 1271 1218 1219
f 1348 1312 1350
f 1236 1258 2292
f 647 648 1244
f 1353 1179 1180
f 2331 1258 1266
f 1488 611 612
f 1269 1240 2288
f 2330 1310 1234
f 1267 1261 1250
f 2338 1186 1187
f 1286 1253 1259
f 1247 1224 1225
f 607 608 1433
f 613 614 1486
f 1274 1275 1336
f 1239 1238 1251
f 1507 1357 1394
f 1310 2288 1255
f 1243 647 1244
f 1217 1285 1216
f 872 1443 1445
f 1234 1311 2330
f 1736 1515 1510
f 1237 1261 1260
f 1446 841 880
f 1255 2288 1259
f 1235 1231 1232
f 1397 601 602
f 1323 596 597
f 598 1366 961
f 1325 1297 1378
f 601 1397 1398
f 1334 1306 1213
f 2292 1228 1229
f 1247 1253 1246
f 1226 1227 1242
f 1327 1295 1328
f 1247 1246 1224
f 1339 1343 1340
f 1326 596 1323
f 1232 2291 2290
f 1293 1332 1233
f 1245 1243 1238
f 1226 1242 1254
f 1223 1224 1246
f 1239 1246 1253
f 2292 1258 1241
f 1229 1230 2289
f 1230 1231 1249
f 1240 1248 1286
f 1202 1920 1438
f 1188 1362 1361
f 1241 2331 1267
f 1188 1189 1362
f 1262 1264 1305
f 1265 1261 1267
f 1342 1479 1341
f 1282 1283 1191
f 1395 1204 1205
f 1249 1257 2289
f 1255 1256 1237
f 1245 1248 1221
f 1258 2331 1241
f 1437 1392 1436
f 1437 1498 1392
f 1242 1250 1261
f 1192 1282 1191
f 1238 1244 1251
f 1237 1242 1261
f 1246 1251 1223
f 1247 1256 1253
f 1503 1549 1201
f 1259 1256 1255
f 1550 1201 1549
f 1244 1222 1251
f 1495 1199 1200
f 1236 2292 2289
f 1198 1199 1496
f 1260 1234 1310
f 1260 1255 1237
f 1218 1271 1217
f 1272 1260 1261
f 1263 2330 1309
f 1242 1227 1250
f 1221 1248 1220
f 1238 1243 1244
f 1256 1247 1254
f 1260 1310 1255
f 1287 1257 1249
f 648 1222 1244
f 1237 1256 1254
f 1243 1252 663
f 663 1252 646
f 2289 1257 1236
f 1245 1252 1243
f 1228 1250 1227
f 1243 663 647
f 1221 646 1252
f 1268 1258 1236
f 1415 1209 1210
f 1251 1246 1239
f 1221 1252 1245
f 1381 1382 1343
f 1241 1250 1228
f 1272 1234 1260
f 1222 1223 1251
f 1225 1226 1254
f 1300 1333 1214
f 1212 1306 1308
f 1286 1245 1238
f 1286 1239 1253
f 1308 1306 1307
f 1241 1228 2292
f 1242 1237 1254
f 1256 1259 1253
f 1286 1259 1240
f 2288 1240 1259
f 1272 1261 1265
f 1274 1265 1273
f 1258 1268 1266
f 1265 2331 1273
f 1262 1304 1264
f 1273 2331 1266
f 1241 1267 1250
f 1257 1291 1236
f 1266 1268 1264
f 1271 1263 1309
f 1309 1217 1271
f 1248 1240 1220
f 1270 1273 1304
f 1269 1271 1219
f 1274 1272 1265
f 1311 1272 1336
f 1274 1273 1270
f 1264 1304 1266
f 1275 1274 1270
f 1274 1336 1272
f 1301 1303 1299
f 1270 1301 1299
f 1275 2391 1336
f 1175 1176 1350
f 614 615 1344
f 1277 1276 1173
f 1173 1174 1277
f 1312 1174 1175
f 1177 1349 1350
f 1312 1277 1174
f 1277 1312 1314
f 1183 1184 1360
f 1199 1495 1496
f 1445 893 872
f 1282 1281 1283
f 1282 1193 1281
f 1283 1281 1406
f 1190 1191 1283
f 600 601 1398
f 1484 1614 2393
f 1233 1330 1293
f 1288 1294 1292
f 1217 1309 1285
f 1215 1216 1285
f 1239 1286 1238
f 1235 1287 1231
f 1288 1287 1235
f 2291 1377 2290
f 1268 1289 1264
f 1293 1330 1290
f 1236 1291 1289
f 1288 1292 1287
f 1290 1291 1257
f 1331 1291 1290
f 1290 1292 1293
f 1296 1332 1293
f 1296 1292 1294
f 1292 1296 1293
f 1288 2293 1295
f 1288 1295 1294
f 1328 1295 2293
f 1327 1323 1368
f 1297 1296 1294
f 1378 1295 1327
f 1297 1325 2333
f 1297 1332 1296
f 1303 1301 1302
f 1275 1270 1299
f 1300 2391 1298
f 1298 2391 1275
f 1299 1298 1275
f 1214 1894 1335
f 1301 1304 1262
f 1302 1301 1262
f 1303 1302 1307
f 1299 1303 1298
f 1306 1334 1303
f 1333 1334 1213
f 1270 1304 1301
f 1304 1273 1266
f 1478 1479 1480
f 1308 1343 1382
f 1306 1303 1307
f 1213 1306 1212
f 1340 1341 1479
f 1302 1341 1340
f 1382 1212 1308
f 2288 1310 1263
f 1311 1336 2334
f 1312 1348 1314
f 1344 1346 614
f 1350 1312 1175
f 1314 1345 1277
f 1348 1349 1429
f 1348 1384 1314
f 1432 1384 1431
f 609 610 1387
f 1584 1278 1533
f 1517 1446 1447
f 1516 1433 1388
f 1396 1206 1207
f 1365 1189 1190
f 2338 1187 1361
f 1408 1405 1406
f 1407 1408 1406
f 1365 1283 1406
f 1365 1405 1362
f 1210 1734 1415
f 1474 1484 2393
f 1419 1483 1477
f 1555 1395 1556
f 1368 597 853
f 1369 853 961
f 1370 1368 1369
f 1378 1297 1294
f 1325 1324 1371
f 1371 1324 1376
f 1326 1328 2293
f 596 1326 1377
f 1368 1323 597
f 1368 1370 1327
f 1324 1325 1378
f 1328 1323 1327
f 1323 1328 1326
f 1377 2293 2290
f 1379 1330 1233
f 1291 1331 1289
f 1342 1305 1423
f 1290 1330 1331
f 1379 1331 1330
f 1335 1300 1214
f 1333 1300 1334
f 1300 1298 1334
f 1303 1334 1298
f 1329 1335 1894
f 1300 1335 2391
f 1329 1337 1335
f 2391 1337 1336
f 1338 2334 2392
f 1285 1309 1338
f 1340 1308 1307
f 1305 1342 1341
f 1262 1305 1341
f 1302 1340 1307
f 1375 1423 1233
f 1375 1233 1417
f 1262 1341 1302
f 1426 1381 1343
f 1379 1423 1305
f 1308 1340 1343
f 1345 1344 615
f 616 1345 615
f 1277 1345 1276
f 1346 1352 1486
f 1313 1545 1617
f 1493 1494 1591
f 1431 1429 1383
f 1384 1348 1429
f 1351 1177 1178
f 1429 1349 1347
f 1177 1350 1176
f 1348 1350 1349
f 1349 1177 1351
f 1434 1178 1179
f 1349 1351 1347
f 1314 1385 1344
f 1345 1314 1344
f 1384 1385 1314
f 1344 1385 1346
f 1386 1352 1432
f 1388 1547 1661
f 1387 1548 609
f 1430 1347 1390
f 1694 1709 1708
f 1444 1394 1443
f 1455 1456 1459
f 1407 1409 1280
f 1359 1195 1196
f 1197 1463 1976
f 1389 1466 1467
f 1362 1189 1365
f 1187 1188 1361
f 1322 1364 1321
f 1364 1194 1321
f 1321 1194 1363
f 1364 1322 1193
f 1281 1322 1406
f 1281 1193 1322
f 1283 1365 1190
f 1406 1322 1407
f 598 599 1460
f 1327 1370 1324
f 1734 1210 1211
f 1482 1543 1415
f 1369 1368 853
f 961 1366 1369
f 1370 1366 1324
f 1371 1373 1475
f 1373 1520 1457
f 1417 1233 1332
f 1520 1371 1376
f 1418 1417 2333
f 1417 1374 1375
f 1332 1297 2333
f 1417 1418 1374
f 1478 1339 1479
f 1480 1423 1375
f 1476 1375 1374
f 1472 1366 1460
f 596 1377 1284
f 2293 1377 1326
f 1295 1378 1294
f 1324 1378 1327
f 2392 1329 1215
f 1289 1379 1264
f 1331 1379 1289
f 1338 2330 1311
f 1309 2330 1338
f 1380 1426 1421
f 1426 1343 1339
f 1381 1426 1425
f 1427 1486 1487
f 1489 1487 1428
f 1430 1429 1347
f 1385 1384 1432
f 1547 1591 1546
f 1389 1180 1181
f 1466 1182 1403
f 1434 1353 1390
f 1351 1178 1434
f 1389 1353 1180
f 1523 1353 1389
f 1429 1430 1383
f 1351 1434 1347
f 1347 1434 1390
f 2394 1390 1353
f 1503 1202 1438
f 1550 1391 1495
f 1197 1198 1497
f 1392 1498 1499
f 1442 1393 1439
f 1447 880 606
f 1507 1508 1506
f 1204 1395 1554
f 1208 1367 1413
f 1597 1557 1442
f 1393 1440 1439
f 1556 1395 1396
f 1204 1554 1441
f 1448 602 844
f 1449 844 603
f 2341 1320 1458
f 1448 1397 602
f 1458 1397 2341
f 1449 1450 1448
f 1194 1400 1363
f 1196 1463 1464
f 1401 1195 2336
f 1522 1359 1464
f 1465 1184 1185
f 1404 1185 1186
f 1403 1527 1467
f 1182 1466 1181
f 1465 1360 1184
f 1182 1183 1403
f 2337 2338 1361
f 1404 1402 1465
f 1280 1411 1586
f 1186 2338 1404
f 1525 1402 1404
f 1362 1405 1524
f 1406 1405 1365
f 1407 1322 1321
f 1409 1407 1321
f 1407 1280 1408
f 1409 1321 1363
f 1470 1408 1280
f 1405 1408 1524
f 1363 1410 1409
f 1400 1401 1410
f 1411 1280 1409
f 1542 1413 1367
f 1414 1416 1412
f 1206 1396 1205
f 1543 1416 1414
f 1543 1414 1415
f 1209 1415 1414
f 1543 1484 1474
f 1367 1208 1412
f 1207 1208 1413
f 1324 1366 1472
f 1369 1366 1370
f 1376 1324 1472
f 2333 1417 1332
f 1475 1325 1371
f 2333 1475 1418
f 1566 1418 1475
f 1374 1418 1372
f 1419 1374 1372
f 1374 1419 1477
f 1566 1372 1418
f 1374 1477 1476
f 1375 1476 1480
f 1479 1339 1340
f 1478 1480 1476
f 1477 1483 1422
f 1478 1421 1339
f 1421 1420 1735
f 1421 1735 1380
f 1422 1735 1420
f 1420 1476 1477
f 1735 1422 1482
f 1233 1423 1379
f 1426 1339 1421
f 1425 1426 1380
f 1489 1427 1487
f 613 1486 1427
f 1487 1352 1386
f 1486 1352 1487
f 1383 1545 1431
f 1490 1530 1491
f 1432 1431 1313
f 1384 1429 1431
f 1432 1313 1616
f 1385 1432 1352
f 1493 1387 610
f 1548 1433 608
f 1466 1389 1181
f 1353 1434 1179
f 1490 2394 1530
f 1467 1527 1583
f 1435 1523 1583
f 2394 1353 1523
f 1389 1467 1523
f 1523 1435 2394
f 1436 1438 1437
f 1438 1920 1437
f 1498 1437 1440
f 1438 1436 1503
f 1439 1440 1203
f 1441 1442 1439
f 1498 1440 1393
f 1442 1441 1554
f 1505 1355 1498
f 1597 1442 1554
f 1393 1442 1557
f 1444 1443 605
f 1445 1443 1394
f 840 841 2335
f 893 1445 1560
f 1447 1446 880
f 606 607 1518
f 1358 1446 1517
f 1395 1205 1396
f 1207 1413 1396
f 1413 1542 1473
f 1449 1448 844
f 1399 1449 603
f 1449 1399 1450
f 603 604 1399
f 1399 1451 1450
f 1519 1565 1452
f 1399 1561 1451
f 1452 1565 2341
f 1450 1451 1452
f 2341 1565 1320
f 1448 2341 1397
f 1452 2341 1450
f 1448 1450 2341
f 1453 1320 1454
f 1398 1458 1459
f 1458 1398 1397
f 1453 1424 1455
f 1458 1320 1453
f 1454 1737 1424
f 1453 1454 1424
f 1472 1471 1376
f 1471 1456 1455
f 1453 1455 1459
f 1424 1457 1455
f 2342 1456 1460
f 1398 1459 2342
f 1521 1566 1373
f 1459 1458 1453
f 2342 1459 1456
f 599 2342 1460
f 1460 1471 1472
f 598 1460 1366
f 1398 2342 600
f 1461 1462 1410
f 1401 1461 1410
f 1463 1196 1976
f 1359 1196 1464
f 1497 1198 1496
f 1497 1553 1463
f 1552 1551 1594
f 1553 1464 1463
f 1522 1464 1571
f 1404 1465 1185
f 1360 1465 1402
f 1467 1466 1403
f 1583 1523 1467
f 1470 1524 1408
f 1280 1586 1470
f 1470 2337 1524
f 1538 1536 1469
f 1576 1534 1462
f 1410 1462 1409
f 1586 1534 1538
f 1586 1538 1469
f 1541 1470 1469
f 1456 1471 1460
f 2393 1614 1649
f 1396 1413 1473
f 1555 1556 1647
f 1556 1396 1473
f 1412 1416 1367
f 1416 1474 1367
f 1566 1475 1373
f 1325 1475 2333
f 1566 1569 1372
f 1636 1737 1634
f 1420 1477 1422
f 1476 1420 1478
f 1421 1478 1420
f 1480 1479 1342
f 1423 1480 1342
f 1482 1481 1543
f 1481 1482 1422
f 1484 1485 1614
f 1484 1481 1485
f 1483 1485 1481
f 1385 1352 1346
f 1650 1487 1386
f 1489 1488 612
f 1654 1488 1428
f 1428 1488 1489
f 1490 1430 1390
f 2394 1490 1390
f 1491 1492 1490
f 1491 2344 1492
f 1545 1313 1431
f 1591 1494 1652
f 611 1493 610
f 611 1494 1493
f 609 1548 608
f 1550 1495 1200
f 1201 1550 1200
f 1496 1495 1391
f 1197 1497 1463
f 1552 1497 1496
f 1553 1497 1552
f 1393 1557 1505
f 1498 1355 1499
f 1501 1621 1354
f 1392 1499 1502
f 1502 1499 1500
f 1436 1392 1501
f 1316 1502 2343
f 1392 1502 1501
f 1686 1684 1316
f 1920 1203 1440
f 1437 1920 1440
f 1503 1354 1549
f 1501 1354 1436
f 1354 1503 1436
f 1555 1597 1554
f 1732 1597 1555
f 1558 1504 1557
f 1393 1505 1498
f 1733 1355 1505
f 605 840 1444
f 1507 1394 1508
f 1509 1507 1506
f 1559 2335 1446
f 1508 1559 1506
f 1506 1559 1723
f 1508 1444 2335
f 1723 1559 1358
f 1509 1357 1507
f 1515 1451 1511
f 1445 1513 1560
f 1317 1514 1512
f 1510 1357 1512
f 1513 1510 1511
f 1317 1512 1509
f 1509 1512 1357
f 1512 1736 1510
f 1736 1512 1514
f 1562 1514 1710
f 1563 1515 1736
f 1451 1515 1563
f 1515 1511 1510
f 1447 1516 1517
f 1388 1661 1672
f 1516 1447 1518
f 1516 2355 1517
f 606 1518 1447
f 607 1433 1518
f 1637 1598 1625
f 1710 1712 1562
f 1519 1452 1563
f 1519 1598 1565
f 1471 1520 1376
f 1457 1520 1455
f 1455 1520 1471
f 1372 1569 1567
f 1359 1522 1573
f 1576 1462 2339
f 1461 1401 2336
f 1571 1572 1522
f 1524 2337 1361
f 1362 1524 1361
f 1539 1525 1536
f 1402 1525 1526
f 1527 2395 1609
f 1609 2395 1526
f 1491 1530 1531
f 1589 1610 1609
f 2344 1531 1533
f 1530 1529 1531
f 1531 1529 1532
f 1491 1531 2344
f 1609 1612 1528
f 1584 1533 1532
f 1608 1533 1278
f 2339 1577 1576
f 1534 1576 1468
f 1534 1468 1538
f 1462 1534 1411
f 1468 1537 1538
f 1536 1525 1541
f 1470 1586 1469
f 1534 1586 1411
f 1468 1576 1575
f 1540 1589 1535
f 1469 1536 1541
f 1539 1536 1535
f 1535 1536 1538
f 1535 1538 1537
f 1539 1535 1589
f 1525 1539 1526
f 1535 1537 1540
f 1528 1612 1613
f 1581 1579 1582
f 1470 1541 2337
f 1474 1542 1367
f 1484 1543 1481
f 1568 1614 1485
f 1649 1614 1615
f 1492 1383 1430
f 1383 1492 1545
f 1585 1492 2344
f 1651 1643 1669
f 1494 1488 1654
f 1545 1492 1585
f 1490 1492 1430
f 1388 1433 1548
f 1494 611 1488
f 1547 1548 1387
f 1591 1547 1387
f 1547 1620 1661
f 1354 1621 2347
f 2347 1550 1549
f 1391 1550 2347
f 1551 1496 1391
f 1391 1622 1551
f 1594 1596 1571
f 1551 1552 1496
f 1553 1571 1464
f 1555 1554 1395
f 1505 1557 1504
f 1648 2350 1319
f 1559 1508 2335
f 1394 1444 1508
f 1358 1559 1446
f 1445 1394 1513
f 1357 1513 1394
f 1560 1513 1511
f 1357 1510 1513
f 1511 1561 1560
f 1399 604 1561
f 1560 604 893
f 1451 1561 1511
f 1672 1516 1388
f 1516 1518 1433
f 1451 1563 1452
f 1598 1564 1624
f 1563 1564 1519
f 1565 1637 1320
f 1637 1565 1598
f 1569 1566 1521
f 1520 1373 1371
f 1521 1373 1457
f 1737 1631 1632
f 1419 1567 1483
f 1567 1569 1570
f 1568 1570 1544
f 1567 1570 1485
f 1634 1570 1569
f 1594 1571 1552
f 1572 1571 1596
f 1572 1578 1599
f 1599 1573 1522
f 1461 1573 2339
f 2339 1599 1577
f 1468 1575 1537
f 1579 1574 1578
f 1575 1576 1574
f 1573 1599 2339
f 1574 1576 1577
f 1574 1577 1578
f 1356 1675 1677
f 1574 1581 1575
f 1574 1579 1581
f 1578 1572 1600
f 1579 1578 1600
f 1676 1689 1679
f 1601 2345 1540
f 1640 1641 1679
f 1537 1575 1601
f 1527 1403 2395
f 1527 1528 1583
f 1435 1583 1528
f 1584 1532 1588
f 1532 1587 1588
f 1643 1608 1278
f 2397 1585 1608
f 1585 1617 1545
f 2344 1608 1585
f 1532 1533 1531
f 1608 2344 1533
f 1610 1589 1540
f 1609 1610 1612
f 1584 1588 2346
f 1587 1532 1529
f 1612 1610 1611
f 1611 1588 1587
f 1526 1589 1609
f 1539 1589 1526
f 1647 1556 1473
f 1615 1568 1544
f 1493 1591 1387
f 1546 1591 1652
f 1619 1546 1315
f 1653 1315 1652
f 1546 1619 1620
f 1546 1620 1547
f 1388 1548 1547
f 1354 2347 1549
f 1551 1595 1594
f 1600 1596 1356
f 1596 1595 1356
f 1595 1596 1594
f 1557 1597 1558
f 604 1560 1561
f 1562 1624 1564
f 1564 1598 1519
f 1625 1598 1624
f 1569 1521 1634
f 1572 1599 1522
f 1577 1599 1578
f 1596 1600 1572
f 1581 1601 1575
f 1607 1638 1639
f 1582 1639 1638
f 1607 1580 1605
f 1278 1584 1603
f 1619 1671 1657
f 1643 1603 1602
f 1602 1669 1643
f 1606 2346 1604
f 1580 1639 1640
f 1604 2400 1606
f 1605 1604 2346
f 1611 1645 1588
f 1605 1580 1664
f 2399 1657 1671
f 1645 1605 2346
f 1527 1609 1528
f 1610 1540 2345
f 1612 1587 1613
f 1610 2345 1611
f 2345 1638 1644
f 1435 1613 1529
f 1648 1647 1646
f 1615 1614 1568
f 1627 1615 1544
f 1649 1615 1633
f 1432 1616 1386
f 1617 1616 1313
f 1590 1617 2397
f 1616 1617 1590
f 1652 1315 1546
f 1655 1671 1619
f 1656 1620 1619
f 1656 1672 1661
f 1622 1391 2347
f 1595 1551 1673
f 1662 1622 2347
f 1673 1551 1622
f 1673 1622 1662
f 1658 1680 1699
f 1356 1595 1674
f 1562 1626 1624
f 1624 1626 1663
f 1625 1631 1637
f 2348 1627 1632
f 1716 1712 1710
f 1663 1626 1718
f 1627 1544 1632
f 1627 2348 1629
f 1663 2349 1628
f 1635 1633 1629
f 2348 1628 1629
f 1628 1625 1663
f 1712 1715 1718
f 1648 1319 1647
f 1630 1629 2349
f 1635 1629 1630
f 1737 1454 1631
f 1632 1631 2348
f 1634 1632 1544
f 1615 1627 1633
f 1629 1633 1627
f 1634 1544 1570
f 1646 2396 1648
f 1635 1648 2396
f 1521 1636 1634
f 1637 1454 1320
f 1454 1637 1631
f 1607 1639 1580
f 1681 1666 1668
f 1640 1664 1580
f 1641 1639 1582
f 1665 1664 1666
f 1579 1600 1677
f 1678 1582 1579
f 1641 1640 1639
f 1641 1676 1679
f 1356 1674 1675
f 1595 1673 1674
f 1659 1603 1606
f 1603 1643 1278
f 1604 1605 1664
f 1644 1638 1607
f 1585 2397 1617
f 1612 1611 1587
f 1645 1611 1644
f 1644 1607 1645
f 1605 1645 1607
f 2346 1588 1645
f 1529 1613 1587
f 1646 1647 1473
f 1647 1319 1555
f 1630 1714 2350
f 1649 2396 2393
f 1635 1649 1633
f 1650 1654 1428
f 1654 1618 1652
f 1487 1650 1428
f 1651 1618 1590
f 1618 1654 1650
f 1643 2397 1608
f 1651 1669 1653
f 1650 1590 1618
f 1654 1652 1494
f 1653 1652 1618
f 1651 1653 1618
f 1655 1619 1315
f 1655 1315 1653
f 1669 1655 1653
f 1619 1657 1656
f 1657 1658 1593
f 1658 1657 1592
f 1660 1592 2399
f 1657 1593 1656
f 1593 1658 1670
f 1659 1671 1602
f 1659 1602 1603
f 1660 2399 2400
f 1656 1661 1620
f 1672 1656 1593
f 1593 2401 1672
f 1358 1517 1738
f 1663 1718 2349
f 1625 1624 1663
f 1604 1664 1665
f 1679 1666 1640
f 1660 1665 1681
f 1604 1665 2400
f 1666 1681 1665
f 1640 1666 1664
f 1682 1668 1666
f 1666 1679 1682
f 1668 1667 1687
f 1655 1669 1602
f 1680 1658 1592
f 1602 1671 1655
f 1683 2401 2398
f 1621 1316 1662
f 1675 1674 1642
f 1642 1676 1675
f 1678 1677 1675
f 1642 1689 1676
f 1676 1641 1678
f 1356 1677 1600
f 1675 1676 1678
f 1582 1678 1641
f 1579 1677 1678
f 1667 1693 1687
f 1687 1681 1668
f 1592 1660 1680
f 1689 1682 1679
f 1668 1682 1690
f 1683 2398 1739
f 1672 1683 2355
f 2421 1623 1642
f 1662 1684 2421
f 2354 2403 1726
f 1685 1686 2343
f 1692 1686 1685
f 1699 1680 1687
f 1681 1687 1680
f 1688 1670 1699
f 1318 2398 1688
f 1670 1658 1699
f 1668 1690 1667
f 1689 1690 1682
f 2351 1692 2352
f 1667 1690 2352
f 1689 1623 1690
f 2351 1686 1692
f 1691 1692 1279
f 1693 1667 1691
f 1719 1720 1721
f 1692 1685 1695
f 1692 1695 1279
f 1719 1699 1693
f 1685 2353 2354
f 1514 1697 1710
f 1696 1708 1697
f 1317 1697 1514
f 1696 1694 1708
f 1355 1500 1499
f 2353 2343 1500
f 1705 1703 1704
f 1697 1317 1696
f 1500 1355 1698
f 1505 1504 1733
f 1720 1691 1279
f 1699 1687 1693
f 1694 1696 1703
f 1719 1721 1725
f 1703 1696 1704
f 1702 1725 1700
f 1317 1509 1704
f 1703 1705 1702
f 1707 1706 1727
f 1500 1698 2353
f 2353 1698 1727
f 1702 1701 1694
f 1695 1701 1700
f 1701 1695 1726
f 1701 1702 1700
f 1725 1702 1705
f 1688 1699 1719
f 1700 1279 1695
f 1694 1703 1702
f 1317 1704 1696
f 1506 1722 1509
f 1722 1704 1509
f 1722 1705 1704
f 1701 2402 1694
f 1727 2354 2353
f 1706 1713 1709
f 1626 1712 1718
f 1712 1626 1562
f 1713 1716 1709
f 2402 1726 2403
f 1727 2403 2354
f 1710 1708 1716
f 1706 1730 1713
f 1716 1708 1709
f 1708 1710 1697
f 1319 1728 1732
f 1712 1716 1715
f 1730 1706 1707
f 1711 1715 1713
f 2349 1714 1630
f 1728 2350 1714
f 1733 1731 1707
f 1731 1729 1730
f 1711 1717 1715
f 1717 1718 1715
f 1731 1504 1558
f 1713 1715 1716
f 1728 1717 1711
f 1718 1717 1714
f 2349 1718 1714
f 1720 1719 1693
f 1688 1719 1725
f 1693 1691 1720
f 1279 1700 1721
f 1725 1721 1700
f 1279 1721 1720
f 1723 1722 1506
f 1723 1738 1739
f 1738 1723 1358
f 1705 1722 1724
f 1724 1722 1723
f 1724 1723 1739
f 1724 1725 1705
f 1318 1725 1724
f 1725 1318 1688
f 1726 2402 1701
f 1685 2354 1695
f 1706 2403 1727
f 1733 1707 1698
f 1635 1630 1648
f 1714 1717 1728
f 1711 1729 1728
f 1729 1732 1728
f 1730 1729 1711
f 1732 1729 1558
f 1713 1730 1711
f 1730 1707 1731
f 1504 1731 1733
f 1558 1729 1731
f 1558 1597 1732
f 1728 1319 2350
f 1319 1732 1555
f 1727 1698 1707
f 1355 1733 1698
f 1425 1380 1734
f 1380 1735 1734
f 1415 1734 1482
f 1735 1482 1734
f 1613 1435 1528
f 1530 1435 1529
f 1736 1564 1563
f 1514 1562 1736
f 1564 1736 1562
f 1634 1737 1632
f 1424 1737 1636
f 1672 2355 1516
f 1724 1739 1318
f 1794 1282 1192
f 1758 1794 1192
f 1364 1856 1855
f 1216 1852 1759
f 1193 1856 1364
f 1855 1194 1364
f 1973 1199 1198
f 1770 1769 1792
f 1852 1216 1215
f 1282 1794 1795
f 1756 1820 1757
f 1750 1982 1751
f 1809 1854 1785
f 2301 1793 1779
f 1201 1923 1503
f 1770 1792 1785
f 1883 1922 1920
f 1788 1773 1772
f 1503 1923 1996
f 1791 1793 1771
f 1848 1806 2296
f 1758 1757 1794
f 1928 1208 1207
f 1933 1204 2004
f 1776 1810 1780
f 1412 1208 1930
f 1209 1866 1210
f 1790 1778 1760
f 2087 1775 2081
f 1762 1761 1803
f 1777 1786 84
f 1793 1772 1771
f 1781 1764 1786
f 1382 1381 1865
f 1783 2294 1763
f 1832 1865 1899
f 85 1786 1764
f 1206 1205 1931
f 1761 1760 1778
f 1781 1774 1839
f 1193 1282 1795
f 1790 1759 1852
f 2359 2332 1894
f 1787 1777 83
f 1762 1803 1783
f 1786 1774 1781
f 2410 2192 2222
f 1787 1763 2294
f 83 1777 84
f 1786 85 84
f 1780 1792 1769
f 1213 1835 1333
f 1912 1914 1748
f 2004 1204 1441
f 1820 1794 1757
f 1912 1747 1937
f 1745 1888 1746
f 1741 1740 2358
f 1195 2035 1196
f 1934 1888 1745
f 1994 2356 15
f 1799 1861 2358
f 1827 1743 1742
f 1987 1915 2356
f 1788 2295 1773
f 1742 1741 1831
f 1861 24 23
f 1803 1761 1778
f 2358 1829 1831
f 14 13 1916
f 1799 1740 27
f 1826 1862 1955
f 1862 1826 23
f 27 26 24
f 1794 1820 1795
f 25 24 26
f 24 1799 27
f 19 1891 238
f 1790 1760 1759
f 1777 1787 2294
f 1780 1768 1802
f 21 2303 2018
f 22 21 1890
f 1799 2358 1740
f 1827 1742 1831
f 1802 1782 1840
f 2301 1808 2295
f 1772 1793 2297
f 1773 2298 2299
f 1838 1839 1774
f 1211 1958 1900
f 1 1784 2405
f 1 2300 1784
f 1778 1790 1789
f 1770 1785 1791
f 1781 1765 1764
f 1781 1839 1765
f 1786 1777 1774
f 1839 1766 1765
f 1842 1784 2404
f 1810 1792 1780
f 1763 1787 82
f 1769 1768 1780
f 1971 1756 1755
f 1904 1963 1835
f 1885 10 229
f 1802 1768 1767
f 1839 1782 1766
f 83 82 1787
f 1926 1886 1925
f 1854 1816 2357
f 1215 1329 2332
f 1783 1763 1762
f 1875 5 4
f 1801 1848 1851
f 1886 1926 2079
f 1867 1906 1964
f 1766 1782 1767
f 275 5 1867
f 1924 1927 2008
f 1841 1872 1840
f 1881 1916 1991
f 2294 1774 1777
f 1382 1902 1212
f 1782 1839 1838
f 1869 1803 1836
f 1782 1802 1767
f 1802 1840 1776
f 1778 1789 1803
f 1872 1811 1810
f 1842 1804 1784
f 1842 1806 1804
f 1845 3 2405
f 1806 1842 1843
f 1804 1805 1845
f 2296 1846 1848
f 1845 1805 1844
f 234 3 1845
f 1807 1215 2332
f 1808 2301 1779
f 2238 2239 1779
f 2295 1808 1850
f 1810 1811 1813
f 1809 1785 1792
f 1816 1813 1815
f 1872 1810 1776
f 1810 1813 1809
f 1814 1811 1873
f 2359 1864 1817
f 1812 1817 1864
f 1813 1811 1814
f 1897 1815 1812
f 1814 1873 1868
f 1812 1813 1814
f 1864 2250 1897
f 1898 1818 1815
f 1812 1815 1813
f 1815 1818 1816
f 1818 2357 1816
f 1809 1816 1854
f 1812 1814 1817
f 1813 1816 1809
f 2357 1818 2242
f 2357 1819 1854
f 1980 1194 1855
f 1879 1911 1754
f 1754 1753 1879
f 1197 1976 1877
f 1748 1914 1749
f 1882 2362 1991
f 1944 2020 2178
f 2419 1923 2413
f 1744 1827 1889
f 2016 1858 2015
f 1954 2064 2065
f 1955 1862 22
f 1828 1827 1831
f 1828 1831 1829
f 2065 1830 1954
f 1828 1829 1957
f 2103 1938 1935
f 1830 1889 1828
f 1830 1936 1889
f 1831 1741 2358
f 1214 1863 1894
f 1899 1381 1425
f 1865 1960 1902
f 1866 1958 1210
f 1844 1849 1875
f 1212 1902 1904
f 1898 1815 1897
f 1802 1776 1780
f 1872 1776 1840
f 1789 1853 1868
f 1872 1841 1873
f 1782 1838 1840
f 1869 1870 1803
f 1840 1838 1837
f 1838 1774 1871
f 1840 1837 1841
f 1869 1841 1837
f 1873 1836 1868
f 1843 1842 2298
f 1843 2298 2295
f 1847 1801 1849
f 4 1845 1844
f 1848 1801 1847
f 1805 1806 1847
f 1848 1847 1806
f 1874 1801 1851
f 1805 1847 1844
f 1848 1846 1851
f 1834 1905 1849
f 1844 1847 1849
f 1843 1850 2296
f 1850 1966 2296
f 2295 1850 1843
f 2241 1966 1850
f 1966 1967 1965
f 2241 1850 1808
f 1967 1966 2241
f 1907 1851 1846
f 1852 1807 1853
f 1852 1215 1807
f 1810 1809 1792
f 1814 1868 1817
f 1790 1853 1789
f 1817 1853 1807
f 1852 1853 1790
f 1791 1785 1819
f 1856 1968 1855
f 2095 1975 1857
f 1795 1856 1193
f 1971 1820 1756
f 1877 1974 1197
f 1401 1400 1979
f 2038 2037 1910
f 1917 12 11
f 1921 1883 1920
f 2002 1999 2000
f 1883 1921 1997
f 1885 1924 1859
f 1964 274 275
f 1929 2009 1928
f 2057 1824 2119
f 2340 1203 1922
f 1937 1747 1746
f 1892 1952 1891
f 1915 268 16
f 1950 1946 1947
f 24 1861 1799
f 1861 23 1826
f 1890 1955 22
f 1955 1890 2022
f 1895 1214 1333
f 1864 1863 2250
f 1807 2359 1817
f 1863 1864 2359
f 1898 1897 1963
f 1865 1381 1899
f 1865 1832 1960
f 1900 1425 1211
f 1901 1960 1832
f 1212 1904 1213
f 1900 1958 1833
f 1867 5 1875
f 1905 1906 1867
f 1904 1835 1213
f 1789 1868 1836
f 1853 1817 1868
f 1841 1836 1873
f 1870 1869 1837
f 1838 1871 1837
f 1870 1783 1803
f 1774 2294 1871
f 1837 1871 1870
f 1873 1811 1872
f 1869 1836 1841
f 1845 4 234
f 1875 4 1844
f 1849 1874 1834
f 2092 2030 2091
f 1875 1849 1905
f 2030 2087 2088
f 2203 2162 2199
f 1908 1973 2034
f 1978 1195 1401
f 1857 1909 2035
f 1981 2036 1878
f 1911 1879 1983
f 2361 1752 1751
f 1880 2361 1910
f 2369 1983 1984
f 1911 1971 1755
f 1750 1749 1914
f 1910 2361 1982
f 1982 1913 2038
f 15 14 1916
f 1991 1990 1881
f 1921 1920 1202
f 2413 1201 1200
f 1924 9 8
f 1925 8 7
f 2097 2363 1919
f 1882 1917 1919
f 1924 1885 9
f 2008 1859 1924
f 2045 1885 1859
f 1925 1927 1924
f 1929 1207 1206
f 2010 1930 2009
f 2057 2058 2011
f 2076 1866 2054
f 2012 2059 1932
f 1934 1745 1744
f 1744 1743 1827
f 1985 2014 2015
f 1858 1912 1985
f 1889 1827 1828
f 20 1952 1951
f 1941 19 18
f 2408 18 294
f 1892 1891 1943
f 1940 1951 2021
f 238 1952 20
f 1941 1891 19
f 268 1915 1989
f 2408 1942 1941
f 1956 2022 1954
f 1826 1956 1829
f 2359 1894 1863
f 1835 1895 1333
f 1963 2250 1835
f 1214 1895 1863
f 1863 1895 2250
f 2250 1895 1835
f 1904 1902 1962
f 1864 1897 1812
f 2250 1963 1897
f 1818 1898 1896
f 1818 1896 2242
f 1900 1899 1425
f 1211 1210 1958
f 1959 1900 1833
f 1901 1832 1959
f 1865 1902 1382
f 1903 1901 2026
f 1896 1898 2407
f 1960 1962 1902
f 1906 1905 1834
f 1875 1905 1867
f 274 2027 6
f 1870 1871 1783
f 1874 1849 1801
f 2247 1834 1874
f 2092 1874 1851
f 1965 1907 1846
f 1907 2087 2030
f 1969 1968 1795
f 1968 1970 2031
f 2034 1973 1974
f 2035 1978 1857
f 1978 1979 1981
f 1979 2036 1981
f 1753 2361 1880
f 1751 1982 2361
f 1982 2038 1910
f 2205 2203 2204
f 1971 1972 1970
f 1754 1911 1755
f 1748 1747 1912
f 1914 2044 1913
f 1985 1912 1937
f 2044 1914 1912
f 1913 1982 1750
f 2062 1988 2061
f 268 1989 17
f 13 1991 1916
f 1917 1882 1991
f 1991 13 12
f 1919 1917 11
f 10 1918 1919
f 12 1917 1991
f 1885 1918 10
f 2097 1918 2045
f 1995 2166 1990
f 2097 1919 1918
f 1882 1919 2363
f 1922 1203 1920
f 1202 1503 1996
f 1931 1205 1933
f 2413 1923 1201
f 1200 1199 2006
f 2049 1923 2419
f 1925 1924 8
f 1926 1925 7
f 7 6 1926
f 1886 2007 1927
f 2008 1927 2052
f 1886 1927 1925
f 1929 1928 1207
f 1930 1928 2009
f 1931 1929 1206
f 1932 2009 1929
f 1412 2053 1414
f 2053 1930 2011
f 1932 1931 1887
f 1933 2055 1887
f 1887 2012 1932
f 1929 1931 1932
f 1204 1933 1205
f 1887 1931 1933
f 1889 1934 1744
f 1888 1934 1935
f 1889 1936 1934
f 2103 1935 1936
f 1934 1936 1935
f 1888 1937 1746
f 1938 2014 1935
f 1938 2015 2014
f 1938 2103 1939
f 2017 1986 2016
f 2024 2023 2066
f 1858 2016 1986
f 1951 2018 2303
f 1890 21 2018
f 2408 1941 18
f 17 2408 294
f 1989 2408 17
f 1893 1942 2408
f 1988 1893 1989
f 1947 1945 1942
f 1942 1893 1947
f 1943 1945 2406
f 1941 1943 1891
f 1950 1947 1893
f 1945 1943 1942
f 1941 1942 1943
f 1947 1946 1945
f 2020 1944 1946
f 2367 1798 2190
f 1944 1945 1946
f 1944 2178 2141
f 2172 2173 2175
f 1949 1950 2062
f 1950 1949 2063
f 20 1951 2303
f 2021 1951 1952
f 1952 238 1891
f 1953 2022 1890
f 1953 1890 2018
f 1954 2022 2064
f 1954 1957 1956
f 1955 2022 1956
f 1957 1954 1830
f 1955 1956 1826
f 1828 1957 1830
f 1829 1956 1957
f 1833 1958 2078
f 1959 1833 2084
f 1899 1900 1959
f 1959 1832 1899
f 1901 1903 1960
f 1962 1960 1903
f 2026 1961 1903
f 1963 1962 2407
f 2407 1962 1903
f 1904 1962 1963
f 1867 1964 275
f 2027 1964 1906
f 2249 1834 2247
f 1965 1846 1966
f 1965 1775 2087
f 2296 1966 1846
f 2244 2241 2239
f 1965 1967 1775
f 2302 2243 2244
f 1907 1965 2087
f 2087 2029 2088
f 2247 2092 2091
f 1969 1795 1820
f 1968 1969 1970
f 1971 1969 1820
f 2031 1970 1876
f 1979 1980 2036
f 1971 1911 1972
f 1969 1971 1970
f 1983 1972 1911
f 1876 1972 2369
f 1974 1973 1198
f 2006 1973 1908
f 1197 1974 1198
f 1975 1909 1857
f 2035 1909 1976
f 1976 1909 1877
f 2094 1909 1975
f 2161 2133 1977
f 2123 2411 1821
f 1978 2035 1195
f 1977 1857 1981
f 1978 1401 1979
f 1857 1978 1981
f 1980 1979 1400
f 1194 1980 1400
f 1980 1855 2032
f 1977 1981 1878
f 2360 1880 1910
f 1910 2037 2042
f 2360 2042 1984
f 1972 1983 2369
f 2360 1984 1983
f 1985 1937 2014
f 2015 1858 1985
f 1912 1858 2044
f 2416 1986 2017
f 1858 1986 2044
f 1913 1750 1914
f 1988 1989 1915
f 1989 1893 2408
f 2061 1988 1915
f 1893 1988 2062
f 2362 1995 1990
f 1993 1990 2166
f 1990 1991 2362
f 2138 2139 2136
f 1993 1881 1990
f 2251 1993 1992
f 1881 1993 2253
f 2135 1992 2111
f 1916 1994 15
f 2046 2097 2045
f 1882 2363 2362
f 1202 1996 2048
f 2048 1921 1202
f 1999 1997 2001
f 2206 2208 1823
f 1921 2048 1997
f 2000 1999 1998
f 2049 1996 1923
f 1999 2001 2420
f 1999 2002 1997
f 2001 2049 2211
f 2001 2048 2049
f 2050 2002 2279
f 2000 2269 2005
f 2005 2002 2000
f 2279 2002 2005
f 2050 1922 1883
f 2275 2270 2412
f 1884 2056 2003
f 2050 2003 1922
f 1441 2340 2004
f 2267 2005 2269
f 2005 2278 2279
f 2266 2413 2006
f 1200 2006 2413
f 1973 2006 1199
f 1886 2079 2007
f 1927 2007 2052
f 2008 2051 2046
f 1932 2059 2009
f 2011 2054 2053
f 1930 2010 2011
f 2057 2011 2010
f 2054 2011 2058
f 2053 2054 1209
f 1800 2075 2076
f 1209 1414 2053
f 1866 1209 2054
f 2055 1933 2004
f 2055 2056 2259
f 1860 2259 2258
f 2013 2059 2060
f 2059 2012 2060
f 1888 2014 1937
f 1935 2014 1888
f 2016 2015 2069
f 2067 1939 2066
f 2037 2039 2041
f 1953 2018 1940
f 1951 1940 2018
f 2368 1940 2021
f 2061 1987 2252
f 2101 2062 2061
f 1946 1950 2063
f 1892 2409 1952
f 2064 2022 1953
f 1830 2065 1936
f 1958 1866 2025
f 2025 2075 2078
f 2078 1958 2025
f 2104 1833 2078
f 1896 1961 2240
f 1964 2027 274
f 2249 1906 1834
f 2090 2091 2030
f 2145 2007 2263
f 2027 1926 6
f 1926 2027 2079
f 1901 2083 2026
f 2087 2081 2029
f 1907 2092 1851
f 2032 2031 2201
f 1968 2032 1855
f 2032 2201 2036
f 2033 2034 1877
f 2094 2411 2033
f 2034 1974 1877
f 2108 2411 2123
f 1976 1196 2035
f 2133 2095 1977
f 2032 2036 1980
f 2201 1878 2036
f 2039 2037 2038
f 2043 2042 2037
f 1984 2042 2205
f 2044 1986 1913
f 2040 2039 2416
f 2041 2040 2096
f 2016 2069 2017
f 2017 2074 2073
f 2096 2151 2109
f 2042 2043 2205
f 2040 2041 2039
f 2043 2037 2041
f 2042 2360 1910
f 2038 1913 1986
f 1885 2045 1918
f 2046 2045 1859
f 2008 2046 1859
f 2047 2046 2163
f 2049 2048 1996
f 1997 2048 2001
f 1997 2002 1883
f 2003 2340 1922
f 2004 2340 2003
f 2266 1908 2414
f 2266 2006 1908
f 2008 2052 2051
f 1930 2053 1412
f 2076 2054 2058
f 2057 2013 1824
f 2055 2259 1860
f 1887 1860 2012
f 2056 2055 2004
f 2003 2056 2004
f 2100 2013 2060
f 2058 2057 2118
f 2057 2010 2013
f 2013 2010 2059
f 2058 2118 2077
f 1824 2182 2146
f 2009 2059 2010
f 2012 2099 2060
f 2100 2099 2112
f 2099 2257 2112
f 1987 2061 1915
f 1893 2062 1950
f 1949 2101 2415
f 2064 2023 2065
f 2023 2024 2065
f 2103 2065 2024
f 2065 2103 1936
f 2023 2191 2190
f 2024 2066 1939
f 2367 2192 2193
f 2068 2017 2069
f 2067 2068 1939
f 2067 2066 1798
f 2068 2067 2070
f 2068 2070 2074
f 1939 2068 2069
f 2074 2070 2072
f 2074 2017 2068
f 2071 2073 2074
f 2071 2074 2072
f 2096 2040 2073
f 2017 2073 2416
f 2076 2075 2025
f 1866 2076 2025
f 2077 2076 2058
f 2077 1800 2076
f 2118 2119 2216
f 1800 2077 2105
f 2080 2027 1906
f 2007 2079 2263
f 2263 2079 2080
f 2027 2080 2079
f 1775 2244 2245
f 2081 2028 2082
f 2084 2104 2028
f 2104 2085 2082
f 2084 2083 1901
f 2246 2083 2028
f 1959 2084 1901
f 1833 2104 2084
f 2075 2085 2078
f 2084 2028 2083
f 2082 2028 2104
f 2075 1800 2085
f 2085 2086 2082
f 2086 2085 1800
f 2086 1800 2105
f 2029 2082 2086
f 2088 2029 2086
f 2030 2088 2090
f 2089 2088 2086
f 2180 2143 2089
f 2088 2089 2090
f 2089 2143 2090
f 2142 2091 2090
f 2092 1907 2030
f 2130 2194 2131
f 2034 2033 2149
f 1909 2094 1877
f 2411 2094 1975
f 2095 1821 1975
f 2094 2033 1877
f 1977 2095 1857
f 2109 2162 2043
f 2151 1796 2109
f 2136 2363 2047
f 2046 2047 2097
f 2138 2136 2110
f 2055 1860 1887
f 1860 2099 2012
f 1824 2013 2100
f 2099 2100 2060
f 2100 2112 2182
f 1822 2113 2415
f 2101 1822 2415
f 2114 1948 2113
f 2101 1949 2062
f 2061 2252 2101
f 2251 2102 1822
f 1993 2111 1992
f 1992 2102 2251
f 2063 2020 1946
f 2063 2116 2365
f 1939 2103 2024
f 2085 2104 2078
f 2144 2180 2181
f 2182 1824 2100
f 2132 2093 2414
f 2129 2108 2107
f 2108 2132 2033
f 2214 2213 2128
f 2051 2187 2163
f 2262 2276 2261
f 1993 2166 2111
f 2165 2139 2138
f 2237 2232 2236
f 2102 2164 2237
f 2102 2113 1822
f 2019 2365 2177
f 2235 2236 2232
f 2116 2115 2167
f 2102 2237 2113
f 2125 2194 2129
f 2116 2167 2177
f 2115 2116 1948
f 2063 1948 2116
f 2236 2115 2114
f 2170 2177 2167
f 2156 2153 2155
f 2167 2168 2140
f 2170 2172 2177
f 2117 2179 2019
f 2105 2089 2086
f 2216 2089 2105
f 2105 2077 2118
f 2105 2118 2216
f 2057 2119 2118
f 2080 1906 2249
f 2181 2180 2217
f 2149 1908 2034
f 2122 2196 2266
f 2107 2108 2123
f 2126 2134 2124
f 2107 2126 2127
f 2174 2214 2173
f 2107 2123 2126
f 2213 2150 2125
f 2194 2125 2131
f 2127 2126 2124
f 2107 2127 2125
f 2123 1821 2126
f 2127 2124 2128
f 2124 1796 2152
f 2152 2151 2155
f 2129 2107 2125
f 2131 2125 2150
f 2188 2130 2131
f 2108 2129 2132
f 2093 2132 2129
f 2201 2031 2202
f 2197 2198 2134
f 1821 2095 2417
f 2417 2134 2126
f 2124 2134 1796
f 2096 2109 2041
f 2109 2043 2041
f 2162 2109 2198
f 2163 2110 2047
f 2052 2186 2185
f 2220 2221 2187
f 2363 2136 1995
f 2110 2136 2047
f 2260 2277 2137
f 2111 2139 2165
f 2189 2172 2170
f 1944 2141 1825
f 1824 2146 2119
f 2181 2106 2144
f 2142 2090 2143
f 2248 2142 2120
f 2142 2143 2144
f 2142 2144 2120
f 2184 2106 2148
f 2217 2146 2147
f 2147 2146 2182
f 2183 2121 2182
f 2148 2147 2121
f 2148 2181 2147
f 2146 2217 2119
f 2148 2121 2219
f 2106 2184 2145
f 2149 2132 2414
f 2214 2176 2173
f 2188 2189 2171
f 2073 2071 2364
f 2151 2152 1796
f 2364 2151 2096
f 2152 2155 2153
f 2124 2152 2128
f 2364 2154 2155
f 2214 2153 2176
f 2152 2153 2128
f 2154 2071 2072
f 2156 2155 2154
f 2156 2154 2418
f 2153 2156 2176
f 2158 2072 2070
f 2366 2418 2160
f 2157 2117 2175
f 2158 2159 2160
f 1798 2367 2159
f 1798 2066 2190
f 2367 2193 2159
f 1798 2159 2158
f 2093 2195 2122
f 1878 2161 1977
f 2162 2198 2199
f 2197 2199 2198
f 2162 2203 2205
f 2221 2163 2187
f 2221 2098 2110
f 2260 2098 2225
f 2166 2139 2111
f 2209 2229 2370
f 2136 2139 1995
f 2139 2166 1995
f 2170 2167 2140
f 2168 2167 2115
f 2206 1823 2195
f 2171 2169 2207
f 2171 2170 2140
f 2189 2173 2172
f 2175 2173 2176
f 2174 2173 2189
f 2174 2150 2213
f 2174 2213 2214
f 2157 2175 2156
f 2177 2117 2019
f 2175 2117 2172
f 2117 2177 2172
f 2365 2178 2020
f 2178 2179 2141
f 2144 2143 2180
f 2216 2180 2089
f 2217 2216 2119
f 2181 2217 2147
f 2106 2181 2148
f 2183 2182 2112
f 2112 2257 2281
f 2182 2121 2147
f 2218 2121 2183
f 2225 2221 2220
f 2187 2051 2185
f 2148 2219 2184
f 2145 2184 2186
f 2185 2184 2219
f 2145 2186 2007
f 2187 2185 2219
f 2052 2185 2051
f 2185 2186 2184
f 2187 2219 2220
f 2186 2052 2007
f 2213 2125 2127
f 2188 2150 2174
f 2188 2171 2130
f 2171 2189 2170
f 2174 2189 2188
f 2064 2191 2023
f 2023 2190 2066
f 2064 1953 2191
f 2222 2367 2190
f 2410 2222 2368
f 2141 2193 1825
f 1825 2193 2192
f 2193 2160 2159
f 2193 2141 2215
f 2193 2215 2160
f 2129 2194 2093
f 2093 2194 2195
f 2122 2195 1823
f 2122 1823 2196
f 2224 2208 2212
f 2206 2130 2207
f 2194 2130 2195
f 2109 1796 2198
f 2134 2198 1796
f 2161 2200 2199
f 2200 2203 2199
f 1878 2200 2161
f 1878 2201 2200
f 1876 2202 2031
f 2201 2202 2200
f 2204 2203 2200
f 2162 2205 2043
f 2369 1984 2204
f 2200 2202 2204
f 2205 2204 1984
f 2168 2236 1797
f 2171 2140 2169
f 2169 2140 2168
f 2168 1797 2169
f 2210 2207 2169
f 2130 2171 2207
f 2210 1797 2223
f 2208 2206 2209
f 2212 2208 2370
f 2000 2226 2269
f 2209 2207 2210
f 2210 2169 1797
f 2229 2209 2210
f 1998 1999 2420
f 1823 2208 2224
f 2212 1998 2420
f 2127 2128 2213
f 2153 2214 2128
f 2215 2157 2366
f 2179 2215 2141
f 2178 2019 2179
f 2216 2217 2180
f 2219 2121 2220
f 2218 2220 2121
f 2220 2218 2225
f 2218 2280 2225
f 2098 2221 2225
f 2163 2221 2110
f 2150 2188 2131
f 1953 1940 2191
f 2368 2191 1940
f 2409 2368 2021
f 2191 2368 2222
f 2191 2222 2190
f 2130 2206 2195
f 2209 2206 2207
f 2212 2370 2227
f 2276 2268 2270
f 2230 2226 2227
f 1797 2235 2223
f 2229 2210 2223
f 2227 1998 2212
f 2224 2196 1823
f 2196 2224 2211
f 2183 2112 2281
f 2260 2225 2280
f 1998 2226 2000
f 2226 2230 2269
f 2230 2227 2370
f 1998 2227 2226
f 2223 2235 2228
f 2231 2233 2228
f 2164 2232 2237
f 2230 2229 2228
f 2230 2370 2229
f 2232 2234 2231
f 2234 2164 2135
f 2135 2265 2412
f 2231 2235 2232
f 2231 2234 2272
f 2223 2228 2229
f 2231 2228 2235
f 2230 2228 2371
f 2164 2234 2232
f 2236 2235 1797
f 2115 2236 2168
f 2113 2237 2114
f 2114 2237 2236
f 2302 2238 2242
f 1779 2239 1808
f 2238 2357 2242
f 2302 2239 2238
f 2244 1967 2241
f 2240 1961 2243
f 2302 2242 2240
f 2239 2241 1808
f 2240 2242 1896
f 1961 2246 2243
f 2245 2028 2081
f 2245 2244 2243
f 1967 2244 1775
f 2239 2302 2244
f 1961 2026 2246
f 2026 2083 2246
f 2245 2081 1775
f 2246 2245 2243
f 2245 2246 2028
f 1791 1779 1793
f 1854 1819 1785
f 2248 2091 2142
f 2264 2080 2249
f 2120 2145 2263
f 2091 2248 2247
f 2248 2264 2247
f 2263 2264 2120
f 2092 2247 1874
f 1972 1876 1970
f 2202 2369 2204
f 2252 1822 2101
f 2253 2251 2252
f 2251 1822 2252
f 1993 2251 2253
f 2253 2252 1987
f 1994 2253 1987
f 2255 2258 2254
f 1884 2259 2056
f 2259 2254 2258
f 2254 2259 1884
f 2279 1884 2050
f 2254 2278 2255
f 2256 2258 2255
f 2258 2257 1860
f 2257 2256 2281
f 2255 2261 2256
f 2258 2256 2257
f 2099 1860 2257
f 2046 2051 2163
f 2261 2260 2280
f 2277 2261 2276
f 2262 2261 2255
f 2264 2263 2080
f 2264 2249 2247
f 2120 2264 2248
f 2154 2364 2071
f 2151 2364 2155
f 1798 2158 2067
f 2070 2067 2158
f 2111 2265 2135
f 2165 2265 2111
f 2419 2266 2196
f 2267 2371 2271
f 2371 2267 2269
f 2371 2269 2230
f 2272 2271 2233
f 2274 2165 2138
f 2267 2271 2268
f 2231 2272 2233
f 2271 2270 2268
f 2412 2272 2234
f 2270 2271 2272
f 2273 2275 2274
f 2137 2274 2138
f 2273 2270 2275
f 2260 2137 2098
f 2273 2274 2137
f 2165 2274 2275
f 2276 2270 2273
f 2165 2275 2265
f 2276 2273 2277
f 2276 2262 2268
f 2137 2277 2273
f 2261 2277 2260
f 2005 2267 2278
f 2135 2412 2234
f 2275 2412 2265
f 2255 2278 2262
f 2279 2278 2254
f 1884 2279 2254
f 2218 2183 2281
f 2256 2280 2281
f 2261 2280 2256
f 2281 2280 2218
f 2282 188 96
f 317 363 316
f 390 363 317
f 699 643 673
f 1096 2287 998
f 811 2284 659
f 2286 964 1043
f 2283 1071 806
f 998 1076 1079
f 2287 1076 998
f 1093 2285 810
f 2287 1096 814
f 1249 2289 1230
f 1235 1232 2290
f 1269 2288 1263
f 595 1284 2291
f 1377 2291 1284
f 1248 1245 1286
f 2292 1229 2289
f 1231 1287 1249
f 2290 2293 1235
f 2293 1288 1235
f 1292 1290 1257
f 1636 1521 1457
f 1636 1457 1424
f 1871 2294 1783
f 2297 2295 1788
f 2297 1793 2301
f 2295 2298 1773
f 1788 1772 2297
f 2300 2299 2404
f 1819 2238 1779
f 1791 1819 1779
f 2296 1806 1843
f 2301 2295 2297
f 1992 2135 2164
f 1992 2164 2102
f 2243 2302 2240
f 105 142 28
f 129 39 120
f 2303 191 193
f 119 128 582
f 223 224 61
f 104 2305 154
f 146 304 148
f 2307 578 107
f 215 2308 214
f 137 169 49
f 172 146 149
f 140 750 199
f 2304 212 126
f 590 593 224
f 273 63 334
f 192 162 193
f 236 162 290
f 217 240 194
f 147 250 200
f 253 170 307
f 223 61 852
f 392 2312 395
f 2313 293 167
f 195 296 297
f 2314 390 391
f 319 2311 186
f 590 224 223
f 2315 2380 380
f 385 384 381
f 389 390 2314
f 132 396 397
f 325 353 417
f 406 458 460
f 420 421 2382
f 325 417 416
f 420 411 431
f 417 412 416
f 424 420 431
f 2316 418 548
f 424 2316 421
f 2317 432 427
f 430 2316 548
f 427 432 426
f 401 399 456
f 459 2307 460
f 2317 423 432
f 489 463 313
f 2319 365 157
f 472 2319 495
f 495 2319 157
f 2318 499 542
f 2320 574 520
f 349 563 527
f 550 2321 551
f 578 2307 579
f 2306 582 183
f 119 2306 155
f 225 591 592
f 754 720 753
f 635 2322 685
f 101 697 48
f 754 753 721
f 665 2322 680
f 2322 743 685
f 783 768 765
f 770 779 772
f 788 2323 919
f 678 791 789
f 792 2324 786
f 2310 921 922
f 817 613 1427
f 761 756 822
f 761 822 766
f 914 966 1114
f 2323 1099 1132
f 2325 906 60
f 788 919 917
f 798 934 972
f 941 1051 940
f 1056 936 1007
f 1120 1056 732
f 1036 1064 1063
f 1080 1081 2326
f 2326 1102 1082
f 2328 2326 1101
f 1163 1160 1165
f 2329 1162 883
f 1247 1225 1254
f 1267 2331 1265
f 1240 1269 1220
f 1183 1360 1403
f 2332 1329 1894
f 1236 1289 1268
f 1310 2330 1263
f 2334 1336 1337
f 1329 2392 1337
f 1311 2334 1338
f 1285 1338 2392
f 2335 1444 840
f 1573 2336 1359
f 2336 1195 1359
f 1404 2338 1525
f 1400 1410 1363
f 1461 2339 1462
f 1543 1474 1416
f 1567 1419 1372
f 2340 1439 1203
f 2342 599 600
f 1541 1525 2337
f 2338 2337 1525
f 1481 1422 1483
f 2343 1686 1316
f 1502 1316 1621
f 1461 2336 1573
f 1483 1567 1485
f 1552 1571 1553
f 1601 1540 1537
f 1581 1582 1638
f 2346 1603 1584
f 1601 1581 1638
f 1601 1638 2345
f 2346 1606 1603
f 1502 1621 1501
f 1662 2347 1621
f 1628 2348 1625
f 2348 1631 1625
f 2349 1629 1628
f 2350 1648 1630
f 1542 1646 1473
f 1651 1590 2397
f 1738 1517 2355
f 2421 1673 1662
f 1316 1684 1662
f 1660 1681 1680
f 1686 2351 1684
f 2351 2352 1623
f 2352 1692 1691
f 2352 1691 1667
f 1684 2351 2421
f 2343 2353 1685
f 2354 1726 1695
f 1683 1738 2355
f 1738 1683 1739
f 2356 16 15
f 2356 1915 16
f 1784 1804 2405
f 1770 1791 1771
f 1804 1806 1805
f 1819 2357 2238
f 1829 2358 1861
f 2332 2359 1807
f 1880 2360 1879
f 1829 1861 1826
f 2361 1753 1752
f 1880 1879 1753
f 1968 1856 1795
f 2360 1983 1879
f 1994 1916 1881
f 2406 1945 1825
f 1994 1987 2356
f 2362 2363 1995
f 1994 1881 2253
f 2340 1441 1439
f 2407 1961 1896
f 2029 2081 2082
f 2411 2108 2033
f 2149 2033 2132
f 2363 2097 2047
f 2063 2365 2020
f 2178 2365 2019
f 2365 2116 2177
f 2115 1948 2114
f 2120 2144 2106
f 1821 2417 2126
f 2417 2133 2197
f 2120 2106 2145
f 2073 2364 2096
f 2158 2160 2418
f 2157 2215 2179
f 2367 2222 2192
f 2368 2409 2410
f 2211 2419 2196
f 2417 2197 2134
f 2369 2202 1876
f 2370 2208 2209
f 2215 2366 2160
f 2117 2157 2179
f 2233 2371 2228
f 2050 1884 2003
f 2262 2278 2268
f 2372 150 105
f 2 188 2282
f 2304 130 115
f 130 2304 129
f 129 2304 125
f 20 2303 193
f 24 25 135
f 103 76 143
f 2373 433 298
f 196 197 215
f 168 2375 216
f 195 241 299
f 258 2375 217
f 331 330 377
f 2377 401 285
f 98 2374 314
f 2376 2378 479
f 2379 348 402
f 272 379 158
f 2380 131 381
f 2376 343 283
f 419 2382 324
f 2381 451 456
f 479 2378 478
f 591 478 2378
f 406 489 458
f 2383 540 567
f 524 561 459
f 337 2378 2376
f 2378 337 592
f 2384 697 101
f 1136 1138 1139
f 635 680 2322
f 2386 1427 1489
f 2385 762 686
f 2387 695 830
f 2387 784 1005
f 788 2388 1099
f 932 2389 1006
f 906 333 60
f 855 69 68
f 941 870 831
f 995 2287 996
f 695 2387 1005
f 1030 1036 1034
f 787 2388 788
f 1038 942 1060
f 1038 1060 1039
f 1073 1075 1078
f 1073 1078 1077
f 1073 1077 1067
f 1102 2388 1049
f 1098 1136 1139
f 1121 1125 1124
f 849 1130 63
f 1098 1156 1134
f 2390 1106 1105
f 1126 1153 1155
f 614 1346 1486
f 1215 1285 2392
f 1337 2391 1335
f 1337 2392 2334
f 1264 1379 1305
f 1474 2393 1542
f 2335 841 1446
f 1462 1411 1409
f 2343 1502 1500
f 1402 2395 1360
f 1530 2394 1435
f 2395 1402 1526
f 1570 1568 1485
f 2395 1403 1360
f 1386 1616 1590
f 2400 1659 1606
f 1611 2345 1644
f 1386 1590 1650
f 1635 2396 1649
f 1646 1542 2396
f 2396 1542 2393
f 1651 2397 1643
f 1688 2398 1670
f 2399 1592 1657
f 1665 1660 2400
f 1671 1659 2399
f 2400 2399 1659
f 2401 1683 1672
f 2401 1670 2398
f 1670 2401 1593
f 1674 1673 2421
f 2398 1318 1739
f 1674 2421 1642
f 1623 1689 1642
f 1623 2352 1690
f 2402 1709 1694
f 1709 2402 1706
f 2403 1706 2402
f 1425 1734 1211
f 1930 1208 1928
f 1842 2404 2298
f 1789 1836 1803
f 189 2405 3
f 1845 2405 1804
f 2406 2410 1892
f 10 1919 11
f 1938 1939 2069
f 1938 2069 2015
f 1892 1943 2406
f 2410 2409 1892
f 2415 2063 1949
f 1903 1961 2407
f 1963 2407 1898
f 2411 1975 1821
f 2413 2266 2419
f 2409 2021 1952
f 2031 2032 1968
f 2039 1986 2416
f 2002 2050 1883
f 2414 1908 2149
f 1948 2415 2113
f 2415 1948 2063
f 2040 2416 2073
f 2138 2110 2098
f 2133 2417 2095
f 2161 2199 2197
f 2137 2138 2098
f 2122 2266 2414
f 2414 2093 2122
f 2418 2154 2072
f 2156 2418 2366
f 2156 2366 2157
f 2156 2175 2176
f 2410 2406 2192
f 1825 2192 2406
f 2049 2419 2211
f 2161 2197 2133
f 2420 2211 2224
f 2420 2001 2211
f 2212 2420 2224
f 2371 2233 2271
f 2272 2412 2270
f 2267 2268 2278
f 1292 1257 1287
f 2300 2404 1784
f 2298 2404 2299
f 2380 381 380
f 385 381 477
f 366 2382 421
f 2382 366 324
f 1052 1126 1155
f 1623 2421 2351
f 1 2405 2
f 1825 1945 1944
f 2038 1986 2039
f 2158 2418 2072

