# https://github.com/mikedh/trimesh
v -0.85856550 1.16229500 -0.16591080
v -0.85507820 1.15123900 -0.15354380
v -0.85299940 1.12896800 -0.15306810
v -0.85264830 1.09805300 -0.14737160
v -0.85061330 1.07557600 -0.14940130
v -0.85033250 1.01143000 -0.15387720
v -0.85412560 0.98964690 -0.16263260
v -0.85820470 0.96782610 -0.16439230
v -0.86271030 0.95103450 -0.17099020
v -0.86979160 0.92389910 -0.18594340
v -0.87201450 0.90081500 -0.19339250
v -0.87141430 0.88076730 -0.20010290
v -0.86951810 0.85995080 -0.20554060
v -0.86830100 0.83991810 -0.20901590
v -0.86598390 0.82223220 -0.21287710
v -0.86483790 0.80239170 -0.21582520
v -0.86206110 0.76185830 -0.22234890
v -0.86185670 0.72303840 -0.22504530
v -0.86274670 0.70302360 -0.22930970
v -0.87066990 0.65694240 -0.22583530
v -0.87951660 0.62771970 -0.23877960
v -0.88417880 0.61115090 -0.23948890
v -0.88674700 0.58232350 -0.23897630
v -0.88128530 0.56872910 -0.23566750
v -0.87532030 0.55735250 -0.23118950
v -0.87485100 0.55521410 -0.23194350
v -0.87333980 0.55372520 -0.23294730
v -0.87515650 0.55341180 -0.21846010
v -0.87896470 0.55791780 -0.20591200
v -0.88445620 0.55960020 -0.19549480
v -0.89373570 0.56230630 -0.18555240
v -0.90551930 0.56198130 -0.17665220
v -0.91454730 0.56052870 -0.16703450
v -0.91580640 0.55630470 -0.15261490
v -0.90634810 0.55193870 -0.14019740
v -0.89425950 0.54759180 -0.13025090
v -0.88163170 0.54466080 -0.11940070
v -0.87232680 0.54200790 -0.10472550
v -0.86131000 0.54030830 -0.09105069
v -0.85044650 0.54026260 -0.07672124
v -0.84209830 0.53995320 -0.06141589
v -0.84336180 0.53459350 -0.04572741
v -0.83263700 0.53131590 -0.03156408
v -0.81858320 0.53103510 -0.01538700
v -0.80056920 0.53569200 0.00388577
v -0.77311630 0.54812210 0.02227414
v -0.74428340 0.55848680 0.01573283
v -0.75651850 0.59074020 0.01569481
v -0.77139860 0.62277800 0.00642946
v -0.76918940 0.63574160 -0.00181801
v -0.77028980 0.65332780 -0.00793829
v -0.77083450 0.66929950 -0.01370129
v -0.75992910 0.72180950 -0.02437981
v -0.74758210 0.75064960 -0.01720652
v -0.74933550 0.76627530 -0.01152960
v -0.74492010 0.79744350 -0.00929668
v -0.74468240 0.81329240 -0.00471495
v -0.74443910 0.84735110 0.00582023
v -0.74084690 0.86643560 0.00692419
v -0.73777930 0.88629250 0.00731201
v -0.73576230 0.92892330 0.00512634
v -0.72779990 1.00179400 0.00136512
v -0.72503680 1.01791200 0.00142759
v -0.72314780 1.04036600 0.00099358
v -0.72343960 1.06230600 -0.00327516
v -0.70979000 1.07197900 0.00152494
v -0.71056770 1.08996800 -0.00180340
v -0.71162520 1.10801000 -0.00586116
v -0.70285260 1.11875700 -0.00369827
v -0.70879180 1.14519000 -0.01153241
v -0.70947960 1.16484700 -0.01933444
v -0.71253700 1.18835300 -0.02688599
v -0.70624300 1.19943800 -0.04194366
v -0.69276180 1.24913600 -0.07212251
v -0.71080020 1.25124300 -0.07735287
v -0.72590410 1.26090300 -0.08688289
v -0.73804880 1.27756200 -0.10012130
v -0.74361540 1.30100100 -0.11698360
v -0.74713190 1.32590100 -0.13618040
v -0.75111170 1.34950600 -0.15440420
v -0.76005080 1.37045200 -0.17666960
v -0.75442330 1.36806400 -0.20548460
v -0.76973690 1.36663200 -0.20006530
v -0.78534150 1.35552700 -0.20624780
v -0.80101950 1.34956500 -0.20649780
v -0.81391320 1.35302700 -0.18670760
v -0.81303440 1.34523100 -0.17015700
v -0.81114030 1.33107300 -0.15614610
v -0.80865620 1.31460300 -0.14543790
v -0.80782730 1.29731200 -0.13424750
v -0.80914930 1.27758900 -0.12241860
v -0.81506090 1.25374500 -0.11460030
v -0.82197170 1.22892700 -0.11131670
v -0.82964480 1.20724600 -0.11346200
v -0.83754610 1.18735800 -0.12326360
v -0.84229260 1.17174600 -0.14192620
v -0.88088410 0.58849690 -0.20618080
v -0.85319050 0.63797730 -0.04947865
v -0.82542360 0.58411880 -0.01323662
v -0.80017780 0.56429500 0.00788262
v -0.74506510 0.57557570 0.01864461
v -0.73766970 1.22561500 -0.06896606
v -0.72993700 1.24571300 -0.07968998
v -0.78043830 1.36195300 -0.18545970
v -0.87728440 0.56910530 -0.20772720
v -0.89417060 0.59070710 -0.18204060
v -0.89761450 0.63530770 -0.13403920
v -0.79635560 1.35731700 -0.19249390
v -0.82805540 0.54736660 -0.01860564
v -0.79367550 0.55008300 0.01194586
v -0.76787890 1.35935400 -0.16835940
v -0.75046120 1.28493500 -0.11092520
v -0.89887120 0.57738210 -0.18053770
v -0.76487830 1.33520700 -0.15105940
v -0.87179290 0.58679860 -0.09772914
v -0.81135680 0.54457020 -0.00309353
v -0.91048740 0.57685120 -0.17114760
v -0.79654730 1.33560900 -0.16144700
v -0.84891590 0.55572310 -0.04688583
v -0.85754020 0.55576930 -0.08151469
v -0.83908790 0.54195350 -0.03530802
v -0.91068270 0.56687180 -0.14408580
v -0.79922910 1.32329700 -0.15088030
v -0.78297070 1.32552900 -0.15322710
v -0.88106200 0.55784680 -0.11747310
v -0.89728370 0.56860340 -0.13002680
v -0.79483250 1.30779700 -0.14024130
v -0.84113910 0.55989380 -0.02979046
v -0.87096960 0.56030860 -0.10157470
v -0.86618540 0.57181960 -0.09040890
v -0.81598020 0.95494580 -0.07690002
v -0.80932140 1.07506500 -0.06547319
v -0.84071950 1.13798500 -0.09895618
v -0.88386220 0.61005150 -0.21759590
v -0.88732930 0.58089850 -0.22239210
v -0.89978440 0.70175020 -0.17476830
v -0.78904080 0.60285680 0.00269691
v -0.78310060 0.58475200 0.00782866
v -0.77472150 0.56924210 0.01602302
v -0.72038080 1.20910000 -0.05423927
v -0.78669530 1.20176700 -0.06860575
v -0.87961850 0.56853180 -0.22145510
v -0.74442770 1.25824000 -0.09218779
v -0.74470340 1.23909100 -0.07997381
v -0.75788850 1.26576500 -0.10215760
v -0.78441690 1.24538600 -0.09732729
v -0.75560930 1.22192700 -0.07105302
v -0.76175810 1.24658100 -0.09070386
v -0.77830970 1.25954700 -0.10468250
v -0.87986350 0.58255690 -0.19352780
v -0.91638250 0.57818350 -0.15873510
v -0.82864140 0.56778520 -0.01468140
v -0.83897660 0.58102460 -0.02759188
v -0.77802230 1.34494800 -0.16803760
v -0.85042190 0.55771790 -0.06690275
v -0.79846800 0.84678510 -0.04047619
v -0.85756660 0.87837490 -0.12642120
v -0.78756380 0.95014780 -0.03920986
v -0.76547620 1.09521000 -0.02769112
v -0.84096340 1.17100100 -0.12337710
v -0.83830090 1.14112100 -0.13163870
v -0.87251840 0.64124500 -0.21222660
v -0.88320450 0.60832320 -0.22837130
v -0.88859840 0.59588070 -0.22593420
v -0.88633310 0.59501520 -0.21605810
v -0.88473910 0.58040640 -0.21322040
v -0.87928170 0.70492590 -0.20009830
v -0.79105270 0.66715500 -0.01872798
v -0.76769130 0.60609000 0.01442192
v -0.75344240 1.18357000 -0.04315906
v -0.72478470 1.19291000 -0.03592043
v -0.79834500 1.26253000 -0.11103810
v -0.79239410 1.22625800 -0.08879117
v -0.90911130 0.59256160 -0.17137530
v -0.90967790 0.58345930 -0.14179290
v -0.91606260 0.59937810 -0.15640450
v -0.80910270 0.57953400 0.00069235
v -0.81100180 0.59381870 -0.00389157
v -0.82768360 0.61819460 -0.01692489
v -0.83483990 0.59948890 -0.02204123
v -0.81724640 0.55996450 -0.00423978
v -0.85345130 0.60630210 -0.04617553
v -0.85655530 0.58810560 -0.05026167
v -0.84519180 0.59660450 -0.03641205
v -0.84229450 0.61796850 -0.03153308
v -0.88206770 0.83123220 -0.17967280
v -0.85220040 0.95537200 -0.14250450
v -0.84498400 1.16028600 -0.14563500
v -0.85002630 1.13978400 -0.14403480
v -0.83830500 1.12382600 -0.13105400
v -0.87895080 0.62224840 -0.22557940
v -0.87840560 0.62581620 -0.21726530
v -0.87281690 0.64059280 -0.21870780
v -0.78336150 0.71155780 -0.02051501
v -0.78345910 0.74472420 -0.02134975
v -0.79434360 0.63841890 -0.01004342
v -0.78739330 0.65184260 -0.01260402
v -0.70608520 1.23680100 -0.06689208
v -0.71951310 1.22674700 -0.06454758
v -0.75402650 1.20347500 -0.05616876
v -0.73784380 1.15665600 -0.02495642
v -0.72570720 1.17259900 -0.02936526
v -0.82682200 1.20004100 -0.10593120
v -0.81445540 1.21816300 -0.09856744
v -0.80650710 1.24036800 -0.10421390
v -0.80206230 1.20953700 -0.08419885
v -0.82274990 1.17754500 -0.08307413
v -0.80780930 1.19176300 -0.07587418
v -0.81946690 1.19661000 -0.09312640
v -0.90967440 0.60126710 -0.14148300
v -0.89784530 0.58866920 -0.12966210
v -0.88453310 0.58580060 -0.12068530
v -0.79999560 0.61773120 -0.00397669
v -0.81507810 0.62822410 -0.01386265
v -0.80739770 0.64646660 -0.01674417
v -0.81011010 0.66278890 -0.02150625
v -0.78717070 0.69181680 -0.01949849
v -0.76329910 0.81875260 -0.01699941
v -0.74957890 0.82892190 -0.00092220
v -0.76464800 0.83789080 -0.01073600
v -0.77833220 0.82333190 -0.03321447
v -0.87612620 0.79383970 -0.20301950
v -0.74743510 0.94563430 -0.00199153
v -0.75651550 0.92685840 -0.00587320
v -0.84844850 0.99116190 -0.13790220
v -0.84645550 1.02843300 -0.13733830
v -0.85877110 0.94284710 -0.15541370
v -0.85061510 0.97428270 -0.14280970
v -0.86710840 0.93126930 -0.16811640
v -0.73067960 1.08335000 -0.01181074
v -0.84322280 1.08389300 -0.13050650
v -0.84420370 1.06544500 -0.13326020
v -0.83801990 1.15222800 -0.12106790
v -0.85040210 1.11689900 -0.14346500
v -0.83557730 1.13113400 -0.11251830
v -0.87053390 0.65565670 -0.21477150
v -0.88117550 0.59711020 -0.19008690
v -0.86553740 0.68551540 -0.22471490
v -0.86842850 0.71108420 -0.21431310
v -0.76588920 0.70833070 -0.02261658
v -0.76168360 0.73879720 -0.02591938
v -0.76494480 0.77531000 -0.01544838
v -0.76383090 0.79229290 -0.01860680
v -0.78427630 0.80546090 -0.03322064
v -0.77086310 0.68891060 -0.01995846
v -0.74459740 1.21207800 -0.05871778
v -0.73819550 1.19767000 -0.04449296
v -0.77175340 1.19250000 -0.05305427
v -0.78084470 1.21712600 -0.07738352
v -0.76599200 1.21225400 -0.06709533
v -0.73588310 1.18196900 -0.03728035
v -0.72374710 1.15399800 -0.01793041
v -0.74832940 1.16953400 -0.03287200
v -0.90848560 0.60279770 -0.17128140
v -0.89643300 0.61115410 -0.13147780
v -0.82684760 0.66426110 -0.02826641
v -0.82628970 0.68572710 -0.03076351
v -0.80547030 0.69950080 -0.02755835
v -0.81978810 0.71120200 -0.03270291
v -0.84170460 0.65402220 -0.03803782
v -0.82614610 0.64799620 -0.02386204
v -0.75894860 0.85905740 -0.00290533
v -0.75530120 0.87529960 -0.00136907
v -0.76136670 0.89113550 -0.00592264
v -0.75649960 0.80559730 -0.01712093
v -0.76866450 0.80722000 -0.02663762
v -0.87541470 0.82884420 -0.20041820
v -0.86496180 0.78523830 -0.21713590
v -0.87312970 0.77404200 -0.21037760
v -0.73429060 0.96650990 0.00192380
v -0.74278740 0.99005010 -0.00447043
v -0.77196670 0.96418440 -0.02607724
v -0.74621100 1.01020400 -0.00864763
v -0.84913300 1.03320000 -0.15569940
v -0.84883210 1.05179800 -0.14663530
v -0.84803780 0.96351430 -0.12508650
v -0.87555310 0.89018380 -0.17400830
v -0.72660770 1.10110000 -0.01299071
v -0.72815860 1.11670900 -0.01506359
v -0.74946600 1.09828600 -0.01942356
v -0.75314910 1.08153400 -0.02108321
v -0.83473840 1.07041900 -0.11569560
v -0.84055770 1.04885600 -0.12427700
v -0.83850950 1.10603900 -0.12902760
v -0.83259870 1.11425100 -0.11112940
v -0.87715020 0.61552660 -0.20557000
v -0.88186760 0.64094520 -0.18906400
v -0.87492560 0.63209500 -0.20295610
v -0.87449400 0.68100930 -0.20481230
v -0.87188460 0.66229680 -0.20721010
v -0.88425860 0.67169530 -0.18903770
v -0.87701420 0.65116930 -0.19680840
v -0.87558130 0.71778640 -0.20565110
v -0.86561580 0.74799940 -0.21814100
v -0.77875480 0.72576790 -0.02542580
v -0.80232160 0.74416960 -0.03763596
v -0.80057410 0.72432480 -0.02388418
v -0.79190280 0.75334640 -0.02550979
v -0.76723940 0.75922760 -0.02352925
v -0.74863370 0.78193640 -0.01235146
v -0.79849330 0.77814120 -0.03199080
v -0.79431740 1.16202000 -0.04425161
v -0.80939360 1.17293100 -0.06190324
v -0.77070100 1.22981300 -0.08232436
v -0.72505360 1.13436000 -0.01595593
v -0.75750060 1.15602100 -0.02680908
v -0.77212970 1.17171900 -0.03848971
v -0.77870600 1.14888600 -0.03037206
v -0.79139470 1.18294100 -0.05623571
v -0.91603900 0.60834260 -0.15629620
v -0.90878170 0.61733130 -0.14118350
v -0.88502900 0.60414070 -0.12077060
v -0.87774240 0.65838110 -0.09368088
v -0.84123790 0.63632880 -0.03376172
v -0.77904540 0.89508860 -0.01999613
v -0.78892830 0.86085770 -0.02791711
v -0.79031780 0.87765760 -0.03039223
v -0.87678020 0.86791620 -0.18284400
v -0.87981600 0.84678630 -0.17844920
v -0.87273610 0.87859320 -0.15972050
v -0.86745300 0.86911710 -0.14426580
v -0.87616590 0.85737270 -0.16459230
v -0.87772470 0.83987690 -0.15725880
v -0.88389100 0.81894040 -0.16259450
v -0.87725790 0.76018880 -0.20603900
v -0.88301320 0.78072630 -0.19470220
v -0.88484630 0.79724950 -0.18591840
v -0.75464650 0.96901320 -0.00889826
v -0.75833320 0.99025380 -0.01485659
v -0.76580590 1.00540700 -0.02277923
v -0.77600400 0.99243960 -0.03224829
v -0.77159870 1.01459300 -0.03053674
v -0.73008260 0.90989780 0.00848188
v -0.73951770 1.03101400 -0.00585031
v -0.73769700 1.05029900 -0.00699256
v -0.76658050 1.03659300 -0.02675452
v -0.84055610 1.02567700 -0.12043040
v -0.74433640 1.12512800 -0.01669290
v -0.74323600 1.11044200 -0.01641017
v -0.77993870 1.10634300 -0.02961806
v -0.78060940 1.07151200 -0.03844966
v -0.74368190 1.06535300 -0.01343209
v -0.83146940 1.05202700 -0.10855340
v -0.81984540 1.07621200 -0.08268836
v -0.83838380 1.11920400 -0.09333664
v -0.87935720 0.60345040 -0.20845170
v -0.87997560 0.62404520 -0.19056230
v -0.89646400 0.60585540 -0.17884850
v -0.90918340 0.61560770 -0.16925580
v -0.87143580 0.69044120 -0.20669810
v -0.86871060 0.67173690 -0.21437770
v -0.88624160 0.69170580 -0.18889090
v -0.87299550 0.73790490 -0.21327600
v -0.81685040 0.73240440 -0.03850546
v -0.77872940 0.78780390 -0.02971354
v -0.74326400 1.14295700 -0.01896515
v -0.87757410 0.59855530 -0.10642480
v -0.87221600 0.62447020 -0.08275513
v -0.83501590 0.69665520 -0.04308656
v -0.76645910 0.91292060 -0.01117557
v -0.77458730 0.87228830 -0.01419001
v -0.81809200 0.87719290 -0.07320396
v -0.80077500 0.86426890 -0.04481581
v -0.87071020 0.85476430 -0.14674760
v -0.86117800 0.88892000 -0.14028040
v -0.87693250 0.82283710 -0.14272470
v -0.88285450 0.81547470 -0.18649120
v -0.87650760 0.80979910 -0.20107030
v -0.75339200 1.04632300 -0.01664430
v -0.75592370 1.02411500 -0.01617043
v -0.75875360 1.11335800 -0.02385343
v -0.77501160 1.11763700 -0.02551633
v -0.76763820 1.07812600 -0.02942749
v -0.76546540 1.06231600 -0.02553527
v -0.77796270 1.02709600 -0.03816608
v -0.78944510 1.01427600 -0.04965582
v -0.78404370 1.00162500 -0.04552469
v -0.78787110 0.98320290 -0.05028533
v -0.78481830 0.96740160 -0.03853101
v -0.79355810 0.96322030 -0.05716612
v -0.80213470 0.94360530 -0.06478842
v -0.79022610 0.93002890 -0.04063050
v -0.79824210 0.99939860 -0.06053263
v -0.79407670 0.94087090 -0.05516139
v -0.79728710 0.92235620 -0.05731542
v -0.81197460 0.98643860 -0.07461919
v -0.79425010 0.91008610 -0.04559955
v -0.78434420 0.91249120 -0.02884820
v -0.81012460 0.89350410 -0.06826623
v -0.79942440 0.88516350 -0.05205869
v -0.79273250 0.89611190 -0.03861810
v -0.82014340 1.04029700 -0.08909336
v -0.81290380 1.01937200 -0.07731317
v -0.80635330 1.03540400 -0.06942813
v -0.82389460 1.06439100 -0.09596021
v -0.79935940 1.05540900 -0.05825424
v -0.79325140 1.06704800 -0.04949605
v -0.78161640 1.05020000 -0.03995686
v -0.82779690 1.09403800 -0.08643822
v -0.82131300 1.14147900 -0.05838414
v -0.83415350 1.10303200 -0.09728419
v -0.89404620 0.61767180 -0.18106160
v -0.76257830 1.13329900 -0.02158462
v -0.86244150 0.59998670 -0.06171656
v -0.86271200 0.58638040 -0.07316009
v -0.88640410 0.63094390 -0.11980320
v -0.87894740 0.61586850 -0.10193780
v -0.86116780 0.65071870 -0.06138188
v -0.78397790 0.84120620 -0.02557095
v -0.85219150 0.93251410 -0.13616920
v -0.88978520 0.78426250 -0.17212520
v -0.89045620 0.75163870 -0.18522540
v -0.89586430 0.73343900 -0.17692420
v -0.89259130 0.71219390 -0.18518100
v -0.89165610 0.77038560 -0.17234890
v -0.88687290 0.76797820 -0.18890620
v -0.88192220 0.74754220 -0.20081150
v -0.86908610 0.79323890 -0.11628440
v -0.88682660 0.80316960 -0.16903500
v -0.88440440 0.79941370 -0.15122830
v -0.87884990 0.81296550 -0.13976880
v -0.82936370 0.75538770 -0.05760744
v -0.88723750 0.73937970 -0.12807930
v -0.88077500 0.79900090 -0.13263420
v -0.81773130 0.75188990 -0.05139704
v -0.88523680 0.77666770 -0.13453350
v -0.89174650 0.76141010 -0.15236710
v -0.89477430 0.75032750 -0.16884420
v -0.87284610 0.77166330 -0.11483630
v -0.86650400 0.82958200 -0.12367260
v -0.88766520 0.78285030 -0.15192010
v -0.88623180 0.76122230 -0.13099730
v -0.80616540 0.76311460 -0.03830989
v -0.84554820 0.97694250 -0.11964930
v -0.83584970 0.98365610 -0.10233920
v -0.81029680 0.91235820 -0.06957132
v -0.81183610 1.00412000 -0.07494164
v -0.80203380 1.01730500 -0.06461782
v -0.78240010 1.09075000 -0.03636393
v -0.80896030 1.10365600 -0.05366726
v -0.79586800 1.10245000 -0.04023762
v -0.79575600 1.11769100 -0.03499101
v -0.79855980 1.08602700 -0.04945722
v -0.81196260 1.09319300 -0.05988351
v -0.79179790 1.03316800 -0.05218971
v -0.82672740 1.08382800 -0.10083440
v -0.81085210 1.15491200 -0.05299754
v -0.82434710 1.15982700 -0.06998574
v -0.80378310 1.13604100 -0.04143414
v -0.83194060 1.15934300 -0.08925097
v -0.83675840 1.12600200 -0.08080647
v -0.81983570 1.11620800 -0.05903194
v -0.83130510 1.14507000 -0.07325866
v -0.82209260 1.10358200 -0.06599045
v -0.80578240 1.11419300 -0.04824838
v -0.83116980 1.11200000 -0.07715246
v -0.86977940 0.60446510 -0.08380601
v -0.88424060 0.64457570 -0.10962710
v -0.89502790 0.67320490 -0.13115460
v -0.89069410 0.65092300 -0.12590530
v -0.90153570 0.68677070 -0.17411490
v -0.85198150 0.65569870 -0.04940659
v -0.87152200 0.64720540 -0.08079606
v -0.84197330 0.67291750 -0.04347437
v -0.85049440 0.68552980 -0.05283315
v -0.85776400 0.66807310 -0.05729529
v -0.86727610 0.66563290 -0.07331524
v -0.77501390 0.85397320 -0.01379242
v -0.85394990 0.90966480 -0.13360420
v -0.85053710 0.92466340 -0.11783430
v -0.83885980 0.92433750 -0.09335056
v -0.84781560 0.91706220 -0.10556360
v -0.85743780 0.83307880 -0.10502950
v -0.82875870 0.73615460 -0.05411017
v -0.85337550 0.74833040 -0.07430753
v -0.89964360 0.71940300 -0.16509580
v -0.81144490 0.93284390 -0.07261444
v -0.82616460 0.99248660 -0.09103582
v -0.82468330 1.01562900 -0.09279921
v -0.81966340 1.08886000 -0.07388147
v -0.78462800 1.13065300 -0.03012290
v -0.79420220 1.14643800 -0.03764508
v -0.83199380 1.18053000 -0.10276860
v -0.84016290 1.15855700 -0.10397070
v -0.83766680 1.14236400 -0.08581926
v -0.81303070 1.12685900 -0.05086176
v -0.88998820 0.65510800 -0.18249390
v -0.86589580 0.61385960 -0.06802916
v -0.87993630 0.63495800 -0.09998503
v -0.86573770 0.63346880 -0.06757183
v -0.85915050 0.69868870 -0.06332326
v -0.82555280 0.91780100 -0.08329845
v -0.82858210 0.89600880 -0.08244508
v -0.84260960 0.90598380 -0.09426558
v -0.85171920 0.89204910 -0.10691960
v -0.81036460 0.86279030 -0.06332217
v -0.80559230 0.87764210 -0.06020286
v -0.82814040 0.94000950 -0.08670247
v -0.84822500 0.94704820 -0.11933810
v -0.85583550 0.86301380 -0.10982000
v -0.85956880 0.84656630 -0.11463520
v -0.86133820 0.86107170 -0.12693550
v -0.79403040 0.79142560 -0.04136806
v -0.81112910 0.78350990 -0.04468415
v -0.81999780 0.78990010 -0.05707293
v -0.82890330 0.76994020 -0.06494159
v -0.82663830 0.78523390 -0.06741983
v -0.84392590 0.77194480 -0.07250518
v -0.86747130 0.78665470 -0.09955644
v -0.85911710 0.78405810 -0.08428696
v -0.82144100 0.77271650 -0.05231557
v -0.83349150 0.72003520 -0.04935741
v -0.84585750 0.73014450 -0.06411935
v -0.86297710 0.73111590 -0.08246756
v -0.86663890 0.75045690 -0.08977135
v -0.85834980 0.71540570 -0.07121438
v -0.83758040 0.75089040 -0.06551395
v -0.89641910 0.73678780 -0.15828090
v -0.88674810 0.72036620 -0.12085530
v -0.89364530 0.71876490 -0.13895080
v -0.88089210 0.73264630 -0.11388940
v -0.86953160 0.76868010 -0.09626836
v -0.88616750 0.66555810 -0.11396750
v -0.88552790 0.67861910 -0.11335470
v -0.87762720 0.68956920 -0.09503924
v -0.90342730 0.67203010 -0.17297460
v -0.90915900 0.62824940 -0.16786410
v -0.87442790 0.67878630 -0.08618769
v -0.86381590 0.68478030 -0.06857123
v -0.84658280 0.70807380 -0.05606205
v -0.86654890 0.89818390 -0.15189020
v -0.86008190 0.91881900 -0.14999700
v -0.87175160 0.90871960 -0.16568870
v -0.80905590 0.84596580 -0.05804520
v -0.82057720 0.84682490 -0.07143130
v -0.80682810 0.83253560 -0.05245730
v -0.79644550 0.82869590 -0.04212682
v -0.85137210 0.84948750 -0.09850980
v -0.83362780 0.87252070 -0.08259752
v -0.81654950 0.80456800 -0.05941290
v -0.83290810 0.95644500 -0.09330663
v -0.84158930 0.93858250 -0.09976460
v -0.85469750 0.87662350 -0.11003020
v -0.84570400 0.88258710 -0.09405086
v -0.86764590 0.84337660 -0.13301150
v -0.86168370 0.80301240 -0.09768799
v -0.85205660 0.82039370 -0.09234742
v -0.86205620 0.81606600 -0.11280060
v -0.84252910 0.79266670 -0.07642255
v -0.82653530 0.80834380 -0.07136376
v -0.81934440 0.82744700 -0.06786215
v -0.83857290 0.81473810 -0.07951030
v -0.83579620 0.83155580 -0.08009526
v -0.85040040 0.80271920 -0.08266076
v -0.87072030 0.71453620 -0.08888030
v -0.87835120 0.71937450 -0.10406700
v -0.86772130 0.70018030 -0.07888642
v -0.87568050 0.75151890 -0.11144710
v -0.90072230 0.70131740 -0.15789260
v -0.88265570 0.69153110 -0.10856220
v -0.89093790 0.68859330 -0.12499750
v -0.89695980 0.63650550 -0.17957660
v -0.91455820 0.62026930 -0.15660790
v -0.82176960 0.86220140 -0.07441726
v -0.83698880 0.85178610 -0.08228342
v -0.84653990 0.83679030 -0.09037101
v -0.80170870 0.80046220 -0.04917410
v -0.82367950 0.97163020 -0.08555096
v -0.84720730 0.86615890 -0.09433991
v -0.87699460 0.70261770 -0.09691595
v -0.87333910 0.73376080 -0.09986305
v -0.88537200 0.70467450 -0.11367660
v -0.90323470 0.68111050 -0.15501850
v -0.89967290 0.69773430 -0.14336590
v -0.89657280 0.70039230 -0.12991170
v -0.90263780 0.65668940 -0.17455820
v -0.90952910 0.64528240 -0.16427710
v -0.91293220 0.63813950 -0.14841490
v -0.91028460 0.66161490 -0.14593460
v -0.90539640 0.68146120 -0.13907280
v -0.90828960 0.66468060 -0.15897960
v -0.85082560 0.57461180 -0.04088747
v -0.75757350 1.31585000 -0.13455130
v -0.77335280 1.31520400 -0.14221250
v -0.76233040 1.30059200 -0.12690740
v -0.78646580 1.28079800 -0.12020290
v -0.76978750 1.28147900 -0.11666230
v -0.78009090 1.29868500 -0.13159220
v -0.79585890 1.29408000 -0.13050610
v -0.76822260 0.94760770 -0.01773788
v -0.84186590 0.99680320 -0.11493980
v -0.84438510 1.00928900 -0.12443960
v -0.77825140 0.93035500 -0.02430428
v -0.86081100 0.76511460 -0.08305111
v -0.52548060 1.13068100 -0.10797530
v -0.53050540 1.10626600 -0.09539529
v -0.53804120 1.08800700 -0.09206301
v -0.53730220 1.03421100 -0.08798264
v -0.53432190 1.01557800 -0.08752176
v -0.53099780 0.99610700 -0.08513489
v -0.52757650 0.97611940 -0.08424716
v -0.52571310 0.95470010 -0.08090448
v -0.51998160 0.92052990 -0.08199001
v -0.51251600 0.90305190 -0.09033991
v -0.50454770 0.84107880 -0.09889358
v -0.50457430 0.76623120 -0.09613999
v -0.50634190 0.74932490 -0.09331500
v -0.50882510 0.73060510 -0.08948404
v -0.51314710 0.71250990 -0.08483534
v -0.51763420 0.69752620 -0.07961301
v -0.51970450 0.67542410 -0.08161660
v -0.53003200 0.66449360 -0.06878537
v -0.54534280 0.61485450 -0.04994810
v -0.54613930 0.59461240 -0.05019929
v -0.56143530 0.57283260 -0.04422381
v -0.57235140 0.55790960 -0.04965896
v -0.58204010 0.54539770 -0.05104841
v -0.58249890 0.54312130 -0.05050481
v -0.58228580 0.54109850 -0.05121759
v -0.59830020 0.54107480 -0.05252018
v -0.61011100 0.54592270 -0.04766802
v -0.61573500 0.55093800 -0.03340257
v -0.61846610 0.55583070 -0.01799601
v -0.61930950 0.56070190 -0.00252395
v -0.61847960 0.56669590 0.01284548
v -0.61872090 0.57372820 0.02827984
v -0.63238280 0.58048430 0.03539982
v -0.64381590 0.58487500 0.02578095
v -0.64676440 0.58855030 0.01181431
v -0.64723930 0.59263120 -0.00057574
v -0.64973980 0.59582020 -0.01307055
v -0.65778020 0.59788510 -0.02302138
v -0.66455800 0.59830510 -0.02243972
v -0.66703890 0.59723390 -0.02112767
v -0.67672210 0.59246660 -0.01169501
v -0.69008690 0.58691400 -0.00737406
v -0.70623510 0.57896780 -0.00206315
v -0.72362070 0.56968490 0.00663149
v -0.67342910 1.25303400 -0.07007811
v -0.65814420 1.26367300 -0.07359703
v -0.63990550 1.27826800 -0.07821382
v -0.62385620 1.29956800 -0.08785606
v -0.61014460 1.32191400 -0.10043910
v -0.59630480 1.34215600 -0.11102370
v -0.58624390 1.36256600 -0.12678230
v -0.57898370 1.36418100 -0.15578270
v -0.55584710 1.35445300 -0.13390730
v -0.53725980 1.34778200 -0.12765730
v -0.53470490 1.34673400 -0.10431900
v -0.53878420 1.33962000 -0.08763428
v -0.54633580 1.32636500 -0.07731328
v -0.55438080 1.30835400 -0.07226536
v -0.56060720 1.28797400 -0.06810527
v -0.56722540 1.26431300 -0.06308108
v -0.56978450 1.23735700 -0.05775767
v -0.56843540 1.21172500 -0.05850308
v -0.56406220 1.18487900 -0.06307124
v -0.55527020 1.16441300 -0.07229009
v -0.54332430 1.14724100 -0.08602988
v -0.71254630 0.60845690 0.00878281
v -0.68495230 1.23993400 -0.06479776
v -0.62126850 1.23772200 -0.04930945
v -0.57004670 1.36181900 -0.13906670
v -0.59734460 0.63425630 -0.03554301
v -0.68010720 0.62625020 -0.01275509
v -0.61448160 1.27162100 -0.06828902
v -0.59165270 1.30748600 -0.08519388
v -0.56545790 1.35412100 -0.12024260
v -0.58814090 1.33235000 -0.10193090
v -0.60641770 0.60145360 -0.02244397
v -0.70523440 0.59419160 -0.00104067
v -0.62271140 1.28458800 -0.07898396
v -0.60907010 1.30827200 -0.09128232
v -0.55091660 1.35067900 -0.10884410
v -0.56088310 1.33631600 -0.08966823
v -0.58041840 1.35368800 -0.11496350
v -0.65232650 0.62429500 -0.00691500
v -0.61933110 0.60832300 0.00018651
v -0.60285160 0.55360180 -0.05059680
v -0.67425250 0.60889860 -0.01685595
v -0.66249840 0.61372030 -0.02079821
v -0.64872280 0.60827230 -0.00560987
v -0.61938640 0.57340460 -0.01272174
v -0.62318920 0.59387940 0.03129117
v -0.69348970 0.60751210 -0.00503394
v -0.64579980 0.60570350 0.01794901
v -0.64571350 0.61640270 0.00560652
v -0.65417270 0.60923850 -0.01689614
v -0.64657640 0.60398690 0.00332636
v -0.59317100 0.82504310 -0.01815825
v -0.61294940 1.06105300 -0.01056803
v -0.57881260 1.12147100 -0.04715337
v -0.72724880 0.62321150 0.01363660
v -0.66673130 1.21487400 -0.04202761
v -0.69245180 0.74943560 0.00563595
v -0.57341640 0.62517450 -0.03872719
v -0.72906850 0.59277710 0.01661397
v -0.73750400 0.60499840 0.01565413
v -0.59153140 1.31977400 -0.09401800
v -0.60383290 1.29181200 -0.07901942
v -0.59324430 1.27127200 -0.06458285
v -0.58257140 1.28853500 -0.07098239
v -0.57600560 1.27361300 -0.06502727
v -0.58014790 1.25441900 -0.05821471
v -0.57294350 1.30324600 -0.07465470
v -0.59593350 1.24740200 -0.05416176
v -0.58512710 1.22346100 -0.04926582
v -0.62788280 1.25427600 -0.06032076
v -0.60983840 1.25530600 -0.05752172
v -0.61591040 1.17860800 -0.02092125
v -0.66690740 1.24388200 -0.06287675
v -0.61068710 1.20041000 -0.03310773
v -0.60526070 1.22661600 -0.04455077
v -0.59025050 0.55680430 -0.05020206
v -0.58224640 0.56771760 -0.04571523
v -0.59959440 0.57253000 -0.04921574
v -0.60239700 0.60469800 -0.04083869
v -0.59981240 0.58962050 -0.04665364
v -0.60525040 0.58754520 -0.03210577
v -0.58795870 0.60440060 -0.04442157
v -0.57344940 0.58777960 -0.04252778
v -0.61534050 0.56950810 -0.02630318
v -0.60953220 0.57023240 -0.03991680
v -0.60615180 0.61963740 -0.03241899
v -0.59088580 0.61674840 -0.04213318
v -0.61767040 0.59404750 -0.00948992
v -0.61980710 0.58436970 0.00205785
v -0.61731660 0.59014320 0.01694940
v -0.57307880 1.34277900 -0.10321960
v -0.62969520 0.61733210 0.03107132
v -0.54806350 0.82805700 -0.05223746
v -0.67262060 0.79987300 0.00221512
v -0.56402340 0.94722320 -0.04283523
v -0.64142430 0.98979210 0.00131052
v -0.55815870 1.14253100 -0.06176939
v -0.74906740 0.61728540 0.01624736
v -0.57762390 1.19561100 -0.05163677
v -0.59409510 1.19962700 -0.04024593
v -0.59861490 1.17713300 -0.03032412
v -0.55892590 0.62115830 -0.04035423
v -0.54906810 0.66791100 -0.04624177
v -0.70971530 0.62969680 0.00992155
v -0.69502600 0.62271060 -0.00202067
v -0.63502390 1.26515800 -0.06934369
v -0.64629340 1.24735400 -0.06023574
v -0.65731320 1.23049800 -0.05124336
v -0.63687770 1.23805100 -0.05158605
v -0.64519840 1.21849100 -0.04016481
v -0.67599990 1.22807900 -0.05422214
v -0.69918240 1.22243300 -0.05446159
v -0.68736520 1.20990100 -0.04302665
v -0.61187830 0.58577790 -0.01953848
v -0.58589470 0.58608540 -0.04566843
v -0.57478470 0.60407820 -0.04104041
v -0.56157660 0.60057050 -0.04145443
v -0.64815170 0.64797850 0.01383717
v -0.65198970 0.64453430 -0.01270799
v -0.66790670 0.67578220 -0.01047564
v -0.65365240 0.66299610 -0.01184535
v -0.64689560 0.63424720 0.00216811
v -0.64727060 0.65421220 0.00286643
v -0.64481250 0.62563940 0.02119165
v -0.63723490 0.63736200 0.02675043
v -0.63447640 0.68133230 0.01691309
v -0.65606050 0.68192570 -0.01078283
v -0.64861390 0.67278480 0.00160410
v -0.64762920 0.68832490 0.01339506
v -0.66643090 0.69961040 -0.01153865
v -0.68087370 0.69067550 -0.00316856
v -0.67613320 0.71348000 -0.00239615
v -0.66215460 0.72087510 -0.01138583
v -0.69020220 0.70941740 0.00497051
v -0.64821790 0.71103210 0.01148662
v -0.65555770 0.70964060 -0.00590542
v -0.69311460 0.67721000 -0.00041074
v -0.67807650 0.67009120 -0.00754781
v -0.69259870 0.66382770 -0.00332864
v -0.69118190 0.64949250 -0.00548968
v -0.68756680 0.72529090 0.00494908
v -0.61040120 0.69787190 0.00749471
v -0.61068080 0.63623100 -0.01116014
v -0.63061950 0.69898070 0.01392877
v -0.65197500 0.69479870 -0.00418339
v -0.67093550 0.73106160 -0.00185193
v -0.69991000 0.69384680 0.00709007
v -0.70761570 0.70886390 0.00794285
v -0.60843130 0.63892010 -0.02414751
v -0.61043270 0.66020120 -0.01228743
v -0.61180830 0.62456560 -0.00134602
v -0.71336640 0.67547160 0.01002239
v -0.60867230 0.61454760 -0.01243528
v -0.71271310 0.72153110 0.00537028
v -0.73814240 0.67272090 0.00655675
v -0.72334960 0.69235030 0.00808269
v -0.65901740 0.62776730 -0.01802636
v -0.67761810 0.64173710 -0.01157248
v -0.51838150 0.82404820 -0.07444920
v -0.70301970 0.85896060 0.00673373
v -0.70873350 0.76791290 -0.01099967
v -0.56057370 1.03065000 -0.05665983
v -0.55783840 1.06216200 -0.05954223
v -0.67730980 1.09498400 0.00834990
v -0.68843780 1.06380100 0.00829652
v -0.70293700 1.03181800 0.00852523
v -0.54885850 1.10125900 -0.08110351
v -0.55426540 1.11634500 -0.07408574
v -0.53988000 1.11700100 -0.08436797
v -0.55535350 1.09897800 -0.06437959
v -0.55327760 1.14914200 -0.07452946
v -0.56935170 1.17130500 -0.05642467
v -0.53995990 1.13553600 -0.08820264
v -0.75324910 0.63727320 0.01069120
v -0.62914900 1.20020800 -0.02799355
v -0.59390130 1.14617400 -0.02328329
v -0.69071820 1.19096900 -0.03027630
v -0.74267270 0.71877380 -0.01918275
v -0.54654890 0.63650830 -0.04844322
v -0.53948620 0.67566300 -0.05662255
v -0.52605230 0.70808430 -0.06723324
v -0.67105260 1.19838900 -0.03044734
v -0.63537950 0.65468490 0.02435369
v -0.64657660 0.66744570 0.01618209
v -0.72204470 0.64375770 0.01344308
v -0.70438150 0.64967990 0.00818717
v -0.70760420 0.66202610 0.00882390
v -0.69858760 0.63742910 0.00354048
v -0.62025860 0.63023620 0.01244507
v -0.74129610 0.68626550 -0.00160818
v -0.72768970 0.71680850 -0.00983385
v -0.70394440 0.73836590 0.00579605
v -0.70897230 0.75098100 -0.00603915
v -0.75282010 0.66715170 -0.00394334
v -0.75389600 0.65591910 0.00323316
v -0.66824800 0.62771790 -0.01687129
v -0.66652980 0.64131990 -0.01218857
v -0.66491210 0.65464910 -0.00777642
v -0.68824980 0.63659200 -0.00804214
v -0.51619540 0.84135360 -0.07796266
v -0.51407870 0.79669070 -0.07649761
v -0.50559770 0.82563990 -0.09402479
v -0.50645420 0.80675990 -0.09047523
v -0.68912890 0.89076070 0.00852925
v -0.72646490 0.75302530 -0.01912218
v -0.52373610 0.93646040 -0.07941502
v -0.53995490 0.94205360 -0.06678955
v -0.53166510 0.90814080 -0.07046056
v -0.53877090 0.96403990 -0.06911221
v -0.55184430 0.97239700 -0.06394312
v -0.70906940 1.00323900 0.00761898
v -0.70653710 0.92530070 0.01102745
v -0.70141590 0.94688020 0.01074931
v -0.72490660 0.94506440 0.00707374
v -0.54275590 1.06695000 -0.08388972
v -0.55033540 1.08184800 -0.07517671
v -0.69702500 1.10091600 0.00176670
v -0.68790430 1.08034800 0.00733263
v -0.73360010 0.65574200 0.01133792
v -0.62268500 1.21868500 -0.03901838
v -0.64985900 1.19985900 -0.02767241
v -0.64381610 1.16695900 -0.00394326
v -0.65428540 1.18305000 -0.01578983
v -0.67898230 1.17900300 -0.01705010
v -0.63293490 1.18143400 -0.01549146
v -0.70121650 1.17707800 -0.01815917
v -0.69077030 1.15875000 -0.00679754
v -0.61816720 0.68342110 0.01521656
v -0.73662500 0.63573530 0.01317167
v -0.62345040 0.62844680 0.02751293
v -0.61897880 0.61350900 0.02163659
v -0.71626170 0.73472850 -0.00491622
v -0.67724940 0.65447840 -0.00559603
v -0.50995130 0.86144250 -0.08689176
v -0.52967370 0.85780030 -0.07172418
v -0.53436390 0.83969790 -0.06322457
v -0.54414460 0.85652960 -0.05671081
v -0.52055360 0.80856080 -0.06938473
v -0.53835380 0.81207710 -0.05742659
v -0.55480750 0.84446750 -0.04745682
v -0.55790450 0.86221710 -0.04624130
v -0.50612900 0.78414060 -0.08955443
v -0.51787910 0.78276400 -0.07004903
v -0.52882030 0.79662620 -0.05990639
v -0.53378420 0.78010690 -0.05598427
v -0.54891440 0.81288760 -0.05055259
v -0.51363050 0.74555330 -0.07732105
v -0.51101140 0.76424420 -0.08045933
v -0.72717070 0.85549600 0.01026749
v -0.72976140 0.83086690 0.00862641
v -0.73068880 0.79097100 -0.00122640
v -0.73081790 0.77792060 -0.00400840
v -0.55536340 0.95261420 -0.05951181
v -0.52255550 0.89373210 -0.07673352
v -0.51084980 0.88354470 -0.08832464
v -0.54644740 0.87527990 -0.06026837
v -0.55918680 0.88840850 -0.04998175
v -0.54331800 0.89345050 -0.06423983
v -0.55508460 0.90768940 -0.05732799
v -0.56363890 0.89821090 -0.03681799
v -0.56287820 0.87534240 -0.04286798
v -0.53927300 0.92130510 -0.06633168
v -0.55739410 0.93015490 -0.05604028
v -0.58237250 0.88309620 -0.01684871
v -0.54074010 0.98681650 -0.06964364
v -0.56429960 1.01124700 -0.05288937
v -0.54525680 1.00402000 -0.06788119
v -0.71174110 0.90018250 0.01092903
v -0.68645610 0.91266960 0.00903979
v -0.69066030 1.13665500 -0.00168456
v -0.68653330 1.04471900 0.00960579
v -0.67165390 1.05120000 0.00938553
v -0.70665460 1.05077700 0.00601216
v -0.52333210 0.72571750 -0.06806731
v -0.52860050 0.74536320 -0.06029672
v -0.54860180 0.70753550 -0.04412940
v -0.52922980 0.68693580 -0.06651746
v -0.62795790 0.66665200 0.02114478
v -0.61071500 0.64841270 0.00390851
v -0.61718830 0.65622760 0.01827533
v -0.61161110 0.66711150 0.01007269
v -0.61942160 0.64339750 0.02236710
v -0.75329500 0.68253670 -0.01180433
v -0.73963090 0.70262510 -0.01194095
v -0.68789050 0.76710900 0.00228836
v -0.53297460 0.82180880 -0.06146566
v -0.56599120 0.85132150 -0.03598724
v -0.56755870 0.86406280 -0.03353272
v -0.57313240 0.83022790 -0.02714668
v -0.56491850 0.82019800 -0.03454560
v -0.57146410 0.84823900 -0.02731214
v -0.56587150 0.83532090 -0.03629316
v -0.69648740 0.84295440 0.00512161
v -0.71360790 0.83752770 0.00814770
v -0.66953460 0.82699350 0.00231679
v -0.67652670 0.84927780 0.00466228
v -0.68428510 0.83327580 0.00403602
v -0.68868280 0.81319870 0.00222119
v -0.72833320 0.76313260 -0.01074694
v -0.71308270 0.77939030 -0.00249156
v -0.69481830 0.78490600 -0.00339928
v -0.74231220 0.73624610 -0.02225892
v -0.72653900 0.73692910 -0.01459873
v -0.57757130 0.94822000 -0.02531992
v -0.52616400 0.87850740 -0.07368532
v -0.56338930 0.91439510 -0.04068524
v -0.58316640 0.86151250 -0.02008492
v -0.57032240 0.87706100 -0.02657233
v -0.62400230 0.86840080 -0.00738653
v -0.58783380 0.84068440 -0.01962827
v -0.59894110 0.87286150 -0.01446771
v -0.60897470 0.85872380 -0.01190739
v -0.56510590 0.88408810 -0.03323582
v -0.54632650 1.01921700 -0.07002550
v -0.56123640 0.99066830 -0.05507190
v -0.56129760 0.96604000 -0.04821689
v -0.71954100 0.98101760 0.00628143
v -0.69551810 0.96433650 0.01038782
v -0.67047130 0.96527830 0.00794898
v -0.65436890 0.95074130 0.00439611
v -0.68987290 0.98403710 0.01046016
v -0.54658660 1.03362200 -0.07302280
v -0.54018990 1.04889300 -0.08533735
v -0.57032600 1.04350800 -0.04627277
v -0.65458250 1.09168900 0.00964496
v -0.66206500 1.10455400 0.01048610
v -0.64275060 1.07803700 0.00404665
v -0.53706680 0.70940890 -0.05577584
v -0.54991000 0.68538840 -0.04462848
v -0.67333100 0.76239210 0.00271120
v -0.70851280 0.76027680 -0.01078426
v -0.55650680 0.82492150 -0.04317495
v -0.71158650 0.80687470 0.00034997
v -0.68648080 0.87052780 0.00717085
v -0.66392140 0.86705860 0.00376065
v -0.71357930 0.79097270 -0.00035361
v -0.67440200 0.78338510 0.00214254
v -0.56872180 0.93146480 -0.03387475
v -0.58360760 0.93018630 -0.02075437
v -0.57148860 0.91306870 -0.02536214
v -0.57427200 0.89538400 -0.02231515
v -0.59011590 0.90868780 -0.01640808
v -0.59750930 0.89576210 -0.01393993
v -0.70394340 0.88052250 0.00875882
v -0.71545750 0.96276140 0.00817093
v -0.67488680 0.94439860 0.00796409
v -0.62816930 0.92740800 -0.00526574
v -0.64732710 0.97050960 0.00311996
v -0.55227840 1.04774900 -0.06674072
v -0.56101620 1.07746200 -0.05462535
v -0.56586000 1.09261800 -0.04836253
v -0.66460530 1.06556000 0.00897824
v -0.66884670 1.14522700 0.00410741
v -0.66491280 1.16810700 -0.00583828
v -0.65321970 1.15561800 0.00252097
v -0.62565790 1.13071600 0.00095301
v -0.63419210 1.14632100 0.00172329
v -0.62295940 1.15888700 -0.00787474
v -0.60450710 1.15890500 -0.01916183
v -0.59698270 1.11537300 -0.01543095
v -0.65061930 1.05289700 0.00530916
v -0.66117840 1.07796500 0.00897248
v -0.63852730 1.06492500 0.00155432
v -0.53916900 0.69374750 -0.05552091
v -0.56256980 0.64640730 -0.03644116
v -0.57853030 0.63652470 -0.03912861
v -0.67045580 0.74983830 0.00112900
v -0.70376690 0.82341310 0.00341966
v -0.69228420 0.80202340 0.00188346
v -0.69212570 0.79407300 -0.00021411
v -0.63352180 0.85353330 -0.00450557
v -0.67246180 0.88304160 0.00587558
v -0.65607180 0.88054080 0.00249835
v -0.66876650 0.89809270 0.00577647
v -0.63771920 0.91267620 -0.00208724
v -0.66255030 0.92018900 0.00494921
v -0.64819490 0.93450940 0.00207117
v -0.59600490 0.92766890 -0.01542633
v -0.61021790 0.93464030 -0.01100317
v -0.69001200 0.77437900 0.00039542
v -0.65566470 0.78701460 0.00062883
v -0.66539560 0.77791480 0.00118112
v -0.65887240 0.79573100 0.00128567
v -0.66152660 0.77319280 0.00044390
v -0.60170220 0.84628710 -0.01453692
v -0.60960610 0.88354780 -0.01174566
v -0.57638840 1.02696400 -0.03842436
v -0.57435690 1.00615500 -0.03531583
v -0.58112210 0.99170700 -0.02573617
v -0.56883560 0.98517660 -0.03916950
v -0.60603300 0.98084060 -0.01207232
v -0.59253650 1.01279600 -0.01857936
v -0.59065560 0.98064720 -0.01817638
v -0.58755930 1.02481200 -0.02639013
v -0.62114060 0.99493730 -0.00861061
v -0.61629080 1.01564800 -0.01099801
v -0.59827800 1.00126900 -0.01489693
v -0.60029780 1.02808400 -0.01778937
v -0.62264780 1.03496300 -0.00676181
v -0.58447040 0.96205740 -0.02125273
v -0.57485730 0.97207440 -0.03036327
v -0.66286840 0.98968050 0.00727572
v -0.57539740 1.10611600 -0.04758742
v -0.64554430 1.13384100 0.00749115
v -0.66062340 1.12052500 0.01004643
v -0.64352630 1.10762800 0.00850592
v -0.62880100 1.04877800 -0.00318965
v -0.56146010 0.66928600 -0.03423462
v -0.55697660 0.63611780 -0.03974459
v -0.55102690 0.65003780 -0.04389238
v -0.59139620 0.65190450 -0.03231472
v -0.57393240 0.65690990 -0.03504394
v -0.72461980 0.74744100 -0.01789357
v -0.58461960 0.80339120 -0.01904526
v -0.57884390 0.81582050 -0.02448730
v -0.56893380 0.80878200 -0.03111248
v -0.55772510 0.80730960 -0.04266612
v -0.67084930 0.81099140 0.00216004
v -0.65031120 0.82213930 0.00042175
v -0.61042860 0.91306190 -0.01140193
v -0.63201210 0.95018100 -0.00387968
v -0.56918670 0.95842530 -0.03579740
v -0.63172020 0.88332310 -0.00473708
v -0.62404440 0.97420660 -0.00735444
v -0.60508870 1.04171900 -0.01470221
v -0.58789390 1.03989100 -0.02815491
v -0.59279430 1.05684000 -0.02494921
v -0.57818850 1.05932400 -0.03928102
v -0.59241380 1.08358800 -0.02386607
v -0.58111040 1.07536900 -0.03849334
v -0.59547370 1.06956800 -0.02252820
v -0.59247540 0.94745160 -0.01695630
v -0.55938170 1.12504800 -0.05713400
v -0.58992250 1.11141600 -0.03129090
v -0.60888050 1.08901600 -0.00898845
v -0.62736140 1.10508200 -0.00150566
v -0.63160070 1.08980200 0.00189880
v -0.61030940 1.11036000 -0.00537877
v -0.60707640 1.07935800 -0.01184826
v -0.62467740 1.07535800 -0.00343997
v -0.59540420 1.09776200 -0.01801122
v -0.56390650 0.69397250 -0.03262541
v -0.56563740 0.70948020 -0.03156013
v -0.57162720 0.68096170 -0.02938453
v -0.62079170 0.89873250 -0.00838550
v -0.66049420 1.02337900 0.00727347
v -0.65152520 1.00751500 0.00463769
v -0.63670040 1.02374900 -0.00044289
v -0.65034050 1.03922800 0.00508161
v -0.67696720 1.03118400 0.01061555
v -0.63480160 1.00613500 -0.00153852
v -0.58621460 1.09311100 -0.03682445
v -0.56086580 1.11115100 -0.05363470
v -0.57228400 1.13518000 -0.05388529
v -0.57497430 1.15282000 -0.05208442
v -0.58731780 1.15909900 -0.03529494
v -0.58388960 1.13969800 -0.03890901
v -0.59046130 1.13026500 -0.02419418
v -0.58396150 1.17446800 -0.04323235
v -0.59924040 0.73219190 -0.01705310
v -0.60670170 0.67684870 -0.02092972
v -0.60589180 0.96051080 -0.01211630
v -0.58162530 0.72004430 -0.02737905
v -0.58775700 0.67232360 -0.02667978
v -0.60786750 0.71591910 0.00274326
v -0.62799150 0.71334420 0.00705419
v -0.65311180 0.72956590 0.00406630
v -0.64393560 0.74670000 -0.00260084
v -0.65783980 0.74230370 -0.01012824
v -0.56359550 1.32029000 -0.07930576
v -0.57698100 1.32423000 -0.08814885
v -0.52169230 0.76358250 -0.06611314
v -0.54387950 0.79603190 -0.04962071
v -0.68473380 0.92888100 0.00938512
v -0.55425020 0.72054740 -0.03918809
v -0.53830760 0.72407670 -0.05311593
v -0.67736650 0.79099470 0.00233603
v -0.62075900 0.84362960 -0.00837926
v -0.63994920 0.83972930 -0.00254321
v -0.63045340 0.83043300 -0.00524219
v -0.62580100 0.81972940 -0.00603759
v -0.64529810 0.81111780 -0.00086616
v -0.65008440 0.80485480 -0.00025463
v -0.65315090 0.85166200 0.00095459
v -0.65838700 0.83707750 0.00151549
v -0.62302390 0.80834250 -0.01027491
v -0.63753670 0.80482060 -0.00237527
v -0.59720510 0.80531770 -0.01537187
v -0.60964330 0.83063090 -0.01211275
v -0.64483610 0.86548170 -0.00092380
v -0.60977840 0.81631030 -0.01216098
v -0.69760980 1.01771400 0.00941572
v -0.67887070 1.00809900 0.01030580
v -0.60813220 0.69927500 -0.01070758
v -0.59628630 0.69249090 -0.02524769
v -0.60562580 0.72028150 -0.00998655
v -0.60222470 0.77630590 -0.01250656
v -0.58251420 0.74162130 -0.02424292
v -0.59071760 0.76207310 -0.01972158
v -0.58067040 0.75301180 -0.02426306
v -0.59906620 0.74599680 -0.01583333
v -0.63448730 0.75940190 0.00183579
v -0.63183250 0.74236390 0.00776935
v -0.62016070 0.77209620 -0.00130978
v -0.63934500 0.77421430 -0.00413522
v -0.60575480 0.75771850 -0.00897031
v -0.61881280 0.75292120 0.00193594
v -0.62085420 0.73011200 0.00563129
v -0.65248190 0.76227760 -0.00658370
v -0.61465250 0.78739640 -0.00680543
v -0.62954050 0.78298210 -0.00052574
v -0.64720390 0.78195900 -0.00169937
v -0.62224440 0.79743280 -0.00443048
v -0.64095030 0.79414920 -0.00035556
v -0.61229710 0.80353430 -0.00714819
v -0.60409880 0.79353450 -0.01093795
v -0.59468980 0.79555200 -0.01730492
v -0.60638050 0.73648130 -0.00217640
v -0.58063310 0.78945260 -0.02010087
v -0.59136890 0.77951900 -0.01917750
v -0.55519160 0.75151620 -0.03787433
v -0.55505180 0.76542040 -0.04167216
v -0.54514810 0.75407040 -0.04912968
v -0.53792260 0.76358390 -0.05303258
v -0.56535870 0.76487320 -0.02940731
v -0.56654290 0.75025910 -0.02989589
v -0.56151580 0.77710900 -0.03679552
v -0.56057620 0.79237670 -0.03996987
v -0.57903170 0.77177480 -0.02275825
v -0.56785430 0.79790280 -0.03008300
v -0.56895820 0.78301720 -0.02633835
v -0.56825300 0.73017030 -0.03083819
v -0.55871600 0.73776720 -0.03618824
v -0.54537060 0.73926680 -0.04694975
v -0.56995630 0.53436790 -0.04749710
v -0.55776680 0.53274800 -0.04736877
v -0.54807490 0.52994810 -0.05774283
v -0.54400070 0.52817450 -0.07187842
v -0.54292150 0.52648880 -0.08595108
v -0.54137950 0.52223570 -0.09988701
v -0.54119760 0.51561900 -0.11378210
v -0.54313110 0.50592350 -0.12523160
v -0.54636390 0.49599040 -0.13784400
v -0.55067970 0.48739410 -0.15062350
v -0.55580950 0.48049860 -0.16374970
v -0.56326390 0.47506160 -0.17836930
v -0.57080640 0.46958570 -0.18936530
v -0.57928710 0.46574820 -0.20072180
v -0.58970720 0.46353950 -0.21312760
v -0.60222340 0.46492500 -0.22623290
v -0.61713810 0.47094440 -0.24122960
v -0.63272600 0.48006510 -0.25922300
v -0.65646510 0.48868970 -0.27453990
v -0.68584840 0.49411980 -0.27801750
v -0.66966090 0.52181600 -0.27551590
v -0.65870990 0.55095670 -0.27040080
v -0.66138870 0.60297830 -0.26907320
v -0.66335470 0.62588790 -0.26790020
v -0.66768910 0.66559170 -0.26684880
v -0.66484820 0.68808120 -0.26378900
v -0.66398000 0.71127040 -0.26218720
v -0.66379000 0.73414810 -0.26053860
v -0.66124130 0.75761110 -0.25895920
v -0.66025190 0.80641430 -0.25730420
v -0.65612290 0.85561770 -0.25328570
v -0.65010110 0.90566070 -0.24735440
v -0.65320670 0.92863960 -0.24653730
v -0.65847560 0.94517980 -0.24668850
v -0.65818480 0.96341580 -0.24604440
v -0.65371340 0.98183660 -0.24488770
v -0.66659100 1.03861600 -0.24567080
v -0.65997750 1.06102800 -0.24469250
v -0.65795070 1.07952100 -0.24482880
v -0.65381140 1.14397600 -0.24906660
v -0.65558820 1.16346200 -0.25141210
v -0.65926320 1.20417100 -0.25218430
v -0.66070100 1.25553100 -0.24470940
v -0.65873840 1.27883900 -0.23848630
v -0.64253710 1.28982100 -0.23266620
v -0.62655830 1.30028300 -0.22564950
v -0.61178810 1.31387600 -0.21773390
v -0.59787200 1.32995800 -0.20313590
v -0.58595470 1.34952600 -0.17995390
v -0.52930100 1.33374900 -0.14845680
v -0.52421570 1.31737100 -0.16528660
v -0.52192340 1.29685200 -0.17831760
v -0.52284370 1.27316900 -0.18616300
v -0.52294370 1.25040200 -0.18839350
v -0.52373400 1.22745600 -0.18753280
v -0.52148580 1.20452400 -0.18275690
v -0.51723260 1.18073300 -0.17648520
v -0.50769680 1.16136800 -0.16710600
v -0.49865720 1.14514000 -0.15000680
v -0.50281090 1.13232000 -0.13359180
v -0.54351120 1.10049200 -0.20302180
v -0.58590110 1.24532100 -0.22651720
v -0.51077270 1.13084000 -0.14210200
v -0.53191020 1.16110000 -0.19011060
v -0.54994370 1.24920600 -0.20976350
v -0.55450010 1.33855200 -0.16712170
v -0.54688870 1.31956000 -0.17952670
v -0.58266450 1.31838800 -0.20089530
v -0.53204040 1.19347100 -0.19741920
v -0.53714910 1.23769100 -0.20177130
v -0.55868280 1.35101300 -0.15217370
v -0.54449090 1.34290000 -0.15033500
v -0.57096440 1.34573700 -0.17230830
v -0.53321520 1.30909400 -0.17723360
v -0.53562170 1.28427600 -0.18996940
v -0.58169420 1.33505100 -0.18850290
v -0.50301660 1.14916000 -0.16185690
v -0.53463760 1.21334400 -0.20084820
v -0.53882030 1.32863900 -0.16452860
v -0.57205400 1.35721100 -0.15873690
v -0.54925810 1.30056500 -0.19101940
v -0.53775070 1.26108500 -0.19823130
v -0.56171360 1.26839700 -0.21179610
v -0.54962830 1.27565100 -0.20130190
v -0.51751730 1.13906900 -0.17213360
v -0.53771650 1.17620900 -0.20449140
v -0.56354900 1.29633600 -0.20246120
v -0.56812650 1.24661800 -0.21889350
v -0.55521500 1.22645600 -0.21545360
v -0.58181220 1.14761500 -0.22557110
v -0.59223540 1.28066800 -0.22174450
v -0.55312500 1.14760200 -0.21854680
v -0.56540030 1.21055200 -0.21905110
v -0.55394680 1.17462500 -0.21854670
v -0.54494540 1.20658700 -0.21159270
v -0.54192110 1.16115300 -0.20907120
v -0.59459510 1.30662200 -0.21343690
v -0.58525200 1.18693200 -0.23097220
v -0.61262350 1.28742600 -0.22688200
v -0.58039490 1.22845300 -0.22661890
v -0.56733110 1.19157800 -0.21972100
v -0.58487050 1.20634800 -0.23025000
v -0.60047460 1.19617900 -0.23467190
v -0.56622920 0.54567880 -0.04608179
v -0.55079290 0.54586750 -0.05007322
v -0.52122730 0.60025560 -0.16620860
v -0.53980440 0.78037820 -0.23707300
v -0.61440530 0.52222620 -0.23633370
v -0.65132230 0.51044020 -0.27021460
v -0.67470270 0.50375410 -0.27095220
v -0.64248810 0.49505650 -0.26823220
v -0.53475340 1.12397700 -0.10751020
v -0.64218120 1.27117000 -0.23612510
v -0.56394140 1.32438000 -0.18672540
v -0.50279220 1.13221100 -0.16274850
v -0.50392640 1.11525300 -0.14960290
v -0.53982810 1.14530000 -0.20428980
v -0.52546000 1.12385600 -0.17744480
v -0.53243950 1.14116900 -0.18843420
v -0.51140810 1.11306000 -0.16812730
v -0.52950990 1.10202900 -0.18016330
v -0.50995220 1.09468500 -0.15505670
v -0.50731900 1.09576000 -0.13710760
v -0.51735290 1.09350000 -0.17045430
v -0.51801270 1.08019300 -0.16548080
v -0.61880830 1.18145100 -0.24044540
v -0.60205190 1.17658700 -0.23533840
v -0.63703360 1.19626200 -0.24744890
v -0.59312930 1.16278700 -0.23383370
v -0.60337590 1.14510200 -0.23683300
v -0.61837510 1.16089100 -0.23947820
v -0.57358810 1.16856300 -0.22224920
v -0.56227770 1.13267300 -0.22232220
v -0.63633790 1.15080300 -0.24529000
v -0.61973400 1.14300100 -0.23968140
v -0.63292820 1.13443600 -0.24283720
v -0.61284410 1.26989200 -0.22983580
v -0.58093510 1.26526500 -0.22138480
v -0.60346690 1.23841400 -0.23272190
v -0.54468460 0.54331520 -0.05963666
v -0.52335480 0.58906050 -0.10687630
v -0.53949200 0.56142280 -0.06618297
v -0.50975280 0.66203910 -0.13657270
v -0.60521650 0.77557560 -0.27296070
v -0.52137590 0.85720880 -0.18971780
v -0.51279800 0.77527890 -0.18386770
v -0.59569460 0.91659110 -0.25625970
v -0.52472550 0.96204820 -0.15500810
v -0.64061840 0.53804930 -0.26230120
v -0.64848370 0.52149260 -0.26262330
v -0.52188280 1.09132200 -0.10745780
v -0.51916700 1.05972700 -0.13819910
v -0.52030720 1.06718600 -0.16273720
v -0.52266320 1.10770300 -0.11438480
v -0.51525500 1.07961500 -0.12591590
v -0.51487420 1.09836200 -0.12177320
v -0.64671030 1.23481300 -0.24726720
v -0.53651000 1.11227200 -0.19271590
v -0.53664170 1.12673700 -0.19422510
v -0.53376360 1.08837900 -0.18473140
v -0.65479700 1.18679700 -0.25204360
v -0.63655710 1.17281400 -0.24696350
v -0.64377350 1.21399300 -0.24902740
v -0.60266980 1.21740800 -0.23424040
v -0.62665470 1.21943900 -0.24053270
v -0.62231190 1.25412100 -0.23473570
v -0.60889990 1.10742500 -0.23683090
v -0.61013120 1.12659600 -0.23810390
v -0.58839850 1.13126600 -0.22814560
v -0.56914220 1.11834300 -0.22448920
v -0.63152930 1.11743200 -0.24203700
v -0.54359720 0.57389350 -0.05441670
v -0.55021690 0.55839390 -0.04871508
v -0.53998850 0.59183480 -0.05994011
v -0.52998340 0.54645130 -0.11088980
v -0.53663820 0.55262540 -0.07940789
v -0.53554360 0.54453000 -0.09313458
v -0.54148790 0.53870470 -0.07524166
v -0.53537800 0.53501200 -0.10143320
v -0.53095450 0.60213980 -0.07805566
v -0.53142540 0.52428380 -0.13063800
v -0.63415570 0.77650090 -0.25979030
v -0.60977120 0.83653660 -0.26939050
v -0.59894450 0.67306620 -0.26703060
v -0.51857190 0.86033570 -0.14411980
v -0.51290800 0.79015920 -0.13696600
v -0.64750180 0.61176190 -0.26443630
v -0.55541700 0.48924150 -0.18194810
v -0.59314280 0.47864680 -0.22555120
v -0.60981790 0.47877880 -0.23027710
v -0.64397290 0.55441360 -0.26175350
v -0.66362190 0.53822140 -0.27212630
v -0.62700080 0.48443840 -0.24693300
v -0.52709150 1.04879600 -0.11027600
v -0.63391060 0.99171530 -0.24301850
v -0.52622560 1.07510000 -0.10487820
v -0.53005480 1.06049800 -0.10245560
v -0.52170370 1.06340600 -0.11956570
v -0.52445730 1.05062700 -0.16407270
v -0.55471080 1.04677600 -0.21103930
v -0.53661690 1.04034000 -0.18497950
v -0.56101310 1.06783400 -0.21671380
v -0.55833360 1.09013500 -0.21655860
v -0.52377320 1.04082000 -0.14872550
v -0.53007890 1.11665300 -0.11744840
v -0.51388220 1.07892200 -0.14514310
v -0.54731310 1.12266500 -0.21160230
v -0.62843820 1.08672900 -0.24017450
v -0.64849060 1.10924200 -0.24500440
v -0.65027370 1.12580900 -0.24656050
v -0.52716970 0.56729610 -0.11600070
v -0.53295380 0.56948040 -0.08345625
v -0.53671130 0.58147090 -0.06903066
v -0.52156340 0.61265060 -0.09854976
v -0.50820470 0.69762330 -0.10324360
v -0.50530840 0.72823670 -0.12875030
v -0.53645650 0.50907350 -0.14036780
v -0.52590610 0.54320810 -0.12591990
v -0.63220680 0.72461350 -0.26105540
v -0.62823340 0.81183650 -0.26359790
v -0.63022460 0.85780350 -0.25831090
v -0.50715450 0.84868700 -0.12560250
v -0.63394650 0.91868690 -0.24854920
v -0.63784850 0.94428610 -0.24554700
v -0.52004510 0.96537550 -0.10547490
v -0.52321600 0.98281680 -0.10593800
v -0.51114610 0.91799540 -0.10836900
v -0.65756700 0.56540470 -0.26955320
v -0.65737290 0.58055790 -0.26877000
v -0.56324100 0.49191100 -0.19542050
v -0.54557910 0.49601760 -0.16901740
v -0.57421450 0.47952500 -0.20405160
v -0.62320640 0.49172800 -0.23796300
v -0.63043340 0.50317660 -0.25590890
v -0.62736780 0.51929300 -0.25195120
v -0.61844420 0.50684390 -0.23571490
v -0.63067140 0.54080860 -0.24837880
v -0.64157190 0.55936110 -0.25921310
v -0.61547170 0.53956850 -0.23963930
v -0.65488410 0.99967570 -0.24465770
v -0.63862320 0.97001150 -0.24391820
v -0.65195730 1.02302700 -0.24393130
v -0.64334980 1.04519300 -0.24235480
v -0.63550810 1.00872700 -0.24236410
v -0.54546800 1.08039000 -0.20233250
v -0.54377820 1.05957800 -0.19883600
v -0.57007700 1.04850200 -0.22278600
v -0.60019150 1.08022700 -0.23335070
v -0.60928910 1.09361500 -0.23633250
v -0.60403850 1.05619200 -0.23528390
v -0.55727320 1.10785600 -0.21799500
v -0.53340310 0.99533740 -0.17136700
v -0.65101760 1.09330700 -0.24448860
v -0.62955460 1.10081100 -0.24096230
v -0.53659230 0.62613300 -0.06294363
v -0.52127710 0.63781990 -0.08951635
v -0.53023810 0.55884160 -0.10049720
v -0.52617390 0.55866360 -0.12236700
v -0.52747460 0.57430400 -0.09992236
v -0.52828860 0.58896540 -0.08951442
v -0.50282710 0.73850320 -0.11161190
v -0.53463460 0.53009750 -0.11468990
v -0.53541290 0.54077210 -0.16624120
v -0.63698400 0.79627820 -0.25702280
v -0.63868770 0.82242220 -0.25430820
v -0.64432760 0.80780980 -0.25618730
v -0.64138980 0.87066810 -0.24980780
v -0.63920620 0.84709430 -0.25220130
v -0.64718760 0.88658470 -0.24843880
v -0.63043920 0.88034710 -0.25359820
v -0.50359500 0.85232910 -0.10624330
v -0.50489100 0.83121650 -0.11756550
v -0.50398340 0.87116220 -0.10973410
v -0.50377830 0.79359510 -0.11364580
v -0.50285410 0.77242010 -0.11235650
v -0.51751070 0.94870490 -0.10310580
v -0.51501770 0.93319010 -0.09985501
v -0.51394410 0.93552060 -0.12295300
v -0.51235160 0.91498470 -0.13394460
v -0.51706710 0.93123760 -0.14269030
v -0.52480630 0.98509070 -0.15186080
v -0.53334910 0.97085310 -0.17207770
v -0.52642770 1.00975800 -0.15526050
v -0.52434240 1.01059000 -0.12985840
v -0.53500160 1.02046100 -0.17856810
v -0.52082110 0.97630230 -0.13206900
v -0.52244870 0.99573810 -0.12893160
v -0.52751160 1.02530000 -0.11148870
v -0.64049870 0.57911870 -0.25555820
v -0.62744050 0.55525630 -0.24575230
v -0.65646550 0.65058460 -0.26571610
v -0.64777850 0.63625560 -0.26416080
v -0.56505940 0.47985440 -0.18969240
v -0.53981980 0.49879540 -0.15167570
v -0.53651200 0.51178750 -0.16164570
v -0.59519030 0.55481900 -0.24494140
v -0.59201230 0.51735660 -0.22943230
v -0.59924130 0.50340650 -0.23501770
v -0.52546570 1.02700900 -0.14242160
v -0.52416070 1.04052400 -0.12645540
v -0.62095290 0.95404380 -0.24917090
v -0.61784040 1.00189400 -0.24348500
v -0.53393560 1.05587300 -0.18274750
v -0.57843880 1.08114100 -0.22652280
v -0.58286220 1.06528700 -0.22831440
v -0.58960740 1.09634400 -0.22949400
v -0.58850360 1.11480900 -0.22854800
v -0.57178860 1.09961700 -0.22465190
v -0.60577290 1.03220300 -0.23835400
v -0.62311250 1.05235200 -0.23914350
v -0.58571910 1.04214700 -0.23147750
v -0.60227410 1.01142300 -0.24080090
v -0.58390440 1.02412800 -0.23355410
v -0.53546720 0.60605390 -0.06695674
v -0.52704210 0.62349270 -0.08168636
v -0.51989290 0.65442570 -0.08765639
v -0.52960680 0.64172940 -0.07332601
v -0.52487310 0.55492410 -0.13578150
v -0.52487530 0.56457780 -0.14468180
v -0.52372520 0.56991220 -0.13283990
v -0.51184500 0.68465700 -0.09617735
v -0.51442290 0.66354210 -0.09952111
v -0.65072250 0.72213180 -0.26021510
v -0.64438770 0.70147240 -0.26115850
v -0.65219840 0.67320190 -0.26243400
v -0.62750970 0.83782360 -0.26256810
v -0.61471350 0.82095290 -0.26973310
v -0.59906370 0.80942710 -0.27182380
v -0.62435970 0.79429420 -0.26637770
v -0.61473350 0.79718330 -0.27107890
v -0.65290330 0.78375020 -0.25703810
v -0.60915490 0.86174500 -0.26569330
v -0.61794560 0.85048730 -0.26602740
v -0.52004270 0.82161370 -0.15212120
v -0.51912350 0.84137870 -0.14758550
v -0.51216060 0.82366820 -0.13287480
v -0.52520510 0.84557630 -0.16736830
v -0.51944340 0.88048520 -0.14585840
v -0.51047770 0.89324600 -0.13324840
v -0.52807590 0.87079800 -0.16808580
v -0.50690050 0.87131430 -0.12693210
v -0.52375580 0.87962230 -0.18785600
v -0.51816290 0.89704800 -0.14761070
v -0.50795810 0.75383690 -0.12778940
v -0.50884270 0.77443850 -0.12750920
v -0.50251320 0.75527460 -0.10975090
v -0.52682730 0.92891010 -0.16133940
v -0.52856970 1.03159700 -0.16464610
v -0.54179720 1.02461100 -0.19689060
v -0.63406570 0.62300430 -0.26335960
v -0.53488730 0.52552130 -0.15033420
v -0.60671640 0.48978080 -0.22854080
v -0.57329800 0.49479770 -0.21239770
v -0.55875630 0.50862280 -0.20096790
v -0.54851410 0.51457890 -0.18029620
v -0.54163810 0.53604670 -0.18199130
v -0.53215210 0.56019390 -0.17025190
v -0.52917000 0.55159050 -0.15020510
v -0.52899950 0.56616310 -0.15882610
v -0.52862110 0.57797600 -0.17729110
v -0.52592140 0.58292210 -0.16513860
v -0.60425930 0.54310990 -0.24660970
v -0.57007560 0.53477150 -0.22246420
v -0.57964660 0.51791500 -0.21993330
v -0.57684460 0.55851790 -0.23481490
v -0.58592180 0.53361090 -0.23470960
v -0.56984850 0.51684980 -0.21237240
v -0.56518190 0.55614020 -0.22092440
v -0.58645890 0.50150460 -0.22475080
v -0.61840270 0.97590390 -0.24677180
v -0.62572360 1.02492600 -0.24110050
v -0.55460670 0.99027360 -0.21921460
v -0.52279240 0.58098870 -0.11880390
v -0.50825580 0.67788750 -0.13196620
v -0.50487170 0.70045860 -0.12776330
v -0.50462830 0.71656070 -0.10880200
v -0.64256190 0.76347080 -0.25860720
v -0.64323550 0.74102630 -0.25933640
v -0.62313370 0.70723060 -0.26250210
v -0.63526780 0.67751300 -0.26185280
v -0.64459100 0.66002300 -0.26206170
v -0.63007480 0.89850360 -0.25164860
v -0.61341330 0.91340480 -0.25698440
v -0.61995060 0.93320100 -0.25222650
v -0.62224310 0.87108030 -0.26133250
v -0.60359650 0.88156730 -0.26327110
v -0.51259190 0.80611790 -0.13412150
v -0.50577640 0.88868190 -0.11151000
v -0.50838380 0.90316820 -0.11527570
v -0.52623250 0.89947800 -0.19654210
v -0.52426230 0.91059260 -0.15567750
v -0.53240240 0.91276940 -0.17285950
v -0.52271950 0.94444700 -0.15359890
v -0.54455930 1.04207400 -0.19927660
v -0.56664280 1.03258500 -0.22236020
v -0.56979650 1.00567400 -0.22821520
v -0.55420600 1.02663500 -0.21271910
v -0.56254720 1.01413000 -0.22217600
v -0.63342050 0.65292710 -0.26295080
v -0.62374090 0.63434230 -0.26415290
v -0.63525470 0.60178720 -0.25969570
v -0.59605190 0.59403940 -0.25423210
v -0.58608970 0.57819610 -0.24589060
v -0.60757980 0.56977950 -0.25234020
v -0.61149310 0.59098790 -0.25699600
v -0.60893940 0.61276710 -0.25996120
v -0.59026110 0.62176110 -0.25926690
v -0.53574740 0.62426380 -0.23460620
v -0.57788470 0.60130640 -0.24559370
v -0.56823710 0.62019650 -0.25366820
v -0.53984080 0.52453730 -0.17027240
v -0.52429930 0.59587350 -0.18477290
v -0.52065770 0.58874850 -0.13410670
v -0.59916230 0.52370540 -0.24067520
v -0.53412000 0.56717830 -0.18882270
v -0.53109630 0.58588100 -0.19815270
v -0.55868380 0.53042100 -0.21044440
v -0.51640300 0.61987400 -0.11674800
v -0.50824360 0.67949680 -0.11610580
v -0.51062430 0.69474850 -0.19498570
v -0.50584100 0.72583840 -0.17143910
v -0.62306320 0.67956510 -0.26509410
v -0.60906380 0.69546440 -0.27058930
v -0.61615070 0.66426670 -0.26735110
v -0.61573130 0.89162900 -0.26003560
v -0.53354620 0.93177680 -0.17491290
v -0.62349070 0.60849670 -0.26015240
v -0.60617040 0.64258750 -0.26396290
v -0.56968590 0.58286170 -0.23375580
v -0.51272510 0.63924160 -0.16973940
v -0.51785830 0.61854500 -0.18250970
v -0.52237380 0.63738600 -0.21672400
v -0.52959120 0.61844210 -0.22013830
v -0.51836610 0.63317460 -0.20156180
v -0.53951850 0.60283380 -0.22726180
v -0.52094070 0.59760890 -0.14857610
v -0.54874040 0.52903500 -0.19537430
v -0.55293160 0.55304940 -0.20841320
v -0.54262820 0.56954810 -0.21126820
v -0.54189230 0.55018770 -0.19795670
v -0.53721610 0.55216350 -0.18404560
v -0.58357730 1.00010500 -0.23736070
v -0.56862410 0.98481120 -0.23081300
v -0.52153040 0.60226960 -0.10528740
v -0.51926570 0.60246820 -0.11914100
v -0.51365860 0.63627630 -0.11786150
v -0.50863360 0.68171020 -0.15629780
v -0.50535350 0.69770030 -0.14784060
v -0.62178600 0.77506280 -0.26886590
v -0.62005810 0.73430910 -0.26712820
v -0.56855520 0.72429610 -0.26123320
v -0.52870520 0.91918990 -0.19550290
v -0.53252770 0.94082240 -0.20034580
v -0.53463590 0.90887270 -0.21401200
v -0.55755660 0.97255720 -0.22479000
v -0.54658480 0.94314090 -0.22103510
v -0.56395090 0.95333580 -0.23318120
v -0.56964980 0.93555380 -0.23968230
v -0.53461240 0.96271310 -0.19672370
v -0.54302250 0.97761520 -0.20958390
v -0.57252190 0.96758390 -0.23611610
v -0.54425740 1.00175200 -0.20616190
v -0.58236450 0.95381170 -0.24413510
v -0.53702830 1.00514200 -0.18895620
v -0.53386440 0.94894190 -0.17504030
v -0.55579640 0.59771300 -0.23780660
v -0.54707290 0.62010810 -0.24618750
v -0.54233230 0.64651140 -0.24505680
v -0.55981980 0.64671710 -0.25536390
v -0.57864950 0.70335030 -0.26640560
v -0.51588520 0.61722540 -0.15902550
v -0.54317260 0.58522540 -0.22189110
v -0.53435080 0.59519060 -0.21260990
v -0.60563080 0.95767210 -0.24964250
v -0.60558170 0.93624460 -0.25342900
v -0.59025140 0.93942640 -0.25046130
v -0.58463250 0.97858690 -0.24116630
v -0.51787110 0.62962790 -0.10120950
v -0.51344830 0.62430400 -0.13676250
v -0.51084580 0.65738960 -0.11815950
v -0.51068650 0.64265580 -0.13335210
v -0.51560520 0.64430370 -0.10363890
v -0.51042760 0.65508790 -0.15149880
v -0.50542840 0.71003550 -0.16133560
v -0.50780140 0.69751780 -0.17916270
v -0.51253630 0.72017740 -0.19333260
v -0.51378230 0.64963040 -0.18668150
v -0.51552180 0.68231320 -0.20582260
v -0.50795060 0.71474940 -0.14463800
v -0.61236070 0.75081300 -0.27239740
v -0.53941800 0.92518600 -0.21706720
v -0.52911590 0.64365580 -0.23216370
v -0.51960930 0.66184300 -0.22031010
v -0.53230350 0.67143250 -0.23845240
v -0.53520480 0.73377480 -0.23733610
v -0.53298370 0.70345400 -0.23796350
v -0.51227730 0.63518300 -0.15075280
v -0.50806090 0.74318180 -0.18867660
v -0.51115470 0.66935700 -0.17377820
v -0.51081290 0.73548950 -0.14989360
v -0.60777390 0.72138180 -0.27238060
v -0.59071000 0.70878180 -0.26881860
v -0.58342600 0.67477740 -0.26602270
v -0.56963380 0.67226120 -0.26050940
v -0.59003190 0.65357460 -0.26433640
v -0.57737570 0.64759000 -0.26032310
v -0.54980740 0.66965250 -0.25124370
v -0.51532100 0.70858910 -0.21367860
v -0.52042520 0.69073930 -0.22430400
v -0.54368480 0.69097030 -0.24698180
v -0.51344540 0.75914930 -0.15988190
v -0.59306400 0.75852470 -0.27037020
v -0.57204250 0.79423330 -0.25973660
v -0.58033460 0.77219810 -0.26588520
v -0.52089060 0.71953030 -0.22689590
v -0.51070870 0.76428800 -0.19763040
v -0.56028400 0.69563460 -0.25702380
v -0.55006230 0.71638020 -0.24681570
v -0.54314580 0.75356870 -0.24114650
v -0.55899880 0.77483190 -0.24966800
v -0.52315480 0.74863950 -0.22815810
v -0.53319830 0.84016790 -0.22877510
v -0.55227550 0.80274250 -0.24195010
v -0.52392550 0.84984390 -0.21171350
v -0.52511360 0.86610160 -0.20815930
v -0.58999020 0.82957600 -0.26864140
v -0.51805860 0.73837530 -0.21051140
v -0.52817700 0.80065410 -0.22796590
v -0.53655610 0.82083750 -0.23343190
v -0.52267450 0.82007170 -0.21701190
v -0.52054520 0.83671090 -0.20629450
v -0.51915090 0.83651420 -0.18772370
v -0.51653190 0.81754030 -0.19600600
v -0.56355110 0.85329880 -0.24469430
v -0.57771480 0.84793100 -0.25896080
v -0.53469890 0.86276690 -0.22623810
v -0.54914110 0.85957780 -0.23779530
v -0.52939530 0.88045020 -0.21410970
v -0.57295120 0.88817530 -0.24826930
v -0.53756320 0.89471910 -0.22237180
v -0.56423380 0.87429660 -0.24338460
v -0.56770920 0.91506610 -0.24150270
v -0.55683740 0.89192120 -0.23866730
v -0.54649130 0.87868120 -0.23406630
v -0.56586000 0.90081170 -0.24235930
v -0.55007650 0.91097880 -0.23094480
v -0.51785390 0.76645970 -0.21643490
v -0.52710180 0.76689550 -0.22990340
v -0.52406100 0.78307960 -0.22479420
v -0.52145560 0.81824150 -0.17396870
v -0.51948060 0.80243540 -0.15786030
v -0.51816910 0.79637190 -0.18026120
v -0.51479520 0.79287800 -0.20622510
v -0.55222720 0.82717610 -0.24003320
v -0.57431460 0.83422150 -0.25753410
v -0.57980980 0.90250990 -0.25202320
v -0.58710130 0.88590410 -0.25907220
v -0.57696610 0.86940540 -0.25458160
v -0.59044840 0.86668860 -0.26392010
v -0.59995720 0.89959200 -0.26018890
v -0.59419590 0.84879180 -0.26762480
v -0.64071160 1.07510900 -0.24201280
v -0.61932400 1.07305500 -0.23816320
v -0.53020910 0.89271770 -0.16682670
v -0.53583210 0.98427910 -0.19187370
v -0.51541380 0.77926160 -0.14664320
v -0.51703550 0.78019680 -0.16260690
v -0.86597700 0.54758190 -0.24677010
v -0.86025650 0.54401050 -0.26159650
v -0.85387140 0.54233010 -0.27659780
v -0.85116030 0.54194640 -0.29098470
v -0.85021800 0.54093770 -0.30543650
v -0.84735420 0.53937580 -0.31990790
v -0.83922740 0.53795960 -0.33012020
v -0.82456810 0.53535060 -0.32995470
v -0.81534870 0.53224400 -0.31813650
v -0.81269830 0.52650800 -0.30623940
v -0.80427070 0.52527110 -0.29004440
v -0.79117340 0.52480460 -0.27631110
v -0.77208080 0.52403470 -0.27123560
v -0.75723370 0.52070410 -0.28295850
v -0.74310490 0.51522350 -0.29286300
v -0.72966640 0.51052890 -0.30082000
v -0.71404700 0.50480700 -0.30438770
v -0.70138510 0.50108600 -0.28927290
v -0.70484810 0.50270140 -0.27059900
v -0.67552450 1.28899000 -0.23933200
v -0.69125260 1.30095600 -0.23912330
v -0.70707660 1.31427000 -0.23829130
v -0.72384670 1.32984700 -0.23491250
v -0.74185170 1.35135100 -0.22323260
v -0.80047180 1.33469000 -0.22574950
v -0.80196230 1.31814600 -0.23990130
v -0.80031570 1.30045600 -0.25055290
v -0.79909680 1.28223700 -0.26022110
v -0.79945840 1.26080200 -0.26319400
v -0.80212410 1.23951600 -0.26549840
v -0.80828670 1.21695100 -0.26847330
v -0.81976590 1.19461200 -0.26973010
v -0.82903880 1.18142900 -0.25047890
v -0.83679680 1.17298100 -0.22836300
v -0.77443220 1.33450900 -0.23355320
v -0.78484790 1.11131300 -0.25006610
v -0.76924570 1.25904300 -0.26435610
v -0.77244510 1.34827200 -0.21892280
v -0.70438690 1.29528600 -0.24434950
v -0.80590960 1.17152100 -0.26675670
v -0.78476980 1.25149700 -0.26423470
v -0.78950160 1.32930400 -0.23361560
v -0.78512270 1.29408000 -0.25379260
v -0.73854170 1.32897000 -0.23613360
v -0.85598270 1.15063500 -0.18092570
v -0.79005850 1.20792800 -0.26519980
v -0.78921190 1.34219700 -0.21930450
v -0.75928030 1.35937800 -0.21266760
v -0.83182920 1.17233600 -0.24067800
v -0.70920760 1.28283700 -0.25027790
v -0.68641470 1.27960700 -0.24503020
v -0.80365260 1.19557700 -0.26964710
v -0.78857600 1.22919700 -0.26928190
v -0.82115230 1.18132000 -0.26307100
v -0.70337750 0.51276760 -0.27447180
v -0.69806420 0.52366480 -0.27407340
v -0.76930770 0.62203230 -0.27844850
v -0.79618630 0.78017710 -0.27396010
v -0.84994020 0.63290800 -0.31318290
v -0.87654830 0.55937580 -0.24569960
v -0.73203070 1.05328400 -0.24997890
v -0.83431730 1.09926600 -0.20323210
v -0.78593270 1.27374200 -0.26210290
v -0.72262700 1.30454200 -0.24560450
v -0.84600240 1.13333100 -0.18260460
v -0.84213450 1.11891700 -0.18126870
v -0.83856830 1.12448500 -0.20529370
v -0.68683390 1.24933300 -0.25254760
v -0.81535380 1.15324600 -0.25298060
v -0.76676370 1.22002800 -0.26992780
v -0.76522420 1.24009600 -0.26844810
v -0.74187830 1.24903300 -0.26635550
v -0.71769630 1.22115100 -0.26630990
v -0.74153380 1.22474400 -0.26895960
v -0.72235070 1.24128500 -0.26561660
v -0.73109320 1.20343000 -0.26961620
v -0.75272910 1.20138800 -0.27070270
v -0.70473760 1.24182300 -0.26005260
v -0.74031690 1.18399200 -0.26981300
v -0.78592110 1.18482100 -0.26282800
v -0.70004770 0.51315440 -0.29578110
v -0.72674550 0.63986720 -0.27989050
v -0.84340210 0.80579260 -0.27810470
v -0.72765920 0.75244570 -0.28192040
v -0.73998140 0.98511270 -0.26271810
v -0.86068200 0.69462090 -0.28653540
v -0.88101260 0.58483580 -0.26207680
v -0.85108600 0.55315040 -0.29068000
v -0.85631090 0.57162380 -0.28576350
v -0.87087620 0.57364500 -0.27236610
v -0.85442110 0.58424230 -0.29434340
v -0.86338180 0.55602290 -0.27395730
v -0.68564460 1.11655200 -0.25177870
v -0.69605600 1.08602800 -0.24993420
v -0.83971480 1.06913100 -0.19797020
v -0.67428420 1.17530200 -0.25576800
v -0.72348830 1.27823800 -0.25602740
v -0.75264900 1.29926400 -0.25217400
v -0.77034180 1.30632000 -0.25055790
v -0.78279170 1.31627400 -0.24486450
v -0.76647260 1.28256600 -0.25869450
v -0.74408790 1.27608700 -0.25978290
v -0.84624490 1.14142300 -0.20039530
v -0.83404550 1.14022100 -0.22157820
v -0.84546090 1.10260300 -0.16956580
v -0.85368940 1.11678400 -0.16422390
v -0.81510260 1.10923000 -0.22876000
v -0.84116620 1.10813500 -0.19274060
v -0.82904900 1.11162500 -0.21703740
v -0.84343430 1.08817700 -0.18902970
v -0.81785500 1.13911900 -0.23658330
v -0.82127500 1.09774000 -0.22037370
v -0.67493280 1.26655200 -0.24604190
v -0.69573020 1.26450000 -0.25245010
v -0.77422700 1.19933500 -0.26740650
v -0.68428940 0.54598690 -0.26660350
v -0.68342430 0.53214600 -0.26678220
v -0.68823060 0.61753940 -0.28192580
v -0.81748550 0.56552920 -0.32436840
v -0.85208010 0.95394710 -0.20595550
v -0.72100880 0.92036960 -0.26274820
v -0.88026260 0.57288480 -0.25202000
v -0.88758480 0.59446830 -0.24294040
v -0.68060500 1.20881000 -0.25514580
v -0.70036470 1.21581400 -0.26128530
v -0.66811300 1.12114200 -0.24946480
v -0.68312950 1.05084700 -0.24750810
v -0.84736870 1.06610800 -0.17009130
v -0.71403870 1.26314800 -0.25929960
v -0.73632980 1.29132800 -0.25337510
v -0.74156130 1.30896100 -0.24640570
v -0.75658030 1.32263000 -0.24042960
v -0.75223810 1.26173500 -0.26422380
v -0.72986900 1.26297500 -0.26244480
v -0.82935950 1.08324700 -0.21035680
v -0.84689840 1.08502800 -0.16660680
v -0.70673870 0.55518430 -0.30936780
v -0.68510310 0.66116770 -0.27514590
v -0.68901780 0.59094050 -0.29267940
v -0.74769450 0.53314860 -0.29029460
v -0.76126730 0.54135440 -0.28156240
v -0.84541490 0.85019010 -0.23624460
v -0.85127700 0.89402010 -0.22361150
v -0.67812510 0.83913420 -0.25919940
v -0.71059510 0.87769770 -0.26392170
v -0.86430850 0.94206200 -0.19323590
v -0.84799100 1.00168600 -0.19738100
v -0.69394190 0.92738330 -0.25347900
v -0.84384180 0.55547290 -0.32799420
v -0.85063560 0.56393620 -0.30243690
v -0.88194860 0.61597510 -0.25438260
v -0.86781660 0.69531880 -0.24531070
v -0.87140480 0.68720590 -0.25895240
v -0.85997730 0.74706180 -0.24790070
v -0.66633640 1.22064400 -0.24941960
v -0.67502970 1.19434000 -0.25488170
v -0.73041240 1.16185200 -0.26569060
v -0.71273200 1.20294500 -0.26525600
v -0.71670140 1.18146700 -0.26563130
v -0.66984770 1.10528800 -0.24831010
v -0.67480710 1.08958500 -0.24779610
v -0.70357800 1.11588800 -0.25407170
v -0.67020550 1.13746400 -0.25147770
v -0.70927480 1.13823300 -0.25832680
v -0.67438700 1.15510600 -0.25410590
v -0.84556200 1.07468400 -0.18259710
v -0.84547530 1.05033200 -0.18708590
v -0.80521030 1.09312100 -0.23163360
v -0.68880060 0.70750130 -0.27276960
v -0.68696940 0.63628760 -0.27747710
v -0.77643540 0.55604910 -0.27288770
v -0.73093060 0.52781220 -0.30015200
v -0.81831760 0.54831190 -0.32415900
v -0.80822490 0.54821860 -0.29625190
v -0.81200200 0.53873540 -0.30725240
v -0.85494060 0.78852790 -0.22956970
v -0.85821860 0.84671780 -0.21823880
v -0.86322730 0.89236630 -0.21026550
v -0.86081050 0.92596640 -0.20441280
v -0.86213350 0.91285780 -0.20722750
v -0.65688620 0.83212340 -0.25648530
v -0.67398860 0.81983870 -0.25894690
v -0.67347020 0.85687120 -0.25596840
v -0.67421540 0.77149350 -0.26104010
v -0.85883490 0.96709100 -0.19229750
v -0.85650620 0.98603960 -0.18576920
v -0.85280790 1.00671400 -0.18002740
v -0.84677470 0.98350560 -0.20560280
v -0.66815120 0.97386700 -0.24804390
v -0.67597200 0.95491050 -0.25002520
v -0.67141590 0.98981300 -0.24800000
v -0.67432280 0.93562330 -0.25057140
v -0.68909180 0.94535940 -0.25157580
v -0.67197190 0.91588340 -0.25115710
v -0.84953910 0.55570900 -0.31476710
v -0.84855120 0.57256620 -0.32223730
v -0.85011480 0.57723020 -0.30998230
v -0.83148980 0.55016770 -0.33313250
v -0.84215930 0.58733520 -0.33394240
v -0.84649880 0.60369740 -0.32921230
v -0.87670750 0.63601140 -0.26201990
v -0.86355220 0.71336010 -0.24184200
v -0.86454640 0.72492280 -0.25314570
v -0.86907430 0.70416960 -0.25705390
v -0.85699930 0.71400550 -0.28692170
v -0.86550080 0.71278610 -0.26901610
v -0.85418490 0.73171650 -0.27918820
v -0.85992670 0.73091030 -0.26462830
v -0.83424940 0.76452460 -0.29550180
v -0.84885960 0.76213440 -0.27711500
v -0.85257580 0.74565830 -0.26952360
v -0.87689660 0.65085080 -0.24429880
v -0.87368860 0.67161030 -0.24242610
v -0.87419850 0.61696290 -0.27123810
v -0.86137460 0.60278100 -0.28463410
v -0.88255590 0.60074420 -0.26101930
v -0.87211030 0.59195370 -0.27713890
v -0.86200190 0.58600130 -0.28225100
v -0.67874480 1.07216400 -0.24731920
v -0.68969600 1.09976600 -0.25050470
v -0.68724480 1.13108600 -0.25368210
v -0.73238530 1.14271600 -0.26222710
v -0.69151120 1.14812200 -0.25653910
v -0.69620710 1.16952600 -0.26011190
v -0.84853200 1.04676500 -0.16972540
v -0.80047240 1.10623600 -0.24049910
v -0.81189400 1.12188700 -0.24101440
v -0.79861730 1.11802300 -0.24768840
v -0.68829660 0.53735800 -0.28685220
v -0.69598710 0.52715210 -0.29760780
v -0.70120600 0.54099050 -0.30518220
v -0.71391520 0.52408820 -0.30608480
v -0.71994500 0.53892020 -0.30638840
v -0.67367850 0.69990960 -0.26548360
v -0.67812930 0.67927780 -0.26986570
v -0.70370660 0.63819350 -0.28082620
v -0.67288490 0.64227990 -0.27127570
v -0.69924130 0.60865390 -0.28809320
v -0.67385050 0.59870970 -0.27141740
v -0.67319410 0.58040000 -0.26820270
v -0.67555750 0.56403920 -0.26669340
v -0.68172540 0.59647150 -0.28187300
v -0.79302890 0.54336690 -0.27893320
v -0.73786720 0.54661180 -0.29740930
v -0.73971160 0.56468370 -0.29966480
v -0.82476150 0.56174540 -0.33183780
v -0.81481030 0.56877730 -0.30963560
v -0.85131410 0.80656090 -0.23699710
v -0.85734890 0.77060020 -0.24209660
v -0.85649360 0.76582980 -0.23175010
v -0.84083760 0.86573190 -0.24311610
v -0.85350280 0.87201560 -0.21887320
v -0.83780490 0.83882970 -0.27763430
v -0.84312200 0.84992310 -0.25973080
v -0.85223430 0.83095000 -0.22794730
v -0.84049470 0.89043080 -0.24933340
v -0.67359490 0.79302240 -0.25991460
v -0.69318030 0.82868460 -0.26257990
v -0.72296650 0.80417700 -0.28101160
v -0.70839290 0.81959930 -0.26893440
v -0.72426710 0.82832860 -0.27939680
v -0.69961920 0.80444820 -0.26636080
v -0.70526280 0.84289930 -0.26466680
v -0.68522980 0.87435840 -0.25602000
v -0.67381100 0.89294180 -0.25289570
v -0.73333080 0.85098680 -0.28031980
v -0.67912810 0.72308180 -0.26542940
v -0.83686150 1.00159300 -0.21759580
v -0.84133600 0.96637410 -0.21798220
v -0.68553540 0.96901580 -0.25013400
v -0.70018090 0.98166220 -0.25093040
v -0.69638690 1.00371100 -0.24964970
v -0.71317050 0.93970280 -0.25669780
v -0.72221010 0.97530250 -0.25510830
v -0.83759620 0.56558870 -0.33386450
v -0.82931120 0.57820060 -0.33523040
v -0.81958700 0.58135560 -0.32772760
v -0.81645070 0.59076060 -0.32052760
v -0.87977040 0.63025200 -0.25227100
v -0.83141810 0.71894780 -0.30571530
v -0.84907970 0.72972750 -0.29510070
v -0.87552990 0.65615500 -0.25606730
v -0.87324380 0.60547430 -0.27454480
v -0.85350910 0.61671980 -0.29668320
v -0.85142780 0.60565470 -0.31289800
v -0.69565770 1.05951700 -0.24866730
v -0.72060220 1.12835100 -0.25798660
v -0.85016070 1.02588300 -0.17773350
v -0.74067300 1.10337100 -0.25350360
v -0.76470180 1.08263100 -0.24704580
v -0.79573650 1.07767900 -0.23566600
v -0.69385800 0.55910270 -0.29983260
v -0.68495540 0.55994730 -0.28428510
v -0.70204850 0.67521210 -0.27995830
v -0.68917360 0.68606320 -0.27534910
v -0.67622490 0.62041580 -0.27546160
v -0.68128850 0.57746660 -0.28232170
v -0.78312070 0.57854950 -0.27413740
v -0.80254590 0.56541070 -0.28795340
v -0.79961890 0.58120790 -0.28551790
v -0.80116790 0.59624820 -0.29108500
v -0.78717920 0.59372230 -0.27620980
v -0.76373650 0.57445730 -0.28617140
v -0.76657380 0.59166610 -0.28009230
v -0.81190090 0.55432290 -0.31117150
v -0.85055790 0.93826100 -0.21154480
v -0.83810410 0.94766910 -0.22674820
v -0.83787550 0.92802170 -0.24451720
v -0.68154890 0.80651120 -0.26090440
v -0.69137270 0.78352870 -0.26495090
v -0.69654510 0.85965410 -0.26019390
v -0.83324260 0.96784830 -0.23862290
v -0.83438760 0.98420390 -0.22912700
v -0.67374230 1.01505800 -0.24724790
v -0.69084020 1.02926100 -0.24851210
v -0.69639130 0.90760970 -0.25594790
v -0.69643070 0.89172160 -0.25753360
v -0.72344430 0.99924670 -0.25327670
v -0.71248620 1.01786700 -0.25065800
v -0.70797570 0.96037530 -0.25321240
v -0.72459890 0.95428230 -0.25926230
v -0.85390120 0.78647480 -0.24896060
v -0.85534870 0.76527630 -0.25673310
v -0.84560760 0.75514610 -0.29200180
v -0.86125880 0.61169050 -0.28525670
v -0.85282190 0.59914270 -0.30042540
v -0.85063400 0.61973610 -0.31392030
v -0.84288420 0.62388940 -0.32747910
v -0.83415590 0.60827780 -0.33264760
v -0.82751790 0.59545070 -0.33367050
v -0.83003140 0.62738080 -0.32888020
v -0.81533430 0.62208000 -0.30826560
v -0.82091550 0.63437290 -0.32156610
v -0.81463220 0.60557640 -0.30444110
v -0.82067930 0.61313950 -0.32395100
v -0.71659050 1.05967800 -0.24973320
v -0.71075100 1.04374900 -0.24968500
v -0.72835300 1.03507700 -0.25171290
v -0.70357910 1.07257800 -0.24955130
v -0.84486430 1.01482000 -0.19895130
v -0.84226880 1.03014000 -0.19948500
v -0.76633870 1.10308600 -0.25058460
v -0.74750860 1.08595500 -0.25014590
v -0.72493890 1.11104100 -0.25486000
v -0.71242120 1.09960400 -0.25256210
v -0.72857900 1.07196300 -0.24996470
v -0.75323740 1.06640800 -0.24806360
v -0.78470500 1.09206800 -0.24226130
v -0.77580340 1.06867200 -0.24320170
v -0.76983040 1.05012300 -0.24525860
v -0.79122310 1.05661900 -0.23744090
v -0.80870290 1.06053500 -0.22834590
v -0.81465410 1.07928400 -0.22429070
v -0.72401980 0.71113820 -0.28074350
v -0.69971250 0.65239490 -0.27904670
v -0.70837350 0.62568930 -0.28522830
v -0.79875880 0.60805460 -0.28424220
v -0.84110870 0.92688950 -0.22364360
v -0.80748550 0.92196190 -0.26466370
v -0.73173500 0.93915150 -0.26666370
v -0.73625190 0.96391140 -0.26539690
v -0.84906140 0.78697330 -0.26639290
v -0.83600300 0.81782770 -0.28438660
v -0.85146360 0.59085990 -0.31602370
v -0.72114830 1.08549800 -0.25112030
v -0.74758740 1.04517000 -0.25014020
v -0.79808910 1.01005300 -0.24273940
v -0.73896690 0.66773180 -0.27446890
v -0.72027100 0.67561810 -0.27646000
v -0.77332610 0.60415840 -0.27640440
v -0.82631490 0.92510800 -0.26104900
v -0.83427250 0.86048340 -0.27502220
v -0.74799770 0.95064060 -0.26963740
v -0.83581880 0.79220570 -0.28999510
v -0.82626670 0.77983770 -0.29188000
v -0.81970050 0.76747040 -0.29102950
v -0.83052670 0.74754900 -0.29875970
v -0.81907520 0.70041010 -0.30367580
v -0.73594440 1.02244000 -0.25544400
v -0.74764410 1.00732300 -0.26003660
v -0.81139410 1.02812300 -0.23301500
v -0.77304260 0.96878610 -0.25173900
v -0.71638570 0.73262440 -0.28079530
v -0.72768920 0.65541240 -0.27635990
v -0.76709220 0.64113150 -0.28194240
v -0.75690500 0.68341030 -0.27843210
v -0.74627340 0.64645330 -0.27770930
v -0.76121040 0.66055260 -0.27964010
v -0.78292450 0.65473440 -0.27994830
v -0.73621800 0.68997190 -0.27581800
v -0.76291270 0.72653380 -0.27878410
v -0.76172300 0.70459420 -0.28082720
v -0.71802040 0.69265590 -0.28040750
v -0.72124540 0.61376100 -0.28404280
v -0.75332250 0.62591550 -0.28324920
v -0.82243430 0.84084320 -0.28168820
v -0.83813650 0.90742140 -0.25367020
v -0.80745080 0.90323180 -0.26875810
v -0.82189060 0.90414920 -0.26926470
v -0.83369860 0.88451500 -0.26832860
v -0.80050270 0.74904390 -0.28107830
v -0.84925440 0.69457110 -0.30188020
v -0.80508730 1.04434900 -0.23221770
v -0.78614290 1.04096000 -0.24085990
v -0.79385010 1.02667700 -0.24031760
v -0.81940770 1.01104100 -0.23331400
v -0.75714210 0.99150580 -0.26195350
v -0.76904020 0.98778160 -0.25282970
v -0.78947310 0.98922530 -0.24628550
v -0.70254290 0.69887060 -0.27928980
v -0.77265060 0.69300550 -0.28169820
v -0.79104940 0.61862130 -0.28018050
v -0.78692500 0.63721670 -0.27965490
v -0.79754900 0.65626560 -0.28716690
v -0.81311150 0.64142990 -0.30820640
v -0.80281020 0.63997110 -0.29056740
v -0.81244670 0.66436160 -0.30359400
v -0.82190520 0.68219490 -0.30960250
v -0.83716840 0.64576300 -0.32627400
v -0.84445000 0.65223760 -0.31712810
v -0.83687000 0.66531600 -0.32172320
v -0.71409780 0.60102130 -0.29108130
v -0.75008920 0.59488410 -0.28700780
v -0.83019500 0.94812550 -0.25065590
v -0.82358130 0.82467950 -0.28456630
v -0.82074840 0.87664050 -0.27537160
v -0.83991210 0.87295920 -0.26068240
v -0.81474910 0.74546980 -0.29100450
v -0.80780650 0.76564540 -0.28344700
v -0.78834370 0.76044630 -0.27439530
v -0.80520580 0.72656810 -0.28612260
v -0.78577200 0.73302900 -0.27733290
v -0.80809450 0.70579600 -0.29104280
v -0.79891290 0.68925260 -0.28654560
v -0.78728260 0.69343680 -0.28115580
v -0.81230670 0.68147460 -0.29813760
v -0.80438160 0.67120240 -0.29128560
v -0.82007420 0.72518100 -0.29923060
v -0.84594900 0.71619980 -0.30107710
v -0.83488010 0.70313860 -0.30990340
v -0.77410730 1.03047200 -0.24647170
v -0.78221510 1.00718300 -0.24524300
v -0.75759400 0.97392390 -0.26482660
v -0.76275560 0.95371150 -0.26430230
v -0.80700850 0.99338310 -0.24487020
v -0.81886790 0.98025330 -0.24604690
v -0.82173130 0.99461580 -0.23825420
v -0.81551180 0.96290150 -0.25310880
v -0.77527770 0.71255900 -0.27909310
v -0.79157970 0.71359110 -0.28038990
v -0.85319660 0.63258130 -0.29550460
v -0.86426710 0.62752620 -0.27934230
v -0.86108010 0.67053040 -0.28557080
v -0.84856550 0.67019960 -0.30441700
v -0.74576030 0.70835270 -0.27825830
v -0.73936210 0.73008070 -0.28013060
v -0.70786890 0.75403700 -0.27763170
v -0.73652720 0.60845940 -0.28216680
v -0.75492800 0.60470360 -0.27970560
v -0.72868640 0.59730480 -0.29104780
v -0.71234340 0.58430300 -0.29911460
v -0.69304700 0.57602470 -0.29672290
v -0.70612890 0.56929060 -0.30636150
v -0.72978540 0.58715450 -0.29734010
v -0.72431920 0.57316500 -0.30504420
v -0.74511880 0.58169380 -0.29427670
v -0.74981110 0.75167070 -0.28011280
v -0.77199270 0.75064380 -0.27577450
v -0.73877420 0.77144000 -0.28282000
v -0.75958870 0.77457340 -0.27933890
v -0.77688100 0.77431990 -0.27324100
v -0.70591920 0.77549480 -0.27410850
v -0.73494450 0.78705620 -0.28347480
v -0.77374220 0.67419220 -0.28013620
v -0.78640530 0.67095800 -0.28090700
v -0.83775780 0.68188500 -0.31543370
v -0.75913630 1.02703900 -0.25383740
v -0.76674580 1.00841400 -0.25446960
v -0.77061190 0.94561770 -0.25539040
v -0.79817120 0.97401010 -0.24922690
v -0.79221840 0.95487030 -0.25161920
v -0.80906660 0.94414370 -0.25896170
v -0.86352950 0.64569140 -0.28266990
v -0.78357070 0.78940720 -0.27149780
v -0.72059930 0.76868020 -0.28136830
v -0.78839950 0.93539300 -0.25404890
v -0.73961140 0.81957480 -0.28247150
v -0.74494530 0.80407790 -0.28286880
v -0.77708250 0.81163100 -0.27204670
v -0.76957090 0.79614130 -0.27494110
v -0.75818200 0.81517780 -0.28052250
v -0.79289410 0.82028700 -0.26764560
v -0.80894450 0.81193940 -0.27997060
v -0.77917870 0.83196490 -0.27277250
v -0.80672910 0.82658530 -0.27749870
v -0.79547330 0.80201410 -0.27047120
v -0.80957540 0.78903030 -0.28240820
v -0.82156020 0.80372270 -0.28720620
v -0.78248710 1.16862700 -0.26145220
v -0.79596100 1.14825300 -0.26252470
v -0.74937660 1.15335300 -0.26384590
v -0.80630870 1.13316000 -0.25091160
v -0.75503080 1.16790600 -0.26621720
v -0.75616850 1.13636400 -0.25962350
v -0.78212670 1.12747100 -0.25752240
v -0.76166140 1.11789700 -0.25520020
v -0.74038470 1.12296800 -0.25790730
v -0.82579050 1.06114000 -0.21582640
v -0.81832530 1.04643900 -0.22328790
v -0.83728410 1.04823300 -0.20398930
v -0.69425010 1.19309300 -0.26141770
v -0.84525130 0.82494850 -0.26523100
v -0.84889450 0.80512450 -0.25741080
v -0.84645690 0.82850930 -0.24766850
v -0.73047550 0.88640500 -0.27461150
v -0.75069950 0.89661800 -0.27654560
v -0.75370690 0.91680310 -0.27340790
v -0.74064890 0.92822150 -0.27173570
v -0.73597890 0.90850260 -0.27293030
v -0.71720770 0.89940250 -0.26402340
v -0.79040860 0.91221170 -0.25748790
v -0.76823170 0.90561260 -0.26139560
v -0.76050120 0.88593170 -0.26862890
v -0.83199880 1.02214600 -0.21681470
v -0.82875830 1.03959600 -0.21597260
v -0.81589550 0.85647140 -0.27824320
v -0.69762710 0.73158530 -0.27497970
v -0.75412100 0.85419420 -0.27971770
v -0.76545040 0.86814860 -0.26928380
v -0.74851040 0.83307590 -0.28199340
v -0.79097850 0.86570450 -0.26265090
v -0.77657010 0.85008670 -0.26920870
v -0.79576520 0.84123940 -0.26613820
v -0.79717090 0.88595020 -0.26324420
v -0.80902480 0.88849940 -0.27184440
v -0.80292890 0.86863090 -0.27171050
v -0.78014040 0.88534560 -0.26075520
v -0.78957260 0.89757700 -0.25917860
v -0.74429420 0.87275550 -0.28060090
v -0.72194280 0.86572860 -0.27208600
v -0.76895240 0.92371120 -0.25865990
v -0.75772340 0.93344680 -0.26962110
v -0.85381320 1.16672600 -0.15195450
v -0.55345400 1.13230300 -0.07496834
v -0.53500030 1.14019400 -0.09868505
v -0.56165040 1.15764200 -0.06133830
v -0.67832970 1.12141200 0.00535495
v -0.61000950 1.13577700 -0.00823901
v -0.57828660 1.29037700 -0.21294270
v -0.51836010 1.16489300 -0.17525040
v -0.51355160 1.12159100 -0.12403960
v -0.51286900 1.12700200 -0.11551720
v -0.52617900 1.18114800 -0.18581030
v -0.52060050 1.11221100 -0.13434930
v -0.75625770 1.34226300 -0.22775660
v -0.82766030 1.16017200 -0.23358520
v -0.82586020 1.12361500 -0.22659660
v -0.82620090 1.17306600 -0.24676080
v -0.84145150 1.15613200 -0.21257370
v -0.84606510 1.16689000 -0.20854580
v -0.85559320 1.16264400 -0.18437220
v -0.82313480 1.16771400 -0.25075130
v -0.77203230 1.15009800 -0.26002170
v -0.87707370 0.63901690 -0.23218770
v -0.87893970 0.57500120 -0.11414750
v -0.79475440 1.35033600 -0.17657790
v -0.85428560 0.57210340 -0.06179012
v -0.90271050 0.65469740 -0.13766140
v -0.82607000 0.63621360 -0.02015752
v -0.81943810 0.60683220 -0.01311404
v -0.75434240 0.69862450 -0.01767125
v -0.87685010 0.84435660 -0.19208790
v -0.81315820 1.05713300 -0.07752532
v -0.88364120 0.72729980 -0.19378400
v -0.79887750 0.90191710 -0.05550631
v -0.80014110 0.97688590 -0.06289883
v -0.87236580 0.81409700 -0.12407270
v -0.89141800 0.74103420 -0.14241870
v -0.84241300 0.95857570 -0.10677150
v -0.85339880 0.89807140 -0.12328680
v -0.89663130 0.71750420 -0.15025760
v -0.81090950 0.81686720 -0.05939581
v -0.68314440 0.61238800 -0.00909849
v -0.60757840 0.68100830 -0.00279598
v -0.72723630 0.70638500 0.00106636
v -0.71993400 0.87626680 0.01069905
v -0.58062700 0.69516530 -0.02826244
v -0.64686140 0.90210250 0.00053053
v -0.59541490 0.70961530 -0.02334515
v -0.54790330 0.77950690 -0.04830710
v -0.59923340 1.26069800 -0.22837920
v -0.54839600 1.19432400 -0.21483050
v -0.66952570 1.23524600 -0.24786360
v -0.53141180 1.07088200 -0.18092820
v -0.62035110 1.23193700 -0.23728700
v -0.50380570 0.81469890 -0.10964440
v -0.64788440 0.59371590 -0.26286530
v -0.58704950 0.48804640 -0.22490000
v -0.58122170 0.48024560 -0.21459080
v -0.62675190 0.58259670 -0.25361680
v -0.66131290 0.87238440 -0.25231640
v -0.51716150 0.95267140 -0.13073030
v -0.52702550 1.00373000 -0.10484340
v -0.59528580 0.79032030 -0.27158480
v -0.52462350 0.57813740 -0.14888360
v -0.55854310 0.57367970 -0.22549220
v -0.52227370 0.60942530 -0.20089610
v -0.62640220 0.75247090 -0.26498340
v -0.54511940 0.95593940 -0.21665150
v -0.55538310 0.93332210 -0.23073940
v -0.58001190 0.92480300 -0.24777800
v -0.57517880 0.75342850 -0.26361810
v -0.55742460 0.74285460 -0.25128890
v -0.58223320 0.81105700 -0.26619630
v -0.56735880 0.81679890 -0.25221820
v -0.51339020 0.76232410 -0.14595420
v -0.85860040 0.80941580 -0.22225790
v -0.76685260 1.18367500 -0.26710190
v -0.87232740 0.56302410 -0.25981390
v -0.68784830 1.22947100 -0.25528780
v -0.75584460 0.55417990 -0.28767220
v -0.77251080 0.53529850 -0.27200300
v -0.84051860 0.88659930 -0.23309210
v -0.83818050 0.91038040 -0.23302370
v -0.80821000 0.62100190 -0.29496410
v -0.83805310 0.73528120 -0.30149970
v -0.82561770 0.66394080 -0.31765470
v -0.85172230 0.64768350 -0.29784530
v -0.87247410 0.64989100 -0.26768050
v -0.72144440 0.55901550 -0.30669460
v -0.75239200 0.79240820 -0.28179880
v -0.76791820 0.83419500 -0.27690370
v -0.88451070 0.57337720 -0.19088310
v -0.78921120 0.76911700 -0.02432607
v -0.85341130 0.62315380 -0.04810028
v -0.80684580 0.67940970 -0.02240375
v -0.83382530 1.03338200 -0.10989450
v -0.83094520 1.09293300 -0.11361550
v -0.83553450 1.01015400 -0.10750590
v -0.88130490 0.60949610 -0.18907280
v -0.80659550 0.96814300 -0.06877732
v -0.82869120 1.12639000 -0.06804787
v -0.88327660 0.80835510 -0.15467220
v -0.79888400 0.81351120 -0.04859604
v -0.72095460 0.58480500 0.00965880
v -0.63962350 0.60469940 0.02928536
v -0.53960800 0.64830810 -0.05779571
v -0.68444870 0.73841230 0.00461267
v -0.60268860 0.66039320 -0.02711231
v -0.72501110 0.80985320 0.00390775
v -0.64133920 0.73225100 0.01009298
v -0.62235100 1.20300700 -0.24103150
v -0.63593060 1.24836600 -0.23973770
v -0.60503110 0.98899750 -0.24465640
v -0.52860200 0.53998560 -0.14218270
v -0.55460520 0.50374390 -0.18521250
v -0.59651650 0.97099830 -0.24623590
v -0.51757930 0.61036700 -0.13740130
v -0.50994060 0.76018720 -0.17331950
v -0.51269920 0.67610130 -0.18974740
v -0.51493080 0.65987070 -0.20113750
v -0.50791670 0.74368030 -0.16513950
v -0.54997430 0.84280740 -0.23912430
v -0.55927570 0.83785910 -0.24327730
v -0.84949740 1.15619500 -0.19581780
v -0.85643350 1.13569200 -0.16917240
v -0.86745210 0.68834190 -0.27199310
v -0.71326090 1.15874700 -0.26235020
v -0.85891250 0.74086030 -0.23512790
v -0.87319250 0.67066630 -0.25909880
v -0.86515600 0.67094420 -0.27309660
v -0.71349240 0.65371980 -0.27850990
v -0.80239840 0.84969870 -0.27288590
v -0.68365340 0.74415150 -0.26570750
v -0.70505510 0.71542990 -0.27930160
v -0.84304920 0.78082070 -0.28727080
v -0.81237310 0.58778980 -0.30131100
v -0.73077680 0.62667120 -0.28406370
v -0.82088560 0.65209370 -0.31840460
v -0.69379810 0.75901830 -0.26880990
v -0.71678360 0.78899630 -0.27923180
v -0.59046350 0.73639300 -0.26966110
f 26 27 142
f 29 105 28
f 142 27 28
f 142 25 26
f 38 39 129
f 164 134 163
f 135 164 23
f 126 35 36
f 44 45 116
f 191 21 22
f 36 37 125
f 19 238 239
f 210 211 255
f 40 120 39
f 30 2372 105
f 19 239 18
f 2372 113 106
f 105 29 30
f 111 104 154
f 353 18 239
f 34 35 122
f 589 91 586
f 81 82 83
f 585 587 112
f 288 192 286
f 75 103 199
f 294 269 17
f 93 94 204
f 10 533 229
f 277 11 12
f 587 145 112
f 15 267 14
f 49 169 736
f 87 118 2305
f 5 231 4
f 81 83 111
f 189 2 2405
f 1862 163 22
f 31 32 113
f 189 188 2
f 231 284 4
f 150 166 105
f 96 160 95
f 206 209 208
f 172 91 92
f 123 118 88
f 109 44 116
f 2305 108 86
f 111 154 114
f 84 104 83
f 79 80 114
f 117 174 113
f 584 127 588
f 75 76 103
f 91 172 586
f 235 161 190
f 155 120 40
f 125 37 38
f 582 128 153
f 118 123 124
f 43 44 109
f 124 123 127
f 121 109 128
f 123 89 127
f 45 46 110
f 58 220 219
f 110 100 116
f 46 139 110
f 177 178 99
f 151 33 34
f 585 78 583
f 47 101 46
f 117 33 151
f 196 50 51
f 33 117 32
f 242 55 300
f 119 155 41
f 42 121 119
f 221 218 220
f 122 175 151
f 53 194 240
f 110 116 45
f 240 2310 816
f 114 584 583
f 127 89 90
f 86 108 85
f 139 46 101
f 41 42 119
f 118 124 154
f 74 75 198
f 199 750 198
f 112 77 78
f 79 583 78
f 108 104 84
f 109 121 43
f 104 111 83
f 2305 86 87
f 118 87 88
f 81 111 80
f 117 113 32
f 123 88 89
f 108 84 85
f 114 583 79
f 119 121 128
f 126 122 35
f 588 586 587
f 66 67 230
f 121 42 43
f 114 154 124
f 30 31 2372
f 104 108 2305
f 118 154 2305
f 750 140 73
f 100 177 181
f 71 252 70
f 111 114 80
f 461 136 352
f 280 230 278
f 223 852 270
f 125 126 36
f 155 40 41
f 175 122 126
f 129 125 38
f 405 183 404
f 130 129 120
f 115 130 405
f 120 2306 130
f 115 212 2304
f 322 318 319
f 227 532 410
f 230 342 65
f 161 189 190
f 135 165 164
f 245 52 921
f 698 169 48
f 100 110 139
f 100 139 138
f 138 139 48
f 148 143 145
f 171 72 73
f 147 246 102
f 205 92 93
f 148 144 143
f 166 142 105
f 135 25 142
f 23 24 135
f 145 143 77
f 145 149 148
f 144 103 143
f 143 76 77
f 103 102 199
f 112 145 77
f 144 147 102
f 146 173 304
f 149 145 587
f 149 146 148
f 586 149 587
f 144 148 304
f 166 150 97
f 237 150 106
f 113 2372 31
f 460 2307 107
f 151 175 176
f 151 34 122
f 109 152 128
f 128 152 153
f 109 116 181
f 153 152 99
f 99 152 177
f 152 109 181
f 99 178 2309
f 589 127 90
f 2306 120 155
f 419 411 420
f 270 271 328
f 363 496 534
f 282 395 446
f 345 235 285
f 208 141 206
f 188 233 160
f 21 191 2303
f 164 163 1862
f 163 134 192
f 23 164 1862
f 166 165 135
f 346 165 97
f 134 164 165
f 165 166 97
f 142 166 135
f 350 238 351
f 416 415 411
f 261 215 216
f 215 261 2308
f 298 299 2373
f 301 433 2373
f 214 179 2309
f 2309 178 213
f 137 177 138
f 48 169 138
f 72 71 864
f 253 201 251
f 203 95 483
f 172 92 205
f 146 205 173
f 172 205 146
f 205 204 173
f 249 173 206
f 106 113 174
f 150 2372 106
f 151 174 117
f 176 254 174
f 175 210 176
f 311 310 210
f 169 137 138
f 178 177 137
f 256 261 216
f 178 137 213
f 2309 179 180
f 214 2309 213
f 49 213 137
f 185 2374 182
f 183 582 184
f 152 181 177
f 180 184 153
f 582 153 184
f 115 405 457
f 184 180 185
f 182 183 184
f 2308 261 314
f 184 185 182
f 314 2374 185
f 318 320 277
f 353 239 293
f 411 415 431
f 370 273 334
f 7 8 228
f 282 446 2377
f 435 591 434
f 533 11 277
f 278 67 68
f 281 342 230
f 308 307 302
f 342 281 374
f 133 233 235
f 483 95 160
f 1 2 2282
f 188 161 233
f 483 484 450
f 209 204 203
f 190 189 234
f 188 189 161
f 284 190 234
f 193 162 236
f 163 191 22
f 346 237 2379
f 238 20 351
f 293 239 350
f 265 57 218
f 197 51 52
f 921 2310 245
f 197 52 168
f 168 52 245
f 196 213 50
f 199 198 75
f 144 102 103
f 140 199 102
f 249 304 173
f 403 356 306
f 70 305 69
f 140 171 73
f 202 72 171
f 171 247 251
f 252 202 201
f 203 204 94
f 95 203 94
f 173 204 206
f 205 93 204
f 208 209 207
f 483 160 484
f 307 309 302
f 204 209 206
f 483 209 203
f 349 254 310
f 286 192 134
f 254 176 310
f 151 176 174
f 211 126 212
f 255 107 311
f 211 175 126
f 211 312 255
f 357 212 115
f 125 2304 126
f 312 211 212
f 50 213 49
f 214 213 196
f 214 196 215
f 215 197 168
f 297 259 258
f 258 259 257
f 216 215 168
f 217 168 245
f 217 194 258
f 257 464 256
f 168 217 2375
f 185 180 179
f 153 99 180
f 2309 180 99
f 100 138 177
f 116 100 181
f 185 179 2308
f 262 58 59
f 263 59 60
f 243 355 242
f 262 220 58
f 262 361 468
f 57 219 218
f 218 219 220
f 508 517 506
f 266 355 243
f 409 221 220
f 368 15 16
f 186 2311 267
f 271 955 62
f 273 62 63
f 329 272 328
f 224 333 61
f 263 361 262
f 592 226 6
f 592 6 225
f 7 225 6
f 226 337 283
f 282 231 232
f 6 226 274
f 228 8 187
f 187 8 227
f 187 276 228
f 228 225 7
f 229 9 1885
f 227 8 9
f 10 11 533
f 227 229 532
f 9 229 227
f 230 67 278
f 279 68 69
f 281 280 159
f 369 335 342
f 232 231 5
f 454 399 480
f 160 96 188
f 235 233 161
f 484 233 133
f 189 3 234
f 285 190 284
f 235 190 285
f 193 236 20
f 191 192 193
f 163 192 191
f 150 237 97
f 237 106 348
f 239 238 350
f 236 351 20
f 293 350 167
f 294 18 353
f 326 269 325
f 245 240 217
f 295 53 241
f 299 54 55
f 241 195 295
f 241 54 299
f 299 242 2373
f 57 265 56
f 221 244 266
f 196 51 197
f 240 245 2310
f 304 250 147
f 246 200 247
f 102 246 140
f 170 247 200
f 171 251 202
f 140 247 171
f 246 247 140
f 200 248 170
f 200 246 147
f 309 141 208
f 248 200 250
f 304 147 144
f 250 249 141
f 247 170 251
f 253 251 170
f 141 249 206
f 202 252 71
f 356 252 201
f 356 305 252
f 338 339 279
f 201 202 251
f 254 106 174
f 106 254 348
f 211 210 175
f 257 256 2375
f 2375 256 216
f 464 260 256
f 258 257 2375
f 464 257 359
f 297 258 194
f 260 98 314
f 179 214 2308
f 263 262 59
f 264 263 60
f 361 263 264
f 60 333 264
f 315 361 264
f 316 361 317
f 266 265 218
f 300 56 243
f 221 266 218
f 266 244 355
f 13 14 2311
f 319 186 323
f 368 267 15
f 268 222 16
f 268 17 269
f 16 222 368
f 222 268 269
f 271 270 955
f 223 270 328
f 273 271 62
f 330 332 377
f 329 328 271
f 329 331 272
f 334 63 64
f 64 65 335
f 369 336 370
f 275 226 283
f 226 275 274
f 5 275 232
f 337 226 592
f 276 434 228
f 227 410 187
f 499 187 410
f 410 470 499
f 568 131 2380
f 187 499 276
f 435 434 2318
f 277 531 533
f 279 278 68
f 305 279 69
f 338 279 305
f 339 280 278
f 371 340 159
f 230 65 66
f 335 65 342
f 373 281 159
f 281 373 374
f 283 282 232
f 283 343 282
f 231 282 2377
f 283 232 275
f 392 395 343
f 4 284 234
f 284 2377 285
f 446 344 399
f 134 165 346
f 346 97 237
f 134 346 286
f 288 347 287
f 347 286 2379
f 288 287 292
f 351 290 289
f 162 292 290
f 292 162 288
f 192 288 162
f 292 291 290
f 291 352 289
f 291 289 290
f 167 289 352
f 417 293 2313
f 269 294 325
f 194 53 295
f 298 296 195
f 354 474 512
f 297 194 295
f 298 433 296
f 299 298 195
f 242 299 55
f 265 243 56
f 242 300 243
f 425 354 296
f 309 208 303
f 450 485 453
f 208 207 303
f 250 141 248
f 250 304 249
f 252 305 70
f 201 253 306
f 308 403 306
f 307 306 253
f 306 307 308
f 302 309 303
f 447 302 303
f 403 308 481
f 248 309 307
f 309 248 141
f 170 248 307
f 310 176 210
f 311 107 578
f 310 311 563
f 255 311 210
f 512 259 354
f 256 260 261
f 2308 314 185
f 260 314 261
f 315 391 317
f 264 333 360
f 361 315 317
f 318 277 12
f 318 322 320
f 12 13 318
f 2311 318 13
f 267 2311 14
f 318 2311 319
f 366 545 323
f 502 321 364
f 321 320 322
f 364 321 322
f 321 157 365
f 323 322 319
f 324 323 186
f 186 267 367
f 2313 412 417
f 269 326 222
f 411 327 326
f 590 328 272
f 273 329 271
f 330 329 273
f 330 370 332
f 377 375 376
f 378 379 331
f 330 331 329
f 377 332 375
f 360 224 593
f 333 224 360
f 335 334 64
f 374 398 336
f 273 370 330
f 338 305 356
f 339 338 371
f 278 279 339
f 230 280 281
f 481 372 403
f 302 482 308
f 341 397 398
f 282 343 395
f 340 441 439
f 284 231 2377
f 401 2377 446
f 441 442 455
f 456 451 345
f 286 346 2379
f 402 348 349
f 348 254 349
f 563 349 310
f 289 167 350
f 290 351 236
f 350 351 289
f 519 520 575
f 414 352 136
f 414 167 352
f 353 293 417
f 294 353 325
f 195 297 295
f 297 296 354
f 242 355 2373
f 266 243 265
f 503 355 244
f 2373 355 301
f 306 356 201
f 338 356 403
f 400 449 447
f 481 442 372
f 357 312 212
f 98 260 462
f 255 312 406
f 466 464 465
f 465 359 530
f 259 359 257
f 360 388 315
f 264 360 315
f 316 409 468
f 384 385 382
f 388 391 315
f 323 364 322
f 366 430 545
f 368 367 267
f 327 368 222
f 367 324 186
f 367 327 419
f 368 327 367
f 326 327 222
f 424 418 2316
f 334 335 369
f 369 370 334
f 332 370 336
f 371 159 280
f 439 159 340
f 339 371 280
f 403 372 371
f 340 371 372
f 439 373 159
f 374 373 341
f 398 374 341
f 342 374 369
f 373 439 341
f 375 445 376
f 336 375 332
f 478 568 386
f 379 380 158
f 331 377 378
f 379 378 380
f 388 360 593
f 590 272 158
f 379 272 331
f 382 158 384
f 384 158 380
f 388 387 391
f 380 381 384
f 542 499 470
f 387 385 2314
f 394 393 438
f 593 158 382
f 378 383 2315
f 438 376 445
f 477 492 436
f 382 385 387
f 131 568 541
f 568 2380 386
f 437 386 383
f 2315 383 386
f 378 377 383
f 377 376 383
f 2380 2315 386
f 378 2315 380
f 2314 385 436
f 382 387 388
f 436 385 477
f 2314 391 387
f 317 391 390
f 2376 479 392
f 395 2312 344
f 2376 392 343
f 337 2376 283
f 394 445 396
f 393 437 438
f 2312 392 394
f 393 394 392
f 396 2312 394
f 344 2312 132
f 446 395 344
f 132 2312 396
f 398 396 445
f 396 398 397
f 443 444 132
f 447 303 448
f 345 285 401
f 2381 453 451
f 448 450 453
f 235 345 133
f 133 345 451
f 286 347 288
f 402 347 2379
f 348 2379 237
f 359 259 512
f 354 259 297
f 549 508 507
f 338 403 371
f 2306 405 130
f 358 407 457
f 182 404 183
f 183 405 2306
f 457 405 404
f 406 107 255
f 107 406 460
f 312 407 406
f 407 358 489
f 357 407 312
f 313 467 528
f 2374 490 488
f 464 359 465
f 363 534 156
f 363 156 316
f 537 409 156
f 468 409 220
f 156 409 316
f 321 365 320
f 320 365 531
f 531 277 320
f 470 410 469
f 323 324 366
f 167 414 2313
f 2313 414 413
f 412 2313 413
f 428 412 413
f 416 412 415
f 416 411 326
f 415 412 428
f 325 416 326
f 419 420 2382
f 411 419 327
f 367 419 324
f 420 424 421
f 427 426 431
f 433 301 504
f 476 2320 518
f 432 429 426
f 546 418 509
f 421 430 366
f 425 422 474
f 431 415 427
f 476 413 414
f 415 428 427
f 555 557 516
f 430 421 2316
f 548 473 430
f 565 538 566
f 355 503 301
f 507 506 505
f 513 474 517
f 518 413 476
f 426 418 424
f 510 554 509
f 431 426 424
f 558 432 423
f 429 418 426
f 433 425 296
f 425 433 511
f 374 336 369
f 375 336 398
f 479 478 437
f 479 437 393
f 2318 434 276
f 568 435 541
f 478 435 568
f 436 492 493
f 2314 436 389
f 438 437 383
f 376 438 383
f 394 438 445
f 443 439 441
f 442 441 340
f 456 399 454
f 340 372 442
f 441 440 443
f 308 482 481
f 455 442 486
f 443 440 444
f 440 452 454
f 132 397 443
f 341 443 397
f 454 444 440
f 132 444 480
f 398 445 375
f 401 446 399
f 448 303 207
f 400 486 449
f 448 207 450
f 400 447 448
f 447 449 482
f 450 207 483
f 450 484 485
f 452 2381 456
f 133 451 485
f 456 454 452
f 453 400 448
f 455 452 440
f 2381 452 486
f 485 451 453
f 400 453 2381
f 454 480 444
f 441 455 440
f 486 442 449
f 345 401 456
f 457 357 115
f 357 457 407
f 488 457 404
f 182 488 404
f 523 458 313
f 526 291 487
f 573 461 526
f 459 579 2307
f 581 576 577
f 291 461 352
f 98 408 490
f 462 260 464
f 408 98 462
f 408 463 490
f 457 488 358
f 458 489 313
f 408 466 467
f 462 464 466
f 466 465 529
f 462 466 408
f 408 467 463
f 262 468 220
f 316 468 361
f 469 365 2319
f 472 470 2319
f 531 365 469
f 469 2319 470
f 276 499 2318
f 477 131 498
f 472 542 470
f 471 492 498
f 544 493 494
f 472 471 542
f 501 430 473
f 502 545 501
f 156 534 536
f 474 422 517
f 524 528 525
f 425 474 354
f 461 573 559
f 136 476 414
f 559 2320 476
f 131 477 381
f 437 478 386
f 392 479 393
f 478 591 435
f 443 341 439
f 399 344 480
f 132 480 344
f 449 442 481
f 447 482 302
f 481 482 449
f 209 483 207
f 233 484 160
f 484 133 485
f 2381 486 400
f 455 486 452
f 2374 488 182
f 490 2374 98
f 292 487 291
f 347 402 562
f 287 487 292
f 576 526 487
f 358 488 490
f 467 313 463
f 523 528 524
f 406 407 489
f 463 489 358
f 490 463 358
f 529 465 491
f 530 512 513
f 557 525 529
f 469 532 531
f 531 532 533
f 498 492 477
f 492 471 494
f 472 495 494
f 493 492 494
f 472 494 471
f 495 157 543
f 493 362 389
f 497 389 362
f 389 436 493
f 362 564 496
f 389 497 390
f 496 363 497
f 363 390 497
f 542 498 541
f 541 2318 542
f 501 545 430
f 502 501 500
f 569 538 565
f 544 494 495
f 500 543 502
f 321 502 157
f 364 323 545
f 503 567 504
f 244 221 2383
f 505 504 567
f 433 504 511
f 503 504 301
f 507 508 506
f 422 425 511
f 505 506 511
f 549 510 508
f 549 507 550
f 418 429 509
f 515 594 522
f 522 429 558
f 511 504 505
f 511 506 422
f 359 512 530
f 513 512 474
f 514 513 475
f 513 516 530
f 514 515 571
f 555 516 514
f 594 510 522
f 491 530 516
f 514 516 513
f 513 517 475
f 506 517 422
f 517 508 475
f 2317 427 518
f 574 573 580
f 427 428 518
f 413 518 428
f 520 2317 2320
f 518 2320 2317
f 570 556 572
f 520 423 2317
f 520 519 423
f 519 521 423
f 429 432 558
f 571 555 514
f 521 558 423
f 558 515 522
f 556 521 519
f 521 571 558
f 559 574 2320
f 523 459 460
f 524 560 561
f 458 523 460
f 313 528 523
f 570 557 555
f 525 570 560
f 291 526 461
f 581 526 576
f 402 349 527
f 578 577 527
f 529 528 467
f 525 528 529
f 529 467 466
f 529 491 557
f 465 530 491
f 410 532 469
f 229 533 532
f 535 496 564
f 534 496 535
f 552 553 547
f 540 507 505
f 535 551 534
f 362 493 539
f 535 564 565
f 552 547 554
f 2321 536 551
f 534 551 536
f 409 537 221
f 536 2321 537
f 156 536 537
f 2321 2383 537
f 501 538 500
f 473 538 501
f 566 553 565
f 540 505 567
f 544 539 493
f 566 538 473
f 541 498 131
f 471 498 542
f 502 543 157
f 569 543 500
f 500 538 569
f 364 545 502
f 547 566 473
f 418 546 548
f 547 548 546
f 550 507 540
f 510 549 554
f 549 550 552
f 553 551 535
f 565 553 535
f 551 552 550
f 547 553 566
f 552 551 553
f 546 554 547
f 552 554 549
f 546 509 554
f 509 429 522
f 509 522 510
f 555 571 556
f 570 572 560
f 521 556 571
f 556 519 572
f 516 557 491
f 515 558 571
f 561 560 572
f 524 525 560
f 575 561 572
f 523 524 459
f 562 287 347
f 487 562 576
f 287 562 487
f 527 562 402
f 577 562 527
f 577 579 581
f 362 496 497
f 539 564 362
f 539 565 564
f 565 539 569
f 244 567 503
f 2383 567 244
f 537 2383 221
f 2321 540 2383
f 550 540 2321
f 2318 541 435
f 544 495 543
f 544 569 539
f 543 569 544
f 548 547 473
f 557 570 525
f 556 570 555
f 519 575 572
f 581 580 573
f 580 575 574
f 520 574 575
f 559 573 574
f 559 136 461
f 476 136 559
f 580 561 575
f 577 576 562
f 527 563 578
f 578 563 311
f 580 579 459
f 526 581 573
f 577 578 579
f 561 580 459
f 580 581 579
f 582 2306 119
f 585 112 78
f 124 584 114
f 127 584 124
f 583 584 585
f 149 586 172
f 588 587 585
f 584 588 585
f 589 588 127
f 91 589 90
f 588 589 586
f 593 590 158
f 328 590 223
f 225 434 591
f 592 591 2378
f 434 225 228
f 388 593 382
f 594 475 508
f 514 475 515
f 475 594 515
f 510 594 508
f 688 632 631
f 722 623 622
f 49 812 50
f 625 727 728
f 682 689 687
f 1109 669 699
f 240 816 53
f 786 785 772
f 638 2384 101
f 722 683 623
f 637 636 671
f 60 59 2325
f 686 628 2385
f 682 631 630
f 687 677 682
f 684 2385 627
f 736 169 698
f 674 649 648
f 2389 888 57
f 727 624 683
f 2325 59 887
f 59 58 887
f 56 2389 57
f 724 664 787
f 637 2384 638
f 874 878 731
f 744 641 640
f 61 850 852
f 726 727 683
f 62 955 849
f 685 671 636
f 673 667 699
f 676 663 645
f 68 67 855
f 672 700 673
f 1097 738 739
f 667 702 705
f 714 620 619
f 803 909 910
f 644 669 676
f 639 74 661
f 751 749 750
f 674 668 729
f 74 198 661
f 704 654 703
f 639 661 711
f 671 685 660
f 683 752 726
f 730 762 2385
f 642 673 643
f 629 686 689
f 681 680 633
f 668 647 663
f 674 647 668
f 645 663 646
f 644 676 645
f 795 688 677
f 676 729 668
f 730 2385 684
f 708 662 709
f 699 669 643
f 626 625 728
f 1109 1108 675
f 686 629 628
f 684 627 626
f 682 688 631
f 681 688 795
f 624 727 625
f 621 679 723
f 624 623 683
f 607 885 608
f 621 723 622
f 682 677 688
f 716 679 714
f 762 760 687
f 714 618 617
f 715 714 617
f 681 632 688
f 628 627 2385
f 714 619 618
f 682 630 689
f 757 835 795
f 729 676 669
f 723 679 716
f 677 760 757
f 674 729 675
f 620 679 621
f 728 684 626
f 701 702 700
f 658 809 659
f 673 642 672
f 47 638 101
f 733 891 954
f 806 808 805
f 637 671 2384
f 811 809 2283
f 707 655 704
f 632 681 633
f 660 697 671
f 672 642 641
f 674 675 650
f 652 1108 705
f 674 650 649
f 648 647 674
f 714 679 620
f 675 651 650
f 687 689 686
f 705 702 653
f 1091 1041 989
f 676 668 663
f 717 725 724
f 943 873 872
f 633 680 634
f 805 597 596
f 1108 651 675
f 878 925 930
f 744 745 708
f 598 960 952
f 960 987 800
f 644 643 669
f 891 845 847
f 685 636 635
f 665 837 743
f 629 689 630
f 635 634 680
f 911 804 909
f 737 657 656
f 72 815 73
f 1109 699 667
f 817 2386 1048
f 773 1105 774
f 660 693 698
f 697 660 698
f 698 693 736
f 139 101 48
f 2384 671 697
f 48 697 698
f 729 669 1109
f 667 705 1109
f 700 666 701
f 667 700 702
f 673 700 667
f 666 700 672
f 709 706 701
f 704 655 654
f 701 666 709
f 703 702 701
f 653 702 703
f 703 701 704
f 653 703 654
f 706 704 701
f 704 706 707
f 652 705 653
f 706 709 662
f 656 655 707
f 748 858 747
f 707 706 713
f 745 744 640
f 662 713 706
f 712 813 710
f 863 859 861
f 744 666 672
f 709 666 708
f 711 640 639
f 749 711 661
f 708 747 662
f 198 750 661
f 751 750 73
f 694 746 749
f 1092 735 1093
f 858 713 662
f 738 713 712
f 715 617 616
f 716 714 715
f 615 715 616
f 720 725 717
f 719 723 718
f 752 670 726
f 719 718 717
f 720 718 753
f 719 717 670
f 717 724 670
f 787 781 724
f 721 715 615
f 755 740 754
f 723 722 622
f 722 719 752
f 723 716 718
f 722 723 719
f 696 725 720
f 664 724 725
f 718 720 717
f 754 696 720
f 727 726 678
f 728 727 678
f 675 729 1109
f 681 834 680
f 680 834 665
f 684 728 869
f 840 605 838
f 1011 1010 973
f 55 890 300
f 601 847 602
f 854 805 808
f 1068 989 1090
f 804 64 63
f 1068 1065 1066
f 857 793 833
f 736 693 867
f 712 739 738
f 809 658 2285
f 738 707 713
f 739 712 710
f 707 738 737
f 739 710 997
f 739 997 1094
f 202 71 72
f 70 865 71
f 922 816 2310
f 695 968 923
f 610 609 819
f 880 886 606
f 753 716 715
f 743 742 660
f 693 660 742
f 743 660 685
f 867 693 823
f 665 743 2322
f 742 743 826
f 666 744 708
f 641 744 672
f 745 640 711
f 746 745 711
f 708 745 747
f 749 746 711
f 747 746 748
f 745 746 747
f 748 746 694
f 859 813 748
f 748 813 858
f 749 751 694
f 859 748 694
f 661 750 749
f 815 751 73
f 820 751 815
f 722 752 683
f 670 752 719
f 716 753 718
f 721 753 715
f 615 614 755
f 755 721 615
f 755 754 721
f 613 755 614
f 1047 740 817
f 696 754 740
f 728 678 869
f 757 795 677
f 756 761 760
f 766 759 761
f 759 757 761
f 765 768 758
f 836 757 759
f 769 770 772
f 776 758 769
f 759 765 758
f 769 758 768
f 776 836 758
f 677 687 760
f 762 687 686
f 760 761 757
f 763 821 756
f 756 760 762
f 730 763 762
f 756 762 763
f 822 764 767
f 767 766 822
f 783 765 766
f 759 766 765
f 783 766 767
f 774 768 783
f 774 1105 771
f 770 769 768
f 771 784 770
f 776 775 777
f 771 768 774
f 770 784 779
f 782 767 764
f 771 1107 784
f 770 768 771
f 785 769 772
f 825 775 790
f 777 825 824
f 785 790 775
f 777 775 825
f 782 773 767
f 773 774 783
f 775 776 769
f 793 857 790
f 824 825 823
f 776 777 871
f 837 665 796
f 779 792 786
f 779 2387 830
f 764 822 916
f 787 788 781
f 782 866 780
f 670 724 791
f 764 916 866
f 724 781 791
f 773 783 767
f 779 784 2387
f 785 775 769
f 1004 725 696
f 791 781 789
f 772 779 786
f 794 790 785
f 829 792 870
f 785 786 794
f 790 794 793
f 867 823 857
f 1049 2388 664
f 730 868 763
f 791 726 670
f 790 857 825
f 917 789 781
f 726 791 678
f 786 2324 794
f 792 830 870
f 830 831 870
f 52 51 832
f 794 2324 828
f 833 51 50
f 871 835 836
f 796 665 834
f 778 837 796
f 835 796 834
f 796 871 778
f 841 840 797
f 901 733 976
f 1111 877 884
f 932 887 888
f 941 829 870
f 901 845 891
f 848 847 903
f 270 983 955
f 61 333 850
f 962 800 987
f 990 803 910
f 856 802 855
f 805 807 806
f 807 2283 806
f 801 988 1066
f 853 854 801
f 807 805 596
f 596 1284 807
f 811 807 1284
f 810 2285 658
f 2283 809 735
f 1094 1097 739
f 809 2285 735
f 1071 2283 735
f 811 2283 807
f 1284 595 2284
f 811 1284 2284
f 657 810 658
f 809 811 659
f 857 833 812
f 736 812 49
f 707 737 656
f 737 1097 810
f 657 737 810
f 712 858 813
f 710 813 863
f 863 860 996
f 815 72 864
f 865 908 991
f 861 859 820
f 817 740 613
f 755 613 740
f 1489 612 2386
f 1003 1047 1048
f 819 966 1002
f 914 1002 966
f 912 609 608
f 915 819 1002
f 763 868 920
f 822 756 821
f 822 821 916
f 778 777 824
f 826 778 824
f 824 742 826
f 824 823 742
f 823 825 857
f 868 869 827
f 917 827 789
f 921 832 828
f 922 828 2324
f 792 829 2324
f 779 830 792
f 830 695 831
f 832 51 833
f 833 793 832
f 828 832 793
f 794 828 793
f 52 832 921
f 795 834 681
f 795 835 834
f 757 836 835
f 836 759 758
f 777 778 871
f 837 778 826
f 743 837 826
f 797 840 838
f 872 605 1443
f 1110 885 886
f 873 874 838
f 872 838 605
f 876 841 797
f 877 876 924
f 839 841 876
f 892 604 846
f 872 873 838
f 888 58 219
f 889 56 300
f 889 974 971
f 241 940 54
f 603 844 900
f 602 845 844
f 604 892 893
f 900 844 845
f 604 603 846
f 903 601 600
f 905 600 599
f 891 847 848
f 847 845 602
f 903 847 601
f 848 903 953
f 983 956 955
f 1130 849 1131
f 851 852 850
f 906 907 850
f 1112 984 851
f 852 851 983
f 853 801 987
f 854 853 597
f 855 802 2286
f 856 67 66
f 860 993 995
f 65 64 911
f 856 66 803
f 803 66 911
f 66 65 911
f 804 63 1130
f 812 833 50
f 857 812 867
f 713 858 712
f 747 858 662
f 820 859 694
f 861 862 992
f 862 864 865
f 862 861 820
f 863 861 860
f 815 862 820
f 862 865 992
f 860 995 996
f 859 863 813
f 997 710 996
f 1095 1094 814
f 865 864 71
f 815 864 862
f 908 70 69
f 992 865 991
f 915 612 611
f 2386 612 818
f 912 819 609
f 915 610 819
f 885 912 608
f 912 1114 966
f 818 612 915
f 917 918 920
f 780 2323 1132
f 764 866 782
f 780 866 2323
f 919 2323 866
f 736 867 812
f 742 823 693
f 869 868 730
f 868 827 920
f 869 730 684
f 827 678 789
f 869 678 827
f 835 871 796
f 776 871 836
f 943 894 873
f 894 943 896
f 874 873 875
f 838 874 797
f 874 731 924
f 875 873 894
f 924 731 877
f 797 874 924
f 874 875 878
f 884 970 1055
f 883 881 882
f 924 876 797
f 882 876 877
f 926 945 929
f 879 875 894
f 877 731 884
f 878 875 879
f 970 878 930
f 895 899 894
f 925 879 926
f 899 879 894
f 881 880 839
f 885 607 886
f 839 880 841
f 882 881 839
f 1110 881 883
f 882 839 876
f 883 1111 2329
f 1111 883 882
f 1161 1159 1172
f 884 1055 1111
f 607 606 886
f 881 886 880
f 888 887 58
f 798 887 932
f 2325 887 798
f 889 2389 56
f 890 889 300
f 937 55 54
f 241 53 940
f 937 54 843
f 829 816 922
f 843 54 940
f 891 733 901
f 897 900 901
f 929 925 926
f 895 894 896
f 896 892 846
f 893 943 872
f 893 892 943
f 976 978 944
f 898 897 944
f 895 897 898
f 897 896 846
f 895 896 897
f 846 900 897
f 898 978 979
f 898 951 895
f 951 899 895
f 603 900 846
f 901 900 845
f 901 976 944
f 1057 933 1056
f 951 898 979
f 926 946 945
f 946 902 945
f 905 903 600
f 599 952 905
f 952 800 904
f 598 952 599
f 905 953 903
f 953 905 904
f 982 906 2325
f 972 973 1010
f 1112 907 1014
f 986 957 958
f 956 957 959
f 987 961 853
f 801 962 987
f 805 854 597
f 988 854 808
f 1000 856 990
f 855 67 856
f 964 2286 802
f 865 70 908
f 855 2286 69
f 908 69 2286
f 996 710 863
f 911 909 803
f 999 990 910
f 804 911 64
f 959 1040 1131
f 912 913 1114
f 885 913 912
f 912 966 819
f 1046 967 1080
f 967 741 818
f 611 610 915
f 918 916 821
f 866 916 919
f 781 788 917
f 916 918 919
f 920 918 821
f 918 917 919
f 920 821 763
f 922 921 828
f 829 922 2324
f 941 816 829
f 968 695 1005
f 878 879 925
f 899 926 879
f 929 930 925
f 929 945 948
f 929 927 930
f 878 970 731
f 928 970 930
f 798 932 931
f 935 931 1006
f 935 934 931
f 2389 932 888
f 931 932 1006
f 1006 2389 971
f 935 1006 936
f 1119 1127 1118
f 935 933 1123
f 933 935 936
f 933 1057 1123
f 798 972 982
f 798 931 934
f 973 934 1122
f 1007 974 1008
f 938 937 799
f 938 799 939
f 937 938 890
f 1018 939 799
f 890 55 937
f 816 940 53
f 1051 941 831
f 891 848 954
f 892 896 943
f 898 944 978
f 901 944 897
f 949 945 902
f 899 946 926
f 979 902 946
f 1024 902 981
f 929 948 927
f 980 981 979
f 950 945 949
f 948 945 1023
f 947 950 949
f 1023 945 950
f 979 946 951
f 946 899 951
f 800 952 960
f 905 952 904
f 1062 986 1059
f 1026 953 904
f 954 848 1028
f 733 942 976
f 953 1028 848
f 906 982 842
f 907 906 842
f 906 850 333
f 1112 850 907
f 1112 851 850
f 956 851 984
f 955 959 849
f 959 955 956
f 956 984 957
f 959 957 1040
f 957 984 958
f 1031 1100 1038
f 1040 957 986
f 961 960 598
f 960 961 987
f 963 802 1000
f 1000 802 856
f 965 963 1000
f 802 963 964
f 1042 994 995
f 1040 734 1085
f 967 1002 914
f 914 1081 1080
f 741 967 1046
f 695 923 831
f 843 799 937
f 1018 799 969
f 927 690 1053
f 928 930 927
f 1126 1053 690
f 970 928 1055
f 731 970 884
f 57 888 219
f 936 1006 971
f 973 972 934
f 1011 973 1128
f 889 971 2389
f 1007 971 974
f 890 974 889
f 938 974 890
f 1008 938 939
f 1008 1115 732
f 976 942 977
f 1060 733 954
f 1059 985 1017
f 980 977 1016
f 977 978 976
f 1116 950 1009
f 927 948 690
f 1127 948 1023
f 947 949 1024
f 979 978 980
f 978 977 980
f 1058 980 1016
f 902 979 981
f 800 1025 904
f 1027 1026 1030
f 1031 1029 1100
f 982 2325 798
f 982 972 842
f 852 983 270
f 983 851 956
f 1015 984 1112
f 962 801 1066
f 989 988 808
f 854 988 801
f 808 1091 989
f 1095 1096 692
f 1063 1065 691
f 803 990 856
f 2286 991 908
f 993 992 991
f 992 993 860
f 1044 1042 1043
f 1074 1075 1073
f 1042 993 991
f 2287 814 997
f 861 992 860
f 2287 997 996
f 995 994 2287
f 994 1074 1076
f 1072 1041 692
f 1087 1084 1086
f 1001 999 1045
f 1001 1000 990
f 1069 691 1065
f 915 1002 818
f 1004 1003 1050
f 1003 1004 696
f 696 740 1047
f 1004 1050 1049
f 725 1004 664
f 1102 2326 1133
f 2386 741 1048
f 1002 967 818
f 1147 968 1005
f 1022 923 968
f 831 923 969
f 940 1051 843
f 799 843 969
f 1051 969 843
f 1129 1127 1119
f 1106 1140 1147
f 1007 936 971
f 974 938 1008
f 1115 1008 939
f 732 1007 1008
f 1123 934 935
f 950 1116 1023
f 1061 1128 947
f 1012 1014 907
f 1011 1128 1061
f 1012 1010 1011
f 907 842 1012
f 972 1010 842
f 1012 842 1010
f 1014 1012 2327
f 1011 1061 2327
f 2327 1083 1013
f 1013 985 1015
f 1015 1014 1013
f 1015 985 1059
f 1015 958 984
f 1016 977 1070
f 1070 977 942
f 1017 1016 1070
f 1017 985 1058
f 1115 939 975
f 1018 969 923
f 975 939 1018
f 1150 1022 1143
f 1142 1149 1143
f 1115 1021 1121
f 1020 1018 923
f 975 1019 1021
f 1019 975 1020
f 1020 975 1018
f 1151 1153 1125
f 923 1022 1020
f 690 948 1127
f 1061 1024 1083
f 1014 2327 1013
f 902 1024 949
f 1024 981 1083
f 800 962 1025
f 1026 904 1025
f 1028 1026 1027
f 1026 1025 1032
f 1027 1030 1035
f 1031 1027 1035
f 1028 1027 1039
f 1026 1028 953
f 1045 1063 691
f 1045 1037 1063
f 1035 1029 1031
f 734 986 1062
f 1030 1026 1032
f 1064 1032 1025
f 1036 1030 1032
f 1029 1035 1033
f 1034 1036 1037
f 999 910 1087
f 1033 1035 1034
f 1035 1030 1034
f 1037 1036 1063
f 1100 1070 1038
f 1027 1031 1039
f 1038 1039 1031
f 986 734 1040
f 1033 734 1062
f 1059 986 958
f 1071 1091 806
f 1064 1025 962
f 1043 991 2286
f 1044 1043 964
f 991 1043 1042
f 1000 1001 965
f 999 1001 990
f 1080 967 914
f 1050 1046 1082
f 1048 1047 817
f 1047 1003 696
f 817 1427 2386
f 1046 1048 741
f 787 664 2388
f 1004 1049 664
f 1102 1050 1082
f 1050 1003 1046
f 1048 1046 1003
f 816 941 940
f 969 1051 831
f 690 1127 1129
f 928 1053 1054
f 1126 1052 1053
f 1053 1052 1054
f 1166 1055 1168
f 927 1053 928
f 928 1054 1055
f 1007 732 1056
f 936 1056 933
f 1118 1116 1117
f 1057 1056 1120
f 1057 1117 1123
f 950 947 1009
f 981 980 1058
f 985 1013 1058
f 1017 1058 1016
f 1015 1059 958
f 1060 942 733
f 1039 1060 954
f 1028 1039 954
f 1024 1061 947
f 1011 2327 1012
f 2327 1061 1083
f 1100 1062 1059
f 1062 1100 1029
f 1063 1064 1065
f 1032 1064 1036
f 1066 1064 962
f 988 1068 1066
f 1069 1065 1068
f 1064 1066 1065
f 1041 1072 1090
f 989 1068 988
f 1067 1069 1068
f 994 1042 1074
f 1077 1069 1067
f 1069 1077 691
f 1017 1070 1100
f 942 1038 1070
f 1071 735 1092
f 1090 1067 1068
f 993 1042 995
f 963 1044 964
f 1042 1044 1074
f 1075 1074 1044
f 1067 1079 1073
f 1075 1044 963
f 1074 1073 1076
f 963 965 1075
f 1001 1045 691
f 1076 1073 1079
f 994 1076 2287
f 1078 1075 965
f 1001 1078 965
f 1079 1072 998
f 1077 1078 691
f 1001 691 1078
f 1046 1080 1082
f 1102 1099 2388
f 2326 1082 1080
f 741 2386 818
f 981 1058 1083
f 1083 1058 1013
f 1017 1100 1059
f 1029 1033 1062
f 1033 1089 734
f 1089 1085 734
f 1085 1086 1084
f 909 1088 910
f 1086 1085 1089
f 1085 1084 1131
f 1045 999 1087
f 1087 910 1088
f 1087 1086 1037
f 1088 909 804
f 1087 1088 1084
f 1034 1089 1033
f 1041 1090 989
f 1079 1090 1072
f 1067 1090 1079
f 806 1091 808
f 692 1091 1071
f 1093 735 2285
f 1096 1095 814
f 1097 1094 1093
f 1093 1094 1095
f 814 1094 997
f 1097 1093 810
f 692 1092 1095
f 1095 1092 1093
f 1096 998 1072
f 738 1097 737
f 1091 692 1041
f 1092 692 1071
f 1096 1072 692
f 1105 773 2390
f 788 1099 2323
f 1133 2328 1132
f 1089 1034 1086
f 1037 1086 1034
f 1087 1037 1045
f 1133 2326 2328
f 1049 1050 1102
f 1099 1102 1133
f 1107 1005 784
f 1104 782 780
f 773 782 1104
f 1156 1146 1103
f 1081 1170 1101
f 1104 780 1103
f 773 1104 2390
f 1134 1156 1103
f 1105 1107 771
f 1107 1105 1106
f 1140 1106 1141
f 1147 1005 1107
f 1147 1107 1106
f 651 1108 652
f 705 1108 1109
f 820 694 751
f 885 1110 913
f 881 1110 886
f 877 1111 882
f 1166 1111 1055
f 1112 1014 1015
f 1164 1170 1171
f 1114 1113 914
f 914 1113 1081
f 883 1162 1110
f 1160 1161 1162
f 1114 913 1172
f 920 827 917
f 1021 1115 975
f 1116 1009 1117
f 1116 1127 1023
f 1122 1117 1009
f 1117 1057 1118
f 1127 1116 1118
f 1118 1120 1119
f 1120 732 1121
f 1128 1009 947
f 1123 1122 934
f 1117 1122 1123
f 1115 1121 732
f 1152 1125 1021
f 1021 1125 1121
f 1153 1124 1125
f 1120 1121 1124
f 1129 1126 690
f 1153 1126 1124
f 1057 1120 1118
f 1124 1119 1120
f 1122 1128 973
f 1009 1128 1122
f 1124 1129 1119
f 1126 1129 1124
f 1131 1088 1130
f 849 959 1131
f 1130 1088 804
f 1084 1088 1131
f 62 849 63
f 1131 1040 1085
f 1101 1098 2328
f 1099 1133 1132
f 1134 2328 1098
f 1103 780 1132
f 1132 2328 1134
f 1159 1171 1172
f 1153 1154 1155
f 1132 1134 1103
f 1138 1136 1164
f 1081 1101 2326
f 1101 1170 1136
f 1152 1151 1125
f 1101 1136 1098
f 1164 1136 1170
f 1139 1156 1098
f 1163 1138 1164
f 1139 1138 1137
f 1135 1144 1137
f 1139 1137 1144
f 1142 1144 1135
f 1147 1140 1143
f 1140 1142 1143
f 1104 1103 1146
f 1141 1146 1145
f 1106 2390 1141
f 1143 1149 1150
f 1145 1144 1142
f 1156 1144 1145
f 2390 1104 1146
f 1145 1146 1156
f 2390 1146 1141
f 1143 1022 1147
f 968 1147 1022
f 1152 1019 1150
f 1148 1142 1135
f 1142 1148 1149
f 1135 1158 1154
f 1151 1149 1148
f 1150 1019 1020
f 1137 1167 1158
f 1052 1157 1168
f 1151 1152 1149
f 1019 1152 1021
f 1022 1150 1020
f 1152 1150 1149
f 1154 1153 1151
f 1154 1151 1148
f 1135 1154 1148
f 1144 1156 1139
f 1157 1052 1155
f 1158 1157 1155
f 1138 1163 1167
f 1155 1154 1158
f 1137 1158 1135
f 1167 1157 1158
f 1161 1172 913
f 1162 2329 1160
f 1163 1159 1160
f 1162 1161 913
f 1159 1161 1160
f 1110 1162 913
f 1165 1160 2329
f 1163 1165 1169
f 1159 1163 1164
f 2329 1166 1165
f 1163 1169 1167
f 1166 1168 1169
f 1111 1166 2329
f 1168 1055 1054
f 1166 1169 1165
f 1138 1167 1137
f 1052 1168 1054
f 1157 1169 1168
f 1167 1169 1157
f 1113 1170 1081
f 1171 1170 1113
f 1172 1171 1113
f 1171 1159 1164
f 1114 1172 1113
f 1145 1140 1141
f 1142 1140 1145
f 616 617 618
f 1311 1234 1272
f 1269 1219 1220
f 616 618 619
f 619 1276 616
f 1345 616 1276
f 1276 619 1173
f 1271 1269 1263
f 1271 1218 1219
f 1348 1312 1350
f 1236 1258 2292
f 647 648 1244
f 1353 1179 1180
f 2331 1258 1266
f 1488 611 612
f 1269 1240 2288
f 2330 1310 1234
f 1267 1261 1250
f 2338 1186 1187
f 1286 1253 1259
f 1247 1224 1225
f 607 608 1433
f 613 614 1486
f 1274 1275 1336
f 1239 1238 1251
f 1507 1357 1394
f 1310 2288 1255
f 1243 647 1244
f 1217 1285 1216
f 872 1443 1445
f 1234 1311 2330
f 1736 1515 1510
f 1237 1261 1260
f 1446 841 880
f 1255 2288 1259
f 1235 1231 1232
f 1397 601 602
f 1323 596 597
f 598 1366 961
f 1325 1297 1378
f 601 1397 1398
f 1334 1306 1213
f 2292 1228 1229
f 1247 1253 1246
f 1226 1227 1242
f 1327 1295 1328
f 1247 1246 1224
f 1339 1343 1340
f 1326 596 1323
f 1232 2291 2290
f 1293 1332 1233
f 1245 1243 1238
f 1226 1242 1254
f 1223 1224 1246
f 1239 1246 1253
f 2292 1258 1241
f 1229 1230 2289
f 1230 1231 1249
f 1240 1248 1286
f 1202 1920 1438
f 1188 1362 1361
f 1241 2331 1267
f 1188 1189 1362
f 1262 1264 1305
f 1265 1261 1267
f 1342 1479 1341
f 1282 1283 1191
f 1395 1204 1205
f 1249 1257 2289
f 1255 1256 1237
f 1245 1248 1221
f 1258 2331 1241
f 1437 1392 1436
f 1437 1498 1392
f 1242 1250 1261
f 1192 1282 1191
f 1238 1244 1251
f 1237 1242 1261
f 1246 1251 1223
f 1247 1256 1253
f 1503 1549 1201
f 1259 1256 1255
f 1550 1201 1549
f 1244 1222 1251
f 1495 1199 1200
f 1236 2292 2289
f 1198 1199 1496
f 1260 1234 1310
f 1260 1255 1237
f 1218 1271 1217
f 1272 1260 1261
f 1263 2330 1309
f 1242 1227 1250
f 1221 1248 1220
f 1238 1243 1244
f 1256 1247 1254
f 1260 1310 1255
f 1287 1257 1249
f 648 1222 1244
f 1237 1256 1254
f 1243 1252 663
f 663 1252 646
f 2289 1257 1236
f 1245 1252 1243
f 1228 1250 1227
f 1243 663 647
f 1221 646 1252
f 1268 1258 1236
f 1415 1209 1210
f 1251 1246 1239
f 1221 1252 1245
f 1381 1382 1343
f 1241 1250 1228
f 1272 1234 1260
f 1222 1223 1251
f 1225 1226 1254
f 1300 1333 1214
f 1212 1306 1308
f 1286 1245 1238
f 1286 1239 1253
f 1308 1306 1307
f 1241 1228 2292
f 1242 1237 1254
f 1256 1259 1253
f 1286 1259 1240
f 2288 1240 1259
f 1272 1261 1265
f 1274 1265 1273
f 1258 1268 1266
f 1265 2331 1273
f 1262 1304 1264
f 1273 2331 1266
f 1241 1267 1250
f 1257 1291 1236
f 1266 1268 1264
f 1271 1263 1309
f 1309 1217 1271
f 1248 1240 1220
f 1270 1273 1304
f 1269 1271 1219
f 1274 1272 1265
f 1311 1272 1336
f 1274 1273 1270
f 1264 1304 1266
f 1275 1274 1270
f 1274 1336 1272
f 1301 1303 1299
f 1270 1301 1299
f 1275 2391 1336
f 1175 1176 1350
f 614 615 1344
f 1277 1276 1173
f 1173 1174 1277
f 1312 1174 1175
f 1177 1349 1350
f 1312 1277 1174
f 1277 1312 1314
f 1183 1184 1360
f 1199 1495 1496
f 1445 893 872
f 1282 1281 1283
f 1282 1193 1281
f 1283 1281 1406
f 1190 1191 1283
f 600 601 1398
f 1484 1614 2393
f 1233 1330 1293
f 1288 1294 1292
f 1217 1309 1285
f 1215 1216 1285
f 1239 1286 1238
f 1235 1287 1231
f 1288 1287 1235
f 2291 1377 2290
f 1268 1289 1264
f 1293 1330 1290
f 1236 1291 1289
f 1288 1292 1287
f 1290 1291 1257
f 1331 1291 1290
f 1290 1292 1293
f 1296 1332 1293
f 1296 1292 1294
f 1292 1296 1293
f 1288 2293 1295
f 1288 1295 1294
f 1328 1295 2293
f 1327 1323 1368
f 1297 1296 1294
f 1378 1295 1327
f 1297 1325 2333
f 1297 1332 1296
f 1303 1301 1302
f 1275 1270 1299
f 1300 2391 1298
f 1298 2391 1275
f 1299 1298 1275
f 1214 1894 1335
f 1301 1304 1262
f 1302 1301 1262
f 1303 1302 1307
f 1299 1303 1298
f 1306 1334 1303
f 1333 1334 1213
f 1270 1304 1301
f 1304 1273 1266
f 1478 1479 1480
f 1308 1343 1382
f 1306 1303 1307
f 1213 1306 1212
f 1340 1341 1479
f 1302 1341 1340
f 1382 1212 1308
f 2288 1310 1263
f 1311 1336 2334
f 1312 1348 1314
f 1344 1346 614
f 1350 1312 1175
f 1314 1345 1277
f 1348 1349 1429
f 1348 1384 1314
f 1432 1384 1431
f 609 610 1387
f 1584 1278 1533
f 1517 1446 1447
f 1516 1433 1388
f 1396 1206 1207
f 1365 1189 1190
f 2338 1187 1361
f 1408 1405 1406
f 1407 1408 1406
f 1365 1283 1406
f 1365 1405 1362
f 1210 1734 1415
f 1474 1484 2393
f 1419 1483 1477
f 1555 1395 1556
f 1368 597 853
f 1369 853 961
f 1370 1368 1369
f 1378 1297 1294
f 1325 1324 1371
f 1371 1324 1376
f 1326 1328 2293
f 596 1326 1377
f 1368 1323 597
f 1368 1370 1327
f 1324 1325 1378
f 1328 1323 1327
f 1323 1328 1326
f 1377 2293 2290
f 1379 1330 1233
f 1291 1331 1289
f 1342 1305 1423
f 1290 1330 1331
f 1379 1331 1330
f 1335 1300 1214
f 1333 1300 1334
f 1300 1298 1334
f 1303 1334 1298
f 1329 1335 1894
f 1300 1335 2391
f 1329 1337 1335
f 2391 1337 1336
f 1338 2334 2392
f 1285 1309 1338
f 1340 1308 1307
f 1305 1342 1341
f 1262 1305 1341
f 1302 1340 1307
f 1375 1423 1233
f 1375 1233 1417
f 1262 1341 1302
f 1426 1381 1343
f 1379 1423 1305
f 1308 1340 1343
f 1345 1344 615
f 616 1345 615
f 1277 1345 1276
f 1346 1352 1486
f 1313 1545 1617
f 1493 1494 1591
f 1431 1429 1383
f 1384 1348 1429
f 1351 1177 1178
f 1429 1349 1347
f 1177 1350 1176
f 1348 1350 1349
f 1349 1177 1351
f 1434 1178 1179
f 1349 1351 1347
f 1314 1385 1344
f 1345 1314 1344
f 1384 1385 1314
f 1344 1385 1346
f 1386 1352 1432
f 1388 1547 1661
f 1387 1548 609
f 1430 1347 1390
f 1694 1709 1708
f 1444 1394 1443
f 1455 1456 1459
f 1407 1409 1280
f 1359 1195 1196
f 1197 1463 1976
f 1389 1466 1467
f 1362 1189 1365
f 1187 1188 1361
f 1322 1364 1321
f 1364 1194 1321
f 1321 1194 1363
f 1364 1322 1193
f 1281 1322 1406
f 1281 1193 1322
f 1283 1365 1190
f 1406 1322 1407
f 598 599 1460
f 1327 1370 1324
f 1734 1210 1211
f 1482 1543 1415
f 1369 1368 853
f 961 1366 1369
f 1370 1366 1324
f 1371 1373 1475
f 1373 1520 1457
f 1417 1233 1332
f 1520 1371 1376
f 1418 1417 2333
f 1417 1374 1375
f 1332 1297 2333
f 1417 1418 1374
f 1478 1339 1479
f 1480 1423 1375
f 1476 1375 1374
f 1472 1366 1460
f 596 1377 1284
f 2293 1377 1326
f 1295 1378 1294
f 1324 1378 1327
f 2392 1329 1215
f 1289 1379 1264
f 1331 1379 1289
f 1338 2330 1311
f 1309 2330 1338
f 1380 1426 1421
f 1426 1343 1339
f 1381 1426 1425
f 1427 1486 1487
f 1489 1487 1428
f 1430 1429 1347
f 1385 1384 1432
f 1547 1591 1546
f 1389 1180 1181
f 1466 1182 1403
f 1434 1353 1390
f 1351 1178 1434
f 1389 1353 1180
f 1523 1353 1389
f 1429 1430 1383
f 1351 1434 1347
f 1347 1434 1390
f 2394 1390 1353
f 1503 1202 1438
f 1550 1391 1495
f 1197 1198 1497
f 1392 1498 1499
f 1442 1393 1439
f 1447 880 606
f 1507 1508 1506
f 1204 1395 1554
f 1208 1367 1413
f 1597 1557 1442
f 1393 1440 1439
f 1556 1395 1396
f 1204 1554 1441
f 1448 602 844
f 1449 844 603
f 2341 1320 1458
f 1448 1397 602
f 1458 1397 2341
f 1449 1450 1448
f 1194 1400 1363
f 1196 1463 1464
f 1401 1195 2336
f 1522 1359 1464
f 1465 1184 1185
f 1404 1185 1186
f 1403 1527 1467
f 1182 1466 1181
f 1465 1360 1184
f 1182 1183 1403
f 2337 2338 1361
f 1404 1402 1465
f 1280 1411 1586
f 1186 2338 1404
f 1525 1402 1404
f 1362 1405 1524
f 1406 1405 1365
f 1407 1322 1321
f 1409 1407 1321
f 1407 1280 1408
f 1409 1321 1363
f 1470 1408 1280
f 1405 1408 1524
f 1363 1410 1409
f 1400 1401 1410
f 1411 1280 1409
f 1542 1413 1367
f 1414 1416 1412
f 1206 1396 1205
f 1543 1416 1414
f 1543 1414 1415
f 1209 1415 1414
f 1543 1484 1474
f 1367 1208 1412
f 1207 1208 1413
f 1324 1366 1472
f 1369 1366 1370
f 1376 1324 1472
f 2333 1417 1332
f 1475 1325 1371
f 2333 1475 1418
f 1566 1418 1475
f 1374 1418 1372
f 1419 1374 1372
f 1374 1419 1477
f 1566 1372 1418
f 1374 1477 1476
f 1375 1476 1480
f 1479 1339 1340
f 1478 1480 1476
f 1477 1483 1422
f 1478 1421 1339
f 1421 1420 1735
f 1421 1735 1380
f 1422 1735 1420
f 1420 1476 1477
f 1735 1422 1482
f 1233 1423 1379
f 1426 1339 1421
f 1425 1426 1380
f 1489 1427 1487
f 613 1486 1427
f 1487 1352 1386
f 1486 1352 1487
f 1383 1545 1431
f 1490 1530 1491
f 1432 1431 1313
f 1384 1429 1431
f 1432 1313 1616
f 1385 1432 1352
f 1493 1387 610
f 1548 1433 608
f 1466 1389 1181
f 1353 1434 1179
f 1490 2394 1530
f 1467 1527 1583
f 1435 1523 1583
f 2394 1353 1523
f 1389 1467 1523
f 1523 1435 2394
f 1436 1438 1437
f 1438 1920 1437
f 1498 1437 1440
f 1438 1436 1503
f 1439 1440 1203
f 1441 1442 1439
f 1498 1440 1393
f 1442 1441 1554
f 1505 1355 1498
f 1597 1442 1554
f 1393 1442 1557
f 1444 1443 605
f 1445 1443 1394
f 840 841 2335
f 893 1445 1560
f 1447 1446 880
f 606 607 1518
f 1358 1446 1517
f 1395 1205 1396
f 1207 1413 1396
f 1413 1542 1473
f 1449 1448 844
f 1399 1449 603
f 1449 1399 1450
f 603 604 1399
f 1399 1451 1450
f 1519 1565 1452
f 1399 1561 1451
f 1452 1565 2341
f 1450 1451 1452
f 2341 1565 1320
f 1448 2341 1397
f 1452 2341 1450
f 1448 1450 2341
f 1453 1320 1454
f 1398 1458 1459
f 1458 1398 1397
f 1453 1424 1455
f 1458 1320 1453
f 1454 1737 1424
f 1453 1454 1424
f 1472 1471 1376
f 1471 1456 1455
f 1453 1455 1459
f 1424 1457 1455
f 2342 1456 1460
f 1398 1459 2342
f 1521 1566 1373
f 1459 1458 1453
f 2342 1459 1456
f 599 2342 1460
f 1460 1471 1472
f 598 1460 1366
f 1398 2342 600
f 1461 1462 1410
f 1401 1461 1410
f 1463 1196 1976
f 1359 1196 1464
f 1497 1198 1496
f 1497 1553 1463
f 1552 1551 1594
f 1553 1464 1463
f 1522 1464 1571
f 1404 1465 1185
f 1360 1465 1402
f 1467 1466 1403
f 1583 1523 1467
f 1470 1524 1408
f 1280 1586 1470
f 1470 2337 1524
f 1538 1536 1469
f 1576 1534 1462
f 1410 1462 1409
f 1586 1534 1538
f 1586 1538 1469
f 1541 1470 1469
f 1456 1471 1460
f 2393 1614 1649
f 1396 1413 1473
f 1555 1556 1647
f 1556 1396 1473
f 1412 1416 1367
f 1416 1474 1367
f 1566 1475 1373
f 1325 1475 2333
f 1566 1569 1372
f 1636 1737 1634
f 1420 1477 1422
f 1476 1420 1478
f 1421 1478 1420
f 1480 1479 1342
f 1423 1480 1342
f 1482 1481 1543
f 1481 1482 1422
f 1484 1485 1614
f 1484 1481 1485
f 1483 1485 1481
f 1385 1352 1346
f 1650 1487 1386
f 1489 1488 612
f 1654 1488 1428
f 1428 1488 1489
f 1490 1430 1390
f 2394 1490 1390
f 1491 1492 1490
f 1491 2344 1492
f 1545 1313 1431
f 1591 1494 1652
f 611 1493 610
f 611 1494 1493
f 609 1548 608
f 1550 1495 1200
f 1201 1550 1200
f 1496 1495 1391
f 1197 1497 1463
f 1552 1497 1496
f 1553 1497 1552
f 1393 1557 1505
f 1498 1355 1499
f 1501 1621 1354
f 1392 1499 1502
f 1502 1499 1500
f 1436 1392 1501
f 1316 1502 2343
f 1392 1502 1501
f 1686 1684 1316
f 1920 1203 1440
f 1437 1920 1440
f 1503 1354 1549
f 1501 1354 1436
f 1354 1503 1436
f 1555 1597 1554
f 1732 1597 1555
f 1558 1504 1557
f 1393 1505 1498
f 1733 1355 1505
f 605 840 1444
f 1507 1394 1508
f 1509 1507 1506
f 1559 2335 1446
f 1508 1559 1506
f 1506 1559 1723
f 1508 1444 2335
f 1723 1559 1358
f 1509 1357 1507
f 1515 1451 1511
f 1445 1513 1560
f 1317 1514 1512
f 1510 1357 1512
f 1513 1510 1511
f 1317 1512 1509
f 1509 1512 1357
f 1512 1736 1510
f 1736 1512 1514
f 1562 1514 1710
f 1563 1515 1736
f 1451 1515 1563
f 1515 1511 1510
f 1447 1516 1517
f 1388 1661 1672
f 1516 1447 1518
f 1516 2355 1517
f 606 1518 1447
f 607 1433 1518
f 1637 1598 1625
f 1710 1712 1562
f 1519 1452 1563
f 1519 1598 1565
f 1471 1520 1376
f 1457 1520 1455
f 1455 1520 1471
f 1372 1569 1567
f 1359 1522 1573
f 1576 1462 2339
f 1461 1401 2336
f 1571 1572 1522
f 1524 2337 1361
f 1362 1524 1361
f 1539 1525 1536
f 1402 1525 1526
f 1527 2395 1609
f 1609 2395 1526
f 1491 1530 1531
f 1589 1610 1609
f 2344 1531 1533
f 1530 1529 1531
f 1531 1529 1532
f 1491 1531 2344
f 1609 1612 1528
f 1584 1533 1532
f 1608 1533 1278
f 2339 1577 1576
f 1534 1576 1468
f 1534 1468 1538
f 1462 1534 1411
f 1468 1537 1538
f 1536 1525 1541
f 1470 1586 1469
f 1534 1586 1411
f 1468 1576 1575
f 1540 1589 1535
f 1469 1536 1541
f 1539 1536 1535
f 1535 1536 1538
f 1535 1538 1537
f 1539 1535 1589
f 1525 1539 1526
f 1535 1537 1540
f 1528 1612 1613
f 1581 1579 1582
f 1470 1541 2337
f 1474 1542 1367
f 1484 1543 1481
f 1568 1614 1485
f 1649 1614 1615
f 1492 1383 1430
f 1383 1492 1545
f 1585 1492 2344
f 1651 1643 1669
f 1494 1488 1654
f 1545 1492 1585
f 1490 1492 1430
f 1388 1433 1548
f 1494 611 1488
f 1547 1548 1387
f 1591 1547 1387
f 1547 1620 1661
f 1354 1621 2347
f 2347 1550 1549
f 1391 1550 2347
f 1551 1496 1391
f 1391 1622 1551
f 1594 1596 1571
f 1551 1552 1496
f 1553 1571 1464
f 1555 1554 1395
f 1505 1557 1504
f 1648 2350 1319
f 1559 1508 2335
f 1394 1444 1508
f 1358 1559 1446
f 1445 1394 1513
f 1357 1513 1394
f 1560 1513 1511
f 1357 1510 1513
f 1511 1561 1560
f 1399 604 1561
f 1560 604 893
f 1451 1561 1511
f 1672 1516 1388
f 1516 1518 1433
f 1451 1563 1452
f 1598 1564 1624
f 1563 1564 1519
f 1565 1637 1320
f 1637 1565 1598
f 1569 1566 1521
f 1520 1373 1371
f 1521 1373 1457
f 1737 1631 1632
f 1419 1567 1483
f 1567 1569 1570
f 1568 1570 1544
f 1567 1570 1485
f 1634 1570 1569
f 1594 1571 1552
f 1572 1571 1596
f 1572 1578 1599
f 1599 1573 1522
f 1461 1573 2339
f 2339 1599 1577
f 1468 1575 1537
f 1579 1574 1578
f 1575 1576 1574
f 1573 1599 2339
f 1574 1576 1577
f 1574 1577 1578
f 1356 1675 1677
f 1574 1581 1575
f 1574 1579 1581
f 1578 1572 1600
f 1579 1578 1600
f 1676 1689 1679
f 1601 2345 1540
f 1640 1641 1679
f 1537 1575 1601
f 1527 1403 2395
f 1527 1528 1583
f 1435 1583 1528
f 1584 1532 1588
f 1532 1587 1588
f 1643 1608 1278
f 2397 1585 1608
f 1585 1617 1545
f 2344 1608 1585
f 1532 1533 1531
f 1608 2344 1533
f 1610 1589 1540
f 1609 1610 1612
f 1584 1588 2346
f 1587 1532 1529
f 1612 1610 1611
f 1611 1588 1587
f 1526 1589 1609
f 1539 1589 1526
f 1647 1556 1473
f 1615 1568 1544
f 1493 1591 1387
f 1546 1591 1652
f 1619 1546 1315
f 1653 1315 1652
f 1546 1619 1620
f 1546 1620 1547
f 1388 1548 1547
f 1354 2347 1549
f 1551 1595 1594
f 1600 1596 1356
f 1596 1595 1356
f 1595 1596 1594
f 1557 1597 1558
f 604 1560 1561
f 1562 1624 1564
f 1564 1598 1519
f 1625 1598 1624
f 1569 1521 1634
f 1572 1599 1522
f 1577 1599 1578
f 1596 1600 1572
f 1581 1601 1575
f 1607 1638 1639
f 1582 1639 1638
f 1607 1580 1605
f 1278 1584 1603
f 1619 1671 1657
f 1643 1603 1602
f 1602 1669 1643
f 1606 2346 1604
f 1580 1639 1640
f 1604 2400 1606
f 1605 1604 2346
f 1611 1645 1588
f 1605 1580 1664
f 2399 1657 1671
f 1645 1605 2346
f 1527 1609 1528
f 1610 1540 2345
f 1612 1587 1613
f 1610 2345 1611
f 2345 1638 1644
f 1435 1613 1529
f 1648 1647 1646
f 1615 1614 1568
f 1627 1615 1544
f 1649 1615 1633
f 1432 1616 1386
f 1617 1616 1313
f 1590 1617 2397
f 1616 1617 1590
f 1652 1315 1546
f 1655 1671 1619
f 1656 1620 1619
f 1656 1672 1661
f 1622 1391 2347
f 1595 1551 1673
f 1662 1622 2347
f 1673 1551 1622
f 1673 1622 1662
f 1658 1680 1699
f 1356 1595 1674
f 1562 1626 1624
f 1624 1626 1663
f 1625 1631 1637
f 2348 1627 1632
f 1716 1712 1710
f 1663 1626 1718
f 1627 1544 1632
f 1627 2348 1629
f 1663 2349 1628
f 1635 1633 1629
f 2348 1628 1629
f 1628 1625 1663
f 1712 1715 1718
f 1648 1319 1647
f 1630 1629 2349
f 1635 1629 1630
f 1737 1454 1631
f 1632 1631 2348
f 1634 1632 1544
f 1615 1627 1633
f 1629 1633 1627
f 1634 1544 1570
f 1646 2396 1648
f 1635 1648 2396
f 1521 1636 1634
f 1637 1454 1320
f 1454 1637 1631
f 1607 1639 1580
f 1681 1666 1668
f 1640 1664 1580
f 1641 1639 1582
f 1665 1664 1666
f 1579 1600 1677
f 1678 1582 1579
f 1641 1640 1639
f 1641 1676 1679
f 1356 1674 1675
f 1595 1673 1674
f 1659 1603 1606
f 1603 1643 1278
f 1604 1605 1664
f 1644 1638 1607
f 1585 2397 1617
f 1612 1611 1587
f 1645 1611 1644
f 1644 1607 1645
f 1605 1645 1607
f 2346 1588 1645
f 1529 1613 1587
f 1646 1647 1473
f 1647 1319 1555
f 1630 1714 2350
f 1649 2396 2393
f 1635 1649 1633
f 1650 1654 1428
f 1654 1618 1652
f 1487 1650 1428
f 1651 1618 1590
f 1618 1654 1650
f 1643 2397 1608
f 1651 1669 1653
f 1650 1590 1618
f 1654 1652 1494
f 1653 1652 1618
f 1651 1653 1618
f 1655 1619 1315
f 1655 1315 1653
f 1669 1655 1653
f 1619 1657 1656
f 1657 1658 1593
f 1658 1657 1592
f 1660 1592 2399
f 1657 1593 1656
f 1593 1658 1670
f 1659 1671 1602
f 1659 1602 1603
f 1660 2399 2400
f 1656 1661 1620
f 1672 1656 1593
f 1593 2401 1672
f 1358 1517 1738
f 1663 1718 2349
f 1625 1624 1663
f 1604 1664 1665
f 1679 1666 1640
f 1660 1665 1681
f 1604 1665 2400
f 1666 1681 1665
f 1640 1666 1664
f 1682 1668 1666
f 1666 1679 1682
f 1668 1667 1687
f 1655 1669 1602
f 1680 1658 1592
f 1602 1671 1655
f 1683 2401 2398
f 1621 1316 1662
f 1675 1674 1642
f 1642 1676 1675
f 1678 1677 1675
f 1642 1689 1676
f 1676 1641 1678
f 1356 1677 1600
f 1675 1676 1678
f 1582 1678 1641
f 1579 1677 1678
f 1667 1693 1687
f 1687 1681 1668
f 1592 1660 1680
f 1689 1682 1679
f 1668 1682 1690
f 1683 2398 1739
f 1672 1683 2355
f 2421 1623 1642
f 1662 1684 2421
f 2354 2403 1726
f 1685 1686 2343
f 1692 1686 1685
f 1699 1680 1687
f 1681 1687 1680
f 1688 1670 1699
f 1318 2398 1688
f 1670 1658 1699
f 1668 1690 1667
f 1689 1690 1682
f 2351 1692 2352
f 1667 1690 2352
f 1689 1623 1690
f 2351 1686 1692
f 1691 1692 1279
f 1693 1667 1691
f 1719 1720 1721
f 1692 1685 1695
f 1692 1695 1279
f 1719 1699 1693
f 1685 2353 2354
f 1514 1697 1710
f 1696 1708 1697
f 1317 1697 1514
f 1696 1694 1708
f 1355 1500 1499
f 2353 2343 1500
f 1705 1703 1704
f 1697 1317 1696
f 1500 1355 1698
f 1505 1504 1733
f 1720 1691 1279
f 1699 1687 1693
f 1694 1696 1703
f 1719 1721 1725
f 1703 1696 1704
f 1702 1725 1700
f 1317 1509 1704
f 1703 1705 1702
f 1707 1706 1727
f 1500 1698 2353
f 2353 1698 1727
f 1702 1701 1694
f 1695 1701 1700
f 1701 1695 1726
f 1701 1702 1700
f 1725 1702 1705
f 1688 1699 1719
f 1700 1279 1695
f 1694 1703 1702
f 1317 1704 1696
f 1506 1722 1509
f 1722 1704 1509
f 1722 1705 1704
f 1701 2402 1694
f 1727 2354 2353
f 1706 1713 1709
f 1626 1712 1718
f 1712 1626 1562
f 1713 1716 1709
f 2402 1726 2403
f 1727 2403 2354
f 1710 1708 1716
f 1706 1730 1713
f 1716 1708 1709
f 1708 1710 1697
f 1319 1728 1732
f 1712 1716 1715
f 1730 1706 1707
f 1711 1715 1713
f 2349 1714 1630
f 1728 2350 1714
f 1733 1731 1707
f 1731 1729 1730
f 1711 1717 1715
f 1717 1718 1715
f 1731 1504 1558
f 1713 1715 1716
f 1728 1717 1711
f 1718 1717 1714
f 2349 1718 1714
f 1720 1719 1693
f 1688 1719 1725
f 1693 1691 1720
f 1279 1700 1721
f 1725 1721 1700
f 1279 1721 1720
f 1723 1722 1506
f 1723 1738 1739
f 1738 1723 1358
f 1705 1722 1724
f 1724 1722 1723
f 1724 1723 1739
f 1724 1725 1705
f 1318 1725 1724
f 1725 1318 1688
f 1726 2402 1701
f 1685 2354 1695
f 1706 2403 1727
f 1733 1707 1698
f 1635 1630 1648
f 1714 1717 1728
f 1711 1729 1728
f 1729 1732 1728
f 1730 1729 1711
f 1732 1729 1558
f 1713 1730 1711
f 1730 1707 1731
f 1504 1731 1733
f 1558 1729 1731
f 1558 1597 1732
f 1728 1319 2350
f 1319 1732 1555
f 1727 1698 1707
f 1355 1733 1698
f 1425 1380 1734
f 1380 1735 1734
f 1415 1734 1482
f 1735 1482 1734
f 1613 1435 1528
f 1530 1435 1529
f 1736 1564 1563
f 1514 1562 1736
f 1564 1736 1562
f 1634 1737 1632
f 1424 1737 1636
f 1672 2355 1516
f 1724 1739 1318
f 1794 1282 1192
f 1758 1794 1192
f 1364 1856 1855
f 1216 1852 1759
f 1193 1856 1364
f 1855 1194 1364
f 1973 1199 1198
f 1770 1769 1792
f 1852 1216 1215
f 1282 1794 1795
f 1756 1820 1757
f 1750 1982 1751
f 1809 1854 1785
f 2301 1793 1779
f 1201 1923 1503
f 1770 1792 1785
f 1883 1922 1920
f 1788 1773 1772
f 1503 1923 1996
f 1791 1793 1771
f 1848 1806 2296
f 1758 1757 1794
f 1928 1208 1207
f 1933 1204 2004
f 1776 1810 1780
f 1412 1208 1930
f 1209 1866 1210
f 1790 1778 1760
f 2087 1775 2081
f 1762 1761 1803
f 1777 1786 84
f 1793 1772 1771
f 1781 1764 1786
f 1382 1381 1865
f 1783 2294 1763
f 1832 1865 1899
f 85 1786 1764
f 1206 1205 1931
f 1761 1760 1778
f 1781 1774 1839
f 1193 1282 1795
f 1790 1759 1852
f 2359 2332 1894
f 1787 1777 83
f 1762 1803 1783
f 1786 1774 1781
f 2410 2192 2222
f 1787 1763 2294
f 83 1777 84
f 1786 85 84
f 1780 1792 1769
f 1213 1835 1333
f 1912 1914 1748
f 2004 1204 1441
f 1820 1794 1757
f 1912 1747 1937
f 1745 1888 1746
f 1741 1740 2358
f 1195 2035 1196
f 1934 1888 1745
f 1994 2356 15
f 1799 1861 2358
f 1827 1743 1742
f 1987 1915 2356
f 1788 2295 1773
f 1742 1741 1831
f 1861 24 23
f 1803 1761 1778
f 2358 1829 1831
f 14 13 1916
f 1799 1740 27
f 1826 1862 1955
f 1862 1826 23
f 27 26 24
f 1794 1820 1795
f 25 24 26
f 24 1799 27
f 19 1891 238
f 1790 1760 1759
f 1777 1787 2294
f 1780 1768 1802
f 21 2303 2018
f 22 21 1890
f 1799 2358 1740
f 1827 1742 1831
f 1802 1782 1840
f 2301 1808 2295
f 1772 1793 2297
f 1773 2298 2299
f 1838 1839 1774
f 1211 1958 1900
f 1 1784 2405
f 1 2300 1784
f 1778 1790 1789
f 1770 1785 1791
f 1781 1765 1764
f 1781 1839 1765
f 1786 1777 1774
f 1839 1766 1765
f 1842 1784 2404
f 1810 1792 1780
f 1763 1787 82
f 1769 1768 1780
f 1971 1756 1755
f 1904 1963 1835
f 1885 10 229
f 1802 1768 1767
f 1839 1782 1766
f 83 82 1787
f 1926 1886 1925
f 1854 1816 2357
f 1215 1329 2332
f 1783 1763 1762
f 1875 5 4
f 1801 1848 1851
f 1886 1926 2079
f 1867 1906 1964
f 1766 1782 1767
f 275 5 1867
f 1924 1927 2008
f 1841 1872 1840
f 1881 1916 1991
f 2294 1774 1777
f 1382 1902 1212
f 1782 1839 1838
f 1869 1803 1836
f 1782 1802 1767
f 1802 1840 1776
f 1778 1789 1803
f 1872 1811 1810
f 1842 1804 1784
f 1842 1806 1804
f 1845 3 2405
f 1806 1842 1843
f 1804 1805 1845
f 2296 1846 1848
f 1845 1805 1844
f 234 3 1845
f 1807 1215 2332
f 1808 2301 1779
f 2238 2239 1779
f 2295 1808 1850
f 1810 1811 1813
f 1809 1785 1792
f 1816 1813 1815
f 1872 1810 1776
f 1810 1813 1809
f 1814 1811 1873
f 2359 1864 1817
f 1812 1817 1864
f 1813 1811 1814
f 1897 1815 1812
f 1814 1873 1868
f 1812 1813 1814
f 1864 2250 1897
f 1898 1818 1815
f 1812 1815 1813
f 1815 1818 1816
f 1818 2357 1816
f 1809 1816 1854
f 1812 1814 1817
f 1813 1816 1809
f 2357 1818 2242
f 2357 1819 1854
f 1980 1194 1855
f 1879 1911 1754
f 1754 1753 1879
f 1197 1976 1877
f 1748 1914 1749
f 1882 2362 1991
f 1944 2020 2178
f 2419 1923 2413
f 1744 1827 1889
f 2016 1858 2015
f 1954 2064 2065
f 1955 1862 22
f 1828 1827 1831
f 1828 1831 1829
f 2065 1830 1954
f 1828 1829 1957
f 2103 1938 1935
f 1830 1889 1828
f 1830 1936 1889
f 1831 1741 2358
f 1214 1863 1894
f 1899 1381 1425
f 1865 1960 1902
f 1866 1958 1210
f 1844 1849 1875
f 1212 1902 1904
f 1898 1815 1897
f 1802 1776 1780
f 1872 1776 1840
f 1789 1853 1868
f 1872 1841 1873
f 1782 1838 1840
f 1869 1870 1803
f 1840 1838 1837
f 1838 1774 1871
f 1840 1837 1841
f 1869 1841 1837
f 1873 1836 1868
f 1843 1842 2298
f 1843 2298 2295
f 1847 1801 1849
f 4 1845 1844
f 1848 1801 1847
f 1805 1806 1847
f 1848 1847 1806
f 1874 1801 1851
f 1805 1847 1844
f 1848 1846 1851
f 1834 1905 1849
f 1844 1847 1849
f 1843 1850 2296
f 1850 1966 2296
f 2295 1850 1843
f 2241 1966 1850
f 1966 1967 1965
f 2241 1850 1808
f 1967 1966 2241
f 1907 1851 1846
f 1852 1807 1853
f 1852 1215 1807
f 1810 1809 1792
f 1814 1868 1817
f 1790 1853 1789
f 1817 1853 1807
f 1852 1853 1790
f 1791 1785 1819
f 1856 1968 1855
f 2095 1975 1857
f 1795 1856 1193
f 1971 1820 1756
f 1877 1974 1197
f 1401 1400 1979
f 2038 2037 1910
f 1917 12 11
f 1921 1883 1920
f 2002 1999 2000
f 1883 1921 1997
f 1885 1924 1859
f 1964 274 275
f 1929 2009 1928
f 2057 1824 2119
f 2340 1203 1922
f 1937 1747 1746
f 1892 1952 1891
f 1915 268 16
f 1950 1946 1947
f 24 1861 1799
f 1861 23 1826
f 1890 1955 22
f 1955 1890 2022
f 1895 1214 1333
f 1864 1863 2250
f 1807 2359 1817
f 1863 1864 2359
f 1898 1897 1963
f 1865 1381 1899
f 1865 1832 1960
f 1900 1425 1211
f 1901 1960 1832
f 1212 1904 1213
f 1900 1958 1833
f 1867 5 1875
f 1905 1906 1867
f 1904 1835 1213
f 1789 1868 1836
f 1853 1817 1868
f 1841 1836 1873
f 1870 1869 1837
f 1838 1871 1837
f 1870 1783 1803
f 1774 2294 1871
f 1837 1871 1870
f 1873 1811 1872
f 1869 1836 1841
f 1845 4 234
f 1875 4 1844
f 1849 1874 1834
f 2092 2030 2091
f 1875 1849 1905
f 2030 2087 2088
f 2203 2162 2199
f 1908 1973 2034
f 1978 1195 1401
f 1857 1909 2035
f 1981 2036 1878
f 1911 1879 1983
f 2361 1752 1751
f 1880 2361 1910
f 2369 1983 1984
f 1911 1971 1755
f 1750 1749 1914
f 1910 2361 1982
f 1982 1913 2038
f 15 14 1916
f 1991 1990 1881
f 1921 1920 1202
f 2413 1201 1200
f 1924 9 8
f 1925 8 7
f 2097 2363 1919
f 1882 1917 1919
f 1924 1885 9
f 2008 1859 1924
f 2045 1885 1859
f 1925 1927 1924
f 1929 1207 1206
f 2010 1930 2009
f 2057 2058 2011
f 2076 1866 2054
f 2012 2059 1932
f 1934 1745 1744
f 1744 1743 1827
f 1985 2014 2015
f 1858 1912 1985
f 1889 1827 1828
f 20 1952 1951
f 1941 19 18
f 2408 18 294
f 1892 1891 1943
f 1940 1951 2021
f 238 1952 20
f 1941 1891 19
f 268 1915 1989
f 2408 1942 1941
f 1956 2022 1954
f 1826 1956 1829
f 2359 1894 1863
f 1835 1895 1333
f 1963 2250 1835
f 1214 1895 1863
f 1863 1895 2250
f 2250 1895 1835
f 1904 1902 1962
f 1864 1897 1812
f 2250 1963 1897
f 1818 1898 1896
f 1818 1896 2242
f 1900 1899 1425
f 1211 1210 1958
f 1959 1900 1833
f 1901 1832 1959
f 1865 1902 1382
f 1903 1901 2026
f 1896 1898 2407
f 1960 1962 1902
f 1906 1905 1834
f 1875 1905 1867
f 274 2027 6
f 1870 1871 1783
f 1874 1849 1801
f 2247 1834 1874
f 2092 1874 1851
f 1965 1907 1846
f 1907 2087 2030
f 1969 1968 1795
f 1968 1970 2031
f 2034 1973 1974
f 2035 1978 1857
f 1978 1979 1981
f 1979 2036 1981
f 1753 2361 1880
f 1751 1982 2361
f 1982 2038 1910
f 2205 2203 2204
f 1971 1972 1970
f 1754 1911 1755
f 1748 1747 1912
f 1914 2044 1913
f 1985 1912 1937
f 2044 1914 1912
f 1913 1982 1750
f 2062 1988 2061
f 268 1989 17
f 13 1991 1916
f 1917 1882 1991
f 1991 13 12
f 1919 1917 11
f 10 1918 1919
f 12 1917 1991
f 1885 1918 10
f 2097 1918 2045
f 1995 2166 1990
f 2097 1919 1918
f 1882 1919 2363
f 1922 1203 1920
f 1202 1503 1996
f 1931 1205 1933
f 2413 1923 1201
f 1200 1199 2006
f 2049 1923 2419
f 1925 1924 8
f 1926 1925 7
f 7 6 1926
f 1886 2007 1927
f 2008 1927 2052
f 1886 1927 1925
f 1929 1928 1207
f 1930 1928 2009
f 1931 1929 1206
f 1932 2009 1929
f 1412 2053 1414
f 2053 1930 2011
f 1932 1931 1887
f 1933 2055 1887
f 1887 2012 1932
f 1929 1931 1932
f 1204 1933 1205
f 1887 1931 1933
f 1889 1934 1744
f 1888 1934 1935
f 1889 1936 1934
f 2103 1935 1936
f 1934 1936 1935
f 1888 1937 1746
f 1938 2014 1935
f 1938 2015 2014
f 1938 2103 1939
f 2017 1986 2016
f 2024 2023 2066
f 1858 2016 1986
f 1951 2018 2303
f 1890 21 2018
f 2408 1941 18
f 17 2408 294
f 1989 2408 17
f 1893 1942 2408
f 1988 1893 1989
f 1947 1945 1942
f 1942 1893 1947
f 1943 1945 2406
f 1941 1943 1891
f 1950 1947 1893
f 1945 1943 1942
f 1941 1942 1943
f 1947 1946 1945
f 2020 1944 1946
f 2367 1798 2190
f 1944 1945 1946
f 1944 2178 2141
f 2172 2173 2175
f 1949 1950 2062
f 1950 1949 2063
f 20 1951 2303
f 2021 1951 1952
f 1952 238 1891
f 1953 2022 1890
f 1953 1890 2018
f 1954 2022 2064
f 1954 1957 1956
f 1955 2022 1956
f 1957 1954 1830
f 1955 1956 1826
f 1828 1957 1830
f 1829 1956 1957
f 1833 1958 2078
f 1959 1833 2084
f 1899 1900 1959
f 1959 1832 1899
f 1901 1903 1960
f 1962 1960 1903
f 2026 1961 1903
f 1963 1962 2407
f 2407 1962 1903
f 1904 1962 1963
f 1867 1964 275
f 2027 1964 1906
f 2249 1834 2247
f 1965 1846 1966
f 1965 1775 2087
f 2296 1966 1846
f 2244 2241 2239
f 1965 1967 1775
f 2302 2243 2244
f 1907 1965 2087
f 2087 2029 2088
f 2247 2092 2091
f 1969 1795 1820
f 1968 1969 1970
f 1971 1969 1820
f 2031 1970 1876
f 1979 1980 2036
f 1971 1911 1972
f 1969 1971 1970
f 1983 1972 1911
f 1876 1972 2369
f 1974 1973 1198
f 2006 1973 1908
f 1197 1974 1198
f 1975 1909 1857
f 2035 1909 1976
f 1976 1909 1877
f 2094 1909 1975
f 2161 2133 1977
f 2123 2411 1821
f 1978 2035 1195
f 1977 1857 1981
f 1978 1401 1979
f 1857 1978 1981
f 1980 1979 1400
f 1194 1980 1400
f 1980 1855 2032
f 1977 1981 1878
f 2360 1880 1910
f 1910 2037 2042
f 2360 2042 1984
f 1972 1983 2369
f 2360 1984 1983
f 1985 1937 2014
f 2015 1858 1985
f 1912 1858 2044
f 2416 1986 2017
f 1858 1986 2044
f 1913 1750 1914
f 1988 1989 1915
f 1989 1893 2408
f 2061 1988 1915
f 1893 1988 2062
f 2362 1995 1990
f 1993 1990 2166
f 1990 1991 2362
f 2138 2139 2136
f 1993 1881 1990
f 2251 1993 1992
f 1881 1993 2253
f 2135 1992 2111
f 1916 1994 15
f 2046 2097 2045
f 1882 2363 2362
f 1202 1996 2048
f 2048 1921 1202
f 1999 1997 2001
f 2206 2208 1823
f 1921 2048 1997
f 2000 1999 1998
f 2049 1996 1923
f 1999 2001 2420
f 1999 2002 1997
f 2001 2049 2211
f 2001 2048 2049
f 2050 2002 2279
f 2000 2269 2005
f 2005 2002 2000
f 2279 2002 2005
f 2050 1922 1883
f 2275 2270 2412
f 1884 2056 2003
f 2050 2003 1922
f 1441 2340 2004
f 2267 2005 2269
f 2005 2278 2279
f 2266 2413 2006
f 1200 2006 2413
f 1973 2006 1199
f 1886 2079 2007
f 1927 2007 2052
f 2008 2051 2046
f 1932 2059 2009
f 2011 2054 2053
f 1930 2010 2011
f 2057 2011 2010
f 2054 2011 2058
f 2053 2054 1209
f 1800 2075 2076
f 1209 1414 2053
f 1866 1209 2054
f 2055 1933 2004
f 2055 2056 2259
f 1860 2259 2258
f 2013 2059 2060
f 2059 2012 2060
f 1888 2014 1937
f 1935 2014 1888
f 2016 2015 2069
f 2067 1939 2066
f 2037 2039 2041
f 1953 2018 1940
f 1951 1940 2018
f 2368 1940 2021
f 2061 1987 2252
f 2101 2062 2061
f 1946 1950 2063
f 1892 2409 1952
f 2064 2022 1953
f 1830 2065 1936
f 1958 1866 2025
f 2025 2075 2078
f 2078 1958 2025
f 2104 1833 2078
f 1896 1961 2240
f 1964 2027 274
f 2249 1906 1834
f 2090 2091 2030
f 2145 2007 2263
f 2027 1926 6
f 1926 2027 2079
f 1901 2083 2026
f 2087 2081 2029
f 1907 2092 1851
f 2032 2031 2201
f 1968 2032 1855
f 2032 2201 2036
f 2033 2034 1877
f 2094 2411 2033
f 2034 1974 1877
f 2108 2411 2123
f 1976 1196 2035
f 2133 2095 1977
f 2032 2036 1980
f 2201 1878 2036
f 2039 2037 2038
f 2043 2042 2037
f 1984 2042 2205
f 2044 1986 1913
f 2040 2039 2416
f 2041 2040 2096
f 2016 2069 2017
f 2017 2074 2073
f 2096 2151 2109
f 2042 2043 2205
f 2040 2041 2039
f 2043 2037 2041
f 2042 2360 1910
f 2038 1913 1986
f 1885 2045 1918
f 2046 2045 1859
f 2008 2046 1859
f 2047 2046 2163
f 2049 2048 1996
f 1997 2048 2001
f 1997 2002 1883
f 2003 2340 1922
f 2004 2340 2003
f 2266 1908 2414
f 2266 2006 1908
f 2008 2052 2051
f 1930 2053 1412
f 2076 2054 2058
f 2057 2013 1824
f 2055 2259 1860
f 1887 1860 2012
f 2056 2055 2004
f 2003 2056 2004
f 2100 2013 2060
f 2058 2057 2118
f 2057 2010 2013
f 2013 2010 2059
f 2058 2118 2077
f 1824 2182 2146
f 2009 2059 2010
f 2012 2099 2060
f 2100 2099 2112
f 2099 2257 2112
f 1987 2061 1915
f 1893 2062 1950
f 1949 2101 2415
f 2064 2023 2065
f 2023 2024 2065
f 2103 2065 2024
f 2065 2103 1936
f 2023 2191 2190
f 2024 2066 1939
f 2367 2192 2193
f 2068 2017 2069
f 2067 2068 1939
f 2067 2066 1798
f 2068 2067 2070
f 2068 2070 2074
f 1939 2068 2069
f 2074 2070 2072
f 2074 2017 2068
f 2071 2073 2074
f 2071 2074 2072
f 2096 2040 2073
f 2017 2073 2416
f 2076 2075 2025
f 1866 2076 2025
f 2077 2076 2058
f 2077 1800 2076
f 2118 2119 2216
f 1800 2077 2105
f 2080 2027 1906
f 2007 2079 2263
f 2263 2079 2080
f 2027 2080 2079
f 1775 2244 2245
f 2081 2028 2082
f 2084 2104 2028
f 2104 2085 2082
f 2084 2083 1901
f 2246 2083 2028
f 1959 2084 1901
f 1833 2104 2084
f 2075 2085 2078
f 2084 2028 2083
f 2082 2028 2104
f 2075 1800 2085
f 2085 2086 2082
f 2086 2085 1800
f 2086 1800 2105
f 2029 2082 2086
f 2088 2029 2086
f 2030 2088 2090
f 2089 2088 2086
f 2180 2143 2089
f 2088 2089 2090
f 2089 2143 2090
f 2142 2091 2090
f 2092 1907 2030
f 2130 2194 2131
f 2034 2033 2149
f 1909 2094 1877
f 2411 2094 1975
f 2095 1821 1975
f 2094 2033 1877
f 1977 2095 1857
f 2109 2162 2043
f 2151 1796 2109
f 2136 2363 2047
f 2046 2047 2097
f 2138 2136 2110
f 2055 1860 1887
f 1860 2099 2012
f 1824 2013 2100
f 2099 2100 2060
f 2100 2112 2182
f 1822 2113 2415
f 2101 1822 2415
f 2114 1948 2113
f 2101 1949 2062
f 2061 2252 2101
f 2251 2102 1822
f 1993 2111 1992
f 1992 2102 2251
f 2063 2020 1946
f 2063 2116 2365
f 1939 2103 2024
f 2085 2104 2078
f 2144 2180 2181
f 2182 1824 2100
f 2132 2093 2414
f 2129 2108 2107
f 2108 2132 2033
f 2214 2213 2128
f 2051 2187 2163
f 2262 2276 2261
f 1993 2166 2111
f 2165 2139 2138
f 2237 2232 2236
f 2102 2164 2237
f 2102 2113 1822
f 2019 2365 2177
f 2235 2236 2232
f 2116 2115 2167
f 2102 2237 2113
f 2125 2194 2129
f 2116 2167 2177
f 2115 2116 1948
f 2063 1948 2116
f 2236 2115 2114
f 2170 2177 2167
f 2156 2153 2155
f 2167 2168 2140
f 2170 2172 2177
f 2117 2179 2019
f 2105 2089 2086
f 2216 2089 2105
f 2105 2077 2118
f 2105 2118 2216
f 2057 2119 2118
f 2080 1906 2249
f 2181 2180 2217
f 2149 1908 2034
f 2122 2196 2266
f 2107 2108 2123
f 2126 2134 2124
f 2107 2126 2127
f 2174 2214 2173
f 2107 2123 2126
f 2213 2150 2125
f 2194 2125 2131
f 2127 2126 2124
f 2107 2127 2125
f 2123 1821 2126
f 2127 2124 2128
f 2124 1796 2152
f 2152 2151 2155
f 2129 2107 2125
f 2131 2125 2150
f 2188 2130 2131
f 2108 2129 2132
f 2093 2132 2129
f 2201 2031 2202
f 2197 2198 2134
f 1821 2095 2417
f 2417 2134 2126
f 2124 2134 1796
f 2096 2109 2041
f 2109 2043 2041
f 2162 2109 2198
f 2163 2110 2047
f 2052 2186 2185
f 2220 2221 2187
f 2363 2136 1995
f 2110 2136 2047
f 2260 2277 2137
f 2111 2139 2165
f 2189 2172 2170
f 1944 2141 1825
f 1824 2146 2119
f 2181 2106 2144
f 2142 2090 2143
f 2248 2142 2120
f 2142 2143 2144
f 2142 2144 2120
f 2184 2106 2148
f 2217 2146 2147
f 2147 2146 2182
f 2183 2121 2182
f 2148 2147 2121
f 2148 2181 2147
f 2146 2217 2119
f 2148 2121 2219
f 2106 2184 2145
f 2149 2132 2414
f 2214 2176 2173
f 2188 2189 2171
f 2073 2071 2364
f 2151 2152 1796
f 2364 2151 2096
f 2152 2155 2153
f 2124 2152 2128
f 2364 2154 2155
f 2214 2153 2176
f 2152 2153 2128
f 2154 2071 2072
f 2156 2155 2154
f 2156 2154 2418
f 2153 2156 2176
f 2158 2072 2070
f 2366 2418 2160
f 2157 2117 2175
f 2158 2159 2160
f 1798 2367 2159
f 1798 2066 2190
f 2367 2193 2159
f 1798 2159 2158
f 2093 2195 2122
f 1878 2161 1977
f 2162 2198 2199
f 2197 2199 2198
f 2162 2203 2205
f 2221 2163 2187
f 2221 2098 2110
f 2260 2098 2225
f 2166 2139 2111
f 2209 2229 2370
f 2136 2139 1995
f 2139 2166 1995
f 2170 2167 2140
f 2168 2167 2115
f 2206 1823 2195
f 2171 2169 2207
f 2171 2170 2140
f 2189 2173 2172
f 2175 2173 2176
f 2174 2173 2189
f 2174 2150 2213
f 2174 2213 2214
f 2157 2175 2156
f 2177 2117 2019
f 2175 2117 2172
f 2117 2177 2172
f 2365 2178 2020
f 2178 2179 2141
f 2144 2143 2180
f 2216 2180 2089
f 2217 2216 2119
f 2181 2217 2147
f 2106 2181 2148
f 2183 2182 2112
f 2112 2257 2281
f 2182 2121 2147
f 2218 2121 2183
f 2225 2221 2220
f 2187 2051 2185
f 2148 2219 2184
f 2145 2184 2186
f 2185 2184 2219
f 2145 2186 2007
f 2187 2185 2219
f 2052 2185 2051
f 2185 2186 2184
f 2187 2219 2220
f 2186 2052 2007
f 2213 2125 2127
f 2188 2150 2174
f 2188 2171 2130
f 2171 2189 2170
f 2174 2189 2188
f 2064 2191 2023
f 2023 2190 2066
f 2064 1953 2191
f 2222 2367 2190
f 2410 2222 2368
f 2141 2193 1825
f 1825 2193 2192
f 2193 2160 2159
f 2193 2141 2215
f 2193 2215 2160
f 2129 2194 2093
f 2093 2194 2195
f 2122 2195 1823
f 2122 1823 2196
f 2224 2208 2212
f 2206 2130 2207
f 2194 2130 2195
f 2109 1796 2198
f 2134 2198 1796
f 2161 2200 2199
f 2200 2203 2199
f 1878 2200 2161
f 1878 2201 2200
f 1876 2202 2031
f 2201 2202 2200
f 2204 2203 2200
f 2162 2205 2043
f 2369 1984 2204
f 2200 2202 2204
f 2205 2204 1984
f 2168 2236 1797
f 2171 2140 2169
f 2169 2140 2168
f 2168 1797 2169
f 2210 2207 2169
f 2130 2171 2207
f 2210 1797 2223
f 2208 2206 2209
f 2212 2208 2370
f 2000 2226 2269
f 2209 2207 2210
f 2210 2169 1797
f 2229 2209 2210
f 1998 1999 2420
f 1823 2208 2224
f 2212 1998 2420
f 2127 2128 2213
f 2153 2214 2128
f 2215 2157 2366
f 2179 2215 2141
f 2178 2019 2179
f 2216 2217 2180
f 2219 2121 2220
f 2218 2220 2121
f 2220 2218 2225
f 2218 2280 2225
f 2098 2221 2225
f 2163 2221 2110
f 2150 2188 2131
f 1953 1940 2191
f 2368 2191 1940
f 2409 2368 2021
f 2191 2368 2222
f 2191 2222 2190
f 2130 2206 2195
f 2209 2206 2207
f 2212 2370 2227
f 2276 2268 2270
f 2230 2226 2227
f 1797 2235 2223
f 2229 2210 2223
f 2227 1998 2212
f 2224 2196 1823
f 2196 2224 2211
f 2183 2112 2281
f 2260 2225 2280
f 1998 2226 2000
f 2226 2230 2269
f 2230 2227 2370
f 1998 2227 2226
f 2223 2235 2228
f 2231 2233 2228
f 2164 2232 2237
f 2230 2229 2228
f 2230 2370 2229
f 2232 2234 2231
f 2234 2164 2135
f 2135 2265 2412
f 2231 2235 2232
f 2231 2234 2272
f 2223 2228 2229
f 2231 2228 2235
f 2230 2228 2371
f 2164 2234 2232
f 2236 2235 1797
f 2115 2236 2168
f 2113 2237 2114
f 2114 2237 2236
f 2302 2238 2242
f 1779 2239 1808
f 2238 2357 2242
f 2302 2239 2238
f 2244 1967 2241
f 2240 1961 2243
f 2302 2242 2240
f 2239 2241 1808
f 2240 2242 1896
f 1961 2246 2243
f 2245 2028 2081
f 2245 2244 2243
f 1967 2244 1775
f 2239 2302 2244
f 1961 2026 2246
f 2026 2083 2246
f 2245 2081 1775
f 2246 2245 2243
f 2245 2246 2028
f 1791 1779 1793
f 1854 1819 1785
f 2248 2091 2142
f 2264 2080 2249
f 2120 2145 2263
f 2091 2248 2247
f 2248 2264 2247
f 2263 2264 2120
f 2092 2247 1874
f 1972 1876 1970
f 2202 2369 2204
f 2252 1822 2101
f 2253 2251 2252
f 2251 1822 2252
f 1993 2251 2253
f 2253 2252 1987
f 1994 2253 1987
f 2255 2258 2254
f 1884 2259 2056
f 2259 2254 2258
f 2254 2259 1884
f 2279 1884 2050
f 2254 2278 2255
f 2256 2258 2255
f 2258 2257 1860
f 2257 2256 2281
f 2255 2261 2256
f 2258 2256 2257
f 2099 1860 2257
f 2046 2051 2163
f 2261 2260 2280
f 2277 2261 2276
f 2262 2261 2255
f 2264 2263 2080
f 2264 2249 2247
f 2120 2264 2248
f 2154 2364 2071
f 2151 2364 2155
f 1798 2158 2067
f 2070 2067 2158
f 2111 2265 2135
f 2165 2265 2111
f 2419 2266 2196
f 2267 2371 2271
f 2371 2267 2269
f 2371 2269 2230
f 2272 2271 2233
f 2274 2165 2138
f 2267 2271 2268
f 2231 2272 2233
f 2271 2270 2268
f 2412 2272 2234
f 2270 2271 2272
f 2273 2275 2274
f 2137 2274 2138
f 2273 2270 2275
f 2260 2137 2098
f 2273 2274 2137
f 2165 2274 2275
f 2276 2270 2273
f 2165 2275 2265
f 2276 2273 2277
f 2276 2262 2268
f 2137 2277 2273
f 2261 2277 2260
f 2005 2267 2278
f 2135 2412 2234
f 2275 2412 2265
f 2255 2278 2262
f 2279 2278 2254
f 1884 2279 2254
f 2218 2183 2281
f 2256 2280 2281
f 2261 2280 2256
f 2281 2280 2218
f 2282 188 96
f 317 363 316
f 390 363 317
f 699 643 673
f 1096 2287 998
f 811 2284 659
f 2286 964 1043
f 2283 1071 806
f 998 1076 1079
f 2287 1076 998
f 1093 2285 810
f 2287 1096 814
f 1249 2289 1230
f 1235 1232 2290
f 1269 2288 1263
f 595 1284 2291
f 1377 2291 1284
f 1248 1245 1286
f 2292 1229 2289
f 1231 1287 1249
f 2290 2293 1235
f 2293 1288 1235
f 1292 1290 1257
f 1636 1521 1457
f 1636 1457 1424
f 1871 2294 1783
f 2297 2295 1788
f 2297 1793 2301
f 2295 2298 1773
f 1788 1772 2297
f 2300 2299 2404
f 1819 2238 1779
f 1791 1819 1779
f 2296 1806 1843
f 2301 2295 2297
f 1992 2135 2164
f 1992 2164 2102
f 2243 2302 2240
f 105 142 28
f 129 39 120
f 2303 191 193
f 119 128 582
f 223 224 61
f 104 2305 154
f 146 304 148
f 2307 578 107
f 215 2308 214
f 137 169 49
f 172 146 149
f 140 750 199
f 2304 212 126
f 590 593 224
f 273 63 334
f 192 162 193
f 236 162 290
f 217 240 194
f 147 250 200
f 253 170 307
f 223 61 852
f 392 2312 395
f 2313 293 167
f 195 296 297
f 2314 390 391
f 319 2311 186
f 590 224 223
f 2315 2380 380
f 385 384 381
f 389 390 2314
f 132 396 397
f 325 353 417
f 406 458 460
f 420 421 2382
f 325 417 416
f 420 411 431
f 417 412 416
f 424 420 431
f 2316 418 548
f 424 2316 421
f 2317 432 427
f 430 2316 548
f 427 432 426
f 401 399 456
f 459 2307 460
f 2317 423 432
f 489 463 313
f 2319 365 157
f 472 2319 495
f 495 2319 157
f 2318 499 542
f 2320 574 520
f 349 563 527
f 550 2321 551
f 578 2307 579
f 2306 582 183
f 119 2306 155
f 225 591 592
f 754 720 753
f 635 2322 685
f 101 697 48
f 754 753 721
f 665 2322 680
f 2322 743 685
f 783 768 765
f 770 779 772
f 788 2323 919
f 678 791 789
f 792 2324 786
f 2310 921 922
f 817 613 1427
f 761 756 822
f 761 822 766
f 914 966 1114
f 2323 1099 1132
f 2325 906 60
f 788 919 917
f 798 934 972
f 941 1051 940
f 1056 936 1007
f 1120 1056 732
f 1036 1064 1063
f 1080 1081 2326
f 2326 1102 1082
f 2328 2326 1101
f 1163 1160 1165
f 2329 1162 883
f 1247 1225 1254
f 1267 2331 1265
f 1240 1269 1220
f 1183 1360 1403
f 2332 1329 1894
f 1236 1289 1268
f 1310 2330 1263
f 2334 1336 1337
f 1329 2392 1337
f 1311 2334 1338
f 1285 1338 2392
f 2335 1444 840
f 1573 2336 1359
f 2336 1195 1359
f 1404 2338 1525
f 1400 1410 1363
f 1461 2339 1462
f 1543 1474 1416
f 1567 1419 1372
f 2340 1439 1203
f 2342 599 600
f 1541 1525 2337
f 2338 2337 1525
f 1481 1422 1483
f 2343 1686 1316
f 1502 1316 1621
f 1461 2336 1573
f 1483 1567 1485
f 1552 1571 1553
f 1601 1540 1537
f 1581 1582 1638
f 2346 1603 1584
f 1601 1581 1638
f 1601 1638 2345
f 2346 1606 1603
f 1502 1621 1501
f 1662 2347 1621
f 1628 2348 1625
f 2348 1631 1625
f 2349 1629 1628
f 2350 1648 1630
f 1542 1646 1473
f 1651 1590 2397
f 1738 1517 2355
f 2421 1673 1662
f 1316 1684 1662
f 1660 1681 1680
f 1686 2351 1684
f 2351 2352 1623
f 2352 1692 1691
f 2352 1691 1667
f 1684 2351 2421
f 2343 2353 1685
f 2354 1726 1695
f 1683 1738 2355
f 1738 1683 1739
f 2356 16 15
f 2356 1915 16
f 1784 1804 2405
f 1770 1791 1771
f 1804 1806 1805
f 1819 2357 2238
f 1829 2358 1861
f 2332 2359 1807
f 1880 2360 1879
f 1829 1861 1826
f 2361 1753 1752
f 1880 1879 1753
f 1968 1856 1795
f 2360 1983 1879
f 1994 1916 1881
f 2406 1945 1825
f 1994 1987 2356
f 2362 2363 1995
f 1994 1881 2253
f 2340 1441 1439
f 2407 1961 1896
f 2029 2081 2082
f 2411 2108 2033
f 2149 2033 2132
f 2363 2097 2047
f 2063 2365 2020
f 2178 2365 2019
f 2365 2116 2177
f 2115 1948 2114
f 2120 2144 2106
f 1821 2417 2126
f 2417 2133 2197
f 2120 2106 2145
f 2073 2364 2096
f 2158 2160 2418
f 2157 2215 2179
f 2367 2222 2192
f 2368 2409 2410
f 2211 2419 2196
f 2417 2197 2134
f 2369 2202 1876
f 2370 2208 2209
f 2215 2366 2160
f 2117 2157 2179
f 2233 2371 2228
f 2050 1884 2003
f 2262 2278 2268
f 2372 150 105
f 2 188 2282
f 2304 130 115
f 130 2304 129
f 129 2304 125
f 20 2303 193
f 24 25 135
f 103 76 143
f 2373 433 298
f 196 197 215
f 168 2375 216
f 195 241 299
f 258 2375 217
f 331 330 377
f 2377 401 285
f 98 2374 314
f 2376 2378 479
f 2379 348 402
f 272 379 158
f 2380 131 381
f 2376 343 283
f 419 2382 324
f 2381 451 456
f 479 2378 478
f 591 478 2378
f 406 489 458
f 2383 540 567
f 524 561 459
f 337 2378 2376
f 2378 337 592
f 2384 697 101
f 1136 1138 1139
f 635 680 2322
f 2386 1427 1489
f 2385 762 686
f 2387 695 830
f 2387 784 1005
f 788 2388 1099
f 932 2389 1006
f 906 333 60
f 855 69 68
f 941 870 831
f 995 2287 996
f 695 2387 1005
f 1030 1036 1034
f 787 2388 788
f 1038 942 1060
f 1038 1060 1039
f 1073 1075 1078
f 1073 1078 1077
f 1073 1077 1067
f 1102 2388 1049
f 1098 1136 1139
f 1121 1125 1124
f 849 1130 63
f 1098 1156 1134
f 2390 1106 1105
f 1126 1153 1155
f 614 1346 1486
f 1215 1285 2392
f 1337 2391 1335
f 1337 2392 2334
f 1264 1379 1305
f 1474 2393 1542
f 2335 841 1446
f 1462 1411 1409
f 2343 1502 1500
f 1402 2395 1360
f 1530 2394 1435
f 2395 1402 1526
f 1570 1568 1485
f 2395 1403 1360
f 1386 1616 1590
f 2400 1659 1606
f 1611 2345 1644
f 1386 1590 1650
f 1635 2396 1649
f 1646 1542 2396
f 2396 1542 2393
f 1651 2397 1643
f 1688 2398 1670
f 2399 1592 1657
f 1665 1660 2400
f 1671 1659 2399
f 2400 2399 1659
f 2401 1683 1672
f 2401 1670 2398
f 1670 2401 1593
f 1674 1673 2421
f 2398 1318 1739
f 1674 2421 1642
f 1623 1689 1642
f 1623 2352 1690
f 2402 1709 1694
f 1709 2402 1706
f 2403 1706 2402
f 1425 1734 1211
f 1930 1208 1928
f 1842 2404 2298
f 1789 1836 1803
f 189 2405 3
f 1845 2405 1804
f 2406 2410 1892
f 10 1919 11
f 1938 1939 2069
f 1938 2069 2015
f 1892 1943 2406
f 2410 2409 1892
f 2415 2063 1949
f 1903 1961 2407
f 1963 2407 1898
f 2411 1975 1821
f 2413 2266 2419
f 2409 2021 1952
f 2031 2032 1968
f 2039 1986 2416
f 2002 2050 1883
f 2414 1908 2149
f 1948 2415 2113
f 2415 1948 2063
f 2040 2416 2073
f 2138 2110 2098
f 2133 2417 2095
f 2161 2199 2197
f 2137 2138 2098
f 2122 2266 2414
f 2414 2093 2122
f 2418 2154 2072
f 2156 2418 2366
f 2156 2366 2157
f 2156 2175 2176
f 2410 2406 2192
f 1825 2192 2406
f 2049 2419 2211
f 2161 2197 2133
f 2420 2211 2224
f 2420 2001 2211
f 2212 2420 2224
f 2371 2233 2271
f 2272 2412 2270
f 2267 2268 2278
f 1292 1257 1287
f 2300 2404 1784
f 2298 2404 2299
f 2380 381 380
f 385 381 477
f 366 2382 421
f 2382 366 324
f 1052 1126 1155
f 1623 2421 2351
f 1 2405 2
f 1825 1945 1944
f 2038 1986 2039
f 2158 2418 2072

