# https://github.com/mikedh/trimesh
v -0.74318970 1.17578700 -0.07439039
v -0.75535280 1.16570000 -0.06825011
v -0.75583940 1.14383200 -0.06333173
v -0.76100860 1.11377000 -0.05678747
v -0.75868680 1.09208100 -0.05152562
v -0.75477560 1.03042800 -0.03515149
v -0.74650630 1.00826000 -0.03568204
v -0.74577230 0.98627730 -0.03799052
v -0.74009100 0.96895870 -0.04108333
v -0.72890650 0.94158650 -0.05241803
v -0.72284190 0.91831090 -0.05597469
v -0.71636380 0.89816450 -0.05653717
v -0.71060720 0.87728120 -0.05640262
v -0.70685050 0.85720090 -0.05560514
v -0.70218590 0.83949870 -0.05454269
v -0.69904430 0.81962410 -0.05309087
v -0.69199750 0.77900280 -0.05086648
v -0.69007390 0.74006680 -0.04813772
v -0.68655820 0.71993740 -0.04693960
v -0.69106350 0.67343170 -0.05041621
v -0.67873430 0.64262900 -0.04860408
v -0.67859480 0.62539850 -0.04908082
v -0.68061860 0.59650370 -0.04539607
v -0.68461190 0.58381830 -0.03838715
v -0.68965270 0.57425310 -0.03012855
v -0.68898300 0.57228710 -0.02907166
v -0.68805690 0.57117420 -0.02722638
v -0.70256150 0.57112020 -0.02879562
v -0.71553020 0.57519160 -0.03157428
v -0.72729720 0.57688920 -0.03256629
v -0.74072740 0.57971430 -0.03486441
v -0.75541290 0.57927010 -0.03666283
v -0.76861290 0.57800330 -0.03738082
v -0.78331000 0.57472520 -0.03647279
v -0.79919000 0.57156910 -0.03558223
v -0.81485190 0.56863320 -0.03240769
v -0.83146520 0.56753730 -0.02948199
v -0.84193290 0.56651080 -0.01539921
v -0.84410510 0.56541740 0.00207631
v -0.84422650 0.56591720 0.02004924
v -0.84604310 0.56658590 0.03738790
v -0.84946440 0.56558230 0.05365677
v -0.85151940 0.56449280 0.07159782
v -0.85389760 0.56655160 0.09281363
v -0.85598920 0.57422710 0.11841530
v -0.85695800 0.58981690 0.15013320
v -0.85731190 0.60659400 0.17661380
v -0.85808510 0.63569300 0.15676900
v -0.85729850 0.66470840 0.13469170
v -0.85082060 0.67844380 0.13142950
v -0.84971870 0.69595790 0.12500780
v -0.84303340 0.71085180 0.12021680
v -0.83994540 0.76480720 0.11834320
v -0.84690590 0.79536710 0.12812150
v -0.85253970 0.81095890 0.12597480
v -0.86039480 0.84165190 0.12626420
v -0.86616060 0.85715420 0.12717110
v -0.87394050 0.89208490 0.12783020
v -0.87336220 0.91152540 0.12884800
v -0.87225840 0.93159480 0.12896500
v -0.86657930 0.97364610 0.12419050
v -0.85778030 1.04604900 0.11972700
v -0.85866010 1.06230100 0.11947040
v -0.85837370 1.08463300 0.11729020
v -0.85660830 1.10613900 0.11188440
v -0.85757720 1.11798700 0.12453740
v -0.85694370 1.13550500 0.11969290
v -0.85662430 1.15312700 0.11429830
v -0.85676220 1.16513700 0.12150300
v -0.84912220 1.18970400 0.11002050
v -0.84935490 1.20983100 0.10345050
v -0.83895190 1.23060600 0.09488006
v -0.82187130 1.23995800 0.09808491
v -0.79741110 1.29337200 0.09217404
v -0.79652530 1.29063600 0.07386163
v -0.79394510 1.29651200 0.05529494
v -0.78915670 1.31040900 0.03690934
v -0.77148650 1.32876300 0.02478054
v -0.75277030 1.34966500 0.01290593
v -0.75036110 1.37107700 -0.00661454
v -0.72093630 1.37889500 -0.01099537
v -0.69370280 1.38586000 -0.01524274
v -0.70276400 1.38251700 -0.02810996
v -0.69991680 1.37191900 -0.04481671
v -0.70325270 1.36433800 -0.05929302
v -0.72518780 1.36354500 -0.06596180
v -0.74169610 1.35886100 -0.06146948
v -0.75526370 1.34732700 -0.05360408
v -0.76777170 1.33514000 -0.04523507
v -0.76517540 1.31705200 -0.03643112
v -0.77460050 1.29675900 -0.03225459
v -0.78275350 1.27263800 -0.03263527
v -0.78713980 1.24732600 -0.03514187
v -0.78846090 1.22507700 -0.04098918
v -0.78223420 1.20378800 -0.04833588
v -0.76914350 1.18747700 -0.06104312
v -0.71313910 0.60512750 -0.04169889
v -0.85699790 0.66723550 0.03306518
v -0.86286370 0.61819820 0.08335287
v -0.86331330 0.60209460 0.11825770
v -0.85825040 0.62310430 0.17131350
v -0.80700980 1.25853500 0.05654187
v -0.79588810 1.27963700 0.05729756
v -0.71896030 1.38028700 -0.03650218
v -0.71288650 0.58451790 -0.03765757
v -0.74326270 0.60798160 -0.03813118
v -0.80217630 0.65504490 -0.04237381
v -0.71624440 1.36868700 -0.05021765
v -0.85921020 0.58131500 0.08183161
v -0.86068700 0.58900540 0.12733220
v -0.73311950 1.37794100 -0.02080433
v -0.77899480 1.31247500 0.02273717
v -0.74758450 0.59446310 -0.03867919
v -0.74148520 1.35325300 -0.00857472
v -0.83989300 0.61140160 -0.01108604
v -0.85934110 0.58115520 0.10481410
v -0.76238800 0.59382990 -0.04065049
v -0.74442350 1.35153400 -0.04232346
v -0.85344400 0.58581760 0.04638592
v -0.84456540 0.58141470 0.01146408
v -0.85409360 0.57398220 0.06310716
v -0.79245540 0.58577850 -0.03867838
v -0.75801870 1.34311200 -0.03948870
v -0.74895590 1.34451500 -0.02570182
v -0.83157110 0.58085200 -0.02869115
v -0.81161550 0.58908750 -0.03707972
v -0.77015340 1.33250400 -0.02948008
v -0.86027180 0.59182110 0.06334668
v -0.84074950 0.58487330 -0.01256096
v -0.84316130 0.59708130 -0.00137314
v -0.82110050 0.98255770 0.01739652
v -0.82782450 1.10251600 0.00984598
v -0.81076060 1.15710800 -0.04152085
v -0.70063440 0.62512020 -0.04861035
v -0.69722540 0.59565520 -0.04625939
v -0.75275440 0.71817180 -0.05127261
v -0.85743680 0.64206910 0.12023580
v -0.85793690 0.62521020 0.13039210
v -0.85789740 0.61083630 0.14343810
v -0.81251290 1.24499100 0.08015082
v -0.81417740 1.22428300 0.01490712
v -0.69895420 0.58437240 -0.03713148
v -0.79381870 1.28948100 0.03735354
v -0.79632740 1.26878800 0.04538500
v -0.79131430 1.29451100 0.02021556
v -0.79083420 1.26862500 0.00221859
v -0.80757070 1.25069100 0.03989542
v -0.79024240 1.27284500 0.02537722
v -0.78288520 1.28338700 0.00394771
v -0.72495670 0.60001690 -0.03614118
v -0.77603970 0.59559750 -0.04177913
v -0.86386820 0.60159420 0.08173439
v -0.86204430 0.61310620 0.06402445
v -0.73218840 1.36209600 -0.02790513
v -0.84665670 0.58436830 0.02743869
v -0.85126670 0.88085720 0.06119096
v -0.78661890 0.89970170 -0.02648150
v -0.84944310 0.98427320 0.05564043
v -0.84642190 1.13070500 0.05978185
v -0.78398750 1.18728900 -0.04980852
v -0.78096890 1.15712800 -0.05654863
v -0.70477140 0.65832280 -0.04629091
v -0.68991380 0.62336380 -0.04983499
v -0.69295180 0.60993250 -0.05035935
v -0.70287410 0.60997690 -0.04811838
v -0.70636800 0.59615730 -0.04358772
v -0.72012610 0.72160840 -0.05203876
v -0.84282200 0.70458850 0.10017840
v -0.86203770 0.64867970 0.14344350
v -0.83406940 1.21561600 0.05517528
v -0.82835940 1.22630900 0.08389351
v -0.78362930 1.28407800 -0.01724413
v -0.79927320 1.24826400 -0.00011409
v -0.76089860 0.60930670 -0.04335210
v -0.79386570 0.60204520 -0.04248322
v -0.77696950 0.61632820 -0.04671870
v -0.86377860 0.61595010 0.10517650
v -0.86176080 0.62972860 0.09932581
v -0.86116090 0.65174260 0.07563360
v -0.86219760 0.63219530 0.06898655
v -0.86399840 0.59544270 0.09793877
v -0.85881830 0.63583480 0.03815391
v -0.85566430 0.61736570 0.03557959
v -0.86122580 0.62750320 0.05168802
v -0.86080300 0.64932680 0.05514587
v -0.73959160 0.84848510 -0.05404381
v -0.76800020 0.97546830 -0.03041453
v -0.76627460 1.17572000 -0.06314050
v -0.76535110 1.15466500 -0.06321806
v -0.78147630 1.14013600 -0.05384487
v -0.69222440 0.63793930 -0.04857483
v -0.70021750 0.64167310 -0.04651228
v -0.69836810 0.65740670 -0.04706326
v -0.84942050 0.74916780 0.10004030
v -0.85578930 0.78182980 0.09462786
v -0.85087500 0.67599130 0.10500200
v -0.84762670 0.69055680 0.10820470
v -0.80248270 1.27690700 0.08420879
v -0.80713030 1.26375200 0.07448599
v -0.81734600 1.23122800 0.04891315
v -0.85476430 1.19679000 0.07723076
v -0.84610930 1.21438200 0.08375992
v -0.79551850 1.21891400 -0.03560540
v -0.79738270 1.23808900 -0.02320937
v -0.79025660 1.26076600 -0.02002282
v -0.80562810 1.23044600 -0.00572710
v -0.81822680 1.19934700 -0.02357107
v -0.81531480 1.21256700 -0.00647237
v -0.80645100 1.21751400 -0.02521414
v -0.79297190 0.61950870 -0.04575606
v -0.80993240 0.60894590 -0.03953056
v -0.82437770 0.60799550 -0.03201829
v -0.85801050 0.65495490 0.10552370
v -0.85615250 0.66291510 0.08645073
v -0.84877030 0.68124050 0.08928704
v -0.84562880 0.69658920 0.08225645
v -0.84554010 0.72940670 0.09931187
v -0.86327240 0.85966090 0.10452440
v -0.87065610 0.87272440 0.12257440
v -0.86250650 0.87980970 0.10562080
v -0.85047640 0.86047100 0.08591026
v -0.71593260 0.81072810 -0.05450691
v -0.85904300 0.98752850 0.10951490
v -0.86059410 0.96772470 0.10215210
v -0.77161160 1.01106600 -0.03283092
v -0.77140360 1.04727000 -0.03880497
v -0.75510100 0.96188340 -0.03408815
v -0.76691440 0.99426830 -0.03059273
v -0.74445350 0.94927250 -0.04360115
v -0.85545700 1.12570900 0.09847763
v -0.77617740 1.10208700 -0.04274807
v -0.77234860 1.08428700 -0.03920038
v -0.78854860 1.16868700 -0.04996166
v -0.76472420 1.13266300 -0.05721672
v -0.79888400 1.14828200 -0.04778907
v -0.70213490 0.67241960 -0.04979113
v -0.72811310 0.61462180 -0.03732239
v -0.69139600 0.70241900 -0.04909801
v -0.70239530 0.72789890 -0.04975942
v -0.84198410 0.75026440 0.11627230
v -0.84347080 0.78100700 0.11408010
v -0.85794610 0.81598940 0.10904870
v -0.86344000 0.83225760 0.10678160
v -0.85612250 0.84312690 0.08117654
v -0.83929750 0.73031020 0.11465730
v -0.81215030 1.24101000 0.05573777
v -0.82398170 1.22859000 0.06808004
v -0.82411090 1.21711900 0.03484319
v -0.80572450 1.24061100 0.01550628
v -0.81230730 1.23872300 0.03291782
v -0.83370080 1.21535500 0.07384233
v -0.85324000 1.19574700 0.09302631
v -0.84317350 1.20290500 0.06437027
v -0.76036260 0.61948210 -0.04456470
v -0.80687620 0.63134780 -0.03945008
v -0.84781950 0.69535070 0.06426135
v -0.85278600 0.71623630 0.06141325
v -0.85399870 0.73307400 0.07999709
v -0.85002850 0.74245090 0.06371516
v -0.85398410 0.68413650 0.04808760
v -0.85165450 0.67974980 0.06943091
v -0.87076100 0.90122830 0.10969720
v -0.86901610 0.91775320 0.11156880
v -0.86257750 0.93178940 0.10323470
v -0.86499980 0.84672120 0.11155530
v -0.85770660 0.84629010 0.09784136
v -0.71786300 0.84583670 -0.05568995
v -0.69789190 0.80239340 -0.05282943
v -0.70807900 0.79088110 -0.05461662
v -0.85925040 1.01031600 0.11966320
v -0.85545050 1.03182400 0.10600320
v -0.85312970 1.00080600 0.07371115
v -0.85683940 1.05086900 0.09772003
v -0.75274820 1.05157000 -0.03981342
v -0.76148060 1.06926000 -0.04558958
v -0.78525340 0.98460910 -0.02825132
v -0.74222990 0.90795810 -0.05179243
v -0.85490600 1.14390100 0.09895221
v -0.85222700 1.15887300 0.09475052
v -0.85048710 1.13691800 0.07649013
v -0.85021800 1.11971700 0.07546284
v -0.78824340 1.09146900 -0.02835720
v -0.78209380 1.06901200 -0.03335399
v -0.78181520 1.12331300 -0.04796312
v -0.79783340 1.13315700 -0.03956915
v -0.71241580 0.63241990 -0.04337855
v -0.72947670 0.65816500 -0.04206854
v -0.71413760 0.64922380 -0.04411201
v -0.71326210 0.69777670 -0.05061011
v -0.70981060 0.67906080 -0.04988760
v -0.73140190 0.68865040 -0.04632085
v -0.72091350 0.66808360 -0.04608433
v -0.71348960 0.73450000 -0.05191167
v -0.69730560 0.76503410 -0.05127482
v -0.84735850 0.76475070 0.10055850
v -0.85083170 0.77882640 0.07039687
v -0.85672270 0.75835260 0.08177115
v -0.85732950 0.78909680 0.08424652
v -0.85075850 0.79951150 0.10650100
v -0.85674340 0.82595240 0.12392320
v -0.86038050 0.81214880 0.07169457
v -0.84212960 1.18767700 0.01937660
v -0.83208680 1.19682400 -0.00234864
v -0.79931310 1.25479800 0.02179329
v -0.84921290 1.17650900 0.09500187
v -0.85467670 1.19111900 0.05838437
v -0.84338410 1.20180000 0.03984593
v -0.85546680 1.17995200 0.03860171
v -0.83030800 1.20828300 0.01556118
v -0.77655830 0.62500970 -0.04891849
v -0.79225930 0.63553120 -0.04679214
v -0.82167960 0.62614740 -0.03251257
v -0.83185050 0.68296600 -0.01250069
v -0.85431770 0.66652230 0.05265110
v -0.85895440 0.93242730 0.08057990
v -0.85897770 0.89687460 0.07257742
v -0.85703520 0.91309830 0.06789844
v -0.73434810 0.88538230 -0.05388584
v -0.73965120 0.86420750 -0.05305825
v -0.75507890 0.89712580 -0.04390063
v -0.76838920 0.88874470 -0.03351190
v -0.75173990 0.87566490 -0.04686318
v -0.75987560 0.85858100 -0.04507485
v -0.75702310 0.83696910 -0.05011692
v -0.71396250 0.77693200 -0.05458670
v -0.72660920 0.79744410 -0.05450944
v -0.73511210 0.81413680 -0.05361359
v -0.85346430 1.00901100 0.09721513
v -0.85545850 1.02903400 0.08750337
v -0.85293550 1.04255600 0.07490800
v -0.85055940 1.02786400 0.06312731
v -0.84854420 1.05030100 0.06498640
v -0.87060480 0.95606200 0.13305270
v -0.85744640 1.07253600 0.10145290
v -0.85589930 1.09173000 0.09963200
v -0.84883510 1.07294700 0.06808317
v -0.78689270 1.04656000 -0.02944517
v -0.84931450 1.16425700 0.07748686
v -0.85170240 1.15013800 0.08090576
v -0.85333460 1.13802900 0.04444164
v -0.84018650 1.10470700 0.04671597
v -0.85436160 1.10551400 0.08919659
v -0.79518590 1.07415900 -0.02151048
v -0.81528480 1.10143200 -0.00589718
v -0.81575440 1.13915300 -0.03539968
v -0.71042700 0.61997390 -0.04358613
v -0.72701920 0.64141920 -0.03999354
v -0.74705290 0.62305310 -0.03995620
v -0.76231380 0.63229530 -0.04549697
v -0.71037900 0.70721360 -0.04849067
v -0.70211760 0.68858400 -0.04916700
v -0.73311000 0.70833370 -0.05000144
v -0.70565270 0.75468440 -0.05323325
v -0.85359280 0.76394060 0.05934011
v -0.86165630 0.82666110 0.08848504
v -0.85619640 1.18087100 0.07636644
v -0.83302030 0.62220480 -0.02027293
v -0.84134950 0.65043580 -0.00051573
v -0.84801730 0.72644030 0.04661009
v -0.86003460 0.95225470 0.09314541
v -0.86128380 0.91083180 0.09061603
v -0.82557420 0.90608060 0.02832931
v -0.84923150 0.89745360 0.05407820
v -0.76695320 0.87419180 -0.03588836
v -0.77214960 0.90917230 -0.03042816
v -0.77436400 0.84260760 -0.03891437
v -0.73364950 0.83240870 -0.05426869
v -0.71781690 0.82670880 -0.05526303
v -0.85322840 1.08504600 0.08232702
v -0.85398280 1.06276300 0.08381743
v -0.84879620 1.14984900 0.06371288
v -0.85648640 1.14990700 0.04866437
v -0.84456400 1.11354400 0.06064350
v -0.84916060 1.09860800 0.06567301
v -0.84323760 1.06122800 0.05467827
v -0.83903240 1.04638700 0.04088824
v -0.84258920 1.03481300 0.04853766
v -0.83817750 1.01603300 0.04707241
v -0.84858560 1.00167200 0.05610121
v -0.83378660 0.99509640 0.04272483
v -0.82824710 0.97416540 0.03597650
v -0.84981780 0.96399340 0.05517232
v -0.83262580 1.02969900 0.03104996
v -0.83804690 0.97319090 0.04423670
v -0.83688750 0.95437610 0.04387370
v -0.82289590 1.01413900 0.01632702
v -0.84820800 0.94358380 0.05103625
v -0.85142000 0.94789100 0.06992881
v -0.82874010 0.92352240 0.03452407
v -0.84495610 0.91797770 0.04695197
v -0.85237070 0.93048640 0.05850572
v -0.81177000 1.06505700 -0.00472749
v -0.82096340 1.04624000 0.00901210
v -0.82365690 1.06343400 0.01655527
v -0.80490680 1.08808000 -0.01262245
v -0.83114010 1.08476100 0.02414837
v -0.83696710 1.09746100 0.03134008
v -0.83904010 1.08349900 0.04880692
v -0.81649280 1.11685700 -0.01838188
v -0.84158330 1.16531900 -0.00918868
v -0.81015860 1.12368000 -0.03068826
v -0.74395300 0.63492040 -0.04014306
v -0.85796070 1.16749600 0.05906855
v -0.84965770 0.62821150 0.02327805
v -0.84538130 0.61335740 0.01449589
v -0.81803570 0.65282030 -0.03282856
v -0.83271430 0.63998160 -0.01786191
v -0.85164410 0.67861300 0.01855698
v -0.85849280 0.87848110 0.08134968
v -0.77539930 0.95321220 -0.02849441
v -0.74985980 0.80138660 -0.05134725
v -0.73864780 0.76826710 -0.05423730
v -0.74864620 0.75009030 -0.05346642
v -0.74019610 0.72870070 -0.05284907
v -0.75057870 0.78742280 -0.05161906
v -0.73360440 0.78467400 -0.05424977
v -0.72089600 0.76421290 -0.05512630
v -0.79773070 0.81524410 -0.02026571
v -0.75163770 0.82062300 -0.05071119
v -0.76929650 0.81828700 -0.04610044
v -0.77822780 0.83290320 -0.03905099
v -0.84703450 0.78622160 0.03585631
v -0.79552260 0.75996880 -0.03743567
v -0.78599780 0.81929310 -0.03713530
v -0.84762500 0.78420110 0.04933093
v -0.78653800 0.79670860 -0.04015492
v -0.77049970 0.77967630 -0.04666477
v -0.75546250 0.76741560 -0.05167793
v -0.80155580 0.79373040 -0.02184836
v -0.78801740 0.85075440 -0.02269796
v -0.76963200 0.80143070 -0.04647889
v -0.79111850 0.78155810 -0.03897953
v -0.85560940 0.79648090 0.06408360
v -0.79021050 0.99830020 -0.02717435
v -0.80299440 1.00709300 -0.01311038
v -0.82599990 0.94198850 0.03175670
v -0.82285910 1.03150800 0.01325124
v -0.82923940 1.04653900 0.02367516
v -0.84687900 1.12232200 0.04219025
v -0.84184760 1.12991600 0.00902555
v -0.84841770 1.13162700 0.02660050
v -0.85458080 1.14639200 0.02609603
v -0.83955460 1.11522400 0.02355574
v -0.83455530 1.12001300 0.00657879
v -0.83400310 1.06433700 0.03662660
v -0.80352260 1.10557500 -0.02268478
v -0.84257280 1.18004300 0.00085067
v -0.83123930 1.18239900 -0.01818581
v -0.85135410 1.16296600 0.01375155
v -0.81650190 1.18020800 -0.03264191
v -0.82628050 1.14698700 -0.02953221
v -0.84043900 1.14054200 -0.00468565
v -0.83098790 1.16689600 -0.02409617
v -0.83361110 1.12784900 -0.00692121
v -0.84779450 1.14033500 0.01162834
v -0.82701370 1.13429000 -0.02074879
v -0.84357430 0.63042930 0.00045742
v -0.82332860 0.66758730 -0.02581979
v -0.79998100 0.69300120 -0.03994463
v -0.80926880 0.67182580 -0.03721992
v -0.75433160 0.70330920 -0.04902624
v -0.85531050 0.68490830 0.03267774
v -0.84071160 0.67319970 -0.00009009
v -0.84967620 0.70230440 0.04230962
v -0.85129060 0.71428870 0.02924047
v -0.85316210 0.69637240 0.02193708
v -0.84446300 0.69228940 0.00572379
v -0.86590310 0.89314290 0.09199524
v -0.77932840 0.93075290 -0.02946332
v -0.79375390 0.94645430 -0.02425632
v -0.81137210 0.94865840 -0.00365644
v -0.80336960 0.93975820 -0.01543216
v -0.80117460 0.85610470 -0.00720019
v -0.84894840 0.76720840 0.04016780
v -0.83226270 0.77472170 0.01171490
v -0.76130050 0.73639810 -0.05134659
v -0.82244170 0.96185050 0.02714577
v -0.80801990 1.01749000 -0.00024571
v -0.80645980 1.04040400 -0.00312125
v -0.82418900 1.11401000 -0.00487934
v -0.85650870 1.16100700 0.03606400
v -0.85243940 1.17475900 0.02232066
v -0.80121810 1.19947600 -0.03750950
v -0.80341090 1.17683400 -0.04283191
v -0.82143400 1.16275600 -0.03403277
v -0.84637920 1.15219000 0.00283494
v -0.73988970 0.67231380 -0.04285016
v -0.84713160 0.64134540 0.01531815
v -0.83103530 0.65912700 -0.01730480
v -0.84789690 0.66080960 0.01365013
v -0.84777260 0.72625680 0.01500174
v -0.81603860 0.94446790 0.01314871
v -0.81845790 0.92267170 0.01347197
v -0.81175420 0.93005110 -0.00485825
v -0.80267070 0.91455020 -0.01547137
v -0.83615300 0.89368000 0.03822893
v -0.83881580 0.90921540 0.04017204
v -0.81295010 0.96578990 0.00659208
v -0.79144850 0.96870100 -0.02538487
v -0.79971120 0.88540960 -0.01469208
v -0.79517240 0.86865790 -0.01628967
v -0.78553080 0.88221980 -0.02543808
v -0.85389210 0.82763430 0.07050100
v -0.85268240 0.81626500 0.05509513
v -0.84106160 0.82041090 0.04407790
v -0.84076160 0.80066010 0.03186694
v -0.83451940 0.81473720 0.03414983
v -0.82970010 0.79886240 0.01910993
v -0.81373310 0.81023820 -0.01362661
v -0.82566470 0.80930520 -0.00068574
v -0.84925500 0.80447250 0.04357029
v -0.84613840 0.75007780 0.04195726
v -0.84301150 0.75872280 0.02228615
v -0.83133640 0.75682390 0.00014925
v -0.82532690 0.77528920 -0.00754491
v -0.84148770 0.74268840 0.00952650
v -0.84161660 0.78058290 0.02633913
v -0.76669030 0.75444320 -0.04948740
v -0.80317570 0.74156480 -0.03297982
v -0.78692930 0.73820780 -0.04328234
v -0.80831190 0.75488080 -0.02747684
v -0.81872600 0.79265010 -0.01343401
v -0.81738560 0.68792230 -0.02982719
v -0.81614710 0.70098500 -0.02937391
v -0.82792620 0.71384120 -0.01471523
v -0.75634340 0.68906900 -0.04505767
v -0.76346560 0.64497000 -0.04594078
v -0.83527190 0.70401910 -0.00729598
v -0.84629140 0.71186660 0.00933759
v -0.84518010 0.73645800 0.02872575
v -0.75958350 0.91697320 -0.03589381
v -0.76127870 0.93819940 -0.03237481
v -0.74863590 0.92681240 -0.04638065
v -0.83929100 0.87760590 0.04484866
v -0.82923150 0.87598610 0.03039960
v -0.84341320 0.86494970 0.05112429
v -0.84856340 0.86324780 0.06527821
v -0.80861020 0.87311780 -0.00471259
v -0.82071030 0.89894250 0.01169293
v -0.83713900 0.83514070 0.04490330
v -0.80811320 0.98099880 -0.00229675
v -0.80701280 0.96204840 -0.01084260
v -0.80003150 0.89887180 -0.01647856
v -0.81287590 0.90660170 -0.00435424
v -0.77937950 0.86382410 -0.02802787
v -0.81295950 0.82696620 -0.00899570
v -0.81436560 0.84518540 0.00020400
v -0.79748700 0.83846260 -0.01405244
v -0.82634240 0.81947860 0.01684872
v -0.83073690 0.83742460 0.03039706
v -0.83404180 0.85735160 0.03458512
v -0.82303460 0.84173100 0.01722068
v -0.82487560 0.85853090 0.01586026
v -0.82384210 0.82857200 0.00628536
v -0.83060540 0.73970610 -0.00899450
v -0.81781400 0.74264500 -0.02104402
v -0.83851740 0.72624650 -0.00035540
v -0.80747740 0.77400960 -0.02275792
v -0.76959840 0.71887410 -0.04946486
v -0.81785730 0.71438170 -0.02524278
v -0.80431880 0.70919670 -0.03689971
v -0.74728980 0.65366890 -0.04176908
v -0.77568310 0.63698890 -0.04858460
v -0.82569050 0.89075040 0.02658233
v -0.82256310 0.87814940 0.01133962
v -0.81432370 0.86184830 0.00469232
v -0.84780230 0.83495450 0.05999829
v -0.81272930 0.99752830 0.00658889
v -0.81274370 0.89020730 -0.00324891
v -0.82511770 0.72668830 -0.01589540
v -0.81967660 0.75765960 -0.01658434
v -0.81092680 0.72663480 -0.02850738
v -0.77371930 0.69890890 -0.04696840
v -0.78428200 0.71651200 -0.04735109
v -0.79632000 0.71991390 -0.04088038
v -0.75478090 0.67374490 -0.04409649
v -0.76629150 0.66205620 -0.04788280
v -0.78252490 0.65538450 -0.05032379
v -0.78371770 0.67906670 -0.05116444
v -0.78963460 0.69970360 -0.04922277
v -0.77058920 0.68170210 -0.04911345
v -0.85888850 0.60491980 0.04724846
v -0.75854150 1.33927800 0.00462705
v -0.75555280 1.33540200 -0.01219654
v -0.76629110 1.32380900 0.00493823
v -0.77453810 1.30466500 -0.01065457
v -0.78347730 1.30937300 0.00306853
v -0.77390490 1.32647100 -0.01166270
v -0.76895310 1.31689900 -0.02407815
v -0.85134720 0.98540850 0.08457522
v -0.79378360 1.01851700 -0.02540369
v -0.78475690 1.02971500 -0.03202480
v -0.85054670 0.96656590 0.07526112
v -0.82785630 0.79049680 -0.00016142
v -0.71622320 1.20807400 0.26554780
v -0.72937260 1.18493200 0.26850730
v -0.73238590 1.16561600 0.26396530
v -0.73379220 1.11240900 0.27447070
v -0.73299680 1.09428000 0.27998140
v -0.73385870 1.07503300 0.28523350
v -0.73321530 1.05541200 0.29053580
v -0.73496140 1.03406500 0.29455890
v -0.73185940 1.00105900 0.30480060
v -0.72207070 0.98495470 0.31355950
v -0.70953250 0.92448070 0.32687420
v -0.70859040 0.85006130 0.33568620
v -0.71091870 0.83301960 0.33675540
v -0.71430140 0.81407310 0.33761720
v -0.71879960 0.79545120 0.33661150
v -0.72381100 0.77983550 0.33468910
v -0.72060720 0.75774730 0.33432440
v -0.73380420 0.74515210 0.32677580
v -0.75089800 0.69339560 0.31796330
v -0.74948730 0.67323460 0.31888760
v -0.76024010 0.64971570 0.31029560
v -0.76752520 0.63230290 0.30643950
v -0.77425500 0.61855800 0.30217390
v -0.77459610 0.61624500 0.30263580
v -0.77387250 0.61424640 0.30228190
v -0.78941610 0.61173710 0.29911630
v -0.80252920 0.61547490 0.29822100
v -0.81740160 0.62173420 0.29851960
v -0.83246700 0.62822160 0.29808750
v -0.84727050 0.63494660 0.29848240
v -0.86179800 0.64282280 0.29874560
v -0.87629470 0.65070010 0.29479730
v -0.88041730 0.65394810 0.27881330
v -0.87111960 0.65516310 0.26637900
v -0.85764910 0.65667470 0.26058690
v -0.84512520 0.65919360 0.25791930
v -0.83211740 0.66096270 0.25756530
v -0.82030740 0.66148120 0.25224840
v -0.81921490 0.66081970 0.24555270
v -0.82006100 0.65932710 0.24308760
v -0.82516590 0.65222190 0.23173820
v -0.82555330 0.64492950 0.21851610
v -0.83707120 0.63430960 0.20819110
v -0.84728770 0.62172440 0.19404540
v -0.79457330 1.30208400 0.10990810
v -0.78943380 1.31669200 0.12119080
v -0.78127050 1.33478400 0.13435440
v -0.77187320 1.35999900 0.14236530
v -0.75522130 1.38301600 0.14630120
v -0.74261130 1.40553900 0.15083360
v -0.72397920 1.42498300 0.15020700
v -0.69559870 1.42965300 0.14849430
v -0.70984490 1.42990400 0.17846360
v -0.71089500 1.43195400 0.19899580
v -0.73489090 1.43099300 0.20692220
v -0.75309000 1.42403500 0.20859620
v -0.76331310 1.40773600 0.20879030
v -0.76937200 1.38721500 0.20805260
v -0.77467340 1.36494100 0.20891040
v -0.77946180 1.33896200 0.20987590
v -0.78180400 1.31031000 0.21458860
v -0.77817070 1.28428100 0.22132070
v -0.77059630 1.25775800 0.22957940
v -0.75833550 1.23859900 0.23949180
v -0.74173170 1.22307600 0.25092790
v -0.84683970 0.66178790 0.19586680
v -0.79960800 1.28557100 0.10357830
v -0.80175280 1.29885800 0.16767200
v -0.70895120 1.43058700 0.16182920
v -0.80111850 0.70549200 0.28909430
v -0.82618680 0.68528960 0.22420410
v -0.78520040 1.33429800 0.16230820
v -0.76593650 1.37514800 0.17087070
v -0.72540410 1.42557800 0.17335340
v -0.74840060 1.39862200 0.16357220
v -0.82075420 0.67347180 0.29349280
v -0.83597490 0.64909850 0.20449610
v -0.77791190 1.34517500 0.14898620
v -0.76361140 1.37082100 0.15311130
v -0.73365470 1.42883900 0.18997060
v -0.75553790 1.41277100 0.18924650
v -0.73381700 1.41984800 0.16125440
v -0.83417640 0.68980540 0.25336990
v -0.84517640 0.68049310 0.28473740
v -0.79530960 0.62353100 0.29640880
v -0.82514030 0.66944170 0.23423880
v -0.82079320 0.67635410 0.24473260
v -0.83824910 0.67410210 0.25630600
v -0.83633470 0.64509350 0.29194680
v -0.87680230 0.66910140 0.28498870
v -0.83019410 0.66445600 0.21233550
v -0.86191670 0.67438530 0.25968000
v -0.84891550 0.68340640 0.25561950
v -0.82615070 0.67351140 0.25296860
v -0.84783340 0.67088210 0.25708160
v -0.80950450 0.89628090 0.26796420
v -0.82407550 1.12477600 0.21272660
v -0.78419940 1.19129600 0.22873200
v -0.85200580 0.67329490 0.17858880
v -0.81674850 1.26657700 0.13075690
v -0.84025890 0.80393080 0.18601550
v -0.77900660 0.69971380 0.30238230
v -0.85575280 0.64340140 0.18310350
v -0.85388520 0.65334110 0.17217860
v -0.75702530 1.38631500 0.16573180
v -0.77374200 1.35665900 0.16505230
v -0.78493630 1.33957100 0.18337240
v -0.77724990 1.35945400 0.18758400
v -0.78005350 1.34607700 0.19885040
v -0.78533400 1.32526000 0.20089660
v -0.77206420 1.37670200 0.19176220
v -0.79179650 1.31427900 0.18832780
v -0.79043740 1.29215100 0.20410720
v -0.79384280 1.31380400 0.15529080
v -0.79348290 1.31928600 0.17282260
v -0.82274760 1.24080600 0.19119390
v -0.79777370 1.29405100 0.12000160
v -0.81144620 1.26377300 0.18916380
v -0.80117020 1.29114600 0.18621200
v -0.78348210 0.62853730 0.29847200
v -0.77851460 0.64110490 0.30302730
v -0.79428040 0.64258000 0.29377680
v -0.80196200 0.67497380 0.29030840
v -0.79663270 0.65960480 0.29194860
v -0.81217210 0.65880580 0.29387370
v -0.78828360 0.67627810 0.29599030
v -0.77374930 0.66258680 0.30555460
v -0.82257820 0.64005510 0.29278740
v -0.80777730 0.63986230 0.29287920
v -0.80989750 0.69052490 0.28887180
v -0.79227750 0.68826860 0.29336650
v -0.83694830 0.66570800 0.28834350
v -0.84964450 0.65775420 0.29102370
v -0.86344040 0.66592260 0.29308110
v -0.74349940 1.41302000 0.17403680
v -0.87414170 0.69034060 0.27341040
v -0.76052910 0.90456810 0.29229350
v -0.83404790 0.85751540 0.19509730
v -0.78031070 1.02148800 0.27166530
v -0.83525230 1.04954100 0.19678190
v -0.76839170 1.21645700 0.24309330
v -0.85926250 0.66315780 0.15953850
v -0.78508520 1.26586700 0.21668560
v -0.80037090 1.26656100 0.20315540
v -0.81006990 1.24332800 0.20604880
v -0.76536640 0.69792310 0.30867440
v -0.75830700 0.74552760 0.31002090
v -0.84756910 0.68318620 0.19428210
v -0.83358790 0.67905030 0.20820420
v -0.78810480 1.32318800 0.14393270
v -0.79666750 1.30251400 0.13935830
v -0.80574340 1.28313200 0.13470210
v -0.80260950 1.29560300 0.15225240
v -0.81358380 1.27429200 0.15101980
v -0.80451980 1.27514400 0.11746250
v -0.80650300 1.26238000 0.09733160
v -0.81678720 1.25470000 0.11316850
v -0.82643370 0.65758290 0.29344190
v -0.78417730 0.65851950 0.29906280
v -0.77732820 0.67853120 0.30373330
v -0.76462750 0.67717080 0.30861640
v -0.85447170 0.71488300 0.24902720
v -0.82766590 0.70906200 0.24785880
v -0.82808630 0.73633940 0.22553640
v -0.82708410 0.72668100 0.24211100
v -0.84390300 0.70050330 0.25185840
v -0.84299540 0.72014710 0.24831540
v -0.86323240 0.69441700 0.25730110
v -0.86791860 0.70788570 0.26202050
v -0.85430310 0.75042790 0.25572550
v -0.82655220 0.74470080 0.23583610
v -0.84015520 0.73801110 0.24374730
v -0.85062280 0.75432390 0.24139210
v -0.82403870 0.75965260 0.22202970
v -0.83073790 0.74833430 0.20843610
v -0.83097190 0.77162430 0.20864700
v -0.82285190 0.78130110 0.22174350
v -0.83894000 0.76505140 0.19591160
v -0.84690070 0.77620200 0.23624970
v -0.82944930 0.77208990 0.23018670
v -0.83448260 0.73275000 0.19939750
v -0.83226310 0.72900150 0.21697590
v -0.83275830 0.71976970 0.20347650
v -0.83097610 0.70601570 0.20794160
v -0.83837140 0.78112460 0.19524090
v -0.84266660 0.77049270 0.27588220
v -0.83022960 0.70876990 0.28935260
v -0.84962380 0.76812300 0.25594750
v -0.83245430 0.75849100 0.23666060
v -0.83061060 0.78990390 0.21002820
v -0.84219170 0.74789220 0.18985320
v -0.84494380 0.76117100 0.17975290
v -0.81692630 0.71036260 0.28808320
v -0.82723660 0.73243460 0.28683040
v -0.84050050 0.69761600 0.28742690
v -0.84690960 0.72720590 0.18103030
v -0.83021060 0.68703970 0.29144490
v -0.84424460 0.77267010 0.17198090
v -0.85058030 0.71993280 0.15721990
v -0.84859300 0.74194670 0.16804160
v -0.82366820 0.69078540 0.24505450
v -0.82681350 0.70100520 0.22340120
v -0.73518460 0.90521300 0.31971610
v -0.85523060 0.91048190 0.16133300
v -0.83525920 0.81951560 0.16178580
v -0.76967640 1.10501100 0.26056690
v -0.76752070 1.13679300 0.25800810
v -0.85903110 1.14638600 0.15306110
v -0.85941470 1.11388500 0.14795780
v -0.85994860 1.07996600 0.13977410
v -0.74575260 1.17677100 0.25335370
v -0.75451510 1.19078600 0.24723090
v -0.74242120 1.19378300 0.25973790
v -0.76348660 1.17362000 0.25230410
v -0.75501130 1.22360200 0.24311050
v -0.77723520 1.24306900 0.22810120
v -0.73883970 1.21200200 0.25578490
v -0.85662140 0.68215150 0.15053600
v -0.81990770 1.25925000 0.17260640
v -0.81241310 1.21247800 0.21560010
v -0.83492370 1.24065800 0.11459910
v -0.83412400 0.76518070 0.13566060
v -0.75394370 0.71470710 0.31513240
v -0.74724120 0.75468410 0.31730550
v -0.73757280 0.78881920 0.32662820
v -0.82906390 1.25042200 0.13242760
v -0.86398180 0.72492870 0.26031320
v -0.85511260 0.73440240 0.24665580
v -0.85207690 0.69449860 0.17966990
v -0.84471490 0.70375320 0.19499150
v -0.84494250 0.71510370 0.18911710
v -0.84011050 0.69282300 0.20301040
v -0.85483980 0.70310990 0.27980510
v -0.84535650 0.73284490 0.14908290
v -0.83521200 0.76547220 0.15341220
v -0.84308230 0.79087080 0.17727490
v -0.83401280 0.80235100 0.16677280
v -0.84666690 0.71218440 0.14045810
v -0.85257730 0.70078660 0.14419560
v -0.82329330 0.68903130 0.23592650
v -0.82749420 0.70280020 0.23434370
v -0.83129910 0.71631030 0.23275760
v -0.82865960 0.69394480 0.21347710
v -0.73214440 0.92276690 0.31915440
v -0.73099380 0.87857070 0.32643370
v -0.71380000 0.90889800 0.32856950
v -0.71652920 0.88994140 0.33053680
v -0.85229340 0.94418340 0.16930130
v -0.83505870 0.80176610 0.14470590
v -0.73529580 1.01614800 0.29885410
v -0.74707810 1.01856300 0.28127500
v -0.74377450 0.98685820 0.29592290
v -0.74489170 1.04051900 0.27855040
v -0.75714770 1.04779200 0.27059760
v -0.86077900 1.05087200 0.13869190
v -0.86983340 0.97507230 0.15404670
v -0.86898930 0.99725510 0.15546090
v -0.86594690 0.99131050 0.13252910
v -0.74000650 1.14375100 0.26396490
v -0.75107130 1.15727500 0.25663920
v -0.85644780 1.14853700 0.13165570
v -0.85876750 1.13012500 0.14534270
v -0.85232640 0.70395410 0.16581180
v -0.80980570 1.27931400 0.17264920
v -0.82433260 1.25443500 0.15295130
v -0.84203390 1.22228400 0.16941680
v -0.83256320 1.23543100 0.15420690
v -0.83882080 1.22790000 0.13106540
v -0.83092140 1.23949500 0.17516640
v -0.84318060 1.22165200 0.11000500
v -0.85043140 1.20593600 0.12605430
v -0.85162380 0.75544410 0.27124330
v -0.85440490 0.68375530 0.16717440
v -0.87012240 0.70232960 0.27732610
v -0.86574710 0.68843760 0.28542500
v -0.83577440 0.78486570 0.16347800
v -0.83228700 0.71366460 0.22054340
v -0.72308400 0.94370590 0.32094350
v -0.74280550 0.93759660 0.30657730
v -0.74806780 0.91812420 0.30258360
v -0.75527900 0.93302490 0.29044840
v -0.73961330 0.88935420 0.31988510
v -0.75366840 0.89015280 0.30332870
v -0.76704460 0.91990410 0.28458250
v -0.77061590 0.93734840 0.28165680
v -0.71624800 0.86748160 0.33354960
v -0.73720560 0.86406080 0.32521690
v -0.74948200 0.87617020 0.31440800
v -0.75315400 0.85902940 0.31187190
v -0.76184380 0.88938930 0.29373220
v -0.72772210 0.82791020 0.33289260
v -0.72509470 0.84687580 0.33271480
v -0.87108980 0.90267420 0.14413410
v -0.86730880 0.87807090 0.14374420
v -0.85309170 0.83944270 0.14219100
v -0.85015620 0.82647820 0.14292800
v -0.76180240 1.02778200 0.27131190
v -0.73623660 0.97401900 0.30627980
v -0.72283390 0.96562260 0.31742190
v -0.75473680 0.95201300 0.28736810
v -0.76916420 0.96333610 0.27714910
v -0.75133940 0.97058840 0.28764480
v -0.76164050 0.98301550 0.27629900
v -0.78342470 0.97257550 0.27762770
v -0.77658810 0.94991810 0.27782880
v -0.74758990 0.99824620 0.28575000
v -0.76474930 1.00517800 0.27277190
v -0.80732850 0.95509130 0.26797210
v -0.74603250 1.06301300 0.27383110
v -0.77425120 1.08539400 0.26213870
v -0.75066980 1.07972300 0.26920880
v -0.86980250 0.94934970 0.15280910
v -0.85471210 0.96609370 0.17002260
v -0.85599230 1.18466500 0.13072230
v -0.86074180 1.09563700 0.15342430
v -0.86142540 1.10481700 0.16676180
v -0.85894920 1.09778000 0.13238910
v -0.73733560 0.80670180 0.32720230
v -0.74607380 0.82526260 0.31984230
v -0.76080780 0.78473040 0.30462770
v -0.73726470 0.76743100 0.32555230
v -0.85949220 0.73777140 0.26513420
v -0.84412060 0.72172920 0.28549790
v -0.85790480 0.72964830 0.27795180
v -0.84854030 0.74048720 0.28134530
v -0.86336370 0.71715000 0.27834590
v -0.84027060 0.72720560 0.13478820
v -0.83666520 0.74943940 0.14394330
v -0.83620620 0.82206210 0.18636160
v -0.74897190 0.90054540 0.30649840
v -0.78323070 0.92590700 0.28239410
v -0.78648470 0.93823340 0.27938730
v -0.79296210 0.90398090 0.28119320
v -0.78209810 0.89479870 0.28566760
v -0.79301340 0.92207010 0.28034090
v -0.78232460 0.91005060 0.28478760
v -0.84870300 0.89593150 0.16817940
v -0.85962370 0.88747500 0.15631330
v -0.83450390 0.88483120 0.19368850
v -0.83900740 0.90566940 0.18394430
v -0.84044100 0.88859600 0.17921050
v -0.83980350 0.86800130 0.17797870
v -0.84408180 0.81144480 0.14547900
v -0.84506640 0.83055920 0.15959000
v -0.83736800 0.83848200 0.17526320
v -0.84017930 0.78178600 0.13370290
v -0.83342810 0.78569550 0.14941940
v -0.79976000 1.02009200 0.26115370
v -0.73974050 0.95847010 0.30568740
v -0.78050470 0.98881130 0.27524730
v -0.80469560 0.93360870 0.27059800
v -0.79456590 0.95077650 0.27773700
v -0.81921250 0.93330410 0.23007250
v -0.80656180 0.91240850 0.27002860
v -0.81261680 0.94215810 0.25412040
v -0.81575550 0.92652620 0.24677850
v -0.78666490 0.95834470 0.27903450
v -0.75074280 1.09511100 0.26788340
v -0.77029650 1.06536100 0.26660030
v -0.77516300 1.04056200 0.27008320
v -0.86125670 1.02724800 0.13214160
v -0.86766030 1.01545000 0.15837120
v -0.85264830 1.02045800 0.17802460
v -0.83870950 1.00896600 0.19039820
v -0.86644960 1.03580500 0.16061540
v -0.74954970 1.10982600 0.26707240
v -0.73728540 1.12631900 0.26922610
v -0.78295720 1.11634900 0.25272600
v -0.85802420 1.14749300 0.17604170
v -0.85973010 1.15862700 0.16642730
v -0.84920730 1.13614000 0.18812360
v -0.74901420 0.78840190 0.31554670
v -0.76045830 0.76268550 0.30693770
v -0.83417840 0.82028910 0.20145760
v -0.83374550 0.81213130 0.16309680
v -0.77030170 0.90011340 0.28535320
v -0.84805230 0.85803520 0.15795590
v -0.84672570 0.92484840 0.17268720
v -0.83572710 0.92523070 0.19293950
v -0.84656620 0.84210620 0.15786570
v -0.83356660 0.84090950 0.19612430
v -0.78962240 1.00519300 0.27145720
v -0.80407800 1.00118300 0.25841440
v -0.79746250 0.98628040 0.27233070
v -0.80050300 0.96837760 0.27286670
v -0.80878440 0.97888830 0.25605660
v -0.81200670 0.96491690 0.25126410
v -0.86050710 0.93143330 0.15952340
v -0.86478360 1.01023900 0.13910740
v -0.85223230 0.99920380 0.17630560
v -0.82123210 0.99051170 0.21574060
v -0.83670370 1.02957200 0.19390950
v -0.75823500 1.12320500 0.26270700
v -0.77368310 1.15145000 0.25363650
v -0.78120340 1.16555000 0.24723470
v -0.85974500 1.12010100 0.17103860
v -0.85384720 1.19633500 0.15147860
v -0.84097870 1.21740400 0.14893540
v -0.84898300 1.20920400 0.16383080
v -0.84298320 1.19101400 0.19492060
v -0.84543330 1.20439400 0.18381020
v -0.83491620 1.21926400 0.19053780
v -0.82134870 1.22388500 0.20662770
v -0.81856950 1.18112300 0.21920320
v -0.85161480 1.11003500 0.18514720
v -0.85903810 1.13286000 0.17210010
v -0.84497420 1.12397800 0.19342740
v -0.74878960 0.77260590 0.31531340
v -0.77223500 0.72258260 0.30488410
v -0.78495040 0.70999190 0.29860320
v -0.83264560 0.80848840 0.20663000
v -0.84904630 0.87544960 0.16412330
v -0.83999060 0.85637760 0.17619400
v -0.83875710 0.84830060 0.17723200
v -0.82232140 0.91700730 0.22329410
v -0.84041850 0.93949210 0.18272680
v -0.83351060 0.93978780 0.19815700
v -0.83999010 0.95490180 0.18383330
v -0.82530880 0.97439060 0.20926440
v -0.83904290 0.97764900 0.18640610
v -0.83182820 0.99408740 0.19630010
v -0.81000650 0.99650230 0.24695160
v -0.81496010 1.00082900 0.23192630
v -0.83580810 0.82892690 0.18266300
v -0.83007080 0.84781440 0.21374780
v -0.83177180 0.83713280 0.20588550
v -0.83034530 0.85577730 0.20898070
v -0.83077190 0.83324500 0.21055280
v -0.81274340 0.91555980 0.25589380
v -0.81526980 0.95077110 0.24175260
v -0.79116770 1.09890000 0.25081500
v -0.79295230 1.07836900 0.25589060
v -0.80129600 1.06239700 0.25094830
v -0.78715390 1.05843400 0.26350820
v -0.81487210 1.04704400 0.22825260
v -0.80911450 1.08094200 0.23624440
v -0.80826440 1.04961500 0.24321920
v -0.80239420 1.09411200 0.23966780
v -0.81938400 1.05833600 0.21124090
v -0.81810790 1.07972700 0.21282360
v -0.81242780 1.06852600 0.23249280
v -0.81023520 1.09462300 0.22611360
v -0.82755000 1.09737200 0.20735960
v -0.80470340 1.03246500 0.25238300
v -0.79576740 1.04421100 0.26009630
v -0.85131320 1.04570800 0.18180860
v -0.78238980 1.17674500 0.23494980
v -0.85342660 1.19016000 0.17655380
v -0.85882290 1.17441100 0.16480980
v -0.85435640 1.16502800 0.18345460
v -0.83523010 1.10980800 0.20225900
v -0.77424210 0.74542250 0.30329620
v -0.76564300 0.71299710 0.30843490
v -0.76032310 0.72754100 0.31088280
v -0.79779650 0.72411200 0.28946560
v -0.78334060 0.73123560 0.29827480
v -0.83359820 0.79672300 0.14762040
v -0.80465290 0.87609820 0.27812980
v -0.79767810 0.88903990 0.27948960
v -0.78665320 0.88307160 0.28514420
v -0.77064330 0.88250770 0.28691400
v -0.83413690 0.86879840 0.19500940
v -0.82924540 0.88331800 0.21278680
v -0.81413910 0.97954590 0.23537050
v -0.82290600 1.01220500 0.20801260
v -0.78876830 1.03170900 0.26662020
v -0.82205850 0.94659520 0.21996990
v -0.81953900 1.03731700 0.21163070
v -0.81463630 1.10712300 0.21970120
v -0.80140840 1.10899600 0.23691610
v -0.80530800 1.12462600 0.22922120
v -0.79126650 1.13041000 0.24305810
v -0.80619880 1.15068200 0.22310390
v -0.79264370 1.14561500 0.23715650
v -0.80819100 1.13645600 0.22420030
v -0.80880260 1.01661500 0.24704600
v -0.77252550 1.19885700 0.24594850
v -0.80158510 1.17906000 0.22376680
v -0.82700980 1.15297900 0.21399900
v -0.84349370 1.16562700 0.19926370
v -0.84511710 1.14961000 0.19667280
v -0.83231230 1.17385100 0.21127990
v -0.82283510 1.14381700 0.21575780
v -0.83641080 1.13671200 0.20304910
v -0.81428170 1.16393900 0.22180360
v -0.77802630 0.76963120 0.29943920
v -0.78067500 0.78483090 0.29709000
v -0.78502410 0.75598170 0.29739040
v -0.81767660 0.96363170 0.22782670
v -0.85446840 1.07926700 0.18075480
v -0.84596320 1.06516500 0.18878560
v -0.83721100 1.08374800 0.19823400
v -0.85000280 1.09660000 0.18708970
v -0.86284530 1.08422600 0.16514170
v -0.83254140 1.06681400 0.20050110
v -0.79391320 1.16174400 0.22806270
v -0.77576190 1.18481700 0.24772810
v -0.77791210 1.20644300 0.23198500
v -0.78119660 1.22345000 0.22658380
v -0.79986580 1.22668900 0.21597850
v -0.79423580 1.20809300 0.22160260
v -0.80949400 1.19728600 0.22076170
v -0.79288850 1.24313000 0.21572740
v -0.81499070 0.80448690 0.28027770
v -0.81708000 0.74852190 0.28515500
v -0.81426430 1.02706000 0.23176300
v -0.79486830 0.79363760 0.28684790
v -0.79715620 0.74555570 0.28804610
v -0.83640390 0.78819150 0.27468640
v -0.84139950 0.78200270 0.25550480
v -0.83789210 0.79273290 0.22801060
v -0.83010820 0.81086540 0.23372900
v -0.82266880 0.80318570 0.22128640
v -0.76579440 1.39629800 0.19429050
v -0.75914380 1.39507300 0.17937760
v -0.74058700 0.84440820 0.32409530
v -0.76167490 0.87341750 0.30114080
v -0.85644690 0.98228370 0.17023950
v -0.76796310 0.79680380 0.29945980
v -0.75181010 0.80270280 0.31222200
v -0.83470620 0.84791810 0.19204820
v -0.81949940 0.90961480 0.23782280
v -0.82485230 0.90231740 0.21951840
v -0.82273730 0.89490710 0.23062670
v -0.82204560 0.88520480 0.23709140
v -0.82765210 0.87335680 0.21950240
v -0.82859440 0.86636440 0.21592170
v -0.83054110 0.91186280 0.20527780
v -0.83166840 0.89663460 0.20263320
v -0.81804910 0.87440510 0.24187980
v -0.82638050 0.86873360 0.22825240
v -0.81318090 0.87636250 0.26794560
v -0.81584720 0.89882200 0.25098530
v -0.82797990 0.92686100 0.21095750
v -0.81588780 0.88472450 0.25340510
v -0.86127640 1.06716400 0.14745150
v -0.86362200 1.06124500 0.16747860
v -0.82563760 0.77156690 0.28275700
v -0.80692110 0.76486130 0.28430250
v -0.82434460 0.79244980 0.27944390
v -0.81705480 0.84718170 0.26768850
v -0.79822490 0.81507000 0.28536850
v -0.80696660 0.83446230 0.27859200
v -0.79738070 0.82651520 0.28538220
v -0.81465430 0.81774760 0.27613390
v -0.83408330 0.82549860 0.24005100
v -0.84088270 0.80975600 0.24620530
v -0.82959430 0.84038610 0.25160510
v -0.82717360 0.83857950 0.23233960
v -0.82144940 0.82845630 0.26785170
v -0.83355240 0.82205450 0.25665590
v -0.83900420 0.79972010 0.25926990
v -0.82515770 0.82400300 0.22211940
v -0.82386640 0.85630910 0.25434140
v -0.82984460 0.84928670 0.24036130
v -0.83052930 0.84445410 0.22329490
v -0.82548380 0.86474300 0.24485840
v -0.82819140 0.85757740 0.22687830
v -0.82165630 0.87239190 0.25332600
v -0.81844150 0.86389270 0.26326750
v -0.81176290 0.86715020 0.27213500
v -0.82919790 0.80784910 0.27148320
v -0.80130020 0.86279460 0.28282400
v -0.80863210 0.85168930 0.27669540
v -0.77000890 0.82715440 0.29376450
v -0.76799970 0.84143970 0.29329300
v -0.75923580 0.83161980 0.30370030
v -0.75543930 0.84202200 0.30966300
v -0.78387570 0.83973870 0.29199760
v -0.78376490 0.82512140 0.29253320
v -0.77632430 0.85206440 0.28885220
v -0.77388910 0.86738790 0.28701890
v -0.79803840 0.84533420 0.28516020
v -0.78638230 0.87236480 0.28742320
v -0.78936520 0.85744190 0.28954910
v -0.78361810 0.80500330 0.29300020
v -0.77328830 0.81325930 0.29456380
v -0.75945080 0.81667480 0.30418910
v -0.76106190 0.60998790 0.30765260
v -0.74969900 0.61028880 0.31235180
v -0.73615400 0.60946520 0.31739600
v -0.72254910 0.60863240 0.32321640
v -0.70864930 0.60769840 0.32603320
v -0.69478890 0.60423580 0.32929060
v -0.68075710 0.59828460 0.33145170
v -0.66890250 0.58888430 0.33171320
v -0.65579670 0.57907310 0.33104380
v -0.64247760 0.57039390 0.32926540
v -0.62885240 0.56287760 0.32728490
v -0.61341790 0.55648380 0.32285290
v -0.60153910 0.54995790 0.31795010
v -0.58909250 0.54495760 0.31198040
v -0.57640130 0.54144240 0.30231560
v -0.57063090 0.54153470 0.28511900
v -0.57468010 0.54321810 0.26363140
v -0.57756350 0.54733050 0.23866780
v -0.57711410 0.55108590 0.20936120
v -0.57835800 0.55343140 0.17940110
v -0.57953690 0.58418960 0.19279090
v -0.58246210 0.61416660 0.20067310
v -0.57907370 0.66520380 0.19133310
v -0.57861620 0.68742640 0.18589100
v -0.57791710 0.72565940 0.17537410
v -0.58133140 0.74816150 0.17394310
v -0.58355250 0.77101460 0.17047640
v -0.58588240 0.79340370 0.16631220
v -0.58882920 0.81676400 0.16428320
v -0.58846500 0.86524610 0.15865510
v -0.59112470 0.91473740 0.15464180
v -0.59660810 0.96509780 0.15200120
v -0.59906580 0.98702100 0.14471310
v -0.60192450 1.00202700 0.13646780
v -0.60468280 1.01981800 0.13340630
v -0.60725160 1.03862500 0.13447890
v -0.61849590 1.09075100 0.11140190
v -0.62005460 1.11400500 0.11342370
v -0.62062080 1.13250400 0.11157630
v -0.61571460 1.19630200 0.10169640
v -0.61462950 1.21500100 0.09558671
v -0.61495250 1.25421100 0.08380956
v -0.62969110 1.30310600 0.07409473
v -0.63238780 1.32713600 0.07247561
v -0.63577130 1.34159100 0.08654649
v -0.63958820 1.35557700 0.10104250
v -0.64439160 1.37232000 0.11405010
v -0.65470440 1.39179700 0.12724840
v -0.67390090 1.41425700 0.13963460
v -0.68507750 1.42191400 0.20504590
v -0.66990520 1.40174000 0.20925510
v -0.66141400 1.37792200 0.21219800
v -0.65853970 1.35220200 0.21336370
v -0.65715420 1.32894900 0.21697270
v -0.65643590 1.30584100 0.22184950
v -0.65844360 1.28347300 0.23053730
v -0.66013540 1.26078500 0.24183490
v -0.66301490 1.24373100 0.25808150
v -0.67471600 1.22873500 0.27476620
v -0.68577700 1.21125600 0.27962860
v -0.63634920 1.17689200 0.22550290
v -0.62990390 1.31034800 0.15104060
v -0.68305520 1.21137700 0.26820370
v -0.65167870 1.23833800 0.22707660
v -0.64071220 1.32185800 0.18757860
v -0.67614260 1.41456800 0.17530430
v -0.66308830 1.39633100 0.18384500
v -0.65122540 1.38514100 0.14495830
v -0.64746100 1.27025700 0.21806190
v -0.64686110 1.31300100 0.20319930
v -0.69243460 1.42546300 0.17201840
v -0.68923870 1.42422000 0.18796200
v -0.67620900 1.41569400 0.15665360
v -0.66366170 1.38863100 0.19936880
v -0.65535170 1.36114000 0.19872420
v -0.66308350 1.40215300 0.14508640
v -0.66493270 1.23274600 0.26675980
v -0.64585530 1.28944000 0.21086990
v -0.67423710 1.40988400 0.19317230
v -0.69059950 1.42538100 0.15603410
v -0.65453170 1.37526800 0.18275730
v -0.64966930 1.33659200 0.19909280
v -0.63914530 1.33880900 0.17264080
v -0.64647980 1.34923000 0.18501600
v -0.66003660 1.21981600 0.25172220
v -0.64052380 1.25221000 0.21467470
v -0.64659490 1.36712800 0.16748280
v -0.63367810 1.31560700 0.16932910
v -0.63490320 1.29833000 0.18619790
v -0.62520960 1.21550200 0.17501840
v -0.63574840 1.34403500 0.13887580
v -0.62618400 1.22145900 0.20394090
v -0.63062770 1.28069900 0.17932680
v -0.62786740 1.24785400 0.19782730
v -0.63627320 1.28085100 0.20069200
v -0.63557490 1.23669800 0.21300800
v -0.64286790 1.36983000 0.13306180
v -0.62239830 1.25320900 0.16236860
v -0.63550200 1.34593600 0.11683950
v -0.62771340 1.29502600 0.15971780
v -0.62853470 1.26176700 0.18133890
v -0.62378130 1.27237100 0.15907430
v -0.62144510 1.25907900 0.14525110
v -0.76128110 0.62104290 0.31229490
v -0.74634870 0.62430890 0.31685700
v -0.63253840 0.68667800 0.33795360
v -0.57907530 0.86365880 0.27914110
v -0.57806990 0.59429070 0.26044340
v -0.57758470 0.57442140 0.21261290
v -0.58132060 0.56511630 0.19043370
v -0.57712450 0.56013690 0.22328160
v -0.71881020 1.20053200 0.25734980
v -0.63224940 1.32324100 0.09021960
v -0.66019720 1.39635300 0.16486110
v -0.66155950 1.21641200 0.27011790
v -0.67241990 1.19948600 0.27780900
v -0.63868610 1.22144600 0.21908650
v -0.65710160 1.20316300 0.24552560
v -0.65155550 1.21861700 0.23127090
v -0.65817990 1.19582000 0.26412890
v -0.65398200 1.18089800 0.24529950
v -0.66742500 1.17810300 0.27477330
v -0.68332010 1.17950900 0.28342210
v -0.65637420 1.17539900 0.26200650
v -0.65947220 1.16220900 0.26646980
v -0.61897250 1.24064200 0.12944340
v -0.61967060 1.23954500 0.14756390
v -0.61930520 1.25096000 0.10730380
v -0.62113940 1.22781700 0.15900870
v -0.62016160 1.20827300 0.15217510
v -0.61789260 1.22062000 0.13427850
v -0.62662950 1.23786100 0.17948720
v -0.62307140 1.20499100 0.19733080
v -0.61582110 1.20678100 0.11787720
v -0.61859630 1.20277500 0.13640750
v -0.61761590 1.19151800 0.12489130
v -0.63203710 1.32870400 0.11968430
v -0.63375620 1.33127600 0.15288320
v -0.62746760 1.29963700 0.13437010
v -0.73547750 0.62295080 0.32077090
v -0.69149140 0.67274060 0.33944260
v -0.73025810 0.64170280 0.32510880
v -0.66565600 0.74699210 0.33667420
v -0.57505140 0.84549480 0.20927590
v -0.62747080 0.94136450 0.29260800
v -0.62826750 0.86113030 0.31219900
v -0.59823640 0.98474710 0.19947480
v -0.66582830 1.04328300 0.28076840
v -0.57825110 0.60417850 0.22170480
v -0.58151470 0.58665690 0.21739130
v -0.71512080 1.17193600 0.27701920
v -0.68298020 1.14166900 0.28011950
v -0.66125830 1.14893600 0.26852710
v -0.70907960 1.18745000 0.27069180
v -0.69515230 1.16196900 0.28197680
v -0.70000900 1.18033400 0.27903440
v -0.62084480 1.28660300 0.09067644
v -0.64578000 1.18954700 0.23226240
v -0.64596790 1.20366100 0.22848810
v -0.64975150 1.16668300 0.24255590
v -0.61609020 1.23798500 0.09140259
v -0.61684690 1.22825900 0.11272470
v -0.61684400 1.26701200 0.09749598
v -0.62486470 1.27921500 0.13901090
v -0.62195880 1.27622200 0.11448570
v -0.62804940 1.31120200 0.11285010
v -0.62021680 1.17024000 0.15449030
v -0.62011360 1.18873200 0.14915980
v -0.62384230 1.19803400 0.17142260
v -0.62156900 1.18949800 0.19312700
v -0.61906400 1.17520700 0.12974980
v -0.74316050 0.65306690 0.32126460
v -0.74892320 0.63662410 0.31768990
v -0.73872680 0.67151740 0.32353670
v -0.68580610 0.62990680 0.33916020
v -0.71688860 0.63387070 0.32958270
v -0.70298970 0.62658910 0.33255640
v -0.71994850 0.61944580 0.32542110
v -0.69430250 0.61756570 0.33416430
v -0.72098280 0.68355210 0.33104990
v -0.66502720 0.60880160 0.34127480
v -0.59243360 0.84014790 0.18725330
v -0.58867730 0.90348250 0.19765820
v -0.56520660 0.74652020 0.23542790
v -0.67133290 0.94251230 0.29861870
v -0.67324450 0.87343720 0.31369720
v -0.57958780 0.67630030 0.20419930
v -0.61081540 0.57186790 0.32850600
v -0.57012140 0.55676890 0.29135050
v -0.57474420 0.55357790 0.27493100
v -0.58102390 0.61998040 0.21706590
v -0.58369730 0.60082200 0.19754020
v -0.57999570 0.55422060 0.25089830
v -0.71141920 1.12926000 0.27991450
v -0.60793200 1.05216500 0.15214080
v -0.71743290 1.15514400 0.27573140
v -0.71981110 1.14002600 0.27523390
v -0.70189600 1.14471000 0.28050640
v -0.66002420 1.13181000 0.26763270
v -0.62492330 1.12251100 0.22497720
v -0.64467630 1.11939700 0.25030770
v -0.62323810 1.14174100 0.21303370
v -0.62473180 1.16407100 0.21097490
v -0.67303140 1.12225400 0.27612290
v -0.70806600 1.19345200 0.26031420
v -0.67612900 1.16162800 0.27886720
v -0.63072440 1.19802200 0.21549960
v -0.61952970 1.14584800 0.13930330
v -0.61904170 1.16355400 0.11455620
v -0.61742990 1.17932100 0.10922280
v -0.68154440 0.65108800 0.33755450
v -0.71399900 0.65114350 0.33237050
v -0.72883670 0.66199920 0.32705830
v -0.70091610 0.69595470 0.33892640
v -0.69920280 0.78196600 0.34074490
v -0.67720620 0.81229850 0.32799550
v -0.65461690 0.59334750 0.33943280
v -0.67053790 0.62818960 0.34328410
v -0.59033780 0.78940100 0.19874940
v -0.59880020 0.87544760 0.18925610
v -0.60509790 0.91999500 0.17884550
v -0.68513840 0.93219030 0.31627720
v -0.60252380 0.98019750 0.16506020
v -0.60285830 1.00493900 0.15691860
v -0.71134380 1.04713200 0.29924000
v -0.71219440 1.06423600 0.29440120
v -0.70490150 1.00092000 0.31205980
v -0.58158110 0.62865430 0.20003410
v -0.58039910 0.64369590 0.19838620
v -0.59647810 0.57342120 0.32207320
v -0.62486560 0.58002020 0.33525170
v -0.58703780 0.55977930 0.31357220
v -0.58279340 0.56288850 0.25896600
v -0.57777610 0.57125900 0.23873350
v -0.57859800 0.58795990 0.24094730
v -0.58095760 0.57865480 0.26108630
v -0.58121100 0.60963750 0.23788770
v -0.58060480 0.62541580 0.21971110
v -0.57771250 0.61111860 0.25504980
v -0.61053380 1.05563300 0.13009570
v -0.60512590 1.03006700 0.15149400
v -0.61426940 1.07882700 0.12865480
v -0.61690540 1.10215200 0.13290340
v -0.60997190 1.06849700 0.14737680
v -0.63496000 1.15693700 0.22848010
v -0.63523720 1.13702600 0.23576440
v -0.61839000 1.12099300 0.20677390
v -0.61935180 1.14547600 0.16907310
v -0.61972910 1.15665000 0.15703270
v -0.61750370 1.12107700 0.16973940
v -0.62467620 1.18164500 0.20797400
v -0.65385470 1.07549100 0.26431860
v -0.62011050 1.14746300 0.11547300
v -0.61964620 1.15937800 0.13522040
v -0.73764770 0.70608950 0.32392330
v -0.71108610 0.72057010 0.33664260
v -0.69676210 0.64163920 0.33722050
v -0.67467130 0.64299630 0.33939060
v -0.69794990 0.65729460 0.33778240
v -0.70898500 0.67127690 0.33522180
v -0.69179830 0.82309760 0.33670970
v -0.68098560 0.61337860 0.33652050
v -0.62988690 0.62568560 0.33519900
v -0.59602020 0.85881990 0.18054470
v -0.60058080 0.88398870 0.17403940
v -0.59789170 0.86865970 0.17117920
v -0.59772220 0.93174070 0.16582130
v -0.60043320 0.90846320 0.16992910
v -0.59556110 0.94681930 0.15828330
v -0.60383110 0.94258040 0.17440220
v -0.70261660 0.93595570 0.32527720
v -0.69104830 0.91501100 0.32303230
v -0.70009890 0.95476690 0.32232310
v -0.69274010 0.87769080 0.32922900
v -0.69275720 0.85672760 0.33264960
v -0.71255190 1.03066300 0.30361830
v -0.71469220 1.01524900 0.30773940
v -0.69196240 1.01814000 0.30391580
v -0.68119190 0.99743030 0.30259440
v -0.67480550 1.01318300 0.29399590
v -0.66899190 1.06636800 0.28000390
v -0.65185880 1.05125000 0.26719570
v -0.66679610 1.09082200 0.27507070
v -0.69008850 1.09215000 0.28536080
v -0.64877760 1.10013600 0.25725420
v -0.68598500 1.05829100 0.29145770
v -0.69006210 1.07749500 0.28877810
v -0.70931330 1.10607400 0.28392600
v -0.58081790 0.64553360 0.21977930
v -0.58045060 0.62454650 0.23962680
v -0.57976400 0.71288550 0.18895660
v -0.58250990 0.70014440 0.19956160
v -0.60195060 0.56111910 0.32166970
v -0.64277070 0.58319160 0.33849140
v -0.63349500 0.59702750 0.33985050
v -0.56626560 0.63028590 0.26772710
v -0.57475830 0.59363980 0.28210830
v -0.56942420 0.57873540 0.27683840
v -0.67869150 1.10834600 0.27916740
v -0.69465560 1.12178700 0.28138930
v -0.61020080 1.01665500 0.17120290
v -0.61266340 1.06467600 0.16573310
v -0.64792440 1.13498800 0.25003810
v -0.61965340 1.15104400 0.19121810
v -0.61835520 1.13456400 0.18973040
v -0.62096670 1.16354500 0.17688290
v -0.62258520 1.18188600 0.17451250
v -0.62080060 1.17056400 0.19430880
v -0.61623950 1.09694200 0.17218910
v -0.61643340 1.11343500 0.15145510
v -0.61543310 1.11121900 0.19077170
v -0.61519340 1.07697900 0.17930220
v -0.61224330 1.09390800 0.19536130
v -0.73232980 0.68644380 0.32639250
v -0.71843530 0.70535100 0.33285860
v -0.71368390 0.73712930 0.33629540
v -0.72788690 0.72280690 0.32891940
v -0.66118280 0.64027360 0.34191160
v -0.65261200 0.65009930 0.34034100
v -0.66465660 0.65488770 0.33901130
v -0.70604770 0.76844280 0.33979800
v -0.70220580 0.74728630 0.34065750
v -0.58837100 0.78379300 0.18101210
v -0.58836600 0.76455910 0.19085180
v -0.58493010 0.73552120 0.18845220
v -0.60351700 0.90073460 0.18604030
v -0.59135270 0.88750670 0.19933190
v -0.57605400 0.87955730 0.20853910
v -0.59433960 0.85935760 0.19629160
v -0.58813440 0.86444670 0.20394930
v -0.59376070 0.84366900 0.16730940
v -0.59588820 0.92780410 0.19763770
v -0.59980080 0.91479920 0.19327840
v -0.66230610 0.90400400 0.29913570
v -0.66720330 0.92370160 0.29934640
v -0.67790750 0.90687080 0.31276040
v -0.64881830 0.92774970 0.28978770
v -0.67103950 0.96237220 0.29476110
v -0.68286820 0.97570990 0.30388960
v -0.64985150 0.95247460 0.28402210
v -0.68530800 0.95466160 0.31309220
v -0.63075050 0.96308020 0.28716430
v -0.66937590 0.97900030 0.29459220
v -0.67858310 0.83786510 0.32529050
v -0.68003270 0.85824010 0.32238820
v -0.69436510 0.83971590 0.33554650
v -0.65922770 1.01007800 0.28000580
v -0.65958180 1.11224500 0.26709730
v -0.63284130 1.10338600 0.24569640
v -0.57707540 0.69004110 0.21480160
v -0.64536830 0.61019020 0.33763230
v -0.57816100 0.56434470 0.27740880
v -0.58061760 0.57562710 0.31019830
v -0.59205350 0.59100810 0.32308520
v -0.61389920 0.59798830 0.32913990
v -0.61378810 0.62054800 0.33038420
v -0.62649000 0.64548360 0.33584500
v -0.64654530 0.63678100 0.33859960
v -0.63831250 0.65144570 0.33668500
v -0.62036140 0.66394060 0.33525490
v -0.63276810 0.66874650 0.33674750
v -0.56681550 0.61713680 0.26070350
v -0.57539120 0.61443030 0.30209700
v -0.58067280 0.59653720 0.29625320
v -0.56778220 0.63683120 0.28791340
v -0.56874610 0.61069660 0.28355410
v -0.58529950 0.59732030 0.30775310
v -0.57201650 0.63586360 0.30568700
v -0.57375140 0.57984570 0.29272070
v -0.61219840 1.03871300 0.16960730
v -0.61262360 1.08614400 0.15401760
v -0.61216350 1.06750900 0.23400190
v -0.67913470 0.66534930 0.33985970
v -0.67050720 0.76280720 0.33635480
v -0.67529190 0.78542710 0.33471790
v -0.69385880 0.80122420 0.33960180
v -0.59194200 0.82577880 0.18136390
v -0.59047060 0.80364320 0.18490340
v -0.58385430 0.77459490 0.20996610
v -0.58482860 0.74300960 0.20425510
v -0.58500740 0.72405970 0.19848060
v -0.60375910 0.96066930 0.17197300
v -0.60885910 0.97752900 0.18680400
v -0.60897630 0.99616060 0.17622970
v -0.60604710 0.93408030 0.18602270
v -0.59629040 0.94842200 0.19871030
v -0.67632730 0.88935510 0.31351210
v -0.69950280 0.97219090 0.31890050
v -0.69688050 0.98654410 0.31444450
v -0.62323650 0.98259100 0.28094280
v -0.66330850 0.99203340 0.28570220
v -0.64792540 0.99376100 0.27445510
v -0.66656980 1.02582700 0.28412370
v -0.63296340 1.11987900 0.23880440
v -0.61630120 1.10626500 0.21338930
v -0.60983480 1.07933800 0.21395810
v -0.62139370 1.10299000 0.22906140
v -0.61354390 1.08920000 0.22102360
v -0.58069690 0.71939810 0.21013260
v -0.57355430 0.70334280 0.22162310
v -0.57676510 0.66877310 0.21852020
v -0.56517060 0.66922940 0.25706350
v -0.56531610 0.65505260 0.27187950
v -0.56724760 0.64295870 0.25128880
v -0.56814140 0.66319680 0.24255820
v -0.56789940 0.68519020 0.24008840
v -0.56344630 0.69799000 0.25580890
v -0.56858570 0.71112710 0.31201250
v -0.56477650 0.67923430 0.27596680
v -0.55912030 0.70112800 0.27796330
v -0.62509660 0.60910410 0.33421170
v -0.61383090 0.68271160 0.33521410
v -0.66413510 0.67394760 0.34040770
v -0.56682010 0.59877510 0.27077460
v -0.60863740 0.65287010 0.33085420
v -0.60031970 0.67224530 0.32948390
v -0.58370190 0.61236530 0.31690080
v -0.68275300 0.70458540 0.34130790
v -0.68567530 0.76442670 0.34074830
v -0.61062580 0.78272710 0.32772180
v -0.63672050 0.81111040 0.31972240
v -0.57845990 0.74767780 0.21431990
v -0.56936050 0.76638770 0.22111800
v -0.57114860 0.73429100 0.22168110
v -0.60685700 0.95553270 0.18889460
v -0.64706850 1.01254100 0.27087600
v -0.57295130 0.67793130 0.22776780
v -0.56730230 0.71509550 0.23574470
v -0.56799550 0.66197670 0.29145050
v -0.63105020 0.72660040 0.33842540
v -0.61718580 0.70604540 0.33727600
v -0.58553290 0.72558270 0.32515200
v -0.58220310 0.70588810 0.32026040
v -0.59924870 0.72138480 0.33274280
v -0.57413930 0.68891110 0.31392670
v -0.64999900 0.68328960 0.33931780
v -0.59999860 0.61298610 0.32477080
v -0.58691010 0.63553150 0.31541630
v -0.58816310 0.65495280 0.31828540
v -0.59993890 0.63536230 0.32376000
v -0.61268940 0.63733750 0.33100540
v -0.60805960 1.07032700 0.19910530
v -0.60537250 1.05924700 0.21829270
v -0.69362950 0.68598560 0.33963830
v -0.67965160 0.68709530 0.34042670
v -0.68241130 0.72116210 0.34282310
v -0.64800540 0.76641680 0.32720050
v -0.65779670 0.78188430 0.32512170
v -0.59014810 0.84131910 0.20245250
v -0.58119180 0.80169740 0.20535070
v -0.56181290 0.80310040 0.25522240
v -0.62552080 1.00170900 0.27588480
v -0.62216340 1.02261600 0.26826480
v -0.60831310 0.99067010 0.26769460
v -0.60630400 1.04963900 0.23294470
v -0.60584560 1.02252700 0.24917160
v -0.59890040 1.02959100 0.22788300
v -0.59367210 1.01098400 0.22360820
v -0.62715650 1.04388900 0.26371960
v -0.61790030 1.05706800 0.24964010
v -0.60123430 1.04141500 0.21610690
v -0.62300950 1.08055800 0.24507560
v -0.59922870 1.02523700 0.20691160
v -0.63785500 1.08509600 0.25598030
v -0.64787140 1.02954300 0.26864340
v -0.56302660 0.68040130 0.29956360
v -0.55846450 0.70544660 0.29997930
v -0.56133610 0.73215870 0.29963770
v -0.55784500 0.72892020 0.27991070
v -0.56026820 0.78041910 0.24804410
v -0.64040600 0.70389770 0.34094350
v -0.57774740 0.67053930 0.31551170
v -0.58760300 0.68165490 0.32201510
v -0.61087220 1.02302600 0.18560760
v -0.60858390 1.00179400 0.18984360
v -0.59941090 1.00876700 0.20085620
v -0.60447000 1.04892500 0.20112970
v -0.69892810 0.71333080 0.34054010
v -0.66291080 0.71019760 0.34334190
v -0.68302090 0.74240940 0.34290470
v -0.66710830 0.72858010 0.34341450
v -0.69717480 0.72824490 0.34124900
v -0.65064510 0.74048950 0.33492710
v -0.64538300 0.79451900 0.32064400
v -0.62656370 0.78390640 0.32441200
v -0.61362240 0.80773410 0.32335930
v -0.61546740 0.73718190 0.33200390
v -0.59836370 0.77062690 0.32702490
v -0.66236840 0.79860740 0.32215990
v -0.57624780 0.81979560 0.20800660
v -0.60704480 1.00602700 0.25991480
v -0.57176900 0.73129220 0.31510770
v -0.58369230 0.75028460 0.32279890
v -0.56870600 0.75816350 0.30561420
v -0.57536050 0.81863210 0.29147210
v -0.57244770 0.78924310 0.29875800
v -0.64950030 0.72176320 0.34190750
v -0.62125280 0.83012070 0.32011750
v -0.62962050 0.75618510 0.33173040
v -0.65920070 0.81887300 0.31521120
v -0.57033460 0.79201590 0.21689280
v -0.56373340 0.78322490 0.23536460
v -0.55993380 0.75145190 0.24930710
v -0.56040370 0.75185620 0.26435390
v -0.56166790 0.72925780 0.24795290
v -0.56094770 0.72610080 0.26214080
v -0.55986190 0.75339610 0.28632530
v -0.59290240 0.79677170 0.32059400
v -0.58273470 0.77857270 0.31567580
v -0.56379780 0.77543720 0.28944200
v -0.65058620 0.84279240 0.31021370
v -0.56835070 0.83141320 0.22346310
v -0.56848930 0.87110560 0.23947710
v -0.56613920 0.84754620 0.23370060
v -0.58311100 0.80671230 0.30918560
v -0.61376230 0.85124880 0.31481730
v -0.56090070 0.77669830 0.26973760
v -0.56474450 0.79969020 0.27955640
v -0.57376550 0.83685150 0.27985680
v -0.56939730 0.85517600 0.25932420
v -0.58498780 0.83475570 0.30135190
v -0.59044390 0.92332570 0.27680030
v -0.57573110 0.88401600 0.26317300
v -0.60584390 0.93415650 0.28759840
v -0.61029840 0.94994710 0.28459340
v -0.57481820 0.90133200 0.21324120
v -0.59739210 0.82624590 0.31608680
v -0.58852340 0.88514750 0.28799520
v -0.58517360 0.90388520 0.27599310
v -0.59926940 0.90499180 0.29221100
v -0.61003910 0.92165090 0.29384150
v -0.62821720 0.92113460 0.29786110
v -0.61855990 0.90327420 0.30270770
v -0.57964430 0.93166630 0.24281300
v -0.57524950 0.92265330 0.22456950
v -0.59432890 0.94529150 0.27221220
v -0.58492620 0.94008930 0.25681330
v -0.60583340 0.96350150 0.27713910
v -0.58338990 0.96384850 0.22629960
v -0.60019710 0.97627990 0.26519320
v -0.58282850 0.95211430 0.23873980
v -0.58950220 0.99135570 0.22861010
v -0.58794760 0.97053350 0.24367040
v -0.58973540 0.95915200 0.25673660
v -0.58694310 0.97775260 0.23266940
v -0.59535110 0.99030220 0.24868420
v -0.59536420 0.85336900 0.30671030
v -0.58495600 0.85206050 0.29416290
v -0.59010900 0.86844680 0.29532170
v -0.64038090 0.90163800 0.29709590
v -0.65560670 0.88514260 0.30020770
v -0.63347890 0.88178920 0.30647710
v -0.60717090 0.87931480 0.30615980
v -0.57920550 0.90801950 0.25937690
v -0.57338290 0.91006980 0.23092410
v -0.58715180 0.97572590 0.21573240
v -0.58589560 0.95726410 0.20978200
v -0.57954020 0.94417660 0.22330710
v -0.58296390 0.93747460 0.20847690
v -0.59713200 0.96694200 0.19827340
v -0.58080610 0.91904490 0.20713450
v -0.61965410 1.13187600 0.12953900
v -0.61852590 1.13442300 0.15118270
v -0.65266430 0.97389690 0.27950870
v -0.63336430 1.06487500 0.26014480
v -0.66480650 0.86230100 0.30881500
v -0.64921370 0.86372140 0.30517530
v -0.67441370 0.56461150 -0.01989842
v -0.65961470 0.56060830 -0.01438885
v -0.64441470 0.55837090 -0.00867179
v -0.63046460 0.55857220 -0.00416458
v -0.61649100 0.55811140 -0.00020835
v -0.60356850 0.55771090 0.00707065
v -0.59503480 0.55810850 0.01703998
v -0.59146010 0.55826720 0.03149726
v -0.59520580 0.55867200 0.04633303
v -0.60167090 0.55592260 0.05782764
v -0.60386760 0.55888240 0.07575004
v -0.59120690 0.56063150 0.08978613
v -0.57591200 0.56269210 0.10214600
v -0.56064860 0.56336180 0.11379100
v -0.54822190 0.56161320 0.12683930
v -0.54017570 0.56028610 0.14096110
v -0.54920060 0.55823830 0.15523020
v -0.56924970 0.55919610 0.15585780
v -0.58769030 0.56034070 0.16056490
v -0.63771450 1.33211200 0.05480954
v -0.64238260 1.34008000 0.03784057
v -0.64064350 1.35130000 0.02106241
v -0.65423110 1.36006800 0.00548833
v -0.66898880 1.37840900 -0.01135946
v -0.68421820 1.35103800 -0.06340480
v -0.67020890 1.33491000 -0.06695586
v -0.65681250 1.31909300 -0.06687297
v -0.64793340 1.30053700 -0.06473370
v -0.64401250 1.27946800 -0.06166062
v -0.64054050 1.25818500 -0.06091825
v -0.63802530 1.23487500 -0.06333573
v -0.63811490 1.21110400 -0.07163701
v -0.65439740 1.19273200 -0.07681822
v -0.67672210 1.18185800 -0.07920431
v -0.66737290 1.35711100 -0.04307599
v -0.64510030 1.13763800 -0.01540146
v -0.63255450 1.28413100 -0.03404938
v -0.68340140 1.36704100 -0.03613241
v -0.63927010 1.33199400 0.02540107
v -0.63602890 1.19100500 -0.05273198
v -0.63576610 1.27372000 -0.04743546
v -0.67224350 1.34871800 -0.05574749
v -0.64853340 1.31572200 -0.05266065
v -0.65694830 1.35645900 -0.00847266
v -0.72883240 1.16307700 -0.07555469
v -0.62925050 1.22938800 -0.04551381
v -0.68618080 1.36149800 -0.05286469
v -0.68700460 1.37855500 -0.02224687
v -0.66393980 1.18300500 -0.07568573
v -0.63467270 1.31868400 0.02198718
v -0.63434100 1.32040500 0.04533699
v -0.63245880 1.21468700 -0.05695438
v -0.63223260 1.25081200 -0.04745814
v -0.64267190 1.19715000 -0.06884858
v -0.58370500 0.57046880 0.16072770
v -0.58282220 0.58193340 0.16459080
v -0.58182070 0.66075340 0.08688819
v -0.61391980 0.80888700 0.03396328
v -0.60986080 0.64973180 -0.00737030
v -0.67508650 0.57496360 -0.03191681
v -0.62896600 1.09076800 0.04505817
v -0.70268680 1.11695800 -0.04696330
v -0.64127150 1.29500900 -0.05153520
v -0.63813730 1.33843700 0.00625767
v -0.72595750 1.14798400 -0.06257872
v -0.72619760 1.13398800 -0.05710066
v -0.70253200 1.14098700 -0.05516954
v -0.62314870 1.29183900 0.04919192
v -0.64908740 1.17013300 -0.05575482
v -0.62450380 1.24641900 -0.02551311
v -0.62678940 1.26632900 -0.02757605
v -0.62423830 1.27960800 -0.00643084
v -0.61628420 1.25772000 0.02188597
v -0.62139240 1.25600200 -0.00185972
v -0.62145370 1.27582600 0.01401286
v -0.61518330 1.23774800 0.01170338
v -0.61946250 1.23122000 -0.00861645
v -0.61980750 1.28063900 0.03182815
v -0.61552400 1.21690300 0.00663288
v -0.62735500 1.20743000 -0.03702208
v -0.56230090 0.57087740 0.15808970
v -0.57362410 0.68792370 0.12407990
v -0.64305900 0.82216360 -0.01826288
v -0.59357280 0.79665150 0.10270460
v -0.61654920 1.02210200 0.04854489
v -0.63407520 0.71012170 -0.02442608
v -0.65765140 0.59901360 -0.03917180
v -0.63082180 0.56968810 -0.00549733
v -0.63559950 0.58768900 -0.01222014
v -0.64780380 0.58852500 -0.02790154
v -0.62725200 0.60049410 -0.01081436
v -0.64670290 0.57148910 -0.01905582
v -0.61778360 1.16249800 0.07606975
v -0.62205910 1.13057200 0.07263405
v -0.70895410 1.08689000 -0.04401371
v -0.61378940 1.22251200 0.07441569
v -0.63169350 1.31141900 0.00803048
v -0.64118810 1.32692800 -0.02252904
v -0.64888140 1.33010900 -0.03957711
v -0.65858680 1.33744700 -0.05110047
v -0.63859660 1.30770000 -0.03422948
v -0.63188500 1.30556500 -0.01209516
v -0.70873290 1.15650700 -0.06505066
v -0.68479590 1.15457700 -0.06151715
v -0.73765480 1.11775000 -0.05730643
v -0.74517300 1.13127700 -0.06473236
v -0.67178160 1.12789100 -0.03938035
v -0.71444360 1.12414300 -0.05374768
v -0.68899550 1.13054500 -0.04528727
v -0.71843130 1.10470800 -0.05034569
v -0.66521000 1.15599100 -0.05162487
v -0.68336830 1.11776800 -0.03718922
v -0.62726920 1.31145200 0.05836161
v -0.62682650 1.30445200 0.03771879
v -0.62582700 1.22450400 -0.02837502
v -0.58718940 0.60666740 0.17583280
v -0.58844050 0.59305870 0.17816670
v -0.56272730 0.67470660 0.16423450
v -0.58733190 0.58941400 0.03442568
v -0.70366030 0.97247320 -0.04631947
v -0.60924570 0.96330430 0.07981002
v -0.66816180 0.58759680 -0.03724576
v -0.67611900 0.60823670 -0.04788010
v -0.61957880 1.25335700 0.06218381
v -0.61895170 1.25595200 0.04044888
v -0.61736210 1.17084900 0.09246162
v -0.62120650 1.09910500 0.09277109
v -0.73783210 1.08300500 -0.04792403
v -0.62668650 1.29851900 0.01912929
v -0.63557620 1.32227700 -0.00606006
v -0.64394960 1.33859900 -0.01216905
v -0.65674790 1.34763400 -0.02593718
v -0.62905020 1.28997200 -0.01825248
v -0.62622250 1.29542700 0.00333731
v -0.69451140 1.10222400 -0.04014742
v -0.74101520 1.10109100 -0.05287245
v -0.54048370 0.60838580 0.15713330
v -0.56916530 0.71820000 0.15925600
v -0.55515050 0.64750790 0.16786780
v -0.55384080 0.57804170 0.11994790
v -0.56651760 0.58273970 0.10791140
v -0.67294150 0.86829340 -0.04529340
v -0.68629490 0.91257090 -0.05163550
v -0.58801250 0.89430460 0.13545710
v -0.60584050 0.92373200 0.09843804
v -0.72020400 0.95986570 -0.05101038
v -0.71116030 1.02007600 -0.04175813
v -0.60907460 0.97645890 0.10618880
v -0.59566700 0.57421490 0.00851030
v -0.61923610 0.58065940 -0.00496003
v -0.66409840 0.63006750 -0.04476924
v -0.67031420 0.71116230 -0.04703652
v -0.65787940 0.70210320 -0.04170956
v -0.66717170 0.76337860 -0.04268825
v -0.62203310 1.26816500 0.07465854
v -0.61398490 1.24116800 0.07000722
v -0.61499350 1.19719300 0.02119125
v -0.61584740 1.24098400 0.03028338
v -0.61389200 1.21929100 0.03056243
v -0.61905770 1.15503300 0.09421013
v -0.62083200 1.13868900 0.09275070
v -0.61832530 1.15788400 0.05847627
v -0.61608030 1.18634500 0.08677785
v -0.61674550 1.17859300 0.04772034
v -0.61511240 1.20271400 0.07870030
v -0.72513890 1.09146800 -0.04850278
v -0.72083080 1.06803300 -0.04308678
v -0.66708220 1.11559300 -0.02567174
v -0.57261310 0.76295060 0.14703820
v -0.56664530 0.69346640 0.16209230
v -0.58200060 0.59372520 0.09524560
v -0.54206130 0.57687330 0.13627150
v -0.59085670 0.57274550 0.03704098
v -0.60287290 0.57952610 0.06335315
v -0.59981700 0.56765730 0.05468734
v -0.68240760 0.80598620 -0.04912568
v -0.69337560 0.86444030 -0.05393082
v -0.70372200 0.91023010 -0.05536981
v -0.70839380 0.94399550 -0.05212875
v -0.70625110 0.93083770 -0.05418940
v -0.58996210 0.89117870 0.15771190
v -0.58512340 0.87636180 0.14325750
v -0.58976730 0.91280620 0.13719830
v -0.58143500 0.82886640 0.15148660
v -0.71929990 0.98500440 -0.04690141
v -0.72479340 1.00399200 -0.04377450
v -0.72914120 1.02471600 -0.03983084
v -0.70264610 1.00214600 -0.04224460
v -0.60930610 1.02756100 0.12197270
v -0.60789380 1.00741200 0.11785660
v -0.61300480 1.04223600 0.11604490
v -0.60370750 0.98914210 0.12270010
v -0.61065490 0.99507370 0.10752770
v -0.59942540 0.97056120 0.12836640
v -0.60764110 0.57317360 0.00056841
v -0.60033990 0.59012860 -0.00000212
v -0.61172060 0.59397620 -0.00548487
v -0.58946400 0.57115380 0.02113204
v -0.58789630 0.60534570 0.00312546
v -0.59297550 0.62121130 -0.00246590
v -0.65671670 0.65050000 -0.04019517
v -0.67360540 0.72975970 -0.04689850
v -0.66237480 0.74062970 -0.04261064
v -0.65873120 0.71930200 -0.04289634
v -0.63456000 0.72969630 -0.02201724
v -0.64814480 0.72799490 -0.03638898
v -0.64144970 0.74786680 -0.02409636
v -0.65300130 0.74676770 -0.03463811
v -0.62801730 0.78217120 -0.00185192
v -0.64458610 0.77836480 -0.02098632
v -0.65072560 0.76189880 -0.02680832
v -0.67233920 0.66570510 -0.04792808
v -0.67322580 0.68679560 -0.04896827
v -0.64864180 0.63159030 -0.03457297
v -0.63686380 0.61845880 -0.01923359
v -0.65819890 0.61467960 -0.04249269
v -0.64319990 0.60681860 -0.02985865
v -0.63908070 0.60164450 -0.01890273
v -0.62182450 1.12084900 0.09266081
v -0.61976770 1.14526200 0.07581159
v -0.61678350 1.17636400 0.07124280
v -0.61808750 1.17807800 0.02384594
v -0.61563680 1.19211000 0.06317369
v -0.61387700 1.21196700 0.05368197
v -0.73848910 1.06443300 -0.04315876
v -0.65753560 1.12898400 -0.02687624
v -0.65975000 1.14102000 -0.04189086
v -0.65055710 1.14070800 -0.02957400
v -0.56827710 0.59547410 0.17175950
v -0.55900440 0.58376130 0.16430880
v -0.54724970 0.59545060 0.16317770
v -0.54296340 0.57656090 0.15464140
v -0.54014960 0.59008240 0.14651640
v -0.57690820 0.75865080 0.16441750
v -0.57336610 0.73743350 0.16333900
v -0.56488780 0.69193040 0.14510030
v -0.57323790 0.70192800 0.17460240
v -0.55778630 0.66361600 0.15470390
v -0.57673760 0.65927710 0.17960460
v -0.58173860 0.64168800 0.18272260
v -0.58495800 0.62545360 0.18236990
v -0.56571120 0.65498680 0.17359020
v -0.59400940 0.57867340 0.08514976
v -0.54807920 0.59374900 0.12691230
v -0.55009810 0.61155140 0.12317340
v -0.58592050 0.58349060 0.02515634
v -0.59677450 0.59569430 0.04473194
v -0.67513540 0.82407170 -0.04510775
v -0.67148250 0.78733990 -0.04479103
v -0.68131620 0.78310660 -0.04878543
v -0.66610260 0.88395700 -0.04065125
v -0.69031930 0.89017990 -0.05350296
v -0.64275270 0.85556640 -0.01598111
v -0.65505920 0.86693250 -0.02980086
v -0.68272990 0.84877730 -0.04906772
v -0.66028840 0.90827260 -0.03513840
v -0.58298000 0.85016130 0.14825320
v -0.59198370 0.88059600 0.12339560
v -0.59587020 0.84810020 0.09708991
v -0.59881480 0.86748750 0.11167340
v -0.59900430 0.87125550 0.09111460
v -0.59058160 0.85533120 0.12149040
v -0.60084850 0.89127630 0.11078190
v -0.59594530 0.92713610 0.12306600
v -0.59574530 0.94785790 0.13058970
v -0.60130370 0.89136240 0.07766190
v -0.57610560 0.78059080 0.15525430
v -0.68891150 1.02063700 -0.03558361
v -0.68887090 0.98539780 -0.04059891
v -0.61321000 1.01888300 0.10646490
v -0.61674830 1.02804900 0.08979367
v -0.61866810 1.05034800 0.08920527
v -0.61186290 0.98429430 0.08469459
v -0.61249390 1.01766500 0.06935331
v -0.58877920 0.58499650 0.01199623
v -0.58320330 0.59834610 0.01650494
v -0.58447440 0.60402490 0.02777377
v -0.58781430 0.61491350 0.03229232
v -0.66561740 0.64461090 -0.04507720
v -0.61549760 0.73733790 0.00442218
v -0.62938300 0.74580890 -0.01254573
v -0.66140220 0.67082110 -0.04314228
v -0.64571690 0.62019780 -0.03221510
v -0.62565980 0.63294210 -0.01122841
v -0.60947230 0.62246040 -0.00699458
v -0.62293990 1.10484200 0.07876669
v -0.61913060 1.16653200 0.03890418
v -0.73084700 1.04390100 -0.03978750
v -0.62655540 1.13778900 0.02551971
v -0.63858090 1.11266500 0.00844140
v -0.65959540 1.10215300 -0.01547195
v -0.55144420 0.61474770 0.16769840
v -0.56808000 0.61840420 0.17338100
v -0.56969320 0.72824940 0.13917280
v -0.57028900 0.74172010 0.15030060
v -0.56946330 0.67979490 0.17533440
v -0.56767900 0.63623710 0.17592990
v -0.58720030 0.61504220 0.08684605
v -0.59979010 0.59819960 0.06955995
v -0.59775020 0.61431930 0.06961142
v -0.59437120 0.62731190 0.06070475
v -0.59082530 0.62925140 0.08087326
v -0.56896570 0.61545430 0.10116800
v -0.57547560 0.63163940 0.09511646
v -0.59439630 0.58180700 0.04934573
v -0.69746440 0.95696980 -0.04733087
v -0.67921690 0.96684340 -0.04020993
v -0.66372210 0.94623180 -0.03419796
v -0.58357780 0.86191360 0.13787860
v -0.58218350 0.83726810 0.13193400
v -0.60002670 0.90991810 0.11609650
v -0.66898050 0.98654830 -0.03081021
v -0.67775690 1.00315400 -0.03284656
v -0.61669460 1.06626900 0.10899810
v -0.62022190 1.07643000 0.08958204
v -0.60674300 0.95654810 0.10741220
v -0.60429370 0.94101710 0.11020350
v -0.61634140 1.04061900 0.06337732
v -0.61943040 1.06091000 0.07056311
v -0.61433850 1.00569200 0.08612888
v -0.61002820 0.99629390 0.07050966
v -0.66530610 0.80321910 -0.04012302
v -0.65973080 0.78163460 -0.03607614
v -0.63336950 0.77121070 -0.01079269
v -0.63628130 0.62735850 -0.01970509
v -0.62148870 0.61553900 -0.00970163
v -0.60884130 0.63657940 -0.00693539
v -0.59465550 0.64167670 -0.00110714
v -0.58640130 0.62749100 0.00766145
v -0.58275730 0.61570610 0.01523460
v -0.58794660 0.64728450 0.00904230
v -0.59468330 0.64781710 0.03415635
v -0.58776490 0.65668550 0.01890722
v -0.59806560 0.63248000 0.04055083
v -0.58656810 0.63562510 0.02232016
v -0.62609540 1.10042100 0.05849217
v -0.62385230 1.08620200 0.06731532
v -0.62573300 1.07377600 0.05202286
v -0.62389640 1.11584800 0.06827855
v -0.70886130 1.03327200 -0.04025459
v -0.70778910 1.04859000 -0.03966019
v -0.63704910 1.13257800 0.00242681
v -0.63082820 1.11931100 0.02311077
v -0.62228160 1.14864900 0.03881943
v -0.62133040 1.14008400 0.05353209
v -0.62715330 1.10968200 0.04415745
v -0.63355120 1.09891600 0.02184130
v -0.65046560 1.11834600 -0.00989248
v -0.64474910 1.09677300 0.00144727
v -0.64116780 1.07966900 0.01025938
v -0.65500130 1.08211800 -0.00893108
v -0.67028160 1.08309300 -0.02211959
v -0.67705630 1.10066500 -0.02909952
v -0.58308740 0.75788180 0.11262820
v -0.56701140 0.70661590 0.14631410
v -0.56204540 0.67838430 0.14258080
v -0.59686290 0.64020020 0.06514519
v -0.68192970 0.94619860 -0.04492375
v -0.63957720 0.94375810 -0.00309854
v -0.60808780 0.97908230 0.06460478
v -0.61130740 1.00226700 0.05540768
v -0.65219780 0.80344840 -0.02764008
v -0.63795450 0.83471070 -0.01090337
v -0.60595650 0.60777060 -0.00625163
v -0.62442770 1.12446500 0.04827853
v -0.63276630 1.07940100 0.03212149
v -0.65278380 1.03453400 -0.00718603
v -0.58640310 0.71179850 0.10917690
v -0.57951500 0.72401780 0.12399770
v -0.58115480 0.64233570 0.08685580
v -0.64978610 0.94344920 -0.01962055
v -0.64339780 0.87748150 -0.01643866
v -0.61136480 0.98654520 0.04622414
v -0.63364750 0.80929050 -0.00695679
v -0.62670060 0.79910180 0.00277207
v -0.62205140 0.78868610 0.01090849
v -0.62269210 0.76607070 0.00307484
v -0.60450690 0.72308420 0.01765012
v -0.62398320 1.05962600 0.04665849
v -0.62410330 1.04187900 0.03818642
v -0.66677770 1.05029400 -0.01961616
v -0.63313390 0.99887050 0.02020727
v -0.58395900 0.78046320 0.11554840
v -0.57893000 0.70268650 0.12113860
v -0.58412360 0.68012930 0.08575617
v -0.59109690 0.72309680 0.08835985
v -0.58245760 0.68970930 0.10541520
v -0.58727450 0.70013160 0.08829800
v -0.59391250 0.68941780 0.06967095
v -0.58784030 0.73408810 0.10697530
v -0.59485520 0.76391070 0.07344641
v -0.59180110 0.74271170 0.07878622
v -0.57819620 0.74141350 0.12156650
v -0.56445190 0.66399200 0.13278720
v -0.57585550 0.66879710 0.10079650
v -0.63421270 0.86007680 -0.00316909
v -0.65697050 0.92506760 -0.03049733
v -0.63644290 0.92512300 -0.00012402
v -0.64265410 0.92285310 -0.01298633
v -0.64694740 0.90164810 -0.02041562
v -0.61138070 0.77677330 0.03437863
v -0.62414680 0.71077340 -0.00807418
v -0.66503660 1.06761800 -0.01723371
v -0.65047340 1.06758500 -0.00184982
v -0.65337730 1.05197600 -0.00603936
v -0.66959740 1.03180800 -0.02325639
v -0.62433030 1.02439000 0.03211872
v -0.63319670 1.01824200 0.02104266
v -0.64415400 1.01578900 0.00267502
v -0.57295850 0.75112950 0.13412950
v -0.59293330 0.72901020 0.07066696
v -0.59450960 0.65242950 0.07084617
v -0.59418330 0.67146510 0.07033072
v -0.59653870 0.68719170 0.05365525
v -0.59177240 0.66694260 0.03187741
v -0.59770820 0.66994070 0.05124664
v -0.59440670 0.69014990 0.03032743
v -0.60048440 0.70420280 0.01584665
v -0.59523850 0.66414490 0.00146781
v -0.60629060 0.66954290 -0.00374033
v -0.60051120 0.68348260 0.00090173
v -0.55598700 0.65319660 0.14141670
v -0.56687370 0.63837630 0.10964000
v -0.65838430 0.96647640 -0.02604338
v -0.63231040 0.84390300 -0.00171586
v -0.63776810 0.89579190 -0.00780157
v -0.65287120 0.89007560 -0.02832092
v -0.61625190 0.76862010 0.01939129
v -0.61723250 0.79073950 0.02414018
v -0.60667650 0.79147740 0.04351177
v -0.60918690 0.75343130 0.03323309
v -0.60244400 0.76521300 0.05092304
v -0.60504160 0.73232320 0.03261172
v -0.60001890 0.71900690 0.04583931
v -0.59782850 0.72610030 0.05711669
v -0.59834750 0.70766870 0.03024790
v -0.59852730 0.69988500 0.04265921
v -0.61195520 0.74700100 0.01463130
v -0.62446610 0.73257340 -0.00728764
v -0.61313140 0.72089740 0.00292235
v -0.64170840 1.05942000 0.00999859
v -0.64317840 1.03496700 0.00603780
v -0.62000380 1.00729500 0.03410322
v -0.61942860 0.98656800 0.03241993
v -0.65457140 1.01604600 -0.01210307
v -0.65860520 1.00048900 -0.01988758
v -0.66618010 1.01477300 -0.02338890
v -0.65152880 0.98340470 -0.01555849
v -0.59619960 0.74759580 0.06441324
v -0.60235750 0.74475410 0.04950655
v -0.62732260 0.64874110 -0.01154392
v -0.64153010 0.64292270 -0.02472657
v -0.63569190 0.68610700 -0.02309967
v -0.62041550 0.68665910 -0.00641817
v -0.59122750 0.74984040 0.09377076
v -0.59248380 0.77242030 0.09561036
v -0.58477040 0.80333110 0.11977220
v -0.56851860 0.65539110 0.11960850
v -0.57401960 0.64745780 0.10333960
v -0.55853700 0.64604180 0.12841390
v -0.54852450 0.63678930 0.14616500
v -0.55230240 0.63187450 0.16636530
v -0.54269360 0.62249320 0.15502290
v -0.55278340 0.63554040 0.12896020
v -0.54445640 0.62291780 0.13646940
v -0.55807080 0.62677580 0.11594120
v -0.59480190 0.79128140 0.08111660
v -0.59819750 0.78550640 0.05951423
v -0.59491550 0.81296700 0.08807779
v -0.59569290 0.81162940 0.06679223
v -0.60168900 0.80755870 0.04995228
v -0.58841590 0.82486020 0.11893410
v -0.59408530 0.82897040 0.08868623
v -0.59281140 0.71043600 0.07397644
v -0.59431360 0.70443470 0.06247480
v -0.60826960 0.69938660 0.00163383
v -0.63459750 1.05866700 0.02546526
v -0.63460540 1.03895400 0.02147705
v -0.62752350 0.97673290 0.02575427
v -0.64582390 0.99867980 -0.00223626
v -0.64084530 0.98112180 0.00654041
v -0.64450580 0.96567410 -0.00766834
v -0.63868890 0.66118140 -0.02416616
v -0.60683150 0.82085320 0.04152507
v -0.59488080 0.81390090 0.10651410
v -0.63693820 0.96285710 0.01382849
v -0.59591010 0.85978140 0.07767994
v -0.59502360 0.84359160 0.07551618
v -0.60557010 0.84396210 0.04259250
v -0.60011830 0.83048160 0.05228230
v -0.59738870 0.85175540 0.06030092
v -0.61889910 0.84907720 0.03079599
v -0.62544890 0.83544130 0.01492957
v -0.60956570 0.86358250 0.03816404
v -0.62700870 0.85035430 0.01467376
v -0.61708480 0.83056990 0.03151785
v -0.62166980 0.81296570 0.01811790
v -0.62838750 0.82377020 0.00332163
v -0.62845760 1.19250300 -0.02978659
v -0.63743670 1.17091700 -0.03693296
v -0.62068550 1.18491000 0.00512753
v -0.64906730 1.15313100 -0.04146959
v -0.62065680 1.19802700 -0.00356244
v -0.62607930 1.16699300 0.00302540
v -0.63882970 1.15428000 -0.01788349
v -0.63205840 1.14806600 0.00282540
v -0.62353410 1.15715600 0.02110068
v -0.68781420 1.08108900 -0.03402960
v -0.67765020 1.06764300 -0.02740724
v -0.70234020 1.06687600 -0.03904110
v -0.61597520 1.23525100 0.05064716
v -0.65213020 0.84161560 -0.02687188
v -0.65847370 0.82192300 -0.03314831
v -0.66515340 0.84595800 -0.03847922
v -0.60220960 0.92716500 0.07478086
v -0.60378350 0.93310100 0.05291865
v -0.60760700 0.95229330 0.04658394
v -0.60680000 0.96613270 0.05715523
v -0.60485110 0.94774490 0.06539852
v -0.60749560 0.94351140 0.08750579
v -0.63452070 0.93957180 0.01677202
v -0.61766510 0.93827130 0.03303747
v -0.60790510 0.92073010 0.04273940
v -0.68826370 1.04166200 -0.03353243
v -0.68806450 1.05941800 -0.03336768
v -0.63371560 0.87696460 0.00001100
v -0.57593570 0.78434040 0.13308700
v -0.59970170 0.89068270 0.05667839
v -0.60755960 0.90230600 0.04137547
v -0.59700230 0.87120910 0.06635171
v -0.62675940 0.89390270 0.02511535
v -0.61141660 0.88208370 0.03614280
v -0.62438790 0.86879730 0.02556121
v -0.63314370 0.91183800 0.01560663
v -0.63508170 0.91014800 0.00093402
v -0.63251610 0.89228910 0.01102392
v -0.62353500 0.91583170 0.02931177
v -0.63183670 0.92547540 0.02039271
v -0.60012960 0.91067320 0.06311035
v -0.60414890 0.90886490 0.08767834
v -0.62171550 0.95575930 0.02971433
v -0.61244800 0.96781150 0.04017831
v -0.75611650 1.18130800 -0.06812113
v -0.75406030 1.20679900 0.24537260
v -0.72744300 1.21689400 0.25738520
v -0.77021120 1.23085500 0.23706190
v -0.85490560 1.17165700 0.14696700
v -0.83150810 1.19933200 0.20754150
v -0.63973110 1.35744800 0.15227590
v -0.65998270 1.24496900 0.24456780
v -0.69815670 1.19923400 0.27476470
v -0.70603960 1.20536400 0.27645190
v -0.65552330 1.25929400 0.22985050
v -0.68929270 1.18996200 0.26581610
v -0.66747150 1.36802200 -0.02555542
v -0.66998350 1.17279100 -0.06711193
v -0.67792770 1.14030100 -0.05087623
v -0.65759640 1.18577000 -0.07109614
v -0.69444780 1.16824100 -0.07183823
v -0.69878880 1.17676600 -0.07969325
v -0.72486670 1.17463500 -0.07809104
v -0.65308360 1.18200500 -0.06667991
v -0.62971450 1.17724700 -0.01493187
v -0.68478730 0.65439410 -0.05005657
v -0.83230020 0.59826860 -0.02623361
v -0.73303720 1.36876700 -0.04621102
v -0.84907960 0.59985720 0.02896044
v -0.79450170 0.67357860 -0.04593558
v -0.85279730 0.66792530 0.07284387
v -0.85930640 0.64133500 0.08569877
v -0.83617610 0.74285300 0.12903890
v -0.72593360 0.86153060 -0.05559070
v -0.81985740 1.08327500 0.00338251
v -0.72782600 0.74390140 -0.05348543
v -0.84140720 0.93434920 0.04363180
v -0.83080660 1.00716700 0.03236436
v -0.79049380 0.83522710 -0.02741987
v -0.78177570 0.76023760 -0.04360268
v -0.80159960 0.98132470 -0.01758663
v -0.78952020 0.91970280 -0.02585394
v -0.77603420 0.73590170 -0.04722337
v -0.83895680 0.84842690 0.04686967
v -0.82842510 0.67089090 0.22247640
v -0.83486000 0.75395960 0.28386700
v -0.84414650 0.75508590 0.15973410
v -0.87067730 0.92436180 0.14832740
v -0.79219920 0.76901740 0.28949790
v -0.82956840 0.96247580 0.20276800
v -0.80780650 0.78204440 0.28327670
v -0.76187380 0.85655340 0.29858320
v -0.63100940 1.32257200 0.13484840
v -0.63248390 1.26821600 0.19956860
v -0.62639870 1.28142100 0.06910688
v -0.65043410 1.15013200 0.24986090
v -0.62460070 1.28982100 0.11865030
v -0.69765420 0.89859570 0.32798000
v -0.57941560 0.65843880 0.20744630
v -0.57025380 0.56715700 0.29562460
v -0.57711310 0.55991040 0.30570010
v -0.57644060 0.65162010 0.23197840
v -0.59154310 0.93044790 0.14669250
v -0.68573930 1.03496600 0.29718910
v -0.71485290 1.08457000 0.28840490
v -0.57082930 0.86190480 0.21484890
v -0.64890070 0.66357170 0.33789990
v -0.56992490 0.65505540 0.30645950
v -0.59862530 0.69727790 0.33296640
v -0.59014530 0.81807180 0.20032630
v -0.61038570 1.03538000 0.24955200
v -0.59800350 1.01140000 0.24001340
v -0.59266010 0.99756770 0.21323520
v -0.56444300 0.83027600 0.24281630
v -0.56576120 0.82399320 0.26599190
v -0.56993550 0.88514310 0.22432510
v -0.57260850 0.89477770 0.24303540
v -0.66447500 0.84552720 0.31212140
v -0.69047790 0.82689930 -0.05105107
v -0.62220400 1.21079500 -0.01846731
v -0.66063390 0.57816370 -0.02857114
v -0.62282880 1.27188500 0.05107146
v -0.56180660 0.59699460 0.11031110
v -0.57732590 0.57375900 0.10036660
v -0.67362570 0.90546520 -0.04474124
v -0.67279400 0.92937550 -0.04328064
v -0.59866990 0.64992550 0.04859575
v -0.62322640 0.75234900 -0.00193845
v -0.59563750 0.68489730 0.01182475
v -0.62557680 0.66391910 -0.01022863
v -0.65152360 0.66464610 -0.03623254
v -0.54212480 0.60960390 0.14183600
v -0.59507020 0.83066640 0.07046195
v -0.60308450 0.86825360 0.04740841
v -0.73027420 0.59096880 -0.03451983
v -0.85990800 0.80491820 0.08487938
v -0.85843380 0.65251060 0.03495509
v -0.84973230 0.71300580 0.08303360
v -0.79303540 1.05561400 -0.01969882
v -0.79481250 1.11241400 -0.03463513
v -0.79780780 1.03286000 -0.01835656
v -0.72888540 0.62695900 -0.03842619
v -0.82727060 0.99725790 0.02593009
v -0.83525090 1.14902900 -0.01750000
v -0.76548470 0.82709690 -0.04726934
v -0.84384340 0.84745120 0.06260752
v -0.84914650 0.63721590 0.19289470
v -0.87265980 0.67566410 0.26679680
v -0.74459590 0.72756850 0.31980990
v -0.83765710 0.79460170 0.19565630
v -0.81049940 0.73182990 0.28704050
v -0.85666770 0.85896680 0.14667170
v -0.84386190 0.79816430 0.23882750
v -0.62201770 1.26079700 0.12153860
v -0.62555100 1.30255100 0.09996625
v -0.61352360 1.05410800 0.18049840
v -0.65411660 0.62518480 0.34136340
v -0.60810360 0.58632200 0.32616720
v -0.60928710 1.03823500 0.19181980
v -0.66171460 0.69588710 0.34101340
v -0.63769380 0.84530010 0.31485420
v -0.61407730 0.76373770 0.33010520
v -0.60157340 0.74821760 0.33111320
v -0.64454640 0.82830050 0.31739760
v -0.58211950 0.92357630 0.25874360
v -0.57853510 0.91730390 0.25000730
v -0.71244500 1.16763400 -0.07573313
v -0.74086230 1.14927600 -0.07100143
v -0.64632530 0.70341350 -0.03450647
v -0.61435790 1.19777200 0.03897698
v -0.67950870 0.75786550 -0.04721264
v -0.65836720 0.68544560 -0.04145168
v -0.64654810 0.68629220 -0.03048755
v -0.57147310 0.70461670 0.13336520
v -0.62891740 0.87418550 0.01504134
v -0.57661360 0.80033830 0.14665080
v -0.57575970 0.76661990 0.12844480
v -0.63689680 0.79706700 -0.01228055
v -0.59936560 0.61610720 0.04840848
v -0.56905870 0.67448660 0.12156920
v -0.59057650 0.67436680 0.01699629
v -0.57911060 0.81255690 0.13333390
v -0.59699270 0.83456530 0.10636740
v -0.56542710 0.81031420 0.23008400
f 26 27 142
f 29 105 28
f 142 27 28
f 142 25 26
f 38 39 129
f 164 134 163
f 135 164 23
f 126 35 36
f 44 45 116
f 191 21 22
f 36 37 125
f 19 238 239
f 210 211 255
f 40 120 39
f 30 2372 105
f 19 239 18
f 2372 113 106
f 105 29 30
f 111 104 154
f 353 18 239
f 34 35 122
f 589 91 586
f 81 82 83
f 585 587 112
f 288 192 286
f 75 103 199
f 294 269 17
f 93 94 204
f 10 533 229
f 277 11 12
f 587 145 112
f 15 267 14
f 49 169 736
f 87 118 2305
f 5 231 4
f 81 83 111
f 189 2 2405
f 1862 163 22
f 31 32 113
f 189 188 2
f 231 284 4
f 150 166 105
f 96 160 95
f 206 209 208
f 172 91 92
f 123 118 88
f 109 44 116
f 2305 108 86
f 111 154 114
f 84 104 83
f 79 80 114
f 117 174 113
f 584 127 588
f 75 76 103
f 91 172 586
f 235 161 190
f 155 120 40
f 125 37 38
f 582 128 153
f 118 123 124
f 43 44 109
f 124 123 127
f 121 109 128
f 123 89 127
f 45 46 110
f 58 220 219
f 110 100 116
f 46 139 110
f 177 178 99
f 151 33 34
f 585 78 583
f 47 101 46
f 117 33 151
f 196 50 51
f 33 117 32
f 242 55 300
f 119 155 41
f 42 121 119
f 221 218 220
f 122 175 151
f 53 194 240
f 110 116 45
f 240 2310 816
f 114 584 583
f 127 89 90
f 86 108 85
f 139 46 101
f 41 42 119
f 118 124 154
f 74 75 198
f 199 750 198
f 112 77 78
f 79 583 78
f 108 104 84
f 109 121 43
f 104 111 83
f 2305 86 87
f 118 87 88
f 81 111 80
f 117 113 32
f 123 88 89
f 108 84 85
f 114 583 79
f 119 121 128
f 126 122 35
f 588 586 587
f 66 67 230
f 121 42 43
f 114 154 124
f 30 31 2372
f 104 108 2305
f 118 154 2305
f 750 140 73
f 100 177 181
f 71 252 70
f 111 114 80
f 461 136 352
f 280 230 278
f 223 852 270
f 125 126 36
f 155 40 41
f 175 122 126
f 129 125 38
f 405 183 404
f 130 129 120
f 115 130 405
f 120 2306 130
f 115 212 2304
f 322 318 319
f 227 532 410
f 230 342 65
f 161 189 190
f 135 165 164
f 245 52 921
f 698 169 48
f 100 110 139
f 100 139 138
f 138 139 48
f 148 143 145
f 171 72 73
f 147 246 102
f 205 92 93
f 148 144 143
f 166 142 105
f 135 25 142
f 23 24 135
f 145 143 77
f 145 149 148
f 144 103 143
f 143 76 77
f 103 102 199
f 112 145 77
f 144 147 102
f 146 173 304
f 149 145 587
f 149 146 148
f 586 149 587
f 144 148 304
f 166 150 97
f 237 150 106
f 113 2372 31
f 460 2307 107
f 151 175 176
f 151 34 122
f 109 152 128
f 128 152 153
f 109 116 181
f 153 152 99
f 99 152 177
f 152 109 181
f 99 178 2309
f 589 127 90
f 2306 120 155
f 419 411 420
f 270 271 328
f 363 496 534
f 282 395 446
f 345 235 285
f 208 141 206
f 188 233 160
f 21 191 2303
f 164 163 1862
f 163 134 192
f 23 164 1862
f 166 165 135
f 346 165 97
f 134 164 165
f 165 166 97
f 142 166 135
f 350 238 351
f 416 415 411
f 261 215 216
f 215 261 2308
f 298 299 2373
f 301 433 2373
f 214 179 2309
f 2309 178 213
f 137 177 138
f 48 169 138
f 72 71 864
f 253 201 251
f 203 95 483
f 172 92 205
f 146 205 173
f 172 205 146
f 205 204 173
f 249 173 206
f 106 113 174
f 150 2372 106
f 151 174 117
f 176 254 174
f 175 210 176
f 311 310 210
f 169 137 138
f 178 177 137
f 256 261 216
f 178 137 213
f 2309 179 180
f 214 2309 213
f 49 213 137
f 185 2374 182
f 183 582 184
f 152 181 177
f 180 184 153
f 582 153 184
f 115 405 457
f 184 180 185
f 182 183 184
f 2308 261 314
f 184 185 182
f 314 2374 185
f 318 320 277
f 353 239 293
f 411 415 431
f 370 273 334
f 7 8 228
f 282 446 2377
f 435 591 434
f 533 11 277
f 278 67 68
f 281 342 230
f 308 307 302
f 342 281 374
f 133 233 235
f 483 95 160
f 1 2 2282
f 188 161 233
f 483 484 450
f 209 204 203
f 190 189 234
f 188 189 161
f 284 190 234
f 193 162 236
f 163 191 22
f 346 237 2379
f 238 20 351
f 293 239 350
f 265 57 218
f 197 51 52
f 921 2310 245
f 197 52 168
f 168 52 245
f 196 213 50
f 199 198 75
f 144 102 103
f 140 199 102
f 249 304 173
f 403 356 306
f 70 305 69
f 140 171 73
f 202 72 171
f 171 247 251
f 252 202 201
f 203 204 94
f 95 203 94
f 173 204 206
f 205 93 204
f 208 209 207
f 483 160 484
f 307 309 302
f 204 209 206
f 483 209 203
f 349 254 310
f 286 192 134
f 254 176 310
f 151 176 174
f 211 126 212
f 255 107 311
f 211 175 126
f 211 312 255
f 357 212 115
f 125 2304 126
f 312 211 212
f 50 213 49
f 214 213 196
f 214 196 215
f 215 197 168
f 297 259 258
f 258 259 257
f 216 215 168
f 217 168 245
f 217 194 258
f 257 464 256
f 168 217 2375
f 185 180 179
f 153 99 180
f 2309 180 99
f 100 138 177
f 116 100 181
f 185 179 2308
f 262 58 59
f 263 59 60
f 243 355 242
f 262 220 58
f 262 361 468
f 57 219 218
f 218 219 220
f 508 517 506
f 266 355 243
f 409 221 220
f 368 15 16
f 186 2311 267
f 271 955 62
f 273 62 63
f 329 272 328
f 224 333 61
f 263 361 262
f 592 226 6
f 592 6 225
f 7 225 6
f 226 337 283
f 282 231 232
f 6 226 274
f 228 8 187
f 187 8 227
f 187 276 228
f 228 225 7
f 229 9 1885
f 227 8 9
f 10 11 533
f 227 229 532
f 9 229 227
f 230 67 278
f 279 68 69
f 281 280 159
f 369 335 342
f 232 231 5
f 454 399 480
f 160 96 188
f 235 233 161
f 484 233 133
f 189 3 234
f 285 190 284
f 235 190 285
f 193 236 20
f 191 192 193
f 163 192 191
f 150 237 97
f 237 106 348
f 239 238 350
f 236 351 20
f 293 350 167
f 294 18 353
f 326 269 325
f 245 240 217
f 295 53 241
f 299 54 55
f 241 195 295
f 241 54 299
f 299 242 2373
f 57 265 56
f 221 244 266
f 196 51 197
f 240 245 2310
f 304 250 147
f 246 200 247
f 102 246 140
f 170 247 200
f 171 251 202
f 140 247 171
f 246 247 140
f 200 248 170
f 200 246 147
f 309 141 208
f 248 200 250
f 304 147 144
f 250 249 141
f 247 170 251
f 253 251 170
f 141 249 206
f 202 252 71
f 356 252 201
f 356 305 252
f 338 339 279
f 201 202 251
f 254 106 174
f 106 254 348
f 211 210 175
f 257 256 2375
f 2375 256 216
f 464 260 256
f 258 257 2375
f 464 257 359
f 297 258 194
f 260 98 314
f 179 214 2308
f 263 262 59
f 264 263 60
f 361 263 264
f 60 333 264
f 315 361 264
f 316 361 317
f 266 265 218
f 300 56 243
f 221 266 218
f 266 244 355
f 13 14 2311
f 319 186 323
f 368 267 15
f 268 222 16
f 268 17 269
f 16 222 368
f 222 268 269
f 271 270 955
f 223 270 328
f 273 271 62
f 330 332 377
f 329 328 271
f 329 331 272
f 334 63 64
f 64 65 335
f 369 336 370
f 275 226 283
f 226 275 274
f 5 275 232
f 337 226 592
f 276 434 228
f 227 410 187
f 499 187 410
f 410 470 499
f 568 131 2380
f 187 499 276
f 435 434 2318
f 277 531 533
f 279 278 68
f 305 279 69
f 338 279 305
f 339 280 278
f 371 340 159
f 230 65 66
f 335 65 342
f 373 281 159
f 281 373 374
f 283 282 232
f 283 343 282
f 231 282 2377
f 283 232 275
f 392 395 343
f 4 284 234
f 284 2377 285
f 446 344 399
f 134 165 346
f 346 97 237
f 134 346 286
f 288 347 287
f 347 286 2379
f 288 287 292
f 351 290 289
f 162 292 290
f 292 162 288
f 192 288 162
f 292 291 290
f 291 352 289
f 291 289 290
f 167 289 352
f 417 293 2313
f 269 294 325
f 194 53 295
f 298 296 195
f 354 474 512
f 297 194 295
f 298 433 296
f 299 298 195
f 242 299 55
f 265 243 56
f 242 300 243
f 425 354 296
f 309 208 303
f 450 485 453
f 208 207 303
f 250 141 248
f 250 304 249
f 252 305 70
f 201 253 306
f 308 403 306
f 307 306 253
f 306 307 308
f 302 309 303
f 447 302 303
f 403 308 481
f 248 309 307
f 309 248 141
f 170 248 307
f 310 176 210
f 311 107 578
f 310 311 563
f 255 311 210
f 512 259 354
f 256 260 261
f 2308 314 185
f 260 314 261
f 315 391 317
f 264 333 360
f 361 315 317
f 318 277 12
f 318 322 320
f 12 13 318
f 2311 318 13
f 267 2311 14
f 318 2311 319
f 366 545 323
f 502 321 364
f 321 320 322
f 364 321 322
f 321 157 365
f 323 322 319
f 324 323 186
f 186 267 367
f 2313 412 417
f 269 326 222
f 411 327 326
f 590 328 272
f 273 329 271
f 330 329 273
f 330 370 332
f 377 375 376
f 378 379 331
f 330 331 329
f 377 332 375
f 360 224 593
f 333 224 360
f 335 334 64
f 374 398 336
f 273 370 330
f 338 305 356
f 339 338 371
f 278 279 339
f 230 280 281
f 481 372 403
f 302 482 308
f 341 397 398
f 282 343 395
f 340 441 439
f 284 231 2377
f 401 2377 446
f 441 442 455
f 456 451 345
f 286 346 2379
f 402 348 349
f 348 254 349
f 563 349 310
f 289 167 350
f 290 351 236
f 350 351 289
f 519 520 575
f 414 352 136
f 414 167 352
f 353 293 417
f 294 353 325
f 195 297 295
f 297 296 354
f 242 355 2373
f 266 243 265
f 503 355 244
f 2373 355 301
f 306 356 201
f 338 356 403
f 400 449 447
f 481 442 372
f 357 312 212
f 98 260 462
f 255 312 406
f 466 464 465
f 465 359 530
f 259 359 257
f 360 388 315
f 264 360 315
f 316 409 468
f 384 385 382
f 388 391 315
f 323 364 322
f 366 430 545
f 368 367 267
f 327 368 222
f 367 324 186
f 367 327 419
f 368 327 367
f 326 327 222
f 424 418 2316
f 334 335 369
f 369 370 334
f 332 370 336
f 371 159 280
f 439 159 340
f 339 371 280
f 403 372 371
f 340 371 372
f 439 373 159
f 374 373 341
f 398 374 341
f 342 374 369
f 373 439 341
f 375 445 376
f 336 375 332
f 478 568 386
f 379 380 158
f 331 377 378
f 379 378 380
f 388 360 593
f 590 272 158
f 379 272 331
f 382 158 384
f 384 158 380
f 388 387 391
f 380 381 384
f 542 499 470
f 387 385 2314
f 394 393 438
f 593 158 382
f 378 383 2315
f 438 376 445
f 477 492 436
f 382 385 387
f 131 568 541
f 568 2380 386
f 437 386 383
f 2315 383 386
f 378 377 383
f 377 376 383
f 2380 2315 386
f 378 2315 380
f 2314 385 436
f 382 387 388
f 436 385 477
f 2314 391 387
f 317 391 390
f 2376 479 392
f 395 2312 344
f 2376 392 343
f 337 2376 283
f 394 445 396
f 393 437 438
f 2312 392 394
f 393 394 392
f 396 2312 394
f 344 2312 132
f 446 395 344
f 132 2312 396
f 398 396 445
f 396 398 397
f 443 444 132
f 447 303 448
f 345 285 401
f 2381 453 451
f 448 450 453
f 235 345 133
f 133 345 451
f 286 347 288
f 402 347 2379
f 348 2379 237
f 359 259 512
f 354 259 297
f 549 508 507
f 338 403 371
f 2306 405 130
f 358 407 457
f 182 404 183
f 183 405 2306
f 457 405 404
f 406 107 255
f 107 406 460
f 312 407 406
f 407 358 489
f 357 407 312
f 313 467 528
f 2374 490 488
f 464 359 465
f 363 534 156
f 363 156 316
f 537 409 156
f 468 409 220
f 156 409 316
f 321 365 320
f 320 365 531
f 531 277 320
f 470 410 469
f 323 324 366
f 167 414 2313
f 2313 414 413
f 412 2313 413
f 428 412 413
f 416 412 415
f 416 411 326
f 415 412 428
f 325 416 326
f 419 420 2382
f 411 419 327
f 367 419 324
f 420 424 421
f 427 426 431
f 433 301 504
f 476 2320 518
f 432 429 426
f 546 418 509
f 421 430 366
f 425 422 474
f 431 415 427
f 476 413 414
f 415 428 427
f 555 557 516
f 430 421 2316
f 548 473 430
f 565 538 566
f 355 503 301
f 507 506 505
f 513 474 517
f 518 413 476
f 426 418 424
f 510 554 509
f 431 426 424
f 558 432 423
f 429 418 426
f 433 425 296
f 425 433 511
f 374 336 369
f 375 336 398
f 479 478 437
f 479 437 393
f 2318 434 276
f 568 435 541
f 478 435 568
f 436 492 493
f 2314 436 389
f 438 437 383
f 376 438 383
f 394 438 445
f 443 439 441
f 442 441 340
f 456 399 454
f 340 372 442
f 441 440 443
f 308 482 481
f 455 442 486
f 443 440 444
f 440 452 454
f 132 397 443
f 341 443 397
f 454 444 440
f 132 444 480
f 398 445 375
f 401 446 399
f 448 303 207
f 400 486 449
f 448 207 450
f 400 447 448
f 447 449 482
f 450 207 483
f 450 484 485
f 452 2381 456
f 133 451 485
f 456 454 452
f 453 400 448
f 455 452 440
f 2381 452 486
f 485 451 453
f 400 453 2381
f 454 480 444
f 441 455 440
f 486 442 449
f 345 401 456
f 457 357 115
f 357 457 407
f 488 457 404
f 182 488 404
f 523 458 313
f 526 291 487
f 573 461 526
f 459 579 2307
f 581 576 577
f 291 461 352
f 98 408 490
f 462 260 464
f 408 98 462
f 408 463 490
f 457 488 358
f 458 489 313
f 408 466 467
f 462 464 466
f 466 465 529
f 462 466 408
f 408 467 463
f 262 468 220
f 316 468 361
f 469 365 2319
f 472 470 2319
f 531 365 469
f 469 2319 470
f 276 499 2318
f 477 131 498
f 472 542 470
f 471 492 498
f 544 493 494
f 472 471 542
f 501 430 473
f 502 545 501
f 156 534 536
f 474 422 517
f 524 528 525
f 425 474 354
f 461 573 559
f 136 476 414
f 559 2320 476
f 131 477 381
f 437 478 386
f 392 479 393
f 478 591 435
f 443 341 439
f 399 344 480
f 132 480 344
f 449 442 481
f 447 482 302
f 481 482 449
f 209 483 207
f 233 484 160
f 484 133 485
f 2381 486 400
f 455 486 452
f 2374 488 182
f 490 2374 98
f 292 487 291
f 347 402 562
f 287 487 292
f 576 526 487
f 358 488 490
f 467 313 463
f 523 528 524
f 406 407 489
f 463 489 358
f 490 463 358
f 529 465 491
f 530 512 513
f 557 525 529
f 469 532 531
f 531 532 533
f 498 492 477
f 492 471 494
f 472 495 494
f 493 492 494
f 472 494 471
f 495 157 543
f 493 362 389
f 497 389 362
f 389 436 493
f 362 564 496
f 389 497 390
f 496 363 497
f 363 390 497
f 542 498 541
f 541 2318 542
f 501 545 430
f 502 501 500
f 569 538 565
f 544 494 495
f 500 543 502
f 321 502 157
f 364 323 545
f 503 567 504
f 244 221 2383
f 505 504 567
f 433 504 511
f 503 504 301
f 507 508 506
f 422 425 511
f 505 506 511
f 549 510 508
f 549 507 550
f 418 429 509
f 515 594 522
f 522 429 558
f 511 504 505
f 511 506 422
f 359 512 530
f 513 512 474
f 514 513 475
f 513 516 530
f 514 515 571
f 555 516 514
f 594 510 522
f 491 530 516
f 514 516 513
f 513 517 475
f 506 517 422
f 517 508 475
f 2317 427 518
f 574 573 580
f 427 428 518
f 413 518 428
f 520 2317 2320
f 518 2320 2317
f 570 556 572
f 520 423 2317
f 520 519 423
f 519 521 423
f 429 432 558
f 571 555 514
f 521 558 423
f 558 515 522
f 556 521 519
f 521 571 558
f 559 574 2320
f 523 459 460
f 524 560 561
f 458 523 460
f 313 528 523
f 570 557 555
f 525 570 560
f 291 526 461
f 581 526 576
f 402 349 527
f 578 577 527
f 529 528 467
f 525 528 529
f 529 467 466
f 529 491 557
f 465 530 491
f 410 532 469
f 229 533 532
f 535 496 564
f 534 496 535
f 552 553 547
f 540 507 505
f 535 551 534
f 362 493 539
f 535 564 565
f 552 547 554
f 2321 536 551
f 534 551 536
f 409 537 221
f 536 2321 537
f 156 536 537
f 2321 2383 537
f 501 538 500
f 473 538 501
f 566 553 565
f 540 505 567
f 544 539 493
f 566 538 473
f 541 498 131
f 471 498 542
f 502 543 157
f 569 543 500
f 500 538 569
f 364 545 502
f 547 566 473
f 418 546 548
f 547 548 546
f 550 507 540
f 510 549 554
f 549 550 552
f 553 551 535
f 565 553 535
f 551 552 550
f 547 553 566
f 552 551 553
f 546 554 547
f 552 554 549
f 546 509 554
f 509 429 522
f 509 522 510
f 555 571 556
f 570 572 560
f 521 556 571
f 556 519 572
f 516 557 491
f 515 558 571
f 561 560 572
f 524 525 560
f 575 561 572
f 523 524 459
f 562 287 347
f 487 562 576
f 287 562 487
f 527 562 402
f 577 562 527
f 577 579 581
f 362 496 497
f 539 564 362
f 539 565 564
f 565 539 569
f 244 567 503
f 2383 567 244
f 537 2383 221
f 2321 540 2383
f 550 540 2321
f 2318 541 435
f 544 495 543
f 544 569 539
f 543 569 544
f 548 547 473
f 557 570 525
f 556 570 555
f 519 575 572
f 581 580 573
f 580 575 574
f 520 574 575
f 559 573 574
f 559 136 461
f 476 136 559
f 580 561 575
f 577 576 562
f 527 563 578
f 578 563 311
f 580 579 459
f 526 581 573
f 577 578 579
f 561 580 459
f 580 581 579
f 582 2306 119
f 585 112 78
f 124 584 114
f 127 584 124
f 583 584 585
f 149 586 172
f 588 587 585
f 584 588 585
f 589 588 127
f 91 589 90
f 588 589 586
f 593 590 158
f 328 590 223
f 225 434 591
f 592 591 2378
f 434 225 228
f 388 593 382
f 594 475 508
f 514 475 515
f 475 594 515
f 510 594 508
f 688 632 631
f 722 623 622
f 49 812 50
f 625 727 728
f 682 689 687
f 1109 669 699
f 240 816 53
f 786 785 772
f 638 2384 101
f 722 683 623
f 637 636 671
f 60 59 2325
f 686 628 2385
f 682 631 630
f 687 677 682
f 684 2385 627
f 736 169 698
f 674 649 648
f 2389 888 57
f 727 624 683
f 2325 59 887
f 59 58 887
f 56 2389 57
f 724 664 787
f 637 2384 638
f 874 878 731
f 744 641 640
f 61 850 852
f 726 727 683
f 62 955 849
f 685 671 636
f 673 667 699
f 676 663 645
f 68 67 855
f 672 700 673
f 1097 738 739
f 667 702 705
f 714 620 619
f 803 909 910
f 644 669 676
f 639 74 661
f 751 749 750
f 674 668 729
f 74 198 661
f 704 654 703
f 639 661 711
f 671 685 660
f 683 752 726
f 730 762 2385
f 642 673 643
f 629 686 689
f 681 680 633
f 668 647 663
f 674 647 668
f 645 663 646
f 644 676 645
f 795 688 677
f 676 729 668
f 730 2385 684
f 708 662 709
f 699 669 643
f 626 625 728
f 1109 1108 675
f 686 629 628
f 684 627 626
f 682 688 631
f 681 688 795
f 624 727 625
f 621 679 723
f 624 623 683
f 607 885 608
f 621 723 622
f 682 677 688
f 716 679 714
f 762 760 687
f 714 618 617
f 715 714 617
f 681 632 688
f 628 627 2385
f 714 619 618
f 682 630 689
f 757 835 795
f 729 676 669
f 723 679 716
f 677 760 757
f 674 729 675
f 620 679 621
f 728 684 626
f 701 702 700
f 658 809 659
f 673 642 672
f 47 638 101
f 733 891 954
f 806 808 805
f 637 671 2384
f 811 809 2283
f 707 655 704
f 632 681 633
f 660 697 671
f 672 642 641
f 674 675 650
f 652 1108 705
f 674 650 649
f 648 647 674
f 714 679 620
f 675 651 650
f 687 689 686
f 705 702 653
f 1091 1041 989
f 676 668 663
f 717 725 724
f 943 873 872
f 633 680 634
f 805 597 596
f 1108 651 675
f 878 925 930
f 744 745 708
f 598 960 952
f 960 987 800
f 644 643 669
f 891 845 847
f 685 636 635
f 665 837 743
f 629 689 630
f 635 634 680
f 911 804 909
f 737 657 656
f 72 815 73
f 1109 699 667
f 817 2386 1048
f 773 1105 774
f 660 693 698
f 697 660 698
f 698 693 736
f 139 101 48
f 2384 671 697
f 48 697 698
f 729 669 1109
f 667 705 1109
f 700 666 701
f 667 700 702
f 673 700 667
f 666 700 672
f 709 706 701
f 704 655 654
f 701 666 709
f 703 702 701
f 653 702 703
f 703 701 704
f 653 703 654
f 706 704 701
f 704 706 707
f 652 705 653
f 706 709 662
f 656 655 707
f 748 858 747
f 707 706 713
f 745 744 640
f 662 713 706
f 712 813 710
f 863 859 861
f 744 666 672
f 709 666 708
f 711 640 639
f 749 711 661
f 708 747 662
f 198 750 661
f 751 750 73
f 694 746 749
f 1092 735 1093
f 858 713 662
f 738 713 712
f 715 617 616
f 716 714 715
f 615 715 616
f 720 725 717
f 719 723 718
f 752 670 726
f 719 718 717
f 720 718 753
f 719 717 670
f 717 724 670
f 787 781 724
f 721 715 615
f 755 740 754
f 723 722 622
f 722 719 752
f 723 716 718
f 722 723 719
f 696 725 720
f 664 724 725
f 718 720 717
f 754 696 720
f 727 726 678
f 728 727 678
f 675 729 1109
f 681 834 680
f 680 834 665
f 684 728 869
f 840 605 838
f 1011 1010 973
f 55 890 300
f 601 847 602
f 854 805 808
f 1068 989 1090
f 804 64 63
f 1068 1065 1066
f 857 793 833
f 736 693 867
f 712 739 738
f 809 658 2285
f 738 707 713
f 739 712 710
f 707 738 737
f 739 710 997
f 739 997 1094
f 202 71 72
f 70 865 71
f 922 816 2310
f 695 968 923
f 610 609 819
f 880 886 606
f 753 716 715
f 743 742 660
f 693 660 742
f 743 660 685
f 867 693 823
f 665 743 2322
f 742 743 826
f 666 744 708
f 641 744 672
f 745 640 711
f 746 745 711
f 708 745 747
f 749 746 711
f 747 746 748
f 745 746 747
f 748 746 694
f 859 813 748
f 748 813 858
f 749 751 694
f 859 748 694
f 661 750 749
f 815 751 73
f 820 751 815
f 722 752 683
f 670 752 719
f 716 753 718
f 721 753 715
f 615 614 755
f 755 721 615
f 755 754 721
f 613 755 614
f 1047 740 817
f 696 754 740
f 728 678 869
f 757 795 677
f 756 761 760
f 766 759 761
f 759 757 761
f 765 768 758
f 836 757 759
f 769 770 772
f 776 758 769
f 759 765 758
f 769 758 768
f 776 836 758
f 677 687 760
f 762 687 686
f 760 761 757
f 763 821 756
f 756 760 762
f 730 763 762
f 756 762 763
f 822 764 767
f 767 766 822
f 783 765 766
f 759 766 765
f 783 766 767
f 774 768 783
f 774 1105 771
f 770 769 768
f 771 784 770
f 776 775 777
f 771 768 774
f 770 784 779
f 782 767 764
f 771 1107 784
f 770 768 771
f 785 769 772
f 825 775 790
f 777 825 824
f 785 790 775
f 777 775 825
f 782 773 767
f 773 774 783
f 775 776 769
f 793 857 790
f 824 825 823
f 776 777 871
f 837 665 796
f 779 792 786
f 779 2387 830
f 764 822 916
f 787 788 781
f 782 866 780
f 670 724 791
f 764 916 866
f 724 781 791
f 773 783 767
f 779 784 2387
f 785 775 769
f 1004 725 696
f 791 781 789
f 772 779 786
f 794 790 785
f 829 792 870
f 785 786 794
f 790 794 793
f 867 823 857
f 1049 2388 664
f 730 868 763
f 791 726 670
f 790 857 825
f 917 789 781
f 726 791 678
f 786 2324 794
f 792 830 870
f 830 831 870
f 52 51 832
f 794 2324 828
f 833 51 50
f 871 835 836
f 796 665 834
f 778 837 796
f 835 796 834
f 796 871 778
f 841 840 797
f 901 733 976
f 1111 877 884
f 932 887 888
f 941 829 870
f 901 845 891
f 848 847 903
f 270 983 955
f 61 333 850
f 962 800 987
f 990 803 910
f 856 802 855
f 805 807 806
f 807 2283 806
f 801 988 1066
f 853 854 801
f 807 805 596
f 596 1284 807
f 811 807 1284
f 810 2285 658
f 2283 809 735
f 1094 1097 739
f 809 2285 735
f 1071 2283 735
f 811 2283 807
f 1284 595 2284
f 811 1284 2284
f 657 810 658
f 809 811 659
f 857 833 812
f 736 812 49
f 707 737 656
f 737 1097 810
f 657 737 810
f 712 858 813
f 710 813 863
f 863 860 996
f 815 72 864
f 865 908 991
f 861 859 820
f 817 740 613
f 755 613 740
f 1489 612 2386
f 1003 1047 1048
f 819 966 1002
f 914 1002 966
f 912 609 608
f 915 819 1002
f 763 868 920
f 822 756 821
f 822 821 916
f 778 777 824
f 826 778 824
f 824 742 826
f 824 823 742
f 823 825 857
f 868 869 827
f 917 827 789
f 921 832 828
f 922 828 2324
f 792 829 2324
f 779 830 792
f 830 695 831
f 832 51 833
f 833 793 832
f 828 832 793
f 794 828 793
f 52 832 921
f 795 834 681
f 795 835 834
f 757 836 835
f 836 759 758
f 777 778 871
f 837 778 826
f 743 837 826
f 797 840 838
f 872 605 1443
f 1110 885 886
f 873 874 838
f 872 838 605
f 876 841 797
f 877 876 924
f 839 841 876
f 892 604 846
f 872 873 838
f 888 58 219
f 889 56 300
f 889 974 971
f 241 940 54
f 603 844 900
f 602 845 844
f 604 892 893
f 900 844 845
f 604 603 846
f 903 601 600
f 905 600 599
f 891 847 848
f 847 845 602
f 903 847 601
f 848 903 953
f 983 956 955
f 1130 849 1131
f 851 852 850
f 906 907 850
f 1112 984 851
f 852 851 983
f 853 801 987
f 854 853 597
f 855 802 2286
f 856 67 66
f 860 993 995
f 65 64 911
f 856 66 803
f 803 66 911
f 66 65 911
f 804 63 1130
f 812 833 50
f 857 812 867
f 713 858 712
f 747 858 662
f 820 859 694
f 861 862 992
f 862 864 865
f 862 861 820
f 863 861 860
f 815 862 820
f 862 865 992
f 860 995 996
f 859 863 813
f 997 710 996
f 1095 1094 814
f 865 864 71
f 815 864 862
f 908 70 69
f 992 865 991
f 915 612 611
f 2386 612 818
f 912 819 609
f 915 610 819
f 885 912 608
f 912 1114 966
f 818 612 915
f 917 918 920
f 780 2323 1132
f 764 866 782
f 780 866 2323
f 919 2323 866
f 736 867 812
f 742 823 693
f 869 868 730
f 868 827 920
f 869 730 684
f 827 678 789
f 869 678 827
f 835 871 796
f 776 871 836
f 943 894 873
f 894 943 896
f 874 873 875
f 838 874 797
f 874 731 924
f 875 873 894
f 924 731 877
f 797 874 924
f 874 875 878
f 884 970 1055
f 883 881 882
f 924 876 797
f 882 876 877
f 926 945 929
f 879 875 894
f 877 731 884
f 878 875 879
f 970 878 930
f 895 899 894
f 925 879 926
f 899 879 894
f 881 880 839
f 885 607 886
f 839 880 841
f 882 881 839
f 1110 881 883
f 882 839 876
f 883 1111 2329
f 1111 883 882
f 1161 1159 1172
f 884 1055 1111
f 607 606 886
f 881 886 880
f 888 887 58
f 798 887 932
f 2325 887 798
f 889 2389 56
f 890 889 300
f 937 55 54
f 241 53 940
f 937 54 843
f 829 816 922
f 843 54 940
f 891 733 901
f 897 900 901
f 929 925 926
f 895 894 896
f 896 892 846
f 893 943 872
f 893 892 943
f 976 978 944
f 898 897 944
f 895 897 898
f 897 896 846
f 895 896 897
f 846 900 897
f 898 978 979
f 898 951 895
f 951 899 895
f 603 900 846
f 901 900 845
f 901 976 944
f 1057 933 1056
f 951 898 979
f 926 946 945
f 946 902 945
f 905 903 600
f 599 952 905
f 952 800 904
f 598 952 599
f 905 953 903
f 953 905 904
f 982 906 2325
f 972 973 1010
f 1112 907 1014
f 986 957 958
f 956 957 959
f 987 961 853
f 801 962 987
f 805 854 597
f 988 854 808
f 1000 856 990
f 855 67 856
f 964 2286 802
f 865 70 908
f 855 2286 69
f 908 69 2286
f 996 710 863
f 911 909 803
f 999 990 910
f 804 911 64
f 959 1040 1131
f 912 913 1114
f 885 913 912
f 912 966 819
f 1046 967 1080
f 967 741 818
f 611 610 915
f 918 916 821
f 866 916 919
f 781 788 917
f 916 918 919
f 920 918 821
f 918 917 919
f 920 821 763
f 922 921 828
f 829 922 2324
f 941 816 829
f 968 695 1005
f 878 879 925
f 899 926 879
f 929 930 925
f 929 945 948
f 929 927 930
f 878 970 731
f 928 970 930
f 798 932 931
f 935 931 1006
f 935 934 931
f 2389 932 888
f 931 932 1006
f 1006 2389 971
f 935 1006 936
f 1119 1127 1118
f 935 933 1123
f 933 935 936
f 933 1057 1123
f 798 972 982
f 798 931 934
f 973 934 1122
f 1007 974 1008
f 938 937 799
f 938 799 939
f 937 938 890
f 1018 939 799
f 890 55 937
f 816 940 53
f 1051 941 831
f 891 848 954
f 892 896 943
f 898 944 978
f 901 944 897
f 949 945 902
f 899 946 926
f 979 902 946
f 1024 902 981
f 929 948 927
f 980 981 979
f 950 945 949
f 948 945 1023
f 947 950 949
f 1023 945 950
f 979 946 951
f 946 899 951
f 800 952 960
f 905 952 904
f 1062 986 1059
f 1026 953 904
f 954 848 1028
f 733 942 976
f 953 1028 848
f 906 982 842
f 907 906 842
f 906 850 333
f 1112 850 907
f 1112 851 850
f 956 851 984
f 955 959 849
f 959 955 956
f 956 984 957
f 959 957 1040
f 957 984 958
f 1031 1100 1038
f 1040 957 986
f 961 960 598
f 960 961 987
f 963 802 1000
f 1000 802 856
f 965 963 1000
f 802 963 964
f 1042 994 995
f 1040 734 1085
f 967 1002 914
f 914 1081 1080
f 741 967 1046
f 695 923 831
f 843 799 937
f 1018 799 969
f 927 690 1053
f 928 930 927
f 1126 1053 690
f 970 928 1055
f 731 970 884
f 57 888 219
f 936 1006 971
f 973 972 934
f 1011 973 1128
f 889 971 2389
f 1007 971 974
f 890 974 889
f 938 974 890
f 1008 938 939
f 1008 1115 732
f 976 942 977
f 1060 733 954
f 1059 985 1017
f 980 977 1016
f 977 978 976
f 1116 950 1009
f 927 948 690
f 1127 948 1023
f 947 949 1024
f 979 978 980
f 978 977 980
f 1058 980 1016
f 902 979 981
f 800 1025 904
f 1027 1026 1030
f 1031 1029 1100
f 982 2325 798
f 982 972 842
f 852 983 270
f 983 851 956
f 1015 984 1112
f 962 801 1066
f 989 988 808
f 854 988 801
f 808 1091 989
f 1095 1096 692
f 1063 1065 691
f 803 990 856
f 2286 991 908
f 993 992 991
f 992 993 860
f 1044 1042 1043
f 1074 1075 1073
f 1042 993 991
f 2287 814 997
f 861 992 860
f 2287 997 996
f 995 994 2287
f 994 1074 1076
f 1072 1041 692
f 1087 1084 1086
f 1001 999 1045
f 1001 1000 990
f 1069 691 1065
f 915 1002 818
f 1004 1003 1050
f 1003 1004 696
f 696 740 1047
f 1004 1050 1049
f 725 1004 664
f 1102 2326 1133
f 2386 741 1048
f 1002 967 818
f 1147 968 1005
f 1022 923 968
f 831 923 969
f 940 1051 843
f 799 843 969
f 1051 969 843
f 1129 1127 1119
f 1106 1140 1147
f 1007 936 971
f 974 938 1008
f 1115 1008 939
f 732 1007 1008
f 1123 934 935
f 950 1116 1023
f 1061 1128 947
f 1012 1014 907
f 1011 1128 1061
f 1012 1010 1011
f 907 842 1012
f 972 1010 842
f 1012 842 1010
f 1014 1012 2327
f 1011 1061 2327
f 2327 1083 1013
f 1013 985 1015
f 1015 1014 1013
f 1015 985 1059
f 1015 958 984
f 1016 977 1070
f 1070 977 942
f 1017 1016 1070
f 1017 985 1058
f 1115 939 975
f 1018 969 923
f 975 939 1018
f 1150 1022 1143
f 1142 1149 1143
f 1115 1021 1121
f 1020 1018 923
f 975 1019 1021
f 1019 975 1020
f 1020 975 1018
f 1151 1153 1125
f 923 1022 1020
f 690 948 1127
f 1061 1024 1083
f 1014 2327 1013
f 902 1024 949
f 1024 981 1083
f 800 962 1025
f 1026 904 1025
f 1028 1026 1027
f 1026 1025 1032
f 1027 1030 1035
f 1031 1027 1035
f 1028 1027 1039
f 1026 1028 953
f 1045 1063 691
f 1045 1037 1063
f 1035 1029 1031
f 734 986 1062
f 1030 1026 1032
f 1064 1032 1025
f 1036 1030 1032
f 1029 1035 1033
f 1034 1036 1037
f 999 910 1087
f 1033 1035 1034
f 1035 1030 1034
f 1037 1036 1063
f 1100 1070 1038
f 1027 1031 1039
f 1038 1039 1031
f 986 734 1040
f 1033 734 1062
f 1059 986 958
f 1071 1091 806
f 1064 1025 962
f 1043 991 2286
f 1044 1043 964
f 991 1043 1042
f 1000 1001 965
f 999 1001 990
f 1080 967 914
f 1050 1046 1082
f 1048 1047 817
f 1047 1003 696
f 817 1427 2386
f 1046 1048 741
f 787 664 2388
f 1004 1049 664
f 1102 1050 1082
f 1050 1003 1046
f 1048 1046 1003
f 816 941 940
f 969 1051 831
f 690 1127 1129
f 928 1053 1054
f 1126 1052 1053
f 1053 1052 1054
f 1166 1055 1168
f 927 1053 928
f 928 1054 1055
f 1007 732 1056
f 936 1056 933
f 1118 1116 1117
f 1057 1056 1120
f 1057 1117 1123
f 950 947 1009
f 981 980 1058
f 985 1013 1058
f 1017 1058 1016
f 1015 1059 958
f 1060 942 733
f 1039 1060 954
f 1028 1039 954
f 1024 1061 947
f 1011 2327 1012
f 2327 1061 1083
f 1100 1062 1059
f 1062 1100 1029
f 1063 1064 1065
f 1032 1064 1036
f 1066 1064 962
f 988 1068 1066
f 1069 1065 1068
f 1064 1066 1065
f 1041 1072 1090
f 989 1068 988
f 1067 1069 1068
f 994 1042 1074
f 1077 1069 1067
f 1069 1077 691
f 1017 1070 1100
f 942 1038 1070
f 1071 735 1092
f 1090 1067 1068
f 993 1042 995
f 963 1044 964
f 1042 1044 1074
f 1075 1074 1044
f 1067 1079 1073
f 1075 1044 963
f 1074 1073 1076
f 963 965 1075
f 1001 1045 691
f 1076 1073 1079
f 994 1076 2287
f 1078 1075 965
f 1001 1078 965
f 1079 1072 998
f 1077 1078 691
f 1001 691 1078
f 1046 1080 1082
f 1102 1099 2388
f 2326 1082 1080
f 741 2386 818
f 981 1058 1083
f 1083 1058 1013
f 1017 1100 1059
f 1029 1033 1062
f 1033 1089 734
f 1089 1085 734
f 1085 1086 1084
f 909 1088 910
f 1086 1085 1089
f 1085 1084 1131
f 1045 999 1087
f 1087 910 1088
f 1087 1086 1037
f 1088 909 804
f 1087 1088 1084
f 1034 1089 1033
f 1041 1090 989
f 1079 1090 1072
f 1067 1090 1079
f 806 1091 808
f 692 1091 1071
f 1093 735 2285
f 1096 1095 814
f 1097 1094 1093
f 1093 1094 1095
f 814 1094 997
f 1097 1093 810
f 692 1092 1095
f 1095 1092 1093
f 1096 998 1072
f 738 1097 737
f 1091 692 1041
f 1092 692 1071
f 1096 1072 692
f 1105 773 2390
f 788 1099 2323
f 1133 2328 1132
f 1089 1034 1086
f 1037 1086 1034
f 1087 1037 1045
f 1133 2326 2328
f 1049 1050 1102
f 1099 1102 1133
f 1107 1005 784
f 1104 782 780
f 773 782 1104
f 1156 1146 1103
f 1081 1170 1101
f 1104 780 1103
f 773 1104 2390
f 1134 1156 1103
f 1105 1107 771
f 1107 1105 1106
f 1140 1106 1141
f 1147 1005 1107
f 1147 1107 1106
f 651 1108 652
f 705 1108 1109
f 820 694 751
f 885 1110 913
f 881 1110 886
f 877 1111 882
f 1166 1111 1055
f 1112 1014 1015
f 1164 1170 1171
f 1114 1113 914
f 914 1113 1081
f 883 1162 1110
f 1160 1161 1162
f 1114 913 1172
f 920 827 917
f 1021 1115 975
f 1116 1009 1117
f 1116 1127 1023
f 1122 1117 1009
f 1117 1057 1118
f 1127 1116 1118
f 1118 1120 1119
f 1120 732 1121
f 1128 1009 947
f 1123 1122 934
f 1117 1122 1123
f 1115 1121 732
f 1152 1125 1021
f 1021 1125 1121
f 1153 1124 1125
f 1120 1121 1124
f 1129 1126 690
f 1153 1126 1124
f 1057 1120 1118
f 1124 1119 1120
f 1122 1128 973
f 1009 1128 1122
f 1124 1129 1119
f 1126 1129 1124
f 1131 1088 1130
f 849 959 1131
f 1130 1088 804
f 1084 1088 1131
f 62 849 63
f 1131 1040 1085
f 1101 1098 2328
f 1099 1133 1132
f 1134 2328 1098
f 1103 780 1132
f 1132 2328 1134
f 1159 1171 1172
f 1153 1154 1155
f 1132 1134 1103
f 1138 1136 1164
f 1081 1101 2326
f 1101 1170 1136
f 1152 1151 1125
f 1101 1136 1098
f 1164 1136 1170
f 1139 1156 1098
f 1163 1138 1164
f 1139 1138 1137
f 1135 1144 1137
f 1139 1137 1144
f 1142 1144 1135
f 1147 1140 1143
f 1140 1142 1143
f 1104 1103 1146
f 1141 1146 1145
f 1106 2390 1141
f 1143 1149 1150
f 1145 1144 1142
f 1156 1144 1145
f 2390 1104 1146
f 1145 1146 1156
f 2390 1146 1141
f 1143 1022 1147
f 968 1147 1022
f 1152 1019 1150
f 1148 1142 1135
f 1142 1148 1149
f 1135 1158 1154
f 1151 1149 1148
f 1150 1019 1020
f 1137 1167 1158
f 1052 1157 1168
f 1151 1152 1149
f 1019 1152 1021
f 1022 1150 1020
f 1152 1150 1149
f 1154 1153 1151
f 1154 1151 1148
f 1135 1154 1148
f 1144 1156 1139
f 1157 1052 1155
f 1158 1157 1155
f 1138 1163 1167
f 1155 1154 1158
f 1137 1158 1135
f 1167 1157 1158
f 1161 1172 913
f 1162 2329 1160
f 1163 1159 1160
f 1162 1161 913
f 1159 1161 1160
f 1110 1162 913
f 1165 1160 2329
f 1163 1165 1169
f 1159 1163 1164
f 2329 1166 1165
f 1163 1169 1167
f 1166 1168 1169
f 1111 1166 2329
f 1168 1055 1054
f 1166 1169 1165
f 1138 1167 1137
f 1052 1168 1054
f 1157 1169 1168
f 1167 1169 1157
f 1113 1170 1081
f 1171 1170 1113
f 1172 1171 1113
f 1171 1159 1164
f 1114 1172 1113
f 1145 1140 1141
f 1142 1140 1145
f 616 617 618
f 1311 1234 1272
f 1269 1219 1220
f 616 618 619
f 619 1276 616
f 1345 616 1276
f 1276 619 1173
f 1271 1269 1263
f 1271 1218 1219
f 1348 1312 1350
f 1236 1258 2292
f 647 648 1244
f 1353 1179 1180
f 2331 1258 1266
f 1488 611 612
f 1269 1240 2288
f 2330 1310 1234
f 1267 1261 1250
f 2338 1186 1187
f 1286 1253 1259
f 1247 1224 1225
f 607 608 1433
f 613 614 1486
f 1274 1275 1336
f 1239 1238 1251
f 1507 1357 1394
f 1310 2288 1255
f 1243 647 1244
f 1217 1285 1216
f 872 1443 1445
f 1234 1311 2330
f 1736 1515 1510
f 1237 1261 1260
f 1446 841 880
f 1255 2288 1259
f 1235 1231 1232
f 1397 601 602
f 1323 596 597
f 598 1366 961
f 1325 1297 1378
f 601 1397 1398
f 1334 1306 1213
f 2292 1228 1229
f 1247 1253 1246
f 1226 1227 1242
f 1327 1295 1328
f 1247 1246 1224
f 1339 1343 1340
f 1326 596 1323
f 1232 2291 2290
f 1293 1332 1233
f 1245 1243 1238
f 1226 1242 1254
f 1223 1224 1246
f 1239 1246 1253
f 2292 1258 1241
f 1229 1230 2289
f 1230 1231 1249
f 1240 1248 1286
f 1202 1920 1438
f 1188 1362 1361
f 1241 2331 1267
f 1188 1189 1362
f 1262 1264 1305
f 1265 1261 1267
f 1342 1479 1341
f 1282 1283 1191
f 1395 1204 1205
f 1249 1257 2289
f 1255 1256 1237
f 1245 1248 1221
f 1258 2331 1241
f 1437 1392 1436
f 1437 1498 1392
f 1242 1250 1261
f 1192 1282 1191
f 1238 1244 1251
f 1237 1242 1261
f 1246 1251 1223
f 1247 1256 1253
f 1503 1549 1201
f 1259 1256 1255
f 1550 1201 1549
f 1244 1222 1251
f 1495 1199 1200
f 1236 2292 2289
f 1198 1199 1496
f 1260 1234 1310
f 1260 1255 1237
f 1218 1271 1217
f 1272 1260 1261
f 1263 2330 1309
f 1242 1227 1250
f 1221 1248 1220
f 1238 1243 1244
f 1256 1247 1254
f 1260 1310 1255
f 1287 1257 1249
f 648 1222 1244
f 1237 1256 1254
f 1243 1252 663
f 663 1252 646
f 2289 1257 1236
f 1245 1252 1243
f 1228 1250 1227
f 1243 663 647
f 1221 646 1252
f 1268 1258 1236
f 1415 1209 1210
f 1251 1246 1239
f 1221 1252 1245
f 1381 1382 1343
f 1241 1250 1228
f 1272 1234 1260
f 1222 1223 1251
f 1225 1226 1254
f 1300 1333 1214
f 1212 1306 1308
f 1286 1245 1238
f 1286 1239 1253
f 1308 1306 1307
f 1241 1228 2292
f 1242 1237 1254
f 1256 1259 1253
f 1286 1259 1240
f 2288 1240 1259
f 1272 1261 1265
f 1274 1265 1273
f 1258 1268 1266
f 1265 2331 1273
f 1262 1304 1264
f 1273 2331 1266
f 1241 1267 1250
f 1257 1291 1236
f 1266 1268 1264
f 1271 1263 1309
f 1309 1217 1271
f 1248 1240 1220
f 1270 1273 1304
f 1269 1271 1219
f 1274 1272 1265
f 1311 1272 1336
f 1274 1273 1270
f 1264 1304 1266
f 1275 1274 1270
f 1274 1336 1272
f 1301 1303 1299
f 1270 1301 1299
f 1275 2391 1336
f 1175 1176 1350
f 614 615 1344
f 1277 1276 1173
f 1173 1174 1277
f 1312 1174 1175
f 1177 1349 1350
f 1312 1277 1174
f 1277 1312 1314
f 1183 1184 1360
f 1199 1495 1496
f 1445 893 872
f 1282 1281 1283
f 1282 1193 1281
f 1283 1281 1406
f 1190 1191 1283
f 600 601 1398
f 1484 1614 2393
f 1233 1330 1293
f 1288 1294 1292
f 1217 1309 1285
f 1215 1216 1285
f 1239 1286 1238
f 1235 1287 1231
f 1288 1287 1235
f 2291 1377 2290
f 1268 1289 1264
f 1293 1330 1290
f 1236 1291 1289
f 1288 1292 1287
f 1290 1291 1257
f 1331 1291 1290
f 1290 1292 1293
f 1296 1332 1293
f 1296 1292 1294
f 1292 1296 1293
f 1288 2293 1295
f 1288 1295 1294
f 1328 1295 2293
f 1327 1323 1368
f 1297 1296 1294
f 1378 1295 1327
f 1297 1325 2333
f 1297 1332 1296
f 1303 1301 1302
f 1275 1270 1299
f 1300 2391 1298
f 1298 2391 1275
f 1299 1298 1275
f 1214 1894 1335
f 1301 1304 1262
f 1302 1301 1262
f 1303 1302 1307
f 1299 1303 1298
f 1306 1334 1303
f 1333 1334 1213
f 1270 1304 1301
f 1304 1273 1266
f 1478 1479 1480
f 1308 1343 1382
f 1306 1303 1307
f 1213 1306 1212
f 1340 1341 1479
f 1302 1341 1340
f 1382 1212 1308
f 2288 1310 1263
f 1311 1336 2334
f 1312 1348 1314
f 1344 1346 614
f 1350 1312 1175
f 1314 1345 1277
f 1348 1349 1429
f 1348 1384 1314
f 1432 1384 1431
f 609 610 1387
f 1584 1278 1533
f 1517 1446 1447
f 1516 1433 1388
f 1396 1206 1207
f 1365 1189 1190
f 2338 1187 1361
f 1408 1405 1406
f 1407 1408 1406
f 1365 1283 1406
f 1365 1405 1362
f 1210 1734 1415
f 1474 1484 2393
f 1419 1483 1477
f 1555 1395 1556
f 1368 597 853
f 1369 853 961
f 1370 1368 1369
f 1378 1297 1294
f 1325 1324 1371
f 1371 1324 1376
f 1326 1328 2293
f 596 1326 1377
f 1368 1323 597
f 1368 1370 1327
f 1324 1325 1378
f 1328 1323 1327
f 1323 1328 1326
f 1377 2293 2290
f 1379 1330 1233
f 1291 1331 1289
f 1342 1305 1423
f 1290 1330 1331
f 1379 1331 1330
f 1335 1300 1214
f 1333 1300 1334
f 1300 1298 1334
f 1303 1334 1298
f 1329 1335 1894
f 1300 1335 2391
f 1329 1337 1335
f 2391 1337 1336
f 1338 2334 2392
f 1285 1309 1338
f 1340 1308 1307
f 1305 1342 1341
f 1262 1305 1341
f 1302 1340 1307
f 1375 1423 1233
f 1375 1233 1417
f 1262 1341 1302
f 1426 1381 1343
f 1379 1423 1305
f 1308 1340 1343
f 1345 1344 615
f 616 1345 615
f 1277 1345 1276
f 1346 1352 1486
f 1313 1545 1617
f 1493 1494 1591
f 1431 1429 1383
f 1384 1348 1429
f 1351 1177 1178
f 1429 1349 1347
f 1177 1350 1176
f 1348 1350 1349
f 1349 1177 1351
f 1434 1178 1179
f 1349 1351 1347
f 1314 1385 1344
f 1345 1314 1344
f 1384 1385 1314
f 1344 1385 1346
f 1386 1352 1432
f 1388 1547 1661
f 1387 1548 609
f 1430 1347 1390
f 1694 1709 1708
f 1444 1394 1443
f 1455 1456 1459
f 1407 1409 1280
f 1359 1195 1196
f 1197 1463 1976
f 1389 1466 1467
f 1362 1189 1365
f 1187 1188 1361
f 1322 1364 1321
f 1364 1194 1321
f 1321 1194 1363
f 1364 1322 1193
f 1281 1322 1406
f 1281 1193 1322
f 1283 1365 1190
f 1406 1322 1407
f 598 599 1460
f 1327 1370 1324
f 1734 1210 1211
f 1482 1543 1415
f 1369 1368 853
f 961 1366 1369
f 1370 1366 1324
f 1371 1373 1475
f 1373 1520 1457
f 1417 1233 1332
f 1520 1371 1376
f 1418 1417 2333
f 1417 1374 1375
f 1332 1297 2333
f 1417 1418 1374
f 1478 1339 1479
f 1480 1423 1375
f 1476 1375 1374
f 1472 1366 1460
f 596 1377 1284
f 2293 1377 1326
f 1295 1378 1294
f 1324 1378 1327
f 2392 1329 1215
f 1289 1379 1264
f 1331 1379 1289
f 1338 2330 1311
f 1309 2330 1338
f 1380 1426 1421
f 1426 1343 1339
f 1381 1426 1425
f 1427 1486 1487
f 1489 1487 1428
f 1430 1429 1347
f 1385 1384 1432
f 1547 1591 1546
f 1389 1180 1181
f 1466 1182 1403
f 1434 1353 1390
f 1351 1178 1434
f 1389 1353 1180
f 1523 1353 1389
f 1429 1430 1383
f 1351 1434 1347
f 1347 1434 1390
f 2394 1390 1353
f 1503 1202 1438
f 1550 1391 1495
f 1197 1198 1497
f 1392 1498 1499
f 1442 1393 1439
f 1447 880 606
f 1507 1508 1506
f 1204 1395 1554
f 1208 1367 1413
f 1597 1557 1442
f 1393 1440 1439
f 1556 1395 1396
f 1204 1554 1441
f 1448 602 844
f 1449 844 603
f 2341 1320 1458
f 1448 1397 602
f 1458 1397 2341
f 1449 1450 1448
f 1194 1400 1363
f 1196 1463 1464
f 1401 1195 2336
f 1522 1359 1464
f 1465 1184 1185
f 1404 1185 1186
f 1403 1527 1467
f 1182 1466 1181
f 1465 1360 1184
f 1182 1183 1403
f 2337 2338 1361
f 1404 1402 1465
f 1280 1411 1586
f 1186 2338 1404
f 1525 1402 1404
f 1362 1405 1524
f 1406 1405 1365
f 1407 1322 1321
f 1409 1407 1321
f 1407 1280 1408
f 1409 1321 1363
f 1470 1408 1280
f 1405 1408 1524
f 1363 1410 1409
f 1400 1401 1410
f 1411 1280 1409
f 1542 1413 1367
f 1414 1416 1412
f 1206 1396 1205
f 1543 1416 1414
f 1543 1414 1415
f 1209 1415 1414
f 1543 1484 1474
f 1367 1208 1412
f 1207 1208 1413
f 1324 1366 1472
f 1369 1366 1370
f 1376 1324 1472
f 2333 1417 1332
f 1475 1325 1371
f 2333 1475 1418
f 1566 1418 1475
f 1374 1418 1372
f 1419 1374 1372
f 1374 1419 1477
f 1566 1372 1418
f 1374 1477 1476
f 1375 1476 1480
f 1479 1339 1340
f 1478 1480 1476
f 1477 1483 1422
f 1478 1421 1339
f 1421 1420 1735
f 1421 1735 1380
f 1422 1735 1420
f 1420 1476 1477
f 1735 1422 1482
f 1233 1423 1379
f 1426 1339 1421
f 1425 1426 1380
f 1489 1427 1487
f 613 1486 1427
f 1487 1352 1386
f 1486 1352 1487
f 1383 1545 1431
f 1490 1530 1491
f 1432 1431 1313
f 1384 1429 1431
f 1432 1313 1616
f 1385 1432 1352
f 1493 1387 610
f 1548 1433 608
f 1466 1389 1181
f 1353 1434 1179
f 1490 2394 1530
f 1467 1527 1583
f 1435 1523 1583
f 2394 1353 1523
f 1389 1467 1523
f 1523 1435 2394
f 1436 1438 1437
f 1438 1920 1437
f 1498 1437 1440
f 1438 1436 1503
f 1439 1440 1203
f 1441 1442 1439
f 1498 1440 1393
f 1442 1441 1554
f 1505 1355 1498
f 1597 1442 1554
f 1393 1442 1557
f 1444 1443 605
f 1445 1443 1394
f 840 841 2335
f 893 1445 1560
f 1447 1446 880
f 606 607 1518
f 1358 1446 1517
f 1395 1205 1396
f 1207 1413 1396
f 1413 1542 1473
f 1449 1448 844
f 1399 1449 603
f 1449 1399 1450
f 603 604 1399
f 1399 1451 1450
f 1519 1565 1452
f 1399 1561 1451
f 1452 1565 2341
f 1450 1451 1452
f 2341 1565 1320
f 1448 2341 1397
f 1452 2341 1450
f 1448 1450 2341
f 1453 1320 1454
f 1398 1458 1459
f 1458 1398 1397
f 1453 1424 1455
f 1458 1320 1453
f 1454 1737 1424
f 1453 1454 1424
f 1472 1471 1376
f 1471 1456 1455
f 1453 1455 1459
f 1424 1457 1455
f 2342 1456 1460
f 1398 1459 2342
f 1521 1566 1373
f 1459 1458 1453
f 2342 1459 1456
f 599 2342 1460
f 1460 1471 1472
f 598 1460 1366
f 1398 2342 600
f 1461 1462 1410
f 1401 1461 1410
f 1463 1196 1976
f 1359 1196 1464
f 1497 1198 1496
f 1497 1553 1463
f 1552 1551 1594
f 1553 1464 1463
f 1522 1464 1571
f 1404 1465 1185
f 1360 1465 1402
f 1467 1466 1403
f 1583 1523 1467
f 1470 1524 1408
f 1280 1586 1470
f 1470 2337 1524
f 1538 1536 1469
f 1576 1534 1462
f 1410 1462 1409
f 1586 1534 1538
f 1586 1538 1469
f 1541 1470 1469
f 1456 1471 1460
f 2393 1614 1649
f 1396 1413 1473
f 1555 1556 1647
f 1556 1396 1473
f 1412 1416 1367
f 1416 1474 1367
f 1566 1475 1373
f 1325 1475 2333
f 1566 1569 1372
f 1636 1737 1634
f 1420 1477 1422
f 1476 1420 1478
f 1421 1478 1420
f 1480 1479 1342
f 1423 1480 1342
f 1482 1481 1543
f 1481 1482 1422
f 1484 1485 1614
f 1484 1481 1485
f 1483 1485 1481
f 1385 1352 1346
f 1650 1487 1386
f 1489 1488 612
f 1654 1488 1428
f 1428 1488 1489
f 1490 1430 1390
f 2394 1490 1390
f 1491 1492 1490
f 1491 2344 1492
f 1545 1313 1431
f 1591 1494 1652
f 611 1493 610
f 611 1494 1493
f 609 1548 608
f 1550 1495 1200
f 1201 1550 1200
f 1496 1495 1391
f 1197 1497 1463
f 1552 1497 1496
f 1553 1497 1552
f 1393 1557 1505
f 1498 1355 1499
f 1501 1621 1354
f 1392 1499 1502
f 1502 1499 1500
f 1436 1392 1501
f 1316 1502 2343
f 1392 1502 1501
f 1686 1684 1316
f 1920 1203 1440
f 1437 1920 1440
f 1503 1354 1549
f 1501 1354 1436
f 1354 1503 1436
f 1555 1597 1554
f 1732 1597 1555
f 1558 1504 1557
f 1393 1505 1498
f 1733 1355 1505
f 605 840 1444
f 1507 1394 1508
f 1509 1507 1506
f 1559 2335 1446
f 1508 1559 1506
f 1506 1559 1723
f 1508 1444 2335
f 1723 1559 1358
f 1509 1357 1507
f 1515 1451 1511
f 1445 1513 1560
f 1317 1514 1512
f 1510 1357 1512
f 1513 1510 1511
f 1317 1512 1509
f 1509 1512 1357
f 1512 1736 1510
f 1736 1512 1514
f 1562 1514 1710
f 1563 1515 1736
f 1451 1515 1563
f 1515 1511 1510
f 1447 1516 1517
f 1388 1661 1672
f 1516 1447 1518
f 1516 2355 1517
f 606 1518 1447
f 607 1433 1518
f 1637 1598 1625
f 1710 1712 1562
f 1519 1452 1563
f 1519 1598 1565
f 1471 1520 1376
f 1457 1520 1455
f 1455 1520 1471
f 1372 1569 1567
f 1359 1522 1573
f 1576 1462 2339
f 1461 1401 2336
f 1571 1572 1522
f 1524 2337 1361
f 1362 1524 1361
f 1539 1525 1536
f 1402 1525 1526
f 1527 2395 1609
f 1609 2395 1526
f 1491 1530 1531
f 1589 1610 1609
f 2344 1531 1533
f 1530 1529 1531
f 1531 1529 1532
f 1491 1531 2344
f 1609 1612 1528
f 1584 1533 1532
f 1608 1533 1278
f 2339 1577 1576
f 1534 1576 1468
f 1534 1468 1538
f 1462 1534 1411
f 1468 1537 1538
f 1536 1525 1541
f 1470 1586 1469
f 1534 1586 1411
f 1468 1576 1575
f 1540 1589 1535
f 1469 1536 1541
f 1539 1536 1535
f 1535 1536 1538
f 1535 1538 1537
f 1539 1535 1589
f 1525 1539 1526
f 1535 1537 1540
f 1528 1612 1613
f 1581 1579 1582
f 1470 1541 2337
f 1474 1542 1367
f 1484 1543 1481
f 1568 1614 1485
f 1649 1614 1615
f 1492 1383 1430
f 1383 1492 1545
f 1585 1492 2344
f 1651 1643 1669
f 1494 1488 1654
f 1545 1492 1585
f 1490 1492 1430
f 1388 1433 1548
f 1494 611 1488
f 1547 1548 1387
f 1591 1547 1387
f 1547 1620 1661
f 1354 1621 2347
f 2347 1550 1549
f 1391 1550 2347
f 1551 1496 1391
f 1391 1622 1551
f 1594 1596 1571
f 1551 1552 1496
f 1553 1571 1464
f 1555 1554 1395
f 1505 1557 1504
f 1648 2350 1319
f 1559 1508 2335
f 1394 1444 1508
f 1358 1559 1446
f 1445 1394 1513
f 1357 1513 1394
f 1560 1513 1511
f 1357 1510 1513
f 1511 1561 1560
f 1399 604 1561
f 1560 604 893
f 1451 1561 1511
f 1672 1516 1388
f 1516 1518 1433
f 1451 1563 1452
f 1598 1564 1624
f 1563 1564 1519
f 1565 1637 1320
f 1637 1565 1598
f 1569 1566 1521
f 1520 1373 1371
f 1521 1373 1457
f 1737 1631 1632
f 1419 1567 1483
f 1567 1569 1570
f 1568 1570 1544
f 1567 1570 1485
f 1634 1570 1569
f 1594 1571 1552
f 1572 1571 1596
f 1572 1578 1599
f 1599 1573 1522
f 1461 1573 2339
f 2339 1599 1577
f 1468 1575 1537
f 1579 1574 1578
f 1575 1576 1574
f 1573 1599 2339
f 1574 1576 1577
f 1574 1577 1578
f 1356 1675 1677
f 1574 1581 1575
f 1574 1579 1581
f 1578 1572 1600
f 1579 1578 1600
f 1676 1689 1679
f 1601 2345 1540
f 1640 1641 1679
f 1537 1575 1601
f 1527 1403 2395
f 1527 1528 1583
f 1435 1583 1528
f 1584 1532 1588
f 1532 1587 1588
f 1643 1608 1278
f 2397 1585 1608
f 1585 1617 1545
f 2344 1608 1585
f 1532 1533 1531
f 1608 2344 1533
f 1610 1589 1540
f 1609 1610 1612
f 1584 1588 2346
f 1587 1532 1529
f 1612 1610 1611
f 1611 1588 1587
f 1526 1589 1609
f 1539 1589 1526
f 1647 1556 1473
f 1615 1568 1544
f 1493 1591 1387
f 1546 1591 1652
f 1619 1546 1315
f 1653 1315 1652
f 1546 1619 1620
f 1546 1620 1547
f 1388 1548 1547
f 1354 2347 1549
f 1551 1595 1594
f 1600 1596 1356
f 1596 1595 1356
f 1595 1596 1594
f 1557 1597 1558
f 604 1560 1561
f 1562 1624 1564
f 1564 1598 1519
f 1625 1598 1624
f 1569 1521 1634
f 1572 1599 1522
f 1577 1599 1578
f 1596 1600 1572
f 1581 1601 1575
f 1607 1638 1639
f 1582 1639 1638
f 1607 1580 1605
f 1278 1584 1603
f 1619 1671 1657
f 1643 1603 1602
f 1602 1669 1643
f 1606 2346 1604
f 1580 1639 1640
f 1604 2400 1606
f 1605 1604 2346
f 1611 1645 1588
f 1605 1580 1664
f 2399 1657 1671
f 1645 1605 2346
f 1527 1609 1528
f 1610 1540 2345
f 1612 1587 1613
f 1610 2345 1611
f 2345 1638 1644
f 1435 1613 1529
f 1648 1647 1646
f 1615 1614 1568
f 1627 1615 1544
f 1649 1615 1633
f 1432 1616 1386
f 1617 1616 1313
f 1590 1617 2397
f 1616 1617 1590
f 1652 1315 1546
f 1655 1671 1619
f 1656 1620 1619
f 1656 1672 1661
f 1622 1391 2347
f 1595 1551 1673
f 1662 1622 2347
f 1673 1551 1622
f 1673 1622 1662
f 1658 1680 1699
f 1356 1595 1674
f 1562 1626 1624
f 1624 1626 1663
f 1625 1631 1637
f 2348 1627 1632
f 1716 1712 1710
f 1663 1626 1718
f 1627 1544 1632
f 1627 2348 1629
f 1663 2349 1628
f 1635 1633 1629
f 2348 1628 1629
f 1628 1625 1663
f 1712 1715 1718
f 1648 1319 1647
f 1630 1629 2349
f 1635 1629 1630
f 1737 1454 1631
f 1632 1631 2348
f 1634 1632 1544
f 1615 1627 1633
f 1629 1633 1627
f 1634 1544 1570
f 1646 2396 1648
f 1635 1648 2396
f 1521 1636 1634
f 1637 1454 1320
f 1454 1637 1631
f 1607 1639 1580
f 1681 1666 1668
f 1640 1664 1580
f 1641 1639 1582
f 1665 1664 1666
f 1579 1600 1677
f 1678 1582 1579
f 1641 1640 1639
f 1641 1676 1679
f 1356 1674 1675
f 1595 1673 1674
f 1659 1603 1606
f 1603 1643 1278
f 1604 1605 1664
f 1644 1638 1607
f 1585 2397 1617
f 1612 1611 1587
f 1645 1611 1644
f 1644 1607 1645
f 1605 1645 1607
f 2346 1588 1645
f 1529 1613 1587
f 1646 1647 1473
f 1647 1319 1555
f 1630 1714 2350
f 1649 2396 2393
f 1635 1649 1633
f 1650 1654 1428
f 1654 1618 1652
f 1487 1650 1428
f 1651 1618 1590
f 1618 1654 1650
f 1643 2397 1608
f 1651 1669 1653
f 1650 1590 1618
f 1654 1652 1494
f 1653 1652 1618
f 1651 1653 1618
f 1655 1619 1315
f 1655 1315 1653
f 1669 1655 1653
f 1619 1657 1656
f 1657 1658 1593
f 1658 1657 1592
f 1660 1592 2399
f 1657 1593 1656
f 1593 1658 1670
f 1659 1671 1602
f 1659 1602 1603
f 1660 2399 2400
f 1656 1661 1620
f 1672 1656 1593
f 1593 2401 1672
f 1358 1517 1738
f 1663 1718 2349
f 1625 1624 1663
f 1604 1664 1665
f 1679 1666 1640
f 1660 1665 1681
f 1604 1665 2400
f 1666 1681 1665
f 1640 1666 1664
f 1682 1668 1666
f 1666 1679 1682
f 1668 1667 1687
f 1655 1669 1602
f 1680 1658 1592
f 1602 1671 1655
f 1683 2401 2398
f 1621 1316 1662
f 1675 1674 1642
f 1642 1676 1675
f 1678 1677 1675
f 1642 1689 1676
f 1676 1641 1678
f 1356 1677 1600
f 1675 1676 1678
f 1582 1678 1641
f 1579 1677 1678
f 1667 1693 1687
f 1687 1681 1668
f 1592 1660 1680
f 1689 1682 1679
f 1668 1682 1690
f 1683 2398 1739
f 1672 1683 2355
f 2421 1623 1642
f 1662 1684 2421
f 2354 2403 1726
f 1685 1686 2343
f 1692 1686 1685
f 1699 1680 1687
f 1681 1687 1680
f 1688 1670 1699
f 1318 2398 1688
f 1670 1658 1699
f 1668 1690 1667
f 1689 1690 1682
f 2351 1692 2352
f 1667 1690 2352
f 1689 1623 1690
f 2351 1686 1692
f 1691 1692 1279
f 1693 1667 1691
f 1719 1720 1721
f 1692 1685 1695
f 1692 1695 1279
f 1719 1699 1693
f 1685 2353 2354
f 1514 1697 1710
f 1696 1708 1697
f 1317 1697 1514
f 1696 1694 1708
f 1355 1500 1499
f 2353 2343 1500
f 1705 1703 1704
f 1697 1317 1696
f 1500 1355 1698
f 1505 1504 1733
f 1720 1691 1279
f 1699 1687 1693
f 1694 1696 1703
f 1719 1721 1725
f 1703 1696 1704
f 1702 1725 1700
f 1317 1509 1704
f 1703 1705 1702
f 1707 1706 1727
f 1500 1698 2353
f 2353 1698 1727
f 1702 1701 1694
f 1695 1701 1700
f 1701 1695 1726
f 1701 1702 1700
f 1725 1702 1705
f 1688 1699 1719
f 1700 1279 1695
f 1694 1703 1702
f 1317 1704 1696
f 1506 1722 1509
f 1722 1704 1509
f 1722 1705 1704
f 1701 2402 1694
f 1727 2354 2353
f 1706 1713 1709
f 1626 1712 1718
f 1712 1626 1562
f 1713 1716 1709
f 2402 1726 2403
f 1727 2403 2354
f 1710 1708 1716
f 1706 1730 1713
f 1716 1708 1709
f 1708 1710 1697
f 1319 1728 1732
f 1712 1716 1715
f 1730 1706 1707
f 1711 1715 1713
f 2349 1714 1630
f 1728 2350 1714
f 1733 1731 1707
f 1731 1729 1730
f 1711 1717 1715
f 1717 1718 1715
f 1731 1504 1558
f 1713 1715 1716
f 1728 1717 1711
f 1718 1717 1714
f 2349 1718 1714
f 1720 1719 1693
f 1688 1719 1725
f 1693 1691 1720
f 1279 1700 1721
f 1725 1721 1700
f 1279 1721 1720
f 1723 1722 1506
f 1723 1738 1739
f 1738 1723 1358
f 1705 1722 1724
f 1724 1722 1723
f 1724 1723 1739
f 1724 1725 1705
f 1318 1725 1724
f 1725 1318 1688
f 1726 2402 1701
f 1685 2354 1695
f 1706 2403 1727
f 1733 1707 1698
f 1635 1630 1648
f 1714 1717 1728
f 1711 1729 1728
f 1729 1732 1728
f 1730 1729 1711
f 1732 1729 1558
f 1713 1730 1711
f 1730 1707 1731
f 1504 1731 1733
f 1558 1729 1731
f 1558 1597 1732
f 1728 1319 2350
f 1319 1732 1555
f 1727 1698 1707
f 1355 1733 1698
f 1425 1380 1734
f 1380 1735 1734
f 1415 1734 1482
f 1735 1482 1734
f 1613 1435 1528
f 1530 1435 1529
f 1736 1564 1563
f 1514 1562 1736
f 1564 1736 1562
f 1634 1737 1632
f 1424 1737 1636
f 1672 2355 1516
f 1724 1739 1318
f 1794 1282 1192
f 1758 1794 1192
f 1364 1856 1855
f 1216 1852 1759
f 1193 1856 1364
f 1855 1194 1364
f 1973 1199 1198
f 1770 1769 1792
f 1852 1216 1215
f 1282 1794 1795
f 1756 1820 1757
f 1750 1982 1751
f 1809 1854 1785
f 2301 1793 1779
f 1201 1923 1503
f 1770 1792 1785
f 1883 1922 1920
f 1788 1773 1772
f 1503 1923 1996
f 1791 1793 1771
f 1848 1806 2296
f 1758 1757 1794
f 1928 1208 1207
f 1933 1204 2004
f 1776 1810 1780
f 1412 1208 1930
f 1209 1866 1210
f 1790 1778 1760
f 2087 1775 2081
f 1762 1761 1803
f 1777 1786 84
f 1793 1772 1771
f 1781 1764 1786
f 1382 1381 1865
f 1783 2294 1763
f 1832 1865 1899
f 85 1786 1764
f 1206 1205 1931
f 1761 1760 1778
f 1781 1774 1839
f 1193 1282 1795
f 1790 1759 1852
f 2359 2332 1894
f 1787 1777 83
f 1762 1803 1783
f 1786 1774 1781
f 2410 2192 2222
f 1787 1763 2294
f 83 1777 84
f 1786 85 84
f 1780 1792 1769
f 1213 1835 1333
f 1912 1914 1748
f 2004 1204 1441
f 1820 1794 1757
f 1912 1747 1937
f 1745 1888 1746
f 1741 1740 2358
f 1195 2035 1196
f 1934 1888 1745
f 1994 2356 15
f 1799 1861 2358
f 1827 1743 1742
f 1987 1915 2356
f 1788 2295 1773
f 1742 1741 1831
f 1861 24 23
f 1803 1761 1778
f 2358 1829 1831
f 14 13 1916
f 1799 1740 27
f 1826 1862 1955
f 1862 1826 23
f 27 26 24
f 1794 1820 1795
f 25 24 26
f 24 1799 27
f 19 1891 238
f 1790 1760 1759
f 1777 1787 2294
f 1780 1768 1802
f 21 2303 2018
f 22 21 1890
f 1799 2358 1740
f 1827 1742 1831
f 1802 1782 1840
f 2301 1808 2295
f 1772 1793 2297
f 1773 2298 2299
f 1838 1839 1774
f 1211 1958 1900
f 1 1784 2405
f 1 2300 1784
f 1778 1790 1789
f 1770 1785 1791
f 1781 1765 1764
f 1781 1839 1765
f 1786 1777 1774
f 1839 1766 1765
f 1842 1784 2404
f 1810 1792 1780
f 1763 1787 82
f 1769 1768 1780
f 1971 1756 1755
f 1904 1963 1835
f 1885 10 229
f 1802 1768 1767
f 1839 1782 1766
f 83 82 1787
f 1926 1886 1925
f 1854 1816 2357
f 1215 1329 2332
f 1783 1763 1762
f 1875 5 4
f 1801 1848 1851
f 1886 1926 2079
f 1867 1906 1964
f 1766 1782 1767
f 275 5 1867
f 1924 1927 2008
f 1841 1872 1840
f 1881 1916 1991
f 2294 1774 1777
f 1382 1902 1212
f 1782 1839 1838
f 1869 1803 1836
f 1782 1802 1767
f 1802 1840 1776
f 1778 1789 1803
f 1872 1811 1810
f 1842 1804 1784
f 1842 1806 1804
f 1845 3 2405
f 1806 1842 1843
f 1804 1805 1845
f 2296 1846 1848
f 1845 1805 1844
f 234 3 1845
f 1807 1215 2332
f 1808 2301 1779
f 2238 2239 1779
f 2295 1808 1850
f 1810 1811 1813
f 1809 1785 1792
f 1816 1813 1815
f 1872 1810 1776
f 1810 1813 1809
f 1814 1811 1873
f 2359 1864 1817
f 1812 1817 1864
f 1813 1811 1814
f 1897 1815 1812
f 1814 1873 1868
f 1812 1813 1814
f 1864 2250 1897
f 1898 1818 1815
f 1812 1815 1813
f 1815 1818 1816
f 1818 2357 1816
f 1809 1816 1854
f 1812 1814 1817
f 1813 1816 1809
f 2357 1818 2242
f 2357 1819 1854
f 1980 1194 1855
f 1879 1911 1754
f 1754 1753 1879
f 1197 1976 1877
f 1748 1914 1749
f 1882 2362 1991
f 1944 2020 2178
f 2419 1923 2413
f 1744 1827 1889
f 2016 1858 2015
f 1954 2064 2065
f 1955 1862 22
f 1828 1827 1831
f 1828 1831 1829
f 2065 1830 1954
f 1828 1829 1957
f 2103 1938 1935
f 1830 1889 1828
f 1830 1936 1889
f 1831 1741 2358
f 1214 1863 1894
f 1899 1381 1425
f 1865 1960 1902
f 1866 1958 1210
f 1844 1849 1875
f 1212 1902 1904
f 1898 1815 1897
f 1802 1776 1780
f 1872 1776 1840
f 1789 1853 1868
f 1872 1841 1873
f 1782 1838 1840
f 1869 1870 1803
f 1840 1838 1837
f 1838 1774 1871
f 1840 1837 1841
f 1869 1841 1837
f 1873 1836 1868
f 1843 1842 2298
f 1843 2298 2295
f 1847 1801 1849
f 4 1845 1844
f 1848 1801 1847
f 1805 1806 1847
f 1848 1847 1806
f 1874 1801 1851
f 1805 1847 1844
f 1848 1846 1851
f 1834 1905 1849
f 1844 1847 1849
f 1843 1850 2296
f 1850 1966 2296
f 2295 1850 1843
f 2241 1966 1850
f 1966 1967 1965
f 2241 1850 1808
f 1967 1966 2241
f 1907 1851 1846
f 1852 1807 1853
f 1852 1215 1807
f 1810 1809 1792
f 1814 1868 1817
f 1790 1853 1789
f 1817 1853 1807
f 1852 1853 1790
f 1791 1785 1819
f 1856 1968 1855
f 2095 1975 1857
f 1795 1856 1193
f 1971 1820 1756
f 1877 1974 1197
f 1401 1400 1979
f 2038 2037 1910
f 1917 12 11
f 1921 1883 1920
f 2002 1999 2000
f 1883 1921 1997
f 1885 1924 1859
f 1964 274 275
f 1929 2009 1928
f 2057 1824 2119
f 2340 1203 1922
f 1937 1747 1746
f 1892 1952 1891
f 1915 268 16
f 1950 1946 1947
f 24 1861 1799
f 1861 23 1826
f 1890 1955 22
f 1955 1890 2022
f 1895 1214 1333
f 1864 1863 2250
f 1807 2359 1817
f 1863 1864 2359
f 1898 1897 1963
f 1865 1381 1899
f 1865 1832 1960
f 1900 1425 1211
f 1901 1960 1832
f 1212 1904 1213
f 1900 1958 1833
f 1867 5 1875
f 1905 1906 1867
f 1904 1835 1213
f 1789 1868 1836
f 1853 1817 1868
f 1841 1836 1873
f 1870 1869 1837
f 1838 1871 1837
f 1870 1783 1803
f 1774 2294 1871
f 1837 1871 1870
f 1873 1811 1872
f 1869 1836 1841
f 1845 4 234
f 1875 4 1844
f 1849 1874 1834
f 2092 2030 2091
f 1875 1849 1905
f 2030 2087 2088
f 2203 2162 2199
f 1908 1973 2034
f 1978 1195 1401
f 1857 1909 2035
f 1981 2036 1878
f 1911 1879 1983
f 2361 1752 1751
f 1880 2361 1910
f 2369 1983 1984
f 1911 1971 1755
f 1750 1749 1914
f 1910 2361 1982
f 1982 1913 2038
f 15 14 1916
f 1991 1990 1881
f 1921 1920 1202
f 2413 1201 1200
f 1924 9 8
f 1925 8 7
f 2097 2363 1919
f 1882 1917 1919
f 1924 1885 9
f 2008 1859 1924
f 2045 1885 1859
f 1925 1927 1924
f 1929 1207 1206
f 2010 1930 2009
f 2057 2058 2011
f 2076 1866 2054
f 2012 2059 1932
f 1934 1745 1744
f 1744 1743 1827
f 1985 2014 2015
f 1858 1912 1985
f 1889 1827 1828
f 20 1952 1951
f 1941 19 18
f 2408 18 294
f 1892 1891 1943
f 1940 1951 2021
f 238 1952 20
f 1941 1891 19
f 268 1915 1989
f 2408 1942 1941
f 1956 2022 1954
f 1826 1956 1829
f 2359 1894 1863
f 1835 1895 1333
f 1963 2250 1835
f 1214 1895 1863
f 1863 1895 2250
f 2250 1895 1835
f 1904 1902 1962
f 1864 1897 1812
f 2250 1963 1897
f 1818 1898 1896
f 1818 1896 2242
f 1900 1899 1425
f 1211 1210 1958
f 1959 1900 1833
f 1901 1832 1959
f 1865 1902 1382
f 1903 1901 2026
f 1896 1898 2407
f 1960 1962 1902
f 1906 1905 1834
f 1875 1905 1867
f 274 2027 6
f 1870 1871 1783
f 1874 1849 1801
f 2247 1834 1874
f 2092 1874 1851
f 1965 1907 1846
f 1907 2087 2030
f 1969 1968 1795
f 1968 1970 2031
f 2034 1973 1974
f 2035 1978 1857
f 1978 1979 1981
f 1979 2036 1981
f 1753 2361 1880
f 1751 1982 2361
f 1982 2038 1910
f 2205 2203 2204
f 1971 1972 1970
f 1754 1911 1755
f 1748 1747 1912
f 1914 2044 1913
f 1985 1912 1937
f 2044 1914 1912
f 1913 1982 1750
f 2062 1988 2061
f 268 1989 17
f 13 1991 1916
f 1917 1882 1991
f 1991 13 12
f 1919 1917 11
f 10 1918 1919
f 12 1917 1991
f 1885 1918 10
f 2097 1918 2045
f 1995 2166 1990
f 2097 1919 1918
f 1882 1919 2363
f 1922 1203 1920
f 1202 1503 1996
f 1931 1205 1933
f 2413 1923 1201
f 1200 1199 2006
f 2049 1923 2419
f 1925 1924 8
f 1926 1925 7
f 7 6 1926
f 1886 2007 1927
f 2008 1927 2052
f 1886 1927 1925
f 1929 1928 1207
f 1930 1928 2009
f 1931 1929 1206
f 1932 2009 1929
f 1412 2053 1414
f 2053 1930 2011
f 1932 1931 1887
f 1933 2055 1887
f 1887 2012 1932
f 1929 1931 1932
f 1204 1933 1205
f 1887 1931 1933
f 1889 1934 1744
f 1888 1934 1935
f 1889 1936 1934
f 2103 1935 1936
f 1934 1936 1935
f 1888 1937 1746
f 1938 2014 1935
f 1938 2015 2014
f 1938 2103 1939
f 2017 1986 2016
f 2024 2023 2066
f 1858 2016 1986
f 1951 2018 2303
f 1890 21 2018
f 2408 1941 18
f 17 2408 294
f 1989 2408 17
f 1893 1942 2408
f 1988 1893 1989
f 1947 1945 1942
f 1942 1893 1947
f 1943 1945 2406
f 1941 1943 1891
f 1950 1947 1893
f 1945 1943 1942
f 1941 1942 1943
f 1947 1946 1945
f 2020 1944 1946
f 2367 1798 2190
f 1944 1945 1946
f 1944 2178 2141
f 2172 2173 2175
f 1949 1950 2062
f 1950 1949 2063
f 20 1951 2303
f 2021 1951 1952
f 1952 238 1891
f 1953 2022 1890
f 1953 1890 2018
f 1954 2022 2064
f 1954 1957 1956
f 1955 2022 1956
f 1957 1954 1830
f 1955 1956 1826
f 1828 1957 1830
f 1829 1956 1957
f 1833 1958 2078
f 1959 1833 2084
f 1899 1900 1959
f 1959 1832 1899
f 1901 1903 1960
f 1962 1960 1903
f 2026 1961 1903
f 1963 1962 2407
f 2407 1962 1903
f 1904 1962 1963
f 1867 1964 275
f 2027 1964 1906
f 2249 1834 2247
f 1965 1846 1966
f 1965 1775 2087
f 2296 1966 1846
f 2244 2241 2239
f 1965 1967 1775
f 2302 2243 2244
f 1907 1965 2087
f 2087 2029 2088
f 2247 2092 2091
f 1969 1795 1820
f 1968 1969 1970
f 1971 1969 1820
f 2031 1970 1876
f 1979 1980 2036
f 1971 1911 1972
f 1969 1971 1970
f 1983 1972 1911
f 1876 1972 2369
f 1974 1973 1198
f 2006 1973 1908
f 1197 1974 1198
f 1975 1909 1857
f 2035 1909 1976
f 1976 1909 1877
f 2094 1909 1975
f 2161 2133 1977
f 2123 2411 1821
f 1978 2035 1195
f 1977 1857 1981
f 1978 1401 1979
f 1857 1978 1981
f 1980 1979 1400
f 1194 1980 1400
f 1980 1855 2032
f 1977 1981 1878
f 2360 1880 1910
f 1910 2037 2042
f 2360 2042 1984
f 1972 1983 2369
f 2360 1984 1983
f 1985 1937 2014
f 2015 1858 1985
f 1912 1858 2044
f 2416 1986 2017
f 1858 1986 2044
f 1913 1750 1914
f 1988 1989 1915
f 1989 1893 2408
f 2061 1988 1915
f 1893 1988 2062
f 2362 1995 1990
f 1993 1990 2166
f 1990 1991 2362
f 2138 2139 2136
f 1993 1881 1990
f 2251 1993 1992
f 1881 1993 2253
f 2135 1992 2111
f 1916 1994 15
f 2046 2097 2045
f 1882 2363 2362
f 1202 1996 2048
f 2048 1921 1202
f 1999 1997 2001
f 2206 2208 1823
f 1921 2048 1997
f 2000 1999 1998
f 2049 1996 1923
f 1999 2001 2420
f 1999 2002 1997
f 2001 2049 2211
f 2001 2048 2049
f 2050 2002 2279
f 2000 2269 2005
f 2005 2002 2000
f 2279 2002 2005
f 2050 1922 1883
f 2275 2270 2412
f 1884 2056 2003
f 2050 2003 1922
f 1441 2340 2004
f 2267 2005 2269
f 2005 2278 2279
f 2266 2413 2006
f 1200 2006 2413
f 1973 2006 1199
f 1886 2079 2007
f 1927 2007 2052
f 2008 2051 2046
f 1932 2059 2009
f 2011 2054 2053
f 1930 2010 2011
f 2057 2011 2010
f 2054 2011 2058
f 2053 2054 1209
f 1800 2075 2076
f 1209 1414 2053
f 1866 1209 2054
f 2055 1933 2004
f 2055 2056 2259
f 1860 2259 2258
f 2013 2059 2060
f 2059 2012 2060
f 1888 2014 1937
f 1935 2014 1888
f 2016 2015 2069
f 2067 1939 2066
f 2037 2039 2041
f 1953 2018 1940
f 1951 1940 2018
f 2368 1940 2021
f 2061 1987 2252
f 2101 2062 2061
f 1946 1950 2063
f 1892 2409 1952
f 2064 2022 1953
f 1830 2065 1936
f 1958 1866 2025
f 2025 2075 2078
f 2078 1958 2025
f 2104 1833 2078
f 1896 1961 2240
f 1964 2027 274
f 2249 1906 1834
f 2090 2091 2030
f 2145 2007 2263
f 2027 1926 6
f 1926 2027 2079
f 1901 2083 2026
f 2087 2081 2029
f 1907 2092 1851
f 2032 2031 2201
f 1968 2032 1855
f 2032 2201 2036
f 2033 2034 1877
f 2094 2411 2033
f 2034 1974 1877
f 2108 2411 2123
f 1976 1196 2035
f 2133 2095 1977
f 2032 2036 1980
f 2201 1878 2036
f 2039 2037 2038
f 2043 2042 2037
f 1984 2042 2205
f 2044 1986 1913
f 2040 2039 2416
f 2041 2040 2096
f 2016 2069 2017
f 2017 2074 2073
f 2096 2151 2109
f 2042 2043 2205
f 2040 2041 2039
f 2043 2037 2041
f 2042 2360 1910
f 2038 1913 1986
f 1885 2045 1918
f 2046 2045 1859
f 2008 2046 1859
f 2047 2046 2163
f 2049 2048 1996
f 1997 2048 2001
f 1997 2002 1883
f 2003 2340 1922
f 2004 2340 2003
f 2266 1908 2414
f 2266 2006 1908
f 2008 2052 2051
f 1930 2053 1412
f 2076 2054 2058
f 2057 2013 1824
f 2055 2259 1860
f 1887 1860 2012
f 2056 2055 2004
f 2003 2056 2004
f 2100 2013 2060
f 2058 2057 2118
f 2057 2010 2013
f 2013 2010 2059
f 2058 2118 2077
f 1824 2182 2146
f 2009 2059 2010
f 2012 2099 2060
f 2100 2099 2112
f 2099 2257 2112
f 1987 2061 1915
f 1893 2062 1950
f 1949 2101 2415
f 2064 2023 2065
f 2023 2024 2065
f 2103 2065 2024
f 2065 2103 1936
f 2023 2191 2190
f 2024 2066 1939
f 2367 2192 2193
f 2068 2017 2069
f 2067 2068 1939
f 2067 2066 1798
f 2068 2067 2070
f 2068 2070 2074
f 1939 2068 2069
f 2074 2070 2072
f 2074 2017 2068
f 2071 2073 2074
f 2071 2074 2072
f 2096 2040 2073
f 2017 2073 2416
f 2076 2075 2025
f 1866 2076 2025
f 2077 2076 2058
f 2077 1800 2076
f 2118 2119 2216
f 1800 2077 2105
f 2080 2027 1906
f 2007 2079 2263
f 2263 2079 2080
f 2027 2080 2079
f 1775 2244 2245
f 2081 2028 2082
f 2084 2104 2028
f 2104 2085 2082
f 2084 2083 1901
f 2246 2083 2028
f 1959 2084 1901
f 1833 2104 2084
f 2075 2085 2078
f 2084 2028 2083
f 2082 2028 2104
f 2075 1800 2085
f 2085 2086 2082
f 2086 2085 1800
f 2086 1800 2105
f 2029 2082 2086
f 2088 2029 2086
f 2030 2088 2090
f 2089 2088 2086
f 2180 2143 2089
f 2088 2089 2090
f 2089 2143 2090
f 2142 2091 2090
f 2092 1907 2030
f 2130 2194 2131
f 2034 2033 2149
f 1909 2094 1877
f 2411 2094 1975
f 2095 1821 1975
f 2094 2033 1877
f 1977 2095 1857
f 2109 2162 2043
f 2151 1796 2109
f 2136 2363 2047
f 2046 2047 2097
f 2138 2136 2110
f 2055 1860 1887
f 1860 2099 2012
f 1824 2013 2100
f 2099 2100 2060
f 2100 2112 2182
f 1822 2113 2415
f 2101 1822 2415
f 2114 1948 2113
f 2101 1949 2062
f 2061 2252 2101
f 2251 2102 1822
f 1993 2111 1992
f 1992 2102 2251
f 2063 2020 1946
f 2063 2116 2365
f 1939 2103 2024
f 2085 2104 2078
f 2144 2180 2181
f 2182 1824 2100
f 2132 2093 2414
f 2129 2108 2107
f 2108 2132 2033
f 2214 2213 2128
f 2051 2187 2163
f 2262 2276 2261
f 1993 2166 2111
f 2165 2139 2138
f 2237 2232 2236
f 2102 2164 2237
f 2102 2113 1822
f 2019 2365 2177
f 2235 2236 2232
f 2116 2115 2167
f 2102 2237 2113
f 2125 2194 2129
f 2116 2167 2177
f 2115 2116 1948
f 2063 1948 2116
f 2236 2115 2114
f 2170 2177 2167
f 2156 2153 2155
f 2167 2168 2140
f 2170 2172 2177
f 2117 2179 2019
f 2105 2089 2086
f 2216 2089 2105
f 2105 2077 2118
f 2105 2118 2216
f 2057 2119 2118
f 2080 1906 2249
f 2181 2180 2217
f 2149 1908 2034
f 2122 2196 2266
f 2107 2108 2123
f 2126 2134 2124
f 2107 2126 2127
f 2174 2214 2173
f 2107 2123 2126
f 2213 2150 2125
f 2194 2125 2131
f 2127 2126 2124
f 2107 2127 2125
f 2123 1821 2126
f 2127 2124 2128
f 2124 1796 2152
f 2152 2151 2155
f 2129 2107 2125
f 2131 2125 2150
f 2188 2130 2131
f 2108 2129 2132
f 2093 2132 2129
f 2201 2031 2202
f 2197 2198 2134
f 1821 2095 2417
f 2417 2134 2126
f 2124 2134 1796
f 2096 2109 2041
f 2109 2043 2041
f 2162 2109 2198
f 2163 2110 2047
f 2052 2186 2185
f 2220 2221 2187
f 2363 2136 1995
f 2110 2136 2047
f 2260 2277 2137
f 2111 2139 2165
f 2189 2172 2170
f 1944 2141 1825
f 1824 2146 2119
f 2181 2106 2144
f 2142 2090 2143
f 2248 2142 2120
f 2142 2143 2144
f 2142 2144 2120
f 2184 2106 2148
f 2217 2146 2147
f 2147 2146 2182
f 2183 2121 2182
f 2148 2147 2121
f 2148 2181 2147
f 2146 2217 2119
f 2148 2121 2219
f 2106 2184 2145
f 2149 2132 2414
f 2214 2176 2173
f 2188 2189 2171
f 2073 2071 2364
f 2151 2152 1796
f 2364 2151 2096
f 2152 2155 2153
f 2124 2152 2128
f 2364 2154 2155
f 2214 2153 2176
f 2152 2153 2128
f 2154 2071 2072
f 2156 2155 2154
f 2156 2154 2418
f 2153 2156 2176
f 2158 2072 2070
f 2366 2418 2160
f 2157 2117 2175
f 2158 2159 2160
f 1798 2367 2159
f 1798 2066 2190
f 2367 2193 2159
f 1798 2159 2158
f 2093 2195 2122
f 1878 2161 1977
f 2162 2198 2199
f 2197 2199 2198
f 2162 2203 2205
f 2221 2163 2187
f 2221 2098 2110
f 2260 2098 2225
f 2166 2139 2111
f 2209 2229 2370
f 2136 2139 1995
f 2139 2166 1995
f 2170 2167 2140
f 2168 2167 2115
f 2206 1823 2195
f 2171 2169 2207
f 2171 2170 2140
f 2189 2173 2172
f 2175 2173 2176
f 2174 2173 2189
f 2174 2150 2213
f 2174 2213 2214
f 2157 2175 2156
f 2177 2117 2019
f 2175 2117 2172
f 2117 2177 2172
f 2365 2178 2020
f 2178 2179 2141
f 2144 2143 2180
f 2216 2180 2089
f 2217 2216 2119
f 2181 2217 2147
f 2106 2181 2148
f 2183 2182 2112
f 2112 2257 2281
f 2182 2121 2147
f 2218 2121 2183
f 2225 2221 2220
f 2187 2051 2185
f 2148 2219 2184
f 2145 2184 2186
f 2185 2184 2219
f 2145 2186 2007
f 2187 2185 2219
f 2052 2185 2051
f 2185 2186 2184
f 2187 2219 2220
f 2186 2052 2007
f 2213 2125 2127
f 2188 2150 2174
f 2188 2171 2130
f 2171 2189 2170
f 2174 2189 2188
f 2064 2191 2023
f 2023 2190 2066
f 2064 1953 2191
f 2222 2367 2190
f 2410 2222 2368
f 2141 2193 1825
f 1825 2193 2192
f 2193 2160 2159
f 2193 2141 2215
f 2193 2215 2160
f 2129 2194 2093
f 2093 2194 2195
f 2122 2195 1823
f 2122 1823 2196
f 2224 2208 2212
f 2206 2130 2207
f 2194 2130 2195
f 2109 1796 2198
f 2134 2198 1796
f 2161 2200 2199
f 2200 2203 2199
f 1878 2200 2161
f 1878 2201 2200
f 1876 2202 2031
f 2201 2202 2200
f 2204 2203 2200
f 2162 2205 2043
f 2369 1984 2204
f 2200 2202 2204
f 2205 2204 1984
f 2168 2236 1797
f 2171 2140 2169
f 2169 2140 2168
f 2168 1797 2169
f 2210 2207 2169
f 2130 2171 2207
f 2210 1797 2223
f 2208 2206 2209
f 2212 2208 2370
f 2000 2226 2269
f 2209 2207 2210
f 2210 2169 1797
f 2229 2209 2210
f 1998 1999 2420
f 1823 2208 2224
f 2212 1998 2420
f 2127 2128 2213
f 2153 2214 2128
f 2215 2157 2366
f 2179 2215 2141
f 2178 2019 2179
f 2216 2217 2180
f 2219 2121 2220
f 2218 2220 2121
f 2220 2218 2225
f 2218 2280 2225
f 2098 2221 2225
f 2163 2221 2110
f 2150 2188 2131
f 1953 1940 2191
f 2368 2191 1940
f 2409 2368 2021
f 2191 2368 2222
f 2191 2222 2190
f 2130 2206 2195
f 2209 2206 2207
f 2212 2370 2227
f 2276 2268 2270
f 2230 2226 2227
f 1797 2235 2223
f 2229 2210 2223
f 2227 1998 2212
f 2224 2196 1823
f 2196 2224 2211
f 2183 2112 2281
f 2260 2225 2280
f 1998 2226 2000
f 2226 2230 2269
f 2230 2227 2370
f 1998 2227 2226
f 2223 2235 2228
f 2231 2233 2228
f 2164 2232 2237
f 2230 2229 2228
f 2230 2370 2229
f 2232 2234 2231
f 2234 2164 2135
f 2135 2265 2412
f 2231 2235 2232
f 2231 2234 2272
f 2223 2228 2229
f 2231 2228 2235
f 2230 2228 2371
f 2164 2234 2232
f 2236 2235 1797
f 2115 2236 2168
f 2113 2237 2114
f 2114 2237 2236
f 2302 2238 2242
f 1779 2239 1808
f 2238 2357 2242
f 2302 2239 2238
f 2244 1967 2241
f 2240 1961 2243
f 2302 2242 2240
f 2239 2241 1808
f 2240 2242 1896
f 1961 2246 2243
f 2245 2028 2081
f 2245 2244 2243
f 1967 2244 1775
f 2239 2302 2244
f 1961 2026 2246
f 2026 2083 2246
f 2245 2081 1775
f 2246 2245 2243
f 2245 2246 2028
f 1791 1779 1793
f 1854 1819 1785
f 2248 2091 2142
f 2264 2080 2249
f 2120 2145 2263
f 2091 2248 2247
f 2248 2264 2247
f 2263 2264 2120
f 2092 2247 1874
f 1972 1876 1970
f 2202 2369 2204
f 2252 1822 2101
f 2253 2251 2252
f 2251 1822 2252
f 1993 2251 2253
f 2253 2252 1987
f 1994 2253 1987
f 2255 2258 2254
f 1884 2259 2056
f 2259 2254 2258
f 2254 2259 1884
f 2279 1884 2050
f 2254 2278 2255
f 2256 2258 2255
f 2258 2257 1860
f 2257 2256 2281
f 2255 2261 2256
f 2258 2256 2257
f 2099 1860 2257
f 2046 2051 2163
f 2261 2260 2280
f 2277 2261 2276
f 2262 2261 2255
f 2264 2263 2080
f 2264 2249 2247
f 2120 2264 2248
f 2154 2364 2071
f 2151 2364 2155
f 1798 2158 2067
f 2070 2067 2158
f 2111 2265 2135
f 2165 2265 2111
f 2419 2266 2196
f 2267 2371 2271
f 2371 2267 2269
f 2371 2269 2230
f 2272 2271 2233
f 2274 2165 2138
f 2267 2271 2268
f 2231 2272 2233
f 2271 2270 2268
f 2412 2272 2234
f 2270 2271 2272
f 2273 2275 2274
f 2137 2274 2138
f 2273 2270 2275
f 2260 2137 2098
f 2273 2274 2137
f 2165 2274 2275
f 2276 2270 2273
f 2165 2275 2265
f 2276 2273 2277
f 2276 2262 2268
f 2137 2277 2273
f 2261 2277 2260
f 2005 2267 2278
f 2135 2412 2234
f 2275 2412 2265
f 2255 2278 2262
f 2279 2278 2254
f 1884 2279 2254
f 2218 2183 2281
f 2256 2280 2281
f 2261 2280 2256
f 2281 2280 2218
f 2282 188 96
f 317 363 316
f 390 363 317
f 699 643 673
f 1096 2287 998
f 811 2284 659
f 2286 964 1043
f 2283 1071 806
f 998 1076 1079
f 2287 1076 998
f 1093 2285 810
f 2287 1096 814
f 1249 2289 1230
f 1235 1232 2290
f 1269 2288 1263
f 595 1284 2291
f 1377 2291 1284
f 1248 1245 1286
f 2292 1229 2289
f 1231 1287 1249
f 2290 2293 1235
f 2293 1288 1235
f 1292 1290 1257
f 1636 1521 1457
f 1636 1457 1424
f 1871 2294 1783
f 2297 2295 1788
f 2297 1793 2301
f 2295 2298 1773
f 1788 1772 2297
f 2300 2299 2404
f 1819 2238 1779
f 1791 1819 1779
f 2296 1806 1843
f 2301 2295 2297
f 1992 2135 2164
f 1992 2164 2102
f 2243 2302 2240
f 105 142 28
f 129 39 120
f 2303 191 193
f 119 128 582
f 223 224 61
f 104 2305 154
f 146 304 148
f 2307 578 107
f 215 2308 214
f 137 169 49
f 172 146 149
f 140 750 199
f 2304 212 126
f 590 593 224
f 273 63 334
f 192 162 193
f 236 162 290
f 217 240 194
f 147 250 200
f 253 170 307
f 223 61 852
f 392 2312 395
f 2313 293 167
f 195 296 297
f 2314 390 391
f 319 2311 186
f 590 224 223
f 2315 2380 380
f 385 384 381
f 389 390 2314
f 132 396 397
f 325 353 417
f 406 458 460
f 420 421 2382
f 325 417 416
f 420 411 431
f 417 412 416
f 424 420 431
f 2316 418 548
f 424 2316 421
f 2317 432 427
f 430 2316 548
f 427 432 426
f 401 399 456
f 459 2307 460
f 2317 423 432
f 489 463 313
f 2319 365 157
f 472 2319 495
f 495 2319 157
f 2318 499 542
f 2320 574 520
f 349 563 527
f 550 2321 551
f 578 2307 579
f 2306 582 183
f 119 2306 155
f 225 591 592
f 754 720 753
f 635 2322 685
f 101 697 48
f 754 753 721
f 665 2322 680
f 2322 743 685
f 783 768 765
f 770 779 772
f 788 2323 919
f 678 791 789
f 792 2324 786
f 2310 921 922
f 817 613 1427
f 761 756 822
f 761 822 766
f 914 966 1114
f 2323 1099 1132
f 2325 906 60
f 788 919 917
f 798 934 972
f 941 1051 940
f 1056 936 1007
f 1120 1056 732
f 1036 1064 1063
f 1080 1081 2326
f 2326 1102 1082
f 2328 2326 1101
f 1163 1160 1165
f 2329 1162 883
f 1247 1225 1254
f 1267 2331 1265
f 1240 1269 1220
f 1183 1360 1403
f 2332 1329 1894
f 1236 1289 1268
f 1310 2330 1263
f 2334 1336 1337
f 1329 2392 1337
f 1311 2334 1338
f 1285 1338 2392
f 2335 1444 840
f 1573 2336 1359
f 2336 1195 1359
f 1404 2338 1525
f 1400 1410 1363
f 1461 2339 1462
f 1543 1474 1416
f 1567 1419 1372
f 2340 1439 1203
f 2342 599 600
f 1541 1525 2337
f 2338 2337 1525
f 1481 1422 1483
f 2343 1686 1316
f 1502 1316 1621
f 1461 2336 1573
f 1483 1567 1485
f 1552 1571 1553
f 1601 1540 1537
f 1581 1582 1638
f 2346 1603 1584
f 1601 1581 1638
f 1601 1638 2345
f 2346 1606 1603
f 1502 1621 1501
f 1662 2347 1621
f 1628 2348 1625
f 2348 1631 1625
f 2349 1629 1628
f 2350 1648 1630
f 1542 1646 1473
f 1651 1590 2397
f 1738 1517 2355
f 2421 1673 1662
f 1316 1684 1662
f 1660 1681 1680
f 1686 2351 1684
f 2351 2352 1623
f 2352 1692 1691
f 2352 1691 1667
f 1684 2351 2421
f 2343 2353 1685
f 2354 1726 1695
f 1683 1738 2355
f 1738 1683 1739
f 2356 16 15
f 2356 1915 16
f 1784 1804 2405
f 1770 1791 1771
f 1804 1806 1805
f 1819 2357 2238
f 1829 2358 1861
f 2332 2359 1807
f 1880 2360 1879
f 1829 1861 1826
f 2361 1753 1752
f 1880 1879 1753
f 1968 1856 1795
f 2360 1983 1879
f 1994 1916 1881
f 2406 1945 1825
f 1994 1987 2356
f 2362 2363 1995
f 1994 1881 2253
f 2340 1441 1439
f 2407 1961 1896
f 2029 2081 2082
f 2411 2108 2033
f 2149 2033 2132
f 2363 2097 2047
f 2063 2365 2020
f 2178 2365 2019
f 2365 2116 2177
f 2115 1948 2114
f 2120 2144 2106
f 1821 2417 2126
f 2417 2133 2197
f 2120 2106 2145
f 2073 2364 2096
f 2158 2160 2418
f 2157 2215 2179
f 2367 2222 2192
f 2368 2409 2410
f 2211 2419 2196
f 2417 2197 2134
f 2369 2202 1876
f 2370 2208 2209
f 2215 2366 2160
f 2117 2157 2179
f 2233 2371 2228
f 2050 1884 2003
f 2262 2278 2268
f 2372 150 105
f 2 188 2282
f 2304 130 115
f 130 2304 129
f 129 2304 125
f 20 2303 193
f 24 25 135
f 103 76 143
f 2373 433 298
f 196 197 215
f 168 2375 216
f 195 241 299
f 258 2375 217
f 331 330 377
f 2377 401 285
f 98 2374 314
f 2376 2378 479
f 2379 348 402
f 272 379 158
f 2380 131 381
f 2376 343 283
f 419 2382 324
f 2381 451 456
f 479 2378 478
f 591 478 2378
f 406 489 458
f 2383 540 567
f 524 561 459
f 337 2378 2376
f 2378 337 592
f 2384 697 101
f 1136 1138 1139
f 635 680 2322
f 2386 1427 1489
f 2385 762 686
f 2387 695 830
f 2387 784 1005
f 788 2388 1099
f 932 2389 1006
f 906 333 60
f 855 69 68
f 941 870 831
f 995 2287 996
f 695 2387 1005
f 1030 1036 1034
f 787 2388 788
f 1038 942 1060
f 1038 1060 1039
f 1073 1075 1078
f 1073 1078 1077
f 1073 1077 1067
f 1102 2388 1049
f 1098 1136 1139
f 1121 1125 1124
f 849 1130 63
f 1098 1156 1134
f 2390 1106 1105
f 1126 1153 1155
f 614 1346 1486
f 1215 1285 2392
f 1337 2391 1335
f 1337 2392 2334
f 1264 1379 1305
f 1474 2393 1542
f 2335 841 1446
f 1462 1411 1409
f 2343 1502 1500
f 1402 2395 1360
f 1530 2394 1435
f 2395 1402 1526
f 1570 1568 1485
f 2395 1403 1360
f 1386 1616 1590
f 2400 1659 1606
f 1611 2345 1644
f 1386 1590 1650
f 1635 2396 1649
f 1646 1542 2396
f 2396 1542 2393
f 1651 2397 1643
f 1688 2398 1670
f 2399 1592 1657
f 1665 1660 2400
f 1671 1659 2399
f 2400 2399 1659
f 2401 1683 1672
f 2401 1670 2398
f 1670 2401 1593
f 1674 1673 2421
f 2398 1318 1739
f 1674 2421 1642
f 1623 1689 1642
f 1623 2352 1690
f 2402 1709 1694
f 1709 2402 1706
f 2403 1706 2402
f 1425 1734 1211
f 1930 1208 1928
f 1842 2404 2298
f 1789 1836 1803
f 189 2405 3
f 1845 2405 1804
f 2406 2410 1892
f 10 1919 11
f 1938 1939 2069
f 1938 2069 2015
f 1892 1943 2406
f 2410 2409 1892
f 2415 2063 1949
f 1903 1961 2407
f 1963 2407 1898
f 2411 1975 1821
f 2413 2266 2419
f 2409 2021 1952
f 2031 2032 1968
f 2039 1986 2416
f 2002 2050 1883
f 2414 1908 2149
f 1948 2415 2113
f 2415 1948 2063
f 2040 2416 2073
f 2138 2110 2098
f 2133 2417 2095
f 2161 2199 2197
f 2137 2138 2098
f 2122 2266 2414
f 2414 2093 2122
f 2418 2154 2072
f 2156 2418 2366
f 2156 2366 2157
f 2156 2175 2176
f 2410 2406 2192
f 1825 2192 2406
f 2049 2419 2211
f 2161 2197 2133
f 2420 2211 2224
f 2420 2001 2211
f 2212 2420 2224
f 2371 2233 2271
f 2272 2412 2270
f 2267 2268 2278
f 1292 1257 1287
f 2300 2404 1784
f 2298 2404 2299
f 2380 381 380
f 385 381 477
f 366 2382 421
f 2382 366 324
f 1052 1126 1155
f 1623 2421 2351
f 1 2405 2
f 1825 1945 1944
f 2038 1986 2039
f 2158 2418 2072

