# https://github.com/mikedh/trimesh
v -0.68261160 1.18378200 -0.04883138
v -0.69529580 1.17252800 -0.04948123
v -0.69624950 1.15042800 -0.04537102
v -0.70141410 1.11997100 -0.04322545
v -0.70060340 1.09812500 -0.03792412
v -0.70176450 1.03589500 -0.02195787
v -0.69334660 1.01387000 -0.01869714
v -0.69149790 0.99170530 -0.01936431
v -0.68530800 0.97474030 -0.02364087
v -0.67090910 0.94744640 -0.03109296
v -0.66373430 0.92425930 -0.03260704
v -0.65707480 0.90424860 -0.03126012
v -0.65126100 0.88351970 -0.02952223
v -0.64719810 0.86356260 -0.02858175
v -0.64215620 0.84601380 -0.02745457
v -0.63863530 0.82621310 -0.02640370
v -0.63078610 0.78574020 -0.02449196
v -0.62808220 0.74675190 -0.02360811
v -0.62474230 0.72665090 -0.02165348
v -0.62608990 0.68030200 -0.02844102
v -0.61454780 0.64967720 -0.02327327
v -0.61349070 0.63249840 -0.02422525
v -0.61473820 0.60317860 -0.02476698
v -0.61910410 0.58880280 -0.02408058
v -0.62592810 0.57758300 -0.02053912
v -0.62552320 0.57540610 -0.01982399
v -0.62517650 0.57385340 -0.01810640
v -0.63794850 0.57422460 -0.02509930
v -0.65001410 0.57946790 -0.02939250
v -0.66119290 0.58173320 -0.03273592
v -0.67398160 0.58448360 -0.03733845
v -0.68771390 0.58375810 -0.04276004
v -0.70025660 0.58215770 -0.04680047
v -0.71471700 0.57845280 -0.04898920
v -0.73055650 0.57505390 -0.04978066
v -0.74631840 0.57171370 -0.04764609
v -0.76294360 0.56998710 -0.04505078
v -0.78027940 0.56892620 -0.04231104
v -0.79515260 0.56807770 -0.03286719
v -0.80259000 0.56801470 -0.01650636
v -0.80937880 0.56825590 -0.00044962
v -0.81847730 0.56654150 0.01337321
v -0.82679080 0.56469260 0.02932599
v -0.83576680 0.56614750 0.04874192
v -0.84525590 0.57320980 0.07278696
v -0.85494200 0.58809770 0.10333610
v -0.86140760 0.60407390 0.12950960
v -0.85947940 0.63366680 0.11055130
v -0.85481840 0.66343560 0.08994323
v -0.84840020 0.67755630 0.08914353
v -0.84636050 0.69529810 0.08364060
v -0.83885730 0.71045510 0.08179158
v -0.83693270 0.76446400 0.08195810
v -0.84797230 0.79455770 0.08894628
v -0.85253520 0.81019350 0.08516995
v -0.85893590 0.84116020 0.08316050
v -0.86426830 0.85674950 0.08190532
v -0.87182430 0.89155430 0.07980260
v -0.87174170 0.91091160 0.08129094
v -0.87109940 0.93093190 0.08208678
v -0.86529830 0.97310030 0.08005927
v -0.85502550 1.04543600 0.08168613
v -0.85472640 1.06167800 0.08205045
v -0.85399410 1.08403300 0.08038499
v -0.84903850 1.10550800 0.07740443
v -0.85574760 1.11708300 0.08842921
v -0.85279820 1.13464900 0.08490759
v -0.85095270 1.15232100 0.08013075
v -0.85495540 1.16416600 0.08638726
v -0.84604490 1.18943900 0.07777158
v -0.84460800 1.20965900 0.07165135
v -0.82983210 1.22940400 0.06895066
v -0.81512190 1.23871300 0.07816252
v -0.78908000 1.29175300 0.08369105
v -0.78114690 1.28951400 0.06700401
v -0.76974820 1.29572200 0.05215741
v -0.75512430 1.30948900 0.03963068
v -0.73868250 1.33147700 0.03224514
v -0.72122180 1.35593100 0.02615862
v -0.70826070 1.37888400 0.01364776
v -0.67913770 1.38706100 0.01919419
v -0.65183480 1.39237400 0.02489966
v -0.65575760 1.38867800 0.00973843
v -0.64684980 1.37780600 -0.00458033
v -0.64402380 1.37108500 -0.01968788
v -0.66242360 1.37115800 -0.03442922
v -0.67956730 1.36550100 -0.03609639
v -0.69413560 1.35230000 -0.03434546
v -0.70421900 1.33592100 -0.03061769
v -0.71364690 1.31800000 -0.02779774
v -0.72414320 1.29775600 -0.02685161
v -0.72834680 1.27264300 -0.02746002
v -0.73344100 1.24815400 -0.03340190
v -0.73409660 1.22696000 -0.04198173
v -0.72745910 1.20721900 -0.05242714
v -0.71055040 1.19096600 -0.05942745
v -0.64604850 0.61096690 -0.03387390
v -0.81825760 0.66902340 -0.00498202
v -0.84062740 0.61835620 0.03888283
v -0.85215950 0.60118040 0.07125372
v -0.86252550 0.62061780 0.12435700
v -0.78354330 1.25752400 0.04655062
v -0.77532320 1.27958400 0.05073878
v -0.66785500 1.38565200 -0.00370474
v -0.64632940 0.59006910 -0.03169957
v -0.67633590 0.61285030 -0.04012183
v -0.73496360 0.65879630 -0.05047031
v -0.65973760 1.37518600 -0.01614982
v -0.83693780 0.58144240 0.03727716
v -0.85206540 0.58788550 0.08040778
v -0.68684550 1.38422800 0.00588138
v -0.74296880 1.31444000 0.02784917
v -0.68051920 0.59932510 -0.04128114
v -0.70137210 1.36015500 0.01227601
v -0.78133020 0.61385100 -0.03662897
v -0.84415800 0.58062350 0.05907617
v -0.69430380 0.59842280 -0.04697959
v -0.69178460 1.35981400 -0.02018273
v -0.81856990 0.58743150 0.00687881
v -0.80030970 0.58373590 -0.02435199
v -0.82614500 0.57459760 0.02094744
v -0.72383830 0.58954820 -0.05107571
v -0.70096370 1.34650200 -0.02224610
v -0.70170960 1.35174900 -0.00657096
v -0.76362310 0.58329850 -0.04464150
v -0.74308840 0.59255810 -0.05007006
v -0.71191740 1.33184200 -0.01697003
v -0.83180070 0.59257610 0.01987012
v -0.78154200 0.58733190 -0.03978264
v -0.79083880 0.59948610 -0.03297647
v -0.77686410 0.98512470 0.00633449
v -0.78962670 1.10310000 -0.01146718
v -0.75488670 1.15973100 -0.05150794
v -0.63292510 0.63174450 -0.03422972
v -0.62905800 0.60217260 -0.03320495
v -0.68605980 0.72378120 -0.04659987
v -0.84928890 0.64127810 0.07576605
v -0.85184100 0.62404560 0.08495467
v -0.85537420 0.60925430 0.09702633
v -0.80053430 1.24488800 0.06455973
v -0.77741110 1.22521800 0.00319689
v -0.63306850 0.58933390 -0.02750714
v -0.76145560 1.28923700 0.03598728
v -0.77230540 1.26978300 0.03828710
v -0.75049320 1.29449400 0.02261960
v -0.75058640 1.26932600 0.00052186
v -0.77867570 1.25025400 0.03035987
v -0.75963930 1.27415800 0.02170399
v -0.74449460 1.28451300 0.00462291
v -0.65879050 0.60511180 -0.03423486
v -0.70747050 0.59991460 -0.05085991
v -0.84103040 0.60182360 0.03647627
v -0.83355140 0.61385580 0.02070094
v -0.68487500 1.36869800 -0.00164773
v -0.80704990 0.58629170 -0.00964774
v -0.82296310 0.88176540 0.02896971
v -0.73254240 0.90384350 -0.01998251
v -0.82152870 0.98517360 0.02505967
v -0.82279460 1.13135300 0.03174728
v -0.72771430 1.19058500 -0.05224976
v -0.72165030 1.16068300 -0.05520924
v -0.63954180 0.66457050 -0.03090458
v -0.62257840 0.63035250 -0.03097896
v -0.62442700 0.61691470 -0.03341410
v -0.63437780 0.61655300 -0.03550543
v -0.63859990 0.60235000 -0.03343598
v -0.65517850 0.72788210 -0.03640293
v -0.83169800 0.70486910 0.06288125
v -0.86056070 0.64684500 0.09687315
v -0.81110640 1.21600800 0.03299133
v -0.81601700 1.22573500 0.06208933
v -0.73689150 1.28467500 -0.01520450
v -0.75697810 1.24867100 -0.00441390
v -0.69299800 0.61412010 -0.04792256
v -0.72523070 0.60610780 -0.05331957
v -0.70831260 0.62098620 -0.05400377
v -0.84893740 0.61542620 0.05901015
v -0.84561850 0.62942910 0.05444638
v -0.83810720 0.65211220 0.03262626
v -0.83521750 0.63276020 0.02599039
v -0.84641620 0.59516090 0.05154717
v -0.82207220 0.63743720 -0.00192708
v -0.81876650 0.61893650 -0.00433832
v -0.82886670 0.62862220 0.00970943
v -0.83043640 0.65031390 0.01352679
v -0.67854530 0.85414700 -0.03664738
v -0.71480390 0.98042450 -0.01943346
v -0.70614290 1.17954900 -0.05836948
v -0.70567500 1.16073400 -0.04890226
v -0.72249010 1.14420600 -0.05040057
v -0.62582400 0.64480430 -0.03056404
v -0.63416730 0.64818250 -0.03161952
v -0.63321640 0.66386940 -0.02951463
v -0.83927480 0.74927740 0.06114749
v -0.84350860 0.78205690 0.05455214
v -0.83982550 0.67593680 0.06407468
v -0.83839790 0.69046480 0.06850415
v -0.79002980 1.27534400 0.07423860
v -0.78978070 1.26212900 0.06354404
v -0.79440460 1.23286200 0.03287803
v -0.83819760 1.19669700 0.04561578
v -0.83236300 1.21362600 0.05567522
v -0.74136950 1.22006100 -0.03800065
v -0.74599690 1.23814500 -0.02468277
v -0.74018130 1.26073000 -0.01880561
v -0.76130130 1.23116000 -0.01240123
v -0.76692770 1.20066400 -0.03430709
v -0.77046520 1.21360800 -0.01712192
v -0.75412690 1.21774400 -0.03018297
v -0.72437890 0.62380620 -0.05497296
v -0.74162340 0.61255000 -0.05127749
v -0.75696820 0.61090450 -0.04603271
v -0.84559840 0.65459840 0.06190368
v -0.83788750 0.66322590 0.04462703
v -0.83291020 0.68178680 0.05005617
v -0.82761810 0.69732960 0.04505044
v -0.83515620 0.72955830 0.06148613
v -0.85214890 0.85965880 0.06262261
v -0.86645950 0.87237130 0.07611403
v -0.85214810 0.87978080 0.06406568
v -0.83296560 0.86075410 0.05072881
v -0.65394930 0.81707140 -0.03323880
v -0.85397450 0.98753870 0.06875716
v -0.85158530 0.96775870 0.06160797
v -0.71771690 1.01587900 -0.02553631
v -0.71601240 1.05224800 -0.03215990
v -0.70119040 0.96701880 -0.01988824
v -0.71394380 0.99927080 -0.02097985
v -0.68848730 0.95491220 -0.02734156
v -0.84132460 1.12530900 0.06676214
v -0.72005190 1.10776200 -0.03481028
v -0.71831430 1.08927100 -0.03466029
v -0.73179730 1.17213600 -0.05526648
v -0.70617780 1.13863200 -0.04328065
v -0.74120410 1.15135500 -0.05235296
v -0.63676430 0.67906540 -0.03137026
v -0.66200660 0.61970270 -0.03541339
v -0.62770630 0.70920450 -0.02631707
v -0.63869950 0.73444540 -0.02978761
v -0.83843320 0.75000770 0.07900930
v -0.83880790 0.78075850 0.07708178
v -0.85100140 0.81561320 0.06758529
v -0.85352590 0.83234640 0.06402921
v -0.83607810 0.84342750 0.04405933
v -0.83454530 0.73021550 0.07805037
v -0.79101310 1.24144100 0.04203058
v -0.80612980 1.22837400 0.04904839
v -0.79473190 1.21855200 0.01749127
v -0.76912730 1.24114200 0.00745090
v -0.78103960 1.23870000 0.02168126
v -0.81734670 1.21511000 0.05054342
v -0.84398840 1.19559900 0.06042937
v -0.82269690 1.20298000 0.03801430
v -0.69243960 0.62432870 -0.04876713
v -0.73900310 0.63486960 -0.04886818
v -0.82303070 0.69659070 0.02753735
v -0.82806110 0.71721290 0.02321560
v -0.83654970 0.73349850 0.04047367
v -0.82568550 0.74312900 0.02793985
v -0.82242120 0.68584250 0.00997223
v -0.82855100 0.68091140 0.03042955
v -0.86174680 0.90099340 0.06453546
v -0.86116960 0.91749840 0.06710583
v -0.85229880 0.93177480 0.06204335
v -0.85667650 0.84666560 0.06806032
v -0.84422890 0.84637980 0.05873864
v -0.65705860 0.85207160 -0.03285013
v -0.63688540 0.80905170 -0.02670494
v -0.64552730 0.79747360 -0.03219191
v -0.85835850 1.01003900 0.07849655
v -0.84678830 1.03147700 0.07016846
v -0.83191340 1.00133500 0.04064224
v -0.84285230 1.05075200 0.06344625
v -0.69910610 1.05744100 -0.02470035
v -0.70496610 1.07491300 -0.03398668
v -0.73138950 0.98883600 -0.02578787
v -0.68331250 0.91355590 -0.03447903
v -0.84210500 1.14348000 0.06721919
v -0.84058780 1.15865500 0.06321392
v -0.83175890 1.13703900 0.04662253
v -0.83000540 1.11990900 0.04584249
v -0.73659310 1.09571500 -0.02787492
v -0.72881670 1.07354900 -0.03185610
v -0.72464240 1.12752200 -0.04465134
v -0.74279790 1.13701200 -0.04287557
v -0.64617770 0.63834910 -0.03357168
v -0.66397470 0.66345860 -0.03663623
v -0.64851270 0.65511980 -0.03329421
v -0.64831370 0.70413860 -0.03382184
v -0.64433280 0.68553020 -0.03332961
v -0.66612160 0.69423530 -0.03784658
v -0.65544390 0.67399900 -0.03466136
v -0.64915330 0.74091480 -0.03426070
v -0.63516820 0.77171000 -0.02720888
v -0.83755950 0.76483570 0.06271654
v -0.82834640 0.77938620 0.03498976
v -0.83932950 0.75889100 0.04168427
v -0.84049000 0.78940800 0.04454358
v -0.84272060 0.79947560 0.06778268
v -0.85555340 0.82527930 0.08200888
v -0.83684770 0.81291640 0.03290322
v -0.80517070 1.18871500 -0.00367362
v -0.78781630 1.19818900 -0.01996951
v -0.76581340 1.25553600 0.01553217
v -0.84001310 1.17652600 0.06373441
v -0.83122620 1.19144500 0.02800951
v -0.81396150 1.20250400 0.01507889
v -0.82464390 1.18069900 0.00913977
v -0.79269850 1.20928800 -0.00242898
v -0.70783740 0.62982040 -0.05543958
v -0.72396540 0.63986190 -0.05472638
v -0.75421850 0.62887710 -0.04366308
v -0.77497620 0.68540770 -0.03344073
v -0.82659410 0.66841560 0.01298397
v -0.84003440 0.93281570 0.04266508
v -0.83554450 0.89738050 0.03553972
v -0.83219420 0.91370990 0.03213257
v -0.67478300 0.89112530 -0.03408518
v -0.67948100 0.86984270 -0.03544697
v -0.69784400 0.90236020 -0.03135779
v -0.71374110 0.89350220 -0.02640985
v -0.69326790 0.88091950 -0.03342611
v -0.70096070 0.86351120 -0.03439962
v -0.69579680 0.84199720 -0.03815374
v -0.65056990 0.78342730 -0.03467152
v -0.66359920 0.80358570 -0.03696616
v -0.67274600 0.81997620 -0.03753414
v -0.84194410 1.00886500 0.06213056
v -0.83756240 1.02920300 0.05404845
v -0.83281060 1.04295900 0.04240119
v -0.82678920 1.02858800 0.03160091
v -0.82439550 1.05073600 0.03558901
v -0.87161810 0.95527800 0.08680864
v -0.84559960 1.07226000 0.06674003
v -0.84358880 1.09143400 0.06603928
v -0.82679440 1.07333600 0.03793223
v -0.73394730 1.05082800 -0.02990506
v -0.83348750 1.16439300 0.04735908
v -0.83520530 1.15007300 0.05035815
v -0.82330340 1.13894700 0.01504436
v -0.81283430 1.10546500 0.02034328
v -0.83733600 1.10537500 0.05780624
v -0.74399400 1.07801300 -0.02249967
v -0.77148210 1.10315700 -0.02021204
v -0.76115930 1.14175900 -0.04670122
v -0.64361080 0.62599160 -0.03368050
v -0.66147510 0.64664580 -0.03532485
v -0.67997000 0.62792310 -0.04222114
v -0.69424440 0.63713450 -0.04997957
v -0.64623820 0.71357740 -0.03089699
v -0.63738610 0.69520600 -0.03041106
v -0.66755340 0.71421750 -0.03959291
v -0.64208650 0.76133190 -0.03220715
v -0.82622030 0.76487460 0.02335334
v -0.84423640 0.82698850 0.04822836
v -0.83969130 1.18091500 0.04382002
v -0.77032490 0.62476220 -0.03943960
v -0.78886500 0.65266180 -0.02783349
v -0.82036430 0.72832310 0.01039137
v -0.84693500 0.95243880 0.05360250
v -0.84560910 0.91105550 0.05091052
v -0.78648260 0.90812740 0.00944368
v -0.81826490 0.89848880 0.02374941
v -0.71140380 0.87896870 -0.02870425
v -0.71788390 0.91371240 -0.02191577
v -0.71611980 0.84695630 -0.03372473
v -0.67196460 0.83827970 -0.03681693
v -0.65626890 0.83300040 -0.03355856
v -0.83443060 1.08511000 0.05097911
v -0.83697590 1.06293200 0.05078685
v -0.82749220 1.15021100 0.03471655
v -0.82846900 1.15052500 0.01784601
v -0.82146080 1.11415000 0.03225224
v -0.82660460 1.09904000 0.03605652
v -0.81615170 1.06190000 0.02778264
v -0.80784280 1.04747200 0.01553310
v -0.81414140 1.03574700 0.02088029
v -0.80852350 1.01729700 0.02219937
v -0.82144800 1.00258200 0.02580087
v -0.80219160 0.99656350 0.02001633
v -0.79372990 0.97591880 0.01625472
v -0.82116440 0.96491140 0.02425574
v -0.79733600 1.03105900 0.00955351
v -0.80616050 0.97457560 0.01925778
v -0.80439670 0.95582180 0.01949430
v -0.78077860 1.01620200 0.00188675
v -0.81736910 0.94461720 0.02115771
v -0.82879730 0.94850910 0.03662458
v -0.79209430 0.92528970 0.01461005
v -0.81181660 0.91917560 0.01933087
v -0.82425940 0.93132650 0.02579668
v -0.76612610 1.06711800 -0.01680821
v -0.77882490 1.04791200 -0.00689891
v -0.78464260 1.06497400 -0.00104426
v -0.75832010 1.09068800 -0.02158977
v -0.79548100 1.08588700 0.00267089
v -0.80337090 1.09857800 0.00757953
v -0.81162020 1.08433500 0.02287464
v -0.76795690 1.11900200 -0.03170926
v -0.79472510 1.16718800 -0.03096992
v -0.75711160 1.12679100 -0.03946532
v -0.67716130 0.63983940 -0.04138915
v -0.83436050 1.16783400 0.02705235
v -0.80949210 0.63000630 -0.01418417
v -0.80278610 0.61530970 -0.02161307
v -0.75179030 0.65564980 -0.04304879
v -0.77121870 0.64233420 -0.03603863
v -0.80722460 0.68061880 -0.01566964
v -0.83848560 0.87888670 0.04361341
v -0.72208930 0.95791320 -0.01854844
v -0.68699740 0.80674910 -0.03973697
v -0.67398420 0.77419350 -0.04166578
v -0.68307780 0.75577220 -0.04456859
v -0.67413740 0.73461110 -0.04332311
v -0.68701450 0.79282380 -0.04095104
v -0.66982800 0.79068020 -0.03941871
v -0.65649990 0.77062050 -0.03794410
v -0.74334630 0.81852990 -0.02438805
v -0.68969660 0.82587550 -0.03884308
v -0.70778390 0.82277500 -0.03804469
v -0.71927000 0.83706730 -0.03518357
v -0.80973850 0.78740860 0.00581943
v -0.73279470 0.76336930 -0.03956392
v -0.72663770 0.82310150 -0.03615983
v -0.81600050 0.78519270 0.01773450
v -0.72510770 0.80048140 -0.03887008
v -0.70709380 0.78415580 -0.03999048
v -0.69087840 0.77271490 -0.04295489
v -0.74508360 0.79668360 -0.02641947
v -0.73538320 0.85470350 -0.02451398
v -0.70730440 0.80593190 -0.03905559
v -0.72912170 0.78513470 -0.03922416
v -0.82954900 0.79728950 0.02774148
v -0.73651490 1.00236400 -0.02815336
v -0.75350290 1.01092300 -0.01943216
v -0.78892950 0.94387810 0.01349516
v -0.78104910 1.03327100 -0.00252157
v -0.79234850 1.04792500 0.00317284
v -0.81473100 1.12413200 0.01554080
v -0.80135580 1.13124700 -0.01511194
v -0.81313400 1.13270000 -0.00047696
v -0.81896620 1.14743200 -0.00277560
v -0.80393570 1.11620100 -0.00095799
v -0.79386590 1.12121100 -0.01545537
v -0.80149540 1.06543900 0.01393333
v -0.75378300 1.10855000 -0.02990125
v -0.79898760 1.18159300 -0.02134520
v -0.78166560 1.18429300 -0.03508220
v -0.81186650 1.16428900 -0.01294971
v -0.76360440 1.18269800 -0.04518040
v -0.77331200 1.14927900 -0.04524035
v -0.79533180 1.14226900 -0.02718308
v -0.77973610 1.16907200 -0.04139707
v -0.78841010 1.12945100 -0.02759052
v -0.80771240 1.14170500 -0.01427424
v -0.77713340 1.13632200 -0.03770379
v -0.79137720 0.63270480 -0.02927461
v -0.76018240 0.67019510 -0.03952244
v -0.73507570 0.69676120 -0.04750439
v -0.74349970 0.67509760 -0.04616659
v -0.68713660 0.70875280 -0.04759559
v -0.81647920 0.68670390 -0.00426648
v -0.78891270 0.67545630 -0.02735637
v -0.81651580 0.70423000 0.00679270
v -0.81299480 0.71622580 -0.00583789
v -0.81004390 0.69830260 -0.01284486
v -0.79485380 0.69447250 -0.02335236
v -0.84989210 0.89325950 0.05031437
v -0.72514910 0.93510550 -0.01793359
v -0.73994480 0.95037240 -0.02360073
v -0.76557330 0.95227970 -0.01635110
v -0.75298740 0.94361670 -0.02327895
v -0.75474950 0.85964340 -0.01793265
v -0.81322910 0.76836960 0.00862812
v -0.78938730 0.77723700 -0.01393955
v -0.69530050 0.74163080 -0.04613553
v -0.78406980 0.96389720 0.01129978
v -0.76057510 1.02065500 -0.00702610
v -0.75970740 1.04367200 -0.00982744
v -0.78088830 1.11490700 -0.02359020
v -0.82457160 1.16182200 0.00604434
v -0.81591240 1.17587000 -0.00502759
v -0.74794630 1.20226000 -0.04523455
v -0.74808920 1.17969800 -0.05126172
v -0.76753030 1.16515000 -0.04793527
v -0.80342990 1.15377200 -0.02177204
v -0.67398730 0.67741710 -0.04040274
v -0.80329450 0.64333520 -0.01933284
v -0.77072330 0.66152080 -0.03539515
v -0.80211500 0.66286900 -0.01933737
v -0.80186220 0.72821750 -0.01529338
v -0.77417580 0.94724830 -0.00143646
v -0.77600360 0.92539060 -0.00243691
v -0.76548360 0.93368940 -0.01847138
v -0.75201290 0.91839860 -0.02287953
v -0.79873420 0.89546830 0.01691583
v -0.80320280 0.91065800 0.01568711
v -0.76963430 0.96891380 -0.00590256
v -0.73786570 0.97271740 -0.02495232
v -0.74968000 0.88920140 -0.02179529
v -0.74487190 0.87246560 -0.02165005
v -0.73182840 0.88629530 -0.02173104
v -0.82959230 0.82795990 0.03529137
v -0.82311790 0.81714860 0.02091918
v -0.80987620 0.82245440 0.01256647
v -0.80368540 0.80223930 0.00311420
v -0.79968180 0.81691040 0.00638406
v -0.78918370 0.80123730 -0.00564130
v -0.76030740 0.81273310 -0.02645207
v -0.77735140 0.81160880 -0.02207978
v -0.81546580 0.80546000 0.01166122
v -0.81201420 0.75108550 0.01083752
v -0.79966710 0.76018830 -0.00446167
v -0.78121810 0.75901680 -0.02122159
v -0.77240230 0.77746910 -0.02536407
v -0.79289030 0.74424560 -0.01527974
v -0.80065200 0.78198590 -0.00036929
v -0.70168240 0.75927070 -0.04362145
v -0.74064250 0.74458510 -0.03796832
v -0.72189380 0.74198520 -0.04240487
v -0.74768920 0.75759010 -0.03416912
v -0.76410130 0.79489500 -0.02775751
v -0.75319950 0.69052360 -0.03942040
v -0.75240790 0.70351490 -0.03808750
v -0.77046820 0.71624670 -0.03282544
v -0.68873380 0.69395270 -0.04853555
v -0.69548550 0.64979740 -0.05031747
v -0.78058750 0.70640290 -0.03021064
v -0.79754220 0.71386340 -0.01939362
v -0.80781880 0.73840710 -0.00263612
v -0.70549480 0.92233050 -0.02649430
v -0.70735380 0.94318720 -0.02100922
v -0.69133020 0.93237370 -0.03155608
v -0.80442040 0.87910920 0.02056295
v -0.79162570 0.87815890 0.00840224
v -0.81057480 0.86626990 0.02434822
v -0.82304900 0.86389220 0.03259439
v -0.76260470 0.87655280 -0.01988827
v -0.77846660 0.90190320 -0.00631666
v -0.80683140 0.83719340 0.01506259
v -0.76293900 0.98454190 -0.01275510
v -0.75873100 0.96583750 -0.02090851
v -0.74905900 0.90275290 -0.02253403
v -0.76655430 0.91016140 -0.01931725
v -0.72556790 0.86810680 -0.02587733
v -0.76263940 0.82963060 -0.02312335
v -0.76939840 0.84810070 -0.01744065
v -0.74725890 0.84202300 -0.02030599
v -0.78639470 0.82203850 -0.00723747
v -0.79458700 0.83961420 0.00498900
v -0.79691200 0.85929350 0.01080068
v -0.78530850 0.84452310 -0.00689960
v -0.78422750 0.86140340 -0.00570045
v -0.78003810 0.83109780 -0.01610218
v -0.77466650 0.74156720 -0.02624649
v -0.75861280 0.74507220 -0.03257929
v -0.78622590 0.72831880 -0.02401197
v -0.74912800 0.77652500 -0.02863602
v -0.70297490 0.72372600 -0.04710782
v -0.75626180 0.71687890 -0.03615358
v -0.73903730 0.71216860 -0.04141052
v -0.68044590 0.65859000 -0.04316560
v -0.70734410 0.64175310 -0.05414571
v -0.78698300 0.89299900 0.00644067
v -0.78058990 0.88119290 -0.00839393
v -0.77241960 0.86501220 -0.01545548
v -0.81965150 0.83532440 0.02829106
v -0.76641520 1.00034700 -0.00216394
v -0.76687590 0.89368310 -0.01899225
v -0.76734810 0.72902760 -0.03196817
v -0.76244660 0.75989190 -0.02889427
v -0.74911870 0.72939760 -0.03707540
v -0.70634150 0.70360290 -0.04979482
v -0.71766100 0.72063270 -0.04727245
v -0.73087200 0.72334740 -0.04328955
v -0.68709440 0.67861400 -0.04762359
v -0.69838230 0.66689360 -0.05199831
v -0.71439290 0.66009160 -0.05545079
v -0.71605290 0.68372050 -0.05464255
v -0.72227640 0.70414700 -0.05198578
v -0.70296160 0.68650700 -0.05252579
v -0.82514380 0.60616620 0.00558767
v -0.72052900 1.34398200 0.01800428
v -0.71055140 1.34074000 0.00397286
v -0.72611610 1.32776500 0.01565157
v -0.72938130 1.30472100 -0.00558278
v -0.73666720 1.30891100 0.00924003
v -0.72209240 1.32504300 -0.00216398
v -0.71915260 1.31689300 -0.01613473
v -0.83517080 0.98561300 0.05066135
v -0.74110520 1.02255700 -0.02838576
v -0.73039350 1.03401500 -0.03124715
v -0.83048650 0.96703060 0.04211671
v -0.77922570 0.79275590 -0.02214878
v -0.77988320 1.20747300 0.27258400
v -0.79293430 1.18259700 0.27053720
v -0.79569210 1.16326500 0.26588790
v -0.80097680 1.11006700 0.27507330
v -0.80219910 1.09190600 0.28042390
v -0.80480500 1.07256700 0.28480270
v -0.80609240 1.05287200 0.28985960
v -0.80910110 1.03143800 0.29273340
v -0.80954230 0.99821960 0.30291940
v -0.80338560 0.98207780 0.31449680
v -0.79632260 0.92152790 0.33116540
v -0.79878230 0.84715250 0.34005110
v -0.80130090 0.83009520 0.34022920
v -0.80466080 0.81112290 0.33971610
v -0.80826470 0.79247820 0.33695490
v -0.81167800 0.77682510 0.33293640
v -0.80845380 0.75477040 0.33418270
v -0.81612340 0.74209860 0.32113360
v -0.82684940 0.69023490 0.30558030
v -0.82591200 0.67007600 0.30712920
v -0.82953440 0.64654480 0.29386270
v -0.83248940 0.62911690 0.28621230
v -0.83519100 0.61533120 0.27879650
v -0.83572620 0.61301510 0.27896640
v -0.83491220 0.61102610 0.27911780
v -0.84224560 0.60831590 0.26509440
v -0.85379460 0.61148410 0.25852510
v -0.86835190 0.61728350 0.25467440
v -0.88278290 0.62335170 0.24977620
v -0.89723090 0.62975470 0.24595990
v -0.91143700 0.63742250 0.24243620
v -0.92425990 0.64503890 0.23435620
v -0.92008530 0.64748710 0.21824410
v -0.90630840 0.64941430 0.21124090
v -0.89177370 0.65179740 0.21064560
v -0.87917130 0.65495700 0.21185970
v -0.86668080 0.65732850 0.21514730
v -0.85400380 0.65828520 0.21262180
v -0.85035770 0.65801250 0.20686820
v -0.84970200 0.65664740 0.20427370
v -0.84691630 0.65016590 0.19179370
v -0.84362670 0.64322120 0.17878640
v -0.84965260 0.63201440 0.16499890
v -0.85477950 0.61934430 0.14838180
v -0.79466190 1.30037900 0.10075010
v -0.79575340 1.31519000 0.11264850
v -0.79183640 1.33209000 0.12881200
v -0.78728180 1.35762800 0.13931240
v -0.77274730 1.38011300 0.14948690
v -0.76218610 1.40210900 0.15920720
v -0.74471040 1.42153800 0.16634430
v -0.71786050 1.42660400 0.17612860
v -0.74278820 1.42562600 0.19825990
v -0.75205890 1.42613600 0.21688390
v -0.77730140 1.42599800 0.21449760
v -0.79476380 1.41995100 0.20826550
v -0.80507290 1.40451400 0.20344560
v -0.80972740 1.38377600 0.20105540
v -0.81420190 1.36148600 0.20011170
v -0.81919530 1.33583300 0.19879340
v -0.82372900 1.30760100 0.20171910
v -0.82261980 1.28163500 0.20870480
v -0.81859630 1.25515100 0.21894050
v -0.81123540 1.23612100 0.23295920
v -0.79922790 1.22088700 0.24939260
v -0.85962450 0.65917990 0.15162470
v -0.79590320 1.28381900 0.09301956
v -0.82423060 1.29649600 0.15087690
v -0.73542020 1.42671600 0.18324530
v -0.85462890 0.70184970 0.25464530
v -0.85062600 0.68297240 0.18482770
v -0.80629590 1.33136500 0.15295860
v -0.79102600 1.37138400 0.16874930
v -0.75516160 1.42170400 0.18719910
v -0.77240830 1.39500200 0.16860720
v -0.87268640 0.66903140 0.25088390
v -0.85023050 0.64708780 0.16253540
v -0.79560640 1.34292400 0.14292790
v -0.78285500 1.36771900 0.15265090
v -0.76932610 1.42436100 0.19940970
v -0.78881460 1.40857000 0.18979660
v -0.75804030 1.41604000 0.17264070
v -0.86882150 0.68605710 0.21033860
v -0.89233770 0.67551980 0.23375210
v -0.84713990 0.61997770 0.26049190
v -0.85162290 0.66674170 0.19423500
v -0.85288400 0.67339830 0.20567590
v -0.87285180 0.67018870 0.21225690
v -0.88512790 0.64020350 0.24285880
v -0.92144200 0.66306970 0.22425890
v -0.84804990 0.66255010 0.17186880
v -0.89647700 0.66930530 0.20863320
v -0.88332130 0.67899830 0.20856400
v -0.86029240 0.67009070 0.21190390
v -0.88209400 0.66651710 0.21027980
v -0.86053570 0.89260060 0.23472620
v -0.85854490 1.12187100 0.18074470
v -0.82723910 1.18841800 0.21074480
v -0.86157030 0.67084610 0.13380100
v -0.82231230 1.26398900 0.11141460
v -0.86199820 0.80163360 0.14610720
v -0.84267740 0.69627880 0.27754210
v -0.86368610 0.64058130 0.13687760
v -0.86033360 0.65103130 0.12681770
v -0.78106730 1.38266400 0.16725410
v -0.79644020 1.35334600 0.16006660
v -0.81464690 1.33679000 0.17217700
v -0.80861660 1.35622600 0.17929860
v -0.81587620 1.34305200 0.18841880
v -0.82254090 1.32272800 0.18797430
v -0.80502280 1.37308200 0.18539270
v -0.82421320 1.31210300 0.17368410
v -0.82882930 1.28990000 0.18864820
v -0.81177500 1.31123900 0.14290850
v -0.81893610 1.31691400 0.15887890
v -0.85232260 1.23839100 0.16393260
v -0.80122220 1.29205200 0.10880120
v -0.84177230 1.26155100 0.16655460
v -0.83161070 1.28896900 0.16796700
v -0.84043190 0.62527220 0.27030180
v -0.83973530 0.63777040 0.27713170
v -0.84681020 0.63922990 0.26027680
v -0.85407710 0.67138490 0.25456640
v -0.84900700 0.65622340 0.25801070
v -0.86405340 0.65470150 0.25388060
v -0.84515870 0.67293240 0.26637410
v -0.83831970 0.65923730 0.28237050
v -0.87222480 0.63567760 0.24819490
v -0.85841020 0.63606840 0.25350630
v -0.86166860 0.68659540 0.25026460
v -0.84810570 0.68485940 0.26244480
v -0.88522750 0.66089950 0.23967460
v -0.89792460 0.65261650 0.23832490
v -0.91190860 0.66057780 0.23678930
v -0.77173890 1.40885700 0.18068510
v -0.91518700 0.68426100 0.21406580
v -0.82799720 0.90145050 0.27876570
v -0.86095450 0.85515140 0.15721460
v -0.83790540 1.01810000 0.25058220
v -0.86528270 1.04699700 0.16161290
v -0.82088560 1.21354700 0.23124870
v -0.86309030 0.66088540 0.11338600
v -0.82705230 1.26332600 0.20154060
v -0.83688730 1.26425300 0.18369390
v -0.84618850 1.24083300 0.18247130
v -0.83443990 0.69464020 0.29011690
v -0.83083810 0.74238330 0.29540120
v -0.86184830 0.68047650 0.15026530
v -0.85135060 0.67698520 0.16712250
v -0.80257730 1.32092900 0.13449030
v -0.80791360 1.30013200 0.12711800
v -0.81407150 1.28073200 0.11920970
v -0.81828440 1.29302000 0.13665650
v -0.82768430 1.27173700 0.13111320
v -0.80701530 1.27365200 0.10300400
v -0.80165610 1.26172400 0.08309474
v -0.81583890 1.25272200 0.09467079
v -0.87710560 0.65296120 0.24825440
v -0.84258140 0.65518570 0.27084170
v -0.84089500 0.67513310 0.27910290
v -0.83316530 0.67392010 0.29031420
v -0.88818870 0.71023230 0.20037520
v -0.86198030 0.70568910 0.20699000
v -0.85682410 0.73365270 0.18615680
v -0.86065540 0.72349800 0.20200560
v -0.87828360 0.69637160 0.20640140
v -0.87732950 0.71607950 0.20317140
v -0.89798220 0.68920330 0.20542670
v -0.90546770 0.70219360 0.20631910
v -0.89338810 0.74561780 0.20572770
v -0.85920880 0.74172450 0.19652600
v -0.87419110 0.73417400 0.19983440
v -0.88426020 0.74994070 0.19423680
v -0.85323840 0.75724470 0.18453040
v -0.85445200 0.74606560 0.16931520
v -0.85650630 0.76925900 0.16985890
v -0.85329510 0.77892780 0.18494170
v -0.86042850 0.76261730 0.15538860
v -0.88038760 0.77210870 0.19075290
v -0.86169830 0.76912520 0.19068240
v -0.85437100 0.73063830 0.15928050
v -0.85763370 0.72641850 0.17658710
v -0.85293810 0.71769080 0.16356800
v -0.85148930 0.70397280 0.16825710
v -0.86091210 0.77870700 0.15515970
v -0.89157470 0.76567460 0.22888950
v -0.88192870 0.70405610 0.24464740
v -0.89018720 0.76351530 0.20779980
v -0.86581620 0.75518950 0.19565790
v -0.85749730 0.78748470 0.17150990
v -0.86075880 0.74550050 0.14841580
v -0.86204250 0.75890320 0.13818730
v -0.86896280 0.70618100 0.24755620
v -0.87950620 0.72791030 0.24408890
v -0.89021460 0.69261840 0.23880590
v -0.86149620 0.72485910 0.13833800
v -0.88152880 0.68227150 0.24597340
v -0.86001550 0.77065360 0.13104750
v -0.85877070 0.71819030 0.11421940
v -0.86113030 0.73990140 0.12559470
v -0.85647290 0.68766800 0.20529490
v -0.85256310 0.69858220 0.18410760
v -0.81680150 0.90211940 0.31438760
v -0.87316310 0.90854770 0.11966780
v -0.84992410 0.81809410 0.12491590
v -0.82544870 1.10186500 0.24545100
v -0.82380960 1.13375900 0.24451930
v -0.87036310 1.14485100 0.11362610
v -0.86846970 1.11252800 0.10809160
v -0.86599990 1.07891800 0.09933402
v -0.80473420 1.17457100 0.25157250
v -0.81036160 1.18858600 0.24262630
v -0.80234690 1.19168000 0.25806880
v -0.81972360 1.17092800 0.24218230
v -0.80967320 1.22126500 0.23803110
v -0.82340630 1.24035900 0.21451740
v -0.79786540 1.20990700 0.25509300
v -0.85996280 0.68033220 0.10560880
v -0.84292080 1.25710200 0.14801070
v -0.84960190 1.20942100 0.18891090
v -0.83323710 1.23888300 0.08890624
v -0.83782860 0.76452490 0.10019420
v -0.82840040 0.71153050 0.30160120
v -0.82326710 0.75154470 0.30627630
v -0.81980440 0.78570840 0.31914900
v -0.83456590 1.24821200 0.10773600
v -0.90232670 0.71947970 0.20615490
v -0.88901830 0.72967900 0.19757810
v -0.86361160 0.69193300 0.13518990
v -0.86094630 0.70115140 0.15200280
v -0.86051180 0.71264420 0.14643070
v -0.85781700 0.69031850 0.16082240
v -0.90073820 0.69797970 0.22638210
v -0.85179800 0.73152440 0.10840100
v -0.84502420 0.76431530 0.11644990
v -0.86141460 0.78872250 0.13673470
v -0.85010750 0.80084930 0.12970420
v -0.84915400 0.71105160 0.09962548
v -0.85554450 0.69937580 0.10092840
v -0.85290880 0.68628200 0.19681240
v -0.85706620 0.69989970 0.19417650
v -0.86093730 0.71324100 0.19163640
v -0.84987000 0.69192950 0.17409340
v -0.81414450 0.91972820 0.31526400
v -0.81555240 0.87550800 0.32230000
v -0.80100320 0.90596810 0.33126150
v -0.80425990 0.88700110 0.33208080
v -0.87348520 0.94211960 0.12880990
v -0.84309080 0.80079740 0.10878060
v -0.81078250 1.01341300 0.29633650
v -0.81440950 1.01598800 0.27550690
v -0.81644010 0.98398630 0.28975480
v -0.81185600 1.03800000 0.27413430
v -0.81748250 1.04485500 0.26042940
v -0.86714130 1.04999200 0.09667762
v -0.87842110 0.97375460 0.10710410
v -0.87834100 0.99582510 0.10923770
v -0.86807030 0.99055280 0.08833966
v -0.80320750 1.14151500 0.26341000
v -0.81062060 1.15504400 0.25242940
v -0.85856490 1.14745100 0.09563957
v -0.86680600 1.12879400 0.10635850
v -0.86139160 0.70184130 0.12183730
v -0.83370990 1.27708900 0.15212290
v -0.83896210 1.25231100 0.12828090
v -0.86206830 1.22028500 0.13630130
v -0.84801820 1.23384700 0.12570250
v -0.84450530 1.22654000 0.10192030
v -0.85389910 1.23732600 0.14599130
v -0.84082600 1.22093100 0.08056472
v -0.85418730 1.20522600 0.09219334
v -0.89737780 0.75040330 0.22103560
v -0.86197330 0.68150160 0.12231880
v -0.91427590 0.69652120 0.21897550
v -0.91242820 0.68299130 0.22852860
v -0.84986060 0.78341380 0.12587110
v -0.85760290 0.71099640 0.17976040
v -0.80682050 0.94073220 0.32067360
v -0.81889760 0.93457920 0.29948510
v -0.82157230 0.91508470 0.29351700
v -0.82297030 0.93001000 0.27949610
v -0.82053990 0.88618510 0.31256380
v -0.82623390 0.88700050 0.29160360
v -0.83063310 0.91675670 0.26896050
v -0.83279340 0.93417080 0.26474840
v -0.80508320 0.86452780 0.33499540
v -0.82050800 0.86093870 0.31857840
v -0.82660120 0.87286070 0.30325110
v -0.82583840 0.85582020 0.29850260
v -0.82948420 0.88623530 0.27942390
v -0.81468980 0.82483490 0.32944090
v -0.81254850 0.84383670 0.33052250
v -0.87565510 0.90179440 0.09608683
v -0.87279720 0.87714930 0.09671890
v -0.85942740 0.83834470 0.10056900
v -0.85674640 0.82537770 0.10208420
v -0.82152510 1.02473200 0.25895120
v -0.81350910 0.97111820 0.30222060
v -0.80540290 0.96269260 0.31764470
v -0.82152040 0.94904300 0.27706000
v -0.82985500 0.96020570 0.26135640
v -0.81901150 0.96767040 0.27888530
v -0.82317620 0.98001200 0.26407790
v -0.84287470 0.96919400 0.25514170
v -0.83651020 0.94666250 0.25854860
v -0.81615150 0.99558480 0.27911390
v -0.82451450 1.00208000 0.25914080
v -0.86032510 0.95146900 0.23621980
v -0.81092790 1.06045400 0.26935760
v -0.82906380 1.08205200 0.24416610
v -0.81310880 1.07710800 0.26307700
v -0.87797910 0.94814340 0.10538470
v -0.87480850 0.96414580 0.12853930
v -0.85927100 1.18351500 0.09486876
v -0.87182060 1.09418400 0.11213220
v -0.87737590 1.10298900 0.12452050
v -0.86113140 1.09680900 0.09398753
v -0.82014360 0.80357830 0.31979990
v -0.82443020 0.82209490 0.30915030
v -0.83197960 0.78164160 0.28998600
v -0.81872900 0.76434310 0.31834540
v -0.90121520 0.73251570 0.21224950
v -0.89426750 0.71664260 0.23657470
v -0.90467680 0.72430470 0.22463430
v -0.89779010 0.73536820 0.23148910
v -0.90929470 0.71160110 0.22274920
v -0.84182200 0.72642950 0.09671858
v -0.84250480 0.74850980 0.10684730
v -0.85933490 0.81994530 0.14770440
v -0.82364020 0.89743130 0.29655800
v -0.84403950 0.92250520 0.25946480
v -0.84573690 0.93478790 0.25526270
v -0.85176970 0.90045520 0.25395330
v -0.84409430 0.89142920 0.26299580
v -0.85176170 0.91853880 0.25319630
v -0.84409680 0.90666540 0.26205080
v -0.86862720 0.89387180 0.12780180
v -0.87221450 0.88592580 0.11181870
v -0.86166190 0.88242940 0.15616540
v -0.86433570 0.90332300 0.14596830
v -0.86429260 0.88634590 0.14077580
v -0.86239550 0.86586500 0.13935810
v -0.85209870 0.81023480 0.10642230
v -0.85853230 0.82903090 0.11949720
v -0.85730930 0.83661850 0.13704460
v -0.84349570 0.78095330 0.09642923
v -0.84276150 0.78466950 0.11355400
v -0.85157120 1.01661200 0.23320560
v -0.81618290 0.95552070 0.30012320
v -0.83938230 0.98545540 0.25417040
v -0.85813570 0.92999610 0.23932490
v -0.85247760 0.94722430 0.25025910
v -0.85901470 0.93028800 0.19621360
v -0.85904140 0.90876520 0.23786910
v -0.86020980 0.93873180 0.22124660
v -0.86052840 0.92320850 0.21309190
v -0.84616860 0.95491300 0.25499000
v -0.81304590 1.09250300 0.26186260
v -0.82659770 1.06198500 0.24940690
v -0.83293760 1.03724800 0.25144680
v -0.86479150 1.02657000 0.08991591
v -0.87844020 1.01391400 0.11276580
v -0.87469130 1.01840400 0.13729590
v -0.86652920 1.00656800 0.15381750
v -0.87847420 1.03417300 0.11569480
v -0.81183140 1.10723600 0.26149580
v -0.80252590 1.12404900 0.26913860
v -0.83397840 1.11299100 0.23241080
v -0.87817910 1.14537600 0.13528260
v -0.87641210 1.15671200 0.12591380
v -0.87414370 1.13376000 0.14946480
v -0.82349860 0.78526430 0.30365270
v -0.83200550 0.75956920 0.29195460
v -0.86084700 0.81782520 0.16280620
v -0.84873080 0.81072150 0.12657140
v -0.83358530 0.89691070 0.26819950
v -0.86216060 0.85640420 0.11751300
v -0.87023520 0.92261310 0.13387240
v -0.86245950 0.92277250 0.15558020
v -0.85949800 0.84061350 0.11759990
v -0.86007360 0.83858330 0.15808060
v -0.84595690 1.00167000 0.24646510
v -0.85440060 0.99772620 0.22890160
v -0.85335000 0.98271880 0.24417710
v -0.85607420 0.96478570 0.24338730
v -0.85774820 0.97545130 0.22480800
v -0.85897200 0.96153430 0.21905850
v -0.87545930 0.92978070 0.11578430
v -0.86973760 1.00931700 0.09518238
v -0.87417460 0.99715780 0.13567500
v -0.85655250 0.98767020 0.18279360
v -0.86586820 1.02708700 0.15817130
v -0.81754020 1.12039300 0.25321890
v -0.82754690 1.14825800 0.23760130
v -0.83133890 1.16218400 0.22828730
v -0.87764720 1.11815100 0.12941470
v -0.86674550 1.19497900 0.11451110
v -0.85430050 1.21626700 0.11714320
v -0.86650920 1.20739200 0.12827740
v -0.87150370 1.18838600 0.15922080
v -0.86980910 1.20193900 0.14817240
v -0.86274650 1.21670400 0.15851680
v -0.85626770 1.22119200 0.17857440
v -0.85567370 1.17796700 0.18939620
v -0.87516600 1.10778400 0.14532800
v -0.87752940 1.13086800 0.13092410
v -0.87195250 1.12150100 0.15567510
v -0.82381390 0.76946270 0.30377530
v -0.83913480 0.71921670 0.28351170
v -0.84642110 0.70649490 0.27147900
v -0.85989740 0.80599330 0.16802290
v -0.86631290 0.87354450 0.12323700
v -0.86106860 0.85434750 0.13737990
v -0.85973300 0.84630860 0.13861130
v -0.85968600 0.91411460 0.18857450
v -0.86607790 0.93717250 0.14507380
v -0.86181580 0.93723530 0.16142790
v -0.86611680 0.95256960 0.14653100
v -0.85834670 0.97166650 0.17512910
v -0.86585700 0.97528100 0.14957840
v -0.86192050 0.99156220 0.16137130
v -0.85604760 0.99319580 0.21604440
v -0.85588080 0.99774060 0.20027780
v -0.85818300 0.82690220 0.14435060
v -0.86189500 0.84510400 0.17606910
v -0.86072530 0.83462290 0.16789990
v -0.86108600 0.85317490 0.17155230
v -0.86071990 0.83067510 0.17261870
v -0.86049040 0.91211250 0.22254750
v -0.85875590 0.94753880 0.20881650
v -0.84053720 1.09552200 0.22735080
v -0.84394840 1.07497400 0.23129660
v -0.84985790 1.05904200 0.22356920
v -0.84108590 1.05500800 0.24030960
v -0.85484040 1.04397700 0.19742430
v -0.85215790 1.07773800 0.20725210
v -0.85360350 1.04634400 0.21376810
v -0.84694750 1.09083300 0.21285840
v -0.85398870 1.05551100 0.17999570
v -0.85320600 1.07685700 0.18217850
v -0.85402370 1.06538300 0.20248550
v -0.84981690 1.09150600 0.19746970
v -0.86057780 1.09460000 0.17438700
v -0.85313440 1.02907500 0.22337910
v -0.84765180 1.04077300 0.23386490
v -0.87444190 1.04358100 0.14158400
v -0.82761830 1.17369900 0.21687560
v -0.87441800 1.18790300 0.13825440
v -0.87534750 1.17253500 0.12501300
v -0.87751140 1.16268700 0.14387680
v -0.86618140 1.10714000 0.16725650
v -0.84124270 0.74201970 0.28157710
v -0.83497000 0.70970830 0.28985070
v -0.83212180 0.72431480 0.29479540
v -0.85273420 0.72052530 0.25694980
v -0.84559190 0.72776630 0.27224190
v -0.84259570 0.79572320 0.11195430
v -0.86049790 0.87243540 0.24610830
v -0.85494790 0.88545430 0.25031480
v -0.84776670 0.87965210 0.26051160
v -0.83436700 0.87930040 0.26946070
v -0.86135110 0.86640910 0.15728670
v -0.86210810 0.88058470 0.17594950
v -0.85614900 0.97642090 0.20351280
v -0.85638780 1.00948000 0.17524180
v -0.84369140 1.02826700 0.24255450
v -0.85875030 0.94374440 0.18594170
v -0.85425220 1.03450600 0.18004080
v -0.85183800 1.10408700 0.19009810
v -0.84486750 1.10569900 0.21067610
v -0.84585060 1.12141100 0.20222870
v -0.83720880 1.12695300 0.21997720
v -0.84463080 1.14756200 0.19643890
v -0.83622110 1.14218000 0.21404070
v -0.84690300 1.13331500 0.19668000
v -0.85506410 1.01329900 0.21678430
v -0.82504920 1.19575900 0.23154070
v -0.84102700 1.17601300 0.19919190
v -0.86181840 1.14998700 0.18145770
v -0.87305020 1.16291800 0.16256570
v -0.87350790 1.14698200 0.15922730
v -0.86660890 1.17084100 0.17782400
v -0.85829120 1.14082900 0.18427210
v -0.86712710 1.13399400 0.16781070
v -0.85188180 1.16082200 0.19262030
v -0.84381300 0.76622800 0.27681200
v -0.84564090 0.78140930 0.27370410
v -0.84783410 0.75244520 0.27105730
v -0.85702940 0.96063530 0.19500870
v -0.87602550 1.07716100 0.13962090
v -0.87188690 1.06286400 0.15031360
v -0.86692930 1.08120400 0.16250410
v -0.87440680 1.09432600 0.14749770
v -0.87779700 1.08245800 0.12207970
v -0.86352040 1.06420300 0.16606490
v -0.83490210 1.15866600 0.20551630
v -0.82796980 1.18157000 0.23139970
v -0.82391090 1.20366100 0.21680740
v -0.82546680 1.22073100 0.21095280
v -0.83824310 1.22379000 0.19365420
v -0.83417690 1.20513200 0.20036470
v -0.84797700 1.19414000 0.19415640
v -0.83277270 1.24045400 0.19691210
v -0.86900570 0.80048910 0.24366900
v -0.87008120 0.74438100 0.24621740
v -0.85525570 1.02395700 0.20068940
v -0.85279940 0.79016120 0.25768980
v -0.85269870 0.74202560 0.25653410
v -0.88611030 0.78363420 0.23032360
v -0.88300660 0.77768170 0.21067220
v -0.87021850 0.78934400 0.18611340
v -0.86584810 0.80766120 0.19432640
v -0.85430790 0.80080470 0.18488400
v -0.80028960 1.39241000 0.19014790
v -0.78806250 1.39103100 0.17934810
v -0.82223700 0.84124880 0.31569710
v -0.83183080 0.87007590 0.28601520
v -0.87585940 0.98039950 0.12813200
v -0.83682620 0.79374470 0.28268090
v -0.82496210 0.79956630 0.29953550
v -0.86038210 0.84563790 0.15395090
v -0.86101150 0.90644300 0.20318070
v -0.86080300 0.89950900 0.18398470
v -0.86155430 0.89185740 0.19511110
v -0.86277690 0.88203720 0.20131680
v -0.86235410 0.87051090 0.18267610
v -0.86200570 0.86359570 0.17886660
v -0.86106240 0.90923920 0.16875190
v -0.86153050 0.89405960 0.16573370
v -0.86033730 0.87118200 0.20695850
v -0.86382410 0.86568560 0.19131420
v -0.86394880 0.87266050 0.23326730
v -0.86156070 0.89543420 0.21666780
v -0.86078610 0.92413580 0.17516490
v -0.86211700 0.88128740 0.21873310
v -0.87080110 1.06599000 0.10518910
v -0.87882820 1.05944100 0.12347490
v -0.87832650 0.76717770 0.24155880
v -0.86112300 0.76108450 0.24960210
v -0.87681840 0.78816800 0.23922420
v -0.86742690 0.84340540 0.23161880
v -0.85620990 0.81150240 0.25518760
v -0.86204460 0.83076240 0.24555600
v -0.85589690 0.82295990 0.25569180
v -0.86780870 0.81391310 0.24028230
v -0.87244390 0.82185640 0.19932580
v -0.88008130 0.80562730 0.20246950
v -0.87282290 0.83650990 0.21199460
v -0.86417730 0.83552410 0.19453060
v -0.87131790 0.82460570 0.23013460
v -0.87759590 0.81792130 0.21500290
v -0.88283000 0.79538120 0.21520550
v -0.85816200 0.82143490 0.18521300
v -0.86893610 0.85254660 0.21670350
v -0.86998760 0.84576820 0.20142660
v -0.86509580 0.84144100 0.18495200
v -0.86782500 0.86120350 0.20733470
v -0.86469650 0.85453370 0.18924970
v -0.86726130 0.86876680 0.21667400
v -0.86730020 0.86014020 0.22701430
v -0.86420610 0.86342770 0.23765990
v -0.87913020 0.80366910 0.23034310
v -0.85942060 0.85916340 0.25184970
v -0.86305280 0.84797990 0.24311600
v -0.83619840 0.82400290 0.27616350
v -0.83436160 0.83826720 0.27648070
v -0.82864930 0.82839880 0.28875320
v -0.82603890 0.83880360 0.29534050
v -0.84797780 0.83637600 0.26828020
v -0.84785060 0.82175060 0.26882460
v -0.84005140 0.84885980 0.26898490
v -0.83710690 0.86415670 0.26806550
v -0.85699320 0.84175390 0.25530340
v -0.84850570 0.86897110 0.26279310
v -0.85195430 0.85400370 0.26341660
v -0.84725640 0.80162840 0.26915290
v -0.83940020 0.81010590 0.27574620
v -0.82911420 0.81345080 0.28912930
v -0.82884750 0.60662100 0.29155900
v -0.82286660 0.60692640 0.30229800
v -0.81621270 0.60599190 0.31511350
v -0.80772220 0.60529990 0.32723450
v -0.79674980 0.60421850 0.33619280
v -0.78564760 0.60076110 0.34507420
v -0.77398880 0.59473290 0.35306220
v -0.76381500 0.58509210 0.35871830
v -0.75194420 0.57494690 0.36359790
v -0.73949480 0.56562800 0.36726390
v -0.72570930 0.55827900 0.36856180
v -0.71041130 0.55252030 0.36296300
v -0.69887030 0.54637520 0.35693410
v -0.68739890 0.54179280 0.34900220
v -0.67429380 0.53829590 0.33988410
v -0.66009010 0.53808790 0.32856670
v -0.64590780 0.54076640 0.31198940
v -0.62995610 0.54793640 0.29345910
v -0.61627580 0.55400540 0.26799960
v -0.61883790 0.55246010 0.23806980
v -0.62591190 0.58311320 0.24898760
v -0.62838990 0.61209290 0.25550360
v -0.62067620 0.66282540 0.24699190
v -0.61995300 0.68506500 0.24146090
v -0.61700680 0.72360010 0.23133530
v -0.61863370 0.74636350 0.23034230
v -0.61942550 0.76936920 0.22709020
v -0.62033190 0.79191550 0.22314320
v -0.62221480 0.81537090 0.22111130
v -0.62394940 0.86347240 0.21297700
v -0.62818750 0.91261680 0.20749750
v -0.63360920 0.96287210 0.20357750
v -0.63298100 0.98495100 0.19655380
v -0.63117270 1.00031500 0.18872030
v -0.63171490 1.01827900 0.18560830
v -0.63401550 1.03711800 0.18622940
v -0.63162350 1.09044200 0.16321180
v -0.63356380 1.11363900 0.16528050
v -0.63342000 1.13217000 0.16388400
v -0.62725220 1.19612700 0.15765960
v -0.62274530 1.21488400 0.15366060
v -0.61857860 1.25433200 0.14373470
v -0.62866980 1.30328900 0.12980910
v -0.63028720 1.32739500 0.12807210
v -0.63928270 1.34139800 0.13967440
v -0.64845870 1.35505000 0.15177000
v -0.65785550 1.37147500 0.16240860
v -0.67118610 1.39123400 0.17187370
v -0.69302380 1.41392600 0.17707850
v -0.73023020 1.41702200 0.23247880
v -0.71600790 1.39870800 0.24256120
v -0.70839170 1.37548300 0.24843840
v -0.70699540 1.34975700 0.25010180
v -0.70717710 1.32640600 0.25393950
v -0.70809820 1.30315100 0.25856410
v -0.71278470 1.28060800 0.26553630
v -0.71829600 1.25768300 0.27480260
v -0.72601560 1.24025900 0.28883210
v -0.74201230 1.22540800 0.30159590
v -0.75692770 1.21052900 0.29881500
v -0.68973220 1.17422700 0.26593260
v -0.66108180 1.30803000 0.19931800
v -0.74863950 1.20967800 0.29053920
v -0.70454370 1.23570300 0.26391060
v -0.68431570 1.31887300 0.22947450
v -0.70916680 1.41259500 0.20891940
v -0.69961080 1.39448700 0.22162730
v -0.67502250 1.38377000 0.18922020
v -0.69738860 1.26784600 0.25835440
v -0.69346660 1.31039500 0.24367970
v -0.72392870 1.42216100 0.19926430
v -0.72730410 1.42008400 0.21514280
v -0.70232890 1.41408300 0.19156070
v -0.70495770 1.38677500 0.23633160
v -0.69950190 1.35861300 0.23701450
v -0.68555740 1.40112600 0.18559420
v -0.73045900 1.22908500 0.29622830
v -0.69425580 1.28695300 0.25153960
v -0.71392530 1.40730200 0.22621070
v -0.71586640 1.42294500 0.18526600
v -0.69319670 1.37278700 0.22229270
v -0.69500790 1.33390000 0.23878290
v -0.67776040 1.33582100 0.21625790
v -0.68812110 1.34630400 0.22593930
v -0.72174140 1.21647800 0.28271610
v -0.68975720 1.24981900 0.25671060
v -0.68134820 1.36443100 0.21014130
v -0.67066130 1.31305600 0.21533230
v -0.67976480 1.29523600 0.22862300
v -0.66554690 1.21298300 0.22047970
v -0.66153490 1.34185600 0.18677000
v -0.67449030 1.21888900 0.24803650
v -0.67371610 1.27782000 0.22299120
v -0.67534050 1.24507900 0.24141980
v -0.68356600 1.27805000 0.24280670
v -0.68470270 1.23425800 0.25588990
v -0.66424880 1.36815700 0.18022340
v -0.65740450 1.25104700 0.21200600
v -0.65195510 1.34461800 0.16715540
v -0.66108160 1.29285600 0.20842410
v -0.67287600 1.25888100 0.22504650
v -0.65751300 1.27022300 0.20866290
v -0.65271510 1.25702400 0.19551630
v -0.83130840 0.61791400 0.29475920
v -0.82208640 0.62113120 0.30736880
v -0.72967550 0.68361330 0.37100060
v -0.65751690 0.86004200 0.33104840
v -0.65217310 0.59178620 0.30826680
v -0.62532670 0.57501270 0.26965150
v -0.62500810 0.56386200 0.24801640
v -0.62225000 0.56188770 0.28133770
v -0.77979870 1.19913400 0.26475300
v -0.63780050 1.32288600 0.14387290
v -0.69030840 1.39477300 0.20484370
v -0.72868330 1.21254700 0.29971430
v -0.74219990 1.19586100 0.30123260
v -0.68947160 1.21897400 0.26071230
v -0.71671860 1.20003900 0.27734960
v -0.70596070 1.21590100 0.26713500
v -0.72370000 1.19212600 0.29436820
v -0.71376640 1.17777900 0.27734550
v -0.73683800 1.17442500 0.29950330
v -0.75488160 1.17616600 0.30040950
v -0.72165700 1.17177000 0.29207240
v -0.72648910 1.15857400 0.29442800
v -0.64297590 1.23926400 0.18215500
v -0.65202850 1.23754500 0.19785560
v -0.63214470 1.25036200 0.16327130
v -0.65390280 1.22583500 0.20928650
v -0.64947340 1.20659900 0.20314170
v -0.64503250 1.21918900 0.18577650
v -0.66980230 1.23511100 0.22386540
v -0.66961060 1.20249300 0.24257160
v -0.63505870 1.20602700 0.17209490
v -0.64505030 1.20141800 0.18782080
v -0.63983440 1.19065100 0.17711610
v -0.64973470 1.32738000 0.17076270
v -0.66575610 1.32865700 0.19972920
v -0.65316190 1.29770400 0.18433830
v -0.81601560 0.61975430 0.31719420
v -0.78521210 0.66991470 0.35335570
v -0.81294150 0.63862800 0.32285210
v -0.75986690 0.74412820 0.35715760
v -0.62519640 0.84299330 0.26864070
v -0.70755130 0.93742660 0.32533090
v -0.71556910 0.85734840 0.34377330
v -0.64040490 0.98285910 0.25205010
v -0.73908150 1.03968700 0.30130090
v -0.62931900 0.60229410 0.27702080
v -0.63408090 0.58521920 0.27230780
v -0.78250710 1.16924200 0.28313250
v -0.75383290 1.13833900 0.29665880
v -0.72917730 1.14532300 0.29506950
v -0.77493080 1.18508600 0.28015250
v -0.76556760 1.15884500 0.29442200
v -0.76898340 1.17735000 0.29050510
v -0.62699500 1.28639500 0.14824150
v -0.70091630 1.18681400 0.26927690
v -0.69969700 1.20102000 0.26621280
v -0.70894660 1.16362000 0.27563110
v -0.62253010 1.23792300 0.14983890
v -0.63217350 1.22758200 0.16864070
v -0.62614710 1.26666700 0.15567420
v -0.65265700 1.27730300 0.18918770
v -0.63839240 1.27525100 0.16886600
v -0.64323390 1.31014400 0.16579040
v -0.64930290 1.16861600 0.20472450
v -0.64735910 1.18720100 0.20024740
v -0.66206520 1.19569800 0.21774250
v -0.66660680 1.18709100 0.23908960
v -0.64100380 1.17423500 0.18156440
v -0.82169070 0.64994540 0.31257180
v -0.82445360 0.63347970 0.30641100
v -0.81867040 0.66843920 0.31636140
v -0.77972590 0.62706330 0.35557110
v -0.80371860 0.63086220 0.33356740
v -0.79290290 0.62354660 0.34276950
v -0.80566160 0.61618440 0.32963810
v -0.78626810 0.61450660 0.34858070
v -0.80646950 0.68060290 0.33117640
v -0.76257480 0.60579630 0.36726480
v -0.63320240 0.83824040 0.24240490
v -0.63375780 0.90118980 0.25382220
v -0.62668020 0.74359950 0.29470870
v -0.75098060 0.93902820 0.31648840
v -0.75837590 0.87009870 0.33066170
v -0.62531280 0.67393520 0.25905990
v -0.70851150 0.56863420 0.36644090
v -0.66054600 0.55230780 0.33687060
v -0.65247120 0.55071620 0.32161960
v -0.62926890 0.61818280 0.27181800
v -0.63239310 0.59931880 0.25238860
v -0.64202400 0.55256600 0.29944250
v -0.78076980 1.12642000 0.28686090
v -0.64248700 1.05010600 0.20217530
v -0.78474550 1.15247300 0.28122870
v -0.78724800 1.13738900 0.28005820
v -0.77168460 1.14171500 0.29055470
v -0.72793640 1.12823000 0.29394480
v -0.67949570 1.11966700 0.26735100
v -0.70762320 1.11603700 0.28262950
v -0.67352520 1.13916700 0.25738920
v -0.67434950 1.16154300 0.25527370
v -0.74338030 1.11879100 0.29616190
v -0.77071180 1.19252100 0.27168800
v -0.74679640 1.15816200 0.29878150
v -0.68115350 1.19548000 0.25856580
v -0.64340940 1.14466600 0.19009990
v -0.63476310 1.16308800 0.16742580
v -0.63228650 1.17902200 0.16308280
v -0.77554370 0.64830560 0.35668410
v -0.80162310 0.64822300 0.33648500
v -0.81188290 0.65898000 0.32443870
v -0.79295930 0.69312850 0.34789140
v -0.79220160 0.77917250 0.34911730
v -0.76656040 0.80954600 0.34588340
v -0.75228560 0.59033900 0.36980960
v -0.76805620 0.62528120 0.36622770
v -0.63518070 0.78711500 0.25225020
v -0.64118230 0.87328160 0.24220120
v -0.64425750 0.91798280 0.23033300
v -0.76980270 0.92896710 0.32887470
v -0.64290320 0.97787300 0.21458230
v -0.64113540 1.00263800 0.20668850
v -0.78808370 1.04420500 0.30480880
v -0.78715350 1.06134600 0.30006680
v -0.78649680 0.99786830 0.31867470
v -0.62579370 0.62634720 0.25486880
v -0.62388330 0.64130950 0.25340480
v -0.69406700 0.57002660 0.36019950
v -0.72271710 0.57690590 0.37274360
v -0.68433870 0.55611380 0.35247720
v -0.65015080 0.56033980 0.30407530
v -0.63266130 0.57079560 0.29458460
v -0.63649590 0.58718630 0.29586210
v -0.65243920 0.57595730 0.30671520
v -0.64153670 0.60726180 0.28825320
v -0.63114380 0.62355460 0.27390640
v -0.64897940 0.60866880 0.30410390
v -0.63417030 1.05440700 0.18173580
v -0.64064190 1.02792700 0.20169930
v -0.63591890 1.07781000 0.17995320
v -0.63918230 1.10111700 0.18379080
v -0.64188000 1.06662200 0.19771540
v -0.68978690 1.15414100 0.26825550
v -0.69301890 1.13400900 0.27400480
v -0.66672760 1.11851100 0.25280580
v -0.65505980 1.14352300 0.21739990
v -0.65009080 1.15498200 0.20676560
v -0.65304700 1.11920200 0.21844160
v -0.67345930 1.17915300 0.25260020
v -0.72170240 1.07195600 0.29091310
v -0.63488920 1.14697700 0.16792480
v -0.64231940 1.15829100 0.18650780
v -0.81774670 0.70302140 0.31680490
v -0.80073490 0.71768230 0.34073880
v -0.78844650 0.63879720 0.34866520
v -0.77005850 0.64015430 0.36110210
v -0.78987100 0.65444710 0.34863930
v -0.79814550 0.66840010 0.34085460
v -0.78355120 0.82024320 0.34744800
v -0.77530850 0.61023340 0.35646520
v -0.72706390 0.62256460 0.37048440
v -0.63323060 0.85727490 0.23568150
v -0.63659970 0.88221930 0.22781720
v -0.63228260 0.86711640 0.22618340
v -0.63674920 0.92959090 0.21725510
v -0.63755950 0.90647640 0.22280550
v -0.63416000 0.94455950 0.20968160
v -0.64396430 0.94043290 0.22493790
v -0.78918210 0.93295040 0.33191300
v -0.77767620 0.91192920 0.33368770
v -0.78565860 0.95171220 0.32983830
v -0.78161210 0.87474600 0.33948000
v -0.78292620 0.85382700 0.34293600
v -0.79079940 1.02772400 0.30845090
v -0.79427860 1.01229800 0.31151850
v -0.77146100 1.01490100 0.31498580
v -0.76107560 0.99405060 0.31691250
v -0.75219330 1.00967800 0.31063930
v -0.74150320 1.06282400 0.30001670
v -0.72106060 1.04764200 0.29389380
v -0.73747690 1.08729300 0.29673540
v -0.76286920 1.08886400 0.29841080
v -0.71418310 1.09666000 0.28680910
v -0.76139440 1.05494300 0.30520840
v -0.76414840 1.07421300 0.30156360
v -0.78045400 1.10317300 0.29120830
v -0.63468700 0.64325640 0.27182510
v -0.64368470 0.62209540 0.28933780
v -0.62239410 0.71053430 0.24364260
v -0.62607510 0.69791920 0.25413290
v -0.69945710 0.55768040 0.36017110
v -0.74090300 0.58016690 0.37323200
v -0.73188340 0.59408360 0.37527140
v -0.64414350 0.62723490 0.32085210
v -0.65822530 0.59047800 0.33021150
v -0.65188590 0.57557380 0.32622630
v -0.74988550 1.10493400 0.29656530
v -0.76550010 1.11864100 0.29360960
v -0.64798810 1.01473500 0.22086320
v -0.64870810 1.06277900 0.21497770
v -0.71041670 1.13167800 0.28180710
v -0.66308560 1.14878900 0.23807570
v -0.66094280 1.13237300 0.23704990
v -0.66034570 1.16131500 0.22397880
v -0.66161510 1.17958000 0.22110980
v -0.66569770 1.16822800 0.24057680
v -0.65206190 1.09509600 0.22106980
v -0.64627130 1.11184000 0.20129460
v -0.65773990 1.10914300 0.23895530
v -0.65244380 1.07512800 0.22820010
v -0.65574450 1.09187800 0.24433130
v -0.81416810 0.68341360 0.32160480
v -0.80511250 0.70242090 0.33382050
v -0.80302700 0.73421790 0.33918980
v -0.81167240 0.71980670 0.32580990
v -0.75894990 0.63730140 0.36911040
v -0.75025760 0.64711770 0.36999810
v -0.76180360 0.65213080 0.36662010
v -0.79812040 0.76561380 0.34566850
v -0.79503590 0.74447950 0.34840250
v -0.62595930 0.78207500 0.23677450
v -0.62990410 0.76252030 0.24506610
v -0.62599820 0.73349410 0.24312310
v -0.64400640 0.89878510 0.23793690
v -0.63676850 0.88517840 0.25412270
v -0.62581570 0.87702130 0.26809940
v -0.63945840 0.85707930 0.25024640
v -0.63560420 0.86206960 0.25936320
v -0.62603090 0.84243700 0.22393220
v -0.63793050 0.92584890 0.25027420
v -0.64178060 0.91295290 0.24556630
v -0.74299900 0.90043390 0.32013390
v -0.74750960 0.92017550 0.31857990
v -0.76214520 0.90355150 0.32793480
v -0.72695310 0.92402670 0.31568520
v -0.74924000 0.95887340 0.31288740
v -0.76332360 0.97235080 0.31757100
v -0.72576280 0.94875710 0.30990740
v -0.76872890 0.95140270 0.32567200
v -0.70864830 0.95914830 0.31919760
v -0.74749490 0.97549050 0.31320860
v -0.76706230 0.83491980 0.34143800
v -0.76753840 0.85515080 0.33738380
v -0.78549610 0.83684080 0.34522440
v -0.73285190 1.00642500 0.30268810
v -0.72760100 1.10871800 0.29271090
v -0.69497230 1.10002600 0.28255270
v -0.62705240 0.68749300 0.27007840
v -0.74270790 0.60708560 0.36952850
v -0.65821620 0.56074380 0.32136800
v -0.67601400 0.57141170 0.35185830
v -0.68900570 0.58733670 0.36236620
v -0.71040360 0.59467430 0.36916180
v -0.71037840 0.61725290 0.36918870
v -0.72372910 0.64235740 0.37107140
v -0.74399770 0.63376700 0.37028480
v -0.73549160 0.64839660 0.36991450
v -0.71746600 0.66074740 0.37163730
v -0.72984850 0.66565430 0.37027650
v -0.64155310 0.61414670 0.31418960
v -0.66604900 0.61103310 0.34888280
v -0.66863860 0.59310540 0.34153640
v -0.65390300 0.63358480 0.33865930
v -0.65323520 0.60752880 0.33386930
v -0.67692840 0.59368790 0.35077310
v -0.66453090 0.63247110 0.35350420
v -0.66279650 0.57589300 0.33860280
v -0.64892950 1.03685000 0.21912790
v -0.64563550 1.08428100 0.20370120
v -0.67137760 1.06430700 0.27884490
v -0.77477470 0.66254600 0.36002300
v -0.76425850 0.75934050 0.35231470
v -0.76758260 0.78228840 0.35121810
v -0.78648810 0.79836070 0.34942640
v -0.62942210 0.82411010 0.23708620
v -0.62943240 0.80183500 0.24019880
v -0.63297710 0.77204960 0.26471830
v -0.63073670 0.74063860 0.25837130
v -0.62836700 0.72182530 0.25260590
v -0.64423620 0.95847860 0.22195980
v -0.64710360 0.97575500 0.23688880
v -0.64748480 0.99424350 0.22609190
v -0.64552510 0.93230750 0.23694390
v -0.63778080 0.94648950 0.25111970
v -0.76108370 0.88602980 0.32928560
v -0.78382210 0.96910070 0.32674320
v -0.77976500 0.98339560 0.32334860
v -0.69947000 0.97869300 0.31626190
v -0.73873150 0.98842480 0.30674870
v -0.72034050 0.99006740 0.30173070
v -0.74115090 1.02220200 0.30384210
v -0.69224790 1.11673600 0.27691130
v -0.66721670 1.10361100 0.25934940
v -0.66122870 1.07666100 0.26176260
v -0.67784200 1.10000700 0.27184950
v -0.66760570 1.08631900 0.26695390
v -0.62886630 0.71692570 0.26492210
v -0.62684520 0.70064440 0.27800940
v -0.62941060 0.66625530 0.27305050
v -0.63807900 0.66623970 0.31235240
v -0.64512120 0.65194640 0.32523650
v -0.63693980 0.64002660 0.30613380
v -0.63318760 0.66032340 0.29832640
v -0.63175500 0.68231860 0.29650110
v -0.63503830 0.69488360 0.31269060
v -0.66057640 0.70722200 0.36406970
v -0.64529110 0.67600910 0.32997630
v -0.63975510 0.69748770 0.33483180
v -0.72225900 0.60599190 0.37154480
v -0.71096940 0.67943860 0.37342720
v -0.76107780 0.67122240 0.36603470
v -0.64665040 0.59569180 0.32267260
v -0.70510970 0.64951870 0.37078870
v -0.69651930 0.66880460 0.37169020
v -0.67885330 0.60866580 0.35996840
v -0.77842580 0.70182300 0.35901060
v -0.77978940 0.76168000 0.35463640
v -0.70466670 0.77886840 0.36425640
v -0.72650610 0.80748350 0.34835190
v -0.62910940 0.74508810 0.27025630
v -0.62376000 0.76370790 0.28044260
v -0.62504630 0.73159230 0.27964150
v -0.64577210 0.95379470 0.23923680
v -0.71814990 1.00886300 0.29878240
v -0.62990650 0.67520510 0.28322970
v -0.62865220 0.71220800 0.29349240
v -0.65485600 0.65867020 0.34250320
v -0.72727630 0.72327390 0.36831760
v -0.71444750 0.70282920 0.37412000
v -0.68035970 0.72191440 0.37194160
v -0.67598970 0.70215640 0.36827740
v -0.69579250 0.71791140 0.37495240
v -0.66680520 0.68510280 0.36405150
v -0.74688430 0.68038080 0.36762700
v -0.69613320 0.60946230 0.36531800
v -0.68064250 0.63200200 0.36103560
v -0.68167340 0.65116160 0.36535350
v -0.69489070 0.63177670 0.36706660
v -0.70924340 0.63403020 0.36995090
v -0.65235950 1.06833200 0.24923310
v -0.65873250 1.05644100 0.26703900
v -0.78714700 0.68316800 0.35237090
v -0.77550670 0.68429720 0.36013390
v -0.77805790 0.71848510 0.35917530
v -0.73996840 0.76302690 0.35220050
v -0.74831060 0.77836310 0.34633270
v -0.63727590 0.83894970 0.25724460
v -0.62923550 0.79928370 0.26200150
v -0.63181990 0.79978660 0.31519020
v -0.69974730 0.99781590 0.31085200
v -0.69389160 1.01878000 0.30527810
v -0.68056120 0.98703490 0.31023280
v -0.66551400 1.04644900 0.27977680
v -0.67115130 1.01913800 0.29462470
v -0.65648480 1.02653300 0.27783330
v -0.64946780 1.00810800 0.27603970
v -0.69680860 1.04007900 0.29943760
v -0.68263040 1.05362300 0.29090970
v -0.65353470 1.03874800 0.26658150
v -0.68560230 1.07720600 0.28528040
v -0.64637540 1.02305100 0.25926900
v -0.70368580 1.08145900 0.28914330
v -0.71800160 1.02588300 0.29649880
v -0.65275380 0.67672830 0.35245030
v -0.64740860 0.70140440 0.35556960
v -0.64949060 0.72816940 0.35478470
v -0.63857310 0.72517370 0.33794220
v -0.62747650 0.77721880 0.30888270
v -0.73770550 0.70101680 0.37065580
v -0.67104630 0.66680560 0.36407010
v -0.68201050 0.67798960 0.36830480
v -0.64832190 1.02122100 0.23522280
v -0.64696600 0.99999240 0.23964650
v -0.64287980 1.00683800 0.25344940
v -0.64914660 1.04692000 0.25221620
v -0.79198640 0.71053090 0.35010890
v -0.75977960 0.70755060 0.36602610
v -0.77833190 0.73972960 0.35816690
v -0.76339120 0.72589310 0.36363150
v -0.79077370 0.72546680 0.35141030
v -0.74507020 0.73759480 0.36017530
v -0.73509210 0.79095690 0.34636270
v -0.71829270 0.78012110 0.35538130
v -0.70594850 0.80395240 0.35943480
v -0.71013530 0.73318550 0.36630350
v -0.69298050 0.76687190 0.36827180
v -0.75163220 0.79517430 0.34236960
v -0.62574180 0.81732840 0.26658340
v -0.67644580 1.00247700 0.30373810
v -0.66424160 0.72742660 0.36622180
v -0.67776950 0.74656170 0.36980650
v -0.65798150 0.75426210 0.35835200
v -0.65884360 0.81486000 0.34330150
v -0.65892550 0.78539140 0.35082910
v -0.74614600 0.71889320 0.36720620
v -0.71192120 0.82638960 0.35386100
v -0.72278130 0.75179070 0.35873430
v -0.74622770 0.81537820 0.33674550
v -0.62342700 0.78941310 0.27662010
v -0.62519280 0.78026730 0.29599220
v -0.62780950 0.74824430 0.30960490
v -0.63400030 0.74841160 0.32333210
v -0.62910810 0.72612100 0.30718240
v -0.63422270 0.72273680 0.32037960
v -0.64281050 0.74957320 0.34349030
v -0.68559780 0.79297800 0.36414050
v -0.67429130 0.77481690 0.36340200
v -0.64749820 0.77161350 0.34520240
v -0.73617280 0.83916810 0.33466120
v -0.62463600 0.82866190 0.28409190
v -0.63159620 0.86806200 0.29921230
v -0.62680340 0.84461200 0.29462070
v -0.67226370 0.80295300 0.35723840
v -0.70294250 0.84745140 0.35134700
v -0.63682950 0.77315760 0.32840390
v -0.64451670 0.79599440 0.33608960
v -0.65298960 0.83318430 0.33333070
v -0.64091520 0.85175500 0.31641880
v -0.67109170 0.83104850 0.34946220
v -0.66714190 0.91975710 0.32519810
v -0.64843470 0.88052760 0.31769110
v -0.68562550 0.93041010 0.32916830
v -0.68868990 0.94617870 0.32471960
v -0.62623570 0.89874760 0.27323600
v -0.68815240 0.82241940 0.35828780
v -0.66944780 0.88152290 0.33609010
v -0.66187560 0.90033810 0.32633910
v -0.68111920 0.90128450 0.33591800
v -0.69181400 0.91785010 0.33325640
v -0.71013990 0.91722620 0.32998280
v -0.70296470 0.89937890 0.33802490
v -0.64394580 0.92847100 0.29817230
v -0.63192860 0.91984460 0.28353160
v -0.66909600 0.94173480 0.31958230
v -0.65443540 0.93669710 0.30898930
v -0.68179440 0.95980160 0.31963910
v -0.64062110 0.96095580 0.28214430
v -0.67198140 0.97273420 0.31103200
v -0.64533510 0.94897230 0.29342120
v -0.64761550 0.98836880 0.28196240
v -0.65218660 0.96729350 0.29604170
v -0.65890110 0.95575490 0.30723930
v -0.64684170 0.97469460 0.28650550
v -0.66113910 0.98695730 0.29788410
v -0.68285450 0.84957190 0.35045350
v -0.66836560 0.84841040 0.34295990
v -0.67362810 0.86478250 0.34220290
v -0.72164100 0.89785720 0.32539470
v -0.73722550 0.88151010 0.32340610
v -0.71836550 0.87797910 0.33651300
v -0.69365370 0.87547400 0.34553410
v -0.65020190 0.90457300 0.31312100
v -0.63285680 0.90714330 0.28987210
v -0.63912120 0.97315860 0.27136820
v -0.63482940 0.95487510 0.26627240
v -0.63553020 0.94137460 0.28085110
v -0.63133170 0.93509630 0.26603610
v -0.63883230 0.96504420 0.25097820
v -0.62898220 0.91661040 0.26540590
v -0.63953740 1.13099100 0.18076290
v -0.64720960 1.13291000 0.20107170
v -0.72667110 0.97021890 0.30476470
v -0.70116730 1.06112100 0.29413730
v -0.74897220 0.85882570 0.32876540
v -0.73301180 0.86004750 0.33023260
v -0.61379550 0.56430180 -0.01033068
v -0.61717510 0.56290540 0.00551341
v -0.62074650 0.56316100 0.02148520
v -0.62124420 0.56396560 0.03608459
v -0.61528430 0.56330900 0.04930292
v -0.60463870 0.56126330 0.05946423
v -0.59758640 0.56022570 0.07048879
v -0.59890820 0.56044530 0.08531944
v -0.60927780 0.56200800 0.09647031
v -0.62073830 0.56048390 0.10338590
v -0.63077530 0.56438460 0.11817960
v -0.62602580 0.56511130 0.13654660
v -0.61730480 0.56555000 0.15428690
v -0.60608080 0.56411080 0.16981040
v -0.59669160 0.56046790 0.18485760
v -0.58917950 0.55755390 0.19904090
v -0.59126240 0.55506110 0.21573510
v -0.61134650 0.55538090 0.21553220
v -0.62997120 0.55664580 0.21940920
v -0.62879680 1.33259200 0.10985070
v -0.62580330 1.34140300 0.09297911
v -0.61655330 1.35355600 0.07968384
v -0.62368250 1.36270200 0.06045074
v -0.63422150 1.38002500 0.03974500
v -0.62382310 1.35795000 -0.01609545
v -0.60889390 1.34178000 -0.01410671
v -0.59724300 1.32515300 -0.00897503
v -0.59077810 1.30593600 -0.00418020
v -0.58757240 1.28475500 -0.00046843
v -0.58504780 1.26330000 0.00093215
v -0.58024950 1.24026800 -0.00068513
v -0.57949000 1.21662000 -0.00913995
v -0.59857520 1.20258800 -0.01749890
v -0.61947280 1.19264700 -0.02673583
v -0.61865510 1.36122400 0.01031127
v -0.60630150 1.14163900 0.03776223
v -0.58766460 1.28844700 0.02960046
v -0.63530310 1.37249100 0.00993360
v -0.61737630 1.33398400 0.08281709
v -0.58492110 1.19629100 0.00839002
v -0.58632200 1.27835000 0.01569365
v -0.61692830 1.35414400 -0.00385895
v -0.59524320 1.32102300 0.00722872
v -0.62086970 1.35966600 0.04637151
v -0.66840040 1.17231600 -0.04276786
v -0.58305870 1.23367700 0.01864562
v -0.63180870 1.36613900 -0.00631963
v -0.64385270 1.38396300 0.02141386
v -0.60793650 1.19299500 -0.02013753
v -0.61128810 1.32093700 0.08122384
v -0.62132080 1.32139200 0.10235070
v -0.57870860 1.21971400 0.00669242
v -0.58524750 1.25516600 0.01639074
v -0.58684500 1.20364500 -0.00843982
v -0.62631420 0.56678830 0.21791000
v -0.62582800 0.57854270 0.22087200
v -0.60045340 0.66210800 0.14077710
v -0.58940180 0.81238130 0.08555334
v -0.59593560 0.65285250 0.04584384
v -0.61202140 0.57901900 -0.01600010
v -0.61551270 1.09298200 0.09817572
v -0.65233310 1.12448600 -0.00979533
v -0.58920540 1.29999400 0.01040290
v -0.60812670 1.34149400 0.06648090
v -0.67038670 1.15698700 -0.02997933
v -0.67275770 1.14297300 -0.02490757
v -0.64983320 1.14971400 -0.01466118
v -0.61268600 1.29282200 0.10937930
v -0.59815210 1.17683100 0.00064190
v -0.58373400 1.25022900 0.03954274
v -0.58521490 1.27024900 0.03724019
v -0.59006460 1.28298000 0.05821511
v -0.59467860 1.25984800 0.08651621
v -0.58770630 1.25929200 0.06322323
v -0.59535770 1.27845000 0.07801247
v -0.58868070 1.24031400 0.07739505
v -0.58390040 1.23453300 0.05694515
v -0.60242610 1.28227600 0.09466044
v -0.58654360 1.21963000 0.07214454
v -0.58106350 1.21162200 0.02686826
v -0.60484230 0.56750870 0.21605970
v -0.60131110 0.68724190 0.17838780
v -0.60534390 0.82731960 0.02845252
v -0.59722550 0.79746490 0.15709220
v -0.60494000 1.02445400 0.10391490
v -0.60131830 0.71521460 0.02635464
v -0.60356890 0.60572050 -0.00375226
v -0.62012710 0.57506260 0.03493299
v -0.61779240 0.59322480 0.02732878
v -0.60782940 0.59465400 0.01016170
v -0.61643280 0.60609380 0.03563366
v -0.61324260 0.57692890 0.01523073
v -0.61870190 1.16338900 0.13251380
v -0.62009750 1.13159100 0.12730760
v -0.65762690 1.09384000 -0.01247831
v -0.61379270 1.22306400 0.13460510
v -0.60222100 1.31447100 0.06974188
v -0.60043700 1.33087900 0.03822956
v -0.60136960 1.33466800 0.01963712
v -0.60591090 1.34265100 0.00551425
v -0.59256080 1.31232600 0.02786117
v -0.59442990 1.30941800 0.05093138
v -0.65313940 1.16556200 -0.02582573
v -0.63078610 1.16278600 -0.01624981
v -0.68308880 1.12615800 -0.02940449
v -0.68530560 1.13892000 -0.04077315
v -0.62383870 1.13364800 0.00579404
v -0.66218320 1.13278700 -0.01847940
v -0.63893370 1.13733700 -0.00396220
v -0.66570380 1.11253100 -0.01922448
v -0.61494880 1.16297200 -0.00093693
v -0.63574670 1.12377700 0.00414883
v -0.61980200 1.31216000 0.11692500
v -0.61042800 1.30613000 0.09829078
v -0.58235930 1.22843200 0.03602088
v -0.63071790 0.60463920 0.23033820
v -0.63243830 0.59106660 0.23266300
v -0.60415920 0.67201250 0.21994480
v -0.59396090 0.59135510 0.08907104
v -0.64934060 0.97855540 -0.01732537
v -0.61060890 0.96421990 0.13324270
v -0.60794430 0.59332170 -0.01220767
v -0.61142770 0.61533020 -0.02241407
v -0.61365440 1.25400400 0.12210830
v -0.60380090 1.25745900 0.10283060
v -0.62510330 1.17115000 0.14776630
v -0.62650670 1.09944000 0.14539510
v -0.68408090 1.09007300 -0.02419596
v -0.60207630 1.30108900 0.08141947
v -0.60097460 1.32575600 0.05550206
v -0.60680050 1.34225500 0.04722945
v -0.61279440 1.35249100 0.03003089
v -0.58990580 1.29384600 0.04576599
v -0.59531750 1.29858200 0.06702762
v -0.64614640 1.10885400 -0.00240940
v -0.68630770 1.10861700 -0.02864981
v -0.58237860 0.60489330 0.21577030
v -0.60915760 0.71575930 0.21495030
v -0.59722950 0.64461540 0.22440290
v -0.59882340 0.57763890 0.17781260
v -0.60703370 0.58404450 0.16300230
v -0.61920100 0.87465400 -0.00739097
v -0.63062900 0.91883890 -0.01664241
v -0.62126610 0.89223580 0.18934480
v -0.61226130 0.92413450 0.15100100
v -0.66327270 0.96586160 -0.02726579
v -0.65811160 1.02625400 -0.01555259
v -0.62110740 0.97633830 0.15797070
v -0.59467380 0.57638560 0.06254574
v -0.61386510 0.58601060 0.04470536
v -0.60504370 0.63700360 -0.01161985
v -0.60969260 0.71808250 -0.01525803
v -0.60397970 0.70861200 -0.00331949
v -0.61129980 0.76999670 -0.00770651
v -0.62152870 1.26839100 0.13269820
v -0.61150960 1.24178700 0.13146900
v -0.59227790 1.19948900 0.08510147
v -0.59646780 1.24294700 0.09442058
v -0.59467870 1.22125700 0.09489464
v -0.62670000 1.15529000 0.14856570
v -0.62671480 1.13897200 0.14651680
v -0.61186280 1.15936000 0.11624550
v -0.62123120 1.18672400 0.14373600
v -0.60519020 1.18021100 0.10793700
v -0.61612900 1.20320100 0.13768980
v -0.67187200 1.09879200 -0.02106970
v -0.66810240 1.07462000 -0.01751129
v -0.62330000 1.12041100 0.01941491
v -0.61056580 0.76055710 0.20263950
v -0.60758880 0.69089990 0.21768980
v -0.61583790 0.59688540 0.14631070
v -0.58878210 0.57440890 0.19499870
v -0.59963880 0.57512540 0.09028186
v -0.62157770 0.58426990 0.10813630
v -0.61623110 0.57179510 0.10172910
v -0.62343780 0.81274880 -0.01823443
v -0.63527600 0.87092490 -0.02248111
v -0.64546340 0.91645470 -0.02652368
v -0.65146230 0.95012800 -0.02467890
v -0.64860320 0.93700530 -0.02598154
v -0.62655490 0.88921750 0.21106700
v -0.62081510 0.87416600 0.19725140
v -0.62341490 0.91068330 0.19065670
v -0.61829240 0.82670620 0.20624710
v -0.66385030 0.99107600 -0.02330414
v -0.67031220 1.01001300 -0.02176938
v -0.67580000 1.03075000 -0.01933263
v -0.64992500 1.00825000 -0.01304466
v -0.62893880 1.02669300 0.17405500
v -0.62606100 1.00667200 0.17015390
v -0.62863890 1.04172700 0.16790070
v -0.62568200 0.98805010 0.17539660
v -0.62301510 0.99489340 0.15928840
v -0.62567100 0.96908540 0.18133290
v -0.60494400 0.57702590 0.05247914
v -0.59537630 0.59275420 0.05362826
v -0.60397630 0.59766900 0.04489197
v -0.59223530 0.57272300 0.07624919
v -0.58235410 0.60638880 0.05998436
v -0.58386170 0.62262720 0.05344645
v -0.60450550 0.65720600 -0.00255666
v -0.61313460 0.73666020 -0.01624671
v -0.60751100 0.74719870 -0.00528459
v -0.60445320 0.72583610 -0.00383157
v -0.60644020 0.73415230 0.02830501
v -0.60248660 0.73394200 0.00883885
v -0.60830560 0.75282600 0.02296471
v -0.60740470 0.75269690 0.00732128
v -0.59786990 0.78644180 0.04757777
v -0.60704030 0.78376960 0.02384595
v -0.61015910 0.76778890 0.01506458
v -0.60971890 0.67265560 -0.01896513
v -0.61073640 0.69378800 -0.01936665
v -0.60494760 0.63813540 0.00692500
v -0.61375710 0.62429280 0.02349225
v -0.60282960 0.62160500 -0.00572494
v -0.60572160 0.61320330 0.01344927
v -0.61376930 0.60744670 0.02156870
v -0.62702500 1.12115800 0.14573510
v -0.62015570 1.14621900 0.13115430
v -0.61527270 1.17729800 0.12912910
v -0.59623290 1.18034100 0.08573316
v -0.61026450 1.19317000 0.12296620
v -0.60447000 1.21323700 0.11571350
v -0.68518020 1.07089600 -0.02181262
v -0.61498360 1.13423600 0.02259244
v -0.61210970 1.14701000 0.00833731
v -0.60731990 1.14580800 0.02289806
v -0.61187560 0.59295850 0.22748960
v -0.60205750 0.58083510 0.22155320
v -0.59000170 0.59227130 0.22144160
v -0.58548420 0.57335250 0.21306860
v -0.58299800 0.58682580 0.20476430
v -0.61567410 0.75643400 0.21984520
v -0.61300830 0.73509750 0.21883170
v -0.60253820 0.68978630 0.20132180
v -0.61458680 0.69948830 0.22995950
v -0.59777190 0.66095410 0.21117390
v -0.61894250 0.65701670 0.23506700
v -0.62478000 0.63955460 0.23769770
v -0.62845430 0.62339150 0.23703940
v -0.60820410 0.65231380 0.22884260
v -0.62394870 0.58315050 0.13153710
v -0.59176480 0.59222510 0.18592860
v -0.58851050 0.60965190 0.18138020
v -0.58949250 0.58491870 0.08122083
v -0.60598050 0.59908240 0.09460916
v -0.61895350 0.83062450 -0.01076419
v -0.61485850 0.79399220 -0.01049403
v -0.62151710 0.78993370 -0.01885297
v -0.61523010 0.89008040 0.00017333
v -0.63312630 0.89658620 -0.02043988
v -0.60387930 0.86065340 0.03125456
v -0.60995180 0.87260200 0.01420704
v -0.62563130 0.85531670 -0.01590914
v -0.61513590 0.91391110 0.00919902
v -0.61919420 0.84798290 0.20287050
v -0.61649580 0.87921120 0.17686030
v -0.59813230 0.84909190 0.15262090
v -0.60989230 0.86733840 0.16380390
v -0.59867570 0.87255890 0.14695850
v -0.61319640 0.85413560 0.17505230
v -0.61305020 0.89095410 0.16264330
v -0.62146400 0.92576220 0.17609470
v -0.62427860 0.94619740 0.18383470
v -0.59536850 0.89332620 0.13472290
v -0.61538490 0.77814840 0.21019940
v -0.64045200 1.02649100 -0.00069745
v -0.63771420 0.99142080 -0.00651066
v -0.62490790 1.01873400 0.15820430
v -0.62258730 1.02842400 0.14162090
v -0.62363420 1.05077100 0.14122900
v -0.61627950 0.98482570 0.13710400
v -0.61484450 1.01821400 0.12214220
v -0.58765700 0.58630290 0.06786724
v -0.58249520 0.59914480 0.07404000
v -0.58694210 0.60525510 0.08422502
v -0.59022620 0.61658720 0.08753232
v -0.60595750 0.65155400 -0.01273701
v -0.59154130 0.74067160 0.05610423
v -0.60475930 0.75013410 0.03919039
v -0.60486120 0.67753110 -0.00795473
v -0.60518480 0.62666790 0.01042338
v -0.61218040 0.63801710 0.03801876
v -0.59935910 0.62581700 0.04679604
v -0.62265920 1.10567400 0.13202880
v -0.60365340 1.16844600 0.09864797
v -0.67782980 1.05000600 -0.01926153
v -0.60554200 1.14039100 0.08259154
v -0.61005360 1.11612100 0.06151118
v -0.62011180 1.10659300 0.03117321
v -0.59425170 0.61178280 0.22493060
v -0.61118110 0.61586160 0.22928640
v -0.60224060 0.72646720 0.19638950
v -0.60931820 0.73927400 0.20591350
v -0.61092100 0.67730310 0.23092300
v -0.61049960 0.63369580 0.23173740
v -0.61480130 0.61848870 0.13713180
v -0.61950420 0.60265940 0.11549440
v -0.61574260 0.61839810 0.11693130
v -0.60725540 0.63070880 0.11093030
v -0.61320790 0.63277140 0.13051140
v -0.60203440 0.61651120 0.15637660
v -0.60553110 0.63354940 0.15014980
v -0.60758450 0.58513310 0.09937515
v -0.64300710 0.96308590 -0.01627381
v -0.62891000 0.97280820 -0.00262384
v -0.61836180 0.95173830 0.00942041
v -0.61786130 0.85973620 0.19258910
v -0.61330580 0.83537200 0.18744810
v -0.61750600 0.90910420 0.16781630
v -0.62431370 0.99197130 0.01116043
v -0.63125640 1.00878900 0.00590131
v -0.62895290 1.06604800 0.16089820
v -0.62469670 1.07686000 0.14196580
v -0.61935540 0.95640060 0.15925060
v -0.61852510 0.94073190 0.16211790
v -0.61574070 1.04149000 0.11636770
v -0.61906950 1.06177800 0.12341000
v -0.62000860 1.00607600 0.13808840
v -0.61007640 0.99741480 0.12480350
v -0.61194310 0.80960350 -0.00276551
v -0.60896610 0.78783150 0.00269437
v -0.60314680 0.77587170 0.03810627
v -0.61323330 0.63317430 0.02419021
v -0.61113100 0.62033410 0.04118739
v -0.59706000 0.63976100 0.04711594
v -0.58315120 0.64313770 0.05462914
v -0.57916560 0.62818360 0.06494718
v -0.57965400 0.61630380 0.07320333
v -0.57842470 0.64803290 0.06616684
v -0.59275140 0.65013630 0.08728502
v -0.57951370 0.65750430 0.07590641
v -0.60040220 0.63561670 0.09155292
v -0.58259970 0.63658630 0.07904132
v -0.61773820 1.10203600 0.11201870
v -0.61950480 1.08747600 0.12041040
v -0.61419990 1.07587300 0.10538300
v -0.61967330 1.11704200 0.12230600
v -0.65663700 1.03949700 -0.01303499
v -0.65621710 1.05488200 -0.01141027
v -0.60649340 1.13616900 0.05717781
v -0.60865670 1.12215700 0.07816398
v -0.60663290 1.15066600 0.09679283
v -0.61248860 1.14180300 0.11014930
v -0.61387890 1.11186400 0.09855524
v -0.61068740 1.10196600 0.07538280
v -0.61370860 1.12243800 0.04019897
v -0.61322530 1.10060300 0.05233063
v -0.61315840 1.08330200 0.06133423
v -0.61929550 1.08645500 0.03873980
v -0.62902020 1.08817300 0.02122259
v -0.63267450 1.10615600 0.01301097
v -0.59620440 0.75776970 0.16891150
v -0.60441210 0.70446000 0.20250170
v -0.59788490 0.67666470 0.19945080
v -0.60890780 0.64401730 0.11441740
v -0.62917720 0.95233880 -0.00868503
v -0.60438180 0.94853110 0.04627874
v -0.60503030 0.98060560 0.11976900
v -0.60361720 1.00428800 0.11152950
v -0.60719700 0.80917960 0.01469574
v -0.60167950 0.83955890 0.03710270
v -0.59713750 0.61086680 0.04651545
v -0.61325920 1.12645200 0.10372810
v -0.61342700 1.08213800 0.08457203
v -0.61891220 1.03889300 0.04042611
v -0.60316240 0.71264710 0.16093070
v -0.60305300 0.72370020 0.17805600
v -0.60734890 0.64504160 0.14123120
v -0.61004890 0.94857590 0.02771743
v -0.60457160 0.88257930 0.03138401
v -0.59764300 0.98926770 0.10319100
v -0.60028690 0.81390490 0.04172001
v -0.59543160 0.80327360 0.05220557
v -0.59310940 0.79262000 0.06099617
v -0.59507860 0.76998270 0.05335045
v -0.58443180 0.72565370 0.07103284
v -0.61011470 1.06200200 0.10072160
v -0.60556530 1.04488000 0.09225114
v -0.62723910 1.05524800 0.02406248
v -0.60412610 1.00272400 0.07045843
v -0.60045620 0.78002440 0.17140600
v -0.60362730 0.70250910 0.17432520
v -0.59539070 0.68088740 0.13895960
v -0.59357550 0.72432910 0.14209520
v -0.60148380 0.69016370 0.15786990
v -0.59481590 0.70109570 0.14172410
v -0.59955050 0.69208160 0.12171050
v -0.60039060 0.73491490 0.15994340
v -0.58953040 0.76565970 0.12827390
v -0.59046760 0.74414490 0.13339610
v -0.59822940 0.74065660 0.17788850
v -0.59238550 0.66373180 0.18894520
v -0.59508250 0.66880370 0.15559780
v -0.59709440 0.86474940 0.04519265
v -0.61504820 0.93038650 0.01554171
v -0.60090870 0.92991160 0.04930583
v -0.60420190 0.92791660 0.03537955
v -0.60813970 0.90679130 0.02765636
v -0.58980650 0.78014680 0.08622357
v -0.60429500 0.71491640 0.04524489
v -0.62614440 1.07245200 0.02726378
v -0.61767780 1.07171800 0.04658579
v -0.61930790 1.05629700 0.04145061
v -0.62833800 1.03695200 0.01906232
v -0.60258430 1.02772700 0.08604105
v -0.60534900 1.02204500 0.07192231
v -0.61338790 1.01989200 0.05206290
v -0.60356360 0.74947030 0.19106080
v -0.59116000 0.73075970 0.12469480
v -0.60780350 0.65605030 0.12085900
v -0.60350970 0.67459020 0.12138560
v -0.59614150 0.68993400 0.10581940
v -0.58643720 0.66856080 0.08683424
v -0.59877700 0.67296310 0.10257890
v -0.58449520 0.69184340 0.08534808
v -0.58283350 0.70634640 0.07013736
v -0.58150230 0.66552630 0.05727135
v -0.59092450 0.67211730 0.05047698
v -0.58416340 0.68533130 0.05579603
v -0.58996720 0.65157710 0.19933280
v -0.59869400 0.63871310 0.16619030
v -0.61692050 0.97162590 0.01952745
v -0.59638770 0.84842120 0.04682752
v -0.59978660 0.90074040 0.04077872
v -0.61083380 0.89552570 0.01787017
v -0.59052120 0.77229390 0.07032269
v -0.59087630 0.79445580 0.07493487
v -0.58855970 0.79450670 0.09693809
v -0.58773730 0.75680620 0.08524868
v -0.58895310 0.76791130 0.10456490
v -0.58672560 0.73533740 0.08552655
v -0.59021300 0.72167600 0.09885392
v -0.59226770 0.72861320 0.11024030
v -0.58490780 0.70978070 0.08454836
v -0.59101110 0.70250630 0.09571277
v -0.58821620 0.75019600 0.06650262
v -0.60239910 0.73672980 0.04574236
v -0.59186380 0.72402840 0.05560227
v -0.61238790 1.06324000 0.06013774
v -0.61278470 1.03898600 0.05560721
v -0.59939050 1.01057900 0.08921956
v -0.59725150 0.98998910 0.08721916
v -0.61965700 1.02053200 0.03512082
v -0.61972850 1.00538800 0.02587203
v -0.62503700 1.01989300 0.01982984
v -0.61461510 0.98818920 0.03215334
v -0.59073360 0.74969500 0.11859640
v -0.59046730 0.74757000 0.10236030
v -0.61171230 0.65391150 0.03729835
v -0.61151800 0.64895860 0.01768299
v -0.60530990 0.69147660 0.02496394
v -0.60326790 0.69052440 0.04748605
v -0.59454490 0.75098060 0.14796700
v -0.59278860 0.77346920 0.15058780
v -0.60523290 0.80247860 0.17507880
v -0.59823360 0.65593230 0.17589920
v -0.60273120 0.64890570 0.15890970
v -0.59136680 0.64506320 0.18584570
v -0.58587350 0.63419420 0.20460850
v -0.59472880 0.62889250 0.22304010
v -0.58338410 0.61915340 0.21376810
v -0.58746280 0.63378900 0.18691650
v -0.58221150 0.62003770 0.19517600
v -0.59236590 0.62594800 0.17317850
v -0.58935450 0.79280440 0.13680270
v -0.58722490 0.78781690 0.11482080
v -0.59144820 0.81430130 0.14419360
v -0.58654880 0.81370540 0.12343850
v -0.58647940 0.81028830 0.10542760
v -0.60822060 0.82399110 0.17313480
v -0.59212420 0.83033710 0.14523900
v -0.59482640 0.71236360 0.12705270
v -0.59649870 0.70705190 0.11520590
v -0.58988880 0.70205680 0.05539140
v -0.61144000 1.06181500 0.07705907
v -0.60743850 1.04269100 0.07250106
v -0.60045120 0.98040210 0.07700917
v -0.61512930 1.00283300 0.04713747
v -0.61162900 0.98511810 0.05648772
v -0.60935460 0.97039950 0.04128225
v -0.60986040 0.66707310 0.02095007
v -0.58673760 0.82395880 0.09603203
v -0.60091160 0.81449620 0.16003180
v -0.60839720 0.96667600 0.06394212
v -0.59086280 0.86156500 0.13513250
v -0.58885760 0.84543740 0.13295280
v -0.58581160 0.84704260 0.09836412
v -0.58542630 0.83312970 0.10897920
v -0.58597510 0.85415080 0.11812110
v -0.59122330 0.85273640 0.08160607
v -0.59193650 0.83959960 0.06411956
v -0.58729740 0.86689930 0.09321281
v -0.59246550 0.85462040 0.06367216
v -0.58999950 0.83421690 0.08247210
v -0.59152630 0.81688840 0.06810451
v -0.59481000 0.82803570 0.05239216
v -0.58541720 1.19663100 0.03260143
v -0.59170430 1.17563300 0.02180917
v -0.59167320 1.18787100 0.06762463
v -0.60213600 1.15882200 0.01288877
v -0.58813220 1.20122700 0.06003879
v -0.59574420 1.17008500 0.06305103
v -0.59918600 1.15809500 0.03844226
v -0.60173410 1.15144500 0.05994045
v -0.60042450 1.15966100 0.08037601
v -0.64157910 1.08708200 0.00414794
v -0.63479620 1.07309500 0.01362590
v -0.65223180 1.07323900 -0.00732278
v -0.60355790 1.23670100 0.11343790
v -0.60842130 0.84720370 0.01713194
v -0.60980750 0.82790980 0.00750314
v -0.61371030 0.85213220 0.00069628
v -0.59938280 0.92886560 0.13109400
v -0.59123090 0.93586320 0.11107850
v -0.59268820 0.95522540 0.10423360
v -0.59879180 0.96830080 0.11396590
v -0.59959940 0.94960100 0.12166230
v -0.61063620 0.94426690 0.14073220
v -0.60570930 0.94329470 0.06650761
v -0.59466760 0.94162730 0.08716341
v -0.58970490 0.92386830 0.09982855
v -0.64118660 1.04748100 0.00233231
v -0.64168190 1.06527300 0.00355856
v -0.59659560 0.88166340 0.04866749
v -0.60799240 0.78245780 0.18941660
v -0.58773090 0.89329020 0.11510420
v -0.58830180 0.90549830 0.09826497
v -0.58806200 0.87342800 0.12451260
v -0.59844850 0.89749570 0.07512957
v -0.58873970 0.88547310 0.09123956
v -0.59477440 0.87257140 0.07538562
v -0.60176920 0.91574440 0.06463218
v -0.59873000 0.91496640 0.05008496
v -0.59648760 0.89687170 0.05997138
v -0.59850920 0.91923530 0.08115039
v -0.60347760 0.92908060 0.07015991
v -0.59116030 0.91309160 0.12129460
v -0.60418300 0.91001900 0.14236300
v -0.59701770 0.95924330 0.08272868
v -0.59434700 0.97094320 0.09674701
v -0.69540990 1.18611900 -0.05714854
v -0.80961290 1.20455300 0.24096010
v -0.78793140 1.21521100 0.26053200
v -0.82035560 1.22804000 0.22532350
v -0.86478120 1.17032200 0.11003720
v -0.86540090 1.19645600 0.17529080
v -0.67036200 1.35474600 0.19784940
v -0.71920360 1.24181000 0.27682100
v -0.76620420 1.19946200 0.28818070
v -0.77365890 1.20606100 0.28633330
v -0.70934260 1.25652900 0.26555670
v -0.75515990 1.18936200 0.28365080
v -0.62649990 1.37077600 0.02684261
v -0.61564240 1.18161700 -0.01498974
v -0.62674940 1.14726800 -0.00570767
v -0.60251650 1.19457000 -0.01403228
v -0.63782430 1.17793500 -0.02667324
v -0.64089300 1.18829300 -0.03271144
v -0.66508900 1.18433200 -0.04211298
v -0.59902260 1.18980000 -0.00966757
v -0.59178960 1.18080600 0.04542019
v -0.61938860 0.66143170 -0.02722629
v -0.76601760 0.60071110 -0.04390124
v -0.67688860 1.37456400 -0.01839939
v -0.80967510 0.60177060 -0.00843770
v -0.72750250 0.67768750 -0.05208248
v -0.83081420 0.66900940 0.03285419
v -0.83935600 0.64155260 0.04262021
v -0.83685300 0.74239190 0.09284643
v -0.66562760 0.86750640 -0.03357226
v -0.77835920 1.08455000 -0.01363656
v -0.66275040 0.75008130 -0.03949753
v -0.80766890 0.93564680 0.01781633
v -0.79401070 1.00907000 0.01381377
v -0.73512330 0.83890490 -0.02925343
v -0.71786450 0.76423690 -0.04080347
v -0.75077580 0.98522460 -0.02407571
v -0.73580940 0.92387060 -0.01901253
v -0.71040340 0.74028260 -0.04431947
v -0.80614510 0.84984040 0.01984132
v -0.85052250 0.66855560 0.18212380
v -0.88658450 0.74923890 0.23905280
v -0.85518170 0.75349070 0.11915950
v -0.87693860 0.92333340 0.10047710
v -0.85035040 0.76555750 0.26078220
v -0.86027030 0.95986500 0.16744170
v -0.86236980 0.77824920 0.24868030
v -0.82988170 0.85338010 0.28313560
v -0.65620700 1.32053300 0.18411620
v -0.67983810 1.26540800 0.24235430
v -0.62331600 1.28180500 0.12616520
v -0.71253870 1.14685200 0.28136620
v -0.64281770 1.28861900 0.17174330
v -0.78570880 0.89563870 0.33642320
v -0.62722260 0.65607750 0.26176120
v -0.66202490 0.56264980 0.34097630
v -0.67313210 0.55582470 0.34656240
v -0.63557890 0.64898670 0.28490290
v -0.62723220 0.92824960 0.19954660
v -0.76324960 1.03161800 0.31055180
v -0.78751530 1.08176200 0.29369920
v -0.62338830 0.85926970 0.27571840
v -0.74600860 0.66061400 0.36871870
v -0.66225770 0.65152770 0.35559200
v -0.69556040 0.69381210 0.37551530
v -0.63618870 0.81574690 0.25460310
v -0.67556350 1.03196100 0.29337160
v -0.66029810 1.00815800 0.28910860
v -0.64311780 0.99510050 0.26714050
v -0.62902810 0.82718340 0.30331860
v -0.64016600 0.82047830 0.32355450
v -0.62655920 0.88235530 0.28509180
v -0.63713920 0.89164580 0.30095670
v -0.74992520 0.84207920 0.33213350
v -0.63136270 0.83352190 -0.02153883
v -0.58359680 1.21441600 0.04609133
v -0.61032280 0.58326100 -0.00152296
v -0.61248710 1.27285100 0.11101320
v -0.60080920 0.59738990 0.16679120
v -0.61633650 0.57664150 0.15236580
v -0.62038150 0.91168320 -0.00645930
v -0.62136850 0.93547320 -0.00365553
v -0.60164080 0.65324370 0.09912214
v -0.59639250 0.75626030 0.04844899
v -0.58065350 0.68636340 0.06727409
v -0.60904450 0.66876250 0.04019018
v -0.60797010 0.67111040 0.00355526
v -0.58197200 0.60648780 0.20042710
v -0.58712930 0.83265670 0.12775680
v -0.58636280 0.87117290 0.10460760
v -0.66396940 0.59584820 -0.03472266
v -0.84290480 0.80528800 0.04440068
v -0.82015890 0.65423410 -0.00391758
v -0.83257320 0.71353000 0.04452500
v -0.74192670 1.05938600 -0.02108380
v -0.74090430 1.11691400 -0.03529268
v -0.74710750 1.03666200 -0.02229929
v -0.66296300 0.63207000 -0.03579075
v -0.78671920 0.99953530 0.01100684
v -0.78593310 1.15107200 -0.03706258
v -0.70419020 0.83173390 -0.03783031
v -0.81770100 0.84814280 0.03156094
v -0.85839820 0.63454040 0.14752410
v -0.90933770 0.66971990 0.21010370
v -0.82223740 0.72445430 0.30994130
v -0.86125060 0.79218250 0.15595040
v -0.86379250 0.72788550 0.24987170
v -0.86492030 0.85773040 0.10363010
v -0.87973850 0.79411520 0.19440520
v -0.64162360 1.25965600 0.17459620
v -0.63530890 1.30200300 0.15506940
v -0.65060730 1.05235200 0.22976030
v -0.75204910 0.62216760 0.37022860
v -0.70525520 0.58308560 0.36496680
v -0.64842110 1.03644200 0.24153720
v -0.75831190 0.69310780 0.36516140
v -0.72549640 0.84161760 0.34326420
v -0.70847790 0.75976430 0.36457660
v -0.69744290 0.74455620 0.37131420
v -0.73300320 0.82471250 0.34355720
v -0.65259140 0.92015590 0.31164870
v -0.64576650 0.91400710 0.30501080
v -0.65372410 1.17777400 -0.03599784
v -0.68002590 1.15748800 -0.04421529
v -0.60223260 0.70927750 0.01022526
v -0.59876490 1.19949800 0.10172850
v -0.61915430 0.76468680 -0.01833579
v -0.60443530 0.69199450 -0.00398515
v -0.60694930 0.69242760 0.01196000
v -0.60315290 0.70332600 0.18875020
v -0.59443130 0.87852110 0.06421962
v -0.61423910 0.79801390 0.20200960
v -0.60325500 0.76523660 0.18549240
v -0.60319040 0.80191350 0.03569204
v -0.60714370 0.61976030 0.09744822
v -0.59434210 0.67466890 0.17737560
v -0.57900950 0.67534910 0.07353792
v -0.61130600 0.81060980 0.18915120
v -0.60194350 0.83517830 0.16046890
v -0.62456970 0.80744860 0.29098440
f 26 27 142
f 29 105 28
f 142 27 28
f 142 25 26
f 38 39 129
f 164 134 163
f 135 164 23
f 126 35 36
f 44 45 116
f 191 21 22
f 36 37 125
f 19 238 239
f 210 211 255
f 40 120 39
f 30 2372 105
f 19 239 18
f 2372 113 106
f 105 29 30
f 111 104 154
f 353 18 239
f 34 35 122
f 589 91 586
f 81 82 83
f 585 587 112
f 288 192 286
f 75 103 199
f 294 269 17
f 93 94 204
f 10 533 229
f 277 11 12
f 587 145 112
f 15 267 14
f 49 169 736
f 87 118 2305
f 5 231 4
f 81 83 111
f 189 2 2405
f 1862 163 22
f 31 32 113
f 189 188 2
f 231 284 4
f 150 166 105
f 96 160 95
f 206 209 208
f 172 91 92
f 123 118 88
f 109 44 116
f 2305 108 86
f 111 154 114
f 84 104 83
f 79 80 114
f 117 174 113
f 584 127 588
f 75 76 103
f 91 172 586
f 235 161 190
f 155 120 40
f 125 37 38
f 582 128 153
f 118 123 124
f 43 44 109
f 124 123 127
f 121 109 128
f 123 89 127
f 45 46 110
f 58 220 219
f 110 100 116
f 46 139 110
f 177 178 99
f 151 33 34
f 585 78 583
f 47 101 46
f 117 33 151
f 196 50 51
f 33 117 32
f 242 55 300
f 119 155 41
f 42 121 119
f 221 218 220
f 122 175 151
f 53 194 240
f 110 116 45
f 240 2310 816
f 114 584 583
f 127 89 90
f 86 108 85
f 139 46 101
f 41 42 119
f 118 124 154
f 74 75 198
f 199 750 198
f 112 77 78
f 79 583 78
f 108 104 84
f 109 121 43
f 104 111 83
f 2305 86 87
f 118 87 88
f 81 111 80
f 117 113 32
f 123 88 89
f 108 84 85
f 114 583 79
f 119 121 128
f 126 122 35
f 588 586 587
f 66 67 230
f 121 42 43
f 114 154 124
f 30 31 2372
f 104 108 2305
f 118 154 2305
f 750 140 73
f 100 177 181
f 71 252 70
f 111 114 80
f 461 136 352
f 280 230 278
f 223 852 270
f 125 126 36
f 155 40 41
f 175 122 126
f 129 125 38
f 405 183 404
f 130 129 120
f 115 130 405
f 120 2306 130
f 115 212 2304
f 322 318 319
f 227 532 410
f 230 342 65
f 161 189 190
f 135 165 164
f 245 52 921
f 698 169 48
f 100 110 139
f 100 139 138
f 138 139 48
f 148 143 145
f 171 72 73
f 147 246 102
f 205 92 93
f 148 144 143
f 166 142 105
f 135 25 142
f 23 24 135
f 145 143 77
f 145 149 148
f 144 103 143
f 143 76 77
f 103 102 199
f 112 145 77
f 144 147 102
f 146 173 304
f 149 145 587
f 149 146 148
f 586 149 587
f 144 148 304
f 166 150 97
f 237 150 106
f 113 2372 31
f 460 2307 107
f 151 175 176
f 151 34 122
f 109 152 128
f 128 152 153
f 109 116 181
f 153 152 99
f 99 152 177
f 152 109 181
f 99 178 2309
f 589 127 90
f 2306 120 155
f 419 411 420
f 270 271 328
f 363 496 534
f 282 395 446
f 345 235 285
f 208 141 206
f 188 233 160
f 21 191 2303
f 164 163 1862
f 163 134 192
f 23 164 1862
f 166 165 135
f 346 165 97
f 134 164 165
f 165 166 97
f 142 166 135
f 350 238 351
f 416 415 411
f 261 215 216
f 215 261 2308
f 298 299 2373
f 301 433 2373
f 214 179 2309
f 2309 178 213
f 137 177 138
f 48 169 138
f 72 71 864
f 253 201 251
f 203 95 483
f 172 92 205
f 146 205 173
f 172 205 146
f 205 204 173
f 249 173 206
f 106 113 174
f 150 2372 106
f 151 174 117
f 176 254 174
f 175 210 176
f 311 310 210
f 169 137 138
f 178 177 137
f 256 261 216
f 178 137 213
f 2309 179 180
f 214 2309 213
f 49 213 137
f 185 2374 182
f 183 582 184
f 152 181 177
f 180 184 153
f 582 153 184
f 115 405 457
f 184 180 185
f 182 183 184
f 2308 261 314
f 184 185 182
f 314 2374 185
f 318 320 277
f 353 239 293
f 411 415 431
f 370 273 334
f 7 8 228
f 282 446 2377
f 435 591 434
f 533 11 277
f 278 67 68
f 281 342 230
f 308 307 302
f 342 281 374
f 133 233 235
f 483 95 160
f 1 2 2282
f 188 161 233
f 483 484 450
f 209 204 203
f 190 189 234
f 188 189 161
f 284 190 234
f 193 162 236
f 163 191 22
f 346 237 2379
f 238 20 351
f 293 239 350
f 265 57 218
f 197 51 52
f 921 2310 245
f 197 52 168
f 168 52 245
f 196 213 50
f 199 198 75
f 144 102 103
f 140 199 102
f 249 304 173
f 403 356 306
f 70 305 69
f 140 171 73
f 202 72 171
f 171 247 251
f 252 202 201
f 203 204 94
f 95 203 94
f 173 204 206
f 205 93 204
f 208 209 207
f 483 160 484
f 307 309 302
f 204 209 206
f 483 209 203
f 349 254 310
f 286 192 134
f 254 176 310
f 151 176 174
f 211 126 212
f 255 107 311
f 211 175 126
f 211 312 255
f 357 212 115
f 125 2304 126
f 312 211 212
f 50 213 49
f 214 213 196
f 214 196 215
f 215 197 168
f 297 259 258
f 258 259 257
f 216 215 168
f 217 168 245
f 217 194 258
f 257 464 256
f 168 217 2375
f 185 180 179
f 153 99 180
f 2309 180 99
f 100 138 177
f 116 100 181
f 185 179 2308
f 262 58 59
f 263 59 60
f 243 355 242
f 262 220 58
f 262 361 468
f 57 219 218
f 218 219 220
f 508 517 506
f 266 355 243
f 409 221 220
f 368 15 16
f 186 2311 267
f 271 955 62
f 273 62 63
f 329 272 328
f 224 333 61
f 263 361 262
f 592 226 6
f 592 6 225
f 7 225 6
f 226 337 283
f 282 231 232
f 6 226 274
f 228 8 187
f 187 8 227
f 187 276 228
f 228 225 7
f 229 9 1885
f 227 8 9
f 10 11 533
f 227 229 532
f 9 229 227
f 230 67 278
f 279 68 69
f 281 280 159
f 369 335 342
f 232 231 5
f 454 399 480
f 160 96 188
f 235 233 161
f 484 233 133
f 189 3 234
f 285 190 284
f 235 190 285
f 193 236 20
f 191 192 193
f 163 192 191
f 150 237 97
f 237 106 348
f 239 238 350
f 236 351 20
f 293 350 167
f 294 18 353
f 326 269 325
f 245 240 217
f 295 53 241
f 299 54 55
f 241 195 295
f 241 54 299
f 299 242 2373
f 57 265 56
f 221 244 266
f 196 51 197
f 240 245 2310
f 304 250 147
f 246 200 247
f 102 246 140
f 170 247 200
f 171 251 202
f 140 247 171
f 246 247 140
f 200 248 170
f 200 246 147
f 309 141 208
f 248 200 250
f 304 147 144
f 250 249 141
f 247 170 251
f 253 251 170
f 141 249 206
f 202 252 71
f 356 252 201
f 356 305 252
f 338 339 279
f 201 202 251
f 254 106 174
f 106 254 348
f 211 210 175
f 257 256 2375
f 2375 256 216
f 464 260 256
f 258 257 2375
f 464 257 359
f 297 258 194
f 260 98 314
f 179 214 2308
f 263 262 59
f 264 263 60
f 361 263 264
f 60 333 264
f 315 361 264
f 316 361 317
f 266 265 218
f 300 56 243
f 221 266 218
f 266 244 355
f 13 14 2311
f 319 186 323
f 368 267 15
f 268 222 16
f 268 17 269
f 16 222 368
f 222 268 269
f 271 270 955
f 223 270 328
f 273 271 62
f 330 332 377
f 329 328 271
f 329 331 272
f 334 63 64
f 64 65 335
f 369 336 370
f 275 226 283
f 226 275 274
f 5 275 232
f 337 226 592
f 276 434 228
f 227 410 187
f 499 187 410
f 410 470 499
f 568 131 2380
f 187 499 276
f 435 434 2318
f 277 531 533
f 279 278 68
f 305 279 69
f 338 279 305
f 339 280 278
f 371 340 159
f 230 65 66
f 335 65 342
f 373 281 159
f 281 373 374
f 283 282 232
f 283 343 282
f 231 282 2377
f 283 232 275
f 392 395 343
f 4 284 234
f 284 2377 285
f 446 344 399
f 134 165 346
f 346 97 237
f 134 346 286
f 288 347 287
f 347 286 2379
f 288 287 292
f 351 290 289
f 162 292 290
f 292 162 288
f 192 288 162
f 292 291 290
f 291 352 289
f 291 289 290
f 167 289 352
f 417 293 2313
f 269 294 325
f 194 53 295
f 298 296 195
f 354 474 512
f 297 194 295
f 298 433 296
f 299 298 195
f 242 299 55
f 265 243 56
f 242 300 243
f 425 354 296
f 309 208 303
f 450 485 453
f 208 207 303
f 250 141 248
f 250 304 249
f 252 305 70
f 201 253 306
f 308 403 306
f 307 306 253
f 306 307 308
f 302 309 303
f 447 302 303
f 403 308 481
f 248 309 307
f 309 248 141
f 170 248 307
f 310 176 210
f 311 107 578
f 310 311 563
f 255 311 210
f 512 259 354
f 256 260 261
f 2308 314 185
f 260 314 261
f 315 391 317
f 264 333 360
f 361 315 317
f 318 277 12
f 318 322 320
f 12 13 318
f 2311 318 13
f 267 2311 14
f 318 2311 319
f 366 545 323
f 502 321 364
f 321 320 322
f 364 321 322
f 321 157 365
f 323 322 319
f 324 323 186
f 186 267 367
f 2313 412 417
f 269 326 222
f 411 327 326
f 590 328 272
f 273 329 271
f 330 329 273
f 330 370 332
f 377 375 376
f 378 379 331
f 330 331 329
f 377 332 375
f 360 224 593
f 333 224 360
f 335 334 64
f 374 398 336
f 273 370 330
f 338 305 356
f 339 338 371
f 278 279 339
f 230 280 281
f 481 372 403
f 302 482 308
f 341 397 398
f 282 343 395
f 340 441 439
f 284 231 2377
f 401 2377 446
f 441 442 455
f 456 451 345
f 286 346 2379
f 402 348 349
f 348 254 349
f 563 349 310
f 289 167 350
f 290 351 236
f 350 351 289
f 519 520 575
f 414 352 136
f 414 167 352
f 353 293 417
f 294 353 325
f 195 297 295
f 297 296 354
f 242 355 2373
f 266 243 265
f 503 355 244
f 2373 355 301
f 306 356 201
f 338 356 403
f 400 449 447
f 481 442 372
f 357 312 212
f 98 260 462
f 255 312 406
f 466 464 465
f 465 359 530
f 259 359 257
f 360 388 315
f 264 360 315
f 316 409 468
f 384 385 382
f 388 391 315
f 323 364 322
f 366 430 545
f 368 367 267
f 327 368 222
f 367 324 186
f 367 327 419
f 368 327 367
f 326 327 222
f 424 418 2316
f 334 335 369
f 369 370 334
f 332 370 336
f 371 159 280
f 439 159 340
f 339 371 280
f 403 372 371
f 340 371 372
f 439 373 159
f 374 373 341
f 398 374 341
f 342 374 369
f 373 439 341
f 375 445 376
f 336 375 332
f 478 568 386
f 379 380 158
f 331 377 378
f 379 378 380
f 388 360 593
f 590 272 158
f 379 272 331
f 382 158 384
f 384 158 380
f 388 387 391
f 380 381 384
f 542 499 470
f 387 385 2314
f 394 393 438
f 593 158 382
f 378 383 2315
f 438 376 445
f 477 492 436
f 382 385 387
f 131 568 541
f 568 2380 386
f 437 386 383
f 2315 383 386
f 378 377 383
f 377 376 383
f 2380 2315 386
f 378 2315 380
f 2314 385 436
f 382 387 388
f 436 385 477
f 2314 391 387
f 317 391 390
f 2376 479 392
f 395 2312 344
f 2376 392 343
f 337 2376 283
f 394 445 396
f 393 437 438
f 2312 392 394
f 393 394 392
f 396 2312 394
f 344 2312 132
f 446 395 344
f 132 2312 396
f 398 396 445
f 396 398 397
f 443 444 132
f 447 303 448
f 345 285 401
f 2381 453 451
f 448 450 453
f 235 345 133
f 133 345 451
f 286 347 288
f 402 347 2379
f 348 2379 237
f 359 259 512
f 354 259 297
f 549 508 507
f 338 403 371
f 2306 405 130
f 358 407 457
f 182 404 183
f 183 405 2306
f 457 405 404
f 406 107 255
f 107 406 460
f 312 407 406
f 407 358 489
f 357 407 312
f 313 467 528
f 2374 490 488
f 464 359 465
f 363 534 156
f 363 156 316
f 537 409 156
f 468 409 220
f 156 409 316
f 321 365 320
f 320 365 531
f 531 277 320
f 470 410 469
f 323 324 366
f 167 414 2313
f 2313 414 413
f 412 2313 413
f 428 412 413
f 416 412 415
f 416 411 326
f 415 412 428
f 325 416 326
f 419 420 2382
f 411 419 327
f 367 419 324
f 420 424 421
f 427 426 431
f 433 301 504
f 476 2320 518
f 432 429 426
f 546 418 509
f 421 430 366
f 425 422 474
f 431 415 427
f 476 413 414
f 415 428 427
f 555 557 516
f 430 421 2316
f 548 473 430
f 565 538 566
f 355 503 301
f 507 506 505
f 513 474 517
f 518 413 476
f 426 418 424
f 510 554 509
f 431 426 424
f 558 432 423
f 429 418 426
f 433 425 296
f 425 433 511
f 374 336 369
f 375 336 398
f 479 478 437
f 479 437 393
f 2318 434 276
f 568 435 541
f 478 435 568
f 436 492 493
f 2314 436 389
f 438 437 383
f 376 438 383
f 394 438 445
f 443 439 441
f 442 441 340
f 456 399 454
f 340 372 442
f 441 440 443
f 308 482 481
f 455 442 486
f 443 440 444
f 440 452 454
f 132 397 443
f 341 443 397
f 454 444 440
f 132 444 480
f 398 445 375
f 401 446 399
f 448 303 207
f 400 486 449
f 448 207 450
f 400 447 448
f 447 449 482
f 450 207 483
f 450 484 485
f 452 2381 456
f 133 451 485
f 456 454 452
f 453 400 448
f 455 452 440
f 2381 452 486
f 485 451 453
f 400 453 2381
f 454 480 444
f 441 455 440
f 486 442 449
f 345 401 456
f 457 357 115
f 357 457 407
f 488 457 404
f 182 488 404
f 523 458 313
f 526 291 487
f 573 461 526
f 459 579 2307
f 581 576 577
f 291 461 352
f 98 408 490
f 462 260 464
f 408 98 462
f 408 463 490
f 457 488 358
f 458 489 313
f 408 466 467
f 462 464 466
f 466 465 529
f 462 466 408
f 408 467 463
f 262 468 220
f 316 468 361
f 469 365 2319
f 472 470 2319
f 531 365 469
f 469 2319 470
f 276 499 2318
f 477 131 498
f 472 542 470
f 471 492 498
f 544 493 494
f 472 471 542
f 501 430 473
f 502 545 501
f 156 534 536
f 474 422 517
f 524 528 525
f 425 474 354
f 461 573 559
f 136 476 414
f 559 2320 476
f 131 477 381
f 437 478 386
f 392 479 393
f 478 591 435
f 443 341 439
f 399 344 480
f 132 480 344
f 449 442 481
f 447 482 302
f 481 482 449
f 209 483 207
f 233 484 160
f 484 133 485
f 2381 486 400
f 455 486 452
f 2374 488 182
f 490 2374 98
f 292 487 291
f 347 402 562
f 287 487 292
f 576 526 487
f 358 488 490
f 467 313 463
f 523 528 524
f 406 407 489
f 463 489 358
f 490 463 358
f 529 465 491
f 530 512 513
f 557 525 529
f 469 532 531
f 531 532 533
f 498 492 477
f 492 471 494
f 472 495 494
f 493 492 494
f 472 494 471
f 495 157 543
f 493 362 389
f 497 389 362
f 389 436 493
f 362 564 496
f 389 497 390
f 496 363 497
f 363 390 497
f 542 498 541
f 541 2318 542
f 501 545 430
f 502 501 500
f 569 538 565
f 544 494 495
f 500 543 502
f 321 502 157
f 364 323 545
f 503 567 504
f 244 221 2383
f 505 504 567
f 433 504 511
f 503 504 301
f 507 508 506
f 422 425 511
f 505 506 511
f 549 510 508
f 549 507 550
f 418 429 509
f 515 594 522
f 522 429 558
f 511 504 505
f 511 506 422
f 359 512 530
f 513 512 474
f 514 513 475
f 513 516 530
f 514 515 571
f 555 516 514
f 594 510 522
f 491 530 516
f 514 516 513
f 513 517 475
f 506 517 422
f 517 508 475
f 2317 427 518
f 574 573 580
f 427 428 518
f 413 518 428
f 520 2317 2320
f 518 2320 2317
f 570 556 572
f 520 423 2317
f 520 519 423
f 519 521 423
f 429 432 558
f 571 555 514
f 521 558 423
f 558 515 522
f 556 521 519
f 521 571 558
f 559 574 2320
f 523 459 460
f 524 560 561
f 458 523 460
f 313 528 523
f 570 557 555
f 525 570 560
f 291 526 461
f 581 526 576
f 402 349 527
f 578 577 527
f 529 528 467
f 525 528 529
f 529 467 466
f 529 491 557
f 465 530 491
f 410 532 469
f 229 533 532
f 535 496 564
f 534 496 535
f 552 553 547
f 540 507 505
f 535 551 534
f 362 493 539
f 535 564 565
f 552 547 554
f 2321 536 551
f 534 551 536
f 409 537 221
f 536 2321 537
f 156 536 537
f 2321 2383 537
f 501 538 500
f 473 538 501
f 566 553 565
f 540 505 567
f 544 539 493
f 566 538 473
f 541 498 131
f 471 498 542
f 502 543 157
f 569 543 500
f 500 538 569
f 364 545 502
f 547 566 473
f 418 546 548
f 547 548 546
f 550 507 540
f 510 549 554
f 549 550 552
f 553 551 535
f 565 553 535
f 551 552 550
f 547 553 566
f 552 551 553
f 546 554 547
f 552 554 549
f 546 509 554
f 509 429 522
f 509 522 510
f 555 571 556
f 570 572 560
f 521 556 571
f 556 519 572
f 516 557 491
f 515 558 571
f 561 560 572
f 524 525 560
f 575 561 572
f 523 524 459
f 562 287 347
f 487 562 576
f 287 562 487
f 527 562 402
f 577 562 527
f 577 579 581
f 362 496 497
f 539 564 362
f 539 565 564
f 565 539 569
f 244 567 503
f 2383 567 244
f 537 2383 221
f 2321 540 2383
f 550 540 2321
f 2318 541 435
f 544 495 543
f 544 569 539
f 543 569 544
f 548 547 473
f 557 570 525
f 556 570 555
f 519 575 572
f 581 580 573
f 580 575 574
f 520 574 575
f 559 573 574
f 559 136 461
f 476 136 559
f 580 561 575
f 577 576 562
f 527 563 578
f 578 563 311
f 580 579 459
f 526 581 573
f 577 578 579
f 561 580 459
f 580 581 579
f 582 2306 119
f 585 112 78
f 124 584 114
f 127 584 124
f 583 584 585
f 149 586 172
f 588 587 585
f 584 588 585
f 589 588 127
f 91 589 90
f 588 589 586
f 593 590 158
f 328 590 223
f 225 434 591
f 592 591 2378
f 434 225 228
f 388 593 382
f 594 475 508
f 514 475 515
f 475 594 515
f 510 594 508
f 688 632 631
f 722 623 622
f 49 812 50
f 625 727 728
f 682 689 687
f 1109 669 699
f 240 816 53
f 786 785 772
f 638 2384 101
f 722 683 623
f 637 636 671
f 60 59 2325
f 686 628 2385
f 682 631 630
f 687 677 682
f 684 2385 627
f 736 169 698
f 674 649 648
f 2389 888 57
f 727 624 683
f 2325 59 887
f 59 58 887
f 56 2389 57
f 724 664 787
f 637 2384 638
f 874 878 731
f 744 641 640
f 61 850 852
f 726 727 683
f 62 955 849
f 685 671 636
f 673 667 699
f 676 663 645
f 68 67 855
f 672 700 673
f 1097 738 739
f 667 702 705
f 714 620 619
f 803 909 910
f 644 669 676
f 639 74 661
f 751 749 750
f 674 668 729
f 74 198 661
f 704 654 703
f 639 661 711
f 671 685 660
f 683 752 726
f 730 762 2385
f 642 673 643
f 629 686 689
f 681 680 633
f 668 647 663
f 674 647 668
f 645 663 646
f 644 676 645
f 795 688 677
f 676 729 668
f 730 2385 684
f 708 662 709
f 699 669 643
f 626 625 728
f 1109 1108 675
f 686 629 628
f 684 627 626
f 682 688 631
f 681 688 795
f 624 727 625
f 621 679 723
f 624 623 683
f 607 885 608
f 621 723 622
f 682 677 688
f 716 679 714
f 762 760 687
f 714 618 617
f 715 714 617
f 681 632 688
f 628 627 2385
f 714 619 618
f 682 630 689
f 757 835 795
f 729 676 669
f 723 679 716
f 677 760 757
f 674 729 675
f 620 679 621
f 728 684 626
f 701 702 700
f 658 809 659
f 673 642 672
f 47 638 101
f 733 891 954
f 806 808 805
f 637 671 2384
f 811 809 2283
f 707 655 704
f 632 681 633
f 660 697 671
f 672 642 641
f 674 675 650
f 652 1108 705
f 674 650 649
f 648 647 674
f 714 679 620
f 675 651 650
f 687 689 686
f 705 702 653
f 1091 1041 989
f 676 668 663
f 717 725 724
f 943 873 872
f 633 680 634
f 805 597 596
f 1108 651 675
f 878 925 930
f 744 745 708
f 598 960 952
f 960 987 800
f 644 643 669
f 891 845 847
f 685 636 635
f 665 837 743
f 629 689 630
f 635 634 680
f 911 804 909
f 737 657 656
f 72 815 73
f 1109 699 667
f 817 2386 1048
f 773 1105 774
f 660 693 698
f 697 660 698
f 698 693 736
f 139 101 48
f 2384 671 697
f 48 697 698
f 729 669 1109
f 667 705 1109
f 700 666 701
f 667 700 702
f 673 700 667
f 666 700 672
f 709 706 701
f 704 655 654
f 701 666 709
f 703 702 701
f 653 702 703
f 703 701 704
f 653 703 654
f 706 704 701
f 704 706 707
f 652 705 653
f 706 709 662
f 656 655 707
f 748 858 747
f 707 706 713
f 745 744 640
f 662 713 706
f 712 813 710
f 863 859 861
f 744 666 672
f 709 666 708
f 711 640 639
f 749 711 661
f 708 747 662
f 198 750 661
f 751 750 73
f 694 746 749
f 1092 735 1093
f 858 713 662
f 738 713 712
f 715 617 616
f 716 714 715
f 615 715 616
f 720 725 717
f 719 723 718
f 752 670 726
f 719 718 717
f 720 718 753
f 719 717 670
f 717 724 670
f 787 781 724
f 721 715 615
f 755 740 754
f 723 722 622
f 722 719 752
f 723 716 718
f 722 723 719
f 696 725 720
f 664 724 725
f 718 720 717
f 754 696 720
f 727 726 678
f 728 727 678
f 675 729 1109
f 681 834 680
f 680 834 665
f 684 728 869
f 840 605 838
f 1011 1010 973
f 55 890 300
f 601 847 602
f 854 805 808
f 1068 989 1090
f 804 64 63
f 1068 1065 1066
f 857 793 833
f 736 693 867
f 712 739 738
f 809 658 2285
f 738 707 713
f 739 712 710
f 707 738 737
f 739 710 997
f 739 997 1094
f 202 71 72
f 70 865 71
f 922 816 2310
f 695 968 923
f 610 609 819
f 880 886 606
f 753 716 715
f 743 742 660
f 693 660 742
f 743 660 685
f 867 693 823
f 665 743 2322
f 742 743 826
f 666 744 708
f 641 744 672
f 745 640 711
f 746 745 711
f 708 745 747
f 749 746 711
f 747 746 748
f 745 746 747
f 748 746 694
f 859 813 748
f 748 813 858
f 749 751 694
f 859 748 694
f 661 750 749
f 815 751 73
f 820 751 815
f 722 752 683
f 670 752 719
f 716 753 718
f 721 753 715
f 615 614 755
f 755 721 615
f 755 754 721
f 613 755 614
f 1047 740 817
f 696 754 740
f 728 678 869
f 757 795 677
f 756 761 760
f 766 759 761
f 759 757 761
f 765 768 758
f 836 757 759
f 769 770 772
f 776 758 769
f 759 765 758
f 769 758 768
f 776 836 758
f 677 687 760
f 762 687 686
f 760 761 757
f 763 821 756
f 756 760 762
f 730 763 762
f 756 762 763
f 822 764 767
f 767 766 822
f 783 765 766
f 759 766 765
f 783 766 767
f 774 768 783
f 774 1105 771
f 770 769 768
f 771 784 770
f 776 775 777
f 771 768 774
f 770 784 779
f 782 767 764
f 771 1107 784
f 770 768 771
f 785 769 772
f 825 775 790
f 777 825 824
f 785 790 775
f 777 775 825
f 782 773 767
f 773 774 783
f 775 776 769
f 793 857 790
f 824 825 823
f 776 777 871
f 837 665 796
f 779 792 786
f 779 2387 830
f 764 822 916
f 787 788 781
f 782 866 780
f 670 724 791
f 764 916 866
f 724 781 791
f 773 783 767
f 779 784 2387
f 785 775 769
f 1004 725 696
f 791 781 789
f 772 779 786
f 794 790 785
f 829 792 870
f 785 786 794
f 790 794 793
f 867 823 857
f 1049 2388 664
f 730 868 763
f 791 726 670
f 790 857 825
f 917 789 781
f 726 791 678
f 786 2324 794
f 792 830 870
f 830 831 870
f 52 51 832
f 794 2324 828
f 833 51 50
f 871 835 836
f 796 665 834
f 778 837 796
f 835 796 834
f 796 871 778
f 841 840 797
f 901 733 976
f 1111 877 884
f 932 887 888
f 941 829 870
f 901 845 891
f 848 847 903
f 270 983 955
f 61 333 850
f 962 800 987
f 990 803 910
f 856 802 855
f 805 807 806
f 807 2283 806
f 801 988 1066
f 853 854 801
f 807 805 596
f 596 1284 807
f 811 807 1284
f 810 2285 658
f 2283 809 735
f 1094 1097 739
f 809 2285 735
f 1071 2283 735
f 811 2283 807
f 1284 595 2284
f 811 1284 2284
f 657 810 658
f 809 811 659
f 857 833 812
f 736 812 49
f 707 737 656
f 737 1097 810
f 657 737 810
f 712 858 813
f 710 813 863
f 863 860 996
f 815 72 864
f 865 908 991
f 861 859 820
f 817 740 613
f 755 613 740
f 1489 612 2386
f 1003 1047 1048
f 819 966 1002
f 914 1002 966
f 912 609 608
f 915 819 1002
f 763 868 920
f 822 756 821
f 822 821 916
f 778 777 824
f 826 778 824
f 824 742 826
f 824 823 742
f 823 825 857
f 868 869 827
f 917 827 789
f 921 832 828
f 922 828 2324
f 792 829 2324
f 779 830 792
f 830 695 831
f 832 51 833
f 833 793 832
f 828 832 793
f 794 828 793
f 52 832 921
f 795 834 681
f 795 835 834
f 757 836 835
f 836 759 758
f 777 778 871
f 837 778 826
f 743 837 826
f 797 840 838
f 872 605 1443
f 1110 885 886
f 873 874 838
f 872 838 605
f 876 841 797
f 877 876 924
f 839 841 876
f 892 604 846
f 872 873 838
f 888 58 219
f 889 56 300
f 889 974 971
f 241 940 54
f 603 844 900
f 602 845 844
f 604 892 893
f 900 844 845
f 604 603 846
f 903 601 600
f 905 600 599
f 891 847 848
f 847 845 602
f 903 847 601
f 848 903 953
f 983 956 955
f 1130 849 1131
f 851 852 850
f 906 907 850
f 1112 984 851
f 852 851 983
f 853 801 987
f 854 853 597
f 855 802 2286
f 856 67 66
f 860 993 995
f 65 64 911
f 856 66 803
f 803 66 911
f 66 65 911
f 804 63 1130
f 812 833 50
f 857 812 867
f 713 858 712
f 747 858 662
f 820 859 694
f 861 862 992
f 862 864 865
f 862 861 820
f 863 861 860
f 815 862 820
f 862 865 992
f 860 995 996
f 859 863 813
f 997 710 996
f 1095 1094 814
f 865 864 71
f 815 864 862
f 908 70 69
f 992 865 991
f 915 612 611
f 2386 612 818
f 912 819 609
f 915 610 819
f 885 912 608
f 912 1114 966
f 818 612 915
f 917 918 920
f 780 2323 1132
f 764 866 782
f 780 866 2323
f 919 2323 866
f 736 867 812
f 742 823 693
f 869 868 730
f 868 827 920
f 869 730 684
f 827 678 789
f 869 678 827
f 835 871 796
f 776 871 836
f 943 894 873
f 894 943 896
f 874 873 875
f 838 874 797
f 874 731 924
f 875 873 894
f 924 731 877
f 797 874 924
f 874 875 878
f 884 970 1055
f 883 881 882
f 924 876 797
f 882 876 877
f 926 945 929
f 879 875 894
f 877 731 884
f 878 875 879
f 970 878 930
f 895 899 894
f 925 879 926
f 899 879 894
f 881 880 839
f 885 607 886
f 839 880 841
f 882 881 839
f 1110 881 883
f 882 839 876
f 883 1111 2329
f 1111 883 882
f 1161 1159 1172
f 884 1055 1111
f 607 606 886
f 881 886 880
f 888 887 58
f 798 887 932
f 2325 887 798
f 889 2389 56
f 890 889 300
f 937 55 54
f 241 53 940
f 937 54 843
f 829 816 922
f 843 54 940
f 891 733 901
f 897 900 901
f 929 925 926
f 895 894 896
f 896 892 846
f 893 943 872
f 893 892 943
f 976 978 944
f 898 897 944
f 895 897 898
f 897 896 846
f 895 896 897
f 846 900 897
f 898 978 979
f 898 951 895
f 951 899 895
f 603 900 846
f 901 900 845
f 901 976 944
f 1057 933 1056
f 951 898 979
f 926 946 945
f 946 902 945
f 905 903 600
f 599 952 905
f 952 800 904
f 598 952 599
f 905 953 903
f 953 905 904
f 982 906 2325
f 972 973 1010
f 1112 907 1014
f 986 957 958
f 956 957 959
f 987 961 853
f 801 962 987
f 805 854 597
f 988 854 808
f 1000 856 990
f 855 67 856
f 964 2286 802
f 865 70 908
f 855 2286 69
f 908 69 2286
f 996 710 863
f 911 909 803
f 999 990 910
f 804 911 64
f 959 1040 1131
f 912 913 1114
f 885 913 912
f 912 966 819
f 1046 967 1080
f 967 741 818
f 611 610 915
f 918 916 821
f 866 916 919
f 781 788 917
f 916 918 919
f 920 918 821
f 918 917 919
f 920 821 763
f 922 921 828
f 829 922 2324
f 941 816 829
f 968 695 1005
f 878 879 925
f 899 926 879
f 929 930 925
f 929 945 948
f 929 927 930
f 878 970 731
f 928 970 930
f 798 932 931
f 935 931 1006
f 935 934 931
f 2389 932 888
f 931 932 1006
f 1006 2389 971
f 935 1006 936
f 1119 1127 1118
f 935 933 1123
f 933 935 936
f 933 1057 1123
f 798 972 982
f 798 931 934
f 973 934 1122
f 1007 974 1008
f 938 937 799
f 938 799 939
f 937 938 890
f 1018 939 799
f 890 55 937
f 816 940 53
f 1051 941 831
f 891 848 954
f 892 896 943
f 898 944 978
f 901 944 897
f 949 945 902
f 899 946 926
f 979 902 946
f 1024 902 981
f 929 948 927
f 980 981 979
f 950 945 949
f 948 945 1023
f 947 950 949
f 1023 945 950
f 979 946 951
f 946 899 951
f 800 952 960
f 905 952 904
f 1062 986 1059
f 1026 953 904
f 954 848 1028
f 733 942 976
f 953 1028 848
f 906 982 842
f 907 906 842
f 906 850 333
f 1112 850 907
f 1112 851 850
f 956 851 984
f 955 959 849
f 959 955 956
f 956 984 957
f 959 957 1040
f 957 984 958
f 1031 1100 1038
f 1040 957 986
f 961 960 598
f 960 961 987
f 963 802 1000
f 1000 802 856
f 965 963 1000
f 802 963 964
f 1042 994 995
f 1040 734 1085
f 967 1002 914
f 914 1081 1080
f 741 967 1046
f 695 923 831
f 843 799 937
f 1018 799 969
f 927 690 1053
f 928 930 927
f 1126 1053 690
f 970 928 1055
f 731 970 884
f 57 888 219
f 936 1006 971
f 973 972 934
f 1011 973 1128
f 889 971 2389
f 1007 971 974
f 890 974 889
f 938 974 890
f 1008 938 939
f 1008 1115 732
f 976 942 977
f 1060 733 954
f 1059 985 1017
f 980 977 1016
f 977 978 976
f 1116 950 1009
f 927 948 690
f 1127 948 1023
f 947 949 1024
f 979 978 980
f 978 977 980
f 1058 980 1016
f 902 979 981
f 800 1025 904
f 1027 1026 1030
f 1031 1029 1100
f 982 2325 798
f 982 972 842
f 852 983 270
f 983 851 956
f 1015 984 1112
f 962 801 1066
f 989 988 808
f 854 988 801
f 808 1091 989
f 1095 1096 692
f 1063 1065 691
f 803 990 856
f 2286 991 908
f 993 992 991
f 992 993 860
f 1044 1042 1043
f 1074 1075 1073
f 1042 993 991
f 2287 814 997
f 861 992 860
f 2287 997 996
f 995 994 2287
f 994 1074 1076
f 1072 1041 692
f 1087 1084 1086
f 1001 999 1045
f 1001 1000 990
f 1069 691 1065
f 915 1002 818
f 1004 1003 1050
f 1003 1004 696
f 696 740 1047
f 1004 1050 1049
f 725 1004 664
f 1102 2326 1133
f 2386 741 1048
f 1002 967 818
f 1147 968 1005
f 1022 923 968
f 831 923 969
f 940 1051 843
f 799 843 969
f 1051 969 843
f 1129 1127 1119
f 1106 1140 1147
f 1007 936 971
f 974 938 1008
f 1115 1008 939
f 732 1007 1008
f 1123 934 935
f 950 1116 1023
f 1061 1128 947
f 1012 1014 907
f 1011 1128 1061
f 1012 1010 1011
f 907 842 1012
f 972 1010 842
f 1012 842 1010
f 1014 1012 2327
f 1011 1061 2327
f 2327 1083 1013
f 1013 985 1015
f 1015 1014 1013
f 1015 985 1059
f 1015 958 984
f 1016 977 1070
f 1070 977 942
f 1017 1016 1070
f 1017 985 1058
f 1115 939 975
f 1018 969 923
f 975 939 1018
f 1150 1022 1143
f 1142 1149 1143
f 1115 1021 1121
f 1020 1018 923
f 975 1019 1021
f 1019 975 1020
f 1020 975 1018
f 1151 1153 1125
f 923 1022 1020
f 690 948 1127
f 1061 1024 1083
f 1014 2327 1013
f 902 1024 949
f 1024 981 1083
f 800 962 1025
f 1026 904 1025
f 1028 1026 1027
f 1026 1025 1032
f 1027 1030 1035
f 1031 1027 1035
f 1028 1027 1039
f 1026 1028 953
f 1045 1063 691
f 1045 1037 1063
f 1035 1029 1031
f 734 986 1062
f 1030 1026 1032
f 1064 1032 1025
f 1036 1030 1032
f 1029 1035 1033
f 1034 1036 1037
f 999 910 1087
f 1033 1035 1034
f 1035 1030 1034
f 1037 1036 1063
f 1100 1070 1038
f 1027 1031 1039
f 1038 1039 1031
f 986 734 1040
f 1033 734 1062
f 1059 986 958
f 1071 1091 806
f 1064 1025 962
f 1043 991 2286
f 1044 1043 964
f 991 1043 1042
f 1000 1001 965
f 999 1001 990
f 1080 967 914
f 1050 1046 1082
f 1048 1047 817
f 1047 1003 696
f 817 1427 2386
f 1046 1048 741
f 787 664 2388
f 1004 1049 664
f 1102 1050 1082
f 1050 1003 1046
f 1048 1046 1003
f 816 941 940
f 969 1051 831
f 690 1127 1129
f 928 1053 1054
f 1126 1052 1053
f 1053 1052 1054
f 1166 1055 1168
f 927 1053 928
f 928 1054 1055
f 1007 732 1056
f 936 1056 933
f 1118 1116 1117
f 1057 1056 1120
f 1057 1117 1123
f 950 947 1009
f 981 980 1058
f 985 1013 1058
f 1017 1058 1016
f 1015 1059 958
f 1060 942 733
f 1039 1060 954
f 1028 1039 954
f 1024 1061 947
f 1011 2327 1012
f 2327 1061 1083
f 1100 1062 1059
f 1062 1100 1029
f 1063 1064 1065
f 1032 1064 1036
f 1066 1064 962
f 988 1068 1066
f 1069 1065 1068
f 1064 1066 1065
f 1041 1072 1090
f 989 1068 988
f 1067 1069 1068
f 994 1042 1074
f 1077 1069 1067
f 1069 1077 691
f 1017 1070 1100
f 942 1038 1070
f 1071 735 1092
f 1090 1067 1068
f 993 1042 995
f 963 1044 964
f 1042 1044 1074
f 1075 1074 1044
f 1067 1079 1073
f 1075 1044 963
f 1074 1073 1076
f 963 965 1075
f 1001 1045 691
f 1076 1073 1079
f 994 1076 2287
f 1078 1075 965
f 1001 1078 965
f 1079 1072 998
f 1077 1078 691
f 1001 691 1078
f 1046 1080 1082
f 1102 1099 2388
f 2326 1082 1080
f 741 2386 818
f 981 1058 1083
f 1083 1058 1013
f 1017 1100 1059
f 1029 1033 1062
f 1033 1089 734
f 1089 1085 734
f 1085 1086 1084
f 909 1088 910
f 1086 1085 1089
f 1085 1084 1131
f 1045 999 1087
f 1087 910 1088
f 1087 1086 1037
f 1088 909 804
f 1087 1088 1084
f 1034 1089 1033
f 1041 1090 989
f 1079 1090 1072
f 1067 1090 1079
f 806 1091 808
f 692 1091 1071
f 1093 735 2285
f 1096 1095 814
f 1097 1094 1093
f 1093 1094 1095
f 814 1094 997
f 1097 1093 810
f 692 1092 1095
f 1095 1092 1093
f 1096 998 1072
f 738 1097 737
f 1091 692 1041
f 1092 692 1071
f 1096 1072 692
f 1105 773 2390
f 788 1099 2323
f 1133 2328 1132
f 1089 1034 1086
f 1037 1086 1034
f 1087 1037 1045
f 1133 2326 2328
f 1049 1050 1102
f 1099 1102 1133
f 1107 1005 784
f 1104 782 780
f 773 782 1104
f 1156 1146 1103
f 1081 1170 1101
f 1104 780 1103
f 773 1104 2390
f 1134 1156 1103
f 1105 1107 771
f 1107 1105 1106
f 1140 1106 1141
f 1147 1005 1107
f 1147 1107 1106
f 651 1108 652
f 705 1108 1109
f 820 694 751
f 885 1110 913
f 881 1110 886
f 877 1111 882
f 1166 1111 1055
f 1112 1014 1015
f 1164 1170 1171
f 1114 1113 914
f 914 1113 1081
f 883 1162 1110
f 1160 1161 1162
f 1114 913 1172
f 920 827 917
f 1021 1115 975
f 1116 1009 1117
f 1116 1127 1023
f 1122 1117 1009
f 1117 1057 1118
f 1127 1116 1118
f 1118 1120 1119
f 1120 732 1121
f 1128 1009 947
f 1123 1122 934
f 1117 1122 1123
f 1115 1121 732
f 1152 1125 1021
f 1021 1125 1121
f 1153 1124 1125
f 1120 1121 1124
f 1129 1126 690
f 1153 1126 1124
f 1057 1120 1118
f 1124 1119 1120
f 1122 1128 973
f 1009 1128 1122
f 1124 1129 1119
f 1126 1129 1124
f 1131 1088 1130
f 849 959 1131
f 1130 1088 804
f 1084 1088 1131
f 62 849 63
f 1131 1040 1085
f 1101 1098 2328
f 1099 1133 1132
f 1134 2328 1098
f 1103 780 1132
f 1132 2328 1134
f 1159 1171 1172
f 1153 1154 1155
f 1132 1134 1103
f 1138 1136 1164
f 1081 1101 2326
f 1101 1170 1136
f 1152 1151 1125
f 1101 1136 1098
f 1164 1136 1170
f 1139 1156 1098
f 1163 1138 1164
f 1139 1138 1137
f 1135 1144 1137
f 1139 1137 1144
f 1142 1144 1135
f 1147 1140 1143
f 1140 1142 1143
f 1104 1103 1146
f 1141 1146 1145
f 1106 2390 1141
f 1143 1149 1150
f 1145 1144 1142
f 1156 1144 1145
f 2390 1104 1146
f 1145 1146 1156
f 2390 1146 1141
f 1143 1022 1147
f 968 1147 1022
f 1152 1019 1150
f 1148 1142 1135
f 1142 1148 1149
f 1135 1158 1154
f 1151 1149 1148
f 1150 1019 1020
f 1137 1167 1158
f 1052 1157 1168
f 1151 1152 1149
f 1019 1152 1021
f 1022 1150 1020
f 1152 1150 1149
f 1154 1153 1151
f 1154 1151 1148
f 1135 1154 1148
f 1144 1156 1139
f 1157 1052 1155
f 1158 1157 1155
f 1138 1163 1167
f 1155 1154 1158
f 1137 1158 1135
f 1167 1157 1158
f 1161 1172 913
f 1162 2329 1160
f 1163 1159 1160
f 1162 1161 913
f 1159 1161 1160
f 1110 1162 913
f 1165 1160 2329
f 1163 1165 1169
f 1159 1163 1164
f 2329 1166 1165
f 1163 1169 1167
f 1166 1168 1169
f 1111 1166 2329
f 1168 1055 1054
f 1166 1169 1165
f 1138 1167 1137
f 1052 1168 1054
f 1157 1169 1168
f 1167 1169 1157
f 1113 1170 1081
f 1171 1170 1113
f 1172 1171 1113
f 1171 1159 1164
f 1114 1172 1113
f 1145 1140 1141
f 1142 1140 1145
f 616 617 618
f 1311 1234 1272
f 1269 1219 1220
f 616 618 619
f 619 1276 616
f 1345 616 1276
f 1276 619 1173
f 1271 1269 1263
f 1271 1218 1219
f 1348 1312 1350
f 1236 1258 2292
f 647 648 1244
f 1353 1179 1180
f 2331 1258 1266
f 1488 611 612
f 1269 1240 2288
f 2330 1310 1234
f 1267 1261 1250
f 2338 1186 1187
f 1286 1253 1259
f 1247 1224 1225
f 607 608 1433
f 613 614 1486
f 1274 1275 1336
f 1239 1238 1251
f 1507 1357 1394
f 1310 2288 1255
f 1243 647 1244
f 1217 1285 1216
f 872 1443 1445
f 1234 1311 2330
f 1736 1515 1510
f 1237 1261 1260
f 1446 841 880
f 1255 2288 1259
f 1235 1231 1232
f 1397 601 602
f 1323 596 597
f 598 1366 961
f 1325 1297 1378
f 601 1397 1398
f 1334 1306 1213
f 2292 1228 1229
f 1247 1253 1246
f 1226 1227 1242
f 1327 1295 1328
f 1247 1246 1224
f 1339 1343 1340
f 1326 596 1323
f 1232 2291 2290
f 1293 1332 1233
f 1245 1243 1238
f 1226 1242 1254
f 1223 1224 1246
f 1239 1246 1253
f 2292 1258 1241
f 1229 1230 2289
f 1230 1231 1249
f 1240 1248 1286
f 1202 1920 1438
f 1188 1362 1361
f 1241 2331 1267
f 1188 1189 1362
f 1262 1264 1305
f 1265 1261 1267
f 1342 1479 1341
f 1282 1283 1191
f 1395 1204 1205
f 1249 1257 2289
f 1255 1256 1237
f 1245 1248 1221
f 1258 2331 1241
f 1437 1392 1436
f 1437 1498 1392
f 1242 1250 1261
f 1192 1282 1191
f 1238 1244 1251
f 1237 1242 1261
f 1246 1251 1223
f 1247 1256 1253
f 1503 1549 1201
f 1259 1256 1255
f 1550 1201 1549
f 1244 1222 1251
f 1495 1199 1200
f 1236 2292 2289
f 1198 1199 1496
f 1260 1234 1310
f 1260 1255 1237
f 1218 1271 1217
f 1272 1260 1261
f 1263 2330 1309
f 1242 1227 1250
f 1221 1248 1220
f 1238 1243 1244
f 1256 1247 1254
f 1260 1310 1255
f 1287 1257 1249
f 648 1222 1244
f 1237 1256 1254
f 1243 1252 663
f 663 1252 646
f 2289 1257 1236
f 1245 1252 1243
f 1228 1250 1227
f 1243 663 647
f 1221 646 1252
f 1268 1258 1236
f 1415 1209 1210
f 1251 1246 1239
f 1221 1252 1245
f 1381 1382 1343
f 1241 1250 1228
f 1272 1234 1260
f 1222 1223 1251
f 1225 1226 1254
f 1300 1333 1214
f 1212 1306 1308
f 1286 1245 1238
f 1286 1239 1253
f 1308 1306 1307
f 1241 1228 2292
f 1242 1237 1254
f 1256 1259 1253
f 1286 1259 1240
f 2288 1240 1259
f 1272 1261 1265
f 1274 1265 1273
f 1258 1268 1266
f 1265 2331 1273
f 1262 1304 1264
f 1273 2331 1266
f 1241 1267 1250
f 1257 1291 1236
f 1266 1268 1264
f 1271 1263 1309
f 1309 1217 1271
f 1248 1240 1220
f 1270 1273 1304
f 1269 1271 1219
f 1274 1272 1265
f 1311 1272 1336
f 1274 1273 1270
f 1264 1304 1266
f 1275 1274 1270
f 1274 1336 1272
f 1301 1303 1299
f 1270 1301 1299
f 1275 2391 1336
f 1175 1176 1350
f 614 615 1344
f 1277 1276 1173
f 1173 1174 1277
f 1312 1174 1175
f 1177 1349 1350
f 1312 1277 1174
f 1277 1312 1314
f 1183 1184 1360
f 1199 1495 1496
f 1445 893 872
f 1282 1281 1283
f 1282 1193 1281
f 1283 1281 1406
f 1190 1191 1283
f 600 601 1398
f 1484 1614 2393
f 1233 1330 1293
f 1288 1294 1292
f 1217 1309 1285
f 1215 1216 1285
f 1239 1286 1238
f 1235 1287 1231
f 1288 1287 1235
f 2291 1377 2290
f 1268 1289 1264
f 1293 1330 1290
f 1236 1291 1289
f 1288 1292 1287
f 1290 1291 1257
f 1331 1291 1290
f 1290 1292 1293
f 1296 1332 1293
f 1296 1292 1294
f 1292 1296 1293
f 1288 2293 1295
f 1288 1295 1294
f 1328 1295 2293
f 1327 1323 1368
f 1297 1296 1294
f 1378 1295 1327
f 1297 1325 2333
f 1297 1332 1296
f 1303 1301 1302
f 1275 1270 1299
f 1300 2391 1298
f 1298 2391 1275
f 1299 1298 1275
f 1214 1894 1335
f 1301 1304 1262
f 1302 1301 1262
f 1303 1302 1307
f 1299 1303 1298
f 1306 1334 1303
f 1333 1334 1213
f 1270 1304 1301
f 1304 1273 1266
f 1478 1479 1480
f 1308 1343 1382
f 1306 1303 1307
f 1213 1306 1212
f 1340 1341 1479
f 1302 1341 1340
f 1382 1212 1308
f 2288 1310 1263
f 1311 1336 2334
f 1312 1348 1314
f 1344 1346 614
f 1350 1312 1175
f 1314 1345 1277
f 1348 1349 1429
f 1348 1384 1314
f 1432 1384 1431
f 609 610 1387
f 1584 1278 1533
f 1517 1446 1447
f 1516 1433 1388
f 1396 1206 1207
f 1365 1189 1190
f 2338 1187 1361
f 1408 1405 1406
f 1407 1408 1406
f 1365 1283 1406
f 1365 1405 1362
f 1210 1734 1415
f 1474 1484 2393
f 1419 1483 1477
f 1555 1395 1556
f 1368 597 853
f 1369 853 961
f 1370 1368 1369
f 1378 1297 1294
f 1325 1324 1371
f 1371 1324 1376
f 1326 1328 2293
f 596 1326 1377
f 1368 1323 597
f 1368 1370 1327
f 1324 1325 1378
f 1328 1323 1327
f 1323 1328 1326
f 1377 2293 2290
f 1379 1330 1233
f 1291 1331 1289
f 1342 1305 1423
f 1290 1330 1331
f 1379 1331 1330
f 1335 1300 1214
f 1333 1300 1334
f 1300 1298 1334
f 1303 1334 1298
f 1329 1335 1894
f 1300 1335 2391
f 1329 1337 1335
f 2391 1337 1336
f 1338 2334 2392
f 1285 1309 1338
f 1340 1308 1307
f 1305 1342 1341
f 1262 1305 1341
f 1302 1340 1307
f 1375 1423 1233
f 1375 1233 1417
f 1262 1341 1302
f 1426 1381 1343
f 1379 1423 1305
f 1308 1340 1343
f 1345 1344 615
f 616 1345 615
f 1277 1345 1276
f 1346 1352 1486
f 1313 1545 1617
f 1493 1494 1591
f 1431 1429 1383
f 1384 1348 1429
f 1351 1177 1178
f 1429 1349 1347
f 1177 1350 1176
f 1348 1350 1349
f 1349 1177 1351
f 1434 1178 1179
f 1349 1351 1347
f 1314 1385 1344
f 1345 1314 1344
f 1384 1385 1314
f 1344 1385 1346
f 1386 1352 1432
f 1388 1547 1661
f 1387 1548 609
f 1430 1347 1390
f 1694 1709 1708
f 1444 1394 1443
f 1455 1456 1459
f 1407 1409 1280
f 1359 1195 1196
f 1197 1463 1976
f 1389 1466 1467
f 1362 1189 1365
f 1187 1188 1361
f 1322 1364 1321
f 1364 1194 1321
f 1321 1194 1363
f 1364 1322 1193
f 1281 1322 1406
f 1281 1193 1322
f 1283 1365 1190
f 1406 1322 1407
f 598 599 1460
f 1327 1370 1324
f 1734 1210 1211
f 1482 1543 1415
f 1369 1368 853
f 961 1366 1369
f 1370 1366 1324
f 1371 1373 1475
f 1373 1520 1457
f 1417 1233 1332
f 1520 1371 1376
f 1418 1417 2333
f 1417 1374 1375
f 1332 1297 2333
f 1417 1418 1374
f 1478 1339 1479
f 1480 1423 1375
f 1476 1375 1374
f 1472 1366 1460
f 596 1377 1284
f 2293 1377 1326
f 1295 1378 1294
f 1324 1378 1327
f 2392 1329 1215
f 1289 1379 1264
f 1331 1379 1289
f 1338 2330 1311
f 1309 2330 1338
f 1380 1426 1421
f 1426 1343 1339
f 1381 1426 1425
f 1427 1486 1487
f 1489 1487 1428
f 1430 1429 1347
f 1385 1384 1432
f 1547 1591 1546
f 1389 1180 1181
f 1466 1182 1403
f 1434 1353 1390
f 1351 1178 1434
f 1389 1353 1180
f 1523 1353 1389
f 1429 1430 1383
f 1351 1434 1347
f 1347 1434 1390
f 2394 1390 1353
f 1503 1202 1438
f 1550 1391 1495
f 1197 1198 1497
f 1392 1498 1499
f 1442 1393 1439
f 1447 880 606
f 1507 1508 1506
f 1204 1395 1554
f 1208 1367 1413
f 1597 1557 1442
f 1393 1440 1439
f 1556 1395 1396
f 1204 1554 1441
f 1448 602 844
f 1449 844 603
f 2341 1320 1458
f 1448 1397 602
f 1458 1397 2341
f 1449 1450 1448
f 1194 1400 1363
f 1196 1463 1464
f 1401 1195 2336
f 1522 1359 1464
f 1465 1184 1185
f 1404 1185 1186
f 1403 1527 1467
f 1182 1466 1181
f 1465 1360 1184
f 1182 1183 1403
f 2337 2338 1361
f 1404 1402 1465
f 1280 1411 1586
f 1186 2338 1404
f 1525 1402 1404
f 1362 1405 1524
f 1406 1405 1365
f 1407 1322 1321
f 1409 1407 1321
f 1407 1280 1408
f 1409 1321 1363
f 1470 1408 1280
f 1405 1408 1524
f 1363 1410 1409
f 1400 1401 1410
f 1411 1280 1409
f 1542 1413 1367
f 1414 1416 1412
f 1206 1396 1205
f 1543 1416 1414
f 1543 1414 1415
f 1209 1415 1414
f 1543 1484 1474
f 1367 1208 1412
f 1207 1208 1413
f 1324 1366 1472
f 1369 1366 1370
f 1376 1324 1472
f 2333 1417 1332
f 1475 1325 1371
f 2333 1475 1418
f 1566 1418 1475
f 1374 1418 1372
f 1419 1374 1372
f 1374 1419 1477
f 1566 1372 1418
f 1374 1477 1476
f 1375 1476 1480
f 1479 1339 1340
f 1478 1480 1476
f 1477 1483 1422
f 1478 1421 1339
f 1421 1420 1735
f 1421 1735 1380
f 1422 1735 1420
f 1420 1476 1477
f 1735 1422 1482
f 1233 1423 1379
f 1426 1339 1421
f 1425 1426 1380
f 1489 1427 1487
f 613 1486 1427
f 1487 1352 1386
f 1486 1352 1487
f 1383 1545 1431
f 1490 1530 1491
f 1432 1431 1313
f 1384 1429 1431
f 1432 1313 1616
f 1385 1432 1352
f 1493 1387 610
f 1548 1433 608
f 1466 1389 1181
f 1353 1434 1179
f 1490 2394 1530
f 1467 1527 1583
f 1435 1523 1583
f 2394 1353 1523
f 1389 1467 1523
f 1523 1435 2394
f 1436 1438 1437
f 1438 1920 1437
f 1498 1437 1440
f 1438 1436 1503
f 1439 1440 1203
f 1441 1442 1439
f 1498 1440 1393
f 1442 1441 1554
f 1505 1355 1498
f 1597 1442 1554
f 1393 1442 1557
f 1444 1443 605
f 1445 1443 1394
f 840 841 2335
f 893 1445 1560
f 1447 1446 880
f 606 607 1518
f 1358 1446 1517
f 1395 1205 1396
f 1207 1413 1396
f 1413 1542 1473
f 1449 1448 844
f 1399 1449 603
f 1449 1399 1450
f 603 604 1399
f 1399 1451 1450
f 1519 1565 1452
f 1399 1561 1451
f 1452 1565 2341
f 1450 1451 1452
f 2341 1565 1320
f 1448 2341 1397
f 1452 2341 1450
f 1448 1450 2341
f 1453 1320 1454
f 1398 1458 1459
f 1458 1398 1397
f 1453 1424 1455
f 1458 1320 1453
f 1454 1737 1424
f 1453 1454 1424
f 1472 1471 1376
f 1471 1456 1455
f 1453 1455 1459
f 1424 1457 1455
f 2342 1456 1460
f 1398 1459 2342
f 1521 1566 1373
f 1459 1458 1453
f 2342 1459 1456
f 599 2342 1460
f 1460 1471 1472
f 598 1460 1366
f 1398 2342 600
f 1461 1462 1410
f 1401 1461 1410
f 1463 1196 1976
f 1359 1196 1464
f 1497 1198 1496
f 1497 1553 1463
f 1552 1551 1594
f 1553 1464 1463
f 1522 1464 1571
f 1404 1465 1185
f 1360 1465 1402
f 1467 1466 1403
f 1583 1523 1467
f 1470 1524 1408
f 1280 1586 1470
f 1470 2337 1524
f 1538 1536 1469
f 1576 1534 1462
f 1410 1462 1409
f 1586 1534 1538
f 1586 1538 1469
f 1541 1470 1469
f 1456 1471 1460
f 2393 1614 1649
f 1396 1413 1473
f 1555 1556 1647
f 1556 1396 1473
f 1412 1416 1367
f 1416 1474 1367
f 1566 1475 1373
f 1325 1475 2333
f 1566 1569 1372
f 1636 1737 1634
f 1420 1477 1422
f 1476 1420 1478
f 1421 1478 1420
f 1480 1479 1342
f 1423 1480 1342
f 1482 1481 1543
f 1481 1482 1422
f 1484 1485 1614
f 1484 1481 1485
f 1483 1485 1481
f 1385 1352 1346
f 1650 1487 1386
f 1489 1488 612
f 1654 1488 1428
f 1428 1488 1489
f 1490 1430 1390
f 2394 1490 1390
f 1491 1492 1490
f 1491 2344 1492
f 1545 1313 1431
f 1591 1494 1652
f 611 1493 610
f 611 1494 1493
f 609 1548 608
f 1550 1495 1200
f 1201 1550 1200
f 1496 1495 1391
f 1197 1497 1463
f 1552 1497 1496
f 1553 1497 1552
f 1393 1557 1505
f 1498 1355 1499
f 1501 1621 1354
f 1392 1499 1502
f 1502 1499 1500
f 1436 1392 1501
f 1316 1502 2343
f 1392 1502 1501
f 1686 1684 1316
f 1920 1203 1440
f 1437 1920 1440
f 1503 1354 1549
f 1501 1354 1436
f 1354 1503 1436
f 1555 1597 1554
f 1732 1597 1555
f 1558 1504 1557
f 1393 1505 1498
f 1733 1355 1505
f 605 840 1444
f 1507 1394 1508
f 1509 1507 1506
f 1559 2335 1446
f 1508 1559 1506
f 1506 1559 1723
f 1508 1444 2335
f 1723 1559 1358
f 1509 1357 1507
f 1515 1451 1511
f 1445 1513 1560
f 1317 1514 1512
f 1510 1357 1512
f 1513 1510 1511
f 1317 1512 1509
f 1509 1512 1357
f 1512 1736 1510
f 1736 1512 1514
f 1562 1514 1710
f 1563 1515 1736
f 1451 1515 1563
f 1515 1511 1510
f 1447 1516 1517
f 1388 1661 1672
f 1516 1447 1518
f 1516 2355 1517
f 606 1518 1447
f 607 1433 1518
f 1637 1598 1625
f 1710 1712 1562
f 1519 1452 1563
f 1519 1598 1565
f 1471 1520 1376
f 1457 1520 1455
f 1455 1520 1471
f 1372 1569 1567
f 1359 1522 1573
f 1576 1462 2339
f 1461 1401 2336
f 1571 1572 1522
f 1524 2337 1361
f 1362 1524 1361
f 1539 1525 1536
f 1402 1525 1526
f 1527 2395 1609
f 1609 2395 1526
f 1491 1530 1531
f 1589 1610 1609
f 2344 1531 1533
f 1530 1529 1531
f 1531 1529 1532
f 1491 1531 2344
f 1609 1612 1528
f 1584 1533 1532
f 1608 1533 1278
f 2339 1577 1576
f 1534 1576 1468
f 1534 1468 1538
f 1462 1534 1411
f 1468 1537 1538
f 1536 1525 1541
f 1470 1586 1469
f 1534 1586 1411
f 1468 1576 1575
f 1540 1589 1535
f 1469 1536 1541
f 1539 1536 1535
f 1535 1536 1538
f 1535 1538 1537
f 1539 1535 1589
f 1525 1539 1526
f 1535 1537 1540
f 1528 1612 1613
f 1581 1579 1582
f 1470 1541 2337
f 1474 1542 1367
f 1484 1543 1481
f 1568 1614 1485
f 1649 1614 1615
f 1492 1383 1430
f 1383 1492 1545
f 1585 1492 2344
f 1651 1643 1669
f 1494 1488 1654
f 1545 1492 1585
f 1490 1492 1430
f 1388 1433 1548
f 1494 611 1488
f 1547 1548 1387
f 1591 1547 1387
f 1547 1620 1661
f 1354 1621 2347
f 2347 1550 1549
f 1391 1550 2347
f 1551 1496 1391
f 1391 1622 1551
f 1594 1596 1571
f 1551 1552 1496
f 1553 1571 1464
f 1555 1554 1395
f 1505 1557 1504
f 1648 2350 1319
f 1559 1508 2335
f 1394 1444 1508
f 1358 1559 1446
f 1445 1394 1513
f 1357 1513 1394
f 1560 1513 1511
f 1357 1510 1513
f 1511 1561 1560
f 1399 604 1561
f 1560 604 893
f 1451 1561 1511
f 1672 1516 1388
f 1516 1518 1433
f 1451 1563 1452
f 1598 1564 1624
f 1563 1564 1519
f 1565 1637 1320
f 1637 1565 1598
f 1569 1566 1521
f 1520 1373 1371
f 1521 1373 1457
f 1737 1631 1632
f 1419 1567 1483
f 1567 1569 1570
f 1568 1570 1544
f 1567 1570 1485
f 1634 1570 1569
f 1594 1571 1552
f 1572 1571 1596
f 1572 1578 1599
f 1599 1573 1522
f 1461 1573 2339
f 2339 1599 1577
f 1468 1575 1537
f 1579 1574 1578
f 1575 1576 1574
f 1573 1599 2339
f 1574 1576 1577
f 1574 1577 1578
f 1356 1675 1677
f 1574 1581 1575
f 1574 1579 1581
f 1578 1572 1600
f 1579 1578 1600
f 1676 1689 1679
f 1601 2345 1540
f 1640 1641 1679
f 1537 1575 1601
f 1527 1403 2395
f 1527 1528 1583
f 1435 1583 1528
f 1584 1532 1588
f 1532 1587 1588
f 1643 1608 1278
f 2397 1585 1608
f 1585 1617 1545
f 2344 1608 1585
f 1532 1533 1531
f 1608 2344 1533
f 1610 1589 1540
f 1609 1610 1612
f 1584 1588 2346
f 1587 1532 1529
f 1612 1610 1611
f 1611 1588 1587
f 1526 1589 1609
f 1539 1589 1526
f 1647 1556 1473
f 1615 1568 1544
f 1493 1591 1387
f 1546 1591 1652
f 1619 1546 1315
f 1653 1315 1652
f 1546 1619 1620
f 1546 1620 1547
f 1388 1548 1547
f 1354 2347 1549
f 1551 1595 1594
f 1600 1596 1356
f 1596 1595 1356
f 1595 1596 1594
f 1557 1597 1558
f 604 1560 1561
f 1562 1624 1564
f 1564 1598 1519
f 1625 1598 1624
f 1569 1521 1634
f 1572 1599 1522
f 1577 1599 1578
f 1596 1600 1572
f 1581 1601 1575
f 1607 1638 1639
f 1582 1639 1638
f 1607 1580 1605
f 1278 1584 1603
f 1619 1671 1657
f 1643 1603 1602
f 1602 1669 1643
f 1606 2346 1604
f 1580 1639 1640
f 1604 2400 1606
f 1605 1604 2346
f 1611 1645 1588
f 1605 1580 1664
f 2399 1657 1671
f 1645 1605 2346
f 1527 1609 1528
f 1610 1540 2345
f 1612 1587 1613
f 1610 2345 1611
f 2345 1638 1644
f 1435 1613 1529
f 1648 1647 1646
f 1615 1614 1568
f 1627 1615 1544
f 1649 1615 1633
f 1432 1616 1386
f 1617 1616 1313
f 1590 1617 2397
f 1616 1617 1590
f 1652 1315 1546
f 1655 1671 1619
f 1656 1620 1619
f 1656 1672 1661
f 1622 1391 2347
f 1595 1551 1673
f 1662 1622 2347
f 1673 1551 1622
f 1673 1622 1662
f 1658 1680 1699
f 1356 1595 1674
f 1562 1626 1624
f 1624 1626 1663
f 1625 1631 1637
f 2348 1627 1632
f 1716 1712 1710
f 1663 1626 1718
f 1627 1544 1632
f 1627 2348 1629
f 1663 2349 1628
f 1635 1633 1629
f 2348 1628 1629
f 1628 1625 1663
f 1712 1715 1718
f 1648 1319 1647
f 1630 1629 2349
f 1635 1629 1630
f 1737 1454 1631
f 1632 1631 2348
f 1634 1632 1544
f 1615 1627 1633
f 1629 1633 1627
f 1634 1544 1570
f 1646 2396 1648
f 1635 1648 2396
f 1521 1636 1634
f 1637 1454 1320
f 1454 1637 1631
f 1607 1639 1580
f 1681 1666 1668
f 1640 1664 1580
f 1641 1639 1582
f 1665 1664 1666
f 1579 1600 1677
f 1678 1582 1579
f 1641 1640 1639
f 1641 1676 1679
f 1356 1674 1675
f 1595 1673 1674
f 1659 1603 1606
f 1603 1643 1278
f 1604 1605 1664
f 1644 1638 1607
f 1585 2397 1617
f 1612 1611 1587
f 1645 1611 1644
f 1644 1607 1645
f 1605 1645 1607
f 2346 1588 1645
f 1529 1613 1587
f 1646 1647 1473
f 1647 1319 1555
f 1630 1714 2350
f 1649 2396 2393
f 1635 1649 1633
f 1650 1654 1428
f 1654 1618 1652
f 1487 1650 1428
f 1651 1618 1590
f 1618 1654 1650
f 1643 2397 1608
f 1651 1669 1653
f 1650 1590 1618
f 1654 1652 1494
f 1653 1652 1618
f 1651 1653 1618
f 1655 1619 1315
f 1655 1315 1653
f 1669 1655 1653
f 1619 1657 1656
f 1657 1658 1593
f 1658 1657 1592
f 1660 1592 2399
f 1657 1593 1656
f 1593 1658 1670
f 1659 1671 1602
f 1659 1602 1603
f 1660 2399 2400
f 1656 1661 1620
f 1672 1656 1593
f 1593 2401 1672
f 1358 1517 1738
f 1663 1718 2349
f 1625 1624 1663
f 1604 1664 1665
f 1679 1666 1640
f 1660 1665 1681
f 1604 1665 2400
f 1666 1681 1665
f 1640 1666 1664
f 1682 1668 1666
f 1666 1679 1682
f 1668 1667 1687
f 1655 1669 1602
f 1680 1658 1592
f 1602 1671 1655
f 1683 2401 2398
f 1621 1316 1662
f 1675 1674 1642
f 1642 1676 1675
f 1678 1677 1675
f 1642 1689 1676
f 1676 1641 1678
f 1356 1677 1600
f 1675 1676 1678
f 1582 1678 1641
f 1579 1677 1678
f 1667 1693 1687
f 1687 1681 1668
f 1592 1660 1680
f 1689 1682 1679
f 1668 1682 1690
f 1683 2398 1739
f 1672 1683 2355
f 2421 1623 1642
f 1662 1684 2421
f 2354 2403 1726
f 1685 1686 2343
f 1692 1686 1685
f 1699 1680 1687
f 1681 1687 1680
f 1688 1670 1699
f 1318 2398 1688
f 1670 1658 1699
f 1668 1690 1667
f 1689 1690 1682
f 2351 1692 2352
f 1667 1690 2352
f 1689 1623 1690
f 2351 1686 1692
f 1691 1692 1279
f 1693 1667 1691
f 1719 1720 1721
f 1692 1685 1695
f 1692 1695 1279
f 1719 1699 1693
f 1685 2353 2354
f 1514 1697 1710
f 1696 1708 1697
f 1317 1697 1514
f 1696 1694 1708
f 1355 1500 1499
f 2353 2343 1500
f 1705 1703 1704
f 1697 1317 1696
f 1500 1355 1698
f 1505 1504 1733
f 1720 1691 1279
f 1699 1687 1693
f 1694 1696 1703
f 1719 1721 1725
f 1703 1696 1704
f 1702 1725 1700
f 1317 1509 1704
f 1703 1705 1702
f 1707 1706 1727
f 1500 1698 2353
f 2353 1698 1727
f 1702 1701 1694
f 1695 1701 1700
f 1701 1695 1726
f 1701 1702 1700
f 1725 1702 1705
f 1688 1699 1719
f 1700 1279 1695
f 1694 1703 1702
f 1317 1704 1696
f 1506 1722 1509
f 1722 1704 1509
f 1722 1705 1704
f 1701 2402 1694
f 1727 2354 2353
f 1706 1713 1709
f 1626 1712 1718
f 1712 1626 1562
f 1713 1716 1709
f 2402 1726 2403
f 1727 2403 2354
f 1710 1708 1716
f 1706 1730 1713
f 1716 1708 1709
f 1708 1710 1697
f 1319 1728 1732
f 1712 1716 1715
f 1730 1706 1707
f 1711 1715 1713
f 2349 1714 1630
f 1728 2350 1714
f 1733 1731 1707
f 1731 1729 1730
f 1711 1717 1715
f 1717 1718 1715
f 1731 1504 1558
f 1713 1715 1716
f 1728 1717 1711
f 1718 1717 1714
f 2349 1718 1714
f 1720 1719 1693
f 1688 1719 1725
f 1693 1691 1720
f 1279 1700 1721
f 1725 1721 1700
f 1279 1721 1720
f 1723 1722 1506
f 1723 1738 1739
f 1738 1723 1358
f 1705 1722 1724
f 1724 1722 1723
f 1724 1723 1739
f 1724 1725 1705
f 1318 1725 1724
f 1725 1318 1688
f 1726 2402 1701
f 1685 2354 1695
f 1706 2403 1727
f 1733 1707 1698
f 1635 1630 1648
f 1714 1717 1728
f 1711 1729 1728
f 1729 1732 1728
f 1730 1729 1711
f 1732 1729 1558
f 1713 1730 1711
f 1730 1707 1731
f 1504 1731 1733
f 1558 1729 1731
f 1558 1597 1732
f 1728 1319 2350
f 1319 1732 1555
f 1727 1698 1707
f 1355 1733 1698
f 1425 1380 1734
f 1380 1735 1734
f 1415 1734 1482
f 1735 1482 1734
f 1613 1435 1528
f 1530 1435 1529
f 1736 1564 1563
f 1514 1562 1736
f 1564 1736 1562
f 1634 1737 1632
f 1424 1737 1636
f 1672 2355 1516
f 1724 1739 1318
f 1794 1282 1192
f 1758 1794 1192
f 1364 1856 1855
f 1216 1852 1759
f 1193 1856 1364
f 1855 1194 1364
f 1973 1199 1198
f 1770 1769 1792
f 1852 1216 1215
f 1282 1794 1795
f 1756 1820 1757
f 1750 1982 1751
f 1809 1854 1785
f 2301 1793 1779
f 1201 1923 1503
f 1770 1792 1785
f 1883 1922 1920
f 1788 1773 1772
f 1503 1923 1996
f 1791 1793 1771
f 1848 1806 2296
f 1758 1757 1794
f 1928 1208 1207
f 1933 1204 2004
f 1776 1810 1780
f 1412 1208 1930
f 1209 1866 1210
f 1790 1778 1760
f 2087 1775 2081
f 1762 1761 1803
f 1777 1786 84
f 1793 1772 1771
f 1781 1764 1786
f 1382 1381 1865
f 1783 2294 1763
f 1832 1865 1899
f 85 1786 1764
f 1206 1205 1931
f 1761 1760 1778
f 1781 1774 1839
f 1193 1282 1795
f 1790 1759 1852
f 2359 2332 1894
f 1787 1777 83
f 1762 1803 1783
f 1786 1774 1781
f 2410 2192 2222
f 1787 1763 2294
f 83 1777 84
f 1786 85 84
f 1780 1792 1769
f 1213 1835 1333
f 1912 1914 1748
f 2004 1204 1441
f 1820 1794 1757
f 1912 1747 1937
f 1745 1888 1746
f 1741 1740 2358
f 1195 2035 1196
f 1934 1888 1745
f 1994 2356 15
f 1799 1861 2358
f 1827 1743 1742
f 1987 1915 2356
f 1788 2295 1773
f 1742 1741 1831
f 1861 24 23
f 1803 1761 1778
f 2358 1829 1831
f 14 13 1916
f 1799 1740 27
f 1826 1862 1955
f 1862 1826 23
f 27 26 24
f 1794 1820 1795
f 25 24 26
f 24 1799 27
f 19 1891 238
f 1790 1760 1759
f 1777 1787 2294
f 1780 1768 1802
f 21 2303 2018
f 22 21 1890
f 1799 2358 1740
f 1827 1742 1831
f 1802 1782 1840
f 2301 1808 2295
f 1772 1793 2297
f 1773 2298 2299
f 1838 1839 1774
f 1211 1958 1900
f 1 1784 2405
f 1 2300 1784
f 1778 1790 1789
f 1770 1785 1791
f 1781 1765 1764
f 1781 1839 1765
f 1786 1777 1774
f 1839 1766 1765
f 1842 1784 2404
f 1810 1792 1780
f 1763 1787 82
f 1769 1768 1780
f 1971 1756 1755
f 1904 1963 1835
f 1885 10 229
f 1802 1768 1767
f 1839 1782 1766
f 83 82 1787
f 1926 1886 1925
f 1854 1816 2357
f 1215 1329 2332
f 1783 1763 1762
f 1875 5 4
f 1801 1848 1851
f 1886 1926 2079
f 1867 1906 1964
f 1766 1782 1767
f 275 5 1867
f 1924 1927 2008
f 1841 1872 1840
f 1881 1916 1991
f 2294 1774 1777
f 1382 1902 1212
f 1782 1839 1838
f 1869 1803 1836
f 1782 1802 1767
f 1802 1840 1776
f 1778 1789 1803
f 1872 1811 1810
f 1842 1804 1784
f 1842 1806 1804
f 1845 3 2405
f 1806 1842 1843
f 1804 1805 1845
f 2296 1846 1848
f 1845 1805 1844
f 234 3 1845
f 1807 1215 2332
f 1808 2301 1779
f 2238 2239 1779
f 2295 1808 1850
f 1810 1811 1813
f 1809 1785 1792
f 1816 1813 1815
f 1872 1810 1776
f 1810 1813 1809
f 1814 1811 1873
f 2359 1864 1817
f 1812 1817 1864
f 1813 1811 1814
f 1897 1815 1812
f 1814 1873 1868
f 1812 1813 1814
f 1864 2250 1897
f 1898 1818 1815
f 1812 1815 1813
f 1815 1818 1816
f 1818 2357 1816
f 1809 1816 1854
f 1812 1814 1817
f 1813 1816 1809
f 2357 1818 2242
f 2357 1819 1854
f 1980 1194 1855
f 1879 1911 1754
f 1754 1753 1879
f 1197 1976 1877
f 1748 1914 1749
f 1882 2362 1991
f 1944 2020 2178
f 2419 1923 2413
f 1744 1827 1889
f 2016 1858 2015
f 1954 2064 2065
f 1955 1862 22
f 1828 1827 1831
f 1828 1831 1829
f 2065 1830 1954
f 1828 1829 1957
f 2103 1938 1935
f 1830 1889 1828
f 1830 1936 1889
f 1831 1741 2358
f 1214 1863 1894
f 1899 1381 1425
f 1865 1960 1902
f 1866 1958 1210
f 1844 1849 1875
f 1212 1902 1904
f 1898 1815 1897
f 1802 1776 1780
f 1872 1776 1840
f 1789 1853 1868
f 1872 1841 1873
f 1782 1838 1840
f 1869 1870 1803
f 1840 1838 1837
f 1838 1774 1871
f 1840 1837 1841
f 1869 1841 1837
f 1873 1836 1868
f 1843 1842 2298
f 1843 2298 2295
f 1847 1801 1849
f 4 1845 1844
f 1848 1801 1847
f 1805 1806 1847
f 1848 1847 1806
f 1874 1801 1851
f 1805 1847 1844
f 1848 1846 1851
f 1834 1905 1849
f 1844 1847 1849
f 1843 1850 2296
f 1850 1966 2296
f 2295 1850 1843
f 2241 1966 1850
f 1966 1967 1965
f 2241 1850 1808
f 1967 1966 2241
f 1907 1851 1846
f 1852 1807 1853
f 1852 1215 1807
f 1810 1809 1792
f 1814 1868 1817
f 1790 1853 1789
f 1817 1853 1807
f 1852 1853 1790
f 1791 1785 1819
f 1856 1968 1855
f 2095 1975 1857
f 1795 1856 1193
f 1971 1820 1756
f 1877 1974 1197
f 1401 1400 1979
f 2038 2037 1910
f 1917 12 11
f 1921 1883 1920
f 2002 1999 2000
f 1883 1921 1997
f 1885 1924 1859
f 1964 274 275
f 1929 2009 1928
f 2057 1824 2119
f 2340 1203 1922
f 1937 1747 1746
f 1892 1952 1891
f 1915 268 16
f 1950 1946 1947
f 24 1861 1799
f 1861 23 1826
f 1890 1955 22
f 1955 1890 2022
f 1895 1214 1333
f 1864 1863 2250
f 1807 2359 1817
f 1863 1864 2359
f 1898 1897 1963
f 1865 1381 1899
f 1865 1832 1960
f 1900 1425 1211
f 1901 1960 1832
f 1212 1904 1213
f 1900 1958 1833
f 1867 5 1875
f 1905 1906 1867
f 1904 1835 1213
f 1789 1868 1836
f 1853 1817 1868
f 1841 1836 1873
f 1870 1869 1837
f 1838 1871 1837
f 1870 1783 1803
f 1774 2294 1871
f 1837 1871 1870
f 1873 1811 1872
f 1869 1836 1841
f 1845 4 234
f 1875 4 1844
f 1849 1874 1834
f 2092 2030 2091
f 1875 1849 1905
f 2030 2087 2088
f 2203 2162 2199
f 1908 1973 2034
f 1978 1195 1401
f 1857 1909 2035
f 1981 2036 1878
f 1911 1879 1983
f 2361 1752 1751
f 1880 2361 1910
f 2369 1983 1984
f 1911 1971 1755
f 1750 1749 1914
f 1910 2361 1982
f 1982 1913 2038
f 15 14 1916
f 1991 1990 1881
f 1921 1920 1202
f 2413 1201 1200
f 1924 9 8
f 1925 8 7
f 2097 2363 1919
f 1882 1917 1919
f 1924 1885 9
f 2008 1859 1924
f 2045 1885 1859
f 1925 1927 1924
f 1929 1207 1206
f 2010 1930 2009
f 2057 2058 2011
f 2076 1866 2054
f 2012 2059 1932
f 1934 1745 1744
f 1744 1743 1827
f 1985 2014 2015
f 1858 1912 1985
f 1889 1827 1828
f 20 1952 1951
f 1941 19 18
f 2408 18 294
f 1892 1891 1943
f 1940 1951 2021
f 238 1952 20
f 1941 1891 19
f 268 1915 1989
f 2408 1942 1941
f 1956 2022 1954
f 1826 1956 1829
f 2359 1894 1863
f 1835 1895 1333
f 1963 2250 1835
f 1214 1895 1863
f 1863 1895 2250
f 2250 1895 1835
f 1904 1902 1962
f 1864 1897 1812
f 2250 1963 1897
f 1818 1898 1896
f 1818 1896 2242
f 1900 1899 1425
f 1211 1210 1958
f 1959 1900 1833
f 1901 1832 1959
f 1865 1902 1382
f 1903 1901 2026
f 1896 1898 2407
f 1960 1962 1902
f 1906 1905 1834
f 1875 1905 1867
f 274 2027 6
f 1870 1871 1783
f 1874 1849 1801
f 2247 1834 1874
f 2092 1874 1851
f 1965 1907 1846
f 1907 2087 2030
f 1969 1968 1795
f 1968 1970 2031
f 2034 1973 1974
f 2035 1978 1857
f 1978 1979 1981
f 1979 2036 1981
f 1753 2361 1880
f 1751 1982 2361
f 1982 2038 1910
f 2205 2203 2204
f 1971 1972 1970
f 1754 1911 1755
f 1748 1747 1912
f 1914 2044 1913
f 1985 1912 1937
f 2044 1914 1912
f 1913 1982 1750
f 2062 1988 2061
f 268 1989 17
f 13 1991 1916
f 1917 1882 1991
f 1991 13 12
f 1919 1917 11
f 10 1918 1919
f 12 1917 1991
f 1885 1918 10
f 2097 1918 2045
f 1995 2166 1990
f 2097 1919 1918
f 1882 1919 2363
f 1922 1203 1920
f 1202 1503 1996
f 1931 1205 1933
f 2413 1923 1201
f 1200 1199 2006
f 2049 1923 2419
f 1925 1924 8
f 1926 1925 7
f 7 6 1926
f 1886 2007 1927
f 2008 1927 2052
f 1886 1927 1925
f 1929 1928 1207
f 1930 1928 2009
f 1931 1929 1206
f 1932 2009 1929
f 1412 2053 1414
f 2053 1930 2011
f 1932 1931 1887
f 1933 2055 1887
f 1887 2012 1932
f 1929 1931 1932
f 1204 1933 1205
f 1887 1931 1933
f 1889 1934 1744
f 1888 1934 1935
f 1889 1936 1934
f 2103 1935 1936
f 1934 1936 1935
f 1888 1937 1746
f 1938 2014 1935
f 1938 2015 2014
f 1938 2103 1939
f 2017 1986 2016
f 2024 2023 2066
f 1858 2016 1986
f 1951 2018 2303
f 1890 21 2018
f 2408 1941 18
f 17 2408 294
f 1989 2408 17
f 1893 1942 2408
f 1988 1893 1989
f 1947 1945 1942
f 1942 1893 1947
f 1943 1945 2406
f 1941 1943 1891
f 1950 1947 1893
f 1945 1943 1942
f 1941 1942 1943
f 1947 1946 1945
f 2020 1944 1946
f 2367 1798 2190
f 1944 1945 1946
f 1944 2178 2141
f 2172 2173 2175
f 1949 1950 2062
f 1950 1949 2063
f 20 1951 2303
f 2021 1951 1952
f 1952 238 1891
f 1953 2022 1890
f 1953 1890 2018
f 1954 2022 2064
f 1954 1957 1956
f 1955 2022 1956
f 1957 1954 1830
f 1955 1956 1826
f 1828 1957 1830
f 1829 1956 1957
f 1833 1958 2078
f 1959 1833 2084
f 1899 1900 1959
f 1959 1832 1899
f 1901 1903 1960
f 1962 1960 1903
f 2026 1961 1903
f 1963 1962 2407
f 2407 1962 1903
f 1904 1962 1963
f 1867 1964 275
f 2027 1964 1906
f 2249 1834 2247
f 1965 1846 1966
f 1965 1775 2087
f 2296 1966 1846
f 2244 2241 2239
f 1965 1967 1775
f 2302 2243 2244
f 1907 1965 2087
f 2087 2029 2088
f 2247 2092 2091
f 1969 1795 1820
f 1968 1969 1970
f 1971 1969 1820
f 2031 1970 1876
f 1979 1980 2036
f 1971 1911 1972
f 1969 1971 1970
f 1983 1972 1911
f 1876 1972 2369
f 1974 1973 1198
f 2006 1973 1908
f 1197 1974 1198
f 1975 1909 1857
f 2035 1909 1976
f 1976 1909 1877
f 2094 1909 1975
f 2161 2133 1977
f 2123 2411 1821
f 1978 2035 1195
f 1977 1857 1981
f 1978 1401 1979
f 1857 1978 1981
f 1980 1979 1400
f 1194 1980 1400
f 1980 1855 2032
f 1977 1981 1878
f 2360 1880 1910
f 1910 2037 2042
f 2360 2042 1984
f 1972 1983 2369
f 2360 1984 1983
f 1985 1937 2014
f 2015 1858 1985
f 1912 1858 2044
f 2416 1986 2017
f 1858 1986 2044
f 1913 1750 1914
f 1988 1989 1915
f 1989 1893 2408
f 2061 1988 1915
f 1893 1988 2062
f 2362 1995 1990
f 1993 1990 2166
f 1990 1991 2362
f 2138 2139 2136
f 1993 1881 1990
f 2251 1993 1992
f 1881 1993 2253
f 2135 1992 2111
f 1916 1994 15
f 2046 2097 2045
f 1882 2363 2362
f 1202 1996 2048
f 2048 1921 1202
f 1999 1997 2001
f 2206 2208 1823
f 1921 2048 1997
f 2000 1999 1998
f 2049 1996 1923
f 1999 2001 2420
f 1999 2002 1997
f 2001 2049 2211
f 2001 2048 2049
f 2050 2002 2279
f 2000 2269 2005
f 2005 2002 2000
f 2279 2002 2005
f 2050 1922 1883
f 2275 2270 2412
f 1884 2056 2003
f 2050 2003 1922
f 1441 2340 2004
f 2267 2005 2269
f 2005 2278 2279
f 2266 2413 2006
f 1200 2006 2413
f 1973 2006 1199
f 1886 2079 2007
f 1927 2007 2052
f 2008 2051 2046
f 1932 2059 2009
f 2011 2054 2053
f 1930 2010 2011
f 2057 2011 2010
f 2054 2011 2058
f 2053 2054 1209
f 1800 2075 2076
f 1209 1414 2053
f 1866 1209 2054
f 2055 1933 2004
f 2055 2056 2259
f 1860 2259 2258
f 2013 2059 2060
f 2059 2012 2060
f 1888 2014 1937
f 1935 2014 1888
f 2016 2015 2069
f 2067 1939 2066
f 2037 2039 2041
f 1953 2018 1940
f 1951 1940 2018
f 2368 1940 2021
f 2061 1987 2252
f 2101 2062 2061
f 1946 1950 2063
f 1892 2409 1952
f 2064 2022 1953
f 1830 2065 1936
f 1958 1866 2025
f 2025 2075 2078
f 2078 1958 2025
f 2104 1833 2078
f 1896 1961 2240
f 1964 2027 274
f 2249 1906 1834
f 2090 2091 2030
f 2145 2007 2263
f 2027 1926 6
f 1926 2027 2079
f 1901 2083 2026
f 2087 2081 2029
f 1907 2092 1851
f 2032 2031 2201
f 1968 2032 1855
f 2032 2201 2036
f 2033 2034 1877
f 2094 2411 2033
f 2034 1974 1877
f 2108 2411 2123
f 1976 1196 2035
f 2133 2095 1977
f 2032 2036 1980
f 2201 1878 2036
f 2039 2037 2038
f 2043 2042 2037
f 1984 2042 2205
f 2044 1986 1913
f 2040 2039 2416
f 2041 2040 2096
f 2016 2069 2017
f 2017 2074 2073
f 2096 2151 2109
f 2042 2043 2205
f 2040 2041 2039
f 2043 2037 2041
f 2042 2360 1910
f 2038 1913 1986
f 1885 2045 1918
f 2046 2045 1859
f 2008 2046 1859
f 2047 2046 2163
f 2049 2048 1996
f 1997 2048 2001
f 1997 2002 1883
f 2003 2340 1922
f 2004 2340 2003
f 2266 1908 2414
f 2266 2006 1908
f 2008 2052 2051
f 1930 2053 1412
f 2076 2054 2058
f 2057 2013 1824
f 2055 2259 1860
f 1887 1860 2012
f 2056 2055 2004
f 2003 2056 2004
f 2100 2013 2060
f 2058 2057 2118
f 2057 2010 2013
f 2013 2010 2059
f 2058 2118 2077
f 1824 2182 2146
f 2009 2059 2010
f 2012 2099 2060
f 2100 2099 2112
f 2099 2257 2112
f 1987 2061 1915
f 1893 2062 1950
f 1949 2101 2415
f 2064 2023 2065
f 2023 2024 2065
f 2103 2065 2024
f 2065 2103 1936
f 2023 2191 2190
f 2024 2066 1939
f 2367 2192 2193
f 2068 2017 2069
f 2067 2068 1939
f 2067 2066 1798
f 2068 2067 2070
f 2068 2070 2074
f 1939 2068 2069
f 2074 2070 2072
f 2074 2017 2068
f 2071 2073 2074
f 2071 2074 2072
f 2096 2040 2073
f 2017 2073 2416
f 2076 2075 2025
f 1866 2076 2025
f 2077 2076 2058
f 2077 1800 2076
f 2118 2119 2216
f 1800 2077 2105
f 2080 2027 1906
f 2007 2079 2263
f 2263 2079 2080
f 2027 2080 2079
f 1775 2244 2245
f 2081 2028 2082
f 2084 2104 2028
f 2104 2085 2082
f 2084 2083 1901
f 2246 2083 2028
f 1959 2084 1901
f 1833 2104 2084
f 2075 2085 2078
f 2084 2028 2083
f 2082 2028 2104
f 2075 1800 2085
f 2085 2086 2082
f 2086 2085 1800
f 2086 1800 2105
f 2029 2082 2086
f 2088 2029 2086
f 2030 2088 2090
f 2089 2088 2086
f 2180 2143 2089
f 2088 2089 2090
f 2089 2143 2090
f 2142 2091 2090
f 2092 1907 2030
f 2130 2194 2131
f 2034 2033 2149
f 1909 2094 1877
f 2411 2094 1975
f 2095 1821 1975
f 2094 2033 1877
f 1977 2095 1857
f 2109 2162 2043
f 2151 1796 2109
f 2136 2363 2047
f 2046 2047 2097
f 2138 2136 2110
f 2055 1860 1887
f 1860 2099 2012
f 1824 2013 2100
f 2099 2100 2060
f 2100 2112 2182
f 1822 2113 2415
f 2101 1822 2415
f 2114 1948 2113
f 2101 1949 2062
f 2061 2252 2101
f 2251 2102 1822
f 1993 2111 1992
f 1992 2102 2251
f 2063 2020 1946
f 2063 2116 2365
f 1939 2103 2024
f 2085 2104 2078
f 2144 2180 2181
f 2182 1824 2100
f 2132 2093 2414
f 2129 2108 2107
f 2108 2132 2033
f 2214 2213 2128
f 2051 2187 2163
f 2262 2276 2261
f 1993 2166 2111
f 2165 2139 2138
f 2237 2232 2236
f 2102 2164 2237
f 2102 2113 1822
f 2019 2365 2177
f 2235 2236 2232
f 2116 2115 2167
f 2102 2237 2113
f 2125 2194 2129
f 2116 2167 2177
f 2115 2116 1948
f 2063 1948 2116
f 2236 2115 2114
f 2170 2177 2167
f 2156 2153 2155
f 2167 2168 2140
f 2170 2172 2177
f 2117 2179 2019
f 2105 2089 2086
f 2216 2089 2105
f 2105 2077 2118
f 2105 2118 2216
f 2057 2119 2118
f 2080 1906 2249
f 2181 2180 2217
f 2149 1908 2034
f 2122 2196 2266
f 2107 2108 2123
f 2126 2134 2124
f 2107 2126 2127
f 2174 2214 2173
f 2107 2123 2126
f 2213 2150 2125
f 2194 2125 2131
f 2127 2126 2124
f 2107 2127 2125
f 2123 1821 2126
f 2127 2124 2128
f 2124 1796 2152
f 2152 2151 2155
f 2129 2107 2125
f 2131 2125 2150
f 2188 2130 2131
f 2108 2129 2132
f 2093 2132 2129
f 2201 2031 2202
f 2197 2198 2134
f 1821 2095 2417
f 2417 2134 2126
f 2124 2134 1796
f 2096 2109 2041
f 2109 2043 2041
f 2162 2109 2198
f 2163 2110 2047
f 2052 2186 2185
f 2220 2221 2187
f 2363 2136 1995
f 2110 2136 2047
f 2260 2277 2137
f 2111 2139 2165
f 2189 2172 2170
f 1944 2141 1825
f 1824 2146 2119
f 2181 2106 2144
f 2142 2090 2143
f 2248 2142 2120
f 2142 2143 2144
f 2142 2144 2120
f 2184 2106 2148
f 2217 2146 2147
f 2147 2146 2182
f 2183 2121 2182
f 2148 2147 2121
f 2148 2181 2147
f 2146 2217 2119
f 2148 2121 2219
f 2106 2184 2145
f 2149 2132 2414
f 2214 2176 2173
f 2188 2189 2171
f 2073 2071 2364
f 2151 2152 1796
f 2364 2151 2096
f 2152 2155 2153
f 2124 2152 2128
f 2364 2154 2155
f 2214 2153 2176
f 2152 2153 2128
f 2154 2071 2072
f 2156 2155 2154
f 2156 2154 2418
f 2153 2156 2176
f 2158 2072 2070
f 2366 2418 2160
f 2157 2117 2175
f 2158 2159 2160
f 1798 2367 2159
f 1798 2066 2190
f 2367 2193 2159
f 1798 2159 2158
f 2093 2195 2122
f 1878 2161 1977
f 2162 2198 2199
f 2197 2199 2198
f 2162 2203 2205
f 2221 2163 2187
f 2221 2098 2110
f 2260 2098 2225
f 2166 2139 2111
f 2209 2229 2370
f 2136 2139 1995
f 2139 2166 1995
f 2170 2167 2140
f 2168 2167 2115
f 2206 1823 2195
f 2171 2169 2207
f 2171 2170 2140
f 2189 2173 2172
f 2175 2173 2176
f 2174 2173 2189
f 2174 2150 2213
f 2174 2213 2214
f 2157 2175 2156
f 2177 2117 2019
f 2175 2117 2172
f 2117 2177 2172
f 2365 2178 2020
f 2178 2179 2141
f 2144 2143 2180
f 2216 2180 2089
f 2217 2216 2119
f 2181 2217 2147
f 2106 2181 2148
f 2183 2182 2112
f 2112 2257 2281
f 2182 2121 2147
f 2218 2121 2183
f 2225 2221 2220
f 2187 2051 2185
f 2148 2219 2184
f 2145 2184 2186
f 2185 2184 2219
f 2145 2186 2007
f 2187 2185 2219
f 2052 2185 2051
f 2185 2186 2184
f 2187 2219 2220
f 2186 2052 2007
f 2213 2125 2127
f 2188 2150 2174
f 2188 2171 2130
f 2171 2189 2170
f 2174 2189 2188
f 2064 2191 2023
f 2023 2190 2066
f 2064 1953 2191
f 2222 2367 2190
f 2410 2222 2368
f 2141 2193 1825
f 1825 2193 2192
f 2193 2160 2159
f 2193 2141 2215
f 2193 2215 2160
f 2129 2194 2093
f 2093 2194 2195
f 2122 2195 1823
f 2122 1823 2196
f 2224 2208 2212
f 2206 2130 2207
f 2194 2130 2195
f 2109 1796 2198
f 2134 2198 1796
f 2161 2200 2199
f 2200 2203 2199
f 1878 2200 2161
f 1878 2201 2200
f 1876 2202 2031
f 2201 2202 2200
f 2204 2203 2200
f 2162 2205 2043
f 2369 1984 2204
f 2200 2202 2204
f 2205 2204 1984
f 2168 2236 1797
f 2171 2140 2169
f 2169 2140 2168
f 2168 1797 2169
f 2210 2207 2169
f 2130 2171 2207
f 2210 1797 2223
f 2208 2206 2209
f 2212 2208 2370
f 2000 2226 2269
f 2209 2207 2210
f 2210 2169 1797
f 2229 2209 2210
f 1998 1999 2420
f 1823 2208 2224
f 2212 1998 2420
f 2127 2128 2213
f 2153 2214 2128
f 2215 2157 2366
f 2179 2215 2141
f 2178 2019 2179
f 2216 2217 2180
f 2219 2121 2220
f 2218 2220 2121
f 2220 2218 2225
f 2218 2280 2225
f 2098 2221 2225
f 2163 2221 2110
f 2150 2188 2131
f 1953 1940 2191
f 2368 2191 1940
f 2409 2368 2021
f 2191 2368 2222
f 2191 2222 2190
f 2130 2206 2195
f 2209 2206 2207
f 2212 2370 2227
f 2276 2268 2270
f 2230 2226 2227
f 1797 2235 2223
f 2229 2210 2223
f 2227 1998 2212
f 2224 2196 1823
f 2196 2224 2211
f 2183 2112 2281
f 2260 2225 2280
f 1998 2226 2000
f 2226 2230 2269
f 2230 2227 2370
f 1998 2227 2226
f 2223 2235 2228
f 2231 2233 2228
f 2164 2232 2237
f 2230 2229 2228
f 2230 2370 2229
f 2232 2234 2231
f 2234 2164 2135
f 2135 2265 2412
f 2231 2235 2232
f 2231 2234 2272
f 2223 2228 2229
f 2231 2228 2235
f 2230 2228 2371
f 2164 2234 2232
f 2236 2235 1797
f 2115 2236 2168
f 2113 2237 2114
f 2114 2237 2236
f 2302 2238 2242
f 1779 2239 1808
f 2238 2357 2242
f 2302 2239 2238
f 2244 1967 2241
f 2240 1961 2243
f 2302 2242 2240
f 2239 2241 1808
f 2240 2242 1896
f 1961 2246 2243
f 2245 2028 2081
f 2245 2244 2243
f 1967 2244 1775
f 2239 2302 2244
f 1961 2026 2246
f 2026 2083 2246
f 2245 2081 1775
f 2246 2245 2243
f 2245 2246 2028
f 1791 1779 1793
f 1854 1819 1785
f 2248 2091 2142
f 2264 2080 2249
f 2120 2145 2263
f 2091 2248 2247
f 2248 2264 2247
f 2263 2264 2120
f 2092 2247 1874
f 1972 1876 1970
f 2202 2369 2204
f 2252 1822 2101
f 2253 2251 2252
f 2251 1822 2252
f 1993 2251 2253
f 2253 2252 1987
f 1994 2253 1987
f 2255 2258 2254
f 1884 2259 2056
f 2259 2254 2258
f 2254 2259 1884
f 2279 1884 2050
f 2254 2278 2255
f 2256 2258 2255
f 2258 2257 1860
f 2257 2256 2281
f 2255 2261 2256
f 2258 2256 2257
f 2099 1860 2257
f 2046 2051 2163
f 2261 2260 2280
f 2277 2261 2276
f 2262 2261 2255
f 2264 2263 2080
f 2264 2249 2247
f 2120 2264 2248
f 2154 2364 2071
f 2151 2364 2155
f 1798 2158 2067
f 2070 2067 2158
f 2111 2265 2135
f 2165 2265 2111
f 2419 2266 2196
f 2267 2371 2271
f 2371 2267 2269
f 2371 2269 2230
f 2272 2271 2233
f 2274 2165 2138
f 2267 2271 2268
f 2231 2272 2233
f 2271 2270 2268
f 2412 2272 2234
f 2270 2271 2272
f 2273 2275 2274
f 2137 2274 2138
f 2273 2270 2275
f 2260 2137 2098
f 2273 2274 2137
f 2165 2274 2275
f 2276 2270 2273
f 2165 2275 2265
f 2276 2273 2277
f 2276 2262 2268
f 2137 2277 2273
f 2261 2277 2260
f 2005 2267 2278
f 2135 2412 2234
f 2275 2412 2265
f 2255 2278 2262
f 2279 2278 2254
f 1884 2279 2254
f 2218 2183 2281
f 2256 2280 2281
f 2261 2280 2256
f 2281 2280 2218
f 2282 188 96
f 317 363 316
f 390 363 317
f 699 643 673
f 1096 2287 998
f 811 2284 659
f 2286 964 1043
f 2283 1071 806
f 998 1076 1079
f 2287 1076 998
f 1093 2285 810
f 2287 1096 814
f 1249 2289 1230
f 1235 1232 2290
f 1269 2288 1263
f 595 1284 2291
f 1377 2291 1284
f 1248 1245 1286
f 2292 1229 2289
f 1231 1287 1249
f 2290 2293 1235
f 2293 1288 1235
f 1292 1290 1257
f 1636 1521 1457
f 1636 1457 1424
f 1871 2294 1783
f 2297 2295 1788
f 2297 1793 2301
f 2295 2298 1773
f 1788 1772 2297
f 2300 2299 2404
f 1819 2238 1779
f 1791 1819 1779
f 2296 1806 1843
f 2301 2295 2297
f 1992 2135 2164
f 1992 2164 2102
f 2243 2302 2240
f 105 142 28
f 129 39 120
f 2303 191 193
f 119 128 582
f 223 224 61
f 104 2305 154
f 146 304 148
f 2307 578 107
f 215 2308 214
f 137 169 49
f 172 146 149
f 140 750 199
f 2304 212 126
f 590 593 224
f 273 63 334
f 192 162 193
f 236 162 290
f 217 240 194
f 147 250 200
f 253 170 307
f 223 61 852
f 392 2312 395
f 2313 293 167
f 195 296 297
f 2314 390 391
f 319 2311 186
f 590 224 223
f 2315 2380 380
f 385 384 381
f 389 390 2314
f 132 396 397
f 325 353 417
f 406 458 460
f 420 421 2382
f 325 417 416
f 420 411 431
f 417 412 416
f 424 420 431
f 2316 418 548
f 424 2316 421
f 2317 432 427
f 430 2316 548
f 427 432 426
f 401 399 456
f 459 2307 460
f 2317 423 432
f 489 463 313
f 2319 365 157
f 472 2319 495
f 495 2319 157
f 2318 499 542
f 2320 574 520
f 349 563 527
f 550 2321 551
f 578 2307 579
f 2306 582 183
f 119 2306 155
f 225 591 592
f 754 720 753
f 635 2322 685
f 101 697 48
f 754 753 721
f 665 2322 680
f 2322 743 685
f 783 768 765
f 770 779 772
f 788 2323 919
f 678 791 789
f 792 2324 786
f 2310 921 922
f 817 613 1427
f 761 756 822
f 761 822 766
f 914 966 1114
f 2323 1099 1132
f 2325 906 60
f 788 919 917
f 798 934 972
f 941 1051 940
f 1056 936 1007
f 1120 1056 732
f 1036 1064 1063
f 1080 1081 2326
f 2326 1102 1082
f 2328 2326 1101
f 1163 1160 1165
f 2329 1162 883
f 1247 1225 1254
f 1267 2331 1265
f 1240 1269 1220
f 1183 1360 1403
f 2332 1329 1894
f 1236 1289 1268
f 1310 2330 1263
f 2334 1336 1337
f 1329 2392 1337
f 1311 2334 1338
f 1285 1338 2392
f 2335 1444 840
f 1573 2336 1359
f 2336 1195 1359
f 1404 2338 1525
f 1400 1410 1363
f 1461 2339 1462
f 1543 1474 1416
f 1567 1419 1372
f 2340 1439 1203
f 2342 599 600
f 1541 1525 2337
f 2338 2337 1525
f 1481 1422 1483
f 2343 1686 1316
f 1502 1316 1621
f 1461 2336 1573
f 1483 1567 1485
f 1552 1571 1553
f 1601 1540 1537
f 1581 1582 1638
f 2346 1603 1584
f 1601 1581 1638
f 1601 1638 2345
f 2346 1606 1603
f 1502 1621 1501
f 1662 2347 1621
f 1628 2348 1625
f 2348 1631 1625
f 2349 1629 1628
f 2350 1648 1630
f 1542 1646 1473
f 1651 1590 2397
f 1738 1517 2355
f 2421 1673 1662
f 1316 1684 1662
f 1660 1681 1680
f 1686 2351 1684
f 2351 2352 1623
f 2352 1692 1691
f 2352 1691 1667
f 1684 2351 2421
f 2343 2353 1685
f 2354 1726 1695
f 1683 1738 2355
f 1738 1683 1739
f 2356 16 15
f 2356 1915 16
f 1784 1804 2405
f 1770 1791 1771
f 1804 1806 1805
f 1819 2357 2238
f 1829 2358 1861
f 2332 2359 1807
f 1880 2360 1879
f 1829 1861 1826
f 2361 1753 1752
f 1880 1879 1753
f 1968 1856 1795
f 2360 1983 1879
f 1994 1916 1881
f 2406 1945 1825
f 1994 1987 2356
f 2362 2363 1995
f 1994 1881 2253
f 2340 1441 1439
f 2407 1961 1896
f 2029 2081 2082
f 2411 2108 2033
f 2149 2033 2132
f 2363 2097 2047
f 2063 2365 2020
f 2178 2365 2019
f 2365 2116 2177
f 2115 1948 2114
f 2120 2144 2106
f 1821 2417 2126
f 2417 2133 2197
f 2120 2106 2145
f 2073 2364 2096
f 2158 2160 2418
f 2157 2215 2179
f 2367 2222 2192
f 2368 2409 2410
f 2211 2419 2196
f 2417 2197 2134
f 2369 2202 1876
f 2370 2208 2209
f 2215 2366 2160
f 2117 2157 2179
f 2233 2371 2228
f 2050 1884 2003
f 2262 2278 2268
f 2372 150 105
f 2 188 2282
f 2304 130 115
f 130 2304 129
f 129 2304 125
f 20 2303 193
f 24 25 135
f 103 76 143
f 2373 433 298
f 196 197 215
f 168 2375 216
f 195 241 299
f 258 2375 217
f 331 330 377
f 2377 401 285
f 98 2374 314
f 2376 2378 479
f 2379 348 402
f 272 379 158
f 2380 131 381
f 2376 343 283
f 419 2382 324
f 2381 451 456
f 479 2378 478
f 591 478 2378
f 406 489 458
f 2383 540 567
f 524 561 459
f 337 2378 2376
f 2378 337 592
f 2384 697 101
f 1136 1138 1139
f 635 680 2322
f 2386 1427 1489
f 2385 762 686
f 2387 695 830
f 2387 784 1005
f 788 2388 1099
f 932 2389 1006
f 906 333 60
f 855 69 68
f 941 870 831
f 995 2287 996
f 695 2387 1005
f 1030 1036 1034
f 787 2388 788
f 1038 942 1060
f 1038 1060 1039
f 1073 1075 1078
f 1073 1078 1077
f 1073 1077 1067
f 1102 2388 1049
f 1098 1136 1139
f 1121 1125 1124
f 849 1130 63
f 1098 1156 1134
f 2390 1106 1105
f 1126 1153 1155
f 614 1346 1486
f 1215 1285 2392
f 1337 2391 1335
f 1337 2392 2334
f 1264 1379 1305
f 1474 2393 1542
f 2335 841 1446
f 1462 1411 1409
f 2343 1502 1500
f 1402 2395 1360
f 1530 2394 1435
f 2395 1402 1526
f 1570 1568 1485
f 2395 1403 1360
f 1386 1616 1590
f 2400 1659 1606
f 1611 2345 1644
f 1386 1590 1650
f 1635 2396 1649
f 1646 1542 2396
f 2396 1542 2393
f 1651 2397 1643
f 1688 2398 1670
f 2399 1592 1657
f 1665 1660 2400
f 1671 1659 2399
f 2400 2399 1659
f 2401 1683 1672
f 2401 1670 2398
f 1670 2401 1593
f 1674 1673 2421
f 2398 1318 1739
f 1674 2421 1642
f 1623 1689 1642
f 1623 2352 1690
f 2402 1709 1694
f 1709 2402 1706
f 2403 1706 2402
f 1425 1734 1211
f 1930 1208 1928
f 1842 2404 2298
f 1789 1836 1803
f 189 2405 3
f 1845 2405 1804
f 2406 2410 1892
f 10 1919 11
f 1938 1939 2069
f 1938 2069 2015
f 1892 1943 2406
f 2410 2409 1892
f 2415 2063 1949
f 1903 1961 2407
f 1963 2407 1898
f 2411 1975 1821
f 2413 2266 2419
f 2409 2021 1952
f 2031 2032 1968
f 2039 1986 2416
f 2002 2050 1883
f 2414 1908 2149
f 1948 2415 2113
f 2415 1948 2063
f 2040 2416 2073
f 2138 2110 2098
f 2133 2417 2095
f 2161 2199 2197
f 2137 2138 2098
f 2122 2266 2414
f 2414 2093 2122
f 2418 2154 2072
f 2156 2418 2366
f 2156 2366 2157
f 2156 2175 2176
f 2410 2406 2192
f 1825 2192 2406
f 2049 2419 2211
f 2161 2197 2133
f 2420 2211 2224
f 2420 2001 2211
f 2212 2420 2224
f 2371 2233 2271
f 2272 2412 2270
f 2267 2268 2278
f 1292 1257 1287
f 2300 2404 1784
f 2298 2404 2299
f 2380 381 380
f 385 381 477
f 366 2382 421
f 2382 366 324
f 1052 1126 1155
f 1623 2421 2351
f 1 2405 2
f 1825 1945 1944
f 2038 1986 2039
f 2158 2418 2072

